                                   MODFLOW 6
                U.S. GEOLOGICAL SURVEY MODULAR HYDROLOGIC MODEL
                          GROUNDWATER FLOW MODEL (GWF)
                   VERSION 6.3.0 release candidate 02/06/2022
                               ***DEVELOP MODE***

   MODFLOW 6 compiled Feb 06 2022 02:35:51 with Intel(R) Fortran Intel(R) 64
   Compiler Classic for applications running on Intel(R) 64, Version 2021.5.0
                             Build 20211109_000000

This software is preliminary or provisional and is subject to 
revision. It is being provided to meet the need for timely best 
science. The software has not received final approval by the U.S. 
Geological Survey (USGS). No warranty, expressed or implied, is made 
by the USGS or the U.S. Government as to the functionality of the 
software and related material nor shall the fact of release 
constitute any such warranty. The software is provided on the 
condition that neither the USGS nor the U.S. Government shall be held 
liable for any damages resulting from the authorized or unauthorized 
use of the software.


As a work of the United States Government, this USGS product is 
in the public domain within the United States. You can copy, 
modify, distribute, and perform the work, even for commercial 
purposes, all without asking permission. Additionally, USGS 
waives copyright and related rights in the work worldwide 
through CC0 1.0 Universal Public Domain Dedication 
(https://creativecommons.org/publicdomain/zero/1.0/).

The following GNU Lesser General Public License (LGPL) libraries
are used in this USGS product:

    SPARSKIT version 2.0
      ilut, luson, and qsplit 
      (https://www-users.cse.umn.edu/~saad/software/SPARSKIT/)

    RCM - Reverse Cuthill McKee Ordering
      (https://people.math.sc.edu/Burkardt/f_src/rcm/rcm.html)

    BLAS - Basic Linear Algebra Subprograms Level 1
      (https://people.math.sc.edu/Burkardt/f_src/blas1_d/blas1_d.html)

    SPARSEKIT - Sparse Matrix Utility Package
      amux, dperm, dvperm, rperm, and cperm
      (https://people.sc.fsu.edu/~jburkardt/f77_src/sparsekit/sparsekit.html)

The following BSD-3 License libraries are used in this USGS product:

    Modern Fortran DAG Library
      Copyright (c) 2018, Jacob Williams
      All rights reserved.
      (https://github.com/jacobwilliams/daglib)

MODFLOW 6 compiler options: /O2 /heap-arrays:0 /fpe:0 /traceback /nologo /fpp
/c /module:.\mod_temp\ /object:.\obj_temp\

System command used to initiate simulation:
C:\Users\tfo46\e_Python\e_projects\pakipaki_01\models\local_run15\local_run15\mf6.exe

MODFLOW was compiled using uniform precision.

Real Variables
  KIND: 8
  TINY (smallest non-zero value):    2.225074-308
  HUGE (largest value):    1.797693+308
  PRECISION: 15
  BIT SIZE: 64

Integer Variables
  KIND: 4
  HUGE (largest value): 2147483647
  BIT SIZE: 32

Long Integer Variables
  KIND: 8
  HUGE (largest value): 9223372036854775807
  BIT SIZE: 64

Logical Variables
  KIND: 4
  BIT SIZE: 32
 

 OPENED local_run15.dis
 FILE TYPE:DIS6                   UNIT 1005   STATUS:OLD                 
 FORMAT:FORMATTED              ACCESS:SEQUENTIAL          
 ACTION:READ                


 OPENED local_run15.sto
 FILE TYPE:STO6                   UNIT 1006   STATUS:OLD                 
 FORMAT:FORMATTED              ACCESS:SEQUENTIAL          
 ACTION:READ                


 OPENED local_run15.npf
 FILE TYPE:NPF6                   UNIT 1007   STATUS:OLD                 
 FORMAT:FORMATTED              ACCESS:SEQUENTIAL          
 ACTION:READ                


 OPENED local_run15.ic
 FILE TYPE:IC6                    UNIT 1008   STATUS:OLD                 
 FORMAT:FORMATTED              ACCESS:SEQUENTIAL          
 ACTION:READ                


 OPENED local_run15.rcha
 FILE TYPE:RCH6                   UNIT 1009   STATUS:OLD                 
 FORMAT:FORMATTED              ACCESS:SEQUENTIAL          
 ACTION:READ                


 OPENED local_run15.ghb
 FILE TYPE:GHB6                   UNIT 1010   STATUS:OLD                 
 FORMAT:FORMATTED              ACCESS:SEQUENTIAL          
 ACTION:READ                


 OPENED local_run15_0.ghb
 FILE TYPE:GHB6                   UNIT 1011   STATUS:OLD                 
 FORMAT:FORMATTED              ACCESS:SEQUENTIAL          
 ACTION:READ                


 OPENED local_run15_1.ghb
 FILE TYPE:GHB6                   UNIT 1012   STATUS:OLD                 
 FORMAT:FORMATTED              ACCESS:SEQUENTIAL          
 ACTION:READ                


 OPENED local_run15_2.ghb
 FILE TYPE:GHB6                   UNIT 1013   STATUS:OLD                 
 FORMAT:FORMATTED              ACCESS:SEQUENTIAL          
 ACTION:READ                


 OPENED local_run15.oc
 FILE TYPE:OC6                    UNIT 1014   STATUS:OLD                 
 FORMAT:FORMATTED              ACCESS:SEQUENTIAL          
 ACTION:READ                

 NAMEFILE OPTIONS:
    FLOWS WILL BE SAVED TO BUDGET FILE SPECIFIED IN OUTPUT CONTROL

 DIS -- STRUCTURED GRID DISCRETIZATION PACKAGE, VERSION 2 : 3/27/2014 - INPUT READ FROM UNIT 1005


 # File generated by Flopy version 3.9.3 on 11/02/2025 at 08:23:03.
 PROCESSING DISCRETIZATION OPTIONS
    MODEL LENGTH UNIT IS METERS
    XORIGIN SPECIFIED AS     1924350.00000000    
    YORIGIN SPECIFIED AS     5598800.00000000    
 END OF DISCRETIZATION OPTIONS
 PROCESSING DISCRETIZATION DIMENSIONS
    NLAY =       1
    NROW =      47
    NCOL =      57
 END OF DISCRETIZATION DIMENSIONS
 PROCESSING GRIDDATA

 OPENED local_run15.dis_top.txt
 FILE TYPE:OPEN/CLOSE   UNIT 1016   STATUS:OLD                 
 FORMAT:FORMATTED              ACCESS:SEQUENTIAL          
 ACTION:READ                


 TOP ELEVATION OF LAYER 1

               1          2          3          4          5          6          7          8          9         10         11
              12         13         14         15         16         17         18         19         20         21         22
              23         24         25         26         27         28         29         30         31         32         33
              34         35         36         37         38         39         40         41         42         43         44
              45         46         47         48         49         50         51         52         53         54         55
              56         57
 .............................................................................................................................
   1    10.0       10.0       10.0       10.0       10.0       10.0       10.0       10.0       10.0       10.0       10.0    
        10.0       10.0       10.0       10.0       10.0       10.0       10.0       10.0       10.0       10.0       10.0    
        10.0       10.0       10.0       10.0       10.0       10.0       10.0       10.0       10.0       10.0       10.0    
        10.0       10.0       10.0       10.0       10.0       10.0       10.0       10.0       10.0       10.0       10.0    
        10.0       10.0       10.0       10.0       10.0       10.0       10.0       10.0       10.0       10.0       10.0    
        10.0       10.0    
   2    10.0       10.0       10.0       10.0       10.0       10.0       10.0       10.0       10.0       10.0       10.0    
        10.0       10.0       10.0       10.0       10.0       10.0       10.0       10.0       10.0       10.0       10.0    
        10.0       10.0       10.0       10.0       10.0       10.0       10.0       10.0       10.0       10.0       10.0    
        10.0       10.0       10.0       10.0       10.0       10.0       10.0       10.0       10.0       10.0       10.0    
        10.0       10.0       10.0       10.0       10.0       10.0       10.0       10.0       10.0       10.0       10.0    
        10.0       10.0    
   3    10.0       10.0       10.0       10.0       10.0       10.0       10.0       10.0       10.0       10.0       10.0    
        10.0       10.0       10.0       10.0       10.0       10.0       10.0       10.0       10.0       10.0       10.0    
        10.0       10.0       10.0       10.0       10.0       10.0       10.0       10.0       10.0       10.0       10.0    
        10.0       10.0       10.0       10.0       10.0       10.0       10.0       10.0       10.0       10.0       10.0    
        10.0       10.0       10.0       10.0       10.0       10.0       10.0       10.0       10.0       10.0       10.0    
        10.0       10.0    
   4    10.0       10.0       10.0       10.0       10.0       10.0       10.0       10.0       10.0       10.0       10.0    
        10.0       10.0       10.0       10.0       10.0       10.0       10.0       10.0       10.0       10.0       10.0    
        10.0       10.0       10.0       10.0       10.0       10.0       10.0       10.0       10.0       10.0       10.0    
        10.0       10.0       10.0       10.0       10.0       10.0       10.0       10.0       10.0       10.0       10.0    
        10.0       10.0       10.0       10.0       10.0       10.0       10.0       10.0       10.0       10.0       10.0    
        10.0       10.0    
   5    10.0       10.0       10.0       10.0       10.0       10.0       10.0       10.0       10.0       10.0       10.0    
        10.0       10.0       10.0       10.0       10.0       10.0       10.0       10.0       10.0       10.0       10.0    
        10.0       10.0       10.0       10.0       10.0       10.0       10.0       10.0       10.0       10.0       10.0    
        10.0       10.0       10.0       10.0       10.0       10.0       10.0       10.0       10.0       10.0       10.0    
        10.0       10.0       10.0       10.0       10.0       10.0       10.0       10.0       10.0       10.0       10.0    
        10.0       10.0    
   6    10.0       10.0       10.0       10.0       10.0       10.0       10.0       10.0       10.0       10.0       10.0    
        10.0       10.0       10.0       10.0       10.0       10.0       10.0       10.0       10.0       10.0       10.0    
        10.0       10.0       10.0       10.0       10.0       10.0       10.0       10.0       10.0       10.0       10.0    
        10.0       10.0       10.0       10.0       10.0       10.0       10.0       10.0       10.0       10.0       10.0    
        10.0       10.0       10.0       10.0       10.0       10.0       10.0       10.0       10.0       10.0       10.0    
        10.0       10.0    
   7    10.0       10.0       10.0       10.0       10.0       10.0       10.0       10.0       10.0       10.0       10.0    
        10.0       10.0       10.0       10.0       10.0       10.0       10.0       10.0       10.0       10.0       10.0    
        10.0       10.0       10.0       10.0       10.0       10.0       10.0       10.0       10.0       10.0       10.0    
        10.0       10.0       10.0       10.0       10.0       10.0       10.0       10.0       10.0       10.0       10.0    
        10.0       10.0       10.0       10.0       10.0       10.0       10.0       10.0       10.0       10.0       10.0    
        10.0       10.0    
   8    10.0       10.0       10.0       10.0       10.0       10.0       10.0       10.0       10.0       10.0       10.0    
        10.0       10.0       10.0       10.0       10.0       10.0       10.0       10.0       10.0       10.0       10.0    
        10.0       10.0       10.0       10.0       10.0       10.0       10.0       10.0       10.0       10.0       10.0    
        10.0       10.0       10.0       10.0       10.0       10.0       10.0       10.0       10.0       10.0       10.0    
        10.0       10.0       10.0       10.0       10.0       10.0       10.0       10.0       10.0       10.0       10.0    
        10.0       10.0    
   9    10.0       10.0       10.0       10.0       10.0       10.0       10.0       10.0       10.0       10.0       10.0    
        10.0       10.0       10.0       10.0       10.0       10.0       10.0       10.0       10.0       10.0       10.0    
        10.0       10.0       10.0       10.0       10.0       10.0       10.0       10.0       10.0       10.0       10.0    
        10.0       10.0       10.0       10.0       10.0       10.0       10.0       10.0       10.0       10.0       10.0    
        10.0       10.0       10.0       10.0       10.0       10.0       10.0       10.0       10.0       10.0       10.0    
        10.0       10.0    
  10    10.0       10.0       10.0       10.0       10.0       10.0       10.0       10.0       10.0       10.0       10.0    
        10.0       10.0       10.0       10.0       10.0       10.0       10.0       10.0       10.0       10.0       10.0    
        10.0       10.0       10.0       10.0       10.0       10.0       10.0       10.0       10.0       10.0       10.0    
        10.0       10.0       10.0       10.0       10.0       10.0       10.0       10.0       10.0       10.0       10.0    
        10.0       10.0       10.0       10.0       10.0       10.0       10.0       10.0       10.0       10.0       10.0    
        10.0       10.0    
  11    10.0       10.0       10.0       10.0       10.0       10.0       10.0       10.0       10.0       10.0       10.0    
        10.0       10.0       10.0       10.0       10.0       10.0       10.0       10.0       10.0       10.0       10.0    
        10.0       10.0       10.0       10.0       10.0       10.0       10.0       10.0       10.0       10.0       10.0    
        10.0       10.0       10.0       10.0       10.0       10.0       10.0       10.0       10.0       10.0       10.0    
        10.0       10.0       10.0       10.0       10.0       10.0       10.0       10.0       10.0       10.0       10.0    
        10.0       10.0    
  12    10.0       10.0       10.0       10.0       10.0       10.0       10.0       10.0       10.0       10.0       10.0    
        10.0       10.0       10.0       10.0       10.0       10.0       10.0       10.0       10.0       10.0       10.0    
        10.0       10.0       10.0       10.0       10.0       10.0       10.0       10.0       10.0       10.0       10.0    
        10.0       10.0       10.0       10.0       10.0       10.0       10.0       10.0       10.0       10.0       10.0    
        10.0       10.0       10.0       10.0       10.0       10.0       10.0       10.0       10.0       10.0       10.0    
        10.0       10.0    
  13    10.0       10.0       10.0       10.0       10.0       10.0       10.0       10.0       10.0       10.0       10.0    
        10.0       10.0       10.0       10.0       10.0       10.0       10.0       10.0       10.0       10.0       10.0    
        10.0       10.0       10.0       10.0       10.0       10.0       10.0       10.0       10.0       10.0       10.0    
        10.0       10.0       10.0       10.0       10.0       10.0       10.0       10.0       10.0       10.0       10.0    
        10.0       10.0       10.0       10.0       10.0       10.0       10.0       10.0       10.0       10.0       10.0    
        10.0       10.0    
  14    10.0       10.0       10.0       10.0       10.0       10.0       10.0       10.0       10.0       10.0       10.0    
        10.0       10.0       10.0       10.0       10.0       10.0       10.0       10.0       10.0       10.0       10.0    
        10.0       10.0       10.0       10.0       10.0       10.0       10.0       10.0       10.0       10.0       10.0    
        10.0       10.0       10.0       10.0       10.0       10.0       10.0       10.0       10.0       10.0       10.0    
        10.0       10.0       10.0       10.0       10.0       10.0       10.0       10.0       10.0       10.0       10.0    
        10.0       10.0    
  15    10.0       10.0       10.0       10.0       10.0       10.0       10.0       10.0       10.0       10.0       10.0    
        10.0       10.0       10.0       10.0       10.0       10.0       10.0       10.0       10.0       10.0       10.0    
        10.0       10.0       10.0       10.0       10.0       10.0       10.0       10.0       10.0       10.0       10.0    
        10.0       10.0       10.0       10.0       10.0       10.0       10.0       10.0       10.0       10.0       10.0    
        10.0       10.0       10.0       10.0       10.0       10.0       10.0       10.0       10.0       10.0       10.0    
        10.0       10.0    
  16    10.0       10.0       10.0       10.0       10.0       10.0       10.0       10.0       10.0       10.0       10.0    
        10.0       10.0       10.0       10.0       10.0       10.0       10.0       10.0       10.0       10.0       10.0    
        10.0       10.0       10.0       10.0       10.0       10.0       10.0       10.0       10.0       10.0       10.0    
        10.0       10.0       10.0       10.0       10.0       10.0       10.0       10.0       10.0       10.0       10.0    
        10.0       10.0       10.0       10.0       10.0       10.0       10.0       10.0       10.0       10.0       10.0    
        10.0       10.0    
  17    10.0       10.0       10.0       10.0       10.0       10.0       10.0       10.0       10.0       10.0       10.0    
        10.0       10.0       10.0       10.0       10.0       10.0       10.0       10.0       10.0       10.0       10.0    
        10.0       10.0       10.0       10.0       10.0       10.0       10.0       10.0       10.0       10.0       10.0    
        10.0       10.0       10.0       10.0       10.0       10.0       10.0       10.0       10.0       10.0       10.0    
        10.0       10.0       10.0       10.0       10.0       10.0       10.0       10.0       10.0       10.0       10.0    
        10.0       10.0    
  18    10.0       10.0       10.0       10.0       10.0       10.0       10.0       10.0       10.0       10.0       10.0    
        10.0       10.0       10.0       10.0       10.0       10.0       10.0       10.0       10.0       10.0       10.0    
        10.0       10.0       10.0       10.0       10.0       10.0       10.0       10.0       10.0       10.0       10.0    
        10.0       10.0       10.0       10.0       10.0       10.0       10.0       10.0       10.0       10.0       10.0    
        10.0       10.0       10.0       10.0       10.0       10.0       10.0       10.0       10.0       10.0       10.0    
        10.0       10.0    
  19    10.0       10.0       10.0       10.0       10.0       10.0       10.0       10.0       10.0       10.0       10.0    
        10.0       10.0       10.0       10.0       10.0       10.0       10.0       10.0       10.0       10.0       10.0    
        10.0       10.0       10.0       10.0       10.0       10.0       10.0       10.0       10.0       10.0       10.0    
        10.0       10.0       10.0       10.0       10.0       10.0       10.0       10.0       10.0       10.0       10.0    
        10.0       10.0       10.0       10.0       10.0       10.0       10.0       10.0       10.0       10.0       10.0    
        10.0       10.0    
  20    10.0       10.0       10.0       10.0       10.0       10.0       10.0       10.0       10.0       10.0       10.0    
        10.0       10.0       10.0       10.0       10.0       10.0       10.0       10.0       10.0       10.0       10.0    
        10.0       10.0       10.0       10.0       10.0       10.0       10.0       10.0       10.0       10.0       10.0    
        10.0       10.0       10.0       10.0       10.0       10.0       10.0       10.0       10.0       10.0       10.0    
        10.0       10.0       10.0       10.0       10.0       10.0       10.0       10.0       10.0       10.0       10.0    
        10.0       10.0    
  21    10.0       10.0       10.0       10.0       10.0       10.0       10.0       10.0       10.0       10.0       10.0    
        10.0       10.0       10.0       10.0       10.0       10.0       10.0       10.0       10.0       10.0       10.0    
        10.0       10.0       10.0       10.0       10.0       10.0       10.0       10.0       10.0       10.0       10.0    
        10.0       10.0       10.0       10.0       10.0       10.0       10.0       10.0       10.0       10.0       10.0    
        10.0       10.0       10.0       10.0       10.0       10.0       10.0       10.0       10.0       10.0       10.0    
        10.0       10.0    
  22    10.0       10.0       10.0       10.0       10.0       10.0       10.0       10.0       10.0       10.0       10.0    
        10.0       10.0       10.0       10.0       10.0       10.0       10.0       10.0       10.0       10.0       10.0    
        10.0       10.0       10.0       10.0       10.0       10.0       10.0       10.0       10.0       10.0       10.0    
        10.0       10.0       10.0       10.0       10.0       10.0       10.0       10.0       10.0       10.0       10.0    
        10.0       10.0       10.0       10.0       10.0       10.0       10.0       10.0       10.0       10.0       10.0    
        10.0       10.0    
  23    10.0       10.0       10.0       10.0       10.0       10.0       10.0       10.0       10.0       10.0       10.0    
        10.0       10.0       10.0       10.0       10.0       10.0       10.0       10.0       10.0       10.0       10.0    
        10.0       10.0       10.0       10.0       10.0       10.0       10.0       10.0       10.0       10.0       10.0    
        10.0       10.0       10.0       10.0       10.0       10.0       10.0       10.0       10.0       10.0       10.0    
        10.0       10.0       10.0       10.0       10.0       10.0       10.0       10.0       10.0       10.0       10.0    
        10.0       10.0    
  24    10.0       10.0       10.0       10.0       10.0       10.0       10.0       10.0       10.0       10.0       10.0    
        10.0       10.0       10.0       10.0       10.0       10.0       10.0       10.0       10.0       10.0       10.0    
        10.0       10.0       10.0       10.0       10.0       10.0       10.0       10.0       10.0       10.0       10.0    
        10.0       10.0       10.0       10.0       10.0       10.0       10.0       10.0       10.0       10.0       10.0    
        10.0       10.0       10.0       10.0       10.0       10.0       10.0       10.0       10.0       10.0       10.0    
        10.0       10.0    
  25    10.0       10.0       10.0       10.0       10.0       10.0       10.0       10.0       10.0       10.0       10.0    
        10.0       10.0       10.0       10.0       10.0       10.0       10.0       10.0       10.0       10.0       10.0    
        10.0       10.0       10.0       10.0       10.0       10.0       10.0       10.0       10.0       10.0       10.0    
        10.0       10.0       10.0       10.0       10.0       10.0       10.0       10.0       10.0       10.0       10.0    
        10.0       10.0       10.0       10.0       10.0       10.0       10.0       10.0       10.0       10.0       10.0    
        10.0       10.0    
  26    10.0       10.0       10.0       10.0       10.0       10.0       10.0       10.0       10.0       10.0       10.0    
        10.0       10.0       10.0       10.0       10.0       10.0       10.0       10.0       10.0       10.0       10.0    
        10.0       10.0       10.0       10.0       10.0       10.0       10.0       10.0       10.0       10.0       10.0    
        10.0       10.0       10.0       10.0       10.0       10.0       10.0       10.0       10.0       10.0       10.0    
        10.0       10.0       10.0       10.0       10.0       10.0       10.0       10.0       10.0       10.0       10.0    
        10.0       10.0    
  27    10.0       10.0       10.0       10.0       10.0       10.0       10.0       10.0       10.0       10.0       10.0    
        10.0       10.0       10.0       10.0       10.0       10.0       10.0       10.0       10.0       10.0       10.0    
        10.0       10.0       10.0       10.0       10.0       10.0       10.0       10.0       10.0       10.0       10.0    
        10.0       10.0       10.0       10.0       10.0       10.0       10.0       10.0       10.0       10.0       10.0    
        10.0       10.0       10.0       10.0       10.0       10.0       10.0       10.0       10.0       10.0       10.0    
        10.0       10.0    
  28    10.0       10.0       10.0       10.0       10.0       10.0       10.0       10.0       10.0       10.0       10.0    
        10.0       10.0       10.0       10.0       10.0       10.0       10.0       10.0       10.0       10.0       10.0    
        10.0       10.0       10.0       10.0       10.0       10.0       10.0       10.0       10.0       10.0       10.0    
        10.0       10.0       10.0       10.0       10.0       10.0       10.0       10.0       10.0       10.0       10.0    
        10.0       10.0       10.0       10.0       10.0       10.0       10.0       10.0       10.0       10.0       10.0    
        10.0       10.0    
  29    10.0       10.0       10.0       10.0       10.0       10.0       10.0       10.0       10.0       10.0       10.0    
        10.0       10.0       10.0       10.0       10.0       10.0       10.0       10.0       10.0       10.0       10.0    
        10.0       10.0       10.0       10.0       10.0       10.0       10.0       10.0       10.0       10.0       10.0    
        10.0       10.0       10.0       10.0       10.0       10.0       10.0       10.0       10.0       10.0       10.0    
        10.0       10.0       10.0       10.0       10.0       10.0       10.0       10.0       10.0       10.0       10.0    
        10.0       10.0    
  30    10.0       10.0       10.0       10.0       10.0       10.0       10.0       10.0       10.0       10.0       10.0    
        10.0       10.0       10.0       10.0       10.0       10.0       10.0       10.0       10.0       10.0       10.0    
        10.0       10.0       10.0       10.0       10.0       10.0       10.0       10.0       10.0       10.0       10.0    
        10.0       10.0       10.0       10.0       10.0       10.0       10.0       10.0       10.0       10.0       10.0    
        10.0       10.0       10.0       10.0       10.0       10.0       10.0       10.0       10.0       10.0       10.0    
        10.0       10.0    
  31    10.0       10.0       10.0       10.0       10.0       10.0       10.0       10.0       10.0       10.0       10.0    
        10.0       10.0       10.0       10.0       10.0       10.0       10.0       10.0       10.0       10.0       10.0    
        10.0       10.0       10.0       10.0       10.0       10.0       10.0       10.0       10.0       10.0       10.0    
        10.0       10.0       10.0       10.0       10.0       10.0       10.0       10.0       10.0       10.0       10.0    
        10.0       10.0       10.0       10.0       10.0       10.0       10.0       10.0       10.0       10.0       10.0    
        10.0       10.0    
  32    10.0       10.0       10.0       10.0       10.0       10.0       10.0       10.0       10.0       10.0       10.0    
        10.0       10.0       10.0       10.0       10.0       10.0       10.0       10.0       10.0       10.0       10.0    
        10.0       10.0       10.0       10.0       10.0       10.0       10.0       10.0       10.0       10.0       10.0    
        10.0       10.0       10.0       10.0       10.0       10.0       10.0       10.0       10.0       10.0       10.0    
        10.0       10.0       10.0       10.0       10.0       10.0       10.0       10.0       10.0       10.0       10.0    
        10.0       10.0    
  33    10.0       10.0       10.0       10.0       10.0       10.0       10.0       10.0       10.0       10.0       10.0    
        10.0       10.0       10.0       10.0       10.0       10.0       10.0       10.0       10.0       10.0       10.0    
        10.0       10.0       10.0       10.0       10.0       10.0       10.0       10.0       10.0       10.0       10.0    
        10.0       10.0       10.0       10.0       10.0       10.0       10.0       10.0       10.0       10.0       10.0    
        10.0       10.0       10.0       10.0       10.0       10.0       10.0       10.0       10.0       10.0       10.0    
        10.0       10.0    
  34    10.0       10.0       10.0       10.0       10.0       10.0       10.0       10.0       10.0       10.0       10.0    
        10.0       10.0       10.0       10.0       10.0       10.0       10.0       10.0       10.0       10.0       10.0    
        10.0       10.0       10.0       10.0       10.0       10.0       10.0       10.0       10.0       10.0       10.0    
        10.0       10.0       10.0       10.0       10.0       10.0       10.0       10.0       10.0       10.0       10.0    
        10.0       10.0       10.0       10.0       10.0       10.0       10.0       10.0       10.0       10.0       10.0    
        10.0       10.0    
  35    10.0       10.0       10.0       10.0       10.0       10.0       10.0       10.0       10.0       10.0       10.0    
        10.0       10.0       10.0       10.0       10.0       10.0       10.0       10.0       10.0       10.0       10.0    
        10.0       10.0       10.0       10.0       10.0       10.0       10.0       10.0       10.0       10.0       10.0    
        10.0       10.0       10.0       10.0       10.0       10.0       10.0       10.0       10.0       10.0       10.0    
        10.0       10.0       10.0       10.0       10.0       10.0       10.0       10.0       10.0       10.0       10.0    
        10.0       10.0    
  36    10.0       10.0       10.0       10.0       10.0       10.0       10.0       10.0       10.0       10.0       10.0    
        10.0       10.0       10.0       10.0       10.0       10.0       10.0       10.0       10.0       10.0       10.0    
        10.0       10.0       10.0       10.0       10.0       10.0       10.0       10.0       10.0       10.0       10.0    
        10.0       10.0       10.0       10.0       10.0       10.0       10.0       10.0       10.0       10.0       10.0    
        10.0       10.0       10.0       10.0       10.0       10.0       10.0       10.0       10.0       10.0       10.0    
        10.0       10.0    
  37    10.0       10.0       10.0       10.0       10.0       10.0       10.0       10.0       10.0       10.0       10.0    
        10.0       10.0       10.0       10.0       10.0       10.0       10.0       10.0       10.0       10.0       10.0    
        10.0       10.0       10.0       10.0       10.0       10.0       10.0       10.0       10.0       10.0       10.0    
        10.0       10.0       10.0       10.0       10.0       10.0       10.0       10.0       10.0       10.0       10.0    
        10.0       10.0       10.0       10.0       10.0       10.0       10.0       10.0       10.0       10.0       10.0    
        10.0       10.0    
  38    10.0       10.0       10.0       10.0       10.0       10.0       10.0       10.0       10.0       10.0       10.0    
        10.0       10.0       10.0       10.0       10.0       10.0       10.0       10.0       10.0       10.0       10.0    
        10.0       10.0       10.0       10.0       10.0       10.0       10.0       10.0       10.0       10.0       10.0    
        10.0       10.0       10.0       10.0       10.0       10.0       10.0       10.0       10.0       10.0       10.0    
        10.0       10.0       10.0       10.0       10.0       10.0       10.0       10.0       10.0       10.0       10.0    
        10.0       10.0    
  39    10.0       10.0       10.0       10.0       10.0       10.0       10.0       10.0       10.0       10.0       10.0    
        10.0       10.0       10.0       10.0       10.0       10.0       10.0       10.0       10.0       10.0       10.0    
        10.0       10.0       10.0       10.0       10.0       10.0       10.0       10.0       10.0       10.0       10.0    
        10.0       10.0       10.0       10.0       10.0       10.0       10.0       10.0       10.0       10.0       10.0    
        10.0       10.0       10.0       10.0       10.0       10.0       10.0       10.0       10.0       10.0       10.0    
        10.0       10.0    
  40    10.0       10.0       10.0       10.0       10.0       10.0       10.0       10.0       10.0       10.0       10.0    
        10.0       10.0       10.0       10.0       10.0       10.0       10.0       10.0       10.0       10.0       10.0    
        10.0       10.0       10.0       10.0       10.0       10.0       10.0       10.0       10.0       10.0       10.0    
        10.0       10.0       10.0       10.0       10.0       10.0       10.0       10.0       10.0       10.0       10.0    
        10.0       10.0       10.0       10.0       10.0       10.0       10.0       10.0       10.0       10.0       10.0    
        10.0       10.0    
  41    10.0       10.0       10.0       10.0       10.0       10.0       10.0       10.0       10.0       10.0       10.0    
        10.0       10.0       10.0       10.0       10.0       10.0       10.0       10.0       10.0       10.0       10.0    
        10.0       10.0       10.0       10.0       10.0       10.0       10.0       10.0       10.0       10.0       10.0    
        10.0       10.0       10.0       10.0       10.0       10.0       10.0       10.0       10.0       10.0       10.0    
        10.0       10.0       10.0       10.0       10.0       10.0       10.0       10.0       10.0       10.0       10.0    
        10.0       10.0    
  42    10.0       10.0       10.0       10.0       10.0       10.0       10.0       10.0       10.0       10.0       10.0    
        10.0       10.0       10.0       10.0       10.0       10.0       10.0       10.0       10.0       10.0       10.0    
        10.0       10.0       10.0       10.0       10.0       10.0       10.0       10.0       10.0       10.0       10.0    
        10.0       10.0       10.0       10.0       10.0       10.0       10.0       10.0       10.0       10.0       10.0    
        10.0       10.0       10.0       10.0       10.0       10.0       10.0       10.0       10.0       10.0       10.0    
        10.0       10.0    
  43    10.0       10.0       10.0       10.0       10.0       10.0       10.0       10.0       10.0       10.0       10.0    
        10.0       10.0       10.0       10.0       10.0       10.0       10.0       10.0       10.0       10.0       10.0    
        10.0       10.0       10.0       10.0       10.0       10.0       10.0       10.0       10.0       10.0       10.0    
        10.0       10.0       10.0       10.0       10.0       10.0       10.0       10.0       10.0       10.0       10.0    
        10.0       10.0       10.0       10.0       10.0       10.0       10.0       10.0       10.0       10.0       10.0    
        10.0       10.0    
  44    10.0       10.0       10.0       10.0       10.0       10.0       10.0       10.0       10.0       10.0       10.0    
        10.0       10.0       10.0       10.0       10.0       10.0       10.0       10.0       10.0       10.0       10.0    
        10.0       10.0       10.0       10.0       10.0       10.0       10.0       10.0       10.0       10.0       10.0    
        10.0       10.0       10.0       10.0       10.0       10.0       10.0       10.0       10.0       10.0       10.0    
        10.0       10.0       10.0       10.0       10.0       10.0       10.0       10.0       10.0       10.0       10.0    
        10.0       10.0    
  45    10.0       10.0       10.0       10.0       10.0       10.0       10.0       10.0       10.0       10.0       10.0    
        10.0       10.0       10.0       10.0       10.0       10.0       10.0       10.0       10.0       10.0       10.0    
        10.0       10.0       10.0       10.0       10.0       10.0       10.0       10.0       10.0       10.0       10.0    
        10.0       10.0       10.0       10.0       10.0       10.0       10.0       10.0       10.0       10.0       10.0    
        10.0       10.0       10.0       10.0       10.0       10.0       10.0       10.0       10.0       10.0       10.0    
        10.0       10.0    
  46    10.0       10.0       10.0       10.0       10.0       10.0       10.0       10.0       10.0       10.0       10.0    
        10.0       10.0       10.0       10.0       10.0       10.0       10.0       10.0       10.0       10.0       10.0    
        10.0       10.0       10.0       10.0       10.0       10.0       10.0       10.0       10.0       10.0       10.0    
        10.0       10.0       10.0       10.0       10.0       10.0       10.0       10.0       10.0       10.0       10.0    
        10.0       10.0       10.0       10.0       10.0       10.0       10.0       10.0       10.0       10.0       10.0    
        10.0       10.0    
  47    10.0       10.0       10.0       10.0       10.0       10.0       10.0       10.0       10.0       10.0       10.0    
        10.0       10.0       10.0       10.0       10.0       10.0       10.0       10.0       10.0       10.0       10.0    
        10.0       10.0       10.0       10.0       10.0       10.0       10.0       10.0       10.0       10.0       10.0    
        10.0       10.0       10.0       10.0       10.0       10.0       10.0       10.0       10.0       10.0       10.0    
        10.0       10.0       10.0       10.0       10.0       10.0       10.0       10.0       10.0       10.0       10.0    
        10.0       10.0    

 OPENED local_run15.dis_botm_layer1.txt
 FILE TYPE:OPEN/CLOSE   UNIT 1017   STATUS:OLD                 
 FORMAT:FORMATTED              ACCESS:SEQUENTIAL          
 ACTION:READ                


   MODEL LAYER BOTTOM EL.

               1          2          3          4          5          6          7          8          9         10         11
              12         13         14         15         16         17         18         19         20         21         22
              23         24         25         26         27         28         29         30         31         32         33
              34         35         36         37         38         39         40         41         42         43         44
              45         46         47         48         49         50         51         52         53         54         55
              56         57         58         59         60         61         62         63         64         65         66
              67         68         69         70         71         72         73         74         75         76         77
              78         79         80         81         82         83         84         85         86         87         88
              89         90         91         92         93         94         95         96         97         98         99
             100        101        102        103        104        105        106        107        108        109        110
             111        112        113        114        115        116        117        118        119        120        121
             122        123        124        125        126        127        128        129        130        131        132
             133        134        135        136        137        138        139        140        141        142        143
             144        145        146        147        148        149        150        151        152        153        154
             155        156        157        158        159        160        161        162        163        164        165
             166        167        168        169        170        171        172        173        174        175        176
             177        178        179        180        181        182        183        184        185        186        187
             188        189        190        191        192        193        194        195        196        197        198
             199        200        201        202        203        204        205        206        207        208        209
             210        211        212        213        214        215        216        217        218        219        220
             221        222        223        224        225        226        227        228        229        230        231
             232        233        234        235        236        237        238        239        240        241        242
             243        244        245        246        247        248        249        250        251        252        253
             254        255        256        257        258        259        260        261        262        263        264
             265        266        267        268        269        270        271        272        273        274        275
             276        277        278        279        280        281        282        283        284        285        286
             287        288        289        290        291        292        293        294        295        296        297
             298        299        300        301        302        303        304        305        306        307        308
             309        310        311        312        313        314        315        316        317        318        319
             320        321        322        323        324        325        326        327        328        329        330
             331        332        333        334        335        336        337        338        339        340        341
             342        343        344        345        346        347        348        349        350        351        352
             353        354        355        356        357        358        359        360        361        362        363
             364        365        366        367        368        369        370        371        372        373        374
             375        376        377        378        379        380        381        382        383        384        385
             386        387        388        389        390        391        392        393        394        395        396
             397        398        399        400        401        402        403        404        405        406        407
             408        409        410        411        412        413        414        415        416        417        418
             419        420        421        422        423        424        425        426        427        428        429
             430        431        432        433        434        435        436        437        438        439        440
             441        442        443        444        445        446        447        448        449        450        451
             452        453        454        455        456        457        458        459        460        461        462
             463        464        465        466        467        468        469        470        471        472        473
             474        475        476        477        478        479        480        481        482        483        484
             485        486        487        488        489        490        491        492        493        494        495
             496        497        498        499        500        501        502        503        504        505        506
             507        508        509        510        511        512        513        514        515        516        517
             518        519        520        521        522        523        524        525        526        527        528
             529        530        531        532        533        534        535        536        537        538        539
             540        541        542        543        544        545        546        547        548        549        550
             551        552        553        554        555        556        557        558        559        560        561
             562        563        564        565        566        567        568        569        570        571        572
             573        574        575        576        577        578        579        580        581        582        583
             584        585        586        587        588        589        590        591        592        593        594
             595        596        597        598        599        600        601        602        603        604        605
             606        607        608        609        610        611        612        613        614        615        616
             617        618        619        620        621        622        623        624        625        626        627
             628        629        630        631        632        633        634        635        636        637        638
             639        640        641        642        643        644        645        646        647        648        649
             650        651        652        653        654        655        656        657        658        659        660
             661        662        663        664        665        666        667        668        669        670        671
             672        673        674        675        676        677        678        679        680        681        682
             683        684        685        686        687        688        689        690        691        692        693
             694        695        696        697        698        699        700        701        702        703        704
             705        706        707        708        709        710        711        712        713        714        715
             716        717        718        719        720        721        722        723        724        725        726
             727        728        729        730        731        732        733        734        735        736        737
             738        739        740        741        742        743        744        745        746        747        748
             749        750        751        752        753        754        755        756        757        758        759
             760        761        762        763        764        765        766        767        768        769        770
             771        772        773        774        775        776        777        778        779        780        781
             782        783        784        785        786        787        788        789        790        791        792
             793        794        795        796        797        798        799        800        801        802        803
             804        805        806        807        808        809        810        811        812        813        814
             815        816        817        818        819        820        821        822        823        824        825
             826        827        828        829        830        831        832        833        834        835        836
             837        838        839        840        841        842        843        844        845        846        847
             848        849        850        851        852        853        854        855        856        857        858
             859        860        861        862        863        864        865        866        867        868        869
             870        871        872        873        874        875        876        877        878        879        880
             881        882        883        884        885        886        887        888        889        890        891
             892        893        894        895        896        897        898        899        900        901        902
             903        904        905        906        907        908        909        910        911        912        913
             914        915        916        917        918        919        920        921        922        923        924
             925        926        927        928        929        930        931        932        933        934        935
             936        937        938        939        940        941        942        943        944        945        946
             947        948        949        950        951        952        953        954        955        956        957
             958        959        960        961        962        963        964        965        966        967        968
             969        970        971        972        973        974        975        976        977        978        979
             980        981        982        983        984        985        986        987        988        989        990
             991        992        993        994        995        996        997        998        999       1000       1001
            1002       1003       1004       1005       1006       1007       1008       1009       1010       1011       1012
            1013       1014       1015       1016       1017       1018       1019       1020       1021       1022       1023
            1024       1025       1026       1027       1028       1029       1030       1031       1032       1033       1034
            1035       1036       1037       1038       1039       1040       1041       1042       1043       1044       1045
            1046       1047       1048       1049       1050       1051       1052       1053       1054       1055       1056
            1057       1058       1059       1060       1061       1062       1063       1064       1065       1066       1067
            1068       1069       1070       1071       1072       1073       1074       1075       1076       1077       1078
            1079       1080       1081       1082       1083       1084       1085       1086       1087       1088       1089
            1090       1091       1092       1093       1094       1095       1096       1097       1098       1099       1100
            1101       1102       1103       1104       1105       1106       1107       1108       1109       1110       1111
            1112       1113       1114       1115       1116       1117       1118       1119       1120       1121       1122
            1123       1124       1125       1126       1127       1128       1129       1130       1131       1132       1133
            1134       1135       1136       1137       1138       1139       1140       1141       1142       1143       1144
            1145       1146       1147       1148       1149       1150       1151       1152       1153       1154       1155
            1156       1157       1158       1159       1160       1161       1162       1163       1164       1165       1166
            1167       1168       1169       1170       1171       1172       1173       1174       1175       1176       1177
            1178       1179       1180       1181       1182       1183       1184       1185       1186       1187       1188
            1189       1190       1191       1192       1193       1194       1195       1196       1197       1198       1199
            1200       1201       1202       1203       1204       1205       1206       1207       1208       1209       1210
            1211       1212       1213       1214       1215       1216       1217       1218       1219       1220       1221
            1222       1223       1224       1225       1226       1227       1228       1229       1230       1231       1232
            1233       1234       1235       1236       1237       1238       1239       1240       1241       1242       1243
            1244       1245       1246       1247       1248       1249       1250       1251       1252       1253       1254
            1255       1256       1257       1258       1259       1260       1261       1262       1263       1264       1265
            1266       1267       1268       1269       1270       1271       1272       1273       1274       1275       1276
            1277       1278       1279       1280       1281       1282       1283       1284       1285       1286       1287
            1288       1289       1290       1291       1292       1293       1294       1295       1296       1297       1298
            1299       1300       1301       1302       1303       1304       1305       1306       1307       1308       1309
            1310       1311       1312       1313       1314       1315       1316       1317       1318       1319       1320
            1321       1322       1323       1324       1325       1326       1327       1328       1329       1330       1331
            1332       1333       1334       1335       1336       1337       1338       1339       1340       1341       1342
            1343       1344       1345       1346       1347       1348       1349       1350       1351       1352       1353
            1354       1355       1356       1357       1358       1359       1360       1361       1362       1363       1364
            1365       1366       1367       1368       1369       1370       1371       1372       1373       1374       1375
            1376       1377       1378       1379       1380       1381       1382       1383       1384       1385       1386
            1387       1388       1389       1390       1391       1392       1393       1394       1395       1396       1397
            1398       1399       1400       1401       1402       1403       1404       1405       1406       1407       1408
            1409       1410       1411       1412       1413       1414       1415       1416       1417       1418       1419
            1420       1421       1422       1423       1424       1425       1426       1427       1428       1429       1430
            1431       1432       1433       1434       1435       1436       1437       1438       1439       1440       1441
            1442       1443       1444       1445       1446       1447       1448       1449       1450       1451       1452
            1453       1454       1455       1456       1457       1458       1459       1460       1461       1462       1463
            1464       1465       1466       1467       1468       1469       1470       1471       1472       1473       1474
            1475       1476       1477       1478       1479       1480       1481       1482       1483       1484       1485
            1486       1487       1488       1489       1490       1491       1492       1493       1494       1495       1496
            1497       1498       1499       1500       1501       1502       1503       1504       1505       1506       1507
            1508       1509       1510       1511       1512       1513       1514       1515       1516       1517       1518
            1519       1520       1521       1522       1523       1524       1525       1526       1527       1528       1529
            1530       1531       1532       1533       1534       1535       1536       1537       1538       1539       1540
            1541       1542       1543       1544       1545       1546       1547       1548       1549       1550       1551
            1552       1553       1554       1555       1556       1557       1558       1559       1560       1561       1562
            1563       1564       1565       1566       1567       1568       1569       1570       1571       1572       1573
            1574       1575       1576       1577       1578       1579       1580       1581       1582       1583       1584
            1585       1586       1587       1588       1589       1590       1591       1592       1593       1594       1595
            1596       1597       1598       1599       1600       1601       1602       1603       1604       1605       1606
            1607       1608       1609       1610       1611       1612       1613       1614       1615       1616       1617
            1618       1619       1620       1621       1622       1623       1624       1625       1626       1627       1628
            1629       1630       1631       1632       1633       1634       1635       1636       1637       1638       1639
            1640       1641       1642       1643       1644       1645       1646       1647       1648       1649       1650
            1651       1652       1653       1654       1655       1656       1657       1658       1659       1660       1661
            1662       1663       1664       1665       1666       1667       1668       1669       1670       1671       1672
            1673       1674       1675       1676       1677       1678       1679       1680       1681       1682       1683
            1684       1685       1686       1687       1688       1689       1690       1691       1692       1693       1694
            1695       1696       1697       1698       1699       1700       1701       1702       1703       1704       1705
            1706       1707       1708       1709       1710       1711       1712       1713       1714       1715       1716
            1717       1718       1719       1720       1721       1722       1723       1724       1725       1726       1727
            1728       1729       1730       1731       1732       1733       1734       1735       1736       1737       1738
            1739       1740       1741       1742       1743       1744       1745       1746       1747       1748       1749
            1750       1751       1752       1753       1754       1755       1756       1757       1758       1759       1760
            1761       1762       1763       1764       1765       1766       1767       1768       1769       1770       1771
            1772       1773       1774       1775       1776       1777       1778       1779       1780       1781       1782
            1783       1784       1785       1786       1787       1788       1789       1790       1791       1792       1793
            1794       1795       1796       1797       1798       1799       1800       1801       1802       1803       1804
            1805       1806       1807       1808       1809       1810       1811       1812       1813       1814       1815
            1816       1817       1818       1819       1820       1821       1822       1823       1824       1825       1826
            1827       1828       1829       1830       1831       1832       1833       1834       1835       1836       1837
            1838       1839       1840       1841       1842       1843       1844       1845       1846       1847       1848
            1849       1850       1851       1852       1853       1854       1855       1856       1857       1858       1859
            1860       1861       1862       1863       1864       1865       1866       1867       1868       1869       1870
            1871       1872       1873       1874       1875       1876       1877       1878       1879       1880       1881
            1882       1883       1884       1885       1886       1887       1888       1889       1890       1891       1892
            1893       1894       1895       1896       1897       1898       1899       1900       1901       1902       1903
            1904       1905       1906       1907       1908       1909       1910       1911       1912       1913       1914
            1915       1916       1917       1918       1919       1920       1921       1922       1923       1924       1925
            1926       1927       1928       1929       1930       1931       1932       1933       1934       1935       1936
            1937       1938       1939       1940       1941       1942       1943       1944       1945       1946       1947
            1948       1949       1950       1951       1952       1953       1954       1955       1956       1957       1958
            1959       1960       1961       1962       1963       1964       1965       1966       1967       1968       1969
            1970       1971       1972       1973       1974       1975       1976       1977       1978       1979       1980
            1981       1982       1983       1984       1985       1986       1987       1988       1989       1990       1991
            1992       1993       1994       1995       1996       1997       1998       1999       2000       2001       2002
            2003       2004       2005       2006       2007       2008       2009       2010       2011       2012       2013
            2014       2015       2016       2017       2018       2019       2020       2021       2022       2023       2024
            2025       2026       2027       2028       2029       2030       2031       2032       2033       2034       2035
            2036       2037       2038       2039       2040       2041       2042       2043       2044       2045       2046
            2047       2048       2049       2050       2051       2052       2053       2054       2055       2056       2057
            2058       2059       2060       2061       2062       2063       2064       2065       2066       2067       2068
            2069       2070       2071       2072       2073       2074       2075       2076       2077       2078       2079
            2080       2081       2082       2083       2084       2085       2086       2087       2088       2089       2090
            2091       2092       2093       2094       2095       2096       2097       2098       2099       2100       2101
            2102       2103       2104       2105       2106       2107       2108       2109       2110       2111       2112
            2113       2114       2115       2116       2117       2118       2119       2120       2121       2122       2123
            2124       2125       2126       2127       2128       2129       2130       2131       2132       2133       2134
            2135       2136       2137       2138       2139       2140       2141       2142       2143       2144       2145
            2146       2147       2148       2149       2150       2151       2152       2153       2154       2155       2156
            2157       2158       2159       2160       2161       2162       2163       2164       2165       2166       2167
            2168       2169       2170       2171       2172       2173       2174       2175       2176       2177       2178
            2179       2180       2181       2182       2183       2184       2185       2186       2187       2188       2189
            2190       2191       2192       2193       2194       2195       2196       2197       2198       2199       2200
            2201       2202       2203       2204       2205       2206       2207       2208       2209       2210       2211
            2212       2213       2214       2215       2216       2217       2218       2219       2220       2221       2222
            2223       2224       2225       2226       2227       2228       2229       2230       2231       2232       2233
            2234       2235       2236       2237       2238       2239       2240       2241       2242       2243       2244
            2245       2246       2247       2248       2249       2250       2251       2252       2253       2254       2255
            2256       2257       2258       2259       2260       2261       2262       2263       2264       2265       2266
            2267       2268       2269       2270       2271       2272       2273       2274       2275       2276       2277
            2278       2279       2280       2281       2282       2283       2284       2285       2286       2287       2288
            2289       2290       2291       2292       2293       2294       2295       2296       2297       2298       2299
            2300       2301       2302       2303       2304       2305       2306       2307       2308       2309       2310
            2311       2312       2313       2314       2315       2316       2317       2318       2319       2320       2321
            2322       2323       2324       2325       2326       2327       2328       2329       2330       2331       2332
            2333       2334       2335       2336       2337       2338       2339       2340       2341       2342       2343
            2344       2345       2346       2347       2348       2349       2350       2351       2352       2353       2354
            2355       2356       2357       2358       2359       2360       2361       2362       2363       2364       2365
            2366       2367       2368       2369       2370       2371       2372       2373       2374       2375       2376
            2377       2378       2379       2380       2381       2382       2383       2384       2385       2386       2387
            2388       2389       2390       2391       2392       2393       2394       2395       2396       2397       2398
            2399       2400       2401       2402       2403       2404       2405       2406       2407       2408       2409
            2410       2411       2412       2413       2414       2415       2416       2417       2418       2419       2420
            2421       2422       2423       2424       2425       2426       2427       2428       2429       2430       2431
            2432       2433       2434       2435       2436       2437       2438       2439       2440       2441       2442
            2443       2444       2445       2446       2447       2448       2449       2450       2451       2452       2453
            2454       2455       2456       2457       2458       2459       2460       2461       2462       2463       2464
            2465       2466       2467       2468       2469       2470       2471       2472       2473       2474       2475
            2476       2477       2478       2479       2480       2481       2482       2483       2484       2485       2486
            2487       2488       2489       2490       2491       2492       2493       2494       2495       2496       2497
            2498       2499       2500       2501       2502       2503       2504       2505       2506       2507       2508
            2509       2510       2511       2512       2513       2514       2515       2516       2517       2518       2519
            2520       2521       2522       2523       2524       2525       2526       2527       2528       2529       2530
            2531       2532       2533       2534       2535       2536       2537       2538       2539       2540       2541
            2542       2543       2544       2545       2546       2547       2548       2549       2550       2551       2552
            2553       2554       2555       2556       2557       2558       2559       2560       2561       2562       2563
            2564       2565       2566       2567       2568       2569       2570       2571       2572       2573       2574
            2575       2576       2577       2578       2579       2580       2581       2582       2583       2584       2585
            2586       2587       2588       2589       2590       2591       2592       2593       2594       2595       2596
            2597       2598       2599       2600       2601       2602       2603       2604       2605       2606       2607
            2608       2609       2610       2611       2612       2613       2614       2615       2616       2617       2618
            2619       2620       2621       2622       2623       2624       2625       2626       2627       2628       2629
            2630       2631       2632       2633       2634       2635       2636       2637       2638       2639       2640
            2641       2642       2643       2644       2645       2646       2647       2648       2649       2650       2651
            2652       2653       2654       2655       2656       2657       2658       2659       2660       2661       2662
            2663       2664       2665       2666       2667       2668       2669       2670       2671       2672       2673
            2674       2675       2676       2677       2678       2679
 .............................................................................................................................
   1   -5.00      -5.00      -5.00      -5.00      -5.00      -5.00      -5.00      -5.00      -5.00      -5.00      -5.00    
       -5.00      -5.00      -5.00      -5.00      -5.00      -5.00      -5.00      -5.00      -5.00      -5.00      -5.00    
       -5.00      -5.00      -5.00      -5.00      -5.00      -5.00      -5.00      -5.00      -5.00      -5.00      -5.00    
       -5.00      -5.00      -5.00      -5.00      -5.00      -5.00      -5.00      -5.00      -5.00      -5.00      -5.00    
       -5.00      -5.00      -5.00      -5.00      -5.00      -5.00      -5.00      -5.00      -5.00      -5.00      -5.00    
       -5.00      -5.00      -5.00      -5.00      -5.00      -5.00      -5.00      -5.00      -5.00      -5.00      -5.00    
       -5.00      -5.00      -5.00      -5.00      -5.00      -5.00      -5.00      -5.00      -5.00      -5.00      -5.00    
       -5.00      -5.00      -5.00      -5.00      -5.00      -5.00      -5.00      -5.00      -5.00      -5.00      -5.00    
       -5.00      -5.00      -5.00      -5.00      -5.00      -5.00      -5.00      -5.00      -5.00      -5.00      -5.00    
       -5.00      -5.00      -5.00      -5.00      -5.00      -5.00      -5.00      -5.00      -5.00      -5.00      -5.00    
       -5.00      -5.00      -5.00      -5.00      -5.00      -5.00      -5.00      -5.00      -5.00      -5.00      -5.00    
       -5.00      -5.00      -5.00      -5.00      -5.00      -5.00      -5.00      -5.00      -5.00      -5.00      -5.00    
       -5.00      -5.00      -5.00      -5.00      -5.00      -5.00      -5.00      -5.00      -5.00      -5.00      -5.00    
       -5.00      -5.00      -5.00      -5.00      -5.00      -5.00      -5.00      -5.00      -5.00      -5.00      -5.00    
       -5.00      -5.00      -5.00      -5.00      -5.00      -5.00      -5.00      -5.00      -5.00      -5.00      -5.00    
       -5.00      -5.00      -5.00      -5.00      -5.00      -5.00      -5.00      -5.00      -5.00      -5.00      -5.00    
       -5.00      -5.00      -5.00      -5.00      -5.00      -5.00      -5.00      -5.00      -5.00      -5.00      -5.00    
       -5.00      -5.00      -5.00      -5.00      -5.00      -5.00      -5.00      -5.00      -5.00      -5.00      -5.00    
       -5.00      -5.00      -5.00      -5.00      -5.00      -5.00      -5.00      -5.00      -5.00      -5.00      -5.00    
       -5.00      -5.00      -5.00      -5.00      -5.00      -5.00      -5.00      -5.00      -5.00      -5.00      -5.00    
       -5.00      -5.00      -5.00      -5.00      -5.00      -5.00      -5.00      -5.00      -5.00      -5.00      -5.00    
       -5.00      -5.00      -5.00      -5.00      -5.00      -5.00      -5.00      -5.00      -5.00      -5.00      -5.00    
       -5.00      -5.00      -5.00      -5.00      -5.00      -5.00      -5.00      -5.00      -5.00      -5.00      -5.00    
       -5.00      -5.00      -5.00      -5.00      -5.00      -5.00      -5.00      -5.00      -5.00      -5.00      -5.00    
       -5.00      -5.00      -5.00      -5.00      -5.00      -5.00      -5.00      -5.00      -5.00      -5.00      -5.00    
       -5.00      -5.00      -5.00      -5.00      -5.00      -5.00      -5.00      -5.00      -5.00      -5.00      -5.00    
       -5.00      -5.00      -5.00      -5.00      -5.00      -5.00      -5.00      -5.00      -5.00      -5.00      -5.00    
       -5.00      -5.00      -5.00      -5.00      -5.00      -5.00      -5.00      -5.00      -5.00      -5.00      -5.00    
       -5.00      -5.00      -5.00      -5.00      -5.00      -5.00      -5.00      -5.00      -5.00      -5.00      -5.00    
       -5.00      -5.00      -5.00      -5.00      -5.00      -5.00      -5.00      -5.00      -5.00      -5.00      -5.00    
       -5.00      -5.00      -5.00      -5.00      -5.00      -5.00      -5.00      -5.00      -5.00      -5.00      -5.00    
       -5.00      -5.00      -5.00      -5.00      -5.00      -5.00      -5.00      -5.00      -5.00      -5.00      -5.00    
       -5.00      -5.00      -5.00      -5.00      -5.00      -5.00      -5.00      -5.00      -5.00      -5.00      -5.00    
       -5.00      -5.00      -5.00      -5.00      -5.00      -5.00      -5.00      -5.00      -5.00      -5.00      -5.00    
       -5.00      -5.00      -5.00      -5.00      -5.00      -5.00      -5.00      -5.00      -5.00      -5.00      -5.00    
       -5.00      -5.00      -5.00      -5.00      -5.00      -5.00      -5.00      -5.00      -5.00      -5.00      -5.00    
       -5.00      -5.00      -5.00      -5.00      -5.00      -5.00      -5.00      -5.00      -5.00      -5.00      -5.00    
       -5.00      -5.00      -5.00      -5.00      -5.00      -5.00      -5.00      -5.00      -5.00      -5.00      -5.00    
       -5.00      -5.00      -5.00      -5.00      -5.00      -5.00      -5.00      -5.00      -5.00      -5.00      -5.00    
       -5.00      -5.00      -5.00      -5.00      -5.00      -5.00      -5.00      -5.00      -5.00      -5.00      -5.00    
       -5.00      -5.00      -5.00      -5.00      -5.00      -5.00      -5.00      -5.00      -5.00      -5.00      -5.00    
       -5.00      -5.00      -5.00      -5.00      -5.00      -5.00      -5.00      -5.00      -5.00      -5.00      -5.00    
       -5.00      -5.00      -5.00      -5.00      -5.00      -5.00      -5.00      -5.00      -5.00      -5.00      -5.00    
       -5.00      -5.00      -5.00      -5.00      -5.00      -5.00      -5.00      -5.00      -5.00      -5.00      -5.00    
       -5.00      -5.00      -5.00      -5.00      -5.00      -5.00      -5.00      -5.00      -5.00      -5.00      -5.00    
       -5.00      -5.00      -5.00      -5.00      -5.00      -5.00      -5.00      -5.00      -5.00      -5.00      -5.00    
       -5.00      -5.00      -5.00      -5.00      -5.00      -5.00      -5.00      -5.00      -5.00      -5.00      -5.00    
       -5.00      -5.00      -5.00      -5.00      -5.00      -5.00      -5.00      -5.00      -5.00      -5.00      -5.00    
       -5.00      -5.00      -5.00      -5.00      -5.00      -5.00      -5.00      -5.00      -5.00      -5.00      -5.00    
       -5.00      -5.00      -5.00      -5.00      -5.00      -5.00      -5.00      -5.00      -5.00      -5.00      -5.00    
       -5.00      -5.00      -5.00      -5.00      -5.00      -5.00      -5.00      -5.00      -5.00      -5.00      -5.00    
       -5.00      -5.00      -5.00      -5.00      -5.00      -5.00      -5.00      -5.00      -5.00      -5.00      -5.00    
       -5.00      -5.00      -5.00      -5.00      -5.00      -5.00      -5.00      -5.00      -5.00      -5.00      -5.00    
       -5.00      -5.00      -5.00      -5.00      -5.00      -5.00      -5.00      -5.00      -5.00      -5.00      -5.00    
       -5.00      -5.00      -5.00      -5.00      -5.00      -5.00      -5.00      -5.00      -5.00      -5.00      -5.00    
       -5.00      -5.00      -5.00      -5.00      -5.00      -5.00      -5.00      -5.00      -5.00      -5.00      -5.00    
       -5.00      -5.00      -5.00      -5.00      -5.00      -5.00      -5.00      -5.00      -5.00      -5.00      -5.00    
       -5.00      -5.00      -5.00      -5.00      -5.00      -5.00      -5.00      -5.00      -5.00      -5.00      -5.00    
       -5.00      -5.00      -5.00      -5.00      -5.00      -5.00      -5.00      -5.00      -5.00      -5.00      -5.00    
       -5.00      -5.00      -5.00      -5.00      -5.00      -5.00      -5.00      -5.00      -5.00      -5.00      -5.00    
       -5.00      -5.00      -5.00      -5.00      -5.00      -5.00      -5.00      -5.00      -5.00      -5.00      -5.00    
       -5.00      -5.00      -5.00      -5.00      -5.00      -5.00      -5.00      -5.00      -5.00      -5.00      -5.00    
       -5.00      -5.00      -5.00      -5.00      -5.00      -5.00      -5.00      -5.00      -5.00      -5.00      -5.00    
       -5.00      -5.00      -5.00      -5.00      -5.00      -5.00      -5.00      -5.00      -5.00      -5.00      -5.00    
       -5.00      -5.00      -5.00      -5.00      -5.00      -5.00      -5.00      -5.00      -5.00      -5.00      -5.00    
       -5.00      -5.00      -5.00      -5.00      -5.00      -5.00      -5.00      -5.00      -5.00      -5.00      -5.00    
       -5.00      -5.00      -5.00      -5.00      -5.00      -5.00      -5.00      -5.00      -5.00      -5.00      -5.00    
       -5.00      -5.00      -5.00      -5.00      -5.00      -5.00      -5.00      -5.00      -5.00      -5.00      -5.00    
       -5.00      -5.00      -5.00      -5.00      -5.00      -5.00      -5.00      -5.00      -5.00      -5.00      -5.00    
       -5.00      -5.00      -5.00      -5.00      -5.00      -5.00      -5.00      -5.00      -5.00      -5.00      -5.00    
       -5.00      -5.00      -5.00      -5.00      -5.00      -5.00      -5.00      -5.00      -5.00      -5.00      -5.00    
       -5.00      -5.00      -5.00      -5.00      -5.00      -5.00      -5.00      -5.00      -5.00      -5.00      -5.00    
       -5.00      -5.00      -5.00      -5.00      -5.00      -5.00      -5.00      -5.00      -5.00      -5.00      -5.00    
       -5.00      -5.00      -5.00      -5.00      -5.00      -5.00      -5.00      -5.00      -5.00      -5.00      -5.00    
       -5.00      -5.00      -5.00      -5.00      -5.00      -5.00      -5.00      -5.00      -5.00      -5.00      -5.00    
       -5.00      -5.00      -5.00      -5.00      -5.00      -5.00      -5.00      -5.00      -5.00      -5.00      -5.00    
       -5.00      -5.00      -5.00      -5.00      -5.00      -5.00      -5.00      -5.00      -5.00      -5.00      -5.00    
       -5.00      -5.00      -5.00      -5.00      -5.00      -5.00      -5.00      -5.00      -5.00      -5.00      -5.00    
       -5.00      -5.00      -5.00      -5.00      -5.00      -5.00      -5.00      -5.00      -5.00      -5.00      -5.00    
       -5.00      -5.00      -5.00      -5.00      -5.00      -5.00      -5.00      -5.00      -5.00      -5.00      -5.00    
       -5.00      -5.00      -5.00      -5.00      -5.00      -5.00      -5.00      -5.00      -5.00      -5.00      -5.00    
       -5.00      -5.00      -5.00      -5.00      -5.00      -5.00      -5.00      -5.00      -5.00      -5.00      -5.00    
       -5.00      -5.00      -5.00      -5.00      -5.00      -5.00      -5.00      -5.00      -5.00      -5.00      -5.00    
       -5.00      -5.00      -5.00      -5.00      -5.00      -5.00      -5.00      -5.00      -5.00      -5.00      -5.00    
       -5.00      -5.00      -5.00      -5.00      -5.00      -5.00      -5.00      -5.00      -5.00      -5.00      -5.00    
       -5.00      -5.00      -5.00      -5.00      -5.00      -5.00      -5.00      -5.00      -5.00      -5.00      -5.00    
       -5.00      -5.00      -5.00      -5.00      -5.00      -5.00      -5.00      -5.00      -5.00      -5.00      -5.00    
       -5.00      -5.00      -5.00      -5.00      -5.00      -5.00      -5.00      -5.00      -5.00      -5.00      -5.00    
       -5.00      -5.00      -5.00      -5.00      -5.00      -5.00      -5.00      -5.00      -5.00      -5.00      -5.00    
       -5.00      -5.00      -5.00      -5.00      -5.00      -5.00      -5.00      -5.00      -5.00      -5.00      -5.00    
       -5.00      -5.00      -5.00      -5.00      -5.00      -5.00      -5.00      -5.00      -5.00      -5.00      -5.00    
       -5.00      -5.00      -5.00      -5.00      -5.00      -5.00      -5.00      -5.00      -5.00      -5.00      -5.00    
       -5.00      -5.00      -5.00      -5.00      -5.00      -5.00      -5.00      -5.00      -5.00      -5.00      -5.00    
       -5.00      -5.00      -5.00      -5.00      -5.00      -5.00      -5.00      -5.00      -5.00      -5.00      -5.00    
       -5.00      -5.00      -5.00      -5.00      -5.00      -5.00      -5.00      -5.00      -5.00      -5.00      -5.00    
       -5.00      -5.00      -5.00      -5.00      -5.00      -5.00      -5.00      -5.00      -5.00      -5.00      -5.00    
       -5.00      -5.00      -5.00      -5.00      -5.00      -5.00      -5.00      -5.00      -5.00      -5.00      -5.00    
       -5.00      -5.00      -5.00      -5.00      -5.00      -5.00      -5.00      -5.00      -5.00      -5.00      -5.00    
       -5.00      -5.00      -5.00      -5.00      -5.00      -5.00      -5.00      -5.00      -5.00      -5.00      -5.00    
       -5.00      -5.00      -5.00      -5.00      -5.00      -5.00      -5.00      -5.00      -5.00      -5.00      -5.00    
       -5.00      -5.00      -5.00      -5.00      -5.00      -5.00      -5.00      -5.00      -5.00      -5.00      -5.00    
       -5.00      -5.00      -5.00      -5.00      -5.00      -5.00      -5.00      -5.00      -5.00      -5.00      -5.00    
       -5.00      -5.00      -5.00      -5.00      -5.00      -5.00      -5.00      -5.00      -5.00      -5.00      -5.00    
       -5.00      -5.00      -5.00      -5.00      -5.00      -5.00      -5.00      -5.00      -5.00      -5.00      -5.00    
       -5.00      -5.00      -5.00      -5.00      -5.00      -5.00      -5.00      -5.00      -5.00      -5.00      -5.00    
       -5.00      -5.00      -5.00      -5.00      -5.00      -5.00      -5.00      -5.00      -5.00      -5.00      -5.00    
       -5.00      -5.00      -5.00      -5.00      -5.00      -5.00      -5.00      -5.00      -5.00      -5.00      -5.00    
       -5.00      -5.00      -5.00      -5.00      -5.00      -5.00      -5.00      -5.00      -5.00      -5.00      -5.00    
       -5.00      -5.00      -5.00      -5.00      -5.00      -5.00      -5.00      -5.00      -5.00      -5.00      -5.00    
       -5.00      -5.00      -5.00      -5.00      -5.00      -5.00      -5.00      -5.00      -5.00      -5.00      -5.00    
       -5.00      -5.00      -5.00      -5.00      -5.00      -5.00      -5.00      -5.00      -5.00      -5.00      -5.00    
       -5.00      -5.00      -5.00      -5.00      -5.00      -5.00      -5.00      -5.00      -5.00      -5.00      -5.00    
       -5.00      -5.00      -5.00      -5.00      -5.00      -5.00      -5.00      -5.00      -5.00      -5.00      -5.00    
       -5.00      -5.00      -5.00      -5.00      -5.00      -5.00      -5.00      -5.00      -5.00      -5.00      -5.00    
       -5.00      -5.00      -5.00      -5.00      -5.00      -5.00      -5.00      -5.00      -5.00      -5.00      -5.00    
       -5.00      -5.00      -5.00      -5.00      -5.00      -5.00      -5.00      -5.00      -5.00      -5.00      -5.00    
       -5.00      -5.00      -5.00      -5.00      -5.00      -5.00      -5.00      -5.00      -5.00      -5.00      -5.00    
       -5.00      -5.00      -5.00      -5.00      -5.00      -5.00      -5.00      -5.00      -5.00      -5.00      -5.00    
       -5.00      -5.00      -5.00      -5.00      -5.00      -5.00      -5.00      -5.00      -5.00      -5.00      -5.00    
       -5.00      -5.00      -5.00      -5.00      -5.00      -5.00      -5.00      -5.00      -5.00      -5.00      -5.00    
       -5.00      -5.00      -5.00      -5.00      -5.00      -5.00      -5.00      -5.00      -5.00      -5.00      -5.00    
       -5.00      -5.00      -5.00      -5.00      -5.00      -5.00      -5.00      -5.00      -5.00      -5.00      -5.00    
       -5.00      -5.00      -5.00      -5.00      -5.00      -5.00      -5.00      -5.00      -5.00      -5.00      -5.00    
       -5.00      -5.00      -5.00      -5.00      -5.00      -5.00      -5.00      -5.00      -5.00      -5.00      -5.00    
       -5.00      -5.00      -5.00      -5.00      -5.00      -5.00      -5.00      -5.00      -5.00      -5.00      -5.00    
       -5.00      -5.00      -5.00      -5.00      -5.00      -5.00      -5.00      -5.00      -5.00      -5.00      -5.00    
       -5.00      -5.00      -5.00      -5.00      -5.00      -5.00      -5.00      -5.00      -5.00      -5.00      -5.00    
       -5.00      -5.00      -5.00      -5.00      -5.00      -5.00      -5.00      -5.00      -5.00      -5.00      -5.00    
       -5.00      -5.00     -0.769       1.54       3.86       6.17       8.26       8.39       8.51       8.64       8.36    
        4.49      0.612      -3.26      -5.00      -5.00      -5.00      -5.00      -5.00      -5.00      -5.00      -5.00    
       -5.00      -5.00      -5.00      -5.00      -5.00      -5.00      -5.00      -5.00      -5.00      -5.00      -5.00    
       -5.00      -5.00      -5.00      -5.00      -5.00      -5.00      -5.00      -5.00      -5.00      -5.00      -5.00    
       -5.00      -5.00      -5.00      -5.00      -5.00      -5.00      -5.00      -5.00      -5.00      -5.00      -5.00    
       -5.00      -5.00      -5.00       2.83       9.00       9.00       9.00       9.00       9.00       9.00       9.00    
        9.00       9.00       9.00       9.00       9.00       8.74      -5.00      -5.00      -5.00      -5.00      -5.00    
       -5.00      -5.00      -5.00      -5.00      -5.00      -5.00      -5.00      -5.00      -5.00      -5.00      -5.00    
       -5.00      -5.00      -5.00      -5.00      -5.00      -5.00      -5.00      -5.00      -5.00      -5.00      -5.00    
       -5.00      -5.00      -5.00      -5.00      -5.00      -5.00      -5.00      -5.00      -5.00      -5.00      -5.00    
       -5.00      -5.00      -5.00      -4.82       1.93       8.68       9.00       9.00       9.00       9.00       9.00    
        9.00       9.00       9.00       9.00       9.00       9.00       9.00       9.00      -5.00      -5.00      -5.00    
       -5.00      -5.00      -5.00      -5.00      -5.00      -5.00      -5.00      -5.00      -5.00      -5.00      -5.00    
       -5.00      -5.00      -5.00      -5.00      -5.00      -5.00      -5.00      -5.00      -5.00      -5.00      -5.00    
       -5.00      -5.00      -5.00      -5.00      -5.00      -5.00      -5.00      -5.00      -5.00      -5.00      -5.00    
       -5.00      -5.00      -5.00      -4.62      -1.22       4.03       9.28       9.00       9.00       9.00       9.00    
        9.00       9.00       9.00       9.00       9.00       9.00       9.00       9.00       9.00       9.00      -5.00    
       -5.00      -5.00      -5.00      -5.00      -5.00      -5.00      -5.00      -5.00      -5.00      -5.00      -5.00    
       -5.00      -5.00      -5.00      -5.00      -5.00      -5.00      -5.00      -5.00      -5.00      -5.00      -5.00    
       -5.00      -5.00      -5.00      -5.00      -5.00      -5.00      -5.00      -5.00      -5.00      -5.00      -5.00    
       -5.00      -5.00      -5.00      -5.00     -0.869       4.19       9.13       9.00       9.00       9.00       9.00    
        9.00       9.00       9.00       9.00       9.00       9.00       9.00       9.00       9.00       9.00       9.00    
        9.00      -5.00      -5.00      -5.00      -5.00      -5.00      -5.00      -5.00      -5.00      -5.00      -5.00    
       -5.00      -5.00      -5.00      -5.00      -5.00      -5.00      -5.00      -5.00      -5.00      -5.00      -5.00    
       -5.00      -5.00      -5.00      -5.00      -5.00      -5.00      -5.00      -5.00      -5.00      -5.00      -5.00    
       -5.00      -5.00      -5.00      -5.00      -5.00      -3.50       1.50       6.50       9.00       9.00       9.00    
        9.00       9.00       9.00       9.00       9.00       9.00       9.00       9.00       9.00       9.00       9.00    
        9.00       9.00       9.00      -5.00      -5.00      -5.00      -5.00      -5.00      -5.00      -5.00      -5.00    
       -5.00      -5.00      -5.00      -5.00      -5.00      -5.00      -5.00      -5.00      -5.00      -5.00      -5.00    
       -5.00      -5.00      -5.00      -5.00      -5.00      -5.00      -5.00      -5.00      -5.00      -5.00      -5.00    
       -5.00      -5.00      -5.00      -5.00      -5.00      -5.00      -5.00      -3.70     -0.700       2.30       5.47    
        9.00       9.00       9.00       9.00       9.00       9.00       9.00       9.00       9.00       9.00       9.00    
        9.00       9.00       9.00       9.00       9.00      -5.00      -5.00      -5.00      -5.00      -5.00      -5.00    
       -5.00      -5.00      -5.00      -5.00      -5.00      -5.00      -5.00      -5.00      -5.00      -5.00      -5.00    
       -5.00      -5.00      -5.00      -5.00      -5.00      -5.00      -5.00      -5.00      -5.00      -5.00      -5.00    
       -5.00      -5.00      -5.00      -5.00      -5.00      -5.00      -5.00      -5.00      -4.90      -3.90      -2.90    
       -1.90     -0.419       5.39       9.00       9.00       9.00       9.00       9.00       9.00       9.00       9.00    
        9.00       9.00       9.00       9.00       9.00       9.00       9.00      -5.00      -5.00      -5.00      -5.00    
       -5.00      -5.00      -5.00      -5.00      -5.00      -5.00      -5.00      -5.00      -5.00      -5.00      -5.00    
       -5.00      -5.00      -5.00      -5.00      -5.00      -5.00      -5.00      -5.00      -5.00      -5.00      -5.00    
       -5.00      -5.00      -5.00      -5.00      -5.00      -5.00      -4.71      -4.27      -3.83      -3.39      -3.10    
       -4.10      -5.00      -5.00      -5.00      0.631       7.57       9.00       9.00       9.00       9.00       9.00    
        9.00       9.00       9.00       9.00       9.00       9.00       9.00       9.00       9.00      -5.00      -5.00    
       -5.00      -5.00      -5.00      -5.00      -5.00      -5.00      -5.00      -5.00      -5.00      -5.00      -5.00    
       -5.00      -5.00      -5.00      -5.00      -5.00      -5.00      -5.00      -5.00      -5.00      -5.00      -5.00    
       -5.00      -5.00      -5.00      -5.00      -5.00      -4.91      -4.59      -4.28      -3.97      -3.72      -3.47    
       -3.22      -3.19      -5.00      -5.00      -5.00      -5.00      -2.84       4.34       9.00       9.00       9.00    
        9.00       9.00       9.00       9.00       9.00       9.00       9.00       9.00       9.00       9.00       6.47    
       -5.00      -5.00      -5.00      -5.00      -5.00      -5.00      -5.00      -5.00      -5.00      -5.00      -5.00    
       -5.00      -5.00      -5.00      -5.00      -5.00      -5.00      -5.00      -5.00      -5.00      -5.00      -5.00    
       -5.00      -4.70      -4.24      -4.11      -3.99      -3.86      -3.76      -3.82      -3.88      -3.94      -4.03    
       -4.28      -4.53      -4.78      -5.00      -5.00      -5.00      -5.00      -5.00      -5.00       1.53       8.09    
        9.00       9.00       9.00       9.00       9.00       9.00       9.00       9.00       9.00       9.00       9.00    
        2.09      -5.00      -5.00      -5.00      -5.00      -5.00      -5.00      -5.00      -5.00      -5.00      -5.00    
       -5.00      -5.00      -5.00      -5.00      -5.00      -5.00      -5.00      -5.00      -5.00      -5.00      -5.00    
       -3.70      -3.20      -2.70      -2.20      -1.76      -1.89      -2.01      -2.14      -2.29      -2.73      -3.17    
       -3.61      -4.08      -4.83      -5.00      -5.00      -5.00      -5.00      -5.00      -5.00      -5.00      -5.00    
       -1.28       4.66       9.00       9.00       9.00       9.00       9.00       9.00       9.00       9.00       9.00    
        9.00       1.24      -5.00      -5.00      -5.00      -5.00      -5.00      -5.00      -5.00      -5.00      -5.00    
       -5.00      -5.00      -5.00      -5.00      -5.00      -5.00      -5.00      -5.00      -5.00      -5.00      -5.00    
       -4.10      -2.60      -1.20     -0.700     -0.200      0.300      0.712      0.337     -3.750E-02 -0.413     -0.831    
       -1.64      -2.46      -3.27      -4.13      -5.00      -5.00      -5.00      -5.00      -5.00      -5.00      -5.00    
       -5.00      -5.00      -4.09       1.22       6.37       9.00       9.00       9.00       9.00       9.00       9.00    
        9.00       9.00       4.89      -5.00      -5.00      -5.00      -5.00      -5.00      -5.00      -5.00      -5.00    
       -5.00      -5.00      -5.00      -5.00      -5.00      -5.00      -5.00      -5.00      -5.00      -5.00      -4.99    
       -3.60      -2.10     -0.600      0.900       2.32       3.01       3.69       4.38       5.01       5.14       5.26    
        5.39       5.31       3.44       1.56     -0.313      -2.23      -4.48      -5.00      -5.00      -5.00      -5.00    
       -5.00      -5.00      -5.00      -5.00      -5.00      -3.88      0.244       2.68       5.12       7.56       9.78    
        9.00       9.00       9.00       9.34      -4.79      -5.00      -5.00      -5.00      -5.00      -5.00      -5.00    
       -5.00      -5.00      -5.00      -5.00      -5.00      -5.00      -5.00      -5.00      -5.00      -3.64      -2.51    
       -1.39     -0.262      0.900       2.40       3.90       5.40       6.86       7.92       8.98       9.00       9.00    
        9.00       9.00       9.00       9.00       9.00       8.89       5.26       1.62      -2.13      -5.00      -5.00    
       -5.00      -5.00      -5.00      -5.00      -5.00      -5.00      -5.00      -5.00      -5.00      -5.00      -5.00    
       -3.93      -2.78      -3.03      -3.28      -3.53      -4.79      -5.00      -5.00      -5.00      -5.00      -5.00    
       -5.00      -5.00      -5.00      -5.00      -5.00      -5.00      -5.00      -5.00      -5.00      -4.07      -1.01    
        1.84       2.71       3.59       4.46       5.40       6.90       8.40       9.90       9.00       9.00       9.00    
        9.00       9.00       9.00       9.00       9.00       9.00       9.00       9.00       9.00       5.47      0.225    
       -5.00      -5.00      -5.00      -5.00      -5.00      -5.00      -5.00      -5.00      -5.00      -5.00      -5.00    
       -5.00      -5.00      -5.00      -5.00      -5.00      -5.00      -5.00      -5.00      -5.00      -5.00      -5.00    
       -5.00      -5.00      -5.00      -5.00      -5.00      -5.00      -5.00      -5.00      -5.00      -5.00      -3.44    
       0.244       3.93       7.31       7.94       8.56       9.19       9.90       9.00       9.00       9.00       9.00    
        9.00       9.00       9.00       9.00       9.00       9.00       9.00       9.00       9.00       9.00       9.00    
        9.32       2.57      -4.18      -5.00      -5.00      -5.00      -5.00      -5.00      -5.00      -5.00      -5.00    
       -5.00      -5.00      -5.00      -5.00      -5.00      -5.00      -5.00      -5.00      -5.00      -5.00      -5.00    
       -5.00      -5.00      -5.00      -5.00      -5.00      -5.00      -5.00      -5.00      -5.00      -5.00      -4.68    
       -3.11      0.763       4.64       8.51       9.00       9.00       9.00       9.00       9.00       9.00       9.00    
        9.00       9.00       9.00       9.00       9.00       9.00       9.00       9.00       9.00       9.00       9.00    
        9.00       9.00       9.00       6.23     -0.831      -5.00      -5.00      -5.00      -5.00      -5.00      -5.00    
       -5.00      -5.00      -5.00      -5.00      -5.00      -5.00      -5.00      -5.00      -5.00      -5.00      -5.00    
       -5.00      -5.00      -5.00      -5.00      -5.00      -5.00      -5.00      -5.00      -5.00      -5.00      -4.12    
       -2.18     -0.244       1.86       5.49       9.11       9.00       9.00       9.00       9.00       9.00       9.00    
        9.00       9.00       9.00       9.00       9.00       9.00       9.00       9.00       9.00       9.00       9.00    
        9.00       9.00       9.00       9.00       9.00       9.00       5.01      -1.18      -5.00      -5.00      -5.00    
       -5.00      -5.00      -5.00      -5.00      -5.00      -5.00      -5.00      -5.00      -5.00      -5.00      -5.00    
       -5.00      -5.00      -5.00      -5.00      -5.00      -5.00      -5.00      -5.00      -5.00      -5.00      -5.00    
       -3.49     -0.931       1.63       4.19       6.84       9.00       9.00       9.00       9.00       9.00       9.00    
        9.00       9.00       9.00       9.00       9.00       9.00       9.00       9.00       9.00       9.00       9.00    
        9.00       9.00       9.00       9.00       9.00       9.00       9.00       9.00       9.00       5.53     -1.250E-02
       -5.00      -5.00      -5.00      -5.00      -5.00      -5.00      -5.00      -5.00      -5.00      -5.00      -5.00    
       -5.00      -5.00      -5.00      -5.00      -5.00      -5.00      -5.00      -5.00      -5.00      -5.00      -5.00    
       -4.10      -2.60     -0.931       2.26       5.44       8.63       9.00       9.00       9.00       9.00       9.00    
        9.00       9.00       9.00       9.00       9.00       9.00       9.00       9.00       9.00       9.00       9.00    
        9.00       9.00       9.00       9.00       9.00       9.00       9.00       9.00       9.00       9.00       9.00    
        9.00       7.26      -2.61      -5.00      -5.00      -5.00      -5.00      -5.00      -5.00      -5.00      -5.00    
       -5.00      -5.00      -5.00      -5.00      -5.00      -5.00      -5.00      -5.00      -5.00      -5.00      -5.00    
       -5.00      -5.00      -1.22      0.344       2.13       5.88       9.63       9.00       9.00       9.00       9.00    
        9.00       9.00       9.00       9.00       9.00       9.00       9.00       9.00       9.00       9.00       9.00    
        9.00       9.00       9.00       9.00       9.00       9.00       9.00       9.00       9.00       9.00       9.00    
        9.00       9.00       9.00       9.00       1.06      -5.00      -5.00      -5.00      -5.00      -5.00      -5.00    
       -5.00      -5.00      -5.00      -5.00      -5.00      -5.00      -5.00      -5.00      -5.00      -5.00      -5.00    
       -5.00      -5.00      -5.00      -5.00       2.04       3.73       5.68       9.93       9.00       9.00       9.00    
        9.00       9.00       9.00       9.00       9.00       9.00       9.00       9.00       9.00       9.00       9.00    
        9.00       9.00       9.00       9.00       9.00       9.00       9.00       9.00       9.00       9.00       9.00    
        9.00       9.00       9.00       9.00       9.00       9.00       3.37      -5.00      -5.00      -5.00      -5.00    
       -5.00      -5.00      -5.00      -5.00      -5.00      -5.00      -5.00      -5.00      -5.00      -5.00      -5.00    
       -5.00      -5.00      -5.00      -5.00      -5.00      -5.00    

 OPENED local_run15.dis_idomain_layer1.txt
 FILE TYPE:OPEN/CLOSE   UNIT 1018   STATUS:OLD                 
 FORMAT:FORMATTED              ACCESS:SEQUENTIAL          
 ACTION:READ                


                  IDOMAIN

      1 2 3 4 5 6 7 8 9101112131415161718192021222324252627282930313233343536373839404142434445464748495051525354555657585960
     616263646566676869707172737475767778798081828384858687888990919293949596979891010101010101010101011111111111111111111120
    1212121212121212121313131313131313131314141414141414141414151515151515151515151616161616161616161617171717171717171717180
    1818181818181818181919191919191919191920202020202020202020212121212121212121212222222222222222222223232323232323232323240
    2424242424242424242525252525252525252526262626262626262626272727272727272727272828282828282828282829292929292929292929300
    3030303030303030303131313131313131313132323232323232323232333333333333333333333434343434343434343435353535353535353535360
    3636363636363636363737373737373737373738383838383838383838393939393939393939394040404040404040404041414141414141414141420
    4242424242424242424343434343434343434344444444444444444444454545454545454545454646464646464646464647474747474747474747480
    4848484848484848484949494949494949494950505050505050505050515151515151515151515252525252525252525253535353535353535353540
    5454545454545454545555555555555555555556565656565656565656575757575757575757575858585858585858585859595959595959595959600
    6060606060606060606161616161616161616162626262626262626262636363636363636363636464646464646464646465656565656565656565660
    6666666666666666666767676767676767676768686868686868686868696969696969696969697070707070707070707071717171717171717171720
    7272727272727272727373737373737373737374747474747474747474757575757575757575757676767676767676767677777777777777777777780
    7878787878787878787979797979797979797980808080808080808080818181818181818181818282828282828282828283838383838383838383840
    8484848484848484848585858585858585858586868686868686868686878787878787878787878888888888888888888889898989898989898989900
    9090909090909090909191919191919191919192929292929292929292939393939393939393939494949494949494949495959595959595959595960
    9696969696969696969797979797979797979798989898989898989898999999999999999999910101010101010101010101010101010101010101020
   10101010101010101010101010101010101010101010101010101010101010101010101010101010101010101010101010101010101010101010101080
   10101010101010101010101010101010101010111111111111111111111111111111111111111111111111111111111111111111111111111111111140
   11111111111111111111111111111111111111111111111111111111111111111111111111111111111111111111111111111111111111111111111200
   12121212121212121212121212121212121212121212121212121212121212121212121212121212121212121212121212121212121212121212121260
   12121212121212121212121212121212121212121212121212121212121212121212121212121213131313131313131313131313131313131313131320
   13131313131313131313131313131313131313131313131313131313131313131313131313131313131313131313131313131313131313131313131380
   13131313131313131313131313131313131313141414141414141414141414141414141414141414141414141414141414141414141414141414141440
   14141414141414141414141414141414141414141414141414141414141414141414141414141414141414141414141414141414141414141414141500
   15151515151515151515151515151515151515151515151515151515151515151515151515151515151515151515151515151515151515151515151560
   15151515151515151515151515151515151515151515151515151515151515151515151515151516161616161616161616161616161616161616161620
   16161616161616161616161616161616161616161616161616161616161616161616161616161616161616161616161616161616161616161616161680
   16161616161616161616161616161616161616171717171717171717171717171717171717171717171717171717171717171717171717171717171740
   17171717171717171717171717171717171717171717171717171717171717171717171717171717171717171717171717171717171717171717171800
   18181818181818181818181818181818181818181818181818181818181818181818181818181818181818181818181818181818181818181818181860
   18181818181818181818181818181818181818181818181818181818181818181818181818181819191919191919191919191919191919191919191920
   19191919191919191919191919191919191919191919191919191919191919191919191919191919191919191919191919191919191919191919191980
   19191919191919191919191919191919191919202020202020202020202020202020202020202020202020202020202020202020202020202020202040
   20202020202020202020202020202020202020202020202020202020202020202020202020202020202020202020202020202020202020202020202100
   21212121212121212121212121212121212121212121212121212121212121212121212121212121212121212121212121212121212121212121212160
   21212121212121212121212121212121212121212121212121212121212121212121212121212122222222222222222222222222222222222222222220
   22222222222222222222222222222222222222222222222222222222222222222222222222222222222222222222222222222222222222222222222280
   22222222222222222222222222222222222222232323232323232323232323232323232323232323232323232323232323232323232323232323232340
   23232323232323232323232323232323232323232323232323232323232323232323232323232323232323232323232323232323232323232323232400
   24242424242424242424242424242424242424242424242424242424242424242424242424242424242424242424242424242424242424242424242460
   24242424242424242424242424242424242424242424242424242424242424242424242424242425252525252525252525252525252525252525252520
   25252525252525252525252525252525252525252525252525252525252525252525252525252525252525252525252525252525252525252525252580
   25252525252525252525252525252525252525262626262626262626262626262626262626262626262626262626262626262626262626262626262640
   26262626262626262626262626262626262626262626262626262626262626262626262626262679
 ............................................................................................................................
   1  0 0 0 0 0 0 0 0 0 0 0 0 0 0 0 0 0 0 0 0 0 0 0 0 0 0 0 0 0 0 0 0 0 0 0 0 0 0 0 0 0 0 0 0 0 0 0 0 0 0 0 0 0 0 0 0 0 0 0 0
      0 0 0 0 0 0 0 0 0 0 0 0 0 0 0 0 0 0 0 0 0 0 0 0 1 1 1 1 1 1 1 1 1 1 1 1 1 1 1 1 0 0 0 0 0 0 0 0 0 0 0 0 0 0 0 0 0 0 0 0
      0 0 0 0 0 0 0 0 0 0 0 0 0 0 0 0 0 0 1 1 1 1 1 1 1 1 1 1 1 1 1 1 1 1 1 1 1 1 1 1 1 1 0 0 0 0 0 0 0 0 0 0 0 0 0 0 0 0 0 0
      0 0 0 0 0 0 0 0 0 0 0 0 1 1 1 1 1 1 1 1 1 1 1 1 1 1 1 1 1 1 1 1 1 1 1 1 1 1 1 1 0 0 0 0 0 0 0 0 0 0 0 0 0 0 0 0 0 0 0 0
      0 0 0 0 0 0 1 1 1 1 1 1 1 1 1 1 1 1 1 1 1 1 1 1 1 1 1 1 1 1 1 1 1 1 1 1 1 1 0 0 0 0 0 0 0 0 0 0 0 0 0 0 0 0 0 0 0 0 0 0
      0 1 1 1 1 1 1 1 1 1 1 1 1 1 1 1 1 1 1 1 1 1 1 1 1 1 1 1 1 1 1 1 1 1 1 1 1 0 0 0 0 0 0 0 0 0 0 0 0 0 0 0 0 0 0 0 0 1 1 1
      1 1 1 1 1 1 1 1 1 1 1 1 1 1 1 1 1 1 1 1 1 1 1 1 1 1 1 1 1 1 1 1 1 1 1 0 0 0 0 0 0 0 0 0 0 0 0 0 0 0 0 0 0 1 1 1 1 1 1 1
      1 1 1 1 1 1 1 1 1 1 1 1 1 1 1 1 1 1 1 1 1 1 1 1 1 1 1 1 1 1 1 1 1 0 0 0 0 0 0 0 0 0 0 0 0 0 0 0 0 1 1 1 1 1 1 1 1 1 1 1
      1 1 1 1 1 1 1 1 1 1 1 1 1 1 1 1 1 1 1 1 1 1 1 1 1 1 1 1 1 1 1 0 0 0 0 0 0 0 0 0 0 0 0 0 0 1 1 1 1 1 1 1 1 1 1 1 1 1 1 1
      1 1 1 1 1 1 1 1 1 1 1 1 1 1 1 1 1 1 1 1 1 1 1 1 1 1 1 1 0 0 0 0 0 0 0 0 0 0 0 0 0 1 1 1 1 1 1 1 1 1 1 1 1 1 1 1 1 1 1 1
      1 1 1 1 1 1 1 1 1 1 1 1 1 1 1 1 1 1 1 1 1 1 1 1 1 1 0 0 0 0 0 0 0 0 0 0 0 1 1 1 1 1 1 1 1 1 1 1 1 1 1 1 1 1 1 1 1 1 1 1
      1 1 1 1 1 1 1 1 1 1 1 1 1 1 1 1 1 1 1 1 1 1 1 0 0 0 0 0 0 0 0 0 0 1 1 1 1 1 1 1 1 1 1 1 1 1 1 1 1 1 1 1 1 1 1 1 1 1 1 1
      1 1 1 1 1 1 1 1 1 1 1 1 1 1 1 1 1 1 1 1 0 0 0 0 0 0 0 0 0 1 1 1 1 1 1 1 1 1 1 1 1 1 1 1 1 1 1 1 1 1 1 1 1 1 1 1 1 1 1 1
      1 1 1 1 1 1 1 1 1 1 1 1 1 1 1 1 1 0 0 0 0 0 0 0 0 1 1 1 1 1 1 1 1 1 1 1 1 1 1 1 1 1 1 1 1 1 1 1 1 1 1 1 1 1 1 1 1 1 1 1
      1 1 1 1 1 1 1 1 1 1 1 1 1 1 0 0 0 0 0 0 0 1 1 1 1 1 1 1 1 1 1 1 1 1 1 1 1 1 1 1 1 1 1 1 1 1 1 1 1 1 1 1 1 1 1 1 1 1 1 1
      1 1 1 1 1 1 1 1 1 1 1 0 0 0 0 0 0 1 1 1 1 1 1 1 1 1 1 1 1 1 1 1 1 1 1 1 1 1 1 1 1 1 1 1 1 1 1 1 1 1 1 1 1 1 1 1 1 1 1 1
      1 1 1 1 1 1 1 1 0 0 0 0 0 0 1 1 1 1 1 1 1 1 1 1 1 1 1 1 1 1 1 1 1 1 1 1 1 1 1 1 1 1 1 1 1 1 1 1 1 1 1 1 1 1 1 1 1 1 1 1
      1 1 1 1 1 0 0 0 0 0 1 1 1 1 1 1 1 1 1 1 1 1 1 1 1 1 1 1 1 1 1 1 1 1 1 1 1 1 1 1 1 1 1 1 1 1 1 1 1 1 1 1 1 1 1 1 1 1 1 1
      1 1 0 0 0 0 0 1 1 1 1 1 1 1 1 1 1 1 1 1 1 1 1 1 1 1 1 1 1 1 1 1 1 1 1 1 1 1 1 1 1 1 1 1 1 1 1 1 1 1 1 1 1 1 1 1 1 1 1 0
      0 0 0 1 1 1 1 1 1 1 1 1 1 1 1 1 1 1 1 1 1 1 1 1 1 1 1 1 1 1 1 1 1 1 1 1 1 1 1 1 1 1 1 1 1 1 1 1 1 1 1 1 1 1 1 1 0 0 0 0
      1 1 1 1 1 1 1 1 1 1 1 1 1 1 1 1 1 1 1 1 1 1 1 1 1 1 1 1 1 1 1 1 1 1 1 1 1 1 1 1 1 1 1 1 1 1 1 1 1 1 1 1 1 0 0 0 0 1 1 1
      1 1 1 1 1 1 1 1 1 1 1 1 1 1 1 1 1 1 1 1 1 1 1 1 1 1 1 1 1 1 1 1 1 1 1 0 0 0 0 0 0 0 1 1 1 1 1 1 1 1 0 0 0 1 1 1 1 1 1 1
      1 1 1 1 1 1 1 1 1 1 1 1 1 1 1 1 1 1 1 1 1 1 1 1 1 1 1 1 1 1 1 1 0 0 0 0 0 0 0 0 0 1 1 1 1 1 1 0 0 0 1 1 1 1 1 1 1 1 1 1
      1 1 1 1 1 1 1 1 1 1 1 1 1 1 1 1 1 1 1 1 1 1 1 1 1 1 1 1 0 0 0 0 0 0 0 0 0 0 0 0 0 1 1 0 0 0 1 1 1 1 1 1 1 1 1 1 1 1 1 1
      1 1 1 1 1 1 1 1 1 1 1 1 1 1 1 1 1 1 1 1 1 1 1 1 1 0 0 0 0 0 0 0 0 0 0 0 0 0 0 0 0 0 0 1 1 1 1 1 1 1 1 1 1 1 1 1 1 1 1 1
      1 1 1 1 1 1 1 1 1 1 1 1 1 1 1 1 1 1 1 1 1 0 0 0 0 0 0 0 0 0 0 0 0 0 0 0 0 0 0 1 1 1 1 1 1 1 1 1 1 1 1 1 1 1 1 1 1 1 1 1
      1 1 1 1 1 1 1 1 1 1 1 1 1 1 1 1 1 1 0 0 0 0 0 0 0 0 0 0 0 0 0 0 0 0 0 0 1 1 1 1 1 1 1 1 1 1 1 1 1 1 1 1 1 1 1 1 1 1 1 1
      1 1 1 1 1 1 1 1 1 1 1 1 1 1 1 0 0 0 0 0 0 0 0 0 0 0 0 0 0 0 0 0 0 1 1 1 1 1 1 1 1 1 1 1 1 1 1 1 1 1 1 1 1 1 1 1 1 1 1 1
      1 1 1 1 1 1 1 1 1 1 1 0 0 0 0 0 0 0 0 0 0 0 0 0 0 0 0 0 0 0 1 1 1 1 1 1 1 1 1 1 1 1 1 1 1 1 1 1 1 1 1 1 1 1 1 1 1 1 1 1
      1 1 1 1 1 1 1 1 0 0 0 0 0 0 0 0 0 0 0 0 0 0 0 0 0 0 0 1 1 1 1 1 1 1 1 1 1 1 1 1 1 1 1 1 1 1 1 1 1 1 1 1 1 1 1 1 1 1 1 1
      1 1 1 1 1 0 0 0 0 0 0 0 0 0 0 0 0 0 0 0 0 0 0 0 1 1 1 1 1 1 1 1 1 1 1 1 1 1 1 1 1 1 1 1 1 1 1 1 1 1 1 1 1 1 1 1 1 1 1 1
      1 0 0 0 0 0 0 0 0 0 0 0 0 0 0 0 0 0 0 0 0 1 1 1 1 1 1 1 1 1 1 1 1 1 1 1 1 1 1 1 1 1 1 1 1 1 1 1 1 1 1 1 1 1 1 1 1 1 0 0
      0 0 0 0 0 0 0 0 0 0 0 0 0 0 0 0 0 0 1 1 1 1 1 1 1 1 1 1 1 1 1 1 1 1 1 1 1 1 1 1 1 1 1 1 1 1 1 1 1 1 1 1 1 1 1 1 0 0 0 0
      0 0 0 0 0 0 0 0 0 0 0 0 0 0 0 1 1 1 1 1 1 1 1 1 1 1 1 1 1 1 1 1 1 1 1 1 1 1 1 1 1 1 1 1 1 1 1 1 1 1 1 1 1 0 0 0 0 0 0 0
      0 0 0 0 0 0 0 0 0 0 0 0 1 1 1 1 1 1 1 1 1 1 1 1 1 1 1 1 1 1 1 1 1 1 1 1 1 1 1 1 1 1 1 1 1 1 1 1 1 1 0 0 0 0 0 0 0 0 0 0
      0 0 0 0 0 0 0 0 0 1 1 1 1 1 1 1 1 1 1 1 1 1 1 1 1 1 1 1 1 1 1 1 1 1 1 1 1 1 1 1 1 1 1 1 1 1 1 0 0 0 0 0 0 0 0 0 0 0 0 0
      0 0 0 0 0 0 1 1 1 1 1 1 1 1 1 1 1 1 1 1 1 1 1 1 1 1 1 1 1 1 1 1 1 1 1 1 1 1 1 1 1 1 1 1 0 0 0 0 0 0 0 0 0 0 0 0 0 0 0 0
      0 0 0 0 1 1 1 1 1 1 1 1 1 1 1 1 1 1 1 1 1 1 1 0 1 1 1 1 0 0 0 1 1 1 1 1 1 1 1 1 1 1 0 0 0 0 0 0 0 0 0 0 0 0 0 0 0 0 0 0
      0 1 1 1 1 1 1 1 1 1 1 1 1 1 1 1 1 0 0 0 0 0 0 0 0 0 0 0 1 1 1 1 1 1 1 1 1 1 1 0 0 0 0 0 0 0 0 0 0 0 0 0 0 0 0 0 0 0 0 1
      1 1 1 1 1 1 1 1 1 0 0 0 0 0 0 0 0 0 0 0 0 0 0 0 0 0 0 1 1 1 1 1 1 1 1 1 0 0 0 0 0 0 0 0 0 0 0 0 0 0 0 0 0 0 0 0 1 1 1 1
      1 1 1 1 0 0 0 0 0 0 0 0 0 0 0 0 0 0 0 0 0 0 0 0 0 1 1 1 1 1 1 1 1 0 0 0 0 0 0 0 0 0 0 0 0 0 0 0 0 0 0 0 0 0 1 1 1 1 1 1
      0 0 0 0 0 0 0 0 0 0 0 0 0 0 0 0 0 0 0 0 0 0 0 1 1 1 1 1 1 1 0 0 0 0 0 0 0 0 0 0 0 0 0 0 0 0 0 0 0 0 0 1 1 1 1 1 0 0 0 0
      0 0 0 0 0 0 0 0 0 0 0 0 0 0 0 0 0 0 0 0 0 1 1 1 1 1 1 0 0 0 0 0 0 0 0 0 0 0 0 0 0 0 0 0 0 0 0 0 0 1 1 1 0 0 0 0 0 0 0 0
      0 0 0 0 0 0 0 0 0 0 0 0 0 0 0 0 0 0 0 1 1 1 1 1 0 0 0 0 0 0 0 0 0 0 0 0 0 0 0 0 0 0 0 0 0 0 1 0 0 0 0 0 0 0 0 0 0 0 0 0
      0 0 0 0 0 0 0 0 0 0 0 0 0 0 0 0 0 1 1 0 0 0 0 0 0 0 0 0 0 0 0 0 0 0 0 0 0 0 0
 END PROCESSING GRIDDATA

 THE SPECIFIED IDOMAIN RESULTS IN A REDUCED NUMBER OF CELLS.
 NUMBER OF USER NODES: 2679
 NUMBER OF NODES IN SOLUTION: 1691



 NPF -- NODE PROPERTY FLOW PACKAGE, VERSION 1, 3/30/2015 INPUT READ FROM UNIT 1007


 # File generated by Flopy version 3.9.3 on 11/02/2025 at 08:23:03.
 PROCESSING NPF OPTIONS
    SPECIFIC DISCHARGE WILL BE CALCULATED AT CELL CENTERS AND WRITTEN TO DATA-SPDIS IN BUDGET FILE WHEN REQUESTED.
 END OF NPF OPTIONS

 GHB   -- GHB PACKAGE, VERSION 8, 2/22/2014 INPUT READ FROM UNIT 1010
 # File generated by Flopy version 3.9.3 on 11/02/2025 at 08:23:03.

 PROCESSING GHB OPTIONS
    FLOWS WILL BE SAVED TO BUDGET FILE SPECIFIED IN OUTPUT CONTROL
    TIME-SERIES DATA WILL BE READ FROM FILE: local_run15.ghb_aw_heads.ts
 # File generated by Flopy version 3.9.3 on 11/02/2025 at 08:23:03.

 OPENED local_run15.ghb_aw_heads.csv
 FILE TYPE:OPEN/CLOSE   UNIT 1020   STATUS:OLD                 
 FORMAT:FORMATTED              ACCESS:SEQUENTIAL          
 ACTION:READ                

 END OF GHB OPTIONS

 PROCESSING GHB DIMENSIONS
    MAXBOUND =     352
 END OF GHB DIMENSIONS

 GHB   -- GHB PACKAGE, VERSION 8, 2/22/2014 INPUT READ FROM UNIT 1011
 # File generated by Flopy version 3.9.3 on 11/02/2025 at 08:23:03.

 PROCESSING GHB OPTIONS
    FLOWS WILL BE SAVED TO BUDGET FILE SPECIFIED IN OUTPUT CONTROL
    TIME-SERIES DATA WILL BE READ FROM FILE: local_run15.ghb_conf_heads.ts
 # File generated by Flopy version 3.9.3 on 11/02/2025 at 08:23:03.

 OPENED local_run15.ghb_conf_heads.csv
 FILE TYPE:OPEN/CLOSE   UNIT 1022   STATUS:OLD                 
 FORMAT:FORMATTED              ACCESS:SEQUENTIAL          
 ACTION:READ                

 END OF GHB OPTIONS

 PROCESSING GHB DIMENSIONS
    MAXBOUND =    1423
 END OF GHB DIMENSIONS

 GHB   -- GHB PACKAGE, VERSION 8, 2/22/2014 INPUT READ FROM UNIT 1012
 # File generated by Flopy version 3.9.3 on 11/02/2025 at 08:23:03.

 PROCESSING GHB OPTIONS
    FLOWS WILL BE SAVED TO BUDGET FILE SPECIFIED IN OUTPUT CONTROL
    TIME-SERIES DATA WILL BE READ FROM FILE: local_run15.ghb_pw_heads.ts
 # File generated by Flopy version 3.9.3 on 11/02/2025 at 08:23:03.

 OPENED local_run15.ghb_pw_heads.csv
 FILE TYPE:OPEN/CLOSE   UNIT 1024   STATUS:OLD                 
 FORMAT:FORMATTED              ACCESS:SEQUENTIAL          
 ACTION:READ                

 END OF GHB OPTIONS

 PROCESSING GHB DIMENSIONS
    MAXBOUND =      25
 END OF GHB DIMENSIONS

 GHB   -- GHB PACKAGE, VERSION 8, 2/22/2014 INPUT READ FROM UNIT 1013
 # File generated by Flopy version 3.9.3 on 11/02/2025 at 08:23:03.

 PROCESSING GHB OPTIONS
    FLOWS WILL BE SAVED TO BUDGET FILE SPECIFIED IN OUTPUT CONTROL
    TIME-SERIES DATA WILL BE READ FROM FILE: local_run15.ghb_spring_heads.ts
 # File generated by Flopy version 3.9.3 on 11/02/2025 at 08:23:03.

 OPENED local_run15.ghb_spring_heads.csv
 FILE TYPE:OPEN/CLOSE   UNIT 1026   STATUS:OLD                 
 FORMAT:FORMATTED              ACCESS:SEQUENTIAL          
 ACTION:READ                

 END OF GHB OPTIONS

 PROCESSING GHB DIMENSIONS
    MAXBOUND =      12
 END OF GHB DIMENSIONS

 RCH   -- RCH PACKAGE, VERSION 8, 2/22/2014 INPUT READ FROM UNIT 1009
 # File generated by Flopy version 3.9.3 on 11/02/2025 at 08:23:03.

 PROCESSING RCH OPTIONS
    RECHARGE INPUT WILL BE READ AS ARRAY(S).
    FLOWS WILL BE SAVED TO BUDGET FILE SPECIFIED IN OUTPUT CONTROL
 END OF RCHA OPTIONS

 IC -- INITIAL CONDITIONS PACKAGE, VERSION 8, 3/28/2015 INPUT READ FROM UNIT 1008
 # File generated by Flopy version 3.9.3 on 11/02/2025 at 08:23:03.
 PROCESSING IC OPTIONS
 END OF IC OPTIONS
 PROCESSING GRIDDATA
 END PROCESSING GRIDDATA
 PROCESSING GRIDDATA

                ICELLTYPE = 0

 OPENED local_run15.npf_k_layer1.txt
 FILE TYPE:OPEN/CLOSE   UNIT 1027   STATUS:OLD                 
 FORMAT:FORMATTED              ACCESS:SEQUENTIAL          
 ACTION:READ                


                        K

               1          2          3          4          5          6          7          8          9         10         11
              12         13         14         15         16         17         18         19         20         21         22
              23         24         25         26         27         28         29         30         31         32         33
              34         35         36         37         38         39         40         41         42         43         44
              45         46         47         48         49         50         51         52         53         54         55
              56         57         58         59         60         61         62         63         64         65         66
              67         68         69         70         71         72         73         74         75         76         77
              78         79         80         81         82         83         84         85         86         87         88
              89         90         91         92         93         94         95         96         97         98         99
             100        101        102        103        104        105        106        107        108        109        110
             111        112        113        114        115        116        117        118        119        120        121
             122        123        124        125        126        127        128        129        130        131        132
             133        134        135        136        137        138        139        140        141        142        143
             144        145        146        147        148        149        150        151        152        153        154
             155        156        157        158        159        160        161        162        163        164        165
             166        167        168        169        170        171        172        173        174        175        176
             177        178        179        180        181        182        183        184        185        186        187
             188        189        190        191        192        193        194        195        196        197        198
             199        200        201        202        203        204        205        206        207        208        209
             210        211        212        213        214        215        216        217        218        219        220
             221        222        223        224        225        226        227        228        229        230        231
             232        233        234        235        236        237        238        239        240        241        242
             243        244        245        246        247        248        249        250        251        252        253
             254        255        256        257        258        259        260        261        262        263        264
             265        266        267        268        269        270        271        272        273        274        275
             276        277        278        279        280        281        282        283        284        285        286
             287        288        289        290        291        292        293        294        295        296        297
             298        299        300        301        302        303        304        305        306        307        308
             309        310        311        312        313        314        315        316        317        318        319
             320        321        322        323        324        325        326        327        328        329        330
             331        332        333        334        335        336        337        338        339        340        341
             342        343        344        345        346        347        348        349        350        351        352
             353        354        355        356        357        358        359        360        361        362        363
             364        365        366        367        368        369        370        371        372        373        374
             375        376        377        378        379        380        381        382        383        384        385
             386        387        388        389        390        391        392        393        394        395        396
             397        398        399        400        401        402        403        404        405        406        407
             408        409        410        411        412        413        414        415        416        417        418
             419        420        421        422        423        424        425        426        427        428        429
             430        431        432        433        434        435        436        437        438        439        440
             441        442        443        444        445        446        447        448        449        450        451
             452        453        454        455        456        457        458        459        460        461        462
             463        464        465        466        467        468        469        470        471        472        473
             474        475        476        477        478        479        480        481        482        483        484
             485        486        487        488        489        490        491        492        493        494        495
             496        497        498        499        500        501        502        503        504        505        506
             507        508        509        510        511        512        513        514        515        516        517
             518        519        520        521        522        523        524        525        526        527        528
             529        530        531        532        533        534        535        536        537        538        539
             540        541        542        543        544        545        546        547        548        549        550
             551        552        553        554        555        556        557        558        559        560        561
             562        563        564        565        566        567        568        569        570        571        572
             573        574        575        576        577        578        579        580        581        582        583
             584        585        586        587        588        589        590        591        592        593        594
             595        596        597        598        599        600        601        602        603        604        605
             606        607        608        609        610        611        612        613        614        615        616
             617        618        619        620        621        622        623        624        625        626        627
             628        629        630        631        632        633        634        635        636        637        638
             639        640        641        642        643        644        645        646        647        648        649
             650        651        652        653        654        655        656        657        658        659        660
             661        662        663        664        665        666        667        668        669        670        671
             672        673        674        675        676        677        678        679        680        681        682
             683        684        685        686        687        688        689        690        691        692        693
             694        695        696        697        698        699        700        701        702        703        704
             705        706        707        708        709        710        711        712        713        714        715
             716        717        718        719        720        721        722        723        724        725        726
             727        728        729        730        731        732        733        734        735        736        737
             738        739        740        741        742        743        744        745        746        747        748
             749        750        751        752        753        754        755        756        757        758        759
             760        761        762        763        764        765        766        767        768        769        770
             771        772        773        774        775        776        777        778        779        780        781
             782        783        784        785        786        787        788        789        790        791        792
             793        794        795        796        797        798        799        800        801        802        803
             804        805        806        807        808        809        810        811        812        813        814
             815        816        817        818        819        820        821        822        823        824        825
             826        827        828        829        830        831        832        833        834        835        836
             837        838        839        840        841        842        843        844        845        846        847
             848        849        850        851        852        853        854        855        856        857        858
             859        860        861        862        863        864        865        866        867        868        869
             870        871        872        873        874        875        876        877        878        879        880
             881        882        883        884        885        886        887        888        889        890        891
             892        893        894        895        896        897        898        899        900        901        902
             903        904        905        906        907        908        909        910        911        912        913
             914        915        916        917        918        919        920        921        922        923        924
             925        926        927        928        929        930        931        932        933        934        935
             936        937        938        939        940        941        942        943        944        945        946
             947        948        949        950        951        952        953        954        955        956        957
             958        959        960        961        962        963        964        965        966        967        968
             969        970        971        972        973        974        975        976        977        978        979
             980        981        982        983        984        985        986        987        988        989        990
             991        992        993        994        995        996        997        998        999       1000       1001
            1002       1003       1004       1005       1006       1007       1008       1009       1010       1011       1012
            1013       1014       1015       1016       1017       1018       1019       1020       1021       1022       1023
            1024       1025       1026       1027       1028       1029       1030       1031       1032       1033       1034
            1035       1036       1037       1038       1039       1040       1041       1042       1043       1044       1045
            1046       1047       1048       1049       1050       1051       1052       1053       1054       1055       1056
            1057       1058       1059       1060       1061       1062       1063       1064       1065       1066       1067
            1068       1069       1070       1071       1072       1073       1074       1075       1076       1077       1078
            1079       1080       1081       1082       1083       1084       1085       1086       1087       1088       1089
            1090       1091       1092       1093       1094       1095       1096       1097       1098       1099       1100
            1101       1102       1103       1104       1105       1106       1107       1108       1109       1110       1111
            1112       1113       1114       1115       1116       1117       1118       1119       1120       1121       1122
            1123       1124       1125       1126       1127       1128       1129       1130       1131       1132       1133
            1134       1135       1136       1137       1138       1139       1140       1141       1142       1143       1144
            1145       1146       1147       1148       1149       1150       1151       1152       1153       1154       1155
            1156       1157       1158       1159       1160       1161       1162       1163       1164       1165       1166
            1167       1168       1169       1170       1171       1172       1173       1174       1175       1176       1177
            1178       1179       1180       1181       1182       1183       1184       1185       1186       1187       1188
            1189       1190       1191       1192       1193       1194       1195       1196       1197       1198       1199
            1200       1201       1202       1203       1204       1205       1206       1207       1208       1209       1210
            1211       1212       1213       1214       1215       1216       1217       1218       1219       1220       1221
            1222       1223       1224       1225       1226       1227       1228       1229       1230       1231       1232
            1233       1234       1235       1236       1237       1238       1239       1240       1241       1242       1243
            1244       1245       1246       1247       1248       1249       1250       1251       1252       1253       1254
            1255       1256       1257       1258       1259       1260       1261       1262       1263       1264       1265
            1266       1267       1268       1269       1270       1271       1272       1273       1274       1275       1276
            1277       1278       1279       1280       1281       1282       1283       1284       1285       1286       1287
            1288       1289       1290       1291       1292       1293       1294       1295       1296       1297       1298
            1299       1300       1301       1302       1303       1304       1305       1306       1307       1308       1309
            1310       1311       1312       1313       1314       1315       1316       1317       1318       1319       1320
            1321       1322       1323       1324       1325       1326       1327       1328       1329       1330       1331
            1332       1333       1334       1335       1336       1337       1338       1339       1340       1341       1342
            1343       1344       1345       1346       1347       1348       1349       1350       1351       1352       1353
            1354       1355       1356       1357       1358       1359       1360       1361       1362       1363       1364
            1365       1366       1367       1368       1369       1370       1371       1372       1373       1374       1375
            1376       1377       1378       1379       1380       1381       1382       1383       1384       1385       1386
            1387       1388       1389       1390       1391       1392       1393       1394       1395       1396       1397
            1398       1399       1400       1401       1402       1403       1404       1405       1406       1407       1408
            1409       1410       1411       1412       1413       1414       1415       1416       1417       1418       1419
            1420       1421       1422       1423       1424       1425       1426       1427       1428       1429       1430
            1431       1432       1433       1434       1435       1436       1437       1438       1439       1440       1441
            1442       1443       1444       1445       1446       1447       1448       1449       1450       1451       1452
            1453       1454       1455       1456       1457       1458       1459       1460       1461       1462       1463
            1464       1465       1466       1467       1468       1469       1470       1471       1472       1473       1474
            1475       1476       1477       1478       1479       1480       1481       1482       1483       1484       1485
            1486       1487       1488       1489       1490       1491       1492       1493       1494       1495       1496
            1497       1498       1499       1500       1501       1502       1503       1504       1505       1506       1507
            1508       1509       1510       1511       1512       1513       1514       1515       1516       1517       1518
            1519       1520       1521       1522       1523       1524       1525       1526       1527       1528       1529
            1530       1531       1532       1533       1534       1535       1536       1537       1538       1539       1540
            1541       1542       1543       1544       1545       1546       1547       1548       1549       1550       1551
            1552       1553       1554       1555       1556       1557       1558       1559       1560       1561       1562
            1563       1564       1565       1566       1567       1568       1569       1570       1571       1572       1573
            1574       1575       1576       1577       1578       1579       1580       1581       1582       1583       1584
            1585       1586       1587       1588       1589       1590       1591       1592       1593       1594       1595
            1596       1597       1598       1599       1600       1601       1602       1603       1604       1605       1606
            1607       1608       1609       1610       1611       1612       1613       1614       1615       1616       1617
            1618       1619       1620       1621       1622       1623       1624       1625       1626       1627       1628
            1629       1630       1631       1632       1633       1634       1635       1636       1637       1638       1639
            1640       1641       1642       1643       1644       1645       1646       1647       1648       1649       1650
            1651       1652       1653       1654       1655       1656       1657       1658       1659       1660       1661
            1662       1663       1664       1665       1666       1667       1668       1669       1670       1671       1672
            1673       1674       1675       1676       1677       1678       1679       1680       1681       1682       1683
            1684       1685       1686       1687       1688       1689       1690       1691       1692       1693       1694
            1695       1696       1697       1698       1699       1700       1701       1702       1703       1704       1705
            1706       1707       1708       1709       1710       1711       1712       1713       1714       1715       1716
            1717       1718       1719       1720       1721       1722       1723       1724       1725       1726       1727
            1728       1729       1730       1731       1732       1733       1734       1735       1736       1737       1738
            1739       1740       1741       1742       1743       1744       1745       1746       1747       1748       1749
            1750       1751       1752       1753       1754       1755       1756       1757       1758       1759       1760
            1761       1762       1763       1764       1765       1766       1767       1768       1769       1770       1771
            1772       1773       1774       1775       1776       1777       1778       1779       1780       1781       1782
            1783       1784       1785       1786       1787       1788       1789       1790       1791       1792       1793
            1794       1795       1796       1797       1798       1799       1800       1801       1802       1803       1804
            1805       1806       1807       1808       1809       1810       1811       1812       1813       1814       1815
            1816       1817       1818       1819       1820       1821       1822       1823       1824       1825       1826
            1827       1828       1829       1830       1831       1832       1833       1834       1835       1836       1837
            1838       1839       1840       1841       1842       1843       1844       1845       1846       1847       1848
            1849       1850       1851       1852       1853       1854       1855       1856       1857       1858       1859
            1860       1861       1862       1863       1864       1865       1866       1867       1868       1869       1870
            1871       1872       1873       1874       1875       1876       1877       1878       1879       1880       1881
            1882       1883       1884       1885       1886       1887       1888       1889       1890       1891       1892
            1893       1894       1895       1896       1897       1898       1899       1900       1901       1902       1903
            1904       1905       1906       1907       1908       1909       1910       1911       1912       1913       1914
            1915       1916       1917       1918       1919       1920       1921       1922       1923       1924       1925
            1926       1927       1928       1929       1930       1931       1932       1933       1934       1935       1936
            1937       1938       1939       1940       1941       1942       1943       1944       1945       1946       1947
            1948       1949       1950       1951       1952       1953       1954       1955       1956       1957       1958
            1959       1960       1961       1962       1963       1964       1965       1966       1967       1968       1969
            1970       1971       1972       1973       1974       1975       1976       1977       1978       1979       1980
            1981       1982       1983       1984       1985       1986       1987       1988       1989       1990       1991
            1992       1993       1994       1995       1996       1997       1998       1999       2000       2001       2002
            2003       2004       2005       2006       2007       2008       2009       2010       2011       2012       2013
            2014       2015       2016       2017       2018       2019       2020       2021       2022       2023       2024
            2025       2026       2027       2028       2029       2030       2031       2032       2033       2034       2035
            2036       2037       2038       2039       2040       2041       2042       2043       2044       2045       2046
            2047       2048       2049       2050       2051       2052       2053       2054       2055       2056       2057
            2058       2059       2060       2061       2062       2063       2064       2065       2066       2067       2068
            2069       2070       2071       2072       2073       2074       2075       2076       2077       2078       2079
            2080       2081       2082       2083       2084       2085       2086       2087       2088       2089       2090
            2091       2092       2093       2094       2095       2096       2097       2098       2099       2100       2101
            2102       2103       2104       2105       2106       2107       2108       2109       2110       2111       2112
            2113       2114       2115       2116       2117       2118       2119       2120       2121       2122       2123
            2124       2125       2126       2127       2128       2129       2130       2131       2132       2133       2134
            2135       2136       2137       2138       2139       2140       2141       2142       2143       2144       2145
            2146       2147       2148       2149       2150       2151       2152       2153       2154       2155       2156
            2157       2158       2159       2160       2161       2162       2163       2164       2165       2166       2167
            2168       2169       2170       2171       2172       2173       2174       2175       2176       2177       2178
            2179       2180       2181       2182       2183       2184       2185       2186       2187       2188       2189
            2190       2191       2192       2193       2194       2195       2196       2197       2198       2199       2200
            2201       2202       2203       2204       2205       2206       2207       2208       2209       2210       2211
            2212       2213       2214       2215       2216       2217       2218       2219       2220       2221       2222
            2223       2224       2225       2226       2227       2228       2229       2230       2231       2232       2233
            2234       2235       2236       2237       2238       2239       2240       2241       2242       2243       2244
            2245       2246       2247       2248       2249       2250       2251       2252       2253       2254       2255
            2256       2257       2258       2259       2260       2261       2262       2263       2264       2265       2266
            2267       2268       2269       2270       2271       2272       2273       2274       2275       2276       2277
            2278       2279       2280       2281       2282       2283       2284       2285       2286       2287       2288
            2289       2290       2291       2292       2293       2294       2295       2296       2297       2298       2299
            2300       2301       2302       2303       2304       2305       2306       2307       2308       2309       2310
            2311       2312       2313       2314       2315       2316       2317       2318       2319       2320       2321
            2322       2323       2324       2325       2326       2327       2328       2329       2330       2331       2332
            2333       2334       2335       2336       2337       2338       2339       2340       2341       2342       2343
            2344       2345       2346       2347       2348       2349       2350       2351       2352       2353       2354
            2355       2356       2357       2358       2359       2360       2361       2362       2363       2364       2365
            2366       2367       2368       2369       2370       2371       2372       2373       2374       2375       2376
            2377       2378       2379       2380       2381       2382       2383       2384       2385       2386       2387
            2388       2389       2390       2391       2392       2393       2394       2395       2396       2397       2398
            2399       2400       2401       2402       2403       2404       2405       2406       2407       2408       2409
            2410       2411       2412       2413       2414       2415       2416       2417       2418       2419       2420
            2421       2422       2423       2424       2425       2426       2427       2428       2429       2430       2431
            2432       2433       2434       2435       2436       2437       2438       2439       2440       2441       2442
            2443       2444       2445       2446       2447       2448       2449       2450       2451       2452       2453
            2454       2455       2456       2457       2458       2459       2460       2461       2462       2463       2464
            2465       2466       2467       2468       2469       2470       2471       2472       2473       2474       2475
            2476       2477       2478       2479       2480       2481       2482       2483       2484       2485       2486
            2487       2488       2489       2490       2491       2492       2493       2494       2495       2496       2497
            2498       2499       2500       2501       2502       2503       2504       2505       2506       2507       2508
            2509       2510       2511       2512       2513       2514       2515       2516       2517       2518       2519
            2520       2521       2522       2523       2524       2525       2526       2527       2528       2529       2530
            2531       2532       2533       2534       2535       2536       2537       2538       2539       2540       2541
            2542       2543       2544       2545       2546       2547       2548       2549       2550       2551       2552
            2553       2554       2555       2556       2557       2558       2559       2560       2561       2562       2563
            2564       2565       2566       2567       2568       2569       2570       2571       2572       2573       2574
            2575       2576       2577       2578       2579       2580       2581       2582       2583       2584       2585
            2586       2587       2588       2589       2590       2591       2592       2593       2594       2595       2596
            2597       2598       2599       2600       2601       2602       2603       2604       2605       2606       2607
            2608       2609       2610       2611       2612       2613       2614       2615       2616       2617       2618
            2619       2620       2621       2622       2623       2624       2625       2626       2627       2628       2629
            2630       2631       2632       2633       2634       2635       2636       2637       2638       2639       2640
            2641       2642       2643       2644       2645       2646       2647       2648       2649       2650       2651
            2652       2653       2654       2655       2656       2657       2658       2659       2660       2661       2662
            2663       2664       2665       2666       2667       2668       2669       2670       2671       2672       2673
            2674       2675       2676       2677       2678       2679
 .............................................................................................................................
   1    10.0       10.0       10.0       10.0       10.0       10.0       10.0       10.0       10.0       10.0       10.0    
        10.0       10.0       10.0       10.0       10.0       10.0       10.0       10.0       10.0       10.0       10.0    
        10.0       10.0       10.0       10.0       10.0       10.0       10.0       10.0       10.0       10.0       10.0    
        10.0       10.0       10.0       10.0       10.0       10.0       10.0       10.0       10.0       10.0       10.0    
        10.0       10.0       10.0       10.0       10.0       10.0       10.0       10.0       10.0       10.0       10.0    
        10.0       10.0       10.0       10.0       10.0       10.0       10.0       10.0       10.0       10.0       10.0    
        10.0       10.0       10.0       10.0       10.0       10.0       10.0       10.0       10.0       10.0       10.0    
        10.0       10.0       10.0       10.0       10.0       10.0       10.0       10.0       10.0       10.0       10.0    
        10.0       10.0       10.0       10.0       10.0       10.0       10.0       10.0       10.0       10.0       10.0    
        10.0       10.0       10.0       10.0       10.0       10.0       10.0       10.0       10.0       10.0       10.0    
        10.0       10.0       10.0       10.0       10.0       10.0       10.0       10.0       10.0       10.0       10.0    
        10.0       10.0       10.0       10.0       10.0       10.0       10.0       10.0       10.0       10.0       10.0    
        10.0       10.0       10.0       10.0       10.0       10.0       10.0       10.0       10.0       10.0       10.0    
        10.0       10.0       10.0       10.0       10.0       10.0       10.0       10.0       10.0       10.0       10.0    
        10.0       10.0       10.0       10.0       10.0       10.0       10.0       10.0       10.0       10.0       10.0    
        10.0       10.0       10.0       10.0       10.0       10.0       10.0       10.0       10.0       10.0       10.0    
        10.0       10.0       10.0       10.0       10.0       10.0       10.0       10.0       10.0       10.0       10.0    
        10.0       10.0       10.0       10.0       10.0       10.0       10.0       10.0       10.0       10.0       10.0    
        10.0       10.0       10.0       10.0       10.0       10.0       10.0       10.0       10.0       10.0       10.0    
        10.0       10.0       10.0       10.0       10.0       10.0       10.0       10.0       10.0       10.0       10.0    
        10.0       10.0       10.0       10.0       10.0       10.0       10.0       10.0       10.0       10.0       10.0    
        10.0       10.0       10.0       10.0       10.0       10.0       10.0       10.0       10.0       10.0       10.0    
        10.0       10.0       10.0       10.0       10.0       10.0       10.0       10.0       10.0       10.0       10.0    
        10.0       10.0       10.0       10.0       10.0       10.0       10.0       10.0       10.0       10.0       10.0    
        10.0       10.0       10.0       10.0       10.0       10.0       10.0       10.0       10.0       10.0       10.0    
        10.0       10.0       10.0       10.0       10.0       10.0       10.0       10.0       10.0       10.0       10.0    
        10.0       10.0       10.0       10.0       10.0       10.0       10.0       10.0       10.0       10.0       10.0    
        10.0       10.0       10.0       10.0       10.0       10.0       10.0       10.0       10.0       10.0       10.0    
        10.0       10.0       10.0       10.0       10.0       10.0       10.0       10.0       10.0       10.0       10.0    
        10.0       10.0       10.0       10.0       10.0       10.0       10.0       10.0       10.0       10.0       10.0    
        10.0       10.0       10.0       10.0       10.0       10.0       10.0       10.0       10.0       10.0       10.0    
        10.0       10.0       10.0       10.0       10.0       10.0       10.0       10.0       10.0       10.0       10.0    
        10.0       10.0       10.0       10.0       10.0       10.0       10.0       10.0       10.0       10.0       10.0    
        10.0       10.0       10.0       10.0       10.0       10.0       10.0       10.0       10.0       10.0       10.0    
        10.0       10.0       10.0       10.0       10.0       10.0       10.0       10.0       10.0       10.0       10.0    
        10.0       10.0       10.0       10.0       10.0       10.0       10.0       10.0       10.0       10.0       10.0    
        10.0       10.0       10.0       10.0       10.0       10.0       10.0       10.0       10.0       10.0       10.0    
        10.0       10.0       10.0       10.0       10.0       10.0       10.0       10.0       10.0       10.0       10.0    
        10.0       10.0       10.0       10.0       10.0       10.0       10.0       10.0       10.0       10.0       10.0    
        10.0       10.0       10.0       10.0       10.0       10.0       10.0       10.0       10.0       10.0       10.0    
        10.0       10.0       10.0       10.0       10.0       10.0       10.0       10.0       10.0       10.0       10.0    
        10.0       10.0       10.0       10.0       10.0       10.0       10.0       10.0       10.0       10.0       10.0    
        10.0       10.0       10.0       10.0       10.0       10.0       10.0       10.0       10.0       10.0       10.0    
        10.0       10.0       10.0       10.0       10.0       10.0       10.0       10.0       10.0       10.0       10.0    
        10.0       10.0       10.0       10.0       10.0       10.0       10.0       10.0       10.0       10.0       10.0    
        10.0       10.0       10.0       10.0       10.0       10.0       10.0       10.0       10.0       10.0       10.0    
        10.0       10.0       10.0       10.0       10.0       10.0       10.0       10.0       10.0       10.0       10.0    
        10.0       10.0       10.0       10.0       10.0       10.0       10.0       10.0       10.0       10.0       10.0    
        10.0       10.0       10.0       10.0       10.0       10.0       10.0       10.0       10.0       10.0       10.0    
        10.0       10.0       10.0       10.0       10.0       10.0       10.0       10.0       10.0       10.0       10.0    
        10.0       10.0       10.0       10.0       10.0       10.0       10.0       10.0       10.0       10.0       10.0    
        10.0       10.0       10.0       10.0       10.0       10.0       10.0       10.0       10.0       10.0       10.0    
        10.0       10.0       10.0       10.0       10.0       10.0       10.0       10.0       10.0       10.0       10.0    
        10.0       10.0       10.0       10.0       10.0       10.0       10.0       10.0       10.0       10.0       10.0    
        10.0       10.0       10.0       10.0       10.0       10.0       10.0       10.0       10.0       10.0       10.0    
        10.0       10.0       10.0       10.0       10.0       10.0       10.0       10.0       10.0       10.0       10.0    
        10.0       10.0       10.0       10.0       10.0       10.0       10.0       10.0       10.0       10.0       10.0    
        10.0       10.0       10.0       10.0       10.0       10.0       10.0       10.0       10.0       10.0       10.0    
        10.0       10.0       10.0       10.0       10.0       10.0       10.0       10.0       10.0       10.0       10.0    
        10.0       10.0       10.0       10.0       10.0       10.0       10.0       10.0       10.0       10.0       10.0    
        10.0       10.0       10.0       10.0       10.0       10.0       10.0       10.0       10.0       10.0       10.0    
        10.0       10.0       10.0       10.0       10.0       10.0       10.0       10.0       10.0       10.0       10.0    
        10.0       10.0       10.0       10.0       10.0       10.0       10.0       10.0       10.0       10.0       10.0    
        10.0       10.0       10.0       10.0       10.0       10.0       10.0       10.0       10.0       10.0       10.0    
        10.0       10.0       10.0       10.0       10.0       10.0       10.0       10.0       10.0       10.0       10.0    
        10.0       10.0       10.0       10.0       10.0       10.0       10.0       10.0       10.0       10.0       10.0    
        10.0       10.0       10.0       10.0       10.0       10.0       10.0       10.0       10.0       10.0       10.0    
        10.0       10.0       10.0       10.0       10.0       10.0       10.0       10.0       10.0       10.0       10.0    
        10.0       10.0       10.0       10.0       10.0       10.0       10.0       10.0       10.0       10.0       10.0    
        10.0       10.0       10.0       10.0       10.0       10.0       10.0       10.0       10.0       10.0       10.0    
        10.0       10.0       10.0       10.0       10.0       10.0       10.0       10.0       10.0       10.0       10.0    
        10.0       10.0       10.0       10.0       10.0       10.0       10.0       10.0       10.0       10.0       10.0    
        10.0       10.0       10.0       10.0       10.0       10.0       10.0       10.0       10.0       10.0       10.0    
        10.0       10.0       10.0       10.0       10.0       10.0       10.0       10.0       10.0       10.0       10.0    
        10.0       10.0       10.0       10.0       10.0       10.0       10.0       10.0       10.0       10.0       10.0    
        10.0       10.0       10.0       10.0       10.0       10.0       10.0       10.0       10.0       10.0       10.0    
        10.0       10.0       10.0       10.0       10.0       10.0       10.0       10.0       10.0       10.0       10.0    
        10.0       10.0       10.0       10.0       10.0       10.0       10.0       10.0       10.0       10.0       10.0    
        10.0       10.0       10.0       10.0       10.0       10.0       10.0       10.0       10.0       10.0       10.0    
        10.0       10.0       10.0       10.0       10.0       10.0       10.0       10.0       10.0       10.0       10.0    
        10.0       10.0       10.0       10.0       10.0       10.0       10.0       10.0       10.0       10.0       10.0    
        10.0       10.0       10.0       10.0       10.0       10.0       10.0       10.0       10.0       10.0       10.0    
        10.0       10.0       10.0       10.0       10.0       10.0       10.0       10.0       10.0       10.0       10.0    
        10.0       10.0       10.0       10.0       10.0       10.0       10.0       10.0       10.0       10.0       10.0    
        10.0       10.0       10.0       10.0       10.0       10.0       10.0       10.0       10.0       10.0       10.0    
        10.0       10.0       10.0       10.0       10.0       10.0       10.0       10.0       10.0       10.0       10.0    
        10.0       10.0       10.0       10.0       10.0       10.0       10.0       10.0       10.0       10.0       10.0    
        10.0       10.0       10.0       10.0       10.0       10.0       10.0       10.0       10.0       10.0       10.0    
        10.0       10.0       10.0       10.0       10.0       10.0       10.0       10.0       10.0       10.0       10.0    
        10.0       10.0       10.0       10.0       10.0       10.0       10.0       10.0       10.0       10.0       10.0    
        10.0       10.0       10.0       10.0       10.0       10.0       10.0       10.0       10.0       10.0       10.0    
        10.0       10.0       10.0       10.0       10.0       10.0       10.0       10.0       10.0       10.0       10.0    
        10.0       10.0       10.0       10.0       10.0       10.0       10.0       10.0       10.0       10.0       10.0    
        10.0       10.0       10.0       10.0       10.0       10.0       10.0       10.0       10.0       10.0       10.0    
        10.0       10.0       10.0       10.0       10.0       10.0       10.0       10.0       10.0       10.0       10.0    
        10.0       10.0       10.0       10.0       10.0       10.0       10.0       10.0       10.0       10.0       10.0    
        10.0       10.0       10.0       10.0       10.0       10.0       10.0       10.0       10.0       10.0       10.0    
        10.0       10.0       10.0       10.0       10.0       10.0       10.0       10.0       10.0       10.0       10.0    
        10.0       10.0       10.0       10.0       10.0       10.0       10.0       10.0       10.0       10.0       10.0    
        10.0       10.0       10.0       10.0       10.0       10.0       10.0       10.0       10.0       10.0       10.0    
        10.0       10.0       10.0       10.0       10.0       10.0       10.0       10.0       10.0       10.0       10.0    
        10.0       10.0       10.0       10.0       10.0       10.0       10.0       10.0       10.0       10.0       10.0    
        10.0       10.0       10.0       10.0       10.0       10.0       10.0       10.0       10.0       10.0       10.0    
        10.0       10.0       10.0       10.0       10.0       10.0       10.0       10.0       10.0       10.0       10.0    
        10.0       10.0       10.0       10.0       10.0       10.0       10.0       10.0       10.0       10.0       10.0    
        10.0       10.0       10.0       10.0       10.0       10.0       10.0       10.0       10.0       10.0       10.0    
        10.0       10.0       10.0       10.0       10.0       10.0       10.0       10.0       10.0       10.0       10.0    
        10.0       10.0       10.0       10.0       10.0       10.0       10.0       10.0       10.0       10.0       10.0    
        10.0       10.0       10.0       10.0       10.0       10.0       10.0       10.0       10.0       10.0       10.0    
        10.0       10.0       10.0       10.0       10.0       10.0       10.0       10.0       10.0       10.0       10.0    
        10.0       10.0       10.0       10.0       10.0       10.0       10.0       10.0       10.0       10.0       10.0    
        10.0       10.0       10.0       10.0       10.0       10.0       10.0       10.0       10.0       10.0       10.0    
        10.0       10.0       10.0       10.0       10.0       10.0       10.0       10.0       10.0       10.0       10.0    
        10.0       10.0       10.0       10.0       10.0       10.0       10.0       10.0       10.0       10.0       10.0    
        10.0       10.0       10.0       10.0       10.0       10.0       10.0       10.0       10.0       10.0       10.0    
        10.0       10.0       10.0       10.0       10.0       10.0       10.0       10.0       10.0       10.0       10.0    
        10.0       10.0       10.0       10.0       10.0       10.0       10.0       10.0       10.0       10.0       10.0    
        10.0       10.0       10.0       10.0       10.0       10.0       10.0       10.0       10.0       10.0       10.0    
        10.0       10.0       10.0       10.0       10.0       10.0       10.0       10.0       10.0       10.0       10.0    
        10.0       10.0       10.0       10.0       10.0       10.0       10.0       10.0       10.0       10.0       10.0    
        10.0       10.0       10.0       10.0       10.0       10.0       10.0       10.0       10.0       10.0       10.0    
        10.0       10.0       10.0       10.0       10.0       10.0       10.0       10.0       10.0       10.0       10.0    
        10.0       10.0       10.0       10.0       10.0       10.0       10.0       10.0       10.0       10.0       10.0    
        10.0       10.0       10.0       10.0       10.0       10.0       10.0       10.0       10.0       10.0       10.0    
        10.0       10.0       10.0       10.0       10.0       10.0       10.0       10.0       10.0       10.0       10.0    
        10.0       10.0       10.0       10.0       10.0       10.0       10.0       10.0       10.0       10.0       10.0    
        10.0       10.0       10.0       10.0       10.0       10.0       10.0       10.0       10.0       10.0       10.0    
        10.0       10.0       10.0       10.0       10.0       10.0       10.0       10.0       10.0       10.0       10.0    
        10.0       10.0       10.0       10.0       10.0       10.0       10.0       10.0       10.0       10.0       10.0    
        10.0       10.0       10.0       10.0       10.0       10.0       10.0       10.0       10.0       10.0       10.0    
        10.0       10.0       10.0       10.0       10.0       10.0       10.0       10.0       10.0       10.0       10.0    
        10.0       10.0       10.0       10.0       10.0       10.0       10.0       10.0       10.0       10.0       10.0    
        10.0       10.0       10.0       10.0       10.0       10.0       10.0       10.0       10.0       10.0       10.0    
        10.0       10.0       10.0       10.0       10.0       10.0       10.0       10.0       10.0       10.0       10.0    
        10.0       10.0       10.0       10.0       10.0       10.0       10.0       10.0       10.0       10.0       10.0    
        10.0       10.0       10.0       10.0       10.0       10.0       10.0       10.0       10.0       10.0       10.0    
        10.0       10.0       10.0       10.0       10.0       10.0       10.0       10.0       10.0       10.0       10.0    
        10.0       10.0       10.0       10.0       10.0       10.0       10.0       10.0       10.0       10.0       10.0    
        10.0       10.0       10.0       10.0       10.0       10.0       10.0       10.0       10.0       10.0       10.0    
        10.0       10.0       10.0       10.0       10.0       10.0       10.0       10.0       10.0       10.0       10.0    
        10.0       10.0       10.0       10.0       10.0       10.0       10.0       10.0       10.0       10.0       10.0    
        10.0       10.0       10.0       10.0       10.0       10.0       10.0       10.0       10.0       10.0       10.0    
        10.0       10.0       10.0       10.0       10.0       10.0       10.0       10.0       10.0       10.0       10.0    
        10.0       10.0       10.0       10.0       10.0       10.0       10.0       10.0       10.0       10.0       10.0    
        10.0       10.0       10.0       10.0       10.0       10.0       10.0       10.0       10.0       10.0       10.0    
        10.0       10.0       10.0       10.0       10.0       10.0       10.0       10.0       10.0       10.0       10.0    
        10.0       10.0       10.0       10.0       10.0       10.0       10.0       10.0       10.0       10.0       10.0    
        10.0       10.0       10.0       10.0       10.0       10.0       10.0       10.0       10.0       10.0       10.0    
        10.0       10.0       10.0       10.0       10.0       10.0       10.0       10.0       10.0       10.0       10.0    
        10.0       10.0       10.0       10.0       10.0       10.0       10.0       10.0       10.0       10.0       10.0    
        10.0       10.0       10.0       10.0       10.0       10.0       10.0       10.0       10.0       10.0       10.0    
        10.0       10.0       10.0       10.0       10.0       10.0       10.0       10.0       10.0       10.0       10.0    
        10.0       10.0       10.0       10.0       10.0       10.0       10.0       10.0       10.0       10.0       10.0    
        10.0       10.0       10.0       10.0       10.0       10.0       10.0       10.0       10.0       10.0       10.0    
        10.0       10.0       10.0       10.0       10.0       10.0       10.0       10.0       10.0       10.0       10.0    
        10.0       10.0       10.0       10.0       10.0       10.0       10.0       10.0       10.0       10.0       10.0    
        10.0       10.0       10.0       10.0       10.0       10.0       10.0       10.0       10.0       10.0       10.0    
        10.0       10.0       10.0       10.0       10.0       10.0       10.0       10.0       10.0       10.0       10.0    
        10.0       10.0       10.0       10.0       10.0       10.0       10.0       10.0       10.0       10.0       10.0    
        10.0       10.0       10.0       10.0       10.0       10.0       10.0       10.0       10.0       10.0       10.0    
        10.0       10.0       10.0       10.0       10.0       10.0       10.0       10.0       10.0       10.0       10.0    
        10.0       10.0       10.0       10.0       10.0       10.0       10.0       10.0       10.0       10.0       10.0    
        10.0       10.0       10.0       10.0       10.0       10.0       10.0       10.0       10.0       10.0       10.0    
        10.0       10.0       10.0       10.0       10.0       10.0       10.0       10.0       10.0       10.0       10.0    
        10.0       10.0       10.0       10.0       10.0       10.0       10.0       10.0       10.0       10.0       10.0    
        10.0       10.0       10.0       10.0       10.0       10.0       10.0       10.0       10.0       10.0       10.0    
        10.0       10.0       10.0       10.0       10.0       10.0       10.0       10.0       10.0       10.0       10.0    
        10.0       10.0       10.0       10.0       10.0       10.0       10.0       10.0       10.0       10.0       10.0    
        10.0       10.0       10.0       10.0       10.0       10.0       10.0       10.0       10.0       10.0       10.0    
        10.0       10.0       10.0       10.0       10.0       10.0       10.0       10.0       10.0       10.0       10.0    
        10.0       10.0       10.0       10.0       10.0       10.0       10.0       10.0       10.0       10.0       10.0    
        10.0       10.0       10.0       10.0       10.0       10.0       10.0       10.0       10.0       10.0       10.0    
        10.0       10.0       10.0       10.0       10.0       10.0       10.0       10.0       10.0       10.0       10.0    
        10.0       10.0       10.0       10.0       10.0       10.0       10.0       10.0       10.0       10.0       10.0    
        10.0       10.0       10.0       10.0       10.0       10.0       10.0       10.0       10.0       10.0       10.0    
        10.0       10.0       10.0       10.0       10.0       10.0       10.0       10.0       10.0       10.0       10.0    
        10.0       10.0       10.0       10.0       10.0       10.0       10.0       10.0       10.0       10.0       10.0    
        10.0       10.0       10.0       10.0       10.0       10.0       10.0       10.0       10.0       10.0       10.0    
        10.0       10.0       10.0       10.0       10.0       10.0       10.0       10.0       10.0       10.0       10.0    
        10.0       10.0       10.0       10.0       10.0       10.0       10.0       10.0       10.0       10.0       10.0    
        10.0       10.0       10.0       10.0       10.0       10.0       10.0       10.0       10.0       10.0       10.0    
        10.0       10.0       10.0       10.0       10.0       10.0       10.0       10.0       10.0       10.0       10.0    
        10.0       10.0       10.0       10.0       10.0       10.0       10.0       10.0       10.0       10.0       10.0    
        10.0       10.0       10.0       10.0       10.0       10.0       10.0       10.0       10.0       10.0       10.0    
        10.0       10.0       10.0       10.0       10.0       10.0       10.0       10.0       10.0       10.0       10.0    
        10.0       10.0       10.0       10.0       10.0       10.0       10.0       10.0       10.0       10.0       10.0    
        10.0       10.0       10.0       10.0       10.0       10.0       10.0       10.0       10.0       10.0       10.0    
        10.0       10.0       10.0       10.0       10.0       10.0       10.0       10.0       10.0       10.0       10.0    
        10.0       10.0       10.0       10.0       10.0       10.0       10.0       10.0       10.0       10.0       10.0    
        10.0       10.0       10.0       10.0       10.0       10.0       10.0       10.0       10.0       10.0       10.0    
        10.0       10.0       10.0       10.0       10.0       10.0       10.0       10.0       10.0       10.0       10.0    
        10.0       10.0       10.0       10.0       10.0       10.0       10.0       10.0       10.0       10.0       10.0    
        10.0       10.0       10.0       10.0       10.0       10.0       10.0       10.0       10.0       10.0       10.0    
        10.0       10.0       10.0       10.0       10.0       10.0       10.0       10.0       10.0       10.0       10.0    
        10.0       10.0       10.0       10.0       10.0       10.0       10.0       10.0       10.0       10.0       10.0    
        10.0       10.0       10.0       10.0       10.0       10.0       10.0       10.0       10.0       10.0       10.0    
        10.0       10.0       10.0       10.0       10.0       10.0       10.0       10.0       10.0       10.0       10.0    
        10.0       10.0       10.0       10.0       10.0       10.0       10.0       10.0       10.0       10.0       10.0    
        10.0       10.0       10.0       10.0       10.0       10.0       10.0       10.0       10.0       10.0       10.0    
        10.0       10.0       10.0       10.0       10.0       10.0       10.0       10.0       10.0       10.0       10.0    
        10.0       10.0       10.0       10.0       10.0       10.0       10.0       10.0       10.0       10.0       10.0    
        10.0       10.0       10.0       10.0       10.0       10.0       10.0       10.0       10.0       10.0       10.0    
        10.0       10.0       10.0       10.0       10.0       10.0       10.0       10.0       10.0       10.0       10.0    
        10.0       10.0       10.0       10.0       10.0       10.0       10.0       10.0       10.0       10.0       10.0    
        10.0       10.0       10.0       10.0       10.0       10.0       10.0       10.0       10.0       10.0       10.0    
        10.0       10.0       10.0       10.0       10.0       10.0       10.0       10.0       10.0       10.0       10.0    
        10.0       10.0       10.0       10.0       10.0       10.0       10.0       10.0       10.0       10.0       10.0    
        10.0       10.0       10.0       10.0       10.0       10.0       10.0       10.0       10.0       10.0       10.0    
        10.0       10.0       10.0       10.0       10.0       10.0       10.0       10.0       10.0       10.0       10.0    
        10.0       10.0       10.0       10.0       10.0       10.0       10.0       10.0       10.0       10.0       10.0    
        10.0       10.0       10.0       10.0       10.0       10.0       10.0       10.0       10.0       10.0       10.0    
        10.0       10.0       10.0       10.0       10.0       10.0       10.0       10.0       10.0       10.0       10.0    
        10.0       10.0       10.0       10.0       10.0       10.0       10.0       10.0       10.0       10.0       10.0    
        10.0       10.0       10.0       10.0       10.0       10.0       10.0       10.0       10.0       10.0       10.0    
        10.0       10.0       10.0       10.0       10.0       10.0       10.0       10.0       10.0       10.0       10.0    
        10.0       10.0       10.0       10.0       10.0       10.0       10.0       10.0       10.0       10.0       10.0    
        10.0       10.0       10.0       10.0       10.0       10.0       10.0       10.0       10.0       10.0       10.0    
        10.0       10.0       10.0       10.0       10.0       10.0       10.0       10.0       10.0       10.0       10.0    
        10.0       10.0       10.0       10.0       10.0       10.0       10.0       10.0       10.0       10.0       10.0    
        10.0       10.0       10.0       10.0       10.0       10.0       10.0       10.0       10.0       10.0       10.0    
        10.0       10.0       10.0       10.0       10.0       10.0       10.0       10.0       10.0       10.0       10.0    
        10.0       10.0       10.0       10.0       10.0       10.0       10.0       10.0       10.0       10.0       10.0    
        10.0       10.0       10.0       10.0       10.0       10.0       10.0       10.0       10.0       10.0       10.0    
        10.0       10.0       10.0       10.0       10.0       10.0       10.0       10.0       10.0       10.0       10.0    
        10.0       10.0       10.0       10.0       10.0       10.0       10.0       10.0       10.0       10.0       10.0    
        10.0       10.0       10.0       10.0       10.0       10.0       10.0       10.0       10.0       10.0       10.0    
        10.0       10.0       10.0       10.0       10.0       10.0       10.0       10.0       10.0       10.0       10.0    
        10.0       10.0       10.0       10.0       10.0       10.0       10.0       10.0       10.0       10.0       10.0    
        10.0       10.0       10.0       10.0       10.0       10.0       10.0       10.0       10.0       10.0       10.0    
        10.0       10.0       10.0       10.0       10.0       10.0       10.0       10.0       10.0       10.0       10.0    
        10.0       10.0       10.0       10.0       10.0       10.0       10.0       10.0       10.0       10.0       10.0    
        10.0       10.0       10.0       10.0       10.0       10.0       10.0       10.0       10.0       10.0       10.0    
        10.0       10.0       10.0       10.0       10.0       10.0       10.0       10.0       10.0       10.0       10.0    
        10.0       10.0       10.0       10.0       10.0       10.0       10.0       10.0       10.0       10.0       10.0    
        10.0       10.0       10.0       10.0       10.0       10.0       10.0       10.0       10.0       10.0       10.0    
        10.0       10.0       10.0       10.0       10.0       10.0       10.0       10.0       10.0       10.0       10.0    
        10.0       10.0       10.0       10.0       10.0       10.0       10.0       10.0       10.0       10.0       10.0    
        10.0       10.0       10.0       10.0       10.0       10.0       10.0       10.0       10.0       10.0       10.0    
        10.0       10.0       10.0       10.0       10.0       10.0       10.0       10.0       10.0       10.0       10.0    
        10.0       10.0       10.0       10.0       10.0       10.0       10.0       10.0       10.0       10.0       10.0    
        10.0       10.0       10.0       10.0       10.0       10.0       10.0       10.0       10.0       10.0       10.0    
        10.0       10.0       10.0       10.0       10.0       10.0       10.0       10.0       10.0       10.0       10.0    
        10.0       10.0       10.0       10.0       10.0       10.0       10.0       10.0       10.0       10.0       10.0    
        10.0       10.0       10.0       10.0       10.0       10.0    
 K33 not provided.  Assuming K33 = K.
 K22 not provided.  Assuming K22 = K.
 END PROCESSING GRIDDATA

 STO -- STORAGE PACKAGE, VERSION 1, 5/19/2014 INPUT READ FROM UNIT 1006


 # File generated by Flopy version 3.9.3 on 11/02/2025 at 08:23:03.
 PROCESSING STORAGE OPTIONS
 END OF STORAGE OPTIONS
 PROCESSING GRIDDATA

                 ICONVERT = 0

 OPENED local_run15.sto_ss_layer1.txt
 FILE TYPE:OPEN/CLOSE   UNIT 1028   STATUS:OLD                 
 FORMAT:FORMATTED              ACCESS:SEQUENTIAL          
 ACTION:READ                


         SPECIFIC STORAGE

               1          2          3          4          5          6          7          8          9         10         11
              12         13         14         15         16         17         18         19         20         21         22
              23         24         25         26         27         28         29         30         31         32         33
              34         35         36         37         38         39         40         41         42         43         44
              45         46         47         48         49         50         51         52         53         54         55
              56         57         58         59         60         61         62         63         64         65         66
              67         68         69         70         71         72         73         74         75         76         77
              78         79         80         81         82         83         84         85         86         87         88
              89         90         91         92         93         94         95         96         97         98         99
             100        101        102        103        104        105        106        107        108        109        110
             111        112        113        114        115        116        117        118        119        120        121
             122        123        124        125        126        127        128        129        130        131        132
             133        134        135        136        137        138        139        140        141        142        143
             144        145        146        147        148        149        150        151        152        153        154
             155        156        157        158        159        160        161        162        163        164        165
             166        167        168        169        170        171        172        173        174        175        176
             177        178        179        180        181        182        183        184        185        186        187
             188        189        190        191        192        193        194        195        196        197        198
             199        200        201        202        203        204        205        206        207        208        209
             210        211        212        213        214        215        216        217        218        219        220
             221        222        223        224        225        226        227        228        229        230        231
             232        233        234        235        236        237        238        239        240        241        242
             243        244        245        246        247        248        249        250        251        252        253
             254        255        256        257        258        259        260        261        262        263        264
             265        266        267        268        269        270        271        272        273        274        275
             276        277        278        279        280        281        282        283        284        285        286
             287        288        289        290        291        292        293        294        295        296        297
             298        299        300        301        302        303        304        305        306        307        308
             309        310        311        312        313        314        315        316        317        318        319
             320        321        322        323        324        325        326        327        328        329        330
             331        332        333        334        335        336        337        338        339        340        341
             342        343        344        345        346        347        348        349        350        351        352
             353        354        355        356        357        358        359        360        361        362        363
             364        365        366        367        368        369        370        371        372        373        374
             375        376        377        378        379        380        381        382        383        384        385
             386        387        388        389        390        391        392        393        394        395        396
             397        398        399        400        401        402        403        404        405        406        407
             408        409        410        411        412        413        414        415        416        417        418
             419        420        421        422        423        424        425        426        427        428        429
             430        431        432        433        434        435        436        437        438        439        440
             441        442        443        444        445        446        447        448        449        450        451
             452        453        454        455        456        457        458        459        460        461        462
             463        464        465        466        467        468        469        470        471        472        473
             474        475        476        477        478        479        480        481        482        483        484
             485        486        487        488        489        490        491        492        493        494        495
             496        497        498        499        500        501        502        503        504        505        506
             507        508        509        510        511        512        513        514        515        516        517
             518        519        520        521        522        523        524        525        526        527        528
             529        530        531        532        533        534        535        536        537        538        539
             540        541        542        543        544        545        546        547        548        549        550
             551        552        553        554        555        556        557        558        559        560        561
             562        563        564        565        566        567        568        569        570        571        572
             573        574        575        576        577        578        579        580        581        582        583
             584        585        586        587        588        589        590        591        592        593        594
             595        596        597        598        599        600        601        602        603        604        605
             606        607        608        609        610        611        612        613        614        615        616
             617        618        619        620        621        622        623        624        625        626        627
             628        629        630        631        632        633        634        635        636        637        638
             639        640        641        642        643        644        645        646        647        648        649
             650        651        652        653        654        655        656        657        658        659        660
             661        662        663        664        665        666        667        668        669        670        671
             672        673        674        675        676        677        678        679        680        681        682
             683        684        685        686        687        688        689        690        691        692        693
             694        695        696        697        698        699        700        701        702        703        704
             705        706        707        708        709        710        711        712        713        714        715
             716        717        718        719        720        721        722        723        724        725        726
             727        728        729        730        731        732        733        734        735        736        737
             738        739        740        741        742        743        744        745        746        747        748
             749        750        751        752        753        754        755        756        757        758        759
             760        761        762        763        764        765        766        767        768        769        770
             771        772        773        774        775        776        777        778        779        780        781
             782        783        784        785        786        787        788        789        790        791        792
             793        794        795        796        797        798        799        800        801        802        803
             804        805        806        807        808        809        810        811        812        813        814
             815        816        817        818        819        820        821        822        823        824        825
             826        827        828        829        830        831        832        833        834        835        836
             837        838        839        840        841        842        843        844        845        846        847
             848        849        850        851        852        853        854        855        856        857        858
             859        860        861        862        863        864        865        866        867        868        869
             870        871        872        873        874        875        876        877        878        879        880
             881        882        883        884        885        886        887        888        889        890        891
             892        893        894        895        896        897        898        899        900        901        902
             903        904        905        906        907        908        909        910        911        912        913
             914        915        916        917        918        919        920        921        922        923        924
             925        926        927        928        929        930        931        932        933        934        935
             936        937        938        939        940        941        942        943        944        945        946
             947        948        949        950        951        952        953        954        955        956        957
             958        959        960        961        962        963        964        965        966        967        968
             969        970        971        972        973        974        975        976        977        978        979
             980        981        982        983        984        985        986        987        988        989        990
             991        992        993        994        995        996        997        998        999       1000       1001
            1002       1003       1004       1005       1006       1007       1008       1009       1010       1011       1012
            1013       1014       1015       1016       1017       1018       1019       1020       1021       1022       1023
            1024       1025       1026       1027       1028       1029       1030       1031       1032       1033       1034
            1035       1036       1037       1038       1039       1040       1041       1042       1043       1044       1045
            1046       1047       1048       1049       1050       1051       1052       1053       1054       1055       1056
            1057       1058       1059       1060       1061       1062       1063       1064       1065       1066       1067
            1068       1069       1070       1071       1072       1073       1074       1075       1076       1077       1078
            1079       1080       1081       1082       1083       1084       1085       1086       1087       1088       1089
            1090       1091       1092       1093       1094       1095       1096       1097       1098       1099       1100
            1101       1102       1103       1104       1105       1106       1107       1108       1109       1110       1111
            1112       1113       1114       1115       1116       1117       1118       1119       1120       1121       1122
            1123       1124       1125       1126       1127       1128       1129       1130       1131       1132       1133
            1134       1135       1136       1137       1138       1139       1140       1141       1142       1143       1144
            1145       1146       1147       1148       1149       1150       1151       1152       1153       1154       1155
            1156       1157       1158       1159       1160       1161       1162       1163       1164       1165       1166
            1167       1168       1169       1170       1171       1172       1173       1174       1175       1176       1177
            1178       1179       1180       1181       1182       1183       1184       1185       1186       1187       1188
            1189       1190       1191       1192       1193       1194       1195       1196       1197       1198       1199
            1200       1201       1202       1203       1204       1205       1206       1207       1208       1209       1210
            1211       1212       1213       1214       1215       1216       1217       1218       1219       1220       1221
            1222       1223       1224       1225       1226       1227       1228       1229       1230       1231       1232
            1233       1234       1235       1236       1237       1238       1239       1240       1241       1242       1243
            1244       1245       1246       1247       1248       1249       1250       1251       1252       1253       1254
            1255       1256       1257       1258       1259       1260       1261       1262       1263       1264       1265
            1266       1267       1268       1269       1270       1271       1272       1273       1274       1275       1276
            1277       1278       1279       1280       1281       1282       1283       1284       1285       1286       1287
            1288       1289       1290       1291       1292       1293       1294       1295       1296       1297       1298
            1299       1300       1301       1302       1303       1304       1305       1306       1307       1308       1309
            1310       1311       1312       1313       1314       1315       1316       1317       1318       1319       1320
            1321       1322       1323       1324       1325       1326       1327       1328       1329       1330       1331
            1332       1333       1334       1335       1336       1337       1338       1339       1340       1341       1342
            1343       1344       1345       1346       1347       1348       1349       1350       1351       1352       1353
            1354       1355       1356       1357       1358       1359       1360       1361       1362       1363       1364
            1365       1366       1367       1368       1369       1370       1371       1372       1373       1374       1375
            1376       1377       1378       1379       1380       1381       1382       1383       1384       1385       1386
            1387       1388       1389       1390       1391       1392       1393       1394       1395       1396       1397
            1398       1399       1400       1401       1402       1403       1404       1405       1406       1407       1408
            1409       1410       1411       1412       1413       1414       1415       1416       1417       1418       1419
            1420       1421       1422       1423       1424       1425       1426       1427       1428       1429       1430
            1431       1432       1433       1434       1435       1436       1437       1438       1439       1440       1441
            1442       1443       1444       1445       1446       1447       1448       1449       1450       1451       1452
            1453       1454       1455       1456       1457       1458       1459       1460       1461       1462       1463
            1464       1465       1466       1467       1468       1469       1470       1471       1472       1473       1474
            1475       1476       1477       1478       1479       1480       1481       1482       1483       1484       1485
            1486       1487       1488       1489       1490       1491       1492       1493       1494       1495       1496
            1497       1498       1499       1500       1501       1502       1503       1504       1505       1506       1507
            1508       1509       1510       1511       1512       1513       1514       1515       1516       1517       1518
            1519       1520       1521       1522       1523       1524       1525       1526       1527       1528       1529
            1530       1531       1532       1533       1534       1535       1536       1537       1538       1539       1540
            1541       1542       1543       1544       1545       1546       1547       1548       1549       1550       1551
            1552       1553       1554       1555       1556       1557       1558       1559       1560       1561       1562
            1563       1564       1565       1566       1567       1568       1569       1570       1571       1572       1573
            1574       1575       1576       1577       1578       1579       1580       1581       1582       1583       1584
            1585       1586       1587       1588       1589       1590       1591       1592       1593       1594       1595
            1596       1597       1598       1599       1600       1601       1602       1603       1604       1605       1606
            1607       1608       1609       1610       1611       1612       1613       1614       1615       1616       1617
            1618       1619       1620       1621       1622       1623       1624       1625       1626       1627       1628
            1629       1630       1631       1632       1633       1634       1635       1636       1637       1638       1639
            1640       1641       1642       1643       1644       1645       1646       1647       1648       1649       1650
            1651       1652       1653       1654       1655       1656       1657       1658       1659       1660       1661
            1662       1663       1664       1665       1666       1667       1668       1669       1670       1671       1672
            1673       1674       1675       1676       1677       1678       1679       1680       1681       1682       1683
            1684       1685       1686       1687       1688       1689       1690       1691       1692       1693       1694
            1695       1696       1697       1698       1699       1700       1701       1702       1703       1704       1705
            1706       1707       1708       1709       1710       1711       1712       1713       1714       1715       1716
            1717       1718       1719       1720       1721       1722       1723       1724       1725       1726       1727
            1728       1729       1730       1731       1732       1733       1734       1735       1736       1737       1738
            1739       1740       1741       1742       1743       1744       1745       1746       1747       1748       1749
            1750       1751       1752       1753       1754       1755       1756       1757       1758       1759       1760
            1761       1762       1763       1764       1765       1766       1767       1768       1769       1770       1771
            1772       1773       1774       1775       1776       1777       1778       1779       1780       1781       1782
            1783       1784       1785       1786       1787       1788       1789       1790       1791       1792       1793
            1794       1795       1796       1797       1798       1799       1800       1801       1802       1803       1804
            1805       1806       1807       1808       1809       1810       1811       1812       1813       1814       1815
            1816       1817       1818       1819       1820       1821       1822       1823       1824       1825       1826
            1827       1828       1829       1830       1831       1832       1833       1834       1835       1836       1837
            1838       1839       1840       1841       1842       1843       1844       1845       1846       1847       1848
            1849       1850       1851       1852       1853       1854       1855       1856       1857       1858       1859
            1860       1861       1862       1863       1864       1865       1866       1867       1868       1869       1870
            1871       1872       1873       1874       1875       1876       1877       1878       1879       1880       1881
            1882       1883       1884       1885       1886       1887       1888       1889       1890       1891       1892
            1893       1894       1895       1896       1897       1898       1899       1900       1901       1902       1903
            1904       1905       1906       1907       1908       1909       1910       1911       1912       1913       1914
            1915       1916       1917       1918       1919       1920       1921       1922       1923       1924       1925
            1926       1927       1928       1929       1930       1931       1932       1933       1934       1935       1936
            1937       1938       1939       1940       1941       1942       1943       1944       1945       1946       1947
            1948       1949       1950       1951       1952       1953       1954       1955       1956       1957       1958
            1959       1960       1961       1962       1963       1964       1965       1966       1967       1968       1969
            1970       1971       1972       1973       1974       1975       1976       1977       1978       1979       1980
            1981       1982       1983       1984       1985       1986       1987       1988       1989       1990       1991
            1992       1993       1994       1995       1996       1997       1998       1999       2000       2001       2002
            2003       2004       2005       2006       2007       2008       2009       2010       2011       2012       2013
            2014       2015       2016       2017       2018       2019       2020       2021       2022       2023       2024
            2025       2026       2027       2028       2029       2030       2031       2032       2033       2034       2035
            2036       2037       2038       2039       2040       2041       2042       2043       2044       2045       2046
            2047       2048       2049       2050       2051       2052       2053       2054       2055       2056       2057
            2058       2059       2060       2061       2062       2063       2064       2065       2066       2067       2068
            2069       2070       2071       2072       2073       2074       2075       2076       2077       2078       2079
            2080       2081       2082       2083       2084       2085       2086       2087       2088       2089       2090
            2091       2092       2093       2094       2095       2096       2097       2098       2099       2100       2101
            2102       2103       2104       2105       2106       2107       2108       2109       2110       2111       2112
            2113       2114       2115       2116       2117       2118       2119       2120       2121       2122       2123
            2124       2125       2126       2127       2128       2129       2130       2131       2132       2133       2134
            2135       2136       2137       2138       2139       2140       2141       2142       2143       2144       2145
            2146       2147       2148       2149       2150       2151       2152       2153       2154       2155       2156
            2157       2158       2159       2160       2161       2162       2163       2164       2165       2166       2167
            2168       2169       2170       2171       2172       2173       2174       2175       2176       2177       2178
            2179       2180       2181       2182       2183       2184       2185       2186       2187       2188       2189
            2190       2191       2192       2193       2194       2195       2196       2197       2198       2199       2200
            2201       2202       2203       2204       2205       2206       2207       2208       2209       2210       2211
            2212       2213       2214       2215       2216       2217       2218       2219       2220       2221       2222
            2223       2224       2225       2226       2227       2228       2229       2230       2231       2232       2233
            2234       2235       2236       2237       2238       2239       2240       2241       2242       2243       2244
            2245       2246       2247       2248       2249       2250       2251       2252       2253       2254       2255
            2256       2257       2258       2259       2260       2261       2262       2263       2264       2265       2266
            2267       2268       2269       2270       2271       2272       2273       2274       2275       2276       2277
            2278       2279       2280       2281       2282       2283       2284       2285       2286       2287       2288
            2289       2290       2291       2292       2293       2294       2295       2296       2297       2298       2299
            2300       2301       2302       2303       2304       2305       2306       2307       2308       2309       2310
            2311       2312       2313       2314       2315       2316       2317       2318       2319       2320       2321
            2322       2323       2324       2325       2326       2327       2328       2329       2330       2331       2332
            2333       2334       2335       2336       2337       2338       2339       2340       2341       2342       2343
            2344       2345       2346       2347       2348       2349       2350       2351       2352       2353       2354
            2355       2356       2357       2358       2359       2360       2361       2362       2363       2364       2365
            2366       2367       2368       2369       2370       2371       2372       2373       2374       2375       2376
            2377       2378       2379       2380       2381       2382       2383       2384       2385       2386       2387
            2388       2389       2390       2391       2392       2393       2394       2395       2396       2397       2398
            2399       2400       2401       2402       2403       2404       2405       2406       2407       2408       2409
            2410       2411       2412       2413       2414       2415       2416       2417       2418       2419       2420
            2421       2422       2423       2424       2425       2426       2427       2428       2429       2430       2431
            2432       2433       2434       2435       2436       2437       2438       2439       2440       2441       2442
            2443       2444       2445       2446       2447       2448       2449       2450       2451       2452       2453
            2454       2455       2456       2457       2458       2459       2460       2461       2462       2463       2464
            2465       2466       2467       2468       2469       2470       2471       2472       2473       2474       2475
            2476       2477       2478       2479       2480       2481       2482       2483       2484       2485       2486
            2487       2488       2489       2490       2491       2492       2493       2494       2495       2496       2497
            2498       2499       2500       2501       2502       2503       2504       2505       2506       2507       2508
            2509       2510       2511       2512       2513       2514       2515       2516       2517       2518       2519
            2520       2521       2522       2523       2524       2525       2526       2527       2528       2529       2530
            2531       2532       2533       2534       2535       2536       2537       2538       2539       2540       2541
            2542       2543       2544       2545       2546       2547       2548       2549       2550       2551       2552
            2553       2554       2555       2556       2557       2558       2559       2560       2561       2562       2563
            2564       2565       2566       2567       2568       2569       2570       2571       2572       2573       2574
            2575       2576       2577       2578       2579       2580       2581       2582       2583       2584       2585
            2586       2587       2588       2589       2590       2591       2592       2593       2594       2595       2596
            2597       2598       2599       2600       2601       2602       2603       2604       2605       2606       2607
            2608       2609       2610       2611       2612       2613       2614       2615       2616       2617       2618
            2619       2620       2621       2622       2623       2624       2625       2626       2627       2628       2629
            2630       2631       2632       2633       2634       2635       2636       2637       2638       2639       2640
            2641       2642       2643       2644       2645       2646       2647       2648       2649       2650       2651
            2652       2653       2654       2655       2656       2657       2658       2659       2660       2661       2662
            2663       2664       2665       2666       2667       2668       2669       2670       2671       2672       2673
            2674       2675       2676       2677       2678       2679
 .............................................................................................................................
   1   0.100      0.100      0.100      0.100      0.100      0.100      0.100      0.100      0.100      0.100      0.100    
       0.100      0.100      0.100      0.100      0.100      0.100      0.100      0.100      0.100      0.100      0.100    
       0.100      0.100      0.100      0.100      0.100      0.100      0.100      0.100      0.100      0.100      0.100    
       0.100      0.100      0.100      0.100      0.100      0.100      0.100      0.100      0.100      0.100      0.100    
       0.100      0.100      0.100      0.100      0.100      0.100      0.100      0.100      0.100      0.100      0.100    
       0.100      0.100      0.100      0.100      0.100      0.100      0.100      0.100      0.100      0.100      0.100    
       0.100      0.100      0.100      0.100      0.100      0.100      0.100      0.100      0.100      0.100      0.100    
       0.100      0.100      0.100      0.100      0.100      0.100      0.100      0.100      0.100      0.100      0.100    
       0.100      0.100      0.100      0.100      0.100      0.100      0.100      0.100      0.100      0.100      0.100    
       0.100      0.100      0.100      0.100      0.100      0.100      0.100      0.100      0.100      0.100      0.100    
       0.100      0.100      0.100      0.100      0.100      0.100      0.100      0.100      0.100      0.100      0.100    
       0.100      0.100      0.100      0.100      0.100      0.100      0.100      0.100      0.100      0.100      0.100    
       0.100      0.100      0.100      0.100      0.100      0.100      0.100      0.100      0.100      0.100      0.100    
       0.100      0.100      0.100      0.100      0.100      0.100      0.100      0.100      0.100      0.100      0.100    
       0.100      0.100      0.100      0.100      0.100      0.100      0.100      0.100      0.100      0.100      0.100    
       0.100      0.100      0.100      0.100      0.100      0.100      0.100      0.100      0.100      0.100      0.100    
       0.100      0.100      0.100      0.100      0.100      0.100      0.100      0.100      0.100      0.100      0.100    
       0.100      0.100      0.100      0.100      0.100      0.100      0.100      0.100      0.100      0.100      0.100    
       0.100      0.100      0.100      0.100      0.100      0.100      0.100      0.100      0.100      0.100      0.100    
       0.100      0.100      0.100      0.100      0.100      0.100      0.100      0.100      0.100      0.100      0.100    
       0.100      0.100      0.100      0.100      0.100      0.100      0.100      0.100      0.100      0.100      0.100    
       0.100      0.100      0.100      0.100      0.100      0.100      0.100      0.100      0.100      0.100      0.100    
       0.100      0.100      0.100      0.100      0.100      0.100      0.100      0.100      0.100      0.100      0.100    
       0.100      0.100      0.100      0.100      0.100      0.100      0.100      0.100      0.100      0.100      0.100    
       0.100      0.100      0.100      0.100      0.100      0.100      0.100      0.100      0.100      0.100      0.100    
       0.100      0.100      0.100      0.100      0.100      0.100      0.100      0.100      0.100      0.100      0.100    
       0.100      0.100      0.100      0.100      0.100      0.100      0.100      0.100      0.100      0.100      0.100    
       0.100      0.100      0.100      0.100      0.100      0.100      0.100      0.100      0.100      0.100      0.100    
       0.100      0.100      0.100      0.100      0.100      0.100      0.100      0.100      0.100      0.100      0.100    
       0.100      0.100      0.100      0.100      0.100      0.100      0.100      0.100      0.100      0.100      0.100    
       0.100      0.100      0.100      0.100      0.100      0.100      0.100      0.100      0.100      0.100      0.100    
       0.100      0.100      0.100      0.100      0.100      0.100      0.100      0.100      0.100      0.100      0.100    
       0.100      0.100      0.100      0.100      0.100      0.100      0.100      0.100      0.100      0.100      0.100    
       0.100      0.100      0.100      0.100      0.100      0.100      0.100      0.100      0.100      0.100      0.100    
       0.100      0.100      0.100      0.100      0.100      0.100      0.100      0.100      0.100      0.100      0.100    
       0.100      0.100      0.100      0.100      0.100      0.100      0.100      0.100      0.100      0.100      0.100    
       0.100      0.100      0.100      0.100      0.100      0.100      0.100      0.100      0.100      0.100      0.100    
       0.100      0.100      0.100      0.100      0.100      0.100      0.100      0.100      0.100      0.100      0.100    
       0.100      0.100      0.100      0.100      0.100      0.100      0.100      0.100      0.100      0.100      0.100    
       0.100      0.100      0.100      0.100      0.100      0.100      0.100      0.100      0.100      0.100      0.100    
       0.100      0.100      0.100      0.100      0.100      0.100      0.100      0.100      0.100      0.100      0.100    
       0.100      0.100      0.100      0.100      0.100      0.100      0.100      0.100      0.100      0.100      0.100    
       0.100      0.100      0.100      0.100      0.100      0.100      0.100      0.100      0.100      0.100      0.100    
       0.100      0.100      0.100      0.100      0.100      0.100      0.100      0.100      0.100      0.100      0.100    
       0.100      0.100      0.100      0.100      0.100      0.100      0.100      0.100      0.100      0.100      0.100    
       0.100      0.100      0.100      0.100      0.100      0.100      0.100      0.100      0.100      0.100      0.100    
       0.100      0.100      0.100      0.100      0.100      0.100      0.100      0.100      0.100      0.100      0.100    
       0.100      0.100      0.100      0.100      0.100      0.100      0.100      0.100      0.100      0.100      0.100    
       0.100      0.100      0.100      0.100      0.100      0.100      0.100      0.100      0.100      0.100      0.100    
       0.100      0.100      0.100      0.100      0.100      0.100      0.100      0.100      0.100      0.100      0.100    
       0.100      0.100      0.100      0.100      0.100      0.100      0.100      0.100      0.100      0.100      0.100    
       0.100      0.100      0.100      0.100      0.100      0.100      0.100      0.100      0.100      0.100      0.100    
       0.100      0.100      0.100      0.100      0.100      0.100      0.100      0.100      0.100      0.100      0.100    
       0.100      0.100      0.100      0.100      0.100      0.100      0.100      0.100      0.100      0.100      0.100    
       0.100      0.100      0.100      0.100      0.100      0.100      0.100      0.100      0.100      0.100      0.100    
       0.100      0.100      0.100      0.100      0.100      0.100      0.100      0.100      0.100      0.100      0.100    
       0.100      0.100      0.100      0.100      0.100      0.100      0.100      0.100      0.100      0.100      0.100    
       0.100      0.100      0.100      0.100      0.100      0.100      0.100      0.100      0.100      0.100      0.100    
       0.100      0.100      0.100      0.100      0.100      0.100      0.100      0.100      0.100      0.100      0.100    
       0.100      0.100      0.100      0.100      0.100      0.100      0.100      0.100      0.100      0.100      0.100    
       0.100      0.100      0.100      0.100      0.100      0.100      0.100      0.100      0.100      0.100      0.100    
       0.100      0.100      0.100      0.100      0.100      0.100      0.100      0.100      0.100      0.100      0.100    
       0.100      0.100      0.100      0.100      0.100      0.100      0.100      0.100      0.100      0.100      0.100    
       0.100      0.100      0.100      0.100      0.100      0.100      0.100      0.100      0.100      0.100      0.100    
       0.100      0.100      0.100      0.100      0.100      0.100      0.100      0.100      0.100      0.100      0.100    
       0.100      0.100      0.100      0.100      0.100      0.100      0.100      0.100      0.100      0.100      0.100    
       0.100      0.100      0.100      0.100      0.100      0.100      0.100      0.100      0.100      0.100      0.100    
       0.100      0.100      0.100      0.100      0.100      0.100      0.100      0.100      0.100      0.100      0.100    
       0.100      0.100      0.100      0.100      0.100      0.100      0.100      0.100      0.100      0.100      0.100    
       0.100      0.100      0.100      0.100      0.100      0.100      0.100      0.100      0.100      0.100      0.100    
       0.100      0.100      0.100      0.100      0.100      0.100      0.100      0.100      0.100      0.100      0.100    
       0.100      0.100      0.100      0.100      0.100      0.100      0.100      0.100      0.100      0.100      0.100    
       0.100      0.100      0.100      0.100      0.100      0.100      0.100      0.100      0.100      0.100      0.100    
       0.100      0.100      0.100      0.100      0.100      0.100      0.100      0.100      0.100      0.100      0.100    
       0.100      0.100      0.100      0.100      0.100      0.100      0.100      0.100      0.100      0.100      0.100    
       0.100      0.100      0.100      0.100      0.100      0.100      0.100      0.100      0.100      0.100      0.100    
       0.100      0.100      0.100      0.100      0.100      0.100      0.100      0.100      0.100      0.100      0.100    
       0.100      0.100      0.100      0.100      0.100      0.100      0.100      0.100      0.100      0.100      0.100    
       0.100      0.100      0.100      0.100      0.100      0.100      0.100      0.100      0.100      0.100      0.100    
       0.100      0.100      0.100      0.100      0.100      0.100      0.100      0.100      0.100      0.100      0.100    
       0.100      0.100      0.100      0.100      0.100      0.100      0.100      0.100      0.100      0.100      0.100    
       0.100      0.100      0.100      0.100      0.100      0.100      0.100      0.100      0.100      0.100      0.100    
       0.100      0.100      0.100      0.100      0.100      0.100      0.100      0.100      0.100      0.100      0.100    
       0.100      0.100      0.100      0.100      0.100      0.100      0.100      0.100      0.100      0.100      0.100    
       0.100      0.100      0.100      0.100      0.100      0.100      0.100      0.100      0.100      0.100      0.100    
       0.100      0.100      0.100      0.100      0.100      0.100      0.100      0.100      0.100      0.100      0.100    
       0.100      0.100      0.100      0.100      0.100      0.100      0.100      0.100      0.100      0.100      0.100    
       0.100      0.100      0.100      0.100      0.100      0.100      0.100      0.100      0.100      0.100      0.100    
       0.100      0.100      0.100      0.100      0.100      0.100      0.100      0.100      0.100      0.100      0.100    
       0.100      0.100      0.100      0.100      0.100      0.100      0.100      0.100      0.100      0.100      0.100    
       0.100      0.100      0.100      0.100      0.100      0.100      0.100      0.100      0.100      0.100      0.100    
       0.100      0.100      0.100      0.100      0.100      0.100      0.100      0.100      0.100      0.100      0.100    
       0.100      0.100      0.100      0.100      0.100      0.100      0.100      0.100      0.100      0.100      0.100    
       0.100      0.100      0.100      0.100      0.100      0.100      0.100      0.100      0.100      0.100      0.100    
       0.100      0.100      0.100      0.100      0.100      0.100      0.100      0.100      0.100      0.100      0.100    
       0.100      0.100      0.100      0.100      0.100      0.100      0.100      0.100      0.100      0.100      0.100    
       0.100      0.100      0.100      0.100      0.100      0.100      0.100      0.100      0.100      0.100      0.100    
       0.100      0.100      0.100      0.100      0.100      0.100      0.100      0.100      0.100      0.100      0.100    
       0.100      0.100      0.100      0.100      0.100      0.100      0.100      0.100      0.100      0.100      0.100    
       0.100      0.100      0.100      0.100      0.100      0.100      0.100      0.100      0.100      0.100      0.100    
       0.100      0.100      0.100      0.100      0.100      0.100      0.100      0.100      0.100      0.100      0.100    
       0.100      0.100      0.100      0.100      0.100      0.100      0.100      0.100      0.100      0.100      0.100    
       0.100      0.100      0.100      0.100      0.100      0.100      0.100      0.100      0.100      0.100      0.100    
       0.100      0.100      0.100      0.100      0.100      0.100      0.100      0.100      0.100      0.100      0.100    
       0.100      0.100      0.100      0.100      0.100      0.100      0.100      0.100      0.100      0.100      0.100    
       0.100      0.100      0.100      0.100      0.100      0.100      0.100      0.100      0.100      0.100      0.100    
       0.100      0.100      0.100      0.100      0.100      0.100      0.100      0.100      0.100      0.100      0.100    
       0.100      0.100      0.100      0.100      0.100      0.100      0.100      0.100      0.100      0.100      0.100    
       0.100      0.100      0.100      0.100      0.100      0.100      0.100      0.100      0.100      0.100      0.100    
       0.100      0.100      0.100      0.100      0.100      0.100      0.100      0.100      0.100      0.100      0.100    
       0.100      0.100      0.100      0.100      0.100      0.100      0.100      0.100      0.100      0.100      0.100    
       0.100      0.100      0.100      0.100      0.100      0.100      0.100      0.100      0.100      0.100      0.100    
       0.100      0.100      0.100      0.100      0.100      0.100      0.100      0.100      0.100      0.100      0.100    
       0.100      0.100      0.100      0.100      0.100      0.100      0.100      0.100      0.100      0.100      0.100    
       0.100      0.100      0.100      0.100      0.100      0.100      0.100      0.100      0.100      0.100      0.100    
       0.100      0.100      0.100      0.100      0.100      0.100      0.100      0.100      0.100      0.100      0.100    
       0.100      0.100      0.100      0.100      0.100      0.100      0.100      0.100      0.100      0.100      0.100    
       0.100      0.100      0.100      0.100      0.100      0.100      0.100      0.100      0.100      0.100      0.100    
       0.100      0.100      0.100      0.100      0.100      0.100      0.100      0.100      0.100      0.100      0.100    
       0.100      0.100      0.100      0.100      0.100      0.100      0.100      0.100      0.100      0.100      0.100    
       0.100      0.100      0.100      0.100      0.100      0.100      0.100      0.100      0.100      0.100      0.100    
       0.100      0.100      0.100      0.100      0.100      0.100      0.100      0.100      0.100      0.100      0.100    
       0.100      0.100      0.100      0.100      0.100      0.100      0.100      0.100      0.100      0.100      0.100    
       0.100      0.100      0.100      0.100      0.100      0.100      0.100      0.100      0.100      0.100      0.100    
       0.100      0.100      0.100      0.100      0.100      0.100      0.100      0.100      0.100      0.100      0.100    
       0.100      0.100      0.100      0.100      0.100      0.100      0.100      0.100      0.100      0.100      0.100    
       0.100      0.100      0.100      0.100      0.100      0.100      0.100      0.100      0.100      0.100      0.100    
       0.100      0.100      0.100      0.100      0.100      0.100      0.100      0.100      0.100      0.100      0.100    
       0.100      0.100      0.100      0.100      0.100      0.100      0.100      0.100      0.100      0.100      0.100    
       0.100      0.100      0.100      0.100      0.100      0.100      0.100      0.100      0.100      0.100      0.100    
       0.100      0.100      0.100      0.100      0.100      0.100      0.100      0.100      0.100      0.100      0.100    
       0.100      0.100      0.100      0.100      0.100      0.100      0.100      0.100      0.100      0.100      0.100    
       0.100      0.100      0.100      0.100      0.100      0.100      0.100      0.100      0.100      0.100      0.100    
       0.100      0.100      0.100      0.100      0.100      0.100      0.100      0.100      0.100      0.100      0.100    
       0.100      0.100      0.100      0.100      0.100      0.100      0.100      0.100      0.100      0.100      0.100    
       0.100      0.100      0.100      0.100      0.100      0.100      0.100      0.100      0.100      0.100      0.100    
       0.100      0.100      0.100      0.100      0.100      0.100      0.100      0.100      0.100      0.100      0.100    
       0.100      0.100      0.100      0.100      0.100      0.100      0.100      0.100      0.100      0.100      0.100    
       0.100      0.100      0.100      0.100      0.100      0.100      0.100      0.100      0.100      0.100      0.100    
       0.100      0.100      0.100      0.100      0.100      0.100      0.100      0.100      0.100      0.100      0.100    
       0.100      0.100      0.100      0.100      0.100      0.100      0.100      0.100      0.100      0.100      0.100    
       0.100      0.100      0.100      0.100      0.100      0.100      0.100      0.100      0.100      0.100      0.100    
       0.100      0.100      0.100      0.100      0.100      0.100      0.100      0.100      0.100      0.100      0.100    
       0.100      0.100      0.100      0.100      0.100      0.100      0.100      0.100      0.100      0.100      0.100    
       0.100      0.100      0.100      0.100      0.100      0.100      0.100      0.100      0.100      0.100      0.100    
       0.100      0.100      0.100      0.100      0.100      0.100      0.100      0.100      0.100      0.100      0.100    
       0.100      0.100      0.100      0.100      0.100      0.100      0.100      0.100      0.100      0.100      0.100    
       0.100      0.100      0.100      0.100      0.100      0.100      0.100      0.100      0.100      0.100      0.100    
       0.100      0.100      0.100      0.100      0.100      0.100      0.100      0.100      0.100      0.100      0.100    
       0.100      0.100      0.100      0.100      0.100      0.100      0.100      0.100      0.100      0.100      0.100    
       0.100      0.100      0.100      0.100      0.100      0.100      0.100      0.100      0.100      0.100      0.100    
       0.100      0.100      0.100      0.100      0.100      0.100      0.100      0.100      0.100      0.100      0.100    
       0.100      0.100      0.100      0.100      0.100      0.100      0.100      0.100      0.100      0.100      0.100    
       0.100      0.100      0.100      0.100      0.100      0.100      0.100      0.100      0.100      0.100      0.100    
       0.100      0.100      0.100      0.100      0.100      0.100      0.100      0.100      0.100      0.100      0.100    
       0.100      0.100      0.100      0.100      0.100      0.100      0.100      0.100      0.100      0.100      0.100    
       0.100      0.100      0.100      0.100      0.100      0.100      0.100      0.100      0.100      0.100      0.100    
       0.100      0.100      0.100      0.100      0.100      0.100      0.100      0.100      0.100      0.100      0.100    
       0.100      0.100      0.100      0.100      0.100      0.100      0.100      0.100      0.100      0.100      0.100    
       0.100      0.100      0.100      0.100      0.100      0.100      0.100      0.100      0.100      0.100      0.100    
       0.100      0.100      0.100      0.100      0.100      0.100      0.100      0.100      0.100      0.100      0.100    
       0.100      0.100      0.100      0.100      0.100      0.100      0.100      0.100      0.100      0.100      0.100    
       0.100      0.100      0.100      0.100      0.100      0.100      0.100      0.100      0.100      0.100      0.100    
       0.100      0.100      0.100      0.100      0.100      0.100      0.100      0.100      0.100      0.100      0.100    
       0.100      0.100      0.100      0.100      0.100      0.100      0.100      0.100      0.100      0.100      0.100    
       0.100      0.100      0.100      0.100      0.100      0.100      0.100      0.100      0.100      0.100      0.100    
       0.100      0.100      0.100      0.100      0.100      0.100      0.100      0.100      0.100      0.100      0.100    
       0.100      0.100      0.100      0.100      0.100      0.100      0.100      0.100      0.100      0.100      0.100    
       0.100      0.100      0.100      0.100      0.100      0.100      0.100      0.100      0.100      0.100      0.100    
       0.100      0.100      0.100      0.100      0.100      0.100      0.100      0.100      0.100      0.100      0.100    
       0.100      0.100      0.100      0.100      0.100      0.100      0.100      0.100      0.100      0.100      0.100    
       0.100      0.100      0.100      0.100      0.100      0.100      0.100      0.100      0.100      0.100      0.100    
       0.100      0.100      0.100      0.100      0.100      0.100      0.100      0.100      0.100      0.100      0.100    
       0.100      0.100      0.100      0.100      0.100      0.100      0.100      0.100      0.100      0.100      0.100    
       0.100      0.100      0.100      0.100      0.100      0.100      0.100      0.100      0.100      0.100      0.100    
       0.100      0.100      0.100      0.100      0.100      0.100      0.100      0.100      0.100      0.100      0.100    
       0.100      0.100      0.100      0.100      0.100      0.100      0.100      0.100      0.100      0.100      0.100    
       0.100      0.100      0.100      0.100      0.100      0.100      0.100      0.100      0.100      0.100      0.100    
       0.100      0.100      0.100      0.100      0.100      0.100      0.100      0.100      0.100      0.100      0.100    
       0.100      0.100      0.100      0.100      0.100      0.100      0.100      0.100      0.100      0.100      0.100    
       0.100      0.100      0.100      0.100      0.100      0.100      0.100      0.100      0.100      0.100      0.100    
       0.100      0.100      0.100      0.100      0.100      0.100      0.100      0.100      0.100      0.100      0.100    
       0.100      0.100      0.100      0.100      0.100      0.100      0.100      0.100      0.100      0.100      0.100    
       0.100      0.100      0.100      0.100      0.100      0.100      0.100      0.100      0.100      0.100      0.100    
       0.100      0.100      0.100      0.100      0.100      0.100      0.100      0.100      0.100      0.100      0.100    
       0.100      0.100      0.100      0.100      0.100      0.100      0.100      0.100      0.100      0.100      0.100    
       0.100      0.100      0.100      0.100      0.100      0.100      0.100      0.100      0.100      0.100      0.100    
       0.100      0.100      0.100      0.100      0.100      0.100      0.100      0.100      0.100      0.100      0.100    
       0.100      0.100      0.100      0.100      0.100      0.100      0.100      0.100      0.100      0.100      0.100    
       0.100      0.100      0.100      0.100      0.100      0.100      0.100      0.100      0.100      0.100      0.100    
       0.100      0.100      0.100      0.100      0.100      0.100      0.100      0.100      0.100      0.100      0.100    
       0.100      0.100      0.100      0.100      0.100      0.100      0.100      0.100      0.100      0.100      0.100    
       0.100      0.100      0.100      0.100      0.100      0.100      0.100      0.100      0.100      0.100      0.100    
       0.100      0.100      0.100      0.100      0.100      0.100      0.100      0.100      0.100      0.100      0.100    
       0.100      0.100      0.100      0.100      0.100      0.100      0.100      0.100      0.100      0.100      0.100    
       0.100      0.100      0.100      0.100      0.100      0.100      0.100      0.100      0.100      0.100      0.100    
       0.100      0.100      0.100      0.100      0.100      0.100      0.100      0.100      0.100      0.100      0.100    
       0.100      0.100      0.100      0.100      0.100      0.100      0.100      0.100      0.100      0.100      0.100    
       0.100      0.100      0.100      0.100      0.100      0.100      0.100      0.100      0.100      0.100      0.100    
       0.100      0.100      0.100      0.100      0.100      0.100      0.100      0.100      0.100      0.100      0.100    
       0.100      0.100      0.100      0.100      0.100      0.100      0.100      0.100      0.100      0.100      0.100    
       0.100      0.100      0.100      0.100      0.100      0.100      0.100      0.100      0.100      0.100      0.100    
       0.100      0.100      0.100      0.100      0.100      0.100      0.100      0.100      0.100      0.100      0.100    
       0.100      0.100      0.100      0.100      0.100      0.100      0.100      0.100      0.100      0.100      0.100    
       0.100      0.100      0.100      0.100      0.100      0.100      0.100      0.100      0.100      0.100      0.100    
       0.100      0.100      0.100      0.100      0.100      0.100      0.100      0.100      0.100      0.100      0.100    
       0.100      0.100      0.100      0.100      0.100      0.100      0.100      0.100      0.100      0.100      0.100    
       0.100      0.100      0.100      0.100      0.100      0.100      0.100      0.100      0.100      0.100      0.100    
       0.100      0.100      0.100      0.100      0.100      0.100      0.100      0.100      0.100      0.100      0.100    
       0.100      0.100      0.100      0.100      0.100      0.100      0.100      0.100      0.100      0.100      0.100    
       0.100      0.100      0.100      0.100      0.100      0.100      0.100      0.100      0.100      0.100      0.100    
       0.100      0.100      0.100      0.100      0.100      0.100      0.100      0.100      0.100      0.100      0.100    
       0.100      0.100      0.100      0.100      0.100      0.100      0.100      0.100      0.100      0.100      0.100    
       0.100      0.100      0.100      0.100      0.100      0.100      0.100      0.100      0.100      0.100      0.100    
       0.100      0.100      0.100      0.100      0.100      0.100      0.100      0.100      0.100      0.100      0.100    
       0.100      0.100      0.100      0.100      0.100      0.100      0.100      0.100      0.100      0.100      0.100    
       0.100      0.100      0.100      0.100      0.100      0.100      0.100      0.100      0.100      0.100      0.100    
       0.100      0.100      0.100      0.100      0.100      0.100      0.100      0.100      0.100      0.100      0.100    
       0.100      0.100      0.100      0.100      0.100      0.100      0.100      0.100      0.100      0.100      0.100    
       0.100      0.100      0.100      0.100      0.100      0.100      0.100      0.100      0.100      0.100      0.100    
       0.100      0.100      0.100      0.100      0.100      0.100      0.100      0.100      0.100      0.100      0.100    
       0.100      0.100      0.100      0.100      0.100      0.100      0.100      0.100      0.100      0.100      0.100    
       0.100      0.100      0.100      0.100      0.100      0.100      0.100      0.100      0.100      0.100      0.100    
       0.100      0.100      0.100      0.100      0.100      0.100      0.100      0.100      0.100      0.100      0.100    
       0.100      0.100      0.100      0.100      0.100      0.100      0.100      0.100      0.100      0.100      0.100    
       0.100      0.100      0.100      0.100      0.100      0.100      0.100      0.100      0.100      0.100      0.100    
       0.100      0.100      0.100      0.100      0.100      0.100      0.100      0.100      0.100      0.100      0.100    
       0.100      0.100      0.100      0.100      0.100      0.100      0.100      0.100      0.100      0.100      0.100    
       0.100      0.100      0.100      0.100      0.100      0.100      0.100      0.100      0.100      0.100      0.100    
       0.100      0.100      0.100      0.100      0.100      0.100      0.100      0.100      0.100      0.100      0.100    
       0.100      0.100      0.100      0.100      0.100      0.100      0.100      0.100      0.100      0.100      0.100    
       0.100      0.100      0.100      0.100      0.100      0.100      0.100      0.100      0.100      0.100      0.100    
       0.100      0.100      0.100      0.100      0.100      0.100      0.100      0.100      0.100      0.100      0.100    
       0.100      0.100      0.100      0.100      0.100      0.100      0.100      0.100      0.100      0.100      0.100    
       0.100      0.100      0.100      0.100      0.100      0.100      0.100      0.100      0.100      0.100      0.100    
       0.100      0.100      0.100      0.100      0.100      0.100      0.100      0.100      0.100      0.100      0.100    
       0.100      0.100      0.100      0.100      0.100      0.100      0.100      0.100      0.100      0.100      0.100    
       0.100      0.100      0.100      0.100      0.100      0.100      0.100      0.100      0.100      0.100      0.100    
       0.100      0.100      0.100      0.100      0.100      0.100      0.100      0.100      0.100      0.100      0.100    
       0.100      0.100      0.100      0.100      0.100      0.100      0.100      0.100      0.100      0.100      0.100    
       0.100      0.100      0.100      0.100      0.100      0.100      0.100      0.100      0.100      0.100      0.100    
       0.100      0.100      0.100      0.100      0.100      0.100      0.100      0.100      0.100      0.100      0.100    
       0.100      0.100      0.100      0.100      0.100      0.100      0.100      0.100      0.100      0.100      0.100    
       0.100      0.100      0.100      0.100      0.100      0.100    

           SPECIFIC YIELD =  0.1500000    
 END PROCESSING GRIDDATA
    BINARY GRID INFORMATION WILL BE WRITTEN TO:
      UNIT NUMBER: 1029
      FILE NAME: C:\Users\tfo46\e_Python\e_projects\pakipaki_01\models\local_run15\local_run15\local_run15.dis.grb

 OPENED C:\Users\tfo46\e_Python\e_projects\pakipaki_01\models\local_run15\local_run15\local_run15.dis.grb
 FILE TYPE:DATA(BINARY)   UNIT 1029   STATUS:REPLACE             
 FORMAT:UNFORMATTED            ACCESS:STREAM              
 ACTION:READWRITE           

      THE LAST TIME STEP WILL BE PRINTED
      THE LAST TIME STEP WILL BE PRINTED
 # File generated by Flopy version 3.9.3 on 11/02/2025 at 08:23:03.

 PROCESSING OC OPTIONS

    BUDGET INFORMATION WILL BE WRITTEN TO:
      UNIT NUMBER: 1030
      FILE NAME: local_run15.cbc

 OPENED local_run15.cbc
 FILE TYPE:DATA(BINARY)   UNIT 1030   STATUS:REPLACE             
 FORMAT:UNFORMATTED            ACCESS:STREAM              
 ACTION:READWRITE           

    HEAD INFORMATION WILL BE WRITTEN TO:
      UNIT NUMBER: 1031
      FILE NAME: local_run15.hds

 OPENED local_run15.hds
 FILE TYPE:DATA(BINARY)   UNIT 1031   STATUS:REPLACE             
 FORMAT:UNFORMATTED            ACCESS:STREAM              
 ACTION:READWRITE           

 END OF OC OPTIONS

start timestep kper="1" kstp="1" mode="normal"


 BEGIN READING OUTPUT CONTROL FOR STRESS PERIOD 1
      ALL TIME STEPS WILL BE SAVED
      ALL TIME STEPS WILL BE SAVED

 END READING OUTPUT CONTROL FOR STRESS PERIOD 1


 PROCESSING STORAGE PERIOD DATA
 END PROCESSING STORAGE PERIOD DATA


 STRESS PERIOD 1 IS STEADY-STATE


 OPENED local_run15.ghbaw_stress_period_data_0.txt
 FILE TYPE:OPEN/CLOSE   UNIT 1032   STATUS:OLD                 
 FORMAT:FORMATTED              ACCESS:SEQUENTIAL          
 ACTION:READ                


 OPENED local_run15.ghb_conf_stress_period_data_0.txt
 FILE TYPE:OPEN/CLOSE   UNIT 1033   STATUS:OLD                 
 FORMAT:FORMATTED              ACCESS:SEQUENTIAL          
 ACTION:READ                


 OPENED local_run15.ghb_pw_stress_period_data_0.txt
 FILE TYPE:OPEN/CLOSE   UNIT 1034   STATUS:OLD                 
 FORMAT:FORMATTED              ACCESS:SEQUENTIAL          
 ACTION:READ                


 OPENED local_run15.ghbspr_stress_period_data_0.txt
 FILE TYPE:OPEN/CLOSE   UNIT 1035   STATUS:OLD                 
 FORMAT:FORMATTED              ACCESS:SEQUENTIAL          
 ACTION:READ                


 OPENED local_run15.rcha_recharge_0.txt
 FILE TYPE:OPEN/CLOSE   UNIT 1036   STATUS:OLD                 
 FORMAT:FORMATTED              ACCESS:SEQUENTIAL          
 ACTION:READ                


                 RECHARGE

               1          2          3          4          5          6          7          8          9         10         11
              12         13         14         15         16         17         18         19         20         21         22
              23         24         25         26         27         28         29         30         31         32         33
              34         35         36         37         38         39         40         41         42         43         44
              45         46         47         48         49         50         51         52         53         54         55
              56         57
 .............................................................................................................................
   1    0.00       0.00       0.00       0.00       0.00       0.00       0.00       0.00       0.00       0.00       0.00    
        0.00       0.00       0.00       0.00       0.00       0.00       0.00       0.00       0.00       0.00       0.00    
        0.00       0.00       0.00       0.00       0.00       0.00       0.00       0.00       0.00       0.00       0.00    
        0.00       0.00       0.00       0.00       0.00       0.00       0.00       0.00       0.00       0.00       0.00    
        0.00       0.00       0.00       0.00       0.00       0.00       0.00       0.00       0.00       0.00       0.00    
        0.00       0.00    
   2    0.00       0.00       0.00       0.00       0.00       0.00       0.00       0.00       0.00       0.00       0.00    
        0.00       0.00       0.00       0.00       0.00       0.00       0.00       0.00       0.00       0.00       0.00    
        0.00       0.00       0.00       0.00       0.00      2.500E-03  2.500E-03  2.500E-03  2.500E-03  2.500E-03  2.500E-03
       2.500E-03  2.500E-03  2.500E-03  2.500E-03  2.500E-03  2.500E-03  2.500E-03  2.500E-03  2.500E-03  2.500E-03   0.00    
        0.00       0.00       0.00       0.00       0.00       0.00       0.00       0.00       0.00       0.00       0.00    
        0.00       0.00    
   3    0.00       0.00       0.00       0.00       0.00       0.00       0.00       0.00       0.00       0.00       0.00    
        0.00       0.00       0.00       0.00       0.00       0.00       0.00       0.00       0.00       0.00       0.00    
        0.00       0.00      2.500E-03  2.500E-03  2.500E-03  2.500E-03  2.500E-03  2.500E-03  2.500E-03  2.500E-03  2.500E-03
       2.500E-03  2.500E-03  2.500E-03  2.500E-03  2.500E-03  2.500E-03  2.500E-03  2.500E-03  2.500E-03  2.500E-03  2.500E-03
       2.500E-03  2.500E-03  2.500E-03  2.500E-03   0.00       0.00       0.00       0.00       0.00       0.00       0.00    
        0.00       0.00    
   4    0.00       0.00       0.00       0.00       0.00       0.00       0.00       0.00       0.00       0.00       0.00    
        0.00       0.00       0.00       0.00       0.00       0.00       0.00       0.00       0.00       0.00      2.500E-03
       2.500E-03  2.500E-03  2.500E-03  2.500E-03  2.500E-03  2.500E-03  2.500E-03  2.500E-03  2.500E-03  2.500E-03  2.500E-03
       2.500E-03  2.500E-03  2.500E-03  2.500E-03  2.500E-03  2.500E-03  2.500E-03  2.500E-03  2.500E-03  2.500E-03  2.500E-03
       2.500E-03  2.500E-03  2.500E-03  2.500E-03  2.500E-03   0.00       0.00       0.00       0.00       0.00       0.00    
        0.00       0.00    
   5    0.00       0.00       0.00       0.00       0.00       0.00       0.00       0.00       0.00       0.00       0.00    
        0.00       0.00       0.00       0.00       0.00       0.00       0.00      2.500E-03  2.500E-03  2.500E-03  2.500E-03
       2.500E-03  2.500E-03  2.500E-03  2.500E-03  2.500E-03  2.500E-03  2.500E-03  2.500E-03  2.500E-03  2.500E-03  2.500E-03
       2.500E-03  2.500E-03  2.500E-03  2.500E-03  2.500E-03  2.500E-03  2.500E-03  2.500E-03  2.500E-03  2.500E-03  2.500E-03
       2.500E-03  2.500E-03  2.500E-03  2.500E-03  2.500E-03  2.500E-03   0.00       0.00       0.00       0.00       0.00    
        0.00       0.00    
   6    0.00       0.00       0.00       0.00       0.00       0.00       0.00       0.00       0.00       0.00       0.00    
        0.00       0.00       0.00       0.00       0.00      2.500E-03  2.500E-03  2.500E-03  2.500E-03  2.500E-03  2.500E-03
       2.500E-03  2.500E-03  2.500E-03  2.500E-03  2.500E-03  2.500E-03  2.500E-03  2.500E-03  2.500E-03  2.500E-03  2.500E-03
       2.500E-03  2.500E-03  2.500E-03  2.500E-03  2.500E-03  2.500E-03  2.500E-03  2.500E-03  2.500E-03  2.500E-03  2.500E-03
       2.500E-03  2.500E-03  2.500E-03  2.500E-03  2.500E-03  2.500E-03  2.500E-03  2.500E-03   0.00       0.00       0.00    
        0.00       0.00    
   7    0.00       0.00       0.00       0.00       0.00       0.00       0.00       0.00       0.00       0.00       0.00    
        0.00       0.00       0.00       0.00      2.500E-03  2.500E-03  2.500E-03  2.500E-03  2.500E-03  2.500E-03  2.500E-03
       2.500E-03  2.500E-03  2.500E-03  2.500E-03  2.500E-03  2.500E-03  2.500E-03  2.500E-03  2.500E-03  2.500E-03  2.500E-03
       2.500E-03  2.500E-03  2.500E-03  2.500E-03  2.500E-03  2.500E-03  2.500E-03  2.500E-03  2.500E-03  2.500E-03  2.500E-03
       2.500E-03  2.500E-03  2.500E-03  2.500E-03  2.500E-03  2.500E-03  2.500E-03  2.500E-03  2.500E-03   0.00       0.00    
        0.00       0.00    
   8    0.00       0.00       0.00       0.00       0.00       0.00       0.00       0.00       0.00       0.00       0.00    
        0.00       0.00       0.00      2.500E-03  2.500E-03  2.500E-03  2.500E-03  2.500E-03  2.500E-03  2.500E-03  2.500E-03
       2.500E-03  2.500E-03  2.500E-03  2.500E-03  2.500E-03  2.500E-03  2.500E-03  2.500E-03  2.500E-03  2.500E-03  2.500E-03
       2.500E-03  2.500E-03  2.500E-03  2.500E-03  2.500E-03  2.500E-03  2.500E-03  2.500E-03  2.500E-03  2.500E-03  2.500E-03
       2.500E-03  2.500E-03  2.500E-03  2.500E-03  2.500E-03  2.500E-03  2.500E-03  2.500E-03  2.500E-03  2.500E-03   0.00    
        0.00       0.00    
   9    0.00       0.00       0.00       0.00       0.00       0.00       0.00       0.00       0.00       0.00       0.00    
        0.00       0.00      2.500E-03  2.500E-03  2.500E-03  2.500E-03  2.500E-03  2.500E-03  2.500E-03  2.500E-03  2.500E-03
       2.500E-03  2.500E-03  2.500E-03  2.500E-03  2.500E-03  2.500E-03  2.500E-03  2.500E-03  2.500E-03  2.500E-03  2.500E-03
       2.500E-03  2.500E-03  2.500E-03  2.500E-03  2.500E-03  2.500E-03  2.500E-03  2.500E-03  2.500E-03  2.500E-03  2.500E-03
       2.500E-03  2.500E-03  2.500E-03  2.500E-03  2.500E-03  2.500E-03  2.500E-03  2.500E-03  2.500E-03  2.500E-03  2.500E-03
        0.00       0.00    
  10    0.00       0.00       0.00       0.00       0.00       0.00       0.00       0.00       0.00       0.00       0.00    
        0.00      2.500E-03  2.500E-03  2.500E-03  2.500E-03  2.500E-03  2.500E-03  2.500E-03  2.500E-03  2.500E-03  2.500E-03
       2.500E-03  2.500E-03  2.500E-03  2.500E-03  2.500E-03  2.500E-03  2.500E-03  2.500E-03  2.500E-03  2.500E-03  2.500E-03
       2.500E-03  2.500E-03  2.500E-03  2.500E-03  2.500E-03  2.500E-03  2.500E-03  2.500E-03  2.500E-03  2.500E-03  2.500E-03
       2.500E-03  2.500E-03  2.500E-03  2.500E-03  2.500E-03  2.500E-03  2.500E-03  2.500E-03  2.500E-03  2.500E-03  2.500E-03
        0.00       0.00    
  11    0.00       0.00       0.00       0.00       0.00       0.00       0.00       0.00       0.00       0.00       0.00    
       2.500E-03  2.500E-03  2.500E-03  2.500E-03  2.500E-03  2.500E-03  2.500E-03  2.500E-03  2.500E-03  2.500E-03  2.500E-03
       2.500E-03  2.500E-03  2.500E-03  2.500E-03  2.500E-03  2.500E-03  2.500E-03  2.500E-03  2.500E-03  2.500E-03  2.500E-03
       2.500E-03  2.500E-03  2.500E-03  2.500E-03  2.500E-03  2.500E-03  2.500E-03  2.500E-03  2.500E-03  2.500E-03  2.500E-03
       2.500E-03  2.500E-03  2.500E-03  2.500E-03  2.500E-03  2.500E-03  2.500E-03  2.500E-03  2.500E-03  2.500E-03  2.500E-03
       2.500E-03   0.00    
  12    0.00       0.00       0.00       0.00       0.00       0.00       0.00       0.00       0.00       0.00      2.500E-03
       2.500E-03  2.500E-03  2.500E-03  2.500E-03  2.500E-03  2.500E-03  2.500E-03  2.500E-03  2.500E-03  2.500E-03  2.500E-03
       2.500E-03  2.500E-03  2.500E-03  2.500E-03  2.500E-03  2.500E-03  2.500E-03  2.500E-03  2.500E-03  2.500E-03  2.500E-03
       2.500E-03  2.500E-03  2.500E-03  2.500E-03  2.500E-03  2.500E-03  2.500E-03  2.500E-03  2.500E-03  2.500E-03  2.500E-03
       2.500E-03  2.500E-03  2.500E-03  2.500E-03  2.500E-03  2.500E-03  2.500E-03  2.500E-03  2.500E-03  2.500E-03  2.500E-03
       2.500E-03   0.00    
  13    0.00       0.00       0.00       0.00       0.00       0.00       0.00       0.00       0.00      2.500E-03  2.500E-03
       2.500E-03  2.500E-03  2.500E-03  2.500E-03  2.500E-03  2.500E-03  2.500E-03  2.500E-03  2.500E-03  2.500E-03  2.500E-03
       2.500E-03  2.500E-03  2.500E-03  2.500E-03  2.500E-03  2.500E-03  2.500E-03  2.500E-03  2.500E-03  2.500E-03  2.500E-03
       2.500E-03  2.500E-03  2.500E-03  2.500E-03  2.500E-03  2.500E-03  2.500E-03  2.500E-03  2.500E-03  2.500E-03  2.500E-03
       2.500E-03  2.500E-03  2.500E-03  2.500E-03  2.500E-03  2.500E-03  2.500E-03  2.500E-03  2.500E-03  2.500E-03  2.500E-03
       2.500E-03   0.00    
  14    0.00       0.00       0.00       0.00       0.00       0.00       0.00       0.00      2.500E-03  2.500E-03  2.500E-03
       2.500E-03  2.500E-03  2.500E-03  2.500E-03  2.500E-03  2.500E-03  2.500E-03  2.500E-03  2.500E-03  2.500E-03  2.500E-03
       2.500E-03  2.500E-03  2.500E-03  2.500E-03  2.500E-03  2.500E-03  2.500E-03  2.500E-03  2.500E-03  2.500E-03  2.500E-03
       2.500E-03  2.500E-03  2.500E-03  2.500E-03  2.500E-03  2.500E-03  2.500E-03  2.500E-03  2.500E-03  2.500E-03  2.500E-03
       2.500E-03  2.500E-03  2.500E-03  2.500E-03  2.500E-03  2.500E-03  2.500E-03  2.500E-03  2.500E-03  2.500E-03  2.500E-03
       2.500E-03   0.00    
  15    0.00       0.00       0.00       0.00       0.00       0.00       0.00      2.500E-03  2.500E-03  2.500E-03  2.500E-03
       2.500E-03  2.500E-03  2.500E-03  2.500E-03  2.500E-03  2.500E-03  2.500E-03  2.500E-03  2.500E-03  2.500E-03  2.500E-03
       2.500E-03  2.500E-03  2.500E-03  2.500E-03  2.500E-03  2.500E-03  2.500E-03  2.500E-03  2.500E-03  2.500E-03  2.500E-03
       2.500E-03  2.500E-03  2.500E-03  2.500E-03  2.500E-03  2.500E-03  2.500E-03  2.500E-03  2.500E-03  2.500E-03  2.500E-03
       2.500E-03  2.500E-03  2.500E-03  2.500E-03  2.500E-03  2.500E-03  2.500E-03  2.500E-03  2.500E-03  2.500E-03  2.500E-03
       2.500E-03   0.00    
  16    0.00       0.00       0.00       0.00       0.00       0.00      2.500E-03  2.500E-03  2.500E-03  2.500E-03  2.500E-03
       2.500E-03  2.500E-03  2.500E-03  2.500E-03  2.500E-03  2.500E-03  2.500E-03  2.500E-03  2.500E-03  2.500E-03  2.500E-03
       2.500E-03  2.500E-03  2.500E-03  2.500E-03  2.500E-03  2.500E-03  2.500E-03  2.500E-03  2.500E-03  2.500E-03  2.500E-03
       2.500E-03  2.500E-03  2.500E-03  2.500E-03  2.500E-03  2.500E-03  2.500E-03  2.500E-03  2.500E-03  2.500E-03  2.500E-03
       2.500E-03  2.500E-03  2.500E-03  2.500E-03  2.500E-03  2.500E-03  2.500E-03  2.500E-03  2.500E-03  2.500E-03  2.500E-03
       2.500E-03   0.00    
  17    0.00       0.00       0.00       0.00       0.00      2.500E-03  2.500E-03  2.500E-03  2.500E-03  2.500E-03  2.500E-03
       2.500E-03  2.500E-03  2.500E-03  2.500E-03  2.500E-03  2.500E-03  2.500E-03  2.500E-03  2.500E-03  2.500E-03  2.500E-03
       2.500E-03  2.500E-03  2.500E-03  2.500E-03  2.500E-03  2.500E-03  2.500E-03  2.500E-03  2.500E-03  2.500E-03  2.500E-03
       2.500E-03  2.500E-03  2.500E-03  2.500E-03  2.500E-03  2.500E-03  2.500E-03  2.500E-03  2.500E-03  2.500E-03  2.500E-03
       2.500E-03  2.500E-03  2.500E-03  2.500E-03  2.500E-03  2.500E-03  2.500E-03  2.500E-03  2.500E-03  2.500E-03  2.500E-03
       2.500E-03   0.00    
  18    0.00       0.00       0.00       0.00       0.00      2.500E-03  2.500E-03  2.500E-03  2.500E-03  2.500E-03  2.500E-03
       2.500E-03  2.500E-03  2.500E-03  2.500E-03  2.500E-03  2.500E-03  2.500E-03  2.500E-03  2.500E-03  2.500E-03  2.500E-03
       2.500E-03  2.500E-03  2.500E-03  2.500E-03  2.500E-03  2.500E-03  2.500E-03  2.500E-03  2.500E-03  2.500E-03  2.500E-03
       2.500E-03  2.500E-03  2.500E-03  2.500E-03  2.500E-03  2.500E-03  2.500E-03  2.500E-03  2.500E-03  2.500E-03  2.500E-03
       2.500E-03  2.500E-03  2.500E-03  2.500E-03  2.500E-03  2.500E-03  2.500E-03  2.500E-03  2.500E-03  2.500E-03  2.500E-03
       2.500E-03   0.00    
  19    0.00       0.00       0.00       0.00      2.500E-03  2.500E-03  2.500E-03  2.500E-03  2.500E-03  2.500E-03  2.500E-03
       2.500E-03  2.500E-03  2.500E-03  2.500E-03  2.500E-03  2.500E-03  2.500E-03  2.500E-03  2.500E-03  2.500E-03  2.500E-03
       2.500E-03  2.500E-03  2.500E-03  2.500E-03  2.500E-03  2.500E-03  2.500E-03  2.500E-03  2.500E-03  2.500E-03  2.500E-03
       2.500E-03  2.500E-03  2.500E-03  2.500E-03  2.500E-03  2.500E-03  2.500E-03  2.500E-03  2.500E-03  2.500E-03  2.500E-03
       2.500E-03  2.500E-03  2.500E-03  2.500E-03  2.500E-03  2.500E-03  2.500E-03  2.500E-03  2.500E-03  2.500E-03  2.500E-03
       2.500E-03   0.00    
  20    0.00       0.00       0.00       0.00      2.500E-03  2.500E-03  2.500E-03  2.500E-03  2.500E-03  2.500E-03  2.500E-03
       2.500E-03  2.500E-03  2.500E-03  2.500E-03  2.500E-03  2.500E-03  2.500E-03  2.500E-03  2.500E-03  2.500E-03  2.500E-03
       2.500E-03  2.500E-03  2.500E-03  2.500E-03  2.500E-03  2.500E-03  2.500E-03  2.500E-03  2.500E-03  2.500E-03  2.500E-03
       2.500E-03  2.500E-03  2.500E-03  2.500E-03  2.500E-03  2.500E-03  2.500E-03  2.500E-03  2.500E-03  2.500E-03  2.500E-03
       2.500E-03  2.500E-03  2.500E-03  2.500E-03  2.500E-03  2.500E-03  2.500E-03  2.500E-03  2.500E-03  2.500E-03  2.500E-03
       2.500E-03   0.00    
  21    0.00       0.00       0.00      2.500E-03  2.500E-03  2.500E-03  2.500E-03  2.500E-03  2.500E-03  2.500E-03  2.500E-03
       2.500E-03  2.500E-03  2.500E-03  2.500E-03  2.500E-03  2.500E-03  2.500E-03  2.500E-03  2.500E-03  2.500E-03  2.500E-03
       2.500E-03  2.500E-03  2.500E-03  2.500E-03  2.500E-03  2.500E-03  2.500E-03  2.500E-03  2.500E-03  2.500E-03  2.500E-03
       2.500E-03  2.500E-03  2.500E-03  2.500E-03  2.500E-03  2.500E-03  2.500E-03  2.500E-03  2.500E-03  2.500E-03  2.500E-03
       2.500E-03  2.500E-03  2.500E-03  2.500E-03  2.500E-03  2.500E-03  2.500E-03  2.500E-03  2.500E-03  2.500E-03  2.500E-03
       2.500E-03   0.00    
  22    0.00       0.00       0.00      2.500E-03  2.500E-03  2.500E-03  2.500E-03  2.500E-03  2.500E-03  2.500E-03  2.500E-03
       2.500E-03  2.500E-03  2.500E-03  2.500E-03  2.500E-03  2.500E-03  2.500E-03  2.500E-03  2.500E-03  2.500E-03  2.500E-03
       2.500E-03  2.500E-03  2.500E-03  2.500E-03  2.500E-03  2.500E-03  2.500E-03  2.500E-03  2.500E-03  2.500E-03  2.500E-03
       2.500E-03  2.500E-03  2.500E-03  2.500E-03  2.500E-03  2.500E-03  2.500E-03  2.500E-03  2.500E-03  2.500E-03  2.500E-03
       2.500E-03  2.500E-03  2.500E-03  2.500E-03  2.500E-03  2.500E-03  2.500E-03  2.500E-03  2.500E-03  2.500E-03  2.500E-03
       2.500E-03   0.00    
  23    0.00       0.00       0.00      2.500E-03  2.500E-03  2.500E-03  2.500E-03  2.500E-03  2.500E-03  2.500E-03  2.500E-03
       2.500E-03  2.500E-03  2.500E-03  2.500E-03  2.500E-03  2.500E-03  2.500E-03  2.500E-03  2.500E-03  2.500E-03  2.500E-03
       2.500E-03  2.500E-03  2.500E-03  2.500E-03  2.500E-03  2.500E-03  2.500E-03  2.500E-03  2.500E-03  2.500E-03  2.500E-03
       2.500E-03  2.500E-03  2.500E-03  2.500E-03  2.500E-03  2.500E-03  2.500E-03  2.500E-03   0.00       0.00       0.00    
        0.00       0.00       0.00       0.00      2.500E-03  2.500E-03  2.500E-03  2.500E-03  2.500E-03  2.500E-03  2.500E-03
       2.500E-03   0.00    
  24    0.00       0.00      2.500E-03  2.500E-03  2.500E-03  2.500E-03  2.500E-03  2.500E-03  2.500E-03  2.500E-03  2.500E-03
       2.500E-03  2.500E-03  2.500E-03  2.500E-03  2.500E-03  2.500E-03  2.500E-03  2.500E-03  2.500E-03  2.500E-03  2.500E-03
       2.500E-03  2.500E-03  2.500E-03  2.500E-03  2.500E-03  2.500E-03  2.500E-03  2.500E-03  2.500E-03  2.500E-03  2.500E-03
       2.500E-03  2.500E-03  2.500E-03  2.500E-03  2.500E-03  2.500E-03  2.500E-03  2.500E-03   0.00       0.00       0.00    
        0.00       0.00       0.00       0.00       0.00       0.00      2.500E-03  2.500E-03  2.500E-03  2.500E-03  2.500E-03
       2.500E-03   0.00    
  25    0.00       0.00      2.500E-03  2.500E-03  2.500E-03  2.500E-03  2.500E-03  2.500E-03  2.500E-03  2.500E-03  2.500E-03
       2.500E-03  2.500E-03  2.500E-03  2.500E-03  2.500E-03  2.500E-03  2.500E-03  2.500E-03  2.500E-03  2.500E-03  2.500E-03
       2.500E-03  2.500E-03  2.500E-03  2.500E-03  2.500E-03  2.500E-03  2.500E-03  2.500E-03  2.500E-03  2.500E-03  2.500E-03
       2.500E-03  2.500E-03  2.500E-03  2.500E-03  2.500E-03  2.500E-03  2.500E-03   0.00       0.00       0.00       0.00    
        0.00       0.00       0.00       0.00       0.00       0.00       0.00       0.00       0.00      2.500E-03  2.500E-03
        0.00       0.00    
  26    0.00      2.500E-03  2.500E-03  2.500E-03  2.500E-03  2.500E-03  2.500E-03  2.500E-03  2.500E-03  2.500E-03  2.500E-03
       2.500E-03  2.500E-03  2.500E-03  2.500E-03  2.500E-03  2.500E-03  2.500E-03  2.500E-03  2.500E-03  2.500E-03  2.500E-03
       2.500E-03  2.500E-03  2.500E-03  2.500E-03  2.500E-03  2.500E-03  2.500E-03  2.500E-03  2.500E-03  2.500E-03  2.500E-03
       2.500E-03  2.500E-03  2.500E-03  2.500E-03  2.500E-03  2.500E-03  2.500E-03   0.00       0.00       0.00       0.00    
        0.00       0.00       0.00       0.00       0.00       0.00       0.00       0.00       0.00       0.00       0.00    
        0.00       0.00    
  27    0.00      2.500E-03  2.500E-03  2.500E-03  2.500E-03  2.500E-03  2.500E-03  2.500E-03  2.500E-03  2.500E-03  2.500E-03
       2.500E-03  2.500E-03  2.500E-03  2.500E-03  2.500E-03  2.500E-03  2.500E-03  2.500E-03  2.500E-03  2.500E-03  2.500E-03
       2.500E-03  2.500E-03  2.500E-03  2.500E-03  2.500E-03  2.500E-03  2.500E-03  2.500E-03  2.500E-03  2.500E-03  2.500E-03
       2.500E-03  2.500E-03  2.500E-03  2.500E-03  2.500E-03  2.500E-03   0.00       0.00       0.00       0.00       0.00    
        0.00       0.00       0.00       0.00       0.00       0.00       0.00       0.00       0.00       0.00       0.00    
        0.00       0.00    
  28   2.500E-03  2.500E-03  2.500E-03  2.500E-03  2.500E-03  2.500E-03  2.500E-03  2.500E-03  2.500E-03  2.500E-03  2.500E-03
       2.500E-03  2.500E-03  2.500E-03  2.500E-03  2.500E-03  2.500E-03  2.500E-03  2.500E-03  2.500E-03  2.500E-03  2.500E-03
       2.500E-03  2.500E-03  2.500E-03  2.500E-03  2.500E-03  2.500E-03  2.500E-03  2.500E-03  2.500E-03  2.500E-03  2.500E-03
       2.500E-03  2.500E-03  2.500E-03  2.500E-03  2.500E-03  2.500E-03   0.00       0.00       0.00       0.00       0.00    
        0.00       0.00       0.00       0.00       0.00       0.00       0.00       0.00       0.00       0.00       0.00    
        0.00       0.00    
  29   2.500E-03  2.500E-03  2.500E-03  2.500E-03  2.500E-03  2.500E-03  2.500E-03  2.500E-03  2.500E-03  2.500E-03  2.500E-03
       2.500E-03  2.500E-03  2.500E-03  2.500E-03  2.500E-03  2.500E-03  2.500E-03  2.500E-03  2.500E-03  2.500E-03  2.500E-03
       2.500E-03  2.500E-03  2.500E-03  2.500E-03  2.500E-03  2.500E-03  2.500E-03  2.500E-03  2.500E-03  2.500E-03  2.500E-03
       2.500E-03  2.500E-03  2.500E-03  2.500E-03  2.500E-03  2.500E-03   0.00       0.00       0.00       0.00       0.00    
        0.00       0.00       0.00       0.00       0.00       0.00       0.00       0.00       0.00       0.00       0.00    
        0.00       0.00    
  30   2.500E-03  2.500E-03  2.500E-03  2.500E-03  2.500E-03  2.500E-03  2.500E-03  2.500E-03  2.500E-03  2.500E-03  2.500E-03
       2.500E-03  2.500E-03  2.500E-03  2.500E-03  2.500E-03  2.500E-03  2.500E-03  2.500E-03  2.500E-03  2.500E-03  2.500E-03
       2.500E-03  2.500E-03  2.500E-03  2.500E-03  2.500E-03  2.500E-03  2.500E-03  2.500E-03  2.500E-03  2.500E-03  2.500E-03
       2.500E-03  2.500E-03  2.500E-03  2.500E-03  2.500E-03   0.00       0.00       0.00       0.00       0.00       0.00    
        0.00       0.00       0.00       0.00       0.00       0.00       0.00       0.00       0.00       0.00       0.00    
        0.00       0.00    
  31   2.500E-03  2.500E-03  2.500E-03  2.500E-03  2.500E-03  2.500E-03  2.500E-03  2.500E-03  2.500E-03  2.500E-03  2.500E-03
       2.500E-03  2.500E-03  2.500E-03  2.500E-03  2.500E-03  2.500E-03  2.500E-03  2.500E-03  2.500E-03  2.500E-03  2.500E-03
       2.500E-03  2.500E-03  2.500E-03  2.500E-03  2.500E-03  2.500E-03  2.500E-03  2.500E-03  2.500E-03  2.500E-03  2.500E-03
       2.500E-03  2.500E-03  2.500E-03  2.500E-03  2.500E-03   0.00       0.00       0.00       0.00       0.00       0.00    
        0.00       0.00       0.00       0.00       0.00       0.00       0.00       0.00       0.00       0.00       0.00    
        0.00       0.00    
  32   2.500E-03  2.500E-03  2.500E-03  2.500E-03  2.500E-03  2.500E-03  2.500E-03  2.500E-03  2.500E-03  2.500E-03  2.500E-03
       2.500E-03  2.500E-03  2.500E-03  2.500E-03  2.500E-03  2.500E-03  2.500E-03  2.500E-03  2.500E-03  2.500E-03  2.500E-03
       2.500E-03  2.500E-03  2.500E-03  2.500E-03  2.500E-03  2.500E-03  2.500E-03  2.500E-03  2.500E-03  2.500E-03  2.500E-03
       2.500E-03  2.500E-03  2.500E-03  2.500E-03  2.500E-03   0.00       0.00       0.00       0.00       0.00       0.00    
        0.00       0.00       0.00       0.00       0.00       0.00       0.00       0.00       0.00       0.00       0.00    
        0.00       0.00    
  33   2.500E-03  2.500E-03  2.500E-03  2.500E-03  2.500E-03  2.500E-03  2.500E-03  2.500E-03  2.500E-03  2.500E-03  2.500E-03
       2.500E-03  2.500E-03  2.500E-03  2.500E-03  2.500E-03  2.500E-03  2.500E-03  2.500E-03  2.500E-03  2.500E-03  2.500E-03
       2.500E-03  2.500E-03  2.500E-03  2.500E-03  2.500E-03  2.500E-03  2.500E-03  2.500E-03  2.500E-03  2.500E-03  2.500E-03
       2.500E-03  2.500E-03  2.500E-03  2.500E-03   0.00       0.00       0.00       0.00       0.00       0.00       0.00    
        0.00       0.00       0.00       0.00       0.00       0.00       0.00       0.00       0.00       0.00       0.00    
        0.00       0.00    
  34   2.500E-03  2.500E-03  2.500E-03  2.500E-03  2.500E-03  2.500E-03  2.500E-03  2.500E-03  2.500E-03  2.500E-03  2.500E-03
       2.500E-03  2.500E-03  2.500E-03  2.500E-03  2.500E-03  2.500E-03  2.500E-03  2.500E-03  2.500E-03  2.500E-03  2.500E-03
       2.500E-03  2.500E-03  2.500E-03  2.500E-03  2.500E-03  2.500E-03  2.500E-03  2.500E-03  2.500E-03  2.500E-03  2.500E-03
       2.500E-03  2.500E-03  2.500E-03  2.500E-03   0.00       0.00       0.00       0.00       0.00       0.00       0.00    
        0.00       0.00       0.00       0.00       0.00       0.00       0.00       0.00       0.00       0.00       0.00    
        0.00       0.00    
  35   2.500E-03  2.500E-03  2.500E-03  2.500E-03  2.500E-03  2.500E-03  2.500E-03  2.500E-03  2.500E-03  2.500E-03  2.500E-03
       2.500E-03  2.500E-03  2.500E-03  2.500E-03  2.500E-03  2.500E-03  2.500E-03  2.500E-03  2.500E-03  2.500E-03  2.500E-03
       2.500E-03  2.500E-03  2.500E-03  2.500E-03  2.500E-03  2.500E-03  2.500E-03  2.500E-03  2.500E-03  2.500E-03  2.500E-03
       2.500E-03  2.500E-03  2.500E-03  2.500E-03  2.500E-03   0.00       0.00       0.00       0.00       0.00       0.00    
        0.00       0.00       0.00       0.00       0.00       0.00       0.00       0.00       0.00       0.00       0.00    
        0.00       0.00    
  36   2.500E-03  2.500E-03  2.500E-03  2.500E-03  2.500E-03  2.500E-03  2.500E-03  2.500E-03  2.500E-03  2.500E-03  2.500E-03
       2.500E-03  2.500E-03  2.500E-03  2.500E-03  2.500E-03  2.500E-03  2.500E-03  2.500E-03  2.500E-03  2.500E-03  2.500E-03
       2.500E-03  2.500E-03  2.500E-03  2.500E-03  2.500E-03  2.500E-03  2.500E-03  2.500E-03  2.500E-03  2.500E-03  2.500E-03
       2.500E-03  2.500E-03  2.500E-03  2.500E-03  2.500E-03   0.00       0.00       0.00       0.00       0.00       0.00    
        0.00       0.00       0.00       0.00       0.00       0.00       0.00       0.00       0.00       0.00       0.00    
        0.00       0.00    
  37   2.500E-03  2.500E-03  2.500E-03  2.500E-03  2.500E-03  2.500E-03  2.500E-03  2.500E-03  2.500E-03  2.500E-03  2.500E-03
       2.500E-03  2.500E-03  2.500E-03  2.500E-03  2.500E-03  2.500E-03  2.500E-03  2.500E-03  2.500E-03  2.500E-03  2.500E-03
       2.500E-03  2.500E-03  2.500E-03  2.500E-03  2.500E-03  2.500E-03  2.500E-03  2.500E-03  2.500E-03  2.500E-03  2.500E-03
       2.500E-03  2.500E-03  2.500E-03  2.500E-03  2.500E-03   0.00       0.00       0.00       0.00       0.00       0.00    
        0.00       0.00       0.00       0.00       0.00       0.00       0.00       0.00       0.00       0.00       0.00    
        0.00       0.00    
  38   2.500E-03  2.500E-03  2.500E-03  2.500E-03  2.500E-03  2.500E-03  2.500E-03  2.500E-03  2.500E-03  2.500E-03  2.500E-03
       2.500E-03  2.500E-03  2.500E-03  2.500E-03  2.500E-03  2.500E-03  2.500E-03  2.500E-03  2.500E-03  2.500E-03  2.500E-03
       2.500E-03  2.500E-03  2.500E-03  2.500E-03  2.500E-03  2.500E-03  2.500E-03  2.500E-03  2.500E-03  2.500E-03  2.500E-03
       2.500E-03  2.500E-03  2.500E-03  2.500E-03  2.500E-03   0.00       0.00       0.00       0.00       0.00       0.00    
        0.00       0.00       0.00       0.00       0.00       0.00       0.00       0.00       0.00       0.00       0.00    
        0.00       0.00    
  39   2.500E-03  2.500E-03  2.500E-03  2.500E-03  2.500E-03  2.500E-03  2.500E-03  2.500E-03  2.500E-03  2.500E-03  2.500E-03
       2.500E-03  2.500E-03  2.500E-03  2.500E-03  2.500E-03  2.500E-03  2.500E-03  2.500E-03  2.500E-03  2.500E-03  2.500E-03
       2.500E-03  2.500E-03  2.500E-03  2.500E-03  2.500E-03  2.500E-03  2.500E-03  2.500E-03  2.500E-03  2.500E-03  2.500E-03
       2.500E-03  2.500E-03  2.500E-03  2.500E-03  2.500E-03   0.00       0.00       0.00       0.00       0.00       0.00    
        0.00       0.00       0.00       0.00       0.00       0.00       0.00       0.00       0.00       0.00       0.00    
        0.00       0.00    
  40    0.00      2.500E-03  2.500E-03  2.500E-03  2.500E-03  2.500E-03  2.500E-03  2.500E-03  2.500E-03  2.500E-03  2.500E-03
       2.500E-03  2.500E-03  2.500E-03  2.500E-03  2.500E-03  2.500E-03  2.500E-03  2.500E-03  2.500E-03   0.00      2.500E-03
       2.500E-03  2.500E-03  2.500E-03   0.00       0.00       0.00      2.500E-03  2.500E-03  2.500E-03  2.500E-03  2.500E-03
       2.500E-03  2.500E-03  2.500E-03  2.500E-03  2.500E-03  2.500E-03   0.00       0.00       0.00       0.00       0.00    
        0.00       0.00       0.00       0.00       0.00       0.00       0.00       0.00       0.00       0.00       0.00    
        0.00       0.00    
  41    0.00      2.500E-03  2.500E-03  2.500E-03  2.500E-03  2.500E-03  2.500E-03  2.500E-03  2.500E-03  2.500E-03  2.500E-03
       2.500E-03  2.500E-03  2.500E-03  2.500E-03  2.500E-03  2.500E-03   0.00       0.00       0.00       0.00       0.00    
        0.00       0.00       0.00       0.00       0.00       0.00      2.500E-03  2.500E-03  2.500E-03  2.500E-03  2.500E-03
       2.500E-03  2.500E-03  2.500E-03  2.500E-03  2.500E-03  2.500E-03   0.00       0.00       0.00       0.00       0.00    
        0.00       0.00       0.00       0.00       0.00       0.00       0.00       0.00       0.00       0.00       0.00    
        0.00       0.00    
  42    0.00       0.00      2.500E-03  2.500E-03  2.500E-03  2.500E-03  2.500E-03  2.500E-03  2.500E-03  2.500E-03  2.500E-03
       2.500E-03   0.00       0.00       0.00       0.00       0.00       0.00       0.00       0.00       0.00       0.00    
        0.00       0.00       0.00       0.00       0.00       0.00       0.00       0.00      2.500E-03  2.500E-03  2.500E-03
       2.500E-03  2.500E-03  2.500E-03  2.500E-03  2.500E-03  2.500E-03   0.00       0.00       0.00       0.00       0.00    
        0.00       0.00       0.00       0.00       0.00       0.00       0.00       0.00       0.00       0.00       0.00    
        0.00       0.00    
  43    0.00       0.00      2.500E-03  2.500E-03  2.500E-03  2.500E-03  2.500E-03  2.500E-03  2.500E-03  2.500E-03   0.00    
        0.00       0.00       0.00       0.00       0.00       0.00       0.00       0.00       0.00       0.00       0.00    
        0.00       0.00       0.00       0.00       0.00       0.00       0.00       0.00       0.00      2.500E-03  2.500E-03
       2.500E-03  2.500E-03  2.500E-03  2.500E-03  2.500E-03  2.500E-03   0.00       0.00       0.00       0.00       0.00    
        0.00       0.00       0.00       0.00       0.00       0.00       0.00       0.00       0.00       0.00       0.00    
        0.00       0.00    
  44    0.00       0.00       0.00      2.500E-03  2.500E-03  2.500E-03  2.500E-03  2.500E-03  2.500E-03   0.00       0.00    
        0.00       0.00       0.00       0.00       0.00       0.00       0.00       0.00       0.00       0.00       0.00    
        0.00       0.00       0.00       0.00       0.00       0.00       0.00       0.00       0.00       0.00      2.500E-03
       2.500E-03  2.500E-03  2.500E-03  2.500E-03  2.500E-03  2.500E-03   0.00       0.00       0.00       0.00       0.00    
        0.00       0.00       0.00       0.00       0.00       0.00       0.00       0.00       0.00       0.00       0.00    
        0.00       0.00    
  45    0.00       0.00       0.00      2.500E-03  2.500E-03  2.500E-03  2.500E-03  2.500E-03   0.00       0.00       0.00    
        0.00       0.00       0.00       0.00       0.00       0.00       0.00       0.00       0.00       0.00       0.00    
        0.00       0.00       0.00       0.00       0.00       0.00       0.00       0.00       0.00       0.00       0.00    
       2.500E-03  2.500E-03  2.500E-03  2.500E-03  2.500E-03  2.500E-03   0.00       0.00       0.00       0.00       0.00    
        0.00       0.00       0.00       0.00       0.00       0.00       0.00       0.00       0.00       0.00       0.00    
        0.00       0.00    
  46    0.00       0.00       0.00       0.00      2.500E-03  2.500E-03  2.500E-03   0.00       0.00       0.00       0.00    
        0.00       0.00       0.00       0.00       0.00       0.00       0.00       0.00       0.00       0.00       0.00    
        0.00       0.00       0.00       0.00       0.00       0.00       0.00       0.00       0.00       0.00       0.00    
        0.00      2.500E-03  2.500E-03  2.500E-03  2.500E-03  2.500E-03   0.00       0.00       0.00       0.00       0.00    
        0.00       0.00       0.00       0.00       0.00       0.00       0.00       0.00       0.00       0.00       0.00    
        0.00       0.00    
  47    0.00       0.00       0.00       0.00      2.500E-03   0.00       0.00       0.00       0.00       0.00       0.00    
        0.00       0.00       0.00       0.00       0.00       0.00       0.00       0.00       0.00       0.00       0.00    
        0.00       0.00       0.00       0.00       0.00       0.00       0.00       0.00       0.00       0.00       0.00    
        0.00       0.00      2.500E-03  2.500E-03   0.00       0.00       0.00       0.00       0.00       0.00       0.00    
        0.00       0.00       0.00       0.00       0.00       0.00       0.00       0.00       0.00       0.00       0.00    
        0.00       0.00    

 SLN_1 INNER ITERATION SUMMARY
 --------------------------------------------------------------------------------------------------------------------------------------
      TOTAL      OUTER      INNER                                                            MAXIMUM                                   
  ITERATION  ITERATION  ITERATION  MAXIMUM CHANGE      MAXIMUM CHANGE MODEL-(CELLID)        RESIDUAL    MAXIMUM RESIDUAL MODEL-(CELLID)
 --------------------------------------------------------------------------------------------------------------------------------------
          1          1          1      -2.7206771                    1_GWF-(1,24,41)       11.768657                    1_GWF-(1,33,31)
          2          1          2      0.59234477                     1_GWF-(1,3,29)      -4.3803491                     1_GWF-(1,3,28)
          3          1          3      0.33924367                     1_GWF-(1,3,30)      -2.0677988                     1_GWF-(1,3,28)
          4          1          4      0.22129894                     1_GWF-(1,3,29)     -0.85568832                     1_GWF-(1,3,28)
          5          1          5      0.10370543                     1_GWF-(1,3,28)     -0.35522478                     1_GWF-(1,3,28)
          6          1          6  6.08691145E-02                     1_GWF-(1,3,28) -7.11163387E-02                     1_GWF-(1,5,22)
          7          2          1  1.16171905E-02                     1_GWF-(1,4,25) -1.73706502E-02                     1_GWF-(1,3,28)
 --------------------------------------------------------------------------------------------------------------------------------------


 UBDSV1 SAVING           STO-SS ON UNIT   1030 AT TIME STEP      1, STRESS PERIOD      1
 UBDSV1 SAVING     FLOW-JA-FACE ON UNIT   1030 AT TIME STEP      1, STRESS PERIOD      1
 UBDSV06 SAVING       DATA-SPDIS IN MODEL LOCAL_RUN15      PACKAGE NPF             CONNECTED TO MODEL LOCAL_RUN15      PACKAGE NPF              ON UNIT   1030 AT TIME STEP      1, STRESS PERIOD      1
 UBDSV06 SAVING              GHB IN MODEL LOCAL_RUN15      PACKAGE LOCAL_RUN15     CONNECTED TO MODEL LOCAL_RUN15      PACKAGE GHB_AW           ON UNIT   1030 AT TIME STEP      1, STRESS PERIOD      1
 UBDSV06 SAVING              GHB IN MODEL LOCAL_RUN15      PACKAGE LOCAL_RUN15     CONNECTED TO MODEL LOCAL_RUN15      PACKAGE GHB_CONF         ON UNIT   1030 AT TIME STEP      1, STRESS PERIOD      1
 UBDSV06 SAVING              GHB IN MODEL LOCAL_RUN15      PACKAGE LOCAL_RUN15     CONNECTED TO MODEL LOCAL_RUN15      PACKAGE GHB_PW           ON UNIT   1030 AT TIME STEP      1, STRESS PERIOD      1
 UBDSV06 SAVING              GHB IN MODEL LOCAL_RUN15      PACKAGE LOCAL_RUN15     CONNECTED TO MODEL LOCAL_RUN15      PACKAGE GHB_SP           ON UNIT   1030 AT TIME STEP      1, STRESS PERIOD      1
 UBDSV06 SAVING             RCHA IN MODEL LOCAL_RUN15      PACKAGE LOCAL_RUN15     CONNECTED TO MODEL LOCAL_RUN15      PACKAGE RCH              ON UNIT   1030 AT TIME STEP      1, STRESS PERIOD      1

 HEAD WILL BE SAVED ON UNIT 1031 AT END OF TIME STEP    1, STRESS PERIOD    1


  VOLUME BUDGET FOR ENTIRE MODEL AT END OF TIME STEP    1, STRESS PERIOD   1
  ---------------------------------------------------------------------------------------------------

     CUMULATIVE VOLUME      L**3       RATES FOR THIS TIME STEP      L**3/T          PACKAGE NAME    
     ------------------                 ------------------------                     ----------------

           IN:                                      IN:
           ---                                      ---
              STO-SS =           0.0000                STO-SS =           0.0000     STORAGE                          
                 GHB =         726.4445                   GHB =         726.4445     GHB_AW                           
                 GHB =        5836.8640                   GHB =        5836.8640     GHB_CONF                         
                 GHB =         191.4221                   GHB =         191.4221     GHB_PW                           
                 GHB =           0.0000                   GHB =           0.0000     GHB_SP                           
                RCHA =        2642.1875                  RCHA =        2642.1875     RCH                              

            TOTAL IN =        9396.9180              TOTAL IN =        9396.9180

          OUT:                                     OUT:
          ----                                     ----
              STO-SS =           0.0000                STO-SS =           0.0000     STORAGE                          
                 GHB =        8620.8623                   GHB =        8620.8623     GHB_AW                           
                 GHB =           0.0000                   GHB =           0.0000     GHB_CONF                         
                 GHB =         572.3951                   GHB =         572.3951     GHB_PW                           
                 GHB =         200.6306                   GHB =         200.6306     GHB_SP                           
                RCHA =           0.0000                  RCHA =           0.0000     RCH                              

           TOTAL OUT =        9393.8881             TOTAL OUT =        9393.8881

            IN - OUT =           3.0300              IN - OUT =           3.0300

 PERCENT DISCREPANCY =           0.03     PERCENT DISCREPANCY =           0.03




         TIME SUMMARY AT END OF TIME STEP    1 IN STRESS PERIOD    1
                    SECONDS     MINUTES      HOURS       DAYS        YEARS
                    -----------------------------------------------------------
   TIME STEP LENGTH  86400.      1440.0      24.000      1.0000     2.73785E-03
 STRESS PERIOD TIME  86400.      1440.0      24.000      1.0000     2.73785E-03
         TOTAL TIME  86400.      1440.0      24.000      1.0000     2.73785E-03


end timestep


start timestep kper="2" kstp="1" mode="normal"


 END OF FILE DETECTED IN OUTPUT CONTROL.
 CURRENT OUTPUT CONTROL SETTINGS WILL BE 
 REPEATED UNTIL THE END OF THE SIMULATION.

 OUTPUT CONTROL FOR STRESS PERIOD 2 IS REPEATED USING SETTINGS FROM A PREVIOUS STRESS PERIOD.


 PROCESSING STORAGE PERIOD DATA
 END PROCESSING STORAGE PERIOD DATA


 STRESS PERIOD 2 IS TRANSIENT


 OPENED local_run15.ghbaw_stress_period_data_1.txt
 FILE TYPE:OPEN/CLOSE   UNIT 1037   STATUS:OLD                 
 FORMAT:FORMATTED              ACCESS:SEQUENTIAL          
 ACTION:READ                


 OPENED local_run15.ghb_conf_stress_period_data_1.txt
 FILE TYPE:OPEN/CLOSE   UNIT 1038   STATUS:OLD                 
 FORMAT:FORMATTED              ACCESS:SEQUENTIAL          
 ACTION:READ                


 OPENED local_run15.ghb_pw_stress_period_data_1.txt
 FILE TYPE:OPEN/CLOSE   UNIT 1039   STATUS:OLD                 
 FORMAT:FORMATTED              ACCESS:SEQUENTIAL          
 ACTION:READ                


 OPENED local_run15.ghbspr_stress_period_data_1.txt
 FILE TYPE:OPEN/CLOSE   UNIT 1040   STATUS:OLD                 
 FORMAT:FORMATTED              ACCESS:SEQUENTIAL          
 ACTION:READ                


 OPENED local_run15.rcha_recharge_1.txt
 FILE TYPE:OPEN/CLOSE   UNIT 1041   STATUS:OLD                 
 FORMAT:FORMATTED              ACCESS:SEQUENTIAL          
 ACTION:READ                


                 RECHARGE

               1          2          3          4          5          6          7          8          9         10         11
              12         13         14         15         16         17         18         19         20         21         22
              23         24         25         26         27         28         29         30         31         32         33
              34         35         36         37         38         39         40         41         42         43         44
              45         46         47         48         49         50         51         52         53         54         55
              56         57
 .............................................................................................................................
   1    0.00       0.00       0.00       0.00       0.00       0.00       0.00       0.00       0.00       0.00       0.00    
        0.00       0.00       0.00       0.00       0.00       0.00       0.00       0.00       0.00       0.00       0.00    
        0.00       0.00       0.00       0.00       0.00       0.00       0.00       0.00       0.00       0.00       0.00    
        0.00       0.00       0.00       0.00       0.00       0.00       0.00       0.00       0.00       0.00       0.00    
        0.00       0.00       0.00       0.00       0.00       0.00       0.00       0.00       0.00       0.00       0.00    
        0.00       0.00    
   2    0.00       0.00       0.00       0.00       0.00       0.00       0.00       0.00       0.00       0.00       0.00    
        0.00       0.00       0.00       0.00       0.00       0.00       0.00       0.00       0.00       0.00       0.00    
        0.00       0.00       0.00       0.00       0.00      2.500E-03  2.500E-03  2.500E-03  2.500E-03  2.500E-03  2.500E-03
       2.500E-03  2.500E-03  2.500E-03  2.500E-03  2.500E-03  2.500E-03  2.500E-03  2.500E-03  2.500E-03  2.500E-03   0.00    
        0.00       0.00       0.00       0.00       0.00       0.00       0.00       0.00       0.00       0.00       0.00    
        0.00       0.00    
   3    0.00       0.00       0.00       0.00       0.00       0.00       0.00       0.00       0.00       0.00       0.00    
        0.00       0.00       0.00       0.00       0.00       0.00       0.00       0.00       0.00       0.00       0.00    
        0.00       0.00      2.500E-03  2.500E-03  2.500E-03  2.500E-03  2.500E-03  2.500E-03  2.500E-03  2.500E-03  2.500E-03
       2.500E-03  2.500E-03  2.500E-03  2.500E-03  2.500E-03  2.500E-03  2.500E-03  2.500E-03  2.500E-03  2.500E-03  2.500E-03
       2.500E-03  2.500E-03  2.500E-03  2.500E-03   0.00       0.00       0.00       0.00       0.00       0.00       0.00    
        0.00       0.00    
   4    0.00       0.00       0.00       0.00       0.00       0.00       0.00       0.00       0.00       0.00       0.00    
        0.00       0.00       0.00       0.00       0.00       0.00       0.00       0.00       0.00       0.00      2.500E-03
       2.500E-03  2.500E-03  2.500E-03  2.500E-03  2.500E-03  2.500E-03  2.500E-03  2.500E-03  2.500E-03  2.500E-03  2.500E-03
       2.500E-03  2.500E-03  2.500E-03  2.500E-03  2.500E-03  2.500E-03  2.500E-03  2.500E-03  2.500E-03  2.500E-03  2.500E-03
       2.500E-03  2.500E-03  2.500E-03  2.500E-03  2.500E-03   0.00       0.00       0.00       0.00       0.00       0.00    
        0.00       0.00    
   5    0.00       0.00       0.00       0.00       0.00       0.00       0.00       0.00       0.00       0.00       0.00    
        0.00       0.00       0.00       0.00       0.00       0.00       0.00      2.500E-03  2.500E-03  2.500E-03  2.500E-03
       2.500E-03  2.500E-03  2.500E-03  2.500E-03  2.500E-03  2.500E-03  2.500E-03  2.500E-03  2.500E-03  2.500E-03  2.500E-03
       2.500E-03  2.500E-03  2.500E-03  2.500E-03  2.500E-03  2.500E-03  2.500E-03  2.500E-03  2.500E-03  2.500E-03  2.500E-03
       2.500E-03  2.500E-03  2.500E-03  2.500E-03  2.500E-03  2.500E-03   0.00       0.00       0.00       0.00       0.00    
        0.00       0.00    
   6    0.00       0.00       0.00       0.00       0.00       0.00       0.00       0.00       0.00       0.00       0.00    
        0.00       0.00       0.00       0.00       0.00      2.500E-03  2.500E-03  2.500E-03  2.500E-03  2.500E-03  2.500E-03
       2.500E-03  2.500E-03  2.500E-03  2.500E-03  2.500E-03  2.500E-03  2.500E-03  2.500E-03  2.500E-03  2.500E-03  2.500E-03
       2.500E-03  2.500E-03  2.500E-03  2.500E-03  2.500E-03  2.500E-03  2.500E-03  2.500E-03  2.500E-03  2.500E-03  2.500E-03
       2.500E-03  2.500E-03  2.500E-03  2.500E-03  2.500E-03  2.500E-03  2.500E-03  2.500E-03   0.00       0.00       0.00    
        0.00       0.00    
   7    0.00       0.00       0.00       0.00       0.00       0.00       0.00       0.00       0.00       0.00       0.00    
        0.00       0.00       0.00       0.00      2.500E-03  2.500E-03  2.500E-03  2.500E-03  2.500E-03  2.500E-03  2.500E-03
       2.500E-03  2.500E-03  2.500E-03  2.500E-03  2.500E-03  2.500E-03  2.500E-03  2.500E-03  2.500E-03  2.500E-03  2.500E-03
       2.500E-03  2.500E-03  2.500E-03  2.500E-03  2.500E-03  2.500E-03  2.500E-03  2.500E-03  2.500E-03  2.500E-03  2.500E-03
       2.500E-03  2.500E-03  2.500E-03  2.500E-03  2.500E-03  2.500E-03  2.500E-03  2.500E-03  2.500E-03   0.00       0.00    
        0.00       0.00    
   8    0.00       0.00       0.00       0.00       0.00       0.00       0.00       0.00       0.00       0.00       0.00    
        0.00       0.00       0.00      2.500E-03  2.500E-03  2.500E-03  2.500E-03  2.500E-03  2.500E-03  2.500E-03  2.500E-03
       2.500E-03  2.500E-03  2.500E-03  2.500E-03  2.500E-03  2.500E-03  2.500E-03  2.500E-03  2.500E-03  2.500E-03  2.500E-03
       2.500E-03  2.500E-03  2.500E-03  2.500E-03  2.500E-03  2.500E-03  2.500E-03  2.500E-03  2.500E-03  2.500E-03  2.500E-03
       2.500E-03  2.500E-03  2.500E-03  2.500E-03  2.500E-03  2.500E-03  2.500E-03  2.500E-03  2.500E-03  2.500E-03   0.00    
        0.00       0.00    
   9    0.00       0.00       0.00       0.00       0.00       0.00       0.00       0.00       0.00       0.00       0.00    
        0.00       0.00      2.500E-03  2.500E-03  2.500E-03  2.500E-03  2.500E-03  2.500E-03  2.500E-03  2.500E-03  2.500E-03
       2.500E-03  2.500E-03  2.500E-03  2.500E-03  2.500E-03  2.500E-03  2.500E-03  2.500E-03  2.500E-03  2.500E-03  2.500E-03
       2.500E-03  2.500E-03  2.500E-03  2.500E-03  2.500E-03  2.500E-03  2.500E-03  2.500E-03  2.500E-03  2.500E-03  2.500E-03
       2.500E-03  2.500E-03  2.500E-03  2.500E-03  2.500E-03  2.500E-03  2.500E-03  2.500E-03  2.500E-03  2.500E-03  2.500E-03
        0.00       0.00    
  10    0.00       0.00       0.00       0.00       0.00       0.00       0.00       0.00       0.00       0.00       0.00    
        0.00      2.500E-03  2.500E-03  2.500E-03  2.500E-03  2.500E-03  2.500E-03  2.500E-03  2.500E-03  2.500E-03  2.500E-03
       2.500E-03  2.500E-03  2.500E-03  2.500E-03  2.500E-03  2.500E-03  2.500E-03  2.500E-03  2.500E-03  2.500E-03  2.500E-03
       2.500E-03  2.500E-03  2.500E-03  2.500E-03  2.500E-03  2.500E-03  2.500E-03  2.500E-03  2.500E-03  2.500E-03  2.500E-03
       2.500E-03  2.500E-03  2.500E-03  2.500E-03  2.500E-03  2.500E-03  2.500E-03  2.500E-03  2.500E-03  2.500E-03  2.500E-03
        0.00       0.00    
  11    0.00       0.00       0.00       0.00       0.00       0.00       0.00       0.00       0.00       0.00       0.00    
       2.500E-03  2.500E-03  2.500E-03  2.500E-03  2.500E-03  2.500E-03  2.500E-03  2.500E-03  2.500E-03  2.500E-03  2.500E-03
       2.500E-03  2.500E-03  2.500E-03  2.500E-03  2.500E-03  2.500E-03  2.500E-03  2.500E-03  2.500E-03  2.500E-03  2.500E-03
       2.500E-03  2.500E-03  2.500E-03  2.500E-03  2.500E-03  2.500E-03  2.500E-03  2.500E-03  2.500E-03  2.500E-03  2.500E-03
       2.500E-03  2.500E-03  2.500E-03  2.500E-03  2.500E-03  2.500E-03  2.500E-03  2.500E-03  2.500E-03  2.500E-03  2.500E-03
       2.500E-03   0.00    
  12    0.00       0.00       0.00       0.00       0.00       0.00       0.00       0.00       0.00       0.00      2.500E-03
       2.500E-03  2.500E-03  2.500E-03  2.500E-03  2.500E-03  2.500E-03  2.500E-03  2.500E-03  2.500E-03  2.500E-03  2.500E-03
       2.500E-03  2.500E-03  2.500E-03  2.500E-03  2.500E-03  2.500E-03  2.500E-03  2.500E-03  2.500E-03  2.500E-03  2.500E-03
       2.500E-03  2.500E-03  2.500E-03  2.500E-03  2.500E-03  2.500E-03  2.500E-03  2.500E-03  2.500E-03  2.500E-03  2.500E-03
       2.500E-03  2.500E-03  2.500E-03  2.500E-03  2.500E-03  2.500E-03  2.500E-03  2.500E-03  2.500E-03  2.500E-03  2.500E-03
       2.500E-03   0.00    
  13    0.00       0.00       0.00       0.00       0.00       0.00       0.00       0.00       0.00      2.500E-03  2.500E-03
       2.500E-03  2.500E-03  2.500E-03  2.500E-03  2.500E-03  2.500E-03  2.500E-03  2.500E-03  2.500E-03  2.500E-03  2.500E-03
       2.500E-03  2.500E-03  2.500E-03  2.500E-03  2.500E-03  2.500E-03  2.500E-03  2.500E-03  2.500E-03  2.500E-03  2.500E-03
       2.500E-03  2.500E-03  2.500E-03  2.500E-03  2.500E-03  2.500E-03  2.500E-03  2.500E-03  2.500E-03  2.500E-03  2.500E-03
       2.500E-03  2.500E-03  2.500E-03  2.500E-03  2.500E-03  2.500E-03  2.500E-03  2.500E-03  2.500E-03  2.500E-03  2.500E-03
       2.500E-03   0.00    
  14    0.00       0.00       0.00       0.00       0.00       0.00       0.00       0.00      2.500E-03  2.500E-03  2.500E-03
       2.500E-03  2.500E-03  2.500E-03  2.500E-03  2.500E-03  2.500E-03  2.500E-03  2.500E-03  2.500E-03  2.500E-03  2.500E-03
       2.500E-03  2.500E-03  2.500E-03  2.500E-03  2.500E-03  2.500E-03  2.500E-03  2.500E-03  2.500E-03  2.500E-03  2.500E-03
       2.500E-03  2.500E-03  2.500E-03  2.500E-03  2.500E-03  2.500E-03  2.500E-03  2.500E-03  2.500E-03  2.500E-03  2.500E-03
       2.500E-03  2.500E-03  2.500E-03  2.500E-03  2.500E-03  2.500E-03  2.500E-03  2.500E-03  2.500E-03  2.500E-03  2.500E-03
       2.500E-03   0.00    
  15    0.00       0.00       0.00       0.00       0.00       0.00       0.00      2.500E-03  2.500E-03  2.500E-03  2.500E-03
       2.500E-03  2.500E-03  2.500E-03  2.500E-03  2.500E-03  2.500E-03  2.500E-03  2.500E-03  2.500E-03  2.500E-03  2.500E-03
       2.500E-03  2.500E-03  2.500E-03  2.500E-03  2.500E-03  2.500E-03  2.500E-03  2.500E-03  2.500E-03  2.500E-03  2.500E-03
       2.500E-03  2.500E-03  2.500E-03  2.500E-03  2.500E-03  2.500E-03  2.500E-03  2.500E-03  2.500E-03  2.500E-03  2.500E-03
       2.500E-03  2.500E-03  2.500E-03  2.500E-03  2.500E-03  2.500E-03  2.500E-03  2.500E-03  2.500E-03  2.500E-03  2.500E-03
       2.500E-03   0.00    
  16    0.00       0.00       0.00       0.00       0.00       0.00      2.500E-03  2.500E-03  2.500E-03  2.500E-03  2.500E-03
       2.500E-03  2.500E-03  2.500E-03  2.500E-03  2.500E-03  2.500E-03  2.500E-03  2.500E-03  2.500E-03  2.500E-03  2.500E-03
       2.500E-03  2.500E-03  2.500E-03  2.500E-03  2.500E-03  2.500E-03  2.500E-03  2.500E-03  2.500E-03  2.500E-03  2.500E-03
       2.500E-03  2.500E-03  2.500E-03  2.500E-03  2.500E-03  2.500E-03  2.500E-03  2.500E-03  2.500E-03  2.500E-03  2.500E-03
       2.500E-03  2.500E-03  2.500E-03  2.500E-03  2.500E-03  2.500E-03  2.500E-03  2.500E-03  2.500E-03  2.500E-03  2.500E-03
       2.500E-03   0.00    
  17    0.00       0.00       0.00       0.00       0.00      2.500E-03  2.500E-03  2.500E-03  2.500E-03  2.500E-03  2.500E-03
       2.500E-03  2.500E-03  2.500E-03  2.500E-03  2.500E-03  2.500E-03  2.500E-03  2.500E-03  2.500E-03  2.500E-03  2.500E-03
       2.500E-03  2.500E-03  2.500E-03  2.500E-03  2.500E-03  2.500E-03  2.500E-03  2.500E-03  2.500E-03  2.500E-03  2.500E-03
       2.500E-03  2.500E-03  2.500E-03  2.500E-03  2.500E-03  2.500E-03  2.500E-03  2.500E-03  2.500E-03  2.500E-03  2.500E-03
       2.500E-03  2.500E-03  2.500E-03  2.500E-03  2.500E-03  2.500E-03  2.500E-03  2.500E-03  2.500E-03  2.500E-03  2.500E-03
       2.500E-03   0.00    
  18    0.00       0.00       0.00       0.00       0.00      2.500E-03  2.500E-03  2.500E-03  2.500E-03  2.500E-03  2.500E-03
       2.500E-03  2.500E-03  2.500E-03  2.500E-03  2.500E-03  2.500E-03  2.500E-03  2.500E-03  2.500E-03  2.500E-03  2.500E-03
       2.500E-03  2.500E-03  2.500E-03  2.500E-03  2.500E-03  2.500E-03  2.500E-03  2.500E-03  2.500E-03  2.500E-03  2.500E-03
       2.500E-03  2.500E-03  2.500E-03  2.500E-03  2.500E-03  2.500E-03  2.500E-03  2.500E-03  2.500E-03  2.500E-03  2.500E-03
       2.500E-03  2.500E-03  2.500E-03  2.500E-03  2.500E-03  2.500E-03  2.500E-03  2.500E-03  2.500E-03  2.500E-03  2.500E-03
       2.500E-03   0.00    
  19    0.00       0.00       0.00       0.00      2.500E-03  2.500E-03  2.500E-03  2.500E-03  2.500E-03  2.500E-03  2.500E-03
       2.500E-03  2.500E-03  2.500E-03  2.500E-03  2.500E-03  2.500E-03  2.500E-03  2.500E-03  2.500E-03  2.500E-03  2.500E-03
       2.500E-03  2.500E-03  2.500E-03  2.500E-03  2.500E-03  2.500E-03  2.500E-03  2.500E-03  2.500E-03  2.500E-03  2.500E-03
       2.500E-03  2.500E-03  2.500E-03  2.500E-03  2.500E-03  2.500E-03  2.500E-03  2.500E-03  2.500E-03  2.500E-03  2.500E-03
       2.500E-03  2.500E-03  2.500E-03  2.500E-03  2.500E-03  2.500E-03  2.500E-03  2.500E-03  2.500E-03  2.500E-03  2.500E-03
       2.500E-03   0.00    
  20    0.00       0.00       0.00       0.00      2.500E-03  2.500E-03  2.500E-03  2.500E-03  2.500E-03  2.500E-03  2.500E-03
       2.500E-03  2.500E-03  2.500E-03  2.500E-03  2.500E-03  2.500E-03  2.500E-03  2.500E-03  2.500E-03  2.500E-03  2.500E-03
       2.500E-03  2.500E-03  2.500E-03  2.500E-03  2.500E-03  2.500E-03  2.500E-03  2.500E-03  2.500E-03  2.500E-03  2.500E-03
       2.500E-03  2.500E-03  2.500E-03  2.500E-03  2.500E-03  2.500E-03  2.500E-03  2.500E-03  2.500E-03  2.500E-03  2.500E-03
       2.500E-03  2.500E-03  2.500E-03  2.500E-03  2.500E-03  2.500E-03  2.500E-03  2.500E-03  2.500E-03  2.500E-03  2.500E-03
       2.500E-03   0.00    
  21    0.00       0.00       0.00      2.500E-03  2.500E-03  2.500E-03  2.500E-03  2.500E-03  2.500E-03  2.500E-03  2.500E-03
       2.500E-03  2.500E-03  2.500E-03  2.500E-03  2.500E-03  2.500E-03  2.500E-03  2.500E-03  2.500E-03  2.500E-03  2.500E-03
       2.500E-03  2.500E-03  2.500E-03  2.500E-03  2.500E-03  2.500E-03  2.500E-03  2.500E-03  2.500E-03  2.500E-03  2.500E-03
       2.500E-03  2.500E-03  2.500E-03  2.500E-03  2.500E-03  2.500E-03  2.500E-03  2.500E-03  2.500E-03  2.500E-03  2.500E-03
       2.500E-03  2.500E-03  2.500E-03  2.500E-03  2.500E-03  2.500E-03  2.500E-03  2.500E-03  2.500E-03  2.500E-03  2.500E-03
       2.500E-03   0.00    
  22    0.00       0.00       0.00      2.500E-03  2.500E-03  2.500E-03  2.500E-03  2.500E-03  2.500E-03  2.500E-03  2.500E-03
       2.500E-03  2.500E-03  2.500E-03  2.500E-03  2.500E-03  2.500E-03  2.500E-03  2.500E-03  2.500E-03  2.500E-03  2.500E-03
       2.500E-03  2.500E-03  2.500E-03  2.500E-03  2.500E-03  2.500E-03  2.500E-03  2.500E-03  2.500E-03  2.500E-03  2.500E-03
       2.500E-03  2.500E-03  2.500E-03  2.500E-03  2.500E-03  2.500E-03  2.500E-03  2.500E-03  2.500E-03  2.500E-03  2.500E-03
       2.500E-03  2.500E-03  2.500E-03  2.500E-03  2.500E-03  2.500E-03  2.500E-03  2.500E-03  2.500E-03  2.500E-03  2.500E-03
       2.500E-03   0.00    
  23    0.00       0.00       0.00      2.500E-03  2.500E-03  2.500E-03  2.500E-03  2.500E-03  2.500E-03  2.500E-03  2.500E-03
       2.500E-03  2.500E-03  2.500E-03  2.500E-03  2.500E-03  2.500E-03  2.500E-03  2.500E-03  2.500E-03  2.500E-03  2.500E-03
       2.500E-03  2.500E-03  2.500E-03  2.500E-03  2.500E-03  2.500E-03  2.500E-03  2.500E-03  2.500E-03  2.500E-03  2.500E-03
       2.500E-03  2.500E-03  2.500E-03  2.500E-03  2.500E-03  2.500E-03  2.500E-03  2.500E-03   0.00       0.00       0.00    
        0.00       0.00       0.00       0.00      2.500E-03  2.500E-03  2.500E-03  2.500E-03  2.500E-03  2.500E-03  2.500E-03
       2.500E-03   0.00    
  24    0.00       0.00      2.500E-03  2.500E-03  2.500E-03  2.500E-03  2.500E-03  2.500E-03  2.500E-03  2.500E-03  2.500E-03
       2.500E-03  2.500E-03  2.500E-03  2.500E-03  2.500E-03  2.500E-03  2.500E-03  2.500E-03  2.500E-03  2.500E-03  2.500E-03
       2.500E-03  2.500E-03  2.500E-03  2.500E-03  2.500E-03  2.500E-03  2.500E-03  2.500E-03  2.500E-03  2.500E-03  2.500E-03
       2.500E-03  2.500E-03  2.500E-03  2.500E-03  2.500E-03  2.500E-03  2.500E-03  2.500E-03   0.00       0.00       0.00    
        0.00       0.00       0.00       0.00       0.00       0.00      2.500E-03  2.500E-03  2.500E-03  2.500E-03  2.500E-03
       2.500E-03   0.00    
  25    0.00       0.00      2.500E-03  2.500E-03  2.500E-03  2.500E-03  2.500E-03  2.500E-03  2.500E-03  2.500E-03  2.500E-03
       2.500E-03  2.500E-03  2.500E-03  2.500E-03  2.500E-03  2.500E-03  2.500E-03  2.500E-03  2.500E-03  2.500E-03  2.500E-03
       2.500E-03  2.500E-03  2.500E-03  2.500E-03  2.500E-03  2.500E-03  2.500E-03  2.500E-03  2.500E-03  2.500E-03  2.500E-03
       2.500E-03  2.500E-03  2.500E-03  2.500E-03  2.500E-03  2.500E-03  2.500E-03   0.00       0.00       0.00       0.00    
        0.00       0.00       0.00       0.00       0.00       0.00       0.00       0.00       0.00      2.500E-03  2.500E-03
        0.00       0.00    
  26    0.00      2.500E-03  2.500E-03  2.500E-03  2.500E-03  2.500E-03  2.500E-03  2.500E-03  2.500E-03  2.500E-03  2.500E-03
       2.500E-03  2.500E-03  2.500E-03  2.500E-03  2.500E-03  2.500E-03  2.500E-03  2.500E-03  2.500E-03  2.500E-03  2.500E-03
       2.500E-03  2.500E-03  2.500E-03  2.500E-03  2.500E-03  2.500E-03  2.500E-03  2.500E-03  2.500E-03  2.500E-03  2.500E-03
       2.500E-03  2.500E-03  2.500E-03  2.500E-03  2.500E-03  2.500E-03  2.500E-03   0.00       0.00       0.00       0.00    
        0.00       0.00       0.00       0.00       0.00       0.00       0.00       0.00       0.00       0.00       0.00    
        0.00       0.00    
  27    0.00      2.500E-03  2.500E-03  2.500E-03  2.500E-03  2.500E-03  2.500E-03  2.500E-03  2.500E-03  2.500E-03  2.500E-03
       2.500E-03  2.500E-03  2.500E-03  2.500E-03  2.500E-03  2.500E-03  2.500E-03  2.500E-03  2.500E-03  2.500E-03  2.500E-03
       2.500E-03  2.500E-03  2.500E-03  2.500E-03  2.500E-03  2.500E-03  2.500E-03  2.500E-03  2.500E-03  2.500E-03  2.500E-03
       2.500E-03  2.500E-03  2.500E-03  2.500E-03  2.500E-03  2.500E-03   0.00       0.00       0.00       0.00       0.00    
        0.00       0.00       0.00       0.00       0.00       0.00       0.00       0.00       0.00       0.00       0.00    
        0.00       0.00    
  28   2.500E-03  2.500E-03  2.500E-03  2.500E-03  2.500E-03  2.500E-03  2.500E-03  2.500E-03  2.500E-03  2.500E-03  2.500E-03
       2.500E-03  2.500E-03  2.500E-03  2.500E-03  2.500E-03  2.500E-03  2.500E-03  2.500E-03  2.500E-03  2.500E-03  2.500E-03
       2.500E-03  2.500E-03  2.500E-03  2.500E-03  2.500E-03  2.500E-03  2.500E-03  2.500E-03  2.500E-03  2.500E-03  2.500E-03
       2.500E-03  2.500E-03  2.500E-03  2.500E-03  2.500E-03  2.500E-03   0.00       0.00       0.00       0.00       0.00    
        0.00       0.00       0.00       0.00       0.00       0.00       0.00       0.00       0.00       0.00       0.00    
        0.00       0.00    
  29   2.500E-03  2.500E-03  2.500E-03  2.500E-03  2.500E-03  2.500E-03  2.500E-03  2.500E-03  2.500E-03  2.500E-03  2.500E-03
       2.500E-03  2.500E-03  2.500E-03  2.500E-03  2.500E-03  2.500E-03  2.500E-03  2.500E-03  2.500E-03  2.500E-03  2.500E-03
       2.500E-03  2.500E-03  2.500E-03  2.500E-03  2.500E-03  2.500E-03  2.500E-03  2.500E-03  2.500E-03  2.500E-03  2.500E-03
       2.500E-03  2.500E-03  2.500E-03  2.500E-03  2.500E-03  2.500E-03   0.00       0.00       0.00       0.00       0.00    
        0.00       0.00       0.00       0.00       0.00       0.00       0.00       0.00       0.00       0.00       0.00    
        0.00       0.00    
  30   2.500E-03  2.500E-03  2.500E-03  2.500E-03  2.500E-03  2.500E-03  2.500E-03  2.500E-03  2.500E-03  2.500E-03  2.500E-03
       2.500E-03  2.500E-03  2.500E-03  2.500E-03  2.500E-03  2.500E-03  2.500E-03  2.500E-03  2.500E-03  2.500E-03  2.500E-03
       2.500E-03  2.500E-03  2.500E-03  2.500E-03  2.500E-03  2.500E-03  2.500E-03  2.500E-03  2.500E-03  2.500E-03  2.500E-03
       2.500E-03  2.500E-03  2.500E-03  2.500E-03  2.500E-03   0.00       0.00       0.00       0.00       0.00       0.00    
        0.00       0.00       0.00       0.00       0.00       0.00       0.00       0.00       0.00       0.00       0.00    
        0.00       0.00    
  31   2.500E-03  2.500E-03  2.500E-03  2.500E-03  2.500E-03  2.500E-03  2.500E-03  2.500E-03  2.500E-03  2.500E-03  2.500E-03
       2.500E-03  2.500E-03  2.500E-03  2.500E-03  2.500E-03  2.500E-03  2.500E-03  2.500E-03  2.500E-03  2.500E-03  2.500E-03
       2.500E-03  2.500E-03  2.500E-03  2.500E-03  2.500E-03  2.500E-03  2.500E-03  2.500E-03  2.500E-03  2.500E-03  2.500E-03
       2.500E-03  2.500E-03  2.500E-03  2.500E-03  2.500E-03   0.00       0.00       0.00       0.00       0.00       0.00    
        0.00       0.00       0.00       0.00       0.00       0.00       0.00       0.00       0.00       0.00       0.00    
        0.00       0.00    
  32   2.500E-03  2.500E-03  2.500E-03  2.500E-03  2.500E-03  2.500E-03  2.500E-03  2.500E-03  2.500E-03  2.500E-03  2.500E-03
       2.500E-03  2.500E-03  2.500E-03  2.500E-03  2.500E-03  2.500E-03  2.500E-03  2.500E-03  2.500E-03  2.500E-03  2.500E-03
       2.500E-03  2.500E-03  2.500E-03  2.500E-03  2.500E-03  2.500E-03  2.500E-03  2.500E-03  2.500E-03  2.500E-03  2.500E-03
       2.500E-03  2.500E-03  2.500E-03  2.500E-03  2.500E-03   0.00       0.00       0.00       0.00       0.00       0.00    
        0.00       0.00       0.00       0.00       0.00       0.00       0.00       0.00       0.00       0.00       0.00    
        0.00       0.00    
  33   2.500E-03  2.500E-03  2.500E-03  2.500E-03  2.500E-03  2.500E-03  2.500E-03  2.500E-03  2.500E-03  2.500E-03  2.500E-03
       2.500E-03  2.500E-03  2.500E-03  2.500E-03  2.500E-03  2.500E-03  2.500E-03  2.500E-03  2.500E-03  2.500E-03  2.500E-03
       2.500E-03  2.500E-03  2.500E-03  2.500E-03  2.500E-03  2.500E-03  2.500E-03  2.500E-03  2.500E-03  2.500E-03  2.500E-03
       2.500E-03  2.500E-03  2.500E-03  2.500E-03   0.00       0.00       0.00       0.00       0.00       0.00       0.00    
        0.00       0.00       0.00       0.00       0.00       0.00       0.00       0.00       0.00       0.00       0.00    
        0.00       0.00    
  34   2.500E-03  2.500E-03  2.500E-03  2.500E-03  2.500E-03  2.500E-03  2.500E-03  2.500E-03  2.500E-03  2.500E-03  2.500E-03
       2.500E-03  2.500E-03  2.500E-03  2.500E-03  2.500E-03  2.500E-03  2.500E-03  2.500E-03  2.500E-03  2.500E-03  2.500E-03
       2.500E-03  2.500E-03  2.500E-03  2.500E-03  2.500E-03  2.500E-03  2.500E-03  2.500E-03  2.500E-03  2.500E-03  2.500E-03
       2.500E-03  2.500E-03  2.500E-03  2.500E-03   0.00       0.00       0.00       0.00       0.00       0.00       0.00    
        0.00       0.00       0.00       0.00       0.00       0.00       0.00       0.00       0.00       0.00       0.00    
        0.00       0.00    
  35   2.500E-03  2.500E-03  2.500E-03  2.500E-03  2.500E-03  2.500E-03  2.500E-03  2.500E-03  2.500E-03  2.500E-03  2.500E-03
       2.500E-03  2.500E-03  2.500E-03  2.500E-03  2.500E-03  2.500E-03  2.500E-03  2.500E-03  2.500E-03  2.500E-03  2.500E-03
       2.500E-03  2.500E-03  2.500E-03  2.500E-03  2.500E-03  2.500E-03  2.500E-03  2.500E-03  2.500E-03  2.500E-03  2.500E-03
       2.500E-03  2.500E-03  2.500E-03  2.500E-03  2.500E-03   0.00       0.00       0.00       0.00       0.00       0.00    
        0.00       0.00       0.00       0.00       0.00       0.00       0.00       0.00       0.00       0.00       0.00    
        0.00       0.00    
  36   2.500E-03  2.500E-03  2.500E-03  2.500E-03  2.500E-03  2.500E-03  2.500E-03  2.500E-03  2.500E-03  2.500E-03  2.500E-03
       2.500E-03  2.500E-03  2.500E-03  2.500E-03  2.500E-03  2.500E-03  2.500E-03  2.500E-03  2.500E-03  2.500E-03  2.500E-03
       2.500E-03  2.500E-03  2.500E-03  2.500E-03  2.500E-03  2.500E-03  2.500E-03  2.500E-03  2.500E-03  2.500E-03  2.500E-03
       2.500E-03  2.500E-03  2.500E-03  2.500E-03  2.500E-03   0.00       0.00       0.00       0.00       0.00       0.00    
        0.00       0.00       0.00       0.00       0.00       0.00       0.00       0.00       0.00       0.00       0.00    
        0.00       0.00    
  37   2.500E-03  2.500E-03  2.500E-03  2.500E-03  2.500E-03  2.500E-03  2.500E-03  2.500E-03  2.500E-03  2.500E-03  2.500E-03
       2.500E-03  2.500E-03  2.500E-03  2.500E-03  2.500E-03  2.500E-03  2.500E-03  2.500E-03  2.500E-03  2.500E-03  2.500E-03
       2.500E-03  2.500E-03  2.500E-03  2.500E-03  2.500E-03  2.500E-03  2.500E-03  2.500E-03  2.500E-03  2.500E-03  2.500E-03
       2.500E-03  2.500E-03  2.500E-03  2.500E-03  2.500E-03   0.00       0.00       0.00       0.00       0.00       0.00    
        0.00       0.00       0.00       0.00       0.00       0.00       0.00       0.00       0.00       0.00       0.00    
        0.00       0.00    
  38   2.500E-03  2.500E-03  2.500E-03  2.500E-03  2.500E-03  2.500E-03  2.500E-03  2.500E-03  2.500E-03  2.500E-03  2.500E-03
       2.500E-03  2.500E-03  2.500E-03  2.500E-03  2.500E-03  2.500E-03  2.500E-03  2.500E-03  2.500E-03  2.500E-03  2.500E-03
       2.500E-03  2.500E-03  2.500E-03  2.500E-03  2.500E-03  2.500E-03  2.500E-03  2.500E-03  2.500E-03  2.500E-03  2.500E-03
       2.500E-03  2.500E-03  2.500E-03  2.500E-03  2.500E-03   0.00       0.00       0.00       0.00       0.00       0.00    
        0.00       0.00       0.00       0.00       0.00       0.00       0.00       0.00       0.00       0.00       0.00    
        0.00       0.00    
  39   2.500E-03  2.500E-03  2.500E-03  2.500E-03  2.500E-03  2.500E-03  2.500E-03  2.500E-03  2.500E-03  2.500E-03  2.500E-03
       2.500E-03  2.500E-03  2.500E-03  2.500E-03  2.500E-03  2.500E-03  2.500E-03  2.500E-03  2.500E-03  2.500E-03  2.500E-03
       2.500E-03  2.500E-03  2.500E-03  2.500E-03  2.500E-03  2.500E-03  2.500E-03  2.500E-03  2.500E-03  2.500E-03  2.500E-03
       2.500E-03  2.500E-03  2.500E-03  2.500E-03  2.500E-03   0.00       0.00       0.00       0.00       0.00       0.00    
        0.00       0.00       0.00       0.00       0.00       0.00       0.00       0.00       0.00       0.00       0.00    
        0.00       0.00    
  40    0.00      2.500E-03  2.500E-03  2.500E-03  2.500E-03  2.500E-03  2.500E-03  2.500E-03  2.500E-03  2.500E-03  2.500E-03
       2.500E-03  2.500E-03  2.500E-03  2.500E-03  2.500E-03  2.500E-03  2.500E-03  2.500E-03  2.500E-03   0.00      2.500E-03
       2.500E-03  2.500E-03  2.500E-03   0.00       0.00       0.00      2.500E-03  2.500E-03  2.500E-03  2.500E-03  2.500E-03
       2.500E-03  2.500E-03  2.500E-03  2.500E-03  2.500E-03  2.500E-03   0.00       0.00       0.00       0.00       0.00    
        0.00       0.00       0.00       0.00       0.00       0.00       0.00       0.00       0.00       0.00       0.00    
        0.00       0.00    
  41    0.00      2.500E-03  2.500E-03  2.500E-03  2.500E-03  2.500E-03  2.500E-03  2.500E-03  2.500E-03  2.500E-03  2.500E-03
       2.500E-03  2.500E-03  2.500E-03  2.500E-03  2.500E-03  2.500E-03   0.00       0.00       0.00       0.00       0.00    
        0.00       0.00       0.00       0.00       0.00       0.00      2.500E-03  2.500E-03  2.500E-03  2.500E-03  2.500E-03
       2.500E-03  2.500E-03  2.500E-03  2.500E-03  2.500E-03  2.500E-03   0.00       0.00       0.00       0.00       0.00    
        0.00       0.00       0.00       0.00       0.00       0.00       0.00       0.00       0.00       0.00       0.00    
        0.00       0.00    
  42    0.00       0.00      2.500E-03  2.500E-03  2.500E-03  2.500E-03  2.500E-03  2.500E-03  2.500E-03  2.500E-03  2.500E-03
       2.500E-03   0.00       0.00       0.00       0.00       0.00       0.00       0.00       0.00       0.00       0.00    
        0.00       0.00       0.00       0.00       0.00       0.00       0.00       0.00      2.500E-03  2.500E-03  2.500E-03
       2.500E-03  2.500E-03  2.500E-03  2.500E-03  2.500E-03  2.500E-03   0.00       0.00       0.00       0.00       0.00    
        0.00       0.00       0.00       0.00       0.00       0.00       0.00       0.00       0.00       0.00       0.00    
        0.00       0.00    
  43    0.00       0.00      2.500E-03  2.500E-03  2.500E-03  2.500E-03  2.500E-03  2.500E-03  2.500E-03  2.500E-03   0.00    
        0.00       0.00       0.00       0.00       0.00       0.00       0.00       0.00       0.00       0.00       0.00    
        0.00       0.00       0.00       0.00       0.00       0.00       0.00       0.00       0.00      2.500E-03  2.500E-03
       2.500E-03  2.500E-03  2.500E-03  2.500E-03  2.500E-03  2.500E-03   0.00       0.00       0.00       0.00       0.00    
        0.00       0.00       0.00       0.00       0.00       0.00       0.00       0.00       0.00       0.00       0.00    
        0.00       0.00    
  44    0.00       0.00       0.00      2.500E-03  2.500E-03  2.500E-03  2.500E-03  2.500E-03  2.500E-03   0.00       0.00    
        0.00       0.00       0.00       0.00       0.00       0.00       0.00       0.00       0.00       0.00       0.00    
        0.00       0.00       0.00       0.00       0.00       0.00       0.00       0.00       0.00       0.00      2.500E-03
       2.500E-03  2.500E-03  2.500E-03  2.500E-03  2.500E-03  2.500E-03   0.00       0.00       0.00       0.00       0.00    
        0.00       0.00       0.00       0.00       0.00       0.00       0.00       0.00       0.00       0.00       0.00    
        0.00       0.00    
  45    0.00       0.00       0.00      2.500E-03  2.500E-03  2.500E-03  2.500E-03  2.500E-03   0.00       0.00       0.00    
        0.00       0.00       0.00       0.00       0.00       0.00       0.00       0.00       0.00       0.00       0.00    
        0.00       0.00       0.00       0.00       0.00       0.00       0.00       0.00       0.00       0.00       0.00    
       2.500E-03  2.500E-03  2.500E-03  2.500E-03  2.500E-03  2.500E-03   0.00       0.00       0.00       0.00       0.00    
        0.00       0.00       0.00       0.00       0.00       0.00       0.00       0.00       0.00       0.00       0.00    
        0.00       0.00    
  46    0.00       0.00       0.00       0.00      2.500E-03  2.500E-03  2.500E-03   0.00       0.00       0.00       0.00    
        0.00       0.00       0.00       0.00       0.00       0.00       0.00       0.00       0.00       0.00       0.00    
        0.00       0.00       0.00       0.00       0.00       0.00       0.00       0.00       0.00       0.00       0.00    
        0.00      2.500E-03  2.500E-03  2.500E-03  2.500E-03  2.500E-03   0.00       0.00       0.00       0.00       0.00    
        0.00       0.00       0.00       0.00       0.00       0.00       0.00       0.00       0.00       0.00       0.00    
        0.00       0.00    
  47    0.00       0.00       0.00       0.00      2.500E-03   0.00       0.00       0.00       0.00       0.00       0.00    
        0.00       0.00       0.00       0.00       0.00       0.00       0.00       0.00       0.00       0.00       0.00    
        0.00       0.00       0.00       0.00       0.00       0.00       0.00       0.00       0.00       0.00       0.00    
        0.00       0.00      2.500E-03  2.500E-03   0.00       0.00       0.00       0.00       0.00       0.00       0.00    
        0.00       0.00       0.00       0.00       0.00       0.00       0.00       0.00       0.00       0.00       0.00    
        0.00       0.00    

 SLN_1 INNER ITERATION SUMMARY
 --------------------------------------------------------------------------------------------------------------------------------------
      TOTAL      OUTER      INNER                                                            MAXIMUM                                   
  ITERATION  ITERATION  ITERATION  MAXIMUM CHANGE      MAXIMUM CHANGE MODEL-(CELLID)        RESIDUAL    MAXIMUM RESIDUAL MODEL-(CELLID)
 --------------------------------------------------------------------------------------------------------------------------------------
          1          1          1      -4.8910322                    1_GWF-(1,29,39)  1.13618286E-04                    1_GWF-(1,33,31)
          2          1          2 -1.12922663E-07                    1_GWF-(1,29,39)  9.14923127E-11                    1_GWF-(1,13,46)
          3          2          1 -1.18609858E-15                    1_GWF-(1,40,18)  9.02905518E-11                    1_GWF-(1,13,46)
 --------------------------------------------------------------------------------------------------------------------------------------


 UBDSV1 SAVING           STO-SS ON UNIT   1030 AT TIME STEP      1, STRESS PERIOD      2
 UBDSV1 SAVING     FLOW-JA-FACE ON UNIT   1030 AT TIME STEP      1, STRESS PERIOD      2
 UBDSV06 SAVING       DATA-SPDIS IN MODEL LOCAL_RUN15      PACKAGE NPF             CONNECTED TO MODEL LOCAL_RUN15      PACKAGE NPF              ON UNIT   1030 AT TIME STEP      1, STRESS PERIOD      2
 UBDSV06 SAVING              GHB IN MODEL LOCAL_RUN15      PACKAGE LOCAL_RUN15     CONNECTED TO MODEL LOCAL_RUN15      PACKAGE GHB_AW           ON UNIT   1030 AT TIME STEP      1, STRESS PERIOD      2
 UBDSV06 SAVING              GHB IN MODEL LOCAL_RUN15      PACKAGE LOCAL_RUN15     CONNECTED TO MODEL LOCAL_RUN15      PACKAGE GHB_CONF         ON UNIT   1030 AT TIME STEP      1, STRESS PERIOD      2
 UBDSV06 SAVING              GHB IN MODEL LOCAL_RUN15      PACKAGE LOCAL_RUN15     CONNECTED TO MODEL LOCAL_RUN15      PACKAGE GHB_PW           ON UNIT   1030 AT TIME STEP      1, STRESS PERIOD      2
 UBDSV06 SAVING              GHB IN MODEL LOCAL_RUN15      PACKAGE LOCAL_RUN15     CONNECTED TO MODEL LOCAL_RUN15      PACKAGE GHB_SP           ON UNIT   1030 AT TIME STEP      1, STRESS PERIOD      2
 UBDSV06 SAVING             RCHA IN MODEL LOCAL_RUN15      PACKAGE LOCAL_RUN15     CONNECTED TO MODEL LOCAL_RUN15      PACKAGE RCH              ON UNIT   1030 AT TIME STEP      1, STRESS PERIOD      2

 HEAD WILL BE SAVED ON UNIT 1031 AT END OF TIME STEP    1, STRESS PERIOD    2

end timestep


start timestep kper="2" kstp="2" mode="normal"


 SLN_1 INNER ITERATION SUMMARY
 --------------------------------------------------------------------------------------------------------------------------------------
      TOTAL      OUTER      INNER                                                            MAXIMUM                                   
  ITERATION  ITERATION  ITERATION  MAXIMUM CHANGE      MAXIMUM CHANGE MODEL-(CELLID)        RESIDUAL    MAXIMUM RESIDUAL MODEL-(CELLID)
 --------------------------------------------------------------------------------------------------------------------------------------
          1          1          1      -1.5142657                    1_GWF-(1,29,39)  8.55552491E-05                    1_GWF-(1,14,43)
          2          1          2  7.67125922E-08                     1_GWF-(1,44,8)  1.21410818E-10                    1_GWF-(1,26,32)
          3          2          1 -3.89582656E-15                    1_GWF-(1,40,18)  1.18363839E-10                    1_GWF-(1,33,29)
 --------------------------------------------------------------------------------------------------------------------------------------


 UBDSV1 SAVING           STO-SS ON UNIT   1030 AT TIME STEP      2, STRESS PERIOD      2
 UBDSV1 SAVING     FLOW-JA-FACE ON UNIT   1030 AT TIME STEP      2, STRESS PERIOD      2
 UBDSV06 SAVING       DATA-SPDIS IN MODEL LOCAL_RUN15      PACKAGE NPF             CONNECTED TO MODEL LOCAL_RUN15      PACKAGE NPF              ON UNIT   1030 AT TIME STEP      2, STRESS PERIOD      2
 UBDSV06 SAVING              GHB IN MODEL LOCAL_RUN15      PACKAGE LOCAL_RUN15     CONNECTED TO MODEL LOCAL_RUN15      PACKAGE GHB_AW           ON UNIT   1030 AT TIME STEP      2, STRESS PERIOD      2
 UBDSV06 SAVING              GHB IN MODEL LOCAL_RUN15      PACKAGE LOCAL_RUN15     CONNECTED TO MODEL LOCAL_RUN15      PACKAGE GHB_CONF         ON UNIT   1030 AT TIME STEP      2, STRESS PERIOD      2
 UBDSV06 SAVING              GHB IN MODEL LOCAL_RUN15      PACKAGE LOCAL_RUN15     CONNECTED TO MODEL LOCAL_RUN15      PACKAGE GHB_PW           ON UNIT   1030 AT TIME STEP      2, STRESS PERIOD      2
 UBDSV06 SAVING              GHB IN MODEL LOCAL_RUN15      PACKAGE LOCAL_RUN15     CONNECTED TO MODEL LOCAL_RUN15      PACKAGE GHB_SP           ON UNIT   1030 AT TIME STEP      2, STRESS PERIOD      2
 UBDSV06 SAVING             RCHA IN MODEL LOCAL_RUN15      PACKAGE LOCAL_RUN15     CONNECTED TO MODEL LOCAL_RUN15      PACKAGE RCH              ON UNIT   1030 AT TIME STEP      2, STRESS PERIOD      2

 HEAD WILL BE SAVED ON UNIT 1031 AT END OF TIME STEP    2, STRESS PERIOD    2

end timestep


start timestep kper="2" kstp="3" mode="normal"


 SLN_1 INNER ITERATION SUMMARY
 --------------------------------------------------------------------------------------------------------------------------------------
      TOTAL      OUTER      INNER                                                            MAXIMUM                                   
  ITERATION  ITERATION  ITERATION  MAXIMUM CHANGE      MAXIMUM CHANGE MODEL-(CELLID)        RESIDUAL    MAXIMUM RESIDUAL MODEL-(CELLID)
 --------------------------------------------------------------------------------------------------------------------------------------
          1          1          1     -0.71699599                     1_GWF-(1,45,5)  6.65520495E-05                    1_GWF-(1,13,43)
          2          1          2 -6.19220627E-08                    1_GWF-(1,41,15)  1.63733152E-10                    1_GWF-(1,17,40)
          3          2          1 -1.17968800E-14                    1_GWF-(1,40,18)  1.64873897E-10                    1_GWF-(1,17,40)
 --------------------------------------------------------------------------------------------------------------------------------------


 UBDSV1 SAVING           STO-SS ON UNIT   1030 AT TIME STEP      3, STRESS PERIOD      2
 UBDSV1 SAVING     FLOW-JA-FACE ON UNIT   1030 AT TIME STEP      3, STRESS PERIOD      2
 UBDSV06 SAVING       DATA-SPDIS IN MODEL LOCAL_RUN15      PACKAGE NPF             CONNECTED TO MODEL LOCAL_RUN15      PACKAGE NPF              ON UNIT   1030 AT TIME STEP      3, STRESS PERIOD      2
 UBDSV06 SAVING              GHB IN MODEL LOCAL_RUN15      PACKAGE LOCAL_RUN15     CONNECTED TO MODEL LOCAL_RUN15      PACKAGE GHB_AW           ON UNIT   1030 AT TIME STEP      3, STRESS PERIOD      2
 UBDSV06 SAVING              GHB IN MODEL LOCAL_RUN15      PACKAGE LOCAL_RUN15     CONNECTED TO MODEL LOCAL_RUN15      PACKAGE GHB_CONF         ON UNIT   1030 AT TIME STEP      3, STRESS PERIOD      2
 UBDSV06 SAVING              GHB IN MODEL LOCAL_RUN15      PACKAGE LOCAL_RUN15     CONNECTED TO MODEL LOCAL_RUN15      PACKAGE GHB_PW           ON UNIT   1030 AT TIME STEP      3, STRESS PERIOD      2
 UBDSV06 SAVING              GHB IN MODEL LOCAL_RUN15      PACKAGE LOCAL_RUN15     CONNECTED TO MODEL LOCAL_RUN15      PACKAGE GHB_SP           ON UNIT   1030 AT TIME STEP      3, STRESS PERIOD      2
 UBDSV06 SAVING             RCHA IN MODEL LOCAL_RUN15      PACKAGE LOCAL_RUN15     CONNECTED TO MODEL LOCAL_RUN15      PACKAGE RCH              ON UNIT   1030 AT TIME STEP      3, STRESS PERIOD      2

 HEAD WILL BE SAVED ON UNIT 1031 AT END OF TIME STEP    3, STRESS PERIOD    2

end timestep


start timestep kper="2" kstp="4" mode="normal"


 SLN_1 INNER ITERATION SUMMARY
 --------------------------------------------------------------------------------------------------------------------------------------
      TOTAL      OUTER      INNER                                                            MAXIMUM                                   
  ITERATION  ITERATION  ITERATION  MAXIMUM CHANGE      MAXIMUM CHANGE MODEL-(CELLID)        RESIDUAL    MAXIMUM RESIDUAL MODEL-(CELLID)
 --------------------------------------------------------------------------------------------------------------------------------------
          1          1          1     -0.54015678                     1_GWF-(1,45,4)  5.12496506E-05                    1_GWF-(1,14,43)
          2          1          2 -6.04572822E-08                    1_GWF-(1,41,15)  2.06397412E-10                    1_GWF-(1,33,29)
          3          2          1 -2.84805120E-14                    1_GWF-(1,40,18)  1.98970920E-10                    1_GWF-(1,17,40)
 --------------------------------------------------------------------------------------------------------------------------------------


 UBDSV1 SAVING           STO-SS ON UNIT   1030 AT TIME STEP      4, STRESS PERIOD      2
 UBDSV1 SAVING     FLOW-JA-FACE ON UNIT   1030 AT TIME STEP      4, STRESS PERIOD      2
 UBDSV06 SAVING       DATA-SPDIS IN MODEL LOCAL_RUN15      PACKAGE NPF             CONNECTED TO MODEL LOCAL_RUN15      PACKAGE NPF              ON UNIT   1030 AT TIME STEP      4, STRESS PERIOD      2
 UBDSV06 SAVING              GHB IN MODEL LOCAL_RUN15      PACKAGE LOCAL_RUN15     CONNECTED TO MODEL LOCAL_RUN15      PACKAGE GHB_AW           ON UNIT   1030 AT TIME STEP      4, STRESS PERIOD      2
 UBDSV06 SAVING              GHB IN MODEL LOCAL_RUN15      PACKAGE LOCAL_RUN15     CONNECTED TO MODEL LOCAL_RUN15      PACKAGE GHB_CONF         ON UNIT   1030 AT TIME STEP      4, STRESS PERIOD      2
 UBDSV06 SAVING              GHB IN MODEL LOCAL_RUN15      PACKAGE LOCAL_RUN15     CONNECTED TO MODEL LOCAL_RUN15      PACKAGE GHB_PW           ON UNIT   1030 AT TIME STEP      4, STRESS PERIOD      2
 UBDSV06 SAVING              GHB IN MODEL LOCAL_RUN15      PACKAGE LOCAL_RUN15     CONNECTED TO MODEL LOCAL_RUN15      PACKAGE GHB_SP           ON UNIT   1030 AT TIME STEP      4, STRESS PERIOD      2
 UBDSV06 SAVING             RCHA IN MODEL LOCAL_RUN15      PACKAGE LOCAL_RUN15     CONNECTED TO MODEL LOCAL_RUN15      PACKAGE RCH              ON UNIT   1030 AT TIME STEP      4, STRESS PERIOD      2

 HEAD WILL BE SAVED ON UNIT 1031 AT END OF TIME STEP    4, STRESS PERIOD    2

end timestep


start timestep kper="2" kstp="5" mode="normal"


 SLN_1 INNER ITERATION SUMMARY
 --------------------------------------------------------------------------------------------------------------------------------------
      TOTAL      OUTER      INNER                                                            MAXIMUM                                   
  ITERATION  ITERATION  ITERATION  MAXIMUM CHANGE      MAXIMUM CHANGE MODEL-(CELLID)        RESIDUAL    MAXIMUM RESIDUAL MODEL-(CELLID)
 --------------------------------------------------------------------------------------------------------------------------------------
          1          1          1     -0.43647799                    1_GWF-(1,46,39)  3.99019375E-05                    1_GWF-(1,14,43)
          2          1          2 -5.70403490E-08                    1_GWF-(1,41,15) -2.72332026E-10                    1_GWF-(1,37,33)
          3          2          1 -5.74217919E-14                    1_GWF-(1,40,18) -2.56692761E-10                    1_GWF-(1,37,33)
 --------------------------------------------------------------------------------------------------------------------------------------


 UBDSV1 SAVING           STO-SS ON UNIT   1030 AT TIME STEP      5, STRESS PERIOD      2
 UBDSV1 SAVING     FLOW-JA-FACE ON UNIT   1030 AT TIME STEP      5, STRESS PERIOD      2
 UBDSV06 SAVING       DATA-SPDIS IN MODEL LOCAL_RUN15      PACKAGE NPF             CONNECTED TO MODEL LOCAL_RUN15      PACKAGE NPF              ON UNIT   1030 AT TIME STEP      5, STRESS PERIOD      2
 UBDSV06 SAVING              GHB IN MODEL LOCAL_RUN15      PACKAGE LOCAL_RUN15     CONNECTED TO MODEL LOCAL_RUN15      PACKAGE GHB_AW           ON UNIT   1030 AT TIME STEP      5, STRESS PERIOD      2
 UBDSV06 SAVING              GHB IN MODEL LOCAL_RUN15      PACKAGE LOCAL_RUN15     CONNECTED TO MODEL LOCAL_RUN15      PACKAGE GHB_CONF         ON UNIT   1030 AT TIME STEP      5, STRESS PERIOD      2
 UBDSV06 SAVING              GHB IN MODEL LOCAL_RUN15      PACKAGE LOCAL_RUN15     CONNECTED TO MODEL LOCAL_RUN15      PACKAGE GHB_PW           ON UNIT   1030 AT TIME STEP      5, STRESS PERIOD      2
 UBDSV06 SAVING              GHB IN MODEL LOCAL_RUN15      PACKAGE LOCAL_RUN15     CONNECTED TO MODEL LOCAL_RUN15      PACKAGE GHB_SP           ON UNIT   1030 AT TIME STEP      5, STRESS PERIOD      2
 UBDSV06 SAVING             RCHA IN MODEL LOCAL_RUN15      PACKAGE LOCAL_RUN15     CONNECTED TO MODEL LOCAL_RUN15      PACKAGE RCH              ON UNIT   1030 AT TIME STEP      5, STRESS PERIOD      2

 HEAD WILL BE SAVED ON UNIT 1031 AT END OF TIME STEP    5, STRESS PERIOD    2

end timestep


start timestep kper="2" kstp="6" mode="normal"


 SLN_1 INNER ITERATION SUMMARY
 --------------------------------------------------------------------------------------------------------------------------------------
      TOTAL      OUTER      INNER                                                            MAXIMUM                                   
  ITERATION  ITERATION  ITERATION  MAXIMUM CHANGE      MAXIMUM CHANGE MODEL-(CELLID)        RESIDUAL    MAXIMUM RESIDUAL MODEL-(CELLID)
 --------------------------------------------------------------------------------------------------------------------------------------
          1          1          1     -0.37657816                    1_GWF-(1,46,39)  3.14231466E-05                    1_GWF-(1,14,43)
          2          1          2 -5.19602652E-08                    1_GWF-(1,41,15) -3.48934745E-10                    1_GWF-(1,37,33)
          3          2          1 -1.02408235E-13                    1_GWF-(1,40,18) -3.21746007E-10                    1_GWF-(1,37,33)
 --------------------------------------------------------------------------------------------------------------------------------------


 UBDSV1 SAVING           STO-SS ON UNIT   1030 AT TIME STEP      6, STRESS PERIOD      2
 UBDSV1 SAVING     FLOW-JA-FACE ON UNIT   1030 AT TIME STEP      6, STRESS PERIOD      2
 UBDSV06 SAVING       DATA-SPDIS IN MODEL LOCAL_RUN15      PACKAGE NPF             CONNECTED TO MODEL LOCAL_RUN15      PACKAGE NPF              ON UNIT   1030 AT TIME STEP      6, STRESS PERIOD      2
 UBDSV06 SAVING              GHB IN MODEL LOCAL_RUN15      PACKAGE LOCAL_RUN15     CONNECTED TO MODEL LOCAL_RUN15      PACKAGE GHB_AW           ON UNIT   1030 AT TIME STEP      6, STRESS PERIOD      2
 UBDSV06 SAVING              GHB IN MODEL LOCAL_RUN15      PACKAGE LOCAL_RUN15     CONNECTED TO MODEL LOCAL_RUN15      PACKAGE GHB_CONF         ON UNIT   1030 AT TIME STEP      6, STRESS PERIOD      2
 UBDSV06 SAVING              GHB IN MODEL LOCAL_RUN15      PACKAGE LOCAL_RUN15     CONNECTED TO MODEL LOCAL_RUN15      PACKAGE GHB_PW           ON UNIT   1030 AT TIME STEP      6, STRESS PERIOD      2
 UBDSV06 SAVING              GHB IN MODEL LOCAL_RUN15      PACKAGE LOCAL_RUN15     CONNECTED TO MODEL LOCAL_RUN15      PACKAGE GHB_SP           ON UNIT   1030 AT TIME STEP      6, STRESS PERIOD      2
 UBDSV06 SAVING             RCHA IN MODEL LOCAL_RUN15      PACKAGE LOCAL_RUN15     CONNECTED TO MODEL LOCAL_RUN15      PACKAGE RCH              ON UNIT   1030 AT TIME STEP      6, STRESS PERIOD      2

 HEAD WILL BE SAVED ON UNIT 1031 AT END OF TIME STEP    6, STRESS PERIOD    2

end timestep


start timestep kper="2" kstp="7" mode="normal"


 SLN_1 INNER ITERATION SUMMARY
 --------------------------------------------------------------------------------------------------------------------------------------
      TOTAL      OUTER      INNER                                                            MAXIMUM                                   
  ITERATION  ITERATION  ITERATION  MAXIMUM CHANGE      MAXIMUM CHANGE MODEL-(CELLID)        RESIDUAL    MAXIMUM RESIDUAL MODEL-(CELLID)
 --------------------------------------------------------------------------------------------------------------------------------------
          1          1          1     -0.32607392                    1_GWF-(1,46,39) -2.80281912E-05                    1_GWF-(1,44,36)
          2          1          2 -4.58526912E-08                    1_GWF-(1,41,15) -4.34642794E-10                    1_GWF-(1,37,33)
          3          2          1 -1.72079185E-13                    1_GWF-(1,40,18) -3.87993511E-10                    1_GWF-(1,37,33)
 --------------------------------------------------------------------------------------------------------------------------------------


 UBDSV1 SAVING           STO-SS ON UNIT   1030 AT TIME STEP      7, STRESS PERIOD      2
 UBDSV1 SAVING     FLOW-JA-FACE ON UNIT   1030 AT TIME STEP      7, STRESS PERIOD      2
 UBDSV06 SAVING       DATA-SPDIS IN MODEL LOCAL_RUN15      PACKAGE NPF             CONNECTED TO MODEL LOCAL_RUN15      PACKAGE NPF              ON UNIT   1030 AT TIME STEP      7, STRESS PERIOD      2
 UBDSV06 SAVING              GHB IN MODEL LOCAL_RUN15      PACKAGE LOCAL_RUN15     CONNECTED TO MODEL LOCAL_RUN15      PACKAGE GHB_AW           ON UNIT   1030 AT TIME STEP      7, STRESS PERIOD      2
 UBDSV06 SAVING              GHB IN MODEL LOCAL_RUN15      PACKAGE LOCAL_RUN15     CONNECTED TO MODEL LOCAL_RUN15      PACKAGE GHB_CONF         ON UNIT   1030 AT TIME STEP      7, STRESS PERIOD      2
 UBDSV06 SAVING              GHB IN MODEL LOCAL_RUN15      PACKAGE LOCAL_RUN15     CONNECTED TO MODEL LOCAL_RUN15      PACKAGE GHB_PW           ON UNIT   1030 AT TIME STEP      7, STRESS PERIOD      2
 UBDSV06 SAVING              GHB IN MODEL LOCAL_RUN15      PACKAGE LOCAL_RUN15     CONNECTED TO MODEL LOCAL_RUN15      PACKAGE GHB_SP           ON UNIT   1030 AT TIME STEP      7, STRESS PERIOD      2
 UBDSV06 SAVING             RCHA IN MODEL LOCAL_RUN15      PACKAGE LOCAL_RUN15     CONNECTED TO MODEL LOCAL_RUN15      PACKAGE RCH              ON UNIT   1030 AT TIME STEP      7, STRESS PERIOD      2

 HEAD WILL BE SAVED ON UNIT 1031 AT END OF TIME STEP    7, STRESS PERIOD    2

end timestep


start timestep kper="2" kstp="8" mode="normal"


 SLN_1 INNER ITERATION SUMMARY
 --------------------------------------------------------------------------------------------------------------------------------------
      TOTAL      OUTER      INNER                                                            MAXIMUM                                   
  ITERATION  ITERATION  ITERATION  MAXIMUM CHANGE      MAXIMUM CHANGE MODEL-(CELLID)        RESIDUAL    MAXIMUM RESIDUAL MODEL-(CELLID)
 --------------------------------------------------------------------------------------------------------------------------------------
          1          1          1     -0.28686219                    1_GWF-(1,42,12) -2.66874868E-05                    1_GWF-(1,44,36)
          2          1          2 -3.93423046E-08                    1_GWF-(1,41,15) -5.24283453E-10                    1_GWF-(1,37,33)
          3          2          1 -2.75041963E-13                    1_GWF-(1,40,18) -4.51135379E-10                    1_GWF-(1,37,33)
 --------------------------------------------------------------------------------------------------------------------------------------


 UBDSV1 SAVING           STO-SS ON UNIT   1030 AT TIME STEP      8, STRESS PERIOD      2
 UBDSV1 SAVING     FLOW-JA-FACE ON UNIT   1030 AT TIME STEP      8, STRESS PERIOD      2
 UBDSV06 SAVING       DATA-SPDIS IN MODEL LOCAL_RUN15      PACKAGE NPF             CONNECTED TO MODEL LOCAL_RUN15      PACKAGE NPF              ON UNIT   1030 AT TIME STEP      8, STRESS PERIOD      2
 UBDSV06 SAVING              GHB IN MODEL LOCAL_RUN15      PACKAGE LOCAL_RUN15     CONNECTED TO MODEL LOCAL_RUN15      PACKAGE GHB_AW           ON UNIT   1030 AT TIME STEP      8, STRESS PERIOD      2
 UBDSV06 SAVING              GHB IN MODEL LOCAL_RUN15      PACKAGE LOCAL_RUN15     CONNECTED TO MODEL LOCAL_RUN15      PACKAGE GHB_CONF         ON UNIT   1030 AT TIME STEP      8, STRESS PERIOD      2
 UBDSV06 SAVING              GHB IN MODEL LOCAL_RUN15      PACKAGE LOCAL_RUN15     CONNECTED TO MODEL LOCAL_RUN15      PACKAGE GHB_PW           ON UNIT   1030 AT TIME STEP      8, STRESS PERIOD      2
 UBDSV06 SAVING              GHB IN MODEL LOCAL_RUN15      PACKAGE LOCAL_RUN15     CONNECTED TO MODEL LOCAL_RUN15      PACKAGE GHB_SP           ON UNIT   1030 AT TIME STEP      8, STRESS PERIOD      2
 UBDSV06 SAVING             RCHA IN MODEL LOCAL_RUN15      PACKAGE LOCAL_RUN15     CONNECTED TO MODEL LOCAL_RUN15      PACKAGE RCH              ON UNIT   1030 AT TIME STEP      8, STRESS PERIOD      2

 HEAD WILL BE SAVED ON UNIT 1031 AT END OF TIME STEP    8, STRESS PERIOD    2

end timestep


start timestep kper="2" kstp="9" mode="normal"


 SLN_1 INNER ITERATION SUMMARY
 --------------------------------------------------------------------------------------------------------------------------------------
      TOTAL      OUTER      INNER                                                            MAXIMUM                                   
  ITERATION  ITERATION  ITERATION  MAXIMUM CHANGE      MAXIMUM CHANGE MODEL-(CELLID)        RESIDUAL    MAXIMUM RESIDUAL MODEL-(CELLID)
 --------------------------------------------------------------------------------------------------------------------------------------
          1          1          1     -0.26678111                    1_GWF-(1,42,12) -2.51842284E-05                    1_GWF-(1,44,36)
          2          1          2  3.41036102E-08                    1_GWF-(1,46,35) -6.06122126E-10                    1_GWF-(1,37,33)
          3          2          1 -4.15324218E-13                    1_GWF-(1,40,18) -5.05077384E-10                    1_GWF-(1,37,33)
 --------------------------------------------------------------------------------------------------------------------------------------


 UBDSV1 SAVING           STO-SS ON UNIT   1030 AT TIME STEP      9, STRESS PERIOD      2
 UBDSV1 SAVING     FLOW-JA-FACE ON UNIT   1030 AT TIME STEP      9, STRESS PERIOD      2
 UBDSV06 SAVING       DATA-SPDIS IN MODEL LOCAL_RUN15      PACKAGE NPF             CONNECTED TO MODEL LOCAL_RUN15      PACKAGE NPF              ON UNIT   1030 AT TIME STEP      9, STRESS PERIOD      2
 UBDSV06 SAVING              GHB IN MODEL LOCAL_RUN15      PACKAGE LOCAL_RUN15     CONNECTED TO MODEL LOCAL_RUN15      PACKAGE GHB_AW           ON UNIT   1030 AT TIME STEP      9, STRESS PERIOD      2
 UBDSV06 SAVING              GHB IN MODEL LOCAL_RUN15      PACKAGE LOCAL_RUN15     CONNECTED TO MODEL LOCAL_RUN15      PACKAGE GHB_CONF         ON UNIT   1030 AT TIME STEP      9, STRESS PERIOD      2
 UBDSV06 SAVING              GHB IN MODEL LOCAL_RUN15      PACKAGE LOCAL_RUN15     CONNECTED TO MODEL LOCAL_RUN15      PACKAGE GHB_PW           ON UNIT   1030 AT TIME STEP      9, STRESS PERIOD      2
 UBDSV06 SAVING              GHB IN MODEL LOCAL_RUN15      PACKAGE LOCAL_RUN15     CONNECTED TO MODEL LOCAL_RUN15      PACKAGE GHB_SP           ON UNIT   1030 AT TIME STEP      9, STRESS PERIOD      2
 UBDSV06 SAVING             RCHA IN MODEL LOCAL_RUN15      PACKAGE LOCAL_RUN15     CONNECTED TO MODEL LOCAL_RUN15      PACKAGE RCH              ON UNIT   1030 AT TIME STEP      9, STRESS PERIOD      2

 HEAD WILL BE SAVED ON UNIT 1031 AT END OF TIME STEP    9, STRESS PERIOD    2

end timestep


start timestep kper="2" kstp="10" mode="normal"


 SLN_1 INNER ITERATION SUMMARY
 --------------------------------------------------------------------------------------------------------------------------------------
      TOTAL      OUTER      INNER                                                            MAXIMUM                                   
  ITERATION  ITERATION  ITERATION  MAXIMUM CHANGE      MAXIMUM CHANGE MODEL-(CELLID)        RESIDUAL    MAXIMUM RESIDUAL MODEL-(CELLID)
 --------------------------------------------------------------------------------------------------------------------------------------
          1          1          1     -0.24586676                    1_GWF-(1,42,12) -2.35783024E-05                    1_GWF-(1,44,36)
          2          1          2  3.22616652E-08                    1_GWF-(1,46,35) -6.87046221E-10                    1_GWF-(1,37,32)
          3          2          1 -5.84232842E-13                    1_GWF-(1,40,18) -5.48977933E-10                    1_GWF-(1,37,32)
 --------------------------------------------------------------------------------------------------------------------------------------


 UBDSV1 SAVING           STO-SS ON UNIT   1030 AT TIME STEP     10, STRESS PERIOD      2
 UBDSV1 SAVING     FLOW-JA-FACE ON UNIT   1030 AT TIME STEP     10, STRESS PERIOD      2
 UBDSV06 SAVING       DATA-SPDIS IN MODEL LOCAL_RUN15      PACKAGE NPF             CONNECTED TO MODEL LOCAL_RUN15      PACKAGE NPF              ON UNIT   1030 AT TIME STEP     10, STRESS PERIOD      2
 UBDSV06 SAVING              GHB IN MODEL LOCAL_RUN15      PACKAGE LOCAL_RUN15     CONNECTED TO MODEL LOCAL_RUN15      PACKAGE GHB_AW           ON UNIT   1030 AT TIME STEP     10, STRESS PERIOD      2
 UBDSV06 SAVING              GHB IN MODEL LOCAL_RUN15      PACKAGE LOCAL_RUN15     CONNECTED TO MODEL LOCAL_RUN15      PACKAGE GHB_CONF         ON UNIT   1030 AT TIME STEP     10, STRESS PERIOD      2
 UBDSV06 SAVING              GHB IN MODEL LOCAL_RUN15      PACKAGE LOCAL_RUN15     CONNECTED TO MODEL LOCAL_RUN15      PACKAGE GHB_PW           ON UNIT   1030 AT TIME STEP     10, STRESS PERIOD      2
 UBDSV06 SAVING              GHB IN MODEL LOCAL_RUN15      PACKAGE LOCAL_RUN15     CONNECTED TO MODEL LOCAL_RUN15      PACKAGE GHB_SP           ON UNIT   1030 AT TIME STEP     10, STRESS PERIOD      2
 UBDSV06 SAVING             RCHA IN MODEL LOCAL_RUN15      PACKAGE LOCAL_RUN15     CONNECTED TO MODEL LOCAL_RUN15      PACKAGE RCH              ON UNIT   1030 AT TIME STEP     10, STRESS PERIOD      2

 HEAD WILL BE SAVED ON UNIT 1031 AT END OF TIME STEP   10, STRESS PERIOD    2

end timestep


start timestep kper="2" kstp="11" mode="normal"


 SLN_1 INNER ITERATION SUMMARY
 --------------------------------------------------------------------------------------------------------------------------------------
      TOTAL      OUTER      INNER                                                            MAXIMUM                                   
  ITERATION  ITERATION  ITERATION  MAXIMUM CHANGE      MAXIMUM CHANGE MODEL-(CELLID)        RESIDUAL    MAXIMUM RESIDUAL MODEL-(CELLID)
 --------------------------------------------------------------------------------------------------------------------------------------
          1          1          1     -0.22527133                    1_GWF-(1,42,12) -2.19390945E-05                    1_GWF-(1,44,36)
          2          1          2  3.02587228E-08                    1_GWF-(1,46,35) -8.34591599E-10                    1_GWF-(1,37,32)
          3          2          1 -7.48878800E-13                    1_GWF-(1,40,18) -6.51209458E-10                    1_GWF-(1,37,32)
 --------------------------------------------------------------------------------------------------------------------------------------


 UBDSV1 SAVING           STO-SS ON UNIT   1030 AT TIME STEP     11, STRESS PERIOD      2
 UBDSV1 SAVING     FLOW-JA-FACE ON UNIT   1030 AT TIME STEP     11, STRESS PERIOD      2
 UBDSV06 SAVING       DATA-SPDIS IN MODEL LOCAL_RUN15      PACKAGE NPF             CONNECTED TO MODEL LOCAL_RUN15      PACKAGE NPF              ON UNIT   1030 AT TIME STEP     11, STRESS PERIOD      2
 UBDSV06 SAVING              GHB IN MODEL LOCAL_RUN15      PACKAGE LOCAL_RUN15     CONNECTED TO MODEL LOCAL_RUN15      PACKAGE GHB_AW           ON UNIT   1030 AT TIME STEP     11, STRESS PERIOD      2
 UBDSV06 SAVING              GHB IN MODEL LOCAL_RUN15      PACKAGE LOCAL_RUN15     CONNECTED TO MODEL LOCAL_RUN15      PACKAGE GHB_CONF         ON UNIT   1030 AT TIME STEP     11, STRESS PERIOD      2
 UBDSV06 SAVING              GHB IN MODEL LOCAL_RUN15      PACKAGE LOCAL_RUN15     CONNECTED TO MODEL LOCAL_RUN15      PACKAGE GHB_PW           ON UNIT   1030 AT TIME STEP     11, STRESS PERIOD      2
 UBDSV06 SAVING              GHB IN MODEL LOCAL_RUN15      PACKAGE LOCAL_RUN15     CONNECTED TO MODEL LOCAL_RUN15      PACKAGE GHB_SP           ON UNIT   1030 AT TIME STEP     11, STRESS PERIOD      2
 UBDSV06 SAVING             RCHA IN MODEL LOCAL_RUN15      PACKAGE LOCAL_RUN15     CONNECTED TO MODEL LOCAL_RUN15      PACKAGE RCH              ON UNIT   1030 AT TIME STEP     11, STRESS PERIOD      2

 HEAD WILL BE SAVED ON UNIT 1031 AT END OF TIME STEP   11, STRESS PERIOD    2

end timestep


start timestep kper="2" kstp="12" mode="normal"


 SLN_1 INNER ITERATION SUMMARY
 --------------------------------------------------------------------------------------------------------------------------------------
      TOTAL      OUTER      INNER                                                            MAXIMUM                                   
  ITERATION  ITERATION  ITERATION  MAXIMUM CHANGE      MAXIMUM CHANGE MODEL-(CELLID)        RESIDUAL    MAXIMUM RESIDUAL MODEL-(CELLID)
 --------------------------------------------------------------------------------------------------------------------------------------
          1          1          1     -0.20566448                    1_GWF-(1,42,12) -2.03286127E-05                    1_GWF-(1,44,36)
          2          1          2  2.82128034E-08                    1_GWF-(1,46,35) -9.37316460E-10                    1_GWF-(1,37,32)
          3          2          1 -8.75955213E-13                    1_GWF-(1,40,18) -7.11691434E-10                    1_GWF-(1,37,32)
 --------------------------------------------------------------------------------------------------------------------------------------


 UBDSV1 SAVING           STO-SS ON UNIT   1030 AT TIME STEP     12, STRESS PERIOD      2
 UBDSV1 SAVING     FLOW-JA-FACE ON UNIT   1030 AT TIME STEP     12, STRESS PERIOD      2
 UBDSV06 SAVING       DATA-SPDIS IN MODEL LOCAL_RUN15      PACKAGE NPF             CONNECTED TO MODEL LOCAL_RUN15      PACKAGE NPF              ON UNIT   1030 AT TIME STEP     12, STRESS PERIOD      2
 UBDSV06 SAVING              GHB IN MODEL LOCAL_RUN15      PACKAGE LOCAL_RUN15     CONNECTED TO MODEL LOCAL_RUN15      PACKAGE GHB_AW           ON UNIT   1030 AT TIME STEP     12, STRESS PERIOD      2
 UBDSV06 SAVING              GHB IN MODEL LOCAL_RUN15      PACKAGE LOCAL_RUN15     CONNECTED TO MODEL LOCAL_RUN15      PACKAGE GHB_CONF         ON UNIT   1030 AT TIME STEP     12, STRESS PERIOD      2
 UBDSV06 SAVING              GHB IN MODEL LOCAL_RUN15      PACKAGE LOCAL_RUN15     CONNECTED TO MODEL LOCAL_RUN15      PACKAGE GHB_PW           ON UNIT   1030 AT TIME STEP     12, STRESS PERIOD      2
 UBDSV06 SAVING              GHB IN MODEL LOCAL_RUN15      PACKAGE LOCAL_RUN15     CONNECTED TO MODEL LOCAL_RUN15      PACKAGE GHB_SP           ON UNIT   1030 AT TIME STEP     12, STRESS PERIOD      2
 UBDSV06 SAVING             RCHA IN MODEL LOCAL_RUN15      PACKAGE LOCAL_RUN15     CONNECTED TO MODEL LOCAL_RUN15      PACKAGE RCH              ON UNIT   1030 AT TIME STEP     12, STRESS PERIOD      2

 HEAD WILL BE SAVED ON UNIT 1031 AT END OF TIME STEP   12, STRESS PERIOD    2

end timestep


start timestep kper="2" kstp="13" mode="normal"


 SLN_1 INNER ITERATION SUMMARY
 --------------------------------------------------------------------------------------------------------------------------------------
      TOTAL      OUTER      INNER                                                            MAXIMUM                                   
  ITERATION  ITERATION  ITERATION  MAXIMUM CHANGE      MAXIMUM CHANGE MODEL-(CELLID)        RESIDUAL    MAXIMUM RESIDUAL MODEL-(CELLID)
 --------------------------------------------------------------------------------------------------------------------------------------
          1          1          1     -0.19858876                     1_GWF-(1,46,7) -1.87929186E-05                    1_GWF-(1,44,36)
          2          1          2  2.62114767E-08                    1_GWF-(1,46,35) -9.85775473E-10                    1_GWF-(1,37,32)
          3          2          1 -9.49489346E-13                    1_GWF-(1,40,18) -7.39108241E-10                    1_GWF-(1,37,32)
 --------------------------------------------------------------------------------------------------------------------------------------


 UBDSV1 SAVING           STO-SS ON UNIT   1030 AT TIME STEP     13, STRESS PERIOD      2
 UBDSV1 SAVING     FLOW-JA-FACE ON UNIT   1030 AT TIME STEP     13, STRESS PERIOD      2
 UBDSV06 SAVING       DATA-SPDIS IN MODEL LOCAL_RUN15      PACKAGE NPF             CONNECTED TO MODEL LOCAL_RUN15      PACKAGE NPF              ON UNIT   1030 AT TIME STEP     13, STRESS PERIOD      2
 UBDSV06 SAVING              GHB IN MODEL LOCAL_RUN15      PACKAGE LOCAL_RUN15     CONNECTED TO MODEL LOCAL_RUN15      PACKAGE GHB_AW           ON UNIT   1030 AT TIME STEP     13, STRESS PERIOD      2
 UBDSV06 SAVING              GHB IN MODEL LOCAL_RUN15      PACKAGE LOCAL_RUN15     CONNECTED TO MODEL LOCAL_RUN15      PACKAGE GHB_CONF         ON UNIT   1030 AT TIME STEP     13, STRESS PERIOD      2
 UBDSV06 SAVING              GHB IN MODEL LOCAL_RUN15      PACKAGE LOCAL_RUN15     CONNECTED TO MODEL LOCAL_RUN15      PACKAGE GHB_PW           ON UNIT   1030 AT TIME STEP     13, STRESS PERIOD      2
 UBDSV06 SAVING              GHB IN MODEL LOCAL_RUN15      PACKAGE LOCAL_RUN15     CONNECTED TO MODEL LOCAL_RUN15      PACKAGE GHB_SP           ON UNIT   1030 AT TIME STEP     13, STRESS PERIOD      2
 UBDSV06 SAVING             RCHA IN MODEL LOCAL_RUN15      PACKAGE LOCAL_RUN15     CONNECTED TO MODEL LOCAL_RUN15      PACKAGE RCH              ON UNIT   1030 AT TIME STEP     13, STRESS PERIOD      2

 HEAD WILL BE SAVED ON UNIT 1031 AT END OF TIME STEP   13, STRESS PERIOD    2

end timestep


start timestep kper="2" kstp="14" mode="normal"


 SLN_1 INNER ITERATION SUMMARY
 --------------------------------------------------------------------------------------------------------------------------------------
      TOTAL      OUTER      INNER                                                            MAXIMUM                                   
  ITERATION  ITERATION  ITERATION  MAXIMUM CHANGE      MAXIMUM CHANGE MODEL-(CELLID)        RESIDUAL    MAXIMUM RESIDUAL MODEL-(CELLID)
 --------------------------------------------------------------------------------------------------------------------------------------
          1          1          1     -0.19207493                     1_GWF-(1,46,7) -1.73604821E-05                    1_GWF-(1,44,36)
          2          1          2  2.43123609E-08                    1_GWF-(1,46,35) -9.89249435E-10                    1_GWF-(1,37,32)
          3          2          1 -9.75820043E-13                    1_GWF-(1,40,18) -7.35231669E-10                    1_GWF-(1,37,32)
 --------------------------------------------------------------------------------------------------------------------------------------


 UBDSV1 SAVING           STO-SS ON UNIT   1030 AT TIME STEP     14, STRESS PERIOD      2
 UBDSV1 SAVING     FLOW-JA-FACE ON UNIT   1030 AT TIME STEP     14, STRESS PERIOD      2
 UBDSV06 SAVING       DATA-SPDIS IN MODEL LOCAL_RUN15      PACKAGE NPF             CONNECTED TO MODEL LOCAL_RUN15      PACKAGE NPF              ON UNIT   1030 AT TIME STEP     14, STRESS PERIOD      2
 UBDSV06 SAVING              GHB IN MODEL LOCAL_RUN15      PACKAGE LOCAL_RUN15     CONNECTED TO MODEL LOCAL_RUN15      PACKAGE GHB_AW           ON UNIT   1030 AT TIME STEP     14, STRESS PERIOD      2
 UBDSV06 SAVING              GHB IN MODEL LOCAL_RUN15      PACKAGE LOCAL_RUN15     CONNECTED TO MODEL LOCAL_RUN15      PACKAGE GHB_CONF         ON UNIT   1030 AT TIME STEP     14, STRESS PERIOD      2
 UBDSV06 SAVING              GHB IN MODEL LOCAL_RUN15      PACKAGE LOCAL_RUN15     CONNECTED TO MODEL LOCAL_RUN15      PACKAGE GHB_PW           ON UNIT   1030 AT TIME STEP     14, STRESS PERIOD      2
 UBDSV06 SAVING              GHB IN MODEL LOCAL_RUN15      PACKAGE LOCAL_RUN15     CONNECTED TO MODEL LOCAL_RUN15      PACKAGE GHB_SP           ON UNIT   1030 AT TIME STEP     14, STRESS PERIOD      2
 UBDSV06 SAVING             RCHA IN MODEL LOCAL_RUN15      PACKAGE LOCAL_RUN15     CONNECTED TO MODEL LOCAL_RUN15      PACKAGE RCH              ON UNIT   1030 AT TIME STEP     14, STRESS PERIOD      2

 HEAD WILL BE SAVED ON UNIT 1031 AT END OF TIME STEP   14, STRESS PERIOD    2

end timestep


start timestep kper="2" kstp="15" mode="normal"


 SLN_1 INNER ITERATION SUMMARY
 --------------------------------------------------------------------------------------------------------------------------------------
      TOTAL      OUTER      INNER                                                            MAXIMUM                                   
  ITERATION  ITERATION  ITERATION  MAXIMUM CHANGE      MAXIMUM CHANGE MODEL-(CELLID)        RESIDUAL    MAXIMUM RESIDUAL MODEL-(CELLID)
 --------------------------------------------------------------------------------------------------------------------------------------
          1          1          1     -0.18485834                     1_GWF-(1,46,7) -1.60446829E-05                    1_GWF-(1,44,36)
          2          1          2  2.25478156E-08                    1_GWF-(1,46,35) -9.64775188E-10                    1_GWF-(1,37,32)
          3          2          1 -9.72054162E-13                    1_GWF-(1,40,18) -7.14494178E-10                    1_GWF-(1,37,32)
 --------------------------------------------------------------------------------------------------------------------------------------


 UBDSV1 SAVING           STO-SS ON UNIT   1030 AT TIME STEP     15, STRESS PERIOD      2
 UBDSV1 SAVING     FLOW-JA-FACE ON UNIT   1030 AT TIME STEP     15, STRESS PERIOD      2
 UBDSV06 SAVING       DATA-SPDIS IN MODEL LOCAL_RUN15      PACKAGE NPF             CONNECTED TO MODEL LOCAL_RUN15      PACKAGE NPF              ON UNIT   1030 AT TIME STEP     15, STRESS PERIOD      2
 UBDSV06 SAVING              GHB IN MODEL LOCAL_RUN15      PACKAGE LOCAL_RUN15     CONNECTED TO MODEL LOCAL_RUN15      PACKAGE GHB_AW           ON UNIT   1030 AT TIME STEP     15, STRESS PERIOD      2
 UBDSV06 SAVING              GHB IN MODEL LOCAL_RUN15      PACKAGE LOCAL_RUN15     CONNECTED TO MODEL LOCAL_RUN15      PACKAGE GHB_CONF         ON UNIT   1030 AT TIME STEP     15, STRESS PERIOD      2
 UBDSV06 SAVING              GHB IN MODEL LOCAL_RUN15      PACKAGE LOCAL_RUN15     CONNECTED TO MODEL LOCAL_RUN15      PACKAGE GHB_PW           ON UNIT   1030 AT TIME STEP     15, STRESS PERIOD      2
 UBDSV06 SAVING              GHB IN MODEL LOCAL_RUN15      PACKAGE LOCAL_RUN15     CONNECTED TO MODEL LOCAL_RUN15      PACKAGE GHB_SP           ON UNIT   1030 AT TIME STEP     15, STRESS PERIOD      2
 UBDSV06 SAVING             RCHA IN MODEL LOCAL_RUN15      PACKAGE LOCAL_RUN15     CONNECTED TO MODEL LOCAL_RUN15      PACKAGE RCH              ON UNIT   1030 AT TIME STEP     15, STRESS PERIOD      2

 HEAD WILL BE SAVED ON UNIT 1031 AT END OF TIME STEP   15, STRESS PERIOD    2

end timestep


start timestep kper="2" kstp="16" mode="normal"


 SLN_1 INNER ITERATION SUMMARY
 --------------------------------------------------------------------------------------------------------------------------------------
      TOTAL      OUTER      INNER                                                            MAXIMUM                                   
  ITERATION  ITERATION  ITERATION  MAXIMUM CHANGE      MAXIMUM CHANGE MODEL-(CELLID)        RESIDUAL    MAXIMUM RESIDUAL MODEL-(CELLID)
 --------------------------------------------------------------------------------------------------------------------------------------
          1          1          1     -0.17722750                     1_GWF-(1,46,7) -1.48478906E-05                    1_GWF-(1,44,36)
          2          1          2  2.09313510E-08                    1_GWF-(1,46,35) -9.27286788E-10                    1_GWF-(1,37,32)
          3          2          1 -9.56215686E-13                    1_GWF-(1,40,18) -6.85369041E-10                    1_GWF-(1,37,32)
 --------------------------------------------------------------------------------------------------------------------------------------


 UBDSV1 SAVING           STO-SS ON UNIT   1030 AT TIME STEP     16, STRESS PERIOD      2
 UBDSV1 SAVING     FLOW-JA-FACE ON UNIT   1030 AT TIME STEP     16, STRESS PERIOD      2
 UBDSV06 SAVING       DATA-SPDIS IN MODEL LOCAL_RUN15      PACKAGE NPF             CONNECTED TO MODEL LOCAL_RUN15      PACKAGE NPF              ON UNIT   1030 AT TIME STEP     16, STRESS PERIOD      2
 UBDSV06 SAVING              GHB IN MODEL LOCAL_RUN15      PACKAGE LOCAL_RUN15     CONNECTED TO MODEL LOCAL_RUN15      PACKAGE GHB_AW           ON UNIT   1030 AT TIME STEP     16, STRESS PERIOD      2
 UBDSV06 SAVING              GHB IN MODEL LOCAL_RUN15      PACKAGE LOCAL_RUN15     CONNECTED TO MODEL LOCAL_RUN15      PACKAGE GHB_CONF         ON UNIT   1030 AT TIME STEP     16, STRESS PERIOD      2
 UBDSV06 SAVING              GHB IN MODEL LOCAL_RUN15      PACKAGE LOCAL_RUN15     CONNECTED TO MODEL LOCAL_RUN15      PACKAGE GHB_PW           ON UNIT   1030 AT TIME STEP     16, STRESS PERIOD      2
 UBDSV06 SAVING              GHB IN MODEL LOCAL_RUN15      PACKAGE LOCAL_RUN15     CONNECTED TO MODEL LOCAL_RUN15      PACKAGE GHB_SP           ON UNIT   1030 AT TIME STEP     16, STRESS PERIOD      2
 UBDSV06 SAVING             RCHA IN MODEL LOCAL_RUN15      PACKAGE LOCAL_RUN15     CONNECTED TO MODEL LOCAL_RUN15      PACKAGE RCH              ON UNIT   1030 AT TIME STEP     16, STRESS PERIOD      2

 HEAD WILL BE SAVED ON UNIT 1031 AT END OF TIME STEP   16, STRESS PERIOD    2

end timestep


start timestep kper="2" kstp="17" mode="normal"


 SLN_1 INNER ITERATION SUMMARY
 --------------------------------------------------------------------------------------------------------------------------------------
      TOTAL      OUTER      INNER                                                            MAXIMUM                                   
  ITERATION  ITERATION  ITERATION  MAXIMUM CHANGE      MAXIMUM CHANGE MODEL-(CELLID)        RESIDUAL    MAXIMUM RESIDUAL MODEL-(CELLID)
 --------------------------------------------------------------------------------------------------------------------------------------
          1          1          1     -0.16939959                     1_GWF-(1,46,7) -1.37654717E-05                    1_GWF-(1,44,36)
          2          1          2  1.94637635E-08                    1_GWF-(1,46,35) -8.86370302E-10                    1_GWF-(1,37,32)
          3          2          1 -9.33810908E-13                    1_GWF-(1,40,18) -6.52122300E-10                    1_GWF-(1,37,32)
 --------------------------------------------------------------------------------------------------------------------------------------


 UBDSV1 SAVING           STO-SS ON UNIT   1030 AT TIME STEP     17, STRESS PERIOD      2
 UBDSV1 SAVING     FLOW-JA-FACE ON UNIT   1030 AT TIME STEP     17, STRESS PERIOD      2
 UBDSV06 SAVING       DATA-SPDIS IN MODEL LOCAL_RUN15      PACKAGE NPF             CONNECTED TO MODEL LOCAL_RUN15      PACKAGE NPF              ON UNIT   1030 AT TIME STEP     17, STRESS PERIOD      2
 UBDSV06 SAVING              GHB IN MODEL LOCAL_RUN15      PACKAGE LOCAL_RUN15     CONNECTED TO MODEL LOCAL_RUN15      PACKAGE GHB_AW           ON UNIT   1030 AT TIME STEP     17, STRESS PERIOD      2
 UBDSV06 SAVING              GHB IN MODEL LOCAL_RUN15      PACKAGE LOCAL_RUN15     CONNECTED TO MODEL LOCAL_RUN15      PACKAGE GHB_CONF         ON UNIT   1030 AT TIME STEP     17, STRESS PERIOD      2
 UBDSV06 SAVING              GHB IN MODEL LOCAL_RUN15      PACKAGE LOCAL_RUN15     CONNECTED TO MODEL LOCAL_RUN15      PACKAGE GHB_PW           ON UNIT   1030 AT TIME STEP     17, STRESS PERIOD      2
 UBDSV06 SAVING              GHB IN MODEL LOCAL_RUN15      PACKAGE LOCAL_RUN15     CONNECTED TO MODEL LOCAL_RUN15      PACKAGE GHB_SP           ON UNIT   1030 AT TIME STEP     17, STRESS PERIOD      2
 UBDSV06 SAVING             RCHA IN MODEL LOCAL_RUN15      PACKAGE LOCAL_RUN15     CONNECTED TO MODEL LOCAL_RUN15      PACKAGE RCH              ON UNIT   1030 AT TIME STEP     17, STRESS PERIOD      2

 HEAD WILL BE SAVED ON UNIT 1031 AT END OF TIME STEP   17, STRESS PERIOD    2

end timestep


start timestep kper="2" kstp="18" mode="normal"


 SLN_1 INNER ITERATION SUMMARY
 --------------------------------------------------------------------------------------------------------------------------------------
      TOTAL      OUTER      INNER                                                            MAXIMUM                                   
  ITERATION  ITERATION  ITERATION  MAXIMUM CHANGE      MAXIMUM CHANGE MODEL-(CELLID)        RESIDUAL    MAXIMUM RESIDUAL MODEL-(CELLID)
 --------------------------------------------------------------------------------------------------------------------------------------
          1          1          1     -0.16153598                     1_GWF-(1,46,7) -1.27889737E-05                    1_GWF-(1,44,36)
          2          1          2  1.81381741E-08                    1_GWF-(1,46,35) -8.47042391E-10                    1_GWF-(1,37,32)
          3          2          1 -9.15307626E-13                    1_GWF-(1,40,18) -6.22620596E-10                    1_GWF-(1,37,32)
 --------------------------------------------------------------------------------------------------------------------------------------


 UBDSV1 SAVING           STO-SS ON UNIT   1030 AT TIME STEP     18, STRESS PERIOD      2
 UBDSV1 SAVING     FLOW-JA-FACE ON UNIT   1030 AT TIME STEP     18, STRESS PERIOD      2
 UBDSV06 SAVING       DATA-SPDIS IN MODEL LOCAL_RUN15      PACKAGE NPF             CONNECTED TO MODEL LOCAL_RUN15      PACKAGE NPF              ON UNIT   1030 AT TIME STEP     18, STRESS PERIOD      2
 UBDSV06 SAVING              GHB IN MODEL LOCAL_RUN15      PACKAGE LOCAL_RUN15     CONNECTED TO MODEL LOCAL_RUN15      PACKAGE GHB_AW           ON UNIT   1030 AT TIME STEP     18, STRESS PERIOD      2
 UBDSV06 SAVING              GHB IN MODEL LOCAL_RUN15      PACKAGE LOCAL_RUN15     CONNECTED TO MODEL LOCAL_RUN15      PACKAGE GHB_CONF         ON UNIT   1030 AT TIME STEP     18, STRESS PERIOD      2
 UBDSV06 SAVING              GHB IN MODEL LOCAL_RUN15      PACKAGE LOCAL_RUN15     CONNECTED TO MODEL LOCAL_RUN15      PACKAGE GHB_PW           ON UNIT   1030 AT TIME STEP     18, STRESS PERIOD      2
 UBDSV06 SAVING              GHB IN MODEL LOCAL_RUN15      PACKAGE LOCAL_RUN15     CONNECTED TO MODEL LOCAL_RUN15      PACKAGE GHB_SP           ON UNIT   1030 AT TIME STEP     18, STRESS PERIOD      2
 UBDSV06 SAVING             RCHA IN MODEL LOCAL_RUN15      PACKAGE LOCAL_RUN15     CONNECTED TO MODEL LOCAL_RUN15      PACKAGE RCH              ON UNIT   1030 AT TIME STEP     18, STRESS PERIOD      2

 HEAD WILL BE SAVED ON UNIT 1031 AT END OF TIME STEP   18, STRESS PERIOD    2

end timestep


start timestep kper="2" kstp="19" mode="normal"


 SLN_1 INNER ITERATION SUMMARY
 --------------------------------------------------------------------------------------------------------------------------------------
      TOTAL      OUTER      INNER                                                            MAXIMUM                                   
  ITERATION  ITERATION  ITERATION  MAXIMUM CHANGE      MAXIMUM CHANGE MODEL-(CELLID)        RESIDUAL    MAXIMUM RESIDUAL MODEL-(CELLID)
 --------------------------------------------------------------------------------------------------------------------------------------
          1          1          1     -0.15375488                     1_GWF-(1,46,7) -1.19083364E-05                    1_GWF-(1,44,36)
          2          1          2  1.69436665E-08                    1_GWF-(1,46,35) -8.11442417E-10                    1_GWF-(1,37,32)
          3          2          1 -8.99341050E-13                    1_GWF-(1,40,18) -5.95939994E-10                    1_GWF-(1,37,32)
 --------------------------------------------------------------------------------------------------------------------------------------


 UBDSV1 SAVING           STO-SS ON UNIT   1030 AT TIME STEP     19, STRESS PERIOD      2
 UBDSV1 SAVING     FLOW-JA-FACE ON UNIT   1030 AT TIME STEP     19, STRESS PERIOD      2
 UBDSV06 SAVING       DATA-SPDIS IN MODEL LOCAL_RUN15      PACKAGE NPF             CONNECTED TO MODEL LOCAL_RUN15      PACKAGE NPF              ON UNIT   1030 AT TIME STEP     19, STRESS PERIOD      2
 UBDSV06 SAVING              GHB IN MODEL LOCAL_RUN15      PACKAGE LOCAL_RUN15     CONNECTED TO MODEL LOCAL_RUN15      PACKAGE GHB_AW           ON UNIT   1030 AT TIME STEP     19, STRESS PERIOD      2
 UBDSV06 SAVING              GHB IN MODEL LOCAL_RUN15      PACKAGE LOCAL_RUN15     CONNECTED TO MODEL LOCAL_RUN15      PACKAGE GHB_CONF         ON UNIT   1030 AT TIME STEP     19, STRESS PERIOD      2
 UBDSV06 SAVING              GHB IN MODEL LOCAL_RUN15      PACKAGE LOCAL_RUN15     CONNECTED TO MODEL LOCAL_RUN15      PACKAGE GHB_PW           ON UNIT   1030 AT TIME STEP     19, STRESS PERIOD      2
 UBDSV06 SAVING              GHB IN MODEL LOCAL_RUN15      PACKAGE LOCAL_RUN15     CONNECTED TO MODEL LOCAL_RUN15      PACKAGE GHB_SP           ON UNIT   1030 AT TIME STEP     19, STRESS PERIOD      2
 UBDSV06 SAVING             RCHA IN MODEL LOCAL_RUN15      PACKAGE LOCAL_RUN15     CONNECTED TO MODEL LOCAL_RUN15      PACKAGE RCH              ON UNIT   1030 AT TIME STEP     19, STRESS PERIOD      2

 HEAD WILL BE SAVED ON UNIT 1031 AT END OF TIME STEP   19, STRESS PERIOD    2

end timestep


start timestep kper="2" kstp="20" mode="normal"


 SLN_1 INNER ITERATION SUMMARY
 --------------------------------------------------------------------------------------------------------------------------------------
      TOTAL      OUTER      INNER                                                            MAXIMUM                                   
  ITERATION  ITERATION  ITERATION  MAXIMUM CHANGE      MAXIMUM CHANGE MODEL-(CELLID)        RESIDUAL    MAXIMUM RESIDUAL MODEL-(CELLID)
 --------------------------------------------------------------------------------------------------------------------------------------
          1          1          1     -0.14614134                     1_GWF-(1,46,7) -1.11132690E-05                    1_GWF-(1,44,36)
          2          1          2  1.58676879E-08                    1_GWF-(1,46,35) -8.08420079E-10                    1_GWF-(1,37,31)
          3          2          1 -8.87561463E-13                    1_GWF-(1,40,18) -5.91597230E-10                    1_GWF-(1,37,31)
 --------------------------------------------------------------------------------------------------------------------------------------


 UBDSV1 SAVING           STO-SS ON UNIT   1030 AT TIME STEP     20, STRESS PERIOD      2
 UBDSV1 SAVING     FLOW-JA-FACE ON UNIT   1030 AT TIME STEP     20, STRESS PERIOD      2
 UBDSV06 SAVING       DATA-SPDIS IN MODEL LOCAL_RUN15      PACKAGE NPF             CONNECTED TO MODEL LOCAL_RUN15      PACKAGE NPF              ON UNIT   1030 AT TIME STEP     20, STRESS PERIOD      2
 UBDSV06 SAVING              GHB IN MODEL LOCAL_RUN15      PACKAGE LOCAL_RUN15     CONNECTED TO MODEL LOCAL_RUN15      PACKAGE GHB_AW           ON UNIT   1030 AT TIME STEP     20, STRESS PERIOD      2
 UBDSV06 SAVING              GHB IN MODEL LOCAL_RUN15      PACKAGE LOCAL_RUN15     CONNECTED TO MODEL LOCAL_RUN15      PACKAGE GHB_CONF         ON UNIT   1030 AT TIME STEP     20, STRESS PERIOD      2
 UBDSV06 SAVING              GHB IN MODEL LOCAL_RUN15      PACKAGE LOCAL_RUN15     CONNECTED TO MODEL LOCAL_RUN15      PACKAGE GHB_PW           ON UNIT   1030 AT TIME STEP     20, STRESS PERIOD      2
 UBDSV06 SAVING              GHB IN MODEL LOCAL_RUN15      PACKAGE LOCAL_RUN15     CONNECTED TO MODEL LOCAL_RUN15      PACKAGE GHB_SP           ON UNIT   1030 AT TIME STEP     20, STRESS PERIOD      2
 UBDSV06 SAVING             RCHA IN MODEL LOCAL_RUN15      PACKAGE LOCAL_RUN15     CONNECTED TO MODEL LOCAL_RUN15      PACKAGE RCH              ON UNIT   1030 AT TIME STEP     20, STRESS PERIOD      2

 HEAD WILL BE SAVED ON UNIT 1031 AT END OF TIME STEP   20, STRESS PERIOD    2

end timestep


start timestep kper="2" kstp="21" mode="normal"


 SLN_1 INNER ITERATION SUMMARY
 --------------------------------------------------------------------------------------------------------------------------------------
      TOTAL      OUTER      INNER                                                            MAXIMUM                                   
  ITERATION  ITERATION  ITERATION  MAXIMUM CHANGE      MAXIMUM CHANGE MODEL-(CELLID)        RESIDUAL    MAXIMUM RESIDUAL MODEL-(CELLID)
 --------------------------------------------------------------------------------------------------------------------------------------
          1          1          1     -0.13875512                     1_GWF-(1,46,7) -1.03940149E-05                    1_GWF-(1,44,36)
          2          1          2  1.48975401E-08                    1_GWF-(1,46,35) -8.07953459E-10                    1_GWF-(1,37,31)
          3          2          1 -8.78729390E-13                    1_GWF-(1,40,18) -5.89465476E-10                    1_GWF-(1,37,31)
 --------------------------------------------------------------------------------------------------------------------------------------


 UBDSV1 SAVING           STO-SS ON UNIT   1030 AT TIME STEP     21, STRESS PERIOD      2
 UBDSV1 SAVING     FLOW-JA-FACE ON UNIT   1030 AT TIME STEP     21, STRESS PERIOD      2
 UBDSV06 SAVING       DATA-SPDIS IN MODEL LOCAL_RUN15      PACKAGE NPF             CONNECTED TO MODEL LOCAL_RUN15      PACKAGE NPF              ON UNIT   1030 AT TIME STEP     21, STRESS PERIOD      2
 UBDSV06 SAVING              GHB IN MODEL LOCAL_RUN15      PACKAGE LOCAL_RUN15     CONNECTED TO MODEL LOCAL_RUN15      PACKAGE GHB_AW           ON UNIT   1030 AT TIME STEP     21, STRESS PERIOD      2
 UBDSV06 SAVING              GHB IN MODEL LOCAL_RUN15      PACKAGE LOCAL_RUN15     CONNECTED TO MODEL LOCAL_RUN15      PACKAGE GHB_CONF         ON UNIT   1030 AT TIME STEP     21, STRESS PERIOD      2
 UBDSV06 SAVING              GHB IN MODEL LOCAL_RUN15      PACKAGE LOCAL_RUN15     CONNECTED TO MODEL LOCAL_RUN15      PACKAGE GHB_PW           ON UNIT   1030 AT TIME STEP     21, STRESS PERIOD      2
 UBDSV06 SAVING              GHB IN MODEL LOCAL_RUN15      PACKAGE LOCAL_RUN15     CONNECTED TO MODEL LOCAL_RUN15      PACKAGE GHB_SP           ON UNIT   1030 AT TIME STEP     21, STRESS PERIOD      2
 UBDSV06 SAVING             RCHA IN MODEL LOCAL_RUN15      PACKAGE LOCAL_RUN15     CONNECTED TO MODEL LOCAL_RUN15      PACKAGE RCH              ON UNIT   1030 AT TIME STEP     21, STRESS PERIOD      2

 HEAD WILL BE SAVED ON UNIT 1031 AT END OF TIME STEP   21, STRESS PERIOD    2

end timestep


start timestep kper="2" kstp="22" mode="normal"


 SLN_1 INNER ITERATION SUMMARY
 --------------------------------------------------------------------------------------------------------------------------------------
      TOTAL      OUTER      INNER                                                            MAXIMUM                                   
  ITERATION  ITERATION  ITERATION  MAXIMUM CHANGE      MAXIMUM CHANGE MODEL-(CELLID)        RESIDUAL    MAXIMUM RESIDUAL MODEL-(CELLID)
 --------------------------------------------------------------------------------------------------------------------------------------
          1          1          1     -0.13329505                    1_GWF-(1,16,45) -9.74171398E-06                    1_GWF-(1,44,36)
          2          1          2  1.40211789E-08                    1_GWF-(1,46,35) -8.07135682E-10                    1_GWF-(1,37,31)
          3          2          1 -8.74257389E-13                    1_GWF-(1,40,18) -5.88260881E-10                    1_GWF-(1,37,31)
 --------------------------------------------------------------------------------------------------------------------------------------


 UBDSV1 SAVING           STO-SS ON UNIT   1030 AT TIME STEP     22, STRESS PERIOD      2
 UBDSV1 SAVING     FLOW-JA-FACE ON UNIT   1030 AT TIME STEP     22, STRESS PERIOD      2
 UBDSV06 SAVING       DATA-SPDIS IN MODEL LOCAL_RUN15      PACKAGE NPF             CONNECTED TO MODEL LOCAL_RUN15      PACKAGE NPF              ON UNIT   1030 AT TIME STEP     22, STRESS PERIOD      2
 UBDSV06 SAVING              GHB IN MODEL LOCAL_RUN15      PACKAGE LOCAL_RUN15     CONNECTED TO MODEL LOCAL_RUN15      PACKAGE GHB_AW           ON UNIT   1030 AT TIME STEP     22, STRESS PERIOD      2
 UBDSV06 SAVING              GHB IN MODEL LOCAL_RUN15      PACKAGE LOCAL_RUN15     CONNECTED TO MODEL LOCAL_RUN15      PACKAGE GHB_CONF         ON UNIT   1030 AT TIME STEP     22, STRESS PERIOD      2
 UBDSV06 SAVING              GHB IN MODEL LOCAL_RUN15      PACKAGE LOCAL_RUN15     CONNECTED TO MODEL LOCAL_RUN15      PACKAGE GHB_PW           ON UNIT   1030 AT TIME STEP     22, STRESS PERIOD      2
 UBDSV06 SAVING              GHB IN MODEL LOCAL_RUN15      PACKAGE LOCAL_RUN15     CONNECTED TO MODEL LOCAL_RUN15      PACKAGE GHB_SP           ON UNIT   1030 AT TIME STEP     22, STRESS PERIOD      2
 UBDSV06 SAVING             RCHA IN MODEL LOCAL_RUN15      PACKAGE LOCAL_RUN15     CONNECTED TO MODEL LOCAL_RUN15      PACKAGE RCH              ON UNIT   1030 AT TIME STEP     22, STRESS PERIOD      2

 HEAD WILL BE SAVED ON UNIT 1031 AT END OF TIME STEP   22, STRESS PERIOD    2

end timestep


start timestep kper="2" kstp="23" mode="normal"


 SLN_1 INNER ITERATION SUMMARY
 --------------------------------------------------------------------------------------------------------------------------------------
      TOTAL      OUTER      INNER                                                            MAXIMUM                                   
  ITERATION  ITERATION  ITERATION  MAXIMUM CHANGE      MAXIMUM CHANGE MODEL-(CELLID)        RESIDUAL    MAXIMUM RESIDUAL MODEL-(CELLID)
 --------------------------------------------------------------------------------------------------------------------------------------
          1          1          1     -0.12822601                    1_GWF-(1,16,45) -9.14852125E-06                    1_GWF-(1,44,36)
          2          1          2  1.32276244E-08                    1_GWF-(1,46,35) -8.06270925E-10                    1_GWF-(1,37,31)
          3          2          1 -8.71179580E-13                    1_GWF-(1,40,18) -5.85010262E-10                    1_GWF-(1,37,31)
 --------------------------------------------------------------------------------------------------------------------------------------


 UBDSV1 SAVING           STO-SS ON UNIT   1030 AT TIME STEP     23, STRESS PERIOD      2
 UBDSV1 SAVING     FLOW-JA-FACE ON UNIT   1030 AT TIME STEP     23, STRESS PERIOD      2
 UBDSV06 SAVING       DATA-SPDIS IN MODEL LOCAL_RUN15      PACKAGE NPF             CONNECTED TO MODEL LOCAL_RUN15      PACKAGE NPF              ON UNIT   1030 AT TIME STEP     23, STRESS PERIOD      2
 UBDSV06 SAVING              GHB IN MODEL LOCAL_RUN15      PACKAGE LOCAL_RUN15     CONNECTED TO MODEL LOCAL_RUN15      PACKAGE GHB_AW           ON UNIT   1030 AT TIME STEP     23, STRESS PERIOD      2
 UBDSV06 SAVING              GHB IN MODEL LOCAL_RUN15      PACKAGE LOCAL_RUN15     CONNECTED TO MODEL LOCAL_RUN15      PACKAGE GHB_CONF         ON UNIT   1030 AT TIME STEP     23, STRESS PERIOD      2
 UBDSV06 SAVING              GHB IN MODEL LOCAL_RUN15      PACKAGE LOCAL_RUN15     CONNECTED TO MODEL LOCAL_RUN15      PACKAGE GHB_PW           ON UNIT   1030 AT TIME STEP     23, STRESS PERIOD      2
 UBDSV06 SAVING              GHB IN MODEL LOCAL_RUN15      PACKAGE LOCAL_RUN15     CONNECTED TO MODEL LOCAL_RUN15      PACKAGE GHB_SP           ON UNIT   1030 AT TIME STEP     23, STRESS PERIOD      2
 UBDSV06 SAVING             RCHA IN MODEL LOCAL_RUN15      PACKAGE LOCAL_RUN15     CONNECTED TO MODEL LOCAL_RUN15      PACKAGE RCH              ON UNIT   1030 AT TIME STEP     23, STRESS PERIOD      2

 HEAD WILL BE SAVED ON UNIT 1031 AT END OF TIME STEP   23, STRESS PERIOD    2

end timestep


start timestep kper="2" kstp="24" mode="normal"


 SLN_1 INNER ITERATION SUMMARY
 --------------------------------------------------------------------------------------------------------------------------------------
      TOTAL      OUTER      INNER                                                            MAXIMUM                                   
  ITERATION  ITERATION  ITERATION  MAXIMUM CHANGE      MAXIMUM CHANGE MODEL-(CELLID)        RESIDUAL    MAXIMUM RESIDUAL MODEL-(CELLID)
 --------------------------------------------------------------------------------------------------------------------------------------
          1          1          1     -0.12386924                     1_GWF-(1,47,5) -8.84621419E-06                    1_GWF-(1,37,34)
          2          1          2  1.28636734E-08                    1_GWF-(1,45,34) -8.05487818E-10                    1_GWF-(1,37,31)
          3          2          1 -8.70324290E-13                    1_GWF-(1,40,18) -5.83103554E-10                    1_GWF-(1,37,31)
 --------------------------------------------------------------------------------------------------------------------------------------


 UBDSV1 SAVING           STO-SS ON UNIT   1030 AT TIME STEP     24, STRESS PERIOD      2
 UBDSV1 SAVING     FLOW-JA-FACE ON UNIT   1030 AT TIME STEP     24, STRESS PERIOD      2
 UBDSV06 SAVING       DATA-SPDIS IN MODEL LOCAL_RUN15      PACKAGE NPF             CONNECTED TO MODEL LOCAL_RUN15      PACKAGE NPF              ON UNIT   1030 AT TIME STEP     24, STRESS PERIOD      2
 UBDSV06 SAVING              GHB IN MODEL LOCAL_RUN15      PACKAGE LOCAL_RUN15     CONNECTED TO MODEL LOCAL_RUN15      PACKAGE GHB_AW           ON UNIT   1030 AT TIME STEP     24, STRESS PERIOD      2
 UBDSV06 SAVING              GHB IN MODEL LOCAL_RUN15      PACKAGE LOCAL_RUN15     CONNECTED TO MODEL LOCAL_RUN15      PACKAGE GHB_CONF         ON UNIT   1030 AT TIME STEP     24, STRESS PERIOD      2
 UBDSV06 SAVING              GHB IN MODEL LOCAL_RUN15      PACKAGE LOCAL_RUN15     CONNECTED TO MODEL LOCAL_RUN15      PACKAGE GHB_PW           ON UNIT   1030 AT TIME STEP     24, STRESS PERIOD      2
 UBDSV06 SAVING              GHB IN MODEL LOCAL_RUN15      PACKAGE LOCAL_RUN15     CONNECTED TO MODEL LOCAL_RUN15      PACKAGE GHB_SP           ON UNIT   1030 AT TIME STEP     24, STRESS PERIOD      2
 UBDSV06 SAVING             RCHA IN MODEL LOCAL_RUN15      PACKAGE LOCAL_RUN15     CONNECTED TO MODEL LOCAL_RUN15      PACKAGE RCH              ON UNIT   1030 AT TIME STEP     24, STRESS PERIOD      2

 HEAD WILL BE SAVED ON UNIT 1031 AT END OF TIME STEP   24, STRESS PERIOD    2

end timestep


start timestep kper="2" kstp="25" mode="normal"


 SLN_1 INNER ITERATION SUMMARY
 --------------------------------------------------------------------------------------------------------------------------------------
      TOTAL      OUTER      INNER                                                            MAXIMUM                                   
  ITERATION  ITERATION  ITERATION  MAXIMUM CHANGE      MAXIMUM CHANGE MODEL-(CELLID)        RESIDUAL    MAXIMUM RESIDUAL MODEL-(CELLID)
 --------------------------------------------------------------------------------------------------------------------------------------
          1          1          1     -0.12063624                     1_GWF-(1,47,5) -8.55806634E-06                    1_GWF-(1,37,34)
          2          1          2  1.25155946E-08                    1_GWF-(1,45,34) -8.04820069E-10                    1_GWF-(1,37,31)
          3          2          1 -8.70608249E-13                    1_GWF-(1,40,18) -5.79809370E-10                    1_GWF-(1,37,31)
 --------------------------------------------------------------------------------------------------------------------------------------


 UBDSV1 SAVING           STO-SS ON UNIT   1030 AT TIME STEP     25, STRESS PERIOD      2
 UBDSV1 SAVING     FLOW-JA-FACE ON UNIT   1030 AT TIME STEP     25, STRESS PERIOD      2
 UBDSV06 SAVING       DATA-SPDIS IN MODEL LOCAL_RUN15      PACKAGE NPF             CONNECTED TO MODEL LOCAL_RUN15      PACKAGE NPF              ON UNIT   1030 AT TIME STEP     25, STRESS PERIOD      2
 UBDSV06 SAVING              GHB IN MODEL LOCAL_RUN15      PACKAGE LOCAL_RUN15     CONNECTED TO MODEL LOCAL_RUN15      PACKAGE GHB_AW           ON UNIT   1030 AT TIME STEP     25, STRESS PERIOD      2
 UBDSV06 SAVING              GHB IN MODEL LOCAL_RUN15      PACKAGE LOCAL_RUN15     CONNECTED TO MODEL LOCAL_RUN15      PACKAGE GHB_CONF         ON UNIT   1030 AT TIME STEP     25, STRESS PERIOD      2
 UBDSV06 SAVING              GHB IN MODEL LOCAL_RUN15      PACKAGE LOCAL_RUN15     CONNECTED TO MODEL LOCAL_RUN15      PACKAGE GHB_PW           ON UNIT   1030 AT TIME STEP     25, STRESS PERIOD      2
 UBDSV06 SAVING              GHB IN MODEL LOCAL_RUN15      PACKAGE LOCAL_RUN15     CONNECTED TO MODEL LOCAL_RUN15      PACKAGE GHB_SP           ON UNIT   1030 AT TIME STEP     25, STRESS PERIOD      2
 UBDSV06 SAVING             RCHA IN MODEL LOCAL_RUN15      PACKAGE LOCAL_RUN15     CONNECTED TO MODEL LOCAL_RUN15      PACKAGE RCH              ON UNIT   1030 AT TIME STEP     25, STRESS PERIOD      2

 HEAD WILL BE SAVED ON UNIT 1031 AT END OF TIME STEP   25, STRESS PERIOD    2

end timestep


start timestep kper="2" kstp="26" mode="normal"


 SLN_1 INNER ITERATION SUMMARY
 --------------------------------------------------------------------------------------------------------------------------------------
      TOTAL      OUTER      INNER                                                            MAXIMUM                                   
  ITERATION  ITERATION  ITERATION  MAXIMUM CHANGE      MAXIMUM CHANGE MODEL-(CELLID)        RESIDUAL    MAXIMUM RESIDUAL MODEL-(CELLID)
 --------------------------------------------------------------------------------------------------------------------------------------
          1          1          1     -0.11739071                     1_GWF-(1,47,5) -8.28132288E-06                    1_GWF-(1,37,34)
          2          1          2  1.21757774E-08                    1_GWF-(1,45,34) -8.04252260E-10                    1_GWF-(1,37,31)
          3          2          1 -8.72016862E-13                    1_GWF-(1,40,18) -5.77072144E-10                    1_GWF-(1,37,31)
 --------------------------------------------------------------------------------------------------------------------------------------


 UBDSV1 SAVING           STO-SS ON UNIT   1030 AT TIME STEP     26, STRESS PERIOD      2
 UBDSV1 SAVING     FLOW-JA-FACE ON UNIT   1030 AT TIME STEP     26, STRESS PERIOD      2
 UBDSV06 SAVING       DATA-SPDIS IN MODEL LOCAL_RUN15      PACKAGE NPF             CONNECTED TO MODEL LOCAL_RUN15      PACKAGE NPF              ON UNIT   1030 AT TIME STEP     26, STRESS PERIOD      2
 UBDSV06 SAVING              GHB IN MODEL LOCAL_RUN15      PACKAGE LOCAL_RUN15     CONNECTED TO MODEL LOCAL_RUN15      PACKAGE GHB_AW           ON UNIT   1030 AT TIME STEP     26, STRESS PERIOD      2
 UBDSV06 SAVING              GHB IN MODEL LOCAL_RUN15      PACKAGE LOCAL_RUN15     CONNECTED TO MODEL LOCAL_RUN15      PACKAGE GHB_CONF         ON UNIT   1030 AT TIME STEP     26, STRESS PERIOD      2
 UBDSV06 SAVING              GHB IN MODEL LOCAL_RUN15      PACKAGE LOCAL_RUN15     CONNECTED TO MODEL LOCAL_RUN15      PACKAGE GHB_PW           ON UNIT   1030 AT TIME STEP     26, STRESS PERIOD      2
 UBDSV06 SAVING              GHB IN MODEL LOCAL_RUN15      PACKAGE LOCAL_RUN15     CONNECTED TO MODEL LOCAL_RUN15      PACKAGE GHB_SP           ON UNIT   1030 AT TIME STEP     26, STRESS PERIOD      2
 UBDSV06 SAVING             RCHA IN MODEL LOCAL_RUN15      PACKAGE LOCAL_RUN15     CONNECTED TO MODEL LOCAL_RUN15      PACKAGE RCH              ON UNIT   1030 AT TIME STEP     26, STRESS PERIOD      2

 HEAD WILL BE SAVED ON UNIT 1031 AT END OF TIME STEP   26, STRESS PERIOD    2

end timestep


start timestep kper="2" kstp="27" mode="normal"


 SLN_1 INNER ITERATION SUMMARY
 --------------------------------------------------------------------------------------------------------------------------------------
      TOTAL      OUTER      INNER                                                            MAXIMUM                                   
  ITERATION  ITERATION  ITERATION  MAXIMUM CHANGE      MAXIMUM CHANGE MODEL-(CELLID)        RESIDUAL    MAXIMUM RESIDUAL MODEL-(CELLID)
 --------------------------------------------------------------------------------------------------------------------------------------
          1          1          1     -0.11494165                    1_GWF-(1,41,17) -8.01641545E-06                    1_GWF-(1,37,34)
          2          1          2  1.18452570E-08                    1_GWF-(1,45,34) -8.03745485E-10                    1_GWF-(1,37,31)
          3          2          1 -8.73763350E-13                    1_GWF-(1,40,18) -5.75166223E-10                    1_GWF-(1,37,31)
 --------------------------------------------------------------------------------------------------------------------------------------


 UBDSV1 SAVING           STO-SS ON UNIT   1030 AT TIME STEP     27, STRESS PERIOD      2
 UBDSV1 SAVING     FLOW-JA-FACE ON UNIT   1030 AT TIME STEP     27, STRESS PERIOD      2
 UBDSV06 SAVING       DATA-SPDIS IN MODEL LOCAL_RUN15      PACKAGE NPF             CONNECTED TO MODEL LOCAL_RUN15      PACKAGE NPF              ON UNIT   1030 AT TIME STEP     27, STRESS PERIOD      2
 UBDSV06 SAVING              GHB IN MODEL LOCAL_RUN15      PACKAGE LOCAL_RUN15     CONNECTED TO MODEL LOCAL_RUN15      PACKAGE GHB_AW           ON UNIT   1030 AT TIME STEP     27, STRESS PERIOD      2
 UBDSV06 SAVING              GHB IN MODEL LOCAL_RUN15      PACKAGE LOCAL_RUN15     CONNECTED TO MODEL LOCAL_RUN15      PACKAGE GHB_CONF         ON UNIT   1030 AT TIME STEP     27, STRESS PERIOD      2
 UBDSV06 SAVING              GHB IN MODEL LOCAL_RUN15      PACKAGE LOCAL_RUN15     CONNECTED TO MODEL LOCAL_RUN15      PACKAGE GHB_PW           ON UNIT   1030 AT TIME STEP     27, STRESS PERIOD      2
 UBDSV06 SAVING              GHB IN MODEL LOCAL_RUN15      PACKAGE LOCAL_RUN15     CONNECTED TO MODEL LOCAL_RUN15      PACKAGE GHB_SP           ON UNIT   1030 AT TIME STEP     27, STRESS PERIOD      2
 UBDSV06 SAVING             RCHA IN MODEL LOCAL_RUN15      PACKAGE LOCAL_RUN15     CONNECTED TO MODEL LOCAL_RUN15      PACKAGE RCH              ON UNIT   1030 AT TIME STEP     27, STRESS PERIOD      2

 HEAD WILL BE SAVED ON UNIT 1031 AT END OF TIME STEP   27, STRESS PERIOD    2

end timestep


start timestep kper="2" kstp="28" mode="normal"


 SLN_1 INNER ITERATION SUMMARY
 --------------------------------------------------------------------------------------------------------------------------------------
      TOTAL      OUTER      INNER                                                            MAXIMUM                                   
  ITERATION  ITERATION  ITERATION  MAXIMUM CHANGE      MAXIMUM CHANGE MODEL-(CELLID)        RESIDUAL    MAXIMUM RESIDUAL MODEL-(CELLID)
 --------------------------------------------------------------------------------------------------------------------------------------
          1          1          1     -0.11238217                    1_GWF-(1,41,17) -7.76336700E-06                    1_GWF-(1,37,34)
          2          1          2  1.15246540E-08                    1_GWF-(1,45,34) -8.03252369E-10                    1_GWF-(1,37,31)
          3          2          1 -8.75950286E-13                    1_GWF-(1,40,18) -5.72607380E-10                    1_GWF-(1,37,31)
 --------------------------------------------------------------------------------------------------------------------------------------


 UBDSV1 SAVING           STO-SS ON UNIT   1030 AT TIME STEP     28, STRESS PERIOD      2
 UBDSV1 SAVING     FLOW-JA-FACE ON UNIT   1030 AT TIME STEP     28, STRESS PERIOD      2
 UBDSV06 SAVING       DATA-SPDIS IN MODEL LOCAL_RUN15      PACKAGE NPF             CONNECTED TO MODEL LOCAL_RUN15      PACKAGE NPF              ON UNIT   1030 AT TIME STEP     28, STRESS PERIOD      2
 UBDSV06 SAVING              GHB IN MODEL LOCAL_RUN15      PACKAGE LOCAL_RUN15     CONNECTED TO MODEL LOCAL_RUN15      PACKAGE GHB_AW           ON UNIT   1030 AT TIME STEP     28, STRESS PERIOD      2
 UBDSV06 SAVING              GHB IN MODEL LOCAL_RUN15      PACKAGE LOCAL_RUN15     CONNECTED TO MODEL LOCAL_RUN15      PACKAGE GHB_CONF         ON UNIT   1030 AT TIME STEP     28, STRESS PERIOD      2
 UBDSV06 SAVING              GHB IN MODEL LOCAL_RUN15      PACKAGE LOCAL_RUN15     CONNECTED TO MODEL LOCAL_RUN15      PACKAGE GHB_PW           ON UNIT   1030 AT TIME STEP     28, STRESS PERIOD      2
 UBDSV06 SAVING              GHB IN MODEL LOCAL_RUN15      PACKAGE LOCAL_RUN15     CONNECTED TO MODEL LOCAL_RUN15      PACKAGE GHB_SP           ON UNIT   1030 AT TIME STEP     28, STRESS PERIOD      2
 UBDSV06 SAVING             RCHA IN MODEL LOCAL_RUN15      PACKAGE LOCAL_RUN15     CONNECTED TO MODEL LOCAL_RUN15      PACKAGE RCH              ON UNIT   1030 AT TIME STEP     28, STRESS PERIOD      2

 HEAD WILL BE SAVED ON UNIT 1031 AT END OF TIME STEP   28, STRESS PERIOD    2

end timestep


start timestep kper="2" kstp="29" mode="normal"


 SLN_1 INNER ITERATION SUMMARY
 --------------------------------------------------------------------------------------------------------------------------------------
      TOTAL      OUTER      INNER                                                            MAXIMUM                                   
  ITERATION  ITERATION  ITERATION  MAXIMUM CHANGE      MAXIMUM CHANGE MODEL-(CELLID)        RESIDUAL    MAXIMUM RESIDUAL MODEL-(CELLID)
 --------------------------------------------------------------------------------------------------------------------------------------
          1          1          1     -0.10968508                    1_GWF-(1,41,17) -7.52193607E-06                    1_GWF-(1,37,34)
          2          1          2  1.12142980E-08                    1_GWF-(1,45,34) -8.02724875E-10                    1_GWF-(1,37,31)
          3          2          1 -8.78281136E-13                    1_GWF-(1,40,18) -5.70095884E-10                    1_GWF-(1,37,31)
 --------------------------------------------------------------------------------------------------------------------------------------


 UBDSV1 SAVING           STO-SS ON UNIT   1030 AT TIME STEP     29, STRESS PERIOD      2
 UBDSV1 SAVING     FLOW-JA-FACE ON UNIT   1030 AT TIME STEP     29, STRESS PERIOD      2
 UBDSV06 SAVING       DATA-SPDIS IN MODEL LOCAL_RUN15      PACKAGE NPF             CONNECTED TO MODEL LOCAL_RUN15      PACKAGE NPF              ON UNIT   1030 AT TIME STEP     29, STRESS PERIOD      2
 UBDSV06 SAVING              GHB IN MODEL LOCAL_RUN15      PACKAGE LOCAL_RUN15     CONNECTED TO MODEL LOCAL_RUN15      PACKAGE GHB_AW           ON UNIT   1030 AT TIME STEP     29, STRESS PERIOD      2
 UBDSV06 SAVING              GHB IN MODEL LOCAL_RUN15      PACKAGE LOCAL_RUN15     CONNECTED TO MODEL LOCAL_RUN15      PACKAGE GHB_CONF         ON UNIT   1030 AT TIME STEP     29, STRESS PERIOD      2
 UBDSV06 SAVING              GHB IN MODEL LOCAL_RUN15      PACKAGE LOCAL_RUN15     CONNECTED TO MODEL LOCAL_RUN15      PACKAGE GHB_PW           ON UNIT   1030 AT TIME STEP     29, STRESS PERIOD      2
 UBDSV06 SAVING              GHB IN MODEL LOCAL_RUN15      PACKAGE LOCAL_RUN15     CONNECTED TO MODEL LOCAL_RUN15      PACKAGE GHB_SP           ON UNIT   1030 AT TIME STEP     29, STRESS PERIOD      2
 UBDSV06 SAVING             RCHA IN MODEL LOCAL_RUN15      PACKAGE LOCAL_RUN15     CONNECTED TO MODEL LOCAL_RUN15      PACKAGE RCH              ON UNIT   1030 AT TIME STEP     29, STRESS PERIOD      2

 HEAD WILL BE SAVED ON UNIT 1031 AT END OF TIME STEP   29, STRESS PERIOD    2

end timestep


start timestep kper="2" kstp="30" mode="normal"


 SLN_1 INNER ITERATION SUMMARY
 --------------------------------------------------------------------------------------------------------------------------------------
      TOTAL      OUTER      INNER                                                            MAXIMUM                                   
  ITERATION  ITERATION  ITERATION  MAXIMUM CHANGE      MAXIMUM CHANGE MODEL-(CELLID)        RESIDUAL    MAXIMUM RESIDUAL MODEL-(CELLID)
 --------------------------------------------------------------------------------------------------------------------------------------
          1          1          1     -0.10688682                    1_GWF-(1,41,17) -7.29171688E-06                    1_GWF-(1,37,34)
          2          1          2  1.09143227E-08                    1_GWF-(1,45,34) -8.02117913E-10                    1_GWF-(1,37,31)
          3          2          1 -8.80135578E-13                    1_GWF-(1,40,18) -5.69004423E-10                    1_GWF-(1,37,31)
 --------------------------------------------------------------------------------------------------------------------------------------


 UBDSV1 SAVING           STO-SS ON UNIT   1030 AT TIME STEP     30, STRESS PERIOD      2
 UBDSV1 SAVING     FLOW-JA-FACE ON UNIT   1030 AT TIME STEP     30, STRESS PERIOD      2
 UBDSV06 SAVING       DATA-SPDIS IN MODEL LOCAL_RUN15      PACKAGE NPF             CONNECTED TO MODEL LOCAL_RUN15      PACKAGE NPF              ON UNIT   1030 AT TIME STEP     30, STRESS PERIOD      2
 UBDSV06 SAVING              GHB IN MODEL LOCAL_RUN15      PACKAGE LOCAL_RUN15     CONNECTED TO MODEL LOCAL_RUN15      PACKAGE GHB_AW           ON UNIT   1030 AT TIME STEP     30, STRESS PERIOD      2
 UBDSV06 SAVING              GHB IN MODEL LOCAL_RUN15      PACKAGE LOCAL_RUN15     CONNECTED TO MODEL LOCAL_RUN15      PACKAGE GHB_CONF         ON UNIT   1030 AT TIME STEP     30, STRESS PERIOD      2
 UBDSV06 SAVING              GHB IN MODEL LOCAL_RUN15      PACKAGE LOCAL_RUN15     CONNECTED TO MODEL LOCAL_RUN15      PACKAGE GHB_PW           ON UNIT   1030 AT TIME STEP     30, STRESS PERIOD      2
 UBDSV06 SAVING              GHB IN MODEL LOCAL_RUN15      PACKAGE LOCAL_RUN15     CONNECTED TO MODEL LOCAL_RUN15      PACKAGE GHB_SP           ON UNIT   1030 AT TIME STEP     30, STRESS PERIOD      2
 UBDSV06 SAVING             RCHA IN MODEL LOCAL_RUN15      PACKAGE LOCAL_RUN15     CONNECTED TO MODEL LOCAL_RUN15      PACKAGE RCH              ON UNIT   1030 AT TIME STEP     30, STRESS PERIOD      2

 HEAD WILL BE SAVED ON UNIT 1031 AT END OF TIME STEP   30, STRESS PERIOD    2

end timestep


start timestep kper="2" kstp="31" mode="normal"


 SLN_1 INNER ITERATION SUMMARY
 --------------------------------------------------------------------------------------------------------------------------------------
      TOTAL      OUTER      INNER                                                            MAXIMUM                                   
  ITERATION  ITERATION  ITERATION  MAXIMUM CHANGE      MAXIMUM CHANGE MODEL-(CELLID)        RESIDUAL    MAXIMUM RESIDUAL MODEL-(CELLID)
 --------------------------------------------------------------------------------------------------------------------------------------
          1          1          1     -0.10401889                    1_GWF-(1,41,17)  7.12288622E-06                    1_GWF-(1,13,46)
          2          1          2  1.06247110E-08                    1_GWF-(1,45,34) -8.01392234E-10                    1_GWF-(1,37,31)
          3          2          1 -8.82632603E-13                    1_GWF-(1,40,18) -5.65910122E-10                    1_GWF-(1,37,31)
 --------------------------------------------------------------------------------------------------------------------------------------


 UBDSV1 SAVING           STO-SS ON UNIT   1030 AT TIME STEP     31, STRESS PERIOD      2
 UBDSV1 SAVING     FLOW-JA-FACE ON UNIT   1030 AT TIME STEP     31, STRESS PERIOD      2
 UBDSV06 SAVING       DATA-SPDIS IN MODEL LOCAL_RUN15      PACKAGE NPF             CONNECTED TO MODEL LOCAL_RUN15      PACKAGE NPF              ON UNIT   1030 AT TIME STEP     31, STRESS PERIOD      2
 UBDSV06 SAVING              GHB IN MODEL LOCAL_RUN15      PACKAGE LOCAL_RUN15     CONNECTED TO MODEL LOCAL_RUN15      PACKAGE GHB_AW           ON UNIT   1030 AT TIME STEP     31, STRESS PERIOD      2
 UBDSV06 SAVING              GHB IN MODEL LOCAL_RUN15      PACKAGE LOCAL_RUN15     CONNECTED TO MODEL LOCAL_RUN15      PACKAGE GHB_CONF         ON UNIT   1030 AT TIME STEP     31, STRESS PERIOD      2
 UBDSV06 SAVING              GHB IN MODEL LOCAL_RUN15      PACKAGE LOCAL_RUN15     CONNECTED TO MODEL LOCAL_RUN15      PACKAGE GHB_PW           ON UNIT   1030 AT TIME STEP     31, STRESS PERIOD      2
 UBDSV06 SAVING              GHB IN MODEL LOCAL_RUN15      PACKAGE LOCAL_RUN15     CONNECTED TO MODEL LOCAL_RUN15      PACKAGE GHB_SP           ON UNIT   1030 AT TIME STEP     31, STRESS PERIOD      2
 UBDSV06 SAVING             RCHA IN MODEL LOCAL_RUN15      PACKAGE LOCAL_RUN15     CONNECTED TO MODEL LOCAL_RUN15      PACKAGE RCH              ON UNIT   1030 AT TIME STEP     31, STRESS PERIOD      2

 HEAD WILL BE SAVED ON UNIT 1031 AT END OF TIME STEP   31, STRESS PERIOD    2

end timestep


start timestep kper="2" kstp="32" mode="normal"


 SLN_1 INNER ITERATION SUMMARY
 --------------------------------------------------------------------------------------------------------------------------------------
      TOTAL      OUTER      INNER                                                            MAXIMUM                                   
  ITERATION  ITERATION  ITERATION  MAXIMUM CHANGE      MAXIMUM CHANGE MODEL-(CELLID)        RESIDUAL    MAXIMUM RESIDUAL MODEL-(CELLID)
 --------------------------------------------------------------------------------------------------------------------------------------
          1          1          1     -0.10110836                    1_GWF-(1,41,17)  6.97554467E-06                    1_GWF-(1,13,46)
          2          1          2  1.03453488E-08                    1_GWF-(1,45,34) -8.00514026E-10                    1_GWF-(1,37,31)
          3          2          1 -8.83791333E-13                    1_GWF-(1,40,18) -5.63772784E-10                    1_GWF-(1,37,31)
 --------------------------------------------------------------------------------------------------------------------------------------


 UBDSV1 SAVING           STO-SS ON UNIT   1030 AT TIME STEP     32, STRESS PERIOD      2
 UBDSV1 SAVING     FLOW-JA-FACE ON UNIT   1030 AT TIME STEP     32, STRESS PERIOD      2
 UBDSV06 SAVING       DATA-SPDIS IN MODEL LOCAL_RUN15      PACKAGE NPF             CONNECTED TO MODEL LOCAL_RUN15      PACKAGE NPF              ON UNIT   1030 AT TIME STEP     32, STRESS PERIOD      2
 UBDSV06 SAVING              GHB IN MODEL LOCAL_RUN15      PACKAGE LOCAL_RUN15     CONNECTED TO MODEL LOCAL_RUN15      PACKAGE GHB_AW           ON UNIT   1030 AT TIME STEP     32, STRESS PERIOD      2
 UBDSV06 SAVING              GHB IN MODEL LOCAL_RUN15      PACKAGE LOCAL_RUN15     CONNECTED TO MODEL LOCAL_RUN15      PACKAGE GHB_CONF         ON UNIT   1030 AT TIME STEP     32, STRESS PERIOD      2
 UBDSV06 SAVING              GHB IN MODEL LOCAL_RUN15      PACKAGE LOCAL_RUN15     CONNECTED TO MODEL LOCAL_RUN15      PACKAGE GHB_PW           ON UNIT   1030 AT TIME STEP     32, STRESS PERIOD      2
 UBDSV06 SAVING              GHB IN MODEL LOCAL_RUN15      PACKAGE LOCAL_RUN15     CONNECTED TO MODEL LOCAL_RUN15      PACKAGE GHB_SP           ON UNIT   1030 AT TIME STEP     32, STRESS PERIOD      2
 UBDSV06 SAVING             RCHA IN MODEL LOCAL_RUN15      PACKAGE LOCAL_RUN15     CONNECTED TO MODEL LOCAL_RUN15      PACKAGE RCH              ON UNIT   1030 AT TIME STEP     32, STRESS PERIOD      2

 HEAD WILL BE SAVED ON UNIT 1031 AT END OF TIME STEP   32, STRESS PERIOD    2

end timestep


start timestep kper="2" kstp="33" mode="normal"


 SLN_1 INNER ITERATION SUMMARY
 --------------------------------------------------------------------------------------------------------------------------------------
      TOTAL      OUTER      INNER                                                            MAXIMUM                                   
  ITERATION  ITERATION  ITERATION  MAXIMUM CHANGE      MAXIMUM CHANGE MODEL-(CELLID)        RESIDUAL    MAXIMUM RESIDUAL MODEL-(CELLID)
 --------------------------------------------------------------------------------------------------------------------------------------
          1          1          1 -9.81783665E-02                    1_GWF-(1,41,17)  6.82971604E-06                    1_GWF-(1,13,46)
 --------------------------------------------------------------------------------------------------------------------------------------


 UBDSV1 SAVING           STO-SS ON UNIT   1030 AT TIME STEP     33, STRESS PERIOD      2
 UBDSV1 SAVING     FLOW-JA-FACE ON UNIT   1030 AT TIME STEP     33, STRESS PERIOD      2
 UBDSV06 SAVING       DATA-SPDIS IN MODEL LOCAL_RUN15      PACKAGE NPF             CONNECTED TO MODEL LOCAL_RUN15      PACKAGE NPF              ON UNIT   1030 AT TIME STEP     33, STRESS PERIOD      2
 UBDSV06 SAVING              GHB IN MODEL LOCAL_RUN15      PACKAGE LOCAL_RUN15     CONNECTED TO MODEL LOCAL_RUN15      PACKAGE GHB_AW           ON UNIT   1030 AT TIME STEP     33, STRESS PERIOD      2
 UBDSV06 SAVING              GHB IN MODEL LOCAL_RUN15      PACKAGE LOCAL_RUN15     CONNECTED TO MODEL LOCAL_RUN15      PACKAGE GHB_CONF         ON UNIT   1030 AT TIME STEP     33, STRESS PERIOD      2
 UBDSV06 SAVING              GHB IN MODEL LOCAL_RUN15      PACKAGE LOCAL_RUN15     CONNECTED TO MODEL LOCAL_RUN15      PACKAGE GHB_PW           ON UNIT   1030 AT TIME STEP     33, STRESS PERIOD      2
 UBDSV06 SAVING              GHB IN MODEL LOCAL_RUN15      PACKAGE LOCAL_RUN15     CONNECTED TO MODEL LOCAL_RUN15      PACKAGE GHB_SP           ON UNIT   1030 AT TIME STEP     33, STRESS PERIOD      2
 UBDSV06 SAVING             RCHA IN MODEL LOCAL_RUN15      PACKAGE LOCAL_RUN15     CONNECTED TO MODEL LOCAL_RUN15      PACKAGE RCH              ON UNIT   1030 AT TIME STEP     33, STRESS PERIOD      2

 HEAD WILL BE SAVED ON UNIT 1031 AT END OF TIME STEP   33, STRESS PERIOD    2

end timestep


start timestep kper="2" kstp="34" mode="normal"


 SLN_1 INNER ITERATION SUMMARY
 --------------------------------------------------------------------------------------------------------------------------------------
      TOTAL      OUTER      INNER                                                            MAXIMUM                                   
  ITERATION  ITERATION  ITERATION  MAXIMUM CHANGE      MAXIMUM CHANGE MODEL-(CELLID)        RESIDUAL    MAXIMUM RESIDUAL MODEL-(CELLID)
 --------------------------------------------------------------------------------------------------------------------------------------
          1          1          1 -9.52484764E-02                    1_GWF-(1,41,17)  6.68583983E-06                    1_GWF-(1,13,46)
 --------------------------------------------------------------------------------------------------------------------------------------


 UBDSV1 SAVING           STO-SS ON UNIT   1030 AT TIME STEP     34, STRESS PERIOD      2
 UBDSV1 SAVING     FLOW-JA-FACE ON UNIT   1030 AT TIME STEP     34, STRESS PERIOD      2
 UBDSV06 SAVING       DATA-SPDIS IN MODEL LOCAL_RUN15      PACKAGE NPF             CONNECTED TO MODEL LOCAL_RUN15      PACKAGE NPF              ON UNIT   1030 AT TIME STEP     34, STRESS PERIOD      2
 UBDSV06 SAVING              GHB IN MODEL LOCAL_RUN15      PACKAGE LOCAL_RUN15     CONNECTED TO MODEL LOCAL_RUN15      PACKAGE GHB_AW           ON UNIT   1030 AT TIME STEP     34, STRESS PERIOD      2
 UBDSV06 SAVING              GHB IN MODEL LOCAL_RUN15      PACKAGE LOCAL_RUN15     CONNECTED TO MODEL LOCAL_RUN15      PACKAGE GHB_CONF         ON UNIT   1030 AT TIME STEP     34, STRESS PERIOD      2
 UBDSV06 SAVING              GHB IN MODEL LOCAL_RUN15      PACKAGE LOCAL_RUN15     CONNECTED TO MODEL LOCAL_RUN15      PACKAGE GHB_PW           ON UNIT   1030 AT TIME STEP     34, STRESS PERIOD      2
 UBDSV06 SAVING              GHB IN MODEL LOCAL_RUN15      PACKAGE LOCAL_RUN15     CONNECTED TO MODEL LOCAL_RUN15      PACKAGE GHB_SP           ON UNIT   1030 AT TIME STEP     34, STRESS PERIOD      2
 UBDSV06 SAVING             RCHA IN MODEL LOCAL_RUN15      PACKAGE LOCAL_RUN15     CONNECTED TO MODEL LOCAL_RUN15      PACKAGE RCH              ON UNIT   1030 AT TIME STEP     34, STRESS PERIOD      2

 HEAD WILL BE SAVED ON UNIT 1031 AT END OF TIME STEP   34, STRESS PERIOD    2

end timestep


start timestep kper="2" kstp="35" mode="normal"


 SLN_1 INNER ITERATION SUMMARY
 --------------------------------------------------------------------------------------------------------------------------------------
      TOTAL      OUTER      INNER                                                            MAXIMUM                                   
  ITERATION  ITERATION  ITERATION  MAXIMUM CHANGE      MAXIMUM CHANGE MODEL-(CELLID)        RESIDUAL    MAXIMUM RESIDUAL MODEL-(CELLID)
 --------------------------------------------------------------------------------------------------------------------------------------
          1          1          1 -9.30253695E-02                    1_GWF-(1,11,47)  6.54425500E-06                    1_GWF-(1,13,46)
 --------------------------------------------------------------------------------------------------------------------------------------


 UBDSV1 SAVING           STO-SS ON UNIT   1030 AT TIME STEP     35, STRESS PERIOD      2
 UBDSV1 SAVING     FLOW-JA-FACE ON UNIT   1030 AT TIME STEP     35, STRESS PERIOD      2
 UBDSV06 SAVING       DATA-SPDIS IN MODEL LOCAL_RUN15      PACKAGE NPF             CONNECTED TO MODEL LOCAL_RUN15      PACKAGE NPF              ON UNIT   1030 AT TIME STEP     35, STRESS PERIOD      2
 UBDSV06 SAVING              GHB IN MODEL LOCAL_RUN15      PACKAGE LOCAL_RUN15     CONNECTED TO MODEL LOCAL_RUN15      PACKAGE GHB_AW           ON UNIT   1030 AT TIME STEP     35, STRESS PERIOD      2
 UBDSV06 SAVING              GHB IN MODEL LOCAL_RUN15      PACKAGE LOCAL_RUN15     CONNECTED TO MODEL LOCAL_RUN15      PACKAGE GHB_CONF         ON UNIT   1030 AT TIME STEP     35, STRESS PERIOD      2
 UBDSV06 SAVING              GHB IN MODEL LOCAL_RUN15      PACKAGE LOCAL_RUN15     CONNECTED TO MODEL LOCAL_RUN15      PACKAGE GHB_PW           ON UNIT   1030 AT TIME STEP     35, STRESS PERIOD      2
 UBDSV06 SAVING              GHB IN MODEL LOCAL_RUN15      PACKAGE LOCAL_RUN15     CONNECTED TO MODEL LOCAL_RUN15      PACKAGE GHB_SP           ON UNIT   1030 AT TIME STEP     35, STRESS PERIOD      2
 UBDSV06 SAVING             RCHA IN MODEL LOCAL_RUN15      PACKAGE LOCAL_RUN15     CONNECTED TO MODEL LOCAL_RUN15      PACKAGE RCH              ON UNIT   1030 AT TIME STEP     35, STRESS PERIOD      2

 HEAD WILL BE SAVED ON UNIT 1031 AT END OF TIME STEP   35, STRESS PERIOD    2

end timestep


start timestep kper="2" kstp="36" mode="normal"


 SLN_1 INNER ITERATION SUMMARY
 --------------------------------------------------------------------------------------------------------------------------------------
      TOTAL      OUTER      INNER                                                            MAXIMUM                                   
  ITERATION  ITERATION  ITERATION  MAXIMUM CHANGE      MAXIMUM CHANGE MODEL-(CELLID)        RESIDUAL    MAXIMUM RESIDUAL MODEL-(CELLID)
 --------------------------------------------------------------------------------------------------------------------------------------
          1          1          1 -9.11878176E-02                    1_GWF-(1,11,47)  6.40521897E-06                    1_GWF-(1,13,46)
 --------------------------------------------------------------------------------------------------------------------------------------


 UBDSV1 SAVING           STO-SS ON UNIT   1030 AT TIME STEP     36, STRESS PERIOD      2
 UBDSV1 SAVING     FLOW-JA-FACE ON UNIT   1030 AT TIME STEP     36, STRESS PERIOD      2
 UBDSV06 SAVING       DATA-SPDIS IN MODEL LOCAL_RUN15      PACKAGE NPF             CONNECTED TO MODEL LOCAL_RUN15      PACKAGE NPF              ON UNIT   1030 AT TIME STEP     36, STRESS PERIOD      2
 UBDSV06 SAVING              GHB IN MODEL LOCAL_RUN15      PACKAGE LOCAL_RUN15     CONNECTED TO MODEL LOCAL_RUN15      PACKAGE GHB_AW           ON UNIT   1030 AT TIME STEP     36, STRESS PERIOD      2
 UBDSV06 SAVING              GHB IN MODEL LOCAL_RUN15      PACKAGE LOCAL_RUN15     CONNECTED TO MODEL LOCAL_RUN15      PACKAGE GHB_CONF         ON UNIT   1030 AT TIME STEP     36, STRESS PERIOD      2
 UBDSV06 SAVING              GHB IN MODEL LOCAL_RUN15      PACKAGE LOCAL_RUN15     CONNECTED TO MODEL LOCAL_RUN15      PACKAGE GHB_PW           ON UNIT   1030 AT TIME STEP     36, STRESS PERIOD      2
 UBDSV06 SAVING              GHB IN MODEL LOCAL_RUN15      PACKAGE LOCAL_RUN15     CONNECTED TO MODEL LOCAL_RUN15      PACKAGE GHB_SP           ON UNIT   1030 AT TIME STEP     36, STRESS PERIOD      2
 UBDSV06 SAVING             RCHA IN MODEL LOCAL_RUN15      PACKAGE LOCAL_RUN15     CONNECTED TO MODEL LOCAL_RUN15      PACKAGE RCH              ON UNIT   1030 AT TIME STEP     36, STRESS PERIOD      2

 HEAD WILL BE SAVED ON UNIT 1031 AT END OF TIME STEP   36, STRESS PERIOD    2

end timestep


start timestep kper="2" kstp="37" mode="normal"


 SLN_1 INNER ITERATION SUMMARY
 --------------------------------------------------------------------------------------------------------------------------------------
      TOTAL      OUTER      INNER                                                            MAXIMUM                                   
  ITERATION  ITERATION  ITERATION  MAXIMUM CHANGE      MAXIMUM CHANGE MODEL-(CELLID)        RESIDUAL    MAXIMUM RESIDUAL MODEL-(CELLID)
 --------------------------------------------------------------------------------------------------------------------------------------
          1          1          1 -8.95009305E-02                    1_GWF-(1,10,47)  6.26892263E-06                    1_GWF-(1,13,46)
 --------------------------------------------------------------------------------------------------------------------------------------


 UBDSV1 SAVING           STO-SS ON UNIT   1030 AT TIME STEP     37, STRESS PERIOD      2
 UBDSV1 SAVING     FLOW-JA-FACE ON UNIT   1030 AT TIME STEP     37, STRESS PERIOD      2
 UBDSV06 SAVING       DATA-SPDIS IN MODEL LOCAL_RUN15      PACKAGE NPF             CONNECTED TO MODEL LOCAL_RUN15      PACKAGE NPF              ON UNIT   1030 AT TIME STEP     37, STRESS PERIOD      2
 UBDSV06 SAVING              GHB IN MODEL LOCAL_RUN15      PACKAGE LOCAL_RUN15     CONNECTED TO MODEL LOCAL_RUN15      PACKAGE GHB_AW           ON UNIT   1030 AT TIME STEP     37, STRESS PERIOD      2
 UBDSV06 SAVING              GHB IN MODEL LOCAL_RUN15      PACKAGE LOCAL_RUN15     CONNECTED TO MODEL LOCAL_RUN15      PACKAGE GHB_CONF         ON UNIT   1030 AT TIME STEP     37, STRESS PERIOD      2
 UBDSV06 SAVING              GHB IN MODEL LOCAL_RUN15      PACKAGE LOCAL_RUN15     CONNECTED TO MODEL LOCAL_RUN15      PACKAGE GHB_PW           ON UNIT   1030 AT TIME STEP     37, STRESS PERIOD      2
 UBDSV06 SAVING              GHB IN MODEL LOCAL_RUN15      PACKAGE LOCAL_RUN15     CONNECTED TO MODEL LOCAL_RUN15      PACKAGE GHB_SP           ON UNIT   1030 AT TIME STEP     37, STRESS PERIOD      2
 UBDSV06 SAVING             RCHA IN MODEL LOCAL_RUN15      PACKAGE LOCAL_RUN15     CONNECTED TO MODEL LOCAL_RUN15      PACKAGE RCH              ON UNIT   1030 AT TIME STEP     37, STRESS PERIOD      2

 HEAD WILL BE SAVED ON UNIT 1031 AT END OF TIME STEP   37, STRESS PERIOD    2

end timestep


start timestep kper="2" kstp="38" mode="normal"


 SLN_1 INNER ITERATION SUMMARY
 --------------------------------------------------------------------------------------------------------------------------------------
      TOTAL      OUTER      INNER                                                            MAXIMUM                                   
  ITERATION  ITERATION  ITERATION  MAXIMUM CHANGE      MAXIMUM CHANGE MODEL-(CELLID)        RESIDUAL    MAXIMUM RESIDUAL MODEL-(CELLID)
 --------------------------------------------------------------------------------------------------------------------------------------
          1          1          1 -8.79914939E-02                    1_GWF-(1,10,47)  6.13550275E-06                    1_GWF-(1,13,46)
 --------------------------------------------------------------------------------------------------------------------------------------


 UBDSV1 SAVING           STO-SS ON UNIT   1030 AT TIME STEP     38, STRESS PERIOD      2
 UBDSV1 SAVING     FLOW-JA-FACE ON UNIT   1030 AT TIME STEP     38, STRESS PERIOD      2
 UBDSV06 SAVING       DATA-SPDIS IN MODEL LOCAL_RUN15      PACKAGE NPF             CONNECTED TO MODEL LOCAL_RUN15      PACKAGE NPF              ON UNIT   1030 AT TIME STEP     38, STRESS PERIOD      2
 UBDSV06 SAVING              GHB IN MODEL LOCAL_RUN15      PACKAGE LOCAL_RUN15     CONNECTED TO MODEL LOCAL_RUN15      PACKAGE GHB_AW           ON UNIT   1030 AT TIME STEP     38, STRESS PERIOD      2
 UBDSV06 SAVING              GHB IN MODEL LOCAL_RUN15      PACKAGE LOCAL_RUN15     CONNECTED TO MODEL LOCAL_RUN15      PACKAGE GHB_CONF         ON UNIT   1030 AT TIME STEP     38, STRESS PERIOD      2
 UBDSV06 SAVING              GHB IN MODEL LOCAL_RUN15      PACKAGE LOCAL_RUN15     CONNECTED TO MODEL LOCAL_RUN15      PACKAGE GHB_PW           ON UNIT   1030 AT TIME STEP     38, STRESS PERIOD      2
 UBDSV06 SAVING              GHB IN MODEL LOCAL_RUN15      PACKAGE LOCAL_RUN15     CONNECTED TO MODEL LOCAL_RUN15      PACKAGE GHB_SP           ON UNIT   1030 AT TIME STEP     38, STRESS PERIOD      2
 UBDSV06 SAVING             RCHA IN MODEL LOCAL_RUN15      PACKAGE LOCAL_RUN15     CONNECTED TO MODEL LOCAL_RUN15      PACKAGE RCH              ON UNIT   1030 AT TIME STEP     38, STRESS PERIOD      2

 HEAD WILL BE SAVED ON UNIT 1031 AT END OF TIME STEP   38, STRESS PERIOD    2

end timestep


start timestep kper="2" kstp="39" mode="normal"


 SLN_1 INNER ITERATION SUMMARY
 --------------------------------------------------------------------------------------------------------------------------------------
      TOTAL      OUTER      INNER                                                            MAXIMUM                                   
  ITERATION  ITERATION  ITERATION  MAXIMUM CHANGE      MAXIMUM CHANGE MODEL-(CELLID)        RESIDUAL    MAXIMUM RESIDUAL MODEL-(CELLID)
 --------------------------------------------------------------------------------------------------------------------------------------
          1          1          1 -8.64935290E-02                    1_GWF-(1,10,47)  6.00505223E-06                    1_GWF-(1,13,46)
 --------------------------------------------------------------------------------------------------------------------------------------


 UBDSV1 SAVING           STO-SS ON UNIT   1030 AT TIME STEP     39, STRESS PERIOD      2
 UBDSV1 SAVING     FLOW-JA-FACE ON UNIT   1030 AT TIME STEP     39, STRESS PERIOD      2
 UBDSV06 SAVING       DATA-SPDIS IN MODEL LOCAL_RUN15      PACKAGE NPF             CONNECTED TO MODEL LOCAL_RUN15      PACKAGE NPF              ON UNIT   1030 AT TIME STEP     39, STRESS PERIOD      2
 UBDSV06 SAVING              GHB IN MODEL LOCAL_RUN15      PACKAGE LOCAL_RUN15     CONNECTED TO MODEL LOCAL_RUN15      PACKAGE GHB_AW           ON UNIT   1030 AT TIME STEP     39, STRESS PERIOD      2
 UBDSV06 SAVING              GHB IN MODEL LOCAL_RUN15      PACKAGE LOCAL_RUN15     CONNECTED TO MODEL LOCAL_RUN15      PACKAGE GHB_CONF         ON UNIT   1030 AT TIME STEP     39, STRESS PERIOD      2
 UBDSV06 SAVING              GHB IN MODEL LOCAL_RUN15      PACKAGE LOCAL_RUN15     CONNECTED TO MODEL LOCAL_RUN15      PACKAGE GHB_PW           ON UNIT   1030 AT TIME STEP     39, STRESS PERIOD      2
 UBDSV06 SAVING              GHB IN MODEL LOCAL_RUN15      PACKAGE LOCAL_RUN15     CONNECTED TO MODEL LOCAL_RUN15      PACKAGE GHB_SP           ON UNIT   1030 AT TIME STEP     39, STRESS PERIOD      2
 UBDSV06 SAVING             RCHA IN MODEL LOCAL_RUN15      PACKAGE LOCAL_RUN15     CONNECTED TO MODEL LOCAL_RUN15      PACKAGE RCH              ON UNIT   1030 AT TIME STEP     39, STRESS PERIOD      2

 HEAD WILL BE SAVED ON UNIT 1031 AT END OF TIME STEP   39, STRESS PERIOD    2

end timestep


start timestep kper="2" kstp="40" mode="normal"


 SLN_1 INNER ITERATION SUMMARY
 --------------------------------------------------------------------------------------------------------------------------------------
      TOTAL      OUTER      INNER                                                            MAXIMUM                                   
  ITERATION  ITERATION  ITERATION  MAXIMUM CHANGE      MAXIMUM CHANGE MODEL-(CELLID)        RESIDUAL    MAXIMUM RESIDUAL MODEL-(CELLID)
 --------------------------------------------------------------------------------------------------------------------------------------
          1          1          1 -8.50091472E-02                    1_GWF-(1,10,47)  5.87762846E-06                    1_GWF-(1,13,46)
 --------------------------------------------------------------------------------------------------------------------------------------


 UBDSV1 SAVING           STO-SS ON UNIT   1030 AT TIME STEP     40, STRESS PERIOD      2
 UBDSV1 SAVING     FLOW-JA-FACE ON UNIT   1030 AT TIME STEP     40, STRESS PERIOD      2
 UBDSV06 SAVING       DATA-SPDIS IN MODEL LOCAL_RUN15      PACKAGE NPF             CONNECTED TO MODEL LOCAL_RUN15      PACKAGE NPF              ON UNIT   1030 AT TIME STEP     40, STRESS PERIOD      2
 UBDSV06 SAVING              GHB IN MODEL LOCAL_RUN15      PACKAGE LOCAL_RUN15     CONNECTED TO MODEL LOCAL_RUN15      PACKAGE GHB_AW           ON UNIT   1030 AT TIME STEP     40, STRESS PERIOD      2
 UBDSV06 SAVING              GHB IN MODEL LOCAL_RUN15      PACKAGE LOCAL_RUN15     CONNECTED TO MODEL LOCAL_RUN15      PACKAGE GHB_CONF         ON UNIT   1030 AT TIME STEP     40, STRESS PERIOD      2
 UBDSV06 SAVING              GHB IN MODEL LOCAL_RUN15      PACKAGE LOCAL_RUN15     CONNECTED TO MODEL LOCAL_RUN15      PACKAGE GHB_PW           ON UNIT   1030 AT TIME STEP     40, STRESS PERIOD      2
 UBDSV06 SAVING              GHB IN MODEL LOCAL_RUN15      PACKAGE LOCAL_RUN15     CONNECTED TO MODEL LOCAL_RUN15      PACKAGE GHB_SP           ON UNIT   1030 AT TIME STEP     40, STRESS PERIOD      2
 UBDSV06 SAVING             RCHA IN MODEL LOCAL_RUN15      PACKAGE LOCAL_RUN15     CONNECTED TO MODEL LOCAL_RUN15      PACKAGE RCH              ON UNIT   1030 AT TIME STEP     40, STRESS PERIOD      2

 HEAD WILL BE SAVED ON UNIT 1031 AT END OF TIME STEP   40, STRESS PERIOD    2

end timestep


start timestep kper="2" kstp="41" mode="normal"


 SLN_1 INNER ITERATION SUMMARY
 --------------------------------------------------------------------------------------------------------------------------------------
      TOTAL      OUTER      INNER                                                            MAXIMUM                                   
  ITERATION  ITERATION  ITERATION  MAXIMUM CHANGE      MAXIMUM CHANGE MODEL-(CELLID)        RESIDUAL    MAXIMUM RESIDUAL MODEL-(CELLID)
 --------------------------------------------------------------------------------------------------------------------------------------
          1          1          1 -8.35401311E-02                    1_GWF-(1,10,47)  5.75326015E-06                    1_GWF-(1,13,46)
 --------------------------------------------------------------------------------------------------------------------------------------


 UBDSV1 SAVING           STO-SS ON UNIT   1030 AT TIME STEP     41, STRESS PERIOD      2
 UBDSV1 SAVING     FLOW-JA-FACE ON UNIT   1030 AT TIME STEP     41, STRESS PERIOD      2
 UBDSV06 SAVING       DATA-SPDIS IN MODEL LOCAL_RUN15      PACKAGE NPF             CONNECTED TO MODEL LOCAL_RUN15      PACKAGE NPF              ON UNIT   1030 AT TIME STEP     41, STRESS PERIOD      2
 UBDSV06 SAVING              GHB IN MODEL LOCAL_RUN15      PACKAGE LOCAL_RUN15     CONNECTED TO MODEL LOCAL_RUN15      PACKAGE GHB_AW           ON UNIT   1030 AT TIME STEP     41, STRESS PERIOD      2
 UBDSV06 SAVING              GHB IN MODEL LOCAL_RUN15      PACKAGE LOCAL_RUN15     CONNECTED TO MODEL LOCAL_RUN15      PACKAGE GHB_CONF         ON UNIT   1030 AT TIME STEP     41, STRESS PERIOD      2
 UBDSV06 SAVING              GHB IN MODEL LOCAL_RUN15      PACKAGE LOCAL_RUN15     CONNECTED TO MODEL LOCAL_RUN15      PACKAGE GHB_PW           ON UNIT   1030 AT TIME STEP     41, STRESS PERIOD      2
 UBDSV06 SAVING              GHB IN MODEL LOCAL_RUN15      PACKAGE LOCAL_RUN15     CONNECTED TO MODEL LOCAL_RUN15      PACKAGE GHB_SP           ON UNIT   1030 AT TIME STEP     41, STRESS PERIOD      2
 UBDSV06 SAVING             RCHA IN MODEL LOCAL_RUN15      PACKAGE LOCAL_RUN15     CONNECTED TO MODEL LOCAL_RUN15      PACKAGE RCH              ON UNIT   1030 AT TIME STEP     41, STRESS PERIOD      2

 HEAD WILL BE SAVED ON UNIT 1031 AT END OF TIME STEP   41, STRESS PERIOD    2

end timestep


start timestep kper="2" kstp="42" mode="normal"


 SLN_1 INNER ITERATION SUMMARY
 --------------------------------------------------------------------------------------------------------------------------------------
      TOTAL      OUTER      INNER                                                            MAXIMUM                                   
  ITERATION  ITERATION  ITERATION  MAXIMUM CHANGE      MAXIMUM CHANGE MODEL-(CELLID)        RESIDUAL    MAXIMUM RESIDUAL MODEL-(CELLID)
 --------------------------------------------------------------------------------------------------------------------------------------
          1          1          1 -8.20879787E-02                    1_GWF-(1,10,47)  5.63195304E-06                    1_GWF-(1,13,46)
 --------------------------------------------------------------------------------------------------------------------------------------


 UBDSV1 SAVING           STO-SS ON UNIT   1030 AT TIME STEP     42, STRESS PERIOD      2
 UBDSV1 SAVING     FLOW-JA-FACE ON UNIT   1030 AT TIME STEP     42, STRESS PERIOD      2
 UBDSV06 SAVING       DATA-SPDIS IN MODEL LOCAL_RUN15      PACKAGE NPF             CONNECTED TO MODEL LOCAL_RUN15      PACKAGE NPF              ON UNIT   1030 AT TIME STEP     42, STRESS PERIOD      2
 UBDSV06 SAVING              GHB IN MODEL LOCAL_RUN15      PACKAGE LOCAL_RUN15     CONNECTED TO MODEL LOCAL_RUN15      PACKAGE GHB_AW           ON UNIT   1030 AT TIME STEP     42, STRESS PERIOD      2
 UBDSV06 SAVING              GHB IN MODEL LOCAL_RUN15      PACKAGE LOCAL_RUN15     CONNECTED TO MODEL LOCAL_RUN15      PACKAGE GHB_CONF         ON UNIT   1030 AT TIME STEP     42, STRESS PERIOD      2
 UBDSV06 SAVING              GHB IN MODEL LOCAL_RUN15      PACKAGE LOCAL_RUN15     CONNECTED TO MODEL LOCAL_RUN15      PACKAGE GHB_PW           ON UNIT   1030 AT TIME STEP     42, STRESS PERIOD      2
 UBDSV06 SAVING              GHB IN MODEL LOCAL_RUN15      PACKAGE LOCAL_RUN15     CONNECTED TO MODEL LOCAL_RUN15      PACKAGE GHB_SP           ON UNIT   1030 AT TIME STEP     42, STRESS PERIOD      2
 UBDSV06 SAVING             RCHA IN MODEL LOCAL_RUN15      PACKAGE LOCAL_RUN15     CONNECTED TO MODEL LOCAL_RUN15      PACKAGE RCH              ON UNIT   1030 AT TIME STEP     42, STRESS PERIOD      2

 HEAD WILL BE SAVED ON UNIT 1031 AT END OF TIME STEP   42, STRESS PERIOD    2

end timestep


start timestep kper="2" kstp="43" mode="normal"


 SLN_1 INNER ITERATION SUMMARY
 --------------------------------------------------------------------------------------------------------------------------------------
      TOTAL      OUTER      INNER                                                            MAXIMUM                                   
  ITERATION  ITERATION  ITERATION  MAXIMUM CHANGE      MAXIMUM CHANGE MODEL-(CELLID)        RESIDUAL    MAXIMUM RESIDUAL MODEL-(CELLID)
 --------------------------------------------------------------------------------------------------------------------------------------
          1          1          1 -8.07830422E-02                    1_GWF-(1,10,48)  5.51369441E-06                    1_GWF-(1,13,46)
 --------------------------------------------------------------------------------------------------------------------------------------


 UBDSV1 SAVING           STO-SS ON UNIT   1030 AT TIME STEP     43, STRESS PERIOD      2
 UBDSV1 SAVING     FLOW-JA-FACE ON UNIT   1030 AT TIME STEP     43, STRESS PERIOD      2
 UBDSV06 SAVING       DATA-SPDIS IN MODEL LOCAL_RUN15      PACKAGE NPF             CONNECTED TO MODEL LOCAL_RUN15      PACKAGE NPF              ON UNIT   1030 AT TIME STEP     43, STRESS PERIOD      2
 UBDSV06 SAVING              GHB IN MODEL LOCAL_RUN15      PACKAGE LOCAL_RUN15     CONNECTED TO MODEL LOCAL_RUN15      PACKAGE GHB_AW           ON UNIT   1030 AT TIME STEP     43, STRESS PERIOD      2
 UBDSV06 SAVING              GHB IN MODEL LOCAL_RUN15      PACKAGE LOCAL_RUN15     CONNECTED TO MODEL LOCAL_RUN15      PACKAGE GHB_CONF         ON UNIT   1030 AT TIME STEP     43, STRESS PERIOD      2
 UBDSV06 SAVING              GHB IN MODEL LOCAL_RUN15      PACKAGE LOCAL_RUN15     CONNECTED TO MODEL LOCAL_RUN15      PACKAGE GHB_PW           ON UNIT   1030 AT TIME STEP     43, STRESS PERIOD      2
 UBDSV06 SAVING              GHB IN MODEL LOCAL_RUN15      PACKAGE LOCAL_RUN15     CONNECTED TO MODEL LOCAL_RUN15      PACKAGE GHB_SP           ON UNIT   1030 AT TIME STEP     43, STRESS PERIOD      2
 UBDSV06 SAVING             RCHA IN MODEL LOCAL_RUN15      PACKAGE LOCAL_RUN15     CONNECTED TO MODEL LOCAL_RUN15      PACKAGE RCH              ON UNIT   1030 AT TIME STEP     43, STRESS PERIOD      2

 HEAD WILL BE SAVED ON UNIT 1031 AT END OF TIME STEP   43, STRESS PERIOD    2

end timestep


start timestep kper="2" kstp="44" mode="normal"


 SLN_1 INNER ITERATION SUMMARY
 --------------------------------------------------------------------------------------------------------------------------------------
      TOTAL      OUTER      INNER                                                            MAXIMUM                                   
  ITERATION  ITERATION  ITERATION  MAXIMUM CHANGE      MAXIMUM CHANGE MODEL-(CELLID)        RESIDUAL    MAXIMUM RESIDUAL MODEL-(CELLID)
 --------------------------------------------------------------------------------------------------------------------------------------
          1          1          1 -7.95909928E-02                     1_GWF-(1,9,48)  5.39845697E-06                    1_GWF-(1,13,46)
 --------------------------------------------------------------------------------------------------------------------------------------


 UBDSV1 SAVING           STO-SS ON UNIT   1030 AT TIME STEP     44, STRESS PERIOD      2
 UBDSV1 SAVING     FLOW-JA-FACE ON UNIT   1030 AT TIME STEP     44, STRESS PERIOD      2
 UBDSV06 SAVING       DATA-SPDIS IN MODEL LOCAL_RUN15      PACKAGE NPF             CONNECTED TO MODEL LOCAL_RUN15      PACKAGE NPF              ON UNIT   1030 AT TIME STEP     44, STRESS PERIOD      2
 UBDSV06 SAVING              GHB IN MODEL LOCAL_RUN15      PACKAGE LOCAL_RUN15     CONNECTED TO MODEL LOCAL_RUN15      PACKAGE GHB_AW           ON UNIT   1030 AT TIME STEP     44, STRESS PERIOD      2
 UBDSV06 SAVING              GHB IN MODEL LOCAL_RUN15      PACKAGE LOCAL_RUN15     CONNECTED TO MODEL LOCAL_RUN15      PACKAGE GHB_CONF         ON UNIT   1030 AT TIME STEP     44, STRESS PERIOD      2
 UBDSV06 SAVING              GHB IN MODEL LOCAL_RUN15      PACKAGE LOCAL_RUN15     CONNECTED TO MODEL LOCAL_RUN15      PACKAGE GHB_PW           ON UNIT   1030 AT TIME STEP     44, STRESS PERIOD      2
 UBDSV06 SAVING              GHB IN MODEL LOCAL_RUN15      PACKAGE LOCAL_RUN15     CONNECTED TO MODEL LOCAL_RUN15      PACKAGE GHB_SP           ON UNIT   1030 AT TIME STEP     44, STRESS PERIOD      2
 UBDSV06 SAVING             RCHA IN MODEL LOCAL_RUN15      PACKAGE LOCAL_RUN15     CONNECTED TO MODEL LOCAL_RUN15      PACKAGE RCH              ON UNIT   1030 AT TIME STEP     44, STRESS PERIOD      2

 HEAD WILL BE SAVED ON UNIT 1031 AT END OF TIME STEP   44, STRESS PERIOD    2

end timestep


start timestep kper="2" kstp="45" mode="normal"


 SLN_1 INNER ITERATION SUMMARY
 --------------------------------------------------------------------------------------------------------------------------------------
      TOTAL      OUTER      INNER                                                            MAXIMUM                                   
  ITERATION  ITERATION  ITERATION  MAXIMUM CHANGE      MAXIMUM CHANGE MODEL-(CELLID)        RESIDUAL    MAXIMUM RESIDUAL MODEL-(CELLID)
 --------------------------------------------------------------------------------------------------------------------------------------
          1          1          1 -7.85267183E-02                     1_GWF-(1,9,48)  5.28620189E-06                    1_GWF-(1,13,46)
 --------------------------------------------------------------------------------------------------------------------------------------


 UBDSV1 SAVING           STO-SS ON UNIT   1030 AT TIME STEP     45, STRESS PERIOD      2
 UBDSV1 SAVING     FLOW-JA-FACE ON UNIT   1030 AT TIME STEP     45, STRESS PERIOD      2
 UBDSV06 SAVING       DATA-SPDIS IN MODEL LOCAL_RUN15      PACKAGE NPF             CONNECTED TO MODEL LOCAL_RUN15      PACKAGE NPF              ON UNIT   1030 AT TIME STEP     45, STRESS PERIOD      2
 UBDSV06 SAVING              GHB IN MODEL LOCAL_RUN15      PACKAGE LOCAL_RUN15     CONNECTED TO MODEL LOCAL_RUN15      PACKAGE GHB_AW           ON UNIT   1030 AT TIME STEP     45, STRESS PERIOD      2
 UBDSV06 SAVING              GHB IN MODEL LOCAL_RUN15      PACKAGE LOCAL_RUN15     CONNECTED TO MODEL LOCAL_RUN15      PACKAGE GHB_CONF         ON UNIT   1030 AT TIME STEP     45, STRESS PERIOD      2
 UBDSV06 SAVING              GHB IN MODEL LOCAL_RUN15      PACKAGE LOCAL_RUN15     CONNECTED TO MODEL LOCAL_RUN15      PACKAGE GHB_PW           ON UNIT   1030 AT TIME STEP     45, STRESS PERIOD      2
 UBDSV06 SAVING              GHB IN MODEL LOCAL_RUN15      PACKAGE LOCAL_RUN15     CONNECTED TO MODEL LOCAL_RUN15      PACKAGE GHB_SP           ON UNIT   1030 AT TIME STEP     45, STRESS PERIOD      2
 UBDSV06 SAVING             RCHA IN MODEL LOCAL_RUN15      PACKAGE LOCAL_RUN15     CONNECTED TO MODEL LOCAL_RUN15      PACKAGE RCH              ON UNIT   1030 AT TIME STEP     45, STRESS PERIOD      2

 HEAD WILL BE SAVED ON UNIT 1031 AT END OF TIME STEP   45, STRESS PERIOD    2

end timestep


start timestep kper="2" kstp="46" mode="normal"


 SLN_1 INNER ITERATION SUMMARY
 --------------------------------------------------------------------------------------------------------------------------------------
      TOTAL      OUTER      INNER                                                            MAXIMUM                                   
  ITERATION  ITERATION  ITERATION  MAXIMUM CHANGE      MAXIMUM CHANGE MODEL-(CELLID)        RESIDUAL    MAXIMUM RESIDUAL MODEL-(CELLID)
 --------------------------------------------------------------------------------------------------------------------------------------
          1          1          1 -7.74642394E-02                     1_GWF-(1,9,48)  5.17688137E-06                    1_GWF-(1,13,46)
 --------------------------------------------------------------------------------------------------------------------------------------


 UBDSV1 SAVING           STO-SS ON UNIT   1030 AT TIME STEP     46, STRESS PERIOD      2
 UBDSV1 SAVING     FLOW-JA-FACE ON UNIT   1030 AT TIME STEP     46, STRESS PERIOD      2
 UBDSV06 SAVING       DATA-SPDIS IN MODEL LOCAL_RUN15      PACKAGE NPF             CONNECTED TO MODEL LOCAL_RUN15      PACKAGE NPF              ON UNIT   1030 AT TIME STEP     46, STRESS PERIOD      2
 UBDSV06 SAVING              GHB IN MODEL LOCAL_RUN15      PACKAGE LOCAL_RUN15     CONNECTED TO MODEL LOCAL_RUN15      PACKAGE GHB_AW           ON UNIT   1030 AT TIME STEP     46, STRESS PERIOD      2
 UBDSV06 SAVING              GHB IN MODEL LOCAL_RUN15      PACKAGE LOCAL_RUN15     CONNECTED TO MODEL LOCAL_RUN15      PACKAGE GHB_CONF         ON UNIT   1030 AT TIME STEP     46, STRESS PERIOD      2
 UBDSV06 SAVING              GHB IN MODEL LOCAL_RUN15      PACKAGE LOCAL_RUN15     CONNECTED TO MODEL LOCAL_RUN15      PACKAGE GHB_PW           ON UNIT   1030 AT TIME STEP     46, STRESS PERIOD      2
 UBDSV06 SAVING              GHB IN MODEL LOCAL_RUN15      PACKAGE LOCAL_RUN15     CONNECTED TO MODEL LOCAL_RUN15      PACKAGE GHB_SP           ON UNIT   1030 AT TIME STEP     46, STRESS PERIOD      2
 UBDSV06 SAVING             RCHA IN MODEL LOCAL_RUN15      PACKAGE LOCAL_RUN15     CONNECTED TO MODEL LOCAL_RUN15      PACKAGE RCH              ON UNIT   1030 AT TIME STEP     46, STRESS PERIOD      2

 HEAD WILL BE SAVED ON UNIT 1031 AT END OF TIME STEP   46, STRESS PERIOD    2

end timestep


start timestep kper="2" kstp="47" mode="normal"


 SLN_1 INNER ITERATION SUMMARY
 --------------------------------------------------------------------------------------------------------------------------------------
      TOTAL      OUTER      INNER                                                            MAXIMUM                                   
  ITERATION  ITERATION  ITERATION  MAXIMUM CHANGE      MAXIMUM CHANGE MODEL-(CELLID)        RESIDUAL    MAXIMUM RESIDUAL MODEL-(CELLID)
 --------------------------------------------------------------------------------------------------------------------------------------
          1          1          1 -7.64049205E-02                     1_GWF-(1,9,48)  5.07044075E-06                    1_GWF-(1,13,46)
 --------------------------------------------------------------------------------------------------------------------------------------


 UBDSV1 SAVING           STO-SS ON UNIT   1030 AT TIME STEP     47, STRESS PERIOD      2
 UBDSV1 SAVING     FLOW-JA-FACE ON UNIT   1030 AT TIME STEP     47, STRESS PERIOD      2
 UBDSV06 SAVING       DATA-SPDIS IN MODEL LOCAL_RUN15      PACKAGE NPF             CONNECTED TO MODEL LOCAL_RUN15      PACKAGE NPF              ON UNIT   1030 AT TIME STEP     47, STRESS PERIOD      2
 UBDSV06 SAVING              GHB IN MODEL LOCAL_RUN15      PACKAGE LOCAL_RUN15     CONNECTED TO MODEL LOCAL_RUN15      PACKAGE GHB_AW           ON UNIT   1030 AT TIME STEP     47, STRESS PERIOD      2
 UBDSV06 SAVING              GHB IN MODEL LOCAL_RUN15      PACKAGE LOCAL_RUN15     CONNECTED TO MODEL LOCAL_RUN15      PACKAGE GHB_CONF         ON UNIT   1030 AT TIME STEP     47, STRESS PERIOD      2
 UBDSV06 SAVING              GHB IN MODEL LOCAL_RUN15      PACKAGE LOCAL_RUN15     CONNECTED TO MODEL LOCAL_RUN15      PACKAGE GHB_PW           ON UNIT   1030 AT TIME STEP     47, STRESS PERIOD      2
 UBDSV06 SAVING              GHB IN MODEL LOCAL_RUN15      PACKAGE LOCAL_RUN15     CONNECTED TO MODEL LOCAL_RUN15      PACKAGE GHB_SP           ON UNIT   1030 AT TIME STEP     47, STRESS PERIOD      2
 UBDSV06 SAVING             RCHA IN MODEL LOCAL_RUN15      PACKAGE LOCAL_RUN15     CONNECTED TO MODEL LOCAL_RUN15      PACKAGE RCH              ON UNIT   1030 AT TIME STEP     47, STRESS PERIOD      2

 HEAD WILL BE SAVED ON UNIT 1031 AT END OF TIME STEP   47, STRESS PERIOD    2

end timestep


start timestep kper="2" kstp="48" mode="normal"


 SLN_1 INNER ITERATION SUMMARY
 --------------------------------------------------------------------------------------------------------------------------------------
      TOTAL      OUTER      INNER                                                            MAXIMUM                                   
  ITERATION  ITERATION  ITERATION  MAXIMUM CHANGE      MAXIMUM CHANGE MODEL-(CELLID)        RESIDUAL    MAXIMUM RESIDUAL MODEL-(CELLID)
 --------------------------------------------------------------------------------------------------------------------------------------
          1          1          1 -7.55470189E-02                     1_GWF-(1,8,49)  4.96682017E-06                    1_GWF-(1,13,46)
 --------------------------------------------------------------------------------------------------------------------------------------


 UBDSV1 SAVING           STO-SS ON UNIT   1030 AT TIME STEP     48, STRESS PERIOD      2
 UBDSV1 SAVING     FLOW-JA-FACE ON UNIT   1030 AT TIME STEP     48, STRESS PERIOD      2
 UBDSV06 SAVING       DATA-SPDIS IN MODEL LOCAL_RUN15      PACKAGE NPF             CONNECTED TO MODEL LOCAL_RUN15      PACKAGE NPF              ON UNIT   1030 AT TIME STEP     48, STRESS PERIOD      2
 UBDSV06 SAVING              GHB IN MODEL LOCAL_RUN15      PACKAGE LOCAL_RUN15     CONNECTED TO MODEL LOCAL_RUN15      PACKAGE GHB_AW           ON UNIT   1030 AT TIME STEP     48, STRESS PERIOD      2
 UBDSV06 SAVING              GHB IN MODEL LOCAL_RUN15      PACKAGE LOCAL_RUN15     CONNECTED TO MODEL LOCAL_RUN15      PACKAGE GHB_CONF         ON UNIT   1030 AT TIME STEP     48, STRESS PERIOD      2
 UBDSV06 SAVING              GHB IN MODEL LOCAL_RUN15      PACKAGE LOCAL_RUN15     CONNECTED TO MODEL LOCAL_RUN15      PACKAGE GHB_PW           ON UNIT   1030 AT TIME STEP     48, STRESS PERIOD      2
 UBDSV06 SAVING              GHB IN MODEL LOCAL_RUN15      PACKAGE LOCAL_RUN15     CONNECTED TO MODEL LOCAL_RUN15      PACKAGE GHB_SP           ON UNIT   1030 AT TIME STEP     48, STRESS PERIOD      2
 UBDSV06 SAVING             RCHA IN MODEL LOCAL_RUN15      PACKAGE LOCAL_RUN15     CONNECTED TO MODEL LOCAL_RUN15      PACKAGE RCH              ON UNIT   1030 AT TIME STEP     48, STRESS PERIOD      2

 HEAD WILL BE SAVED ON UNIT 1031 AT END OF TIME STEP   48, STRESS PERIOD    2

end timestep


start timestep kper="2" kstp="49" mode="normal"


 SLN_1 INNER ITERATION SUMMARY
 --------------------------------------------------------------------------------------------------------------------------------------
      TOTAL      OUTER      INNER                                                            MAXIMUM                                   
  ITERATION  ITERATION  ITERATION  MAXIMUM CHANGE      MAXIMUM CHANGE MODEL-(CELLID)        RESIDUAL    MAXIMUM RESIDUAL MODEL-(CELLID)
 --------------------------------------------------------------------------------------------------------------------------------------
          1          1          1 -7.50538224E-02                     1_GWF-(1,6,51)  4.86595599E-06                    1_GWF-(1,13,46)
 --------------------------------------------------------------------------------------------------------------------------------------


 UBDSV1 SAVING           STO-SS ON UNIT   1030 AT TIME STEP     49, STRESS PERIOD      2
 UBDSV1 SAVING     FLOW-JA-FACE ON UNIT   1030 AT TIME STEP     49, STRESS PERIOD      2
 UBDSV06 SAVING       DATA-SPDIS IN MODEL LOCAL_RUN15      PACKAGE NPF             CONNECTED TO MODEL LOCAL_RUN15      PACKAGE NPF              ON UNIT   1030 AT TIME STEP     49, STRESS PERIOD      2
 UBDSV06 SAVING              GHB IN MODEL LOCAL_RUN15      PACKAGE LOCAL_RUN15     CONNECTED TO MODEL LOCAL_RUN15      PACKAGE GHB_AW           ON UNIT   1030 AT TIME STEP     49, STRESS PERIOD      2
 UBDSV06 SAVING              GHB IN MODEL LOCAL_RUN15      PACKAGE LOCAL_RUN15     CONNECTED TO MODEL LOCAL_RUN15      PACKAGE GHB_CONF         ON UNIT   1030 AT TIME STEP     49, STRESS PERIOD      2
 UBDSV06 SAVING              GHB IN MODEL LOCAL_RUN15      PACKAGE LOCAL_RUN15     CONNECTED TO MODEL LOCAL_RUN15      PACKAGE GHB_PW           ON UNIT   1030 AT TIME STEP     49, STRESS PERIOD      2
 UBDSV06 SAVING              GHB IN MODEL LOCAL_RUN15      PACKAGE LOCAL_RUN15     CONNECTED TO MODEL LOCAL_RUN15      PACKAGE GHB_SP           ON UNIT   1030 AT TIME STEP     49, STRESS PERIOD      2
 UBDSV06 SAVING             RCHA IN MODEL LOCAL_RUN15      PACKAGE LOCAL_RUN15     CONNECTED TO MODEL LOCAL_RUN15      PACKAGE RCH              ON UNIT   1030 AT TIME STEP     49, STRESS PERIOD      2

 HEAD WILL BE SAVED ON UNIT 1031 AT END OF TIME STEP   49, STRESS PERIOD    2

end timestep


start timestep kper="2" kstp="50" mode="normal"


 SLN_1 INNER ITERATION SUMMARY
 --------------------------------------------------------------------------------------------------------------------------------------
      TOTAL      OUTER      INNER                                                            MAXIMUM                                   
  ITERATION  ITERATION  ITERATION  MAXIMUM CHANGE      MAXIMUM CHANGE MODEL-(CELLID)        RESIDUAL    MAXIMUM RESIDUAL MODEL-(CELLID)
 --------------------------------------------------------------------------------------------------------------------------------------
          1          1          1 -7.46731936E-02                     1_GWF-(1,6,51)  4.76778194E-06                    1_GWF-(1,13,46)
 --------------------------------------------------------------------------------------------------------------------------------------


 UBDSV1 SAVING           STO-SS ON UNIT   1030 AT TIME STEP     50, STRESS PERIOD      2
 UBDSV1 SAVING     FLOW-JA-FACE ON UNIT   1030 AT TIME STEP     50, STRESS PERIOD      2
 UBDSV06 SAVING       DATA-SPDIS IN MODEL LOCAL_RUN15      PACKAGE NPF             CONNECTED TO MODEL LOCAL_RUN15      PACKAGE NPF              ON UNIT   1030 AT TIME STEP     50, STRESS PERIOD      2
 UBDSV06 SAVING              GHB IN MODEL LOCAL_RUN15      PACKAGE LOCAL_RUN15     CONNECTED TO MODEL LOCAL_RUN15      PACKAGE GHB_AW           ON UNIT   1030 AT TIME STEP     50, STRESS PERIOD      2
 UBDSV06 SAVING              GHB IN MODEL LOCAL_RUN15      PACKAGE LOCAL_RUN15     CONNECTED TO MODEL LOCAL_RUN15      PACKAGE GHB_CONF         ON UNIT   1030 AT TIME STEP     50, STRESS PERIOD      2
 UBDSV06 SAVING              GHB IN MODEL LOCAL_RUN15      PACKAGE LOCAL_RUN15     CONNECTED TO MODEL LOCAL_RUN15      PACKAGE GHB_PW           ON UNIT   1030 AT TIME STEP     50, STRESS PERIOD      2
 UBDSV06 SAVING              GHB IN MODEL LOCAL_RUN15      PACKAGE LOCAL_RUN15     CONNECTED TO MODEL LOCAL_RUN15      PACKAGE GHB_SP           ON UNIT   1030 AT TIME STEP     50, STRESS PERIOD      2
 UBDSV06 SAVING             RCHA IN MODEL LOCAL_RUN15      PACKAGE LOCAL_RUN15     CONNECTED TO MODEL LOCAL_RUN15      PACKAGE RCH              ON UNIT   1030 AT TIME STEP     50, STRESS PERIOD      2

 HEAD WILL BE SAVED ON UNIT 1031 AT END OF TIME STEP   50, STRESS PERIOD    2

end timestep


start timestep kper="2" kstp="51" mode="normal"


 SLN_1 INNER ITERATION SUMMARY
 --------------------------------------------------------------------------------------------------------------------------------------
      TOTAL      OUTER      INNER                                                            MAXIMUM                                   
  ITERATION  ITERATION  ITERATION  MAXIMUM CHANGE      MAXIMUM CHANGE MODEL-(CELLID)        RESIDUAL    MAXIMUM RESIDUAL MODEL-(CELLID)
 --------------------------------------------------------------------------------------------------------------------------------------
          1          1          1 -7.42657546E-02                     1_GWF-(1,6,51)  4.67223002E-06                    1_GWF-(1,13,46)
 --------------------------------------------------------------------------------------------------------------------------------------


 UBDSV1 SAVING           STO-SS ON UNIT   1030 AT TIME STEP     51, STRESS PERIOD      2
 UBDSV1 SAVING     FLOW-JA-FACE ON UNIT   1030 AT TIME STEP     51, STRESS PERIOD      2
 UBDSV06 SAVING       DATA-SPDIS IN MODEL LOCAL_RUN15      PACKAGE NPF             CONNECTED TO MODEL LOCAL_RUN15      PACKAGE NPF              ON UNIT   1030 AT TIME STEP     51, STRESS PERIOD      2
 UBDSV06 SAVING              GHB IN MODEL LOCAL_RUN15      PACKAGE LOCAL_RUN15     CONNECTED TO MODEL LOCAL_RUN15      PACKAGE GHB_AW           ON UNIT   1030 AT TIME STEP     51, STRESS PERIOD      2
 UBDSV06 SAVING              GHB IN MODEL LOCAL_RUN15      PACKAGE LOCAL_RUN15     CONNECTED TO MODEL LOCAL_RUN15      PACKAGE GHB_CONF         ON UNIT   1030 AT TIME STEP     51, STRESS PERIOD      2
 UBDSV06 SAVING              GHB IN MODEL LOCAL_RUN15      PACKAGE LOCAL_RUN15     CONNECTED TO MODEL LOCAL_RUN15      PACKAGE GHB_PW           ON UNIT   1030 AT TIME STEP     51, STRESS PERIOD      2
 UBDSV06 SAVING              GHB IN MODEL LOCAL_RUN15      PACKAGE LOCAL_RUN15     CONNECTED TO MODEL LOCAL_RUN15      PACKAGE GHB_SP           ON UNIT   1030 AT TIME STEP     51, STRESS PERIOD      2
 UBDSV06 SAVING             RCHA IN MODEL LOCAL_RUN15      PACKAGE LOCAL_RUN15     CONNECTED TO MODEL LOCAL_RUN15      PACKAGE RCH              ON UNIT   1030 AT TIME STEP     51, STRESS PERIOD      2

 HEAD WILL BE SAVED ON UNIT 1031 AT END OF TIME STEP   51, STRESS PERIOD    2

end timestep


start timestep kper="2" kstp="52" mode="normal"


 SLN_1 INNER ITERATION SUMMARY
 --------------------------------------------------------------------------------------------------------------------------------------
      TOTAL      OUTER      INNER                                                            MAXIMUM                                   
  ITERATION  ITERATION  ITERATION  MAXIMUM CHANGE      MAXIMUM CHANGE MODEL-(CELLID)        RESIDUAL    MAXIMUM RESIDUAL MODEL-(CELLID)
 --------------------------------------------------------------------------------------------------------------------------------------
          1          1          1 -7.38438201E-02                     1_GWF-(1,6,52)  4.57923126E-06                    1_GWF-(1,13,46)
 --------------------------------------------------------------------------------------------------------------------------------------


 UBDSV1 SAVING           STO-SS ON UNIT   1030 AT TIME STEP     52, STRESS PERIOD      2
 UBDSV1 SAVING     FLOW-JA-FACE ON UNIT   1030 AT TIME STEP     52, STRESS PERIOD      2
 UBDSV06 SAVING       DATA-SPDIS IN MODEL LOCAL_RUN15      PACKAGE NPF             CONNECTED TO MODEL LOCAL_RUN15      PACKAGE NPF              ON UNIT   1030 AT TIME STEP     52, STRESS PERIOD      2
 UBDSV06 SAVING              GHB IN MODEL LOCAL_RUN15      PACKAGE LOCAL_RUN15     CONNECTED TO MODEL LOCAL_RUN15      PACKAGE GHB_AW           ON UNIT   1030 AT TIME STEP     52, STRESS PERIOD      2
 UBDSV06 SAVING              GHB IN MODEL LOCAL_RUN15      PACKAGE LOCAL_RUN15     CONNECTED TO MODEL LOCAL_RUN15      PACKAGE GHB_CONF         ON UNIT   1030 AT TIME STEP     52, STRESS PERIOD      2
 UBDSV06 SAVING              GHB IN MODEL LOCAL_RUN15      PACKAGE LOCAL_RUN15     CONNECTED TO MODEL LOCAL_RUN15      PACKAGE GHB_PW           ON UNIT   1030 AT TIME STEP     52, STRESS PERIOD      2
 UBDSV06 SAVING              GHB IN MODEL LOCAL_RUN15      PACKAGE LOCAL_RUN15     CONNECTED TO MODEL LOCAL_RUN15      PACKAGE GHB_SP           ON UNIT   1030 AT TIME STEP     52, STRESS PERIOD      2
 UBDSV06 SAVING             RCHA IN MODEL LOCAL_RUN15      PACKAGE LOCAL_RUN15     CONNECTED TO MODEL LOCAL_RUN15      PACKAGE RCH              ON UNIT   1030 AT TIME STEP     52, STRESS PERIOD      2

 HEAD WILL BE SAVED ON UNIT 1031 AT END OF TIME STEP   52, STRESS PERIOD    2


  VOLUME BUDGET FOR ENTIRE MODEL AT END OF TIME STEP   52, STRESS PERIOD   2
  ---------------------------------------------------------------------------------------------------

     CUMULATIVE VOLUME      L**3       RATES FOR THIS TIME STEP      L**3/T          PACKAGE NAME    
     ------------------                 ------------------------                     ----------------

           IN:                                      IN:
           ---                                      ---
              STO-SS =     3886796.4700                STO-SS =       50787.5662     STORAGE                          
                 GHB =         726.4445                   GHB =           0.0000     GHB_AW                           
                 GHB =        5836.8640                   GHB =           0.0000     GHB_CONF                         
                 GHB =         191.4221                   GHB =           0.0000     GHB_PW                           
                 GHB =           0.0000                   GHB =           0.0000     GHB_SP                           
                RCHA =      140035.9375                  RCHA =        2642.1875     RCH                              

            TOTAL IN =     4033587.1380              TOTAL IN =       53429.7537

          OUT:                                     OUT:
          ----                                     ----
              STO-SS =           0.0000                STO-SS =           0.0000     STORAGE                          
                 GHB =     2795797.6134                   GHB =       36405.0616     GHB_AW                           
                 GHB =      634583.0863                   GHB =       10773.8221     GHB_CONF                         
                 GHB =      393546.1083                   GHB =        3994.0280     GHB_PW                           
                 GHB =      209657.3277                   GHB =        2256.8432     GHB_SP                           
                RCHA =           0.0000                  RCHA =           0.0000     RCH                              

           TOTAL OUT =     4033584.1356             TOTAL OUT =       53429.7549

            IN - OUT =           3.0024              IN - OUT =      -1.2346E-03

 PERCENT DISCREPANCY =           0.00     PERCENT DISCREPANCY =          -0.00




         TIME SUMMARY AT END OF TIME STEP   52 IN STRESS PERIOD    2
                    SECONDS     MINUTES      HOURS       DAYS        YEARS
                    -----------------------------------------------------------
   TIME STEP LENGTH  86400.      1440.0      24.000      1.0000     2.73785E-03
 STRESS PERIOD TIME 4.49280E+06  74880.      1248.0      52.000     0.14237    
         TOTAL TIME 4.57920E+06  76320.      1272.0      53.000     0.14511    


end timestep


start timestep kper="3" kstp="1" mode="normal"


 OUTPUT CONTROL FOR STRESS PERIOD 3 IS REPEATED USING SETTINGS FROM A PREVIOUS STRESS PERIOD.


 PROCESSING STORAGE PERIOD DATA
 END PROCESSING STORAGE PERIOD DATA


 STRESS PERIOD 3 IS STEADY-STATE


 OPENED local_run15.ghbaw_stress_period_data_2.txt
 FILE TYPE:OPEN/CLOSE   UNIT 1042   STATUS:OLD                 
 FORMAT:FORMATTED              ACCESS:SEQUENTIAL          
 ACTION:READ                


 OPENED local_run15.ghb_conf_stress_period_data_2.txt
 FILE TYPE:OPEN/CLOSE   UNIT 1043   STATUS:OLD                 
 FORMAT:FORMATTED              ACCESS:SEQUENTIAL          
 ACTION:READ                


 OPENED local_run15.ghb_pw_stress_period_data_2.txt
 FILE TYPE:OPEN/CLOSE   UNIT 1044   STATUS:OLD                 
 FORMAT:FORMATTED              ACCESS:SEQUENTIAL          
 ACTION:READ                


 OPENED local_run15.ghbspr_stress_period_data_2.txt
 FILE TYPE:OPEN/CLOSE   UNIT 1045   STATUS:OLD                 
 FORMAT:FORMATTED              ACCESS:SEQUENTIAL          
 ACTION:READ                


 OPENED local_run15.rcha_recharge_2.txt
 FILE TYPE:OPEN/CLOSE   UNIT 1046   STATUS:OLD                 
 FORMAT:FORMATTED              ACCESS:SEQUENTIAL          
 ACTION:READ                


                 RECHARGE

               1          2          3          4          5          6          7          8          9         10         11
              12         13         14         15         16         17         18         19         20         21         22
              23         24         25         26         27         28         29         30         31         32         33
              34         35         36         37         38         39         40         41         42         43         44
              45         46         47         48         49         50         51         52         53         54         55
              56         57
 .............................................................................................................................
   1    0.00       0.00       0.00       0.00       0.00       0.00       0.00       0.00       0.00       0.00       0.00    
        0.00       0.00       0.00       0.00       0.00       0.00       0.00       0.00       0.00       0.00       0.00    
        0.00       0.00       0.00       0.00       0.00       0.00       0.00       0.00       0.00       0.00       0.00    
        0.00       0.00       0.00       0.00       0.00       0.00       0.00       0.00       0.00       0.00       0.00    
        0.00       0.00       0.00       0.00       0.00       0.00       0.00       0.00       0.00       0.00       0.00    
        0.00       0.00    
   2    0.00       0.00       0.00       0.00       0.00       0.00       0.00       0.00       0.00       0.00       0.00    
        0.00       0.00       0.00       0.00       0.00       0.00       0.00       0.00       0.00       0.00       0.00    
        0.00       0.00       0.00       0.00       0.00      2.500E-03  2.500E-03  2.500E-03  2.500E-03  2.500E-03  2.500E-03
       2.500E-03  2.500E-03  2.500E-03  2.500E-03  2.500E-03  2.500E-03  2.500E-03  2.500E-03  2.500E-03  2.500E-03   0.00    
        0.00       0.00       0.00       0.00       0.00       0.00       0.00       0.00       0.00       0.00       0.00    
        0.00       0.00    
   3    0.00       0.00       0.00       0.00       0.00       0.00       0.00       0.00       0.00       0.00       0.00    
        0.00       0.00       0.00       0.00       0.00       0.00       0.00       0.00       0.00       0.00       0.00    
        0.00       0.00      2.500E-03  2.500E-03  2.500E-03  2.500E-03  2.500E-03  2.500E-03  2.500E-03  2.500E-03  2.500E-03
       2.500E-03  2.500E-03  2.500E-03  2.500E-03  2.500E-03  2.500E-03  2.500E-03  2.500E-03  2.500E-03  2.500E-03  2.500E-03
       2.500E-03  2.500E-03  2.500E-03  2.500E-03   0.00       0.00       0.00       0.00       0.00       0.00       0.00    
        0.00       0.00    
   4    0.00       0.00       0.00       0.00       0.00       0.00       0.00       0.00       0.00       0.00       0.00    
        0.00       0.00       0.00       0.00       0.00       0.00       0.00       0.00       0.00       0.00      2.500E-03
       2.500E-03  2.500E-03  2.500E-03  2.500E-03  2.500E-03  2.500E-03  2.500E-03  2.500E-03  2.500E-03  2.500E-03  2.500E-03
       2.500E-03  2.500E-03  2.500E-03  2.500E-03  2.500E-03  2.500E-03  2.500E-03  2.500E-03  2.500E-03  2.500E-03  2.500E-03
       2.500E-03  2.500E-03  2.500E-03  2.500E-03  2.500E-03   0.00       0.00       0.00       0.00       0.00       0.00    
        0.00       0.00    
   5    0.00       0.00       0.00       0.00       0.00       0.00       0.00       0.00       0.00       0.00       0.00    
        0.00       0.00       0.00       0.00       0.00       0.00       0.00      2.500E-03  2.500E-03  2.500E-03  2.500E-03
       2.500E-03  2.500E-03  2.500E-03  2.500E-03  2.500E-03  2.500E-03  2.500E-03  2.500E-03  2.500E-03  2.500E-03  2.500E-03
       2.500E-03  2.500E-03  2.500E-03  2.500E-03  2.500E-03  2.500E-03  2.500E-03  2.500E-03  2.500E-03  2.500E-03  2.500E-03
       2.500E-03  2.500E-03  2.500E-03  2.500E-03  2.500E-03  2.500E-03   0.00       0.00       0.00       0.00       0.00    
        0.00       0.00    
   6    0.00       0.00       0.00       0.00       0.00       0.00       0.00       0.00       0.00       0.00       0.00    
        0.00       0.00       0.00       0.00       0.00      2.500E-03  2.500E-03  2.500E-03  2.500E-03  2.500E-03  2.500E-03
       2.500E-03  2.500E-03  2.500E-03  2.500E-03  2.500E-03  2.500E-03  2.500E-03  2.500E-03  2.500E-03  2.500E-03  2.500E-03
       2.500E-03  2.500E-03  2.500E-03  2.500E-03  2.500E-03  2.500E-03  2.500E-03  2.500E-03  2.500E-03  2.500E-03  2.500E-03
       2.500E-03  2.500E-03  2.500E-03  2.500E-03  2.500E-03  2.500E-03  2.500E-03  2.500E-03   0.00       0.00       0.00    
        0.00       0.00    
   7    0.00       0.00       0.00       0.00       0.00       0.00       0.00       0.00       0.00       0.00       0.00    
        0.00       0.00       0.00       0.00      2.500E-03  2.500E-03  2.500E-03  2.500E-03  2.500E-03  2.500E-03  2.500E-03
       2.500E-03  2.500E-03  2.500E-03  2.500E-03  2.500E-03  2.500E-03  2.500E-03  2.500E-03  2.500E-03  2.500E-03  2.500E-03
       2.500E-03  2.500E-03  2.500E-03  2.500E-03  2.500E-03  2.500E-03  2.500E-03  2.500E-03  2.500E-03  2.500E-03  2.500E-03
       2.500E-03  2.500E-03  2.500E-03  2.500E-03  2.500E-03  2.500E-03  2.500E-03  2.500E-03  2.500E-03   0.00       0.00    
        0.00       0.00    
   8    0.00       0.00       0.00       0.00       0.00       0.00       0.00       0.00       0.00       0.00       0.00    
        0.00       0.00       0.00      2.500E-03  2.500E-03  2.500E-03  2.500E-03  2.500E-03  2.500E-03  2.500E-03  2.500E-03
       2.500E-03  2.500E-03  2.500E-03  2.500E-03  2.500E-03  2.500E-03  2.500E-03  2.500E-03  2.500E-03  2.500E-03  2.500E-03
       2.500E-03  2.500E-03  2.500E-03  2.500E-03  2.500E-03  2.500E-03  2.500E-03  2.500E-03  2.500E-03  2.500E-03  2.500E-03
       2.500E-03  2.500E-03  2.500E-03  2.500E-03  2.500E-03  2.500E-03  2.500E-03  2.500E-03  2.500E-03  2.500E-03   0.00    
        0.00       0.00    
   9    0.00       0.00       0.00       0.00       0.00       0.00       0.00       0.00       0.00       0.00       0.00    
        0.00       0.00      2.500E-03  2.500E-03  2.500E-03  2.500E-03  2.500E-03  2.500E-03  2.500E-03  2.500E-03  2.500E-03
       2.500E-03  2.500E-03  2.500E-03  2.500E-03  2.500E-03  2.500E-03  2.500E-03  2.500E-03  2.500E-03  2.500E-03  2.500E-03
       2.500E-03  2.500E-03  2.500E-03  2.500E-03  2.500E-03  2.500E-03  2.500E-03  2.500E-03  2.500E-03  2.500E-03  2.500E-03
       2.500E-03  2.500E-03  2.500E-03  2.500E-03  2.500E-03  2.500E-03  2.500E-03  2.500E-03  2.500E-03  2.500E-03  2.500E-03
        0.00       0.00    
  10    0.00       0.00       0.00       0.00       0.00       0.00       0.00       0.00       0.00       0.00       0.00    
        0.00      2.500E-03  2.500E-03  2.500E-03  2.500E-03  2.500E-03  2.500E-03  2.500E-03  2.500E-03  2.500E-03  2.500E-03
       2.500E-03  2.500E-03  2.500E-03  2.500E-03  2.500E-03  2.500E-03  2.500E-03  2.500E-03  2.500E-03  2.500E-03  2.500E-03
       2.500E-03  2.500E-03  2.500E-03  2.500E-03  2.500E-03  2.500E-03  2.500E-03  2.500E-03  2.500E-03  2.500E-03  2.500E-03
       2.500E-03  2.500E-03  2.500E-03  2.500E-03  2.500E-03  2.500E-03  2.500E-03  2.500E-03  2.500E-03  2.500E-03  2.500E-03
        0.00       0.00    
  11    0.00       0.00       0.00       0.00       0.00       0.00       0.00       0.00       0.00       0.00       0.00    
       2.500E-03  2.500E-03  2.500E-03  2.500E-03  2.500E-03  2.500E-03  2.500E-03  2.500E-03  2.500E-03  2.500E-03  2.500E-03
       2.500E-03  2.500E-03  2.500E-03  2.500E-03  2.500E-03  2.500E-03  2.500E-03  2.500E-03  2.500E-03  2.500E-03  2.500E-03
       2.500E-03  2.500E-03  2.500E-03  2.500E-03  2.500E-03  2.500E-03  2.500E-03  2.500E-03  2.500E-03  2.500E-03  2.500E-03
       2.500E-03  2.500E-03  2.500E-03  2.500E-03  2.500E-03  2.500E-03  2.500E-03  2.500E-03  2.500E-03  2.500E-03  2.500E-03
       2.500E-03   0.00    
  12    0.00       0.00       0.00       0.00       0.00       0.00       0.00       0.00       0.00       0.00      2.500E-03
       2.500E-03  2.500E-03  2.500E-03  2.500E-03  2.500E-03  2.500E-03  2.500E-03  2.500E-03  2.500E-03  2.500E-03  2.500E-03
       2.500E-03  2.500E-03  2.500E-03  2.500E-03  2.500E-03  2.500E-03  2.500E-03  2.500E-03  2.500E-03  2.500E-03  2.500E-03
       2.500E-03  2.500E-03  2.500E-03  2.500E-03  2.500E-03  2.500E-03  2.500E-03  2.500E-03  2.500E-03  2.500E-03  2.500E-03
       2.500E-03  2.500E-03  2.500E-03  2.500E-03  2.500E-03  2.500E-03  2.500E-03  2.500E-03  2.500E-03  2.500E-03  2.500E-03
       2.500E-03   0.00    
  13    0.00       0.00       0.00       0.00       0.00       0.00       0.00       0.00       0.00      2.500E-03  2.500E-03
       2.500E-03  2.500E-03  2.500E-03  2.500E-03  2.500E-03  2.500E-03  2.500E-03  2.500E-03  2.500E-03  2.500E-03  2.500E-03
       2.500E-03  2.500E-03  2.500E-03  2.500E-03  2.500E-03  2.500E-03  2.500E-03  2.500E-03  2.500E-03  2.500E-03  2.500E-03
       2.500E-03  2.500E-03  2.500E-03  2.500E-03  2.500E-03  2.500E-03  2.500E-03  2.500E-03  2.500E-03  2.500E-03  2.500E-03
       2.500E-03  2.500E-03  2.500E-03  2.500E-03  2.500E-03  2.500E-03  2.500E-03  2.500E-03  2.500E-03  2.500E-03  2.500E-03
       2.500E-03   0.00    
  14    0.00       0.00       0.00       0.00       0.00       0.00       0.00       0.00      2.500E-03  2.500E-03  2.500E-03
       2.500E-03  2.500E-03  2.500E-03  2.500E-03  2.500E-03  2.500E-03  2.500E-03  2.500E-03  2.500E-03  2.500E-03  2.500E-03
       2.500E-03  2.500E-03  2.500E-03  2.500E-03  2.500E-03  2.500E-03  2.500E-03  2.500E-03  2.500E-03  2.500E-03  2.500E-03
       2.500E-03  2.500E-03  2.500E-03  2.500E-03  2.500E-03  2.500E-03  2.500E-03  2.500E-03  2.500E-03  2.500E-03  2.500E-03
       2.500E-03  2.500E-03  2.500E-03  2.500E-03  2.500E-03  2.500E-03  2.500E-03  2.500E-03  2.500E-03  2.500E-03  2.500E-03
       2.500E-03   0.00    
  15    0.00       0.00       0.00       0.00       0.00       0.00       0.00      2.500E-03  2.500E-03  2.500E-03  2.500E-03
       2.500E-03  2.500E-03  2.500E-03  2.500E-03  2.500E-03  2.500E-03  2.500E-03  2.500E-03  2.500E-03  2.500E-03  2.500E-03
       2.500E-03  2.500E-03  2.500E-03  2.500E-03  2.500E-03  2.500E-03  2.500E-03  2.500E-03  2.500E-03  2.500E-03  2.500E-03
       2.500E-03  2.500E-03  2.500E-03  2.500E-03  2.500E-03  2.500E-03  2.500E-03  2.500E-03  2.500E-03  2.500E-03  2.500E-03
       2.500E-03  2.500E-03  2.500E-03  2.500E-03  2.500E-03  2.500E-03  2.500E-03  2.500E-03  2.500E-03  2.500E-03  2.500E-03
       2.500E-03   0.00    
  16    0.00       0.00       0.00       0.00       0.00       0.00      2.500E-03  2.500E-03  2.500E-03  2.500E-03  2.500E-03
       2.500E-03  2.500E-03  2.500E-03  2.500E-03  2.500E-03  2.500E-03  2.500E-03  2.500E-03  2.500E-03  2.500E-03  2.500E-03
       2.500E-03  2.500E-03  2.500E-03  2.500E-03  2.500E-03  2.500E-03  2.500E-03  2.500E-03  2.500E-03  2.500E-03  2.500E-03
       2.500E-03  2.500E-03  2.500E-03  2.500E-03  2.500E-03  2.500E-03  2.500E-03  2.500E-03  2.500E-03  2.500E-03  2.500E-03
       2.500E-03  2.500E-03  2.500E-03  2.500E-03  2.500E-03  2.500E-03  2.500E-03  2.500E-03  2.500E-03  2.500E-03  2.500E-03
       2.500E-03   0.00    
  17    0.00       0.00       0.00       0.00       0.00      2.500E-03  2.500E-03  2.500E-03  2.500E-03  2.500E-03  2.500E-03
       2.500E-03  2.500E-03  2.500E-03  2.500E-03  2.500E-03  2.500E-03  2.500E-03  2.500E-03  2.500E-03  2.500E-03  2.500E-03
       2.500E-03  2.500E-03  2.500E-03  2.500E-03  2.500E-03  2.500E-03  2.500E-03  2.500E-03  2.500E-03  2.500E-03  2.500E-03
       2.500E-03  2.500E-03  2.500E-03  2.500E-03  2.500E-03  2.500E-03  2.500E-03  2.500E-03  2.500E-03  2.500E-03  2.500E-03
       2.500E-03  2.500E-03  2.500E-03  2.500E-03  2.500E-03  2.500E-03  2.500E-03  2.500E-03  2.500E-03  2.500E-03  2.500E-03
       2.500E-03   0.00    
  18    0.00       0.00       0.00       0.00       0.00      2.500E-03  2.500E-03  2.500E-03  2.500E-03  2.500E-03  2.500E-03
       2.500E-03  2.500E-03  2.500E-03  2.500E-03  2.500E-03  2.500E-03  2.500E-03  2.500E-03  2.500E-03  2.500E-03  2.500E-03
       2.500E-03  2.500E-03  2.500E-03  2.500E-03  2.500E-03  2.500E-03  2.500E-03  2.500E-03  2.500E-03  2.500E-03  2.500E-03
       2.500E-03  2.500E-03  2.500E-03  2.500E-03  2.500E-03  2.500E-03  2.500E-03  2.500E-03  2.500E-03  2.500E-03  2.500E-03
       2.500E-03  2.500E-03  2.500E-03  2.500E-03  2.500E-03  2.500E-03  2.500E-03  2.500E-03  2.500E-03  2.500E-03  2.500E-03
       2.500E-03   0.00    
  19    0.00       0.00       0.00       0.00      2.500E-03  2.500E-03  2.500E-03  2.500E-03  2.500E-03  2.500E-03  2.500E-03
       2.500E-03  2.500E-03  2.500E-03  2.500E-03  2.500E-03  2.500E-03  2.500E-03  2.500E-03  2.500E-03  2.500E-03  2.500E-03
       2.500E-03  2.500E-03  2.500E-03  2.500E-03  2.500E-03  2.500E-03  2.500E-03  2.500E-03  2.500E-03  2.500E-03  2.500E-03
       2.500E-03  2.500E-03  2.500E-03  2.500E-03  2.500E-03  2.500E-03  2.500E-03  2.500E-03  2.500E-03  2.500E-03  2.500E-03
       2.500E-03  2.500E-03  2.500E-03  2.500E-03  2.500E-03  2.500E-03  2.500E-03  2.500E-03  2.500E-03  2.500E-03  2.500E-03
       2.500E-03   0.00    
  20    0.00       0.00       0.00       0.00      2.500E-03  2.500E-03  2.500E-03  2.500E-03  2.500E-03  2.500E-03  2.500E-03
       2.500E-03  2.500E-03  2.500E-03  2.500E-03  2.500E-03  2.500E-03  2.500E-03  2.500E-03  2.500E-03  2.500E-03  2.500E-03
       2.500E-03  2.500E-03  2.500E-03  2.500E-03  2.500E-03  2.500E-03  2.500E-03  2.500E-03  2.500E-03  2.500E-03  2.500E-03
       2.500E-03  2.500E-03  2.500E-03  2.500E-03  2.500E-03  2.500E-03  2.500E-03  2.500E-03  2.500E-03  2.500E-03  2.500E-03
       2.500E-03  2.500E-03  2.500E-03  2.500E-03  2.500E-03  2.500E-03  2.500E-03  2.500E-03  2.500E-03  2.500E-03  2.500E-03
       2.500E-03   0.00    
  21    0.00       0.00       0.00      2.500E-03  2.500E-03  2.500E-03  2.500E-03  2.500E-03  2.500E-03  2.500E-03  2.500E-03
       2.500E-03  2.500E-03  2.500E-03  2.500E-03  2.500E-03  2.500E-03  2.500E-03  2.500E-03  2.500E-03  2.500E-03  2.500E-03
       2.500E-03  2.500E-03  2.500E-03  2.500E-03  2.500E-03  2.500E-03  2.500E-03  2.500E-03  2.500E-03  2.500E-03  2.500E-03
       2.500E-03  2.500E-03  2.500E-03  2.500E-03  2.500E-03  2.500E-03  2.500E-03  2.500E-03  2.500E-03  2.500E-03  2.500E-03
       2.500E-03  2.500E-03  2.500E-03  2.500E-03  2.500E-03  2.500E-03  2.500E-03  2.500E-03  2.500E-03  2.500E-03  2.500E-03
       2.500E-03   0.00    
  22    0.00       0.00       0.00      2.500E-03  2.500E-03  2.500E-03  2.500E-03  2.500E-03  2.500E-03  2.500E-03  2.500E-03
       2.500E-03  2.500E-03  2.500E-03  2.500E-03  2.500E-03  2.500E-03  2.500E-03  2.500E-03  2.500E-03  2.500E-03  2.500E-03
       2.500E-03  2.500E-03  2.500E-03  2.500E-03  2.500E-03  2.500E-03  2.500E-03  2.500E-03  2.500E-03  2.500E-03  2.500E-03
       2.500E-03  2.500E-03  2.500E-03  2.500E-03  2.500E-03  2.500E-03  2.500E-03  2.500E-03  2.500E-03  2.500E-03  2.500E-03
       2.500E-03  2.500E-03  2.500E-03  2.500E-03  2.500E-03  2.500E-03  2.500E-03  2.500E-03  2.500E-03  2.500E-03  2.500E-03
       2.500E-03   0.00    
  23    0.00       0.00       0.00      2.500E-03  2.500E-03  2.500E-03  2.500E-03  2.500E-03  2.500E-03  2.500E-03  2.500E-03
       2.500E-03  2.500E-03  2.500E-03  2.500E-03  2.500E-03  2.500E-03  2.500E-03  2.500E-03  2.500E-03  2.500E-03  2.500E-03
       2.500E-03  2.500E-03  2.500E-03  2.500E-03  2.500E-03  2.500E-03  2.500E-03  2.500E-03  2.500E-03  2.500E-03  2.500E-03
       2.500E-03  2.500E-03  2.500E-03  2.500E-03  2.500E-03  2.500E-03  2.500E-03  2.500E-03   0.00       0.00       0.00    
        0.00       0.00       0.00       0.00      2.500E-03  2.500E-03  2.500E-03  2.500E-03  2.500E-03  2.500E-03  2.500E-03
       2.500E-03   0.00    
  24    0.00       0.00      2.500E-03  2.500E-03  2.500E-03  2.500E-03  2.500E-03  2.500E-03  2.500E-03  2.500E-03  2.500E-03
       2.500E-03  2.500E-03  2.500E-03  2.500E-03  2.500E-03  2.500E-03  2.500E-03  2.500E-03  2.500E-03  2.500E-03  2.500E-03
       2.500E-03  2.500E-03  2.500E-03  2.500E-03  2.500E-03  2.500E-03  2.500E-03  2.500E-03  2.500E-03  2.500E-03  2.500E-03
       2.500E-03  2.500E-03  2.500E-03  2.500E-03  2.500E-03  2.500E-03  2.500E-03  2.500E-03   0.00       0.00       0.00    
        0.00       0.00       0.00       0.00       0.00       0.00      2.500E-03  2.500E-03  2.500E-03  2.500E-03  2.500E-03
       2.500E-03   0.00    
  25    0.00       0.00      2.500E-03  2.500E-03  2.500E-03  2.500E-03  2.500E-03  2.500E-03  2.500E-03  2.500E-03  2.500E-03
       2.500E-03  2.500E-03  2.500E-03  2.500E-03  2.500E-03  2.500E-03  2.500E-03  2.500E-03  2.500E-03  2.500E-03  2.500E-03
       2.500E-03  2.500E-03  2.500E-03  2.500E-03  2.500E-03  2.500E-03  2.500E-03  2.500E-03  2.500E-03  2.500E-03  2.500E-03
       2.500E-03  2.500E-03  2.500E-03  2.500E-03  2.500E-03  2.500E-03  2.500E-03   0.00       0.00       0.00       0.00    
        0.00       0.00       0.00       0.00       0.00       0.00       0.00       0.00       0.00      2.500E-03  2.500E-03
        0.00       0.00    
  26    0.00      2.500E-03  2.500E-03  2.500E-03  2.500E-03  2.500E-03  2.500E-03  2.500E-03  2.500E-03  2.500E-03  2.500E-03
       2.500E-03  2.500E-03  2.500E-03  2.500E-03  2.500E-03  2.500E-03  2.500E-03  2.500E-03  2.500E-03  2.500E-03  2.500E-03
       2.500E-03  2.500E-03  2.500E-03  2.500E-03  2.500E-03  2.500E-03  2.500E-03  2.500E-03  2.500E-03  2.500E-03  2.500E-03
       2.500E-03  2.500E-03  2.500E-03  2.500E-03  2.500E-03  2.500E-03  2.500E-03   0.00       0.00       0.00       0.00    
        0.00       0.00       0.00       0.00       0.00       0.00       0.00       0.00       0.00       0.00       0.00    
        0.00       0.00    
  27    0.00      2.500E-03  2.500E-03  2.500E-03  2.500E-03  2.500E-03  2.500E-03  2.500E-03  2.500E-03  2.500E-03  2.500E-03
       2.500E-03  2.500E-03  2.500E-03  2.500E-03  2.500E-03  2.500E-03  2.500E-03  2.500E-03  2.500E-03  2.500E-03  2.500E-03
       2.500E-03  2.500E-03  2.500E-03  2.500E-03  2.500E-03  2.500E-03  2.500E-03  2.500E-03  2.500E-03  2.500E-03  2.500E-03
       2.500E-03  2.500E-03  2.500E-03  2.500E-03  2.500E-03  2.500E-03   0.00       0.00       0.00       0.00       0.00    
        0.00       0.00       0.00       0.00       0.00       0.00       0.00       0.00       0.00       0.00       0.00    
        0.00       0.00    
  28   2.500E-03  2.500E-03  2.500E-03  2.500E-03  2.500E-03  2.500E-03  2.500E-03  2.500E-03  2.500E-03  2.500E-03  2.500E-03
       2.500E-03  2.500E-03  2.500E-03  2.500E-03  2.500E-03  2.500E-03  2.500E-03  2.500E-03  2.500E-03  2.500E-03  2.500E-03
       2.500E-03  2.500E-03  2.500E-03  2.500E-03  2.500E-03  2.500E-03  2.500E-03  2.500E-03  2.500E-03  2.500E-03  2.500E-03
       2.500E-03  2.500E-03  2.500E-03  2.500E-03  2.500E-03  2.500E-03   0.00       0.00       0.00       0.00       0.00    
        0.00       0.00       0.00       0.00       0.00       0.00       0.00       0.00       0.00       0.00       0.00    
        0.00       0.00    
  29   2.500E-03  2.500E-03  2.500E-03  2.500E-03  2.500E-03  2.500E-03  2.500E-03  2.500E-03  2.500E-03  2.500E-03  2.500E-03
       2.500E-03  2.500E-03  2.500E-03  2.500E-03  2.500E-03  2.500E-03  2.500E-03  2.500E-03  2.500E-03  2.500E-03  2.500E-03
       2.500E-03  2.500E-03  2.500E-03  2.500E-03  2.500E-03  2.500E-03  2.500E-03  2.500E-03  2.500E-03  2.500E-03  2.500E-03
       2.500E-03  2.500E-03  2.500E-03  2.500E-03  2.500E-03  2.500E-03   0.00       0.00       0.00       0.00       0.00    
        0.00       0.00       0.00       0.00       0.00       0.00       0.00       0.00       0.00       0.00       0.00    
        0.00       0.00    
  30   2.500E-03  2.500E-03  2.500E-03  2.500E-03  2.500E-03  2.500E-03  2.500E-03  2.500E-03  2.500E-03  2.500E-03  2.500E-03
       2.500E-03  2.500E-03  2.500E-03  2.500E-03  2.500E-03  2.500E-03  2.500E-03  2.500E-03  2.500E-03  2.500E-03  2.500E-03
       2.500E-03  2.500E-03  2.500E-03  2.500E-03  2.500E-03  2.500E-03  2.500E-03  2.500E-03  2.500E-03  2.500E-03  2.500E-03
       2.500E-03  2.500E-03  2.500E-03  2.500E-03  2.500E-03   0.00       0.00       0.00       0.00       0.00       0.00    
        0.00       0.00       0.00       0.00       0.00       0.00       0.00       0.00       0.00       0.00       0.00    
        0.00       0.00    
  31   2.500E-03  2.500E-03  2.500E-03  2.500E-03  2.500E-03  2.500E-03  2.500E-03  2.500E-03  2.500E-03  2.500E-03  2.500E-03
       2.500E-03  2.500E-03  2.500E-03  2.500E-03  2.500E-03  2.500E-03  2.500E-03  2.500E-03  2.500E-03  2.500E-03  2.500E-03
       2.500E-03  2.500E-03  2.500E-03  2.500E-03  2.500E-03  2.500E-03  2.500E-03  2.500E-03  2.500E-03  2.500E-03  2.500E-03
       2.500E-03  2.500E-03  2.500E-03  2.500E-03  2.500E-03   0.00       0.00       0.00       0.00       0.00       0.00    
        0.00       0.00       0.00       0.00       0.00       0.00       0.00       0.00       0.00       0.00       0.00    
        0.00       0.00    
  32   2.500E-03  2.500E-03  2.500E-03  2.500E-03  2.500E-03  2.500E-03  2.500E-03  2.500E-03  2.500E-03  2.500E-03  2.500E-03
       2.500E-03  2.500E-03  2.500E-03  2.500E-03  2.500E-03  2.500E-03  2.500E-03  2.500E-03  2.500E-03  2.500E-03  2.500E-03
       2.500E-03  2.500E-03  2.500E-03  2.500E-03  2.500E-03  2.500E-03  2.500E-03  2.500E-03  2.500E-03  2.500E-03  2.500E-03
       2.500E-03  2.500E-03  2.500E-03  2.500E-03  2.500E-03   0.00       0.00       0.00       0.00       0.00       0.00    
        0.00       0.00       0.00       0.00       0.00       0.00       0.00       0.00       0.00       0.00       0.00    
        0.00       0.00    
  33   2.500E-03  2.500E-03  2.500E-03  2.500E-03  2.500E-03  2.500E-03  2.500E-03  2.500E-03  2.500E-03  2.500E-03  2.500E-03
       2.500E-03  2.500E-03  2.500E-03  2.500E-03  2.500E-03  2.500E-03  2.500E-03  2.500E-03  2.500E-03  2.500E-03  2.500E-03
       2.500E-03  2.500E-03  2.500E-03  2.500E-03  2.500E-03  2.500E-03  2.500E-03  2.500E-03  2.500E-03  2.500E-03  2.500E-03
       2.500E-03  2.500E-03  2.500E-03  2.500E-03   0.00       0.00       0.00       0.00       0.00       0.00       0.00    
        0.00       0.00       0.00       0.00       0.00       0.00       0.00       0.00       0.00       0.00       0.00    
        0.00       0.00    
  34   2.500E-03  2.500E-03  2.500E-03  2.500E-03  2.500E-03  2.500E-03  2.500E-03  2.500E-03  2.500E-03  2.500E-03  2.500E-03
       2.500E-03  2.500E-03  2.500E-03  2.500E-03  2.500E-03  2.500E-03  2.500E-03  2.500E-03  2.500E-03  2.500E-03  2.500E-03
       2.500E-03  2.500E-03  2.500E-03  2.500E-03  2.500E-03  2.500E-03  2.500E-03  2.500E-03  2.500E-03  2.500E-03  2.500E-03
       2.500E-03  2.500E-03  2.500E-03  2.500E-03   0.00       0.00       0.00       0.00       0.00       0.00       0.00    
        0.00       0.00       0.00       0.00       0.00       0.00       0.00       0.00       0.00       0.00       0.00    
        0.00       0.00    
  35   2.500E-03  2.500E-03  2.500E-03  2.500E-03  2.500E-03  2.500E-03  2.500E-03  2.500E-03  2.500E-03  2.500E-03  2.500E-03
       2.500E-03  2.500E-03  2.500E-03  2.500E-03  2.500E-03  2.500E-03  2.500E-03  2.500E-03  2.500E-03  2.500E-03  2.500E-03
       2.500E-03  2.500E-03  2.500E-03  2.500E-03  2.500E-03  2.500E-03  2.500E-03  2.500E-03  2.500E-03  2.500E-03  2.500E-03
       2.500E-03  2.500E-03  2.500E-03  2.500E-03  2.500E-03   0.00       0.00       0.00       0.00       0.00       0.00    
        0.00       0.00       0.00       0.00       0.00       0.00       0.00       0.00       0.00       0.00       0.00    
        0.00       0.00    
  36   2.500E-03  2.500E-03  2.500E-03  2.500E-03  2.500E-03  2.500E-03  2.500E-03  2.500E-03  2.500E-03  2.500E-03  2.500E-03
       2.500E-03  2.500E-03  2.500E-03  2.500E-03  2.500E-03  2.500E-03  2.500E-03  2.500E-03  2.500E-03  2.500E-03  2.500E-03
       2.500E-03  2.500E-03  2.500E-03  2.500E-03  2.500E-03  2.500E-03  2.500E-03  2.500E-03  2.500E-03  2.500E-03  2.500E-03
       2.500E-03  2.500E-03  2.500E-03  2.500E-03  2.500E-03   0.00       0.00       0.00       0.00       0.00       0.00    
        0.00       0.00       0.00       0.00       0.00       0.00       0.00       0.00       0.00       0.00       0.00    
        0.00       0.00    
  37   2.500E-03  2.500E-03  2.500E-03  2.500E-03  2.500E-03  2.500E-03  2.500E-03  2.500E-03  2.500E-03  2.500E-03  2.500E-03
       2.500E-03  2.500E-03  2.500E-03  2.500E-03  2.500E-03  2.500E-03  2.500E-03  2.500E-03  2.500E-03  2.500E-03  2.500E-03
       2.500E-03  2.500E-03  2.500E-03  2.500E-03  2.500E-03  2.500E-03  2.500E-03  2.500E-03  2.500E-03  2.500E-03  2.500E-03
       2.500E-03  2.500E-03  2.500E-03  2.500E-03  2.500E-03   0.00       0.00       0.00       0.00       0.00       0.00    
        0.00       0.00       0.00       0.00       0.00       0.00       0.00       0.00       0.00       0.00       0.00    
        0.00       0.00    
  38   2.500E-03  2.500E-03  2.500E-03  2.500E-03  2.500E-03  2.500E-03  2.500E-03  2.500E-03  2.500E-03  2.500E-03  2.500E-03
       2.500E-03  2.500E-03  2.500E-03  2.500E-03  2.500E-03  2.500E-03  2.500E-03  2.500E-03  2.500E-03  2.500E-03  2.500E-03
       2.500E-03  2.500E-03  2.500E-03  2.500E-03  2.500E-03  2.500E-03  2.500E-03  2.500E-03  2.500E-03  2.500E-03  2.500E-03
       2.500E-03  2.500E-03  2.500E-03  2.500E-03  2.500E-03   0.00       0.00       0.00       0.00       0.00       0.00    
        0.00       0.00       0.00       0.00       0.00       0.00       0.00       0.00       0.00       0.00       0.00    
        0.00       0.00    
  39   2.500E-03  2.500E-03  2.500E-03  2.500E-03  2.500E-03  2.500E-03  2.500E-03  2.500E-03  2.500E-03  2.500E-03  2.500E-03
       2.500E-03  2.500E-03  2.500E-03  2.500E-03  2.500E-03  2.500E-03  2.500E-03  2.500E-03  2.500E-03  2.500E-03  2.500E-03
       2.500E-03  2.500E-03  2.500E-03  2.500E-03  2.500E-03  2.500E-03  2.500E-03  2.500E-03  2.500E-03  2.500E-03  2.500E-03
       2.500E-03  2.500E-03  2.500E-03  2.500E-03  2.500E-03   0.00       0.00       0.00       0.00       0.00       0.00    
        0.00       0.00       0.00       0.00       0.00       0.00       0.00       0.00       0.00       0.00       0.00    
        0.00       0.00    
  40    0.00      2.500E-03  2.500E-03  2.500E-03  2.500E-03  2.500E-03  2.500E-03  2.500E-03  2.500E-03  2.500E-03  2.500E-03
       2.500E-03  2.500E-03  2.500E-03  2.500E-03  2.500E-03  2.500E-03  2.500E-03  2.500E-03  2.500E-03   0.00      2.500E-03
       2.500E-03  2.500E-03  2.500E-03   0.00       0.00       0.00      2.500E-03  2.500E-03  2.500E-03  2.500E-03  2.500E-03
       2.500E-03  2.500E-03  2.500E-03  2.500E-03  2.500E-03  2.500E-03   0.00       0.00       0.00       0.00       0.00    
        0.00       0.00       0.00       0.00       0.00       0.00       0.00       0.00       0.00       0.00       0.00    
        0.00       0.00    
  41    0.00      2.500E-03  2.500E-03  2.500E-03  2.500E-03  2.500E-03  2.500E-03  2.500E-03  2.500E-03  2.500E-03  2.500E-03
       2.500E-03  2.500E-03  2.500E-03  2.500E-03  2.500E-03  2.500E-03   0.00       0.00       0.00       0.00       0.00    
        0.00       0.00       0.00       0.00       0.00       0.00      2.500E-03  2.500E-03  2.500E-03  2.500E-03  2.500E-03
       2.500E-03  2.500E-03  2.500E-03  2.500E-03  2.500E-03  2.500E-03   0.00       0.00       0.00       0.00       0.00    
        0.00       0.00       0.00       0.00       0.00       0.00       0.00       0.00       0.00       0.00       0.00    
        0.00       0.00    
  42    0.00       0.00      2.500E-03  2.500E-03  2.500E-03  2.500E-03  2.500E-03  2.500E-03  2.500E-03  2.500E-03  2.500E-03
       2.500E-03   0.00       0.00       0.00       0.00       0.00       0.00       0.00       0.00       0.00       0.00    
        0.00       0.00       0.00       0.00       0.00       0.00       0.00       0.00      2.500E-03  2.500E-03  2.500E-03
       2.500E-03  2.500E-03  2.500E-03  2.500E-03  2.500E-03  2.500E-03   0.00       0.00       0.00       0.00       0.00    
        0.00       0.00       0.00       0.00       0.00       0.00       0.00       0.00       0.00       0.00       0.00    
        0.00       0.00    
  43    0.00       0.00      2.500E-03  2.500E-03  2.500E-03  2.500E-03  2.500E-03  2.500E-03  2.500E-03  2.500E-03   0.00    
        0.00       0.00       0.00       0.00       0.00       0.00       0.00       0.00       0.00       0.00       0.00    
        0.00       0.00       0.00       0.00       0.00       0.00       0.00       0.00       0.00      2.500E-03  2.500E-03
       2.500E-03  2.500E-03  2.500E-03  2.500E-03  2.500E-03  2.500E-03   0.00       0.00       0.00       0.00       0.00    
        0.00       0.00       0.00       0.00       0.00       0.00       0.00       0.00       0.00       0.00       0.00    
        0.00       0.00    
  44    0.00       0.00       0.00      2.500E-03  2.500E-03  2.500E-03  2.500E-03  2.500E-03  2.500E-03   0.00       0.00    
        0.00       0.00       0.00       0.00       0.00       0.00       0.00       0.00       0.00       0.00       0.00    
        0.00       0.00       0.00       0.00       0.00       0.00       0.00       0.00       0.00       0.00      2.500E-03
       2.500E-03  2.500E-03  2.500E-03  2.500E-03  2.500E-03  2.500E-03   0.00       0.00       0.00       0.00       0.00    
        0.00       0.00       0.00       0.00       0.00       0.00       0.00       0.00       0.00       0.00       0.00    
        0.00       0.00    
  45    0.00       0.00       0.00      2.500E-03  2.500E-03  2.500E-03  2.500E-03  2.500E-03   0.00       0.00       0.00    
        0.00       0.00       0.00       0.00       0.00       0.00       0.00       0.00       0.00       0.00       0.00    
        0.00       0.00       0.00       0.00       0.00       0.00       0.00       0.00       0.00       0.00       0.00    
       2.500E-03  2.500E-03  2.500E-03  2.500E-03  2.500E-03  2.500E-03   0.00       0.00       0.00       0.00       0.00    
        0.00       0.00       0.00       0.00       0.00       0.00       0.00       0.00       0.00       0.00       0.00    
        0.00       0.00    
  46    0.00       0.00       0.00       0.00      2.500E-03  2.500E-03  2.500E-03   0.00       0.00       0.00       0.00    
        0.00       0.00       0.00       0.00       0.00       0.00       0.00       0.00       0.00       0.00       0.00    
        0.00       0.00       0.00       0.00       0.00       0.00       0.00       0.00       0.00       0.00       0.00    
        0.00      2.500E-03  2.500E-03  2.500E-03  2.500E-03  2.500E-03   0.00       0.00       0.00       0.00       0.00    
        0.00       0.00       0.00       0.00       0.00       0.00       0.00       0.00       0.00       0.00       0.00    
        0.00       0.00    
  47    0.00       0.00       0.00       0.00      2.500E-03   0.00       0.00       0.00       0.00       0.00       0.00    
        0.00       0.00       0.00       0.00       0.00       0.00       0.00       0.00       0.00       0.00       0.00    
        0.00       0.00       0.00       0.00       0.00       0.00       0.00       0.00       0.00       0.00       0.00    
        0.00       0.00      2.500E-03  2.500E-03   0.00       0.00       0.00       0.00       0.00       0.00       0.00    
        0.00       0.00       0.00       0.00       0.00       0.00       0.00       0.00       0.00       0.00       0.00    
        0.00       0.00    

 SLN_1 INNER ITERATION SUMMARY
 --------------------------------------------------------------------------------------------------------------------------------------
      TOTAL      OUTER      INNER                                                            MAXIMUM                                   
  ITERATION  ITERATION  ITERATION  MAXIMUM CHANGE      MAXIMUM CHANGE MODEL-(CELLID)        RESIDUAL    MAXIMUM RESIDUAL MODEL-(CELLID)
 --------------------------------------------------------------------------------------------------------------------------------------
          1          1          1       8.2739353                    1_GWF-(1,29,39)      -40.723948                    1_GWF-(1,31,32)
          2          1          2       2.3941062                    1_GWF-(1,44,38)      -13.245164                     1_GWF-(1,5,47)
          3          1          3       1.2257170                     1_GWF-(1,5,46)      -6.4829112                     1_GWF-(1,3,40)
          4          1          4      0.82632643                     1_GWF-(1,3,40)      -3.7329997                     1_GWF-(1,3,40)
          5          1          5      0.51990546                     1_GWF-(1,3,36)      -1.7301018                     1_GWF-(1,3,28)
          6          1          6      0.33992175                     1_GWF-(1,3,33)     -0.38059393                     1_GWF-(1,4,25)
          7          1          7  6.22592363E-02                     1_GWF-(1,3,28) -8.16616305E-02                     1_GWF-(1,7,19)
          8          2          1  9.35731329E-03                     1_GWF-(1,6,20) -6.79606830E-03                     1_GWF-(1,5,22)
 --------------------------------------------------------------------------------------------------------------------------------------


 UBDSV1 SAVING           STO-SS ON UNIT   1030 AT TIME STEP      1, STRESS PERIOD      3
 UBDSV1 SAVING     FLOW-JA-FACE ON UNIT   1030 AT TIME STEP      1, STRESS PERIOD      3
 UBDSV06 SAVING       DATA-SPDIS IN MODEL LOCAL_RUN15      PACKAGE NPF             CONNECTED TO MODEL LOCAL_RUN15      PACKAGE NPF              ON UNIT   1030 AT TIME STEP      1, STRESS PERIOD      3
 UBDSV06 SAVING              GHB IN MODEL LOCAL_RUN15      PACKAGE LOCAL_RUN15     CONNECTED TO MODEL LOCAL_RUN15      PACKAGE GHB_AW           ON UNIT   1030 AT TIME STEP      1, STRESS PERIOD      3
 UBDSV06 SAVING              GHB IN MODEL LOCAL_RUN15      PACKAGE LOCAL_RUN15     CONNECTED TO MODEL LOCAL_RUN15      PACKAGE GHB_CONF         ON UNIT   1030 AT TIME STEP      1, STRESS PERIOD      3
 UBDSV06 SAVING              GHB IN MODEL LOCAL_RUN15      PACKAGE LOCAL_RUN15     CONNECTED TO MODEL LOCAL_RUN15      PACKAGE GHB_PW           ON UNIT   1030 AT TIME STEP      1, STRESS PERIOD      3
 UBDSV06 SAVING              GHB IN MODEL LOCAL_RUN15      PACKAGE LOCAL_RUN15     CONNECTED TO MODEL LOCAL_RUN15      PACKAGE GHB_SP           ON UNIT   1030 AT TIME STEP      1, STRESS PERIOD      3
 UBDSV06 SAVING             RCHA IN MODEL LOCAL_RUN15      PACKAGE LOCAL_RUN15     CONNECTED TO MODEL LOCAL_RUN15      PACKAGE RCH              ON UNIT   1030 AT TIME STEP      1, STRESS PERIOD      3

 HEAD WILL BE SAVED ON UNIT 1031 AT END OF TIME STEP    1, STRESS PERIOD    3


  VOLUME BUDGET FOR ENTIRE MODEL AT END OF TIME STEP    1, STRESS PERIOD   3
  ---------------------------------------------------------------------------------------------------

     CUMULATIVE VOLUME      L**3       RATES FOR THIS TIME STEP      L**3/T          PACKAGE NAME    
     ------------------                 ------------------------                     ----------------

           IN:                                      IN:
           ---                                      ---
              STO-SS =     3886796.4700                STO-SS =           0.0000     STORAGE                          
                 GHB =         756.5697                   GHB =          30.1252     GHB_AW                           
                 GHB =       10283.4933                   GHB =        4446.6294     GHB_CONF                         
                 GHB =         191.4221                   GHB =           0.0000     GHB_PW                           
                 GHB =           0.0000                   GHB =           0.0000     GHB_SP                           
                RCHA =      142678.1250                  RCHA =        2642.1875     RCH                              

            TOTAL IN =     4040706.0800              TOTAL IN =        7118.9420

          OUT:                                     OUT:
          ----                                     ----
              STO-SS =           0.0000                STO-SS =           0.0000     STORAGE                          
                 GHB =     2802912.8075                   GHB =        7115.1941     GHB_AW                           
                 GHB =      634583.0863                   GHB =           0.0000     GHB_CONF                         
                 GHB =      393549.5125                   GHB =           3.4042     GHB_PW                           
                 GHB =      209657.3277                   GHB =           0.0000     GHB_SP                           
                RCHA =           0.0000                  RCHA =           0.0000     RCH                              

           TOTAL OUT =     4040702.7339             TOTAL OUT =        7118.5983

            IN - OUT =           3.3462              IN - OUT =           0.3437

 PERCENT DISCREPANCY =           0.00     PERCENT DISCREPANCY =           0.00




         TIME SUMMARY AT END OF TIME STEP    1 IN STRESS PERIOD    3
                    SECONDS     MINUTES      HOURS       DAYS        YEARS
                    -----------------------------------------------------------
   TIME STEP LENGTH  86400.      1440.0      24.000      1.0000     2.73785E-03
 STRESS PERIOD TIME  86400.      1440.0      24.000      1.0000     2.73785E-03
         TOTAL TIME 4.66560E+06  77760.      1296.0      54.000     0.14784    


end timestep


start timestep kper="4" kstp="1" mode="normal"


 OUTPUT CONTROL FOR STRESS PERIOD 4 IS REPEATED USING SETTINGS FROM A PREVIOUS STRESS PERIOD.


 PROCESSING STORAGE PERIOD DATA
 END PROCESSING STORAGE PERIOD DATA


 STRESS PERIOD 4 IS TRANSIENT


 OPENED local_run15.ghbaw_stress_period_data_3.txt
 FILE TYPE:OPEN/CLOSE   UNIT 1047   STATUS:OLD                 
 FORMAT:FORMATTED              ACCESS:SEQUENTIAL          
 ACTION:READ                


 OPENED local_run15.ghb_conf_stress_period_data_3.txt
 FILE TYPE:OPEN/CLOSE   UNIT 1048   STATUS:OLD                 
 FORMAT:FORMATTED              ACCESS:SEQUENTIAL          
 ACTION:READ                


 OPENED local_run15.ghb_pw_stress_period_data_3.txt
 FILE TYPE:OPEN/CLOSE   UNIT 1049   STATUS:OLD                 
 FORMAT:FORMATTED              ACCESS:SEQUENTIAL          
 ACTION:READ                


 OPENED local_run15.ghbspr_stress_period_data_3.txt
 FILE TYPE:OPEN/CLOSE   UNIT 1050   STATUS:OLD                 
 FORMAT:FORMATTED              ACCESS:SEQUENTIAL          
 ACTION:READ                


 OPENED local_run15.rcha_recharge_3.txt
 FILE TYPE:OPEN/CLOSE   UNIT 1051   STATUS:OLD                 
 FORMAT:FORMATTED              ACCESS:SEQUENTIAL          
 ACTION:READ                


                 RECHARGE

               1          2          3          4          5          6          7          8          9         10         11
              12         13         14         15         16         17         18         19         20         21         22
              23         24         25         26         27         28         29         30         31         32         33
              34         35         36         37         38         39         40         41         42         43         44
              45         46         47         48         49         50         51         52         53         54         55
              56         57
 .............................................................................................................................
   1    0.00       0.00       0.00       0.00       0.00       0.00       0.00       0.00       0.00       0.00       0.00    
        0.00       0.00       0.00       0.00       0.00       0.00       0.00       0.00       0.00       0.00       0.00    
        0.00       0.00       0.00       0.00       0.00       0.00       0.00       0.00       0.00       0.00       0.00    
        0.00       0.00       0.00       0.00       0.00       0.00       0.00       0.00       0.00       0.00       0.00    
        0.00       0.00       0.00       0.00       0.00       0.00       0.00       0.00       0.00       0.00       0.00    
        0.00       0.00    
   2    0.00       0.00       0.00       0.00       0.00       0.00       0.00       0.00       0.00       0.00       0.00    
        0.00       0.00       0.00       0.00       0.00       0.00       0.00       0.00       0.00       0.00       0.00    
        0.00       0.00       0.00       0.00       0.00      2.500E-03  2.500E-03  2.500E-03  2.500E-03  2.500E-03  2.500E-03
       2.500E-03  2.500E-03  2.500E-03  2.500E-03  2.500E-03  2.500E-03  2.500E-03  2.500E-03  2.500E-03  2.500E-03   0.00    
        0.00       0.00       0.00       0.00       0.00       0.00       0.00       0.00       0.00       0.00       0.00    
        0.00       0.00    
   3    0.00       0.00       0.00       0.00       0.00       0.00       0.00       0.00       0.00       0.00       0.00    
        0.00       0.00       0.00       0.00       0.00       0.00       0.00       0.00       0.00       0.00       0.00    
        0.00       0.00      2.500E-03  2.500E-03  2.500E-03  2.500E-03  2.500E-03  2.500E-03  2.500E-03  2.500E-03  2.500E-03
       2.500E-03  2.500E-03  2.500E-03  2.500E-03  2.500E-03  2.500E-03  2.500E-03  2.500E-03  2.500E-03  2.500E-03  2.500E-03
       2.500E-03  2.500E-03  2.500E-03  2.500E-03   0.00       0.00       0.00       0.00       0.00       0.00       0.00    
        0.00       0.00    
   4    0.00       0.00       0.00       0.00       0.00       0.00       0.00       0.00       0.00       0.00       0.00    
        0.00       0.00       0.00       0.00       0.00       0.00       0.00       0.00       0.00       0.00      2.500E-03
       2.500E-03  2.500E-03  2.500E-03  2.500E-03  2.500E-03  2.500E-03  2.500E-03  2.500E-03  2.500E-03  2.500E-03  2.500E-03
       2.500E-03  2.500E-03  2.500E-03  2.500E-03  2.500E-03  2.500E-03  2.500E-03  2.500E-03  2.500E-03  2.500E-03  2.500E-03
       2.500E-03  2.500E-03  2.500E-03  2.500E-03  2.500E-03   0.00       0.00       0.00       0.00       0.00       0.00    
        0.00       0.00    
   5    0.00       0.00       0.00       0.00       0.00       0.00       0.00       0.00       0.00       0.00       0.00    
        0.00       0.00       0.00       0.00       0.00       0.00       0.00      2.500E-03  2.500E-03  2.500E-03  2.500E-03
       2.500E-03  2.500E-03  2.500E-03  2.500E-03  2.500E-03  2.500E-03  2.500E-03  2.500E-03  2.500E-03  2.500E-03  2.500E-03
       2.500E-03  2.500E-03  2.500E-03  2.500E-03  2.500E-03  2.500E-03  2.500E-03  2.500E-03  2.500E-03  2.500E-03  2.500E-03
       2.500E-03  2.500E-03  2.500E-03  2.500E-03  2.500E-03  2.500E-03   0.00       0.00       0.00       0.00       0.00    
        0.00       0.00    
   6    0.00       0.00       0.00       0.00       0.00       0.00       0.00       0.00       0.00       0.00       0.00    
        0.00       0.00       0.00       0.00       0.00      2.500E-03  2.500E-03  2.500E-03  2.500E-03  2.500E-03  2.500E-03
       2.500E-03  2.500E-03  2.500E-03  2.500E-03  2.500E-03  2.500E-03  2.500E-03  2.500E-03  2.500E-03  2.500E-03  2.500E-03
       2.500E-03  2.500E-03  2.500E-03  2.500E-03  2.500E-03  2.500E-03  2.500E-03  2.500E-03  2.500E-03  2.500E-03  2.500E-03
       2.500E-03  2.500E-03  2.500E-03  2.500E-03  2.500E-03  2.500E-03  2.500E-03  2.500E-03   0.00       0.00       0.00    
        0.00       0.00    
   7    0.00       0.00       0.00       0.00       0.00       0.00       0.00       0.00       0.00       0.00       0.00    
        0.00       0.00       0.00       0.00      2.500E-03  2.500E-03  2.500E-03  2.500E-03  2.500E-03  2.500E-03  2.500E-03
       2.500E-03  2.500E-03  2.500E-03  2.500E-03  2.500E-03  2.500E-03  2.500E-03  2.500E-03  2.500E-03  2.500E-03  2.500E-03
       2.500E-03  2.500E-03  2.500E-03  2.500E-03  2.500E-03  2.500E-03  2.500E-03  2.500E-03  2.500E-03  2.500E-03  2.500E-03
       2.500E-03  2.500E-03  2.500E-03  2.500E-03  2.500E-03  2.500E-03  2.500E-03  2.500E-03  2.500E-03   0.00       0.00    
        0.00       0.00    
   8    0.00       0.00       0.00       0.00       0.00       0.00       0.00       0.00       0.00       0.00       0.00    
        0.00       0.00       0.00      2.500E-03  2.500E-03  2.500E-03  2.500E-03  2.500E-03  2.500E-03  2.500E-03  2.500E-03
       2.500E-03  2.500E-03  2.500E-03  2.500E-03  2.500E-03  2.500E-03  2.500E-03  2.500E-03  2.500E-03  2.500E-03  2.500E-03
       2.500E-03  2.500E-03  2.500E-03  2.500E-03  2.500E-03  2.500E-03  2.500E-03  2.500E-03  2.500E-03  2.500E-03  2.500E-03
       2.500E-03  2.500E-03  2.500E-03  2.500E-03  2.500E-03  2.500E-03  2.500E-03  2.500E-03  2.500E-03  2.500E-03   0.00    
        0.00       0.00    
   9    0.00       0.00       0.00       0.00       0.00       0.00       0.00       0.00       0.00       0.00       0.00    
        0.00       0.00      2.500E-03  2.500E-03  2.500E-03  2.500E-03  2.500E-03  2.500E-03  2.500E-03  2.500E-03  2.500E-03
       2.500E-03  2.500E-03  2.500E-03  2.500E-03  2.500E-03  2.500E-03  2.500E-03  2.500E-03  2.500E-03  2.500E-03  2.500E-03
       2.500E-03  2.500E-03  2.500E-03  2.500E-03  2.500E-03  2.500E-03  2.500E-03  2.500E-03  2.500E-03  2.500E-03  2.500E-03
       2.500E-03  2.500E-03  2.500E-03  2.500E-03  2.500E-03  2.500E-03  2.500E-03  2.500E-03  2.500E-03  2.500E-03  2.500E-03
        0.00       0.00    
  10    0.00       0.00       0.00       0.00       0.00       0.00       0.00       0.00       0.00       0.00       0.00    
        0.00      2.500E-03  2.500E-03  2.500E-03  2.500E-03  2.500E-03  2.500E-03  2.500E-03  2.500E-03  2.500E-03  2.500E-03
       2.500E-03  2.500E-03  2.500E-03  2.500E-03  2.500E-03  2.500E-03  2.500E-03  2.500E-03  2.500E-03  2.500E-03  2.500E-03
       2.500E-03  2.500E-03  2.500E-03  2.500E-03  2.500E-03  2.500E-03  2.500E-03  2.500E-03  2.500E-03  2.500E-03  2.500E-03
       2.500E-03  2.500E-03  2.500E-03  2.500E-03  2.500E-03  2.500E-03  2.500E-03  2.500E-03  2.500E-03  2.500E-03  2.500E-03
        0.00       0.00    
  11    0.00       0.00       0.00       0.00       0.00       0.00       0.00       0.00       0.00       0.00       0.00    
       2.500E-03  2.500E-03  2.500E-03  2.500E-03  2.500E-03  2.500E-03  2.500E-03  2.500E-03  2.500E-03  2.500E-03  2.500E-03
       2.500E-03  2.500E-03  2.500E-03  2.500E-03  2.500E-03  2.500E-03  2.500E-03  2.500E-03  2.500E-03  2.500E-03  2.500E-03
       2.500E-03  2.500E-03  2.500E-03  2.500E-03  2.500E-03  2.500E-03  2.500E-03  2.500E-03  2.500E-03  2.500E-03  2.500E-03
       2.500E-03  2.500E-03  2.500E-03  2.500E-03  2.500E-03  2.500E-03  2.500E-03  2.500E-03  2.500E-03  2.500E-03  2.500E-03
       2.500E-03   0.00    
  12    0.00       0.00       0.00       0.00       0.00       0.00       0.00       0.00       0.00       0.00      2.500E-03
       2.500E-03  2.500E-03  2.500E-03  2.500E-03  2.500E-03  2.500E-03  2.500E-03  2.500E-03  2.500E-03  2.500E-03  2.500E-03
       2.500E-03  2.500E-03  2.500E-03  2.500E-03  2.500E-03  2.500E-03  2.500E-03  2.500E-03  2.500E-03  2.500E-03  2.500E-03
       2.500E-03  2.500E-03  2.500E-03  2.500E-03  2.500E-03  2.500E-03  2.500E-03  2.500E-03  2.500E-03  2.500E-03  2.500E-03
       2.500E-03  2.500E-03  2.500E-03  2.500E-03  2.500E-03  2.500E-03  2.500E-03  2.500E-03  2.500E-03  2.500E-03  2.500E-03
       2.500E-03   0.00    
  13    0.00       0.00       0.00       0.00       0.00       0.00       0.00       0.00       0.00      2.500E-03  2.500E-03
       2.500E-03  2.500E-03  2.500E-03  2.500E-03  2.500E-03  2.500E-03  2.500E-03  2.500E-03  2.500E-03  2.500E-03  2.500E-03
       2.500E-03  2.500E-03  2.500E-03  2.500E-03  2.500E-03  2.500E-03  2.500E-03  2.500E-03  2.500E-03  2.500E-03  2.500E-03
       2.500E-03  2.500E-03  2.500E-03  2.500E-03  2.500E-03  2.500E-03  2.500E-03  2.500E-03  2.500E-03  2.500E-03  2.500E-03
       2.500E-03  2.500E-03  2.500E-03  2.500E-03  2.500E-03  2.500E-03  2.500E-03  2.500E-03  2.500E-03  2.500E-03  2.500E-03
       2.500E-03   0.00    
  14    0.00       0.00       0.00       0.00       0.00       0.00       0.00       0.00      2.500E-03  2.500E-03  2.500E-03
       2.500E-03  2.500E-03  2.500E-03  2.500E-03  2.500E-03  2.500E-03  2.500E-03  2.500E-03  2.500E-03  2.500E-03  2.500E-03
       2.500E-03  2.500E-03  2.500E-03  2.500E-03  2.500E-03  2.500E-03  2.500E-03  2.500E-03  2.500E-03  2.500E-03  2.500E-03
       2.500E-03  2.500E-03  2.500E-03  2.500E-03  2.500E-03  2.500E-03  2.500E-03  2.500E-03  2.500E-03  2.500E-03  2.500E-03
       2.500E-03  2.500E-03  2.500E-03  2.500E-03  2.500E-03  2.500E-03  2.500E-03  2.500E-03  2.500E-03  2.500E-03  2.500E-03
       2.500E-03   0.00    
  15    0.00       0.00       0.00       0.00       0.00       0.00       0.00      2.500E-03  2.500E-03  2.500E-03  2.500E-03
       2.500E-03  2.500E-03  2.500E-03  2.500E-03  2.500E-03  2.500E-03  2.500E-03  2.500E-03  2.500E-03  2.500E-03  2.500E-03
       2.500E-03  2.500E-03  2.500E-03  2.500E-03  2.500E-03  2.500E-03  2.500E-03  2.500E-03  2.500E-03  2.500E-03  2.500E-03
       2.500E-03  2.500E-03  2.500E-03  2.500E-03  2.500E-03  2.500E-03  2.500E-03  2.500E-03  2.500E-03  2.500E-03  2.500E-03
       2.500E-03  2.500E-03  2.500E-03  2.500E-03  2.500E-03  2.500E-03  2.500E-03  2.500E-03  2.500E-03  2.500E-03  2.500E-03
       2.500E-03   0.00    
  16    0.00       0.00       0.00       0.00       0.00       0.00      2.500E-03  2.500E-03  2.500E-03  2.500E-03  2.500E-03
       2.500E-03  2.500E-03  2.500E-03  2.500E-03  2.500E-03  2.500E-03  2.500E-03  2.500E-03  2.500E-03  2.500E-03  2.500E-03
       2.500E-03  2.500E-03  2.500E-03  2.500E-03  2.500E-03  2.500E-03  2.500E-03  2.500E-03  2.500E-03  2.500E-03  2.500E-03
       2.500E-03  2.500E-03  2.500E-03  2.500E-03  2.500E-03  2.500E-03  2.500E-03  2.500E-03  2.500E-03  2.500E-03  2.500E-03
       2.500E-03  2.500E-03  2.500E-03  2.500E-03  2.500E-03  2.500E-03  2.500E-03  2.500E-03  2.500E-03  2.500E-03  2.500E-03
       2.500E-03   0.00    
  17    0.00       0.00       0.00       0.00       0.00      2.500E-03  2.500E-03  2.500E-03  2.500E-03  2.500E-03  2.500E-03
       2.500E-03  2.500E-03  2.500E-03  2.500E-03  2.500E-03  2.500E-03  2.500E-03  2.500E-03  2.500E-03  2.500E-03  2.500E-03
       2.500E-03  2.500E-03  2.500E-03  2.500E-03  2.500E-03  2.500E-03  2.500E-03  2.500E-03  2.500E-03  2.500E-03  2.500E-03
       2.500E-03  2.500E-03  2.500E-03  2.500E-03  2.500E-03  2.500E-03  2.500E-03  2.500E-03  2.500E-03  2.500E-03  2.500E-03
       2.500E-03  2.500E-03  2.500E-03  2.500E-03  2.500E-03  2.500E-03  2.500E-03  2.500E-03  2.500E-03  2.500E-03  2.500E-03
       2.500E-03   0.00    
  18    0.00       0.00       0.00       0.00       0.00      2.500E-03  2.500E-03  2.500E-03  2.500E-03  2.500E-03  2.500E-03
       2.500E-03  2.500E-03  2.500E-03  2.500E-03  2.500E-03  2.500E-03  2.500E-03  2.500E-03  2.500E-03  2.500E-03  2.500E-03
       2.500E-03  2.500E-03  2.500E-03  2.500E-03  2.500E-03  2.500E-03  2.500E-03  2.500E-03  2.500E-03  2.500E-03  2.500E-03
       2.500E-03  2.500E-03  2.500E-03  2.500E-03  2.500E-03  2.500E-03  2.500E-03  2.500E-03  2.500E-03  2.500E-03  2.500E-03
       2.500E-03  2.500E-03  2.500E-03  2.500E-03  2.500E-03  2.500E-03  2.500E-03  2.500E-03  2.500E-03  2.500E-03  2.500E-03
       2.500E-03   0.00    
  19    0.00       0.00       0.00       0.00      2.500E-03  2.500E-03  2.500E-03  2.500E-03  2.500E-03  2.500E-03  2.500E-03
       2.500E-03  2.500E-03  2.500E-03  2.500E-03  2.500E-03  2.500E-03  2.500E-03  2.500E-03  2.500E-03  2.500E-03  2.500E-03
       2.500E-03  2.500E-03  2.500E-03  2.500E-03  2.500E-03  2.500E-03  2.500E-03  2.500E-03  2.500E-03  2.500E-03  2.500E-03
       2.500E-03  2.500E-03  2.500E-03  2.500E-03  2.500E-03  2.500E-03  2.500E-03  2.500E-03  2.500E-03  2.500E-03  2.500E-03
       2.500E-03  2.500E-03  2.500E-03  2.500E-03  2.500E-03  2.500E-03  2.500E-03  2.500E-03  2.500E-03  2.500E-03  2.500E-03
       2.500E-03   0.00    
  20    0.00       0.00       0.00       0.00      2.500E-03  2.500E-03  2.500E-03  2.500E-03  2.500E-03  2.500E-03  2.500E-03
       2.500E-03  2.500E-03  2.500E-03  2.500E-03  2.500E-03  2.500E-03  2.500E-03  2.500E-03  2.500E-03  2.500E-03  2.500E-03
       2.500E-03  2.500E-03  2.500E-03  2.500E-03  2.500E-03  2.500E-03  2.500E-03  2.500E-03  2.500E-03  2.500E-03  2.500E-03
       2.500E-03  2.500E-03  2.500E-03  2.500E-03  2.500E-03  2.500E-03  2.500E-03  2.500E-03  2.500E-03  2.500E-03  2.500E-03
       2.500E-03  2.500E-03  2.500E-03  2.500E-03  2.500E-03  2.500E-03  2.500E-03  2.500E-03  2.500E-03  2.500E-03  2.500E-03
       2.500E-03   0.00    
  21    0.00       0.00       0.00      2.500E-03  2.500E-03  2.500E-03  2.500E-03  2.500E-03  2.500E-03  2.500E-03  2.500E-03
       2.500E-03  2.500E-03  2.500E-03  2.500E-03  2.500E-03  2.500E-03  2.500E-03  2.500E-03  2.500E-03  2.500E-03  2.500E-03
       2.500E-03  2.500E-03  2.500E-03  2.500E-03  2.500E-03  2.500E-03  2.500E-03  2.500E-03  2.500E-03  2.500E-03  2.500E-03
       2.500E-03  2.500E-03  2.500E-03  2.500E-03  2.500E-03  2.500E-03  2.500E-03  2.500E-03  2.500E-03  2.500E-03  2.500E-03
       2.500E-03  2.500E-03  2.500E-03  2.500E-03  2.500E-03  2.500E-03  2.500E-03  2.500E-03  2.500E-03  2.500E-03  2.500E-03
       2.500E-03   0.00    
  22    0.00       0.00       0.00      2.500E-03  2.500E-03  2.500E-03  2.500E-03  2.500E-03  2.500E-03  2.500E-03  2.500E-03
       2.500E-03  2.500E-03  2.500E-03  2.500E-03  2.500E-03  2.500E-03  2.500E-03  2.500E-03  2.500E-03  2.500E-03  2.500E-03
       2.500E-03  2.500E-03  2.500E-03  2.500E-03  2.500E-03  2.500E-03  2.500E-03  2.500E-03  2.500E-03  2.500E-03  2.500E-03
       2.500E-03  2.500E-03  2.500E-03  2.500E-03  2.500E-03  2.500E-03  2.500E-03  2.500E-03  2.500E-03  2.500E-03  2.500E-03
       2.500E-03  2.500E-03  2.500E-03  2.500E-03  2.500E-03  2.500E-03  2.500E-03  2.500E-03  2.500E-03  2.500E-03  2.500E-03
       2.500E-03   0.00    
  23    0.00       0.00       0.00      2.500E-03  2.500E-03  2.500E-03  2.500E-03  2.500E-03  2.500E-03  2.500E-03  2.500E-03
       2.500E-03  2.500E-03  2.500E-03  2.500E-03  2.500E-03  2.500E-03  2.500E-03  2.500E-03  2.500E-03  2.500E-03  2.500E-03
       2.500E-03  2.500E-03  2.500E-03  2.500E-03  2.500E-03  2.500E-03  2.500E-03  2.500E-03  2.500E-03  2.500E-03  2.500E-03
       2.500E-03  2.500E-03  2.500E-03  2.500E-03  2.500E-03  2.500E-03  2.500E-03  2.500E-03   0.00       0.00       0.00    
        0.00       0.00       0.00       0.00      2.500E-03  2.500E-03  2.500E-03  2.500E-03  2.500E-03  2.500E-03  2.500E-03
       2.500E-03   0.00    
  24    0.00       0.00      2.500E-03  2.500E-03  2.500E-03  2.500E-03  2.500E-03  2.500E-03  2.500E-03  2.500E-03  2.500E-03
       2.500E-03  2.500E-03  2.500E-03  2.500E-03  2.500E-03  2.500E-03  2.500E-03  2.500E-03  2.500E-03  2.500E-03  2.500E-03
       2.500E-03  2.500E-03  2.500E-03  2.500E-03  2.500E-03  2.500E-03  2.500E-03  2.500E-03  2.500E-03  2.500E-03  2.500E-03
       2.500E-03  2.500E-03  2.500E-03  2.500E-03  2.500E-03  2.500E-03  2.500E-03  2.500E-03   0.00       0.00       0.00    
        0.00       0.00       0.00       0.00       0.00       0.00      2.500E-03  2.500E-03  2.500E-03  2.500E-03  2.500E-03
       2.500E-03   0.00    
  25    0.00       0.00      2.500E-03  2.500E-03  2.500E-03  2.500E-03  2.500E-03  2.500E-03  2.500E-03  2.500E-03  2.500E-03
       2.500E-03  2.500E-03  2.500E-03  2.500E-03  2.500E-03  2.500E-03  2.500E-03  2.500E-03  2.500E-03  2.500E-03  2.500E-03
       2.500E-03  2.500E-03  2.500E-03  2.500E-03  2.500E-03  2.500E-03  2.500E-03  2.500E-03  2.500E-03  2.500E-03  2.500E-03
       2.500E-03  2.500E-03  2.500E-03  2.500E-03  2.500E-03  2.500E-03  2.500E-03   0.00       0.00       0.00       0.00    
        0.00       0.00       0.00       0.00       0.00       0.00       0.00       0.00       0.00      2.500E-03  2.500E-03
        0.00       0.00    
  26    0.00      2.500E-03  2.500E-03  2.500E-03  2.500E-03  2.500E-03  2.500E-03  2.500E-03  2.500E-03  2.500E-03  2.500E-03
       2.500E-03  2.500E-03  2.500E-03  2.500E-03  2.500E-03  2.500E-03  2.500E-03  2.500E-03  2.500E-03  2.500E-03  2.500E-03
       2.500E-03  2.500E-03  2.500E-03  2.500E-03  2.500E-03  2.500E-03  2.500E-03  2.500E-03  2.500E-03  2.500E-03  2.500E-03
       2.500E-03  2.500E-03  2.500E-03  2.500E-03  2.500E-03  2.500E-03  2.500E-03   0.00       0.00       0.00       0.00    
        0.00       0.00       0.00       0.00       0.00       0.00       0.00       0.00       0.00       0.00       0.00    
        0.00       0.00    
  27    0.00      2.500E-03  2.500E-03  2.500E-03  2.500E-03  2.500E-03  2.500E-03  2.500E-03  2.500E-03  2.500E-03  2.500E-03
       2.500E-03  2.500E-03  2.500E-03  2.500E-03  2.500E-03  2.500E-03  2.500E-03  2.500E-03  2.500E-03  2.500E-03  2.500E-03
       2.500E-03  2.500E-03  2.500E-03  2.500E-03  2.500E-03  2.500E-03  2.500E-03  2.500E-03  2.500E-03  2.500E-03  2.500E-03
       2.500E-03  2.500E-03  2.500E-03  2.500E-03  2.500E-03  2.500E-03   0.00       0.00       0.00       0.00       0.00    
        0.00       0.00       0.00       0.00       0.00       0.00       0.00       0.00       0.00       0.00       0.00    
        0.00       0.00    
  28   2.500E-03  2.500E-03  2.500E-03  2.500E-03  2.500E-03  2.500E-03  2.500E-03  2.500E-03  2.500E-03  2.500E-03  2.500E-03
       2.500E-03  2.500E-03  2.500E-03  2.500E-03  2.500E-03  2.500E-03  2.500E-03  2.500E-03  2.500E-03  2.500E-03  2.500E-03
       2.500E-03  2.500E-03  2.500E-03  2.500E-03  2.500E-03  2.500E-03  2.500E-03  2.500E-03  2.500E-03  2.500E-03  2.500E-03
       2.500E-03  2.500E-03  2.500E-03  2.500E-03  2.500E-03  2.500E-03   0.00       0.00       0.00       0.00       0.00    
        0.00       0.00       0.00       0.00       0.00       0.00       0.00       0.00       0.00       0.00       0.00    
        0.00       0.00    
  29   2.500E-03  2.500E-03  2.500E-03  2.500E-03  2.500E-03  2.500E-03  2.500E-03  2.500E-03  2.500E-03  2.500E-03  2.500E-03
       2.500E-03  2.500E-03  2.500E-03  2.500E-03  2.500E-03  2.500E-03  2.500E-03  2.500E-03  2.500E-03  2.500E-03  2.500E-03
       2.500E-03  2.500E-03  2.500E-03  2.500E-03  2.500E-03  2.500E-03  2.500E-03  2.500E-03  2.500E-03  2.500E-03  2.500E-03
       2.500E-03  2.500E-03  2.500E-03  2.500E-03  2.500E-03  2.500E-03   0.00       0.00       0.00       0.00       0.00    
        0.00       0.00       0.00       0.00       0.00       0.00       0.00       0.00       0.00       0.00       0.00    
        0.00       0.00    
  30   2.500E-03  2.500E-03  2.500E-03  2.500E-03  2.500E-03  2.500E-03  2.500E-03  2.500E-03  2.500E-03  2.500E-03  2.500E-03
       2.500E-03  2.500E-03  2.500E-03  2.500E-03  2.500E-03  2.500E-03  2.500E-03  2.500E-03  2.500E-03  2.500E-03  2.500E-03
       2.500E-03  2.500E-03  2.500E-03  2.500E-03  2.500E-03  2.500E-03  2.500E-03  2.500E-03  2.500E-03  2.500E-03  2.500E-03
       2.500E-03  2.500E-03  2.500E-03  2.500E-03  2.500E-03   0.00       0.00       0.00       0.00       0.00       0.00    
        0.00       0.00       0.00       0.00       0.00       0.00       0.00       0.00       0.00       0.00       0.00    
        0.00       0.00    
  31   2.500E-03  2.500E-03  2.500E-03  2.500E-03  2.500E-03  2.500E-03  2.500E-03  2.500E-03  2.500E-03  2.500E-03  2.500E-03
       2.500E-03  2.500E-03  2.500E-03  2.500E-03  2.500E-03  2.500E-03  2.500E-03  2.500E-03  2.500E-03  2.500E-03  2.500E-03
       2.500E-03  2.500E-03  2.500E-03  2.500E-03  2.500E-03  2.500E-03  2.500E-03  2.500E-03  2.500E-03  2.500E-03  2.500E-03
       2.500E-03  2.500E-03  2.500E-03  2.500E-03  2.500E-03   0.00       0.00       0.00       0.00       0.00       0.00    
        0.00       0.00       0.00       0.00       0.00       0.00       0.00       0.00       0.00       0.00       0.00    
        0.00       0.00    
  32   2.500E-03  2.500E-03  2.500E-03  2.500E-03  2.500E-03  2.500E-03  2.500E-03  2.500E-03  2.500E-03  2.500E-03  2.500E-03
       2.500E-03  2.500E-03  2.500E-03  2.500E-03  2.500E-03  2.500E-03  2.500E-03  2.500E-03  2.500E-03  2.500E-03  2.500E-03
       2.500E-03  2.500E-03  2.500E-03  2.500E-03  2.500E-03  2.500E-03  2.500E-03  2.500E-03  2.500E-03  2.500E-03  2.500E-03
       2.500E-03  2.500E-03  2.500E-03  2.500E-03  2.500E-03   0.00       0.00       0.00       0.00       0.00       0.00    
        0.00       0.00       0.00       0.00       0.00       0.00       0.00       0.00       0.00       0.00       0.00    
        0.00       0.00    
  33   2.500E-03  2.500E-03  2.500E-03  2.500E-03  2.500E-03  2.500E-03  2.500E-03  2.500E-03  2.500E-03  2.500E-03  2.500E-03
       2.500E-03  2.500E-03  2.500E-03  2.500E-03  2.500E-03  2.500E-03  2.500E-03  2.500E-03  2.500E-03  2.500E-03  2.500E-03
       2.500E-03  2.500E-03  2.500E-03  2.500E-03  2.500E-03  2.500E-03  2.500E-03  2.500E-03  2.500E-03  2.500E-03  2.500E-03
       2.500E-03  2.500E-03  2.500E-03  2.500E-03   0.00       0.00       0.00       0.00       0.00       0.00       0.00    
        0.00       0.00       0.00       0.00       0.00       0.00       0.00       0.00       0.00       0.00       0.00    
        0.00       0.00    
  34   2.500E-03  2.500E-03  2.500E-03  2.500E-03  2.500E-03  2.500E-03  2.500E-03  2.500E-03  2.500E-03  2.500E-03  2.500E-03
       2.500E-03  2.500E-03  2.500E-03  2.500E-03  2.500E-03  2.500E-03  2.500E-03  2.500E-03  2.500E-03  2.500E-03  2.500E-03
       2.500E-03  2.500E-03  2.500E-03  2.500E-03  2.500E-03  2.500E-03  2.500E-03  2.500E-03  2.500E-03  2.500E-03  2.500E-03
       2.500E-03  2.500E-03  2.500E-03  2.500E-03   0.00       0.00       0.00       0.00       0.00       0.00       0.00    
        0.00       0.00       0.00       0.00       0.00       0.00       0.00       0.00       0.00       0.00       0.00    
        0.00       0.00    
  35   2.500E-03  2.500E-03  2.500E-03  2.500E-03  2.500E-03  2.500E-03  2.500E-03  2.500E-03  2.500E-03  2.500E-03  2.500E-03
       2.500E-03  2.500E-03  2.500E-03  2.500E-03  2.500E-03  2.500E-03  2.500E-03  2.500E-03  2.500E-03  2.500E-03  2.500E-03
       2.500E-03  2.500E-03  2.500E-03  2.500E-03  2.500E-03  2.500E-03  2.500E-03  2.500E-03  2.500E-03  2.500E-03  2.500E-03
       2.500E-03  2.500E-03  2.500E-03  2.500E-03  2.500E-03   0.00       0.00       0.00       0.00       0.00       0.00    
        0.00       0.00       0.00       0.00       0.00       0.00       0.00       0.00       0.00       0.00       0.00    
        0.00       0.00    
  36   2.500E-03  2.500E-03  2.500E-03  2.500E-03  2.500E-03  2.500E-03  2.500E-03  2.500E-03  2.500E-03  2.500E-03  2.500E-03
       2.500E-03  2.500E-03  2.500E-03  2.500E-03  2.500E-03  2.500E-03  2.500E-03  2.500E-03  2.500E-03  2.500E-03  2.500E-03
       2.500E-03  2.500E-03  2.500E-03  2.500E-03  2.500E-03  2.500E-03  2.500E-03  2.500E-03  2.500E-03  2.500E-03  2.500E-03
       2.500E-03  2.500E-03  2.500E-03  2.500E-03  2.500E-03   0.00       0.00       0.00       0.00       0.00       0.00    
        0.00       0.00       0.00       0.00       0.00       0.00       0.00       0.00       0.00       0.00       0.00    
        0.00       0.00    
  37   2.500E-03  2.500E-03  2.500E-03  2.500E-03  2.500E-03  2.500E-03  2.500E-03  2.500E-03  2.500E-03  2.500E-03  2.500E-03
       2.500E-03  2.500E-03  2.500E-03  2.500E-03  2.500E-03  2.500E-03  2.500E-03  2.500E-03  2.500E-03  2.500E-03  2.500E-03
       2.500E-03  2.500E-03  2.500E-03  2.500E-03  2.500E-03  2.500E-03  2.500E-03  2.500E-03  2.500E-03  2.500E-03  2.500E-03
       2.500E-03  2.500E-03  2.500E-03  2.500E-03  2.500E-03   0.00       0.00       0.00       0.00       0.00       0.00    
        0.00       0.00       0.00       0.00       0.00       0.00       0.00       0.00       0.00       0.00       0.00    
        0.00       0.00    
  38   2.500E-03  2.500E-03  2.500E-03  2.500E-03  2.500E-03  2.500E-03  2.500E-03  2.500E-03  2.500E-03  2.500E-03  2.500E-03
       2.500E-03  2.500E-03  2.500E-03  2.500E-03  2.500E-03  2.500E-03  2.500E-03  2.500E-03  2.500E-03  2.500E-03  2.500E-03
       2.500E-03  2.500E-03  2.500E-03  2.500E-03  2.500E-03  2.500E-03  2.500E-03  2.500E-03  2.500E-03  2.500E-03  2.500E-03
       2.500E-03  2.500E-03  2.500E-03  2.500E-03  2.500E-03   0.00       0.00       0.00       0.00       0.00       0.00    
        0.00       0.00       0.00       0.00       0.00       0.00       0.00       0.00       0.00       0.00       0.00    
        0.00       0.00    
  39   2.500E-03  2.500E-03  2.500E-03  2.500E-03  2.500E-03  2.500E-03  2.500E-03  2.500E-03  2.500E-03  2.500E-03  2.500E-03
       2.500E-03  2.500E-03  2.500E-03  2.500E-03  2.500E-03  2.500E-03  2.500E-03  2.500E-03  2.500E-03  2.500E-03  2.500E-03
       2.500E-03  2.500E-03  2.500E-03  2.500E-03  2.500E-03  2.500E-03  2.500E-03  2.500E-03  2.500E-03  2.500E-03  2.500E-03
       2.500E-03  2.500E-03  2.500E-03  2.500E-03  2.500E-03   0.00       0.00       0.00       0.00       0.00       0.00    
        0.00       0.00       0.00       0.00       0.00       0.00       0.00       0.00       0.00       0.00       0.00    
        0.00       0.00    
  40    0.00      2.500E-03  2.500E-03  2.500E-03  2.500E-03  2.500E-03  2.500E-03  2.500E-03  2.500E-03  2.500E-03  2.500E-03
       2.500E-03  2.500E-03  2.500E-03  2.500E-03  2.500E-03  2.500E-03  2.500E-03  2.500E-03  2.500E-03   0.00      2.500E-03
       2.500E-03  2.500E-03  2.500E-03   0.00       0.00       0.00      2.500E-03  2.500E-03  2.500E-03  2.500E-03  2.500E-03
       2.500E-03  2.500E-03  2.500E-03  2.500E-03  2.500E-03  2.500E-03   0.00       0.00       0.00       0.00       0.00    
        0.00       0.00       0.00       0.00       0.00       0.00       0.00       0.00       0.00       0.00       0.00    
        0.00       0.00    
  41    0.00      2.500E-03  2.500E-03  2.500E-03  2.500E-03  2.500E-03  2.500E-03  2.500E-03  2.500E-03  2.500E-03  2.500E-03
       2.500E-03  2.500E-03  2.500E-03  2.500E-03  2.500E-03  2.500E-03   0.00       0.00       0.00       0.00       0.00    
        0.00       0.00       0.00       0.00       0.00       0.00      2.500E-03  2.500E-03  2.500E-03  2.500E-03  2.500E-03
       2.500E-03  2.500E-03  2.500E-03  2.500E-03  2.500E-03  2.500E-03   0.00       0.00       0.00       0.00       0.00    
        0.00       0.00       0.00       0.00       0.00       0.00       0.00       0.00       0.00       0.00       0.00    
        0.00       0.00    
  42    0.00       0.00      2.500E-03  2.500E-03  2.500E-03  2.500E-03  2.500E-03  2.500E-03  2.500E-03  2.500E-03  2.500E-03
       2.500E-03   0.00       0.00       0.00       0.00       0.00       0.00       0.00       0.00       0.00       0.00    
        0.00       0.00       0.00       0.00       0.00       0.00       0.00       0.00      2.500E-03  2.500E-03  2.500E-03
       2.500E-03  2.500E-03  2.500E-03  2.500E-03  2.500E-03  2.500E-03   0.00       0.00       0.00       0.00       0.00    
        0.00       0.00       0.00       0.00       0.00       0.00       0.00       0.00       0.00       0.00       0.00    
        0.00       0.00    
  43    0.00       0.00      2.500E-03  2.500E-03  2.500E-03  2.500E-03  2.500E-03  2.500E-03  2.500E-03  2.500E-03   0.00    
        0.00       0.00       0.00       0.00       0.00       0.00       0.00       0.00       0.00       0.00       0.00    
        0.00       0.00       0.00       0.00       0.00       0.00       0.00       0.00       0.00      2.500E-03  2.500E-03
       2.500E-03  2.500E-03  2.500E-03  2.500E-03  2.500E-03  2.500E-03   0.00       0.00       0.00       0.00       0.00    
        0.00       0.00       0.00       0.00       0.00       0.00       0.00       0.00       0.00       0.00       0.00    
        0.00       0.00    
  44    0.00       0.00       0.00      2.500E-03  2.500E-03  2.500E-03  2.500E-03  2.500E-03  2.500E-03   0.00       0.00    
        0.00       0.00       0.00       0.00       0.00       0.00       0.00       0.00       0.00       0.00       0.00    
        0.00       0.00       0.00       0.00       0.00       0.00       0.00       0.00       0.00       0.00      2.500E-03
       2.500E-03  2.500E-03  2.500E-03  2.500E-03  2.500E-03  2.500E-03   0.00       0.00       0.00       0.00       0.00    
        0.00       0.00       0.00       0.00       0.00       0.00       0.00       0.00       0.00       0.00       0.00    
        0.00       0.00    
  45    0.00       0.00       0.00      2.500E-03  2.500E-03  2.500E-03  2.500E-03  2.500E-03   0.00       0.00       0.00    
        0.00       0.00       0.00       0.00       0.00       0.00       0.00       0.00       0.00       0.00       0.00    
        0.00       0.00       0.00       0.00       0.00       0.00       0.00       0.00       0.00       0.00       0.00    
       2.500E-03  2.500E-03  2.500E-03  2.500E-03  2.500E-03  2.500E-03   0.00       0.00       0.00       0.00       0.00    
        0.00       0.00       0.00       0.00       0.00       0.00       0.00       0.00       0.00       0.00       0.00    
        0.00       0.00    
  46    0.00       0.00       0.00       0.00      2.500E-03  2.500E-03  2.500E-03   0.00       0.00       0.00       0.00    
        0.00       0.00       0.00       0.00       0.00       0.00       0.00       0.00       0.00       0.00       0.00    
        0.00       0.00       0.00       0.00       0.00       0.00       0.00       0.00       0.00       0.00       0.00    
        0.00      2.500E-03  2.500E-03  2.500E-03  2.500E-03  2.500E-03   0.00       0.00       0.00       0.00       0.00    
        0.00       0.00       0.00       0.00       0.00       0.00       0.00       0.00       0.00       0.00       0.00    
        0.00       0.00    
  47    0.00       0.00       0.00       0.00      2.500E-03   0.00       0.00       0.00       0.00       0.00       0.00    
        0.00       0.00       0.00       0.00       0.00       0.00       0.00       0.00       0.00       0.00       0.00    
        0.00       0.00       0.00       0.00       0.00       0.00       0.00       0.00       0.00       0.00       0.00    
        0.00       0.00      2.500E-03  2.500E-03   0.00       0.00       0.00       0.00       0.00       0.00       0.00    
        0.00       0.00       0.00       0.00       0.00       0.00       0.00       0.00       0.00       0.00       0.00    
        0.00       0.00    

 SLN_1 INNER ITERATION SUMMARY
 --------------------------------------------------------------------------------------------------------------------------------------
      TOTAL      OUTER      INNER                                                            MAXIMUM                                   
  ITERATION  ITERATION  ITERATION  MAXIMUM CHANGE      MAXIMUM CHANGE MODEL-(CELLID)        RESIDUAL    MAXIMUM RESIDUAL MODEL-(CELLID)
 --------------------------------------------------------------------------------------------------------------------------------------
          1          1          1      -4.0894476                    1_GWF-(1,42,10)  1.04530299E-04                    1_GWF-(1,36,16)
          2          1          2 -2.17409936E-07                    1_GWF-(1,40,18)  1.05940858E-10                    1_GWF-(1,35,24)
          3          2          1 -1.57886140E-15                    1_GWF-(1,40,18)  1.06643097E-10                    1_GWF-(1,35,24)
 --------------------------------------------------------------------------------------------------------------------------------------


 UBDSV1 SAVING           STO-SS ON UNIT   1030 AT TIME STEP      1, STRESS PERIOD      4
 UBDSV1 SAVING     FLOW-JA-FACE ON UNIT   1030 AT TIME STEP      1, STRESS PERIOD      4
 UBDSV06 SAVING       DATA-SPDIS IN MODEL LOCAL_RUN15      PACKAGE NPF             CONNECTED TO MODEL LOCAL_RUN15      PACKAGE NPF              ON UNIT   1030 AT TIME STEP      1, STRESS PERIOD      4
 UBDSV06 SAVING              GHB IN MODEL LOCAL_RUN15      PACKAGE LOCAL_RUN15     CONNECTED TO MODEL LOCAL_RUN15      PACKAGE GHB_AW           ON UNIT   1030 AT TIME STEP      1, STRESS PERIOD      4
 UBDSV06 SAVING              GHB IN MODEL LOCAL_RUN15      PACKAGE LOCAL_RUN15     CONNECTED TO MODEL LOCAL_RUN15      PACKAGE GHB_CONF         ON UNIT   1030 AT TIME STEP      1, STRESS PERIOD      4
 UBDSV06 SAVING              GHB IN MODEL LOCAL_RUN15      PACKAGE LOCAL_RUN15     CONNECTED TO MODEL LOCAL_RUN15      PACKAGE GHB_PW           ON UNIT   1030 AT TIME STEP      1, STRESS PERIOD      4
 UBDSV06 SAVING              GHB IN MODEL LOCAL_RUN15      PACKAGE LOCAL_RUN15     CONNECTED TO MODEL LOCAL_RUN15      PACKAGE GHB_SP           ON UNIT   1030 AT TIME STEP      1, STRESS PERIOD      4
 UBDSV06 SAVING             RCHA IN MODEL LOCAL_RUN15      PACKAGE LOCAL_RUN15     CONNECTED TO MODEL LOCAL_RUN15      PACKAGE RCH              ON UNIT   1030 AT TIME STEP      1, STRESS PERIOD      4

 HEAD WILL BE SAVED ON UNIT 1031 AT END OF TIME STEP    1, STRESS PERIOD    4

end timestep


start timestep kper="4" kstp="2" mode="normal"


 SLN_1 INNER ITERATION SUMMARY
 --------------------------------------------------------------------------------------------------------------------------------------
      TOTAL      OUTER      INNER                                                            MAXIMUM                                   
  ITERATION  ITERATION  ITERATION  MAXIMUM CHANGE      MAXIMUM CHANGE MODEL-(CELLID)        RESIDUAL    MAXIMUM RESIDUAL MODEL-(CELLID)
 --------------------------------------------------------------------------------------------------------------------------------------
          1          1          1      -1.8151367                    1_GWF-(1,41,12)  7.71578494E-05                    1_GWF-(1,36,16)
          2          1          2 -2.12590260E-07                    1_GWF-(1,40,18)  1.21427940E-10                    1_GWF-(1,35,24)
          3          2          1 -2.60466884E-15                    1_GWF-(1,40,18)  1.22533139E-10                    1_GWF-(1,35,24)
 --------------------------------------------------------------------------------------------------------------------------------------


 UBDSV1 SAVING           STO-SS ON UNIT   1030 AT TIME STEP      2, STRESS PERIOD      4
 UBDSV1 SAVING     FLOW-JA-FACE ON UNIT   1030 AT TIME STEP      2, STRESS PERIOD      4
 UBDSV06 SAVING       DATA-SPDIS IN MODEL LOCAL_RUN15      PACKAGE NPF             CONNECTED TO MODEL LOCAL_RUN15      PACKAGE NPF              ON UNIT   1030 AT TIME STEP      2, STRESS PERIOD      4
 UBDSV06 SAVING              GHB IN MODEL LOCAL_RUN15      PACKAGE LOCAL_RUN15     CONNECTED TO MODEL LOCAL_RUN15      PACKAGE GHB_AW           ON UNIT   1030 AT TIME STEP      2, STRESS PERIOD      4
 UBDSV06 SAVING              GHB IN MODEL LOCAL_RUN15      PACKAGE LOCAL_RUN15     CONNECTED TO MODEL LOCAL_RUN15      PACKAGE GHB_CONF         ON UNIT   1030 AT TIME STEP      2, STRESS PERIOD      4
 UBDSV06 SAVING              GHB IN MODEL LOCAL_RUN15      PACKAGE LOCAL_RUN15     CONNECTED TO MODEL LOCAL_RUN15      PACKAGE GHB_PW           ON UNIT   1030 AT TIME STEP      2, STRESS PERIOD      4
 UBDSV06 SAVING              GHB IN MODEL LOCAL_RUN15      PACKAGE LOCAL_RUN15     CONNECTED TO MODEL LOCAL_RUN15      PACKAGE GHB_SP           ON UNIT   1030 AT TIME STEP      2, STRESS PERIOD      4
 UBDSV06 SAVING             RCHA IN MODEL LOCAL_RUN15      PACKAGE LOCAL_RUN15     CONNECTED TO MODEL LOCAL_RUN15      PACKAGE RCH              ON UNIT   1030 AT TIME STEP      2, STRESS PERIOD      4

 HEAD WILL BE SAVED ON UNIT 1031 AT END OF TIME STEP    2, STRESS PERIOD    4

end timestep


start timestep kper="4" kstp="3" mode="normal"


 SLN_1 INNER ITERATION SUMMARY
 --------------------------------------------------------------------------------------------------------------------------------------
      TOTAL      OUTER      INNER                                                            MAXIMUM                                   
  ITERATION  ITERATION  ITERATION  MAXIMUM CHANGE      MAXIMUM CHANGE MODEL-(CELLID)        RESIDUAL    MAXIMUM RESIDUAL MODEL-(CELLID)
 --------------------------------------------------------------------------------------------------------------------------------------
          1          1          1      -1.1432581                    1_GWF-(1,42,11)  5.88611976E-05                    1_GWF-(1,31,13)
          2          1          2 -1.97381517E-07                    1_GWF-(1,40,18)  1.35560535E-10                    1_GWF-(1,35,24)
          3          2          1 -4.02030478E-15                    1_GWF-(1,40,18)  1.34586740E-10                    1_GWF-(1,35,24)
 --------------------------------------------------------------------------------------------------------------------------------------


 UBDSV1 SAVING           STO-SS ON UNIT   1030 AT TIME STEP      3, STRESS PERIOD      4
 UBDSV1 SAVING     FLOW-JA-FACE ON UNIT   1030 AT TIME STEP      3, STRESS PERIOD      4
 UBDSV06 SAVING       DATA-SPDIS IN MODEL LOCAL_RUN15      PACKAGE NPF             CONNECTED TO MODEL LOCAL_RUN15      PACKAGE NPF              ON UNIT   1030 AT TIME STEP      3, STRESS PERIOD      4
 UBDSV06 SAVING              GHB IN MODEL LOCAL_RUN15      PACKAGE LOCAL_RUN15     CONNECTED TO MODEL LOCAL_RUN15      PACKAGE GHB_AW           ON UNIT   1030 AT TIME STEP      3, STRESS PERIOD      4
 UBDSV06 SAVING              GHB IN MODEL LOCAL_RUN15      PACKAGE LOCAL_RUN15     CONNECTED TO MODEL LOCAL_RUN15      PACKAGE GHB_CONF         ON UNIT   1030 AT TIME STEP      3, STRESS PERIOD      4
 UBDSV06 SAVING              GHB IN MODEL LOCAL_RUN15      PACKAGE LOCAL_RUN15     CONNECTED TO MODEL LOCAL_RUN15      PACKAGE GHB_PW           ON UNIT   1030 AT TIME STEP      3, STRESS PERIOD      4
 UBDSV06 SAVING              GHB IN MODEL LOCAL_RUN15      PACKAGE LOCAL_RUN15     CONNECTED TO MODEL LOCAL_RUN15      PACKAGE GHB_SP           ON UNIT   1030 AT TIME STEP      3, STRESS PERIOD      4
 UBDSV06 SAVING             RCHA IN MODEL LOCAL_RUN15      PACKAGE LOCAL_RUN15     CONNECTED TO MODEL LOCAL_RUN15      PACKAGE RCH              ON UNIT   1030 AT TIME STEP      3, STRESS PERIOD      4

 HEAD WILL BE SAVED ON UNIT 1031 AT END OF TIME STEP    3, STRESS PERIOD    4

end timestep


start timestep kper="4" kstp="4" mode="normal"


 SLN_1 INNER ITERATION SUMMARY
 --------------------------------------------------------------------------------------------------------------------------------------
      TOTAL      OUTER      INNER                                                            MAXIMUM                                   
  ITERATION  ITERATION  ITERATION  MAXIMUM CHANGE      MAXIMUM CHANGE MODEL-(CELLID)        RESIDUAL    MAXIMUM RESIDUAL MODEL-(CELLID)
 --------------------------------------------------------------------------------------------------------------------------------------
          1          1          1     -0.99014268                    1_GWF-(1,42,11) -5.21141697E-05                     1_GWF-(1,22,7)
          2          1          2 -1.76939842E-07                    1_GWF-(1,40,18)  1.51645720E-10                    1_GWF-(1,35,23)
          3          2          1 -5.93729717E-15                    1_GWF-(1,40,18)  1.51748592E-10                    1_GWF-(1,35,23)
 --------------------------------------------------------------------------------------------------------------------------------------


 UBDSV1 SAVING           STO-SS ON UNIT   1030 AT TIME STEP      4, STRESS PERIOD      4
 UBDSV1 SAVING     FLOW-JA-FACE ON UNIT   1030 AT TIME STEP      4, STRESS PERIOD      4
 UBDSV06 SAVING       DATA-SPDIS IN MODEL LOCAL_RUN15      PACKAGE NPF             CONNECTED TO MODEL LOCAL_RUN15      PACKAGE NPF              ON UNIT   1030 AT TIME STEP      4, STRESS PERIOD      4
 UBDSV06 SAVING              GHB IN MODEL LOCAL_RUN15      PACKAGE LOCAL_RUN15     CONNECTED TO MODEL LOCAL_RUN15      PACKAGE GHB_AW           ON UNIT   1030 AT TIME STEP      4, STRESS PERIOD      4
 UBDSV06 SAVING              GHB IN MODEL LOCAL_RUN15      PACKAGE LOCAL_RUN15     CONNECTED TO MODEL LOCAL_RUN15      PACKAGE GHB_CONF         ON UNIT   1030 AT TIME STEP      4, STRESS PERIOD      4
 UBDSV06 SAVING              GHB IN MODEL LOCAL_RUN15      PACKAGE LOCAL_RUN15     CONNECTED TO MODEL LOCAL_RUN15      PACKAGE GHB_PW           ON UNIT   1030 AT TIME STEP      4, STRESS PERIOD      4
 UBDSV06 SAVING              GHB IN MODEL LOCAL_RUN15      PACKAGE LOCAL_RUN15     CONNECTED TO MODEL LOCAL_RUN15      PACKAGE GHB_SP           ON UNIT   1030 AT TIME STEP      4, STRESS PERIOD      4
 UBDSV06 SAVING             RCHA IN MODEL LOCAL_RUN15      PACKAGE LOCAL_RUN15     CONNECTED TO MODEL LOCAL_RUN15      PACKAGE RCH              ON UNIT   1030 AT TIME STEP      4, STRESS PERIOD      4

 HEAD WILL BE SAVED ON UNIT 1031 AT END OF TIME STEP    4, STRESS PERIOD    4

end timestep


start timestep kper="4" kstp="5" mode="normal"


 SLN_1 INNER ITERATION SUMMARY
 --------------------------------------------------------------------------------------------------------------------------------------
      TOTAL      OUTER      INNER                                                            MAXIMUM                                   
  ITERATION  ITERATION  ITERATION  MAXIMUM CHANGE      MAXIMUM CHANGE MODEL-(CELLID)        RESIDUAL    MAXIMUM RESIDUAL MODEL-(CELLID)
 --------------------------------------------------------------------------------------------------------------------------------------
          1          1          1     -0.83366598                    1_GWF-(1,42,12) -4.62761183E-05                     1_GWF-(1,22,7)
          2          1          2 -1.54641730E-07                    1_GWF-(1,40,18)  1.67366669E-10                    1_GWF-(1,35,23)
          3          2          1 -8.79677597E-15                    1_GWF-(1,40,18)  1.64968938E-10                    1_GWF-(1,35,23)
 --------------------------------------------------------------------------------------------------------------------------------------


 UBDSV1 SAVING           STO-SS ON UNIT   1030 AT TIME STEP      5, STRESS PERIOD      4
 UBDSV1 SAVING     FLOW-JA-FACE ON UNIT   1030 AT TIME STEP      5, STRESS PERIOD      4
 UBDSV06 SAVING       DATA-SPDIS IN MODEL LOCAL_RUN15      PACKAGE NPF             CONNECTED TO MODEL LOCAL_RUN15      PACKAGE NPF              ON UNIT   1030 AT TIME STEP      5, STRESS PERIOD      4
 UBDSV06 SAVING              GHB IN MODEL LOCAL_RUN15      PACKAGE LOCAL_RUN15     CONNECTED TO MODEL LOCAL_RUN15      PACKAGE GHB_AW           ON UNIT   1030 AT TIME STEP      5, STRESS PERIOD      4
 UBDSV06 SAVING              GHB IN MODEL LOCAL_RUN15      PACKAGE LOCAL_RUN15     CONNECTED TO MODEL LOCAL_RUN15      PACKAGE GHB_CONF         ON UNIT   1030 AT TIME STEP      5, STRESS PERIOD      4
 UBDSV06 SAVING              GHB IN MODEL LOCAL_RUN15      PACKAGE LOCAL_RUN15     CONNECTED TO MODEL LOCAL_RUN15      PACKAGE GHB_PW           ON UNIT   1030 AT TIME STEP      5, STRESS PERIOD      4
 UBDSV06 SAVING              GHB IN MODEL LOCAL_RUN15      PACKAGE LOCAL_RUN15     CONNECTED TO MODEL LOCAL_RUN15      PACKAGE GHB_SP           ON UNIT   1030 AT TIME STEP      5, STRESS PERIOD      4
 UBDSV06 SAVING             RCHA IN MODEL LOCAL_RUN15      PACKAGE LOCAL_RUN15     CONNECTED TO MODEL LOCAL_RUN15      PACKAGE RCH              ON UNIT   1030 AT TIME STEP      5, STRESS PERIOD      4

 HEAD WILL BE SAVED ON UNIT 1031 AT END OF TIME STEP    5, STRESS PERIOD    4

end timestep


start timestep kper="4" kstp="6" mode="normal"


 SLN_1 INNER ITERATION SUMMARY
 --------------------------------------------------------------------------------------------------------------------------------------
      TOTAL      OUTER      INNER                                                            MAXIMUM                                   
  ITERATION  ITERATION  ITERATION  MAXIMUM CHANGE      MAXIMUM CHANGE MODEL-(CELLID)        RESIDUAL    MAXIMUM RESIDUAL MODEL-(CELLID)
 --------------------------------------------------------------------------------------------------------------------------------------
          1          1          1     -0.74007117                    1_GWF-(1,42,12) -4.10382378E-05                     1_GWF-(1,22,7)
          2          1          2 -1.32502406E-07                    1_GWF-(1,40,18)  1.82039112E-10                    1_GWF-(1,34,28)
          3          2          1 -1.32616629E-14                    1_GWF-(1,40,18)  1.75986411E-10                    1_GWF-(1,35,23)
 --------------------------------------------------------------------------------------------------------------------------------------


 UBDSV1 SAVING           STO-SS ON UNIT   1030 AT TIME STEP      6, STRESS PERIOD      4
 UBDSV1 SAVING     FLOW-JA-FACE ON UNIT   1030 AT TIME STEP      6, STRESS PERIOD      4
 UBDSV06 SAVING       DATA-SPDIS IN MODEL LOCAL_RUN15      PACKAGE NPF             CONNECTED TO MODEL LOCAL_RUN15      PACKAGE NPF              ON UNIT   1030 AT TIME STEP      6, STRESS PERIOD      4
 UBDSV06 SAVING              GHB IN MODEL LOCAL_RUN15      PACKAGE LOCAL_RUN15     CONNECTED TO MODEL LOCAL_RUN15      PACKAGE GHB_AW           ON UNIT   1030 AT TIME STEP      6, STRESS PERIOD      4
 UBDSV06 SAVING              GHB IN MODEL LOCAL_RUN15      PACKAGE LOCAL_RUN15     CONNECTED TO MODEL LOCAL_RUN15      PACKAGE GHB_CONF         ON UNIT   1030 AT TIME STEP      6, STRESS PERIOD      4
 UBDSV06 SAVING              GHB IN MODEL LOCAL_RUN15      PACKAGE LOCAL_RUN15     CONNECTED TO MODEL LOCAL_RUN15      PACKAGE GHB_PW           ON UNIT   1030 AT TIME STEP      6, STRESS PERIOD      4
 UBDSV06 SAVING              GHB IN MODEL LOCAL_RUN15      PACKAGE LOCAL_RUN15     CONNECTED TO MODEL LOCAL_RUN15      PACKAGE GHB_SP           ON UNIT   1030 AT TIME STEP      6, STRESS PERIOD      4
 UBDSV06 SAVING             RCHA IN MODEL LOCAL_RUN15      PACKAGE LOCAL_RUN15     CONNECTED TO MODEL LOCAL_RUN15      PACKAGE RCH              ON UNIT   1030 AT TIME STEP      6, STRESS PERIOD      4

 HEAD WILL BE SAVED ON UNIT 1031 AT END OF TIME STEP    6, STRESS PERIOD    4

end timestep


start timestep kper="4" kstp="7" mode="normal"


 SLN_1 INNER ITERATION SUMMARY
 --------------------------------------------------------------------------------------------------------------------------------------
      TOTAL      OUTER      INNER                                                            MAXIMUM                                   
  ITERATION  ITERATION  ITERATION  MAXIMUM CHANGE      MAXIMUM CHANGE MODEL-(CELLID)        RESIDUAL    MAXIMUM RESIDUAL MODEL-(CELLID)
 --------------------------------------------------------------------------------------------------------------------------------------
          1          1          1     -0.64700623                    1_GWF-(1,42,12) -3.63681074E-05                     1_GWF-(1,22,7)
          2          1          2 -1.11643639E-07                    1_GWF-(1,40,18)  2.02908814E-10                    1_GWF-(1,34,28)
          3          2          1 -2.03009013E-14                    1_GWF-(1,40,18)  1.93524259E-10                    1_GWF-(1,34,28)
 --------------------------------------------------------------------------------------------------------------------------------------


 UBDSV1 SAVING           STO-SS ON UNIT   1030 AT TIME STEP      7, STRESS PERIOD      4
 UBDSV1 SAVING     FLOW-JA-FACE ON UNIT   1030 AT TIME STEP      7, STRESS PERIOD      4
 UBDSV06 SAVING       DATA-SPDIS IN MODEL LOCAL_RUN15      PACKAGE NPF             CONNECTED TO MODEL LOCAL_RUN15      PACKAGE NPF              ON UNIT   1030 AT TIME STEP      7, STRESS PERIOD      4
 UBDSV06 SAVING              GHB IN MODEL LOCAL_RUN15      PACKAGE LOCAL_RUN15     CONNECTED TO MODEL LOCAL_RUN15      PACKAGE GHB_AW           ON UNIT   1030 AT TIME STEP      7, STRESS PERIOD      4
 UBDSV06 SAVING              GHB IN MODEL LOCAL_RUN15      PACKAGE LOCAL_RUN15     CONNECTED TO MODEL LOCAL_RUN15      PACKAGE GHB_CONF         ON UNIT   1030 AT TIME STEP      7, STRESS PERIOD      4
 UBDSV06 SAVING              GHB IN MODEL LOCAL_RUN15      PACKAGE LOCAL_RUN15     CONNECTED TO MODEL LOCAL_RUN15      PACKAGE GHB_PW           ON UNIT   1030 AT TIME STEP      7, STRESS PERIOD      4
 UBDSV06 SAVING              GHB IN MODEL LOCAL_RUN15      PACKAGE LOCAL_RUN15     CONNECTED TO MODEL LOCAL_RUN15      PACKAGE GHB_SP           ON UNIT   1030 AT TIME STEP      7, STRESS PERIOD      4
 UBDSV06 SAVING             RCHA IN MODEL LOCAL_RUN15      PACKAGE LOCAL_RUN15     CONNECTED TO MODEL LOCAL_RUN15      PACKAGE RCH              ON UNIT   1030 AT TIME STEP      7, STRESS PERIOD      4

 HEAD WILL BE SAVED ON UNIT 1031 AT END OF TIME STEP    7, STRESS PERIOD    4

end timestep


start timestep kper="4" kstp="8" mode="normal"


 SLN_1 INNER ITERATION SUMMARY
 --------------------------------------------------------------------------------------------------------------------------------------
      TOTAL      OUTER      INNER                                                            MAXIMUM                                   
  ITERATION  ITERATION  ITERATION  MAXIMUM CHANGE      MAXIMUM CHANGE MODEL-(CELLID)        RESIDUAL    MAXIMUM RESIDUAL MODEL-(CELLID)
 --------------------------------------------------------------------------------------------------------------------------------------
          1          1          1     -0.56265785                     1_GWF-(1,44,9) -3.22836261E-05                     1_GWF-(1,24,6)
          2          1          2 -9.26250881E-08                    1_GWF-(1,40,18)  2.21495841E-10                    1_GWF-(1,34,28)
          3          2          1 -3.13923237E-14                    1_GWF-(1,40,18)  2.10434083E-10                    1_GWF-(1,34,28)
 --------------------------------------------------------------------------------------------------------------------------------------


 UBDSV1 SAVING           STO-SS ON UNIT   1030 AT TIME STEP      8, STRESS PERIOD      4
 UBDSV1 SAVING     FLOW-JA-FACE ON UNIT   1030 AT TIME STEP      8, STRESS PERIOD      4
 UBDSV06 SAVING       DATA-SPDIS IN MODEL LOCAL_RUN15      PACKAGE NPF             CONNECTED TO MODEL LOCAL_RUN15      PACKAGE NPF              ON UNIT   1030 AT TIME STEP      8, STRESS PERIOD      4
 UBDSV06 SAVING              GHB IN MODEL LOCAL_RUN15      PACKAGE LOCAL_RUN15     CONNECTED TO MODEL LOCAL_RUN15      PACKAGE GHB_AW           ON UNIT   1030 AT TIME STEP      8, STRESS PERIOD      4
 UBDSV06 SAVING              GHB IN MODEL LOCAL_RUN15      PACKAGE LOCAL_RUN15     CONNECTED TO MODEL LOCAL_RUN15      PACKAGE GHB_CONF         ON UNIT   1030 AT TIME STEP      8, STRESS PERIOD      4
 UBDSV06 SAVING              GHB IN MODEL LOCAL_RUN15      PACKAGE LOCAL_RUN15     CONNECTED TO MODEL LOCAL_RUN15      PACKAGE GHB_PW           ON UNIT   1030 AT TIME STEP      8, STRESS PERIOD      4
 UBDSV06 SAVING              GHB IN MODEL LOCAL_RUN15      PACKAGE LOCAL_RUN15     CONNECTED TO MODEL LOCAL_RUN15      PACKAGE GHB_SP           ON UNIT   1030 AT TIME STEP      8, STRESS PERIOD      4
 UBDSV06 SAVING             RCHA IN MODEL LOCAL_RUN15      PACKAGE LOCAL_RUN15     CONNECTED TO MODEL LOCAL_RUN15      PACKAGE RCH              ON UNIT   1030 AT TIME STEP      8, STRESS PERIOD      4

 HEAD WILL BE SAVED ON UNIT 1031 AT END OF TIME STEP    8, STRESS PERIOD    4

end timestep


start timestep kper="4" kstp="9" mode="normal"


 SLN_1 INNER ITERATION SUMMARY
 --------------------------------------------------------------------------------------------------------------------------------------
      TOTAL      OUTER      INNER                                                            MAXIMUM                                   
  ITERATION  ITERATION  ITERATION  MAXIMUM CHANGE      MAXIMUM CHANGE MODEL-(CELLID)        RESIDUAL    MAXIMUM RESIDUAL MODEL-(CELLID)
 --------------------------------------------------------------------------------------------------------------------------------------
          1          1          1     -0.53086735                     1_GWF-(1,44,9) -2.96142276E-05                     1_GWF-(1,24,6)
          2          1          2 -7.56628968E-08                    1_GWF-(1,40,18) -2.38147859E-10                     1_GWF-(1,24,5)
          3          2          1 -4.78175890E-14                    1_GWF-(1,40,18) -2.23237121E-10                     1_GWF-(1,24,5)
 --------------------------------------------------------------------------------------------------------------------------------------


 UBDSV1 SAVING           STO-SS ON UNIT   1030 AT TIME STEP      9, STRESS PERIOD      4
 UBDSV1 SAVING     FLOW-JA-FACE ON UNIT   1030 AT TIME STEP      9, STRESS PERIOD      4
 UBDSV06 SAVING       DATA-SPDIS IN MODEL LOCAL_RUN15      PACKAGE NPF             CONNECTED TO MODEL LOCAL_RUN15      PACKAGE NPF              ON UNIT   1030 AT TIME STEP      9, STRESS PERIOD      4
 UBDSV06 SAVING              GHB IN MODEL LOCAL_RUN15      PACKAGE LOCAL_RUN15     CONNECTED TO MODEL LOCAL_RUN15      PACKAGE GHB_AW           ON UNIT   1030 AT TIME STEP      9, STRESS PERIOD      4
 UBDSV06 SAVING              GHB IN MODEL LOCAL_RUN15      PACKAGE LOCAL_RUN15     CONNECTED TO MODEL LOCAL_RUN15      PACKAGE GHB_CONF         ON UNIT   1030 AT TIME STEP      9, STRESS PERIOD      4
 UBDSV06 SAVING              GHB IN MODEL LOCAL_RUN15      PACKAGE LOCAL_RUN15     CONNECTED TO MODEL LOCAL_RUN15      PACKAGE GHB_PW           ON UNIT   1030 AT TIME STEP      9, STRESS PERIOD      4
 UBDSV06 SAVING              GHB IN MODEL LOCAL_RUN15      PACKAGE LOCAL_RUN15     CONNECTED TO MODEL LOCAL_RUN15      PACKAGE GHB_SP           ON UNIT   1030 AT TIME STEP      9, STRESS PERIOD      4
 UBDSV06 SAVING             RCHA IN MODEL LOCAL_RUN15      PACKAGE LOCAL_RUN15     CONNECTED TO MODEL LOCAL_RUN15      PACKAGE RCH              ON UNIT   1030 AT TIME STEP      9, STRESS PERIOD      4

 HEAD WILL BE SAVED ON UNIT 1031 AT END OF TIME STEP    9, STRESS PERIOD    4

end timestep


start timestep kper="4" kstp="10" mode="normal"


 SLN_1 INNER ITERATION SUMMARY
 --------------------------------------------------------------------------------------------------------------------------------------
      TOTAL      OUTER      INNER                                                            MAXIMUM                                   
  ITERATION  ITERATION  ITERATION  MAXIMUM CHANGE      MAXIMUM CHANGE MODEL-(CELLID)        RESIDUAL    MAXIMUM RESIDUAL MODEL-(CELLID)
 --------------------------------------------------------------------------------------------------------------------------------------
          1          1          1     -0.49488043                     1_GWF-(1,44,9) -2.70826267E-05                     1_GWF-(1,24,6)
          2          1          2 -6.07714502E-08                    1_GWF-(1,40,18) -2.62265828E-10                     1_GWF-(1,24,5)
          3          2          1 -7.08289711E-14                    1_GWF-(1,40,18) -2.43860530E-10                     1_GWF-(1,24,5)
 --------------------------------------------------------------------------------------------------------------------------------------


 UBDSV1 SAVING           STO-SS ON UNIT   1030 AT TIME STEP     10, STRESS PERIOD      4
 UBDSV1 SAVING     FLOW-JA-FACE ON UNIT   1030 AT TIME STEP     10, STRESS PERIOD      4
 UBDSV06 SAVING       DATA-SPDIS IN MODEL LOCAL_RUN15      PACKAGE NPF             CONNECTED TO MODEL LOCAL_RUN15      PACKAGE NPF              ON UNIT   1030 AT TIME STEP     10, STRESS PERIOD      4
 UBDSV06 SAVING              GHB IN MODEL LOCAL_RUN15      PACKAGE LOCAL_RUN15     CONNECTED TO MODEL LOCAL_RUN15      PACKAGE GHB_AW           ON UNIT   1030 AT TIME STEP     10, STRESS PERIOD      4
 UBDSV06 SAVING              GHB IN MODEL LOCAL_RUN15      PACKAGE LOCAL_RUN15     CONNECTED TO MODEL LOCAL_RUN15      PACKAGE GHB_CONF         ON UNIT   1030 AT TIME STEP     10, STRESS PERIOD      4
 UBDSV06 SAVING              GHB IN MODEL LOCAL_RUN15      PACKAGE LOCAL_RUN15     CONNECTED TO MODEL LOCAL_RUN15      PACKAGE GHB_PW           ON UNIT   1030 AT TIME STEP     10, STRESS PERIOD      4
 UBDSV06 SAVING              GHB IN MODEL LOCAL_RUN15      PACKAGE LOCAL_RUN15     CONNECTED TO MODEL LOCAL_RUN15      PACKAGE GHB_SP           ON UNIT   1030 AT TIME STEP     10, STRESS PERIOD      4
 UBDSV06 SAVING             RCHA IN MODEL LOCAL_RUN15      PACKAGE LOCAL_RUN15     CONNECTED TO MODEL LOCAL_RUN15      PACKAGE RCH              ON UNIT   1030 AT TIME STEP     10, STRESS PERIOD      4

 HEAD WILL BE SAVED ON UNIT 1031 AT END OF TIME STEP   10, STRESS PERIOD    4

end timestep


start timestep kper="4" kstp="11" mode="normal"


 SLN_1 INNER ITERATION SUMMARY
 --------------------------------------------------------------------------------------------------------------------------------------
      TOTAL      OUTER      INNER                                                            MAXIMUM                                   
  ITERATION  ITERATION  ITERATION  MAXIMUM CHANGE      MAXIMUM CHANGE MODEL-(CELLID)        RESIDUAL    MAXIMUM RESIDUAL MODEL-(CELLID)
 --------------------------------------------------------------------------------------------------------------------------------------
          1          1          1     -0.45724907                     1_GWF-(1,44,9) -2.47194774E-05                     1_GWF-(1,24,6)
          2          1          2 -4.78535940E-08                    1_GWF-(1,40,18) -2.82615201E-10                     1_GWF-(1,24,5)
          3          2          1 -1.02133004E-13                    1_GWF-(1,40,18) -2.58223971E-10                     1_GWF-(1,24,5)
 --------------------------------------------------------------------------------------------------------------------------------------


 UBDSV1 SAVING           STO-SS ON UNIT   1030 AT TIME STEP     11, STRESS PERIOD      4
 UBDSV1 SAVING     FLOW-JA-FACE ON UNIT   1030 AT TIME STEP     11, STRESS PERIOD      4
 UBDSV06 SAVING       DATA-SPDIS IN MODEL LOCAL_RUN15      PACKAGE NPF             CONNECTED TO MODEL LOCAL_RUN15      PACKAGE NPF              ON UNIT   1030 AT TIME STEP     11, STRESS PERIOD      4
 UBDSV06 SAVING              GHB IN MODEL LOCAL_RUN15      PACKAGE LOCAL_RUN15     CONNECTED TO MODEL LOCAL_RUN15      PACKAGE GHB_AW           ON UNIT   1030 AT TIME STEP     11, STRESS PERIOD      4
 UBDSV06 SAVING              GHB IN MODEL LOCAL_RUN15      PACKAGE LOCAL_RUN15     CONNECTED TO MODEL LOCAL_RUN15      PACKAGE GHB_CONF         ON UNIT   1030 AT TIME STEP     11, STRESS PERIOD      4
 UBDSV06 SAVING              GHB IN MODEL LOCAL_RUN15      PACKAGE LOCAL_RUN15     CONNECTED TO MODEL LOCAL_RUN15      PACKAGE GHB_PW           ON UNIT   1030 AT TIME STEP     11, STRESS PERIOD      4
 UBDSV06 SAVING              GHB IN MODEL LOCAL_RUN15      PACKAGE LOCAL_RUN15     CONNECTED TO MODEL LOCAL_RUN15      PACKAGE GHB_SP           ON UNIT   1030 AT TIME STEP     11, STRESS PERIOD      4
 UBDSV06 SAVING             RCHA IN MODEL LOCAL_RUN15      PACKAGE LOCAL_RUN15     CONNECTED TO MODEL LOCAL_RUN15      PACKAGE RCH              ON UNIT   1030 AT TIME STEP     11, STRESS PERIOD      4

 HEAD WILL BE SAVED ON UNIT 1031 AT END OF TIME STEP   11, STRESS PERIOD    4

end timestep


start timestep kper="4" kstp="12" mode="normal"


 SLN_1 INNER ITERATION SUMMARY
 --------------------------------------------------------------------------------------------------------------------------------------
      TOTAL      OUTER      INNER                                                            MAXIMUM                                   
  ITERATION  ITERATION  ITERATION  MAXIMUM CHANGE      MAXIMUM CHANGE MODEL-(CELLID)        RESIDUAL    MAXIMUM RESIDUAL MODEL-(CELLID)
 --------------------------------------------------------------------------------------------------------------------------------------
          1          1          1     -0.41966220                     1_GWF-(1,44,9) -2.25356190E-05                     1_GWF-(1,24,6)
          2          1          2  4.11506275E-08                    1_GWF-(1,41,15) -3.00404030E-10                     1_GWF-(1,41,8)
          3          2          1 -1.42710834E-13                    1_GWF-(1,40,18) -2.69015893E-10                     1_GWF-(1,41,8)
 --------------------------------------------------------------------------------------------------------------------------------------


 UBDSV1 SAVING           STO-SS ON UNIT   1030 AT TIME STEP     12, STRESS PERIOD      4
 UBDSV1 SAVING     FLOW-JA-FACE ON UNIT   1030 AT TIME STEP     12, STRESS PERIOD      4
 UBDSV06 SAVING       DATA-SPDIS IN MODEL LOCAL_RUN15      PACKAGE NPF             CONNECTED TO MODEL LOCAL_RUN15      PACKAGE NPF              ON UNIT   1030 AT TIME STEP     12, STRESS PERIOD      4
 UBDSV06 SAVING              GHB IN MODEL LOCAL_RUN15      PACKAGE LOCAL_RUN15     CONNECTED TO MODEL LOCAL_RUN15      PACKAGE GHB_AW           ON UNIT   1030 AT TIME STEP     12, STRESS PERIOD      4
 UBDSV06 SAVING              GHB IN MODEL LOCAL_RUN15      PACKAGE LOCAL_RUN15     CONNECTED TO MODEL LOCAL_RUN15      PACKAGE GHB_CONF         ON UNIT   1030 AT TIME STEP     12, STRESS PERIOD      4
 UBDSV06 SAVING              GHB IN MODEL LOCAL_RUN15      PACKAGE LOCAL_RUN15     CONNECTED TO MODEL LOCAL_RUN15      PACKAGE GHB_PW           ON UNIT   1030 AT TIME STEP     12, STRESS PERIOD      4
 UBDSV06 SAVING              GHB IN MODEL LOCAL_RUN15      PACKAGE LOCAL_RUN15     CONNECTED TO MODEL LOCAL_RUN15      PACKAGE GHB_SP           ON UNIT   1030 AT TIME STEP     12, STRESS PERIOD      4
 UBDSV06 SAVING             RCHA IN MODEL LOCAL_RUN15      PACKAGE LOCAL_RUN15     CONNECTED TO MODEL LOCAL_RUN15      PACKAGE RCH              ON UNIT   1030 AT TIME STEP     12, STRESS PERIOD      4

 HEAD WILL BE SAVED ON UNIT 1031 AT END OF TIME STEP   12, STRESS PERIOD    4

end timestep


start timestep kper="4" kstp="13" mode="normal"


 SLN_1 INNER ITERATION SUMMARY
 --------------------------------------------------------------------------------------------------------------------------------------
      TOTAL      OUTER      INNER                                                            MAXIMUM                                   
  ITERATION  ITERATION  ITERATION  MAXIMUM CHANGE      MAXIMUM CHANGE MODEL-(CELLID)        RESIDUAL    MAXIMUM RESIDUAL MODEL-(CELLID)
 --------------------------------------------------------------------------------------------------------------------------------------
          1          1          1     -0.38320184                     1_GWF-(1,44,9) -2.05305050E-05                     1_GWF-(1,24,6)
          2          1          2  4.17656968E-08                    1_GWF-(1,41,15) -3.16625630E-10                     1_GWF-(1,41,8)
          3          2          1 -1.93164750E-13                    1_GWF-(1,40,18) -2.79408929E-10                     1_GWF-(1,41,8)
 --------------------------------------------------------------------------------------------------------------------------------------


 UBDSV1 SAVING           STO-SS ON UNIT   1030 AT TIME STEP     13, STRESS PERIOD      4
 UBDSV1 SAVING     FLOW-JA-FACE ON UNIT   1030 AT TIME STEP     13, STRESS PERIOD      4
 UBDSV06 SAVING       DATA-SPDIS IN MODEL LOCAL_RUN15      PACKAGE NPF             CONNECTED TO MODEL LOCAL_RUN15      PACKAGE NPF              ON UNIT   1030 AT TIME STEP     13, STRESS PERIOD      4
 UBDSV06 SAVING              GHB IN MODEL LOCAL_RUN15      PACKAGE LOCAL_RUN15     CONNECTED TO MODEL LOCAL_RUN15      PACKAGE GHB_AW           ON UNIT   1030 AT TIME STEP     13, STRESS PERIOD      4
 UBDSV06 SAVING              GHB IN MODEL LOCAL_RUN15      PACKAGE LOCAL_RUN15     CONNECTED TO MODEL LOCAL_RUN15      PACKAGE GHB_CONF         ON UNIT   1030 AT TIME STEP     13, STRESS PERIOD      4
 UBDSV06 SAVING              GHB IN MODEL LOCAL_RUN15      PACKAGE LOCAL_RUN15     CONNECTED TO MODEL LOCAL_RUN15      PACKAGE GHB_PW           ON UNIT   1030 AT TIME STEP     13, STRESS PERIOD      4
 UBDSV06 SAVING              GHB IN MODEL LOCAL_RUN15      PACKAGE LOCAL_RUN15     CONNECTED TO MODEL LOCAL_RUN15      PACKAGE GHB_SP           ON UNIT   1030 AT TIME STEP     13, STRESS PERIOD      4
 UBDSV06 SAVING             RCHA IN MODEL LOCAL_RUN15      PACKAGE LOCAL_RUN15     CONNECTED TO MODEL LOCAL_RUN15      PACKAGE RCH              ON UNIT   1030 AT TIME STEP     13, STRESS PERIOD      4

 HEAD WILL BE SAVED ON UNIT 1031 AT END OF TIME STEP   13, STRESS PERIOD    4

end timestep


start timestep kper="4" kstp="14" mode="normal"


 SLN_1 INNER ITERATION SUMMARY
 --------------------------------------------------------------------------------------------------------------------------------------
      TOTAL      OUTER      INNER                                                            MAXIMUM                                   
  ITERATION  ITERATION  ITERATION  MAXIMUM CHANGE      MAXIMUM CHANGE MODEL-(CELLID)        RESIDUAL    MAXIMUM RESIDUAL MODEL-(CELLID)
 --------------------------------------------------------------------------------------------------------------------------------------
          1          1          1     -0.36252437                     1_GWF-(1,46,7) -1.86972061E-05                     1_GWF-(1,24,6)
          2          1          2  4.13935125E-08                    1_GWF-(1,41,15) -3.36719061E-10                     1_GWF-(1,24,9)
          3          2          1 -2.53882559E-13                    1_GWF-(1,40,18) -2.91571728E-10                     1_GWF-(1,27,7)
 --------------------------------------------------------------------------------------------------------------------------------------


 UBDSV1 SAVING           STO-SS ON UNIT   1030 AT TIME STEP     14, STRESS PERIOD      4
 UBDSV1 SAVING     FLOW-JA-FACE ON UNIT   1030 AT TIME STEP     14, STRESS PERIOD      4
 UBDSV06 SAVING       DATA-SPDIS IN MODEL LOCAL_RUN15      PACKAGE NPF             CONNECTED TO MODEL LOCAL_RUN15      PACKAGE NPF              ON UNIT   1030 AT TIME STEP     14, STRESS PERIOD      4
 UBDSV06 SAVING              GHB IN MODEL LOCAL_RUN15      PACKAGE LOCAL_RUN15     CONNECTED TO MODEL LOCAL_RUN15      PACKAGE GHB_AW           ON UNIT   1030 AT TIME STEP     14, STRESS PERIOD      4
 UBDSV06 SAVING              GHB IN MODEL LOCAL_RUN15      PACKAGE LOCAL_RUN15     CONNECTED TO MODEL LOCAL_RUN15      PACKAGE GHB_CONF         ON UNIT   1030 AT TIME STEP     14, STRESS PERIOD      4
 UBDSV06 SAVING              GHB IN MODEL LOCAL_RUN15      PACKAGE LOCAL_RUN15     CONNECTED TO MODEL LOCAL_RUN15      PACKAGE GHB_PW           ON UNIT   1030 AT TIME STEP     14, STRESS PERIOD      4
 UBDSV06 SAVING              GHB IN MODEL LOCAL_RUN15      PACKAGE LOCAL_RUN15     CONNECTED TO MODEL LOCAL_RUN15      PACKAGE GHB_SP           ON UNIT   1030 AT TIME STEP     14, STRESS PERIOD      4
 UBDSV06 SAVING             RCHA IN MODEL LOCAL_RUN15      PACKAGE LOCAL_RUN15     CONNECTED TO MODEL LOCAL_RUN15      PACKAGE RCH              ON UNIT   1030 AT TIME STEP     14, STRESS PERIOD      4

 HEAD WILL BE SAVED ON UNIT 1031 AT END OF TIME STEP   14, STRESS PERIOD    4

end timestep


start timestep kper="4" kstp="15" mode="normal"


 SLN_1 INNER ITERATION SUMMARY
 --------------------------------------------------------------------------------------------------------------------------------------
      TOTAL      OUTER      INNER                                                            MAXIMUM                                   
  ITERATION  ITERATION  ITERATION  MAXIMUM CHANGE      MAXIMUM CHANGE MODEL-(CELLID)        RESIDUAL    MAXIMUM RESIDUAL MODEL-(CELLID)
 --------------------------------------------------------------------------------------------------------------------------------------
          1          1          1     -0.34656492                    1_GWF-(1,41,17) -1.70254133E-05                     1_GWF-(1,24,6)
          2          1          2  4.02880363E-08                    1_GWF-(1,41,15) -3.64677987E-10                     1_GWF-(1,24,9)
          3          2          1 -3.24578311E-13                    1_GWF-(1,40,18) -3.12272372E-10                     1_GWF-(1,24,9)
 --------------------------------------------------------------------------------------------------------------------------------------


 UBDSV1 SAVING           STO-SS ON UNIT   1030 AT TIME STEP     15, STRESS PERIOD      4
 UBDSV1 SAVING     FLOW-JA-FACE ON UNIT   1030 AT TIME STEP     15, STRESS PERIOD      4
 UBDSV06 SAVING       DATA-SPDIS IN MODEL LOCAL_RUN15      PACKAGE NPF             CONNECTED TO MODEL LOCAL_RUN15      PACKAGE NPF              ON UNIT   1030 AT TIME STEP     15, STRESS PERIOD      4
 UBDSV06 SAVING              GHB IN MODEL LOCAL_RUN15      PACKAGE LOCAL_RUN15     CONNECTED TO MODEL LOCAL_RUN15      PACKAGE GHB_AW           ON UNIT   1030 AT TIME STEP     15, STRESS PERIOD      4
 UBDSV06 SAVING              GHB IN MODEL LOCAL_RUN15      PACKAGE LOCAL_RUN15     CONNECTED TO MODEL LOCAL_RUN15      PACKAGE GHB_CONF         ON UNIT   1030 AT TIME STEP     15, STRESS PERIOD      4
 UBDSV06 SAVING              GHB IN MODEL LOCAL_RUN15      PACKAGE LOCAL_RUN15     CONNECTED TO MODEL LOCAL_RUN15      PACKAGE GHB_PW           ON UNIT   1030 AT TIME STEP     15, STRESS PERIOD      4
 UBDSV06 SAVING              GHB IN MODEL LOCAL_RUN15      PACKAGE LOCAL_RUN15     CONNECTED TO MODEL LOCAL_RUN15      PACKAGE GHB_SP           ON UNIT   1030 AT TIME STEP     15, STRESS PERIOD      4
 UBDSV06 SAVING             RCHA IN MODEL LOCAL_RUN15      PACKAGE LOCAL_RUN15     CONNECTED TO MODEL LOCAL_RUN15      PACKAGE RCH              ON UNIT   1030 AT TIME STEP     15, STRESS PERIOD      4

 HEAD WILL BE SAVED ON UNIT 1031 AT END OF TIME STEP   15, STRESS PERIOD    4

end timestep


start timestep kper="4" kstp="16" mode="normal"


 SLN_1 INNER ITERATION SUMMARY
 --------------------------------------------------------------------------------------------------------------------------------------
      TOTAL      OUTER      INNER                                                            MAXIMUM                                   
  ITERATION  ITERATION  ITERATION  MAXIMUM CHANGE      MAXIMUM CHANGE MODEL-(CELLID)        RESIDUAL    MAXIMUM RESIDUAL MODEL-(CELLID)
 --------------------------------------------------------------------------------------------------------------------------------------
          1          1          1     -0.33622853                    1_GWF-(1,41,17) -1.55032536E-05                     1_GWF-(1,24,6)
          2          1          2  3.86492763E-08                    1_GWF-(1,41,15) -3.91427901E-10                     1_GWF-(1,24,9)
          3          2          1 -4.03876457E-13                    1_GWF-(1,40,18) -3.29084589E-10                     1_GWF-(1,24,9)
 --------------------------------------------------------------------------------------------------------------------------------------


 UBDSV1 SAVING           STO-SS ON UNIT   1030 AT TIME STEP     16, STRESS PERIOD      4
 UBDSV1 SAVING     FLOW-JA-FACE ON UNIT   1030 AT TIME STEP     16, STRESS PERIOD      4
 UBDSV06 SAVING       DATA-SPDIS IN MODEL LOCAL_RUN15      PACKAGE NPF             CONNECTED TO MODEL LOCAL_RUN15      PACKAGE NPF              ON UNIT   1030 AT TIME STEP     16, STRESS PERIOD      4
 UBDSV06 SAVING              GHB IN MODEL LOCAL_RUN15      PACKAGE LOCAL_RUN15     CONNECTED TO MODEL LOCAL_RUN15      PACKAGE GHB_AW           ON UNIT   1030 AT TIME STEP     16, STRESS PERIOD      4
 UBDSV06 SAVING              GHB IN MODEL LOCAL_RUN15      PACKAGE LOCAL_RUN15     CONNECTED TO MODEL LOCAL_RUN15      PACKAGE GHB_CONF         ON UNIT   1030 AT TIME STEP     16, STRESS PERIOD      4
 UBDSV06 SAVING              GHB IN MODEL LOCAL_RUN15      PACKAGE LOCAL_RUN15     CONNECTED TO MODEL LOCAL_RUN15      PACKAGE GHB_PW           ON UNIT   1030 AT TIME STEP     16, STRESS PERIOD      4
 UBDSV06 SAVING              GHB IN MODEL LOCAL_RUN15      PACKAGE LOCAL_RUN15     CONNECTED TO MODEL LOCAL_RUN15      PACKAGE GHB_SP           ON UNIT   1030 AT TIME STEP     16, STRESS PERIOD      4
 UBDSV06 SAVING             RCHA IN MODEL LOCAL_RUN15      PACKAGE LOCAL_RUN15     CONNECTED TO MODEL LOCAL_RUN15      PACKAGE RCH              ON UNIT   1030 AT TIME STEP     16, STRESS PERIOD      4

 HEAD WILL BE SAVED ON UNIT 1031 AT END OF TIME STEP   16, STRESS PERIOD    4

end timestep


start timestep kper="4" kstp="17" mode="normal"


 SLN_1 INNER ITERATION SUMMARY
 --------------------------------------------------------------------------------------------------------------------------------------
      TOTAL      OUTER      INNER                                                            MAXIMUM                                   
  ITERATION  ITERATION  ITERATION  MAXIMUM CHANGE      MAXIMUM CHANGE MODEL-(CELLID)        RESIDUAL    MAXIMUM RESIDUAL MODEL-(CELLID)
 --------------------------------------------------------------------------------------------------------------------------------------
          1          1          1     -0.32414342                    1_GWF-(1,41,17) -1.41183874E-05                     1_GWF-(1,24,6)
          2          1          2  3.66352117E-08                    1_GWF-(1,41,15) -4.16786856E-10                     1_GWF-(1,24,9)
          3          2          1 -4.91437100E-13                    1_GWF-(1,40,18) -3.42860026E-10                     1_GWF-(1,24,9)
 --------------------------------------------------------------------------------------------------------------------------------------


 UBDSV1 SAVING           STO-SS ON UNIT   1030 AT TIME STEP     17, STRESS PERIOD      4
 UBDSV1 SAVING     FLOW-JA-FACE ON UNIT   1030 AT TIME STEP     17, STRESS PERIOD      4
 UBDSV06 SAVING       DATA-SPDIS IN MODEL LOCAL_RUN15      PACKAGE NPF             CONNECTED TO MODEL LOCAL_RUN15      PACKAGE NPF              ON UNIT   1030 AT TIME STEP     17, STRESS PERIOD      4
 UBDSV06 SAVING              GHB IN MODEL LOCAL_RUN15      PACKAGE LOCAL_RUN15     CONNECTED TO MODEL LOCAL_RUN15      PACKAGE GHB_AW           ON UNIT   1030 AT TIME STEP     17, STRESS PERIOD      4
 UBDSV06 SAVING              GHB IN MODEL LOCAL_RUN15      PACKAGE LOCAL_RUN15     CONNECTED TO MODEL LOCAL_RUN15      PACKAGE GHB_CONF         ON UNIT   1030 AT TIME STEP     17, STRESS PERIOD      4
 UBDSV06 SAVING              GHB IN MODEL LOCAL_RUN15      PACKAGE LOCAL_RUN15     CONNECTED TO MODEL LOCAL_RUN15      PACKAGE GHB_PW           ON UNIT   1030 AT TIME STEP     17, STRESS PERIOD      4
 UBDSV06 SAVING              GHB IN MODEL LOCAL_RUN15      PACKAGE LOCAL_RUN15     CONNECTED TO MODEL LOCAL_RUN15      PACKAGE GHB_SP           ON UNIT   1030 AT TIME STEP     17, STRESS PERIOD      4
 UBDSV06 SAVING             RCHA IN MODEL LOCAL_RUN15      PACKAGE LOCAL_RUN15     CONNECTED TO MODEL LOCAL_RUN15      PACKAGE RCH              ON UNIT   1030 AT TIME STEP     17, STRESS PERIOD      4

 HEAD WILL BE SAVED ON UNIT 1031 AT END OF TIME STEP   17, STRESS PERIOD    4

end timestep


start timestep kper="4" kstp="18" mode="normal"


 SLN_1 INNER ITERATION SUMMARY
 --------------------------------------------------------------------------------------------------------------------------------------
      TOTAL      OUTER      INNER                                                            MAXIMUM                                   
  ITERATION  ITERATION  ITERATION  MAXIMUM CHANGE      MAXIMUM CHANGE MODEL-(CELLID)        RESIDUAL    MAXIMUM RESIDUAL MODEL-(CELLID)
 --------------------------------------------------------------------------------------------------------------------------------------
          1          1          1     -0.31080981                    1_GWF-(1,41,17) -1.28586661E-05                     1_GWF-(1,24,6)
          2          1          2  3.43710724E-08                    1_GWF-(1,41,15) -4.40566598E-10                     1_GWF-(1,24,9)
          3          2          1 -5.84037812E-13                    1_GWF-(1,40,18) -3.55475656E-10                     1_GWF-(1,24,9)
 --------------------------------------------------------------------------------------------------------------------------------------


 UBDSV1 SAVING           STO-SS ON UNIT   1030 AT TIME STEP     18, STRESS PERIOD      4
 UBDSV1 SAVING     FLOW-JA-FACE ON UNIT   1030 AT TIME STEP     18, STRESS PERIOD      4
 UBDSV06 SAVING       DATA-SPDIS IN MODEL LOCAL_RUN15      PACKAGE NPF             CONNECTED TO MODEL LOCAL_RUN15      PACKAGE NPF              ON UNIT   1030 AT TIME STEP     18, STRESS PERIOD      4
 UBDSV06 SAVING              GHB IN MODEL LOCAL_RUN15      PACKAGE LOCAL_RUN15     CONNECTED TO MODEL LOCAL_RUN15      PACKAGE GHB_AW           ON UNIT   1030 AT TIME STEP     18, STRESS PERIOD      4
 UBDSV06 SAVING              GHB IN MODEL LOCAL_RUN15      PACKAGE LOCAL_RUN15     CONNECTED TO MODEL LOCAL_RUN15      PACKAGE GHB_CONF         ON UNIT   1030 AT TIME STEP     18, STRESS PERIOD      4
 UBDSV06 SAVING              GHB IN MODEL LOCAL_RUN15      PACKAGE LOCAL_RUN15     CONNECTED TO MODEL LOCAL_RUN15      PACKAGE GHB_PW           ON UNIT   1030 AT TIME STEP     18, STRESS PERIOD      4
 UBDSV06 SAVING              GHB IN MODEL LOCAL_RUN15      PACKAGE LOCAL_RUN15     CONNECTED TO MODEL LOCAL_RUN15      PACKAGE GHB_SP           ON UNIT   1030 AT TIME STEP     18, STRESS PERIOD      4
 UBDSV06 SAVING             RCHA IN MODEL LOCAL_RUN15      PACKAGE LOCAL_RUN15     CONNECTED TO MODEL LOCAL_RUN15      PACKAGE RCH              ON UNIT   1030 AT TIME STEP     18, STRESS PERIOD      4

 HEAD WILL BE SAVED ON UNIT 1031 AT END OF TIME STEP   18, STRESS PERIOD    4

end timestep


start timestep kper="4" kstp="19" mode="normal"


 SLN_1 INNER ITERATION SUMMARY
 --------------------------------------------------------------------------------------------------------------------------------------
      TOTAL      OUTER      INNER                                                            MAXIMUM                                   
  ITERATION  ITERATION  ITERATION  MAXIMUM CHANGE      MAXIMUM CHANGE MODEL-(CELLID)        RESIDUAL    MAXIMUM RESIDUAL MODEL-(CELLID)
 --------------------------------------------------------------------------------------------------------------------------------------
          1          1          1     -0.29664701                    1_GWF-(1,41,17) -1.17125184E-05                     1_GWF-(1,24,6)
          2          1          2  3.19563629E-08                    1_GWF-(1,41,15)  4.66106141E-10                    1_GWF-(1,32,31)
          3          2          1 -6.82102942E-13                    1_GWF-(1,40,18)  3.71902557E-10                    1_GWF-(1,32,31)
 --------------------------------------------------------------------------------------------------------------------------------------


 UBDSV1 SAVING           STO-SS ON UNIT   1030 AT TIME STEP     19, STRESS PERIOD      4
 UBDSV1 SAVING     FLOW-JA-FACE ON UNIT   1030 AT TIME STEP     19, STRESS PERIOD      4
 UBDSV06 SAVING       DATA-SPDIS IN MODEL LOCAL_RUN15      PACKAGE NPF             CONNECTED TO MODEL LOCAL_RUN15      PACKAGE NPF              ON UNIT   1030 AT TIME STEP     19, STRESS PERIOD      4
 UBDSV06 SAVING              GHB IN MODEL LOCAL_RUN15      PACKAGE LOCAL_RUN15     CONNECTED TO MODEL LOCAL_RUN15      PACKAGE GHB_AW           ON UNIT   1030 AT TIME STEP     19, STRESS PERIOD      4
 UBDSV06 SAVING              GHB IN MODEL LOCAL_RUN15      PACKAGE LOCAL_RUN15     CONNECTED TO MODEL LOCAL_RUN15      PACKAGE GHB_CONF         ON UNIT   1030 AT TIME STEP     19, STRESS PERIOD      4
 UBDSV06 SAVING              GHB IN MODEL LOCAL_RUN15      PACKAGE LOCAL_RUN15     CONNECTED TO MODEL LOCAL_RUN15      PACKAGE GHB_PW           ON UNIT   1030 AT TIME STEP     19, STRESS PERIOD      4
 UBDSV06 SAVING              GHB IN MODEL LOCAL_RUN15      PACKAGE LOCAL_RUN15     CONNECTED TO MODEL LOCAL_RUN15      PACKAGE GHB_SP           ON UNIT   1030 AT TIME STEP     19, STRESS PERIOD      4
 UBDSV06 SAVING             RCHA IN MODEL LOCAL_RUN15      PACKAGE LOCAL_RUN15     CONNECTED TO MODEL LOCAL_RUN15      PACKAGE RCH              ON UNIT   1030 AT TIME STEP     19, STRESS PERIOD      4

 HEAD WILL BE SAVED ON UNIT 1031 AT END OF TIME STEP   19, STRESS PERIOD    4

end timestep


start timestep kper="4" kstp="20" mode="normal"


 SLN_1 INNER ITERATION SUMMARY
 --------------------------------------------------------------------------------------------------------------------------------------
      TOTAL      OUTER      INNER                                                            MAXIMUM                                   
  ITERATION  ITERATION  ITERATION  MAXIMUM CHANGE      MAXIMUM CHANGE MODEL-(CELLID)        RESIDUAL    MAXIMUM RESIDUAL MODEL-(CELLID)
 --------------------------------------------------------------------------------------------------------------------------------------
          1          1          1     -0.28200129                    1_GWF-(1,41,17) -1.06691656E-05                     1_GWF-(1,24,6)
          2          1          2  2.94700545E-08                    1_GWF-(1,41,15)  5.13124285E-10                    1_GWF-(1,32,31)
          3          2          1 -7.80301898E-13                    1_GWF-(1,40,18)  4.02154541E-10                    1_GWF-(1,32,31)
 --------------------------------------------------------------------------------------------------------------------------------------


 UBDSV1 SAVING           STO-SS ON UNIT   1030 AT TIME STEP     20, STRESS PERIOD      4
 UBDSV1 SAVING     FLOW-JA-FACE ON UNIT   1030 AT TIME STEP     20, STRESS PERIOD      4
 UBDSV06 SAVING       DATA-SPDIS IN MODEL LOCAL_RUN15      PACKAGE NPF             CONNECTED TO MODEL LOCAL_RUN15      PACKAGE NPF              ON UNIT   1030 AT TIME STEP     20, STRESS PERIOD      4
 UBDSV06 SAVING              GHB IN MODEL LOCAL_RUN15      PACKAGE LOCAL_RUN15     CONNECTED TO MODEL LOCAL_RUN15      PACKAGE GHB_AW           ON UNIT   1030 AT TIME STEP     20, STRESS PERIOD      4
 UBDSV06 SAVING              GHB IN MODEL LOCAL_RUN15      PACKAGE LOCAL_RUN15     CONNECTED TO MODEL LOCAL_RUN15      PACKAGE GHB_CONF         ON UNIT   1030 AT TIME STEP     20, STRESS PERIOD      4
 UBDSV06 SAVING              GHB IN MODEL LOCAL_RUN15      PACKAGE LOCAL_RUN15     CONNECTED TO MODEL LOCAL_RUN15      PACKAGE GHB_PW           ON UNIT   1030 AT TIME STEP     20, STRESS PERIOD      4
 UBDSV06 SAVING              GHB IN MODEL LOCAL_RUN15      PACKAGE LOCAL_RUN15     CONNECTED TO MODEL LOCAL_RUN15      PACKAGE GHB_SP           ON UNIT   1030 AT TIME STEP     20, STRESS PERIOD      4
 UBDSV06 SAVING             RCHA IN MODEL LOCAL_RUN15      PACKAGE LOCAL_RUN15     CONNECTED TO MODEL LOCAL_RUN15      PACKAGE RCH              ON UNIT   1030 AT TIME STEP     20, STRESS PERIOD      4

 HEAD WILL BE SAVED ON UNIT 1031 AT END OF TIME STEP   20, STRESS PERIOD    4

end timestep


start timestep kper="4" kstp="21" mode="normal"


 SLN_1 INNER ITERATION SUMMARY
 --------------------------------------------------------------------------------------------------------------------------------------
      TOTAL      OUTER      INNER                                                            MAXIMUM                                   
  ITERATION  ITERATION  ITERATION  MAXIMUM CHANGE      MAXIMUM CHANGE MODEL-(CELLID)        RESIDUAL    MAXIMUM RESIDUAL MODEL-(CELLID)
 --------------------------------------------------------------------------------------------------------------------------------------
          1          1          1     -0.26715449                    1_GWF-(1,41,17) -9.71872920E-06                     1_GWF-(1,24,6)
          2          1          2  2.69744129E-08                    1_GWF-(1,41,15)  5.58523768E-10                    1_GWF-(1,32,31)
          3          2          1 -8.77467144E-13                    1_GWF-(1,40,18)  4.29569586E-10                    1_GWF-(1,32,31)
 --------------------------------------------------------------------------------------------------------------------------------------


 UBDSV1 SAVING           STO-SS ON UNIT   1030 AT TIME STEP     21, STRESS PERIOD      4
 UBDSV1 SAVING     FLOW-JA-FACE ON UNIT   1030 AT TIME STEP     21, STRESS PERIOD      4
 UBDSV06 SAVING       DATA-SPDIS IN MODEL LOCAL_RUN15      PACKAGE NPF             CONNECTED TO MODEL LOCAL_RUN15      PACKAGE NPF              ON UNIT   1030 AT TIME STEP     21, STRESS PERIOD      4
 UBDSV06 SAVING              GHB IN MODEL LOCAL_RUN15      PACKAGE LOCAL_RUN15     CONNECTED TO MODEL LOCAL_RUN15      PACKAGE GHB_AW           ON UNIT   1030 AT TIME STEP     21, STRESS PERIOD      4
 UBDSV06 SAVING              GHB IN MODEL LOCAL_RUN15      PACKAGE LOCAL_RUN15     CONNECTED TO MODEL LOCAL_RUN15      PACKAGE GHB_CONF         ON UNIT   1030 AT TIME STEP     21, STRESS PERIOD      4
 UBDSV06 SAVING              GHB IN MODEL LOCAL_RUN15      PACKAGE LOCAL_RUN15     CONNECTED TO MODEL LOCAL_RUN15      PACKAGE GHB_PW           ON UNIT   1030 AT TIME STEP     21, STRESS PERIOD      4
 UBDSV06 SAVING              GHB IN MODEL LOCAL_RUN15      PACKAGE LOCAL_RUN15     CONNECTED TO MODEL LOCAL_RUN15      PACKAGE GHB_SP           ON UNIT   1030 AT TIME STEP     21, STRESS PERIOD      4
 UBDSV06 SAVING             RCHA IN MODEL LOCAL_RUN15      PACKAGE LOCAL_RUN15     CONNECTED TO MODEL LOCAL_RUN15      PACKAGE RCH              ON UNIT   1030 AT TIME STEP     21, STRESS PERIOD      4

 HEAD WILL BE SAVED ON UNIT 1031 AT END OF TIME STEP   21, STRESS PERIOD    4

end timestep


start timestep kper="4" kstp="22" mode="normal"


 SLN_1 INNER ITERATION SUMMARY
 --------------------------------------------------------------------------------------------------------------------------------------
      TOTAL      OUTER      INNER                                                            MAXIMUM                                   
  ITERATION  ITERATION  ITERATION  MAXIMUM CHANGE      MAXIMUM CHANGE MODEL-(CELLID)        RESIDUAL    MAXIMUM RESIDUAL MODEL-(CELLID)
 --------------------------------------------------------------------------------------------------------------------------------------
          1          1          1     -0.25233251                    1_GWF-(1,41,17) -8.99228466E-06                     1_GWF-(1,25,6)
          2          1          2  2.45178318E-08                    1_GWF-(1,41,15)  6.01823075E-10                    1_GWF-(1,32,31)
          3          2          1 -9.70742368E-13                    1_GWF-(1,40,18)  4.59143639E-10                    1_GWF-(1,32,31)
 --------------------------------------------------------------------------------------------------------------------------------------


 UBDSV1 SAVING           STO-SS ON UNIT   1030 AT TIME STEP     22, STRESS PERIOD      4
 UBDSV1 SAVING     FLOW-JA-FACE ON UNIT   1030 AT TIME STEP     22, STRESS PERIOD      4
 UBDSV06 SAVING       DATA-SPDIS IN MODEL LOCAL_RUN15      PACKAGE NPF             CONNECTED TO MODEL LOCAL_RUN15      PACKAGE NPF              ON UNIT   1030 AT TIME STEP     22, STRESS PERIOD      4
 UBDSV06 SAVING              GHB IN MODEL LOCAL_RUN15      PACKAGE LOCAL_RUN15     CONNECTED TO MODEL LOCAL_RUN15      PACKAGE GHB_AW           ON UNIT   1030 AT TIME STEP     22, STRESS PERIOD      4
 UBDSV06 SAVING              GHB IN MODEL LOCAL_RUN15      PACKAGE LOCAL_RUN15     CONNECTED TO MODEL LOCAL_RUN15      PACKAGE GHB_CONF         ON UNIT   1030 AT TIME STEP     22, STRESS PERIOD      4
 UBDSV06 SAVING              GHB IN MODEL LOCAL_RUN15      PACKAGE LOCAL_RUN15     CONNECTED TO MODEL LOCAL_RUN15      PACKAGE GHB_PW           ON UNIT   1030 AT TIME STEP     22, STRESS PERIOD      4
 UBDSV06 SAVING              GHB IN MODEL LOCAL_RUN15      PACKAGE LOCAL_RUN15     CONNECTED TO MODEL LOCAL_RUN15      PACKAGE GHB_SP           ON UNIT   1030 AT TIME STEP     22, STRESS PERIOD      4
 UBDSV06 SAVING             RCHA IN MODEL LOCAL_RUN15      PACKAGE LOCAL_RUN15     CONNECTED TO MODEL LOCAL_RUN15      PACKAGE RCH              ON UNIT   1030 AT TIME STEP     22, STRESS PERIOD      4

 HEAD WILL BE SAVED ON UNIT 1031 AT END OF TIME STEP   22, STRESS PERIOD    4

end timestep


start timestep kper="4" kstp="23" mode="normal"


 SLN_1 INNER ITERATION SUMMARY
 --------------------------------------------------------------------------------------------------------------------------------------
      TOTAL      OUTER      INNER                                                            MAXIMUM                                   
  ITERATION  ITERATION  ITERATION  MAXIMUM CHANGE      MAXIMUM CHANGE MODEL-(CELLID)        RESIDUAL    MAXIMUM RESIDUAL MODEL-(CELLID)
 --------------------------------------------------------------------------------------------------------------------------------------
          1          1          1     -0.23771339                    1_GWF-(1,41,17) -8.32498802E-06                     1_GWF-(1,25,6)
          2          1          2  2.21370208E-08                    1_GWF-(1,41,15)  6.42612991E-10                    1_GWF-(1,32,31)
          3          2          1 -1.05829947E-12                    1_GWF-(1,40,18)  4.83435693E-10                    1_GWF-(1,32,31)
 --------------------------------------------------------------------------------------------------------------------------------------


 UBDSV1 SAVING           STO-SS ON UNIT   1030 AT TIME STEP     23, STRESS PERIOD      4
 UBDSV1 SAVING     FLOW-JA-FACE ON UNIT   1030 AT TIME STEP     23, STRESS PERIOD      4
 UBDSV06 SAVING       DATA-SPDIS IN MODEL LOCAL_RUN15      PACKAGE NPF             CONNECTED TO MODEL LOCAL_RUN15      PACKAGE NPF              ON UNIT   1030 AT TIME STEP     23, STRESS PERIOD      4
 UBDSV06 SAVING              GHB IN MODEL LOCAL_RUN15      PACKAGE LOCAL_RUN15     CONNECTED TO MODEL LOCAL_RUN15      PACKAGE GHB_AW           ON UNIT   1030 AT TIME STEP     23, STRESS PERIOD      4
 UBDSV06 SAVING              GHB IN MODEL LOCAL_RUN15      PACKAGE LOCAL_RUN15     CONNECTED TO MODEL LOCAL_RUN15      PACKAGE GHB_CONF         ON UNIT   1030 AT TIME STEP     23, STRESS PERIOD      4
 UBDSV06 SAVING              GHB IN MODEL LOCAL_RUN15      PACKAGE LOCAL_RUN15     CONNECTED TO MODEL LOCAL_RUN15      PACKAGE GHB_PW           ON UNIT   1030 AT TIME STEP     23, STRESS PERIOD      4
 UBDSV06 SAVING              GHB IN MODEL LOCAL_RUN15      PACKAGE LOCAL_RUN15     CONNECTED TO MODEL LOCAL_RUN15      PACKAGE GHB_SP           ON UNIT   1030 AT TIME STEP     23, STRESS PERIOD      4
 UBDSV06 SAVING             RCHA IN MODEL LOCAL_RUN15      PACKAGE LOCAL_RUN15     CONNECTED TO MODEL LOCAL_RUN15      PACKAGE RCH              ON UNIT   1030 AT TIME STEP     23, STRESS PERIOD      4

 HEAD WILL BE SAVED ON UNIT 1031 AT END OF TIME STEP   23, STRESS PERIOD    4

end timestep


start timestep kper="4" kstp="24" mode="normal"


 SLN_1 INNER ITERATION SUMMARY
 --------------------------------------------------------------------------------------------------------------------------------------
      TOTAL      OUTER      INNER                                                            MAXIMUM                                   
  ITERATION  ITERATION  ITERATION  MAXIMUM CHANGE      MAXIMUM CHANGE MODEL-(CELLID)        RESIDUAL    MAXIMUM RESIDUAL MODEL-(CELLID)
 --------------------------------------------------------------------------------------------------------------------------------------
          1          1          1     -0.22343468                    1_GWF-(1,41,17) -7.70133067E-06                     1_GWF-(1,25,6)
          2          1          2  1.98588020E-08                    1_GWF-(1,41,15)  6.80575780E-10                    1_GWF-(1,32,31)
          3          2          1 -1.13663449E-12                    1_GWF-(1,40,18)  5.03052490E-10                    1_GWF-(1,32,31)
 --------------------------------------------------------------------------------------------------------------------------------------


 UBDSV1 SAVING           STO-SS ON UNIT   1030 AT TIME STEP     24, STRESS PERIOD      4
 UBDSV1 SAVING     FLOW-JA-FACE ON UNIT   1030 AT TIME STEP     24, STRESS PERIOD      4
 UBDSV06 SAVING       DATA-SPDIS IN MODEL LOCAL_RUN15      PACKAGE NPF             CONNECTED TO MODEL LOCAL_RUN15      PACKAGE NPF              ON UNIT   1030 AT TIME STEP     24, STRESS PERIOD      4
 UBDSV06 SAVING              GHB IN MODEL LOCAL_RUN15      PACKAGE LOCAL_RUN15     CONNECTED TO MODEL LOCAL_RUN15      PACKAGE GHB_AW           ON UNIT   1030 AT TIME STEP     24, STRESS PERIOD      4
 UBDSV06 SAVING              GHB IN MODEL LOCAL_RUN15      PACKAGE LOCAL_RUN15     CONNECTED TO MODEL LOCAL_RUN15      PACKAGE GHB_CONF         ON UNIT   1030 AT TIME STEP     24, STRESS PERIOD      4
 UBDSV06 SAVING              GHB IN MODEL LOCAL_RUN15      PACKAGE LOCAL_RUN15     CONNECTED TO MODEL LOCAL_RUN15      PACKAGE GHB_PW           ON UNIT   1030 AT TIME STEP     24, STRESS PERIOD      4
 UBDSV06 SAVING              GHB IN MODEL LOCAL_RUN15      PACKAGE LOCAL_RUN15     CONNECTED TO MODEL LOCAL_RUN15      PACKAGE GHB_SP           ON UNIT   1030 AT TIME STEP     24, STRESS PERIOD      4
 UBDSV06 SAVING             RCHA IN MODEL LOCAL_RUN15      PACKAGE LOCAL_RUN15     CONNECTED TO MODEL LOCAL_RUN15      PACKAGE RCH              ON UNIT   1030 AT TIME STEP     24, STRESS PERIOD      4

 HEAD WILL BE SAVED ON UNIT 1031 AT END OF TIME STEP   24, STRESS PERIOD    4

end timestep


start timestep kper="4" kstp="25" mode="normal"


 SLN_1 INNER ITERATION SUMMARY
 --------------------------------------------------------------------------------------------------------------------------------------
      TOTAL      OUTER      INNER                                                            MAXIMUM                                   
  ITERATION  ITERATION  ITERATION  MAXIMUM CHANGE      MAXIMUM CHANGE MODEL-(CELLID)        RESIDUAL    MAXIMUM RESIDUAL MODEL-(CELLID)
 --------------------------------------------------------------------------------------------------------------------------------------
          1          1          1     -0.20960005                    1_GWF-(1,41,17)  7.55025898E-06                    1_GWF-(1,32,29)
          2          1          2  1.77016611E-08                    1_GWF-(1,41,15)  7.15494521E-10                    1_GWF-(1,32,31)
          3          2          1 -1.20674943E-12                    1_GWF-(1,40,18)  5.22672746E-10                    1_GWF-(1,32,31)
 --------------------------------------------------------------------------------------------------------------------------------------


 UBDSV1 SAVING           STO-SS ON UNIT   1030 AT TIME STEP     25, STRESS PERIOD      4
 UBDSV1 SAVING     FLOW-JA-FACE ON UNIT   1030 AT TIME STEP     25, STRESS PERIOD      4
 UBDSV06 SAVING       DATA-SPDIS IN MODEL LOCAL_RUN15      PACKAGE NPF             CONNECTED TO MODEL LOCAL_RUN15      PACKAGE NPF              ON UNIT   1030 AT TIME STEP     25, STRESS PERIOD      4
 UBDSV06 SAVING              GHB IN MODEL LOCAL_RUN15      PACKAGE LOCAL_RUN15     CONNECTED TO MODEL LOCAL_RUN15      PACKAGE GHB_AW           ON UNIT   1030 AT TIME STEP     25, STRESS PERIOD      4
 UBDSV06 SAVING              GHB IN MODEL LOCAL_RUN15      PACKAGE LOCAL_RUN15     CONNECTED TO MODEL LOCAL_RUN15      PACKAGE GHB_CONF         ON UNIT   1030 AT TIME STEP     25, STRESS PERIOD      4
 UBDSV06 SAVING              GHB IN MODEL LOCAL_RUN15      PACKAGE LOCAL_RUN15     CONNECTED TO MODEL LOCAL_RUN15      PACKAGE GHB_PW           ON UNIT   1030 AT TIME STEP     25, STRESS PERIOD      4
 UBDSV06 SAVING              GHB IN MODEL LOCAL_RUN15      PACKAGE LOCAL_RUN15     CONNECTED TO MODEL LOCAL_RUN15      PACKAGE GHB_SP           ON UNIT   1030 AT TIME STEP     25, STRESS PERIOD      4
 UBDSV06 SAVING             RCHA IN MODEL LOCAL_RUN15      PACKAGE LOCAL_RUN15     CONNECTED TO MODEL LOCAL_RUN15      PACKAGE RCH              ON UNIT   1030 AT TIME STEP     25, STRESS PERIOD      4

 HEAD WILL BE SAVED ON UNIT 1031 AT END OF TIME STEP   25, STRESS PERIOD    4

end timestep


start timestep kper="4" kstp="26" mode="normal"


 SLN_1 INNER ITERATION SUMMARY
 --------------------------------------------------------------------------------------------------------------------------------------
      TOTAL      OUTER      INNER                                                            MAXIMUM                                   
  ITERATION  ITERATION  ITERATION  MAXIMUM CHANGE      MAXIMUM CHANGE MODEL-(CELLID)        RESIDUAL    MAXIMUM RESIDUAL MODEL-(CELLID)
 --------------------------------------------------------------------------------------------------------------------------------------
          1          1          1     -0.19628503                    1_GWF-(1,41,17)  7.46667437E-06                    1_GWF-(1,32,29)
          2          1          2  1.56771658E-08                    1_GWF-(1,41,15)  7.47252287E-10                    1_GWF-(1,32,31)
          3          2          1 -1.26797634E-12                    1_GWF-(1,40,18)  5.41614696E-10                    1_GWF-(1,32,31)
 --------------------------------------------------------------------------------------------------------------------------------------


 UBDSV1 SAVING           STO-SS ON UNIT   1030 AT TIME STEP     26, STRESS PERIOD      4
 UBDSV1 SAVING     FLOW-JA-FACE ON UNIT   1030 AT TIME STEP     26, STRESS PERIOD      4
 UBDSV06 SAVING       DATA-SPDIS IN MODEL LOCAL_RUN15      PACKAGE NPF             CONNECTED TO MODEL LOCAL_RUN15      PACKAGE NPF              ON UNIT   1030 AT TIME STEP     26, STRESS PERIOD      4
 UBDSV06 SAVING              GHB IN MODEL LOCAL_RUN15      PACKAGE LOCAL_RUN15     CONNECTED TO MODEL LOCAL_RUN15      PACKAGE GHB_AW           ON UNIT   1030 AT TIME STEP     26, STRESS PERIOD      4
 UBDSV06 SAVING              GHB IN MODEL LOCAL_RUN15      PACKAGE LOCAL_RUN15     CONNECTED TO MODEL LOCAL_RUN15      PACKAGE GHB_CONF         ON UNIT   1030 AT TIME STEP     26, STRESS PERIOD      4
 UBDSV06 SAVING              GHB IN MODEL LOCAL_RUN15      PACKAGE LOCAL_RUN15     CONNECTED TO MODEL LOCAL_RUN15      PACKAGE GHB_PW           ON UNIT   1030 AT TIME STEP     26, STRESS PERIOD      4
 UBDSV06 SAVING              GHB IN MODEL LOCAL_RUN15      PACKAGE LOCAL_RUN15     CONNECTED TO MODEL LOCAL_RUN15      PACKAGE GHB_SP           ON UNIT   1030 AT TIME STEP     26, STRESS PERIOD      4
 UBDSV06 SAVING             RCHA IN MODEL LOCAL_RUN15      PACKAGE LOCAL_RUN15     CONNECTED TO MODEL LOCAL_RUN15      PACKAGE RCH              ON UNIT   1030 AT TIME STEP     26, STRESS PERIOD      4

 HEAD WILL BE SAVED ON UNIT 1031 AT END OF TIME STEP   26, STRESS PERIOD    4

end timestep


start timestep kper="4" kstp="27" mode="normal"


 SLN_1 INNER ITERATION SUMMARY
 --------------------------------------------------------------------------------------------------------------------------------------
      TOTAL      OUTER      INNER                                                            MAXIMUM                                   
  ITERATION  ITERATION  ITERATION  MAXIMUM CHANGE      MAXIMUM CHANGE MODEL-(CELLID)        RESIDUAL    MAXIMUM RESIDUAL MODEL-(CELLID)
 --------------------------------------------------------------------------------------------------------------------------------------
          1          1          1     -0.18665547                     1_GWF-(1,47,5)  7.37897150E-06                    1_GWF-(1,32,29)
          2          1          2 -1.43195347E-08                    1_GWF-(1,39,20)  7.75825569E-10                    1_GWF-(1,32,31)
          3          2          1 -1.31672726E-12                    1_GWF-(1,40,18)  5.57263096E-10                    1_GWF-(1,32,31)
 --------------------------------------------------------------------------------------------------------------------------------------


 UBDSV1 SAVING           STO-SS ON UNIT   1030 AT TIME STEP     27, STRESS PERIOD      4
 UBDSV1 SAVING     FLOW-JA-FACE ON UNIT   1030 AT TIME STEP     27, STRESS PERIOD      4
 UBDSV06 SAVING       DATA-SPDIS IN MODEL LOCAL_RUN15      PACKAGE NPF             CONNECTED TO MODEL LOCAL_RUN15      PACKAGE NPF              ON UNIT   1030 AT TIME STEP     27, STRESS PERIOD      4
 UBDSV06 SAVING              GHB IN MODEL LOCAL_RUN15      PACKAGE LOCAL_RUN15     CONNECTED TO MODEL LOCAL_RUN15      PACKAGE GHB_AW           ON UNIT   1030 AT TIME STEP     27, STRESS PERIOD      4
 UBDSV06 SAVING              GHB IN MODEL LOCAL_RUN15      PACKAGE LOCAL_RUN15     CONNECTED TO MODEL LOCAL_RUN15      PACKAGE GHB_CONF         ON UNIT   1030 AT TIME STEP     27, STRESS PERIOD      4
 UBDSV06 SAVING              GHB IN MODEL LOCAL_RUN15      PACKAGE LOCAL_RUN15     CONNECTED TO MODEL LOCAL_RUN15      PACKAGE GHB_PW           ON UNIT   1030 AT TIME STEP     27, STRESS PERIOD      4
 UBDSV06 SAVING              GHB IN MODEL LOCAL_RUN15      PACKAGE LOCAL_RUN15     CONNECTED TO MODEL LOCAL_RUN15      PACKAGE GHB_SP           ON UNIT   1030 AT TIME STEP     27, STRESS PERIOD      4
 UBDSV06 SAVING             RCHA IN MODEL LOCAL_RUN15      PACKAGE LOCAL_RUN15     CONNECTED TO MODEL LOCAL_RUN15      PACKAGE RCH              ON UNIT   1030 AT TIME STEP     27, STRESS PERIOD      4

 HEAD WILL BE SAVED ON UNIT 1031 AT END OF TIME STEP   27, STRESS PERIOD    4

end timestep


start timestep kper="4" kstp="28" mode="normal"


 SLN_1 INNER ITERATION SUMMARY
 --------------------------------------------------------------------------------------------------------------------------------------
      TOTAL      OUTER      INNER                                                            MAXIMUM                                   
  ITERATION  ITERATION  ITERATION  MAXIMUM CHANGE      MAXIMUM CHANGE MODEL-(CELLID)        RESIDUAL    MAXIMUM RESIDUAL MODEL-(CELLID)
 --------------------------------------------------------------------------------------------------------------------------------------
          1          1          1     -0.18038966                     1_GWF-(1,47,5)  7.28877662E-06                    1_GWF-(1,32,29)
          2          1          2 -1.36933711E-08                    1_GWF-(1,39,20)  8.01269209E-10                    1_GWF-(1,32,31)
          3          2          1 -1.35745499E-12                    1_GWF-(1,40,18)  5.71659243E-10                    1_GWF-(1,32,31)
 --------------------------------------------------------------------------------------------------------------------------------------


 UBDSV1 SAVING           STO-SS ON UNIT   1030 AT TIME STEP     28, STRESS PERIOD      4
 UBDSV1 SAVING     FLOW-JA-FACE ON UNIT   1030 AT TIME STEP     28, STRESS PERIOD      4
 UBDSV06 SAVING       DATA-SPDIS IN MODEL LOCAL_RUN15      PACKAGE NPF             CONNECTED TO MODEL LOCAL_RUN15      PACKAGE NPF              ON UNIT   1030 AT TIME STEP     28, STRESS PERIOD      4
 UBDSV06 SAVING              GHB IN MODEL LOCAL_RUN15      PACKAGE LOCAL_RUN15     CONNECTED TO MODEL LOCAL_RUN15      PACKAGE GHB_AW           ON UNIT   1030 AT TIME STEP     28, STRESS PERIOD      4
 UBDSV06 SAVING              GHB IN MODEL LOCAL_RUN15      PACKAGE LOCAL_RUN15     CONNECTED TO MODEL LOCAL_RUN15      PACKAGE GHB_CONF         ON UNIT   1030 AT TIME STEP     28, STRESS PERIOD      4
 UBDSV06 SAVING              GHB IN MODEL LOCAL_RUN15      PACKAGE LOCAL_RUN15     CONNECTED TO MODEL LOCAL_RUN15      PACKAGE GHB_PW           ON UNIT   1030 AT TIME STEP     28, STRESS PERIOD      4
 UBDSV06 SAVING              GHB IN MODEL LOCAL_RUN15      PACKAGE LOCAL_RUN15     CONNECTED TO MODEL LOCAL_RUN15      PACKAGE GHB_SP           ON UNIT   1030 AT TIME STEP     28, STRESS PERIOD      4
 UBDSV06 SAVING             RCHA IN MODEL LOCAL_RUN15      PACKAGE LOCAL_RUN15     CONNECTED TO MODEL LOCAL_RUN15      PACKAGE RCH              ON UNIT   1030 AT TIME STEP     28, STRESS PERIOD      4

 HEAD WILL BE SAVED ON UNIT 1031 AT END OF TIME STEP   28, STRESS PERIOD    4

end timestep


start timestep kper="4" kstp="29" mode="normal"


 SLN_1 INNER ITERATION SUMMARY
 --------------------------------------------------------------------------------------------------------------------------------------
      TOTAL      OUTER      INNER                                                            MAXIMUM                                   
  ITERATION  ITERATION  ITERATION  MAXIMUM CHANGE      MAXIMUM CHANGE MODEL-(CELLID)        RESIDUAL    MAXIMUM RESIDUAL MODEL-(CELLID)
 --------------------------------------------------------------------------------------------------------------------------------------
          1          1          1     -0.17415040                     1_GWF-(1,47,5)  7.19729451E-06                    1_GWF-(1,32,29)
          2          1          2 -1.31010435E-08                    1_GWF-(1,39,20)  8.23700719E-10                    1_GWF-(1,32,31)
          3          2          1 -1.38839659E-12                    1_GWF-(1,40,18)  5.82699038E-10                    1_GWF-(1,32,31)
 --------------------------------------------------------------------------------------------------------------------------------------


 UBDSV1 SAVING           STO-SS ON UNIT   1030 AT TIME STEP     29, STRESS PERIOD      4
 UBDSV1 SAVING     FLOW-JA-FACE ON UNIT   1030 AT TIME STEP     29, STRESS PERIOD      4
 UBDSV06 SAVING       DATA-SPDIS IN MODEL LOCAL_RUN15      PACKAGE NPF             CONNECTED TO MODEL LOCAL_RUN15      PACKAGE NPF              ON UNIT   1030 AT TIME STEP     29, STRESS PERIOD      4
 UBDSV06 SAVING              GHB IN MODEL LOCAL_RUN15      PACKAGE LOCAL_RUN15     CONNECTED TO MODEL LOCAL_RUN15      PACKAGE GHB_AW           ON UNIT   1030 AT TIME STEP     29, STRESS PERIOD      4
 UBDSV06 SAVING              GHB IN MODEL LOCAL_RUN15      PACKAGE LOCAL_RUN15     CONNECTED TO MODEL LOCAL_RUN15      PACKAGE GHB_CONF         ON UNIT   1030 AT TIME STEP     29, STRESS PERIOD      4
 UBDSV06 SAVING              GHB IN MODEL LOCAL_RUN15      PACKAGE LOCAL_RUN15     CONNECTED TO MODEL LOCAL_RUN15      PACKAGE GHB_PW           ON UNIT   1030 AT TIME STEP     29, STRESS PERIOD      4
 UBDSV06 SAVING              GHB IN MODEL LOCAL_RUN15      PACKAGE LOCAL_RUN15     CONNECTED TO MODEL LOCAL_RUN15      PACKAGE GHB_SP           ON UNIT   1030 AT TIME STEP     29, STRESS PERIOD      4
 UBDSV06 SAVING             RCHA IN MODEL LOCAL_RUN15      PACKAGE LOCAL_RUN15     CONNECTED TO MODEL LOCAL_RUN15      PACKAGE RCH              ON UNIT   1030 AT TIME STEP     29, STRESS PERIOD      4

 HEAD WILL BE SAVED ON UNIT 1031 AT END OF TIME STEP   29, STRESS PERIOD    4

end timestep


start timestep kper="4" kstp="30" mode="normal"


 SLN_1 INNER ITERATION SUMMARY
 --------------------------------------------------------------------------------------------------------------------------------------
      TOTAL      OUTER      INNER                                                            MAXIMUM                                   
  ITERATION  ITERATION  ITERATION  MAXIMUM CHANGE      MAXIMUM CHANGE MODEL-(CELLID)        RESIDUAL    MAXIMUM RESIDUAL MODEL-(CELLID)
 --------------------------------------------------------------------------------------------------------------------------------------
          1          1          1     -0.16796292                     1_GWF-(1,47,5)  7.10539034E-06                    1_GWF-(1,32,29)
          2          1          2 -1.25411087E-08                    1_GWF-(1,39,20)  8.43283291E-10                    1_GWF-(1,32,31)
          3          2          1 -1.40972711E-12                    1_GWF-(1,40,18)  5.93602842E-10                    1_GWF-(1,32,31)
 --------------------------------------------------------------------------------------------------------------------------------------


 UBDSV1 SAVING           STO-SS ON UNIT   1030 AT TIME STEP     30, STRESS PERIOD      4
 UBDSV1 SAVING     FLOW-JA-FACE ON UNIT   1030 AT TIME STEP     30, STRESS PERIOD      4
 UBDSV06 SAVING       DATA-SPDIS IN MODEL LOCAL_RUN15      PACKAGE NPF             CONNECTED TO MODEL LOCAL_RUN15      PACKAGE NPF              ON UNIT   1030 AT TIME STEP     30, STRESS PERIOD      4
 UBDSV06 SAVING              GHB IN MODEL LOCAL_RUN15      PACKAGE LOCAL_RUN15     CONNECTED TO MODEL LOCAL_RUN15      PACKAGE GHB_AW           ON UNIT   1030 AT TIME STEP     30, STRESS PERIOD      4
 UBDSV06 SAVING              GHB IN MODEL LOCAL_RUN15      PACKAGE LOCAL_RUN15     CONNECTED TO MODEL LOCAL_RUN15      PACKAGE GHB_CONF         ON UNIT   1030 AT TIME STEP     30, STRESS PERIOD      4
 UBDSV06 SAVING              GHB IN MODEL LOCAL_RUN15      PACKAGE LOCAL_RUN15     CONNECTED TO MODEL LOCAL_RUN15      PACKAGE GHB_PW           ON UNIT   1030 AT TIME STEP     30, STRESS PERIOD      4
 UBDSV06 SAVING              GHB IN MODEL LOCAL_RUN15      PACKAGE LOCAL_RUN15     CONNECTED TO MODEL LOCAL_RUN15      PACKAGE GHB_SP           ON UNIT   1030 AT TIME STEP     30, STRESS PERIOD      4
 UBDSV06 SAVING             RCHA IN MODEL LOCAL_RUN15      PACKAGE LOCAL_RUN15     CONNECTED TO MODEL LOCAL_RUN15      PACKAGE RCH              ON UNIT   1030 AT TIME STEP     30, STRESS PERIOD      4

 HEAD WILL BE SAVED ON UNIT 1031 AT END OF TIME STEP   30, STRESS PERIOD    4

end timestep


start timestep kper="4" kstp="31" mode="normal"


 SLN_1 INNER ITERATION SUMMARY
 --------------------------------------------------------------------------------------------------------------------------------------
      TOTAL      OUTER      INNER                                                            MAXIMUM                                   
  ITERATION  ITERATION  ITERATION  MAXIMUM CHANGE      MAXIMUM CHANGE MODEL-(CELLID)        RESIDUAL    MAXIMUM RESIDUAL MODEL-(CELLID)
 --------------------------------------------------------------------------------------------------------------------------------------
          1          1          1     -0.16184871                     1_GWF-(1,47,5)  7.01366274E-06                    1_GWF-(1,32,29)
          2          1          2 -1.20118500E-08                    1_GWF-(1,39,20)  8.60209203E-10                    1_GWF-(1,32,31)
          3          2          1 -1.42391451E-12                    1_GWF-(1,40,18)  6.02877065E-10                    1_GWF-(1,32,31)
 --------------------------------------------------------------------------------------------------------------------------------------


 UBDSV1 SAVING           STO-SS ON UNIT   1030 AT TIME STEP     31, STRESS PERIOD      4
 UBDSV1 SAVING     FLOW-JA-FACE ON UNIT   1030 AT TIME STEP     31, STRESS PERIOD      4
 UBDSV06 SAVING       DATA-SPDIS IN MODEL LOCAL_RUN15      PACKAGE NPF             CONNECTED TO MODEL LOCAL_RUN15      PACKAGE NPF              ON UNIT   1030 AT TIME STEP     31, STRESS PERIOD      4
 UBDSV06 SAVING              GHB IN MODEL LOCAL_RUN15      PACKAGE LOCAL_RUN15     CONNECTED TO MODEL LOCAL_RUN15      PACKAGE GHB_AW           ON UNIT   1030 AT TIME STEP     31, STRESS PERIOD      4
 UBDSV06 SAVING              GHB IN MODEL LOCAL_RUN15      PACKAGE LOCAL_RUN15     CONNECTED TO MODEL LOCAL_RUN15      PACKAGE GHB_CONF         ON UNIT   1030 AT TIME STEP     31, STRESS PERIOD      4
 UBDSV06 SAVING              GHB IN MODEL LOCAL_RUN15      PACKAGE LOCAL_RUN15     CONNECTED TO MODEL LOCAL_RUN15      PACKAGE GHB_PW           ON UNIT   1030 AT TIME STEP     31, STRESS PERIOD      4
 UBDSV06 SAVING              GHB IN MODEL LOCAL_RUN15      PACKAGE LOCAL_RUN15     CONNECTED TO MODEL LOCAL_RUN15      PACKAGE GHB_SP           ON UNIT   1030 AT TIME STEP     31, STRESS PERIOD      4
 UBDSV06 SAVING             RCHA IN MODEL LOCAL_RUN15      PACKAGE LOCAL_RUN15     CONNECTED TO MODEL LOCAL_RUN15      PACKAGE RCH              ON UNIT   1030 AT TIME STEP     31, STRESS PERIOD      4

 HEAD WILL BE SAVED ON UNIT 1031 AT END OF TIME STEP   31, STRESS PERIOD    4

end timestep


start timestep kper="4" kstp="32" mode="normal"


 SLN_1 INNER ITERATION SUMMARY
 --------------------------------------------------------------------------------------------------------------------------------------
      TOTAL      OUTER      INNER                                                            MAXIMUM                                   
  ITERATION  ITERATION  ITERATION  MAXIMUM CHANGE      MAXIMUM CHANGE MODEL-(CELLID)        RESIDUAL    MAXIMUM RESIDUAL MODEL-(CELLID)
 --------------------------------------------------------------------------------------------------------------------------------------
          1          1          1     -0.15582591                     1_GWF-(1,47,5)  6.92250720E-06                    1_GWF-(1,32,29)
          2          1          2  1.16156560E-08                    1_GWF-(1,40,18)  8.74687380E-10                    1_GWF-(1,32,31)
          3          2          1 -1.43123140E-12                    1_GWF-(1,40,18)  6.10671509E-10                    1_GWF-(1,32,31)
 --------------------------------------------------------------------------------------------------------------------------------------


 UBDSV1 SAVING           STO-SS ON UNIT   1030 AT TIME STEP     32, STRESS PERIOD      4
 UBDSV1 SAVING     FLOW-JA-FACE ON UNIT   1030 AT TIME STEP     32, STRESS PERIOD      4
 UBDSV06 SAVING       DATA-SPDIS IN MODEL LOCAL_RUN15      PACKAGE NPF             CONNECTED TO MODEL LOCAL_RUN15      PACKAGE NPF              ON UNIT   1030 AT TIME STEP     32, STRESS PERIOD      4
 UBDSV06 SAVING              GHB IN MODEL LOCAL_RUN15      PACKAGE LOCAL_RUN15     CONNECTED TO MODEL LOCAL_RUN15      PACKAGE GHB_AW           ON UNIT   1030 AT TIME STEP     32, STRESS PERIOD      4
 UBDSV06 SAVING              GHB IN MODEL LOCAL_RUN15      PACKAGE LOCAL_RUN15     CONNECTED TO MODEL LOCAL_RUN15      PACKAGE GHB_CONF         ON UNIT   1030 AT TIME STEP     32, STRESS PERIOD      4
 UBDSV06 SAVING              GHB IN MODEL LOCAL_RUN15      PACKAGE LOCAL_RUN15     CONNECTED TO MODEL LOCAL_RUN15      PACKAGE GHB_PW           ON UNIT   1030 AT TIME STEP     32, STRESS PERIOD      4
 UBDSV06 SAVING              GHB IN MODEL LOCAL_RUN15      PACKAGE LOCAL_RUN15     CONNECTED TO MODEL LOCAL_RUN15      PACKAGE GHB_SP           ON UNIT   1030 AT TIME STEP     32, STRESS PERIOD      4
 UBDSV06 SAVING             RCHA IN MODEL LOCAL_RUN15      PACKAGE LOCAL_RUN15     CONNECTED TO MODEL LOCAL_RUN15      PACKAGE RCH              ON UNIT   1030 AT TIME STEP     32, STRESS PERIOD      4

 HEAD WILL BE SAVED ON UNIT 1031 AT END OF TIME STEP   32, STRESS PERIOD    4

end timestep


start timestep kper="4" kstp="33" mode="normal"


 SLN_1 INNER ITERATION SUMMARY
 --------------------------------------------------------------------------------------------------------------------------------------
      TOTAL      OUTER      INNER                                                            MAXIMUM                                   
  ITERATION  ITERATION  ITERATION  MAXIMUM CHANGE      MAXIMUM CHANGE MODEL-(CELLID)        RESIDUAL    MAXIMUM RESIDUAL MODEL-(CELLID)
 --------------------------------------------------------------------------------------------------------------------------------------
          1          1          1     -0.14990978                     1_GWF-(1,47,5)  6.83216958E-06                    1_GWF-(1,32,29)
          2          1          2  1.13096191E-08                    1_GWF-(1,40,18)  8.86932142E-10                    1_GWF-(1,32,31)
          3          2          1 -1.43283211E-12                    1_GWF-(1,40,18)  6.18143609E-10                    1_GWF-(1,32,31)
 --------------------------------------------------------------------------------------------------------------------------------------


 UBDSV1 SAVING           STO-SS ON UNIT   1030 AT TIME STEP     33, STRESS PERIOD      4
 UBDSV1 SAVING     FLOW-JA-FACE ON UNIT   1030 AT TIME STEP     33, STRESS PERIOD      4
 UBDSV06 SAVING       DATA-SPDIS IN MODEL LOCAL_RUN15      PACKAGE NPF             CONNECTED TO MODEL LOCAL_RUN15      PACKAGE NPF              ON UNIT   1030 AT TIME STEP     33, STRESS PERIOD      4
 UBDSV06 SAVING              GHB IN MODEL LOCAL_RUN15      PACKAGE LOCAL_RUN15     CONNECTED TO MODEL LOCAL_RUN15      PACKAGE GHB_AW           ON UNIT   1030 AT TIME STEP     33, STRESS PERIOD      4
 UBDSV06 SAVING              GHB IN MODEL LOCAL_RUN15      PACKAGE LOCAL_RUN15     CONNECTED TO MODEL LOCAL_RUN15      PACKAGE GHB_CONF         ON UNIT   1030 AT TIME STEP     33, STRESS PERIOD      4
 UBDSV06 SAVING              GHB IN MODEL LOCAL_RUN15      PACKAGE LOCAL_RUN15     CONNECTED TO MODEL LOCAL_RUN15      PACKAGE GHB_PW           ON UNIT   1030 AT TIME STEP     33, STRESS PERIOD      4
 UBDSV06 SAVING              GHB IN MODEL LOCAL_RUN15      PACKAGE LOCAL_RUN15     CONNECTED TO MODEL LOCAL_RUN15      PACKAGE GHB_SP           ON UNIT   1030 AT TIME STEP     33, STRESS PERIOD      4
 UBDSV06 SAVING             RCHA IN MODEL LOCAL_RUN15      PACKAGE LOCAL_RUN15     CONNECTED TO MODEL LOCAL_RUN15      PACKAGE RCH              ON UNIT   1030 AT TIME STEP     33, STRESS PERIOD      4

 HEAD WILL BE SAVED ON UNIT 1031 AT END OF TIME STEP   33, STRESS PERIOD    4

end timestep


start timestep kper="4" kstp="34" mode="normal"


 SLN_1 INNER ITERATION SUMMARY
 --------------------------------------------------------------------------------------------------------------------------------------
      TOTAL      OUTER      INNER                                                            MAXIMUM                                   
  ITERATION  ITERATION  ITERATION  MAXIMUM CHANGE      MAXIMUM CHANGE MODEL-(CELLID)        RESIDUAL    MAXIMUM RESIDUAL MODEL-(CELLID)
 --------------------------------------------------------------------------------------------------------------------------------------
          1          1          1     -0.14411295                     1_GWF-(1,47,5)  6.74278961E-06                    1_GWF-(1,32,29)
          2          1          2  1.09790944E-08                    1_GWF-(1,40,18)  8.97154890E-10                    1_GWF-(1,32,31)
          3          2          1 -1.42825886E-12                    1_GWF-(1,40,18)  6.22306305E-10                    1_GWF-(1,32,31)
 --------------------------------------------------------------------------------------------------------------------------------------


 UBDSV1 SAVING           STO-SS ON UNIT   1030 AT TIME STEP     34, STRESS PERIOD      4
 UBDSV1 SAVING     FLOW-JA-FACE ON UNIT   1030 AT TIME STEP     34, STRESS PERIOD      4
 UBDSV06 SAVING       DATA-SPDIS IN MODEL LOCAL_RUN15      PACKAGE NPF             CONNECTED TO MODEL LOCAL_RUN15      PACKAGE NPF              ON UNIT   1030 AT TIME STEP     34, STRESS PERIOD      4
 UBDSV06 SAVING              GHB IN MODEL LOCAL_RUN15      PACKAGE LOCAL_RUN15     CONNECTED TO MODEL LOCAL_RUN15      PACKAGE GHB_AW           ON UNIT   1030 AT TIME STEP     34, STRESS PERIOD      4
 UBDSV06 SAVING              GHB IN MODEL LOCAL_RUN15      PACKAGE LOCAL_RUN15     CONNECTED TO MODEL LOCAL_RUN15      PACKAGE GHB_CONF         ON UNIT   1030 AT TIME STEP     34, STRESS PERIOD      4
 UBDSV06 SAVING              GHB IN MODEL LOCAL_RUN15      PACKAGE LOCAL_RUN15     CONNECTED TO MODEL LOCAL_RUN15      PACKAGE GHB_PW           ON UNIT   1030 AT TIME STEP     34, STRESS PERIOD      4
 UBDSV06 SAVING              GHB IN MODEL LOCAL_RUN15      PACKAGE LOCAL_RUN15     CONNECTED TO MODEL LOCAL_RUN15      PACKAGE GHB_SP           ON UNIT   1030 AT TIME STEP     34, STRESS PERIOD      4
 UBDSV06 SAVING             RCHA IN MODEL LOCAL_RUN15      PACKAGE LOCAL_RUN15     CONNECTED TO MODEL LOCAL_RUN15      PACKAGE RCH              ON UNIT   1030 AT TIME STEP     34, STRESS PERIOD      4

 HEAD WILL BE SAVED ON UNIT 1031 AT END OF TIME STEP   34, STRESS PERIOD    4

end timestep


start timestep kper="4" kstp="35" mode="normal"


 SLN_1 INNER ITERATION SUMMARY
 --------------------------------------------------------------------------------------------------------------------------------------
      TOTAL      OUTER      INNER                                                            MAXIMUM                                   
  ITERATION  ITERATION  ITERATION  MAXIMUM CHANGE      MAXIMUM CHANGE MODEL-(CELLID)        RESIDUAL    MAXIMUM RESIDUAL MODEL-(CELLID)
 --------------------------------------------------------------------------------------------------------------------------------------
          1          1          1     -0.13844580                     1_GWF-(1,47,5)  6.65443509E-06                    1_GWF-(1,32,29)
          2          1          2  1.06312580E-08                    1_GWF-(1,40,18)  9.05558024E-10                    1_GWF-(1,32,31)
          3          2          1 -1.41948461E-12                    1_GWF-(1,40,18)  6.26425057E-10                    1_GWF-(1,32,31)
 --------------------------------------------------------------------------------------------------------------------------------------


 UBDSV1 SAVING           STO-SS ON UNIT   1030 AT TIME STEP     35, STRESS PERIOD      4
 UBDSV1 SAVING     FLOW-JA-FACE ON UNIT   1030 AT TIME STEP     35, STRESS PERIOD      4
 UBDSV06 SAVING       DATA-SPDIS IN MODEL LOCAL_RUN15      PACKAGE NPF             CONNECTED TO MODEL LOCAL_RUN15      PACKAGE NPF              ON UNIT   1030 AT TIME STEP     35, STRESS PERIOD      4
 UBDSV06 SAVING              GHB IN MODEL LOCAL_RUN15      PACKAGE LOCAL_RUN15     CONNECTED TO MODEL LOCAL_RUN15      PACKAGE GHB_AW           ON UNIT   1030 AT TIME STEP     35, STRESS PERIOD      4
 UBDSV06 SAVING              GHB IN MODEL LOCAL_RUN15      PACKAGE LOCAL_RUN15     CONNECTED TO MODEL LOCAL_RUN15      PACKAGE GHB_CONF         ON UNIT   1030 AT TIME STEP     35, STRESS PERIOD      4
 UBDSV06 SAVING              GHB IN MODEL LOCAL_RUN15      PACKAGE LOCAL_RUN15     CONNECTED TO MODEL LOCAL_RUN15      PACKAGE GHB_PW           ON UNIT   1030 AT TIME STEP     35, STRESS PERIOD      4
 UBDSV06 SAVING              GHB IN MODEL LOCAL_RUN15      PACKAGE LOCAL_RUN15     CONNECTED TO MODEL LOCAL_RUN15      PACKAGE GHB_SP           ON UNIT   1030 AT TIME STEP     35, STRESS PERIOD      4
 UBDSV06 SAVING             RCHA IN MODEL LOCAL_RUN15      PACKAGE LOCAL_RUN15     CONNECTED TO MODEL LOCAL_RUN15      PACKAGE RCH              ON UNIT   1030 AT TIME STEP     35, STRESS PERIOD      4

 HEAD WILL BE SAVED ON UNIT 1031 AT END OF TIME STEP   35, STRESS PERIOD    4

end timestep


start timestep kper="4" kstp="36" mode="normal"


 SLN_1 INNER ITERATION SUMMARY
 --------------------------------------------------------------------------------------------------------------------------------------
      TOTAL      OUTER      INNER                                                            MAXIMUM                                   
  ITERATION  ITERATION  ITERATION  MAXIMUM CHANGE      MAXIMUM CHANGE MODEL-(CELLID)        RESIDUAL    MAXIMUM RESIDUAL MODEL-(CELLID)
 --------------------------------------------------------------------------------------------------------------------------------------
          1          1          1     -0.13291665                     1_GWF-(1,47,5)  6.56712779E-06                    1_GWF-(1,32,29)
          2          1          2  1.02719095E-08                    1_GWF-(1,40,18)  9.12331195E-10                    1_GWF-(1,32,31)
          3          2          1 -1.40708141E-12                    1_GWF-(1,40,18)  6.31133193E-10                    1_GWF-(1,32,31)
 --------------------------------------------------------------------------------------------------------------------------------------


 UBDSV1 SAVING           STO-SS ON UNIT   1030 AT TIME STEP     36, STRESS PERIOD      4
 UBDSV1 SAVING     FLOW-JA-FACE ON UNIT   1030 AT TIME STEP     36, STRESS PERIOD      4
 UBDSV06 SAVING       DATA-SPDIS IN MODEL LOCAL_RUN15      PACKAGE NPF             CONNECTED TO MODEL LOCAL_RUN15      PACKAGE NPF              ON UNIT   1030 AT TIME STEP     36, STRESS PERIOD      4
 UBDSV06 SAVING              GHB IN MODEL LOCAL_RUN15      PACKAGE LOCAL_RUN15     CONNECTED TO MODEL LOCAL_RUN15      PACKAGE GHB_AW           ON UNIT   1030 AT TIME STEP     36, STRESS PERIOD      4
 UBDSV06 SAVING              GHB IN MODEL LOCAL_RUN15      PACKAGE LOCAL_RUN15     CONNECTED TO MODEL LOCAL_RUN15      PACKAGE GHB_CONF         ON UNIT   1030 AT TIME STEP     36, STRESS PERIOD      4
 UBDSV06 SAVING              GHB IN MODEL LOCAL_RUN15      PACKAGE LOCAL_RUN15     CONNECTED TO MODEL LOCAL_RUN15      PACKAGE GHB_PW           ON UNIT   1030 AT TIME STEP     36, STRESS PERIOD      4
 UBDSV06 SAVING              GHB IN MODEL LOCAL_RUN15      PACKAGE LOCAL_RUN15     CONNECTED TO MODEL LOCAL_RUN15      PACKAGE GHB_SP           ON UNIT   1030 AT TIME STEP     36, STRESS PERIOD      4
 UBDSV06 SAVING             RCHA IN MODEL LOCAL_RUN15      PACKAGE LOCAL_RUN15     CONNECTED TO MODEL LOCAL_RUN15      PACKAGE RCH              ON UNIT   1030 AT TIME STEP     36, STRESS PERIOD      4

 HEAD WILL BE SAVED ON UNIT 1031 AT END OF TIME STEP   36, STRESS PERIOD    4

end timestep


start timestep kper="4" kstp="37" mode="normal"


 SLN_1 INNER ITERATION SUMMARY
 --------------------------------------------------------------------------------------------------------------------------------------
      TOTAL      OUTER      INNER                                                            MAXIMUM                                   
  ITERATION  ITERATION  ITERATION  MAXIMUM CHANGE      MAXIMUM CHANGE MODEL-(CELLID)        RESIDUAL    MAXIMUM RESIDUAL MODEL-(CELLID)
 --------------------------------------------------------------------------------------------------------------------------------------
          1          1          1     -0.12753210                     1_GWF-(1,47,5)  6.48086224E-06                    1_GWF-(1,32,29)
          2          1          2  9.90574603E-09                    1_GWF-(1,40,18)  9.17649098E-10                    1_GWF-(1,32,31)
          3          2          1 -1.39175436E-12                    1_GWF-(1,40,18)  6.33486832E-10                    1_GWF-(1,32,31)
 --------------------------------------------------------------------------------------------------------------------------------------


 UBDSV1 SAVING           STO-SS ON UNIT   1030 AT TIME STEP     37, STRESS PERIOD      4
 UBDSV1 SAVING     FLOW-JA-FACE ON UNIT   1030 AT TIME STEP     37, STRESS PERIOD      4
 UBDSV06 SAVING       DATA-SPDIS IN MODEL LOCAL_RUN15      PACKAGE NPF             CONNECTED TO MODEL LOCAL_RUN15      PACKAGE NPF              ON UNIT   1030 AT TIME STEP     37, STRESS PERIOD      4
 UBDSV06 SAVING              GHB IN MODEL LOCAL_RUN15      PACKAGE LOCAL_RUN15     CONNECTED TO MODEL LOCAL_RUN15      PACKAGE GHB_AW           ON UNIT   1030 AT TIME STEP     37, STRESS PERIOD      4
 UBDSV06 SAVING              GHB IN MODEL LOCAL_RUN15      PACKAGE LOCAL_RUN15     CONNECTED TO MODEL LOCAL_RUN15      PACKAGE GHB_CONF         ON UNIT   1030 AT TIME STEP     37, STRESS PERIOD      4
 UBDSV06 SAVING              GHB IN MODEL LOCAL_RUN15      PACKAGE LOCAL_RUN15     CONNECTED TO MODEL LOCAL_RUN15      PACKAGE GHB_PW           ON UNIT   1030 AT TIME STEP     37, STRESS PERIOD      4
 UBDSV06 SAVING              GHB IN MODEL LOCAL_RUN15      PACKAGE LOCAL_RUN15     CONNECTED TO MODEL LOCAL_RUN15      PACKAGE GHB_SP           ON UNIT   1030 AT TIME STEP     37, STRESS PERIOD      4
 UBDSV06 SAVING             RCHA IN MODEL LOCAL_RUN15      PACKAGE LOCAL_RUN15     CONNECTED TO MODEL LOCAL_RUN15      PACKAGE RCH              ON UNIT   1030 AT TIME STEP     37, STRESS PERIOD      4

 HEAD WILL BE SAVED ON UNIT 1031 AT END OF TIME STEP   37, STRESS PERIOD    4

end timestep


start timestep kper="4" kstp="38" mode="normal"


 SLN_1 INNER ITERATION SUMMARY
 --------------------------------------------------------------------------------------------------------------------------------------
      TOTAL      OUTER      INNER                                                            MAXIMUM                                   
  ITERATION  ITERATION  ITERATION  MAXIMUM CHANGE      MAXIMUM CHANGE MODEL-(CELLID)        RESIDUAL    MAXIMUM RESIDUAL MODEL-(CELLID)
 --------------------------------------------------------------------------------------------------------------------------------------
          1          1          1     -0.12270166                    1_GWF-(1,40,22)  6.39561890E-06                    1_GWF-(1,32,29)
          2          1          2  9.53658226E-09                    1_GWF-(1,40,18)  9.21670992E-10                    1_GWF-(1,32,31)
          3          2          1 -1.37292663E-12                    1_GWF-(1,40,18)  6.34638044E-10                    1_GWF-(1,32,31)
 --------------------------------------------------------------------------------------------------------------------------------------


 UBDSV1 SAVING           STO-SS ON UNIT   1030 AT TIME STEP     38, STRESS PERIOD      4
 UBDSV1 SAVING     FLOW-JA-FACE ON UNIT   1030 AT TIME STEP     38, STRESS PERIOD      4
 UBDSV06 SAVING       DATA-SPDIS IN MODEL LOCAL_RUN15      PACKAGE NPF             CONNECTED TO MODEL LOCAL_RUN15      PACKAGE NPF              ON UNIT   1030 AT TIME STEP     38, STRESS PERIOD      4
 UBDSV06 SAVING              GHB IN MODEL LOCAL_RUN15      PACKAGE LOCAL_RUN15     CONNECTED TO MODEL LOCAL_RUN15      PACKAGE GHB_AW           ON UNIT   1030 AT TIME STEP     38, STRESS PERIOD      4
 UBDSV06 SAVING              GHB IN MODEL LOCAL_RUN15      PACKAGE LOCAL_RUN15     CONNECTED TO MODEL LOCAL_RUN15      PACKAGE GHB_CONF         ON UNIT   1030 AT TIME STEP     38, STRESS PERIOD      4
 UBDSV06 SAVING              GHB IN MODEL LOCAL_RUN15      PACKAGE LOCAL_RUN15     CONNECTED TO MODEL LOCAL_RUN15      PACKAGE GHB_PW           ON UNIT   1030 AT TIME STEP     38, STRESS PERIOD      4
 UBDSV06 SAVING              GHB IN MODEL LOCAL_RUN15      PACKAGE LOCAL_RUN15     CONNECTED TO MODEL LOCAL_RUN15      PACKAGE GHB_SP           ON UNIT   1030 AT TIME STEP     38, STRESS PERIOD      4
 UBDSV06 SAVING             RCHA IN MODEL LOCAL_RUN15      PACKAGE LOCAL_RUN15     CONNECTED TO MODEL LOCAL_RUN15      PACKAGE RCH              ON UNIT   1030 AT TIME STEP     38, STRESS PERIOD      4

 HEAD WILL BE SAVED ON UNIT 1031 AT END OF TIME STEP   38, STRESS PERIOD    4

end timestep


start timestep kper="4" kstp="39" mode="normal"


 SLN_1 INNER ITERATION SUMMARY
 --------------------------------------------------------------------------------------------------------------------------------------
      TOTAL      OUTER      INNER                                                            MAXIMUM                                   
  ITERATION  ITERATION  ITERATION  MAXIMUM CHANGE      MAXIMUM CHANGE MODEL-(CELLID)        RESIDUAL    MAXIMUM RESIDUAL MODEL-(CELLID)
 --------------------------------------------------------------------------------------------------------------------------------------
          1          1          1     -0.11927656                    1_GWF-(1,40,22)  6.31137286E-06                    1_GWF-(1,32,29)
          2          1          2  9.16751996E-09                    1_GWF-(1,40,18)  9.24538850E-10                    1_GWF-(1,32,31)
          3          2          1 -1.35321591E-12                    1_GWF-(1,40,18)  6.37372622E-10                    1_GWF-(1,32,31)
 --------------------------------------------------------------------------------------------------------------------------------------


 UBDSV1 SAVING           STO-SS ON UNIT   1030 AT TIME STEP     39, STRESS PERIOD      4
 UBDSV1 SAVING     FLOW-JA-FACE ON UNIT   1030 AT TIME STEP     39, STRESS PERIOD      4
 UBDSV06 SAVING       DATA-SPDIS IN MODEL LOCAL_RUN15      PACKAGE NPF             CONNECTED TO MODEL LOCAL_RUN15      PACKAGE NPF              ON UNIT   1030 AT TIME STEP     39, STRESS PERIOD      4
 UBDSV06 SAVING              GHB IN MODEL LOCAL_RUN15      PACKAGE LOCAL_RUN15     CONNECTED TO MODEL LOCAL_RUN15      PACKAGE GHB_AW           ON UNIT   1030 AT TIME STEP     39, STRESS PERIOD      4
 UBDSV06 SAVING              GHB IN MODEL LOCAL_RUN15      PACKAGE LOCAL_RUN15     CONNECTED TO MODEL LOCAL_RUN15      PACKAGE GHB_CONF         ON UNIT   1030 AT TIME STEP     39, STRESS PERIOD      4
 UBDSV06 SAVING              GHB IN MODEL LOCAL_RUN15      PACKAGE LOCAL_RUN15     CONNECTED TO MODEL LOCAL_RUN15      PACKAGE GHB_PW           ON UNIT   1030 AT TIME STEP     39, STRESS PERIOD      4
 UBDSV06 SAVING              GHB IN MODEL LOCAL_RUN15      PACKAGE LOCAL_RUN15     CONNECTED TO MODEL LOCAL_RUN15      PACKAGE GHB_SP           ON UNIT   1030 AT TIME STEP     39, STRESS PERIOD      4
 UBDSV06 SAVING             RCHA IN MODEL LOCAL_RUN15      PACKAGE LOCAL_RUN15     CONNECTED TO MODEL LOCAL_RUN15      PACKAGE RCH              ON UNIT   1030 AT TIME STEP     39, STRESS PERIOD      4

 HEAD WILL BE SAVED ON UNIT 1031 AT END OF TIME STEP   39, STRESS PERIOD    4

end timestep


start timestep kper="4" kstp="40" mode="normal"


 SLN_1 INNER ITERATION SUMMARY
 --------------------------------------------------------------------------------------------------------------------------------------
      TOTAL      OUTER      INNER                                                            MAXIMUM                                   
  ITERATION  ITERATION  ITERATION  MAXIMUM CHANGE      MAXIMUM CHANGE MODEL-(CELLID)        RESIDUAL    MAXIMUM RESIDUAL MODEL-(CELLID)
 --------------------------------------------------------------------------------------------------------------------------------------
          1          1          1     -0.11588077                    1_GWF-(1,40,22)  6.22809928E-06                    1_GWF-(1,32,29)
          2          1          2  8.80107463E-09                    1_GWF-(1,40,18)  9.26380323E-10                    1_GWF-(1,32,31)
          3          2          1 -1.33083244E-12                    1_GWF-(1,40,18)  6.39781501E-10                    1_GWF-(1,32,31)
 --------------------------------------------------------------------------------------------------------------------------------------


 UBDSV1 SAVING           STO-SS ON UNIT   1030 AT TIME STEP     40, STRESS PERIOD      4
 UBDSV1 SAVING     FLOW-JA-FACE ON UNIT   1030 AT TIME STEP     40, STRESS PERIOD      4
 UBDSV06 SAVING       DATA-SPDIS IN MODEL LOCAL_RUN15      PACKAGE NPF             CONNECTED TO MODEL LOCAL_RUN15      PACKAGE NPF              ON UNIT   1030 AT TIME STEP     40, STRESS PERIOD      4
 UBDSV06 SAVING              GHB IN MODEL LOCAL_RUN15      PACKAGE LOCAL_RUN15     CONNECTED TO MODEL LOCAL_RUN15      PACKAGE GHB_AW           ON UNIT   1030 AT TIME STEP     40, STRESS PERIOD      4
 UBDSV06 SAVING              GHB IN MODEL LOCAL_RUN15      PACKAGE LOCAL_RUN15     CONNECTED TO MODEL LOCAL_RUN15      PACKAGE GHB_CONF         ON UNIT   1030 AT TIME STEP     40, STRESS PERIOD      4
 UBDSV06 SAVING              GHB IN MODEL LOCAL_RUN15      PACKAGE LOCAL_RUN15     CONNECTED TO MODEL LOCAL_RUN15      PACKAGE GHB_PW           ON UNIT   1030 AT TIME STEP     40, STRESS PERIOD      4
 UBDSV06 SAVING              GHB IN MODEL LOCAL_RUN15      PACKAGE LOCAL_RUN15     CONNECTED TO MODEL LOCAL_RUN15      PACKAGE GHB_SP           ON UNIT   1030 AT TIME STEP     40, STRESS PERIOD      4
 UBDSV06 SAVING             RCHA IN MODEL LOCAL_RUN15      PACKAGE LOCAL_RUN15     CONNECTED TO MODEL LOCAL_RUN15      PACKAGE RCH              ON UNIT   1030 AT TIME STEP     40, STRESS PERIOD      4

 HEAD WILL BE SAVED ON UNIT 1031 AT END OF TIME STEP   40, STRESS PERIOD    4

end timestep


start timestep kper="4" kstp="41" mode="normal"


 SLN_1 INNER ITERATION SUMMARY
 --------------------------------------------------------------------------------------------------------------------------------------
      TOTAL      OUTER      INNER                                                            MAXIMUM                                   
  ITERATION  ITERATION  ITERATION  MAXIMUM CHANGE      MAXIMUM CHANGE MODEL-(CELLID)        RESIDUAL    MAXIMUM RESIDUAL MODEL-(CELLID)
 --------------------------------------------------------------------------------------------------------------------------------------
          1          1          1     -0.11252426                    1_GWF-(1,40,22)  6.14577643E-06                    1_GWF-(1,32,29)
          2          1          2  8.43928350E-09                    1_GWF-(1,40,18)  9.27308253E-10                    1_GWF-(1,32,31)
          3          2          1 -1.30823950E-12                    1_GWF-(1,40,18)  6.40542869E-10                    1_GWF-(1,32,31)
 --------------------------------------------------------------------------------------------------------------------------------------


 UBDSV1 SAVING           STO-SS ON UNIT   1030 AT TIME STEP     41, STRESS PERIOD      4
 UBDSV1 SAVING     FLOW-JA-FACE ON UNIT   1030 AT TIME STEP     41, STRESS PERIOD      4
 UBDSV06 SAVING       DATA-SPDIS IN MODEL LOCAL_RUN15      PACKAGE NPF             CONNECTED TO MODEL LOCAL_RUN15      PACKAGE NPF              ON UNIT   1030 AT TIME STEP     41, STRESS PERIOD      4
 UBDSV06 SAVING              GHB IN MODEL LOCAL_RUN15      PACKAGE LOCAL_RUN15     CONNECTED TO MODEL LOCAL_RUN15      PACKAGE GHB_AW           ON UNIT   1030 AT TIME STEP     41, STRESS PERIOD      4
 UBDSV06 SAVING              GHB IN MODEL LOCAL_RUN15      PACKAGE LOCAL_RUN15     CONNECTED TO MODEL LOCAL_RUN15      PACKAGE GHB_CONF         ON UNIT   1030 AT TIME STEP     41, STRESS PERIOD      4
 UBDSV06 SAVING              GHB IN MODEL LOCAL_RUN15      PACKAGE LOCAL_RUN15     CONNECTED TO MODEL LOCAL_RUN15      PACKAGE GHB_PW           ON UNIT   1030 AT TIME STEP     41, STRESS PERIOD      4
 UBDSV06 SAVING              GHB IN MODEL LOCAL_RUN15      PACKAGE LOCAL_RUN15     CONNECTED TO MODEL LOCAL_RUN15      PACKAGE GHB_SP           ON UNIT   1030 AT TIME STEP     41, STRESS PERIOD      4
 UBDSV06 SAVING             RCHA IN MODEL LOCAL_RUN15      PACKAGE LOCAL_RUN15     CONNECTED TO MODEL LOCAL_RUN15      PACKAGE RCH              ON UNIT   1030 AT TIME STEP     41, STRESS PERIOD      4

 HEAD WILL BE SAVED ON UNIT 1031 AT END OF TIME STEP   41, STRESS PERIOD    4

end timestep


start timestep kper="4" kstp="42" mode="normal"


 SLN_1 INNER ITERATION SUMMARY
 --------------------------------------------------------------------------------------------------------------------------------------
      TOTAL      OUTER      INNER                                                            MAXIMUM                                   
  ITERATION  ITERATION  ITERATION  MAXIMUM CHANGE      MAXIMUM CHANGE MODEL-(CELLID)        RESIDUAL    MAXIMUM RESIDUAL MODEL-(CELLID)
 --------------------------------------------------------------------------------------------------------------------------------------
          1          1          1     -0.10921550                    1_GWF-(1,40,22)  6.06438718E-06                    1_GWF-(1,32,29)
          2          1          2  8.08378357E-09                    1_GWF-(1,40,18)  9.27422929E-10                    1_GWF-(1,32,31)
          3          2          1 -1.28380488E-12                    1_GWF-(1,40,18)  6.39718701E-10                    1_GWF-(1,32,31)
 --------------------------------------------------------------------------------------------------------------------------------------


 UBDSV1 SAVING           STO-SS ON UNIT   1030 AT TIME STEP     42, STRESS PERIOD      4
 UBDSV1 SAVING     FLOW-JA-FACE ON UNIT   1030 AT TIME STEP     42, STRESS PERIOD      4
 UBDSV06 SAVING       DATA-SPDIS IN MODEL LOCAL_RUN15      PACKAGE NPF             CONNECTED TO MODEL LOCAL_RUN15      PACKAGE NPF              ON UNIT   1030 AT TIME STEP     42, STRESS PERIOD      4
 UBDSV06 SAVING              GHB IN MODEL LOCAL_RUN15      PACKAGE LOCAL_RUN15     CONNECTED TO MODEL LOCAL_RUN15      PACKAGE GHB_AW           ON UNIT   1030 AT TIME STEP     42, STRESS PERIOD      4
 UBDSV06 SAVING              GHB IN MODEL LOCAL_RUN15      PACKAGE LOCAL_RUN15     CONNECTED TO MODEL LOCAL_RUN15      PACKAGE GHB_CONF         ON UNIT   1030 AT TIME STEP     42, STRESS PERIOD      4
 UBDSV06 SAVING              GHB IN MODEL LOCAL_RUN15      PACKAGE LOCAL_RUN15     CONNECTED TO MODEL LOCAL_RUN15      PACKAGE GHB_PW           ON UNIT   1030 AT TIME STEP     42, STRESS PERIOD      4
 UBDSV06 SAVING              GHB IN MODEL LOCAL_RUN15      PACKAGE LOCAL_RUN15     CONNECTED TO MODEL LOCAL_RUN15      PACKAGE GHB_SP           ON UNIT   1030 AT TIME STEP     42, STRESS PERIOD      4
 UBDSV06 SAVING             RCHA IN MODEL LOCAL_RUN15      PACKAGE LOCAL_RUN15     CONNECTED TO MODEL LOCAL_RUN15      PACKAGE RCH              ON UNIT   1030 AT TIME STEP     42, STRESS PERIOD      4

 HEAD WILL BE SAVED ON UNIT 1031 AT END OF TIME STEP   42, STRESS PERIOD    4

end timestep


start timestep kper="4" kstp="43" mode="normal"


 SLN_1 INNER ITERATION SUMMARY
 --------------------------------------------------------------------------------------------------------------------------------------
      TOTAL      OUTER      INNER                                                            MAXIMUM                                   
  ITERATION  ITERATION  ITERATION  MAXIMUM CHANGE      MAXIMUM CHANGE MODEL-(CELLID)        RESIDUAL    MAXIMUM RESIDUAL MODEL-(CELLID)
 --------------------------------------------------------------------------------------------------------------------------------------
          1          1          1     -0.10596162                    1_GWF-(1,40,22)  5.98391936E-06                    1_GWF-(1,32,29)
          2          1          2  7.73587805E-09                    1_GWF-(1,40,18)  9.26811572E-10                    1_GWF-(1,32,31)
          3          2          1 -1.25832989E-12                    1_GWF-(1,40,18)  6.39069107E-10                    1_GWF-(1,32,31)
 --------------------------------------------------------------------------------------------------------------------------------------


 UBDSV1 SAVING           STO-SS ON UNIT   1030 AT TIME STEP     43, STRESS PERIOD      4
 UBDSV1 SAVING     FLOW-JA-FACE ON UNIT   1030 AT TIME STEP     43, STRESS PERIOD      4
 UBDSV06 SAVING       DATA-SPDIS IN MODEL LOCAL_RUN15      PACKAGE NPF             CONNECTED TO MODEL LOCAL_RUN15      PACKAGE NPF              ON UNIT   1030 AT TIME STEP     43, STRESS PERIOD      4
 UBDSV06 SAVING              GHB IN MODEL LOCAL_RUN15      PACKAGE LOCAL_RUN15     CONNECTED TO MODEL LOCAL_RUN15      PACKAGE GHB_AW           ON UNIT   1030 AT TIME STEP     43, STRESS PERIOD      4
 UBDSV06 SAVING              GHB IN MODEL LOCAL_RUN15      PACKAGE LOCAL_RUN15     CONNECTED TO MODEL LOCAL_RUN15      PACKAGE GHB_CONF         ON UNIT   1030 AT TIME STEP     43, STRESS PERIOD      4
 UBDSV06 SAVING              GHB IN MODEL LOCAL_RUN15      PACKAGE LOCAL_RUN15     CONNECTED TO MODEL LOCAL_RUN15      PACKAGE GHB_PW           ON UNIT   1030 AT TIME STEP     43, STRESS PERIOD      4
 UBDSV06 SAVING              GHB IN MODEL LOCAL_RUN15      PACKAGE LOCAL_RUN15     CONNECTED TO MODEL LOCAL_RUN15      PACKAGE GHB_SP           ON UNIT   1030 AT TIME STEP     43, STRESS PERIOD      4
 UBDSV06 SAVING             RCHA IN MODEL LOCAL_RUN15      PACKAGE LOCAL_RUN15     CONNECTED TO MODEL LOCAL_RUN15      PACKAGE RCH              ON UNIT   1030 AT TIME STEP     43, STRESS PERIOD      4

 HEAD WILL BE SAVED ON UNIT 1031 AT END OF TIME STEP   43, STRESS PERIOD    4

end timestep


start timestep kper="4" kstp="44" mode="normal"


 SLN_1 INNER ITERATION SUMMARY
 --------------------------------------------------------------------------------------------------------------------------------------
      TOTAL      OUTER      INNER                                                            MAXIMUM                                   
  ITERATION  ITERATION  ITERATION  MAXIMUM CHANGE      MAXIMUM CHANGE MODEL-(CELLID)        RESIDUAL    MAXIMUM RESIDUAL MODEL-(CELLID)
 --------------------------------------------------------------------------------------------------------------------------------------
          1          1          1     -0.10276854                    1_GWF-(1,40,22)  5.90436552E-06                    1_GWF-(1,32,29)
          2          1          2  7.39659162E-09                    1_GWF-(1,40,18)  9.25553287E-10                    1_GWF-(1,32,31)
          3          2          1 -1.23337913E-12                    1_GWF-(1,40,18)  6.38607048E-10                    1_GWF-(1,32,31)
 --------------------------------------------------------------------------------------------------------------------------------------


 UBDSV1 SAVING           STO-SS ON UNIT   1030 AT TIME STEP     44, STRESS PERIOD      4
 UBDSV1 SAVING     FLOW-JA-FACE ON UNIT   1030 AT TIME STEP     44, STRESS PERIOD      4
 UBDSV06 SAVING       DATA-SPDIS IN MODEL LOCAL_RUN15      PACKAGE NPF             CONNECTED TO MODEL LOCAL_RUN15      PACKAGE NPF              ON UNIT   1030 AT TIME STEP     44, STRESS PERIOD      4
 UBDSV06 SAVING              GHB IN MODEL LOCAL_RUN15      PACKAGE LOCAL_RUN15     CONNECTED TO MODEL LOCAL_RUN15      PACKAGE GHB_AW           ON UNIT   1030 AT TIME STEP     44, STRESS PERIOD      4
 UBDSV06 SAVING              GHB IN MODEL LOCAL_RUN15      PACKAGE LOCAL_RUN15     CONNECTED TO MODEL LOCAL_RUN15      PACKAGE GHB_CONF         ON UNIT   1030 AT TIME STEP     44, STRESS PERIOD      4
 UBDSV06 SAVING              GHB IN MODEL LOCAL_RUN15      PACKAGE LOCAL_RUN15     CONNECTED TO MODEL LOCAL_RUN15      PACKAGE GHB_PW           ON UNIT   1030 AT TIME STEP     44, STRESS PERIOD      4
 UBDSV06 SAVING              GHB IN MODEL LOCAL_RUN15      PACKAGE LOCAL_RUN15     CONNECTED TO MODEL LOCAL_RUN15      PACKAGE GHB_SP           ON UNIT   1030 AT TIME STEP     44, STRESS PERIOD      4
 UBDSV06 SAVING             RCHA IN MODEL LOCAL_RUN15      PACKAGE LOCAL_RUN15     CONNECTED TO MODEL LOCAL_RUN15      PACKAGE RCH              ON UNIT   1030 AT TIME STEP     44, STRESS PERIOD      4

 HEAD WILL BE SAVED ON UNIT 1031 AT END OF TIME STEP   44, STRESS PERIOD    4

end timestep


start timestep kper="4" kstp="45" mode="normal"


 SLN_1 INNER ITERATION SUMMARY
 --------------------------------------------------------------------------------------------------------------------------------------
      TOTAL      OUTER      INNER                                                            MAXIMUM                                   
  ITERATION  ITERATION  ITERATION  MAXIMUM CHANGE      MAXIMUM CHANGE MODEL-(CELLID)        RESIDUAL    MAXIMUM RESIDUAL MODEL-(CELLID)
 --------------------------------------------------------------------------------------------------------------------------------------
          1          1          1 -9.96411105E-02                    1_GWF-(1,40,22)  5.82572233E-06                    1_GWF-(1,32,29)
 --------------------------------------------------------------------------------------------------------------------------------------


 UBDSV1 SAVING           STO-SS ON UNIT   1030 AT TIME STEP     45, STRESS PERIOD      4
 UBDSV1 SAVING     FLOW-JA-FACE ON UNIT   1030 AT TIME STEP     45, STRESS PERIOD      4
 UBDSV06 SAVING       DATA-SPDIS IN MODEL LOCAL_RUN15      PACKAGE NPF             CONNECTED TO MODEL LOCAL_RUN15      PACKAGE NPF              ON UNIT   1030 AT TIME STEP     45, STRESS PERIOD      4
 UBDSV06 SAVING              GHB IN MODEL LOCAL_RUN15      PACKAGE LOCAL_RUN15     CONNECTED TO MODEL LOCAL_RUN15      PACKAGE GHB_AW           ON UNIT   1030 AT TIME STEP     45, STRESS PERIOD      4
 UBDSV06 SAVING              GHB IN MODEL LOCAL_RUN15      PACKAGE LOCAL_RUN15     CONNECTED TO MODEL LOCAL_RUN15      PACKAGE GHB_CONF         ON UNIT   1030 AT TIME STEP     45, STRESS PERIOD      4
 UBDSV06 SAVING              GHB IN MODEL LOCAL_RUN15      PACKAGE LOCAL_RUN15     CONNECTED TO MODEL LOCAL_RUN15      PACKAGE GHB_PW           ON UNIT   1030 AT TIME STEP     45, STRESS PERIOD      4
 UBDSV06 SAVING              GHB IN MODEL LOCAL_RUN15      PACKAGE LOCAL_RUN15     CONNECTED TO MODEL LOCAL_RUN15      PACKAGE GHB_SP           ON UNIT   1030 AT TIME STEP     45, STRESS PERIOD      4
 UBDSV06 SAVING             RCHA IN MODEL LOCAL_RUN15      PACKAGE LOCAL_RUN15     CONNECTED TO MODEL LOCAL_RUN15      PACKAGE RCH              ON UNIT   1030 AT TIME STEP     45, STRESS PERIOD      4

 HEAD WILL BE SAVED ON UNIT 1031 AT END OF TIME STEP   45, STRESS PERIOD    4

end timestep


start timestep kper="4" kstp="46" mode="normal"


 SLN_1 INNER ITERATION SUMMARY
 --------------------------------------------------------------------------------------------------------------------------------------
      TOTAL      OUTER      INNER                                                            MAXIMUM                                   
  ITERATION  ITERATION  ITERATION  MAXIMUM CHANGE      MAXIMUM CHANGE MODEL-(CELLID)        RESIDUAL    MAXIMUM RESIDUAL MODEL-(CELLID)
 --------------------------------------------------------------------------------------------------------------------------------------
          1          1          1 -9.65832502E-02                    1_GWF-(1,40,22)  5.74798996E-06                    1_GWF-(1,32,29)
 --------------------------------------------------------------------------------------------------------------------------------------


 UBDSV1 SAVING           STO-SS ON UNIT   1030 AT TIME STEP     46, STRESS PERIOD      4
 UBDSV1 SAVING     FLOW-JA-FACE ON UNIT   1030 AT TIME STEP     46, STRESS PERIOD      4
 UBDSV06 SAVING       DATA-SPDIS IN MODEL LOCAL_RUN15      PACKAGE NPF             CONNECTED TO MODEL LOCAL_RUN15      PACKAGE NPF              ON UNIT   1030 AT TIME STEP     46, STRESS PERIOD      4
 UBDSV06 SAVING              GHB IN MODEL LOCAL_RUN15      PACKAGE LOCAL_RUN15     CONNECTED TO MODEL LOCAL_RUN15      PACKAGE GHB_AW           ON UNIT   1030 AT TIME STEP     46, STRESS PERIOD      4
 UBDSV06 SAVING              GHB IN MODEL LOCAL_RUN15      PACKAGE LOCAL_RUN15     CONNECTED TO MODEL LOCAL_RUN15      PACKAGE GHB_CONF         ON UNIT   1030 AT TIME STEP     46, STRESS PERIOD      4
 UBDSV06 SAVING              GHB IN MODEL LOCAL_RUN15      PACKAGE LOCAL_RUN15     CONNECTED TO MODEL LOCAL_RUN15      PACKAGE GHB_PW           ON UNIT   1030 AT TIME STEP     46, STRESS PERIOD      4
 UBDSV06 SAVING              GHB IN MODEL LOCAL_RUN15      PACKAGE LOCAL_RUN15     CONNECTED TO MODEL LOCAL_RUN15      PACKAGE GHB_SP           ON UNIT   1030 AT TIME STEP     46, STRESS PERIOD      4
 UBDSV06 SAVING             RCHA IN MODEL LOCAL_RUN15      PACKAGE LOCAL_RUN15     CONNECTED TO MODEL LOCAL_RUN15      PACKAGE RCH              ON UNIT   1030 AT TIME STEP     46, STRESS PERIOD      4

 HEAD WILL BE SAVED ON UNIT 1031 AT END OF TIME STEP   46, STRESS PERIOD    4

end timestep


start timestep kper="4" kstp="47" mode="normal"


 SLN_1 INNER ITERATION SUMMARY
 --------------------------------------------------------------------------------------------------------------------------------------
      TOTAL      OUTER      INNER                                                            MAXIMUM                                   
  ITERATION  ITERATION  ITERATION  MAXIMUM CHANGE      MAXIMUM CHANGE MODEL-(CELLID)        RESIDUAL    MAXIMUM RESIDUAL MODEL-(CELLID)
 --------------------------------------------------------------------------------------------------------------------------------------
          1          1          1 -9.35980385E-02                    1_GWF-(1,40,22)  5.67117078E-06                    1_GWF-(1,32,29)
 --------------------------------------------------------------------------------------------------------------------------------------


 UBDSV1 SAVING           STO-SS ON UNIT   1030 AT TIME STEP     47, STRESS PERIOD      4
 UBDSV1 SAVING     FLOW-JA-FACE ON UNIT   1030 AT TIME STEP     47, STRESS PERIOD      4
 UBDSV06 SAVING       DATA-SPDIS IN MODEL LOCAL_RUN15      PACKAGE NPF             CONNECTED TO MODEL LOCAL_RUN15      PACKAGE NPF              ON UNIT   1030 AT TIME STEP     47, STRESS PERIOD      4
 UBDSV06 SAVING              GHB IN MODEL LOCAL_RUN15      PACKAGE LOCAL_RUN15     CONNECTED TO MODEL LOCAL_RUN15      PACKAGE GHB_AW           ON UNIT   1030 AT TIME STEP     47, STRESS PERIOD      4
 UBDSV06 SAVING              GHB IN MODEL LOCAL_RUN15      PACKAGE LOCAL_RUN15     CONNECTED TO MODEL LOCAL_RUN15      PACKAGE GHB_CONF         ON UNIT   1030 AT TIME STEP     47, STRESS PERIOD      4
 UBDSV06 SAVING              GHB IN MODEL LOCAL_RUN15      PACKAGE LOCAL_RUN15     CONNECTED TO MODEL LOCAL_RUN15      PACKAGE GHB_PW           ON UNIT   1030 AT TIME STEP     47, STRESS PERIOD      4
 UBDSV06 SAVING              GHB IN MODEL LOCAL_RUN15      PACKAGE LOCAL_RUN15     CONNECTED TO MODEL LOCAL_RUN15      PACKAGE GHB_SP           ON UNIT   1030 AT TIME STEP     47, STRESS PERIOD      4
 UBDSV06 SAVING             RCHA IN MODEL LOCAL_RUN15      PACKAGE LOCAL_RUN15     CONNECTED TO MODEL LOCAL_RUN15      PACKAGE RCH              ON UNIT   1030 AT TIME STEP     47, STRESS PERIOD      4

 HEAD WILL BE SAVED ON UNIT 1031 AT END OF TIME STEP   47, STRESS PERIOD    4

end timestep


start timestep kper="4" kstp="48" mode="normal"


 SLN_1 INNER ITERATION SUMMARY
 --------------------------------------------------------------------------------------------------------------------------------------
      TOTAL      OUTER      INNER                                                            MAXIMUM                                   
  ITERATION  ITERATION  ITERATION  MAXIMUM CHANGE      MAXIMUM CHANGE MODEL-(CELLID)        RESIDUAL    MAXIMUM RESIDUAL MODEL-(CELLID)
 --------------------------------------------------------------------------------------------------------------------------------------
          1          1          1 -9.06878192E-02                    1_GWF-(1,40,22)  5.59526916E-06                    1_GWF-(1,32,29)
 --------------------------------------------------------------------------------------------------------------------------------------


 UBDSV1 SAVING           STO-SS ON UNIT   1030 AT TIME STEP     48, STRESS PERIOD      4
 UBDSV1 SAVING     FLOW-JA-FACE ON UNIT   1030 AT TIME STEP     48, STRESS PERIOD      4
 UBDSV06 SAVING       DATA-SPDIS IN MODEL LOCAL_RUN15      PACKAGE NPF             CONNECTED TO MODEL LOCAL_RUN15      PACKAGE NPF              ON UNIT   1030 AT TIME STEP     48, STRESS PERIOD      4
 UBDSV06 SAVING              GHB IN MODEL LOCAL_RUN15      PACKAGE LOCAL_RUN15     CONNECTED TO MODEL LOCAL_RUN15      PACKAGE GHB_AW           ON UNIT   1030 AT TIME STEP     48, STRESS PERIOD      4
 UBDSV06 SAVING              GHB IN MODEL LOCAL_RUN15      PACKAGE LOCAL_RUN15     CONNECTED TO MODEL LOCAL_RUN15      PACKAGE GHB_CONF         ON UNIT   1030 AT TIME STEP     48, STRESS PERIOD      4
 UBDSV06 SAVING              GHB IN MODEL LOCAL_RUN15      PACKAGE LOCAL_RUN15     CONNECTED TO MODEL LOCAL_RUN15      PACKAGE GHB_PW           ON UNIT   1030 AT TIME STEP     48, STRESS PERIOD      4
 UBDSV06 SAVING              GHB IN MODEL LOCAL_RUN15      PACKAGE LOCAL_RUN15     CONNECTED TO MODEL LOCAL_RUN15      PACKAGE GHB_SP           ON UNIT   1030 AT TIME STEP     48, STRESS PERIOD      4
 UBDSV06 SAVING             RCHA IN MODEL LOCAL_RUN15      PACKAGE LOCAL_RUN15     CONNECTED TO MODEL LOCAL_RUN15      PACKAGE RCH              ON UNIT   1030 AT TIME STEP     48, STRESS PERIOD      4

 HEAD WILL BE SAVED ON UNIT 1031 AT END OF TIME STEP   48, STRESS PERIOD    4

end timestep


start timestep kper="4" kstp="49" mode="normal"


 SLN_1 INNER ITERATION SUMMARY
 --------------------------------------------------------------------------------------------------------------------------------------
      TOTAL      OUTER      INNER                                                            MAXIMUM                                   
  ITERATION  ITERATION  ITERATION  MAXIMUM CHANGE      MAXIMUM CHANGE MODEL-(CELLID)        RESIDUAL    MAXIMUM RESIDUAL MODEL-(CELLID)
 --------------------------------------------------------------------------------------------------------------------------------------
          1          1          1 -8.78542899E-02                    1_GWF-(1,40,22)  5.52029054E-06                    1_GWF-(1,32,29)
 --------------------------------------------------------------------------------------------------------------------------------------


 UBDSV1 SAVING           STO-SS ON UNIT   1030 AT TIME STEP     49, STRESS PERIOD      4
 UBDSV1 SAVING     FLOW-JA-FACE ON UNIT   1030 AT TIME STEP     49, STRESS PERIOD      4
 UBDSV06 SAVING       DATA-SPDIS IN MODEL LOCAL_RUN15      PACKAGE NPF             CONNECTED TO MODEL LOCAL_RUN15      PACKAGE NPF              ON UNIT   1030 AT TIME STEP     49, STRESS PERIOD      4
 UBDSV06 SAVING              GHB IN MODEL LOCAL_RUN15      PACKAGE LOCAL_RUN15     CONNECTED TO MODEL LOCAL_RUN15      PACKAGE GHB_AW           ON UNIT   1030 AT TIME STEP     49, STRESS PERIOD      4
 UBDSV06 SAVING              GHB IN MODEL LOCAL_RUN15      PACKAGE LOCAL_RUN15     CONNECTED TO MODEL LOCAL_RUN15      PACKAGE GHB_CONF         ON UNIT   1030 AT TIME STEP     49, STRESS PERIOD      4
 UBDSV06 SAVING              GHB IN MODEL LOCAL_RUN15      PACKAGE LOCAL_RUN15     CONNECTED TO MODEL LOCAL_RUN15      PACKAGE GHB_PW           ON UNIT   1030 AT TIME STEP     49, STRESS PERIOD      4
 UBDSV06 SAVING              GHB IN MODEL LOCAL_RUN15      PACKAGE LOCAL_RUN15     CONNECTED TO MODEL LOCAL_RUN15      PACKAGE GHB_SP           ON UNIT   1030 AT TIME STEP     49, STRESS PERIOD      4
 UBDSV06 SAVING             RCHA IN MODEL LOCAL_RUN15      PACKAGE LOCAL_RUN15     CONNECTED TO MODEL LOCAL_RUN15      PACKAGE RCH              ON UNIT   1030 AT TIME STEP     49, STRESS PERIOD      4

 HEAD WILL BE SAVED ON UNIT 1031 AT END OF TIME STEP   49, STRESS PERIOD    4

end timestep


start timestep kper="4" kstp="50" mode="normal"


 SLN_1 INNER ITERATION SUMMARY
 --------------------------------------------------------------------------------------------------------------------------------------
      TOTAL      OUTER      INNER                                                            MAXIMUM                                   
  ITERATION  ITERATION  ITERATION  MAXIMUM CHANGE      MAXIMUM CHANGE MODEL-(CELLID)        RESIDUAL    MAXIMUM RESIDUAL MODEL-(CELLID)
 --------------------------------------------------------------------------------------------------------------------------------------
          1          1          1 -8.50985823E-02                    1_GWF-(1,40,22)  5.44624092E-06                    1_GWF-(1,32,29)
 --------------------------------------------------------------------------------------------------------------------------------------


 UBDSV1 SAVING           STO-SS ON UNIT   1030 AT TIME STEP     50, STRESS PERIOD      4
 UBDSV1 SAVING     FLOW-JA-FACE ON UNIT   1030 AT TIME STEP     50, STRESS PERIOD      4
 UBDSV06 SAVING       DATA-SPDIS IN MODEL LOCAL_RUN15      PACKAGE NPF             CONNECTED TO MODEL LOCAL_RUN15      PACKAGE NPF              ON UNIT   1030 AT TIME STEP     50, STRESS PERIOD      4
 UBDSV06 SAVING              GHB IN MODEL LOCAL_RUN15      PACKAGE LOCAL_RUN15     CONNECTED TO MODEL LOCAL_RUN15      PACKAGE GHB_AW           ON UNIT   1030 AT TIME STEP     50, STRESS PERIOD      4
 UBDSV06 SAVING              GHB IN MODEL LOCAL_RUN15      PACKAGE LOCAL_RUN15     CONNECTED TO MODEL LOCAL_RUN15      PACKAGE GHB_CONF         ON UNIT   1030 AT TIME STEP     50, STRESS PERIOD      4
 UBDSV06 SAVING              GHB IN MODEL LOCAL_RUN15      PACKAGE LOCAL_RUN15     CONNECTED TO MODEL LOCAL_RUN15      PACKAGE GHB_PW           ON UNIT   1030 AT TIME STEP     50, STRESS PERIOD      4
 UBDSV06 SAVING              GHB IN MODEL LOCAL_RUN15      PACKAGE LOCAL_RUN15     CONNECTED TO MODEL LOCAL_RUN15      PACKAGE GHB_SP           ON UNIT   1030 AT TIME STEP     50, STRESS PERIOD      4
 UBDSV06 SAVING             RCHA IN MODEL LOCAL_RUN15      PACKAGE LOCAL_RUN15     CONNECTED TO MODEL LOCAL_RUN15      PACKAGE RCH              ON UNIT   1030 AT TIME STEP     50, STRESS PERIOD      4

 HEAD WILL BE SAVED ON UNIT 1031 AT END OF TIME STEP   50, STRESS PERIOD    4

end timestep


start timestep kper="4" kstp="51" mode="normal"


 SLN_1 INNER ITERATION SUMMARY
 --------------------------------------------------------------------------------------------------------------------------------------
      TOTAL      OUTER      INNER                                                            MAXIMUM                                   
  ITERATION  ITERATION  ITERATION  MAXIMUM CHANGE      MAXIMUM CHANGE MODEL-(CELLID)        RESIDUAL    MAXIMUM RESIDUAL MODEL-(CELLID)
 --------------------------------------------------------------------------------------------------------------------------------------
          1          1          1 -8.24213343E-02                    1_GWF-(1,40,22)  5.37312634E-06                    1_GWF-(1,32,29)
 --------------------------------------------------------------------------------------------------------------------------------------


 UBDSV1 SAVING           STO-SS ON UNIT   1030 AT TIME STEP     51, STRESS PERIOD      4
 UBDSV1 SAVING     FLOW-JA-FACE ON UNIT   1030 AT TIME STEP     51, STRESS PERIOD      4
 UBDSV06 SAVING       DATA-SPDIS IN MODEL LOCAL_RUN15      PACKAGE NPF             CONNECTED TO MODEL LOCAL_RUN15      PACKAGE NPF              ON UNIT   1030 AT TIME STEP     51, STRESS PERIOD      4
 UBDSV06 SAVING              GHB IN MODEL LOCAL_RUN15      PACKAGE LOCAL_RUN15     CONNECTED TO MODEL LOCAL_RUN15      PACKAGE GHB_AW           ON UNIT   1030 AT TIME STEP     51, STRESS PERIOD      4
 UBDSV06 SAVING              GHB IN MODEL LOCAL_RUN15      PACKAGE LOCAL_RUN15     CONNECTED TO MODEL LOCAL_RUN15      PACKAGE GHB_CONF         ON UNIT   1030 AT TIME STEP     51, STRESS PERIOD      4
 UBDSV06 SAVING              GHB IN MODEL LOCAL_RUN15      PACKAGE LOCAL_RUN15     CONNECTED TO MODEL LOCAL_RUN15      PACKAGE GHB_PW           ON UNIT   1030 AT TIME STEP     51, STRESS PERIOD      4
 UBDSV06 SAVING              GHB IN MODEL LOCAL_RUN15      PACKAGE LOCAL_RUN15     CONNECTED TO MODEL LOCAL_RUN15      PACKAGE GHB_SP           ON UNIT   1030 AT TIME STEP     51, STRESS PERIOD      4
 UBDSV06 SAVING             RCHA IN MODEL LOCAL_RUN15      PACKAGE LOCAL_RUN15     CONNECTED TO MODEL LOCAL_RUN15      PACKAGE RCH              ON UNIT   1030 AT TIME STEP     51, STRESS PERIOD      4

 HEAD WILL BE SAVED ON UNIT 1031 AT END OF TIME STEP   51, STRESS PERIOD    4

end timestep


start timestep kper="4" kstp="52" mode="normal"


 SLN_1 INNER ITERATION SUMMARY
 --------------------------------------------------------------------------------------------------------------------------------------
      TOTAL      OUTER      INNER                                                            MAXIMUM                                   
  ITERATION  ITERATION  ITERATION  MAXIMUM CHANGE      MAXIMUM CHANGE MODEL-(CELLID)        RESIDUAL    MAXIMUM RESIDUAL MODEL-(CELLID)
 --------------------------------------------------------------------------------------------------------------------------------------
          1          1          1 -7.98227548E-02                    1_GWF-(1,40,22)  5.30095248E-06                    1_GWF-(1,32,29)
 --------------------------------------------------------------------------------------------------------------------------------------


 UBDSV1 SAVING           STO-SS ON UNIT   1030 AT TIME STEP     52, STRESS PERIOD      4
 UBDSV1 SAVING     FLOW-JA-FACE ON UNIT   1030 AT TIME STEP     52, STRESS PERIOD      4
 UBDSV06 SAVING       DATA-SPDIS IN MODEL LOCAL_RUN15      PACKAGE NPF             CONNECTED TO MODEL LOCAL_RUN15      PACKAGE NPF              ON UNIT   1030 AT TIME STEP     52, STRESS PERIOD      4
 UBDSV06 SAVING              GHB IN MODEL LOCAL_RUN15      PACKAGE LOCAL_RUN15     CONNECTED TO MODEL LOCAL_RUN15      PACKAGE GHB_AW           ON UNIT   1030 AT TIME STEP     52, STRESS PERIOD      4
 UBDSV06 SAVING              GHB IN MODEL LOCAL_RUN15      PACKAGE LOCAL_RUN15     CONNECTED TO MODEL LOCAL_RUN15      PACKAGE GHB_CONF         ON UNIT   1030 AT TIME STEP     52, STRESS PERIOD      4
 UBDSV06 SAVING              GHB IN MODEL LOCAL_RUN15      PACKAGE LOCAL_RUN15     CONNECTED TO MODEL LOCAL_RUN15      PACKAGE GHB_PW           ON UNIT   1030 AT TIME STEP     52, STRESS PERIOD      4
 UBDSV06 SAVING              GHB IN MODEL LOCAL_RUN15      PACKAGE LOCAL_RUN15     CONNECTED TO MODEL LOCAL_RUN15      PACKAGE GHB_SP           ON UNIT   1030 AT TIME STEP     52, STRESS PERIOD      4
 UBDSV06 SAVING             RCHA IN MODEL LOCAL_RUN15      PACKAGE LOCAL_RUN15     CONNECTED TO MODEL LOCAL_RUN15      PACKAGE RCH              ON UNIT   1030 AT TIME STEP     52, STRESS PERIOD      4

 HEAD WILL BE SAVED ON UNIT 1031 AT END OF TIME STEP   52, STRESS PERIOD    4


  VOLUME BUDGET FOR ENTIRE MODEL AT END OF TIME STEP   52, STRESS PERIOD   4
  ---------------------------------------------------------------------------------------------------

     CUMULATIVE VOLUME      L**3       RATES FOR THIS TIME STEP      L**3/T          PACKAGE NAME    
     ------------------                 ------------------------                     ----------------

           IN:                                      IN:
           ---                                      ---
              STO-SS =     9431851.9411                STO-SS =       49056.6569     STORAGE                          
                 GHB =         756.5697                   GHB =           0.0000     GHB_AW                           
                 GHB =       10283.4933                   GHB =           0.0000     GHB_CONF                         
                 GHB =         191.4221                   GHB =           0.0000     GHB_PW                           
                 GHB =           0.0000                   GHB =           0.0000     GHB_SP                           
                RCHA =      280071.8750                  RCHA =        2642.1875     RCH                              

            TOTAL IN =     9723155.3011              TOTAL IN =       51698.8444

          OUT:                                     OUT:
          ----                                     ----
              STO-SS =           0.0000                STO-SS =           0.0000     STORAGE                          
                 GHB =     7851049.3690                   GHB =       41198.5557     GHB_AW                           
                 GHB =     1263376.4090                   GHB =       10398.9340     GHB_CONF                         
                 GHB =      399068.8574                   GHB =         101.3557     GHB_PW                           
                 GHB =      209657.3277                   GHB =           0.0000     GHB_SP                           
                RCHA =           0.0000                  RCHA =           0.0000     RCH                              

           TOTAL OUT =     9723151.9631             TOTAL OUT =       51698.8454

            IN - OUT =           3.3380              IN - OUT =      -9.8678E-04

 PERCENT DISCREPANCY =           0.00     PERCENT DISCREPANCY =          -0.00




         TIME SUMMARY AT END OF TIME STEP   52 IN STRESS PERIOD    4
                    SECONDS     MINUTES      HOURS       DAYS        YEARS
                    -----------------------------------------------------------
   TIME STEP LENGTH  86400.      1440.0      24.000      1.0000     2.73785E-03
 STRESS PERIOD TIME 4.49280E+06  74880.      1248.0      52.000     0.14237    
         TOTAL TIME 9.15840E+06 1.52640E+05  2544.0      106.00     0.29021    


end timestep

