                                   MODFLOW 6
                U.S. GEOLOGICAL SURVEY MODULAR HYDROLOGIC MODEL
                          GROUNDWATER FLOW MODEL (GWF)
                   VERSION 6.3.0 release candidate 02/06/2022
                               ***DEVELOP MODE***

   MODFLOW 6 compiled Feb 06 2022 02:35:51 with Intel(R) Fortran Intel(R) 64
   Compiler Classic for applications running on Intel(R) 64, Version 2021.5.0
                             Build 20211109_000000

This software is preliminary or provisional and is subject to 
revision. It is being provided to meet the need for timely best 
science. The software has not received final approval by the U.S. 
Geological Survey (USGS). No warranty, expressed or implied, is made 
by the USGS or the U.S. Government as to the functionality of the 
software and related material nor shall the fact of release 
constitute any such warranty. The software is provided on the 
condition that neither the USGS nor the U.S. Government shall be held 
liable for any damages resulting from the authorized or unauthorized 
use of the software.


As a work of the United States Government, this USGS product is 
in the public domain within the United States. You can copy, 
modify, distribute, and perform the work, even for commercial 
purposes, all without asking permission. Additionally, USGS 
waives copyright and related rights in the work worldwide 
through CC0 1.0 Universal Public Domain Dedication 
(https://creativecommons.org/publicdomain/zero/1.0/).

The following GNU Lesser General Public License (LGPL) libraries
are used in this USGS product:

    SPARSKIT version 2.0
      ilut, luson, and qsplit 
      (https://www-users.cse.umn.edu/~saad/software/SPARSKIT/)

    RCM - Reverse Cuthill McKee Ordering
      (https://people.math.sc.edu/Burkardt/f_src/rcm/rcm.html)

    BLAS - Basic Linear Algebra Subprograms Level 1
      (https://people.math.sc.edu/Burkardt/f_src/blas1_d/blas1_d.html)

    SPARSEKIT - Sparse Matrix Utility Package
      amux, dperm, dvperm, rperm, and cperm
      (https://people.sc.fsu.edu/~jburkardt/f77_src/sparsekit/sparsekit.html)

The following BSD-3 License libraries are used in this USGS product:

    Modern Fortran DAG Library
      Copyright (c) 2018, Jacob Williams
      All rights reserved.
      (https://github.com/jacobwilliams/daglib)

MODFLOW 6 compiler options: /O2 /heap-arrays:0 /fpe:0 /traceback /nologo /fpp
/c /module:.\mod_temp\ /object:.\obj_temp\

System command used to initiate simulation:
C:\Users\tfo46\e_Python\e_projects\pakipaki_01\models\local_run4\local_run4\mf6.exe

MODFLOW was compiled using uniform precision.

Real Variables
  KIND: 8
  TINY (smallest non-zero value):    2.225074-308
  HUGE (largest value):    1.797693+308
  PRECISION: 15
  BIT SIZE: 64

Integer Variables
  KIND: 4
  HUGE (largest value): 2147483647
  BIT SIZE: 32

Long Integer Variables
  KIND: 8
  HUGE (largest value): 9223372036854775807
  BIT SIZE: 64

Logical Variables
  KIND: 4
  BIT SIZE: 32
 

 OPENED local_run4.dis
 FILE TYPE:DIS6                   UNIT 1005   STATUS:OLD                 
 FORMAT:FORMATTED              ACCESS:SEQUENTIAL          
 ACTION:READ                


 OPENED local_run4.sto
 FILE TYPE:STO6                   UNIT 1006   STATUS:OLD                 
 FORMAT:FORMATTED              ACCESS:SEQUENTIAL          
 ACTION:READ                


 OPENED local_run4.npf
 FILE TYPE:NPF6                   UNIT 1007   STATUS:OLD                 
 FORMAT:FORMATTED              ACCESS:SEQUENTIAL          
 ACTION:READ                


 OPENED local_run4.ic
 FILE TYPE:IC6                    UNIT 1008   STATUS:OLD                 
 FORMAT:FORMATTED              ACCESS:SEQUENTIAL          
 ACTION:READ                


 OPENED local_run4.rcha
 FILE TYPE:RCH6                   UNIT 1009   STATUS:OLD                 
 FORMAT:FORMATTED              ACCESS:SEQUENTIAL          
 ACTION:READ                


 OPENED local_run4.ghb
 FILE TYPE:GHB6                   UNIT 1010   STATUS:OLD                 
 FORMAT:FORMATTED              ACCESS:SEQUENTIAL          
 ACTION:READ                


 OPENED local_run4_0.ghb
 FILE TYPE:GHB6                   UNIT 1011   STATUS:OLD                 
 FORMAT:FORMATTED              ACCESS:SEQUENTIAL          
 ACTION:READ                


 OPENED local_run4_1.ghb
 FILE TYPE:GHB6                   UNIT 1012   STATUS:OLD                 
 FORMAT:FORMATTED              ACCESS:SEQUENTIAL          
 ACTION:READ                


 OPENED local_run4_2.ghb
 FILE TYPE:GHB6                   UNIT 1013   STATUS:OLD                 
 FORMAT:FORMATTED              ACCESS:SEQUENTIAL          
 ACTION:READ                


 OPENED local_run4.oc
 FILE TYPE:OC6                    UNIT 1014   STATUS:OLD                 
 FORMAT:FORMATTED              ACCESS:SEQUENTIAL          
 ACTION:READ                

 NAMEFILE OPTIONS:
    FLOWS WILL BE SAVED TO BUDGET FILE SPECIFIED IN OUTPUT CONTROL

 DIS -- STRUCTURED GRID DISCRETIZATION PACKAGE, VERSION 2 : 3/27/2014 - INPUT READ FROM UNIT 1005


 # File generated by Flopy version 3.9.3 on 10/28/2025 at 17:33:44.
 PROCESSING DISCRETIZATION OPTIONS
    MODEL LENGTH UNIT IS METERS
    XORIGIN SPECIFIED AS     1924350.00000000    
    YORIGIN SPECIFIED AS     5598800.00000000    
 END OF DISCRETIZATION OPTIONS
 PROCESSING DISCRETIZATION DIMENSIONS
    NLAY =       1
    NROW =      47
    NCOL =      57
 END OF DISCRETIZATION DIMENSIONS
 PROCESSING GRIDDATA

 OPENED local_run4.dis_top.txt
 FILE TYPE:OPEN/CLOSE   UNIT 1016   STATUS:OLD                 
 FORMAT:FORMATTED              ACCESS:SEQUENTIAL          
 ACTION:READ                


 TOP ELEVATION OF LAYER 1

               1          2          3          4          5          6          7          8          9         10         11
              12         13         14         15         16         17         18         19         20         21         22
              23         24         25         26         27         28         29         30         31         32         33
              34         35         36         37         38         39         40         41         42         43         44
              45         46         47         48         49         50         51         52         53         54         55
              56         57
 .............................................................................................................................
   1    10.0       10.0       10.0       10.0       10.0       10.0       10.0       10.0       10.0       10.0       10.0    
        10.0       10.0       10.0       10.0       10.0       10.0       10.0       10.0       10.0       10.0       10.0    
        10.0       10.0       10.0       10.0       10.0       10.0       10.0       10.0       10.0       10.0       10.0    
        10.0       10.0       10.0       10.0       10.0       10.0       10.0       10.0       10.0       10.0       10.0    
        10.0       10.0       10.0       10.0       10.0       10.0       10.0       10.0       10.0       10.0       10.0    
        10.0       10.0    
   2    10.0       10.0       10.0       10.0       10.0       10.0       10.0       10.0       10.0       10.0       10.0    
        10.0       10.0       10.0       10.0       10.0       10.0       10.0       10.0       10.0       10.0       10.0    
        10.0       10.0       10.0       10.0       10.0       10.0       10.0       10.0       10.0       10.0       10.0    
        10.0       10.0       10.0       10.0       10.0       10.0       10.0       10.0       10.0       10.0       10.0    
        10.0       10.0       10.0       10.0       10.0       10.0       10.0       10.0       10.0       10.0       10.0    
        10.0       10.0    
   3    10.0       10.0       10.0       10.0       10.0       10.0       10.0       10.0       10.0       10.0       10.0    
        10.0       10.0       10.0       10.0       10.0       10.0       10.0       10.0       10.0       10.0       10.0    
        10.0       10.0       10.0       10.0       10.0       10.0       10.0       10.0       10.0       10.0       10.0    
        10.0       10.0       10.0       10.0       10.0       10.0       10.0       10.0       10.0       10.0       10.0    
        10.0       10.0       10.0       10.0       10.0       10.0       10.0       10.0       10.0       10.0       10.0    
        10.0       10.0    
   4    10.0       10.0       10.0       10.0       10.0       10.0       10.0       10.0       10.0       10.0       10.0    
        10.0       10.0       10.0       10.0       10.0       10.0       10.0       10.0       10.0       10.0       10.0    
        10.0       10.0       10.0       10.0       10.0       10.0       10.0       10.0       10.0       10.0       10.0    
        10.0       10.0       10.0       10.0       10.0       10.0       10.0       10.0       10.0       10.0       10.0    
        10.0       10.0       10.0       10.0       10.0       10.0       10.0       10.0       10.0       10.0       10.0    
        10.0       10.0    
   5    10.0       10.0       10.0       10.0       10.0       10.0       10.0       10.0       10.0       10.0       10.0    
        10.0       10.0       10.0       10.0       10.0       10.0       10.0       10.0       10.0       10.0       10.0    
        10.0       10.0       10.0       10.0       10.0       10.0       10.0       10.0       10.0       10.0       10.0    
        10.0       10.0       10.0       10.0       10.0       10.0       10.0       10.0       10.0       10.0       10.0    
        10.0       10.0       10.0       10.0       10.0       10.0       10.0       10.0       10.0       10.0       10.0    
        10.0       10.0    
   6    10.0       10.0       10.0       10.0       10.0       10.0       10.0       10.0       10.0       10.0       10.0    
        10.0       10.0       10.0       10.0       10.0       10.0       10.0       10.0       10.0       10.0       10.0    
        10.0       10.0       10.0       10.0       10.0       10.0       10.0       10.0       10.0       10.0       10.0    
        10.0       10.0       10.0       10.0       10.0       10.0       10.0       10.0       10.0       10.0       10.0    
        10.0       10.0       10.0       10.0       10.0       10.0       10.0       10.0       10.0       10.0       10.0    
        10.0       10.0    
   7    10.0       10.0       10.0       10.0       10.0       10.0       10.0       10.0       10.0       10.0       10.0    
        10.0       10.0       10.0       10.0       10.0       10.0       10.0       10.0       10.0       10.0       10.0    
        10.0       10.0       10.0       10.0       10.0       10.0       10.0       10.0       10.0       10.0       10.0    
        10.0       10.0       10.0       10.0       10.0       10.0       10.0       10.0       10.0       10.0       10.0    
        10.0       10.0       10.0       10.0       10.0       10.0       10.0       10.0       10.0       10.0       10.0    
        10.0       10.0    
   8    10.0       10.0       10.0       10.0       10.0       10.0       10.0       10.0       10.0       10.0       10.0    
        10.0       10.0       10.0       10.0       10.0       10.0       10.0       10.0       10.0       10.0       10.0    
        10.0       10.0       10.0       10.0       10.0       10.0       10.0       10.0       10.0       10.0       10.0    
        10.0       10.0       10.0       10.0       10.0       10.0       10.0       10.0       10.0       10.0       10.0    
        10.0       10.0       10.0       10.0       10.0       10.0       10.0       10.0       10.0       10.0       10.0    
        10.0       10.0    
   9    10.0       10.0       10.0       10.0       10.0       10.0       10.0       10.0       10.0       10.0       10.0    
        10.0       10.0       10.0       10.0       10.0       10.0       10.0       10.0       10.0       10.0       10.0    
        10.0       10.0       10.0       10.0       10.0       10.0       10.0       10.0       10.0       10.0       10.0    
        10.0       10.0       10.0       10.0       10.0       10.0       10.0       10.0       10.0       10.0       10.0    
        10.0       10.0       10.0       10.0       10.0       10.0       10.0       10.0       10.0       10.0       10.0    
        10.0       10.0    
  10    10.0       10.0       10.0       10.0       10.0       10.0       10.0       10.0       10.0       10.0       10.0    
        10.0       10.0       10.0       10.0       10.0       10.0       10.0       10.0       10.0       10.0       10.0    
        10.0       10.0       10.0       10.0       10.0       10.0       10.0       10.0       10.0       10.0       10.0    
        10.0       10.0       10.0       10.0       10.0       10.0       10.0       10.0       10.0       10.0       10.0    
        10.0       10.0       10.0       10.0       10.0       10.0       10.0       10.0       10.0       10.0       10.0    
        10.0       10.0    
  11    10.0       10.0       10.0       10.0       10.0       10.0       10.0       10.0       10.0       10.0       10.0    
        10.0       10.0       10.0       10.0       10.0       10.0       10.0       10.0       10.0       10.0       10.0    
        10.0       10.0       10.0       10.0       10.0       10.0       10.0       10.0       10.0       10.0       10.0    
        10.0       10.0       10.0       10.0       10.0       10.0       10.0       10.0       10.0       10.0       10.0    
        10.0       10.0       10.0       10.0       10.0       10.0       10.0       10.0       10.0       10.0       10.0    
        10.0       10.0    
  12    10.0       10.0       10.0       10.0       10.0       10.0       10.0       10.0       10.0       10.0       10.0    
        10.0       10.0       10.0       10.0       10.0       10.0       10.0       10.0       10.0       10.0       10.0    
        10.0       10.0       10.0       10.0       10.0       10.0       10.0       10.0       10.0       10.0       10.0    
        10.0       10.0       10.0       10.0       10.0       10.0       10.0       10.0       10.0       10.0       10.0    
        10.0       10.0       10.0       10.0       10.0       10.0       10.0       10.0       10.0       10.0       10.0    
        10.0       10.0    
  13    10.0       10.0       10.0       10.0       10.0       10.0       10.0       10.0       10.0       10.0       10.0    
        10.0       10.0       10.0       10.0       10.0       10.0       10.0       10.0       10.0       10.0       10.0    
        10.0       10.0       10.0       10.0       10.0       10.0       10.0       10.0       10.0       10.0       10.0    
        10.0       10.0       10.0       10.0       10.0       10.0       10.0       10.0       10.0       10.0       10.0    
        10.0       10.0       10.0       10.0       10.0       10.0       10.0       10.0       10.0       10.0       10.0    
        10.0       10.0    
  14    10.0       10.0       10.0       10.0       10.0       10.0       10.0       10.0       10.0       10.0       10.0    
        10.0       10.0       10.0       10.0       10.0       10.0       10.0       10.0       10.0       10.0       10.0    
        10.0       10.0       10.0       10.0       10.0       10.0       10.0       10.0       10.0       10.0       10.0    
        10.0       10.0       10.0       10.0       10.0       10.0       10.0       10.0       10.0       10.0       10.0    
        10.0       10.0       10.0       10.0       10.0       10.0       10.0       10.0       10.0       10.0       10.0    
        10.0       10.0    
  15    10.0       10.0       10.0       10.0       10.0       10.0       10.0       10.0       10.0       10.0       10.0    
        10.0       10.0       10.0       10.0       10.0       10.0       10.0       10.0       10.0       10.0       10.0    
        10.0       10.0       10.0       10.0       10.0       10.0       10.0       10.0       10.0       10.0       10.0    
        10.0       10.0       10.0       10.0       10.0       10.0       10.0       10.0       10.0       10.0       10.0    
        10.0       10.0       10.0       10.0       10.0       10.0       10.0       10.0       10.0       10.0       10.0    
        10.0       10.0    
  16    10.0       10.0       10.0       10.0       10.0       10.0       10.0       10.0       10.0       10.0       10.0    
        10.0       10.0       10.0       10.0       10.0       10.0       10.0       10.0       10.0       10.0       10.0    
        10.0       10.0       10.0       10.0       10.0       10.0       10.0       10.0       10.0       10.0       10.0    
        10.0       10.0       10.0       10.0       10.0       10.0       10.0       10.0       10.0       10.0       10.0    
        10.0       10.0       10.0       10.0       10.0       10.0       10.0       10.0       10.0       10.0       10.0    
        10.0       10.0    
  17    10.0       10.0       10.0       10.0       10.0       10.0       10.0       10.0       10.0       10.0       10.0    
        10.0       10.0       10.0       10.0       10.0       10.0       10.0       10.0       10.0       10.0       10.0    
        10.0       10.0       10.0       10.0       10.0       10.0       10.0       10.0       10.0       10.0       10.0    
        10.0       10.0       10.0       10.0       10.0       10.0       10.0       10.0       10.0       10.0       10.0    
        10.0       10.0       10.0       10.0       10.0       10.0       10.0       10.0       10.0       10.0       10.0    
        10.0       10.0    
  18    10.0       10.0       10.0       10.0       10.0       10.0       10.0       10.0       10.0       10.0       10.0    
        10.0       10.0       10.0       10.0       10.0       10.0       10.0       10.0       10.0       10.0       10.0    
        10.0       10.0       10.0       10.0       10.0       10.0       10.0       10.0       10.0       10.0       10.0    
        10.0       10.0       10.0       10.0       10.0       10.0       10.0       10.0       10.0       10.0       10.0    
        10.0       10.0       10.0       10.0       10.0       10.0       10.0       10.0       10.0       10.0       10.0    
        10.0       10.0    
  19    10.0       10.0       10.0       10.0       10.0       10.0       10.0       10.0       10.0       10.0       10.0    
        10.0       10.0       10.0       10.0       10.0       10.0       10.0       10.0       10.0       10.0       10.0    
        10.0       10.0       10.0       10.0       10.0       10.0       10.0       10.0       10.0       10.0       10.0    
        10.0       10.0       10.0       10.0       10.0       10.0       10.0       10.0       10.0       10.0       10.0    
        10.0       10.0       10.0       10.0       10.0       10.0       10.0       10.0       10.0       10.0       10.0    
        10.0       10.0    
  20    10.0       10.0       10.0       10.0       10.0       10.0       10.0       10.0       10.0       10.0       10.0    
        10.0       10.0       10.0       10.0       10.0       10.0       10.0       10.0       10.0       10.0       10.0    
        10.0       10.0       10.0       10.0       10.0       10.0       10.0       10.0       10.0       10.0       10.0    
        10.0       10.0       10.0       10.0       10.0       10.0       10.0       10.0       10.0       10.0       10.0    
        10.0       10.0       10.0       10.0       10.0       10.0       10.0       10.0       10.0       10.0       10.0    
        10.0       10.0    
  21    10.0       10.0       10.0       10.0       10.0       10.0       10.0       10.0       10.0       10.0       10.0    
        10.0       10.0       10.0       10.0       10.0       10.0       10.0       10.0       10.0       10.0       10.0    
        10.0       10.0       10.0       10.0       10.0       10.0       10.0       10.0       10.0       10.0       10.0    
        10.0       10.0       10.0       10.0       10.0       10.0       10.0       10.0       10.0       10.0       10.0    
        10.0       10.0       10.0       10.0       10.0       10.0       10.0       10.0       10.0       10.0       10.0    
        10.0       10.0    
  22    10.0       10.0       10.0       10.0       10.0       10.0       10.0       10.0       10.0       10.0       10.0    
        10.0       10.0       10.0       10.0       10.0       10.0       10.0       10.0       10.0       10.0       10.0    
        10.0       10.0       10.0       10.0       10.0       10.0       10.0       10.0       10.0       10.0       10.0    
        10.0       10.0       10.0       10.0       10.0       10.0       10.0       10.0       10.0       10.0       10.0    
        10.0       10.0       10.0       10.0       10.0       10.0       10.0       10.0       10.0       10.0       10.0    
        10.0       10.0    
  23    10.0       10.0       10.0       10.0       10.0       10.0       10.0       10.0       10.0       10.0       10.0    
        10.0       10.0       10.0       10.0       10.0       10.0       10.0       10.0       10.0       10.0       10.0    
        10.0       10.0       10.0       10.0       10.0       10.0       10.0       10.0       10.0       10.0       10.0    
        10.0       10.0       10.0       10.0       10.0       10.0       10.0       10.0       10.0       10.0       10.0    
        10.0       10.0       10.0       10.0       10.0       10.0       10.0       10.0       10.0       10.0       10.0    
        10.0       10.0    
  24    10.0       10.0       10.0       10.0       10.0       10.0       10.0       10.0       10.0       10.0       10.0    
        10.0       10.0       10.0       10.0       10.0       10.0       10.0       10.0       10.0       10.0       10.0    
        10.0       10.0       10.0       10.0       10.0       10.0       10.0       10.0       10.0       10.0       10.0    
        10.0       10.0       10.0       10.0       10.0       10.0       10.0       10.0       10.0       10.0       10.0    
        10.0       10.0       10.0       10.0       10.0       10.0       10.0       10.0       10.0       10.0       10.0    
        10.0       10.0    
  25    10.0       10.0       10.0       10.0       10.0       10.0       10.0       10.0       10.0       10.0       10.0    
        10.0       10.0       10.0       10.0       10.0       10.0       10.0       10.0       10.0       10.0       10.0    
        10.0       10.0       10.0       10.0       10.0       10.0       10.0       10.0       10.0       10.0       10.0    
        10.0       10.0       10.0       10.0       10.0       10.0       10.0       10.0       10.0       10.0       10.0    
        10.0       10.0       10.0       10.0       10.0       10.0       10.0       10.0       10.0       10.0       10.0    
        10.0       10.0    
  26    10.0       10.0       10.0       10.0       10.0       10.0       10.0       10.0       10.0       10.0       10.0    
        10.0       10.0       10.0       10.0       10.0       10.0       10.0       10.0       10.0       10.0       10.0    
        10.0       10.0       10.0       10.0       10.0       10.0       10.0       10.0       10.0       10.0       10.0    
        10.0       10.0       10.0       10.0       10.0       10.0       10.0       10.0       10.0       10.0       10.0    
        10.0       10.0       10.0       10.0       10.0       10.0       10.0       10.0       10.0       10.0       10.0    
        10.0       10.0    
  27    10.0       10.0       10.0       10.0       10.0       10.0       10.0       10.0       10.0       10.0       10.0    
        10.0       10.0       10.0       10.0       10.0       10.0       10.0       10.0       10.0       10.0       10.0    
        10.0       10.0       10.0       10.0       10.0       10.0       10.0       10.0       10.0       10.0       10.0    
        10.0       10.0       10.0       10.0       10.0       10.0       10.0       10.0       10.0       10.0       10.0    
        10.0       10.0       10.0       10.0       10.0       10.0       10.0       10.0       10.0       10.0       10.0    
        10.0       10.0    
  28    10.0       10.0       10.0       10.0       10.0       10.0       10.0       10.0       10.0       10.0       10.0    
        10.0       10.0       10.0       10.0       10.0       10.0       10.0       10.0       10.0       10.0       10.0    
        10.0       10.0       10.0       10.0       10.0       10.0       10.0       10.0       10.0       10.0       10.0    
        10.0       10.0       10.0       10.0       10.0       10.0       10.0       10.0       10.0       10.0       10.0    
        10.0       10.0       10.0       10.0       10.0       10.0       10.0       10.0       10.0       10.0       10.0    
        10.0       10.0    
  29    10.0       10.0       10.0       10.0       10.0       10.0       10.0       10.0       10.0       10.0       10.0    
        10.0       10.0       10.0       10.0       10.0       10.0       10.0       10.0       10.0       10.0       10.0    
        10.0       10.0       10.0       10.0       10.0       10.0       10.0       10.0       10.0       10.0       10.0    
        10.0       10.0       10.0       10.0       10.0       10.0       10.0       10.0       10.0       10.0       10.0    
        10.0       10.0       10.0       10.0       10.0       10.0       10.0       10.0       10.0       10.0       10.0    
        10.0       10.0    
  30    10.0       10.0       10.0       10.0       10.0       10.0       10.0       10.0       10.0       10.0       10.0    
        10.0       10.0       10.0       10.0       10.0       10.0       10.0       10.0       10.0       10.0       10.0    
        10.0       10.0       10.0       10.0       10.0       10.0       10.0       10.0       10.0       10.0       10.0    
        10.0       10.0       10.0       10.0       10.0       10.0       10.0       10.0       10.0       10.0       10.0    
        10.0       10.0       10.0       10.0       10.0       10.0       10.0       10.0       10.0       10.0       10.0    
        10.0       10.0    
  31    10.0       10.0       10.0       10.0       10.0       10.0       10.0       10.0       10.0       10.0       10.0    
        10.0       10.0       10.0       10.0       10.0       10.0       10.0       10.0       10.0       10.0       10.0    
        10.0       10.0       10.0       10.0       10.0       10.0       10.0       10.0       10.0       10.0       10.0    
        10.0       10.0       10.0       10.0       10.0       10.0       10.0       10.0       10.0       10.0       10.0    
        10.0       10.0       10.0       10.0       10.0       10.0       10.0       10.0       10.0       10.0       10.0    
        10.0       10.0    
  32    10.0       10.0       10.0       10.0       10.0       10.0       10.0       10.0       10.0       10.0       10.0    
        10.0       10.0       10.0       10.0       10.0       10.0       10.0       10.0       10.0       10.0       10.0    
        10.0       10.0       10.0       10.0       10.0       10.0       10.0       10.0       10.0       10.0       10.0    
        10.0       10.0       10.0       10.0       10.0       10.0       10.0       10.0       10.0       10.0       10.0    
        10.0       10.0       10.0       10.0       10.0       10.0       10.0       10.0       10.0       10.0       10.0    
        10.0       10.0    
  33    10.0       10.0       10.0       10.0       10.0       10.0       10.0       10.0       10.0       10.0       10.0    
        10.0       10.0       10.0       10.0       10.0       10.0       10.0       10.0       10.0       10.0       10.0    
        10.0       10.0       10.0       10.0       10.0       10.0       10.0       10.0       10.0       10.0       10.0    
        10.0       10.0       10.0       10.0       10.0       10.0       10.0       10.0       10.0       10.0       10.0    
        10.0       10.0       10.0       10.0       10.0       10.0       10.0       10.0       10.0       10.0       10.0    
        10.0       10.0    
  34    10.0       10.0       10.0       10.0       10.0       10.0       10.0       10.0       10.0       10.0       10.0    
        10.0       10.0       10.0       10.0       10.0       10.0       10.0       10.0       10.0       10.0       10.0    
        10.0       10.0       10.0       10.0       10.0       10.0       10.0       10.0       10.0       10.0       10.0    
        10.0       10.0       10.0       10.0       10.0       10.0       10.0       10.0       10.0       10.0       10.0    
        10.0       10.0       10.0       10.0       10.0       10.0       10.0       10.0       10.0       10.0       10.0    
        10.0       10.0    
  35    10.0       10.0       10.0       10.0       10.0       10.0       10.0       10.0       10.0       10.0       10.0    
        10.0       10.0       10.0       10.0       10.0       10.0       10.0       10.0       10.0       10.0       10.0    
        10.0       10.0       10.0       10.0       10.0       10.0       10.0       10.0       10.0       10.0       10.0    
        10.0       10.0       10.0       10.0       10.0       10.0       10.0       10.0       10.0       10.0       10.0    
        10.0       10.0       10.0       10.0       10.0       10.0       10.0       10.0       10.0       10.0       10.0    
        10.0       10.0    
  36    10.0       10.0       10.0       10.0       10.0       10.0       10.0       10.0       10.0       10.0       10.0    
        10.0       10.0       10.0       10.0       10.0       10.0       10.0       10.0       10.0       10.0       10.0    
        10.0       10.0       10.0       10.0       10.0       10.0       10.0       10.0       10.0       10.0       10.0    
        10.0       10.0       10.0       10.0       10.0       10.0       10.0       10.0       10.0       10.0       10.0    
        10.0       10.0       10.0       10.0       10.0       10.0       10.0       10.0       10.0       10.0       10.0    
        10.0       10.0    
  37    10.0       10.0       10.0       10.0       10.0       10.0       10.0       10.0       10.0       10.0       10.0    
        10.0       10.0       10.0       10.0       10.0       10.0       10.0       10.0       10.0       10.0       10.0    
        10.0       10.0       10.0       10.0       10.0       10.0       10.0       10.0       10.0       10.0       10.0    
        10.0       10.0       10.0       10.0       10.0       10.0       10.0       10.0       10.0       10.0       10.0    
        10.0       10.0       10.0       10.0       10.0       10.0       10.0       10.0       10.0       10.0       10.0    
        10.0       10.0    
  38    10.0       10.0       10.0       10.0       10.0       10.0       10.0       10.0       10.0       10.0       10.0    
        10.0       10.0       10.0       10.0       10.0       10.0       10.0       10.0       10.0       10.0       10.0    
        10.0       10.0       10.0       10.0       10.0       10.0       10.0       10.0       10.0       10.0       10.0    
        10.0       10.0       10.0       10.0       10.0       10.0       10.0       10.0       10.0       10.0       10.0    
        10.0       10.0       10.0       10.0       10.0       10.0       10.0       10.0       10.0       10.0       10.0    
        10.0       10.0    
  39    10.0       10.0       10.0       10.0       10.0       10.0       10.0       10.0       10.0       10.0       10.0    
        10.0       10.0       10.0       10.0       10.0       10.0       10.0       10.0       10.0       10.0       10.0    
        10.0       10.0       10.0       10.0       10.0       10.0       10.0       10.0       10.0       10.0       10.0    
        10.0       10.0       10.0       10.0       10.0       10.0       10.0       10.0       10.0       10.0       10.0    
        10.0       10.0       10.0       10.0       10.0       10.0       10.0       10.0       10.0       10.0       10.0    
        10.0       10.0    
  40    10.0       10.0       10.0       10.0       10.0       10.0       10.0       10.0       10.0       10.0       10.0    
        10.0       10.0       10.0       10.0       10.0       10.0       10.0       10.0       10.0       10.0       10.0    
        10.0       10.0       10.0       10.0       10.0       10.0       10.0       10.0       10.0       10.0       10.0    
        10.0       10.0       10.0       10.0       10.0       10.0       10.0       10.0       10.0       10.0       10.0    
        10.0       10.0       10.0       10.0       10.0       10.0       10.0       10.0       10.0       10.0       10.0    
        10.0       10.0    
  41    10.0       10.0       10.0       10.0       10.0       10.0       10.0       10.0       10.0       10.0       10.0    
        10.0       10.0       10.0       10.0       10.0       10.0       10.0       10.0       10.0       10.0       10.0    
        10.0       10.0       10.0       10.0       10.0       10.0       10.0       10.0       10.0       10.0       10.0    
        10.0       10.0       10.0       10.0       10.0       10.0       10.0       10.0       10.0       10.0       10.0    
        10.0       10.0       10.0       10.0       10.0       10.0       10.0       10.0       10.0       10.0       10.0    
        10.0       10.0    
  42    10.0       10.0       10.0       10.0       10.0       10.0       10.0       10.0       10.0       10.0       10.0    
        10.0       10.0       10.0       10.0       10.0       10.0       10.0       10.0       10.0       10.0       10.0    
        10.0       10.0       10.0       10.0       10.0       10.0       10.0       10.0       10.0       10.0       10.0    
        10.0       10.0       10.0       10.0       10.0       10.0       10.0       10.0       10.0       10.0       10.0    
        10.0       10.0       10.0       10.0       10.0       10.0       10.0       10.0       10.0       10.0       10.0    
        10.0       10.0    
  43    10.0       10.0       10.0       10.0       10.0       10.0       10.0       10.0       10.0       10.0       10.0    
        10.0       10.0       10.0       10.0       10.0       10.0       10.0       10.0       10.0       10.0       10.0    
        10.0       10.0       10.0       10.0       10.0       10.0       10.0       10.0       10.0       10.0       10.0    
        10.0       10.0       10.0       10.0       10.0       10.0       10.0       10.0       10.0       10.0       10.0    
        10.0       10.0       10.0       10.0       10.0       10.0       10.0       10.0       10.0       10.0       10.0    
        10.0       10.0    
  44    10.0       10.0       10.0       10.0       10.0       10.0       10.0       10.0       10.0       10.0       10.0    
        10.0       10.0       10.0       10.0       10.0       10.0       10.0       10.0       10.0       10.0       10.0    
        10.0       10.0       10.0       10.0       10.0       10.0       10.0       10.0       10.0       10.0       10.0    
        10.0       10.0       10.0       10.0       10.0       10.0       10.0       10.0       10.0       10.0       10.0    
        10.0       10.0       10.0       10.0       10.0       10.0       10.0       10.0       10.0       10.0       10.0    
        10.0       10.0    
  45    10.0       10.0       10.0       10.0       10.0       10.0       10.0       10.0       10.0       10.0       10.0    
        10.0       10.0       10.0       10.0       10.0       10.0       10.0       10.0       10.0       10.0       10.0    
        10.0       10.0       10.0       10.0       10.0       10.0       10.0       10.0       10.0       10.0       10.0    
        10.0       10.0       10.0       10.0       10.0       10.0       10.0       10.0       10.0       10.0       10.0    
        10.0       10.0       10.0       10.0       10.0       10.0       10.0       10.0       10.0       10.0       10.0    
        10.0       10.0    
  46    10.0       10.0       10.0       10.0       10.0       10.0       10.0       10.0       10.0       10.0       10.0    
        10.0       10.0       10.0       10.0       10.0       10.0       10.0       10.0       10.0       10.0       10.0    
        10.0       10.0       10.0       10.0       10.0       10.0       10.0       10.0       10.0       10.0       10.0    
        10.0       10.0       10.0       10.0       10.0       10.0       10.0       10.0       10.0       10.0       10.0    
        10.0       10.0       10.0       10.0       10.0       10.0       10.0       10.0       10.0       10.0       10.0    
        10.0       10.0    
  47    10.0       10.0       10.0       10.0       10.0       10.0       10.0       10.0       10.0       10.0       10.0    
        10.0       10.0       10.0       10.0       10.0       10.0       10.0       10.0       10.0       10.0       10.0    
        10.0       10.0       10.0       10.0       10.0       10.0       10.0       10.0       10.0       10.0       10.0    
        10.0       10.0       10.0       10.0       10.0       10.0       10.0       10.0       10.0       10.0       10.0    
        10.0       10.0       10.0       10.0       10.0       10.0       10.0       10.0       10.0       10.0       10.0    
        10.0       10.0    

 OPENED local_run4.dis_botm_layer1.txt
 FILE TYPE:OPEN/CLOSE   UNIT 1017   STATUS:OLD                 
 FORMAT:FORMATTED              ACCESS:SEQUENTIAL          
 ACTION:READ                


   MODEL LAYER BOTTOM EL.

               1          2          3          4          5          6          7          8          9         10         11
              12         13         14         15         16         17         18         19         20         21         22
              23         24         25         26         27         28         29         30         31         32         33
              34         35         36         37         38         39         40         41         42         43         44
              45         46         47         48         49         50         51         52         53         54         55
              56         57         58         59         60         61         62         63         64         65         66
              67         68         69         70         71         72         73         74         75         76         77
              78         79         80         81         82         83         84         85         86         87         88
              89         90         91         92         93         94         95         96         97         98         99
             100        101        102        103        104        105        106        107        108        109        110
             111        112        113        114        115        116        117        118        119        120        121
             122        123        124        125        126        127        128        129        130        131        132
             133        134        135        136        137        138        139        140        141        142        143
             144        145        146        147        148        149        150        151        152        153        154
             155        156        157        158        159        160        161        162        163        164        165
             166        167        168        169        170        171        172        173        174        175        176
             177        178        179        180        181        182        183        184        185        186        187
             188        189        190        191        192        193        194        195        196        197        198
             199        200        201        202        203        204        205        206        207        208        209
             210        211        212        213        214        215        216        217        218        219        220
             221        222        223        224        225        226        227        228        229        230        231
             232        233        234        235        236        237        238        239        240        241        242
             243        244        245        246        247        248        249        250        251        252        253
             254        255        256        257        258        259        260        261        262        263        264
             265        266        267        268        269        270        271        272        273        274        275
             276        277        278        279        280        281        282        283        284        285        286
             287        288        289        290        291        292        293        294        295        296        297
             298        299        300        301        302        303        304        305        306        307        308
             309        310        311        312        313        314        315        316        317        318        319
             320        321        322        323        324        325        326        327        328        329        330
             331        332        333        334        335        336        337        338        339        340        341
             342        343        344        345        346        347        348        349        350        351        352
             353        354        355        356        357        358        359        360        361        362        363
             364        365        366        367        368        369        370        371        372        373        374
             375        376        377        378        379        380        381        382        383        384        385
             386        387        388        389        390        391        392        393        394        395        396
             397        398        399        400        401        402        403        404        405        406        407
             408        409        410        411        412        413        414        415        416        417        418
             419        420        421        422        423        424        425        426        427        428        429
             430        431        432        433        434        435        436        437        438        439        440
             441        442        443        444        445        446        447        448        449        450        451
             452        453        454        455        456        457        458        459        460        461        462
             463        464        465        466        467        468        469        470        471        472        473
             474        475        476        477        478        479        480        481        482        483        484
             485        486        487        488        489        490        491        492        493        494        495
             496        497        498        499        500        501        502        503        504        505        506
             507        508        509        510        511        512        513        514        515        516        517
             518        519        520        521        522        523        524        525        526        527        528
             529        530        531        532        533        534        535        536        537        538        539
             540        541        542        543        544        545        546        547        548        549        550
             551        552        553        554        555        556        557        558        559        560        561
             562        563        564        565        566        567        568        569        570        571        572
             573        574        575        576        577        578        579        580        581        582        583
             584        585        586        587        588        589        590        591        592        593        594
             595        596        597        598        599        600        601        602        603        604        605
             606        607        608        609        610        611        612        613        614        615        616
             617        618        619        620        621        622        623        624        625        626        627
             628        629        630        631        632        633        634        635        636        637        638
             639        640        641        642        643        644        645        646        647        648        649
             650        651        652        653        654        655        656        657        658        659        660
             661        662        663        664        665        666        667        668        669        670        671
             672        673        674        675        676        677        678        679        680        681        682
             683        684        685        686        687        688        689        690        691        692        693
             694        695        696        697        698        699        700        701        702        703        704
             705        706        707        708        709        710        711        712        713        714        715
             716        717        718        719        720        721        722        723        724        725        726
             727        728        729        730        731        732        733        734        735        736        737
             738        739        740        741        742        743        744        745        746        747        748
             749        750        751        752        753        754        755        756        757        758        759
             760        761        762        763        764        765        766        767        768        769        770
             771        772        773        774        775        776        777        778        779        780        781
             782        783        784        785        786        787        788        789        790        791        792
             793        794        795        796        797        798        799        800        801        802        803
             804        805        806        807        808        809        810        811        812        813        814
             815        816        817        818        819        820        821        822        823        824        825
             826        827        828        829        830        831        832        833        834        835        836
             837        838        839        840        841        842        843        844        845        846        847
             848        849        850        851        852        853        854        855        856        857        858
             859        860        861        862        863        864        865        866        867        868        869
             870        871        872        873        874        875        876        877        878        879        880
             881        882        883        884        885        886        887        888        889        890        891
             892        893        894        895        896        897        898        899        900        901        902
             903        904        905        906        907        908        909        910        911        912        913
             914        915        916        917        918        919        920        921        922        923        924
             925        926        927        928        929        930        931        932        933        934        935
             936        937        938        939        940        941        942        943        944        945        946
             947        948        949        950        951        952        953        954        955        956        957
             958        959        960        961        962        963        964        965        966        967        968
             969        970        971        972        973        974        975        976        977        978        979
             980        981        982        983        984        985        986        987        988        989        990
             991        992        993        994        995        996        997        998        999       1000       1001
            1002       1003       1004       1005       1006       1007       1008       1009       1010       1011       1012
            1013       1014       1015       1016       1017       1018       1019       1020       1021       1022       1023
            1024       1025       1026       1027       1028       1029       1030       1031       1032       1033       1034
            1035       1036       1037       1038       1039       1040       1041       1042       1043       1044       1045
            1046       1047       1048       1049       1050       1051       1052       1053       1054       1055       1056
            1057       1058       1059       1060       1061       1062       1063       1064       1065       1066       1067
            1068       1069       1070       1071       1072       1073       1074       1075       1076       1077       1078
            1079       1080       1081       1082       1083       1084       1085       1086       1087       1088       1089
            1090       1091       1092       1093       1094       1095       1096       1097       1098       1099       1100
            1101       1102       1103       1104       1105       1106       1107       1108       1109       1110       1111
            1112       1113       1114       1115       1116       1117       1118       1119       1120       1121       1122
            1123       1124       1125       1126       1127       1128       1129       1130       1131       1132       1133
            1134       1135       1136       1137       1138       1139       1140       1141       1142       1143       1144
            1145       1146       1147       1148       1149       1150       1151       1152       1153       1154       1155
            1156       1157       1158       1159       1160       1161       1162       1163       1164       1165       1166
            1167       1168       1169       1170       1171       1172       1173       1174       1175       1176       1177
            1178       1179       1180       1181       1182       1183       1184       1185       1186       1187       1188
            1189       1190       1191       1192       1193       1194       1195       1196       1197       1198       1199
            1200       1201       1202       1203       1204       1205       1206       1207       1208       1209       1210
            1211       1212       1213       1214       1215       1216       1217       1218       1219       1220       1221
            1222       1223       1224       1225       1226       1227       1228       1229       1230       1231       1232
            1233       1234       1235       1236       1237       1238       1239       1240       1241       1242       1243
            1244       1245       1246       1247       1248       1249       1250       1251       1252       1253       1254
            1255       1256       1257       1258       1259       1260       1261       1262       1263       1264       1265
            1266       1267       1268       1269       1270       1271       1272       1273       1274       1275       1276
            1277       1278       1279       1280       1281       1282       1283       1284       1285       1286       1287
            1288       1289       1290       1291       1292       1293       1294       1295       1296       1297       1298
            1299       1300       1301       1302       1303       1304       1305       1306       1307       1308       1309
            1310       1311       1312       1313       1314       1315       1316       1317       1318       1319       1320
            1321       1322       1323       1324       1325       1326       1327       1328       1329       1330       1331
            1332       1333       1334       1335       1336       1337       1338       1339       1340       1341       1342
            1343       1344       1345       1346       1347       1348       1349       1350       1351       1352       1353
            1354       1355       1356       1357       1358       1359       1360       1361       1362       1363       1364
            1365       1366       1367       1368       1369       1370       1371       1372       1373       1374       1375
            1376       1377       1378       1379       1380       1381       1382       1383       1384       1385       1386
            1387       1388       1389       1390       1391       1392       1393       1394       1395       1396       1397
            1398       1399       1400       1401       1402       1403       1404       1405       1406       1407       1408
            1409       1410       1411       1412       1413       1414       1415       1416       1417       1418       1419
            1420       1421       1422       1423       1424       1425       1426       1427       1428       1429       1430
            1431       1432       1433       1434       1435       1436       1437       1438       1439       1440       1441
            1442       1443       1444       1445       1446       1447       1448       1449       1450       1451       1452
            1453       1454       1455       1456       1457       1458       1459       1460       1461       1462       1463
            1464       1465       1466       1467       1468       1469       1470       1471       1472       1473       1474
            1475       1476       1477       1478       1479       1480       1481       1482       1483       1484       1485
            1486       1487       1488       1489       1490       1491       1492       1493       1494       1495       1496
            1497       1498       1499       1500       1501       1502       1503       1504       1505       1506       1507
            1508       1509       1510       1511       1512       1513       1514       1515       1516       1517       1518
            1519       1520       1521       1522       1523       1524       1525       1526       1527       1528       1529
            1530       1531       1532       1533       1534       1535       1536       1537       1538       1539       1540
            1541       1542       1543       1544       1545       1546       1547       1548       1549       1550       1551
            1552       1553       1554       1555       1556       1557       1558       1559       1560       1561       1562
            1563       1564       1565       1566       1567       1568       1569       1570       1571       1572       1573
            1574       1575       1576       1577       1578       1579       1580       1581       1582       1583       1584
            1585       1586       1587       1588       1589       1590       1591       1592       1593       1594       1595
            1596       1597       1598       1599       1600       1601       1602       1603       1604       1605       1606
            1607       1608       1609       1610       1611       1612       1613       1614       1615       1616       1617
            1618       1619       1620       1621       1622       1623       1624       1625       1626       1627       1628
            1629       1630       1631       1632       1633       1634       1635       1636       1637       1638       1639
            1640       1641       1642       1643       1644       1645       1646       1647       1648       1649       1650
            1651       1652       1653       1654       1655       1656       1657       1658       1659       1660       1661
            1662       1663       1664       1665       1666       1667       1668       1669       1670       1671       1672
            1673       1674       1675       1676       1677       1678       1679       1680       1681       1682       1683
            1684       1685       1686       1687       1688       1689       1690       1691       1692       1693       1694
            1695       1696       1697       1698       1699       1700       1701       1702       1703       1704       1705
            1706       1707       1708       1709       1710       1711       1712       1713       1714       1715       1716
            1717       1718       1719       1720       1721       1722       1723       1724       1725       1726       1727
            1728       1729       1730       1731       1732       1733       1734       1735       1736       1737       1738
            1739       1740       1741       1742       1743       1744       1745       1746       1747       1748       1749
            1750       1751       1752       1753       1754       1755       1756       1757       1758       1759       1760
            1761       1762       1763       1764       1765       1766       1767       1768       1769       1770       1771
            1772       1773       1774       1775       1776       1777       1778       1779       1780       1781       1782
            1783       1784       1785       1786       1787       1788       1789       1790       1791       1792       1793
            1794       1795       1796       1797       1798       1799       1800       1801       1802       1803       1804
            1805       1806       1807       1808       1809       1810       1811       1812       1813       1814       1815
            1816       1817       1818       1819       1820       1821       1822       1823       1824       1825       1826
            1827       1828       1829       1830       1831       1832       1833       1834       1835       1836       1837
            1838       1839       1840       1841       1842       1843       1844       1845       1846       1847       1848
            1849       1850       1851       1852       1853       1854       1855       1856       1857       1858       1859
            1860       1861       1862       1863       1864       1865       1866       1867       1868       1869       1870
            1871       1872       1873       1874       1875       1876       1877       1878       1879       1880       1881
            1882       1883       1884       1885       1886       1887       1888       1889       1890       1891       1892
            1893       1894       1895       1896       1897       1898       1899       1900       1901       1902       1903
            1904       1905       1906       1907       1908       1909       1910       1911       1912       1913       1914
            1915       1916       1917       1918       1919       1920       1921       1922       1923       1924       1925
            1926       1927       1928       1929       1930       1931       1932       1933       1934       1935       1936
            1937       1938       1939       1940       1941       1942       1943       1944       1945       1946       1947
            1948       1949       1950       1951       1952       1953       1954       1955       1956       1957       1958
            1959       1960       1961       1962       1963       1964       1965       1966       1967       1968       1969
            1970       1971       1972       1973       1974       1975       1976       1977       1978       1979       1980
            1981       1982       1983       1984       1985       1986       1987       1988       1989       1990       1991
            1992       1993       1994       1995       1996       1997       1998       1999       2000       2001       2002
            2003       2004       2005       2006       2007       2008       2009       2010       2011       2012       2013
            2014       2015       2016       2017       2018       2019       2020       2021       2022       2023       2024
            2025       2026       2027       2028       2029       2030       2031       2032       2033       2034       2035
            2036       2037       2038       2039       2040       2041       2042       2043       2044       2045       2046
            2047       2048       2049       2050       2051       2052       2053       2054       2055       2056       2057
            2058       2059       2060       2061       2062       2063       2064       2065       2066       2067       2068
            2069       2070       2071       2072       2073       2074       2075       2076       2077       2078       2079
            2080       2081       2082       2083       2084       2085       2086       2087       2088       2089       2090
            2091       2092       2093       2094       2095       2096       2097       2098       2099       2100       2101
            2102       2103       2104       2105       2106       2107       2108       2109       2110       2111       2112
            2113       2114       2115       2116       2117       2118       2119       2120       2121       2122       2123
            2124       2125       2126       2127       2128       2129       2130       2131       2132       2133       2134
            2135       2136       2137       2138       2139       2140       2141       2142       2143       2144       2145
            2146       2147       2148       2149       2150       2151       2152       2153       2154       2155       2156
            2157       2158       2159       2160       2161       2162       2163       2164       2165       2166       2167
            2168       2169       2170       2171       2172       2173       2174       2175       2176       2177       2178
            2179       2180       2181       2182       2183       2184       2185       2186       2187       2188       2189
            2190       2191       2192       2193       2194       2195       2196       2197       2198       2199       2200
            2201       2202       2203       2204       2205       2206       2207       2208       2209       2210       2211
            2212       2213       2214       2215       2216       2217       2218       2219       2220       2221       2222
            2223       2224       2225       2226       2227       2228       2229       2230       2231       2232       2233
            2234       2235       2236       2237       2238       2239       2240       2241       2242       2243       2244
            2245       2246       2247       2248       2249       2250       2251       2252       2253       2254       2255
            2256       2257       2258       2259       2260       2261       2262       2263       2264       2265       2266
            2267       2268       2269       2270       2271       2272       2273       2274       2275       2276       2277
            2278       2279       2280       2281       2282       2283       2284       2285       2286       2287       2288
            2289       2290       2291       2292       2293       2294       2295       2296       2297       2298       2299
            2300       2301       2302       2303       2304       2305       2306       2307       2308       2309       2310
            2311       2312       2313       2314       2315       2316       2317       2318       2319       2320       2321
            2322       2323       2324       2325       2326       2327       2328       2329       2330       2331       2332
            2333       2334       2335       2336       2337       2338       2339       2340       2341       2342       2343
            2344       2345       2346       2347       2348       2349       2350       2351       2352       2353       2354
            2355       2356       2357       2358       2359       2360       2361       2362       2363       2364       2365
            2366       2367       2368       2369       2370       2371       2372       2373       2374       2375       2376
            2377       2378       2379       2380       2381       2382       2383       2384       2385       2386       2387
            2388       2389       2390       2391       2392       2393       2394       2395       2396       2397       2398
            2399       2400       2401       2402       2403       2404       2405       2406       2407       2408       2409
            2410       2411       2412       2413       2414       2415       2416       2417       2418       2419       2420
            2421       2422       2423       2424       2425       2426       2427       2428       2429       2430       2431
            2432       2433       2434       2435       2436       2437       2438       2439       2440       2441       2442
            2443       2444       2445       2446       2447       2448       2449       2450       2451       2452       2453
            2454       2455       2456       2457       2458       2459       2460       2461       2462       2463       2464
            2465       2466       2467       2468       2469       2470       2471       2472       2473       2474       2475
            2476       2477       2478       2479       2480       2481       2482       2483       2484       2485       2486
            2487       2488       2489       2490       2491       2492       2493       2494       2495       2496       2497
            2498       2499       2500       2501       2502       2503       2504       2505       2506       2507       2508
            2509       2510       2511       2512       2513       2514       2515       2516       2517       2518       2519
            2520       2521       2522       2523       2524       2525       2526       2527       2528       2529       2530
            2531       2532       2533       2534       2535       2536       2537       2538       2539       2540       2541
            2542       2543       2544       2545       2546       2547       2548       2549       2550       2551       2552
            2553       2554       2555       2556       2557       2558       2559       2560       2561       2562       2563
            2564       2565       2566       2567       2568       2569       2570       2571       2572       2573       2574
            2575       2576       2577       2578       2579       2580       2581       2582       2583       2584       2585
            2586       2587       2588       2589       2590       2591       2592       2593       2594       2595       2596
            2597       2598       2599       2600       2601       2602       2603       2604       2605       2606       2607
            2608       2609       2610       2611       2612       2613       2614       2615       2616       2617       2618
            2619       2620       2621       2622       2623       2624       2625       2626       2627       2628       2629
            2630       2631       2632       2633       2634       2635       2636       2637       2638       2639       2640
            2641       2642       2643       2644       2645       2646       2647       2648       2649       2650       2651
            2652       2653       2654       2655       2656       2657       2658       2659       2660       2661       2662
            2663       2664       2665       2666       2667       2668       2669       2670       2671       2672       2673
            2674       2675       2676       2677       2678       2679
 .............................................................................................................................
   1   -5.00      -5.00      -5.00      -5.00      -5.00      -5.00      -5.00      -5.00      -5.00      -5.00      -5.00    
       -5.00      -5.00      -5.00      -5.00      -5.00      -5.00      -5.00      -5.00      -5.00      -5.00      -5.00    
       -5.00      -5.00      -5.00      -5.00      -5.00      -5.00      -5.00      -5.00      -5.00      -5.00      -5.00    
       -5.00      -5.00      -5.00      -5.00      -5.00      -5.00      -5.00      -5.00      -5.00      -5.00      -5.00    
       -5.00      -5.00      -5.00      -5.00      -5.00      -5.00      -5.00      -5.00      -5.00      -5.00      -5.00    
       -5.00      -5.00      -5.00      -5.00      -5.00      -5.00      -5.00      -5.00      -5.00      -5.00      -5.00    
       -5.00      -5.00      -5.00      -5.00      -5.00      -5.00      -5.00      -5.00      -5.00      -5.00      -5.00    
       -5.00      -5.00      -5.00      -5.00      -5.00      -5.00      -5.00      -5.00      -5.00      -5.00      -5.00    
       -5.00      -5.00      -5.00      -5.00      -5.00      -5.00      -5.00      -5.00      -5.00      -5.00      -5.00    
       -5.00      -5.00      -5.00      -5.00      -5.00      -5.00      -5.00      -5.00      -5.00      -5.00      -5.00    
       -5.00      -5.00      -5.00      -5.00      -5.00      -5.00      -5.00      -5.00      -5.00      -5.00      -5.00    
       -5.00      -5.00      -5.00      -5.00      -5.00      -5.00      -5.00      -5.00      -5.00      -5.00      -5.00    
       -5.00      -5.00      -5.00      -5.00      -5.00      -5.00      -5.00      -5.00      -5.00      -5.00      -5.00    
       -5.00      -5.00      -5.00      -5.00      -5.00      -5.00      -5.00      -5.00      -5.00      -5.00      -5.00    
       -5.00      -5.00      -5.00      -5.00      -5.00      -5.00      -5.00      -5.00      -5.00      -5.00      -5.00    
       -5.00      -5.00      -5.00      -5.00      -5.00      -5.00      -5.00      -5.00      -5.00      -5.00      -5.00    
       -5.00      -5.00      -5.00      -5.00      -5.00      -5.00      -5.00      -5.00      -5.00      -5.00      -5.00    
       -5.00      -5.00      -5.00      -5.00      -5.00      -5.00      -5.00      -5.00      -5.00      -5.00      -5.00    
       -5.00      -5.00      -5.00      -5.00      -5.00      -5.00      -5.00      -5.00      -5.00      -5.00      -5.00    
       -5.00      -5.00      -5.00      -5.00      -5.00      -5.00      -5.00      -5.00      -5.00      -5.00      -5.00    
       -5.00      -5.00      -5.00      -5.00      -5.00      -5.00      -5.00      -5.00      -5.00      -5.00      -5.00    
       -5.00      -5.00      -5.00      -5.00      -5.00      -5.00      -5.00      -5.00      -5.00      -5.00      -5.00    
       -5.00      -5.00      -5.00      -5.00      -5.00      -5.00      -5.00      -5.00      -5.00      -5.00      -5.00    
       -5.00      -5.00      -5.00      -5.00      -5.00      -5.00      -5.00      -5.00      -5.00      -5.00      -5.00    
       -5.00      -5.00      -5.00      -5.00      -5.00      -5.00      -5.00      -5.00      -5.00      -5.00      -5.00    
       -5.00      -5.00      -5.00      -5.00      -5.00      -5.00      -5.00      -5.00      -5.00      -5.00      -5.00    
       -5.00      -5.00      -5.00      -5.00      -5.00      -5.00      -5.00      -5.00      -5.00      -5.00      -5.00    
       -5.00      -5.00      -5.00      -5.00      -5.00      -5.00      -5.00      -5.00      -5.00      -5.00      -5.00    
       -5.00      -5.00      -5.00      -5.00      -5.00      -5.00      -5.00      -5.00      -5.00      -5.00      -5.00    
       -5.00      -5.00      -5.00      -5.00      -5.00      -5.00      -5.00      -5.00      -5.00      -5.00      -5.00    
       -5.00      -5.00      -5.00      -5.00      -5.00      -5.00      -5.00      -5.00      -5.00      -5.00      -5.00    
       -5.00      -5.00      -5.00      -5.00      -5.00      -5.00      -5.00      -5.00      -5.00      -5.00      -5.00    
       -5.00      -5.00      -5.00      -5.00      -5.00      -5.00      -5.00      -5.00      -5.00      -5.00      -5.00    
       -5.00      -5.00      -5.00      -5.00      -5.00      -5.00      -5.00      -5.00      -5.00      -5.00      -5.00    
       -5.00      -5.00      -5.00      -5.00      -5.00      -5.00      -5.00      -5.00      -5.00      -5.00      -5.00    
       -5.00      -5.00      -5.00      -5.00      -5.00      -5.00      -5.00      -5.00      -5.00      -5.00      -5.00    
       -5.00      -5.00      -5.00      -5.00      -5.00      -5.00      -5.00      -5.00      -5.00      -5.00      -5.00    
       -5.00      -5.00      -5.00      -5.00      -5.00      -5.00      -5.00      -5.00      -5.00      -5.00      -5.00    
       -5.00      -5.00      -5.00      -5.00      -5.00      -5.00      -5.00      -5.00      -5.00      -5.00      -5.00    
       -5.00      -5.00      -5.00      -5.00      -5.00      -5.00      -5.00      -5.00      -5.00      -5.00      -5.00    
       -5.00      -5.00      -5.00      -5.00      -5.00      -5.00      -5.00      -5.00      -5.00      -5.00      -5.00    
       -5.00      -5.00      -5.00      -5.00      -5.00      -5.00      -5.00      -5.00      -5.00      -5.00      -5.00    
       -5.00      -5.00      -5.00      -5.00      -5.00      -5.00      -5.00      -5.00      -5.00      -5.00      -5.00    
       -5.00      -5.00      -5.00      -5.00      -5.00      -5.00      -5.00      -5.00      -5.00      -5.00      -5.00    
       -5.00      -5.00      -5.00      -5.00      -5.00      -5.00      -5.00      -5.00      -5.00      -5.00      -5.00    
       -5.00      -5.00      -5.00      -5.00      -5.00      -5.00      -5.00      -5.00      -5.00      -5.00      -5.00    
       -5.00      -5.00      -5.00      -5.00      -5.00      -5.00      -5.00      -5.00      -5.00      -5.00      -5.00    
       -5.00      -5.00      -5.00      -5.00      -5.00      -5.00      -5.00      -5.00      -5.00      -5.00      -5.00    
       -5.00      -5.00      -5.00      -5.00      -5.00      -5.00      -5.00      -5.00      -5.00      -5.00      -5.00    
       -5.00      -5.00      -5.00      -5.00      -5.00      -5.00      -5.00      -5.00      -5.00      -5.00      -5.00    
       -5.00      -5.00      -5.00      -5.00      -5.00      -5.00      -5.00      -5.00      -5.00      -5.00      -5.00    
       -5.00      -5.00      -5.00      -5.00      -5.00      -5.00      -5.00      -5.00      -5.00      -5.00      -5.00    
       -5.00      -5.00      -5.00      -5.00      -5.00      -5.00      -5.00      -5.00      -5.00      -5.00      -5.00    
       -5.00      -5.00      -5.00      -5.00      -5.00      -5.00      -5.00      -5.00      -5.00      -5.00      -5.00    
       -5.00      -5.00      -5.00      -5.00      -5.00      -5.00      -5.00      -5.00      -5.00      -5.00      -5.00    
       -5.00      -5.00      -5.00      -5.00      -5.00      -5.00      -5.00      -5.00      -5.00      -5.00      -5.00    
       -5.00      -5.00      -5.00      -5.00      -5.00      -5.00      -5.00      -5.00      -5.00      -5.00      -5.00    
       -5.00      -5.00      -5.00      -5.00      -5.00      -5.00      -5.00      -5.00      -5.00      -5.00      -5.00    
       -5.00      -5.00      -5.00      -5.00      -5.00      -5.00      -5.00      -5.00      -5.00      -5.00      -5.00    
       -5.00      -5.00      -5.00      -5.00      -5.00      -5.00      -5.00      -5.00      -5.00      -5.00      -5.00    
       -5.00      -5.00      -5.00      -5.00      -5.00      -5.00      -5.00      -5.00      -5.00      -5.00      -5.00    
       -5.00      -5.00      -5.00      -5.00      -5.00      -5.00      -5.00      -5.00      -5.00      -5.00      -5.00    
       -5.00      -5.00      -5.00      -5.00      -5.00      -5.00      -5.00      -5.00      -5.00      -5.00      -5.00    
       -5.00      -5.00      -5.00      -5.00      -5.00      -5.00      -5.00      -5.00      -5.00      -5.00      -5.00    
       -5.00      -5.00      -5.00      -5.00      -5.00      -5.00      -5.00      -5.00      -5.00      -5.00      -5.00    
       -5.00      -5.00      -5.00      -5.00      -5.00      -5.00      -5.00      -5.00      -5.00      -5.00      -5.00    
       -5.00      -5.00      -5.00      -5.00      -5.00      -5.00      -5.00      -5.00      -5.00      -5.00      -5.00    
       -5.00      -5.00      -5.00      -5.00      -5.00      -5.00      -5.00      -5.00      -5.00      -5.00      -5.00    
       -5.00      -5.00      -5.00      -5.00      -5.00      -5.00      -5.00      -5.00      -5.00      -5.00      -5.00    
       -5.00      -5.00      -5.00      -5.00      -5.00      -5.00      -5.00      -5.00      -5.00      -5.00      -5.00    
       -5.00      -5.00      -5.00      -5.00      -5.00      -5.00      -5.00      -5.00      -5.00      -5.00      -5.00    
       -5.00      -5.00      -5.00      -5.00      -5.00      -5.00      -5.00      -5.00      -5.00      -5.00      -5.00    
       -5.00      -5.00      -5.00      -5.00      -5.00      -5.00      -5.00      -5.00      -5.00      -5.00      -5.00    
       -5.00      -5.00      -5.00      -5.00      -5.00      -5.00      -5.00      -5.00      -5.00      -5.00      -5.00    
       -5.00      -5.00      -5.00      -5.00      -5.00      -5.00      -5.00      -5.00      -5.00      -5.00      -5.00    
       -5.00      -5.00      -5.00      -5.00      -5.00      -5.00      -5.00      -5.00      -5.00      -5.00      -5.00    
       -5.00      -5.00      -5.00      -5.00      -5.00      -5.00      -5.00      -5.00      -5.00      -5.00      -5.00    
       -5.00      -5.00      -5.00      -5.00      -5.00      -5.00      -5.00      -5.00      -5.00      -5.00      -5.00    
       -5.00      -5.00      -5.00      -5.00      -5.00      -5.00      -5.00      -5.00      -5.00      -5.00      -5.00    
       -5.00      -5.00      -5.00      -5.00      -5.00      -5.00      -5.00      -5.00      -5.00      -5.00      -5.00    
       -5.00      -5.00      -5.00      -5.00      -5.00      -5.00      -5.00      -5.00      -5.00      -5.00      -5.00    
       -5.00      -5.00      -5.00      -5.00      -5.00      -5.00      -5.00      -5.00      -5.00      -5.00      -5.00    
       -5.00      -5.00      -5.00      -5.00      -5.00      -5.00      -5.00      -5.00      -5.00      -5.00      -5.00    
       -5.00      -5.00      -5.00      -5.00      -5.00      -5.00      -5.00      -5.00      -5.00      -5.00      -5.00    
       -5.00      -5.00      -5.00      -5.00      -5.00      -5.00      -5.00      -5.00      -5.00      -5.00      -5.00    
       -5.00      -5.00      -5.00      -5.00      -5.00      -5.00      -5.00      -5.00      -5.00      -5.00      -5.00    
       -5.00      -5.00      -5.00      -5.00      -5.00      -5.00      -5.00      -5.00      -5.00      -5.00      -5.00    
       -5.00      -5.00      -5.00      -5.00      -5.00      -5.00      -5.00      -5.00      -5.00      -5.00      -5.00    
       -5.00      -5.00      -5.00      -5.00      -5.00      -5.00      -5.00      -5.00      -5.00      -5.00      -5.00    
       -5.00      -5.00      -5.00      -5.00      -5.00      -5.00      -5.00      -5.00      -5.00      -5.00      -5.00    
       -5.00      -5.00      -5.00      -5.00      -5.00      -5.00      -5.00      -5.00      -5.00      -5.00      -5.00    
       -5.00      -5.00      -5.00      -5.00      -5.00      -5.00      -5.00      -5.00      -5.00      -5.00      -5.00    
       -5.00      -5.00      -5.00      -5.00      -5.00      -5.00      -5.00      -5.00      -5.00      -5.00      -5.00    
       -5.00      -5.00      -5.00      -5.00      -5.00      -5.00      -5.00      -5.00      -5.00      -5.00      -5.00    
       -5.00      -5.00      -5.00      -5.00      -5.00      -5.00      -5.00      -5.00      -5.00      -5.00      -5.00    
       -5.00      -5.00      -5.00      -5.00      -5.00      -5.00      -5.00      -5.00      -5.00      -5.00      -5.00    
       -5.00      -5.00      -5.00      -5.00      -5.00      -5.00      -5.00      -5.00      -5.00      -5.00      -5.00    
       -5.00      -5.00      -5.00      -5.00      -5.00      -5.00      -5.00      -5.00      -5.00      -5.00      -5.00    
       -5.00      -5.00      -5.00      -5.00      -5.00      -5.00      -5.00      -5.00      -5.00      -5.00      -5.00    
       -5.00      -5.00      -5.00      -5.00      -5.00      -5.00      -5.00      -5.00      -5.00      -5.00      -5.00    
       -5.00      -5.00      -5.00      -5.00      -5.00      -5.00      -5.00      -5.00      -5.00      -5.00      -5.00    
       -5.00      -5.00      -5.00      -5.00      -5.00      -5.00      -5.00      -5.00      -5.00      -5.00      -5.00    
       -5.00      -5.00      -5.00      -5.00      -5.00      -5.00      -5.00      -5.00      -5.00      -5.00      -5.00    
       -5.00      -5.00      -5.00      -5.00      -5.00      -5.00      -5.00      -5.00      -5.00      -5.00      -5.00    
       -5.00      -5.00      -5.00      -5.00      -5.00      -5.00      -5.00      -5.00      -5.00      -5.00      -5.00    
       -5.00      -5.00      -5.00      -5.00      -5.00      -5.00      -5.00      -5.00      -5.00      -5.00      -5.00    
       -5.00      -5.00      -5.00      -5.00      -5.00      -5.00      -5.00      -5.00      -5.00      -5.00      -5.00    
       -5.00      -5.00      -5.00      -5.00      -5.00      -5.00      -5.00      -5.00      -5.00      -5.00      -5.00    
       -5.00      -5.00      -5.00      -5.00      -5.00      -5.00      -5.00      -5.00      -5.00      -5.00      -5.00    
       -5.00      -5.00      -5.00      -5.00      -5.00      -5.00      -5.00      -5.00      -5.00      -5.00      -5.00    
       -5.00      -5.00      -5.00      -5.00      -5.00      -5.00      -5.00      -5.00      -5.00      -5.00      -5.00    
       -5.00      -5.00      -5.00      -5.00      -5.00      -5.00      -5.00      -5.00      -5.00      -5.00      -5.00    
       -5.00      -5.00      -5.00      -5.00      -5.00      -5.00      -5.00      -5.00      -5.00      -5.00      -5.00    
       -5.00      -5.00      -5.00      -5.00      -5.00      -5.00      -5.00      -5.00      -5.00      -5.00      -5.00    
       -5.00      -5.00      -5.00      -5.00      -5.00      -5.00      -5.00      -5.00      -5.00      -5.00      -5.00    
       -5.00      -5.00      -5.00      -5.00      -5.00      -5.00      -5.00      -5.00      -5.00      -5.00      -5.00    
       -5.00      -5.00      -5.00      -5.00      -5.00      -5.00      -5.00      -5.00      -5.00      -5.00      -5.00    
       -5.00      -5.00      -5.00      -5.00      -5.00      -5.00      -5.00      -5.00      -5.00      -5.00      -5.00    
       -5.00      -5.00      -5.00      -5.00      -5.00      -5.00      -5.00      -5.00      -5.00      -5.00      -5.00    
       -5.00      -5.00      -5.00      -5.00      -5.00      -5.00      -5.00      -5.00      -5.00      -5.00      -5.00    
       -5.00      -5.00      -5.00      -5.00      -5.00      -5.00      -5.00      -5.00      -5.00      -5.00      -5.00    
       -5.00      -5.00      -5.00      -5.00      -5.00      -5.00      -5.00      -5.00      -5.00      -5.00      -5.00    
       -5.00      -5.00      -5.00      -5.00      -5.00      -5.00      -5.00      -5.00      -5.00      -5.00      -5.00    
       -5.00      -5.00      -5.00      -5.00      -5.00      -5.00      -5.00      -5.00      -5.00      -5.00      -5.00    
       -5.00      -5.00      -5.00      -5.00      -5.00      -5.00      -5.00      -5.00      -5.00      -5.00      -5.00    
       -5.00      -5.00      -5.00      -5.00      -5.00      -5.00      -5.00      -5.00      -5.00      -5.00      -5.00    
       -5.00      -5.00      -5.00      -5.00      -5.00      -5.00      -5.00      -5.00      -5.00      -5.00      -5.00    
       -5.00      -5.00      -5.00      -5.00      -5.00      -5.00      -5.00      -5.00      -5.00      -5.00      -5.00    
       -5.00      -5.00     -0.769       1.54       3.86       6.17       8.26       8.39       8.51       8.64       8.36    
        4.49      0.612      -3.26      -5.00      -5.00      -5.00      -5.00      -5.00      -5.00      -5.00      -5.00    
       -5.00      -5.00      -5.00      -5.00      -5.00      -5.00      -5.00      -5.00      -5.00      -5.00      -5.00    
       -5.00      -5.00      -5.00      -5.00      -5.00      -5.00      -5.00      -5.00      -5.00      -5.00      -5.00    
       -5.00      -5.00      -5.00      -5.00      -5.00      -5.00      -5.00      -5.00      -5.00      -5.00      -5.00    
       -5.00      -5.00      -5.00       2.83       9.00       9.00       9.00       9.00       9.00       9.00       9.00    
        9.00       9.00       9.00       9.00       9.00       8.74      -5.00      -5.00      -5.00      -5.00      -5.00    
       -5.00      -5.00      -5.00      -5.00      -5.00      -5.00      -5.00      -5.00      -5.00      -5.00      -5.00    
       -5.00      -5.00      -5.00      -5.00      -5.00      -5.00      -5.00      -5.00      -5.00      -5.00      -5.00    
       -5.00      -5.00      -5.00      -5.00      -5.00      -5.00      -5.00      -5.00      -5.00      -5.00      -5.00    
       -5.00      -5.00      -5.00      -4.82       1.93       8.68       9.00       9.00       9.00       9.00       9.00    
        9.00       9.00       9.00       9.00       9.00       9.00       9.00       9.00      -5.00      -5.00      -5.00    
       -5.00      -5.00      -5.00      -5.00      -5.00      -5.00      -5.00      -5.00      -5.00      -5.00      -5.00    
       -5.00      -5.00      -5.00      -5.00      -5.00      -5.00      -5.00      -5.00      -5.00      -5.00      -5.00    
       -5.00      -5.00      -5.00      -5.00      -5.00      -5.00      -5.00      -5.00      -5.00      -5.00      -5.00    
       -5.00      -5.00      -5.00      -4.62      -1.22       4.03       9.28       9.00       9.00       9.00       9.00    
        9.00       9.00       9.00       9.00       9.00       9.00       9.00       9.00       9.00       9.00      -5.00    
       -5.00      -5.00      -5.00      -5.00      -5.00      -5.00      -5.00      -5.00      -5.00      -5.00      -5.00    
       -5.00      -5.00      -5.00      -5.00      -5.00      -5.00      -5.00      -5.00      -5.00      -5.00      -5.00    
       -5.00      -5.00      -5.00      -5.00      -5.00      -5.00      -5.00      -5.00      -5.00      -5.00      -5.00    
       -5.00      -5.00      -5.00      -5.00     -0.869       4.19       9.13       9.00       9.00       9.00       9.00    
        9.00       9.00       9.00       9.00       9.00       9.00       9.00       9.00       9.00       9.00       9.00    
        9.00      -5.00      -5.00      -5.00      -5.00      -5.00      -5.00      -5.00      -5.00      -5.00      -5.00    
       -5.00      -5.00      -5.00      -5.00      -5.00      -5.00      -5.00      -5.00      -5.00      -5.00      -5.00    
       -5.00      -5.00      -5.00      -5.00      -5.00      -5.00      -5.00      -5.00      -5.00      -5.00      -5.00    
       -5.00      -5.00      -5.00      -5.00      -5.00      -3.50       1.50       6.50       9.00       9.00       9.00    
        9.00       9.00       9.00       9.00       9.00       9.00       9.00       9.00       9.00       9.00       9.00    
        9.00       9.00       9.00      -5.00      -5.00      -5.00      -5.00      -5.00      -5.00      -5.00      -5.00    
       -5.00      -5.00      -5.00      -5.00      -5.00      -5.00      -5.00      -5.00      -5.00      -5.00      -5.00    
       -5.00      -5.00      -5.00      -5.00      -5.00      -5.00      -5.00      -5.00      -5.00      -5.00      -5.00    
       -5.00      -5.00      -5.00      -5.00      -5.00      -5.00      -5.00      -3.70     -0.700       2.30       5.47    
        9.00       9.00       9.00       9.00       9.00       9.00       9.00       9.00       9.00       9.00       9.00    
        9.00       9.00       9.00       9.00       9.00      -5.00      -5.00      -5.00      -5.00      -5.00      -5.00    
       -5.00      -5.00      -5.00      -5.00      -5.00      -5.00      -5.00      -5.00      -5.00      -5.00      -5.00    
       -5.00      -5.00      -5.00      -5.00      -5.00      -5.00      -5.00      -5.00      -5.00      -5.00      -5.00    
       -5.00      -5.00      -5.00      -5.00      -5.00      -5.00      -5.00      -5.00      -4.90      -3.90      -2.90    
       -1.90     -0.419       5.39       9.00       9.00       9.00       9.00       9.00       9.00       9.00       9.00    
        9.00       9.00       9.00       9.00       9.00       9.00       9.00      -5.00      -5.00      -5.00      -5.00    
       -5.00      -5.00      -5.00      -5.00      -5.00      -5.00      -5.00      -5.00      -5.00      -5.00      -5.00    
       -5.00      -5.00      -5.00      -5.00      -5.00      -5.00      -5.00      -5.00      -5.00      -5.00      -5.00    
       -5.00      -5.00      -5.00      -5.00      -5.00      -5.00      -4.71      -4.27      -3.83      -3.39      -3.10    
       -4.10      -5.00      -5.00      -5.00      0.631       7.57       9.00       9.00       9.00       9.00       9.00    
        9.00       9.00       9.00       9.00       9.00       9.00       9.00       9.00       9.00      -5.00      -5.00    
       -5.00      -5.00      -5.00      -5.00      -5.00      -5.00      -5.00      -5.00      -5.00      -5.00      -5.00    
       -5.00      -5.00      -5.00      -5.00      -5.00      -5.00      -5.00      -5.00      -5.00      -5.00      -5.00    
       -5.00      -5.00      -5.00      -5.00      -5.00      -4.91      -4.59      -4.28      -3.97      -3.72      -3.47    
       -3.22      -3.19      -5.00      -5.00      -5.00      -5.00      -2.84       4.34       9.00       9.00       9.00    
        9.00       9.00       9.00       9.00       9.00       9.00       9.00       9.00       9.00       9.00       6.47    
       -5.00      -5.00      -5.00      -5.00      -5.00      -5.00      -5.00      -5.00      -5.00      -5.00      -5.00    
       -5.00      -5.00      -5.00      -5.00      -5.00      -5.00      -5.00      -5.00      -5.00      -5.00      -5.00    
       -5.00      -4.70      -4.24      -4.11      -3.99      -3.86      -3.76      -3.82      -3.88      -3.94      -4.03    
       -4.28      -4.53      -4.78      -5.00      -5.00      -5.00      -5.00      -5.00      -5.00       1.53       8.09    
        9.00       9.00       9.00       9.00       9.00       9.00       9.00       9.00       9.00       9.00       9.00    
        2.09      -5.00      -5.00      -5.00      -5.00      -5.00      -5.00      -5.00      -5.00      -5.00      -5.00    
       -5.00      -5.00      -5.00      -5.00      -5.00      -5.00      -5.00      -5.00      -5.00      -5.00      -5.00    
       -3.70      -3.20      -2.70      -2.20      -1.76      -1.89      -2.01      -2.14      -2.29      -2.73      -3.17    
       -3.61      -4.08      -4.83      -5.00      -5.00      -5.00      -5.00      -5.00      -5.00      -5.00      -5.00    
       -1.28       4.66       9.00       9.00       9.00       9.00       9.00       9.00       9.00       9.00       9.00    
        9.00       1.24      -5.00      -5.00      -5.00      -5.00      -5.00      -5.00      -5.00      -5.00      -5.00    
       -5.00      -5.00      -5.00      -5.00      -5.00      -5.00      -5.00      -5.00      -5.00      -5.00      -5.00    
       -4.10      -2.60      -1.20     -0.700     -0.200      0.300      0.712      0.337     -3.750E-02 -0.413     -0.831    
       -1.64      -2.46      -3.27      -4.13      -5.00      -5.00      -5.00      -5.00      -5.00      -5.00      -5.00    
       -5.00      -5.00      -4.09       1.22       6.37       9.00       9.00       9.00       9.00       9.00       9.00    
        9.00       9.00       4.89      -5.00      -5.00      -5.00      -5.00      -5.00      -5.00      -5.00      -5.00    
       -5.00      -5.00      -5.00      -5.00      -5.00      -5.00      -5.00      -5.00      -5.00      -5.00      -4.99    
       -3.60      -2.10     -0.600      0.900       2.32       3.01       3.69       4.38       5.01       5.14       5.26    
        5.39       5.31       3.44       1.56     -0.313      -2.23      -4.48      -5.00      -5.00      -5.00      -5.00    
       -5.00      -5.00      -5.00      -5.00      -5.00      -3.88      0.244       2.68       5.12       7.56       9.78    
        9.00       9.00       9.00       9.34      -4.79      -5.00      -5.00      -5.00      -5.00      -5.00      -5.00    
       -5.00      -5.00      -5.00      -5.00      -5.00      -5.00      -5.00      -5.00      -5.00      -3.64      -2.51    
       -1.39     -0.262      0.900       2.40       3.90       5.40       6.86       7.92       8.98       9.00       9.00    
        9.00       9.00       9.00       9.00       9.00       8.89       5.26       1.62      -2.13      -5.00      -5.00    
       -5.00      -5.00      -5.00      -5.00      -5.00      -5.00      -5.00      -5.00      -5.00      -5.00      -5.00    
       -3.93      -2.78      -3.03      -3.28      -3.53      -4.79      -5.00      -5.00      -5.00      -5.00      -5.00    
       -5.00      -5.00      -5.00      -5.00      -5.00      -5.00      -5.00      -5.00      -5.00      -4.07      -1.01    
        1.84       2.71       3.59       4.46       5.40       6.90       8.40       9.90       9.00       9.00       9.00    
        9.00       9.00       9.00       9.00       9.00       9.00       9.00       9.00       9.00       5.47      0.225    
       -5.00      -5.00      -5.00      -5.00      -5.00      -5.00      -5.00      -5.00      -5.00      -5.00      -5.00    
       -5.00      -5.00      -5.00      -5.00      -5.00      -5.00      -5.00      -5.00      -5.00      -5.00      -5.00    
       -5.00      -5.00      -5.00      -5.00      -5.00      -5.00      -5.00      -5.00      -5.00      -5.00      -3.44    
       0.244       3.93       7.31       7.94       8.56       9.19       9.90       9.00       9.00       9.00       9.00    
        9.00       9.00       9.00       9.00       9.00       9.00       9.00       9.00       9.00       9.00       9.00    
        9.32       2.57      -4.18      -5.00      -5.00      -5.00      -5.00      -5.00      -5.00      -5.00      -5.00    
       -5.00      -5.00      -5.00      -5.00      -5.00      -5.00      -5.00      -5.00      -5.00      -5.00      -5.00    
       -5.00      -5.00      -5.00      -5.00      -5.00      -5.00      -5.00      -5.00      -5.00      -5.00      -4.68    
       -3.11      0.763       4.64       8.51       9.00       9.00       9.00       9.00       9.00       9.00       9.00    
        9.00       9.00       9.00       9.00       9.00       9.00       9.00       9.00       9.00       9.00       9.00    
        9.00       9.00       9.00       6.23     -0.831      -5.00      -5.00      -5.00      -5.00      -5.00      -5.00    
       -5.00      -5.00      -5.00      -5.00      -5.00      -5.00      -5.00      -5.00      -5.00      -5.00      -5.00    
       -5.00      -5.00      -5.00      -5.00      -5.00      -5.00      -5.00      -5.00      -5.00      -5.00      -4.12    
       -2.18     -0.244       1.86       5.49       9.11       9.00       9.00       9.00       9.00       9.00       9.00    
        9.00       9.00       9.00       9.00       9.00       9.00       9.00       9.00       9.00       9.00       9.00    
        9.00       9.00       9.00       9.00       9.00       9.00       5.01      -1.18      -5.00      -5.00      -5.00    
       -5.00      -5.00      -5.00      -5.00      -5.00      -5.00      -5.00      -5.00      -5.00      -5.00      -5.00    
       -5.00      -5.00      -5.00      -5.00      -5.00      -5.00      -5.00      -5.00      -5.00      -5.00      -5.00    
       -3.49     -0.931       1.63       4.19       6.84       9.00       9.00       9.00       9.00       9.00       9.00    
        9.00       9.00       9.00       9.00       9.00       9.00       9.00       9.00       9.00       9.00       9.00    
        9.00       9.00       9.00       9.00       9.00       9.00       9.00       9.00       9.00       5.53     -1.250E-02
       -5.00      -5.00      -5.00      -5.00      -5.00      -5.00      -5.00      -5.00      -5.00      -5.00      -5.00    
       -5.00      -5.00      -5.00      -5.00      -5.00      -5.00      -5.00      -5.00      -5.00      -5.00      -5.00    
       -4.10      -2.60     -0.931       2.26       5.44       8.63       9.00       9.00       9.00       9.00       9.00    
        9.00       9.00       9.00       9.00       9.00       9.00       9.00       9.00       9.00       9.00       9.00    
        9.00       9.00       9.00       9.00       9.00       9.00       9.00       9.00       9.00       9.00       9.00    
        9.00       7.26      -2.61      -5.00      -5.00      -5.00      -5.00      -5.00      -5.00      -5.00      -5.00    
       -5.00      -5.00      -5.00      -5.00      -5.00      -5.00      -5.00      -5.00      -5.00      -5.00      -5.00    
       -5.00      -5.00      -1.22      0.344       2.13       5.88       9.63       9.00       9.00       9.00       9.00    
        9.00       9.00       9.00       9.00       9.00       9.00       9.00       9.00       9.00       9.00       9.00    
        9.00       9.00       9.00       9.00       9.00       9.00       9.00       9.00       9.00       9.00       9.00    
        9.00       9.00       9.00       9.00       1.06      -5.00      -5.00      -5.00      -5.00      -5.00      -5.00    
       -5.00      -5.00      -5.00      -5.00      -5.00      -5.00      -5.00      -5.00      -5.00      -5.00      -5.00    
       -5.00      -5.00      -5.00      -5.00       2.04       3.73       5.68       9.93       9.00       9.00       9.00    
        9.00       9.00       9.00       9.00       9.00       9.00       9.00       9.00       9.00       9.00       9.00    
        9.00       9.00       9.00       9.00       9.00       9.00       9.00       9.00       9.00       9.00       9.00    
        9.00       9.00       9.00       9.00       9.00       9.00       3.37      -5.00      -5.00      -5.00      -5.00    
       -5.00      -5.00      -5.00      -5.00      -5.00      -5.00      -5.00      -5.00      -5.00      -5.00      -5.00    
       -5.00      -5.00      -5.00      -5.00      -5.00      -5.00    

 OPENED local_run4.dis_idomain_layer1.txt
 FILE TYPE:OPEN/CLOSE   UNIT 1018   STATUS:OLD                 
 FORMAT:FORMATTED              ACCESS:SEQUENTIAL          
 ACTION:READ                


                  IDOMAIN

      1 2 3 4 5 6 7 8 9101112131415161718192021222324252627282930313233343536373839404142434445464748495051525354555657585960
     616263646566676869707172737475767778798081828384858687888990919293949596979891010101010101010101011111111111111111111120
    1212121212121212121313131313131313131314141414141414141414151515151515151515151616161616161616161617171717171717171717180
    1818181818181818181919191919191919191920202020202020202020212121212121212121212222222222222222222223232323232323232323240
    2424242424242424242525252525252525252526262626262626262626272727272727272727272828282828282828282829292929292929292929300
    3030303030303030303131313131313131313132323232323232323232333333333333333333333434343434343434343435353535353535353535360
    3636363636363636363737373737373737373738383838383838383838393939393939393939394040404040404040404041414141414141414141420
    4242424242424242424343434343434343434344444444444444444444454545454545454545454646464646464646464647474747474747474747480
    4848484848484848484949494949494949494950505050505050505050515151515151515151515252525252525252525253535353535353535353540
    5454545454545454545555555555555555555556565656565656565656575757575757575757575858585858585858585859595959595959595959600
    6060606060606060606161616161616161616162626262626262626262636363636363636363636464646464646464646465656565656565656565660
    6666666666666666666767676767676767676768686868686868686868696969696969696969697070707070707070707071717171717171717171720
    7272727272727272727373737373737373737374747474747474747474757575757575757575757676767676767676767677777777777777777777780
    7878787878787878787979797979797979797980808080808080808080818181818181818181818282828282828282828283838383838383838383840
    8484848484848484848585858585858585858586868686868686868686878787878787878787878888888888888888888889898989898989898989900
    9090909090909090909191919191919191919192929292929292929292939393939393939393939494949494949494949495959595959595959595960
    9696969696969696969797979797979797979798989898989898989898999999999999999999910101010101010101010101010101010101010101020
   10101010101010101010101010101010101010101010101010101010101010101010101010101010101010101010101010101010101010101010101080
   10101010101010101010101010101010101010111111111111111111111111111111111111111111111111111111111111111111111111111111111140
   11111111111111111111111111111111111111111111111111111111111111111111111111111111111111111111111111111111111111111111111200
   12121212121212121212121212121212121212121212121212121212121212121212121212121212121212121212121212121212121212121212121260
   12121212121212121212121212121212121212121212121212121212121212121212121212121213131313131313131313131313131313131313131320
   13131313131313131313131313131313131313131313131313131313131313131313131313131313131313131313131313131313131313131313131380
   13131313131313131313131313131313131313141414141414141414141414141414141414141414141414141414141414141414141414141414141440
   14141414141414141414141414141414141414141414141414141414141414141414141414141414141414141414141414141414141414141414141500
   15151515151515151515151515151515151515151515151515151515151515151515151515151515151515151515151515151515151515151515151560
   15151515151515151515151515151515151515151515151515151515151515151515151515151516161616161616161616161616161616161616161620
   16161616161616161616161616161616161616161616161616161616161616161616161616161616161616161616161616161616161616161616161680
   16161616161616161616161616161616161616171717171717171717171717171717171717171717171717171717171717171717171717171717171740
   17171717171717171717171717171717171717171717171717171717171717171717171717171717171717171717171717171717171717171717171800
   18181818181818181818181818181818181818181818181818181818181818181818181818181818181818181818181818181818181818181818181860
   18181818181818181818181818181818181818181818181818181818181818181818181818181819191919191919191919191919191919191919191920
   19191919191919191919191919191919191919191919191919191919191919191919191919191919191919191919191919191919191919191919191980
   19191919191919191919191919191919191919202020202020202020202020202020202020202020202020202020202020202020202020202020202040
   20202020202020202020202020202020202020202020202020202020202020202020202020202020202020202020202020202020202020202020202100
   21212121212121212121212121212121212121212121212121212121212121212121212121212121212121212121212121212121212121212121212160
   21212121212121212121212121212121212121212121212121212121212121212121212121212122222222222222222222222222222222222222222220
   22222222222222222222222222222222222222222222222222222222222222222222222222222222222222222222222222222222222222222222222280
   22222222222222222222222222222222222222232323232323232323232323232323232323232323232323232323232323232323232323232323232340
   23232323232323232323232323232323232323232323232323232323232323232323232323232323232323232323232323232323232323232323232400
   24242424242424242424242424242424242424242424242424242424242424242424242424242424242424242424242424242424242424242424242460
   24242424242424242424242424242424242424242424242424242424242424242424242424242425252525252525252525252525252525252525252520
   25252525252525252525252525252525252525252525252525252525252525252525252525252525252525252525252525252525252525252525252580
   25252525252525252525252525252525252525262626262626262626262626262626262626262626262626262626262626262626262626262626262640
   26262626262626262626262626262626262626262626262626262626262626262626262626262679
 ............................................................................................................................
   1  0 0 0 0 0 0 0 0 0 0 0 0 0 0 0 0 0 0 0 0 0 0 0 0 0 0 0 0 0 0 0 0 0 0 0 0 0 0 0 0 0 0 0 0 0 0 0 0 0 0 0 0 0 0 0 0 0 0 0 0
      0 0 0 0 0 0 0 0 0 0 0 0 0 0 0 0 0 0 0 0 0 0 0 0 1 1 1 1 1 1 1 1 1 1 1 1 1 1 1 1 0 0 0 0 0 0 0 0 0 0 0 0 0 0 0 0 0 0 0 0
      0 0 0 0 0 0 0 0 0 0 0 0 0 0 0 0 0 0 1 1 1 1 1 1 1 1 1 1 1 1 1 1 1 1 1 1 1 1 1 1 1 1 0 0 0 0 0 0 0 0 0 0 0 0 0 0 0 0 0 0
      0 0 0 0 0 0 0 0 0 0 0 0 1 1 1 1 1 1 1 1 1 1 1 1 1 1 1 1 1 1 1 1 1 1 1 1 1 1 1 1 0 0 0 0 0 0 0 0 0 0 0 0 0 0 0 0 0 0 0 0
      0 0 0 0 0 0 1 1 1 1 1 1 1 1 1 1 1 1 1 1 1 1 1 1 1 1 1 1 1 1 1 1 1 1 1 1 1 1 0 0 0 0 0 0 0 0 0 0 0 0 0 0 0 0 0 0 0 0 0 0
      0 1 1 1 1 1 1 1 1 1 1 1 1 1 1 1 1 1 1 1 1 1 1 1 1 1 1 1 1 1 1 1 1 1 1 1 1 0 0 0 0 0 0 0 0 0 0 0 0 0 0 0 0 0 0 0 0 1 1 1
      1 1 1 1 1 1 1 1 1 1 1 1 1 1 1 1 1 1 1 1 1 1 1 1 1 1 1 1 1 1 1 1 1 1 1 0 0 0 0 0 0 0 0 0 0 0 0 0 0 0 0 0 0 1 1 1 1 1 1 1
      1 1 1 1 1 1 1 1 1 1 1 1 1 1 1 1 1 1 1 1 1 1 1 1 1 1 1 1 1 1 1 1 1 0 0 0 0 0 0 0 0 0 0 0 0 0 0 0 0 1 1 1 1 1 1 1 1 1 1 1
      1 1 1 1 1 1 1 1 1 1 1 1 1 1 1 1 1 1 1 1 1 1 1 1 1 1 1 1 1 1 1 0 0 0 0 0 0 0 0 0 0 0 0 0 0 1 1 1 1 1 1 1 1 1 1 1 1 1 1 1
      1 1 1 1 1 1 1 1 1 1 1 1 1 1 1 1 1 1 1 1 1 1 1 1 1 1 1 1 0 0 0 0 0 0 0 0 0 0 0 0 0 1 1 1 1 1 1 1 1 1 1 1 1 1 1 1 1 1 1 1
      1 1 1 1 1 1 1 1 1 1 1 1 1 1 1 1 1 1 1 1 1 1 1 1 1 1 0 0 0 0 0 0 0 0 0 0 0 1 1 1 1 1 1 1 1 1 1 1 1 1 1 1 1 1 1 1 1 1 1 1
      1 1 1 1 1 1 1 1 1 1 1 1 1 1 1 1 1 1 1 1 1 1 1 0 0 0 0 0 0 0 0 0 0 1 1 1 1 1 1 1 1 1 1 1 1 1 1 1 1 1 1 1 1 1 1 1 1 1 1 1
      1 1 1 1 1 1 1 1 1 1 1 1 1 1 1 1 1 1 1 1 0 0 0 0 0 0 0 0 0 1 1 1 1 1 1 1 1 1 1 1 1 1 1 1 1 1 1 1 1 1 1 1 1 1 1 1 1 1 1 1
      1 1 1 1 1 1 1 1 1 1 1 1 1 1 1 1 1 0 0 0 0 0 0 0 0 1 1 1 1 1 1 1 1 1 1 1 1 1 1 1 1 1 1 1 1 1 1 1 1 1 1 1 1 1 1 1 1 1 1 1
      1 1 1 1 1 1 1 1 1 1 1 1 1 1 0 0 0 0 0 0 0 1 1 1 1 1 1 1 1 1 1 1 1 1 1 1 1 1 1 1 1 1 1 1 1 1 1 1 1 1 1 1 1 1 1 1 1 1 1 1
      1 1 1 1 1 1 1 1 1 1 1 0 0 0 0 0 0 1 1 1 1 1 1 1 1 1 1 1 1 1 1 1 1 1 1 1 1 1 1 1 1 1 1 1 1 1 1 1 1 1 1 1 1 1 1 1 1 1 1 1
      1 1 1 1 1 1 1 1 0 0 0 0 0 0 1 1 1 1 1 1 1 1 1 1 1 1 1 1 1 1 1 1 1 1 1 1 1 1 1 1 1 1 1 1 1 1 1 1 1 1 1 1 1 1 1 1 1 1 1 1
      1 1 1 1 1 0 0 0 0 0 1 1 1 1 1 1 1 1 1 1 1 1 1 1 1 1 1 1 1 1 1 1 1 1 1 1 1 1 1 1 1 1 1 1 1 1 1 1 1 1 1 1 1 1 1 1 1 1 1 1
      1 1 0 0 0 0 0 1 1 1 1 1 1 1 1 1 1 1 1 1 1 1 1 1 1 1 1 1 1 1 1 1 1 1 1 1 1 1 1 1 1 1 1 1 1 1 1 1 1 1 1 1 1 1 1 1 1 1 1 0
      0 0 0 1 1 1 1 1 1 1 1 1 1 1 1 1 1 1 1 1 1 1 1 1 1 1 1 1 1 1 1 1 1 1 1 1 1 1 1 1 1 1 1 1 1 1 1 1 1 1 1 1 1 1 1 1 0 0 0 0
      1 1 1 1 1 1 1 1 1 1 1 1 1 1 1 1 1 1 1 1 1 1 1 1 1 1 1 1 1 1 1 1 1 1 1 1 1 1 1 1 1 1 1 1 1 1 1 1 1 1 1 1 1 0 0 0 0 1 1 1
      1 1 1 1 1 1 1 1 1 1 1 1 1 1 1 1 1 1 1 1 1 1 1 1 1 1 1 1 1 1 1 1 1 1 1 0 0 0 0 0 0 1 1 1 1 1 1 1 1 1 0 0 0 1 1 1 1 1 1 1
      1 1 1 1 1 1 1 1 1 1 1 1 1 1 1 1 1 1 1 1 1 1 1 1 1 1 1 1 1 1 1 1 0 0 0 0 0 0 0 0 0 1 1 1 1 1 1 0 0 0 1 1 1 1 1 1 1 1 1 1
      1 1 1 1 1 1 1 1 1 1 1 1 1 1 1 1 1 1 1 1 1 1 1 1 1 1 1 1 0 0 0 0 0 0 0 0 0 0 0 0 0 1 1 0 0 0 1 1 1 1 1 1 1 1 1 1 1 1 1 1
      1 1 1 1 1 1 1 1 1 1 1 1 1 1 1 1 1 1 1 1 1 1 1 1 1 0 0 0 0 0 0 0 0 0 0 0 0 0 0 0 0 0 0 1 1 1 1 1 1 1 1 1 1 1 1 1 1 1 1 1
      1 1 1 1 1 1 1 1 1 1 1 1 1 1 1 1 1 1 1 1 1 0 0 0 0 0 0 0 0 0 0 0 0 0 0 0 0 0 0 1 1 1 1 1 1 1 1 1 1 1 1 1 1 1 1 1 1 1 1 1
      1 1 1 1 1 1 1 1 1 1 1 1 1 1 1 1 1 1 0 0 0 0 0 0 0 0 0 0 0 0 0 0 0 0 0 0 1 1 1 1 1 1 1 1 1 1 1 1 1 1 1 1 1 1 1 1 1 1 1 1
      1 1 1 1 1 1 1 1 1 1 1 1 1 1 1 0 0 0 0 0 0 0 0 0 0 0 0 0 0 0 0 0 0 1 1 1 1 1 1 1 1 1 1 1 1 1 1 1 1 1 1 1 1 1 1 1 1 1 1 1
      1 1 1 1 1 1 1 1 1 1 1 0 0 0 0 0 0 0 0 0 0 0 0 0 0 0 0 0 0 0 1 1 1 1 1 1 1 1 1 1 1 1 1 1 1 1 1 1 1 1 1 1 1 1 1 1 1 1 1 1
      1 1 1 1 1 1 1 1 0 0 0 0 0 0 0 0 0 0 0 0 0 0 0 0 0 0 0 1 1 1 1 1 1 1 1 1 1 1 1 1 1 1 1 1 1 1 1 1 1 1 1 1 1 1 1 1 1 1 1 1
      1 1 1 1 1 0 0 0 0 0 0 0 0 0 0 0 0 0 0 0 0 0 0 0 1 1 1 1 1 1 1 1 1 1 1 1 1 1 1 1 1 1 1 1 1 1 1 1 1 1 1 1 1 1 1 1 1 1 1 1
      1 0 0 0 0 0 0 0 0 0 0 0 0 0 0 0 0 0 0 0 0 1 1 1 1 1 1 1 1 1 1 1 1 1 1 1 1 1 1 1 1 1 1 1 1 1 1 1 1 1 1 1 1 1 1 1 1 1 0 0
      0 0 0 0 0 0 0 0 0 0 0 0 0 0 0 0 0 0 1 1 1 1 1 1 1 1 1 1 1 1 1 1 1 1 1 1 1 1 1 1 1 1 1 1 1 1 1 1 1 1 1 1 1 1 1 1 0 0 0 0
      0 0 0 0 0 0 0 0 0 0 0 0 0 0 0 1 1 1 1 1 1 1 1 1 1 1 1 1 1 1 1 1 1 1 1 1 1 1 1 1 1 1 1 1 1 1 1 1 1 1 1 1 1 0 0 0 0 0 0 0
      0 0 0 0 0 0 0 0 0 0 0 0 1 1 1 1 1 1 1 1 1 1 1 1 1 1 1 1 1 1 1 1 1 1 1 1 1 1 1 1 1 1 1 1 1 1 1 1 1 1 0 0 0 0 0 0 0 0 0 0
      0 0 0 0 0 0 0 0 0 1 1 1 1 1 1 1 1 1 1 1 1 1 1 1 1 1 1 1 1 1 1 1 1 1 1 1 1 1 1 1 1 1 1 1 1 1 1 0 0 0 0 0 0 0 0 0 0 0 0 0
      0 0 0 0 0 0 1 1 1 1 1 1 1 1 1 1 1 1 1 1 1 1 1 1 1 1 1 1 1 1 1 1 1 1 1 1 1 1 1 1 1 1 1 1 0 0 0 0 0 0 0 0 0 0 0 0 0 0 0 0
      0 0 0 0 1 1 1 1 1 1 1 1 1 1 1 1 1 1 1 1 1 1 1 1 1 1 1 1 1 1 1 1 1 1 1 1 1 1 1 1 1 1 0 0 0 0 0 0 0 0 0 0 0 0 0 0 0 0 0 0
      0 1 1 1 1 1 1 1 1 1 1 1 1 1 1 1 1 0 0 0 0 0 0 0 0 0 0 0 1 1 1 1 1 1 1 1 1 1 1 0 0 0 0 0 0 0 0 0 0 0 0 0 0 0 0 0 0 0 0 1
      1 1 1 1 1 1 1 1 1 0 0 0 0 0 0 0 0 0 0 0 0 0 0 0 0 0 0 1 1 1 1 1 1 1 1 1 0 0 0 0 0 0 0 0 0 0 0 0 0 0 0 0 0 0 0 0 1 1 1 1
      1 1 1 1 1 0 0 0 0 0 0 0 0 0 0 0 0 0 0 0 0 0 0 0 0 1 1 1 1 1 1 1 1 0 0 0 0 0 0 0 0 0 0 0 0 0 0 0 0 0 0 0 0 0 1 1 1 1 1 1
      0 0 0 0 0 0 0 0 0 0 0 0 0 0 0 0 0 0 0 0 0 0 0 1 1 1 1 1 1 1 0 0 0 0 0 0 0 0 0 0 0 0 0 0 0 0 0 0 0 0 0 1 1 1 1 1 0 0 0 0
      0 0 0 0 0 0 0 0 0 0 0 0 0 0 0 0 0 0 0 0 0 1 1 1 1 1 1 0 0 0 0 0 0 0 0 0 0 0 0 0 0 0 0 0 0 0 0 0 0 1 1 1 0 0 0 0 0 0 0 0
      0 0 0 0 0 0 0 0 0 0 0 0 0 0 0 0 0 0 0 1 1 1 1 1 0 0 0 0 0 0 0 0 0 0 0 0 0 0 0 0 0 0 0 0 0 0 1 0 0 0 0 0 0 0 0 0 0 0 0 0
      0 0 0 0 0 0 0 0 0 0 0 0 0 0 0 0 0 1 1 0 0 0 0 0 0 0 0 0 0 0 0 0 0 0 0 0 0 0 0
 END PROCESSING GRIDDATA

 THE SPECIFIED IDOMAIN RESULTS IN A REDUCED NUMBER OF CELLS.
 NUMBER OF USER NODES: 2679
 NUMBER OF NODES IN SOLUTION: 1697



 NPF -- NODE PROPERTY FLOW PACKAGE, VERSION 1, 3/30/2015 INPUT READ FROM UNIT 1007


 # File generated by Flopy version 3.9.3 on 10/28/2025 at 17:33:44.
 PROCESSING NPF OPTIONS
    SPECIFIC DISCHARGE WILL BE CALCULATED AT CELL CENTERS AND WRITTEN TO DATA-SPDIS IN BUDGET FILE WHEN REQUESTED.
 END OF NPF OPTIONS

 GHB   -- GHB PACKAGE, VERSION 8, 2/22/2014 INPUT READ FROM UNIT 1010
 # File generated by Flopy version 3.9.3 on 10/28/2025 at 17:33:44.

 PROCESSING GHB OPTIONS
    FLOWS WILL BE SAVED TO BUDGET FILE SPECIFIED IN OUTPUT CONTROL
    TIME-SERIES DATA WILL BE READ FROM FILE: local_run4.ghb_aw_heads.ts
 # File generated by Flopy version 3.9.3 on 10/28/2025 at 17:33:44.

 OPENED local_run4.ghb_aw_heads.csv
 FILE TYPE:OPEN/CLOSE   UNIT 1020   STATUS:OLD                 
 FORMAT:FORMATTED              ACCESS:SEQUENTIAL          
 ACTION:READ                

 END OF GHB OPTIONS

 PROCESSING GHB DIMENSIONS
    MAXBOUND =     352
 END OF GHB DIMENSIONS

 GHB   -- GHB PACKAGE, VERSION 8, 2/22/2014 INPUT READ FROM UNIT 1011
 # File generated by Flopy version 3.9.3 on 10/28/2025 at 17:33:44.

 PROCESSING GHB OPTIONS
    FLOWS WILL BE SAVED TO BUDGET FILE SPECIFIED IN OUTPUT CONTROL
    TIME-SERIES DATA WILL BE READ FROM FILE: local_run4.ghb_conf_heads.ts
 # File generated by Flopy version 3.9.3 on 10/28/2025 at 17:33:44.

 OPENED local_run4.ghb_conf_heads.csv
 FILE TYPE:OPEN/CLOSE   UNIT 1022   STATUS:OLD                 
 FORMAT:FORMATTED              ACCESS:SEQUENTIAL          
 ACTION:READ                

 END OF GHB OPTIONS

 PROCESSING GHB DIMENSIONS
    MAXBOUND =    1536
 END OF GHB DIMENSIONS

 GHB   -- GHB PACKAGE, VERSION 8, 2/22/2014 INPUT READ FROM UNIT 1012
 # File generated by Flopy version 3.9.3 on 10/28/2025 at 17:33:44.

 PROCESSING GHB OPTIONS
    FLOWS WILL BE SAVED TO BUDGET FILE SPECIFIED IN OUTPUT CONTROL
    TIME-SERIES DATA WILL BE READ FROM FILE: local_run4.ghb_pw_heads.ts
 # File generated by Flopy version 3.9.3 on 10/28/2025 at 17:33:44.

 OPENED local_run4.ghb_pw_heads.csv
 FILE TYPE:OPEN/CLOSE   UNIT 1024   STATUS:OLD                 
 FORMAT:FORMATTED              ACCESS:SEQUENTIAL          
 ACTION:READ                

 END OF GHB OPTIONS

 PROCESSING GHB DIMENSIONS
    MAXBOUND =      25
 END OF GHB DIMENSIONS

 GHB   -- GHB PACKAGE, VERSION 8, 2/22/2014 INPUT READ FROM UNIT 1013
 # File generated by Flopy version 3.9.3 on 10/28/2025 at 17:33:44.

 PROCESSING GHB OPTIONS
    FLOWS WILL BE SAVED TO BUDGET FILE SPECIFIED IN OUTPUT CONTROL
    TIME-SERIES DATA WILL BE READ FROM FILE: local_run4.ghb_spring_heads.ts
 # File generated by Flopy version 3.9.3 on 10/28/2025 at 17:33:44.

 OPENED local_run4.ghb_spring_heads.csv
 FILE TYPE:OPEN/CLOSE   UNIT 1026   STATUS:OLD                 
 FORMAT:FORMATTED              ACCESS:SEQUENTIAL          
 ACTION:READ                

 END OF GHB OPTIONS

 PROCESSING GHB DIMENSIONS
    MAXBOUND =      12
 END OF GHB DIMENSIONS

 RCH   -- RCH PACKAGE, VERSION 8, 2/22/2014 INPUT READ FROM UNIT 1009
 # File generated by Flopy version 3.9.3 on 10/28/2025 at 17:33:44.

 PROCESSING RCH OPTIONS
    RECHARGE INPUT WILL BE READ AS ARRAY(S).
    FLOWS WILL BE SAVED TO BUDGET FILE SPECIFIED IN OUTPUT CONTROL
 END OF RCHA OPTIONS

 IC -- INITIAL CONDITIONS PACKAGE, VERSION 8, 3/28/2015 INPUT READ FROM UNIT 1008
 # File generated by Flopy version 3.9.3 on 10/28/2025 at 17:33:44.
 PROCESSING IC OPTIONS
 END OF IC OPTIONS
 PROCESSING GRIDDATA
 END PROCESSING GRIDDATA
 PROCESSING GRIDDATA

                ICELLTYPE = 0

 OPENED local_run4.npf_k_layer1.txt
 FILE TYPE:OPEN/CLOSE   UNIT 1027   STATUS:OLD                 
 FORMAT:FORMATTED              ACCESS:SEQUENTIAL          
 ACTION:READ                


                        K

               1          2          3          4          5          6          7          8          9         10         11
              12         13         14         15         16         17         18         19         20         21         22
              23         24         25         26         27         28         29         30         31         32         33
              34         35         36         37         38         39         40         41         42         43         44
              45         46         47         48         49         50         51         52         53         54         55
              56         57         58         59         60         61         62         63         64         65         66
              67         68         69         70         71         72         73         74         75         76         77
              78         79         80         81         82         83         84         85         86         87         88
              89         90         91         92         93         94         95         96         97         98         99
             100        101        102        103        104        105        106        107        108        109        110
             111        112        113        114        115        116        117        118        119        120        121
             122        123        124        125        126        127        128        129        130        131        132
             133        134        135        136        137        138        139        140        141        142        143
             144        145        146        147        148        149        150        151        152        153        154
             155        156        157        158        159        160        161        162        163        164        165
             166        167        168        169        170        171        172        173        174        175        176
             177        178        179        180        181        182        183        184        185        186        187
             188        189        190        191        192        193        194        195        196        197        198
             199        200        201        202        203        204        205        206        207        208        209
             210        211        212        213        214        215        216        217        218        219        220
             221        222        223        224        225        226        227        228        229        230        231
             232        233        234        235        236        237        238        239        240        241        242
             243        244        245        246        247        248        249        250        251        252        253
             254        255        256        257        258        259        260        261        262        263        264
             265        266        267        268        269        270        271        272        273        274        275
             276        277        278        279        280        281        282        283        284        285        286
             287        288        289        290        291        292        293        294        295        296        297
             298        299        300        301        302        303        304        305        306        307        308
             309        310        311        312        313        314        315        316        317        318        319
             320        321        322        323        324        325        326        327        328        329        330
             331        332        333        334        335        336        337        338        339        340        341
             342        343        344        345        346        347        348        349        350        351        352
             353        354        355        356        357        358        359        360        361        362        363
             364        365        366        367        368        369        370        371        372        373        374
             375        376        377        378        379        380        381        382        383        384        385
             386        387        388        389        390        391        392        393        394        395        396
             397        398        399        400        401        402        403        404        405        406        407
             408        409        410        411        412        413        414        415        416        417        418
             419        420        421        422        423        424        425        426        427        428        429
             430        431        432        433        434        435        436        437        438        439        440
             441        442        443        444        445        446        447        448        449        450        451
             452        453        454        455        456        457        458        459        460        461        462
             463        464        465        466        467        468        469        470        471        472        473
             474        475        476        477        478        479        480        481        482        483        484
             485        486        487        488        489        490        491        492        493        494        495
             496        497        498        499        500        501        502        503        504        505        506
             507        508        509        510        511        512        513        514        515        516        517
             518        519        520        521        522        523        524        525        526        527        528
             529        530        531        532        533        534        535        536        537        538        539
             540        541        542        543        544        545        546        547        548        549        550
             551        552        553        554        555        556        557        558        559        560        561
             562        563        564        565        566        567        568        569        570        571        572
             573        574        575        576        577        578        579        580        581        582        583
             584        585        586        587        588        589        590        591        592        593        594
             595        596        597        598        599        600        601        602        603        604        605
             606        607        608        609        610        611        612        613        614        615        616
             617        618        619        620        621        622        623        624        625        626        627
             628        629        630        631        632        633        634        635        636        637        638
             639        640        641        642        643        644        645        646        647        648        649
             650        651        652        653        654        655        656        657        658        659        660
             661        662        663        664        665        666        667        668        669        670        671
             672        673        674        675        676        677        678        679        680        681        682
             683        684        685        686        687        688        689        690        691        692        693
             694        695        696        697        698        699        700        701        702        703        704
             705        706        707        708        709        710        711        712        713        714        715
             716        717        718        719        720        721        722        723        724        725        726
             727        728        729        730        731        732        733        734        735        736        737
             738        739        740        741        742        743        744        745        746        747        748
             749        750        751        752        753        754        755        756        757        758        759
             760        761        762        763        764        765        766        767        768        769        770
             771        772        773        774        775        776        777        778        779        780        781
             782        783        784        785        786        787        788        789        790        791        792
             793        794        795        796        797        798        799        800        801        802        803
             804        805        806        807        808        809        810        811        812        813        814
             815        816        817        818        819        820        821        822        823        824        825
             826        827        828        829        830        831        832        833        834        835        836
             837        838        839        840        841        842        843        844        845        846        847
             848        849        850        851        852        853        854        855        856        857        858
             859        860        861        862        863        864        865        866        867        868        869
             870        871        872        873        874        875        876        877        878        879        880
             881        882        883        884        885        886        887        888        889        890        891
             892        893        894        895        896        897        898        899        900        901        902
             903        904        905        906        907        908        909        910        911        912        913
             914        915        916        917        918        919        920        921        922        923        924
             925        926        927        928        929        930        931        932        933        934        935
             936        937        938        939        940        941        942        943        944        945        946
             947        948        949        950        951        952        953        954        955        956        957
             958        959        960        961        962        963        964        965        966        967        968
             969        970        971        972        973        974        975        976        977        978        979
             980        981        982        983        984        985        986        987        988        989        990
             991        992        993        994        995        996        997        998        999       1000       1001
            1002       1003       1004       1005       1006       1007       1008       1009       1010       1011       1012
            1013       1014       1015       1016       1017       1018       1019       1020       1021       1022       1023
            1024       1025       1026       1027       1028       1029       1030       1031       1032       1033       1034
            1035       1036       1037       1038       1039       1040       1041       1042       1043       1044       1045
            1046       1047       1048       1049       1050       1051       1052       1053       1054       1055       1056
            1057       1058       1059       1060       1061       1062       1063       1064       1065       1066       1067
            1068       1069       1070       1071       1072       1073       1074       1075       1076       1077       1078
            1079       1080       1081       1082       1083       1084       1085       1086       1087       1088       1089
            1090       1091       1092       1093       1094       1095       1096       1097       1098       1099       1100
            1101       1102       1103       1104       1105       1106       1107       1108       1109       1110       1111
            1112       1113       1114       1115       1116       1117       1118       1119       1120       1121       1122
            1123       1124       1125       1126       1127       1128       1129       1130       1131       1132       1133
            1134       1135       1136       1137       1138       1139       1140       1141       1142       1143       1144
            1145       1146       1147       1148       1149       1150       1151       1152       1153       1154       1155
            1156       1157       1158       1159       1160       1161       1162       1163       1164       1165       1166
            1167       1168       1169       1170       1171       1172       1173       1174       1175       1176       1177
            1178       1179       1180       1181       1182       1183       1184       1185       1186       1187       1188
            1189       1190       1191       1192       1193       1194       1195       1196       1197       1198       1199
            1200       1201       1202       1203       1204       1205       1206       1207       1208       1209       1210
            1211       1212       1213       1214       1215       1216       1217       1218       1219       1220       1221
            1222       1223       1224       1225       1226       1227       1228       1229       1230       1231       1232
            1233       1234       1235       1236       1237       1238       1239       1240       1241       1242       1243
            1244       1245       1246       1247       1248       1249       1250       1251       1252       1253       1254
            1255       1256       1257       1258       1259       1260       1261       1262       1263       1264       1265
            1266       1267       1268       1269       1270       1271       1272       1273       1274       1275       1276
            1277       1278       1279       1280       1281       1282       1283       1284       1285       1286       1287
            1288       1289       1290       1291       1292       1293       1294       1295       1296       1297       1298
            1299       1300       1301       1302       1303       1304       1305       1306       1307       1308       1309
            1310       1311       1312       1313       1314       1315       1316       1317       1318       1319       1320
            1321       1322       1323       1324       1325       1326       1327       1328       1329       1330       1331
            1332       1333       1334       1335       1336       1337       1338       1339       1340       1341       1342
            1343       1344       1345       1346       1347       1348       1349       1350       1351       1352       1353
            1354       1355       1356       1357       1358       1359       1360       1361       1362       1363       1364
            1365       1366       1367       1368       1369       1370       1371       1372       1373       1374       1375
            1376       1377       1378       1379       1380       1381       1382       1383       1384       1385       1386
            1387       1388       1389       1390       1391       1392       1393       1394       1395       1396       1397
            1398       1399       1400       1401       1402       1403       1404       1405       1406       1407       1408
            1409       1410       1411       1412       1413       1414       1415       1416       1417       1418       1419
            1420       1421       1422       1423       1424       1425       1426       1427       1428       1429       1430
            1431       1432       1433       1434       1435       1436       1437       1438       1439       1440       1441
            1442       1443       1444       1445       1446       1447       1448       1449       1450       1451       1452
            1453       1454       1455       1456       1457       1458       1459       1460       1461       1462       1463
            1464       1465       1466       1467       1468       1469       1470       1471       1472       1473       1474
            1475       1476       1477       1478       1479       1480       1481       1482       1483       1484       1485
            1486       1487       1488       1489       1490       1491       1492       1493       1494       1495       1496
            1497       1498       1499       1500       1501       1502       1503       1504       1505       1506       1507
            1508       1509       1510       1511       1512       1513       1514       1515       1516       1517       1518
            1519       1520       1521       1522       1523       1524       1525       1526       1527       1528       1529
            1530       1531       1532       1533       1534       1535       1536       1537       1538       1539       1540
            1541       1542       1543       1544       1545       1546       1547       1548       1549       1550       1551
            1552       1553       1554       1555       1556       1557       1558       1559       1560       1561       1562
            1563       1564       1565       1566       1567       1568       1569       1570       1571       1572       1573
            1574       1575       1576       1577       1578       1579       1580       1581       1582       1583       1584
            1585       1586       1587       1588       1589       1590       1591       1592       1593       1594       1595
            1596       1597       1598       1599       1600       1601       1602       1603       1604       1605       1606
            1607       1608       1609       1610       1611       1612       1613       1614       1615       1616       1617
            1618       1619       1620       1621       1622       1623       1624       1625       1626       1627       1628
            1629       1630       1631       1632       1633       1634       1635       1636       1637       1638       1639
            1640       1641       1642       1643       1644       1645       1646       1647       1648       1649       1650
            1651       1652       1653       1654       1655       1656       1657       1658       1659       1660       1661
            1662       1663       1664       1665       1666       1667       1668       1669       1670       1671       1672
            1673       1674       1675       1676       1677       1678       1679       1680       1681       1682       1683
            1684       1685       1686       1687       1688       1689       1690       1691       1692       1693       1694
            1695       1696       1697       1698       1699       1700       1701       1702       1703       1704       1705
            1706       1707       1708       1709       1710       1711       1712       1713       1714       1715       1716
            1717       1718       1719       1720       1721       1722       1723       1724       1725       1726       1727
            1728       1729       1730       1731       1732       1733       1734       1735       1736       1737       1738
            1739       1740       1741       1742       1743       1744       1745       1746       1747       1748       1749
            1750       1751       1752       1753       1754       1755       1756       1757       1758       1759       1760
            1761       1762       1763       1764       1765       1766       1767       1768       1769       1770       1771
            1772       1773       1774       1775       1776       1777       1778       1779       1780       1781       1782
            1783       1784       1785       1786       1787       1788       1789       1790       1791       1792       1793
            1794       1795       1796       1797       1798       1799       1800       1801       1802       1803       1804
            1805       1806       1807       1808       1809       1810       1811       1812       1813       1814       1815
            1816       1817       1818       1819       1820       1821       1822       1823       1824       1825       1826
            1827       1828       1829       1830       1831       1832       1833       1834       1835       1836       1837
            1838       1839       1840       1841       1842       1843       1844       1845       1846       1847       1848
            1849       1850       1851       1852       1853       1854       1855       1856       1857       1858       1859
            1860       1861       1862       1863       1864       1865       1866       1867       1868       1869       1870
            1871       1872       1873       1874       1875       1876       1877       1878       1879       1880       1881
            1882       1883       1884       1885       1886       1887       1888       1889       1890       1891       1892
            1893       1894       1895       1896       1897       1898       1899       1900       1901       1902       1903
            1904       1905       1906       1907       1908       1909       1910       1911       1912       1913       1914
            1915       1916       1917       1918       1919       1920       1921       1922       1923       1924       1925
            1926       1927       1928       1929       1930       1931       1932       1933       1934       1935       1936
            1937       1938       1939       1940       1941       1942       1943       1944       1945       1946       1947
            1948       1949       1950       1951       1952       1953       1954       1955       1956       1957       1958
            1959       1960       1961       1962       1963       1964       1965       1966       1967       1968       1969
            1970       1971       1972       1973       1974       1975       1976       1977       1978       1979       1980
            1981       1982       1983       1984       1985       1986       1987       1988       1989       1990       1991
            1992       1993       1994       1995       1996       1997       1998       1999       2000       2001       2002
            2003       2004       2005       2006       2007       2008       2009       2010       2011       2012       2013
            2014       2015       2016       2017       2018       2019       2020       2021       2022       2023       2024
            2025       2026       2027       2028       2029       2030       2031       2032       2033       2034       2035
            2036       2037       2038       2039       2040       2041       2042       2043       2044       2045       2046
            2047       2048       2049       2050       2051       2052       2053       2054       2055       2056       2057
            2058       2059       2060       2061       2062       2063       2064       2065       2066       2067       2068
            2069       2070       2071       2072       2073       2074       2075       2076       2077       2078       2079
            2080       2081       2082       2083       2084       2085       2086       2087       2088       2089       2090
            2091       2092       2093       2094       2095       2096       2097       2098       2099       2100       2101
            2102       2103       2104       2105       2106       2107       2108       2109       2110       2111       2112
            2113       2114       2115       2116       2117       2118       2119       2120       2121       2122       2123
            2124       2125       2126       2127       2128       2129       2130       2131       2132       2133       2134
            2135       2136       2137       2138       2139       2140       2141       2142       2143       2144       2145
            2146       2147       2148       2149       2150       2151       2152       2153       2154       2155       2156
            2157       2158       2159       2160       2161       2162       2163       2164       2165       2166       2167
            2168       2169       2170       2171       2172       2173       2174       2175       2176       2177       2178
            2179       2180       2181       2182       2183       2184       2185       2186       2187       2188       2189
            2190       2191       2192       2193       2194       2195       2196       2197       2198       2199       2200
            2201       2202       2203       2204       2205       2206       2207       2208       2209       2210       2211
            2212       2213       2214       2215       2216       2217       2218       2219       2220       2221       2222
            2223       2224       2225       2226       2227       2228       2229       2230       2231       2232       2233
            2234       2235       2236       2237       2238       2239       2240       2241       2242       2243       2244
            2245       2246       2247       2248       2249       2250       2251       2252       2253       2254       2255
            2256       2257       2258       2259       2260       2261       2262       2263       2264       2265       2266
            2267       2268       2269       2270       2271       2272       2273       2274       2275       2276       2277
            2278       2279       2280       2281       2282       2283       2284       2285       2286       2287       2288
            2289       2290       2291       2292       2293       2294       2295       2296       2297       2298       2299
            2300       2301       2302       2303       2304       2305       2306       2307       2308       2309       2310
            2311       2312       2313       2314       2315       2316       2317       2318       2319       2320       2321
            2322       2323       2324       2325       2326       2327       2328       2329       2330       2331       2332
            2333       2334       2335       2336       2337       2338       2339       2340       2341       2342       2343
            2344       2345       2346       2347       2348       2349       2350       2351       2352       2353       2354
            2355       2356       2357       2358       2359       2360       2361       2362       2363       2364       2365
            2366       2367       2368       2369       2370       2371       2372       2373       2374       2375       2376
            2377       2378       2379       2380       2381       2382       2383       2384       2385       2386       2387
            2388       2389       2390       2391       2392       2393       2394       2395       2396       2397       2398
            2399       2400       2401       2402       2403       2404       2405       2406       2407       2408       2409
            2410       2411       2412       2413       2414       2415       2416       2417       2418       2419       2420
            2421       2422       2423       2424       2425       2426       2427       2428       2429       2430       2431
            2432       2433       2434       2435       2436       2437       2438       2439       2440       2441       2442
            2443       2444       2445       2446       2447       2448       2449       2450       2451       2452       2453
            2454       2455       2456       2457       2458       2459       2460       2461       2462       2463       2464
            2465       2466       2467       2468       2469       2470       2471       2472       2473       2474       2475
            2476       2477       2478       2479       2480       2481       2482       2483       2484       2485       2486
            2487       2488       2489       2490       2491       2492       2493       2494       2495       2496       2497
            2498       2499       2500       2501       2502       2503       2504       2505       2506       2507       2508
            2509       2510       2511       2512       2513       2514       2515       2516       2517       2518       2519
            2520       2521       2522       2523       2524       2525       2526       2527       2528       2529       2530
            2531       2532       2533       2534       2535       2536       2537       2538       2539       2540       2541
            2542       2543       2544       2545       2546       2547       2548       2549       2550       2551       2552
            2553       2554       2555       2556       2557       2558       2559       2560       2561       2562       2563
            2564       2565       2566       2567       2568       2569       2570       2571       2572       2573       2574
            2575       2576       2577       2578       2579       2580       2581       2582       2583       2584       2585
            2586       2587       2588       2589       2590       2591       2592       2593       2594       2595       2596
            2597       2598       2599       2600       2601       2602       2603       2604       2605       2606       2607
            2608       2609       2610       2611       2612       2613       2614       2615       2616       2617       2618
            2619       2620       2621       2622       2623       2624       2625       2626       2627       2628       2629
            2630       2631       2632       2633       2634       2635       2636       2637       2638       2639       2640
            2641       2642       2643       2644       2645       2646       2647       2648       2649       2650       2651
            2652       2653       2654       2655       2656       2657       2658       2659       2660       2661       2662
            2663       2664       2665       2666       2667       2668       2669       2670       2671       2672       2673
            2674       2675       2676       2677       2678       2679
 .............................................................................................................................
   1   1.000E+03  1.000E+03  1.000E+03  1.000E+03  1.000E+03  1.000E+03  1.000E+03  1.000E+03  1.000E+03  1.000E+03  1.000E+03
       1.000E+03  1.000E+03  1.000E+03  1.000E+03  1.000E+03  1.000E+03  1.000E+03  1.000E+03  1.000E+03  1.000E+03  1.000E+03
       1.000E+03  1.000E+03  1.000E+03  1.000E+03  1.000E+03  1.000E+03  1.000E+03  1.000E+03  1.000E+03  1.000E+03  1.000E+03
       1.000E+03  1.000E+03  1.000E+03  1.000E+03  1.000E+03  1.000E+03  1.000E+03  1.000E+03  1.000E+03  1.000E+03  1.000E+03
       1.000E+03  1.000E+03  1.000E+03  1.000E+03  1.000E+03  1.000E+03  1.000E+03  1.000E+03  1.000E+03  1.000E+03  1.000E+03
       1.000E+03  1.000E+03  1.000E+03  1.000E+03  1.000E+03  1.000E+03  1.000E+03  1.000E+03  1.000E+03  1.000E+03  1.000E+03
       1.000E+03  1.000E+03  1.000E+03  1.000E+03  1.000E+03  1.000E+03  1.000E+03  1.000E+03  1.000E+03  1.000E+03  1.000E+03
       1.000E+03  1.000E+03  1.000E+03  1.000E+03  1.000E+03  1.000E+03  1.000E+03  1.000E+03  1.000E+03  1.000E+03  1.000E+03
       1.000E+03  1.000E+03  1.000E+03  1.000E+03  1.000E+03  1.000E+03  1.000E+03  1.000E+03  1.000E+03  1.000E+03  1.000E+03
       1.000E+03  1.000E+03  1.000E+03  1.000E+03  1.000E+03  1.000E+03  1.000E+03  1.000E+03  1.000E+03  1.000E+03  1.000E+03
       1.000E+03  1.000E+03  1.000E+03  1.000E+03  1.000E+03  1.000E+03  1.000E+03  1.000E+03  1.000E+03  1.000E+03  1.000E+03
       1.000E+03  1.000E+03  1.000E+03  1.000E+03  1.000E+03  1.000E+03  1.000E+03  1.000E+03  1.000E+03  1.000E+03  1.000E+03
       1.000E+03  1.000E+03  1.000E+03  1.000E+03  1.000E+03  1.000E+03  1.000E+03  1.000E+03  1.000E+03  1.000E+03  1.000E+03
       1.000E+03  1.000E+03  1.000E+03  1.000E+03  1.000E+03  1.000E+03  1.000E+03  1.000E+03  1.000E+03  1.000E+03  1.000E+03
       1.000E+03  1.000E+03  1.000E+03  1.000E+03  1.000E+03  1.000E+03  1.000E+03  1.000E+03  1.000E+03  1.000E+03  1.000E+03
       1.000E+03  1.000E+03  1.000E+03  1.000E+03  1.000E+03  1.000E+03  1.000E+03  1.000E+03  1.000E+03  1.000E+03  1.000E+03
       1.000E+03  1.000E+03  1.000E+03  1.000E+03  1.000E+03  1.000E+03  1.000E+03  1.000E+03  1.000E+03  1.000E+03  1.000E+03
       1.000E+03  1.000E+03  1.000E+03  1.000E+03  1.000E+03  1.000E+03  1.000E+03  1.000E+03  1.000E+03  1.000E+03  1.000E+03
       1.000E+03  1.000E+03  1.000E+03  1.000E+03  1.000E+03  1.000E+03  1.000E+03  1.000E+03  1.000E+03  1.000E+03  1.000E+03
       1.000E+03  1.000E+03  1.000E+03  1.000E+03  1.000E+03  1.000E+03  1.000E+03  1.000E+03  1.000E+03  1.000E+03  1.000E+03
       1.000E+03  1.000E+03  1.000E+03  1.000E+03  1.000E+03  1.000E+03  1.000E+03  1.000E+03  1.000E+03  1.000E+03  1.000E+03
       1.000E+03  1.000E+03  1.000E+03  1.000E+03  1.000E+03  1.000E+03  1.000E+03  1.000E+03  1.000E+03  1.000E+03  1.000E+03
       1.000E+03  1.000E+03  1.000E+03  1.000E+03  1.000E+03  1.000E+03  1.000E+03  1.000E+03  1.000E+03  1.000E+03  1.000E+03
       1.000E+03  1.000E+03  1.000E+03  1.000E+03  1.000E+03  1.000E+03  1.000E+03  1.000E+03  1.000E+03  1.000E+03  1.000E+03
       1.000E+03  1.000E+03  1.000E+03  1.000E+03  1.000E+03  1.000E+03  1.000E+03  1.000E+03  1.000E+03  1.000E+03  1.000E+03
       1.000E+03  1.000E+03  1.000E+03  1.000E+03  1.000E+03  1.000E+03  1.000E+03  1.000E+03  1.000E+03  1.000E+03  1.000E+03
       1.000E+03  1.000E+03  1.000E+03  1.000E+03  1.000E+03  1.000E+03  1.000E+03  1.000E+03  1.000E+03  1.000E+03  1.000E+03
       1.000E+03  1.000E+03  1.000E+03  1.000E+03  1.000E+03  1.000E+03  1.000E+03  1.000E+03  1.000E+03  1.000E+03  1.000E+03
       1.000E+03  1.000E+03  1.000E+03  1.000E+03  1.000E+03  1.000E+03  1.000E+03  1.000E+03  1.000E+03  1.000E+03  1.000E+03
       1.000E+03  1.000E+03  1.000E+03  1.000E+03  1.000E+03  1.000E+03  1.000E+03  1.000E+03  1.000E+03  1.000E+03  1.000E+03
       1.000E+03  1.000E+03  1.000E+03  1.000E+03  1.000E+03  1.000E+03  1.000E+03  1.000E+03  1.000E+03  1.000E+03  1.000E+03
       1.000E+03  1.000E+03  1.000E+03  1.000E+03  1.000E+03  1.000E+03  1.000E+03  1.000E+03  1.000E+03  1.000E+03  1.000E+03
       1.000E+03  1.000E+03  1.000E+03  1.000E+03  1.000E+03  1.000E+03  1.000E+03  1.000E+03  1.000E+03  1.000E+03  1.000E+03
       1.000E+03  1.000E+03  1.000E+03  1.000E+03  1.000E+03  1.000E+03  1.000E+03  1.000E+03  1.000E+03  1.000E+03  1.000E+03
       1.000E+03  1.000E+03  1.000E+03  1.000E+03  1.000E+03  1.000E+03  1.000E+03  1.000E+03  1.000E+03  1.000E+03  1.000E+03
       1.000E+03  1.000E+03  1.000E+03  1.000E+03  1.000E+03  1.000E+03  1.000E+03  1.000E+03  1.000E+03  1.000E+03  1.000E+03
       1.000E+03  1.000E+03  1.000E+03  1.000E+03  1.000E+03  1.000E+03  1.000E+03  1.000E+03  1.000E+03  1.000E+03  1.000E+03
       1.000E+03  1.000E+03  1.000E+03  1.000E+03  1.000E+03  1.000E+03  1.000E+03  1.000E+03  1.000E+03  1.000E+03  1.000E+03
       1.000E+03  1.000E+03  1.000E+03  1.000E+03  1.000E+03  1.000E+03  1.000E+03  1.000E+03  1.000E+03  1.000E+03  1.000E+03
       1.000E+03  1.000E+03  1.000E+03  1.000E+03  1.000E+03  1.000E+03  1.000E+03  1.000E+03  1.000E+03  1.000E+03  1.000E+03
       1.000E+03  1.000E+03  1.000E+03  1.000E+03  1.000E+03  1.000E+03  1.000E+03  1.000E+03  1.000E+03  1.000E+03  1.000E+03
       1.000E+03  1.000E+03  1.000E+03  1.000E+03  1.000E+03  1.000E+03  1.000E+03  1.000E+03  1.000E+03  1.000E+03  1.000E+03
       1.000E+03  1.000E+03  1.000E+03  1.000E+03  1.000E+03  1.000E+03  1.000E+03  1.000E+03  1.000E+03  1.000E+03  1.000E+03
       1.000E+03  1.000E+03  1.000E+03  1.000E+03  1.000E+03  1.000E+03  1.000E+03  1.000E+03  1.000E+03  1.000E+03  1.000E+03
       1.000E+03  1.000E+03  1.000E+03  1.000E+03  1.000E+03  1.000E+03  1.000E+03  1.000E+03  1.000E+03  1.000E+03  1.000E+03
       1.000E+03  1.000E+03  1.000E+03  1.000E+03  1.000E+03  1.000E+03  1.000E+03  1.000E+03  1.000E+03  1.000E+03  1.000E+03
       1.000E+03  1.000E+03  1.000E+03  1.000E+03  1.000E+03  1.000E+03  1.000E+03  1.000E+03  1.000E+03  1.000E+03  1.000E+03
       1.000E+03  1.000E+03  1.000E+03  1.000E+03  1.000E+03  1.000E+03  1.000E+03  1.000E+03  1.000E+03  1.000E+03  1.000E+03
       1.000E+03  1.000E+03  1.000E+03  1.000E+03  1.000E+03  1.000E+03  1.000E+03  1.000E+03  1.000E+03  1.000E+03  1.000E+03
       1.000E+03  1.000E+03  1.000E+03  1.000E+03  1.000E+03  1.000E+03  1.000E+03  1.000E+03  1.000E+03  1.000E+03  1.000E+03
       1.000E+03  1.000E+03  1.000E+03  1.000E+03  1.000E+03  1.000E+03  1.000E+03  1.000E+03  1.000E+03  1.000E+03  1.000E+03
       1.000E+03  1.000E+03  1.000E+03  1.000E+03  1.000E+03  1.000E+03  1.000E+03  1.000E+03  1.000E+03  1.000E+03  1.000E+03
       1.000E+03  1.000E+03  1.000E+03  1.000E+03  1.000E+03  1.000E+03  1.000E+03  1.000E+03  1.000E+03  1.000E+03  1.000E+03
       1.000E+03  1.000E+03  1.000E+03  1.000E+03  1.000E+03  1.000E+03  1.000E+03  1.000E+03  1.000E+03  1.000E+03  1.000E+03
       1.000E+03  1.000E+03  1.000E+03  1.000E+03  1.000E+03  1.000E+03  1.000E+03  1.000E+03  1.000E+03  1.000E+03  1.000E+03
       1.000E+03  1.000E+03  1.000E+03  1.000E+03  1.000E+03  1.000E+03  1.000E+03  1.000E+03  1.000E+03  1.000E+03  1.000E+03
       1.000E+03  1.000E+03  1.000E+03  1.000E+03  1.000E+03  1.000E+03  1.000E+03  1.000E+03  1.000E+03  1.000E+03  1.000E+03
       1.000E+03  1.000E+03  1.000E+03  1.000E+03  1.000E+03  1.000E+03  1.000E+03  1.000E+03  1.000E+03  1.000E+03  1.000E+03
       1.000E+03  1.000E+03  1.000E+03  1.000E+03  1.000E+03  1.000E+03  1.000E+03  1.000E+03  1.000E+03  1.000E+03  1.000E+03
       1.000E+03  1.000E+03  1.000E+03  1.000E+03  1.000E+03  1.000E+03  1.000E+03  1.000E+03  1.000E+03  1.000E+03  1.000E+03
       1.000E+03  1.000E+03  1.000E+03  1.000E+03  1.000E+03  1.000E+03  1.000E+03  1.000E+03  1.000E+03  1.000E+03  1.000E+03
       1.000E+03  1.000E+03  1.000E+03  1.000E+03  1.000E+03  1.000E+03  1.000E+03  1.000E+03  1.000E+03  1.000E+03  1.000E+03
       1.000E+03  1.000E+03  1.000E+03  1.000E+03  1.000E+03  1.000E+03  1.000E+03  1.000E+03  1.000E+03  1.000E+03  1.000E+03
       1.000E+03  1.000E+03  1.000E+03  1.000E+03  1.000E+03  1.000E+03  1.000E+03  1.000E+03  1.000E+03  1.000E+03  1.000E+03
       1.000E+03  1.000E+03  1.000E+03  1.000E+03  1.000E+03  1.000E+03  1.000E+03  1.000E+03  1.000E+03  1.000E+03  1.000E+03
       1.000E+03  1.000E+03  1.000E+03  1.000E+03  1.000E+03  1.000E+03  1.000E+03  1.000E+03  1.000E+03  1.000E+03  1.000E+03
       1.000E+03  1.000E+03  1.000E+03  1.000E+03  1.000E+03  1.000E+03  1.000E+03  1.000E+03  1.000E+03  1.000E+03  1.000E+03
       1.000E+03  1.000E+03  1.000E+03  1.000E+03  1.000E+03  1.000E+03  1.000E+03  1.000E+03  1.000E+03  1.000E+03  1.000E+03
       1.000E+03  1.000E+03  1.000E+03  1.000E+03  1.000E+03  1.000E+03  1.000E+03  1.000E+03  1.000E+03  1.000E+03  1.000E+03
       1.000E+03  1.000E+03  1.000E+03  1.000E+03  1.000E+03  1.000E+03  1.000E+03  1.000E+03  1.000E+03  1.000E+03  1.000E+03
       1.000E+03  1.000E+03  1.000E+03  1.000E+03  1.000E+03  1.000E+03  1.000E+03  1.000E+03  1.000E+03  1.000E+03  1.000E+03
       1.000E+03  1.000E+03  1.000E+03  1.000E+03  1.000E+03  1.000E+03  1.000E+03  1.000E+03  1.000E+03  1.000E+03  1.000E+03
       1.000E+03  1.000E+03  1.000E+03  1.000E+03  1.000E+03  1.000E+03  1.000E+03  1.000E+03  1.000E+03  1.000E+03  1.000E+03
       1.000E+03  1.000E+03  1.000E+03  1.000E+03  1.000E+03  1.000E+03  1.000E+03  1.000E+03  1.000E+03  1.000E+03  1.000E+03
       1.000E+03  1.000E+03  1.000E+03  1.000E+03  1.000E+03  1.000E+03  1.000E+03  1.000E+03  1.000E+03  1.000E+03  1.000E+03
       1.000E+03  1.000E+03  1.000E+03  1.000E+03  1.000E+03  1.000E+03  1.000E+03  1.000E+03  1.000E+03  1.000E+03  1.000E+03
       1.000E+03  1.000E+03  1.000E+03  1.000E+03  1.000E+03  1.000E+03  1.000E+03  1.000E+03  1.000E+03  1.000E+03  1.000E+03
       1.000E+03  1.000E+03  1.000E+03  1.000E+03  1.000E+03  1.000E+03  1.000E+03  1.000E+03  1.000E+03  1.000E+03  1.000E+03
       1.000E+03  1.000E+03  1.000E+03  1.000E+03  1.000E+03  1.000E+03  1.000E+03  1.000E+03  1.000E+03  1.000E+03  1.000E+03
       1.000E+03  1.000E+03  1.000E+03  1.000E+03  1.000E+03  1.000E+03  1.000E+03  1.000E+03  1.000E+03  1.000E+03  1.000E+03
       1.000E+03  1.000E+03  1.000E+03  1.000E+03  1.000E+03  1.000E+03  1.000E+03  1.000E+03  1.000E+03  1.000E+03  1.000E+03
       1.000E+03  1.000E+03  1.000E+03  1.000E+03  1.000E+03  1.000E+03  1.000E+03  1.000E+03  1.000E+03  1.000E+03  1.000E+03
       1.000E+03  1.000E+03  1.000E+03  1.000E+03  1.000E+03  1.000E+03  1.000E+03  1.000E+03  1.000E+03  1.000E+03  1.000E+03
       1.000E+03  1.000E+03  1.000E+03  1.000E+03  1.000E+03  1.000E+03  1.000E+03  1.000E+03  1.000E+03  1.000E+03  1.000E+03
       1.000E+03  1.000E+03  1.000E+03  1.000E+03  1.000E+03  1.000E+03  1.000E+03  1.000E+03  1.000E+03  1.000E+03  1.000E+03
       1.000E+03  1.000E+03  1.000E+03  1.000E+03  1.000E+03  1.000E+03  1.000E+03  1.000E+03  1.000E+03  1.000E+03  1.000E+03
       1.000E+03  1.000E+03  1.000E+03  1.000E+03  1.000E+03  1.000E+03  1.000E+03  1.000E+03  1.000E+03  1.000E+03  1.000E+03
       1.000E+03  1.000E+03  1.000E+03  1.000E+03  1.000E+03  1.000E+03  1.000E+03  1.000E+03  1.000E+03  1.000E+03  1.000E+03
       1.000E+03  1.000E+03  1.000E+03  1.000E+03  1.000E+03  1.000E+03  1.000E+03  1.000E+03  1.000E+03  1.000E+03  1.000E+03
       1.000E+03  1.000E+03  1.000E+03  1.000E+03  1.000E+03  1.000E+03  1.000E+03  1.000E+03  1.000E+03  1.000E+03  1.000E+03
       1.000E+03  1.000E+03  1.000E+03  1.000E+03  1.000E+03  1.000E+03  1.000E+03  1.000E+03  1.000E+03  1.000E+03  1.000E+03
       1.000E+03  1.000E+03  1.000E+03  1.000E+03  1.000E+03  1.000E+03  1.000E+03  1.000E+03  1.000E+03  1.000E+03  1.000E+03
       1.000E+03  1.000E+03  1.000E+03  1.000E+03  1.000E+03  1.000E+03  1.000E+03  1.000E+03  1.000E+03  1.000E+03  1.000E+03
       1.000E+03  1.000E+03  1.000E+03  1.000E+03  1.000E+03  1.000E+03  1.000E+03  1.000E+03  1.000E+03  1.000E+03  1.000E+03
       1.000E+03  1.000E+03  1.000E+03  1.000E+03  1.000E+03  1.000E+03  1.000E+03  1.000E+03  1.000E+03  1.000E+03  1.000E+03
       1.000E+03  1.000E+03  1.000E+03  1.000E+03  1.000E+03  1.000E+03  1.000E+03  1.000E+03  1.000E+03  1.000E+03  1.000E+03
       1.000E+03  1.000E+03  1.000E+03  1.000E+03  1.000E+03  1.000E+03  1.000E+03  1.000E+03  1.000E+03  1.000E+03  1.000E+03
       1.000E+03  1.000E+03  1.000E+03  1.000E+03  1.000E+03  1.000E+03  1.000E+03  1.000E+03  1.000E+03  1.000E+03  1.000E+03
       1.000E+03  1.000E+03  1.000E+03  1.000E+03  1.000E+03  1.000E+03  1.000E+03  1.000E+03  1.000E+03  1.000E+03  1.000E+03
       1.000E+03  1.000E+03  1.000E+03  1.000E+03  1.000E+03  1.000E+03  1.000E+03  1.000E+03  1.000E+03  1.000E+03  1.000E+03
       1.000E+03  1.000E+03  1.000E+03  1.000E+03  1.000E+03  1.000E+03  1.000E+03  1.000E+03  1.000E+03  1.000E+03  1.000E+03
       1.000E+03  1.000E+03  1.000E+03  1.000E+03  1.000E+03  1.000E+03  1.000E+03  1.000E+03  1.000E+03  1.000E+03  1.000E+03
       1.000E+03  1.000E+03  1.000E+03  1.000E+03  1.000E+03  1.000E+03  1.000E+03  1.000E+03  1.000E+03  1.000E+03  1.000E+03
       1.000E+03  1.000E+03  1.000E+03  1.000E+03  1.000E+03  1.000E+03  1.000E+03  1.000E+03  1.000E+03  1.000E+03  1.000E+03
       1.000E+03  1.000E+03  1.000E+03  1.000E+03  1.000E+03  1.000E+03  1.000E+03  1.000E+03  1.000E+03  1.000E+03  1.000E+03
       1.000E+03  1.000E+03  1.000E+03  1.000E+03  1.000E+03  1.000E+03  1.000E+03  1.000E+03  1.000E+03  1.000E+03  1.000E+03
       1.000E+03  1.000E+03  1.000E+03  1.000E+03  1.000E+03  1.000E+03  1.000E+03  1.000E+03  1.000E+03  1.000E+03  1.000E+03
       1.000E+03  1.000E+03  1.000E+03  1.000E+03  1.000E+03  1.000E+03  1.000E+03  1.000E+03  1.000E+03  1.000E+03  1.000E+03
       1.000E+03  1.000E+03  1.000E+03  1.000E+03  1.000E+03  1.000E+03  1.000E+03  1.000E+03  1.000E+03  1.000E+03  1.000E+03
       1.000E+03  1.000E+03  1.000E+03  1.000E+03  1.000E+03  1.000E+03  1.000E+03  1.000E+03  1.000E+03  1.000E+03  1.000E+03
       1.000E+03  1.000E+03  1.000E+03  1.000E+03  1.000E+03  1.000E+03  1.000E+03  1.000E+03  1.000E+03  1.000E+03  1.000E+03
       1.000E+03  1.000E+03  1.000E+03  1.000E+03  1.000E+03  1.000E+03  1.000E+03  1.000E+03  1.000E+03  1.000E+03  1.000E+03
       1.000E+03  1.000E+03  1.000E+03  1.000E+03  1.000E+03  1.000E+03  1.000E+03  1.000E+03  1.000E+03  1.000E+03  1.000E+03
       1.000E+03  1.000E+03  1.000E+03  1.000E+03  1.000E+03  1.000E+03  1.000E+03  1.000E+03  1.000E+03  1.000E+03  1.000E+03
       1.000E+03  1.000E+03  1.000E+03  1.000E+03  1.000E+03  1.000E+03  1.000E+03  1.000E+03  1.000E+03  1.000E+03  1.000E+03
       1.000E+03  1.000E+03  1.000E+03  1.000E+03  1.000E+03  1.000E+03  1.000E+03  1.000E+03  1.000E+03  1.000E+03  1.000E+03
       1.000E+03  1.000E+03  1.000E+03  1.000E+03  1.000E+03  1.000E+03  1.000E+03  1.000E+03  1.000E+03  1.000E+03  1.000E+03
       1.000E+03  1.000E+03  1.000E+03  1.000E+03  1.000E+03  1.000E+03  1.000E+03  1.000E+03  1.000E+03  1.000E+03  1.000E+03
       1.000E+03  1.000E+03  1.000E+03  1.000E+03  1.000E+03  1.000E+03  1.000E+03  1.000E+03  1.000E+03  1.000E+03  1.000E+03
       1.000E+03  1.000E+03  1.000E+03  1.000E+03  1.000E+03  1.000E+03  1.000E+03  1.000E+03  1.000E+03  1.000E+03  1.000E+03
       1.000E+03  1.000E+03  1.000E+03  1.000E+03  1.000E+03  1.000E+03  1.000E+03  1.000E+03  1.000E+03  1.000E+03  1.000E+03
       1.000E+03  1.000E+03  1.000E+03  1.000E+03  1.000E+03  1.000E+03  1.000E+03  1.000E+03  1.000E+03  1.000E+03  1.000E+03
       1.000E+03  1.000E+03  1.000E+03  1.000E+03  1.000E+03  1.000E+03  1.000E+03  1.000E+03  1.000E+03  1.000E+03  1.000E+03
       1.000E+03  1.000E+03  1.000E+03  1.000E+03  1.000E+03  1.000E+03  1.000E+03  1.000E+03  1.000E+03  1.000E+03  1.000E+03
       1.000E+03  1.000E+03  1.000E+03  1.000E+03  1.000E+03  1.000E+03  1.000E+03  1.000E+03  1.000E+03  1.000E+03  1.000E+03
       1.000E+03  1.000E+03  1.000E+03  1.000E+03  1.000E+03  1.000E+03  1.000E+03  1.000E+03  1.000E+03  1.000E+03  1.000E+03
       1.000E+03  1.000E+03  1.000E+03  1.000E+03  1.000E+03  1.000E+03  1.000E+03  1.000E+03  1.000E+03  1.000E+03  1.000E+03
       1.000E+03  1.000E+03  1.000E+03  1.000E+03  1.000E+03  1.000E+03  1.000E+03  1.000E+03  1.000E+03  1.000E+03  1.000E+03
       1.000E+03  1.000E+03  1.000E+03  1.000E+03  1.000E+03  1.000E+03  1.000E+03  1.000E+03  1.000E+03  1.000E+03  1.000E+03
       1.000E+03  1.000E+03  1.000E+03  1.000E+03  1.000E+03  1.000E+03  1.000E+03  1.000E+03  1.000E+03  1.000E+03  1.000E+03
       1.000E+03  1.000E+03  1.000E+03  1.000E+03  1.000E+03  1.000E+03  1.000E+03  1.000E+03  1.000E+03  1.000E+03  1.000E+03
       1.000E+03  1.000E+03  1.000E+03  1.000E+03  1.000E+03  1.000E+03  1.000E+03  1.000E+03  1.000E+03  1.000E+03  1.000E+03
       1.000E+03  1.000E+03  1.000E+03  1.000E+03  1.000E+03  1.000E+03  1.000E+03  1.000E+03  1.000E+03  1.000E+03  1.000E+03
       1.000E+03  1.000E+03  1.000E+03  1.000E+03  1.000E+03  1.000E+03  1.000E+03  1.000E+03  1.000E+03  1.000E+03  1.000E+03
       1.000E+03  1.000E+03  1.000E+03  1.000E+03  1.000E+03  1.000E+03  1.000E+03  1.000E+03  1.000E+03  1.000E+03  1.000E+03
       1.000E+03  1.000E+03  1.000E+03  1.000E+03  1.000E+03  1.000E+03  1.000E+03  1.000E+03  1.000E+03  1.000E+03  1.000E+03
       1.000E+03  1.000E+03  1.000E+03  1.000E+03  1.000E+03  1.000E+03  1.000E+03  1.000E+03  1.000E+03  1.000E+03  1.000E+03
       1.000E+03  1.000E+03  1.000E+03  1.000E+03  1.000E+03  1.000E+03  1.000E+03  1.000E+03  1.000E+03  1.000E+03  1.000E+03
       1.000E+03  1.000E+03  1.000E+03  1.000E+03  1.000E+03  1.000E+03  1.000E+03  1.000E+03  1.000E+03  1.000E+03  1.000E+03
       1.000E+03  1.000E+03  1.000E+03  1.000E+03  1.000E+03  1.000E+03  1.000E+03  1.000E+03  1.000E+03  1.000E+03  1.000E+03
       1.000E+03  1.000E+03  1.000E+03  1.000E+03  1.000E+03  1.000E+03  1.000E+03  1.000E+03  1.000E+03  1.000E+03  1.000E+03
       1.000E+03  1.000E+03  1.000E+03  1.000E+03  1.000E+03  1.000E+03  1.000E+03  1.000E+03  1.000E+03  1.000E+03  1.000E+03
       1.000E+03  1.000E+03  1.000E+03  1.000E+03  1.000E+03  1.000E+03  1.000E+03  1.000E+03  1.000E+03  1.000E+03  1.000E+03
       1.000E+03  1.000E+03  1.000E+03  1.000E+03  1.000E+03  1.000E+03  1.000E+03  1.000E+03  1.000E+03  1.000E+03  1.000E+03
       1.000E+03  1.000E+03  1.000E+03  1.000E+03  1.000E+03  1.000E+03  1.000E+03  1.000E+03  1.000E+03  1.000E+03  1.000E+03
       1.000E+03  1.000E+03  1.000E+03  1.000E+03  1.000E+03  1.000E+03  1.000E+03  1.000E+03  1.000E+03  1.000E+03  1.000E+03
       1.000E+03  1.000E+03  1.000E+03  1.000E+03  1.000E+03  1.000E+03  1.000E+03  1.000E+03  1.000E+03  1.000E+03  1.000E+03
       1.000E+03  1.000E+03  1.000E+03  1.000E+03  1.000E+03  1.000E+03  1.000E+03  1.000E+03  1.000E+03  1.000E+03  1.000E+03
       1.000E+03  1.000E+03  1.000E+03  1.000E+03  1.000E+03  1.000E+03  1.000E+03  1.000E+03  1.000E+03  1.000E+03  1.000E+03
       1.000E+03  1.000E+03  1.000E+03  1.000E+03  1.000E+03  1.000E+03  1.000E+03  1.000E+03  1.000E+03  1.000E+03  1.000E+03
       1.000E+03  1.000E+03  1.000E+03  1.000E+03  1.000E+03  1.000E+03  1.000E+03  1.000E+03  1.000E+03  1.000E+03  1.000E+03
       1.000E+03  1.000E+03  1.000E+03  1.000E+03  1.000E+03  1.000E+03  1.000E+03  1.000E+03  1.000E+03  1.000E+03  1.000E+03
       1.000E+03  1.000E+03  1.000E+03  1.000E+03  1.000E+03  1.000E+03  1.000E+03  1.000E+03  1.000E+03  1.000E+03  1.000E+03
       1.000E+03  1.000E+03  1.000E+03  1.000E+03  1.000E+03  1.000E+03  1.000E+03  1.000E+03  1.000E+03  1.000E+03  1.000E+03
       1.000E+03  1.000E+03  1.000E+03  1.000E+03  1.000E+03  1.000E+03  1.000E+03  1.000E+03  1.000E+03  1.000E+03  1.000E+03
       1.000E+03  1.000E+03  1.000E+03  1.000E+03  1.000E+03  1.000E+03  1.000E+03  1.000E+03  1.000E+03  1.000E+03  1.000E+03
       1.000E+03  1.000E+03  1.000E+03  1.000E+03  1.000E+03  1.000E+03  1.000E+03  1.000E+03  1.000E+03  1.000E+03  1.000E+03
       1.000E+03  1.000E+03  1.000E+03  1.000E+03  1.000E+03  1.000E+03  1.000E+03  1.000E+03  1.000E+03  1.000E+03  1.000E+03
       1.000E+03  1.000E+03  1.000E+03  1.000E+03  1.000E+03  1.000E+03  1.000E+03  1.000E+03  1.000E+03  1.000E+03  1.000E+03
       1.000E+03  1.000E+03  1.000E+03  1.000E+03  1.000E+03  1.000E+03  1.000E+03  1.000E+03  1.000E+03  1.000E+03  1.000E+03
       1.000E+03  1.000E+03  1.000E+03  1.000E+03  1.000E+03  1.000E+03  1.000E+03  1.000E+03  1.000E+03  1.000E+03  1.000E+03
       1.000E+03  1.000E+03  1.000E+03  1.000E+03  1.000E+03  1.000E+03  1.000E+03  1.000E+03  1.000E+03  1.000E+03  1.000E+03
       1.000E+03  1.000E+03  1.000E+03  1.000E+03  1.000E+03  1.000E+03  1.000E+03  1.000E+03  1.000E+03  1.000E+03  1.000E+03
       1.000E+03  1.000E+03  1.000E+03  1.000E+03  1.000E+03  1.000E+03  1.000E+03  1.000E+03  1.000E+03  1.000E+03  1.000E+03
       1.000E+03  1.000E+03  1.000E+03  1.000E+03  1.000E+03  1.000E+03  1.000E+03  1.000E+03  1.000E+03  1.000E+03  1.000E+03
       1.000E+03  1.000E+03  1.000E+03  1.000E+03  1.000E+03  1.000E+03  1.000E+03  1.000E+03  1.000E+03  1.000E+03  1.000E+03
       1.000E+03  1.000E+03  1.000E+03  1.000E+03  1.000E+03  1.000E+03  1.000E+03  1.000E+03  1.000E+03  1.000E+03  1.000E+03
       1.000E+03  1.000E+03  1.000E+03  1.000E+03  1.000E+03  1.000E+03  1.000E+03  1.000E+03  1.000E+03  1.000E+03  1.000E+03
       1.000E+03  1.000E+03  1.000E+03  1.000E+03  1.000E+03  1.000E+03  1.000E+03  1.000E+03  1.000E+03  1.000E+03  1.000E+03
       1.000E+03  1.000E+03  1.000E+03  1.000E+03  1.000E+03  1.000E+03  1.000E+03  1.000E+03  1.000E+03  1.000E+03  1.000E+03
       1.000E+03  1.000E+03  1.000E+03  1.000E+03  1.000E+03  1.000E+03  1.000E+03  1.000E+03  1.000E+03  1.000E+03  1.000E+03
       1.000E+03  1.000E+03  1.000E+03  1.000E+03  1.000E+03  1.000E+03  1.000E+03  1.000E+03  1.000E+03  1.000E+03  1.000E+03
       1.000E+03  1.000E+03  1.000E+03  1.000E+03  1.000E+03  1.000E+03  1.000E+03  1.000E+03  1.000E+03  1.000E+03  1.000E+03
       1.000E+03  1.000E+03  1.000E+03  1.000E+03  1.000E+03  1.000E+03  1.000E+03  1.000E+03  1.000E+03  1.000E+03  1.000E+03
       1.000E+03  1.000E+03  1.000E+03  1.000E+03  1.000E+03  1.000E+03  1.000E+03  1.000E+03  1.000E+03  1.000E+03  1.000E+03
       1.000E+03  1.000E+03  1.000E+03  1.000E+03  1.000E+03  1.000E+03  1.000E+03  1.000E+03  1.000E+03  1.000E+03  1.000E+03
       1.000E+03  1.000E+03  1.000E+03  1.000E+03  1.000E+03  1.000E+03  1.000E+03  1.000E+03  1.000E+03  1.000E+03  1.000E+03
       1.000E+03  1.000E+03  1.000E+03  1.000E+03  1.000E+03  1.000E+03  1.000E+03  1.000E+03  1.000E+03  1.000E+03  1.000E+03
       1.000E+03  1.000E+03  1.000E+03  1.000E+03  1.000E+03  1.000E+03  1.000E+03  1.000E+03  1.000E+03  1.000E+03  1.000E+03
       1.000E+03  1.000E+03  1.000E+03  1.000E+03  1.000E+03  1.000E+03  1.000E+03  1.000E+03  1.000E+03  1.000E+03  1.000E+03
       1.000E+03  1.000E+03  1.000E+03  1.000E+03  1.000E+03  1.000E+03  1.000E+03  1.000E+03  1.000E+03  1.000E+03  1.000E+03
       1.000E+03  1.000E+03  1.000E+03  1.000E+03  1.000E+03  1.000E+03  1.000E+03  1.000E+03  1.000E+03  1.000E+03  1.000E+03
       1.000E+03  1.000E+03  1.000E+03  1.000E+03  1.000E+03  1.000E+03  1.000E+03  1.000E+03  1.000E+03  1.000E+03  1.000E+03
       1.000E+03  1.000E+03  1.000E+03  1.000E+03  1.000E+03  1.000E+03  1.000E+03  1.000E+03  1.000E+03  1.000E+03  1.000E+03
       1.000E+03  1.000E+03  1.000E+03  1.000E+03  1.000E+03  1.000E+03  1.000E+03  1.000E+03  1.000E+03  1.000E+03  1.000E+03
       1.000E+03  1.000E+03  1.000E+03  1.000E+03  1.000E+03  1.000E+03  1.000E+03  1.000E+03  1.000E+03  1.000E+03  1.000E+03
       1.000E+03  1.000E+03  1.000E+03  1.000E+03  1.000E+03  1.000E+03  1.000E+03  1.000E+03  1.000E+03  1.000E+03  1.000E+03
       1.000E+03  1.000E+03  1.000E+03  1.000E+03  1.000E+03  1.000E+03  1.000E+03  1.000E+03  1.000E+03  1.000E+03  1.000E+03
       1.000E+03  1.000E+03  1.000E+03  1.000E+03  1.000E+03  1.000E+03  1.000E+03  1.000E+03  1.000E+03  1.000E+03  1.000E+03
       1.000E+03  1.000E+03  1.000E+03  1.000E+03  1.000E+03  1.000E+03  1.000E+03  1.000E+03  1.000E+03  1.000E+03  1.000E+03
       1.000E+03  1.000E+03  1.000E+03  1.000E+03  1.000E+03  1.000E+03  1.000E+03  1.000E+03  1.000E+03  1.000E+03  1.000E+03
       1.000E+03  1.000E+03  1.000E+03  1.000E+03  1.000E+03  1.000E+03  1.000E+03  1.000E+03  1.000E+03  1.000E+03  1.000E+03
       1.000E+03  1.000E+03  1.000E+03  1.000E+03  1.000E+03  1.000E+03  1.000E+03  1.000E+03  1.000E+03  1.000E+03  1.000E+03
       1.000E+03  1.000E+03  1.000E+03  1.000E+03  1.000E+03  1.000E+03  1.000E+03  1.000E+03  1.000E+03  1.000E+03  1.000E+03
       1.000E+03  1.000E+03  1.000E+03  1.000E+03  1.000E+03  1.000E+03  1.000E+03  1.000E+03  1.000E+03  1.000E+03  1.000E+03
       1.000E+03  1.000E+03  1.000E+03  1.000E+03  1.000E+03  1.000E+03  1.000E+03  1.000E+03  1.000E+03  1.000E+03  1.000E+03
       1.000E+03  1.000E+03  1.000E+03  1.000E+03  1.000E+03  1.000E+03  1.000E+03  1.000E+03  1.000E+03  1.000E+03  1.000E+03
       1.000E+03  1.000E+03  1.000E+03  1.000E+03  1.000E+03  1.000E+03  1.000E+03  1.000E+03  1.000E+03  1.000E+03  1.000E+03
       1.000E+03  1.000E+03  1.000E+03  1.000E+03  1.000E+03  1.000E+03  1.000E+03  1.000E+03  1.000E+03  1.000E+03  1.000E+03
       1.000E+03  1.000E+03  1.000E+03  1.000E+03  1.000E+03  1.000E+03  1.000E+03  1.000E+03  1.000E+03  1.000E+03  1.000E+03
       1.000E+03  1.000E+03  1.000E+03  1.000E+03  1.000E+03  1.000E+03  1.000E+03  1.000E+03  1.000E+03  1.000E+03  1.000E+03
       1.000E+03  1.000E+03  1.000E+03  1.000E+03  1.000E+03  1.000E+03  1.000E+03  1.000E+03  1.000E+03  1.000E+03  1.000E+03
       1.000E+03  1.000E+03  1.000E+03  1.000E+03  1.000E+03  1.000E+03  1.000E+03  1.000E+03  1.000E+03  1.000E+03  1.000E+03
       1.000E+03  1.000E+03  1.000E+03  1.000E+03  1.000E+03  1.000E+03  1.000E+03  1.000E+03  1.000E+03  1.000E+03  1.000E+03
       1.000E+03  1.000E+03  1.000E+03  1.000E+03  1.000E+03  1.000E+03  1.000E+03  1.000E+03  1.000E+03  1.000E+03  1.000E+03
       1.000E+03  1.000E+03  1.000E+03  1.000E+03  1.000E+03  1.000E+03  1.000E+03  1.000E+03  1.000E+03  1.000E+03  1.000E+03
       1.000E+03  1.000E+03  1.000E+03  1.000E+03  1.000E+03  1.000E+03  1.000E+03  1.000E+03  1.000E+03  1.000E+03  1.000E+03
       1.000E+03  1.000E+03  1.000E+03  1.000E+03  1.000E+03  1.000E+03  1.000E+03  1.000E+03  1.000E+03  1.000E+03  1.000E+03
       1.000E+03  1.000E+03  1.000E+03  1.000E+03  1.000E+03  1.000E+03  1.000E+03  1.000E+03  1.000E+03  1.000E+03  1.000E+03
       1.000E+03  1.000E+03  1.000E+03  1.000E+03  1.000E+03  1.000E+03  1.000E+03  1.000E+03  1.000E+03  1.000E+03  1.000E+03
       1.000E+03  1.000E+03  1.000E+03  1.000E+03  1.000E+03  1.000E+03  1.000E+03  1.000E+03  1.000E+03  1.000E+03  1.000E+03
       1.000E+03  1.000E+03  1.000E+03  1.000E+03  1.000E+03  1.000E+03  1.000E+03  1.000E+03  1.000E+03  1.000E+03  1.000E+03
       1.000E+03  1.000E+03  1.000E+03  1.000E+03  1.000E+03  1.000E+03  1.000E+03  1.000E+03  1.000E+03  1.000E+03  1.000E+03
       1.000E+03  1.000E+03  1.000E+03  1.000E+03  1.000E+03  1.000E+03  1.000E+03  1.000E+03  1.000E+03  1.000E+03  1.000E+03
       1.000E+03  1.000E+03  1.000E+03  1.000E+03  1.000E+03  1.000E+03  1.000E+03  1.000E+03  1.000E+03  1.000E+03  1.000E+03
       1.000E+03  1.000E+03  1.000E+03  1.000E+03  1.000E+03  1.000E+03  1.000E+03  1.000E+03  1.000E+03  1.000E+03  1.000E+03
       1.000E+03  1.000E+03  1.000E+03  1.000E+03  1.000E+03  1.000E+03  1.000E+03  1.000E+03  1.000E+03  1.000E+03  1.000E+03
       1.000E+03  1.000E+03  1.000E+03  1.000E+03  1.000E+03  1.000E+03  1.000E+03  1.000E+03  1.000E+03  1.000E+03  1.000E+03
       1.000E+03  1.000E+03  1.000E+03  1.000E+03  1.000E+03  1.000E+03  1.000E+03  1.000E+03  1.000E+03  1.000E+03  1.000E+03
       1.000E+03  1.000E+03  1.000E+03  1.000E+03  1.000E+03  1.000E+03  1.000E+03  1.000E+03  1.000E+03  1.000E+03  1.000E+03
       1.000E+03  1.000E+03  1.000E+03  1.000E+03  1.000E+03  1.000E+03  1.000E+03  1.000E+03  1.000E+03  1.000E+03  1.000E+03
       1.000E+03  1.000E+03  1.000E+03  1.000E+03  1.000E+03  1.000E+03  1.000E+03  1.000E+03  1.000E+03  1.000E+03  1.000E+03
       1.000E+03  1.000E+03  1.000E+03  1.000E+03  1.000E+03  1.000E+03  1.000E+03  1.000E+03  1.000E+03  1.000E+03  1.000E+03
       1.000E+03  1.000E+03  1.000E+03  1.000E+03  1.000E+03  1.000E+03  1.000E+03  1.000E+03  1.000E+03  1.000E+03  1.000E+03
       1.000E+03  1.000E+03  1.000E+03  1.000E+03  1.000E+03  1.000E+03  1.000E+03  1.000E+03  1.000E+03  1.000E+03  1.000E+03
       1.000E+03  1.000E+03  1.000E+03  1.000E+03  1.000E+03  1.000E+03  1.000E+03  1.000E+03  1.000E+03  1.000E+03  1.000E+03
       1.000E+03  1.000E+03  1.000E+03  1.000E+03  1.000E+03  1.000E+03  1.000E+03  1.000E+03  1.000E+03  1.000E+03  1.000E+03
       1.000E+03  1.000E+03  1.000E+03  1.000E+03  1.000E+03  1.000E+03  1.000E+03  1.000E+03  1.000E+03  1.000E+03  1.000E+03
       1.000E+03  1.000E+03  1.000E+03  1.000E+03  1.000E+03  1.000E+03  1.000E+03  1.000E+03  1.000E+03  1.000E+03  1.000E+03
       1.000E+03  1.000E+03  1.000E+03  1.000E+03  1.000E+03  1.000E+03  1.000E+03  1.000E+03  1.000E+03  1.000E+03  1.000E+03
       1.000E+03  1.000E+03  1.000E+03  1.000E+03  1.000E+03  1.000E+03  1.000E+03  1.000E+03  1.000E+03  1.000E+03  1.000E+03
       1.000E+03  1.000E+03  1.000E+03  1.000E+03  1.000E+03  1.000E+03  1.000E+03  1.000E+03  1.000E+03  1.000E+03  1.000E+03
       1.000E+03  1.000E+03  1.000E+03  1.000E+03  1.000E+03  1.000E+03  1.000E+03  1.000E+03  1.000E+03  1.000E+03  1.000E+03
       1.000E+03  1.000E+03  1.000E+03  1.000E+03  1.000E+03  1.000E+03  1.000E+03  1.000E+03  1.000E+03  1.000E+03  1.000E+03
       1.000E+03  1.000E+03  1.000E+03  1.000E+03  1.000E+03  1.000E+03  1.000E+03  1.000E+03  1.000E+03  1.000E+03  1.000E+03
       1.000E+03  1.000E+03  1.000E+03  1.000E+03  1.000E+03  1.000E+03  1.000E+03  1.000E+03  1.000E+03  1.000E+03  1.000E+03
       1.000E+03  1.000E+03  1.000E+03  1.000E+03  1.000E+03  1.000E+03  1.000E+03  1.000E+03  1.000E+03  1.000E+03  1.000E+03
       1.000E+03  1.000E+03  1.000E+03  1.000E+03  1.000E+03  1.000E+03  1.000E+03  1.000E+03  1.000E+03  1.000E+03  1.000E+03
       1.000E+03  1.000E+03  1.000E+03  1.000E+03  1.000E+03  1.000E+03  1.000E+03  1.000E+03  1.000E+03  1.000E+03  1.000E+03
       1.000E+03  1.000E+03  1.000E+03  1.000E+03  1.000E+03  1.000E+03  1.000E+03  1.000E+03  1.000E+03  1.000E+03  1.000E+03
       1.000E+03  1.000E+03  1.000E+03  1.000E+03  1.000E+03  1.000E+03  1.000E+03  1.000E+03  1.000E+03  1.000E+03  1.000E+03
       1.000E+03  1.000E+03  1.000E+03  1.000E+03  1.000E+03  1.000E+03  1.000E+03  1.000E+03  1.000E+03  1.000E+03  1.000E+03
       1.000E+03  1.000E+03  1.000E+03  1.000E+03  1.000E+03  1.000E+03  1.000E+03  1.000E+03  1.000E+03  1.000E+03  1.000E+03
       1.000E+03  1.000E+03  1.000E+03  1.000E+03  1.000E+03  1.000E+03
 K33 not provided.  Assuming K33 = K.
 K22 not provided.  Assuming K22 = K.
 END PROCESSING GRIDDATA

 STO -- STORAGE PACKAGE, VERSION 1, 5/19/2014 INPUT READ FROM UNIT 1006


 # File generated by Flopy version 3.9.3 on 10/28/2025 at 17:33:44.
 PROCESSING STORAGE OPTIONS
 END OF STORAGE OPTIONS
 PROCESSING GRIDDATA

                 ICONVERT = 0

 OPENED local_run4.sto_ss_layer1.txt
 FILE TYPE:OPEN/CLOSE   UNIT 1028   STATUS:OLD                 
 FORMAT:FORMATTED              ACCESS:SEQUENTIAL          
 ACTION:READ                


         SPECIFIC STORAGE

               1          2          3          4          5          6          7          8          9         10         11
              12         13         14         15         16         17         18         19         20         21         22
              23         24         25         26         27         28         29         30         31         32         33
              34         35         36         37         38         39         40         41         42         43         44
              45         46         47         48         49         50         51         52         53         54         55
              56         57         58         59         60         61         62         63         64         65         66
              67         68         69         70         71         72         73         74         75         76         77
              78         79         80         81         82         83         84         85         86         87         88
              89         90         91         92         93         94         95         96         97         98         99
             100        101        102        103        104        105        106        107        108        109        110
             111        112        113        114        115        116        117        118        119        120        121
             122        123        124        125        126        127        128        129        130        131        132
             133        134        135        136        137        138        139        140        141        142        143
             144        145        146        147        148        149        150        151        152        153        154
             155        156        157        158        159        160        161        162        163        164        165
             166        167        168        169        170        171        172        173        174        175        176
             177        178        179        180        181        182        183        184        185        186        187
             188        189        190        191        192        193        194        195        196        197        198
             199        200        201        202        203        204        205        206        207        208        209
             210        211        212        213        214        215        216        217        218        219        220
             221        222        223        224        225        226        227        228        229        230        231
             232        233        234        235        236        237        238        239        240        241        242
             243        244        245        246        247        248        249        250        251        252        253
             254        255        256        257        258        259        260        261        262        263        264
             265        266        267        268        269        270        271        272        273        274        275
             276        277        278        279        280        281        282        283        284        285        286
             287        288        289        290        291        292        293        294        295        296        297
             298        299        300        301        302        303        304        305        306        307        308
             309        310        311        312        313        314        315        316        317        318        319
             320        321        322        323        324        325        326        327        328        329        330
             331        332        333        334        335        336        337        338        339        340        341
             342        343        344        345        346        347        348        349        350        351        352
             353        354        355        356        357        358        359        360        361        362        363
             364        365        366        367        368        369        370        371        372        373        374
             375        376        377        378        379        380        381        382        383        384        385
             386        387        388        389        390        391        392        393        394        395        396
             397        398        399        400        401        402        403        404        405        406        407
             408        409        410        411        412        413        414        415        416        417        418
             419        420        421        422        423        424        425        426        427        428        429
             430        431        432        433        434        435        436        437        438        439        440
             441        442        443        444        445        446        447        448        449        450        451
             452        453        454        455        456        457        458        459        460        461        462
             463        464        465        466        467        468        469        470        471        472        473
             474        475        476        477        478        479        480        481        482        483        484
             485        486        487        488        489        490        491        492        493        494        495
             496        497        498        499        500        501        502        503        504        505        506
             507        508        509        510        511        512        513        514        515        516        517
             518        519        520        521        522        523        524        525        526        527        528
             529        530        531        532        533        534        535        536        537        538        539
             540        541        542        543        544        545        546        547        548        549        550
             551        552        553        554        555        556        557        558        559        560        561
             562        563        564        565        566        567        568        569        570        571        572
             573        574        575        576        577        578        579        580        581        582        583
             584        585        586        587        588        589        590        591        592        593        594
             595        596        597        598        599        600        601        602        603        604        605
             606        607        608        609        610        611        612        613        614        615        616
             617        618        619        620        621        622        623        624        625        626        627
             628        629        630        631        632        633        634        635        636        637        638
             639        640        641        642        643        644        645        646        647        648        649
             650        651        652        653        654        655        656        657        658        659        660
             661        662        663        664        665        666        667        668        669        670        671
             672        673        674        675        676        677        678        679        680        681        682
             683        684        685        686        687        688        689        690        691        692        693
             694        695        696        697        698        699        700        701        702        703        704
             705        706        707        708        709        710        711        712        713        714        715
             716        717        718        719        720        721        722        723        724        725        726
             727        728        729        730        731        732        733        734        735        736        737
             738        739        740        741        742        743        744        745        746        747        748
             749        750        751        752        753        754        755        756        757        758        759
             760        761        762        763        764        765        766        767        768        769        770
             771        772        773        774        775        776        777        778        779        780        781
             782        783        784        785        786        787        788        789        790        791        792
             793        794        795        796        797        798        799        800        801        802        803
             804        805        806        807        808        809        810        811        812        813        814
             815        816        817        818        819        820        821        822        823        824        825
             826        827        828        829        830        831        832        833        834        835        836
             837        838        839        840        841        842        843        844        845        846        847
             848        849        850        851        852        853        854        855        856        857        858
             859        860        861        862        863        864        865        866        867        868        869
             870        871        872        873        874        875        876        877        878        879        880
             881        882        883        884        885        886        887        888        889        890        891
             892        893        894        895        896        897        898        899        900        901        902
             903        904        905        906        907        908        909        910        911        912        913
             914        915        916        917        918        919        920        921        922        923        924
             925        926        927        928        929        930        931        932        933        934        935
             936        937        938        939        940        941        942        943        944        945        946
             947        948        949        950        951        952        953        954        955        956        957
             958        959        960        961        962        963        964        965        966        967        968
             969        970        971        972        973        974        975        976        977        978        979
             980        981        982        983        984        985        986        987        988        989        990
             991        992        993        994        995        996        997        998        999       1000       1001
            1002       1003       1004       1005       1006       1007       1008       1009       1010       1011       1012
            1013       1014       1015       1016       1017       1018       1019       1020       1021       1022       1023
            1024       1025       1026       1027       1028       1029       1030       1031       1032       1033       1034
            1035       1036       1037       1038       1039       1040       1041       1042       1043       1044       1045
            1046       1047       1048       1049       1050       1051       1052       1053       1054       1055       1056
            1057       1058       1059       1060       1061       1062       1063       1064       1065       1066       1067
            1068       1069       1070       1071       1072       1073       1074       1075       1076       1077       1078
            1079       1080       1081       1082       1083       1084       1085       1086       1087       1088       1089
            1090       1091       1092       1093       1094       1095       1096       1097       1098       1099       1100
            1101       1102       1103       1104       1105       1106       1107       1108       1109       1110       1111
            1112       1113       1114       1115       1116       1117       1118       1119       1120       1121       1122
            1123       1124       1125       1126       1127       1128       1129       1130       1131       1132       1133
            1134       1135       1136       1137       1138       1139       1140       1141       1142       1143       1144
            1145       1146       1147       1148       1149       1150       1151       1152       1153       1154       1155
            1156       1157       1158       1159       1160       1161       1162       1163       1164       1165       1166
            1167       1168       1169       1170       1171       1172       1173       1174       1175       1176       1177
            1178       1179       1180       1181       1182       1183       1184       1185       1186       1187       1188
            1189       1190       1191       1192       1193       1194       1195       1196       1197       1198       1199
            1200       1201       1202       1203       1204       1205       1206       1207       1208       1209       1210
            1211       1212       1213       1214       1215       1216       1217       1218       1219       1220       1221
            1222       1223       1224       1225       1226       1227       1228       1229       1230       1231       1232
            1233       1234       1235       1236       1237       1238       1239       1240       1241       1242       1243
            1244       1245       1246       1247       1248       1249       1250       1251       1252       1253       1254
            1255       1256       1257       1258       1259       1260       1261       1262       1263       1264       1265
            1266       1267       1268       1269       1270       1271       1272       1273       1274       1275       1276
            1277       1278       1279       1280       1281       1282       1283       1284       1285       1286       1287
            1288       1289       1290       1291       1292       1293       1294       1295       1296       1297       1298
            1299       1300       1301       1302       1303       1304       1305       1306       1307       1308       1309
            1310       1311       1312       1313       1314       1315       1316       1317       1318       1319       1320
            1321       1322       1323       1324       1325       1326       1327       1328       1329       1330       1331
            1332       1333       1334       1335       1336       1337       1338       1339       1340       1341       1342
            1343       1344       1345       1346       1347       1348       1349       1350       1351       1352       1353
            1354       1355       1356       1357       1358       1359       1360       1361       1362       1363       1364
            1365       1366       1367       1368       1369       1370       1371       1372       1373       1374       1375
            1376       1377       1378       1379       1380       1381       1382       1383       1384       1385       1386
            1387       1388       1389       1390       1391       1392       1393       1394       1395       1396       1397
            1398       1399       1400       1401       1402       1403       1404       1405       1406       1407       1408
            1409       1410       1411       1412       1413       1414       1415       1416       1417       1418       1419
            1420       1421       1422       1423       1424       1425       1426       1427       1428       1429       1430
            1431       1432       1433       1434       1435       1436       1437       1438       1439       1440       1441
            1442       1443       1444       1445       1446       1447       1448       1449       1450       1451       1452
            1453       1454       1455       1456       1457       1458       1459       1460       1461       1462       1463
            1464       1465       1466       1467       1468       1469       1470       1471       1472       1473       1474
            1475       1476       1477       1478       1479       1480       1481       1482       1483       1484       1485
            1486       1487       1488       1489       1490       1491       1492       1493       1494       1495       1496
            1497       1498       1499       1500       1501       1502       1503       1504       1505       1506       1507
            1508       1509       1510       1511       1512       1513       1514       1515       1516       1517       1518
            1519       1520       1521       1522       1523       1524       1525       1526       1527       1528       1529
            1530       1531       1532       1533       1534       1535       1536       1537       1538       1539       1540
            1541       1542       1543       1544       1545       1546       1547       1548       1549       1550       1551
            1552       1553       1554       1555       1556       1557       1558       1559       1560       1561       1562
            1563       1564       1565       1566       1567       1568       1569       1570       1571       1572       1573
            1574       1575       1576       1577       1578       1579       1580       1581       1582       1583       1584
            1585       1586       1587       1588       1589       1590       1591       1592       1593       1594       1595
            1596       1597       1598       1599       1600       1601       1602       1603       1604       1605       1606
            1607       1608       1609       1610       1611       1612       1613       1614       1615       1616       1617
            1618       1619       1620       1621       1622       1623       1624       1625       1626       1627       1628
            1629       1630       1631       1632       1633       1634       1635       1636       1637       1638       1639
            1640       1641       1642       1643       1644       1645       1646       1647       1648       1649       1650
            1651       1652       1653       1654       1655       1656       1657       1658       1659       1660       1661
            1662       1663       1664       1665       1666       1667       1668       1669       1670       1671       1672
            1673       1674       1675       1676       1677       1678       1679       1680       1681       1682       1683
            1684       1685       1686       1687       1688       1689       1690       1691       1692       1693       1694
            1695       1696       1697       1698       1699       1700       1701       1702       1703       1704       1705
            1706       1707       1708       1709       1710       1711       1712       1713       1714       1715       1716
            1717       1718       1719       1720       1721       1722       1723       1724       1725       1726       1727
            1728       1729       1730       1731       1732       1733       1734       1735       1736       1737       1738
            1739       1740       1741       1742       1743       1744       1745       1746       1747       1748       1749
            1750       1751       1752       1753       1754       1755       1756       1757       1758       1759       1760
            1761       1762       1763       1764       1765       1766       1767       1768       1769       1770       1771
            1772       1773       1774       1775       1776       1777       1778       1779       1780       1781       1782
            1783       1784       1785       1786       1787       1788       1789       1790       1791       1792       1793
            1794       1795       1796       1797       1798       1799       1800       1801       1802       1803       1804
            1805       1806       1807       1808       1809       1810       1811       1812       1813       1814       1815
            1816       1817       1818       1819       1820       1821       1822       1823       1824       1825       1826
            1827       1828       1829       1830       1831       1832       1833       1834       1835       1836       1837
            1838       1839       1840       1841       1842       1843       1844       1845       1846       1847       1848
            1849       1850       1851       1852       1853       1854       1855       1856       1857       1858       1859
            1860       1861       1862       1863       1864       1865       1866       1867       1868       1869       1870
            1871       1872       1873       1874       1875       1876       1877       1878       1879       1880       1881
            1882       1883       1884       1885       1886       1887       1888       1889       1890       1891       1892
            1893       1894       1895       1896       1897       1898       1899       1900       1901       1902       1903
            1904       1905       1906       1907       1908       1909       1910       1911       1912       1913       1914
            1915       1916       1917       1918       1919       1920       1921       1922       1923       1924       1925
            1926       1927       1928       1929       1930       1931       1932       1933       1934       1935       1936
            1937       1938       1939       1940       1941       1942       1943       1944       1945       1946       1947
            1948       1949       1950       1951       1952       1953       1954       1955       1956       1957       1958
            1959       1960       1961       1962       1963       1964       1965       1966       1967       1968       1969
            1970       1971       1972       1973       1974       1975       1976       1977       1978       1979       1980
            1981       1982       1983       1984       1985       1986       1987       1988       1989       1990       1991
            1992       1993       1994       1995       1996       1997       1998       1999       2000       2001       2002
            2003       2004       2005       2006       2007       2008       2009       2010       2011       2012       2013
            2014       2015       2016       2017       2018       2019       2020       2021       2022       2023       2024
            2025       2026       2027       2028       2029       2030       2031       2032       2033       2034       2035
            2036       2037       2038       2039       2040       2041       2042       2043       2044       2045       2046
            2047       2048       2049       2050       2051       2052       2053       2054       2055       2056       2057
            2058       2059       2060       2061       2062       2063       2064       2065       2066       2067       2068
            2069       2070       2071       2072       2073       2074       2075       2076       2077       2078       2079
            2080       2081       2082       2083       2084       2085       2086       2087       2088       2089       2090
            2091       2092       2093       2094       2095       2096       2097       2098       2099       2100       2101
            2102       2103       2104       2105       2106       2107       2108       2109       2110       2111       2112
            2113       2114       2115       2116       2117       2118       2119       2120       2121       2122       2123
            2124       2125       2126       2127       2128       2129       2130       2131       2132       2133       2134
            2135       2136       2137       2138       2139       2140       2141       2142       2143       2144       2145
            2146       2147       2148       2149       2150       2151       2152       2153       2154       2155       2156
            2157       2158       2159       2160       2161       2162       2163       2164       2165       2166       2167
            2168       2169       2170       2171       2172       2173       2174       2175       2176       2177       2178
            2179       2180       2181       2182       2183       2184       2185       2186       2187       2188       2189
            2190       2191       2192       2193       2194       2195       2196       2197       2198       2199       2200
            2201       2202       2203       2204       2205       2206       2207       2208       2209       2210       2211
            2212       2213       2214       2215       2216       2217       2218       2219       2220       2221       2222
            2223       2224       2225       2226       2227       2228       2229       2230       2231       2232       2233
            2234       2235       2236       2237       2238       2239       2240       2241       2242       2243       2244
            2245       2246       2247       2248       2249       2250       2251       2252       2253       2254       2255
            2256       2257       2258       2259       2260       2261       2262       2263       2264       2265       2266
            2267       2268       2269       2270       2271       2272       2273       2274       2275       2276       2277
            2278       2279       2280       2281       2282       2283       2284       2285       2286       2287       2288
            2289       2290       2291       2292       2293       2294       2295       2296       2297       2298       2299
            2300       2301       2302       2303       2304       2305       2306       2307       2308       2309       2310
            2311       2312       2313       2314       2315       2316       2317       2318       2319       2320       2321
            2322       2323       2324       2325       2326       2327       2328       2329       2330       2331       2332
            2333       2334       2335       2336       2337       2338       2339       2340       2341       2342       2343
            2344       2345       2346       2347       2348       2349       2350       2351       2352       2353       2354
            2355       2356       2357       2358       2359       2360       2361       2362       2363       2364       2365
            2366       2367       2368       2369       2370       2371       2372       2373       2374       2375       2376
            2377       2378       2379       2380       2381       2382       2383       2384       2385       2386       2387
            2388       2389       2390       2391       2392       2393       2394       2395       2396       2397       2398
            2399       2400       2401       2402       2403       2404       2405       2406       2407       2408       2409
            2410       2411       2412       2413       2414       2415       2416       2417       2418       2419       2420
            2421       2422       2423       2424       2425       2426       2427       2428       2429       2430       2431
            2432       2433       2434       2435       2436       2437       2438       2439       2440       2441       2442
            2443       2444       2445       2446       2447       2448       2449       2450       2451       2452       2453
            2454       2455       2456       2457       2458       2459       2460       2461       2462       2463       2464
            2465       2466       2467       2468       2469       2470       2471       2472       2473       2474       2475
            2476       2477       2478       2479       2480       2481       2482       2483       2484       2485       2486
            2487       2488       2489       2490       2491       2492       2493       2494       2495       2496       2497
            2498       2499       2500       2501       2502       2503       2504       2505       2506       2507       2508
            2509       2510       2511       2512       2513       2514       2515       2516       2517       2518       2519
            2520       2521       2522       2523       2524       2525       2526       2527       2528       2529       2530
            2531       2532       2533       2534       2535       2536       2537       2538       2539       2540       2541
            2542       2543       2544       2545       2546       2547       2548       2549       2550       2551       2552
            2553       2554       2555       2556       2557       2558       2559       2560       2561       2562       2563
            2564       2565       2566       2567       2568       2569       2570       2571       2572       2573       2574
            2575       2576       2577       2578       2579       2580       2581       2582       2583       2584       2585
            2586       2587       2588       2589       2590       2591       2592       2593       2594       2595       2596
            2597       2598       2599       2600       2601       2602       2603       2604       2605       2606       2607
            2608       2609       2610       2611       2612       2613       2614       2615       2616       2617       2618
            2619       2620       2621       2622       2623       2624       2625       2626       2627       2628       2629
            2630       2631       2632       2633       2634       2635       2636       2637       2638       2639       2640
            2641       2642       2643       2644       2645       2646       2647       2648       2649       2650       2651
            2652       2653       2654       2655       2656       2657       2658       2659       2660       2661       2662
            2663       2664       2665       2666       2667       2668       2669       2670       2671       2672       2673
            2674       2675       2676       2677       2678       2679
 .............................................................................................................................
   1   1.000E-03  1.000E-03  1.000E-03  1.000E-03  1.000E-03  1.000E-03  1.000E-03  1.000E-03  1.000E-03  1.000E-03  1.000E-03
       1.000E-03  1.000E-03  1.000E-03  1.000E-03  1.000E-03  1.000E-03  1.000E-03  1.000E-03  1.000E-03  1.000E-03  1.000E-03
       1.000E-03  1.000E-03  1.000E-03  1.000E-03  1.000E-03  1.000E-03  1.000E-03  1.000E-03  1.000E-03  1.000E-03  1.000E-03
       1.000E-03  1.000E-03  1.000E-03  1.000E-03  1.000E-03  1.000E-03  1.000E-03  1.000E-03  1.000E-03  1.000E-03  1.000E-03
       1.000E-03  1.000E-03  1.000E-03  1.000E-03  1.000E-03  1.000E-03  1.000E-03  1.000E-03  1.000E-03  1.000E-03  1.000E-03
       1.000E-03  1.000E-03  1.000E-03  1.000E-03  1.000E-03  1.000E-03  1.000E-03  1.000E-03  1.000E-03  1.000E-03  1.000E-03
       1.000E-03  1.000E-03  1.000E-03  1.000E-03  1.000E-03  1.000E-03  1.000E-03  1.000E-03  1.000E-03  1.000E-03  1.000E-03
       1.000E-03  1.000E-03  1.000E-03  1.000E-03  1.000E-03  1.000E-03  1.000E-03  1.000E-03  1.000E-03  1.000E-03  1.000E-03
       1.000E-03  1.000E-03  1.000E-03  1.000E-03  1.000E-03  1.000E-03  1.000E-03  1.000E-03  1.000E-03  1.000E-03  1.000E-03
       1.000E-03  1.000E-03  1.000E-03  1.000E-03  1.000E-03  1.000E-03  1.000E-03  1.000E-03  1.000E-03  1.000E-03  1.000E-03
       1.000E-03  1.000E-03  1.000E-03  1.000E-03  1.000E-03  1.000E-03  1.000E-03  1.000E-03  1.000E-03  1.000E-03  1.000E-03
       1.000E-03  1.000E-03  1.000E-03  1.000E-03  1.000E-03  1.000E-03  1.000E-03  1.000E-03  1.000E-03  1.000E-03  1.000E-03
       1.000E-03  1.000E-03  1.000E-03  1.000E-03  1.000E-03  1.000E-03  1.000E-03  1.000E-03  1.000E-03  1.000E-03  1.000E-03
       1.000E-03  1.000E-03  1.000E-03  1.000E-03  1.000E-03  1.000E-03  1.000E-03  1.000E-03  1.000E-03  1.000E-03  1.000E-03
       1.000E-03  1.000E-03  1.000E-03  1.000E-03  1.000E-03  1.000E-03  1.000E-03  1.000E-03  1.000E-03  1.000E-03  1.000E-03
       1.000E-03  1.000E-03  1.000E-03  1.000E-03  1.000E-03  1.000E-03  1.000E-03  1.000E-03  1.000E-03  1.000E-03  1.000E-03
       1.000E-03  1.000E-03  1.000E-03  1.000E-03  1.000E-03  1.000E-03  1.000E-03  1.000E-03  1.000E-03  1.000E-03  1.000E-03
       1.000E-03  1.000E-03  1.000E-03  1.000E-03  1.000E-03  1.000E-03  1.000E-03  1.000E-03  1.000E-03  1.000E-03  1.000E-03
       1.000E-03  1.000E-03  1.000E-03  1.000E-03  1.000E-03  1.000E-03  1.000E-03  1.000E-03  1.000E-03  1.000E-03  1.000E-03
       1.000E-03  1.000E-03  1.000E-03  1.000E-03  1.000E-03  1.000E-03  1.000E-03  1.000E-03  1.000E-03  1.000E-03  1.000E-03
       1.000E-03  1.000E-03  1.000E-03  1.000E-03  1.000E-03  1.000E-03  1.000E-03  1.000E-03  1.000E-03  1.000E-03  1.000E-03
       1.000E-03  1.000E-03  1.000E-03  1.000E-03  1.000E-03  1.000E-03  1.000E-03  1.000E-03  1.000E-03  1.000E-03  1.000E-03
       1.000E-03  1.000E-03  1.000E-03  1.000E-03  1.000E-03  1.000E-03  1.000E-03  1.000E-03  1.000E-03  1.000E-03  1.000E-03
       1.000E-03  1.000E-03  1.000E-03  1.000E-03  1.000E-03  1.000E-03  1.000E-03  1.000E-03  1.000E-03  1.000E-03  1.000E-03
       1.000E-03  1.000E-03  1.000E-03  1.000E-03  1.000E-03  1.000E-03  1.000E-03  1.000E-03  1.000E-03  1.000E-03  1.000E-03
       1.000E-03  1.000E-03  1.000E-03  1.000E-03  1.000E-03  1.000E-03  1.000E-03  1.000E-03  1.000E-03  1.000E-03  1.000E-03
       1.000E-03  1.000E-03  1.000E-03  1.000E-03  1.000E-03  1.000E-03  1.000E-03  1.000E-03  1.000E-03  1.000E-03  1.000E-03
       1.000E-03  1.000E-03  1.000E-03  1.000E-03  1.000E-03  1.000E-03  1.000E-03  1.000E-03  1.000E-03  1.000E-03  1.000E-03
       1.000E-03  1.000E-03  1.000E-03  1.000E-03  1.000E-03  1.000E-03  1.000E-03  1.000E-03  1.000E-03  1.000E-03  1.000E-03
       1.000E-03  1.000E-03  1.000E-03  1.000E-03  1.000E-03  1.000E-03  1.000E-03  1.000E-03  1.000E-03  1.000E-03  1.000E-03
       1.000E-03  1.000E-03  1.000E-03  1.000E-03  1.000E-03  1.000E-03  1.000E-03  1.000E-03  1.000E-03  1.000E-03  1.000E-03
       1.000E-03  1.000E-03  1.000E-03  1.000E-03  1.000E-03  1.000E-03  1.000E-03  1.000E-03  1.000E-03  1.000E-03  1.000E-03
       1.000E-03  1.000E-03  1.000E-03  1.000E-03  1.000E-03  1.000E-03  1.000E-03  1.000E-03  1.000E-03  1.000E-03  1.000E-03
       1.000E-03  1.000E-03  1.000E-03  1.000E-03  1.000E-03  1.000E-03  1.000E-03  1.000E-03  1.000E-03  1.000E-03  1.000E-03
       1.000E-03  1.000E-03  1.000E-03  1.000E-03  1.000E-03  1.000E-03  1.000E-03  1.000E-03  1.000E-03  1.000E-03  1.000E-03
       1.000E-03  1.000E-03  1.000E-03  1.000E-03  1.000E-03  1.000E-03  1.000E-03  1.000E-03  1.000E-03  1.000E-03  1.000E-03
       1.000E-03  1.000E-03  1.000E-03  1.000E-03  1.000E-03  1.000E-03  1.000E-03  1.000E-03  1.000E-03  1.000E-03  1.000E-03
       1.000E-03  1.000E-03  1.000E-03  1.000E-03  1.000E-03  1.000E-03  1.000E-03  1.000E-03  1.000E-03  1.000E-03  1.000E-03
       1.000E-03  1.000E-03  1.000E-03  1.000E-03  1.000E-03  1.000E-03  1.000E-03  1.000E-03  1.000E-03  1.000E-03  1.000E-03
       1.000E-03  1.000E-03  1.000E-03  1.000E-03  1.000E-03  1.000E-03  1.000E-03  1.000E-03  1.000E-03  1.000E-03  1.000E-03
       1.000E-03  1.000E-03  1.000E-03  1.000E-03  1.000E-03  1.000E-03  1.000E-03  1.000E-03  1.000E-03  1.000E-03  1.000E-03
       1.000E-03  1.000E-03  1.000E-03  1.000E-03  1.000E-03  1.000E-03  1.000E-03  1.000E-03  1.000E-03  1.000E-03  1.000E-03
       1.000E-03  1.000E-03  1.000E-03  1.000E-03  1.000E-03  1.000E-03  1.000E-03  1.000E-03  1.000E-03  1.000E-03  1.000E-03
       1.000E-03  1.000E-03  1.000E-03  1.000E-03  1.000E-03  1.000E-03  1.000E-03  1.000E-03  1.000E-03  1.000E-03  1.000E-03
       1.000E-03  1.000E-03  1.000E-03  1.000E-03  1.000E-03  1.000E-03  1.000E-03  1.000E-03  1.000E-03  1.000E-03  1.000E-03
       1.000E-03  1.000E-03  1.000E-03  1.000E-03  1.000E-03  1.000E-03  1.000E-03  1.000E-03  1.000E-03  1.000E-03  1.000E-03
       1.000E-03  1.000E-03  1.000E-03  1.000E-03  1.000E-03  1.000E-03  1.000E-03  1.000E-03  1.000E-03  1.000E-03  1.000E-03
       1.000E-03  1.000E-03  1.000E-03  1.000E-03  1.000E-03  1.000E-03  1.000E-03  1.000E-03  1.000E-03  1.000E-03  1.000E-03
       1.000E-03  1.000E-03  1.000E-03  1.000E-03  1.000E-03  1.000E-03  1.000E-03  1.000E-03  1.000E-03  1.000E-03  1.000E-03
       1.000E-03  1.000E-03  1.000E-03  1.000E-03  1.000E-03  1.000E-03  1.000E-03  1.000E-03  1.000E-03  1.000E-03  1.000E-03
       1.000E-03  1.000E-03  1.000E-03  1.000E-03  1.000E-03  1.000E-03  1.000E-03  1.000E-03  1.000E-03  1.000E-03  1.000E-03
       1.000E-03  1.000E-03  1.000E-03  1.000E-03  1.000E-03  1.000E-03  1.000E-03  1.000E-03  1.000E-03  1.000E-03  1.000E-03
       1.000E-03  1.000E-03  1.000E-03  1.000E-03  1.000E-03  1.000E-03  1.000E-03  1.000E-03  1.000E-03  1.000E-03  1.000E-03
       1.000E-03  1.000E-03  1.000E-03  1.000E-03  1.000E-03  1.000E-03  1.000E-03  1.000E-03  1.000E-03  1.000E-03  1.000E-03
       1.000E-03  1.000E-03  1.000E-03  1.000E-03  1.000E-03  1.000E-03  1.000E-03  1.000E-03  1.000E-03  1.000E-03  1.000E-03
       1.000E-03  1.000E-03  1.000E-03  1.000E-03  1.000E-03  1.000E-03  1.000E-03  1.000E-03  1.000E-03  1.000E-03  1.000E-03
       1.000E-03  1.000E-03  1.000E-03  1.000E-03  1.000E-03  1.000E-03  1.000E-03  1.000E-03  1.000E-03  1.000E-03  1.000E-03
       1.000E-03  1.000E-03  1.000E-03  1.000E-03  1.000E-03  1.000E-03  1.000E-03  1.000E-03  1.000E-03  1.000E-03  1.000E-03
       1.000E-03  1.000E-03  1.000E-03  1.000E-03  1.000E-03  1.000E-03  1.000E-03  1.000E-03  1.000E-03  1.000E-03  1.000E-03
       1.000E-03  1.000E-03  1.000E-03  1.000E-03  1.000E-03  1.000E-03  1.000E-03  1.000E-03  1.000E-03  1.000E-03  1.000E-03
       1.000E-03  1.000E-03  1.000E-03  1.000E-03  1.000E-03  1.000E-03  1.000E-03  1.000E-03  1.000E-03  1.000E-03  1.000E-03
       1.000E-03  1.000E-03  1.000E-03  1.000E-03  1.000E-03  1.000E-03  1.000E-03  1.000E-03  1.000E-03  1.000E-03  1.000E-03
       1.000E-03  1.000E-03  1.000E-03  1.000E-03  1.000E-03  1.000E-03  1.000E-03  1.000E-03  1.000E-03  1.000E-03  1.000E-03
       1.000E-03  1.000E-03  1.000E-03  1.000E-03  1.000E-03  1.000E-03  1.000E-03  1.000E-03  1.000E-03  1.000E-03  1.000E-03
       1.000E-03  1.000E-03  1.000E-03  1.000E-03  1.000E-03  1.000E-03  1.000E-03  1.000E-03  1.000E-03  1.000E-03  1.000E-03
       1.000E-03  1.000E-03  1.000E-03  1.000E-03  1.000E-03  1.000E-03  1.000E-03  1.000E-03  1.000E-03  1.000E-03  1.000E-03
       1.000E-03  1.000E-03  1.000E-03  1.000E-03  1.000E-03  1.000E-03  1.000E-03  1.000E-03  1.000E-03  1.000E-03  1.000E-03
       1.000E-03  1.000E-03  1.000E-03  1.000E-03  1.000E-03  1.000E-03  1.000E-03  1.000E-03  1.000E-03  1.000E-03  1.000E-03
       1.000E-03  1.000E-03  1.000E-03  1.000E-03  1.000E-03  1.000E-03  1.000E-03  1.000E-03  1.000E-03  1.000E-03  1.000E-03
       1.000E-03  1.000E-03  1.000E-03  1.000E-03  1.000E-03  1.000E-03  1.000E-03  1.000E-03  1.000E-03  1.000E-03  1.000E-03
       1.000E-03  1.000E-03  1.000E-03  1.000E-03  1.000E-03  1.000E-03  1.000E-03  1.000E-03  1.000E-03  1.000E-03  1.000E-03
       1.000E-03  1.000E-03  1.000E-03  1.000E-03  1.000E-03  1.000E-03  1.000E-03  1.000E-03  1.000E-03  1.000E-03  1.000E-03
       1.000E-03  1.000E-03  1.000E-03  1.000E-03  1.000E-03  1.000E-03  1.000E-03  1.000E-03  1.000E-03  1.000E-03  1.000E-03
       1.000E-03  1.000E-03  1.000E-03  1.000E-03  1.000E-03  1.000E-03  1.000E-03  1.000E-03  1.000E-03  1.000E-03  1.000E-03
       1.000E-03  1.000E-03  1.000E-03  1.000E-03  1.000E-03  1.000E-03  1.000E-03  1.000E-03  1.000E-03  1.000E-03  1.000E-03
       1.000E-03  1.000E-03  1.000E-03  1.000E-03  1.000E-03  1.000E-03  1.000E-03  1.000E-03  1.000E-03  1.000E-03  1.000E-03
       1.000E-03  1.000E-03  1.000E-03  1.000E-03  1.000E-03  1.000E-03  1.000E-03  1.000E-03  1.000E-03  1.000E-03  1.000E-03
       1.000E-03  1.000E-03  1.000E-03  1.000E-03  1.000E-03  1.000E-03  1.000E-03  1.000E-03  1.000E-03  1.000E-03  1.000E-03
       1.000E-03  1.000E-03  1.000E-03  1.000E-03  1.000E-03  1.000E-03  1.000E-03  1.000E-03  1.000E-03  1.000E-03  1.000E-03
       1.000E-03  1.000E-03  1.000E-03  1.000E-03  1.000E-03  1.000E-03  1.000E-03  1.000E-03  1.000E-03  1.000E-03  1.000E-03
       1.000E-03  1.000E-03  1.000E-03  1.000E-03  1.000E-03  1.000E-03  1.000E-03  1.000E-03  1.000E-03  1.000E-03  1.000E-03
       1.000E-03  1.000E-03  1.000E-03  1.000E-03  1.000E-03  1.000E-03  1.000E-03  1.000E-03  1.000E-03  1.000E-03  1.000E-03
       1.000E-03  1.000E-03  1.000E-03  1.000E-03  1.000E-03  1.000E-03  1.000E-03  1.000E-03  1.000E-03  1.000E-03  1.000E-03
       1.000E-03  1.000E-03  1.000E-03  1.000E-03  1.000E-03  1.000E-03  1.000E-03  1.000E-03  1.000E-03  1.000E-03  1.000E-03
       1.000E-03  1.000E-03  1.000E-03  1.000E-03  1.000E-03  1.000E-03  1.000E-03  1.000E-03  1.000E-03  1.000E-03  1.000E-03
       1.000E-03  1.000E-03  1.000E-03  1.000E-03  1.000E-03  1.000E-03  1.000E-03  1.000E-03  1.000E-03  1.000E-03  1.000E-03
       1.000E-03  1.000E-03  1.000E-03  1.000E-03  1.000E-03  1.000E-03  1.000E-03  1.000E-03  1.000E-03  1.000E-03  1.000E-03
       1.000E-03  1.000E-03  1.000E-03  1.000E-03  1.000E-03  1.000E-03  1.000E-03  1.000E-03  1.000E-03  1.000E-03  1.000E-03
       1.000E-03  1.000E-03  1.000E-03  1.000E-03  1.000E-03  1.000E-03  1.000E-03  1.000E-03  1.000E-03  1.000E-03  1.000E-03
       1.000E-03  1.000E-03  1.000E-03  1.000E-03  1.000E-03  1.000E-03  1.000E-03  1.000E-03  1.000E-03  1.000E-03  1.000E-03
       1.000E-03  1.000E-03  1.000E-03  1.000E-03  1.000E-03  1.000E-03  1.000E-03  1.000E-03  1.000E-03  1.000E-03  1.000E-03
       1.000E-03  1.000E-03  1.000E-03  1.000E-03  1.000E-03  1.000E-03  1.000E-03  1.000E-03  1.000E-03  1.000E-03  1.000E-03
       1.000E-03  1.000E-03  1.000E-03  1.000E-03  1.000E-03  1.000E-03  1.000E-03  1.000E-03  1.000E-03  1.000E-03  1.000E-03
       1.000E-03  1.000E-03  1.000E-03  1.000E-03  1.000E-03  1.000E-03  1.000E-03  1.000E-03  1.000E-03  1.000E-03  1.000E-03
       1.000E-03  1.000E-03  1.000E-03  1.000E-03  1.000E-03  1.000E-03  1.000E-03  1.000E-03  1.000E-03  1.000E-03  1.000E-03
       1.000E-03  1.000E-03  1.000E-03  1.000E-03  1.000E-03  1.000E-03  1.000E-03  1.000E-03  1.000E-03  1.000E-03  1.000E-03
       1.000E-03  1.000E-03  1.000E-03  1.000E-03  1.000E-03  1.000E-03  1.000E-03  1.000E-03  1.000E-03  1.000E-03  1.000E-03
       1.000E-03  1.000E-03  1.000E-03  1.000E-03  1.000E-03  1.000E-03  1.000E-03  1.000E-03  1.000E-03  1.000E-03  1.000E-03
       1.000E-03  1.000E-03  1.000E-03  1.000E-03  1.000E-03  1.000E-03  1.000E-03  1.000E-03  1.000E-03  1.000E-03  1.000E-03
       1.000E-03  1.000E-03  1.000E-03  1.000E-03  1.000E-03  1.000E-03  1.000E-03  1.000E-03  1.000E-03  1.000E-03  1.000E-03
       1.000E-03  1.000E-03  1.000E-03  1.000E-03  1.000E-03  1.000E-03  1.000E-03  1.000E-03  1.000E-03  1.000E-03  1.000E-03
       1.000E-03  1.000E-03  1.000E-03  1.000E-03  1.000E-03  1.000E-03  1.000E-03  1.000E-03  1.000E-03  1.000E-03  1.000E-03
       1.000E-03  1.000E-03  1.000E-03  1.000E-03  1.000E-03  1.000E-03  1.000E-03  1.000E-03  1.000E-03  1.000E-03  1.000E-03
       1.000E-03  1.000E-03  1.000E-03  1.000E-03  1.000E-03  1.000E-03  1.000E-03  1.000E-03  1.000E-03  1.000E-03  1.000E-03
       1.000E-03  1.000E-03  1.000E-03  1.000E-03  1.000E-03  1.000E-03  1.000E-03  1.000E-03  1.000E-03  1.000E-03  1.000E-03
       1.000E-03  1.000E-03  1.000E-03  1.000E-03  1.000E-03  1.000E-03  1.000E-03  1.000E-03  1.000E-03  1.000E-03  1.000E-03
       1.000E-03  1.000E-03  1.000E-03  1.000E-03  1.000E-03  1.000E-03  1.000E-03  1.000E-03  1.000E-03  1.000E-03  1.000E-03
       1.000E-03  1.000E-03  1.000E-03  1.000E-03  1.000E-03  1.000E-03  1.000E-03  1.000E-03  1.000E-03  1.000E-03  1.000E-03
       1.000E-03  1.000E-03  1.000E-03  1.000E-03  1.000E-03  1.000E-03  1.000E-03  1.000E-03  1.000E-03  1.000E-03  1.000E-03
       1.000E-03  1.000E-03  1.000E-03  1.000E-03  1.000E-03  1.000E-03  1.000E-03  1.000E-03  1.000E-03  1.000E-03  1.000E-03
       1.000E-03  1.000E-03  1.000E-03  1.000E-03  1.000E-03  1.000E-03  1.000E-03  1.000E-03  1.000E-03  1.000E-03  1.000E-03
       1.000E-03  1.000E-03  1.000E-03  1.000E-03  1.000E-03  1.000E-03  1.000E-03  1.000E-03  1.000E-03  1.000E-03  1.000E-03
       1.000E-03  1.000E-03  1.000E-03  1.000E-03  1.000E-03  1.000E-03  1.000E-03  1.000E-03  1.000E-03  1.000E-03  1.000E-03
       1.000E-03  1.000E-03  1.000E-03  1.000E-03  1.000E-03  1.000E-03  1.000E-03  1.000E-03  1.000E-03  1.000E-03  1.000E-03
       1.000E-03  1.000E-03  1.000E-03  1.000E-03  1.000E-03  1.000E-03  1.000E-03  1.000E-03  1.000E-03  1.000E-03  1.000E-03
       1.000E-03  1.000E-03  1.000E-03  1.000E-03  1.000E-03  1.000E-03  1.000E-03  1.000E-03  1.000E-03  1.000E-03  1.000E-03
       1.000E-03  1.000E-03  1.000E-03  1.000E-03  1.000E-03  1.000E-03  1.000E-03  1.000E-03  1.000E-03  1.000E-03  1.000E-03
       1.000E-03  1.000E-03  1.000E-03  1.000E-03  1.000E-03  1.000E-03  1.000E-03  1.000E-03  1.000E-03  1.000E-03  1.000E-03
       1.000E-03  1.000E-03  1.000E-03  1.000E-03  1.000E-03  1.000E-03  1.000E-03  1.000E-03  1.000E-03  1.000E-03  1.000E-03
       1.000E-03  1.000E-03  1.000E-03  1.000E-03  1.000E-03  1.000E-03  1.000E-03  1.000E-03  1.000E-03  1.000E-03  1.000E-03
       1.000E-03  1.000E-03  1.000E-03  1.000E-03  1.000E-03  1.000E-03  1.000E-03  1.000E-03  1.000E-03  1.000E-03  1.000E-03
       1.000E-03  1.000E-03  1.000E-03  1.000E-03  1.000E-03  1.000E-03  1.000E-03  1.000E-03  1.000E-03  1.000E-03  1.000E-03
       1.000E-03  1.000E-03  1.000E-03  1.000E-03  1.000E-03  1.000E-03  1.000E-03  1.000E-03  1.000E-03  1.000E-03  1.000E-03
       1.000E-03  1.000E-03  1.000E-03  1.000E-03  1.000E-03  1.000E-03  1.000E-03  1.000E-03  1.000E-03  1.000E-03  1.000E-03
       1.000E-03  1.000E-03  1.000E-03  1.000E-03  1.000E-03  1.000E-03  1.000E-03  1.000E-03  1.000E-03  1.000E-03  1.000E-03
       1.000E-03  1.000E-03  1.000E-03  1.000E-03  1.000E-03  1.000E-03  1.000E-03  1.000E-03  1.000E-03  1.000E-03  1.000E-03
       1.000E-03  1.000E-03  1.000E-03  1.000E-03  1.000E-03  1.000E-03  1.000E-03  1.000E-03  1.000E-03  1.000E-03  1.000E-03
       1.000E-03  1.000E-03  1.000E-03  1.000E-03  1.000E-03  1.000E-03  1.000E-03  1.000E-03  1.000E-03  1.000E-03  1.000E-03
       1.000E-03  1.000E-03  1.000E-03  1.000E-03  1.000E-03  1.000E-03  1.000E-03  1.000E-03  1.000E-03  1.000E-03  1.000E-03
       1.000E-03  1.000E-03  1.000E-03  1.000E-03  1.000E-03  1.000E-03  1.000E-03  1.000E-03  1.000E-03  1.000E-03  1.000E-03
       1.000E-03  1.000E-03  1.000E-03  1.000E-03  1.000E-03  1.000E-03  1.000E-03  1.000E-03  1.000E-03  1.000E-03  1.000E-03
       1.000E-03  1.000E-03  1.000E-03  1.000E-03  1.000E-03  1.000E-03  1.000E-03  1.000E-03  1.000E-03  1.000E-03  1.000E-03
       1.000E-03  1.000E-03  1.000E-03  1.000E-03  1.000E-03  1.000E-03  1.000E-03  1.000E-03  1.000E-03  1.000E-03  1.000E-03
       1.000E-03  1.000E-03  1.000E-03  1.000E-03  1.000E-03  1.000E-03  1.000E-03  1.000E-03  1.000E-03  1.000E-03  1.000E-03
       1.000E-03  1.000E-03  1.000E-03  1.000E-03  1.000E-03  1.000E-03  1.000E-03  1.000E-03  1.000E-03  1.000E-03  1.000E-03
       1.000E-03  1.000E-03  1.000E-03  1.000E-03  1.000E-03  1.000E-03  1.000E-03  1.000E-03  1.000E-03  1.000E-03  1.000E-03
       1.000E-03  1.000E-03  1.000E-03  1.000E-03  1.000E-03  1.000E-03  1.000E-03  1.000E-03  1.000E-03  1.000E-03  1.000E-03
       1.000E-03  1.000E-03  1.000E-03  1.000E-03  1.000E-03  1.000E-03  1.000E-03  1.000E-03  1.000E-03  1.000E-03  1.000E-03
       1.000E-03  1.000E-03  1.000E-03  1.000E-03  1.000E-03  1.000E-03  1.000E-03  1.000E-03  1.000E-03  1.000E-03  1.000E-03
       1.000E-03  1.000E-03  1.000E-03  1.000E-03  1.000E-03  1.000E-03  1.000E-03  1.000E-03  1.000E-03  1.000E-03  1.000E-03
       1.000E-03  1.000E-03  1.000E-03  1.000E-03  1.000E-03  1.000E-03  1.000E-03  1.000E-03  1.000E-03  1.000E-03  1.000E-03
       1.000E-03  1.000E-03  1.000E-03  1.000E-03  1.000E-03  1.000E-03  1.000E-03  1.000E-03  1.000E-03  1.000E-03  1.000E-03
       1.000E-03  1.000E-03  1.000E-03  1.000E-03  1.000E-03  1.000E-03  1.000E-03  1.000E-03  1.000E-03  1.000E-03  1.000E-03
       1.000E-03  1.000E-03  1.000E-03  1.000E-03  1.000E-03  1.000E-03  1.000E-03  1.000E-03  1.000E-03  1.000E-03  1.000E-03
       1.000E-03  1.000E-03  1.000E-03  1.000E-03  1.000E-03  1.000E-03  1.000E-03  1.000E-03  1.000E-03  1.000E-03  1.000E-03
       1.000E-03  1.000E-03  1.000E-03  1.000E-03  1.000E-03  1.000E-03  1.000E-03  1.000E-03  1.000E-03  1.000E-03  1.000E-03
       1.000E-03  1.000E-03  1.000E-03  1.000E-03  1.000E-03  1.000E-03  1.000E-03  1.000E-03  1.000E-03  1.000E-03  1.000E-03
       1.000E-03  1.000E-03  1.000E-03  1.000E-03  1.000E-03  1.000E-03  1.000E-03  1.000E-03  1.000E-03  1.000E-03  1.000E-03
       1.000E-03  1.000E-03  1.000E-03  1.000E-03  1.000E-03  1.000E-03  1.000E-03  1.000E-03  1.000E-03  1.000E-03  1.000E-03
       1.000E-03  1.000E-03  1.000E-03  1.000E-03  1.000E-03  1.000E-03  1.000E-03  1.000E-03  1.000E-03  1.000E-03  1.000E-03
       1.000E-03  1.000E-03  1.000E-03  1.000E-03  1.000E-03  1.000E-03  1.000E-03  1.000E-03  1.000E-03  1.000E-03  1.000E-03
       1.000E-03  1.000E-03  1.000E-03  1.000E-03  1.000E-03  1.000E-03  1.000E-03  1.000E-03  1.000E-03  1.000E-03  1.000E-03
       1.000E-03  1.000E-03  1.000E-03  1.000E-03  1.000E-03  1.000E-03  1.000E-03  1.000E-03  1.000E-03  1.000E-03  1.000E-03
       1.000E-03  1.000E-03  1.000E-03  1.000E-03  1.000E-03  1.000E-03  1.000E-03  1.000E-03  1.000E-03  1.000E-03  1.000E-03
       1.000E-03  1.000E-03  1.000E-03  1.000E-03  1.000E-03  1.000E-03  1.000E-03  1.000E-03  1.000E-03  1.000E-03  1.000E-03
       1.000E-03  1.000E-03  1.000E-03  1.000E-03  1.000E-03  1.000E-03  1.000E-03  1.000E-03  1.000E-03  1.000E-03  1.000E-03
       1.000E-03  1.000E-03  1.000E-03  1.000E-03  1.000E-03  1.000E-03  1.000E-03  1.000E-03  1.000E-03  1.000E-03  1.000E-03
       1.000E-03  1.000E-03  1.000E-03  1.000E-03  1.000E-03  1.000E-03  1.000E-03  1.000E-03  1.000E-03  1.000E-03  1.000E-03
       1.000E-03  1.000E-03  1.000E-03  1.000E-03  1.000E-03  1.000E-03  1.000E-03  1.000E-03  1.000E-03  1.000E-03  1.000E-03
       1.000E-03  1.000E-03  1.000E-03  1.000E-03  1.000E-03  1.000E-03  1.000E-03  1.000E-03  1.000E-03  1.000E-03  1.000E-03
       1.000E-03  1.000E-03  1.000E-03  1.000E-03  1.000E-03  1.000E-03  1.000E-03  1.000E-03  1.000E-03  1.000E-03  1.000E-03
       1.000E-03  1.000E-03  1.000E-03  1.000E-03  1.000E-03  1.000E-03  1.000E-03  1.000E-03  1.000E-03  1.000E-03  1.000E-03
       1.000E-03  1.000E-03  1.000E-03  1.000E-03  1.000E-03  1.000E-03  1.000E-03  1.000E-03  1.000E-03  1.000E-03  1.000E-03
       1.000E-03  1.000E-03  1.000E-03  1.000E-03  1.000E-03  1.000E-03  1.000E-03  1.000E-03  1.000E-03  1.000E-03  1.000E-03
       1.000E-03  1.000E-03  1.000E-03  1.000E-03  1.000E-03  1.000E-03  1.000E-03  1.000E-03  1.000E-03  1.000E-03  1.000E-03
       1.000E-03  1.000E-03  1.000E-03  1.000E-03  1.000E-03  1.000E-03  1.000E-03  1.000E-03  1.000E-03  1.000E-03  1.000E-03
       1.000E-03  1.000E-03  1.000E-03  1.000E-03  1.000E-03  1.000E-03  1.000E-03  1.000E-03  1.000E-03  1.000E-03  1.000E-03
       1.000E-03  1.000E-03  1.000E-03  1.000E-03  1.000E-03  1.000E-03  1.000E-03  1.000E-03  1.000E-03  1.000E-03  1.000E-03
       1.000E-03  1.000E-03  1.000E-03  1.000E-03  1.000E-03  1.000E-03  1.000E-03  1.000E-03  1.000E-03  1.000E-03  1.000E-03
       1.000E-03  1.000E-03  1.000E-03  1.000E-03  1.000E-03  1.000E-03  1.000E-03  1.000E-03  1.000E-03  1.000E-03  1.000E-03
       1.000E-03  1.000E-03  1.000E-03  1.000E-03  1.000E-03  1.000E-03  1.000E-03  1.000E-03  1.000E-03  1.000E-03  1.000E-03
       1.000E-03  1.000E-03  1.000E-03  1.000E-03  1.000E-03  1.000E-03  1.000E-03  1.000E-03  1.000E-03  1.000E-03  1.000E-03
       1.000E-03  1.000E-03  1.000E-03  1.000E-03  1.000E-03  1.000E-03  1.000E-03  1.000E-03  1.000E-03  1.000E-03  1.000E-03
       1.000E-03  1.000E-03  1.000E-03  1.000E-03  1.000E-03  1.000E-03  1.000E-03  1.000E-03  1.000E-03  1.000E-03  1.000E-03
       1.000E-03  1.000E-03  1.000E-03  1.000E-03  1.000E-03  1.000E-03  1.000E-03  1.000E-03  1.000E-03  1.000E-03  1.000E-03
       1.000E-03  1.000E-03  1.000E-03  1.000E-03  1.000E-03  1.000E-03  1.000E-03  1.000E-03  1.000E-03  1.000E-03  1.000E-03
       1.000E-03  1.000E-03  1.000E-03  1.000E-03  1.000E-03  1.000E-03  1.000E-03  1.000E-03  1.000E-03  1.000E-03  1.000E-03
       1.000E-03  1.000E-03  1.000E-03  1.000E-03  1.000E-03  1.000E-03  1.000E-03  1.000E-03  1.000E-03  1.000E-03  1.000E-03
       1.000E-03  1.000E-03  1.000E-03  1.000E-03  1.000E-03  1.000E-03  1.000E-03  1.000E-03  1.000E-03  1.000E-03  1.000E-03
       1.000E-03  1.000E-03  1.000E-03  1.000E-03  1.000E-03  1.000E-03  1.000E-03  1.000E-03  1.000E-03  1.000E-03  1.000E-03
       1.000E-03  1.000E-03  1.000E-03  1.000E-03  1.000E-03  1.000E-03  1.000E-03  1.000E-03  1.000E-03  1.000E-03  1.000E-03
       1.000E-03  1.000E-03  1.000E-03  1.000E-03  1.000E-03  1.000E-03  1.000E-03  1.000E-03  1.000E-03  1.000E-03  1.000E-03
       1.000E-03  1.000E-03  1.000E-03  1.000E-03  1.000E-03  1.000E-03  1.000E-03  1.000E-03  1.000E-03  1.000E-03  1.000E-03
       1.000E-03  1.000E-03  1.000E-03  1.000E-03  1.000E-03  1.000E-03  1.000E-03  1.000E-03  1.000E-03  1.000E-03  1.000E-03
       1.000E-03  1.000E-03  1.000E-03  1.000E-03  1.000E-03  1.000E-03  1.000E-03  1.000E-03  1.000E-03  1.000E-03  1.000E-03
       1.000E-03  1.000E-03  1.000E-03  1.000E-03  1.000E-03  1.000E-03  1.000E-03  1.000E-03  1.000E-03  1.000E-03  1.000E-03
       1.000E-03  1.000E-03  1.000E-03  1.000E-03  1.000E-03  1.000E-03  1.000E-03  1.000E-03  1.000E-03  1.000E-03  1.000E-03
       1.000E-03  1.000E-03  1.000E-03  1.000E-03  1.000E-03  1.000E-03  1.000E-03  1.000E-03  1.000E-03  1.000E-03  1.000E-03
       1.000E-03  1.000E-03  1.000E-03  1.000E-03  1.000E-03  1.000E-03  1.000E-03  1.000E-03  1.000E-03  1.000E-03  1.000E-03
       1.000E-03  1.000E-03  1.000E-03  1.000E-03  1.000E-03  1.000E-03  1.000E-03  1.000E-03  1.000E-03  1.000E-03  1.000E-03
       1.000E-03  1.000E-03  1.000E-03  1.000E-03  1.000E-03  1.000E-03  1.000E-03  1.000E-03  1.000E-03  1.000E-03  1.000E-03
       1.000E-03  1.000E-03  1.000E-03  1.000E-03  1.000E-03  1.000E-03  1.000E-03  1.000E-03  1.000E-03  1.000E-03  1.000E-03
       1.000E-03  1.000E-03  1.000E-03  1.000E-03  1.000E-03  1.000E-03  1.000E-03  1.000E-03  1.000E-03  1.000E-03  1.000E-03
       1.000E-03  1.000E-03  1.000E-03  1.000E-03  1.000E-03  1.000E-03  1.000E-03  1.000E-03  1.000E-03  1.000E-03  1.000E-03
       1.000E-03  1.000E-03  1.000E-03  1.000E-03  1.000E-03  1.000E-03  1.000E-03  1.000E-03  1.000E-03  1.000E-03  1.000E-03
       1.000E-03  1.000E-03  1.000E-03  1.000E-03  1.000E-03  1.000E-03  1.000E-03  1.000E-03  1.000E-03  1.000E-03  1.000E-03
       1.000E-03  1.000E-03  1.000E-03  1.000E-03  1.000E-03  1.000E-03  1.000E-03  1.000E-03  1.000E-03  1.000E-03  1.000E-03
       1.000E-03  1.000E-03  1.000E-03  1.000E-03  1.000E-03  1.000E-03  1.000E-03  1.000E-03  1.000E-03  1.000E-03  1.000E-03
       1.000E-03  1.000E-03  1.000E-03  1.000E-03  1.000E-03  1.000E-03  1.000E-03  1.000E-03  1.000E-03  1.000E-03  1.000E-03
       1.000E-03  1.000E-03  1.000E-03  1.000E-03  1.000E-03  1.000E-03  1.000E-03  1.000E-03  1.000E-03  1.000E-03  1.000E-03
       1.000E-03  1.000E-03  1.000E-03  1.000E-03  1.000E-03  1.000E-03  1.000E-03  1.000E-03  1.000E-03  1.000E-03  1.000E-03
       1.000E-03  1.000E-03  1.000E-03  1.000E-03  1.000E-03  1.000E-03  1.000E-03  1.000E-03  1.000E-03  1.000E-03  1.000E-03
       1.000E-03  1.000E-03  1.000E-03  1.000E-03  1.000E-03  1.000E-03  1.000E-03  1.000E-03  1.000E-03  1.000E-03  1.000E-03
       1.000E-03  1.000E-03  1.000E-03  1.000E-03  1.000E-03  1.000E-03  1.000E-03  1.000E-03  1.000E-03  1.000E-03  1.000E-03
       1.000E-03  1.000E-03  1.000E-03  1.000E-03  1.000E-03  1.000E-03  1.000E-03  1.000E-03  1.000E-03  1.000E-03  1.000E-03
       1.000E-03  1.000E-03  1.000E-03  1.000E-03  1.000E-03  1.000E-03  1.000E-03  1.000E-03  1.000E-03  1.000E-03  1.000E-03
       1.000E-03  1.000E-03  1.000E-03  1.000E-03  1.000E-03  1.000E-03  1.000E-03  1.000E-03  1.000E-03  1.000E-03  1.000E-03
       1.000E-03  1.000E-03  1.000E-03  1.000E-03  1.000E-03  1.000E-03  1.000E-03  1.000E-03  1.000E-03  1.000E-03  1.000E-03
       1.000E-03  1.000E-03  1.000E-03  1.000E-03  1.000E-03  1.000E-03  1.000E-03  1.000E-03  1.000E-03  1.000E-03  1.000E-03
       1.000E-03  1.000E-03  1.000E-03  1.000E-03  1.000E-03  1.000E-03  1.000E-03  1.000E-03  1.000E-03  1.000E-03  1.000E-03
       1.000E-03  1.000E-03  1.000E-03  1.000E-03  1.000E-03  1.000E-03  1.000E-03  1.000E-03  1.000E-03  1.000E-03  1.000E-03
       1.000E-03  1.000E-03  1.000E-03  1.000E-03  1.000E-03  1.000E-03  1.000E-03  1.000E-03  1.000E-03  1.000E-03  1.000E-03
       1.000E-03  1.000E-03  1.000E-03  1.000E-03  1.000E-03  1.000E-03  1.000E-03  1.000E-03  1.000E-03  1.000E-03  1.000E-03
       1.000E-03  1.000E-03  1.000E-03  1.000E-03  1.000E-03  1.000E-03  1.000E-03  1.000E-03  1.000E-03  1.000E-03  1.000E-03
       1.000E-03  1.000E-03  1.000E-03  1.000E-03  1.000E-03  1.000E-03  1.000E-03  1.000E-03  1.000E-03  1.000E-03  1.000E-03
       1.000E-03  1.000E-03  1.000E-03  1.000E-03  1.000E-03  1.000E-03  1.000E-03  1.000E-03  1.000E-03  1.000E-03  1.000E-03
       1.000E-03  1.000E-03  1.000E-03  1.000E-03  1.000E-03  1.000E-03  1.000E-03  1.000E-03  1.000E-03  1.000E-03  1.000E-03
       1.000E-03  1.000E-03  1.000E-03  1.000E-03  1.000E-03  1.000E-03  1.000E-03  1.000E-03  1.000E-03  1.000E-03  1.000E-03
       1.000E-03  1.000E-03  1.000E-03  1.000E-03  1.000E-03  1.000E-03  1.000E-03  1.000E-03  1.000E-03  1.000E-03  1.000E-03
       1.000E-03  1.000E-03  1.000E-03  1.000E-03  1.000E-03  1.000E-03  1.000E-03  1.000E-03  1.000E-03  1.000E-03  1.000E-03
       1.000E-03  1.000E-03  1.000E-03  1.000E-03  1.000E-03  1.000E-03  1.000E-03  1.000E-03  1.000E-03  1.000E-03  1.000E-03
       1.000E-03  1.000E-03  1.000E-03  1.000E-03  1.000E-03  1.000E-03  1.000E-03  1.000E-03  1.000E-03  1.000E-03  1.000E-03
       1.000E-03  1.000E-03  1.000E-03  1.000E-03  1.000E-03  1.000E-03  1.000E-03  1.000E-03  1.000E-03  1.000E-03  1.000E-03
       1.000E-03  1.000E-03  1.000E-03  1.000E-03  1.000E-03  1.000E-03  1.000E-03  1.000E-03  1.000E-03  1.000E-03  1.000E-03
       1.000E-03  1.000E-03  1.000E-03  1.000E-03  1.000E-03  1.000E-03  1.000E-03  1.000E-03  1.000E-03  1.000E-03  1.000E-03
       1.000E-03  1.000E-03  1.000E-03  1.000E-03  1.000E-03  1.000E-03  1.000E-03  1.000E-03  1.000E-03  1.000E-03  1.000E-03
       1.000E-03  1.000E-03  1.000E-03  1.000E-03  1.000E-03  1.000E-03  1.000E-03  1.000E-03  1.000E-03  1.000E-03  1.000E-03
       1.000E-03  1.000E-03  1.000E-03  1.000E-03  1.000E-03  1.000E-03  1.000E-03  1.000E-03  1.000E-03  1.000E-03  1.000E-03
       1.000E-03  1.000E-03  1.000E-03  1.000E-03  1.000E-03  1.000E-03  1.000E-03  1.000E-03  1.000E-03  1.000E-03  1.000E-03
       1.000E-03  1.000E-03  1.000E-03  1.000E-03  1.000E-03  1.000E-03  1.000E-03  1.000E-03  1.000E-03  1.000E-03  1.000E-03
       1.000E-03  1.000E-03  1.000E-03  1.000E-03  1.000E-03  1.000E-03  1.000E-03  1.000E-03  1.000E-03  1.000E-03  1.000E-03
       1.000E-03  1.000E-03  1.000E-03  1.000E-03  1.000E-03  1.000E-03  1.000E-03  1.000E-03  1.000E-03  1.000E-03  1.000E-03
       1.000E-03  1.000E-03  1.000E-03  1.000E-03  1.000E-03  1.000E-03  1.000E-03  1.000E-03  1.000E-03  1.000E-03  1.000E-03
       1.000E-03  1.000E-03  1.000E-03  1.000E-03  1.000E-03  1.000E-03  1.000E-03  1.000E-03  1.000E-03  1.000E-03  1.000E-03
       1.000E-03  1.000E-03  1.000E-03  1.000E-03  1.000E-03  1.000E-03  1.000E-03  1.000E-03  1.000E-03  1.000E-03  1.000E-03
       1.000E-03  1.000E-03  1.000E-03  1.000E-03  1.000E-03  1.000E-03  1.000E-03  1.000E-03  1.000E-03  1.000E-03  1.000E-03
       1.000E-03  1.000E-03  1.000E-03  1.000E-03  1.000E-03  1.000E-03  1.000E-03  1.000E-03  1.000E-03  1.000E-03  1.000E-03
       1.000E-03  1.000E-03  1.000E-03  1.000E-03  1.000E-03  1.000E-03  1.000E-03  1.000E-03  1.000E-03  1.000E-03  1.000E-03
       1.000E-03  1.000E-03  1.000E-03  1.000E-03  1.000E-03  1.000E-03  1.000E-03  1.000E-03  1.000E-03  1.000E-03  1.000E-03
       1.000E-03  1.000E-03  1.000E-03  1.000E-03  1.000E-03  1.000E-03  1.000E-03  1.000E-03  1.000E-03  1.000E-03  1.000E-03
       1.000E-03  1.000E-03  1.000E-03  1.000E-03  1.000E-03  1.000E-03  1.000E-03  1.000E-03  1.000E-03  1.000E-03  1.000E-03
       1.000E-03  1.000E-03  1.000E-03  1.000E-03  1.000E-03  1.000E-03  1.000E-03  1.000E-03  1.000E-03  1.000E-03  1.000E-03
       1.000E-03  1.000E-03  1.000E-03  1.000E-03  1.000E-03  1.000E-03  1.000E-03  1.000E-03  1.000E-03  1.000E-03  1.000E-03
       1.000E-03  1.000E-03  1.000E-03  1.000E-03  1.000E-03  1.000E-03

           SPECIFIC YIELD =  0.1500000    
 END PROCESSING GRIDDATA
    BINARY GRID INFORMATION WILL BE WRITTEN TO:
      UNIT NUMBER: 1029
      FILE NAME: C:\Users\tfo46\e_Python\e_projects\pakipaki_01\models\local_run4\local_run4\local_run4.dis.grb

 OPENED C:\Users\tfo46\e_Python\e_projects\pakipaki_01\models\local_run4\local_run4\local_run4.dis.grb
 FILE TYPE:DATA(BINARY)   UNIT 1029   STATUS:REPLACE             
 FORMAT:UNFORMATTED            ACCESS:STREAM              
 ACTION:READWRITE           

      THE LAST TIME STEP WILL BE PRINTED
      THE LAST TIME STEP WILL BE PRINTED
 # File generated by Flopy version 3.9.3 on 10/28/2025 at 17:33:44.

 PROCESSING OC OPTIONS

    BUDGET INFORMATION WILL BE WRITTEN TO:
      UNIT NUMBER: 1030
      FILE NAME: local_run4.cbc

 OPENED local_run4.cbc
 FILE TYPE:DATA(BINARY)   UNIT 1030   STATUS:REPLACE             
 FORMAT:UNFORMATTED            ACCESS:STREAM              
 ACTION:READWRITE           

    HEAD INFORMATION WILL BE WRITTEN TO:
      UNIT NUMBER: 1031
      FILE NAME: local_run4.hds

 OPENED local_run4.hds
 FILE TYPE:DATA(BINARY)   UNIT 1031   STATUS:REPLACE             
 FORMAT:UNFORMATTED            ACCESS:STREAM              
 ACTION:READWRITE           

 END OF OC OPTIONS

start timestep kper="1" kstp="1" mode="normal"


 BEGIN READING OUTPUT CONTROL FOR STRESS PERIOD 1
      ALL TIME STEPS WILL BE SAVED
      ALL TIME STEPS WILL BE SAVED

 END READING OUTPUT CONTROL FOR STRESS PERIOD 1


 PROCESSING STORAGE PERIOD DATA
 END PROCESSING STORAGE PERIOD DATA


 STRESS PERIOD 1 IS STEADY-STATE


 OPENED local_run4.ghbaw_stress_period_data_0.txt
 FILE TYPE:OPEN/CLOSE   UNIT 1032   STATUS:OLD                 
 FORMAT:FORMATTED              ACCESS:SEQUENTIAL          
 ACTION:READ                


 OPENED local_run4.ghb_conf_stress_period_data_0.txt
 FILE TYPE:OPEN/CLOSE   UNIT 1033   STATUS:OLD                 
 FORMAT:FORMATTED              ACCESS:SEQUENTIAL          
 ACTION:READ                


 OPENED local_run4.ghb_pw_stress_period_data_0.txt
 FILE TYPE:OPEN/CLOSE   UNIT 1034   STATUS:OLD                 
 FORMAT:FORMATTED              ACCESS:SEQUENTIAL          
 ACTION:READ                


 OPENED local_run4.ghbspr_stress_period_data_0.txt
 FILE TYPE:OPEN/CLOSE   UNIT 1035   STATUS:OLD                 
 FORMAT:FORMATTED              ACCESS:SEQUENTIAL          
 ACTION:READ                


 OPENED local_run4.rcha_recharge_0.txt
 FILE TYPE:OPEN/CLOSE   UNIT 1036   STATUS:OLD                 
 FORMAT:FORMATTED              ACCESS:SEQUENTIAL          
 ACTION:READ                


                 RECHARGE

               1          2          3          4          5          6          7          8          9         10         11
              12         13         14         15         16         17         18         19         20         21         22
              23         24         25         26         27         28         29         30         31         32         33
              34         35         36         37         38         39         40         41         42         43         44
              45         46         47         48         49         50         51         52         53         54         55
              56         57
 .............................................................................................................................
   1    0.00       0.00       0.00       0.00       0.00       0.00       0.00       0.00       0.00       0.00       0.00    
        0.00       0.00       0.00       0.00       0.00       0.00       0.00       0.00       0.00       0.00       0.00    
        0.00       0.00       0.00       0.00       0.00       0.00       0.00       0.00       0.00       0.00       0.00    
        0.00       0.00       0.00       0.00       0.00       0.00       0.00       0.00       0.00       0.00       0.00    
        0.00       0.00       0.00       0.00       0.00       0.00       0.00       0.00       0.00       0.00       0.00    
        0.00       0.00    
   2    0.00       0.00       0.00       0.00       0.00       0.00       0.00       0.00       0.00       0.00       0.00    
        0.00       0.00       0.00       0.00       0.00       0.00       0.00       0.00       0.00       0.00       0.00    
        0.00       0.00       0.00       0.00       0.00      3.673E-03  3.673E-03  3.673E-03  3.673E-03  3.673E-03  3.673E-03
       3.673E-03  3.673E-03  3.673E-03  3.673E-03  3.673E-03  3.673E-03  3.673E-03  3.673E-03  3.673E-03  3.673E-03   0.00    
        0.00       0.00       0.00       0.00       0.00       0.00       0.00       0.00       0.00       0.00       0.00    
        0.00       0.00    
   3    0.00       0.00       0.00       0.00       0.00       0.00       0.00       0.00       0.00       0.00       0.00    
        0.00       0.00       0.00       0.00       0.00       0.00       0.00       0.00       0.00       0.00       0.00    
        0.00       0.00      3.673E-03  3.673E-03  3.673E-03  3.673E-03  3.673E-03  3.673E-03  3.673E-03  3.673E-03  3.673E-03
       3.673E-03  3.673E-03  3.673E-03  3.673E-03  3.673E-03  3.673E-03  3.673E-03  3.673E-03  3.673E-03  3.673E-03  3.673E-03
       3.673E-03  3.673E-03  3.673E-03  3.673E-03   0.00       0.00       0.00       0.00       0.00       0.00       0.00    
        0.00       0.00    
   4    0.00       0.00       0.00       0.00       0.00       0.00       0.00       0.00       0.00       0.00       0.00    
        0.00       0.00       0.00       0.00       0.00       0.00       0.00       0.00       0.00       0.00      3.673E-03
       3.673E-03  3.673E-03  3.673E-03  3.673E-03  3.673E-03  3.673E-03  3.673E-03  3.673E-03  3.673E-03  3.673E-03  3.673E-03
       3.673E-03  3.673E-03  3.673E-03  3.673E-03  3.673E-03  3.673E-03  3.673E-03  3.673E-03  3.673E-03  3.673E-03  3.673E-03
       3.673E-03  3.673E-03  3.673E-03  3.673E-03  3.673E-03   0.00       0.00       0.00       0.00       0.00       0.00    
        0.00       0.00    
   5    0.00       0.00       0.00       0.00       0.00       0.00       0.00       0.00       0.00       0.00       0.00    
        0.00       0.00       0.00       0.00       0.00       0.00       0.00      3.673E-03  3.673E-03  3.673E-03  3.673E-03
       3.673E-03  3.673E-03  3.673E-03  3.673E-03  3.673E-03  3.673E-03  3.673E-03  3.673E-03  3.673E-03  3.673E-03  3.673E-03
       3.673E-03  3.673E-03  3.673E-03  3.673E-03  3.673E-03  3.673E-03  3.673E-03  3.673E-03  3.673E-03  3.673E-03  3.673E-03
       3.673E-03  3.673E-03  3.673E-03  3.673E-03  3.673E-03  3.673E-03   0.00       0.00       0.00       0.00       0.00    
        0.00       0.00    
   6    0.00       0.00       0.00       0.00       0.00       0.00       0.00       0.00       0.00       0.00       0.00    
        0.00       0.00       0.00       0.00       0.00      3.673E-03  3.673E-03  3.673E-03  3.673E-03  3.673E-03  3.673E-03
       3.673E-03  3.673E-03  3.673E-03  3.673E-03  3.673E-03  3.673E-03  3.673E-03  3.673E-03  3.673E-03  3.673E-03  3.673E-03
       3.673E-03  3.673E-03  3.673E-03  3.673E-03  3.673E-03  3.673E-03  3.673E-03  3.673E-03  3.673E-03  3.673E-03  3.673E-03
       3.673E-03  3.673E-03  3.673E-03  3.673E-03  3.673E-03  3.673E-03  3.673E-03  3.673E-03   0.00       0.00       0.00    
        0.00       0.00    
   7    0.00       0.00       0.00       0.00       0.00       0.00       0.00       0.00       0.00       0.00       0.00    
        0.00       0.00       0.00       0.00      3.673E-03  3.673E-03  3.673E-03  3.673E-03  3.673E-03  3.673E-03  3.673E-03
       3.673E-03  3.673E-03  3.673E-03  3.673E-03  3.673E-03  3.673E-03  3.673E-03  3.673E-03  3.673E-03  3.673E-03  3.673E-03
       3.673E-03  3.673E-03  3.673E-03  3.673E-03  3.673E-03  3.673E-03  3.673E-03  3.673E-03  3.673E-03  3.673E-03  3.673E-03
       3.673E-03  3.673E-03  3.673E-03  3.673E-03  3.673E-03  3.673E-03  3.673E-03  3.673E-03  3.673E-03   0.00       0.00    
        0.00       0.00    
   8    0.00       0.00       0.00       0.00       0.00       0.00       0.00       0.00       0.00       0.00       0.00    
        0.00       0.00       0.00      3.673E-03  3.673E-03  3.673E-03  3.673E-03  3.673E-03  3.673E-03  3.673E-03  3.673E-03
       3.673E-03  3.673E-03  3.673E-03  3.673E-03  3.673E-03  3.673E-03  3.673E-03  3.673E-03  3.673E-03  3.673E-03  3.673E-03
       3.673E-03  3.673E-03  3.673E-03  3.673E-03  3.673E-03  3.673E-03  3.673E-03  3.673E-03  3.673E-03  3.673E-03  3.673E-03
       3.673E-03  3.673E-03  3.673E-03  3.673E-03  3.673E-03  3.673E-03  3.673E-03  3.673E-03  3.673E-03  3.673E-03   0.00    
        0.00       0.00    
   9    0.00       0.00       0.00       0.00       0.00       0.00       0.00       0.00       0.00       0.00       0.00    
        0.00       0.00      3.673E-03  3.673E-03  3.673E-03  3.673E-03  3.673E-03  3.673E-03  3.673E-03  3.673E-03  3.673E-03
       3.673E-03  3.673E-03  3.673E-03  3.673E-03  3.673E-03  3.673E-03  3.673E-03  3.673E-03  3.673E-03  3.673E-03  3.673E-03
       3.673E-03  3.673E-03  3.673E-03  3.673E-03  3.673E-03  3.673E-03  3.673E-03  3.673E-03  3.673E-03  3.673E-03  3.673E-03
       3.673E-03  3.673E-03  3.673E-03  3.673E-03  3.673E-03  3.673E-03  3.673E-03  3.673E-03  3.673E-03  3.673E-03  3.673E-03
        0.00       0.00    
  10    0.00       0.00       0.00       0.00       0.00       0.00       0.00       0.00       0.00       0.00       0.00    
        0.00      3.673E-03  3.673E-03  3.673E-03  3.673E-03  3.673E-03  3.673E-03  3.673E-03  3.673E-03  3.673E-03  3.673E-03
       3.673E-03  3.673E-03  3.673E-03  3.673E-03  3.673E-03  3.673E-03  3.673E-03  3.673E-03  3.673E-03  3.673E-03  3.673E-03
       3.673E-03  3.673E-03  3.673E-03  3.673E-03  3.673E-03  3.673E-03  3.673E-03  3.673E-03  3.673E-03  3.673E-03  3.673E-03
       3.673E-03  3.673E-03  3.673E-03  3.673E-03  3.673E-03  3.673E-03  3.673E-03  3.673E-03  3.673E-03  3.673E-03  3.673E-03
        0.00       0.00    
  11    0.00       0.00       0.00       0.00       0.00       0.00       0.00       0.00       0.00       0.00       0.00    
       3.673E-03  3.673E-03  3.673E-03  3.673E-03  3.673E-03  3.673E-03  3.673E-03  3.673E-03  3.673E-03  3.673E-03  3.673E-03
       3.673E-03  3.673E-03  3.673E-03  3.673E-03  3.673E-03  3.673E-03  3.673E-03  3.673E-03  3.673E-03  3.673E-03  3.673E-03
       3.673E-03  3.673E-03  3.673E-03  3.673E-03  3.673E-03  3.673E-03  3.673E-03  3.673E-03  3.673E-03  3.673E-03  3.673E-03
       3.673E-03  3.673E-03  3.673E-03  3.673E-03  3.673E-03  3.673E-03  3.673E-03  3.673E-03  3.673E-03  3.673E-03  3.673E-03
       3.673E-03   0.00    
  12    0.00       0.00       0.00       0.00       0.00       0.00       0.00       0.00       0.00       0.00      3.673E-03
       3.673E-03  3.673E-03  3.673E-03  3.673E-03  3.673E-03  3.673E-03  3.673E-03  3.673E-03  3.673E-03  3.673E-03  3.673E-03
       3.673E-03  3.673E-03  3.673E-03  3.673E-03  3.673E-03  3.673E-03  3.673E-03  3.673E-03  3.673E-03  3.673E-03  3.673E-03
       3.673E-03  3.673E-03  3.673E-03  3.673E-03  3.673E-03  3.673E-03  3.673E-03  3.673E-03  3.673E-03  3.673E-03  3.673E-03
       3.673E-03  3.673E-03  3.673E-03  3.673E-03  3.673E-03  3.673E-03  3.673E-03  3.673E-03  3.673E-03  3.673E-03  3.673E-03
       3.673E-03   0.00    
  13    0.00       0.00       0.00       0.00       0.00       0.00       0.00       0.00       0.00      3.673E-03  3.673E-03
       3.673E-03  3.673E-03  3.673E-03  3.673E-03  3.673E-03  3.673E-03  3.673E-03  3.673E-03  3.673E-03  3.673E-03  3.673E-03
       3.673E-03  3.673E-03  3.673E-03  3.673E-03  3.673E-03  3.673E-03  3.673E-03  3.673E-03  3.673E-03  3.673E-03  3.673E-03
       3.673E-03  3.673E-03  3.673E-03  3.673E-03  3.673E-03  3.673E-03  3.673E-03  3.673E-03  3.673E-03  3.673E-03  3.673E-03
       3.673E-03  3.673E-03  3.673E-03  3.673E-03  3.673E-03  3.673E-03  3.673E-03  3.673E-03  3.673E-03  3.673E-03  3.673E-03
       3.673E-03   0.00    
  14    0.00       0.00       0.00       0.00       0.00       0.00       0.00       0.00      3.673E-03  3.673E-03  3.673E-03
       3.673E-03  3.673E-03  3.673E-03  3.673E-03  3.673E-03  3.673E-03  3.673E-03  3.673E-03  3.673E-03  3.673E-03  3.673E-03
       3.673E-03  3.673E-03  3.673E-03  3.673E-03  3.673E-03  3.673E-03  3.673E-03  3.673E-03  3.673E-03  3.673E-03  3.673E-03
       3.673E-03  3.673E-03  3.673E-03  3.673E-03  3.673E-03  3.673E-03  3.673E-03  3.673E-03  3.673E-03  3.673E-03  3.673E-03
       3.673E-03  3.673E-03  3.673E-03  3.673E-03  3.673E-03  3.673E-03  3.673E-03  3.673E-03  3.673E-03  3.673E-03  3.673E-03
       3.673E-03   0.00    
  15    0.00       0.00       0.00       0.00       0.00       0.00       0.00      3.673E-03  3.673E-03  3.673E-03  3.673E-03
       3.673E-03  3.673E-03  3.673E-03  3.673E-03  3.673E-03  3.673E-03  3.673E-03  3.673E-03  3.673E-03  3.673E-03  3.673E-03
       3.673E-03  3.673E-03  3.673E-03  3.673E-03  3.673E-03  3.673E-03  3.673E-03  3.673E-03  3.673E-03  3.673E-03  3.673E-03
       3.673E-03  3.673E-03  3.673E-03  3.673E-03  3.673E-03  3.673E-03  3.673E-03  3.673E-03  3.673E-03  3.673E-03  3.673E-03
       3.673E-03  3.673E-03  3.673E-03  3.673E-03  3.673E-03  3.673E-03  3.673E-03  3.673E-03  3.673E-03  3.673E-03  3.673E-03
       3.673E-03   0.00    
  16    0.00       0.00       0.00       0.00       0.00       0.00      3.673E-03  3.673E-03  3.673E-03  3.673E-03  3.673E-03
       3.673E-03  3.673E-03  3.673E-03  3.673E-03  3.673E-03  3.673E-03  3.673E-03  3.673E-03  3.673E-03  3.673E-03  3.673E-03
       3.673E-03  3.673E-03  3.673E-03  3.673E-03  3.673E-03  3.673E-03  3.673E-03  3.673E-03  3.673E-03  3.673E-03  3.673E-03
       3.673E-03  3.673E-03  3.673E-03  3.673E-03  3.673E-03  3.673E-03  3.673E-03  3.673E-03  3.673E-03  3.673E-03  3.673E-03
       3.673E-03  3.673E-03  3.673E-03  3.673E-03  3.673E-03  3.673E-03  3.673E-03  3.673E-03  3.673E-03  3.673E-03  3.673E-03
       3.673E-03   0.00    
  17    0.00       0.00       0.00       0.00       0.00      3.673E-03  3.673E-03  3.673E-03  3.673E-03  3.673E-03  3.673E-03
       3.673E-03  3.673E-03  3.673E-03  3.673E-03  3.673E-03  3.673E-03  3.673E-03  3.673E-03  3.673E-03  3.673E-03  3.673E-03
       3.673E-03  3.673E-03  3.673E-03  3.673E-03  3.673E-03  3.673E-03  3.673E-03  3.673E-03  3.673E-03  3.673E-03  3.673E-03
       3.673E-03  3.673E-03  3.673E-03  3.673E-03  3.673E-03  3.673E-03  3.673E-03  3.673E-03  3.673E-03  3.673E-03  3.673E-03
       3.673E-03  3.673E-03  3.673E-03  3.673E-03  3.673E-03  3.673E-03  3.673E-03  3.673E-03  3.673E-03  3.673E-03  3.673E-03
       3.673E-03   0.00    
  18    0.00       0.00       0.00       0.00       0.00      3.673E-03  3.673E-03  3.673E-03  3.673E-03  3.673E-03  3.673E-03
       3.673E-03  3.673E-03  3.673E-03  3.673E-03  3.673E-03  3.673E-03  3.673E-03  3.673E-03  3.673E-03  3.673E-03  3.673E-03
       3.673E-03  3.673E-03  3.673E-03  3.673E-03  3.673E-03  3.673E-03  3.673E-03  3.673E-03  3.673E-03  3.673E-03  3.673E-03
       3.673E-03  3.673E-03  3.673E-03  3.673E-03  3.673E-03  3.673E-03  3.673E-03  3.673E-03  3.673E-03  3.673E-03  3.673E-03
       3.673E-03  3.673E-03  3.673E-03  3.673E-03  3.673E-03  3.673E-03  3.673E-03  3.673E-03  3.673E-03  3.673E-03  3.673E-03
       3.673E-03   0.00    
  19    0.00       0.00       0.00       0.00      3.673E-03  3.673E-03  3.673E-03  3.673E-03  3.673E-03  3.673E-03  3.673E-03
       3.673E-03  3.673E-03  3.673E-03  3.673E-03  3.673E-03  3.673E-03  3.673E-03  3.673E-03  3.673E-03  3.673E-03  3.673E-03
       3.673E-03  3.673E-03  3.673E-03  3.673E-03  3.673E-03  3.673E-03  3.673E-03  3.673E-03  3.673E-03  3.673E-03  3.673E-03
       3.673E-03  3.673E-03  3.673E-03  3.673E-03  3.673E-03  3.673E-03  3.673E-03  3.673E-03  3.673E-03  3.673E-03  3.673E-03
       3.673E-03  3.673E-03  3.673E-03  3.673E-03  3.673E-03  3.673E-03  3.673E-03  3.673E-03  3.673E-03  3.673E-03  3.673E-03
       3.673E-03   0.00    
  20    0.00       0.00       0.00       0.00      3.673E-03  3.673E-03  3.673E-03  3.673E-03  3.673E-03  3.673E-03  3.673E-03
       3.673E-03  3.673E-03  3.673E-03  3.673E-03  3.673E-03  3.673E-03  3.673E-03  3.673E-03  3.673E-03  3.673E-03  3.673E-03
       3.673E-03  3.673E-03  3.673E-03  3.673E-03  3.673E-03  3.673E-03  3.673E-03  3.673E-03  3.673E-03  3.673E-03  3.673E-03
       3.673E-03  3.673E-03  3.673E-03  3.673E-03  3.673E-03  3.673E-03  3.673E-03  3.673E-03  3.673E-03  3.673E-03  3.673E-03
       3.673E-03  3.673E-03  3.673E-03  3.673E-03  3.673E-03  3.673E-03  3.673E-03  3.673E-03  3.673E-03  3.673E-03  3.673E-03
       3.673E-03   0.00    
  21    0.00       0.00       0.00      3.673E-03  3.673E-03  3.673E-03  3.673E-03  3.673E-03  3.673E-03  3.673E-03  3.673E-03
       3.673E-03  3.673E-03  3.673E-03  3.673E-03  3.673E-03  3.673E-03  3.673E-03  3.673E-03  3.673E-03  3.673E-03  3.673E-03
       3.673E-03  3.673E-03  3.673E-03  3.673E-03  3.673E-03  3.673E-03  3.673E-03  3.673E-03  3.673E-03  3.673E-03  3.673E-03
       3.673E-03  3.673E-03  3.673E-03  3.673E-03  3.673E-03  3.673E-03  3.673E-03  3.673E-03  3.673E-03  3.673E-03  3.673E-03
       3.673E-03  3.673E-03  3.673E-03  3.673E-03  3.673E-03  3.673E-03  3.673E-03  3.673E-03  3.673E-03  3.673E-03  3.673E-03
       3.673E-03   0.00    
  22    0.00       0.00       0.00      3.673E-03  3.673E-03  3.673E-03  3.673E-03  3.673E-03  3.673E-03  3.673E-03  3.673E-03
       3.673E-03  3.673E-03  3.673E-03  3.673E-03  3.673E-03  3.673E-03  3.673E-03  3.673E-03  3.673E-03  3.673E-03  3.673E-03
       3.673E-03  3.673E-03  3.673E-03  3.673E-03  3.673E-03  3.673E-03  3.673E-03  3.673E-03  3.673E-03  3.673E-03  3.673E-03
       3.673E-03  3.673E-03  3.673E-03  3.673E-03  3.673E-03  3.673E-03  3.673E-03  3.673E-03  3.673E-03  3.673E-03  3.673E-03
       3.673E-03  3.673E-03  3.673E-03  3.673E-03  3.673E-03  3.673E-03  3.673E-03  3.673E-03  3.673E-03  3.673E-03  3.673E-03
       3.673E-03   0.00    
  23    0.00       0.00       0.00      3.673E-03  3.673E-03  3.673E-03  3.673E-03  3.673E-03  3.673E-03  3.673E-03  3.673E-03
       3.673E-03  3.673E-03  3.673E-03  3.673E-03  3.673E-03  3.673E-03  3.673E-03  3.673E-03  3.673E-03  3.673E-03  3.673E-03
       3.673E-03  3.673E-03  3.673E-03  3.673E-03  3.673E-03  3.673E-03  3.673E-03  3.673E-03  3.673E-03  3.673E-03  3.673E-03
       3.673E-03  3.673E-03  3.673E-03  3.673E-03  3.673E-03  3.673E-03  3.673E-03  3.673E-03   0.00       0.00       0.00    
        0.00       0.00       0.00      3.673E-03  3.673E-03  3.673E-03  3.673E-03  3.673E-03  3.673E-03  3.673E-03  3.673E-03
       3.673E-03   0.00    
  24    0.00       0.00      3.673E-03  3.673E-03  3.673E-03  3.673E-03  3.673E-03  3.673E-03  3.673E-03  3.673E-03  3.673E-03
       3.673E-03  3.673E-03  3.673E-03  3.673E-03  3.673E-03  3.673E-03  3.673E-03  3.673E-03  3.673E-03  3.673E-03  3.673E-03
       3.673E-03  3.673E-03  3.673E-03  3.673E-03  3.673E-03  3.673E-03  3.673E-03  3.673E-03  3.673E-03  3.673E-03  3.673E-03
       3.673E-03  3.673E-03  3.673E-03  3.673E-03  3.673E-03  3.673E-03  3.673E-03  3.673E-03   0.00       0.00       0.00    
        0.00       0.00       0.00       0.00       0.00       0.00      3.673E-03  3.673E-03  3.673E-03  3.673E-03  3.673E-03
       3.673E-03   0.00    
  25    0.00       0.00      3.673E-03  3.673E-03  3.673E-03  3.673E-03  3.673E-03  3.673E-03  3.673E-03  3.673E-03  3.673E-03
       3.673E-03  3.673E-03  3.673E-03  3.673E-03  3.673E-03  3.673E-03  3.673E-03  3.673E-03  3.673E-03  3.673E-03  3.673E-03
       3.673E-03  3.673E-03  3.673E-03  3.673E-03  3.673E-03  3.673E-03  3.673E-03  3.673E-03  3.673E-03  3.673E-03  3.673E-03
       3.673E-03  3.673E-03  3.673E-03  3.673E-03  3.673E-03  3.673E-03  3.673E-03   0.00       0.00       0.00       0.00    
        0.00       0.00       0.00       0.00       0.00       0.00       0.00       0.00       0.00      3.673E-03  3.673E-03
        0.00       0.00    
  26    0.00      3.673E-03  3.673E-03  3.673E-03  3.673E-03  3.673E-03  3.673E-03  3.673E-03  3.673E-03  3.673E-03  3.673E-03
       3.673E-03  3.673E-03  3.673E-03  3.673E-03  3.673E-03  3.673E-03  3.673E-03  3.673E-03  3.673E-03  3.673E-03  3.673E-03
       3.673E-03  3.673E-03  3.673E-03  3.673E-03  3.673E-03  3.673E-03  3.673E-03  3.673E-03  3.673E-03  3.673E-03  3.673E-03
       3.673E-03  3.673E-03  3.673E-03  3.673E-03  3.673E-03  3.673E-03  3.673E-03   0.00       0.00       0.00       0.00    
        0.00       0.00       0.00       0.00       0.00       0.00       0.00       0.00       0.00       0.00       0.00    
        0.00       0.00    
  27    0.00      3.673E-03  3.673E-03  3.673E-03  3.673E-03  3.673E-03  3.673E-03  3.673E-03  3.673E-03  3.673E-03  3.673E-03
       3.673E-03  3.673E-03  3.673E-03  3.673E-03  3.673E-03  3.673E-03  3.673E-03  3.673E-03  3.673E-03  3.673E-03  3.673E-03
       3.673E-03  3.673E-03  3.673E-03  3.673E-03  3.673E-03  3.673E-03  3.673E-03  3.673E-03  3.673E-03  3.673E-03  3.673E-03
       3.673E-03  3.673E-03  3.673E-03  3.673E-03  3.673E-03  3.673E-03   0.00       0.00       0.00       0.00       0.00    
        0.00       0.00       0.00       0.00       0.00       0.00       0.00       0.00       0.00       0.00       0.00    
        0.00       0.00    
  28   3.673E-03  3.673E-03  3.673E-03  3.673E-03  3.673E-03  3.673E-03  3.673E-03  3.673E-03  3.673E-03  3.673E-03  3.673E-03
       3.673E-03  3.673E-03  3.673E-03  3.673E-03  3.673E-03  3.673E-03  3.673E-03  3.673E-03  3.673E-03  3.673E-03  3.673E-03
       3.673E-03  3.673E-03  3.673E-03  3.673E-03  3.673E-03  3.673E-03  3.673E-03  3.673E-03  3.673E-03  3.673E-03  3.673E-03
       3.673E-03  3.673E-03  3.673E-03  3.673E-03  3.673E-03  3.673E-03   0.00       0.00       0.00       0.00       0.00    
        0.00       0.00       0.00       0.00       0.00       0.00       0.00       0.00       0.00       0.00       0.00    
        0.00       0.00    
  29   3.673E-03  3.673E-03  3.673E-03  3.673E-03  3.673E-03  3.673E-03  3.673E-03  3.673E-03  3.673E-03  3.673E-03  3.673E-03
       3.673E-03  3.673E-03  3.673E-03  3.673E-03  3.673E-03  3.673E-03  3.673E-03  3.673E-03  3.673E-03  3.673E-03  3.673E-03
       3.673E-03  3.673E-03  3.673E-03  3.673E-03  3.673E-03  3.673E-03  3.673E-03  3.673E-03  3.673E-03  3.673E-03  3.673E-03
       3.673E-03  3.673E-03  3.673E-03  3.673E-03  3.673E-03  3.673E-03   0.00       0.00       0.00       0.00       0.00    
        0.00       0.00       0.00       0.00       0.00       0.00       0.00       0.00       0.00       0.00       0.00    
        0.00       0.00    
  30   3.673E-03  3.673E-03  3.673E-03  3.673E-03  3.673E-03  3.673E-03  3.673E-03  3.673E-03  3.673E-03  3.673E-03  3.673E-03
       3.673E-03  3.673E-03  3.673E-03  3.673E-03  3.673E-03  3.673E-03  3.673E-03  3.673E-03  3.673E-03  3.673E-03  3.673E-03
       3.673E-03  3.673E-03  3.673E-03  3.673E-03  3.673E-03  3.673E-03  3.673E-03  3.673E-03  3.673E-03  3.673E-03  3.673E-03
       3.673E-03  3.673E-03  3.673E-03  3.673E-03  3.673E-03   0.00       0.00       0.00       0.00       0.00       0.00    
        0.00       0.00       0.00       0.00       0.00       0.00       0.00       0.00       0.00       0.00       0.00    
        0.00       0.00    
  31   3.673E-03  3.673E-03  3.673E-03  3.673E-03  3.673E-03  3.673E-03  3.673E-03  3.673E-03  3.673E-03  3.673E-03  3.673E-03
       3.673E-03  3.673E-03  3.673E-03  3.673E-03  3.673E-03  3.673E-03  3.673E-03  3.673E-03  3.673E-03  3.673E-03  3.673E-03
       3.673E-03  3.673E-03  3.673E-03  3.673E-03  3.673E-03  3.673E-03  3.673E-03  3.673E-03  3.673E-03  3.673E-03  3.673E-03
       3.673E-03  3.673E-03  3.673E-03  3.673E-03  3.673E-03   0.00       0.00       0.00       0.00       0.00       0.00    
        0.00       0.00       0.00       0.00       0.00       0.00       0.00       0.00       0.00       0.00       0.00    
        0.00       0.00    
  32   3.673E-03  3.673E-03  3.673E-03  3.673E-03  3.673E-03  3.673E-03  3.673E-03  3.673E-03  3.673E-03  3.673E-03  3.673E-03
       3.673E-03  3.673E-03  3.673E-03  3.673E-03  3.673E-03  3.673E-03  3.673E-03  3.673E-03  3.673E-03  3.673E-03  3.673E-03
       3.673E-03  3.673E-03  3.673E-03  3.673E-03  3.673E-03  3.673E-03  3.673E-03  3.673E-03  3.673E-03  3.673E-03  3.673E-03
       3.673E-03  3.673E-03  3.673E-03  3.673E-03  3.673E-03   0.00       0.00       0.00       0.00       0.00       0.00    
        0.00       0.00       0.00       0.00       0.00       0.00       0.00       0.00       0.00       0.00       0.00    
        0.00       0.00    
  33   3.673E-03  3.673E-03  3.673E-03  3.673E-03  3.673E-03  3.673E-03  3.673E-03  3.673E-03  3.673E-03  3.673E-03  3.673E-03
       3.673E-03  3.673E-03  3.673E-03  3.673E-03  3.673E-03  3.673E-03  3.673E-03  3.673E-03  3.673E-03  3.673E-03  3.673E-03
       3.673E-03  3.673E-03  3.673E-03  3.673E-03  3.673E-03  3.673E-03  3.673E-03  3.673E-03  3.673E-03  3.673E-03  3.673E-03
       3.673E-03  3.673E-03  3.673E-03  3.673E-03   0.00       0.00       0.00       0.00       0.00       0.00       0.00    
        0.00       0.00       0.00       0.00       0.00       0.00       0.00       0.00       0.00       0.00       0.00    
        0.00       0.00    
  34   3.673E-03  3.673E-03  3.673E-03  3.673E-03  3.673E-03  3.673E-03  3.673E-03  3.673E-03  3.673E-03  3.673E-03  3.673E-03
       3.673E-03  3.673E-03  3.673E-03  3.673E-03  3.673E-03  3.673E-03  3.673E-03  3.673E-03  3.673E-03  3.673E-03  3.673E-03
       3.673E-03  3.673E-03  3.673E-03  3.673E-03  3.673E-03  3.673E-03  3.673E-03  3.673E-03  3.673E-03  3.673E-03  3.673E-03
       3.673E-03  3.673E-03  3.673E-03  3.673E-03   0.00       0.00       0.00       0.00       0.00       0.00       0.00    
        0.00       0.00       0.00       0.00       0.00       0.00       0.00       0.00       0.00       0.00       0.00    
        0.00       0.00    
  35   3.673E-03  3.673E-03  3.673E-03  3.673E-03  3.673E-03  3.673E-03  3.673E-03  3.673E-03  3.673E-03  3.673E-03  3.673E-03
       3.673E-03  3.673E-03  3.673E-03  3.673E-03  3.673E-03  3.673E-03  3.673E-03  3.673E-03  3.673E-03  3.673E-03  3.673E-03
       3.673E-03  3.673E-03  3.673E-03  3.673E-03  3.673E-03  3.673E-03  3.673E-03  3.673E-03  3.673E-03  3.673E-03  3.673E-03
       3.673E-03  3.673E-03  3.673E-03  3.673E-03  3.673E-03   0.00       0.00       0.00       0.00       0.00       0.00    
        0.00       0.00       0.00       0.00       0.00       0.00       0.00       0.00       0.00       0.00       0.00    
        0.00       0.00    
  36   3.673E-03  3.673E-03  3.673E-03  3.673E-03  3.673E-03  3.673E-03  3.673E-03  3.673E-03  3.673E-03  3.673E-03  3.673E-03
       3.673E-03  3.673E-03  3.673E-03  3.673E-03  3.673E-03  3.673E-03  3.673E-03  3.673E-03  3.673E-03  3.673E-03  3.673E-03
       3.673E-03  3.673E-03  3.673E-03  3.673E-03  3.673E-03  3.673E-03  3.673E-03  3.673E-03  3.673E-03  3.673E-03  3.673E-03
       3.673E-03  3.673E-03  3.673E-03  3.673E-03  3.673E-03   0.00       0.00       0.00       0.00       0.00       0.00    
        0.00       0.00       0.00       0.00       0.00       0.00       0.00       0.00       0.00       0.00       0.00    
        0.00       0.00    
  37   3.673E-03  3.673E-03  3.673E-03  3.673E-03  3.673E-03  3.673E-03  3.673E-03  3.673E-03  3.673E-03  3.673E-03  3.673E-03
       3.673E-03  3.673E-03  3.673E-03  3.673E-03  3.673E-03  3.673E-03  3.673E-03  3.673E-03  3.673E-03  3.673E-03  3.673E-03
       3.673E-03  3.673E-03  3.673E-03  3.673E-03  3.673E-03  3.673E-03  3.673E-03  3.673E-03  3.673E-03  3.673E-03  3.673E-03
       3.673E-03  3.673E-03  3.673E-03  3.673E-03  3.673E-03   0.00       0.00       0.00       0.00       0.00       0.00    
        0.00       0.00       0.00       0.00       0.00       0.00       0.00       0.00       0.00       0.00       0.00    
        0.00       0.00    
  38   3.673E-03  3.673E-03  3.673E-03  3.673E-03  3.673E-03  3.673E-03  3.673E-03  3.673E-03  3.673E-03  3.673E-03  3.673E-03
       3.673E-03  3.673E-03  3.673E-03  3.673E-03  3.673E-03  3.673E-03  3.673E-03  3.673E-03  3.673E-03  3.673E-03  3.673E-03
       3.673E-03  3.673E-03  3.673E-03  3.673E-03  3.673E-03  3.673E-03  3.673E-03  3.673E-03  3.673E-03  3.673E-03  3.673E-03
       3.673E-03  3.673E-03  3.673E-03  3.673E-03  3.673E-03   0.00       0.00       0.00       0.00       0.00       0.00    
        0.00       0.00       0.00       0.00       0.00       0.00       0.00       0.00       0.00       0.00       0.00    
        0.00       0.00    
  39   3.673E-03  3.673E-03  3.673E-03  3.673E-03  3.673E-03  3.673E-03  3.673E-03  3.673E-03  3.673E-03  3.673E-03  3.673E-03
       3.673E-03  3.673E-03  3.673E-03  3.673E-03  3.673E-03  3.673E-03  3.673E-03  3.673E-03  3.673E-03  3.673E-03  3.673E-03
       3.673E-03  3.673E-03  3.673E-03  3.673E-03  3.673E-03  3.673E-03  3.673E-03  3.673E-03  3.673E-03  3.673E-03  3.673E-03
       3.673E-03  3.673E-03  3.673E-03  3.673E-03  3.673E-03   0.00       0.00       0.00       0.00       0.00       0.00    
        0.00       0.00       0.00       0.00       0.00       0.00       0.00       0.00       0.00       0.00       0.00    
        0.00       0.00    
  40    0.00      3.673E-03  3.673E-03  3.673E-03  3.673E-03  3.673E-03  3.673E-03  3.673E-03  3.673E-03  3.673E-03  3.673E-03
       3.673E-03  3.673E-03  3.673E-03  3.673E-03  3.673E-03  3.673E-03  3.673E-03  3.673E-03  3.673E-03  3.673E-03  3.673E-03
       3.673E-03  3.673E-03  3.673E-03  3.673E-03  3.673E-03  3.673E-03  3.673E-03  3.673E-03  3.673E-03  3.673E-03  3.673E-03
       3.673E-03  3.673E-03  3.673E-03  3.673E-03  3.673E-03  3.673E-03   0.00       0.00       0.00       0.00       0.00    
        0.00       0.00       0.00       0.00       0.00       0.00       0.00       0.00       0.00       0.00       0.00    
        0.00       0.00    
  41    0.00      3.673E-03  3.673E-03  3.673E-03  3.673E-03  3.673E-03  3.673E-03  3.673E-03  3.673E-03  3.673E-03  3.673E-03
       3.673E-03  3.673E-03  3.673E-03  3.673E-03  3.673E-03  3.673E-03   0.00       0.00       0.00       0.00       0.00    
        0.00       0.00       0.00       0.00       0.00       0.00      3.673E-03  3.673E-03  3.673E-03  3.673E-03  3.673E-03
       3.673E-03  3.673E-03  3.673E-03  3.673E-03  3.673E-03  3.673E-03   0.00       0.00       0.00       0.00       0.00    
        0.00       0.00       0.00       0.00       0.00       0.00       0.00       0.00       0.00       0.00       0.00    
        0.00       0.00    
  42    0.00       0.00      3.673E-03  3.673E-03  3.673E-03  3.673E-03  3.673E-03  3.673E-03  3.673E-03  3.673E-03  3.673E-03
       3.673E-03   0.00       0.00       0.00       0.00       0.00       0.00       0.00       0.00       0.00       0.00    
        0.00       0.00       0.00       0.00       0.00       0.00       0.00       0.00      3.673E-03  3.673E-03  3.673E-03
       3.673E-03  3.673E-03  3.673E-03  3.673E-03  3.673E-03  3.673E-03   0.00       0.00       0.00       0.00       0.00    
        0.00       0.00       0.00       0.00       0.00       0.00       0.00       0.00       0.00       0.00       0.00    
        0.00       0.00    
  43    0.00       0.00      3.673E-03  3.673E-03  3.673E-03  3.673E-03  3.673E-03  3.673E-03  3.673E-03  3.673E-03  3.673E-03
        0.00       0.00       0.00       0.00       0.00       0.00       0.00       0.00       0.00       0.00       0.00    
        0.00       0.00       0.00       0.00       0.00       0.00       0.00       0.00       0.00      3.673E-03  3.673E-03
       3.673E-03  3.673E-03  3.673E-03  3.673E-03  3.673E-03  3.673E-03   0.00       0.00       0.00       0.00       0.00    
        0.00       0.00       0.00       0.00       0.00       0.00       0.00       0.00       0.00       0.00       0.00    
        0.00       0.00    
  44    0.00       0.00       0.00      3.673E-03  3.673E-03  3.673E-03  3.673E-03  3.673E-03  3.673E-03   0.00       0.00    
        0.00       0.00       0.00       0.00       0.00       0.00       0.00       0.00       0.00       0.00       0.00    
        0.00       0.00       0.00       0.00       0.00       0.00       0.00       0.00       0.00       0.00      3.673E-03
       3.673E-03  3.673E-03  3.673E-03  3.673E-03  3.673E-03  3.673E-03   0.00       0.00       0.00       0.00       0.00    
        0.00       0.00       0.00       0.00       0.00       0.00       0.00       0.00       0.00       0.00       0.00    
        0.00       0.00    
  45    0.00       0.00       0.00      3.673E-03  3.673E-03  3.673E-03  3.673E-03  3.673E-03   0.00       0.00       0.00    
        0.00       0.00       0.00       0.00       0.00       0.00       0.00       0.00       0.00       0.00       0.00    
        0.00       0.00       0.00       0.00       0.00       0.00       0.00       0.00       0.00       0.00       0.00    
       3.673E-03  3.673E-03  3.673E-03  3.673E-03  3.673E-03  3.673E-03   0.00       0.00       0.00       0.00       0.00    
        0.00       0.00       0.00       0.00       0.00       0.00       0.00       0.00       0.00       0.00       0.00    
        0.00       0.00    
  46    0.00       0.00       0.00       0.00      3.673E-03  3.673E-03  3.673E-03   0.00       0.00       0.00       0.00    
        0.00       0.00       0.00       0.00       0.00       0.00       0.00       0.00       0.00       0.00       0.00    
        0.00       0.00       0.00       0.00       0.00       0.00       0.00       0.00       0.00       0.00       0.00    
        0.00      3.673E-03  3.673E-03  3.673E-03  3.673E-03  3.673E-03   0.00       0.00       0.00       0.00       0.00    
        0.00       0.00       0.00       0.00       0.00       0.00       0.00       0.00       0.00       0.00       0.00    
        0.00       0.00    
  47    0.00       0.00       0.00       0.00      3.673E-03   0.00       0.00       0.00       0.00       0.00       0.00    
        0.00       0.00       0.00       0.00       0.00       0.00       0.00       0.00       0.00       0.00       0.00    
        0.00       0.00       0.00       0.00       0.00       0.00       0.00       0.00       0.00       0.00       0.00    
        0.00       0.00      3.673E-03  3.673E-03   0.00       0.00       0.00       0.00       0.00       0.00       0.00    
        0.00       0.00       0.00       0.00       0.00       0.00       0.00       0.00       0.00       0.00       0.00    
        0.00       0.00    

 SLN_1 INNER ITERATION SUMMARY
 --------------------------------------------------------------------------------------------------------------------------------------
      TOTAL      OUTER      INNER                                                            MAXIMUM                                   
  ITERATION  ITERATION  ITERATION  MAXIMUM CHANGE      MAXIMUM CHANGE MODEL-(CELLID)        RESIDUAL    MAXIMUM RESIDUAL MODEL-(CELLID)
 --------------------------------------------------------------------------------------------------------------------------------------
          1          1          1  4.49086254E-02                     1_GWF-(1,47,5)      -9.8351200                    1_GWF-(1,39,11)
          2          1          2      0.50166961                     1_GWF-(1,44,7)      -40.806016                    1_GWF-(1,28,36)
          3          1          3      0.71659089                     1_GWF-(1,43,3)       48.125226                     1_GWF-(1,38,4)
          4          1          4      0.49844808                    1_GWF-(1,33,35)       53.651033                     1_GWF-(1,27,5)
          5          1          5      0.91225574                    1_GWF-(1,45,36)      -25.762349                    1_GWF-(1,24,37)
          6          1          6       1.0242166                    1_GWF-(1,44,37)       10.902140                     1_GWF-(1,34,8)
          7          1          7      0.41949985                    1_GWF-(1,44,36)      -6.7427764                     1_GWF-(1,4,45)
          8          1          8 -3.06704509E-02                     1_GWF-(1,43,5)      -5.9675691                    1_GWF-(1,23,54)
          9          1          9  2.61647602E-02                    1_GWF-(1,23,55)      -4.0075115                     1_GWF-(1,4,45)
         10          1         10 -2.78872214E-03                     1_GWF-(1,38,1)      -3.0453320                     1_GWF-(1,7,49)
         11          1         11  7.49737659E-04                    1_GWF-(1,11,49)      -3.0641191                     1_GWF-(1,4,45)
         12          1         12  2.55771550E-02                    1_GWF-(1,12,55)       1.9933698                    1_GWF-(1,37,10)
         13          1         13  4.20975002E-03                    1_GWF-(1,23,55)      -1.3793389                     1_GWF-(1,4,45)
         14          1         14  5.84691167E-03                    1_GWF-(1,13,54)       1.2484544                     1_GWF-(1,35,4)
         15          1         15 -9.61543603E-04                     1_GWF-(1,43,7)     -0.97412789                     1_GWF-(1,4,45)
         16          1         16  1.50598751E-02                    1_GWF-(1,13,55)     -0.14257503                    1_GWF-(1,22,24)
         17          1         17  7.38811649E-04                    1_GWF-(1,13,54)      0.11770541                     1_GWF-(1,8,50)
         18          1         18  3.04715845E-04                    1_GWF-(1,13,55)      0.13791895                     1_GWF-(1,4,45)
         19          1         19 -1.30040727E-03                    1_GWF-(1,13,55)  5.03391004E-02                     1_GWF-(1,4,44)
         20          2          1 -5.27685256E-04                    1_GWF-(1,13,55) -1.76678634E-02                     1_GWF-(1,29,4)
 --------------------------------------------------------------------------------------------------------------------------------------


 UBDSV1 SAVING           STO-SS ON UNIT   1030 AT TIME STEP      1, STRESS PERIOD      1
 UBDSV1 SAVING     FLOW-JA-FACE ON UNIT   1030 AT TIME STEP      1, STRESS PERIOD      1
 UBDSV06 SAVING       DATA-SPDIS IN MODEL LOCAL_RUN4       PACKAGE NPF             CONNECTED TO MODEL LOCAL_RUN4       PACKAGE NPF              ON UNIT   1030 AT TIME STEP      1, STRESS PERIOD      1
 UBDSV06 SAVING              GHB IN MODEL LOCAL_RUN4       PACKAGE LOCAL_RUN4      CONNECTED TO MODEL LOCAL_RUN4       PACKAGE GHB_AW           ON UNIT   1030 AT TIME STEP      1, STRESS PERIOD      1
 UBDSV06 SAVING              GHB IN MODEL LOCAL_RUN4       PACKAGE LOCAL_RUN4      CONNECTED TO MODEL LOCAL_RUN4       PACKAGE GHB_CONF         ON UNIT   1030 AT TIME STEP      1, STRESS PERIOD      1
 UBDSV06 SAVING              GHB IN MODEL LOCAL_RUN4       PACKAGE LOCAL_RUN4      CONNECTED TO MODEL LOCAL_RUN4       PACKAGE GHB_PW           ON UNIT   1030 AT TIME STEP      1, STRESS PERIOD      1
 UBDSV06 SAVING              GHB IN MODEL LOCAL_RUN4       PACKAGE LOCAL_RUN4      CONNECTED TO MODEL LOCAL_RUN4       PACKAGE GHB_SP           ON UNIT   1030 AT TIME STEP      1, STRESS PERIOD      1
 UBDSV06 SAVING             RCHA IN MODEL LOCAL_RUN4       PACKAGE LOCAL_RUN4      CONNECTED TO MODEL LOCAL_RUN4       PACKAGE RCH              ON UNIT   1030 AT TIME STEP      1, STRESS PERIOD      1

 HEAD WILL BE SAVED ON UNIT 1031 AT END OF TIME STEP    1, STRESS PERIOD    1


  VOLUME BUDGET FOR ENTIRE MODEL AT END OF TIME STEP    1, STRESS PERIOD   1
  ---------------------------------------------------------------------------------------------------

     CUMULATIVE VOLUME      L**3       RATES FOR THIS TIME STEP      L**3/T          PACKAGE NAME    
     ------------------                 ------------------------                     ----------------

           IN:                                      IN:
           ---                                      ---
              STO-SS =           0.0000                STO-SS =           0.0000     STORAGE                          
                 GHB =           0.0000                   GHB =           0.0000     GHB_AW                           
                 GHB =          11.3452                   GHB =          11.3452     GHB_CONF                         
                 GHB =           0.0000                   GHB =           0.0000     GHB_PW                           
                 GHB =           0.0000                   GHB =           0.0000     GHB_SP                           
                RCHA =        3895.6756                  RCHA =        3895.6756     RCH                              

            TOTAL IN =        3907.0208              TOTAL IN =        3907.0208

          OUT:                                     OUT:
          ----                                     ----
              STO-SS =           0.0000                STO-SS =           0.0000     STORAGE                          
                 GHB =        3465.2536                   GHB =        3465.2536     GHB_AW                           
                 GHB =           6.0116                   GHB =           6.0116     GHB_CONF                         
                 GHB =         435.1970                   GHB =         435.1970     GHB_PW                           
                 GHB =           0.7264                   GHB =           0.7264     GHB_SP                           
                RCHA =           0.0000                  RCHA =           0.0000     RCH                              

           TOTAL OUT =        3907.1886             TOTAL OUT =        3907.1886

            IN - OUT =          -0.1678              IN - OUT =          -0.1678

 PERCENT DISCREPANCY =          -0.00     PERCENT DISCREPANCY =          -0.00




         TIME SUMMARY AT END OF TIME STEP    1 IN STRESS PERIOD    1
                    SECONDS     MINUTES      HOURS       DAYS        YEARS
                    -----------------------------------------------------------
   TIME STEP LENGTH  86400.      1440.0      24.000      1.0000     2.73785E-03
 STRESS PERIOD TIME  86400.      1440.0      24.000      1.0000     2.73785E-03
         TOTAL TIME  86400.      1440.0      24.000      1.0000     2.73785E-03


end timestep


start timestep kper="2" kstp="1" mode="normal"


 END OF FILE DETECTED IN OUTPUT CONTROL.
 CURRENT OUTPUT CONTROL SETTINGS WILL BE 
 REPEATED UNTIL THE END OF THE SIMULATION.

 OUTPUT CONTROL FOR STRESS PERIOD 2 IS REPEATED USING SETTINGS FROM A PREVIOUS STRESS PERIOD.


 PROCESSING STORAGE PERIOD DATA
 END PROCESSING STORAGE PERIOD DATA


 STRESS PERIOD 2 IS TRANSIENT


 OPENED local_run4.ghbaw_stress_period_data_1.txt
 FILE TYPE:OPEN/CLOSE   UNIT 1037   STATUS:OLD                 
 FORMAT:FORMATTED              ACCESS:SEQUENTIAL          
 ACTION:READ                


 OPENED local_run4.ghb_conf_stress_period_data_1.txt
 FILE TYPE:OPEN/CLOSE   UNIT 1038   STATUS:OLD                 
 FORMAT:FORMATTED              ACCESS:SEQUENTIAL          
 ACTION:READ                


 OPENED local_run4.ghb_pw_stress_period_data_1.txt
 FILE TYPE:OPEN/CLOSE   UNIT 1039   STATUS:OLD                 
 FORMAT:FORMATTED              ACCESS:SEQUENTIAL          
 ACTION:READ                


 OPENED local_run4.ghbspr_stress_period_data_1.txt
 FILE TYPE:OPEN/CLOSE   UNIT 1040   STATUS:OLD                 
 FORMAT:FORMATTED              ACCESS:SEQUENTIAL          
 ACTION:READ                


 OPENED local_run4.rcha_recharge_1.txt
 FILE TYPE:OPEN/CLOSE   UNIT 1041   STATUS:OLD                 
 FORMAT:FORMATTED              ACCESS:SEQUENTIAL          
 ACTION:READ                


                 RECHARGE

               1          2          3          4          5          6          7          8          9         10         11
              12         13         14         15         16         17         18         19         20         21         22
              23         24         25         26         27         28         29         30         31         32         33
              34         35         36         37         38         39         40         41         42         43         44
              45         46         47         48         49         50         51         52         53         54         55
              56         57
 .............................................................................................................................
   1    0.00       0.00       0.00       0.00       0.00       0.00       0.00       0.00       0.00       0.00       0.00    
        0.00       0.00       0.00       0.00       0.00       0.00       0.00       0.00       0.00       0.00       0.00    
        0.00       0.00       0.00       0.00       0.00       0.00       0.00       0.00       0.00       0.00       0.00    
        0.00       0.00       0.00       0.00       0.00       0.00       0.00       0.00       0.00       0.00       0.00    
        0.00       0.00       0.00       0.00       0.00       0.00       0.00       0.00       0.00       0.00       0.00    
        0.00       0.00    
   2    0.00       0.00       0.00       0.00       0.00       0.00       0.00       0.00       0.00       0.00       0.00    
        0.00       0.00       0.00       0.00       0.00       0.00       0.00       0.00       0.00       0.00       0.00    
        0.00       0.00       0.00       0.00       0.00      3.134E-03  3.134E-03  3.134E-03  3.134E-03  3.134E-03  3.134E-03
       3.134E-03  3.134E-03  3.134E-03  3.134E-03  3.134E-03  3.134E-03  3.134E-03  3.134E-03  3.134E-03  3.134E-03   0.00    
        0.00       0.00       0.00       0.00       0.00       0.00       0.00       0.00       0.00       0.00       0.00    
        0.00       0.00    
   3    0.00       0.00       0.00       0.00       0.00       0.00       0.00       0.00       0.00       0.00       0.00    
        0.00       0.00       0.00       0.00       0.00       0.00       0.00       0.00       0.00       0.00       0.00    
        0.00       0.00      3.134E-03  3.134E-03  3.134E-03  3.134E-03  3.134E-03  3.134E-03  3.134E-03  3.134E-03  3.134E-03
       3.134E-03  3.134E-03  3.134E-03  3.134E-03  3.134E-03  3.134E-03  3.134E-03  3.134E-03  3.134E-03  3.134E-03  3.134E-03
       3.134E-03  3.134E-03  3.134E-03  3.134E-03   0.00       0.00       0.00       0.00       0.00       0.00       0.00    
        0.00       0.00    
   4    0.00       0.00       0.00       0.00       0.00       0.00       0.00       0.00       0.00       0.00       0.00    
        0.00       0.00       0.00       0.00       0.00       0.00       0.00       0.00       0.00       0.00      3.134E-03
       3.134E-03  3.134E-03  3.134E-03  3.134E-03  3.134E-03  3.134E-03  3.134E-03  3.134E-03  3.134E-03  3.134E-03  3.134E-03
       3.134E-03  3.134E-03  3.134E-03  3.134E-03  3.134E-03  3.134E-03  3.134E-03  3.134E-03  3.134E-03  3.134E-03  3.134E-03
       3.134E-03  3.134E-03  3.134E-03  3.134E-03  3.134E-03   0.00       0.00       0.00       0.00       0.00       0.00    
        0.00       0.00    
   5    0.00       0.00       0.00       0.00       0.00       0.00       0.00       0.00       0.00       0.00       0.00    
        0.00       0.00       0.00       0.00       0.00       0.00       0.00      3.134E-03  3.134E-03  3.134E-03  3.134E-03
       3.134E-03  3.134E-03  3.134E-03  3.134E-03  3.134E-03  3.134E-03  3.134E-03  3.134E-03  3.134E-03  3.134E-03  3.134E-03
       3.134E-03  3.134E-03  3.134E-03  3.134E-03  3.134E-03  3.134E-03  3.134E-03  3.134E-03  3.134E-03  3.134E-03  3.134E-03
       3.134E-03  3.134E-03  3.134E-03  3.134E-03  3.134E-03  3.134E-03   0.00       0.00       0.00       0.00       0.00    
        0.00       0.00    
   6    0.00       0.00       0.00       0.00       0.00       0.00       0.00       0.00       0.00       0.00       0.00    
        0.00       0.00       0.00       0.00       0.00      3.134E-03  3.134E-03  3.134E-03  3.134E-03  3.134E-03  3.134E-03
       3.134E-03  3.134E-03  3.134E-03  3.134E-03  3.134E-03  3.134E-03  3.134E-03  3.134E-03  3.134E-03  3.134E-03  3.134E-03
       3.134E-03  3.134E-03  3.134E-03  3.134E-03  3.134E-03  3.134E-03  3.134E-03  3.134E-03  3.134E-03  3.134E-03  3.134E-03
       3.134E-03  3.134E-03  3.134E-03  3.134E-03  3.134E-03  3.134E-03  3.134E-03  3.134E-03   0.00       0.00       0.00    
        0.00       0.00    
   7    0.00       0.00       0.00       0.00       0.00       0.00       0.00       0.00       0.00       0.00       0.00    
        0.00       0.00       0.00       0.00      3.134E-03  3.134E-03  3.134E-03  3.134E-03  3.134E-03  3.134E-03  3.134E-03
       3.134E-03  3.134E-03  3.134E-03  3.134E-03  3.134E-03  3.134E-03  3.134E-03  3.134E-03  3.134E-03  3.134E-03  3.134E-03
       3.134E-03  3.134E-03  3.134E-03  3.134E-03  3.134E-03  3.134E-03  3.134E-03  3.134E-03  3.134E-03  3.134E-03  3.134E-03
       3.134E-03  3.134E-03  3.134E-03  3.134E-03  3.134E-03  3.134E-03  3.134E-03  3.134E-03  3.134E-03   0.00       0.00    
        0.00       0.00    
   8    0.00       0.00       0.00       0.00       0.00       0.00       0.00       0.00       0.00       0.00       0.00    
        0.00       0.00       0.00      3.134E-03  3.134E-03  3.134E-03  3.134E-03  3.134E-03  3.134E-03  3.134E-03  3.134E-03
       3.134E-03  3.134E-03  3.134E-03  3.134E-03  3.134E-03  3.134E-03  3.134E-03  3.134E-03  3.134E-03  3.134E-03  3.134E-03
       3.134E-03  3.134E-03  3.134E-03  3.134E-03  3.134E-03  3.134E-03  3.134E-03  3.134E-03  3.134E-03  3.134E-03  3.134E-03
       3.134E-03  3.134E-03  3.134E-03  3.134E-03  3.134E-03  3.134E-03  3.134E-03  3.134E-03  3.134E-03  3.134E-03   0.00    
        0.00       0.00    
   9    0.00       0.00       0.00       0.00       0.00       0.00       0.00       0.00       0.00       0.00       0.00    
        0.00       0.00      3.134E-03  3.134E-03  3.134E-03  3.134E-03  3.134E-03  3.134E-03  3.134E-03  3.134E-03  3.134E-03
       3.134E-03  3.134E-03  3.134E-03  3.134E-03  3.134E-03  3.134E-03  3.134E-03  3.134E-03  3.134E-03  3.134E-03  3.134E-03
       3.134E-03  3.134E-03  3.134E-03  3.134E-03  3.134E-03  3.134E-03  3.134E-03  3.134E-03  3.134E-03  3.134E-03  3.134E-03
       3.134E-03  3.134E-03  3.134E-03  3.134E-03  3.134E-03  3.134E-03  3.134E-03  3.134E-03  3.134E-03  3.134E-03  3.134E-03
        0.00       0.00    
  10    0.00       0.00       0.00       0.00       0.00       0.00       0.00       0.00       0.00       0.00       0.00    
        0.00      3.134E-03  3.134E-03  3.134E-03  3.134E-03  3.134E-03  3.134E-03  3.134E-03  3.134E-03  3.134E-03  3.134E-03
       3.134E-03  3.134E-03  3.134E-03  3.134E-03  3.134E-03  3.134E-03  3.134E-03  3.134E-03  3.134E-03  3.134E-03  3.134E-03
       3.134E-03  3.134E-03  3.134E-03  3.134E-03  3.134E-03  3.134E-03  3.134E-03  3.134E-03  3.134E-03  3.134E-03  3.134E-03
       3.134E-03  3.134E-03  3.134E-03  3.134E-03  3.134E-03  3.134E-03  3.134E-03  3.134E-03  3.134E-03  3.134E-03  3.134E-03
        0.00       0.00    
  11    0.00       0.00       0.00       0.00       0.00       0.00       0.00       0.00       0.00       0.00       0.00    
       3.134E-03  3.134E-03  3.134E-03  3.134E-03  3.134E-03  3.134E-03  3.134E-03  3.134E-03  3.134E-03  3.134E-03  3.134E-03
       3.134E-03  3.134E-03  3.134E-03  3.134E-03  3.134E-03  3.134E-03  3.134E-03  3.134E-03  3.134E-03  3.134E-03  3.134E-03
       3.134E-03  3.134E-03  3.134E-03  3.134E-03  3.134E-03  3.134E-03  3.134E-03  3.134E-03  3.134E-03  3.134E-03  3.134E-03
       3.134E-03  3.134E-03  3.134E-03  3.134E-03  3.134E-03  3.134E-03  3.134E-03  3.134E-03  3.134E-03  3.134E-03  3.134E-03
       3.134E-03   0.00    
  12    0.00       0.00       0.00       0.00       0.00       0.00       0.00       0.00       0.00       0.00      3.134E-03
       3.134E-03  3.134E-03  3.134E-03  3.134E-03  3.134E-03  3.134E-03  3.134E-03  3.134E-03  3.134E-03  3.134E-03  3.134E-03
       3.134E-03  3.134E-03  3.134E-03  3.134E-03  3.134E-03  3.134E-03  3.134E-03  3.134E-03  3.134E-03  3.134E-03  3.134E-03
       3.134E-03  3.134E-03  3.134E-03  3.134E-03  3.134E-03  3.134E-03  3.134E-03  3.134E-03  3.134E-03  3.134E-03  3.134E-03
       3.134E-03  3.134E-03  3.134E-03  3.134E-03  3.134E-03  3.134E-03  3.134E-03  3.134E-03  3.134E-03  3.134E-03  3.134E-03
       3.134E-03   0.00    
  13    0.00       0.00       0.00       0.00       0.00       0.00       0.00       0.00       0.00      3.134E-03  3.134E-03
       3.134E-03  3.134E-03  3.134E-03  3.134E-03  3.134E-03  3.134E-03  3.134E-03  3.134E-03  3.134E-03  3.134E-03  3.134E-03
       3.134E-03  3.134E-03  3.134E-03  3.134E-03  3.134E-03  3.134E-03  3.134E-03  3.134E-03  3.134E-03  3.134E-03  3.134E-03
       3.134E-03  3.134E-03  3.134E-03  3.134E-03  3.134E-03  3.134E-03  3.134E-03  3.134E-03  3.134E-03  3.134E-03  3.134E-03
       3.134E-03  3.134E-03  3.134E-03  3.134E-03  3.134E-03  3.134E-03  3.134E-03  3.134E-03  3.134E-03  3.134E-03  3.134E-03
       3.134E-03   0.00    
  14    0.00       0.00       0.00       0.00       0.00       0.00       0.00       0.00      3.134E-03  3.134E-03  3.134E-03
       3.134E-03  3.134E-03  3.134E-03  3.134E-03  3.134E-03  3.134E-03  3.134E-03  3.134E-03  3.134E-03  3.134E-03  3.134E-03
       3.134E-03  3.134E-03  3.134E-03  3.134E-03  3.134E-03  3.134E-03  3.134E-03  3.134E-03  3.134E-03  3.134E-03  3.134E-03
       3.134E-03  3.134E-03  3.134E-03  3.134E-03  3.134E-03  3.134E-03  3.134E-03  3.134E-03  3.134E-03  3.134E-03  3.134E-03
       3.134E-03  3.134E-03  3.134E-03  3.134E-03  3.134E-03  3.134E-03  3.134E-03  3.134E-03  3.134E-03  3.134E-03  3.134E-03
       3.134E-03   0.00    
  15    0.00       0.00       0.00       0.00       0.00       0.00       0.00      3.134E-03  3.134E-03  3.134E-03  3.134E-03
       3.134E-03  3.134E-03  3.134E-03  3.134E-03  3.134E-03  3.134E-03  3.134E-03  3.134E-03  3.134E-03  3.134E-03  3.134E-03
       3.134E-03  3.134E-03  3.134E-03  3.134E-03  3.134E-03  3.134E-03  3.134E-03  3.134E-03  3.134E-03  3.134E-03  3.134E-03
       3.134E-03  3.134E-03  3.134E-03  3.134E-03  3.134E-03  3.134E-03  3.134E-03  3.134E-03  3.134E-03  3.134E-03  3.134E-03
       3.134E-03  3.134E-03  3.134E-03  3.134E-03  3.134E-03  3.134E-03  3.134E-03  3.134E-03  3.134E-03  3.134E-03  3.134E-03
       3.134E-03   0.00    
  16    0.00       0.00       0.00       0.00       0.00       0.00      3.134E-03  3.134E-03  3.134E-03  3.134E-03  3.134E-03
       3.134E-03  3.134E-03  3.134E-03  3.134E-03  3.134E-03  3.134E-03  3.134E-03  3.134E-03  3.134E-03  3.134E-03  3.134E-03
       3.134E-03  3.134E-03  3.134E-03  3.134E-03  3.134E-03  3.134E-03  3.134E-03  3.134E-03  3.134E-03  3.134E-03  3.134E-03
       3.134E-03  3.134E-03  3.134E-03  3.134E-03  3.134E-03  3.134E-03  3.134E-03  3.134E-03  3.134E-03  3.134E-03  3.134E-03
       3.134E-03  3.134E-03  3.134E-03  3.134E-03  3.134E-03  3.134E-03  3.134E-03  3.134E-03  3.134E-03  3.134E-03  3.134E-03
       3.134E-03   0.00    
  17    0.00       0.00       0.00       0.00       0.00      3.134E-03  3.134E-03  3.134E-03  3.134E-03  3.134E-03  3.134E-03
       3.134E-03  3.134E-03  3.134E-03  3.134E-03  3.134E-03  3.134E-03  3.134E-03  3.134E-03  3.134E-03  3.134E-03  3.134E-03
       3.134E-03  3.134E-03  3.134E-03  3.134E-03  3.134E-03  3.134E-03  3.134E-03  3.134E-03  3.134E-03  3.134E-03  3.134E-03
       3.134E-03  3.134E-03  3.134E-03  3.134E-03  3.134E-03  3.134E-03  3.134E-03  3.134E-03  3.134E-03  3.134E-03  3.134E-03
       3.134E-03  3.134E-03  3.134E-03  3.134E-03  3.134E-03  3.134E-03  3.134E-03  3.134E-03  3.134E-03  3.134E-03  3.134E-03
       3.134E-03   0.00    
  18    0.00       0.00       0.00       0.00       0.00      3.134E-03  3.134E-03  3.134E-03  3.134E-03  3.134E-03  3.134E-03
       3.134E-03  3.134E-03  3.134E-03  3.134E-03  3.134E-03  3.134E-03  3.134E-03  3.134E-03  3.134E-03  3.134E-03  3.134E-03
       3.134E-03  3.134E-03  3.134E-03  3.134E-03  3.134E-03  3.134E-03  3.134E-03  3.134E-03  3.134E-03  3.134E-03  3.134E-03
       3.134E-03  3.134E-03  3.134E-03  3.134E-03  3.134E-03  3.134E-03  3.134E-03  3.134E-03  3.134E-03  3.134E-03  3.134E-03
       3.134E-03  3.134E-03  3.134E-03  3.134E-03  3.134E-03  3.134E-03  3.134E-03  3.134E-03  3.134E-03  3.134E-03  3.134E-03
       3.134E-03   0.00    
  19    0.00       0.00       0.00       0.00      3.134E-03  3.134E-03  3.134E-03  3.134E-03  3.134E-03  3.134E-03  3.134E-03
       3.134E-03  3.134E-03  3.134E-03  3.134E-03  3.134E-03  3.134E-03  3.134E-03  3.134E-03  3.134E-03  3.134E-03  3.134E-03
       3.134E-03  3.134E-03  3.134E-03  3.134E-03  3.134E-03  3.134E-03  3.134E-03  3.134E-03  3.134E-03  3.134E-03  3.134E-03
       3.134E-03  3.134E-03  3.134E-03  3.134E-03  3.134E-03  3.134E-03  3.134E-03  3.134E-03  3.134E-03  3.134E-03  3.134E-03
       3.134E-03  3.134E-03  3.134E-03  3.134E-03  3.134E-03  3.134E-03  3.134E-03  3.134E-03  3.134E-03  3.134E-03  3.134E-03
       3.134E-03   0.00    
  20    0.00       0.00       0.00       0.00      3.134E-03  3.134E-03  3.134E-03  3.134E-03  3.134E-03  3.134E-03  3.134E-03
       3.134E-03  3.134E-03  3.134E-03  3.134E-03  3.134E-03  3.134E-03  3.134E-03  3.134E-03  3.134E-03  3.134E-03  3.134E-03
       3.134E-03  3.134E-03  3.134E-03  3.134E-03  3.134E-03  3.134E-03  3.134E-03  3.134E-03  3.134E-03  3.134E-03  3.134E-03
       3.134E-03  3.134E-03  3.134E-03  3.134E-03  3.134E-03  3.134E-03  3.134E-03  3.134E-03  3.134E-03  3.134E-03  3.134E-03
       3.134E-03  3.134E-03  3.134E-03  3.134E-03  3.134E-03  3.134E-03  3.134E-03  3.134E-03  3.134E-03  3.134E-03  3.134E-03
       3.134E-03   0.00    
  21    0.00       0.00       0.00      3.134E-03  3.134E-03  3.134E-03  3.134E-03  3.134E-03  3.134E-03  3.134E-03  3.134E-03
       3.134E-03  3.134E-03  3.134E-03  3.134E-03  3.134E-03  3.134E-03  3.134E-03  3.134E-03  3.134E-03  3.134E-03  3.134E-03
       3.134E-03  3.134E-03  3.134E-03  3.134E-03  3.134E-03  3.134E-03  3.134E-03  3.134E-03  3.134E-03  3.134E-03  3.134E-03
       3.134E-03  3.134E-03  3.134E-03  3.134E-03  3.134E-03  3.134E-03  3.134E-03  3.134E-03  3.134E-03  3.134E-03  3.134E-03
       3.134E-03  3.134E-03  3.134E-03  3.134E-03  3.134E-03  3.134E-03  3.134E-03  3.134E-03  3.134E-03  3.134E-03  3.134E-03
       3.134E-03   0.00    
  22    0.00       0.00       0.00      3.134E-03  3.134E-03  3.134E-03  3.134E-03  3.134E-03  3.134E-03  3.134E-03  3.134E-03
       3.134E-03  3.134E-03  3.134E-03  3.134E-03  3.134E-03  3.134E-03  3.134E-03  3.134E-03  3.134E-03  3.134E-03  3.134E-03
       3.134E-03  3.134E-03  3.134E-03  3.134E-03  3.134E-03  3.134E-03  3.134E-03  3.134E-03  3.134E-03  3.134E-03  3.134E-03
       3.134E-03  3.134E-03  3.134E-03  3.134E-03  3.134E-03  3.134E-03  3.134E-03  3.134E-03  3.134E-03  3.134E-03  3.134E-03
       3.134E-03  3.134E-03  3.134E-03  3.134E-03  3.134E-03  3.134E-03  3.134E-03  3.134E-03  3.134E-03  3.134E-03  3.134E-03
       3.134E-03   0.00    
  23    0.00       0.00       0.00      3.134E-03  3.134E-03  3.134E-03  3.134E-03  3.134E-03  3.134E-03  3.134E-03  3.134E-03
       3.134E-03  3.134E-03  3.134E-03  3.134E-03  3.134E-03  3.134E-03  3.134E-03  3.134E-03  3.134E-03  3.134E-03  3.134E-03
       3.134E-03  3.134E-03  3.134E-03  3.134E-03  3.134E-03  3.134E-03  3.134E-03  3.134E-03  3.134E-03  3.134E-03  3.134E-03
       3.134E-03  3.134E-03  3.134E-03  3.134E-03  3.134E-03  3.134E-03  3.134E-03  3.134E-03   0.00       0.00       0.00    
        0.00       0.00       0.00      3.134E-03  3.134E-03  3.134E-03  3.134E-03  3.134E-03  3.134E-03  3.134E-03  3.134E-03
       3.134E-03   0.00    
  24    0.00       0.00      3.134E-03  3.134E-03  3.134E-03  3.134E-03  3.134E-03  3.134E-03  3.134E-03  3.134E-03  3.134E-03
       3.134E-03  3.134E-03  3.134E-03  3.134E-03  3.134E-03  3.134E-03  3.134E-03  3.134E-03  3.134E-03  3.134E-03  3.134E-03
       3.134E-03  3.134E-03  3.134E-03  3.134E-03  3.134E-03  3.134E-03  3.134E-03  3.134E-03  3.134E-03  3.134E-03  3.134E-03
       3.134E-03  3.134E-03  3.134E-03  3.134E-03  3.134E-03  3.134E-03  3.134E-03  3.134E-03   0.00       0.00       0.00    
        0.00       0.00       0.00       0.00       0.00       0.00      3.134E-03  3.134E-03  3.134E-03  3.134E-03  3.134E-03
       3.134E-03   0.00    
  25    0.00       0.00      3.134E-03  3.134E-03  3.134E-03  3.134E-03  3.134E-03  3.134E-03  3.134E-03  3.134E-03  3.134E-03
       3.134E-03  3.134E-03  3.134E-03  3.134E-03  3.134E-03  3.134E-03  3.134E-03  3.134E-03  3.134E-03  3.134E-03  3.134E-03
       3.134E-03  3.134E-03  3.134E-03  3.134E-03  3.134E-03  3.134E-03  3.134E-03  3.134E-03  3.134E-03  3.134E-03  3.134E-03
       3.134E-03  3.134E-03  3.134E-03  3.134E-03  3.134E-03  3.134E-03  3.134E-03   0.00       0.00       0.00       0.00    
        0.00       0.00       0.00       0.00       0.00       0.00       0.00       0.00       0.00      3.134E-03  3.134E-03
        0.00       0.00    
  26    0.00      3.134E-03  3.134E-03  3.134E-03  3.134E-03  3.134E-03  3.134E-03  3.134E-03  3.134E-03  3.134E-03  3.134E-03
       3.134E-03  3.134E-03  3.134E-03  3.134E-03  3.134E-03  3.134E-03  3.134E-03  3.134E-03  3.134E-03  3.134E-03  3.134E-03
       3.134E-03  3.134E-03  3.134E-03  3.134E-03  3.134E-03  3.134E-03  3.134E-03  3.134E-03  3.134E-03  3.134E-03  3.134E-03
       3.134E-03  3.134E-03  3.134E-03  3.134E-03  3.134E-03  3.134E-03  3.134E-03   0.00       0.00       0.00       0.00    
        0.00       0.00       0.00       0.00       0.00       0.00       0.00       0.00       0.00       0.00       0.00    
        0.00       0.00    
  27    0.00      3.134E-03  3.134E-03  3.134E-03  3.134E-03  3.134E-03  3.134E-03  3.134E-03  3.134E-03  3.134E-03  3.134E-03
       3.134E-03  3.134E-03  3.134E-03  3.134E-03  3.134E-03  3.134E-03  3.134E-03  3.134E-03  3.134E-03  3.134E-03  3.134E-03
       3.134E-03  3.134E-03  3.134E-03  3.134E-03  3.134E-03  3.134E-03  3.134E-03  3.134E-03  3.134E-03  3.134E-03  3.134E-03
       3.134E-03  3.134E-03  3.134E-03  3.134E-03  3.134E-03  3.134E-03   0.00       0.00       0.00       0.00       0.00    
        0.00       0.00       0.00       0.00       0.00       0.00       0.00       0.00       0.00       0.00       0.00    
        0.00       0.00    
  28   3.134E-03  3.134E-03  3.134E-03  3.134E-03  3.134E-03  3.134E-03  3.134E-03  3.134E-03  3.134E-03  3.134E-03  3.134E-03
       3.134E-03  3.134E-03  3.134E-03  3.134E-03  3.134E-03  3.134E-03  3.134E-03  3.134E-03  3.134E-03  3.134E-03  3.134E-03
       3.134E-03  3.134E-03  3.134E-03  3.134E-03  3.134E-03  3.134E-03  3.134E-03  3.134E-03  3.134E-03  3.134E-03  3.134E-03
       3.134E-03  3.134E-03  3.134E-03  3.134E-03  3.134E-03  3.134E-03   0.00       0.00       0.00       0.00       0.00    
        0.00       0.00       0.00       0.00       0.00       0.00       0.00       0.00       0.00       0.00       0.00    
        0.00       0.00    
  29   3.134E-03  3.134E-03  3.134E-03  3.134E-03  3.134E-03  3.134E-03  3.134E-03  3.134E-03  3.134E-03  3.134E-03  3.134E-03
       3.134E-03  3.134E-03  3.134E-03  3.134E-03  3.134E-03  3.134E-03  3.134E-03  3.134E-03  3.134E-03  3.134E-03  3.134E-03
       3.134E-03  3.134E-03  3.134E-03  3.134E-03  3.134E-03  3.134E-03  3.134E-03  3.134E-03  3.134E-03  3.134E-03  3.134E-03
       3.134E-03  3.134E-03  3.134E-03  3.134E-03  3.134E-03  3.134E-03   0.00       0.00       0.00       0.00       0.00    
        0.00       0.00       0.00       0.00       0.00       0.00       0.00       0.00       0.00       0.00       0.00    
        0.00       0.00    
  30   3.134E-03  3.134E-03  3.134E-03  3.134E-03  3.134E-03  3.134E-03  3.134E-03  3.134E-03  3.134E-03  3.134E-03  3.134E-03
       3.134E-03  3.134E-03  3.134E-03  3.134E-03  3.134E-03  3.134E-03  3.134E-03  3.134E-03  3.134E-03  3.134E-03  3.134E-03
       3.134E-03  3.134E-03  3.134E-03  3.134E-03  3.134E-03  3.134E-03  3.134E-03  3.134E-03  3.134E-03  3.134E-03  3.134E-03
       3.134E-03  3.134E-03  3.134E-03  3.134E-03  3.134E-03   0.00       0.00       0.00       0.00       0.00       0.00    
        0.00       0.00       0.00       0.00       0.00       0.00       0.00       0.00       0.00       0.00       0.00    
        0.00       0.00    
  31   3.134E-03  3.134E-03  3.134E-03  3.134E-03  3.134E-03  3.134E-03  3.134E-03  3.134E-03  3.134E-03  3.134E-03  3.134E-03
       3.134E-03  3.134E-03  3.134E-03  3.134E-03  3.134E-03  3.134E-03  3.134E-03  3.134E-03  3.134E-03  3.134E-03  3.134E-03
       3.134E-03  3.134E-03  3.134E-03  3.134E-03  3.134E-03  3.134E-03  3.134E-03  3.134E-03  3.134E-03  3.134E-03  3.134E-03
       3.134E-03  3.134E-03  3.134E-03  3.134E-03  3.134E-03   0.00       0.00       0.00       0.00       0.00       0.00    
        0.00       0.00       0.00       0.00       0.00       0.00       0.00       0.00       0.00       0.00       0.00    
        0.00       0.00    
  32   3.134E-03  3.134E-03  3.134E-03  3.134E-03  3.134E-03  3.134E-03  3.134E-03  3.134E-03  3.134E-03  3.134E-03  3.134E-03
       3.134E-03  3.134E-03  3.134E-03  3.134E-03  3.134E-03  3.134E-03  3.134E-03  3.134E-03  3.134E-03  3.134E-03  3.134E-03
       3.134E-03  3.134E-03  3.134E-03  3.134E-03  3.134E-03  3.134E-03  3.134E-03  3.134E-03  3.134E-03  3.134E-03  3.134E-03
       3.134E-03  3.134E-03  3.134E-03  3.134E-03  3.134E-03   0.00       0.00       0.00       0.00       0.00       0.00    
        0.00       0.00       0.00       0.00       0.00       0.00       0.00       0.00       0.00       0.00       0.00    
        0.00       0.00    
  33   3.134E-03  3.134E-03  3.134E-03  3.134E-03  3.134E-03  3.134E-03  3.134E-03  3.134E-03  3.134E-03  3.134E-03  3.134E-03
       3.134E-03  3.134E-03  3.134E-03  3.134E-03  3.134E-03  3.134E-03  3.134E-03  3.134E-03  3.134E-03  3.134E-03  3.134E-03
       3.134E-03  3.134E-03  3.134E-03  3.134E-03  3.134E-03  3.134E-03  3.134E-03  3.134E-03  3.134E-03  3.134E-03  3.134E-03
       3.134E-03  3.134E-03  3.134E-03  3.134E-03   0.00       0.00       0.00       0.00       0.00       0.00       0.00    
        0.00       0.00       0.00       0.00       0.00       0.00       0.00       0.00       0.00       0.00       0.00    
        0.00       0.00    
  34   3.134E-03  3.134E-03  3.134E-03  3.134E-03  3.134E-03  3.134E-03  3.134E-03  3.134E-03  3.134E-03  3.134E-03  3.134E-03
       3.134E-03  3.134E-03  3.134E-03  3.134E-03  3.134E-03  3.134E-03  3.134E-03  3.134E-03  3.134E-03  3.134E-03  3.134E-03
       3.134E-03  3.134E-03  3.134E-03  3.134E-03  3.134E-03  3.134E-03  3.134E-03  3.134E-03  3.134E-03  3.134E-03  3.134E-03
       3.134E-03  3.134E-03  3.134E-03  3.134E-03   0.00       0.00       0.00       0.00       0.00       0.00       0.00    
        0.00       0.00       0.00       0.00       0.00       0.00       0.00       0.00       0.00       0.00       0.00    
        0.00       0.00    
  35   3.134E-03  3.134E-03  3.134E-03  3.134E-03  3.134E-03  3.134E-03  3.134E-03  3.134E-03  3.134E-03  3.134E-03  3.134E-03
       3.134E-03  3.134E-03  3.134E-03  3.134E-03  3.134E-03  3.134E-03  3.134E-03  3.134E-03  3.134E-03  3.134E-03  3.134E-03
       3.134E-03  3.134E-03  3.134E-03  3.134E-03  3.134E-03  3.134E-03  3.134E-03  3.134E-03  3.134E-03  3.134E-03  3.134E-03
       3.134E-03  3.134E-03  3.134E-03  3.134E-03  3.134E-03   0.00       0.00       0.00       0.00       0.00       0.00    
        0.00       0.00       0.00       0.00       0.00       0.00       0.00       0.00       0.00       0.00       0.00    
        0.00       0.00    
  36   3.134E-03  3.134E-03  3.134E-03  3.134E-03  3.134E-03  3.134E-03  3.134E-03  3.134E-03  3.134E-03  3.134E-03  3.134E-03
       3.134E-03  3.134E-03  3.134E-03  3.134E-03  3.134E-03  3.134E-03  3.134E-03  3.134E-03  3.134E-03  3.134E-03  3.134E-03
       3.134E-03  3.134E-03  3.134E-03  3.134E-03  3.134E-03  3.134E-03  3.134E-03  3.134E-03  3.134E-03  3.134E-03  3.134E-03
       3.134E-03  3.134E-03  3.134E-03  3.134E-03  3.134E-03   0.00       0.00       0.00       0.00       0.00       0.00    
        0.00       0.00       0.00       0.00       0.00       0.00       0.00       0.00       0.00       0.00       0.00    
        0.00       0.00    
  37   3.134E-03  3.134E-03  3.134E-03  3.134E-03  3.134E-03  3.134E-03  3.134E-03  3.134E-03  3.134E-03  3.134E-03  3.134E-03
       3.134E-03  3.134E-03  3.134E-03  3.134E-03  3.134E-03  3.134E-03  3.134E-03  3.134E-03  3.134E-03  3.134E-03  3.134E-03
       3.134E-03  3.134E-03  3.134E-03  3.134E-03  3.134E-03  3.134E-03  3.134E-03  3.134E-03  3.134E-03  3.134E-03  3.134E-03
       3.134E-03  3.134E-03  3.134E-03  3.134E-03  3.134E-03   0.00       0.00       0.00       0.00       0.00       0.00    
        0.00       0.00       0.00       0.00       0.00       0.00       0.00       0.00       0.00       0.00       0.00    
        0.00       0.00    
  38   3.134E-03  3.134E-03  3.134E-03  3.134E-03  3.134E-03  3.134E-03  3.134E-03  3.134E-03  3.134E-03  3.134E-03  3.134E-03
       3.134E-03  3.134E-03  3.134E-03  3.134E-03  3.134E-03  3.134E-03  3.134E-03  3.134E-03  3.134E-03  3.134E-03  3.134E-03
       3.134E-03  3.134E-03  3.134E-03  3.134E-03  3.134E-03  3.134E-03  3.134E-03  3.134E-03  3.134E-03  3.134E-03  3.134E-03
       3.134E-03  3.134E-03  3.134E-03  3.134E-03  3.134E-03   0.00       0.00       0.00       0.00       0.00       0.00    
        0.00       0.00       0.00       0.00       0.00       0.00       0.00       0.00       0.00       0.00       0.00    
        0.00       0.00    
  39   3.134E-03  3.134E-03  3.134E-03  3.134E-03  3.134E-03  3.134E-03  3.134E-03  3.134E-03  3.134E-03  3.134E-03  3.134E-03
       3.134E-03  3.134E-03  3.134E-03  3.134E-03  3.134E-03  3.134E-03  3.134E-03  3.134E-03  3.134E-03  3.134E-03  3.134E-03
       3.134E-03  3.134E-03  3.134E-03  3.134E-03  3.134E-03  3.134E-03  3.134E-03  3.134E-03  3.134E-03  3.134E-03  3.134E-03
       3.134E-03  3.134E-03  3.134E-03  3.134E-03  3.134E-03   0.00       0.00       0.00       0.00       0.00       0.00    
        0.00       0.00       0.00       0.00       0.00       0.00       0.00       0.00       0.00       0.00       0.00    
        0.00       0.00    
  40    0.00      3.134E-03  3.134E-03  3.134E-03  3.134E-03  3.134E-03  3.134E-03  3.134E-03  3.134E-03  3.134E-03  3.134E-03
       3.134E-03  3.134E-03  3.134E-03  3.134E-03  3.134E-03  3.134E-03  3.134E-03  3.134E-03  3.134E-03  3.134E-03  3.134E-03
       3.134E-03  3.134E-03  3.134E-03  3.134E-03  3.134E-03  3.134E-03  3.134E-03  3.134E-03  3.134E-03  3.134E-03  3.134E-03
       3.134E-03  3.134E-03  3.134E-03  3.134E-03  3.134E-03  3.134E-03   0.00       0.00       0.00       0.00       0.00    
        0.00       0.00       0.00       0.00       0.00       0.00       0.00       0.00       0.00       0.00       0.00    
        0.00       0.00    
  41    0.00      3.134E-03  3.134E-03  3.134E-03  3.134E-03  3.134E-03  3.134E-03  3.134E-03  3.134E-03  3.134E-03  3.134E-03
       3.134E-03  3.134E-03  3.134E-03  3.134E-03  3.134E-03  3.134E-03   0.00       0.00       0.00       0.00       0.00    
        0.00       0.00       0.00       0.00       0.00       0.00      3.134E-03  3.134E-03  3.134E-03  3.134E-03  3.134E-03
       3.134E-03  3.134E-03  3.134E-03  3.134E-03  3.134E-03  3.134E-03   0.00       0.00       0.00       0.00       0.00    
        0.00       0.00       0.00       0.00       0.00       0.00       0.00       0.00       0.00       0.00       0.00    
        0.00       0.00    
  42    0.00       0.00      3.134E-03  3.134E-03  3.134E-03  3.134E-03  3.134E-03  3.134E-03  3.134E-03  3.134E-03  3.134E-03
       3.134E-03   0.00       0.00       0.00       0.00       0.00       0.00       0.00       0.00       0.00       0.00    
        0.00       0.00       0.00       0.00       0.00       0.00       0.00       0.00      3.134E-03  3.134E-03  3.134E-03
       3.134E-03  3.134E-03  3.134E-03  3.134E-03  3.134E-03  3.134E-03   0.00       0.00       0.00       0.00       0.00    
        0.00       0.00       0.00       0.00       0.00       0.00       0.00       0.00       0.00       0.00       0.00    
        0.00       0.00    
  43    0.00       0.00      3.134E-03  3.134E-03  3.134E-03  3.134E-03  3.134E-03  3.134E-03  3.134E-03  3.134E-03  3.134E-03
        0.00       0.00       0.00       0.00       0.00       0.00       0.00       0.00       0.00       0.00       0.00    
        0.00       0.00       0.00       0.00       0.00       0.00       0.00       0.00       0.00      3.134E-03  3.134E-03
       3.134E-03  3.134E-03  3.134E-03  3.134E-03  3.134E-03  3.134E-03   0.00       0.00       0.00       0.00       0.00    
        0.00       0.00       0.00       0.00       0.00       0.00       0.00       0.00       0.00       0.00       0.00    
        0.00       0.00    
  44    0.00       0.00       0.00      3.134E-03  3.134E-03  3.134E-03  3.134E-03  3.134E-03  3.134E-03   0.00       0.00    
        0.00       0.00       0.00       0.00       0.00       0.00       0.00       0.00       0.00       0.00       0.00    
        0.00       0.00       0.00       0.00       0.00       0.00       0.00       0.00       0.00       0.00      3.134E-03
       3.134E-03  3.134E-03  3.134E-03  3.134E-03  3.134E-03  3.134E-03   0.00       0.00       0.00       0.00       0.00    
        0.00       0.00       0.00       0.00       0.00       0.00       0.00       0.00       0.00       0.00       0.00    
        0.00       0.00    
  45    0.00       0.00       0.00      3.134E-03  3.134E-03  3.134E-03  3.134E-03  3.134E-03   0.00       0.00       0.00    
        0.00       0.00       0.00       0.00       0.00       0.00       0.00       0.00       0.00       0.00       0.00    
        0.00       0.00       0.00       0.00       0.00       0.00       0.00       0.00       0.00       0.00       0.00    
       3.134E-03  3.134E-03  3.134E-03  3.134E-03  3.134E-03  3.134E-03   0.00       0.00       0.00       0.00       0.00    
        0.00       0.00       0.00       0.00       0.00       0.00       0.00       0.00       0.00       0.00       0.00    
        0.00       0.00    
  46    0.00       0.00       0.00       0.00      3.134E-03  3.134E-03  3.134E-03   0.00       0.00       0.00       0.00    
        0.00       0.00       0.00       0.00       0.00       0.00       0.00       0.00       0.00       0.00       0.00    
        0.00       0.00       0.00       0.00       0.00       0.00       0.00       0.00       0.00       0.00       0.00    
        0.00      3.134E-03  3.134E-03  3.134E-03  3.134E-03  3.134E-03   0.00       0.00       0.00       0.00       0.00    
        0.00       0.00       0.00       0.00       0.00       0.00       0.00       0.00       0.00       0.00       0.00    
        0.00       0.00    
  47    0.00       0.00       0.00       0.00      3.134E-03   0.00       0.00       0.00       0.00       0.00       0.00    
        0.00       0.00       0.00       0.00       0.00       0.00       0.00       0.00       0.00       0.00       0.00    
        0.00       0.00       0.00       0.00       0.00       0.00       0.00       0.00       0.00       0.00       0.00    
        0.00       0.00      3.134E-03  3.134E-03   0.00       0.00       0.00       0.00       0.00       0.00       0.00    
        0.00       0.00       0.00       0.00       0.00       0.00       0.00       0.00       0.00       0.00       0.00    
        0.00       0.00    

 SLN_1 INNER ITERATION SUMMARY
 --------------------------------------------------------------------------------------------------------------------------------------
      TOTAL      OUTER      INNER                                                            MAXIMUM                                   
  ITERATION  ITERATION  ITERATION  MAXIMUM CHANGE      MAXIMUM CHANGE MODEL-(CELLID)        RESIDUAL    MAXIMUM RESIDUAL MODEL-(CELLID)
 --------------------------------------------------------------------------------------------------------------------------------------
          1          1          1     -0.15343592                     1_GWF-(1,47,5)       31.084315                     1_GWF-(1,7,46)
          2          1          2     -0.76930739                    1_GWF-(1,19,54)      -82.495529                     1_GWF-(1,39,5)
          3          1          3     -0.53829883                    1_GWF-(1,22,54)       69.342894                     1_GWF-(1,3,28)
          4          1          4     -0.28928305                     1_GWF-(1,3,31)      -48.544210                     1_GWF-(1,41,7)
          5          1          5     -0.14661969                     1_GWF-(1,4,25)       28.141223                     1_GWF-(1,5,22)
          6          1          6     -0.11556371                     1_GWF-(1,6,21)       12.918995                     1_GWF-(1,7,19)
          7          1          7  1.26202083E-02                     1_GWF-(1,6,22)       14.150612                     1_GWF-(1,5,22)
          8          1          8 -7.72954332E-02                     1_GWF-(1,7,19)       3.0395837                     1_GWF-(1,27,5)
          9          1          9 -1.02088669E-02                    1_GWF-(1,43,37)       1.3889725                     1_GWF-(1,38,4)
         10          1         10 -1.30460741E-02                     1_GWF-(1,44,7)      -1.2665725                    1_GWF-(1,17,44)
         11          1         11 -1.97108757E-03                     1_GWF-(1,34,6)     -0.46824922                    1_GWF-(1,19,52)
         12          1         12 -2.20653422E-03                     1_GWF-(1,29,4)     -0.30024814                     1_GWF-(1,9,51)
         13          1         13 -2.41344798E-03                     1_GWF-(1,37,2)     -0.15065992                     1_GWF-(1,4,44)
         14          1         14 -1.14113958E-03                     1_GWF-(1,44,7) -5.77454926E-02                     1_GWF-(1,4,44)
         15          2          1  1.02488543E-04                     1_GWF-(1,4,46) -2.95984540E-02                     1_GWF-(1,4,45)
 --------------------------------------------------------------------------------------------------------------------------------------


 UBDSV1 SAVING           STO-SS ON UNIT   1030 AT TIME STEP      1, STRESS PERIOD      2
 UBDSV1 SAVING     FLOW-JA-FACE ON UNIT   1030 AT TIME STEP      1, STRESS PERIOD      2
 UBDSV06 SAVING       DATA-SPDIS IN MODEL LOCAL_RUN4       PACKAGE NPF             CONNECTED TO MODEL LOCAL_RUN4       PACKAGE NPF              ON UNIT   1030 AT TIME STEP      1, STRESS PERIOD      2
 UBDSV06 SAVING              GHB IN MODEL LOCAL_RUN4       PACKAGE LOCAL_RUN4      CONNECTED TO MODEL LOCAL_RUN4       PACKAGE GHB_AW           ON UNIT   1030 AT TIME STEP      1, STRESS PERIOD      2
 UBDSV06 SAVING              GHB IN MODEL LOCAL_RUN4       PACKAGE LOCAL_RUN4      CONNECTED TO MODEL LOCAL_RUN4       PACKAGE GHB_CONF         ON UNIT   1030 AT TIME STEP      1, STRESS PERIOD      2
 UBDSV06 SAVING              GHB IN MODEL LOCAL_RUN4       PACKAGE LOCAL_RUN4      CONNECTED TO MODEL LOCAL_RUN4       PACKAGE GHB_PW           ON UNIT   1030 AT TIME STEP      1, STRESS PERIOD      2
 UBDSV06 SAVING              GHB IN MODEL LOCAL_RUN4       PACKAGE LOCAL_RUN4      CONNECTED TO MODEL LOCAL_RUN4       PACKAGE GHB_SP           ON UNIT   1030 AT TIME STEP      1, STRESS PERIOD      2
 UBDSV06 SAVING             RCHA IN MODEL LOCAL_RUN4       PACKAGE LOCAL_RUN4      CONNECTED TO MODEL LOCAL_RUN4       PACKAGE RCH              ON UNIT   1030 AT TIME STEP      1, STRESS PERIOD      2

 HEAD WILL BE SAVED ON UNIT 1031 AT END OF TIME STEP    1, STRESS PERIOD    2

end timestep


start timestep kper="2" kstp="2" mode="normal"


 SLN_1 INNER ITERATION SUMMARY
 --------------------------------------------------------------------------------------------------------------------------------------
      TOTAL      OUTER      INNER                                                            MAXIMUM                                   
  ITERATION  ITERATION  ITERATION  MAXIMUM CHANGE      MAXIMUM CHANGE MODEL-(CELLID)        RESIDUAL    MAXIMUM RESIDUAL MODEL-(CELLID)
 --------------------------------------------------------------------------------------------------------------------------------------
          1          1          1      -2.7501312                    1_GWF-(1,47,37)      -903.56183                    1_GWF-(1,23,54)
          2          1          2       1.0433489                    1_GWF-(1,47,37)      -171.85292                    1_GWF-(1,41,36)
          3          1          3  4.40667604E-02                    1_GWF-(1,42,32)      -134.83966                    1_GWF-(1,43,37)
          4          1          4      0.26989237                    1_GWF-(1,47,37)      -35.104612                    1_GWF-(1,42,37)
          5          1          5 -1.57749999E-02                    1_GWF-(1,47,37)       25.157862                     1_GWF-(1,3,28)
          6          1          6  9.28271365E-02                    1_GWF-(1,44,38)       2.5465763                     1_GWF-(1,28,3)
          7          1          7  3.87287173E-02                    1_GWF-(1,44,37)       13.046999                    1_GWF-(1,41,36)
          8          1          8 -4.55811394E-02                    1_GWF-(1,44,37)     -0.49362180                    1_GWF-(1,41,36)
          9          1          9  1.28698833E-03                    1_GWF-(1,43,38)      0.22698891                     1_GWF-(1,21,7)
         10          1         10  8.07845386E-04                    1_GWF-(1,17,55)      0.18063458                     1_GWF-(1,29,4)
         11          1         11 -2.37509925E-04                     1_GWF-(1,45,4)      0.13617578                     1_GWF-(1,21,7)
         12          1         12 -4.13271064E-04                     1_GWF-(1,44,7) -7.91556693E-02                    1_GWF-(1,10,52)
         13          2          1  4.77534467E-04                    1_GWF-(1,21,55)  5.19984265E-02                     1_GWF-(1,21,7)
 --------------------------------------------------------------------------------------------------------------------------------------


 UBDSV1 SAVING           STO-SS ON UNIT   1030 AT TIME STEP      2, STRESS PERIOD      2
 UBDSV1 SAVING     FLOW-JA-FACE ON UNIT   1030 AT TIME STEP      2, STRESS PERIOD      2
 UBDSV06 SAVING       DATA-SPDIS IN MODEL LOCAL_RUN4       PACKAGE NPF             CONNECTED TO MODEL LOCAL_RUN4       PACKAGE NPF              ON UNIT   1030 AT TIME STEP      2, STRESS PERIOD      2
 UBDSV06 SAVING              GHB IN MODEL LOCAL_RUN4       PACKAGE LOCAL_RUN4      CONNECTED TO MODEL LOCAL_RUN4       PACKAGE GHB_AW           ON UNIT   1030 AT TIME STEP      2, STRESS PERIOD      2
 UBDSV06 SAVING              GHB IN MODEL LOCAL_RUN4       PACKAGE LOCAL_RUN4      CONNECTED TO MODEL LOCAL_RUN4       PACKAGE GHB_CONF         ON UNIT   1030 AT TIME STEP      2, STRESS PERIOD      2
 UBDSV06 SAVING              GHB IN MODEL LOCAL_RUN4       PACKAGE LOCAL_RUN4      CONNECTED TO MODEL LOCAL_RUN4       PACKAGE GHB_PW           ON UNIT   1030 AT TIME STEP      2, STRESS PERIOD      2
 UBDSV06 SAVING              GHB IN MODEL LOCAL_RUN4       PACKAGE LOCAL_RUN4      CONNECTED TO MODEL LOCAL_RUN4       PACKAGE GHB_SP           ON UNIT   1030 AT TIME STEP      2, STRESS PERIOD      2
 UBDSV06 SAVING             RCHA IN MODEL LOCAL_RUN4       PACKAGE LOCAL_RUN4      CONNECTED TO MODEL LOCAL_RUN4       PACKAGE RCH              ON UNIT   1030 AT TIME STEP      2, STRESS PERIOD      2

 HEAD WILL BE SAVED ON UNIT 1031 AT END OF TIME STEP    2, STRESS PERIOD    2

end timestep


start timestep kper="2" kstp="3" mode="normal"


 SLN_1 INNER ITERATION SUMMARY
 --------------------------------------------------------------------------------------------------------------------------------------
      TOTAL      OUTER      INNER                                                            MAXIMUM                                   
  ITERATION  ITERATION  ITERATION  MAXIMUM CHANGE      MAXIMUM CHANGE MODEL-(CELLID)        RESIDUAL    MAXIMUM RESIDUAL MODEL-(CELLID)
 --------------------------------------------------------------------------------------------------------------------------------------
          1          1          1      -2.4649578                    1_GWF-(1,47,37)      -763.37500                    1_GWF-(1,23,54)
          2          1          2      0.93772619                    1_GWF-(1,47,37)      -181.87172                    1_GWF-(1,41,36)
          3          1          3       1.1390066                    1_GWF-(1,45,36)       401.07886                    1_GWF-(1,41,36)
          4          1          4     -0.82740554                    1_GWF-(1,45,36)      -21.131682                    1_GWF-(1,23,54)
          5          1          5 -3.10445009E-03                     1_GWF-(1,47,5)       16.480680                     1_GWF-(1,5,22)
          6          1          6 -9.24721928E-02                    1_GWF-(1,43,38)       53.748962                     1_GWF-(1,7,19)
          7          1          7      0.13262636                    1_GWF-(1,43,38)      -1.0708066                     1_GWF-(1,29,4)
          8          1          8  4.25805300E-03                    1_GWF-(1,44,37)     -0.73950585                     1_GWF-(1,5,22)
          9          1          9  3.02505095E-03                     1_GWF-(1,6,20)      0.31552307                     1_GWF-(1,4,25)
         10          1         10  1.04387286E-03                    1_GWF-(1,43,36) -7.69671813E-02                     1_GWF-(1,5,22)
         11          2          1 -8.53255437E-05                    1_GWF-(1,24,56) -5.22166525E-02                     1_GWF-(1,5,22)
 --------------------------------------------------------------------------------------------------------------------------------------


 UBDSV1 SAVING           STO-SS ON UNIT   1030 AT TIME STEP      3, STRESS PERIOD      2
 UBDSV1 SAVING     FLOW-JA-FACE ON UNIT   1030 AT TIME STEP      3, STRESS PERIOD      2
 UBDSV06 SAVING       DATA-SPDIS IN MODEL LOCAL_RUN4       PACKAGE NPF             CONNECTED TO MODEL LOCAL_RUN4       PACKAGE NPF              ON UNIT   1030 AT TIME STEP      3, STRESS PERIOD      2
 UBDSV06 SAVING              GHB IN MODEL LOCAL_RUN4       PACKAGE LOCAL_RUN4      CONNECTED TO MODEL LOCAL_RUN4       PACKAGE GHB_AW           ON UNIT   1030 AT TIME STEP      3, STRESS PERIOD      2
 UBDSV06 SAVING              GHB IN MODEL LOCAL_RUN4       PACKAGE LOCAL_RUN4      CONNECTED TO MODEL LOCAL_RUN4       PACKAGE GHB_CONF         ON UNIT   1030 AT TIME STEP      3, STRESS PERIOD      2
 UBDSV06 SAVING              GHB IN MODEL LOCAL_RUN4       PACKAGE LOCAL_RUN4      CONNECTED TO MODEL LOCAL_RUN4       PACKAGE GHB_PW           ON UNIT   1030 AT TIME STEP      3, STRESS PERIOD      2
 UBDSV06 SAVING              GHB IN MODEL LOCAL_RUN4       PACKAGE LOCAL_RUN4      CONNECTED TO MODEL LOCAL_RUN4       PACKAGE GHB_SP           ON UNIT   1030 AT TIME STEP      3, STRESS PERIOD      2
 UBDSV06 SAVING             RCHA IN MODEL LOCAL_RUN4       PACKAGE LOCAL_RUN4      CONNECTED TO MODEL LOCAL_RUN4       PACKAGE RCH              ON UNIT   1030 AT TIME STEP      3, STRESS PERIOD      2

 HEAD WILL BE SAVED ON UNIT 1031 AT END OF TIME STEP    3, STRESS PERIOD    2

end timestep


start timestep kper="2" kstp="4" mode="normal"


 SLN_1 INNER ITERATION SUMMARY
 --------------------------------------------------------------------------------------------------------------------------------------
      TOTAL      OUTER      INNER                                                            MAXIMUM                                   
  ITERATION  ITERATION  ITERATION  MAXIMUM CHANGE      MAXIMUM CHANGE MODEL-(CELLID)        RESIDUAL    MAXIMUM RESIDUAL MODEL-(CELLID)
 --------------------------------------------------------------------------------------------------------------------------------------
          1          1          1      -2.1684338                    1_GWF-(1,47,37)      -665.88393                    1_GWF-(1,23,54)
          2          1          2      0.83710521                    1_GWF-(1,47,37)      -156.18945                    1_GWF-(1,41,36)
          3          1          3      -8.5382647                    1_GWF-(1,45,36)      -4098.1318                    1_GWF-(1,41,37)
          4          1          4       8.8067641                    1_GWF-(1,45,36)      -20.066475                    1_GWF-(1,23,54)
          5          1          5 -3.73141709E-03                     1_GWF-(1,6,17)       13.955402                     1_GWF-(1,5,22)
          6          1          6 -3.31481373E-02                    1_GWF-(1,46,39)       27.692457                     1_GWF-(1,7,19)
          7          1          7  6.70611231E-02                    1_GWF-(1,46,39)      -1.0525858                    1_GWF-(1,42,37)
          8          1          8  6.46075874E-03                    1_GWF-(1,44,37)      0.66340110                    1_GWF-(1,23,54)
          9          1          9 -1.67362296E-03                     1_GWF-(1,6,20)      -1.4131287                     1_GWF-(1,5,22)
         10          1         10  3.56409572E-03                     1_GWF-(1,6,20) -7.56688509E-02                     1_GWF-(1,5,22)
         11          2          1 -8.00914755E-05                    1_GWF-(1,24,56) -4.62458990E-02                     1_GWF-(1,5,22)
 --------------------------------------------------------------------------------------------------------------------------------------


 UBDSV1 SAVING           STO-SS ON UNIT   1030 AT TIME STEP      4, STRESS PERIOD      2
 UBDSV1 SAVING     FLOW-JA-FACE ON UNIT   1030 AT TIME STEP      4, STRESS PERIOD      2
 UBDSV06 SAVING       DATA-SPDIS IN MODEL LOCAL_RUN4       PACKAGE NPF             CONNECTED TO MODEL LOCAL_RUN4       PACKAGE NPF              ON UNIT   1030 AT TIME STEP      4, STRESS PERIOD      2
 UBDSV06 SAVING              GHB IN MODEL LOCAL_RUN4       PACKAGE LOCAL_RUN4      CONNECTED TO MODEL LOCAL_RUN4       PACKAGE GHB_AW           ON UNIT   1030 AT TIME STEP      4, STRESS PERIOD      2
 UBDSV06 SAVING              GHB IN MODEL LOCAL_RUN4       PACKAGE LOCAL_RUN4      CONNECTED TO MODEL LOCAL_RUN4       PACKAGE GHB_CONF         ON UNIT   1030 AT TIME STEP      4, STRESS PERIOD      2
 UBDSV06 SAVING              GHB IN MODEL LOCAL_RUN4       PACKAGE LOCAL_RUN4      CONNECTED TO MODEL LOCAL_RUN4       PACKAGE GHB_PW           ON UNIT   1030 AT TIME STEP      4, STRESS PERIOD      2
 UBDSV06 SAVING              GHB IN MODEL LOCAL_RUN4       PACKAGE LOCAL_RUN4      CONNECTED TO MODEL LOCAL_RUN4       PACKAGE GHB_SP           ON UNIT   1030 AT TIME STEP      4, STRESS PERIOD      2
 UBDSV06 SAVING             RCHA IN MODEL LOCAL_RUN4       PACKAGE LOCAL_RUN4      CONNECTED TO MODEL LOCAL_RUN4       PACKAGE RCH              ON UNIT   1030 AT TIME STEP      4, STRESS PERIOD      2

 HEAD WILL BE SAVED ON UNIT 1031 AT END OF TIME STEP    4, STRESS PERIOD    2

end timestep


start timestep kper="2" kstp="5" mode="normal"


 SLN_1 INNER ITERATION SUMMARY
 --------------------------------------------------------------------------------------------------------------------------------------
      TOTAL      OUTER      INNER                                                            MAXIMUM                                   
  ITERATION  ITERATION  ITERATION  MAXIMUM CHANGE      MAXIMUM CHANGE MODEL-(CELLID)        RESIDUAL    MAXIMUM RESIDUAL MODEL-(CELLID)
 --------------------------------------------------------------------------------------------------------------------------------------
          1          1          1      -1.8924700                    1_GWF-(1,47,37)      -580.97033                    1_GWF-(1,23,54)
          2          1          2      0.73189194                    1_GWF-(1,47,37)      -136.40985                    1_GWF-(1,41,36)
          3          1          3       29.519232                    1_GWF-(1,45,36)       13684.508                    1_GWF-(1,41,36)
          4          1          4      -29.284544                    1_GWF-(1,45,36)      -17.265543                    1_GWF-(1,23,54)
          5          1          5 -3.32191954E-03                     1_GWF-(1,6,17)       12.153810                     1_GWF-(1,5,22)
          6          1          6 -2.69061991E-02                    1_GWF-(1,46,39)       23.546526                     1_GWF-(1,7,19)
          7          1          7  5.60387383E-02                    1_GWF-(1,46,39)     -0.86681384                    1_GWF-(1,42,37)
          8          1          8  5.61271604E-03                    1_GWF-(1,44,37)      0.61929952                    1_GWF-(1,23,54)
          9          1          9 -2.14976215E-03                     1_GWF-(1,6,20)      -1.5250065                     1_GWF-(1,5,22)
         10          1         10  3.82309308E-03                     1_GWF-(1,6,20) -6.79731060E-02                     1_GWF-(1,5,22)
         11          2          1 -7.76856437E-05                    1_GWF-(1,24,56) -4.08944482E-02                     1_GWF-(1,5,22)
 --------------------------------------------------------------------------------------------------------------------------------------


 UBDSV1 SAVING           STO-SS ON UNIT   1030 AT TIME STEP      5, STRESS PERIOD      2
 UBDSV1 SAVING     FLOW-JA-FACE ON UNIT   1030 AT TIME STEP      5, STRESS PERIOD      2
 UBDSV06 SAVING       DATA-SPDIS IN MODEL LOCAL_RUN4       PACKAGE NPF             CONNECTED TO MODEL LOCAL_RUN4       PACKAGE NPF              ON UNIT   1030 AT TIME STEP      5, STRESS PERIOD      2
 UBDSV06 SAVING              GHB IN MODEL LOCAL_RUN4       PACKAGE LOCAL_RUN4      CONNECTED TO MODEL LOCAL_RUN4       PACKAGE GHB_AW           ON UNIT   1030 AT TIME STEP      5, STRESS PERIOD      2
 UBDSV06 SAVING              GHB IN MODEL LOCAL_RUN4       PACKAGE LOCAL_RUN4      CONNECTED TO MODEL LOCAL_RUN4       PACKAGE GHB_CONF         ON UNIT   1030 AT TIME STEP      5, STRESS PERIOD      2
 UBDSV06 SAVING              GHB IN MODEL LOCAL_RUN4       PACKAGE LOCAL_RUN4      CONNECTED TO MODEL LOCAL_RUN4       PACKAGE GHB_PW           ON UNIT   1030 AT TIME STEP      5, STRESS PERIOD      2
 UBDSV06 SAVING              GHB IN MODEL LOCAL_RUN4       PACKAGE LOCAL_RUN4      CONNECTED TO MODEL LOCAL_RUN4       PACKAGE GHB_SP           ON UNIT   1030 AT TIME STEP      5, STRESS PERIOD      2
 UBDSV06 SAVING             RCHA IN MODEL LOCAL_RUN4       PACKAGE LOCAL_RUN4      CONNECTED TO MODEL LOCAL_RUN4       PACKAGE RCH              ON UNIT   1030 AT TIME STEP      5, STRESS PERIOD      2

 HEAD WILL BE SAVED ON UNIT 1031 AT END OF TIME STEP    5, STRESS PERIOD    2

end timestep


start timestep kper="2" kstp="6" mode="normal"


 SLN_1 INNER ITERATION SUMMARY
 --------------------------------------------------------------------------------------------------------------------------------------
      TOTAL      OUTER      INNER                                                            MAXIMUM                                   
  ITERATION  ITERATION  ITERATION  MAXIMUM CHANGE      MAXIMUM CHANGE MODEL-(CELLID)        RESIDUAL    MAXIMUM RESIDUAL MODEL-(CELLID)
 --------------------------------------------------------------------------------------------------------------------------------------
          1          1          1      -1.6489737                    1_GWF-(1,47,37)      -506.12522                    1_GWF-(1,23,54)
          2          1          2      0.63753314                    1_GWF-(1,47,37)      -118.50925                    1_GWF-(1,41,36)
          3          1          3      -4.4776420                    1_GWF-(1,45,36)      -2178.6330                    1_GWF-(1,41,37)
          4          1          4       4.6816005                    1_GWF-(1,45,36)      -15.269228                    1_GWF-(1,23,54)
          5          1          5 -2.88255294E-03                     1_GWF-(1,6,17)       10.593014                     1_GWF-(1,5,22)
          6          1          6 -2.36189764E-02                    1_GWF-(1,46,39)       20.455358                     1_GWF-(1,7,19)
          7          1          7  4.90520937E-02                    1_GWF-(1,46,39)      0.84230663                     1_GWF-(1,5,22)
          8          1          8  5.21955386E-03                    1_GWF-(1,44,37)      0.51853205                    1_GWF-(1,23,54)
          9          1          9 -8.78994334E-04                     1_GWF-(1,6,20)     -0.93367200                     1_GWF-(1,5,22)
         10          1         10  2.33063334E-03                     1_GWF-(1,6,20) -5.78674959E-02                     1_GWF-(1,5,22)
         11          2          1 -6.20156703E-05                    1_GWF-(1,24,56) -3.51255192E-02                     1_GWF-(1,5,22)
 --------------------------------------------------------------------------------------------------------------------------------------


 UBDSV1 SAVING           STO-SS ON UNIT   1030 AT TIME STEP      6, STRESS PERIOD      2
 UBDSV1 SAVING     FLOW-JA-FACE ON UNIT   1030 AT TIME STEP      6, STRESS PERIOD      2
 UBDSV06 SAVING       DATA-SPDIS IN MODEL LOCAL_RUN4       PACKAGE NPF             CONNECTED TO MODEL LOCAL_RUN4       PACKAGE NPF              ON UNIT   1030 AT TIME STEP      6, STRESS PERIOD      2
 UBDSV06 SAVING              GHB IN MODEL LOCAL_RUN4       PACKAGE LOCAL_RUN4      CONNECTED TO MODEL LOCAL_RUN4       PACKAGE GHB_AW           ON UNIT   1030 AT TIME STEP      6, STRESS PERIOD      2
 UBDSV06 SAVING              GHB IN MODEL LOCAL_RUN4       PACKAGE LOCAL_RUN4      CONNECTED TO MODEL LOCAL_RUN4       PACKAGE GHB_CONF         ON UNIT   1030 AT TIME STEP      6, STRESS PERIOD      2
 UBDSV06 SAVING              GHB IN MODEL LOCAL_RUN4       PACKAGE LOCAL_RUN4      CONNECTED TO MODEL LOCAL_RUN4       PACKAGE GHB_PW           ON UNIT   1030 AT TIME STEP      6, STRESS PERIOD      2
 UBDSV06 SAVING              GHB IN MODEL LOCAL_RUN4       PACKAGE LOCAL_RUN4      CONNECTED TO MODEL LOCAL_RUN4       PACKAGE GHB_SP           ON UNIT   1030 AT TIME STEP      6, STRESS PERIOD      2
 UBDSV06 SAVING             RCHA IN MODEL LOCAL_RUN4       PACKAGE LOCAL_RUN4      CONNECTED TO MODEL LOCAL_RUN4       PACKAGE RCH              ON UNIT   1030 AT TIME STEP      6, STRESS PERIOD      2

 HEAD WILL BE SAVED ON UNIT 1031 AT END OF TIME STEP    6, STRESS PERIOD    2

end timestep


start timestep kper="2" kstp="7" mode="normal"


 SLN_1 INNER ITERATION SUMMARY
 --------------------------------------------------------------------------------------------------------------------------------------
      TOTAL      OUTER      INNER                                                            MAXIMUM                                   
  ITERATION  ITERATION  ITERATION  MAXIMUM CHANGE      MAXIMUM CHANGE MODEL-(CELLID)        RESIDUAL    MAXIMUM RESIDUAL MODEL-(CELLID)
 --------------------------------------------------------------------------------------------------------------------------------------
          1          1          1      -1.4379383                    1_GWF-(1,47,37)      -441.42936                    1_GWF-(1,23,54)
          2          1          2      0.55621734                    1_GWF-(1,47,37)      -103.68814                    1_GWF-(1,41,36)
          3          1          3       10.471142                    1_GWF-(1,45,36)       4813.9709                    1_GWF-(1,41,36)
          4          1          4      -10.292749                    1_GWF-(1,45,36)      -13.080902                    1_GWF-(1,23,54)
          5          1          5 -2.53540952E-03                     1_GWF-(1,6,17)       9.2315930                     1_GWF-(1,5,22)
          6          1          6 -2.02403733E-02                    1_GWF-(1,46,39)       17.832445                     1_GWF-(1,7,19)
          7          1          7  4.23340568E-02                    1_GWF-(1,46,39)     -0.64834199                    1_GWF-(1,42,37)
          8          1          8  4.23610328E-03                    1_GWF-(1,44,37)      0.47568707                    1_GWF-(1,23,54)
          9          1          9 -1.84571699E-03                     1_GWF-(1,6,20)      -1.2441816                     1_GWF-(1,5,22)
         10          1         10  3.11758463E-03                     1_GWF-(1,6,20) -5.20004514E-02                     1_GWF-(1,5,22)
         11          2          1 -6.04393003E-05                    1_GWF-(1,24,56) -3.11477071E-02                     1_GWF-(1,5,22)
 --------------------------------------------------------------------------------------------------------------------------------------


 UBDSV1 SAVING           STO-SS ON UNIT   1030 AT TIME STEP      7, STRESS PERIOD      2
 UBDSV1 SAVING     FLOW-JA-FACE ON UNIT   1030 AT TIME STEP      7, STRESS PERIOD      2
 UBDSV06 SAVING       DATA-SPDIS IN MODEL LOCAL_RUN4       PACKAGE NPF             CONNECTED TO MODEL LOCAL_RUN4       PACKAGE NPF              ON UNIT   1030 AT TIME STEP      7, STRESS PERIOD      2
 UBDSV06 SAVING              GHB IN MODEL LOCAL_RUN4       PACKAGE LOCAL_RUN4      CONNECTED TO MODEL LOCAL_RUN4       PACKAGE GHB_AW           ON UNIT   1030 AT TIME STEP      7, STRESS PERIOD      2
 UBDSV06 SAVING              GHB IN MODEL LOCAL_RUN4       PACKAGE LOCAL_RUN4      CONNECTED TO MODEL LOCAL_RUN4       PACKAGE GHB_CONF         ON UNIT   1030 AT TIME STEP      7, STRESS PERIOD      2
 UBDSV06 SAVING              GHB IN MODEL LOCAL_RUN4       PACKAGE LOCAL_RUN4      CONNECTED TO MODEL LOCAL_RUN4       PACKAGE GHB_PW           ON UNIT   1030 AT TIME STEP      7, STRESS PERIOD      2
 UBDSV06 SAVING              GHB IN MODEL LOCAL_RUN4       PACKAGE LOCAL_RUN4      CONNECTED TO MODEL LOCAL_RUN4       PACKAGE GHB_SP           ON UNIT   1030 AT TIME STEP      7, STRESS PERIOD      2
 UBDSV06 SAVING             RCHA IN MODEL LOCAL_RUN4       PACKAGE LOCAL_RUN4      CONNECTED TO MODEL LOCAL_RUN4       PACKAGE RCH              ON UNIT   1030 AT TIME STEP      7, STRESS PERIOD      2

 HEAD WILL BE SAVED ON UNIT 1031 AT END OF TIME STEP    7, STRESS PERIOD    2

end timestep


start timestep kper="2" kstp="8" mode="normal"


 SLN_1 INNER ITERATION SUMMARY
 --------------------------------------------------------------------------------------------------------------------------------------
      TOTAL      OUTER      INNER                                                            MAXIMUM                                   
  ITERATION  ITERATION  ITERATION  MAXIMUM CHANGE      MAXIMUM CHANGE MODEL-(CELLID)        RESIDUAL    MAXIMUM RESIDUAL MODEL-(CELLID)
 --------------------------------------------------------------------------------------------------------------------------------------
          1          1          1      -1.2526021                    1_GWF-(1,47,37)      -384.45040                    1_GWF-(1,23,54)
          2          1          2      0.48423164                    1_GWF-(1,47,37)      -89.959998                    1_GWF-(1,41,36)
          3          1          3      -2.6227175                    1_GWF-(1,45,36)      -1291.6278                    1_GWF-(1,41,37)
          4          1          4       2.7775487                    1_GWF-(1,45,36)      -11.642324                    1_GWF-(1,23,54)
          5          1          5 -2.18733902E-03                     1_GWF-(1,6,17)       8.0476588                     1_GWF-(1,5,22)
          6          1          6 -1.79953694E-02                    1_GWF-(1,46,39)       15.535680                     1_GWF-(1,7,19)
          7          1          7  3.73294166E-02                    1_GWF-(1,46,39)      0.65863078                     1_GWF-(1,5,22)
          8          1          8  4.02602494E-03                    1_GWF-(1,44,37)      0.38971699                    1_GWF-(1,23,54)
          9          1          9 -5.63690183E-04                     1_GWF-(1,6,20)     -0.66709083                     1_GWF-(1,5,22)
         10          1         10  1.66315295E-03                     1_GWF-(1,6,20) -4.38239244E-02                     1_GWF-(1,5,22)
         11          2          1 -4.65115819E-05                    1_GWF-(1,24,56) -2.66043819E-02                     1_GWF-(1,5,22)
 --------------------------------------------------------------------------------------------------------------------------------------


 UBDSV1 SAVING           STO-SS ON UNIT   1030 AT TIME STEP      8, STRESS PERIOD      2
 UBDSV1 SAVING     FLOW-JA-FACE ON UNIT   1030 AT TIME STEP      8, STRESS PERIOD      2
 UBDSV06 SAVING       DATA-SPDIS IN MODEL LOCAL_RUN4       PACKAGE NPF             CONNECTED TO MODEL LOCAL_RUN4       PACKAGE NPF              ON UNIT   1030 AT TIME STEP      8, STRESS PERIOD      2
 UBDSV06 SAVING              GHB IN MODEL LOCAL_RUN4       PACKAGE LOCAL_RUN4      CONNECTED TO MODEL LOCAL_RUN4       PACKAGE GHB_AW           ON UNIT   1030 AT TIME STEP      8, STRESS PERIOD      2
 UBDSV06 SAVING              GHB IN MODEL LOCAL_RUN4       PACKAGE LOCAL_RUN4      CONNECTED TO MODEL LOCAL_RUN4       PACKAGE GHB_CONF         ON UNIT   1030 AT TIME STEP      8, STRESS PERIOD      2
 UBDSV06 SAVING              GHB IN MODEL LOCAL_RUN4       PACKAGE LOCAL_RUN4      CONNECTED TO MODEL LOCAL_RUN4       PACKAGE GHB_PW           ON UNIT   1030 AT TIME STEP      8, STRESS PERIOD      2
 UBDSV06 SAVING              GHB IN MODEL LOCAL_RUN4       PACKAGE LOCAL_RUN4      CONNECTED TO MODEL LOCAL_RUN4       PACKAGE GHB_SP           ON UNIT   1030 AT TIME STEP      8, STRESS PERIOD      2
 UBDSV06 SAVING             RCHA IN MODEL LOCAL_RUN4       PACKAGE LOCAL_RUN4      CONNECTED TO MODEL LOCAL_RUN4       PACKAGE RCH              ON UNIT   1030 AT TIME STEP      8, STRESS PERIOD      2

 HEAD WILL BE SAVED ON UNIT 1031 AT END OF TIME STEP    8, STRESS PERIOD    2

end timestep


start timestep kper="2" kstp="9" mode="normal"


 SLN_1 INNER ITERATION SUMMARY
 --------------------------------------------------------------------------------------------------------------------------------------
      TOTAL      OUTER      INNER                                                            MAXIMUM                                   
  ITERATION  ITERATION  ITERATION  MAXIMUM CHANGE      MAXIMUM CHANGE MODEL-(CELLID)        RESIDUAL    MAXIMUM RESIDUAL MODEL-(CELLID)
 --------------------------------------------------------------------------------------------------------------------------------------
          1          1          1      -1.0925115                    1_GWF-(1,47,37)      -335.40036                    1_GWF-(1,23,54)
          2          1          2      0.42264217                    1_GWF-(1,47,37)      -78.837279                    1_GWF-(1,41,36)
          3          1          3       4.4627577                    1_GWF-(1,45,36)       2026.3885                    1_GWF-(1,41,36)
          4          1          4      -4.3271315                    1_GWF-(1,45,36)      -9.8997554                    1_GWF-(1,23,54)
          5          1          5 -1.93115024E-03                     1_GWF-(1,6,17)       7.0129835                     1_GWF-(1,5,22)
          6          1          6 -1.53166000E-02                    1_GWF-(1,46,39)       13.547317                     1_GWF-(1,7,19)
          7          1          7  3.20877317E-02                    1_GWF-(1,46,39)     -0.48045879                    1_GWF-(1,42,37)
          8          1          8  3.16870393E-03                    1_GWF-(1,44,37)      0.36532282                    1_GWF-(1,23,54)
          9          1          9 -1.77435366E-03                     1_GWF-(1,6,20)      -1.0925529                     1_GWF-(1,5,22)
         10          1         10  2.73954500E-03                     1_GWF-(1,6,20) -3.98700993E-02                     1_GWF-(1,5,22)
         11          2          1 -4.73197622E-05                    1_GWF-(1,24,56) -2.37563981E-02                     1_GWF-(1,5,22)
 --------------------------------------------------------------------------------------------------------------------------------------


 UBDSV1 SAVING           STO-SS ON UNIT   1030 AT TIME STEP      9, STRESS PERIOD      2
 UBDSV1 SAVING     FLOW-JA-FACE ON UNIT   1030 AT TIME STEP      9, STRESS PERIOD      2
 UBDSV06 SAVING       DATA-SPDIS IN MODEL LOCAL_RUN4       PACKAGE NPF             CONNECTED TO MODEL LOCAL_RUN4       PACKAGE NPF              ON UNIT   1030 AT TIME STEP      9, STRESS PERIOD      2
 UBDSV06 SAVING              GHB IN MODEL LOCAL_RUN4       PACKAGE LOCAL_RUN4      CONNECTED TO MODEL LOCAL_RUN4       PACKAGE GHB_AW           ON UNIT   1030 AT TIME STEP      9, STRESS PERIOD      2
 UBDSV06 SAVING              GHB IN MODEL LOCAL_RUN4       PACKAGE LOCAL_RUN4      CONNECTED TO MODEL LOCAL_RUN4       PACKAGE GHB_CONF         ON UNIT   1030 AT TIME STEP      9, STRESS PERIOD      2
 UBDSV06 SAVING              GHB IN MODEL LOCAL_RUN4       PACKAGE LOCAL_RUN4      CONNECTED TO MODEL LOCAL_RUN4       PACKAGE GHB_PW           ON UNIT   1030 AT TIME STEP      9, STRESS PERIOD      2
 UBDSV06 SAVING              GHB IN MODEL LOCAL_RUN4       PACKAGE LOCAL_RUN4      CONNECTED TO MODEL LOCAL_RUN4       PACKAGE GHB_SP           ON UNIT   1030 AT TIME STEP      9, STRESS PERIOD      2
 UBDSV06 SAVING             RCHA IN MODEL LOCAL_RUN4       PACKAGE LOCAL_RUN4      CONNECTED TO MODEL LOCAL_RUN4       PACKAGE RCH              ON UNIT   1030 AT TIME STEP      9, STRESS PERIOD      2

 HEAD WILL BE SAVED ON UNIT 1031 AT END OF TIME STEP    9, STRESS PERIOD    2

end timestep


start timestep kper="2" kstp="10" mode="normal"


 SLN_1 INNER ITERATION SUMMARY
 --------------------------------------------------------------------------------------------------------------------------------------
      TOTAL      OUTER      INNER                                                            MAXIMUM                                   
  ITERATION  ITERATION  ITERATION  MAXIMUM CHANGE      MAXIMUM CHANGE MODEL-(CELLID)        RESIDUAL    MAXIMUM RESIDUAL MODEL-(CELLID)
 --------------------------------------------------------------------------------------------------------------------------------------
          1          1          1     -0.95145119                    1_GWF-(1,47,37)      -292.00550                    1_GWF-(1,23,54)
          2          1          2      0.36774369                    1_GWF-(1,47,37)      -68.267035                    1_GWF-(1,41,36)
          3          1          3      -1.5140445                    1_GWF-(1,45,36)      -758.02132                    1_GWF-(1,41,37)
          4          1          4       1.6315474                    1_GWF-(1,45,36)      -8.8884631                    1_GWF-(1,23,54)
          5          1          5 -1.65929523E-03                     1_GWF-(1,6,17)       6.1139979                     1_GWF-(1,5,22)
          6          1          6 -1.37356361E-02                    1_GWF-(1,46,39)       11.802274                     1_GWF-(1,7,19)
          7          1          7  2.84375435E-02                    1_GWF-(1,46,39)      0.51940037                     1_GWF-(1,5,22)
          8          1          8  3.12123470E-03                    1_GWF-(1,44,37)      0.29158995                    1_GWF-(1,23,54)
          9          1          9 -3.40542491E-04                     1_GWF-(1,6,20)     -0.47073589                     1_GWF-(1,5,22)
         10          1         10  1.17134282E-03                     1_GWF-(1,6,20) -3.32153556E-02                     1_GWF-(1,5,22)
         11          2          1 -3.49845285E-05                    1_GWF-(1,24,56) -2.01341405E-02                     1_GWF-(1,5,22)
 --------------------------------------------------------------------------------------------------------------------------------------


 UBDSV1 SAVING           STO-SS ON UNIT   1030 AT TIME STEP     10, STRESS PERIOD      2
 UBDSV1 SAVING     FLOW-JA-FACE ON UNIT   1030 AT TIME STEP     10, STRESS PERIOD      2
 UBDSV06 SAVING       DATA-SPDIS IN MODEL LOCAL_RUN4       PACKAGE NPF             CONNECTED TO MODEL LOCAL_RUN4       PACKAGE NPF              ON UNIT   1030 AT TIME STEP     10, STRESS PERIOD      2
 UBDSV06 SAVING              GHB IN MODEL LOCAL_RUN4       PACKAGE LOCAL_RUN4      CONNECTED TO MODEL LOCAL_RUN4       PACKAGE GHB_AW           ON UNIT   1030 AT TIME STEP     10, STRESS PERIOD      2
 UBDSV06 SAVING              GHB IN MODEL LOCAL_RUN4       PACKAGE LOCAL_RUN4      CONNECTED TO MODEL LOCAL_RUN4       PACKAGE GHB_CONF         ON UNIT   1030 AT TIME STEP     10, STRESS PERIOD      2
 UBDSV06 SAVING              GHB IN MODEL LOCAL_RUN4       PACKAGE LOCAL_RUN4      CONNECTED TO MODEL LOCAL_RUN4       PACKAGE GHB_PW           ON UNIT   1030 AT TIME STEP     10, STRESS PERIOD      2
 UBDSV06 SAVING              GHB IN MODEL LOCAL_RUN4       PACKAGE LOCAL_RUN4      CONNECTED TO MODEL LOCAL_RUN4       PACKAGE GHB_SP           ON UNIT   1030 AT TIME STEP     10, STRESS PERIOD      2
 UBDSV06 SAVING             RCHA IN MODEL LOCAL_RUN4       PACKAGE LOCAL_RUN4      CONNECTED TO MODEL LOCAL_RUN4       PACKAGE RCH              ON UNIT   1030 AT TIME STEP     10, STRESS PERIOD      2

 HEAD WILL BE SAVED ON UNIT 1031 AT END OF TIME STEP   10, STRESS PERIOD    2

end timestep


start timestep kper="2" kstp="11" mode="normal"


 SLN_1 INNER ITERATION SUMMARY
 --------------------------------------------------------------------------------------------------------------------------------------
      TOTAL      OUTER      INNER                                                            MAXIMUM                                   
  ITERATION  ITERATION  ITERATION  MAXIMUM CHANGE      MAXIMUM CHANGE MODEL-(CELLID)        RESIDUAL    MAXIMUM RESIDUAL MODEL-(CELLID)
 --------------------------------------------------------------------------------------------------------------------------------------
          1          1          1     -0.83008493                    1_GWF-(1,47,37)      -254.84812                    1_GWF-(1,23,54)
          2          1          2      0.32116075                    1_GWF-(1,47,37)      -59.956357                    1_GWF-(1,41,36)
          3          1          3       2.1854926                    1_GWF-(1,45,36)       976.77695                    1_GWF-(1,41,36)
          4          1          4      -2.0823612                    1_GWF-(1,45,36)      -7.4845047                    1_GWF-(1,23,54)
          5          1          5 -1.47236447E-03                     1_GWF-(1,6,17)       5.3274821                     1_GWF-(1,5,22)
          6          1          6 -1.15774657E-02                    1_GWF-(1,46,39)       10.291692                     1_GWF-(1,7,19)
          7          1          7  2.43054843E-02                    1_GWF-(1,46,39)     -0.35361639                    1_GWF-(1,42,37)
          8          1          8  2.36053111E-03                    1_GWF-(1,44,37)      0.28132661                    1_GWF-(1,23,54)
          9          1          9 -1.91544670E-03                     1_GWF-(1,6,20)      -1.0545292                     1_GWF-(1,5,22)
         10          1         10  2.64677521E-03                     1_GWF-(1,6,20) -3.06679456E-02                     1_GWF-(1,5,22)
         11          2          1 -3.73946936E-05                    1_GWF-(1,24,56) -1.81301385E-02                     1_GWF-(1,5,22)
 --------------------------------------------------------------------------------------------------------------------------------------


 UBDSV1 SAVING           STO-SS ON UNIT   1030 AT TIME STEP     11, STRESS PERIOD      2
 UBDSV1 SAVING     FLOW-JA-FACE ON UNIT   1030 AT TIME STEP     11, STRESS PERIOD      2
 UBDSV06 SAVING       DATA-SPDIS IN MODEL LOCAL_RUN4       PACKAGE NPF             CONNECTED TO MODEL LOCAL_RUN4       PACKAGE NPF              ON UNIT   1030 AT TIME STEP     11, STRESS PERIOD      2
 UBDSV06 SAVING              GHB IN MODEL LOCAL_RUN4       PACKAGE LOCAL_RUN4      CONNECTED TO MODEL LOCAL_RUN4       PACKAGE GHB_AW           ON UNIT   1030 AT TIME STEP     11, STRESS PERIOD      2
 UBDSV06 SAVING              GHB IN MODEL LOCAL_RUN4       PACKAGE LOCAL_RUN4      CONNECTED TO MODEL LOCAL_RUN4       PACKAGE GHB_CONF         ON UNIT   1030 AT TIME STEP     11, STRESS PERIOD      2
 UBDSV06 SAVING              GHB IN MODEL LOCAL_RUN4       PACKAGE LOCAL_RUN4      CONNECTED TO MODEL LOCAL_RUN4       PACKAGE GHB_PW           ON UNIT   1030 AT TIME STEP     11, STRESS PERIOD      2
 UBDSV06 SAVING              GHB IN MODEL LOCAL_RUN4       PACKAGE LOCAL_RUN4      CONNECTED TO MODEL LOCAL_RUN4       PACKAGE GHB_SP           ON UNIT   1030 AT TIME STEP     11, STRESS PERIOD      2
 UBDSV06 SAVING             RCHA IN MODEL LOCAL_RUN4       PACKAGE LOCAL_RUN4      CONNECTED TO MODEL LOCAL_RUN4       PACKAGE RCH              ON UNIT   1030 AT TIME STEP     11, STRESS PERIOD      2

 HEAD WILL BE SAVED ON UNIT 1031 AT END OF TIME STEP   11, STRESS PERIOD    2

end timestep


start timestep kper="2" kstp="12" mode="normal"


 SLN_1 INNER ITERATION SUMMARY
 --------------------------------------------------------------------------------------------------------------------------------------
      TOTAL      OUTER      INNER                                                            MAXIMUM                                   
  ITERATION  ITERATION  ITERATION  MAXIMUM CHANGE      MAXIMUM CHANGE MODEL-(CELLID)        RESIDUAL    MAXIMUM RESIDUAL MODEL-(CELLID)
 --------------------------------------------------------------------------------------------------------------------------------------
          1          1          1     -0.72265318                    1_GWF-(1,47,37)      -221.77110                    1_GWF-(1,23,54)
          2          1          2      0.27923429                    1_GWF-(1,47,37)      -51.787925                    1_GWF-(1,41,36)
          3          1          3     -0.87789635                    1_GWF-(1,45,36)      -448.83286                    1_GWF-(1,41,37)
          4          1          4      0.96704306                    1_GWF-(1,45,36)      -6.7949035                    1_GWF-(1,23,54)
          5          1          5 -1.25868664E-03                     1_GWF-(1,6,17)       4.6449859                     1_GWF-(1,5,22)
          6          1          6 -1.05011529E-02                    1_GWF-(1,46,39)       8.9674368                     1_GWF-(1,7,19)
          7          1          7  2.16838534E-02                    1_GWF-(1,46,39)      0.41275465                     1_GWF-(1,5,22)
          8          1          8  2.43225910E-03                    1_GWF-(1,44,37)      0.21709338                    1_GWF-(1,23,54)
          9          1          9  1.92674347E-04                    1_GWF-(1,40,39)     -0.32950392                     1_GWF-(1,5,22)
         10          1         10  8.17410493E-04                     1_GWF-(1,6,20) -2.52360607E-02                     1_GWF-(1,5,22)
         11          2          1 -2.66652340E-05                    1_GWF-(1,24,56) -1.52133172E-02                     1_GWF-(1,5,22)
 --------------------------------------------------------------------------------------------------------------------------------------


 UBDSV1 SAVING           STO-SS ON UNIT   1030 AT TIME STEP     12, STRESS PERIOD      2
 UBDSV1 SAVING     FLOW-JA-FACE ON UNIT   1030 AT TIME STEP     12, STRESS PERIOD      2
 UBDSV06 SAVING       DATA-SPDIS IN MODEL LOCAL_RUN4       PACKAGE NPF             CONNECTED TO MODEL LOCAL_RUN4       PACKAGE NPF              ON UNIT   1030 AT TIME STEP     12, STRESS PERIOD      2
 UBDSV06 SAVING              GHB IN MODEL LOCAL_RUN4       PACKAGE LOCAL_RUN4      CONNECTED TO MODEL LOCAL_RUN4       PACKAGE GHB_AW           ON UNIT   1030 AT TIME STEP     12, STRESS PERIOD      2
 UBDSV06 SAVING              GHB IN MODEL LOCAL_RUN4       PACKAGE LOCAL_RUN4      CONNECTED TO MODEL LOCAL_RUN4       PACKAGE GHB_CONF         ON UNIT   1030 AT TIME STEP     12, STRESS PERIOD      2
 UBDSV06 SAVING              GHB IN MODEL LOCAL_RUN4       PACKAGE LOCAL_RUN4      CONNECTED TO MODEL LOCAL_RUN4       PACKAGE GHB_PW           ON UNIT   1030 AT TIME STEP     12, STRESS PERIOD      2
 UBDSV06 SAVING              GHB IN MODEL LOCAL_RUN4       PACKAGE LOCAL_RUN4      CONNECTED TO MODEL LOCAL_RUN4       PACKAGE GHB_SP           ON UNIT   1030 AT TIME STEP     12, STRESS PERIOD      2
 UBDSV06 SAVING             RCHA IN MODEL LOCAL_RUN4       PACKAGE LOCAL_RUN4      CONNECTED TO MODEL LOCAL_RUN4       PACKAGE RCH              ON UNIT   1030 AT TIME STEP     12, STRESS PERIOD      2

 HEAD WILL BE SAVED ON UNIT 1031 AT END OF TIME STEP   12, STRESS PERIOD    2

end timestep


start timestep kper="2" kstp="13" mode="normal"


 SLN_1 INNER ITERATION SUMMARY
 --------------------------------------------------------------------------------------------------------------------------------------
      TOTAL      OUTER      INNER                                                            MAXIMUM                                   
  ITERATION  ITERATION  ITERATION  MAXIMUM CHANGE      MAXIMUM CHANGE MODEL-(CELLID)        RESIDUAL    MAXIMUM RESIDUAL MODEL-(CELLID)
 --------------------------------------------------------------------------------------------------------------------------------------
          1          1          1     -0.63070481                    1_GWF-(1,47,37)      -193.64682                    1_GWF-(1,23,54)
          2          1          2      0.24405355                    1_GWF-(1,47,37)      -45.605930                    1_GWF-(1,41,36)
          3          1          3       1.1748339                    1_GWF-(1,45,36)       515.33386                    1_GWF-(1,41,36)
          4          1          4      -1.0964003                    1_GWF-(1,45,36)      -5.6533412                    1_GWF-(1,23,54)
          5          1          5 -1.12319255E-03                     1_GWF-(1,6,17)       4.0470982                     1_GWF-(1,5,22)
          6          1          6 -8.74716778E-03                    1_GWF-(1,46,39)       7.8196401                     1_GWF-(1,7,19)
          7          1          7  1.84052000E-02                    1_GWF-(1,46,39)     -0.25888954                    1_GWF-(1,42,37)
          8          1          8  1.75241570E-03                    1_GWF-(1,44,37)      0.21690664                    1_GWF-(1,23,54)
          9          1          9 -2.52915924E-03                     1_GWF-(1,6,20)      -1.2261471                     1_GWF-(1,5,22)
         10          1         10  3.08206749E-03                     1_GWF-(1,6,20) -2.36451780E-02                     1_GWF-(1,5,22)
         11          2          1 -2.97256267E-05                    1_GWF-(1,24,56) -1.38315285E-02                     1_GWF-(1,5,22)
 --------------------------------------------------------------------------------------------------------------------------------------


 UBDSV1 SAVING           STO-SS ON UNIT   1030 AT TIME STEP     13, STRESS PERIOD      2
 UBDSV1 SAVING     FLOW-JA-FACE ON UNIT   1030 AT TIME STEP     13, STRESS PERIOD      2
 UBDSV06 SAVING       DATA-SPDIS IN MODEL LOCAL_RUN4       PACKAGE NPF             CONNECTED TO MODEL LOCAL_RUN4       PACKAGE NPF              ON UNIT   1030 AT TIME STEP     13, STRESS PERIOD      2
 UBDSV06 SAVING              GHB IN MODEL LOCAL_RUN4       PACKAGE LOCAL_RUN4      CONNECTED TO MODEL LOCAL_RUN4       PACKAGE GHB_AW           ON UNIT   1030 AT TIME STEP     13, STRESS PERIOD      2
 UBDSV06 SAVING              GHB IN MODEL LOCAL_RUN4       PACKAGE LOCAL_RUN4      CONNECTED TO MODEL LOCAL_RUN4       PACKAGE GHB_CONF         ON UNIT   1030 AT TIME STEP     13, STRESS PERIOD      2
 UBDSV06 SAVING              GHB IN MODEL LOCAL_RUN4       PACKAGE LOCAL_RUN4      CONNECTED TO MODEL LOCAL_RUN4       PACKAGE GHB_PW           ON UNIT   1030 AT TIME STEP     13, STRESS PERIOD      2
 UBDSV06 SAVING              GHB IN MODEL LOCAL_RUN4       PACKAGE LOCAL_RUN4      CONNECTED TO MODEL LOCAL_RUN4       PACKAGE GHB_SP           ON UNIT   1030 AT TIME STEP     13, STRESS PERIOD      2
 UBDSV06 SAVING             RCHA IN MODEL LOCAL_RUN4       PACKAGE LOCAL_RUN4      CONNECTED TO MODEL LOCAL_RUN4       PACKAGE RCH              ON UNIT   1030 AT TIME STEP     13, STRESS PERIOD      2

 HEAD WILL BE SAVED ON UNIT 1031 AT END OF TIME STEP   13, STRESS PERIOD    2

end timestep


start timestep kper="2" kstp="14" mode="normal"


 SLN_1 INNER ITERATION SUMMARY
 --------------------------------------------------------------------------------------------------------------------------------------
      TOTAL      OUTER      INNER                                                            MAXIMUM                                   
  ITERATION  ITERATION  ITERATION  MAXIMUM CHANGE      MAXIMUM CHANGE MODEL-(CELLID)        RESIDUAL    MAXIMUM RESIDUAL MODEL-(CELLID)
 --------------------------------------------------------------------------------------------------------------------------------------
          1          1          1     -0.54883684                    1_GWF-(1,47,37)      -168.41635                    1_GWF-(1,23,54)
          2          1          2      0.21199225                    1_GWF-(1,47,37)      -39.277903                    1_GWF-(1,41,36)
          3          1          3     -0.52506174                    1_GWF-(1,45,36)      -274.82089                    1_GWF-(1,41,37)
          4          1          4      0.59268206                    1_GWF-(1,45,36)      -5.1981538                    1_GWF-(1,23,54)
          5          1          5 -9.55024753E-04                     1_GWF-(1,6,17)       3.5289582                     1_GWF-(1,5,22)
          6          1          6 -8.04005149E-03                    1_GWF-(1,46,39)       6.8155361                     1_GWF-(1,7,19)
          7          1          7  1.65479824E-02                    1_GWF-(1,46,39)      0.32861051                     1_GWF-(1,5,22)
          8          1          8  1.89971155E-03                    1_GWF-(1,44,37)      0.16099219                    1_GWF-(1,23,54)
          9          1          9  1.06798487E-04                    1_GWF-(1,40,36)     -0.23112743                     1_GWF-(1,5,22)
         10          1         10  5.70960761E-04                     1_GWF-(1,6,20) -1.92350048E-02                     1_GWF-(1,5,22)
         11          2          1 -2.08369988E-05                    1_GWF-(1,22,56) -1.14512555E-02                     1_GWF-(1,5,22)
 --------------------------------------------------------------------------------------------------------------------------------------


 UBDSV1 SAVING           STO-SS ON UNIT   1030 AT TIME STEP     14, STRESS PERIOD      2
 UBDSV1 SAVING     FLOW-JA-FACE ON UNIT   1030 AT TIME STEP     14, STRESS PERIOD      2
 UBDSV06 SAVING       DATA-SPDIS IN MODEL LOCAL_RUN4       PACKAGE NPF             CONNECTED TO MODEL LOCAL_RUN4       PACKAGE NPF              ON UNIT   1030 AT TIME STEP     14, STRESS PERIOD      2
 UBDSV06 SAVING              GHB IN MODEL LOCAL_RUN4       PACKAGE LOCAL_RUN4      CONNECTED TO MODEL LOCAL_RUN4       PACKAGE GHB_AW           ON UNIT   1030 AT TIME STEP     14, STRESS PERIOD      2
 UBDSV06 SAVING              GHB IN MODEL LOCAL_RUN4       PACKAGE LOCAL_RUN4      CONNECTED TO MODEL LOCAL_RUN4       PACKAGE GHB_CONF         ON UNIT   1030 AT TIME STEP     14, STRESS PERIOD      2
 UBDSV06 SAVING              GHB IN MODEL LOCAL_RUN4       PACKAGE LOCAL_RUN4      CONNECTED TO MODEL LOCAL_RUN4       PACKAGE GHB_PW           ON UNIT   1030 AT TIME STEP     14, STRESS PERIOD      2
 UBDSV06 SAVING              GHB IN MODEL LOCAL_RUN4       PACKAGE LOCAL_RUN4      CONNECTED TO MODEL LOCAL_RUN4       PACKAGE GHB_SP           ON UNIT   1030 AT TIME STEP     14, STRESS PERIOD      2
 UBDSV06 SAVING             RCHA IN MODEL LOCAL_RUN4       PACKAGE LOCAL_RUN4      CONNECTED TO MODEL LOCAL_RUN4       PACKAGE RCH              ON UNIT   1030 AT TIME STEP     14, STRESS PERIOD      2

 HEAD WILL BE SAVED ON UNIT 1031 AT END OF TIME STEP   14, STRESS PERIOD    2

end timestep


start timestep kper="2" kstp="15" mode="normal"


 SLN_1 INNER ITERATION SUMMARY
 --------------------------------------------------------------------------------------------------------------------------------------
      TOTAL      OUTER      INNER                                                            MAXIMUM                                   
  ITERATION  ITERATION  ITERATION  MAXIMUM CHANGE      MAXIMUM CHANGE MODEL-(CELLID)        RESIDUAL    MAXIMUM RESIDUAL MODEL-(CELLID)
 --------------------------------------------------------------------------------------------------------------------------------------
          1          1          1     -0.47920582                    1_GWF-(1,47,37)      -147.14068                    1_GWF-(1,23,54)
          2          1          2      0.18544913                    1_GWF-(1,47,37)      -34.692412                    1_GWF-(1,41,36)
          3          1          3      0.68232394                    1_GWF-(1,45,36)       293.34913                    1_GWF-(1,41,36)
          4          1          4     -0.62267058                    1_GWF-(1,45,36)      -4.2680476                    1_GWF-(1,23,54)
          5          1          5 -8.55911509E-04                     1_GWF-(1,6,17)       3.0746715                     1_GWF-(1,5,22)
          6          1          6 -6.62157322E-03                    1_GWF-(1,46,39)       5.9466099                     1_GWF-(1,7,19)
          7          1          7  1.39509588E-02                    1_GWF-(1,46,39)     -0.18936543                    1_GWF-(1,42,37)
          8          1          8  1.29844408E-03                    1_GWF-(1,44,37)      0.16684753                    1_GWF-(1,23,54)
          9          1          9 -5.74487512E-03                     1_GWF-(1,6,20)      -2.4457266                     1_GWF-(1,5,22)
         10          1         10  6.16210582E-03                     1_GWF-(1,6,20) -1.82256679E-02                     1_GWF-(1,5,22)
         11          2          1 -2.35612944E-05                    1_GWF-(1,24,56) -1.05384440E-02                     1_GWF-(1,5,22)
 --------------------------------------------------------------------------------------------------------------------------------------


 UBDSV1 SAVING           STO-SS ON UNIT   1030 AT TIME STEP     15, STRESS PERIOD      2
 UBDSV1 SAVING     FLOW-JA-FACE ON UNIT   1030 AT TIME STEP     15, STRESS PERIOD      2
 UBDSV06 SAVING       DATA-SPDIS IN MODEL LOCAL_RUN4       PACKAGE NPF             CONNECTED TO MODEL LOCAL_RUN4       PACKAGE NPF              ON UNIT   1030 AT TIME STEP     15, STRESS PERIOD      2
 UBDSV06 SAVING              GHB IN MODEL LOCAL_RUN4       PACKAGE LOCAL_RUN4      CONNECTED TO MODEL LOCAL_RUN4       PACKAGE GHB_AW           ON UNIT   1030 AT TIME STEP     15, STRESS PERIOD      2
 UBDSV06 SAVING              GHB IN MODEL LOCAL_RUN4       PACKAGE LOCAL_RUN4      CONNECTED TO MODEL LOCAL_RUN4       PACKAGE GHB_CONF         ON UNIT   1030 AT TIME STEP     15, STRESS PERIOD      2
 UBDSV06 SAVING              GHB IN MODEL LOCAL_RUN4       PACKAGE LOCAL_RUN4      CONNECTED TO MODEL LOCAL_RUN4       PACKAGE GHB_PW           ON UNIT   1030 AT TIME STEP     15, STRESS PERIOD      2
 UBDSV06 SAVING              GHB IN MODEL LOCAL_RUN4       PACKAGE LOCAL_RUN4      CONNECTED TO MODEL LOCAL_RUN4       PACKAGE GHB_SP           ON UNIT   1030 AT TIME STEP     15, STRESS PERIOD      2
 UBDSV06 SAVING             RCHA IN MODEL LOCAL_RUN4       PACKAGE LOCAL_RUN4      CONNECTED TO MODEL LOCAL_RUN4       PACKAGE RCH              ON UNIT   1030 AT TIME STEP     15, STRESS PERIOD      2

 HEAD WILL BE SAVED ON UNIT 1031 AT END OF TIME STEP   15, STRESS PERIOD    2

end timestep


start timestep kper="2" kstp="16" mode="normal"


 SLN_1 INNER ITERATION SUMMARY
 --------------------------------------------------------------------------------------------------------------------------------------
      TOTAL      OUTER      INNER                                                            MAXIMUM                                   
  ITERATION  ITERATION  ITERATION  MAXIMUM CHANGE      MAXIMUM CHANGE MODEL-(CELLID)        RESIDUAL    MAXIMUM RESIDUAL MODEL-(CELLID)
 --------------------------------------------------------------------------------------------------------------------------------------
          1          1          1     -0.41681671                    1_GWF-(1,47,37)      -127.89500                    1_GWF-(1,23,54)
          2          1          2      0.16093061                    1_GWF-(1,47,37)      -29.791890                    1_GWF-(1,41,36)
          3          1          3     -0.33259860                    1_GWF-(1,45,36)      -177.89117                    1_GWF-(1,41,37)
          4          1          4      0.38389533                    1_GWF-(1,45,36)      -3.9742637                    1_GWF-(1,23,54)
          5          1          5 -7.25017669E-04                     1_GWF-(1,6,17)       2.6810555                     1_GWF-(1,5,22)
          6          1          6 -6.15681406E-03                    1_GWF-(1,46,39)       5.1811502                     1_GWF-(1,7,19)
          7          1          7  1.26301153E-02                    1_GWF-(1,46,39)      0.25960429                     1_GWF-(1,5,22)
          8          1          8  1.47871444E-03                    1_GWF-(1,44,37)      0.11937637                    1_GWF-(1,23,54)
          9          1          9  5.94942470E-05                    1_GWF-(1,40,35)     -0.16450813                     1_GWF-(1,5,22)
         10          1         10  4.04610725E-04                     1_GWF-(1,6,20) -1.46788868E-02                     1_GWF-(1,5,22)
         11          2          1 -1.66498695E-05                    1_GWF-(1,21,55) -8.56981771E-03                     1_GWF-(1,5,22)
 --------------------------------------------------------------------------------------------------------------------------------------


 UBDSV1 SAVING           STO-SS ON UNIT   1030 AT TIME STEP     16, STRESS PERIOD      2
 UBDSV1 SAVING     FLOW-JA-FACE ON UNIT   1030 AT TIME STEP     16, STRESS PERIOD      2
 UBDSV06 SAVING       DATA-SPDIS IN MODEL LOCAL_RUN4       PACKAGE NPF             CONNECTED TO MODEL LOCAL_RUN4       PACKAGE NPF              ON UNIT   1030 AT TIME STEP     16, STRESS PERIOD      2
 UBDSV06 SAVING              GHB IN MODEL LOCAL_RUN4       PACKAGE LOCAL_RUN4      CONNECTED TO MODEL LOCAL_RUN4       PACKAGE GHB_AW           ON UNIT   1030 AT TIME STEP     16, STRESS PERIOD      2
 UBDSV06 SAVING              GHB IN MODEL LOCAL_RUN4       PACKAGE LOCAL_RUN4      CONNECTED TO MODEL LOCAL_RUN4       PACKAGE GHB_CONF         ON UNIT   1030 AT TIME STEP     16, STRESS PERIOD      2
 UBDSV06 SAVING              GHB IN MODEL LOCAL_RUN4       PACKAGE LOCAL_RUN4      CONNECTED TO MODEL LOCAL_RUN4       PACKAGE GHB_PW           ON UNIT   1030 AT TIME STEP     16, STRESS PERIOD      2
 UBDSV06 SAVING              GHB IN MODEL LOCAL_RUN4       PACKAGE LOCAL_RUN4      CONNECTED TO MODEL LOCAL_RUN4       PACKAGE GHB_SP           ON UNIT   1030 AT TIME STEP     16, STRESS PERIOD      2
 UBDSV06 SAVING             RCHA IN MODEL LOCAL_RUN4       PACKAGE LOCAL_RUN4      CONNECTED TO MODEL LOCAL_RUN4       PACKAGE RCH              ON UNIT   1030 AT TIME STEP     16, STRESS PERIOD      2

 HEAD WILL BE SAVED ON UNIT 1031 AT END OF TIME STEP   16, STRESS PERIOD    2

end timestep


start timestep kper="2" kstp="17" mode="normal"


 SLN_1 INNER ITERATION SUMMARY
 --------------------------------------------------------------------------------------------------------------------------------------
      TOTAL      OUTER      INNER                                                            MAXIMUM                                   
  ITERATION  ITERATION  ITERATION  MAXIMUM CHANGE      MAXIMUM CHANGE MODEL-(CELLID)        RESIDUAL    MAXIMUM RESIDUAL MODEL-(CELLID)
 --------------------------------------------------------------------------------------------------------------------------------------
          1          1          1     -0.36407281                    1_GWF-(1,47,37)      -111.79480                    1_GWF-(1,23,54)
          2          1          2      0.14089278                    1_GWF-(1,47,37)      -26.386280                    1_GWF-(1,41,36)
          3          1          3      0.42684654                    1_GWF-(1,45,36)       180.14730                    1_GWF-(1,41,36)
          4          1          4     -0.38148179                    1_GWF-(1,45,36)      -3.2233209                    1_GWF-(1,23,54)
          5          1          5 -6.50250984E-04                     1_GWF-(1,6,17)       2.3362443                     1_GWF-(1,5,22)
          6          1          6 -5.03633595E-03                    1_GWF-(1,46,39)       4.5297956                     1_GWF-(1,7,19)
          7          1          7  1.06013696E-02                    1_GWF-(1,46,39)     -0.13932798                    1_GWF-(1,42,37)
          8          1          8  9.63037180E-04                    1_GWF-(1,44,37)      0.12755421                    1_GWF-(1,23,54)
          9          1          9  7.81952706E-03                     1_GWF-(1,6,20)       2.9688084                     1_GWF-(1,5,22)
         10          1         10 -7.50460804E-03                     1_GWF-(1,6,20) -1.39991547E-02                     1_GWF-(1,5,22)
         11          2          1 -1.84293890E-05                    1_GWF-(1,24,56) -8.02168295E-03                     1_GWF-(1,5,22)
 --------------------------------------------------------------------------------------------------------------------------------------


 UBDSV1 SAVING           STO-SS ON UNIT   1030 AT TIME STEP     17, STRESS PERIOD      2
 UBDSV1 SAVING     FLOW-JA-FACE ON UNIT   1030 AT TIME STEP     17, STRESS PERIOD      2
 UBDSV06 SAVING       DATA-SPDIS IN MODEL LOCAL_RUN4       PACKAGE NPF             CONNECTED TO MODEL LOCAL_RUN4       PACKAGE NPF              ON UNIT   1030 AT TIME STEP     17, STRESS PERIOD      2
 UBDSV06 SAVING              GHB IN MODEL LOCAL_RUN4       PACKAGE LOCAL_RUN4      CONNECTED TO MODEL LOCAL_RUN4       PACKAGE GHB_AW           ON UNIT   1030 AT TIME STEP     17, STRESS PERIOD      2
 UBDSV06 SAVING              GHB IN MODEL LOCAL_RUN4       PACKAGE LOCAL_RUN4      CONNECTED TO MODEL LOCAL_RUN4       PACKAGE GHB_CONF         ON UNIT   1030 AT TIME STEP     17, STRESS PERIOD      2
 UBDSV06 SAVING              GHB IN MODEL LOCAL_RUN4       PACKAGE LOCAL_RUN4      CONNECTED TO MODEL LOCAL_RUN4       PACKAGE GHB_PW           ON UNIT   1030 AT TIME STEP     17, STRESS PERIOD      2
 UBDSV06 SAVING              GHB IN MODEL LOCAL_RUN4       PACKAGE LOCAL_RUN4      CONNECTED TO MODEL LOCAL_RUN4       PACKAGE GHB_SP           ON UNIT   1030 AT TIME STEP     17, STRESS PERIOD      2
 UBDSV06 SAVING             RCHA IN MODEL LOCAL_RUN4       PACKAGE LOCAL_RUN4      CONNECTED TO MODEL LOCAL_RUN4       PACKAGE RCH              ON UNIT   1030 AT TIME STEP     17, STRESS PERIOD      2

 HEAD WILL BE SAVED ON UNIT 1031 AT END OF TIME STEP   17, STRESS PERIOD    2

end timestep


start timestep kper="2" kstp="18" mode="normal"


 SLN_1 INNER ITERATION SUMMARY
 --------------------------------------------------------------------------------------------------------------------------------------
      TOTAL      OUTER      INNER                                                            MAXIMUM                                   
  ITERATION  ITERATION  ITERATION  MAXIMUM CHANGE      MAXIMUM CHANGE MODEL-(CELLID)        RESIDUAL    MAXIMUM RESIDUAL MODEL-(CELLID)
 --------------------------------------------------------------------------------------------------------------------------------------
          1          1          1     -0.31657268                    1_GWF-(1,47,37)      -97.131110                    1_GWF-(1,23,54)
          2          1          2      0.12218362                    1_GWF-(1,47,37)      -22.606920                    1_GWF-(1,41,36)
          3          1          3     -0.22623627                    1_GWF-(1,45,36)      -122.83473                    1_GWF-(1,41,37)
          4          1          4      0.26516661                    1_GWF-(1,45,36)      -3.0326184                    1_GWF-(1,23,54)
          5          1          5 -5.50876632E-04                     1_GWF-(1,6,17)       2.0368080                     1_GWF-(1,5,22)
          6          1          6 -4.70392573E-03                    1_GWF-(1,46,39)       3.9377227                     1_GWF-(1,7,19)
          7          1          7  9.62794066E-03                    1_GWF-(1,46,39)      0.20198802                     1_GWF-(1,5,22)
          8          1          8  1.14101263E-03                    1_GWF-(1,44,37) -8.94212758E-02                     1_GWF-(1,5,22)
          9          2          1  1.97795124E-04                     1_GWF-(1,5,22) -3.56904875E-02                     1_GWF-(1,7,19)
 --------------------------------------------------------------------------------------------------------------------------------------


 UBDSV1 SAVING           STO-SS ON UNIT   1030 AT TIME STEP     18, STRESS PERIOD      2
 UBDSV1 SAVING     FLOW-JA-FACE ON UNIT   1030 AT TIME STEP     18, STRESS PERIOD      2
 UBDSV06 SAVING       DATA-SPDIS IN MODEL LOCAL_RUN4       PACKAGE NPF             CONNECTED TO MODEL LOCAL_RUN4       PACKAGE NPF              ON UNIT   1030 AT TIME STEP     18, STRESS PERIOD      2
 UBDSV06 SAVING              GHB IN MODEL LOCAL_RUN4       PACKAGE LOCAL_RUN4      CONNECTED TO MODEL LOCAL_RUN4       PACKAGE GHB_AW           ON UNIT   1030 AT TIME STEP     18, STRESS PERIOD      2
 UBDSV06 SAVING              GHB IN MODEL LOCAL_RUN4       PACKAGE LOCAL_RUN4      CONNECTED TO MODEL LOCAL_RUN4       PACKAGE GHB_CONF         ON UNIT   1030 AT TIME STEP     18, STRESS PERIOD      2
 UBDSV06 SAVING              GHB IN MODEL LOCAL_RUN4       PACKAGE LOCAL_RUN4      CONNECTED TO MODEL LOCAL_RUN4       PACKAGE GHB_PW           ON UNIT   1030 AT TIME STEP     18, STRESS PERIOD      2
 UBDSV06 SAVING              GHB IN MODEL LOCAL_RUN4       PACKAGE LOCAL_RUN4      CONNECTED TO MODEL LOCAL_RUN4       PACKAGE GHB_SP           ON UNIT   1030 AT TIME STEP     18, STRESS PERIOD      2
 UBDSV06 SAVING             RCHA IN MODEL LOCAL_RUN4       PACKAGE LOCAL_RUN4      CONNECTED TO MODEL LOCAL_RUN4       PACKAGE RCH              ON UNIT   1030 AT TIME STEP     18, STRESS PERIOD      2

 HEAD WILL BE SAVED ON UNIT 1031 AT END OF TIME STEP   18, STRESS PERIOD    2

end timestep


start timestep kper="2" kstp="19" mode="normal"


 SLN_1 INNER ITERATION SUMMARY
 --------------------------------------------------------------------------------------------------------------------------------------
      TOTAL      OUTER      INNER                                                            MAXIMUM                                   
  ITERATION  ITERATION  ITERATION  MAXIMUM CHANGE      MAXIMUM CHANGE MODEL-(CELLID)        RESIDUAL    MAXIMUM RESIDUAL MODEL-(CELLID)
 --------------------------------------------------------------------------------------------------------------------------------------
          1          1          1     -0.28979440                    1_GWF-(1,47,37)      -88.458670                    1_GWF-(1,23,54)
          2          1          2      0.12101132                    1_GWF-(1,47,37)      -16.803416                    1_GWF-(1,41,36)
          3          1          3 -4.82494651E-03                    1_GWF-(1,45,36)      -17.393881                    1_GWF-(1,41,37)
          4          1          4  3.66450267E-02                    1_GWF-(1,45,36)      -2.7998043                    1_GWF-(1,23,54)
          5          1          5  3.34701821E-03                    1_GWF-(1,42,36)      -1.3438888                    1_GWF-(1,23,54)
          6          1          6  3.26889005E-04                    1_GWF-(1,45,36)      0.77422402                     1_GWF-(1,5,22)
          7          1          7  4.98777480E-04                    1_GWF-(1,43,38)      0.64766811                     1_GWF-(1,5,22)
          8          1          8  5.05111088E-03                    1_GWF-(1,44,37)     -0.71729380                     1_GWF-(1,5,22)
          9          1          9 -2.43762316E-03                    1_GWF-(1,45,36)      0.12074762                    1_GWF-(1,23,54)
         10          1         10 -3.23465501E-04                    1_GWF-(1,43,37)  2.06733758E-02                     1_GWF-(1,7,19)
         11          2          1  1.84444594E-05                    1_GWF-(1,43,36)  8.91967988E-03                     1_GWF-(1,5,22)
 --------------------------------------------------------------------------------------------------------------------------------------


 UBDSV1 SAVING           STO-SS ON UNIT   1030 AT TIME STEP     19, STRESS PERIOD      2
 UBDSV1 SAVING     FLOW-JA-FACE ON UNIT   1030 AT TIME STEP     19, STRESS PERIOD      2
 UBDSV06 SAVING       DATA-SPDIS IN MODEL LOCAL_RUN4       PACKAGE NPF             CONNECTED TO MODEL LOCAL_RUN4       PACKAGE NPF              ON UNIT   1030 AT TIME STEP     19, STRESS PERIOD      2
 UBDSV06 SAVING              GHB IN MODEL LOCAL_RUN4       PACKAGE LOCAL_RUN4      CONNECTED TO MODEL LOCAL_RUN4       PACKAGE GHB_AW           ON UNIT   1030 AT TIME STEP     19, STRESS PERIOD      2
 UBDSV06 SAVING              GHB IN MODEL LOCAL_RUN4       PACKAGE LOCAL_RUN4      CONNECTED TO MODEL LOCAL_RUN4       PACKAGE GHB_CONF         ON UNIT   1030 AT TIME STEP     19, STRESS PERIOD      2
 UBDSV06 SAVING              GHB IN MODEL LOCAL_RUN4       PACKAGE LOCAL_RUN4      CONNECTED TO MODEL LOCAL_RUN4       PACKAGE GHB_PW           ON UNIT   1030 AT TIME STEP     19, STRESS PERIOD      2
 UBDSV06 SAVING              GHB IN MODEL LOCAL_RUN4       PACKAGE LOCAL_RUN4      CONNECTED TO MODEL LOCAL_RUN4       PACKAGE GHB_SP           ON UNIT   1030 AT TIME STEP     19, STRESS PERIOD      2
 UBDSV06 SAVING             RCHA IN MODEL LOCAL_RUN4       PACKAGE LOCAL_RUN4      CONNECTED TO MODEL LOCAL_RUN4       PACKAGE RCH              ON UNIT   1030 AT TIME STEP     19, STRESS PERIOD      2

 HEAD WILL BE SAVED ON UNIT 1031 AT END OF TIME STEP   19, STRESS PERIOD    2

end timestep


start timestep kper="2" kstp="20" mode="normal"


 SLN_1 INNER ITERATION SUMMARY
 --------------------------------------------------------------------------------------------------------------------------------------
      TOTAL      OUTER      INNER                                                            MAXIMUM                                   
  ITERATION  ITERATION  ITERATION  MAXIMUM CHANGE      MAXIMUM CHANGE MODEL-(CELLID)        RESIDUAL    MAXIMUM RESIDUAL MODEL-(CELLID)
 --------------------------------------------------------------------------------------------------------------------------------------
          1          1          1     -0.23741509                    1_GWF-(1,47,37)      -72.959223                    1_GWF-(1,23,54)
          2          1          2  8.97894375E-02                    1_GWF-(1,47,37)      -17.332013                    1_GWF-(1,41,36)
          3          1          3      0.10929515                    1_GWF-(1,45,36)       40.337001                    1_GWF-(1,41,36)
          4          1          4 -7.93545897E-02                    1_GWF-(1,45,36)      -1.9992403                    1_GWF-(1,23,54)
          5          1          5 -3.02339568E-04                     1_GWF-(1,47,5)       1.6146681                     1_GWF-(1,5,22)
          6          1          6 -1.41067093E-02                    1_GWF-(1,43,38)       6.5138321                     1_GWF-(1,7,19)
          7          1          7  1.80623655E-02                    1_GWF-(1,43,38)     -0.15829028                     1_GWF-(1,29,4)
          8          1          8  4.69645461E-04                    1_GWF-(1,45,36) -6.00008191E-02                     1_GWF-(1,5,22)
          9          2          1  1.36013519E-04                     1_GWF-(1,5,22) -2.53094378E-02                     1_GWF-(1,7,19)
 --------------------------------------------------------------------------------------------------------------------------------------


 UBDSV1 SAVING           STO-SS ON UNIT   1030 AT TIME STEP     20, STRESS PERIOD      2
 UBDSV1 SAVING     FLOW-JA-FACE ON UNIT   1030 AT TIME STEP     20, STRESS PERIOD      2
 UBDSV06 SAVING       DATA-SPDIS IN MODEL LOCAL_RUN4       PACKAGE NPF             CONNECTED TO MODEL LOCAL_RUN4       PACKAGE NPF              ON UNIT   1030 AT TIME STEP     20, STRESS PERIOD      2
 UBDSV06 SAVING              GHB IN MODEL LOCAL_RUN4       PACKAGE LOCAL_RUN4      CONNECTED TO MODEL LOCAL_RUN4       PACKAGE GHB_AW           ON UNIT   1030 AT TIME STEP     20, STRESS PERIOD      2
 UBDSV06 SAVING              GHB IN MODEL LOCAL_RUN4       PACKAGE LOCAL_RUN4      CONNECTED TO MODEL LOCAL_RUN4       PACKAGE GHB_CONF         ON UNIT   1030 AT TIME STEP     20, STRESS PERIOD      2
 UBDSV06 SAVING              GHB IN MODEL LOCAL_RUN4       PACKAGE LOCAL_RUN4      CONNECTED TO MODEL LOCAL_RUN4       PACKAGE GHB_PW           ON UNIT   1030 AT TIME STEP     20, STRESS PERIOD      2
 UBDSV06 SAVING              GHB IN MODEL LOCAL_RUN4       PACKAGE LOCAL_RUN4      CONNECTED TO MODEL LOCAL_RUN4       PACKAGE GHB_SP           ON UNIT   1030 AT TIME STEP     20, STRESS PERIOD      2
 UBDSV06 SAVING             RCHA IN MODEL LOCAL_RUN4       PACKAGE LOCAL_RUN4      CONNECTED TO MODEL LOCAL_RUN4       PACKAGE RCH              ON UNIT   1030 AT TIME STEP     20, STRESS PERIOD      2

 HEAD WILL BE SAVED ON UNIT 1031 AT END OF TIME STEP   20, STRESS PERIOD    2

end timestep


start timestep kper="2" kstp="21" mode="normal"


 SLN_1 INNER ITERATION SUMMARY
 --------------------------------------------------------------------------------------------------------------------------------------
      TOTAL      OUTER      INNER                                                            MAXIMUM                                   
  ITERATION  ITERATION  ITERATION  MAXIMUM CHANGE      MAXIMUM CHANGE MODEL-(CELLID)        RESIDUAL    MAXIMUM RESIDUAL MODEL-(CELLID)
 --------------------------------------------------------------------------------------------------------------------------------------
          1          1          1     -0.19999017                    1_GWF-(1,47,37)      -60.788582                    1_GWF-(1,23,54)
          2          1          2  6.87181151E-02                    1_GWF-(1,47,37)      -10.361350                    1_GWF-(1,41,36)
          3          1          3  1.18783993E-02                    1_GWF-(1,47,37)      -6.2387126                    1_GWF-(1,41,36)
          4          1          4  1.73565217E-02                    1_GWF-(1,47,37)       1.4898097                     1_GWF-(1,5,22)
          5          1          5  2.39633487E-03                    1_GWF-(1,38,23)       1.1365476                     1_GWF-(1,5,22)
          6          1          6  2.49340535E-02                     1_GWF-(1,7,19)       11.039963                     1_GWF-(1,5,22)
          7          1          7 -2.02054194E-02                     1_GWF-(1,7,19)       2.8140522                     1_GWF-(1,7,19)
          8          1          8 -8.05654909E-03                     1_GWF-(1,6,19) -9.57998318E-02                     1_GWF-(1,5,22)
 --------------------------------------------------------------------------------------------------------------------------------------


 UBDSV1 SAVING           STO-SS ON UNIT   1030 AT TIME STEP     21, STRESS PERIOD      2
 UBDSV1 SAVING     FLOW-JA-FACE ON UNIT   1030 AT TIME STEP     21, STRESS PERIOD      2
 UBDSV06 SAVING       DATA-SPDIS IN MODEL LOCAL_RUN4       PACKAGE NPF             CONNECTED TO MODEL LOCAL_RUN4       PACKAGE NPF              ON UNIT   1030 AT TIME STEP     21, STRESS PERIOD      2
 UBDSV06 SAVING              GHB IN MODEL LOCAL_RUN4       PACKAGE LOCAL_RUN4      CONNECTED TO MODEL LOCAL_RUN4       PACKAGE GHB_AW           ON UNIT   1030 AT TIME STEP     21, STRESS PERIOD      2
 UBDSV06 SAVING              GHB IN MODEL LOCAL_RUN4       PACKAGE LOCAL_RUN4      CONNECTED TO MODEL LOCAL_RUN4       PACKAGE GHB_CONF         ON UNIT   1030 AT TIME STEP     21, STRESS PERIOD      2
 UBDSV06 SAVING              GHB IN MODEL LOCAL_RUN4       PACKAGE LOCAL_RUN4      CONNECTED TO MODEL LOCAL_RUN4       PACKAGE GHB_PW           ON UNIT   1030 AT TIME STEP     21, STRESS PERIOD      2
 UBDSV06 SAVING              GHB IN MODEL LOCAL_RUN4       PACKAGE LOCAL_RUN4      CONNECTED TO MODEL LOCAL_RUN4       PACKAGE GHB_SP           ON UNIT   1030 AT TIME STEP     21, STRESS PERIOD      2
 UBDSV06 SAVING             RCHA IN MODEL LOCAL_RUN4       PACKAGE LOCAL_RUN4      CONNECTED TO MODEL LOCAL_RUN4       PACKAGE RCH              ON UNIT   1030 AT TIME STEP     21, STRESS PERIOD      2

 HEAD WILL BE SAVED ON UNIT 1031 AT END OF TIME STEP   21, STRESS PERIOD    2

end timestep


start timestep kper="2" kstp="22" mode="normal"


 SLN_1 INNER ITERATION SUMMARY
 --------------------------------------------------------------------------------------------------------------------------------------
      TOTAL      OUTER      INNER                                                            MAXIMUM                                   
  ITERATION  ITERATION  ITERATION  MAXIMUM CHANGE      MAXIMUM CHANGE MODEL-(CELLID)        RESIDUAL    MAXIMUM RESIDUAL MODEL-(CELLID)
 --------------------------------------------------------------------------------------------------------------------------------------
          1          1          1     -0.16845358                    1_GWF-(1,47,37)      -51.266730                    1_GWF-(1,23,54)
          2          1          2  5.53102276E-02                    1_GWF-(1,47,37)      -9.8482931                    1_GWF-(1,41,36)
          3          1          3 -1.66750432E-03                    1_GWF-(1,44,36)      -10.960341                    1_GWF-(1,41,36)
          4          1          4  2.32198868E-02                    1_GWF-(1,44,37)      -3.1724099                    1_GWF-(1,23,54)
          5          1          5 -1.65845049E-03                     1_GWF-(1,4,23)      0.97157075                     1_GWF-(1,5,22)
          6          1          6  4.96551425E-03                     1_GWF-(1,8,15)      -5.0797525                    1_GWF-(1,23,54)
          7          1          7 -8.81863596E-03                     1_GWF-(1,7,17)     -0.32395077                     1_GWF-(1,29,4)
          8          1          8  3.83550968E-04                     1_GWF-(1,4,25)      0.11514690                     1_GWF-(1,7,19)
          9          1          9 -2.63657601E-04                     1_GWF-(1,8,17)  1.24216696E-02                     1_GWF-(1,7,19)
 --------------------------------------------------------------------------------------------------------------------------------------


 UBDSV1 SAVING           STO-SS ON UNIT   1030 AT TIME STEP     22, STRESS PERIOD      2
 UBDSV1 SAVING     FLOW-JA-FACE ON UNIT   1030 AT TIME STEP     22, STRESS PERIOD      2
 UBDSV06 SAVING       DATA-SPDIS IN MODEL LOCAL_RUN4       PACKAGE NPF             CONNECTED TO MODEL LOCAL_RUN4       PACKAGE NPF              ON UNIT   1030 AT TIME STEP     22, STRESS PERIOD      2
 UBDSV06 SAVING              GHB IN MODEL LOCAL_RUN4       PACKAGE LOCAL_RUN4      CONNECTED TO MODEL LOCAL_RUN4       PACKAGE GHB_AW           ON UNIT   1030 AT TIME STEP     22, STRESS PERIOD      2
 UBDSV06 SAVING              GHB IN MODEL LOCAL_RUN4       PACKAGE LOCAL_RUN4      CONNECTED TO MODEL LOCAL_RUN4       PACKAGE GHB_CONF         ON UNIT   1030 AT TIME STEP     22, STRESS PERIOD      2
 UBDSV06 SAVING              GHB IN MODEL LOCAL_RUN4       PACKAGE LOCAL_RUN4      CONNECTED TO MODEL LOCAL_RUN4       PACKAGE GHB_PW           ON UNIT   1030 AT TIME STEP     22, STRESS PERIOD      2
 UBDSV06 SAVING              GHB IN MODEL LOCAL_RUN4       PACKAGE LOCAL_RUN4      CONNECTED TO MODEL LOCAL_RUN4       PACKAGE GHB_SP           ON UNIT   1030 AT TIME STEP     22, STRESS PERIOD      2
 UBDSV06 SAVING             RCHA IN MODEL LOCAL_RUN4       PACKAGE LOCAL_RUN4      CONNECTED TO MODEL LOCAL_RUN4       PACKAGE RCH              ON UNIT   1030 AT TIME STEP     22, STRESS PERIOD      2

 HEAD WILL BE SAVED ON UNIT 1031 AT END OF TIME STEP   22, STRESS PERIOD    2

end timestep


start timestep kper="2" kstp="23" mode="normal"


 SLN_1 INNER ITERATION SUMMARY
 --------------------------------------------------------------------------------------------------------------------------------------
      TOTAL      OUTER      INNER                                                            MAXIMUM                                   
  ITERATION  ITERATION  ITERATION  MAXIMUM CHANGE      MAXIMUM CHANGE MODEL-(CELLID)        RESIDUAL    MAXIMUM RESIDUAL MODEL-(CELLID)
 --------------------------------------------------------------------------------------------------------------------------------------
          1          1          1     -0.15758303                    1_GWF-(1,47,37)      -48.496285                    1_GWF-(1,23,54)
          2          1          2  5.97753331E-02                    1_GWF-(1,47,37)      -11.402342                    1_GWF-(1,41,36)
          3          1          3  5.61534091E-02                    1_GWF-(1,44,37)       18.670593                    1_GWF-(1,41,36)
          4          1          4 -3.61129097E-02                    1_GWF-(1,45,36)      -1.1876969                    1_GWF-(1,23,54)
          5          1          5 -1.91856426E-04                    1_GWF-(1,47,37)       1.1115039                     1_GWF-(1,5,22)
          6          1          6 -1.88547863E-02                    1_GWF-(1,43,38)       8.3876695                     1_GWF-(1,7,19)
          7          1          7  2.13660578E-02                    1_GWF-(1,43,38) -8.20596364E-02                     1_GWF-(1,29,4)
 --------------------------------------------------------------------------------------------------------------------------------------


 UBDSV1 SAVING           STO-SS ON UNIT   1030 AT TIME STEP     23, STRESS PERIOD      2
 UBDSV1 SAVING     FLOW-JA-FACE ON UNIT   1030 AT TIME STEP     23, STRESS PERIOD      2
 UBDSV06 SAVING       DATA-SPDIS IN MODEL LOCAL_RUN4       PACKAGE NPF             CONNECTED TO MODEL LOCAL_RUN4       PACKAGE NPF              ON UNIT   1030 AT TIME STEP     23, STRESS PERIOD      2
 UBDSV06 SAVING              GHB IN MODEL LOCAL_RUN4       PACKAGE LOCAL_RUN4      CONNECTED TO MODEL LOCAL_RUN4       PACKAGE GHB_AW           ON UNIT   1030 AT TIME STEP     23, STRESS PERIOD      2
 UBDSV06 SAVING              GHB IN MODEL LOCAL_RUN4       PACKAGE LOCAL_RUN4      CONNECTED TO MODEL LOCAL_RUN4       PACKAGE GHB_CONF         ON UNIT   1030 AT TIME STEP     23, STRESS PERIOD      2
 UBDSV06 SAVING              GHB IN MODEL LOCAL_RUN4       PACKAGE LOCAL_RUN4      CONNECTED TO MODEL LOCAL_RUN4       PACKAGE GHB_PW           ON UNIT   1030 AT TIME STEP     23, STRESS PERIOD      2
 UBDSV06 SAVING              GHB IN MODEL LOCAL_RUN4       PACKAGE LOCAL_RUN4      CONNECTED TO MODEL LOCAL_RUN4       PACKAGE GHB_SP           ON UNIT   1030 AT TIME STEP     23, STRESS PERIOD      2
 UBDSV06 SAVING             RCHA IN MODEL LOCAL_RUN4       PACKAGE LOCAL_RUN4      CONNECTED TO MODEL LOCAL_RUN4       PACKAGE RCH              ON UNIT   1030 AT TIME STEP     23, STRESS PERIOD      2

 HEAD WILL BE SAVED ON UNIT 1031 AT END OF TIME STEP   23, STRESS PERIOD    2

end timestep


start timestep kper="2" kstp="24" mode="normal"


 SLN_1 INNER ITERATION SUMMARY
 --------------------------------------------------------------------------------------------------------------------------------------
      TOTAL      OUTER      INNER                                                            MAXIMUM                                   
  ITERATION  ITERATION  ITERATION  MAXIMUM CHANGE      MAXIMUM CHANGE MODEL-(CELLID)        RESIDUAL    MAXIMUM RESIDUAL MODEL-(CELLID)
 --------------------------------------------------------------------------------------------------------------------------------------
          1          1          1 -9.13369412E-02                    1_GWF-(1,47,37)      -26.411935                    1_GWF-(1,23,54)
          2          1          2 -2.34560566E-02                    1_GWF-(1,41,12)      -13.244549                    1_GWF-(1,41,36)
          3          1          3  2.23453152E-02                    1_GWF-(1,43,37)      -1.1102973                    1_GWF-(1,11,55)
          4          1          4 -1.33059135E-03                     1_GWF-(1,2,28)     -0.76123160                    1_GWF-(1,23,54)
          5          1          5 -3.05055851E-04                    1_GWF-(1,40,39)      0.92478213                     1_GWF-(1,4,25)
          6          1          6  2.83808408E-03                    1_GWF-(1,44,37)      0.25531885                     1_GWF-(1,5,22)
          7          1          7  1.40312227E-03                    1_GWF-(1,42,36)     -0.20394159                     1_GWF-(1,7,19)
          8          1          8 -4.33994004E-04                    1_GWF-(1,35,33) -1.70478119E-02                    1_GWF-(1,21,20)
 --------------------------------------------------------------------------------------------------------------------------------------


 UBDSV1 SAVING           STO-SS ON UNIT   1030 AT TIME STEP     24, STRESS PERIOD      2
 UBDSV1 SAVING     FLOW-JA-FACE ON UNIT   1030 AT TIME STEP     24, STRESS PERIOD      2
 UBDSV06 SAVING       DATA-SPDIS IN MODEL LOCAL_RUN4       PACKAGE NPF             CONNECTED TO MODEL LOCAL_RUN4       PACKAGE NPF              ON UNIT   1030 AT TIME STEP     24, STRESS PERIOD      2
 UBDSV06 SAVING              GHB IN MODEL LOCAL_RUN4       PACKAGE LOCAL_RUN4      CONNECTED TO MODEL LOCAL_RUN4       PACKAGE GHB_AW           ON UNIT   1030 AT TIME STEP     24, STRESS PERIOD      2
 UBDSV06 SAVING              GHB IN MODEL LOCAL_RUN4       PACKAGE LOCAL_RUN4      CONNECTED TO MODEL LOCAL_RUN4       PACKAGE GHB_CONF         ON UNIT   1030 AT TIME STEP     24, STRESS PERIOD      2
 UBDSV06 SAVING              GHB IN MODEL LOCAL_RUN4       PACKAGE LOCAL_RUN4      CONNECTED TO MODEL LOCAL_RUN4       PACKAGE GHB_PW           ON UNIT   1030 AT TIME STEP     24, STRESS PERIOD      2
 UBDSV06 SAVING              GHB IN MODEL LOCAL_RUN4       PACKAGE LOCAL_RUN4      CONNECTED TO MODEL LOCAL_RUN4       PACKAGE GHB_SP           ON UNIT   1030 AT TIME STEP     24, STRESS PERIOD      2
 UBDSV06 SAVING             RCHA IN MODEL LOCAL_RUN4       PACKAGE LOCAL_RUN4      CONNECTED TO MODEL LOCAL_RUN4       PACKAGE RCH              ON UNIT   1030 AT TIME STEP     24, STRESS PERIOD      2

 HEAD WILL BE SAVED ON UNIT 1031 AT END OF TIME STEP   24, STRESS PERIOD    2

end timestep


start timestep kper="2" kstp="25" mode="normal"


 SLN_1 INNER ITERATION SUMMARY
 --------------------------------------------------------------------------------------------------------------------------------------
      TOTAL      OUTER      INNER                                                            MAXIMUM                                   
  ITERATION  ITERATION  ITERATION  MAXIMUM CHANGE      MAXIMUM CHANGE MODEL-(CELLID)        RESIDUAL    MAXIMUM RESIDUAL MODEL-(CELLID)
 --------------------------------------------------------------------------------------------------------------------------------------
          1          1          1     -0.11558439                    1_GWF-(1,47,37)      -35.329878                    1_GWF-(1,23,54)
          2          1          2  4.06562164E-02                    1_GWF-(1,47,37)      -9.1682469                    1_GWF-(1,41,36)
          3          1          3 -2.14885841E-02                    1_GWF-(1,47,37)      -14.778282                    1_GWF-(1,41,37)
          4          1          4  3.58181867E-02                    1_GWF-(1,47,37)      -1.5710981                    1_GWF-(1,43,37)
          5          1          5  3.71908914E-04                    1_GWF-(1,42,36)      0.83225639                     1_GWF-(1,4,25)
          6          1          6  1.61043256E-02                    1_GWF-(1,47,37)      -4.0147797                     1_GWF-(1,5,22)
          7          1          7 -1.39126718E-02                    1_GWF-(1,47,37)      0.26618204                     1_GWF-(1,5,22)
          8          1          8  1.10067560E-03                    1_GWF-(1,44,37)  2.86153702E-02                    1_GWF-(1,23,54)
 --------------------------------------------------------------------------------------------------------------------------------------


 UBDSV1 SAVING           STO-SS ON UNIT   1030 AT TIME STEP     25, STRESS PERIOD      2
 UBDSV1 SAVING     FLOW-JA-FACE ON UNIT   1030 AT TIME STEP     25, STRESS PERIOD      2
 UBDSV06 SAVING       DATA-SPDIS IN MODEL LOCAL_RUN4       PACKAGE NPF             CONNECTED TO MODEL LOCAL_RUN4       PACKAGE NPF              ON UNIT   1030 AT TIME STEP     25, STRESS PERIOD      2
 UBDSV06 SAVING              GHB IN MODEL LOCAL_RUN4       PACKAGE LOCAL_RUN4      CONNECTED TO MODEL LOCAL_RUN4       PACKAGE GHB_AW           ON UNIT   1030 AT TIME STEP     25, STRESS PERIOD      2
 UBDSV06 SAVING              GHB IN MODEL LOCAL_RUN4       PACKAGE LOCAL_RUN4      CONNECTED TO MODEL LOCAL_RUN4       PACKAGE GHB_CONF         ON UNIT   1030 AT TIME STEP     25, STRESS PERIOD      2
 UBDSV06 SAVING              GHB IN MODEL LOCAL_RUN4       PACKAGE LOCAL_RUN4      CONNECTED TO MODEL LOCAL_RUN4       PACKAGE GHB_PW           ON UNIT   1030 AT TIME STEP     25, STRESS PERIOD      2
 UBDSV06 SAVING              GHB IN MODEL LOCAL_RUN4       PACKAGE LOCAL_RUN4      CONNECTED TO MODEL LOCAL_RUN4       PACKAGE GHB_SP           ON UNIT   1030 AT TIME STEP     25, STRESS PERIOD      2
 UBDSV06 SAVING             RCHA IN MODEL LOCAL_RUN4       PACKAGE LOCAL_RUN4      CONNECTED TO MODEL LOCAL_RUN4       PACKAGE RCH              ON UNIT   1030 AT TIME STEP     25, STRESS PERIOD      2

 HEAD WILL BE SAVED ON UNIT 1031 AT END OF TIME STEP   25, STRESS PERIOD    2

end timestep


start timestep kper="2" kstp="26" mode="normal"


 SLN_1 INNER ITERATION SUMMARY
 --------------------------------------------------------------------------------------------------------------------------------------
      TOTAL      OUTER      INNER                                                            MAXIMUM                                   
  ITERATION  ITERATION  ITERATION  MAXIMUM CHANGE      MAXIMUM CHANGE MODEL-(CELLID)        RESIDUAL    MAXIMUM RESIDUAL MODEL-(CELLID)
 --------------------------------------------------------------------------------------------------------------------------------------
          1          1          1     -0.13353852                    1_GWF-(1,47,37)      -41.528430                    1_GWF-(1,23,54)
          2          1          2  6.94568761E-02                    1_GWF-(1,47,37)      -7.7060314                    1_GWF-(1,41,36)
          3          1          3  7.87039612E-03                    1_GWF-(1,42,37)      -1.8993878                    1_GWF-(1,42,37)
          4          1          4  5.16795764E-03                    1_GWF-(1,44,37)      0.70359949                     1_GWF-(1,5,22)
          5          1          5 -9.47700532E-04                     1_GWF-(1,6,21)      0.40433790                     1_GWF-(1,5,22)
          6          1          6 -1.21183310E-03                     1_GWF-(1,6,20)     -0.15796653                    1_GWF-(1,41,37)
          7          1          7 -8.31716877E-05                    1_GWF-(1,42,39)     -0.10738916                    1_GWF-(1,41,36)
          8          1          8 -6.74749856E-03                    1_GWF-(1,44,37)      -1.7062776                    1_GWF-(1,41,36)
          9          1          9  7.31674121E-03                    1_GWF-(1,44,37)  1.50582285E-02                    1_GWF-(1,37,35)
 --------------------------------------------------------------------------------------------------------------------------------------


 UBDSV1 SAVING           STO-SS ON UNIT   1030 AT TIME STEP     26, STRESS PERIOD      2
 UBDSV1 SAVING     FLOW-JA-FACE ON UNIT   1030 AT TIME STEP     26, STRESS PERIOD      2
 UBDSV06 SAVING       DATA-SPDIS IN MODEL LOCAL_RUN4       PACKAGE NPF             CONNECTED TO MODEL LOCAL_RUN4       PACKAGE NPF              ON UNIT   1030 AT TIME STEP     26, STRESS PERIOD      2
 UBDSV06 SAVING              GHB IN MODEL LOCAL_RUN4       PACKAGE LOCAL_RUN4      CONNECTED TO MODEL LOCAL_RUN4       PACKAGE GHB_AW           ON UNIT   1030 AT TIME STEP     26, STRESS PERIOD      2
 UBDSV06 SAVING              GHB IN MODEL LOCAL_RUN4       PACKAGE LOCAL_RUN4      CONNECTED TO MODEL LOCAL_RUN4       PACKAGE GHB_CONF         ON UNIT   1030 AT TIME STEP     26, STRESS PERIOD      2
 UBDSV06 SAVING              GHB IN MODEL LOCAL_RUN4       PACKAGE LOCAL_RUN4      CONNECTED TO MODEL LOCAL_RUN4       PACKAGE GHB_PW           ON UNIT   1030 AT TIME STEP     26, STRESS PERIOD      2
 UBDSV06 SAVING              GHB IN MODEL LOCAL_RUN4       PACKAGE LOCAL_RUN4      CONNECTED TO MODEL LOCAL_RUN4       PACKAGE GHB_SP           ON UNIT   1030 AT TIME STEP     26, STRESS PERIOD      2
 UBDSV06 SAVING             RCHA IN MODEL LOCAL_RUN4       PACKAGE LOCAL_RUN4      CONNECTED TO MODEL LOCAL_RUN4       PACKAGE RCH              ON UNIT   1030 AT TIME STEP     26, STRESS PERIOD      2

 HEAD WILL BE SAVED ON UNIT 1031 AT END OF TIME STEP   26, STRESS PERIOD    2

end timestep


start timestep kper="2" kstp="27" mode="normal"


 SLN_1 INNER ITERATION SUMMARY
 --------------------------------------------------------------------------------------------------------------------------------------
      TOTAL      OUTER      INNER                                                            MAXIMUM                                   
  ITERATION  ITERATION  ITERATION  MAXIMUM CHANGE      MAXIMUM CHANGE MODEL-(CELLID)        RESIDUAL    MAXIMUM RESIDUAL MODEL-(CELLID)
 --------------------------------------------------------------------------------------------------------------------------------------
          1          1          1 -9.65083224E-02                    1_GWF-(1,47,37)      -29.239210                    1_GWF-(1,23,54)
          2          1          2  3.99645309E-02                    1_GWF-(1,47,37)      -6.0684054                    1_GWF-(1,41,36)
          3          1          3 -1.94998174E-03                    1_GWF-(1,45,36)      -5.8447442                    1_GWF-(1,41,37)
          4          1          4  1.22109191E-02                    1_GWF-(1,47,36)      -1.1201953                    1_GWF-(1,43,37)
          5          1          5  8.06972922E-04                    1_GWF-(1,43,36)     -0.45804587                    1_GWF-(1,42,37)
          6          1          6  1.34501204E-03                    1_GWF-(1,43,37)      0.30603557                     1_GWF-(1,4,25)
          7          1          7  1.59925311E-04                    1_GWF-(1,47,37)      0.16496960                     1_GWF-(1,5,22)
          8          1          8 -6.39694817E-05                    1_GWF-(1,43,36)      0.15273184                     1_GWF-(1,5,22)
          9          1          9  3.92944380E-03                    1_GWF-(1,45,36)     -0.94628585                     1_GWF-(1,5,22)
         10          1         10 -4.39508148E-03                    1_GWF-(1,44,37)      0.24841230                     1_GWF-(1,5,22)
         11          1         11  1.08049061E-03                    1_GWF-(1,44,36)  3.38143527E-03                     1_GWF-(1,29,4)
 --------------------------------------------------------------------------------------------------------------------------------------


 UBDSV1 SAVING           STO-SS ON UNIT   1030 AT TIME STEP     27, STRESS PERIOD      2
 UBDSV1 SAVING     FLOW-JA-FACE ON UNIT   1030 AT TIME STEP     27, STRESS PERIOD      2
 UBDSV06 SAVING       DATA-SPDIS IN MODEL LOCAL_RUN4       PACKAGE NPF             CONNECTED TO MODEL LOCAL_RUN4       PACKAGE NPF              ON UNIT   1030 AT TIME STEP     27, STRESS PERIOD      2
 UBDSV06 SAVING              GHB IN MODEL LOCAL_RUN4       PACKAGE LOCAL_RUN4      CONNECTED TO MODEL LOCAL_RUN4       PACKAGE GHB_AW           ON UNIT   1030 AT TIME STEP     27, STRESS PERIOD      2
 UBDSV06 SAVING              GHB IN MODEL LOCAL_RUN4       PACKAGE LOCAL_RUN4      CONNECTED TO MODEL LOCAL_RUN4       PACKAGE GHB_CONF         ON UNIT   1030 AT TIME STEP     27, STRESS PERIOD      2
 UBDSV06 SAVING              GHB IN MODEL LOCAL_RUN4       PACKAGE LOCAL_RUN4      CONNECTED TO MODEL LOCAL_RUN4       PACKAGE GHB_PW           ON UNIT   1030 AT TIME STEP     27, STRESS PERIOD      2
 UBDSV06 SAVING              GHB IN MODEL LOCAL_RUN4       PACKAGE LOCAL_RUN4      CONNECTED TO MODEL LOCAL_RUN4       PACKAGE GHB_SP           ON UNIT   1030 AT TIME STEP     27, STRESS PERIOD      2
 UBDSV06 SAVING             RCHA IN MODEL LOCAL_RUN4       PACKAGE LOCAL_RUN4      CONNECTED TO MODEL LOCAL_RUN4       PACKAGE RCH              ON UNIT   1030 AT TIME STEP     27, STRESS PERIOD      2

 HEAD WILL BE SAVED ON UNIT 1031 AT END OF TIME STEP   27, STRESS PERIOD    2

end timestep


start timestep kper="2" kstp="28" mode="normal"


 SLN_1 INNER ITERATION SUMMARY
 --------------------------------------------------------------------------------------------------------------------------------------
      TOTAL      OUTER      INNER                                                            MAXIMUM                                   
  ITERATION  ITERATION  ITERATION  MAXIMUM CHANGE      MAXIMUM CHANGE MODEL-(CELLID)        RESIDUAL    MAXIMUM RESIDUAL MODEL-(CELLID)
 --------------------------------------------------------------------------------------------------------------------------------------
          1          1          1 -8.42134647E-02                    1_GWF-(1,47,37)      -25.908058                    1_GWF-(1,23,54)
          2          1          2  3.48006585E-02                    1_GWF-(1,47,37)      -6.0662759                    1_GWF-(1,41,36)
          3          1          3  1.69328405E-02                    1_GWF-(1,44,37)       3.7542260                    1_GWF-(1,39,36)
          4          1          4 -6.59734555E-03                    1_GWF-(1,47,37)     -0.51500794                    1_GWF-(1,23,54)
          5          1          5 -8.64076708E-05                     1_GWF-(1,47,5)      0.55509018                     1_GWF-(1,5,22)
          6          1          6 -1.32930623E-03                     1_GWF-(1,6,20) -7.14382037E-02                    1_GWF-(1,41,36)
 --------------------------------------------------------------------------------------------------------------------------------------


 UBDSV1 SAVING           STO-SS ON UNIT   1030 AT TIME STEP     28, STRESS PERIOD      2
 UBDSV1 SAVING     FLOW-JA-FACE ON UNIT   1030 AT TIME STEP     28, STRESS PERIOD      2
 UBDSV06 SAVING       DATA-SPDIS IN MODEL LOCAL_RUN4       PACKAGE NPF             CONNECTED TO MODEL LOCAL_RUN4       PACKAGE NPF              ON UNIT   1030 AT TIME STEP     28, STRESS PERIOD      2
 UBDSV06 SAVING              GHB IN MODEL LOCAL_RUN4       PACKAGE LOCAL_RUN4      CONNECTED TO MODEL LOCAL_RUN4       PACKAGE GHB_AW           ON UNIT   1030 AT TIME STEP     28, STRESS PERIOD      2
 UBDSV06 SAVING              GHB IN MODEL LOCAL_RUN4       PACKAGE LOCAL_RUN4      CONNECTED TO MODEL LOCAL_RUN4       PACKAGE GHB_CONF         ON UNIT   1030 AT TIME STEP     28, STRESS PERIOD      2
 UBDSV06 SAVING              GHB IN MODEL LOCAL_RUN4       PACKAGE LOCAL_RUN4      CONNECTED TO MODEL LOCAL_RUN4       PACKAGE GHB_PW           ON UNIT   1030 AT TIME STEP     28, STRESS PERIOD      2
 UBDSV06 SAVING              GHB IN MODEL LOCAL_RUN4       PACKAGE LOCAL_RUN4      CONNECTED TO MODEL LOCAL_RUN4       PACKAGE GHB_SP           ON UNIT   1030 AT TIME STEP     28, STRESS PERIOD      2
 UBDSV06 SAVING             RCHA IN MODEL LOCAL_RUN4       PACKAGE LOCAL_RUN4      CONNECTED TO MODEL LOCAL_RUN4       PACKAGE RCH              ON UNIT   1030 AT TIME STEP     28, STRESS PERIOD      2

 HEAD WILL BE SAVED ON UNIT 1031 AT END OF TIME STEP   28, STRESS PERIOD    2

end timestep


start timestep kper="2" kstp="29" mode="normal"


 SLN_1 INNER ITERATION SUMMARY
 --------------------------------------------------------------------------------------------------------------------------------------
      TOTAL      OUTER      INNER                                                            MAXIMUM                                   
  ITERATION  ITERATION  ITERATION  MAXIMUM CHANGE      MAXIMUM CHANGE MODEL-(CELLID)        RESIDUAL    MAXIMUM RESIDUAL MODEL-(CELLID)
 --------------------------------------------------------------------------------------------------------------------------------------
          1          1          1 -4.68660543E-02                    1_GWF-(1,47,37)      -16.510619                    1_GWF-(1,23,54)
          2          1          2 -1.23086964E-02                    1_GWF-(1,40,13)      -3.1059942                    1_GWF-(1,39,35)
          3          1          3  5.29281221E-03                    1_GWF-(1,47,37)      -1.0685730                    1_GWF-(1,40,38)
          4          1          4  1.05526523E-03                    1_GWF-(1,46,39)     -0.95795138                    1_GWF-(1,42,37)
          5          1          5 -6.37323217E-03                    1_GWF-(1,44,37)      -3.3182269                    1_GWF-(1,42,37)
          6          1          6  9.64694839E-03                    1_GWF-(1,44,37)  7.78999805E-02                     1_GWF-(1,7,20)
 --------------------------------------------------------------------------------------------------------------------------------------


 UBDSV1 SAVING           STO-SS ON UNIT   1030 AT TIME STEP     29, STRESS PERIOD      2
 UBDSV1 SAVING     FLOW-JA-FACE ON UNIT   1030 AT TIME STEP     29, STRESS PERIOD      2
 UBDSV06 SAVING       DATA-SPDIS IN MODEL LOCAL_RUN4       PACKAGE NPF             CONNECTED TO MODEL LOCAL_RUN4       PACKAGE NPF              ON UNIT   1030 AT TIME STEP     29, STRESS PERIOD      2
 UBDSV06 SAVING              GHB IN MODEL LOCAL_RUN4       PACKAGE LOCAL_RUN4      CONNECTED TO MODEL LOCAL_RUN4       PACKAGE GHB_AW           ON UNIT   1030 AT TIME STEP     29, STRESS PERIOD      2
 UBDSV06 SAVING              GHB IN MODEL LOCAL_RUN4       PACKAGE LOCAL_RUN4      CONNECTED TO MODEL LOCAL_RUN4       PACKAGE GHB_CONF         ON UNIT   1030 AT TIME STEP     29, STRESS PERIOD      2
 UBDSV06 SAVING              GHB IN MODEL LOCAL_RUN4       PACKAGE LOCAL_RUN4      CONNECTED TO MODEL LOCAL_RUN4       PACKAGE GHB_PW           ON UNIT   1030 AT TIME STEP     29, STRESS PERIOD      2
 UBDSV06 SAVING              GHB IN MODEL LOCAL_RUN4       PACKAGE LOCAL_RUN4      CONNECTED TO MODEL LOCAL_RUN4       PACKAGE GHB_SP           ON UNIT   1030 AT TIME STEP     29, STRESS PERIOD      2
 UBDSV06 SAVING             RCHA IN MODEL LOCAL_RUN4       PACKAGE LOCAL_RUN4      CONNECTED TO MODEL LOCAL_RUN4       PACKAGE RCH              ON UNIT   1030 AT TIME STEP     29, STRESS PERIOD      2

 HEAD WILL BE SAVED ON UNIT 1031 AT END OF TIME STEP   29, STRESS PERIOD    2

end timestep


start timestep kper="2" kstp="30" mode="normal"


 SLN_1 INNER ITERATION SUMMARY
 --------------------------------------------------------------------------------------------------------------------------------------
      TOTAL      OUTER      INNER                                                            MAXIMUM                                   
  ITERATION  ITERATION  ITERATION  MAXIMUM CHANGE      MAXIMUM CHANGE MODEL-(CELLID)        RESIDUAL    MAXIMUM RESIDUAL MODEL-(CELLID)
 --------------------------------------------------------------------------------------------------------------------------------------
          1          1          1 -3.48452622E-02                    1_GWF-(1,47,37)      -9.4027671                    1_GWF-(1,44,37)
          2          1          2 -7.60664163E-03                    1_GWF-(1,40,13)      -5.2805739                    1_GWF-(1,41,36)
          3          1          3  2.50407169E-03                    1_GWF-(1,41,36)      -1.8672621                    1_GWF-(1,37,36)
          4          1          4 -8.49822711E-03                    1_GWF-(1,34,20)      0.26880948                     1_GWF-(1,3,28)
          5          1          5  7.27379150E-04                    1_GWF-(1,38,22)     -0.20925428                    1_GWF-(1,41,36)
          6          1          6  6.09522152E-04                    1_GWF-(1,44,37)  8.12912689E-02                    1_GWF-(1,10,16)
 --------------------------------------------------------------------------------------------------------------------------------------


 UBDSV1 SAVING           STO-SS ON UNIT   1030 AT TIME STEP     30, STRESS PERIOD      2
 UBDSV1 SAVING     FLOW-JA-FACE ON UNIT   1030 AT TIME STEP     30, STRESS PERIOD      2
 UBDSV06 SAVING       DATA-SPDIS IN MODEL LOCAL_RUN4       PACKAGE NPF             CONNECTED TO MODEL LOCAL_RUN4       PACKAGE NPF              ON UNIT   1030 AT TIME STEP     30, STRESS PERIOD      2
 UBDSV06 SAVING              GHB IN MODEL LOCAL_RUN4       PACKAGE LOCAL_RUN4      CONNECTED TO MODEL LOCAL_RUN4       PACKAGE GHB_AW           ON UNIT   1030 AT TIME STEP     30, STRESS PERIOD      2
 UBDSV06 SAVING              GHB IN MODEL LOCAL_RUN4       PACKAGE LOCAL_RUN4      CONNECTED TO MODEL LOCAL_RUN4       PACKAGE GHB_CONF         ON UNIT   1030 AT TIME STEP     30, STRESS PERIOD      2
 UBDSV06 SAVING              GHB IN MODEL LOCAL_RUN4       PACKAGE LOCAL_RUN4      CONNECTED TO MODEL LOCAL_RUN4       PACKAGE GHB_PW           ON UNIT   1030 AT TIME STEP     30, STRESS PERIOD      2
 UBDSV06 SAVING              GHB IN MODEL LOCAL_RUN4       PACKAGE LOCAL_RUN4      CONNECTED TO MODEL LOCAL_RUN4       PACKAGE GHB_SP           ON UNIT   1030 AT TIME STEP     30, STRESS PERIOD      2
 UBDSV06 SAVING             RCHA IN MODEL LOCAL_RUN4       PACKAGE LOCAL_RUN4      CONNECTED TO MODEL LOCAL_RUN4       PACKAGE RCH              ON UNIT   1030 AT TIME STEP     30, STRESS PERIOD      2

 HEAD WILL BE SAVED ON UNIT 1031 AT END OF TIME STEP   30, STRESS PERIOD    2

end timestep


start timestep kper="2" kstp="31" mode="normal"


 SLN_1 INNER ITERATION SUMMARY
 --------------------------------------------------------------------------------------------------------------------------------------
      TOTAL      OUTER      INNER                                                            MAXIMUM                                   
  ITERATION  ITERATION  ITERATION  MAXIMUM CHANGE      MAXIMUM CHANGE MODEL-(CELLID)        RESIDUAL    MAXIMUM RESIDUAL MODEL-(CELLID)
 --------------------------------------------------------------------------------------------------------------------------------------
          1          1          1     -0.10690507                    1_GWF-(1,47,37)      -33.268827                    1_GWF-(1,23,54)
          2          1          2  7.82508075E-02                    1_GWF-(1,47,37)      -3.8671438                    1_GWF-(1,41,36)
          3          1          3 -4.46698612E-03                    1_GWF-(1,38,20)      -1.0053884                    1_GWF-(1,42,37)
          4          1          4 -1.43605529E-03                    1_GWF-(1,20,30)      0.24589877                     1_GWF-(1,3,28)
          5          1          5  4.97837296E-04                    1_GWF-(1,39,23)      0.11445725                     1_GWF-(1,6,22)
          6          1          6 -1.13632516E-04                    1_GWF-(1,43,37)      0.12674397                     1_GWF-(1,7,19)
          7          1          7  5.05176887E-04                    1_GWF-(1,44,37) -2.33545356E-02                    1_GWF-(1,35,22)
 --------------------------------------------------------------------------------------------------------------------------------------


 UBDSV1 SAVING           STO-SS ON UNIT   1030 AT TIME STEP     31, STRESS PERIOD      2
 UBDSV1 SAVING     FLOW-JA-FACE ON UNIT   1030 AT TIME STEP     31, STRESS PERIOD      2
 UBDSV06 SAVING       DATA-SPDIS IN MODEL LOCAL_RUN4       PACKAGE NPF             CONNECTED TO MODEL LOCAL_RUN4       PACKAGE NPF              ON UNIT   1030 AT TIME STEP     31, STRESS PERIOD      2
 UBDSV06 SAVING              GHB IN MODEL LOCAL_RUN4       PACKAGE LOCAL_RUN4      CONNECTED TO MODEL LOCAL_RUN4       PACKAGE GHB_AW           ON UNIT   1030 AT TIME STEP     31, STRESS PERIOD      2
 UBDSV06 SAVING              GHB IN MODEL LOCAL_RUN4       PACKAGE LOCAL_RUN4      CONNECTED TO MODEL LOCAL_RUN4       PACKAGE GHB_CONF         ON UNIT   1030 AT TIME STEP     31, STRESS PERIOD      2
 UBDSV06 SAVING              GHB IN MODEL LOCAL_RUN4       PACKAGE LOCAL_RUN4      CONNECTED TO MODEL LOCAL_RUN4       PACKAGE GHB_PW           ON UNIT   1030 AT TIME STEP     31, STRESS PERIOD      2
 UBDSV06 SAVING              GHB IN MODEL LOCAL_RUN4       PACKAGE LOCAL_RUN4      CONNECTED TO MODEL LOCAL_RUN4       PACKAGE GHB_SP           ON UNIT   1030 AT TIME STEP     31, STRESS PERIOD      2
 UBDSV06 SAVING             RCHA IN MODEL LOCAL_RUN4       PACKAGE LOCAL_RUN4      CONNECTED TO MODEL LOCAL_RUN4       PACKAGE RCH              ON UNIT   1030 AT TIME STEP     31, STRESS PERIOD      2

 HEAD WILL BE SAVED ON UNIT 1031 AT END OF TIME STEP   31, STRESS PERIOD    2

end timestep


start timestep kper="2" kstp="32" mode="normal"


 SLN_1 INNER ITERATION SUMMARY
 --------------------------------------------------------------------------------------------------------------------------------------
      TOTAL      OUTER      INNER                                                            MAXIMUM                                   
  ITERATION  ITERATION  ITERATION  MAXIMUM CHANGE      MAXIMUM CHANGE MODEL-(CELLID)        RESIDUAL    MAXIMUM RESIDUAL MODEL-(CELLID)
 --------------------------------------------------------------------------------------------------------------------------------------
          1          1          1 -4.26778877E-02                    1_GWF-(1,47,37)      -12.326923                    1_GWF-(1,23,54)
          2          1          2 -5.41661174E-03                    1_GWF-(1,41,35)      -15.740772                    1_GWF-(1,43,37)
          3          1          3  2.15001610E-02                    1_GWF-(1,44,37)      -1.0790777                    1_GWF-(1,38,35)
          4          1          4 -1.68513962E-03                    1_GWF-(1,27,22)     -0.30043751                    1_GWF-(1,43,37)
          5          1          5  7.87154488E-03                    1_GWF-(1,44,37)      -1.3717239                     1_GWF-(1,3,28)
          6          1          6 -6.81720055E-03                    1_GWF-(1,45,37)  7.02801433E-02                     1_GWF-(1,8,18)
 --------------------------------------------------------------------------------------------------------------------------------------


 UBDSV1 SAVING           STO-SS ON UNIT   1030 AT TIME STEP     32, STRESS PERIOD      2
 UBDSV1 SAVING     FLOW-JA-FACE ON UNIT   1030 AT TIME STEP     32, STRESS PERIOD      2
 UBDSV06 SAVING       DATA-SPDIS IN MODEL LOCAL_RUN4       PACKAGE NPF             CONNECTED TO MODEL LOCAL_RUN4       PACKAGE NPF              ON UNIT   1030 AT TIME STEP     32, STRESS PERIOD      2
 UBDSV06 SAVING              GHB IN MODEL LOCAL_RUN4       PACKAGE LOCAL_RUN4      CONNECTED TO MODEL LOCAL_RUN4       PACKAGE GHB_AW           ON UNIT   1030 AT TIME STEP     32, STRESS PERIOD      2
 UBDSV06 SAVING              GHB IN MODEL LOCAL_RUN4       PACKAGE LOCAL_RUN4      CONNECTED TO MODEL LOCAL_RUN4       PACKAGE GHB_CONF         ON UNIT   1030 AT TIME STEP     32, STRESS PERIOD      2
 UBDSV06 SAVING              GHB IN MODEL LOCAL_RUN4       PACKAGE LOCAL_RUN4      CONNECTED TO MODEL LOCAL_RUN4       PACKAGE GHB_PW           ON UNIT   1030 AT TIME STEP     32, STRESS PERIOD      2
 UBDSV06 SAVING              GHB IN MODEL LOCAL_RUN4       PACKAGE LOCAL_RUN4      CONNECTED TO MODEL LOCAL_RUN4       PACKAGE GHB_SP           ON UNIT   1030 AT TIME STEP     32, STRESS PERIOD      2
 UBDSV06 SAVING             RCHA IN MODEL LOCAL_RUN4       PACKAGE LOCAL_RUN4      CONNECTED TO MODEL LOCAL_RUN4       PACKAGE RCH              ON UNIT   1030 AT TIME STEP     32, STRESS PERIOD      2

 HEAD WILL BE SAVED ON UNIT 1031 AT END OF TIME STEP   32, STRESS PERIOD    2

end timestep


start timestep kper="2" kstp="33" mode="normal"


 SLN_1 INNER ITERATION SUMMARY
 --------------------------------------------------------------------------------------------------------------------------------------
      TOTAL      OUTER      INNER                                                            MAXIMUM                                   
  ITERATION  ITERATION  ITERATION  MAXIMUM CHANGE      MAXIMUM CHANGE MODEL-(CELLID)        RESIDUAL    MAXIMUM RESIDUAL MODEL-(CELLID)
 --------------------------------------------------------------------------------------------------------------------------------------
          1          1          1       49.299622                    1_GWF-(1,47,37)       16401.514                    1_GWF-(1,23,54)
          2          1          2      -49.319084                    1_GWF-(1,47,37)      -2.8918690                    1_GWF-(1,41,36)
          3          1          3 -4.43508052E-03                    1_GWF-(1,37,20)      -1.2156233                    1_GWF-(1,41,36)
          4          1          4 -2.10997909E-03                    1_GWF-(1,29,22)     -0.18472997                    1_GWF-(1,23,54)
          5          1          5  3.31918810E-04                    1_GWF-(1,13,54)      0.10043497                     1_GWF-(1,5,22)
          6          1          6 -4.50609280E-05                    1_GWF-(1,45,36)  8.46621729E-02                     1_GWF-(1,7,19)
 --------------------------------------------------------------------------------------------------------------------------------------


 UBDSV1 SAVING           STO-SS ON UNIT   1030 AT TIME STEP     33, STRESS PERIOD      2
 UBDSV1 SAVING     FLOW-JA-FACE ON UNIT   1030 AT TIME STEP     33, STRESS PERIOD      2
 UBDSV06 SAVING       DATA-SPDIS IN MODEL LOCAL_RUN4       PACKAGE NPF             CONNECTED TO MODEL LOCAL_RUN4       PACKAGE NPF              ON UNIT   1030 AT TIME STEP     33, STRESS PERIOD      2
 UBDSV06 SAVING              GHB IN MODEL LOCAL_RUN4       PACKAGE LOCAL_RUN4      CONNECTED TO MODEL LOCAL_RUN4       PACKAGE GHB_AW           ON UNIT   1030 AT TIME STEP     33, STRESS PERIOD      2
 UBDSV06 SAVING              GHB IN MODEL LOCAL_RUN4       PACKAGE LOCAL_RUN4      CONNECTED TO MODEL LOCAL_RUN4       PACKAGE GHB_CONF         ON UNIT   1030 AT TIME STEP     33, STRESS PERIOD      2
 UBDSV06 SAVING              GHB IN MODEL LOCAL_RUN4       PACKAGE LOCAL_RUN4      CONNECTED TO MODEL LOCAL_RUN4       PACKAGE GHB_PW           ON UNIT   1030 AT TIME STEP     33, STRESS PERIOD      2
 UBDSV06 SAVING              GHB IN MODEL LOCAL_RUN4       PACKAGE LOCAL_RUN4      CONNECTED TO MODEL LOCAL_RUN4       PACKAGE GHB_SP           ON UNIT   1030 AT TIME STEP     33, STRESS PERIOD      2
 UBDSV06 SAVING             RCHA IN MODEL LOCAL_RUN4       PACKAGE LOCAL_RUN4      CONNECTED TO MODEL LOCAL_RUN4       PACKAGE RCH              ON UNIT   1030 AT TIME STEP     33, STRESS PERIOD      2

 HEAD WILL BE SAVED ON UNIT 1031 AT END OF TIME STEP   33, STRESS PERIOD    2

end timestep


start timestep kper="2" kstp="34" mode="normal"


 SLN_1 INNER ITERATION SUMMARY
 --------------------------------------------------------------------------------------------------------------------------------------
      TOTAL      OUTER      INNER                                                            MAXIMUM                                   
  ITERATION  ITERATION  ITERATION  MAXIMUM CHANGE      MAXIMUM CHANGE MODEL-(CELLID)        RESIDUAL    MAXIMUM RESIDUAL MODEL-(CELLID)
 --------------------------------------------------------------------------------------------------------------------------------------
          1          1          1 -1.43432540E-02                    1_GWF-(1,47,37)      -4.5344627                    1_GWF-(1,23,54)
          2          1          2 -8.20793250E-03                    1_GWF-(1,37,30)      -2.0364128                    1_GWF-(1,41,36)
          3          1          3 -1.56956627E-03                    1_GWF-(1,37,20)     -0.84333851                    1_GWF-(1,41,36)
          4          1          4  1.01683752E-03                    1_GWF-(1,43,37)     -0.10960112                    1_GWF-(1,42,37)
          5          1          5  1.97877461E-04                    1_GWF-(1,44,37)  2.76880373E-02                    1_GWF-(1,23,54)
 --------------------------------------------------------------------------------------------------------------------------------------


 UBDSV1 SAVING           STO-SS ON UNIT   1030 AT TIME STEP     34, STRESS PERIOD      2
 UBDSV1 SAVING     FLOW-JA-FACE ON UNIT   1030 AT TIME STEP     34, STRESS PERIOD      2
 UBDSV06 SAVING       DATA-SPDIS IN MODEL LOCAL_RUN4       PACKAGE NPF             CONNECTED TO MODEL LOCAL_RUN4       PACKAGE NPF              ON UNIT   1030 AT TIME STEP     34, STRESS PERIOD      2
 UBDSV06 SAVING              GHB IN MODEL LOCAL_RUN4       PACKAGE LOCAL_RUN4      CONNECTED TO MODEL LOCAL_RUN4       PACKAGE GHB_AW           ON UNIT   1030 AT TIME STEP     34, STRESS PERIOD      2
 UBDSV06 SAVING              GHB IN MODEL LOCAL_RUN4       PACKAGE LOCAL_RUN4      CONNECTED TO MODEL LOCAL_RUN4       PACKAGE GHB_CONF         ON UNIT   1030 AT TIME STEP     34, STRESS PERIOD      2
 UBDSV06 SAVING              GHB IN MODEL LOCAL_RUN4       PACKAGE LOCAL_RUN4      CONNECTED TO MODEL LOCAL_RUN4       PACKAGE GHB_PW           ON UNIT   1030 AT TIME STEP     34, STRESS PERIOD      2
 UBDSV06 SAVING              GHB IN MODEL LOCAL_RUN4       PACKAGE LOCAL_RUN4      CONNECTED TO MODEL LOCAL_RUN4       PACKAGE GHB_SP           ON UNIT   1030 AT TIME STEP     34, STRESS PERIOD      2
 UBDSV06 SAVING             RCHA IN MODEL LOCAL_RUN4       PACKAGE LOCAL_RUN4      CONNECTED TO MODEL LOCAL_RUN4       PACKAGE RCH              ON UNIT   1030 AT TIME STEP     34, STRESS PERIOD      2

 HEAD WILL BE SAVED ON UNIT 1031 AT END OF TIME STEP   34, STRESS PERIOD    2

end timestep


start timestep kper="2" kstp="35" mode="normal"


 SLN_1 INNER ITERATION SUMMARY
 --------------------------------------------------------------------------------------------------------------------------------------
      TOTAL      OUTER      INNER                                                            MAXIMUM                                   
  ITERATION  ITERATION  ITERATION  MAXIMUM CHANGE      MAXIMUM CHANGE MODEL-(CELLID)        RESIDUAL    MAXIMUM RESIDUAL MODEL-(CELLID)
 --------------------------------------------------------------------------------------------------------------------------------------
          1          1          1 -7.41871984E-02                    1_GWF-(1,47,37)      -24.513510                    1_GWF-(1,23,54)
          2          1          2  5.63366334E-02                    1_GWF-(1,47,37)      -2.3980013                    1_GWF-(1,41,36)
          3          1          3  1.71121184E-03                    1_GWF-(1,43,37)     -0.93902577                    1_GWF-(1,41,36)
          4          1          4  1.33883659E-03                    1_GWF-(1,43,37)      0.15894710                     1_GWF-(1,5,22)
          5          1          5  4.55490164E-04                    1_GWF-(1,44,37)      0.10378290                     1_GWF-(1,7,19)
          6          1          6 -2.68187614E-05                    1_GWF-(1,44,37)      0.10027048                     1_GWF-(1,7,19)
          7          1          7  2.12073727E-04                    1_GWF-(1,23,54)  1.20073818E-02                     1_GWF-(1,42,6)
 --------------------------------------------------------------------------------------------------------------------------------------


 UBDSV1 SAVING           STO-SS ON UNIT   1030 AT TIME STEP     35, STRESS PERIOD      2
 UBDSV1 SAVING     FLOW-JA-FACE ON UNIT   1030 AT TIME STEP     35, STRESS PERIOD      2
 UBDSV06 SAVING       DATA-SPDIS IN MODEL LOCAL_RUN4       PACKAGE NPF             CONNECTED TO MODEL LOCAL_RUN4       PACKAGE NPF              ON UNIT   1030 AT TIME STEP     35, STRESS PERIOD      2
 UBDSV06 SAVING              GHB IN MODEL LOCAL_RUN4       PACKAGE LOCAL_RUN4      CONNECTED TO MODEL LOCAL_RUN4       PACKAGE GHB_AW           ON UNIT   1030 AT TIME STEP     35, STRESS PERIOD      2
 UBDSV06 SAVING              GHB IN MODEL LOCAL_RUN4       PACKAGE LOCAL_RUN4      CONNECTED TO MODEL LOCAL_RUN4       PACKAGE GHB_CONF         ON UNIT   1030 AT TIME STEP     35, STRESS PERIOD      2
 UBDSV06 SAVING              GHB IN MODEL LOCAL_RUN4       PACKAGE LOCAL_RUN4      CONNECTED TO MODEL LOCAL_RUN4       PACKAGE GHB_PW           ON UNIT   1030 AT TIME STEP     35, STRESS PERIOD      2
 UBDSV06 SAVING              GHB IN MODEL LOCAL_RUN4       PACKAGE LOCAL_RUN4      CONNECTED TO MODEL LOCAL_RUN4       PACKAGE GHB_SP           ON UNIT   1030 AT TIME STEP     35, STRESS PERIOD      2
 UBDSV06 SAVING             RCHA IN MODEL LOCAL_RUN4       PACKAGE LOCAL_RUN4      CONNECTED TO MODEL LOCAL_RUN4       PACKAGE RCH              ON UNIT   1030 AT TIME STEP     35, STRESS PERIOD      2

 HEAD WILL BE SAVED ON UNIT 1031 AT END OF TIME STEP   35, STRESS PERIOD    2

end timestep


start timestep kper="2" kstp="36" mode="normal"


 SLN_1 INNER ITERATION SUMMARY
 --------------------------------------------------------------------------------------------------------------------------------------
      TOTAL      OUTER      INNER                                                            MAXIMUM                                   
  ITERATION  ITERATION  ITERATION  MAXIMUM CHANGE      MAXIMUM CHANGE MODEL-(CELLID)        RESIDUAL    MAXIMUM RESIDUAL MODEL-(CELLID)
 --------------------------------------------------------------------------------------------------------------------------------------
          1          1          1 -2.56143034E-02                    1_GWF-(1,47,37)      -8.1961034                    1_GWF-(1,23,54)
          2          1          2  9.91090437E-03                    1_GWF-(1,47,37)      -2.3287986                    1_GWF-(1,41,36)
          3          1          3 -2.47009748E-03                    1_GWF-(1,38,21)     -0.36811156                    1_GWF-(1,42,37)
          4          1          4  1.12132415E-03                    1_GWF-(1,44,37)     -0.13507091                    1_GWF-(1,23,54)
          5          1          5  6.92632156E-04                     1_GWF-(1,6,21)      0.50600877                     1_GWF-(1,5,22)
          6          1          6 -3.50308965E-04                     1_GWF-(1,5,22)      0.27123753                     1_GWF-(1,5,22)
          7          1          7  8.98811075E-04                    1_GWF-(1,44,36) -3.60090201E-02                     1_GWF-(1,5,22)
 --------------------------------------------------------------------------------------------------------------------------------------


 UBDSV1 SAVING           STO-SS ON UNIT   1030 AT TIME STEP     36, STRESS PERIOD      2
 UBDSV1 SAVING     FLOW-JA-FACE ON UNIT   1030 AT TIME STEP     36, STRESS PERIOD      2
 UBDSV06 SAVING       DATA-SPDIS IN MODEL LOCAL_RUN4       PACKAGE NPF             CONNECTED TO MODEL LOCAL_RUN4       PACKAGE NPF              ON UNIT   1030 AT TIME STEP     36, STRESS PERIOD      2
 UBDSV06 SAVING              GHB IN MODEL LOCAL_RUN4       PACKAGE LOCAL_RUN4      CONNECTED TO MODEL LOCAL_RUN4       PACKAGE GHB_AW           ON UNIT   1030 AT TIME STEP     36, STRESS PERIOD      2
 UBDSV06 SAVING              GHB IN MODEL LOCAL_RUN4       PACKAGE LOCAL_RUN4      CONNECTED TO MODEL LOCAL_RUN4       PACKAGE GHB_CONF         ON UNIT   1030 AT TIME STEP     36, STRESS PERIOD      2
 UBDSV06 SAVING              GHB IN MODEL LOCAL_RUN4       PACKAGE LOCAL_RUN4      CONNECTED TO MODEL LOCAL_RUN4       PACKAGE GHB_PW           ON UNIT   1030 AT TIME STEP     36, STRESS PERIOD      2
 UBDSV06 SAVING              GHB IN MODEL LOCAL_RUN4       PACKAGE LOCAL_RUN4      CONNECTED TO MODEL LOCAL_RUN4       PACKAGE GHB_SP           ON UNIT   1030 AT TIME STEP     36, STRESS PERIOD      2
 UBDSV06 SAVING             RCHA IN MODEL LOCAL_RUN4       PACKAGE LOCAL_RUN4      CONNECTED TO MODEL LOCAL_RUN4       PACKAGE RCH              ON UNIT   1030 AT TIME STEP     36, STRESS PERIOD      2

 HEAD WILL BE SAVED ON UNIT 1031 AT END OF TIME STEP   36, STRESS PERIOD    2

end timestep


start timestep kper="2" kstp="37" mode="normal"


 SLN_1 INNER ITERATION SUMMARY
 --------------------------------------------------------------------------------------------------------------------------------------
      TOTAL      OUTER      INNER                                                            MAXIMUM                                   
  ITERATION  ITERATION  ITERATION  MAXIMUM CHANGE      MAXIMUM CHANGE MODEL-(CELLID)        RESIDUAL    MAXIMUM RESIDUAL MODEL-(CELLID)
 --------------------------------------------------------------------------------------------------------------------------------------
          1          1          1 -1.79213636E-02                    1_GWF-(1,47,37)      -5.5546921                    1_GWF-(1,23,54)
          2          1          2  3.47162894E-03                    1_GWF-(1,47,37)      -1.8167407                    1_GWF-(1,41,36)
          3          1          3  2.39231010E-03                    1_GWF-(1,42,36)     -0.43671391                    1_GWF-(1,44,37)
          4          1          4 -2.37552187E-03                    1_GWF-(1,43,37)      -1.1780544                    1_GWF-(1,42,37)
          5          1          5  4.21780081E-04                    1_GWF-(1,44,36)       1.0044253                     1_GWF-(1,3,28)
          6          1          6  2.70521935E-03                    1_GWF-(1,46,39)     -0.48853690                    1_GWF-(1,23,54)
          7          1          7 -1.66161505E-03                     1_GWF-(1,5,19)  1.56769112E-02                     1_GWF-(1,17,9)
 --------------------------------------------------------------------------------------------------------------------------------------


 UBDSV1 SAVING           STO-SS ON UNIT   1030 AT TIME STEP     37, STRESS PERIOD      2
 UBDSV1 SAVING     FLOW-JA-FACE ON UNIT   1030 AT TIME STEP     37, STRESS PERIOD      2
 UBDSV06 SAVING       DATA-SPDIS IN MODEL LOCAL_RUN4       PACKAGE NPF             CONNECTED TO MODEL LOCAL_RUN4       PACKAGE NPF              ON UNIT   1030 AT TIME STEP     37, STRESS PERIOD      2
 UBDSV06 SAVING              GHB IN MODEL LOCAL_RUN4       PACKAGE LOCAL_RUN4      CONNECTED TO MODEL LOCAL_RUN4       PACKAGE GHB_AW           ON UNIT   1030 AT TIME STEP     37, STRESS PERIOD      2
 UBDSV06 SAVING              GHB IN MODEL LOCAL_RUN4       PACKAGE LOCAL_RUN4      CONNECTED TO MODEL LOCAL_RUN4       PACKAGE GHB_CONF         ON UNIT   1030 AT TIME STEP     37, STRESS PERIOD      2
 UBDSV06 SAVING              GHB IN MODEL LOCAL_RUN4       PACKAGE LOCAL_RUN4      CONNECTED TO MODEL LOCAL_RUN4       PACKAGE GHB_PW           ON UNIT   1030 AT TIME STEP     37, STRESS PERIOD      2
 UBDSV06 SAVING              GHB IN MODEL LOCAL_RUN4       PACKAGE LOCAL_RUN4      CONNECTED TO MODEL LOCAL_RUN4       PACKAGE GHB_SP           ON UNIT   1030 AT TIME STEP     37, STRESS PERIOD      2
 UBDSV06 SAVING             RCHA IN MODEL LOCAL_RUN4       PACKAGE LOCAL_RUN4      CONNECTED TO MODEL LOCAL_RUN4       PACKAGE RCH              ON UNIT   1030 AT TIME STEP     37, STRESS PERIOD      2

 HEAD WILL BE SAVED ON UNIT 1031 AT END OF TIME STEP   37, STRESS PERIOD    2

end timestep


start timestep kper="2" kstp="38" mode="normal"


 SLN_1 INNER ITERATION SUMMARY
 --------------------------------------------------------------------------------------------------------------------------------------
      TOTAL      OUTER      INNER                                                            MAXIMUM                                   
  ITERATION  ITERATION  ITERATION  MAXIMUM CHANGE      MAXIMUM CHANGE MODEL-(CELLID)        RESIDUAL    MAXIMUM RESIDUAL MODEL-(CELLID)
 --------------------------------------------------------------------------------------------------------------------------------------
          1          1          1 -1.48379543E-02                    1_GWF-(1,47,37)      -4.6346185                    1_GWF-(1,23,54)
          2          1          2  2.44627756E-03                    1_GWF-(1,41,17)      -6.4850305                    1_GWF-(1,23,54)
          3          1          3 -4.95565206E-03                    1_GWF-(1,39,23)     -0.38954675                    1_GWF-(1,23,54)
          4          1          4  2.62489121E-04                    1_GWF-(1,44,36)     -0.12683235                    1_GWF-(1,38,35)
          5          1          5  1.66985460E-04                    1_GWF-(1,39,35)  8.90714041E-02                     1_GWF-(1,5,22)
 --------------------------------------------------------------------------------------------------------------------------------------


 UBDSV1 SAVING           STO-SS ON UNIT   1030 AT TIME STEP     38, STRESS PERIOD      2
 UBDSV1 SAVING     FLOW-JA-FACE ON UNIT   1030 AT TIME STEP     38, STRESS PERIOD      2
 UBDSV06 SAVING       DATA-SPDIS IN MODEL LOCAL_RUN4       PACKAGE NPF             CONNECTED TO MODEL LOCAL_RUN4       PACKAGE NPF              ON UNIT   1030 AT TIME STEP     38, STRESS PERIOD      2
 UBDSV06 SAVING              GHB IN MODEL LOCAL_RUN4       PACKAGE LOCAL_RUN4      CONNECTED TO MODEL LOCAL_RUN4       PACKAGE GHB_AW           ON UNIT   1030 AT TIME STEP     38, STRESS PERIOD      2
 UBDSV06 SAVING              GHB IN MODEL LOCAL_RUN4       PACKAGE LOCAL_RUN4      CONNECTED TO MODEL LOCAL_RUN4       PACKAGE GHB_CONF         ON UNIT   1030 AT TIME STEP     38, STRESS PERIOD      2
 UBDSV06 SAVING              GHB IN MODEL LOCAL_RUN4       PACKAGE LOCAL_RUN4      CONNECTED TO MODEL LOCAL_RUN4       PACKAGE GHB_PW           ON UNIT   1030 AT TIME STEP     38, STRESS PERIOD      2
 UBDSV06 SAVING              GHB IN MODEL LOCAL_RUN4       PACKAGE LOCAL_RUN4      CONNECTED TO MODEL LOCAL_RUN4       PACKAGE GHB_SP           ON UNIT   1030 AT TIME STEP     38, STRESS PERIOD      2
 UBDSV06 SAVING             RCHA IN MODEL LOCAL_RUN4       PACKAGE LOCAL_RUN4      CONNECTED TO MODEL LOCAL_RUN4       PACKAGE RCH              ON UNIT   1030 AT TIME STEP     38, STRESS PERIOD      2

 HEAD WILL BE SAVED ON UNIT 1031 AT END OF TIME STEP   38, STRESS PERIOD    2

end timestep


start timestep kper="2" kstp="39" mode="normal"


 SLN_1 INNER ITERATION SUMMARY
 --------------------------------------------------------------------------------------------------------------------------------------
      TOTAL      OUTER      INNER                                                            MAXIMUM                                   
  ITERATION  ITERATION  ITERATION  MAXIMUM CHANGE      MAXIMUM CHANGE MODEL-(CELLID)        RESIDUAL    MAXIMUM RESIDUAL MODEL-(CELLID)
 --------------------------------------------------------------------------------------------------------------------------------------
          1          1          1 -3.59180030E-03                    1_GWF-(1,47,37)      -1.1135653                    1_GWF-(1,44,37)
          2          1          2 -3.39749786E-03                     1_GWF-(1,8,21)      0.53583551                    1_GWF-(1,23,54)
          3          1          3 -1.27744728E-03                    1_GWF-(1,38,21)     -0.25991369                     1_GWF-(1,5,22)
          4          1          4 -1.25724404E-03                    1_GWF-(1,39,20)      0.13807152                    1_GWF-(1,41,36)
          5          1          5  3.98730187E-04                    1_GWF-(1,39,33)      0.15640920                    1_GWF-(1,42,37)
          6          1          6 -1.49240812E-03                    1_GWF-(1,44,36)  2.96706928E-02                    1_GWF-(1,41,36)
 --------------------------------------------------------------------------------------------------------------------------------------


 UBDSV1 SAVING           STO-SS ON UNIT   1030 AT TIME STEP     39, STRESS PERIOD      2
 UBDSV1 SAVING     FLOW-JA-FACE ON UNIT   1030 AT TIME STEP     39, STRESS PERIOD      2
 UBDSV06 SAVING       DATA-SPDIS IN MODEL LOCAL_RUN4       PACKAGE NPF             CONNECTED TO MODEL LOCAL_RUN4       PACKAGE NPF              ON UNIT   1030 AT TIME STEP     39, STRESS PERIOD      2
 UBDSV06 SAVING              GHB IN MODEL LOCAL_RUN4       PACKAGE LOCAL_RUN4      CONNECTED TO MODEL LOCAL_RUN4       PACKAGE GHB_AW           ON UNIT   1030 AT TIME STEP     39, STRESS PERIOD      2
 UBDSV06 SAVING              GHB IN MODEL LOCAL_RUN4       PACKAGE LOCAL_RUN4      CONNECTED TO MODEL LOCAL_RUN4       PACKAGE GHB_CONF         ON UNIT   1030 AT TIME STEP     39, STRESS PERIOD      2
 UBDSV06 SAVING              GHB IN MODEL LOCAL_RUN4       PACKAGE LOCAL_RUN4      CONNECTED TO MODEL LOCAL_RUN4       PACKAGE GHB_PW           ON UNIT   1030 AT TIME STEP     39, STRESS PERIOD      2
 UBDSV06 SAVING              GHB IN MODEL LOCAL_RUN4       PACKAGE LOCAL_RUN4      CONNECTED TO MODEL LOCAL_RUN4       PACKAGE GHB_SP           ON UNIT   1030 AT TIME STEP     39, STRESS PERIOD      2
 UBDSV06 SAVING             RCHA IN MODEL LOCAL_RUN4       PACKAGE LOCAL_RUN4      CONNECTED TO MODEL LOCAL_RUN4       PACKAGE RCH              ON UNIT   1030 AT TIME STEP     39, STRESS PERIOD      2

 HEAD WILL BE SAVED ON UNIT 1031 AT END OF TIME STEP   39, STRESS PERIOD    2

end timestep


start timestep kper="2" kstp="40" mode="normal"


 SLN_1 INNER ITERATION SUMMARY
 --------------------------------------------------------------------------------------------------------------------------------------
      TOTAL      OUTER      INNER                                                            MAXIMUM                                   
  ITERATION  ITERATION  ITERATION  MAXIMUM CHANGE      MAXIMUM CHANGE MODEL-(CELLID)        RESIDUAL    MAXIMUM RESIDUAL MODEL-(CELLID)
 --------------------------------------------------------------------------------------------------------------------------------------
          1          1          1 -1.12015899E-02                    1_GWF-(1,47,37)      -3.1043871                    1_GWF-(1,23,54)
          2          1          2  2.26041211E-03                    1_GWF-(1,47,37)     -0.76702902                    1_GWF-(1,41,36)
          3          1          3  1.25718071E-02                    1_GWF-(1,34,20)      -5.6798162                    1_GWF-(1,41,37)
          4          1          4 -1.41238629E-02                    1_GWF-(1,34,20)      0.14020563                     1_GWF-(1,3,28)
          5          1          5  4.36784792E-04                    1_GWF-(1,47,37)     -0.10009364                    1_GWF-(1,23,54)
          6          1          6 -1.57459392E-04                     1_GWF-(1,6,17)  2.81361090E-02                    1_GWF-(1,23,54)
 --------------------------------------------------------------------------------------------------------------------------------------


 UBDSV1 SAVING           STO-SS ON UNIT   1030 AT TIME STEP     40, STRESS PERIOD      2
 UBDSV1 SAVING     FLOW-JA-FACE ON UNIT   1030 AT TIME STEP     40, STRESS PERIOD      2
 UBDSV06 SAVING       DATA-SPDIS IN MODEL LOCAL_RUN4       PACKAGE NPF             CONNECTED TO MODEL LOCAL_RUN4       PACKAGE NPF              ON UNIT   1030 AT TIME STEP     40, STRESS PERIOD      2
 UBDSV06 SAVING              GHB IN MODEL LOCAL_RUN4       PACKAGE LOCAL_RUN4      CONNECTED TO MODEL LOCAL_RUN4       PACKAGE GHB_AW           ON UNIT   1030 AT TIME STEP     40, STRESS PERIOD      2
 UBDSV06 SAVING              GHB IN MODEL LOCAL_RUN4       PACKAGE LOCAL_RUN4      CONNECTED TO MODEL LOCAL_RUN4       PACKAGE GHB_CONF         ON UNIT   1030 AT TIME STEP     40, STRESS PERIOD      2
 UBDSV06 SAVING              GHB IN MODEL LOCAL_RUN4       PACKAGE LOCAL_RUN4      CONNECTED TO MODEL LOCAL_RUN4       PACKAGE GHB_PW           ON UNIT   1030 AT TIME STEP     40, STRESS PERIOD      2
 UBDSV06 SAVING              GHB IN MODEL LOCAL_RUN4       PACKAGE LOCAL_RUN4      CONNECTED TO MODEL LOCAL_RUN4       PACKAGE GHB_SP           ON UNIT   1030 AT TIME STEP     40, STRESS PERIOD      2
 UBDSV06 SAVING             RCHA IN MODEL LOCAL_RUN4       PACKAGE LOCAL_RUN4      CONNECTED TO MODEL LOCAL_RUN4       PACKAGE RCH              ON UNIT   1030 AT TIME STEP     40, STRESS PERIOD      2

 HEAD WILL BE SAVED ON UNIT 1031 AT END OF TIME STEP   40, STRESS PERIOD    2

end timestep


start timestep kper="2" kstp="41" mode="normal"


 SLN_1 INNER ITERATION SUMMARY
 --------------------------------------------------------------------------------------------------------------------------------------
      TOTAL      OUTER      INNER                                                            MAXIMUM                                   
  ITERATION  ITERATION  ITERATION  MAXIMUM CHANGE      MAXIMUM CHANGE MODEL-(CELLID)        RESIDUAL    MAXIMUM RESIDUAL MODEL-(CELLID)
 --------------------------------------------------------------------------------------------------------------------------------------
          1          1          1  9.29591824E-02                    1_GWF-(1,47,37)       34.173706                    1_GWF-(1,23,54)
          2          1          2 -9.93589999E-02                    1_GWF-(1,47,37)     -0.77481021                    1_GWF-(1,41,36)
          3          1          3 -1.23003405E-03                    1_GWF-(1,38,21)     -0.25582321                    1_GWF-(1,40,38)
          4          1          4 -3.69787131E-04                    1_GWF-(1,38,20) -7.16166219E-02                    1_GWF-(1,23,54)
 --------------------------------------------------------------------------------------------------------------------------------------


 UBDSV1 SAVING           STO-SS ON UNIT   1030 AT TIME STEP     41, STRESS PERIOD      2
 UBDSV1 SAVING     FLOW-JA-FACE ON UNIT   1030 AT TIME STEP     41, STRESS PERIOD      2
 UBDSV06 SAVING       DATA-SPDIS IN MODEL LOCAL_RUN4       PACKAGE NPF             CONNECTED TO MODEL LOCAL_RUN4       PACKAGE NPF              ON UNIT   1030 AT TIME STEP     41, STRESS PERIOD      2
 UBDSV06 SAVING              GHB IN MODEL LOCAL_RUN4       PACKAGE LOCAL_RUN4      CONNECTED TO MODEL LOCAL_RUN4       PACKAGE GHB_AW           ON UNIT   1030 AT TIME STEP     41, STRESS PERIOD      2
 UBDSV06 SAVING              GHB IN MODEL LOCAL_RUN4       PACKAGE LOCAL_RUN4      CONNECTED TO MODEL LOCAL_RUN4       PACKAGE GHB_CONF         ON UNIT   1030 AT TIME STEP     41, STRESS PERIOD      2
 UBDSV06 SAVING              GHB IN MODEL LOCAL_RUN4       PACKAGE LOCAL_RUN4      CONNECTED TO MODEL LOCAL_RUN4       PACKAGE GHB_PW           ON UNIT   1030 AT TIME STEP     41, STRESS PERIOD      2
 UBDSV06 SAVING              GHB IN MODEL LOCAL_RUN4       PACKAGE LOCAL_RUN4      CONNECTED TO MODEL LOCAL_RUN4       PACKAGE GHB_SP           ON UNIT   1030 AT TIME STEP     41, STRESS PERIOD      2
 UBDSV06 SAVING             RCHA IN MODEL LOCAL_RUN4       PACKAGE LOCAL_RUN4      CONNECTED TO MODEL LOCAL_RUN4       PACKAGE RCH              ON UNIT   1030 AT TIME STEP     41, STRESS PERIOD      2

 HEAD WILL BE SAVED ON UNIT 1031 AT END OF TIME STEP   41, STRESS PERIOD    2

end timestep


start timestep kper="2" kstp="42" mode="normal"


 SLN_1 INNER ITERATION SUMMARY
 --------------------------------------------------------------------------------------------------------------------------------------
      TOTAL      OUTER      INNER                                                            MAXIMUM                                   
  ITERATION  ITERATION  ITERATION  MAXIMUM CHANGE      MAXIMUM CHANGE MODEL-(CELLID)        RESIDUAL    MAXIMUM RESIDUAL MODEL-(CELLID)
 --------------------------------------------------------------------------------------------------------------------------------------
          1          1          1 -2.54684415E-03                    1_GWF-(1,16,30)      0.59408716                    1_GWF-(1,37,32)
          2          1          2 -1.77488352E-03                    1_GWF-(1,36,31)      0.19543757                     1_GWF-(1,8,50)
          3          1          3 -1.66337496E-03                    1_GWF-(1,14,12)      0.10980307                    1_GWF-(1,16,53)
          4          1          4  3.09244715E-04                     1_GWF-(1,4,25)      0.12091370                    1_GWF-(1,23,54)
          5          1          5 -5.01681542E-04                    1_GWF-(1,22,54)  2.75719427E-02                    1_GWF-(1,11,52)
 --------------------------------------------------------------------------------------------------------------------------------------


 UBDSV1 SAVING           STO-SS ON UNIT   1030 AT TIME STEP     42, STRESS PERIOD      2
 UBDSV1 SAVING     FLOW-JA-FACE ON UNIT   1030 AT TIME STEP     42, STRESS PERIOD      2
 UBDSV06 SAVING       DATA-SPDIS IN MODEL LOCAL_RUN4       PACKAGE NPF             CONNECTED TO MODEL LOCAL_RUN4       PACKAGE NPF              ON UNIT   1030 AT TIME STEP     42, STRESS PERIOD      2
 UBDSV06 SAVING              GHB IN MODEL LOCAL_RUN4       PACKAGE LOCAL_RUN4      CONNECTED TO MODEL LOCAL_RUN4       PACKAGE GHB_AW           ON UNIT   1030 AT TIME STEP     42, STRESS PERIOD      2
 UBDSV06 SAVING              GHB IN MODEL LOCAL_RUN4       PACKAGE LOCAL_RUN4      CONNECTED TO MODEL LOCAL_RUN4       PACKAGE GHB_CONF         ON UNIT   1030 AT TIME STEP     42, STRESS PERIOD      2
 UBDSV06 SAVING              GHB IN MODEL LOCAL_RUN4       PACKAGE LOCAL_RUN4      CONNECTED TO MODEL LOCAL_RUN4       PACKAGE GHB_PW           ON UNIT   1030 AT TIME STEP     42, STRESS PERIOD      2
 UBDSV06 SAVING              GHB IN MODEL LOCAL_RUN4       PACKAGE LOCAL_RUN4      CONNECTED TO MODEL LOCAL_RUN4       PACKAGE GHB_SP           ON UNIT   1030 AT TIME STEP     42, STRESS PERIOD      2
 UBDSV06 SAVING             RCHA IN MODEL LOCAL_RUN4       PACKAGE LOCAL_RUN4      CONNECTED TO MODEL LOCAL_RUN4       PACKAGE RCH              ON UNIT   1030 AT TIME STEP     42, STRESS PERIOD      2

 HEAD WILL BE SAVED ON UNIT 1031 AT END OF TIME STEP   42, STRESS PERIOD    2

end timestep


start timestep kper="2" kstp="43" mode="normal"


 SLN_1 INNER ITERATION SUMMARY
 --------------------------------------------------------------------------------------------------------------------------------------
      TOTAL      OUTER      INNER                                                            MAXIMUM                                   
  ITERATION  ITERATION  ITERATION  MAXIMUM CHANGE      MAXIMUM CHANGE MODEL-(CELLID)        RESIDUAL    MAXIMUM RESIDUAL MODEL-(CELLID)
 --------------------------------------------------------------------------------------------------------------------------------------
          1          1          1 -6.54428302E-03                    1_GWF-(1,25,55)      -1.9388367                    1_GWF-(1,23,54)
          2          1          2  1.19239660E-03                    1_GWF-(1,47,37)     -0.76124413                    1_GWF-(1,41,36)
          3          1          3  8.71716654E-04                    1_GWF-(1,42,37)      0.21858708                     1_GWF-(1,4,25)
          4          1          4 -6.24895574E-03                     1_GWF-(1,5,22)       1.5953219                    1_GWF-(1,41,36)
          5          1          5  4.57100586E-03                     1_GWF-(1,4,22) -9.57674290E-02                     1_GWF-(1,3,28)
 --------------------------------------------------------------------------------------------------------------------------------------


 UBDSV1 SAVING           STO-SS ON UNIT   1030 AT TIME STEP     43, STRESS PERIOD      2
 UBDSV1 SAVING     FLOW-JA-FACE ON UNIT   1030 AT TIME STEP     43, STRESS PERIOD      2
 UBDSV06 SAVING       DATA-SPDIS IN MODEL LOCAL_RUN4       PACKAGE NPF             CONNECTED TO MODEL LOCAL_RUN4       PACKAGE NPF              ON UNIT   1030 AT TIME STEP     43, STRESS PERIOD      2
 UBDSV06 SAVING              GHB IN MODEL LOCAL_RUN4       PACKAGE LOCAL_RUN4      CONNECTED TO MODEL LOCAL_RUN4       PACKAGE GHB_AW           ON UNIT   1030 AT TIME STEP     43, STRESS PERIOD      2
 UBDSV06 SAVING              GHB IN MODEL LOCAL_RUN4       PACKAGE LOCAL_RUN4      CONNECTED TO MODEL LOCAL_RUN4       PACKAGE GHB_CONF         ON UNIT   1030 AT TIME STEP     43, STRESS PERIOD      2
 UBDSV06 SAVING              GHB IN MODEL LOCAL_RUN4       PACKAGE LOCAL_RUN4      CONNECTED TO MODEL LOCAL_RUN4       PACKAGE GHB_PW           ON UNIT   1030 AT TIME STEP     43, STRESS PERIOD      2
 UBDSV06 SAVING              GHB IN MODEL LOCAL_RUN4       PACKAGE LOCAL_RUN4      CONNECTED TO MODEL LOCAL_RUN4       PACKAGE GHB_SP           ON UNIT   1030 AT TIME STEP     43, STRESS PERIOD      2
 UBDSV06 SAVING             RCHA IN MODEL LOCAL_RUN4       PACKAGE LOCAL_RUN4      CONNECTED TO MODEL LOCAL_RUN4       PACKAGE RCH              ON UNIT   1030 AT TIME STEP     43, STRESS PERIOD      2

 HEAD WILL BE SAVED ON UNIT 1031 AT END OF TIME STEP   43, STRESS PERIOD    2

end timestep


start timestep kper="2" kstp="44" mode="normal"


 SLN_1 INNER ITERATION SUMMARY
 --------------------------------------------------------------------------------------------------------------------------------------
      TOTAL      OUTER      INNER                                                            MAXIMUM                                   
  ITERATION  ITERATION  ITERATION  MAXIMUM CHANGE      MAXIMUM CHANGE MODEL-(CELLID)        RESIDUAL    MAXIMUM RESIDUAL MODEL-(CELLID)
 --------------------------------------------------------------------------------------------------------------------------------------
          1          1          1 -1.79385199E-03                    1_GWF-(1,47,37)     -0.62592339                    1_GWF-(1,23,54)
          2          1          2  3.81809236E-04                    1_GWF-(1,47,37)     -0.25142822                    1_GWF-(1,41,36)
          3          1          3 -9.38162947E-04                    1_GWF-(1,39,20)      0.15466078                     1_GWF-(1,3,28)
          4          1          4 -6.96505560E-04                    1_GWF-(1,40,17)      0.15743700                     1_GWF-(1,5,22)
          5          1          5 -1.55205940E-03                     1_GWF-(1,4,25)      0.10514815                     1_GWF-(1,5,22)
          6          1          6  3.61878529E-05                    1_GWF-(1,39,22)      0.10894878                     1_GWF-(1,7,19)
          7          1          7 -1.18565523E-03                     1_GWF-(1,6,19) -1.65640842E-02                     1_GWF-(1,7,19)
 --------------------------------------------------------------------------------------------------------------------------------------


 UBDSV1 SAVING           STO-SS ON UNIT   1030 AT TIME STEP     44, STRESS PERIOD      2
 UBDSV1 SAVING     FLOW-JA-FACE ON UNIT   1030 AT TIME STEP     44, STRESS PERIOD      2
 UBDSV06 SAVING       DATA-SPDIS IN MODEL LOCAL_RUN4       PACKAGE NPF             CONNECTED TO MODEL LOCAL_RUN4       PACKAGE NPF              ON UNIT   1030 AT TIME STEP     44, STRESS PERIOD      2
 UBDSV06 SAVING              GHB IN MODEL LOCAL_RUN4       PACKAGE LOCAL_RUN4      CONNECTED TO MODEL LOCAL_RUN4       PACKAGE GHB_AW           ON UNIT   1030 AT TIME STEP     44, STRESS PERIOD      2
 UBDSV06 SAVING              GHB IN MODEL LOCAL_RUN4       PACKAGE LOCAL_RUN4      CONNECTED TO MODEL LOCAL_RUN4       PACKAGE GHB_CONF         ON UNIT   1030 AT TIME STEP     44, STRESS PERIOD      2
 UBDSV06 SAVING              GHB IN MODEL LOCAL_RUN4       PACKAGE LOCAL_RUN4      CONNECTED TO MODEL LOCAL_RUN4       PACKAGE GHB_PW           ON UNIT   1030 AT TIME STEP     44, STRESS PERIOD      2
 UBDSV06 SAVING              GHB IN MODEL LOCAL_RUN4       PACKAGE LOCAL_RUN4      CONNECTED TO MODEL LOCAL_RUN4       PACKAGE GHB_SP           ON UNIT   1030 AT TIME STEP     44, STRESS PERIOD      2
 UBDSV06 SAVING             RCHA IN MODEL LOCAL_RUN4       PACKAGE LOCAL_RUN4      CONNECTED TO MODEL LOCAL_RUN4       PACKAGE RCH              ON UNIT   1030 AT TIME STEP     44, STRESS PERIOD      2

 HEAD WILL BE SAVED ON UNIT 1031 AT END OF TIME STEP   44, STRESS PERIOD    2

end timestep


start timestep kper="2" kstp="45" mode="normal"


 SLN_1 INNER ITERATION SUMMARY
 --------------------------------------------------------------------------------------------------------------------------------------
      TOTAL      OUTER      INNER                                                            MAXIMUM                                   
  ITERATION  ITERATION  ITERATION  MAXIMUM CHANGE      MAXIMUM CHANGE MODEL-(CELLID)        RESIDUAL    MAXIMUM RESIDUAL MODEL-(CELLID)
 --------------------------------------------------------------------------------------------------------------------------------------
          1          1          1 -2.72350047E-03                    1_GWF-(1,47,37)     -0.83480890                    1_GWF-(1,23,54)
          2          1          2 -2.27142882E-03                    1_GWF-(1,17,49)     -0.55029213                    1_GWF-(1,41,36)
          3          1          3  6.27987804E-04                    1_GWF-(1,42,36)     -0.20781322                    1_GWF-(1,23,54)
          4          1          4 -6.25605082E-04                     1_GWF-(1,5,25) -6.12362483E-02                     1_GWF-(1,4,44)
 --------------------------------------------------------------------------------------------------------------------------------------


 UBDSV1 SAVING           STO-SS ON UNIT   1030 AT TIME STEP     45, STRESS PERIOD      2
 UBDSV1 SAVING     FLOW-JA-FACE ON UNIT   1030 AT TIME STEP     45, STRESS PERIOD      2
 UBDSV06 SAVING       DATA-SPDIS IN MODEL LOCAL_RUN4       PACKAGE NPF             CONNECTED TO MODEL LOCAL_RUN4       PACKAGE NPF              ON UNIT   1030 AT TIME STEP     45, STRESS PERIOD      2
 UBDSV06 SAVING              GHB IN MODEL LOCAL_RUN4       PACKAGE LOCAL_RUN4      CONNECTED TO MODEL LOCAL_RUN4       PACKAGE GHB_AW           ON UNIT   1030 AT TIME STEP     45, STRESS PERIOD      2
 UBDSV06 SAVING              GHB IN MODEL LOCAL_RUN4       PACKAGE LOCAL_RUN4      CONNECTED TO MODEL LOCAL_RUN4       PACKAGE GHB_CONF         ON UNIT   1030 AT TIME STEP     45, STRESS PERIOD      2
 UBDSV06 SAVING              GHB IN MODEL LOCAL_RUN4       PACKAGE LOCAL_RUN4      CONNECTED TO MODEL LOCAL_RUN4       PACKAGE GHB_PW           ON UNIT   1030 AT TIME STEP     45, STRESS PERIOD      2
 UBDSV06 SAVING              GHB IN MODEL LOCAL_RUN4       PACKAGE LOCAL_RUN4      CONNECTED TO MODEL LOCAL_RUN4       PACKAGE GHB_SP           ON UNIT   1030 AT TIME STEP     45, STRESS PERIOD      2
 UBDSV06 SAVING             RCHA IN MODEL LOCAL_RUN4       PACKAGE LOCAL_RUN4      CONNECTED TO MODEL LOCAL_RUN4       PACKAGE RCH              ON UNIT   1030 AT TIME STEP     45, STRESS PERIOD      2

 HEAD WILL BE SAVED ON UNIT 1031 AT END OF TIME STEP   45, STRESS PERIOD    2

end timestep


start timestep kper="2" kstp="46" mode="normal"


 SLN_1 INNER ITERATION SUMMARY
 --------------------------------------------------------------------------------------------------------------------------------------
      TOTAL      OUTER      INNER                                                            MAXIMUM                                   
  ITERATION  ITERATION  ITERATION  MAXIMUM CHANGE      MAXIMUM CHANGE MODEL-(CELLID)        RESIDUAL    MAXIMUM RESIDUAL MODEL-(CELLID)
 --------------------------------------------------------------------------------------------------------------------------------------
          1          1          1 -6.56480476E-04                    1_GWF-(1,47,37)      0.13223070                    1_GWF-(1,24,29)
          2          1          2 -5.39158209E-04                    1_GWF-(1,15,10)      0.11714490                     1_GWF-(1,42,5)
          3          1          3 -1.16915948E-03                    1_GWF-(1,35,20)     -0.10782728                     1_GWF-(1,27,5)
          4          1          4  4.37536733E-04                     1_GWF-(1,31,6)  9.24177019E-02                    1_GWF-(1,24,29)
 --------------------------------------------------------------------------------------------------------------------------------------


 UBDSV1 SAVING           STO-SS ON UNIT   1030 AT TIME STEP     46, STRESS PERIOD      2
 UBDSV1 SAVING     FLOW-JA-FACE ON UNIT   1030 AT TIME STEP     46, STRESS PERIOD      2
 UBDSV06 SAVING       DATA-SPDIS IN MODEL LOCAL_RUN4       PACKAGE NPF             CONNECTED TO MODEL LOCAL_RUN4       PACKAGE NPF              ON UNIT   1030 AT TIME STEP     46, STRESS PERIOD      2
 UBDSV06 SAVING              GHB IN MODEL LOCAL_RUN4       PACKAGE LOCAL_RUN4      CONNECTED TO MODEL LOCAL_RUN4       PACKAGE GHB_AW           ON UNIT   1030 AT TIME STEP     46, STRESS PERIOD      2
 UBDSV06 SAVING              GHB IN MODEL LOCAL_RUN4       PACKAGE LOCAL_RUN4      CONNECTED TO MODEL LOCAL_RUN4       PACKAGE GHB_CONF         ON UNIT   1030 AT TIME STEP     46, STRESS PERIOD      2
 UBDSV06 SAVING              GHB IN MODEL LOCAL_RUN4       PACKAGE LOCAL_RUN4      CONNECTED TO MODEL LOCAL_RUN4       PACKAGE GHB_PW           ON UNIT   1030 AT TIME STEP     46, STRESS PERIOD      2
 UBDSV06 SAVING              GHB IN MODEL LOCAL_RUN4       PACKAGE LOCAL_RUN4      CONNECTED TO MODEL LOCAL_RUN4       PACKAGE GHB_SP           ON UNIT   1030 AT TIME STEP     46, STRESS PERIOD      2
 UBDSV06 SAVING             RCHA IN MODEL LOCAL_RUN4       PACKAGE LOCAL_RUN4      CONNECTED TO MODEL LOCAL_RUN4       PACKAGE RCH              ON UNIT   1030 AT TIME STEP     46, STRESS PERIOD      2

 HEAD WILL BE SAVED ON UNIT 1031 AT END OF TIME STEP   46, STRESS PERIOD    2

end timestep


start timestep kper="2" kstp="47" mode="normal"


 SLN_1 INNER ITERATION SUMMARY
 --------------------------------------------------------------------------------------------------------------------------------------
      TOTAL      OUTER      INNER                                                            MAXIMUM                                   
  ITERATION  ITERATION  ITERATION  MAXIMUM CHANGE      MAXIMUM CHANGE MODEL-(CELLID)        RESIDUAL    MAXIMUM RESIDUAL MODEL-(CELLID)
 --------------------------------------------------------------------------------------------------------------------------------------
          1          1          1 -2.81657356E-04                    1_GWF-(1,24,29)      0.10612376                     1_GWF-(1,27,5)
          2          1          2 -3.59833775E-04                    1_GWF-(1,15,38)      0.11343585                     1_GWF-(1,9,17)
          3          1          3 -5.31968574E-04                    1_GWF-(1,16,49)      0.11938310                     1_GWF-(1,8,18)
          4          1          4 -1.61479944E-03                    1_GWF-(1,20,54)  7.59510219E-02                    1_GWF-(1,13,13)
 --------------------------------------------------------------------------------------------------------------------------------------


 UBDSV1 SAVING           STO-SS ON UNIT   1030 AT TIME STEP     47, STRESS PERIOD      2
 UBDSV1 SAVING     FLOW-JA-FACE ON UNIT   1030 AT TIME STEP     47, STRESS PERIOD      2
 UBDSV06 SAVING       DATA-SPDIS IN MODEL LOCAL_RUN4       PACKAGE NPF             CONNECTED TO MODEL LOCAL_RUN4       PACKAGE NPF              ON UNIT   1030 AT TIME STEP     47, STRESS PERIOD      2
 UBDSV06 SAVING              GHB IN MODEL LOCAL_RUN4       PACKAGE LOCAL_RUN4      CONNECTED TO MODEL LOCAL_RUN4       PACKAGE GHB_AW           ON UNIT   1030 AT TIME STEP     47, STRESS PERIOD      2
 UBDSV06 SAVING              GHB IN MODEL LOCAL_RUN4       PACKAGE LOCAL_RUN4      CONNECTED TO MODEL LOCAL_RUN4       PACKAGE GHB_CONF         ON UNIT   1030 AT TIME STEP     47, STRESS PERIOD      2
 UBDSV06 SAVING              GHB IN MODEL LOCAL_RUN4       PACKAGE LOCAL_RUN4      CONNECTED TO MODEL LOCAL_RUN4       PACKAGE GHB_PW           ON UNIT   1030 AT TIME STEP     47, STRESS PERIOD      2
 UBDSV06 SAVING              GHB IN MODEL LOCAL_RUN4       PACKAGE LOCAL_RUN4      CONNECTED TO MODEL LOCAL_RUN4       PACKAGE GHB_SP           ON UNIT   1030 AT TIME STEP     47, STRESS PERIOD      2
 UBDSV06 SAVING             RCHA IN MODEL LOCAL_RUN4       PACKAGE LOCAL_RUN4      CONNECTED TO MODEL LOCAL_RUN4       PACKAGE RCH              ON UNIT   1030 AT TIME STEP     47, STRESS PERIOD      2

 HEAD WILL BE SAVED ON UNIT 1031 AT END OF TIME STEP   47, STRESS PERIOD    2

end timestep


start timestep kper="2" kstp="48" mode="normal"


 SLN_1 INNER ITERATION SUMMARY
 --------------------------------------------------------------------------------------------------------------------------------------
      TOTAL      OUTER      INNER                                                            MAXIMUM                                   
  ITERATION  ITERATION  ITERATION  MAXIMUM CHANGE      MAXIMUM CHANGE MODEL-(CELLID)        RESIDUAL    MAXIMUM RESIDUAL MODEL-(CELLID)
 --------------------------------------------------------------------------------------------------------------------------------------
          1          1          1 -1.48574025E-03                    1_GWF-(1,13,11)     -0.36971342                    1_GWF-(1,23,54)
          2          1          2  2.37882517E-04                    1_GWF-(1,13,10)      0.15726172                     1_GWF-(1,38,4)
          3          1          3 -9.58676300E-04                     1_GWF-(1,44,7) -6.95031177E-02                     1_GWF-(1,9,17)
 --------------------------------------------------------------------------------------------------------------------------------------


 UBDSV1 SAVING           STO-SS ON UNIT   1030 AT TIME STEP     48, STRESS PERIOD      2
 UBDSV1 SAVING     FLOW-JA-FACE ON UNIT   1030 AT TIME STEP     48, STRESS PERIOD      2
 UBDSV06 SAVING       DATA-SPDIS IN MODEL LOCAL_RUN4       PACKAGE NPF             CONNECTED TO MODEL LOCAL_RUN4       PACKAGE NPF              ON UNIT   1030 AT TIME STEP     48, STRESS PERIOD      2
 UBDSV06 SAVING              GHB IN MODEL LOCAL_RUN4       PACKAGE LOCAL_RUN4      CONNECTED TO MODEL LOCAL_RUN4       PACKAGE GHB_AW           ON UNIT   1030 AT TIME STEP     48, STRESS PERIOD      2
 UBDSV06 SAVING              GHB IN MODEL LOCAL_RUN4       PACKAGE LOCAL_RUN4      CONNECTED TO MODEL LOCAL_RUN4       PACKAGE GHB_CONF         ON UNIT   1030 AT TIME STEP     48, STRESS PERIOD      2
 UBDSV06 SAVING              GHB IN MODEL LOCAL_RUN4       PACKAGE LOCAL_RUN4      CONNECTED TO MODEL LOCAL_RUN4       PACKAGE GHB_PW           ON UNIT   1030 AT TIME STEP     48, STRESS PERIOD      2
 UBDSV06 SAVING              GHB IN MODEL LOCAL_RUN4       PACKAGE LOCAL_RUN4      CONNECTED TO MODEL LOCAL_RUN4       PACKAGE GHB_SP           ON UNIT   1030 AT TIME STEP     48, STRESS PERIOD      2
 UBDSV06 SAVING             RCHA IN MODEL LOCAL_RUN4       PACKAGE LOCAL_RUN4      CONNECTED TO MODEL LOCAL_RUN4       PACKAGE RCH              ON UNIT   1030 AT TIME STEP     48, STRESS PERIOD      2

 HEAD WILL BE SAVED ON UNIT 1031 AT END OF TIME STEP   48, STRESS PERIOD    2

end timestep


start timestep kper="2" kstp="49" mode="normal"


 SLN_1 INNER ITERATION SUMMARY
 --------------------------------------------------------------------------------------------------------------------------------------
      TOTAL      OUTER      INNER                                                            MAXIMUM                                   
  ITERATION  ITERATION  ITERATION  MAXIMUM CHANGE      MAXIMUM CHANGE MODEL-(CELLID)        RESIDUAL    MAXIMUM RESIDUAL MODEL-(CELLID)
 --------------------------------------------------------------------------------------------------------------------------------------
          1          1          1 -4.69260384E-04                    1_GWF-(1,47,37)  8.22549902E-02                     1_GWF-(1,6,21)
 --------------------------------------------------------------------------------------------------------------------------------------


 UBDSV1 SAVING           STO-SS ON UNIT   1030 AT TIME STEP     49, STRESS PERIOD      2
 UBDSV1 SAVING     FLOW-JA-FACE ON UNIT   1030 AT TIME STEP     49, STRESS PERIOD      2
 UBDSV06 SAVING       DATA-SPDIS IN MODEL LOCAL_RUN4       PACKAGE NPF             CONNECTED TO MODEL LOCAL_RUN4       PACKAGE NPF              ON UNIT   1030 AT TIME STEP     49, STRESS PERIOD      2
 UBDSV06 SAVING              GHB IN MODEL LOCAL_RUN4       PACKAGE LOCAL_RUN4      CONNECTED TO MODEL LOCAL_RUN4       PACKAGE GHB_AW           ON UNIT   1030 AT TIME STEP     49, STRESS PERIOD      2
 UBDSV06 SAVING              GHB IN MODEL LOCAL_RUN4       PACKAGE LOCAL_RUN4      CONNECTED TO MODEL LOCAL_RUN4       PACKAGE GHB_CONF         ON UNIT   1030 AT TIME STEP     49, STRESS PERIOD      2
 UBDSV06 SAVING              GHB IN MODEL LOCAL_RUN4       PACKAGE LOCAL_RUN4      CONNECTED TO MODEL LOCAL_RUN4       PACKAGE GHB_PW           ON UNIT   1030 AT TIME STEP     49, STRESS PERIOD      2
 UBDSV06 SAVING              GHB IN MODEL LOCAL_RUN4       PACKAGE LOCAL_RUN4      CONNECTED TO MODEL LOCAL_RUN4       PACKAGE GHB_SP           ON UNIT   1030 AT TIME STEP     49, STRESS PERIOD      2
 UBDSV06 SAVING             RCHA IN MODEL LOCAL_RUN4       PACKAGE LOCAL_RUN4      CONNECTED TO MODEL LOCAL_RUN4       PACKAGE RCH              ON UNIT   1030 AT TIME STEP     49, STRESS PERIOD      2

 HEAD WILL BE SAVED ON UNIT 1031 AT END OF TIME STEP   49, STRESS PERIOD    2

end timestep


start timestep kper="2" kstp="50" mode="normal"


 SLN_1 INNER ITERATION SUMMARY
 --------------------------------------------------------------------------------------------------------------------------------------
      TOTAL      OUTER      INNER                                                            MAXIMUM                                   
  ITERATION  ITERATION  ITERATION  MAXIMUM CHANGE      MAXIMUM CHANGE MODEL-(CELLID)        RESIDUAL    MAXIMUM RESIDUAL MODEL-(CELLID)
 --------------------------------------------------------------------------------------------------------------------------------------
          1          1          1 -1.37898218E-04                    1_GWF-(1,22,38)  6.51297351E-02                    1_GWF-(1,24,27)
 --------------------------------------------------------------------------------------------------------------------------------------


 UBDSV1 SAVING           STO-SS ON UNIT   1030 AT TIME STEP     50, STRESS PERIOD      2
 UBDSV1 SAVING     FLOW-JA-FACE ON UNIT   1030 AT TIME STEP     50, STRESS PERIOD      2
 UBDSV06 SAVING       DATA-SPDIS IN MODEL LOCAL_RUN4       PACKAGE NPF             CONNECTED TO MODEL LOCAL_RUN4       PACKAGE NPF              ON UNIT   1030 AT TIME STEP     50, STRESS PERIOD      2
 UBDSV06 SAVING              GHB IN MODEL LOCAL_RUN4       PACKAGE LOCAL_RUN4      CONNECTED TO MODEL LOCAL_RUN4       PACKAGE GHB_AW           ON UNIT   1030 AT TIME STEP     50, STRESS PERIOD      2
 UBDSV06 SAVING              GHB IN MODEL LOCAL_RUN4       PACKAGE LOCAL_RUN4      CONNECTED TO MODEL LOCAL_RUN4       PACKAGE GHB_CONF         ON UNIT   1030 AT TIME STEP     50, STRESS PERIOD      2
 UBDSV06 SAVING              GHB IN MODEL LOCAL_RUN4       PACKAGE LOCAL_RUN4      CONNECTED TO MODEL LOCAL_RUN4       PACKAGE GHB_PW           ON UNIT   1030 AT TIME STEP     50, STRESS PERIOD      2
 UBDSV06 SAVING              GHB IN MODEL LOCAL_RUN4       PACKAGE LOCAL_RUN4      CONNECTED TO MODEL LOCAL_RUN4       PACKAGE GHB_SP           ON UNIT   1030 AT TIME STEP     50, STRESS PERIOD      2
 UBDSV06 SAVING             RCHA IN MODEL LOCAL_RUN4       PACKAGE LOCAL_RUN4      CONNECTED TO MODEL LOCAL_RUN4       PACKAGE RCH              ON UNIT   1030 AT TIME STEP     50, STRESS PERIOD      2

 HEAD WILL BE SAVED ON UNIT 1031 AT END OF TIME STEP   50, STRESS PERIOD    2

end timestep


start timestep kper="2" kstp="51" mode="normal"


 SLN_1 INNER ITERATION SUMMARY
 --------------------------------------------------------------------------------------------------------------------------------------
      TOTAL      OUTER      INNER                                                            MAXIMUM                                   
  ITERATION  ITERATION  ITERATION  MAXIMUM CHANGE      MAXIMUM CHANGE MODEL-(CELLID)        RESIDUAL    MAXIMUM RESIDUAL MODEL-(CELLID)
 --------------------------------------------------------------------------------------------------------------------------------------
          1          1          1 -2.50278712E-04                    1_GWF-(1,23,27)      0.10942579                     1_GWF-(1,5,22)
          2          1          2 -9.75021747E-04                    1_GWF-(1,22,54)      0.10318100                     1_GWF-(1,5,22)
          3          1          3 -1.28650865E-03                    1_GWF-(1,11,44)  3.44552403E-02                    1_GWF-(1,39,11)
 --------------------------------------------------------------------------------------------------------------------------------------


 UBDSV1 SAVING           STO-SS ON UNIT   1030 AT TIME STEP     51, STRESS PERIOD      2
 UBDSV1 SAVING     FLOW-JA-FACE ON UNIT   1030 AT TIME STEP     51, STRESS PERIOD      2
 UBDSV06 SAVING       DATA-SPDIS IN MODEL LOCAL_RUN4       PACKAGE NPF             CONNECTED TO MODEL LOCAL_RUN4       PACKAGE NPF              ON UNIT   1030 AT TIME STEP     51, STRESS PERIOD      2
 UBDSV06 SAVING              GHB IN MODEL LOCAL_RUN4       PACKAGE LOCAL_RUN4      CONNECTED TO MODEL LOCAL_RUN4       PACKAGE GHB_AW           ON UNIT   1030 AT TIME STEP     51, STRESS PERIOD      2
 UBDSV06 SAVING              GHB IN MODEL LOCAL_RUN4       PACKAGE LOCAL_RUN4      CONNECTED TO MODEL LOCAL_RUN4       PACKAGE GHB_CONF         ON UNIT   1030 AT TIME STEP     51, STRESS PERIOD      2
 UBDSV06 SAVING              GHB IN MODEL LOCAL_RUN4       PACKAGE LOCAL_RUN4      CONNECTED TO MODEL LOCAL_RUN4       PACKAGE GHB_PW           ON UNIT   1030 AT TIME STEP     51, STRESS PERIOD      2
 UBDSV06 SAVING              GHB IN MODEL LOCAL_RUN4       PACKAGE LOCAL_RUN4      CONNECTED TO MODEL LOCAL_RUN4       PACKAGE GHB_SP           ON UNIT   1030 AT TIME STEP     51, STRESS PERIOD      2
 UBDSV06 SAVING             RCHA IN MODEL LOCAL_RUN4       PACKAGE LOCAL_RUN4      CONNECTED TO MODEL LOCAL_RUN4       PACKAGE RCH              ON UNIT   1030 AT TIME STEP     51, STRESS PERIOD      2

 HEAD WILL BE SAVED ON UNIT 1031 AT END OF TIME STEP   51, STRESS PERIOD    2

end timestep


start timestep kper="2" kstp="52" mode="normal"


 SLN_1 INNER ITERATION SUMMARY
 --------------------------------------------------------------------------------------------------------------------------------------
      TOTAL      OUTER      INNER                                                            MAXIMUM                                   
  ITERATION  ITERATION  ITERATION  MAXIMUM CHANGE      MAXIMUM CHANGE MODEL-(CELLID)        RESIDUAL    MAXIMUM RESIDUAL MODEL-(CELLID)
 --------------------------------------------------------------------------------------------------------------------------------------
          1          1          1 -6.19304111E-04                     1_GWF-(1,47,5)     -0.14336554                    1_GWF-(1,23,54)
          2          1          2 -1.23410422E-03                    1_GWF-(1,42,10)      0.12372175                    1_GWF-(1,23,54)
          3          1          3 -5.76789761E-04                    1_GWF-(1,27,18) -8.34771566E-02                     1_GWF-(1,40,5)
 --------------------------------------------------------------------------------------------------------------------------------------


 UBDSV1 SAVING           STO-SS ON UNIT   1030 AT TIME STEP     52, STRESS PERIOD      2
 UBDSV1 SAVING     FLOW-JA-FACE ON UNIT   1030 AT TIME STEP     52, STRESS PERIOD      2
 UBDSV06 SAVING       DATA-SPDIS IN MODEL LOCAL_RUN4       PACKAGE NPF             CONNECTED TO MODEL LOCAL_RUN4       PACKAGE NPF              ON UNIT   1030 AT TIME STEP     52, STRESS PERIOD      2
 UBDSV06 SAVING              GHB IN MODEL LOCAL_RUN4       PACKAGE LOCAL_RUN4      CONNECTED TO MODEL LOCAL_RUN4       PACKAGE GHB_AW           ON UNIT   1030 AT TIME STEP     52, STRESS PERIOD      2
 UBDSV06 SAVING              GHB IN MODEL LOCAL_RUN4       PACKAGE LOCAL_RUN4      CONNECTED TO MODEL LOCAL_RUN4       PACKAGE GHB_CONF         ON UNIT   1030 AT TIME STEP     52, STRESS PERIOD      2
 UBDSV06 SAVING              GHB IN MODEL LOCAL_RUN4       PACKAGE LOCAL_RUN4      CONNECTED TO MODEL LOCAL_RUN4       PACKAGE GHB_PW           ON UNIT   1030 AT TIME STEP     52, STRESS PERIOD      2
 UBDSV06 SAVING              GHB IN MODEL LOCAL_RUN4       PACKAGE LOCAL_RUN4      CONNECTED TO MODEL LOCAL_RUN4       PACKAGE GHB_SP           ON UNIT   1030 AT TIME STEP     52, STRESS PERIOD      2
 UBDSV06 SAVING             RCHA IN MODEL LOCAL_RUN4       PACKAGE LOCAL_RUN4      CONNECTED TO MODEL LOCAL_RUN4       PACKAGE RCH              ON UNIT   1030 AT TIME STEP     52, STRESS PERIOD      2

 HEAD WILL BE SAVED ON UNIT 1031 AT END OF TIME STEP   52, STRESS PERIOD    2


  VOLUME BUDGET FOR ENTIRE MODEL AT END OF TIME STEP   52, STRESS PERIOD   2
  ---------------------------------------------------------------------------------------------------

     CUMULATIVE VOLUME      L**3       RATES FOR THIS TIME STEP      L**3/T          PACKAGE NAME    
     ------------------                 ------------------------                     ----------------

           IN:                                      IN:
           ---                                      ---
              STO-SS =      180085.0716                STO-SS =          23.4518     STORAGE                          
                 GHB =           0.0000                   GHB =           0.0000     GHB_AW                           
                 GHB =          11.3452                   GHB =           0.0000     GHB_CONF                         
                 GHB =           0.0000                   GHB =           0.0000     GHB_PW                           
                 GHB =           0.0000                   GHB =           0.0000     GHB_SP                           
                RCHA =      176743.6106                  RCHA =        3323.9987     RCH                              

            TOTAL IN =      356840.0274              TOTAL IN =        3347.4506

          OUT:                                     OUT:
          ----                                     ----
              STO-SS =       5.7181E-02                STO-SS =           0.0000     STORAGE                          
                 GHB =       99736.7636                   GHB =         915.6596     GHB_AW                           
                 GHB =      244814.5009                   GHB =        2328.4254     GHB_CONF                         
                 GHB =       12427.0376                   GHB =         114.1381     GHB_PW                           
                 GHB =          19.9284                   GHB =           0.1828     GHB_SP                           
                RCHA =           0.0000                  RCHA =           0.0000     RCH                              

           TOTAL OUT =      356998.2876             TOTAL OUT =        3358.4059

            IN - OUT =        -158.2603              IN - OUT =         -10.9553

 PERCENT DISCREPANCY =          -0.04     PERCENT DISCREPANCY =          -0.33




         TIME SUMMARY AT END OF TIME STEP   52 IN STRESS PERIOD    2
                    SECONDS     MINUTES      HOURS       DAYS        YEARS
                    -----------------------------------------------------------
   TIME STEP LENGTH  86400.      1440.0      24.000      1.0000     2.73785E-03
 STRESS PERIOD TIME 4.49280E+06  74880.      1248.0      52.000     0.14237    
         TOTAL TIME 4.57920E+06  76320.      1272.0      53.000     0.14511    


end timestep


start timestep kper="3" kstp="1" mode="normal"


 OUTPUT CONTROL FOR STRESS PERIOD 3 IS REPEATED USING SETTINGS FROM A PREVIOUS STRESS PERIOD.


 PROCESSING STORAGE PERIOD DATA
 END PROCESSING STORAGE PERIOD DATA


 STRESS PERIOD 3 IS STEADY-STATE


 OPENED local_run4.ghbaw_stress_period_data_2.txt
 FILE TYPE:OPEN/CLOSE   UNIT 1042   STATUS:OLD                 
 FORMAT:FORMATTED              ACCESS:SEQUENTIAL          
 ACTION:READ                


 OPENED local_run4.ghb_conf_stress_period_data_2.txt
 FILE TYPE:OPEN/CLOSE   UNIT 1043   STATUS:OLD                 
 FORMAT:FORMATTED              ACCESS:SEQUENTIAL          
 ACTION:READ                


 OPENED local_run4.ghb_pw_stress_period_data_2.txt
 FILE TYPE:OPEN/CLOSE   UNIT 1044   STATUS:OLD                 
 FORMAT:FORMATTED              ACCESS:SEQUENTIAL          
 ACTION:READ                


 OPENED local_run4.ghbspr_stress_period_data_2.txt
 FILE TYPE:OPEN/CLOSE   UNIT 1045   STATUS:OLD                 
 FORMAT:FORMATTED              ACCESS:SEQUENTIAL          
 ACTION:READ                


 OPENED local_run4.rcha_recharge_2.txt
 FILE TYPE:OPEN/CLOSE   UNIT 1046   STATUS:OLD                 
 FORMAT:FORMATTED              ACCESS:SEQUENTIAL          
 ACTION:READ                


                 RECHARGE

               1          2          3          4          5          6          7          8          9         10         11
              12         13         14         15         16         17         18         19         20         21         22
              23         24         25         26         27         28         29         30         31         32         33
              34         35         36         37         38         39         40         41         42         43         44
              45         46         47         48         49         50         51         52         53         54         55
              56         57
 .............................................................................................................................
   1    0.00       0.00       0.00       0.00       0.00       0.00       0.00       0.00       0.00       0.00       0.00    
        0.00       0.00       0.00       0.00       0.00       0.00       0.00       0.00       0.00       0.00       0.00    
        0.00       0.00       0.00       0.00       0.00       0.00       0.00       0.00       0.00       0.00       0.00    
        0.00       0.00       0.00       0.00       0.00       0.00       0.00       0.00       0.00       0.00       0.00    
        0.00       0.00       0.00       0.00       0.00       0.00       0.00       0.00       0.00       0.00       0.00    
        0.00       0.00    
   2    0.00       0.00       0.00       0.00       0.00       0.00       0.00       0.00       0.00       0.00       0.00    
        0.00       0.00       0.00       0.00       0.00       0.00       0.00       0.00       0.00       0.00       0.00    
        0.00       0.00       0.00       0.00       0.00      3.673E-03  3.673E-03  3.673E-03  3.673E-03  3.673E-03  3.673E-03
       3.673E-03  3.673E-03  3.673E-03  3.673E-03  3.673E-03  3.673E-03  3.673E-03  3.673E-03  3.673E-03  3.673E-03   0.00    
        0.00       0.00       0.00       0.00       0.00       0.00       0.00       0.00       0.00       0.00       0.00    
        0.00       0.00    
   3    0.00       0.00       0.00       0.00       0.00       0.00       0.00       0.00       0.00       0.00       0.00    
        0.00       0.00       0.00       0.00       0.00       0.00       0.00       0.00       0.00       0.00       0.00    
        0.00       0.00      3.673E-03  3.673E-03  3.673E-03  3.673E-03  3.673E-03  3.673E-03  3.673E-03  3.673E-03  3.673E-03
       3.673E-03  3.673E-03  3.673E-03  3.673E-03  3.673E-03  3.673E-03  3.673E-03  3.673E-03  3.673E-03  3.673E-03  3.673E-03
       3.673E-03  3.673E-03  3.673E-03  3.673E-03   0.00       0.00       0.00       0.00       0.00       0.00       0.00    
        0.00       0.00    
   4    0.00       0.00       0.00       0.00       0.00       0.00       0.00       0.00       0.00       0.00       0.00    
        0.00       0.00       0.00       0.00       0.00       0.00       0.00       0.00       0.00       0.00      3.673E-03
       3.673E-03  3.673E-03  3.673E-03  3.673E-03  3.673E-03  3.673E-03  3.673E-03  3.673E-03  3.673E-03  3.673E-03  3.673E-03
       3.673E-03  3.673E-03  3.673E-03  3.673E-03  3.673E-03  3.673E-03  3.673E-03  3.673E-03  3.673E-03  3.673E-03  3.673E-03
       3.673E-03  3.673E-03  3.673E-03  3.673E-03  3.673E-03   0.00       0.00       0.00       0.00       0.00       0.00    
        0.00       0.00    
   5    0.00       0.00       0.00       0.00       0.00       0.00       0.00       0.00       0.00       0.00       0.00    
        0.00       0.00       0.00       0.00       0.00       0.00       0.00      3.673E-03  3.673E-03  3.673E-03  3.673E-03
       3.673E-03  3.673E-03  3.673E-03  3.673E-03  3.673E-03  3.673E-03  3.673E-03  3.673E-03  3.673E-03  3.673E-03  3.673E-03
       3.673E-03  3.673E-03  3.673E-03  3.673E-03  3.673E-03  3.673E-03  3.673E-03  3.673E-03  3.673E-03  3.673E-03  3.673E-03
       3.673E-03  3.673E-03  3.673E-03  3.673E-03  3.673E-03  3.673E-03   0.00       0.00       0.00       0.00       0.00    
        0.00       0.00    
   6    0.00       0.00       0.00       0.00       0.00       0.00       0.00       0.00       0.00       0.00       0.00    
        0.00       0.00       0.00       0.00       0.00      3.673E-03  3.673E-03  3.673E-03  3.673E-03  3.673E-03  3.673E-03
       3.673E-03  3.673E-03  3.673E-03  3.673E-03  3.673E-03  3.673E-03  3.673E-03  3.673E-03  3.673E-03  3.673E-03  3.673E-03
       3.673E-03  3.673E-03  3.673E-03  3.673E-03  3.673E-03  3.673E-03  3.673E-03  3.673E-03  3.673E-03  3.673E-03  3.673E-03
       3.673E-03  3.673E-03  3.673E-03  3.673E-03  3.673E-03  3.673E-03  3.673E-03  3.673E-03   0.00       0.00       0.00    
        0.00       0.00    
   7    0.00       0.00       0.00       0.00       0.00       0.00       0.00       0.00       0.00       0.00       0.00    
        0.00       0.00       0.00       0.00      3.673E-03  3.673E-03  3.673E-03  3.673E-03  3.673E-03  3.673E-03  3.673E-03
       3.673E-03  3.673E-03  3.673E-03  3.673E-03  3.673E-03  3.673E-03  3.673E-03  3.673E-03  3.673E-03  3.673E-03  3.673E-03
       3.673E-03  3.673E-03  3.673E-03  3.673E-03  3.673E-03  3.673E-03  3.673E-03  3.673E-03  3.673E-03  3.673E-03  3.673E-03
       3.673E-03  3.673E-03  3.673E-03  3.673E-03  3.673E-03  3.673E-03  3.673E-03  3.673E-03  3.673E-03   0.00       0.00    
        0.00       0.00    
   8    0.00       0.00       0.00       0.00       0.00       0.00       0.00       0.00       0.00       0.00       0.00    
        0.00       0.00       0.00      3.673E-03  3.673E-03  3.673E-03  3.673E-03  3.673E-03  3.673E-03  3.673E-03  3.673E-03
       3.673E-03  3.673E-03  3.673E-03  3.673E-03  3.673E-03  3.673E-03  3.673E-03  3.673E-03  3.673E-03  3.673E-03  3.673E-03
       3.673E-03  3.673E-03  3.673E-03  3.673E-03  3.673E-03  3.673E-03  3.673E-03  3.673E-03  3.673E-03  3.673E-03  3.673E-03
       3.673E-03  3.673E-03  3.673E-03  3.673E-03  3.673E-03  3.673E-03  3.673E-03  3.673E-03  3.673E-03  3.673E-03   0.00    
        0.00       0.00    
   9    0.00       0.00       0.00       0.00       0.00       0.00       0.00       0.00       0.00       0.00       0.00    
        0.00       0.00      3.673E-03  3.673E-03  3.673E-03  3.673E-03  3.673E-03  3.673E-03  3.673E-03  3.673E-03  3.673E-03
       3.673E-03  3.673E-03  3.673E-03  3.673E-03  3.673E-03  3.673E-03  3.673E-03  3.673E-03  3.673E-03  3.673E-03  3.673E-03
       3.673E-03  3.673E-03  3.673E-03  3.673E-03  3.673E-03  3.673E-03  3.673E-03  3.673E-03  3.673E-03  3.673E-03  3.673E-03
       3.673E-03  3.673E-03  3.673E-03  3.673E-03  3.673E-03  3.673E-03  3.673E-03  3.673E-03  3.673E-03  3.673E-03  3.673E-03
        0.00       0.00    
  10    0.00       0.00       0.00       0.00       0.00       0.00       0.00       0.00       0.00       0.00       0.00    
        0.00      3.673E-03  3.673E-03  3.673E-03  3.673E-03  3.673E-03  3.673E-03  3.673E-03  3.673E-03  3.673E-03  3.673E-03
       3.673E-03  3.673E-03  3.673E-03  3.673E-03  3.673E-03  3.673E-03  3.673E-03  3.673E-03  3.673E-03  3.673E-03  3.673E-03
       3.673E-03  3.673E-03  3.673E-03  3.673E-03  3.673E-03  3.673E-03  3.673E-03  3.673E-03  3.673E-03  3.673E-03  3.673E-03
       3.673E-03  3.673E-03  3.673E-03  3.673E-03  3.673E-03  3.673E-03  3.673E-03  3.673E-03  3.673E-03  3.673E-03  3.673E-03
        0.00       0.00    
  11    0.00       0.00       0.00       0.00       0.00       0.00       0.00       0.00       0.00       0.00       0.00    
       3.673E-03  3.673E-03  3.673E-03  3.673E-03  3.673E-03  3.673E-03  3.673E-03  3.673E-03  3.673E-03  3.673E-03  3.673E-03
       3.673E-03  3.673E-03  3.673E-03  3.673E-03  3.673E-03  3.673E-03  3.673E-03  3.673E-03  3.673E-03  3.673E-03  3.673E-03
       3.673E-03  3.673E-03  3.673E-03  3.673E-03  3.673E-03  3.673E-03  3.673E-03  3.673E-03  3.673E-03  3.673E-03  3.673E-03
       3.673E-03  3.673E-03  3.673E-03  3.673E-03  3.673E-03  3.673E-03  3.673E-03  3.673E-03  3.673E-03  3.673E-03  3.673E-03
       3.673E-03   0.00    
  12    0.00       0.00       0.00       0.00       0.00       0.00       0.00       0.00       0.00       0.00      3.673E-03
       3.673E-03  3.673E-03  3.673E-03  3.673E-03  3.673E-03  3.673E-03  3.673E-03  3.673E-03  3.673E-03  3.673E-03  3.673E-03
       3.673E-03  3.673E-03  3.673E-03  3.673E-03  3.673E-03  3.673E-03  3.673E-03  3.673E-03  3.673E-03  3.673E-03  3.673E-03
       3.673E-03  3.673E-03  3.673E-03  3.673E-03  3.673E-03  3.673E-03  3.673E-03  3.673E-03  3.673E-03  3.673E-03  3.673E-03
       3.673E-03  3.673E-03  3.673E-03  3.673E-03  3.673E-03  3.673E-03  3.673E-03  3.673E-03  3.673E-03  3.673E-03  3.673E-03
       3.673E-03   0.00    
  13    0.00       0.00       0.00       0.00       0.00       0.00       0.00       0.00       0.00      3.673E-03  3.673E-03
       3.673E-03  3.673E-03  3.673E-03  3.673E-03  3.673E-03  3.673E-03  3.673E-03  3.673E-03  3.673E-03  3.673E-03  3.673E-03
       3.673E-03  3.673E-03  3.673E-03  3.673E-03  3.673E-03  3.673E-03  3.673E-03  3.673E-03  3.673E-03  3.673E-03  3.673E-03
       3.673E-03  3.673E-03  3.673E-03  3.673E-03  3.673E-03  3.673E-03  3.673E-03  3.673E-03  3.673E-03  3.673E-03  3.673E-03
       3.673E-03  3.673E-03  3.673E-03  3.673E-03  3.673E-03  3.673E-03  3.673E-03  3.673E-03  3.673E-03  3.673E-03  3.673E-03
       3.673E-03   0.00    
  14    0.00       0.00       0.00       0.00       0.00       0.00       0.00       0.00      3.673E-03  3.673E-03  3.673E-03
       3.673E-03  3.673E-03  3.673E-03  3.673E-03  3.673E-03  3.673E-03  3.673E-03  3.673E-03  3.673E-03  3.673E-03  3.673E-03
       3.673E-03  3.673E-03  3.673E-03  3.673E-03  3.673E-03  3.673E-03  3.673E-03  3.673E-03  3.673E-03  3.673E-03  3.673E-03
       3.673E-03  3.673E-03  3.673E-03  3.673E-03  3.673E-03  3.673E-03  3.673E-03  3.673E-03  3.673E-03  3.673E-03  3.673E-03
       3.673E-03  3.673E-03  3.673E-03  3.673E-03  3.673E-03  3.673E-03  3.673E-03  3.673E-03  3.673E-03  3.673E-03  3.673E-03
       3.673E-03   0.00    
  15    0.00       0.00       0.00       0.00       0.00       0.00       0.00      3.673E-03  3.673E-03  3.673E-03  3.673E-03
       3.673E-03  3.673E-03  3.673E-03  3.673E-03  3.673E-03  3.673E-03  3.673E-03  3.673E-03  3.673E-03  3.673E-03  3.673E-03
       3.673E-03  3.673E-03  3.673E-03  3.673E-03  3.673E-03  3.673E-03  3.673E-03  3.673E-03  3.673E-03  3.673E-03  3.673E-03
       3.673E-03  3.673E-03  3.673E-03  3.673E-03  3.673E-03  3.673E-03  3.673E-03  3.673E-03  3.673E-03  3.673E-03  3.673E-03
       3.673E-03  3.673E-03  3.673E-03  3.673E-03  3.673E-03  3.673E-03  3.673E-03  3.673E-03  3.673E-03  3.673E-03  3.673E-03
       3.673E-03   0.00    
  16    0.00       0.00       0.00       0.00       0.00       0.00      3.673E-03  3.673E-03  3.673E-03  3.673E-03  3.673E-03
       3.673E-03  3.673E-03  3.673E-03  3.673E-03  3.673E-03  3.673E-03  3.673E-03  3.673E-03  3.673E-03  3.673E-03  3.673E-03
       3.673E-03  3.673E-03  3.673E-03  3.673E-03  3.673E-03  3.673E-03  3.673E-03  3.673E-03  3.673E-03  3.673E-03  3.673E-03
       3.673E-03  3.673E-03  3.673E-03  3.673E-03  3.673E-03  3.673E-03  3.673E-03  3.673E-03  3.673E-03  3.673E-03  3.673E-03
       3.673E-03  3.673E-03  3.673E-03  3.673E-03  3.673E-03  3.673E-03  3.673E-03  3.673E-03  3.673E-03  3.673E-03  3.673E-03
       3.673E-03   0.00    
  17    0.00       0.00       0.00       0.00       0.00      3.673E-03  3.673E-03  3.673E-03  3.673E-03  3.673E-03  3.673E-03
       3.673E-03  3.673E-03  3.673E-03  3.673E-03  3.673E-03  3.673E-03  3.673E-03  3.673E-03  3.673E-03  3.673E-03  3.673E-03
       3.673E-03  3.673E-03  3.673E-03  3.673E-03  3.673E-03  3.673E-03  3.673E-03  3.673E-03  3.673E-03  3.673E-03  3.673E-03
       3.673E-03  3.673E-03  3.673E-03  3.673E-03  3.673E-03  3.673E-03  3.673E-03  3.673E-03  3.673E-03  3.673E-03  3.673E-03
       3.673E-03  3.673E-03  3.673E-03  3.673E-03  3.673E-03  3.673E-03  3.673E-03  3.673E-03  3.673E-03  3.673E-03  3.673E-03
       3.673E-03   0.00    
  18    0.00       0.00       0.00       0.00       0.00      3.673E-03  3.673E-03  3.673E-03  3.673E-03  3.673E-03  3.673E-03
       3.673E-03  3.673E-03  3.673E-03  3.673E-03  3.673E-03  3.673E-03  3.673E-03  3.673E-03  3.673E-03  3.673E-03  3.673E-03
       3.673E-03  3.673E-03  3.673E-03  3.673E-03  3.673E-03  3.673E-03  3.673E-03  3.673E-03  3.673E-03  3.673E-03  3.673E-03
       3.673E-03  3.673E-03  3.673E-03  3.673E-03  3.673E-03  3.673E-03  3.673E-03  3.673E-03  3.673E-03  3.673E-03  3.673E-03
       3.673E-03  3.673E-03  3.673E-03  3.673E-03  3.673E-03  3.673E-03  3.673E-03  3.673E-03  3.673E-03  3.673E-03  3.673E-03
       3.673E-03   0.00    
  19    0.00       0.00       0.00       0.00      3.673E-03  3.673E-03  3.673E-03  3.673E-03  3.673E-03  3.673E-03  3.673E-03
       3.673E-03  3.673E-03  3.673E-03  3.673E-03  3.673E-03  3.673E-03  3.673E-03  3.673E-03  3.673E-03  3.673E-03  3.673E-03
       3.673E-03  3.673E-03  3.673E-03  3.673E-03  3.673E-03  3.673E-03  3.673E-03  3.673E-03  3.673E-03  3.673E-03  3.673E-03
       3.673E-03  3.673E-03  3.673E-03  3.673E-03  3.673E-03  3.673E-03  3.673E-03  3.673E-03  3.673E-03  3.673E-03  3.673E-03
       3.673E-03  3.673E-03  3.673E-03  3.673E-03  3.673E-03  3.673E-03  3.673E-03  3.673E-03  3.673E-03  3.673E-03  3.673E-03
       3.673E-03   0.00    
  20    0.00       0.00       0.00       0.00      3.673E-03  3.673E-03  3.673E-03  3.673E-03  3.673E-03  3.673E-03  3.673E-03
       3.673E-03  3.673E-03  3.673E-03  3.673E-03  3.673E-03  3.673E-03  3.673E-03  3.673E-03  3.673E-03  3.673E-03  3.673E-03
       3.673E-03  3.673E-03  3.673E-03  3.673E-03  3.673E-03  3.673E-03  3.673E-03  3.673E-03  3.673E-03  3.673E-03  3.673E-03
       3.673E-03  3.673E-03  3.673E-03  3.673E-03  3.673E-03  3.673E-03  3.673E-03  3.673E-03  3.673E-03  3.673E-03  3.673E-03
       3.673E-03  3.673E-03  3.673E-03  3.673E-03  3.673E-03  3.673E-03  3.673E-03  3.673E-03  3.673E-03  3.673E-03  3.673E-03
       3.673E-03   0.00    
  21    0.00       0.00       0.00      3.673E-03  3.673E-03  3.673E-03  3.673E-03  3.673E-03  3.673E-03  3.673E-03  3.673E-03
       3.673E-03  3.673E-03  3.673E-03  3.673E-03  3.673E-03  3.673E-03  3.673E-03  3.673E-03  3.673E-03  3.673E-03  3.673E-03
       3.673E-03  3.673E-03  3.673E-03  3.673E-03  3.673E-03  3.673E-03  3.673E-03  3.673E-03  3.673E-03  3.673E-03  3.673E-03
       3.673E-03  3.673E-03  3.673E-03  3.673E-03  3.673E-03  3.673E-03  3.673E-03  3.673E-03  3.673E-03  3.673E-03  3.673E-03
       3.673E-03  3.673E-03  3.673E-03  3.673E-03  3.673E-03  3.673E-03  3.673E-03  3.673E-03  3.673E-03  3.673E-03  3.673E-03
       3.673E-03   0.00    
  22    0.00       0.00       0.00      3.673E-03  3.673E-03  3.673E-03  3.673E-03  3.673E-03  3.673E-03  3.673E-03  3.673E-03
       3.673E-03  3.673E-03  3.673E-03  3.673E-03  3.673E-03  3.673E-03  3.673E-03  3.673E-03  3.673E-03  3.673E-03  3.673E-03
       3.673E-03  3.673E-03  3.673E-03  3.673E-03  3.673E-03  3.673E-03  3.673E-03  3.673E-03  3.673E-03  3.673E-03  3.673E-03
       3.673E-03  3.673E-03  3.673E-03  3.673E-03  3.673E-03  3.673E-03  3.673E-03  3.673E-03  3.673E-03  3.673E-03  3.673E-03
       3.673E-03  3.673E-03  3.673E-03  3.673E-03  3.673E-03  3.673E-03  3.673E-03  3.673E-03  3.673E-03  3.673E-03  3.673E-03
       3.673E-03   0.00    
  23    0.00       0.00       0.00      3.673E-03  3.673E-03  3.673E-03  3.673E-03  3.673E-03  3.673E-03  3.673E-03  3.673E-03
       3.673E-03  3.673E-03  3.673E-03  3.673E-03  3.673E-03  3.673E-03  3.673E-03  3.673E-03  3.673E-03  3.673E-03  3.673E-03
       3.673E-03  3.673E-03  3.673E-03  3.673E-03  3.673E-03  3.673E-03  3.673E-03  3.673E-03  3.673E-03  3.673E-03  3.673E-03
       3.673E-03  3.673E-03  3.673E-03  3.673E-03  3.673E-03  3.673E-03  3.673E-03  3.673E-03   0.00       0.00       0.00    
        0.00       0.00       0.00      3.673E-03  3.673E-03  3.673E-03  3.673E-03  3.673E-03  3.673E-03  3.673E-03  3.673E-03
       3.673E-03   0.00    
  24    0.00       0.00      3.673E-03  3.673E-03  3.673E-03  3.673E-03  3.673E-03  3.673E-03  3.673E-03  3.673E-03  3.673E-03
       3.673E-03  3.673E-03  3.673E-03  3.673E-03  3.673E-03  3.673E-03  3.673E-03  3.673E-03  3.673E-03  3.673E-03  3.673E-03
       3.673E-03  3.673E-03  3.673E-03  3.673E-03  3.673E-03  3.673E-03  3.673E-03  3.673E-03  3.673E-03  3.673E-03  3.673E-03
       3.673E-03  3.673E-03  3.673E-03  3.673E-03  3.673E-03  3.673E-03  3.673E-03  3.673E-03   0.00       0.00       0.00    
        0.00       0.00       0.00       0.00       0.00       0.00      3.673E-03  3.673E-03  3.673E-03  3.673E-03  3.673E-03
       3.673E-03   0.00    
  25    0.00       0.00      3.673E-03  3.673E-03  3.673E-03  3.673E-03  3.673E-03  3.673E-03  3.673E-03  3.673E-03  3.673E-03
       3.673E-03  3.673E-03  3.673E-03  3.673E-03  3.673E-03  3.673E-03  3.673E-03  3.673E-03  3.673E-03  3.673E-03  3.673E-03
       3.673E-03  3.673E-03  3.673E-03  3.673E-03  3.673E-03  3.673E-03  3.673E-03  3.673E-03  3.673E-03  3.673E-03  3.673E-03
       3.673E-03  3.673E-03  3.673E-03  3.673E-03  3.673E-03  3.673E-03  3.673E-03   0.00       0.00       0.00       0.00    
        0.00       0.00       0.00       0.00       0.00       0.00       0.00       0.00       0.00      3.673E-03  3.673E-03
        0.00       0.00    
  26    0.00      3.673E-03  3.673E-03  3.673E-03  3.673E-03  3.673E-03  3.673E-03  3.673E-03  3.673E-03  3.673E-03  3.673E-03
       3.673E-03  3.673E-03  3.673E-03  3.673E-03  3.673E-03  3.673E-03  3.673E-03  3.673E-03  3.673E-03  3.673E-03  3.673E-03
       3.673E-03  3.673E-03  3.673E-03  3.673E-03  3.673E-03  3.673E-03  3.673E-03  3.673E-03  3.673E-03  3.673E-03  3.673E-03
       3.673E-03  3.673E-03  3.673E-03  3.673E-03  3.673E-03  3.673E-03  3.673E-03   0.00       0.00       0.00       0.00    
        0.00       0.00       0.00       0.00       0.00       0.00       0.00       0.00       0.00       0.00       0.00    
        0.00       0.00    
  27    0.00      3.673E-03  3.673E-03  3.673E-03  3.673E-03  3.673E-03  3.673E-03  3.673E-03  3.673E-03  3.673E-03  3.673E-03
       3.673E-03  3.673E-03  3.673E-03  3.673E-03  3.673E-03  3.673E-03  3.673E-03  3.673E-03  3.673E-03  3.673E-03  3.673E-03
       3.673E-03  3.673E-03  3.673E-03  3.673E-03  3.673E-03  3.673E-03  3.673E-03  3.673E-03  3.673E-03  3.673E-03  3.673E-03
       3.673E-03  3.673E-03  3.673E-03  3.673E-03  3.673E-03  3.673E-03   0.00       0.00       0.00       0.00       0.00    
        0.00       0.00       0.00       0.00       0.00       0.00       0.00       0.00       0.00       0.00       0.00    
        0.00       0.00    
  28   3.673E-03  3.673E-03  3.673E-03  3.673E-03  3.673E-03  3.673E-03  3.673E-03  3.673E-03  3.673E-03  3.673E-03  3.673E-03
       3.673E-03  3.673E-03  3.673E-03  3.673E-03  3.673E-03  3.673E-03  3.673E-03  3.673E-03  3.673E-03  3.673E-03  3.673E-03
       3.673E-03  3.673E-03  3.673E-03  3.673E-03  3.673E-03  3.673E-03  3.673E-03  3.673E-03  3.673E-03  3.673E-03  3.673E-03
       3.673E-03  3.673E-03  3.673E-03  3.673E-03  3.673E-03  3.673E-03   0.00       0.00       0.00       0.00       0.00    
        0.00       0.00       0.00       0.00       0.00       0.00       0.00       0.00       0.00       0.00       0.00    
        0.00       0.00    
  29   3.673E-03  3.673E-03  3.673E-03  3.673E-03  3.673E-03  3.673E-03  3.673E-03  3.673E-03  3.673E-03  3.673E-03  3.673E-03
       3.673E-03  3.673E-03  3.673E-03  3.673E-03  3.673E-03  3.673E-03  3.673E-03  3.673E-03  3.673E-03  3.673E-03  3.673E-03
       3.673E-03  3.673E-03  3.673E-03  3.673E-03  3.673E-03  3.673E-03  3.673E-03  3.673E-03  3.673E-03  3.673E-03  3.673E-03
       3.673E-03  3.673E-03  3.673E-03  3.673E-03  3.673E-03  3.673E-03   0.00       0.00       0.00       0.00       0.00    
        0.00       0.00       0.00       0.00       0.00       0.00       0.00       0.00       0.00       0.00       0.00    
        0.00       0.00    
  30   3.673E-03  3.673E-03  3.673E-03  3.673E-03  3.673E-03  3.673E-03  3.673E-03  3.673E-03  3.673E-03  3.673E-03  3.673E-03
       3.673E-03  3.673E-03  3.673E-03  3.673E-03  3.673E-03  3.673E-03  3.673E-03  3.673E-03  3.673E-03  3.673E-03  3.673E-03
       3.673E-03  3.673E-03  3.673E-03  3.673E-03  3.673E-03  3.673E-03  3.673E-03  3.673E-03  3.673E-03  3.673E-03  3.673E-03
       3.673E-03  3.673E-03  3.673E-03  3.673E-03  3.673E-03   0.00       0.00       0.00       0.00       0.00       0.00    
        0.00       0.00       0.00       0.00       0.00       0.00       0.00       0.00       0.00       0.00       0.00    
        0.00       0.00    
  31   3.673E-03  3.673E-03  3.673E-03  3.673E-03  3.673E-03  3.673E-03  3.673E-03  3.673E-03  3.673E-03  3.673E-03  3.673E-03
       3.673E-03  3.673E-03  3.673E-03  3.673E-03  3.673E-03  3.673E-03  3.673E-03  3.673E-03  3.673E-03  3.673E-03  3.673E-03
       3.673E-03  3.673E-03  3.673E-03  3.673E-03  3.673E-03  3.673E-03  3.673E-03  3.673E-03  3.673E-03  3.673E-03  3.673E-03
       3.673E-03  3.673E-03  3.673E-03  3.673E-03  3.673E-03   0.00       0.00       0.00       0.00       0.00       0.00    
        0.00       0.00       0.00       0.00       0.00       0.00       0.00       0.00       0.00       0.00       0.00    
        0.00       0.00    
  32   3.673E-03  3.673E-03  3.673E-03  3.673E-03  3.673E-03  3.673E-03  3.673E-03  3.673E-03  3.673E-03  3.673E-03  3.673E-03
       3.673E-03  3.673E-03  3.673E-03  3.673E-03  3.673E-03  3.673E-03  3.673E-03  3.673E-03  3.673E-03  3.673E-03  3.673E-03
       3.673E-03  3.673E-03  3.673E-03  3.673E-03  3.673E-03  3.673E-03  3.673E-03  3.673E-03  3.673E-03  3.673E-03  3.673E-03
       3.673E-03  3.673E-03  3.673E-03  3.673E-03  3.673E-03   0.00       0.00       0.00       0.00       0.00       0.00    
        0.00       0.00       0.00       0.00       0.00       0.00       0.00       0.00       0.00       0.00       0.00    
        0.00       0.00    
  33   3.673E-03  3.673E-03  3.673E-03  3.673E-03  3.673E-03  3.673E-03  3.673E-03  3.673E-03  3.673E-03  3.673E-03  3.673E-03
       3.673E-03  3.673E-03  3.673E-03  3.673E-03  3.673E-03  3.673E-03  3.673E-03  3.673E-03  3.673E-03  3.673E-03  3.673E-03
       3.673E-03  3.673E-03  3.673E-03  3.673E-03  3.673E-03  3.673E-03  3.673E-03  3.673E-03  3.673E-03  3.673E-03  3.673E-03
       3.673E-03  3.673E-03  3.673E-03  3.673E-03   0.00       0.00       0.00       0.00       0.00       0.00       0.00    
        0.00       0.00       0.00       0.00       0.00       0.00       0.00       0.00       0.00       0.00       0.00    
        0.00       0.00    
  34   3.673E-03  3.673E-03  3.673E-03  3.673E-03  3.673E-03  3.673E-03  3.673E-03  3.673E-03  3.673E-03  3.673E-03  3.673E-03
       3.673E-03  3.673E-03  3.673E-03  3.673E-03  3.673E-03  3.673E-03  3.673E-03  3.673E-03  3.673E-03  3.673E-03  3.673E-03
       3.673E-03  3.673E-03  3.673E-03  3.673E-03  3.673E-03  3.673E-03  3.673E-03  3.673E-03  3.673E-03  3.673E-03  3.673E-03
       3.673E-03  3.673E-03  3.673E-03  3.673E-03   0.00       0.00       0.00       0.00       0.00       0.00       0.00    
        0.00       0.00       0.00       0.00       0.00       0.00       0.00       0.00       0.00       0.00       0.00    
        0.00       0.00    
  35   3.673E-03  3.673E-03  3.673E-03  3.673E-03  3.673E-03  3.673E-03  3.673E-03  3.673E-03  3.673E-03  3.673E-03  3.673E-03
       3.673E-03  3.673E-03  3.673E-03  3.673E-03  3.673E-03  3.673E-03  3.673E-03  3.673E-03  3.673E-03  3.673E-03  3.673E-03
       3.673E-03  3.673E-03  3.673E-03  3.673E-03  3.673E-03  3.673E-03  3.673E-03  3.673E-03  3.673E-03  3.673E-03  3.673E-03
       3.673E-03  3.673E-03  3.673E-03  3.673E-03  3.673E-03   0.00       0.00       0.00       0.00       0.00       0.00    
        0.00       0.00       0.00       0.00       0.00       0.00       0.00       0.00       0.00       0.00       0.00    
        0.00       0.00    
  36   3.673E-03  3.673E-03  3.673E-03  3.673E-03  3.673E-03  3.673E-03  3.673E-03  3.673E-03  3.673E-03  3.673E-03  3.673E-03
       3.673E-03  3.673E-03  3.673E-03  3.673E-03  3.673E-03  3.673E-03  3.673E-03  3.673E-03  3.673E-03  3.673E-03  3.673E-03
       3.673E-03  3.673E-03  3.673E-03  3.673E-03  3.673E-03  3.673E-03  3.673E-03  3.673E-03  3.673E-03  3.673E-03  3.673E-03
       3.673E-03  3.673E-03  3.673E-03  3.673E-03  3.673E-03   0.00       0.00       0.00       0.00       0.00       0.00    
        0.00       0.00       0.00       0.00       0.00       0.00       0.00       0.00       0.00       0.00       0.00    
        0.00       0.00    
  37   3.673E-03  3.673E-03  3.673E-03  3.673E-03  3.673E-03  3.673E-03  3.673E-03  3.673E-03  3.673E-03  3.673E-03  3.673E-03
       3.673E-03  3.673E-03  3.673E-03  3.673E-03  3.673E-03  3.673E-03  3.673E-03  3.673E-03  3.673E-03  3.673E-03  3.673E-03
       3.673E-03  3.673E-03  3.673E-03  3.673E-03  3.673E-03  3.673E-03  3.673E-03  3.673E-03  3.673E-03  3.673E-03  3.673E-03
       3.673E-03  3.673E-03  3.673E-03  3.673E-03  3.673E-03   0.00       0.00       0.00       0.00       0.00       0.00    
        0.00       0.00       0.00       0.00       0.00       0.00       0.00       0.00       0.00       0.00       0.00    
        0.00       0.00    
  38   3.673E-03  3.673E-03  3.673E-03  3.673E-03  3.673E-03  3.673E-03  3.673E-03  3.673E-03  3.673E-03  3.673E-03  3.673E-03
       3.673E-03  3.673E-03  3.673E-03  3.673E-03  3.673E-03  3.673E-03  3.673E-03  3.673E-03  3.673E-03  3.673E-03  3.673E-03
       3.673E-03  3.673E-03  3.673E-03  3.673E-03  3.673E-03  3.673E-03  3.673E-03  3.673E-03  3.673E-03  3.673E-03  3.673E-03
       3.673E-03  3.673E-03  3.673E-03  3.673E-03  3.673E-03   0.00       0.00       0.00       0.00       0.00       0.00    
        0.00       0.00       0.00       0.00       0.00       0.00       0.00       0.00       0.00       0.00       0.00    
        0.00       0.00    
  39   3.673E-03  3.673E-03  3.673E-03  3.673E-03  3.673E-03  3.673E-03  3.673E-03  3.673E-03  3.673E-03  3.673E-03  3.673E-03
       3.673E-03  3.673E-03  3.673E-03  3.673E-03  3.673E-03  3.673E-03  3.673E-03  3.673E-03  3.673E-03  3.673E-03  3.673E-03
       3.673E-03  3.673E-03  3.673E-03  3.673E-03  3.673E-03  3.673E-03  3.673E-03  3.673E-03  3.673E-03  3.673E-03  3.673E-03
       3.673E-03  3.673E-03  3.673E-03  3.673E-03  3.673E-03   0.00       0.00       0.00       0.00       0.00       0.00    
        0.00       0.00       0.00       0.00       0.00       0.00       0.00       0.00       0.00       0.00       0.00    
        0.00       0.00    
  40    0.00      3.673E-03  3.673E-03  3.673E-03  3.673E-03  3.673E-03  3.673E-03  3.673E-03  3.673E-03  3.673E-03  3.673E-03
       3.673E-03  3.673E-03  3.673E-03  3.673E-03  3.673E-03  3.673E-03  3.673E-03  3.673E-03  3.673E-03  3.673E-03  3.673E-03
       3.673E-03  3.673E-03  3.673E-03  3.673E-03  3.673E-03  3.673E-03  3.673E-03  3.673E-03  3.673E-03  3.673E-03  3.673E-03
       3.673E-03  3.673E-03  3.673E-03  3.673E-03  3.673E-03  3.673E-03   0.00       0.00       0.00       0.00       0.00    
        0.00       0.00       0.00       0.00       0.00       0.00       0.00       0.00       0.00       0.00       0.00    
        0.00       0.00    
  41    0.00      3.673E-03  3.673E-03  3.673E-03  3.673E-03  3.673E-03  3.673E-03  3.673E-03  3.673E-03  3.673E-03  3.673E-03
       3.673E-03  3.673E-03  3.673E-03  3.673E-03  3.673E-03  3.673E-03   0.00       0.00       0.00       0.00       0.00    
        0.00       0.00       0.00       0.00       0.00       0.00      3.673E-03  3.673E-03  3.673E-03  3.673E-03  3.673E-03
       3.673E-03  3.673E-03  3.673E-03  3.673E-03  3.673E-03  3.673E-03   0.00       0.00       0.00       0.00       0.00    
        0.00       0.00       0.00       0.00       0.00       0.00       0.00       0.00       0.00       0.00       0.00    
        0.00       0.00    
  42    0.00       0.00      3.673E-03  3.673E-03  3.673E-03  3.673E-03  3.673E-03  3.673E-03  3.673E-03  3.673E-03  3.673E-03
       3.673E-03   0.00       0.00       0.00       0.00       0.00       0.00       0.00       0.00       0.00       0.00    
        0.00       0.00       0.00       0.00       0.00       0.00       0.00       0.00      3.673E-03  3.673E-03  3.673E-03
       3.673E-03  3.673E-03  3.673E-03  3.673E-03  3.673E-03  3.673E-03   0.00       0.00       0.00       0.00       0.00    
        0.00       0.00       0.00       0.00       0.00       0.00       0.00       0.00       0.00       0.00       0.00    
        0.00       0.00    
  43    0.00       0.00      3.673E-03  3.673E-03  3.673E-03  3.673E-03  3.673E-03  3.673E-03  3.673E-03  3.673E-03  3.673E-03
        0.00       0.00       0.00       0.00       0.00       0.00       0.00       0.00       0.00       0.00       0.00    
        0.00       0.00       0.00       0.00       0.00       0.00       0.00       0.00       0.00      3.673E-03  3.673E-03
       3.673E-03  3.673E-03  3.673E-03  3.673E-03  3.673E-03  3.673E-03   0.00       0.00       0.00       0.00       0.00    
        0.00       0.00       0.00       0.00       0.00       0.00       0.00       0.00       0.00       0.00       0.00    
        0.00       0.00    
  44    0.00       0.00       0.00      3.673E-03  3.673E-03  3.673E-03  3.673E-03  3.673E-03  3.673E-03   0.00       0.00    
        0.00       0.00       0.00       0.00       0.00       0.00       0.00       0.00       0.00       0.00       0.00    
        0.00       0.00       0.00       0.00       0.00       0.00       0.00       0.00       0.00       0.00      3.673E-03
       3.673E-03  3.673E-03  3.673E-03  3.673E-03  3.673E-03  3.673E-03   0.00       0.00       0.00       0.00       0.00    
        0.00       0.00       0.00       0.00       0.00       0.00       0.00       0.00       0.00       0.00       0.00    
        0.00       0.00    
  45    0.00       0.00       0.00      3.673E-03  3.673E-03  3.673E-03  3.673E-03  3.673E-03   0.00       0.00       0.00    
        0.00       0.00       0.00       0.00       0.00       0.00       0.00       0.00       0.00       0.00       0.00    
        0.00       0.00       0.00       0.00       0.00       0.00       0.00       0.00       0.00       0.00       0.00    
       3.673E-03  3.673E-03  3.673E-03  3.673E-03  3.673E-03  3.673E-03   0.00       0.00       0.00       0.00       0.00    
        0.00       0.00       0.00       0.00       0.00       0.00       0.00       0.00       0.00       0.00       0.00    
        0.00       0.00    
  46    0.00       0.00       0.00       0.00      3.673E-03  3.673E-03  3.673E-03   0.00       0.00       0.00       0.00    
        0.00       0.00       0.00       0.00       0.00       0.00       0.00       0.00       0.00       0.00       0.00    
        0.00       0.00       0.00       0.00       0.00       0.00       0.00       0.00       0.00       0.00       0.00    
        0.00      3.673E-03  3.673E-03  3.673E-03  3.673E-03  3.673E-03   0.00       0.00       0.00       0.00       0.00    
        0.00       0.00       0.00       0.00       0.00       0.00       0.00       0.00       0.00       0.00       0.00    
        0.00       0.00    
  47    0.00       0.00       0.00       0.00      3.673E-03   0.00       0.00       0.00       0.00       0.00       0.00    
        0.00       0.00       0.00       0.00       0.00       0.00       0.00       0.00       0.00       0.00       0.00    
        0.00       0.00       0.00       0.00       0.00       0.00       0.00       0.00       0.00       0.00       0.00    
        0.00       0.00      3.673E-03  3.673E-03   0.00       0.00       0.00       0.00       0.00       0.00       0.00    
        0.00       0.00       0.00       0.00       0.00       0.00       0.00       0.00       0.00       0.00       0.00    
        0.00       0.00    

 SLN_1 INNER ITERATION SUMMARY
 --------------------------------------------------------------------------------------------------------------------------------------
      TOTAL      OUTER      INNER                                                            MAXIMUM                                   
  ITERATION  ITERATION  ITERATION  MAXIMUM CHANGE      MAXIMUM CHANGE MODEL-(CELLID)        RESIDUAL    MAXIMUM RESIDUAL MODEL-(CELLID)
 --------------------------------------------------------------------------------------------------------------------------------------
          1          1          1      0.56219564                     1_GWF-(1,47,5)       173.99331                     1_GWF-(1,43,7)
          2          1          2       1.4295227                     1_GWF-(1,39,5)       205.26414                     1_GWF-(1,39,7)
          3          1          3      0.76131454                     1_GWF-(1,28,3)       190.61855                     1_GWF-(1,42,6)
          4          1          4       1.9077677                     1_GWF-(1,22,8)       145.05898                     1_GWF-(1,27,5)
          5          1          5       17.736207                    1_GWF-(1,15,10)       515.74596                    1_GWF-(1,16,10)
          6          1          6      -15.213774                     1_GWF-(1,17,9)       104.50824                     1_GWF-(1,37,4)
          7          1          7       2.5302936                    1_GWF-(1,36,33)       77.923439                    1_GWF-(1,37,11)
          8          1          8      0.97414516                    1_GWF-(1,17,44)      -62.763171                     1_GWF-(1,4,45)
          9          1          9       1.1790177                    1_GWF-(1,19,55)       63.773951                     1_GWF-(1,40,8)
         10          1         10       1.4973356                    1_GWF-(1,13,55)       30.696941                     1_GWF-(1,37,4)
         11          1         11       1.3897620                    1_GWF-(1,13,55)       6.9652076                     1_GWF-(1,40,8)
         12          1         12  1.51360346E-02                    1_GWF-(1,23,54)       3.5461748                    1_GWF-(1,41,36)
         13          1         13     -0.15604931                    1_GWF-(1,10,53)       3.4710599                     1_GWF-(1,42,6)
         14          1         14      0.19819455                     1_GWF-(1,9,53)       1.6968552                     1_GWF-(1,6,21)
         15          1         15 -9.51694989E-03                     1_GWF-(1,6,50)     -0.36570634                     1_GWF-(1,3,28)
         16          1         16  3.93599569E-03                    1_GWF-(1,22,55)     -0.10569330                     1_GWF-(1,3,28)
         17          1         17  5.51318679E-02                    1_GWF-(1,20,55)       1.9243982                     1_GWF-(1,3,31)
         18          1         18  9.79782538E-03                     1_GWF-(1,7,51)       1.6435129                     1_GWF-(1,3,28)
         19          1         19 -5.93095050E-02                    1_GWF-(1,13,55)  9.25038075E-03                     1_GWF-(1,3,28)
         20          2          1 -1.37390541E-05                    1_GWF-(1,23,54)  3.86950490E-03                     1_GWF-(1,7,49)
 --------------------------------------------------------------------------------------------------------------------------------------


 UBDSV1 SAVING           STO-SS ON UNIT   1030 AT TIME STEP      1, STRESS PERIOD      3
 UBDSV1 SAVING     FLOW-JA-FACE ON UNIT   1030 AT TIME STEP      1, STRESS PERIOD      3
 UBDSV06 SAVING       DATA-SPDIS IN MODEL LOCAL_RUN4       PACKAGE NPF             CONNECTED TO MODEL LOCAL_RUN4       PACKAGE NPF              ON UNIT   1030 AT TIME STEP      1, STRESS PERIOD      3
 UBDSV06 SAVING              GHB IN MODEL LOCAL_RUN4       PACKAGE LOCAL_RUN4      CONNECTED TO MODEL LOCAL_RUN4       PACKAGE GHB_AW           ON UNIT   1030 AT TIME STEP      1, STRESS PERIOD      3
 UBDSV06 SAVING              GHB IN MODEL LOCAL_RUN4       PACKAGE LOCAL_RUN4      CONNECTED TO MODEL LOCAL_RUN4       PACKAGE GHB_CONF         ON UNIT   1030 AT TIME STEP      1, STRESS PERIOD      3
 UBDSV06 SAVING              GHB IN MODEL LOCAL_RUN4       PACKAGE LOCAL_RUN4      CONNECTED TO MODEL LOCAL_RUN4       PACKAGE GHB_PW           ON UNIT   1030 AT TIME STEP      1, STRESS PERIOD      3
 UBDSV06 SAVING              GHB IN MODEL LOCAL_RUN4       PACKAGE LOCAL_RUN4      CONNECTED TO MODEL LOCAL_RUN4       PACKAGE GHB_SP           ON UNIT   1030 AT TIME STEP      1, STRESS PERIOD      3
 UBDSV06 SAVING             RCHA IN MODEL LOCAL_RUN4       PACKAGE LOCAL_RUN4      CONNECTED TO MODEL LOCAL_RUN4       PACKAGE RCH              ON UNIT   1030 AT TIME STEP      1, STRESS PERIOD      3

 HEAD WILL BE SAVED ON UNIT 1031 AT END OF TIME STEP    1, STRESS PERIOD    3


  VOLUME BUDGET FOR ENTIRE MODEL AT END OF TIME STEP    1, STRESS PERIOD   3
  ---------------------------------------------------------------------------------------------------

     CUMULATIVE VOLUME      L**3       RATES FOR THIS TIME STEP      L**3/T          PACKAGE NAME    
     ------------------                 ------------------------                     ----------------

           IN:                                      IN:
           ---                                      ---
              STO-SS =      180085.0716                STO-SS =           0.0000     STORAGE                          
                 GHB =           0.0000                   GHB =           0.0000     GHB_AW                           
                 GHB =          11.3452                   GHB =           0.0000     GHB_CONF                         
                 GHB =           0.0000                   GHB =           0.0000     GHB_PW                           
                 GHB =           0.0000                   GHB =           0.0000     GHB_SP                           
                RCHA =      180639.2862                  RCHA =        3895.6756     RCH                              

            TOTAL IN =      360735.7030              TOTAL IN =        3895.6756

          OUT:                                     OUT:
          ----                                     ----
              STO-SS =       5.7181E-02                STO-SS =           0.0000     STORAGE                          
                 GHB =      103329.1097                   GHB =        3592.3461     GHB_AW                           
                 GHB =      245073.8050                   GHB =         259.3041     GHB_CONF                         
                 GHB =       12471.4747                   GHB =          44.4371     GHB_PW                           
                 GHB =          19.9284                   GHB =           0.0000     GHB_SP                           
                RCHA =           0.0000                  RCHA =           0.0000     RCH                              

           TOTAL OUT =      360894.3749             TOTAL OUT =        3896.0873

            IN - OUT =        -158.6719              IN - OUT =          -0.4116

 PERCENT DISCREPANCY =          -0.04     PERCENT DISCREPANCY =          -0.01




         TIME SUMMARY AT END OF TIME STEP    1 IN STRESS PERIOD    3
                    SECONDS     MINUTES      HOURS       DAYS        YEARS
                    -----------------------------------------------------------
   TIME STEP LENGTH  86400.      1440.0      24.000      1.0000     2.73785E-03
 STRESS PERIOD TIME  86400.      1440.0      24.000      1.0000     2.73785E-03
         TOTAL TIME 4.66560E+06  77760.      1296.0      54.000     0.14784    


end timestep


start timestep kper="4" kstp="1" mode="normal"


 OUTPUT CONTROL FOR STRESS PERIOD 4 IS REPEATED USING SETTINGS FROM A PREVIOUS STRESS PERIOD.


 PROCESSING STORAGE PERIOD DATA
 END PROCESSING STORAGE PERIOD DATA


 STRESS PERIOD 4 IS TRANSIENT


 OPENED local_run4.ghbaw_stress_period_data_3.txt
 FILE TYPE:OPEN/CLOSE   UNIT 1047   STATUS:OLD                 
 FORMAT:FORMATTED              ACCESS:SEQUENTIAL          
 ACTION:READ                


 OPENED local_run4.ghb_conf_stress_period_data_3.txt
 FILE TYPE:OPEN/CLOSE   UNIT 1048   STATUS:OLD                 
 FORMAT:FORMATTED              ACCESS:SEQUENTIAL          
 ACTION:READ                


 OPENED local_run4.ghb_pw_stress_period_data_3.txt
 FILE TYPE:OPEN/CLOSE   UNIT 1049   STATUS:OLD                 
 FORMAT:FORMATTED              ACCESS:SEQUENTIAL          
 ACTION:READ                


 OPENED local_run4.ghbspr_stress_period_data_3.txt
 FILE TYPE:OPEN/CLOSE   UNIT 1050   STATUS:OLD                 
 FORMAT:FORMATTED              ACCESS:SEQUENTIAL          
 ACTION:READ                


 OPENED local_run4.rcha_recharge_3.txt
 FILE TYPE:OPEN/CLOSE   UNIT 1051   STATUS:OLD                 
 FORMAT:FORMATTED              ACCESS:SEQUENTIAL          
 ACTION:READ                


                 RECHARGE

               1          2          3          4          5          6          7          8          9         10         11
              12         13         14         15         16         17         18         19         20         21         22
              23         24         25         26         27         28         29         30         31         32         33
              34         35         36         37         38         39         40         41         42         43         44
              45         46         47         48         49         50         51         52         53         54         55
              56         57
 .............................................................................................................................
   1    0.00       0.00       0.00       0.00       0.00       0.00       0.00       0.00       0.00       0.00       0.00    
        0.00       0.00       0.00       0.00       0.00       0.00       0.00       0.00       0.00       0.00       0.00    
        0.00       0.00       0.00       0.00       0.00       0.00       0.00       0.00       0.00       0.00       0.00    
        0.00       0.00       0.00       0.00       0.00       0.00       0.00       0.00       0.00       0.00       0.00    
        0.00       0.00       0.00       0.00       0.00       0.00       0.00       0.00       0.00       0.00       0.00    
        0.00       0.00    
   2    0.00       0.00       0.00       0.00       0.00       0.00       0.00       0.00       0.00       0.00       0.00    
        0.00       0.00       0.00       0.00       0.00       0.00       0.00       0.00       0.00       0.00       0.00    
        0.00       0.00       0.00       0.00       0.00      3.134E-03  3.134E-03  3.134E-03  3.134E-03  3.134E-03  3.134E-03
       3.134E-03  3.134E-03  3.134E-03  3.134E-03  3.134E-03  3.134E-03  3.134E-03  3.134E-03  3.134E-03  3.134E-03   0.00    
        0.00       0.00       0.00       0.00       0.00       0.00       0.00       0.00       0.00       0.00       0.00    
        0.00       0.00    
   3    0.00       0.00       0.00       0.00       0.00       0.00       0.00       0.00       0.00       0.00       0.00    
        0.00       0.00       0.00       0.00       0.00       0.00       0.00       0.00       0.00       0.00       0.00    
        0.00       0.00      3.134E-03  3.134E-03  3.134E-03  3.134E-03  3.134E-03  3.134E-03  3.134E-03  3.134E-03  3.134E-03
       3.134E-03  3.134E-03  3.134E-03  3.134E-03  3.134E-03  3.134E-03  3.134E-03  3.134E-03  3.134E-03  3.134E-03  3.134E-03
       3.134E-03  3.134E-03  3.134E-03  3.134E-03   0.00       0.00       0.00       0.00       0.00       0.00       0.00    
        0.00       0.00    
   4    0.00       0.00       0.00       0.00       0.00       0.00       0.00       0.00       0.00       0.00       0.00    
        0.00       0.00       0.00       0.00       0.00       0.00       0.00       0.00       0.00       0.00      3.134E-03
       3.134E-03  3.134E-03  3.134E-03  3.134E-03  3.134E-03  3.134E-03  3.134E-03  3.134E-03  3.134E-03  3.134E-03  3.134E-03
       3.134E-03  3.134E-03  3.134E-03  3.134E-03  3.134E-03  3.134E-03  3.134E-03  3.134E-03  3.134E-03  3.134E-03  3.134E-03
       3.134E-03  3.134E-03  3.134E-03  3.134E-03  3.134E-03   0.00       0.00       0.00       0.00       0.00       0.00    
        0.00       0.00    
   5    0.00       0.00       0.00       0.00       0.00       0.00       0.00       0.00       0.00       0.00       0.00    
        0.00       0.00       0.00       0.00       0.00       0.00       0.00      3.134E-03  3.134E-03  3.134E-03  3.134E-03
       3.134E-03  3.134E-03  3.134E-03  3.134E-03  3.134E-03  3.134E-03  3.134E-03  3.134E-03  3.134E-03  3.134E-03  3.134E-03
       3.134E-03  3.134E-03  3.134E-03  3.134E-03  3.134E-03  3.134E-03  3.134E-03  3.134E-03  3.134E-03  3.134E-03  3.134E-03
       3.134E-03  3.134E-03  3.134E-03  3.134E-03  3.134E-03  3.134E-03   0.00       0.00       0.00       0.00       0.00    
        0.00       0.00    
   6    0.00       0.00       0.00       0.00       0.00       0.00       0.00       0.00       0.00       0.00       0.00    
        0.00       0.00       0.00       0.00       0.00      3.134E-03  3.134E-03  3.134E-03  3.134E-03  3.134E-03  3.134E-03
       3.134E-03  3.134E-03  3.134E-03  3.134E-03  3.134E-03  3.134E-03  3.134E-03  3.134E-03  3.134E-03  3.134E-03  3.134E-03
       3.134E-03  3.134E-03  3.134E-03  3.134E-03  3.134E-03  3.134E-03  3.134E-03  3.134E-03  3.134E-03  3.134E-03  3.134E-03
       3.134E-03  3.134E-03  3.134E-03  3.134E-03  3.134E-03  3.134E-03  3.134E-03  3.134E-03   0.00       0.00       0.00    
        0.00       0.00    
   7    0.00       0.00       0.00       0.00       0.00       0.00       0.00       0.00       0.00       0.00       0.00    
        0.00       0.00       0.00       0.00      3.134E-03  3.134E-03  3.134E-03  3.134E-03  3.134E-03  3.134E-03  3.134E-03
       3.134E-03  3.134E-03  3.134E-03  3.134E-03  3.134E-03  3.134E-03  3.134E-03  3.134E-03  3.134E-03  3.134E-03  3.134E-03
       3.134E-03  3.134E-03  3.134E-03  3.134E-03  3.134E-03  3.134E-03  3.134E-03  3.134E-03  3.134E-03  3.134E-03  3.134E-03
       3.134E-03  3.134E-03  3.134E-03  3.134E-03  3.134E-03  3.134E-03  3.134E-03  3.134E-03  3.134E-03   0.00       0.00    
        0.00       0.00    
   8    0.00       0.00       0.00       0.00       0.00       0.00       0.00       0.00       0.00       0.00       0.00    
        0.00       0.00       0.00      3.134E-03  3.134E-03  3.134E-03  3.134E-03  3.134E-03  3.134E-03  3.134E-03  3.134E-03
       3.134E-03  3.134E-03  3.134E-03  3.134E-03  3.134E-03  3.134E-03  3.134E-03  3.134E-03  3.134E-03  3.134E-03  3.134E-03
       3.134E-03  3.134E-03  3.134E-03  3.134E-03  3.134E-03  3.134E-03  3.134E-03  3.134E-03  3.134E-03  3.134E-03  3.134E-03
       3.134E-03  3.134E-03  3.134E-03  3.134E-03  3.134E-03  3.134E-03  3.134E-03  3.134E-03  3.134E-03  3.134E-03   0.00    
        0.00       0.00    
   9    0.00       0.00       0.00       0.00       0.00       0.00       0.00       0.00       0.00       0.00       0.00    
        0.00       0.00      3.134E-03  3.134E-03  3.134E-03  3.134E-03  3.134E-03  3.134E-03  3.134E-03  3.134E-03  3.134E-03
       3.134E-03  3.134E-03  3.134E-03  3.134E-03  3.134E-03  3.134E-03  3.134E-03  3.134E-03  3.134E-03  3.134E-03  3.134E-03
       3.134E-03  3.134E-03  3.134E-03  3.134E-03  3.134E-03  3.134E-03  3.134E-03  3.134E-03  3.134E-03  3.134E-03  3.134E-03
       3.134E-03  3.134E-03  3.134E-03  3.134E-03  3.134E-03  3.134E-03  3.134E-03  3.134E-03  3.134E-03  3.134E-03  3.134E-03
        0.00       0.00    
  10    0.00       0.00       0.00       0.00       0.00       0.00       0.00       0.00       0.00       0.00       0.00    
        0.00      3.134E-03  3.134E-03  3.134E-03  3.134E-03  3.134E-03  3.134E-03  3.134E-03  3.134E-03  3.134E-03  3.134E-03
       3.134E-03  3.134E-03  3.134E-03  3.134E-03  3.134E-03  3.134E-03  3.134E-03  3.134E-03  3.134E-03  3.134E-03  3.134E-03
       3.134E-03  3.134E-03  3.134E-03  3.134E-03  3.134E-03  3.134E-03  3.134E-03  3.134E-03  3.134E-03  3.134E-03  3.134E-03
       3.134E-03  3.134E-03  3.134E-03  3.134E-03  3.134E-03  3.134E-03  3.134E-03  3.134E-03  3.134E-03  3.134E-03  3.134E-03
        0.00       0.00    
  11    0.00       0.00       0.00       0.00       0.00       0.00       0.00       0.00       0.00       0.00       0.00    
       3.134E-03  3.134E-03  3.134E-03  3.134E-03  3.134E-03  3.134E-03  3.134E-03  3.134E-03  3.134E-03  3.134E-03  3.134E-03
       3.134E-03  3.134E-03  3.134E-03  3.134E-03  3.134E-03  3.134E-03  3.134E-03  3.134E-03  3.134E-03  3.134E-03  3.134E-03
       3.134E-03  3.134E-03  3.134E-03  3.134E-03  3.134E-03  3.134E-03  3.134E-03  3.134E-03  3.134E-03  3.134E-03  3.134E-03
       3.134E-03  3.134E-03  3.134E-03  3.134E-03  3.134E-03  3.134E-03  3.134E-03  3.134E-03  3.134E-03  3.134E-03  3.134E-03
       3.134E-03   0.00    
  12    0.00       0.00       0.00       0.00       0.00       0.00       0.00       0.00       0.00       0.00      3.134E-03
       3.134E-03  3.134E-03  3.134E-03  3.134E-03  3.134E-03  3.134E-03  3.134E-03  3.134E-03  3.134E-03  3.134E-03  3.134E-03
       3.134E-03  3.134E-03  3.134E-03  3.134E-03  3.134E-03  3.134E-03  3.134E-03  3.134E-03  3.134E-03  3.134E-03  3.134E-03
       3.134E-03  3.134E-03  3.134E-03  3.134E-03  3.134E-03  3.134E-03  3.134E-03  3.134E-03  3.134E-03  3.134E-03  3.134E-03
       3.134E-03  3.134E-03  3.134E-03  3.134E-03  3.134E-03  3.134E-03  3.134E-03  3.134E-03  3.134E-03  3.134E-03  3.134E-03
       3.134E-03   0.00    
  13    0.00       0.00       0.00       0.00       0.00       0.00       0.00       0.00       0.00      3.134E-03  3.134E-03
       3.134E-03  3.134E-03  3.134E-03  3.134E-03  3.134E-03  3.134E-03  3.134E-03  3.134E-03  3.134E-03  3.134E-03  3.134E-03
       3.134E-03  3.134E-03  3.134E-03  3.134E-03  3.134E-03  3.134E-03  3.134E-03  3.134E-03  3.134E-03  3.134E-03  3.134E-03
       3.134E-03  3.134E-03  3.134E-03  3.134E-03  3.134E-03  3.134E-03  3.134E-03  3.134E-03  3.134E-03  3.134E-03  3.134E-03
       3.134E-03  3.134E-03  3.134E-03  3.134E-03  3.134E-03  3.134E-03  3.134E-03  3.134E-03  3.134E-03  3.134E-03  3.134E-03
       3.134E-03   0.00    
  14    0.00       0.00       0.00       0.00       0.00       0.00       0.00       0.00      3.134E-03  3.134E-03  3.134E-03
       3.134E-03  3.134E-03  3.134E-03  3.134E-03  3.134E-03  3.134E-03  3.134E-03  3.134E-03  3.134E-03  3.134E-03  3.134E-03
       3.134E-03  3.134E-03  3.134E-03  3.134E-03  3.134E-03  3.134E-03  3.134E-03  3.134E-03  3.134E-03  3.134E-03  3.134E-03
       3.134E-03  3.134E-03  3.134E-03  3.134E-03  3.134E-03  3.134E-03  3.134E-03  3.134E-03  3.134E-03  3.134E-03  3.134E-03
       3.134E-03  3.134E-03  3.134E-03  3.134E-03  3.134E-03  3.134E-03  3.134E-03  3.134E-03  3.134E-03  3.134E-03  3.134E-03
       3.134E-03   0.00    
  15    0.00       0.00       0.00       0.00       0.00       0.00       0.00      3.134E-03  3.134E-03  3.134E-03  3.134E-03
       3.134E-03  3.134E-03  3.134E-03  3.134E-03  3.134E-03  3.134E-03  3.134E-03  3.134E-03  3.134E-03  3.134E-03  3.134E-03
       3.134E-03  3.134E-03  3.134E-03  3.134E-03  3.134E-03  3.134E-03  3.134E-03  3.134E-03  3.134E-03  3.134E-03  3.134E-03
       3.134E-03  3.134E-03  3.134E-03  3.134E-03  3.134E-03  3.134E-03  3.134E-03  3.134E-03  3.134E-03  3.134E-03  3.134E-03
       3.134E-03  3.134E-03  3.134E-03  3.134E-03  3.134E-03  3.134E-03  3.134E-03  3.134E-03  3.134E-03  3.134E-03  3.134E-03
       3.134E-03   0.00    
  16    0.00       0.00       0.00       0.00       0.00       0.00      3.134E-03  3.134E-03  3.134E-03  3.134E-03  3.134E-03
       3.134E-03  3.134E-03  3.134E-03  3.134E-03  3.134E-03  3.134E-03  3.134E-03  3.134E-03  3.134E-03  3.134E-03  3.134E-03
       3.134E-03  3.134E-03  3.134E-03  3.134E-03  3.134E-03  3.134E-03  3.134E-03  3.134E-03  3.134E-03  3.134E-03  3.134E-03
       3.134E-03  3.134E-03  3.134E-03  3.134E-03  3.134E-03  3.134E-03  3.134E-03  3.134E-03  3.134E-03  3.134E-03  3.134E-03
       3.134E-03  3.134E-03  3.134E-03  3.134E-03  3.134E-03  3.134E-03  3.134E-03  3.134E-03  3.134E-03  3.134E-03  3.134E-03
       3.134E-03   0.00    
  17    0.00       0.00       0.00       0.00       0.00      3.134E-03  3.134E-03  3.134E-03  3.134E-03  3.134E-03  3.134E-03
       3.134E-03  3.134E-03  3.134E-03  3.134E-03  3.134E-03  3.134E-03  3.134E-03  3.134E-03  3.134E-03  3.134E-03  3.134E-03
       3.134E-03  3.134E-03  3.134E-03  3.134E-03  3.134E-03  3.134E-03  3.134E-03  3.134E-03  3.134E-03  3.134E-03  3.134E-03
       3.134E-03  3.134E-03  3.134E-03  3.134E-03  3.134E-03  3.134E-03  3.134E-03  3.134E-03  3.134E-03  3.134E-03  3.134E-03
       3.134E-03  3.134E-03  3.134E-03  3.134E-03  3.134E-03  3.134E-03  3.134E-03  3.134E-03  3.134E-03  3.134E-03  3.134E-03
       3.134E-03   0.00    
  18    0.00       0.00       0.00       0.00       0.00      3.134E-03  3.134E-03  3.134E-03  3.134E-03  3.134E-03  3.134E-03
       3.134E-03  3.134E-03  3.134E-03  3.134E-03  3.134E-03  3.134E-03  3.134E-03  3.134E-03  3.134E-03  3.134E-03  3.134E-03
       3.134E-03  3.134E-03  3.134E-03  3.134E-03  3.134E-03  3.134E-03  3.134E-03  3.134E-03  3.134E-03  3.134E-03  3.134E-03
       3.134E-03  3.134E-03  3.134E-03  3.134E-03  3.134E-03  3.134E-03  3.134E-03  3.134E-03  3.134E-03  3.134E-03  3.134E-03
       3.134E-03  3.134E-03  3.134E-03  3.134E-03  3.134E-03  3.134E-03  3.134E-03  3.134E-03  3.134E-03  3.134E-03  3.134E-03
       3.134E-03   0.00    
  19    0.00       0.00       0.00       0.00      3.134E-03  3.134E-03  3.134E-03  3.134E-03  3.134E-03  3.134E-03  3.134E-03
       3.134E-03  3.134E-03  3.134E-03  3.134E-03  3.134E-03  3.134E-03  3.134E-03  3.134E-03  3.134E-03  3.134E-03  3.134E-03
       3.134E-03  3.134E-03  3.134E-03  3.134E-03  3.134E-03  3.134E-03  3.134E-03  3.134E-03  3.134E-03  3.134E-03  3.134E-03
       3.134E-03  3.134E-03  3.134E-03  3.134E-03  3.134E-03  3.134E-03  3.134E-03  3.134E-03  3.134E-03  3.134E-03  3.134E-03
       3.134E-03  3.134E-03  3.134E-03  3.134E-03  3.134E-03  3.134E-03  3.134E-03  3.134E-03  3.134E-03  3.134E-03  3.134E-03
       3.134E-03   0.00    
  20    0.00       0.00       0.00       0.00      3.134E-03  3.134E-03  3.134E-03  3.134E-03  3.134E-03  3.134E-03  3.134E-03
       3.134E-03  3.134E-03  3.134E-03  3.134E-03  3.134E-03  3.134E-03  3.134E-03  3.134E-03  3.134E-03  3.134E-03  3.134E-03
       3.134E-03  3.134E-03  3.134E-03  3.134E-03  3.134E-03  3.134E-03  3.134E-03  3.134E-03  3.134E-03  3.134E-03  3.134E-03
       3.134E-03  3.134E-03  3.134E-03  3.134E-03  3.134E-03  3.134E-03  3.134E-03  3.134E-03  3.134E-03  3.134E-03  3.134E-03
       3.134E-03  3.134E-03  3.134E-03  3.134E-03  3.134E-03  3.134E-03  3.134E-03  3.134E-03  3.134E-03  3.134E-03  3.134E-03
       3.134E-03   0.00    
  21    0.00       0.00       0.00      3.134E-03  3.134E-03  3.134E-03  3.134E-03  3.134E-03  3.134E-03  3.134E-03  3.134E-03
       3.134E-03  3.134E-03  3.134E-03  3.134E-03  3.134E-03  3.134E-03  3.134E-03  3.134E-03  3.134E-03  3.134E-03  3.134E-03
       3.134E-03  3.134E-03  3.134E-03  3.134E-03  3.134E-03  3.134E-03  3.134E-03  3.134E-03  3.134E-03  3.134E-03  3.134E-03
       3.134E-03  3.134E-03  3.134E-03  3.134E-03  3.134E-03  3.134E-03  3.134E-03  3.134E-03  3.134E-03  3.134E-03  3.134E-03
       3.134E-03  3.134E-03  3.134E-03  3.134E-03  3.134E-03  3.134E-03  3.134E-03  3.134E-03  3.134E-03  3.134E-03  3.134E-03
       3.134E-03   0.00    
  22    0.00       0.00       0.00      3.134E-03  3.134E-03  3.134E-03  3.134E-03  3.134E-03  3.134E-03  3.134E-03  3.134E-03
       3.134E-03  3.134E-03  3.134E-03  3.134E-03  3.134E-03  3.134E-03  3.134E-03  3.134E-03  3.134E-03  3.134E-03  3.134E-03
       3.134E-03  3.134E-03  3.134E-03  3.134E-03  3.134E-03  3.134E-03  3.134E-03  3.134E-03  3.134E-03  3.134E-03  3.134E-03
       3.134E-03  3.134E-03  3.134E-03  3.134E-03  3.134E-03  3.134E-03  3.134E-03  3.134E-03  3.134E-03  3.134E-03  3.134E-03
       3.134E-03  3.134E-03  3.134E-03  3.134E-03  3.134E-03  3.134E-03  3.134E-03  3.134E-03  3.134E-03  3.134E-03  3.134E-03
       3.134E-03   0.00    
  23    0.00       0.00       0.00      3.134E-03  3.134E-03  3.134E-03  3.134E-03  3.134E-03  3.134E-03  3.134E-03  3.134E-03
       3.134E-03  3.134E-03  3.134E-03  3.134E-03  3.134E-03  3.134E-03  3.134E-03  3.134E-03  3.134E-03  3.134E-03  3.134E-03
       3.134E-03  3.134E-03  3.134E-03  3.134E-03  3.134E-03  3.134E-03  3.134E-03  3.134E-03  3.134E-03  3.134E-03  3.134E-03
       3.134E-03  3.134E-03  3.134E-03  3.134E-03  3.134E-03  3.134E-03  3.134E-03  3.134E-03   0.00       0.00       0.00    
        0.00       0.00       0.00      3.134E-03  3.134E-03  3.134E-03  3.134E-03  3.134E-03  3.134E-03  3.134E-03  3.134E-03
       3.134E-03   0.00    
  24    0.00       0.00      3.134E-03  3.134E-03  3.134E-03  3.134E-03  3.134E-03  3.134E-03  3.134E-03  3.134E-03  3.134E-03
       3.134E-03  3.134E-03  3.134E-03  3.134E-03  3.134E-03  3.134E-03  3.134E-03  3.134E-03  3.134E-03  3.134E-03  3.134E-03
       3.134E-03  3.134E-03  3.134E-03  3.134E-03  3.134E-03  3.134E-03  3.134E-03  3.134E-03  3.134E-03  3.134E-03  3.134E-03
       3.134E-03  3.134E-03  3.134E-03  3.134E-03  3.134E-03  3.134E-03  3.134E-03  3.134E-03   0.00       0.00       0.00    
        0.00       0.00       0.00       0.00       0.00       0.00      3.134E-03  3.134E-03  3.134E-03  3.134E-03  3.134E-03
       3.134E-03   0.00    
  25    0.00       0.00      3.134E-03  3.134E-03  3.134E-03  3.134E-03  3.134E-03  3.134E-03  3.134E-03  3.134E-03  3.134E-03
       3.134E-03  3.134E-03  3.134E-03  3.134E-03  3.134E-03  3.134E-03  3.134E-03  3.134E-03  3.134E-03  3.134E-03  3.134E-03
       3.134E-03  3.134E-03  3.134E-03  3.134E-03  3.134E-03  3.134E-03  3.134E-03  3.134E-03  3.134E-03  3.134E-03  3.134E-03
       3.134E-03  3.134E-03  3.134E-03  3.134E-03  3.134E-03  3.134E-03  3.134E-03   0.00       0.00       0.00       0.00    
        0.00       0.00       0.00       0.00       0.00       0.00       0.00       0.00       0.00      3.134E-03  3.134E-03
        0.00       0.00    
  26    0.00      3.134E-03  3.134E-03  3.134E-03  3.134E-03  3.134E-03  3.134E-03  3.134E-03  3.134E-03  3.134E-03  3.134E-03
       3.134E-03  3.134E-03  3.134E-03  3.134E-03  3.134E-03  3.134E-03  3.134E-03  3.134E-03  3.134E-03  3.134E-03  3.134E-03
       3.134E-03  3.134E-03  3.134E-03  3.134E-03  3.134E-03  3.134E-03  3.134E-03  3.134E-03  3.134E-03  3.134E-03  3.134E-03
       3.134E-03  3.134E-03  3.134E-03  3.134E-03  3.134E-03  3.134E-03  3.134E-03   0.00       0.00       0.00       0.00    
        0.00       0.00       0.00       0.00       0.00       0.00       0.00       0.00       0.00       0.00       0.00    
        0.00       0.00    
  27    0.00      3.134E-03  3.134E-03  3.134E-03  3.134E-03  3.134E-03  3.134E-03  3.134E-03  3.134E-03  3.134E-03  3.134E-03
       3.134E-03  3.134E-03  3.134E-03  3.134E-03  3.134E-03  3.134E-03  3.134E-03  3.134E-03  3.134E-03  3.134E-03  3.134E-03
       3.134E-03  3.134E-03  3.134E-03  3.134E-03  3.134E-03  3.134E-03  3.134E-03  3.134E-03  3.134E-03  3.134E-03  3.134E-03
       3.134E-03  3.134E-03  3.134E-03  3.134E-03  3.134E-03  3.134E-03   0.00       0.00       0.00       0.00       0.00    
        0.00       0.00       0.00       0.00       0.00       0.00       0.00       0.00       0.00       0.00       0.00    
        0.00       0.00    
  28   3.134E-03  3.134E-03  3.134E-03  3.134E-03  3.134E-03  3.134E-03  3.134E-03  3.134E-03  3.134E-03  3.134E-03  3.134E-03
       3.134E-03  3.134E-03  3.134E-03  3.134E-03  3.134E-03  3.134E-03  3.134E-03  3.134E-03  3.134E-03  3.134E-03  3.134E-03
       3.134E-03  3.134E-03  3.134E-03  3.134E-03  3.134E-03  3.134E-03  3.134E-03  3.134E-03  3.134E-03  3.134E-03  3.134E-03
       3.134E-03  3.134E-03  3.134E-03  3.134E-03  3.134E-03  3.134E-03   0.00       0.00       0.00       0.00       0.00    
        0.00       0.00       0.00       0.00       0.00       0.00       0.00       0.00       0.00       0.00       0.00    
        0.00       0.00    
  29   3.134E-03  3.134E-03  3.134E-03  3.134E-03  3.134E-03  3.134E-03  3.134E-03  3.134E-03  3.134E-03  3.134E-03  3.134E-03
       3.134E-03  3.134E-03  3.134E-03  3.134E-03  3.134E-03  3.134E-03  3.134E-03  3.134E-03  3.134E-03  3.134E-03  3.134E-03
       3.134E-03  3.134E-03  3.134E-03  3.134E-03  3.134E-03  3.134E-03  3.134E-03  3.134E-03  3.134E-03  3.134E-03  3.134E-03
       3.134E-03  3.134E-03  3.134E-03  3.134E-03  3.134E-03  3.134E-03   0.00       0.00       0.00       0.00       0.00    
        0.00       0.00       0.00       0.00       0.00       0.00       0.00       0.00       0.00       0.00       0.00    
        0.00       0.00    
  30   3.134E-03  3.134E-03  3.134E-03  3.134E-03  3.134E-03  3.134E-03  3.134E-03  3.134E-03  3.134E-03  3.134E-03  3.134E-03
       3.134E-03  3.134E-03  3.134E-03  3.134E-03  3.134E-03  3.134E-03  3.134E-03  3.134E-03  3.134E-03  3.134E-03  3.134E-03
       3.134E-03  3.134E-03  3.134E-03  3.134E-03  3.134E-03  3.134E-03  3.134E-03  3.134E-03  3.134E-03  3.134E-03  3.134E-03
       3.134E-03  3.134E-03  3.134E-03  3.134E-03  3.134E-03   0.00       0.00       0.00       0.00       0.00       0.00    
        0.00       0.00       0.00       0.00       0.00       0.00       0.00       0.00       0.00       0.00       0.00    
        0.00       0.00    
  31   3.134E-03  3.134E-03  3.134E-03  3.134E-03  3.134E-03  3.134E-03  3.134E-03  3.134E-03  3.134E-03  3.134E-03  3.134E-03
       3.134E-03  3.134E-03  3.134E-03  3.134E-03  3.134E-03  3.134E-03  3.134E-03  3.134E-03  3.134E-03  3.134E-03  3.134E-03
       3.134E-03  3.134E-03  3.134E-03  3.134E-03  3.134E-03  3.134E-03  3.134E-03  3.134E-03  3.134E-03  3.134E-03  3.134E-03
       3.134E-03  3.134E-03  3.134E-03  3.134E-03  3.134E-03   0.00       0.00       0.00       0.00       0.00       0.00    
        0.00       0.00       0.00       0.00       0.00       0.00       0.00       0.00       0.00       0.00       0.00    
        0.00       0.00    
  32   3.134E-03  3.134E-03  3.134E-03  3.134E-03  3.134E-03  3.134E-03  3.134E-03  3.134E-03  3.134E-03  3.134E-03  3.134E-03
       3.134E-03  3.134E-03  3.134E-03  3.134E-03  3.134E-03  3.134E-03  3.134E-03  3.134E-03  3.134E-03  3.134E-03  3.134E-03
       3.134E-03  3.134E-03  3.134E-03  3.134E-03  3.134E-03  3.134E-03  3.134E-03  3.134E-03  3.134E-03  3.134E-03  3.134E-03
       3.134E-03  3.134E-03  3.134E-03  3.134E-03  3.134E-03   0.00       0.00       0.00       0.00       0.00       0.00    
        0.00       0.00       0.00       0.00       0.00       0.00       0.00       0.00       0.00       0.00       0.00    
        0.00       0.00    
  33   3.134E-03  3.134E-03  3.134E-03  3.134E-03  3.134E-03  3.134E-03  3.134E-03  3.134E-03  3.134E-03  3.134E-03  3.134E-03
       3.134E-03  3.134E-03  3.134E-03  3.134E-03  3.134E-03  3.134E-03  3.134E-03  3.134E-03  3.134E-03  3.134E-03  3.134E-03
       3.134E-03  3.134E-03  3.134E-03  3.134E-03  3.134E-03  3.134E-03  3.134E-03  3.134E-03  3.134E-03  3.134E-03  3.134E-03
       3.134E-03  3.134E-03  3.134E-03  3.134E-03   0.00       0.00       0.00       0.00       0.00       0.00       0.00    
        0.00       0.00       0.00       0.00       0.00       0.00       0.00       0.00       0.00       0.00       0.00    
        0.00       0.00    
  34   3.134E-03  3.134E-03  3.134E-03  3.134E-03  3.134E-03  3.134E-03  3.134E-03  3.134E-03  3.134E-03  3.134E-03  3.134E-03
       3.134E-03  3.134E-03  3.134E-03  3.134E-03  3.134E-03  3.134E-03  3.134E-03  3.134E-03  3.134E-03  3.134E-03  3.134E-03
       3.134E-03  3.134E-03  3.134E-03  3.134E-03  3.134E-03  3.134E-03  3.134E-03  3.134E-03  3.134E-03  3.134E-03  3.134E-03
       3.134E-03  3.134E-03  3.134E-03  3.134E-03   0.00       0.00       0.00       0.00       0.00       0.00       0.00    
        0.00       0.00       0.00       0.00       0.00       0.00       0.00       0.00       0.00       0.00       0.00    
        0.00       0.00    
  35   3.134E-03  3.134E-03  3.134E-03  3.134E-03  3.134E-03  3.134E-03  3.134E-03  3.134E-03  3.134E-03  3.134E-03  3.134E-03
       3.134E-03  3.134E-03  3.134E-03  3.134E-03  3.134E-03  3.134E-03  3.134E-03  3.134E-03  3.134E-03  3.134E-03  3.134E-03
       3.134E-03  3.134E-03  3.134E-03  3.134E-03  3.134E-03  3.134E-03  3.134E-03  3.134E-03  3.134E-03  3.134E-03  3.134E-03
       3.134E-03  3.134E-03  3.134E-03  3.134E-03  3.134E-03   0.00       0.00       0.00       0.00       0.00       0.00    
        0.00       0.00       0.00       0.00       0.00       0.00       0.00       0.00       0.00       0.00       0.00    
        0.00       0.00    
  36   3.134E-03  3.134E-03  3.134E-03  3.134E-03  3.134E-03  3.134E-03  3.134E-03  3.134E-03  3.134E-03  3.134E-03  3.134E-03
       3.134E-03  3.134E-03  3.134E-03  3.134E-03  3.134E-03  3.134E-03  3.134E-03  3.134E-03  3.134E-03  3.134E-03  3.134E-03
       3.134E-03  3.134E-03  3.134E-03  3.134E-03  3.134E-03  3.134E-03  3.134E-03  3.134E-03  3.134E-03  3.134E-03  3.134E-03
       3.134E-03  3.134E-03  3.134E-03  3.134E-03  3.134E-03   0.00       0.00       0.00       0.00       0.00       0.00    
        0.00       0.00       0.00       0.00       0.00       0.00       0.00       0.00       0.00       0.00       0.00    
        0.00       0.00    
  37   3.134E-03  3.134E-03  3.134E-03  3.134E-03  3.134E-03  3.134E-03  3.134E-03  3.134E-03  3.134E-03  3.134E-03  3.134E-03
       3.134E-03  3.134E-03  3.134E-03  3.134E-03  3.134E-03  3.134E-03  3.134E-03  3.134E-03  3.134E-03  3.134E-03  3.134E-03
       3.134E-03  3.134E-03  3.134E-03  3.134E-03  3.134E-03  3.134E-03  3.134E-03  3.134E-03  3.134E-03  3.134E-03  3.134E-03
       3.134E-03  3.134E-03  3.134E-03  3.134E-03  3.134E-03   0.00       0.00       0.00       0.00       0.00       0.00    
        0.00       0.00       0.00       0.00       0.00       0.00       0.00       0.00       0.00       0.00       0.00    
        0.00       0.00    
  38   3.134E-03  3.134E-03  3.134E-03  3.134E-03  3.134E-03  3.134E-03  3.134E-03  3.134E-03  3.134E-03  3.134E-03  3.134E-03
       3.134E-03  3.134E-03  3.134E-03  3.134E-03  3.134E-03  3.134E-03  3.134E-03  3.134E-03  3.134E-03  3.134E-03  3.134E-03
       3.134E-03  3.134E-03  3.134E-03  3.134E-03  3.134E-03  3.134E-03  3.134E-03  3.134E-03  3.134E-03  3.134E-03  3.134E-03
       3.134E-03  3.134E-03  3.134E-03  3.134E-03  3.134E-03   0.00       0.00       0.00       0.00       0.00       0.00    
        0.00       0.00       0.00       0.00       0.00       0.00       0.00       0.00       0.00       0.00       0.00    
        0.00       0.00    
  39   3.134E-03  3.134E-03  3.134E-03  3.134E-03  3.134E-03  3.134E-03  3.134E-03  3.134E-03  3.134E-03  3.134E-03  3.134E-03
       3.134E-03  3.134E-03  3.134E-03  3.134E-03  3.134E-03  3.134E-03  3.134E-03  3.134E-03  3.134E-03  3.134E-03  3.134E-03
       3.134E-03  3.134E-03  3.134E-03  3.134E-03  3.134E-03  3.134E-03  3.134E-03  3.134E-03  3.134E-03  3.134E-03  3.134E-03
       3.134E-03  3.134E-03  3.134E-03  3.134E-03  3.134E-03   0.00       0.00       0.00       0.00       0.00       0.00    
        0.00       0.00       0.00       0.00       0.00       0.00       0.00       0.00       0.00       0.00       0.00    
        0.00       0.00    
  40    0.00      3.134E-03  3.134E-03  3.134E-03  3.134E-03  3.134E-03  3.134E-03  3.134E-03  3.134E-03  3.134E-03  3.134E-03
       3.134E-03  3.134E-03  3.134E-03  3.134E-03  3.134E-03  3.134E-03  3.134E-03  3.134E-03  3.134E-03  3.134E-03  3.134E-03
       3.134E-03  3.134E-03  3.134E-03  3.134E-03  3.134E-03  3.134E-03  3.134E-03  3.134E-03  3.134E-03  3.134E-03  3.134E-03
       3.134E-03  3.134E-03  3.134E-03  3.134E-03  3.134E-03  3.134E-03   0.00       0.00       0.00       0.00       0.00    
        0.00       0.00       0.00       0.00       0.00       0.00       0.00       0.00       0.00       0.00       0.00    
        0.00       0.00    
  41    0.00      3.134E-03  3.134E-03  3.134E-03  3.134E-03  3.134E-03  3.134E-03  3.134E-03  3.134E-03  3.134E-03  3.134E-03
       3.134E-03  3.134E-03  3.134E-03  3.134E-03  3.134E-03  3.134E-03   0.00       0.00       0.00       0.00       0.00    
        0.00       0.00       0.00       0.00       0.00       0.00      3.134E-03  3.134E-03  3.134E-03  3.134E-03  3.134E-03
       3.134E-03  3.134E-03  3.134E-03  3.134E-03  3.134E-03  3.134E-03   0.00       0.00       0.00       0.00       0.00    
        0.00       0.00       0.00       0.00       0.00       0.00       0.00       0.00       0.00       0.00       0.00    
        0.00       0.00    
  42    0.00       0.00      3.134E-03  3.134E-03  3.134E-03  3.134E-03  3.134E-03  3.134E-03  3.134E-03  3.134E-03  3.134E-03
       3.134E-03   0.00       0.00       0.00       0.00       0.00       0.00       0.00       0.00       0.00       0.00    
        0.00       0.00       0.00       0.00       0.00       0.00       0.00       0.00      3.134E-03  3.134E-03  3.134E-03
       3.134E-03  3.134E-03  3.134E-03  3.134E-03  3.134E-03  3.134E-03   0.00       0.00       0.00       0.00       0.00    
        0.00       0.00       0.00       0.00       0.00       0.00       0.00       0.00       0.00       0.00       0.00    
        0.00       0.00    
  43    0.00       0.00      3.134E-03  3.134E-03  3.134E-03  3.134E-03  3.134E-03  3.134E-03  3.134E-03  3.134E-03  3.134E-03
        0.00       0.00       0.00       0.00       0.00       0.00       0.00       0.00       0.00       0.00       0.00    
        0.00       0.00       0.00       0.00       0.00       0.00       0.00       0.00       0.00      3.134E-03  3.134E-03
       3.134E-03  3.134E-03  3.134E-03  3.134E-03  3.134E-03  3.134E-03   0.00       0.00       0.00       0.00       0.00    
        0.00       0.00       0.00       0.00       0.00       0.00       0.00       0.00       0.00       0.00       0.00    
        0.00       0.00    
  44    0.00       0.00       0.00      3.134E-03  3.134E-03  3.134E-03  3.134E-03  3.134E-03  3.134E-03   0.00       0.00    
        0.00       0.00       0.00       0.00       0.00       0.00       0.00       0.00       0.00       0.00       0.00    
        0.00       0.00       0.00       0.00       0.00       0.00       0.00       0.00       0.00       0.00      3.134E-03
       3.134E-03  3.134E-03  3.134E-03  3.134E-03  3.134E-03  3.134E-03   0.00       0.00       0.00       0.00       0.00    
        0.00       0.00       0.00       0.00       0.00       0.00       0.00       0.00       0.00       0.00       0.00    
        0.00       0.00    
  45    0.00       0.00       0.00      3.134E-03  3.134E-03  3.134E-03  3.134E-03  3.134E-03   0.00       0.00       0.00    
        0.00       0.00       0.00       0.00       0.00       0.00       0.00       0.00       0.00       0.00       0.00    
        0.00       0.00       0.00       0.00       0.00       0.00       0.00       0.00       0.00       0.00       0.00    
       3.134E-03  3.134E-03  3.134E-03  3.134E-03  3.134E-03  3.134E-03   0.00       0.00       0.00       0.00       0.00    
        0.00       0.00       0.00       0.00       0.00       0.00       0.00       0.00       0.00       0.00       0.00    
        0.00       0.00    
  46    0.00       0.00       0.00       0.00      3.134E-03  3.134E-03  3.134E-03   0.00       0.00       0.00       0.00    
        0.00       0.00       0.00       0.00       0.00       0.00       0.00       0.00       0.00       0.00       0.00    
        0.00       0.00       0.00       0.00       0.00       0.00       0.00       0.00       0.00       0.00       0.00    
        0.00      3.134E-03  3.134E-03  3.134E-03  3.134E-03  3.134E-03   0.00       0.00       0.00       0.00       0.00    
        0.00       0.00       0.00       0.00       0.00       0.00       0.00       0.00       0.00       0.00       0.00    
        0.00       0.00    
  47    0.00       0.00       0.00       0.00      3.134E-03   0.00       0.00       0.00       0.00       0.00       0.00    
        0.00       0.00       0.00       0.00       0.00       0.00       0.00       0.00       0.00       0.00       0.00    
        0.00       0.00       0.00       0.00       0.00       0.00       0.00       0.00       0.00       0.00       0.00    
        0.00       0.00      3.134E-03  3.134E-03   0.00       0.00       0.00       0.00       0.00       0.00       0.00    
        0.00       0.00       0.00       0.00       0.00       0.00       0.00       0.00       0.00       0.00       0.00    
        0.00       0.00    

 SLN_1 INNER ITERATION SUMMARY
 --------------------------------------------------------------------------------------------------------------------------------------
      TOTAL      OUTER      INNER                                                            MAXIMUM                                   
  ITERATION  ITERATION  ITERATION  MAXIMUM CHANGE      MAXIMUM CHANGE MODEL-(CELLID)        RESIDUAL    MAXIMUM RESIDUAL MODEL-(CELLID)
 --------------------------------------------------------------------------------------------------------------------------------------
          1          1          1     -0.54978450                     1_GWF-(1,47,5)      -153.91449                     1_GWF-(1,43,7)
          2          1          2     -0.87241569                     1_GWF-(1,38,6)      -135.10757                     1_GWF-(1,39,7)
          3          1          3     -0.33560306                    1_GWF-(1,39,20)      -110.54719                     1_GWF-(1,42,6)
          4          1          4     -0.47928422                    1_GWF-(1,19,12)       55.982061                     1_GWF-(1,5,22)
          5          1          5  6.39405420E-02                    1_GWF-(1,43,37)       57.394568                     1_GWF-(1,5,22)
          6          1          6     -0.46110136                    1_GWF-(1,43,37)      -26.540961                    1_GWF-(1,39,10)
          7          1          7     -0.14627240                     1_GWF-(1,3,35)      -17.254315                     1_GWF-(1,36,3)
          8          1          8 -7.74326197E-02                     1_GWF-(1,9,53)       12.541016                     1_GWF-(1,4,45)
          9          1          9 -5.46131329E-02                    1_GWF-(1,12,54)       9.4316576                     1_GWF-(1,4,45)
         10          1         10     -0.13819724                    1_GWF-(1,13,54)      -1.1823820                    1_GWF-(1,41,36)
         11          1         11  1.48030750E-02                    1_GWF-(1,44,37)       1.1841988                     1_GWF-(1,3,37)
         12          1         12 -3.30508550E-03                     1_GWF-(1,3,39)      0.87138392                     1_GWF-(1,3,37)
         13          1         13 -1.05145468E-02                     1_GWF-(1,3,40)     -0.15093292                     1_GWF-(1,5,22)
         14          1         14  5.82082531E-04                     1_GWF-(1,3,30)     -0.10556630                    1_GWF-(1,12,14)
         15          1         15  4.43875169E-03                     1_GWF-(1,7,50)     -0.49966808                    1_GWF-(1,15,11)
         16          1         16 -4.92809996E-03                    1_GWF-(1,43,37) -2.48501840E-02                     1_GWF-(1,6,19)
         17          2          1 -9.26444006E-06                    1_GWF-(1,23,55)  7.38599419E-03                    1_GWF-(1,22,51)
 --------------------------------------------------------------------------------------------------------------------------------------


 UBDSV1 SAVING           STO-SS ON UNIT   1030 AT TIME STEP      1, STRESS PERIOD      4
 UBDSV1 SAVING     FLOW-JA-FACE ON UNIT   1030 AT TIME STEP      1, STRESS PERIOD      4
 UBDSV06 SAVING       DATA-SPDIS IN MODEL LOCAL_RUN4       PACKAGE NPF             CONNECTED TO MODEL LOCAL_RUN4       PACKAGE NPF              ON UNIT   1030 AT TIME STEP      1, STRESS PERIOD      4
 UBDSV06 SAVING              GHB IN MODEL LOCAL_RUN4       PACKAGE LOCAL_RUN4      CONNECTED TO MODEL LOCAL_RUN4       PACKAGE GHB_AW           ON UNIT   1030 AT TIME STEP      1, STRESS PERIOD      4
 UBDSV06 SAVING              GHB IN MODEL LOCAL_RUN4       PACKAGE LOCAL_RUN4      CONNECTED TO MODEL LOCAL_RUN4       PACKAGE GHB_CONF         ON UNIT   1030 AT TIME STEP      1, STRESS PERIOD      4
 UBDSV06 SAVING              GHB IN MODEL LOCAL_RUN4       PACKAGE LOCAL_RUN4      CONNECTED TO MODEL LOCAL_RUN4       PACKAGE GHB_PW           ON UNIT   1030 AT TIME STEP      1, STRESS PERIOD      4
 UBDSV06 SAVING              GHB IN MODEL LOCAL_RUN4       PACKAGE LOCAL_RUN4      CONNECTED TO MODEL LOCAL_RUN4       PACKAGE GHB_SP           ON UNIT   1030 AT TIME STEP      1, STRESS PERIOD      4
 UBDSV06 SAVING             RCHA IN MODEL LOCAL_RUN4       PACKAGE LOCAL_RUN4      CONNECTED TO MODEL LOCAL_RUN4       PACKAGE RCH              ON UNIT   1030 AT TIME STEP      1, STRESS PERIOD      4

 HEAD WILL BE SAVED ON UNIT 1031 AT END OF TIME STEP    1, STRESS PERIOD    4

end timestep


start timestep kper="4" kstp="2" mode="normal"


 SLN_1 INNER ITERATION SUMMARY
 --------------------------------------------------------------------------------------------------------------------------------------
      TOTAL      OUTER      INNER                                                            MAXIMUM                                   
  ITERATION  ITERATION  ITERATION  MAXIMUM CHANGE      MAXIMUM CHANGE MODEL-(CELLID)        RESIDUAL    MAXIMUM RESIDUAL MODEL-(CELLID)
 --------------------------------------------------------------------------------------------------------------------------------------
          1          1          1      -2.7948500                    1_GWF-(1,47,37)      -839.83141                    1_GWF-(1,23,54)
          2          1          2      0.99266474                    1_GWF-(1,47,37)      -177.39210                    1_GWF-(1,41,36)
          3          1          3 -5.69543263E-02                    1_GWF-(1,45,36)      -179.39873                    1_GWF-(1,41,37)
          4          1          4      0.31278315                    1_GWF-(1,45,36)      -34.176256                    1_GWF-(1,43,37)
          5          1          5  3.40421139E-02                    1_GWF-(1,43,37)       16.905463                     1_GWF-(1,4,25)
          6          1          6 -6.91330369E-02                     1_GWF-(1,4,25)      -6.7398719                     1_GWF-(1,38,4)
          7          1          7  3.80060842E-02                     1_GWF-(1,4,26)       11.059993                     1_GWF-(1,5,22)
          8          1          8  5.68908836E-02                     1_GWF-(1,44,7)      -2.1950640                    1_GWF-(1,14,12)
          9          1          9 -3.89604213E-04                    1_GWF-(1,21,40)      -1.4061413                     1_GWF-(1,17,9)
         10          1         10 -1.85962112E-02                    1_GWF-(1,12,53)       1.9579104                    1_GWF-(1,41,36)
         11          1         11 -9.13286402E-04                    1_GWF-(1,11,55)       1.9501932                    1_GWF-(1,41,36)
         12          1         12  1.09045627E-02                     1_GWF-(1,8,51)     -0.59259814                    1_GWF-(1,15,11)
         13          1         13  1.06052041E-03                    1_GWF-(1,16,50)     -0.46414608                    1_GWF-(1,12,14)
         14          1         14 -2.98538081E-03                    1_GWF-(1,13,55) -6.85689320E-02                    1_GWF-(1,11,15)
         15          2          1  1.29455416E-04                    1_GWF-(1,12,12)  4.05923378E-02                     1_GWF-(1,8,50)
 --------------------------------------------------------------------------------------------------------------------------------------


 UBDSV1 SAVING           STO-SS ON UNIT   1030 AT TIME STEP      2, STRESS PERIOD      4
 UBDSV1 SAVING     FLOW-JA-FACE ON UNIT   1030 AT TIME STEP      2, STRESS PERIOD      4
 UBDSV06 SAVING       DATA-SPDIS IN MODEL LOCAL_RUN4       PACKAGE NPF             CONNECTED TO MODEL LOCAL_RUN4       PACKAGE NPF              ON UNIT   1030 AT TIME STEP      2, STRESS PERIOD      4
 UBDSV06 SAVING              GHB IN MODEL LOCAL_RUN4       PACKAGE LOCAL_RUN4      CONNECTED TO MODEL LOCAL_RUN4       PACKAGE GHB_AW           ON UNIT   1030 AT TIME STEP      2, STRESS PERIOD      4
 UBDSV06 SAVING              GHB IN MODEL LOCAL_RUN4       PACKAGE LOCAL_RUN4      CONNECTED TO MODEL LOCAL_RUN4       PACKAGE GHB_CONF         ON UNIT   1030 AT TIME STEP      2, STRESS PERIOD      4
 UBDSV06 SAVING              GHB IN MODEL LOCAL_RUN4       PACKAGE LOCAL_RUN4      CONNECTED TO MODEL LOCAL_RUN4       PACKAGE GHB_PW           ON UNIT   1030 AT TIME STEP      2, STRESS PERIOD      4
 UBDSV06 SAVING              GHB IN MODEL LOCAL_RUN4       PACKAGE LOCAL_RUN4      CONNECTED TO MODEL LOCAL_RUN4       PACKAGE GHB_SP           ON UNIT   1030 AT TIME STEP      2, STRESS PERIOD      4
 UBDSV06 SAVING             RCHA IN MODEL LOCAL_RUN4       PACKAGE LOCAL_RUN4      CONNECTED TO MODEL LOCAL_RUN4       PACKAGE RCH              ON UNIT   1030 AT TIME STEP      2, STRESS PERIOD      4

 HEAD WILL BE SAVED ON UNIT 1031 AT END OF TIME STEP    2, STRESS PERIOD    4

end timestep


start timestep kper="4" kstp="3" mode="normal"


 SLN_1 INNER ITERATION SUMMARY
 --------------------------------------------------------------------------------------------------------------------------------------
      TOTAL      OUTER      INNER                                                            MAXIMUM                                   
  ITERATION  ITERATION  ITERATION  MAXIMUM CHANGE      MAXIMUM CHANGE MODEL-(CELLID)        RESIDUAL    MAXIMUM RESIDUAL MODEL-(CELLID)
 --------------------------------------------------------------------------------------------------------------------------------------
          1          1          1      -2.6864851                    1_GWF-(1,47,37)      -826.70275                    1_GWF-(1,23,54)
          2          1          2       1.0322654                    1_GWF-(1,47,37)      -196.74432                    1_GWF-(1,41,36)
          3          1          3      0.63687390                    1_GWF-(1,44,37)       165.29682                    1_GWF-(1,39,36)
          4          1          4     -0.29638265                    1_GWF-(1,45,36)      -18.752160                    1_GWF-(1,23,54)
          5          1          5 -3.27517712E-03                     1_GWF-(1,6,17)       17.927166                     1_GWF-(1,5,22)
          6          1          6 -5.41366284E-02                    1_GWF-(1,46,39)       42.931648                     1_GWF-(1,7,19)
          7          1          7 -9.73665789E-02                     1_GWF-(1,6,20)     -0.80596135                     1_GWF-(1,29,4)
          8          1          8  4.13878223E-03                    1_GWF-(1,45,37)       1.0591105                    1_GWF-(1,23,54)
          9          1          9 -2.36233695E-03                    1_GWF-(1,23,54)      0.34001929                    1_GWF-(1,23,54)
         10          1         10  5.87461813E-04                     1_GWF-(1,47,5)      0.22710448                    1_GWF-(1,21,53)
         11          1         11 -3.80289269E-04                    1_GWF-(1,25,55)      0.13199775                     1_GWF-(1,4,45)
         12          1         12 -5.90338288E-04                    1_GWF-(1,15,54)      0.10917734                    1_GWF-(1,15,42)
         13          1         13 -3.03339576E-05                    1_GWF-(1,12,49)  7.64504916E-02                     1_GWF-(1,8,50)
         14          2          1 -8.13639622E-04                    1_GWF-(1,11,55) -4.82345081E-02                     1_GWF-(1,29,4)
 --------------------------------------------------------------------------------------------------------------------------------------


 UBDSV1 SAVING           STO-SS ON UNIT   1030 AT TIME STEP      3, STRESS PERIOD      4
 UBDSV1 SAVING     FLOW-JA-FACE ON UNIT   1030 AT TIME STEP      3, STRESS PERIOD      4
 UBDSV06 SAVING       DATA-SPDIS IN MODEL LOCAL_RUN4       PACKAGE NPF             CONNECTED TO MODEL LOCAL_RUN4       PACKAGE NPF              ON UNIT   1030 AT TIME STEP      3, STRESS PERIOD      4
 UBDSV06 SAVING              GHB IN MODEL LOCAL_RUN4       PACKAGE LOCAL_RUN4      CONNECTED TO MODEL LOCAL_RUN4       PACKAGE GHB_AW           ON UNIT   1030 AT TIME STEP      3, STRESS PERIOD      4
 UBDSV06 SAVING              GHB IN MODEL LOCAL_RUN4       PACKAGE LOCAL_RUN4      CONNECTED TO MODEL LOCAL_RUN4       PACKAGE GHB_CONF         ON UNIT   1030 AT TIME STEP      3, STRESS PERIOD      4
 UBDSV06 SAVING              GHB IN MODEL LOCAL_RUN4       PACKAGE LOCAL_RUN4      CONNECTED TO MODEL LOCAL_RUN4       PACKAGE GHB_PW           ON UNIT   1030 AT TIME STEP      3, STRESS PERIOD      4
 UBDSV06 SAVING              GHB IN MODEL LOCAL_RUN4       PACKAGE LOCAL_RUN4      CONNECTED TO MODEL LOCAL_RUN4       PACKAGE GHB_SP           ON UNIT   1030 AT TIME STEP      3, STRESS PERIOD      4
 UBDSV06 SAVING             RCHA IN MODEL LOCAL_RUN4       PACKAGE LOCAL_RUN4      CONNECTED TO MODEL LOCAL_RUN4       PACKAGE RCH              ON UNIT   1030 AT TIME STEP      3, STRESS PERIOD      4

 HEAD WILL BE SAVED ON UNIT 1031 AT END OF TIME STEP    3, STRESS PERIOD    4

end timestep


start timestep kper="4" kstp="4" mode="normal"


 SLN_1 INNER ITERATION SUMMARY
 --------------------------------------------------------------------------------------------------------------------------------------
      TOTAL      OUTER      INNER                                                            MAXIMUM                                   
  ITERATION  ITERATION  ITERATION  MAXIMUM CHANGE      MAXIMUM CHANGE MODEL-(CELLID)        RESIDUAL    MAXIMUM RESIDUAL MODEL-(CELLID)
 --------------------------------------------------------------------------------------------------------------------------------------
          1          1          1      -2.2969008                    1_GWF-(1,47,37)      -714.58923                    1_GWF-(1,23,54)
          2          1          2      0.87124681                    1_GWF-(1,47,37)      -162.74702                    1_GWF-(1,41,36)
          3          1          3      -5.6846540                    1_GWF-(1,45,36)      -2861.7051                    1_GWF-(1,41,36)
          4          1          4       5.9716108                    1_GWF-(1,45,36)      -20.709853                    1_GWF-(1,23,54)
          5          1          5 -3.01083523E-03                     1_GWF-(1,47,5)       15.501988                     1_GWF-(1,5,22)
          6          1          6 -9.44720562E-02                    1_GWF-(1,44,38)       44.211757                     1_GWF-(1,8,18)
          7          1          7      0.13042434                    1_GWF-(1,43,38)      -2.4153930                     1_GWF-(1,29,4)
          8          1          8  8.60521634E-03                    1_GWF-(1,44,37)     -0.55172810                     1_GWF-(1,5,22)
          9          1          9  7.26226600E-05                     1_GWF-(1,4,27)     -0.53408663                     1_GWF-(1,5,22)
         10          1         10  1.44723671E-03                     1_GWF-(1,6,20) -5.56343830E-02                     1_GWF-(1,5,22)
         11          2          1 -9.59388457E-05                    1_GWF-(1,22,55) -3.60892025E-02                     1_GWF-(1,7,19)
 --------------------------------------------------------------------------------------------------------------------------------------


 UBDSV1 SAVING           STO-SS ON UNIT   1030 AT TIME STEP      4, STRESS PERIOD      4
 UBDSV1 SAVING     FLOW-JA-FACE ON UNIT   1030 AT TIME STEP      4, STRESS PERIOD      4
 UBDSV06 SAVING       DATA-SPDIS IN MODEL LOCAL_RUN4       PACKAGE NPF             CONNECTED TO MODEL LOCAL_RUN4       PACKAGE NPF              ON UNIT   1030 AT TIME STEP      4, STRESS PERIOD      4
 UBDSV06 SAVING              GHB IN MODEL LOCAL_RUN4       PACKAGE LOCAL_RUN4      CONNECTED TO MODEL LOCAL_RUN4       PACKAGE GHB_AW           ON UNIT   1030 AT TIME STEP      4, STRESS PERIOD      4
 UBDSV06 SAVING              GHB IN MODEL LOCAL_RUN4       PACKAGE LOCAL_RUN4      CONNECTED TO MODEL LOCAL_RUN4       PACKAGE GHB_CONF         ON UNIT   1030 AT TIME STEP      4, STRESS PERIOD      4
 UBDSV06 SAVING              GHB IN MODEL LOCAL_RUN4       PACKAGE LOCAL_RUN4      CONNECTED TO MODEL LOCAL_RUN4       PACKAGE GHB_PW           ON UNIT   1030 AT TIME STEP      4, STRESS PERIOD      4
 UBDSV06 SAVING              GHB IN MODEL LOCAL_RUN4       PACKAGE LOCAL_RUN4      CONNECTED TO MODEL LOCAL_RUN4       PACKAGE GHB_SP           ON UNIT   1030 AT TIME STEP      4, STRESS PERIOD      4
 UBDSV06 SAVING             RCHA IN MODEL LOCAL_RUN4       PACKAGE LOCAL_RUN4      CONNECTED TO MODEL LOCAL_RUN4       PACKAGE RCH              ON UNIT   1030 AT TIME STEP      4, STRESS PERIOD      4

 HEAD WILL BE SAVED ON UNIT 1031 AT END OF TIME STEP    4, STRESS PERIOD    4

end timestep


start timestep kper="4" kstp="5" mode="normal"


 SLN_1 INNER ITERATION SUMMARY
 --------------------------------------------------------------------------------------------------------------------------------------
      TOTAL      OUTER      INNER                                                            MAXIMUM                                   
  ITERATION  ITERATION  ITERATION  MAXIMUM CHANGE      MAXIMUM CHANGE MODEL-(CELLID)        RESIDUAL    MAXIMUM RESIDUAL MODEL-(CELLID)
 --------------------------------------------------------------------------------------------------------------------------------------
          1          1          1      -2.0066458                    1_GWF-(1,47,37)      -627.23422                    1_GWF-(1,23,54)
          2          1          2      0.77717113                    1_GWF-(1,47,37)      -145.45186                    1_GWF-(1,41,36)
          3          1          3      0.67417537                    1_GWF-(1,45,36)       211.64264                    1_GWF-(1,41,36)
          4          1          4     -0.42127089                    1_GWF-(1,45,36)      -15.446580                    1_GWF-(1,23,54)
          5          1          5 -2.68191092E-03                     1_GWF-(1,6,17)       13.148742                     1_GWF-(1,5,22)
          6          1          6 -3.06654964E-02                    1_GWF-(1,46,39)       26.792858                     1_GWF-(1,7,19)
          7          1          7  5.99321020E-02                    1_GWF-(1,46,39)     -0.71944861                    1_GWF-(1,42,37)
          8          1          8  4.83860158E-03                    1_GWF-(1,44,37)      0.69795830                    1_GWF-(1,23,54)
          9          1          9  2.06130624E-02                     1_GWF-(1,6,20)       7.5268932                     1_GWF-(1,5,22)
         10          1         10 -1.88967249E-02                     1_GWF-(1,6,20) -7.14938144E-02                     1_GWF-(1,5,22)
         11          2          1 -1.02852282E-04                     1_GWF-(1,47,5) -3.88228690E-02                     1_GWF-(1,5,22)
 --------------------------------------------------------------------------------------------------------------------------------------


 UBDSV1 SAVING           STO-SS ON UNIT   1030 AT TIME STEP      5, STRESS PERIOD      4
 UBDSV1 SAVING     FLOW-JA-FACE ON UNIT   1030 AT TIME STEP      5, STRESS PERIOD      4
 UBDSV06 SAVING       DATA-SPDIS IN MODEL LOCAL_RUN4       PACKAGE NPF             CONNECTED TO MODEL LOCAL_RUN4       PACKAGE NPF              ON UNIT   1030 AT TIME STEP      5, STRESS PERIOD      4
 UBDSV06 SAVING              GHB IN MODEL LOCAL_RUN4       PACKAGE LOCAL_RUN4      CONNECTED TO MODEL LOCAL_RUN4       PACKAGE GHB_AW           ON UNIT   1030 AT TIME STEP      5, STRESS PERIOD      4
 UBDSV06 SAVING              GHB IN MODEL LOCAL_RUN4       PACKAGE LOCAL_RUN4      CONNECTED TO MODEL LOCAL_RUN4       PACKAGE GHB_CONF         ON UNIT   1030 AT TIME STEP      5, STRESS PERIOD      4
 UBDSV06 SAVING              GHB IN MODEL LOCAL_RUN4       PACKAGE LOCAL_RUN4      CONNECTED TO MODEL LOCAL_RUN4       PACKAGE GHB_PW           ON UNIT   1030 AT TIME STEP      5, STRESS PERIOD      4
 UBDSV06 SAVING              GHB IN MODEL LOCAL_RUN4       PACKAGE LOCAL_RUN4      CONNECTED TO MODEL LOCAL_RUN4       PACKAGE GHB_SP           ON UNIT   1030 AT TIME STEP      5, STRESS PERIOD      4
 UBDSV06 SAVING             RCHA IN MODEL LOCAL_RUN4       PACKAGE LOCAL_RUN4      CONNECTED TO MODEL LOCAL_RUN4       PACKAGE RCH              ON UNIT   1030 AT TIME STEP      5, STRESS PERIOD      4

 HEAD WILL BE SAVED ON UNIT 1031 AT END OF TIME STEP    5, STRESS PERIOD    4

end timestep


start timestep kper="4" kstp="6" mode="normal"


 SLN_1 INNER ITERATION SUMMARY
 --------------------------------------------------------------------------------------------------------------------------------------
      TOTAL      OUTER      INNER                                                            MAXIMUM                                   
  ITERATION  ITERATION  ITERATION  MAXIMUM CHANGE      MAXIMUM CHANGE MODEL-(CELLID)        RESIDUAL    MAXIMUM RESIDUAL MODEL-(CELLID)
 --------------------------------------------------------------------------------------------------------------------------------------
          1          1          1      -1.7285784                    1_GWF-(1,47,37)      -540.47155                    1_GWF-(1,23,54)
          2          1          2      0.66869049                    1_GWF-(1,47,37)      -124.88054                    1_GWF-(1,41,36)
          3          1          3       1.3696891                    1_GWF-(1,45,36)       544.05714                    1_GWF-(1,41,36)
          4          1          4      -1.1536444                    1_GWF-(1,45,36)      -14.829127                    1_GWF-(1,23,54)
          5          1          5 -2.45296951E-03                     1_GWF-(1,6,17)       11.245121                     1_GWF-(1,5,22)
          6          1          6 -2.45636821E-02                    1_GWF-(1,46,39)       21.267841                     1_GWF-(1,7,19)
          7          1          7  5.04007398E-02                    1_GWF-(1,46,39)     -0.86201296                    1_GWF-(1,42,37)
          8          1          8  5.36421220E-03                    1_GWF-(1,44,37)     -0.53912878                     1_GWF-(1,5,22)
          9          1          9 -6.04396437E-04                     1_GWF-(1,6,20)     -0.87569110                     1_GWF-(1,5,22)
         10          1         10  2.17112614E-03                     1_GWF-(1,6,20) -5.81790109E-02                     1_GWF-(1,5,22)
         11          2          1  5.99330283E-05                     1_GWF-(1,6,21) -3.43724991E-02                     1_GWF-(1,5,22)
 --------------------------------------------------------------------------------------------------------------------------------------


 UBDSV1 SAVING           STO-SS ON UNIT   1030 AT TIME STEP      6, STRESS PERIOD      4
 UBDSV1 SAVING     FLOW-JA-FACE ON UNIT   1030 AT TIME STEP      6, STRESS PERIOD      4
 UBDSV06 SAVING       DATA-SPDIS IN MODEL LOCAL_RUN4       PACKAGE NPF             CONNECTED TO MODEL LOCAL_RUN4       PACKAGE NPF              ON UNIT   1030 AT TIME STEP      6, STRESS PERIOD      4
 UBDSV06 SAVING              GHB IN MODEL LOCAL_RUN4       PACKAGE LOCAL_RUN4      CONNECTED TO MODEL LOCAL_RUN4       PACKAGE GHB_AW           ON UNIT   1030 AT TIME STEP      6, STRESS PERIOD      4
 UBDSV06 SAVING              GHB IN MODEL LOCAL_RUN4       PACKAGE LOCAL_RUN4      CONNECTED TO MODEL LOCAL_RUN4       PACKAGE GHB_CONF         ON UNIT   1030 AT TIME STEP      6, STRESS PERIOD      4
 UBDSV06 SAVING              GHB IN MODEL LOCAL_RUN4       PACKAGE LOCAL_RUN4      CONNECTED TO MODEL LOCAL_RUN4       PACKAGE GHB_PW           ON UNIT   1030 AT TIME STEP      6, STRESS PERIOD      4
 UBDSV06 SAVING              GHB IN MODEL LOCAL_RUN4       PACKAGE LOCAL_RUN4      CONNECTED TO MODEL LOCAL_RUN4       PACKAGE GHB_SP           ON UNIT   1030 AT TIME STEP      6, STRESS PERIOD      4
 UBDSV06 SAVING             RCHA IN MODEL LOCAL_RUN4       PACKAGE LOCAL_RUN4      CONNECTED TO MODEL LOCAL_RUN4       PACKAGE RCH              ON UNIT   1030 AT TIME STEP      6, STRESS PERIOD      4

 HEAD WILL BE SAVED ON UNIT 1031 AT END OF TIME STEP    6, STRESS PERIOD    4

end timestep


start timestep kper="4" kstp="7" mode="normal"


 SLN_1 INNER ITERATION SUMMARY
 --------------------------------------------------------------------------------------------------------------------------------------
      TOTAL      OUTER      INNER                                                            MAXIMUM                                   
  ITERATION  ITERATION  ITERATION  MAXIMUM CHANGE      MAXIMUM CHANGE MODEL-(CELLID)        RESIDUAL    MAXIMUM RESIDUAL MODEL-(CELLID)
 --------------------------------------------------------------------------------------------------------------------------------------
          1          1          1      -1.4926900                    1_GWF-(1,47,37)      -466.85201                    1_GWF-(1,23,54)
          2          1          2      0.57896752                    1_GWF-(1,47,37)      -108.62474                    1_GWF-(1,41,36)
          3          1          3      0.57537163                    1_GWF-(1,45,36)       189.15576                    1_GWF-(1,41,36)
          4          1          4     -0.38751096                    1_GWF-(1,45,36)      -11.949146                    1_GWF-(1,23,54)
          5          1          5 -2.35824539E-03                     1_GWF-(1,6,17)       9.6755309                     1_GWF-(1,5,22)
          6          1          6 -1.94494896E-02                    1_GWF-(1,46,39)       18.456878                     1_GWF-(1,5,22)
          7          1          7  4.12781412E-02                    1_GWF-(1,46,39)     -0.51197755                    1_GWF-(1,42,36)
          8          1          8  3.85143798E-03                    1_GWF-(1,44,37)      0.57675277                    1_GWF-(1,23,54)
          9          1          9 -5.37495117E-02                    1_GWF-(1,47,37)       19.548198                     1_GWF-(1,5,22)
         10          1         10  5.24956902E-02                    1_GWF-(1,47,37) -5.45840626E-02                     1_GWF-(1,5,22)
         11          2          1  7.73722197E-05                     1_GWF-(1,5,22) -2.73313000E-02                     1_GWF-(1,5,22)
 --------------------------------------------------------------------------------------------------------------------------------------


 UBDSV1 SAVING           STO-SS ON UNIT   1030 AT TIME STEP      7, STRESS PERIOD      4
 UBDSV1 SAVING     FLOW-JA-FACE ON UNIT   1030 AT TIME STEP      7, STRESS PERIOD      4
 UBDSV06 SAVING       DATA-SPDIS IN MODEL LOCAL_RUN4       PACKAGE NPF             CONNECTED TO MODEL LOCAL_RUN4       PACKAGE NPF              ON UNIT   1030 AT TIME STEP      7, STRESS PERIOD      4
 UBDSV06 SAVING              GHB IN MODEL LOCAL_RUN4       PACKAGE LOCAL_RUN4      CONNECTED TO MODEL LOCAL_RUN4       PACKAGE GHB_AW           ON UNIT   1030 AT TIME STEP      7, STRESS PERIOD      4
 UBDSV06 SAVING              GHB IN MODEL LOCAL_RUN4       PACKAGE LOCAL_RUN4      CONNECTED TO MODEL LOCAL_RUN4       PACKAGE GHB_CONF         ON UNIT   1030 AT TIME STEP      7, STRESS PERIOD      4
 UBDSV06 SAVING              GHB IN MODEL LOCAL_RUN4       PACKAGE LOCAL_RUN4      CONNECTED TO MODEL LOCAL_RUN4       PACKAGE GHB_PW           ON UNIT   1030 AT TIME STEP      7, STRESS PERIOD      4
 UBDSV06 SAVING              GHB IN MODEL LOCAL_RUN4       PACKAGE LOCAL_RUN4      CONNECTED TO MODEL LOCAL_RUN4       PACKAGE GHB_SP           ON UNIT   1030 AT TIME STEP      7, STRESS PERIOD      4
 UBDSV06 SAVING             RCHA IN MODEL LOCAL_RUN4       PACKAGE LOCAL_RUN4      CONNECTED TO MODEL LOCAL_RUN4       PACKAGE RCH              ON UNIT   1030 AT TIME STEP      7, STRESS PERIOD      4

 HEAD WILL BE SAVED ON UNIT 1031 AT END OF TIME STEP    7, STRESS PERIOD    4

end timestep


start timestep kper="4" kstp="8" mode="normal"


 SLN_1 INNER ITERATION SUMMARY
 --------------------------------------------------------------------------------------------------------------------------------------
      TOTAL      OUTER      INNER                                                            MAXIMUM                                   
  ITERATION  ITERATION  ITERATION  MAXIMUM CHANGE      MAXIMUM CHANGE MODEL-(CELLID)        RESIDUAL    MAXIMUM RESIDUAL MODEL-(CELLID)
 --------------------------------------------------------------------------------------------------------------------------------------
          1          1          1      -1.2831791                    1_GWF-(1,47,37)      -401.07209                    1_GWF-(1,23,54)
          2          1          2      0.49609284                    1_GWF-(1,47,37)      -92.334439                    1_GWF-(1,41,36)
          3          1          3       1.1184831                    1_GWF-(1,45,36)       453.86971                    1_GWF-(1,41,36)
          4          1          4     -0.95817082                    1_GWF-(1,45,36)      -10.974367                    1_GWF-(1,23,54)
          5          1          5 -1.74344517E-03                     1_GWF-(1,6,17)       8.3694273                     1_GWF-(1,5,22)
          6          1          6 -1.85176527E-02                    1_GWF-(1,46,39)       15.708407                     1_GWF-(1,7,19)
          7          1          7  3.76260863E-02                    1_GWF-(1,46,39)     -0.69225305                    1_GWF-(1,42,37)
          8          1          8  4.02068395E-03                    1_GWF-(1,44,37)     -0.39639691                     1_GWF-(1,5,22)
          9          1          9  2.78780729E-04                    1_GWF-(1,40,35)     -0.56373492                     1_GWF-(1,5,22)
         10          1         10  1.40370398E-03                     1_GWF-(1,6,20) -4.25469721E-02                     1_GWF-(1,5,22)
         11          2          1 -4.91069101E-05                     1_GWF-(1,43,7) -2.45914047E-02                     1_GWF-(1,5,22)
 --------------------------------------------------------------------------------------------------------------------------------------


 UBDSV1 SAVING           STO-SS ON UNIT   1030 AT TIME STEP      8, STRESS PERIOD      4
 UBDSV1 SAVING     FLOW-JA-FACE ON UNIT   1030 AT TIME STEP      8, STRESS PERIOD      4
 UBDSV06 SAVING       DATA-SPDIS IN MODEL LOCAL_RUN4       PACKAGE NPF             CONNECTED TO MODEL LOCAL_RUN4       PACKAGE NPF              ON UNIT   1030 AT TIME STEP      8, STRESS PERIOD      4
 UBDSV06 SAVING              GHB IN MODEL LOCAL_RUN4       PACKAGE LOCAL_RUN4      CONNECTED TO MODEL LOCAL_RUN4       PACKAGE GHB_AW           ON UNIT   1030 AT TIME STEP      8, STRESS PERIOD      4
 UBDSV06 SAVING              GHB IN MODEL LOCAL_RUN4       PACKAGE LOCAL_RUN4      CONNECTED TO MODEL LOCAL_RUN4       PACKAGE GHB_CONF         ON UNIT   1030 AT TIME STEP      8, STRESS PERIOD      4
 UBDSV06 SAVING              GHB IN MODEL LOCAL_RUN4       PACKAGE LOCAL_RUN4      CONNECTED TO MODEL LOCAL_RUN4       PACKAGE GHB_PW           ON UNIT   1030 AT TIME STEP      8, STRESS PERIOD      4
 UBDSV06 SAVING              GHB IN MODEL LOCAL_RUN4       PACKAGE LOCAL_RUN4      CONNECTED TO MODEL LOCAL_RUN4       PACKAGE GHB_SP           ON UNIT   1030 AT TIME STEP      8, STRESS PERIOD      4
 UBDSV06 SAVING             RCHA IN MODEL LOCAL_RUN4       PACKAGE LOCAL_RUN4      CONNECTED TO MODEL LOCAL_RUN4       PACKAGE RCH              ON UNIT   1030 AT TIME STEP      8, STRESS PERIOD      4

 HEAD WILL BE SAVED ON UNIT 1031 AT END OF TIME STEP    8, STRESS PERIOD    4

end timestep


start timestep kper="4" kstp="9" mode="normal"


 SLN_1 INNER ITERATION SUMMARY
 --------------------------------------------------------------------------------------------------------------------------------------
      TOTAL      OUTER      INNER                                                            MAXIMUM                                   
  ITERATION  ITERATION  ITERATION  MAXIMUM CHANGE      MAXIMUM CHANGE MODEL-(CELLID)        RESIDUAL    MAXIMUM RESIDUAL MODEL-(CELLID)
 --------------------------------------------------------------------------------------------------------------------------------------
          1          1          1      -1.1085353                    1_GWF-(1,47,37)      -346.75573                    1_GWF-(1,23,54)
          2          1          2      0.42973020                    1_GWF-(1,47,37)      -80.893089                    1_GWF-(1,41,36)
          3          1          3      0.38906817                    1_GWF-(1,45,36)       122.96655                    1_GWF-(1,39,36)
          4          1          4     -0.24930503                    1_GWF-(1,45,36)      -8.7781339                    1_GWF-(1,23,54)
          5          1          5 -1.76687131E-03                     1_GWF-(1,6,17)       7.1896510                     1_GWF-(1,5,22)
          6          1          6 -1.45859668E-02                    1_GWF-(1,46,39)       13.897358                     1_GWF-(1,5,22)
          7          1          7 -3.11974591E-02                     1_GWF-(1,6,20)     -0.35782847                    1_GWF-(1,42,36)
          8          1          8  2.71616639E-03                    1_GWF-(1,44,37)      0.42743195                    1_GWF-(1,23,54)
          9          1          9 -4.10888827E-03                    1_GWF-(1,47,37)       1.0811663                     1_GWF-(1,5,22)
         10          1         10  3.17033290E-03                    1_GWF-(1,47,37) -4.10205765E-02                     1_GWF-(1,5,22)
         11          2          1  6.02207438E-05                     1_GWF-(1,6,22) -1.97652995E-02                     1_GWF-(1,5,22)
 --------------------------------------------------------------------------------------------------------------------------------------


 UBDSV1 SAVING           STO-SS ON UNIT   1030 AT TIME STEP      9, STRESS PERIOD      4
 UBDSV1 SAVING     FLOW-JA-FACE ON UNIT   1030 AT TIME STEP      9, STRESS PERIOD      4
 UBDSV06 SAVING       DATA-SPDIS IN MODEL LOCAL_RUN4       PACKAGE NPF             CONNECTED TO MODEL LOCAL_RUN4       PACKAGE NPF              ON UNIT   1030 AT TIME STEP      9, STRESS PERIOD      4
 UBDSV06 SAVING              GHB IN MODEL LOCAL_RUN4       PACKAGE LOCAL_RUN4      CONNECTED TO MODEL LOCAL_RUN4       PACKAGE GHB_AW           ON UNIT   1030 AT TIME STEP      9, STRESS PERIOD      4
 UBDSV06 SAVING              GHB IN MODEL LOCAL_RUN4       PACKAGE LOCAL_RUN4      CONNECTED TO MODEL LOCAL_RUN4       PACKAGE GHB_CONF         ON UNIT   1030 AT TIME STEP      9, STRESS PERIOD      4
 UBDSV06 SAVING              GHB IN MODEL LOCAL_RUN4       PACKAGE LOCAL_RUN4      CONNECTED TO MODEL LOCAL_RUN4       PACKAGE GHB_PW           ON UNIT   1030 AT TIME STEP      9, STRESS PERIOD      4
 UBDSV06 SAVING              GHB IN MODEL LOCAL_RUN4       PACKAGE LOCAL_RUN4      CONNECTED TO MODEL LOCAL_RUN4       PACKAGE GHB_SP           ON UNIT   1030 AT TIME STEP      9, STRESS PERIOD      4
 UBDSV06 SAVING             RCHA IN MODEL LOCAL_RUN4       PACKAGE LOCAL_RUN4      CONNECTED TO MODEL LOCAL_RUN4       PACKAGE RCH              ON UNIT   1030 AT TIME STEP      9, STRESS PERIOD      4

 HEAD WILL BE SAVED ON UNIT 1031 AT END OF TIME STEP    9, STRESS PERIOD    4

end timestep


start timestep kper="4" kstp="10" mode="normal"


 SLN_1 INNER ITERATION SUMMARY
 --------------------------------------------------------------------------------------------------------------------------------------
      TOTAL      OUTER      INNER                                                            MAXIMUM                                   
  ITERATION  ITERATION  ITERATION  MAXIMUM CHANGE      MAXIMUM CHANGE MODEL-(CELLID)        RESIDUAL    MAXIMUM RESIDUAL MODEL-(CELLID)
 --------------------------------------------------------------------------------------------------------------------------------------
          1          1          1     -0.95278416                    1_GWF-(1,47,37)      -297.77785                    1_GWF-(1,23,54)
          2          1          2      0.36818713                    1_GWF-(1,47,37)      -68.480181                    1_GWF-(1,41,36)
          3          1          3      0.86507943                    1_GWF-(1,45,36)       353.89741                    1_GWF-(1,41,36)
          4          1          4     -0.74605794                    1_GWF-(1,45,36)      -8.1507474                    1_GWF-(1,23,54)
          5          1          5 -1.27442752E-03                     1_GWF-(1,6,17)       6.2204896                     1_GWF-(1,5,22)
          6          1          6 -1.38631897E-02                    1_GWF-(1,46,39)       11.637288                     1_GWF-(1,7,19)
          7          1          7  2.80771942E-02                    1_GWF-(1,46,39)     -0.53380586                    1_GWF-(1,23,54)
          8          1          8  2.97208509E-03                    1_GWF-(1,44,37)     -0.29172033                     1_GWF-(1,5,22)
          9          1          9  1.83494489E-04                    1_GWF-(1,40,35)     -0.40080752                     1_GWF-(1,5,22)
         10          1         10  1.00322848E-03                     1_GWF-(1,6,20) -3.14297621E-02                     1_GWF-(1,5,22)
         11          2          1 -3.81694396E-05                     1_GWF-(1,43,7) -1.79916812E-02                     1_GWF-(1,5,22)
 --------------------------------------------------------------------------------------------------------------------------------------


 UBDSV1 SAVING           STO-SS ON UNIT   1030 AT TIME STEP     10, STRESS PERIOD      4
 UBDSV1 SAVING     FLOW-JA-FACE ON UNIT   1030 AT TIME STEP     10, STRESS PERIOD      4
 UBDSV06 SAVING       DATA-SPDIS IN MODEL LOCAL_RUN4       PACKAGE NPF             CONNECTED TO MODEL LOCAL_RUN4       PACKAGE NPF              ON UNIT   1030 AT TIME STEP     10, STRESS PERIOD      4
 UBDSV06 SAVING              GHB IN MODEL LOCAL_RUN4       PACKAGE LOCAL_RUN4      CONNECTED TO MODEL LOCAL_RUN4       PACKAGE GHB_AW           ON UNIT   1030 AT TIME STEP     10, STRESS PERIOD      4
 UBDSV06 SAVING              GHB IN MODEL LOCAL_RUN4       PACKAGE LOCAL_RUN4      CONNECTED TO MODEL LOCAL_RUN4       PACKAGE GHB_CONF         ON UNIT   1030 AT TIME STEP     10, STRESS PERIOD      4
 UBDSV06 SAVING              GHB IN MODEL LOCAL_RUN4       PACKAGE LOCAL_RUN4      CONNECTED TO MODEL LOCAL_RUN4       PACKAGE GHB_PW           ON UNIT   1030 AT TIME STEP     10, STRESS PERIOD      4
 UBDSV06 SAVING              GHB IN MODEL LOCAL_RUN4       PACKAGE LOCAL_RUN4      CONNECTED TO MODEL LOCAL_RUN4       PACKAGE GHB_SP           ON UNIT   1030 AT TIME STEP     10, STRESS PERIOD      4
 UBDSV06 SAVING             RCHA IN MODEL LOCAL_RUN4       PACKAGE LOCAL_RUN4      CONNECTED TO MODEL LOCAL_RUN4       PACKAGE RCH              ON UNIT   1030 AT TIME STEP     10, STRESS PERIOD      4

 HEAD WILL BE SAVED ON UNIT 1031 AT END OF TIME STEP   10, STRESS PERIOD    4

end timestep


start timestep kper="4" kstp="11" mode="normal"


 SLN_1 INNER ITERATION SUMMARY
 --------------------------------------------------------------------------------------------------------------------------------------
      TOTAL      OUTER      INNER                                                            MAXIMUM                                   
  ITERATION  ITERATION  ITERATION  MAXIMUM CHANGE      MAXIMUM CHANGE MODEL-(CELLID)        RESIDUAL    MAXIMUM RESIDUAL MODEL-(CELLID)
 --------------------------------------------------------------------------------------------------------------------------------------
          1          1          1     -0.82322321                    1_GWF-(1,47,37)      -257.51048                    1_GWF-(1,23,54)
          2          1          2      0.31900375                    1_GWF-(1,47,37)      -60.099894                    1_GWF-(1,41,36)
          3          1          3      0.28510234                    1_GWF-(1,45,36)       89.621659                    1_GWF-(1,39,36)
          4          1          4     -0.18126923                    1_GWF-(1,45,36)      -6.5094904                    1_GWF-(1,23,54)
          5          1          5 -1.30871057E-03                     1_GWF-(1,6,17)       5.3417654                     1_GWF-(1,5,22)
          6          1          6 -1.09054552E-02                    1_GWF-(1,46,39)       10.352050                     1_GWF-(1,5,22)
          7          1          7 -2.32460685E-02                     1_GWF-(1,6,20)     -0.26380204                    1_GWF-(1,42,36)
          8          1          8  1.99010437E-03                    1_GWF-(1,44,37)      0.31575063                    1_GWF-(1,23,54)
          9          1          9 -2.72667019E-03                    1_GWF-(1,47,37)      0.69172895                     1_GWF-(1,5,22)
         10          1         10  2.03063611E-03                    1_GWF-(1,47,37) -3.06058282E-02                     1_GWF-(1,5,22)
         11          2          1  4.46905801E-05                     1_GWF-(1,6,22) -1.48029994E-02                     1_GWF-(1,5,22)
 --------------------------------------------------------------------------------------------------------------------------------------


 UBDSV1 SAVING           STO-SS ON UNIT   1030 AT TIME STEP     11, STRESS PERIOD      4
 UBDSV1 SAVING     FLOW-JA-FACE ON UNIT   1030 AT TIME STEP     11, STRESS PERIOD      4
 UBDSV06 SAVING       DATA-SPDIS IN MODEL LOCAL_RUN4       PACKAGE NPF             CONNECTED TO MODEL LOCAL_RUN4       PACKAGE NPF              ON UNIT   1030 AT TIME STEP     11, STRESS PERIOD      4
 UBDSV06 SAVING              GHB IN MODEL LOCAL_RUN4       PACKAGE LOCAL_RUN4      CONNECTED TO MODEL LOCAL_RUN4       PACKAGE GHB_AW           ON UNIT   1030 AT TIME STEP     11, STRESS PERIOD      4
 UBDSV06 SAVING              GHB IN MODEL LOCAL_RUN4       PACKAGE LOCAL_RUN4      CONNECTED TO MODEL LOCAL_RUN4       PACKAGE GHB_CONF         ON UNIT   1030 AT TIME STEP     11, STRESS PERIOD      4
 UBDSV06 SAVING              GHB IN MODEL LOCAL_RUN4       PACKAGE LOCAL_RUN4      CONNECTED TO MODEL LOCAL_RUN4       PACKAGE GHB_PW           ON UNIT   1030 AT TIME STEP     11, STRESS PERIOD      4
 UBDSV06 SAVING              GHB IN MODEL LOCAL_RUN4       PACKAGE LOCAL_RUN4      CONNECTED TO MODEL LOCAL_RUN4       PACKAGE GHB_SP           ON UNIT   1030 AT TIME STEP     11, STRESS PERIOD      4
 UBDSV06 SAVING             RCHA IN MODEL LOCAL_RUN4       PACKAGE LOCAL_RUN4      CONNECTED TO MODEL LOCAL_RUN4       PACKAGE RCH              ON UNIT   1030 AT TIME STEP     11, STRESS PERIOD      4

 HEAD WILL BE SAVED ON UNIT 1031 AT END OF TIME STEP   11, STRESS PERIOD    4

end timestep


start timestep kper="4" kstp="12" mode="normal"


 SLN_1 INNER ITERATION SUMMARY
 --------------------------------------------------------------------------------------------------------------------------------------
      TOTAL      OUTER      INNER                                                            MAXIMUM                                   
  ITERATION  ITERATION  ITERATION  MAXIMUM CHANGE      MAXIMUM CHANGE MODEL-(CELLID)        RESIDUAL    MAXIMUM RESIDUAL MODEL-(CELLID)
 --------------------------------------------------------------------------------------------------------------------------------------
          1          1          1     -0.70772026                    1_GWF-(1,47,37)      -221.18536                    1_GWF-(1,23,54)
          2          1          2      0.27349040                    1_GWF-(1,47,37)      -50.860699                    1_GWF-(1,41,36)
          3          1          3      0.65270681                    1_GWF-(1,45,36)       267.58862                    1_GWF-(1,41,36)
          4          1          4     -0.56430737                    1_GWF-(1,45,36)      -6.0589532                    1_GWF-(1,23,54)
          5          1          5 -9.49870614E-04                     1_GWF-(1,6,17)       4.6197245                     1_GWF-(1,5,22)
          6          1          6 -1.02614715E-02                    1_GWF-(1,46,39)       8.6275737                     1_GWF-(1,7,19)
          7          1          7  2.08187479E-02                    1_GWF-(1,46,39)     -0.39767218                    1_GWF-(1,23,54)
          8          1          8  2.21166613E-03                    1_GWF-(1,44,37)     -0.21658429                     1_GWF-(1,5,22)
          9          1          9  1.33918829E-04                    1_GWF-(1,40,35)     -0.29659998                     1_GWF-(1,5,22)
         10          1         10  7.42348958E-04                     1_GWF-(1,6,20) -2.33543214E-02                     1_GWF-(1,5,22)
         11          2          1 -2.84893165E-05                     1_GWF-(1,43,7) -1.33421981E-02                     1_GWF-(1,5,22)
 --------------------------------------------------------------------------------------------------------------------------------------


 UBDSV1 SAVING           STO-SS ON UNIT   1030 AT TIME STEP     12, STRESS PERIOD      4
 UBDSV1 SAVING     FLOW-JA-FACE ON UNIT   1030 AT TIME STEP     12, STRESS PERIOD      4
 UBDSV06 SAVING       DATA-SPDIS IN MODEL LOCAL_RUN4       PACKAGE NPF             CONNECTED TO MODEL LOCAL_RUN4       PACKAGE NPF              ON UNIT   1030 AT TIME STEP     12, STRESS PERIOD      4
 UBDSV06 SAVING              GHB IN MODEL LOCAL_RUN4       PACKAGE LOCAL_RUN4      CONNECTED TO MODEL LOCAL_RUN4       PACKAGE GHB_AW           ON UNIT   1030 AT TIME STEP     12, STRESS PERIOD      4
 UBDSV06 SAVING              GHB IN MODEL LOCAL_RUN4       PACKAGE LOCAL_RUN4      CONNECTED TO MODEL LOCAL_RUN4       PACKAGE GHB_CONF         ON UNIT   1030 AT TIME STEP     12, STRESS PERIOD      4
 UBDSV06 SAVING              GHB IN MODEL LOCAL_RUN4       PACKAGE LOCAL_RUN4      CONNECTED TO MODEL LOCAL_RUN4       PACKAGE GHB_PW           ON UNIT   1030 AT TIME STEP     12, STRESS PERIOD      4
 UBDSV06 SAVING              GHB IN MODEL LOCAL_RUN4       PACKAGE LOCAL_RUN4      CONNECTED TO MODEL LOCAL_RUN4       PACKAGE GHB_SP           ON UNIT   1030 AT TIME STEP     12, STRESS PERIOD      4
 UBDSV06 SAVING             RCHA IN MODEL LOCAL_RUN4       PACKAGE LOCAL_RUN4      CONNECTED TO MODEL LOCAL_RUN4       PACKAGE RCH              ON UNIT   1030 AT TIME STEP     12, STRESS PERIOD      4

 HEAD WILL BE SAVED ON UNIT 1031 AT END OF TIME STEP   12, STRESS PERIOD    4

end timestep


start timestep kper="4" kstp="13" mode="normal"


 SLN_1 INNER ITERATION SUMMARY
 --------------------------------------------------------------------------------------------------------------------------------------
      TOTAL      OUTER      INNER                                                            MAXIMUM                                   
  ITERATION  ITERATION  ITERATION  MAXIMUM CHANGE      MAXIMUM CHANGE MODEL-(CELLID)        RESIDUAL    MAXIMUM RESIDUAL MODEL-(CELLID)
 --------------------------------------------------------------------------------------------------------------------------------------
          1          1          1     -0.61147486                    1_GWF-(1,47,37)      -191.27420                    1_GWF-(1,23,54)
          2          1          2      0.23694497                    1_GWF-(1,47,37)      -44.642596                    1_GWF-(1,41,36)
          3          1          3      0.21147497                    1_GWF-(1,45,36)       66.439096                    1_GWF-(1,39,36)
          4          1          4     -0.13434700                    1_GWF-(1,45,36)      -4.8341216                    1_GWF-(1,23,54)
          5          1          5 -9.71798204E-04                     1_GWF-(1,6,17)       3.9679337                     1_GWF-(1,5,22)
          6          1          6 -8.10466676E-03                    1_GWF-(1,46,39)       7.6915275                     1_GWF-(1,5,22)
          7          1          7 -1.72725630E-02                     1_GWF-(1,6,20)     -0.19580931                    1_GWF-(1,42,36)
          8          1          8  1.47661101E-03                    1_GWF-(1,44,37)      0.23444839                    1_GWF-(1,23,54)
          9          1          9 -2.00807858E-03                    1_GWF-(1,47,37)      0.50772324                     1_GWF-(1,5,22)
         10          1         10  1.49111236E-03                    1_GWF-(1,47,37) -2.27404856E-02                     1_GWF-(1,5,22)
         11          2          1  3.31976547E-05                     1_GWF-(1,6,22) -1.09996386E-02                     1_GWF-(1,5,22)
 --------------------------------------------------------------------------------------------------------------------------------------


 UBDSV1 SAVING           STO-SS ON UNIT   1030 AT TIME STEP     13, STRESS PERIOD      4
 UBDSV1 SAVING     FLOW-JA-FACE ON UNIT   1030 AT TIME STEP     13, STRESS PERIOD      4
 UBDSV06 SAVING       DATA-SPDIS IN MODEL LOCAL_RUN4       PACKAGE NPF             CONNECTED TO MODEL LOCAL_RUN4       PACKAGE NPF              ON UNIT   1030 AT TIME STEP     13, STRESS PERIOD      4
 UBDSV06 SAVING              GHB IN MODEL LOCAL_RUN4       PACKAGE LOCAL_RUN4      CONNECTED TO MODEL LOCAL_RUN4       PACKAGE GHB_AW           ON UNIT   1030 AT TIME STEP     13, STRESS PERIOD      4
 UBDSV06 SAVING              GHB IN MODEL LOCAL_RUN4       PACKAGE LOCAL_RUN4      CONNECTED TO MODEL LOCAL_RUN4       PACKAGE GHB_CONF         ON UNIT   1030 AT TIME STEP     13, STRESS PERIOD      4
 UBDSV06 SAVING              GHB IN MODEL LOCAL_RUN4       PACKAGE LOCAL_RUN4      CONNECTED TO MODEL LOCAL_RUN4       PACKAGE GHB_PW           ON UNIT   1030 AT TIME STEP     13, STRESS PERIOD      4
 UBDSV06 SAVING              GHB IN MODEL LOCAL_RUN4       PACKAGE LOCAL_RUN4      CONNECTED TO MODEL LOCAL_RUN4       PACKAGE GHB_SP           ON UNIT   1030 AT TIME STEP     13, STRESS PERIOD      4
 UBDSV06 SAVING             RCHA IN MODEL LOCAL_RUN4       PACKAGE LOCAL_RUN4      CONNECTED TO MODEL LOCAL_RUN4       PACKAGE RCH              ON UNIT   1030 AT TIME STEP     13, STRESS PERIOD      4

 HEAD WILL BE SAVED ON UNIT 1031 AT END OF TIME STEP   13, STRESS PERIOD    4

end timestep


start timestep kper="4" kstp="14" mode="normal"


 SLN_1 INNER ITERATION SUMMARY
 --------------------------------------------------------------------------------------------------------------------------------------
      TOTAL      OUTER      INNER                                                            MAXIMUM                                   
  ITERATION  ITERATION  ITERATION  MAXIMUM CHANGE      MAXIMUM CHANGE MODEL-(CELLID)        RESIDUAL    MAXIMUM RESIDUAL MODEL-(CELLID)
 --------------------------------------------------------------------------------------------------------------------------------------
          1          1          1     -0.52568729                    1_GWF-(1,47,37)      -164.29411                    1_GWF-(1,23,54)
          2          1          2      0.20314592                    1_GWF-(1,47,37)      -37.778513                    1_GWF-(1,41,36)
          3          1          3      0.48516675                    1_GWF-(1,45,36)       198.92265                    1_GWF-(1,41,36)
          4          1          4     -0.41950483                    1_GWF-(1,45,36)      -4.5006583                    1_GWF-(1,23,54)
          5          1          5 -7.05667272E-04                     1_GWF-(1,6,17)       3.4314566                     1_GWF-(1,5,22)
          6          1          6 -7.62056700E-03                    1_GWF-(1,46,39)       6.4077051                     1_GWF-(1,7,19)
          7          1          7  1.54624389E-02                    1_GWF-(1,46,39)     -0.29544822                    1_GWF-(1,23,54)
          8          1          8  1.64283170E-03                    1_GWF-(1,44,37)     -0.16087111                     1_GWF-(1,5,22)
          9          1          9  9.93993921E-05                    1_GWF-(1,40,35)     -0.22026742                     1_GWF-(1,5,22)
         10          1         10  5.51310257E-04                     1_GWF-(1,6,20) -1.73475414E-02                     1_GWF-(1,5,22)
         11          2          1 -2.11673555E-05                     1_GWF-(1,43,7) -9.90973605E-03                     1_GWF-(1,5,22)
 --------------------------------------------------------------------------------------------------------------------------------------


 UBDSV1 SAVING           STO-SS ON UNIT   1030 AT TIME STEP     14, STRESS PERIOD      4
 UBDSV1 SAVING     FLOW-JA-FACE ON UNIT   1030 AT TIME STEP     14, STRESS PERIOD      4
 UBDSV06 SAVING       DATA-SPDIS IN MODEL LOCAL_RUN4       PACKAGE NPF             CONNECTED TO MODEL LOCAL_RUN4       PACKAGE NPF              ON UNIT   1030 AT TIME STEP     14, STRESS PERIOD      4
 UBDSV06 SAVING              GHB IN MODEL LOCAL_RUN4       PACKAGE LOCAL_RUN4      CONNECTED TO MODEL LOCAL_RUN4       PACKAGE GHB_AW           ON UNIT   1030 AT TIME STEP     14, STRESS PERIOD      4
 UBDSV06 SAVING              GHB IN MODEL LOCAL_RUN4       PACKAGE LOCAL_RUN4      CONNECTED TO MODEL LOCAL_RUN4       PACKAGE GHB_CONF         ON UNIT   1030 AT TIME STEP     14, STRESS PERIOD      4
 UBDSV06 SAVING              GHB IN MODEL LOCAL_RUN4       PACKAGE LOCAL_RUN4      CONNECTED TO MODEL LOCAL_RUN4       PACKAGE GHB_PW           ON UNIT   1030 AT TIME STEP     14, STRESS PERIOD      4
 UBDSV06 SAVING              GHB IN MODEL LOCAL_RUN4       PACKAGE LOCAL_RUN4      CONNECTED TO MODEL LOCAL_RUN4       PACKAGE GHB_SP           ON UNIT   1030 AT TIME STEP     14, STRESS PERIOD      4
 UBDSV06 SAVING             RCHA IN MODEL LOCAL_RUN4       PACKAGE LOCAL_RUN4      CONNECTED TO MODEL LOCAL_RUN4       PACKAGE RCH              ON UNIT   1030 AT TIME STEP     14, STRESS PERIOD      4

 HEAD WILL BE SAVED ON UNIT 1031 AT END OF TIME STEP   14, STRESS PERIOD    4

end timestep


start timestep kper="4" kstp="15" mode="normal"


 SLN_1 INNER ITERATION SUMMARY
 --------------------------------------------------------------------------------------------------------------------------------------
      TOTAL      OUTER      INNER                                                            MAXIMUM                                   
  ITERATION  ITERATION  ITERATION  MAXIMUM CHANGE      MAXIMUM CHANGE MODEL-(CELLID)        RESIDUAL    MAXIMUM RESIDUAL MODEL-(CELLID)
 --------------------------------------------------------------------------------------------------------------------------------------
          1          1          1     -0.45419675                    1_GWF-(1,47,37)      -142.07634                    1_GWF-(1,23,54)
          2          1          2      0.17599977                    1_GWF-(1,47,37)      -33.160041                    1_GWF-(1,41,36)
          3          1          3      0.15708042                    1_GWF-(1,45,36)       49.349891                    1_GWF-(1,39,36)
          4          1          4 -9.97905624E-02                    1_GWF-(1,45,36)      -3.5907362                    1_GWF-(1,23,54)
          5          1          5 -7.21829247E-04                     1_GWF-(1,6,17)       2.9473433                     1_GWF-(1,5,22)
          6          1          6 -6.02019654E-03                    1_GWF-(1,46,39)       5.7131957                     1_GWF-(1,5,22)
          7          1          7 -1.28298831E-02                     1_GWF-(1,6,20)     -0.14544507                    1_GWF-(1,42,36)
          8          1          8  1.09676250E-03                    1_GWF-(1,44,37)      0.17414161                    1_GWF-(1,23,54)
          9          1          9 -1.49146431E-03                    1_GWF-(1,47,37)      0.37712146                     1_GWF-(1,5,22)
         10          1         10  1.10747290E-03                    1_GWF-(1,47,37) -1.68917480E-02                     1_GWF-(1,5,22)
         11          2          1  2.46580057E-05                     1_GWF-(1,6,22) -8.17101268E-03                     1_GWF-(1,5,22)
 --------------------------------------------------------------------------------------------------------------------------------------


 UBDSV1 SAVING           STO-SS ON UNIT   1030 AT TIME STEP     15, STRESS PERIOD      4
 UBDSV1 SAVING     FLOW-JA-FACE ON UNIT   1030 AT TIME STEP     15, STRESS PERIOD      4
 UBDSV06 SAVING       DATA-SPDIS IN MODEL LOCAL_RUN4       PACKAGE NPF             CONNECTED TO MODEL LOCAL_RUN4       PACKAGE NPF              ON UNIT   1030 AT TIME STEP     15, STRESS PERIOD      4
 UBDSV06 SAVING              GHB IN MODEL LOCAL_RUN4       PACKAGE LOCAL_RUN4      CONNECTED TO MODEL LOCAL_RUN4       PACKAGE GHB_AW           ON UNIT   1030 AT TIME STEP     15, STRESS PERIOD      4
 UBDSV06 SAVING              GHB IN MODEL LOCAL_RUN4       PACKAGE LOCAL_RUN4      CONNECTED TO MODEL LOCAL_RUN4       PACKAGE GHB_CONF         ON UNIT   1030 AT TIME STEP     15, STRESS PERIOD      4
 UBDSV06 SAVING              GHB IN MODEL LOCAL_RUN4       PACKAGE LOCAL_RUN4      CONNECTED TO MODEL LOCAL_RUN4       PACKAGE GHB_PW           ON UNIT   1030 AT TIME STEP     15, STRESS PERIOD      4
 UBDSV06 SAVING              GHB IN MODEL LOCAL_RUN4       PACKAGE LOCAL_RUN4      CONNECTED TO MODEL LOCAL_RUN4       PACKAGE GHB_SP           ON UNIT   1030 AT TIME STEP     15, STRESS PERIOD      4
 UBDSV06 SAVING             RCHA IN MODEL LOCAL_RUN4       PACKAGE LOCAL_RUN4      CONNECTED TO MODEL LOCAL_RUN4       PACKAGE RCH              ON UNIT   1030 AT TIME STEP     15, STRESS PERIOD      4

 HEAD WILL BE SAVED ON UNIT 1031 AT END OF TIME STEP   15, STRESS PERIOD    4

end timestep


start timestep kper="4" kstp="16" mode="normal"


 SLN_1 INNER ITERATION SUMMARY
 --------------------------------------------------------------------------------------------------------------------------------------
      TOTAL      OUTER      INNER                                                            MAXIMUM                                   
  ITERATION  ITERATION  ITERATION  MAXIMUM CHANGE      MAXIMUM CHANGE MODEL-(CELLID)        RESIDUAL    MAXIMUM RESIDUAL MODEL-(CELLID)
 --------------------------------------------------------------------------------------------------------------------------------------
          1          1          1     -0.39047525                    1_GWF-(1,47,37)      -122.03602                    1_GWF-(1,23,54)
          2          1          2      0.15089483                    1_GWF-(1,47,37)      -28.061499                    1_GWF-(1,41,36)
          3          1          3      0.36040690                    1_GWF-(1,45,36)       147.77144                    1_GWF-(1,41,36)
          4          1          4     -0.31163392                    1_GWF-(1,45,36)      -3.3430606                    1_GWF-(1,23,54)
          5          1          5 -5.24179346E-04                     1_GWF-(1,6,17)       2.5488471                     1_GWF-(1,5,22)
          6          1          6 -5.66032285E-03                    1_GWF-(1,46,39)       4.7595289                     1_GWF-(1,7,19)
          7          1          7  1.14851732E-02                    1_GWF-(1,46,39)     -0.21945318                    1_GWF-(1,23,54)
          8          1          8  1.22030170E-03                    1_GWF-(1,44,37)     -0.11949385                     1_GWF-(1,5,22)
          9          1          9  7.38283037E-05                    1_GWF-(1,40,35)     -0.16361242                     1_GWF-(1,5,22)
         10          1         10  4.09505527E-04                     1_GWF-(1,6,20) -1.28856608E-02                     1_GWF-(1,5,22)
         11          2          1 -1.57230150E-05                     1_GWF-(1,43,7) -7.36082975E-03                     1_GWF-(1,5,22)
 --------------------------------------------------------------------------------------------------------------------------------------


 UBDSV1 SAVING           STO-SS ON UNIT   1030 AT TIME STEP     16, STRESS PERIOD      4
 UBDSV1 SAVING     FLOW-JA-FACE ON UNIT   1030 AT TIME STEP     16, STRESS PERIOD      4
 UBDSV06 SAVING       DATA-SPDIS IN MODEL LOCAL_RUN4       PACKAGE NPF             CONNECTED TO MODEL LOCAL_RUN4       PACKAGE NPF              ON UNIT   1030 AT TIME STEP     16, STRESS PERIOD      4
 UBDSV06 SAVING              GHB IN MODEL LOCAL_RUN4       PACKAGE LOCAL_RUN4      CONNECTED TO MODEL LOCAL_RUN4       PACKAGE GHB_AW           ON UNIT   1030 AT TIME STEP     16, STRESS PERIOD      4
 UBDSV06 SAVING              GHB IN MODEL LOCAL_RUN4       PACKAGE LOCAL_RUN4      CONNECTED TO MODEL LOCAL_RUN4       PACKAGE GHB_CONF         ON UNIT   1030 AT TIME STEP     16, STRESS PERIOD      4
 UBDSV06 SAVING              GHB IN MODEL LOCAL_RUN4       PACKAGE LOCAL_RUN4      CONNECTED TO MODEL LOCAL_RUN4       PACKAGE GHB_PW           ON UNIT   1030 AT TIME STEP     16, STRESS PERIOD      4
 UBDSV06 SAVING              GHB IN MODEL LOCAL_RUN4       PACKAGE LOCAL_RUN4      CONNECTED TO MODEL LOCAL_RUN4       PACKAGE GHB_SP           ON UNIT   1030 AT TIME STEP     16, STRESS PERIOD      4
 UBDSV06 SAVING             RCHA IN MODEL LOCAL_RUN4       PACKAGE LOCAL_RUN4      CONNECTED TO MODEL LOCAL_RUN4       PACKAGE RCH              ON UNIT   1030 AT TIME STEP     16, STRESS PERIOD      4

 HEAD WILL BE SAVED ON UNIT 1031 AT END OF TIME STEP   16, STRESS PERIOD    4

end timestep


start timestep kper="4" kstp="17" mode="normal"


 SLN_1 INNER ITERATION SUMMARY
 --------------------------------------------------------------------------------------------------------------------------------------
      TOTAL      OUTER      INNER                                                            MAXIMUM                                   
  ITERATION  ITERATION  ITERATION  MAXIMUM CHANGE      MAXIMUM CHANGE MODEL-(CELLID)        RESIDUAL    MAXIMUM RESIDUAL MODEL-(CELLID)
 --------------------------------------------------------------------------------------------------------------------------------------
          1          1          1     -0.33737273                    1_GWF-(1,47,37)      -105.53287                    1_GWF-(1,23,54)
          2          1          2      0.13073086                    1_GWF-(1,47,37)      -24.630945                    1_GWF-(1,41,36)
          3          1          3      0.11667674                    1_GWF-(1,45,36)       36.656151                    1_GWF-(1,39,36)
          4          1          4 -7.41224145E-02                    1_GWF-(1,45,36)      -2.6671579                    1_GWF-(1,23,54)
          5          1          5 -5.36167640E-04                     1_GWF-(1,6,17)       2.1892566                     1_GWF-(1,5,22)
          6          1          6 -4.47173840E-03                    1_GWF-(1,46,39)       4.2437088                     1_GWF-(1,5,22)
          7          1          7 -9.52992342E-03                     1_GWF-(1,6,20)     -0.10803458                    1_GWF-(1,42,36)
          8          1          8  8.14662928E-04                    1_GWF-(1,44,37)      0.12935078                    1_GWF-(1,23,54)
          9          1          9 -1.10780043E-03                    1_GWF-(1,47,37)      0.28010325                     1_GWF-(1,5,22)
         10          1         10  8.22575066E-04                    1_GWF-(1,47,37) -1.25470072E-02                     1_GWF-(1,5,22)
         11          2          1  1.83158150E-05                     1_GWF-(1,6,22) -6.06929775E-03                     1_GWF-(1,5,22)
 --------------------------------------------------------------------------------------------------------------------------------------


 UBDSV1 SAVING           STO-SS ON UNIT   1030 AT TIME STEP     17, STRESS PERIOD      4
 UBDSV1 SAVING     FLOW-JA-FACE ON UNIT   1030 AT TIME STEP     17, STRESS PERIOD      4
 UBDSV06 SAVING       DATA-SPDIS IN MODEL LOCAL_RUN4       PACKAGE NPF             CONNECTED TO MODEL LOCAL_RUN4       PACKAGE NPF              ON UNIT   1030 AT TIME STEP     17, STRESS PERIOD      4
 UBDSV06 SAVING              GHB IN MODEL LOCAL_RUN4       PACKAGE LOCAL_RUN4      CONNECTED TO MODEL LOCAL_RUN4       PACKAGE GHB_AW           ON UNIT   1030 AT TIME STEP     17, STRESS PERIOD      4
 UBDSV06 SAVING              GHB IN MODEL LOCAL_RUN4       PACKAGE LOCAL_RUN4      CONNECTED TO MODEL LOCAL_RUN4       PACKAGE GHB_CONF         ON UNIT   1030 AT TIME STEP     17, STRESS PERIOD      4
 UBDSV06 SAVING              GHB IN MODEL LOCAL_RUN4       PACKAGE LOCAL_RUN4      CONNECTED TO MODEL LOCAL_RUN4       PACKAGE GHB_PW           ON UNIT   1030 AT TIME STEP     17, STRESS PERIOD      4
 UBDSV06 SAVING              GHB IN MODEL LOCAL_RUN4       PACKAGE LOCAL_RUN4      CONNECTED TO MODEL LOCAL_RUN4       PACKAGE GHB_SP           ON UNIT   1030 AT TIME STEP     17, STRESS PERIOD      4
 UBDSV06 SAVING             RCHA IN MODEL LOCAL_RUN4       PACKAGE LOCAL_RUN4      CONNECTED TO MODEL LOCAL_RUN4       PACKAGE RCH              ON UNIT   1030 AT TIME STEP     17, STRESS PERIOD      4

 HEAD WILL BE SAVED ON UNIT 1031 AT END OF TIME STEP   17, STRESS PERIOD    4

end timestep


start timestep kper="4" kstp="18" mode="normal"


 SLN_1 INNER ITERATION SUMMARY
 --------------------------------------------------------------------------------------------------------------------------------------
      TOTAL      OUTER      INNER                                                            MAXIMUM                                   
  ITERATION  ITERATION  ITERATION  MAXIMUM CHANGE      MAXIMUM CHANGE MODEL-(CELLID)        RESIDUAL    MAXIMUM RESIDUAL MODEL-(CELLID)
 --------------------------------------------------------------------------------------------------------------------------------------
          1          1          1     -0.29004101                    1_GWF-(1,47,37)      -90.647102                    1_GWF-(1,23,54)
          2          1          2      0.11208312                    1_GWF-(1,47,37)      -20.843793                    1_GWF-(1,41,36)
          3          1          3      0.26770442                    1_GWF-(1,45,36)       109.76215                    1_GWF-(1,41,36)
          4          1          4     -0.23147635                    1_GWF-(1,45,36)      -2.4831896                    1_GWF-(1,23,54)
          5          1          5 -3.89353722E-04                     1_GWF-(1,6,17)       1.8932578                     1_GWF-(1,5,22)
          6          1          6 -4.20443976E-03                    1_GWF-(1,46,39)       3.5353315                     1_GWF-(1,7,19)
          7          1          7  8.53108020E-03                    1_GWF-(1,46,39)     -0.16300804                    1_GWF-(1,23,54)
          8          1          8  9.06425179E-04                    1_GWF-(1,44,37) -8.87587533E-02                     1_GWF-(1,5,22)
          9          2          1  1.89179089E-04                     1_GWF-(1,5,22) -3.39252449E-02                     1_GWF-(1,7,19)
 --------------------------------------------------------------------------------------------------------------------------------------


 UBDSV1 SAVING           STO-SS ON UNIT   1030 AT TIME STEP     18, STRESS PERIOD      4
 UBDSV1 SAVING     FLOW-JA-FACE ON UNIT   1030 AT TIME STEP     18, STRESS PERIOD      4
 UBDSV06 SAVING       DATA-SPDIS IN MODEL LOCAL_RUN4       PACKAGE NPF             CONNECTED TO MODEL LOCAL_RUN4       PACKAGE NPF              ON UNIT   1030 AT TIME STEP     18, STRESS PERIOD      4
 UBDSV06 SAVING              GHB IN MODEL LOCAL_RUN4       PACKAGE LOCAL_RUN4      CONNECTED TO MODEL LOCAL_RUN4       PACKAGE GHB_AW           ON UNIT   1030 AT TIME STEP     18, STRESS PERIOD      4
 UBDSV06 SAVING              GHB IN MODEL LOCAL_RUN4       PACKAGE LOCAL_RUN4      CONNECTED TO MODEL LOCAL_RUN4       PACKAGE GHB_CONF         ON UNIT   1030 AT TIME STEP     18, STRESS PERIOD      4
 UBDSV06 SAVING              GHB IN MODEL LOCAL_RUN4       PACKAGE LOCAL_RUN4      CONNECTED TO MODEL LOCAL_RUN4       PACKAGE GHB_PW           ON UNIT   1030 AT TIME STEP     18, STRESS PERIOD      4
 UBDSV06 SAVING              GHB IN MODEL LOCAL_RUN4       PACKAGE LOCAL_RUN4      CONNECTED TO MODEL LOCAL_RUN4       PACKAGE GHB_SP           ON UNIT   1030 AT TIME STEP     18, STRESS PERIOD      4
 UBDSV06 SAVING             RCHA IN MODEL LOCAL_RUN4       PACKAGE LOCAL_RUN4      CONNECTED TO MODEL LOCAL_RUN4       PACKAGE RCH              ON UNIT   1030 AT TIME STEP     18, STRESS PERIOD      4

 HEAD WILL BE SAVED ON UNIT 1031 AT END OF TIME STEP   18, STRESS PERIOD    4

end timestep


start timestep kper="4" kstp="19" mode="normal"


 SLN_1 INNER ITERATION SUMMARY
 --------------------------------------------------------------------------------------------------------------------------------------
      TOTAL      OUTER      INNER                                                            MAXIMUM                                   
  ITERATION  ITERATION  ITERATION  MAXIMUM CHANGE      MAXIMUM CHANGE MODEL-(CELLID)        RESIDUAL    MAXIMUM RESIDUAL MODEL-(CELLID)
 --------------------------------------------------------------------------------------------------------------------------------------
          1          1          1     -0.25605633                    1_GWF-(1,47,37)      -79.562086                    1_GWF-(1,23,54)
          2          1          2      0.10334482                    1_GWF-(1,47,37)      -14.938868                    1_GWF-(1,41,36)
          3          1          3 -9.82700241E-03                    1_GWF-(1,45,36)      -18.702757                    1_GWF-(1,41,36)
          4          1          4  4.00232435E-02                    1_GWF-(1,45,36)      -2.3476380                    1_GWF-(1,23,54)
          5          1          5 -2.27244918E-03                     1_GWF-(1,5,19)       1.1327352                     1_GWF-(1,4,25)
          6          1          6  6.59311927E-04                    1_GWF-(1,47,37)      0.63701684                     1_GWF-(1,5,22)
          7          1          7 -9.06415430E-04                    1_GWF-(1,43,38)      0.91786091                     1_GWF-(1,5,22)
          8          1          8  3.75756357E-03                    1_GWF-(1,44,37)     -0.11791316                     1_GWF-(1,4,25)
          9          1          9  2.86110929E-04                     1_GWF-(1,5,23)  7.68908922E-02                    1_GWF-(1,43,37)
         10          2          1 -5.46918251E-05                    1_GWF-(1,44,37)  2.50104040E-02                    1_GWF-(1,41,36)
 --------------------------------------------------------------------------------------------------------------------------------------


 UBDSV1 SAVING           STO-SS ON UNIT   1030 AT TIME STEP     19, STRESS PERIOD      4
 UBDSV1 SAVING     FLOW-JA-FACE ON UNIT   1030 AT TIME STEP     19, STRESS PERIOD      4
 UBDSV06 SAVING       DATA-SPDIS IN MODEL LOCAL_RUN4       PACKAGE NPF             CONNECTED TO MODEL LOCAL_RUN4       PACKAGE NPF              ON UNIT   1030 AT TIME STEP     19, STRESS PERIOD      4
 UBDSV06 SAVING              GHB IN MODEL LOCAL_RUN4       PACKAGE LOCAL_RUN4      CONNECTED TO MODEL LOCAL_RUN4       PACKAGE GHB_AW           ON UNIT   1030 AT TIME STEP     19, STRESS PERIOD      4
 UBDSV06 SAVING              GHB IN MODEL LOCAL_RUN4       PACKAGE LOCAL_RUN4      CONNECTED TO MODEL LOCAL_RUN4       PACKAGE GHB_CONF         ON UNIT   1030 AT TIME STEP     19, STRESS PERIOD      4
 UBDSV06 SAVING              GHB IN MODEL LOCAL_RUN4       PACKAGE LOCAL_RUN4      CONNECTED TO MODEL LOCAL_RUN4       PACKAGE GHB_PW           ON UNIT   1030 AT TIME STEP     19, STRESS PERIOD      4
 UBDSV06 SAVING              GHB IN MODEL LOCAL_RUN4       PACKAGE LOCAL_RUN4      CONNECTED TO MODEL LOCAL_RUN4       PACKAGE GHB_SP           ON UNIT   1030 AT TIME STEP     19, STRESS PERIOD      4
 UBDSV06 SAVING             RCHA IN MODEL LOCAL_RUN4       PACKAGE LOCAL_RUN4      CONNECTED TO MODEL LOCAL_RUN4       PACKAGE RCH              ON UNIT   1030 AT TIME STEP     19, STRESS PERIOD      4

 HEAD WILL BE SAVED ON UNIT 1031 AT END OF TIME STEP   19, STRESS PERIOD    4

end timestep


start timestep kper="4" kstp="20" mode="normal"


 SLN_1 INNER ITERATION SUMMARY
 --------------------------------------------------------------------------------------------------------------------------------------
      TOTAL      OUTER      INNER                                                            MAXIMUM                                   
  ITERATION  ITERATION  ITERATION  MAXIMUM CHANGE      MAXIMUM CHANGE MODEL-(CELLID)        RESIDUAL    MAXIMUM RESIDUAL MODEL-(CELLID)
 --------------------------------------------------------------------------------------------------------------------------------------
          1          1          1     -0.22034063                    1_GWF-(1,47,37)      -68.522629                    1_GWF-(1,23,54)
          2          1          2  8.76817825E-02                    1_GWF-(1,47,37)      -15.816538                    1_GWF-(1,41,36)
          3          1          3      0.12246384                    1_GWF-(1,45,36)       45.214312                    1_GWF-(1,41,36)
          4          1          4 -9.49589620E-02                    1_GWF-(1,45,36)      -1.8835526                    1_GWF-(1,23,54)
          5          1          5 -1.63548761E-03                     1_GWF-(1,5,19)      -1.0999164                    1_GWF-(1,23,54)
          6          1          6 -3.01015609E-04                    1_GWF-(1,40,39)      0.97935563                     1_GWF-(1,7,19)
          7          1          7 -2.38495726E-03                     1_GWF-(1,6,20)      0.17558944                     1_GWF-(1,5,22)
          8          1          8  1.20514363E-03                    1_GWF-(1,44,37)      0.16532008                    1_GWF-(1,23,54)
          9          1          9 -3.71636690E-03                    1_GWF-(1,43,37)     -0.98988444                    1_GWF-(1,42,36)
         10          1         10  3.29819550E-03                    1_GWF-(1,43,37) -1.02836346E-02                     1_GWF-(1,5,22)
         11          2          1  1.70924822E-05                     1_GWF-(1,6,21) -5.11408392E-03                     1_GWF-(1,5,22)
 --------------------------------------------------------------------------------------------------------------------------------------


 UBDSV1 SAVING           STO-SS ON UNIT   1030 AT TIME STEP     20, STRESS PERIOD      4
 UBDSV1 SAVING     FLOW-JA-FACE ON UNIT   1030 AT TIME STEP     20, STRESS PERIOD      4
 UBDSV06 SAVING       DATA-SPDIS IN MODEL LOCAL_RUN4       PACKAGE NPF             CONNECTED TO MODEL LOCAL_RUN4       PACKAGE NPF              ON UNIT   1030 AT TIME STEP     20, STRESS PERIOD      4
 UBDSV06 SAVING              GHB IN MODEL LOCAL_RUN4       PACKAGE LOCAL_RUN4      CONNECTED TO MODEL LOCAL_RUN4       PACKAGE GHB_AW           ON UNIT   1030 AT TIME STEP     20, STRESS PERIOD      4
 UBDSV06 SAVING              GHB IN MODEL LOCAL_RUN4       PACKAGE LOCAL_RUN4      CONNECTED TO MODEL LOCAL_RUN4       PACKAGE GHB_CONF         ON UNIT   1030 AT TIME STEP     20, STRESS PERIOD      4
 UBDSV06 SAVING              GHB IN MODEL LOCAL_RUN4       PACKAGE LOCAL_RUN4      CONNECTED TO MODEL LOCAL_RUN4       PACKAGE GHB_PW           ON UNIT   1030 AT TIME STEP     20, STRESS PERIOD      4
 UBDSV06 SAVING              GHB IN MODEL LOCAL_RUN4       PACKAGE LOCAL_RUN4      CONNECTED TO MODEL LOCAL_RUN4       PACKAGE GHB_SP           ON UNIT   1030 AT TIME STEP     20, STRESS PERIOD      4
 UBDSV06 SAVING             RCHA IN MODEL LOCAL_RUN4       PACKAGE LOCAL_RUN4      CONNECTED TO MODEL LOCAL_RUN4       PACKAGE RCH              ON UNIT   1030 AT TIME STEP     20, STRESS PERIOD      4

 HEAD WILL BE SAVED ON UNIT 1031 AT END OF TIME STEP   20, STRESS PERIOD    4

end timestep


start timestep kper="4" kstp="21" mode="normal"


 SLN_1 INNER ITERATION SUMMARY
 --------------------------------------------------------------------------------------------------------------------------------------
      TOTAL      OUTER      INNER                                                            MAXIMUM                                   
  ITERATION  ITERATION  ITERATION  MAXIMUM CHANGE      MAXIMUM CHANGE MODEL-(CELLID)        RESIDUAL    MAXIMUM RESIDUAL MODEL-(CELLID)
 --------------------------------------------------------------------------------------------------------------------------------------
          1          1          1     -0.18584683                    1_GWF-(1,47,37)      -58.046320                    1_GWF-(1,23,54)
          2          1          2  7.17318429E-02                    1_GWF-(1,47,37)      -13.517196                    1_GWF-(1,41,36)
          3          1          3      0.15403802                    1_GWF-(1,45,36)       61.108264                    1_GWF-(1,41,36)
          4          1          4     -0.13072275                    1_GWF-(1,45,36)      -1.6261685                    1_GWF-(1,23,54)
          5          1          5 -3.39558276E-04                     1_GWF-(1,6,17)       1.1945351                     1_GWF-(1,5,22)
          6          1          6 -2.17315409E-03                    1_GWF-(1,46,39)       2.1249700                     1_GWF-(1,5,22)
          7          1          7  4.87896933E-03                    1_GWF-(1,46,39)      0.11862563                     1_GWF-(1,5,22)
          8          1          8  6.68215615E-04                    1_GWF-(1,44,37)  7.25041814E-02                    1_GWF-(1,23,54)
 --------------------------------------------------------------------------------------------------------------------------------------


 UBDSV1 SAVING           STO-SS ON UNIT   1030 AT TIME STEP     21, STRESS PERIOD      4
 UBDSV1 SAVING     FLOW-JA-FACE ON UNIT   1030 AT TIME STEP     21, STRESS PERIOD      4
 UBDSV06 SAVING       DATA-SPDIS IN MODEL LOCAL_RUN4       PACKAGE NPF             CONNECTED TO MODEL LOCAL_RUN4       PACKAGE NPF              ON UNIT   1030 AT TIME STEP     21, STRESS PERIOD      4
 UBDSV06 SAVING              GHB IN MODEL LOCAL_RUN4       PACKAGE LOCAL_RUN4      CONNECTED TO MODEL LOCAL_RUN4       PACKAGE GHB_AW           ON UNIT   1030 AT TIME STEP     21, STRESS PERIOD      4
 UBDSV06 SAVING              GHB IN MODEL LOCAL_RUN4       PACKAGE LOCAL_RUN4      CONNECTED TO MODEL LOCAL_RUN4       PACKAGE GHB_CONF         ON UNIT   1030 AT TIME STEP     21, STRESS PERIOD      4
 UBDSV06 SAVING              GHB IN MODEL LOCAL_RUN4       PACKAGE LOCAL_RUN4      CONNECTED TO MODEL LOCAL_RUN4       PACKAGE GHB_PW           ON UNIT   1030 AT TIME STEP     21, STRESS PERIOD      4
 UBDSV06 SAVING              GHB IN MODEL LOCAL_RUN4       PACKAGE LOCAL_RUN4      CONNECTED TO MODEL LOCAL_RUN4       PACKAGE GHB_SP           ON UNIT   1030 AT TIME STEP     21, STRESS PERIOD      4
 UBDSV06 SAVING             RCHA IN MODEL LOCAL_RUN4       PACKAGE LOCAL_RUN4      CONNECTED TO MODEL LOCAL_RUN4       PACKAGE RCH              ON UNIT   1030 AT TIME STEP     21, STRESS PERIOD      4

 HEAD WILL BE SAVED ON UNIT 1031 AT END OF TIME STEP   21, STRESS PERIOD    4

end timestep


start timestep kper="4" kstp="22" mode="normal"


 SLN_1 INNER ITERATION SUMMARY
 --------------------------------------------------------------------------------------------------------------------------------------
      TOTAL      OUTER      INNER                                                            MAXIMUM                                   
  ITERATION  ITERATION  ITERATION  MAXIMUM CHANGE      MAXIMUM CHANGE MODEL-(CELLID)        RESIDUAL    MAXIMUM RESIDUAL MODEL-(CELLID)
 --------------------------------------------------------------------------------------------------------------------------------------
          1          1          1     -0.19902269                    1_GWF-(1,47,37)      -63.775156                    1_GWF-(1,23,54)
          2          1          2      0.10123497                    1_GWF-(1,47,37)      -12.979804                    1_GWF-(1,41,36)
          3          1          3  1.00405161E-02                    1_GWF-(1,43,37)      -4.8438282                    1_GWF-(1,41,36)
          4          1          4  5.22349592E-03                    1_GWF-(1,42,36)      -2.2621057                    1_GWF-(1,36,36)
          5          1          5  5.33550930E-03                    1_GWF-(1,47,37)      0.78719914                     1_GWF-(1,5,22)
          6          1          6 -7.81655504E-04                    1_GWF-(1,42,38)       1.0867967                     1_GWF-(1,5,22)
          7          1          7 -3.45719108E-03                     1_GWF-(1,6,20)  9.72109776E-02                    1_GWF-(1,43,38)
 --------------------------------------------------------------------------------------------------------------------------------------


 UBDSV1 SAVING           STO-SS ON UNIT   1030 AT TIME STEP     22, STRESS PERIOD      4
 UBDSV1 SAVING     FLOW-JA-FACE ON UNIT   1030 AT TIME STEP     22, STRESS PERIOD      4
 UBDSV06 SAVING       DATA-SPDIS IN MODEL LOCAL_RUN4       PACKAGE NPF             CONNECTED TO MODEL LOCAL_RUN4       PACKAGE NPF              ON UNIT   1030 AT TIME STEP     22, STRESS PERIOD      4
 UBDSV06 SAVING              GHB IN MODEL LOCAL_RUN4       PACKAGE LOCAL_RUN4      CONNECTED TO MODEL LOCAL_RUN4       PACKAGE GHB_AW           ON UNIT   1030 AT TIME STEP     22, STRESS PERIOD      4
 UBDSV06 SAVING              GHB IN MODEL LOCAL_RUN4       PACKAGE LOCAL_RUN4      CONNECTED TO MODEL LOCAL_RUN4       PACKAGE GHB_CONF         ON UNIT   1030 AT TIME STEP     22, STRESS PERIOD      4
 UBDSV06 SAVING              GHB IN MODEL LOCAL_RUN4       PACKAGE LOCAL_RUN4      CONNECTED TO MODEL LOCAL_RUN4       PACKAGE GHB_PW           ON UNIT   1030 AT TIME STEP     22, STRESS PERIOD      4
 UBDSV06 SAVING              GHB IN MODEL LOCAL_RUN4       PACKAGE LOCAL_RUN4      CONNECTED TO MODEL LOCAL_RUN4       PACKAGE GHB_SP           ON UNIT   1030 AT TIME STEP     22, STRESS PERIOD      4
 UBDSV06 SAVING             RCHA IN MODEL LOCAL_RUN4       PACKAGE LOCAL_RUN4      CONNECTED TO MODEL LOCAL_RUN4       PACKAGE RCH              ON UNIT   1030 AT TIME STEP     22, STRESS PERIOD      4

 HEAD WILL BE SAVED ON UNIT 1031 AT END OF TIME STEP   22, STRESS PERIOD    4

end timestep


start timestep kper="4" kstp="23" mode="normal"


 SLN_1 INNER ITERATION SUMMARY
 --------------------------------------------------------------------------------------------------------------------------------------
      TOTAL      OUTER      INNER                                                            MAXIMUM                                   
  ITERATION  ITERATION  ITERATION  MAXIMUM CHANGE      MAXIMUM CHANGE MODEL-(CELLID)        RESIDUAL    MAXIMUM RESIDUAL MODEL-(CELLID)
 --------------------------------------------------------------------------------------------------------------------------------------
          1          1          1     -0.17062658                    1_GWF-(1,47,37)      -53.136357                    1_GWF-(1,23,54)
          2          1          2  9.07512370E-02                    1_GWF-(1,47,37)      -6.1505863                    1_GWF-(1,41,36)
          3          1          3 -6.47554169E-03                    1_GWF-(1,38,21)      -2.3902975                    1_GWF-(1,37,35)
          4          1          4  5.22976122E-03                    1_GWF-(1,47,37)      -1.0498574                    1_GWF-(1,23,54)
          5          1          5  4.11573173E-03                    1_GWF-(1,47,37)      0.98166615                    1_GWF-(1,23,54)
          6          1          6 -6.66246932E-04                    1_GWF-(1,45,37)      0.25832518                     1_GWF-(1,7,19)
          7          1          7  4.68331925E-04                    1_GWF-(1,29,36)      0.12912818                    1_GWF-(1,33,34)
          8          1          8  1.52583821E-04                    1_GWF-(1,33,24) -5.36011873E-02                    1_GWF-(1,14,12)
 --------------------------------------------------------------------------------------------------------------------------------------


 UBDSV1 SAVING           STO-SS ON UNIT   1030 AT TIME STEP     23, STRESS PERIOD      4
 UBDSV1 SAVING     FLOW-JA-FACE ON UNIT   1030 AT TIME STEP     23, STRESS PERIOD      4
 UBDSV06 SAVING       DATA-SPDIS IN MODEL LOCAL_RUN4       PACKAGE NPF             CONNECTED TO MODEL LOCAL_RUN4       PACKAGE NPF              ON UNIT   1030 AT TIME STEP     23, STRESS PERIOD      4
 UBDSV06 SAVING              GHB IN MODEL LOCAL_RUN4       PACKAGE LOCAL_RUN4      CONNECTED TO MODEL LOCAL_RUN4       PACKAGE GHB_AW           ON UNIT   1030 AT TIME STEP     23, STRESS PERIOD      4
 UBDSV06 SAVING              GHB IN MODEL LOCAL_RUN4       PACKAGE LOCAL_RUN4      CONNECTED TO MODEL LOCAL_RUN4       PACKAGE GHB_CONF         ON UNIT   1030 AT TIME STEP     23, STRESS PERIOD      4
 UBDSV06 SAVING              GHB IN MODEL LOCAL_RUN4       PACKAGE LOCAL_RUN4      CONNECTED TO MODEL LOCAL_RUN4       PACKAGE GHB_PW           ON UNIT   1030 AT TIME STEP     23, STRESS PERIOD      4
 UBDSV06 SAVING              GHB IN MODEL LOCAL_RUN4       PACKAGE LOCAL_RUN4      CONNECTED TO MODEL LOCAL_RUN4       PACKAGE GHB_SP           ON UNIT   1030 AT TIME STEP     23, STRESS PERIOD      4
 UBDSV06 SAVING             RCHA IN MODEL LOCAL_RUN4       PACKAGE LOCAL_RUN4      CONNECTED TO MODEL LOCAL_RUN4       PACKAGE RCH              ON UNIT   1030 AT TIME STEP     23, STRESS PERIOD      4

 HEAD WILL BE SAVED ON UNIT 1031 AT END OF TIME STEP   23, STRESS PERIOD    4

end timestep


start timestep kper="4" kstp="24" mode="normal"


 SLN_1 INNER ITERATION SUMMARY
 --------------------------------------------------------------------------------------------------------------------------------------
      TOTAL      OUTER      INNER                                                            MAXIMUM                                   
  ITERATION  ITERATION  ITERATION  MAXIMUM CHANGE      MAXIMUM CHANGE MODEL-(CELLID)        RESIDUAL    MAXIMUM RESIDUAL MODEL-(CELLID)
 --------------------------------------------------------------------------------------------------------------------------------------
          1          1          1     -0.10574505                    1_GWF-(1,47,37)      -33.042078                    1_GWF-(1,23,54)
          2          1          2  3.03424841E-02                    1_GWF-(1,47,37)      -11.048669                    1_GWF-(1,41,36)
          3          1          3  7.77524836E-02                    1_GWF-(1,47,37)       25.942621                    1_GWF-(1,41,37)
          4          1          4 -6.46299007E-02                    1_GWF-(1,47,37)      -2.2352003                    1_GWF-(1,42,37)
          5          1          5  3.58774234E-03                    1_GWF-(1,43,37)      0.98277099                     1_GWF-(1,4,25)
          6          1          6  2.11203487E-03                    1_GWF-(1,47,37)      0.21426498                     1_GWF-(1,5,22)
          7          1          7 -2.55409791E-04                     1_GWF-(1,6,17)      0.16994643                     1_GWF-(1,5,22)
          8          1          8  2.42346318E-04                    1_GWF-(1,46,39)     -0.10984468                    1_GWF-(1,23,54)
          9          1          9  8.46041378E-06                     1_GWF-(1,32,1)  6.08303705E-02                     1_GWF-(1,5,22)
 --------------------------------------------------------------------------------------------------------------------------------------


 UBDSV1 SAVING           STO-SS ON UNIT   1030 AT TIME STEP     24, STRESS PERIOD      4
 UBDSV1 SAVING     FLOW-JA-FACE ON UNIT   1030 AT TIME STEP     24, STRESS PERIOD      4
 UBDSV06 SAVING       DATA-SPDIS IN MODEL LOCAL_RUN4       PACKAGE NPF             CONNECTED TO MODEL LOCAL_RUN4       PACKAGE NPF              ON UNIT   1030 AT TIME STEP     24, STRESS PERIOD      4
 UBDSV06 SAVING              GHB IN MODEL LOCAL_RUN4       PACKAGE LOCAL_RUN4      CONNECTED TO MODEL LOCAL_RUN4       PACKAGE GHB_AW           ON UNIT   1030 AT TIME STEP     24, STRESS PERIOD      4
 UBDSV06 SAVING              GHB IN MODEL LOCAL_RUN4       PACKAGE LOCAL_RUN4      CONNECTED TO MODEL LOCAL_RUN4       PACKAGE GHB_CONF         ON UNIT   1030 AT TIME STEP     24, STRESS PERIOD      4
 UBDSV06 SAVING              GHB IN MODEL LOCAL_RUN4       PACKAGE LOCAL_RUN4      CONNECTED TO MODEL LOCAL_RUN4       PACKAGE GHB_PW           ON UNIT   1030 AT TIME STEP     24, STRESS PERIOD      4
 UBDSV06 SAVING              GHB IN MODEL LOCAL_RUN4       PACKAGE LOCAL_RUN4      CONNECTED TO MODEL LOCAL_RUN4       PACKAGE GHB_SP           ON UNIT   1030 AT TIME STEP     24, STRESS PERIOD      4
 UBDSV06 SAVING             RCHA IN MODEL LOCAL_RUN4       PACKAGE LOCAL_RUN4      CONNECTED TO MODEL LOCAL_RUN4       PACKAGE RCH              ON UNIT   1030 AT TIME STEP     24, STRESS PERIOD      4

 HEAD WILL BE SAVED ON UNIT 1031 AT END OF TIME STEP   24, STRESS PERIOD    4

end timestep


start timestep kper="4" kstp="25" mode="normal"


 SLN_1 INNER ITERATION SUMMARY
 --------------------------------------------------------------------------------------------------------------------------------------
      TOTAL      OUTER      INNER                                                            MAXIMUM                                   
  ITERATION  ITERATION  ITERATION  MAXIMUM CHANGE      MAXIMUM CHANGE MODEL-(CELLID)        RESIDUAL    MAXIMUM RESIDUAL MODEL-(CELLID)
 --------------------------------------------------------------------------------------------------------------------------------------
          1          1          1 -8.61254436E-02                    1_GWF-(1,47,37)      -27.379227                    1_GWF-(1,23,54)
          2          1          2  2.48005064E-02                    1_GWF-(1,47,37)      -7.4508020                    1_GWF-(1,41,36)
          3          1          3 -4.58596619E-03                    1_GWF-(1,47,37)      -6.9102838                    1_GWF-(1,41,36)
          4          1          4  1.59357101E-02                    1_GWF-(1,47,37)     -0.42184966                    1_GWF-(1,23,54)
          5          1          5 -3.95297634E-04                    1_GWF-(1,47,37)      0.62677682                     1_GWF-(1,4,25)
          6          1          6  7.58734693E-03                    1_GWF-(1,43,37)      -1.4000665                     1_GWF-(1,5,22)
          7          1          7 -5.49791621E-03                    1_GWF-(1,43,37) -3.30783695E-02                    1_GWF-(1,35,18)
 --------------------------------------------------------------------------------------------------------------------------------------


 UBDSV1 SAVING           STO-SS ON UNIT   1030 AT TIME STEP     25, STRESS PERIOD      4
 UBDSV1 SAVING     FLOW-JA-FACE ON UNIT   1030 AT TIME STEP     25, STRESS PERIOD      4
 UBDSV06 SAVING       DATA-SPDIS IN MODEL LOCAL_RUN4       PACKAGE NPF             CONNECTED TO MODEL LOCAL_RUN4       PACKAGE NPF              ON UNIT   1030 AT TIME STEP     25, STRESS PERIOD      4
 UBDSV06 SAVING              GHB IN MODEL LOCAL_RUN4       PACKAGE LOCAL_RUN4      CONNECTED TO MODEL LOCAL_RUN4       PACKAGE GHB_AW           ON UNIT   1030 AT TIME STEP     25, STRESS PERIOD      4
 UBDSV06 SAVING              GHB IN MODEL LOCAL_RUN4       PACKAGE LOCAL_RUN4      CONNECTED TO MODEL LOCAL_RUN4       PACKAGE GHB_CONF         ON UNIT   1030 AT TIME STEP     25, STRESS PERIOD      4
 UBDSV06 SAVING              GHB IN MODEL LOCAL_RUN4       PACKAGE LOCAL_RUN4      CONNECTED TO MODEL LOCAL_RUN4       PACKAGE GHB_PW           ON UNIT   1030 AT TIME STEP     25, STRESS PERIOD      4
 UBDSV06 SAVING              GHB IN MODEL LOCAL_RUN4       PACKAGE LOCAL_RUN4      CONNECTED TO MODEL LOCAL_RUN4       PACKAGE GHB_SP           ON UNIT   1030 AT TIME STEP     25, STRESS PERIOD      4
 UBDSV06 SAVING             RCHA IN MODEL LOCAL_RUN4       PACKAGE LOCAL_RUN4      CONNECTED TO MODEL LOCAL_RUN4       PACKAGE RCH              ON UNIT   1030 AT TIME STEP     25, STRESS PERIOD      4

 HEAD WILL BE SAVED ON UNIT 1031 AT END OF TIME STEP   25, STRESS PERIOD    4

end timestep


start timestep kper="4" kstp="26" mode="normal"


 SLN_1 INNER ITERATION SUMMARY
 --------------------------------------------------------------------------------------------------------------------------------------
      TOTAL      OUTER      INNER                                                            MAXIMUM                                   
  ITERATION  ITERATION  ITERATION  MAXIMUM CHANGE      MAXIMUM CHANGE MODEL-(CELLID)        RESIDUAL    MAXIMUM RESIDUAL MODEL-(CELLID)
 --------------------------------------------------------------------------------------------------------------------------------------
          1          1          1 -7.84204935E-02                    1_GWF-(1,47,37)      -23.918454                    1_GWF-(1,23,54)
          2          1          2  1.61194536E-02                    1_GWF-(1,47,37)      -12.068433                    1_GWF-(1,42,37)
          3          1          3  1.62213613E-02                    1_GWF-(1,44,37)      -1.5758538                    1_GWF-(1,37,35)
          4          1          4  3.53512886E-03                    1_GWF-(1,47,37)      0.65727873                    1_GWF-(1,36,35)
          5          1          5  1.05028386E-03                    1_GWF-(1,23,55)      0.35776514                     1_GWF-(1,7,19)
          6          1          6 -1.15572093E-02                    1_GWF-(1,39,22)       5.6813123                    1_GWF-(1,41,36)
          7          1          7  1.27162993E-02                    1_GWF-(1,39,23)     -0.20047024                     1_GWF-(1,7,19)
          8          1          8 -4.81680703E-04                    1_GWF-(1,38,23)  1.76366111E-02                     1_GWF-(1,7,19)
 --------------------------------------------------------------------------------------------------------------------------------------


 UBDSV1 SAVING           STO-SS ON UNIT   1030 AT TIME STEP     26, STRESS PERIOD      4
 UBDSV1 SAVING     FLOW-JA-FACE ON UNIT   1030 AT TIME STEP     26, STRESS PERIOD      4
 UBDSV06 SAVING       DATA-SPDIS IN MODEL LOCAL_RUN4       PACKAGE NPF             CONNECTED TO MODEL LOCAL_RUN4       PACKAGE NPF              ON UNIT   1030 AT TIME STEP     26, STRESS PERIOD      4
 UBDSV06 SAVING              GHB IN MODEL LOCAL_RUN4       PACKAGE LOCAL_RUN4      CONNECTED TO MODEL LOCAL_RUN4       PACKAGE GHB_AW           ON UNIT   1030 AT TIME STEP     26, STRESS PERIOD      4
 UBDSV06 SAVING              GHB IN MODEL LOCAL_RUN4       PACKAGE LOCAL_RUN4      CONNECTED TO MODEL LOCAL_RUN4       PACKAGE GHB_CONF         ON UNIT   1030 AT TIME STEP     26, STRESS PERIOD      4
 UBDSV06 SAVING              GHB IN MODEL LOCAL_RUN4       PACKAGE LOCAL_RUN4      CONNECTED TO MODEL LOCAL_RUN4       PACKAGE GHB_PW           ON UNIT   1030 AT TIME STEP     26, STRESS PERIOD      4
 UBDSV06 SAVING              GHB IN MODEL LOCAL_RUN4       PACKAGE LOCAL_RUN4      CONNECTED TO MODEL LOCAL_RUN4       PACKAGE GHB_SP           ON UNIT   1030 AT TIME STEP     26, STRESS PERIOD      4
 UBDSV06 SAVING             RCHA IN MODEL LOCAL_RUN4       PACKAGE LOCAL_RUN4      CONNECTED TO MODEL LOCAL_RUN4       PACKAGE RCH              ON UNIT   1030 AT TIME STEP     26, STRESS PERIOD      4

 HEAD WILL BE SAVED ON UNIT 1031 AT END OF TIME STEP   26, STRESS PERIOD    4

end timestep


start timestep kper="4" kstp="27" mode="normal"


 SLN_1 INNER ITERATION SUMMARY
 --------------------------------------------------------------------------------------------------------------------------------------
      TOTAL      OUTER      INNER                                                            MAXIMUM                                   
  ITERATION  ITERATION  ITERATION  MAXIMUM CHANGE      MAXIMUM CHANGE MODEL-(CELLID)        RESIDUAL    MAXIMUM RESIDUAL MODEL-(CELLID)
 --------------------------------------------------------------------------------------------------------------------------------------
          1          1          1 -7.30946142E-02                    1_GWF-(1,47,37)      -22.833232                    1_GWF-(1,23,54)
          2          1          2  2.70044914E-02                    1_GWF-(1,47,37)      -6.0056316                    1_GWF-(1,41,36)
          3          1          3  6.98184756E-03                    1_GWF-(1,43,37)     -0.61295917                    1_GWF-(1,11,55)
          4          1          4  2.34716185E-03                    1_GWF-(1,46,39)     -0.37965285                    1_GWF-(1,23,54)
          5          1          5 -6.10434111E-04                     1_GWF-(1,5,19)      0.37071990                     1_GWF-(1,5,22)
          6          1          6 -1.02905439E-04                    1_GWF-(1,43,36)      0.28166909                     1_GWF-(1,5,22)
          7          1          7  1.27403243E-03                    1_GWF-(1,44,37) -7.61869106E-02                     1_GWF-(1,3,28)
 --------------------------------------------------------------------------------------------------------------------------------------


 UBDSV1 SAVING           STO-SS ON UNIT   1030 AT TIME STEP     27, STRESS PERIOD      4
 UBDSV1 SAVING     FLOW-JA-FACE ON UNIT   1030 AT TIME STEP     27, STRESS PERIOD      4
 UBDSV06 SAVING       DATA-SPDIS IN MODEL LOCAL_RUN4       PACKAGE NPF             CONNECTED TO MODEL LOCAL_RUN4       PACKAGE NPF              ON UNIT   1030 AT TIME STEP     27, STRESS PERIOD      4
 UBDSV06 SAVING              GHB IN MODEL LOCAL_RUN4       PACKAGE LOCAL_RUN4      CONNECTED TO MODEL LOCAL_RUN4       PACKAGE GHB_AW           ON UNIT   1030 AT TIME STEP     27, STRESS PERIOD      4
 UBDSV06 SAVING              GHB IN MODEL LOCAL_RUN4       PACKAGE LOCAL_RUN4      CONNECTED TO MODEL LOCAL_RUN4       PACKAGE GHB_CONF         ON UNIT   1030 AT TIME STEP     27, STRESS PERIOD      4
 UBDSV06 SAVING              GHB IN MODEL LOCAL_RUN4       PACKAGE LOCAL_RUN4      CONNECTED TO MODEL LOCAL_RUN4       PACKAGE GHB_PW           ON UNIT   1030 AT TIME STEP     27, STRESS PERIOD      4
 UBDSV06 SAVING              GHB IN MODEL LOCAL_RUN4       PACKAGE LOCAL_RUN4      CONNECTED TO MODEL LOCAL_RUN4       PACKAGE GHB_SP           ON UNIT   1030 AT TIME STEP     27, STRESS PERIOD      4
 UBDSV06 SAVING             RCHA IN MODEL LOCAL_RUN4       PACKAGE LOCAL_RUN4      CONNECTED TO MODEL LOCAL_RUN4       PACKAGE RCH              ON UNIT   1030 AT TIME STEP     27, STRESS PERIOD      4

 HEAD WILL BE SAVED ON UNIT 1031 AT END OF TIME STEP   27, STRESS PERIOD    4

end timestep


start timestep kper="4" kstp="28" mode="normal"


 SLN_1 INNER ITERATION SUMMARY
 --------------------------------------------------------------------------------------------------------------------------------------
      TOTAL      OUTER      INNER                                                            MAXIMUM                                   
  ITERATION  ITERATION  ITERATION  MAXIMUM CHANGE      MAXIMUM CHANGE MODEL-(CELLID)        RESIDUAL    MAXIMUM RESIDUAL MODEL-(CELLID)
 --------------------------------------------------------------------------------------------------------------------------------------
          1          1          1 -4.46271999E-02                    1_GWF-(1,47,37)      -12.493286                    1_GWF-(1,23,54)
          2          1          2 -9.48761717E-03                    1_GWF-(1,36,29)      -6.0698362                    1_GWF-(1,41,36)
          3          1          3  1.11667996E-02                    1_GWF-(1,43,37)      0.81399375                     1_GWF-(1,6,20)
          4          1          4 -9.80233078E-04                     1_GWF-(1,3,25)     -0.58736224                    1_GWF-(1,23,54)
          5          1          5 -3.83059917E-03                     1_GWF-(1,5,22)     -0.26148027                     1_GWF-(1,3,28)
          6          1          6  8.80600312E-05                    1_GWF-(1,39,25)     -0.29173177                     1_GWF-(1,3,28)
          7          1          7  3.91747565E-04                     1_GWF-(1,3,29)     -0.14805032                     1_GWF-(1,7,19)
          8          1          8  5.23410670E-04                     1_GWF-(1,6,20)  5.66735136E-03                     1_GWF-(1,29,4)
 --------------------------------------------------------------------------------------------------------------------------------------


 UBDSV1 SAVING           STO-SS ON UNIT   1030 AT TIME STEP     28, STRESS PERIOD      4
 UBDSV1 SAVING     FLOW-JA-FACE ON UNIT   1030 AT TIME STEP     28, STRESS PERIOD      4
 UBDSV06 SAVING       DATA-SPDIS IN MODEL LOCAL_RUN4       PACKAGE NPF             CONNECTED TO MODEL LOCAL_RUN4       PACKAGE NPF              ON UNIT   1030 AT TIME STEP     28, STRESS PERIOD      4
 UBDSV06 SAVING              GHB IN MODEL LOCAL_RUN4       PACKAGE LOCAL_RUN4      CONNECTED TO MODEL LOCAL_RUN4       PACKAGE GHB_AW           ON UNIT   1030 AT TIME STEP     28, STRESS PERIOD      4
 UBDSV06 SAVING              GHB IN MODEL LOCAL_RUN4       PACKAGE LOCAL_RUN4      CONNECTED TO MODEL LOCAL_RUN4       PACKAGE GHB_CONF         ON UNIT   1030 AT TIME STEP     28, STRESS PERIOD      4
 UBDSV06 SAVING              GHB IN MODEL LOCAL_RUN4       PACKAGE LOCAL_RUN4      CONNECTED TO MODEL LOCAL_RUN4       PACKAGE GHB_PW           ON UNIT   1030 AT TIME STEP     28, STRESS PERIOD      4
 UBDSV06 SAVING              GHB IN MODEL LOCAL_RUN4       PACKAGE LOCAL_RUN4      CONNECTED TO MODEL LOCAL_RUN4       PACKAGE GHB_SP           ON UNIT   1030 AT TIME STEP     28, STRESS PERIOD      4
 UBDSV06 SAVING             RCHA IN MODEL LOCAL_RUN4       PACKAGE LOCAL_RUN4      CONNECTED TO MODEL LOCAL_RUN4       PACKAGE RCH              ON UNIT   1030 AT TIME STEP     28, STRESS PERIOD      4

 HEAD WILL BE SAVED ON UNIT 1031 AT END OF TIME STEP   28, STRESS PERIOD    4

end timestep


start timestep kper="4" kstp="29" mode="normal"


 SLN_1 INNER ITERATION SUMMARY
 --------------------------------------------------------------------------------------------------------------------------------------
      TOTAL      OUTER      INNER                                                            MAXIMUM                                   
  ITERATION  ITERATION  ITERATION  MAXIMUM CHANGE      MAXIMUM CHANGE MODEL-(CELLID)        RESIDUAL    MAXIMUM RESIDUAL MODEL-(CELLID)
 --------------------------------------------------------------------------------------------------------------------------------------
          1          1          1 -5.73491885E-02                    1_GWF-(1,47,37)      -17.921538                    1_GWF-(1,23,54)
          2          1          2  2.28120719E-02                    1_GWF-(1,47,37)      -4.0412955                    1_GWF-(1,41,36)
          3          1          3 -3.39303218E-03                    1_GWF-(1,47,37)      -4.2427987                    1_GWF-(1,41,37)
          4          1          4  9.60590513E-03                    1_GWF-(1,47,37)     -0.74258349                    1_GWF-(1,43,37)
          5          1          5  4.68003190E-04                    1_GWF-(1,43,36)     -0.30571752                    1_GWF-(1,42,37)
          6          1          6  1.65320864E-04                    1_GWF-(1,43,36)      0.33004987                     1_GWF-(1,5,22)
          7          1          7  1.54111819E-03                    1_GWF-(1,47,37)     -0.11376933                     1_GWF-(1,4,25)
          8          1          8 -3.97881911E-04                    1_GWF-(1,45,37)  6.30217637E-02                    1_GWF-(1,23,35)
 --------------------------------------------------------------------------------------------------------------------------------------


 UBDSV1 SAVING           STO-SS ON UNIT   1030 AT TIME STEP     29, STRESS PERIOD      4
 UBDSV1 SAVING     FLOW-JA-FACE ON UNIT   1030 AT TIME STEP     29, STRESS PERIOD      4
 UBDSV06 SAVING       DATA-SPDIS IN MODEL LOCAL_RUN4       PACKAGE NPF             CONNECTED TO MODEL LOCAL_RUN4       PACKAGE NPF              ON UNIT   1030 AT TIME STEP     29, STRESS PERIOD      4
 UBDSV06 SAVING              GHB IN MODEL LOCAL_RUN4       PACKAGE LOCAL_RUN4      CONNECTED TO MODEL LOCAL_RUN4       PACKAGE GHB_AW           ON UNIT   1030 AT TIME STEP     29, STRESS PERIOD      4
 UBDSV06 SAVING              GHB IN MODEL LOCAL_RUN4       PACKAGE LOCAL_RUN4      CONNECTED TO MODEL LOCAL_RUN4       PACKAGE GHB_CONF         ON UNIT   1030 AT TIME STEP     29, STRESS PERIOD      4
 UBDSV06 SAVING              GHB IN MODEL LOCAL_RUN4       PACKAGE LOCAL_RUN4      CONNECTED TO MODEL LOCAL_RUN4       PACKAGE GHB_PW           ON UNIT   1030 AT TIME STEP     29, STRESS PERIOD      4
 UBDSV06 SAVING              GHB IN MODEL LOCAL_RUN4       PACKAGE LOCAL_RUN4      CONNECTED TO MODEL LOCAL_RUN4       PACKAGE GHB_SP           ON UNIT   1030 AT TIME STEP     29, STRESS PERIOD      4
 UBDSV06 SAVING             RCHA IN MODEL LOCAL_RUN4       PACKAGE LOCAL_RUN4      CONNECTED TO MODEL LOCAL_RUN4       PACKAGE RCH              ON UNIT   1030 AT TIME STEP     29, STRESS PERIOD      4

 HEAD WILL BE SAVED ON UNIT 1031 AT END OF TIME STEP   29, STRESS PERIOD    4

end timestep


start timestep kper="4" kstp="30" mode="normal"


 SLN_1 INNER ITERATION SUMMARY
 --------------------------------------------------------------------------------------------------------------------------------------
      TOTAL      OUTER      INNER                                                            MAXIMUM                                   
  ITERATION  ITERATION  ITERATION  MAXIMUM CHANGE      MAXIMUM CHANGE MODEL-(CELLID)        RESIDUAL    MAXIMUM RESIDUAL MODEL-(CELLID)
 --------------------------------------------------------------------------------------------------------------------------------------
          1          1          1 -2.81030133E-02                    1_GWF-(1,47,37)      -8.3452669                    1_GWF-(1,23,54)
          2          1          2 -9.63568682E-03                    1_GWF-(1,37,29)      -3.2421010                    1_GWF-(1,41,36)
          3          1          3  3.76268571E-03                    1_GWF-(1,42,36)      -1.4977973                    1_GWF-(1,23,54)
          4          1          4 -4.44250896E-04                    1_GWF-(1,40,35)      -1.1107226                    1_GWF-(1,41,36)
          5          1          5  2.24018170E-03                    1_GWF-(1,47,37)     -0.48581070                    1_GWF-(1,41,36)
          6          1          6  2.02804780E-03                    1_GWF-(1,47,37)     -0.17562575                    1_GWF-(1,22,50)
          7          1          7 -4.76651801E-03                     1_GWF-(1,6,17)      -1.0540746                     1_GWF-(1,8,18)
          8          1          8  4.22969550E-03                     1_GWF-(1,6,17)  1.63389808E-02                     1_GWF-(1,7,19)
 --------------------------------------------------------------------------------------------------------------------------------------


 UBDSV1 SAVING           STO-SS ON UNIT   1030 AT TIME STEP     30, STRESS PERIOD      4
 UBDSV1 SAVING     FLOW-JA-FACE ON UNIT   1030 AT TIME STEP     30, STRESS PERIOD      4
 UBDSV06 SAVING       DATA-SPDIS IN MODEL LOCAL_RUN4       PACKAGE NPF             CONNECTED TO MODEL LOCAL_RUN4       PACKAGE NPF              ON UNIT   1030 AT TIME STEP     30, STRESS PERIOD      4
 UBDSV06 SAVING              GHB IN MODEL LOCAL_RUN4       PACKAGE LOCAL_RUN4      CONNECTED TO MODEL LOCAL_RUN4       PACKAGE GHB_AW           ON UNIT   1030 AT TIME STEP     30, STRESS PERIOD      4
 UBDSV06 SAVING              GHB IN MODEL LOCAL_RUN4       PACKAGE LOCAL_RUN4      CONNECTED TO MODEL LOCAL_RUN4       PACKAGE GHB_CONF         ON UNIT   1030 AT TIME STEP     30, STRESS PERIOD      4
 UBDSV06 SAVING              GHB IN MODEL LOCAL_RUN4       PACKAGE LOCAL_RUN4      CONNECTED TO MODEL LOCAL_RUN4       PACKAGE GHB_PW           ON UNIT   1030 AT TIME STEP     30, STRESS PERIOD      4
 UBDSV06 SAVING              GHB IN MODEL LOCAL_RUN4       PACKAGE LOCAL_RUN4      CONNECTED TO MODEL LOCAL_RUN4       PACKAGE GHB_SP           ON UNIT   1030 AT TIME STEP     30, STRESS PERIOD      4
 UBDSV06 SAVING             RCHA IN MODEL LOCAL_RUN4       PACKAGE LOCAL_RUN4      CONNECTED TO MODEL LOCAL_RUN4       PACKAGE RCH              ON UNIT   1030 AT TIME STEP     30, STRESS PERIOD      4

 HEAD WILL BE SAVED ON UNIT 1031 AT END OF TIME STEP   30, STRESS PERIOD    4

end timestep


start timestep kper="4" kstp="31" mode="normal"


 SLN_1 INNER ITERATION SUMMARY
 --------------------------------------------------------------------------------------------------------------------------------------
      TOTAL      OUTER      INNER                                                            MAXIMUM                                   
  ITERATION  ITERATION  ITERATION  MAXIMUM CHANGE      MAXIMUM CHANGE MODEL-(CELLID)        RESIDUAL    MAXIMUM RESIDUAL MODEL-(CELLID)
 --------------------------------------------------------------------------------------------------------------------------------------
          1          1          1 -3.87574332E-02                    1_GWF-(1,47,37)      -12.274869                    1_GWF-(1,23,54)
          2          1          2  1.25833669E-02                    1_GWF-(1,47,37)      -4.1598178                    1_GWF-(1,41,36)
          3          1          3  3.32977275E-03                    1_GWF-(1,43,37)      -1.1876731                    1_GWF-(1,42,37)
          4          1          4  2.28882831E-03                    1_GWF-(1,43,37)      0.29526185                     1_GWF-(1,4,25)
          5          1          5  3.21560061E-04                    1_GWF-(1,47,37)      0.18871829                     1_GWF-(1,5,22)
          6          1          6 -4.03735544E-05                    1_GWF-(1,44,36)      0.18806842                     1_GWF-(1,4,25)
          7          1          7  5.27657231E-03                    1_GWF-(1,47,37)      -1.1876709                     1_GWF-(1,4,25)
          8          1          8 -4.54731305E-03                    1_GWF-(1,47,37) -1.37885814E-02                     1_GWF-(1,4,25)
 --------------------------------------------------------------------------------------------------------------------------------------


 UBDSV1 SAVING           STO-SS ON UNIT   1030 AT TIME STEP     31, STRESS PERIOD      4
 UBDSV1 SAVING     FLOW-JA-FACE ON UNIT   1030 AT TIME STEP     31, STRESS PERIOD      4
 UBDSV06 SAVING       DATA-SPDIS IN MODEL LOCAL_RUN4       PACKAGE NPF             CONNECTED TO MODEL LOCAL_RUN4       PACKAGE NPF              ON UNIT   1030 AT TIME STEP     31, STRESS PERIOD      4
 UBDSV06 SAVING              GHB IN MODEL LOCAL_RUN4       PACKAGE LOCAL_RUN4      CONNECTED TO MODEL LOCAL_RUN4       PACKAGE GHB_AW           ON UNIT   1030 AT TIME STEP     31, STRESS PERIOD      4
 UBDSV06 SAVING              GHB IN MODEL LOCAL_RUN4       PACKAGE LOCAL_RUN4      CONNECTED TO MODEL LOCAL_RUN4       PACKAGE GHB_CONF         ON UNIT   1030 AT TIME STEP     31, STRESS PERIOD      4
 UBDSV06 SAVING              GHB IN MODEL LOCAL_RUN4       PACKAGE LOCAL_RUN4      CONNECTED TO MODEL LOCAL_RUN4       PACKAGE GHB_PW           ON UNIT   1030 AT TIME STEP     31, STRESS PERIOD      4
 UBDSV06 SAVING              GHB IN MODEL LOCAL_RUN4       PACKAGE LOCAL_RUN4      CONNECTED TO MODEL LOCAL_RUN4       PACKAGE GHB_SP           ON UNIT   1030 AT TIME STEP     31, STRESS PERIOD      4
 UBDSV06 SAVING             RCHA IN MODEL LOCAL_RUN4       PACKAGE LOCAL_RUN4      CONNECTED TO MODEL LOCAL_RUN4       PACKAGE RCH              ON UNIT   1030 AT TIME STEP     31, STRESS PERIOD      4

 HEAD WILL BE SAVED ON UNIT 1031 AT END OF TIME STEP   31, STRESS PERIOD    4

end timestep


start timestep kper="4" kstp="32" mode="normal"


 SLN_1 INNER ITERATION SUMMARY
 --------------------------------------------------------------------------------------------------------------------------------------
      TOTAL      OUTER      INNER                                                            MAXIMUM                                   
  ITERATION  ITERATION  ITERATION  MAXIMUM CHANGE      MAXIMUM CHANGE MODEL-(CELLID)        RESIDUAL    MAXIMUM RESIDUAL MODEL-(CELLID)
 --------------------------------------------------------------------------------------------------------------------------------------
          1          1          1 -3.22727691E-02                    1_GWF-(1,47,37)      -9.9549250                    1_GWF-(1,23,54)
          2          1          2  1.02055011E-02                    1_GWF-(1,47,37)      -2.2863882                    1_GWF-(1,41,36)
          3          1          3 -7.59725255E-04                    1_GWF-(1,45,36)      -2.3491196                    1_GWF-(1,41,36)
          4          1          4  3.92608616E-03                    1_GWF-(1,44,37)     -0.70771828                    1_GWF-(1,23,54)
          5          1          5  1.36551952E-03                    1_GWF-(1,45,36)     -0.32987528                    1_GWF-(1,23,54)
          6          1          6 -3.86854411E-04                     1_GWF-(1,6,19) -5.16308753E-02                    1_GWF-(1,41,36)
 --------------------------------------------------------------------------------------------------------------------------------------


 UBDSV1 SAVING           STO-SS ON UNIT   1030 AT TIME STEP     32, STRESS PERIOD      4
 UBDSV1 SAVING     FLOW-JA-FACE ON UNIT   1030 AT TIME STEP     32, STRESS PERIOD      4
 UBDSV06 SAVING       DATA-SPDIS IN MODEL LOCAL_RUN4       PACKAGE NPF             CONNECTED TO MODEL LOCAL_RUN4       PACKAGE NPF              ON UNIT   1030 AT TIME STEP     32, STRESS PERIOD      4
 UBDSV06 SAVING              GHB IN MODEL LOCAL_RUN4       PACKAGE LOCAL_RUN4      CONNECTED TO MODEL LOCAL_RUN4       PACKAGE GHB_AW           ON UNIT   1030 AT TIME STEP     32, STRESS PERIOD      4
 UBDSV06 SAVING              GHB IN MODEL LOCAL_RUN4       PACKAGE LOCAL_RUN4      CONNECTED TO MODEL LOCAL_RUN4       PACKAGE GHB_CONF         ON UNIT   1030 AT TIME STEP     32, STRESS PERIOD      4
 UBDSV06 SAVING              GHB IN MODEL LOCAL_RUN4       PACKAGE LOCAL_RUN4      CONNECTED TO MODEL LOCAL_RUN4       PACKAGE GHB_PW           ON UNIT   1030 AT TIME STEP     32, STRESS PERIOD      4
 UBDSV06 SAVING              GHB IN MODEL LOCAL_RUN4       PACKAGE LOCAL_RUN4      CONNECTED TO MODEL LOCAL_RUN4       PACKAGE GHB_SP           ON UNIT   1030 AT TIME STEP     32, STRESS PERIOD      4
 UBDSV06 SAVING             RCHA IN MODEL LOCAL_RUN4       PACKAGE LOCAL_RUN4      CONNECTED TO MODEL LOCAL_RUN4       PACKAGE RCH              ON UNIT   1030 AT TIME STEP     32, STRESS PERIOD      4

 HEAD WILL BE SAVED ON UNIT 1031 AT END OF TIME STEP   32, STRESS PERIOD    4

end timestep


start timestep kper="4" kstp="33" mode="normal"


 SLN_1 INNER ITERATION SUMMARY
 --------------------------------------------------------------------------------------------------------------------------------------
      TOTAL      OUTER      INNER                                                            MAXIMUM                                   
  ITERATION  ITERATION  ITERATION  MAXIMUM CHANGE      MAXIMUM CHANGE MODEL-(CELLID)        RESIDUAL    MAXIMUM RESIDUAL MODEL-(CELLID)
 --------------------------------------------------------------------------------------------------------------------------------------
          1          1          1 -1.48276672E-02                    1_GWF-(1,47,37)      -5.2940707                    1_GWF-(1,23,54)
          2          1          2 -7.24665397E-03                    1_GWF-(1,16,47)      -1.6349761                    1_GWF-(1,41,36)
          3          1          3  1.74770828E-03                    1_GWF-(1,47,37)     -0.67842058                    1_GWF-(1,42,37)
          4          1          4 -2.50943560E-03                    1_GWF-(1,47,37)      -1.2826926                    1_GWF-(1,41,36)
          5          1          5  3.95061943E-03                    1_GWF-(1,47,37)  5.22118777E-02                     1_GWF-(1,5,22)
 --------------------------------------------------------------------------------------------------------------------------------------


 UBDSV1 SAVING           STO-SS ON UNIT   1030 AT TIME STEP     33, STRESS PERIOD      4
 UBDSV1 SAVING     FLOW-JA-FACE ON UNIT   1030 AT TIME STEP     33, STRESS PERIOD      4
 UBDSV06 SAVING       DATA-SPDIS IN MODEL LOCAL_RUN4       PACKAGE NPF             CONNECTED TO MODEL LOCAL_RUN4       PACKAGE NPF              ON UNIT   1030 AT TIME STEP     33, STRESS PERIOD      4
 UBDSV06 SAVING              GHB IN MODEL LOCAL_RUN4       PACKAGE LOCAL_RUN4      CONNECTED TO MODEL LOCAL_RUN4       PACKAGE GHB_AW           ON UNIT   1030 AT TIME STEP     33, STRESS PERIOD      4
 UBDSV06 SAVING              GHB IN MODEL LOCAL_RUN4       PACKAGE LOCAL_RUN4      CONNECTED TO MODEL LOCAL_RUN4       PACKAGE GHB_CONF         ON UNIT   1030 AT TIME STEP     33, STRESS PERIOD      4
 UBDSV06 SAVING              GHB IN MODEL LOCAL_RUN4       PACKAGE LOCAL_RUN4      CONNECTED TO MODEL LOCAL_RUN4       PACKAGE GHB_PW           ON UNIT   1030 AT TIME STEP     33, STRESS PERIOD      4
 UBDSV06 SAVING              GHB IN MODEL LOCAL_RUN4       PACKAGE LOCAL_RUN4      CONNECTED TO MODEL LOCAL_RUN4       PACKAGE GHB_SP           ON UNIT   1030 AT TIME STEP     33, STRESS PERIOD      4
 UBDSV06 SAVING             RCHA IN MODEL LOCAL_RUN4       PACKAGE LOCAL_RUN4      CONNECTED TO MODEL LOCAL_RUN4       PACKAGE RCH              ON UNIT   1030 AT TIME STEP     33, STRESS PERIOD      4

 HEAD WILL BE SAVED ON UNIT 1031 AT END OF TIME STEP   33, STRESS PERIOD    4

end timestep


start timestep kper="4" kstp="34" mode="normal"


 SLN_1 INNER ITERATION SUMMARY
 --------------------------------------------------------------------------------------------------------------------------------------
      TOTAL      OUTER      INNER                                                            MAXIMUM                                   
  ITERATION  ITERATION  ITERATION  MAXIMUM CHANGE      MAXIMUM CHANGE MODEL-(CELLID)        RESIDUAL    MAXIMUM RESIDUAL MODEL-(CELLID)
 --------------------------------------------------------------------------------------------------------------------------------------
          1          1          1 -1.59292540E-02                    1_GWF-(1,47,37)      -4.8377166                    1_GWF-(1,23,54)
          2          1          2  2.91097459E-03                    1_GWF-(1,47,37)      -1.1658197                    1_GWF-(1,40,35)
          3          1          3 -7.48636831E-03                    1_GWF-(1,36,21)      -2.0777078                    1_GWF-(1,23,54)
          4          1          4  3.66416407E-03                    1_GWF-(1,37,21)      0.11266698                     1_GWF-(1,3,28)
          5          1          5 -2.03189792E-04                     1_GWF-(1,3,30)  4.69876527E-02                     1_GWF-(1,7,19)
 --------------------------------------------------------------------------------------------------------------------------------------


 UBDSV1 SAVING           STO-SS ON UNIT   1030 AT TIME STEP     34, STRESS PERIOD      4
 UBDSV1 SAVING     FLOW-JA-FACE ON UNIT   1030 AT TIME STEP     34, STRESS PERIOD      4
 UBDSV06 SAVING       DATA-SPDIS IN MODEL LOCAL_RUN4       PACKAGE NPF             CONNECTED TO MODEL LOCAL_RUN4       PACKAGE NPF              ON UNIT   1030 AT TIME STEP     34, STRESS PERIOD      4
 UBDSV06 SAVING              GHB IN MODEL LOCAL_RUN4       PACKAGE LOCAL_RUN4      CONNECTED TO MODEL LOCAL_RUN4       PACKAGE GHB_AW           ON UNIT   1030 AT TIME STEP     34, STRESS PERIOD      4
 UBDSV06 SAVING              GHB IN MODEL LOCAL_RUN4       PACKAGE LOCAL_RUN4      CONNECTED TO MODEL LOCAL_RUN4       PACKAGE GHB_CONF         ON UNIT   1030 AT TIME STEP     34, STRESS PERIOD      4
 UBDSV06 SAVING              GHB IN MODEL LOCAL_RUN4       PACKAGE LOCAL_RUN4      CONNECTED TO MODEL LOCAL_RUN4       PACKAGE GHB_PW           ON UNIT   1030 AT TIME STEP     34, STRESS PERIOD      4
 UBDSV06 SAVING              GHB IN MODEL LOCAL_RUN4       PACKAGE LOCAL_RUN4      CONNECTED TO MODEL LOCAL_RUN4       PACKAGE GHB_SP           ON UNIT   1030 AT TIME STEP     34, STRESS PERIOD      4
 UBDSV06 SAVING             RCHA IN MODEL LOCAL_RUN4       PACKAGE LOCAL_RUN4      CONNECTED TO MODEL LOCAL_RUN4       PACKAGE RCH              ON UNIT   1030 AT TIME STEP     34, STRESS PERIOD      4

 HEAD WILL BE SAVED ON UNIT 1031 AT END OF TIME STEP   34, STRESS PERIOD    4

end timestep


start timestep kper="4" kstp="35" mode="normal"


 SLN_1 INNER ITERATION SUMMARY
 --------------------------------------------------------------------------------------------------------------------------------------
      TOTAL      OUTER      INNER                                                            MAXIMUM                                   
  ITERATION  ITERATION  ITERATION  MAXIMUM CHANGE      MAXIMUM CHANGE MODEL-(CELLID)        RESIDUAL    MAXIMUM RESIDUAL MODEL-(CELLID)
 --------------------------------------------------------------------------------------------------------------------------------------
          1          1          1 -1.15666277E-02                    1_GWF-(1,47,37)      -3.6996926                    1_GWF-(1,23,54)
          2          1          2 -4.47159527E-03                    1_GWF-(1,15,47)     -0.91706049                    1_GWF-(1,41,36)
          3          1          3 -1.05185395E-03                    1_GWF-(1,36,21)     -0.45317685                    1_GWF-(1,41,36)
          4          1          4  4.02263925E-04                    1_GWF-(1,42,39)     -0.26196356                    1_GWF-(1,43,37)
          5          1          5  1.39173482E-04                    1_GWF-(1,44,36)     -0.12815412                    1_GWF-(1,41,36)
          6          1          6  2.12339133E-04                    1_GWF-(1,47,37) -4.95620575E-02                    1_GWF-(1,23,54)
 --------------------------------------------------------------------------------------------------------------------------------------


 UBDSV1 SAVING           STO-SS ON UNIT   1030 AT TIME STEP     35, STRESS PERIOD      4
 UBDSV1 SAVING     FLOW-JA-FACE ON UNIT   1030 AT TIME STEP     35, STRESS PERIOD      4
 UBDSV06 SAVING       DATA-SPDIS IN MODEL LOCAL_RUN4       PACKAGE NPF             CONNECTED TO MODEL LOCAL_RUN4       PACKAGE NPF              ON UNIT   1030 AT TIME STEP     35, STRESS PERIOD      4
 UBDSV06 SAVING              GHB IN MODEL LOCAL_RUN4       PACKAGE LOCAL_RUN4      CONNECTED TO MODEL LOCAL_RUN4       PACKAGE GHB_AW           ON UNIT   1030 AT TIME STEP     35, STRESS PERIOD      4
 UBDSV06 SAVING              GHB IN MODEL LOCAL_RUN4       PACKAGE LOCAL_RUN4      CONNECTED TO MODEL LOCAL_RUN4       PACKAGE GHB_CONF         ON UNIT   1030 AT TIME STEP     35, STRESS PERIOD      4
 UBDSV06 SAVING              GHB IN MODEL LOCAL_RUN4       PACKAGE LOCAL_RUN4      CONNECTED TO MODEL LOCAL_RUN4       PACKAGE GHB_PW           ON UNIT   1030 AT TIME STEP     35, STRESS PERIOD      4
 UBDSV06 SAVING              GHB IN MODEL LOCAL_RUN4       PACKAGE LOCAL_RUN4      CONNECTED TO MODEL LOCAL_RUN4       PACKAGE GHB_SP           ON UNIT   1030 AT TIME STEP     35, STRESS PERIOD      4
 UBDSV06 SAVING             RCHA IN MODEL LOCAL_RUN4       PACKAGE LOCAL_RUN4      CONNECTED TO MODEL LOCAL_RUN4       PACKAGE RCH              ON UNIT   1030 AT TIME STEP     35, STRESS PERIOD      4

 HEAD WILL BE SAVED ON UNIT 1031 AT END OF TIME STEP   35, STRESS PERIOD    4

end timestep


start timestep kper="4" kstp="36" mode="normal"


 SLN_1 INNER ITERATION SUMMARY
 --------------------------------------------------------------------------------------------------------------------------------------
      TOTAL      OUTER      INNER                                                            MAXIMUM                                   
  ITERATION  ITERATION  ITERATION  MAXIMUM CHANGE      MAXIMUM CHANGE MODEL-(CELLID)        RESIDUAL    MAXIMUM RESIDUAL MODEL-(CELLID)
 --------------------------------------------------------------------------------------------------------------------------------------
          1          1          1 -3.81430756E-03                    1_GWF-(1,47,37)      -1.2257978                    1_GWF-(1,23,54)
          2          1          2 -9.42227950E-03                    1_GWF-(1,40,35)      -1.1765131                    1_GWF-(1,41,36)
          3          1          3  1.68129193E-03                    1_GWF-(1,42,37)     -0.44436620                    1_GWF-(1,41,36)
          4          1          4  1.68862418E-03                    1_GWF-(1,43,37)  9.49157472E-02                     1_GWF-(1,36,3)
 --------------------------------------------------------------------------------------------------------------------------------------


 UBDSV1 SAVING           STO-SS ON UNIT   1030 AT TIME STEP     36, STRESS PERIOD      4
 UBDSV1 SAVING     FLOW-JA-FACE ON UNIT   1030 AT TIME STEP     36, STRESS PERIOD      4
 UBDSV06 SAVING       DATA-SPDIS IN MODEL LOCAL_RUN4       PACKAGE NPF             CONNECTED TO MODEL LOCAL_RUN4       PACKAGE NPF              ON UNIT   1030 AT TIME STEP     36, STRESS PERIOD      4
 UBDSV06 SAVING              GHB IN MODEL LOCAL_RUN4       PACKAGE LOCAL_RUN4      CONNECTED TO MODEL LOCAL_RUN4       PACKAGE GHB_AW           ON UNIT   1030 AT TIME STEP     36, STRESS PERIOD      4
 UBDSV06 SAVING              GHB IN MODEL LOCAL_RUN4       PACKAGE LOCAL_RUN4      CONNECTED TO MODEL LOCAL_RUN4       PACKAGE GHB_CONF         ON UNIT   1030 AT TIME STEP     36, STRESS PERIOD      4
 UBDSV06 SAVING              GHB IN MODEL LOCAL_RUN4       PACKAGE LOCAL_RUN4      CONNECTED TO MODEL LOCAL_RUN4       PACKAGE GHB_PW           ON UNIT   1030 AT TIME STEP     36, STRESS PERIOD      4
 UBDSV06 SAVING              GHB IN MODEL LOCAL_RUN4       PACKAGE LOCAL_RUN4      CONNECTED TO MODEL LOCAL_RUN4       PACKAGE GHB_SP           ON UNIT   1030 AT TIME STEP     36, STRESS PERIOD      4
 UBDSV06 SAVING             RCHA IN MODEL LOCAL_RUN4       PACKAGE LOCAL_RUN4      CONNECTED TO MODEL LOCAL_RUN4       PACKAGE RCH              ON UNIT   1030 AT TIME STEP     36, STRESS PERIOD      4

 HEAD WILL BE SAVED ON UNIT 1031 AT END OF TIME STEP   36, STRESS PERIOD    4

end timestep


start timestep kper="4" kstp="37" mode="normal"


 SLN_1 INNER ITERATION SUMMARY
 --------------------------------------------------------------------------------------------------------------------------------------
      TOTAL      OUTER      INNER                                                            MAXIMUM                                   
  ITERATION  ITERATION  ITERATION  MAXIMUM CHANGE      MAXIMUM CHANGE MODEL-(CELLID)        RESIDUAL    MAXIMUM RESIDUAL MODEL-(CELLID)
 --------------------------------------------------------------------------------------------------------------------------------------
          1          1          1 -3.89695033E-03                    1_GWF-(1,47,37)     -0.83053144                    1_GWF-(1,44,37)
          2          1          2 -1.41906098E-03                    1_GWF-(1,38,22)      0.40006326                    1_GWF-(1,23,54)
          3          1          3  1.17439012E-03                     1_GWF-(1,5,45)      0.75091309                    1_GWF-(1,23,54)
          4          1          4 -6.49164215E-03                     1_GWF-(1,4,45) -6.91617285E-02                    1_GWF-(1,17,52)
 --------------------------------------------------------------------------------------------------------------------------------------


 UBDSV1 SAVING           STO-SS ON UNIT   1030 AT TIME STEP     37, STRESS PERIOD      4
 UBDSV1 SAVING     FLOW-JA-FACE ON UNIT   1030 AT TIME STEP     37, STRESS PERIOD      4
 UBDSV06 SAVING       DATA-SPDIS IN MODEL LOCAL_RUN4       PACKAGE NPF             CONNECTED TO MODEL LOCAL_RUN4       PACKAGE NPF              ON UNIT   1030 AT TIME STEP     37, STRESS PERIOD      4
 UBDSV06 SAVING              GHB IN MODEL LOCAL_RUN4       PACKAGE LOCAL_RUN4      CONNECTED TO MODEL LOCAL_RUN4       PACKAGE GHB_AW           ON UNIT   1030 AT TIME STEP     37, STRESS PERIOD      4
 UBDSV06 SAVING              GHB IN MODEL LOCAL_RUN4       PACKAGE LOCAL_RUN4      CONNECTED TO MODEL LOCAL_RUN4       PACKAGE GHB_CONF         ON UNIT   1030 AT TIME STEP     37, STRESS PERIOD      4
 UBDSV06 SAVING              GHB IN MODEL LOCAL_RUN4       PACKAGE LOCAL_RUN4      CONNECTED TO MODEL LOCAL_RUN4       PACKAGE GHB_PW           ON UNIT   1030 AT TIME STEP     37, STRESS PERIOD      4
 UBDSV06 SAVING              GHB IN MODEL LOCAL_RUN4       PACKAGE LOCAL_RUN4      CONNECTED TO MODEL LOCAL_RUN4       PACKAGE GHB_SP           ON UNIT   1030 AT TIME STEP     37, STRESS PERIOD      4
 UBDSV06 SAVING             RCHA IN MODEL LOCAL_RUN4       PACKAGE LOCAL_RUN4      CONNECTED TO MODEL LOCAL_RUN4       PACKAGE RCH              ON UNIT   1030 AT TIME STEP     37, STRESS PERIOD      4

 HEAD WILL BE SAVED ON UNIT 1031 AT END OF TIME STEP   37, STRESS PERIOD    4

end timestep


start timestep kper="4" kstp="38" mode="normal"


 SLN_1 INNER ITERATION SUMMARY
 --------------------------------------------------------------------------------------------------------------------------------------
      TOTAL      OUTER      INNER                                                            MAXIMUM                                   
  ITERATION  ITERATION  ITERATION  MAXIMUM CHANGE      MAXIMUM CHANGE MODEL-(CELLID)        RESIDUAL    MAXIMUM RESIDUAL MODEL-(CELLID)
 --------------------------------------------------------------------------------------------------------------------------------------
          1          1          1 -1.99669957E-03                    1_GWF-(1,47,37)     -0.56385179                    1_GWF-(1,23,54)
          2          1          2 -3.31160045E-03                    1_GWF-(1,39,34)      0.28207041                    1_GWF-(1,23,54)
          3          1          3 -1.13468980E-03                     1_GWF-(1,7,52)      0.33700609                    1_GWF-(1,23,54)
          4          1          4 -3.15577478E-03                    1_GWF-(1,12,54)     -0.17261963                    1_GWF-(1,44,37)
          5          1          5  3.33104049E-04                    1_GWF-(1,10,54) -7.98120453E-02                    1_GWF-(1,41,36)
 --------------------------------------------------------------------------------------------------------------------------------------


 UBDSV1 SAVING           STO-SS ON UNIT   1030 AT TIME STEP     38, STRESS PERIOD      4
 UBDSV1 SAVING     FLOW-JA-FACE ON UNIT   1030 AT TIME STEP     38, STRESS PERIOD      4
 UBDSV06 SAVING       DATA-SPDIS IN MODEL LOCAL_RUN4       PACKAGE NPF             CONNECTED TO MODEL LOCAL_RUN4       PACKAGE NPF              ON UNIT   1030 AT TIME STEP     38, STRESS PERIOD      4
 UBDSV06 SAVING              GHB IN MODEL LOCAL_RUN4       PACKAGE LOCAL_RUN4      CONNECTED TO MODEL LOCAL_RUN4       PACKAGE GHB_AW           ON UNIT   1030 AT TIME STEP     38, STRESS PERIOD      4
 UBDSV06 SAVING              GHB IN MODEL LOCAL_RUN4       PACKAGE LOCAL_RUN4      CONNECTED TO MODEL LOCAL_RUN4       PACKAGE GHB_CONF         ON UNIT   1030 AT TIME STEP     38, STRESS PERIOD      4
 UBDSV06 SAVING              GHB IN MODEL LOCAL_RUN4       PACKAGE LOCAL_RUN4      CONNECTED TO MODEL LOCAL_RUN4       PACKAGE GHB_PW           ON UNIT   1030 AT TIME STEP     38, STRESS PERIOD      4
 UBDSV06 SAVING              GHB IN MODEL LOCAL_RUN4       PACKAGE LOCAL_RUN4      CONNECTED TO MODEL LOCAL_RUN4       PACKAGE GHB_SP           ON UNIT   1030 AT TIME STEP     38, STRESS PERIOD      4
 UBDSV06 SAVING             RCHA IN MODEL LOCAL_RUN4       PACKAGE LOCAL_RUN4      CONNECTED TO MODEL LOCAL_RUN4       PACKAGE RCH              ON UNIT   1030 AT TIME STEP     38, STRESS PERIOD      4

 HEAD WILL BE SAVED ON UNIT 1031 AT END OF TIME STEP   38, STRESS PERIOD    4

end timestep


start timestep kper="4" kstp="39" mode="normal"


 SLN_1 INNER ITERATION SUMMARY
 --------------------------------------------------------------------------------------------------------------------------------------
      TOTAL      OUTER      INNER                                                            MAXIMUM                                   
  ITERATION  ITERATION  ITERATION  MAXIMUM CHANGE      MAXIMUM CHANGE MODEL-(CELLID)        RESIDUAL    MAXIMUM RESIDUAL MODEL-(CELLID)
 --------------------------------------------------------------------------------------------------------------------------------------
          1          1          1 -5.41020660E-03                     1_GWF-(1,47,5)      -1.5009040                    1_GWF-(1,23,54)
          2          1          2 -1.01643562E-03                    1_GWF-(1,38,27)      0.33374724                    1_GWF-(1,43,37)
          3          1          3  1.16542085E-03                    1_GWF-(1,38,22)      0.62754768                    1_GWF-(1,23,54)
          4          1          4 -3.44379529E-03                    1_GWF-(1,36,23)      0.20363247                    1_GWF-(1,42,37)
          5          1          5 -3.19674496E-03                    1_GWF-(1,44,36)     -0.22529788                    1_GWF-(1,41,36)
          6          1          6  1.65483451E-03                    1_GWF-(1,43,36)  1.25597761E-02                    1_GWF-(1,43,37)
 --------------------------------------------------------------------------------------------------------------------------------------


 UBDSV1 SAVING           STO-SS ON UNIT   1030 AT TIME STEP     39, STRESS PERIOD      4
 UBDSV1 SAVING     FLOW-JA-FACE ON UNIT   1030 AT TIME STEP     39, STRESS PERIOD      4
 UBDSV06 SAVING       DATA-SPDIS IN MODEL LOCAL_RUN4       PACKAGE NPF             CONNECTED TO MODEL LOCAL_RUN4       PACKAGE NPF              ON UNIT   1030 AT TIME STEP     39, STRESS PERIOD      4
 UBDSV06 SAVING              GHB IN MODEL LOCAL_RUN4       PACKAGE LOCAL_RUN4      CONNECTED TO MODEL LOCAL_RUN4       PACKAGE GHB_AW           ON UNIT   1030 AT TIME STEP     39, STRESS PERIOD      4
 UBDSV06 SAVING              GHB IN MODEL LOCAL_RUN4       PACKAGE LOCAL_RUN4      CONNECTED TO MODEL LOCAL_RUN4       PACKAGE GHB_CONF         ON UNIT   1030 AT TIME STEP     39, STRESS PERIOD      4
 UBDSV06 SAVING              GHB IN MODEL LOCAL_RUN4       PACKAGE LOCAL_RUN4      CONNECTED TO MODEL LOCAL_RUN4       PACKAGE GHB_PW           ON UNIT   1030 AT TIME STEP     39, STRESS PERIOD      4
 UBDSV06 SAVING              GHB IN MODEL LOCAL_RUN4       PACKAGE LOCAL_RUN4      CONNECTED TO MODEL LOCAL_RUN4       PACKAGE GHB_SP           ON UNIT   1030 AT TIME STEP     39, STRESS PERIOD      4
 UBDSV06 SAVING             RCHA IN MODEL LOCAL_RUN4       PACKAGE LOCAL_RUN4      CONNECTED TO MODEL LOCAL_RUN4       PACKAGE RCH              ON UNIT   1030 AT TIME STEP     39, STRESS PERIOD      4

 HEAD WILL BE SAVED ON UNIT 1031 AT END OF TIME STEP   39, STRESS PERIOD    4

end timestep


start timestep kper="4" kstp="40" mode="normal"


 SLN_1 INNER ITERATION SUMMARY
 --------------------------------------------------------------------------------------------------------------------------------------
      TOTAL      OUTER      INNER                                                            MAXIMUM                                   
  ITERATION  ITERATION  ITERATION  MAXIMUM CHANGE      MAXIMUM CHANGE MODEL-(CELLID)        RESIDUAL    MAXIMUM RESIDUAL MODEL-(CELLID)
 --------------------------------------------------------------------------------------------------------------------------------------
          1          1          1 -1.23369719E-02                    1_GWF-(1,47,37)      -3.8025011                    1_GWF-(1,23,54)
          2          1          2  6.01308989E-03                    1_GWF-(1,47,37)     -0.56213775                    1_GWF-(1,41,36)
          3          1          3 -7.86263626E-04                    1_GWF-(1,34,21)     -0.21352645                    1_GWF-(1,41,36)
          4          1          4  8.11946980E-05                    1_GWF-(1,36,21)     -0.25626105                    1_GWF-(1,41,36)
          5          1          5  5.57204118E-04                    1_GWF-(1,44,37)  5.10743626E-02                     1_GWF-(1,7,19)
 --------------------------------------------------------------------------------------------------------------------------------------


 UBDSV1 SAVING           STO-SS ON UNIT   1030 AT TIME STEP     40, STRESS PERIOD      4
 UBDSV1 SAVING     FLOW-JA-FACE ON UNIT   1030 AT TIME STEP     40, STRESS PERIOD      4
 UBDSV06 SAVING       DATA-SPDIS IN MODEL LOCAL_RUN4       PACKAGE NPF             CONNECTED TO MODEL LOCAL_RUN4       PACKAGE NPF              ON UNIT   1030 AT TIME STEP     40, STRESS PERIOD      4
 UBDSV06 SAVING              GHB IN MODEL LOCAL_RUN4       PACKAGE LOCAL_RUN4      CONNECTED TO MODEL LOCAL_RUN4       PACKAGE GHB_AW           ON UNIT   1030 AT TIME STEP     40, STRESS PERIOD      4
 UBDSV06 SAVING              GHB IN MODEL LOCAL_RUN4       PACKAGE LOCAL_RUN4      CONNECTED TO MODEL LOCAL_RUN4       PACKAGE GHB_CONF         ON UNIT   1030 AT TIME STEP     40, STRESS PERIOD      4
 UBDSV06 SAVING              GHB IN MODEL LOCAL_RUN4       PACKAGE LOCAL_RUN4      CONNECTED TO MODEL LOCAL_RUN4       PACKAGE GHB_PW           ON UNIT   1030 AT TIME STEP     40, STRESS PERIOD      4
 UBDSV06 SAVING              GHB IN MODEL LOCAL_RUN4       PACKAGE LOCAL_RUN4      CONNECTED TO MODEL LOCAL_RUN4       PACKAGE GHB_SP           ON UNIT   1030 AT TIME STEP     40, STRESS PERIOD      4
 UBDSV06 SAVING             RCHA IN MODEL LOCAL_RUN4       PACKAGE LOCAL_RUN4      CONNECTED TO MODEL LOCAL_RUN4       PACKAGE RCH              ON UNIT   1030 AT TIME STEP     40, STRESS PERIOD      4

 HEAD WILL BE SAVED ON UNIT 1031 AT END OF TIME STEP   40, STRESS PERIOD    4

end timestep


start timestep kper="4" kstp="41" mode="normal"


 SLN_1 INNER ITERATION SUMMARY
 --------------------------------------------------------------------------------------------------------------------------------------
      TOTAL      OUTER      INNER                                                            MAXIMUM                                   
  ITERATION  ITERATION  ITERATION  MAXIMUM CHANGE      MAXIMUM CHANGE MODEL-(CELLID)        RESIDUAL    MAXIMUM RESIDUAL MODEL-(CELLID)
 --------------------------------------------------------------------------------------------------------------------------------------
          1          1          1 -3.67605514E-03                    1_GWF-(1,47,37)      -1.4126168                    1_GWF-(1,23,54)
          2          1          2  1.27662943E-03                    1_GWF-(1,47,37)     -0.40652248                    1_GWF-(1,42,37)
          3          1          3 -2.23553983E-03                    1_GWF-(1,23,25)     -0.17660190                    1_GWF-(1,40,38)
          4          1          4 -7.19168290E-04                    1_GWF-(1,21,31) -7.45998864E-02                    1_GWF-(1,23,54)
 --------------------------------------------------------------------------------------------------------------------------------------


 UBDSV1 SAVING           STO-SS ON UNIT   1030 AT TIME STEP     41, STRESS PERIOD      4
 UBDSV1 SAVING     FLOW-JA-FACE ON UNIT   1030 AT TIME STEP     41, STRESS PERIOD      4
 UBDSV06 SAVING       DATA-SPDIS IN MODEL LOCAL_RUN4       PACKAGE NPF             CONNECTED TO MODEL LOCAL_RUN4       PACKAGE NPF              ON UNIT   1030 AT TIME STEP     41, STRESS PERIOD      4
 UBDSV06 SAVING              GHB IN MODEL LOCAL_RUN4       PACKAGE LOCAL_RUN4      CONNECTED TO MODEL LOCAL_RUN4       PACKAGE GHB_AW           ON UNIT   1030 AT TIME STEP     41, STRESS PERIOD      4
 UBDSV06 SAVING              GHB IN MODEL LOCAL_RUN4       PACKAGE LOCAL_RUN4      CONNECTED TO MODEL LOCAL_RUN4       PACKAGE GHB_CONF         ON UNIT   1030 AT TIME STEP     41, STRESS PERIOD      4
 UBDSV06 SAVING              GHB IN MODEL LOCAL_RUN4       PACKAGE LOCAL_RUN4      CONNECTED TO MODEL LOCAL_RUN4       PACKAGE GHB_PW           ON UNIT   1030 AT TIME STEP     41, STRESS PERIOD      4
 UBDSV06 SAVING              GHB IN MODEL LOCAL_RUN4       PACKAGE LOCAL_RUN4      CONNECTED TO MODEL LOCAL_RUN4       PACKAGE GHB_SP           ON UNIT   1030 AT TIME STEP     41, STRESS PERIOD      4
 UBDSV06 SAVING             RCHA IN MODEL LOCAL_RUN4       PACKAGE LOCAL_RUN4      CONNECTED TO MODEL LOCAL_RUN4       PACKAGE RCH              ON UNIT   1030 AT TIME STEP     41, STRESS PERIOD      4

 HEAD WILL BE SAVED ON UNIT 1031 AT END OF TIME STEP   41, STRESS PERIOD    4

end timestep


start timestep kper="4" kstp="42" mode="normal"


 SLN_1 INNER ITERATION SUMMARY
 --------------------------------------------------------------------------------------------------------------------------------------
      TOTAL      OUTER      INNER                                                            MAXIMUM                                   
  ITERATION  ITERATION  ITERATION  MAXIMUM CHANGE      MAXIMUM CHANGE MODEL-(CELLID)        RESIDUAL    MAXIMUM RESIDUAL MODEL-(CELLID)
 --------------------------------------------------------------------------------------------------------------------------------------
          1          1          1 -6.82801363E-04                    1_GWF-(1,47,37)      0.10898253                     1_GWF-(1,4,42)
          2          1          2 -4.10690221E-03                    1_GWF-(1,42,36)     -0.40339729                    1_GWF-(1,41,36)
          3          1          3 -6.75410230E-04                    1_GWF-(1,34,20)     -0.15452765                    1_GWF-(1,43,37)
          4          1          4 -1.02923045E-04                     1_GWF-(1,9,26)  9.41262409E-02                     1_GWF-(1,3,28)
 --------------------------------------------------------------------------------------------------------------------------------------


 UBDSV1 SAVING           STO-SS ON UNIT   1030 AT TIME STEP     42, STRESS PERIOD      4
 UBDSV1 SAVING     FLOW-JA-FACE ON UNIT   1030 AT TIME STEP     42, STRESS PERIOD      4
 UBDSV06 SAVING       DATA-SPDIS IN MODEL LOCAL_RUN4       PACKAGE NPF             CONNECTED TO MODEL LOCAL_RUN4       PACKAGE NPF              ON UNIT   1030 AT TIME STEP     42, STRESS PERIOD      4
 UBDSV06 SAVING              GHB IN MODEL LOCAL_RUN4       PACKAGE LOCAL_RUN4      CONNECTED TO MODEL LOCAL_RUN4       PACKAGE GHB_AW           ON UNIT   1030 AT TIME STEP     42, STRESS PERIOD      4
 UBDSV06 SAVING              GHB IN MODEL LOCAL_RUN4       PACKAGE LOCAL_RUN4      CONNECTED TO MODEL LOCAL_RUN4       PACKAGE GHB_CONF         ON UNIT   1030 AT TIME STEP     42, STRESS PERIOD      4
 UBDSV06 SAVING              GHB IN MODEL LOCAL_RUN4       PACKAGE LOCAL_RUN4      CONNECTED TO MODEL LOCAL_RUN4       PACKAGE GHB_PW           ON UNIT   1030 AT TIME STEP     42, STRESS PERIOD      4
 UBDSV06 SAVING              GHB IN MODEL LOCAL_RUN4       PACKAGE LOCAL_RUN4      CONNECTED TO MODEL LOCAL_RUN4       PACKAGE GHB_SP           ON UNIT   1030 AT TIME STEP     42, STRESS PERIOD      4
 UBDSV06 SAVING             RCHA IN MODEL LOCAL_RUN4       PACKAGE LOCAL_RUN4      CONNECTED TO MODEL LOCAL_RUN4       PACKAGE RCH              ON UNIT   1030 AT TIME STEP     42, STRESS PERIOD      4

 HEAD WILL BE SAVED ON UNIT 1031 AT END OF TIME STEP   42, STRESS PERIOD    4

end timestep


start timestep kper="4" kstp="43" mode="normal"


 SLN_1 INNER ITERATION SUMMARY
 --------------------------------------------------------------------------------------------------------------------------------------
      TOTAL      OUTER      INNER                                                            MAXIMUM                                   
  ITERATION  ITERATION  ITERATION  MAXIMUM CHANGE      MAXIMUM CHANGE MODEL-(CELLID)        RESIDUAL    MAXIMUM RESIDUAL MODEL-(CELLID)
 --------------------------------------------------------------------------------------------------------------------------------------
          1          1          1 -1.04778726E-03                     1_GWF-(1,4,22)     -0.30548151                    1_GWF-(1,23,54)
          2          1          2 -4.51273524E-04                    1_GWF-(1,12,44)      0.11738224                    1_GWF-(1,42,37)
          3          1          3 -5.92998440E-04                     1_GWF-(1,4,44)      0.12166956                    1_GWF-(1,36,35)
          4          1          4  4.42793527E-04                     1_GWF-(1,8,48)      0.10360294                    1_GWF-(1,36,35)
          5          1          5 -1.77728309E-03                    1_GWF-(1,17,53)  4.48909200E-02                    1_GWF-(1,37,32)
 --------------------------------------------------------------------------------------------------------------------------------------


 UBDSV1 SAVING           STO-SS ON UNIT   1030 AT TIME STEP     43, STRESS PERIOD      4
 UBDSV1 SAVING     FLOW-JA-FACE ON UNIT   1030 AT TIME STEP     43, STRESS PERIOD      4
 UBDSV06 SAVING       DATA-SPDIS IN MODEL LOCAL_RUN4       PACKAGE NPF             CONNECTED TO MODEL LOCAL_RUN4       PACKAGE NPF              ON UNIT   1030 AT TIME STEP     43, STRESS PERIOD      4
 UBDSV06 SAVING              GHB IN MODEL LOCAL_RUN4       PACKAGE LOCAL_RUN4      CONNECTED TO MODEL LOCAL_RUN4       PACKAGE GHB_AW           ON UNIT   1030 AT TIME STEP     43, STRESS PERIOD      4
 UBDSV06 SAVING              GHB IN MODEL LOCAL_RUN4       PACKAGE LOCAL_RUN4      CONNECTED TO MODEL LOCAL_RUN4       PACKAGE GHB_CONF         ON UNIT   1030 AT TIME STEP     43, STRESS PERIOD      4
 UBDSV06 SAVING              GHB IN MODEL LOCAL_RUN4       PACKAGE LOCAL_RUN4      CONNECTED TO MODEL LOCAL_RUN4       PACKAGE GHB_PW           ON UNIT   1030 AT TIME STEP     43, STRESS PERIOD      4
 UBDSV06 SAVING              GHB IN MODEL LOCAL_RUN4       PACKAGE LOCAL_RUN4      CONNECTED TO MODEL LOCAL_RUN4       PACKAGE GHB_SP           ON UNIT   1030 AT TIME STEP     43, STRESS PERIOD      4
 UBDSV06 SAVING             RCHA IN MODEL LOCAL_RUN4       PACKAGE LOCAL_RUN4      CONNECTED TO MODEL LOCAL_RUN4       PACKAGE RCH              ON UNIT   1030 AT TIME STEP     43, STRESS PERIOD      4

 HEAD WILL BE SAVED ON UNIT 1031 AT END OF TIME STEP   43, STRESS PERIOD    4

end timestep


start timestep kper="4" kstp="44" mode="normal"


 SLN_1 INNER ITERATION SUMMARY
 --------------------------------------------------------------------------------------------------------------------------------------
      TOTAL      OUTER      INNER                                                            MAXIMUM                                   
  ITERATION  ITERATION  ITERATION  MAXIMUM CHANGE      MAXIMUM CHANGE MODEL-(CELLID)        RESIDUAL    MAXIMUM RESIDUAL MODEL-(CELLID)
 --------------------------------------------------------------------------------------------------------------------------------------
          1          1          1 -5.79256866E-03                    1_GWF-(1,47,37)      -1.5493464                    1_GWF-(1,23,54)
          2          1          2  2.96949314E-03                    1_GWF-(1,47,37)     -0.21318795                    1_GWF-(1,41,36)
          3          1          3 -3.38189383E-04                     1_GWF-(1,2,28)      0.16470912                     1_GWF-(1,3,28)
          4          1          4 -4.41652406E-04                     1_GWF-(1,4,27)      0.10712217                     1_GWF-(1,5,22)
          5          1          5 -5.64282584E-04                     1_GWF-(1,4,25)  3.65387818E-02                     1_GWF-(1,3,28)
 --------------------------------------------------------------------------------------------------------------------------------------


 UBDSV1 SAVING           STO-SS ON UNIT   1030 AT TIME STEP     44, STRESS PERIOD      4
 UBDSV1 SAVING     FLOW-JA-FACE ON UNIT   1030 AT TIME STEP     44, STRESS PERIOD      4
 UBDSV06 SAVING       DATA-SPDIS IN MODEL LOCAL_RUN4       PACKAGE NPF             CONNECTED TO MODEL LOCAL_RUN4       PACKAGE NPF              ON UNIT   1030 AT TIME STEP     44, STRESS PERIOD      4
 UBDSV06 SAVING              GHB IN MODEL LOCAL_RUN4       PACKAGE LOCAL_RUN4      CONNECTED TO MODEL LOCAL_RUN4       PACKAGE GHB_AW           ON UNIT   1030 AT TIME STEP     44, STRESS PERIOD      4
 UBDSV06 SAVING              GHB IN MODEL LOCAL_RUN4       PACKAGE LOCAL_RUN4      CONNECTED TO MODEL LOCAL_RUN4       PACKAGE GHB_CONF         ON UNIT   1030 AT TIME STEP     44, STRESS PERIOD      4
 UBDSV06 SAVING              GHB IN MODEL LOCAL_RUN4       PACKAGE LOCAL_RUN4      CONNECTED TO MODEL LOCAL_RUN4       PACKAGE GHB_PW           ON UNIT   1030 AT TIME STEP     44, STRESS PERIOD      4
 UBDSV06 SAVING              GHB IN MODEL LOCAL_RUN4       PACKAGE LOCAL_RUN4      CONNECTED TO MODEL LOCAL_RUN4       PACKAGE GHB_SP           ON UNIT   1030 AT TIME STEP     44, STRESS PERIOD      4
 UBDSV06 SAVING             RCHA IN MODEL LOCAL_RUN4       PACKAGE LOCAL_RUN4      CONNECTED TO MODEL LOCAL_RUN4       PACKAGE RCH              ON UNIT   1030 AT TIME STEP     44, STRESS PERIOD      4

 HEAD WILL BE SAVED ON UNIT 1031 AT END OF TIME STEP   44, STRESS PERIOD    4

end timestep


start timestep kper="4" kstp="45" mode="normal"


 SLN_1 INNER ITERATION SUMMARY
 --------------------------------------------------------------------------------------------------------------------------------------
      TOTAL      OUTER      INNER                                                            MAXIMUM                                   
  ITERATION  ITERATION  ITERATION  MAXIMUM CHANGE      MAXIMUM CHANGE MODEL-(CELLID)        RESIDUAL    MAXIMUM RESIDUAL MODEL-(CELLID)
 --------------------------------------------------------------------------------------------------------------------------------------
          1          1          1 -1.09846752E-03                    1_GWF-(1,25,55)     -0.26054935                    1_GWF-(1,44,37)
          2          1          2 -1.35467122E-03                    1_GWF-(1,16,50)     -0.24416432                    1_GWF-(1,41,36)
          3          1          3  1.41344639E-04                    1_GWF-(1,41,35)  7.92368229E-02                    1_GWF-(1,33,20)
 --------------------------------------------------------------------------------------------------------------------------------------


 UBDSV1 SAVING           STO-SS ON UNIT   1030 AT TIME STEP     45, STRESS PERIOD      4
 UBDSV1 SAVING     FLOW-JA-FACE ON UNIT   1030 AT TIME STEP     45, STRESS PERIOD      4
 UBDSV06 SAVING       DATA-SPDIS IN MODEL LOCAL_RUN4       PACKAGE NPF             CONNECTED TO MODEL LOCAL_RUN4       PACKAGE NPF              ON UNIT   1030 AT TIME STEP     45, STRESS PERIOD      4
 UBDSV06 SAVING              GHB IN MODEL LOCAL_RUN4       PACKAGE LOCAL_RUN4      CONNECTED TO MODEL LOCAL_RUN4       PACKAGE GHB_AW           ON UNIT   1030 AT TIME STEP     45, STRESS PERIOD      4
 UBDSV06 SAVING              GHB IN MODEL LOCAL_RUN4       PACKAGE LOCAL_RUN4      CONNECTED TO MODEL LOCAL_RUN4       PACKAGE GHB_CONF         ON UNIT   1030 AT TIME STEP     45, STRESS PERIOD      4
 UBDSV06 SAVING              GHB IN MODEL LOCAL_RUN4       PACKAGE LOCAL_RUN4      CONNECTED TO MODEL LOCAL_RUN4       PACKAGE GHB_PW           ON UNIT   1030 AT TIME STEP     45, STRESS PERIOD      4
 UBDSV06 SAVING              GHB IN MODEL LOCAL_RUN4       PACKAGE LOCAL_RUN4      CONNECTED TO MODEL LOCAL_RUN4       PACKAGE GHB_SP           ON UNIT   1030 AT TIME STEP     45, STRESS PERIOD      4
 UBDSV06 SAVING             RCHA IN MODEL LOCAL_RUN4       PACKAGE LOCAL_RUN4      CONNECTED TO MODEL LOCAL_RUN4       PACKAGE RCH              ON UNIT   1030 AT TIME STEP     45, STRESS PERIOD      4

 HEAD WILL BE SAVED ON UNIT 1031 AT END OF TIME STEP   45, STRESS PERIOD    4

end timestep


start timestep kper="4" kstp="46" mode="normal"


 SLN_1 INNER ITERATION SUMMARY
 --------------------------------------------------------------------------------------------------------------------------------------
      TOTAL      OUTER      INNER                                                            MAXIMUM                                   
  ITERATION  ITERATION  ITERATION  MAXIMUM CHANGE      MAXIMUM CHANGE MODEL-(CELLID)        RESIDUAL    MAXIMUM RESIDUAL MODEL-(CELLID)
 --------------------------------------------------------------------------------------------------------------------------------------
          1          1          1 -2.54706847E-04                    1_GWF-(1,34,21)      0.10039989                     1_GWF-(1,38,4)
          2          1          2 -3.93815435E-04                    1_GWF-(1,44,37)  7.55845982E-02                     1_GWF-(1,17,9)
 --------------------------------------------------------------------------------------------------------------------------------------


 UBDSV1 SAVING           STO-SS ON UNIT   1030 AT TIME STEP     46, STRESS PERIOD      4
 UBDSV1 SAVING     FLOW-JA-FACE ON UNIT   1030 AT TIME STEP     46, STRESS PERIOD      4
 UBDSV06 SAVING       DATA-SPDIS IN MODEL LOCAL_RUN4       PACKAGE NPF             CONNECTED TO MODEL LOCAL_RUN4       PACKAGE NPF              ON UNIT   1030 AT TIME STEP     46, STRESS PERIOD      4
 UBDSV06 SAVING              GHB IN MODEL LOCAL_RUN4       PACKAGE LOCAL_RUN4      CONNECTED TO MODEL LOCAL_RUN4       PACKAGE GHB_AW           ON UNIT   1030 AT TIME STEP     46, STRESS PERIOD      4
 UBDSV06 SAVING              GHB IN MODEL LOCAL_RUN4       PACKAGE LOCAL_RUN4      CONNECTED TO MODEL LOCAL_RUN4       PACKAGE GHB_CONF         ON UNIT   1030 AT TIME STEP     46, STRESS PERIOD      4
 UBDSV06 SAVING              GHB IN MODEL LOCAL_RUN4       PACKAGE LOCAL_RUN4      CONNECTED TO MODEL LOCAL_RUN4       PACKAGE GHB_PW           ON UNIT   1030 AT TIME STEP     46, STRESS PERIOD      4
 UBDSV06 SAVING              GHB IN MODEL LOCAL_RUN4       PACKAGE LOCAL_RUN4      CONNECTED TO MODEL LOCAL_RUN4       PACKAGE GHB_SP           ON UNIT   1030 AT TIME STEP     46, STRESS PERIOD      4
 UBDSV06 SAVING             RCHA IN MODEL LOCAL_RUN4       PACKAGE LOCAL_RUN4      CONNECTED TO MODEL LOCAL_RUN4       PACKAGE RCH              ON UNIT   1030 AT TIME STEP     46, STRESS PERIOD      4

 HEAD WILL BE SAVED ON UNIT 1031 AT END OF TIME STEP   46, STRESS PERIOD    4

end timestep


start timestep kper="4" kstp="47" mode="normal"


 SLN_1 INNER ITERATION SUMMARY
 --------------------------------------------------------------------------------------------------------------------------------------
      TOTAL      OUTER      INNER                                                            MAXIMUM                                   
  ITERATION  ITERATION  ITERATION  MAXIMUM CHANGE      MAXIMUM CHANGE MODEL-(CELLID)        RESIDUAL    MAXIMUM RESIDUAL MODEL-(CELLID)
 --------------------------------------------------------------------------------------------------------------------------------------
          1          1          1 -2.69105707E-04                    1_GWF-(1,15,10)  6.98447865E-02                    1_GWF-(1,32,35)
 --------------------------------------------------------------------------------------------------------------------------------------


 UBDSV1 SAVING           STO-SS ON UNIT   1030 AT TIME STEP     47, STRESS PERIOD      4
 UBDSV1 SAVING     FLOW-JA-FACE ON UNIT   1030 AT TIME STEP     47, STRESS PERIOD      4
 UBDSV06 SAVING       DATA-SPDIS IN MODEL LOCAL_RUN4       PACKAGE NPF             CONNECTED TO MODEL LOCAL_RUN4       PACKAGE NPF              ON UNIT   1030 AT TIME STEP     47, STRESS PERIOD      4
 UBDSV06 SAVING              GHB IN MODEL LOCAL_RUN4       PACKAGE LOCAL_RUN4      CONNECTED TO MODEL LOCAL_RUN4       PACKAGE GHB_AW           ON UNIT   1030 AT TIME STEP     47, STRESS PERIOD      4
 UBDSV06 SAVING              GHB IN MODEL LOCAL_RUN4       PACKAGE LOCAL_RUN4      CONNECTED TO MODEL LOCAL_RUN4       PACKAGE GHB_CONF         ON UNIT   1030 AT TIME STEP     47, STRESS PERIOD      4
 UBDSV06 SAVING              GHB IN MODEL LOCAL_RUN4       PACKAGE LOCAL_RUN4      CONNECTED TO MODEL LOCAL_RUN4       PACKAGE GHB_PW           ON UNIT   1030 AT TIME STEP     47, STRESS PERIOD      4
 UBDSV06 SAVING              GHB IN MODEL LOCAL_RUN4       PACKAGE LOCAL_RUN4      CONNECTED TO MODEL LOCAL_RUN4       PACKAGE GHB_SP           ON UNIT   1030 AT TIME STEP     47, STRESS PERIOD      4
 UBDSV06 SAVING             RCHA IN MODEL LOCAL_RUN4       PACKAGE LOCAL_RUN4      CONNECTED TO MODEL LOCAL_RUN4       PACKAGE RCH              ON UNIT   1030 AT TIME STEP     47, STRESS PERIOD      4

 HEAD WILL BE SAVED ON UNIT 1031 AT END OF TIME STEP   47, STRESS PERIOD    4

end timestep


start timestep kper="4" kstp="48" mode="normal"


 SLN_1 INNER ITERATION SUMMARY
 --------------------------------------------------------------------------------------------------------------------------------------
      TOTAL      OUTER      INNER                                                            MAXIMUM                                   
  ITERATION  ITERATION  ITERATION  MAXIMUM CHANGE      MAXIMUM CHANGE MODEL-(CELLID)        RESIDUAL    MAXIMUM RESIDUAL MODEL-(CELLID)
 --------------------------------------------------------------------------------------------------------------------------------------
          1          1          1 -1.48229670E-04                    1_GWF-(1,21,22)  6.59285210E-02                    1_GWF-(1,38,11)
 --------------------------------------------------------------------------------------------------------------------------------------


 UBDSV1 SAVING           STO-SS ON UNIT   1030 AT TIME STEP     48, STRESS PERIOD      4
 UBDSV1 SAVING     FLOW-JA-FACE ON UNIT   1030 AT TIME STEP     48, STRESS PERIOD      4
 UBDSV06 SAVING       DATA-SPDIS IN MODEL LOCAL_RUN4       PACKAGE NPF             CONNECTED TO MODEL LOCAL_RUN4       PACKAGE NPF              ON UNIT   1030 AT TIME STEP     48, STRESS PERIOD      4
 UBDSV06 SAVING              GHB IN MODEL LOCAL_RUN4       PACKAGE LOCAL_RUN4      CONNECTED TO MODEL LOCAL_RUN4       PACKAGE GHB_AW           ON UNIT   1030 AT TIME STEP     48, STRESS PERIOD      4
 UBDSV06 SAVING              GHB IN MODEL LOCAL_RUN4       PACKAGE LOCAL_RUN4      CONNECTED TO MODEL LOCAL_RUN4       PACKAGE GHB_CONF         ON UNIT   1030 AT TIME STEP     48, STRESS PERIOD      4
 UBDSV06 SAVING              GHB IN MODEL LOCAL_RUN4       PACKAGE LOCAL_RUN4      CONNECTED TO MODEL LOCAL_RUN4       PACKAGE GHB_PW           ON UNIT   1030 AT TIME STEP     48, STRESS PERIOD      4
 UBDSV06 SAVING              GHB IN MODEL LOCAL_RUN4       PACKAGE LOCAL_RUN4      CONNECTED TO MODEL LOCAL_RUN4       PACKAGE GHB_SP           ON UNIT   1030 AT TIME STEP     48, STRESS PERIOD      4
 UBDSV06 SAVING             RCHA IN MODEL LOCAL_RUN4       PACKAGE LOCAL_RUN4      CONNECTED TO MODEL LOCAL_RUN4       PACKAGE RCH              ON UNIT   1030 AT TIME STEP     48, STRESS PERIOD      4

 HEAD WILL BE SAVED ON UNIT 1031 AT END OF TIME STEP   48, STRESS PERIOD    4

end timestep


start timestep kper="4" kstp="49" mode="normal"


 SLN_1 INNER ITERATION SUMMARY
 --------------------------------------------------------------------------------------------------------------------------------------
      TOTAL      OUTER      INNER                                                            MAXIMUM                                   
  ITERATION  ITERATION  ITERATION  MAXIMUM CHANGE      MAXIMUM CHANGE MODEL-(CELLID)        RESIDUAL    MAXIMUM RESIDUAL MODEL-(CELLID)
 --------------------------------------------------------------------------------------------------------------------------------------
          1          1          1 -1.50696903E-04                    1_GWF-(1,24,31)  7.38947239E-02                     1_GWF-(1,3,31)
 --------------------------------------------------------------------------------------------------------------------------------------


 UBDSV1 SAVING           STO-SS ON UNIT   1030 AT TIME STEP     49, STRESS PERIOD      4
 UBDSV1 SAVING     FLOW-JA-FACE ON UNIT   1030 AT TIME STEP     49, STRESS PERIOD      4
 UBDSV06 SAVING       DATA-SPDIS IN MODEL LOCAL_RUN4       PACKAGE NPF             CONNECTED TO MODEL LOCAL_RUN4       PACKAGE NPF              ON UNIT   1030 AT TIME STEP     49, STRESS PERIOD      4
 UBDSV06 SAVING              GHB IN MODEL LOCAL_RUN4       PACKAGE LOCAL_RUN4      CONNECTED TO MODEL LOCAL_RUN4       PACKAGE GHB_AW           ON UNIT   1030 AT TIME STEP     49, STRESS PERIOD      4
 UBDSV06 SAVING              GHB IN MODEL LOCAL_RUN4       PACKAGE LOCAL_RUN4      CONNECTED TO MODEL LOCAL_RUN4       PACKAGE GHB_CONF         ON UNIT   1030 AT TIME STEP     49, STRESS PERIOD      4
 UBDSV06 SAVING              GHB IN MODEL LOCAL_RUN4       PACKAGE LOCAL_RUN4      CONNECTED TO MODEL LOCAL_RUN4       PACKAGE GHB_PW           ON UNIT   1030 AT TIME STEP     49, STRESS PERIOD      4
 UBDSV06 SAVING              GHB IN MODEL LOCAL_RUN4       PACKAGE LOCAL_RUN4      CONNECTED TO MODEL LOCAL_RUN4       PACKAGE GHB_SP           ON UNIT   1030 AT TIME STEP     49, STRESS PERIOD      4
 UBDSV06 SAVING             RCHA IN MODEL LOCAL_RUN4       PACKAGE LOCAL_RUN4      CONNECTED TO MODEL LOCAL_RUN4       PACKAGE RCH              ON UNIT   1030 AT TIME STEP     49, STRESS PERIOD      4

 HEAD WILL BE SAVED ON UNIT 1031 AT END OF TIME STEP   49, STRESS PERIOD    4

end timestep


start timestep kper="4" kstp="50" mode="normal"


 SLN_1 INNER ITERATION SUMMARY
 --------------------------------------------------------------------------------------------------------------------------------------
      TOTAL      OUTER      INNER                                                            MAXIMUM                                   
  ITERATION  ITERATION  ITERATION  MAXIMUM CHANGE      MAXIMUM CHANGE MODEL-(CELLID)        RESIDUAL    MAXIMUM RESIDUAL MODEL-(CELLID)
 --------------------------------------------------------------------------------------------------------------------------------------
          1          1          1 -1.45315818E-04                    1_GWF-(1,21,21)  6.80372777E-02                    1_GWF-(1,26,29)
 --------------------------------------------------------------------------------------------------------------------------------------


 UBDSV1 SAVING           STO-SS ON UNIT   1030 AT TIME STEP     50, STRESS PERIOD      4
 UBDSV1 SAVING     FLOW-JA-FACE ON UNIT   1030 AT TIME STEP     50, STRESS PERIOD      4
 UBDSV06 SAVING       DATA-SPDIS IN MODEL LOCAL_RUN4       PACKAGE NPF             CONNECTED TO MODEL LOCAL_RUN4       PACKAGE NPF              ON UNIT   1030 AT TIME STEP     50, STRESS PERIOD      4
 UBDSV06 SAVING              GHB IN MODEL LOCAL_RUN4       PACKAGE LOCAL_RUN4      CONNECTED TO MODEL LOCAL_RUN4       PACKAGE GHB_AW           ON UNIT   1030 AT TIME STEP     50, STRESS PERIOD      4
 UBDSV06 SAVING              GHB IN MODEL LOCAL_RUN4       PACKAGE LOCAL_RUN4      CONNECTED TO MODEL LOCAL_RUN4       PACKAGE GHB_CONF         ON UNIT   1030 AT TIME STEP     50, STRESS PERIOD      4
 UBDSV06 SAVING              GHB IN MODEL LOCAL_RUN4       PACKAGE LOCAL_RUN4      CONNECTED TO MODEL LOCAL_RUN4       PACKAGE GHB_PW           ON UNIT   1030 AT TIME STEP     50, STRESS PERIOD      4
 UBDSV06 SAVING              GHB IN MODEL LOCAL_RUN4       PACKAGE LOCAL_RUN4      CONNECTED TO MODEL LOCAL_RUN4       PACKAGE GHB_SP           ON UNIT   1030 AT TIME STEP     50, STRESS PERIOD      4
 UBDSV06 SAVING             RCHA IN MODEL LOCAL_RUN4       PACKAGE LOCAL_RUN4      CONNECTED TO MODEL LOCAL_RUN4       PACKAGE RCH              ON UNIT   1030 AT TIME STEP     50, STRESS PERIOD      4

 HEAD WILL BE SAVED ON UNIT 1031 AT END OF TIME STEP   50, STRESS PERIOD    4

end timestep


start timestep kper="4" kstp="51" mode="normal"


 SLN_1 INNER ITERATION SUMMARY
 --------------------------------------------------------------------------------------------------------------------------------------
      TOTAL      OUTER      INNER                                                            MAXIMUM                                   
  ITERATION  ITERATION  ITERATION  MAXIMUM CHANGE      MAXIMUM CHANGE MODEL-(CELLID)        RESIDUAL    MAXIMUM RESIDUAL MODEL-(CELLID)
 --------------------------------------------------------------------------------------------------------------------------------------
          1          1          1 -1.40684607E-04                    1_GWF-(1,24,31)  7.92893600E-02                     1_GWF-(1,3,32)
 --------------------------------------------------------------------------------------------------------------------------------------


 UBDSV1 SAVING           STO-SS ON UNIT   1030 AT TIME STEP     51, STRESS PERIOD      4
 UBDSV1 SAVING     FLOW-JA-FACE ON UNIT   1030 AT TIME STEP     51, STRESS PERIOD      4
 UBDSV06 SAVING       DATA-SPDIS IN MODEL LOCAL_RUN4       PACKAGE NPF             CONNECTED TO MODEL LOCAL_RUN4       PACKAGE NPF              ON UNIT   1030 AT TIME STEP     51, STRESS PERIOD      4
 UBDSV06 SAVING              GHB IN MODEL LOCAL_RUN4       PACKAGE LOCAL_RUN4      CONNECTED TO MODEL LOCAL_RUN4       PACKAGE GHB_AW           ON UNIT   1030 AT TIME STEP     51, STRESS PERIOD      4
 UBDSV06 SAVING              GHB IN MODEL LOCAL_RUN4       PACKAGE LOCAL_RUN4      CONNECTED TO MODEL LOCAL_RUN4       PACKAGE GHB_CONF         ON UNIT   1030 AT TIME STEP     51, STRESS PERIOD      4
 UBDSV06 SAVING              GHB IN MODEL LOCAL_RUN4       PACKAGE LOCAL_RUN4      CONNECTED TO MODEL LOCAL_RUN4       PACKAGE GHB_PW           ON UNIT   1030 AT TIME STEP     51, STRESS PERIOD      4
 UBDSV06 SAVING              GHB IN MODEL LOCAL_RUN4       PACKAGE LOCAL_RUN4      CONNECTED TO MODEL LOCAL_RUN4       PACKAGE GHB_SP           ON UNIT   1030 AT TIME STEP     51, STRESS PERIOD      4
 UBDSV06 SAVING             RCHA IN MODEL LOCAL_RUN4       PACKAGE LOCAL_RUN4      CONNECTED TO MODEL LOCAL_RUN4       PACKAGE RCH              ON UNIT   1030 AT TIME STEP     51, STRESS PERIOD      4

 HEAD WILL BE SAVED ON UNIT 1031 AT END OF TIME STEP   51, STRESS PERIOD    4

end timestep


start timestep kper="4" kstp="52" mode="normal"


 SLN_1 INNER ITERATION SUMMARY
 --------------------------------------------------------------------------------------------------------------------------------------
      TOTAL      OUTER      INNER                                                            MAXIMUM                                   
  ITERATION  ITERATION  ITERATION  MAXIMUM CHANGE      MAXIMUM CHANGE MODEL-(CELLID)        RESIDUAL    MAXIMUM RESIDUAL MODEL-(CELLID)
 --------------------------------------------------------------------------------------------------------------------------------------
          1          1          1 -1.44680466E-04                    1_GWF-(1,21,21)  6.99142956E-02                    1_GWF-(1,25,30)
 --------------------------------------------------------------------------------------------------------------------------------------


 UBDSV1 SAVING           STO-SS ON UNIT   1030 AT TIME STEP     52, STRESS PERIOD      4
 UBDSV1 SAVING     FLOW-JA-FACE ON UNIT   1030 AT TIME STEP     52, STRESS PERIOD      4
 UBDSV06 SAVING       DATA-SPDIS IN MODEL LOCAL_RUN4       PACKAGE NPF             CONNECTED TO MODEL LOCAL_RUN4       PACKAGE NPF              ON UNIT   1030 AT TIME STEP     52, STRESS PERIOD      4
 UBDSV06 SAVING              GHB IN MODEL LOCAL_RUN4       PACKAGE LOCAL_RUN4      CONNECTED TO MODEL LOCAL_RUN4       PACKAGE GHB_AW           ON UNIT   1030 AT TIME STEP     52, STRESS PERIOD      4
 UBDSV06 SAVING              GHB IN MODEL LOCAL_RUN4       PACKAGE LOCAL_RUN4      CONNECTED TO MODEL LOCAL_RUN4       PACKAGE GHB_CONF         ON UNIT   1030 AT TIME STEP     52, STRESS PERIOD      4
 UBDSV06 SAVING              GHB IN MODEL LOCAL_RUN4       PACKAGE LOCAL_RUN4      CONNECTED TO MODEL LOCAL_RUN4       PACKAGE GHB_PW           ON UNIT   1030 AT TIME STEP     52, STRESS PERIOD      4
 UBDSV06 SAVING              GHB IN MODEL LOCAL_RUN4       PACKAGE LOCAL_RUN4      CONNECTED TO MODEL LOCAL_RUN4       PACKAGE GHB_SP           ON UNIT   1030 AT TIME STEP     52, STRESS PERIOD      4
 UBDSV06 SAVING             RCHA IN MODEL LOCAL_RUN4       PACKAGE LOCAL_RUN4      CONNECTED TO MODEL LOCAL_RUN4       PACKAGE RCH              ON UNIT   1030 AT TIME STEP     52, STRESS PERIOD      4

 HEAD WILL BE SAVED ON UNIT 1031 AT END OF TIME STEP   52, STRESS PERIOD    4


  VOLUME BUDGET FOR ENTIRE MODEL AT END OF TIME STEP   52, STRESS PERIOD   4
  ---------------------------------------------------------------------------------------------------

     CUMULATIVE VOLUME      L**3       RATES FOR THIS TIME STEP      L**3/T          PACKAGE NAME    
     ------------------                 ------------------------                     ----------------

           IN:                                      IN:
           ---                                      ---
              STO-SS =      364655.7662                STO-SS =           1.5454     STORAGE                          
                 GHB =           0.0000                   GHB =           0.0000     GHB_AW                           
                 GHB =          11.3452                   GHB =           0.0000     GHB_CONF                         
                 GHB =           0.0000                   GHB =           0.0000     GHB_PW                           
                 GHB =           0.0000                   GHB =           0.0000     GHB_SP                           
                RCHA =      353487.2212                  RCHA =        3323.9987     RCH                              

            TOTAL IN =      718154.3327              TOTAL IN =        3325.5442

          OUT:                                     OUT:
          ----                                     ----
              STO-SS =       5.7181E-02                STO-SS =           0.0000     STORAGE                          
                 GHB =      231812.7842                   GHB =        1208.7968     GHB_AW                           
                 GHB =      472689.3557                   GHB =        2139.4673     GHB_CONF                         
                 GHB =       14120.7683                   GHB =          15.5236     GHB_PW                           
                 GHB =          19.9284                   GHB =           0.0000     GHB_SP                           
                RCHA =           0.0000                  RCHA =           0.0000     RCH                              

           TOTAL OUT =      718642.8938             TOTAL OUT =        3363.7877

            IN - OUT =        -488.5611              IN - OUT =         -38.2435

 PERCENT DISCREPANCY =          -0.07     PERCENT DISCREPANCY =          -1.14




         TIME SUMMARY AT END OF TIME STEP   52 IN STRESS PERIOD    4
                    SECONDS     MINUTES      HOURS       DAYS        YEARS
                    -----------------------------------------------------------
   TIME STEP LENGTH  86400.      1440.0      24.000      1.0000     2.73785E-03
 STRESS PERIOD TIME 4.49280E+06  74880.      1248.0      52.000     0.14237    
         TOTAL TIME 9.15840E+06 1.52640E+05  2544.0      106.00     0.29021    


end timestep

