kper,kstp,time,k,i,j,AWq
1,1,1.0,0,0,25,-4.203274384197925
1,1,1.0,0,1,24,-4.040720192099798
1,1,1.0,0,2,22,-2.1656594694102296
1,1,1.0,0,2,23,-3.567204954493718
1,1,1.0,0,3,21,-1.949315339034257
1,1,1.0,0,4,21,-2.7344894995889604
1,1,1.0,0,5,20,-1.8660591205976402
1,1,1.0,0,6,20,-2.2614560901174343
1,1,1.0,0,7,20,-3.0683662837317627
1,1,1.0,0,8,19,-2.1353198841533896
1,1,1.0,0,9,19,-2.6821473682184234
1,1,1.0,0,10,18,-1.7927289224859493
1,1,1.0,0,11,18,-2.203968149459797
1,1,1.0,0,12,16,-1.8840118659886116
1,1,1.0,0,12,17,-2.4090444501358803
1,1,1.0,0,13,14,-1.9729900984475464
1,1,1.0,0,13,15,-2.628646639015706
1,1,1.0,0,14,12,-2.02946938873432
1,1,1.0,0,14,13,-2.718563226490012
1,1,1.0,0,15,9,-1.663679117117269
1,1,1.0,0,15,10,-2.062758224402394
1,1,1.0,0,15,11,-2.8242511678673665
1,1,1.0,0,16,7,-1.6576040299136494
1,1,1.0,0,16,8,-2.330130653035951
1,1,1.0,0,17,4,-1.2235035631673696
1,1,1.0,0,17,5,-1.549442481814637
1,1,1.0,0,17,6,-2.1972853154780125
1,1,1.0,0,18,2,-1.218191741783592
1,1,1.0,0,18,3,-1.7138772887194236
1,1,1.0,0,19,0,-1.3588942279182135
1,1,1.0,0,19,1,-1.7367404802363922
2,1,2.0,0,0,25,-4.3893030179054335
2,1,2.0,0,1,24,-4.222631349555911
2,1,2.0,0,2,22,-2.3206248185801996
2,1,2.0,0,2,23,-3.738620363366465
2,1,2.0,0,3,21,-2.0894818388677265
2,1,2.0,0,4,21,-2.8702704572312427
2,1,2.0,0,5,20,-1.979271580403065
2,1,2.0,0,6,20,-2.366717310608749
2,1,2.0,0,7,20,-3.1658488391337016
2,1,2.0,0,8,19,-2.2123132989006393
2,1,2.0,0,9,19,-2.748840572150584
2,1,2.0,0,10,18,-1.8421783437199792
2,1,2.0,0,11,18,-2.243420860152092
2,1,2.0,0,12,16,-1.9212812731115534
2,1,2.0,0,12,17,-2.444728508321944
2,1,2.0,0,13,14,-2.0116001169977835
2,1,2.0,0,13,15,-2.6664676631226314
2,1,2.0,0,14,12,-2.069024794075645
2,1,2.0,0,14,13,-2.7573504638859276
2,1,2.0,0,15,9,-1.7044389660323773
2,1,2.0,0,15,10,-2.1027530367911638
2,1,2.0,0,15,11,-2.863809325205956
2,1,2.0,0,16,7,-1.696617073587575
2,1,2.0,0,16,8,-2.369649906109288
2,1,2.0,0,17,4,-1.2600766186526968
2,1,2.0,0,17,5,-1.5863238664036388
2,1,2.0,0,17,6,-2.234758214422996
2,1,2.0,0,18,2,-1.2527142034144774
2,1,2.0,0,18,3,-1.7489176556396941
2,1,2.0,0,19,0,-1.3916200264407053
2,1,2.0,0,19,1,-1.7701128695789663
2,2,3.0,0,0,25,-4.53787570414039
2,2,3.0,0,1,24,-4.368316671840205
2,2,3.0,0,2,22,-2.4413876167105855
2,2,3.0,0,2,23,-3.8772892550121014
2,2,3.0,0,3,21,-2.201729924558464
2,2,3.0,0,4,21,-2.982976573982967
2,2,3.0,0,5,20,-2.0720815778052213
2,2,3.0,0,6,20,-2.45415942207768
2,2,3.0,0,7,20,-3.248693655067086
2,2,3.0,0,8,19,-2.279440600933853
2,2,3.0,0,9,19,-2.8075314426142484
2,2,3.0,0,10,18,-1.8863256762609097
2,2,3.0,0,11,18,-2.2789822878607353
2,2,3.0,0,12,16,-1.9551111820423301
2,2,3.0,0,12,17,-2.4770874610270965
2,2,3.0,0,13,14,-2.046437869748189
2,2,3.0,0,13,15,-2.700887492305391
2,2,3.0,0,14,12,-2.104596760339703
2,2,3.0,0,14,13,-2.7924721981707066
2,2,3.0,0,15,9,-1.7409113445177908
2,2,3.0,0,15,10,-2.1386483341918137
2,2,3.0,0,15,11,-2.899647557452859
2,2,3.0,0,16,7,-1.731537521032628
2,2,3.0,0,16,8,-2.405227037813134
2,2,3.0,0,17,4,-1.2927918894197887
2,2,3.0,0,17,5,-1.6193671898695499
2,2,3.0,0,17,6,-2.2685880021688547
2,2,3.0,0,18,2,-1.2835342718026297
2,2,3.0,0,18,3,-1.7804418045303905
2,2,3.0,0,19,0,-1.4207925973522535
2,2,3.0,0,19,1,-1.8001749584782871
2,3,4.0,0,0,25,-4.667038749340577
2,3,4.0,0,1,24,-4.494587247381276
2,3,4.0,0,2,22,-2.542521961039256
2,3,4.0,0,2,23,-3.99798919545691
2,3,4.0,0,3,21,-2.2974792433856237
2,3,4.0,0,4,21,-3.0825718342116772
2,3,4.0,0,5,20,-2.1525823933582444
2,3,4.0,0,6,20,-2.530958851238694
2,3,4.0,0,7,20,-3.3232020737796972
2,3,4.0,0,8,19,-2.34067216288976
2,3,4.0,0,9,19,-2.861702051853598
2,3,4.0,0,10,18,-1.9274422583090285
2,3,4.0,0,11,18,-2.3124349898074996
2,3,4.0,0,12,16,-1.9870833728958246
2,3,4.0,0,12,17,-2.5076919067180157
2,3,4.0,0,13,14,-2.0791933017770035
2,3,4.0,0,13,15,-2.733536128074661
2,3,4.0,0,14,12,-2.137941308679025
2,3,4.0,0,14,13,-2.8256438408138322
2,3,4.0,0,15,9,-1.774938281779562
2,3,4.0,0,15,10,-2.1722394291335405
2,3,4.0,0,15,11,-2.933507328844108
2,3,4.0,0,16,7,-1.7641312927684183
2,3,4.0,0,16,8,-2.438659523798613
2,3,4.0,0,17,4,-1.323302849078658
2,3,4.0,0,17,5,-1.6502384243754449
2,3,4.0,0,17,6,-2.3004514312800737
2,3,4.0,0,18,2,-1.312233481256854
2,3,4.0,0,18,3,-1.810042586967775
2,3,4.0,0,19,0,-1.4479253961909109
2,3,4.0,0,19,1,-1.8284283775739283
2,4,5.0,0,0,25,-4.902342512093014
2,4,5.0,0,1,24,-4.7238766307090145
2,4,5.0,0,2,22,-2.7291202909835874
2,4,5.0,0,2,23,-4.215581000970474
2,4,5.0,0,3,21,-2.470772515817089
2,4,5.0,0,4,21,-3.259240485068517
2,4,5.0,0,5,20,-2.2962661205642405
2,4,5.0,0,6,20,-2.6671041335561085
2,4,5.0,0,7,20,-3.4539238339171447
2,4,5.0,0,8,19,-2.446221317376967
2,4,5.0,0,9,19,-2.955010535109423
2,4,5.0,0,10,18,-1.997729167182257
2,4,5.0,0,11,18,-2.3695546316840534
2,4,5.0,0,12,16,-2.0413806360074958
2,4,5.0,0,12,17,-2.559827520756542
2,4,5.0,0,13,14,-2.135017069865256
2,4,5.0,0,13,15,-2.7889635685751344
2,4,5.0,0,14,12,-2.1948670696062536
2,4,5.0,0,14,13,-2.882130677801989
2,4,5.0,0,15,9,-1.8331740753478911
2,4,5.0,0,15,10,-2.229655984906934
2,4,5.0,0,15,11,-2.9911242812126417
2,4,5.0,0,16,7,-1.819952045308149
2,4,5.0,0,16,8,-2.4957950874921906
2,4,5.0,0,17,4,-1.3756266932636407
2,4,5.0,0,17,5,-1.7031341107841627
2,4,5.0,0,17,6,-2.3548410059641824
2,4,5.0,0,18,2,-1.3615821052914967
2,4,5.0,0,18,3,-1.8607448213150022
2,4,5.0,0,19,0,-1.4946879633178156
2,4,5.0,0,19,1,-1.8768105798174304
2,5,6.0,0,0,25,-5.1181080634978
2,5,6.0,0,1,24,-4.933757160482173
2,5,6.0,0,2,22,-2.89499652631406
2,5,6.0,0,2,23,-4.41553407156897
2,5,6.0,0,3,21,-2.6272117128291654
2,5,6.0,0,4,21,-3.42370747310369
2,5,6.0,0,5,20,-2.4278399091164715
2,5,6.0,0,6,20,-2.7932284521828876
2,5,6.0,0,7,20,-3.5775603314811235
2,5,6.0,0,8,19,-2.547082557429249
2,5,6.0,0,9,19,-3.0451606975443894
2,5,6.0,0,10,18,-2.0660855661624993
2,5,6.0,0,11,18,-2.425616677989794
2,5,6.0,0,12,16,-2.094850337747708
2,5,6.0,0,12,17,-2.611234667290205
2,5,6.0,0,13,14,-2.189748949156474
2,5,6.0,0,13,15,-2.8437514810869544
2,5,6.0,0,14,12,-2.2505341096754705
2,5,6.0,0,14,13,-2.937763428797382
2,5,6.0,0,15,9,-1.8898837596615152
2,5,6.0,0,15,10,-2.285726946909456
2,5,6.0,0,15,11,-3.047886807531917
2,5,6.0,0,16,7,-1.8743371670295303
2,5,6.0,0,16,8,-2.5518275205454657
2,5,6.0,0,17,4,-1.4265633520706373
2,5,6.0,0,17,5,-1.754716529048693
2,5,6.0,0,17,6,-2.408283950343062
2,5,6.0,0,18,2,-1.4095650408635763
2,5,6.0,0,18,3,-1.9104339551513547
2,5,6.0,0,19,0,-1.5401158874610843
2,5,6.0,0,19,1,-1.9242628233778518
2,6,7.0,0,0,25,-5.283979483662506
2,6,7.0,0,1,24,-5.094189077863405
2,6,7.0,0,2,22,-3.014880583290335
2,6,7.0,0,2,23,-4.568903067649899
2,6,7.0,0,3,21,-2.7428428338195374
2,6,7.0,0,4,21,-3.55194854864763
2,6,7.0,0,5,20,-2.5271880501191504
2,6,7.0,0,6,20,-2.8904034079465646
2,6,7.0,0,7,20,-3.676294496244168
2,6,7.0,0,8,19,-2.6285401084795126
2,6,7.0,0,9,19,-3.119389466004165
2,6,7.0,0,10,18,-2.122796502028578
2,6,7.0,0,11,18,-2.4728214910398876
2,6,7.0,0,12,16,-2.1400727342276937
2,6,7.0,0,12,17,-2.654827721785331
2,6,7.0,0,13,14,-2.2357184160143646
2,6,7.0,0,13,15,-2.890403377950605
2,6,7.0,0,14,12,-2.2970931509796415
2,6,7.0,0,14,13,-2.984864976898251
2,6,7.0,0,15,9,-1.9369851014892419
2,6,7.0,0,15,10,-2.332525912899712
2,6,7.0,0,15,11,-3.0959687833944116
2,6,7.0,0,16,7,-1.9195416232804448
2,6,7.0,0,16,8,-2.598943957999772
2,6,7.0,0,17,4,-1.4688224759814332
2,6,7.0,0,17,5,-1.7976475806741519
2,6,7.0,0,17,6,-2.4533504852376993
2,6,7.0,0,18,2,-1.4492872349460697
2,6,7.0,0,18,3,-1.9521408725957983
2,6,7.0,0,19,0,-1.577658222346578
2,6,7.0,0,19,1,-1.96412819664058
2,7,8.0,0,0,25,-5.427026145565037
2,7,8.0,0,1,24,-5.231479045912067
2,7,8.0,0,2,22,-3.112487261809065
2,7,8.0,0,2,23,-4.6998638448188785
2,7,8.0,0,3,21,-2.8378385017612686
2,7,8.0,0,4,21,-3.6619572039800516
2,7,8.0,0,5,20,-2.6097728930811286
2,7,8.0,0,6,20,-2.972612364863153
2,7,8.0,0,7,20,-3.7624327195671583
2,7,8.0,0,8,19,-2.6994825689317565
2,7,8.0,0,9,19,-3.1853147855228343
2,7,8.0,0,10,18,-2.1732097082491606
2,7,8.0,0,11,18,-2.515370281231732
2,7,8.0,0,12,16,-2.180885000521478
2,7,8.0,0,12,17,-2.6943408793559698
2,7,8.0,0,13,14,-2.2769852203014693
2,7,8.0,0,13,15,-2.9328161240859814
2,7,8.0,0,14,12,-2.3387465116478623
2,7,8.0,0,14,13,-3.027502322717986
2,7,8.0,0,15,9,-1.9788666879856223
2,7,8.0,0,15,10,-2.374334432673699
2,7,8.0,0,15,11,-3.139505447943286
2,7,8.0,0,16,7,-1.9597738396580553
2,7,8.0,0,16,8,-2.6413681463122884
2,7,8.0,0,17,4,-1.5063555560314228
2,7,8.0,0,17,5,-1.835903816320048
2,7,8.0,0,17,6,-2.494009311501671
2,7,8.0,0,18,2,-1.4845175598612244
2,7,8.0,0,18,3,-1.9896266411304282
2,7,8.0,0,19,0,-1.610917018726333
2,7,8.0,0,19,1,-1.9999721810451945
2,8,9.0,0,0,25,-5.496403124614574
2,8,9.0,0,1,24,-5.296183308028958
2,8,9.0,0,2,22,-3.1464723242434616
2,8,9.0,0,2,23,-4.761775521875677
2,8,9.0,0,3,21,-2.874523784787641
2,8,9.0,0,4,21,-3.7164954940153905
2,8,9.0,0,5,20,-2.6448619268262235
2,8,9.0,0,6,20,-3.0111069494522837
2,8,9.0,0,7,20,-3.808955191901447
2,8,9.0,0,8,19,-2.738390546995376
2,8,9.0,0,9,19,-3.224127137052335
2,8,9.0,0,10,18,-2.203232806982271
2,8,9.0,0,11,18,-2.5419231260029846
2,8,9.0,0,12,16,-2.206558021001335
2,8,9.0,0,12,17,-2.719480472872803
2,8,9.0,0,13,14,-2.302446784933288
2,8,9.0,0,13,15,-2.960105594874449
2,8,9.0,0,14,12,-2.3641306916421314
2,8,9.0,0,14,13,-3.054519516534505
2,8,9.0,0,15,9,-2.003829639266627
2,8,9.0,0,15,10,-2.399671056701692
2,8,9.0,0,15,11,-3.1671276598988385
2,8,9.0,0,16,7,-1.9838204777560122
2,8,9.0,0,16,8,-2.667736858634072
2,8,9.0,0,17,4,-1.5286173456943217
2,8,9.0,0,17,5,-1.8588614179521272
2,8,9.0,0,17,6,-2.519466119240832
2,8,9.0,0,18,2,-1.505277439136563
2,8,9.0,0,18,3,-2.0127667777718656
2,8,9.0,0,19,0,-1.6304095695260514
2,8,9.0,0,19,1,-2.02213392384796
2,9,10.0,0,0,25,-5.495749073712716
2,9,10.0,0,1,24,-5.291959565189416
2,9,10.0,0,2,22,-3.121655726420272
2,9,10.0,0,2,23,-4.757656410254754
2,9,10.0,0,3,21,-2.8562312929301754
2,9,10.0,0,4,21,-3.7169830933704304
2,9,10.0,0,5,20,-2.634397860588024
2,9,10.0,0,6,20,-3.007205499942785
2,9,10.0,0,7,20,-3.8162081893260904
2,9,10.0,0,8,19,-2.744911554358552
2,9,10.0,0,9,19,-3.235254284261316
2,9,10.0,0,10,18,-2.212168525531098
2,9,10.0,0,11,18,-2.5517756637244773
2,9,10.0,0,12,16,-2.2163135682806825
2,9,10.0,0,12,17,-2.7295208598802034
2,9,10.0,0,13,14,-2.311392404200326
2,9,10.0,0,13,15,-2.97144947254332
2,9,10.0,0,14,12,-2.3725710585233344
2,9,10.0,0,14,13,-3.065151476136485
2,9,10.0,0,15,9,-2.0112554016650037
2,9,10.0,0,15,10,-2.4078887842819228
2,9,10.0,0,15,11,-3.178046969769042
2,9,10.0,0,16,7,-1.9910867763163296
2,9,10.0,0,16,8,-2.677358686380394
2,9,10.0,0,17,4,-1.5350514250933287
2,9,10.0,0,17,5,-1.8659436660351574
2,9,10.0,0,17,6,-2.5290216631604494
2,9,10.0,0,18,2,-1.5110692951775135
2,9,10.0,0,18,3,-2.0209512758356425
2,9,10.0,0,19,0,-1.635683612598065
2,9,10.0,0,19,1,-2.030011647444077
2,10,11.0,0,0,25,-5.571375382818076
2,10,11.0,0,1,24,-5.362019790489967
2,10,11.0,0,2,22,-3.161993348840838
2,10,11.0,0,2,23,-4.822208463161701
2,10,11.0,0,3,21,-2.8943611824713003
2,10,11.0,0,4,21,-3.769584665202018
2,10,11.0,0,5,20,-2.668038007463281
2,10,11.0,0,6,20,-3.0438242743564103
2,10,11.0,0,7,20,-3.8601705948610174
2,10,11.0,0,8,19,-2.7784745665876756
2,10,11.0,0,9,19,-3.2700503622700836
2,10,11.0,0,10,18,-2.237947456506987
2,10,11.0,0,11,18,-2.575164822582103
2,10,11.0,0,12,16,-2.2385100002718232
2,10,11.0,0,12,17,-2.7517290392868787
2,10,11.0,0,13,14,-2.3333673359377514
2,10,11.0,0,13,15,-2.9955644296602557
2,10,11.0,0,14,12,-2.3944185579245314
2,10,11.0,0,14,13,-3.0889940521471075
2,10,11.0,0,15,9,-2.0325430014097634
2,10,11.0,0,15,10,-2.4297316272375795
2,10,11.0,0,15,11,-3.202407615878265
2,10,11.0,0,16,7,-2.0116705366853225
2,10,11.0,0,16,8,-2.7005604636549947
2,10,11.0,0,17,4,-1.5539598529502854
2,10,11.0,0,17,5,-1.8856412708249692
2,10,11.0,0,17,6,-2.551396851005812
2,10,11.0,0,18,2,-1.5287392415518255
2,10,11.0,0,18,3,-2.041211901684946
2,10,11.0,0,19,0,-1.6522987722063718
2,10,11.0,0,19,1,-2.0493581875017384
2,11,12.0,0,0,25,-5.777132207532816
2,11,12.0,0,1,24,-5.5596642857609595
2,11,12.0,0,2,22,-3.3118545791727456
2,11,12.0,0,2,23,-5.006741191174285
2,11,12.0,0,3,21,-3.0310979499001007
2,11,12.0,0,4,21,-3.9168971899281644
2,11,12.0,0,5,20,-2.7813109914063716
2,11,12.0,0,6,20,-3.154510012183522
2,11,12.0,0,7,20,-3.9726077994091895
2,11,12.0,0,8,19,-2.8652874585758212
2,11,12.0,0,9,19,-3.3513598409280974
2,11,12.0,0,10,18,-2.2979262571689247
2,11,12.0,0,11,18,-2.6260989664607095
2,11,12.0,0,12,16,-2.286453553246666
2,11,12.0,0,12,17,-2.7988527173305755
2,11,12.0,0,13,14,-2.382107629690445
2,11,12.0,0,13,15,-3.0459511333669056
2,11,12.0,0,14,12,-2.443716031089245
2,11,12.0,0,14,13,-3.1398544673146205
2,11,12.0,0,15,9,-2.082119984306239
2,11,12.0,0,15,10,-2.4793804278598657
2,11,12.0,0,15,11,-3.254287524397647
2,11,12.0,0,16,7,-2.0594063825287563
2,11,12.0,0,16,8,-2.7513692462299915
2,11,12.0,0,17,4,-1.5983477563822461
2,11,12.0,0,17,5,-1.9310692476090168
2,11,12.0,0,17,6,-2.599939003417731
2,11,12.0,0,18,2,-1.5705865670240158
2,11,12.0,0,18,3,-2.0860500262592936
2,11,12.0,0,19,0,-1.6919416051286689
2,11,12.0,0,19,1,-2.092115898930963
2,12,13.0,0,0,25,-5.886094344060211
2,12,13.0,0,1,24,-5.66345961036842
2,12,13.0,0,2,22,-3.3794946717449648
2,12,13.0,0,2,23,-5.103751353483403
2,12,13.0,0,3,21,-3.0955268332866694
2,12,13.0,0,4,21,-3.9966022289690386
2,12,13.0,0,5,20,-2.837543605873094
2,12,13.0,0,6,20,-3.213017293780638
2,12,13.0,0,7,20,-4.037916788304301
2,12,13.0,0,8,19,-2.9157858554288083
2,12,13.0,0,9,19,-3.4016279637342137
2,12,13.0,0,10,18,-2.33506151658122
2,12,13.0,0,11,18,-2.659097446196718
2,12,13.0,0,12,16,-2.3175420262448583
2,12,13.0,0,12,17,-2.829893288066387
2,12,13.0,0,13,14,-2.413211661148722
2,12,13.0,0,13,15,-3.079442700381925
2,12,13.0,0,14,12,-2.474846065020891
2,12,13.0,0,14,13,-3.1732282803717524
2,12,13.0,0,15,9,-2.1127841949572144
2,12,13.0,0,15,10,-2.510622938484822
2,12,13.0,0,15,11,-3.2883639220694008
2,12,13.0,0,16,7,-2.0890505837879942
2,12,13.0,0,16,8,-2.7841619877730537
2,12,13.0,0,17,4,-1.6256723658492263
2,12,13.0,0,17,5,-1.9594034472096027
2,12,13.0,0,17,6,-2.6314579915114606
2,12,13.0,0,18,2,-1.5962531097267103
2,12,13.0,0,18,3,-2.114808722552027
2,12,13.0,0,19,0,-1.7161894686319599
2,12,13.0,0,19,1,-2.1195645727751042
2,13,14.0,0,0,25,-5.931168571061846
2,13,14.0,0,1,24,-5.7046915288322
2,13,14.0,0,2,22,-3.392962968310826
2,13,14.0,0,2,23,-5.141395526304109
2,13,14.0,0,3,21,-3.1106458314811505
2,13,14.0,0,4,21,-4.028735275335947
2,13,14.0,0,5,20,-2.853760628348226
2,13,14.0,0,6,20,-3.2344762004065046
2,13,14.0,0,7,20,-4.0691922922471235
2,13,14.0,0,8,19,-2.939016381002375
2,13,14.0,0,9,19,-3.4285198531717356
2,13,14.0,0,10,18,-2.3546114797613313
2,13,14.0,0,11,18,-2.678212587863378
2,13,14.0,0,12,16,-2.335437861042884
2,13,14.0,0,12,17,-2.848412427120408
2,13,14.0,0,13,14,-2.4305979803918163
2,13,14.0,0,13,15,-3.099728924292158
2,13,14.0,0,14,12,-2.491888941342708
2,13,14.0,0,14,13,-3.193004346364482
2,13,14.0,0,15,9,-2.128836867319386
2,13,14.0,0,15,10,-2.5276280813388183
2,13,14.0,0,15,11,-3.308586733541624
2,13,14.0,0,16,7,-2.1047224268619473
2,13,14.0,0,16,8,-2.8030205384168667
2,13,14.0,0,17,4,-1.6398093092253845
2,13,14.0,0,17,5,-1.974528086699742
2,13,14.0,0,17,6,-2.6497696584474255
2,13,14.0,0,18,2,-1.609445061517846
2,13,14.0,0,18,3,-2.131127009656012
2,13,14.0,0,19,0,-1.7285914497346866
2,13,14.0,0,19,1,-2.135146018063722
2,14,15.0,0,0,25,-6.004477513804829
2,14,15.0,0,1,24,-5.7732840866894435
2,14,15.0,0,2,22,-3.4304394854293605
2,14,15.0,0,2,23,-5.203966391661311
2,14,15.0,0,3,21,-3.146092188577853
2,14,15.0,0,4,21,-4.079205841954234
2,14,15.0,0,5,20,-2.885596882408123
2,14,15.0,0,6,20,-3.2701973253211065
2,14,15.0,0,7,20,-4.1132750752163645
2,14,15.0,0,8,19,-2.971281701310886
2,14,15.0,0,9,19,-3.4633831688092584
2,14,15.0,0,10,18,-2.3796253387510973
2,14,15.0,0,11,18,-2.7017844885652806
2,14,15.0,0,12,16,-2.3573099214536484
2,14,15.0,0,12,17,-2.870926958525949
2,14,15.0,0,13,14,-2.4521779866739877
2,14,15.0,0,13,15,-3.12418988552475
2,14,15.0,0,14,12,-2.5132572290216757
2,14,15.0,0,14,13,-3.2171152961349847
2,14,15.0,0,15,9,-2.1493459267242656
2,14,15.0,0,15,10,-2.5490545118874763
2,14,15.0,0,15,11,-3.3332182765615457
2,14,15.0,0,16,7,-2.1246978865427337
2,14,15.0,0,16,8,-2.8263435268371353
2,14,15.0,0,17,4,-1.6579455824000817
2,14,15.0,0,17,5,-1.9937393055101609
2,14,15.0,0,17,6,-2.6722864970985185
2,14,15.0,0,18,2,-1.6264716515524782
2,14,15.0,0,18,3,-2.151404416328255
2,14,15.0,0,19,0,-1.7446797384393236
2,14,15.0,0,19,1,-2.1544781067791945
2,15,16.0,0,0,25,-6.255116311431436
2,15,16.0,0,1,24,-6.0152524321073315
2,15,16.0,0,2,22,-3.6163675102303046
2,15,16.0,0,2,23,-5.429508176473803
2,15,16.0,0,3,21,-3.315180078700365
2,15,16.0,0,4,21,-4.258260312978308
2,15,16.0,0,5,20,-3.0253186288115614
2,15,16.0,0,6,20,-3.4061522351449867
2,15,16.0,0,7,20,-4.250029689140035
2,15,16.0,0,8,19,-3.075932173919128
2,15,16.0,0,9,19,-3.5612878860319057
2,15,16.0,0,10,18,-2.4511426885619017
2,15,16.0,0,11,18,-2.7627213559060593
2,15,16.0,0,12,16,-2.4141701821520627
2,15,16.0,0,12,17,-2.927229234614913
2,15,16.0,0,13,14,-2.510133432393623
2,15,16.0,0,13,15,-3.1842763349858387
2,15,16.0,0,14,12,-2.5719394874015364
2,15,16.0,0,14,13,-3.2778684900106754
2,15,16.0,0,15,9,-2.2083353756989013
2,15,16.0,0,15,10,-2.608272760189287
2,15,16.0,0,15,11,-3.3951772710589267
2,15,16.0,0,16,7,-2.181594889363197
2,15,16.0,0,16,8,-2.887115952436588
2,15,16.0,0,17,4,-1.7107470720384583
2,15,16.0,0,17,5,-2.0479318696487567
2,15,16.0,0,17,6,-2.7303052780277355
2,15,16.0,0,18,2,-1.6763835149086717
2,15,16.0,0,18,3,-2.2050339334943274
2,15,16.0,0,19,0,-1.7920873045178212
2,15,16.0,0,19,1,-2.2055908753920974
2,16,17.0,0,0,25,-6.45390075090063
2,16,17.0,0,1,24,-6.207195628032764
2,16,17.0,0,2,22,-3.7566628237628947
2,16,17.0,0,2,23,-5.609121204806513
2,16,17.0,0,3,21,-3.4456892251120053
2,16,17.0,0,4,21,-4.403299765571006
2,16,17.0,0,5,20,-3.1357616451579986
2,16,17.0,0,6,20,-3.515952937602833
2,16,17.0,0,7,20,-4.3641748372239135
2,16,17.0,0,8,19,-3.1640765154893273
2,16,17.0,0,9,19,-3.64540553589255
2,16,17.0,0,10,18,-2.512817824971748
2,16,17.0,0,11,18,-2.8161860444063507
2,16,17.0,0,12,16,-2.464083609262296
2,16,17.0,0,12,17,-2.976952193262825
2,16,17.0,0,13,14,-2.5607013560185408
2,16,17.0,0,13,15,-3.237519219574807
2,16,17.0,0,14,12,-2.6229431429950907
2,16,17.0,0,14,13,-3.331431851153475
2,16,17.0,0,15,9,-2.2592032554089343
2,16,17.0,0,15,10,-2.659683865196385
2,16,17.0,0,15,11,-3.449831197593987
2,16,17.0,0,16,7,-2.2307471276077138
2,16,17.0,0,16,8,-2.9403506298935085
2,16,17.0,0,17,4,-1.7562108630607725
2,16,17.0,0,17,5,-2.0948365231487074
2,16,17.0,0,17,6,-2.781263625338916
2,16,17.0,0,18,2,-1.7193182446163533
2,16,17.0,0,18,3,-2.251921591772984
2,16,17.0,0,19,0,-1.8328523255564306
2,16,17.0,0,19,1,-2.250312375535195
2,17,18.0,0,0,25,-6.600229233034668
2,17,18.0,0,1,24,-6.347663358127477
2,17,18.0,0,2,22,-3.8505741037782855
2,17,18.0,0,2,23,-5.740325833623615
2,17,18.0,0,3,21,-3.535082500531132
2,17,18.0,0,4,21,-4.510545311218721
2,17,18.0,0,5,20,-3.213652854918479
2,17,18.0,0,6,20,-3.5961250423200966
2,17,18.0,0,7,20,-4.4520238298120205
2,17,18.0,0,8,19,-3.231804584707035
2,17,18.0,0,9,19,-3.7123082170383555
2,17,18.0,0,10,18,-2.561784353631097
2,17,18.0,0,11,18,-2.8598114705080206
2,17,18.0,0,12,16,-2.504720689512453
2,17,18.0,0,12,17,-3.01789821112245
2,17,18.0,0,13,14,-2.601525582917823
2,17,18.0,0,13,15,-3.2815612434271415
2,17,18.0,0,14,12,-2.6638843789592883
2,17,18.0,0,14,13,-3.3754353008583635
2,17,18.0,0,15,9,-2.299535031615598
2,17,18.0,0,15,10,-2.7008985376682944
2,17,18.0,0,15,11,-3.4947579198165215
2,17,18.0,0,16,7,-2.2698385929721354
2,17,18.0,0,16,8,-2.9836852158417884
2,17,18.0,0,17,4,-1.7921573685050163
2,17,18.0,0,17,5,-2.1322510090381357
2,17,18.0,0,17,6,-2.8228882919972804
2,17,18.0,0,18,2,-1.7532297517570186
2,17,18.0,0,18,3,-2.2899585054912635
2,17,18.0,0,19,0,-1.8650414228469643
2,17,18.0,0,19,1,-2.28661429849582
2,18,19.0,0,0,25,-6.760775797643248
2,18,19.0,0,1,24,-6.5015300794771065
2,18,19.0,0,2,22,-3.954635661042232
2,18,19.0,0,2,23,-5.883628744225177
2,18,19.0,0,3,21,-3.6331776965248537
2,18,19.0,0,4,21,-4.626808416009993
2,18,19.0,0,5,20,-3.298443879139626
2,18,19.0,0,6,20,-3.682965483357748
2,18,19.0,0,7,20,-4.54661544707966
2,18,19.0,0,8,19,-3.304374761015694
2,18,19.0,0,9,19,-3.783842967098977
2,18,19.0,0,10,18,-2.6139925106469946
2,18,19.0,0,11,18,-2.9062855225473285
2,18,19.0,0,12,16,-2.547924003274609
2,18,19.0,0,12,17,-3.061481561242182
2,18,19.0,0,13,14,-2.6449754107567998
2,18,19.0,0,13,15,-3.3284040534303756
2,18,19.0,0,14,12,-2.7074850102122454
2,18,19.0,0,14,13,-3.42227425410114
2,18,19.0,0,15,9,-2.3425126667627367
2,18,19.0,0,15,10,-2.744814588736105
2,18,19.0,0,15,11,-3.5425783019624006
2,18,19.0,0,16,7,-2.311504530818631
2,18,19.0,0,16,8,-3.0298504313291303
2,18,19.0,0,17,4,-1.830465744216923
2,18,19.0,0,17,5,-2.172131637003403
2,18,19.0,0,17,6,-2.867218614270989
2,18,19.0,0,18,2,-1.789395707313112
2,18,19.0,0,18,3,-2.3304883881154907
2,18,19.0,0,19,0,-1.8993981854618767
2,18,19.0,0,19,1,-2.325293711121226
2,19,20.0,0,0,25,-6.8903144760381565
2,19,20.0,0,1,24,-6.62485217808171
2,19,20.0,0,2,22,-4.031389209160352
2,19,20.0,0,2,23,-5.997889180053562
2,19,20.0,0,3,21,-3.7064587719455915
2,19,20.0,0,4,21,-4.719852182548635
2,19,20.0,0,5,20,-3.363228100056375
2,19,20.0,0,6,20,-3.7515447326555034
2,19,20.0,0,7,20,-4.6249173202964755
2,19,20.0,0,8,19,-3.3638142553937627
2,19,20.0,0,9,19,-3.844396198894543
2,19,20.0,0,10,18,-2.6578947149376546
2,19,20.0,0,11,18,-2.946371664513393
2,19,20.0,0,12,16,-2.585013955435521
2,19,20.0,0,12,17,-3.099356439254059
2,19,20.0,0,13,14,-2.6820262722447907
2,19,20.0,0,13,15,-3.3692472455148916
2,19,20.0,0,14,12,-2.7444852611360915
2,19,20.0,0,14,13,-3.4628934903324406
2,19,20.0,0,15,9,-2.378571240708574
2,19,20.0,0,15,10,-2.782059444535996
2,19,20.0,0,15,11,-3.5840686869335343
2,19,20.0,0,16,7,-2.346576673454784
2,19,20.0,0,16,8,-3.069583093093314
2,19,20.0,0,17,4,-1.86251521216235
2,19,20.0,0,17,5,-2.20579761134843
2,19,20.0,0,17,6,-2.9054759127028973
2,19,20.0,0,18,2,-1.8196447395678632
2,19,20.0,0,18,3,-2.3652572937146914
2,19,20.0,0,19,0,-1.9281483638792736
2,19,20.0,0,19,1,-2.3584856194022805
2,20,21.0,0,0,25,-7.018155805769368
2,20,21.0,0,1,24,-6.74624852128386
2,20,21.0,0,2,22,-4.1059906325119755
2,20,21.0,0,2,23,-6.109819402361495
2,20,21.0,0,3,21,-3.77711618446574
2,20,21.0,0,4,21,-4.81034009797051
2,20,21.0,0,5,20,-3.425574500901348
2,20,21.0,0,6,20,-3.8179779870690425
2,20,21.0,0,7,20,-4.701485133692557
2,20,21.0,0,8,19,-3.4212530948963433
2,20,21.0,0,9,19,-3.903542090419961
2,20,21.0,0,10,18,-2.700468461180975
2,20,21.0,0,11,18,-2.985597506473958
2,20,21.0,0,12,16,-2.6211399687563173
2,20,21.0,0,12,17,-3.1364842149195553
2,20,21.0,0,13,14,-2.7180689449679463
2,20,21.0,0,13,15,-3.4092999738007777
2,20,21.0,0,14,12,-2.780436861749955
2,20,21.0,0,14,13,-3.502683243708539
2,20,21.0,0,15,9,-2.413474080536588
2,20,21.0,0,15,10,-2.8182658509918355
2,20,21.0,0,15,11,-3.6247166456240976
2,20,21.0,0,16,7,-2.380578802093325
2,20,21.0,0,16,8,-3.1084304718752236
2,20,21.0,0,17,4,-1.8935003592721742
2,20,21.0,0,17,5,-2.238474113588815
2,20,21.0,0,17,6,-2.9429017242629314
2,20,21.0,0,18,2,-1.8489119370322413
2,20,21.0,0,18,3,-2.3992101567495254
2,20,21.0,0,19,0,-1.9559963865957855
2,20,21.0,0,19,1,-2.390895370769954
2,21,22.0,0,0,25,-7.046549710764964
2,21,22.0,0,1,24,-6.770415196808528
2,21,22.0,0,2,22,-4.097256518442748
2,21,22.0,0,2,23,-6.129808651002691
2,21,22.0,0,3,21,-3.7719908877037938
2,21,22.0,0,4,21,-4.8274539924191515
2,21,22.0,0,5,20,-3.426391122356449
2,21,22.0,0,6,20,-3.82732559842745
2,21,22.0,0,7,20,-4.72535894150937
2,21,22.0,0,8,19,-3.436693651387756
2,21,22.0,0,9,19,-3.926458886744868
2,21,22.0,0,10,18,-2.7158880388120963
2,21,22.0,0,11,18,-3.003255614959059
2,21,22.0,0,12,16,-2.6368206438584636
2,21,22.0,0,12,17,-3.154129119022315
2,21,22.0,0,13,14,-2.7328744635192166
2,21,22.0,0,13,15,-3.428790880308732
2,21,22.0,0,14,12,-2.794598678665217
2,21,22.0,0,14,13,-3.5213225654719977
2,21,22.0,0,15,9,-2.4258220275315168
2,21,22.0,0,15,10,-2.8324477281914113
2,21,22.0,0,15,11,-3.6438200431173797
2,21,22.0,0,16,7,-2.39299606172591
2,21,22.0,0,16,8,-3.125632150429624
2,21,22.0,0,17,4,-1.9041362841656806
2,21,22.0,0,17,5,-2.2507318823581812
2,21,22.0,0,17,6,-2.959808378207377
2,21,22.0,0,18,2,-1.8589240513724334
2,21,22.0,0,18,3,-2.413851477419996
2,21,22.0,0,19,0,-1.965560136905971
2,21,22.0,0,19,1,-2.404892829714079
2,22,23.0,0,0,25,-7.080092498243516
2,22,23.0,0,1,24,-6.799375427298571
2,22,23.0,0,2,22,-4.09421219795837
2,22,23.0,0,2,23,-6.153236029934419
2,22,23.0,0,3,21,-3.769995888461608
2,22,23.0,0,4,21,-4.845329657339477
2,22,23.0,0,5,20,-3.4284392213986905
2,22,23.0,0,6,20,-3.8373005572465786
2,22,23.0,0,7,20,-4.748963247218001
2,22,23.0,0,8,19,-3.450531276012782
2,22,23.0,0,9,19,-3.947951702129501
2,22,23.0,0,10,18,-2.7296541234848775
2,22,23.0,0,11,18,-3.019586254808736
2,22,23.0,0,12,16,-2.6509696513211765
2,22,23.0,0,12,17,-3.170489898044096
2,22,23.0,0,13,14,-2.7462061257624484
2,22,23.0,0,13,15,-3.4468510386485605
2,22,23.0,0,14,12,-2.8073045277609836
2,22,23.0,0,14,13,-3.5385776014306742
2,22,23.0,0,15,9,-2.43669985396037
2,22,23.0,0,15,10,-2.8452208057038035
2,22,23.0,0,15,11,-3.6615048530643577
2,22,23.0,0,16,7,-2.404035354770521
2,22,23.0,0,16,8,-3.14149860283532
2,22,23.0,0,17,4,-1.9134291005497843
2,22,23.0,0,17,5,-2.2616892099936763
2,22,23.0,0,17,6,-2.9754027403474907
2,22,23.0,0,18,2,-1.86772507183354
2,22,23.0,0,18,3,-2.427287219952568
2,22,23.0,0,19,0,-1.974029303952193
2,22,23.0,0,19,1,-2.417714002699171
2,23,24.0,0,0,25,-7.1012309210285025
2,23,24.0,0,1,24,-6.816451702022732
2,23,24.0,0,2,22,-4.0827674731206685
2,23,24.0,0,2,23,-6.164920028070526
2,23,24.0,0,3,21,-3.759212642712754
2,23,24.0,0,4,21,-4.852722688791488
2,23,24.0,0,5,20,-3.422574508950447
2,23,24.0,0,6,20,-3.8394917460549607
2,23,24.0,0,7,20,-4.764520055130731
2,23,24.0,0,8,19,-3.457122805192
2,23,24.0,0,9,19,-3.9630162235741864
2,23,24.0,0,10,18,-2.7381928057787803
2,23,24.0,0,11,18,-3.0317063070767674
2,23,24.0,0,12,16,-2.660912549296185
2,23,24.0,0,12,17,-3.1829634351692846
2,23,24.0,0,13,14,-2.7552790196683006
2,23,24.0,0,13,15,-3.4607382962295787
2,23,24.0,0,14,12,-2.8156973798563882
2,23,24.0,0,14,13,-3.551623426989103
2,23,24.0,0,15,9,-2.4431607105668363
2,23,24.0,0,15,10,-2.8536898594554216
2,23,24.0,0,15,11,-3.6748958640261336
2,23,24.0,0,16,7,-2.410869557412717
2,23,24.0,0,16,8,-3.153136697346312
2,23,24.0,0,17,4,-1.9187272637644526
2,23,24.0,0,17,5,-2.268668626555126
2,23,24.0,0,17,6,-2.986949197499193
2,23,24.0,0,18,2,-1.8727985743805533
2,23,24.0,0,18,3,-2.436946648668794
2,23,24.0,0,19,0,-1.9790089182710773
2,23,24.0,0,19,1,-2.4269156778309053
2,24,25.0,0,0,25,-7.108332045739246
2,24,25.0,0,1,24,-6.820189664346572
2,24,25.0,0,2,22,-4.061837009365718
2,24,25.0,0,2,23,-6.163649570080622
2,24,25.0,0,3,21,-3.7389246859125365
2,24,25.0,0,4,21,-4.848893208473783
2,24,25.0,0,5,20,-3.408357747971536
2,24,25.0,0,6,20,-3.833450999841517
2,24,25.0,0,7,20,-4.771516125589557
2,24,25.0,0,8,19,-3.4562700355967735
2,24,25.0,0,9,19,-3.9713700582669986
2,24,25.0,0,10,18,-2.741355721151777
2,24,25.0,0,11,18,-3.0394540500268405
2,24,25.0,0,12,16,-2.666512823361437
2,24,25.0,0,12,17,-3.191393066939611
2,24,25.0,0,13,14,-2.759960677129527
2,24,25.0,0,13,15,-3.470281855481055
2,24,25.0,0,14,12,-2.8196489437383008
2,24,25.0,0,14,13,-3.5602926446250933
2,24,25.0,0,15,9,-2.4450873824640666
2,24,25.0,0,15,10,-2.8577260096425974
2,24,25.0,0,15,11,-3.6838232410203418
2,24,25.0,0,16,7,-2.413382810280197
2,24,25.0,0,16,8,-3.1603851402092573
2,24,25.0,0,17,4,-1.9199291840462749
2,24,25.0,0,17,5,-2.271557445621525
2,24,25.0,0,17,6,-2.994293993189828
2,24,25.0,0,18,2,-1.874048782185234
2,24,25.0,0,18,3,-2.4426927649219223
2,24,25.0,0,19,0,-1.9804094603086213
2,24,25.0,0,19,1,-2.4323701075484365
2,25,26.0,0,0,25,-7.101962002971618
2,25,26.0,0,1,24,-6.811197637425835
2,25,26.0,0,2,22,-4.0320589877820225
2,25,26.0,0,2,23,-6.1500958885628165
2,25,26.0,0,3,21,-3.7098680811610336
2,25,26.0,0,4,21,-4.834503642608723
2,25,26.0,0,5,20,-3.386461411808199
2,25,26.0,0,6,20,-3.8197549560881328
2,25,26.0,0,7,20,-4.770398776675478
2,25,26.0,0,8,19,-3.448484410046447
2,25,26.0,0,9,19,-3.973358345511926
2,25,26.0,0,10,18,-2.7394521704987653
2,25,26.0,0,11,18,-3.043034363840924
2,25,26.0,0,12,16,-2.667979405037009
2,25,26.0,0,12,17,-3.1959539191118935
2,25,26.0,0,13,14,-2.7604769518606815
2,25,26.0,0,13,15,-3.475661262619518
2,25,26.0,0,14,12,-2.819398040339813
2,25,26.0,0,14,13,-3.5647779056643145
2,25,26.0,0,15,9,-2.442741702205012
2,25,26.0,0,15,10,-2.8575712492558836
2,25,26.0,0,15,11,-3.688483839824876
2,25,26.0,0,16,7,-2.411822041143836
2,25,26.0,0,16,8,-3.1634506264988644
2,25,26.0,0,17,4,-1.91727484582713
2,25,26.0,0,17,5,-2.2705862666536873
2,25,26.0,0,17,6,-2.997632067853175
2,25,26.0,0,18,2,-1.8717030261174727
2,25,26.0,0,18,3,-2.4447160925611584
2,25,26.0,0,19,0,-1.9784481965985066
2,25,26.0,0,19,1,-2.4342615625642594
2,26,27.0,0,0,25,-7.104910199710275
2,26,27.0,0,1,24,-6.811754405520446
2,26,27.0,0,2,22,-4.012545932420039
2,26,27.0,0,2,23,-6.145318849164596
2,26,27.0,0,3,21,-3.6894278081191203
2,26,27.0,0,4,21,-4.82634453029948
2,26,27.0,0,5,20,-3.3710061223450793
2,26,27.0,0,6,20,-3.81148827982031
2,26,27.0,0,7,20,-4.773222866335175
2,26,27.0,0,8,19,-3.4433895359590707
2,26,27.0,0,9,19,-3.977261486149473
2,26,27.0,0,10,18,-2.738679466506028
2,26,27.0,0,11,18,-3.047372809599402
2,26,27.0,0,12,16,-2.669964573273738
2,26,27.0,0,12,17,-3.2010928289843292
2,26,27.0,0,13,14,-2.7616666793540716
2,26,27.0,0,13,15,-3.4815642135822884
2,26,27.0,0,14,12,-2.8199128923766565
2,26,27.0,0,14,13,-3.5699047883880937
2,26,27.0,0,15,9,-2.441264907890904
2,26,27.0,0,15,10,-2.8582521843844972
2,26,27.0,0,15,11,-3.693794471465573
2,26,27.0,0,16,7,-2.4111115012126376
2,26,27.0,0,16,8,-3.167272425200224
2,26,27.0,0,17,4,-1.9154016833102858
2,26,27.0,0,17,5,-2.270415355864344
2,26,27.0,0,17,6,-3.0016467737068098
2,26,27.0,0,18,2,-1.8701548054482018
2,26,27.0,0,18,3,-2.447423482699783
2,26,27.0,0,19,0,-1.977305020929883
2,26,27.0,0,19,1,-2.4367937485240247
2,27,28.0,0,0,25,-7.093604534005863
2,27,28.0,0,1,24,-6.798888516744967
2,27,28.0,0,2,22,-3.983335147806713
2,27,28.0,0,2,23,-6.1279332814035
2,27,28.0,0,3,21,-3.660038608881166
2,27,28.0,0,4,21,-4.807917366363569
2,27,28.0,0,5,20,-3.3480852190778023
2,27,28.0,0,6,20,-3.795829814298827
2,27,28.0,0,7,20,-4.768289076410383
2,27,28.0,0,8,19,-3.4321179861992306
2,27,28.0,0,9,19,-3.9753580656788614
2,27,28.0,0,10,18,-2.733437461546856
2,27,28.0,0,11,18,-3.047985945039244
2,27,28.0,0,12,16,-2.6683003725753522
2,27,28.0,0,12,17,-3.2027714955686193
2,27,28.0,0,13,14,-2.75917942616816
2,27,28.0,0,13,15,-3.483742522326324
2,27,28.0,0,14,12,-2.8167224153455805
2,27,28.0,0,14,13,-3.571289333701891
2,27,28.0,0,15,9,-2.4360337906696543
2,27,28.0,0,15,10,-2.855233993447328
2,27,28.0,0,15,11,-3.695292190088871
2,27,28.0,0,16,7,-2.4068156507591496
2,27,28.0,0,16,8,-3.1673526899387525
2,27,28.0,0,17,4,-1.9101462748003826
2,27,28.0,0,17,5,-2.2668449585853736
2,27,28.0,0,17,6,-3.0020849169340167
2,27,28.0,0,18,2,-1.8654494828681507
2,27,28.0,0,18,3,-2.4468111783309325
2,27,28.0,0,19,0,-1.9732120180277022
2,27,28.0,0,19,1,-2.4361586295330753
2,28,29.0,0,0,25,-7.107094778741725
2,28,29.0,0,1,24,-6.810633648482963
2,28,29.0,0,2,22,-3.976940574972275
2,28,29.0,0,2,23,-6.13370373546627
2,28,29.0,0,3,21,-3.6509747613022796
2,28,29.0,0,4,21,-4.807467592933648
2,28,29.0,0,5,20,-3.3413059340712152
2,28,29.0,0,6,20,-3.7946705951538036
2,28,29.0,0,7,20,-4.775824820750785
2,28,29.0,0,8,19,-3.4305939007155644
2,28,29.0,0,9,19,-3.981442383217285
2,28,29.0,0,10,18,-2.733982338852911
2,28,29.0,0,11,18,-3.053058098873713
2,28,29.0,0,12,16,-2.670699145301427
2,28,29.0,0,12,17,-3.2083849153141486
2,28,29.0,0,13,14,-2.7610317635458372
2,28,29.0,0,13,15,-3.489994729017546
2,28,29.0,0,14,12,-2.8180526117758617
2,28,29.0,0,14,13,-3.5769549951534074
2,28,29.0,0,15,9,-2.4355502120200114
2,28,29.0,0,15,10,-2.8568394880931365
2,28,29.0,0,15,11,-3.7011511165894504
2,28,29.0,0,16,7,-2.407080255716842
2,28,29.0,0,16,8,-3.1718984435100452
2,28,29.0,0,17,4,-1.9091737774911408
2,28,29.0,0,17,5,-2.2675861334214815
2,28,29.0,0,17,6,-3.006727312011364
2,28,29.0,0,18,2,-1.8648493536202508
2,28,29.0,0,18,3,-2.4501955596252216
2,28,29.0,0,19,0,-1.9730774623746328
2,28,29.0,0,19,1,-2.4393319951043893
2,29,30.0,0,0,25,-7.162530124593559
2,29,30.0,0,1,24,-6.86378009905377
2,29,30.0,0,2,22,-4.007085203987401
2,29,30.0,0,2,23,-6.178733767995993
2,29,30.0,0,3,21,-3.6752136058684073
2,29,30.0,0,4,21,-4.8383172240767465
2,29,30.0,0,5,20,-3.361565653501515
2,29,30.0,0,6,20,-3.8183383078231827
2,29,30.0,0,7,20,-4.8057301182847425
2,29,30.0,0,8,19,-3.446986802352285
2,29,30.0,0,9,19,-4.002676109034553
2,29,30.0,0,10,18,-2.7457849116353117
2,29,30.0,0,11,18,-3.067010297136882
2,29,30.0,0,12,16,-2.6813836771500803
2,29,30.0,0,12,17,-3.2219653926901444
2,29,30.0,0,13,14,-2.7715706716362476
2,29,30.0,0,13,15,-3.504597770592781
2,29,30.0,0,14,12,-2.8283412945435487
2,29,30.0,0,14,13,-3.591267255817826
2,29,30.0,0,15,9,-2.4443690247966785
2,29,30.0,0,15,10,-2.867542871255978
2,29,30.0,0,15,11,-3.7158232200819583
2,29,30.0,0,16,7,-2.4162694313871356
2,29,30.0,0,16,8,-3.185335945884134
2,29,30.0,0,17,4,-1.916591098045437
2,29,30.0,0,17,5,-2.2767755021175873
2,29,30.0,0,17,6,-3.0197902955737703
2,29,30.0,0,18,2,-1.8722319834864223
2,29,30.0,0,18,3,-2.4615214264643868
2,29,30.0,0,19,0,-1.9805807323364988
2,29,30.0,0,19,1,-2.450085289544546
2,30,31.0,0,0,25,-7.247903268412244
2,30,31.0,0,1,24,-6.946551392384947
2,30,31.0,0,2,22,-4.0627145332198324
2,30,31.0,0,2,23,-6.252213213962818
2,30,31.0,0,3,21,-3.7234183926277353
2,30,31.0,0,4,21,-4.892519389291152
2,30,31.0,0,5,20,-3.4017768463567393
2,30,31.0,0,6,20,-3.860530345445909
2,30,31.0,0,7,20,-4.85267854814262
2,30,31.0,0,8,19,-3.477517916180531
2,30,31.0,0,9,19,-4.035913646589037
2,30,31.0,0,10,18,-2.7666890261612025
2,30,31.0,0,11,18,-3.0881915415097794
2,30,31.0,0,12,16,-2.698877030426509
2,30,31.0,0,12,17,-3.242070960323943
2,30,31.0,0,13,14,-2.7892038787091167
2,30,31.0,0,13,15,-3.526063920389504
2,30,31.0,0,14,12,-2.8459240815168556
2,30,31.0,0,14,13,-3.6126494267553397
2,30,31.0,0,15,9,-2.4607294128810366
2,30,31.0,0,15,10,-2.885637523553278
2,30,31.0,0,15,11,-3.7377081066862914
2,30,31.0,0,16,7,-2.43269432297636
2,30,31.0,0,16,8,-3.206001092044545
2,30,31.0,0,17,4,-1.9308113688872268
2,30,31.0,0,17,5,-2.292820530063814
2,30,31.0,0,17,6,-3.039722286275527
2,30,31.0,0,18,2,-1.886074422472987
2,30,31.0,0,18,3,-2.47930349917533
2,30,31.0,0,19,0,-1.9942596730716815
2,30,31.0,0,19,1,-2.4670161825961685
2,31,32.0,0,0,25,-7.22435342811832
2,31,32.0,0,1,24,-6.923114403693944
2,31,32.0,0,2,22,-4.027025057131539
2,31,32.0,0,2,23,-6.226271926535503
2,31,32.0,0,3,21,-3.690293046502319
2,31,32.0,0,4,21,-4.86898486347792
2,31,32.0,0,5,20,-3.37693228114577
2,31,32.0,0,6,20,-3.8424161544747903
2,31,32.0,0,7,20,-4.844039987363658
2,31,32.0,0,8,19,-3.4652008053661802
2,31,32.0,0,9,19,-4.0317553571732105
2,31,32.0,0,10,18,-2.760123133734581
2,31,32.0,0,11,18,-3.0873648039234354
2,31,32.0,0,12,16,-2.695721363760562
2,31,32.0,0,12,17,-3.2422944302812198
2,31,32.0,0,13,14,-2.785368526385298
2,31,32.0,0,13,15,-3.5265564290127074
2,31,32.0,0,14,12,-2.841485065845177
2,31,32.0,0,14,13,-3.6124497491343135
2,31,32.0,0,15,9,-2.4543435044292536
2,31,32.0,0,15,10,-2.8814420135771144
2,31,32.0,0,15,11,-3.7376197684241816
2,31,32.0,0,16,7,-2.4273185732668168
2,31,32.0,0,16,8,-3.204576865298229
2,31,32.0,0,17,4,-1.924536452111603
2,31,32.0,0,17,5,-2.2882275846831135
2,31,32.0,0,17,6,-3.038740147053389
2,31,32.0,0,18,2,-1.8804940371080718
2,31,32.0,0,18,3,-2.4774155890654797
2,31,32.0,0,19,0,-1.9894803099027882
2,31,32.0,0,19,1,-2.4652277890873577
2,32,33.0,0,0,25,-7.23068238727484
2,32,33.0,0,1,24,-6.928515407906957
2,32,33.0,0,2,22,-4.01719502753258
2,32,33.0,0,2,23,-6.2269755900615
2,32,33.0,0,3,21,-3.6794746407039156
2,32,33.0,0,4,21,-4.865528583168867
2,32,33.0,0,5,20,-3.3693567064457284
2,32,33.0,0,6,20,-3.8398248736829146
2,32,33.0,0,7,20,-4.849010306118231
2,32,33.0,0,8,19,-3.4632136943217517
2,32,33.0,0,9,19,-4.0362059731991025
2,32,33.0,0,10,18,-2.7597897728956866
2,32,33.0,0,11,18,-3.09134982504127
2,32,33.0,0,12,16,-2.696999016589068
2,32,33.0,0,12,17,-3.2467816201464217
2,32,33.0,0,13,14,-2.7862390428079777
2,32,33.0,0,13,15,-3.5314783346184626
2,32,33.0,0,14,12,-2.8419331433644714
2,32,33.0,0,14,13,-3.6168867450724775
2,32,33.0,0,15,9,-2.4530833581323463
2,32,33.0,0,15,10,-2.8822259956390894
2,32,33.0,0,15,11,-3.7422551818008216
2,32,33.0,0,16,7,-2.4268544123129843
2,32,33.0,0,16,8,-3.2079732222750437
2,32,33.0,0,17,4,-1.9228870188589369
2,32,33.0,0,17,5,-2.2882741648775067
2,32,33.0,0,17,6,-3.042302174876127
2,32,33.0,0,18,2,-1.8793293667482445
2,32,33.0,0,18,3,-2.479838614906541
2,32,33.0,0,19,0,-1.9889429549480582
2,32,33.0,0,19,1,-2.4675508813911975
2,33,34.0,0,0,25,-7.301031522189874
2,33,34.0,0,1,24,-6.996505508564837
2,33,34.0,0,2,22,-4.061758550989907
2,33,34.0,0,2,23,-6.286658763978664
2,33,34.0,0,3,21,-3.717626078239192
2,33,34.0,0,4,21,-4.908672931792751
2,33,34.0,0,5,20,-3.401210164673074
2,33,34.0,0,6,20,-3.873601623181173
2,33,34.0,0,7,20,-4.887186037627515
2,33,34.0,0,8,19,-3.4874447207202337
2,33,34.0,0,9,19,-4.063129318997468
2,33,34.0,0,10,18,-2.7761404186744585
2,33,34.0,0,11,18,-3.108563989004608
2,33,34.0,0,12,16,-2.7106880843315153
2,33,34.0,0,12,17,-3.263179576166543
2,33,34.0,0,13,14,-2.800063312673508
2,33,34.0,0,13,15,-3.5489204596130364
2,33,34.0,0,14,12,-2.855706587958828
2,33,34.0,0,14,13,-3.6342465353149365
2,33,34.0,0,15,9,-2.4656306856461043
2,33,34.0,0,15,10,-2.8965130899339044
2,33,34.0,0,15,11,-3.7600601492449783
2,33,34.0,0,16,7,-2.4396237434656243
2,33,34.0,0,16,8,-3.224622472059579
2,33,34.0,0,17,4,-1.9336888309060924
2,33,34.0,0,17,5,-2.3008457626185432
2,33,34.0,0,17,6,-3.0584231624103424
2,33,34.0,0,18,2,-1.88998324237658
2,33,34.0,0,18,3,-2.494086464610767
2,33,34.0,0,19,0,-1.9996810627754087
2,33,34.0,0,19,1,-2.4811583077114676
2,34,35.0,0,0,25,-7.36805579319639
2,34,35.0,0,1,24,-7.061494804736526
2,34,35.0,0,2,22,-4.10345992284573
2,34,35.0,0,2,23,-6.344105445225409
2,34,35.0,0,3,21,-3.7541877603530907
2,34,35.0,0,4,21,-4.9510077973446585
2,34,35.0,0,5,20,-3.4323978282803296
2,34,35.0,0,6,20,-3.9069027036785258
2,34,35.0,0,7,20,-4.9251181275530485
2,34,35.0,0,8,19,-3.5122351870983977
2,34,35.0,0,9,19,-4.090402841374711
2,34,35.0,0,10,18,-2.7930081038012275
2,34,35.0,0,11,18,-3.1261695576993134
2,34,35.0,0,12,16,-2.7248092023925636
2,34,35.0,0,12,17,-3.2799481897173663
2,34,35.0,0,13,14,-2.8143186728375085
2,34,35.0,0,13,15,-3.566754223101924
2,34,35.0,0,14,12,-2.869919456276307
2,34,35.0,0,14,13,-3.6519945855086178
2,34,35.0,0,15,9,-2.4786239374657058
2,34,35.0,0,15,10,-2.911235191504055
2,34,35.0,0,15,11,-3.7782726718895105
2,34,35.0,0,16,7,-2.452819012769851
2,34,35.0,0,16,8,-3.24164166954359
2,34,35.0,0,17,4,-1.9448990197351392
2,34,35.0,0,17,5,-2.313824038300183
2,34,35.0,0,17,6,-3.074922834070719
2,34,35.0,0,18,2,-1.901019108716305
2,34,35.0,0,18,3,-2.5086761307786887
2,34,35.0,0,19,0,-2.0107972146837625
2,34,35.0,0,19,1,-2.4951213970010073
2,35,36.0,0,0,25,-7.419995887343248
2,35,36.0,0,1,24,-7.111731242036967
2,35,36.0,0,2,22,-4.132094739592674
2,35,36.0,0,2,23,-6.3879730809160264
2,35,36.0,0,3,21,-3.7795532005850987
2,35,36.0,0,4,21,-4.983156413029008
2,35,36.0,0,5,20,-3.454906471633393
2,35,36.0,0,6,20,-3.9322409910031695
2,35,36.0,0,7,20,-4.955889661563589
2,35,36.0,0,8,19,-3.5319246586443853
2,35,36.0,0,9,19,-4.113159478490729
2,35,36.0,0,10,18,-2.8067252642306784
2,35,36.0,0,11,18,-3.1412353563954767
2,35,36.0,0,12,16,-2.736595923720323
2,35,36.0,0,12,17,-3.2944357048898283
2,35,36.0,0,13,14,-2.8261314374246354
2,35,36.0,0,13,15,-3.582181732375588
2,35,36.0,0,14,12,-2.8816236832024487
2,35,36.0,0,14,13,-3.6672553291268457
2,35,36.0,0,15,9,-2.489019979712822
2,35,36.0,0,15,10,-2.923408448741611
2,35,36.0,0,15,11,-3.793961994549214
2,35,36.0,0,16,7,-2.4635219147536986
2,35,36.0,0,16,8,-3.256093654807259
2,35,36.0,0,17,4,-1.9537734602248804
2,35,36.0,0,17,5,-2.324444447250521
2,35,36.0,0,17,6,-3.089013059995075
2,35,36.0,0,18,2,-1.9098357665135524
2,35,36.0,0,18,3,-2.5209873030970584
2,35,36.0,0,19,0,-2.0198149667794993
2,35,36.0,0,19,1,-2.506939779286377
2,36,37.0,0,0,25,-7.453273835255629
2,36,37.0,0,1,24,-7.143575033818877
2,36,37.0,0,2,22,-4.144793579062934
2,36,37.0,0,2,23,-6.414588976428206
2,36,37.0,0,3,21,-3.7906664058682225
2,36,37.0,0,4,21,-5.001785855977857
2,36,37.0,0,5,20,-3.4659577172484717
2,36,37.0,0,6,20,-3.9469319695706986
2,36,37.0,0,7,20,-4.976878129188066
2,36,37.0,0,8,19,-3.544166520850837
2,36,37.0,0,9,19,-4.129363328184354
2,36,37.0,0,10,18,-2.815689317593524
2,36,37.0,0,11,18,-3.15246013580132
2,36,37.0,0,12,16,-2.74479783010225
2,36,37.0,0,12,17,-3.3054501702184496
2,36,37.0,0,13,14,-2.8342184435022446
2,36,37.0,0,13,15,-3.5939358166719373
2,36,37.0,0,14,12,-2.889511236511545
2,36,37.0,0,14,13,-3.6787398668410276
2,36,37.0,0,15,9,-2.4954812365366053
2,36,37.0,0,15,10,-2.931714282991848
2,36,37.0,0,15,11,-3.8058122939300603
2,36,37.0,0,16,7,-2.470448845055877
2,36,37.0,0,16,8,-3.2666774168207837
2,36,37.0,0,17,4,-1.9591056999214445
2,36,37.0,0,17,5,-2.331488353581527
2,36,37.0,0,17,6,-3.099450271157636
2,36,37.0,0,18,2,-1.915293966338659
2,36,37.0,0,18,3,-2.5298589980332125
2,36,37.0,0,19,0,-2.0256519898327454
2,36,37.0,0,19,1,-2.515501001217878
2,37,38.0,0,0,25,-7.450517963260268
2,37,38.0,0,1,24,-7.140035892553556
2,37,38.0,0,2,22,-4.127448242778712
2,37,38.0,0,2,23,-6.407798090185167
2,37,38.0,0,3,21,-3.7744253430145136
2,37,38.0,0,4,21,-4.993782741832973
2,37,38.0,0,5,20,-3.454703907463255
2,37,38.0,0,6,20,-3.9407805543560244
2,37,38.0,0,7,20,-4.9784483280172935
2,37,38.0,0,8,19,-3.5411488465405796
2,37,38.0,0,9,19,-4.132193633975319
2,37,38.0,0,10,18,-2.8147540598657628
2,37,38.0,0,11,18,-3.1556923813351005
2,37,38.0,0,12,16,-2.7454816180189496
2,37,38.0,0,12,17,-3.3092169883031843
2,37,38.0,0,13,14,-2.8345147298021516
2,37,38.0,0,13,15,-3.5980217065300906
2,37,38.0,0,14,12,-2.889424382987386
2,37,38.0,0,14,13,-3.6823590947268485
2,37,38.0,0,15,9,-2.493733941980608
2,37,38.0,0,15,10,-2.9319521832043733
2,37,38.0,0,15,11,-3.809654749555122
2,37,38.0,0,16,7,-2.4695012079128986
2,37,38.0,0,16,8,-3.2692349541317682
2,37,38.0,0,17,4,-1.9570438279499882
2,37,38.0,0,17,5,-2.3310705123097932
2,37,38.0,0,17,6,-3.102280171183317
2,37,38.0,0,18,2,-1.9137489639039131
2,37,38.0,0,18,3,-2.5315861734127267
2,37,38.0,0,19,0,-2.0248434219445883
2,37,38.0,0,19,1,-2.517267163266453
2,38,39.0,0,0,25,-7.441052213486273
2,38,39.0,0,1,24,-7.129769417011289
2,38,39.0,0,2,22,-4.1052724874990645
2,38,39.0,0,2,23,-6.394369725997478
2,38,39.0,0,3,21,-3.7530918912146944
2,38,39.0,0,4,21,-4.979884764488816
2,38,39.0,0,5,20,-3.4387850959203377
2,38,39.0,0,6,20,-3.929973325643658
2,38,39.0,0,7,20,-4.975221238595395
2,38,39.0,0,8,19,-3.5340552187601872
2,38,39.0,0,9,19,-4.131275530248658
2,38,39.0,0,10,18,-2.8109379962981933
2,38,39.0,0,11,18,-3.1564912115241057
2,38,39.0,0,12,16,-2.743831566388579
2,38,39.0,0,12,17,-3.3107264011975204
2,38,39.0,0,13,14,-2.8324456150652253
2,38,39.0,0,13,15,-3.5996808096062125
2,38,39.0,0,14,12,-2.886949384531313
2,38,39.0,0,14,13,-3.6835356812465605
2,38,39.0,0,15,9,-2.4895779518147876
2,38,39.0,0,15,10,-2.9297883437755274
2,38,39.0,0,15,11,-3.8110091144767324
2,38,39.0,0,16,7,-2.466236453721521
2,38,39.0,0,16,8,-3.269347090161986
2,38,39.0,0,17,4,-1.9528159027785676
2,38,39.0,0,17,5,-2.3284471899220307
2,38,39.0,0,17,6,-3.10277507180961
2,38,39.0,0,18,2,-1.910166034007915
2,38,39.0,0,18,3,-2.531143690728676
2,38,39.0,0,19,0,-2.0221194999312146
2,38,39.0,0,19,1,-2.51697099916624
2,39,40.0,0,0,25,-7.3870237891567285
2,39,40.0,0,1,24,-7.075989637389398
2,39,40.0,0,2,22,-4.047067262127257
2,39,40.0,0,2,23,-6.339803690243059
2,39,40.0,0,3,21,-3.698663458384715
2,39,40.0,0,4,21,-4.932939696261542
2,39,40.0,0,5,20,-3.3956465318100584
2,39,40.0,0,6,20,-3.8935364750892063
2,39,40.0,0,7,20,-4.947696690470451
2,39,40.0,0,8,19,-3.507631501071515
2,39,40.0,0,9,19,-4.113302730062912
2,39,40.0,0,10,18,-2.7943837208662217
2,39,40.0,0,11,18,-3.1469422362903643
2,39,40.0,0,12,16,-2.732405178216844
2,39,40.0,0,12,17,-3.3028140883893045
2,39,40.0,0,13,14,-2.820285538085784
2,39,40.0,0,13,15,-3.591351405802186
2,39,40.0,0,14,12,-2.874166980166116
2,39,40.0,0,14,13,-3.674500270152876
2,39,40.0,0,15,9,-2.474847515212076
2,39,40.0,0,15,10,-2.917210044208545
2,39,40.0,0,15,11,-3.8019595988396446
2,39,40.0,0,16,7,-2.4528248961068613
2,39,40.0,0,16,8,-3.2590802546764905
2,39,40.0,0,17,4,-1.9390640414350173
2,39,40.0,0,17,5,-2.3162017391461447
2,39,40.0,0,17,6,-3.093409583354358
2,39,40.0,0,18,2,-1.8975730628730716
2,39,40.0,0,18,3,-2.5214648991052755
2,39,40.0,0,19,0,-2.0108468454366175
2,39,40.0,0,19,1,-2.507875751665864
2,40,41.0,0,0,25,-7.330428019532633
2,40,41.0,0,1,24,-7.019726264950634
2,40,41.0,0,2,22,-3.988668847235033
2,40,41.0,0,2,23,-6.282519778142387
2,40,41.0,0,3,21,-3.643010787092635
2,40,41.0,0,4,21,-4.882902816471756
2,40,41.0,0,5,20,-3.350699256116542
2,40,41.0,0,6,20,-3.85484150549928
2,40,41.0,0,7,20,-4.917092699904458
2,40,41.0,0,8,19,-3.478287998908698
2,40,41.0,0,9,19,-4.092397749134676
2,40,41.0,0,10,18,-2.775457402324065
2,40,41.0,0,11,18,-3.135267327714452
2,40,41.0,0,12,16,-2.7188925819723337
2,40,41.0,0,12,17,-3.292872104548337
2,40,41.0,0,13,14,-2.806069361546953
2,40,41.0,0,13,15,-3.580804802814505
2,40,41.0,0,14,12,-2.859344065543546
2,40,41.0,0,14,13,-3.6632820435035
2,40,41.0,0,15,9,-2.4581169721673604
2,40,41.0,0,15,10,-2.902597693579388
2,40,41.0,0,15,11,-3.790681192789357
2,40,41.0,0,16,7,-2.4374825788083925
2,40,41.0,0,16,8,-3.2466855672005934
2,40,41.0,0,17,4,-1.9235182899031713
2,40,41.0,0,17,5,-2.3021067610812693
2,40,41.0,0,17,6,-3.0819861752541584
2,40,41.0,0,18,2,-1.8833075902213636
2,40,41.0,0,18,3,-2.509906505713687
2,40,41.0,0,19,0,-1.9980136497671026
2,40,41.0,0,19,1,-2.4969845748906465
2,41,42.0,0,0,25,-7.305529961510047
2,41,42.0,0,1,24,-6.994665806018588
2,41,42.0,0,2,22,-3.9589101215879055
2,41,42.0,0,2,23,-6.2544831563479875
2,41,42.0,0,3,21,-3.6125690394177923
2,41,42.0,0,4,21,-4.855463389091426
2,41,42.0,0,5,20,-3.3255686256140393
2,41,42.0,0,6,20,-3.8340256742687018
2,41,42.0,0,7,20,-4.902058887934601
2,41,42.0,0,8,19,-3.460929369338885
2,41,42.0,0,9,19,-4.08146451646428
2,41,42.0,0,10,18,-2.7638066213630594
2,41,42.0,0,11,18,-3.1291821956666865
2,41,42.0,0,12,16,-2.7105739649945235
2,41,42.0,0,12,17,-3.2878804873227523
2,41,42.0,0,13,14,-2.7973557210975244
2,41,42.0,0,13,15,-3.5754074272886385
2,41,42.0,0,14,12,-2.8502320194288373
2,41,42.0,0,14,13,-3.6574518005513355
2,41,42.0,0,15,9,-2.447388899781778
2,41,42.0,0,15,10,-2.89379231656595
2,41,42.0,0,15,11,-3.7848875287708026
2,41,42.0,0,16,7,-2.427879099771559
2,41,42.0,0,16,8,-3.239897980798915
2,41,42.0,0,17,4,-1.9133935990186757
2,41,42.0,0,17,5,-2.2934247842302256
2,41,42.0,0,17,6,-3.0758424258212145
2,41,42.0,0,18,2,-1.8742041319682485
2,41,42.0,0,18,3,-2.503364327654694
2,41,42.0,0,19,0,-1.9901197365012848
2,41,42.0,0,19,1,-2.4908736954241704
2,42,43.0,0,0,25,-7.297131426639169
2,42,43.0,0,1,24,-6.986129953815976
2,42,43.0,0,2,22,-3.9445521657031577
2,42,43.0,0,2,23,-6.242281326650755
2,42,43.0,0,3,21,-3.596214923603384
2,42,43.0,0,4,21,-4.840762758826713
2,42,43.0,0,5,20,-3.3118217610802105
2,42,43.0,0,6,20,-3.8234917542403934
2,42,43.0,0,7,20,-4.895930823687991
2,42,43.0,0,8,19,-3.4508180514242923
2,42,43.0,0,9,19,-4.076443267837192
2,42,43.0,0,10,18,-2.7566028591702008
2,42,43.0,0,11,18,-3.1264724463700944
2,42,43.0,0,12,16,-2.7054332157597116
2,42,43.0,0,12,17,-3.2858756203985635
2,42,43.0,0,13,14,-2.792005808712979
2,42,43.0,0,13,15,-3.5731139985304097
2,42,43.0,0,14,12,-2.844614062263645
2,42,43.0,0,14,13,-3.654870128015773
2,42,43.0,0,15,9,-2.440343757380383
2,42,43.0,0,15,10,-2.8885338163834504
2,42,43.0,0,15,11,-3.7824038536825597
2,42,43.0,0,16,7,-2.421790501386745
2,42,43.0,0,16,8,-3.236490489339495
2,42,43.0,0,17,4,-1.906600921552176
2,42,43.0,0,17,5,-2.288055074601978
2,42,43.0,0,17,6,-3.072888024361376
2,42,43.0,0,18,2,-1.8682685260159673
2,42,43.0,0,18,3,-2.499854755449441
2,42,43.0,0,19,0,-1.985257571412319
2,42,43.0,0,19,1,-2.4876635866828707
2,43,44.0,0,0,25,-7.280807893073813
2,43,44.0,0,1,24,-6.970178617060867
2,43,44.0,0,2,22,-3.9245997321443156
2,43,44.0,0,2,23,-6.223459575146364
2,43,44.0,0,3,21,-3.5752659202895813
2,43,44.0,0,4,21,-4.8212524928335085
2,43,44.0,0,5,20,-3.294549680108787
2,43,44.0,0,6,20,-3.809502576379572
2,43,44.0,0,7,20,-4.8862272612701645
2,43,44.0,0,8,19,-3.4383342650105817
2,43,44.0,0,9,19,-4.069029905284083
2,43,44.0,0,10,18,-2.7477708293567247
2,43,44.0,0,11,18,-3.1223047249733895
2,43,44.0,0,12,16,-2.6989603854217776
2,43,44.0,0,12,17,-3.2825094290884067
2,43,44.0,0,13,14,-2.7853080100742673
2,43,44.0,0,13,15,-3.5693527517262638
2,43,44.0,0,14,12,-2.837643693322029
2,43,44.0,0,14,13,-3.6508150581328778
2,43,44.0,0,15,9,-2.431960445064327
2,43,44.0,0,15,10,-2.881907381028924
2,43,44.0,0,15,11,-3.778422004385021
2,43,44.0,0,16,7,-2.4144025928610517
2,43,44.0,0,16,8,-3.2316137212009366
2,43,44.0,0,17,4,-1.898615306830358
2,43,44.0,0,17,5,-2.2814413566429153
2,43,44.0,0,17,6,-3.068536249009412
2,43,44.0,0,18,2,-1.8612036209428382
2,43,44.0,0,18,3,-2.495056084126837
2,43,44.0,0,19,0,-1.9793319227448194
2,43,44.0,0,19,1,-2.4832403221861625
2,44,45.0,0,0,25,-7.285373604971653
2,44,45.0,0,1,24,-6.974780475781415
2,44,45.0,0,2,22,-3.922886969849685
2,44,45.0,0,2,23,-6.224199967906088
2,44,45.0,0,3,21,-3.571007985432203
2,44,45.0,0,4,21,-4.8174405704126
2,44,45.0,0,5,20,-3.29081893856781
2,44,45.0,0,6,20,-3.807882054069694
2,44,45.0,0,7,20,-4.887592454880945
2,44,45.0,0,8,19,-3.4348848643306837
2,44,45.0,0,9,19,-4.0691501853907965
2,44,45.0,0,10,18,-2.7446515082733782
2,44,45.0,0,11,18,-3.1225538877539023
2,44,45.0,0,12,16,-2.6966800951864016
2,44,45.0,0,12,17,-3.283092436452435
2,44,45.0,0,13,14,-2.7830032908026396
2,44,45.0,0,13,15,-3.569725161105275
2,44,45.0,0,14,12,-2.835209772576661
2,44,45.0,0,14,13,-3.651048070173161
2,44,45.0,0,15,9,-2.42832033017185
2,44,45.0,0,15,10,-2.879871918345664
2,44,45.0,0,15,11,-3.7788106867634
2,44,45.0,0,16,7,-2.411543729878666
2,44,45.0,0,16,8,-3.2311593313926465
2,44,45.0,0,17,4,-1.8949176429774397
2,44,45.0,0,17,5,-2.2791019015535454
2,44,45.0,0,17,6,-3.068371256169243
2,44,45.0,0,18,2,-1.8582029440724241
2,44,45.0,0,18,3,-2.494217397223231
2,44,45.0,0,19,0,-1.977282362275261
2,44,45.0,0,19,1,-2.482605913331547
2,45,46.0,0,0,25,-7.308302307319366
2,45,46.0,0,1,24,-6.99745941906599
2,45,46.0,0,2,22,-3.936833124525265
2,45,46.0,0,2,23,-6.242315575696864
2,45,46.0,0,3,21,-3.5814202163471975
2,45,46.0,0,4,21,-4.827901904861733
2,45,46.0,0,5,20,-3.299222574980405
2,45,46.0,0,6,20,-3.817470064794776
2,45,46.0,0,7,20,-4.899207138892535
2,45,46.0,0,8,19,-3.440009076796855
2,45,46.0,0,9,19,-4.076483526452378
2,45,46.0,0,10,18,-2.74708670139718
2,45,46.0,0,11,18,-3.1271364358699785
2,45,46.0,0,12,16,-2.6985487377435575
2,45,46.0,0,12,17,-3.28757535135108
2,45,46.0,0,13,14,-2.7850168240407385
2,45,46.0,0,13,15,-3.574196619645811
2,45,46.0,0,14,12,-2.8372192153068383
2,45,46.0,0,14,13,-3.6555095058905565
2,45,46.0,0,15,9,-2.429304418919479
2,45,46.0,0,15,10,-2.882322377175022
2,45,46.0,0,15,11,-3.7835115436739954
2,45,46.0,0,16,7,-2.413100007684271
2,45,46.0,0,16,8,-3.2350397080743605
2,45,46.0,0,17,4,-1.8954001717099658
2,45,46.0,0,17,5,-2.280932524062095
2,45,46.0,0,17,6,-3.072322356739349
2,45,46.0,0,18,2,-1.8591550503971277
2,45,46.0,0,18,3,-2.4972584866076986
2,45,46.0,0,19,0,-1.9789955105154533
2,45,46.0,0,19,1,-2.4856893613024624
2,46,47.0,0,0,25,-7.244788600044217
2,46,47.0,0,1,24,-6.93576705653993
2,46,47.0,0,2,22,-3.878493346097571
2,46,47.0,0,2,23,-6.181383824678733
2,46,47.0,0,3,21,-3.52722276492446
2,46,47.0,0,4,21,-4.7764102575208085
2,46,47.0,0,5,20,-3.255752611199199
2,46,47.0,0,6,20,-3.7788883017259707
2,46,47.0,0,7,20,-4.866302000697289
2,46,47.0,0,8,19,-3.410715692025491
2,46,47.0,0,9,19,-4.05374405766419
2,46,47.0,0,10,18,-2.7274557316129773
2,46,47.0,0,11,18,-3.113966222051772
2,46,47.0,0,12,16,-2.6838137542981926
2,46,47.0,0,12,17,-3.2760044890315854
2,46,47.0,0,13,14,-2.7697671984969077
2,46,47.0,0,13,15,-3.561729645033502
2,46,47.0,0,14,12,-2.821524853277822
2,46,47.0,0,14,13,-3.642550730587047
2,46,47.0,0,15,9,-2.4120349474548846
2,46,47.0,0,15,10,-2.8668385724375653
2,46,47.0,0,15,11,-3.7704713241561407
2,46,47.0,0,16,7,-2.397139936111529
2,46,47.0,0,16,8,-3.221109161413956
2,46,47.0,0,17,4,-1.8794431734723744
2,46,47.0,0,17,5,-2.2661666286579134
2,46,47.0,0,17,6,-3.0593992764364586
2,46,47.0,0,18,2,-1.8445121032212768
2,46,47.0,0,18,3,-2.484444109971868
2,46,47.0,0,19,0,-1.965867780033662
2,46,47.0,0,19,1,-2.473681683911778
2,47,48.0,0,0,25,-7.1522669501051155
2,47,48.0,0,1,24,-6.845455884730882
2,47,48.0,0,2,22,-3.7969811495376575
2,47,48.0,0,2,23,-6.093090006488865
2,47,48.0,0,3,21,-3.451125947620028
2,47,48.0,0,4,21,-4.702367273048253
2,47,48.0,0,5,20,-3.1938194940149174
2,47,48.0,0,6,20,-3.72264819093985
2,47,48.0,0,7,20,-4.816301654523386
2,47,48.0,0,8,19,-3.3676303255162736
2,47,48.0,0,9,19,-4.0186714681659055
2,47,48.0,0,10,18,-2.698582987074232
2,47,48.0,0,11,18,-3.0931748793788785
2,47,48.0,0,12,16,-2.661886963445532
2,47,48.0,0,12,17,-3.2574544993889702
2,47,48.0,0,13,14,-2.747127483961904
2,47,48.0,0,13,15,-3.541841100916429
2,47,48.0,0,14,12,-2.7983046237380975
2,47,48.0,0,14,13,-3.622037229536076
2,47,48.0,0,15,9,-2.3870957098994694
2,47,48.0,0,15,10,-2.843752648179354
2,47,48.0,0,15,11,-3.7497296392840056
2,47,48.0,0,16,7,-2.373804785983374
2,47,48.0,0,16,8,-3.1995426358136356
2,47,48.0,0,17,4,-1.8565860707481434
2,47,48.0,0,17,5,-2.2443929800482394
2,47,48.0,0,17,6,-3.0392029673043552
2,47,48.0,0,18,2,-1.8233413793381672
2,47,48.0,0,18,3,-2.464843622245688
2,47,48.0,0,19,0,-1.946542482650429
2,47,48.0,0,19,1,-2.4552044621278455
2,48,49.0,0,0,25,-7.094724922288606
2,48,49.0,0,1,24,-6.7892531203945055
2,48,49.0,0,2,22,-3.7465977324982873
2,48,49.0,0,2,23,-6.036559477722278
2,48,49.0,0,3,21,-3.4020768539763537
2,48,49.0,0,4,21,-4.6525618374728595
2,48,49.0,0,5,20,-3.15291615508616
2,48,49.0,0,6,20,-3.6853306959413885
2,48,49.0,0,7,20,-4.782788112167424
2,48,49.0,0,8,19,-3.337086308436753
2,48,49.0,0,9,19,-3.994045767714681
2,48,49.0,0,10,18,-2.677323454626162
2,48,49.0,0,11,18,-3.078207897432982
2,48,49.0,0,12,16,-2.6453945171521553
2,48,49.0,0,12,17,-3.2440579207265756
2,48,49.0,0,13,14,-2.7302424830213354
2,48,49.0,0,13,15,-3.527314414475782
2,48,49.0,0,14,12,-2.781056515784151
2,48,49.0,0,14,13,-3.6071364264026187
2,48,49.0,0,15,9,-2.3684456977927226
2,48,49.0,0,15,10,-2.826732741166907
2,48,49.0,0,15,11,-3.734698027018979
2,48,49.0,0,16,7,-2.356473636567209
2,48,49.0,0,16,8,-3.183825591508473
2,48,49.0,0,17,4,-1.8394117698667714
2,48,49.0,0,17,5,-2.228276537037786
2,48,49.0,0,17,6,-3.024507813274141
2,48,49.0,0,18,2,-1.8075743804599185
2,48,49.0,0,18,3,-2.450477200940462
2,48,49.0,0,19,0,-1.9323750542250124
2,48,49.0,0,19,1,-2.4417102588275554
2,49,50.0,0,0,25,-6.99687687113709
2,49,50.0,0,1,24,-6.693965670506486
2,49,50.0,0,2,22,-3.6642384638623184
2,49,50.0,0,2,23,-5.943427339647485
2,49,50.0,0,3,21,-3.324107616695727
2,49,50.0,0,4,21,-4.573814114897431
2,49,50.0,0,5,20,-3.0884533034157755
2,49,50.0,0,6,20,-3.625764970718393
2,49,50.0,0,7,20,-4.728000351181436
2,49,50.0,0,8,19,-3.2899657022217212
2,49,50.0,0,9,19,-3.9546069469783163
2,49,50.0,0,10,18,-2.6451334606829846
2,49,50.0,0,11,18,-3.0542635551919375
2,49,50.0,0,12,16,-2.620482148200445
2,49,50.0,0,12,17,-3.222468144501228
2,49,50.0,0,13,14,-2.7046749454375743
2,49,50.0,0,13,15,-3.5040963018789952
2,49,50.0,0,14,12,-2.7549501575865065
2,49,50.0,0,14,13,-3.5833619346015624
2,49,50.0,0,15,9,-2.3407456721381052
2,49,50.0,0,15,10,-2.8007545269076246
2,49,50.0,0,15,11,-3.7106232871421554
2,49,50.0,0,16,7,-2.33044163460859
2,49,50.0,0,16,8,-3.1591114595663043
2,49,50.0,0,17,4,-1.8140973898172064
2,49,50.0,0,17,5,-2.2038972964480408
2,49,50.0,0,17,6,-3.001258009014414
2,49,50.0,0,18,2,-1.7840972492401193
2,49,50.0,0,18,3,-2.428117392599127
2,49,50.0,0,19,0,-1.9108788605677134
2,49,50.0,0,19,1,-2.420601843870479
2,50,51.0,0,0,25,-6.9007465795071425
2,50,51.0,0,1,24,-6.600498204046687
2,50,51.0,0,2,22,-3.5853751366615825
2,50,51.0,0,2,23,-5.8519025632735975
2,50,51.0,0,3,21,-3.2486787827500336
2,50,51.0,0,4,21,-4.495816665858882
2,50,51.0,0,5,20,-3.0254700707696145
2,50,51.0,0,6,20,-3.566998141949597
2,50,51.0,0,7,20,-4.672944121656059
2,50,51.0,0,8,19,-3.2424861615314597
2,50,51.0,0,9,19,-3.9143483208344634
2,50,51.0,0,10,18,-2.61228780550303
2,50,51.0,0,11,18,-3.0295048718663153
2,50,51.0,0,12,16,-2.5947911222655478
2,50,51.0,0,12,17,-3.200031504157195
2,50,51.0,0,13,14,-2.6784010670516025
2,50,51.0,0,13,15,-3.4799148656439414
2,50,51.0,0,14,12,-2.728187485251034
2,50,51.0,0,14,13,-3.558691975954602
2,50,51.0,0,15,9,-2.3124959292492235
2,50,51.0,0,15,10,-2.774129911648835
2,50,51.0,0,15,11,-3.6856290763479578
2,50,51.0,0,16,7,-2.303854110351736
2,50,51.0,0,16,8,-3.133592038724956
2,50,51.0,0,17,4,-1.7883056122425813
2,50,51.0,0,17,5,-2.178962078577932
2,50,51.0,0,17,6,-2.977202763089373
2,50,51.0,0,18,2,-1.760181342062971
2,50,51.0,0,18,3,-2.405066653392346
2,50,51.0,0,19,0,-1.8889772722133742
2,50,51.0,0,19,1,-2.3988315306724886
2,51,52.0,0,0,25,-6.840576237580763
2,51,52.0,0,1,24,-6.5424198480323525
2,51,52.0,0,2,22,-3.5385859423688544
2,51,52.0,0,2,23,-5.793785082495674
2,51,52.0,0,3,21,-3.201929109214319
2,51,52.0,0,4,21,-4.4440701851119115
2,51,52.0,0,5,20,-2.985320525529005
2,51,52.0,0,6,20,-3.528938819949758
2,51,52.0,0,7,20,-4.636126303128634
2,51,52.0,0,8,19,-3.2094070443035037
2,51,52.0,0,9,19,-3.886084858962988
2,51,52.0,0,10,18,-2.588366319743301
2,51,52.0,0,11,18,-3.0116070635837033
2,51,52.0,0,12,16,-2.5755672429229506
2,51,52.0,0,12,17,-3.1836977549346557
2,51,52.0,0,13,14,-2.6589372263714637
2,51,52.0,0,13,15,-3.4621089514634846
2,51,52.0,0,14,12,-2.7084724042706583
2,51,52.0,0,14,13,-3.5406635319698267
2,51,52.0,0,15,9,-2.291643704537691
2,51,52.0,0,15,10,-2.754649774361617
2,51,52.0,0,15,11,-3.667394952528582
2,51,52.0,0,16,7,-2.2843280741459324
2,51,52.0,0,16,8,-3.1149616345242492
2,51,52.0,0,17,4,-1.769200717098549
2,51,52.0,0,17,5,-2.1606847194129273
2,51,52.0,0,17,6,-2.959643370704427
2,51,52.0,0,18,2,-1.7426113796909775
2,51,52.0,0,18,3,-2.3881830113122646
2,51,52.0,0,19,0,-1.873121240843112
2,51,52.0,0,19,1,-2.3829399224893635
2,52,53.0,0,0,25,-6.832572107035844
2,52,53.0,0,1,24,-6.5356688190897785
2,52,53.0,0,2,22,-3.536679043963318
2,52,53.0,0,2,23,-5.784453518749899
2,52,53.0,0,3,21,-3.196206444610084
2,52,53.0,0,4,21,-4.431480288895017
2,52,53.0,0,5,20,-2.9785335572625513
2,52,53.0,0,6,20,-3.5216382242934117
2,52,53.0,0,7,20,-4.627283133668271
2,52,53.0,0,8,19,-3.1988531372182223
2,52,53.0,0,9,19,-3.876974508606736
2,52,53.0,0,10,18,-2.578858504317836
2,52,53.0,0,11,18,-3.005033334878526
2,52,53.0,0,12,16,-2.5670775337805125
2,52,53.0,0,12,17,-3.1775484287139406
2,52,53.0,0,13,14,-2.6506656035109373
2,52,53.0,0,13,15,-3.4550149350017065
2,52,53.0,0,14,12,-2.7002720956540074
2,52,53.0,0,14,13,-3.533693376318375
2,52,53.0,0,15,9,-2.28276173261181
2,52,53.0,0,15,10,-2.7468161234480846
2,52,53.0,0,15,11,-3.660425628865312
2,52,53.0,0,16,7,-2.2762476018003284
2,52,53.0,0,16,8,-3.107687844162591
2,52,53.0,0,17,4,-1.7609043625961078
2,52,53.0,0,17,5,-2.1532236098124997
2,52,53.0,0,17,6,-2.952839506308173
2,52,53.0,0,18,2,-1.7352774481749123
2,52,53.0,0,18,3,-2.3814461329143697
2,52,53.0,0,19,0,-1.867000152086291
2,52,53.0,0,19,1,-2.3767320282939224
3,1,54.0,0,0,25,-3.9971107101942494
3,1,54.0,0,0,26,-5.165043496746478
3,1,54.0,0,1,24,-5.387496876629143
3,1,54.0,0,2,22,-2.962015815761788
3,1,54.0,0,2,23,-4.964187418507947
3,1,54.0,0,3,21,-2.630331271598834
3,1,54.0,0,4,21,-3.687429558519028
3,1,54.0,0,5,20,-2.4423924093503047
3,1,54.0,0,6,20,-2.936054587682662
3,1,54.0,0,7,20,-3.929035176152553
3,1,54.0,0,8,19,-2.698245060612635
3,1,54.0,0,9,19,-3.4660026316138612
3,1,54.0,0,10,18,-3.2257928333289243
3,1,54.0,0,17,4,-0.4495326911868105
3,1,54.0,0,17,5,-0.6719660601604787
3,1,54.0,0,18,2,-0.7265500040415702
3,1,54.0,0,18,3,-0.8168303295525021
3,1,54.0,0,18,4,-0.8250053606949237
3,1,54.0,0,18,5,-0.9269737321821268
3,1,54.0,0,18,6,-1.1700972822255835
3,1,54.0,0,18,7,-1.4498702277128857
3,1,54.0,0,18,8,-1.814326140965946
3,1,54.0,0,19,0,-0.5854955678298523
3,1,54.0,0,19,1,-0.9972712071958583
3,1,54.0,0,19,9,-1.8530723640680193
3,1,54.0,0,19,10,-1.8380155223582761
3,1,54.0,0,19,11,-1.9967326230144664
3,1,54.0,0,19,12,-2.444149896620523
3,1,54.0,0,20,0,-1.2049667381232823
3,1,54.0,0,20,13,-2.4347489479340965
3,1,54.0,0,21,14,-2.2616522264234717
3,1,54.0,0,22,14,-1.8942464360914286
3,1,54.0,0,23,15,-1.7692176037185519
3,1,54.0,0,23,16,-1.9121866731771107
3,1,54.0,0,23,17,-2.4356600629032172
3,1,54.0,0,23,22,-6.058194652720381
3,1,54.0,0,24,18,-2.7127698096815323
3,1,54.0,0,24,19,-3.022340146732809
3,1,54.0,0,24,20,-3.651160068043083
3,1,54.0,0,24,21,-4.858944922847009
4,1,55.0,0,0,25,-4.084372200807707
4,1,55.0,0,0,26,-5.25848109269981
4,1,55.0,0,1,24,-5.475293537431924
4,1,55.0,0,2,22,-3.0366489204056393
4,1,55.0,0,2,23,-5.047041790443757
4,1,55.0,0,3,21,-2.6979475049159305
4,1,55.0,0,4,21,-3.753070961832975
4,1,55.0,0,5,20,-2.4969193131688883
4,1,55.0,0,6,20,-2.986769495937665
4,1,55.0,0,7,20,-3.9759991055946955
4,1,55.0,0,8,19,-2.7355042385072466
4,1,55.0,0,9,19,-3.4981529304291428
4,1,55.0,0,10,18,-3.2496542023831125
4,1,55.0,0,17,4,-0.46693580812306834
4,1,55.0,0,17,5,-0.6895652742361662
4,1,55.0,0,18,2,-0.7429328994531588
4,1,55.0,0,18,3,-0.8334995751693342
4,1,55.0,0,18,4,-0.8419967677740345
4,1,55.0,0,18,5,-0.9441649881329397
4,1,55.0,0,18,6,-1.1873882311411919
4,1,55.0,0,18,7,-1.467206175087533
4,1,55.0,0,18,8,-1.8317174535088725
4,1,55.0,0,19,0,-0.6009399553010653
4,1,55.0,0,19,1,-1.01315561755451
4,1,55.0,0,19,9,-1.8696532315256604
4,1,55.0,0,19,10,-1.8544928985474627
4,1,55.0,0,19,11,-2.013119979215233
4,1,55.0,0,19,12,-2.4605111355203206
4,1,55.0,0,20,0,-1.2201518609651032
4,1,55.0,0,20,13,-2.4503793832301852
4,1,55.0,0,21,14,-2.276763806826338
4,1,55.0,0,22,14,-1.9086637310923749
4,1,55.0,0,23,15,-1.7827759983225349
4,1,55.0,0,23,16,-1.925925480673456
4,1,55.0,0,23,17,-2.4495920948171204
4,1,55.0,0,23,22,-6.072586026260275
4,1,55.0,0,24,18,-2.725992758274174
4,1,55.0,0,24,19,-3.0357487563230023
4,1,55.0,0,24,20,-3.664740882968829
4,1,55.0,0,24,21,-4.872652965518803
4,2,56.0,0,0,25,-4.1506454530540395
4,2,56.0,0,0,26,-5.330317491871938
4,2,56.0,0,1,24,-5.54535718149674
4,2,56.0,0,2,22,-3.09474737371454
4,2,56.0,0,2,23,-5.113944369175272
4,2,56.0,0,3,21,-2.7520205419008335
4,2,56.0,0,4,21,-3.8074603693179654
4,2,56.0,0,5,20,-2.541554360060019
4,2,56.0,0,6,20,-3.028835063503891
4,2,56.0,0,7,20,-4.015857785894042
4,2,56.0,0,8,19,-2.7679269954981294
4,2,56.0,0,9,19,-3.526407864321513
4,2,56.0,0,10,18,-3.270998092204195
4,2,56.0,0,17,4,-0.48241830119773255
4,2,56.0,0,17,5,-0.7053001544920221
4,2,56.0,0,18,2,-0.7575253961004691
4,2,56.0,0,18,3,-0.8484165905584362
4,2,56.0,0,18,4,-0.8572753522827483
4,2,56.0,0,18,5,-0.9596650569692287
4,2,56.0,0,18,6,-1.203024241874303
4,2,56.0,0,18,7,-1.4828751671367684
4,2,56.0,0,18,8,-1.8474623150000937
4,2,56.0,0,19,0,-0.6146304614944285
4,2,56.0,0,19,1,-1.0274271457906963
4,2,56.0,0,19,9,-1.8847013445756104
4,2,56.0,0,19,10,-1.8694487808060032
4,2,56.0,0,19,11,-2.0280282234695903
4,2,56.0,0,19,12,-2.4754708030896566
4,2,56.0,0,20,0,-1.233798974731883
4,2,56.0,0,20,13,-2.4647086000576124
4,2,56.0,0,21,14,-2.2906238755673485
4,2,56.0,0,22,14,-1.9218210967211462
4,2,56.0,0,23,15,-1.7950324551289185
4,2,56.0,0,23,16,-1.9383857345313444
4,2,56.0,0,23,17,-2.462312943520793
4,2,56.0,0,23,22,-6.085910962275946
4,2,56.0,0,24,18,-2.7380028981056483
4,2,56.0,0,24,19,-3.0479751909355457
4,2,56.0,0,24,20,-3.677186566526494
4,2,56.0,0,24,21,-4.885277775920862
4,3,57.0,0,0,25,-4.205085011459062
4,3,57.0,0,0,26,-5.390060685017545
4,3,57.0,0,1,24,-5.605852103070617
4,3,57.0,0,2,22,-3.143428270906952
4,3,57.0,0,2,23,-5.1721582408756035
4,3,57.0,0,3,21,-2.7981536502759354
4,3,57.0,0,4,21,-3.855511964067148
4,3,57.0,0,5,20,-2.5802772491865937
4,3,57.0,0,6,20,-3.0657858775718694
4,3,57.0,0,7,20,-4.051714503285126
4,3,57.0,0,8,19,-2.7974878024122063
4,3,57.0,0,9,19,-3.552490595443288
4,3,57.0,0,10,18,-3.290975167375791
4,3,57.0,0,17,4,-0.4967866664886884
4,3,57.0,0,17,5,-0.7199943967891542
4,3,57.0,0,18,2,-0.7711106916196115
4,3,57.0,0,18,3,-0.8623593649131607
4,3,57.0,0,18,4,-0.8716089563601841
4,3,57.0,0,18,5,-0.9742426009084895
4,3,57.0,0,18,6,-1.2177918383982416
4,3,57.0,0,18,7,-1.4976746788003652
4,3,57.0,0,18,8,-1.862375181712295
4,3,57.0,0,19,0,-0.6273042181409849
4,3,57.0,0,19,1,-1.0408299519065665
4,3,57.0,0,19,9,-1.8989803883368026
4,3,57.0,0,19,10,-1.8836265036476831
4,3,57.0,0,19,11,-2.04218859896595
4,3,57.0,0,19,12,-2.4897526820677314
4,3,57.0,0,20,0,-1.2466171513549966
4,3,57.0,0,20,13,-2.4784339891554836
4,3,57.0,0,21,14,-2.3038907729049924
4,3,57.0,0,22,14,-1.9343623160290733
4,3,57.0,0,23,15,-1.8066229572719905
4,3,57.0,0,23,16,-1.9501896416207813
4,3,57.0,0,23,17,-2.4744431754096894
4,3,57.0,0,23,22,-6.098776943371917
4,3,57.0,0,24,18,-2.749407461629353
4,3,57.0,0,24,19,-3.0596127979874623
4,3,57.0,0,24,20,-3.689082992116809
4,3,57.0,0,24,21,-4.897404990249171
4,4,58.0,0,0,25,-4.3092479557604975
4,4,58.0,0,0,26,-5.5031452847959486
4,4,58.0,0,1,24,-5.717801394656647
4,4,58.0,0,2,22,-3.235123793324931
4,4,58.0,0,2,23,-5.2790258031844814
4,4,58.0,0,3,21,-2.8832930462505146
4,4,58.0,0,4,21,-3.942269850068328
4,4,58.0,0,5,20,-2.6507832305847217
4,4,58.0,0,6,20,-3.132574244426337
4,4,58.0,0,7,20,-4.115808691241483
4,4,58.0,0,8,19,-2.849283538772994
4,4,58.0,0,9,19,-3.598216345965284
4,4,58.0,0,10,18,-3.3257240727522372
4,4,58.0,0,17,4,-0.5220145484458314
4,4,58.0,0,17,5,-0.7457367762605571
4,4,58.0,0,18,2,-0.7950662977142073
4,4,58.0,0,18,3,-0.8868086838743494
4,4,58.0,0,18,4,-0.8965865856150117
4,4,58.0,0,18,5,-0.9995724117233493
4,4,58.0,0,18,6,-1.2434458776653585
4,4,58.0,0,18,7,-1.5234119699255189
4,4,58.0,0,18,8,-1.8883289227073305
4,4,58.0,0,19,0,-0.6497638417187446
4,4,58.0,0,19,1,-1.064325523469165
4,4,58.0,0,19,9,-1.9237936806025786
4,4,58.0,0,19,10,-1.9082181302294288
4,4,58.0,0,19,11,-2.066698762350555
4,4,58.0,0,19,12,-2.5143858201032856
4,4,58.0,0,20,0,-1.2691098467610544
4,4,58.0,0,20,13,-2.502119998670821
4,4,58.0,0,21,14,-2.3267468058605942
4,4,58.0,0,22,14,-1.9561100275597667
4,4,58.0,0,23,15,-1.8269794191614253
4,4,58.0,0,23,16,-1.9707942017903406
4,4,58.0,0,23,17,-2.4954877085840934
4,4,58.0,0,23,22,-6.120778758849802
4,4,58.0,0,24,18,-2.769351986541338
4,4,58.0,0,24,19,-3.07983017704062
4,4,58.0,0,24,20,-3.7096269301526235
4,4,58.0,0,24,21,-4.918258931784962
4,5,59.0,0,0,25,-4.400307985546078
4,5,59.0,0,0,26,-5.603233001077115
4,5,59.0,0,1,24,-5.81984160975469
4,5,59.0,0,2,22,-3.316664521667576
4,5,59.0,0,2,23,-5.377218814672915
4,5,59.0,0,3,21,-2.9601873809874064
4,5,59.0,0,4,21,-4.023063454575265
4,5,59.0,0,5,20,-2.715388340573554
4,5,59.0,0,6,20,-3.1944852512617956
4,5,59.0,0,7,20,-4.1764655086125515
4,5,59.0,0,8,19,-2.8988036003601962
4,5,59.0,0,9,19,-3.642427238715854
4,5,59.0,0,10,18,-3.3597221305465723
4,5,59.0,0,17,4,-0.5464747265795964
4,5,59.0,0,17,5,-0.7708480368605422
4,5,59.0,0,18,2,-0.8183776627409429
4,5,59.0,0,18,3,-0.910683272469349
4,5,59.0,0,18,4,-0.9210527469945049
4,5,59.0,0,18,5,-1.0244402672560184
4,5,59.0,0,18,6,-1.2687377005173701
4,5,59.0,0,18,7,-1.5487929364317097
4,5,59.0,0,18,8,-1.9139927815002125
4,5,59.0,0,19,0,-0.6715017469456583
4,5,59.0,0,19,1,-1.087377462989906
4,5,59.0,0,19,9,-1.9483687891980566
4,5,59.0,0,19,10,-1.932543211619958
4,5,59.0,0,19,11,-2.0909824900299157
4,5,59.0,0,19,12,-2.5389054610884045
4,5,59.0,0,20,0,-1.2911858613587341
4,5,59.0,0,20,13,-2.5257695932825186
4,5,59.0,0,21,14,-2.3495479310429914
4,5,59.0,0,22,14,-1.977732234644911
4,5,59.0,0,23,15,-1.847089072620335
4,5,59.0,0,23,16,-1.991168572953974
4,5,59.0,0,23,17,-2.5164162672134296
4,5,59.0,0,23,22,-6.142894102974033
4,5,59.0,0,24,18,-2.7891196066686206
4,5,59.0,0,24,19,-3.0998973585970973
4,5,59.0,0,24,20,-3.730089355237382
4,5,59.0,0,24,21,-4.9391216445173995
4,6,60.0,0,0,25,-4.464054604394562
4,6,60.0,0,0,26,-5.674976241115644
4,6,60.0,0,1,24,-5.896857400364297
4,6,60.0,0,2,22,-3.3753605440978163
4,6,60.0,0,2,23,-5.452215053772932
4,6,60.0,0,3,21,-3.016820276603596
4,6,60.0,0,4,21,-4.085855299351323
4,6,60.0,0,5,20,-2.7640048723852146
4,6,60.0,0,6,20,-3.242029282622781
4,6,60.0,0,7,20,-4.224756312290765
4,6,60.0,0,8,19,-2.9386825134294554
4,6,60.0,0,9,19,-3.678733879600756
4,6,60.0,0,10,18,-3.388121257047871
4,6,60.0,0,17,4,-0.566506694904156
4,6,60.0,0,17,5,-0.7916478060084344
4,6,60.0,0,18,2,-0.8375904419608204
4,6,60.0,0,18,3,-0.9304857417387424
4,6,60.0,0,18,4,-0.9414575425182576
4,6,60.0,0,18,5,-1.0452673446625127
4,6,60.0,0,18,6,-1.2900819091178946
4,6,60.0,0,18,7,-1.570228254122128
4,6,60.0,0,18,8,-1.9357725794019913
4,6,60.0,0,19,0,-0.6892273963767863
4,6,60.0,0,19,1,-1.1066502848645499
4,6,60.0,0,19,9,-1.9692714747868152
4,6,60.0,0,19,10,-1.9531873569381801
4,6,60.0,0,19,11,-2.1116485833310037
4,6,60.0,0,19,12,-2.5599404512595143
4,6,60.0,0,20,0,-1.3096456244492032
4,6,60.0,0,20,13,-2.5461602641901067
4,6,60.0,0,21,14,-2.3691723261781235
4,6,60.0,0,22,14,-1.9962250400262889
4,6,60.0,0,23,15,-1.8640838727391582
4,6,60.0,0,23,16,-2.0084203364105164
4,6,60.0,0,23,17,-2.534319253824542
4,6,60.0,0,23,22,-6.162172860931825
4,6,60.0,0,24,18,-2.8059203529705457
4,6,60.0,0,24,19,-3.117000654603416
4,6,60.0,0,24,20,-3.7476392348364485
4,6,60.0,0,24,21,-4.957154226741594
4,7,61.0,0,0,25,-4.514957395905753
4,7,61.0,0,0,26,-5.733442701972251
4,7,61.0,0,1,24,-5.96196098728592
4,7,61.0,0,2,22,-3.423030493221347
4,7,61.0,0,2,23,-5.516064892277086
4,7,61.0,0,3,21,-3.0632493915360897
4,7,61.0,0,4,21,-4.139623700099577
4,7,61.0,0,5,20,-2.8043413683269023
4,7,61.0,0,6,20,-3.2821786775552084
4,7,61.0,0,7,20,-4.266819408069665
4,7,61.0,0,8,19,-2.973358324587082
4,7,61.0,0,9,19,-3.710939688333525
4,7,61.0,0,10,18,-3.413595790088479
4,7,61.0,0,17,4,-0.5840779105222822
4,7,61.0,0,17,5,-0.8101136986485145
4,7,61.0,0,18,2,-0.8545830578828628
4,7,61.0,0,18,3,-0.9480903413476369
4,7,61.0,0,18,4,-0.9596652550909752
4,7,61.0,0,18,5,-1.0639220232639914
4,7,61.0,0,18,6,-1.3093595170102361
4,7,61.0,0,18,7,-1.5896178752834587
4,7,61.0,0,18,8,-1.955580886520785
4,7,61.0,0,19,0,-0.7047329935303068
4,7,61.0,0,19,1,-1.1239204068387423
4,7,61.0,0,19,9,-1.9883070102155713
4,7,61.0,0,19,10,-1.9719325870469646
4,7,61.0,0,19,11,-2.1304542197350003
4,7,61.0,0,19,12,-2.579219495944585
4,7,61.0,0,20,0,-1.3261875121896267
4,7,61.0,0,20,13,-2.5649433642176547
4,7,61.0,0,21,14,-2.3872019266196887
4,7,61.0,0,22,14,-2.0131308368859564
4,7,61.0,0,23,15,-1.8794766805027763
4,7,61.0,0,23,16,-2.024050910036877
4,7,61.0,0,23,17,-2.550686679139673
4,7,61.0,0,23,22,-6.180076441082939
4,7,61.0,0,24,18,-2.821205710088975
4,7,61.0,0,24,19,-3.1325783465908543
4,7,61.0,0,24,20,-3.763702065323727
4,7,61.0,0,24,21,-4.973773859580753
4,8,62.0,0,0,25,-4.5291276417354425
4,8,62.0,0,0,26,-5.7530457086445494
4,8,62.0,0,1,24,-5.990449167742156
4,8,62.0,0,2,22,-3.4389734503662908
4,8,62.0,0,2,23,-5.545419213061393
4,8,62.0,0,3,21,-3.0806152622660647
4,8,62.0,0,4,21,-4.165735229256256
4,8,62.0,0,5,20,-2.821013657777115
4,8,62.0,0,6,20,-3.3005438957292768
4,8,62.0,0,7,20,-4.289133253931226
4,8,62.0,0,8,19,-2.9920657565993167
4,8,62.0,0,9,19,-3.729635614981845
4,8,62.0,0,10,18,-3.4290794334023644
4,8,62.0,0,17,4,-0.5939217683152478
4,8,62.0,0,17,5,-0.8209239709701563
4,8,62.0,0,18,2,-0.8643610275771962
4,8,62.0,0,18,3,-0.9584416258901527
4,8,62.0,0,18,4,-0.9705509991342751
4,8,62.0,0,18,5,-1.0752354273973879
4,8,62.0,0,18,6,-1.3213682034123977
4,8,62.0,0,18,7,-1.6017471110401615
4,8,62.0,0,18,8,-1.9681761475209925
4,8,62.0,0,19,0,-0.7132808831817954
4,8,62.0,0,19,1,-1.134352024362336
4,8,62.0,0,19,9,-2.0004731300338463
4,8,62.0,0,19,10,-1.9838212389256569
4,8,62.0,0,19,11,-2.142475890990852
4,8,62.0,0,19,12,-2.59183697631849
4,8,62.0,0,20,0,-1.3361756516528303
4,8,62.0,0,20,13,-2.5774169239871583
4,8,62.0,0,21,14,-2.39909657258508
4,8,62.0,0,22,14,-2.024081858139695
4,8,62.0,0,23,15,-1.889097189602417
4,8,62.0,0,23,16,-2.033866679508378
4,8,62.0,0,23,17,-2.5612897783502646
4,8,62.0,0,23,22,-6.192306263476013
4,8,62.0,0,24,18,-2.8309200478082133
4,8,62.0,0,24,19,-3.1425509288729643
4,8,62.0,0,24,20,-3.7741727324543604
4,8,62.0,0,24,21,-4.984854683170106
4,9,63.0,0,0,25,-4.510000696759619
4,9,63.0,0,0,26,-5.737029125910283
4,9,63.0,0,1,24,-5.984228187223607
4,9,63.0,0,2,22,-3.425578534364206
4,9,63.0,0,2,23,-5.541767845185575
4,9,63.0,0,3,21,-3.0705677138320766
4,9,63.0,0,4,21,-4.164888796969933
4,9,63.0,0,5,20,-2.8149793891825254
4,9,63.0,0,6,20,-3.297772397990599
4,9,63.0,0,7,20,-4.291862299991067
4,9,63.0,0,8,19,-2.994624008786616
4,9,63.0,0,9,19,-3.7345324310579286
4,9,63.0,0,10,18,-3.4341868706129333
4,9,63.0,0,17,4,-0.5957784676066566
4,9,63.0,0,17,5,-0.8237824691617703
4,9,63.0,0,18,2,-0.8666715718620068
4,9,63.0,0,18,3,-0.9612525032650936
4,9,63.0,0,18,4,-0.9737878099572654
4,9,63.0,0,18,5,-1.0788607367069716
4,9,63.0,0,18,6,-1.3257401776047573
4,9,63.0,0,18,7,-1.6062562771291553
4,9,63.0,0,18,8,-1.9731857957861507
4,9,63.0,0,19,0,-0.7146595635469168
4,9,63.0,0,19,1,-1.137640360959729
4,9,63.0,0,19,9,-2.00539546030609
4,9,63.0,0,19,10,-1.9884848917678184
4,9,63.0,0,19,11,-2.1473333986411802
4,9,63.0,0,19,12,-2.597379682338719
4,9,63.0,0,20,0,-1.3393138898294552
4,9,63.0,0,20,13,-2.583168570550278
4,9,63.0,0,21,14,-2.4044545762461738
4,9,63.0,0,22,14,-2.0287168128525153
4,9,63.0,0,23,15,-1.892648113484121
4,9,63.0,0,23,16,-2.037554277821009
4,9,63.0,0,23,17,-2.5657765530290675
4,9,63.0,0,23,22,-6.198431435701885
4,9,63.0,0,24,18,-2.8347518139502768
4,9,63.0,0,24,19,-3.1465876249528506
4,9,63.0,0,24,20,-3.7786923996765083
4,9,63.0,0,24,21,-4.990010082962947
4,10,64.0,0,0,25,-4.530239662315353
4,10,64.0,0,0,26,-5.762424490781598
4,10,64.0,0,1,24,-6.014981682963651
4,10,64.0,0,2,22,-3.444807229404489
4,10,64.0,0,2,23,-5.572448704982094
4,10,64.0,0,3,21,-3.088793066156086
4,10,64.0,0,4,21,-4.190157111148977
4,10,64.0,0,5,20,-2.8310556771425297
4,10,64.0,0,6,20,-3.3153124308771282
4,10,64.0,0,7,20,-4.312988618215201
4,10,64.0,0,8,19,-3.0107431754966854
4,10,64.0,0,9,19,-3.751304352955458
4,10,64.0,0,10,18,-3.447868914859143
4,10,64.0,0,17,4,-0.6038038598203244
4,10,64.0,0,17,5,-0.832929177673158
4,10,64.0,0,18,2,-0.8749341461636178
4,10,64.0,0,18,3,-0.9700438785268162
4,10,64.0,0,18,4,-0.9830063624040903
4,10,64.0,0,18,5,-1.0885146862511377
4,10,64.0,0,18,6,-1.3362474466313188
4,10,64.0,0,18,7,-1.616976861914246
4,10,64.0,0,18,8,-1.9844902563979687
4,10,64.0,0,19,0,-0.7216519937602754
4,10,64.0,0,19,1,-1.1466584176682844
4,10,64.0,0,19,9,-2.0162817747461617
4,10,64.0,0,19,10,-1.999019571459577
4,10,64.0,0,19,11,-2.1580031059745295
4,10,64.0,0,19,12,-2.608707840468398
4,10,64.0,0,20,0,-1.3479372884215834
4,10,64.0,0,20,13,-2.5944922430455364
4,10,64.0,0,21,14,-2.415138479288096
4,10,64.0,0,22,14,-2.0384978281118364
4,10,64.0,0,23,15,-1.901169040469533
4,10,64.0,0,23,16,-2.0461853738726887
4,10,64.0,0,23,17,-2.5752390407141803
4,10,64.0,0,23,22,-6.209585791666541
4,10,64.0,0,24,18,-2.843391213725603
4,10,64.0,0,24,19,-3.155404987043319
4,10,64.0,0,24,20,-3.7879920767828494
4,10,64.0,0,24,21,-4.99997496335952
4,11,65.0,0,0,25,-4.61465240802022
4,11,65.0,0,0,26,-5.856130364124169
4,11,65.0,0,1,24,-6.109380629403063
4,11,65.0,0,2,22,-3.5188324225620136
4,11,65.0,0,2,23,-5.663108775597493
4,11,65.0,0,3,21,-3.1563731025243555
4,11,65.0,0,4,21,-4.2628311999853
4,11,65.0,0,5,20,-2.8869979919168998
4,11,65.0,0,6,20,-3.369929844727835
4,11,65.0,0,7,20,-4.3683893943708085
4,11,65.0,0,8,19,-3.0535236696062498
4,11,65.0,0,9,19,-3.7913716485144278
4,11,65.0,0,10,18,-3.4788238023026565
4,11,65.0,0,17,4,-0.6244837893953274
4,11,65.0,0,17,5,-0.8549176023243135
4,11,65.0,0,18,2,-0.895294927021709
4,11,65.0,0,18,3,-0.9910515296816484
4,11,65.0,0,18,4,-1.0045431257388486
4,11,65.0,0,18,5,-1.1105977531659335
4,11,65.0,0,18,6,-1.359328434532273
4,11,65.0,0,18,7,-1.6403653756485284
4,11,65.0,0,18,8,-2.0085707740038714
4,11,65.0,0,19,0,-0.7400861424490586
4,11,65.0,0,19,1,-1.1673738308338883
4,11,65.0,0,19,9,-2.0393278811697115
4,11,65.0,0,19,10,-2.0215760914901253
4,11,65.0,0,19,11,-2.1805989157722294
4,11,65.0,0,19,12,-2.631920217220028
4,11,65.0,0,20,0,-1.3677737395230167
4,11,65.0,0,20,13,-2.6172317038432524
4,11,65.0,0,21,14,-2.4368009566758886
4,11,65.0,0,22,14,-2.058852285594206
4,11,65.0,0,23,15,-1.919821915301334
4,11,65.0,0,23,16,-2.064964204762994
4,11,65.0,0,23,17,-2.5949330000400366
4,11,65.0,0,23,22,-6.23114232450731
4,11,65.0,0,24,18,-2.86186728449686
4,11,65.0,0,24,19,-3.1740740716554896
4,11,65.0,0,24,20,-3.8071844355925037
4,11,65.0,0,24,21,-5.019894662163551
4,12,66.0,0,0,25,-4.650233064313113
4,12,66.0,0,0,26,-5.8985030166193155
4,12,66.0,0,1,24,-6.156716575272071
4,12,66.0,0,2,22,-3.5517726279774706
4,12,66.0,0,2,23,-5.709991144039236
4,12,66.0,0,3,21,-3.187841839926591
4,12,66.0,0,4,21,-4.30174542445323
4,12,66.0,0,5,20,-2.914462472249255
4,12,66.0,0,6,20,-3.398495771833751
4,12,66.0,0,7,20,-4.400258605932265
4,12,66.0,0,8,19,-3.0781801792352894
4,12,66.0,0,9,19,-3.815955351672656
4,12,66.0,0,10,18,-3.498523191481354
4,12,66.0,0,17,4,-0.6365475104723686
4,12,66.0,0,17,5,-0.8683308383596682
4,12,66.0,0,18,2,-0.9075717449199132
4,12,66.0,0,18,3,-1.003948175719053
4,12,66.0,0,18,4,-1.0179159865641623
4,12,66.0,0,18,5,-1.1245019430105785
4,12,66.0,0,18,6,-1.3742739345239485
4,12,66.0,0,18,7,-1.6556231358845537
4,12,66.0,0,18,8,-2.024537415682545
4,12,66.0,0,19,0,-0.7507503573429233
4,12,66.0,0,19,1,-1.1804233533528006
4,12,66.0,0,19,9,-2.0546645191402746
4,12,66.0,0,19,10,-2.0364693793239326
4,12,66.0,0,19,11,-2.1956180583960716
4,12,66.0,0,19,12,-2.6476834529037063
4,12,66.0,0,20,0,-1.380276050016036
4,12,66.0,0,20,13,-2.6328939077161095
4,12,66.0,0,21,14,-2.4516129389475623
4,12,66.0,0,22,14,-2.072548678818471
4,12,66.0,0,23,15,-1.932002016121693
4,12,66.0,0,23,16,-2.0772523120257134
4,12,66.0,0,23,17,-2.6081848570802393
4,12,66.0,0,23,22,-6.246372265437074
4,12,66.0,0,24,18,-2.874104833396892
4,12,66.0,0,24,19,-3.1864926809889482
4,12,66.0,0,24,20,-3.8201491369968608
4,12,66.0,0,24,21,-5.033639655427528
4,13,67.0,0,0,25,-4.654540656822292
4,13,67.0,0,0,26,-5.907615407995252
4,13,67.0,0,1,24,-6.172661787876621
4,13,67.0,0,2,22,-3.557645717184357
4,13,67.0,0,2,23,-5.727171189031935
4,13,67.0,0,3,21,-3.194691376293065
4,13,67.0,0,4,21,-4.316912175483651
4,13,67.0,0,5,20,-2.9219556947819
4,13,67.0,0,6,20,-3.4085703482252825
4,13,67.0,0,7,20,-4.415140044283845
4,13,67.0,0,8,19,-3.089233381674916
4,13,67.0,0,9,19,-3.828886766299732
4,13,67.0,0,10,18,-3.5095735989012837
4,13,67.0,0,17,4,-0.6419445822866194
4,13,67.0,0,17,5,-0.8751069081373188
4,13,67.0,0,18,2,-0.9136152710328673
4,13,67.0,0,18,3,-1.0105645875374876
4,13,67.0,0,18,4,-1.0249308591341304
4,13,67.0,0,18,5,-1.1320256488408518
4,13,67.0,0,18,6,-1.3828805702683695
4,13,67.0,0,18,7,-1.6645636556746481
4,13,67.0,0,18,8,-2.03421008369196
4,13,67.0,0,19,0,-0.755428541430355
4,13,67.0,0,19,1,-1.1875255869780261
4,13,67.0,0,19,9,-2.0640005146866045
4,13,67.0,0,19,10,-2.045387584085816
4,13,67.0,0,19,11,-2.2047181166897047
4,13,67.0,0,19,12,-2.6576094815141786
4,13,67.0,0,20,0,-1.3870844861623226
4,13,67.0,0,20,13,-2.643008636391542
4,13,67.0,0,21,14,-2.461039389483119
4,13,67.0,0,22,14,-2.0810293794965418
4,13,67.0,0,23,15,-1.9391501878975532
4,13,67.0,0,23,16,-2.08447295800147
4,13,67.0,0,23,17,-2.6163875463896176
4,13,67.0,0,23,22,-6.2565988201451574
4,13,67.0,0,24,18,-2.88147480153075
4,13,67.0,0,24,19,-3.1940116661787954
4,13,67.0,0,24,20,-3.8282114576019524
4,13,67.0,0,24,21,-5.042511816746931
4,14,68.0,0,0,25,-4.673672187054024
4,14,68.0,0,0,26,-5.932224541576943
4,14,68.0,0,1,24,-6.202212867851188
4,14,68.0,0,2,22,-3.5755361027403296
4,14,68.0,0,2,23,-5.7567937733170425
4,14,68.0,0,3,21,-3.2117342367330934
4,14,68.0,0,4,21,-4.341281194359084
4,14,68.0,0,5,20,-2.93728996554114
4,14,68.0,0,6,20,-3.4258045488342646
4,14,68.0,0,7,20,-4.4364508815233705
4,14,68.0,0,8,19,-3.1048321034781736
4,14,68.0,0,9,19,-3.8458384380538604
4,14,68.0,0,10,18,-3.523485919220292
4,14,68.0,0,17,4,-0.6492749957236796
4,14,68.0,0,17,5,-0.8838912058337769
4,14,68.0,0,18,2,-0.9215780136391132
4,14,68.0,0,18,3,-1.0191067039685109
4,14,68.0,0,18,4,-1.0338511915871038
4,14,68.0,0,18,5,-1.141479429216112
4,14,68.0,0,18,6,-1.3934900939149344
4,14,68.0,0,18,7,-1.6755660472971385
4,14,68.0,0,18,8,-2.0459983439866036
4,14,68.0,0,19,0,-0.7618917579331068
4,14,68.0,0,19,1,-1.1964875762159934
4,14,68.0,0,19,9,-2.075332426215688
4,14,68.0,0,19,10,-2.056257597423148
4,14,68.0,0,19,11,-2.215750030202692
4,14,68.0,0,19,12,-2.6694718925901313
4,14,68.0,0,20,0,-1.3956781658935071
4,14,68.0,0,20,13,-2.655004552713187
4,14,68.0,0,21,14,-2.4722454880100884
4,14,68.0,0,22,14,-2.0912241449820925
4,14,68.0,0,23,15,-1.9479531983733267
4,14,68.0,0,23,16,-2.0933268848538447
4,14,68.0,0,23,17,-2.626246492212431
4,14,68.0,0,23,22,-6.2685345591347925
4,14,68.0,0,24,18,-2.890446513359329
4,14,68.0,0,24,19,-3.203110693217745
4,14,68.0,0,24,20,-3.8378533538329904
4,14,68.0,0,24,21,-5.052989740872924
4,15,69.0,0,0,25,-4.779694612634501
4,15,69.0,0,0,26,-6.0492758967637315
4,15,69.0,0,1,24,-6.318352838534622
4,15,69.0,0,2,22,-3.6676615353774764
4,15,69.0,0,2,23,-5.867880267776172
4,15,69.0,0,3,21,-3.295622848363621
4,15,69.0,0,4,21,-4.429971705626798
4,15,69.0,0,5,20,-3.0065945015107616
4,15,69.0,0,6,20,-3.4931808786243437
4,15,69.0,0,7,20,-4.504121003660998
4,15,69.0,0,8,19,-3.156649567680091
4,15,69.0,0,9,19,-3.8943445611397465
4,15,69.0,0,10,18,-3.560812144611731
4,15,69.0,0,17,4,-0.6738487638967143
4,15,69.0,0,17,5,-0.9101295057888379
4,15,69.0,0,18,2,-0.9459829382520724
4,15,69.0,0,18,3,-1.0442500486629953
4,15,69.0,0,18,4,-1.0595201673514936
4,15,69.0,0,18,5,-1.167824285789031
4,15,69.0,0,18,6,-1.4211492877047789
4,15,69.0,0,18,7,-1.7037321379336845
4,15,69.0,0,18,8,-2.0750721313548723
4,15,69.0,0,19,0,-0.7839361521513126
4,15,69.0,0,19,1,-1.2213218465856244
4,15,69.0,0,19,9,-2.1031210661951434
4,15,69.0,0,19,10,-2.0834152909928463
4,15,69.0,0,19,11,-2.242938440366352
4,15,69.0,0,19,12,-2.6974153455027476
4,15,69.0,0,20,0,-1.4194908431119373
4,15,69.0,0,20,13,-2.6824253140671743
4,15,69.0,0,21,14,-2.498305125920993
4,15,69.0,0,22,14,-2.1157300830642143
4,15,69.0,0,23,15,-1.970477262286657
4,15,69.0,0,23,16,-2.115935790684965
4,15,69.0,0,23,17,-2.649955054720678
4,15,69.0,0,23,22,-6.294522495272055
4,15,69.0,0,24,18,-2.912735124942678
4,15,69.0,0,24,19,-3.225558199384089
4,15,69.0,0,24,20,-3.860895221478607
4,15,69.0,0,24,21,-5.07693456056014
4,16,70.0,0,0,25,-4.8577766734646275
4,16,70.0,0,0,26,-6.1374593611505475
4,16,70.0,0,1,24,-6.409331723562161
4,16,70.0,0,2,22,-3.7369764220675847
4,16,70.0,0,2,23,-5.955978660036521
4,16,70.0,0,3,21,-3.360242903038113
4,16,70.0,0,4,21,-4.501680513967585
4,16,70.0,0,5,20,-3.061283701088854
4,16,70.0,0,6,20,-3.5475024051877426
4,16,70.0,0,7,20,-4.560507577402689
4,16,70.0,0,8,19,-3.2002383009612174
4,16,70.0,0,9,19,-3.935990259375302
4,16,70.0,0,10,18,-3.593394769263867
4,16,70.0,0,17,4,-0.694651965718883
4,16,70.0,0,17,5,-0.9326838617579369
4,16,70.0,0,18,2,-0.9668963710591498
4,16,70.0,0,18,3,-1.0659365635816656
4,16,70.0,0,18,4,-1.0817481544732672
4,16,70.0,0,18,5,-1.1907574220963255
4,16,70.0,0,18,6,-1.4454673268141391
4,16,70.0,0,18,7,-1.7285791070890895
4,16,70.0,0,18,8,-2.100865278684303
4,16,70.0,0,19,0,-0.8025694179705738
4,16,70.0,0,19,1,-1.242939641347121
4,16,70.0,0,19,9,-2.1278166155158047
4,16,70.0,0,19,10,-2.1074909412569056
4,16,70.0,0,19,11,-2.267101736924623
4,16,70.0,0,19,12,-2.7224459204952396
4,16,70.0,0,20,0,-1.4402412642963611
4,16,70.0,0,20,13,-2.7071124681712178
4,16,70.0,0,21,14,-2.5217140795563537
4,16,70.0,0,22,14,-2.1376138722843834
4,16,70.0,0,23,15,-1.9903754160197238
4,16,70.0,0,23,16,-2.1359284373122946
4,16,70.0,0,23,17,-2.671129456473423
4,16,70.0,0,23,22,-6.31817106082265
4,16,70.0,0,24,18,-2.932528674177952
4,16,70.0,0,24,19,-3.2455263494471254
4,16,70.0,0,24,20,-3.881507406696244
4,16,70.0,0,24,21,-5.098523972147021
4,17,71.0,0,0,25,-4.908398768351333
4,17,71.0,0,0,26,-6.196875496213011
4,17,71.0,0,1,24,-6.474390269313801
4,17,71.0,0,2,22,-3.7831025445244677
4,17,71.0,0,2,23,-6.019846442044354
4,17,71.0,0,3,21,-3.4043227285856688
4,17,71.0,0,4,21,-4.554515289424842
4,17,71.0,0,5,20,-3.099718409635983
4,17,71.0,0,6,20,-3.5870297637289923
4,17,71.0,0,7,20,-4.603765690818648
4,17,71.0,0,8,19,-3.2336418766444126
4,17,71.0,0,9,19,-3.9690613533043546
4,17,71.0,0,10,18,-3.619800053841601
4,17,71.0,0,17,4,-0.710592949306573
4,17,71.0,0,17,5,-0.9504493621345347
4,17,71.0,0,18,2,-0.9832931144166679
4,17,71.0,0,18,3,-1.083110574174789
4,17,71.0,0,18,4,-1.0994425860583306
4,17,71.0,0,18,5,-1.2091675498230927
4,17,71.0,0,18,6,-1.4653303002811455
4,17,71.0,0,18,7,-1.7489967447567025
4,17,71.0,0,18,8,-2.1222705396788157
4,17,71.0,0,19,0,-0.8168226233096121
4,17,71.0,0,19,1,-1.260324327480646
4,17,71.0,0,19,9,-2.1483485510369604
4,17,71.0,0,19,10,-2.1274139971053714
4,17,71.0,0,19,11,-2.2871691757583363
4,17,71.0,0,19,12,-2.743485957932002
4,17,71.0,0,20,0,-1.4569503465221842
4,17,71.0,0,20,13,-2.7280325627361037
4,17,71.0,0,21,14,-2.5414630939969314
4,17,71.0,0,22,14,-2.155917506551596
4,17,71.0,0,23,15,-2.0067588309458273
4,17,71.0,0,23,16,-2.152395183978932
4,17,71.0,0,23,17,-2.688840203302007
4,17,71.0,0,23,22,-6.338502404651457
4,17,71.0,0,24,18,-2.948950228668153
4,17,71.0,0,24,19,-3.2621173745778975
4,17,71.0,0,24,20,-3.898773200416244
4,17,71.0,0,24,21,-5.116828440896228
4,18,72.0,0,0,25,-4.965148311897394
4,18,72.0,0,0,26,-6.2629653137851165
4,18,72.0,0,1,24,-6.545946105525161
4,18,72.0,0,2,22,-3.8343042826822398
4,18,72.0,0,2,23,-6.089733171720752
4,18,72.0,0,3,21,-3.4527681666030503
4,18,72.0,0,4,21,-4.611878822568258
4,18,72.0,0,5,20,-3.1416218877763242
4,18,72.0,0,6,20,-3.6299092780591025
4,18,72.0,0,7,20,-4.65041312337496
4,18,72.0,0,8,19,-3.2694881095785604
4,18,72.0,0,9,19,-4.004481098429935
4,18,72.0,0,10,18,-3.6480046872075036
4,18,72.0,0,17,4,-0.7276081410246675
4,18,72.0,0,17,5,-0.9694006281549719
4,18,72.0,0,18,2,-1.0008099004791404
4,18,72.0,0,18,3,-1.1014414537893202
4,18,72.0,0,18,4,-1.1183056010363543
4,18,72.0,0,18,5,-1.2287880080263633
4,18,72.0,0,18,6,-1.4865006045756104
4,18,72.0,0,18,7,-1.7707769715547883
4,18,72.0,0,18,8,-2.1451080445493673
4,18,72.0,0,19,0,-0.8320642535061538
4,18,72.0,0,19,1,-1.2788719879535222
4,18,72.0,0,19,9,-2.1702465952199574
4,18,72.0,0,19,10,-2.1486600019683237
4,18,72.0,0,19,11,-2.308562093986211
4,18,72.0,0,19,12,-2.7659039520419455
4,18,72.0,0,20,0,-1.4747858578346609
4,18,72.0,0,20,13,-2.7503193194532685
4,18,72.0,0,21,14,-2.5624973556341217
4,18,72.0,0,22,14,-2.1754262303521585
4,18,72.0,0,23,15,-2.024250569903387
4,18,72.0,0,23,16,-2.1699620967066693
4,18,72.0,0,23,17,-2.7077167041830066
4,18,72.0,0,23,22,-6.360147114270951
4,18,72.0,0,24,18,-2.966469616591013
4,18,72.0,0,24,19,-3.279802065637014
4,18,72.0,0,24,20,-3.9171622036304257
4,18,72.0,0,24,21,-5.136316064229689
4,19,73.0,0,0,25,-5.006026092125694
4,19,73.0,0,0,26,-6.312384106526679
4,19,73.0,0,1,24,-6.602030223404313
4,19,73.0,0,2,22,-3.871850309350066
4,19,73.0,0,2,23,-6.145065274292676
4,19,73.0,0,3,21,-3.4888188501071227
4,19,73.0,0,4,21,-4.6576503248866175
4,19,73.0,0,5,20,-3.173538863773075
4,19,73.0,0,6,20,-3.6636745528163885
4,19,73.0,0,7,20,-4.68893249522219
4,19,73.0,0,8,19,-3.2987895747027096
4,19,73.0,0,9,19,-4.034442671671741
4,19,73.0,0,10,18,-3.6722275127626602
4,19,73.0,0,17,4,-0.7413902370030598
4,19,73.0,0,17,5,-0.9851939948719206
4,19,73.0,0,18,2,-1.0153592954143207
4,19,73.0,0,18,3,-1.1168054330779498
4,19,73.0,0,18,4,-1.1341736969565233
4,19,73.0,0,18,5,-1.2454259415126998
4,19,73.0,0,18,6,-1.5047614023297555
4,19,73.0,0,18,7,-1.789687561504465
4,19,73.0,0,18,8,-2.1651256546032442
4,19,73.0,0,19,0,-0.8444093019148937
4,19,73.0,0,19,1,-1.2946480937921692
4,19,73.0,0,19,9,-2.189461991014852
4,19,73.0,0,19,10,-2.167217869732127
4,19,73.0,0,19,11,-2.3273033977100255
4,19,73.0,0,19,12,-2.7857501260900364
4,19,73.0,0,20,0,-1.4899784849937774
4,19,73.0,0,20,13,-2.7701913481113607
4,19,73.0,0,21,14,-2.58116990217642
4,19,73.0,0,22,14,-2.1926208444047575
4,19,73.0,0,23,15,-2.0394701840481844
4,19,73.0,0,23,16,-2.1852381656588733
4,19,73.0,0,23,17,-2.724353184548491
4,19,73.0,0,23,22,-6.379673018744164
4,19,73.0,0,24,18,-2.9818091818030226
4,19,73.0,0,24,19,-3.2952930844253316
4,19,73.0,0,24,20,-3.9333776244178438
4,19,73.0,0,24,21,-5.153682853846973
4,20,74.0,0,0,25,-5.046005661387085
4,20,74.0,0,0,26,-6.360889084939231
4,20,74.0,0,1,24,-6.656969164441875
4,20,74.0,0,2,22,-3.9083158881945224
4,20,74.0,0,2,23,-6.199195668660479
4,20,74.0,0,3,21,-3.523567295850512
4,20,74.0,0,4,21,-4.702158801784435
4,20,74.0,0,5,20,-3.2042515898701254
4,20,74.0,0,6,20,-3.6963812718324505
4,20,74.0,0,7,20,-4.726600147232375
4,20,74.0,0,8,19,-3.327110040114718
4,20,74.0,0,9,19,-4.063732851775228
4,20,74.0,0,10,18,-3.695949098389434
4,20,74.0,0,17,4,-0.7545401945231163
4,20,74.0,0,17,5,-1.00043926741958
4,20,74.0,0,18,2,-1.0294071903374302
4,20,74.0,0,18,3,-1.1316785813940982
4,20,74.0,0,18,4,-1.1495330302824769
4,20,74.0,0,18,5,-1.261578469541469
4,20,74.0,0,18,6,-1.5226170768583174
4,20,74.0,0,18,7,-1.8082466253987874
4,20,74.0,0,18,8,-2.1848502579394733
4,20,74.0,0,19,0,-0.8562126623590203
4,20,74.0,0,19,1,-1.310003460552231
4,20,74.0,0,19,9,-2.2083936118502763
4,20,74.0,0,19,10,-2.1854651282410344
4,20,74.0,0,19,11,-2.3457451505604396
4,20,74.0,0,19,12,-2.805347605873699
4,20,74.0,0,20,0,-1.5047796737059542
4,20,74.0,0,20,13,-2.7898663177943845
4,20,74.0,0,21,14,-2.5996181060779406
4,20,74.0,0,22,14,-2.2095731809614563
4,20,74.0,0,23,15,-2.054426033049708
4,20,74.0,0,23,16,-2.200232384599417
4,20,74.0,0,23,17,-2.740753922204881
4,20,74.0,0,23,22,-6.399073998435689
4,20,74.0,0,24,18,-2.996907691114501
4,20,74.0,0,24,19,-3.310528406388329
4,20,74.0,0,24,20,-3.949353248363707
4,20,74.0,0,24,21,-5.170857362312205
4,21,75.0,0,0,25,-5.037713341146343
4,21,75.0,0,0,26,-6.358032006022256
4,21,75.0,0,1,24,-6.663169090620784
4,21,75.0,0,2,22,-3.9031087993852793
4,21,75.0,0,2,23,-6.207319604721079
4,21,75.0,0,3,21,-3.5204331259179185
4,21,75.0,0,4,21,-4.709994176265496
4,21,75.0,0,5,20,-3.2042133513315036
4,21,75.0,0,6,20,-3.70055906669225
4,21,75.0,0,7,20,-4.737935830922396
4,21,75.0,0,8,19,-3.3344504204391967
4,21,75.0,0,9,19,-4.07494109163369
4,21,75.0,0,10,18,-3.706224329965764
4,21,75.0,0,17,4,-0.7574361485227428
4,21,75.0,0,17,5,-1.0054200215908509
4,21,75.0,0,18,2,-1.0338163233317204
4,21,75.0,0,18,3,-1.1368321689962073
4,21,75.0,0,18,4,-1.1550562064663055
4,21,75.0,0,18,5,-1.267845577372242
4,21,75.0,0,18,6,-1.5306048161829153
4,21,75.0,0,18,7,-1.8169551875039076
4,21,75.0,0,18,8,-2.194732687811573
4,21,75.0,0,19,0,-0.8588006458718667
4,21,75.0,0,19,1,-1.3161224724269047
4,21,75.0,0,19,9,-2.2179435835677452
4,21,75.0,0,19,10,-2.1943898509485464
4,21,75.0,0,19,11,-2.354947190345328
4,21,75.0,0,19,12,-2.815805426361294
4,21,75.0,0,20,0,-1.5107413080746852
4,21,75.0,0,20,13,-2.8008262322180215
4,21,75.0,0,21,14,-2.609626826373457
4,21,75.0,0,22,14,-2.2183647844200465
4,21,75.0,0,23,15,-2.0615277703759816
4,21,75.0,0,23,16,-2.207326882504397
4,21,75.0,0,23,17,-2.7492552885776504
4,21,75.0,0,23,22,-6.410598508736221
4,21,75.0,0,24,18,-3.0043984829218005
4,21,75.0,0,24,19,-3.318114832319594
4,21,75.0,0,24,20,-3.957666050611529
4,21,75.0,0,24,21,-5.1803902133480975
4,22,76.0,0,0,25,-5.033905932813013
4,22,76.0,0,0,26,-6.359454224176375
4,22,76.0,0,1,24,-6.671716168974399
4,22,76.0,0,2,22,-3.9007394267914037
4,22,76.0,0,2,23,-6.217127327926676
4,22,76.0,0,3,21,-3.5188701716795094
4,22,76.0,0,4,21,-4.718221596812128
4,22,76.0,0,5,20,-3.204802588724789
4,22,76.0,0,6,20,-3.7050625269609725
4,22,76.0,0,7,20,-4.749150245747131
4,22,76.0,0,8,19,-3.341007138647285
4,22,76.0,0,9,19,-4.085469178910046
4,22,76.0,0,10,18,-3.7157751788286646
4,22,76.0,0,17,4,-0.7595990057774031
4,22,76.0,0,17,5,-1.00969495534018
4,22,76.0,0,18,2,-1.0376080597937545
4,22,76.0,0,18,3,-1.1413353163760078
4,22,76.0,0,18,4,-1.1598638541229676
4,22,76.0,0,18,5,-1.2733928796280196
4,22,76.0,0,18,6,-1.5379170269167872
4,22,76.0,0,18,7,-1.8250477743497058
4,22,76.0,0,18,8,-2.2040371869382014
4,22,76.0,0,19,0,-0.860783232236443
4,22,76.0,0,19,1,-1.3216228686205085
4,22,76.0,0,19,9,-2.226914619262395
4,22,76.0,0,19,10,-2.202718620725072
4,22,76.0,0,19,11,-2.3635473853944475
4,22,76.0,0,19,12,-2.8256638795200146
4,22,76.0,0,20,0,-1.5161169086613526
4,22,76.0,0,20,13,-2.811226696329655
4,22,76.0,0,21,14,-2.6190610779167542
4,22,76.0,0,22,14,-2.2266117607998055
4,22,76.0,0,23,15,-2.0681420493301914
4,22,76.0,0,23,16,-2.2138983916818162
4,22,76.0,0,23,17,-2.7572262225090327
4,22,76.0,0,23,22,-6.421595106903595
4,22,76.0,0,24,18,-3.0114007304433486
4,22,76.0,0,24,19,-3.3251767687676406
4,22,76.0,0,24,20,-3.9654335747830203
4,22,76.0,0,24,21,-5.189385390001007
4,23,77.0,0,0,25,-5.026009595138305
4,23,77.0,0,0,26,-6.356131968143529
4,23,77.0,0,1,24,-6.674352085280077
4,23,77.0,0,2,22,-3.8941627584517846
4,23,77.0,0,2,23,-6.2210332764094005
4,23,77.0,0,3,21,-3.512918243439401
4,23,77.0,0,4,21,-4.721217749125145
4,23,77.0,0,5,20,-3.201446350821925
4,23,77.0,0,6,20,-3.7056854459366377
4,23,77.0,0,7,20,-4.756353968942449
4,23,77.0,0,8,19,-3.3439582280380193
4,23,77.0,0,9,19,-4.092814669420605
4,23,77.0,0,10,18,-3.722787265496592
4,23,77.0,0,17,4,-0.7597215102656136
4,23,77.0,0,17,5,-1.0119266855597147
4,23,77.0,0,18,2,-1.0395243562847654
4,23,77.0,0,18,3,-1.14391914312435
4,23,77.0,0,18,4,-1.1626790307154096
4,23,77.0,0,18,5,-1.276932313928171
4,23,77.0,0,18,6,-1.543241448154106
4,23,77.0,0,18,7,-1.831202781171065
4,23,77.0,0,18,8,-2.211422915739128
4,23,77.0,0,19,0,-0.8609787734857264
4,23,77.0,0,19,1,-1.32528380464705
4,23,77.0,0,19,9,-2.2340336657518804
4,23,77.0,0,19,10,-2.2092003062187473
4,23,77.0,0,19,11,-2.3703051492809664
4,23,77.0,0,19,12,-2.833682931832307
4,23,77.0,0,20,0,-1.5197390547352612
4,23,77.0,0,20,13,-2.8198713035180276
4,23,77.0,0,21,14,-2.6267766722214674
4,23,77.0,0,22,14,-2.2332111849830696
4,23,77.0,0,23,15,-2.073210584959817
4,23,77.0,0,23,16,-2.218892934986904
4,23,77.0,0,23,17,-2.7636005375372505
4,23,77.0,0,23,22,-6.430980604560382
4,23,77.0,0,24,18,-3.0168883661020516
4,23,77.0,0,24,19,-3.3306916883665423
4,23,77.0,0,24,20,-3.9716294944313972
4,23,77.0,0,24,21,-5.196807595117946
4,24,78.0,0,0,25,-5.013302757755866
4,24,78.0,0,0,26,-6.347277009222921
4,24,78.0,0,1,24,-6.670425364628329
4,24,78.0,0,2,22,-3.8828366363694045
4,24,78.0,0,2,23,-6.218439131139974
4,24,78.0,0,3,21,-3.5022181917340163
4,24,78.0,0,4,21,-4.71861156190414
4,24,78.0,0,5,20,-3.1939241853136764
4,24,78.0,0,6,20,-3.7022030578584406
4,24,78.0,0,7,20,-4.759289908767727
4,24,78.0,0,8,19,-3.343204160013869
4,24,78.0,0,9,19,-4.096835771493787
4,24,78.0,0,10,18,-3.7271592887413476
4,24,78.0,0,17,4,-0.7577715839718451
4,24,78.0,0,17,5,-1.0120614309368392
4,24,78.0,0,18,2,-1.0395178466157446
4,24,78.0,0,18,3,-1.1445315745174867
4,24,78.0,0,18,4,-1.163448111555482
4,24,78.0,0,18,5,-1.2784049529338972
4,24,78.0,0,18,6,-1.5465014562580208
4,24,78.0,0,18,7,-1.8353395093276745
4,24,78.0,0,18,8,-2.2167968999828744
4,24,78.0,0,19,0,-0.8593586142113381
4,24,78.0,0,19,1,-1.3270427529594784
4,24,78.0,0,19,9,-2.239212616592411
4,24,78.0,0,19,10,-2.21375598728779
4,24,78.0,0,19,11,-2.375140190617671
4,24,78.0,0,19,12,-2.839771332270196
4,24,78.0,0,20,0,-1.5215489097807833
4,24,78.0,0,20,13,-2.8266624214560636
4,24,78.0,0,21,14,-2.63268704653229
4,24,78.0,0,22,14,-2.2380842783617396
4,24,78.0,0,23,15,-2.0766658033781624
4,24,78.0,0,23,16,-2.2222468733177294
4,24,78.0,0,23,17,-2.768302796685248
4,24,78.0,0,23,22,-6.438660416774248
4,24,78.0,0,24,18,-3.0207926183156317
4,24,78.0,0,24,19,-3.3345936968607433
4,24,78.0,0,24,20,-3.976183301955743
4,24,78.0,0,24,21,-5.202576565983804
4,25,79.0,0,0,25,-4.996100757130421
4,25,79.0,0,0,26,-6.333198442585797
4,25,79.0,0,1,24,-6.660306470272303
4,25,79.0,0,2,22,-3.867080368289294
4,25,79.0,0,2,23,-6.209688438256762
4,25,79.0,0,3,21,-3.4871364969179126
4,25,79.0,0,4,21,-4.710732471120508
4,25,79.0,0,5,20,-3.1825709286629262
4,25,79.0,0,6,20,-3.6949024608059915
4,25,79.0,0,7,20,-4.7581807402373215
4,25,79.0,0,8,19,-3.3389998060437733
4,25,79.0,0,9,19,-4.097703829789566
4,25,79.0,0,10,18,-3.7290192179857087
4,25,79.0,0,17,4,-0.7538876366681393
4,25,79.0,0,17,5,-1.0102179393947353
4,25,79.0,0,18,2,-1.0377028572585942
4,25,79.0,0,18,3,-1.1432837974043224
4,25,79.0,0,18,4,-1.162282746620967
4,25,79.0,0,18,5,-1.2779181455757538
4,25,79.0,0,18,6,-1.5477880409776148
4,25,79.0,0,18,7,-1.8375447789862491
4,25,79.0,0,18,8,-2.2202351546171926
4,25,79.0,0,19,0,-0.8560473100982264
4,25,79.0,0,19,1,-1.3269935532292934
4,25,79.0,0,19,9,-2.2425243081488375
4,25,79.0,0,19,10,-2.2164655815725496
4,25,79.0,0,19,11,-2.378129817774976
4,25,79.0,0,19,12,-2.84399488105867
4,25,79.0,0,20,0,-1.5216371953298662
4,25,79.0,0,20,13,-2.831653125932071
4,25,79.0,0,21,14,-2.636850674784604
4,25,79.0,0,22,14,-2.24129211808512
4,25,79.0,0,23,15,-2.078574241920421
4,25,79.0,0,23,16,-2.2240308488957155
4,25,79.0,0,23,17,-2.771392931131359
4,25,79.0,0,23,22,-6.444676575313551
4,25,79.0,0,24,18,-3.0231748509540424
4,25,79.0,0,24,19,-3.3369473216768313
4,25,79.0,0,24,20,-3.979155497203294
4,25,79.0,0,24,21,-5.206743583609068
4,26,80.0,0,0,25,-4.985492242835846
4,26,80.0,0,0,26,-6.325684564977735
4,26,80.0,0,1,24,-6.655186100005324
4,26,80.0,0,2,22,-3.856452477110736
4,26,80.0,0,2,23,-6.205321649605992
4,26,80.0,0,3,21,-3.4763656309640396
4,26,80.0,0,4,21,-4.705975392778129
4,26,80.0,0,5,20,-3.174446648420144
4,26,80.0,0,6,20,-3.6903258248993325
4,26,80.0,0,7,20,-4.759053864185688
4,26,80.0,0,8,19,-3.336156832905232
4,26,80.0,0,9,19,-4.09955821342794
4,26,80.0,0,10,18,-3.7314460087413437
4,26,80.0,0,17,4,-0.7504031576134835
4,26,80.0,0,17,5,-1.0087310907467852
4,26,80.0,0,18,2,-1.0362773224666242
4,26,80.0,0,18,3,-1.1423916455277023
4,26,80.0,0,18,4,-1.1614222889021022
4,26,80.0,0,18,5,-1.2777233452566676
4,26,80.0,0,18,6,-1.5493500719227882
4,26,80.0,0,18,7,-1.8400709522067302
4,26,80.0,0,18,8,-2.223990557898624
4,26,80.0,0,19,0,-0.8531476701594798
4,26,80.0,0,19,1,-1.3272404116115553
4,26,80.0,0,19,9,-2.246115815361051
4,26,80.0,0,19,10,-2.2194637618559128
4,26,80.0,0,19,11,-2.381389833834781
4,26,80.0,0,19,12,-2.8484467050075324
4,26,80.0,0,20,0,-1.5220212266679312
4,26,80.0,0,20,13,-2.836838555806345
4,26,80.0,0,21,14,-2.6411993188665264
4,26,80.0,0,22,14,-2.244701335869962
4,26,80.0,0,23,15,-2.0807329741844995
4,26,80.0,0,23,16,-2.22605254841217
4,26,80.0,0,23,17,-2.7746783941236686
4,26,80.0,0,23,22,-6.450838724961301
4,26,80.0,0,24,18,-3.0257760759623764
4,26,80.0,0,24,19,-3.3395030917023405
4,26,80.0,0,24,20,-3.982299549034124
4,26,80.0,0,24,21,-5.211058842001705
4,27,81.0,0,0,25,-4.969584366971901
4,27,81.0,0,0,26,-6.312178302031725
4,27,81.0,0,1,24,-6.643614732287915
4,27,81.0,0,2,22,-3.8409726727025486
4,27,81.0,0,2,23,-6.194655222350207
4,27,81.0,0,3,21,-3.4611216888768013
4,27,81.0,0,4,21,-4.696089486494259
4,27,81.0,0,5,20,-3.162596683509719
4,27,81.0,0,6,20,-3.6820613937411224
4,27,81.0,0,7,20,-4.75605864629199
4,27,81.0,0,8,19,-3.3302406210882793
4,27,81.0,0,9,19,-4.09853652436675
4,27,81.0,0,10,18,-3.731619433577549
4,27,81.0,0,17,4,-0.745250945917256
4,27,81.0,0,17,5,-1.005505898404195
4,27,81.0,0,18,2,-1.0332649496801594
4,27,81.0,0,18,3,-1.1398652942708196
4,27,81.0,0,18,4,-1.158866760070559
4,27,81.0,0,18,5,-1.2758058299922723
4,27,81.0,0,18,6,-1.5491504373623144
4,27,81.0,0,18,7,-1.8408657368638757
4,27,81.0,0,18,8,-2.225993731441015
4,27,81.0,0,19,0,-0.8487884017934633
4,27,81.0,0,19,1,-1.3258816480723397
4,27,81.0,0,19,9,-2.248021952188438
4,27,81.0,0,19,10,-2.220809552900562
4,27,81.0,0,19,11,-2.3829975565300217
4,27,81.0,0,19,12,-2.8512161855240805
4,27,81.0,0,20,0,-1.5208803555879697
4,27,81.0,0,20,13,-2.840384790613925
4,27,81.0,0,21,14,-2.643971651875141
4,27,81.0,0,22,14,-2.2466103250733127
4,27,81.0,0,23,15,-2.0815025642798304
4,27,81.0,0,23,16,-2.2266744441392774
4,27,81.0,0,23,17,-2.776513729187336
4,27,81.0,0,23,22,-6.455489381892342
4,27,81.0,0,24,18,-3.0270094721601097
4,27,81.0,0,24,19,-3.3406764994858804
4,27,81.0,0,24,20,-3.9840291847360945
4,27,81.0,0,24,21,-5.213930519601448
4,28,82.0,0,0,25,-4.967361552351406
4,28,82.0,0,0,26,-6.31285863575863
4,28,82.0,0,1,24,-6.644625917395103
4,28,82.0,0,2,22,-3.836900336495148
4,28,82.0,0,2,23,-6.195581176819985
4,28,82.0,0,3,21,-3.456041675956101
4,28,82.0,0,4,21,-4.695196935147891
4,28,82.0,0,5,20,-3.1588241434604356
4,28,82.0,0,6,20,-3.681054255853809
4,28,82.0,0,7,20,-4.759308486339933
4,28,82.0,0,8,19,-3.3292128127266665
4,28,82.0,0,9,19,-4.1015345041665086
4,28,82.0,0,10,18,-3.734657493899121
4,28,82.0,0,17,4,-0.7422720103195104
4,28,82.0,0,17,5,-1.0044034904643482
4,28,82.0,0,18,2,-1.032298146760425
4,28,82.0,0,18,3,-1.1393693343780669
4,28,82.0,0,18,4,-1.1583193523319935
4,28,82.0,0,18,5,-1.275892382589653
4,28,82.0,0,18,6,-1.5509264940194072
4,28,82.0,0,18,7,-1.8436756981623716
4,28,82.0,0,18,8,-2.230002683509639
4,28,82.0,0,19,0,-0.846431109286641
4,28,82.0,0,19,1,-1.3264077475857192
4,28,82.0,0,19,9,-2.2518230990732775
4,28,82.0,0,19,10,-2.22405490781059
4,28,82.0,0,19,11,-2.386474828722747
4,28,82.0,0,19,12,-2.8557966087738293
4,28,82.0,0,20,0,-1.521559688849372
4,28,82.0,0,20,13,-2.845630362399284
4,28,82.0,0,21,14,-2.6483929209194486
4,28,82.0,0,22,14,-2.2501323317172677
4,28,82.0,0,23,15,-2.0838748446667097
4,28,82.0,0,23,16,-2.228901548810896
4,28,82.0,0,23,17,-2.779912668748061
4,28,82.0,0,23,22,-6.461659743871486
4,28,82.0,0,24,18,-3.0297755763255196
4,28,82.0,0,24,19,-3.3433803731023914
4,28,82.0,0,24,20,-3.9872651291167216
4,28,82.0,0,24,21,-5.218281588730825
4,29,83.0,0,0,25,-4.986479046588897
4,29,83.0,0,0,26,-6.336059814330213
4,29,83.0,0,1,24,-6.666601229823073
4,29,83.0,0,2,22,-3.8510994225972013
4,29,83.0,0,2,23,-6.216159610578927
4,29,83.0,0,3,21,-3.4676142828520824
4,29,83.0,0,4,21,-4.709958341128527
4,29,83.0,0,5,20,-3.1685772639127947
4,29,83.0,0,6,20,-3.692467861460102
4,29,83.0,0,7,20,-4.773753107303094
4,29,83.0,0,8,19,-3.3371577295469876
4,29,83.0,0,9,19,-4.112131531895059
4,29,83.0,0,10,18,-3.74329841802394
4,29,83.0,0,17,4,-0.7435196301245952
4,29,83.0,0,17,5,-1.0074977034763606
4,29,83.0,0,18,2,-1.0353167681133115
4,29,83.0,0,18,3,-1.142874697562256
4,29,83.0,0,18,4,-1.161788795746304
4,29,83.0,0,18,5,-1.2800115555335907
4,29,83.0,0,18,6,-1.5567165268265768
4,29,83.0,0,18,7,-1.850539051728198
4,29,83.0,0,18,8,-2.2380634750602084
4,29,83.0,0,19,0,-0.8479155235011362
4,29,83.0,0,19,1,-1.3307067329253925
4,29,83.0,0,19,9,-2.259477884178544
4,29,83.0,0,19,10,-2.2311441815940896
4,29,83.0,0,19,11,-2.393755815860459
4,29,83.0,0,19,12,-2.8641198240931445
4,29,83.0,0,20,0,-1.5258710328963119
4,29,83.0,0,20,13,-2.8544263472320495
4,29,83.0,0,21,14,-2.6562553208724964
4,29,83.0,0,22,14,-2.2569863886190475
4,29,83.0,0,23,15,-2.0894808385876615
4,29,83.0,0,23,16,-2.234380298235777
4,29,83.0,0,23,17,-2.786540510961551
4,29,83.0,0,23,22,-6.471055355189165
4,29,83.0,0,24,18,-3.0356654660768783
4,29,83.0,0,24,19,-3.349221820797794
4,29,83.0,0,24,20,-3.9936302255997447
4,29,83.0,0,24,21,-5.2257461491918775
4,30,84.0,0,0,25,-5.020091521320239
4,30,84.0,0,0,26,-6.374740420622288
4,30,84.0,0,1,24,-6.703610214989965
4,30,84.0,0,2,22,-3.8780451285261393
4,30,84.0,0,2,23,-6.250991629699968
4,30,84.0,0,3,21,-3.491171428427549
4,30,84.0,0,4,21,-4.736400127805183
4,30,84.0,0,5,20,-3.188311979180412
4,30,84.0,0,6,20,-3.713150651438184
4,30,84.0,0,7,20,-4.796729125291961
4,30,84.0,0,8,19,-3.352185611078511
4,30,84.0,0,9,19,-4.1287534642316075
4,30,84.0,0,10,18,-3.75647519589765
4,30,84.0,0,17,4,-0.7481944812539538
4,30,84.0,0,17,5,-1.013997088536371
4,30,84.0,0,18,2,-1.0415601461417694
4,30,84.0,0,18,3,-1.14963218736672
4,30,84.0,0,18,4,-1.1685415480913193
4,30,84.0,0,18,5,-1.2874334139103567
4,30,84.0,0,18,6,-1.5657928100619785
4,30,84.0,0,18,7,-1.8607173628850404
4,30,84.0,0,18,8,-2.249438108488093
4,30,84.0,0,19,0,-0.8525056335979784
4,30,84.0,0,19,1,-1.3380792955055156
4,30,84.0,0,19,9,-2.2702956114380797
4,30,84.0,0,19,10,-2.241393194988028
4,30,84.0,0,19,11,-2.404170507873829
4,30,84.0,0,19,12,-2.8755390527134423
4,30,84.0,0,20,0,-1.5331469704404626
4,30,84.0,0,20,13,-2.8661607030045104
4,30,84.0,0,21,14,-2.6669727686915294
4,30,84.0,0,22,14,-2.266592601190247
4,30,84.0,0,23,15,-2.0977358835299853
4,30,84.0,0,23,16,-2.2425340893037813
4,30,84.0,0,23,17,-2.7958376355965484
4,30,84.0,0,23,22,-6.483152457297841
4,30,84.0,0,24,18,-3.044125184519338
4,30,84.0,0,24,19,-3.357656891326478
4,30,84.0,0,24,20,-4.00259415971319
4,30,84.0,0,24,21,-5.235806349687188
4,31,85.0,0,0,25,-4.999935439274623
4,31,85.0,0,0,26,-6.356362749358993
4,31,85.0,0,1,24,-6.68771517197797
4,31,85.0,0,2,22,-3.8593371146278628
4,31,85.0,0,2,23,-6.23614568230488
4,31,85.0,0,3,21,-3.4740647851314748
4,31,85.0,0,4,21,-4.723976994918075
4,31,85.0,0,5,20,-3.1755238572971507
4,31,85.0,0,6,20,-3.7036866051633694
4,31,85.0,0,7,20,-4.7919208410846466
4,31,85.0,0,8,19,-3.345802482374097
4,31,85.0,0,9,19,-4.12669880548755
4,31,85.0,0,10,18,-3.755885022309272
4,31,85.0,0,17,4,-0.7426592466701649
4,31,85.0,0,17,5,-1.0101583181774245
4,31,85.0,0,18,2,-1.0380877808241422
4,31,85.0,0,18,3,-1.1465885565134286
4,31,85.0,0,18,4,-1.1654037906029515
4,31,85.0,0,18,5,-1.2848909809604692
4,31,85.0,0,18,6,-1.5648178055512787
4,31,85.0,0,18,7,-1.8608160575816228
4,31,85.0,0,18,8,-2.2506741180924337
4,31,85.0,0,19,0,-0.8478946850435278
4,31,85.0,0,19,1,-1.3360789594512426
4,31,85.0,0,19,9,-2.27146818638208
4,31,85.0,0,19,10,-2.2421071265536625
4,31,85.0,0,19,11,-2.405133014364722
4,31,85.0,0,19,12,-2.8775609034210063
4,31,85.0,0,20,0,-1.5314597682356208
4,31,85.0,0,20,13,-2.868877842784343
4,31,85.0,0,21,14,-2.669011491228943
4,31,85.0,0,22,14,-2.2678198009183745
4,31,85.0,0,23,15,-2.097943483541563
4,31,85.0,0,23,16,-2.2426311966669985
4,31,85.0,0,23,17,-2.7970317163791805
4,31,85.0,0,23,22,-6.4870972145613095
4,31,85.0,0,24,18,-3.044785544149633
4,31,85.0,0,24,19,-3.358285011501188
4,31,85.0,0,24,20,-4.003729212970924
4,31,85.0,0,24,21,-5.238014716120858
4,32,86.0,0,0,25,-4.995465565896382
4,32,86.0,0,0,26,-6.354272898205068
4,32,86.0,0,1,24,-6.686430953309753
4,32,86.0,0,2,22,-3.8535665152024876
4,32,86.0,0,2,23,-6.2346579006057254
4,32,86.0,0,3,21,-3.4681134543582175
4,32,86.0,0,4,21,-4.7215965603529355
4,32,86.0,0,5,20,-3.1713751125268175
4,32,86.0,0,6,20,-3.7019901438071656
4,32,86.0,0,7,20,-4.793926082114979
4,32,86.0,0,8,19,-3.3445970904141973
4,32,86.0,0,9,19,-4.128968589366181
4,32,86.0,0,10,18,-3.7583720062949055
4,32,86.0,0,17,4,-0.7394800334313771
4,32,86.0,0,17,5,-1.0086243180233865
4,32,86.0,0,18,2,-1.03681994816408
4,32,86.0,0,18,3,-1.145738570419816
4,32,86.0,0,18,4,-1.1644500223998335
4,32,86.0,0,18,5,-1.2845256210533336
4,32,86.0,0,18,6,-1.5659875416072424
4,32,86.0,0,18,7,-1.8630841495889214
4,32,86.0,0,18,8,-2.2540739453234693
4,32,86.0,0,19,0,-0.84543796830134
4,32,86.0,0,19,1,-1.3361232579763396
4,32,86.0,0,19,9,-2.2746898127930777
4,32,86.0,0,19,10,-2.244869532403321
4,32,86.0,0,19,11,-2.408114621689016
4,32,86.0,0,19,12,-2.8815465820943587
4,32,86.0,0,20,0,-1.5317431998517392
4,32,86.0,0,20,13,-2.8734406855309516
4,32,86.0,0,21,14,-2.6728411351825514
4,32,86.0,0,22,14,-2.270796047812979
4,32,86.0,0,23,15,-2.099880730832801
4,32,86.0,0,23,16,-2.2444614718089184
4,32,86.0,0,23,17,-2.7999220594508074
4,32,86.0,0,23,22,-6.492694700327135
4,32,86.0,0,24,18,-3.0471036231179767
4,32,86.0,0,24,19,-3.3605717362218215
4,32,86.0,0,24,20,-4.006502618666175
4,32,86.0,0,24,21,-5.241835307619411
4,33,87.0,0,0,25,-5.022840955852189
4,33,87.0,0,0,26,-6.385910627447345
4,33,87.0,0,1,24,-6.716608088527835
4,33,87.0,0,2,22,-3.875001451189462
4,33,87.0,0,2,23,-6.262696935530869
4,33,87.0,0,3,21,-3.486648932828871
4,33,87.0,0,4,21,-4.742519707228155
4,33,87.0,0,5,20,-3.186945185172391
4,33,87.0,0,6,20,-3.7184832809184343
4,33,87.0,0,7,20,-4.812542626874631
4,33,87.0,0,8,19,-3.3565128317872848
4,33,87.0,0,9,19,-4.1424932031991375
4,33,87.0,0,10,18,-3.7691719868333706
4,33,87.0,0,17,4,-0.7425638076801917
4,33,87.0,0,17,5,-1.0133418216841292
4,33,87.0,0,18,2,-1.0414586650965276
4,33,87.0,0,18,3,-1.1508327917732473
4,33,87.0,0,18,4,-1.1694864298871082
4,33,87.0,0,18,5,-1.2901781371113756
4,33,87.0,0,18,6,-1.573165514839161
4,33,87.0,0,18,7,-1.8713937421246456
4,33,87.0,0,18,8,-2.2635265258281763
4,33,87.0,0,19,0,-0.8486472636813858
4,33,87.0,0,19,1,-1.3418001922101652
4,33,87.0,0,19,9,-2.2836746044251512
4,33,87.0,0,19,10,-2.25336409019031
4,33,87.0,0,19,11,-2.416774717106314
4,33,87.0,0,19,12,-2.8911433314009685
4,33,87.0,0,20,0,-1.537438198256467
4,33,87.0,0,20,13,-2.883344114511921
4,33,87.0,0,21,14,-2.6818389169259405
4,33,87.0,0,22,14,-2.278768317672437
4,33,87.0,0,23,15,-2.1066434269086187
4,33,87.0,0,23,16,-2.251141244267629
4,33,87.0,0,23,17,-2.8076524875000715
4,33,87.0,0,23,22,-6.503146330628454
4,33,87.0,0,24,18,-3.054091970130102
4,33,87.0,0,24,19,-3.3675502931513535
4,33,87.0,0,24,20,-4.013968825761921
4,33,87.0,0,24,21,-5.250339134456475
4,34,88.0,0,0,25,-5.048052489620147
4,34,88.0,0,0,26,-6.415427122902599
4,34,88.0,0,1,24,-6.7454161593839785
4,34,88.0,0,2,22,-3.8950153326794634
4,34,88.0,0,2,23,-6.289655335709369
4,34,88.0,0,3,21,-3.504391963756916
4,34,88.0,0,4,21,-4.763041586621483
4,34,88.0,0,5,20,-3.2021864903983612
4,34,88.0,0,6,20,-3.734743989707823
4,34,88.0,0,7,20,-4.831045783544056
4,34,88.0,0,8,19,-3.3687199300972566
4,34,88.0,0,9,19,-4.156210166545804
4,34,88.0,0,10,18,-3.7802103587748803
4,34,88.0,0,17,4,-0.7458838287689744
4,34,88.0,0,17,5,-1.0182547826444264
4,34,88.0,0,18,2,-1.0462861476211103
4,34,88.0,0,18,3,-1.156124106351804
4,34,88.0,0,18,4,-1.1747365251169128
4,34,88.0,0,18,5,-1.2960426632630444
4,34,88.0,0,18,6,-1.580523454190292
4,34,88.0,0,18,7,-1.8798862511458623
4,34,88.0,0,18,8,-2.273151034531139
4,34,88.0,0,19,0,-0.8520693939598374
4,34,88.0,0,19,1,-1.3476467398878071
4,34,88.0,0,19,9,-2.2928365717193415
4,34,88.0,0,19,10,-2.262055583809662
4,34,88.0,0,19,11,-2.425634750316462
4,34,88.0,0,19,12,-2.9009332024289733
4,34,88.0,0,20,0,-1.5433129208160068
4,34,88.0,0,20,13,-2.8934117341320515
4,34,88.0,0,21,14,-2.69101579654302
4,34,88.0,0,22,14,-2.286905428867847
4,34,88.0,0,23,15,-2.113557822193478
4,34,88.0,0,23,16,-2.257992780459986
4,34,88.0,0,23,17,-2.815549055351646
4,34,88.0,0,23,22,-6.5137895943973945
4,34,88.0,0,24,18,-3.0612343703732705
4,34,88.0,0,24,19,-3.374703615420387
4,34,88.0,0,24,20,-4.021615742528546
4,34,88.0,0,24,21,-5.259021254292051
4,35,89.0,0,0,25,-5.06532722099621
4,35,89.0,0,0,26,-6.436623430221346
4,35,89.0,0,1,24,-6.766945751291416
4,35,89.0,0,2,22,-3.9085066970459366
4,35,89.0,0,2,23,-6.309860923562269
4,35,89.0,0,3,21,-3.5165396996700338
4,35,89.0,0,4,21,-4.7784739344661205
4,35,89.0,0,5,20,-3.213092159371456
4,35,89.0,0,6,20,-3.7470284454055047
4,35,89.0,0,7,20,-4.845976839184942
4,35,89.0,0,8,19,-3.378387671862697
4,35,89.0,0,9,19,-4.167684796119431
4,35,89.0,0,10,18,-3.789657593005927
4,35,89.0,0,17,4,-0.7480653798404404
4,35,89.0,0,17,5,-1.0219832105435813
4,35,89.0,0,18,2,-1.0500021361970227
4,35,89.0,0,18,3,-1.1602993587114199
4,35,89.0,0,18,4,-1.1788729481521187
4,35,89.0,0,18,5,-1.300781714005666
4,35,89.0,0,18,6,-1.5867215349989294
4,35,89.0,0,18,7,-1.8872158338147216
4,35,89.0,0,18,8,-2.281600490083477
4,35,89.0,0,19,0,-0.8544639222868042
4,35,89.0,0,19,1,-1.3524137759959771
4,35,89.0,0,19,9,-2.3008912701646693
4,35,89.0,0,19,10,-2.269666568630342
4,35,89.0,0,19,11,-2.4334276511843598
4,35,89.0,0,19,12,-2.9096601394992234
4,35,89.0,0,20,0,-1.548168573312033
4,35,89.0,0,20,13,-2.902444358272824
4,35,89.0,0,21,14,-2.6992108912286525
4,35,89.0,0,22,14,-2.2940880509510464
4,35,89.0,0,23,15,-2.119550131279425
4,35,89.0,0,23,16,-2.263934911395957
4,35,89.0,0,23,17,-2.8225280050735435
4,35,89.0,0,23,22,-6.52353129923479
4,35,89.0,0,24,18,-3.067488829636524
4,35,89.0,0,24,19,-3.380983252696133
4,35,89.0,0,24,20,-4.02839150871813
4,35,89.0,0,24,21,-5.266829006407519
4,36,90.0,0,0,25,-5.073217728228826
4,36,90.0,0,0,26,-6.447861763616743
4,36,90.0,0,1,24,-6.77935561362284
4,36,90.0,0,2,22,-3.9140409646311696
4,36,90.0,0,2,23,-6.321475331428303
4,36,90.0,0,3,21,-3.521564263604432
4,36,90.0,0,4,21,-4.787150193676268
4,36,90.0,0,5,20,-3.218272568630397
4,36,90.0,0,6,20,-3.7539939544341507
4,36,90.0,0,7,20,-4.856024109661092
4,36,90.0,0,8,19,-3.384342121630141
4,36,90.0,0,9,19,-4.175897961555606
4,36,90.0,0,10,18,-3.7967113970678525
4,36,90.0,0,17,4,-0.7485057197608498
4,36,90.0,0,17,5,-1.0239195212234264
4,36,90.0,0,18,2,-1.052037257266491
4,36,90.0,0,18,3,-1.1627780528488003
4,36,90.0,0,18,4,-1.1813026359213552
4,36,90.0,0,18,5,-1.303794703919138
4,36,90.0,0,18,6,-1.5911573267976493
4,36,90.0,0,18,7,-1.8927781743462049
4,36,90.0,0,18,8,-2.2882703501361235
4,36,90.0,0,19,0,-0.8552901659746652
4,36,90.0,0,19,1,-1.355546000730122
4,36,90.0,0,19,9,-2.3072585025467873
4,36,90.0,0,19,10,-2.2756184309384295
4,36,90.0,0,19,11,-2.439577052191062
4,36,90.0,0,19,12,-2.9167482487847067
4,36,90.0,0,20,0,-1.5514706017888997
4,36,90.0,0,20,13,-2.9098910037327173
4,36,90.0,0,21,14,-2.705888486072304
4,36,90.0,0,22,14,-2.299804052406003
4,36,90.0,0,23,15,-2.124137199164963
4,36,90.0,0,23,16,-2.2684772079174493
4,36,90.0,0,23,17,-2.8280929168086857
4,36,90.0,0,23,22,-6.531858583823279
4,36,90.0,0,24,18,-3.0723826287605007
4,36,90.0,0,24,19,-3.3859094182495753
4,36,90.0,0,24,20,-4.033810505495168
4,36,90.0,0,24,21,-5.273272869859774
4,37,91.0,0,0,25,-5.063692686754166
4,37,91.0,0,0,26,-6.44049052884003
4,37,91.0,0,1,24,-6.774152559801905
4,37,91.0,0,2,22,-3.9045650522687083
4,37,91.0,0,2,23,-6.316420205466443
4,37,91.0,0,3,21,-3.5129157258259625
4,37,91.0,0,4,21,-4.782514554661645
4,37,91.0,0,5,20,-3.212304287336053
4,37,91.0,0,6,20,-3.7505433045835446
4,37,91.0,0,7,20,-4.856370259259819
4,37,91.0,0,8,19,-3.382677234864474
4,37,91.0,0,9,19,-4.177438616661746
4,37,91.0,0,10,18,-3.798789095788919
4,37,91.0,0,17,4,-0.7452854396957918
4,37,91.0,0,17,5,-1.0221229217956065
4,37,91.0,0,18,2,-1.0505697559736689
4,37,91.0,0,18,3,-1.1617132922544542
4,37,91.0,0,18,4,-1.1801511751468752
4,37,91.0,0,18,5,-1.303188804486176
4,37,91.0,0,18,6,-1.5919248061275084
4,37,91.0,0,18,7,-1.8946603763672059
4,37,91.0,0,18,8,-2.2912382473598427
4,37,91.0,0,19,0,-0.8528214309206064
4,37,91.0,0,19,1,-1.3552757906435389
4,37,91.0,0,19,9,-2.3101020045574927
4,37,91.0,0,19,10,-2.278089753837371
4,37,91.0,0,19,11,-2.4422729441884385
4,37,91.0,0,19,12,-2.92039209321419
4,37,91.0,0,20,0,-1.5515225911351607
4,37,91.0,0,20,13,-2.9140209781544684
4,37,91.0,0,21,14,-2.70937604600104
4,37,91.0,0,22,14,-2.3024469365413722
4,37,91.0,0,23,15,-2.125789283958426
4,37,91.0,0,23,16,-2.2700790812236775
4,37,91.0,0,23,17,-2.830688221659287
4,37,91.0,0,23,22,-6.537182510943602
4,37,91.0,0,24,18,-3.074426242318701
4,37,91.0,0,24,19,-3.3879817279811775
4,37,91.0,0,24,20,-4.036360987967058
4,37,91.0,0,24,21,-5.276831472050361
4,38,92.0,0,0,25,-5.051745850370025
4,38,92.0,0,0,26,-6.4302941051356015
4,38,92.0,0,1,24,-6.765680255699465
4,38,92.0,0,2,22,-3.8926852592651926
4,38,92.0,0,2,23,-6.3080783667465425
4,38,92.0,0,3,21,-3.50172474559389
4,38,92.0,0,4,21,-4.774935491579015
4,38,92.0,0,5,20,-3.204006704754619
4,38,92.0,0,6,20,-3.744769155565905
4,38,92.0,0,7,20,-4.854325153167167
4,38,92.0,0,8,19,-3.37898403487074
4,38,92.0,0,9,19,-4.177118066676229
4,38,92.0,0,10,18,-3.799389495341572
4,38,92.0,0,17,4,-0.7410252037878777
4,38,92.0,0,17,5,-1.0192233775861297
4,38,92.0,0,18,2,-1.0480826916376955
4,38,92.0,0,18,3,-1.1595981657669299
4,38,92.0,0,18,4,-1.1779225241885456
4,38,92.0,0,18,5,-1.301478576460454
4,38,92.0,0,18,6,-1.5915453149715546
4,38,92.0,0,18,7,-1.8953947641972704
4,38,92.0,0,18,8,-2.29304430118259
4,38,92.0,0,19,0,-0.849428679276869
4,38,92.0,0,19,1,-1.353970703009935
4,38,92.0,0,19,9,-2.311833290149636
4,38,92.0,0,19,10,-2.2794701662206407
4,38,92.0,0,19,11,-2.443879180485311
4,38,92.0,0,19,12,-2.922926140455097
4,38,92.0,0,20,0,-1.5505904850555083
4,38,92.0,0,20,13,-2.917063143416975
4,38,92.0,0,21,14,-2.711821540606877
4,38,92.0,0,22,14,-2.304099528202933
4,38,92.0,0,23,15,-2.1265257051091737
4,38,92.0,0,23,16,-2.270760240536042
4,38,92.0,0,23,17,-2.8323287429013746
4,38,92.0,0,23,22,-6.5415043414580225
4,38,92.0,0,24,18,-3.0755689136562836
4,38,92.0,0,24,19,-3.3891483345750117
4,38,92.0,0,24,20,-4.037986765501813
4,38,92.0,0,24,21,-5.279442736968392
4,39,93.0,0,0,25,-5.019131462699534
4,39,93.0,0,0,26,-6.397843082209988
4,39,93.0,0,1,24,-6.73558265238313
4,39,93.0,0,2,22,-3.8628025630465572
4,39,93.0,0,2,23,-6.279200272815785
4,39,93.0,0,3,21,-3.473990630751018
4,39,93.0,0,4,21,-4.750837389751439
4,39,93.0,0,5,20,-3.182102565417239
4,39,93.0,0,6,20,-3.726184668233657
4,39,93.0,0,7,20,-4.840138708308189
4,39,93.0,0,8,19,-3.365635166999226
4,39,93.0,0,9,19,-4.168282265304626
4,39,93.0,0,10,18,-3.7935642075054545
4,39,93.0,0,17,4,-0.7320593166884066
4,39,93.0,0,17,5,-1.011514932395393
4,39,93.0,0,18,2,-1.041090904380546
4,39,93.0,0,18,3,-1.152911043335024
4,39,93.0,0,18,4,-1.171056803317029
4,39,93.0,0,18,5,-1.2950750289444812
4,39,93.0,0,18,6,-1.5864020276880595
4,39,93.0,0,18,7,-1.891348466149438
4,39,93.0,0,18,8,-2.2900331081748817
4,39,93.0,0,19,0,-0.8418068229869817
4,39,93.0,0,19,1,-1.3482641537900903
4,39,93.0,0,19,9,-2.308969447566554
4,39,93.0,0,19,10,-2.27631108594737
4,39,93.0,0,19,11,-2.4409738132645202
4,39,93.0,0,19,12,-2.9209441840388948
4,39,93.0,0,20,0,-1.54544709850407
4,39,93.0,0,20,13,-2.9157522462969823
4,39,93.0,0,21,14,-2.7100769822101327
4,39,93.0,0,22,14,-2.301729441550364
4,39,93.0,0,23,15,-2.1234423764255297
4,39,93.0,0,23,16,-2.2676063584415544
4,39,93.0,0,23,17,-2.8300796620987256
4,39,93.0,0,23,22,-6.5418486867017265
4,39,93.0,0,24,18,-3.072990987738102
4,39,93.0,0,24,19,-3.386579380655533
4,39,93.0,0,24,20,-4.035845115810503
4,39,93.0,0,24,21,-5.278251181352509
4,40,94.0,0,0,25,-4.987046835232093
4,40,94.0,0,0,26,-6.365497461661846
4,40,94.0,0,1,24,-6.704418857536382
4,40,94.0,0,2,22,-3.8328351157175575
4,40,94.0,0,2,23,-6.248997210540836
4,40,94.0,0,3,21,-3.4456487398304603
4,40,94.0,0,4,21,-4.725197823975435
4,40,94.0,0,5,20,-3.159297061799265
4,40,94.0,0,6,20,-3.706475243446647
4,40,94.0,0,7,20,-4.824419546028565
4,40,94.0,0,8,19,-3.3508351897837088
4,40,94.0,0,9,19,-4.157991215728799
4,40,94.0,0,10,18,-3.7864786977535942
4,40,94.0,0,17,4,-0.7222647033551937
4,40,94.0,0,17,5,-1.0028869012092514
4,40,94.0,0,18,2,-1.0332641224378207
4,40,94.0,0,18,3,-1.1453406090800584
4,40,94.0,0,18,4,-1.1632643094257062
4,40,94.0,0,18,5,-1.2877059809236115
4,40,94.0,0,18,6,-1.580230505899948
4,40,94.0,0,18,7,-1.8862716338091303
4,40,94.0,0,18,8,-2.2859639451049034
4,40,94.0,0,19,0,-0.8334604633065013
4,40,94.0,0,19,1,-1.34165969318925
4,40,94.0,0,19,9,-2.3050828314268514
4,40,94.0,0,19,10,-2.2721552987231632
4,40,94.0,0,19,11,-2.4370632797429295
4,40,94.0,0,19,12,-2.9179111428391025
4,40,94.0,0,20,0,-1.5394471153271994
4,40,94.0,0,20,13,-2.9133957286249696
4,40,94.0,0,21,14,-2.7073332788554865
4,40,94.0,0,22,14,-2.2984276441722997
4,40,94.0,0,23,15,-2.119530039081063
4,40,94.0,0,23,16,-2.2636130667514465
4,40,94.0,0,23,17,-2.8269316908101203
4,40,94.0,0,23,22,-6.541193563948667
4,40,94.0,0,24,18,-3.0695823397077646
4,40,94.0,0,24,19,-3.3831674206755764
4,40,94.0,0,24,20,-4.03282524719063
4,40,94.0,0,24,21,-5.276138716064317
4,41,95.0,0,0,25,-4.972126321704593
4,41,95.0,0,0,26,-6.3510141229574515
4,41,95.0,0,1,24,-6.689063364399431
4,41,95.0,0,2,22,-3.817199952944293
4,41,95.0,0,2,23,-6.233454706561986
4,41,95.0,0,3,21,-3.429916947054778
4,41,95.0,0,4,21,-4.710861659392492
4,41,95.0,0,5,20,-3.1464028183685286
4,41,95.0,0,6,20,-3.6957094105987665
4,41,95.0,0,7,20,-4.816492312068277
4,41,95.0,0,8,19,-3.342035998529667
4,41,95.0,0,9,19,-4.152695708739699
4,41,95.0,0,10,18,-3.7829501704553508
4,41,95.0,0,17,4,-0.7152538328456188
4,41,95.0,0,17,5,-0.9969742464338154
4,41,95.0,0,18,2,-1.0280206422145923
4,41,95.0,0,18,3,-1.1403386749289908
4,41,95.0,0,18,4,-1.1580357919170723
4,41,95.0,0,18,5,-1.282887391058189
4,41,95.0,0,18,6,-1.5765585948267429
4,41,95.0,0,18,7,-1.88370160487014
4,41,95.0,0,18,8,-2.2843835938851313
4,41,95.0,0,19,0,-0.8276441083173864
4,41,95.0,0,19,1,-1.3374474866303103
4,41,95.0,0,19,9,-2.303554498995254
4,41,95.0,0,19,10,-2.2703583337728404
4,41,95.0,0,19,11,-2.435475869665204
4,41,95.0,0,19,12,-2.9171307767830044
4,41,95.0,0,20,0,-1.5357441208821427
4,41,95.0,0,20,13,-2.9131524979926127
4,41,95.0,0,21,14,-2.7066430732580216
4,41,95.0,0,22,14,-2.2971383441132858
4,41,95.0,0,23,15,-2.1176130584238066
4,41,95.0,0,23,16,-2.26161934045998
4,41,95.0,0,23,17,-2.825734899771433
4,41,95.0,0,23,22,-6.542412856774419
4,41,95.0,0,24,18,-3.068083422194931
4,41,95.0,0,24,19,-3.3816663812662
4,41,95.0,0,24,20,-4.031690902307389
4,41,95.0,0,24,21,-5.275873618876496
4,42,96.0,0,0,25,-4.966216432634212
4,42,96.0,0,0,26,-6.345926943131758
4,42,96.0,0,1,24,-6.682187484417852
4,42,96.0,0,2,22,-3.809278685527147
4,42,96.0,0,2,23,-6.2258701671665335
4,42,96.0,0,3,21,-3.421234162894905
4,42,96.0,0,4,21,-4.702900058396267
4,42,96.0,0,5,20,-3.1392035748772003
4,42,96.0,0,6,20,-3.6900886737076917
4,42,96.0,0,7,20,-4.813024821316844
4,42,96.0,0,8,19,-3.3368685248283043
4,42,96.0,0,9,19,-4.1503647985333885
4,42,96.0,0,10,18,-3.7815639189148555
4,42,96.0,0,17,4,-0.7099832207016092
4,42,96.0,0,17,5,-0.9927303341056799
4,42,96.0,0,18,2,-1.0243644002769159
4,42,96.0,0,18,3,-1.136913738520306
4,42,96.0,0,18,4,-1.1543876158255202
4,42,96.0,0,18,5,-1.2796351284827097
4,42,96.0,0,18,6,-1.5743964926647536
4,42,96.0,0,18,7,-1.8826380532011768
4,42,96.0,0,18,8,-2.2842846083747546
4,42,96.0,0,19,0,-0.8234051801699138
4,42,96.0,0,19,1,-1.3346897427872548
4,42,96.0,0,19,9,-2.3034349587181424
4,42,96.0,0,19,10,-2.2699831974112143
4,42,96.0,0,19,11,-2.4352884690116454
4,42,96.0,0,19,12,-2.9176970232501773
4,42,96.0,0,20,0,-1.5334417782352716
4,42,96.0,0,20,13,-2.9141577806841283
4,42,96.0,0,21,14,-2.7071784381339725
4,42,96.0,0,22,14,-2.29705269541671
4,42,96.0,0,23,15,-2.1168945822529466
4,42,96.0,0,23,16,-2.26083557658945
4,42,96.0,0,23,17,-2.8257078525493924
4,42,96.0,0,23,22,-6.544745034754783
4,42,96.0,0,24,18,-3.0677310559267212
4,42,96.0,0,24,19,-3.3813211789158117
4,42,96.0,0,24,20,-4.031695477457291
4,42,96.0,0,24,21,-5.276715381487207
4,43,97.0,0,0,25,-4.956908205102479
4,43,97.0,0,0,26,-6.3371244465387235
4,43,97.0,0,1,24,-6.67181786034547
4,43,97.0,0,2,22,-3.7985743510921566
4,43,97.0,0,2,23,-6.21501909736844
4,43,97.0,0,3,21,-3.410259238769811
4,43,97.0,0,4,21,-4.692538869051788
4,43,97.0,0,5,20,-3.130244673564249
4,43,97.0,0,6,20,-3.682744246863109
4,43,97.0,0,7,20,-4.807776184232495
4,43,97.0,0,8,19,-3.3305223532919115
4,43,97.0,0,9,19,-4.146845174014288
4,43,97.0,0,10,18,-3.779280790278861
4,43,97.0,0,17,4,-0.7041917451575941
4,43,97.0,0,17,5,-0.9878802875878634
4,43,97.0,0,18,2,-1.0201476689780122
4,43,97.0,0,18,3,-1.1329056168222706
4,43,97.0,0,18,4,-1.1501478228295028
4,43,97.0,0,18,5,-1.2757648787425993
4,43,97.0,0,18,6,-1.5715491263576382
4,43,97.0,0,18,7,-1.8808728227197307
4,43,97.0,0,18,8,-2.2834488429235407
4,43,97.0,0,19,0,-0.8186975024031327
4,43,97.0,0,19,1,-1.3313312585384054
4,43,97.0,0,19,9,-2.302616700087299
4,43,97.0,0,19,10,-2.2689419866800122
4,43,97.0,0,19,11,-2.434433874789093
4,43,97.0,0,19,12,-2.9175633692694163
4,43,97.0,0,20,0,-1.5305711022685031
4,43,97.0,0,20,13,-2.9144549714305796
4,43,97.0,0,21,14,-2.7070540723273027
4,43,97.0,0,22,14,-2.296346608284722
4,43,97.0,0,23,15,-2.1156123877685147
4,43,97.0,0,23,16,-2.2594978058037185
4,43,97.0,0,23,17,-2.825085805069712
4,43,97.0,0,23,22,-6.546424144621341
4,43,97.0,0,24,18,-3.0668213265470996
4,43,97.0,0,24,19,-3.3804271765370544
4,43,97.0,0,24,20,-4.0311349492790995
4,43,97.0,0,24,21,-5.2769606651095415
4,44,98.0,0,0,25,-4.958193557203856
4,44,98.0,0,0,26,-6.339467787848719
4,44,98.0,0,1,24,-6.671921698822871
4,44,98.0,0,2,22,-3.7970048675909425
4,44,98.0,0,2,23,-6.2139948121072734
4,44,98.0,0,3,21,-3.4076354394609893
4,44,98.0,0,4,21,-4.690032306275839
4,44,98.0,0,5,20,-3.1280593685876283
4,44,98.0,0,6,20,-3.681588016805648
4,44,98.0,0,7,20,-4.808068376289668
4,44,98.0,0,8,19,-3.328700468546913
4,44,98.0,0,9,19,-4.147098567889429
4,44,98.0,0,10,18,-3.7797759876012265
4,44,98.0,0,17,4,-0.7006170620591377
4,44,98.0,0,17,5,-0.9851862815939043
4,44,98.0,0,18,2,-1.0179679418949021
4,44,98.0,0,18,3,-1.1309357913302236
4,44,98.0,0,18,4,-1.1479646368792658
4,44,98.0,0,18,5,-1.273943759927512
4,44,98.0,0,18,6,-1.5706995378283253
4,44,98.0,0,18,7,-1.881097380208054
4,44,98.0,0,18,8,-2.28458116338242
4,44,98.0,0,19,0,-0.8159887161985608
4,44,98.0,0,19,1,-1.329874575516115
4,44,98.0,0,19,9,-2.30367574190727
4,44,98.0,0,19,10,-2.2697860700312518
4,44,98.0,0,19,11,-2.435442248330162
4,44,98.0,0,19,12,-2.919243908921665
4,44,98.0,0,20,0,-1.5295292453081046
4,44,98.0,0,20,13,-2.9164516321746916
4,44,98.0,0,21,14,-2.7085917068404584
4,44,98.0,0,22,14,-2.2972599348091336
4,44,98.0,0,23,15,-2.115916681580515
4,44,98.0,0,23,16,-2.259762954867277
4,44,98.0,0,23,17,-2.8260364049490647
4,44,98.0,0,23,22,-6.549636412727374
4,44,98.0,0,24,18,-3.067439579413758
4,44,98.0,0,24,19,-3.3810761399723717
4,44,98.0,0,24,20,-4.032107965191365
4,44,98.0,0,24,21,-5.278713557908603
4,45,99.0,0,0,25,-4.968368444293617
4,45,99.0,0,0,26,-6.351270943658903
4,45,99.0,0,1,24,-6.681230463144914
4,45,99.0,0,2,22,-3.8032807316359367
4,45,99.0,0,2,23,-6.221705074297006
4,45,99.0,0,3,21,-3.4123527445177047
4,45,99.0,0,4,21,-4.694668190880293
4,45,99.0,0,5,20,-3.131944276847406
4,45,99.0,0,6,20,-3.686039965550748
4,45,99.0,0,7,20,-4.813491713727473
4,45,99.0,0,8,19,-3.331172121570546
4,45,99.0,0,9,19,-4.150963698368983
4,45,99.0,0,10,18,-3.7829798884680486
4,45,99.0,0,17,4,-0.6991992123088266
4,45,99.0,0,17,5,-0.9845987417917641
4,45,99.0,0,18,2,-1.0177700469955084
4,45,99.0,0,18,3,-1.1309582030676708
4,45,99.0,0,18,4,-1.14780284859836
4,45,99.0,0,18,5,-1.2741416246906994
4,45,99.0,0,18,6,-1.5718233177001437
4,45,99.0,0,18,7,-1.8832835561110812
4,45,99.0,0,18,8,-2.287656300449605
4,45,99.0,0,19,0,-0.8152171158231454
4,45,99.0,0,19,1,-1.3302854037967862
4,45,99.0,0,19,9,-2.306593814307739
4,45,99.0,0,19,10,-2.2724962719845436
4,45,99.0,0,19,11,-2.4382989126351475
4,45,99.0,0,19,12,-2.922734749306329
4,45,99.0,0,20,0,-1.530284038944984
4,45,99.0,0,20,13,-2.920149240388639
4,45,99.0,0,21,14,-2.711793683192866
4,45,99.0,0,22,14,-2.299787363164789
4,45,99.0,0,23,15,-2.117787554398703
4,45,99.0,0,23,16,-2.2616153000866532
4,45,99.0,0,23,17,-2.8285550484611903
4,45,99.0,0,23,22,-6.55439910652121
4,45,99.0,0,24,18,-3.069573299597721
4,45,99.0,0,24,19,-3.3832606499400555
4,45,99.0,0,24,20,-4.03461515111578
4,45,99.0,0,24,21,-5.281982707851938
4,46,100.0,0,0,25,-4.936050657135695
4,46,100.0,0,0,26,-6.317916985592433
4,46,100.0,0,1,24,-6.64851122710138
4,46,100.0,0,2,22,-3.773429621106118
4,46,100.0,0,2,23,-6.189938444918823
4,46,100.0,0,3,21,-3.3847711009350974
4,46,100.0,0,4,21,-4.668333234859006
4,46,100.0,0,5,20,-3.1098950644828562
4,46,100.0,0,6,20,-3.6664105731719587
4,46,100.0,0,7,20,-4.796661107898501
4,46,100.0,0,8,19,-3.316441047700579
4,46,100.0,0,9,19,-4.139796404491193
4,46,100.0,0,10,18,-3.775069205952775
4,46,100.0,0,17,4,-0.6896364193915474
4,46,100.0,0,17,5,-0.9757359549988962
4,46,100.0,0,18,2,-1.0097806436090622
4,46,100.0,0,18,3,-1.1231124231770195
4,46,100.0,0,18,4,-1.139707868822505
4,46,100.0,0,18,5,-1.2663332127712295
4,46,100.0,0,18,6,-1.5648424997543984
4,46,100.0,0,18,7,-1.8773117012312426
4,46,100.0,0,18,8,-2.2825101942923567
4,46,100.0,0,19,0,-0.8070880733288206
4,46,100.0,0,19,1,-1.3231605683707244
4,46,100.0,0,19,9,-2.3016921407457858
4,46,100.0,0,19,10,-2.267479249929636
4,46,100.0,0,19,11,-2.433491848444902
4,46,100.0,0,19,12,-2.9185919023279965
4,46,100.0,0,20,0,-1.5238235226086019
4,46,100.0,0,20,13,-2.9165102609343876
4,46,100.0,0,21,14,-2.7079404250562433
4,46,100.0,0,22,14,-2.2955152785494377
4,46,100.0,0,23,15,-2.1131427443689432
4,46,100.0,0,23,16,-2.256944642414396
4,46,100.0,0,23,17,-2.824498974430867
4,46,100.0,0,23,22,-6.552503577895962
4,46,100.0,0,24,18,-3.065386143207114
4,46,100.0,0,24,19,-3.379118933737921
4,46,100.0,0,24,20,-4.030772516771755
4,46,100.0,0,24,21,-5.278867995825863
4,47,101.0,0,0,25,-4.890750139578017
4,47,101.0,0,0,26,-6.270349562678689
4,47,101.0,0,1,24,-6.6016604826513685
4,47,101.0,0,2,22,-3.7320093125521225
4,47,101.0,0,2,23,-6.14453873847242
4,47,101.0,0,3,21,-3.34624641698241
4,47,101.0,0,4,21,-4.630728936565902
4,47,101.0,0,5,20,-3.078617325032866
4,47,101.0,0,6,20,-3.6379558473827274
4,47,101.0,0,7,20,-4.771289037085893
4,47,101.0,0,8,19,-3.2948198629664773
4,47,101.0,0,9,19,-4.122465671862727
4,47,101.0,0,10,18,-3.762437957406661
4,47,101.0,0,17,4,-0.676710524723859
4,47,101.0,0,17,5,-0.9633945976594234
4,47,101.0,0,18,2,-0.9985343951328076
4,47,101.0,0,18,3,-1.1119439718492785
4,47,101.0,0,18,4,-1.1282354860050248
4,47,101.0,0,18,5,-1.255089760625168
4,47,101.0,0,18,6,-1.5543415199271422
4,47,101.0,0,18,7,-1.8677893544360487
4,47,101.0,0,18,8,-2.273766891764943
4,47,101.0,0,19,0,-0.7959339628110769
4,47,101.0,0,19,1,-1.3128127407551062
4,47,101.0,0,19,9,-2.2933549137813642
4,47,101.0,0,19,10,-2.2590764473256897
4,47,101.0,0,19,11,-2.4253124128777017
4,47,101.0,0,19,12,-2.91104783256354
4,47,101.0,0,20,0,-1.5142737193787283
4,47,101.0,0,20,13,-2.9095746128064306
4,47,101.0,0,21,14,-2.700921403105255
4,47,101.0,0,22,14,-2.2882207742165406
4,47,101.0,0,23,15,-2.1056554322054097
4,47,101.0,0,23,16,-2.2494190451383815
4,47,101.0,0,23,17,-2.817521233131856
4,47,101.0,0,23,22,-6.54756304848069
4,47,101.0,0,24,18,-3.058418513965023
4,47,101.0,0,24,19,-3.372183326305489
4,47,101.0,0,24,20,-4.0240985282828845
4,47,101.0,0,24,21,-5.272872869366779
4,48,102.0,0,0,25,-4.864206435004803
4,48,102.0,0,0,26,-6.2422702654982345
4,48,102.0,0,1,24,-6.572063446372965
4,48,102.0,0,2,22,-3.7061707365044754
4,48,102.0,0,2,23,-6.115069658693699
4,48,102.0,0,3,21,-3.3212523657159636
4,48,102.0,0,4,21,-4.605249834738572
4,48,102.0,0,5,20,-3.057857411690634
4,48,102.0,0,6,20,-3.618966120167727
4,48,102.0,0,7,20,-4.754166269660033
4,48,102.0,0,8,19,-3.279474724211923
4,48,102.0,0,9,19,-4.1103603398344575
4,48,102.0,0,10,18,-3.753506785029856
4,48,102.0,0,17,4,-0.6667176675893316
4,48,102.0,0,17,5,-0.953910043767614
4,48,102.0,0,18,2,-0.9899979651443545
4,48,102.0,0,18,3,-1.1034668267155183
4,48,102.0,0,18,4,-1.1194522241688247
4,48,102.0,0,18,5,-1.2465167520802325
4,48,102.0,0,18,6,-1.5464505102334343
4,48,102.0,0,18,7,-1.8608694643710493
4,48,102.0,0,18,8,-2.2676006482535627
4,48,102.0,0,19,0,-0.7874368494440844
4,48,102.0,0,19,1,-1.3049699882869632
4,48,102.0,0,19,9,-2.2874589227192175
4,48,102.0,0,19,10,-2.253114792168688
4,48,102.0,0,19,11,-2.4195353322898967
4,48,102.0,0,19,12,-2.9058276954889806
4,48,102.0,0,20,0,-1.5071224032775277
4,48,102.0,0,20,13,-2.9048164762415425
4,48,102.0,0,21,14,-2.6960193717147902
4,48,102.0,0,22,14,-2.283006939767162
4,48,102.0,0,23,15,-2.100237141131089
4,48,102.0,0,23,16,-2.2439655968528456
4,48,102.0,0,23,17,-2.8125603535956003
4,48,102.0,0,23,22,-6.54453729511976
4,48,102.0,0,24,18,-3.0534281910554952
4,48,102.0,0,24,19,-3.3672248840368653
4,48,102.0,0,24,20,-4.019372637242121
4,48,102.0,0,24,21,-5.268779665130758
4,49,103.0,0,0,25,-4.819113848210748
4,49,103.0,0,0,26,-6.1942046915123115
4,49,103.0,0,1,24,-6.523152074950531
4,49,103.0,0,2,22,-3.6643623334345534
4,49,103.0,0,2,23,-6.067350979609898
4,49,103.0,0,3,21,-3.2818054392857903
4,49,103.0,0,4,21,-4.565306394108944
4,49,103.0,0,5,20,-3.02532081183827
4,49,103.0,0,6,20,-3.5888560455968275
4,49,103.0,0,7,20,-4.726412262162
4,49,103.0,0,8,19,-3.2558463061842247
4,49,103.0,0,9,19,-4.090849311732441
4,49,103.0,0,10,18,-3.738988874877606
4,49,103.0,0,17,4,-0.6527565715701229
4,49,103.0,0,17,5,-0.9403252965376652
4,49,103.0,0,18,2,-0.9776155676498988
4,49,103.0,0,18,3,-1.0910761822695463
4,49,103.0,0,18,4,-1.1067028601853224
4,49,103.0,0,18,5,-1.2339160044388748
4,49,103.0,0,18,6,-1.5344309260093638
4,49,103.0,0,18,7,-1.8497809011211785
4,49,103.0,0,18,8,-2.2572043211437034
4,49,103.0,0,19,0,-0.7753625069782615
4,49,103.0,0,19,1,-1.2933357988210332
4,49,103.0,0,19,9,-2.2775298288115025
4,49,103.0,0,19,10,-2.243183420383893
4,49,103.0,0,19,11,-2.4098081070471835
4,49,103.0,0,19,12,-2.8966289847375677
4,49,103.0,0,20,0,-1.49633757152462
4,49,103.0,0,20,13,-2.8962033970799155
4,49,103.0,0,21,14,-2.687421597183537
4,49,103.0,0,22,14,-2.2742584017809477
4,49,103.0,0,23,15,-2.0914802452645063
4,49,103.0,0,23,16,-2.235167374313157
4,49,103.0,0,23,17,-2.804182986397329
4,49,103.0,0,23,22,-6.5379647238757315
4,49,103.0,0,24,18,-3.045178610666767
4,49,103.0,0,24,19,-3.358999330644366
4,49,103.0,0,24,20,-4.011342688763733
4,49,103.0,0,24,21,-5.2613287058850275
4,50,104.0,0,0,25,-4.7764773658849435
4,50,104.0,0,0,26,-6.148318983582101
4,50,104.0,0,1,24,-6.47540568483754
4,50,104.0,0,2,22,-3.6243201160759213
4,50,104.0,0,2,23,-6.020489369823451
4,50,104.0,0,3,21,-3.2436356426238717
4,50,104.0,0,4,21,-4.525744610075293
4,50,104.0,0,5,20,-2.9935266679794097
4,50,104.0,0,6,20,-3.5591487483058017
4,50,104.0,0,7,20,-4.69852937870499
4,50,104.0,0,8,19,-3.2320426971691063
4,50,104.0,0,9,19,-4.070927758577639
4,50,104.0,0,10,18,-3.7240096014128596
4,50,104.0,0,17,4,-0.6386666262085967
4,50,104.0,0,17,5,-0.9264970703123581
4,50,104.0,0,18,2,-0.9650239460136874
4,50,104.0,0,18,3,-1.0784301646078305
4,50,104.0,0,18,4,-1.0936696094802159
4,50,104.0,0,18,5,-1.2209887419354644
4,50,104.0,0,18,6,-1.52199526703685
4,50,104.0,0,18,7,-1.8382501232587671
4,50,104.0,0,18,8,-2.2463159186191675
4,50,104.0,0,19,0,-0.763179919381507
4,50,104.0,0,19,1,-1.2813884166702891
4,50,104.0,0,19,9,-2.2671208903423263
4,50,104.0,0,19,10,-2.2328046414414473
4,50,104.0,0,19,11,-2.39961815866598
4,50,104.0,0,19,12,-2.8869017306252402
4,50,104.0,0,20,0,-1.4852496526665604
4,50,104.0,0,20,13,-2.887031061347301
4,50,104.0,0,21,14,-2.6783068876374188
4,50,104.0,0,22,14,-2.2650520819668003
4,50,104.0,0,23,15,-2.082357643810795
4,50,104.0,0,23,16,-2.226002501559101
4,50,104.0,0,23,17,-2.795366309993206
4,50,104.0,0,23,22,-6.530816780500686
4,50,104.0,0,24,18,-3.0365442722151528
4,50,104.0,0,24,19,-3.350384566293876
4,50,104.0,0,24,20,-4.002885576190906
4,50,104.0,0,24,21,-5.253392521402944
4,51,105.0,0,0,25,-4.752793635903686
4,51,105.0,0,0,26,-6.122240195230404
4,51,105.0,0,1,24,-6.445620000183737
4,51,105.0,0,2,22,-3.600335029734424
4,51,105.0,0,2,23,-5.990389023833529
4,51,105.0,0,3,21,-3.219813539283223
4,51,105.0,0,4,21,-4.499315930207132
4,51,105.0,0,5,20,-2.9731527550042074
4,51,105.0,0,6,20,-3.5397991720250275
4,51,105.0,0,7,20,-4.6797715356166805
4,51,105.0,0,8,19,-3.2154435980683047
4,51,105.0,0,9,19,-4.05700232080315
4,51,105.0,0,10,18,-3.713358920331089
4,51,105.0,0,17,4,-0.6280308542727937
4,51,105.0,0,17,5,-0.9160362333629024
4,51,105.0,0,18,2,-0.9556167735162759
4,51,105.0,0,18,3,-1.0689580895350232
4,51,105.0,0,18,4,-1.0838226235231687
4,51,105.0,0,18,5,-1.2112318109330218
4,51,105.0,0,18,6,-1.512656277383222
4,51,105.0,0,18,7,-1.8297992162681211
4,51,105.0,0,18,8,-2.238469725984366
4,51,105.0,0,19,0,-0.7541157119750537
4,51,105.0,0,19,1,-1.2724004070052786
4,51,105.0,0,19,9,-2.2596020614421874
4,51,105.0,0,19,10,-2.2253211458983344
4,51,105.0,0,19,11,-2.392282155143164
4,51,105.0,0,19,12,-2.879942016950885
4,51,105.0,0,20,0,-1.4769952641925812
4,51,105.0,0,20,13,-2.880453696938659
4,51,105.0,0,21,14,-2.6717221984570045
4,51,105.0,0,22,14,-2.2583245808233983
4,51,105.0,0,23,15,-2.0756825552134543
4,51,105.0,0,23,16,-2.2192987119993646
4,51,105.0,0,23,17,-2.7889530076945306
4,51,105.0,0,23,22,-6.52596653377239
4,51,105.0,0,24,18,-3.03025648166291
4,51,105.0,0,24,19,-3.3441256487707065
4,51,105.0,0,24,20,-3.9967582474084153
4,51,105.0,0,24,21,-5.247735513954126
4,52,106.0,0,0,25,-4.755098487480609
4,52,106.0,0,0,26,-6.123693040712681
4,52,106.0,0,1,24,-6.441741076314031
4,52,106.0,0,2,22,-3.598811480974746
4,52,106.0,0,2,23,-5.984741097112362
4,52,106.0,0,3,21,-3.2165128870545345
4,52,106.0,0,4,21,-4.49247297798226
4,52,106.0,0,5,20,-2.9694631761125265
4,52,106.0,0,6,20,-3.535832566660787
4,52,106.0,0,7,20,-4.675006412374046
4,52,106.0,0,8,19,-3.21011071343284
4,52,106.0,0,9,19,-4.0526505780306366
4,52,106.0,0,10,18,-3.7097954921206053
4,52,106.0,0,17,4,-0.6229010527855721
4,52,106.0,0,17,5,-0.9110252410763167
4,52,106.0,0,18,2,-0.9513397698487793
4,52,106.0,0,18,3,-1.0646410644480966
4,52,106.0,0,18,4,-1.079183645044445
4,52,106.0,0,18,5,-1.2066909459116957
4,52,106.0,0,18,6,-1.508476890437933
4,52,106.0,0,18,7,-1.8264927896291496
4,52,106.0,0,18,8,-2.2357412137745243
4,52,106.0,0,19,0,-0.7500071298654873
4,52,106.0,0,19,1,-1.2682757201581794
4,52,106.0,0,19,9,-2.2569614467474537
4,52,106.0,0,19,10,-2.222704754242372
4,52,106.0,0,19,11,-2.389763269772061
4,52,106.0,0,19,12,-2.8777164636049903
4,52,106.0,0,20,0,-1.4734014907513142
4,52,106.0,0,20,13,-2.8783602633296823
4,52,106.0,0,21,14,-2.6694946918558244
4,52,106.0,0,22,14,-2.2558249594954205
4,52,106.0,0,23,15,-2.0731078200111313
4,52,106.0,0,23,16,-2.216724895842283
4,52,106.0,0,23,17,-2.7866371881944687
4,52,106.0,0,23,22,-6.525160697395407
4,52,106.0,0,24,18,-3.0279304892237704
4,52,106.0,0,24,19,-3.341854614617482
4,52,106.0,0,24,20,-3.9946120506724867
4,52,106.0,0,24,21,-5.246025462937979
