kper,kstp,time,k,i,j,PWq
1,1,1.0,0,4,31,-1.2647690129987836
1,1,1.0,0,4,32,-0.7338288759854663
1,1,1.0,0,5,32,-1.2717173980137773
1,1,1.0,0,6,33,-1.1276897390280283
1,1,1.0,0,7,33,-1.4237057549371457
1,1,1.0,0,8,33,-1.8641417628425643
1,1,1.0,0,9,33,-2.5990420621881754
1,1,1.0,0,10,34,-1.9694795225964299
1,1,1.0,0,11,34,-2.2940351511140307
1,1,1.0,0,12,34,-2.635146013857309
1,1,1.0,0,13,34,-2.9940387130378667
1,1,1.0,0,14,34,-3.6801481858934153
1,1,1.0,0,15,35,-2.3833913663708586
1,1,1.0,0,16,35,-2.5570260382409344
1,1,1.0,0,17,35,-2.8076738005014477
1,1,1.0,0,18,35,-3.2746884063307107
1,1,1.0,0,19,36,-1.9394989489399705
1,1,1.0,0,20,36,-1.8930049211091813
1,1,1.0,0,21,36,-1.7955747957487347
1,1,1.0,0,22,36,-2.0485868075132814
1,1,1.0,0,23,37,-1.4540905499753478
1,1,1.0,0,24,37,-1.6559433307038205
1,1,1.0,0,25,37,-1.8890784452019176
1,1,1.0,0,26,37,-2.1728092269346178
1,1,1.0,0,27,37,-2.668322777257437
1,1,1.0,0,28,38,-1.647659444105237
1,1,1.0,0,29,38,-1.781115542123061
1,1,1.0,0,30,38,-1.8887333342482435
1,1,1.0,0,31,38,-1.9578713269180774
1,1,1.0,0,32,38,-2.0155814029724937
1,1,1.0,0,33,38,-2.1077386141792864
1,1,1.0,0,34,38,-2.3195947381137465
1,1,1.0,0,35,39,-1.2526378475506412
1,1,1.0,0,36,39,-1.2342324098820043
1,1,1.0,0,37,38,-2.0123193793822693
1,1,1.0,0,38,36,-4.083481948184531
1,1,1.0,0,38,37,-2.3514987472271613
2,1,2.0,0,4,31,-1.3148329945027513
2,1,2.0,0,4,32,-0.7786804536501677
2,1,2.0,0,5,32,-1.3180613424316334
2,1,2.0,0,6,33,-1.17345599473623
2,1,2.0,0,7,33,-1.469092633581397
2,1,2.0,0,8,33,-1.909133279242269
2,1,2.0,0,9,33,-2.6441470740744535
2,1,2.0,0,10,34,-2.0129394985436306
2,1,2.0,0,11,34,-2.336317839060939
2,1,2.0,0,12,34,-2.6751044966269433
2,1,2.0,0,13,34,-3.0307655021389337
2,1,2.0,0,14,34,-3.7140796201911996
2,1,2.0,0,15,35,-2.4130650683029273
2,1,2.0,0,16,35,-2.5834376282013807
2,1,2.0,0,17,35,-2.830897092515812
2,1,2.0,0,18,35,-3.2946850793239832
2,1,2.0,0,19,36,-1.9554987472002097
2,1,2.0,0,20,36,-1.9055518360848112
2,1,2.0,0,21,36,-1.8045443288771779
2,1,2.0,0,22,36,-2.0556217098337584
2,1,2.0,0,23,37,-1.4607723712659322
2,1,2.0,0,24,37,-1.6624020545224454
2,1,2.0,0,25,37,-1.8953382887116632
2,1,2.0,0,26,37,-2.178894389988038
2,1,2.0,0,27,37,-2.674240425561898
2,1,2.0,0,28,38,-1.6532371087543893
2,1,2.0,0,29,38,-1.7864884775641414
2,1,2.0,0,30,38,-1.8939110663160221
2,1,2.0,0,31,38,-1.962859462742074
2,1,2.0,0,32,38,-2.020423888439069
2,1,2.0,0,33,38,-2.112491775019734
2,1,2.0,0,34,38,-2.324284300286152
2,1,2.0,0,35,39,-1.257186932450658
2,1,2.0,0,36,39,-1.23876048329155
2,1,2.0,0,37,38,-2.0167874799111267
2,1,2.0,0,38,36,-4.087865357174579
2,1,2.0,0,38,37,-2.3558721218646994
2,2,3.0,0,4,31,-1.3491534256845625
2,2,3.0,0,4,32,-0.8057707727937213
2,2,3.0,0,5,32,-1.3489186782500724
2,2,3.0,0,6,33,-1.2034392614517628
2,2,3.0,0,7,33,-1.499508033321149
2,2,3.0,0,8,33,-1.940011543904916
2,2,3.0,0,9,33,-2.6765159318550786
2,2,3.0,0,10,34,-2.0435508318302595
2,2,3.0,0,11,34,-2.366456183099558
2,2,3.0,0,12,34,-2.703841340243059
2,2,3.0,0,13,34,-3.057470387446301
2,2,3.0,0,14,34,-3.73948317238424
2,2,3.0,0,15,35,-2.434858933992956
2,2,3.0,0,16,35,-2.603121964239847
2,2,3.0,0,17,35,-2.848518136153217
2,2,3.0,0,18,35,-3.310263643603463
2,2,3.0,0,19,36,-1.967950529770178
2,2,3.0,0,20,36,-1.915534324001257
2,2,3.0,0,21,36,-1.8118638258486044
2,2,3.0,0,22,36,-2.061463873830988
2,2,3.0,0,23,37,-1.466298488204579
2,2,3.0,0,24,37,-1.6677505503620083
2,2,3.0,0,25,37,-1.9005353768639637
2,2,3.0,0,26,37,-2.183965956858458
2,2,3.0,0,27,37,-2.679198120436027
2,2,3.0,0,28,38,-1.657886130699488
2,2,3.0,0,29,38,-1.790976537102992
2,2,3.0,0,30,38,-1.8982481378545728
2,2,3.0,0,31,38,-1.9670508725841742
2,2,3.0,0,32,38,-2.024499114529995
2,2,3.0,0,33,38,-2.1164941656368548
2,2,3.0,0,34,38,-2.328243162433175
2,2,3.0,0,35,39,-1.2610149236014578
2,2,3.0,0,36,39,-1.2425878896798181
2,2,3.0,0,37,38,-2.0205763686033897
2,2,3.0,0,38,36,-4.091585446867544
2,2,3.0,0,38,37,-2.3595794942234924
2,3,4.0,0,4,31,-1.4171051426386043
2,3,4.0,0,4,32,-0.8619701598003644
2,3,4.0,0,5,32,-1.411082511198515
2,3,4.0,0,6,33,-1.2632385120680851
2,3,4.0,0,7,33,-1.5595798234996892
2,3,4.0,0,8,33,-2.0004050496307286
2,3,4.0,0,9,33,-2.739012837366829
2,3,4.0,0,10,34,-2.1023676439601786
2,3,4.0,0,11,34,-2.4241892949203248
2,3,4.0,0,12,34,-2.7588363828550087
2,3,4.0,0,13,34,-3.1085432532006507
2,3,4.0,0,14,34,-3.787864947674592
2,3,4.0,0,15,35,-2.4766362496308147
2,3,4.0,0,16,35,-2.640794843138252
2,3,4.0,0,17,35,-2.8821085491840392
2,3,4.0,0,18,35,-3.339842396013154
2,3,4.0,0,19,36,-1.9917715294322988
2,3,4.0,0,20,36,-1.934545433262528
2,3,4.0,0,21,36,-1.8257223346226041
2,3,4.0,0,22,36,-2.072471067198663
2,3,4.0,0,23,37,-1.476770550932713
2,3,4.0,0,24,37,-1.6778887855111435
2,3,4.0,0,25,37,-1.910370992543669
2,3,4.0,0,26,37,-2.1935295551663714
2,3,4.0,0,27,37,-2.68850949665449
2,3,4.0,0,28,38,-1.6666862379538614
2,3,4.0,0,29,38,-1.7994619174544013
2,3,4.0,0,30,38,-1.9064299518259773
2,3,4.0,0,31,38,-1.9749342938956431
2,3,4.0,0,32,38,-2.0321567583410065
2,3,4.0,0,33,38,-2.1240158173353123
2,3,4.0,0,34,38,-2.3356663514088005
2,3,4.0,0,35,39,-1.2682293425209146
2,3,4.0,0,36,39,-1.2497495570312438
2,3,4.0,0,37,38,-2.0276458850560637
2,3,4.0,0,38,36,-4.098522448818379
2,3,4.0,0,38,37,-2.3664984119032972
2,4,5.0,0,4,31,-1.44252988816379
2,4,5.0,0,4,32,-0.8753710578859
2,4,5.0,0,5,32,-1.432118884445572
2,4,5.0,0,6,33,-1.2820499867218018
2,4,5.0,0,7,33,-1.57995581171906
2,4,5.0,0,8,33,-2.0224621577461335
2,4,5.0,0,9,33,-2.76482510732086
2,4,5.0,0,10,34,-2.124972736485404
2,4,5.0,0,11,34,-2.4471674082835193
2,4,5.0,0,12,34,-2.781244995618465
2,4,5.0,0,13,34,-3.129939883906161
2,4,5.0,0,14,34,-3.809715293223803
2,4,5.0,0,15,35,-2.4943171602533027
2,4,5.0,0,16,35,-2.657312033986983
2,4,5.0,0,17,35,-2.897466143184033
2,4,5.0,0,18,35,-3.3542586216123027
2,4,5.0,0,19,36,-2.0032308673125385
2,4,5.0,0,20,36,-1.9441439739259607
2,4,5.0,0,21,36,-1.833115193151869
2,4,5.0,0,22,36,-2.078580523098701
2,4,5.0,0,23,37,-1.4825192355693915
2,4,5.0,0,24,37,-1.6834694144763631
2,4,5.0,0,25,37,-1.915816094827285
2,4,5.0,0,26,37,-2.1988714891604815
2,4,5.0,0,27,37,-2.6937775016670926
2,4,5.0,0,28,38,-1.6715985100422728
2,4,5.0,0,29,38,-1.804221268469007
2,4,5.0,0,30,38,-1.9110479553808162
2,4,5.0,0,31,38,-1.9794158550820704
2,4,5.0,0,32,38,-2.0365246770495666
2,4,5.0,0,33,38,-2.128311420226776
2,4,5.0,0,34,38,-2.33993322646144
2,4,5.0,0,35,39,-1.2723412533867133
2,4,5.0,0,36,39,-1.2538755128662586
2,4,5.0,0,37,38,-2.031750960394067
2,4,5.0,0,38,36,-4.102557905406936
2,4,5.0,0,38,37,-2.3705106315427074
2,5,6.0,0,4,31,-1.4667991166725756
2,5,6.0,0,4,32,-0.887746112972593
2,5,6.0,0,5,32,-1.4518847115571134
2,5,6.0,0,6,33,-1.2990093039939552
2,5,6.0,0,7,33,-1.5985134136717534
2,5,6.0,0,8,33,-2.0427781732705625
2,5,6.0,0,9,33,-2.7890076144213936
2,5,6.0,0,10,34,-2.1454066317526213
2,5,6.0,0,11,34,-2.4681163134024473
2,5,6.0,0,12,34,-2.8017894035339737
2,5,6.0,0,13,34,-3.1496730683062992
2,5,6.0,0,14,34,-3.830211565300374
2,5,6.0,0,15,35,-2.510439616331297
2,5,6.0,0,16,35,-2.672489566484046
2,5,6.0,0,17,35,-2.91168110568006
2,5,6.0,0,18,35,-3.3678415440178355
2,5,6.0,0,19,36,-2.013912153699323
2,5,6.0,0,20,36,-1.9531887497522575
2,5,6.0,0,21,36,-1.8401811851322378
2,5,6.0,0,22,36,-2.084498892672727
2,5,6.0,0,23,37,-1.488068610322145
2,5,6.0,0,24,37,-1.6888628473198395
2,5,6.0,0,25,37,-1.9210869498891867
2,5,6.0,0,26,37,-2.2040538202918256
2,5,6.0,0,27,37,-2.6989108171394776
2,5,6.0,0,28,38,-1.6763672061820003
2,5,6.0,0,29,38,-1.808848123485319
2,5,6.0,0,30,38,-1.9155448085956124
2,5,6.0,0,31,38,-1.9837873441499738
2,5,6.0,0,32,38,-2.0407895164971173
2,5,6.0,0,33,38,-2.1325081112069917
2,5,6.0,0,34,38,-2.344111819017371
2,5,6.0,0,35,39,-1.2763586587263624
2,5,6.0,0,36,39,-1.2579136548585907
2,5,6.0,0,37,38,-2.0357804912638997
2,5,6.0,0,38,36,-4.106521188950474
2,5,6.0,0,38,37,-2.3744448947102725
2,6,7.0,0,4,31,-1.4738304149171881
2,6,7.0,0,4,32,-0.884506776609669
2,6,7.0,0,5,32,-1.4551876788256095
2,6,7.0,0,6,33,-1.2995834987074772
2,6,7.0,0,7,33,-1.6009307257205592
2,6,7.0,0,8,33,-2.047242854777437
2,6,7.0,0,9,33,-2.797387671260765
2,6,7.0,0,10,34,-2.15029841286065
2,6,7.0,0,11,34,-2.474028762603382
2,6,7.0,0,12,34,-2.808162486839592
2,6,7.0,0,13,34,-3.156401171799132
2,6,7.0,0,14,34,-3.838793316180812
2,6,7.0,0,15,35,-2.51574546932855
2,6,7.0,0,16,35,-2.6780616375348245
2,6,7.0,0,17,35,-2.917483350559536
2,6,7.0,0,18,35,-3.374301045656239
2,6,7.0,0,19,36,-2.018699196706706
2,6,7.0,0,20,36,-1.957660143873241
2,6,7.0,0,21,36,-1.844044895675232
2,6,7.0,0,22,36,-2.0879795954618032
2,6,7.0,0,23,37,-1.49126198550384
2,6,7.0,0,24,37,-1.6919828538529202
2,6,7.0,0,25,37,-1.9241658993163
2,6,7.0,0,26,37,-2.2071260901208376
2,6,7.0,0,27,37,-2.702025875736126
2,6,7.0,0,28,38,-1.6791913579496835
2,6,7.0,0,29,38,-1.8116104621256284
2,6,7.0,0,30,38,-1.9182569486955785
2,6,7.0,0,31,38,-1.9864536026003847
2,6,7.0,0,32,38,-2.0434048495508357
2,6,7.0,0,33,38,-2.135087620149207
2,6,7.0,0,34,38,-2.346710648577858
2,6,7.0,0,35,39,-1.2788208189718269
2,6,7.0,0,36,39,-1.2604276241777086
2,6,7.0,0,37,38,-2.0383250684972936
2,6,7.0,0,38,36,-4.109031013342467
2,6,7.0,0,38,37,-2.3769201714219825
2,7,8.0,0,4,31,-1.466646516854837
2,7,8.0,0,4,32,-0.8696610646392742
2,7,8.0,0,5,32,-1.4452004082191365
2,7,8.0,0,6,33,-1.2871433199393891
2,7,8.0,0,7,33,-1.5903004807021262
2,7,8.0,0,8,33,-2.0386593053989372
2,7,8.0,0,9,33,-2.792260333872605
2,7,8.0,0,10,34,-2.1421911495139057
2,7,8.0,0,11,34,-2.467241360068499
2,7,8.0,0,12,34,-2.8024911591870136
2,7,8.0,0,13,34,-3.1519845326826044
2,7,8.0,0,14,34,-3.8368920097901764
2,7,8.0,0,15,35,-2.511697577027121
2,7,8.0,0,16,35,-2.675232499674621
2,7,8.0,0,17,35,-2.9158232160726527
2,7,8.0,0,18,35,-3.3742949732400973
2,7,8.0,0,19,36,-2.0181245364757103
2,7,8.0,0,20,36,-1.9578930834515234
2,7,8.0,0,21,36,-1.8448734404041218
2,7,8.0,0,22,36,-2.08911541250432
2,7,8.0,0,23,37,-1.4921925573191572
2,7,8.0,0,24,37,-1.6929171142659811
2,7,8.0,0,25,37,-1.9251334247213023
2,7,8.0,0,26,37,-2.208160317343477
2,7,8.0,0,27,37,-2.7031849401822114
2,7,8.0,0,28,38,-1.6801349612405474
2,7,8.0,0,29,38,-1.812566722997893
2,7,8.0,0,30,38,-1.91923677179782
2,7,8.0,0,31,38,-1.9874609354342603
2,7,8.0,0,32,38,-2.044413596970223
2,7,8.0,0,33,38,-2.1360913787842293
2,7,8.0,0,34,38,-2.34776793958563
2,7,8.0,0,35,39,-1.2797673735131418
2,7,8.0,0,36,39,-1.2614521938728487
2,7,8.0,0,37,38,-2.039416382171357
2,7,8.0,0,38,36,-4.110117612437797
2,7,8.0,0,38,37,-2.3779673285679728
2,8,9.0,0,4,31,-1.5846798096712291
2,8,9.0,0,4,32,-0.9715908685263912
2,8,9.0,0,5,32,-1.5534752251608097
2,8,9.0,0,6,33,-1.3902132945200378
2,8,9.0,0,7,33,-1.6931225584418712
2,8,9.0,0,8,33,-2.141413418106765
2,8,9.0,0,9,33,-2.897194031603078
2,8,9.0,0,10,34,-2.2397678327542963
2,8,9.0,0,11,34,-2.5629299291734355
2,8,9.0,0,12,34,-2.8936900799217824
2,8,9.0,0,13,34,-3.23670618045702
2,8,9.0,0,14,34,-3.9169655860153796
2,8,9.0,0,15,35,-2.5802440241938314
2,8,9.0,0,16,35,-2.737015318894919
2,8,9.0,0,17,35,-2.97077970985535
2,8,9.0,0,18,35,-3.422808539248905
2,8,9.0,0,19,36,-2.0569120149401243
2,8,9.0,0,20,36,-1.9888338501784233
2,8,9.0,0,21,36,-1.867471750028443
2,8,9.0,0,22,36,-2.1071941235364307
2,8,9.0,0,23,37,-1.5093753169253432
2,8,9.0,0,24,37,-1.7095712003997932
2,8,9.0,0,25,37,-1.941296385333132
2,8,9.0,0,26,37,-2.2238746512904655
2,8,9.0,0,27,37,-2.7185228098531127
2,8,9.0,0,28,38,-1.6946255417021732
2,8,9.0,0,29,38,-1.8265474188133908
2,8,9.0,0,30,38,-1.932720151261563
2,8,9.0,0,31,38,-2.0004509656219334
2,8,9.0,0,32,38,-2.0570362722604756
2,8,9.0,0,33,38,-2.1484981976583484
2,8,9.0,0,34,38,-2.360032945026365
2,8,9.0,0,35,39,-1.2916833516492474
2,8,9.0,0,36,39,-1.2732551389255384
2,8,9.0,0,37,38,-2.051092377960476
2,8,9.0,0,38,36,-4.121577614732843
2,8,9.0,0,38,37,-2.389377095100265
2,9,10.0,0,4,31,-1.7238694032647004
2,9,10.0,0,4,32,-1.0852048353120836
2,9,10.0,0,5,32,-1.6795391248708142
2,9,10.0,0,6,33,-1.5098845072157587
2,9,10.0,0,7,33,-1.8136736841536276
2,9,10.0,0,8,33,-2.2630505322214844
2,9,10.0,0,9,33,-3.023633687846484
2,9,10.0,0,10,34,-2.3567166734608236
2,9,10.0,0,11,34,-2.678143762954676
2,9,10.0,0,12,34,-3.0038978157462566
2,9,10.0,0,13,34,-3.3395741668953747
2,9,10.0,0,14,34,-4.0152647569837825
2,9,10.0,0,15,35,-2.664064794260952
2,9,10.0,0,16,35,-2.813013864485299
2,9,10.0,0,17,35,-3.0388955477641844
2,9,10.0,0,18,35,-3.4834749193381356
2,9,10.0,0,19,36,-2.105558727607658
2,9,10.0,0,20,36,-2.0279416375317822
2,9,10.0,0,21,36,-1.896254653123286
2,9,10.0,0,22,36,-2.13030937431634
2,9,10.0,0,23,37,-1.5313497244595382
2,9,10.0,0,24,37,-1.7308774075609747
2,9,10.0,0,25,37,-1.9619822423069948
2,9,10.0,0,26,37,-2.243994308813214
2,9,10.0,0,27,37,-2.7381693510141645
2,9,10.0,0,28,38,-1.7131925964780166
2,9,10.0,0,29,38,-1.8444674536616503
2,9,10.0,0,30,38,-1.950008068046337
2,9,10.0,0,31,38,-2.017110819843115
2,9,10.0,0,32,38,-2.0732281470442864
2,9,10.0,0,33,38,-2.1644150719749575
2,9,10.0,0,34,38,-2.375770173260541
2,9,10.0,0,35,39,-1.3069757256378445
2,9,10.0,0,36,39,-1.2884007950373757
2,9,10.0,0,37,38,-2.0660751750187814
2,9,10.0,0,38,36,-4.1362846866872935
2,9,10.0,0,38,37,-2.404018984678377
2,10,11.0,0,4,31,-1.8429571866445826
2,10,11.0,0,4,32,-1.1724850338075044
2,10,11.0,0,5,32,-1.7844468268645528
2,10,11.0,0,6,33,-1.6073683359102802
2,10,11.0,0,7,33,-1.9137487896751395
2,10,11.0,0,8,33,-2.366012319199683
2,10,11.0,0,9,33,-3.134436742490152
2,10,11.0,0,10,34,-2.4567525938863923
2,10,11.0,0,11,34,-2.777718042855952
2,10,11.0,0,12,34,-3.0998661865177155
2,10,11.0,0,13,34,-3.429976002139483
2,10,11.0,0,14,34,-4.103736259278918
2,10,11.0,0,15,35,-2.737957223030122
2,10,11.0,0,16,35,-2.8807868160144494
2,10,11.0,0,17,35,-3.1004872602411524
2,10,11.0,0,18,35,-3.539521381257032
2,10,11.0,0,19,36,-2.1503352949245453
2,10,11.0,0,20,36,-2.0645296622725056
2,10,11.0,0,21,36,-1.9236900986071177
2,10,11.0,0,22,36,-2.1526517393080056
2,10,11.0,0,23,37,-1.5525258195639182
2,10,11.0,0,24,37,-1.7514333982264745
2,10,11.0,0,25,37,-1.9819745803555335
2,10,11.0,0,26,37,-2.2634879352555686
2,10,11.0,0,27,37,-2.7572838150568515
2,10,11.0,0,28,38,-1.7311946034723533
2,10,11.0,0,29,38,-1.8618691893764634
2,10,11.0,0,30,38,-1.966826488491023
2,10,11.0,0,31,38,-2.03334999125293
2,10,11.0,0,32,38,-2.0890276922012774
2,10,11.0,0,33,38,-2.1799543145561877
2,10,11.0,0,34,38,-2.391167680051506
2,10,11.0,0,35,39,-1.3219043251020395
2,10,11.0,0,36,39,-1.3032197010935143
2,10,11.0,0,37,38,-2.0807716036230275
2,10,11.0,0,38,36,-4.150719167790609
2,10,11.0,0,38,37,-2.418370692809546
2,11,12.0,0,4,31,-1.9402136163577666
2,11,12.0,0,4,32,-1.2349250869798425
2,11,12.0,0,5,32,-1.867158954412048
2,11,12.0,0,6,33,-1.6815864461685806
2,11,12.0,0,7,33,-1.9917755343242334
2,11,12.0,0,8,33,-2.4482524319046775
2,11,12.0,0,9,33,-3.226547749190445
2,11,12.0,0,10,34,-2.537011469445247
2,11,12.0,0,11,34,-2.8586573311520738
2,11,12.0,0,12,34,-3.178598754468851
2,11,12.0,0,13,34,-3.504945894306559
2,11,12.0,0,14,34,-4.1791870878656425
2,11,12.0,0,15,35,-2.799120889904742
2,11,12.0,0,16,35,-2.9376416435276553
2,11,12.0,0,17,35,-3.1529575834057653
2,11,12.0,0,18,35,-3.5885056946189877
2,11,12.0,0,19,36,-2.189150152525116
2,11,12.0,0,20,36,-2.096828876497412
2,11,12.0,0,21,36,-1.9484285336879736
2,11,12.0,0,22,36,-2.173143881846279
2,11,12.0,0,23,37,-1.5718660578944608
2,11,12.0,0,24,37,-1.770234133390531
2,11,12.0,0,25,37,-2.0002984384844993
2,11,12.0,0,26,37,-2.28140925198354
2,11,12.0,0,27,37,-2.774952396730221
2,11,12.0,0,28,38,-1.7477554632867012
2,11,12.0,0,29,38,-1.8779081633860955
2,11,12.0,0,30,38,-1.9823620354701461
2,11,12.0,0,31,38,-2.0483860853951796
2,11,12.0,0,32,38,-2.103675343759072
2,11,12.0,0,33,38,-2.1943701367139212
2,11,12.0,0,34,38,-2.4054940661778375
2,11,12.0,0,35,39,-1.3357512825495164
2,11,12.0,0,36,39,-1.3170032591693932
2,11,12.0,0,37,38,-2.0944880879914507
2,11,12.0,0,38,36,-4.164200984456809
2,11,12.0,0,38,37,-2.431750221054699
2,12,13.0,0,4,31,-2.0372333721649625
2,12,13.0,0,4,32,-1.2949648502619766
2,12,13.0,0,5,32,-1.948498971563481
2,12,13.0,0,6,33,-1.7531807961025265
2,12,13.0,0,7,33,-2.0676648927940278
2,12,13.0,0,8,33,-2.5289414551380105
2,12,13.0,0,9,33,-3.3180753205658107
2,12,13.0,0,10,34,-2.6152243569146094
2,12,13.0,0,11,34,-2.9379723605989057
2,12,13.0,0,12,34,-3.2560548144663244
2,12,13.0,0,13,34,-3.579016858302282
2,12,13.0,0,14,34,-4.25455737000641
2,12,13.0,0,15,35,-2.859182229927029
2,12,13.0,0,16,35,-2.993773802167226
2,12,13.0,0,17,35,-3.2050613723358765
2,12,13.0,0,18,35,-3.6377195139817218
2,12,13.0,0,19,36,-2.2278669922553007
2,12,13.0,0,20,36,-2.129294734712417
2,12,13.0,0,21,36,-1.973535386941201
2,12,13.0,0,22,36,-2.1941333131998633
2,12,13.0,0,23,37,-1.5916228696237624
2,12,13.0,0,24,37,-1.7894558379932803
2,12,13.0,0,25,37,-2.0190529640809345
2,12,13.0,0,26,37,-2.299780394346037
2,12,13.0,0,27,37,-2.793123390194289
2,12,13.0,0,28,38,-1.7647379411322959
2,12,13.0,0,29,38,-1.8943721958696003
2,12,13.0,0,30,38,-1.9983272986484337
2,12,13.0,0,31,38,-2.0638564115416855
2,12,13.0,0,32,38,-2.11875610868805
2,12,13.0,0,33,38,-2.2092182591962803
2,12,13.0,0,34,38,-2.4202775222157307
2,12,13.0,0,35,39,-1.3500126432808024
2,12,13.0,0,36,39,-1.3312173572295158
2,12,13.0,0,37,38,-2.108663598050068
2,12,13.0,0,38,36,-4.178139681115116
2,12,13.0,0,38,37,-2.4455648211628045
2,13,14.0,0,4,31,-2.0134341395051933
2,13,14.0,0,4,32,-1.2427365014708585
2,13,14.0,0,5,32,-1.9149359543336004
2,13,14.0,0,6,33,-1.7117487731234746
2,13,14.0,0,7,33,-2.0325559062445677
2,13,14.0,0,8,33,-2.5008231990560716
2,13,14.0,0,9,33,-3.3019316876244034
2,13,14.0,0,10,34,-2.5890615443020124
2,13,14.0,0,11,34,-2.9162236559376993
2,13,14.0,0,12,34,-3.238137225929563
2,13,14.0,0,13,34,-3.5654718639148086
2,13,14.0,0,14,34,-4.249570897656184
2,13,14.0,0,15,35,-2.847253613605176
2,13,14.0,0,16,35,-2.9859359963551526
2,13,14.0,0,17,35,-3.2011963175139897
2,13,14.0,0,18,35,-3.6392786523174436
2,13,14.0,0,19,36,-2.2275309007923028
2,13,14.0,0,20,36,-2.13140447291174
2,13,14.0,0,21,36,-1.9772688288254017
2,13,14.0,0,22,36,-2.1986778567031493
2,13,14.0,0,23,37,-1.5955330247032364
2,13,14.0,0,24,37,-1.7933688618855967
2,13,14.0,0,25,37,-2.0230304697586163
2,13,14.0,0,26,37,-2.3039058450005925
2,13,14.0,0,27,37,-2.7976095853782468
2,13,14.0,0,28,38,-1.768577468953623
2,13,14.0,0,29,38,-1.8982190661741214
2,13,14.0,0,30,38,-2.0021995780350323
2,13,14.0,0,31,38,-2.0677573500970183
2,13,14.0,0,32,38,-2.122635166911433
2,13,14.0,0,33,38,-2.2130762642468014
2,13,14.0,0,34,38,-2.424297120195103
2,13,14.0,0,35,39,-1.3536998216851153
2,13,14.0,0,36,39,-1.3350607390228326
2,13,14.0,0,37,38,-2.11269933179884
2,13,14.0,0,38,36,-4.182148497695181
2,13,14.0,0,38,37,-2.449431594103732
2,14,15.0,0,4,31,-1.963782838822965
2,14,15.0,0,4,32,-1.1745210434202136
2,14,15.0,0,5,32,-1.8583204021642814
2,14,15.0,0,6,33,-1.6480475798142606
2,14,15.0,0,7,33,-1.9741974079606734
2,14,15.0,0,8,33,-2.448546635635637
2,14,15.0,0,9,33,-3.258973386121056
2,14,15.0,0,10,34,-2.537716213741703
2,14,15.0,0,11,34,-2.869443561676519
2,14,15.0,0,12,34,-3.196181184697764
2,14,15.0,0,13,34,-3.529318072198919
2,14,15.0,0,14,34,-4.2224289664088985
2,14,15.0,0,15,35,-2.8158809329986525
2,14,15.0,0,16,35,-2.9602845818577066
2,14,15.0,0,17,35,-3.1811267872103883
2,14,15.0,0,18,35,-3.626354015978137
2,14,15.0,0,19,36,-2.2150678364856304
2,14,15.0,0,20,36,-2.12368237948796
2,14,15.0,0,21,36,-1.973770007446987
2,14,15.0,0,22,36,-2.1975531003462834
2,14,15.0,0,23,37,-1.5939688329667803
2,14,15.0,0,24,37,-1.7919888640866404
2,14,15.0,0,25,37,-2.021886071416084
2,14,15.0,0,26,37,-2.3030771035085635
2,14,15.0,0,27,37,-2.7973327712502254
2,14,15.0,0,28,38,-1.7678352184414479
2,14,15.0,0,29,38,-1.8976596929407918
2,14,15.0,0,30,38,-2.0018382514036617
2,14,15.0,0,31,38,-2.067596580218993
2,14,15.0,0,32,38,-2.122576665254428
2,14,15.0,0,33,38,-2.2130710988449174
2,14,15.0,0,34,38,-2.4245370812332325
2,14,15.0,0,35,39,-1.3536681390418863
2,14,15.0,0,36,39,-1.335243659958568
2,14,15.0,0,37,38,-2.1131632877217825
2,14,15.0,0,38,36,-4.1826584539896565
2,14,15.0,0,38,37,-2.4497841604512907
2,15,16.0,0,4,31,-1.9142551802958678
2,15,16.0,0,4,32,-1.114592333596761
2,15,16.0,0,5,32,-1.8033806057202355
2,15,16.0,0,6,33,-1.5871581850003054
2,15,16.0,0,7,33,-1.9172038946229577
2,15,16.0,0,8,33,-2.3961913146303573
2,15,16.0,0,9,33,-3.212781090448516
2,15,16.0,0,10,34,-2.484720469874503
2,15,16.0,0,11,34,-2.8203459265661195
2,15,16.0,0,12,34,-3.1516172623396415
2,15,16.0,0,13,34,-3.490242747267132
2,15,16.0,0,14,34,-4.190972151048754
2,15,16.0,0,15,35,-2.7813913027288777
2,15,16.0,0,16,35,-2.9313062704019615
2,15,16.0,0,17,35,-3.1575156125450974
2,15,16.0,0,18,35,-3.6096008407278077
2,15,16.0,0,19,36,-2.199249884954938
2,15,16.0,0,20,36,-2.112899163612852
2,15,16.0,0,21,36,-1.9677481569785655
2,15,16.0,0,22,36,-2.1943486060317525
2,15,16.0,0,23,37,-1.590389403726327
2,15,16.0,0,24,37,-1.788656588194847
2,15,16.0,0,25,37,-2.018841004233323
2,15,16.0,0,26,37,-2.3003949791382254
2,15,16.0,0,27,37,-2.7952670991229738
2,15,16.0,0,28,38,-1.7653683140322016
2,15,16.0,0,29,38,-1.8954348319939527
2,15,16.0,0,30,38,-1.9998670453174867
2,15,16.0,0,31,38,-2.0658807300949213
2,15,16.0,0,32,38,-2.1210059645518022
2,15,16.0,0,33,38,-2.2115822389225777
2,15,16.0,0,34,38,-2.4233274406252363
2,15,16.0,0,35,39,-1.3522061059582136
2,15,16.0,0,36,39,-1.3340066120700378
2,15,16.0,0,37,38,-2.112246746205237
2,15,16.0,0,38,36,-4.181815350397397
2,15,16.0,0,38,37,-2.4487704515382696
2,16,17.0,0,4,31,-1.8781956964174356
2,16,17.0,0,4,32,-1.073445916783328
2,16,17.0,0,5,32,-1.7625553571343175
2,16,17.0,0,6,33,-1.5415332951897653
2,16,17.0,0,7,33,-1.8740837631400495
2,16,17.0,0,8,33,-2.356275048517489
2,16,17.0,0,9,33,-3.1763171329401985
2,16,17.0,0,10,34,-2.442821219440816
2,16,17.0,0,11,34,-2.7813652861999003
2,16,17.0,0,12,34,-3.116261855956168
2,16,17.0,0,13,34,-3.459214188697274
2,16,17.0,0,14,34,-4.165470751975846
2,16,17.0,0,15,35,-2.753108256017896
2,16,17.0,0,16,35,-2.9073898132726583
2,16,17.0,0,17,35,-3.1378395146467426
2,16,17.0,0,18,35,-3.5954649364616387
2,16,17.0,0,19,36,-2.1854423758580737
2,16,17.0,0,20,36,-2.1032885006214315
2,16,17.0,0,21,36,-1.9622182208088148
2,16,17.0,0,22,36,-2.191388642071871
2,16,17.0,0,23,37,-1.5870335882017628
2,16,17.0,0,24,37,-1.7855362107370638
2,16,17.0,0,25,37,-2.0159853934165355
2,16,17.0,0,26,37,-2.2978759400841824
2,16,17.0,0,27,37,-2.793350071149618
2,16,17.0,0,28,38,-1.7630364167051766
2,16,17.0,0,29,38,-1.8933308230896628
2,16,17.0,0,30,38,-1.9979987882307668
2,16,17.0,0,31,38,-2.06424910044111
2,16,17.0,0,32,38,-2.119510610565097
2,16,17.0,0,33,38,-2.210167636763181
2,16,17.0,0,34,38,-2.422194646823481
2,16,17.0,0,35,39,-1.3508120545385545
2,16,17.0,0,36,39,-1.3328197187236626
2,16,17.0,0,37,38,-2.111388392055499
2,16,17.0,0,38,36,-4.181028749556802
2,16,17.0,0,38,37,-2.4478015526916366
2,17,18.0,0,4,31,-1.843031734382862
2,17,18.0,0,4,32,-1.0371504355433672
2,17,18.0,0,5,32,-1.7236994739837428
2,17,18.0,0,6,33,-1.499214730588733
2,17,18.0,0,7,33,-1.833417523988203
2,17,18.0,0,8,33,-2.31789984024914
2,17,18.0,0,9,33,-3.139581123850405
2,17,18.0,0,10,34,-2.402323700133252
2,17,18.0,0,11,34,-2.743236376683967
2,17,18.0,0,12,34,-3.0814422395265524
2,17,18.0,0,13,34,-3.42837252194289
2,17,18.0,0,14,34,-4.139034169303841
2,17,18.0,0,15,35,-2.7249420915051417
2,17,18.0,0,16,35,-2.883237575206749
2,17,18.0,0,17,35,-3.1176126861788873
2,17,18.0,0,18,35,-3.580237971793622
2,17,18.0,0,19,36,-2.170736233911015
2,17,18.0,0,20,36,-2.0926691677362754
2,17,18.0,0,21,36,-1.955691307040233
2,17,18.0,0,22,36,-2.1875234848566336
2,17,18.0,0,23,37,-1.5828016832414207
2,17,18.0,0,24,37,-1.7815650347479135
2,17,18.0,0,25,37,-2.0122935801707698
2,17,18.0,0,26,37,-2.294531001385046
2,17,18.0,0,27,37,-2.7906244955150115
2,17,18.0,0,28,38,-1.7599274140716261
2,17,18.0,0,29,38,-1.8904718126894267
2,17,18.0,0,30,38,-1.9953936481804817
2,17,18.0,0,31,38,-2.061897835533678
2,17,18.0,0,32,38,-2.1173118828963666
2,17,18.0,0,33,38,-2.208062779409005
2,17,18.0,0,34,38,-2.4203859165972545
2,17,18.0,0,35,39,-1.348750265644611
2,17,18.0,0,36,39,-1.3309611489750566
2,17,18.0,0,37,38,-2.1098781365833723
2,17,18.0,0,38,36,-4.17960319499678
2,17,18.0,0,38,37,-2.4461838027716283
2,18,19.0,0,4,31,-1.8154673636989287
2,18,19.0,0,4,32,-1.010868125663194
2,18,19.0,0,5,32,-1.6931095779836483
2,18,19.0,0,6,33,-1.4661455497931684
2,18,19.0,0,7,33,-1.8011946506542245
2,18,19.0,0,8,33,-2.287082384262817
2,18,19.0,0,9,33,-3.1089692539150064
2,18,19.0,0,10,34,-2.3692099745565542
2,18,19.0,0,11,34,-2.7118291932624174
2,18,19.0,0,12,34,-3.052726222819615
2,18,19.0,0,13,34,-3.4028784243601535
2,18,19.0,0,14,34,-4.116613325064236
2,18,19.0,0,15,35,-2.7012659283701055
2,18,19.0,0,16,35,-2.8627919429971485
2,18,19.0,0,17,35,-3.1003565610361647
2,18,19.0,0,18,35,-3.5670076266794695
2,18,19.0,0,19,36,-2.157710921660154
2,18,19.0,0,20,36,-2.0830969653183615
2,18,19.0,0,21,36,-1.9496531283039076
2,18,19.0,0,22,36,-2.1839049449078303
2,18,19.0,0,23,37,-1.578804556263563
2,18,19.0,0,24,37,-1.7778170867873015
2,18,19.0,0,25,37,-2.0088036603037054
2,18,19.0,0,26,37,-2.2913625999618716
2,18,19.0,0,27,37,-2.7880530679442614
2,18,19.0,0,28,38,-1.756966380995891
2,18,19.0,0,29,38,-1.887746842913856
2,18,19.0,0,30,38,-1.9929046629169207
2,18,19.0,0,31,38,-2.05964395276537
2,18,19.0,0,32,38,-2.115201247641732
2,18,19.0,0,33,38,-2.2060443582581044
2,18,19.0,0,34,38,-2.4186616261728737
2,18,19.0,0,35,39,-1.3467676867144291
2,18,19.0,0,36,39,-1.329164463045494
2,18,19.0,0,37,38,-2.1084331331008848
2,18,19.0,0,38,36,-4.178241503608255
2,18,19.0,0,38,37,-2.4446214414161744
2,19,20.0,0,4,31,-1.7931812800651414
2,19,20.0,0,4,32,-0.9912654841399444
2,19,20.0,0,5,32,-1.6684221576940672
2,19,20.0,0,6,33,-1.4397923881572297
2,19,20.0,0,7,33,-1.7751277628868252
2,19,20.0,0,8,33,-2.2617744636754082
2,19,20.0,0,9,33,-3.082941995630108
2,19,20.0,0,10,34,-2.3417463014491204
2,19,20.0,0,11,34,-2.685567730645971
2,19,20.0,0,12,34,-3.0286696088053304
2,19,20.0,0,13,34,-3.381465795866518
2,19,20.0,0,14,34,-4.097297414840682
2,19,20.0,0,15,35,-2.6811773874513563
2,19,20.0,0,16,35,-2.8453234204716864
2,19,20.0,0,17,35,-3.08551732887463
2,19,20.0,0,18,35,-3.5554120274144907
2,19,20.0,0,19,36,-2.1461265006716843
2,19,20.0,0,20,36,-2.074447303794031
2,19,20.0,0,21,36,-1.94406414147317
2,19,20.0,0,22,36,-2.1805134737329652
2,19,20.0,0,23,37,-1.575026431249647
2,19,20.0,0,24,37,-1.7742777265621825
2,19,20.0,0,25,37,-2.0055030843768478
2,19,20.0,0,26,37,-2.2883604861851623
2,19,20.0,0,27,37,-2.785624476739855
2,19,20.0,0,28,38,-1.7541447824229195
2,19,20.0,0,29,38,-1.8851486506050534
2,19,20.0,0,30,38,-1.990525950951593
2,19,20.0,0,31,38,-2.057482938141071
2,19,20.0,0,32,38,-2.1131747731255714
2,19,20.0,0,33,38,-2.2041084940222504
2,19,20.0,0,34,38,-2.417016641704734
2,19,20.0,0,35,39,-1.3448604523373504
2,19,20.0,0,36,39,-1.327427141925611
2,19,20.0,0,37,38,-2.1070494618458753
2,19,20.0,0,38,36,-4.176940212526645
2,19,20.0,0,38,37,-2.4431122998957377
2,20,21.0,0,4,31,-1.7827364648308617
2,20,21.0,0,4,32,-0.9835899026087986
2,20,21.0,0,5,32,-1.6556846498477285
2,20,21.0,0,6,33,-1.4258302544747607
2,20,21.0,0,7,33,-1.7609550662268703
2,20,21.0,0,8,33,-2.247773109143054
2,20,21.0,0,9,33,-3.0676199416641907
2,20,21.0,0,10,34,-2.3255363639114535
2,20,21.0,0,11,34,-2.6699795172962126
2,20,21.0,0,12,34,-3.014535243268597
2,20,21.0,0,13,34,-3.3690260887505588
2,20,21.0,0,14,34,-4.085803465275092
2,20,21.0,0,15,35,-2.6687338690564673
2,20,21.0,0,16,35,-2.8345037091302743
2,20,21.0,0,17,35,-3.076377538345497
2,20,21.0,0,18,35,-3.5483670670137712
2,20,21.0,0,19,36,-2.138386835258231
2,20,21.0,0,20,36,-2.0686496982102938
2,20,21.0,0,21,36,-1.9403375780678829
2,20,21.0,0,22,36,-2.178460752330878
2,20,21.0,0,23,37,-1.572536729469455
2,20,21.0,0,24,37,-1.7719817533171707
2,20,21.0,0,25,37,-2.003393713648258
2,20,21.0,0,26,37,-2.286494405087943
2,20,21.0,0,27,37,-2.7842740435213713
2,20,21.0,0,28,38,-1.7523585874281409
2,20,21.0,0,29,38,-1.883539499639177
2,20,21.0,0,30,38,-1.9890864091218319
2,20,21.0,0,31,38,-2.056210336426215
2,20,21.0,0,32,38,-2.1120039682693132
2,20,21.0,0,33,38,-2.203012598703104
2,20,21.0,0,34,38,-2.4161940092531857
2,20,21.0,0,35,39,-1.3437570960735883
2,20,21.0,0,36,39,-1.326466442779381
2,20,21.0,0,37,38,-2.1064298036322775
2,20,21.0,0,38,36,-4.176388294176817
2,20,21.0,0,38,37,-2.442346122410221
2,21,22.0,0,4,31,-1.7654980281886878
2,21,22.0,0,4,32,-0.9697160292116109
2,21,22.0,0,5,32,-1.637079687760206
2,21,22.0,0,6,33,-1.4066394800352668
2,21,22.0,0,7,33,-1.7415268465685472
2,21,22.0,0,8,33,-2.2284149263892346
2,21,22.0,0,9,33,-3.0468578354545457
2,21,22.0,0,10,34,-2.3047839542613815
2,21,22.0,0,11,34,-2.649844974138091
2,21,22.0,0,12,34,-2.995988302275748
2,21,22.0,0,13,34,-3.3524284599800467
2,21,22.0,0,14,34,-4.0702611791392656
2,21,22.0,0,15,35,-2.6532599065480156
2,21,22.0,0,16,35,-2.820896765594057
2,21,22.0,0,17,35,-3.0647346592316467
2,21,22.0,0,18,35,-3.538957638414928
2,21,22.0,0,19,36,-2.1288895204242237
2,21,22.0,0,20,36,-2.061390543915138
2,21,22.0,0,21,36,-1.935467067165085
2,21,22.0,0,22,36,-2.1754308253754147
2,21,22.0,0,23,37,-1.5691127274237004
2,21,22.0,0,24,37,-1.7687807716963277
2,21,22.0,0,25,37,-2.000401636794095
2,21,22.0,0,26,37,-2.283764351690259
2,21,22.0,0,27,37,-2.7820733988202306
2,21,22.0,0,28,38,-1.7497637495058527
2,21,22.0,0,29,38,-1.881148418924731
2,21,22.0,0,30,38,-1.9868881874523368
2,21,22.0,0,31,38,-2.054201383539052
2,21,22.0,0,32,38,-2.1101152411160626
2,21,22.0,0,33,38,-2.2012120628880574
2,21,22.0,0,34,38,-2.414676478470792
2,21,22.0,0,35,39,-1.341971724865349
2,21,22.0,0,36,39,-1.3248247854202155
2,21,22.0,0,37,38,-2.105143756389868
2,21,22.0,0,38,36,-4.175184624434717
2,21,22.0,0,38,37,-2.440923103400685
2,22,23.0,0,4,31,-1.758865345823608
2,22,23.0,0,4,32,-0.966116105000367
2,22,23.0,0,5,32,-1.6291039556016358
2,22,23.0,0,6,33,-1.3982049637305067
2,22,23.0,0,7,33,-1.7325222770179494
2,22,23.0,0,8,33,-2.2190705579408245
2,22,23.0,0,9,33,-3.0358314123466243
2,22,23.0,0,10,34,-2.2939283282840393
2,22,23.0,0,11,34,-2.6391692654862027
2,22,23.0,0,12,34,-2.986250123278751
2,22,23.0,0,13,34,-3.3438149260453542
2,22,23.0,0,14,34,-4.061850448290556
2,22,23.0,0,15,35,-2.6445978915089086
2,22,23.0,0,16,35,-2.8132499251540537
2,22,23.0,0,17,35,-3.0582306086689357
2,22,23.0,0,18,35,-3.533737215007676
2,22,23.0,0,19,36,-2.122959652771655
2,22,23.0,0,20,36,-2.056821852294874
2,22,23.0,0,21,36,-1.9323987657795243
2,22,23.0,0,22,36,-2.1737113426411057
2,22,23.0,0,23,37,-1.5669537885113698
2,22,23.0,0,24,37,-1.7668010121380604
2,22,23.0,0,25,37,-1.9985815892822458
2,22,23.0,0,26,37,-2.2821543462023257
2,22,23.0,0,27,37,-2.780934437300729
2,22,23.0,0,28,38,-1.7481913931914832
2,22,23.0,0,29,38,-1.8797351007123453
2,22,23.0,0,30,38,-1.9856199535057115
2,22,23.0,0,31,38,-2.0530737480968853
2,22,23.0,0,32,38,-2.1090759984509617
2,22,23.0,0,33,38,-2.200245327726172
2,22,23.0,0,34,38,-2.4139735691954094
2,22,23.0,0,35,39,-1.3409842829734764
2,22,23.0,0,36,39,-1.3239558196948948
2,22,23.0,0,37,38,-2.104615781316518
2,22,23.0,0,38,36,-4.174725027083451
2,22,23.0,0,38,37,-2.4402396467577603
2,23,24.0,0,4,31,-1.7445407348789104
2,23,24.0,0,4,32,-0.9552090198172891
2,23,24.0,0,5,32,-1.6142613915094444
2,23,24.0,0,6,33,-1.3833367803915166
2,23,24.0,0,7,33,-1.7171808975613203
2,23,24.0,0,8,33,-2.2034281549900356
2,23,24.0,0,9,33,-3.0186259539091225
2,23,24.0,0,10,34,-2.277494128271371
2,23,24.0,0,11,34,-2.6230226920580435
2,23,24.0,0,12,34,-2.9712592937912063
2,23,24.0,0,13,34,-3.330301493507818
2,23,24.0,0,14,34,-4.048863384842548
2,23,24.0,0,15,35,-2.6322454896981924
2,23,24.0,0,16,35,-2.8022706436561577
2,23,24.0,0,17,35,-3.048774737466573
2,23,24.0,0,18,35,-3.5258616709902526
2,23,24.0,0,19,36,-2.1150376274295866
2,23,24.0,0,20,36,-2.0506508295205066
2,23,24.0,0,21,36,-1.9281310092236907
2,23,24.0,0,22,36,-2.1709887792472458
2,23,24.0,0,23,37,-1.5638389660058678
2,23,24.0,0,24,37,-1.763895631542745
2,23,24.0,0,25,37,-1.9958609134958323
2,23,24.0,0,26,37,-2.2796653133030915
2,23,24.0,0,27,37,-2.7789301597171203
2,23,24.0,0,28,38,-1.745798324463152
2,23,24.0,0,29,38,-1.8775292218161042
2,23,24.0,0,30,38,-1.9835843477445891
2,23,24.0,0,31,38,-2.0512030106402293
2,23,24.0,0,32,38,-2.1073129387564684
2,23,24.0,0,33,38,-2.1985680579720217
2,23,24.0,0,34,38,-2.41256856438228
2,23,24.0,0,35,39,-1.3393092156050805
2,23,24.0,0,36,39,-1.3224021469391225
2,23,24.0,0,37,38,-2.1034158733523327
2,23,24.0,0,38,36,-4.173608700247435
2,23,24.0,0,38,37,-2.4388960929455337
2,24,25.0,0,4,31,-1.7320789004322137
2,24,25.0,0,4,32,-0.9464184200072054
2,24,25.0,0,5,32,-1.601677949992336
2,24,25.0,0,6,33,-1.3709058029558037
2,24,25.0,0,7,33,-1.704143427116719
2,24,25.0,0,8,33,-2.18990125027085
2,24,25.0,0,9,33,-3.0034122133861842
2,24,25.0,0,10,34,-2.2632896914591925
2,24,25.0,0,11,34,-2.6089509032876776
2,24,25.0,0,12,34,-2.9581234231533813
2,24,25.0,0,13,34,-3.318393200236926
2,24,25.0,0,14,34,-4.037223788992009
2,24,25.0,0,15,35,-2.62142659560908
2,24,25.0,0,16,35,-2.7925787801896718
2,24,25.0,0,17,35,-3.0403736699601893
2,24,25.0,0,18,35,-3.5187378095225483
2,24,25.0,0,19,36,-2.107879997925039
2,24,25.0,0,20,36,-2.045009361021428
2,24,25.0,0,21,36,-1.9241644004386274
2,24,25.0,0,22,36,-2.1684234825857516
2,24,25.0,0,23,37,-1.56088527884571
2,24,25.0,0,24,37,-1.7611438838577698
2,24,25.0,0,25,37,-1.9932819268525392
2,24,25.0,0,26,37,-2.2773027424686774
2,24,25.0,0,27,37,-2.7770280298881005
2,24,25.0,0,28,38,-1.7435125260290505
2,24,25.0,0,29,38,-1.875421972175495
2,24,25.0,0,30,38,-1.9816360371797188
2,24,25.0,0,31,38,-2.04940732742806
2,24,25.0,0,32,38,-2.105618489398285
2,24,25.0,0,33,38,-2.196957835921747
2,24,25.0,0,34,38,-2.411223654774389
2,24,25.0,0,35,39,-1.3376946062184345
2,24,25.0,0,36,39,-1.3208979295386953
2,24,25.0,0,37,38,-2.102262524371053
2,24,25.0,0,38,36,-4.172539545184993
2,24,25.0,0,38,37,-2.4375971654175324
2,25,26.0,0,4,31,-1.7209633653780543
2,25,26.0,0,4,32,-0.9391176894436626
2,25,26.0,0,5,32,-1.5907804894433752
2,25,26.0,0,6,33,-1.3603365633330213
2,25,26.0,0,7,33,-1.6928912187761966
2,25,26.0,0,8,33,-2.178035115835371
2,25,26.0,0,9,33,-2.9898027361614936
2,25,26.0,0,10,34,-2.2508770915438276
2,25,26.0,0,11,34,-2.596558036702561
2,25,26.0,0,12,34,-2.9464902452616
2,25,26.0,0,13,34,-3.3077871199186575
2,25,26.0,0,14,34,-4.02669838292735
2,25,26.0,0,15,35,-2.6118780743856576
2,25,26.0,0,16,35,-2.783961006632495
2,25,26.0,0,17,35,-3.0328572613670133
2,25,26.0,0,18,35,-3.512252530177534
2,25,26.0,0,19,36,-2.10139124757697
2,25,26.0,0,20,36,-2.039839168574346
2,25,26.0,0,21,36,-1.920473756444828
2,25,26.0,0,22,36,-2.166003611771579
2,25,26.0,0,23,37,-1.5580825622992478
2,25,26.0,0,24,37,-1.758535991579599
2,25,26.0,0,25,37,-1.990836015039342
2,25,26.0,0,26,37,-2.2750592855089664
2,25,26.0,0,27,37,-2.7752210643919497
2,25,26.0,0,28,38,-1.7413281486285541
2,25,26.0,0,29,38,-1.8734081171991193
2,25,26.0,0,30,38,-1.9797706800966708
2,25,26.0,0,31,38,-2.047683267365681
2,25,26.0,0,32,38,-2.1039896326671403
2,25,26.0,0,33,38,-2.1954116414896205
2,25,26.0,0,34,38,-2.409935384275979
2,25,26.0,0,35,39,-1.3361376530624796
2,25,26.0,0,36,39,-1.3194412205791473
2,25,26.0,0,37,38,-2.101153061007988
2,25,26.0,0,38,36,-4.171515112066622
2,25,26.0,0,38,37,-2.4363411563589814
2,26,27.0,0,4,31,-1.718928110270042
2,26,27.0,0,4,32,-0.9402811543768621
2,26,27.0,0,5,32,-1.588793311721986
2,26,27.0,0,6,33,-1.358637980756498
2,26,27.0,0,7,33,-1.6903618006784882
2,26,27.0,0,8,33,-2.1746990334668226
2,26,27.0,0,9,33,-2.98468790274336
2,26,27.0,0,10,34,-2.246793098197543
2,26,27.0,0,11,34,-2.592214115852755
2,26,27.0,0,12,34,-2.942403825248334
2,26,27.0,0,13,34,-3.304068163598515
2,26,27.0,0,14,34,-4.022483481229415
2,26,27.0,0,15,35,-2.608142803626464
2,26,27.0,0,16,35,-2.7804843339210663
2,26,27.0,0,17,35,-3.0298112566266298
2,26,27.0,0,18,35,-3.509516477990587
2,26,27.0,0,19,36,-2.0980937281175187
2,26,27.0,0,20,36,-2.037127397743916
2,26,27.0,0,21,36,-1.9184860153642873
2,26,27.0,0,22,36,-2.1648478223639245
2,26,27.0,0,23,37,-1.556505361733329
2,26,27.0,0,24,37,-1.7571112751786018
2,26,27.0,0,25,37,-1.9895287085591207
2,26,27.0,0,26,37,-2.273907441197096
2,26,27.0,0,27,37,-2.774448516716774
2,26,27.0,0,28,38,-1.7401436441585076
2,26,27.0,0,29,38,-1.8723518355524362
2,26,27.0,0,30,38,-1.9788186287451168
2,26,27.0,0,31,38,-2.0468274048657626
2,26,27.0,0,32,38,-2.103198746684221
2,26,27.0,0,33,38,-2.19468771429505
2,26,27.0,0,34,38,-2.4094483508444
2,26,27.0,0,35,39,-1.3353678859735574
2,26,27.0,0,36,39,-1.318749820814741
2,26,27.0,0,37,38,-2.1007913247327856
2,26,27.0,0,38,36,-4.171225319941541
2,26,27.0,0,38,37,-2.4358182491975597
2,27,28.0,0,4,31,-1.7161959095379302
2,27,28.0,0,4,32,-0.9402904660067293
2,27,28.0,0,5,32,-1.5863076302845798
2,27,28.0,0,6,33,-1.3565345526325814
2,27,28.0,0,7,33,-1.6875437570711256
2,27,28.0,0,8,33,-2.1711602377200734
2,27,28.0,0,9,33,-2.9796219128406847
2,27,28.0,0,10,34,-2.242790450764346
2,27,28.0,0,11,34,-2.587980283971717
2,27,28.0,0,12,34,-2.9384055335706307
2,27,28.0,0,13,34,-3.3004234882156993
2,27,28.0,0,14,34,-4.0184273028580435
2,27,28.0,0,15,35,-2.604669510963646
2,27,28.0,0,16,35,-2.777255123276632
2,27,28.0,0,17,35,-3.026996321391465
2,27,28.0,0,18,35,-3.5069701196225367
2,27,28.0,0,19,36,-2.0950866409358895
2,27,28.0,0,20,36,-2.034648593113147
2,27,28.0,0,21,36,-1.916657803236646
2,27,28.0,0,22,36,-2.1637759871474884
2,27,28.0,0,23,37,-1.555019605283043
2,27,28.0,0,24,37,-1.7557739603261453
2,27,28.0,0,25,37,-1.9883031055417604
2,27,28.0,0,26,37,-2.2728292273210826
2,27,28.0,0,27,37,-2.7737312675080545
2,27,28.0,0,28,38,-1.7390211932098083
2,27,28.0,0,29,38,-1.871353076301844
2,27,28.0,0,30,38,-1.9779178731255485
2,27,28.0,0,31,38,-2.0460157948491897
2,27,28.0,0,32,38,-2.102448321940507
2,27,28.0,0,33,38,-2.194003364112774
2,27,28.0,0,34,38,-2.4089945625744456
2,27,28.0,0,35,39,-1.334632523019021
2,27,28.0,0,36,39,-1.3180863265503575
2,27,28.0,0,37,38,-2.100454333369978
2,27,28.0,0,38,36,-4.170962153102256
2,27,28.0,0,38,37,-2.4353208766356573
2,28,29.0,0,4,31,-1.713076025972157
2,28,29.0,0,4,32,-0.939612335195875
2,28,29.0,0,5,32,-1.5836297541850968
2,28,29.0,0,6,33,-1.3542677241233605
2,28,29.0,0,7,33,-1.684648944244202
2,28,29.0,0,8,33,-2.167609193796295
2,28,29.0,0,9,33,-2.9747474018942626
2,28,29.0,0,10,34,-2.2389506092166584
2,28,29.0,0,11,34,-2.583931586208564
2,28,29.0,0,12,34,-2.9345646049920333
2,28,29.0,0,13,34,-3.296911061386538
2,28,29.0,0,14,34,-4.0145733919640065
2,28,29.0,0,15,35,-2.6014529672494007
2,28,29.0,0,16,35,-2.774263036846463
2,28,29.0,0,17,35,-3.02439317519557
2,28,29.0,0,18,35,-3.504600795379446
2,28,29.0,0,19,36,-2.092341377022592
2,28,29.0,0,20,36,-2.0323791713035035
2,28,29.0,0,21,36,-1.91497519810693
2,28,29.0,0,22,36,-2.162781814255176
2,28,29.0,0,23,37,-1.5536196450558108
2,28,29.0,0,24,37,-1.754518455675047
2,28,29.0,0,25,37,-1.987154181393315
2,28,29.0,0,26,37,-2.2718202435624093
2,28,29.0,0,27,37,-2.773065579214034
2,28,29.0,0,28,38,-1.7379574319135145
2,28,29.0,0,29,38,-1.8704087231815905
2,28,29.0,0,30,38,-1.9770658019887861
2,28,29.0,0,31,38,-2.0452463598858692
2,28,29.0,0,32,38,-2.1017365308093012
2,28,29.0,0,33,38,-2.1933567363107045
2,28,29.0,0,34,38,-2.4085720642055293
2,28,29.0,0,35,39,-1.3339299272706775
2,28,29.0,0,36,39,-1.3174495907088648
2,28,29.0,0,37,38,-2.1001405673531828
2,28,29.0,0,38,36,-4.170724191898032
2,28,29.0,0,38,37,-2.434848022675915
2,29,30.0,0,4,31,-1.709733921765178
2,29,30.0,0,4,32,-0.9385343364667733
2,29,30.0,0,5,32,-1.5809120898018136
2,29,30.0,0,6,33,-1.3519741407206993
2,29,30.0,0,7,33,-1.681797146928261
2,29,30.0,0,8,33,-2.16415481105912
2,29,30.0,0,9,33,-2.970131034740348
2,29,30.0,0,10,34,-2.235314505979545
2,29,30.0,0,11,34,-2.5801055105581554
2,29,30.0,0,12,34,-2.930918301920258
2,29,30.0,0,13,34,-3.293564107180032
2,29,30.0,0,14,34,-4.010940760164431
2,29,30.0,0,15,35,-2.5984812546468277
2,29,30.0,0,16,35,-2.7714949850700066
2,29,30.0,0,17,35,-3.021984534227272
2,29,30.0,0,18,35,-3.5023961838714115
2,29,30.0,0,19,36,-2.0898322480873617
2,29,30.0,0,20,36,-2.030298402762142
2,29,30.0,0,21,36,-1.913425581056437
2,29,30.0,0,22,36,-2.1618595210435814
2,29,30.0,0,23,37,-1.552300228068603
2,29,30.0,0,24,37,-1.7533395600893797
2,29,30.0,0,25,37,-1.98607723639401
2,29,30.0,0,26,37,-2.270876358238546
2,29,30.0,0,27,37,-2.77244800467777
2,29,30.0,0,28,38,-1.7369492036094556
2,29,30.0,0,29,38,-1.8695158409748416
2,29,30.0,0,30,38,-1.9762599430617556
2,29,30.0,0,31,38,-2.044517123538917
2,29,30.0,0,32,38,-2.1010616308601264
2,29,30.0,0,33,38,-2.1927460631633693
2,29,30.0,0,34,38,-2.408179029952734
2,29,30.0,0,35,39,-1.3332585515121735
2,29,30.0,0,36,39,-1.3168385185057545
2,29,30.0,0,37,38,-2.0998486082715146
2,29,30.0,0,38,36,-4.170510100558033
2,29,30.0,0,38,37,-2.4343987141623664
2,30,31.0,0,4,31,-1.6981755191280286
2,30,31.0,0,4,32,-0.929833364119645
2,30,31.0,0,5,32,-1.5706187325571364
2,30,31.0,0,6,33,-1.3423098513864034
2,30,31.0,0,7,33,-1.671741679908905
2,30,31.0,0,8,33,-2.1536567712155374
2,30,31.0,0,9,33,-2.9586277062421686
2,30,31.0,0,10,34,-2.225031063731933
2,30,31.0,0,11,34,-2.5698457326689095
2,30,31.0,0,12,34,-2.9211716812915256
2,30,31.0,0,13,34,-3.2845836330952807
2,30,31.0,0,14,34,-4.00215976256942
2,30,31.0,0,15,35,-2.590987272060545
2,30,31.0,0,16,35,-2.764698600849698
2,30,31.0,0,17,35,-3.0160312020484525
2,30,31.0,0,18,35,-3.497142059907276
2,30,31.0,0,19,36,-2.0849323999726863
2,30,31.0,0,20,36,-2.026349845592449
2,30,31.0,0,21,36,-1.9105474902599084
2,30,31.0,0,22,36,-2.159874287838406
2,30,31.0,0,23,37,-1.5499724976748865
2,30,31.0,0,24,37,-1.751184014832944
2,30,31.0,0,25,37,-1.984054287053759
2,30,31.0,0,26,37,-2.269014279804942
2,30,31.0,0,27,37,-2.7709296863640276
2,30,31.0,0,28,38,-1.7350896143903256
2,30,31.0,0,29,38,-1.8678025510085305
2,30,31.0,0,30,38,-1.974663491375516
2,30,31.0,0,31,38,-2.043026365348801
2,30,31.0,0,32,38,-2.09964670514438
2,30,31.0,0,33,38,-2.1914085371921637
2,30,31.0,0,34,38,-2.407065931732493
2,30,31.0,0,35,39,-1.331884755120047
2,30,31.0,0,36,39,-1.3155324049415
2,30,31.0,0,37,38,-2.098870792922888
2,30,31.0,0,38,36,-4.1696263981733885
2,30,31.0,0,38,37,-2.4332801992448623
2,31,32.0,0,4,31,-1.6879780499380672
2,31,32.0,0,4,32,-0.9229428583599883
2,31,32.0,0,5,32,-1.5619188328878408
2,31,32.0,0,6,33,-1.3342899088434024
2,31,32.0,0,7,33,-1.6632504355880542
2,31,32.0,0,8,33,-2.144631930938317
2,31,32.0,0,9,33,-2.948476391586098
2,31,32.0,0,10,34,-2.2160957277611146
2,31,32.0,0,11,34,-2.560859861984568
2,31,32.0,0,12,34,-2.912581140496343
2,31,32.0,0,13,34,-3.2766104750717773
2,31,32.0,0,14,34,-3.9942399716440207
2,31,32.0,0,15,35,-2.5843382762593876
2,31,32.0,0,16,35,-2.7586147700348533
2,31,32.0,0,17,35,-3.0106461904322543
2,31,32.0,0,18,35,-3.492311872235092
2,31,32.0,0,19,36,-2.080452225797302
2,31,32.0,0,20,36,-2.022698073554494
2,31,32.0,0,21,36,-1.907852802388362
2,31,32.0,0,22,36,-2.157991409143733
2,31,32.0,0,23,37,-1.547757230548477
2,31,32.0,0,24,37,-1.7491346215492172
2,31,32.0,0,25,37,-1.9821305860313387
2,31,32.0,0,26,37,-2.267241846052734
2,31,32.0,0,27,37,-2.769480893382479
2,31,32.0,0,28,38,-1.7333085652286542
2,31,32.0,0,29,38,-1.8661616466391564
2,31,32.0,0,30,38,-1.9731323458545589
2,31,32.0,0,31,38,-2.0415931329501227
2,31,32.0,0,32,38,-2.0982849350242816
2,31,32.0,0,33,38,-2.190122491569955
2,31,32.0,0,34,38,-2.405996157380848
2,31,32.0,0,35,39,-1.3305574327599494
2,31,32.0,0,36,39,-1.3142658801569773
2,31,32.0,0,37,38,-2.0979265333046513
2,31,32.0,0,38,36,-4.1687777479379236
2,31,32.0,0,38,37,-2.432197584203845
2,32,33.0,0,4,31,-1.6786741403861924
2,32,33.0,0,4,32,-0.9172562374321842
2,32,33.0,0,5,32,-1.5543166713105734
2,32,33.0,0,6,33,-1.3274672083028918
2,32,33.0,0,7,33,-1.6559168482093014
2,32,33.0,0,8,33,-2.1367151411257055
2,32,33.0,0,9,33,-2.939363520580571
2,32,33.0,0,10,34,-2.208223103627006
2,32,33.0,0,11,34,-2.5528841226053487
2,32,33.0,0,12,34,-2.9049125539774536
2,32,33.0,0,13,34,-3.269446802025641
2,32,33.0,0,14,34,-3.987019682517513
2,32,33.0,0,15,35,-2.578387510938967
2,32,33.0,0,16,35,-2.753127123353181
2,32,33.0,0,17,35,-3.0057441951904025
2,32,33.0,0,18,35,-3.487846275425426
2,32,33.0,0,19,36,-2.076341876412755
2,32,33.0,0,20,36,-2.0193130854122217
2,32,33.0,0,21,36,-1.9053267266646827
2,32,33.0,0,22,36,-2.1562035597430054
2,32,33.0,0,23,37,-1.5456477134095294
2,32,33.0,0,24,37,-1.7471848949162663
2,32,33.0,0,25,37,-1.9803002591015044
2,32,33.0,0,26,37,-2.265553924184303
2,32,33.0,0,27,37,-2.7680972010041174
2,32,33.0,0,28,38,-1.7316019880345976
2,32,33.0,0,29,38,-1.8645894030802523
2,32,33.0,0,30,38,-1.9716633297598491
2,32,33.0,0,31,38,-2.0402148426660567
2,32,33.0,0,32,38,-2.096974020550128
2,32,33.0,0,33,38,-2.188885625761067
2,32,33.0,0,34,38,-2.404967360436835
2,32,33.0,0,35,39,-1.3292745439183626
2,32,33.0,0,36,39,-1.3130374419393256
2,32,33.0,0,37,38,-2.097014013142065
2,32,33.0,0,38,36,-4.167962412906345
2,32,33.0,0,38,37,-2.4311495265291043
2,33,34.0,0,4,31,-1.6618891757400434
2,33,34.0,0,4,32,-0.904981728567293
2,33,34.0,0,5,32,-1.539896575235332
2,33,34.0,0,6,33,-1.314120988167474
2,33,34.0,0,7,33,-1.642152082149721
2,33,34.0,0,8,33,-2.1224554546498666
2,33,34.0,0,9,33,-2.9239085824232234
2,33,34.0,0,10,34,-2.194337323059642
2,33,34.0,0,11,34,-2.5390545636951742
2,33,34.0,0,12,34,-2.891680943961717
2,33,34.0,0,13,34,-3.25712873532035
2,33,34.0,0,14,34,-3.9750064458136762
2,33,34.0,0,15,35,-2.568268673627557
2,33,34.0,0,16,35,-2.743905074232515
2,33,34.0,0,17,35,-2.9975318662702364
2,33,34.0,0,18,35,-3.480494490247821
2,33,34.0,0,19,36,-2.069954912406544
2,33,34.0,0,20,36,-2.014130202687582
2,33,34.0,0,21,36,-1.9015056982640175
2,33,34.0,0,22,36,-2.153374511597299
2,33,34.0,0,23,37,-1.5425537301237071
2,33,34.0,0,24,37,-1.7442803715210289
2,33,34.0,0,25,37,-1.9775442206411
2,33,34.0,0,26,37,-2.262966276102283
2,33,34.0,0,27,37,-2.76582884670961
2,33,34.0,0,28,38,-1.729062129904797
2,33,34.0,0,29,38,-1.8622131928285839
2,33,34.0,0,30,38,-1.9694189688110981
2,33,34.0,0,31,38,-2.0380891944995803
2,33,34.0,0,32,38,-2.094936511917595
2,33,34.0,0,33,38,-2.1869346226653334
2,33,34.0,0,34,38,-2.403229523059636
2,33,34.0,0,35,39,-1.3273019778068331
2,33,34.0,0,36,39,-1.3111259940432909
2,33,34.0,0,37,38,-2.0954251943200255
2,33,34.0,0,38,36,-4.166486532030174
2,33,34.0,0,38,37,-2.429442919160934
2,34,35.0,0,4,31,-1.6550458550132703
2,34,35.0,0,4,32,-0.9025890653365991
2,34,35.0,0,5,32,-1.5352044981416384
2,34,35.0,0,6,33,-1.310437302505136
2,34,35.0,0,7,33,-1.6378096000058235
2,34,35.0,0,8,33,-2.117363315277032
2,34,35.0,0,9,33,-2.9173709135953345
2,34,35.0,0,10,34,-2.189144186792987
2,34,35.0,0,11,34,-2.5336048008193757
2,34,35.0,0,12,34,-2.8863204110758716
2,34,35.0,0,13,34,-3.2519947115212062
2,34,35.0,0,14,34,-3.9694991102632002
2,34,35.0,0,15,35,-2.5640269660210606
2,34,35.0,0,16,35,-2.7398679208814656
2,34,35.0,0,17,35,-2.9938027175033426
2,34,35.0,0,18,35,-3.476903867821875
2,34,35.0,0,19,36,-2.066689568603863
2,34,35.0,0,20,36,-2.0113448745693745
2,34,35.0,0,21,36,-1.8993496000994128
2,34,35.0,0,22,36,-2.151797774541322
2,34,35.0,0,23,37,-1.5406787578088057
2,34,35.0,0,24,37,-1.7425511420885655
2,34,35.0,0,25,37,-1.9759202758515926
2,34,35.0,0,26,37,-2.2614652575300838
2,34,35.0,0,27,37,-2.764590936657605
2,34,35.0,0,28,38,-1.7275220116392944
2,34,35.0,0,29,38,-1.8607942127143389
2,34,35.0,0,30,38,-1.9680889900175487
2,34,35.0,0,31,38,-2.0368345229422964
2,34,35.0,0,32,38,-2.0937403367706153
2,34,35.0,0,33,38,-2.1858084509409785
2,34,35.0,0,34,38,-2.4022933945059712
2,34,35.0,0,35,39,-1.3261203583865537
2,34,35.0,0,36,39,-1.3099854507358977
2,34,35.0,0,37,38,-2.09458547437249
2,34,35.0,0,38,36,-4.165746631772066
2,34,35.0,0,38,37,-2.428474346299744
2,35,36.0,0,4,31,-1.6479933767893726
2,35,36.0,0,4,32,-0.8999119991615885
2,35,36.0,0,5,32,-1.5304595584427148
2,35,36.0,0,6,33,-1.3068264146197066
2,35,36.0,0,7,33,-1.6335953237888248
2,35,36.0,0,8,33,-2.1124473619880746
2,35,36.0,0,9,33,-2.9111024122202593
2,35,36.0,0,10,34,-2.1842532877454914
2,35,36.0,0,11,34,-2.528461848033828
2,35,36.0,0,12,34,-2.881249042598654
2,35,36.0,0,13,34,-3.247126919738264
2,35,36.0,0,14,34,-3.964262819257698
2,35,36.0,0,15,35,-2.5600761034876314
2,35,36.0,0,16,35,-2.736098027252723
2,35,36.0,0,17,35,-2.9903099813308245
2,35,36.0,0,18,35,-3.473508099099945
2,35,36.0,0,19,36,-2.0636518479713146
2,35,36.0,0,20,36,-2.0087399298627133
2,35,36.0,0,21,36,-1.897319474781547
2,35,36.0,0,22,36,-2.1502946599040484
2,35,36.0,0,23,37,-1.5388895706904862
2,35,36.0,0,24,37,-1.7409023549804417
2,35,36.0,0,25,37,-1.9743722132733907
2,35,36.0,0,26,37,-2.2600334112177762
2,35,36.0,0,27,37,-2.763405059796085
2,35,36.0,0,28,38,-1.7260441150452266
2,35,36.0,0,29,38,-1.8594326660328448
2,35,36.0,0,30,38,-1.9668114966320402
2,35,36.0,0,31,38,-2.0356268794512893
2,35,36.0,0,32,38,-2.0925879427817584
2,35,36.0,0,33,38,-2.1847244056568726
2,35,36.0,0,34,38,-2.401391212075108
2,35,36.0,0,35,39,-1.3249769388707868
2,35,36.0,0,36,39,-1.3088783208093169
2,35,36.0,0,37,38,-2.0937720551655907
2,35,36.0,0,38,36,-4.165034786433708
2,35,36.0,0,38,37,-2.4275361372445374
2,36,37.0,0,4,31,-1.6489093790876836
2,36,37.0,0,4,32,-0.90447091232204
2,36,37.0,0,5,32,-1.5333752956321973
2,36,37.0,0,6,33,-1.310757364091046
2,36,37.0,0,7,33,-1.6368585188266707
2,36,37.0,0,8,33,-2.1149355837164308
2,36,37.0,0,9,33,-2.9123017569330045
2,36,37.0,0,10,34,-2.186523770684289
2,36,37.0,0,11,34,-2.530286836406617
2,36,37.0,0,12,34,-2.8827672742156096
2,36,37.0,0,13,34,-3.2483278648755913
2,36,37.0,0,14,34,-3.964663821711923
2,36,37.0,0,15,35,-2.5611412390834687
2,36,37.0,0,16,35,-2.736807287985158
2,36,37.0,0,17,35,-2.9907524778826087
2,36,37.0,0,18,35,-3.473492647878203
2,36,37.0,0,19,36,-2.063423511827523
2,36,37.0,0,20,36,-2.0083370061776975
2,36,37.0,0,21,36,-1.896855380117593
2,36,37.0,0,22,36,-2.1499896935110385
2,36,37.0,0,23,37,-1.5382652525050347
2,36,37.0,0,24,37,-1.7403776819930314
2,36,37.0,0,25,37,-1.9739092347622318
2,36,37.0,0,26,37,-2.2596462406630664
2,36,37.0,0,27,37,-2.763213790135026
2,36,37.0,0,28,38,-1.7255292757225007
2,36,37.0,0,29,38,-1.8589947840560015
2,36,37.0,0,30,38,-1.9664184456626117
2,36,37.0,0,31,38,-2.0352640211587882
2,36,37.0,0,32,38,-2.0922527152722914
2,36,37.0,0,33,38,-2.1844417411178725
2,36,37.0,0,34,38,-2.40126904920605
2,36,37.0,0,35,39,-1.3246022863978588
2,36,37.0,0,36,39,-1.3085230302479722
2,36,37.0,0,37,38,-2.0936899234945834
2,36,37.0,0,38,36,-4.165041879910138
2,36,37.0,0,38,37,-2.4273189944020928
2,37,38.0,0,4,31,-1.6483025456807923
2,37,38.0,0,4,32,-0.9070102723887317
2,37,38.0,0,5,32,-1.5348541611077167
2,37,38.0,0,6,33,-1.3132728161752425
2,37,38.0,0,7,33,-1.638875773675636
2,37,38.0,0,8,33,-2.116347986728158
2,37,38.0,0,9,33,-2.9127349940911813
2,37,38.0,0,10,34,-2.1879467031743047
2,37,38.0,0,11,34,-2.5313573508107083
2,37,38.0,0,12,34,-2.8836078236448657
2,37,38.0,0,13,34,-3.248948065881166
2,37,38.0,0,14,34,-3.964676036844139
2,37,38.0,0,15,35,-2.5618138677193656
2,37,38.0,0,16,35,-2.737217005208038
2,37,38.0,0,17,35,-2.9909818700315043
2,37,38.0,0,18,35,-3.473358023512276
2,37,38.0,0,19,36,-2.063154022757928
2,37,38.0,0,20,36,-2.0079406793749968
2,37,38.0,0,21,36,-1.8964259916312685
2,37,38.0,0,22,36,-2.149708109354627
2,37,38.0,0,23,37,-1.537675910103978
2,37,38.0,0,24,37,-1.739885387425396
2,37,38.0,0,25,37,-1.9734778666312636
2,37,38.0,0,26,37,-2.259288594222383
2,37,38.0,0,27,37,-2.76304104287059
2,37,38.0,0,28,38,-1.7250418923015332
2,37,38.0,0,29,38,-1.8585824480332818
2,37,38.0,0,30,38,-1.9660493449281162
2,37,38.0,0,31,38,-2.0349231274939967
2,37,38.0,0,32,38,-2.0919381038842424
2,37,38.0,0,33,38,-2.1841787378679207
2,37,38.0,0,34,38,-2.401160283441648
2,37,38.0,0,35,39,-1.3242445937180634
2,37,38.0,0,36,39,-1.3081827701687025
2,37,38.0,0,37,38,-2.0936171644225148
2,37,38.0,0,38,36,-4.165060800090803
2,37,38.0,0,38,37,-2.4271158461447477
2,38,39.0,0,4,31,-1.646675320767713
2,38,39.0,0,4,32,-0.9082385999944904
2,38,39.0,0,5,32,-1.5354123653193028
2,38,39.0,0,6,33,-1.314840013096216
2,38,39.0,0,7,33,-1.6400647198580032
2,38,39.0,0,8,33,-2.117056227587284
2,38,39.0,0,9,33,-2.9126962071823073
2,38,39.0,0,10,34,-2.1887829930925022
2,38,39.0,0,11,34,-2.531911829501041
2,38,39.0,0,12,34,-2.8839845750937343
2,38,39.0,0,13,34,-3.2491692718757577
2,38,39.0,0,14,34,-3.964437946887557
2,38,39.0,0,15,35,-2.5622016984768266
2,38,39.0,0,16,35,-2.737408590522932
2,38,39.0,0,17,35,-2.9910523209220514
2,38,39.0,0,18,35,-3.473140020446607
2,38,39.0,0,19,36,-2.0628574764393903
2,38,39.0,0,20,36,-2.007553532115466
2,38,39.0,0,21,36,-1.896028427624401
2,38,39.0,0,22,36,-2.14944851507979
2,38,39.0,0,23,37,-1.5371197468192435
2,38,39.0,0,24,37,-1.7394236281880282
2,38,39.0,0,25,37,-1.9730762857627653
2,38,39.0,0,26,37,-2.2589587365345594
2,38,39.0,0,27,37,-2.762885855745445
2,38,39.0,0,28,38,-1.7245806663284142
2,38,39.0,0,29,38,-1.8581943602134388
2,38,39.0,0,30,38,-1.96570301883812
2,38,39.0,0,31,38,-2.034603190200908
2,38,39.0,0,32,38,-2.0916431944867355
2,38,39.0,0,33,38,-2.1839344695206435
2,38,39.0,0,34,38,-2.4010642310971235
2,38,39.0,0,35,39,-1.3239031400984622
2,38,39.0,0,36,39,-1.3078569594601355
2,38,39.0,0,37,38,-2.093553252947128
2,38,39.0,0,38,36,-4.165090973800037
2,38,39.0,0,38,37,-2.4269261499941734
2,39,40.0,0,4,31,-1.6443291075988213
2,39,40.0,0,4,32,-0.9086064804286593
2,39,40.0,0,5,32,-1.5353507877940729
2,39,40.0,0,6,33,-1.315759599246178
2,39,40.0,0,7,33,-1.640695345385609
2,39,40.0,0,8,33,-2.1173016598319805
2,39,40.0,0,9,33,-2.9123642196637434
2,39,40.0,0,10,34,-2.1892108531317263
2,39,40.0,0,11,34,-2.5321129778366185
2,39,40.0,0,12,34,-2.8840455723870377
2,39,40.0,0,13,34,-3.2491194870343634
2,39,40.0,0,14,34,-3.9640416833451013
2,39,40.0,0,15,35,-2.5623829570882037
2,39,40.0,0,16,35,-2.7374426670683363
2,39,40.0,0,17,35,-2.9910060279689787
2,39,40.0,0,18,35,-3.4728656412799808
2,39,40.0,0,19,36,-2.0625446144418476
2,39,40.0,0,20,36,-2.007177655352791
2,39,40.0,0,21,36,-1.8956601641648376
2,39,40.0,0,22,36,-2.1492096081270375
2,39,40.0,0,23,37,-1.5365950623729887
2,39,40.0,0,24,37,-1.7389906819071967
2,39,40.0,0,25,37,-1.9727027825022034
2,39,40.0,0,26,37,-2.2586550436385764
2,39,40.0,0,27,37,-2.762747321702655
2,39,40.0,0,28,38,-1.7241443658297015
2,39,40.0,0,29,38,-1.8578292966750567
2,39,40.0,0,30,38,-1.9653783531275408
2,39,40.0,0,31,38,-2.034303249420873
2,39,40.0,0,32,38,-2.0913671147530266
2,39,40.0,0,33,38,-2.1837080554902606
2,39,40.0,0,34,38,-2.400980247593452
2,39,40.0,0,35,39,-1.3235772398721792
2,39,40.0,0,36,39,-1.307545041946721
2,39,40.0,0,37,38,-2.0934976975822046
2,39,40.0,0,38,36,-4.16513185845907
2,39,40.0,0,38,37,-2.4267493852568762
2,40,41.0,0,4,31,-1.6333689073518372
2,40,41.0,0,4,32,-0.9010026248594727
2,40,41.0,0,5,32,-1.5272426066000548
2,40,41.0,0,6,33,-1.308809248430805
2,40,41.0,0,7,33,-1.6336329135046412
2,40,41.0,0,8,33,-2.110042805040962
2,40,41.0,0,9,33,-2.9046795633015563
2,40,41.0,0,10,34,-2.1824857131710473
2,40,41.0,0,11,34,-2.525401826786208
2,40,41.0,0,12,34,-2.87758183188015
2,40,41.0,0,13,34,-3.243073123764816
2,40,41.0,0,14,34,-3.958174945653326
2,40,41.0,0,15,35,-2.5576630788828822
2,40,41.0,0,16,35,-2.7331264823944537
2,40,41.0,0,17,35,-2.987152157997997
2,40,41.0,0,18,35,-3.4693527590085296
2,40,41.0,0,19,36,-2.059619775763167
2,40,41.0,0,20,36,-2.00477653351426
2,40,41.0,0,21,36,-1.8938689541223752
2,40,41.0,0,22,36,-2.1478606673331058
2,40,41.0,0,23,37,-1.535016280422866
2,40,41.0,0,24,37,-1.7375365185917602
2,40,41.0,0,25,37,-1.9713421662293413
2,40,41.0,0,26,37,-2.2573965826322677
2,40,41.0,0,27,37,-2.761678909790696
2,40,41.0,0,28,38,-1.722827891712214
2,40,41.0,0,29,38,-1.8566169889606883
2,40,41.0,0,30,38,-1.9642398274333175
2,40,41.0,0,31,38,-2.0332225512763458
2,40,41.0,0,32,38,-2.0903337765814314
2,40,41.0,0,33,38,-2.1827375357570133
2,40,41.0,0,34,38,-2.4001599025765152
2,40,41.0,0,35,39,-1.3225340628871045
2,40,41.0,0,36,39,-1.3065268252865536
2,40,41.0,0,37,38,-2.092743699089972
2,40,41.0,0,38,36,-4.16449071663526
2,40,41.0,0,38,37,-2.425893232517982
2,41,42.0,0,4,31,-1.6234464146241407
2,41,42.0,0,4,32,-0.8949388479759364
2,41,42.0,0,5,32,-1.5203395693927177
2,41,42.0,0,6,33,-1.3030959353694698
2,41,42.0,0,7,33,-1.6277304204563166
2,41,42.0,0,8,33,-2.103871834750578
2,41,42.0,0,9,33,-2.89794831161646
2,41,42.0,0,10,34,-2.176686699326126
2,41,42.0,0,11,34,-2.519562709291961
2,41,42.0,0,12,34,-2.8719173149863195
2,41,42.0,0,13,34,-3.237728550571944
2,41,42.0,0,14,34,-3.9528930294308964
2,41,42.0,0,15,35,-2.553468126078684
2,41,42.0,0,16,35,-2.7292494559777083
2,41,42.0,0,17,35,-2.9836432179379244
2,41,42.0,0,18,35,-3.466101176073437
2,41,42.0,0,19,36,-2.056920155745601
2,41,42.0,0,20,36,-2.002532163121586
2,41,42.0,0,21,36,-1.8921750730852054
2,41,42.0,0,22,36,-2.146570738167064
2,41,42.0,0,23,37,-1.5335072091222486
2,41,42.0,0,24,37,-1.7361469367723785
2,41,42.0,0,25,37,-1.9700422985045023
2,41,42.0,0,26,37,-2.256193408784114
2,41,42.0,0,27,37,-2.7606530217346616
2,41,42.0,0,28,38,-1.7215628198103587
2,41,42.0,0,29,38,-1.8554517454025898
2,41,42.0,0,30,38,-1.9631445558944733
2,41,42.0,0,31,38,-2.032181062460282
2,41,42.0,0,32,38,-2.089337150945134
2,41,42.0,0,33,38,-2.18180205269978
2,41,42.0,0,34,38,-2.3993676044753727
2,41,42.0,0,35,39,-1.3215232665210976
2,41,42.0,0,36,39,-1.3055374276576366
2,41,42.0,0,37,38,-2.0920114748241403
2,41,42.0,0,38,36,-4.163872908601444
2,41,42.0,0,38,37,-2.42506321143879
2,42,43.0,0,4,31,-1.6141517561263186
2,42,43.0,0,4,32,-0.8898648516804997
2,42,43.0,0,5,32,-1.5142100442760125
2,42,43.0,0,6,33,-1.2982432368017953
2,42,43.0,0,7,33,-1.622647199327787
2,42,43.0,0,8,33,-2.0984821532105684
2,42,43.0,0,9,33,-2.891910614119638
2,42,43.0,0,10,34,-2.1715949223562916
2,42,43.0,0,11,34,-2.5143930742598855
2,42,43.0,0,12,34,-2.8668716684166498
2,42,43.0,0,13,34,-3.2329335793459677
2,42,43.0,0,14,34,-3.948071237825303
2,42,43.0,0,15,35,-2.5496993473712735
2,42,43.0,0,16,35,-2.7257349907419837
2,42,43.0,0,17,35,-2.9804263091477026
2,42,43.0,0,18,35,-3.4630733131141085
2,42,43.0,0,19,36,-2.0544190095154278
2,42,43.0,0,20,36,-2.0004297993842926
2,42,43.0,0,21,36,-1.8905713763723568
2,42,43.0,0,22,36,-2.1453359295296863
2,42,43.0,0,23,37,-1.532063939171131
2,42,43.0,0,24,37,-1.7348182330856332
2,42,43.0,0,25,37,-1.9687997423687804
2,42,43.0,0,26,37,-2.255042473273967
2,42,43.0,0,27,37,-2.759667189105393
2,42,43.0,0,28,38,-1.7203466460344075
2,42,43.0,0,29,38,-1.8543312665126734
2,42,43.0,0,30,38,-1.962090511397605
2,42,43.0,0,31,38,-2.0311770731967975
2,42,43.0,0,32,38,-2.0883756901976156
2,42,43.0,0,33,38,-2.180900078172126
2,42,43.0,0,34,38,-2.398601956130168
2,42,43.0,0,35,39,-1.320543528315408
2,42,43.0,0,36,39,-1.3045758115369068
2,42,43.0,0,37,38,-2.091299959317677
2,42,43.0,0,38,36,-4.1632773511921926
2,42,43.0,0,38,37,-2.4242583747670423
2,43,44.0,0,4,31,-1.6133188360756208
2,43,44.0,0,4,32,-0.8928229993721288
2,43,44.0,0,5,32,-1.5162100294249967
2,43,44.0,0,6,33,-1.3014245266480202
2,43,44.0,0,7,33,-1.6254687781242296
2,43,44.0,0,8,33,-2.1008665282023458
2,43,44.0,0,9,33,-2.8935708338412383
2,43,44.0,0,10,34,-2.1739241910663054
2,43,44.0,0,11,34,-2.516420244244159
2,43,44.0,0,12,34,-2.8686268676286772
2,43,44.0,0,13,34,-3.234392197262082
2,43,44.0,0,14,34,-3.9489957667981344
2,43,44.0,0,15,35,-2.5510337192706345
2,43,44.0,0,16,35,-2.7267611114214105
2,43,44.0,0,17,35,-2.981181875743829
2,43,44.0,0,18,35,-3.4634414375378526
2,43,44.0,0,19,36,-2.0546975437036537
2,43,44.0,0,20,36,-2.0004944607379684
2,43,44.0,0,21,36,-1.8905013044900016
2,43,44.0,0,22,36,-2.1452821670357167
2,43,44.0,0,23,37,-1.5317667849445726
2,43,44.0,0,24,37,-1.7345953654475323
2,43,44.0,0,25,37,-1.9686248636596133
2,43,44.0,0,26,37,-2.254920321179533
2,43,44.0,0,27,37,-2.759664796797729
2,43,44.0,0,28,38,-1.720080938876066
2,43,44.0,0,29,38,-1.8541224931320315
2,43,44.0,0,30,38,-1.9619102355442806
2,43,44.0,0,31,38,-2.031008794510491
2,43,44.0,0,32,38,-2.0882231726286022
2,43,44.0,0,33,38,-2.1807912778323555
2,43,44.0,0,34,38,-2.3986094678659846
2,43,44.0,0,35,39,-1.3203257689942625
2,43,44.0,0,36,39,-1.3043606430642214
2,43,44.0,0,37,38,-2.091314492502864
2,43,44.0,0,38,36,-4.163395243980833
2,43,44.0,0,38,37,-2.4241696326109974
2,44,45.0,0,4,31,-1.6031775156416188
2,44,45.0,0,4,32,-0.8868588815504381
2,44,45.0,0,5,32,-1.5094348623620704
2,44,45.0,0,6,33,-1.296079544911379
2,44,45.0,0,7,33,-1.6199950848654225
2,44,45.0,0,8,33,-2.0951967751496454
2,44,45.0,0,9,33,-2.887411881949788
2,44,45.0,0,10,34,-2.168702520365855
2,44,45.0,0,11,34,-2.511163018570471
2,44,45.0,0,12,34,-2.8635240885551525
2,44,45.0,0,13,34,-3.2295711596780166
2,44,45.0,0,14,34,-3.9442154077594864
2,44,45.0,0,15,35,-2.5472778506259885
2,44,45.0,0,16,35,-2.723286986704835
2,44,45.0,0,17,35,-2.978023934667476
2,44,45.0,0,18,35,-3.4604940707085063
2,44,45.0,0,19,36,-2.052301658394441
2,44,45.0,0,20,36,-1.9984955333505638
2,44,45.0,0,21,36,-1.8889865262747279
2,44,45.0,0,22,36,-2.144106470808069
2,44,45.0,0,23,37,-1.5304030324695859
2,44,45.0,0,24,37,-1.733339372503849
2,44,45.0,0,25,37,-1.9674516896597396
2,44,45.0,0,26,37,-2.2538333638932855
2,44,45.0,0,27,37,-2.758724832953888
2,44,45.0,0,28,38,-1.718926854652544
2,44,45.0,0,29,38,-1.8530588597157518
2,44,45.0,0,30,38,-1.960909325163854
2,44,45.0,0,31,38,-2.0300539973944822
2,44,45.0,0,32,38,-2.087308166807439
2,44,45.0,0,33,38,-2.1799332009679624
2,44,45.0,0,34,38,-2.397876102377591
2,44,45.0,0,35,39,-1.3193863372695027
2,44,45.0,0,36,39,-1.3034356822626663
2,44,45.0,0,37,38,-2.0906271497946705
2,44,45.0,0,38,36,-4.162827547783099
2,44,45.0,0,38,37,-2.4233982925513793
2,45,46.0,0,4,31,-1.601728836490338
2,45,46.0,0,4,32,-0.8892196596515305
2,45,46.0,0,5,32,-1.5110336859917766
2,45,46.0,0,6,33,-1.2989548380451765
2,45,46.0,0,7,33,-1.6225869244317437
2,45,46.0,0,8,33,-2.0974379029862007
2,45,46.0,0,9,33,-2.8890681342956555
2,45,46.0,0,10,34,-2.170988545445937
2,45,46.0,0,11,34,-2.5131796123478125
2,45,46.0,0,12,34,-2.865287779385085
2,45,46.0,0,13,34,-3.2310561385041296
2,45,46.0,0,14,34,-3.945223769359984
2,45,46.0,0,15,35,-2.5486523760448847
2,45,46.0,0,16,35,-2.724370527394484
2,45,46.0,0,17,35,-2.9788467929632247
2,45,46.0,0,18,35,-3.4609471883681238
2,45,46.0,0,19,36,-2.0526810944322875
2,45,46.0,0,20,36,-1.9986571444065362
2,45,46.0,0,21,36,-1.888999123832619
2,45,46.0,0,22,36,-2.144108322717962
2,45,46.0,0,23,37,-1.5301812519509213
2,45,46.0,0,24,37,-1.7331852445042486
2,45,46.0,0,25,37,-1.9673423672989827
2,45,46.0,0,26,37,-2.2537716715564216
2,45,46.0,0,27,37,-2.758765911022138
2,45,46.0,0,28,38,-1.7187203559571103
2,45,46.0,0,29,38,-1.8529042073768593
2,45,46.0,0,30,38,-1.96077970764334
2,45,46.0,0,31,38,-2.02993276082481
2,45,46.0,0,32,38,-2.087200136702826
2,45,46.0,0,33,38,-2.179866355155198
2,45,46.0,0,34,38,-2.3979143608039983
2,45,46.0,0,35,39,-1.3192072834456177
2,45,46.0,0,36,39,-1.3032558539815717
2,45,46.0,0,37,38,-2.0906647008491994
2,45,46.0,0,38,36,-4.162972038738147
2,45,46.0,0,38,37,-2.4233418215019675
2,46,47.0,0,4,31,-1.5911032092272421
2,46,47.0,0,4,32,-0.8828457796236648
2,46,47.0,0,5,32,-1.503986885442032
2,46,47.0,0,6,33,-1.293416786999444
2,46,47.0,0,7,33,-1.6169818946297596
2,46,47.0,0,8,33,-2.0917093386404417
2,46,47.0,0,9,33,-2.882968080237049
2,46,47.0,0,10,34,-2.1657776505533093
2,46,47.0,0,11,34,-2.5079602110310475
2,46,47.0,0,12,34,-2.8602355818204046
2,46,47.0,0,13,34,-3.226295926452508
2,46,47.0,0,14,34,-3.9405516046997775
2,46,47.0,0,15,35,-2.5449540337746726
2,46,47.0,0,16,35,-2.720964941137396
2,46,47.0,0,17,35,-2.975761610600898
2,46,47.0,0,18,35,-3.4580869770063885
2,46,47.0,0,19,36,-2.0503814980676793
2,46,47.0,0,20,36,-1.9967491898718208
2,46,47.0,0,21,36,-1.8875613224713064
2,46,47.0,0,22,36,-2.1429849973549153
2,46,47.0,0,23,37,-1.528888973401891
2,46,47.0,0,24,37,-1.73199427137245
2,46,47.0,0,25,37,-1.966231159242298
2,46,47.0,0,26,37,-2.2527418694966883
2,46,47.0,0,27,37,-2.75786717182266
2,46,47.0,0,28,38,-1.7176227510363802
2,46,47.0,0,29,38,-1.8518921192389044
2,46,47.0,0,30,38,-1.9598271066173396
2,46,47.0,0,31,38,-2.029022957133403
2,46,47.0,0,32,38,-2.086327739817566
2,46,47.0,0,33,38,-2.179048382081813
2,46,47.0,0,34,38,-2.3972102935499784
2,46,47.0,0,35,39,-1.3183050320234635
2,46,47.0,0,36,39,-1.3023649727155515
2,46,47.0,0,37,38,-2.089999291756037
2,46,47.0,0,38,36,-4.162429743685912
2,46,47.0,0,38,37,-2.4226015753294163
2,47,48.0,0,4,31,-1.5730854381627069
2,47,48.0,0,4,32,-0.8701222983213484
2,47,48.0,0,5,32,-1.4901645309049059
2,47,48.0,0,6,33,-1.2813292785609178
2,47,48.0,0,7,33,-1.6048797141234559
2,47,48.0,0,8,33,-2.0795450828225626
2,47,48.0,0,9,33,-2.870374523554915
2,47,48.0,0,10,34,-2.1543716773693973
2,47,48.0,0,11,34,-2.4967024507120072
2,47,48.0,0,12,34,-2.8494524451240864
2,47,48.0,0,13,34,-3.216232357968977
2,47,48.0,0,14,34,-3.9309329372227353
2,47,48.0,0,15,35,-2.5368929769445288
2,47,48.0,0,16,35,-2.713647991797899
2,47,48.0,0,17,35,-2.9692133908638993
2,47,48.0,0,18,35,-3.452222780337763
2,47,48.0,0,19,36,-2.045644854749
2,47,48.0,0,20,36,-1.992919931973148
2,47,48.0,0,21,36,-1.884745651248295
2,47,48.0,0,22,36,-2.140777202553629
2,47,48.0,0,23,37,-1.5265670604212858
2,47,48.0,0,24,37,-1.7298048384450482
2,47,48.0,0,25,37,-1.9641532581900591
2,47,48.0,0,26,37,-2.250775402851076
2,47,48.0,0,27,37,-2.756056018866225
2,47,48.0,0,28,38,-1.71566228551157
2,47,48.0,0,29,38,-1.8500483487946653
2,47,48.0,0,30,38,-1.9580746412110273
2,47,48.0,0,31,38,-2.0273450816321947
2,47,48.0,0,32,38,-2.084710013620562
2,47,48.0,0,33,38,-2.1774976314450285
2,47,48.0,0,34,38,-2.395780838999098
2,47,48.0,0,35,39,-1.316697349725132
2,47,48.0,0,36,39,-1.300778695423336
2,47,48.0,0,37,38,-2.0886450801147554
2,47,48.0,0,38,36,-4.161214053640787
2,47,48.0,0,38,37,-2.4211914280409452
2,48,49.0,0,4,31,-1.5569244759928438
2,48,49.0,0,4,32,-0.8600045065570612
2,48,49.0,0,5,32,-1.4783972684605828
2,48,49.0,0,6,33,-1.2714026476982667
2,48,49.0,0,7,33,-1.594777777324282
2,48,49.0,0,8,33,-2.069220479954538
2,48,49.0,0,9,33,-2.859340719508168
2,48,49.0,0,10,34,-2.144605806501886
2,48,49.0,0,11,34,-2.486968479217694
2,48,49.0,0,12,34,-2.840061725067301
2,48,49.0,0,13,34,-3.2073913048067766
2,48,49.0,0,14,34,-3.922292537451085
2,48,49.0,0,15,35,-2.529780716563664
2,48,49.0,0,16,35,-2.707119216519146
2,48,49.0,0,17,35,-2.9632896908547934
2,48,49.0,0,18,35,-3.4468110669118346
2,48,49.0,0,19,36,-2.041282662168385
2,48,49.0,0,20,36,-1.9893393312274128
2,48,49.0,0,21,36,-1.8820692899675464
2,48,49.0,0,22,36,-2.1386522955329
2,48,49.0,0,23,37,-1.524337885139964
2,48,49.0,0,24,37,-1.7277014839764249
2,48,49.0,0,25,37,-1.9621554510413262
2,48,49.0,0,26,37,-2.2488814549771874
2,48,49.0,0,27,37,-2.754303816480288
2,48,49.0,0,28,38,-1.7137697032401675
2,48,49.0,0,29,38,-1.8482665208182212
2,48,49.0,0,30,38,-1.9563788436565162
2,48,49.0,0,31,38,-2.02571861197298
2,48,49.0,0,32,38,-2.0831404829081883
2,48,49.0,0,33,38,-2.175992827983599
2,48,49.0,0,34,38,-2.3943899108708173
2,48,49.0,0,35,39,-1.3151334636184728
2,48,49.0,0,36,39,-1.2992318019964095
2,48,49.0,0,37,38,-2.087321909443286
2,48,49.0,0,38,36,-4.160029971564281
2,48,49.0,0,38,37,-2.419816598430451
2,49,50.0,0,4,31,-1.5500445727524834
2,49,50.0,0,4,32,-0.8589810214451177
2,49,50.0,0,5,32,-1.475608260511251
2,49,50.0,0,6,33,-1.2704170644472015
2,49,50.0,0,7,33,-1.5934095774816228
2,49,50.0,0,8,33,-2.067415556390131
2,49,50.0,0,9,33,-2.856614776548554
2,49,50.0,0,10,34,-2.142956516855861
2,49,50.0,0,11,34,-2.4850693471509544
2,49,50.0,0,12,34,-2.838051638068009
2,49,50.0,0,13,34,-3.2053114949872565
2,49,50.0,0,14,34,-3.919788570063929
2,49,50.0,0,15,35,-2.52818396097112
2,49,50.0,0,16,35,-2.70547083179801
2,49,50.0,0,17,35,-2.9616095013566905
2,49,50.0,0,18,35,-3.4449827164423823
2,49,50.0,0,19,36,-2.0398508326202602
2,49,50.0,0,20,36,-1.9880202877979087
2,49,50.0,0,21,36,-1.8809721865914568
2,49,50.0,0,22,36,-2.137734346693435
2,49,50.0,0,23,37,-1.5232801777498182
2,49,50.0,0,24,37,-1.7267277445893399
2,49,50.0,0,25,37,-1.961246879915933
2,49,50.0,0,26,37,-2.2480355626740405
2,49,50.0,0,27,37,-2.7535528179834188
2,49,50.0,0,28,38,-1.712845649819542
2,49,50.0,0,29,38,-1.8474128008940198
2,49,50.0,0,30,38,-1.955571597835501
2,49,50.0,0,31,38,-2.024941211430118
2,49,50.0,0,32,38,-2.082392429153323
2,49,50.0,0,33,38,-2.1752931656751535
2,49,50.0,0,34,38,-2.3937834707932666
2,49,50.0,0,35,39,-1.3143438194688066
2,49,50.0,0,36,39,-1.2984425899265197
2,49,50.0,0,37,38,-2.0867347012267814
2,49,50.0,0,38,36,-4.159568299977359
2,49,50.0,0,38,37,-2.4191676695461943
2,50,51.0,0,4,31,-1.5425079851739838
2,50,51.0,0,4,32,-0.857137297576628
2,50,51.0,0,5,32,-1.472244742857697
2,50,51.0,0,6,33,-1.2689727885977504
2,50,51.0,0,7,33,-1.5916523971304741
2,50,51.0,0,8,33,-2.0652915452805587
2,50,51.0,0,9,33,-2.853686617089238
2,50,51.0,0,10,34,-2.141152518761203
2,50,51.0,0,11,34,-2.483041834001824
2,50,51.0,0,12,34,-2.8359367397882806
2,50,51.0,0,13,34,-3.2031555576140818
2,50,51.0,0,14,34,-3.9172545853070915
2,50,51.0,0,15,35,-2.526578063551966
2,50,51.0,0,16,35,-2.70383378806676
2,50,51.0,0,17,35,-2.9599613638072526
2,50,51.0,0,18,35,-3.4431961725848623
2,50,51.0,0,19,36,-2.038478185033739
2,50,51.0,0,20,36,-1.9867597417182168
2,50,51.0,0,21,36,-1.8799227531445482
2,50,51.0,0,22,36,-2.136848183581776
2,50,51.0,0,23,37,-1.5222637252218476
2,50,51.0,0,24,37,-1.7257917495847295
2,50,51.0,0,25,37,-1.9603740118467883
2,50,51.0,0,26,37,-2.247222595447809
2,50,51.0,0,27,37,-2.752826646003683
2,50,51.0,0,28,38,-1.7119543457910567
2,50,51.0,0,29,38,-1.8465890024516654
2,50,51.0,0,30,38,-1.9547923398518776
2,50,51.0,0,31,38,-2.02418996823328
2,50,51.0,0,32,38,-2.081669201771671
2,50,51.0,0,33,38,-2.174616864547218
2,50,51.0,0,34,38,-2.3931947898491046
2,50,51.0,0,35,39,-1.313576492088668
2,50,51.0,0,36,39,-1.2976741253321613
2,50,51.0,0,37,38,-2.086161476235059
2,50,51.0,0,38,36,-4.159121848048354
2,50,51.0,0,38,37,-2.418537454201072
2,51,52.0,0,4,31,-1.5305033420447671
2,51,52.0,0,4,32,-0.8510659560681688
2,51,52.0,0,5,32,-1.4647421125054052
2,51,52.0,0,6,33,-1.263537062452258
2,51,52.0,0,7,33,-1.5860058611956447
2,51,52.0,0,8,33,-2.0593845930969223
2,51,52.0,0,9,33,-2.8470909543964353
2,51,52.0,0,10,34,-2.135837413963202
2,51,52.0,0,11,34,-2.477621404063143
2,51,52.0,0,12,34,-2.8306215362098897
2,51,52.0,0,13,34,-3.1980634131145393
2,51,52.0,0,14,34,-3.912045873919709
2,51,52.0,0,15,35,-2.522608581113957
2,51,52.0,0,16,35,-2.7001021379579697
2,51,52.0,0,17,35,-2.956487891494959
2,51,52.0,0,18,35,-3.439853440626422
2,51,52.0,0,19,36,-2.0358603133985156
2,51,52.0,0,20,36,-1.9845345644757515
2,51,52.0,0,21,36,-1.8781927217186265
2,51,52.0,0,22,36,-2.1354272958231206
2,51,52.0,0,23,37,-1.520744457061305
2,51,52.0,0,24,37,-1.7243673123968932
2,51,52.0,0,25,37,-1.9590281711408792
2,51,52.0,0,26,37,-2.2459511223113324
2,51,52.0,0,27,37,-2.751651232950863
2,51,52.0,0,28,38,-1.7106423604440906
2,51,52.0,0,29,38,-1.8453592014737126
2,51,52.0,0,30,38,-1.953622591682901
2,51,52.0,0,31,38,-2.0230638654934765
2,51,52.0,0,32,38,-2.080582162022754
2,51,52.0,0,33,38,-2.1735823762513
2,51,52.0,0,34,38,-2.3922491716693237
2,51,52.0,0,35,39,-1.312464557308754
2,51,52.0,0,36,39,-1.2965658755309732
2,51,52.0,0,37,38,-2.0852484766682657
2,51,52.0,0,38,36,-4.1583438546134985
2,51,52.0,0,38,37,-2.4175793882290613
2,52,53.0,0,4,31,-1.5216212101027509
2,52,53.0,0,4,32,-0.8480840121638948
2,52,53.0,0,5,32,-1.460331401354665
2,52,53.0,0,6,33,-1.261177101569615
2,52,53.0,0,7,33,-1.5833700125587598
2,52,53.0,0,8,33,-2.0564232401134177
2,52,53.0,0,9,33,-2.8434015633396825
2,52,53.0,0,10,34,-2.1333447290680283
2,52,53.0,0,11,34,-2.4749295268615583
2,52,53.0,0,12,34,-2.8278751701232068
2,52,53.0,0,13,34,-3.19532307584484
2,52,53.0,0,14,34,-3.9089857101342886
2,52,53.0,0,15,35,-2.5205647127467046
2,52,53.0,0,16,35,-2.6980748901028733
2,52,53.0,0,17,35,-2.9544967830232736
2,52,53.0,0,18,35,-3.437765875770282
2,52,53.0,0,19,36,-2.0342779129484967
2,52,53.0,0,20,36,-1.9831108064855272
2,52,53.0,0,21,36,-1.8770235343600774
2,52,53.0,0,22,36,-2.1344316031997437
2,52,53.0,0,23,37,-1.5196443608080656
2,52,53.0,0,24,37,-1.7233456698184995
2,52,53.0,0,25,37,-1.9580701007523373
2,52,53.0,0,26,37,-2.2450516987371145
2,52,53.0,0,27,37,-2.7508272245807035
2,52,53.0,0,28,38,-1.7096759269936967
2,52,53.0,0,29,38,-1.8444594782237758
2,52,53.0,0,30,38,-1.9527683546128998
2,52,53.0,0,31,38,-2.022238862311628
2,52,53.0,0,32,38,-2.079786119466913
2,52,53.0,0,33,38,-2.1728324112408863
2,52,53.0,0,34,38,-2.3915776150580257
2,52,53.0,0,35,39,-1.3116263921206865
2,52,53.0,0,36,39,-1.2957248426524792
2,52,53.0,0,37,38,-2.0845908957337684
2,52,53.0,0,38,36,-4.157817345004492
2,52,53.0,0,38,37,-2.416876425792143
3,1,54.0,0,20,36,-5.729054039012638
3,1,54.0,0,21,36,-3.2828118504682706
3,1,54.0,0,22,36,-2.7675830262443455
3,1,54.0,0,23,37,-1.6371215211201715
3,1,54.0,0,24,37,-1.77530040989339
3,1,54.0,0,25,37,-1.939412779801735
3,1,54.0,0,26,37,-2.160664023383866
3,1,54.0,0,27,37,-2.59584976295848
3,1,54.0,0,28,38,-1.5843759726695694
3,1,54.0,0,29,38,-1.704003984951406
3,1,54.0,0,30,38,-1.7990734158340373
3,1,54.0,0,31,38,-1.859467428851147
3,1,54.0,0,32,38,-1.9111379723772473
3,1,54.0,0,33,38,-1.9972900840654333
3,1,54.0,0,34,38,-2.1986332898727667
3,1,54.0,0,35,39,-1.194523503484966
3,1,54.0,0,36,39,-1.1772868146094275
3,1,54.0,0,37,38,-1.9109027171641948
3,1,54.0,0,38,36,-3.852401850598408
3,1,54.0,0,38,37,-2.226005836257851
4,1,55.0,0,20,36,-5.754593567209142
4,1,55.0,0,21,36,-3.300955988517508
4,1,55.0,0,22,36,-2.7817630105918454
4,1,55.0,0,23,37,-1.6506602926240603
4,1,55.0,0,24,37,-1.788391372796724
4,1,55.0,0,25,37,-1.9520846190631076
4,1,55.0,0,26,37,-2.172945074721582
4,1,55.0,0,27,37,-2.607750031226928
4,1,55.0,0,28,38,-1.5956717825400517
4,1,55.0,0,29,38,-1.7148751236330426
4,1,55.0,0,30,38,-1.8095302114412704
4,1,55.0,0,31,38,-1.8695156027047517
4,1,55.0,0,32,38,-1.9208849944511215
4,1,55.0,0,33,38,-2.0068584034041663
4,1,55.0,0,34,38,-2.208053932525271
4,1,55.0,0,35,39,-1.2037042373022153
4,1,55.0,0,36,39,-1.186367369188499
4,1,55.0,0,37,38,-1.9198390895952784
4,1,55.0,0,38,36,-3.86116459093412
4,1,55.0,0,38,37,-2.2347555871094187
4,2,56.0,0,20,36,-5.777458328582526
4,2,56.0,0,21,36,-3.317446524805135
4,2,56.0,0,22,36,-2.794841971102464
4,2,56.0,0,23,37,-1.6631165263192074
4,2,56.0,0,24,37,-1.8004499669559877
4,2,56.0,0,25,37,-1.9637804808221517
4,2,56.0,0,26,37,-2.1843122526148235
4,2,56.0,0,27,37,-2.6188084152478837
4,2,56.0,0,28,38,-1.6061363258570367
4,2,56.0,0,29,38,-1.7249636162066864
4,2,56.0,0,30,38,-1.8192545337823987
4,2,56.0,0,31,38,-1.8788813344095345
4,2,56.0,0,32,38,-1.9299808538526761
4,2,56.0,0,33,38,-2.0157920793462623
4,2,56.0,0,34,38,-2.2168664257672077
4,2,56.0,0,35,39,-1.2122755793670699
4,2,56.0,0,36,39,-1.1948685732366293
4,2,56.0,0,37,38,-1.9282240205133974
4,2,56.0,0,38,36,-3.869391853469036
4,2,56.0,0,38,37,-2.2429633918215295
4,3,57.0,0,20,36,-5.798911725510152
4,3,57.0,0,21,36,-3.33307294613455
4,3,57.0,0,22,36,-2.8074071707694017
4,3,57.0,0,23,37,-1.6750515725406814
4,3,57.0,0,24,37,-1.8120172904445937
4,3,57.0,0,25,37,-1.9750201782183936
4,3,57.0,0,26,37,-2.1952636560072847
4,3,57.0,0,27,37,-2.629504884134363
4,3,57.0,0,28,38,-1.6162271461016005
4,3,57.0,0,29,38,-1.7347071440162694
4,3,57.0,0,30,38,-1.8286640535340268
4,3,57.0,0,31,38,-1.8879622651391372
4,3,57.0,0,32,38,-1.9388097288386703
4,3,57.0,0,33,38,-2.0244680163210873
4,3,57.0,0,34,38,-2.2254417225095473
4,3,57.0,0,35,39,-1.2205999060840398
4,3,57.0,0,36,39,-1.203143733876363
4,3,57.0,0,37,38,-1.9364050649679143
4,3,57.0,0,38,36,-3.877423720555761
4,3,57.0,0,38,37,-2.2509677010813256
4,4,58.0,0,20,36,-5.836218302118382
4,4,58.0,0,21,36,-3.360003191485383
4,4,58.0,0,22,36,-2.8289167570172538
4,4,58.0,0,23,37,-1.6955396539163274
4,4,58.0,0,24,37,-1.8318689672268462
4,4,58.0,0,25,37,-1.9942856685493453
4,4,58.0,0,26,37,-2.2139927009054716
4,4,58.0,0,27,37,-2.647750711332158
4,4,58.0,0,28,38,-1.633504501626497
4,4,58.0,0,29,38,-1.751373440917071
4,4,58.0,0,30,38,-1.844735152930781
4,4,58.0,0,31,38,-1.9034436180093408
4,4,58.0,0,32,38,-1.9538506024852893
4,4,58.0,0,33,38,-2.03924699836319
4,4,58.0,0,34,38,-2.2400303782654305
4,4,58.0,0,35,39,-1.2347958529047354
4,4,58.0,0,36,39,-1.2172051092452634
4,4,58.0,0,37,38,-1.9502843312820133
4,4,58.0,0,38,36,-3.891044091015999
4,4,58.0,0,38,37,-2.2645476092236336
4,5,59.0,0,20,36,-5.872808420307777
4,5,59.0,0,21,36,-3.3866098059945955
4,5,59.0,0,22,36,-2.850423719138682
4,5,59.0,0,23,37,-1.715972916078762
4,5,59.0,0,24,37,-1.8516879611836856
4,5,59.0,0,25,37,-2.013549506766708
4,5,59.0,0,26,37,-2.232761231133196
4,5,59.0,0,27,37,-2.6661025786728416
4,5,59.0,0,28,38,-1.6508319550285648
4,5,59.0,0,29,38,-1.7681111611837323
4,5,59.0,0,30,38,-1.8609013900661822
4,5,59.0,0,31,38,-1.9190438153875533
4,5,59.0,0,32,38,-1.9690212869839598
4,5,59.0,0,33,38,-2.0541604681118244
4,5,59.0,0,34,38,-2.254779890960311
4,5,59.0,0,35,39,-1.249121540006545
4,5,59.0,0,36,39,-1.2314225794390765
4,5,59.0,0,37,38,-1.9643482212960919
4,5,59.0,0,38,36,-3.904852680888503
4,5,59.0,0,38,37,-2.278300026618023
4,6,60.0,0,20,36,-5.903534236715402
4,6,60.0,0,21,36,-3.4091581706896434
4,6,60.0,0,22,36,-2.868999907219262
4,6,60.0,0,23,37,-1.7335358294979883
4,6,60.0,0,24,37,-1.8687503929675984
4,6,60.0,0,25,37,-2.030176313608905
4,6,60.0,0,26,37,-2.2490204164707635
4,6,60.0,0,27,37,-2.6821016093064003
4,6,60.0,0,28,38,-1.665854986357438
4,6,60.0,0,29,38,-1.7826553768301423
4,6,60.0,0,30,38,-1.874986705143563
4,6,60.0,0,31,38,-1.9326755550806354
4,6,60.0,0,32,38,-1.98229802407198
4,6,60.0,0,33,38,-2.0672217035891194
4,6,60.0,0,34,38,-2.2677404688761094
4,6,60.0,0,35,39,-1.2616653750203746
4,6,60.0,0,36,39,-1.2439156072829434
4,6,60.0,0,37,38,-1.9767537288289105
4,6,60.0,0,38,36,-3.917043214701785
4,6,60.0,0,38,37,-2.2904171301599874
4,7,61.0,0,20,36,-5.931274518379368
4,7,61.0,0,21,36,-3.429572438223488
4,7,61.0,0,22,36,-2.886085461045262
4,7,61.0,0,23,37,-1.7496117407984428
4,7,61.0,0,24,37,-1.8843908523869288
4,7,61.0,0,25,37,-2.0454498144662523
4,7,61.0,0,26,37,-2.2640021190741777
4,7,61.0,0,27,37,-2.6969298528363126
4,7,61.0,0,28,38,-1.679706176500673
4,7,61.0,0,29,38,-1.7960905640110383
4,7,61.0,0,30,38,-1.8880268773075883
4,7,61.0,0,31,38,-1.9453258424909805
4,7,61.0,0,32,38,-1.994634706067771
4,7,61.0,0,33,38,-2.0793664825924445
4,7,61.0,0,34,38,-2.279829985131908
4,7,61.0,0,35,39,-1.2733270502373237
4,7,61.0,0,36,39,-1.2555622337092096
4,7,61.0,0,37,38,-1.988361569790115
4,7,61.0,0,38,36,-3.928458131030979
4,7,61.0,0,38,37,-2.3017399270515497
4,8,62.0,0,20,36,-5.948485890484179
4,8,62.0,0,21,36,-3.442450430931494
4,8,62.0,0,22,36,-2.897437201264502
4,8,62.0,0,23,37,-1.7601283187061796
4,8,62.0,0,24,37,-1.8946688919907402
4,8,62.0,0,25,37,-2.0555567600998614
4,8,62.0,0,26,37,-2.2740168630322657
4,8,62.0,0,27,37,-2.707020904636785
4,8,62.0,0,28,38,-1.6889773762604392
4,8,62.0,0,29,38,-1.8051374220546919
4,8,62.0,0,30,38,-1.8968702007159166
4,8,62.0,0,31,38,-1.9539703900534136
4,8,62.0,0,32,38,-2.0030984076532476
4,8,62.0,0,33,38,-2.08771503608574
4,8,62.0,0,34,38,-2.288218462611738
4,8,62.0,0,35,39,-1.2813357789481579
4,8,62.0,0,36,39,-1.2636354458396397
4,8,62.0,0,37,38,-1.9964951847794232
4,8,62.0,0,38,36,-3.936473878368602
4,8,62.0,0,38,37,-2.3096453276302817
4,9,63.0,0,20,36,-5.954754837125094
4,9,63.0,0,21,36,-3.4473863380241525
4,9,63.0,0,22,36,-2.9026486191749328
4,9,63.0,0,23,37,-1.7647048671284438
4,9,63.0,0,24,37,-1.8992105763487146
4,9,63.0,0,25,37,-2.060125393818552
4,9,63.0,0,26,37,-2.278691549912594
4,9,63.0,0,27,37,-2.711997023776604
4,9,63.0,0,28,38,-1.6933182306274333
4,9,63.0,0,29,38,-1.8094517260703356
4,9,63.0,0,30,38,-1.9011772508160405
4,9,63.0,0,31,38,-1.9582743955879423
4,9,63.0,0,32,38,-2.007359924330437
4,9,63.0,0,33,38,-2.0919425665096156
4,9,63.0,0,34,38,-2.2925808572092343
4,9,63.0,0,35,39,-1.2853785614430677
4,9,63.0,0,36,39,-1.2678173459076376
4,9,63.0,0,37,38,-2.000837002025367
4,9,63.0,0,38,36,-3.9407773057667015
4,9,63.0,0,38,37,-2.3138217659207534
4,10,64.0,0,20,36,-5.970310658947014
4,10,64.0,0,21,36,-3.458637230711105
4,10,64.0,0,22,36,-2.912734539814444
4,10,64.0,0,23,37,-1.773924456917392
4,10,64.0,0,24,37,-1.9082461004064442
4,10,64.0,0,25,37,-2.0690358683186005
4,10,64.0,0,26,37,-2.287559301155021
4,10,64.0,0,27,37,-2.7210430829738286
4,10,64.0,0,28,38,-1.7015214026514158
4,10,64.0,0,29,38,-1.8174800566055325
4,10,64.0,0,30,38,-1.909048855381556
4,10,64.0,0,31,38,-1.9659930136719908
4,10,64.0,0,32,38,-2.014931238510613
4,10,64.0,0,33,38,-2.0994223513532937
4,10,64.0,0,34,38,-2.3001542940713655
4,10,64.0,0,35,39,-1.292547751259928
4,10,64.0,0,36,39,-1.2750687033518915
4,10,64.0,0,37,38,-2.0082118725325593
4,10,64.0,0,38,36,-3.948054902542413
4,10,64.0,0,38,37,-2.320954344359908
4,11,65.0,0,20,36,-6.004417725970711
4,11,65.0,0,21,36,-3.4829152401654753
4,11,65.0,0,22,36,-2.932988780571648
4,11,65.0,0,23,37,-1.7928590001150795
4,11,65.0,0,24,37,-1.926686407171239
4,11,65.0,0,25,37,-2.087044240542845
4,11,65.0,0,26,37,-2.305227182382872
4,11,65.0,0,27,37,-2.7386200767805278
4,11,65.0,0,28,38,-1.7178419718347442
4,11,65.0,0,29,38,-1.8333198804844386
4,11,65.0,0,30,38,-1.9244260701521085
4,11,65.0,0,31,38,-1.980911067163028
4,11,65.0,0,32,38,-2.0294844418546347
4,11,65.0,0,33,38,-2.113761025994279
4,11,65.0,0,34,38,-2.314487176829477
4,11,65.0,0,35,39,-1.306312363934353
4,11,65.0,0,36,39,-1.2888072615312396
4,11,65.0,0,37,38,-2.0219794968475213
4,11,65.0,0,38,36,-3.961601233879499
4,11,65.0,0,38,37,-2.3343336168104685
4,12,66.0,0,20,36,-6.0265868806468035
4,12,66.0,0,21,36,-3.4988073601676675
4,12,66.0,0,22,36,-2.9468674728362743
4,12,66.0,0,23,37,-1.8056106205646856
4,12,66.0,0,24,37,-1.9391652236794812
4,12,66.0,0,25,37,-2.0993109873880087
4,12,66.0,0,26,37,-2.3173783865224777
4,12,66.0,0,27,37,-2.7509340506518853
4,12,66.0,0,28,38,-1.7290731975761986
4,12,66.0,0,29,38,-1.8442854153323438
4,12,66.0,0,30,38,-1.935142880253558
4,12,66.0,0,31,38,-1.9913820808552316
4,12,66.0,0,32,38,-2.0397384366358224
4,12,66.0,0,33,38,-2.1238862416358764
4,12,66.0,0,34,38,-2.3247123489472408
4,12,66.0,0,35,39,-1.3160206551517852
4,12,66.0,0,36,39,-1.2985795104830942
4,12,66.0,0,37,38,-2.0318922313650774
4,12,66.0,0,38,36,-3.9713772621096126
4,12,66.0,0,38,37,-2.3439209910396634
4,13,67.0,0,20,36,-6.039619502614599
4,13,67.0,0,21,36,-3.508137660409375
4,13,67.0,0,22,36,-2.9556932320476648
4,13,67.0,0,23,37,-1.8134587769567503
4,13,67.0,0,24,37,-1.9469133395081215
4,13,67.0,0,25,37,-2.107014537940451
4,13,67.0,0,26,37,-2.3251359196672823
4,13,67.0,0,27,37,-2.759050400486963
4,13,67.0,0,28,38,-1.736245073218356
4,13,67.0,0,29,38,-1.8513586039087642
4,13,67.0,0,30,38,-1.9421321321432998
4,13,67.0,0,31,38,-1.9982896228959248
4,13,67.0,0,32,38,-2.0465444095871703
4,13,67.0,0,33,38,-2.130631872303919
4,13,67.0,0,34,38,-2.3316426661330354
4,13,67.0,0,35,39,-1.322474242974078
4,13,67.0,0,36,39,-1.305161864985962
4,13,67.0,0,37,38,-2.0387060263852064
4,13,67.0,0,38,36,-3.9781216872691587
4,13,67.0,0,38,37,-2.3504562313492343
4,14,68.0,0,20,36,-6.0558086331775485
4,14,68.0,0,21,36,-3.5195326320452693
4,14,68.0,0,22,36,-2.9661108346475444
4,14,68.0,0,23,37,-1.8227901686569226
4,14,68.0,0,24,37,-1.9561030175170302
4,14,68.0,0,25,37,-2.116113563019539
4,14,68.0,0,26,37,-2.3342457895495983
4,14,68.0,0,27,37,-2.7685009513531895
4,14,68.0,0,28,38,-1.7446558800346068
4,14,68.0,0,29,38,-1.8596273811391626
4,14,68.0,0,30,38,-1.9502713618316605
4,14,68.0,0,31,38,-2.0063008093340073
4,14,68.0,0,32,38,-2.054421998615503
4,14,68.0,0,33,38,-2.1384337159065083
4,14,68.0,0,34,38,-2.3396304957069773
4,14,68.0,0,35,39,-1.3299397167279103
4,14,68.0,0,36,39,-1.3127392533415545
4,14,68.0,0,37,38,-2.046522701438395
4,14,68.0,0,38,36,-3.9858527900788623
4,14,68.0,0,38,37,-2.3579571246574744
4,15,69.0,0,20,36,-6.0970954802014035
4,15,69.0,0,21,36,-3.548604976097103
4,15,69.0,0,22,36,-2.9903012881851296
4,15,69.0,0,23,37,-1.8452924770980488
4,15,69.0,0,24,37,-1.9780404862454048
4,15,69.0,0,25,37,-2.137541418156019
4,15,69.0,0,26,37,-2.3552764202597203
4,15,69.0,0,27,37,-2.789493162367563
4,15,69.0,0,28,38,-1.7640601135719294
4,15,69.0,0,29,38,-1.8784726277602672
4,15,69.0,0,30,38,-1.9685696392877219
4,15,69.0,0,31,38,-2.0240531458499262
4,15,69.0,0,32,38,-2.071744312260897
4,15,69.0,0,33,38,-2.155512740602532
4,15,69.0,0,34,38,-2.3567543154959694
4,15,69.0,0,35,39,-1.3463249343033468
4,15,69.0,0,36,39,-1.3290868379020644
4,15,69.0,0,37,38,-2.0629750253722143
4,15,69.0,0,38,36,-4.0020516607213
4,15,69.0,0,38,37,-2.3738996871223534
4,16,70.0,0,20,36,-6.133388784318271
4,16,70.0,0,21,36,-3.5742871240468546
4,16,70.0,0,22,36,-3.0120401606004137
4,16,70.0,0,23,37,-1.8653674898306818
4,16,70.0,0,24,37,-1.9976528273440266
4,16,70.0,0,25,37,-2.1567481238653556
4,16,70.0,0,26,37,-2.3741988830430003
4,16,70.0,0,27,37,-2.8085217964725118
4,16,70.0,0,28,38,-1.7815196139746021
4,16,70.0,0,29,38,-1.8954711730844807
4,16,70.0,0,30,38,-1.9851182482263567
4,16,70.0,0,31,38,-2.0401522110627184
4,16,70.0,0,32,38,-2.0874772818263168
4,16,70.0,0,33,38,-2.1710401805811834
4,16,70.0,0,34,38,-2.372390302194706
4,16,70.0,0,35,39,-1.3612124773569505
4,16,70.0,0,36,39,-1.3439873256381993
4,16,70.0,0,37,38,-2.0780512880357946
4,16,70.0,0,38,36,-4.01691180951013
4,16,70.0,0,38,37,-2.3884761502026777
4,17,71.0,0,20,36,-6.1631842569764785
4,17,71.0,0,21,36,-3.5953980379721244
4,17,71.0,0,22,36,-3.0303606599764734
4,17,71.0,0,23,37,-1.8820888619340508
4,17,71.0,0,24,37,-2.0140410198756484
4,17,71.0,0,25,37,-2.1728590937077783
4,17,71.0,0,26,37,-2.390160698972224
4,17,71.0,0,27,37,-2.824757137189877
4,17,71.0,0,28,38,-1.7962439385649134
4,17,71.0,0,29,38,-1.909859155373745
4,17,71.0,0,30,38,-1.9991791591866601
4,17,71.0,0,31,38,-2.053885634502798
4,17,71.0,0,32,38,-2.1009280590202906
4,17,71.0,0,33,38,-2.1843352018258777
4,17,71.0,0,34,38,-2.3858679434190186
4,17,71.0,0,35,39,-1.3739468368573888
4,17,71.0,0,36,39,-1.3567909950821608
4,17,71.0,0,37,38,-2.091112741033097
4,17,71.0,0,38,36,-4.029806508056311
4,17,71.0,0,38,37,-2.401059389368445
4,18,72.0,0,20,36,-6.195017044680057
4,18,72.0,0,21,36,-3.617887979228783
4,18,72.0,0,22,36,-3.0498395325959606
4,18,72.0,0,23,37,-1.8998535656219318
4,18,72.0,0,24,37,-2.031454089907058
4,18,72.0,0,25,37,-2.189975598354387
4,18,72.0,0,26,37,-2.407115842390219
4,18,72.0,0,27,37,-2.8420065856361063
4,18,72.0,0,28,38,-1.8118781699879776
4,18,72.0,0,29,38,-1.9251365035815837
4,18,72.0,0,30,38,-2.0141070387808
4,18,72.0,0,31,38,-2.068462759434688
4,18,72.0,0,32,38,-2.1152043423031373
4,18,72.0,0,33,38,-2.1984479266668835
4,18,72.0,0,34,38,-2.4001807908284896
4,18,72.0,0,35,39,-1.3874615523141713
4,18,72.0,0,36,39,-1.370374552729782
4,18,72.0,0,37,38,-2.1049800375264134
4,18,72.0,0,38,36,-4.0434990260115455
4,18,72.0,0,38,37,-2.41441128405733
4,19,73.0,0,20,36,-6.222710308235705
4,19,73.0,0,21,36,-3.637392166306462
4,19,73.0,0,22,36,-3.0670848245105233
4,19,73.0,0,23,37,-1.9154031183681965
4,19,73.0,0,24,37,-2.046741450270943
4,19,73.0,0,25,37,-2.2050529719952507
4,19,73.0,0,26,37,-2.4221240255784338
4,19,73.0,0,27,37,-2.857433830110395
4,19,73.0,0,28,38,-1.825708205814088
4,19,73.0,0,29,38,-1.9386947190744053
4,19,73.0,0,30,38,-2.0273983905550708
4,19,73.0,0,31,38,-2.0814849493343814
4,19,73.0,0,32,38,-2.127981752507708
4,19,73.0,0,33,38,-2.211096769159962
4,19,73.0,0,34,38,-2.4130886188737044
4,19,73.0,0,35,39,-1.3995612225391056
4,19,73.0,0,36,39,-1.382581213578355
4,19,73.0,0,37,38,-2.11753834787557
4,19,73.0,0,38,36,-4.055917471127543
4,19,73.0,0,38,37,-2.4264596862721497
4,20,74.0,0,20,36,-6.24998400024262
4,20,74.0,0,21,36,-3.6564959392890586
4,20,74.0,0,22,36,-3.0840715709810382
4,20,74.0,0,23,37,-1.9306365188274697
4,20,74.0,0,24,37,-2.0617374499358974
4,20,74.0,0,25,37,-2.2198603483327517
4,20,74.0,0,26,37,-2.4368888396859063
4,20,74.0,0,27,37,-2.8726762358790907
4,20,74.0,0,28,38,-1.8393033547819329
4,20,74.0,0,29,38,-1.952039589347919
4,20,74.0,0,30,38,-2.040495169201364
4,20,74.0,0,31,38,-2.094330233734368
4,20,74.0,0,32,38,-2.140593946462758
4,20,74.0,0,33,38,-2.2235904786676954
4,20,74.0,0,34,38,-2.4258748634454044
4,20,74.0,0,35,39,-1.4115042320518256
4,20,74.0,0,36,39,-1.394643389625859
4,20,74.0,0,37,38,-2.12999528101205
4,20,74.0,0,38,36,-4.068244799976078
4,20,74.0,0,38,37,-2.4383870196908255
4,21,75.0,0,20,36,-6.263001358352753
4,21,75.0,0,21,36,-3.665394048858275
4,21,75.0,0,22,36,-3.093153527935719
4,21,75.0,0,23,37,-1.9382162387715454
4,21,75.0,0,24,37,-2.0693449075307058
4,21,75.0,0,25,37,-2.227535555416047
4,21,75.0,0,26,37,-2.4447783427814542
4,21,75.0,0,27,37,-2.8813282702747074
4,21,75.0,0,28,38,-1.8465415323339869
4,21,75.0,0,29,38,-1.9592843218040912
4,21,75.0,0,30,38,-2.047744456984077
4,21,75.0,0,31,38,-2.101579304704778
4,21,75.0,0,32,38,-2.147787725672657
4,21,75.0,0,33,38,-2.2307715950662796
4,21,75.0,0,34,38,-2.4334716716708478
4,21,75.0,0,35,39,-1.4183286796389964
4,21,75.0,0,36,39,-1.4016829898592142
4,21,75.0,0,37,38,-2.1375629773735305
4,21,75.0,0,38,36,-4.075789057469169
4,21,75.0,0,38,37,-2.445503638581034
4,22,76.0,0,20,36,-6.275347483109186
4,22,76.0,0,21,36,-3.673582777519698
4,22,76.0,0,22,36,-3.1016154450779467
4,22,76.0,0,23,37,-1.9451497826973139
4,22,76.0,0,24,37,-2.076333649668584
4,22,76.0,0,25,37,-2.2346104932471462
4,22,76.0,0,26,37,-2.4520861716738622
4,22,76.0,0,27,37,-2.8894414591867275
4,22,76.0,0,28,38,-1.8532244788714678
4,22,76.0,0,29,38,-1.9659974795687276
4,22,76.0,0,30,38,-2.054481312648022
4,22,76.0,0,31,38,-2.1083336380205537
4,22,76.0,0,32,38,-2.154501625446379
4,22,76.0,0,33,38,-2.2374862951210623
4,22,76.0,0,34,38,-2.4406309430864113
4,22,76.0,0,35,39,-1.4246958859542858
4,22,76.0,0,36,39,-1.4082683324863439
4,22,76.0,0,37,38,-2.14471579075866
4,22,76.0,0,38,36,-4.08293271281503
4,22,76.0,0,38,37,-2.452192946246761
4,23,77.0,0,20,36,-6.285057920116927
4,23,77.0,0,21,36,-3.6797142002716257
4,23,77.0,0,22,36,-3.1084020881944454
4,23,77.0,0,23,37,-1.9504283880582207
4,23,77.0,0,24,37,-2.081727717431626
4,23,77.0,0,25,37,-2.240141235072464
4,23,77.0,0,26,37,-2.457899449849151
4,23,77.0,0,27,37,-2.896129932992473
4,23,77.0,0,28,38,-1.8585090222221936
4,23,77.0,0,29,38,-1.9713679763022895
4,23,77.0,0,30,38,-2.059926335031591
4,23,77.0,0,31,38,-2.1138454169343035
4,23,77.0,0,32,38,-2.1600103573636886
4,23,77.0,0,33,38,-2.2430222985684836
4,23,77.0,0,34,38,-2.4466507472815806
4,23,77.0,0,35,39,-1.4299201851945078
4,23,77.0,0,36,39,-1.41372467679426
4,23,77.0,0,37,38,-2.150789588921114
4,23,77.0,0,38,36,-4.0890251095349655
4,23,77.0,0,38,37,-2.4578056619355664
4,24,78.0,0,20,36,-6.292002960534106
4,24,78.0,0,21,36,-3.683713570133307
4,24,78.0,0,22,36,-3.1134368537724697
4,24,78.0,0,23,37,-1.9539846575428044
4,24,78.0,0,24,37,-2.0854605043150656
4,24,78.0,0,25,37,-2.2440613221834766
4,24,78.0,0,26,37,-2.462150846510923
4,24,78.0,0,27,37,-2.9013212408094233
4,24,78.0,0,28,38,-1.86233174895969
4,24,78.0,0,29,38,-1.9753331485887315
4,24,78.0,0,30,38,-2.064017270323262
4,24,78.0,0,31,38,-2.1180527013401615
4,24,78.0,0,32,38,-2.164252666314624
4,24,78.0,0,33,38,-2.247318918479724
4,24,78.0,0,34,38,-2.4514681405379477
4,24,78.0,0,35,39,-1.4339427844492647
4,24,78.0,0,36,39,-1.4179917798868331
4,24,78.0,0,37,38,-2.155722042600935
4,24,78.0,0,38,36,-4.094004982581122
4,24,78.0,0,38,37,-2.4622821382386526
4,25,79.0,0,20,36,-6.2962988188458695
4,25,79.0,0,21,36,-3.685678809242404
4,25,79.0,0,22,36,-3.116778504350343
4,25,79.0,0,23,37,-1.9558815944263443
4,25,79.0,0,24,37,-2.087591423981358
4,25,79.0,0,25,37,-2.2464261401231695
4,25,79.0,0,26,37,-2.4648907453964526
4,25,79.0,0,27,37,-2.9050563870007977
4,25,79.0,0,28,38,-1.864738075857538
4,25,79.0,0,29,38,-1.9779349247488156
4,25,79.0,0,30,38,-2.066792297555139
4,25,79.0,0,31,38,-2.120989834731809
4,25,79.0,0,32,38,-2.167260619442878
4,25,79.0,0,33,38,-2.250407041455695
4,25,79.0,0,34,38,-2.455109949124246
4,25,79.0,0,35,39,-1.436793049254927
4,25,79.0,0,36,39,-1.4210960663654646
4,25,79.0,0,37,38,-2.1595355926874404
4,25,79.0,0,38,36,-4.09789411412973
4,25,79.0,0,38,37,-2.4656459631159997
4,26,80.0,0,20,36,-6.301215443779455
4,26,80.0,0,21,36,-3.6879440500755294
4,26,80.0,0,22,36,-3.1202300772213363
4,26,80.0,0,23,37,-1.9578563458894322
4,26,80.0,0,24,37,-2.089799164327765
4,26,80.0,0,25,37,-2.2488567729263664
4,26,80.0,0,26,37,-2.4676827158340444
4,26,80.0,0,27,37,-2.908837662886647
4,26,80.0,0,28,38,-1.8671702729838486
4,26,80.0,0,29,38,-1.9805584001465277
4,26,80.0,0,30,38,-2.0695794126326774
4,26,80.0,0,31,38,-2.1239276775065434
4,26,80.0,0,32,38,-2.1702648935228552
4,26,80.0,0,33,38,-2.25349430683314
4,26,80.0,0,34,38,-2.4587591556431505
4,26,80.0,0,35,39,-1.4396324178987534
4,26,80.0,0,36,39,-1.4241769134547404
4,26,80.0,0,37,38,-2.1633449111611576
4,26,80.0,0,38,36,-4.101784705515598
4,26,80.0,0,38,37,-2.468990682669812
4,27,81.0,0,20,36,-6.303721247331737
4,27,81.0,0,21,36,-3.688408464236339
4,27,81.0,0,22,36,-3.1221662452789474
4,27,81.0,0,23,37,-1.9583524493163935
4,27,81.0,0,24,37,-2.090578574709319
4,27,81.0,0,25,37,-2.2498992504090083
4,27,81.0,0,26,37,-2.4691230794084618
4,27,81.0,0,27,37,-2.9113078796200753
4,27,81.0,0,28,38,-1.8683336172701175
4,27,81.0,0,29,38,-1.981959308182219
4,27,81.0,0,30,38,-2.071184710969618
4,27,81.0,0,31,38,-2.125722620023623
4,27,81.0,0,32,38,-2.1721573027347176
4,27,81.0,0,33,38,-2.255492646461878
4,27,81.0,0,34,38,-2.4613451967124966
4,27,81.0,0,35,39,-1.441413998560865
4,27,81.0,0,36,39,-1.4262061606297785
4,27,81.0,0,37,38,-2.1661392668282176
4,27,81.0,0,38,36,-4.104686656263421
4,27,81.0,0,38,37,-2.471328025012653
4,28,82.0,0,20,36,-6.309271421080211
4,28,82.0,0,21,36,-3.6909456905102687
4,28,82.0,0,22,36,-3.125592753653933
4,28,82.0,0,23,37,-1.9602608297233957
4,28,82.0,0,24,37,-2.0927243141944984
4,28,82.0,0,25,37,-2.2522538403375734
4,28,82.0,0,26,37,-2.471818597559526
4,28,82.0,0,27,37,-2.914977594001016
4,28,82.0,0,28,38,-1.8706335943028236
4,28,82.0,0,29,38,-1.9844490205781256
4,28,82.0,0,30,38,-2.07382585141702
4,28,82.0,0,31,38,-2.128498620457144
4,28,82.0,0,32,38,-2.1749955781819565
4,28,82.0,0,33,38,-2.2584216998959157
4,28,82.0,0,34,38,-2.4648491766817493
4,28,82.0,0,35,39,-1.4440804818631854
4,28,82.0,0,36,39,-1.4290914494099098
4,28,82.0,0,37,38,-2.169787556979088
4,28,82.0,0,38,36,-4.108431338193775
4,28,82.0,0,38,37,-2.474490263523464
4,29,83.0,0,20,36,-6.32077919191768
4,29,83.0,0,21,36,-3.6976815183774434
4,29,83.0,0,22,36,-3.1321955834785413
4,29,83.0,0,23,37,-1.9651998392206806
4,29,83.0,0,24,37,-2.0978031727554054
4,29,83.0,0,25,37,-2.2574386493332383
4,29,83.0,0,26,37,-2.477240505247053
4,29,83.0,0,27,37,-2.9212701576429154
4,29,83.0,0,28,38,-1.8754300983650865
4,29,83.0,0,29,38,-1.9893372510213396
4,29,83.0,0,30,38,-2.0787630709993934
4,29,83.0,0,31,38,-2.1334664929623415
4,29,83.0,0,32,38,-2.17995465665404
4,29,83.0,0,33,38,-2.2634352893980285
4,29,83.0,0,34,38,-2.4704049943553947
4,29,83.0,0,35,39,-1.448741732090756
4,29,83.0,0,36,39,-1.4339267919882808
4,29,83.0,0,37,38,-2.175363612014774
4,29,83.0,0,38,36,-4.114071994447482
4,29,83.0,0,38,37,-2.479530631080877
4,30,84.0,0,20,36,-6.3371004639692785
4,30,84.0,0,21,36,-3.7078777253445665
4,30,84.0,0,22,36,-3.1414509408215636
4,30,84.0,0,23,37,-1.9726629076452653
4,30,84.0,0,24,37,-2.105328217492861
4,30,84.0,0,25,37,-2.2649887447533743
4,30,84.0,0,26,37,-2.4849472940585144
4,30,84.0,0,27,37,-2.929767748055518
4,30,84.0,0,28,38,-1.8823188547624667
4,30,84.0,0,29,38,-1.9962393578811302
4,30,84.0,0,30,38,-2.085632019841917
4,30,84.0,0,31,38,-2.140282220936463
4,30,84.0,0,32,38,-2.1867036404464315
4,30,84.0,0,33,38,-2.27020936554937
4,30,84.0,0,34,38,-2.477696834997136
4,30,84.0,0,35,39,-1.4550859818197956
4,30,84.0,0,36,39,-1.4404114210426329
4,30,84.0,0,37,38,-2.182574681055751
4,30,84.0,0,38,36,-4.121323143378895
4,30,84.0,0,38,37,-2.4861632857818172
4,31,85.0,0,20,36,-6.3386860457449075
4,31,85.0,0,21,36,-3.7077183634827264
4,31,85.0,0,22,36,-3.1426386511139057
4,31,85.0,0,23,37,-1.9723580802233087
4,31,85.0,0,24,37,-2.105347317036042
4,31,85.0,0,25,37,-2.2652871946181037
4,31,85.0,0,26,37,-2.485652366645944
4,31,85.0,0,27,37,-2.9315112670687213
4,31,85.0,0,28,38,-1.8827315283811075
4,31,85.0,0,29,38,-1.9969201992514414
4,31,85.0,0,30,38,-2.0865298255847335
4,31,85.0,0,31,38,-2.141375002472145
4,31,85.0,0,32,38,-2.187906482223326
4,31,85.0,0,33,38,-2.271542296589942
4,31,85.0,0,34,38,-2.4796513996850607
4,31,85.0,0,35,39,-1.4561854423776346
4,31,85.0,0,36,39,-1.441740493586039
4,31,85.0,0,37,38,-2.1847442708305778
4,31,85.0,0,38,36,-4.123642885683559
4,31,85.0,0,38,37,-2.4878493807370745
4,32,86.0,0,20,36,-6.343542868261309
4,32,86.0,0,21,36,-3.7098010491168907
4,32,86.0,0,22,36,-3.1454633460080075
4,32,86.0,0,23,37,-1.973615989019926
4,32,86.0,0,24,37,-2.1068766637086327
4,32,86.0,0,25,37,-2.267037627195336
4,32,86.0,0,26,37,-2.487747820934807
4,32,86.0,0,27,37,-2.934579295900541
4,32,86.0,0,28,38,-1.884407782055895
4,32,86.0,0,29,38,-1.9988113751959418
4,32,86.0,0,30,38,-2.0885804981951566
4,32,86.0,0,31,38,-2.1435613082720764
4,32,86.0,0,32,38,-2.1901641201037805
4,32,86.0,0,33,38,-2.2739121744319526
4,32,86.0,0,34,38,-2.4826238637533287
4,32,86.0,0,35,39,-1.4582718170449667
4,32,86.0,0,36,39,-1.4440261152795628
4,32,86.0,0,37,38,-2.187861253474299
4,32,86.0,0,38,36,-4.126897743137135
4,32,86.0,0,38,37,-2.490456212008837
4,33,87.0,0,20,36,-6.3572536061024465
4,33,87.0,0,21,36,-3.7181434171070293
4,33,87.0,0,22,36,-3.1530847957950883
4,33,87.0,0,23,37,-1.9794686774165413
4,33,87.0,0,24,37,-2.112850488905835
4,33,87.0,0,25,37,-2.2730802546354525
4,33,87.0,0,26,37,-2.4939826662308846
4,33,87.0,0,27,37,-2.9416298926217195
4,33,87.0,0,28,38,-1.889887019726082
4,33,87.0,0,29,38,-2.0043567908189885
4,33,87.0,0,30,38,-2.09413342197152
4,33,87.0,0,31,38,-2.149096125669324
4,33,87.0,0,32,38,-2.1956636902738325
4,33,87.0,0,33,38,-2.2794666050412644
4,33,87.0,0,34,38,-2.4887249546191264
4,33,87.0,0,35,39,-1.4634110853344886
4,33,87.0,0,36,39,-1.449302294274517
4,33,87.0,0,37,38,-2.1939223802353354
4,33,87.0,0,38,36,-4.1330454115824615
4,33,87.0,0,38,37,-2.4959407905859656
4,34,88.0,0,20,36,-6.371188252365656
4,34,88.0,0,21,36,-3.7267273394737543
4,34,88.0,0,22,36,-3.16088710105722
4,34,88.0,0,23,37,-1.9854786847576662
4,34,88.0,0,24,37,-2.118981465679269
4,34,88.0,0,25,37,-2.2792784728361895
4,34,88.0,0,26,37,-2.5003710246653483
4,34,88.0,0,27,37,-2.948828346579603
4,34,88.0,0,28,38,-1.8954950315782355
4,34,88.0,0,29,38,-2.0100297100872027
4,34,88.0,0,30,38,-2.099809651819889
4,34,88.0,0,31,38,-2.1547483134925685
4,34,88.0,0,32,38,-2.201277123655217
4,34,88.0,0,33,38,-2.2851358423023704
4,34,88.0,0,34,38,-2.4949432873982396
4,34,88.0,0,35,39,-1.4686503130518354
4,34,88.0,0,36,39,-1.4546748447860622
4,34,88.0,0,37,38,-2.2000916069607577
4,34,88.0,0,38,36,-4.1393084386659
4,34,88.0,0,38,37,-2.5015258566144283
4,35,89.0,0,20,36,-6.383402463189952
4,35,89.0,0,21,36,-3.734158301629911
4,35,89.0,0,22,36,-3.1677883638853643
4,35,89.0,0,23,37,-1.9906079375232437
4,35,89.0,0,24,37,-2.1242653327760976
4,35,89.0,0,25,37,-2.284661655305115
4,35,89.0,0,26,37,-2.505975303108002
4,35,89.0,0,27,37,-2.9552701407072988
4,35,89.0,0,28,38,-1.9003670989016115
4,35,89.0,0,29,38,-2.01499874941301
4,35,89.0,0,30,38,-2.1048112694894883
4,35,89.0,0,31,38,-2.159753413883678
4,35,89.0,0,32,38,-2.206263625852877
4,35,89.0,0,33,38,-2.2901925480077168
4,35,89.0,0,34,38,-2.500564250171024
4,35,89.0,0,35,39,-1.4732898796846179
4,35,89.0,0,36,39,-1.459456452166119
4,35,89.0,0,37,38,-2.2056941560371257
4,35,89.0,0,38,36,-4.145025736679191
4,35,89.0,0,38,37,-2.5065508658325406
4,36,90.0,0,20,36,-6.393047477125819
4,36,90.0,0,21,36,-3.7398023290369053
4,36,90.0,0,22,36,-3.1732837155559253
4,36,90.0,0,23,37,-1.99437428846295
4,36,90.0,0,24,37,-2.128234488591829
4,36,90.0,0,25,37,-2.2887762321938965
4,36,90.0,0,26,37,-2.5103551179109616
4,36,90.0,0,27,37,-2.9605275574503196
4,36,90.0,0,28,38,-1.9040965419718674
4,36,90.0,0,29,38,-2.0188716185418087
4,36,90.0,0,30,38,-2.108760402730603
4,36,90.0,0,31,38,-2.16374796462393
4,36,90.0,0,32,38,-2.2102702592342567
4,36,90.0,0,33,38,-2.2942898521152593
4,36,90.0,0,34,38,-2.5052458121816166
4,36,90.0,0,35,39,-1.4769961657881296
4,36,90.0,0,36,39,-1.4633177790978706
4,36,90.0,0,37,38,-2.210405338356466
4,36,90.0,0,38,36,-4.14987891682911
4,36,90.0,0,38,37,-2.5106982798307023
4,37,91.0,0,20,36,-6.39736799977527
4,37,91.0,0,21,36,-3.7416745318296734
4,37,91.0,0,22,36,-3.175809714066652
4,37,91.0,0,23,37,-1.9952809959995363
4,37,91.0,0,24,37,-2.129439596996775
4,37,91.0,0,25,37,-2.2902187940068828
4,37,91.0,0,26,37,-2.5121512837244353
4,37,91.0,0,27,37,-2.963284023999229
4,37,91.0,0,28,38,-1.9054283683548974
4,37,91.0,0,29,38,-2.0204398538832677
4,37,91.0,0,30,38,-2.1104948963222228
4,37,91.0,0,31,38,-2.1656160842638883
4,37,91.0,0,32,38,-2.2122144433137905
4,37,91.0,0,33,38,-2.296364389644232
4,37,91.0,0,34,38,-2.507941264753587
4,37,91.0,0,35,39,-1.4787463160561778
4,37,91.0,0,36,39,-1.465251301260519
4,37,91.0,0,37,38,-2.2132340972918563
4,37,91.0,0,38,36,-4.152896362784997
4,37,91.0,0,38,37,-2.5129980835855292
4,38,92.0,0,20,36,-6.4001016043787615
4,38,92.0,0,21,36,-3.7423744339350336
4,38,92.0,0,22,36,-3.177353482328229
4,38,92.0,0,23,37,-1.9952423359402758
4,38,92.0,0,24,37,-2.1297290210275506
4,38,92.0,0,25,37,-2.2907716952676793
4,38,92.0,0,26,37,-2.5130796851709576
4,38,92.0,0,27,37,-2.965187156579404
4,38,92.0,0,28,38,-1.9059446055290366
4,38,92.0,0,29,38,-2.0212209509049543
4,38,92.0,0,30,38,-2.1114677775503807
4,38,92.0,0,31,38,-2.166746354340937
4,38,92.0,0,32,38,-2.2134399573800465
4,38,92.0,0,33,38,-2.297734447858538
4,38,92.0,0,34,38,-2.509941935884445
4,38,92.0,0,35,39,-1.4798085751823393
4,38,92.0,0,36,39,-1.4664990228916466
4,38,92.0,0,37,38,-2.215395190002546
4,38,92.0,0,38,36,-4.155267642522844
4,38,92.0,0,38,37,-2.514641144184729
4,39,93.0,0,20,36,-6.395953642857904
4,39,93.0,0,21,36,-3.7381525648658567
4,39,93.0,0,22,36,-3.174986513273822
4,39,93.0,0,23,37,-1.9914518336685276
4,39,93.0,0,24,37,-2.1263873089849525
4,39,93.0,0,25,37,-2.2878085978977154
4,39,93.0,0,26,37,-2.5106009468851056
4,39,93.0,0,27,37,-2.963781520775129
4,39,93.0,0,28,38,-1.9033017020692213
4,39,93.0,0,29,38,-2.0189606143920784
4,39,93.0,0,30,38,-2.109513653352593
4,39,93.0,0,31,38,-2.1650622462255242
4,39,93.0,0,32,38,-2.2119335440540837
4,39,93.0,0,33,38,-2.296423051983961
4,39,93.0,0,34,38,-2.5093034717299822
4,39,93.0,0,35,39,-1.4782812828677194
4,39,93.0,0,36,39,-1.4651907047686983
4,39,93.0,0,37,38,-2.21505072724883
4,39,93.0,0,38,36,-4.155191402749271
4,39,93.0,0,38,37,-2.5138285395483386
4,40,94.0,0,20,36,-6.390434706640633
4,40,94.0,0,21,36,-3.7328669661122404
4,40,94.0,0,22,36,-3.1716667956139375
4,40,94.0,0,23,37,-1.9867583273909872
4,40,94.0,0,24,37,-2.1221659700299966
4,40,94.0,0,25,37,-2.283983842093228
4,40,94.0,0,26,37,-2.507271902820321
4,40,94.0,0,27,37,-2.9615234676950095
4,40,94.0,0,28,38,-1.8998574650978242
4,40,94.0,0,29,38,-2.015921324438615
4,40,94.0,0,30,38,-2.106799771014309
4,40,94.0,0,31,38,-2.162635817615268
4,40,94.0,0,32,38,-2.209700860689914
4,40,94.0,0,33,38,-2.294397993655938
4,40,94.0,0,34,38,-2.5079538764166216
4,40,94.0,0,35,39,-1.4760575639997349
4,40,94.0,0,36,39,-1.463181351090654
4,40,94.0,0,37,38,-2.214015506466769
4,40,94.0,0,38,36,-4.154444932364168
4,40,94.0,0,38,37,-2.5123394421711183
4,41,95.0,0,20,36,-6.388676252434649
4,41,95.0,0,21,36,-3.7301777577958006
4,41,95.0,0,22,36,-3.170241507838419
4,41,95.0,0,23,37,-1.9838991665169985
4,41,95.0,0,24,37,-2.1197117701482355
4,41,95.0,0,25,37,-2.281855635768892
4,41,95.0,0,26,37,-2.5055635201989546
4,41,95.0,0,27,37,-2.960794992060535
4,41,95.0,0,28,38,-1.8978930007253112
4,41,95.0,0,29,38,-2.01429560858724
4,41,95.0,0,30,38,-2.1054306317243103
4,41,95.0,0,31,38,-2.1614836564593816
4,41,95.0,0,32,38,-2.2086961162562915
4,41,95.0,0,33,38,-2.2935774132016817
4,41,95.0,0,34,38,-2.5077754428206163
4,41,95.0,0,35,39,-1.474982841764131
4,41,95.0,0,36,39,-1.4622841836196372
4,41,95.0,0,37,38,-2.214066381170504
4,41,95.0,0,38,36,-4.154769399480195
4,41,95.0,0,38,37,-2.5119159201003995
4,42,96.0,0,20,36,-6.389154173094596
4,42,96.0,0,21,36,-3.729073948119847
4,42,96.0,0,22,36,-3.169958772054585
4,42,96.0,0,23,37,-1.9821518108906915
4,42,96.0,0,24,37,-2.1183278435838204
4,42,96.0,0,25,37,-2.2807542370954152
4,42,96.0,0,26,37,-2.504833986417445
4,42,96.0,0,27,37,-2.9609813296470477
4,42,96.0,0,28,38,-1.89681874463502
4,42,96.0,0,29,38,-2.0135193259710675
4,42,96.0,0,30,38,-2.104867995993054
4,42,96.0,0,31,38,-2.1610935189705742
4,42,96.0,0,32,38,-2.208424556228735
4,42,96.0,0,33,38,-2.2934759782001635
4,42,96.0,0,34,38,-2.508292374100325
4,42,96.0,0,35,39,-1.474590516986101
4,42,96.0,0,36,39,-1.4620445661285508
4,42,96.0,0,37,38,-2.214757753848321
4,42,96.0,0,38,36,-4.15572891738368
4,42,96.0,0,38,37,-2.51212286503754
4,43,97.0,0,20,36,-6.38861780606959
4,43,97.0,0,21,36,-3.7272867282227367
4,43,97.0,0,22,36,-3.1690747993531474
4,43,97.0,0,23,37,-1.9798424368115093
4,43,97.0,0,24,37,-2.1163963280675944
4,43,97.0,0,25,37,-2.279117997565244
4,43,97.0,0,26,37,-2.503577621012866
4,43,97.0,0,27,37,-2.9606319110598918
4,43,97.0,0,28,38,-1.895247111295518
4,43,97.0,0,29,38,-2.012259952745815
4,43,97.0,0,30,38,-2.1038346326078994
4,43,97.0,0,31,38,-2.160243522461464
4,43,97.0,0,32,38,-2.2077029700001916
4,43,97.0,0,33,38,-2.292932240413414
4,43,97.0,0,34,38,-2.50836409592322
4,43,97.0,0,35,39,-1.4737636078759806
4,43,97.0,0,36,39,-1.4613671627646987
4,43,97.0,0,37,38,-2.2150147092709034
4,43,97.0,0,38,36,-4.156270535010826
4,43,97.0,0,38,37,-2.5119084755281555
4,44,98.0,0,20,36,-6.390994832698894
4,44,98.0,0,21,36,-3.7275927879809245
4,44,98.0,0,22,36,-3.1697504523008533
4,44,98.0,0,23,37,-1.9790474623686478
4,44,98.0,0,24,37,-2.115924803414231
4,44,98.0,0,25,37,-2.2788872636884747
4,44,98.0,0,26,37,-2.5036685697352112
4,44,98.0,0,27,37,-2.961554634870282
4,44,98.0,0,28,38,-1.8949084387299209
4,44,98.0,0,29,38,-2.0121805784997733
4,44,98.0,0,30,38,-2.1039269258903843
4,44,98.0,0,31,38,-2.16046345638501
4,44,98.0,0,32,38,-2.208013897937626
4,44,98.0,0,33,38,-2.2934013960869812
4,44,98.0,0,34,38,-2.509419165627431
4,44,98.0,0,35,39,-1.4739022807314228
4,44,98.0,0,36,39,-1.4616277940921556
4,44,98.0,0,37,38,-2.2161859238927057
4,44,98.0,0,38,36,-4.1577158027259316
4,44,98.0,0,38,37,-2.5125947010139775
4,45,99.0,0,20,36,-6.39621126588338
4,45,99.0,0,21,36,-3.7299728272181127
4,45,99.0,0,22,36,-3.171998040830495
4,45,99.0,0,23,37,-1.979776915891243
4,45,99.0,0,24,37,-2.116924396521725
4,45,99.0,0,25,37,-2.2800757473453643
4,45,99.0,0,26,37,-2.505124129795398
4,45,99.0,0,27,37,-2.9637710893951734
4,45,99.0,0,28,38,-1.8958209480429815
4,45,99.0,0,29,38,-2.013300748643296
4,45,99.0,0,30,38,-2.105166287903053
4,45,99.0,0,31,38,-2.1617767092238225
4,45,99.0,0,32,38,-2.2093814005641548
4,45,99.0,0,33,38,-2.294907398495294
4,45,99.0,0,34,38,-2.511482452355768
4,45,99.0,0,35,39,-1.4750299060342478
4,45,99.0,0,36,39,-1.4628525368602467
4,45,99.0,0,37,38,-2.218297915228849
4,45,99.0,0,38,36,-4.160091283595932
4,45,99.0,0,38,37,-2.5142081995389063
4,46,100.0,0,20,36,-6.389503111381998
4,46,100.0,0,21,36,-3.723984793382016
4,46,100.0,0,22,36,-3.1677101735441084
4,46,100.0,0,23,37,-1.9742478104388752
4,46,100.0,0,24,37,-2.1118687170135644
4,46,100.0,0,25,37,-2.2754098613502833
4,46,100.0,0,26,37,-2.500919767030858
4,46,100.0,0,27,37,-2.9605039888570346
4,46,100.0,0,28,38,-1.891503571283252
4,46,100.0,0,29,38,-2.0093909383935937
4,46,100.0,0,30,38,-2.101574065609462
4,46,100.0,0,31,38,-2.158455425267938
4,46,100.0,0,32,38,-2.206255020326175
4,46,100.0,0,33,38,-2.2920013262425485
4,46,100.0,0,34,38,-2.509201889107068
4,46,100.0,0,35,39,-1.4719051093094428
4,46,100.0,0,36,39,-1.459892577599227
4,46,100.0,0,37,38,-2.2162984371205887
4,46,100.0,0,38,36,-4.158446235692534
4,46,100.0,0,38,37,-2.5118009436765334
4,47,101.0,0,20,36,-6.377709140059636
4,47,101.0,0,21,36,-3.714345763197258
4,47,101.0,0,22,36,-3.1604749955813602
4,47,101.0,0,23,37,-1.9659173274671318
4,47,101.0,0,24,37,-2.1040948310079344
4,47,101.0,0,25,37,-2.2681053111447014
4,47,101.0,0,26,37,-2.4941483556607693
4,47,101.0,0,27,37,-2.9547206170264886
4,47,101.0,0,28,38,-1.8848066938574632
4,47,101.0,0,29,38,-2.0031837655417917
4,47,101.0,0,30,38,-2.095764927784849
4,47,101.0,0,31,38,-2.1529963517914155
4,47,101.0,0,32,38,-2.2010500090138763
4,47,101.0,0,33,38,-2.2870523416764676
4,47,101.0,0,34,38,-2.504897600998973
4,47,101.0,0,35,39,-1.4668072757944728
4,47,101.0,0,36,39,-1.4549780291463357
4,47,101.0,0,37,38,-2.212368101177802
4,47,101.0,0,38,36,-4.154915330265567
4,47,101.0,0,38,37,-2.50750997393175
4,48,102.0,0,20,36,-6.369815569738535
4,48,102.0,0,21,36,-3.7074013420119627
4,48,102.0,0,22,36,-3.155203035885286
4,48,102.0,0,23,37,-1.9595062394839715
4,48,102.0,0,24,37,-2.098165878422023
4,48,102.0,0,25,37,-2.262569616396526
4,48,102.0,0,26,37,-2.4890632403639827
4,48,102.0,0,27,37,-2.9505186041124887
4,48,102.0,0,28,38,-1.8796549393446682
4,48,102.0,0,29,38,-1.9984494885552522
4,48,102.0,0,30,38,-2.0913553270623595
4,48,102.0,0,31,38,-2.148862283249592
4,48,102.0,0,32,38,-2.197120838601201
4,48,102.0,0,33,38,-2.283352740536266
4,48,102.0,0,34,38,-2.501800105195702
4,48,102.0,0,35,39,-1.46290387250178
4,48,102.0,0,36,39,-1.4512182806160858
4,48,102.0,0,37,38,-2.2095538924195957
4,48,102.0,0,38,36,-4.152483629825259
4,48,102.0,0,38,37,-2.504321304676072
4,49,103.0,0,20,36,-6.355886126516069
4,49,103.0,0,21,36,-3.6961833789355794
4,49,103.0,0,22,36,-3.1465039657529417
4,49,103.0,0,23,37,-1.949840229526238
4,49,103.0,0,24,37,-2.0890793783363932
4,49,103.0,0,25,37,-2.253970627654823
4,49,103.0,0,26,37,-2.481000827197313
4,49,103.0,0,27,37,-2.943400465110436
4,49,103.0,0,28,38,-1.8717471124633533
4,49,103.0,0,29,38,-1.9910554521816053
4,49,103.0,0,30,38,-2.0843809479679862
4,49,103.0,0,31,38,-2.1422572655412466
4,49,103.0,0,32,38,-2.190790079175123
4,49,103.0,0,33,38,-2.2772925607004098
4,49,103.0,0,34,38,-2.496363795692581
4,49,103.0,0,35,39,-1.4567226483404667
4,49,103.0,0,36,39,-1.445204672540573
4,49,103.0,0,37,38,-2.204510997127631
4,49,103.0,0,38,36,-4.147873872176266
4,49,103.0,0,38,37,-2.4989601407617528
4,50,104.0,0,20,36,-6.341391741315007
4,50,104.0,0,21,36,-3.6845262961379817
4,50,104.0,0,22,36,-3.1373263593038985
4,50,104.0,0,23,37,-1.939757857908468
4,50,104.0,0,24,37,-2.079577431379157
4,50,104.0,0,25,37,-2.2449544979489815
4,50,104.0,0,26,37,-2.472511341423221
4,50,104.0,0,27,37,-2.935818282763279
4,50,104.0,0,28,38,-1.8634356763952908
4,50,104.0,0,29,38,-1.9832596779579816
4,50,104.0,0,30,38,-2.077005608051401
4,50,104.0,0,31,38,-2.1352510118753827
4,50,104.0,0,32,38,-2.184061587009751
4,50,104.0,0,33,38,-2.2708379584956404
4,50,104.0,0,34,38,-2.490515832920707
4,50,104.0,0,35,39,-1.4501554324250918
4,50,104.0,0,36,39,-1.4387919808247247
4,50,104.0,0,37,38,-2.199054558945548
4,50,104.0,0,38,36,-4.1428636694978564
4,50,104.0,0,38,37,-2.4932059191723575
4,51,105.0,0,20,36,-6.331438825275924
4,51,105.0,0,21,36,-3.6760743430074996
4,51,105.0,0,22,36,-3.1305131332054046
4,51,105.0,0,23,37,-1.9319909797796555
4,51,105.0,0,24,37,-2.0723019953059847
4,51,105.0,0,25,37,-2.2380756137808433
4,51,105.0,0,26,37,-2.4660632606677453
4,51,105.0,0,27,37,-2.930153807174271
4,51,105.0,0,28,38,-1.8570001133349265
4,51,105.0,0,29,38,-1.9772537655558367
4,51,105.0,0,30,38,-2.071333707096535
4,51,105.0,0,31,38,-2.1298608887992287
4,51,105.0,0,32,38,-2.1788907695526376
4,51,105.0,0,33,38,-2.265908388636344
4,51,105.0,0,34,38,-2.4861406323389517
4,51,105.0,0,35,39,-1.4450491774666254
4,51,105.0,0,36,39,-1.4337959025484146
4,51,105.0,0,37,38,-2.1949645218214116
4,51,105.0,0,38,36,-4.13919719096484
4,51,105.0,0,38,37,-2.488803562157532
4,52,106.0,0,20,36,-6.3289668663664
4,52,106.0,0,21,36,-3.6729800454550627
4,52,106.0,0,22,36,-3.1277836889665807
4,52,106.0,0,23,37,-1.9281871419179097
4,52,106.0,0,24,37,-2.0688490569023514
4,52,106.0,0,25,37,-2.2348816702144134
4,52,106.0,0,26,37,-2.4631585691072004
4,52,106.0,0,27,37,-2.927864423922422
4,52,106.0,0,28,38,-1.8538300302418094
4,52,106.0,0,29,38,-1.974377113866474
4,52,106.0,0,30,38,-2.0686553940567833
4,52,106.0,0,31,38,-2.12732799595706
4,52,106.0,0,32,38,-2.1764827448989834
4,52,106.0,0,33,38,-2.263687547212598
4,52,106.0,0,34,38,-2.484403152882347
4,52,106.0,0,35,39,-1.4425430903843726
4,52,106.0,0,36,39,-1.431341064691118
4,52,106.0,0,37,38,-2.1933460666816806
4,52,106.0,0,38,36,-4.137958302686005
4,52,106.0,0,38,37,-2.4868366008836027
