,fast,slow,pumping,level_est,level_nat,pct_rfrch
2009-01-01,,,-1.7965327442428213e-15,3.6857867822328023,,
2009-01-02,3.04587935425283e-18,,-2.9646869906446603e-08,3.6857867525859342,3.6856302146403026,
2009-01-03,8.731073109795601e-05,,-8.62686937924628e-06,3.6858654660945227,3.6857175253714005,
2009-01-04,0.0004958654362760658,,-0.00014876244182861556,3.6861338852272514,3.6861260800765785,
2009-01-05,0.000866729508548949,,-0.0007733754991058884,3.6858801362422473,3.6864969441488515,
2009-01-06,0.0009887206217168098,,-0.0022267235681279894,3.684548779286393,3.6866189352620196,
2009-01-07,0.0009109540987825793,,-0.0047361014190603155,3.6819616349125264,3.686541168739085,
2009-01-08,0.0007386078324886788,,-0.00854822351577076,3.677977166549522,3.686368822472791,
2009-01-09,0.0005500782782543529,,-0.013927486639088526,3.67240937387197,3.6861802929185568,
2009-01-10,0.0045765081186784715,,-0.0210809904062779,3.6692822999452046,3.690206722758981,
2009-01-11,0.024059849090875406,,-0.030125505347064457,3.679721125976615,3.709690063731178,
2009-01-12,0.041770067513632,,-0.04097887163775943,3.6865779781086765,3.7274002821539347,
2009-01-13,0.047650936136229144,,-0.05319114265335602,3.6802465757156773,3.7332811507765316,
2009-01-14,0.04428620251888081,,-0.06607635580465998,3.6639966289470247,3.7299164171591834,
2009-01-15,0.03662074271932233,,-0.07895779195395784,3.6434497329981688,3.7222509573596247,
2009-01-16,0.028903149496624998,,-0.09130730406088103,3.623382627668548,3.7145333641369276,
2009-01-17,0.022033105536657997,,-0.1028544895189578,3.604965398250504,3.7076633201769607,
2009-01-18,0.016198672629439536,,-0.11353386271736861,3.588451592144875,3.701828887269742,
2009-01-19,0.01179725896842958,,-0.12349381402713157,3.574090227174102,3.697427473608732,
2009-01-20,0.008509853042787858,4.158640611673197e-16,-0.1329977743655556,3.561298860910037,3.6941400676830907,0.999999999999951
2009-01-21,0.005995199976066435,0.00024787807762968435,-0.14218659800354333,3.5498432622829568,3.6918732926939986,0.9602955344306592
2009-01-22,0.004102227065113552,0.0005159249647429419,-0.15115470972856757,3.539250224534093,3.690248366670159,0.8882832437287748
2009-01-23,0.0027261779179037146,0.0007612717960236116,-0.16011226415319585,3.5291619677935357,3.68911766435423,0.7817110328549169
2009-01-24,0.001763659866010949,0.0009855395969981604,-0.16934773650937068,3.5191882451864425,3.6883794141033115,0.6415176089408051
2009-01-25,0.0011140536718121784,0.0011921888629245828,-0.17911529286474195,3.508977731902799,3.6879364571750393,0.48306006633397675
2009-01-26,0.0004750043826180159,0.0013841662597944419,-0.18957907102174903,3.4980668818534677,3.687489385282715,0.2554926222380807
2009-01-27,0.0002972639427036682,0.0015637792200841603,-0.20081530965932143,3.4868325157362703,3.6874912578030905,0.15972974117288558
2009-01-28,0.00018206221108097296,0.0022836654225087422,-0.21281718463356317,3.4754353252328305,3.6880959422738924,0.07383711347547287
2009-01-29,0.00010503333709518691,0.0031677503702800384,-0.22548780678554092,3.463571759154638,3.688902998347678,0.03209296625942437
2009-01-30,6.230811425066031e-05,0.004093413372977787,-0.2386679058631052,3.4512745978569273,3.689785936127531,0.014993332551795985
2009-01-31,2.307520987120726e-05,0.005070779256017304,-0.2522010838363398,3.438679552862353,3.6907240691061913,0.0045300096470624815
2009-02-01,1.3497665351431417e-05,0.00605873986894705,-0.2659565137288389,3.4259025060382635,3.691702452174601,0.0022228487069537515
2009-02-02,7.801018742434073e-06,0.00714741410593153,-0.27954006383299973,3.4134019335244785,3.6927854297649767,0.001090256352395769
2009-02-03,-8.528462191907923e-18,0.008261353818598919,-0.2931544565433662,3.400893679508037,3.6938915684589015,-1.0323322761830716e-15
2009-02-04,-4.2642310959539616e-18,0.009373976507848644,-0.3067868263272693,3.3883739324133835,3.695004191148151,-4.549009795771952e-16
2009-02-05,-7.310110450206791e-18,0.010506241068815035,-0.32029084974415356,3.3760021735574655,3.6961364557091176,-6.957874279036775e-16
2009-02-06,-1.4620220900413582e-17,0.011635425743388099,-0.33354784070744203,3.36387436726875,3.6972656403836908,-1.2565265098891313e-15
2009-02-07,-8.528462191907923e-18,0.012752999820662879,-0.34633674925662283,3.352203032796844,3.6983832144609656,-6.687416538726678e-16
2009-02-08,1.0965165675310187e-17,0.013876868551273208,-0.3584214665644297,3.341242184219648,3.699507083191576,7.901757975724373e-16
2009-02-09,-1.4620220900413582e-17,0.01498613203611755,-0.36963465111939253,3.331138263149529,3.70061634667642,-9.755833503386942e-16
2009-02-10,0.0002619321932938753,0.01609724049826663,-0.3802193806764969,3.321926574247868,3.7019893873318632,0.016011334939266385
2009-02-11,0.001487596308828196,0.017215754737548095,-0.3902890654213787,3.3142010678578018,3.704333565686679,0.07953635180880661
2009-02-12,0.0032113636433325366,0.018343148329637408,-0.3999604475991197,3.3073808466066543,3.7071847266132725,0.1489880006264902
2009-02-13,0.006437219919082852,0.019480019282263686,-0.4091927737646246,3.302511247669526,3.711547453841649,0.24837598901153035
2009-02-14,0.008799968856190402,0.020626592490302218,-0.4174917364391757,3.297721607140121,3.7150567759867954,0.29904849406535494
2009-02-15,0.009136867849483586,0.021782901618980346,-0.4246388330428294,3.292067718658439,3.7165499841087666,0.2955024570542989
2009-02-16,0.008725399375024733,0.022687949124005607,-0.43023171878773686,3.2869684119440974,3.717043563139333,0.27776088166131246
2009-02-17,0.010381268126657005,0.023494318595773975,-0.4342452151252337,3.2854171538300014,3.719505801362734,0.3064527918503318
2009-02-18,0.012055173901320632,0.02425438173447993,-0.437103690468504,3.2849926474001006,3.7219397702761032,0.3320110557738264
2009-02-19,0.011976798973966538,0.02495702142341264,-0.43880211268076574,3.2839184899494174,3.722564035037682,0.32427728421012225
2009-02-20,0.011272724458500936,0.025625352127978812,-0.43925357088632133,3.2834312879329626,3.7225282912267823,0.3055098124716752
2009-02-21,0.013141449867551521,0.02619125982584278,-0.43856005386551444,3.286559438060684,3.724962924333697,0.33410995504737756
2009-02-22,0.014658493257157353,0.026705457348743473,-0.43701636987579784,3.290134362962907,3.7269941652462033,0.3543784634310589
2009-02-23,0.01404303672013498,0.02718698488285359,-0.4348440092177309,3.292172794618062,3.726860236243291,0.34060221591339324
2009-02-24,0.012660224192894825,0.027616697854231275,-0.43214076738372353,3.2939229368962066,3.725907136687429,0.3143294857060254
2009-02-25,0.013628513752579792,0.02801412420200826,-0.42913402654402405,3.298295393643368,3.727272852594891,0.3272730648678381
2009-02-26,0.014403167622025795,0.028387516056133277,-0.4262065402359451,3.302370925675018,3.7284208983184617,0.3365958751759173
2009-02-27,0.013430381277466378,0.0287406564005015,-0.4235466436757966,3.3044111762349755,3.7278012523182706,0.31847405273793006
2009-02-28,0.017007268174075257,0.029154416313637934,-0.42113614277662537,3.310812323943892,3.731791899128016,0.3684282400613449
2009-03-01,0.041939093954906616,0.029584946985070214,-0.41893560241272076,3.33837522076006,3.7571542555802795,0.5863635975224333
2009-03-02,0.06519472460955293,0.03020070090385802,-0.4169691258243882,3.364213081921827,3.7810256401537137,0.6834156277272192
2009-03-03,0.07216938713161264,0.030891514742057792,-0.4150516780033021,3.3737960061031727,3.788691116513973,0.7002596117398249
2009-03-04,0.06573299080745952,0.0316192787659899,-0.41289225225358556,3.370246799552668,3.782982484213752,0.6752075847380827
2009-03-05,0.05304284500255899,0.03237276658673018,-0.41045769141611255,3.360744702405981,3.771045826229592,0.6209970755417548
2009-03-06,0.04028586433703696,0.03335480968062444,-0.4081687521788155,3.35125870407165,3.759270888657964,0.5470599620988683
2009-03-07,0.03255241691649449,0.034465639202944494,-0.4062056692735038,3.3465991690787393,3.7526482707597415,0.4857260684863773
2009-03-08,0.02709527268447179,0.0356454255880609,-0.4046250034116483,3.3439024770936885,3.748370912912835,0.43186119106892146
2009-03-09,0.021803923325172666,0.03687494661340628,-0.4033567612883438,3.341108890883039,3.7443090845788816,0.3715804913761211
2009-03-10,0.016602504885123187,0.03840578190639838,-0.4020375653191138,3.338757503705212,3.740638501431824,0.30181825054915423
2009-03-11,0.012252493662051679,0.040079223726206606,-0.4004680704392073,3.337650429181855,3.737961932028561,0.2341313122049532
2009-03-12,0.009724098661015182,0.04183846804503723,-0.3987525898150499,3.3385967591238064,3.737192781346355,0.1885883361169794
2009-03-13,0.008079967962829985,0.0436651231026717,-0.39727681888715943,3.3402550544111462,3.7373753057058043,0.15614945874966057
2009-03-14,0.0064997373596804645,0.045783431544135895,-0.3959541734262816,3.342115777710339,3.737913383544119,0.12431796878337308
2009-03-15,0.00495303691561782,0.04804876110701169,-0.3947528467884237,3.3440357334670097,3.738632012662932,0.09345035641060866
2009-03-16,0.003281781162200152,0.05040851202846126,-0.3935892970962982,3.3458877783271674,3.739320507830964,0.06112429206795553
2009-03-17,0.0031687455561514523,0.05284489403611766,-0.39241109132273727,3.349389330502336,3.7416438542325716,0.05657096341564628
2009-03-18,0.0065044840209235975,0.055608244079957306,-0.39115065956406814,3.356748850769617,3.7477429427411835,0.10472063005120763
2009-03-19,0.009672971633074035,0.05851236737445548,-0.3899364450647855,3.364035676175548,3.753815553647832,0.1418629249904569
2009-03-20,0.010523336180529289,0.06151440769893107,-0.38867843744457986,3.3691460886676845,3.7576679585197628,0.1460808683589234
2009-03-21,0.009502657863425076,0.064417364822292,-0.387117534175397,3.372589270743124,3.7595502373260197,0.12855323250950776
2009-03-22,0.007579699348009368,0.06731796202584611,-0.38517088490708357,3.375513558699576,3.7605278760141583,0.10120074791354185
2009-03-23,0.0058794301499073085,0.07024559085945906,-0.3832711326755866,3.378640670566584,3.761755235649669,0.07723387227944288
2009-03-24,0.0054127521982079,0.0734660745307117,-0.3816809214482829,3.382984687513441,3.764509041369222,0.06862110432765102
2009-03-25,0.00522376301794285,0.07661896522619178,-0.3802749626497632,3.3873545478271754,3.7674729428844373,0.06382684363063394
2009-03-26,0.004660075954200951,0.079747534045859,-0.37884706333555035,3.3913473288973135,3.7700378246403625,0.05520919208822097
2009-03-27,0.0037832179235969773,0.08289315228923395,-0.3774826661373278,3.3949804863083073,3.7723065848531334,0.04364762754032514
2009-03-28,0.0028612269078748436,0.08606419555794355,-0.3760587586452517,3.3986534460533706,3.774555637106121,0.032175578462668046
2009-03-29,0.002039285414996123,0.08907981849993506,-0.37453974887618313,3.402366137271552,3.776749318555234,0.02238043755237102
2009-03-30,0.0013875311766418093,0.09204719280525067,-0.37307451029018174,3.406146995924515,3.779064938622195,0.014850273190839744
2009-03-31,0.0009099011023868158,0.09500278610356318,-0.3719946867710425,3.4097047826677116,3.7815429018462527,0.00948676477422655
2009-04-01,0.0005791634972714276,0.09795665138876689,-0.37141041616310755,3.412912180955735,3.784166029526341,0.005877695312524281
2009-04-02,0.0003151066881747538,0.10067891308742231,-0.37107877313173826,3.415702028876663,3.7866242344159,0.0031200529385294576
2009-04-03,0.00019362102312264388,0.10330988007261326,-0.3708590577860003,3.4184312255425398,3.7891337157360385,0.0018706712437055967
2009-04-04,0.00011671517406991833,0.10615954823963446,-0.3707433444810652,3.4213197011654435,3.791906478054007,0.0010982242913036766
2009-04-05,6.922562961358188e-05,0.10909000362524215,-0.37050635169744023,3.4244396597902194,3.794789443895158,0.0006341711102774437
2009-04-06,4.049299605428755e-05,0.11179577846931095,-0.3701659731683798,3.4274570805297895,3.7974664861056677,0.0003620739096870544
2009-04-07,2.340305622732415e-05,0.11436734089013857,-0.3696543673841601,3.43052315879501,3.8000209585866687,0.0002045887230027727
2009-04-08,-1.644774851296528e-17,0.11688327841855789,-0.3689357778232762,3.4337342828280857,3.8025134930588607,-1.407194316886463e-16
2009-04-09,-1.218351741701132e-17,0.11936675037850447,-0.3680091024095485,3.43714443020176,3.804996965018807,-1.0206793247179932e-16
2009-04-10,-1.3401869158712452e-17,0.12190550089905179,-0.36699683158758434,3.4406954515442716,3.8075357155393545,-1.0993654150037373e-16
2009-04-11,-9.746813933609055e-18,0.12445930351401482,-0.36613915128745,3.444106934459369,3.8100895181543173,-7.831326110957635e-17
2009-04-12,7.310110450206791e-18,0.12675522197665112,-0.3654061109860056,3.4471358932234497,3.8123854366169536,5.7671079236115e-17
2009-04-13,-2.436703483402264e-18,0.1289441324272753,-0.3647305952102667,3.4500003194498126,3.8145743470675777,-1.8897358394935642e-17
2009-04-14,7.310110450206791e-18,0.13107821328151686,-0.36414274838594307,3.452722247128378,3.8167084279218195,5.576907303814751e-17
2009-04-15,1.7056924383815846e-17,0.13317269968071946,-0.36357634868218236,3.4553831332313414,3.8188029143210223,1.280812390580779e-16
2009-04-16,1.4620220900413582e-17,0.13523584522880938,-0.36302559128505707,3.4579970361765566,3.820866059869112,1.0810906587434131e-16
2009-04-17,4.873406966804528e-18,0.13719473467453938,-0.3625948067547831,3.4603867101525605,3.822824949314842,3.552182216296771e-17
2009-04-18,9.746813933609055e-18,0.1390990153007637,-0.3622212697475197,3.462664527786048,3.8247292299410662,7.00710491194652e-17
2009-04-19,3.411384876763169e-17,0.1409673538144444,-0.3617757812275942,3.4649783548196544,3.826597568454747,2.4199822047121503e-16
2009-04-20,0.0024447004707427535,0.14280659031430643,-0.3611589115342963,3.469879161483557,3.830881505425352,0.01683083473840212
2009-04-21,0.013884232215729904,0.14462099672840198,-0.3603963998606596,3.4838956113162762,3.8441354435844346,0.08759478982629437
2009-04-22,0.024268426239370658,0.14641364895656422,-0.3594509801066259,3.497017877322113,3.8563122898362376,0.14218497291828486
2009-04-23,0.02768417740807033,0.14792599879445095,-0.3583031377572815,3.503093820678044,3.861240390842824,0.1576456331103713
2009-04-24,0.02550671476591223,0.1493126798945134,-0.35670829096165246,3.5038978859315772,3.860449609300728,0.14590323239282016
2009-04-25,0.02068101930968278,0.15062782300238484,-0.3545190876718519,3.5025765368730197,3.85693905695237,0.12072359506118696
2009-04-26,0.015489502522219738,0.1518879391443259,-0.3517411892374672,3.5014230346618826,3.8530076563068483,0.09254235438177141
2009-04-27,0.01129247016362106,0.15310222894055522,-0.3484707253184159,3.5017107560185643,3.850024913744479,0.06869120613472497
2009-04-28,0.00809935769802568,0.15427681427763776,-0.3447644903791609,3.5033984638293068,3.848006386615966,0.049880210867636374
2009-04-29,0.005666151513621811,0.15533789025601105,-0.34074522956949904,3.506045594432938,3.8466342564099354,0.03519260418150887
2009-04-30,0.004375814241668168,0.156334734798492,-0.3364861147708751,3.510011216502089,3.846340763680463,0.027227921675351194
2009-05-01,0.005520929999289861,0.15728589872810148,-0.3321785689672986,3.516415041992897,3.848437043367694,0.03391092402232263
2009-05-02,0.007014418416396638,0.15819824175733713,-0.32814253571840357,3.5228569066881343,3.8508428748140364,0.042456906202106064
2009-05-03,0.008741550085104743,0.1590761321400233,-0.32441176071385946,3.529192703744073,3.853447896865431,0.052089565111368426
2009-05-04,0.0124728367779382,0.15992278691544942,-0.32085834709562006,3.5373240588305714,3.85802583833369,0.07235007774977878
2009-05-05,0.015586864315929193,0.1607407496885452,-0.31728664677234264,3.544827749464936,3.861957828644777,0.08839718273244296
2009-05-06,0.015859358042365258,0.16153211763034564,-0.31348175681291474,3.5496965010926003,3.8630216903130137,0.08940315752052222
2009-05-07,0.014031342294354685,0.16229866825292957,-0.30926822292383965,3.552848569856249,3.8619602251875866,0.0795743291275541
2009-05-08,0.01115828920224021,0.1633028622994667,-0.30453639846448044,3.5557115352700306,3.8600913661420093,0.06395858966992453
2009-05-09,0.008224488050784825,0.16439332836449919,-0.2992762812297674,3.559128317418321,3.8582480310555867,0.0476456499194634
2009-05-10,0.005730821131247457,0.1655187183084852,-0.29343696683616005,3.5635993548363767,3.856879754080035,0.033464738941760996
2009-05-11,0.003912415401221062,0.16666493418924702,-0.2871382436091957,3.5692258882140764,3.8562075642307705,0.02293631253278477
2009-05-12,0.003919861180732503,0.16782489473921364,-0.2804550471311313,3.577076491021619,3.8573749705602487,0.022823760526112558
2009-05-13,0.007955514251081569,0.1689943583565136,-0.2734432962523787,3.5892933585880207,3.8625800872478977,0.0449591408789751
2009-05-14,0.011968340955004344,0.17019662714988706,-0.2661738392931291,3.6017779110445662,3.867795182745194,0.06570056295408522
2009-05-15,0.01322579318270493,0.1714144822790683,-0.2587193627188812,3.611707694975696,3.870270490102076,0.0716300555208125
2009-05-16,0.012060305876404148,0.1726412548366797,-0.25113479532003535,3.6193535476258525,3.8703317753533866,0.06529617741096772
2009-05-17,0.0097689499798025,0.1738743696239917,-0.24350686436864177,3.6259232374679566,3.8692735342440967,0.0531952373812386
2009-05-18,0.007272266418648029,0.17526876692354112,-0.23587103940979556,3.632456776165198,3.8681712479824917,0.03983907774322461
2009-05-19,0.005065511751106101,0.17673167338753507,-0.2282645403826467,3.6393194269887985,3.867427399778944,0.027863532360212665
2009-05-20,0.003394033775124777,0.17828289146883086,-0.2207412287530073,3.6467224787237527,3.8673071398842582,0.018681699784203584
2009-05-21,0.0022009058484546247,0.18011694357560906,-0.21341305801248386,3.654691573644384,3.8679480640643664,0.012071806767177303
2009-05-22,0.0013869826342973555,0.1821327022374705,-0.20629282204195354,3.6630136450626183,3.8691498995120703,0.007557677724144376
2009-05-23,0.0013777487587856758,0.1842458023031515,-0.19933717662764644,3.672073156667095,3.8712537657022397,0.007422273471785707
2009-05-24,0.00645932866415536,0.18642796929856398,-0.19251536511212702,3.6861587150833963,3.878517512603022,0.03348757918421253
2009-05-25,0.022540653378833854,0.18866600450693444,-0.1858520955230591,3.7111413445955135,3.896836872526071,0.1067232141470892
2009-05-26,0.03665951917209463,0.19095147642585933,-0.17935747766112733,3.7340403001696307,3.9132412102382563,0.16106216255408434
2009-05-27,0.04141085905595891,0.1930174542590589,-0.17308680535275822,3.7471282901950635,3.9200585279553204,0.17664615024684427
2009-05-28,0.038256058124264754,0.1950121003940356,-0.1669431708778231,3.7521117698732813,3.918898373158603,0.16400034349850406
2009-05-29,0.03122376479342285,0.19701044672093998,-0.16086687412936013,3.7531541196178066,3.9138644261546656,0.1368058039425782
2009-05-30,0.023404389380267454,0.19927037615564436,-0.15485551872013395,3.7536060290485818,3.908304980176214,0.10510571022244061
2009-05-31,0.016935329825436794,0.20166560473347342,-0.14904370613085197,3.7553440106608624,3.9042311491992128,0.0774714429268505
2009-06-01,0.014021928873993339,0.2041298382598485,-0.14339765130292811,3.760540898063718,3.9037819817741446,0.06427602699817012
2009-06-02,0.014025134937298532,0.20661755555678976,-0.13795948345220918,3.768469989274683,3.906272905134391,0.06356491985250837
2009-06-03,0.013828112186410254,0.20913507142376,-0.1327433509547631,3.776006614888211,3.908593398250473,0.062019710889073876
2009-06-04,0.012390608505856915,0.21168207241509288,-0.1277367408488514,3.7821227223049023,3.9097028955612525,0.05529727432603967
2009-06-05,0.010439014569458713,0.2142561651408223,-0.12292845980984995,3.7875535021332354,3.9103253943505836,0.04645856036127984
2009-06-06,0.008318053647080943,0.21669864490644838,-0.11830842557281981,3.7924950552135135,3.910646913193832,0.03696638383085226
2009-06-07,0.006257859355040664,0.21909931041550978,-0.113867494625107,3.7972764573782474,3.910987384410853,0.027768627736193895
2009-06-08,0.00444576515460373,0.22143593626831576,-0.10959731982945596,3.8020711638262674,3.911511916063222,0.01968182958866553
2009-06-09,0.002894503799857449,0.22351198063999517,-0.105490232742258,3.8067030339303987,3.912036699080155,0.012784544607980987
2009-06-10,0.002180244820326886,0.22558341184551575,-0.10153914630243994,3.812011292596207,3.913393871306145,0.009572399970402538
2009-06-11,0.0027210688536338404,0.2279024121249716,-0.09773747431862718,3.8186727888927825,3.916253695618908,0.011798750249053216
2009-06-12,0.006518909990118375,0.23036390900227224,-0.09407906480372527,3.8285905364214696,3.9225130336326934,0.02751955594689112
2009-06-13,0.022341998787019153,0.23291387178765943,-0.09055814471972853,3.8504845080877543,3.940886085214981,0.08752785484117866
2009-06-14,0.0401734097782609,0.2355139475270796,-0.08716927412038496,3.8743048654177596,3.961317571945643,0.14572089982989828
2009-06-15,0.04838155374336841,0.2381498344789281,-0.08390730803058198,3.888410862424519,3.9721616028625992,0.1688525436725734
2009-06-16,0.04673638292766486,0.2408148767589582,-0.08076736469180787,3.8925706772276194,3.9731814743269256,0.16253235328754514
2009-06-17,0.040684647187888404,0.24347882062335335,-0.07774479904322187,3.892205451000824,3.9697936824515443,0.14317339065876533
2009-06-18,0.03292145215544039,0.246023575495038,-0.07483518050649643,3.889896629376786,3.964575242290781,0.11802129054865741
2009-06-19,0.02494612508966666,0.24863296255048228,-0.07203427430671243,3.8873315955662404,3.9592093022804518,0.09118432737256378
2009-06-20,0.01823437570588626,0.25127199246043946,-0.06933802569725633,3.8859551247018733,3.9551365828066283,0.06765842243339097
2009-06-21,0.01424505161183522,0.25392666775167216,-0.06674254656874122,3.8872159550275702,3.9538019340038097,0.053119141890297615
2009-06-22,0.011569839818768224,0.2566204096404677,-0.0642441040144838,3.889732927677556,3.9538204640995387,0.04314041931836453
2009-06-23,0.009150359250558128,0.25933667690156886,-0.061839110501470805,3.8924347078834605,3.9541172507924296,0.03408119580631617
2009-06-24,0.006892608171011027,0.26206939280662084,-0.059524115358750206,3.8952246678516858,3.9545922156179345,0.025626698737953875
2009-06-25,0.004943607050954231,0.26481641761565866,-0.05729579734712272,3.898251009552294,3.9553902393069156,0.018325943797876887
2009-06-26,0.0033832738350230607,0.26757643365397926,-0.05515095811684261,3.901595531604964,3.956589922129305,0.012486261763330182
2009-06-27,0.0022433421270152787,0.2703484861567823,-0.05308651639524275,3.905292094121359,3.9582220429241,0.008229674899424047
2009-06-28,0.006084555265886819,0.27321009981924566,-0.05109950277523333,3.9139819345427034,3.964924869725435,0.021785433967693262
2009-06-29,0.03213670860940169,0.2759582800816355,-0.049187054999424565,3.944694715924417,3.9937252033313397,0.10430779398891463
2009-06-30,0.0738946318582157,0.278668359799406,-0.04734641365420563,3.99100336023622,4.038193206297924,0.20959270713806424
2009-07-01,0.11129766556634076,0.28157558398820637,-0.04557491820417895,4.033085113583172,4.07850346419485,0.2832915340826432
2009-07-02,0.13275053908393664,0.2845379519269135,-0.04387000331044479,4.0592052699332095,4.1029187056511525,0.3181265286333644
2009-07-03,0.13391878869882504,0.2875316130317911,-0.042229195387042,4.065007988576379,4.107080616370919,0.3177569368753945
2009-07-04,0.12119986011844149,0.29065570279912006,-0.0406501093586078,4.056992235791758,4.097485777557864,0.2942775842576182
2009-07-05,0.10152864000030296,0.29384524232615733,-0.039130445589455054,4.042030218969809,4.081004096966763,0.25679146888228377
2009-07-06,0.08443502984985672,0.29707660778250683,-0.03766798696012766,4.02963043290504,4.067141852272666,0.2213170491308077
2009-07-07,0.07327258726950893,0.3002113802159781,-0.036260596072198815,4.0230101536460925,4.059114182125789,0.19618670049700643
2009-07-08,0.0635366878188584,0.3032951544978382,-0.03490621256590801,4.0177124119835925,4.052462056956999,0.17320385116405823
2009-07-09,0.05582604283523932,0.3063662597129896,-0.0336028505383084,4.014376234242724,4.047822517188531,0.1541337086472334
2009-07-10,0.04761059115113955,0.3094351299557817,-0.03234859605210539,4.01048390728762,4.042675935747224,0.1333459227673591
2009-07-11,0.03830559681655059,0.3124793176475083,-0.03114160472734532,4.005430091969518,4.036415129104362,0.10919966976081391
2009-07-12,0.030101269929239262,0.3155159090016682,-0.029980099409681785,4.00142386175403,4.03124739357121,0.08709425272884605
2009-07-13,0.025691051230161126,0.3185511644049009,-0.02886236791025488,4.001166629957611,4.029872430275365,0.07463073982011759
2009-07-14,0.02603236878674715,0.3215871849924702,-0.027786760813159832,4.005619575198861,4.03324976841952,0.07488752719382702
2009-07-15,0.026474117518972964,0.3246251172130664,-0.026751689347316157,4.010134327617528,4.036729449372342,0.07540351815115216
2009-07-16,0.024290825725868975,0.3279265901133404,-0.0257556233201077,4.012248574751906,4.037847630479512,0.06896543053668297
2009-07-17,0.020248657658346034,0.3315219878735807,-0.024797089110665308,4.012760338654066,4.037400860172229,0.05756210165782085
2009-07-18,0.01982715933777884,0.3355130891245055,-0.02387466772100517,4.017252362974084,4.040970463102587,0.055797673985932626
2009-07-19,0.03254717374267658,0.33969542431608835,-0.022986992883505714,4.035042387408064,4.057872812699068,0.08743538195899452
2009-07-20,0.044159994308136614,0.34384135734450866,-0.022132749223409746,4.051655384662039,4.073631566292947,0.1138140218327653
2009-07-21,0.046264392100542596,0.3482515077391387,-0.021310670475160578,4.058992011597325,4.080146114479984,0.11726876437513158
2009-07-22,0.04098103381986472,0.35280477229757345,-0.020519537751524892,4.059053050598718,4.079416020757741,0.10406935238199774
2009-07-23,0.032558270739454886,0.3576092143743145,-0.019758177864454638,4.0561960894821185,4.075797699754072,0.08344690929322618
2009-07-24,0.024243755471593506,0.3628177337768221,-0.01902546169674692,4.053822809784473,4.072691703888718,0.0626354110264736
2009-07-25,0.01859757150079635,0.36823605765001644,-0.018320302623551957,4.0543001087600645,4.072463843791115,0.048076408304061416
2009-07-26,0.01453224416644695,0.37405631337632317,-0.017641654982774698,4.0567336847928,4.074218772183073,0.03739750922760368
2009-07-27,0.01107105003141052,0.37999591505554264,-0.016988512593458235,4.059865234726299,4.0766971797272555,0.028309857440780992
2009-07-28,0.008081429476469813,0.38604786140342257,-0.016359907321177803,4.0635561657915185,4.079759505520195,0.020504513781322994
2009-07-29,0.005883588299672968,0.3922592385326784,-0.015754907689516033,4.068174701375639,4.083773041472654,0.014777582071446962
2009-07-30,0.005290262162520346,0.3987196653595888,-0.015172617536637909,4.074624092218276,4.089640142162412,0.013094386553733486
2009-07-31,0.005092564355104147,0.40559466662764493,-0.014612174715972585,4.081861838499581,4.096317445623051,0.01240010394995227
2009-08-01,0.004554903115189233,0.4127213035423276,-0.014072749840041542,4.088990239050279,4.10290642129782,0.010915798798295035
2009-08-02,0.0037131074591749153,0.420016710943445,-0.013553545066387987,4.095963055569036,4.109360033042923,0.00876291282301684
2009-08-03,0.0026359657483657,0.42745043545301165,-0.01305379292462097,4.102819390509561,4.11571661584168,0.006128921400450124
2009-08-04,0.0019083961989265709,0.43479658875030236,-0.012572755183535764,4.109919011998497,4.122335199589531,0.004369989500230779
2009-08-05,0.0013123993100230642,0.4421653186369449,-0.012109721757283372,4.1171547784224884,4.129107932587271,0.002959335400431558
2009-08-06,0.0008672252883573099,0.4493285336660931,-0.011664009649566202,4.124318531537688,4.135825973594753,0.0019263293158766816
2009-08-07,0.0005551439712527005,0.45618275502443234,-0.01123496193481306,4.131289719293676,4.142368113635988,0.0012154541422408766
2009-08-08,0.0003463107631445632,0.46282914476296894,-0.010821946775319625,4.138140290983598,4.148805670166416,0.0007476880715779604
2009-08-09,0.00019362102312264998,0.4691605042513969,-0.010424356473314798,4.1447165510340085,4.154984339914822,0.00041252651824334854
2009-08-10,0.00011671517406991955,0.47535681726403345,-0.010041606556945006,4.151218708113962,4.161103747078406,0.0002454714429033196
2009-08-11,6.922562961360351e-05,0.4813261725874623,-0.009673134899167483,4.157509045550713,4.167025612857379,0.00014380201777996132
2009-08-12,4.049299605429364e-05,0.4869229459513643,-0.009318400868537491,4.163431820311685,4.172593653587721,8.315407855222165e-05
2009-08-13,2.3403056227344862e-05,0.4923450699406607,-0.008962640697918313,4.169192614531774,4.17799868763719,4.7531589674899393e-05
2009-08-14,8.73107310979493e-05,0.4974022737609649,-0.008634340446647714,4.174642026278219,4.183119799132365,0.00017550263125024737
2009-08-15,0.0007577976295699319,0.5022736270577889,-0.008311973047819821,4.180506233872343,4.188661639327662,0.0015064618081085369
2009-08-16,0.0051482692125117205,0.5071057524809406,-0.007996484087752975,4.190044319838504,4.1978842363337545,0.010050227025045386
2009-08-17,0.019631224570393707,0.5118266510418761,-0.007694132220744784,4.209550525624329,4.217088090252572,0.03693843947232397
2009-08-18,0.032691501841149495,0.5163366564020063,-0.0074017462329658956,4.2274131942429936,4.234658372883459,0.05954430815672473
2009-08-19,0.0416180803009477,0.5204684069365528,-0.007118979834704305,4.2407542896356,4.2477167018778035,0.07404212918458339
2009-08-20,0.05905801006627279,0.5243838700303801,-0.006846641927852147,4.2623820204016045,4.269072094736956,0.10122346729118803
2009-08-21,0.07095165323855772,0.5281651432976605,-0.006596831143169671,4.2783067476258525,4.2847470111765205,0.1184270807441275
2009-08-22,0.06985307235957618,0.5318419677218053,-0.006351902618280161,4.281129919695905,4.287325254721684,0.1160938144847069
2009-08-23,0.05975646761275006,0.5353786092188132,-0.006116929123537956,4.27480492994083,4.280765291471866,0.10040824333676855
2009-08-24,0.04638509778269772,0.538556020284767,-0.005894138150684719,4.264833762149584,4.2705713327077675,0.07929874708747668
2009-08-25,0.03358132729393804,0.5415459389286168,-0.0056706597700225195,4.2552433886853365,4.260757480862857,0.05838938486519817
2009-08-26,0.023080132717386067,0.544410663307509,-0.005464359661253964,4.247813218596445,4.253121010665198,0.040670497000225486
2009-08-27,0.015239302857565858,0.547172459183013,-0.005255337446493247,4.24294320682689,4.248041976680882,0.027096344504378127
2009-08-28,0.00974730545735138,0.5498449870678459,-0.005054882815524123,4.240324191942477,4.2452225071655,0.017418584186293953
2009-08-29,0.006075793761283883,0.5524379922123851,-0.0048712894163806374,4.239429278790093,4.2441440006139715,0.01087850275833715
2009-08-30,0.0037028605362422135,0.5548546080616318,-0.004685806341071745,4.239658444489606,4.244187683238176,0.006629327767360029
2009-08-31,0.0022060509834745173,0.5571619714468631,-0.0045055232631641025,4.240649281399977,4.24499823707064,0.003943827489261337
2009-09-01,0.0011597849865251295,0.5594122219448604,-0.004331613355425829,4.242027175808763,4.246202221571688,0.002068931327616379
2009-09-02,0.0006691866209626137,0.5616787076885297,-0.0041644032500723705,4.2439702732922235,4.247978108949795,0.0011899868884266186
2009-09-03,0.0006441821116738041,0.5641781969342065,-0.0040030569688206995,4.246606104309864,4.250452593686183,0.0011405038744427608
2009-09-04,0.002273392888709805,0.566719881222245,-0.003847231086916404,4.250932825256842,4.254623488751258,0.003995465310661105
2009-09-05,0.007062977452131462,0.5692915252367552,-0.00369718251332417,4.258444102408367,4.261984717329189,0.012254571481927023
2009-09-06,0.010766727442090951,0.5721295691394074,-0.003554074821376529,4.265129003992926,4.2685265112218005,0.01847108568922875
2009-09-07,0.01163134789179893,0.5750707482615791,-0.003416233548728162,4.269072644837454,4.272332310793681,0.019824963926425472
2009-09-08,0.010414410386509245,0.5780580943458832,-0.0032830682560402035,4.270976218709157,4.274102719372695,0.017697361053844295
2009-09-09,0.008297705327161103,0.581073987472246,-0.0031533417649746453,4.272005133267236,4.27500190743971,0.014078900341732615
2009-09-10,0.006107483582218976,0.584108945639355,-0.0030300870947547556,4.272973124359623,4.275846643861876,0.010347871187310098
2009-09-11,0.004245261682661975,0.5871570090514954,-0.0029098834054112925,4.2742791695615505,4.27703248537446,0.007178297907770924
2009-09-12,0.002825926656464492,0.5902141164006319,-0.0027926509470938077,4.276034174342807,4.278670257697399,0.004765153195890381
2009-09-13,0.0018185666177156733,0.5932773577021644,-0.002679038109357031,4.278203668443327,4.2807261389601825,0.003055921815956086
2009-09-14,0.001138941087646977,0.5963445752861554,-0.0025774934149375415,4.280692805191669,4.2831137310141045,0.0019062301409741714
2009-09-15,0.0006975782434378877,0.5994141291923968,-0.0024749680971067373,4.283423521571532,4.285741922076137,0.0011624139885864073
2009-09-16,0.00041937115182337314,0.6024847495694764,-0.0023773265167399047,4.286313576437363,4.288534335361602,0.0006955851476378163
2009-09-17,0.00024816988489510724,0.6055554390163842,-0.002287034697161203,4.289303356436922,4.291433823541582,0.00040965402194483887
2009-09-18,0.0001448820443902471,0.608625405398949,-0.0021944290413592046,4.292362640634784,4.294400502083642,0.00023799132017219527
2009-09-19,0.0009433164796615855,0.6116940141704743,-0.0021037298927234806,4.296320382990217,4.298267545290439,0.001539763302801888
2009-09-20,0.004958654362760674,0.6147346612335818,-0.0020168628988715127,4.303463234930275,4.305323530236645,0.008001787719767266
2009-09-21,0.008667295085489501,0.6177622039112226,-0.0019444128585135692,4.310271868371003,4.312059713637015,0.013836026399412893
2009-09-22,0.009887206217167953,0.6207554671257932,-0.001869156030550476,4.314560299545215,4.3162728879832635,0.015677984752850704
2009-09-23,0.009109540987825794,0.6236787803087128,-0.0018020800890233045,4.316773023440319,4.318418535936841,0.01439587407232957
2009-09-24,0.0108785075688049,0.6265424303685264,-0.0017337412831901005,4.321473978886945,4.323051152577634,0.01706644215988153
2009-09-25,0.026645061200055522,0.6291131205380195,-0.001666821311741112,4.339878142659138,4.3413883963783775,0.04063244949446651
2009-09-26,0.04596309214586514,0.6315528744649461,-0.0015990362340419222,4.3617037126095735,4.363146181251114,0.06784060363298854
2009-09-27,0.05513284899314784,0.6339180236355131,-0.0015417631876629338,4.373295891673802,4.374681087268963,0.08001274097922767
2009-09-28,0.05468569893183749,0.6362260386423803,-0.001486570695049807,4.375211949111972,4.37654195221452,0.07915005051707223
2009-09-29,0.05426359986515407,0.6384865588001065,-0.0014284022264383406,4.377108538671626,4.378380373305563,0.07833069279941435
2009-09-30,0.052518525677245506,0.6407058887212442,-0.0013675513325507223,4.377643645298743,4.378854629038792,0.07575977502583459
2009-10-01,0.050159607535034276,0.6428885479611087,-0.0013186611228715782,4.377516276606076,4.378678370136446,0.07237535680204754
2009-10-02,0.045088800664734724,0.6450379717362247,-0.0012700831877515502,4.374643471446012,4.375756987041262,0.06533408421161556
2009-10-03,0.03725068061661048,0.6471568802733596,-0.0012152874125060836,4.368979055710268,4.370037775530273,0.054427628719021626
2009-10-04,0.03360989013352167,0.649247494155341,-0.001160311917791933,4.367483854603875,4.368487598929165,0.04921948697753849
2009-10-05,0.05270908585450324,0.6513116692653956,-0.0011189005042028597,4.3886886368485,4.3896509697602015,0.07486865333327647
2009-10-06,0.08382329875750721,0.6533509860777774,-0.0010736100646887962,4.4218874570034,4.422804499475587,0.11370892946467444
2009-10-07,0.10099155009547034,0.6556277356081955,-0.001027948135325673,4.441378119801144,4.442249500343968,0.1334773670242186
2009-10-08,0.09825735825066562,0.6579903956965676,-0.000984145621904806,4.441050390558132,4.441877968587535,0.12992747117305353
2009-10-09,0.08493662036125493,0.6603874819716717,-0.000949080001467191,4.430161804564263,4.43095431697323,0.11395930991014006
2009-10-10,0.07484790768779202,0.662726494909118,-0.0009152806141110015,4.4224459042156035,4.423204617237213,0.10147845074918764
2009-10-11,0.06793465236768509,0.6648112231354519,-0.0008729235394833048,4.417659734196458,4.41837609014344,0.09271243228907707
2009-10-12,0.05898803224914441,0.6670514550030554,-0.0008310091372586163,4.410995260347745,4.411669701892502,0.08124631412596173
2009-10-13,0.047611721248645975,0.6696043491558175,-0.0007969122314598244,4.402205940405808,4.402846285044766,0.06638406919939209
2009-10-14,0.03582003642581116,0.6722786729457582,-0.000760598099984045,4.393124893504389,4.393728924011872,0.05058621905638141
2009-10-15,0.025727717001539138,0.6750139957388378,-0.0007335600056501663,4.385794934967531,4.386371927380679,0.036714978620191255
2009-10-16,0.01836841287276701,0.6780525762915047,-0.0007038782999935008,4.381503893097082,4.382051203804575,0.026375444104304945
2009-10-17,0.013162874143497849,0.6812577789562702,-0.000673288992030981,4.379534146340541,4.380050867740071,0.018955188162594477
2009-10-18,0.009273682442738882,0.684816348354297,-0.0006404498380121787,4.379236363191827,4.379720245437339,0.013360921539371122
2009-10-19,0.006366007086686136,0.688550699831569,-0.000610698491410916,4.380092790659648,4.380546921558558,0.009160820316031035
2009-10-20,0.0039905847249421785,0.6923954328608364,-0.0005890292637953958,4.381583770554787,4.382016232226081,0.005730420519895966
2009-10-21,0.002441286522067706,0.6963269110072304,-0.0005626374752364615,4.383992342286866,4.384398412169601,0.0034937001006908977
2009-10-22,0.0037497742008837875,0.7005918804035519,-0.0005355232328811663,4.389592913604359,4.3899718692447385,0.005323800142119513
2009-10-23,0.013468615588597674,0.7052887315405261,-0.000512829699936121,4.404031299661992,4.404387561769426,0.018738751878355487
2009-10-24,0.022770008072967373,0.7102309661321659,-0.0004889332885185667,4.418298823149419,4.418631188845436,0.031064089781953137
2009-10-25,0.025857224326858313,0.7153298611416453,-0.0004671030780469971,4.4265067646232605,4.426817300108806,0.03488623160576791
2009-10-26,0.0238916537733631,0.720291375683113,-0.000450564931832582,4.429519246757447,4.429813244096779,0.03210453991515056
2009-10-27,0.020414378069123502,0.7255106143066112,-0.0004311517165248463,4.431280622892014,4.431555207016038,0.02736786979627094
2009-10-28,0.01999123500762658,0.7310833645704662,-0.00040937094021134464,4.436452010870686,4.436704814218396,0.02661684341190132
2009-10-29,0.020362098970096568,0.7368404890055167,-0.0003862013670233355,4.442603168841394,4.442832802615916,0.026891216820236697
2009-10-30,0.02129319442798092,0.7427252610904999,-0.0003666715596235218,4.449438566191661,4.449648670158783,0.027870000095129716
2009-10-31,0.021018052814409334,0.7484555057159241,-0.0003477557812447579,4.4549125849818925,4.455103773170636,0.027314847380270024
2009-11-01,0.018705400189347302,0.7539098667911647,-0.000335466895563184,4.458066582317753,4.458245481620814,0.02421049775841294
2009-11-02,0.01513480446273972,0.7593363581355829,-0.0003193810170171078,4.459938563814109,4.460101377238625,0.01954211492131353
2009-11-03,0.011359899003569547,0.7647648442557388,-0.00030301299839479334,4.461608512493718,4.461754957899611,0.014636692235663116
2009-11-04,0.008046330730938283,0.7699411840352549,-0.0002859329213588204,4.463488364077638,4.463617729406495,0.01034249339252755
2009-11-05,0.00544730843985314,0.7749971800108386,-0.00026947158794532906,4.465961799095551,4.466074703090994,0.006979751308984096
2009-11-06,0.0035576643972325475,0.7797425836343138,-0.00025191096363934794,4.468835119300711,4.468930462671849,0.0045418910643435255
2009-11-07,0.0021454106427925813,0.784352096718209,-0.00023867541787859475,4.4720456141759275,4.4721277220013045,0.0027278034866140264
2009-11-08,0.001330255680613168,0.7888886298270983,-0.00022374169537615971,4.47578192604514,4.4758491001480145,0.0016834015296388239
2009-11-09,0.0008106452585943067,0.7936345413619244,-0.0002093394293880523,4.480022629423935,4.480075401260821,0.0010203916799379216
2009-11-10,0.00048535006606979764,0.7982144831538469,-0.0002004496646371122,4.484286165788084,4.484330047860219,0.0006076751814422374
2009-11-11,0.00028624273328863736,0.8024604603131898,-0.00018977545593508636,4.488343709823347,4.488376917686781,0.0003565791453298116
2009-11-12,0.0001175588673312284,0.8065369170912674,-0.0001788551656952331,4.492262403025707,4.492284690598901,0.00014573633548803627
2009-11-13,6.810479654857349e-05,0.8105215166498934,-0.00016759134284900776,4.496208812336397,4.496219836086745,8.401883609988137e-05
2009-11-14,7.80101874246575e-06,0.8147009982290182,-0.0001564135491495153,4.500339167931415,4.5003390138880635,9.575223380020702e-06
2009-11-15,2.436703483402264e-18,0.8186748792275108,-0.00014554518253999613,4.504316116277775,4.5043050938678135,2.9763994782660247e-18
2009-11-16,2.436703483402264e-18,0.8225257945779535,-0.00013481447823559628,4.508177762332522,4.508156009218256,2.9624645202191643e-18
2009-11-17,0.0002619321932938656,0.8263386086385112,-0.00012591522509120361,4.512261407839518,4.512230755472108,0.00031687880705991823
2009-11-18,0.0027099465441995704,0.8301150718571522,-0.00011389583727798526,4.518497904796877,4.518455233041655,0.0032539206727980447
2009-11-19,0.009542304633511797,0.8338580390055217,-0.00010630439324839979,4.529080821478589,4.529030558279336,0.01131408672699783
2009-11-20,0.015100374984835728,0.8375712956092026,-9.800490338499385e-05,4.538360447923457,4.538301885234341,0.017709483621422082
2009-11-21,0.016574951000382903,0.8412057323430963,-8.959943580786951e-05,4.543477866140475,4.543410897983781,0.01932306395123826
2009-11-22,0.014969180880422147,0.8447944000333583,-8.14483569870334e-05,4.5454689147895975,4.545393795554083,0.017410810614369696
2009-11-23,0.011990744489604434,0.8483498889283702,-7.373167942501007e-05,4.546053683971354,4.5459708480582774,0.01393720582737958
2009-11-24,0.008857874973490729,0.8518769902772669,-6.581994412318102e-05,4.546455827539439,4.546365079891061,0.01029106096557407
2009-11-25,0.006173226812545012,0.8553788183817987,-5.974404263724865e-05,4.5472790833845105,4.5471822598346465,0.007165239577781388
2009-11-26,0.004117467404585311,0.8588577003864913,-5.3002561621892884e-05,4.548708947462259,4.548605382431379,0.004771246680393631
2009-11-27,0.0026538221341272945,0.8623154943068013,-4.678988604576228e-05,4.550709308787687,4.5505995310812315,0.003068111300233078
2009-11-28,0.0016641189012715797,0.8654928170000659,-4.150524026890745e-05,4.552902212893873,4.55278715054164,0.0019190515953630316
2009-11-29,0.0010202799486423108,0.8685176055572524,-4.0048154604670876e-05,4.555284619584095,4.555168100146197,0.001173358821563841
2009-11-30,0.0010504500974297146,0.8714588096271247,-3.770133487219046e-05,4.558258340622486,4.558139474364857,0.0012039414891268144
2009-12-01,0.0030174945778273393,0.8743378462584932,-3.380554022498226e-05,4.5631083175289,4.562985555476623,0.003439307242320969
2009-12-02,0.01182412142549706,0.8771651600099954,-2.897918470377362e-05,4.574747084483593,4.574619496075795,0.013300634408554508
2009-12-03,0.04633025996826303,0.8796865363517058,-2.546809284561169e-05,4.611778110459928,4.611647010960271,0.050031770646473704
2009-12-04,0.09101674774231185,0.8820595045855406,-2.185971827269963e-05,4.658841174842384,4.658706466968155,0.09353506215425156
2009-12-05,0.11728694485067745,0.8842359193836419,-2.109359556760801e-05,4.687288552871555,4.687153078874622,0.11710860434558851
2009-12-06,0.12137471784881755,0.8865298102765012,-1.5722058189058162e-05,4.693675588299934,4.693534742765621,0.12042283218488162
2009-12-07,0.10879005243119842,0.8888352198134792,-1.2429386257850197e-05,4.683399625091224,4.68325548688498,0.10904901415179523
2009-12-08,0.08777589659912126,0.8911180909188812,-5.7024080781661635e-05,4.664623745670025,4.664524202158305,0.08966843980897064
2009-12-09,0.06555433251324144,0.8933733399518929,-0.00034994682998435773,4.644364507867954,4.644557887105437,0.06836212406376763
2009-12-10,0.04619848092823853,0.8955999857744755,-0.0012834352525486767,4.62630181368297,4.627428681343017,0.049053467978114086
2009-12-11,0.031133650989172514,0.8977983005513647,-0.003374523440351978,4.611344210332989,4.61456216618084,0.033515534628279914
2009-12-12,0.020252862767430085,0.8999690122320836,-0.007057312554422233,4.598951344677896,4.605852089639816,0.022008673470667917
2009-12-13,0.012804198435955691,0.9021130142566006,-0.012594751856544567,4.588109243068816,4.600547427332859,0.013994925724780677
2009-12-14,0.00834380040974679,0.9042312448799055,-0.020061799324821925,4.578300028197635,4.598205259929955,0.009143138915329927
2009-12-15,0.007267577482644265,0.9063246335964269,-0.029401595102551442,4.569977398209324,4.599222425719374,0.007954946851024824
2009-12-16,0.007250360376483195,0.9083940770698078,-0.04040731030916665,4.561023909369928,4.601274652086594,0.007918314227632143
2009-12-17,0.0070922204376493055,0.910440428954689,-0.05263478289131816,4.550684648733824,4.603162864032641,0.0077296654700476615
2009-12-18,0.006059065131767056,0.9125949586790187,-0.0655423547790826,4.538898451264507,4.604284238451088,0.006595589824592153
2009-12-19,0.00485363715925325,0.9148342524417692,-0.07860713991771028,4.526867531916116,4.605318104241325,0.005277482952786132
2009-12-20,0.0037471566962212588,0.9173631349283978,-0.09147043541375456,4.515426638443668,4.606740506264922,0.004068086884158212
2009-12-21,0.002666572962371701,0.9202723919673749,-0.10405320962277231,4.504672537539778,4.608569179570049,0.002889219183171748
2009-12-22,0.001841619026375195,0.9234286143725683,-0.1165146795886545,4.494542336043093,4.610900448039246,0.0019903580163927685
2009-12-23,0.001220848542388219,0.9269756259889621,-0.12913527076443002,4.484847985999725,4.613826689171653,0.0013152910788684364
2009-12-24,0.0007834859632487808,0.9306411938681419,-0.1421886018675959,4.475022860196599,4.617054894471694,0.0008411694259492993
2009-12-25,0.000489752808486761,0.9341384194486382,-0.1558019908789391,4.46461296361099,4.620258386897428,0.0005240081810331151
2009-12-26,0.00029956085284148096,0.9376084099134614,-0.16993942689401503,4.453755326105092,4.6235381854066055,0.0003193925866700221
2009-12-27,0.0001799163903968839,0.941091615742197,-0.18449989753701612,4.442558416828382,4.626901746772896,0.0001911418589163702
2009-12-28,0.0001063933847804762,0.9445940653993133,-0.19938297956587844,4.431104261451019,4.630330673424396,0.00011262129047488039
2009-12-29,6.208030358341783e-05,0.9481167306558422,-0.21448316765569475,4.419482425536535,4.633809025599728,6.547320280296198e-05
2009-12-30,1.3497665351443601e-05,0.951659091259108,-0.22966160147149278,4.407797769685771,4.637302803564762,1.4183097746566493e-05
2009-12-31,7.801018742454785e-06,0.9552201333603523,-0.244698535963809,4.39631618064809,4.640858149019397,8.166656838323625e-06
2010-01-01,2.436703483402264e-18,0.9589291648691728,-0.25931250813473466,4.385403438967242,4.6445593795094755,2.541067236947272e-18
2010-01-02,2.436703483402264e-18,0.9627086700759071,-0.27336091529735684,4.375134537011355,4.6483388847162095,2.5310912419747254e-18
2010-01-03,-4.873406966804528e-18,0.9665573668181772,-0.2869793080884422,4.365364840962539,4.65218758145848,-5.042025578727272e-18
2010-01-04,2.436703483402264e-18,0.9704513700407753,-0.3004161159904336,4.355822036283146,4.656081584681078,2.510897051234913e-18
2010-01-05,-1.0965165675310187e-17,0.974380451536053,-0.31381703505349456,4.3463501987153625,4.660010666176356,-1.1253474613560087e-17
2010-01-06,4.873406966804528e-18,0.9782091993157855,-0.32706509482502794,4.336930886723562,4.663839413956088,4.981968039365468e-18
2010-01-07,-7.310110450206791e-18,0.9819583858111077,-0.3400634589440347,4.327681709099878,4.667588600451411,-7.444419800100352e-18
2010-01-08,-3.6550552251033956e-18,0.9854213135694256,-0.35287649308156444,4.318331602720665,4.671051528209729,-3.709129460437519e-18
2010-01-09,-1.8275276125516978e-18,0.98850578921506,-0.3656221741414625,4.308670397306401,4.674136003855363,-1.848777854910569e-18
2010-01-10,1.8275276125516978e-18,0.9913441231855042,-0.3782907955584345,4.298840109859874,4.676974337825807,1.843484588055326e-18
2010-01-11,0.0011350395042734164,0.9937916106030098,-0.39094726995280976,4.289766162387277,4.680556864747586,0.0011408273204371647
2010-01-12,0.006446250671588859,0.9960414863425953,-0.40357388528411703,4.284700633962871,4.688117951654487,0.006430253890973682
2010-01-13,0.011267483611136367,0.9981649414762245,-0.4159913046235035,4.279227902696661,4.695062639727663,0.011162197023898087
2010-01-14,0.012853368082318356,1.0001888472960596,-0.4280155071332421,4.27081349047794,4.69867243001868,0.012687889889680004
2010-01-15,0.012191646208565365,1.002129419814121,-0.4390302247627926,4.261077623492698,4.699951280662989,0.012019513955645957
2010-01-16,0.013593510382709922,1.003997846880836,-0.4489586606669511,4.254419478829399,4.703221571903848,0.013358515956016854
2010-01-17,0.022110151416949834,1.0058024236606786,-0.4576530825800351,4.256046274730398,4.713542789717931,0.021509758663357203
2010-01-18,0.029398235957465005,1.0075495925537852,-0.4649277642431133,4.257806846500941,4.722578043151553,0.02835073776052182
2010-01-19,0.030609126148279788,1.0092445243638037,-0.47047875833991265,4.255161674404975,4.725483865152386,0.029435994318244785
2010-01-20,0.027066760566340983,1.0107610113253858,-0.4740878434363752,4.249526710688156,4.723457986532029,0.02608020453818109
2010-01-21,0.023036302834226596,1.012178982289545,-0.47578778709834046,4.245214280258235,4.720845499764074,0.022252668759109702
2010-01-22,0.02670552943799881,1.013501659006403,-0.47602240193274203,4.2499715687444635,4.725837403084705,0.025673279068505687
2010-01-23,0.03866223826553032,1.0147545249729462,-0.4752312573527252,4.2639722881185556,4.739046977878779,0.03670174959687614
2010-01-24,0.048993535986524145,1.015949152433865,-0.47360963526405686,4.277119835389136,4.750572903060692,0.04600579591676938
2010-01-25,0.05085499030264823,1.017091640179016,-0.47111564867464206,4.282617764039826,4.753576845121967,0.04761941173007087
2010-01-26,0.04699193101814407,1.018186386372094,-0.46767429208389594,4.283290807539146,4.750808532030541,0.0441164922820412
2010-01-27,0.0447226820738029,1.0192368534369323,-0.46329715166064767,4.286449166082892,4.749589750151038,0.042034194516932036
2010-01-28,0.041409387800900144,1.0202458967508086,-0.45810799764561033,4.289334069138903,4.747285499192011,0.03900455110378464
2010-01-29,0.03536023284054774,1.0214768655273685,-0.452262561017785,4.290361319582935,4.742467313008219,0.03345854616113958
2010-01-30,0.02829452667655844,1.0227791424209438,-0.4458349874490269,4.2910254638812795,4.736703883737805,0.026919641799088505
2010-01-31,0.025738893971367124,1.0241020329090236,-0.4389392592140567,4.296688449899138,4.735471141520693,0.024516946627190863
2010-02-01,0.04104393861196806,1.0254320147116767,-0.43186943420765905,4.32039330134879,4.752106167963947,0.038485573429063905
2010-02-02,0.06411453341233805,1.0268668896713595,-0.42462714037005916,4.3521410649464425,4.776611637724001,0.05876775906148434
2010-02-03,0.07579215209033045,1.0286027153162594,-0.4172294409612365,4.372952208678157,4.790025082046892,0.06862776560009773
2010-02-04,0.07276209230217036,1.0304894770913393,-0.40939155190214255,4.3796467997241715,4.788881784033812,0.06595240316963234
2010-02-05,0.060977013831113126,1.032451728816705,-0.4010804114707908,4.378135113409831,4.779058957288121,0.05576679252408602
2010-02-06,0.04651026088857149,1.034464767116931,-0.39261160339684115,4.374150206841465,4.766605242645805,0.0430262121543984
2010-02-07,0.03317263797062721,1.036516248281775,-0.38433854159942143,4.371137126885785,4.755319100892705,0.031011482307576152
2010-02-08,0.0225623812474014,1.0388592299251476,-0.3766040965192344,4.3706042968861185,4.747051825812852,0.021256756985074773
2010-02-09,0.014793702209346333,1.041596393715971,-0.3698200623833534,4.372356815774768,4.74202031056562,0.01400401448897358
2010-02-10,0.009752469194021984,1.0447271056543466,-0.3643757572454848,4.375890599835688,4.740109789488671,0.009248608912528593
2010-02-11,0.007832533062825399,1.0480582957031104,-0.3606356124141632,4.3810419985845765,4.741521043406238,0.007417938341201059
2010-02-12,0.007467037881829697,1.0515482693555878,-0.3583546024281474,4.386447487042075,4.74464552187772,0.0070509253556574735
2010-02-13,0.006915901842191288,1.055415311754471,-0.35696813614879597,4.39114985968067,4.747961428236965,0.00651011826977821
2010-02-14,0.005861186098406674,1.059484587852548,-0.3558551725692346,4.395277383614524,4.750975988591257,0.005501674894405228
2010-02-15,0.004575171590027095,1.0636902268588642,-0.35485323262589547,4.399198948055799,4.753895613089194,0.004282804251331355
2010-02-16,0.0031417474328097436,1.068033473328527,-0.3540061720074098,4.402955830986731,4.756805435401639,0.0029329911408674573
2010-02-17,0.002441693306552626,1.0722486859815812,-0.35350085285083593,4.406976308670102,4.760320593928436,0.0022719969896538798
2010-02-18,0.0034895981006755317,1.076717838210292,-0.3533702406657109,4.412623977878061,4.76583765095127,0.003230488870353374
2010-02-19,0.004889296033225346,1.0815863368746583,-0.3535589785075938,4.418703436633094,4.772105847548186,0.004500143293724363
2010-02-20,0.0054088053495981656,1.0866548834094278,-0.35375368029936505,4.424096790692465,4.777693903399329,0.004952829587937768
2010-02-21,0.004995733943735593,1.091752433328744,-0.3537583741287912,4.428776575376492,4.782378381912782,0.004555041980293035
2010-02-22,0.004085546001871387,1.096655369296812,-0.3534223439826546,4.433105353548833,4.786371129938986,0.0037116327240028
2010-02-23,0.0030701268430141995,1.1014969962955916,-0.3527925709909663,4.437561334380444,4.790197337778908,0.002779484178644114
2010-02-24,0.0021695162534377016,1.106341087559946,-0.3520394870304687,4.442257899015719,4.794140818453686,0.0019571452415289093
2010-02-25,0.0019000810202842776,1.1112035511261222,-0.35160604983373644,4.4472843645454745,4.798733846786709,0.0017070117870519714
2010-02-26,0.0034136407628762356,1.116089780062801,-0.3518317862661991,4.453458416792282,4.80513363546598,0.0030492454952558727
2010-02-27,0.004920840896926779,1.1207410399988214,-0.3527314417473332,4.458717221381219,4.811292095536051,0.004371508869973466
2010-02-28,0.005306800035472447,1.125154269107775,-0.3540637776538165,4.462184073722235,4.81609128378355,0.004694367794102241
2010-03-01,0.004774931067047034,1.1292910573097892,-0.35569932079689914,4.464153449812741,4.819696203017139,0.004210452580348775
2010-03-02,0.0038242450599514713,1.1333046825604947,-0.3574761074899652,4.4654396023632845,4.8227591422607485,0.0033630707715387024
2010-03-03,0.0028274572625486844,1.1372224507768902,-0.3593387949800155,4.466497895292227,4.825680122679741,0.00248011709190092
2010-03-04,0.001972666870204265,1.1408186288857602,-0.36138625288565274,4.467191825103116,4.828421510396267,0.0017261829675551843
2010-03-05,0.0012993417668632763,1.1442627807007106,-0.3637310234480388,4.467617881252339,4.831192337107876,0.0011342394632116997
2010-03-06,0.001271809171901372,1.1476166553427034,-0.3664504645238387,4.468224782223571,4.8345186791549075,0.0011069909840540528
2010-03-07,0.0030045049950049377,1.150979981193908,-0.3695291940223608,4.470242074399357,4.839614700829216,0.002603592189464742
2010-03-08,0.004656349247949154,1.1543195886938231,-0.3729178249102968,4.4718448952642795,4.844606152582075,0.004017641001433018
2010-03-09,0.005225439129798476,1.1573674188456438,-0.376383693212439,4.471995946995808,4.848223072615745,0.004494642379704739
2010-03-10,0.005166011979544957,1.1600170642019065,-0.3795335866833858,4.4714362717308695,4.850813290821754,0.004433648312568234
2010-03-11,0.004627256997749479,1.1624762687839276,-0.38203432760340855,4.470855980411073,4.8527337404219795,0.003964735685851293
2010-03-12,0.0038654278377987417,1.1648151087601755,-0.3837789187820114,4.4706884000487666,4.854310751238277,0.0033075145146602607
2010-03-13,0.0033347846649416694,1.1670589042619848,-0.38479368977486983,4.471386781384861,4.856023903567229,0.0028492845582576247
2010-03-14,0.0028968780891584565,1.169222661748208,-0.38511632006753155,4.472790002002639,4.857749754477669,0.0024714869010377585
2010-03-15,0.0023740544163827547,1.171447157941345,-0.38467323813432047,4.474934756456212,4.859451426998031,0.0020225008641769626
2010-03-16,0.0018217249383837843,1.1736637079208294,-0.3835071537045963,4.477765061387421,4.861115647499516,0.0015497639421636037
2010-03-17,0.001319617687317235,1.175852042176533,-0.3819132652445496,4.4810451768521045,4.862801874504153,0.0011210070139386977
2010-03-18,0.0009116546716531926,1.1780094351425503,-0.3803162794943438,4.484391592552663,4.864551304454507,0.0007732957528114695
2010-03-19,0.0006060046380575279,1.1800315267251427,-0.37913918528974194,4.4872851283062625,4.866267746003503,0.0005132859340476974
2010-03-20,0.00039033681742222303,1.1819541659955075,-0.37865944746095864,4.489471837584775,4.867974717453232,0.00033013797289501334
2010-03-21,0.000244961255017892,1.1838147798631973,-0.3788692181916108,4.490977305159409,4.869689955758518,0.00020688251319697163
2010-03-22,0.00012811077259612316,1.1856259013455142,-0.37954113548469814,4.4919996588662165,4.871384226758413,0.00010804161005306583
2010-03-23,7.803800639233017e-05,1.1873934641240413,-0.3805645692313204,4.492693715131917,4.873101716770736,6.571779301846216e-05
2010-03-24,0.00039594900115758085,1.1892519303228324,-0.38184554879616056,4.493589112760634,4.875278093964292,0.0003328287370062614
2010-03-25,0.002006536954975496,1.191127971745577,-0.38336202450509305,4.4955592664282635,4.878764723340855,0.001681735747598838
2010-03-26,0.0034804156995472397,1.192893392703519,-0.38503432838880913,4.497126262247061,4.882004023043368,0.0029091373240550454
2010-03-27,0.003962683505609636,1.1946037475829028,-0.3866523248690314,4.497700888452285,4.8841966457288155,0.003306185959180261
2010-03-28,0.0036438163951303198,1.1962777949277017,-0.3882451270798264,4.49746326647581,4.885551825963135,0.0030367120324745716
2010-03-29,0.0029544313299546955,1.1979205889126054,-0.3897284292532031,4.496933373222161,4.886505234882863,0.0024602321475201815
2010-03-30,0.0022876238441153544,1.199561018393543,-0.3911483625427499,4.496487061927713,4.887478856877961,0.0019034209165108749
2010-03-31,0.002038237540182512,1.2011857504454828,-0.3924887770737642,4.496521993144706,4.888854202625968,0.0016939801404680726
2010-04-01,0.0018999621070456313,1.2027910366725336,-0.3935737519949465,4.496904029017437,4.890321213419882,0.0015771364681651987
2010-04-02,0.0016569250348460957,1.2043766069126585,-0.3941155028810913,4.497704811299218,4.891663746587807,0.0013738631563340457
2010-04-03,0.0013310963496822575,1.205812266934162,-0.3940112987707191,4.498918846745929,4.892773577924147,0.0011026829042585452
2010-04-04,0.001084079927750147,1.2071748105450455,-0.3932659646896286,4.500779708015971,4.893889105113098,0.0008972248715057607
2010-04-05,0.001812739064309325,1.2084909993514266,-0.392101061524156,4.503989459124384,4.895933953056039,0.001497755486306409
2010-04-06,0.005863410201118282,1.2097689202361808,-0.3908832688684257,4.510535843801677,4.901262545077602,0.004823341773913695
2010-04-07,0.01349313269009808,1.2110130938904962,-0.3895220595682531,4.520770949245145,4.910136441220897,0.011019243836576762
2010-04-08,0.01942273860419182,1.212226562838817,-0.3877660192914177,4.529670064384395,4.917279516083312,0.015769698875675087
2010-04-09,0.02081842856439111,1.2134115881507268,-0.3854551287694258,4.534561670178496,4.91986023135542,0.016867543555454115
2010-04-10,0.018693763875540483,1.2145699569875588,-0.382372951100809,4.536677551995094,4.918893935503402,0.015157961398927439
2010-04-11,0.014960248219209568,1.2158075116829077,-0.37848649921822514,4.538068042916696,4.91639797454242,0.01215521620455784
2010-04-12,0.011058689545361149,1.216933952384057,-0.3741131698547729,4.539666254307449,4.91362285656972,0.009005501472700824
2010-04-13,0.007715978684230926,1.218005705635165,-0.36942348345769616,4.542084983094504,4.9113518989596985,0.00629504950670377
2010-04-14,0.005153078151886852,1.21904393292986,-0.36461970962826457,4.5453640836862865,4.909827225722049,0.004209353645891847
2010-04-15,0.003321018818751523,1.2200277629624219,-0.35993287019207393,4.549202693821904,4.908978996421476,0.002714694998033333
2010-04-16,0.0020852164045732013,1.220975217102241,-0.35558593361356683,4.553261282126051,4.908690648147116,0.0017049169014440066
2010-04-17,0.001279965833974813,1.2219194700238207,-0.35171627137616285,4.557269946714436,4.908829650498098,0.0010464081297398642
2010-04-18,0.0007709655128112873,1.2228220444488058,-0.34854641105020656,4.5608333811442145,4.90922322460192,0.0006300832928389088
2010-04-19,0.00045699731070347575,1.2236948647957828,-0.34609920895321516,4.563839435386075,4.909782076746788,0.00037331749830212045
2010-04-20,0.00026272953515670434,1.2245431076142332,-0.3443472768622984,4.5662453425198954,4.910436051789692,0.00021450708935889822
2010-04-21,0.00012060755561223254,1.2253686479158394,-0.3431494646567456,4.56812657304751,4.911119470111754,9.841584091721329e-05
2010-04-22,1.5602037484870582e-05,1.226198850872722,-0.3423348017411851,4.569666433401826,4.911844667550509,1.2723742937331931e-05
2010-04-23,-4.873406966804528e-18,1.2272020935696004,-0.34176101931072805,4.571227856491676,4.912832308209903,-3.971152748467939e-18
2010-04-24,1.218351741701132e-17,1.2285279843260393,-0.34141982897964473,4.572894937579199,4.914158198966342,9.91716718906904e-18
2010-04-25,1.0965165675310187e-17,1.2300384240080549,-0.34104766432786815,4.574777541912991,4.9156686386483575,8.914490361675387e-18
2010-04-26,2.436703483402264e-18,1.2316395540970575,-0.34050258426066854,4.576923752069193,4.91726976873736,1.9784225630758227e-18
2010-04-27,-1.0965165675310187e-17,1.2333001410909192,-0.33977015196498817,4.5793167713587355,4.918930355731222,-8.89091414974697e-18
2010-04-28,4.873406966804528e-18,1.2350056994834875,-0.33887478267428034,4.581917699042011,4.92063591412379,3.9460603046955306e-18
2010-04-29,9.13763806275849e-18,1.236747214261722,-0.3379644375482264,4.584569558946299,4.922377428902024,7.388444426950431e-18
2010-04-30,7.310110450206791e-18,1.2384140735595235,-0.33708065800902204,4.587120197783306,4.924044288199826,5.902799884367945e-18
2010-05-01,0.0006984858487836511,1.240062760727417,-0.33606562812531693,4.590482400683688,4.926391461216504,0.0005629494398790073
2010-05-02,0.003966923490208545,1.241710748476676,-0.3348649931702738,4.596599461029415,4.931307886607187,0.00318455052978906
2010-05-03,0.006933836068391614,1.243361288501188,-0.33348201328321164,4.602599893519172,4.9359253392098825,0.005545759502804285
2010-05-04,0.007909764973734398,1.2450153089782006,-0.3318394638573164,4.606872392327423,4.938555288592237,0.006313039094018351
2010-05-05,0.007287632790260634,1.2466729581791653,-0.32989200833886895,4.609855364863361,4.939590805609729,0.0058116920441866745
2010-05-06,0.005908862659909364,1.248307981061763,-0.3274762691689348,4.612527356785542,4.939847058361975,0.004711197022658245
2010-05-07,0.0044006262260347945,1.2499353584836477,-0.32444215759838807,4.615680609344098,4.9399661993499855,0.003508331324045786
2010-05-08,0.0030847442078128636,1.251560005772716,-0.320720196485518,4.619711335727815,4.940274964620832,0.002458659479395053
2010-05-09,0.0020664651969933574,1.253183090604102,-0.31622547781874166,4.624810860215158,4.940879770441398,0.0016462584570878798
2010-05-10,0.0013364088262585766,1.254805076654102,-0.3110221645950388,4.630906103118126,4.941771700120663,0.0010638999202765133
2010-05-11,0.0008402845017994027,1.256400059072068,-0.30517365063371854,4.637853475172953,4.94287055821417,0.0006683562980573674
2010-05-12,0.0007782549216209435,1.2578007180229147,-0.29875866296506465,4.645607092212275,4.944209187584838,0.0006183600221765667
2010-05-13,0.0034577406638758254,1.2588582728794468,-0.2918995314044513,4.656203264371675,4.947946228183625,0.002739203675448862
2010-05-14,0.012206233493861742,1.2597115038293671,-0.28469503866661977,4.673009480889413,4.957547951963532,0.009596716152060238
2010-05-15,0.019978557505881706,1.2604548496707433,-0.2772218558336308,4.688998333575798,4.966063621816928,0.015602964897592548
2010-05-16,0.024234910902482698,1.2611200512455145,-0.26951263502793094,4.70162910935287,4.9709851767883,0.01885464452712967
2010-05-17,0.024849329789631922,1.2617220464784868,-0.26163796990849597,4.710720188592427,4.972201590908421,0.01931438103473971
2010-05-18,0.022360845777729666,1.2622702601168652,-0.2537241261758775,4.716693761951522,4.970261320534897,0.017406433391754097
2010-05-19,0.018140478102108948,1.2629800494200032,-0.24582728540976528,4.7210800243451505,4.966750742162414,0.0141598528104108
2010-05-20,0.013703450033534518,1.2637341912439042,-0.23799188266092738,4.725232540849316,4.963067855917741,0.010727294695834277
2010-05-21,0.013450288426953628,1.26449451999256,-0.23024984758213257,4.733481743070185,4.963575023059816,0.010524936866082775
2010-05-22,0.02622681542397014,1.2652520215299743,-0.22263230224146002,4.754633316945289,4.9771090515942475,0.02030758435486885
2010-05-23,0.0381764654615472,1.2660028368693517,-0.21514995471743295,4.77481612984627,4.989809516971201,0.029272405560582186
2010-05-24,0.04859860333685374,1.2667450436076284,-0.2078169768776041,4.793313452299682,5.000973861584785,0.036947457381002566
2010-05-25,0.08440977128781552,1.2674776282831142,-0.20061411219656303,4.837060069607171,5.037517614211232,0.062438462933086
2010-05-26,0.13331473732360402,1.268200058165807,-0.1935445165120073,4.8937570612102075,5.0871450101297135,0.09512189079463147
2010-05-27,0.15942465193743782,1.268912074303462,-0.186638461440372,4.927485047033332,5.113966940881203,0.11161559386420876
2010-05-28,0.1556545016565938,1.2696135813965792,-0.17987859921406105,4.931176266071916,5.110898297693476,0.10921068359515544
2010-05-29,0.14535755289644675,1.2703045850972525,-0.17329213183172232,4.928156788394781,5.101292352634002,0.10267813837449236
2010-05-30,0.16139130314300024,1.2710634317717897,-0.16683619463836102,4.951405322509233,5.118084949555093,0.11266764611071682
2010-05-31,0.17283434393168218,1.2721053391338,-0.16049975208278563,4.970226713215501,5.130569897705785,0.11961353540032137
2010-06-01,0.16694515164172533,1.2732619591010954,-0.1543934827746779,4.9716004102009475,5.125837325383124,0.1159174610349059
2010-06-02,0.16414753943384403,1.2746068087159377,-0.1485421849927012,4.975998945389884,5.124384562790084,0.11409003882068923
2010-06-03,0.15522416927423388,1.2760982883706729,-0.14293034667962698,4.974178893198084,5.116952672285209,0.10844807782142903
2010-06-04,0.1342296214752871,1.2776701613699866,-0.13754423231067733,4.960142332767401,5.097529997485577,0.09507021893918442
2010-06-05,0.1065726601127204,1.279298301526515,-0.13237159441914587,4.939286149452894,5.071501176279538,0.07689941059639793
2010-06-06,0.07967217876227306,1.2809714178431213,-0.12740143544937935,4.9190289433888195,5.0462738112456975,0.05855477434432016
2010-06-07,0.0602854947573127,1.2824995451708612,-0.12262381114728974,4.905948011013688,5.028415254568476,0.044895864166417436
2010-06-08,0.046490435282104114,1.2842452518375207,-0.11802966822878713,4.898492801123641,5.016365901759928,0.03493588977292146
2010-06-09,0.03716048119300799,1.2860885920696368,-0.11361071032869416,4.8954251451667545,5.008879287902947,0.02808275625796127
2010-06-10,0.029973697821015752,1.2879844656339803,-0.10935928727492437,4.894385658412876,5.003588378095299,0.022742526016486304
2010-06-11,0.024066062191585386,1.290181675008574,-0.10526830359380644,4.894766215839157,4.999877951840462,0.018311663402864307
2010-06-12,0.02090041529712675,1.2927818082562663,-0.1013311428642581,4.898137862921939,4.999312438193696,0.015909795323706972
2010-06-13,0.018439918343683036,1.2956534514732816,-0.09754160512720679,4.902338546922562,4.999723584457267,0.014032426285090738
2010-06-14,0.015313417597657758,1.2986797964372885,-0.09389385504345205,4.905886141224299,4.999623428675249,0.011654107063942943
2010-06-15,0.012552471365781104,1.3020802098305704,-0.09038237889585979,4.910037084533296,5.000262895836654,0.009548272719310472
2010-06-16,0.010006305643148231,1.3059430731612,-0.08700194886481305,4.914734212172339,5.001579593444651,0.007603868206723733
2010-06-17,0.007466395744724402,1.310076322749455,-0.08374759328127061,4.919581907445712,5.003172933134482,0.0056669098010406465
2010-06-18,0.005550779155349265,1.3143093732630633,-0.08061457178949474,4.925032362861722,5.005490367058715,0.0042055812846371905
2010-06-19,0.00395172391040429,1.3186524018625267,-0.07759835453978776,4.930792553465947,5.0082343404132335,0.002987835765365467
2010-06-20,0.005058260380763816,1.3231790255691322,-0.07469460468712011,4.93932946349558,5.013867500590199,0.0038082505545282697
2010-06-21,0.01517153880292969,1.3277032684719183,-0.07189916360004359,4.956762425907608,5.028505021915151,0.011297805812380924
2010-06-22,0.024500606904826864,1.3322251802191705,-0.06920803829043622,4.973304531066365,5.0423560017643,0.018058628454879985
2010-06-23,0.02738574303606294,1.3367900052201793,-0.06661739066218941,4.983345139826857,5.049805962896545,0.020074937610545247
2010-06-24,0.025861985891530853,1.3416684011247948,-0.06412352824921076,4.989193640999919,5.053160601656629,0.018911452452589714
2010-06-25,0.025576043773652843,1.3467080693851048,-0.06172289617270669,4.996347999218855,5.05791432779906,0.018637571861690704
2010-06-26,0.02771255162160972,1.3520116802795104,-0.05941207009678271,5.0060989440371415,5.065354446541423,0.02008557288540525
2010-06-27,0.03369715676872304,1.3572096308034187,-0.05718775000180856,5.019505819803137,5.0765370022124445,0.024226754136085688
2010-06-28,0.037242647686131135,1.362413044534321,-0.055046754628244494,5.0303957198250115,5.085285906860754,0.026608435126676315
2010-06-29,0.03658471045057861,1.3678408800802777,-0.05298601647095175,5.037226356292709,5.090055805171159,0.026049589737787406
2010-06-30,0.035744726864691156,1.3731301188824898,-0.05100257722641752,5.0436590507535675,5.094505060387483,0.025371115803926744
2010-07-01,0.033077551158475604,1.3781623190021703,-0.049093583613743996,5.047933068779706,5.0968700848009485,0.02343864558950583
2010-07-02,0.027988380971488383,1.3830377105940295,-0.047256283505296655,5.049556590293025,5.096656306205821,0.019835480816967448
2010-07-03,0.021834938112396816,1.3878836905456444,-0.04548802231521846,5.050017388575627,5.095348843298344,0.015488862577621061
2010-07-04,0.015959952262990885,1.3924564435916735,-0.0437862396040896,5.050416938483379,5.094046610494967,0.011331842138422397
2010-07-05,0.011344823018853827,1.396655377670387,-0.042148465866179805,5.051638517055865,5.093630415329543,0.008057401563792631
2010-07-06,0.012161989774783756,1.4006653767124162,-0.040572319472414034,5.05804182924759,5.098457581127502,0.008608263163122938
2010-07-07,0.028560256464006055,1.4045731530051984,-0.03905550374757319,5.079864687954435,5.118763624109507,0.019928539991670446
2010-07-08,0.050635434083794215,1.4084096787777234,-0.037595804164607574,5.107236090929714,5.144675327501821,0.034704502031802614
2010-07-09,0.06218070461228136,1.4121130758112772,-0.03619108564247976,5.123889477013883,5.159923995063862,0.042176603766460374
2010-07-10,0.060636084848236405,1.4157398648063129,-0.03483928993676902,5.127323441950584,5.162006164294851,0.041070897194189854
2010-07-11,0.05159774276215713,1.4193134192836228,-0.03353843311453786,5.123159511164046,5.156541376686082,0.03507876212618694
2010-07-12,0.04000105974582627,1.4231049118959165,-0.03228660310676741,5.11660615076778,5.148736186282045,0.027339823991656128
2010-07-13,0.029059770542880874,1.4268379953124797,-0.03108195733309297,5.110602590755072,5.141527980495663,0.01996003512362549
2010-07-14,0.02005498302162441,1.4308024639611812,-0.029922720394690183,5.10672150882092,5.136487661623108,0.013822848732196696
2010-07-15,0.013513419033699563,1.434704083000416,-0.028807181832045906,5.1051971024348735,5.133847716674419,0.009331070101500007
2010-07-16,0.01096322487076577,1.4386107328497304,-0.027733693945022186,5.107627046008278,5.135204172360799,0.007563066935891847
2010-07-17,0.014956465365036108,1.4427859281577204,-0.026696035606274815,5.116833140149286,5.143372608163059,0.010260019487320086
2010-07-18,0.025214347243792064,1.446891242724157,-0.02569351559466127,5.132198856606092,5.157735804608252,0.017128083349198502
2010-07-19,0.034148501467596265,1.450980181665834,-0.024726543524678152,5.146188921841556,5.170758897773733,0.022993631363679087
2010-07-20,0.03639616901109498,1.4550477628547334,-0.023797690409320005,5.153433023689312,5.177074146506131,0.024403310264276976
2010-07-21,0.03277014721025348,1.4591115099635874,-0.022901969759838194,5.154766469646807,5.1775118718141435,0.021965647913609915
2010-07-22,0.027750426346339566,1.4631508912230773,-0.022041817702225512,5.154646282099995,5.17653153220972,0.018613187887968646
2010-07-23,0.028472778263161833,1.4672608265171696,-0.02121197220418675,5.160308414808949,5.181363819420634,0.01903599556242065
2010-07-24,0.031063154095582086,1.4716622221515148,-0.020412975747237133,5.168099182732664,5.188355590887399,0.020671211511153913
2010-07-25,0.033612659262878354,1.4764492693450353,-0.01965552586038127,5.176193184980336,5.195692143248216,0.0222591263484571
2010-07-26,0.03294769107693314,1.481413050309101,-0.018916373613564776,5.1812311500052735,5.199990956026337,0.021756831233473096
2010-07-27,0.028810971804889347,1.4862230453984984,-0.01821520528864867,5.182605594147543,5.200664231843691,0.01901671611180832
2010-07-28,0.023273151880612936,1.4910336540813036,-0.017532567826236873,5.1825610203684835,5.199937020602219,0.01536884849819412
2010-07-29,0.017675492252825675,1.4958681307955117,-0.01687483272386194,5.18245557255728,5.19917383768864,0.011678217914344964
2010-07-30,0.012730897650363112,1.500727028477368,-0.016239344697056228,5.183005363663479,5.199088140768033,0.008411794890747868
2010-07-31,0.008757640958598694,1.5053491568155934,-0.01562749403016237,5.184266085976834,5.199737012414495,0.00578403120009291
2010-08-01,0.005767835993816268,1.5097558774468787,-0.015036416991802455,5.186274078681697,5.2011539280809975,0.0038058368487824874
2010-08-02,0.0036391926877180143,1.5138923768744417,-0.014471961066554833,5.188846390728409,5.203161784202463,0.002398100152056803
2010-08-03,0.0029638062285108264,1.5181407522464738,-0.013927983171355086,5.192963357536434,5.206734773115287,0.0019484566080600354
2010-08-04,0.005887663330557515,1.5226497726270627,-0.013403470461144923,5.200920747729279,5.214167650597923,0.003851828023347643
2010-08-05,0.010841549496729563,1.5271491337180687,-0.012898210518523466,5.210879254929079,5.223620897855101,0.007049164611366774
2010-08-06,0.014109208790808013,1.5316498795397837,-0.012412942204895718,5.2191329283584995,5.231389302970895,0.009127689364612343
2010-08-07,0.014301805061150488,1.5361593763651131,-0.011945765924868446,5.2243021977341995,5.236091396066566,0.009224226464021698
2010-08-08,0.01344064116184694,1.5406770338215463,-0.011498571916600657,5.228405885299597,5.239747889623696,0.008648406345414328
2010-08-09,0.015220822328657345,1.5454630654558417,-0.011071192717626042,5.235399477299677,5.246314102424802,0.009752661924551792
2010-08-10,0.016671343969217545,1.5504163881233366,-0.010654868695521274,5.242219645629837,5.252717946732856,0.0106384241467809
2010-08-11,0.01581382948873457,1.555636144159056,-0.010247659738253784,5.246989096142341,5.257080188288093,0.010063208981464483
2010-08-12,0.013292345836588584,1.5607285003877733,-0.009861453364037483,5.249946175093129,5.259651060864664,0.008444834684669661
2010-08-13,0.01022558542849287,1.5655371205036361,-0.00948745721626815,5.2520620309486645,5.2613929205724315,0.0064892927025100595
2010-08-14,0.007888312655344534,1.570275783685302,-0.009134331968205248,5.254816546605245,5.263794310980949,0.004998410921675056
2010-08-15,0.010028380791808764,1.574986479748864,-0.008784685209427524,5.262016957564049,5.270645075180975,0.006326994807094699
2010-08-16,0.019929244099659467,1.5796539114694572,-0.008448681338162487,5.276921256463758,5.285213370209419,0.012459023483883105
2010-08-17,0.027990002203094187,1.5842996894336194,-0.008129925669524777,5.2899465481999925,5.297919906277016,0.01736040511099477
2010-08-18,0.02952815943407536,1.588932835563331,-0.007821278591950562,5.29642649863826,5.304091209637709,0.018244591328024362
2010-08-19,0.026153838796187216,1.5935572871433954,-0.00752073713552476,5.297977171036862,5.3053413405798855,0.016147224265694638
2010-08-20,0.020724206473764377,1.598175492913427,-0.007233471417272332,5.297453010202723,5.304529914027494,0.012801414739658791
2010-08-21,0.015481118057586764,1.6029195892227084,-0.006960105296179393,5.29722738421692,5.304030921920598,0.009565689132453863
2010-08-22,0.012229180585096854,1.6076100521565473,-0.006705824372090938,5.298920190602358,5.305469447381947,0.007549626122092663
2010-08-23,0.010621124665415732,1.6120477633003536,-0.006454398511172485,5.302001271687401,5.308299102606072,0.0065454663882356925
2010-08-24,0.009172009634091252,1.6162277335267978,-0.006210949075978897,5.304975576317714,5.311029957801192,0.005642925485059195
2010-08-25,0.007687984990895775,1.6202914598164604,-0.00597506641402961,5.307791160626131,5.313609659447659,0.004722409128332402
2010-08-26,0.00700925295295736,1.6245461232787843,-0.005757272503882003,5.311584885960664,5.317185590872044,0.004296055809730473
2010-08-27,0.007381773419429804,1.6288559339518176,-0.005547544934171089,5.31647694466988,5.32186792201155,0.004511430940733691
2010-08-28,0.007446281222665162,1.6329172217963768,-0.005345579967656597,5.320804705284189,5.325993717659345,0.004539409227869612
2010-08-29,0.006691432979078913,1.6368218978536329,-0.005144428198969659,5.324155684866546,5.3291435454730145,0.0040714199596352495
2010-08-30,0.006629621236868073,1.640388814502657,-0.004951259135725247,5.327853958836604,5.332648650379828,0.004025225882727486
2010-08-31,0.012042344560852508,1.6437948595590668,-0.0047631201275277445,5.336860866225195,5.341467418760222,0.007272662149932208
2010-09-01,0.022453305599738446,1.6472594760829111,-0.004590103159330564,5.350909460756123,5.355342996322952,0.013447405952723902
2010-09-02,0.032979148783814194,1.6509474001078492,-0.004423470513137744,5.3652898606113295,5.369556763531966,0.01958467179314953
2010-09-03,0.03726354196895927,1.654702155615358,-0.004262982636971002,5.373489497180151,5.37759591222462,0.0220238164533488
2010-09-04,0.03484542825071001,1.65847581345192,-0.0041036957464575426,5.375004328188977,5.378951456342932,0.020578155752462555
2010-09-05,0.02872903266049132,1.6622561153710191,-0.003954979902680566,5.372816950361634,5.376615362671814,0.01698952394344505
2010-09-06,0.021699647147497274,1.6660375681909227,-0.0038117377577748033,5.369712259813449,5.373367429978723,0.012857242792472362
2010-09-07,0.01565476055859266,1.6698172832999303,-0.003669298136868328,5.3675895279544585,5.3711022584988255,0.009288057085037422
2010-09-08,0.012256897896322477,1.6736718928737806,-0.0035292439358497103,5.368186329067058,5.371559005410406,0.007270116011675522
2010-09-09,0.015223277488909503,1.6773980502691068,-0.003401631181428352,5.375006478809392,5.378251542398319,0.008993906220639258
2010-09-10,0.03263551321220271,1.6809144811933403,-0.003278703889796206,5.396058072748551,5.399180209045846,0.019045556487264602
2010-09-11,0.047963830594201756,1.68431335012007,-0.003160287141634365,5.414903675805442,5.417907395354574,0.02768831173682307
2010-09-12,0.05218262246606661,1.6877001279636754,-0.00304621266016964,5.422623320002376,5.425512965070045,0.02999203391905447
2010-09-13,0.0505354707016527,1.6911400959911476,-0.0029340920060834602,5.424528256919521,5.427305781333103,0.029015432993420544
2010-09-14,0.0517043349819179,1.694324309599051,-0.0028245204026674173,5.428990906411106,5.431658859221272,0.029612535362686716
2010-09-15,0.05115684064895782,1.6973919263793018,-0.0027147877384927055,5.431620761522571,5.434178981668563,0.029256742284575376
2010-09-16,0.04827282987460427,1.7003930172548396,-0.002608792076310728,5.431843837285937,5.4342960617697464,0.02760551991899851
2010-09-17,0.04354651927588026,1.7036030138271259,-0.0025071233528234254,5.430429191982987,5.432779747743309,0.024924322990568494
2010-09-18,0.03768083458232948,1.7071381032664918,-0.00240729711360323,5.428198422968022,5.430449152489124,0.02159584227621119
2010-09-19,0.030925237171385737,1.7110592350693108,-0.002310144233130211,5.42546111024037,5.427614686880999,0.0177528776313413
2010-09-20,0.02454694546168366,1.7149932809563755,-0.0022223290758153066,5.423104679575048,5.425170441058362,0.014111168623118899
2010-09-21,0.01879283319315865,1.718698174378412,-0.0021424667992356082,5.421135323005139,5.423121222211873,0.010816075082555233
2010-09-22,0.014380700408284552,1.7223322317795786,-0.0020655166245510544,5.420434197796116,5.422343146828165,0.008280413038767519
2010-09-23,0.013299878978171436,1.725942335931136,-0.0019858022238761885,5.423043194918236,5.424872429549611,0.007646938916363041
2010-09-24,0.013569364572162516,1.7295387831533129,-0.0019057570830621,5.426989172875217,5.428738362365778,0.007784579855167755
2010-09-25,0.012721999758158143,1.7332040630238705,-0.0018283620973767187,5.429884482917457,5.431556277422331,0.007286677270792554
2010-09-26,0.010954993650744909,1.736998820247669,-0.001754891776795469,5.431985704354423,5.433584028538716,0.0062673244359427805
2010-09-27,0.008617995154396041,1.7410300120184075,-0.001687935589983,5.433746853815625,5.435278221813106,0.004925559380553101
2010-09-28,0.006305350897947249,1.745139771341939,-0.0016274783791843984,5.435604426093506,5.437075336880189,0.003600084763080369
2010-09-29,0.0042898033249383506,1.7492985520908066,-0.0015692174046344307,5.437805920243915,5.439218570056047,0.002446300074752329
2010-09-30,0.002872749538269205,1.7536009035465716,-0.0015076079255648836,5.44075282739208,5.442103867725144,0.0016355209958452172
2010-10-01,0.0018276801905528358,1.7581874448517962,-0.001448016375849871,5.444353890899303,5.445645339682652,0.0010384457295552268
2010-10-02,0.0011389046216088575,1.7628318382380046,-0.0013871707824528357,5.448370354309965,5.449600957499916,0.0006456482491101599
2010-10-03,0.0006888488434388957,1.7677108563328132,-0.001328723663091221,5.452857763745965,5.454029919816555,0.00038953232203250103
2010-10-04,0.0004170181257298263,1.772793511713395,-0.0012724604637096792,5.457724851608219,5.458840744479428,0.00023517688323656662
2010-10-05,0.00023933658514500253,1.7780693353848434,-0.001217876423886902,5.462877577778905,5.463938886610291,0.0001345866378078607
2010-10-06,0.0001406340772024247,1.7832002705043726,-0.0011744054722205393,5.467953281342158,5.4689711192218775,7.88598954025684e-05
2010-10-07,8.160246189999516e-05,1.7881004160714118,-0.0011270356698000778,5.472841765096316,5.473812233173614,4.5634315217489145e-05
2010-10-08,1.5602037484892513e-05,1.7926698160491679,-0.0010819886518758513,5.477390211667581,5.4783156327269555,8.703165277901736e-06
2010-10-09,0.0,1.7971092657673557,-0.00103590670704159,5.481860141293119,5.482739480407658,0.0
2010-10-10,6.09175870850566e-18,1.8016673923491286,-0.000990664737263139,5.48646350984467,5.487297606989431,3.381178309811578e-18
2010-10-11,0.0010477287731754685,1.8063109174887901,-0.0009459868959733091,5.492199441598796,5.492988860902268,0.0005797016410342315
2010-10-12,0.006212317428606679,1.8109839511230055,-0.0009054674750433027,5.502077583309373,5.502826483191915,0.0034186276607084264
2010-10-13,0.01363456503337472,1.8156724485499816,-0.0008630944577849554,5.514230701358375,5.514937228223658,0.007453404448860946
2010-10-14,0.031017760275214374,1.8202942329649507,-0.0008239510462080869,5.536274824426761,5.536942207880468,0.016754474874290156
2010-10-15,0.06900528510959948,1.8247889472929413,-0.0007946404837846396,5.57878637415156,5.579424447042843,0.036437583307061136
2010-10-16,0.09773787680654414,1.82897148676277,-0.0007619139628439094,5.611734231839274,5.612339578209617,0.05072787762108573
2010-10-17,0.10304534157119535,1.8329933600678867,-0.0007305742560576035,5.621094909615828,5.6216689162793845,0.05322483557996825
2010-10-18,0.09127073992544865,1.8369303533852352,-0.0007046186232687639,5.613283256920219,5.613831307950987,0.04733465832069339
2010-10-19,0.0723031918064284,1.8407028610483753,-0.0006759096146267398,5.598116925472981,5.598636267495106,0.03779558966817142
2010-10-20,0.05303595518761176,1.8441233814727547,-0.000646020434423356,5.582300098458747,5.582789551300669,0.027955456435711266
2010-10-21,0.03678289130750591,1.847373501242058,-0.0006230970440267703,5.569320077738341,5.569786607189867,0.01952220710178564
2010-10-22,0.024447625243725218,1.8503347013682643,-0.0005948089213086733,5.559974299923485,5.560412541252292,0.013040247337890002
2010-10-23,0.015715384972981417,1.8530581130689259,-0.0005655883042169238,5.553994691970495,5.55440371268221,0.008409464811785873
2010-10-24,0.009834178383718467,1.855561352941917,-0.0005367649147867322,5.550645548643653,5.551025745965938,0.005271899829592628
2010-10-25,0.006019400256129064,1.8579257407354377,-0.0005107281321927727,5.549221195092178,5.54957535563187,0.0032293870263407597
2010-10-26,0.003616934169200051,1.860131809210466,-0.0004847135421006201,5.549050812070369,5.549378958019968,0.0019406769190578829
2010-10-27,0.002085977371490513,1.8622259295839267,-0.000464039652535029,5.549634649535687,5.54994212159572,0.0011188993449583737
2010-10-28,0.001204918151429009,1.864229334201456,-0.00043988380965299104,5.550781150776036,5.5510644669931875,0.0006459183162897526
2010-10-29,0.0006063750897774566,1.8662313494161193,-0.0004176578337281568,5.552206848904973,5.552467939146199,0.00032481403274510544
2010-10-30,7.801018742459658e-06,1.8682201818665654,-0.0003950596215755644,5.553619705496536,5.55385819752561,4.175624610017721e-06
2010-10-31,0.0002619321932938607,1.8704319049064029,-0.00037363046379650474,5.556106988868704,5.556324051739999,0.00014001873962441523
2010-11-01,0.0014875963088282155,1.8729699559395807,-0.0003538695183017924,5.559890464962911,5.560087766888712,0.0007936142949963557
2010-11-02,0.002600188525646857,1.875655452759105,-0.00034135823982552087,5.56370106527773,5.563885855925054,0.0013843634851900637
2010-11-03,0.002966161865150417,1.8784066763055358,-0.00032184544804137805,5.566837774955449,5.567003052810989,0.0015765943915904
2010-11-04,0.0027328622963477527,1.8811966955935067,-0.00030304012962694473,5.569413299993032,5.569559772530157,0.0014506180896746309
2010-11-05,0.0023904449596619166,1.8840124116963906,-0.00028524018692721554,5.571904398701929,5.572033071296355,0.0012671974871260312
2010-11-06,0.002729276438413146,1.88684585148221,-0.0002682115713441406,5.575093698582084,5.575205342560926,0.0014443863057281927
2010-11-07,0.0033861035313038222,1.8896916957163923,-0.00025777674702464384,5.578606804733475,5.578708013887999,0.0017886763727562862
2010-11-08,0.0036190952008550727,1.8925461905355463,-0.00024867891624418,5.5817033890529615,5.581795500376704,0.0019086390981203668
2010-11-09,0.0033117821291289372,1.8954065821545028,-0.0002343610020179842,5.584270785514418,5.584348578923934,0.0017442197807879954
2010-11-10,0.002703276451934697,1.898270792035827,-0.00021997691174133421,5.586540873808825,5.5866042831280645,0.0014220480419731196
2010-11-11,0.0020323854121200254,1.901137216634081,-0.0002059616275118034,5.5887504226514935,5.588799816686503,0.0010678950577683133
2010-11-12,0.0014379795042774896,1.904004597309187,-0.0001925681872667586,5.591036790859002,5.591072791453767,0.0007546695564461831
2010-11-13,0.0009714349548385433,1.9068719323132115,-0.00018578102693427655,5.59344436847392,5.593473581908353,0.0005091796168936009
2010-11-14,0.0006329033522431167,1.9097384152659125,-0.0001792358952518395,5.595978864955708,5.596001533258458,0.0003312986046612759
2010-11-15,0.0004005252849595272,1.9126033909756321,-0.00017292404575700222,5.598617774447638,5.598634130900894,0.00020936981966165885
2010-11-16,0.00023411624480670166,1.9154663229926499,-0.00016683705287202127,5.601320384417389,5.601330653877759,0.0001222092139311152
2010-11-17,0.0001423504570875199,1.9180658450252603,-0.0001568715749784099,5.603838106140174,5.60383841012265,7.421011828787689e-05
2010-11-18,8.505547776571466e-05,1.9205543102367693,-0.00014855563900126095,5.606277592308338,5.606269580354837,4.4284980972506254e-05
2010-11-19,5.007054057406827e-05,1.922723034117956,-0.00013873948265004385,5.608421147408684,5.608403319298833,2.6040795168580444e-05
2010-11-20,0.0002910318961301962,1.9244787268784573,-0.00012849918068375836,5.610428041826708,5.61039997341489,0.0001512034854056949
2010-11-21,0.0026304368318440605,1.9260083953490692,-0.00011931233835747973,5.61430630207536,5.6142690468212155,0.0013638825413825931
2010-11-22,0.00904643919723573,1.9273999670530488,-0.00011000924630350733,5.622123179236786,5.622076620890587,0.00467167031735888
2010-11-23,0.014408266938482671,1.9287375424454103,-0.00010058664060020215,5.628832004976097,5.628776024024195,0.007414918051389594
2010-11-24,0.016665271982316196,1.930033913937391,-8.952141623229803e-05,5.632396446736279,5.6323294005600095,0.00856078437945346
2010-11-25,0.016287551235013506,1.931274807455314,-7.920212504976928e-05,5.633269938798082,5.63319257333063,0.008363044788956773
2010-11-26,0.014096307409098315,1.932460322444093,-7.186356114008375e-05,5.632271548524855,5.632186844493494,0.007241663146559191
2010-11-27,0.011118425514518299,1.9335937889776553,-6.43389333623575e-05,5.630434657791615,5.630342429132476,0.005717260081806847
2010-11-28,0.008175803550328304,1.9346785397819535,-5.7641121961058785e-05,5.628583484443125,5.628484557972584,0.004208140243959614
2010-11-29,0.005697923643958521,1.9357175877342379,-5.1205248860747414e-05,5.627151088362139,5.627045726018499,0.0029349325842738362
2010-11-30,0.003808035361052496,1.9367136020153777,-4.551409003562249e-05,5.626262905519199,5.626151852016733,0.0019623771710172372
2010-12-01,0.002548603394869548,1.9376689433292265,-3.974234100234693e-05,5.625964586615898,5.6258477613643985,0.0013135657901726862
2010-12-02,0.0020440154000662906,1.9385857077887096,-3.458801564425034e-05,5.6263819174059355,5.6262599378290785,0.0010532742932060398
2010-12-03,0.0019061538522956879,1.9394657671897637,-3.0487616199055012e-05,5.627128215658665,5.627002135682362,0.0009818591850615272
2010-12-04,0.002059173027179444,1.9403108031783336,-5.7971685819323706e-05,5.628098786752497,5.628000190845816,0.0010601342959399062
2010-12-05,0.002118906770214997,1.9411223355132556,-0.00020292329521350288,5.628825101221061,5.628871456923774,0.0010903982089867056
2010-12-06,0.0019137971756229997,1.9419017452916212,-0.0005710120741137131,5.629031312625934,5.629445757107547,0.0009845569879505425
2010-12-07,0.0015984136487089467,1.9425720167678817,-0.0013357817836968475,5.628621430865698,5.629800645056894,0.0008221571646712288
2010-12-08,0.00164916599757769,1.9432584007672715,-0.0027999157340942746,5.627894433263559,5.630537781405152,0.0008479405529389273
2010-12-09,0.0016829169551699167,1.9441928362019232,-0.0052953867736090275,5.626367148616288,5.631505967797396,0.0008648635209311088
2010-12-10,0.0015413647509757318,1.945212378855555,-0.008935872976644534,5.62360465286269,5.632383958246834,0.0007917615445907501
2010-12-11,0.0012742978111316776,1.9463154502145286,-0.0136377959806231,5.619738734277841,5.633219962665963,0.0006542947827813726
2010-12-12,0.0009701992768118783,1.9474302209375596,-0.019318018768412746,5.6148691836787625,5.634030634854674,0.0004979465549002154
2010-12-13,0.0006940188990025873,1.9485276541045513,-0.025988706054761945,5.609019749181596,5.6348518876438565,0.00035604924191776213
2010-12-14,0.003616394896415079,1.9496205981531072,-0.03370599045876491,5.605317784823562,5.638867207689825,0.0018514880218241847
2010-12-15,0.018161866578937345,1.9507111486549824,-0.04246438201242653,5.6121954154542975,5.654503229874223,0.009224498704798162
2010-12-16,0.03166212183295209,1.9517984606105858,-0.052136784962896573,5.6171105797134455,5.6690907970838404,0.01596307086372532
2010-12-17,0.03859704361627654,1.9528815764751783,-0.06240021854553711,5.614865183778722,5.677108834731758,0.019381098660503845
2010-12-18,0.04444845319519563,1.953959670414148,-0.07281177516021353,5.611383130681935,5.684038338249646,0.0222419297990627
2010-12-19,0.0505480457691353,1.9550581614987323,-0.08290106102782742,5.608491928472844,5.691236421908171,0.025203375211923708
2010-12-20,0.05522529024502057,1.956161238161066,-0.09222862797314396,5.604944682665747,5.697016743046389,0.02745632898753855
2010-12-21,0.05381806675023453,1.9572893088320966,-0.1004617151794164,5.596432442635718,5.696737590222634,0.026760414388441647
2010-12-22,0.046559671827503625,1.9584252441444203,-0.10744356647211722,5.5833281317326104,5.690615130612226,0.023221956163662034
2010-12-23,0.03667756852220059,1.9595627162146938,-0.11325509457229646,5.568771972397402,5.681870499377197,0.018373323493486516
2010-12-24,0.026928534284000362,1.9606994856572892,-0.11820046725117299,5.555214334922921,5.673258234581592,0.013548075401349884
2010-12-25,0.01873566991033132,1.9618603176727691,-0.12273556177907036,5.543647208036834,5.666226202223403,0.009459612171179976
2010-12-26,0.012500913562716955,1.9630290355664715,-0.1273823622258422,5.53393436913615,5.661160163769491,0.006327878536201056
2010-12-27,0.008067516766586685,1.9641214464197851,-0.13263868923642616,5.5253370561827495,5.657819177826674,0.004090640865139202
2010-12-28,0.005067367678744881,1.9649204214949285,-0.1388912438832719,5.516883327523206,5.655618003813976,0.002572283801246518
2010-12-29,0.0031124896406292506,1.965593245352003,-0.1463786596274168,5.508113857598019,5.654335949632935,0.0015809826655688078
2010-12-30,0.0017155814838047086,1.9661440038207283,-0.155212290763872,5.498434076773465,5.653489799944836,0.0008718007608958626
2010-12-31,0.0010220339746076802,1.966594121921032,-0.16542380796012018,5.487979130168323,5.653246370535943,0.0005194275171736737
2011-01-01,0.0005867660124219349,1.9672394177622283,-0.17694735160971461,5.4766656143977395,5.653456398414953,0.00029817979720973646
2011-01-02,0.0002690818744779763,1.967941284389211,-0.18950410839309106,5.464493040103402,5.653840580903991,0.00013671398092917388
2011-01-03,0.00010141324365180911,1.9687326771901204,-0.2028452481143163,5.45177562455226,5.654464305074075,5.150928874330178e-05
2011-01-04,-1.4924808835838865e-17,1.969818428660689,-0.21656647104128565,5.439038739852208,5.655448643300992,-7.576743429081674e-18
2011-01-05,-3.04587935425283e-19,1.9712865584561523,-0.2302366200089444,5.426836720680011,5.656916773096455,-1.5451225704284533e-19
2011-01-06,-3.04587935425283e-19,1.9731858878102035,-0.2436142833000398,5.415358386742968,5.658816102450507,-1.5436352819414683e-19
2011-01-07,3.04587935425283e-18,1.975266175361308,-0.25691385602570893,5.404139101568403,5.660896390001611,1.5420095743277178e-18
2011-01-08,1.218351741701132e-18,1.9774646155134936,-0.2701188221502572,5.393132575596041,5.663094830153796,6.161180999867141e-19
2011-01-09,-1.035598980445962e-17,1.9797304762879546,-0.2831673156573055,5.382349942863453,5.6653606909282574,-5.231009942261114e-18
2011-01-10,1.218351741701132e-17,1.9820626867478601,-0.2958945757546378,5.371954893226026,5.667692901388163,6.146888036625047e-18
2011-01-11,2.3148683092321505e-17,1.9844551069893495,-0.3082932191628248,5.361948670059329,5.670085321629652,1.1665007190533408e-17
2011-01-12,2.8022090059126034e-17,1.986900794654296,-0.3204359556971683,5.352251621189932,5.672531009294598,1.4103416805971754e-17
2011-01-13,1.827527612551698e-17,1.9893678987594106,-0.33216048217991284,5.342994198812302,5.674998113399713,9.18647382262156e-18
2011-01-14,2.3148683092321505e-17,1.9918669435832064,-0.3434487193132229,5.3342050065027875,5.677497158223509,1.1621601114921316e-17
2011-01-15,2.0102803738068676e-17,1.9943992224346823,-0.3541313668429874,5.326054637824499,5.680029437074985,1.0079628748314484e-17
2011-01-16,1.7056924383815846e-17,1.9969629016467612,-0.36429350526579596,5.318456178613769,5.682593116287064,8.541432777619528e-18
2011-01-17,1.4467926932700942e-17,1.9995559154970852,-0.3740286051073947,5.311314092622495,5.685186130137388,7.235570068619085e-18
2011-01-18,1.1574341546160753e-17,2.0021762887829397,-0.3834646381338477,5.304498432881896,5.687806503423243,5.780880340560038e-18
2011-01-19,2.436703483402264e-18,2.004822204297578,-0.3928730775092825,5.2977359090211,5.6904524189378805,1.2154212369450501e-18
2011-01-20,-4.568819031379245e-18,2.00723108494144,-0.40249727113528466,5.290520596038959,5.692861299581743,-2.2761798906240723e-18
2011-01-21,0.0008731073109795461,2.0095541505035595,-0.41246031667975513,5.283753723367588,5.696057472454841,0.00043428943155529473
2011-01-22,0.009935366035344138,2.011764306360178,-0.4226408089924089,5.284845645635917,5.707329887035825,0.00491436298427633
2011-01-23,0.0516871385087798,2.0136603739812204,-0.432814434989014,5.318319859733791,5.750977727130303,0.025025879759317284
2011-01-24,0.144314397170485,2.0151568284708072,-0.44254268578942824,5.402715322084668,5.845101440281595,0.06682858074556115
2011-01-25,0.218886019478321,2.016206643700716,-0.4512118070733821,5.469667638338459,5.9207228778193395,0.09793151894069264
2011-01-26,0.2385384601453178,2.017035307686024,-0.45819253208036737,5.483168017983779,5.941203982471645,0.10575511364217738
2011-01-27,0.21539476063268898,2.017721924334017,-0.4630827971981173,5.455820670001393,5.918746899607009,0.09645477197081634
2011-01-28,0.17278847319380547,2.0182971915727266,-0.4657988445046349,5.411073602494701,5.876715879406834,0.07885975248357835
2011-01-29,0.13258040213602437,2.018779610405584,-0.46669702050210726,5.370449774272306,5.836990227181911,0.0616263207288093
2011-01-30,0.11603712640591596,2.0191818994326343,-0.46647032172312153,5.354535486348233,5.820849240478853,0.05434436701890359
2011-01-31,0.1064280416261419,2.0195134565954933,-0.46569369263489974,5.346034587819539,5.811571712861937,0.0500616041011334
2011-02-01,0.09187129460788718,2.0197815593823205,-0.46467383674222507,5.332765799480787,5.79728306863051,0.04350681715239602
2011-02-02,0.07334909690028728,2.019992034302279,-0.4636607850283111,5.315467128407059,5.778971345842869,0.035039246975551594
2011-02-03,0.054710978874487136,2.0201496649271826,-0.4627991775189566,5.297848248515518,5.7604908584419725,0.02636850770577188
2011-02-04,0.03863301022241921,2.020258456895112,-0.4622622120531432,5.2824160372971924,5.744521681757834,0.018763985785275904
2011-02-05,0.026113781795752068,2.0203218184859226,-0.4622531178657407,5.269969264648738,5.732065814921977,0.012760617432651056
2011-02-06,0.01699745653061349,2.020342688400737,-0.4630015214022088,5.260125405761946,5.7229703595716535,0.00834296451326552
2011-02-07,0.010528099059639064,2.0203236289855586,-0.4645164035886697,5.252122106689332,5.7164819426855,0.005184080607289296
2011-02-08,0.005781134649540101,2.0205278202764596,-0.4665015346492484,5.245594202509555,5.711939169566302,0.002853037112374221
2011-02-09,0.003485178416207732,2.0210654698190273,-0.4688167944721824,5.241520635995856,5.7101808628755375,0.0017214577561918249
2011-02-10,0.00210087313325868,2.021994029228253,-0.47155185565559044,5.238329828938725,5.709725117001814,0.001037932129964653
2011-02-11,0.0013333720641427668,2.023355601999941,-0.47475054974053416,5.235725206556354,5.7103191887043865,0.0006585564900204588
2011-02-12,0.0012247393652533927,2.0249231665885206,-0.478300635285513,5.233634052901065,5.711778120594077,0.000604466910660635
2011-02-13,0.0012879845206411262,2.0266171694707458,-0.4819680854812622,5.231723850742929,5.713535368631689,0.0006351305523860791
2011-02-14,0.0009887206217167926,2.028406894889826,-0.48540352456986974,5.229778873174477,5.715025830151846,0.00048719954559849044
2011-02-15,0.000910954098782572,2.0302740136639637,-0.4881451457552587,5.228826604240291,5.716815182403049,0.00044848406877781534
2011-02-16,0.0007386078324886593,2.0324669885883018,-0.48996012913717213,5.229032249516422,5.718835811061092,0.0003632725749864589
2011-02-17,0.0005500782782543542,2.0348239956122316,-0.4909507370258966,5.230210119097393,5.721004288530788,0.00027025905719773425
2011-02-18,0.00038559302597661706,2.037285517583197,-0.4914447103168999,5.232013182525078,5.723301325249476,0.00018923221906077956
2011-02-19,0.0002583081496241806,2.039830862079511,-0.4916647463318742,5.234211206130065,5.725719384869437,0.00012661610746905167
2011-02-20,0.00016705110328233793,2.0424474929598353,-0.49145634550926914,5.236944980786653,5.72824475870342,8.178297945046649e-05
2011-02-21,0.00027965702492085287,2.0451265693326763,-0.49107601679337426,5.240116991797027,5.7310364409979,0.00013672444197984981
2011-02-22,0.0010562712135930108,2.0478613626736717,-0.4906635617461619,5.244040854373907,5.734547848527567,0.0005155264399716367
2011-02-23,0.001946985537317117,2.050646510674434,-0.49025302453363456,5.248127253910921,5.738223710852054,0.000948549014166934
2011-02-24,0.00307955805695489,2.0534776049451864,-0.48976172452757033,5.252582220707375,5.742187377642444,0.0014974337267919082
2011-02-25,0.004064730316290552,2.05635093865809,-0.4889523573920212,5.257250093815164,5.746045883614683,0.0019727719884375878
2011-02-26,0.0043291874357023205,2.059263340697925,-0.4875118231051912,5.26186748726124,5.74922274277393,0.002097888694924556
2011-02-27,0.003910785375790669,2.0619511365375276,-0.4851397165984835,5.266508987547638,5.751492136553621,0.0018930526451490317
2011-02-28,0.0031593558157131376,2.0643037089958174,-0.48175267216443063,5.271497174879904,5.753093279451833,0.001528131684423172
2011-03-01,0.0023553806882456985,2.066289354095353,-0.4777177278131277,5.276713789203274,5.754274949423901,0.0011386105350235964
2011-03-02,0.0016553665367721984,2.0678504023838813,-0.4731774475334818,5.282115103619976,5.755135983560956,0.0007998849588303161
2011-03-03,0.0011122804506747783,2.069208367499819,-0.4683890294872622,5.287718400696036,5.7559508625907965,0.0005372503296896914
2011-03-04,0.0007214910382705699,2.0704410655113197,-0.46372797814073086,5.293221360641663,5.756792771189893,0.0003483507540192899
2011-03-05,0.0022884576978358328,2.07157821401255,-0.45944200728249396,5.300211446660696,5.759496886350688,0.0011034738775894724
2011-03-06,0.01313814129708926,2.072637459566848,-0.4557134349950423,5.315848948101699,5.77140581550424,0.00629892366736258
2011-03-07,0.03225489768304825,2.073369828697821,-0.4526298157908117,5.338781692822861,5.791254941021172,0.015318445532546392
2011-03-08,0.045132216810673975,2.073936742105032,-0.4500348957144405,5.3548208454340696,5.804699173556008,0.021298135023301655
2011-03-09,0.04686428402307857,2.0743973867223895,-0.44741895531626047,5.359629497662012,5.80689188538577,0.02209264640444345
2011-03-10,0.041046578951010666,2.074772177715852,-0.4443218318698971,5.35728370702977,5.801448971307165,0.01939985588164132
2011-03-11,0.03224046417176657,2.0751255989353248,-0.44060281355135367,5.352550031788542,5.792996277747394,0.015298938678091536
2011-03-12,0.02349964533663054,2.075435741697512,-0.43646504970780725,5.34825711955914,5.784565601674445,0.011195983202625513
2011-03-13,0.016221075869452522,2.075750830090173,-0.4322513001295857,5.345507388062844,5.777602120599928,0.007753964488357516
2011-03-14,0.010740701358405444,2.076068581470826,-0.4283750614262727,5.344221003635763,5.772439497469534,0.0051469491950139
2011-03-15,0.006883177709128377,2.0763658714994717,-0.42494866174119295,5.344087169700211,5.768879263848903,0.0033040589706464568
2011-03-16,0.004296342918156389,2.0766369671272975,-0.4219019198435555,5.344818172434702,5.766563524685756,0.0020646230695699442
2011-03-17,0.0026241357676342106,2.076881079377075,-0.41921700706314785,5.346074990314365,5.765135429785012,0.0012619039127784064
2011-03-18,0.0015739210319478403,2.0770984889322306,-0.41696304193454026,5.347496150262442,5.764302624604481,0.0007571760823895112
2011-03-19,0.0009295568487736755,2.0772898641786774,-0.4152405965481515,5.348765606712103,5.7638496356677535,0.0004472852285800081
2011-03-20,0.0005417560234314986,2.0774299288395417,-0.41409760704318743,5.34966086005259,5.763601899503276,0.00026071386216565477
2011-03-21,0.002401196802237415,2.077534816420938,-0.41343028400696125,5.3522925114490185,5.765566227863478,0.0011544570539534999
2011-03-22,0.016936793923995348,2.077610640723907,-0.4130270793621391,5.3673071375185675,5.7801776492882055,0.008086135288142785
2011-03-23,0.04780248332447111,2.077920677329847,-0.4127091407109396,5.398800802176183,5.811353375294621,0.022487633483636242
2011-03-24,0.07177141173256968,2.078574734889485,-0.4123729473289467,5.423759981525912,5.835976361262357,0.03337667837585789
2011-03-25,0.07765424283303377,2.079368820868439,-0.4115412668712074,5.431268579063069,5.842653278341775,0.03600065485613229
2011-03-26,0.07031355582236588,2.080236299160664,-0.4100207574781685,5.426315879737666,5.836180069623333,0.0326956176623586
2011-03-27,0.05921512691404612,2.0811548986875965,-0.4077724628557763,5.41838434497867,5.826000240241945,0.027665836376773768
2011-03-28,0.04896534241236807,2.082112300257741,-0.40479613566693856,5.412068289235974,5.816707857310412,0.022976798888949684
2011-03-29,0.03947069091372679,2.0831005632498734,-0.4010210849043915,5.407336951492013,5.808201468803903,0.018595696533768535
2011-03-30,0.030426730676249653,2.0840619354578807,-0.3964434263172173,5.403832022049717,5.800118880774432,0.01438963999361516
2011-03-31,0.0223209171478622,2.085022839126296,-0.39110642646807725,5.402024112038885,5.792973970914461,0.010591967770519888
2011-04-01,0.015648025131599415,2.085938427361461,-0.38514788605692224,5.402225348668942,5.787216667133363,0.007445815570916222
2011-04-02,0.010551423815228443,2.0868136747529094,-0.37893359700935464,5.404218283791587,5.78299531320844,0.005030799750807266
2011-04-03,0.006885996934038017,2.0876739386577574,-0.37276325397030474,5.407583463854294,5.780190150232098,0.003287562612569715
2011-04-04,0.004372413172972851,2.08852685508864,-0.3669370631870401,5.4117489873073765,5.778529482901916,0.002089165608340352
2011-04-05,0.003498778528587396,2.0893748663841563,-0.36171099024209535,5.416949436903453,5.778503859553046,0.001671758128873216
2011-04-06,0.006001903525649875,2.0902191494092635,-0.35707090849015244,5.424936926677565,5.781851267575216,0.002863201625251605
2011-04-07,0.009540666041155036,2.0910603354103983,-0.3528680005110784,5.433519783173279,5.786231216091856,0.004541874460957727
2011-04-08,0.015246387721148627,2.092159702051664,-0.34886488092826523,5.444327991077351,5.793036304413116,0.007234670050133646
2011-04-09,0.018834608091118563,2.093625653323903,-0.3448581177323057,5.45338892591552,5.798090476055323,0.00891595853192632
2011-04-10,0.01864948760208264,2.095357404047005,-0.3407039722102608,5.4590897016716315,5.79963710628939,0.008821866984328802
2011-04-11,0.015934656448743784,2.096965282778272,-0.33628448026714614,5.462402241192674,5.798530153867318,0.0075416048592312065
2011-04-12,0.012341432242395953,2.098296869853299,-0.3316084758291034,5.464816608499396,5.7962685167359975,0.005847251151531695
2011-04-13,0.008925712685669721,2.0996947473171477,-0.32682187165125814,5.467585370584363,5.79425067464312,0.004232963141056592
2011-04-14,0.00613057624126019,2.1012535146907325,-0.32205915522469725,5.4711117179401,5.793014305572296,0.0029090929686903617
2011-04-15,0.004045017860014316,2.102906251789782,-0.3173924448893638,5.475345606993237,5.792581484290099,0.0019198440506346655
2011-04-16,0.002847408502049705,2.104609243727526,-0.3129520878970386,5.480291346565341,5.793086866869878,0.0013511113023545703
2011-04-17,0.0030981685837370514,2.1063486568274263,-0.3088489315553901,5.486384676088577,5.795077040051466,0.0014687113922073722
2011-04-18,0.0052412533978394215,2.1081182123652726,-0.30506670349133785,5.4940795445045785,5.798989680403414,0.002480057691438148
2011-04-19,0.01297594483883827,2.1099139019562383,-0.3014830387800943,5.507193590247786,5.808520061435379,0.006112396674009268
2011-04-20,0.019547834645914263,2.1117328300140175,-0.29785342228552797,5.519214024607208,5.816910879300234,0.009171872560028748
2011-04-21,0.021163487294302348,2.1135727535826954,-0.29412893275505975,5.526394090354742,5.8203664555173,0.00991386518346075
2011-04-22,0.019051974936541444,2.1154318561017136,-0.2902633844067537,5.530007228864306,5.820114045678558,0.008925799605272337
2011-04-23,0.015190327895214559,2.117543452467377,-0.28629983903321193,5.532220723562183,5.818363995002894,0.007122467902502118
2011-04-24,0.01122641173570514,2.119768800153433,-0.2822643703195644,5.534517623802378,5.816625426529441,0.005268154368940542
2011-04-25,0.009224392500969774,2.1223204090384327,-0.2783041128232201,5.539027470948986,5.817175016179705,0.00432756210158375
2011-04-26,0.01979242407489562,2.125030918153712,-0.2745839773830743,5.556026147078337,5.83045355686891,0.00922799732976145
2011-04-27,0.058064223598777484,2.1275787358844296,-0.27114690232407335,5.600282839391938,5.87127317412351,0.026566197990776454
2011-04-28,0.1017418299000689,2.1298350908314854,-0.2679034812504277,5.64946022171393,5.917207135371857,0.045591899143102785
2011-04-29,0.1227116526844266,2.131888882011005,-0.2645515583940054,5.67583575853423,5.9402307493357345,0.054427225930292526
2011-04-30,0.11829059781614563,2.1338607270615566,-0.26089987091187244,5.677038236198634,5.937781539518005,0.05252337909512769
2011-05-01,0.0991803479428784,2.135788791499283,-0.25685434137698854,5.663901580297977,5.920599354082464,0.044376607351112415
2011-05-02,0.07739163316386939,2.1375310108384276,-0.252440419553572,5.648269006681529,5.9005528586426,0.03494100950813573
2011-05-03,0.06520799275406702,2.139056637340895,-0.24780965984786757,5.642241752479898,5.889894844735265,0.029582651676109236
2011-05-04,0.06262496818904151,2.140530858988143,-0.24313878246161086,5.645803826948377,5.888786041817487,0.02842511973802615
2011-05-05,0.0593146917405511,2.141961991374948,-0.2384235876033383,5.648639877744965,5.886906897755802,0.02694558671134523
2011-05-06,0.05216711236090579,2.14361535774871,-0.23373636868987968,5.64783288365254,5.881412684749918,0.023757869038048
2011-05-07,0.04632807260267351,2.1453441505673676,-0.22898014647151838,5.648478858931327,5.877302437810344,0.02113823048579064
2011-05-08,0.043990462524278184,2.1471003404956517,-0.2241441352627148,5.652733449990019,5.876721017660232,0.020076969180668893
2011-05-09,0.040511795504140906,2.148872236963717,-0.2191728759688116,5.655997938731851,5.87501424710816,0.0185037411908391
2011-05-10,0.034317608166034054,2.150654538600174,-0.21402326662044735,5.656735662378565,5.870602361406511,0.015706199375046786
2011-05-11,0.026762614069961062,2.152444343546318,-0.20866841551305226,5.656325324336031,5.864837172256582,0.012280896027991433
2011-05-12,0.019277979488370386,2.1540050525384835,-0.2031628842088021,5.655906930050856,5.858913246667156,0.008870441265255404
2011-05-13,0.013301019763134428,2.155733879668753,-0.19750570845093807,5.657315973213754,5.854665114072191,0.006132229484467135
2011-05-14,0.008917352240556472,2.157524594851437,-0.19173084653029115,5.660497882794506,5.852072161732297,0.004116127945420462
2011-05-15,0.005780782815026602,2.159598651818347,-0.18589188821874408,5.665274328647434,5.851009649273676,0.002669639658790498
2011-05-16,0.003644817933142192,2.1618210639459177,-0.1800440201485231,5.6712086439633405,5.851096096519362,0.0016831564808490265
2011-05-17,0.0022459648198507568,2.16412023888728,-0.1742945267170252,5.677858459222909,5.851996418347433,0.0010367429181674895
2011-05-18,0.0015347811641007712,2.16647359880478,-0.1686564805448726,5.685138681656812,5.853638594609183,0.0007079221548593835
2011-05-19,0.0021621338939487238,2.168870182354067,-0.16315964587506598,5.693659452605754,5.856662530888318,0.0009959012944060317
2011-05-20,0.0029985700322641587,2.1715640070333597,-0.15777914626391007,5.702570213034518,5.860192791705927,0.001378930210557775
2011-05-21,0.0031983430180496223,2.1746584419857724,-0.1524520907296163,5.71119147650701,5.863486999644125,0.0014685736179130848
2011-05-22,0.002826474521257136,2.1779446130830404,-0.14717492032550702,5.719382949511594,5.866401302244601,0.001296089505828042
2011-05-23,0.00221582349746603,2.1812737119598684,-0.1420098188805084,5.72726649880963,5.869119750097637,0.0010148083888123253
2011-05-24,0.0016502348347630616,2.1849008973958948,-0.13693476134482913,5.735403153118632,5.87218134687096,0.000754720440989431
2011-05-25,0.001331400540125742,2.1886894396768675,-0.1319505986186201,5.743857023831177,5.875651054857296,0.0006079396669092077
2011-05-26,0.005870259683028537,2.192586304023831,-0.127137606582514,5.75710573935715,5.884086778347163,0.0026701731478062864
2011-05-27,0.02554028783192006,2.196572619782699,-0.12251513691320795,5.785384552934215,5.907743122254922,0.011493694917301435
2011-05-28,0.043028834833409094,2.2006367243156646,-0.11807469427472204,5.811377647107156,5.929295773789376,0.019177918321181563
2011-05-29,0.04848539844137729,2.2047702722449585,-0.11380579120824964,5.82523666171089,5.938885885326638,0.021517930287337863
2011-05-30,0.044408773481828555,2.208966837493178,-0.10965967718003206,5.829502716027779,5.939005825615309,0.01970766580837069
2011-05-31,0.03588395031308984,2.21322124560628,-0.1056001516903319,5.8292918264618425,5.934735410559672,0.01595476742403839
2011-06-01,0.02666535812596196,2.217268276799532,-0.10162168623968333,5.828098730918615,5.929563849565797,0.011883309609041685
2011-06-02,0.018662891576376215,2.220996079779793,-0.09778318879067094,5.8276625647983025,5.925289185996472,0.008332916669485341
2011-06-03,0.012474585238900571,2.224345845065589,-0.0940984714097124,5.828508741127582,5.922450644944792,0.005576927441244112
2011-06-04,0.00806147297971896,2.227509156572601,-0.09055948321543936,5.830797928569685,5.921200844192622,0.003606002366086414
2011-06-05,0.005065752130153139,2.230652885125164,-0.08715894128011466,5.834346478208007,5.921348851895619,0.0022658272135585526
2011-06-06,0.0031112061449681534,2.2337626265306185,-0.08389021426859111,5.8387704006398,5.92250404731589,0.001390872430765017
2011-06-07,0.0018746881468379227,2.236838931669953,-0.08074722614629778,5.843753175903297,5.924343834457094,0.0008373952479868064
2011-06-08,0.0011115301946492812,2.2396267456798276,-0.07772437644848132,5.848800681658799,5.926368490514779,0.0004960553432843432
2011-06-09,0.0006499923090022032,2.242022706012887,-0.07481647421501861,5.8536430063396745,5.928302912962192,0.00028982932261518545
2011-06-10,0.0015889981162664154,2.2442358727125247,-0.07201868319970342,5.859592969861891,5.931455085469094,0.0007075342948179291
2011-06-11,0.006942116107864948,2.246336949363122,-0.06932647637937142,5.869739371324419,5.9389092801112895,0.0030808949562640556
2011-06-12,0.012134213119685317,2.248168892363488,-0.06673559813207455,5.879354289583903,5.945933320123476,0.00536840085307561
2011-06-13,0.013929399435133114,2.2498537033881756,-0.06424203273775737,5.885327852318355,5.949413317463611,0.0061531510760729985
2011-06-14,0.013249222819232185,2.2514384569003165,-0.061841978089700315,5.8886324838626525,5.950317894359851,0.005850353202289211
2011-06-15,0.011207239163390333,2.2529413566344396,-0.05953182369922979,5.890403554331404,5.949778810438133,0.004949869096131996
2011-06-16,0.008689816517277692,2.254373907757259,-0.05730813223670706,5.891542374270633,5.94869393891484,0.003839846144881917
2011-06-17,0.006309256462455065,2.255744397034631,-0.05516762398453195,5.892672811745358,5.947683868137389,0.0027891718893144246
2011-06-18,0.004966097044912714,2.2570592023466007,-0.05310716368761677,5.894704917936701,5.9476555140318155,0.00219542064637765
2011-06-19,0.0063598517781393235,2.258323437673438,-0.051123749377426544,5.899346322306955,5.95031350409188,0.0028082742552842546
2011-06-20,0.007923197463968202,2.2595413209524584,-0.04921450282061267,5.904036797828618,5.953094733056729,0.003494298322913419
2011-06-21,0.008170228007312097,2.260716404381543,-0.04737666130511679,5.907296753316542,5.954516847029158,0.0036009855629983
2011-06-22,0.007584266043362788,2.2618517282506057,-0.045607570527699204,5.909615205999073,5.955066208934271,0.003341916697554754
2011-06-23,0.006727005030185268,2.2629499287148165,-0.04390467838900823,5.911559037588798,5.955307148385304,0.0029638601556766964
2011-06-24,0.006667683265384359,2.263935038835265,-0.04226552953703739,5.914123974796416,5.9562329367409514,0.002936525707683354
2011-06-25,0.006941589294057279,2.264854917528518,-0.04068776052851226,5.916895528526867,5.957426721462879,0.0030555506504260192
2011-06-26,0.006898596899704466,2.265727148916359,-0.03916909550131278,5.919243432547555,5.958255960456366,0.003035518238057842
2011-06-27,0.006321246093195535,2.266557917454671,-0.03770734227049294,5.9209586035101776,5.958509378188169,0.0027811624104681137
2011-06-28,0.005506073395052782,2.2676120363139947,-0.03630038877641874,5.922604503165433,5.95874832434935,0.0024222557426888582
2011-06-29,0.009164534317886988,2.268739659951137,-0.03494619982668475,5.928744776675144,5.963534408909327,0.004023230801779999
2011-06-30,0.026311388547360016,2.2698905413223898,-0.033642814084257254,5.948345898018296,5.981832144510053,0.011458656229268352
2011-07-01,0.04134595900913313,2.271025339961902,-0.03238834126308538,5.965769739940754,5.998001513611338,0.017880328746309626
2011-07-02,0.04556320689240186,2.271892008959003,-0.031180959499721342,5.972061038584488,6.003085430491708,0.019660879131881085
2011-07-03,0.04130987377663607,2.272644853609165,-0.030018912875345655,5.969722596743259,5.999584942026104,0.017852498706103063
2011-07-04,0.03324785742938628,2.2733356349015676,-0.028900509067460722,5.963469765496297,5.992213706971256,0.014414330779670645
2011-07-05,0.028460839456896012,2.2739788068877766,-0.027824117114441254,5.960402311463035,5.988069860984975,0.012361166340268733
2011-07-06,0.03735578511062584,2.2747645394573883,-0.02678816527932609,5.9711189415214925,5.997750539208317,0.016156505660061278
2011-07-07,0.04624374031313676,2.275590687229019,-0.025791139001842496,5.981830070773118,6.007464642182458,0.019916898364750926
2011-07-08,0.047036908765415844,2.276423824939523,-0.02483157892974943,5.984415937007993,6.009090948345241,0.020244331261157933
2011-07-09,0.04188396189922474,2.27728196595146,-0.023908079022290005,5.981044631061199,6.004796142490987,0.0180599246462892
2011-07-10,0.03401176401003789,2.278146222963637,-0.023019284719905886,5.9749254844865725,5.997788201613977,0.01470996540965396
2011-07-11,0.026015190624198478,2.2790876975316703,-0.02216389117545938,5.968725779213213,5.990733102796171,0.011285912988036375
2011-07-12,0.018994725679470654,2.280084041603117,-0.02134064154309876,5.9635249079722925,5.98470898192289,0.008261885564678415
2011-07-13,0.01329731022630653,2.2811288450736305,-0.02054496109763666,5.959667976435105,5.98005636994024,0.00579548406715589
2011-07-14,0.008958782033209533,2.2821961214540094,-0.01978253026498783,5.957159155455035,5.976785118127522,0.003910159902141034
2011-07-15,0.005670721171754757,2.283276095703505,-0.01904452921271595,5.955689069895348,5.974577031515562,0.0024774368412351774
2011-07-16,0.00362267293612046,2.28444279929422,-0.01833048919918954,5.955521765263955,5.973695686870643,0.0015832907668455758
2011-07-17,0.0023473784364194477,2.2856477676063793,-0.01764113042524835,5.956140797850354,5.973625360683101,0.0010259542903661117
2011-07-18,0.001877675561678307,2.286873399518917,-0.016987696331361345,5.957550160982038,5.974381289720898,0.0008203930877944807
2011-07-19,0.001697071261361323,2.288113793065962,-0.016352475335151693,5.959245171224976,5.975441078967625,0.0007411403656956056
2011-07-20,0.0014758060314437765,2.2893394101997298,-0.01574170816117844,5.960860290302799,5.976445430871476,0.0006442274440064869
2011-07-21,0.0012835770528597252,2.2905631790085925,-0.015149870782794816,5.962483667511462,5.977476970701755,0.0005600623381405996
2011-07-22,0.005086047925177608,2.291814723223468,-0.014580986304953057,5.968106567076497,5.982530985788948,0.002214308945803589
2011-07-23,0.01949319166758123,2.2933398838903765,-0.014035596368231642,5.98458426142253,5.99846329019826,0.008428274341795553
2011-07-24,0.033579924011425205,2.2949804349615603,-0.013507840056900632,6.000839301148889,6.014190573613288,0.014420894816845406
2011-07-25,0.03949554328898435,2.2964993190187815,-0.013009299711652229,6.008772344828918,6.021625076948069,0.016907375922036953
2011-07-26,0.03945220148803131,2.2980392953714763,-0.012524437855640669,6.010753841236671,6.02312171149981,0.016878008557907723
2011-07-27,0.03540780077562591,2.2995977086369113,-0.012062706235554714,6.008729585409787,6.020635724052839,0.015163904595897136
2011-07-28,0.02993678352468224,2.3011688876474454,-0.011618251936860401,6.005274201468071,6.01673588581243,0.01284231079478667
2011-07-29,0.023969110847761325,2.302751301243667,-0.011190420872380763,6.001316773451851,6.012350626731731,0.010301672140408186
2011-07-30,0.01811586329765701,2.304265513365313,-0.010778583769272161,5.997389575126501,6.008011591303273,0.007800554844134901
2011-07-31,0.012999112372555174,2.305730262699174,-0.0103782047264014,5.994137952578132,6.004359589712031,0.005606136064133423
2011-08-01,0.008927197218799898,2.3071496365546977,-0.009991888997789779,5.991871727008512,6.001707048413801,0.003854447783692542
2011-08-02,0.005907267633510892,2.3085479623531904,-0.009617321055440806,5.990624691164065,6.000085444627004,0.0025523360992145156
2011-08-03,0.003970596351383558,2.3099337646729716,-0.00925529378147718,5.990435849475682,5.999534575664658,0.0017159725433188574
2011-08-04,0.0033702936998233923,2.3112581298072126,-0.008905021454242733,5.991510184285597,6.000258638147338,0.0014560841237388992
2011-08-05,0.0032798695011172873,2.3122925487144044,-0.008568435553967725,5.992790764894358,6.001202632855824,0.0014164400453711113
2011-08-06,0.003338964642539736,2.3132014566366803,-0.008243570622247896,5.994083632889776,6.002170635919523,0.0014413582477856878
2011-08-07,0.004107443855351667,2.314041264623695,-0.007931013233846497,5.996004477478005,6.0037789231193495,0.001771863832690263
2011-08-08,0.008701333419283393,2.314907630030346,-0.007628150675061866,6.001767595007372,6.009239178089932,0.003744749463509297
2011-08-09,0.013023761936223066,2.316025181920557,-0.007337306570108076,6.007498419519476,6.014679158497083,0.005591879883235264
2011-08-10,0.014281663849646705,2.317335989036359,-0.007060752006035674,6.010343683112774,6.017247867526308,0.006125216899078326
2011-08-11,0.013010267440837815,2.318465341661617,-0.006793380067913722,6.010469011267345,6.0171058237427575,0.005580271734365843
2011-08-12,0.010843186245579717,2.319687227099542,-0.006536046794062213,6.009781148783864,6.016160627985425,0.004652668844606913
2011-08-13,0.01005332038501303,2.32094950833039,-0.006291241736051032,6.010498369212156,6.016633043355705,0.004312873524290545
2011-08-14,0.011213637298243333,2.3222546084495033,-0.00605113041870178,6.013203897561849,6.019098460388049,0.004805566700415924
2011-08-15,0.01477330717033477,2.323581499383564,-0.0058186601589643155,6.018322928627739,6.023985021194202,0.0063178210290963585
2011-08-16,0.01841506092756605,2.32489584705164,-0.005595091120759844,6.02350259909125,6.028941122619509,0.007858564932575075
2011-08-17,0.0260987703106356,2.3262095137324206,-0.005383585291977862,6.032711480983883,6.037938498683358,0.01109496169684785
2011-08-18,0.04255792485707681,2.327525627662188,-0.005179549494226371,6.050690785257842,6.055713767159567,0.0179562972840515
2011-08-19,0.05947562444686281,2.3288442160655007,-0.004977640322849132,6.069128982422319,6.073950055152666,0.02490270500541652
2011-08-20,0.06753853992025836,2.3301649719444537,-0.004786348266466391,6.07870394583105,6.083333726505014,0.028168011426789437
2011-08-21,0.06450997745150917,2.3315397275058602,-0.004607294576946027,6.077229192613228,6.081679919597672,0.026923472129163087
2011-08-22,0.054294221558879016,2.3329376055716313,-0.004433834876204238,6.06858477448711,6.072862041770813,0.022743589852411407
2011-08-23,0.041691423026340796,2.3343477981893317,-0.00426323554707001,6.057562767901406,6.0616694358559755,0.01754660556697792
2011-08-24,0.03000590162041317,2.3357670075050767,-0.004098756185208757,6.047460935173085,6.051403123765793,0.012683339768018935
2011-08-25,0.020544089711818835,2.337454316115017,-0.003943278642152297,6.039841909417488,6.043628620467139,0.00871251212937738
2011-08-26,0.013528437221292317,2.339281869098518,-0.0037898650686205085,6.034807223483995,6.038440520960114,0.0057499056277312294
2011-08-27,0.008636072446154483,2.3411026744280106,-0.0036384489248568806,6.031887080182113,6.035368961514468,0.003675333037616615
2011-08-28,0.005357349204124579,2.3426805037635035,-0.003491669957520101,6.030332965242913,6.03366806760793,0.0022816281250975386
2011-08-29,0.0032526001940853524,2.344043251795792,-0.0033551475103328924,6.029727486712348,6.03292606663018,0.0013856796923694217
2011-08-30,0.0019083251489365551,2.345422353991409,-0.003226953168461965,6.029890508204687,6.032960893780649,0.0008129766998297122
2011-08-31,0.0011224745756253061,2.3467178042368992,-0.003095473534270853,6.0305315875110574,6.0334704934528265,0.0004780881330620259
2011-09-01,0.0005962454858660204,2.348203021649221,-0.002983518604588106,6.031602530763303,6.03442948177539,0.00025385118865150276
2011-09-02,0.0002058022919877664,2.3497056365696674,-0.002875675146957585,6.032822545947502,6.035541653501958,8.757874385575195e-05
2011-09-03,4.6806112454690944e-05,2.351475962895328,-0.0027717896607798867,6.0345377615798075,6.0371529836480855,1.990459674538496e-05
2011-09-04,2.6803738317424903e-17,2.3536227463403714,-0.002671714472171366,6.036737814101004,6.039252960980674,1.1388289970897764e-17
2011-09-05,2.8022090059126034e-17,2.3561999614729947,-0.0025716667446626625,6.039415076961136,6.041830176113297,1.1892916780122444e-17
2011-09-06,1.5533984706689433e-17,2.359142582171344,-0.0024715202937102046,6.042457844110437,6.044772796811646,6.5845891740854536e-18
2011-09-07,2.3453271027746788e-17,2.3622824239072786,-0.002372590280885445,6.045696615859198,6.047912638547581,9.928224834757246e-18
2011-09-08,3.076338147795358e-17,2.3655590481553666,-0.0022775695342107955,6.04906826085396,6.051189262795669,1.300469819256572e-17
2011-09-09,9.137638062758489e-19,2.36889396991346,-0.002195540402791405,6.052485211743473,6.054524184553763,3.8573436290575315e-19
2011-09-10,8.528462191907923e-18,2.3723011610200095,-0.0021068705940225944,6.055981072658791,6.057931375660312,3.5950166581046445e-18
2011-09-11,-7.005522514781508e-18,2.375753312355274,-0.0020208691392040313,6.059519225448874,6.061383526995577,-2.9487583910117226e-18
2011-09-12,3.04587935425283e-18,2.3792598722604077,-0.0019399008267793141,6.063106753666432,6.064890086900711,1.280179348949849e-18
2011-09-13,0.0001746214621959236,2.3825597934192433,-0.0018598865533624998,6.066661310560881,6.068364629521742,7.328616278227234e-05
2011-09-14,0.0012536630658460009,2.3857765571789114,-0.0017822868806341805,6.071034715596927,6.07266043488506,0.000525197819119967
2011-09-15,0.0032210553259261056,2.3889747642186774,-0.0017095403885696216,6.076273061388838,6.0778260341849055,0.0013464848068078683
2011-09-16,0.0045776297690804536,2.392171863252153,-0.0016430357464811592,6.080893239507557,6.082379707661536,0.0019099325075104538
2011-09-17,0.004788070062715548,2.3953747288442084,-0.0015753657027057727,6.084374215437022,6.085793013547226,0.0019948938734056366
2011-09-18,0.004210077961325082,2.3984824940323257,-0.0015079491517935037,6.086971405074662,6.088322786633953,0.001752233311243702
2011-09-19,0.004014465902758362,2.401479890839859,-0.0014424493357325817,6.089838689639689,6.09112457138292,0.001668873548385506
2011-09-20,0.007959937536688015,2.404199989139515,-0.0013820686921408685,6.096564640216866,6.097790141316505,0.003299921140658482
2011-09-21,0.017532809298538992,2.4067765433903325,-0.0013263719120941498,6.108769763009581,6.1099395673291745,0.007232084172382063
2011-09-22,0.024619922783052667,2.4090192213642863,-0.0012788615393916234,6.118147064840752,6.119269358787641,0.01011650508756039
2011-09-23,0.025795828416459797,2.4108432504981225,-0.0012286820805998723,6.121197179066787,6.122269293554885,0.010586643151086097
2011-09-24,0.02275022380825235,2.4122046378963367,-0.0011759602482804138,6.119565683689112,6.1205850763448915,0.009343180921360517
2011-09-25,0.017966998350000155,2.4131746750678635,-0.0011252064569672584,6.115803249193701,6.1167718880581665,0.0073903543123181835
2011-09-26,0.013149018810203491,2.413925935946412,-0.0010774233765910009,6.111784313612828,6.112705169396918,0.005417640186362544
2011-09-27,0.00910336062488874,2.41452211722961,-0.0010328172411362272,6.108379442846166,6.109255692494801,0.0037560921471032896
2011-09-28,0.006042050553032822,2.4149920287143183,-0.0009915048880264205,6.105829356612128,6.106664293907654,0.0024956487001873418
2011-09-29,0.0038706074171085134,2.4153542269232338,-0.0009505745634424849,6.104061042009704,6.104855048980645,0.001599937038577865
2011-09-30,0.002406962857375687,2.4156220380984785,-0.0009086114770301638,6.102907171711628,6.103659215596156,0.000995423485997979
2011-10-01,0.0014729666029223887,2.4158578160258424,-0.0008683731277766885,6.102249191733792,6.102960997269067,0.0006093359723490501
2011-10-02,0.0008848927233891888,2.4161173695339992,-0.0008373915620496358,6.101951652928143,6.102632476897691,0.0003661116653497596
2011-10-03,0.0008725780248849124,2.4163509730696258,-0.0008005539448757925,6.10220977938244,6.102853765734814,0.00036098358568855245
2011-10-04,0.002987313720153319,2.4165453405976582,-0.0007720163266133759,6.104547420224002,6.105162868958114,0.0012346655933005348
2011-10-05,0.007574259861768423,2.416698993809882,-0.0007445097814398565,6.109315526123015,6.109903468311954,0.0031243424602803867
2011-10-06,0.01088871855525882,2.4168125279427675,-0.0007157221513925497,6.112772306579438,6.113331461138329,0.004485197085500476
2011-10-07,0.011553581368864717,2.4170959435168196,-0.0006834202554905329,6.113752886862998,6.114279739525987,0.004757204055372518
2011-10-08,0.010242064120215338,2.417689469310829,-0.0006534402976297469,6.113064875366218,6.113561748071347,0.004218432018855866
2011-10-09,0.008109175772926774,2.418399873748347,-0.0006245170294341884,6.111671314724644,6.112139264161576,0.0033419103771843072
2011-10-10,0.006641484178724871,2.419163968061423,-0.0005937937291540491,6.110998440743797,6.111435666880451,0.0027378469994746237
2011-10-11,0.008521453952007853,2.4199615705133874,-0.0005660494302798759,6.11370375726792,6.1141132391056985,0.003508961712377528
2011-10-12,0.012846318708678226,2.420781885442895,-0.0005364326000455451,6.118878553784332,6.119258418791876,0.005278669390321597
2011-10-13,0.01822881927713981,2.421618186535466,-0.0005108300860690736,6.1251229579593405,6.1254772204529075,0.007471296041805947
2011-10-14,0.02175111414202737,2.422465923068417,-0.0004926850011205353,6.129511134442128,6.129847251850747,0.008899010935154782
2011-10-15,0.021732840344721737,2.423321850333415,-0.0004751928246577647,6.1303662800862835,6.130684905318439,0.008888488436507785
2011-10-16,0.019334177514934475,2.4241835687100877,-0.00045670911597224203,6.128847819341853,6.129147960865325,0.0079124358907578
2011-10-17,0.016078047840542058,2.4250492551414506,-0.0004352342572559635,6.126478850957541,6.126757517622295,0.00658632092677088
2011-10-18,0.014177108738187377,2.425917495780329,-0.0004133862892772956,6.1254680004620425,6.125724819158819,0.00581006519662578
2011-10-19,0.019123696651343048,2.426787176254561,-0.00039268511027169595,6.131304970028436,6.131541087546207,0.007818640026168586
2011-10-20,0.02710813174104721,2.427605221941743,-0.0003716765054961214,6.140128459410098,6.140343568323093,0.011043298273656703
2011-10-21,0.03090578620421764,2.428427551220561,-0.000351766322859936,6.144768353334722,6.1449635520650805,0.01256673332317764
2011-10-22,0.029282742011620577,2.4294575562811707,-0.00033420041763949687,6.144192880107956,6.144370512933094,0.011909652284933403
2011-10-23,0.024754804970086707,2.4305703625763853,-0.00031673045517479595,6.140795219324101,6.140955382186775,0.010082088228999581
2011-10-24,0.01930779495439702,2.431723633218676,-0.00029698858500535013,6.136521221820871,6.136661642813376,0.007877416312359766
2011-10-25,0.014133477867582735,2.4329051258568977,-0.00027879202978048644,6.132546593927504,6.132668818364783,0.005775747814550648
2011-10-26,0.010064151194980655,2.433899598386205,-0.0002625974459047422,6.129487934368084,6.129593964221488,0.004117962550265043
2011-10-27,0.010030698856951363,2.4345641582090654,-0.0002470988775518924,6.130134540421269,6.130225071706319,0.004103215233378233
2011-10-28,0.018201706324244425,2.4352993880484584,-0.00023359412685207003,6.139054282478655,6.139131309013005,0.007418666478686912
2011-10-29,0.025622498960058616,2.436176079341565,-0.000218570374242046,6.147366790160186,6.147428792941926,0.01040804035955508
2011-10-30,0.027594603320656604,2.4373044896541933,-0.0002108401011967024,6.150475035106457,6.150529307615153,0.01119502352015274
2011-10-31,0.025013753757953797,2.438613096036728,-0.00020338659341067434,6.149210245434075,6.149257064434984,0.01015322339096866
2011-11-01,0.020205681241481994,2.440006898714416,-0.00019619980296512067,6.145803162385738,6.1458427945962,0.008212981839904338
2011-11-02,0.015321401101775592,2.4414807731851544,-0.00018423032671146798,6.142404726193023,6.142432388927233,0.006236318602340266
2011-11-03,0.011986683433099147,2.4430326777368063,-0.00017494402747713137,6.140631199375233,6.140649575810208,0.00488252093758929
2011-11-04,0.009615582764975261,2.444634389550323,-0.00016876819348476323,6.139867986354617,6.139880186955601,0.003917931292020789
2011-11-05,0.007522534620146617,2.4465348398766245,-0.0001628129971738788,6.139681343732401,6.139687589137074,0.0030653458628648353
2011-11-06,0.005608410430510236,2.448836100505301,-0.00015707044802983183,6.140074222720585,6.140074725576113,0.0022850019242732465
2011-11-07,0.003984017618758594,2.4513286690109037,-0.00014566350538383624,6.140953805357082,6.140942901269964,0.0016226110997810798
2011-11-08,0.0027193123616376744,2.4539416393755706,-0.00013532239170762082,6.142312411578304,6.142291166377511,0.0011069139840867068
2011-11-09,0.001792542242062609,2.45657099491253,-0.00012523783400637486,6.144025081553391,6.143993751794895,0.0007291607668967334
2011-11-10,0.0018461647149897401,2.4590385870988065,-0.00011614784676389289,6.146555386199836,6.146514966454099,0.0007502036467286912
2011-11-11,0.0049325076342968555,2.461471925113965,-0.00010877580620945457,6.1520824391748565,6.1520346473885645,0.0019998778662592117
2011-11-12,0.009623144041725554,2.4639098598940845,-0.00010315183147482728,6.15921663433714,6.159163218576113,0.0038904449734098964
2011-11-13,0.016892380139378365,2.4664391837071626,-9.413313113546557e-05,6.1690242129482105,6.168961778486844,0.006802305574215396
2011-11-14,0.026853028333814956,2.4692781021399592,-9.08187494389023e-05,6.181827093957139,6.181761345114077,0.010757859635650697
2011-11-15,0.03569102428548466,2.4722592601616005,-8.442696363247561e-05,6.193652639716257,6.193580499087387,0.01423115302835968
2011-11-16,0.038537799690199416,2.4751431698658295,-8.145625677063787e-05,6.1993862955320616,6.199311184196331,0.01533122148631536
2011-11-17,0.03627262033264223,2.477888517459326,-7.671752453873228e-05,6.199871202500233,6.199791352432271,0.014427325197023059
2011-11-18,0.030774266225780694,2.4803897329026277,-7.13380197868055e-05,6.196879443341425,6.196794213768711,0.012254980652980862
2011-11-19,0.024107910351593084,2.482720911737707,-6.447178347168678e-05,6.192551132538632,6.192459036729603,0.00961689531377755
2011-11-20,0.018052332186727815,2.4850564572618357,-5.9469871651648046e-05,6.188836101809716,6.188739004088866,0.007211964682807396
2011-11-21,0.01305673780984443,2.4873560928615897,-5.253055829441256e-05,6.1861470823459435,6.186043045311736,0.0052218328308363034
2011-11-22,0.009115969513232375,2.4896061364793045,-4.6294772473741854e-05,6.184462593452867,6.18435232063284,0.0036482526373661506
2011-11-23,0.006155462351132913,2.491830092552468,-4.076825114947714e-05,6.183731568885255,6.183615769543904,0.002464170514937368
2011-11-24,0.0044702638713307015,2.493776331281658,-3.603687193742036e-05,6.183997340513855,6.183876809793292,0.0017893605379083683
2011-11-25,0.005054286236922706,2.495340896011839,-3.477099317273007e-05,6.186147193488393,6.186025396889065,0.0020213949670056038
2011-11-26,0.005904830485067695,2.4967318284197706,-3.227515232396055e-05,6.188391165985318,6.188266873545141,0.002359443774651518
2011-11-27,0.005893261882387358,2.4980188312469607,-3.114220704085602e-05,6.189667733155112,6.189542307769651,0.0023536217180140924
2011-11-28,0.0050827276871737515,2.499409260963187,-2.8394301765066856e-05,6.1902503765814,6.190122203290663,0.0020294445780650186
2011-11-29,0.003945310542206355,2.500888812024002,-2.3319306089130504e-05,6.190597585492924,6.190464337206511,0.00157507856774339
2011-11-30,0.0028554247283669237,2.502645433510506,-1.8469154395970393e-05,6.1912691713172805,6.191131072879175,0.001139662243170818
2011-12-01,0.001990273244133691,2.5047679528135722,-1.6100061976943643e-05,6.1925289082285335,6.192388440698009,0.000793962985119521
2011-12-02,0.0013146159579920445,2.507228935977153,-1.2009259335715532e-05,6.194318324908613,6.194173766575448,0.0005240554651634097
2011-12-03,0.0008487531817630479,2.509591106303683,-1.33302756428583e-05,6.196213311442607,6.196070074125749,0.0003380894302471014
2011-12-04,0.0009695324878568447,2.5120248886426784,-9.807404897150519e-05,6.198683129314368,6.198624635770837,0.0003858076562783118
2011-12-05,0.0038497576597602205,2.514487072402655,-0.0005309665935060872,6.203592645701713,6.2039670447027175,0.00152869052852823
2011-12-06,0.010478558068174132,2.5169781710720773,-0.0016673440836514719,6.2115761672894045,6.213086943780555,0.004145890193632931
2011-12-07,0.015634354722723332,2.5195234653547027,-0.0036509618207660782,6.217293640489464,6.220788034717728,0.006167014376345945
2011-12-08,0.017478637153823775,2.5221049609703394,-0.006391196210761711,6.218979184146205,6.225213812764466,0.006882481508674961
2011-12-09,0.016396952458644466,2.5246366930720123,-0.009785739719997537,6.217034688043463,6.226663860170959,0.0064528671186564355
2011-12-10,0.013591126624569409,2.5271608958617473,-0.01372745519868636,6.212811349520434,6.22638223712662,0.005349253490417168
2011-12-11,0.010350812666500411,2.5296907806910736,-0.01812589418095645,6.207702481409422,6.225671807997877,0.004075056366623551
2011-12-12,0.007657804918111342,2.5323593593414833,-0.023002580122015802,6.202801366370383,6.225647378899897,0.003014863452839526
2011-12-13,0.006522706177238508,2.5350910458738114,-0.028403718530746042,6.198996815753108,6.227243966691352,0.0025663640558974657
2011-12-14,0.005901165630612529,2.537859722157205,-0.03427038816469625,6.195277281855925,6.22939110242812,0.0023198586230895627
2011-12-15,0.006637499782065391,2.5406576951886577,-0.040433808514999704,6.192648168688528,6.232925409611026,0.0026057049827480547
2011-12-16,0.01575549513362329,2.543480713044729,-0.0467791241426591,6.198243866268497,6.244866422818655,0.006156327064799521
2011-12-17,0.03613586037412798,2.5461171945089274,-0.05331103103312561,6.214728806082734,6.267883269523358,0.013993926856159529
2011-12-18,0.05707746511577045,2.548608938038298,-0.05995447592232271,6.23151870946455,6.2913166177943705,0.021904963331996014
2011-12-19,0.06593966060735988,2.550781220825951,-0.06646287736736407,6.23604478629875,6.302351096073613,0.025199348190029877
2011-12-20,0.06214585105198205,2.5525523860624655,-0.07254489751211163,6.22794012183514,6.3003284517547495,0.02376788654608401
2011-12-21,0.0513731361656346,2.5538766241529225,-0.07802865550315696,6.213007887048205,6.29087997495886,0.0197190829639892
2011-12-22,0.038907436914662516,2.5551103603280625,-0.08293703032279354,6.196867549152736,6.279648011883028,0.014998909011348585
2011-12-23,0.027633631834441758,2.5564391957465724,-0.08745361107501595,6.182405998738803,6.269703042221317,0.010693828571507396
2011-12-24,0.018715763314680636,2.557760755733849,-0.09186559753489891,6.170397703746435,6.262106733688832,0.007264092327762492
2011-12-25,0.012213355906555692,2.5591014179377214,-0.09648187117445578,6.160619684902626,6.25694498848458,0.004749848610831865
2011-12-26,0.007737328104351847,2.560402659774346,-0.10155312874998236,6.152373641361519,6.253770202519,0.0030128139980184396
2011-12-27,0.004784660705728709,2.5616704779810595,-0.10725352847565638,6.144988392443937,6.252085353327091,0.001864307165788582
2011-12-28,0.0028865821142042775,2.562909016653106,-0.11372140729338263,6.137860973706731,6.251425813407613,0.001125024189608511
2011-12-29,0.0017205607946470735,2.5641201785285546,-0.12107596067883096,6.130551560877175,6.251470953963504,0.0006705641423017199
2011-12-30,0.0022331228515340956,2.5653839057866614,-0.12938021325086377,6.124023597620136,6.253247243278498,0.0008697258300699509
2011-12-31,0.01155180871090441,2.566525436876204,-0.1386202309640691,6.125243796855843,6.263707460227411,0.004480784557824102
2012-01-01,0.03768356552711797,2.567606748243107,-0.1486213502481558,6.142455745754873,6.290920528410528,0.014464248121578626
2012-01-02,0.06691569973195131,2.5689117386483225,-0.15876694132697894,6.162847279286099,6.321457653020577,0.025386980481951153
2012-01-03,0.08250406199020079,2.570554920716762,-0.16842017807355866,6.170425586866208,6.338689197347265,0.031097711180932904
2012-01-04,0.08121829476157055,2.5725954769577135,-0.17721436112060548,6.162386192831482,6.339443986359587,0.030604368560855327
2012-01-05,0.06922216550189435,2.574815398036942,-0.18484945518190812,6.144974890589733,6.3296677781791395,0.026180477333781114
2012-01-06,0.05353333991526793,2.577140772875847,-0.19112975710795632,6.125331137915962,6.316304327431418,0.020349666138794242
2012-01-07,0.03933259000497029,2.579544764381484,-0.1964548217193673,6.1082093148998915,6.304507569026757,0.015018874381074273
2012-01-08,0.039705683479590546,2.5820118746681153,-0.20122119259598253,6.106283147784527,6.307347772788008,0.015144912676117325
2012-01-09,0.07694483276693588,2.584531798067317,-0.20567817573807207,6.141585237328985,6.347106845474555,0.028910579892192083
2012-01-10,0.11092409632946357,2.586966661438261,-0.21006815722100247,6.173609382779526,6.383520972408027,0.04111511780456368
2012-01-11,0.11902619455529877,2.5891262907144585,-0.21424794483547122,6.17969132266709,6.39378269991006,0.0439510681923225
2012-01-12,0.106695733794761,2.591185273213307,-0.218106281858163,6.165561507382709,6.383511221648371,0.03954797617745411
2012-01-13,0.0852229817464642,2.593147998215173,-0.22155817576096476,6.142599586433477,6.36400119460194,0.031818960996838785
2012-01-14,0.06288497656371085,2.5950612705871334,-0.22478614834410354,6.118946881039545,6.343576461791146,0.023659235633948467
2012-01-15,0.04374529384919912,2.5969437453819926,-0.2283772598561253,6.098098561607871,6.326319253871494,0.016565863378573
2012-01-16,0.028971785462996343,2.598803275234025,-0.23280185242961998,6.080759990500205,6.313405275337324,0.01102521517017196
2012-01-17,0.018586706543437716,2.6009055191883417,-0.23841700559083231,6.066862002373751,6.305122440372082,0.00709553796757131
2012-01-18,0.011650092377168887,2.6032835818626765,-0.24542583429493345,6.0552946221777155,6.3005638888801485,0.004455215247689041
2012-01-19,0.007152516614520178,2.6060412073579884,-0.25381486799498537,6.045165638210327,6.298823938612811,0.0027370785980792537
2012-01-20,0.004308537829440338,2.609105877126172,-0.26341921010424646,6.035781987084171,6.299044629595915,0.00164862403941149
2012-01-21,0.002553953569158707,2.6120703948203348,-0.2738850363985683,6.026526094223729,6.300254563029796,0.0009767956038242522
2012-01-22,0.0016677821393873292,2.6147753840672174,-0.2848892744665412,6.017340673972868,6.302073380846908,0.0006374234154702959
2012-01-23,0.0018186388592516054,2.6171431984081437,-0.2961678540837617,6.008580765416438,6.304592051907698,0.0006944121267338355
2012-01-24,0.0017334590170979079,2.6193806026698545,-0.3074644569718416,5.999436386947915,6.3067442763272545,0.0006613443659076215
2012-01-25,0.0019774412434336,2.6217625338877735,-0.3183876040468186,5.991139153317192,6.30937018977151,0.0007536727199251949
2012-01-26,0.0018219081975651562,2.624448918461322,-0.3286073976083832,5.983450211283308,6.31190104129919,0.0006937244167932855
2012-01-27,0.0027868766314466734,2.6272561558880674,-0.3380673257419886,5.977762489010329,6.3156732471598165,0.0010596315714184025
2012-01-28,0.008538138100649722,2.6301264269642526,-0.3468141145328078,5.977637232764899,6.324294779705205,0.0032357800281597035
2012-01-29,0.013772128680187488,2.6330427321645398,-0.3549373674341422,5.977664275643389,6.33244507548503,0.005203283721851302
2012-01-30,0.015347425625000292,2.635996209989792,-0.3624920946690199,5.974638323178576,6.336973850255095,0.005788546387892696
2012-01-31,0.013998413688303332,2.6389813063002947,-0.3693056944732303,5.969460807748172,6.3386099346289,0.005276487258019257
2012-02-01,0.011289188612779904,2.6419941551596438,-0.37533490619750876,5.9637352198077185,6.338913558412726,0.004254799488067112
2012-02-02,0.008380254855897008,2.645031874425911,-0.38072983351288775,5.958469078001725,6.339042343922111,0.003158293716764334
2012-02-03,0.005861705505695719,2.6480922089586922,-0.38555206400677267,5.954188632690419,6.33958412910469,0.0022086689123532533
2012-02-04,0.00392077266410491,2.6511733301880547,-0.3900478214075918,5.950833063677372,6.340724317492462,0.0014766981930671049
2012-02-05,0.0025327618799376806,2.654012790301878,-0.39427714839968037,5.9480551860149395,6.342175766822118,0.0009534042726493164
2012-02-06,0.0016784462094567027,2.656501087581861,-0.39809317155435214,5.945873144469769,6.34380974843162,0.0006314269552225326
2012-02-07,0.0019878349384770456,2.6585814386406703,-0.4015618784471739,5.944794177364778,6.34619948821945,0.0007471464690723494
2012-02-08,0.005211294576436586,2.660342828633081,-0.40458609355083885,5.946754811891482,6.35118433784982,0.0019550511209135814
2012-02-09,0.010998014747563121,2.661988688713182,-0.40688905789127683,5.9518844278022724,6.358616918101047,0.004114504098850874
2012-02-10,0.014846308386295413,2.663542300151385,-0.40808884884783425,5.956086541922651,6.364018823177983,0.0055430001228989135
2012-02-11,0.015481765495065922,2.665016790639329,-0.4079704366924592,5.95831490167474,6.366128770774697,0.0057757037248296495
2012-02-12,0.014667908471057822,2.6664239012432835,-0.40660720296730957,5.9602713889798355,6.366722024354644,0.005470871388257541
2012-02-13,0.013108343175743515,2.6675636214730467,-0.40424350562991074,5.962215241251684,6.366302179289093,0.0048899467553691935
2012-02-14,0.013052056707238696,2.66856481825702,-0.4010766078301906,5.966327049366872,6.367247089604561,0.004867233954668732
2012-02-15,0.019888797367700987,2.6694748193118545,-0.39723511869092215,5.9779152802214375,6.374993831319858,0.007395354515971645
2012-02-16,0.03066449296795812,2.6703100544650975,-0.39277670741096543,5.993984622254894,6.386604762073358,0.011353121782321477
2012-02-17,0.036468270498396155,2.67108052011899,-0.3876886242039286,6.005646948646262,6.393179005257689,0.013469109263985049
2012-02-18,0.03523344501553851,2.6717933105067586,-0.38196454132794977,6.010848996427152,6.3926569701626,0.013015551081518782
2012-02-19,0.029671702099295004,2.6724538625478718,-0.3756930268815676,6.012219319998403,6.3877557792874695,0.01098087464457612
2012-02-20,0.023016892497790833,2.673066539910143,-0.369155621960292,6.012714592680446,6.381713647048237,0.008537158836080201
2012-02-21,0.017807631837337332,2.6736349548553666,-0.36272283866628524,6.014506530259223,6.377072801333007,0.006616389264769601
2012-02-22,0.014078881863227692,2.674162165022054,-0.3569802008302496,6.017047628287837,6.373871261525585,0.005237209616875735
2012-02-23,0.012228161181900782,2.6746508027849494,-0.3518886952027434,6.0207770509969105,6.372509178607153,0.004551065137615053
2012-02-24,0.010794493320522342,2.675129257363886,-0.34724483395428585,6.024465698962926,6.371553965324711,0.004018912792208552
2012-02-25,0.009026268676043885,2.675740837362428,-0.34282306891143594,6.0277308193598405,6.370397320678775,0.003362030418110516
2012-02-26,0.0074685545213857224,2.6766252920666362,-0.338504133530802,6.031376495290024,6.369724061228324,0.0027825236181214874
2012-02-27,0.00761646256799895,2.6776137484625617,-0.3346279449652783,6.036389048298087,6.370860425670863,0.0028364281530542735
2012-02-28,0.007913573266513357,2.678598286466411,-0.3314568040640097,6.040841837901718,6.372142074373227,0.0029456684651673463
2012-02-29,0.007330011839972927,2.679670060979415,-0.3289193346142132,6.0438675204379795,6.372630287459691,0.0027279537183941224
2012-03-01,0.00628205725501494,2.6807843019948017,-0.3269410162928413,6.04591212518978,6.372696573890119,0.002337886905319593
2012-03-02,0.006653636025209201,2.6819745442448424,-0.32550241049180706,6.048912552011049,6.374258394910354,0.002474732681162665
2012-03-03,0.011192020748877768,2.6834641976559643,-0.3244008650281698,6.056042135609476,6.3802864330451445,0.004153413215546701
2012-03-04,0.021701794710450646,2.685085750060664,-0.323503269882454,6.069071057121465,6.392417759411417,0.008017546390877065
2012-03-05,0.02934288030416166,2.686780648397702,-0.32254623501312646,6.079364075921541,6.401753743342166,0.010803220101769713
2012-03-06,0.03030659465712057,2.6885299186016023,-0.3211686517476305,6.083454643743896,6.404466727899026,0.011146898502108139
2012-03-07,0.026529694211648275,2.690322806642556,-0.31921156338982287,6.083427719697186,6.402482715494507,0.009764863643980336
2012-03-08,0.02095930801924453,2.692152151279146,-0.31689835854081144,6.081999882990384,6.3987416739386935,0.007725192397611484
2012-03-09,0.015716110200442713,2.694091039601276,-0.31452228202937144,6.081071650005152,6.395437364442021,0.005799715378857381
2012-03-10,0.011388869460629862,2.6960896898959335,-0.31230782355360254,6.080957518035765,6.393108773996866,0.004206448624042454
2012-03-11,0.008576319619418198,2.6982335657833816,-0.31019136509348755,6.082405302542116,6.392440100043102,0.0031684233405782605
2012-03-12,0.010167621344022488,2.7004544707565956,-0.3079915163290827,6.08841735800434,6.396252306740921,0.003751028730140323
2012-03-13,0.017017940315051824,2.702726847344791,-0.30573971105576403,6.099791858836882,6.405375002300145,0.006257182803425691
2012-03-14,0.022168973456141525,2.705015204443621,-0.30328502881889624,6.10968593131367,6.412814392540065,0.008128887530146248
2012-03-15,0.022612106726848814,2.7073028880027326,-0.300532275342528,6.1151695016198575,6.415545209369884,0.00828308089098163
2012-03-16,0.02048113715964774,2.7093714094815797,-0.29745330682643945,6.118186022047592,6.41548276128153,0.0075026532787814655
2012-03-17,0.019897563568454655,2.711361760074673,-0.2941520398352184,6.122894066040714,6.416889538283431,0.0072851242634529535
2012-03-18,0.019019747888908395,2.7133209477385267,-0.2907588851048735,6.127368592755365,6.417970910267737,0.006960972297248911
2012-03-19,0.01978557542413469,2.715261777333875,-0.28734537214395406,6.133488762846859,6.420677567398313,0.007234088800759885
2012-03-20,0.0357320974182237,2.7173731720011145,-0.2839219418977484,6.154970109754394,6.438735484059641,0.012978834414769769
2012-03-21,0.06642126801613832,2.719760615647288,-0.28054053413488483,6.191428131761345,6.4718120983037295,0.023839530507894894
2012-03-22,0.09119327223020149,2.7220065498500627,-0.2773788465952302,6.221607757717838,6.498830036720567,0.03241620858726175
2012-03-23,0.09864056044246998,2.7239516808425006,-0.2742785071055978,6.234100516412177,6.508222455925273,0.03494679784054263
2012-03-24,0.09074946668038256,2.72578459967985,-0.27109841495929476,6.231222433633742,6.502164281000535,0.03222026240131965
2012-03-25,0.07578100429530919,2.727563787464767,-0.2676765135441366,6.2214550604487435,6.488975006400379,0.02703235239491543
2012-03-26,0.058946603565543244,2.7293325242110145,-0.2639144788312341,6.210151431178128,6.47390934241686,0.02114085457884151
2012-03-27,0.04317709137411653,2.731084387258556,-0.25991358434325884,6.200134676522218,6.459891693272976,0.015563454168493472
2012-03-28,0.030078436500089577,2.7327412725682256,-0.2561359287498504,6.192470562551269,6.448449923708617,0.01088686185398348
2012-03-29,0.02018579696888399,2.7345337953267244,-0.25278609631533955,6.187720278213073,6.440349806935911,0.007327713871618573
2012-03-30,0.01407007930063291,2.736529207279157,-0.25002335870199044,6.186362710110604,6.436229501220092,0.0051152777393933795
2012-03-31,0.014089945003636606,2.738605123848982,-0.2480058208867593,6.190476030198663,6.4383252834929205,0.0051186000087941426
2012-04-01,0.016597241677125445,2.7407230032136076,-0.24686459160360671,6.196242435519931,6.442950459531035,0.006019337691325426
2012-04-02,0.01786001888315647,2.7428706138083965,-0.24641189679962366,6.200105518124733,6.446360847331856,0.006469308766188457
2012-04-03,0.020125903342242697,2.745145788440711,-0.24628804842018726,6.20477042559557,6.4509019064232564,0.00727809256574937
2012-04-04,0.02987567967177381,2.747483324161901,-0.24612072894490875,6.21702505712157,6.462989218473977,0.01075686637216704
2012-04-05,0.047581319432467954,2.749859360326197,-0.2456246564522257,6.237602805539243,6.483070894398968,0.017008875211099304
2012-04-06,0.06380007407794198,2.7525266644314823,-0.2446018189146958,6.257511701827532,6.501956953149727,0.02265364781918342
2012-04-07,0.07104614166601973,2.7555103398567278,-0.24291077431786956,6.269432489437682,6.512186696163051,0.02513522801700574
2012-04-08,0.06753310495254279,2.7587258924485676,-0.2406229748776479,6.271422804756266,6.511889212041413,0.02389487482026344
2012-04-09,0.05714321167897715,2.76194261556063,-0.2377520184163898,6.267120591056021,6.5047160418799095,0.02027012130202884
2012-04-10,0.04441614404075179,2.7652004967421777,-0.23439969353118775,6.261003729484546,6.4952468554232325,0.01580861367206836
2012-04-11,0.033912720725234324,2.768613298204002,-0.2308051620601802,6.25750763910186,6.488156233569539,0.012100769268929532
2012-04-12,0.03366817699381042,2.7721166152368992,-0.227145266977369,6.264426307486145,6.491415006871012,0.01199955787309079
2012-04-13,0.04387581864105821,2.7756856078126644,-0.2235194660799669,6.28182874260656,6.505191641094026,0.015561221057078588
2012-04-14,0.05078459691876985,2.7792846672779294,-0.21993181564050915,6.295924230788994,6.515699478837002,0.017944648055525526
2012-04-15,0.0490558461867841,2.782922848090841,-0.21629969755449469,6.301465778955935,6.517608908917928,0.017322109903548256
2012-04-16,0.041534268436626685,2.786600757358491,-0.21273694297487292,6.301184865053049,6.51376524043542,0.014686098102741579
2012-04-17,0.03204042707219405,2.7903944856905873,-0.20928708998047157,6.298934605015114,6.508065127403084,0.011352051708016472
2012-04-18,0.02307387296898608,2.794099402191251,-0.2059728646030919,6.296987192789949,6.50280348980054,0.008190434423198079
2012-04-19,0.0157170962543225,2.7977892848314228,-0.20304634956949152,6.2962468137490575,6.499136595726048,0.005586301975351198
2012-04-20,0.010237340542163385,2.8016196804668123,-0.2006543913649517,6.296989411876828,6.497487235649278,0.0036407756389014155
2012-04-21,0.00648650327748208,2.805780135506381,-0.19884092636482797,6.299212494651839,6.497896853424166,0.0023065036536816805
2012-04-22,0.0040111839976602615,2.810119502539001,-0.19757104233511993,6.302346426434346,6.499760901176964,0.0014253723243382163
2012-04-23,0.0024506812712658727,2.8148239003874087,-0.19660066031182843,6.30646070357965,6.502904796298977,0.0008698766130999665
2012-04-24,0.0014657903443109348,2.819924976836659,-0.19593926669692588,6.3112382827168485,6.507020981821272,0.0005195275894999468
2012-04-25,0.0008659886428481874,2.8249747772071068,-0.19544012502688626,6.316187423055872,6.511470980490257,0.00030645344681610743
2012-04-26,0.000504855301852715,2.8298259393832277,-0.1950148650759778,6.321102711841906,6.515961009325383,0.00017837324979848805
2012-04-27,0.00021062750604608913,2.8343815032169353,-0.1946765552889028,6.3257023576668825,6.520222345363284,7.430610695739397e-05
2012-04-28,9.746813933609055e-18,2.8387101018380623,-0.19444763316528288,6.330049250905583,6.524340316478365,3.4335362132603825e-18
2012-04-29,8.731073109794869e-05,2.8432119184987967,-0.194310257932689,6.3347757535300095,6.528929443870197,3.0707542210250144e-05
2012-04-30,0.0004958654362760475,2.8479359878174635,-0.19435892642653008,6.339859709060013,6.534062067894042,0.00017408365789394771
2012-05-01,0.0008667295085489442,2.8527551276598624,-0.19455496873774564,6.34485367066347,6.539252071808714,0.00030372962919795603
2012-05-02,0.0015125850083045288,2.8576320843840555,-0.194679725292322,6.350251726332842,6.5447748840326625,0.0005290340934815275
2012-05-03,0.003886146716438981,2.8625556388565054,-0.1947200518492145,6.357508515956534,6.552072000213247,0.0013557389290088854
2012-05-04,0.005938984883782364,2.8675198330977643,-0.19469415170895543,6.364551448505395,6.559089032621849,0.002066841830694545
2012-05-05,0.006482402008555133,2.872520811197598,-0.19455959637689585,6.370230399062061,6.564633427846456,0.002251613328814634
2012-05-06,0.005851317618672102,2.877294849228525,-0.19420519204735434,6.374727757032646,6.568776381487499,0.0020294904524631456
2012-05-07,0.004689955144556199,2.881888107477656,-0.19349503073301305,6.3788698141220035,6.572208277262515,0.0016247456478955468
2012-05-08,0.0040786958904941205,2.886412417814256,-0.19223660508462864,6.384041290852926,6.576121328345053,0.0014110736653559352
2012-05-09,0.009644013209729112,2.8907719721423155,-0.19046342187760407,6.395739345707245,6.586046199992348,0.0033250448413035304
2012-05-10,0.029003709558499447,2.89479498296767,-0.18816513472061341,6.42142034003836,6.609428907166472,0.009919872265022518
2012-05-11,0.048112879023572246,2.8984066654808402,-0.18532546513983122,6.446980861597385,6.632149759144715,0.016328715386703656
2012-05-12,0.06678162071961084,2.9015635093053875,-0.18209392886238807,6.472037983395415,6.653975344665302,0.022497929921999477
2012-05-13,0.07830274893154446,2.9042843717222535,-0.17856914202637672,6.489804760860226,6.6682173352941,0.02625329814821305
2012-05-14,0.07714699171381942,2.906772014203345,-0.17477351189013002,6.4949322762598385,6.669549220557467,0.02585425125844085
2012-05-15,0.06652697061409157,2.909074201185863,-0.1707057438010503,6.490682210231708,6.661231386440257,0.02235748904946462
2012-05-16,0.05253641878379785,2.911237730700711,-0.16644707250526275,6.48311385921205,6.649404364124811,0.01772618834432291
2012-05-17,0.03922467072137546,2.913313831423405,-0.16203005302253276,6.476295231355051,6.638168716785083,0.013285066627541661
2012-05-18,0.0285231135368393,2.9150419199047573,-0.1575023361946991,6.471849479479701,6.629195248081899,0.009689989252077189
2012-05-19,0.0222232781199773,2.91632000023751,-0.15290385095194683,6.471426209638344,6.624173492997789,0.007562685322231875
2012-05-20,0.01799327695804443,2.9175172905483824,-0.1482941486484608,6.47300320109077,6.62114078214673,0.00612952212034748
2012-05-21,0.014192138407890175,2.9186162561909703,-0.1437122283336423,6.474882948498022,6.618438609239163,0.0048390949896443295
2012-05-22,0.010668300460446485,2.9196140195405156,-0.13918592540045346,6.476883176833313,6.615912534641264,0.0036407073774526208
2012-05-23,0.007639825237019564,2.9205192979008436,-0.1346907514100506,6.479255153960617,6.613789337778166,0.002609088138909815
2012-05-24,0.005211805234340545,2.9213399949010217,-0.13023454031047096,6.482104042057696,6.612182014775665,0.0017808689509953258
2012-05-25,0.0032618198771761694,2.9220828220170434,-0.12583170799768684,6.485299716129337,6.610974856534522,0.0011150207160083795
2012-05-26,0.0021118350735259217,2.9229361340416955,-0.12148836474051218,6.489346386607513,6.610678183755525,0.0007219830566282018
2012-05-27,0.0011837622061825982,2.924058858957734,-0.11721674181552956,6.493812661581192,6.610872835804219,0.00040467146130654776
2012-05-28,0.0006921936442440522,2.9252657640984543,-0.11302178397834123,6.498722955997161,6.6115881723830014,0.00023656992145507856
2012-05-29,0.0004238149214679289,2.926758361088735,-0.10890985246515582,6.504059105777851,6.612812390650506,0.00014478597367164744
2012-05-30,0.0002547290322337265,2.928627377366178,-0.10494523298525577,6.50972365564596,6.614512321038714,8.697141878030788e-05
2012-05-31,0.0001462522779696484,2.9306588895047763,-0.10107167558549092,6.515520248430059,6.6164353564230485,4.990174061203068e-05
2012-06-01,8.098599210859337e-05,2.9327802240987824,-0.09723813812313227,6.521409854200563,6.618491424731193,2.761330533812869e-05
2012-06-02,4.6806112454692163e-05,2.9349912070206465,-0.09353490369080886,6.527289891675096,6.620668227773404,1.5947361582798535e-05
2012-06-03,-1.5229396771264148e-17,2.937287546515219,-0.08998814114197895,6.5330861876060435,6.622917761155522,-5.184850488789297e-18
2012-06-04,-6.09175870850566e-19,2.939638746184516,-0.08658797510422094,6.538837553313099,6.625268960824819,-2.072281404105323e-19
2012-06-05,8.73107310979554e-05,2.942161411740343,-0.08332569938269793,6.544709805321547,6.627878937111744,2.9674830149850758e-05
2012-06-06,0.0011943512850597017,2.944771579447429,-0.0801935854504244,6.551559127514868,6.631596145372791,0.0004054192455520817
2012-06-07,0.004833652998757485,2.947437585704088,-0.07718472435607018,6.5608732965795795,6.637901453343148,0.001637265890542385
2012-06-08,0.0079225566901084,2.9499911952795825,-0.07429289621723623,6.569407637985259,6.643543966609993,0.002678427214056774
2012-06-09,0.00882071907251694,2.952516783837139,-0.07151246248212438,6.575611822660336,6.646967717549959,0.0029786267400626104
2012-06-10,0.008026240622749299,2.9550407024873278,-0.06883827697973681,6.580015448363144,6.64869715775038,0.0027087611508111397
2012-06-11,0.006458940938163705,2.95756809950741,-0.06626561246992767,6.58354821020845,6.649657255085876,0.0021791099912478367
2012-06-12,0.004873529983109351,2.9601006566414085,-0.06379009997573484,6.586970868881587,6.65060440126482,0.001643700645049336
2012-06-13,0.003838917793713093,2.9626388693320407,-0.06140767865254318,6.590856890706014,6.652108001766056,0.0012940996256144747
2012-06-14,0.0031002458088246272,2.9650000932267555,-0.059114554339057636,6.594772566929327,6.653730553675883,0.0010445219011133515
2012-06-15,0.002430165010700284,2.9670300898865833,-0.05690716525799321,6.598339871872094,6.655090469537586,0.0008183861045765524
2012-06-16,0.0024269540593085215,2.968918044193433,-0.054782153601497775,6.602349626884048,6.656975212893045,0.0008167863579408175
2012-06-17,0.004764893672771513,2.9704658411879077,-0.052736341957315414,6.6082811751361685,6.660860949500982,0.0016015207213818455
2012-06-18,0.007038811243252624,2.9715857176404303,-0.0507667137144123,6.613644597402075,6.664254743523985,0.002363107929514903
2012-06-19,0.008175223620787183,2.9724942157360754,-0.04887039673795547,6.617585824851711,6.666299653997165,0.0027427474891516808
2012-06-20,0.00860922956375722,2.9732663458537143,-0.047044649728483816,6.620617707921792,6.667505790057774,0.0028871860498578656
2012-06-21,0.0081218937194573,2.9739043852288325,-0.04528685078338917,6.622526210397705,6.667656493588592,0.0027236157430248252
2012-06-22,0.006843978852721551,2.974414531794325,-0.04359448776417093,6.623450805115679,6.6668887252873485,0.002295667694793816
2012-06-23,0.005324207552930985,2.974855112668868,-0.0419651501434399,6.624000952311164,6.665809534862102,0.0017865393256049882
2012-06-24,0.0038743560486242026,2.975278490864734,-0.04039652206383592,6.624543107082326,6.664783061553661,0.0013004891818955671
2012-06-25,0.002678182515332831,2.975657940115274,-0.038886376389046795,6.625236528474364,6.66396633727091,0.0008992210432472389
2012-06-26,0.0017782408060033304,2.9759881837961153,-0.037432569566757945,6.626120637268165,6.663396639242421,0.0005971726967271901
2012-06-27,0.001143250808559321,2.9762707395866017,-0.03603303715598849,6.627167735471977,6.6630442050354635,0.00038397441949535185
2012-06-28,0.0007987839065507267,2.976507891433685,-0.034685789898178256,6.628407667674862,6.662936889980538,0.00026829077204801034
2012-06-29,0.000932003371865213,2.976701967987096,-0.033388910233523875,6.630031843358241,6.663264185999264,0.0003130013228052528
2012-06-30,0.001129198906114071,2.9768812587706637,-0.0321405491822652,6.631656690727317,6.66364067231708,0.00037917895929586094
2012-07-01,0.00114421307883174,2.9770325157243094,-0.030938923525574955,6.63302458751037,6.6638069434434435,0.0003841991872965753
2012-07-02,0.0009706021838764204,2.977152334631164,-0.029782313232980577,6.634127405814864,6.663753151455342,0.00032591071774707624
2012-07-03,0.004265833425852196,2.977240887817616,-0.028669059093288905,6.638624444382984,6.667136935883771,0.0014307643163967397
2012-07-04,0.0253770094393654,2.9774815618979753,-0.02759756051423532,6.66104779305591,6.688488785977643,0.008450950598070824
2012-07-05,0.06410489981555215,2.977768357070773,-0.02656627346279053,6.7010937656563385,6.727503471526628,0.021074152143067987
2012-07-06,0.09594358294061774,2.9780915271404895,-0.025573708523536492,6.734248183790375,6.75966532472141,0.031210958725219732
2012-07-07,0.1136553574125613,2.9784782987769933,-0.02461842905701087,6.753302009365347,6.777763870829857,0.03675628871509362
2012-07-08,0.11300718531060273,2.9788881415058777,-0.02369904944351476,6.75398305960577,6.777525541456783,0.036549486113088676
2012-07-09,0.09807364097674906,2.9793063079825273,-0.022814233400848722,6.740352497791232,6.763010163599579,0.0318692012697087
2012-07-10,0.07714936501833064,2.979727265167858,-0.021962692366780077,6.720700720052212,6.742506844826491,0.025237971417129655
2012-07-11,0.05648871182449913,2.9801477916693218,-0.021143183938981694,6.701280101787644,6.722266718134124,0.018602395037899892
2012-07-12,0.03919147879362447,2.9805396845514367,-0.02034634940240437,6.685171596175461,6.705361377985364,0.012978466185781487
2012-07-13,0.026081328436840988,2.9807080085628197,-0.01957976443097645,6.672996354801488,6.692419551639963,0.008674145579771933
2012-07-14,0.01678811253672523,2.9807791360588904,-0.018849889859853638,6.664504140968566,6.683197463235919,0.005600579117813152
2012-07-15,0.0106982719723233,2.980795840531621,-0.018147490914321482,6.659133403822427,6.677124327144247,0.00357623032838551
2012-07-16,0.0075314260060426385,2.9807965734040085,-0.017463258092769985,6.656651523550085,6.673958214050353,0.0025202809087655287
2012-07-17,0.006112712419362426,2.980772576707952,-0.016813039896466667,6.6558590314636525,6.672515503767617,0.002046517300685622
2012-07-18,0.005144786824158908,2.980722723140249,-0.01618427340707554,6.655470018790137,6.671497724604711,0.0017230459178077312
2012-07-19,0.003976721332415571,2.980622300621193,-0.015573058144385263,6.654812746042028,6.6702292365939115,0.001332413936734642
2012-07-20,0.0028966289626771486,2.980487951455202,-0.014990824202015066,6.654180538448668,6.669014795058182,0.0009709204041912093
2012-07-21,0.0025374563125770714,2.9805870554242926,-0.014429053427070527,6.654482240542603,6.6687547263771725,0.000850603554291364
2012-07-22,0.002275304569854466,2.9810303735734256,-0.013892997754119972,6.6551994626219635,6.6689358927835825,0.0007626789928112721
2012-07-23,0.006839642669213532,2.9816665373624174,-0.013371319767566898,6.660921642496868,6.674136394671933,0.002288649330864405
2012-07-24,0.030278553146538458,2.9826595233015216,-0.012866508098597849,6.685858350582267,6.698568291088362,0.01004951060336219
2012-07-25,0.06170748309380395,2.9837978634103073,-0.012389198136156085,6.718902930600759,6.731135561144414,0.02026182064156841
2012-07-26,0.08127159966572117,2.9849768068087315,-0.011929836491786108,6.740105352215471,6.751878621114756,0.026505223612710033
2012-07-27,0.08357893692881417,2.986207451105794,-0.01148774315142991,6.744085427115982,6.755416602674911,0.027226303841396772
2012-07-28,0.07355684707344258,2.9874871751664407,-0.011060507829754639,6.735770296642933,6.746674236880185,0.024029986677427204
2012-07-29,0.05825810767159406,2.9888098330685464,-0.010646947056630787,6.7222077759163135,6.732698155380444,0.019119398977839337
2012-07-30,0.04281359128012009,2.9901702106714865,-0.010249150478914573,6.708521433705496,6.718614016591909,0.014115997339837824
2012-07-31,0.03447336368698952,2.9915640360323215,-0.009863228277982548,6.701960953674133,6.711667614359614,0.011392246404551113
2012-08-01,0.04747634695912725,2.9929877858095733,-0.009492172123571646,6.716758742877933,6.726094347409003,0.015614835395507346
2012-08-02,0.06654719193770807,2.994490701095001,-0.009134835314258256,6.737689839951255,6.7466681076730115,0.0217400745313142
2012-08-03,0.08182630653408775,2.9960658385734558,-0.008790820480869916,6.754888106859478,6.763522359747846,0.02658517669768077
2012-08-04,0.08599983872619855,2.997659190434211,-0.008457810947201168,6.760988000446012,6.769289243800712,0.02788889365294509
2012-08-05,0.07865251999334932,2.9992758924441474,-0.008136167198230782,6.75557902747207,6.763558627077799,0.025553719727699
2012-08-06,0.06461481089606022,3.0009164579411123,-0.007828089930522942,6.743489961139454,6.751161483477475,0.021077850861580063
2012-08-07,0.04896236664104844,3.002605245324796,-0.0075300616153204545,6.729824332583329,6.737197826606147,0.01604498830340727
2012-08-08,0.034944855335476754,3.0043252952478006,-0.0072448981370603505,6.717812034679021,6.72490036522358,0.011497778612661451
2012-08-09,0.027155567645889694,3.005835010937741,-0.0069782940100808245,6.711799066806354,6.718620793223934,0.00895339663685042
2012-08-10,0.030388395713519138,3.0072689834115303,-0.006721655475231712,6.716722505882622,6.7232875937653525,0.010003891789228728
2012-08-11,0.034430934622297814,3.008698598679059,-0.006474604799490138,6.722441710734671,6.728759747941659,0.011314317792100428
2012-08-12,0.03511107804812505,3.010016289587403,-0.006236778673847269,6.724677371194485,6.730757582275831,0.011530249414620709
2012-08-13,0.03805854058688976,3.0113359991929554,-0.006000872499909248,6.729180449512739,6.735024754420148,0.012480687589096767
2012-08-14,0.04041352827135519,3.012650156073609,-0.005776411489909172,6.733074055087859,6.738693898985266,0.013237040707202257
2012-08-15,0.038346476833713894,3.0139557489697566,-0.005556788127897139,6.732532219908378,6.737932440443773,0.012563132349588935
2012-08-16,0.03262443229736547,3.0152539765972826,-0.005342673900969828,6.7283225172264824,6.73350862353495,0.010703980907557639
2012-08-17,0.027135830307715592,3.016546001346449,-0.00514697699965537,6.724321636887313,6.729312046294467,0.008915462196312403
2012-08-18,0.02209331765204757,3.0180936837898256,-0.004958563547738721,6.721015220126938,6.725817216082175,0.007267091676126943
2012-08-19,0.017689231888646822,3.020005965027827,-0.004774897120819333,6.718707082028459,6.723325411556776,0.005823241221371697
2012-08-20,0.015534909402847182,3.0223390854561085,-0.004592793852264638,6.719067983239495,6.723504209499258,0.0051137438317511415
2012-08-21,0.01640560639755837,3.0249252569563834,-0.004415999043539919,6.7227016465432055,6.726961077994244,0.005394219548828198
2012-08-22,0.018228328844828445,3.027658541708111,-0.004245423280940523,6.7274282295048025,6.731517085193242,0.005984571856905289
2012-08-23,0.019784575478709564,3.0305003897894838,-0.004079395193861519,6.731992352307136,6.7359151799084955,0.006486140050514928
2012-08-24,0.01926776327198635,3.0334312469553852,-0.003917364095044497,6.734568428365131,6.738329224867674,0.0063117140626816155
2012-08-25,0.01658342497592144,3.0364383037771674,-0.0037618890042387648,6.735046621981654,6.738651943393391,0.005431807058475939
2012-08-26,0.013109041422929589,3.0395645126808946,-0.0036138448796281947,6.7348464914570005,6.738303768744126,0.004294282107337226
2012-08-27,0.009646761368549023,3.0430332050586064,-0.0034726157668003147,6.73499413289316,6.738310181067458,0.003160095874655198
2012-08-28,0.006730008327644333,3.0466494610474713,-0.0033374249405032025,6.735828826667417,6.739009684015418,0.002204117894662353
2012-08-29,0.004919460886415671,3.0501074706830495,-0.003206451912937578,6.737607261889332,6.740657146209768,0.0016102839669201825
2012-08-30,0.0037298997410316753,3.05354459792451,-0.0030808563759629534,6.739980423522383,6.742904712305844,0.0012200081294236856
2012-08-31,0.0027911871860038196,3.0569764767065584,-0.0029579017009213806,6.742596544424445,6.745397878532865,0.0009122219372868785
2012-09-01,0.002002190199920255,3.060373509948803,-0.002850397188290627,6.745312085193237,6.748005914789026,0.0006538029281720787
2012-09-02,0.0013935418422671517,3.0637734598884725,-0.00273781852364763,6.748215965439896,6.750797216371042,0.0004546381458107475
2012-09-03,0.001201449123708158,3.0672929186348004,-0.002629528128523272,6.7516516218627896,6.754124582398811,0.0003915435323369355
2012-09-04,0.002083665511412223,3.0709002154055147,-0.0025252604397734838,6.756245402709958,6.758614095557229,0.0006780593690554902
2012-09-05,0.0029493880582555114,3.0745603625914226,-0.002424903001110717,6.760871629881372,6.76313996528998,0.0009583683878281394
2012-09-06,0.0031722180621449442,3.0781059207461716,-0.0023369895896723147,6.764727931451448,6.766908353448619,0.0010295137015354928
2012-09-07,0.0028378978590726527,3.0815455082858767,-0.0022492948707422194,6.767920893507011,6.770013620785252,0.0009200859573484836
2012-09-08,0.0022803638385068734,3.0847707297719924,-0.002158336367171339,6.770679539476132,6.772681308250801,0.0007386867820965818
2012-09-09,0.0016891398927863486,3.0879371246352147,-0.0020722749265365066,6.773340771834269,6.775256479168304,0.0005467133394674183
2012-09-10,0.001179854287801006,3.0910476087852,-0.001991516451964003,6.776022728853841,6.777857677713303,0.0003815548182954457
2012-09-11,0.0009630435764198426,3.094126710502803,-0.0019082574805337127,6.778968278831494,6.780719968719525,0.0003111520676098598
2012-09-12,0.0016753066633374439,3.0971861009402946,-0.0018339424733282486,6.782814247363108,6.784491622243935,0.0005406200674953607
2012-09-13,0.0030402965778248054,3.100231524601002,-0.0017649519094776515,6.787293651502154,6.788902035819129,0.0009797068233197504
2012-09-14,0.0039045212836541555,3.1031884532983316,-0.0016969606470296427,6.79118279616776,6.792723189222288,0.0012566477139872043
2012-09-15,0.003916064615068678,3.105870519743497,-0.0016308197183366809,6.7939425468730335,6.795416798998868,0.0012592711778890181
2012-09-16,0.003717592416547935,3.1084328915022974,-0.001571984683928562,6.796365281467721,6.797780698559148,0.0011945413423153988
2012-09-17,0.004601326962644612,3.1109288986540697,-0.0015153044500846628,6.799801703399433,6.801160440257017,0.0014769001195402579
2012-09-18,0.0054489744299830185,3.113114841819917,-0.0014606987828677275,6.802889899699836,6.804194030890202,0.001747270458789411
2012-09-19,0.005738550274344802,3.1150226723115564,-0.0014035458880978485,6.805144458930608,6.806391437226203,0.0018388302933313716
2012-09-20,0.005448575140590196,3.1167877111252293,-0.001345780919487138,6.806677287579136,6.8078665009061226,0.0017450873800159013
2012-09-21,0.0049831907199620286,3.118534305363584,-0.0012973541294014727,6.808006924186949,6.809147710723849,0.0015953778796533881
2012-09-22,0.004317148527880536,3.1201314246434473,-0.0012477931849921222,6.80898756221914,6.81007878781163,0.0013817313445164542
2012-09-23,0.0034765913562402793,3.121610226063367,-0.0012029393225599294,6.809670660329852,6.810717032059911,0.0011124783275976026
2012-09-24,0.0026182255113226245,3.123010856762526,-0.0011597215474910313,6.810256142959162,6.811259296914152,0.0008376635366528854
2012-09-25,0.0018655510220398383,3.1242442019129384,-0.0011180792054464677,6.810778455962335,6.811739967575281,0.0005967644035172942
2012-09-26,0.001271126046965969,3.125196908934005,-0.001074695443478738,6.811180121770295,6.812098249621274,0.0004065693404646325
2012-09-27,0.0008264075309073657,3.125924469685606,-0.001030942708538244,6.811506716740778,6.812381091856816,0.00026430232639545873
2012-09-28,0.0012174497932259626,3.1263896213476468,-0.0009868502693368584,6.81240700310434,6.813237285781176,0.0003892591893846395
2012-09-29,0.00446543723621245,3.1267541880951804,-0.0009434072623574124,6.816063000301839,6.816849839971695,0.0014261015739960592
2012-09-30,0.008123498223097709,3.1270813867072755,-0.0009096042247675082,6.820082062938409,6.820835099570676,0.0025910581672489693
2012-10-01,0.009762043616714152,3.127347801248331,-0.0008735892099448599,6.822023037887904,6.822740059505348,0.0031117952827482533
2012-10-02,0.009317476757068973,3.127551301166477,-0.0008423182155621706,6.821813241940788,6.822498992563849,0.002970311293428311
2012-10-03,0.007761647086088173,3.1276955789344556,-0.0008090286721215499,6.8204349795812265,6.821087440660847,0.0024754434605823317
2012-10-04,0.005978650287461534,3.1278627727751616,-0.0007705824521522886,6.818857622843275,6.819471637702925,0.001907770521974514
2012-10-05,0.004688567219340087,3.1280105951324635,-0.0007318611534234945,6.8177540834311845,6.818329376992106,0.0014966541555239063
2012-10-06,0.004053623681887335,3.128152520668654,-0.0007057009389282049,6.817287225644417,6.817836358990844,0.0012941752538218867
2012-10-07,0.004825207492327981,3.1282715235450755,-0.0006748960458257748,6.818208617224382,6.818726945677707,0.001540076131237193
2012-10-08,0.0055522588413424055,3.1283885228563166,-0.0006438977353663169,6.819083666195096,6.819570996337962,0.0017716540381898158
2012-10-09,0.005419884173132769,3.1284874321708385,-0.0006149721886037637,6.819079126388171,6.819537530984274,0.0017294334599070491
2012-10-10,0.004634215819652907,3.128484856120885,-0.0005930229307209386,6.818312831242622,6.818749286580841,0.0014791061920230962
2012-10-11,0.0036024361509474872,3.1284256073583787,-0.0005718678220899506,6.81724295792004,6.8176582581496294,0.001150192814656629
2012-10-12,0.0026127530051954255,3.1283253255729875,-0.0005514776845945746,6.816173383126392,6.816568293218486,0.0008344952661542016
2012-10-13,0.0017988266878311819,3.1281888028816596,-0.0005284907072577431,6.815245921095038,6.815617844209793,0.0005747072834529377
2012-10-14,0.001677734585294217,3.128018871817172,-0.0005041819844015491,6.814979206650869,6.815326821042769,0.00053606940106017
2012-10-15,0.003707937371826572,3.127817575742606,-0.00048052011581953394,6.816831775231417,6.817155727754735,0.001184067431767105
2012-10-16,0.005659424360216706,3.1277952826708044,-0.00045710000944557957,6.81878438925438,6.819084921671324,0.00180612930115689
2012-10-17,0.006213560304335506,3.1278833754521465,-0.00044083063991680967,6.8194428873493695,6.819727150396785,0.001982568003384276
2012-10-18,0.005634842490140135,3.1279582888244106,-0.0004230058783208352,6.818956907669033,6.819223345954853,0.0017982048894063997
2012-10-19,0.004619059584257244,3.127976807627589,-0.0004048555197445569,6.817977793924906,6.818226081852149,0.0014745149965253636
2012-10-20,0.0038503257672078957,3.127971482005153,-0.0003904639079444869,6.81721812609722,6.817452022412663,0.0012294204471187972
2012-10-21,0.0032114917393783853,3.127951037664129,-0.00037659058694763893,6.816572721049364,6.81679274404381,0.0010256547557721894
2012-10-22,0.0025385695194617996,3.1279431332145435,-0.0003613245572067119,6.815907160409603,6.816111917374307,0.000810919775459713
2012-10-23,0.0023498143739662906,3.1278286583612154,-0.0003445734890115952,6.815620681478974,6.815808687375484,0.0007506966118494192
2012-10-24,0.0038481483902185355,3.127768059946625,-0.0003261659561670043,6.817076824613481,6.817246422977146,0.0012288058734573454
2012-10-25,0.005270967867244407,3.1276938144568365,-0.000314593644779166,6.818436970912106,6.818594996964384,0.0016824216783357273
2012-10-26,0.0060864908692881674,3.1276055720286178,-0.0003007144814311384,6.819178130649279,6.819322277538209,0.0019422747184864226
2012-10-27,0.007926722520420672,3.1274792670713407,-0.00028382269583099654,6.820908949128734,6.821036204232064,0.0025281327351973177
2012-10-28,0.009141453309127958,3.127330297854347,-0.00027376299003382303,6.821984770406246,6.822101965803778,0.002914565803354337
2012-10-29,0.008834556796752123,3.1271639929712447,-0.00026406434632962725,6.821521267654472,6.821628764408299,0.002817143138476805
2012-10-30,0.007458230063619385,3.126981964814279,-0.0002547136190525575,6.81997226349165,6.820070409518201,0.0023794456425766703
2012-10-31,0.005762092801076167,3.126785135797041,-0.0002456981488907193,6.818088312682031,6.81817744323842,0.0018394272713502962
2012-11-01,0.004158800395808896,3.1267307066356063,-0.0002299184038676326,6.816446370860351,6.8165197216717175,0.0013283127323621537
2012-11-02,0.0028522336348356806,3.1267275508373156,-0.00022178536406558866,6.81514478134089,6.815209999112454,0.0009113791087824115
2012-11-03,0.001880351621691852,3.12674456392662,-0.00020830500994378906,6.814203392771172,6.814255130188615,0.0006010153573690083
2012-11-04,0.001196831909810484,3.1265642731721766,-0.00019414261947524002,6.813353744695316,6.81339131972229,0.00038264812100446906
2012-11-05,0.0010948323500973448,3.1262521708904685,-0.00018114759578441564,6.8129526378775855,6.812977217880869,0.00035008342501259896
2012-11-06,0.0025255028492046807,3.1259041596922676,-0.000169469795883675,6.8140469749783925,6.814059877181775,0.0008072749339529704
2012-11-07,0.004235218912323951,3.125525737754289,-0.00015772476668835113,6.815390014132729,6.815391171306915,0.0013532084305999904
2012-11-08,0.004960063254643346,3.125119777239275,-0.00015215188296949534,6.815714470843753,6.815710055134221,0.0015846443245552042
2012-11-09,0.004713523008955723,3.1246894607324247,-0.00014677829725749113,6.815042987676927,6.815033198381683,0.0015062051878407927
2012-11-10,0.003912191541191943,3.1243414771481346,-0.00013728195377976635,6.81390316896835,6.813883883329629,0.001250599201832334
2012-11-11,0.0029389209455060587,3.124016483597206,-0.00013243656063726425,6.812609750214879,6.8125856191830145,0.0009398666003475827
2012-11-12,0.002179761113258736,3.123590458797423,-0.0001277642346970821,6.811429237908788,6.811400434550984,0.000697351679715287
2012-11-13,0.002787798371728903,3.1232760838301843,-0.00012325870992905646,6.811727405724788,6.811694096842215,0.000891791875271997
2012-11-14,0.00675189643406307,3.123000446923958,-0.00011891395067607626,6.8154202116401486,6.815382557998324,0.00215732610549585
2012-11-15,0.01024320906138831,3.1227368259245454,-0.00011472414303678891,6.818652093075701,6.818610249626236,0.003269477924213552
2012-11-16,0.011335978705034909,3.1224785822021666,-0.00010627023959401833,6.819495072900412,6.819444775547504,0.003617309985870153
2012-11-17,0.011060040266000725,3.1222224611098905,-0.00010252819918921648,6.818966755409506,6.818912716016194,0.0035298573496465846
2012-11-18,0.009800821517747067,3.121966525406155,-9.67844078019034e-05,6.817457344748904,6.817397561564205,0.003129485824473415
2012-11-19,0.007940882923230612,3.1217095008034916,-8.922976337598513e-05,6.815347936196151,6.815280598367025,0.0025373067114847422
2012-11-20,0.005980848347276623,3.121293942186183,-8.609064086107942e-05,6.8129754821254025,6.8129050051737625,0.001912479314379787
2012-11-21,0.004235149283243776,3.12081083339129,-8.306321901051136e-05,6.810749701688327,6.810676197314836,0.0013552278291979478
2012-11-22,0.002875703152056834,3.120291216745275,-7.84527189241048e-05,6.808875249411212,6.808797134537635,0.00092076511624661
2012-11-23,0.0018860820202433186,3.119848194547705,-7.162409829471685e-05,6.807449434702457,6.807364491208251,0.0006041776311329379
2012-11-24,0.0012009247676804937,3.1194513156193615,-6.65823301343703e-05,6.806372440289712,6.806282455027345,0.00038483133498128834
2012-11-25,0.000746227996668917,3.1190410482246764,-6.017907562203312e-05,6.805513879378528,6.8054174908616485,0.00023919194823204123
2012-11-26,0.00045432088951329194,3.1186233245518613,-5.446474135970365e-05,6.8048099629328185,6.8047078600816775,0.00014565873029076258
2012-11-27,0.00027185835433853967,3.1182001374940165,-4.866476660940993e-05,6.80421011331455,6.804102210488658,8.71767823153348e-05
2012-11-28,0.00015582030347109226,3.117771301862888,-4.423793130259291e-05,6.803669666467861,6.803557336806662,4.99756079490489e-05
2012-11-29,4.615041974240356e-05,3.1172061419369737,-4.0132586657570153e-05,6.802998942002862,6.802882506997019,1.4804839459276733e-05
2012-11-30,0.00046354898619265503,3.1166069631508955,-3.662612993968217e-05,6.802820668239953,6.802700726777391,0.00014871302538319614
2012-12-01,0.002494929218865235,3.1162456018107263,-3.148926840627617e-05,6.80449582399399,6.804370745669894,0.0007999797334988885
2012-12-02,0.004333647542744752,3.115815068848865,-2.6945907589139667e-05,6.805908552716824,6.805778931031912,0.0013889233932915
2012-12-03,0.004943603108583997,3.115356943670297,-2.834470442938015e-05,6.806058984307255,6.805930761419184,0.0015843355582164452
2012-12-04,0.004554770493912896,3.114941530144112,-0.00012171112766001315,6.80516137174317,6.805126515278328,0.0014600980590941293
2012-12-05,0.0036930391624433513,3.114540644293651,-0.0006108509385833511,6.803409614750315,6.803863898096397,0.0011843368834211845
2012-12-06,0.0027503913912717533,3.1141445022041987,-0.0019605124853820533,6.800721163342892,6.802525108235773,0.0008824139039539637
2012-12-07,0.0019279651298830316,3.1137503696095257,-0.004597514915582449,6.79686760205663,6.801308549379711,0.000618794664515419
2012-12-08,0.0013788514792187868,3.1133567911097346,-0.008753422256436966,6.791769002565321,6.800365857229256,0.0004426865189986692
2012-12-09,0.001331120952687687,3.1129628398247373,-0.014505368149231559,6.785575374860997,6.799924175417727,0.00042742302732250674
2012-12-10,0.0013919073221735788,3.1125678701847757,-0.021812221235326053,6.777934338504427,6.7995899921472525,0.0004469894994237678
2012-12-11,0.0013114223269212139,3.112171408027526,-0.03039526956353725,6.768874343023715,6.799113044994749,0.00042120750245856276
2012-12-12,0.0011054793888991164,3.1116687230963636,-0.039885596136454406,6.758675388581612,6.798404417125566,0.00035514281376930365
2012-12-13,0.0008539838818446694,3.1110945298798796,-0.05010457129276777,6.747630724701761,6.797578728402026,0.0002744209546103234
2012-12-14,0.0006175666050115262,3.1104848955942255,-0.06104049215151604,6.735848752280525,6.7967326768395395,0.0001985041034537219
2012-12-15,0.0004245981196888441,3.109850964085375,-0.07262942747019438,6.723432916967673,6.795905776845366,0.00013651463068044706
2012-12-16,0.000258308149624182,3.109197327470454,-0.08465762860003624,6.710584789252845,6.795085850260381,8.3071823461688e-05
2012-12-17,0.00016705110328231706,3.1085267215069066,-0.09692582141609749,6.6975547334268954,6.7943239872504915,5.373675102840831e-05
2012-12-18,0.0001050355627249232,3.107971462089179,-0.10942152931383248,6.684441750570875,6.793706712292206,3.379439431567263e-05
2012-12-19,6.454034104089205e-05,3.1074304521964184,-0.12225605411621822,6.671025720654045,6.793125207177762,2.0769250214685275e-05
2012-12-20,3.890505802331484e-05,3.106632810050314,-0.1355150548187922,6.6569434425223495,6.79230192974864,1.252306699613999e-05
2012-12-21,2.30752098711899e-05,3.105729757730126,-0.1492037575349919,6.642335857637809,6.7913830475803,7.4298281648337825e-06
2012-12-22,1.3497665351435071e-05,3.104772017281052,-0.16327184767643424,6.627300449502773,6.790415729586706,4.347374492201622e-06
2012-12-23,7.80101874244778e-06,3.103721394246786,-0.17769962976811896,6.611816347730214,6.789359409905831,2.513434082569949e-06
2012-12-24,0.0009604180420775106,3.1026156903518354,-0.1924914387538499,6.596871451872866,6.7892063230342155,0.00030945528916786347
2012-12-25,0.005629141261232643,3.1014699820900415,-0.2076114822876785,6.5852744232964,6.792729337991577,0.0018117031474557943
2012-12-26,0.010525755466590606,3.1003165894621785,-0.22285772877864254,6.573771398382931,6.796472559569072,0.003383570846574554
2012-12-27,0.012696696587080628,3.099144238096532,-0.23774255931324878,6.559885157603167,6.797471149323915,0.004080123905295798
2012-12-28,0.012493801766318055,3.0979505679926382,-0.2516445481049428,6.544586603886817,6.796074584399259,0.004016725676815837
2012-12-29,0.010813323863489478,3.096736296728671,-0.26409084643989017,6.529245556385074,6.793179835232463,0.0034796946738468943
2012-12-30,0.008604108078589945,3.0955024173312475,-0.27481369766566965,6.515079609976972,6.78973674005014,0.0027718469092983004
2012-12-31,0.006748499377310034,3.0942499074853034,-0.2837265105593847,6.503058678536033,6.786628621502916,0.0021762343903097073
2013-01-01,0.0052179130388567046,3.0929796699833347,-0.2908925379706991,6.493091827284296,6.783827797662494,0.0016841769767849343
2013-01-02,0.003892977335325012,3.091692524548805,-0.29629060900680987,6.485081675110124,6.781215716524432,0.0012575899883739438
2013-01-03,0.003047972714591848,3.0903892132672293,-0.3003281526741529,6.478895815540472,6.779067400622123,0.0009853029272435206
2013-01-04,0.003404527167840608,3.0890704092452954,-0.30364055366925286,6.474621164976687,6.778105151053438,0.0011009069557050028
2013-01-05,0.0038743542275216946,3.087736725330513,-0.3069159315761274,6.470481930214712,6.777241294198337,0.001253182928842252
2013-01-06,0.0037884278784817414,3.086258259808913,-0.3102672522354509,6.4655662176847475,6.775676902327698,0.0012260099155061695
2013-01-07,0.0033376462567188993,3.0847118870739227,-0.31367577045320694,6.460160545110239,6.773679747970944,0.001080826657958123
2013-01-08,0.0030304516319174953,3.083124354111007,-0.31744834133967836,6.45449324663605,6.771785020383227,0.0009819506222689242
2013-01-09,0.0026606771533930216,3.081503685408747,-0.3215736136050968,6.4483775311898475,6.769794577202443,0.0008626898052808993
2013-01-10,0.002223537706038946,3.079854314058342,-0.32582695242661763,6.442037681570568,6.767708066404683,0.0007214411228340805
2013-01-11,0.0017325846244208541,3.0784401059772115,-0.3300930854460605,6.435866387388376,6.7658029052419355,0.0005624959372269606
2013-01-12,0.001262836352206837,3.0771626804380414,-0.33449522025244627,6.429717078770606,6.764055731430551,0.0004102215061950066
2013-01-13,0.0008786826317805526,3.0759406266305316,-0.3393444858985904,6.423261605596526,6.762449523902615,0.00028558148641859066
2013-01-14,0.0005870150678417032,3.074749629142374,-0.3449207541527569,6.416202672290263,6.760966858850518,0.0001908783121180725
2013-01-15,0.0008988877102818309,3.0735797474622175,-0.35137616809758,6.408889249307723,6.760108849812802,0.00029237077792586356
2013-01-16,0.0032114693505523382,3.0724252305911137,-0.358791442662766,6.402632039511705,6.761266914581968,0.0010441640752346492
2013-01-17,0.005869769996660668,3.0713084084377433,-0.3670295590355542,6.395935401631654,6.762808393074707,0.0019075171005037705
2013-01-18,0.009082770476323379,3.0702113634452752,-0.37561280793642216,6.389468108217981,6.764924348561902,0.002949627440999319
2013-01-19,0.011200872138288577,3.069126888664691,-0.3840405788483333,6.38207396418745,6.765957975443282,0.0036362598424814164
2013-01-20,0.011253775443652981,3.068051974917168,-0.39165226329517583,6.373440269298449,6.764935965001124,0.003654646974349432
2013-01-21,0.009768412549289819,3.067062923605912,-0.3979962967527378,6.364621821635268,6.762461550795504,0.00317482873841775
2013-01-22,0.0076639602683167265,3.0661124687309966,-0.40284971408986364,6.356713497142254,6.7594066436396165,0.0024933369245764485
2013-01-23,0.0055889263997597975,3.0651837234825607,-0.4064669908565301,6.350092441258594,6.756402864522624,0.0018200391357445424
2013-01-24,0.0038659430538079305,3.064271237666145,-0.40947170331717603,6.344452259635581,6.7537673953602555,0.0012600294009346637
2013-01-25,0.0025656553000711515,3.0633979529234527,-0.4123479524780659,6.339402437978262,6.751593822863827,0.0008368185757944269
2013-01-26,0.0016478568155634018,3.06254644846319,-0.4153239690712293,6.334657118440328,6.749824519919056,0.0005377781731153939
2013-01-27,0.0010306948277717279,3.061709875340855,-0.41869567289605786,6.329831679505373,6.748370784808929,0.00033652697776977576
2013-01-28,0.0006307288681974365,3.0608854714483096,-0.42248809493845985,6.324814887610851,6.747146414956809,0.0002060184650116273
2013-01-29,0.0003789566812893451,3.060071425809269,-0.4265314802177486,6.319705684505614,6.746080597130861,0.00012382382784489212
2013-01-30,0.00022416242970520664,3.0590054690290196,-0.4307749787396271,6.314241434951901,6.744859846099027,7.327414307186866e-05
2013-01-31,0.00010406120197981389,3.0577870736094757,-0.43500541007112653,6.308672506973133,6.743521349451758,3.4030381525086613e-05
2013-02-01,6.030377780611749e-05,3.0564984581787686,-0.4391261851071992,6.3032193590821795,6.742188976596877,1.972930426095117e-05
2013-02-02,7.801018742446257e-06,3.0552950334628313,-0.44332286237539553,6.297766754338983,6.740933049121876,2.5532718571807103e-06
2013-02-03,-4.873406966804528e-18,3.054110898875768,-0.4478971173854914,6.2920005637230805,6.739741113516071,-1.5956876250297429e-18
2013-02-04,8.731073109797063e-05,3.0530825272291553,-0.4527531915154884,6.2862034286775685,6.738800052600556,2.859674886487833e-05
2013-02-05,0.0023293907893331407,3.0521148472609987,-0.45781525679889995,6.282415763484236,6.740074452690634,0.0007626234456386749
2013-02-06,0.011279903670346378,3.051175293936346,-0.4629534057794171,6.28528857406008,6.748085412246995,0.003683287735657853
2013-02-07,0.019190040301244774,3.0502544656539174,-0.46803218962315146,6.287199098564814,6.755074720595465,0.0062519587058874485
2013-02-08,0.021674087154835323,3.049347511186154,-0.47235432658586735,6.2844540539879254,6.756651812981292,0.007057614692955589
2013-02-09,0.019868643906922865,3.048373171767821,-0.4754765829747119,6.278552014932836,6.753872030315046,0.006475579533992339
2013-02-10,0.016060842760516447,3.047375243302008,-0.4772021911481363,6.272020677147193,6.749066300702827,0.005242754315517535
2013-02-11,0.011937236869317969,3.0463680301163567,-0.47766818102830466,6.266423868190174,6.743935481625977,0.0039032195373627765
2013-02-12,0.00835576169513294,3.0453549797416732,-0.4774394115071872,6.262058112162423,6.739340956077109,0.0027362649584817774
2013-02-13,0.005591522245389889,3.0443115505743825,-0.47698657458920596,6.25870328046337,6.7355332874600755,0.0018333442446812826
2013-02-14,0.0036131087316537015,3.04325385595198,-0.4766491762824905,6.256004570633947,6.732497179323936,0.001185843941837107
2013-02-15,0.0022702871582642604,3.0421876572640882,-0.4768688257293576,6.253375900925799,6.730088159062655,0.0007457114533060232
2013-02-16,0.001394252219881881,3.041114798950988,-0.47757067325390734,6.250725160149766,6.728139265811173,0.000458257377852441
2013-02-17,0.0008400814283606733,3.040036308519898,-0.4788916035056967,6.247771568675366,6.726506604588561,0.0002762629323367424
2013-02-18,0.0004980770726466414,3.0389528555877585,-0.48083606401182755,6.244401650881382,6.725081147300708,0.00016387073970978002
2013-02-19,0.000291251991122517,3.0378649147657097,-0.4831822120357037,6.240760736953932,6.723786381397135,9.586472028968226e-05
2013-02-20,0.00016382139359140917,3.0367728412745825,-0.4857513952355758,6.236972049665402,6.722566877308477,5.394297339328767e-05
2013-02-21,1.949362786721811e-17,3.035520357046793,-0.48839708961651673,6.23291004966308,6.721150571687096,6.421840598750962e-18
2013-02-22,9.746813933609055e-18,3.0342254078826607,-0.4909425482169789,6.229069641898485,6.719855622522964,3.2122906585277606e-18
2013-02-23,1.7056924383815846e-17,3.033008800456767,-0.4932822759876584,6.225513306701913,6.71863901509707,5.623763564829452e-18
2013-02-24,1.218351741701132e-17,3.0317873547649015,-0.4954216677226713,6.222152469275034,6.717417569405204,4.018592332296368e-18
2013-02-25,9.746813933609055e-18,3.0305587676494103,-0.4974218124923864,6.218923737389828,6.716188982289713,3.2161771742077016e-18
2013-02-26,1.7056924383815846e-17,3.0293246061935597,-0.49933911769053396,6.21577227073583,6.714954820833862,5.630603055526757e-18
2013-02-27,7.310110450206791e-18,3.028084911053092,-0.5010357143499818,6.212835978935914,6.713715125693394,2.4141035225014607e-18
2013-02-28,3.6550552251033956e-18,3.0268397781234606,-0.5024602606481433,6.2101662997081215,6.712469992763763,1.2075482988958893e-18
2013-03-01,9.746813933609055e-18,3.025589349262321,-0.5036137026068648,6.207762428888261,6.711219563902624,3.2214596260346627e-18
2013-03-02,7.310110450206791e-18,3.0243337846972733,-0.5045238412183094,6.205596725711768,6.709963999337576,2.4170977711504525e-18
2013-03-03,-3.6550552251033956e-18,3.023073247959583,-0.5052131353280053,6.203646894864383,6.708703462599885,-1.2090528165569152e-18
2013-03-04,9.13763806275849e-18,3.0218078986639507,-0.5056625691355421,6.201932111761213,6.707438113304253,3.023897735788753e-18
2013-03-05,-1.035598980445962e-17,3.0205378893180224,-0.505838173858038,6.200486497692788,6.7061681039583245,-3.428525045516909e-18
2013-03-06,1.2792693287861885e-17,3.019263364142174,-0.5057109610080698,6.199339185366909,6.704893578782476,4.237024646406265e-18
2013-03-07,1.3401869158712452e-17,3.0179844588824367,-0.5055179787975836,6.198253262317657,6.70361467352274,4.440668711619271e-18
2013-03-08,1.5838572642114716e-17,3.0167013011015595,-0.5053968717172216,6.197091211617142,6.702331515741863,5.250295293183718e-18
2013-03-09,1.0965165675310187e-17,3.0154140106837923,-0.5053164872189171,6.195884305697679,6.701044225324095,3.636371535205431e-18
2013-03-10,-1.218351741701132e-18,3.014122700418401,-0.5051867737898679,6.194722708861337,6.699752915058704,-4.042143810310072e-19
2013-03-11,-2.436703483402264e-18,3.012827476592096,-0.5049184004266717,6.193695858398229,6.698457691232399,-8.087763080807056e-19
2013-03-12,2.6803738317424903e-17,3.0115284395569195,-0.504508867118592,6.192806354671132,6.697158654197223,8.900376953228603e-18
2013-03-13,9.746813933609055e-18,3.010199591828029,-0.5039539905445176,6.192032383516315,6.695829806468332,3.2379294582556323e-18
2013-03-14,1.4620220900413582e-17,3.008595371051609,-0.5032706512927436,6.19111150199167,6.694225585691912,4.8594839442644305e-18
2013-03-15,-1.218351741701132e-18,3.0068738363708443,-0.5024333907755719,6.1902272278280766,6.692504051011147,-4.051888466233839e-19
2013-03-16,-1.218351741701132e-17,3.0050891302666245,-0.5014025422772294,6.189473370222199,6.6907193449069275,-4.054294860775176e-18
2013-03-17,-3.6550552251033956e-18,3.003257304365183,-0.5002133947341416,6.188830691863846,6.688887519005485,-1.217030328966764e-18
2013-03-18,0.0021827682774488762,3.001386992970431,-0.49885001833119197,6.190506525149491,6.689199975888182,0.0007267246812812536
2013-03-19,0.012920500293489415,2.9994837462801875,-0.4973932212175531,6.200797807588929,6.69803446121398,0.00428909908362573
2013-03-20,0.02490536252467406,2.9975514933647545,-0.49585727968094967,6.212386358441283,6.708087070529731,0.008240105223055393
2013-03-21,0.03140598890304183,2.9955931923112766,-0.4941342496220686,6.218651713825054,6.712629395854622,0.010375288205543195
2013-03-22,0.03130636472551215,2.9936111679829556,-0.491917276991248,6.218787037950024,6.7105477473487705,0.010349493626519093
2013-03-23,0.02689708227006265,2.991607306594125,-0.48882763215595215,6.215463538941039,6.704134603504491,0.008910731542843166
2013-03-24,0.020916466247638515,2.98958317643398,-0.48476048486715695,6.211525940047266,6.696129857321921,0.006947838807583137
2013-03-25,0.015156118816407283,2.9875401070971455,-0.47988520469697615,6.208597803449381,6.688326440553855,0.005047503202491329
2013-03-26,0.010421496731226896,2.9854792438278284,-0.4745815718577331,6.207105950934126,6.681530955199358,0.0034785854518271436
2013-03-27,0.006882905557732866,2.9834015861468033,-0.4691501996989359,6.206921074238404,6.675914706344839,0.002301756096059422
2013-03-28,0.0044031201366895225,2.9813080161271945,-0.46380013150703314,6.207697786989655,6.671341350904187,0.00147473078798885
2013-03-29,0.002744875212218609,2.9791993196110647,-0.4587241498325055,6.209006827223582,6.667574409463586,0.0009204985180419436
2013-03-30,0.0016749751850027876,2.977076202468431,-0.45398804736645304,6.210549912519785,6.664381392293737,0.0005623078549052493
2013-03-31,0.0010039316180425013,2.974939303286136,-0.44958392452222173,6.212146092614761,6.661573449544481,0.0003373490482841238
2013-04-01,0.0005926080670829254,2.9727892034286922,-0.44555253624006635,6.2136160574885135,6.659012026136078,0.00019930439635830382
2013-04-02,0.0003452370902833716,2.9706264351279064,-0.4418633935636276,6.2148950608873665,6.656601886858493,0.00011620342715203687
2013-04-03,8.729910850895473e-05,2.968451488068305,-0.4384701183398636,6.215855451069754,6.654169001817117,2.9408107748519366e-05
2013-04-04,0.0003726459806191518,2.966264814807979,-0.4352903179355846,6.217133925085818,6.6522676754289005,0.00012561224131515356
2013-04-05,0.001983461745104258,2.9643277595773436,-0.4322380758223346,6.219859927732918,6.651941435962751,0.00066866272522139
2013-04-06,0.0043400253451753535,2.9626445488479987,-0.4293358516377588,6.2234355047882195,6.652614788833477,0.0014627731410958066
2013-04-07,0.008913536849627857,2.961149649702503,-0.4263177061658623,6.229532262619073,6.655693401192433,0.0030011270096833697
2013-04-08,0.012311111480619827,2.9597508932924814,-0.42293068878462675,6.234918098221279,6.657692219413404,0.004142279488398394
2013-04-09,0.013627434127004246,2.9584156887697417,-0.41896709339638605,6.2388628117331635,6.657673337537048,0.004585207402280915
2013-04-10,0.01577264302732781,2.957129840081115,-0.4143653771963946,6.244323888144852,6.658532697748745,0.005305469357621196
2013-04-11,0.016729016005733705,2.955884554905927,-0.40920126329872547,6.24919908984574,6.658243785551964,0.0056277129894832375
2013-04-12,0.015432500976491346,2.95467372978162,-0.40355025921103166,6.2523427537798835,6.655736445398414,0.0051959424267973885
2013-04-13,0.012722721561938578,2.953492841120855,-0.3975649881783711,6.254437356737227,6.651845777323096,0.004289210036519231
2013-04-14,0.009650694239539405,2.952338386368608,-0.39137639944769576,6.256399463393255,6.64761929524845,0.003258180221771092
2013-04-15,0.006879376901275911,2.9512075662695225,-0.3851638496359018,6.258709875767701,6.643717157811102,0.0023256168711193624
2013-04-16,0.005200177479719671,2.9500980889595843,-0.3790847816786503,6.262000266993457,6.640928481079607,0.001759611724736371
2013-04-17,0.007434641911734836,2.949008041814442,-0.37325752736237916,6.268971938596602,6.64207289836648,0.0025147255357457236
2013-04-18,0.015080725202890497,2.9479358037275976,-0.367873445465338,6.280929865697955,6.64864674357079,0.005089652742616978
2013-04-19,0.02100727210529011,2.946879982855827,-0.3628672069001262,6.290806830293795,6.65351746960142,0.0070781907466917334
2013-04-20,0.02226302645634038,2.9458393711160658,-0.35801959528722743,6.295869584517982,6.653732612212709,0.0075007609153070936
2013-04-21,0.02328005433356058,2.944812910098095,-0.35307303808561397,6.300806708578845,6.653723179071958,0.007843438400528117
2013-04-22,0.03157635937658019,2.943904034708362,-0.34793363624852885,6.313333540069218,6.661110608725245,0.010612188687027445
2013-04-23,0.03909174450089242,2.943050825751225,-0.34257301088878117,6.325356341596141,6.667772784892421,0.013108610195517081
2013-04-24,0.039818054090400866,2.9422315212926655,-0.33692035606073245,6.3309160015551385,6.667679790023369,0.013352579520843795
2013-04-25,0.034912983043426715,2.941282829182566,-0.3309181425590585,6.3310644518997385,6.661826026866295,0.011730741270452285
2013-04-26,0.0276285396371716,2.9402142784147323,-0.3246264738281737,6.329003126456534,6.653473032692206,0.009309300165467325
2013-04-27,0.02029252713810737,2.939335444481106,-0.31826124455918686,6.327153509292831,6.645258186259516,0.006856445246733265
2013-04-28,0.014102246789797946,2.938531805361395,-0.31209961422680577,6.326321220157191,6.638264266791495,0.0047761580137313355
2013-04-29,0.009393184615229483,2.9377639174713717,-0.30637398451774256,6.326569899801663,6.632787316726904,0.003187201866021687
2013-04-30,0.006050600275717736,2.937022354792459,-0.3012441686684483,6.327615568632533,6.62870316970848,0.00205587845360686
2013-05-01,0.003880814015718102,2.936302501267451,-0.29682083443886975,6.329149263077103,6.625813529923471,0.0013199224672643722
2013-05-02,0.002795092806503791,2.9356015194309792,-0.2930148408313256,6.331168553638961,6.6240268268777855,0.000951230611573374
2013-05-03,0.002180012727914533,2.9349174338008504,-0.28974632971299613,6.333137899048573,6.622727661169067,0.0007422337078025794
2013-05-04,0.0017689594583634287,2.934405311940998,-0.28684941374318196,6.335111639888984,6.6218044860396645,0.0006024708667991815
2013-05-05,0.0020665055978958376,2.93423326688384,-0.2841165232941473,6.337970031420392,6.621929987122038,0.0007037788230148057
2013-05-06,0.005131273286993504,2.9342160815460847,-0.28123539124273794,6.343898745823145,6.624977569473381,0.0017457185788390438
2013-05-07,0.008848291199817266,2.9342912883488492,-0.27801214144509495,6.350914220336375,6.628769794188969,0.0030064123568254828
2013-05-08,0.012012278761913154,2.9345164566052477,-0.2742647701131677,6.358050747486797,6.632158950007463,0.004076756020645537
2013-05-09,0.012990300217514204,2.9350949516999774,-0.26991460663139405,6.363957427518901,6.633715466557794,0.004406351617228525
2013-05-10,0.01185270444762401,2.9359287391592375,-0.26507194152448815,6.368496284315178,6.633411658247164,0.004020889836772029
2013-05-11,0.009714004579965303,2.936804838645403,-0.25974326763283967,6.372562357825332,6.632149057865671,0.0032967732761321816
2013-05-12,0.007699737871593155,2.9377466013117313,-0.25395251839547783,6.377280603020651,6.631076553823627,0.002614115819787109
2013-05-13,0.005943598928536171,2.938496469874574,-0.2477791474445902,6.382447703591325,6.630070283443413,0.002018583767932554
2013-05-14,0.0044071930610012685,2.9392017204283105,-0.24130272645251227,6.388092969269604,6.629239128129615,0.0014972074044228398
2013-05-15,0.0031320710709946556,2.939909739146298,-0.2346271581227365,6.3942014343273605,6.628672024857595,0.0010642292135032245
2013-05-16,0.002141007118137261,2.9403964254760866,-0.2278028439830595,6.400521370843968,6.628167647234527,0.0007276057372869812
2013-05-17,0.0021963382553038466,2.9408034826850544,-0.22098734171088294,6.40779926146228,6.628630035580661,0.0007462923509801861
2013-05-18,0.005630887304934821,2.9411800542576594,-0.2142560444028426,6.418341679392556,6.632441156202897,0.0019108410470163896
2013-05-19,0.01238823321188073,2.941566634615083,-0.20758538531053283,6.432156264749235,6.639585082467266,0.0041937787698814654
2013-05-20,0.02622752719651355,2.9419553785185553,-0.20095359710438046,6.453016090843493,6.653813120355371,0.008836223383004438
2013-05-21,0.036474532763728744,2.9423455138390215,-0.19446620838212705,6.470140620453428,6.6644502612430525,0.012244624446289326
2013-05-22,0.03814897523454355,2.9427384575672577,-0.18816893958271472,6.478505275451891,6.666517647442104,0.012797858387656893
2013-05-23,0.033797723386669185,2.943187607162923,-0.182066523968108,6.480705588814288,6.662615545189895,0.011353002999322695
2013-05-24,0.027555005293147288,2.943454599943341,-0.17610923822910596,6.480687149240186,6.656639819876791,0.009274626795073572
2013-05-25,0.022403129411744205,2.943756152233245,-0.1702166663998964,6.481729397477897,6.651789496285292,0.007552908419442584
2013-05-26,0.02361029073714736,2.944070673997688,-0.16436355690426843,6.489104190063371,6.653311179375137,0.007955804892004946
2013-05-27,0.029835647138587596,2.944309753282959,-0.1586012246954389,6.501330957958912,6.659775615061849,0.010031670655496124
2013-05-28,0.033193969241427895,2.94425788053918,-0.15292759319247676,6.5103110388209355,6.6630820644209106,0.011148448712570709
2013-05-29,0.031285400507855186,2.944031683481807,-0.14732484968422324,6.513779016538243,6.660947298629965,0.010514980294437716
2013-05-30,0.026061115042847097,2.9437192007035877,-0.14182752484326303,6.513739573135975,6.655410530386737,0.008775435309024467
2013-05-31,0.01987717315010308,2.9433488783294064,-0.13643019331559866,6.512582640396715,6.648856266119813,0.006707950323323664
2013-06-01,0.014213383716799187,2.9429336239767503,-0.1312279341269822,6.511705855799371,6.6427772223338515,0.004806451515538631
2013-06-02,0.009639522935279601,2.942481474890819,-0.12624500406512448,6.511662775993778,6.6377512124664015,0.003265287209561537
2013-06-03,0.006310339766303622,2.9419980315901255,-0.12146788632183315,6.5126272672673995,6.633938585996732,0.0021403255601110754
2013-06-04,0.009125667306025369,2.9417222923939246,-0.116884608931235,6.519750133001519,6.636478174340253,0.003092557607391365
2013-06-05,0.03269600363561549,2.941598325021558,-0.11248449614722786,6.54759661474275,6.6599245432974765,0.010992860834447745
2013-06-06,0.056628815510390985,2.941796544380199,-0.10825796294974854,6.575954179173646,6.684055574530893,0.018886184818173134
2013-06-07,0.06648598174595964,2.942110854942072,-0.10419634516514882,6.590187273755687,6.694227051328334,0.02209866770289825
2013-06-08,0.06333091436374642,2.942493973506911,-0.10029175899409984,6.591319911109362,6.69145510251096,0.02106939583184115
2013-06-09,0.053186479064606454,2.9429304771104845,-0.09653698481898955,6.5853667535889056,6.6817471708153935,0.017751803365014657
2013-06-10,0.044725037206929955,2.9434625518936155,-0.09292537105301206,6.581049000280338,6.673817803740848,0.014967278951985855
2013-06-11,0.05023266938538227,2.9438442377137077,-0.08945075452862046,6.590412934803274,6.679707121739392,0.0167773477248625
2013-06-12,0.06536521157859669,2.9443911623709815,-0.08610739453090109,6.609435761651481,6.695386588589881,0.02171777494828282
2013-06-13,0.0740108447860928,2.945173112617082,-0.08288991808416754,6.622080821551812,6.704814172043477,0.0245135261150997
2013-06-14,0.0707683243994226,2.946064142110495,-0.0797932745158611,6.622825974226861,6.70246268115022,0.023457823788701246
2013-06-15,0.05959221413294321,2.9470237502322365,-0.07681269766579797,6.6155900489321855,6.692246179005482,0.019820361110044718
2013-06-16,0.04887778721115834,2.948037922339831,-0.0739436743933565,6.608758817390437,6.682545924191292,0.01630936334158074
2013-06-17,0.050324859049569286,2.949072427404811,-0.0711819182705393,6.614002150416645,6.685027501094682,0.016778323857543676
2013-06-18,0.05289835624616653,2.9501369993416793,-0.06852334754354207,6.620298790277108,6.688665570228149,0.017614962856743206
2013-06-19,0.04998038910499474,2.9512327893107626,-0.06596406660639736,6.621035894042164,6.68684339305606,0.016653395188467673
2013-06-20,0.044154923392996065,2.9523581069450793,-0.06350035036335921,6.61879946220752,6.682143244978378,0.01473543513609029
2013-06-21,0.03735262255317146,2.9535111561637417,-0.061128630966679004,6.615521929983038,6.676493993357216,0.012488907993394409
2013-06-22,0.030030788214472814,2.9549512066195462,-0.05884548650728813,6.611923290559535,6.670612209474322,0.010060626250491901
2013-06-23,0.02342573258830942,2.9564457787317306,-0.056647631310939514,6.609010662241905,6.665501725960343,0.00786132304675518
2013-06-24,0.01957894663322185,2.957960727741421,-0.05453190755434007,6.608794549053107,6.663169889014945,0.006575545172990488
2013-06-25,0.016701791144926797,2.9592759026835007,-0.05249527796687705,6.6092691980943545,6.66160790846873,0.0056122030684446714
2013-06-26,0.013469734213118586,2.9605294418909396,-0.05053481942574157,6.60925113891112,6.65962939074436,0.004529165415157899
2013-06-27,0.010233559787329722,2.9618447597596376,-0.0486477172869477,6.609217384492824,6.65770853418727,0.0034432335514259327
2013-06-28,0.0077014640143364095,2.96344848866035,-0.046831260323376395,6.610105474584114,6.656780167314989,0.002592081899940258
2013-06-29,0.006651270953102333,2.9653862342746713,-0.045082836164511614,6.612741451296066,6.657667719868076,0.0022379498715621314
2013-06-30,0.006045493681059169,2.967559947033814,-0.043399927151883066,6.6159922957957935,6.659235655355175,0.0020330517284787436
2013-07-01,0.00519205267078674,2.969605033124966,-0.041780106540133526,6.618803761488424,6.660427300436055,0.0017453468324202944
2013-07-02,0.0039770655743330855,2.9713769146468874,-0.04022103498666936,6.620919727467355,6.660984194861523,0.001336669720904061
2013-07-03,0.0029890031338186927,2.9730643822517604,-0.0387204572835443,6.623119710334839,6.6616836000258814,0.0010043513159060605
2013-07-04,0.0021208558686857024,2.974985626864615,-0.03727619929396143,6.625617065672143,6.662736697373603,0.0007123883142864715
2013-07-05,0.0014115081101635854,2.9770037178373006,-0.035886165062950254,6.628315843117319,6.664045440587767,0.0004739124679013049
2013-07-06,0.0009211767268421863,2.979073632040464,-0.03454833407757124,6.631233256922538,6.665625023407609,0.00030912024548903055
2013-07-07,0.0005821393019555877,2.9813409785765543,-0.033260758656773345,6.634449141454541,6.667553332518812,0.00019522277367424245
2013-07-08,0.00036191280062946544,2.9837347610021823,-0.032021561454874926,6.637861894580741,6.6697268884431145,0.00012128052144110278
2013-07-09,0.00019362102312266337,2.9862308298454696,-0.030828933065755123,6.641382300035641,6.672054665508895,6.483372551626052e-05
2013-07-10,0.009109720477159319,2.988797085827094,-0.029681129717381936,6.654012458819675,6.683537020944556,0.003038693683873903
2013-07-11,0.05786629186059111,2.991315639615067,-0.028576471048323535,6.706392242660138,6.73481214611596,0.018977644876895423
2013-07-12,0.1282810675497351,2.993684061221026,-0.02751333795952902,6.780238573044036,6.807595343411064,0.041089846381546336
2013-07-13,0.17716619253941518,2.9959580133572925,-0.0264807193933209,6.832430268736191,6.858754420537011,0.055833362025407694
2013-07-14,0.2022883513640862,2.998175905949592,-0.025488747940939194,6.860762291605543,6.886094471953981,0.06320593985757482
2013-07-15,0.2032335146131984,3.000372935673062,-0.024531423030904425,6.8648618094881595,6.889236664926563,0.06343897659309505
2013-07-16,0.18281286217262402,3.0025618618915657,-0.023615691848856285,6.847545814448138,6.871004938704493,0.057391320647943986
2013-07-17,0.1497101584831347,3.00448735123558,-0.02272860851670507,6.817255683434814,6.839827724359017,0.047463786913104745
2013-07-18,0.11365863553428489,3.0060444842161917,-0.02187468410768574,6.783615217875595,6.805333334390779,0.036432516547720624
2013-07-19,0.08131528761963829,3.0073623650397656,-0.021063314210588137,6.75340112068162,6.774307867299706,0.02632689350072658
2013-07-20,0.05552337853892811,3.0085559593975884,-0.020275891006614307,6.7295902291627065,6.749709552576819,0.01812073788413062
2013-07-21,0.03652803017385118,3.0096652525233036,-0.019513672142977622,6.712466392786981,6.731823497337457,0.011991369812721996
2013-07-22,0.023317828379963688,3.010708678597867,-0.018780275290366914,6.701033013920268,6.719656721618133,0.007685439901838692
2013-07-23,0.014520226796041091,3.011436953951805,-0.018078131725689575,6.693665831254961,6.711587395388149,0.004798556598362872
2013-07-24,0.009205588561363623,3.012010978282388,-0.017405426971734233,6.689597922104822,6.706846781484055,0.003046980697242982
2013-07-25,0.007291244111769968,3.012489411812397,-0.016753915083715543,6.6888135230732555,6.705410870564469,0.002414494608231263
2013-07-26,0.006140982847004321,3.0127356351055816,-0.016122451135926984,6.688540949049463,6.704506832592889,0.002034194710206196
2013-07-27,0.005177060155379883,3.01282706228477,-0.015516101020155142,6.688274803652799,6.7036343370804525,0.0017153920092044372
2013-07-28,0.004314807640301409,3.013053587405689,-0.014933924065656754,6.688221253213138,6.7029986096862935,0.0014299903344204155
2013-07-29,0.0031311339191061054,3.0135592658200356,-0.01437224046067949,6.688104941511266,6.7023206143794445,0.0010379367797825258
2013-07-30,0.0022393182067296344,3.0142336273157118,-0.01383416193718003,6.688425565818065,6.7021031601627445,0.0007423630999421389
2013-07-31,0.001542372103906417,3.0152334722393626,-0.013310598102262617,6.689252028473811,6.702406058983572,0.0005112650669086025
2013-08-01,0.0010332325984966713,3.0166348491674726,-0.012810190858921143,6.690644673139852,6.703298296406272,0.0003423943821853374
2013-08-02,0.0009301366064231393,3.018350570529197,-0.012326483902274829,6.692741005466149,6.704910921775923,0.00030806562775859164
2013-08-03,0.0021696707530217594,3.0202297802140206,-0.011864622808723638,6.696321610391123,6.708029665607345,0.0007178636670038948
2013-08-04,0.007489132518164991,3.02214053675103,-0.011428197544615921,6.703988253957384,6.715259883909498,0.002471963023774953
2013-08-05,0.023660437059926896,3.02410515538082,-0.011008074701996573,6.722544299971554,6.733395807081049,0.007763207616297969
2013-08-06,0.03748945274502127,3.0261247720142994,-0.010598425573396662,6.738802581418728,6.749244439399623,0.012237001787640697
2013-08-07,0.04146334834557314,3.0281937590582766,-0.01020926200072762,6.745234627635926,6.755287322044152,0.01350748532973463
2013-08-08,0.037680330585088545,3.0303069826733418,-0.009832479556288054,6.743941615934947,6.753617527898733,0.01228177522842141
2013-08-09,0.0303078499810676,3.0324601366445303,-0.009467914970866517,6.739086853887535,6.7483982012659,0.009895574889581907
2013-08-10,0.023346236687427146,3.0346496335809716,-0.009120878117201464,6.734661774384001,6.743626084908701,0.007634489279208235
2013-08-11,0.022325063225753516,3.0369768320194663,-0.008777783528675857,6.736310893949348,6.744932109885522,0.00729743712461043
2013-08-12,0.028589684785203212,3.039378089709301,-0.008443166481296442,6.7453113902460125,6.753597989134807,0.009318769585157656
2013-08-13,0.03313594245868324,3.041830198205437,-0.008125486963547594,6.752627435933377,6.760596355304423,0.010776034903436905
2013-08-14,0.032153900359017086,3.0443251918442007,-0.007828326083835772,6.754437548352186,6.76210930684352,0.010451525719939184
2013-08-15,0.027308634845636018,3.046858191690332,-0.00753410684556217,6.75241950192321,6.75979704117627,0.008883263787088591
2013-08-16,0.02110917265537614,3.0491647619174427,-0.007250137269530409,6.748810579536093,6.755904149213121,0.006875338521972358
2013-08-17,0.018907976918381,3.0511339598963354,-0.006974994703323862,6.748853724344197,6.755672151455019,0.006158866004937619
2013-08-18,0.03266506322970945,3.0527339802041125,-0.006720484862803039,6.764465340803824,6.771029258074124,0.010586981706377802
2013-08-19,0.051994983135116614,3.053907174204626,-0.00646557319101353,6.785223366381533,6.791532371980045,0.016740702218273094
2013-08-20,0.06408885478372911,3.054692497958645,-0.006222810817118945,6.79834532415806,6.804411567382677,0.02054932601394938
2013-08-21,0.06460855750655803,3.055222613999254,-0.005983611835822053,6.799634341902794,6.805461386146115,0.020708991594367003
2013-08-22,0.057043016292272375,3.055855637563974,-0.005749114626189614,6.792936321462861,6.798528868496549,0.018324726448002964
2013-08-23,0.04743560478662882,3.0565038742713693,-0.005529133766219936,6.784197127524582,6.789569693698301,0.015282387142749591
2013-08-24,0.03753940384101383,3.057120288311053,-0.005316520459722768,6.775129953925148,6.780289906792369,0.012130381875658978
2013-08-25,0.028158158240598193,3.0576985123017444,-0.005112154820871541,6.766531297954275,6.771486885182645,0.009124908006712238
2013-08-26,0.02006101164814173,3.058239320609526,-0.0049264124326389635,6.759160702057833,6.763930546897971,0.006516911763911194
2013-08-27,0.013652202074279128,3.058744784253374,-0.004737469026566906,6.75344629953389,6.758027200967955,0.004443501974201976
2013-08-28,0.009030707674105142,3.0594781227949057,-0.004565531510846178,6.749730081190968,6.754139045109314,0.0029430280872696168
2013-08-29,0.006147494162056443,3.0605497537627753,-0.004399932054711579,6.748084098102924,6.752327462565134,0.002004597671392675
2013-08-30,0.0068369066442100996,3.0616520840761305,-0.004234094095699704,6.750041678857445,6.754119205360643,0.0022281020609446955
2013-08-31,0.013159440432694104,3.0627803387144374,-0.004071711764753198,6.757654849615182,6.761569993787434,0.00427818532791394
2013-09-01,0.020492599431618852,3.063933987802327,-0.0039150196778424,6.766298349788908,6.770056801874249,0.006643892747013382
2013-09-02,0.023790049638004986,3.0651074365767226,-0.0037636128273467,6.770920655620184,6.77452770085503,0.0077017931945544665
2013-09-03,0.022794651620430276,3.066296551509492,-0.003617874719552459,6.7712601106431745,6.774721417770225,0.007379080163555652
2013-09-04,0.020783045587839617,3.0677592602206305,-0.003477877153782282,6.770851210887492,6.774172520448772,0.006729079135083875
2013-09-05,0.025654394887689995,3.0696015467475264,-0.003344135308681493,6.777698588559339,6.780886156275519,0.008288295175402147
2013-09-06,0.03590305607329546,3.0718512927456327,-0.0032187634376192064,6.790322367614113,6.793384563459231,0.011552732952313322
2013-09-07,0.04153497790848194,3.0743020282969815,-0.003093590738538649,6.798530197699729,6.801467220845766,0.013330279416337049
2013-09-08,0.03979939868834519,3.0768300260265224,-0.002972855912103605,6.799443351035569,6.802259639355171,0.012770013134296945
2013-09-09,0.033419996607001755,3.0794903621020633,-0.002855853017959766,6.79584128792391,6.798540573349367,0.010735932858940771
2013-09-10,0.025602877757926207,3.0819854430442986,-0.002743593045987937,6.790631509989041,6.793218535442527,0.008238825453983177
2013-09-11,0.018356925762915186,3.0844229770363514,-0.0026352331969165445,6.785931451835154,6.788410117439569,0.005916283570856551
2013-09-12,0.012698165061417323,3.0868608790480048,-0.0025301985011613195,6.782815627841065,6.785189258749725,0.004096765017446477
2013-09-13,0.00921277623529164,3.0893123991008142,-0.0024293924434309346,6.781882565125479,6.784155389976409,0.002973277838316193
2013-09-14,0.007385883687817082,3.0917814997329587,-0.0023323849002504678,6.782621780753329,6.784797598061078,0.002383183214733225
2013-09-15,0.007633978811445475,3.0942695545411487,-0.002248488851793714,6.785441826733605,6.787533747992897,0.0024610626118325898
2013-09-16,0.008064279000231163,3.0966203189033945,-0.0021676552186812663,6.788303724917748,6.790314812543928,0.0025974551507346034
2013-09-17,0.007559538805533719,3.09892524154636,-0.002087051762250503,6.7901845108224475,6.792114994992197,0.00243347041432387
2013-09-18,0.006326736469780431,3.1013719819703596,-0.002006142735405083,6.791479357937539,6.793328933080442,0.0020358268426213582
2013-09-19,0.004855402546828858,3.103903566940732,-0.0019247631852481243,6.792620988535116,6.794389184127864,0.0015618459309597777
2013-09-20,0.003494736758982112,3.10647744225873,-0.0018466826620591131,6.793912278588458,6.795602393658015,0.001123719621210865
2013-09-21,0.0036310400837032955,3.1090817254553453,-0.0017708785104645765,6.796728669261388,6.798342980179351,0.0011665194822672578
2013-09-22,0.007588927938174165,3.111972557567408,-0.0016990705755710526,6.803649197162815,6.805191700145885,0.0024326906116242937
2013-09-23,0.012107948214527896,3.114994375543541,-0.0016290726140666975,6.811260033376806,6.812732538398372,0.003871938606721664
2013-09-24,0.01749376601518686,3.1178317436916014,-0.0015614551479110085,6.819550836791681,6.82095572434709,0.0055795693177716835
2013-09-25,0.03659752023647056,3.1203858910483078,-0.001498692528371188,6.841271500989211,6.842613625925081,0.011592560197070117
2013-09-26,0.06589020274958504,3.1228375652807308,-0.0014353737111412897,6.873079176551979,6.8743579826706185,0.020663476954724664
2013-09-27,0.08331791211200594,3.1252170132553987,-0.0013756867124176217,6.892946020887791,6.894165140007708,0.02596758771527641
2013-09-28,0.08280767101260235,3.1274262921685145,-0.0013172720718863844,6.894703473342034,6.895864177821419,0.02579490216673982
2013-09-29,0.07083934812079869,3.129555939726059,-0.0012639034201177202,6.884918166659544,6.88602550248716,0.022134562061693806
2013-09-30,0.05483652330663013,3.131691361709061,-0.0012131172784498022,6.871101549970045,6.8721580996559934,0.017208863466876615
2013-10-01,0.04011684411221743,3.1338140235073357,-0.001161202694662062,6.858556447157695,6.859561082259855,0.012639482643270377
2013-10-02,0.030116247824270928,3.1360509729430914,-0.0011113560087164002,6.85084264699145,6.851797435407665,0.009511894263428026
2013-10-03,0.02307880213040442,3.138327620654833,-0.0010631135670579122,6.846130091450984,6.84703663742554,0.007300169305682537
2013-10-04,0.017343806412006234,3.140619581575688,-0.0010199057434438202,6.842730264477055,6.8435936026279975,0.005492085968437395
2013-10-05,0.012565799607923046,3.1428165423563317,-0.0009766075245609335,6.840192516672498,6.841012556604557,0.003982338191098807
2013-10-06,0.0087525064820194,3.1447160218764063,-0.0009333009622414204,6.838322009628989,6.839098742998728,0.002775517308420902
2013-10-07,0.005841988499557132,3.1463337983344495,-0.0008934092375239396,6.837069159829287,6.837806001474309,0.001853319387820287
2013-10-08,0.004061480567930015,3.147819291776534,-0.0008544315453120153,6.836813123031956,6.837510986984767,0.0012885895315478456
2013-10-09,0.0039902009667777995,3.1494828245400863,-0.000816005402224948,6.838443802337443,6.839103240147167,0.0012653353729374127
2013-10-10,0.004418202350057211,3.1512688099419077,-0.0007810894196687896,6.8406927051051,6.841317226932268,0.0014000762220231357
2013-10-11,0.004986969136636617,3.152829112071545,-0.0007468371617750313,6.842856026279211,6.843446295848484,0.0015792462285291171
2013-10-12,0.007084017581966245,3.1542930835373957,-0.000715082128113796,6.846448801224053,6.847007315759665,0.0022408011937133272
2013-10-13,0.008560584995682135,3.155967140127856,-0.000682502152717031,6.849632005203626,6.850157939763841,0.0027051698513236894
2013-10-14,0.008459617656779703,3.1577104729308227,-0.0006485755007927619,6.851308297319614,6.851800305227905,0.002671877193814847
2013-10-15,0.008213985983065738,3.159476872778062,-0.0006214711143196269,6.852856169879612,6.85332107340143,0.002593051642128423
2013-10-16,0.011093490381272568,3.1612553314062843,-0.0005912769741137525,6.857544327046247,6.85797903642786,0.003496932715936831
2013-10-17,0.013593955723035692,3.1630408420159464,-0.0005639509251686869,6.861857629046618,6.862265012379284,0.004279357429664687
2013-10-18,0.013671642786201492,3.1648306522992122,-0.0005370854149384694,6.863751991903279,6.864132509725716,0.004301284541257222
2013-10-19,0.011869000570200957,3.166727459326013,-0.0005116279392662293,6.863871614189752,6.864226674536517,0.0037340381894808055
2013-10-20,0.009308248292180124,3.1686690938831115,-0.0004874162182960641,6.863276708189799,6.8636075568155945,0.0029289851027725477
2013-10-21,0.0067892051247842805,3.1705033473107536,-0.00046325668687498636,6.862616077981467,6.86292276707584,0.002136789424562132
2013-10-22,0.004692333537913475,3.172300006089087,-0.00044229415369741615,6.862336827706107,6.862622554267303,0.0014769735134030526
2013-10-23,0.004072138757661984,3.1740817654463376,-0.0004199646697396922,6.863520721767064,6.863784118844302,0.0012812906109661455
2013-10-24,0.007438334213111927,3.1758539055762767,-0.0003983953150056696,6.868680626707187,6.868922454429692,0.0023366796551497447
2013-10-25,0.010770401776121203,3.1776188281114317,-0.0003769211281669339,6.87379909099219,6.874019444527855,0.003378007200363379
2013-10-26,0.011632676702789167,3.179456162511153,-0.00035648955722269234,6.876519131889523,6.876719053854245,0.0036453628491441917
2013-10-27,0.01044845072486478,3.181320954662745,-0.00034386292708120207,6.877212324693332,6.877399620027912,0.0032735606485945114
2013-10-28,0.008378513465958566,3.182937114198021,-0.00033168913563878116,6.8767707207611455,6.876945842304282,0.00262541047125808
2013-10-29,0.0061993353796635795,3.184531526937053,-0.0003199517104817666,6.876197692839039,6.87636107695702,0.0019429201794733588
2013-10-30,0.0043273344919096055,3.186108846661803,-0.0003044002799285143,6.8759185631065876,6.876066395794015,0.0013563457302395476
2013-10-31,0.0028413896458658297,3.1874062911749923,-0.0002882971275864196,6.875746165926076,6.87587789546116,0.00089064860479257
2013-11-01,0.0024487372537912093,3.18831829927654,-0.00027252414916846063,6.8762812946139675,6.8763972511706335,0.0007674447008371968
2013-11-02,0.004713759975004557,3.1893131482555455,-0.00025692179678005753,6.879556768666574,6.879657122870853,0.001475804716252663
2013-11-03,0.0072729157475684625,3.190307423387901,-0.00024191463717132536,6.883125206731102,6.883210553775772,0.0022745060252449645
2013-11-04,0.008215729498822938,3.1912730391435162,-0.00022801406571500935,6.885047536809428,6.885118983282641,0.002567825703701149
2013-11-05,0.007619226621778068,3.1922089899796333,-0.00021505276996714267,6.885399946064249,6.885458431241714,0.0023811361441991937
2013-11-06,0.0072774120182444975,3.1931167583309787,-0.00020193193250543306,6.885979020649522,6.8860243849895255,0.002273911159340224
2013-11-07,0.011061905877238641,3.1938416314557205,-0.00018900747410820177,6.890501312091655,6.890533751973262,0.0034515565752235035
2013-11-08,0.016129310744058347,3.1944770094881885,-0.00017704683413274946,6.8962160556309176,6.89623653487255,0.00502375848524823
2013-11-09,0.01839204507669209,3.1950560205658993,-0.00016747687810411178,6.899067370997292,6.899078280282894,0.005723461123686852
2013-11-10,0.017302718166575366,3.1958501180525625,-0.00015443065431785833,6.898785187797625,6.898783050859441,0.005384965810383044
2013-11-11,0.014320364526133736,3.196712681034566,-0.0001437687193694369,6.896676059074134,6.896663260201002,0.004459737512179094
2013-11-12,0.010938107182604627,3.1975953690425514,-0.00013479117767986062,6.8941854672802805,6.894163690865458,0.003409067495681337
2013-11-13,0.00821024888647116,3.198486181973938,-0.0001300384545463274,6.892353174638667,6.892326645500711,0.0025603449105621187
2013-11-14,0.006094823961043728,3.199301316596162,-0.0001236079674504815,6.891059314822559,6.891026355197509,0.0019014261245052359
2013-11-15,0.004402433476556739,3.2000574574551206,-0.00011925288835778447,6.890127420276124,6.89009010557198,0.001373845710790519
2013-11-16,0.00307474116444185,3.2007838089439336,-0.00011199993011147364,6.889533332411068,6.889488764748679,0.0009596994113044853
2013-11-17,0.002046070757346354,3.2013324587430785,-0.00010395219594249786,6.889061359537287,6.889008744140727,0.0006387227542745141
2013-11-18,0.0013396406797384713,3.2017982081547673,-0.00010029292941316059,6.888824338137896,6.888768063474808,0.0004182276077271895
2013-11-19,0.0008570208345475532,3.2023970654895515,-9.347599090359736e-05,6.888947392565999,6.888884300964402,0.00026754694178226406
2013-11-20,0.0005356561831973555,3.2030585749008518,-8.584236442480134e-05,6.889295170952428,6.889224445724352,0.00016720475333609818
2013-11-21,0.00032815165494885984,3.2034755328459004,-7.859575177377682e-05,6.889511870981879,6.889433899141151,0.00010242564378596927
2013-11-22,0.0001440406564371618,3.203788616367139,-7.130762000356543e-05,6.889648131636377,6.889562871663879,4.495745443381892e-05
2013-11-23,6.454034104088657e-05,3.20404601094403,-6.557850559678021e-05,6.889831755012278,6.8897407659253735,2.0142981962654633e-05
2013-11-24,3.8905058023304485e-05,3.2045215814706087,-5.8647257033830285e-05,6.890288621504402,6.890190701168935,1.214052853327438e-05
2013-11-25,2.307520987120726e-05,3.205199834346083,-5.658580009736742e-05,6.890953105988661,6.890853124196257,7.199252757869517e-06
2013-11-26,0.0014104693629187178,3.2059561965563104,-5.4597623983927e-05,6.893098850528049,6.892996880559531,0.00043975931342869344
2013-11-27,0.010735591394294091,3.2067523182815347,-5.048810688672142e-05,6.903224203801746,6.903118124316132,0.0033366376799767784
2013-11-28,0.03541056361898447,3.2075749282653785,-4.487636749647411e-05,6.928727397749671,6.928615706524665,0.010919124895131391
2013-11-29,0.07578612757897961,3.2081558469866365,-4.330094075175609e-05,6.969685455857668,6.969572189205919,0.02307779131481281
2013-11-30,0.10255174353114062,3.2086692949369633,-4.178143601225034e-05,6.996966039264896,6.996851253108407,0.030970974857838222
2013-12-01,0.10523509689245313,3.20914938794143,-4.0315843024821076e-05,7.000130951223662,7.000014699474185,0.0317510226631801
2013-12-02,0.09164871951257479,3.2096037488936178,-3.681105874261542e-05,6.9870024395802535,6.986882683046495,0.0277618026460187
2013-12-03,0.07178150243152852,3.2100371786710364,-3.706097814756036e-05,6.967568402357221,6.9674488957428675,0.021872476637683314
2013-12-04,0.05222699531177087,3.2104526470865626,-0.00014210543238419042,6.948324319198754,6.948309857038636,0.016007393013118446
2013-12-05,0.03713726463324341,3.21085216461404,-0.0007002130607067376,6.9330759984193815,6.933619643887586,0.011433924106658782
2013-12-06,0.03113559201677246,3.211237188233692,-0.0022062034114005862,6.925953359071867,6.928002994890766,0.00960271817183443
2013-12-07,0.031478243151099636,3.211608829684313,-0.005004156056764647,6.923869699011451,6.928717287475715,0.009706259019304834
2013-12-08,0.03103574658660911,3.211785324887684,-0.009049403366583397,6.919558450340514,6.928451286114596,0.009570600999116871
2013-12-09,0.027626207614782024,3.2118482086281896,-0.014022081520504008,6.911239116955272,6.925104630883274,0.008527990675358359
2013-12-10,0.022690506379470995,3.211850142338517,-0.01969925275216449,6.900628178198628,6.92017086335829,0.0070150629853622
2013-12-11,0.01746045568349521,3.2118075213360964,-0.026003143150893204,6.8890516161015025,6.914898191659894,0.0054069392220617435
2013-12-12,0.012629193589557589,3.2117279524839684,-0.03281994907369671,6.877323979232633,6.909987360713829,0.0039168097755352075
2013-12-13,0.008631956521921915,3.2113553043501497,-0.04002468009135831,6.865749363013517,6.905617475512374,0.00268074244479592
2013-12-14,0.005493353671400502,3.210976147293141,-0.04760893285299099,6.854647350344354,6.9020997156048445,0.0017078830281938562
2013-12-15,0.0035860516265015133,3.2108301555924172,-0.05566105975508384,6.844541929696639,6.900046421859221,0.0011156152144977298
2013-12-16,0.0024495945489532256,3.211016464341599,-0.06430164941790073,6.834951191705455,6.899096273530855,0.0007622904689396183
2013-12-17,0.004322044271043161,3.2113319386647072,-0.07361023768706741,6.8278305274814866,6.901284197576053,0.0013440638495244208
2013-12-18,0.013498578027012409,3.211711359114868,-0.08353503724739954,6.827461682127284,6.910840151782183,0.004185333138026541
2013-12-19,0.021556747742516088,3.212107645686923,-0.09377295991615675,6.825678215746087,6.919294608069742,0.006666352818281873
2013-12-20,0.023874692113541724,3.212524830455434,-0.10388165037675583,6.818304654425024,6.922029737209279,0.0073769298095157825
2013-12-21,0.021635121083641903,3.2129611242418377,-0.11360299535297784,6.806780032205306,6.920226459965782,0.006688662028501452
2013-12-22,0.01737260408113067,3.2134132246232525,-0.12295625633992634,6.793616354597261,6.916416043344686,0.005377206971375589
2013-12-23,0.012886405838900345,3.214139367635778,-0.13211066881611694,6.780701886891365,6.912655988114981,0.003993276392405442
2013-12-24,0.00900746388947614,3.215245632230122,-0.14131741973151937,6.768722458620883,6.9098833107599,0.0027936590648906133
2013-12-25,0.006016881498296335,3.2165250591165044,-0.15084557915067637,6.757483143696929,6.908172155255103,0.0018671227897652826
2013-12-26,0.003885195397660921,3.217908562889914,-0.16082594374437928,6.746754596776,6.9074239729278775,0.0012059106476529872
2013-12-27,0.003138348910813715,3.219397892812015,-0.17120557073048998,6.737117453225142,6.908166456363132,0.0009738754432551841
2013-12-28,0.005464621109154608,3.220963673132678,-0.18179236656302908,6.730422709911608,6.912058508882135,0.0016937060460656297
2013-12-29,0.00827245142013659,3.2225911501891575,-0.19235144685860606,6.724298936983493,6.916493816249597,0.0025604458869808305
2013-12-30,0.010923742102983977,3.2242718630776945,-0.20260657443756575,6.718375812975917,6.9208258198209816,0.0033765321903538844
2013-12-31,0.011933831008221804,3.2259996580972494,-0.21228034658713846,6.7114399247511365,6.923563703745774,0.0036856319156570163
2014-01-01,0.011024088180827195,3.2277697495872792,-0.2211172616825171,6.703463358318393,6.924424052408408,0.0034037634789449993
2014-01-02,0.008955396719947693,3.2293173456710775,-0.22877001744243586,6.695289507181394,6.923902957031328,0.0027654856253199185
2014-01-03,0.006777783370256202,3.230583216895012,-0.23542572546607746,6.687722057031994,6.92299121490557,0.002093613708727829
2014-01-04,0.004816856588265091,3.2317393667796077,-0.2416138244342188,6.680729181166458,6.9221864380081755,0.0014882660012168118
2014-01-05,0.003264373956141629,3.232840665331258,-0.24804634265787215,6.673845478862331,6.921735253927702,0.001008735475675553
2014-01-06,0.0021318252499202346,3.233905264014994,-0.25515069483228364,6.666673176665435,6.921667303905217,0.0006587765192779332
2014-01-07,0.0013515782447386909,3.234942933917985,-0.2629633317155606,6.659117962679968,6.921924726803026,0.0004176314113746927
2014-01-08,0.0008364182778111002,3.235959777460945,-0.2715940190525313,6.650988958919029,6.9224264103790585,0.00025840931193389476
2014-01-09,0.0005946141152720039,3.2369599336842874,-0.2813045277439565,6.642036802288407,6.9231847624398615,0.00018366149712477898
2014-01-10,0.0007983720492040942,3.2379463656756724,-0.2919930274905152,6.632538492467165,6.924374952365179,0.00024650662952984905
2014-01-11,0.0010445137078445514,3.2386603538727994,-0.3033633456484278,6.62212830416502,6.925335082220947,0.0003224101424475052
2014-01-12,0.0010562089484739661,3.238995382311647,-0.31493970673325283,6.610898666759672,6.925681805900423,0.00032598522545845805
2014-01-13,0.0009499591924948164,3.2391580386131116,-0.3260916890561794,6.599803090982231,6.925738212445909,0.0002931875089158094
2014-01-14,0.000738607832488694,3.2394258333639594,-0.3365061987939078,6.589445024635344,6.925794655836751,0.00022795381095410056
2014-01-15,0.0005500782782543578,3.2396745743273754,-0.3461519028113551,6.579859532027078,6.925854867245932,0.00016976547530801972
2014-01-16,0.00038559302597661706,3.240021833895728,-0.355449431833311,6.570744777321197,6.926037641562007,0.00011899522966558547
2014-01-17,0.0002583081496241782,3.240393670847275,-0.3647688113091649,6.561669949920539,6.926282193637202,7.970869790965151e-05
2014-01-18,0.00016705110328232514,3.240765660293523,-0.3741658127972031,6.552553680832407,6.926562926037108,5.1544144281331904e-05
2014-01-19,0.00010503556272492747,3.2411321206984858,-0.38372682062852276,6.543297117865492,6.926867370901514,3.2406009699730434e-05
2014-01-20,0.0002391618032367931,3.241490802048933,-0.3935472910489518,6.533969455036022,6.9273601784924725,7.377597946270501e-05
2014-01-21,0.0025149183592406785,3.241840742420039,-0.4035596623938784,6.526582780618206,6.929985875419582,0.0007751672819485538
2014-01-22,0.010186246643662255,3.2421293849061197,-0.41350085775726536,6.5246015560253205,6.937945846190084,0.003131998181495177
2014-01-23,0.016725340554117202,3.242126274880446,-0.42303257636160574,6.521605821305761,6.944481830074865,0.005132280486445807
2014-01-24,0.018637959785493156,3.241994724257642,-0.4315005975856136,6.514918868690326,6.946262898683438,0.00571605623555928
2014-01-25,0.01696343534428121,3.2417904800713457,-0.4385994615678575,6.505941236080574,6.94438413005593,0.00520549749523436
2014-01-26,0.014442286288697705,3.241530535121479,-0.44425915152346385,6.497500452119517,6.94160303605048,0.004435628637232507
2014-01-27,0.014585305708761782,3.241250289869332,-0.44905257842166973,6.492569799389228,6.941465810218396,0.004479742689886057
2014-01-28,0.014872263317791234,3.2409405551713406,-0.4533470837831329,6.488252516938803,6.941443033129435,0.004567911040012658
2014-01-29,0.013623826345626701,3.240600450644922,-0.4573511014104427,6.48265995781291,6.939854491630851,0.004186505042678185
2014-01-30,0.01124852677029256,3.240231801767111,-0.46091392919718516,6.476353181573023,6.937110543177706,0.003459509403014727
2014-01-31,0.008649466471901452,3.2398364676050195,-0.46383191866106005,6.470440797648665,6.934116148717223,0.0026626147218825054
2014-02-01,0.00740736243418846,3.2394161257369136,-0.46614851843149097,6.466461751972416,6.932453702811404,0.002281418272713353
2014-02-02,0.009769324268255547,3.2387635199584532,-0.46803973975541413,6.466279886704099,6.934163058867012,0.0030073035233790495
2014-02-03,0.013020929752616357,3.2380021366134177,-0.46948575849894125,6.467324090099897,6.936653281006336,0.004005179134939526
2014-02-04,0.014158150497880762,3.2370447135340106,-0.4701309705928147,6.466858675671881,6.936833078672194,0.004354742256938994
2014-02-05,0.012981293969828205,3.235980787047155,-0.46970054760414665,6.465048315645641,6.934592295657286,0.0039955203065235
2014-02-06,0.010511274136368084,3.2348440050069995,-0.4681465493644295,6.462995512011743,6.93098549378367,0.0032388670060008356
2014-02-07,0.008076888012137467,3.2336990815857387,-0.46580547732720956,6.461757274503471,6.927406184238179,0.0024915009821420073
2014-02-08,0.011816931845446943,3.232784068431382,-0.4631892018496184,6.467198580660015,6.930231214917132,0.003642029280160711
2014-02-09,0.03577933209624224,3.2319411517962586,-0.4609452579837065,6.492562008141599,6.9533506985328035,0.010949324543702094
2014-02-10,0.05949734421494541,3.231118875491277,-0.45906532959345603,6.517337672345571,6.976246434346525,0.01808091258367929
2014-02-11,0.0684397124346529,3.23030375258012,-0.457086709901794,6.527443537345783,6.984373679655075,0.020747206674450024
2014-02-12,0.06445156581372195,3.2294894289510707,-0.45457281631367497,6.525154960683922,6.979571209405096,0.019566703203292863
2014-02-13,0.053800508420269885,3.2289071978960937,-0.4510962807182653,6.517398207830903,6.968337920956666,0.01638906452644279
2014-02-14,0.04131182369945674,3.2284174658868348,-0.4464468558823909,6.509069215936705,6.955359504226594,0.01263463120051868
2014-02-15,0.02978945571687787,3.227945484339814,-0.440675040324955,6.502846681964542,6.943365154696995,0.00914422329164676
2014-02-16,0.020456491714136337,3.227491979858742,-0.43416665140442773,6.499568602401254,6.933578686213181,0.006298280866577267
2014-02-17,0.013480668413081124,3.2270543744584663,-0.4274377925456214,6.49888403255873,6.92616525751185,0.004160013156696324
2014-02-18,0.008627500519126209,3.226655283924907,-0.4211506564119263,6.4999189102649115,6.9209129990843365,0.0026666913200321064
2014-02-19,0.005391396233732299,3.2265115945165177,-0.4158396029507999,6.501850170032254,6.917533205390553,0.001668180093636024
2014-02-20,0.0032980907630176374,3.226556833086607,-0.4119288454903724,6.503712860592056,6.915485138489927,0.0010211265957068695
2014-02-21,0.0019815652781628675,3.2266947784494704,-0.40946903017897096,6.504994095781466,6.914306558367936,0.0006137392129788621
2014-02-22,0.0011723941795871488,3.2268939392530296,-0.4082403753360201,6.505612740329401,6.913696548072919,0.00036318775963332337
2014-02-23,0.0006755677255908511,3.2271409825262736,-0.40797273472205176,6.505630597762616,6.913446764892167,0.00020929557645961542
2014-02-24,0.00012228404570061705,3.2274276856235344,-0.4084003991986386,6.5049363527034005,6.913180184309537,3.7887576288446723e-05
2014-02-25,4.437389396507641e-05,3.227800499056404,-0.40947131241528106,6.504160342767892,6.913475087590672,1.3747220114861665e-05
2014-02-26,2.129868409389473e-05,3.2284333336340656,-0.4113872046008883,6.502854209950075,6.9140848469584615,6.597176209535713e-06
2014-02-27,7.801018742466968e-06,3.229085786567471,-0.4140722467385862,6.500808123080431,6.914723802226517,2.415854025555922e-06
2014-02-28,-6.09175870850566e-18,3.229797266787197,-0.41735812258172056,6.4982259264382805,6.9154274814275,-1.886111791334001e-18
2014-03-01,0.0,3.2305836348784105,-0.42094959852035424,6.49542081859086,6.916213849518713,0.0
2014-03-02,-6.09175870850566e-19,3.2314471828536027,-0.4245567006657131,6.492677264420694,6.917077397493905,-1.8851487781787582e-19
2014-03-03,1.949362786721811e-17,3.2323626667135774,-0.4281926988377687,6.489956750108613,6.9179928813538805,6.030767545969017e-18
2014-03-04,1.3097281223287167e-17,3.23308492709155,-0.4318541185405826,6.487017590783772,6.918715141731853,4.051016759114134e-18
2014-03-05,0.00026193219329385904,3.233746236004354,-0.4355142866409165,6.484280663789535,6.919638382837951,8.099305248194133e-05
2014-03-06,0.0014875963088281851,3.2343901991356114,-0.43897861919254344,6.4826859584847,6.921508010084742,0.00045971955767997954
2014-03-07,0.002600188525646841,3.2350275891277307,-0.44206708873355555,6.481347471152626,6.92325799229368,0.0008031153375918493
2014-03-08,0.0029661618651504,3.2356632892384387,-0.44459571719257635,6.479820516143817,6.924259665743891,0.0009158694781027377
2014-03-09,0.002732862296347728,3.2362738232574326,-0.44636590165712164,6.478427566129463,6.924636900194082,0.0008437346883340824
2014-03-10,0.0022158234974660024,3.236641149451445,-0.44759189656466825,6.477051858617047,6.9244871875892136,0.0006841374954104694
2014-03-11,0.0016502348347630345,3.2368306079394764,-0.44845564366039237,6.475811981346651,6.924111057414542,0.0005095706644197294
2014-03-12,0.0011567790779298025,3.23693737912525,-0.4490982814312012,6.474782659004783,6.923724372843482,0.00035724071673434596
2014-03-13,0.0007749244488724919,3.236992017234752,-0.4496328748837162,6.473920849032712,6.923397156323928,0.00023933916888703997
2014-03-14,0.0005011533098469528,3.237007016483746,-0.45014747398674604,6.473147478039651,6.923138384433896,0.0001547959985160142
2014-03-15,0.0013628354613502453,3.2369898492857954,-0.45068496172052847,6.473454505259421,6.923982899387449,0.00042084219787711513
2014-03-16,0.0061440062584354705,3.236893392993137,-0.45103121947666963,6.477792962007706,6.928667613891875,0.001894522172286198
2014-03-17,0.010517469276657367,3.236490948214264,-0.45105425370277,6.481740946020955,6.932638632131224,0.0032391259659205287
2014-03-18,0.011933873090215175,3.2357919934078594,-0.4505883430075204,6.482924305723358,6.933356081138378,0.0036745321436513706
2014-03-19,0.010971942181445284,3.234919856214241,-0.44950358900428666,6.482174991624204,6.931522013035989,0.0033802550617578423
2014-03-20,0.008886697046091421,3.23391380859075,-0.44786623029807815,6.480721057571568,6.928430720277144,0.002740439021963886
2014-03-21,0.006775560801248118,3.2327879324129807,-0.44590409719689744,6.479446178250136,6.925193707854532,0.0020915042460012243
2014-03-22,0.005968090108663227,3.2315761747152325,-0.44384396311525504,6.479487083941445,6.9231744794641985,0.0018434003122387757
2014-03-23,0.006903929288790146,3.230372641455259,-0.4417756169219856,6.481287736054868,6.9229067853843524,0.0021326349905295117
2014-03-24,0.00794483795329334,3.2291405124718433,-0.439531286408265,6.483340846249676,6.922715565065439,0.0024543183429655076
2014-03-25,0.007903946945680387,3.2278705268893875,-0.436827878308609,6.484733377759262,6.92140468847537,0.0024426754737058545
2014-03-26,0.006884236774315082,3.2265631831025665,-0.43332999508266656,6.485904207027019,6.919077634517184,0.0021290702709423396
2014-03-27,0.005432402681525692,3.225220150898028,-0.42894796926504236,6.4874913665473155,6.916282768219856,0.0016815186998387075
2014-03-28,0.003987009515913693,3.223843290770142,-0.4239680082778962,6.489649074240964,6.913460514926358,0.0012351979952478784
2014-03-29,0.002771038665626312,3.222434407830213,-0.4187689914994522,6.492223237229191,6.910835661136142,0.0008591820619170242
2014-03-30,0.0018465400559472998,3.220995183337063,-0.41373166468141054,6.494896840944404,6.908471938033313,0.0005729539997400993
2014-03-31,0.0011365836882033214,3.219527161206954,-0.4090544835708227,6.4973960435571385,6.90629395953546,0.00035290355598433356
2014-04-01,0.0007162740362638038,3.2180317531132236,-0.4048156487866563,6.499719160595635,6.904378241789789,0.0002225318758169877
2014-04-02,0.0004410070429350833,3.216771173880533,-0.4011115597555023,6.5018874034007705,6.902842395563771,0.00013707738816545718
2014-04-03,0.0006155539172683443,3.215593886100217,-0.3979461711228771,6.504050051127412,6.901839654657788,0.00019139111701164518
2014-04-04,0.0021416629733152373,3.2144484306097336,-0.395259090579644,6.507117785236209,6.9022203082233515,0.0006658178104781699
2014-04-05,0.0035595859429576413,3.21332063725294,-0.3930413577962119,6.50962564763249,6.9025104378362006,0.0011065335654372834
2014-04-06,0.004174205689384313,3.2122033805254246,-0.3909143549816652,6.511250013465947,6.902007800855111,0.001297797157670385
2014-04-07,0.005953009252894194,3.2110923951133277,-0.38861199139180336,6.514220195207223,6.902675619006525,0.001850458574446814
2014-04-08,0.014134018706446545,3.210037067122447,-0.3859705258715811,6.523987342190116,6.909801300469196,0.00438376820900398
2014-04-09,0.02867091275013275,3.209109278592713,-0.3828617994711081,6.540705174104541,6.923410405983148,0.008855114015087508
2014-04-10,0.03897497668451731,3.208262122802631,-0.37917159537083667,6.553852286349116,6.932867314127451,0.01200250412594535
2014-04-11,0.04324980772701751,3.207376959359324,-0.3747237468595166,6.561689802459629,6.936256981726644,0.013305067245780398
2014-04-12,0.04668477380157314,3.206485886640016,-0.36945102035479116,6.569506422319602,6.938800875081892,0.014350545567515999
2014-04-13,0.046030720854889524,3.205598305759773,-0.3634138575258365,6.57400195132163,6.937259241254965,0.014156203084093221
2014-04-14,0.041448877022891024,3.204714730514033,-0.356631105783636,6.575319283986092,6.931793822177227,0.012768573009276323
2014-04-15,0.038261409534406,3.203834727299992,-0.3493867288114386,6.578496190255763,6.9277263514747,0.011801442005283864
2014-04-16,0.035399259903375925,3.202957698178524,-0.3418763324464305,6.582267407868274,6.923987172722203,0.010931240861212266
2014-04-17,0.045178728520505994,3.2020830576914294,-0.3341565443079612,6.598892024136779,6.932892000852238,0.013912869209479055
2014-04-18,0.09909329349377387,3.2012102774972178,-0.32618333291303686,6.659907020310759,6.985933785631294,0.030025508672833642
2014-04-19,0.14788269420349315,3.2003388939009327,-0.31806782782609805,6.715940542511132,7.033851802744728,0.04416753500690974
2014-04-20,0.16155911704343837,3.1994685041108912,-0.30985825993964244,6.736956143447491,7.046657835794632,0.04806836933638517
2014-04-21,0.14652282369739303,3.198442204827912,-0.30166765576517107,6.729084154992938,7.030595243165608,0.04380399270182821
2014-04-22,0.11798776925716978,3.1973513257586106,-0.29355761740189895,6.707568259846686,7.000969309656083,0.03558844687547962
2014-04-23,0.08752363270999197,3.1962271319164337,-0.2856367758740601,6.683900770985169,6.969380979266728,0.02665355533459588
2014-04-24,0.06124903874289252,3.1951306827899835,-0.27805988883726823,6.6641066149284125,6.942009936173179,0.01880893629753374
2014-04-25,0.04144659155593296,3.1942969905451353,-0.27102803565555555,6.650502328678316,6.921373796741371,0.012808985169653155
2014-04-26,0.027330285037188085,3.193826651802384,-0.2646843857091535,6.6422593333632225,6.906787151479875,0.008484617661629086
2014-04-27,0.017554853033005698,3.1934872830202026,-0.25899048478694175,6.637838433499071,6.89667235069351,0.005467026681432127
2014-04-28,0.01109621336166483,3.193226312816292,-0.2538634355550224,6.6362458728557385,6.889952740818259,0.003462889041603481
2014-04-29,0.0068816895830404925,3.1932607284506753,-0.2492543994548761,6.636674800811644,6.885772632674018,0.0021504322883444836
2014-04-30,0.004229268698680258,3.193441625576904,-0.2451523829461548,6.638305293562233,6.883301108915887,0.001322609123487793
2014-05-01,0.0029800198500296395,3.1937140190457036,-0.2415398904647652,6.640940930663772,6.882324253536035,0.0009322192908580824
2014-05-02,0.0023077438187441694,3.194319626509855,-0.23840094513993396,6.6440132074214695,6.882257584968901,0.000721930820015141
2014-05-03,0.0012082744840627973,3.195120359797053,-0.23569347593181864,6.646421940582101,6.881958848921418,0.0003780194786931068
2014-05-04,0.0010237906802499557,3.196223117355492,-0.2333282674424591,6.649705422826087,6.882877122676044,0.00032021007751288465
2014-05-05,0.0008904589046275062,3.197755567663789,-0.23101515578856893,6.653417653012652,6.8842762412087195,0.00027838619754459406
2014-05-06,0.001084848772553734,3.199644458354615,-0.22852800986325808,6.657988079496715,6.886359521767471,0.0003389379945808181
2014-05-07,0.001275397744396744,3.2017666654449894,-0.22578480609910329,6.663044039323086,6.888672277829689,0.0003981832642955628
2014-05-08,0.0015224586299862556,3.2040526050405522,-0.22269786594168467,6.668663979961658,6.891205278310841,0.0004749408763627475
2014-05-09,0.0026607132607334985,3.206472110324312,-0.21921404978585726,6.675705556031993,6.894763038225348,0.000829106617581853
2014-05-10,0.003939697357136513,3.20890299241782,-0.21533273536082922,6.683296736646931,6.898472904415259,0.0012262341289459363
2014-05-11,0.004447509992994579,3.211393620432914,-0.21108833606239677,6.690539576596316,6.901471345066211,0.0013830005316231363
2014-05-12,0.004146081002064459,3.2139813375067003,-0.2065333257149709,6.697380875026598,6.903757633149068,0.0012883520329924334
2014-05-13,0.003408160955743967,3.216596914985151,-0.20169765370625659,6.704094204467443,6.905635290581198,0.001058433410931221
2014-05-14,0.004577538251138434,3.2190014507839306,-0.1965899387430077,6.712775832524866,6.909209203675372,0.0014200173988938463
2014-05-15,0.013923084820784738,3.2210922913768023,-0.19134398947646383,6.7294581689539275,6.920645590837889,0.004303869750736649
2014-05-16,0.025214070733822376,3.223047549118312,-0.1860441332099869,6.7480042688749515,6.933891834492437,0.00776232757230009
2014-05-17,0.03096864232164846,3.2248438867950586,-0.18073691246829404,6.760862398881217,6.94144274375701,0.009511801445782312
2014-05-18,0.03023367175561097,3.2263338938818458,-0.17546198135745986,6.766892366512801,6.942197780277759,0.009283907410560014
2014-05-19,0.025576487810415872,3.2276886013283876,-0.1702522661613834,6.768799605210225,6.9388953037791055,0.007861790265971353
2014-05-20,0.019660673692395263,3.228968854527198,-0.16513108520653677,6.769285225245861,6.934259742859895,0.00605199008431419
2014-05-21,0.014116004343622352,3.2299354722886795,-0.1600623171366935,6.769775941728413,6.929681691272604,0.004351350293083631
2014-05-22,0.009639478133348575,3.23072770978807,-0.15497672486117733,6.771177245293045,6.9259974025617215,0.002974810437928166
2014-05-23,0.006331134320042133,3.231265236890735,-0.14987859239819398,6.773504561045387,6.923226585851079,0.0019555045145032866
2014-05-24,0.004018335937298424,3.231405202286458,-0.1448377975733469,6.7763725228832135,6.921053752864059,0.0012419814252524373
2014-05-25,0.0024917634490220384,3.23121546353601,-0.1399519695897758,6.77954203962806,6.919337441625335,0.0007705593840495109
2014-05-26,0.0015161746255881018,3.2308956241379985,-0.13517165866188238,6.783026922334509,6.918042013403889,0.00046905367260695124
2014-05-27,0.0009065106322649562,3.2304943721131774,-0.13044842837423207,6.7867392366040145,6.917031097385745,0.0002805317771327624
2014-05-28,0.000533953040075854,3.2300099062365697,-0.12579642835974647,6.790534213149703,6.916174073916948,0.00016528270883634188
2014-05-29,0.00031047996375895524,3.2294494291039704,-0.12121538991880025,6.7943313013817335,6.915390123708032,9.613097335416965e-05
2014-05-30,7.590581529102157e-05,3.2288209907635426,-0.11668225651941525,6.798001422292222,6.914527111219137,2.350828091520894e-05
2014-05-31,7.80101874245113e-06,3.2281052399094774,-0.11230008880411008,6.801599734356914,6.913743255568523,2.416587846690773e-06
2014-06-01,0.0,3.227583977977353,-0.10803292773837944,6.8053378324717775,6.913214192617655,0.0
2014-06-02,0.0002619321932938741,3.2273231910297198,-0.10392242100935821,6.809449484446459,6.913215337863316,8.115423243502651e-05
2014-06-03,0.0019241499643179974,3.2271797795728894,-0.09998361385905402,6.814907097910957,6.91473414417751,0.0005958773722695772
2014-06-04,0.005079515707027202,3.227085526592318,-0.09620621962244576,6.821745604909704,6.917795256939648,0.001571552083681241
2014-06-05,0.007299809407895164,3.227018512938582,-0.09258109341430336,6.827524011164978,6.91994853698678,0.0022569854542329646
2014-06-06,0.007676465404931753,3.226942571007228,-0.0891000502819305,6.831305768363034,6.9202492510524625,0.002373220870376899
2014-06-07,0.006770593991378937,3.226867085842733,-0.08575571483146072,6.833668747235455,6.919267894474414,0.002093801056810506
2014-06-08,0.005343273997206431,3.2267935365239886,-0.0825413968483978,6.835382195905602,6.917767025161497,0.0016531707382599335
2014-06-09,0.003907170469201589,3.226720879860296,-0.07945098838561475,6.836963844176687,6.9162582649698,0.0012094151379646101
2014-06-10,0.005584143704988067,3.226648118249581,-0.07647887857781012,6.841540165609564,6.9178624765948715,0.0017276430814446696
2014-06-11,0.02514111194291446,3.2265483679332423,-0.07361988309042417,6.863856379018537,6.937319694516459,0.007731707501133219
2014-06-12,0.06994553527537492,3.2264362990576285,-0.0708691856473327,6.911299430918475,6.982012048973306,0.021218881425345507
2014-06-13,0.10635861850375775,3.2263167154541996,-0.06822228952507182,6.9502398266656895,7.01830554859826,0.03191388534611439
2014-06-14,0.11894047388014142,3.226112522676356,-0.06567497726813748,6.965164801521164,7.0306832111968,0.03555712689831296
2014-06-15,0.11137202796570723,3.225844003869009,-0.06322327718326957,6.959779536884251,7.022846246475019,0.033372735508668205
2014-06-16,0.09276795960371914,3.22554252933603,-0.06086343542166813,6.943233835750885,7.003940703580051,0.027956383199499793
2014-06-17,0.07226797303130887,3.2252181389641583,-0.058591892665717286,6.924681001562554,6.98311632663577,0.021916081092325224
2014-06-18,0.054529641470914034,3.2248749482160894,-0.056405264608554016,6.908786107311254,6.965034804327306,0.01662790911569667
2014-06-19,0.03993508881591911,3.2245154541712453,-0.054300325556911305,6.895936999663057,6.950080757627466,0.012233326340847596
2014-06-20,0.02826403565607288,3.223958739395545,-0.05227399460511855,6.885735562679303,6.937852989691921,0.008690682530388554
2014-06-21,0.019321319934797247,3.22323472351519,-0.05032332392526219,6.87801950175753,6.928186258090291,0.005958669542143028
2014-06-22,0.012796391032125412,3.2224009289210844,-0.04844548879880351,6.87253861338721,6.920827534593513,0.003955366478948024
2014-06-23,0.00824252923491651,3.221499840664538,-0.04663777908121477,6.868891373051044,6.915372584539757,0.0025520701935037343
2014-06-24,0.0051829674750123855,3.2205475956504284,-0.044897591846005315,6.866619753512239,6.9113607777657435,0.0016067577169218247
2014-06-25,0.00319209701083027,3.219552307930685,-0.043222424999685025,6.865308762174635,6.908374619581818,0.0009904902808723357
2014-06-26,0.001783739284542365,3.218519355545886,-0.04160987169653192,6.864480005366701,6.905933309470731,0.0005539041611970662
2014-06-27,0.0011462192217957443,3.217452668736661,-0.04005761541277062,6.86432805477849,6.904229102598759,0.0003561236617846426
2014-06-28,0.002879066859215363,3.216616214803532,-0.03856342556512631,6.8667186383304255,6.90512549630305,0.0008942603132899867
2014-06-29,0.0045351903839131865,3.2161206489589076,-0.037125153579586,6.869317467996039,6.9062860539831235,0.0014081574095910223
2014-06-30,0.005577186120839612,3.2159192922862796,-0.0357407293333837,6.87154253130654,6.907126693047422,0.0017312407939049717
2014-07-01,0.007593859163850939,3.2160632581523907,-0.03440815790732063,6.875035741641725,6.909287331956545,0.0023556659059859866
2014-07-02,0.008916819269964413,3.2164292929506906,-0.03312551659717135,6.878007377856288,6.910976326860958,0.0027646084977296192
2014-07-03,0.008682715121572532,3.216923841511625,-0.031890952142406434,6.879502386723595,6.9112367712735,0.0026918084921786992
2014-07-04,0.007393689722578517,3.2175901387199333,-0.030702678138266666,6.880067932537049,6.9106140430828145,0.0022926284644810943
2014-07-05,0.005723187743052886,3.2184428460291103,-0.029558972603626638,6.8803938434013405,6.909796248412466,0.0017750908864817218
2014-07-06,0.004135725185937723,3.219408664646445,-0.028458175682263078,6.880872996382924,6.909174604472685,0.0012829744795767406
2014-07-07,0.002838735969484257,3.2204588248109967,-0.0273986874594232,6.881685655553862,6.908927775420784,0.0008806931150336901
2014-07-08,0.0018725506029494275,3.2215799200013135,-0.02637896587904443,6.882860286958023,6.909082685244566,0.0005809146001145791
2014-07-09,0.0018953177585941206,3.222684629838287,-0.02539752474977401,6.884969205079911,6.910210162237184,0.000587771985621447
2014-07-10,0.00541099876469774,3.22368155562668,-0.02445293183023833,6.890426404793943,6.91472276903168,0.0016757025924633525
2014-07-11,0.011355489931602614,3.224657501797605,-0.023543806985833225,6.898255966976178,6.9216432063695095,0.0035090989933061595
2014-07-12,0.015203347215076038,3.225638956864806,-0.022668820410801344,6.903960265901885,6.9264725187201845,0.004691171550043213
2014-07-13,0.015831714459498283,3.2266323010696145,-0.02181586622268719,6.90643493153923,6.928094230169416,0.004882618398747234
2014-07-14,0.014144210950827553,3.2276400172091426,-0.020996989782499476,6.906574020610275,6.927414442800273,0.004363094504551828
2014-07-15,0.011345015620115653,3.2287935501937777,-0.020209695082380436,6.905715652964317,6.925768780454196,0.003501398285806301
2014-07-16,0.008396324532630227,3.2300168237351357,-0.019459835266410975,6.904740095234159,6.924043362908069,0.0025927280270343018
2014-07-17,0.0060644386994907745,3.2310225671292208,-0.01873812873421299,6.904135659327302,6.922717220469014,0.001873424683541444
2014-07-18,0.004944683174058404,3.2318512801171355,-0.018034943922978195,6.904547801601019,6.922426177931497,0.0015276474730370772
2014-07-19,0.004295745371132467,3.2324556484380835,-0.017358827393715352,6.905179348648304,6.922381608449518,0.0013271780401017945
2014-07-20,0.005163949782947388,3.2327517709513813,-0.016715936353054604,6.906986566614078,6.923545935374632,0.0015948376141724444
2014-07-21,0.011829411077428194,3.2328530402589943,-0.016091238428284447,6.914377995140942,6.930312665976725,0.0036457839110128902
2014-07-22,0.01817508996101553,3.232847684049575,-0.015487668910847,6.921321887332548,6.936652988650893,0.005590576020048614
2014-07-23,0.022391059607328765,3.232689045245899,-0.014908071628525782,6.925958815457506,6.9407103194935305,0.006878804479786645
2014-07-24,0.03125887632570855,3.2323600468752134,-0.014347475323047455,6.935058230110679,6.949249137841225,0.009577979862627522
2014-07-25,0.03734296196491051,3.2319321758749595,-0.013810043947387461,6.941251876125287,6.954905352480173,0.011422398051693003
2014-07-26,0.03669435287761977,3.231432783348001,-0.013291242350331611,6.940622676108093,6.953757350865923,0.011227945348539376
2014-07-27,0.03139343145837266,3.2310828683043713,-0.01280072550073457,6.9354623564948135,6.9481065144030465,0.009622577629347276
2014-07-28,0.024368024045998842,3.2309770873299333,-0.012328573673690033,6.928803319935046,6.940975326016234,0.007485542457800808
2014-07-29,0.017645073359365666,3.2309571784998994,-0.011866000286818366,6.92252303380525,6.934232466499568,0.005431589339466505
2014-07-30,0.012129260327465119,3.230999691734261,-0.011421224274496714,6.917494510020034,6.928759166702029,0.003739987063960034
2014-07-31,0.008009768922392094,3.231074514694058,-0.010994023854814279,6.913877041994439,6.924714498256753,0.0024728497998357597
2014-08-01,0.0051237621082856994,3.231168948338864,-0.010579875096481292,6.911499617583472,6.921922925087452,0.001583219617850254
2014-08-02,0.003185183466552919,3.2312771128488844,-0.010178457588850384,6.910070620959392,6.92009251095574,0.000984764444520298
2014-08-03,0.002467946439847708,3.23126495426686,-0.009798945487949516,6.909720737451562,6.919363115347011,0.000763188091171153
2014-08-04,0.005537611826545204,3.2312586216901638,-0.009429867909712782,6.9131531478398,6.922426448157012,0.0017108311512488102
2014-08-05,0.013741980507104432,3.23125215931402,-0.00908079189866847,6.92170013015526,6.930624354461427,0.004234824444971706
2014-08-06,0.020325556628417146,3.2310848596058253,-0.008738215012333878,6.928458983454712,6.937040630874545,0.006251304519088686
2014-08-07,0.022479811900020002,3.231109346494132,-0.008417662706688022,6.9309582779202685,6.9392193730344545,0.0069092349419787175
2014-08-08,0.020914993054747113,3.2312307623118373,-0.008103126774207483,6.929829410825182,6.9377759700068875,0.006431136433609679
2014-08-09,0.018087367105330557,3.2313906115511273,-0.007806215942671418,6.927458544946591,6.93510819329676,0.005566237784694584
2014-08-10,0.014670177822592287,3.2318344076468697,-0.007516465292491967,6.924774902409775,6.932134800109765,0.004518760850747697
2014-08-11,0.011173994221781672,3.2324030948243103,-0.0072319192221929765,6.922131952056703,6.929207303686395,0.0034449602753446034
2014-08-12,0.00805730176775449,3.2330404965803816,-0.006955778328709733,6.9199288022522305,6.9267280129884385,0.0024859792172457706
2014-08-13,0.0055514327457972315,3.2337290715336215,-0.006690619960696858,6.918376666551525,6.924910718919721,0.0017137857429954662
2014-08-14,0.004994244872070406,3.2344590964725892,-0.006436615424436335,6.918803508153028,6.925083555984962,0.0015416937198414324
2014-08-15,0.009896656338550821,3.2350154651968692,-0.006189047037481607,6.924509856730743,6.930542336175723,0.0030498996483972404
2014-08-16,0.015071738407906621,3.235307056837018,-0.005952380393659492,6.930213197084069,6.936009009885227,0.004636917527875678
2014-08-17,0.017106776509271206,3.235494631270793,-0.0057220460772275505,6.932666143935641,6.938231622420367,0.005259413732144562
2014-08-18,0.01607041161157851,3.23560354846135,-0.005501498735729649,6.931959243570002,6.937304174713232,0.004942196483689922
2014-08-19,0.013278839609532777,3.235665449442513,-0.0052896738708517604,6.9294413974139974,6.934574503692348,0.004087124440476997
2014-08-20,0.01245024202257871,3.2356942939486406,-0.005096991096462466,6.928834327107561,6.933774750611522,0.003833032023267399
2014-08-21,0.021105876904447263,3.2358535783293068,-0.004906739933454295,6.937839497533104,6.942589669874057,0.006480239374957918
2014-08-22,0.02968889128604101,3.236317096139639,-0.004718824873908178,6.9470739447845755,6.951636202065982,0.009090274604622597
2014-08-23,0.032212042115215826,3.236851600124394,-0.004538681255480126,6.9503117432169335,6.954693856879912,0.00985359896301915
2014-08-24,0.029363057589958316,3.237480547488732,-0.004361130825232175,6.948269256486261,6.952473819718993,0.0089882042545012
2014-08-25,0.02382088581180266,3.238165743611968,-0.00419037228335165,6.943583039373223,6.947616844064074,0.0073025700341422355
2014-08-26,0.017804905496508476,3.2386813188171946,-0.004026751227094363,6.938246255319413,6.942116438954006,0.005467520594305852
2014-08-27,0.012534864385220218,3.2391158502499993,-0.0038710695551159606,6.933566427312908,6.937280929275522,0.003854923386697891
2014-08-28,0.008432744741873673,3.2395218482065613,-0.0037172239081820053,6.930024151273057,6.933584807588737,0.0025963247023778674
2014-08-29,0.005649541686061046,3.2396523693631973,-0.0035715773205657825,6.927517115961496,6.93093212568956,0.0017408370132917642
2014-08-30,0.004466695296948297,3.2396655157442376,-0.0034331305044689787,6.926485862769521,6.9297624256814885,0.0013768536565020994
2014-08-31,0.004752895342758196,3.239616709793279,-0.003308774728055751,6.926847612640786,6.92999981977634,0.001464967288324385
2014-09-01,0.007368212041662944,3.23978379242538,-0.0031889932847658496,6.929749793415081,6.932782219107345,0.002269130620163959
2014-09-02,0.013142413143850722,3.240049331808424,-0.0030690146102290024,6.93590951257485,6.938821959592577,0.004039851989739857
2014-09-03,0.02038428519789552,3.2403775185641233,-0.002949260137097942,6.9435993258577255,6.946392018402321,0.006251387382659379
2014-09-04,0.02533104920041745,3.240736822413165,-0.0028294130988307945,6.949025240747556,6.951698086253885,0.007755824494823736
2014-09-05,0.02568690342653294,3.2411155328593004,-0.0027173891798219683,6.949871829338816,6.952432650926136,0.007863010980161223
2014-09-06,0.023044517770921615,3.241508625712714,-0.002619260718716489,6.947720664997723,6.9501833581239385,0.007059011374013225
2014-09-07,0.019212272553812332,3.2421740539420854,-0.002519206111165824,6.944653902617536,6.9470165411362,0.0058908300429573466
2014-09-08,0.015395451611428123,3.2429832274412655,-0.0024216858484040226,6.941743775437094,6.944008893692996,0.0047248810306799675
2014-09-09,0.01183119968369101,3.243736478821786,-0.002325073266574785,6.939029387471706,6.941197893145779,0.0036341433667022773
2014-09-10,0.008676416203765004,3.2442277880032173,-0.00223209247694677,6.93645889396284,6.938534418847285,0.0026672830366611445
2014-09-11,0.006089409985057605,3.2446257860544847,-0.0021516862082887095,6.934350292064058,6.936345410679845,0.0018732523822685364
2014-09-12,0.004113262514431806,3.244931861135743,-0.002074219752157934,6.932757686130821,6.934675338290477,0.0012659911936866905
2014-09-13,0.003475402628406476,3.2451911329081837,-0.0019995838582345794,6.93245373391116,6.934296750176893,0.0010697935877350476
2014-09-14,0.006252325057179378,3.245369065749578,-0.0019206877371303385,6.935487485302431,6.937251605447059,0.001922833044110378
2014-09-15,0.009350607031657214,3.245503433626646,-0.0018426005735075778,6.938798222317599,6.940484255298606,0.002872819154055224
2014-09-16,0.010385831107377978,3.2456612721068514,-0.0017681646952041512,6.940065720751829,6.941677317854532,0.003189705424447187
2014-09-17,0.009519988302636895,3.2458440911767754,-0.0016941084642101028,6.939456753248006,6.940994294119715,0.0029244004879968146
2014-09-18,0.0077161492750858155,3.2461602927306576,-0.0016332868462534294,6.938029937392294,6.939506656646046,0.0023713713205193044
2014-09-19,0.005764790270023773,3.246762678112575,-0.0015746806234992882,6.936739569991904,6.938157683022901,0.0017724032544113948
2014-09-20,0.00415210013710687,3.2474602717439978,-0.001518207797436225,6.935880946316473,6.937242586521407,0.0012769357667023575
2014-09-21,0.0032275304929640946,3.248291453993135,-0.0014637894569464484,6.935841977261957,6.937149199126402,0.0009926223738392856
2014-09-22,0.003072852261946256,3.249171899968701,-0.0014113496600738605,6.9366201848033775,6.93787496687095,0.0009448404090247667
2014-09-23,0.004580418970903776,3.2501190467661303,-0.0013608153203844503,6.939125432649453,6.940329680377337,0.001407324706665821
2014-09-24,0.005930500273620229,3.25113898666337,-0.0013034356069865794,6.941552833562808,6.942699701577293,0.0018208086432928343
2014-09-25,0.006096896804323335,3.2522325065034345,-0.0012476136813375296,6.942868571859224,6.94395961794806,0.0018711726316356931
2014-09-26,0.005351430719031383,3.2531129859307724,-0.0011928564639531994,6.943058342418654,6.944094631290106,0.0016423167586815223
2014-09-27,0.004223186386454065,3.2538966245936587,-0.0011414465725167638,6.9427651466404,6.943750025620416,0.0012962035257947251
2014-09-28,0.005799039038965995,3.254620025736948,-0.0010935575855064376,6.9451122894232125,6.946049279416217,0.0017786176941535453
2014-09-29,0.01747464577646589,3.255315330984645,-0.00104666803741801,6.957530090956498,6.958420191401414,0.00533937279829961
2014-09-30,0.028439812538059165,3.2559946476578174,-0.0010006131075569,6.969220629321123,6.970064674836179,0.008658967893170588
2014-10-01,0.03254186600322534,3.2568980737994093,-0.0009570567983559937,6.974269665237083,6.975070154442937,0.009892828748585646
2014-10-02,0.030537118951005804,3.257917362621461,-0.0009143444767414435,6.973326919328529,6.974084696212769,0.009286161363074008
2014-10-03,0.025220060965657987,3.2589919814124055,-0.000874365782981264,6.969124458827887,6.969842257018366,0.007679181685052347
2014-10-04,0.019431600703309796,3.2601044299648874,-0.000832465993440048,6.964490346907561,6.9651662453085,0.005925106637523558
2014-10-05,0.015537238283454874,3.2611947792569445,-0.0007915213663669896,6.961727278406837,6.962362232180702,0.004741687205509571
2014-10-06,0.012816737018006794,3.2622628247336904,-0.0007562067347958095,6.960110137249705,6.960709776392,0.003913412415285472
2014-10-07,0.011022699437934703,3.2632007166948225,-0.000722734191318811,6.959287464174242,6.959853630773059,0.003366508034736923
2014-10-08,0.009645859592225239,3.2638820375781985,-0.0006921171898114775,6.958622562213416,6.959158111810726,0.0029466251381462
2014-10-09,0.008133454860769294,3.26422173072243,-0.0006598121797404192,6.957482155636264,6.957985400223502,0.0024855049038082183
2014-10-10,0.006427069856471781,3.26443333972493,-0.000626832336569895,6.956020359477636,6.956490624221704,0.001964947766540213
2014-10-11,0.004774954055755323,3.2645650779490127,-0.000597681290344445,6.954529132947227,6.95497024664507,0.0014605253687323887
2014-10-12,0.0033682347294350505,3.264608135425108,-0.000569318879215475,6.953193833508132,6.953606584794846,0.0010306790343394578
2014-10-13,0.002277450744095122,3.264563128119375,-0.0005417984734112027,6.952085562622863,6.952470793503773,0.0006971416844857011
2014-10-14,0.0013493469068275013,3.264432296267024,-0.0005225365456160181,6.95104588886104,6.951411857814154,0.0004131773199374523
2014-10-15,0.000866173757837242,3.2642433738094807,-0.0004974504248602786,6.950398879375262,6.95073976220762,0.00026528168357554434
2014-10-16,0.0005327424608254106,3.2642692091267183,-0.00047413825979601606,6.950114595560551,6.950432166227847,0.00016317757362475205
2014-10-17,0.0003264170842915088,3.264363355715257,-0.00045006731585553336,6.950026487716498,6.950319987439851,9.998410477195156e-05
2014-10-18,0.0002836518495911897,3.264529923481153,-0.0004272304005846324,6.950173127162964,6.950443789971047,8.688148436238176e-05
2014-10-19,0.0022710288798727285,3.2647266557033974,-0.0004069955001619436,6.952377471315913,6.952627899223573,0.000695142482221384
2014-10-20,0.010338243338368297,3.2647029550715754,-0.0003852861947800208,6.960442694447968,6.960671413050246,0.0031566758132348352
2014-10-21,0.017485680986983197,3.2645643415258263,-0.00036517074703265226,6.967471633998581,6.967680237153112,0.005327670470298249
2014-10-22,0.019704446930144177,3.2644745097531427,-0.0003483371577601094,6.969617401758331,6.96980917132359,0.005999809142569935
2014-10-23,0.018046735709357692,3.2643892636456857,-0.00032908713283094073,6.967893694455016,6.968066213995346,0.00549797032231661
2014-10-24,0.014845559288832952,3.2643471939954236,-0.0003174213016441472,6.964662114215416,6.964822967924559,0.0045271993462307055
2014-10-25,0.012324676621637448,3.2643422707863667,-0.00030369150610998305,6.962150038134698,6.962297162048307,0.0037613455439488106
2014-10-26,0.010184764168826552,3.2643485826555767,-0.00028690084699462427,6.960033228210213,6.9601635614647055,0.0031102948390199156
2014-10-27,0.009088796584467368,3.264331998698407,-0.0002664756810855549,6.9589411018345935,6.9590510099231775,0.0027765439131946235
2014-10-28,0.011962254056749572,3.264305028705375,-0.0002519988241643274,6.9618020661707645,6.961897497402427,0.0036511838089914777
2014-10-29,0.014676793632867861,3.2641410289729182,-0.00023828884339542288,6.9643663159951945,6.964448037246089,0.0044762455332769055
2014-10-30,0.014780053833164733,3.2639170349687827,-0.00022985483652216015,6.964254016198229,6.96432730344225,0.004507904644086972
2014-10-31,0.012850499575634867,3.263659601587778,-0.00022172305626671552,6.96207516033995,6.962140315803715,0.003922008227922738
2014-11-01,0.010090145091640794,3.263376492491759,-0.00021388251917369043,6.959039537297031,6.959096852223702,0.003082403521634707
2014-11-02,0.00736634930931884,3.2630718776415724,-0.00020292588771018494,6.956022083295985,6.956068441591194,0.0022524043562769463
2014-11-03,0.005090442356000574,3.262748451046212,-0.00019004158108677405,6.95343563405393,6.9534691080425155,0.0015577396934341558
2014-11-04,0.00416642612959223,3.2621472138222813,-0.00017732496268927245,6.9519230972219885,6.951943854592177,0.0012755744208488254
2014-11-05,0.007429225700610284,3.2614484454971584,-0.00016435089073243804,6.954500102539841,6.954507885838071,0.0022727145056756124
2014-11-06,0.012940827254984001,3.2608993281586693,-0.000152736395941449,6.959474201250516,6.959470370053956,0.00395279752237901
2014-11-07,0.019623621138945436,3.260388565562044,-0.00014162221622161079,6.965657346717572,6.965642401341292,0.005982789094049898
2014-11-08,0.02308871182123852,3.2598814682244344,-0.00013115927149615178,6.968625803006981,6.968600394685975,0.007032872842273977
2014-11-09,0.022182724077356195,3.259370917587473,-0.00012041350644960719,6.967220010391184,6.967183856305132,0.006759823699271373
2014-11-10,0.01863768118332376,3.2587497999206136,-0.00011049357122964628,6.963063769765512,6.96301769574424,0.005686749366921345
2014-11-11,0.014274541755068221,3.258156252173807,-0.0001034473712174724,6.958114128790462,6.958061008569178,0.0043620606985947065
2014-11-12,0.010263625392043925,3.2575127291102612,-9.979527062542906e-05,6.953463341464484,6.953406569142608,0.003140859189431008
2014-11-13,0.007441132353338629,3.256813756582269,-9.198017354253013e-05,6.949949690994869,6.949885103575911,0.002279580672012104
2014-11-14,0.005513989925891289,3.2563446574241124,-8.509990919082505e-05,6.947560329673617,6.947488861990307,0.0016904441675824795
2014-11-15,0.004387693855406934,3.2559606849190685,-8.209740434716721e-05,6.946053063602932,6.945978593414778,0.0013457745448221745
2014-11-16,0.0035802867417023205,3.2556124320604445,-7.920209623870817e-05,6.9449002989387125,6.944822933442449,0.0010985194956554104
2014-11-17,0.002998265998656349,3.2552866977764348,-7.641010567013788e-05,6.943995335902224,6.943915178415393,0.0009201975984269096
2014-11-18,0.0031079963808445855,3.254976859999885,-7.371769598432681e-05,6.943797920917549,6.943715071021032,0.0009539335277771522
2014-11-19,0.0032434880329765916,3.254678914843979,-7.112126773570919e-05,6.943638063842024,6.943552617517258,0.000995569455586905
2014-11-20,0.0029655060651476786,3.2543901859030973,-6.861735356473773e-05,6.943073856847484,6.9429859066085475,0.0009104028990324305
2014-11-21,0.002460363532991031,3.2541087667794004,-6.494700071675933e-05,6.942290965544479,6.942199344952694,0.0007555078472278636
2014-11-22,0.0018405593773264575,3.2540941627454303,-5.915051765412597e-05,6.9416623538379065,6.94156493676306,0.0005652936973277144
2014-11-23,0.0013317480008319161,3.254296933376099,-5.7069877536678406e-05,6.941358393732198,6.941258896017233,0.0004090601635407231
2014-11-24,0.0009151266727014676,3.2548374189920866,-5.506326157064961e-05,6.9414842646360215,6.941382760305091,0.0002810799223423809
2014-11-25,0.0006042318501604239,3.2552803703514757,-5.312800176586557e-05,6.941618256432674,6.941514816841939,0.00018558146985671453
2014-11-26,0.0003865049299393991,3.2557165371817565,-5.1261527717733664e-05,6.941838562816782,6.9417332567519985,0.00011870168877970681
2014-11-27,0.00024094735406351875,3.256176005831654,-4.946136297881736e-05,6.942154274055543,6.94204716782602,7.399155499046354e-05
2014-11-28,0.0006664427340209444,3.256660671647159,-4.772512156658704e-05,6.943066171492417,6.942957329021482,0.00020459803716936604
2014-11-29,0.0030608037524455004,3.2571695254417388,-4.3837171007066994e-05,6.945973274255982,6.9458605438344865,0.000938830525265994
2014-11-30,0.005246527471036123,3.257648822497881,-3.7052294387565246e-05,6.948645079907333,6.94852556460922,0.0016079361757912654
2014-12-01,0.006221251254297526,3.25812752111124,-3.0630642613995867e-05,6.9501049239557275,6.94997898700584,0.0019058169601740334
2014-12-02,0.006968922939008584,3.2586407486027564,-2.633682474519832e-05,6.951370116949824,6.9512398861820675,0.002134034266170704
2014-12-03,0.007031835520578877,3.2589140099404004,-2.9047333856867673e-05,6.9517035803599265,6.9515760601012815,0.0021530778075673673
2014-12-04,0.0062666315346764844,3.2590951847637624,-8.905660952429904e-05,6.951059541921719,6.950992030938742,0.001919123174466539
2014-12-05,0.005308352645501245,3.259287439089455,-0.0004324294194797321,6.94995014454828,6.950226006375258,0.001626036723731774
2014-12-06,0.005253268704039224,3.2594743516042777,-0.0014613268228091739,6.949053075718312,6.950357834948619,0.001609098618629358
2014-12-07,0.0052527299801038265,3.2596526214581627,-0.0035479347541495414,6.947144198916922,6.950535566078569,0.0016088460199282276
2014-12-08,0.004753154319429735,3.2598236123201687,-0.006775293695173982,6.943588255177229,6.950206981279901,0.001455978725328738
2014-12-09,0.003895028791465548,3.259988666542897,-0.011010670040121304,6.938659807527046,6.949513909974666,0.0011933724222567706
2014-12-10,0.004085446659726234,3.2601488660986586,-0.01618189242869221,6.933839202562497,6.949864527398688,0.0012515788599360375
2014-12-11,0.010820122462300729,3.260044136036875,-0.022388316199258417,6.93426272453272,6.956494473139478,0.0033080316415409743
2014-12-12,0.025591371047475168,3.2597234942034587,-0.029656080638924026,6.9414455668448145,6.970945079891237,0.0077896250731268905
2014-12-13,0.03676333469547799,3.25904017893408,-0.03771924529467191,6.94387105056769,6.981433728269861,0.011154589326531714
2014-12-14,0.04059884556965117,3.2581835222298743,-0.046086497135854484,6.938482652896475,6.984412582439829,0.012307221587561987
2014-12-15,0.03806326634877157,3.257220529332848,-0.05428084391239037,6.926789734002034,6.980914010321922,0.011550831038787146
2014-12-16,0.03201131388622204,3.2563315456617796,-0.061973498270533375,6.9121561435102725,6.973973074188304,0.009734785955568558
2014-12-17,0.02703572802628965,3.255438861491903,-0.06902495811209883,6.8992364136388975,6.968104804158495,0.008236386082811383
2014-12-18,0.030531045941181417,3.254520384386398,-0.07543358182352664,6.8954046307368575,6.970681644967883,0.009293932405233886
2014-12-19,0.03425775243273097,3.253626119108482,-0.0812981212803485,6.892372532493669,6.973514086181515,0.010419392463722409
2014-12-20,0.03311678256228334,3.2527260364450385,-0.0867043897975895,6.884925211442537,6.971473033647625,0.01007862651576504
2014-12-21,0.028185420560319183,3.2517847390924466,-0.09173692976307664,6.874020012122493,6.965600374293068,0.008593194202505499
2014-12-22,0.021869858975970994,3.2508158239168763,-0.09667668446271091,6.86179578066294,6.95831589753315,0.006682541831099228
2014-12-23,0.01584695215653916,3.2499025521341474,-0.10198683404219465,6.8495494524812965,6.951379718930989,0.004852470201930287
2014-12-24,0.010905003564121737,3.2489486765251874,-0.10810007989065291,6.83754038243146,6.945483894729612,0.003345243263747647
2014-12-25,0.007209617136234734,3.247970229020762,-0.11530158683475393,6.825665041555046,6.940810060797299,0.0022148137666636977
2014-12-26,0.004559020459758562,3.2469742123119594,-0.12367988711788039,6.813640127886641,6.93716344741202,0.0014021140592409991
2014-12-27,0.0027322824529035328,3.2459621658509823,-0.13309326243026404,6.801387968106426,6.934324662944189,0.0008410401459361723
2014-12-28,0.0016755888296055362,3.245195916250729,-0.14329699059198248,6.789361296721156,6.932501719720637,0.0005160625626803418
2014-12-29,0.0009861241159341563,3.244784369642765,-0.15411380012099127,6.777443475870512,6.931400708399002,0.00030381818980435525
2014-12-30,0.0005846812655224454,3.244522868551617,-0.16547051840130841,6.765423813648635,6.930737764457442,0.00018017315498692545
2014-12-31,0.00033744163378580813,3.2444747086370422,-0.17734382150414937,6.753255110999483,6.930442364911131,0.00010399419693914902
2015-01-01,0.00019502546856118368,3.2445408162570444,-0.1896835556584402,6.7408390682999695,6.930366056365909,6.01051913235149e-05
2015-01-02,-6.976967395835388e-18,3.244708311438329,-0.202232144425829,6.728262949245304,6.930338526078632,-2.1502602780163636e-18
2015-01-03,-2.461213293831017e-17,3.2449460622521777,-0.21477189586354017,6.715960948621442,6.930576276892481,-7.584758718987133e-18
2015-01-04,-5.363008277068215e-18,3.245343293996565,-0.22726058457872517,6.703869491650644,6.930973508636868,-1.6525241834936344e-18
2015-01-05,-1.7491152815781714e-17,3.2458304511263694,-0.23994637213538564,6.691670861223788,6.9314606657666715,-5.3888066795700704e-18
2015-01-06,4.829670107083353e-18,3.2463804987334464,-0.252811353946203,6.6793559270200475,6.932010713373749,1.4877091915034657e-18
2015-01-07,-4.987627442589009e-18,3.246904502635865,-0.26556446162179387,6.667126823246875,6.932534717276168,-1.5361176894916404e-18
2015-01-08,-2.2691801189183583e-17,3.247441412923847,-0.277984383148998,6.655243812007653,6.93307162756415,-6.987593709582255e-18
2015-01-09,-2.3453271027746788e-17,3.248001964764973,-0.2900899021280265,6.643698844869751,6.933632179405276,-7.220830308039508e-18
2015-01-10,-2.4976210704873204e-17,3.2485867843731993,-0.30208181939952256,6.63229174720648,6.934216999013502,-7.68833106907201e-18
2015-01-11,-2.253950722147094e-17,3.2491168244940813,-0.31397767248561576,6.62092593424127,6.934747039134384,-6.937118127471627e-18
2015-01-12,-2.2844095156896223e-17,3.249636783527768,-0.32564121466850154,6.60978235109207,6.935266998168071,-7.029737991855489e-18
2015-01-13,-1.8122982157804337e-17,3.2501612480271205,-0.3370730701716475,6.598874960088278,6.935791462667423,-5.576025549133959e-18
2015-01-14,-2.4976210704873204e-17,3.2506936288947816,-0.3482162778996005,6.588264133227986,6.936323843535084,-7.683348096192313e-18
2015-01-15,8.731073109793179e-05,3.251235270216678,-0.35924767215547837,6.5778616910251015,6.936952795588079,2.685391219239781e-05
2015-01-16,0.0004958654362760587,3.2515257914524645,-0.3701117967051413,6.5676966424164025,6.937651871529043,0.0001524791310124487
2015-01-17,0.0008667295085489415,3.251457150227673,-0.38074433913540884,6.557366322833617,6.937954094376524,0.00026649544774711586
2015-01-18,0.0009887206217167822,3.2512345722014837,-0.3907184766626594,6.547291598393345,6.937853507463503,0.0003040137569577796
2015-01-19,0.0009109540987825799,3.2507951601688507,-0.3994404483970076,6.5380524481034294,6.937336328907936,0.00028014650364175053
2015-01-20,0.0013497829501743714,3.250238280671485,-0.40683982582228895,6.530535020032175,6.9372182782619625,0.0004151149911255875
2015-01-21,0.004457689987676599,3.249577037116436,-0.41329117083152556,6.526530338505392,6.939664941744415,0.0013698962554230835
2015-01-22,0.008932026767199607,3.2488427371569557,-0.4191482174571063,6.524413328699853,6.943404978564458,0.0027417570011625133
2015-01-23,0.011513000044386518,3.247789742755211,-0.42448708671317864,6.520602438319223,6.9449329574399,0.0035323506138915336
2015-01-24,0.011487332903344383,3.2465793580704294,-0.42917932303905637,6.514674150167521,6.943696905614076,0.0035258126959675706
2015-01-25,0.009830060884058517,3.2452702431013116,-0.43296252722445966,6.5079245589937145,6.9407305186256725,0.0030198949236750453
2015-01-26,0.0076081274512646855,3.2438822407461454,-0.43582245938132635,6.501454691048888,6.9371205828377125,0.0023398892783688444
2015-01-27,0.005663069093327216,3.2424271191185614,-0.4380536666222907,6.495823303822402,6.933720402852192,0.0017435073428317585
2015-01-28,0.005449414108459193,3.240913043203758,-0.4400732927140557,6.4920759468309654,6.93199267195252,0.0016786215895839812
2015-01-29,0.008174778643754972,3.239346151199802,-0.44215292223429925,6.491154789842062,6.93315114448386,0.0025172366307578426
2015-01-30,0.01048958278605374,3.2377312900363275,-0.4442755847046437,6.4897320703505414,6.933851087462684,0.00322933174705553
2015-01-31,0.010708633372210345,3.236072417000491,-0.4460640101706472,6.486503822434859,6.932411265013004,0.00329823083419225
2015-02-01,0.00953450702880149,3.2343728425823417,-0.4471958224762326,6.482498309367715,6.929537564251445,0.0029392044843526187
2015-02-02,0.008531423310381052,3.232661480637072,-0.4476691196955803,6.479310566484677,6.926823118587755,0.002632186223779097
2015-02-03,0.008194172605552046,3.2309254996310894,-0.4475960413358647,6.477310413133581,6.924749886876944,0.002529752968310027
2015-02-04,0.007930221661823065,3.229161781557534,-0.4469828729164936,6.475895912535668,6.9227222178596595,0.002449798045262936
2015-02-05,0.007105651446817951,3.227370698707472,-0.44559236823900344,6.47467076414809,6.920106564794592,0.002196847550447849
2015-02-06,0.005834324435967734,3.225553131224555,-0.44327531286706223,6.473898925026264,6.917017670300825,0.001805516830161473
2015-02-07,0.004457691504149792,3.223892728028119,-0.4403312086378001,6.473805993127273,6.913980634172571,0.001380795429510912
2015-02-08,0.0032040832853242763,3.2224140575611577,-0.4374246564865544,6.473980266592731,6.9112483554867845,0.0009933238050563065
2015-02-09,0.0021952715133847843,3.2210049560019938,-0.4351369424572676,6.473850067290915,6.908830442155681,0.0006810844373379253
2015-02-10,0.002408326583539574,3.2196294615327665,-0.43374514978608314,6.474079420563028,6.907668002756608,0.000747454481267133
2015-02-11,0.00638058464097177,3.2182752321639563,-0.43331850900446556,6.477124090033266,6.910286031445231,0.001978687030014204
2015-02-12,0.010102635654791987,3.2169354840043414,-0.4337503524097424,6.4790745494821955,6.912668334299436,0.0031306217280938444
2015-02-13,0.011187853199738074,3.215605916451783,-0.4347216906191795,6.477858861265146,6.912423984291824,0.0034671732990690356
2015-02-14,0.010208995963438274,3.214335767088505,-0.4360387625370678,6.47429278274768,6.910174977692246,0.003166027056103181
2015-02-15,0.008236736965843944,3.2133011084384,-0.4374929447695263,6.469831682867522,6.907168060044547,0.0025567717534637205
2015-02-16,0.00611653363885681,3.2123676729955,-0.43881669377293747,6.465454295094224,6.9041144212746595,0.0019004392273383284
2015-02-17,0.00427062298857899,3.211489180471691,-0.43988176717609784,6.461664818516976,6.901390018100573,0.0013280292215804336
2015-02-18,0.002849190664608319,3.2106509415097757,-0.440719287834954,6.4585676265722345,6.899130346814687,0.0008866315691359382
2015-02-19,0.0018375621361055234,3.209896931086483,-0.44131886229331646,6.456202413162076,6.8973647078628915,0.0005721401130707262
2015-02-20,0.0011553911899741351,3.2092433773925717,-0.44194910856320124,6.4542364422521485,6.896028983222848,0.0003598902420724087
2015-02-21,0.0007099437514497407,3.2086453336053435,-0.4427116563811482,6.452430403208449,6.894985491997096,0.00022121070747718724
2015-02-22,0.0012137522181380387,3.208086298545752,-0.44358653568715606,6.451500297309538,6.894930265404192,0.0003781984230016563
2015-02-23,0.005240480621655545,3.2075592954028296,-0.44466739672805056,6.453919161529239,6.898429990664788,0.0016311258052128322
2015-02-24,0.011011543244560698,3.207059799283833,-0.4459898324971729,6.457868292264025,6.903701557168697,0.003421783444959018
2015-02-25,0.014680539289187888,3.206584502339241,-0.44732452102224235,6.45972730283899,6.906895256268731,0.004557383232820393
2015-02-26,0.014997640127892975,3.205948185201546,-0.44822484420702224,6.458507763355221,6.906576039969742,0.004656284501885099
2015-02-27,0.013101915706810326,3.2051252104966683,-0.44847967546081513,6.4555342329754675,6.903857340843781,0.004071159428162104
2015-02-28,0.010293305598003758,3.2044879182916675,-0.44798690171225575,6.4525811044102195,6.900411438529973,0.003201868146271411
2015-03-01,0.0075094147358042524,3.2039190206347143,-0.4467259821524552,6.450489235450867,6.8970586500108215,0.002338340986551629
2015-03-02,0.005188409780731526,3.203377938262381,-0.4449026115813899,6.449450518694526,6.894196562683415,0.0016170492419132643
2015-03-03,0.0034389018532625226,3.2028560203504126,-0.44287185404956764,6.449209850386911,6.891925136843978,0.001072546954258025
2015-03-04,0.002205934833842422,3.2023493367764044,-0.4411064210291672,6.449235632813884,6.89018548625055,0.0006883747187590148
2015-03-05,0.001378127548999827,3.2018034102039157,-0.43997073869734066,6.448997581288379,6.888811752393218,0.00043023710419066855
2015-03-06,0.0008424231311800159,3.20103850379124,-0.43968164587103326,6.4479860632841905,6.887511141562722,0.00026310257951713873
2015-03-07,0.000680269040217458,3.2001861673673644,-0.439950608043203,6.446702610597184,6.886496651047885,0.0002125265310916697
2015-03-08,0.0012905661779655186,3.1992905828034313,-0.4407131405579577,6.445654790656243,6.886211363621699,0.00040322870063027417
2015-03-09,0.0019077293877597101,3.1983647710080287,-0.4417243801085826,6.44433490252001,6.8859027150360905,0.0005961146707112519
2015-03-10,0.0020377450212397067,3.197363400555728,-0.4428106402291095,6.442377287580662,6.885031360217271,0.0006369145125977091
2015-03-11,0.0018297092163076037,3.1962691210213166,-0.44372894507945876,6.440156667390969,6.883729044877927,0.0005721240378839866
2015-03-12,0.0037472946735241795,3.1953346770439577,-0.4444374895915755,6.44043126435871,6.884712186357785,0.0011713656313446638
2015-03-13,0.013992657899686454,3.1946101497597295,-0.44527553034261924,6.449114059549601,6.894233022299718,0.004360981629226242
2015-03-14,0.023306153274225958,3.1939942565731516,-0.44616227887564003,6.456924913204542,6.902930624487681,0.007244009046494839
2015-03-15,0.027358391968158476,3.193431996758237,-0.44689183166716384,6.459685339292036,6.906420603366698,0.008494309987983064
2015-03-16,0.03474338527030041,3.192905368755898,-0.4471164167417609,6.466319119517241,6.913278968666501,0.010764301793050187
2015-03-17,0.05506607548991692,3.1924060523903326,-0.4465915556260761,6.486667354486977,6.933102342520552,0.016956596799449875
2015-03-18,0.0702500953541879,3.191928978744404,-0.44526427087811593,6.502701585453281,6.9478092887388945,0.02153471460594157
2015-03-19,0.07125967204828393,3.1912097832774973,-0.4430100675882522,6.5052461699703334,6.9480996699660835,0.021842249567105336
2015-03-20,0.061989535594386726,3.1903986891728957,-0.43975469533509715,6.498420311664989,6.9380184394075854,0.01905969746241541
2015-03-21,0.04862407952407722,3.1895463431894022,-0.43552409255461827,6.488433112391665,6.923800637353782,0.015015911201897722
2015-03-22,0.035451679472980606,3.1886664210772944,-0.43057058290964256,6.479334299873436,6.909748315190578,0.010995775702797582
2015-03-23,0.024480191363285272,3.1877657632098484,-0.4252742968776557,6.472758439928282,6.897876169213436,0.0076208956940031
2015-03-24,0.016225888208837077,3.186848491308431,-0.42002876779498427,6.468832393955088,6.888704594157571,0.005065723204118183
2015-03-25,0.010409229982533146,3.1859695430168835,-0.41533493462695503,6.466830620605266,6.882008987639719,0.0032565696126073745
2015-03-26,0.00650375740947228,3.1851003406146603,-0.4114103943081286,6.465980485948808,6.877234312664435,0.0020377707289881736
2015-03-27,0.003976104515334903,3.1842318482993046,-0.40827882397412346,6.46571591107332,6.873838167454942,0.0012471283473917333
2015-03-28,0.0022708659125085994,3.183362176319657,-0.40576704288474885,6.4656527815802205,6.871263256872468,0.0007128460442252975
2015-03-29,0.0018689243778684623,3.1824906290825634,-0.40374642454264936,6.466399911150587,6.8699897681007345,0.0005869074601947852
2015-03-30,0.003761066673399573,3.1818778539442567,-0.4022343130403723,6.469191389810089,6.871269135257959,0.0011806318189603072
2015-03-31,0.005596124635025047,3.181136203445579,-0.4010097645293575,6.471509345784051,6.872362542720907,0.0017560698731153364
2015-04-01,0.005940124749043211,3.180194015813707,-0.3997480425498128,6.472172880245742,6.871764355203053,0.001864367439342663
2015-04-02,0.005465724592695469,3.1794099076479183,-0.3981743874722025,6.472488027001216,6.870505846880917,0.0017161500867932601
2015-04-03,0.004431646994932011,3.1789445407762447,-0.39621917345741325,6.472943796546568,6.869006402411479,0.0013921216763372235
2015-04-04,0.0033004696695260903,3.1786352880771673,-0.39400507075738167,6.473717469222116,6.867565972386997,0.0010372521385734505
2015-04-05,0.00231355815585964,3.178406594062523,-0.3917170896024554,6.474789844848731,6.866350366858685,0.0007273692890731228
2015-04-06,0.001549848897745013,3.1782344832795415,-0.38939584114659687,6.476175273263494,6.86541454681759,0.0004874069231870793
2015-04-07,0.0010023066196939315,3.178107328433767,-0.38730772910670425,6.47758868817956,6.8647398496937635,0.00031527903556464684
2015-04-08,0.0012413884940352168,3.178017845346743,-0.3854065606511278,6.479639455422454,6.864889448481081,0.0003904646971915934
2015-04-09,0.008835011772761223,3.1779609591985234,-0.3835616091437673,6.489021144060322,6.872426185611587,0.002772380740166573
2015-04-10,0.03596183847328564,3.177932896568046,-0.38172868917154407,6.517952828102592,6.899524949681634,0.011189488591891658
2015-04-11,0.06596851773871529,3.1779307234630694,-0.3797210873411816,6.549964936093407,6.929529455842087,0.02033617965096708
2015-04-12,0.08560799011119652,3.1779520826193934,-0.3774029153885224,6.571943939574872,6.949190287370893,0.026231473667824697
2015-04-13,0.08891134859622414,3.1779428471377793,-0.37450415990093766,6.57813681806587,6.952484410374306,0.027216197377993894
2015-04-14,0.08030689291616258,3.1779319287862924,-0.3707493717113314,6.573276232223927,6.9438690363427575,0.02464733167539929
2015-04-15,0.06573543017443517,3.1779284425009826,-0.36628138217309575,6.563169272735126,6.9292940873157205,0.020265795950125898
2015-04-16,0.049838035451768646,3.1780907701887324,-0.36126041281742965,6.552455175055876,6.913559020280804,0.015439632796324808
2015-04-17,0.03560763607088818,3.1783278338191323,-0.3558468642505105,6.543875387872314,6.899565684530323,0.01107913845952441
2015-04-18,0.024285198017687092,3.1783472731563096,-0.3501644095692265,6.538254843837574,6.888262685814299,0.0075828863399941765
2015-04-19,0.01596148692137637,3.1782925925527605,-0.34441181691617884,6.535629044790762,6.87988429411444,0.004996937164123173
2015-04-20,0.010180995812080536,3.178211297183722,-0.3388262263345411,6.535352848894066,6.874022507636106,0.0031931440288718383
2015-04-21,0.006335632960626428,3.1778543039604847,-0.3335870319367546,6.536389687217161,6.869820151561414,0.001989715778937654
2015-04-22,0.004211425024748402,3.177119024592765,-0.32870955655242645,6.538407675297892,6.866960664257816,0.001323793642768149
2015-04-23,0.004384383185689449,3.176187858603144,-0.32415164015961806,6.542207383862019,6.866202456429136,0.001378488791445769
2015-04-24,0.005820783712847195,3.175145848845995,-0.3198870361891278,6.546866378602518,6.866596847199144,0.0018298788969580684
2015-04-25,0.008320199121370714,3.1740228661599277,-0.3157639284563991,6.552365919057704,6.867973279921602,0.0026144884290265112
2015-04-26,0.01006563324498968,3.1730172368657685,-0.3115632833900477,6.5573063689535145,6.868713084751061,0.0031622278324910332
2015-04-27,0.010113632013737646,3.172293228609867,-0.3071249764072087,6.5610686664492,6.868037075263907,0.0031779820923826946
2015-04-28,0.010010756653097495,3.1719296013156266,-0.3024112942437863,6.565315845957741,6.867570572609027,0.0031461169999704606
2015-04-29,0.00962015133901571,3.1719769520666685,-0.29759118812011787,6.56979269751837,6.867227318045987,0.0030236862262408995
2015-04-30,0.008726808129894634,3.1722135868713814,-0.29265818662638426,6.574068990607696,6.866570609641579,0.0027434679831186
2015-05-01,0.00795338450922978,3.172668071864142,-0.28756482786402554,6.5788434107421505,6.866251671013675,0.002500575632253465
2015-05-02,0.006997278865273536,3.173251400950126,-0.28234916553011674,6.583686296518087,6.865878894455703,0.0022002300982575046
2015-05-03,0.005731787457267689,3.1739263910142754,-0.27713674798295346,6.588308212721394,6.865288393111846,0.0018026426538788993
2015-05-04,0.004379139503233004,3.1746762295290023,-0.2719865695827403,6.592855581682299,6.864685583672538,0.0013774970847916048
2015-05-05,0.0031561810835798836,3.1753334259762727,-0.266872538021281,6.597403851271375,6.8641198217001556,0.0009929814074488654
2015-05-06,0.0021701142353966283,3.1759817304155713,-0.26169530650073575,6.602243320383036,6.863782059291271,0.0006828227037197951
2015-05-07,0.001436496842958744,3.1766466559111746,-0.25643505395541843,6.607434881031519,6.8637133673944355,0.00045200102511914233
2015-05-08,0.0009040598959469728,3.17733253745766,-0.2509889058416352,6.613034473744776,6.86386681199391,0.0002844533024066704
2015-05-09,0.0005621638341301498,3.178040318628084,-0.2454015392307597,6.618987725464258,6.864232697102517,0.0001768588042172186
2015-05-10,0.0003182018130867617,3.1788742047106515,-0.23968915450430317,6.625290034252239,6.864822621164041,0.0001000888818285449
2015-05-11,0.000192648888007271,3.179798612845069,-0.23385603611688202,6.631922007848997,6.865621476373379,6.0581577794109576e-05
2015-05-12,0.000289332299821307,3.1809330592472986,-0.22792131182193873,6.639087861957986,6.866852606187423,9.095003876185983e-05
2015-05-13,0.0010456823110369935,3.1821737934010605,-0.22185026273490963,6.647155995209992,6.8688496903524,0.00032849833918632663
2015-05-14,0.001935075809996712,3.18348375925914,-0.21573114829704576,6.655474469004895,6.871049049709439,0.000607479239054199
2015-05-15,0.004556367313233834,3.184745866738315,-0.20955662364470792,6.665532392639645,6.874932448691851,0.0014286408056867117
2015-05-16,0.012480945067632282,3.1857788652853833,-0.20332483448989747,6.680721758095922,6.883890024993319,0.003902417504428656
2015-05-17,0.01923040952448798,3.186475103778272,-0.19704986461675375,6.69444243091881,6.891335727943062,0.005998807265572988
2015-05-18,0.02171076681752836,3.1868280123474633,-0.1907528274417445,6.703572733956051,6.894168993805295,0.006766558957775319
2015-05-19,0.020379034512114896,3.1870260822328373,-0.18447093397097153,6.708720965006785,6.893035331385255,0.006353745089986213
2015-05-20,0.016889155083986713,3.1870288895571153,-0.17830054878931534,6.711404278084591,6.889548259281405,0.0052714067116153744
2015-05-21,0.012828605464661315,3.1869215969925837,-0.1722139901531071,6.7133229945369415,6.885380417097547,0.004009252176876057
2015-05-22,0.009144577557254454,3.186739232174138,-0.16620273328528945,6.715467858678907,6.881514024371695,0.0028613610824678374
2015-05-23,0.008919518802426769,3.1864971804370037,-0.1603718465457632,6.720831634926471,6.881046913879733,0.002791347621282001
2015-05-24,0.019787058601481392,3.1862053388357197,-0.1547530216992247,6.737026157970781,6.891622612077503,0.006171898167100685
2015-05-25,0.03222036062012449,3.1858707827371644,-0.14933794270884004,6.754539982881253,6.903721357997592,0.01001225856720467
2015-05-26,0.04018068002595118,3.1854988703985194,-0.1440653975977541,6.76740093505952,6.9113097650647735,0.01245650083892052
2015-05-27,0.04105445048426239,3.1850938168550433,-0.13888645817711512,6.7730485913949945,6.911778481979608,0.012725531216245416
2015-05-28,0.0365064400244726,3.184659030532512,-0.13388045403189913,6.77307179875789,6.906795685197287,0.011333301675483354
2015-05-29,0.02940854448328901,3.1840929569529,-0.12906413506824002,6.770224148600754,6.899131716076492,0.009151557722983992
2015-05-30,0.021976456789513526,3.1834851412761522,-0.12431570787728867,6.766932672421181,6.891091812705968,0.006855941372929006
2015-05-31,0.015438578676030275,3.1826867894146416,-0.1197112895965357,6.76420086072694,6.883755582730974,0.0048273838261841924
2015-06-01,0.01043636390401169,3.1818442675580845,-0.11519766541546472,6.762869748279435,6.877910846102399,0.003269250140841074
2015-06-02,0.007323022869061496,3.181222696813265,-0.1108357299628379,6.763496771952292,6.874175934322629,0.002296665474751633
2015-06-03,0.007285138396341027,3.18059224416622,-0.10665025340927654,6.767013911386089,6.873507597202863,0.0022852630518947065
2015-06-04,0.0078682234283283,3.179976168567283,-0.10263170833257149,6.770999465895844,6.873474606635915,0.002468195576949959
2015-06-05,0.007551189641051514,3.17936301515051,-0.09877151094459792,6.773929476079768,6.872544419431865,0.002369436124040683
2015-06-06,0.006431634143009407,3.1786944858061474,-0.09506187621714465,6.775851025964816,6.870756334589459,0.002019271419968787
2015-06-07,0.004999686467235356,3.1779991037990105,-0.09149569802100714,6.7772898744780425,6.868629004906548,0.0015707472093689208
2015-06-08,0.003492057790682112,3.1772863893940184,-0.08806644990949855,6.778498779508006,6.8664086618250035,0.0010978626297511933
2015-06-09,0.0024068425344129056,3.1765588777855047,-0.08476810293967164,6.77998439961305,6.864595934960221,0.0007571149695098603
2015-06-10,0.0015633465630964572,3.1760788731933234,-0.08159505755279486,6.781833944436428,6.863272434396722,0.0004919831922475824
2015-06-11,0.001010107638436398,3.175798978737564,-0.07854208705397463,6.78405378155483,6.862439301016303,0.00031796296565894547
2015-06-12,0.0008921455696434179,3.1758411384839302,-0.07560429065900741,6.786915775627371,6.862363498693876,0.0002808374168904173
2015-06-13,0.0018748383550735122,3.1760323409612923,-0.07277705443024357,6.790916907118926,6.863537393956668,0.0005899600741255222
2015-06-14,0.00283361887378671,3.17633781558123,-0.07005601871575212,6.7949021979720685,6.86480164909532,0.0008913073523109514
2015-06-15,0.0032792345865735105,3.176720783513655,-0.0674370509477912,6.798349749385241,6.86563023274053,0.0010312058389649213
2015-06-16,0.0038055791610084847,3.1771635460573253,-0.06491622285652127,6.801839684594617,6.866599339858636,0.0011963584087749607
2015-06-17,0.003996088627018608,3.1776562611635724,-0.0624897913202088,6.804949340703186,6.8672825644308935,0.0012559790284069287
2015-06-18,0.003627676078196654,3.178139911738995,-0.060154182209782955,6.807400187840212,6.867397802457495,0.001140144896845018
2015-06-19,0.002978687275494983,3.1786399372144003,-0.057905976698582315,6.8094994300241165,6.867248839130198,0.0009362175757229709
2015-06-20,0.003911044004710986,3.179267229011647,-0.05574189960146199,6.8132231556477,6.86880848765666,0.0012286600589934624
2015-06-21,0.011371996079992765,3.179699595893115,-0.053658809384538445,6.8231995648213735,6.8767018066134105,0.0035636919298827814
2015-06-22,0.019712236609858252,3.180067698084685,-0.05165368955051597,6.833913027376831,6.885410149334845,0.006160497600513899
2015-06-23,0.024565753159423772,3.180364623120266,-0.049723641157111385,6.840993517355383,6.890560590919993,0.00766498808873967
2015-06-24,0.027180277008695037,3.1806316821551777,-0.04786587626945277,6.845732865127224,6.893442173804175,0.008473151592021519
2015-06-25,0.02748880607958298,3.1808842781620887,-0.04607771218306534,6.8480821542914105,6.894003298881975,0.008567833402729163
2015-06-26,0.024918633370153008,3.1811281119161747,-0.04435656628355717,6.847476961235575,6.891676959926631,0.0077723861658565915
2015-06-27,0.020535160731550674,3.181366385211171,-0.042699951433352756,6.844988376742172,6.887531760583024,0.006413426658159346
2015-06-28,0.015995516483061255,3.181601123213139,-0.04110547179580839,6.842277950133196,6.8832268543365025,0.005002355920845904
2015-06-29,0.011938485897312274,3.18157276838765,-0.03957081902343884,6.839727217494328,6.8791414689252655,0.0037383572333723743
2015-06-30,0.008534205079952156,3.181408909301171,-0.03809376875049276,6.837636127863434,6.875573329021426,0.0026753471061843263
2015-07-01,0.005856401161322732,3.180943227000234,-0.036672177341155826,6.835914233053205,6.872429842801859,0.0018377061141748815
2015-07-02,0.003890318596393686,3.1803341080063983,-0.035303978853736574,6.834707229981859,6.869854641243094,0.001221747614235915
2015-07-03,0.0025096104289036095,3.1796648870604574,-0.03398718218861102,6.833974097533554,6.867804712129663,0.0007886463897198647
2015-07-04,0.0018409808919400865,3.178940163751938,-0.03271986839375283,6.83384805848293,6.8664113592841804,0.0005787826349009006
2015-07-05,0.002460221324992855,3.1781662571682388,-0.03150018810664984,6.834913072619386,6.8662566931335345,0.0007735021202987481
2015-07-06,0.0031036806777701657,3.1773494744557635,-0.030326359115399135,6.835913578250938,6.866083369773836,0.0009758611513458545
2015-07-07,0.0035997516768256754,3.176494739500343,-0.029196664025072965,6.8366846093849,6.865724705817471,0.0011319637472448699
2015-07-08,0.005399828896332066,3.1758668780857913,-0.02810944801811168,6.838944041196816,6.866896921622426,0.0016973832732982512
2015-07-09,0.010291835423332063,3.175264150633671,-0.027063116699595078,6.844279651590212,6.871186200697306,0.003230781523972217
2015-07-10,0.020016079629058246,3.1747193625498498,-0.02605613402005115,6.854466090391661,6.88036565681921,0.006265332448124926
2015-07-11,0.027835144331421702,3.174382165726628,-0.02508702026977908,6.862917072021075,6.887847524698352,0.008692459516720652
2015-07-12,0.029600041106814336,3.174210300445556,-0.024154350139822037,6.865442773645352,6.889440556192673,0.009239011661493036
2015-07-13,0.026496449061033243,3.174116262364349,-0.02325075949890752,6.863148734159279,6.886242926065685,0.00827855521739559
2015-07-14,0.02118575174275113,3.174070923894891,-0.022378803147900164,6.8586646547225465,6.880886890277945,0.006630375551448718
2015-07-15,0.015657644283523273,3.174088469455564,-0.021538971616976845,6.853993924354915,6.8753763283793905,0.004908743117855563
2015-07-16,0.011100299249482125,3.174146480129777,-0.02073963551782537,6.850293926094238,6.870876994019562,0.0034849102811573525
2015-07-17,0.008289731143924233,3.174234856449993,-0.019967566412058123,6.848343803414663,6.868154802234219,0.002604765781304306
2015-07-18,0.008452317876872546,3.1743485628025923,-0.01921836897966077,6.849369293932608,6.868431095319767,0.0026556225770140367
2015-07-19,0.01668964797563646,3.1744058420976273,-0.01849565623414067,6.858386616071927,6.876725704713566,0.0052300684913860985
2015-07-20,0.025630023384928636,3.1744498960294427,-0.017803377871231638,6.868063323775944,6.8857101340546745,0.00800918227992851
2015-07-21,0.029354238154208668,3.174494434253937,-0.01714429873566168,6.872491155905288,6.889478887048448,0.009162179976542027
2015-07-22,0.02801383727903017,3.1745684380482273,-0.01650995883014294,6.871859098729919,6.88821248996756,0.008747265447276468
2015-07-23,0.023617422442982778,3.1746576752334805,-0.015896676415136306,6.868165203494131,6.883905312316766,0.007384424954607801
2015-07-24,0.018203434082970794,3.1747572705608738,-0.015309136286000795,6.8634383505906476,6.878590919284147,0.005701114347099764
2015-07-25,0.013076019904542591,3.1749701674429636,-0.014738510544327309,6.859094459035983,6.873676401987809,0.004101577937119538
2015-07-26,0.008982216781455181,3.1753909806035914,-0.014194375685689627,6.855965603932161,6.8700034120253495,0.0028207173671827243
2015-07-27,0.006376713615792571,3.17590643348733,-0.013663478051910233,6.854406451284016,6.867913361743425,0.002003817171830666
2015-07-28,0.006372371559928206,3.176452332161883,-0.013159594252929339,6.855451891701686,6.868454918362114,0.002002112008392018
2015-07-29,0.007380214208705664,3.1769790126059627,-0.012672977647393122,6.85747303140008,6.869989441454971,0.0023176449900999805
2015-07-30,0.008254123185094818,3.1773323742636537,-0.012195385031241871,6.859177894650311,6.871216712089051,0.0025910843079305257
2015-07-31,0.008148478133109134,3.177548227795288,-0.01173559037265348,6.859747897788548,6.871326920568699,0.0025578323629946594
2015-08-01,0.00708762704629146,3.1777094818493024,-0.011295096165376826,6.859288794963021,6.870427323535896,0.00222545638040637
2015-08-02,0.005606301781702103,3.1778419233094994,-0.010869273524458803,6.8583657337995465,6.869078439731505,0.0017610783607267526
2015-08-03,0.004023036023307155,3.177981037038683,-0.010459927468092862,6.857330927826702,6.867634287702293,0.0012643088855118444
2015-08-04,0.002798589014700038,3.178116743764697,-0.010071021148372016,6.856631093863829,6.866545547419699,0.000879806194732856
2015-08-05,0.002309104392221204,3.1785080000384385,-0.009693498391710886,6.856910388271753,6.8664473190709625,0.0007259469238280882
2015-08-06,0.00543438701949471,3.1791071883025053,-0.00932824579118767,6.861000111763616,6.870171789962303,0.0017064895812971825
2015-08-07,0.015012795742760083,3.179827585590291,-0.008976219196653283,6.871650944369202,6.880470595973353,0.004699075368671776
2015-08-08,0.02292195149836619,3.1806445276329964,-0.008637546567594679,6.8807157147965725,6.889196693771665,0.007155135268047071
2015-08-09,0.02586620778355591,3.181523948977618,-0.008310938760756536,6.884866000233222,6.893020371401477,0.00806456543150199
2015-08-10,0.02538886084779398,3.182372931886805,-0.007999659261374718,6.885548915706028,6.893392007374901,0.007914821139555415
2015-08-11,0.02269469642520774,3.1832297140548946,-0.007697994306760526,6.884013198406146,6.8915546251204045,0.0070789867505981225
2015-08-12,0.01861912661567983,3.1841049376243795,-0.007404990396997543,6.881105856075866,6.888354278880362,0.005813528184825927
2015-08-13,0.014217801888179745,3.184895007606281,-0.00712329021606207,6.877776301511203,6.884743024134764,0.004444295257730067
2015-08-14,0.010402974123848172,3.1856344009046746,-0.006853178028267967,6.874970979233058,6.881667589668826,0.003254960096877882
2015-08-15,0.00967686336188925,3.1861237499439015,-0.006596025421005325,6.8749913701175895,6.881430827946094,0.0030279934616694805
2015-08-16,0.01711144988794789,3.186484856718538,-0.006346521285158478,6.883036567554132,6.889226521246789,0.005341325263941808
2015-08-17,0.029299788897842426,3.1867841751268826,-0.0061046911307990545,6.89576605512673,6.901714178665028,0.009110393020080109
2015-08-18,0.03795087961454205,3.1870426766860196,-0.005871536684344851,6.904908801849021,6.910623770940864,0.01176773812164638
2015-08-19,0.0390900314080631,3.187270343874989,-0.005649772355398711,6.906497385160458,6.911990589923355,0.012115829250671877
2015-08-20,0.034427045066751205,3.187473354181939,-0.005435876763451838,6.9022513047180425,6.9075306138889925,0.010685322573838469
2015-08-21,0.027239987629730972,3.1876559449872706,-0.005228230986223398,6.895454483863583,6.900526147257304,0.008473054245198218
2015-08-22,0.019922223147402236,3.187769024798417,-0.005027996404394728,6.8884500337742285,6.893321462586122,0.006210767061873637
2015-08-23,0.013855414073755073,3.187975956457434,-0.004834033516986474,6.882784119247007,6.887461585171492,0.004327340346926652
2015-08-24,0.009223530183638279,3.1882127424097217,-0.004646401582917304,6.878576653243247,6.883066487233663,0.0028846642739050765
2015-08-25,0.006802972000932959,3.1883532678588398,-0.004474705323500413,6.876468316769076,6.880786454500075,0.0021291515939237836
2015-08-26,0.008673519915869525,3.188479964709647,-0.004312287669359015,6.878627979188961,6.8827836992658185,0.0027128881855621825
2015-08-27,0.01094592453691264,3.1886487876218466,-0.004150939098125157,6.881230555293438,6.8852249267990615,0.0034210347002128433
2015-08-28,0.01125890811097769,3.188855123531387,-0.003990566671281675,6.881910247203887,6.885744246282668,0.0035182834110443826
2015-08-29,0.00992225210517247,3.1890743759568445,-0.003835449025681024,6.88094796126914,6.884626842702319,0.0031016763250492907
2015-08-30,0.007852138710620696,3.1892992177342476,-0.00368369380511572,6.879254444872556,6.882781571085171,0.0024559796628934164
2015-08-31,0.005685286390437367,3.1895272967414825,-0.0035503352696497196,6.877449030095074,6.880842797772223,0.0017793139712991171
2015-09-01,0.006426946555319023,3.189809609238013,-0.003421879434952142,6.878601458591183,6.881866770433634,0.002010785635897279
2015-09-02,0.01696317914824765,3.1902453842851464,-0.003292584823620591,6.889702760842578,6.892838778073697,0.005289078902336228
2015-09-03,0.026892977511840766,3.190982155043214,-0.003165640732176024,6.900496274055683,6.903505347195358,0.008357371372110149
2015-09-04,0.030219119093312406,3.19193116464283,-0.0030412673841009913,6.904895798584845,6.907780498376445,0.009378556688011705
2015-09-05,0.027929801783652626,3.192989924601692,-0.0029210137006819036,6.903785494917466,6.906549941025647,0.008671374686818618
2015-09-06,0.022797398344121332,3.194123842309132,-0.002805583866753621,6.899902439019304,6.9025514552935565,0.007086713238740005
2015-09-07,0.017093976266870738,3.195317756186511,-0.002704378024801941,6.895494136661384,6.8980419470936845,0.005321228313973232
2015-09-08,0.012055782239324603,3.1965622494003703,-0.002606878225957496,6.891797935646542,6.894248246279997,0.0037573129990682488
2015-09-09,0.008119024804779718,3.1978507501101334,-0.0025060248966804434,6.889250532251037,6.891599989555216,0.002532470788809978
2015-09-10,0.005230075021163936,3.1991783531877394,-0.002408165945647302,6.88778704449606,6.8900386428492055,0.0016321499391659241
2015-09-11,0.0033043394686469263,3.2004107673182363,-0.002316115034493943,6.887185773985193,6.889345321427186,0.0010314086485551965
2015-09-12,0.0020387209934679767,3.201621264237537,-0.002232780885568799,6.8872139865782405,6.889290199871308,0.0006363724623919387
2015-09-13,0.0012332822454008904,3.2028335635956338,-0.002152489581378772,6.88770113849246,6.889697060481337,0.00038491152174360035
2015-09-14,0.0007337214273057071,3.2040009136525884,-0.002075128197212777,6.888446289115485,6.890364849720196,0.00022894919887412625
2015-09-15,0.0004303373532148643,3.2050777625201983,-0.001985214718759328,6.889309667387458,6.891138314513716,0.0001342493420097296
2015-09-16,0.0002493047534021828,3.2060953034952506,-0.0019050139736248232,6.890226376507832,6.8919748228889555,7.775357419811351e-05
2015-09-17,1.3497665351424107e-05,3.207087999012779,-0.001823573184823088,6.891064705726112,6.892731711318433,4.208680444134616e-06
2015-09-18,7.801018742440165e-06,3.2080673628086998,-0.0017517652311203672,6.8921101808291265,6.893705378467745,2.4316820348850687e-06
2015-09-19,6.09175870850566e-18,3.209299211193402,-0.0016794571100183897,6.893406536316188,6.894929425833705,1.8981585410480917e-18
2015-09-20,0.0048020902103875435,3.210581544014649,-0.0016082831239113704,6.899562133333928,6.901013848865339,0.0014934734876651606
2015-09-21,0.0318127570122774,3.2116594477292115,-0.0015506493388466906,6.927708337635446,6.929102419381792,0.009808240985007282
2015-09-22,0.07424092223642947,3.2124061311056016,-0.0014885202652321862,6.970945315309603,6.972277267982333,0.02258865069218111
2015-09-23,0.10888906923803739,3.212887108694701,-0.0014313264690400754,7.006131633696503,7.007406392573041,0.03278037513828008
2015-09-24,0.1416844475685957,3.213242162509644,-0.0013729487481870647,7.039340443562857,7.040556824718543,0.0422317576613968
2015-09-25,0.17012465139787536,3.2135179716165885,-0.001314514723294395,7.068114890523974,7.069272837654767,0.05027855194893853
2015-09-26,0.17719098663305177,3.213733248993186,-0.0012614956389595433,7.075449522220082,7.07655445026654,0.05225448117401775
2015-09-27,0.16154138360175604,3.213899158459415,-0.0012102459036328517,7.0600170783903415,7.061070756701474,0.04785786672548313
2015-09-28,0.13265649143498512,3.2140232713708334,-0.0011621918765668093,7.031304353162056,7.032309977446121,0.03963823874315582
2015-09-29,0.10059108814008524,3.2141111119722336,-0.0011127299999480098,6.999376252345175,7.000332414752622,0.030346945839260224
2015-09-30,0.07178537751706983,3.2141669108948205,-0.0010635506596230729,6.970675519985072,6.971582503052193,0.021846141153730476
2015-10-01,0.04887775786495574,3.213933098504026,-0.0010152552875604542,6.947582383314225,6.9484410710092845,0.014980260890559049
2015-10-02,0.03206738489998322,3.2135651250444908,-0.0009694349752334658,6.930449857202044,6.931262724584776,0.009880165053107575
2015-10-03,0.020418119534760595,3.2131178044840887,-0.0009348620425132998,6.91838784420914,6.919166138659152,0.006314486684095232
2015-10-04,0.012685129985809182,3.2126082242622975,-0.0009015388679120934,6.910178597612999,6.910923568888409,0.003933015881827094
2015-10-05,0.007720962540396562,3.212046076203348,-0.0008694195805734358,6.904684401395976,6.905397253384047,0.002397987943689568
2015-10-06,0.0043733053869441955,3.211437905101439,-0.0008323131217425745,6.900765679599445,6.901441425128686,0.0013599384729677663
2015-10-07,0.0023511623289225844,3.210788551077783,-0.0007943836241359017,6.898132112015373,6.898769928047008,0.0007317336121776614
2015-10-08,0.0013342147731339826,3.2101017990510408,-0.0007623915179205883,6.896460404539058,6.897066228464477,0.00041545737401917
2015-10-09,0.0005168595026172482,3.209641646649483,-0.0007275951195092584,6.895217693265395,6.895788720792403,0.000161007471010143
2015-10-10,8.729910850899578e-05,3.2094666781145262,-0.0006928013801487381,6.894647958075691,6.895184191863338,2.719976330933327e-05
2015-10-11,2.3403056227338e-05,3.2096652813909663,-0.0006579577286551278,6.894817508951343,6.895318899087496,7.291378861987272e-06
2015-10-12,4.7421963876410054e-18,3.2102903458144674,-0.0006248720045298464,6.895452256042741,6.89592056045477,1.477186134837871e-18
2015-10-13,0.0005238643865877225,3.2112746342163936,-0.0005947642368344293,6.896990516598951,6.8974287132432845,0.00016310624306462094
2015-10-14,0.0031498140798523213,3.2125269862886388,-0.0005685932537098892,6.900894989347585,6.901307015008793,0.0009795182399833769
2015-10-15,0.006192107923845845,3.213940463354377,-0.0005397029741809856,6.905379650536846,6.905762785918526,0.0019229357136025939
2015-10-16,0.007665782747398686,3.215472653856506,-0.000520544190776079,6.908404674645933,6.908768651244207,0.002378359756547045
2015-10-17,0.007443165836129065,3.2171022935213553,-0.0004944847155780331,6.90983775687471,6.910175673997787,0.0023082837348530273
2015-10-18,0.006253555192497185,3.2188152319829895,-0.00046666343474274156,6.910388905973548,6.910699001815789,0.0019390455228007848
2015-10-19,0.004777685334503441,3.220601150380829,-0.0004433468130142359,6.910722271135123,6.911009050355635,0.001481278813390562
2015-10-20,0.003413714712368366,3.222452113958736,-0.00042083603273043876,6.911231774871178,6.911496043311407,0.001058232082074736
2015-10-21,0.002321034949698249,3.2243617977858383,-0.0004059188510347046,6.912063696117306,6.912313047375839,0.0007193254094114073
2015-10-22,0.001518922918942301,3.2263250248929003,-0.00038968370612183433,6.913241046338525,6.913474162452145,0.0004705688823562798
2015-10-23,0.0009643155829141883,3.2283374700825984,-0.00036895306468386296,6.914719614833633,6.914932000305815,0.00029861426615334334
2015-10-24,0.0017323526759685842,3.230395459747645,-0.0003558895939945446,6.917558705062423,6.9177580270639165,0.0005359790133638243
2015-10-25,0.006808761701810505,3.232495831025404,-0.00034329443957004243,6.924748080520448,6.924934807367517,0.0021019208002536482
2015-10-26,0.012094920104095892,3.2346358294779742,-0.00033115057381948477,6.9321863812410545,6.932360964222372,0.003725261204875948
2015-10-27,0.016538873279199805,3.2365521084951188,-0.0003148776828377257,6.938562886324284,6.938721196414621,0.005084048792935721
2015-10-28,0.01847917672344984,3.238134314623974,-0.0002975396284574221,6.942102733951771,6.942243705987726,0.005674353672165155
2015-10-29,0.01784183137589394,3.2393509597646846,-0.00028050596541095415,6.942699067407972,6.942823005780881,0.005477671270924748
2015-10-30,0.017170365574077667,3.2401445537436184,-0.00026483805328315327,6.942836863497217,6.942945133957998,0.00527132500215064
2015-10-31,0.01641929667919606,3.240632391147737,-0.0002489452179241483,6.942589524841813,6.9426819024672355,0.005041153243150042
2015-11-01,0.014624223851065214,3.2408491338784833,-0.0002336156274678716,6.941026524334885,6.941103572369851,0.004492195832702045
2015-11-02,0.011953105540107277,3.2408284369876728,-0.00022013653162798714,6.938348188228956,6.938411757168083,0.0036747335730447973
2015-11-03,0.009074159748778312,3.2406609423555794,-0.0002059294390649413,6.935315954898097,6.93536531674466,0.0027922767436959284
2015-11-04,0.009899415875201257,3.2403837325575875,-0.00019208996718652962,6.9358778406984065,6.935913363073091,0.003045708765396186
2015-11-05,0.02386225022891613,3.240015398028925,-0.0001799336484519052,6.949484496842193,6.949507862898144,0.007311012482852436
2015-11-06,0.03721783874809595,3.2395685429682497,-0.00016871185831218317,6.962404452090837,6.962416596356649,0.011358030220023572
2015-11-07,0.04129105096793665,3.2390525139849218,-0.00016276126190253613,6.96596758592376,6.9659737795931616,0.012587416577059068
2015-11-08,0.0376770552652002,3.2384745979892315,-0.00015331110934675214,6.961785124377889,6.961781867894734,0.011500400241781523
2015-11-09,0.030366991263826224,3.237840668890143,-0.0001427132257699874,6.953851729161004,6.953837874794272,0.009291634565961332
2015-11-10,0.022583371453155192,3.237155578396742,-0.0001314904197917915,6.9453942416629095,6.9453691644902005,0.006927969325333581
2015-11-11,0.016225747130976863,3.236684334360964,-0.00012251710698076866,6.938574346617765,6.938540296132244,0.004988071211465813
2015-11-12,0.013663751906884757,3.2362777069493234,-0.00011292041533719677,6.935615320673675,6.935571673496511,0.004204307086717066
2015-11-13,0.014818628660922947,3.2360688180916015,-0.00010288763758936464,6.936571341347739,6.936517661392827,0.004558333348552569
2015-11-14,0.016281480628017993,3.235964327397631,-9.236465856885522e-05,6.937940225599885,6.937876022665952,0.005006226954875235
2015-11-15,0.016267936381837555,3.235906462984361,-8.632374172726794e-05,6.937874857857276,6.937804614006501,0.005002172203621042
2015-11-16,0.017505295580252548,3.236006765321726,-7.847817348667953e-05,6.939220364961296,6.939142275542281,0.005380430517106955
2015-11-17,0.02294888718241957,3.236232170800218,-7.571496744456028e-05,6.944892125247997,6.944811272622941,0.007041304786124534
2015-11-18,0.026616488146585102,3.2365204619057626,-7.305018158037041e-05,6.948850682103572,6.948767164692651,0.008156718076499399
2015-11-19,0.025782886324154337,3.2366933835962004,-7.048026395267821e-05,6.948192571889207,6.9481064845606575,0.007902857888000442
2015-11-20,0.021690704377441083,3.2367807779401194,-6.800179273202719e-05,6.944190262757633,6.944101696957864,0.006656711435146197
2015-11-21,0.016779268546939678,3.236838678672436,-6.25136183198976e-05,6.93934221583386,6.939248161859679,0.005157110889826405
2015-11-22,0.012121270432796162,3.237143393463243,-6.031668807451973e-05,6.934991129440769,6.934894878536342,0.003730465716591434
2015-11-23,0.008317407966599138,3.2375730160093013,-5.525655750353347e-05,6.931621949651201,6.9315206386162025,0.00256244262134121
2015-11-24,0.005484978047999246,3.238061982544904,-4.9691418072805754e-05,6.929284051407635,6.929177175233206,0.0016910432050586438
2015-11-25,0.0035048203780439473,3.2385911172488053,-4.358393045227868e-05,6.927839135929201,6.927726152267152,0.0010810353689315582
2015-11-26,0.0021829098797178483,3.2391516139334144,-3.7403351379346275e-05,6.927083902694557,6.926964738453435,0.0006734602256202348
2015-11-27,0.0013087732086707006,3.2397380429687517,-3.170113941001703e-05,6.926801897270817,6.926677030817725,0.00040381188020428003
2015-11-28,0.0007534590152138356,3.240346642323524,-2.9395619888722044e-05,6.9268574879516525,6.92673031597904,0.000232470146448923
2015-11-29,0.0004366916846963605,3.2411050813317015,-2.4470000741114938e-05,6.92730408524846,6.927171987656701,0.00013471727815804132
2015-11-30,0.00025496773933516057,3.241856552480535,-1.9551551508493692e-05,6.927878750901166,6.927741734860173,7.864249509772243e-05
2015-12-01,0.00047405922427098425,3.2426710411655684,-1.886529408873258e-05,6.928913017328554,6.928775315030142,0.00014617268410654842
2015-12-02,0.001983461745104263,3.2433421006005156,-1.8212729955362212e-05,6.931094131848469,6.930955776985923,0.0006111749675033154
2015-12-03,0.0034669180341957997,3.2440698183892827,-2.0294243149879333e-05,6.933303224413132,6.933166951063781,0.00106755313814061
2015-12-04,0.004042193217965139,3.2450866076359244,-6.500620080847595e-05,6.934850576885886,6.934759015494192,0.0012440852504532378
2015-12-05,0.0041396818314063935,3.246096133593728,-0.0003125597475077166,6.935710037910431,6.935866030065437,0.0012736558411423813
2015-12-06,0.003908471569601603,3.2470675342492896,-0.0010010657064713124,6.935761722345224,6.936606220459193,0.001202245591048924
2015-12-07,0.0037722099021082244,3.248041182917541,-0.0022803648405719766,6.935319810211881,6.937443607459952,0.001160032709883558
2015-12-08,0.003815921147514022,3.249026238942744,-0.004195654306982244,6.934433288016081,6.93847237473056,0.0011731036920058057
2015-12-09,0.0036272905612510804,3.250023936170627,-0.00668517632692712,6.932752832637755,6.939281441372181,0.0011148369350253019
2015-12-10,0.0031179574118830066,3.25103425598876,-0.009634355779065346,6.930304639854382,6.939782428040946,0.000958147378307387
2015-12-11,0.0024552972081475426,3.2517958908658855,-0.01316019652090395,6.926877773785933,6.939881402714336,0.000754489148577576
2015-12-12,0.0018051556245307358,3.252434971601428,-0.017553773714265877,6.922473135744497,6.939870341866261,0.000554708796510822
2015-12-13,0.0019568284883901524,3.2530187944612696,-0.02307742255560555,6.9176849826268585,6.940605837589962,0.000601180689217228
2015-12-14,0.0048081610680190436,3.25356727389202,-0.02990302423624471,6.914259192956599,6.944005649600342,0.001475631388707057
2015-12-15,0.007477726323744717,3.2540894899377952,-0.03805429503349898,6.909299703460846,6.947197430901843,0.002292678895735224
2015-12-16,0.01052203978128156,3.25459091108188,-0.04731265077143525,6.903587082324531,6.950743165503464,0.003222565326109152
2015-12-17,0.020372785247075417,3.2550752151494002,-0.05741886045364848,6.903815922175632,6.961078215036778,0.006219846947534932
2015-12-18,0.028560772946597743,3.2554145842038587,-0.06818956821832305,6.901572571164937,6.969605571790758,0.008697011956685406
2015-12-19,0.030264454408406458,3.2556090904328463,-0.07935745484888479,6.892302872225172,6.971503759481555,0.009210474473651297
2015-12-20,0.027301989087658653,3.2556801853374604,-0.09061383914423284,6.87815511751369,6.968612389065422,0.008316216061221682
2015-12-21,0.02215829703434162,3.2556829971963492,-0.1017023727551224,6.861925703708373,6.9634715088709935,0.006760027422115375
2015-12-22,0.01680958716352682,3.2555332480316097,-0.11239717942562365,6.845732438002317,6.95797304983544,0.005136866156789599
2015-12-23,0.01276838814852589,3.2550399452822276,-0.12262097207407588,6.830974143589482,6.953438548071056,0.00390732467932745
2015-12-24,0.009704401468142037,3.254408563016877,-0.13244727361107672,6.817452473106746,6.9497431791253215,0.002973059319248501
2015-12-25,0.007182088671214808,3.2537125752118414,-0.14194163478301428,6.804739811332846,6.946524878523359,0.0022024902401055835
2015-12-26,0.00512302753335938,3.2529529285787353,-0.15120584566958686,6.792656892675312,6.943706170752398,0.0015724088702562837
2015-12-27,0.0035215540044759696,3.2521354021597095,-0.16034043830609002,6.7811033000909,6.941287170804488,0.001081672317413031
2015-12-28,0.002341147318336645,3.2512662425963077,-0.16941657522359213,6.769977596923856,6.939237604554947,0.0007195543400822134
2015-12-29,0.001476177071329359,3.250350484590853,-0.1785345313653165,6.75907891252967,6.937456876302485,0.00045395318536899077
2015-12-30,0.0009320959394264616,3.249392214838902,-0.18783828853789775,6.748272804473235,6.935954525418631,0.00028677013439414614
2015-12-31,0.0005758337518915821,3.2486035559640376,-0.19745897266355275,6.73750719928518,6.934809604356232,0.0001772243643161624
2016-01-01,0.00023314633532103173,3.247865185737394,-0.2074762260369465,6.726408888268573,6.933728546713017,7.177933408569366e-05
2016-01-02,0.0011029963895106934,3.247137513261911,-0.217827227089893,6.716200064794333,6.933870724291724,0.00033956733999018416
2016-01-03,0.007897520673470583,3.2466714497503584,-0.22841746624510267,6.71193828641153,6.940199185064131,0.0024265949639537434
2016-01-04,0.024278202759704017,3.2463097008294377,-0.2391138855467496,6.717260800275197,6.956218118229444,0.007423192244140917
2016-01-05,0.04174260044455034,3.2459972781277204,-0.24934049766935593,6.724186163135719,6.973370093212573,0.012696442536894805
2016-01-06,0.04973249653868108,3.2457437070368163,-0.25863665371465766,6.722626332093643,6.9811064182158,0.015091141148196653
2016-01-07,0.04755125615025701,3.2454204800114965,-0.2666174248618677,6.71214109353269,6.978601950802056,0.01444022602079244
2016-01-08,0.03965758401973066,3.2450778395475717,-0.27291324516727306,6.6976089606328335,6.970365638207605,0.012073296295097508
2016-01-09,0.030172754285940188,3.244783626079231,-0.27776084919154204,6.682982313406433,6.9605865950054735,0.00921317745385537
2016-01-10,0.021503575521049496,3.2444836726208583,-0.28174497324119147,6.670029057133521,6.9516174627822105,0.006584096595381183
2016-01-11,0.014595777565607182,3.2441833410168743,-0.28536900516534536,6.6591968956499406,6.944409333222785,0.004478909749475785
2016-01-12,0.00954039322295935,3.2438588110281796,-0.2891774627604532,6.65000852372349,6.939029418891442,0.002932438543199109
2016-01-13,0.006051670494257466,3.243499038917629,-0.293879075437746,6.6414584162069445,6.9351809240521884,0.0018623099115608866
2016-01-14,0.00374607828723407,3.2431241465119958,-0.2995756827938772,6.633081324238157,6.932500439439533,0.0011537505437149737
2016-01-15,0.0022723689908257685,3.242740507511378,-0.30613341907339287,6.624666239661615,6.930643091142507,0.0007002650150575527
2016-01-16,0.0013550808557377713,3.2423500885432532,-0.313497209201507,6.6159947424302885,6.929335384039294,0.0004177570971990796
2016-01-17,0.0008836870498215379,3.241953898529072,-0.32127532770436473,6.607349040107333,6.928467800219196,0.0002725042579225524
2016-01-18,0.0009962686536915894,3.241552544748442,-0.32922768941448755,6.59910790622045,6.928179028042436,0.00030724862169346606
2016-01-19,0.0016542316881576389,3.240937690053311,-0.3373925143632134,6.59098618961106,6.9282221363817715,0.0005101572223954767
2016-01-20,0.0028471810028178903,3.240492719797575,-0.3453562152682305,6.583770467764967,6.928970115440696,0.00087785464672243
2016-01-21,0.003633133737597282,3.240368088913573,-0.3525813699077278,6.577206634976246,6.929631437291473,0.0011199544908395847
2016-01-22,0.003627003174704835,3.2403708381762213,-0.358832018181975,6.5709526054017555,6.929628055991229,0.0011180658410038925
2016-01-23,0.0031105943083081893,3.2404398309981786,-0.3638388740418481,6.565498333497443,6.9291806399467895,0.0009590090796921296
2016-01-24,0.0024128869692083043,3.240556063155535,-0.36812277657660075,6.560632955780946,6.928599164765046,0.0007440364080931119
2016-01-25,0.0017440577321094935,3.2406832504310668,-0.3722102538922238,6.5560038365037565,6.928057522803479,0.0005378864555324438
2016-01-26,0.0011965453048597093,3.2408301900797074,-0.3765684051828142,6.551245112434557,6.92765695002487,0.00036907323798419445
2016-01-27,0.002098363931724914,3.240997618217812,-0.3814789639889241,6.5474038003934165,6.92872619678984,0.000647024924107892
2016-01-28,0.008989388427646926,3.241131516112923,-0.3871159004813256,6.548791786292048,6.935751119180873,0.002765862776085755
2016-01-29,0.01926484438806113,3.2412606386950458,-0.39337075978294217,6.552941505532969,6.946155697723409,0.00590850906947814
2016-01-30,0.025597245840511578,3.241393934088579,-0.39978442045125806,6.552993541710636,6.952621394569393,0.007835113237455133
2016-01-31,0.026722383537259614,3.2415330977495747,-0.40570116071217993,6.548341102807458,6.953885695927137,0.008176344747301705
2016-02-01,0.02439465096102924,3.24167858964473,-0.4106667337508256,6.5411932890877384,6.9517034552460615,0.007469107139956469
2016-02-02,0.020489300701383228,3.2418304395947093,-0.4143722934019941,6.533734229126903,6.947949954936395,0.006280592441108667
2016-02-03,0.016077795094017105,3.2419884996695605,-0.41657877193532417,6.5272743050610575,6.94369650940388,0.004934766097257636
2016-02-04,0.011878628941558526,3.2421786379407522,-0.41723342544655884,6.522610623668556,6.939687481522613,0.003650405622068033
2016-02-05,0.008355182832504797,3.242411420290441,-0.4165173140189499,6.5200360713368,6.936396817763248,0.0025702192290514314
2016-02-06,0.005640018842957925,3.2427182428782837,-0.41489848950142244,6.519246554452623,6.933988476361544,0.0017362674891560112
2016-02-07,0.0036808194717916133,3.243061531775058,-0.4130135355887438,6.51951559789091,6.932372565887152,0.0011336962017876363
2016-02-08,0.002597995538299511,3.243167282658339,-0.41136590753847846,6.520186152890965,6.931395492836941,0.0008004261909360768
2016-02-09,0.0029360155315322446,3.242922702294755,-0.41029054590444897,6.521354954154642,6.931488932466589,0.0009045419985187955
2016-02-10,0.003480723372461741,3.242269424363006,-0.40972830721445336,6.521808622753818,6.93138036237577,0.0010723941197045657
2016-02-11,0.0034925351503167,3.2414260184417696,-0.4094388108212469,6.521266525003643,6.930548768232389,0.001076309032918717
2016-02-12,0.0029760703400636894,3.2404668512101247,-0.4093040908989088,6.519925612884084,6.929073136190491,0.0009175651960113084
2016-02-13,0.002304799096063372,3.2394191588712182,-0.40921494947611253,6.518295790723974,6.9273541726075845,0.0007109794436379441
2016-02-14,0.0017024097474705765,3.2385597249695106,-0.40913906362546304,6.516909853324322,6.925892349357284,0.0005253925999475572
2016-02-15,0.0011780777620236898,3.2380073925768724,-0.40929830587414984,6.51567394669755,6.924815684979199,0.0003636956799205557
2016-02-16,0.0007827254676149393,3.237564617388102,-0.4097172053011908,6.51441691978733,6.92397755749602,0.00024170522329599692
2016-02-17,0.001286949889728549,3.237221767213578,-0.4108222510008956,6.513473248335215,6.9241389317436095,0.0003973896636226025
2016-02-18,0.004777895614659371,3.236955845317897,-0.412774637798544,6.514745885366817,6.92736395557286,0.0014738704645388006
2016-02-19,0.007994186600063223,3.236757800859553,-0.4154485361606447,6.515090233531775,6.930382202099919,0.002463728084907358
2016-02-20,0.009015200769521088,3.236598528687561,-0.41826591293022153,6.513134598759665,6.931243944097385,0.002777656714876273
2016-02-21,0.008267812518656827,3.2364660548695166,-0.42078069873743346,6.509739950883544,6.9303640820284755,0.002548071076569354
2016-02-22,0.006687963488452322,3.236354562594368,-0.42283117226260386,6.505998136053021,6.928672740723123,0.002062249703685053
2016-02-23,0.004974107560516489,3.236234149794218,-0.42457617711635004,6.502418862471188,6.926838471995037,0.001534646084289578
2016-02-24,0.0034703372337894366,3.2360912714859325,-0.4262674099382695,6.499080981014257,6.9251918233600245,0.001071236683521792
2016-02-25,0.0023247733466175147,3.2358922202427247,-0.42809897138961833,6.495904804432528,6.923847208229645,0.0007179177155884981
2016-02-26,0.0015034599295408926,3.2357509936649556,-0.43014354341570393,6.492897692411597,6.922884668234799,0.00046442439143809685
2016-02-27,0.0009453200645243296,3.235633332630831,-0.43260838587088135,6.489757049057278,6.922208867335658,0.00029207387366813616
2016-02-28,0.000580863069367984,3.235526785968213,-0.43552852783495016,6.486365903435434,6.921737863677883,0.00017949435938595333
2016-02-29,0.00043745625330775484,3.2354284228311325,-0.43885320239895814,6.4827994589182865,6.921496093724743,0.00013518985942381802
2016-03-01,0.0009654745184107504,3.235336756516856,-0.4426391757768964,6.479449837491174,6.921932445675569,0.00029832643847416655
2016-03-02,0.00247580480554004,3.2352508313300485,-0.44676419034937775,6.476749228019015,6.923356850775891,0.0007646738232647875
2016-03-03,0.0036591183160456964,3.2351699545551473,-0.45081506655610376,6.473800788547893,6.924459287511496,0.001129765799218889
2016-03-04,0.003877115963932987,3.2348326639540805,-0.4540957245858299,6.470400837564988,6.924339994558316,0.001197117441017248
2016-03-05,0.0034714701288364263,3.234130318311386,-0.456091675191506,6.467296895481521,6.923232003080525,0.001072235054116669
2016-03-06,0.0027659017757203663,3.2335026489439818,-0.45668784729441064,6.465367485658096,6.921898765360005,0.0008546576813303294
2016-03-07,0.0020358278607396736,3.2328274271356747,-0.4561275259752653,6.4645225112539535,6.9204934696367175,0.0006293396970011736
2016-03-08,0.0014150872275539813,3.232084763919262,-0.45486381493482037,6.464422818444799,6.919130065787119,0.0004376333053029511
2016-03-09,0.0009419755521548322,3.23127362901315,-0.4534851300004311,6.464517256797677,6.917845819205607,0.000291433390403892
2016-03-10,0.0006061888725718812,3.2304188448436073,-0.4525250535251523,6.46428676242383,6.916655248356482,0.00018761503431456554
2016-03-11,0.0003796470292156685,3.2295302762128335,-0.4521285269061964,6.463568178568657,6.915540137882352,0.00011754105787402102
2016-03-12,0.0002325260811459651,3.228612647087903,-0.45228221280204556,6.462349742599807,6.914475387809351,7.201524652783066e-05
2016-03-13,0.0001397903839411384,3.227669208758005,-0.45298828359626464,6.4606074977784855,6.913439213782249,4.330813377690536e-05
2016-03-14,8.272329496502335e-05,3.2267024294360023,-0.4542297031631013,6.45834223180067,6.9124153673712705,2.563644341025031e-05
2016-03-15,4.829401479674371e-05,3.2257142805432233,-0.45588642985830186,6.455662926932522,6.911392789198322,1.4971348225577559e-05
2016-03-16,0.0005472674428150804,3.2246281110177857,-0.4577726639475384,6.453189496745866,6.910805593100903,0.00016968610341937284
2016-03-17,0.003237124810950271,3.2234911091138962,-0.4596457773316109,6.45286923882604,6.912358448565149,0.0010032220181780782
2016-03-18,0.006862594822317819,3.222346309133355,-0.46121584566703794,6.453779840521439,6.914839118595975,0.00212516285766194
2016-03-19,0.009524243128499766,3.221262293394078,-0.46228684228559924,6.4542864764697825,6.916416751162881,0.0029479642250679556
2016-03-20,0.010165345474943794,3.2201913098116686,-0.4624031997456842,6.453740237773733,6.915986869926915,0.003146818311317973
2016-03-21,0.009141950534713362,3.2191184175472607,-0.46118233337015435,6.452864816944624,6.913890582722276,0.0028318504371891554
2016-03-22,0.007338201364557249,3.218040058837907,-0.4585317672584355,6.452633275176833,6.911008474842767,0.0022751444241757286
2016-03-23,0.00544100865560002,3.216954762142723,-0.4547587609361995,6.453423792094927,6.908025985438625,0.0016884979507815246
2016-03-24,0.004679891843163054,3.2158618504428387,-0.4503237137144858,6.45600481080432,6.906171956926304,0.0014531380797570964
2016-03-25,0.008729421718651674,3.2145261906444396,-0.44569412438700506,6.46334827020889,6.9088858270033935,0.002708262318746667
2016-03-26,0.018043190758680886,3.213085128071392,-0.4411387439150168,6.47577635714786,6.916758533470375,0.005584176479012126
2016-03-27,0.027520659204322603,3.211585963539687,-0.4366095716905939,6.48828383328622,6.924736837384312,0.008496373355258208
2016-03-28,0.031389317765513874,3.210042427066347,-0.4318616153078292,6.4953569117568355,6.927061959472163,0.009683781808937057
2016-03-29,0.029422168418672904,3.2084618797762,-0.42663192204004063,6.497038908387637,6.923514262835176,0.00908685054212359
2016-03-30,0.024267901064196913,3.2068490713969555,-0.4208897457079624,6.496014008985995,6.916747187101455,0.007510684778988973
2016-03-31,0.018337946175976394,3.2052073910552576,-0.41490451082359425,6.494427608640444,6.909175551871536,0.005688750818602481
2016-04-01,0.012982486751133547,3.2035394170328724,-0.4089789848903774,6.493329701126433,6.902152118424309,0.004036187888495517
2016-04-02,0.009907803903109365,3.2018471998869464,-0.40334435220568254,6.4941974338171775,6.897385218430358,0.0030848566878287995
2016-04-03,0.012160095091408132,3.200288979019301,-0.39815815723354836,6.500077699109966,6.898079288751012,0.0037853036144314183
2016-04-04,0.01506146629143095,3.198852819294965,-0.3933608287370721,6.506340239082128,6.899544500226698,0.004686331044663472
2016-04-05,0.01617034510529823,3.197514782103484,-0.3887919967998041,6.510679912641782,6.899315341849086,0.005031714205100996
2016-04-06,0.015428013717953791,3.196194429671502,-0.3842797218295342,6.513129503792726,6.897252658029759,0.004803806795443707
2016-04-07,0.013254247688256171,3.194809807684582,-0.3796105207754569,6.514240316830185,6.893694270013141,0.0041315408481504825
2016-04-08,0.01052361155887178,3.193404305156996,-0.3746156728316822,6.515099026116989,6.88955813135617,0.003284596854993801
2016-04-09,0.008302059250484951,3.1919906571744106,-0.3692215848832664,6.516857913774434,6.885922931065198,0.002594156218234728
2016-04-10,0.007300061346090588,3.190571194105921,-0.3635786936795218,6.520079344005294,6.883501470092314,0.0022827877556498882
2016-04-11,0.007206839184244587,3.1894076147520223,-0.35758303656719065,6.524818199601881,6.88224466857657,0.00225452249187267
2016-04-12,0.006889525999963028,3.1886084199524616,-0.351316301862916,6.529968426322313,6.881128160592727,0.0021560101481803927
2016-04-13,0.005969392063207733,3.1882032973950514,-0.3447737107002342,6.535185760990829,6.879802904098561,0.001868838238742865
2016-04-14,0.004732090123832052,3.1879871369832946,-0.33792622505009395,6.540579784289837,6.87834944174743,0.001482150413871415
2016-04-15,0.003497059220594964,3.187889456991851,-0.33105825875632305,6.546115039688926,6.877016730852748,0.001095780533893241
2016-04-16,0.002447470864742214,3.187883455778488,-0.32450209855195655,6.5516156103240775,6.875961141283533,0.0007671526625350331
2016-04-17,0.001641322175901433,3.1879531974418645,-0.31845913191414826,6.5569221699364215,6.875224734258069,0.0005145864672786451
2016-04-18,0.001355067533503796,3.1880878225518607,-0.31304296456029784,6.562186707757871,6.875073104725667,0.00042486025936257725
2016-04-19,0.002621275120995965,3.188279351079629,-0.3082366388162533,6.568450769617176,6.876530840840927,0.0008214844108502034
2016-04-20,0.003852775918493171,3.1887825481598706,-0.30391251541957315,6.574509590891594,6.878265538718667,0.0012067698084513845
2016-04-21,0.004184848494866782,3.1894397722875265,-0.2999182936740969,6.579493109341101,6.879254835422696,0.0013103758242700271
2016-04-22,0.0037812745962707717,3.190090071583366,-0.29608322056922753,6.583574907843213,6.879501560819939,0.0011839157518958175
2016-04-23,0.0030353780991423875,3.1907237988408266,-0.2923230565650678,6.587222902607705,6.879389391580272,0.0009504091983700127
2016-04-24,0.0023302212123031086,3.1913294051107277,-0.2887855776916412,6.590660830864194,6.879289840963334,0.0007296398129270813
2016-04-25,0.0020538395776673758,3.1919464085065496,-0.2855346323960267,6.594252397920995,6.87963046272452,0.0006430305003574382
2016-04-26,0.0018999621070456137,3.192611904955529,-0.2825471957174886,6.5977514535778905,6.880142081702877,0.000594758193461548
2016-04-27,0.001656925034846064,3.1933649075790105,-0.2796836717812688,6.6011249430653915,6.880652047254159,0.0005185958411716169
2016-04-28,0.001331096349682264,3.194222085610095,-0.276738557822921,6.60460140636966,6.88118339660008,0.00041654645499153474
2016-04-29,0.0009967691966522017,3.195140482666631,-0.27363690567970206,6.608287128416386,6.881767466503586,0.0003118668311478506
2016-04-30,0.0007056985103475812,3.195844161640616,-0.270470284595496,6.611866357788272,6.8821800747912665,0.00022076881050566596
2016-05-01,0.0004778938654614053,3.196218982771893,-0.26741361645724765,6.615070042412911,6.8823270912776575,0.0001494961467738874
2016-05-02,0.0003122988110298837,3.1962315688234844,-0.26455478573805746,6.6177758641292606,6.882174082274817,9.76988972971577e-05
2016-05-03,0.00019825517825209705,3.1960842553640907,-0.26204177077774515,6.620027521997402,6.881912725182645,6.202680069680613e-05
2016-05-04,0.00010503556272491651,3.1958452916930855,-0.25976642997821137,6.621970679510403,6.881580541896113,3.286520501559386e-05
2016-05-05,6.454034104087683e-05,3.1955396114276926,-0.25760803561396034,6.623782898387577,6.881234366409036,2.0196600697603432e-05
2016-05-06,0.00012621578912126293,3.1952859169674594,-0.25536207739911165,6.625836837590273,6.881042347396884,3.949906424508083e-05
2016-05-07,0.000518940646147273,3.1950325795158796,-0.2527378658892783,6.628600436505552,6.881181734802329,0.00016239470491183342
2016-05-08,0.0008802271739003707,3.194765321778601,-0.2495912917412833,6.631841039444023,6.881275763592804,0.00027544580912263557
2016-05-09,0.000996521640459245,3.1942222024689446,-0.2459730746317694,6.635032431710439,6.880848938749706,0.0003118790062602063
2016-05-10,0.0009109540987825644,3.1935566445257932,-0.24191951740217502,6.638334863455205,6.880097813264879,0.00028516617265887716
2016-05-11,0.0008259185635866125,3.1927700902914506,-0.23746666545781803,6.641916125630024,6.8792262234953405,0.0002586171078923409
2016-05-12,0.0010459437145304232,3.191909368684091,-0.2326201695652133,6.646121925066213,6.878585527038924,0.00032757856349222947
2016-05-13,0.0012523225345255431,3.190994081382602,-0.22737290203532937,6.650660284114602,6.87787661855743,0.000392301337700263
2016-05-14,0.0012470287713409554,3.190033327566946,-0.2217958415150863,6.6552712970560055,6.876910570978589,0.00039076127199673893
2016-05-15,0.0010780052020648945,3.189007061455201,-0.21600377958221817,6.659868069307851,6.875715281297568,0.0003379236539276626
2016-05-16,0.0009309541263115513,3.1878828281863774,-0.21003352480526047,6.664567039740232,6.874443996952992,0.0002919437100639901
2016-05-17,0.0012851055177672066,3.186647720150868,-0.2039344176410703,6.669785190260368,6.873563040308937,0.0004031156200719723
2016-05-18,0.0023702691961989563,3.185347123704442,-0.1977879527136136,6.675716222419831,6.873347607540944,0.0007435631532073006
2016-05-19,0.0034994284345861433,3.183997727254803,-0.19172036388191946,6.681563574040274,6.873127370329692,0.0010978608807038419
2016-05-20,0.0049834023925743424,3.182606670280481,-0.18571901060822768,6.687657844297632,6.873220287313359,0.0015633761804244015
2016-05-21,0.00969976919964876,3.18117865323291,-0.17977229918993193,6.696892905475432,6.876508637072861,0.003039842925840516
2016-05-22,0.014423272308506385,3.1797171749711843,-0.17387751777692387,6.70604971173557,6.879770661919993,0.0045155410497963715
2016-05-23,0.01796983205980419,3.1782250101047715,-0.1680700110395598,6.71391161335782,6.881825056804878,0.005622258012166238
2016-05-24,0.01881050527920237,3.17673053851566,-0.1623599844283252,6.7189678415993415,6.881171258435165,0.005886485268505257
2016-05-25,0.0172851953490822,3.1751160547788397,-0.15683104402178075,6.721356988338945,6.878031464768224,0.005414480823295496
2016-05-26,0.014377248210441482,3.1734390627321227,-0.1514684634242367,6.722134629751132,6.873446525582867,0.004510061687397057
2016-05-27,0.011039224776395523,3.171720525669823,-0.14621885420789946,6.722327678471123,6.868389965086521,0.0034684442565442895
2016-05-28,0.008318978816997134,3.169967001735278,-0.14103078747506947,6.72304197531001,6.863916195192578,0.002617441875243582
2016-05-29,0.007463974789423311,3.1682084485946747,-0.13592287097916958,6.725536334637733,6.861302638024401,0.0023503604258620168
2016-05-30,0.007092876209293706,3.1664323263933167,-0.1309075676693904,6.728404417166024,6.859155417242913,0.002235014930234943
2016-05-31,0.006280173347069776,3.164609403368533,-0.12597835259648624,6.73069800635192,6.856519791355906,0.001980571443794886
2016-06-01,0.005092838661260965,3.1627551618488,-0.12118458134690381,6.732450201395961,6.853478215150363,0.0016076650964443238
2016-06-02,0.003832333074702482,3.160875511640228,-0.11657931294785139,6.7339153139998835,6.8503380593552325,0.0012109595143521658
2016-06-03,0.0027238262179705534,3.158998814284469,-0.11216547226387528,6.735343950471369,6.847352855142742,0.0008615006841769338
2016-06-04,0.001852473594435341,3.1571635419083397,-0.10793166330700053,6.736871134428578,6.844646230143077,0.0005864084212756071
2016-06-05,0.0011609246673710398,3.1553612263482944,-0.10386775698794769,6.7384411762605225,6.842152365655968,0.00036778600365515955
2016-06-06,0.0007380857354551817,3.153565616281973,-0.09996468828932463,6.740125795960908,6.839933916657731,0.000233993237551323
2016-06-07,0.0004336399162511121,3.152029457776635,-0.09621428866151252,6.742035591264178,6.838093312333189,0.0001375559055928265
2016-06-08,0.00026596238290598585,3.15062330191481,-0.09260914749940277,6.744066899031117,6.836519478938019,8.440867342421972e-05
2016-06-09,0.00015562023209323987,3.1494344377432153,-0.08914249762644323,6.746234342581669,6.8352202726156115,4.9409678475197886e-05
2016-06-10,9.23008394848132e-05,3.1483499861624415,-0.08580812059388022,6.748420948640851,6.834072501642229,2.9316351093958206e-05
2016-06-11,5.399066140573054e-05,3.147354464077291,-0.08260026833092157,6.750594968640579,6.833038669378999,1.7154005329191677e-05
2016-06-12,0.00011851480606775566,3.146391200623986,-0.0795135982830472,6.7527828993798105,6.8321399300703565,3.7665482323660164e-05
2016-06-13,0.0004958654362760719,3.1454611293702097,-0.07654311967295625,6.755200657366333,6.831587209446788,0.00015761990297218719
2016-06-14,0.0008667295085489612,3.1445618091314005,-0.07368414892993813,6.757531171942816,6.831058753280252,0.00027555212204049184
2016-06-15,0.000988720621716795,3.143793799457572,-0.07093227267360515,6.759637029638489,6.830412734719592,0.0003144003171614762
2016-06-16,0.0009109540987825756,3.1430928360022117,-0.06828331691932248,6.761507255414475,6.829634004741297,0.00028974332080983694
2016-06-17,0.00073860783248868,3.142409209611082,-0.0657333214054515,6.763201278270923,6.828778032083873,0.00023498984947179958
2016-06-18,0.0005500782782543554,3.1417499777709286,-0.0632785181350062,6.76480832014698,6.827930270689485,0.00017505593623861923
2016-06-19,0.0003855930259765988,3.1411153791434763,-0.060915313383531754,6.766372441018725,6.827131186809755,0.00012274165419414674
2016-06-20,0.0002583081496241599,3.1405033603479553,-0.05864027255664238,6.767908178173741,6.826391883137882,8.224379207599177e-05
2016-06-21,0.00016705110328232755,3.1399119846152987,-0.05645010738941187,6.769415710561973,6.825709250358884,5.319964923879672e-05
2016-06-22,0.0001923462938228719,3.139313469215021,-0.05434166506970131,6.770950932671946,6.825136030149146,6.126642380233873e-05
2016-06-23,0.0011715808950026297,3.13866943764113,-0.052311918941759884,6.773315881827177,6.825471233176435,0.0003731338268677209
2016-06-24,0.004376692620504734,3.1379883226281176,-0.05035796050769543,6.77779383697373,6.827995229888925,0.0013928021090059306
2016-06-25,0.007864698971312256,3.1372963064209967,-0.04847699249498709,6.782470795130125,6.830791220032611,0.0025005711815161147
2016-06-26,0.01257021723593006,3.136340573263629,-0.046666322799946175,6.788031249932417,6.834541005139862,0.003991925485426616
2016-06-27,0.017371667470555432,3.135250513457203,-0.044923359151352364,6.79348560400921,6.838252395568061,0.005510228144573693
2016-06-28,0.02267352702580982,3.133938793988096,-0.04324560436685718,6.7991534988798525,6.842242535654208,0.007182867175316312
2016-06-29,0.027816168448221646,3.1325182649441046,-0.04163065209801482,6.804490563527116,6.845964648032629,0.008801653443481793
2016-06-30,0.041847357364748025,3.1310304867879153,-0.040076182978953136,6.818588443406514,6.858508058792966,0.013189085562140076
2016-07-01,0.06083142782650411,3.129490763449267,-0.038579961109466994,6.837529012399108,6.875952405916074,0.019067487287915068
2016-07-02,0.07067413012310826,3.127908187193098,-0.03713983081618644,6.847229268732824,6.884212531956509,0.022095454520741523
2016-07-03,0.06783388320702032,3.1262889544435555,-0.03575371364609348,6.844155906237287,6.879753052290878,0.021237092827937468
2016-07-04,0.057046901393372394,3.1245332435470674,-0.034419605555297786,6.832947321617946,6.867210359580742,0.01793036755151121
2016-07-05,0.04376156866093565,3.1227056443025427,-0.03313557426306706,6.819118420933215,6.8520974276037805,0.013820313212711098
2016-07-06,0.03141237678491658,3.1208299645761284,-0.031899756746884375,6.806129366846965,6.837872556001347,0.009965089413573972
2016-07-07,0.021451186581007108,3.1189145530057303,-0.03071035685899759,6.795442164960544,6.825995954227039,0.006830792448980805
2016-07-08,0.020899064321696293,3.1169645316920715,-0.029565643048753303,6.794084735197819,6.823493810654071,0.006660284515950831
2016-07-09,0.04779690430227321,3.1149835623560778,-0.02846394617809533,6.8201033027130595,6.848410681298653,0.015112305392720864
2016-07-10,0.07424333083554963,3.113000561911133,-0.027403657420106593,6.84562701755938,6.872874107386986,0.023293896963614127
2016-07-11,0.08269339722965925,3.1111851855251955,-0.02638322623250074,6.853282138755159,6.879508797395157,0.025891215049988755
2016-07-12,0.07588649577962812,3.109427172758194,-0.025396671750975305,6.845703779019651,6.870943883178125,0.02382386906795991
2016-07-13,0.061807160475987215,3.107924671564263,-0.024445965634805063,6.83107264863825,6.855362046680552,0.019499176508002578
2016-07-14,0.0476110165760037,3.1066084845088193,-0.0235367093700234,6.816469573947604,6.8398497157251255,0.01509438913798769
2016-07-15,0.03573676163137819,3.1056415078475976,-0.022655868940506467,6.804509182771273,6.827008484119279,0.011376140841932237
2016-07-16,0.02618452292062587,3.104838747083525,-0.021813902989427793,6.794996149247527,6.816653484644453,0.008362928238662103
2016-07-17,0.018642498921027328,3.1043949734095304,-0.021003591193205995,6.787820663370156,6.8086676869708604,0.005969348458414563
2016-07-18,0.012822915943763943,3.104394984754474,-0.02021241117381986,6.782792271757222,6.8028481153385405,0.004113577026774961
2016-07-19,0.008538719329661474,3.1046459493475838,-0.019453120962355294,6.7795183299476935,6.798814883317547,0.0027427603044471735
2016-07-20,0.005612957136161257,3.105055670416609,-0.018725104127635724,6.777730305657938,6.796298842193073,0.00180442143095682
2016-07-21,0.003984192764142901,3.105588963300758,-0.01802025698128088,6.777339681316423,6.795203370705203,0.0012812667733422337
2016-07-22,0.003022372492821665,3.1062260010513976,-0.017342239327049147,6.777692916449974,6.794878588184522,0.0009720588803835171
2016-07-23,0.002471100981137084,3.106953186690522,-0.016699835436818366,6.778511234467645,6.795054502311961,0.0007947133464334799
2016-07-24,0.002597409016037401,3.107760409028239,-0.016071200805752306,6.780073399471329,6.795988032684579,0.0008350836681776356
2016-07-25,0.0042132600333089154,3.1086397686622105,-0.015465954843432238,6.7831738560848915,6.798483243335822,0.0013535043236765133
2016-07-26,0.00527474379299502,3.109845805291724,-0.014893928484365894,6.786013402833158,6.800750763725022,0.0016932711623454952
2016-07-27,0.0052603065044888484,3.1112726933176846,-0.014336635707521785,6.787983146347456,6.802163214462476,0.0016878712674593841
2016-07-28,0.004518784497879444,3.1128589661523764,-0.013800678037805063,6.789363854845255,6.803007965290559,0.0014495466572624596
2016-07-29,0.0035859439258398764,3.114533744390364,-0.013291067774025004,6.790615402774982,6.803749902956506,0.001150034086015569
2016-07-30,0.0030223218857172466,3.1161099813297124,-0.012791845595595389,6.792127239852638,6.804762517855732,0.0009689623882262437
2016-07-31,0.0026046652267679962,3.1177669354346698,-0.012311060842336422,6.793847322051906,6.806001815301741,0.000834729179760473
2016-08-01,0.0026605167217649875,3.119306422383938,-0.011857202943870982,6.7958965183946365,6.807597153746006,0.0008521924714959027
2016-08-02,0.0050570000170967605,3.1207464929105826,-0.011407389126127421,6.8001828860343565,6.811433707567982,0.001617824034216652
2016-08-03,0.009137929294064548,3.121905336230305,-0.01098429523377428,6.8058457525234,6.816673480164672,0.0029184934602090777
2016-08-04,0.013455985329019348,3.1229593177437582,-0.01057204747829293,6.811630037827289,6.8220455177130805,0.004290243487792061
2016-08-05,0.02663652720158576,3.1237078288616997,-0.010175414317315598,6.825955723978774,6.835974570703588,0.008455116073365115
2016-08-06,0.07538440857740546,3.1240616481758496,-0.009791150247416197,6.875441688738643,6.885076271393558,0.023561706382980656
2016-08-07,0.14789902714797734,3.1242100515021325,-0.009423199237983751,6.94847266164493,6.9577392932904125,0.04519990733591077
2016-08-08,0.19296615699048816,3.1242422704801998,-0.00906776713351986,6.993927442569973,7.002838642110991,0.05817124887073237
2016-08-09,0.19577181741604024,3.124190954586281,-0.008725298615686479,6.997024255619439,7.005592986642624,0.05896807610826527
2016-08-10,0.17040568903234402,3.124125908024311,-0.008395789255228095,6.971922590034231,6.9801618116969575,0.05172379866824922
2016-08-11,0.133932409922462,3.124106511763296,-0.008084693907804232,6.935741010010758,6.9436691363260605,0.0411082903371711
2016-08-12,0.09789280033053434,3.12408481170077,-0.007788468406354143,6.899975925857754,6.907607826671606,0.03038283070775826
2016-08-13,0.06787933978378533,3.124048341758347,-0.007503269167789241,6.870211194607148,6.877557896182434,0.02126593913023444
2016-08-14,0.045528981948447386,3.1237349780463535,-0.007228679572709996,6.847822062654895,6.8548941746351035,0.01436579045581362
2016-08-15,0.029817869208434895,3.1232458069349773,-0.006960423290546108,6.831890035085671,6.8386938907837145,0.00945679259002655
2016-08-16,0.019112335184799455,3.1226649379930524,-0.006698508791193576,6.820865546619462,6.827407487818155,0.006083287745431957
2016-08-17,0.011983259689401315,3.1220191688836088,-0.0064456986232284685,6.813343512182586,6.819632643213312,0.003823628080230172
2016-08-18,0.007374246165362,3.121320670874039,-0.006199708508756034,6.808281990763449,6.814325131679704,0.0023569719518514286
2016-08-19,0.00455256348912393,3.1206554647272005,-0.00596351020364237,6.805031300245487,6.810838242856628,0.001456723343860809
2016-08-20,0.0035604363657484495,3.120061554428614,-0.005731935599177887,6.803676837427989,6.809252205434666,0.001139842265242537
2016-08-21,0.004484507759257423,3.119559878302006,-0.005510768306476307,6.804320399987591,6.809674600701566,0.0014354814481081705
2016-08-22,0.005570693883287725,3.1193486170135496,-0.005305172631081942,6.80540092049856,6.81054952553714,0.0017826680720562226
2016-08-23,0.005988692472927815,3.11951603381982,-0.005105665654034829,6.806185842871517,6.81113494093305,0.0019160721219037087
2016-08-24,0.006238826997164442,3.120111633070234,-0.004909813619217328,6.807227428680985,6.811980674707701,0.0019955622624054582
2016-08-25,0.010812270021244878,3.121016330299953,-0.004725537370849426,6.812889845183153,6.817458814961501,0.0034523824260803988
2016-08-26,0.021013864758872153,3.122117690681561,-0.004539170524696673,6.824379167148541,6.828761770080735,0.006685645951566788
2016-08-27,0.02917570462473595,3.1233761957817685,-0.004374224280288757,6.83396445835902,6.838182115046807,0.009254631024781513
2016-08-28,0.030973093574520636,3.124747903460772,-0.004215366543518843,6.837292412724578,6.841351211675596,0.00981490239587687
2016-08-29,0.027689705047260087,3.126158896362341,-0.004062368857917361,6.835573014784488,6.839478816049904,0.008779655762449812
2016-08-30,0.022118304218352803,3.127548509372756,-0.003904366738581617,6.831549229085331,6.835297028231411,0.007022426665230189
2016-08-31,0.016334769529038104,3.1289898501920823,-0.0037518021051587145,6.827359599848766,6.830954834361423,0.0051933493371779296
2016-09-01,0.011391591298571434,3.1304793014680854,-0.00360353074562526,6.824054144253836,6.82750110740696,0.003625735011835661
2016-09-02,0.007605710518695513,3.1320120717856366,-0.00346185299974355,6.8219427115373925,6.8252479969446345,0.0024224956813415927
2016-09-03,0.004907489280703144,3.1335854110434576,-0.0033249896309695006,6.820954692925995,6.824123114964463,0.0015636451751081773
2016-09-04,0.0030762019430166554,3.135170764661686,-0.003193733460997981,6.8208400153765085,6.823877181245005,0.0009802294006022176
2016-09-05,0.0018658834071437935,3.1367811760772506,-0.0030677408930142773,6.821366100824184,6.824277274124697,0.0005944865325030569
2016-09-06,0.0011246641662542168,3.138445980926426,-0.002956833558830558,6.822400593766654,6.825200859732982,0.00035822228367822463
2016-09-07,0.0008416670674617845,3.1401235173407365,-0.0028499974767940747,6.823901969164208,6.8265953990485,0.0002679644688963231
2016-09-08,0.004088557329952611,3.1416925055666107,-0.0027443529347524627,6.828823492194616,6.831411277536866,0.0012996954486679884
2016-09-09,0.01903241349703346,3.1431537906995977,-0.0026453047767549254,6.84532768165268,6.847816418836934,0.006018751669896915
2016-09-10,0.039310632176787506,3.1443182549947997,-0.0025498857582718945,6.866865783646119,6.86925910181189,0.012347743273466784
2016-09-11,0.052782030259421304,3.1453612912822493,-0.0024579607030533984,6.881472143071422,6.883773536181973,0.016503960252155815
2016-09-12,0.05469158221286698,3.1463432480786566,-0.0023625653705962413,6.884459047153731,6.886665044931826,0.017085594225754216
2016-09-13,0.04814840506960989,3.1472573940536956,-0.0022677555156597833,6.87892482584045,6.881036013763608,0.015068009541329598
2016-09-14,0.038148804651404904,3.1480774328024883,-0.002176656260590797,6.869836363426106,6.871856452094196,0.011973037006276596
2016-09-15,0.028399078100818247,3.148819876181854,-0.002089453206864583,6.860916283308612,6.862849168922975,0.008938344668546764
2016-09-16,0.020220714542521067,3.1495167675948745,-0.0020049553012147117,6.853519309068985,6.855367696777698,0.006379302594133433
2016-09-17,0.013857097097261623,3.1501806916342163,-0.0019274720939609197,6.847897098870321,6.8496680033717805,0.004379561188116275
2016-09-18,0.009274318919826352,3.1508179540620995,-0.0018582121822419142,6.844020843032489,6.845722487622229,0.0029348253527657028
2016-09-19,0.0064160518312711525,3.1514067458615727,-0.0017864621935293479,6.841823117732119,6.843453012333146,0.002031796032367245
2016-09-20,0.004590035202435511,3.1519655200308203,-0.0017140832861169272,6.8406282541799435,6.842185769873558,0.0014541278054890207
2016-09-21,0.00677441293503318,3.152502010473173,-0.0016450626326899767,6.8434181430083205,6.844906638048509,0.002144292561688853
2016-09-22,0.02222015463949056,3.1530197284563544,-0.0015777579573390272,6.85944890737131,6.860870097736147,0.006997945181334145
2016-09-23,0.036808251592374795,3.153521119511433,-0.0015113553439553363,6.874604797992657,6.875959585744111,0.011537445608520248
2016-09-24,0.04180354002143373,3.154008068857304,-0.001448473461230254,6.880149917650312,6.88144182351904,0.013080727257293073
2016-09-25,0.039227107216530915,3.15450819339936,-0.0013876561388673353,6.878134426709828,6.879365515256193,0.012282516716074192
2016-09-26,0.034307839140171985,3.155137951601757,-0.0013293782418170366,6.873903194732916,6.8750760053822315,0.010756677301040221
2016-09-27,0.028672332353619594,3.1560777292776816,-0.0012817925130771692,6.869255051351028,6.870380276271604,0.009003008650208795
2016-09-28,0.023339758843800233,3.157304497934914,-0.0012312107220901986,6.865199828289429,6.8662744714190165,0.007338060141135753
2016-09-29,0.02172386056579883,3.15866649710749,-0.0011792086768584768,6.864997931229235,6.866020572313591,0.006830564214668157
2016-09-30,0.023861334057295167,3.1598522768917476,-0.0011259417150042148,6.868374451466843,6.869343825589345,0.007494811711466179
2016-10-01,0.024803226985856873,3.1607341876824515,-0.0010763911639199704,6.8702478057371925,6.87116762930861,0.007786198608638691
2016-10-02,0.023452499480325878,3.161453850101765,-0.0010290718407599598,6.869664059974134,6.870536564222393,0.0073636386462048444
2016-10-03,0.022211727010692302,3.162101802845112,-0.0009853760899118562,6.869114935998697,6.869943744496107,0.006975358048897313
2016-10-04,0.02170841735671137,3.1627061648192694,-0.0009426510651178527,6.869258713343667,6.870044796816283,0.0068170826368586495
2016-10-05,0.020242469001522323,3.1632788558414027,-0.0008995650877548341,6.868408541987974,6.869151539483227,0.006358515284178625
2016-10-06,0.017927458657146983,3.1638529006442786,-0.0008575701214708285,6.866709571412759,6.867410573941728,0.005634411126066237
2016-10-07,0.014818512320558029,3.1644175692063703,-0.0008169226236227232,6.86420594113611,6.86486629616723,0.00466102923487235
2016-10-08,0.011975207920145732,3.1649708091735715,-0.0007815078904007916,6.861951291436121,6.862576231734019,0.0037694086886313227
2016-10-09,0.009544476462391595,3.1657744038250226,-0.0007536540284754403,6.860352008491743,6.860949094927717,0.0030058324288764586
2016-10-10,0.00834923621046752,3.1667027529471,-0.0007268063370589262,6.860111965053313,6.86068220379787,0.0026296376371093095
2016-10-11,0.007424584286140647,3.167715074966752,-0.0006985478472602098,6.860227893638436,6.8607698738931955,0.0023383488863250963
2016-10-12,0.006239662842192853,3.1687764972642736,-0.0006704971099736341,6.860132445229297,6.86064637474677,0.0019652381366095538
2016-10-13,0.004883726254156676,3.170003374058325,-0.0006386619182261404,6.86003522062706,6.8605173149527845,0.0015382361954464476
2016-10-14,0.003553831122623912,3.1712864276970847,-0.0006066533602694452,6.860020387692243,6.860470473460011,0.0011193732071247888
2016-10-15,0.0027912560390528905,3.1723493603574964,-0.0005764931417376863,6.860350905487616,6.860770831036852,0.0008790968263385679
2016-10-16,0.003627038003253797,3.173287291029011,-0.0005470659411945804,6.862154045323874,6.862544543672567,0.0011416858081781031
2016-10-17,0.00453118158230925,3.17428286306667,-0.0005195831048268952,6.8640812437769565,6.864444259289282,0.0014254314718209968
2016-10-18,0.0046057316512096765,3.1752971144715665,-0.0004914498677325779,6.865198178487848,6.865533060763079,0.0014483875370045972
2016-10-19,0.004024823472031275,3.1763434743051633,-0.000468624255136092,6.8656864557548625,6.865998512417497,0.001265521189745314
2016-10-20,0.0031867296004334297,3.1775356249546753,-0.0004388411067037974,6.866070295681209,6.866352569195412,0.0010018886420154586
2016-10-21,0.002592458145732632,3.1788959453475396,-0.00041795009327814367,6.866857235632798,6.867118618133575,0.0008148570156302045
2016-10-22,0.003980102372070256,3.1803354301223203,-0.00039807985499738075,6.869704234872197,6.869945747134693,0.0012499082868689512
2016-10-23,0.008632568482958519,3.1818767890994275,-0.000376385660697807,6.875919754154492,6.876139572222689,0.0027057022924702728
2016-10-24,0.012325064419996541,3.183478818383376,-0.0003607539082287327,6.881229911127948,6.881434097443675,0.0038566397914207872
2016-10-25,0.013040210764415422,3.185124812863805,-0.00034795913524971405,6.883603846725775,6.883795238268523,0.004077403970112118
2016-10-26,0.01158352584945535,3.1868075641436513,-0.0003356239386711696,6.883842248287239,6.884021304633409,0.0036216727484318736
2016-10-27,0.009191933391743018,3.188600686141895,-0.0003237315715911937,6.883255670194851,6.88342283417394,0.0028744620071965636
2016-10-28,0.006749862699958135,3.1901940578919032,-0.0003090491016476788,6.882421653723018,6.882574135232164,0.0021113484839322765
2016-10-29,0.005296020487729995,3.191695934853907,-0.00029156581182724793,6.882487171762614,6.882622169981939,0.0016565635953137866
2016-10-30,0.006848429128284783,3.1931413948074554,-0.0002752171207721553,6.885501389047771,6.885620038576043,0.0021401409082800597
2016-10-31,0.0096276313207668,3.1945619861804104,-0.0002590527621524929,6.889717346971828,6.88981983214148,0.0030047008666968388
2016-11-01,0.011261074964312388,3.1958390655273448,-0.00024344086564602783,6.892643481858816,6.89273035513196,0.003511295086216433
2016-11-02,0.011233620842950024,3.1971323735935004,-0.0002348287029612405,6.893917947966294,6.893996209076754,0.0035013526706211113
2016-11-03,0.010837710264160125,3.1984253719313265,-0.00022652497369817718,6.894823339454592,6.894893296835789,0.0033770089851112945
2016-11-04,0.009848759164442193,3.19950309890679,-0.00021851847632527925,6.894920121827711,6.894982072711535,0.0030687688978924036
2016-11-05,0.00821253542398002,3.200227629207151,-0.00020909953524448458,6.894017847328691,6.894070379271434,0.0025596660690489145
2016-11-06,0.006325886887325563,3.200794831921425,-0.00019674643230605456,6.892710754609249,6.8927509334490535,0.0019724505068444203
2016-11-07,0.005331495275172973,3.201244269459059,-0.00018370059937892005,6.892178846367657,6.892205979374534,0.0016626755973797674
2016-11-08,0.007607734159793251,3.201561438842717,-0.00017128928756347358,6.894784665947751,6.894799387642813,0.0023706242175682585
2016-11-09,0.009891284833613661,3.201925397731202,-0.00016112372228748234,6.897442341075332,6.897446897205118,0.003079654230363769
2016-11-10,0.0102444020363344,3.2022803394791977,-0.00015004133557389195,6.898161482412762,6.898154956155835,0.003188894362102727
2016-11-11,0.009129832914197335,3.202557823009119,-0.00014474744056225278,6.897329690715559,6.897317870563619,0.0028426901655144395
2016-11-12,0.008883407197317159,3.2027876492847622,-0.0001360973638567937,6.897321741351027,6.897301271122382,0.0027659766648230923
2016-11-13,0.01307134648094831,3.2029553376450153,-0.00013129872421499677,6.901682167634553,6.901656898766266,0.004064439684368097
2016-11-14,0.016746886870840253,3.203080673409294,-0.00012667127838330588,6.905487671234555,6.905457774920437,0.0052011750807497365
2016-11-15,0.017154842797791284,3.2030937360124767,-0.00011827425013234086,6.90591708679294,6.9058787934505705,0.005327179681305597
2016-11-16,0.015035918141039968,3.203226929702359,-0.00011014346356792968,6.903939486612635,6.903893062483702,0.004672060316986147
2016-11-17,0.01212124324714124,3.2034701966488313,-0.0001062649596799858,6.901271957169096,6.9012216545362755,0.0037695221777096703
2016-11-18,0.010155148299733643,3.2037737947660405,-0.00010252461594318298,6.899613200682635,6.899559157706077,0.0031597301868306472
2016-11-19,0.008606944561153296,3.204100315385902,-9.891744558527113e-05,6.898395124734273,6.898337474587358,0.0026790316903305836
2016-11-20,0.006957203952011875,3.20451569215972,-9.328834728000436e-05,6.897166389997256,6.897103110752035,0.0021663592305061208
2016-11-21,0.005298092293188054,3.204864655907789,-8.513352030507126e-05,6.895864396913476,6.89579296284128,0.0016504123649672226
2016-11-22,0.0038210708853378458,3.2051896722426934,-7.764820110319101e-05,6.894719877159732,6.894640957768334,0.0011907317211450653
2016-11-23,0.0025927046673587307,3.205505428337291,-7.200948731602364e-05,6.893812905750138,6.893728347644952,0.0008081749871318456
2016-11-24,0.0017245251001273517,3.205814405289364,-6.483919819967378e-05,6.893260873424095,6.893169145029794,0.0005376474417156779
2016-11-25,0.001111475052420747,3.2063523191404784,-5.804930576019099e-05,6.893192527119943,6.893094008833202,0.0003465277003073482
2016-11-26,0.0006979216435094718,3.206982136358706,-5.254034765946126e-05,6.89341429988736,6.893310272642518,0.000217578321680918
2016-11-27,0.0004243209505690428,3.2075785301256374,-5.0695214205294976e-05,6.893738938094805,6.893633065716509,0.0001322695054422079
2016-11-28,0.00019362102312266459,3.207912908322664,-4.620612881890825e-05,6.893847105449772,6.893736743986089,6.035367633572591e-05
2016-11-29,0.00011671517406997925,3.208172739799118,-4.142972475303635e-05,6.894034807481239,6.89391966961349,3.637925309047735e-05
2016-11-30,6.922562961366443e-05,3.208656286820708,-3.595911818289703e-05,6.894476335564942,6.894355727090624,2.1574182442548892e-05
2016-12-01,4.0492996054296685e-05,3.209220042008349,-3.179800305681857e-05,6.895015519234151,6.894890749644706,1.2617547130445463e-05
2016-12-02,0.0018569284092844235,3.2098172257263737,-2.7165982167131054e-05,6.897433770386295,6.897304368775961,0.0005781808241328794
2016-12-03,0.010413174161797451,3.2104362877447934,-2.6223096168898128e-05,6.906610021043226,6.906479676546894,0.003233052114032471
2016-12-04,0.01820131967952799,3.211071656018632,-2.651659461415325e-05,6.915033241336349,6.914903190338462,0.005636352150004573
2016-12-05,0.020763133056052756,3.211615646010108,-7.326664764487187e-05,6.91809229465132,6.918008993706463,0.006423483903099764
2016-12-06,0.019130036074434198,3.2120488552313615,-0.0003496830846615323,6.916615990453938,6.916809105946099,0.005920450930744753
2016-12-07,0.01551076448226209,3.212410435115537,-0.0012010025981522752,6.912506979232451,6.913551414238102,0.004805186844150575
2016-12-08,0.011900886767733172,3.21273628760824,-0.002988275419053145,6.907435681189725,6.910267389016276,0.0036906126563017783
2016-12-09,0.010080915290613033,3.2129602187175386,-0.005941803877198584,6.902886112363757,6.908671348648454,0.0031277650118217626
2016-12-10,0.008891389176303352,3.2131332652487172,-0.010133776105681754,6.897677660552143,6.907654869065324,0.0027595658413389905
2016-12-11,0.007462955655795958,3.2132743439540885,-0.015416617427992135,6.891107464414697,6.906367514250187,0.0023171575206397356
2016-12-12,0.005849563212353719,3.2133901456424674,-0.021532650152235096,6.88349384093539,6.904869923495124,0.0018170635744408675
2016-12-13,0.0043097784918132605,3.213484641831734,-0.028347356442854233,6.875233846113497,6.90342463496385,0.0013393579355451535
2016-12-14,0.0030173193315069023,3.2133257252176266,-0.03592858512478722,6.8662012416571505,6.901973259189436,0.0009381211175905117
2016-12-15,0.002114262242299605,3.213052861012989,-0.04444093813516631,6.856512967352927,6.900797337895591,0.0006575901535590969
2016-12-16,0.0018125490071528346,3.2127149083932767,-0.05396656842834903,6.846347671204884,6.9001576720407325,0.000563861728099418
2016-12-17,0.0016987553152696478,3.2123267830725313,-0.0643964092739297,6.835415911346676,6.899655753028103,0.0005285444359355547
2016-12-18,0.0014088628726164976,3.2118706797707293,-0.07541209493499412,6.823654229941155,6.898909757283649,0.00043845014226727446
2016-12-19,0.0011691154629461377,3.211106434129692,-0.08672933908468772,6.811332992740755,6.8979057642329416,0.00036395242092304253
2016-12-20,0.0008942280645819163,3.2104569317381473,-0.09832989670307699,6.798808045332457,6.8969813744430315,0.0002784585117240333
2016-12-21,0.0006423791177391576,3.209826584796431,-0.11040563913065307,6.785850107016321,6.896099178554472,0.00020008887329531314
2016-12-22,0.0004395836873823525,3.209181282978903,-0.12315816734937769,6.7722494815497125,6.895251081306588,0.00013695813482136654
2016-12-23,0.002297659039846944,3.2085164459446998,-0.13664020748581795,6.759960679731533,6.89644431962485,0.0007156001452341952
2016-12-24,0.011571956137631905,3.207752938029802,-0.15079118685698112,6.7543204895432565,6.904955108807736,0.0035945288276424767
2016-12-25,0.020039814259350825,3.2069367837463267,-0.1654421914097599,6.747321188828722,6.91260681264598,0.006210089739025609
2016-12-26,0.022805114640527226,3.2061886933273422,-0.18020971013357687,6.734570880067096,6.914624022608172,0.007062607114406133
2016-12-27,0.020990849330022668,3.205452832977595,-0.19467434583857027,6.717556118701852,6.91207389694792,0.006505878111286167
2016-12-28,0.017011055357110637,3.2047113316559637,-0.20864128690841682,6.698867882337462,6.907352601653377,0.005280112099566077
2016-12-29,0.0126652980652015,3.2039603776948913,-0.2221425150950678,6.680269942897829,6.902255890400395,0.003937448538275649
2016-12-30,0.008876440616204425,3.2031985199586206,-0.23533248927113387,6.662529253536495,6.897705175215128,0.0027634599830808184
2016-12-31,0.005941087441355895,3.2024251693418146,-0.2484479008368925,6.645705138179082,6.893996471423473,0.0018517485118150613
2017-01-01,0.0038421753754934117,3.2016401325141843,-0.26165760305315494,6.629611487069327,6.89111252252998,0.0011986262928473
2017-01-02,0.0026777501359671178,3.2008695128479285,-0.27489894199782877,6.61443510321887,6.889177477624198,0.0008358703387672102
2017-01-03,0.003321267077160363,3.200098161778355,-0.2879171037723366,6.601289107315983,6.889049643495818,0.0010367880794014386
2017-01-04,0.005478466605287223,3.1993210119817337,-0.3004908727171368,6.5900953881026885,6.890429693227324,0.001709456907332826
2017-01-05,0.006963809726383789,3.198536769756648,-0.31231911457682726,6.578968247139009,6.891130794123335,0.0021724562369309815
2017-01-06,0.006998191086297853,3.1977448731990172,-0.3230543721184858,6.567475474399633,6.890373278925617,0.0021836980206893777
2017-01-07,0.006039063323672609,3.196945062806515,-0.3323756056994686,6.556395302663523,6.88861434077049,0.0018854490331080545
2017-01-08,0.004604666164717719,3.1958763107309602,-0.34067475320933543,6.545593005919146,6.8861111915359805,0.001438741925966402
2017-01-09,0.003357092190947188,3.1946913227122242,-0.34840889875380376,6.535426298382172,6.883678629543474,0.0010497315097866748
2017-01-10,0.0023172965527789033,3.1937036092995537,-0.3559348631685363,6.5258728249166005,6.881651120492635,0.0007250567568364869
2017-01-11,0.0015343859083436205,3.192775698182828,-0.3635117467840148,6.516585119539961,6.879940298731475,0.0004803497055547054
2017-01-12,0.0009833111013040402,3.1918631943578872,-0.371324868031014,6.507308419660982,6.878476720099494,0.00030797318305867685
2017-01-13,0.0006137632740223385,3.190956164913933,-0.37962829264306064,6.497728417777699,6.877200142828258,0.0001923076378811504
2017-01-14,0.00037487653823347434,3.189945910942052,-0.38856001012897884,6.48754755958411,6.875951002120588,0.00011750433990982824
2017-01-15,0.00022484586170684948,3.188891216099411,-0.39843892971279754,6.4764639144811245,6.874746276601421,7.05041325992327e-05
2017-01-16,0.00013279383553910503,3.1878117349043698,-0.4092218466451752,6.464509464327538,6.873574743380212,4.165500194308403e-05
2017-01-17,7.739371763308393e-05,3.186712675988046,-0.4207286021197287,6.451848249818754,6.872420284345981,2.4285791012343573e-05
2017-01-18,3.120407496980574e-05,3.1855966962387408,-0.432702378246333,6.438712304300182,6.8712581149540135,9.795266724884241e-06
2017-01-19,1.7056924383815846e-17,3.184465467913388,-0.44479414685717955,6.425458103289012,6.870095682553691,5.356291206697352e-18
2017-01-20,0.00043655365548979466,3.1833984530573627,-0.4568643219535298,6.412757466992127,6.869465221353155,0.00013711566540645397
2017-01-21,0.0024793271813803495,3.1824290190112308,-0.4687529238269211,6.401942204598495,6.870538560832914,0.0007784610770178845
2017-01-22,0.004420958273842728,3.181496316559937,-0.48032770490040855,6.391376352166175,6.871547489474082,0.0013876563301768044
2017-01-23,0.005439468544860064,3.180580642186712,-0.4914858347577596,6.380321058206617,6.871650325371875,0.001707292595717814
2017-01-24,0.005421500002461848,3.1796755557572105,-0.501609994417006,6.3692738435754706,6.870727270399975,0.001702145933876032
2017-01-25,0.004681759784160141,3.1787775680451507,-0.5101474740232219,6.359098636038893,6.869089542469613,0.001470651672296523
2017-01-26,0.003661345490054354,3.1778844770254935,-0.5170070738902087,6.350325530858143,6.867176037155851,0.0011508070901079916
2017-01-27,0.002666572962371716,3.176994772255418,-0.5224187723691699,6.343029355081423,6.865291559858092,0.0008386342672568704
2017-01-28,0.0018416190263752174,3.176107360960368,-0.5266005737848874,6.33713518843466,6.863579194627046,0.0005794992424273909
2017-01-29,0.001220848542388247,3.174960498438876,-0.5299768857538866,6.331991243460182,6.8618115616215665,0.00038437620809925644
2017-01-30,0.0007834859632487878,3.1737062710902357,-0.533119649236925,6.3271568900493635,6.860119971693788,0.0002468068959768855
2017-01-31,0.0004897528084867543,3.1723967249067773,-0.5362631788387042,6.322410081109364,6.8585166923555665,0.00015435560393557354
2017-02-01,0.00029956085284149316,3.1710466306873353,-0.5395927033324014,6.317540270440579,6.856976406180479,9.445857839191319e-05
2017-02-02,0.0009657129702784843,3.1696637140718726,-0.543515999504102,6.312900209770854,6.856259641682454,0.0003045808387577442
2017-02-03,0.004569182311265101,3.168252831438589,-0.5481637343140622,6.310445061668596,6.858452228390156,0.0014401004189532002
2017-02-04,0.007862645880524004,3.166817358481583,-0.5532962320857289,6.307170554509183,6.860310219002409,0.0024766735134629284
2017-02-05,0.008911983260802607,3.1653597989919486,-0.5583047465502775,6.3017538179352774,6.859901996893054,0.002807567805198412
2017-02-06,0.008206387907785669,3.1638820970980923,-0.5627337977751622,6.29514146946352,6.857718699646181,0.0025870614727730276
2017-02-07,0.00821906365216123,3.16251627706427,-0.5664615941162043,6.290060528833031,6.856365555356733,0.0025921632583513336
2017-02-08,0.01431283601274814,3.1611089910062704,-0.5697043132420396,6.291504296009784,6.861052041659321,0.004507381000836843
2017-02-09,0.021725417031246853,3.159602591847158,-0.5725902959518995,6.29452449515931,6.866958223518708,0.006829040253194851
2017-02-10,0.025447122952816766,3.158052005945934,-0.5749500003630489,6.294335910768506,6.869129343539053,0.007993444295874376
2017-02-11,0.024577695833309234,3.1564743342466346,-0.5763425891148568,6.290496223197891,6.866682244720247,0.007726279105435307
2017-02-12,0.020772472786666885,3.1548746964372514,-0.5762620429757396,6.285171908480983,6.861277383864221,0.006541177807150212
2017-02-13,0.015997219437954763,3.153255882626028,-0.5745206913343229,6.280519192962464,6.854883316704285,0.0050476307580283
2017-02-14,0.011518427046037819,3.1516197362163583,-0.571366527841196,6.277558417654005,6.848768377902699,0.0036414555582225815
2017-02-15,0.00788534526846759,3.1499676105827445,-0.5673796000326147,6.276260138051402,6.843483170491515,0.002497059039388382
2017-02-16,0.007373893924767649,3.1483005670548723,-0.5631609603937586,6.278300282818686,6.841304675619943,0.002336709320288543
2017-02-17,0.023654633550206212,3.146619475694575,-0.5592272774019504,6.296833614075635,6.855904323885084,0.007461384326745547
2017-02-18,0.07667096437258707,3.1449250725340794,-0.5558882200716354,6.351494599067835,6.90722625154697,0.023799062171123573
2017-02-19,0.15014983980957808,3.1432179948129635,-0.5530135724990447,6.426141044356301,6.978998049262844,0.045591579000402484
2017-02-20,0.19545896805528715,3.141733635919627,-0.5503551281723144,6.472624258035404,7.022822818615216,0.05856987931187337
2017-02-21,0.19771685496606337,3.14033505025787,-0.5472668187089693,6.476571868747769,7.023682119864237,0.059231210472384645
2017-02-22,0.17111496066085802,3.1389754013097164,-0.5434234810490418,6.452453663154337,6.995720576610877,0.05169495148132127
2017-02-23,0.13352528710921713,3.1376414499793635,-0.5385389704287589,6.418414548892626,6.956796951728883,0.04081885695256792
2017-02-24,0.0969781788447612,3.136326332436124,-0.5329887831521005,6.386102510361589,6.918934725921188,0.02999351855243073
2017-02-25,0.06678631776178684,3.1352867158121653,-0.5271913554071601,6.360668460399596,6.887703248214255,0.020857212518742636
2017-02-26,0.04416001714080236,3.1343669735163844,-0.5215465697650419,6.342767203124949,6.86415720529749,0.013893233334372885
2017-02-27,0.02827280922639237,3.1335646356294156,-0.5162743362970739,6.331349890791538,6.847467659496111,0.008941892086321889
2017-02-28,0.017635406956804798,3.1328062981258373,-0.5114419789689388,6.324786508346508,6.836071919722945,0.0055977569520976695
2017-03-01,0.010766155722380072,3.132087426813318,-0.5071908094998684,6.321449555268634,6.828483797176,0.003425598883195121
2017-03-02,0.006455063682489904,3.131404122583877,-0.5033554468062809,6.32029052169289,6.82348940090667,0.002057155308543519
2017-03-03,0.0038113223681360423,3.130751884615252,-0.4997571132369808,6.3205928759792105,6.82019342162369,0.0012159022219251875
2017-03-04,0.0021092842661612483,3.1301271349478537,-0.4962005745578972,6.321822626888922,6.817866633854317,0.0006734115768600059
2017-03-05,0.0008100730096317366,3.129527007161391,-0.49292820932787373,6.3231956530759525,6.815967294811325,0.00025878139921834846
2017-03-06,6.240814993957904e-05,3.1292100814757458,-0.4900258277545164,6.325033444103973,6.814902704265988,1.994334151035985e-05
2017-03-07,0.0014842824286652439,3.1292826092448682,-0.48732473986118974,6.3292289340451475,6.816397106313836,0.0004740954788466634
2017-03-08,0.009040887534378855,3.1297985965565713,-0.48495599204044637,6.339670274283308,6.824469698731253,0.0028803280894745134
2017-03-09,0.018292770430362627,3.13074492957481,-0.4830140195667797,6.351810462671198,6.834667914645475,0.005809003312450841
2017-03-10,0.023982397682989976,3.1319224377628134,-0.4815007753558118,6.360190842322796,6.841535050086106,0.007599214467315273
2017-03-11,0.031023277417602677,3.133024834946064,-0.4800013202564942,6.369833574339976,6.84967832700397,0.009804932262685187
2017-03-12,0.050897420520557915,3.134159715877816,-0.4779942331001006,6.392849685531077,6.870687351038677,0.015980065141974857
2017-03-13,0.06890556309906158,3.1353556839396464,-0.4750064000230036,6.415041629248508,6.88989146167901,0.021504352419061415
2017-03-14,0.07550639099124767,3.1366131624525067,-0.4707026106596158,6.427203725016943,6.897749768084057,0.023506718767767006
2017-03-15,0.0704356245833288,3.137929369122849,-0.4650524809019084,6.429099295037073,6.89399520834648,0.021953744265849357
2017-03-16,0.05837367361236621,3.1390400448756397,-0.4580628921958519,6.425137608524958,6.883043933128309,0.018256528166761595
2017-03-17,0.044413190774122265,3.1399641860318686,-0.44987753309495876,6.420286625943836,6.870007591446294,0.013947213385453011
2017-03-18,0.03180981466657383,3.140775489567298,-0.4410307728594744,6.417341313607201,6.858215518874174,0.010026464733390483
2017-03-19,0.022090225556860677,3.141543187753888,-0.4321466150695997,6.417273580473953,6.849263627951052,0.006982549072821687
2017-03-20,0.015023945052677094,3.1422909262282332,-0.4235646600675877,6.419536993446127,6.8429450859212135,0.004758456367255489
2017-03-21,0.009994652190965736,3.1430286191875942,-0.41541803994936377,6.423392013662,6.838653486018862,0.0031698631220682017
2017-03-22,0.006500549063952629,3.143761970971911,-0.4077978458411554,6.428251456427512,6.835892734676166,0.002063494398517183
2017-03-23,0.004061618267638438,3.1444946082572947,-0.4006948252801059,6.433648183477631,6.834186441165236,0.0012899938814563438
2017-03-24,0.0025071660315950104,3.1452289664600097,-0.39420018092342984,6.43932273380098,6.833366347131907,0.0007964981580620774
2017-03-25,0.0017100690968514013,3.145966736926007,-0.38840129121299477,6.445062297042668,6.833307020663161,0.0005432797590843203
2017-03-26,0.0022375419915064867,3.1466308417573874,-0.3833200882284339,6.451335077753264,6.834498598389196,0.0007105860642046192
2017-03-27,0.005080791427317121,3.1470331254071184,-0.37889327410405077,6.459007424963189,6.837744131474738,0.0016118679595246333
2017-03-28,0.011554387206864272,3.147301325858358,-0.37473605992860326,6.469906435369423,6.844485927705525,0.0036577761874575696
2017-03-29,0.017551746094529985,3.147763924605641,-0.3704535830638022,6.480648869869173,6.850945885340473,0.005545022336002122
2017-03-30,0.024724498316167416,3.1484724855390263,-0.3658536063637927,6.493130159724205,6.858827198495496,0.007791668289728747
2017-03-31,0.02949765121878803,3.149460721560542,-0.3608035721877397,6.503941582824394,6.864588587419632,0.009279030348861897
2017-04-01,0.029279288671584924,3.150576412557895,-0.35519444024426877,6.510448043218016,6.865485915869783,0.009207741301048405
2017-04-02,0.02529820210783851,3.1517687471108418,-0.348962583719722,6.513891147731762,6.862697163858983,0.007962753858259099
2017-04-03,0.02067953821143796,3.1530197967946316,-0.3422795363663484,6.517206580872525,6.859329549646372,0.006515909677814018
2017-04-04,0.028396630671200483,3.154319416347754,-0.3354408780218781,6.533061951229881,6.868346261659257,0.008922137649633488
2017-04-05,0.07461880236019143,3.1556870406404345,-0.32872920301943837,6.587363422213992,6.915936057640929,0.023099609135114635
2017-04-06,0.13373123104656726,3.1571026436072844,-0.32227530220294803,6.6543453546837075,6.976464089294154,0.04063749072129442
2017-04-07,0.1647332941183829,3.1585573786607406,-0.31616766212138614,6.692909792890541,7.008920887419427,0.0495693306239215
2017-04-08,0.16097900794991918,3.1600469012454124,-0.31025720897590836,6.6965554824522275,7.006656123835635,0.048472674514280924
2017-04-09,0.13619796732526776,3.161568110157621,-0.30440799581771355,6.67914486389798,6.983396292123191,0.04130006923633123
2017-04-10,0.1046683126895541,3.16311858197203,-0.29870848257111776,6.65486519432327,6.953417109301887,0.03203033614601532
2017-04-11,0.07513721796610047,3.1646963344367514,-0.29338824540304764,6.632232089232608,6.925463767043155,0.0231916907923786
2017-04-12,0.05202710364507797,3.166351883229608,-0.2886399295031727,6.6155258396043175,6.904009201514988,0.016165623705988903
2017-04-13,0.04309007057249409,3.167896694813347,-0.2845687875617568,6.612204760056889,6.896616980026144,0.013419572773392065
2017-04-14,0.05742384295503801,3.1694889154154167,-0.28110369317141326,6.6315958474318455,6.9125429730107575,0.01779528833126441
2017-04-15,0.0715548670093459,3.171084020090428,-0.2780769460060702,6.650348723326507,6.928269101740076,0.022066862669788304
2017-04-16,0.07261796562575283,3.1727662945811277,-0.27521477600281197,6.655956266436872,6.931014474847183,0.02237576810738699
2017-04-17,0.06356596278683606,3.174310889586655,-0.27230402719505725,6.651359607411238,6.923507067013794,0.019631989011638817
2017-04-18,0.05088137341615136,3.175626940497915,-0.26945580050988965,6.64283929563698,6.912138528554369,0.015769794609463546
2017-04-19,0.03816378272128002,3.176671077077601,-0.2667026129508715,6.633919029080814,6.900465074439184,0.011871148717003626
2017-04-20,0.026744869450997653,3.177595127964201,-0.2640547328410074,6.626072046806996,6.889970212055502,0.008346451834877562
2017-04-21,0.01806453469316855,3.178711353643012,-0.261523590010409,6.621039080558576,6.882406102976484,0.005650860530786398
2017-04-22,0.011944448616593984,3.1801465022248605,-0.259060998704789,6.618816734369469,6.877721165481757,0.003741888561616753
2017-04-23,0.007668046701197263,3.181966917232458,-0.2566918726019058,6.618729873564554,6.875265178573958,0.002404051494262702
2017-04-24,0.00480013101349336,3.183985347356596,-0.25455765710917516,6.620014603493718,6.874415693010392,0.0015053163801871335
2017-04-25,0.0029418814954177345,3.186115844550824,-0.2527635266061124,6.622080981672934,6.874687940686544,0.0009224923937219056
2017-04-26,0.0017708681573859496,3.1883286546052836,-0.2513397754068594,6.624546529588614,6.875729737402972,0.000555113765181957
2017-04-27,0.0010496472191635156,3.190608501400398,-0.2502740854099453,6.6271708454424205,6.877288363259865,0.0003288720690896997
2017-04-28,0.0005737387504012793,3.192945595852604,-0.24946592868352258,6.629840188152287,6.879149549243309,0.00017965720269315426
2017-04-29,0.0003397423093404672,3.195333035479982,-0.24884712873029755,6.632612431291829,6.8813029924296245,0.00010631323447812185
2017-04-30,0.0024941647706481144,3.198000481171278,-0.24834585227388012,6.63793557590085,6.886124860582228,0.0007793060281511784
2017-05-01,0.009740607546247613,3.201015181808039,-0.24780245092235323,6.648740120664737,6.896386003994589,0.003033742889616199
2017-05-02,0.02193723178591904,3.2041000377692685,-0.24701637429845402,6.664807677489538,6.91166748419549,0.006800055285456695
2017-05-03,0.030076649797662582,3.2069968215834823,-0.24584377946305863,6.67701647415089,6.922703686021448,0.009291308975087903
2017-05-04,0.03102201039669355,3.209857607465871,-0.24425313487393674,6.682413265221432,6.926509832502867,0.0095720958673415
2017-05-05,0.02751960252449723,3.212519259357945,-0.24216840141601365,6.6836572426992324,6.925669076522745,0.008493602607133088
2017-05-06,0.023720516137392747,3.2150350255155806,-0.23953946663809186,6.685002857247685,6.924385756293276,0.007323960031045269
2017-05-07,0.019801582564192576,3.217496057945995,-0.23636355106510992,6.686720871677881,6.9229278551504905,0.006116701262313314
2017-05-08,0.01561241355785234,3.219931440918362,-0.2325203032366778,6.688810333472341,6.921174069116518,0.004825282629457591
2017-05-09,0.011615294161052411,3.2223524335258418,-0.22809373659787302,6.691660773321825,6.919597942327197,0.0035916543203602987
2017-05-10,0.008216022337904272,3.2245044510670806,-0.22323417537964588,6.6952730802581435,6.918350688045288,0.002541519567032171
2017-05-11,0.007755494286013822,3.2262833049845705,-0.2179972486591955,6.701828332844193,6.919669013910887,0.002398083253597026
2017-05-12,0.02023896387713338,3.2276360520515572,-0.2124643753291128,6.721197422832382,6.9335052305689935,0.006231447878343401
2017-05-13,0.047969457272372173,3.228732858244432,-0.2068246146770127,6.755664483072596,6.962332530157107,0.014639553018049
2017-05-14,0.06875832470487926,3.2296814226698936,-0.2011701416455593,6.783056387962018,6.9840699620150755,0.02084571190351559
2017-05-15,0.07283334599053744,3.2305216248160815,-0.19551656527570255,6.79362518776372,6.988985185446921,0.022048295334349995
2017-05-16,0.06463935485852515,3.231274036186465,-0.18975224923968173,6.791947924038112,6.981543605685292,0.01961197009428419
2017-05-17,0.0513088771345946,3.232030528968953,-0.18391632370796446,6.785209864628387,6.9689696207438505,0.01562704027467103
2017-05-18,0.03944170112270274,3.2330160539843704,-0.17817995434122189,6.780064582998655,6.958087969747376,0.01205262346355705
2017-05-19,0.03443852492343718,3.234095744802933,-0.17251586566643423,6.78180518629274,6.9541644843666734,0.010536381778955693
2017-05-20,0.03189878754622239,3.234942278486011,-0.1669289108203914,6.785698937444646,6.952471280672536,0.009764413664900235
2017-05-21,0.029877914367113782,3.2356904009763325,-0.16140723899573056,6.78994785858052,6.951198529983749,0.009149376611333106
2017-05-22,0.026592614108904154,3.236385604623587,-0.15595903772849598,6.792805963236799,6.948608433372794,0.008149798229187719
2017-05-23,0.021842153441880164,3.237169945326037,-0.15059515219220926,6.794203728808512,6.94464231340822,0.006702078046944864
2017-05-24,0.016937827699761793,3.237920957585365,-0.14530769130265636,6.7953378762152745,6.94048899992543,0.00520385946583487
2017-05-25,0.013484308666683539,3.238646914398796,-0.14010450050443182,6.797813504793852,6.937761437705782,0.004146299070298014
2017-05-26,0.010831395367990139,3.239353701414877,-0.13502263708781678,6.800949241927855,6.93581531142317,0.003332547238220797
2017-05-27,0.008291966363310121,3.240042674515866,-0.13007339843527865,6.8040480246767014,6.933964855519479,0.0025526823064836272
2017-05-28,0.006113008475688282,3.2407148227962503,-0.12522545001922122,6.807389163485521,6.932458045912242,0.0018827633596123028
2017-05-29,0.005915357012132281,3.2416319474447195,-0.12047048069540532,6.8128636059942504,6.933177519097154,0.001821484479691549
2017-05-30,0.008587481798639862,3.242903060947452,-0.11588960597901353,6.821387718999883,6.937120757386395,0.002641090812273187
2017-05-31,0.010814924249419792,3.2443758338874846,-0.11150100145180177,6.829476538917907,6.940820972777207,0.0033223626671911757
2017-06-01,0.010950293967325825,3.2459527051469546,-0.10729279415865901,6.8353969871884255,6.942533213754583,0.0033621799514151245
2017-06-02,0.010743818540820231,3.247600595708253,-0.10325448516984906,6.840876711312029,6.943974628889376,0.0032973244000346967
2017-06-03,0.014434538735664328,3.2493039056673836,-0.09937672639493032,6.8501485002409215,6.94936865904335,0.004422700832665673
2017-06-04,0.018042317969526742,3.2510789657361685,-0.09565113626373253,6.859256929674767,6.954751498345997,0.005519011503016177
2017-06-05,0.018863447549205006,3.253086373406316,-0.09207014749516415,6.865666455693161,6.957580035595823,0.00576520074617044
2017-06-06,0.01912775187471461,3.2549480388247383,-0.08862688135383133,6.871235691578425,6.959706005339756,0.005842183595459249
2017-06-07,0.01965141142551177,3.2566701528605337,-0.08531504376737314,6.8767933027514765,6.961951778926348,0.005998010585934068
2017-06-08,0.018709722619486804,3.2583518528245943,-0.08212883948067239,6.880719518196212,6.962691790084383,0.005709298464113056
2017-06-09,0.01604088708879743,3.2600206767202247,-0.07906290108699958,6.882785444954827,6.961691778449325,0.004896393665492342
2017-06-10,0.012607107661000082,3.261684717060255,-0.07611223032496778,6.8839663766290915,6.959922039361558,0.0038503311054363157
2017-06-11,0.009252051158964226,3.2632955886685604,-0.07327214948406052,6.885062272576269,6.958177854467827,0.002827170809177844
2017-06-12,0.006439488862882374,3.2648858853808096,-0.0705382611369852,6.886573895339511,6.956955588883995,0.0019684648043825784
2017-06-13,0.004290514365240757,3.266467301558767,-0.06790641472762282,6.8886381834291885,6.956388030564311,0.0013117799013892023
2017-06-14,0.0027360074178996445,3.268043580708477,-0.06537267880033118,6.89119369155885,6.956409802766679,0.0008365000894074096
2017-06-15,0.0017223913262563357,3.269668946031883,-0.06293331786880166,6.894244801722142,6.957021551998442,0.0005265011576533912
2017-06-16,0.001059922043620285,3.271522871681416,-0.06058477309843339,6.897784802859407,6.958213008365339,0.0003238793669796884
2017-06-17,0.0006399389230666598,3.273212610508285,-0.05832364612147973,6.901315685542675,6.9594827640716534,0.00019546968392874427
2017-06-18,0.00031770235821499527,3.274585494195806,-0.05614668542432069,6.904543293362504,6.960533411194324,9.701122114061077e-05
2017-06-19,0.00018286437611315318,3.2757812949317975,-0.05405077484546923,6.907700166695245,6.961594373948213,5.582001732027057e-05
2017-06-20,0.00010649342046939446,3.2771520555659914,-0.052032923804870436,6.911012407414395,6.962888763626763,3.2494665549756235e-05
2017-06-21,3.900509371225443e-05,3.2786003033703737,-0.05009025895275734,6.914335831744133,6.964269523104388,1.1896732163113968e-05
2017-06-22,0.002095457546350915,3.2800711963522757,-0.04822001698216251,6.919733419149268,6.9677968685389295,0.0006384372785769078
2017-06-23,0.0144327816724663,3.2816565762510903,-0.04641953839526552,6.935456601761095,6.981719572563859,0.004378759221976477
2017-06-24,0.035356227319376696,3.283160721535418,-0.04468626205172563,6.959617469035873,7.004147163495098,0.0106542253254358
2017-06-25,0.04985618154167484,3.284636996572162,-0.04301772035841434,6.977262239988226,7.020123392754139,0.014951651983848442
2017-06-26,0.05226925541766693,3.2859479738446673,-0.04141153498573376,6.982592476509405,7.023847443902637,0.01565783525394397
2017-06-27,0.04612169808785651,3.2871890100229177,-0.03986541301685535,6.979232077326723,7.018940922751077,0.013836603343225983
2017-06-28,0.036443414017841,3.2883932029842975,-0.03837714345361344,6.972246255781329,7.010466831642441,0.010960963865556934
2017-06-29,0.026683718357792055,3.2895705087290428,-0.036944594017072264,6.9650964153025665,7.001884441727137,0.008046342810464317
2017-06-30,0.018481749900810345,3.290648016627028,-0.03556570819246207,6.959350840568181,6.994759981168141,0.005585078617271223
2017-07-01,0.012445970332025718,3.2916749864722794,-0.03423850247778276,6.955669236559327,6.989751171444608,0.003766802273504923
2017-07-02,0.00931023632787572,3.2926696117175096,-0.032961063803174186,6.954805566475015,6.987610062685688,0.002819592110287086
2017-07-03,0.009141887909046869,3.2936382652503466,-0.03173154709456291,6.956835388297635,6.9884103677996965,0.002767937157519209
2017-07-04,0.009326551194373242,3.2945326019495793,-0.03054817296026136,6.959097762416496,6.989489367784255,0.002822926390641712
2017-07-05,0.008576643707815688,3.295177112449458,-0.029409225483444223,6.960131312906634,6.989383970797576,0.0025960299528471884
2017-07-06,0.007190232060734013,3.295706509526247,-0.028313050106842617,6.960370473712943,6.988526956227284,0.002176947274857657
2017-07-07,0.00713621855535218,3.296167468287236,-0.02725805159875077,6.961832417476641,6.988933901482891,0.0021603277300166197
2017-07-08,0.011583647933872693,3.2965750468342168,-0.026242692091678035,6.967702784909216,6.9937889094083925,0.0035015393766304
2017-07-09,0.01724202109887955,3.296676882827937,-0.02526548918675949,6.974440196972861,6.999549118567119,0.005202909787094873
2017-07-10,0.0265859256266301,3.296866279286778,-0.02432501411846737,6.984913973027744,7.00908241955371,0.00799949088701361
2017-07-11,0.03546794144622094,3.297323479186415,-0.02341988997530988,6.99515831289013,7.018421635272938,0.010642112562654267
2017-07-12,0.03891690039824343,3.297788640804692,-0.02254878997307484,6.999943533462664,7.022335755843239,0.01166327082737222
2017-07-13,0.040990128494650405,3.2981216091131844,-0.021710435777913487,7.003188084062725,7.024741952248137,0.012275758260194086
2017-07-14,0.04957365871884589,3.2983994016364644,-0.02089889562131687,7.012860946966797,7.033603274995613,0.01480706619353287
2017-07-15,0.06655883150560182,3.298645628947301,-0.020115172052760862,7.030876070632946,7.050834675093205,0.019778540141553263
2017-07-16,0.07633039056844738,3.2988662131955637,-0.01936066673574104,7.041622719261074,7.060826818404314,0.02261509462391729
2017-07-17,0.07317913446845335,3.2990641896618254,-0.018638160539485506,7.039391945823597,7.057873538770581,0.021700431266277822
2017-07-18,0.06212056979138855,3.299241540790558,-0.017937231841887516,7.029211660972863,7.046992325222249,0.018480772897340042
2017-07-19,0.050303499239162566,3.2994519255563866,-0.017272107678460474,7.018270099349893,7.035385639435852,0.015017066280960742
2017-07-20,0.0394841774124628,3.2997964444535617,-0.01662784755733398,7.008439556541495,7.0249108365063275,0.011824156722233975
2017-07-21,0.031118252511129346,3.3001892222567184,-0.016004213826651535,7.001090043174001,7.0169376894081505,0.009341152909728909
2017-07-22,0.02583941686740343,3.3006018129872943,-0.015401938528818424,6.996826073558683,7.0120714444950005,0.0077678861828357395
2017-07-23,0.021421397791006602,3.3010257823556395,-0.01482087534705635,6.993413087032394,7.008077394786948,0.006447475800070088
2017-07-24,0.017005493026900034,3.301482856120991,-0.014265483007528489,6.990009648373166,7.004118563788193,0.005124469709609389
2017-07-25,0.012672072604488513,3.30221602573862,-0.013729142095838148,6.986945738480074,7.000518312983411,0.003822775378397369
2017-07-26,0.009003208778312817,3.3030655490033736,-0.013221846269848535,6.984633693744642,6.997698972421989,0.0027183037058514654
2017-07-27,0.0061558250532153195,3.3042370480347194,-0.012725096479525648,6.983454558841213,6.996023087728237,0.0018595451625272397
2017-07-28,0.004106723907668634,3.3057957578512402,-0.012243308969927355,6.983445955021786,6.995532696399211,0.0012407386411838598
2017-07-29,0.0029779368993111707,3.3072815271701033,-0.011779651900882161,6.984266594401336,6.995889678709717,0.0008996083031057305
2017-07-30,0.00225832308001764,3.3087525300933915,-0.011332648470224409,6.985464986935989,6.996641067813712,0.0006820645356245723
2017-07-31,0.001845970717691284,3.3104593632275643,-0.010907306047966024,6.987184810130094,6.997935548585558,0.0005573069302438268
2017-08-01,0.00282832866773282,3.3125456329491363,-0.010493882149729069,6.990666861699944,7.0010041762571715,0.0008530949149258196
2017-08-02,0.00941956550058037,3.314841535972805,-0.010096185027436996,6.999951698678753,7.009891316113688,0.0028335817232904514
2017-08-03,0.01705294664182821,3.317265111099607,-0.009724715809984108,7.010380124164255,7.019948272381738,0.0051143731181359925
2017-08-04,0.021328147747958267,3.3197874310209006,-0.009360065257810937,7.017542295743852,7.0267457934091615,0.006383540839918296
2017-08-05,0.023870416153748183,3.3225494689817836,-0.009006071122080201,7.023200596246255,7.032050099775834,0.007133120460997207
2017-08-06,0.024056559152779603,3.3254490617022237,-0.008665434262040582,7.0266269688257665,7.035135835495305,0.007182122341576744
2017-08-07,0.02187168709579728,3.328472974055575,-0.008338512028649617,7.027792931355527,7.035974875791675,0.006528190173807642
2017-08-08,0.01812750306846474,3.331590730972088,-0.008018365978825444,7.027486650294532,7.035348448680855,0.005411650115597538
2017-08-09,0.014344891617791577,3.3347872991421714,-0.007713335769148332,7.027205637223618,7.034762405400265,0.00428316674312474
2017-08-10,0.012516948949195568,3.338053966682977,-0.007427037366480624,7.028930660498496,7.036201130272476,0.0037357660125316044
2017-08-11,0.01123640004666243,3.3413842696714524,-0.007144635133419604,7.031262816817499,7.038250884358417,0.0033515274030709763
2017-08-12,0.009511363898829481,3.344746969344555,-0.006871978445785852,7.033173137030403,7.039888547883687,0.002835608636509673
2017-08-13,0.007567573860447552,3.347892153928276,-0.0066205294023741965,7.034625980619154,7.041089942429027,0.0022553016499574103
2017-08-14,0.006018277001481047,3.3509741806082682,-0.006378427879941804,7.036400811962611,7.042622672250052,0.0017927585710949703
2017-08-15,0.004736868989133931,3.3538091509923165,-0.0061399784383877574,7.038192823775867,7.044176234621753,0.00141039275953113
2017-08-16,0.0035898067461884366,3.3563129112618157,-0.005902059230319762,7.039787441010489,7.045532932648307,0.0010684257990412104
2017-08-17,0.0025295470186494653,3.3586763253097005,-0.005675656946346903,7.041316997614807,7.046836086968653,0.0007525712838580803
2017-08-18,0.0017438249396062547,3.3607288041845003,-0.005457540635193517,7.042801870721718,7.0481028437644095,0.0005186138690028549
2017-08-19,0.002571208814608469,3.3626305865844017,-0.005249039443807103,7.045739538188007,7.050832010039313,0.000764057839896523
2017-08-20,0.008663440395691996,3.3643114594363666,-0.005045651102347897,7.053716030962514,7.0586051144723605,0.0025684864705406945
2017-08-21,0.014328306595266387,3.3658438154867762,-0.004849390548270001,7.061109513766577,7.065802336722346,0.004238928101223662
2017-08-22,0.016101957100107086,3.367491159309081,-0.004660346207805544,7.064719552434187,7.069223331049491,0.004758833744523976
2017-08-23,0.014747789470003372,3.3691792842215187,-0.0044756964044895,7.065238159519836,7.069557288331825,0.004358187735386101
2017-08-24,0.011921270754571856,3.370732593033039,-0.004297791253085724,7.064142854767329,7.068284078427913,0.0035242360686657493
2017-08-25,0.008840157510092891,3.372218510720818,-0.004127956069053394,7.062717494394661,7.0666888828712136,0.002614612279034594
2017-08-26,0.006192563625496896,3.373583418736975,-0.003969317739904333,7.061593446855372,7.065406197002774,0.001832240852001167
2017-08-27,0.004146428059338124,3.3748807913828953,-0.003815792273630905,7.060998209401406,7.064657434082536,0.001227107031124349
2017-08-28,0.004164901099924843,3.376131052103093,-0.00366416862742136,7.0624185668084,7.065926167843321,0.0012321113765137541
2017-08-29,0.010808767269075554,3.3773421312452316,-0.003518112017935753,7.070419568729175,7.07378111315461,0.0031901670240883197
2017-08-30,0.019733970592194856,3.3785190942994094,-0.003378313041064069,7.080661534083344,7.083883279531907,0.00580709270774227
2017-08-31,0.024626499759243952,3.379691739749096,-0.003255834401838836,7.086849187339305,7.089948454148642,0.007233900601137858
2017-09-01,0.025252784319805655,3.3808476974700015,-0.0031318473391484863,7.088755416683463,7.09173069643011,0.0074139868905265085
2017-09-02,0.0226601171138378,3.3819840792783227,-0.003018430297743292,7.0874125483272215,7.090274411032463,0.006655649109487069
2017-09-03,0.018525793017458755,3.3830752581932515,-0.0028962251081754028,7.084491608335339,7.087231265851013,0.005446198051610135
2017-09-04,0.014680300836536996,3.3841373945384308,-0.0027856034756005366,7.081818874132171,7.08444791001527,0.004319237497354921
2017-09-05,0.011425265265987635,3.385176698272326,-0.002674819659201386,7.079713926111916,7.082232178178616,0.0033637339283893275
2017-09-06,0.008534010030989463,3.3864565379947535,-0.00256876411591216,7.078208566142635,7.080620762666046,0.002513706565678707
2017-09-07,0.006275322130273158,3.3875649453586436,-0.0024651259823101246,7.0771619237394106,7.079470482129219,0.0018490328464740133
2017-09-08,0.005181341285896407,3.3884729515401553,-0.002362715536073553,7.0770783595227815,7.079284507466355,0.0015267734538693
2017-09-09,0.004599788329274866,3.3892953936344274,-0.0022687583020622347,7.077413205894445,7.079525396604005,0.0013553124308964177
2017-09-10,0.004263118451834537,3.389857877872126,-0.002173564133146352,7.077734214423618,7.079751210964263,0.001256030193517483
2017-09-11,0.003812937018429055,3.3902678394009538,-0.0020849520800481735,7.077782606572139,7.079710991059685,0.0011234078590349722
2017-09-12,0.0031573523087617713,3.3905627939917253,-0.0019972230200127955,7.077509705513278,7.07935036094079,0.0009303514057290842
2017-09-13,0.00235281556029431,3.3907795484237413,-0.0019252525429614246,7.076993893673878,7.078762578624338,0.0006934051807904597
2017-09-14,0.0016793675625779634,3.3909343127302005,-0.0018532444703682272,7.0765472180552145,7.078243894933081,0.0004950070125382021
2017-09-15,0.0011679077497766754,3.3911662761537547,-0.001772283270505264,7.076348682865831,7.077964398543834,0.00034427850750033516
2017-09-16,0.000765845652283666,3.391613864723674,-0.001697155287948354,7.076469337320813,7.078009925016261,0.00022575469660464153
2017-09-17,0.0007573067990707445,3.3921331864727557,-0.0016257126753777434,7.0770515628292525,7.078520707912129,0.00022320402045763042
2017-09-18,0.0017993301316771948,3.392756505521354,-0.0015672571685561693,7.0787753607172785,7.080186050293333,0.0005300634954296007
2017-09-19,0.0028703449355163583,3.3933987081704706,-0.0015109345760331817,7.080544900762758,7.081899267746289,0.000845146509488506
2017-09-20,0.003572718062209739,3.3940527847712643,-0.0014566657977867394,7.081955619268491,7.083255717473777,0.0010515338018360896
2017-09-21,0.004451288773504483,3.39476785420016,-0.001400632198432871,7.083605293008036,7.084849357613967,0.0013095033259934103
2017-09-22,0.00805525321741534,3.395510103790415,-0.0013417934486618902,7.0880103457919725,7.089195571648133,0.0023667103088911854
2017-09-23,0.012533335383137825,3.396266723009973,-0.0012869379847770053,7.093299902641138,7.094430273033414,0.0036767587328210647
2017-09-24,0.015260322431360076,3.397033036946497,-0.0012295339717007074,7.09685060763896,7.097923574018159,0.004472160164489022
2017-09-25,0.01521193112013518,3.3975974989621647,-0.0011702284468802224,7.097425983868224,7.098439644722602,0.0044573045849115416
2017-09-26,0.013155474466785525,3.39808036889821,-0.001120477152227019,7.095902148445573,7.096866058005299,0.0038565127334638863
2017-09-27,0.010300458869607933,3.39854838183683,-0.001080342995713447,7.093555279943528,7.09447905534674,0.0030216824948663024
2017-09-28,0.007508538138189178,3.3989973487715286,-0.0010416668761418608,7.091251002266381,7.09213610155002,0.0022041758879802506
2017-09-29,0.005189052743827493,3.3994276372666192,-0.0010043949788391337,7.089399077264412,7.0902469046507495,0.001524122453800099
2017-09-30,0.0035289552817432224,3.399841180562332,-0.0009684755099244188,7.088188442566954,7.089000350484378,0.0010369002315018553
2017-10-01,0.0030546471916474355,3.4002395296940087,-0.0009272243767932776,7.088153734741667,7.088924391525959,0.0008975560245111498
2017-10-02,0.0042317770465840595,3.4006238986355353,-0.000886899962233918,7.089755557952689,7.090485890322421,0.0012428653222537186
2017-10-03,0.00528751433308721,3.400995258123257,-0.0008468449505443209,7.091222709738604,7.091912987096647,0.0015522828509255762
2017-10-04,0.005366015407408028,3.401093480210238,-0.0008080497890640063,7.091438228061387,7.092089710257949,0.0015752470899217555
2017-10-05,0.004674014171313319,3.400941490609939,-0.0007744042179456676,7.090627882796111,7.091245719421555,0.001372443296887544
2017-10-06,0.003674859858039226,3.4006687658254258,-0.0007382458992863506,7.089392162016983,7.0899738403237675,0.00107946208200456
2017-10-07,0.003953766511136,3.4002650611668677,-0.0007036449646924584,7.089301964946115,7.089849042318306,0.0011614313624582235
2017-10-08,0.010913167726017657,3.399776993991052,-0.0006747744423635356,7.095802169507509,7.096320376357372,0.0031996948443195907
2017-10-09,0.030694838838192913,3.39945944310582,-0.0006471068731239385,7.1152939573036935,7.1157844965843156,0.008948530099583992
2017-10-10,0.07241163176459364,3.3992366884947507,-0.0006187979685567786,7.156816304523591,7.157278534899647,0.020857997436556083
2017-10-11,0.10421881768241359,3.399089495023476,-0.0005884750701413093,7.188506619868552,7.188938527346192,0.029748685636496814
2017-10-12,0.11100000659882045,3.398967914340701,-0.0005603027350717928,7.195194400437254,7.195598135579823,0.03162422252825286
2017-10-13,0.09909487118643596,3.3988548868414044,-0.0005317061475006583,7.183204834113144,7.183579972668143,0.02832941524074551
2017-10-14,0.0789790444321823,3.3986920038685957,-0.0005034385553346825,7.162954391978247,7.163301262941081,0.022710326346355326
2017-10-15,0.0582071917204285,3.398506468052971,-0.0004771642958690911,7.142023277710335,7.142343874413702,0.016838881506964103
2017-10-16,0.04051662496016636,3.3982806885352925,-0.00046018751093144584,7.1241239082173315,7.124427528135762,0.011782207925183625
2017-10-17,0.02699372885300318,3.398031692185583,-0.0004438227270621898,7.110368380544328,7.110655635678889,0.007881322190250414
2017-10-18,0.017397129498479793,3.3977915931249103,-0.00042804755112161664,7.100547457305073,7.100818937263693,0.005094046306499901
2017-10-19,0.010910133287034014,3.397651465980419,-0.00041284042305230774,7.0939355410772045,7.094191813907756,0.003200802734320176
2017-10-20,0.006690214103554687,3.3975461133526066,-0.0003981805843223238,7.089624929104643,7.089866542096464,0.001965261356738413
2017-10-21,0.004026319912519101,3.397453798424071,-0.0003840480475882792,7.086882852521806,7.087110332976893,0.0011836964416796511
2017-10-22,0.002384913379468687,3.397368266028678,-0.00037042356752608764,7.0851695380734245,7.085383394048449,0.000701496036216332
2017-10-23,0.0013265857273382438,3.3972862950273557,-0.0003536932425792166,7.084045969744919,7.084243095394997,0.0003903315187352738
2017-10-24,0.0006819530587123338,3.397127640929292,-0.00033762973990779296,7.083258746480901,7.083439808628308,0.00020070372981433794
2017-10-25,2.909970283631906e-05,3.397197729125464,-0.00032153201683828876,7.082692079044266,7.082857043468603,8.565722662197248e-06
2017-10-26,7.801018742469406e-06,3.3975935068031826,-0.00030552033103397404,7.083082569723695,7.083231522462228,2.2960371261071674e-06
2017-10-27,2.436703483402264e-17,3.398389776829775,-0.0002947006012196473,7.08388185846136,7.084019991470077,7.170170708538823e-18
2017-10-28,4.873406966804528e-18,3.3991906166539474,-0.00027844822774995137,7.084698950659002,7.08482083129425,1.433696287265511e-18
2017-10-29,2.436703483402264e-17,3.399951552049291,-0.0002623329602868023,7.085476001321808,7.085581766689593,7.166877074861736e-18
2017-10-30,2.436703483402264e-17,3.400676236572865,-0.0002481780648794944,7.08621484074079,7.086306451213168,7.16534981247708e-18
2017-10-31,1.949362786721811e-17,3.4014059148751317,-0.00023288629735268042,7.086959810810583,7.087036129515434,5.731050146637302e-18
2017-11-01,2.9240441800827164e-17,3.4021506855610686,-0.00021882265808455015,7.087718645135788,7.087780900201372,8.594693328818547e-18
2017-11-02,2.9240441800827164e-17,3.402911839822567,-0.00020922819892290332,7.088489393856449,7.08854205446287,8.592770890694542e-18
2017-11-03,0.0,3.403689088034233,-0.0002018323028264398,7.089274037964211,7.089319302674536,0.0
2017-11-04,2.9240441800827164e-17,3.4044816699785176,-0.00019470103415700384,7.090073751177165,7.09011188461882,8.588808704325223e-18
2017-11-05,9.746813933609055e-18,3.4052886953374673,-0.0001878247926350298,7.090887652777637,7.09091890997777,2.862257742479933e-18
2017-11-06,4.873406966804528e-18,3.406083175395237,-0.0001794614154193739,7.091690496212622,7.09171339003554,1.430795055742884e-18
2017-11-07,4.873406966804528e-18,3.4067751574985166,-0.000173128476942444,7.092388811254378,7.092405372138819,1.4305044335191499e-18
2017-11-08,0.0,3.4074301870685035,-0.00016702168968549814,7.093049947611622,7.093060401708806,0.0
2017-11-09,-9.746813933609055e-18,3.408070063941656,-0.00015729670316720217,7.093699549471292,7.0937002785819585,-2.8599218181378078e-18
2017-11-10,7.310110450206791e-18,3.4087009859703965,-0.00014537482991678648,7.094342393373283,7.094331200610699,2.1445443529056663e-18
2017-11-11,8.731073109798038e-05,3.409326065795305,-0.0001352815963556718,7.0950648771628515,7.095043591166705,2.5608725447934617e-05
2017-11-12,0.0004958654362760535,3.409947143242387,-0.00013051466095575102,7.096099276250511,7.096073223318966,0.00014539619486800073
2017-11-13,0.0008667295085489625,3.4103044783253416,-0.00012591766691638976,7.096832072399778,7.0968014224741935,0.0002540856074765417
2017-11-14,0.0009887206217167903,3.4102906692554433,-0.00012148447480285542,7.096944687635162,7.096909604517463,0.000289838652515763
2017-11-15,0.0009109540987825854,3.409850619172428,-0.00011720917033952726,7.096431146333675,7.096391787911513,0.00026708231555127524
2017-11-16,0.0007386078324886605,3.4091529813365797,-0.00010585779733154607,7.095572513604541,7.095521803809371,0.00021660742377696722
2017-11-17,0.0005500782782543322,3.4082782649865764,-9.72183600612876e-05,7.094517907137574,7.094458557905133,0.00016136872346217664
2017-11-18,0.00038559302597660796,3.407280806922372,-9.067621212832617e-05,7.093362505969024,7.093296614588651,0.00011315456993749522
2017-11-19,0.00025830814962416235,3.4061858185527085,-8.248253280804802e-05,7.0921484264023285,7.092074341342635,7.582926360052236e-05
2017-11-20,0.0001670511032823026,3.4050079430802325,-7.486641746041125e-05,7.090886909998858,7.090805208823817,4.905800834542946e-05
2017-11-21,0.00010503556272491315,3.4037574679992884,-7.22350954473405e-05,7.08957705069937,7.089492718202315,3.085775721404652e-05
2017-11-22,6.454034104088108e-05,3.4024421523885424,-6.969730213702846e-05,7.08822377766025,7.088136907369886,1.8968468505525576e-05
2017-11-23,3.890505802330784e-05,3.4010681116168553,-6.644386686140799e-05,7.086827355040821,7.0867372313151815,1.1438939684216025e-05
2017-11-24,2.3075209871186244e-05,3.399640317385754,-5.716724346947794e-05,7.08539300758496,7.085293607235927,6.787498409825934e-06
2017-11-25,1.3497665351423498e-05,3.3981629072067703,-4.975900334431699e-05,7.083913428101582,7.0838066195124245,3.972031979290797e-06
2017-11-26,7.801018742453262e-06,3.3966393882732993,-4.801257247891045e-05,7.082385958952367,7.082277403932345,2.29668208315719e-06
2017-11-27,0.002095457546350924,3.3950727781531405,-4.25920241113513e-05,7.082912425908184,7.082798450339794,0.0006168247790411417
2017-11-28,0.011900770470625622,3.3934657054737585,-3.8251611910930295e-05,7.0911150065652775,7.090996690584687,0.0034947106441239255
2017-11-29,0.021238061860664615,3.391846576553301,-3.272352858721019e-05,7.0988386971181825,7.098714853054268,0.006222541809140069
2017-11-30,0.02620862210258349,3.390202174651824,-2.7742471121563703e-05,7.10216983651609,7.102041011394711,0.007671390726045503
2017-12-01,0.026196545913526693,3.3885290850131495,-2.3002886774097516e-05,7.100489410272706,7.100355845566979,0.0076716400510390545
2017-12-02,0.0226701910883121,3.3868274487347416,-1.7907080045541514e-05,7.095266514975812,7.095127854463357,0.006649129427022756
2017-12-03,0.0177566491720173,3.3850979643565307,-1.9329766006763307e-05,7.088622065995345,7.08848482816885,0.005218162745308934
2017-12-04,0.012947271785881925,3.383341490357178,-0.00012090950158096569,7.081954634874283,7.081918976783363,0.003812182265006286
2017-12-05,0.008949786982251783,3.381558922851744,-0.0006631739957094337,7.07563231807109,7.076138924474298,0.0026396590447602705
2017-12-06,0.005937191608658744,3.3797511484782903,-0.002205421386712642,7.06926970093304,7.0713185547272515,0.0017536143354843668
2017-12-07,0.0038123942535189747,3.377919024710868,-0.005324185358149407,7.062194015839042,7.06736163360469,0.001127349804345631
2017-12-08,0.002384223701392843,3.3760633718380912,-0.010442628350400522,7.053791749421888,7.0640778101797865,0.0007057157567104783
2017-12-09,0.0014588992061840297,3.3741849703599045,-0.01774970654426476,7.0436809452546285,7.061274084206391,0.00043218398105827416
2017-12-10,0.0008765067421132165,3.372284561017979,-0.027199319091572794,7.031748530901323,7.058791282400394,0.0002598472840477939
2017-12-11,0.000518469258550907,3.3703628461154227,-0.03854193316558063,7.018126164441197,7.0565115300142764,0.0001538082210685566
2017-12-12,0.00030260049917473186,3.3684204914404696,-0.05145569292743835,7.003054181245011,7.054353306579947,8.982646863993219e-05
2017-12-13,0.0024248780664019253,3.3664581284337824,-0.06565338587239584,6.989016402860592,7.054513221140487,0.0007197869625401587
2017-12-14,0.01395123625975378,3.3644763564064304,-0.08089798561115712,6.983316389287831,7.064057807306487,0.004129505776604127
2017-12-15,0.026376889348478115,3.362736668998489,-0.09692515501914849,6.977975185560623,7.0747437729872695,0.007782828428252309
2017-12-16,0.031895833837647235,3.3610868884541354,-0.1132271145573176,6.965542389967269,7.078612936932085,0.009400529400899296
2017-12-17,0.03052808439743045,3.3596054482580406,-0.1291147905934519,6.946805524294823,7.075763747295774,0.009004979922875777
2017-12-18,0.02619393264977119,3.358175218545078,-0.1441024234716509,6.926053509956002,7.069999365835152,0.007739679532453911
2017-12-19,0.02374654943428407,3.3567776198827737,-0.15810824814251018,6.908202703407351,7.06615438395736,0.0070245169816612815
2017-12-20,0.022035911334422797,3.355405650068997,-0.17126190544332057,6.891966438192903,7.0630717760437225,0.006524438967721553
2017-12-21,0.02116155640881978,3.3540536376483314,-0.1835703214773292,6.877431654812626,7.060845408697453,0.006269691024761801
2017-12-22,0.01945919262670464,3.3527175541804266,-0.19486925377351946,6.863094275266416,7.057806961447434,0.005770513851365926
2017-12-23,0.016418061035965676,3.351394414995564,-0.20501602798130136,6.848583230283033,7.053442690671833,0.00487499264071613
2017-12-24,0.012789231681438034,3.3500819283018184,-0.2141522480732889,6.834505694142772,7.048501374623559,0.0038030691849347304
2017-12-25,0.009339662841596128,3.3487782852018197,-0.222642387587919,6.821262342688301,7.043748162683718,0.0027812194169766487
2017-12-26,0.007442122072883376,3.3474820269791743,-0.23075104345986958,6.809959887824992,7.04055436369236,0.0022182683548855097
2017-12-27,0.009861736839251095,3.346191957052571,-0.238593426647143,6.803247049477483,7.041683908532125,0.0029384919726403442
2017-12-28,0.012903983221836482,3.344907080177172,-0.24622405580400566,6.797373789827807,7.043441278039311,0.003842974776780376
2017-12-29,0.013955808316324305,3.3436265590527037,-0.253533548691618,6.789835600910214,7.04321258200933,0.004156505124626311
2017-12-30,0.01335216955170951,3.342349682492776,-0.26022682852866585,6.781261805748624,7.041332066684788,0.003978949900920013
2017-12-31,0.011486009321509826,3.341336765820381,-0.26597482393444405,6.772634733440251,7.0384529897821935,0.00342577287611742
2018-01-01,0.009044052950088644,3.340591119358637,-0.27056857650600624,6.764853378035523,7.035265386949028,0.0027000113399976806
2018-01-02,0.0066498239231775145,3.3399681120642066,-0.27386803818914324,6.758536680031045,7.032248150627687,0.0019870281132690916
2018-01-03,0.004596654774694081,3.3391597270397244,-0.2762326434182948,6.7533105206289274,7.029386596454721,0.001374697869645576
2018-01-04,0.004213387206688779,3.338301186325716,-0.2782652479438481,6.750036107821361,7.028144788172708,0.0012605441544076878
2018-01-05,0.0104207409556991,3.3375391495483386,-0.2805454487401749,6.753201223996667,7.03359010514434,0.0031125644561202466
2018-01-06,0.023912727212567056,3.336820764252459,-0.2833754571544156,6.763144816543415,7.046363706105328,0.0071153298151419055
2018-01-07,0.033552729424248785,3.336284538341826,-0.28663495455824484,6.768989095440634,7.055467482406377,0.0099567803303723
2018-01-08,0.035045285854032195,3.3358339780619746,-0.2899733136928439,6.766692732455967,7.056509478556309,0.010396482077889523
2018-01-09,0.03082884102215323,3.335434800407053,-0.29301456630968925,6.7590358573523215,7.051893856069508,0.009158177821468643
2018-01-10,0.02430028690395884,3.3350759680148614,-0.29567802278899485,6.74948501436263,7.045006469559123,0.007233571073909391
2018-01-11,0.017708883631511036,3.3347511512870516,-0.29818309815028243,6.740063719001084,7.038090249558865,0.005282354881805837
2018-01-12,0.01224794422667003,3.3344560514063377,-0.30081773574864645,6.7316730421171656,7.03233421027331,0.003659703470235768
2018-01-13,0.008120552802768525,3.334448401446588,-0.3041981619552879,6.724157574526872,7.028199168889659,0.0024294346396190247
2018-01-14,0.0052076376909174025,3.334599071696369,-0.30856302121643564,6.717030470403655,7.02543692402759,0.0015592631981605858
2018-01-15,0.0032548423762047323,3.3348643009679795,-0.3136388712079058,6.7102670543690826,7.023749357984487,0.0009750527876437556
2018-01-16,0.0019901935982433385,3.3352327825087587,-0.31900133920021834,6.704008419139588,7.022853190747305,0.0005963621887096604
2018-01-17,0.0011947940628617049,3.3356729714734468,-0.32436228914828785,6.698292258620825,7.022497980176611,0.0003580585587483342
2018-01-18,0.001753928249781683,3.3361709122193837,-0.32987496934064153,6.693836653361328,7.023555055109468,0.0005254546862520601
2018-01-19,0.006362244782047564,3.3364581487775027,-0.3355842909710733,6.693022884821281,7.028450608199853,0.0019032565417829185
2018-01-20,0.010580177533663698,3.3365255064126003,-0.34153663956507657,6.691355826613991,7.032735898586567,0.0031609929690626275
2018-01-21,0.011864647460601575,3.336513051634396,-0.3472847496707764,6.686879731657026,7.0340079137353,0.0035434017685066896
2018-01-22,0.010931449185390962,3.336725091858996,-0.35250120814696523,6.680942115130225,7.033286755684689,0.0032654034400974173
2018-01-23,0.011482615922802709,3.3372842276205557,-0.3572818362517331,6.677271789524429,7.034397058183661,0.0034289087473921764
2018-01-24,0.021476902427334216,3.3377579706728215,-0.3617497842455787,6.683271871087381,7.044865087740458,0.006393391125852926
2018-01-25,0.03062900156818782,3.338220694015678,-0.36604701346146534,6.688589464355205,7.054479910224169,0.0090918278747605
2018-01-26,0.032761316446993934,3.338542978557692,-0.3703979530323212,6.686693124205169,7.0569345096449885,0.00971769783449595
2018-01-27,0.02933323620286527,3.3388190690875463,-0.3747842922287121,6.679154795294504,7.053782519930714,0.008708999339724358
2018-01-28,0.023418661727359194,3.3390805568077386,-0.37925458217016383,6.669031418597738,7.048129433175401,0.006964659381411466
2018-01-29,0.017276832440121095,3.3393360097444695,-0.3839639917961165,6.658435632621279,7.042243056824893,0.005147103122228652
2018-01-30,0.012034651475577923,3.3395895693531625,-0.38886639850940796,6.648544604552137,7.037254435469043,0.00359069235768984
2018-01-31,0.008026147007179458,3.3398435982449586,-0.3937868112652645,6.639869716219677,7.03349995989244,0.0023973892707629773
2018-02-01,0.005784680200372507,3.3398386401860876,-0.39865212838849085,6.632757974230774,7.031253535026763,0.001729029136401496
2018-02-02,0.007676155202667025,3.339702280450684,-0.40343446369796027,6.629730754188195,7.033008650293654,0.0022931841589547584
2018-02-03,0.013545147321203887,3.3394768864977045,-0.4081732318601421,6.6306355841915705,7.038652248459211,0.004039683361632046
2018-02-04,0.01811808612303141,3.339172499561384,-0.4128372025716077,6.630240165345612,7.042920800324717,0.005396639242455645
2018-02-05,0.018811591335047794,3.3390804333609063,-0.4170111107985568,6.626667696130202,7.043522239336257,0.005602202571344181
2018-02-06,0.016584400496288853,3.3390608643164055,-0.42011269454038375,6.621319352505115,7.041275479452997,0.004942238880311016
2018-02-07,0.01329484022840776,3.3390678032843852,-0.4219237700199613,6.616225655725636,7.037992858153096,0.003965812068134933
2018-02-08,0.010654972409870823,3.339090517150747,-0.4226528988857089,6.612879372907713,7.03537570420092,0.003180830437141188
2018-02-09,0.010896541660779432,3.339124228634143,-0.4226884362733818,6.613119116254345,7.035650984935225,0.0032526788363226007
2018-02-10,0.019302897516866244,3.339166349935114,-0.42224837190779535,6.622007657776988,7.044099462092283,0.005747528440676079
2018-02-11,0.035647965549449524,3.338954389759415,-0.4212813171153698,6.6391078204262985,7.060232569949168,0.01056360477357244
2018-02-12,0.04855510103611256,3.338640043947899,-0.4195757629596296,6.653406164257186,7.072825359624314,0.014334899218315263
2018-02-13,0.052222637001686716,3.3382751493060354,-0.41702128491360096,6.659263283626926,7.0761280009480245,0.015402645951454099
2018-02-14,0.048658491666227634,3.3378743633116,-0.4133960594246453,6.658923577785987,7.072163069618131,0.014368232569988223
2018-02-15,0.04082358539032774,3.337445349511133,-0.408539283440007,6.655516433694258,7.063899149541763,0.01208417274556577
2018-02-16,0.03153930192558667,3.336992929073134,-0.402598059100377,6.651720954131148,7.054162445639023,0.00936292122585264
2018-02-17,0.022828995203010863,3.3365204557121224,-0.3958256984866869,6.64931053466125,7.044979665555436,0.006795659557475311
2018-02-18,0.015699422785418596,3.336030416703592,-0.38886874427157403,6.648647877450241,7.037360054129314,0.004683976196545738
2018-02-19,0.01041212939697864,3.33570738771393,-0.3822212316409064,6.649685067702807,7.031749731751211,0.0031117027780193083
2018-02-20,0.0066923133022450095,3.335706934833983,-0.37633184154131666,6.651854188827716,7.028029462776531,0.0020022483268498648
2018-02-21,0.004190725693714501,3.3358669198062296,-0.3715280019253695,6.654316425807378,7.025687860140247,0.0012546866367293575
2018-02-22,0.002567949136017524,3.3361099717771183,-0.3681150392165567,6.656349663929383,7.024308135553438,0.0007691515015366275
2018-02-23,0.001536133188858279,3.3364109390286965,-0.36646280182488106,6.657271052625478,7.023577286857858,0.0004602029797428015
2018-02-24,0.0009012400348977569,3.336496529465595,-0.36641940640789183,6.656765145325405,7.0230279841407945,0.00027004273902677333
2018-02-25,0.0004466780732245557,3.336563888939275,-0.3676965582015846,6.6551007910437185,7.022640781652802,0.00013385575629880304
2018-02-26,0.00023033780386909745,3.3366818195492054,-0.37002431047662276,6.6526746291092556,7.022542371993377,6.902723026781964e-05
2018-02-27,0.0005519604698152684,3.337081386624558,-0.37324092928943287,6.650179200037744,7.023263561734677,0.00016537480676113983
2018-02-28,0.0008901325647762988,3.33786223458517,-0.376984325876298,6.647554823506452,7.024382581790249,0.0002666063447934419
2018-03-01,0.0009887206217168074,3.3387127644711208,-0.3808276855591154,6.6446605817665265,7.02533169973314,0.0002960505979741248
2018-03-02,0.0009109540987825695,3.339677499641734,-0.3843570242859032,6.642018211687418,7.026218668380819,0.00027269270411401855
2018-03-03,0.0007386078324886934,3.340801252194995,-0.38730033523390145,6.640026307026387,7.0271700746677865,0.0002210381630709078
2018-03-04,0.0005500782782543432,3.3420200265506863,-0.38983767108390843,6.638519215977836,7.028200319469243,0.0001645674618640479
2018-03-05,0.0003855930259766122,3.343309052996758,-0.39209883098559917,6.637382597269939,7.029324860663037,0.00011531944953025786
2018-03-06,0.00034561888072213786,3.344657527493252,-0.3941563641020801,6.636633564504698,7.030633361014276,0.00010332393292269191
2018-03-07,0.0011867809261461313,3.3460583048132673,-0.39600257848411846,6.637029289488099,7.032875300379716,0.0003545545353706805
2018-03-08,0.01005870886578713,3.347506095741841,-0.39757237483885505,6.645779212001578,7.043195019247931,0.0029958346156069536
2018-03-09,0.041750015133257705,3.348996747955832,-0.3986972417041787,6.677836303617715,7.076376977729392,0.012312926340515612
2018-03-10,0.07201603741201786,3.350344230835023,-0.3993220593224822,6.708824991157362,7.1079904828873435,0.021042798468702717
2018-03-11,0.0832384167321717,3.351391692974313,-0.3991808222045055,6.721236069734783,7.120260324346788,0.02423504542656125
2018-03-12,0.07827167056645526,3.3523001269924912,-0.39803634924370757,6.7183222305480434,7.116202012199249,0.02281592550319167
2018-03-13,0.06706605693142781,3.3531458746671445,-0.3958753764109558,6.71012333742042,7.105842146238874,0.01960874304654034
2018-03-14,0.05379192283552901,3.353953156991299,-0.39288423161197483,6.700647630447657,7.09337529446713,0.015785195657376627
2018-03-15,0.04058016067569656,3.354733494833919,-0.38929971558966386,6.691800722152756,7.080943870149918,0.011951814999432129
2018-03-16,0.029035928581378188,3.35546777905262,-0.3853354255741555,6.684955064292647,7.070133922274302,0.008579080151658721
2018-03-17,0.01988335912119116,3.356123767228059,-0.3810207659941653,6.6807731425878885,7.061637340989552,0.005889608160481772
2018-03-18,0.013132644372334568,3.3564796506563006,-0.3762848086073712,6.679114268654068,7.055242509668938,0.003897375490856869
2018-03-19,0.00841880067723349,3.35644170580166,-0.3709814259612724,6.679665862750426,7.050490721119196,0.002501976132747094
2018-03-20,0.005264323102947394,3.356064354373503,-0.3650199976241604,6.682095462085094,7.046958892116753,0.0015661435128978922
2018-03-21,0.00322355494702108,3.3554583423643303,-0.35838191515051515,6.68608676439364,7.044312111951654,0.0009597678629826655
2018-03-22,0.0019345685149701924,3.354633228978139,-0.3511007118553388,6.691253867870574,7.042198012133412,0.0005763531773185237
2018-03-23,0.001119332687420401,3.353669537135889,-0.34326282205383246,6.697312830002281,7.040419084463612,0.0003336522001396035
2018-03-24,0.00034254457484518547,3.3526272144910263,-0.33496776832897357,6.703788772969702,7.038599973706174,0.00010216154616933303
2018-03-25,0.00016152646909839356,3.351664276553229,-0.32623236248968046,6.711380222765451,7.03745601766263,4.819059181200461e-05
2018-03-26,9.448365746001018e-05,3.3509561404218116,-0.3172834815135657,6.71955392479851,7.036680838719574,2.8195234288938958e-05
2018-03-27,5.460713119712989e-05,3.3505603620464774,-0.30814965630699426,6.7282520951034845,7.036245183817977,1.629764437258867e-05
2018-03-28,-1.218351741701132e-17,3.350283705813276,-0.2988722000062658,6.7371982880398145,7.035913920453579,-3.636562896411124e-18
2018-03-29,-1.0965165675310187e-17,3.3500637818891272,-0.2897089941526276,6.7461415699693035,7.03569399652943,-3.2731214655044105e-18
2018-03-30,-1.827527612551698e-17,3.350062607882351,-0.28063232947691913,6.755217060638236,7.035692822522654,-5.45520435424614e-18
2018-03-31,-7.310110450206791e-18,3.3501623110619803,-0.271625279117144,6.76432381417764,7.035792525702282,-2.18201680141567e-18
2018-04-01,-1.218351741701132e-18,3.3503686626937625,-0.2626851145327703,6.773470330393796,7.035998877334065,-3.6364706823682894e-19
2018-04-02,0.0,3.3506928038625814,-0.2538231839833113,6.7826564021120745,7.036323018502884,0.0
2018-04-03,2.3148683092321505e-17,3.351145766585647,-0.24508453717247916,6.791848011645971,7.036775981225949,6.907692086431324e-18
2018-04-04,2.436703483402264e-18,3.351708636013561,-0.23642763167586883,6.801067786570496,7.037338850653864,7.270033729126343e-19
2018-04-05,3.04587935425283e-18,3.3524161271176407,-0.22785433431100027,6.810348575039445,7.038046341757943,9.085624334087765e-19
2018-04-06,1.827527612551698e-17,3.3532955872824477,-0.21956242041927132,6.81951994909598,7.03892580192275,5.449944882528978e-18
2018-04-07,9.746813933609055e-18,3.354375267289994,-0.21160514731582802,6.828556902206969,7.040005481930296,2.905701705069965e-18
2018-04-08,-6.09175870850566e-19,3.3556894758883598,-0.20396631788626104,6.837509940234902,7.041319690528662,-1.815352329909183e-19
2018-04-09,6.09175870850566e-18,3.357281481940673,-0.19662723247358077,6.8464410316998965,7.042911696580976,1.814491498932739e-18
2018-04-10,-3.04587935425283e-18,3.359207398988709,-0.1895098063025601,6.855484374918953,7.044837613629012,-9.067256029412753e-19
2018-04-11,8.833050127333206e-18,3.3615421954218703,-0.18252509159221594,6.864803886062458,7.047172410062172,2.6276778971756047e-18
2018-04-12,1.4620220900413582e-17,3.3643188471612695,-0.17576936606350416,6.874336263330569,7.049949061801572,4.345670420849014e-18
2018-04-13,1.5838572642114716e-17,3.3672216026829034,-0.16914806236081606,6.8838603225548916,7.052851817323206,4.703751196385473e-18
2018-04-14,-3.6550552251033956e-18,3.3696858056293815,-0.16274878735556128,6.892723800506625,7.055316020269684,-1.084687248584802e-18
2018-04-15,1.2792693287861885e-17,3.3713152689981016,-0.15660706726528179,6.900494983965624,7.056945483638405,3.794570447178516e-18
2018-04-16,2.3757858963172074e-17,3.3729209195235423,-0.15070896566723205,6.907998736089114,7.058551134163845,7.043704708774524e-18
2018-04-17,3.04587935425283e-18,3.3750792871657085,-0.14504196153017934,6.915824107868334,7.060709501806011,9.024615705578488e-19
2018-04-18,2.071197960891924e-17,3.3757094182822853,-0.1395947269253714,6.921901473589719,7.0613396329225875,6.135593157617944e-18
2018-04-19,1.218351741701132e-17,3.375720036047597,-0.1343569435206814,6.92714987475972,7.0613502506879,3.6091610936066185e-18
2018-04-20,1.4620220900413582e-17,3.375434137033902,-0.12931915105810438,6.9319017682086015,7.061064351674204,4.331360147130828e-18
2018-04-21,1.4620220900413582e-17,3.3749398514882,-0.12447262220146106,6.936254011519543,7.060570066128502,4.3319945076848435e-18
2018-04-22,2.3148683092321505e-17,3.37428300318139,-0.11980925911986127,6.940260526294333,7.059913217821693,6.860326496175967e-18
2018-04-23,1.5838572642114716e-17,3.3734923495054168,-0.11532150798029642,6.943957623757925,7.059122564145719,4.6950077252840924e-18
2018-04-24,2.558538657572377e-17,3.3725878279578008,-0.11100228819003628,6.947372322000568,7.058218042598103,7.586277327940325e-18
2018-04-25,8.528462191907923e-18,3.3715841545870973,-0.10684493378089038,6.950526003039011,7.0572143692274,2.529511885475202e-18
2018-04-26,0.0,3.3704926728642937,-0.10284314478319591,6.953436310313902,7.056122887504596,0.0
2018-04-27,2.436703483402264e-18,3.369322410857134,-0.09899094681420346,6.956118246275734,7.054952625497437,7.232028242682724e-19
2018-04-28,6.700934579356226e-18,3.3680807334084144,-0.09528265741697109,6.958584858224247,7.0537109480487175,1.9895409610846962e-18
2018-04-29,3.6550552251033956e-18,3.366773768020983,-0.09171285794341255,6.960847692310375,7.052403982661286,1.085625431628531e-18
2018-04-30,-3.6550552251033956e-18,3.365406695566289,-0.08827636998789602,6.962917107811197,7.051036910206592,-1.0860664269547867e-18
2018-05-01,5.17799490222981e-18,3.3639839559008387,-0.08496823555363281,6.96480250258001,7.049614170541141,1.5392448269995387e-18
2018-05-02,6.3963466439309424e-18,3.362509397604362,-0.0817837002793104,6.966512479557856,7.048139612244665,1.9022539084910973e-18
2018-05-03,8.680756159620565e-18,3.360986389722106,-0.07871819917334229,6.968054972781568,7.046616604362409,2.582800152409516e-18
2018-05-04,1.9722068818787072e-17,3.3594179069029058,-0.07576734440205438,6.969437344733656,7.045048121543209,5.870680387296358e-18
2018-05-05,1.5876646134042875e-17,3.357806595438948,-0.07292691475975131,6.970666462912001,7.043436810079251,4.728278917436401e-18
2018-05-06,4.035790144385e-18,3.3561548252965703,-0.07019284651590693,6.971748761013467,7.041785039936872,1.2025041615976023e-18
2018-05-07,-4.568819031379244e-19,3.3544647316768876,-0.06756122539013693,6.972690288519555,7.04009494631719,-1.3620113481101662e-19
2018-05-08,-2.950695624432429e-18,3.3527382486196644,-0.06502827945126842,6.9734967514012,7.0383684632599675,-8.800852931621613e-19
2018-05-09,-6.0108525381583184e-18,3.350977136471529,-0.06259037277431807,6.9741735459300145,7.036607351111831,-1.793761130965982e-18
2018-05-10,-3.712760361307014e-18,3.3491830045600572,-0.06024399972007143,6.97472578707279,7.03481321920036,-1.1085570290581107e-18
2018-05-11,-1.3474438858208065e-17,3.347357330077144,-0.05798577972722653,6.975158332582721,7.032987544717447,-4.0253960152791724e-18
2018-05-12,-5.3457614784949145e-18,3.3455014739329414,-0.05581245252784877,6.975475803637897,7.031131688573244,-1.5978954187129636e-18
2018-05-13,-4.7639798342867475e-18,3.3436166941649166,-0.05372087371387166,6.9756826026838485,7.029246908805219,-1.4247984353591024e-18
2018-05-14,-1.0179237525685328e-17,3.3417041573561357,-0.05170801059624904,6.975782928992691,7.027334371996439,-3.046121693112074e-18
2018-05-15,-2.509528132542409e-18,3.339764948419337,-0.049770938309724025,6.975780792342417,7.02539516305964,-7.514086084801066e-19
2018-05-16,5.588995172897589e-18,3.3378000790288826,-0.04790683612539842,6.975680025136288,7.023430293669185,1.6744547428148187e-18
2018-05-17,6.475030921191969e-18,3.3358104949269745,-0.04611298394079593,6.975484293218983,7.021440709567277,1.9410667755374745e-18
2018-05-18,4.080704566073379e-19,3.333797082285343,-0.04438675892320874,6.975197105594939,7.019427296925645,1.2240410754922208e-19
2018-05-19,1.0237178347256612e-17,3.3317606732711353,-0.04272563228701289,6.974821823216926,7.0173908879114375,3.072603152256345e-18
2018-05-20,1.4810588360054384e-17,3.329702050936958,-0.04112716618962664,6.974361666980135,7.0153322655772605,4.44802211533815e-18
2018-05-21,2.6194562446574335e-17,3.3276219535351808,-0.0395890107339625,6.973819725034023,7.013252168175484,7.871856482598902e-18
2018-05-22,3.1067969413378866e-17,3.32552107833878,-0.0381089010677677,6.973198959503817,7.011151292979083,9.342286120435135e-18
2018-05-23,2.649915038199962e-17,3.323400085037103,-0.03668465457228051,6.972502212697627,7.009030299677406,7.973505958944386e-18
2018-05-24,7.614698385632074e-18,3.321259598764532,-0.035314168134236205,6.9717322128631,7.006889813404834,2.2927140017795202e-18
2018-05-25,6.09175870850566e-19,3.3191002128101323,-0.033995415496512915,6.970891579546423,7.0047304274504345,1.8353645017991314e-19
2018-05-26,-3.807349192816037e-18,3.3169224910491666,-0.03272644468369986,6.969982828598271,7.002552705689469,-1.1478559426969742e-18
2018-05-27,-1.8579864060942263e-17,3.3147269701315927,-0.03150537549962526,6.969008376864771,7.000357184771895,-5.605247197842256e-18
2018-05-28,0.0003492429243917938,3.312514161457052,-0.030330397094474902,6.968319789519773,6.998493619021746,0.00010542026089270715
2018-05-29,0.0020707724762022164,3.3102845529617793,-0.029199765599562978,6.968942342071223,6.997985540078284,0.0006251661650847815
2018-05-30,0.003962783470471862,3.3080386107394846,-0.028111801828141728,6.969676374614619,6.997631608850259,0.001196492090069649
2018-05-31,0.004821611995416139,3.3057767805147757,-0.02706488904088894,6.969320285702107,6.996228607150495,0.0014564170653632962
2018-06-01,0.00463253701684712,3.303499488985971,-0.026057470774851044,6.967861337460771,6.99376224064312,0.0014003482873217027
2018-06-02,0.003865385428737275,3.3012071450512677,-0.02508804873476098,6.9657712639780485,6.990702745120307,0.0011695311957876744
2018-06-03,0.006431350189424292,3.298900140930531,-0.024155180745698744,6.9669630926070605,6.990961705760258,0.0019457504358345427
2018-06-04,0.023585971724064632,3.296578853194034,-0.023257478766110194,6.982694128384792,7.005795039558401,0.007103855672179302
2018-06-05,0.045596759986774614,3.29424364370713,-0.022393606960213024,7.003233578966496,7.025470618334207,0.013652376902903515
2018-06-06,0.0582248601100131,3.291894860499816,-0.02156227982881188,7.014344223013821,7.035749935250132,0.017379934141402657
2018-06-07,0.06227560705741135,3.2895328385679807,-0.020762260397550695,7.016832967460646,7.037438660265694,0.018579703484753213
2018-06-08,0.06288772862904034,3.2871579006134173,-0.019992358461578565,7.015840053013683,7.0356758438827605,0.018772200617237885
2018-06-09,0.05981309100734332,3.284770357728161,-0.019251428885602648,7.011118802082706,7.0302136633758066,0.017883569635542215
2018-06-10,0.05213062457000007,3.282370510028125,-0.018538369958282425,7.001749546872647,7.020131349238428,0.015633710251018663
2018-06-11,0.04468777937053961,3.279958647241087,-0.017852121799850105,6.992581087044581,7.010276641251929,0.013441362971064554
2018-06-12,0.0578531080084599,3.2775350492526627,-0.01719166482187439,7.003983274672052,7.021018371901425,0.017345239978295773
2018-06-13,0.10824329082300857,3.27509998661429,-0.01655601823801293,7.05257404143209,7.0689734920776015,0.031992996851622185
2018-06-14,0.15085193904316363,3.272653721016209,-0.01594423862459935,7.093348203667578,7.109135874699675,0.04406358686742976
2018-06-15,0.16017537055751857,3.27085751393561,-0.01535541852989195,7.101464248196041,7.116663099133431,0.04668430060272696
2018-06-16,0.14308423505614465,3.269283408975688,-0.014788685130789726,7.083365741133847,7.0979978586721355,0.041931072493433204
2018-06-17,0.11416275498174788,3.2676987734554026,-0.014243198935825666,7.053405111734129,7.067491743077453,0.03375737120570563
2018-06-18,0.0844843303822503,3.2660636443424136,-0.013718152533210742,7.0226166044242575,7.036178189364966,0.025215078554185727
2018-06-19,0.0600779619365998,3.264374559361676,-0.013212769382739334,6.997026534148341,7.010082735938578,0.018071535554112218
2018-06-20,0.04214604337128781,3.2626341633370557,-0.012726302650329048,6.977840686290818,6.9904104213486455,0.012753054888714213
2018-06-21,0.029899122483239067,3.2613972080482405,-0.012258034083997813,6.964825078680286,6.976926545171782,0.009084299765378752
2018-06-22,0.022803391291250048,3.2607858679315447,-0.011807272930066823,6.957568768525532,6.969219473863097,0.006944654002385021
2018-06-23,0.018049301429359087,3.260389783120886,-0.01137335488841144,6.952852511894638,6.964069299190548,0.005505455786693439
2018-06-24,0.014005091636240967,3.2604106611802,-0.01095564110556493,6.9492468939436804,6.960045967456743,0.004277126881091594
2018-06-25,0.010416800542189858,3.2609322747644094,-0.010553517204511927,6.946582340334892,6.9569792899469025,0.003184252215949644
2018-06-26,0.008100268475126345,3.2617769550794318,-0.010166392350035715,6.945497613437326,6.955507438194861,0.002477239333873476
2018-06-27,0.008865363472987508,3.2627112568323215,-0.009793698348459756,6.947569704189654,6.9572068349456115,0.002709813799855367
2018-06-28,0.009672476308037942,3.2636560433367108,-0.009434888780690622,6.949680413096862,6.958958734285051,0.0029549360077941967
2018-06-29,0.00966701341098511,3.2648715087319538,-0.00908943816746981,6.951235866208274,6.960168736783242,0.0029521758090843217
2018-06-30,0.008409179384508,3.266429274521974,-0.008756841165740853,6.951868394973545,6.960468668546785,0.002567815024425671
2018-07-01,0.006868643695505647,3.2683149773125795,-0.008436611795115914,6.952533791445774,6.960813835648388,0.0020971782013832594
2018-07-02,0.0064007082351141996,3.2703985102622313,-0.008128282693393293,6.954457718036757,6.962429433137649,0.0019533416020678243
2018-07-03,0.006435299391302299,3.27263195939249,-0.007831404400132375,6.957022636616464,6.964697473424095,0.0019625396136854953
2018-07-04,0.006036031304142585,3.2748895797331805,-0.007545544667318666,6.959166848602809,6.966555825677625,0.001839734276155742
2018-07-05,0.005133281089822702,3.277192187882718,-0.007270287796154054,6.960841963409191,6.967955683612844,0.0015639159304423158
2018-07-06,0.004006067191760214,3.2796437788495276,-0.007005233999065963,6.9624313942750256,6.969280060681591,0.0012200043791483614
2018-07-07,0.002905165395578791,3.2822275668025833,-0.006749998786018219,6.964169515644948,6.970762946838464,0.0008843372954476863
2018-07-08,0.0020180978203706472,3.284936434079968,-0.006504212374264372,6.966237101758878,6.972584746540641,0.0006139719307902603
2018-07-09,0.00186898354040643,3.2878727692667558,-0.006267519120687139,6.96926101591928,6.975371967447465,0.0005681246981808258
2018-07-10,0.00384263539993901,3.2906870044289023,-0.006039576975901448,6.974276845085743,6.980159854469144,0.0011663684410314317
2018-07-11,0.005832253723788351,3.293237816893478,-0.0058200569593356895,6.979036795890735,6.984700285257569,0.0017678477870878074
2018-07-12,0.006726845752424429,3.295691586854183,-0.005608642654498165,6.982596572184914,6.98804864724691,0.0020369453143812884
2018-07-13,0.006513709616355259,3.297888146438625,-0.005395033458428344,6.984793604829356,6.990032070695284,0.0019712219942073774
2018-07-14,0.005528498304285729,3.2999349788629,-0.005188881405900691,6.986061377994089,6.991093691807489,0.0016725334714706047
2018-07-15,0.00741817829376057,3.301789098583086,-0.004989096553631068,6.99000496255602,6.994837491517149,0.002241678345625323
2018-07-16,0.02198795118904099,3.3035563031576296,-0.004796789498671841,7.006534247080802,7.011174468986973,0.0066118353891401445
2018-07-17,0.03926037573781687,3.30527626490987,-0.004611513601775011,7.025711909278716,7.030166855287989,0.011738659179471238
2018-07-18,0.04738259613006263,3.306703769416885,-0.004433677008524943,7.035439470771227,7.03971658018725,0.0141268264934305
2018-07-19,0.04554751654274817,3.3078183346780476,-0.004265157840520191,7.034887475613079,7.038996065861099,0.013582626699131727
2018-07-20,0.03807562430451074,3.3085770469564464,-0.00410011814381436,7.028339335349947,7.03228288590126,0.011377226155400388
2018-07-21,0.029004577917885428,3.3091586116810987,-0.003940590914186859,7.020009380917601,7.023793404239287,0.008688783702443787
2018-07-22,0.020685279874478147,3.3096271503463264,-0.0037880101825678953,7.012311202271041,7.0159426448611075,0.006211213004152491
2018-07-23,0.014046100748321263,3.310008175272096,-0.0036378701941507953,7.00620318805907,7.009684490660719,0.004225593080609189
2018-07-24,0.0091834188359795,3.3103173544086313,-0.0035065330987618442,7.001781022378653,7.005130987884913,0.002766506008975339
2018-07-25,0.005799391162836529,3.3104873353046207,-0.0033800099566010594,6.99869349874366,7.00191694110776,0.0017487604785651632
2018-07-26,0.003591680048913374,3.3105459974220657,-0.003251143812519856,6.996673315891263,6.999767892111281,0.0010837449733392451
2018-07-27,0.0021750661813297613,3.310661198750991,-0.0031241550183739057,6.995498892146751,6.998466479572623,0.0006565571031546881
2018-07-28,0.0012975682516429593,3.3106410374250688,-0.003001796480528626,6.994723591428988,6.9975688203170145,0.0003917851162515235
2018-07-29,0.0007628184711059987,3.310569832607408,-0.0028937033941291257,6.994225729917189,6.9969628657188165,0.00023036600410941671
2018-07-30,0.0005301193900432787,3.310456864593452,-0.0027859964039930207,6.993987769812306,6.996617198623797,0.000160109173671678
2018-07-31,0.0005894776611854805,3.310305023017934,-0.0026857823784994985,6.9939955005334244,6.996524715319422,0.00017804181349317198
2018-08-01,0.0008667295085489637,3.3101179928893893,-0.002577552862116021,6.994193951768626,6.996614937038241,0.00026177393773090137
2018-08-02,0.0009887206217168048,3.3099510486885513,-0.002474390942843648,6.994252160600229,6.996569983950571,0.0002986223521434744
2018-08-03,0.0022206150652519315,3.31003718541024,-0.002383227013471052,6.995661355694825,6.9978880151157945,0.0006704233785586227
2018-08-04,0.010970532771764265,3.310215423278373,-0.0022915808810697867,7.004681157401872,7.00681617069044,0.0033031973869995044
2018-08-05,0.03186341533806553,3.310432143183229,-0.0022001369300352165,7.025882203824064,7.027925773161597,0.009533392478360775
2018-08-06,0.05718522176541674,3.3106722909956643,-0.0021212225651002846,7.051523072428784,7.053487727401384,0.016979703431257816
2018-08-07,0.07181356751077529,3.3108500487084243,-0.0020451795331989375,7.0664052189188045,7.068293830859503,0.02122988734866911
2018-08-08,0.07154779519392108,3.310980670613516,-0.0019719016752204697,7.066343346365021,7.068158680447739,0.021152163512345206
2018-08-09,0.061627879091152964,3.3110922945131267,-0.0019012868255638045,7.056605669011519,7.058350388244582,0.018272455442188057
2018-08-10,0.04876750721219441,3.3111927376416164,-0.001828418675745431,7.04391860841087,7.045590459494113,0.014514310782958758
2018-08-11,0.036342586271811646,3.3112845129096193,-0.0017532818084141078,7.0316605996058215,7.033257313821734,0.010856222988724823
2018-08-12,0.025769061630875414,3.3113689195493277,-0.0016807624102776009,7.02124400100273,7.022768195820506,0.0077219047507774904
2018-08-13,0.017531574902207882,3.3114467656292983,-0.0016097295284191568,7.013155393235891,7.014608555171809,0.005266352949418344
2018-08-14,0.011961476952422053,3.3115186185774563,-0.0015441033745315104,7.007722774388151,7.009110310170181,0.003599081868584195
2018-08-15,0.010012172153169994,3.311428358162972,-0.0014889510084697872,7.005738361540477,7.007070744956445,0.0030144065690126966
2018-08-16,0.009914926272108444,3.3112679695387244,-0.0014357958300801903,7.005533882213557,7.0068131104511355,0.002985359910354415
2018-08-17,0.00974398530319017,3.311069279953253,-0.0013788932949449148,7.005221154194302,7.006443479896745,0.0029342165683133377
2018-08-18,0.00970457693360874,3.3108416546424024,-0.0013226439335838418,7.005010369875231,7.006176446216314,0.00292258449568483
2018-08-19,0.009045075080188448,3.3105901587471034,-0.0012666656500701578,7.004155350410025,7.005265448467594,0.002724719567987038
2018-08-20,0.00785720098296938,3.3103180790803584,-0.0012107171956719882,7.00275134510046,7.003805494703631,0.002367928249655161
2018-08-21,0.007357594482584075,3.3100277687123776,-0.00115671144052734,7.002015433987238,7.003015577835264,0.002217889595888855
2018-08-22,0.006924889242929318,3.309721020564695,-0.0011068955375285376,7.0013257965029,7.002276124447927,0.0020879193713298698
2018-08-23,0.006693749695059895,3.309660185277966,-0.0010600282205547344,7.001080688985276,7.001984149613328,0.002018406305934393
2018-08-24,0.008818757653258224,3.3097980845126904,-0.0010202014757954077,7.003383422922957,7.004247056806252,0.002657359397809396
2018-08-25,0.010953222281660487,3.3100220714752076,-0.0009769910761979696,7.005785084913474,7.00660550839717,0.0032981944497604515
2018-08-26,0.011251488599091666,3.3102968036452687,-0.0009309897966019811,7.006404084680563,7.007178506884663,0.0033874228549870245
2018-08-27,0.009941425343484649,3.3106610848390003,-0.000889976082543672,7.005499316332745,7.006232724822787,0.0029938619009651697
2018-08-28,0.007902000977186671,3.311076679435858,-0.0008482663326489417,7.0039171963132,7.004608895053348,0.002380853189512887
2018-08-29,0.005910413697953419,3.3115280143253654,-0.00081813246262879,7.002407077793494,7.003068642663621,0.0017816197123740178
2018-08-30,0.004879865202008367,3.3120084528053937,-0.0007844097392561438,7.00189069050095,7.002518532647705,0.001471217820484204
2018-08-31,0.005798295689094003,3.31251368679758,-0.0007496798838483002,7.00334908483563,7.003942197126976,0.0017473630326793085
2018-09-01,0.0076780701709208265,3.3131710570594652,-0.0007112605388415301,7.005924648924349,7.006479341870689,0.0023120803977398382
2018-09-02,0.008542586345991927,3.313953993484923,-0.0006751186285165006,7.007608243435202,7.008126794471218,0.002571134729784031
2018-09-03,0.00827236957316955,3.314803772724354,-0.0006511772929779947,7.0082117472373495,7.008706356937826,0.0024893710583020713
2018-09-04,0.011965824243149714,3.3157790189902485,-0.0006207683050670762,7.012910857161135,7.0133750578737,0.0035957757601160125
2018-09-05,0.04384977472640937,3.316799464810898,-0.0005876867850749717,7.0458483349850365,7.0462794541776095,0.013048006977498963
2018-09-06,0.12973252589845607,3.317859345699021,-0.0005556810036357351,7.132822972826645,7.1332220862377795,0.037629896672874794
2018-09-07,0.21299549315700866,3.319033873930264,-0.0005309748718884009,7.217285174448188,7.217659581727576,0.06030399835906737
2018-09-08,0.2567068851002193,3.320273451841381,-0.0005035509042956484,7.262263568270109,7.262610551581902,0.0717663674158493
2018-09-09,0.2559564968858483,3.3212983542491195,-0.0004778382104754343,7.2625637951572966,7.26288506577527,0.07155109365625435
2018-09-10,0.22296505716238066,3.322202097278503,-0.0004525084251462031,7.230501428248541,7.230797369081186,0.06289267824313491
2018-09-11,0.1760756647250378,3.3228284730519646,-0.0004262575191101119,7.184264662490696,7.184534352417305,0.050323089113526245
2018-09-12,0.12937622434742568,3.3232329649818886,-0.00041118095980577276,7.137984790602312,7.138239403969617,0.03747201529419483
2018-09-13,0.09003429114452689,3.3235324600212652,-0.0003966442181399731,7.098956889180457,7.099196965806095,0.026375430072893294
2018-09-14,0.060068583819214406,3.323766248752363,-0.000382627694774214,7.069238987109608,7.06946504721188,0.01775162996757874
2018-09-15,0.03874446622816555,3.323898295850573,-0.00036438598296387344,7.048065158328579,7.0482729767190415,0.01152202864517617
2018-09-16,0.024321031133423637,3.323994936828844,-0.0003422076468182933,7.0337605425482534,7.03394618260257,0.007263660707691524
2018-09-17,0.014937798484934066,3.3241623530056676,-0.00031912857899468516,7.024567805144411,7.024730366130904,0.004473600014143245
2018-09-18,0.009003888767215203,3.3244202883498972,-0.0003078641862722917,7.018903095163644,7.019054391757415,0.002701093016911562
2018-09-19,0.005502398877244825,3.3247056333784206,-0.0002970021633262247,7.0156978123251434,7.015838246895968,0.0016522688144253435
2018-09-20,0.004174947434183462,3.324869169550401,-0.0002865279407921696,7.014544371276596,7.014674331624887,0.0012540979594962798
2018-09-21,0.004176290530186178,3.325008088944004,-0.0002764274850066123,7.0146947342219885,7.014814594114493,0.0012544485538063766
2018-09-22,0.004964343394486572,3.325391927596385,-0.0002666872779683131,7.015876365945707,7.015986485631174,0.001490634331746599
2018-09-23,0.004858279231397585,3.3260517085741066,-0.0002572942980663386,7.016439475740242,7.016540202445807,0.0014585441363422595
2018-09-24,0.004297388692423024,3.327090740473014,-0.00024823600154089153,7.0169266753967,7.01701834380574,0.001289969383873498
2018-09-25,0.0038118454902507674,3.328566658973977,-0.00023560895593525058,7.017929677741097,7.018008719104531,0.0011438813103446144
2018-09-26,0.0032881503952652035,3.3304131708603024,-0.00022193478252853843,7.019266168705843,7.01933153589587,0.0009863362306335205
2018-09-27,0.0030986696543847322,3.332461060699456,-0.00020556534749918568,7.021140947239146,7.021189944994143,0.0009289804125486372
2018-09-28,0.004499307935600076,3.3346491500560878,-0.0001888242705479817,7.024746415953944,7.0247786726319905,0.0013474417182116423
2018-09-29,0.00578347981053024,3.3367418683432017,-0.00017221945084247076,7.0281399109356935,7.028155562794034,0.0017302725359210178
2018-09-30,0.005937868757094869,3.3388183401328555,-0.00015604239404331158,7.030386948728712,7.030386423530253,0.0017752769966650319
2018-10-01,0.005211794659058776,3.3409238622171764,-0.00014124803273793407,7.031781191076301,7.031765871516537,0.0015575562958269945
2018-10-02,0.004114212905879839,3.343066754529882,-0.00012774263293037692,7.032840007035636,7.032811182076065,0.001229157594377603
2018-10-03,0.0030136634548705277,3.345247825851644,-0.00011122251351592656,7.033937049025802,7.033891703946817,0.0009000681292352444
2018-10-04,0.002089095726147128,3.3474661701485724,-0.00010263651411978086,7.035239411593404,7.035185480515022,0.0006236934638549907
2018-10-05,0.0013794841453890528,3.349694251280773,-9.025035095207832e-05,7.036770267308015,7.036703950066465,0.00041165436940575746
2018-10-06,0.0008741605744349161,3.3518413850923734,-7.823519517561508e-05,7.038424092704437,7.038345760307111,0.0002607321028366747
2018-10-07,0.0005482530234958159,3.3539462441664996,-7.548820705947206e-05,7.04020579121574,7.040124711830298,0.00016343834337933136
2018-10-08,0.00033619937055583257,3.356123404658799,-6.742517545537767e-05,7.042178961086703,7.042089818669657,0.00010016487913402346
2018-10-09,0.0002023263088589894,3.358337761334684,-5.964345987655337e-05,7.04426722641647,7.044170302283845,6.024233850992914e-05
2018-10-10,0.0001153760493559961,3.360499201610707,-5.093133950159041e-05,7.046350428553366,7.0462447923003655,3.433183029168742e-05
2018-10-11,6.748832675715953e-05,3.362390051577142,-4.238915130694213e-05,7.048201932985396,7.048087754544202,2.0071131294965996e-05
2018-10-12,0.0011740445979856716,3.3639426258164367,-3.552269962475058e-05,7.050867929947602,7.050746885054725,0.000348886743900349
2018-10-13,0.007057425789274573,3.3650895900066575,-2.627085494400621e-05,7.057907527173793,7.057777230436235,0.002092858275815356
2018-10-14,0.014738541665068848,3.365786824412534,-1.737503507088767e-05,7.066294773275336,7.066155580717906,0.004359837619609363
2018-10-15,0.01892047464216102,3.3661577595624643,-1.6765337351502046e-05,7.070848251100078,7.070708448844928,0.005589375882358792
2018-10-16,0.01876344763619111,3.366343995492211,-1.6177270669420814e-05,7.070878048090536,7.070737657768705,0.005542940054762505
2018-10-17,0.015978580513830776,3.366398173606883,-1.5610057901843298e-05,7.068147926295616,7.068006968761017,0.004724068805866833
2018-10-18,0.012321272444727232,3.3663455102924122,-1.506295024527588e-05,7.064438502019698,7.064296997377442,0.003646785325999349
2018-10-19,0.0088632572854763,3.3662024179091974,-1.2012747536109339e-05,7.0608404446799415,7.060695889834976,0.0026260992047110513
2018-10-20,0.006057157126950414,3.3659807019882253,-6.165166668934746e-06,7.0578184761813105,7.057668073755478,0.0017962897749136824
2018-10-21,0.00397982139003934,3.3656893565639208,-5.9492328914848075e-06,7.055450010953873,7.055299392594263,0.0011810718441078124
2018-10-22,0.0025348200384002245,3.3653355027906064,-3.742776550505878e-17,7.053657105061811,7.05350053746931,0.0007526477552351182
2018-10-23,0.0015742733726059367,3.3649249392153653,3.742776550505878e-17,7.0522859948207754,7.052129427228274,0.0004676292115915054
2018-10-24,0.0009575481415891877,3.36446249002547,-3.742776550505878e-17,7.051206820399863,7.051050252807362,0.0002845255958334123
2018-10-25,0.0005723131344887534,3.363952238021646,-3.742776550505878e-17,7.0503113333889385,7.050154765796437,0.00017010223161905368
2018-10-26,0.0003369961186669975,3.3633455023779266,0.0,7.049469280729397,7.049312713136896,0.00010018666114225072
2018-10-27,0.00019589690111183268,3.3625975923130516,-3.742776550505878e-17,7.048580271446967,7.048423703854466,5.825421684089527e-05
2018-10-28,5.460713119709592e-05,3.3617675008371903,-7.485553101011756e-17,7.047608890201191,7.04745232260869,1.624331372789265e-05
2018-10-29,-2.894537223838392e-17,3.3608763853491257,-1.1228329651517633e-16,7.046663167581929,7.046506599989428,-8.612447742667302e-18
2018-10-30,0.00017462146219588773,3.3601934339495014,-1.4971106202023511e-16,7.046154837644501,7.045998270051999,5.196498101291881e-05
2018-10-31,0.000991730872552114,3.3597278072974794,-1.4971106202023511e-16,7.046506320402836,7.046349752810334,0.0002950948037431675
2018-11-01,0.0022573234036856087,3.3593392867408363,3.742776550505878e-17,7.047383392377326,7.047226824784825,0.0006715033555404977
2018-11-02,0.0049526338610899915,3.3589843353210593,-1.1228329651517633e-16,7.0497237514149536,7.049567183822452,0.001472273085513279
2018-11-03,0.007109595979956815,3.3585179722252914,-7.485553101011756e-17,7.051414350438052,7.051257782845551,0.0021124131639283167
2018-11-04,0.007905404831554186,3.3580088614926096,-3.742776550505878e-17,7.051701048556968,7.051544480964466,0.0023486649409485685
2018-11-05,0.00743261065775313,3.3574785783601393,-3.742776550505878e-17,7.050697971250696,7.050541403658195,0.0022088578985415856
2018-11-06,0.006191553668602039,3.356931611862361,-7.485553101011756e-17,7.048909947763767,7.048753380171266,0.0018410130595453613
2018-11-07,0.004728040067557026,3.3563698445625336,-3.742776550505878e-17,7.046884666862894,7.046728099270393,0.0014066951424347989
2018-11-08,0.0033862681949129864,3.3557943056521897,-3.742776550505878e-17,7.044967356079907,7.044810788487405,0.0010080637585477763
2018-11-09,0.0023099983014492195,3.355205672094266,-3.742776550505878e-17,7.043302452628519,7.043145885036018,0.0006880081966011984
2018-11-10,0.0015169803277523123,3.3546044541188667,-3.742776550505878e-17,7.041908216679423,7.041751649086922,0.00045200400443866617
2018-11-11,0.0009663316420203331,3.3539910744547554,3.742776550505878e-17,7.04074418832958,7.040587620737078,0.00028803097179841175
2018-11-12,0.0010369972247597833,3.3533659054674025,-7.485553101011756e-17,7.040189684924966,7.040033117332465,0.00030914510118254263
2018-11-13,0.0028447884229479857,3.3527292877577266,0.0,7.041360858413478,7.041204290820977,0.0008477799501258316
2018-11-14,0.00455224118049774,3.3520815399647326,-7.485553101011756e-17,7.042420563378034,7.042263995785532,0.0013561923871672971
2018-11-15,0.005063494158715899,3.351422964162394,-7.485553101011756e-17,7.042273240553914,7.042116672961413,0.0015085698159642276
2018-11-16,0.004624651816238794,3.3507538489581323,-7.485553101011756e-17,7.041165283007175,7.041008715414674,0.001378280219406393
2018-11-17,0.0037065368277947783,3.350126656214258,-7.485553101011756e-17,7.0396199752748565,7.039463407682355,0.0011051643341966004
2018-11-18,0.0027581924100141993,3.349250184380938,-1.1228329651517633e-16,7.037795159023757,7.037638591431255,0.000822847707992531
2018-11-19,0.0024518295164707715,3.3482408083674295,-7.485553101011756e-17,7.036479420116704,7.0363228525242025,0.0007317381155017555
2018-11-20,0.0061002587188343045,3.3471635583366877,0.0,7.039050599288326,7.038894031695825,0.0018192003527449563
2018-11-21,0.016448806729502743,3.3460635800173524,-7.485553101011756e-17,7.048299168979659,7.048142601387157,0.00489182041212242
2018-11-22,0.024658821223453385,3.3449343736858,-3.742776550505878e-17,7.055379977142057,7.055223409549556,0.007318041020710654
2018-11-23,0.026551559353952644,3.343776114417261,-7.485553101011756e-17,7.056114456004018,7.055957888411516,0.007878034993625084
2018-11-24,0.023756208359482767,3.3425910690103144,-3.742776550505878e-17,7.052134059602601,7.051977492010099,0.007056968994014197
2018-11-25,0.021895175058474676,3.3413812651293484,-7.485553101011756e-17,7.049063222420627,7.048906654828126,0.006510072974332117
2018-11-26,0.033760680016674934,3.340148416739684,-3.742776550505878e-17,7.059695878989164,7.059539311396662,0.010006398823587778
2018-11-27,0.056014535661016655,3.338893976660058,-3.742776550505878e-17,7.080695294553879,7.080538726961377,0.0164995714782075
2018-11-28,0.06977401438413079,3.337619191690342,-3.742776550505878e-17,7.093179988307277,7.0930234207147755,0.020477241740032334
2018-11-29,0.07038944481328123,3.336325146154594,-3.742776550505878e-17,7.09250137320068,7.092344805608178,0.020661972975341916
2018-11-30,0.06305581050477181,3.3351432568336583,-1.1228329651517633e-16,7.083985849571234,7.0838292819787325,0.018555655291306695
2018-12-01,0.05474113654618995,3.333998013701314,0.0,7.074525932480308,7.074369364887806,0.016153836019568463
2018-12-02,0.04705667839072487,3.3328639078996614,-1.4971106202023511e-16,7.06570736852319,7.065550800930689,0.013922421308238982
2018-12-03,0.04202722425938482,3.331734046102725,-1.160260730656822e-15,7.059548052594913,7.059391485002413,0.012457083027357768
2018-12-04,0.03837584307419356,3.3306050347977516,-1.77655029977737e-08,7.054767642339247,7.054611092512248,0.011390935260645973
2018-12-05,0.03337321550043536,3.3294748927793565,-5.1941082543305915e-06,7.048629696404342,7.0484783229200945,0.009924092443624181
2018-12-06,0.02688180139575686,3.3282901729876735,-9.631501180334499e-05,7.040862441604431,7.040802189023733,0.008012048741762886
2018-12-07,0.020307647953886964,3.3272371274667076,-0.0005930529117810428,7.0327385047416175,7.033174990060897,0.006066430568157362
2018-12-08,0.014496241068455956,3.326338417860596,-0.0020817806458351272,7.024539660516021,7.0264648735693545,0.004339107602859614
2018-12-09,0.00988797475999246,3.325504051885061,-0.0051957325261026074,7.015983076351755,7.0210222412853565,0.0029645614911235504
2018-12-10,0.00650211186293312,3.3246791358264174,-0.010298958084305284,7.006669071837849,7.0168114623296525,0.001951893751636379
2018-12-11,0.004522069641970711,3.3238688633148463,-0.017418210164293742,6.996759505025327,7.01402114759712,0.0013586353685783763
2018-12-12,0.007329784633933522,3.3230727734704932,-0.02640380346727274,6.989785536869958,7.01603277274473,0.0022008704671742244
2018-12-13,0.018047208360453447,3.322549545231788,-0.03697732754892085,6.989406208276125,7.026226968232544,0.005402390558227884
2018-12-14,0.026897802561926948,3.3224055006226285,-0.04859655894368318,6.9864935264736765,7.034933517824858,0.008030864967156666
2018-12-15,0.03249137983821071,3.322433864422456,-0.060532287040395746,6.9801797394530745,7.040555458900969,0.009684680722407846
2018-12-16,0.0432372013198672,3.3226439789875504,-0.07213663792399395,6.979531324616228,7.05151139494772,0.012845730138316467
2018-12-17,0.05013893282920473,3.323017995610477,-0.08293069095078527,6.9760130197217,7.058787143079984,0.014864097310882438
2018-12-18,0.04846533174192459,3.3237304404282018,-0.09263490800744577,6.965347646395485,7.057825986810429,0.01437203976764832
2018-12-19,0.04104623532122688,3.3245411187845932,-0.10130353391681048,6.950070602421814,7.051217568746123,0.01219586093082768
2018-12-20,0.03167900125719596,3.32567107161985,-0.10932821491782004,6.93380864019203,7.042980287517349,0.009435715838250066
2018-12-21,0.024068429943306702,3.327106994627047,-0.11726439417686893,6.919697812626289,7.036805639210656,0.00718208595313761
2018-12-22,0.02260076922728321,3.3287162257987313,-0.12564498460988818,6.911458792648931,7.036947209666318,0.006743847049033859
2018-12-23,0.02306320942398923,3.3304516634207872,-0.13475488127661744,6.904546773800963,7.039145087485079,0.006877324329390786
2018-12-24,0.030101182690169877,3.332292718527655,-0.14448337696537275,6.903697306485256,7.048024115858127,0.008952307068861723
2018-12-25,0.061883205864037165,3.334226027540758,-0.15448577660807883,6.92741023902952,7.081739448045098,0.01822179488673151
2018-12-26,0.10288384851189186,3.336085275399439,-0.1643111339271368,6.960444772216998,7.124599338551633,0.029917060841440864
2018-12-27,0.1245044396129293,3.337693574444544,-0.17346778702755902,6.974517009262718,7.147828228697776,0.03596109728773662
2018-12-28,0.12112687551070679,3.3392290179791995,-0.18154429577048348,6.964598379952227,7.145986108130209,0.0350041669813753
2018-12-29,0.10249273359074654,3.340904680403888,-0.1883596091800166,6.940824587047422,7.129027628634937,0.029765002777256033
2018-12-30,0.0788360560769665,3.342905492006832,-0.19408867446253322,6.91343965585407,7.107371762724101,0.023039745979971892
2018-12-31,0.05652494923226028,3.3450545572349393,-0.19913185325722033,6.888234435442783,7.087209721107502,0.016617265339467474
2019-01-01,0.038643536072621755,3.347085464707061,-0.2039174495121767,6.867598333500311,7.071359215419985,0.011413653031215058
2019-01-02,0.02540457759621468,3.3491026716878833,-0.20885356402121438,6.851440467495688,7.0601374639244,0.007528381396011006
2019-01-03,0.01619048216896484,3.3511384224548255,-0.21433564109426195,6.8387800457623324,7.052959119264093,0.004808108333799278
2019-01-04,0.01006134944200462,3.3531200555923193,-0.22050116909996167,6.828467018167166,7.048811619674627,0.0029916166362432463
2019-01-05,0.006123341204080375,3.3550428318091634,-0.22741426007521212,6.819538695170836,7.046796387653546,0.0018217906788556295
2019-01-06,0.0035993620764401724,3.3567185404648123,-0.23512728459407636,6.810977400179981,7.045948117181555,0.0010711373687942267
2019-01-07,0.0024711334940721785,3.3582472722805,-0.24388528685851588,6.80261990114886,7.046348620414875,0.0007352991818136683
2019-01-08,0.0031869593155432656,3.3597379192807573,-0.2537246160400667,6.794987044789038,7.048555093236603,0.0009476748457353339
2019-01-09,0.0038428548361753886,3.3610714528078436,-0.26438014350507505,6.786320946371748,7.050544522284321,0.0011420364635870935
2019-01-10,0.0039782855430945605,3.362513349094023,-0.2753494784965209,6.7769289383734,7.05212184927742,0.001181730411019836
2019-01-11,0.0036438163951303393,3.364249451394306,-0.28634150294817445,6.767338547074067,7.053523482429739,0.00108192751533424
2019-01-12,0.0031290527921506136,3.366362712013378,-0.29711602187507197,6.758162525163261,7.055121979445831,0.0009286423622795848
2019-01-13,0.003192043985569569,3.3687224339056643,-0.3075124963020687,6.750188763821969,7.057544692531536,0.0009466562709401354
2019-01-14,0.00467280281857165,3.371214184914089,-0.3176294181974758,6.7440443517679896,7.061517202372963,0.0013841703930112996
2019-01-15,0.02019945831873062,3.373798869719581,-0.3273551087695968,6.752430001501519,7.0796285426786145,0.005951522766484581
2019-01-16,0.07450740778300995,3.376458909497139,-0.3362076146229107,6.800545484890042,7.136596531920452,0.021590302811686772
2019-01-17,0.1415002251533989,3.379026836814279,-0.3437212900755218,6.86259255412496,7.20615727660798,0.04019290937485714
2019-01-18,0.17720038882285905,3.3813257673234838,-0.34954366913041357,6.894769269248734,7.244156370786645,0.0497960057190519
2019-01-19,0.1743172448817916,3.3835342930181826,-0.3534031969295351,6.890235123203244,7.243481752540276,0.04899508678900147
2019-01-20,0.14798110340012058,3.3856574623782167,-0.355377474878173,6.864047873132968,7.2192687804186395,0.04187782667793176
2019-01-21,0.11395868825539728,3.3874813285537084,-0.3560832257436118,6.831143573298299,7.187070231449408,0.03254623460871075
2019-01-22,0.0819292918211824,3.389177282527682,-0.3560526315213979,6.8008407250602705,7.156736788989167,0.023603219914545927
2019-01-23,0.055960672413772325,3.3908056720936544,-0.3561422415764041,6.776410885163827,7.132396559147729,0.016235702342558875
2019-01-24,0.03676870369547147,3.3923863187346592,-0.3570943677940272,6.757847436868907,7.114785237070434,0.010722380135913099
2019-01-25,0.0234204524345553,3.394034715049481,-0.3593897083707519,6.743852241346088,7.103085382124339,0.0068531849831983795
2019-01-26,0.014547130630369238,3.3956970458751377,-0.36325398711778095,6.732776971620529,7.095874391145809,0.004265715261854285
2019-01-27,0.008849394497961271,3.3970965268442024,-0.36849198776257314,6.723240715812395,7.091576135982466,0.002598219320662037
2019-01-28,0.005280939287543687,3.3983836611033924,-0.37488932517518964,6.714562057448551,7.089294815031239,0.0015515451454697186
2019-01-29,0.003110192374934432,3.399428108843899,-0.3820456421316651,6.706279441319973,7.088168515859136,0.0009140800483628121
2019-01-30,0.0017369089889335233,3.4001435275250182,-0.38959703090478237,6.6980701878419735,7.087510651154254,0.0005105732024825088
2019-01-31,0.0005262605302195305,3.400436487101214,-0.39731548398740896,6.689434045876828,7.086592962271736,0.00015473869291453998
2019-02-01,1.560203748489495e-05,3.4007006457469116,-0.405167352769331,6.681335677247869,7.086346462424699,4.587868068986892e-06
2019-02-02,7.310110450206791e-18,3.401164425730748,-0.4131408603699613,6.673810347593591,7.086794640371051,2.1492963982875355e-18
2019-02-03,0.0,3.401927580843825,-0.4210718154940791,6.66664254758255,7.087557795484128,0.0
2019-02-04,-7.919286321057358e-18,3.402843575352213,-0.428822262293729,6.659808095291288,7.088473789992515,-2.327255469049196e-18
2019-02-05,-2.436703483402264e-18,3.4038204413749145,-0.4363698138371694,6.653237409770549,7.089450656015217,-7.158730977060586e-19
2019-02-06,0.00026193219329384093,3.404829788780657,-0.4436031992239191,6.647275303982836,7.090721935614253,7.692368216704632e-05
2019-02-07,0.0014875963088281927,3.405859897287841,-0.45059404967822575,6.642540226151247,7.092977708236972,0.00043658485423743546
2019-02-08,0.0026001885256468466,3.4069042388912694,-0.4571104614213695,6.638180748228351,7.095134642057219,0.000762629461553972
2019-02-09,0.0029661618651503864,3.40795876200144,-0.46276520604072907,6.6339465000586655,7.0965551385068935,0.0008696063183319717
2019-02-10,0.002732862296347744,3.4090207833260107,-0.46725089450208956,6.630289533353073,7.097383860262661,0.0008010139594499434
2019-02-11,0.002303134228563973,3.4100884450607456,-0.47039948597609155,6.6277788755460225,7.098021793929612,0.0006749325729621104
2019-02-12,0.002146100271039118,3.4111604183716255,-0.4726505838386238,6.626442717036845,7.098936733282967,0.000628745253119704
2019-02-13,0.002023508586478774,3.412131359084859,-0.4743025949637296,6.625639054940413,7.099785082311641,0.0005926821321549865
2019-02-14,0.0017636450705892986,3.4130616261247586,-0.47560467214986657,6.6250073812782855,7.100455485835651,0.0005164671485437206
2019-02-15,0.001412107408629531,3.413971683462187,-0.4766644671047327,6.624506105998888,7.10101400551112,0.0004134549717089005
2019-02-16,0.00105371452066344,3.414867172622816,-0.4776428924802379,6.624064776896045,7.101551101783782,0.00030847158218134127
2019-02-17,0.000743699301377015,3.415750981371481,-0.47880021770402903,6.623481245201633,7.10212489531316,0.0002176790455972693
2019-02-18,0.0005023082000465415,3.4165727126786165,-0.4801805419183547,6.6226812611931125,7.1027052355189655,0.00014699946503292708
2019-02-19,0.0004148445103357316,3.417364141788584,-0.4819582744340237,6.6216074940977006,7.103409200939222,0.00012137838988382418
2019-02-20,0.0007034095356126967,3.417875763006249,-0.48418513606180025,6.620180818712866,7.1042093871821645,0.0002057607854346346
2019-02-21,0.0009951681275012282,3.4180031116360183,-0.4866927519696681,6.618092310026656,7.104628494403823,0.00029107008722158834
2019-02-22,0.0013151931560515546,3.417692705922275,-0.4892536988854217,6.615540982425709,7.104638113718629,0.0003846709907883207
2019-02-23,0.0032232520455156934,3.4171142899456495,-0.4916586636902768,6.614465660533693,7.105967756631468,0.0009423783489039103
2019-02-24,0.014372965326837977,3.4164535655486055,-0.49377368639877317,6.6228396267094745,7.116456745515746,0.004189359385410381
2019-02-25,0.04982987207287113,3.4157044457339456,-0.4956562991486071,6.655664800891014,7.151164532447119,0.01437869820443915
2019-02-26,0.08446743662183033,3.4148716836022963,-0.4968877230519973,6.688238179404934,7.184969334864429,0.024138111146089877
2019-02-27,0.09782770779312745,3.4139643399589454,-0.4969559270407916,6.700622902944085,7.197422262392376,0.02785691933431758
2019-02-28,0.09161712316488886,3.4129899127384444,-0.4955147304278097,6.694879087708328,7.190237250543635,0.02614191041286716
2019-03-01,0.07527241806333293,3.411980591596746,-0.4925722130349167,6.680467578857966,7.1728832243003815,0.02158501773597154
2019-03-02,0.05664479038010915,3.410926133690665,-0.4886042670848916,6.664753439218687,7.153201138711077,0.016335582348698058
2019-03-03,0.04003548283654859,3.409825504269398,-0.48420385006719535,6.651443919271555,7.135491201746249,0.011604955384052722
2019-03-04,0.026998648439048614,3.408680782828542,-0.47994538576432383,6.641520827736071,7.121309645907893,0.007858314193500728
2019-03-05,0.01755589374353506,3.407494271724978,-0.4761941340263759,6.634642813674941,7.110680380108816,0.005125733316415115
2019-03-06,0.011088813015784377,3.406268174980703,-0.4732380421630873,6.629905728066205,7.10298720263679,0.003244850641807099
2019-03-07,0.006835430170763527,3.405004531416188,-0.47097828011344967,6.626648463706306,7.0974701762272545,0.0020034439621207083
2019-03-08,0.005967679705313594,3.403705208575109,-0.4693599021478837,6.626099768365343,7.095303102920726,0.0017502205932497044
2019-03-09,0.013570758665660971,3.4023980063897383,-0.4686304097921328,6.633125137496071,7.1015989796957015,0.003972740853044915
2019-03-10,0.023771526850039908,3.4010692160617078,-0.4687415109440125,6.641886014200539,7.11047095755205,0.006940914522591703
2019-03-11,0.029476241382951556,3.399715017719095,-0.4692258808251076,6.645752160509743,7.114821473742349,0.008595683108871004
2019-03-12,0.028890275346403184,3.398413492223878,-0.46941793401854,6.643672615784546,7.112933982210583,0.00842944696637858
2019-03-13,0.024863149247054267,3.397354070181662,-0.46877994163265907,6.639224060028861,7.1078474340690185,0.0072652165695095096
2019-03-14,0.019778280137091937,3.396645082747864,-0.4673092527684436,6.634900892349316,7.1020535775252585,0.005789177170475271
2019-03-15,0.014842024945069844,3.3962653071874698,-0.4649059141853911,6.631988200179952,7.096737546772842,0.004351087051778866
2019-03-16,0.010598092528145905,3.3960399383958046,-0.46155715814546305,6.630867655011292,7.092268245564253,0.0031110122155453904
2019-03-17,0.007256678516657909,3.395908950838625,-0.45737022028250507,6.631582191305582,7.088795843995586,0.0021323318659728766
2019-03-18,0.004797379775218973,3.3958486788068334,-0.4525838741087888,6.633848966706068,7.086276273222355,0.0014107259892901965
2019-03-19,0.0030798121484769455,3.395844993835885,-0.44748986508185395,6.637221723135312,7.084555020624665,0.0009061136460137139
2019-03-20,0.0019289930982430259,3.3958622218603387,-0.4423732218897477,6.641204775301638,7.083421429598884,0.0005677197262005811
2019-03-21,0.0011832087031876204,3.395908658322,-0.43743841487097146,6.645440234387021,7.082722081665491,0.00034830047272867804
2019-03-22,0.0007129138706786282,3.395984235941088,-0.4329422446673964,6.649541687377175,7.08232736445207,0.00020988443750957764
2019-03-23,0.00042298869887019946,3.3960862748462137,-0.4287299634912218,6.653566082286666,7.082139478185386,0.00012453630066908985
2019-03-24,0.00015394382168334626,3.3962121858598224,-0.4246834015705227,6.6574695103437875,7.081996344321809,4.532603842029903e-05
2019-03-25,5.4507095508223805e-05,3.3963596813747072,-0.4210205731421952,6.661180397560824,7.082044403110518,1.6048424156646935e-05
2019-03-26,2.307520987120848e-05,3.3967876983445966,-0.41775874950260616,6.664838806284665,7.0824409881947705,6.793198505744927e-06
2019-03-27,1.3497665351448473e-05,3.3975505321417034,-0.4148448935556149,6.668505918484245,7.083194244447357,3.972747896149287e-06
2019-03-28,7.801018742449913e-06,3.398498052929373,-0.4122974227365423,6.671995213444378,7.084136068588418,2.2954260129895924e-06
2019-03-29,9.746813933609055e-18,3.3995564681318617,-0.41015188767062627,6.67519136269404,7.085186682772164,2.867083993155485e-18
2019-03-30,0.0,3.400699180668622,-0.4084483409303874,6.678037621971039,7.086329395308924,0.0
2019-03-31,9.746813933609055e-18,3.4018599037815807,-0.40721225646440995,6.680434429549974,7.087490118421883,2.8651426599826428e-18
2019-04-01,0.0007857965798816089,3.4028249422368217,-0.4063862274771202,6.683011293572387,7.089240953457006,0.0002308714598058879
2019-04-02,0.004462788926484615,3.403474440984701,-0.4057197003776274,6.688004311766362,7.093567444551488,0.0013095279124612632
2019-04-03,0.007800565576940576,3.4037451847682414,-0.4049450298714902,6.692387502706495,7.097175964985484,0.0022865194101973603
2019-04-04,0.008898485595451174,3.403853406755232,-0.4036972665634913,6.694841408019996,7.098382106990986,0.0026074223606457224
2019-04-05,0.008198586889043223,3.4038715362884466,-0.40181299634210227,6.696043909068192,7.097700337817793,0.002402818990545332
2019-04-06,0.006996713416789858,3.4038251159426,-0.39934544361532187,6.697263167976872,7.096452043999692,0.0020513277347307115
2019-04-07,0.006934166249393416,3.403728504962796,-0.39650053559202186,6.699948917852971,7.096292885852492,0.0020330847456482503
2019-04-08,0.008770780621042331,3.403591003667948,-0.3936296323139497,6.704518934207845,7.0979919989292934,0.0025702962275056178
2019-04-09,0.016692829995282127,3.40341913152801,-0.39077039703822064,6.715128346717876,7.105742176163595,0.004880784659414269
2019-04-10,0.02334859600419921,3.4032177035071327,-0.38777447635915635,6.72457860538498,7.112196514151634,0.006813992190236912
2019-04-11,0.024924816643825624,3.4029904121545385,-0.3843681991477335,6.729333811883435,7.113545443438667,0.007271129820956183
2019-04-12,0.02427191587662732,3.402740171844006,-0.38041927110408,6.7323795988493575,7.1126423023609355,0.007082529986864157
2019-04-13,0.02496212499678585,3.402469335903625,-0.376078388817583,6.737139854315632,7.113061675540713,0.007283041333298645
2019-04-14,0.024426010281318796,3.4019189161645094,-0.3713187967622126,6.74081291191642,7.1119751410861305,0.0071288824697098045
2019-04-15,0.021507205460316654,3.4010345103718187,-0.3661760767626541,6.7421524213022845,7.108171930472437,0.006283986360437254
2019-04-16,0.017240187046981093,3.399940023403193,-0.3607216221115694,6.742245370571409,7.102810425090476,0.005045150090199632
2019-04-17,0.012889858423840014,3.398724377414437,-0.3551289106421404,6.74227210742894,7.09724445047858,0.0037782285841215023
2019-04-18,0.009514794346066023,3.3974192804370205,-0.34973288436258826,6.742987972653302,7.09256428942339,0.0027927732492657093
2019-04-19,0.006945232218530905,3.396248950956177,-0.3446129364666509,6.744368028940861,7.08882439781501,0.002040798098700312
2019-04-20,0.004943952307700684,3.395101292199889,-0.33969329983232466,6.746138726908069,7.085675459147892,0.0014540842701099674
2019-04-21,0.003412355302045578,3.3939415419631596,-0.3349378965084279,6.748202782989582,7.082984111905508,0.001004415614396972
2019-04-22,0.003575696421709974,3.3927631404319216,-0.33038009876914953,6.751745520317286,7.081969051493934,0.0010528090963451983
2019-04-23,0.00917593199375941,3.3915641004016397,-0.32607184881319634,6.760454965815007,7.086370247035702,0.0026982162430381675
2019-04-24,0.015332408172885802,3.3904483553610363,-0.3220891421163654,6.769478403650361,7.091410978174224,0.004501877612631918
2019-04-25,0.018222483289083158,3.3893550203172076,-0.31828883250745316,6.775075453331642,7.093207718246593,0.005347635752905995
2019-04-26,0.0184435004687413,3.3885244878044354,-0.3144299189601938,6.778324851545786,7.092598202913479,0.0054134645621045
2019-04-27,0.016595214059474048,3.387798581042791,-0.31025706160681416,6.779923515728255,7.090024009742567,0.004874645842484137
2019-04-28,0.014021564264060265,3.3871221938480374,-0.3057088033077158,6.7812217370371854,7.0867739727524,0.004122602648187778
2019-04-29,0.0131810901964396,3.386557051626308,-0.3009083885751039,6.784616535480447,7.08536835646305,0.003877089836505068
2019-04-30,0.012557987812021217,3.386309430869119,-0.2959853678636802,6.788668833050264,7.084497633321442,0.0036947565953879082
2019-05-01,0.011459923395896599,3.3862052866742918,-0.29101117549498223,6.792440816808011,7.0832954247104905,0.003372881872507934
2019-05-02,0.010069586384913573,3.3861836978344204,-0.2860566064389812,6.795983460013157,7.081883498859637,0.0029649103121082965
2019-05-03,0.008345233377858306,3.3862242975387815,-0.28097539217635786,6.7993809209730856,7.080199745556943,0.0024584069649634874
2019-05-04,0.006478494593344735,3.3863153969128312,-0.27564279155300564,6.802937882185974,7.078424106146478,0.0019094866356496273
2019-05-05,0.004741070097443596,3.386475252400183,-0.27002162638129823,6.806981478349132,7.0768465371379286,0.0013980441371406833
2019-05-06,0.003303846641495775,3.3866828904963153,-0.26408931974180694,6.811684199628808,7.075616951778114,0.0009745898428750889
2019-05-07,0.0022122013751858273,3.38692868894022,-0.2579629042821032,6.816964768266107,7.074771104955708,0.0006527321957925307
2019-05-08,0.0013667432377912517,3.386972831133152,-0.25163876706786414,6.822487589535884,7.073969789011246,0.00040336666611846074
2019-05-09,0.0008530942952060798,3.3869491325600545,-0.24519237509644787,6.828396633991616,7.073432441495563,0.0002518134879431754
2019-05-10,0.000616230801472394,3.3871629430414494,-0.23865727244521961,6.834908683630506,7.073409388483224,0.00018189816096347673
2019-05-11,0.0008038925992690604,3.387551124140054,-0.23196611628819128,6.842175682683935,7.073985231379625,0.0002372515852965907
2019-05-12,0.0012257823619176563,3.388020585386893,-0.22526393550537477,6.84976921447624,7.0748765823891135,0.00036166811996374276
2019-05-13,0.002351170067911999,3.3885172218481756,-0.21862534439758297,6.858029829751309,7.07649860655639,0.0006933828731062654
2019-05-14,0.004168582299931317,3.3890454768971994,-0.21195452501538586,6.867046316414549,7.078844273837433,0.001228505548782751
2019-05-15,0.005337536285663006,3.389343279480171,-0.20527813404928166,6.875189463949356,7.080311030406136,0.001572323459947697
2019-05-16,0.005957124477398046,3.3897170424409504,-0.19861611409745525,6.882844835053698,7.081304381558651,0.0017543274721214701
2019-05-17,0.008415971965625976,3.3901252302485125,-0.19202362810111887,6.892304356345823,7.084171416854441,0.002476348369748467
2019-05-18,0.01162485650854583,3.390497262325319,-0.18560770139925464,6.902301199667415,7.087752333474167,0.0034169427499946554
2019-05-19,0.012976434376211966,3.390626080993367,-0.1793372297718099,6.9100520678305735,7.089232730009881,0.00381255869850094
2019-05-20,0.012109992118248356,3.3906584660160983,-0.17314151814317102,6.915413722223979,7.088398672774649,0.0035588645737265247
2019-05-21,0.009987638219029064,3.3906439891565117,-0.16700852642541036,6.919409883182935,7.086261842015843,0.0029369950389884153
2019-05-22,0.007555108771055259,3.390597323068415,-0.16097191740401698,6.922967296668258,7.083782646479773,0.002223298961007928
2019-05-23,0.005366726874981409,3.390526227704012,-0.15514083837800574,6.926538898433792,7.081523169219296,0.0015803580815893974
2019-05-24,0.003635457955796316,3.3904094811523,-0.14953876569337607,6.930292955647524,7.079675153748399,0.0010711284090279781
2019-05-25,0.002373256934027711,3.3902657072271394,-0.14411727991664783,6.934308466477324,7.07826917880147,0.0006995312378057594
2019-05-26,0.0014996743125202292,3.390102606505323,-0.13889348002402568,6.938495583026622,7.077232495458146,0.0004421728104742874
2019-05-27,0.0009280196717250758,3.3899235559031236,-0.13381220013588857,6.942826157671764,7.076481790215151,0.000273683365680124
2019-05-28,0.0006412105576519969,3.389756910857324,-0.1288170763644905,6.94736782728329,7.076028336055279,0.00018912544624239848
2019-05-29,0.000813012137467709,3.389328157848736,-0.12398894067821163,6.951939011540796,7.075771384626506,0.00023981660252543922
2019-05-30,0.0010535140054937712,3.3887599865364906,-0.11931202858084024,6.956288254193948,7.075443715182287,0.00031078819095072007
2019-05-31,0.0016211828009073837,3.388198038162612,-0.11480840953184855,6.960797593664475,7.075449435603822,0.00047825051875379366
2019-06-01,0.004004661522506721,3.3875387187765162,-0.11048414139500132,6.966846021136826,7.0771735949393255,0.0011807785050809644
2019-06-02,0.006434850320058429,3.386821874340376,-0.1063300186464512,6.972713488246788,7.078886939300737,0.0018963641251465786
2019-06-03,0.007349131517104075,3.3862475611252614,-0.10233769355847773,6.977045781316692,7.079226907282668,0.002165587776837972
2019-06-04,0.00684003824038887,3.3856632078677547,-0.09849954709742077,6.979790481243527,7.078133460748447,0.0020162215756862473
2019-06-05,0.009180649218354932,3.3850667633045624,-0.09480858209720619,6.985225612658516,7.07987762716322,0.0027047672436851114
2019-06-06,0.024623922223713804,3.3844350928538303,-0.09125833481360059,7.003587462496748,7.094689229717847,0.007223084761750214
2019-06-07,0.039000447283621995,3.3837571735270555,-0.0878428016429772,7.020701601400504,7.10838783545098,0.0113944519607511
2019-06-08,0.04349156799479807,3.3830535060162727,-0.08455637834941698,7.027775477894458,7.112175288651374,0.012692542212464575
2019-06-09,0.04013322393542003,3.38233099803219,-0.08139380960640435,7.02685719459401,7.108094436607912,0.011726411536406661
2019-06-10,0.03288094442887007,3.381592197678114,-0.07835014704153344,7.021909777298255,7.100103356747287,0.009629873500360901
2019-06-11,0.024786313136955458,3.3808386923902085,-0.07542071428848218,7.015991073471486,7.091255220167467,0.007278051193754002
2019-06-12,0.018449225460980552,3.380071642222953,-0.07260107781164445,7.011706572105093,7.084151082324237,0.005428604436833593
2019-06-13,0.0238357041609038,3.3792919671049675,-0.06988702248471179,7.0190274310139635,7.088757885906174,0.007004058167479083
2019-06-14,0.056360005045302274,3.3785004324301324,-0.06727453108299583,7.0533726886252435,7.120490652115738,0.016408237269379695
2019-06-15,0.08563256918869916,3.3777237873093378,-0.0647597669968337,7.084383371734008,7.148986571138339,0.024725312781641185
2019-06-16,0.0938246779645842,3.3769212427366084,-0.062339059595386576,7.09419364333861,7.156376135341495,0.027033001005624998
2019-06-17,0.08514257764702035,3.376103327957539,-0.06000889177091657,7.087023796066447,7.146876120244862,0.024598823651666813
2019-06-18,0.06890816133972842,3.375378610547227,-0.05776588927685525,7.072307664842905,7.129916986527258,0.02000651104378775
2019-06-19,0.05167307608754779,3.3746349478919635,-0.05560681154172125,7.056487994670594,7.111938238619814,0.01508126990507167
2019-06-20,0.036937588958941274,3.3738825409228412,-0.0535285436976765,7.04307836841691,7.096450344522085,0.010829532942923471
2019-06-21,0.025387812647729675,3.3731263347177034,-0.051528089609289465,7.032772839988947,7.084144362005736,0.0074702683428317035
2019-06-22,0.017426059894540432,3.3721839123162325,-0.04960256572667374,7.025794188716903,7.075240186851076,0.005141022134524463
2019-06-23,0.011972275373675928,3.3713186535815463,-0.04774919561894272,7.021328515569083,7.068921143595524,0.0035386479097063725
2019-06-24,0.008650792930332624,3.370501708509785,-0.04596530507011585,7.018973978602807,7.064782716080421,0.002560048096866257
2019-06-25,0.007114578671461571,3.369696833888443,-0.04424831764111411,7.018349877151595,7.062441627200207,0.0021068925096021656
2019-06-26,0.006111140217842595,3.3689213670355342,-0.042595750619195405,7.018223538866986,7.06066272189368,0.0018106907725211454
2019-06-27,0.005028866377972296,3.368157266246254,-0.04100521129072733,7.017967703566303,7.0588163472645284,0.0014908357203698111
2019-06-28,0.003842274995803789,3.3673979264406984,-0.03947439348507886,7.017552590184227,7.056870416076805,0.001139721516777884
2019-06-29,0.002452945769831461,3.366641067132029,-0.03800107434720367,7.016879720787461,7.054724227542163,0.0007280728173324838
2019-06-30,0.001740416236679748,3.3661463401979415,-0.03658311130446865,7.017090427362957,7.053516971074924,0.0005167680395887841
2019-07-01,0.0011869324876770545,3.366021139081336,-0.03521843919979431,7.017776414602023,7.052838286209315,0.0003524975179582476
2019-07-02,0.0007790839721851919,3.3661379220549246,-0.03390506756851633,7.0187987206913975,7.052547220667412,0.00023139387480907773
2019-07-03,0.0008407834170561352,3.366382762567764,-0.03264107804067185,7.020369250176952,7.052853760625123,0.00024969634643316475
2019-07-04,0.012329683516473497,3.366690294932265,-0.03142462185396552,7.033382138827577,7.064650193089041,0.0036488933463287437
2019-07-05,0.06268107342665306,3.3670839448291625,-0.03025391746548946,7.085297883023131,7.115395232896118,0.018275617452804132
2019-07-06,0.11522967808010438,3.3675424004322796,-0.02912724825258624,7.139431612492602,7.1684022931526865,0.033085621304660015
2019-07-07,0.13792429084165572,3.3679235218123273,-0.028042960295092508,7.163591634591695,7.191478027294286,0.039341208806563915
2019-07-08,0.13185211828370805,3.3682709108855287,-0.02699946023268801,7.158910351169353,7.18575324380954,0.037670709625028095
2019-07-09,0.10996321028896452,3.368647250806397,-0.025995213192253362,7.138402030135913,7.164240675735664,0.0316112457887391
2019-07-10,0.08368902897089545,3.36904619125167,-0.025028740781107495,7.113493261674263,7.138365434862868,0.024238472872385737
2019-07-11,0.05967779291692778,3.3694909056066975,-0.024098619142719987,7.090856861613709,7.114798913163928,0.017402991268006474
2019-07-12,0.04061827805921161,3.3697565452942144,-0.02320347707209758,7.0729581285141325,7.096005037993729,0.011910209335662291
2019-07-13,0.027003643310229607,3.3699331532840815,-0.022341994188501517,7.0603815846386135,7.082567011234614,0.007949409991172877
2019-07-14,0.018388542985956467,3.3700757298541983,-0.02151289916351268,7.052738155909447,7.074094487480457,0.00542680739866367
2019-07-15,0.015374580759299988,3.3701739924423353,-0.02070643258291371,7.050628922851526,7.071178787841938,0.0045412376833100935
2019-07-16,0.014167687189287119,3.3702499120560296,-0.01992698156771443,7.0502773999104065,7.070047813885619,0.004186152203098795
2019-07-17,0.012595026303314645,3.37031257903515,-0.01917434477038769,7.04952004280088,7.068537819978767,0.0037231363586279487
2019-07-18,0.011047052757553442,3.370365964194219,-0.018456875513464355,7.048742923671112,7.067043231592075,0.0032669930298878363
2019-07-19,0.00955939062263669,3.370151622470323,-0.017765407449588294,7.0477323878761755,7.065341227733263,0.0028284639087791013
2019-07-20,0.008776521889709477,3.369563053029976,-0.017097790499913352,7.0470285666525765,7.063969789559987,0.002597880318149523
2019-07-21,0.010174517899781415,3.3688328457794965,-0.016454876956183397,7.048339268955899,7.06463757831958,0.0030110966934096153
2019-07-22,0.010956326851333208,3.3682752910059954,-0.01584669554926181,7.049171704540871,7.064861832497631,0.0032422538879653038
2019-07-23,0.010788746246425583,3.368017266470653,-0.01526132152441087,7.049331473425472,7.0644362273573815,0.003193064711563531
2019-07-24,0.012765134968066858,3.367865714990216,-0.014693601074816053,7.0517240311162706,7.066261064598585,0.003775962397143829
2019-07-25,0.017599670619452258,3.3677873637740054,-0.014151431786545508,7.057022384839716,7.07101724903376,0.005198717440768334
2019-07-26,0.021146081115363348,3.3677237485975033,-0.013629568657455664,7.061027043288215,7.074500044353169,0.006239862307474649
2019-07-27,0.021102707327661386,3.3676764226224765,-0.013119831202889539,7.061446080980052,7.074409344590441,0.006227230078571656
2019-07-28,0.018286993121541143,3.367618063362828,-0.012626843883576036,7.059064994833598,7.071535271124672,0.0054009172780907135
2019-07-29,0.014349114940804911,3.3675614402967105,-0.012151993470411203,7.055545343999908,7.067540769877818,0.004242901965157726
2019-07-30,0.010442098885846773,3.3675098789800586,-0.011692354152178737,7.05204640594653,7.063582192506209,0.003091251431124191
2019-07-31,0.007230656073621183,3.367411252737009,-0.011252623502655055,7.049176067540779,7.0602721234509325,0.0021426439512717307
2019-08-01,0.004802978228386231,3.3675045271716644,-0.010839042061504559,7.04725524557135,7.0579377200403535,0.0014242408857126044
2019-08-02,0.003165556047654297,3.3676776651585234,-0.01043297661567926,7.046197026823302,7.05647343584648,0.0009390991630045543
2019-08-03,0.002597618502556556,3.3678913161335355,-0.010049966652796113,7.0462257502161005,7.056119149276395,0.0007706948614673373
2019-08-04,0.003112586147933163,3.368186828492564,-0.00968123960019167,7.047404957273109,7.0569296292808,0.0009232600742657791
2019-08-05,0.003897702806504021,3.368527971974077,-0.00932625510964383,7.048886201903741,7.058055889420883,0.0011557564739384852
2019-08-06,0.004158170722983762,3.3689789004986164,-0.00898449345849842,7.049939359995905,7.058767285861903,0.0012327310261002404
2019-08-07,0.003784970856224493,3.36961868187001,-0.008645908022896494,7.050544526936141,7.059033867366537,0.0011220035447479428
2019-08-08,0.003043253560141613,3.3703516734705334,-0.008324101142864384,7.050857608120615,7.059025141670977,0.0009021337928021197
2019-08-09,0.0022399594524588917,3.3710401604373814,-0.008012811957143992,7.0510540901655006,7.058910334530143,0.0006640300754305697
2019-08-10,0.001581144072991511,3.3716550219080643,-0.007711836967068793,7.051311111246791,7.0588663806213585,0.00046873210033062084
2019-08-11,0.002649779166123451,3.3722559870271835,-0.007418343149412842,7.053274205276699,7.06053598083361,0.0007851416749666005
2019-08-12,0.009638624903036857,3.3728860699224765,-0.007136431849602346,7.061175045208715,7.068154909465816,0.0028495357085734636
2019-08-13,0.01606059069484512,3.373508004427399,-0.006867135123753999,7.068488242231294,7.075198809762547,0.0047382403524616964
2019-08-14,0.01817370039860841,3.3741333836263747,-0.006604850137617518,7.07148901612017,7.077937298665286,0.005357327608750933
2019-08-15,0.01707175982230602,3.3747665685546093,-0.006350317603221422,7.0712747930064985,7.077468543017218,0.005033187955770083
2019-08-16,0.014270125045470755,3.3754084609274897,-0.0061074764384696665,7.069357891767295,7.0753088006132625,0.004209875562987844
2019-08-17,0.011740738443960794,3.3760593258395106,-0.005874350746160271,7.067712495770115,7.073430278923774,0.0034655936658540653
2019-08-18,0.012522788204571597,3.376693081856816,-0.005660503967171726,7.06934214832702,7.07484608470169,0.003694892472088176
2019-08-19,0.01436588037601385,3.3773248897382335,-0.005447979479112827,7.0720295728679385,7.07732098475455,0.004235610304629847
2019-08-20,0.015182564262566412,3.377777182940299,-0.005239851684279357,7.073506677751389,7.078589961843168,0.004474725724371715
2019-08-21,0.014536124955130538,3.3782103603963307,-0.005040860899111266,7.073492406685154,7.078376699991764,0.004284471303084915
2019-08-22,0.013938326989003541,3.3786573346382305,-0.004846122028307747,7.07353632183173,7.0782258762675365,0.004108455112012412
2019-08-23,0.01325499080097902,3.379051042937791,-0.0046701858682936595,7.0734226301032805,7.077936248379073,0.003907368813175817
2019-08-24,0.01255630608382256,3.379419506319544,-0.004495750175622996,7.073266844460548,7.07760602704367,0.0037017675768524585
2019-08-25,0.011861481597280621,3.379695457995951,-0.004332720792449343,7.073011001033586,7.077187154233534,0.003497355877711797
2019-08-26,0.010546871365398579,3.3797979622095533,-0.00417569580166889,7.071955920006087,7.075975048215255,0.0031108550554951727
2019-08-27,0.008557384166713315,3.3798213559307912,-0.004024450382579344,7.070141071947729,7.074008954737807,0.0025255099335403887
2019-08-28,0.006530108311437154,3.379798459527797,-0.003878768268700341,7.068236581803338,7.071958782479537,0.001928374102104309
2019-08-29,0.004693296194443167,3.3798184063828463,-0.003728352416250488,7.066570132393843,7.070141917217592,0.001386698172994717
2019-08-30,0.00321242285818455,3.3795807973105094,-0.0035851200217560408,7.064994882379741,7.068423434808997,0.0009496361879383074
2019-08-31,0.002120435229335482,3.3791747109063976,-0.003444492299196051,7.063637436069341,7.066925360776036,0.0006271074063909482
2019-09-01,0.0013572703518287467,3.3787079307063452,-0.0033057568661862945,7.062546226424791,7.065695415698476,0.0004015515296580183
2019-09-02,0.0008069312733363834,3.3781908777316487,-0.0031752258027469642,7.061609365435043,7.064628023645287,0.00023880787113442987
2019-09-03,0.00048595974252463477,3.377629782584851,-0.003049554634927656,7.060852969925252,7.063745956967678,0.00014385526713475764
2019-09-04,0.0014189961736787529,3.3772652009250326,-0.0029249162993536305,7.0615460630321625,7.064314411739014,0.0004199848493970671
2019-09-05,0.0113296924269887,3.377016205987435,-0.0028156022250086722,7.071317078422219,7.0739761130547265,0.0033437236830780558
2019-09-06,0.038823649788015384,3.3768605404720513,-0.002705856682399894,7.098765115810471,7.10131440490037,0.011366287872491922
2019-09-07,0.06366628240235804,3.3767462372145602,-0.0025987385398556447,7.123600563309866,7.12604273425722,0.01850542109102868
2019-09-08,0.0739289695847162,3.3767330538734552,-0.0024934984121546037,7.133955307278821,7.1362922380984735,0.021424575655956693
2019-09-09,0.07705705051135757,3.3767417446359165,-0.0023922167772647816,7.137193360602813,7.139429009787577,0.022310810525391873
2019-09-10,0.0741373907143148,3.376793685661701,-0.002298721473347403,7.134419137135472,7.136561291016318,0.021483300904453283
2019-09-11,0.06473385900042086,3.3769237634579397,-0.0022062238611204954,7.125238180830044,7.127287837098663,0.018808918870373212
2019-09-12,0.051743340658121355,3.3770933975367483,-0.002116848753602531,7.112506671674071,7.114466952835173,0.015090639948451418
2019-09-13,0.03853197577387445,3.3772884706190505,-0.002029635198145033,7.099577593427584,7.101450661033228,0.01128044532158119
2019-09-14,0.027147291817193053,3.377503563798544,-0.0019533866313696186,7.088484251217172,7.09028107025604,0.007973590529089192
2019-09-15,0.018309605557739795,3.3777353339335994,-0.0018741622045224922,7.07995755951962,7.081675154131641,0.005391449725774893
2019-09-16,0.011925356794676531,3.377980963139889,-0.0017972758160223015,7.073895826351348,7.075536534574868,0.0035179015787394153
2019-09-17,0.007549736403678627,3.3779780384190734,-0.0017328128345669802,7.069581744220989,7.071157989463055,0.0022300027959669864
2019-09-18,0.004668738217709971,3.377877992234073,-0.0016689919852876337,7.0666645206993,7.068176945092086,0.0013802435235200433
2019-09-19,0.00283087348604104,3.377732281879125,-0.0016030598530862876,7.064746877744884,7.066193370005468,0.000837397012254679
2019-09-20,0.0016300392005742198,3.377529079862361,-0.0015360994261402773,7.063409801869599,7.064789333703239,0.00048238012568826326
2019-09-21,0.0007184376374801244,3.3772909445986135,-0.0014704781230157453,7.062325686345882,7.063639596876396,0.0002126807702957149
2019-09-22,0.00038532935638464197,3.3772885251665654,-0.001417854917654742,7.062042781838099,7.0633040691632525,0.00011408127989286416
2019-09-23,0.00022350870160611837,3.3773997442143715,-0.0013596837758158484,7.0620503513729656,7.06325346755628,6.61733665568409e-05
2019-09-24,0.00134866606018158,3.37771634066741,-0.0013019114136852143,7.063549877546711,7.064695221367894,0.00039912403505006164
2019-09-25,0.0074379815441410245,3.378076251512784,-0.0012446579313769622,7.070056357358352,7.071144447697227,0.0021970020009116765
2019-09-26,0.01300094262823428,3.3787315199130976,-0.0011903822550628454,7.076328862519073,7.077362677181634,0.0038331273978175246
2019-09-27,0.014830809325751971,3.3795523248645942,-0.0011379097795777501,7.079032006643573,7.080013348830649,0.00436922078016674
2019-09-28,0.01366431148173871,3.3804399375817633,-0.0010873231534931549,7.078803708142813,7.079734463703804,0.004025896224463039
2019-09-29,0.011079117487330072,3.3813334160050426,-0.00103986831265206,7.077159447412525,7.078042748132676,0.0032658520677980455
2019-09-30,0.008949660022598893,3.3822040776820543,-0.0010027673757660126,7.075937752561691,7.076783952344956,0.002639119519440186
2019-10-01,0.011758965695110611,3.3830864359288357,-0.0009570273929581189,7.079675156463792,7.080475616264248,0.0034637706004183974
2019-10-02,0.022649917002593473,3.383989023708834,-0.0009109032504649669,7.091514819693767,7.09226915535173,0.006648757733586925
2019-10-03,0.032829637400975414,3.3849125504860718,-0.0008784389078001358,7.102650531212051,7.10337240252735,0.009605650630210847
2019-10-04,0.03593738807336557,3.385856473598382,-0.000847147218348279,7.1067334966862035,7.10742407631205,0.010502499427539462
2019-10-05,0.033645622467085516,3.386819910566824,-0.0008169851776756706,7.105435330089038,7.106095747674212,0.009836562345723237
2019-10-06,0.03166022856249334,3.387801905426422,-0.0007879113851266612,7.104461004836592,7.105092348629218,0.00925883291638052
2019-10-07,0.029434737876215908,3.388801521436175,-0.0007564963824448202,7.10326654516275,7.103866473952694,0.008611089358152491
2019-10-08,0.02550862640026443,3.389817874116133,-0.0007209947562587762,7.100392287992943,7.1009567151567,0.007468869051438427
2019-10-09,0.020409458909893596,3.3908501411438654,-0.0006841966774002914,7.096362185609163,7.0968898146940615,0.00598296855201872
2019-10-10,0.015181987147865485,3.3918975627914976,-0.000651024536730506,7.092215307635437,7.0927097645796655,0.004456011937888472
2019-10-11,0.010745394634932752,3.3926985142417596,-0.0006194896483461496,7.08861120146115,7.089074123516995,0.003157212201119916
2019-10-12,0.00753886513132004,3.393405068605293,-0.0005925003388863754,7.08613821563053,7.086574148376916,0.002216697857478967
2019-10-13,0.006243983575733233,3.3938604338737273,-0.0005630101167341745,7.08532818956553,7.085734632089763,0.0018364093595740413
2019-10-14,0.005707863028781978,3.3942014023489313,-0.0005343140610818537,7.085161733549436,7.085539480018015,0.0016788280460619477
2019-10-15,0.013454613629728687,3.39421662096139,-0.0005053702738921674,7.092952646550031,7.093301449231421,0.0039483308991640695
2019-10-16,0.05736576850460974,3.3939451257718787,-0.0004784398542255705,7.136619236655067,7.1369411089167905,0.016621443347727024
2019-10-17,0.12155743249096747,3.3935254077920565,-0.00046147051500877945,7.200408152000819,7.200713054923327,0.03458166934159083
2019-10-18,0.15982548210913777,3.393214012292512,-0.00044511072767412785,7.238381165906779,7.238669709041952,0.044982748534308996
2019-10-19,0.160949291799215,3.393169900015173,-0.0004293382789857578,7.239476635768206,7.23974940645469,0.045285282544801186
2019-10-20,0.13844209407539412,3.3933413911801176,-0.0004096248382974402,7.217160642650018,7.217413699895815,0.03919891880500663
2019-10-21,0.1074552156876133,3.393596323812914,-0.0003901296497231552,7.186448192083608,7.18668175414083,0.030692269015537902
2019-10-22,0.07768943712269964,3.393893496811042,-0.00037632086294756885,7.156993395303598,7.157213148574044,0.02237867814226973
2019-10-23,0.05478708941836342,3.394479353668912,-0.00035747274782375107,7.134695752572256,7.1348966577275785,0.015883693046723893
2019-10-24,0.043734948442752435,3.3952455952701537,-0.00034096448474230687,7.1244263614609675,7.124610758353208,0.012717416654975855
2019-10-25,0.03815703856813075,3.396104363176418,-0.00032242382776619935,7.119725760149587,7.119891616384852,0.011110697208065639
2019-10-26,0.032501026561532496,3.397026807122216,-0.0003033274066400635,7.115011288509912,7.1151580483240515,0.009476822506677914
2019-10-27,0.02596883516307003,3.3979996188618924,-0.0002902075911327352,7.109465028666634,7.1095986686652655,0.007584425940765605
2019-10-28,0.019542923616091744,3.399014442901056,-0.00027433066471119997,7.10406981808524,7.104187581157451,0.005716716591479119
2019-10-29,0.014318136468343033,3.400065437592849,-0.00025824207293032524,7.099912114221066,7.100013788701495,0.004193476262338188
2019-10-30,0.010259787151065024,3.4012265318319432,-0.000244777771879408,7.097028323443933,7.097116533623311,0.003007424386835457
2019-10-31,0.006736221622964458,3.4021876087441867,-0.00023248785646597724,7.094478124743489,7.094554045007454,0.00197605518872475
2019-11-01,0.00426743915383038,3.4031090117938048,-0.00021880762151250312,7.092944425558926,7.093006665587938,0.0012524119994559307
2019-11-02,0.0028583146053770304,3.404282167525097,-0.00020703712728216604,7.092720227235996,7.092770696770777,0.0008389189175991168
2019-11-03,0.001857335201399238,3.4058209253337144,-0.00019293956055600197,7.093272103207362,7.093308475175416,0.0005450441794665138
2019-11-04,0.00117605969445464,3.407523440163306,-0.00017871757028119404,7.0943075645202835,7.0943297144980635,0.0003450171229536998
2019-11-05,0.0007283968334811975,3.4093238783169975,-0.0001622597605172058,7.095676797622765,7.095682489790781,0.00021360283500318332
2019-11-06,0.00044266183399908107,3.4109913764789574,-0.0001491766894438347,7.097071643856317,7.09706425295326,0.00012975828611301213
2019-11-07,0.00026464821204940167,3.412374674194968,-0.00014089078448348584,7.098285213855338,7.0982695370473206,7.754942349510843e-05
2019-11-08,8.014237852579492e-05,3.4135297483502103,-0.00013330427866445284,7.099263368682876,7.099240105369039,2.347731026426284e-05
2019-11-09,3.8905058023313016e-05,3.4145915973412673,-0.0001257028940171912,7.100291581738077,7.100260717039593,1.139363629416898e-05
2019-11-10,0.0010708039830466818,3.415864379308294,-0.00012127494258782374,7.102600690581557,7.102565397931643,0.00031338141510054535
2019-11-11,0.006051193631762211,3.417002646029976,-0.00011183558358987101,7.1087287863109525,7.10868405430204,0.0017677763526968604
2019-11-12,0.012301392255173208,3.4180327976507234,-0.00010195499424456425,7.116019017144456,7.115964404546199,0.0035860623409145653
2019-11-13,0.02066522394956761,3.419017960696779,-9.35056394648692e-05,7.125376461239686,7.125313399286649,0.006007885854665512
2019-11-14,0.025787841943891002,3.419976669685314,-8.500366356048541e-05,7.131466290198448,7.131394726269507,0.00748392464338724
2019-11-15,0.025593778036115396,3.420942224949272,-8.201216969881311e-05,7.132240773048492,7.13216621762569,0.007425942457570756
2019-11-16,0.021914812752062158,3.4219036159433887,-7.640748278207278e-05,7.1295288034454725,7.129448643335754,0.006363521540351268
2019-11-17,0.016994919909792374,3.422858465922427,-7.372031190509171e-05,7.125566447753118,7.125483600472522,0.004940594264799084
2019-11-18,0.012286543273536215,3.423729068904695,-7.026283230547007e-05,7.12173213157873,7.1216458268185345,0.003575811247768828
2019-11-19,0.008432409804637754,3.424562021961743,-6.225326319593575e-05,7.118718960735989,7.118624646406683,0.002456284148500358
2019-11-20,0.005560408249968104,3.425347727609687,-6.006576912153114e-05,7.116634852323338,7.116538350499958,0.0016206811811284119
2019-11-21,0.00355233730773268,3.425845723457352,-5.7956007140723565e-05,7.1151268869907485,7.115028275405388,0.001035848637221241
2019-11-22,0.0022119700409193627,3.425956021407666,-5.0546522184250715e-05,7.113904227159205,7.113798206088888,0.0006452338527274698
2019-11-23,0.0013484530331318648,3.4258874059071522,-4.4906900306198814e-05,7.112977734272782,7.112866073580587,0.0003934520670978309
2019-11-24,0.0008075281224613377,3.4257098733181657,-3.844903512815086e-05,7.112265734638303,7.11214761608093,0.0002356702236859573
2019-11-25,0.00047631324819999546,3.4254483015298614,-3.36260951834215e-05,7.111677770915682,7.111554829418364,0.0001390320283596935
2019-11-26,0.00022376366436535869,3.4251171418275135,-3.244609992095223e-05,7.111095241624762,7.110971120132181,6.532595456603939e-05
2019-11-27,0.0001248162998791465,3.4247261370059054,-2.8763653540076825e-05,7.110608971885049,7.110481167946087,3.644430125015207e-05
2019-11-28,-1.3097281223287167e-17,3.424543336710353,-2.288636515774872e-05,7.110307232577999,7.110173551350655,-3.824533648877264e-18
2019-11-29,-9.137638062758489e-19,3.424186680677912,-1.705444270518785e-05,7.109956408468011,7.109816895318215,-2.668557212233955e-19
2019-11-30,-3.6550552251033956e-18,3.423954200792375,-1.2300136550366081e-05,7.109728682888629,7.1095844154326775,-1.067495360848442e-18
2019-12-01,-1.218351741701132e-17,3.423759447988983,-1.1868694812047943e-05,7.1095343615269755,7.109389662629285,-3.558520276349311e-18
2019-12-02,-2.436703483402264e-18,3.4235690162318346,-1.147899704606604e-05,7.109344319467592,7.109199230872138,-7.117436429204023e-19
2019-12-03,0.000523864386587719,3.4233754747067056,-1.702723068812399e-05,7.109669094095409,7.109529553733596,0.00015300227451384336
2019-12-04,0.0029751926176564167,3.423149540544452,-0.00014171104075404653,7.111769804354158,7.11175494780241,0.0008683842093835538
2019-12-05,0.005200377051293708,3.422904893447536,-0.0006998731389155272,7.113192179592718,7.113735485139133,0.0015169828931586432
2019-12-06,0.005932323730300798,3.4226459615947817,-0.002056197983250446,7.112308869574637,7.114208499965385,0.0017302576276855587
2019-12-07,0.005465724592695475,3.422373850759124,-0.0046132271606337165,7.10901313042399,7.113469789992122,0.001594510032498967
2019-12-08,0.004780889919323834,3.4220891963966302,-0.008846385224397187,7.103810483324361,7.112500300956256,0.001395118518911674
2019-12-09,0.005545863607924238,3.42179248836345,-0.015166352002108932,7.0979587822020695,7.112968566611677,0.0016181255068482825
2019-12-10,0.007268072498883646,3.4214841557704174,-0.023686060191527546,7.090852950310578,7.114382442909603,0.002119742697929585
2019-12-11,0.008104919910259056,3.4211645949010974,-0.03401122418796642,7.081045072856194,7.114899729451659,0.0023634537545833305
2019-12-12,0.00761228487997465,3.420834179593215,-0.04539531154136942,7.068837935164625,7.114076679113492,0.0022203306829655695
2019-12-13,0.006317507002651962,3.4204932654742923,-0.057224828296048656,7.055372726413699,7.112440987117247,0.0018435529190558673
2019-12-14,0.004803378656728718,3.420142191902964,-0.06924608748373867,7.041486265308758,7.110575785199995,0.001402468610893506
2019-12-15,0.0034260372868093222,3.41978128303876,-0.08141999212590166,7.027574110432472,7.108837534965872,0.0010008267002897984
2019-12-16,0.002503084397849611,3.4194108485904433,-0.09370805409801754,7.01399266112308,7.107544147628595,0.0007314866612275413
2019-12-17,0.004785924735209357,3.418770260164646,-0.10606591349198444,7.003277053640675,7.1091863995401585,0.001397939591679099
2019-12-18,0.016991033731044294,3.417986427235377,-0.11844251718438215,7.002321726014843,7.120607675606724,0.004946476046531006
2019-12-19,0.03301952349846173,3.4168665116809063,-0.13059905881536088,7.0050737585968115,7.135516249819671,0.009571192544261819
2019-12-20,0.04244404360298463,3.4155839143848765,-0.14209132172258143,7.001723418498083,7.143658172628164,0.012274060279050416
2019-12-21,0.045157491684556454,3.4143575457956836,-0.15247884162800873,6.9928229780850355,7.1451452521205425,0.013053127734761114
2019-12-22,0.04193627814114635,3.4131171041432378,-0.16150614887537665,6.979334015641811,7.140683596924687,0.012137664314008157
2019-12-23,0.03487240865114352,3.411843441291286,-0.1691464834516894,6.963356148723545,7.132346064582732,0.010117575735674874
2019-12-24,0.026654323273197708,3.410535834178978,-0.17565877802592003,6.9473181616590605,7.1228203720924785,0.0077546839285014355
2019-12-25,0.019215775903426068,3.4091956149637426,-0.18154110649667823,6.932657066603294,7.114041605507471,0.005604862927072969
2019-12-26,0.013757443329283687,3.4079288585294414,-0.18733505844523435,6.9201380256462945,7.1073165164990275,0.004020661777735259
2019-12-27,0.010476027554360867,3.406754443292447,-0.19337883849445975,6.909638414585152,7.10286068548711,0.003065648525533852
2019-12-28,0.008225072822516421,3.405607106353614,-0.19963080752894372,6.899988153879991,7.099462393816433,0.00240933718789346
2019-12-29,0.006315131553477328,3.4044664490939898,-0.20579146520058114,6.8907768976796895,7.09641179528777,0.0018515203639274168
2019-12-30,0.004650232247580221,3.403326001100705,-0.21166241873872993,6.88210059684236,7.093606447988588,0.0013645142833086713
2019-12-31,0.0032793613661200923,3.4021824797417732,-0.21738885520717044,6.873859768133527,7.091092055748196,0.000962971109097268
2020-01-01,0.002215779179598313,3.401033986001828,-0.22334754963959222,6.8656889977746385,7.088879979821729,0.0006510774502265161
2020-01-02,0.001338912180426135,3.399879350126586,-0.22968072170665185,6.857324322833164,7.086848476947314,0.00039365664804997386
2020-01-03,0.0007916487253421152,3.39877001495659,-0.23689973427896355,6.848448711635773,7.0851918783222345,0.00023286788229183388
2020-01-04,0.0011127210369148367,3.3979358876329893,-0.24496088839543745,6.8398745025072705,7.084678823310206,0.000327362496104538
2020-01-05,0.003745669520423213,3.3974743681501294,-0.2536891375569389,6.833317682346419,7.086850252310855,0.0011012723313804092
2020-01-06,0.00623509229994775,3.397176983821438,-0.2629214580274413,6.826277400326749,7.089042290761689,0.001832012157356337
2020-01-07,0.007021929677935415,3.39718306016334,-0.272207037823573,6.817784734250507,7.089835204481578,0.0020627223386635186
2020-01-08,0.006523637507669875,3.3973461498640143,-0.28143175092164985,6.808224818682838,7.089500002011986,0.0019165355654533237
2020-01-09,0.005700916613142085,3.397453789403673,-0.2905288579630301,6.798412630286589,7.088784920657117,0.0016751858512523107
2020-01-10,0.004732879493814297,3.397576270534072,-0.2993790928212907,6.7887168394394,7.087939364668189,0.0013910786131164786
2020-01-11,0.003687871803553047,3.3977320547538223,-0.30792152533912726,6.779285183451052,7.087050141197678,0.0010842153815702473
2020-01-12,0.002719111146151769,3.397947211444076,-0.31608650597810384,6.770366598844928,7.08629653723053,0.0007995818725551027
2020-01-13,0.0036541801774240194,3.3982566480094953,-0.3239876183762733,6.7637099920434505,7.0875410428272225,0.0010741551915902361
2020-01-14,0.011813811060535856,3.398517915278843,-0.33166881585694435,6.764449692715239,7.095961940979681,0.0034641237300444966
2020-01-15,0.0216430236381743,3.3986996262751683,-0.33913074035237195,6.766998691793775,7.105972864553645,0.0063277355088159504
2020-01-16,0.02637216254996594,3.398862804239814,-0.3463927710057799,6.764628978016804,7.110865181430082,0.0076993732709328905
2020-01-17,0.025468703900049905,3.3990253947590765,-0.35311069906998804,6.757170181821943,7.110124313299429,0.007437216466520492
2020-01-18,0.02134835456143642,3.3991922121264726,-0.3589771669307298,6.747350181989983,7.106170781328212,0.006241222445757431
2020-01-19,0.016290967864745702,3.399365328333112,-0.3639084750562452,6.737534603374416,7.10128651083816,0.004769498583004389
2020-01-20,0.01160131352533588,3.3995457138061314,-0.3681406830754616,6.72879312648881,7.09677724197177,0.003401000728605815
2020-01-21,0.007888389384190814,3.3997338030537643,-0.3717570381191946,6.721651936551565,7.093252407078258,0.0023149248768529504
2020-01-22,0.0051626767783670285,3.4000602049801683,-0.37490318508775633,6.716106478903583,7.090853096398838,0.001516105393870989
2020-01-23,0.003277869996217145,3.400187619198462,-0.3777169659793284,6.711535305448155,7.089095703834982,0.0009630977621555809
2020-01-24,0.002026055759892124,3.399981456862292,-0.380340498942045,6.707453795912944,7.087637727262487,0.0005955471151592167
2020-01-25,0.0012298835477523554,3.399639229321153,-0.38301187289459687,6.703644022207112,7.086499327509207,0.0003616380127945736
2020-01-26,0.0007338396035871669,3.399041779498147,-0.38586332307232113,6.699699078262217,7.085405833742037,0.00021584942237483812
2020-01-27,0.0004314797761270463,3.39831645174821,-0.3889341117272418,6.6956006020298995,7.08437814616464,0.0001269525674807922
2020-01-28,0.0002505040323089792,3.3975111745845425,-0.39220152118780394,6.691346939661852,7.083391893257154,7.3726192712537e-05
2020-01-29,5.460713119713964e-05,3.396643711521724,-0.39579847775749116,6.686686623128234,7.082328533293223,1.607653258379331e-05
2020-01-30,6.09175870850566e-18,3.39572470199294,-0.3998500701695678,6.681661414056176,7.081354916633243,1.793949522742649e-18
2020-01-31,9.746813933609055e-18,3.3949962763665336,-0.40448414514041475,6.676298913458923,7.080626491006836,2.8709350880468423e-18
2020-02-01,1.218351741701132e-17,3.3944568350080435,-0.4097859075396882,6.670457709701159,7.080087049648347,3.589239165264698e-18
2020-02-02,2.436703483402264e-18,3.393986893812027,-0.4158086650172621,6.663965011027569,7.07961710845233,7.179472283304635e-19
2020-02-03,-1.5838572642114716e-17,3.3935498592485303,-0.42260535134446914,6.656731290136865,7.079180073888833,-4.667257974403835e-18
2020-02-04,-1.8275276125516978e-18,3.39313363484279,-0.43040934600184216,6.648511071073752,7.078763849483092,-5.385958259307905e-19
2020-02-05,-1.218351741701132e-18,3.392731873273766,-0.4390628002082009,6.639455855298369,7.078362087914069,-3.5910640369157774e-19
2020-02-06,-3.04587935425283e-18,3.3923407230943923,-0.4483002052411394,6.629827300086057,7.077970937734695,-8.978695251679995e-19
2020-02-07,-6.700934579356226e-18,3.391957645626465,-0.45780112416652546,6.619943303692743,7.0775878602667674,-1.975536041258151e-18
2020-02-08,6.09175870850566e-19,3.3915808722798317,-0.46775349870520117,6.609614155807435,7.077211086920134,1.7961413682613323e-19
2020-02-09,9.137638062758489e-19,3.391209120273824,-0.47793817108598546,6.599057731420643,7.076839334914126,2.6945073980045996e-19
2020-02-10,-1.3706457094137734e-17,3.390658782896489,-0.4880795221649934,6.588366042964299,7.076288997536792,-4.042417114714479e-18
2020-02-11,-3.464687765462594e-18,3.390036027595774,-0.4978584165181076,6.57796439331047,7.0756662422360765,-1.0220209275828148e-18
2020-02-12,-1.3858751061850376e-17,3.3893770592567387,-0.5070000571818974,6.568163784307645,7.075007273897041,-4.088878522382364e-18
2020-02-13,-1.736151231924113e-17,3.3886920377297174,-0.5155714627969481,6.558907357165573,7.07432225237002,-5.1233668111288805e-18
2020-02-14,5.3302888699424524e-18,3.387960133867075,-0.5236436047023989,6.55010331139748,7.073590348507377,1.5733033032647792e-18
2020-02-15,-2.436703483402264e-18,3.3871999005677327,-0.5312062798590719,6.541780402941464,7.072830115208035,-7.19385792079719e-19
2020-02-16,-2.436703483402264e-17,3.3864188565680013,-0.5383212009673064,6.533884437833499,7.072049071208304,-7.19551711294144e-18
2020-02-17,-1.4620220900413582e-17,3.38562018796626,-0.5451078238542829,6.5262991463447815,7.071250402606562,-4.318328722276417e-18
2020-02-18,-7.310110450206791e-18,3.384805988769458,-0.5515465528270275,6.519046218175235,7.070436203409761,-2.1596837379930224e-18
2020-02-19,-2.436703483402264e-17,3.3837168776922812,-0.5575622646604973,6.5119413952645875,7.069347092332584,-7.201262905494957e-18
2020-02-20,0.0,3.3823241333355343,-0.563040354868896,6.505070560699442,7.067954347975837,0.0
2020-02-21,-8.528462191907923e-18,3.3807881828532977,-0.56798070066133,6.498594264424772,7.0664183974936,-2.5226254147369037e-18
2020-02-22,0.0006111751176856835,3.379161793348032,-0.5724122377348826,6.493147512963639,7.065403183106021,0.0001808331871365705
2020-02-23,0.003471058053932468,3.37746432684849,-0.5763371623754332,6.490385004759793,7.0665655995427255,0.0010266561346994351
2020-02-24,0.006067106559842647,3.3757071386053576,-0.5797469762116935,6.4878140511863105,7.067404459805503,0.001794060194442775
2020-02-25,0.006921044352017583,3.373897932548848,-0.5825722640783636,6.484033495055306,7.066449191541168,0.002047150231735263
2020-02-26,0.00637667869147805,3.372042374186927,-0.5846174331972568,6.4795884019139525,7.064049267518708,0.0018874741681453445
2020-02-27,0.0051702548274206684,3.3701448531364986,-0.585772767475478,6.475329122721245,7.060945322604222,0.001531784340733599
2020-02-28,0.0038505479477804485,3.3682088978681475,-0.5859891220043095,6.471857106044423,7.05768966045623,0.0011418980031796984
2020-02-29,0.002699151181836233,3.3662374234207193,-0.5853202659624913,6.469403090872868,7.054566789242858,0.0008011878888383824
2020-03-01,0.0018081570473691615,3.3642328897185076,-0.5839581474899135,6.467869681508768,7.051671261406179,0.0005371761729128215
2020-03-02,0.001169357722976223,3.362197408106047,-0.582183337702175,6.466970210359652,7.048996980469326,0.0003476747569895169
2020-03-03,0.0007352489390744235,3.360132816013719,-0.5801872515263007,6.466467595659297,7.046498279593096,0.00021876756982566964
2020-03-04,0.002023375547049363,3.358040731042004,-0.5782912498167099,6.467559639005148,7.045694321229356,0.000602183614021394
2020-03-05,0.009197913259132363,3.355922591221712,-0.5765371595956404,6.474370127118008,7.050750719121147,0.0027333087320007806
2020-03-06,0.01576265762297952,3.353779685680612,-0.5747830787533019,6.480546046783094,7.055172557943894,0.004677981760432599
2020-03-07,0.017891454848362357,3.3516131784657563,-0.5726800579962628,6.48261135755066,7.055134847954421,0.005309817553438113
2020-03-08,0.016451780909283564,3.3494241273654426,-0.5699050994510352,6.481757591056494,7.051506122915029,0.004887815640748439
2020-03-09,0.01329494098479606,3.3472134990025415,-0.5662748681321358,6.480020354088006,7.04613865462764,0.003956229011835529
2020-03-10,0.009901409008578301,3.3449821810968294,-0.5618892593075084,6.478781113030704,7.040513804745711,0.00295134204888081
2020-03-11,0.0069406744675789365,3.3429136395476364,-0.5569359182142857,6.478705178033733,7.035484528655518,0.002071933229615493
2020-03-12,0.0046495466932350285,3.3409017293524976,-0.5516110647109438,6.479726993567593,7.031181490686035,0.0013897699690110716
2020-03-13,0.0030069198590817873,3.3389103746119853,-0.5461580384597551,6.481546038244116,7.02754750911137,0.0008997589090718953
2020-03-14,0.0018906401290486171,3.3369296144150287,-0.5407853080896912,6.48382172868719,7.02445046918438,0.0005662599316256957
2020-03-15,0.0011617261387359148,3.334954430135243,-0.5357100565117064,6.486192881995077,7.021746370914282,0.00034822712529093003
2020-03-16,0.0007002910444195721,3.3329818147735932,-0.530940475919776,6.488528412131041,7.019312320458315,0.00021006533382334486
2020-03-17,0.0005899752398775123,3.331009796048205,-0.5264673422505878,6.490919211270299,7.017229985928385,0.0001770846681410993
2020-03-18,0.0012346888488779034,3.329037007046197,-0.5223481851099613,6.493710293017918,7.015901910535378,0.0003707471826997757
2020-03-19,0.001873877354461959,3.3270624655837477,-0.5183771529212337,6.49634597224978,7.014566557578512,0.0005629057336698797
2020-03-20,0.0019774412434335974,3.3250854485397925,-0.514421282044916,6.498428389971114,7.012693104423528,0.0005943504252672654
2020-03-21,0.0018219081975651564,3.3231054148381642,-0.5102796221700799,6.500434483098454,7.010557537676032,0.0005479542920961398
2020-03-22,0.0014772156649773289,3.321382879867149,-0.5058304761813908,6.50281640158354,7.008490310172429,0.0004445614989820286
2020-03-23,0.0011001565565087038,3.3197648139832445,-0.5011686632642589,6.5054830895082985,7.006495185180055,0.0003312861457085655
2020-03-24,0.0007711860519532225,3.3181984374882707,-0.49671098109994616,6.508045424673082,7.004599838180527,0.00023235706843578353
2020-03-25,0.0005166162992483354,3.3166684036020166,-0.4925207217299002,6.510451080404168,7.0028152345415675,0.00015573936821399018
2020-03-26,0.00033410220656464356,3.3151665320351724,-0.4887651477071485,6.512522268767393,7.00113084888204,0.00010076976101711818
2020-03-27,0.002130907209604876,3.313687606763891,-0.4855420498419635,6.516063246364336,7.0014487286137985,0.0006426489268410873
2020-03-28,0.01103812028015525,3.3122279679348066,-0.48280615222877465,6.526246718218991,7.008896302855264,0.0033214674922657774
2020-03-29,0.01914585930412355,3.3107848883164452,-0.4803490754555889,6.5353684543977835,7.015560962260871,0.005749626870710267
2020-03-30,0.022321868484099668,3.3091736026853122,-0.4779235658256498,6.539358687576566,7.017125685809715,0.006700254788659314
2020-03-31,0.023043178121576025,3.307499318739531,-0.47527595129415123,6.5410533277997605,7.01617271150141,0.006918746163213118
2020-04-01,0.021465351403529363,3.3057974281780247,-0.4722331162725698,6.540816445541788,7.012892994221857,0.006451354409172607
2020-04-02,0.01803404585189648,3.3040773904833305,-0.46867527089523414,6.539222947672798,7.00774165097553,0.0054284891393621216
2020-04-03,0.013948771164180845,3.3023438582281015,-0.4645130901788366,6.53756632144625,7.001922844032585,0.004206133994495228
2020-04-04,0.010114426286663735,3.3006517595401665,-0.45995624713564326,6.536596720923992,6.996396400467133,0.003055010749464254
2020-04-05,0.0069755939417371704,3.298972337754919,-0.45519157209799854,6.536543141831462,6.991578146336959,0.0021100132506192263
2020-04-06,0.004624340535807957,3.2972963270803053,-0.45033706578337795,6.5373703840655395,6.987550882256416,0.0014005001940723765
2020-04-07,0.002969736400644452,3.295621600203925,-0.44547192645380373,6.538906192383569,6.984221551244872,0.0009003044322857445
2020-04-08,0.0022947715516965137,3.293947233262724,-0.4406023394911475,6.541426447556077,6.981872219454723,0.00069617811688123
2020-04-09,0.004141059561484012,3.2922727366399474,-0.43569426810979556,6.54650631032444,6.982044010841734,0.0012562317164962404
2020-04-10,0.007993030844377982,3.2903368943764773,-0.43079699468552274,6.553319712768136,6.983960139861158,0.0024233569793181836
2020-04-11,0.010549032920351399,3.2882922373379126,-0.42574766493633037,6.558880387554738,6.984471484898567,0.0031977994865832154
2020-04-12,0.010625545483440881,3.286191180612008,-0.4204203072774746,6.562183201050779,6.982446940735752,0.0032229712374776554
2020-04-13,0.009327060478345386,3.284048800881364,-0.4147804929095999,6.564382150682913,6.979006076000012,0.002832066812591077
2020-04-14,0.007812020666032486,3.2821340020459466,-0.4089570160446856,6.566775788900097,6.975576237352282,0.00237451332395808
2020-04-15,0.00667834047533209,3.280299132845247,-0.40304783896610685,6.569716416587276,6.972607687960881,0.002031757299688908
2020-04-16,0.00604372520162025,3.2784952017328814,-0.3970927725245562,6.57323293664275,6.970169141574804,0.001840052846400858
2020-04-17,0.005647374079481017,3.27686624639505,-0.3911490641893613,6.577151338517973,6.968143835114834,0.001720441933357344
2020-04-18,0.00503249649485555,3.2753146563809388,-0.38500880548872474,6.581125129619874,6.965977367516096,0.0015341353400489008
2020-04-19,0.004141275912796357,3.2738054530655782,-0.37850513950326004,6.5852283717079185,6.963576943618677,0.0012633749890398778
2020-04-20,0.003167000571864066,3.2723273208275705,-0.37170112229959495,6.589579981332644,6.961124536039737,0.0009668771370395736
2020-04-21,0.0022813936838396542,3.270873909960164,-0.36494824182841995,6.593993844048388,6.958785518284307,0.0006970013556337454
2020-04-22,0.001566970143121813,3.2694410517611603,-0.3586986202913718,6.598096183845715,6.956638236544585,0.00047904808934389907
2020-04-23,0.0010359789274288534,3.2679735854736918,-0.3533042815797834,6.601492065054141,6.954639779041424,0.0003169091148311289
2020-04-24,0.0006417412691269915,3.2664998137305763,-0.3489725842029802,6.603955753029528,6.952771769640005,0.00019642285414445403
2020-04-25,0.00037553206507144306,3.2650284925925916,-0.3456498996668744,6.605540907223593,6.951034239297966,0.00011500324683736889
2020-04-26,0.0002315561716603114,3.263691707992438,-0.3430273856850143,6.606682660711888,6.9495534788044,7.09441224316325e-05
2020-04-27,0.0001400182742868326,3.2625701048955866,-0.3409920559154663,6.607504849487212,6.948340337810176,4.291471476197168e-05
2020-04-28,8.327895198839871e-05,3.261545832923627,-0.3392741702335177,6.608141723874901,6.947259326515917,2.5532931284301898e-05
2020-04-29,4.4373893965076075e-05,3.2605796749149922,-0.33776788621007087,6.60864294483169,6.94625426344926,1.36090187954312e-05
2020-04-30,2.1298684093874266e-05,3.2596583328785793,-0.3365219884424746,6.608944425353003,6.945309846202976,6.53398078990474e-06
2020-05-01,7.801018742435782e-06,3.2588003129193512,-0.3354649784453515,6.6091299177255465,6.944438328578396,2.3938257392543044e-06
2020-05-02,1.6272801074080584e-17,3.2580113643249176,-0.3345211532040578,6.609276993353664,6.94364157896522,4.994703595041763e-18
2020-05-03,-3.611318365382221e-18,3.257032432786606,-0.3337092169135822,6.609109998105827,6.942662647426909,-1.1087756845861374e-18
2020-05-04,0.00034924292439182664,3.256017439854072,-0.3330263655287605,6.6091270994825075,6.9419968974187665,0.00010724926226484987
2020-05-05,0.001983461745104283,3.2549938029893193,-0.33232287161201995,6.6104411753552075,6.942607479374726,0.000608988514160235
2020-05-06,0.003466918034195819,3.2538101724670994,-0.33133623507380106,6.611727637660298,6.942907305141597,0.0010643607951886771
2020-05-07,0.003954882486867208,3.2525614562457807,-0.3297334948172411,6.612569626148211,6.94214655337295,0.001214451909799521
2020-05-08,0.00364381639513032,3.2512810049559184,-0.32730622866581643,6.613405374918036,6.940555035991352,0.0011194778973782414
2020-05-09,0.0029544313299546894,3.249978990840193,-0.32407067360466946,6.614649530798283,6.93856363681045,0.0009082360277707999
2020-05-10,0.0022003131130174033,3.248660890666908,-0.32004798977618115,6.616599996236548,6.936491418420228,0.0006768400663980974
2020-05-11,0.0015423721039064275,3.24733017110889,-0.31520022468070724,6.619459100764893,6.9345027578530996,0.00047474072417170977
2020-05-12,0.0010332325984966852,3.2459892234778636,-0.30957911641325286,6.6232301218959115,6.932652670716663,0.0003182092555483043
2020-05-13,0.0008428258753252001,3.2446397901069957,-0.3032828091898909,6.627986589025234,6.931112830622624,0.00025969200117564005
2020-05-14,0.0014991838545497873,3.2432831903218173,-0.2965602333843005,6.63400892302487,6.93041258881667,0.00046202909214530287
2020-05-15,0.002924039473027278,3.241789990280099,-0.28956534484118746,6.640935467144743,6.930344244393429,0.0009011701635998268
2020-05-16,0.006177604014239762,3.2400808148658244,-0.28239430717521613,6.649650893937652,6.931888633520367,0.0019029920656689406
2020-05-17,0.011465432885013912,3.238274233472268,-0.27512332250650684,6.660403126083579,6.935369880997584,0.0035281081139234196
2020-05-18,0.01580719591096945,3.236409906190774,-0.2676863841865827,6.670317500147965,6.937847316742046,0.004860436869590919
2020-05-19,0.017109313919457202,3.2345014172221687,-0.26010297978269786,6.677294533591732,6.937240945781928,0.005261796486152634
2020-05-20,0.0162598290206141,3.2325304504318417,-0.252356727658661,6.682220334026599,6.934420494092759,0.005004887241707241
2020-05-21,0.0140277846898517,3.230491384147307,-0.2444854091290084,6.685820541940954,6.9301493834774615,0.004323532690016217
2020-05-22,0.011114266453006252,3.2284868037448287,-0.23664513122380912,6.688742721206831,6.925231284838137,0.0034307515685341864
2020-05-23,0.008225550216994074,3.226454475794014,-0.2289381798027721,6.69152862844104,6.920310240651311,0.0025429254673878156
2020-05-24,0.006555628281000424,3.224398545409682,-0.22135636613972023,6.695384589783766,6.916584388330985,0.0020290068904047637
2020-05-25,0.009214914339816055,3.222322930639933,-0.21393810474570354,6.703386522466849,6.917168059620051,0.002851556992944269
2020-05-26,0.015279600986270929,3.220229194705769,-0.2066681130472745,6.7146274648775695,6.921139010332343,0.0047224723995852366
2020-05-27,0.01915842222738149,3.218118588498523,-0.1995080910643731,6.723555701894336,6.922907225366207,0.005918066993928808
2020-05-28,0.01906923255227728,3.2159921943536673,-0.19248042859186448,6.7283677805468844,6.920691641546247,0.005894550376595274
2020-05-29,0.016343688804212816,3.213850967856366,-0.1856090209703083,6.730372417923075,6.915824871300881,0.0050596606524973805
2020-05-30,0.012682075557394912,3.2116957608817827,-0.17882252509133462,6.731342093580647,6.91000805107948,0.00393318531534142
2020-05-31,0.009937627858255062,3.209579522997698,-0.17215417974638286,6.733149753342374,6.905147365496256,0.0030866826895495822
2020-06-01,0.0158643791436173,3.207498493307624,-0.16560092375111604,6.743548730932929,6.9089930870915435,0.004921685758436828
2020-06-02,0.04125747380481194,3.2055579800246528,-0.15928463950941635,6.773317596552852,6.932445668469768,0.012707058467444063
2020-06-03,0.0631628251709478,3.2038826464721257,-0.15323655584593918,6.799595698029938,6.952675686283376,0.01933331682071194
2020-06-04,0.06903105177550038,3.2023997197706655,-0.1474396082434494,6.8097779455355205,6.957060986186468,0.021101180674801337
2020-06-05,0.06272727479929752,3.2010124173219237,-0.14187875792175286,6.807647716432272,6.9493699067615236,0.019219447847119455
2020-06-06,0.05201970993408146,3.1997402157671493,-0.13654066059559528,6.80100604733844,6.937390140341533,0.01599740175248749
2020-06-07,0.04048271260435548,3.1985385384025835,-0.13141339293993068,6.793394640299812,6.9246514656472415,0.012498439950577759
2020-06-08,0.029784908466555234,3.197388265946577,-0.1264862266997457,6.786473729946191,6.912803389053435,0.009229411270119298
2020-06-09,0.02085106036589824,3.196280423500018,-0.12174944213246568,6.781168823966254,6.902761698506219,0.006481258372704816
2020-06-10,0.014014074637760138,3.195104647481544,-0.11719417391503056,6.777711330437078,6.894748936759607,0.004366954248581129
2020-06-11,0.009145325486438122,3.1941524498997107,-0.11281228383996449,6.776272273778988,6.888927990026451,0.002854972009380451
2020-06-12,0.006416608427938982,3.1935649097053207,-0.10859625560986744,6.777172044756196,6.885611732773562,0.0020052017149405827
2020-06-13,0.007159217036784016,3.193145345199223,-0.10453910785415284,6.781552236614658,6.88593477687631,0.002237042411920312
2020-06-14,0.008752997837835038,3.1928285245025316,-0.10063432216533143,6.7867339824078385,6.887211736980669,0.0027339606306312535
2020-06-15,0.009097562745753953,3.1925921916511752,-0.09687578350926282,6.79060075312047,6.887319969037232,0.002841487915329751
2020-06-16,0.008097318448514242,3.1924235160952166,-0.09325773082462956,6.7930498859519055,6.886151049184033,0.002530000230312078
2020-06-17,0.006244630177038994,3.192313827117199,-0.08977471600811329,6.794570523518929,6.884188671934541,0.0019523264184208545
2020-06-18,0.00564187466183146,3.1924915730371524,-0.08642156979715683,6.797498660134631,6.883763662339287,0.00176411483576169
2020-06-19,0.01015471161810037,3.1930230850988273,-0.08319337332292732,6.8057712056268045,6.888808011357231,0.003170199177987673
2020-06-20,0.02004206864716295,3.1937348963022165,-0.0800854343218479,6.819478312860335,6.899407179589682,0.006236297311776468
2020-06-21,0.029813630484233845,3.194437539304279,-0.07709326717228072,6.8329446848490365,6.909881384428816,0.009246683621794078
2020-06-22,0.03971799713097297,3.194976447348259,-0.0742125760703132,6.846268650641722,6.920324659119535,0.012278747749655641
2020-06-23,0.04417537827348113,3.195512697321888,-0.07143924078032916,6.854035617047844,6.925318290235672,0.013635688758511993
2020-06-24,0.04150169984411906,3.1960712005366143,-0.0687693044965279,6.85459037811701,6.923203115021035,0.012818769220374476
2020-06-25,0.035454905135551995,3.1966035298916786,-0.06619896343456108,6.851646253825473,6.917688649667533,0.010969759937293115
2020-06-26,0.03303743372341359,3.197142026530164,-0.06372455784086965,6.852241684645512,6.915809674893881,0.010227739396504015
2020-06-27,0.0381004604276928,3.197697611092701,-0.06134256416374438,6.860242289589454,6.921428286160697,0.011774671838465698
2020-06-28,0.05166972836897431,3.1982730791982954,-0.059049588176649424,6.876680001623424,6.935573022207572,0.015898657739042324
2020-06-29,0.06637585239383272,3.198869487842177,-0.05684235888258949,6.894189763586224,6.950875554876312,0.02032798319192613
2020-06-30,0.07303459587068206,3.1994349724198843,-0.054717723059839164,6.903538627463531,6.958099782930869,0.02231788389367147
2020-07-01,0.07173833438473268,3.199765193019899,-0.05267264033519582,6.90461766930224,6.957133742044935,0.021928246075175274
2020-07-02,0.06498756725749395,3.2000078507786625,-0.05070417869219118,6.900078021576769,6.950625632676459,0.019904336434439153
2020-07-03,0.05968077290770017,3.2002129000669037,-0.0488095103391223,6.896870944868286,6.945523887614907,0.018307582668253827
2020-07-04,0.05311824423986016,3.20039516974516,-0.046985907876000425,6.892314288341824,6.939143628625323,0.016326425461021542
2020-07-05,0.043928514373736245,3.200562460312191,-0.045230740711248,6.8850470162074835,6.93012118932623,0.013539416418931048
2020-07-06,0.03410665732605668,3.200980540429878,-0.04354147168842726,6.877332508300311,6.920717412396238,0.010542732001077207
2020-07-07,0.02604860295306883,3.201526067606556,-0.04191565389110264,6.871445798901326,6.913204885199927,0.008070643009647953
2020-07-08,0.020889137841783458,3.2019770227972555,-0.04035092760022656,6.868302015271617,6.908496375279341,0.006481540591695406
2020-07-09,0.020128845602940773,3.2026411933174193,-0.0388450173835503,6.869711803769613,6.908400253560663,0.006245821253099403
2020-07-10,0.020129966367532517,3.203430519478708,-0.03739572930072689,6.871951538778317,6.909190700486543,0.006244637398900257
2020-07-11,0.018376946612404372,3.2042866546882363,-0.036000948211080554,6.872449435322364,6.908293815940944,0.005702409213604419
2020-07-12,0.015182238352535897,3.205087867374325,-0.03464593000973768,6.871410957949927,6.905900320367163,0.0047145853776477085
2020-07-13,0.011598273214999474,3.2061480946352314,-0.033354564417435575,6.870178585665599,6.903376582490534,0.003604470921289006
2020-07-14,0.008884464037882189,3.2075914694995373,-0.03209993232425348,6.87016278344597,6.902106148177722,0.002762173329278178
2020-07-15,0.007486418115085052,3.2094761190459176,-0.030889651196964782,6.871859668196842,6.902592751801305,0.002327169815813858
2020-07-16,0.006664404456758269,3.21184302512305,-0.029727970353870016,6.8745662414587425,6.904137644220111,0.0020706506362262274
2020-07-17,0.00699801693125482,3.2145679587945843,-0.02860760621998815,6.878745151738656,6.907196190366141,0.0021722407624068982
2020-07-18,0.010142420656522183,3.2177434422487887,-0.027543346614426097,6.886129298523689,6.913516077545614,0.0031421249347996874
2020-07-19,0.020614916658719094,3.2209960102560866,-0.026519139652846208,6.900878569494764,6.9272411415551085,0.0063594666736699595
2020-07-20,0.03095145542726345,3.2245941481727276,-0.02552489652943874,6.915807489303356,6.941175818240294,0.009507302061146755
2020-07-21,0.03806874111959196,3.2284063807587398,-0.0245671957769302,6.927694708334206,6.952105336518635,0.011654379629164654
2020-07-22,0.03916597417795642,3.2323762534301617,-0.023645509009696825,6.933683500831226,6.957172442248421,0.011971715922673983
2020-07-23,0.03525621281709297,3.2364814274596556,-0.022763230264823252,6.934761192244729,6.957367854917051,0.010775990220936766
2020-07-24,0.029014908219039293,3.240785467932687,-0.021910141445981406,6.9336770169385495,6.955430590792028,0.00887360232467382
2020-07-25,0.0223286672446673,3.2449967440722585,-0.021087511343676393,6.932024682206054,6.9529556259572285,0.006833928193172386
2020-07-26,0.01622385577414666,3.2492282227826927,-0.02030599012274828,6.930932870666895,6.9510822931971425,0.004968333750993756
2020-07-27,0.011243611941053406,3.2534371842591296,-0.01955383577568716,6.9309137426572995,6.950311010840485,0.00344401570718339
2020-07-28,0.007497215118491886,3.2574136879266793,-0.01882993555123177,6.931867749726743,6.950541117685473,0.002296300064880564
2020-07-29,0.004838851154660903,3.261300602730058,-0.01812993838642415,6.933796297731099,6.951769668525022,0.001481520070707824
2020-07-30,0.0030363534069248843,3.265169255185638,-0.017459489044022235,6.936532901781344,6.953835823232866,0.0009290582572105906
2020-07-31,0.0018697192676166005,3.2690669611670313,-0.016805917857771406,6.939917544809681,6.956566895074951,0.0005716158551158957
2020-08-01,0.0011166149585389701,3.272778985797218,-0.016176337182005604,6.943506045806555,6.959525815396059,0.0003410661470943689
2020-08-02,0.0006511206582220707,3.276166453355201,-0.015569484407057304,6.94703487183917,6.9624477886537255,0.0001987051898725576
2020-08-03,0.00027532277415731057,3.279243013221226,-0.0149874861666104,6.9503176320615765,6.965148550635686,8.395219844799127e-05
2020-08-04,0.00014779147406145224,3.2819986753632113,-0.01443477251237472,6.953498476557702,6.9677766814775755,4.5028908842043964e-05
2020-08-05,3.657287522263746e-05,3.284755924940154,-0.013902754720617978,6.956676525327563,6.9704227124556795,1.1133998645869126e-05
2020-08-06,2.1298684093888638e-05,3.2873264368621165,-0.013386059585407926,6.959748458193607,6.972977950186513,6.47898725881208e-06
2020-08-07,7.801018742469406e-06,3.2900555756026777,-0.012881736117928004,6.962968422736296,6.975693591261723,2.371084641682588e-06
2020-08-08,0.001309660966469323,3.2925670063456525,-0.01239737659319559,6.96726607295173,6.979506881952425,0.00039760473713730033
2020-08-09,0.007437981544141014,3.2950015373222366,-0.011930081317892948,6.976296219781289,6.988069733506681,0.0022522688157190648
2020-08-10,0.013000942628234265,3.297416685711632,-0.011480999676829397,6.984723410895841,6.996047842980169,0.0039272817172478856
2020-08-11,0.015616605905633558,3.299805777529446,-0.011048516402782713,6.990160649265101,7.001052598075383,0.00471029151026402
2020-08-12,0.018214411139321277,3.3020918443533094,-0.010633172525647513,6.995459865199788,7.005936470132934,0.005485762377849938
2020-08-13,0.019375548500546687,3.304297901562322,-0.010234245135206986,6.999225987160466,7.009303664703172,0.005829558406280915
2020-08-14,0.01845294293330515,3.30619697495581,-0.009858959360641005,7.000577740761278,7.010280132529418,0.005550341656730367
2020-08-15,0.017450530081789453,3.307927966683036,-0.009490717083610226,7.001674561914019,7.011008711405128,0.005247682361200874
2020-08-16,0.015766694378287902,3.3095647151040266,-0.009134150218677759,7.00198404149644,7.010961624122617,0.004741390386933629
2020-08-17,0.013138681994596627,3.3111317654936916,-0.008784044430611142,7.001273185290481,7.00990066212859,0.003952350508823309
2020-08-18,0.01015071944683054,3.312641800675183,-0.008462671201136033,7.0001166311536815,7.008422734762316,0.0030548760975475544
2020-08-19,0.007895375037238441,3.3140771374381988,-0.00814462728736018,6.9996146674208815,7.00760272711574,0.002376712934134135
2020-08-20,0.008070927958442844,3.3154070117409598,-0.00783781820238318,7.001426903729824,7.009108154339705,0.002428458411603849
2020-08-21,0.008586841497051379,3.3166719834629226,-0.007541065342112148,7.003504541850666,7.0108890396002765,0.0025823077086803126
2020-08-22,0.008112228090785992,3.3178096312081458,-0.007256262751939532,7.004452378779796,7.011552073939234,0.002439091606468458
2020-08-23,0.007269234908984252,3.3187944974634997,-0.006991537333700419,7.004858977271588,7.011693947012787,0.0021855368669676995
2020-08-24,0.008293909054486785,3.319432028041154,-0.006736624382878208,7.006776094945566,7.013356151735943,0.0024923654204905797
2020-08-25,0.011747052631637753,3.3198206490813598,-0.006485677496285001,7.010868806449517,7.0171979163533,0.0035259834658613576
2020-08-26,0.014768852283184341,3.3200686566482345,-0.0062421868729514276,7.014382104291271,7.020467723571722,0.004428657241508814
2020-08-27,0.015961341432521932,3.3202134187419667,-0.006008653144713694,7.015952889262579,7.021804974814792,0.004784324137650127
2020-08-28,0.01534627849718007,3.3202461805378616,-0.005782132950083113,7.015597108317763,7.021222673675345,0.004600765436920198
2020-08-29,0.01325594363830192,3.3204022165580316,-0.005566284321450604,7.013878658107687,7.019288374836636,0.00397639559945799
2020-08-30,0.010453599608168097,3.3205988831015145,-0.0053567353628489744,7.011482529579638,7.016682697349985,0.0031382272307113267
2020-08-31,0.007712448598365574,3.320786725945169,-0.005156425713341243,7.009129531062998,7.014129389183838,0.002317094940972382
2020-09-01,0.005391814263958564,3.3210847337279876,-0.004963629958503529,7.0072997002662465,7.012106762632248,0.0016208784839362165
2020-09-02,0.005796170435614231,3.321413348755729,-0.004775034884427153,7.00822126653972,7.012839733831646,0.0017420515306240628
2020-09-03,0.014737704195424837,3.3217453607799228,-0.004591477327261032,7.01767836988089,7.022113279615651,0.004417137419378369
2020-09-04,0.023117026872765182,3.3220731776158208,-0.004416849362066178,7.026560137359324,7.030820419128888,0.006910526893731389
2020-09-05,0.02561192990925304,3.3223931992801616,-0.004246463538935027,7.029545447883284,7.033635343829717,0.007649907607953379
2020-09-06,0.023314793626273388,3.3228600521746157,-0.0040823091821253175,7.027879318851568,7.031805060441192,0.0069675957475835715
2020-09-07,0.019136428364610766,3.3233810366840864,-0.003922986377785245,7.024381260903716,7.028147679689,0.005725154337924145
2020-09-08,0.01590207664112872,3.3239240505025602,-0.0037695460547411694,7.021843363321752,7.0254563417839915,0.0047613486558141915
2020-09-09,0.013172416261669982,3.324479716743214,-0.0036218168572814563,7.019817098380407,7.023282347645186,0.003946611491177444
2020-09-10,0.010703618123601608,3.3251735842741654,-0.0034794265279811326,7.01818455810259,7.02150741703807,0.003208636731564353
2020-09-11,0.010188598615738578,3.3261089086868143,-0.0033374807491942126,7.018746808786163,7.0219277219428555,0.003053863929531936
2020-09-12,0.013226474017583272,3.3272026662314897,-0.003207177901382994,7.023008744580494,7.026059354889376,0.00395951342245717
2020-09-13,0.015943144025955487,3.328430699554808,-0.0030795647649089803,7.0270810610486585,7.030004058221066,0.0047671536651193985
2020-09-14,0.016001796576553828,3.329501438730574,-0.0029571008316432185,7.028332916708289,7.031133449947431,0.004783076102774957
2020-09-15,0.014098819414481205,3.330529819079813,-0.0028372221189519463,7.027578198608147,7.0302588531345975,0.004215361685364357
2020-09-16,0.012031954908997531,3.331552521335731,-0.0027238094821130424,7.026647448995419,7.029214690885031,0.003598519790506669
2020-09-17,0.010240661865796863,3.3323414300797958,-0.0026149651178109246,7.025753909060586,7.028212306585895,0.0030636979389296478
2020-09-18,0.008981750951822657,3.333010135003531,-0.002514256649744972,7.025264411538412,7.027622100595656,0.002687544212650026
2020-09-19,0.010403000373648998,3.333621980998771,-0.002416663990841216,7.027395099614383,7.0296551960127225,0.003110921847653036
2020-09-20,0.01165823254225851,3.3343265391456556,-0.0023196259810532804,7.029451927939665,7.031614986328217,0.003484245547351192
2020-09-21,0.011213547777791698,3.3350561574831428,-0.0022257950650662215,7.029830692428672,7.031899919901237,0.003351059169009
2020-09-22,0.00950725534264169,3.3357898100588024,-0.002133804538889233,7.028950043095358,7.030927280041746,0.0028419764095003607
2020-09-23,0.007333888536021888,3.336523443188725,-0.00204790214334829,7.027596211814203,7.029487546365049,0.0021932420580393305
2020-09-24,0.005477808197209126,3.3372555774150063,-0.0019628286648285006,7.026557339180191,7.0283636002525185,0.001638721239566007
2020-09-25,0.004635052228710021,3.3379333917528173,-0.0018834414058472684,7.026471784808484,7.028198658621831,0.0013866738427019136
2020-09-26,0.0041255483116738505,3.3385871416066397,-0.0018116219980243587,7.026687850153094,7.028342904558617,0.0012341917162418967
2020-09-27,0.004948283974187348,3.3392272099753937,-0.0017351190698804328,7.0282271571125055,7.029805708589883,0.0014796723387094923
2020-09-28,0.011264271324921367,3.339934864481341,-0.0016655750222185095,7.035320343016848,7.036829350446565,0.003361265883774855
2020-09-29,0.017273876015486724,3.3407963615466634,-0.0015976739381835241,7.04225934585677,7.043700452202453,0.0051439888964404145
2020-09-30,0.019115476801265997,3.341564072331243,-0.0015307190498770483,7.044935612315436,7.046309763772811,0.005687979624894693
2020-10-01,0.017438529050685936,3.3422473773118053,-0.0014656412725927346,7.044007047322703,7.045316121002793,0.005190523619383966
2020-10-02,0.0140918848731498,3.342846745213293,-0.0014131903155781224,7.041312222003668,7.042568844726746,0.004197838097739346
2020-10-03,0.010486448919316847,3.3434333308503077,-0.0013544946684761485,7.038352067333953,7.039549994409928,0.003126624847311388
2020-10-04,0.0073152308453065225,3.3440330772673335,-0.0013009860323223974,7.035834104313121,7.036978522752943,0.0021827724762593236
2020-10-05,0.004905912251669235,3.3446309028237837,-0.0012491673048647305,7.034074430003392,7.035167029715756,0.0014646539275487028
2020-10-06,0.0031759870214702686,3.345431881643136,-0.0011992178203231862,7.033195433077087,7.034238083304909,0.0009484499666832661
2020-10-07,0.0019988060893484276,3.3463135686304435,-0.0011473796127171104,7.032951777339878,7.033942589360095,0.0005969592635501043
2020-10-08,0.001229216691122838,3.3472340863702583,-0.0010975152047077094,7.033152570089477,7.034093517701684,0.0003670987494469504
2020-10-09,0.0007415283649220443,3.347920624978553,-0.001048816254729346,7.03340011932155,7.034292367983777,0.00022144018445744505
2020-10-10,0.00043118362583370546,3.3485197248328435,-0.0010028947743614047,7.03373479591712,7.034581123098979,0.00012875185024200717
2020-10-11,0.0002525355208455575,3.3490800805441996,-0.0009609697078205618,7.034158428590029,7.034962830705348,7.539875843750873e-05
2020-10-12,0.00023342571507099086,3.3496663992219786,-0.0009202324625158016,7.034766374707338,7.035530039577353,6.968140161486093e-05
2020-10-13,0.001638705959291923,3.3502542461502194,-0.0008874437972262865,7.036792290545089,7.037523166749814,0.0004888897058185002
2020-10-14,0.007400290911235778,3.3507323777171245,-0.0008541680139615638,7.043065282847202,7.043762883268663,0.0022036922425278838
2020-10-15,0.01589525598865561,3.3514221892190643,-0.0008198050828378354,7.052284422357687,7.052947659848023,0.0047204506991989515
2020-10-16,0.03265682885778423,3.352218190675663,-0.0007858483494041702,7.069875953416847,7.0705052341737495,0.009647868435120381
2020-10-17,0.04585103564979137,3.3529806345368205,-0.0007521153405576868,7.083866337078858,7.084461884826915,0.01349023432139372
2020-10-18,0.04888620103456833,3.3534775089883015,-0.0007174469105876614,7.087433045345087,7.087993924663173,0.014368305449107829
2020-10-19,0.043913736783927265,3.3538439730769984,-0.000686786197683097,7.082857705896046,7.083387924501228,0.012924328493606658
2020-10-20,0.03522160655444853,3.354148167391767,-0.0006534008514191413,7.0745031553276005,7.074999988586518,0.01039178635072334
2020-10-21,0.02627625931748556,3.3544101346870354,-0.0006238432298857554,7.065849333007439,7.066316608644824,0.007772462824142812
2020-10-22,0.01924685225172664,3.3545867984849207,-0.0005957749195732942,7.0590246580498786,7.05946386537695,0.005704742510800513
2020-10-23,0.013950870493522756,3.3546881176413237,-0.0005703406090927704,7.053855429758558,7.054269202775149,0.00414139673104214
2020-10-24,0.00987645534110186,3.3547436179735723,-0.0005428703518663223,7.049863985195612,7.050250287954977,0.002935385014026863
2020-10-25,0.006788980117066307,3.3545555853889795,-0.0005165890604523532,7.046614758678398,7.046974780146348,0.002019721568188662
2020-10-26,0.0045301706228817,3.3542514238567387,-0.000498269521855956,7.044070107190569,7.044411809119923,0.0013487541524960526
2020-10-27,0.003552375886022476,3.353876671553055,-0.00047698264846907334,7.042738847023412,7.04305926207938,0.0010580643211900774
2020-10-28,0.006028698876123306,3.3534460650610156,-0.00045459052551816766,7.044806955644425,7.045104978577442,0.0017945361402441277
2020-10-29,0.011129418798459264,3.352968086026707,-0.00043082442920503355,7.049453462628765,7.049727719465469,0.00330829257549646
2020-10-30,0.014607200573373958,3.352474587111664,-0.00040907808974570935,7.052459491828097,7.052712002325341,0.004338237528651424
2020-10-31,0.01502147992977466,3.3521633013387477,-0.00038784548891558255,7.052583718012411,7.052814995908825,0.004461139172800492
2020-11-01,0.0134614988270545,3.3519362244316424,-0.0003651851395447069,7.050819320351957,7.051027937899,0.003999972643358123
2020-11-02,0.010825941345453218,3.3519981586267553,-0.0003456710876281945,7.048265211117384,7.048454314612512,0.0032193005115975846
2020-11-03,0.008144192657493983,3.3519717009436323,-0.0003287295560605499,7.0455739462778695,7.045746108241429,0.002423783260870098
2020-11-04,0.00615436985464964,3.351919927947134,-0.0003090639069792242,7.043552016127608,7.043704512442086,0.0018327080668460282
2020-11-05,0.0050174756686496265,3.3518660982679114,-0.0002981355839768666,7.0423722205853885,7.042513788576864,0.0014946826597163503
2020-11-06,0.005429433158130723,3.3518120912221514,-0.0002825854921981989,7.0427457211208875,7.042871739020585,0.0016172304312043648
2020-11-07,0.0059282471716881275,3.3517577902587563,-0.00026901944234494085,7.043203800220903,7.043316252070747,0.0017655751924396336
2020-11-08,0.007482724910185485,3.3517549152664174,-0.0002595171051363511,7.044764905304271,7.044867854816905,0.0022275068666449275
2020-11-09,0.0262733341806322,3.3517724447440402,-0.0002476478479909081,7.0635849133094855,7.063675993564975,0.007777672624968317
2020-11-10,0.08512181231328424,3.351799456141438,-0.0002333296002387008,7.122474721087288,7.122551483095025,0.024766878745394114
2020-11-11,0.13873985316248333,3.351832576652612,-0.00021977491460961013,7.17613943713329,7.1762026444553975,0.03974702028166559
2020-11-12,0.17041486388498472,3.351869925593675,-0.0002074434192208119,7.207864128292242,7.207915004118962,0.04838190949068834
2020-11-13,0.17258923158697814,3.351910265217056,-0.00019612363326421736,7.210090155403574,7.210129711444337,0.0489684370060145
2020-11-14,0.1513432333724852,3.352135357265508,-0.00018646417783192606,7.189078908692965,7.189108805278296,0.04319799007104113
2020-11-15,0.11980329193785116,3.3526463725401747,-0.00017515049728311763,7.158061296213547,7.158079879118329,0.034501088140570596
2020-11-16,0.08808639364694726,3.353283838561683,-0.00016443726193393868,7.1269925771795,7.127000446848933,0.025596314172338985
2020-11-17,0.06129247111150968,3.354020784325197,-0.00015864453060180543,7.100941393138909,7.100943470077009,0.01794636875956855
2020-11-18,0.04183718140024958,3.354797745946594,-0.00015305824540014058,7.082268651334248,7.082265141987146,0.01231724406512217
2020-11-19,0.03198639929424837,3.355353524280313,-0.00014388496360352653,7.0729828208437615,7.072970138214863,0.009442925722226913
2020-11-20,0.02706889320155674,3.3558116503209456,-0.00013436473169521886,7.068532961023611,7.068510758162805,0.008001728956521365
2020-11-21,0.022745057852532446,3.356000883198172,-0.00012409496898131518,7.064408628314528,7.064376155691007,0.006731804713751076
2020-11-22,0.018103888794892418,3.3560234355358065,-0.0001197303562630817,7.05979437620724,7.0597575389710014,0.005365502559534725
2020-11-23,0.013566762372779723,3.3560421516223076,-0.00011552100685807514,7.055280175221033,7.05523912863539,0.004026212750219328
2020-11-24,0.009551533126581946,3.356038959944903,-0.00011146132552148943,7.051265813978768,7.051220707711788,0.002837996228669247
2020-11-25,0.012493787340936946,3.356010511623274,-0.00010754592162928099,7.054183535275386,7.054134513604513,0.0037090014534874394
2020-11-26,0.04157448087993917,3.356220763326485,-9.791879220044933e-05,7.083484107647028,7.083425458846727,0.012235722841400686
2020-11-27,0.06983821875790558,3.3567284923323926,-8.859166099532212e-05,7.1122649016621065,7.112196925730601,0.020381397663109785
2020-11-28,0.07997718756804334,3.3574394867052644,-7.624534045512048e-05,7.123127211165657,7.12304688891361,0.023266654917519138
2020-11-29,0.07418517539417707,3.358513442277957,-6.435668527011946e-05,7.1184210432196675,7.118328832312436,0.021611327895859775
2020-11-30,0.06068201571309728,3.359763149026507,-5.733598006786442e-05,7.1061746109923405,7.106075379379908,0.017740970192608525
2020-12-01,0.04679614271528928,3.3611211540618853,-5.227651044531463e-05,7.093651802499533,7.093547511417477,0.013731595763648317
2020-12-02,0.036660455443977696,3.3625631894131462,-4.574171013450829e-05,7.084964685379793,7.084853859497427,0.010784949527943934
2020-12-03,0.02917487735066677,3.363892317830151,-4.119959175826704e-05,7.078812777821863,7.07869740982112,0.008598378892143346
2020-12-04,0.022952802404470823,3.364996996024982,-3.546897026214506e-05,7.073701111691995,7.073580013069756,0.006774835452140117
2020-12-05,0.017511313108719374,3.3660290550522274,-3.721014992449133e-05,7.069289940243826,7.069170582801249,0.005175440870604208
2020-12-06,0.012797181663631012,3.3672704821678234,-0.00017937600276079506,7.0656750700614985,7.065697878471758,0.0037860726282398878
2020-12-07,0.008961798709703145,3.3686493877754864,-0.0009131842195338411,7.0624847844984595,7.063241401125492,0.0026532949516397636
2020-12-08,0.006044026596307549,3.3700943507851835,-0.0028747088877862917,7.0590504507265095,7.061768592021794,0.0017902188597480574
2020-12-09,0.003947323359254012,3.371584794092766,-0.006582598855710259,7.054736300829115,7.061162332092323,0.0011693929199623795
2020-12-10,0.002508843653185279,3.3730865197326287,-0.012296695474566861,7.049085450144052,7.061225578026116,0.0007432299737101312
2020-12-11,0.001223658405050022,3.3746099628039747,-0.020068295246511637,7.041552108195317,7.061463835849327,0.0003624759222025224
2020-12-12,0.0007371388282991494,3.3760526541705462,-0.02979016634696862,7.0327864088846805,7.0624200076391475,0.0002182957404773823
2020-12-13,0.0004491566716480378,3.377735589153199,-0.041288833098982035,7.02268269495867,7.06381496046515,0.00013295799532667883
2020-12-14,0.0002688919889942512,3.3796563116916607,-0.05439843776124939,7.011313548152209,7.065555418320958,7.955560339070061e-05
2020-12-15,0.00015856829748797936,3.3814298993516716,-0.06899264504061906,6.9983826048413444,7.067218682289463,4.6891660237478325e-05
2020-12-16,8.337898767731744e-05,3.382908860645208,-0.08486940016017766,6.983909621705512,7.0686224542731875,2.464652052715484e-05
2020-12-17,2.1298684093877674e-05,3.38420563036887,-0.10165243295104948,6.968361278334719,7.069857143693266,6.293515340544217e-06
2020-12-18,7.801018742441383e-06,3.385216413128228,-0.11892183039659694,6.952089165983177,7.070854428787273,2.304431922069047e-06
2020-12-19,-5.482582837655094e-18,3.3862530396299886,-0.13638344412976397,6.935656377733029,7.071883254270292,-1.6190706286539556e-18
2020-12-20,-1.218351741701132e-18,3.3873053497036123,-0.1538923727768608,6.9191997591595555,7.072935564343915,-3.59681698553612e-19
2020-12-21,-7.919286321057358e-18,3.3883724654840535,-0.17134607734238722,6.90281317037447,7.074002680124356,-2.337194745184553e-18
2020-12-22,1.1574341546160753e-17,3.3894362116492665,-0.18862006367151432,6.886602930210556,7.075066426289569,3.4148279605854542e-18
2020-12-23,0.0004365536554897733,3.390492595465408,-0.20562764166546577,6.871088289688236,7.0765593637612,0.0001287416033457822
2020-12-24,0.0027412593746742194,3.3915416785945296,-0.22233686408300288,6.857732856119005,7.079913152609507,0.0008076107457071072
2020-12-25,0.005821243851572961,3.392323176273599,-0.23862057282204652,6.84531062953593,7.083774634765474,0.001713065465110083
2020-12-26,0.008067656020818569,3.392938353077102,-0.25409745485475993,6.832695336475965,7.086636223738223,0.0023721381259653894
2020-12-27,0.010583435707817663,3.3934709899785647,-0.2682785465420801,6.821562661377106,7.089684640326685,0.0031090677128887715
2020-12-28,0.012122143946360868,3.393947386844714,-0.28085824541287474,6.8109980676110045,7.091699745431377,0.0035589831143421923
2020-12-29,0.01176526812758751,3.3943791721693994,-0.2916877319003651,6.800243490629426,7.091774654937289,0.003454130714010965
2020-12-30,0.010032645179058362,3.3947735521316633,-0.3007026624686921,6.789890317074834,7.090436411951025,0.0029466126991259073
2020-12-31,0.007790920919765263,3.395135558193641,-0.3080364883721993,6.780676772974011,7.088556693753709,0.0022894767099978894
2021-01-01,0.005649257467298881,3.3952080292362887,-0.31403764662748307,6.772606422308909,7.086487501343891,0.0016611274720012266
2021-01-02,0.004326521213075363,3.3950161675691937,-0.31916808882001063,6.765961382195062,7.084972903422571,0.0012727522963050344
2021-01-03,0.005401820422872963,3.3946912577501407,-0.323862931187543,6.762016929218275,7.0857232928133165,0.0015887272197193925
2021-01-04,0.00805318110150427,3.3942767127464863,-0.328060894223156,6.760055781857639,7.087960108488293,0.002366960686577111
2021-01-05,0.009935742282113639,3.3937898292986515,-0.33171690717570845,6.757795446637861,7.089355786221068,0.0029190785429564644
2021-01-06,0.010005374054670026,3.3931889923042666,-0.3346559489392186,6.754325199652522,7.088824580999239,0.0029399948923207503
2021-01-07,0.008703044958237748,3.392355580542937,-0.33665445883307393,6.750190948900904,7.086688840141477,0.0025589223581687836
2021-01-08,0.009697790319719386,3.391371205909551,-0.3378469121633892,6.749008866298686,7.086699210869574,0.0028513947616091366
2021-01-09,0.021421817405577078,3.390264002173867,-0.33868239607289796,6.75879020573935,7.097316034219746,0.0062789537309205475
2021-01-10,0.0325422341264792,3.389199256566561,-0.33963415230784855,6.767894120617996,7.1073717053333425,0.009510430351033937
2021-01-11,0.03575639218483057,3.3881945133957543,-0.34077663583896906,6.76896105197442,7.109581120220888,0.010443021284724734
2021-01-12,0.03250189625792,3.3871863579720123,-0.34182248487775574,6.763652551584981,7.1053184688702355,0.009504344794504956
2021-01-13,0.02619490763029515,3.3863142237506816,-0.3426507045978856,6.755645209015896,7.098139346021279,0.007676142867841814
2021-01-14,0.01944891323188723,3.385508840955299,-0.3434447528862221,6.747299783533768,7.090587968827489,0.005711939658567063
2021-01-15,0.013610184757972502,3.3847223796646775,-0.3443481710940165,6.739771175561438,7.0839627790629525,0.004004959638282125
2021-01-16,0.009108456187839443,3.3839404581782015,-0.3455472639765207,6.733288432622325,7.0786791290063436,0.002684445882661633
2021-01-17,0.0058870655229299445,3.383157144111983,-0.3472045804286436,6.727626411439074,7.074674424275216,0.00173708726082512
2021-01-18,0.003677926413526041,3.382369175854386,-0.34950197294506885,6.7223319115556475,7.0716773169082146,0.0010862006057336395
2021-01-19,0.0022426678358165677,3.3815745903796044,-0.3525285818006389,6.717075458647587,7.069447472855724,0.0006627626921553441
2021-01-20,0.0013484072558100784,3.380902617383921,-0.35625162065024507,6.71178618622229,7.067881239280034,0.0003986715492099547
2021-01-21,0.0008003869837729139,3.380380481517896,-0.3607014678915944,6.706266182842878,7.066811083141971,0.0002367181806892206
2021-01-22,0.00046849816646851104,3.3799464189664006,-0.36611239767060394,6.700089301695069,7.066045131773172,0.00013859191192596917
2021-01-23,0.00027093128385222734,3.379556253267146,-0.37288818410650937,6.692725782677293,7.065457399191301,8.016128312436776e-05
2021-01-24,7.801018742469406e-06,3.3791944701771395,-0.3811438718591504,6.683845181569536,7.064832485836185,2.3085385592229334e-06
2021-01-25,1.4620220900413582e-17,3.3788537001217187,-0.3905503527440988,6.674090129610423,7.064483914762022,4.326976601528177e-18
2021-01-26,3.411384876763169e-17,3.3787902125757365,-0.40095772992949547,6.6636192648790455,7.064420427216039,1.0096468446209288e-17
2021-01-27,4.873406966804528e-18,3.3788741332598655,-0.41212185445810595,6.652539061034563,7.064504347900169,1.4423168116365343e-18
2021-01-28,6.09175870850566e-18,3.379035245605673,-0.4236767894693379,6.641145238369139,7.064665460245976,1.8028100524928814e-18
2021-01-29,1.4620220900413582e-17,3.3791208196465425,-0.4354545964872504,6.629453005392096,7.064751034286845,4.326634553997055e-18
2021-01-30,-5.482582837655094e-18,3.3791179158008213,-0.44732735257641715,6.617577345457208,7.064748130441124,-1.6224893520342777e-18
2021-01-31,1.126975361073547e-17,3.3790915217937165,-0.4591617483968865,6.605716555629634,7.064721736434019,3.335143051926918e-18
2021-02-01,-7.614698385632075e-19,3.378903362104814,-0.4709380377137177,6.5937521066239,7.0645335767451165,-2.2536005234812828e-19
2021-02-02,1.3021134239430848e-17,3.3786237064930447,-0.48264267838426034,6.581767810341589,7.064253921133347,3.853975870235804e-18
2021-02-03,-4.949553950660849e-19,3.37830129237395,-0.49405862826038277,6.570029446346371,7.063931507014253,-1.4651013992842454e-19
2021-02-04,5.254141886086132e-18,3.377951340679206,-0.5049116849062227,6.558826438005788,7.063581555319509,1.5554226086127337e-18
2021-02-05,-6.536742645416034e-18,3.377580566718392,-0.5148194333059167,6.54854791564528,7.063210781358695,-1.9353328562542736e-18
2021-02-06,-2.058076902975572e-17,3.377192966129872,-0.5236542956318331,6.539325452730843,7.062823180770175,-6.094045923985344e-18
2021-02-07,-1.016562234481882e-17,3.376791192426709,-0.5314910549821936,6.531086919677319,7.062421407067012,-3.0104385392907168e-18
2021-02-08,5.17799490222981e-18,3.3762466671180325,-0.5386156821435383,6.523417767207299,7.0618768817583355,1.5336542062105172e-18
2021-02-09,6.09175870850566e-19,3.3755327810392033,-0.5450229527038902,6.5162966105681175,7.061162995679506,1.8046806544803364e-19
2021-02-10,-1.035598980445962e-17,3.374711880841459,-0.5504704785304554,6.510028184543808,7.0603420954817615,-3.068703394577623e-18
2021-02-11,1.218351741701132e-17,3.3738286958619543,-0.5549422748117412,6.5046732032830175,7.059458910502257,3.611184359168729e-18
2021-02-12,-6.09175870850566e-19,3.3728992656367347,-0.5586462855167572,6.500039762352781,7.058529480277038,-1.8060897254088789e-19
2021-02-13,2.2234919286045658e-17,3.371931459573006,-0.5618363096327982,6.4958819321730115,7.057561674213309,6.5941195877277136e-18
2021-02-14,2.741291418827547e-17,3.370669484467708,-0.5645989495482501,6.491857317152262,7.056299699108011,8.13278024279633e-18
2021-02-15,0.0018335253530570768,3.3692436690202054,-0.5670235254079331,6.489840451198134,7.0567074090135655,0.0005438989519781551
2021-02-16,0.013905603405715635,3.367724663909888,-0.5692049820096899,6.498212067538717,7.0672604819559055,0.004112100468261465
2021-02-17,0.038035937130570685,3.3661351521553464,-0.5711394067274799,6.5188184647912415,7.08980130392622,0.011173332988545347
2021-02-18,0.0554323133980108,3.364486553204682,-0.5725900037946975,6.5331156450408,7.105549081242995,0.01620866329296186
2021-02-19,0.058678860943106065,3.362786348225013,-0.573057383505372,6.534194607895551,7.107095423808422,0.017150214120509207
2021-02-20,0.05194892843356529,3.3610399715970396,-0.5721386790288568,6.526637003234552,7.098619114670908,0.015220948545452185
2021-02-21,0.04109595714288817,3.3592516185816534,-0.5698592123706716,6.5162751455866745,7.085977790364844,0.012085810708374861
2021-02-22,0.030100584675682735,3.3574246620709656,-0.5666002769652398,6.506711752014212,7.073155461386951,0.008885715229603408
2021-02-23,0.020848192181171815,3.355561894037923,-0.5629309307094638,6.499265937742435,7.0620403008593975,0.00617466233330609
2021-02-24,0.013840399153895483,3.353665677061666,-0.5593786246573265,6.493914233791039,7.053136290855864,0.004109984908906079
2021-02-25,0.00888779094851625,3.3517380451853604,-0.5563493296090916,6.4900632887575895,7.046256050774179,0.00264468327683302
2021-02-26,0.0055567696708554905,3.349780774158543,-0.5541278058198621,6.48699652024234,7.0409677584697015,0.001656098558869171
2021-02-27,0.0033986198601248766,3.347795432147029,-0.5528462022372801,6.484134632002678,7.036824266647456,0.0010141519134319655
2021-02-28,0.0020407817282275735,3.345783417428896,-0.552522562647004,6.481088418742924,7.0334544137974255,0.0006095844963249199
2021-03-01,0.001206459367228092,3.3437459871039095,-0.5530650005272927,6.4776742281766495,7.03058266111144,0.0003606805736508703
2021-03-02,0.0007037280076486853,3.341684279411299,-0.5543440832886337,6.473830706363118,7.02801822205925,0.00021054647338569074
2021-03-03,0.00031204074969790876,3.339599331384858,-0.5561280589137519,6.469570095453609,7.0255415867748585,9.342785329614354e-05
2021-03-04,0.00034924292439181915,3.3374920930326497,-0.5581653380487955,6.46546278014105,7.023471550597344,0.00010463137376530889
2021-03-05,0.0019834617451042727,3.3356243631697726,-0.5601262255800714,6.46326838156761,7.02323803955518,0.0005942764546205663
2021-03-06,0.003554228765293757,3.33410515542589,-0.5617541127148716,6.4616920537091165,7.023289598831486,0.001064886603506743
2021-03-07,0.00445074792314325,3.332729956921511,-0.5627230213298182,6.46024446574764,7.022810919484957,0.0013336850224148808
2021-03-08,0.004510545903679276,3.3314317534002633,-0.5627834101348107,6.458945671401937,7.021572513944245,0.0013521054919386401
2021-03-09,0.0039431519516714844,3.330187980852558,-0.5618549992795225,6.458062915757511,7.019761347444532,0.0011826625272399012
2021-03-10,0.0031112672117999765,3.3289860835360563,-0.5600522761702591,6.457831856810401,7.017727565388158,0.0009337263844052105
2021-03-11,0.006384584297998991,3.32781792432662,-0.5576203041576906,6.462368986699733,7.019832723264922,0.0019148759805332504
2021-03-12,0.024888986381726205,3.3266777693607366,-0.5548615893270809,6.482491948648186,7.037196970382766,0.007426075085355899
2021-03-13,0.041790084340906614,3.325561353891384,-0.551969959529968,6.501168260935127,7.052981652872593,0.012410372100289165
2021-03-14,0.04714831962121331,3.324465382671769,-0.5489340697157248,6.508466414810062,7.057243916933285,0.013983903194232622
2021-03-15,0.043240055110227126,3.323387236101349,-0.5454992636647081,6.506914809779672,7.052257505851879,0.012843730941973672
2021-03-16,0.03497522392178569,3.3223247851497244,-0.5414631492503174,6.501623642053997,7.042930223711813,0.010417664142996379
2021-03-17,0.026010520258480132,3.3212762685781603,-0.5368648373228362,6.496208733746609,7.032917003476943,0.007770627944168527
2021-03-18,0.018215767940329565,3.320240208091351,-0.5320689293419119,6.4921738289225726,7.024086190671984,0.005456345110167391
2021-03-19,0.012194762317176906,3.319215347729872,-0.527335362398519,6.489861529881334,7.017040324687351,0.003660540706291091
2021-03-20,0.007864899519620522,3.318200609378609,-0.5228059389029407,6.489046352228093,7.011695723538532,0.0023646255609156047
2021-03-21,0.004944472466813832,3.3171950593461528,-0.5185044110400217,6.4894219030057485,7.007769746453269,0.0014883397941192198
2021-03-22,0.0030333960289215434,3.3163022524793258,-0.5143717603593057,6.490750670381746,7.00496586314855,0.0009138563707122512
2021-03-23,0.0018285377270955212,3.315460385100734,-0.5102791797146935,6.492796525345939,7.002919137468131,0.0005512144916026129
2021-03-24,0.0010845348639464034,3.314412974794339,-0.5060576108442033,6.495226681046886,7.001127724298588,0.0003271107460606061
2021-03-25,0.0006343902715173257,3.313029914458793,-0.5016057311982539,6.49784535576486,6.999294519370613,0.00019144675295313507
2021-03-26,0.00036664788089504663,3.311507491577469,-0.4968978197439634,6.500763101947205,6.997504354098667,0.00011070706960953822
2021-03-27,-5.901391248864858e-18,3.3099094041954853,-0.4919955589829569,6.503700627445332,6.995539618835788,-1.7829464581068387e-18
2021-03-28,-6.09175870850566e-19,3.308256222221566,-0.4869440632310848,6.507098941223285,6.993886436861869,-1.8413805640528383e-19
2021-03-29,0.0003492429243918164,3.3068200862381807,-0.48183096211483095,6.511125149280545,6.9927995438028745,0.0001056017668379412
2021-03-30,0.0021580832073001786,3.305455460840008,-0.47674668003701653,6.516653646243096,6.993243758687611,0.0006524592968800928
2021-03-31,0.004545959637845888,3.30411483297805,-0.47170561624712465,6.522741958601575,6.994291007256198,0.0013739575987938486
2021-04-01,0.006271517671339113,3.302786768457314,-0.4666608969690804,6.528184171392377,6.994688500768955,0.0018952575412856546
2021-04-02,0.007507716969976662,3.3014661094213493,-0.4614058035106206,6.533354805113509,6.994604041031629,0.0022688958462280637
2021-04-03,0.009606982275441989,3.300150043604734,-0.45563840900963554,6.539905399103345,6.995387240520479,0.00290262463386936
2021-04-04,0.010777580549787818,3.2988368665985175,-0.4493152649745844,6.546085964406525,6.9952446617886075,0.003256445946165786
2021-04-05,0.01022441432198714,3.2975254710173765,-0.4423088647459257,6.551227802826242,6.993380099979666,0.003091048197841038
2021-04-06,0.008558829353888388,3.2962151006302083,-0.43485965078936706,6.555701061427534,6.990404144624399,0.002589838075226397
2021-04-07,0.0065521390115405925,3.294905219269257,-0.4271289949456183,6.560115145567983,6.9870875729211,0.001984620214798884
2021-04-08,0.004698615302591207,3.293595435553104,-0.4196004095713781,6.5644804235171215,6.9839242654959985,0.001424559250977704
2021-04-09,0.0032071498983794974,3.292285457132155,-0.41274907597644694,6.5685303132868915,6.981122821670837,0.0009731928669897275
2021-04-10,0.0027178115956129445,3.2908706918742947,-0.40674077954893356,6.572634506153778,6.979218718110211,0.0008251825001057775
2021-04-11,0.004813051532923623,3.289412055775008,-0.4017364661942943,6.578275423346442,6.979855321948234,0.0014610572672299523
2021-04-12,0.006900906416404539,3.287904340029314,-0.39757054937069986,6.583021479307822,6.980435461086021,0.002094480826704071
2021-04-13,0.0074284660718300696,3.2863687786925215,-0.3938175923020425,6.585766434695113,6.979427459404654,0.002255289418205074
2021-04-14,0.006749594683423399,3.284813761855374,-0.39022906535547813,6.587121073416124,6.9771935711791,0.002050574135240359
2021-04-15,0.005825870207017839,3.2832427880091632,-0.3865525363523843,6.588302904096601,6.974698872856484,0.0017712826372488942
2021-04-16,0.004806064467180434,3.2817624159745136,-0.3826979933415974,6.589657269332901,6.972198695081996,0.0014623351059870596
2021-04-17,0.0039966101093016,3.2801043621498094,-0.3785996735323144,6.5912880809596,6.969731186899414,0.0012169571347108608
2021-04-18,0.004206707454979948,3.278397040326436,-0.3741844989131739,6.594206031101046,6.968233962421719,0.0012815154609578138
2021-04-19,0.004508154081111779,3.276688155898773,-0.3695514081037458,6.597431684108943,6.9668265246201875,0.0013739361059867264
2021-04-20,0.0042514890824791925,3.275123399923905,-0.36476984302976573,6.600391828209423,6.965005103646687,0.0012964327734324235
2021-04-21,0.0044433450205900735,3.2736093832242714,-0.3598904610391063,6.603949049438559,6.963682942885164,0.0013554830836931455
2021-04-22,0.007705121416013996,3.2721154467854148,-0.35503755193143494,6.610569798502798,6.965450782841732,0.002349250898270722
2021-04-23,0.010646107492633276,3.270633431688435,-0.35035969121114496,6.616706630202728,6.966909753821371,0.003244498789423561
2021-04-24,0.01124350451528274,3.269159349077342,-0.34579431695249724,6.620395318872932,6.966033068232927,0.00342747675120728
2021-04-25,0.010003612908936314,3.2676908557245024,-0.3413412211968315,6.622140029669412,6.963324683273742,0.0030520272724220985
2021-04-26,0.00792613669275697,3.266226429201879,-0.33709318220436113,6.622846165923079,6.959782780534939,0.002420820817978962
2021-04-27,0.005838964680589454,3.264765014097431,-0.33302089308857014,6.623369867922254,6.956234193418323,0.0017852863625424432
2021-04-28,0.004063048948240163,3.2634884917526983,-0.3291645164031833,6.624173806530559,6.953181755341241,0.0012434536678704014
2021-04-29,0.0027075976890540703,3.262289384306383,-0.32577924014755133,6.6250045240806905,6.95062719663574,0.0008292803037751335
2021-04-30,0.0017397366624368176,3.2611304686994598,-0.32298029180166904,6.625676695793032,6.948500420002199,0.0005331921139792495
2021-05-01,0.0010908486233035166,3.2600007792455967,-0.32075144220471796,6.626126967896987,6.946721842509203,0.0003345041316782559
2021-05-02,0.0006688064666361862,3.2589204975248385,-0.3190042052283068,6.626371880995972,6.945219518631777,0.00020518120666834026
2021-05-03,0.0003890505802330741,3.2578705435799478,-0.31762130589683585,6.626425070496149,6.943889808800483,0.00011940441483863787
2021-05-04,0.00023075209871201656,3.256842965054213,-0.3163536176458945,6.626506881739834,6.942703931793227,7.084644645799474e-05
2021-05-05,0.0001349766535143215,3.2558081233902816,-0.31494187209322694,6.626788010183373,6.941573314684098,4.145547061694841e-05
2021-05-06,7.801018742449181e-05,3.254726710369592,-0.3130582040900368,6.627533298699784,6.9404349351973185,2.396770132837383e-05
2021-05-07,1.218351741701132e-18,3.253606635018179,-0.3105741256447581,6.628819291606225,6.9392368496584815,3.7446190593176133e-19
2021-05-08,-2.436703483402264e-18,3.252447681156062,-0.3073373473776844,6.630897116011182,6.938077895796365,-7.491906779992086e-19
2021-05-09,8.731073109793956e-05,3.251377420870423,-0.303333327929685,6.6339181859046406,6.937094946241824,2.6852738167310317e-05
2021-05-10,0.0004958654362760621,3.250342685922493,-0.2985820405797547,6.638043293011818,6.936468765999072,0.00015253462404917118
2021-05-11,0.0008667295085489615,3.249325333932173,-0.2932476614953563,6.642731184178169,6.935822278081025,0.000266670243367533
2021-05-12,0.001949138663794285,3.2483208838436686,-0.28738374071028105,6.648673064029986,6.935900237147766,0.0005996851493251002
2021-05-13,0.006889338284407038,3.247327106884576,-0.28101860453514255,6.658984622866645,6.939846659809286,0.0021170498030745745
2021-05-14,0.013247825044183516,3.2463426169007836,-0.2742770229829851,6.671100201194786,6.94522065658527,0.004064260611918675
2021-05-15,0.01671369289953078,3.245366439032886,-0.2673324387278265,6.680534475437394,6.94771034657272,0.005123630390290195
2021-05-16,0.016834277279161827,3.2443978329907597,-0.2601934006927378,6.686825491809987,6.946862324910224,0.005161937792207164
2021-05-17,0.014715448408243986,3.243253560093469,-0.2529104403251302,6.690845350409387,6.943599223142016,0.0045167551839332505
2021-05-18,0.01163827978072899,3.2420400337007775,-0.24563666706838472,6.693828428645926,6.939308528121809,0.0035769607992609995
2021-05-19,0.008557982616776282,3.240793618162147,-0.23834797758124637,6.69679040543048,6.934981815419226,0.002633750873474201
2021-05-20,0.005958095975255037,3.2395245709421356,-0.2310322758224661,6.700237173327729,6.931112881557693,0.0018358119844510304
2021-05-21,0.0039763943701282235,3.2382121158659953,-0.22372922993153616,6.704246062537392,6.927818724876426,0.0012264537850202389
2021-05-22,0.0025663660455158967,3.2368748263786316,-0.21658909203498286,6.708638882621969,6.925071407064451,0.0007922249218530887
2021-05-23,0.002223138060460563,3.2355202181206977,-0.20958569286927195,6.713944445544691,6.923373570821461,0.000686631958094017
2021-05-24,0.005334215171438509,3.2340731795596134,-0.20266585492830105,6.722528322035554,6.925037609371355,0.0016466638867697516
2021-05-25,0.011705364873149278,3.2325815875742956,-0.19586065021812796,6.734213084462121,6.929917167087748,0.0036079930797486685
2021-05-26,0.016522981524014973,3.231062706467884,-0.18916457183811455,6.7442078983865885,6.9332159026322016,0.005087773845385966
2021-05-27,0.017919492840867843,3.229548337419817,-0.1825523583172289,6.750702254176259,6.933098044900987,0.00551798933122284
2021-05-28,0.016700992704114202,3.2277656253287113,-0.17603195458198845,6.7542214456836405,6.930096832673128,0.005147531064517562
2021-05-29,0.015238878402438283,3.225864332109989,-0.16964113816511836,6.757248854580113,6.9267334251527295,0.004701756597263367
2021-05-30,0.0179627551061711,3.2241581248236146,-0.1634028697589924,6.7645047924035975,6.927751094570088,0.00554043349135092
2021-05-31,0.020989671508898296,3.2226665510819865,-0.15729613014744545,6.772146874676244,6.9292864372311875,0.006470991396286966
2021-06-01,0.021264198270364482,3.2212540675458285,-0.15131671807067693,6.7769883299783205,6.928148480456496,0.0065579270576636055
2021-06-02,0.019818134360970727,3.2199057458410154,-0.14555863439247527,6.779952028042315,6.925354094842289,0.00611722945960911
2021-06-03,0.017075696671471918,3.2185932659380874,-0.14004193520855207,6.781413809633811,6.921299177249862,0.0052773311697808575
2021-06-04,0.013592607057892038,3.217304569549086,-0.1347518402030441,6.781932118636738,6.91652739124728,0.004207068908384981
2021-06-05,0.01011852527290855,3.2160339862228837,-0.12967526145707847,6.782264032271518,6.911782726136095,0.003136406365431601
2021-06-06,0.0071370403621187255,3.214777937163255,-0.12480052974618071,6.782901230011998,6.907545192165676,0.0022151547796585265
2021-06-07,0.004908981704708687,3.2135339437203663,-0.12011716845136297,6.784112539206516,6.904073140065377,0.0015252660427589639
2021-06-08,0.003959975643981676,3.21230019093099,-0.11561570678037111,6.786431242027405,6.901890381215274,0.0012312361061881058
2021-06-09,0.005568922076394615,3.211075297054244,-0.11128752544008534,6.7911434759233575,6.902274433770941,0.0017312831936071953
2021-06-10,0.010201941801844095,3.2100408258319804,-0.10712472909271406,6.798904820773915,6.905872982274127,0.0031680660552621306
2021-06-11,0.013886038360027041,3.209349928948825,-0.103120040912364,6.805902708629292,6.908866181949154,0.004308104805501035
2021-06-12,0.01457637808940422,3.208838488070553,-0.0992667153716775,6.809934933021084,6.90904508080026,0.0045220298021300025
2021-06-13,0.012944741886136101,3.2084535708995627,-0.09555846606042878,6.811626628958074,6.907028527426002,0.0040183611678067084
2021-06-14,0.012062683750330162,3.2081794438914635,-0.09198940589387469,6.814039503980723,6.9058723422820965,0.00374589340558803
2021-06-15,0.018030970479258085,3.2079559163675926,-0.08855399752852265,6.823219671551133,6.9116171014871535,0.005589288212166896
2021-06-16,0.023941287385854198,3.2080436099757974,-0.08524701218333318,6.832524667411122,6.917615112001954,0.007407611157279249
2021-06-17,0.02511346891305003,3.2083386246520593,-0.08206349537902359,6.8371753804188895,6.919082308205412,0.007766766968042708
2021-06-18,0.022452518098354586,3.208492364580528,-0.07899873836839806,6.837732926543289,6.9165750973191855,0.006949211117380147
2021-06-19,0.02068441134695898,3.208549742492435,-0.07604825424585,6.838972681826348,6.914864368479696,0.006405361259531543
2021-06-20,0.03683950099646926,3.2085948353964193,-0.0732077579021226,6.85801336072357,6.931064551033192,0.01135117743205189
2021-06-21,0.09313634110796266,3.2086230618700315,-0.07047314913750051,6.9170730360732975,6.987389617618296,0.028208094455325582
2021-06-22,0.16198290436205773,3.2086553806569076,-0.06784049836814166,6.988584568883628,7.056268499659268,0.048057041623837816
2021-06-23,0.19834199850784723,3.208699196002298,-0.06530603446064778,7.027521942282302,7.092671409150448,0.058215321501671566
2021-06-24,0.193974718350808,3.208756791570985,-0.06286613431286542,7.025652157841732,7.088361724562096,0.05700559029862049
2021-06-25,0.1647708375518045,3.208855193011224,-0.060517313867292415,6.99889549892854,7.059256245203331,0.04884087212366739
2021-06-26,0.12734476090617283,3.2090838194468994,-0.05825622029990261,6.963959142285974,7.022058794993375,0.038167986467942554
2021-06-27,0.09238261705312702,3.209611164722205,-0.0560796251736914,6.931700938834444,6.987623996415635,0.027977828899319455
2021-06-28,0.06556581315682965,3.210303168887691,-0.05398441838455552,6.907671345892769,6.961499196684823,0.02001478493682278
2021-06-29,0.04637937523272125,3.2109074821454273,-0.05196760275865834,6.891106036852294,6.942917072018451,0.01423865237035122
2021-06-30,0.03401152223307897,3.211247122583453,-0.05002628918634183,6.881019137862994,6.930888859456834,0.010480373355573261
2021-07-01,0.02589645445225763,3.211473978734527,-0.04815769219897212,6.874999523220616,6.923000647827087,0.007999224984199855
2021-07-02,0.019578415873037276,3.211893834465834,-0.046359125912582094,6.870899906659094,6.917102464979174,0.006058667491569567
2021-07-03,0.014332444968317258,3.212389904562337,-0.04462800027648628,6.867881131486972,6.912352564170957,0.004441796788125262
2021-07-04,0.010092084089064026,3.2129239042314133,-0.04296181757682136,6.86584095297646,6.90864620296078,0.0031312547395469298
2021-07-05,0.006734305295711322,3.213226373795956,-0.041358169154488714,6.8643892921699825,6.90559089373197,0.0020914246995124897
2021-07-06,0.003957962602558352,3.2134199312812965,-0.03981473230486808,6.863349943811791,6.9030081085241575,0.0012301826932056468
2021-07-07,0.0023517026224034367,3.2138308894503376,-0.03832926733299321,6.863640106972552,6.9018128067130435,0.0007312093001808797
2021-07-08,0.0019256284728677024,3.2145079005172996,-0.036899614743064406,6.865320696479907,6.90206374363047,0.0005986843674870761
2021-07-09,0.0017612847343148924,3.2155607038331016,-0.03552369254540315,6.867585078254818,6.902952203207719,0.000547438130399607
2021-07-10,0.0015318339390021601,3.216919957542045,-0.03419949366729753,6.8700390800465545,6.9040820061213495,0.00047595366910785705
2021-07-11,0.0012375080566971721,3.21844129876053,-0.03292508345694995,6.872540505593081,6.90530902145753,0.00038435761172105705
2021-07-12,0.0017176906134618256,3.2201008862503415,-0.03169859727193177,6.875906761824675,6.907448791504105,0.000533143183727579
2021-07-13,0.007460820481012117,3.221862306028392,-0.030518238145286963,6.8845916705969215,6.914953341149706,0.0023103356922590046
2021-07-14,0.02162702814143467,3.223681138423244,-0.029382274523838268,6.901712674273645,6.930938381204982,0.0066640907523823735
2021-07-15,0.03256629149463948,3.2255880964803736,-0.028274697708417427,6.9156664724993995,6.943784602615316,0.0099953187039979
2021-07-16,0.03506109477867907,3.2273306809913227,-0.027212133764294613,6.920966424238511,6.948021990410304,0.010747052220729627
2021-07-17,0.03134826672225263,3.2291410852498763,-0.026191155086368892,6.920084979118564,6.946119566612431,0.009614589510403223
2021-07-18,0.025044967053622105,3.231026168591591,-0.025207151199186345,6.91665076667883,6.941701350285515,0.007691775151791723
2021-07-19,0.01894453197205425,3.232959097608726,-0.024260921881670786,6.9134294899319135,6.9375338442210825,0.00582567447562906
2021-07-20,0.014121455202682143,3.234932342313429,-0.023349353333940434,6.911491226414975,6.9346840121564135,0.004346328526009
2021-07-21,0.010346727765010638,3.2366819224360275,-0.022472349892602397,6.91034308254124,6.932658864841341,0.0031865218572586433
2021-07-22,0.007363175592388817,3.2383323115989566,-0.021626756933460625,6.909855512490688,6.931325701831648,0.0022685971686026906
2021-07-23,0.005066385194212131,3.239949566631152,-0.02081042389883678,6.909992310159332,6.930646166465667,0.0015612820612984114
2021-07-24,0.0033814208410566705,3.2415525855256218,-0.02002809036089608,6.910692698238586,6.930564221006981,0.0010420615132456315
2021-07-25,0.002193784759701099,3.243149572245238,-0.019280280860744365,6.911849858376999,6.930973571645241,0.0006759792473008768
2021-07-26,0.001475721561384023,3.244484293622929,-0.018556626161449766,6.913190171255668,6.931590229824616,0.0004546333147915342
2021-07-27,0.0014431815534512121,3.245451519881057,-0.01785953260444173,6.91482195106287,6.932524916074811,0.00044448055331563455
2021-07-28,0.001845309116878348,3.2459975914936385,-0.017186864124974097,6.916442818718346,6.93347311525082,0.0005681645243775412
2021-07-29,0.00202502603403155,3.2462138752773373,-0.016542145038690285,6.917483538505483,6.933869115951671,0.0006234227516990861
2021-07-30,0.0020031201195635693,3.2464883210808346,-0.015922657393897654,6.918355566039304,6.9341216558407,0.0006166308749218581
2021-07-31,0.0017115421991657576,3.2469736439522268,-0.01532382439240492,6.919148143991792,6.934315400791695,0.0005268415069769699
2021-08-01,0.0013252589859656582,3.2475099765032525,-0.014746772314369338,6.919875245407653,6.934465450129521,0.0004079181891063482
2021-08-02,0.0009569699883248367,3.248052176910203,-0.01419472234842699,6.920601206782905,6.93463936153883,0.000294542103471254
2021-08-03,0.0009136343876370924,3.2484600891000377,-0.013671453153626351,6.921489052566853,6.935003938127977,0.00028117245518205714
2021-08-04,0.0019129555617347054,3.2488066711475843,-0.013167768989364885,6.9233386399527586,6.936349841349621,0.0005884714098432344
2021-08-05,0.0028722751916541167,3.249012625151336,-0.012674585141385064,6.924997097434408,6.9375151149832925,0.0008832647155965348
2021-08-06,0.0033976699622100814,3.249146351170057,-0.012208164496935832,6.926122638868136,6.9381742357725695,0.0010446192088823115
2021-08-07,0.004323904004240131,3.2492330431080485,-0.011759175473733124,6.92758455387136,6.939187161752591,0.0013289775081631301
2021-08-08,0.005401856677595114,3.2492816782325074,-0.011320519652513888,6.929149797490393,6.9403137495504055,0.0016597179478908442
2021-08-09,0.010422105587927052,3.249297708570348,-0.010898707234186743,6.934607889156892,6.945350028798577,0.0031972396960805198
2021-08-10,0.02497901107049932,3.249284990499063,-0.010491356628361325,6.949559427174005,6.9598942162098645,0.0076288934119317494
2021-08-11,0.03666621696894821,3.2492464752074297,-0.010097431329224695,6.961602043079957,6.97154290681668,0.011158609617428044
2021-08-12,0.039256172632243014,3.2491845320722916,-0.009721538535769384,6.96450594840157,6.974070919344838,0.01193762520214582
2021-08-13,0.035054063922079194,3.249101125281063,-0.00936523783659104,6.960576733599355,6.969785403843445,0.01067369289895969
2021-08-14,0.027904465781158714,3.2490240131224892,-0.009022203826477648,6.953693057309975,6.962558693543951,0.008515433266488204
2021-08-15,0.02053393154391572,3.2489393607977406,-0.008691935051410407,6.94656813952305,6.955103506981959,0.006280501385961451
2021-08-16,0.014273158046784805,3.2488431701750797,-0.008364435995888892,6.94053867445878,6.9487465428621675,0.0043740880223422885
2021-08-17,0.009502281426844275,3.2487350342023116,-0.008047564789398524,6.935976533072561,6.943867530269459,0.0029163871462841596
2021-08-18,0.006115966911681095,3.2483803052433506,-0.007742917510795835,6.932540136877041,6.940126486795334,0.0018792361091356485
2021-08-19,0.0038176056830564495,3.247655882075284,-0.00746011949275768,6.929800150498387,6.937103702398643,0.0011741155809603162
2021-08-20,0.0026884571818942757,3.246762216183499,-0.007187815375738337,6.928049640222459,6.935080888005696,0.0008273574373449075
2021-08-21,0.0033902779173047254,3.245844240948739,-0.006919162266013755,6.928102138832834,6.9348647335063465,0.0010434081927973313
2021-08-22,0.004286310742182835,3.2448790078722864,-0.006658760301697821,6.928293340545576,6.934795533254771,0.0013192036482805474
2021-08-23,0.004433613890567741,3.2438638494432497,-0.0064073881749600655,6.927676857391662,6.93392767797412,0.001364903904464895
2021-08-24,0.003893448994888656,3.242855173084124,-0.0061660801554755925,6.926369324156341,6.932378836719315,0.0011991839985429908
2021-08-25,0.0029544313299547016,3.241800334367097,-0.005931464092349184,6.924610083837507,6.9303849803373545,0.0009105253072399812
2021-08-26,0.0022003131130174207,3.240864059281506,-0.005707145922183887,6.923144008705144,6.928694587034826,0.000678467295236824
2021-08-27,0.0015423721039064435,3.2402207502361793,-0.00549068879358552,6.922059215779305,6.927393336980389,0.00047578186489859045
2021-08-28,0.001295164791790555,3.2396885390533674,-0.005280586786813257,6.921489899291149,6.926613918485461,0.0003996208898717847
2021-08-29,0.003116218764034987,3.2392076974053925,-0.005077721510591728,6.92303297689164,6.92795413080973,0.0009611065533873543
2021-08-30,0.00856216130668124,3.2387598893048573,-0.0048789252087301956,6.928229907635613,6.932952265251841,0.0026366837576423338
2021-08-31,0.013254213259628455,3.238335468090263,-0.004685895501979262,6.932690568080717,6.937219895990195,0.004076225649149555
2021-09-01,0.014631138875874703,3.2379023869338934,-0.004502831316400854,6.933817476726171,6.9381637404500704,0.004498382187231123
2021-09-02,0.013317340045275999,3.2374458165175994,-0.004328280933459694,6.93222165786222,6.936393371203178,0.0040966811188289706
2021-09-03,0.010739865752326733,3.2369834294425415,-0.004161365577796771,6.929348711849876,6.933353509835171,0.0033068906357314304
2021-09-04,0.007977452046186119,3.236519884383091,-0.003998774475254447,6.926285344186827,6.93012755106958,0.002458763629304033
2021-09-05,0.0055665260128695245,3.2360558927754943,-0.00384080105022539,6.923568399970943,6.927252633428667,0.0017172037004081896
2021-09-06,0.0037281359816894325,3.235591516031785,-0.0036896287583133877,6.921416805487965,6.924949866653778,0.001150900924325922
2021-09-07,0.002410976973904489,3.2352309986654464,-0.003544285510344662,6.919884472361811,6.923272190279654,0.0007446706560037057
2021-09-08,0.00177799550967299,3.2349130780060245,-0.003403948923203315,6.919073906825298,6.922321288156001,0.0005493250573777278
2021-09-09,0.0024192907970727964,3.2345382824655338,-0.003268585250951307,6.919475770244459,6.922587787902909,0.0007473965111734028
2021-09-10,0.003161910134557739,3.2341461992489657,-0.0031418146824687618,6.919953076933859,6.922938324023827,0.0009767096698002765
2021-09-11,0.003386697958909161,3.2337492326438784,-0.003019954223254263,6.919902758612338,6.92276614524309,0.0010462019610892655
2021-09-12,0.0034236803175881087,3.233271490153832,-0.002903753737526004,6.919578198966699,6.922325385111723,0.0010577703914852923
2021-09-13,0.003181861877533326,3.2327596672150873,-0.0027890019292304818,6.918939309396194,6.921571743732923,0.000983287815594598
2021-09-14,0.003694485248397759,3.232073355585171,-0.002679812828094837,6.918874810238278,6.921398055473871,0.0011417646228432815
2021-09-15,0.008018118412025217,3.2311262673514447,-0.002573465892393599,6.922357702103881,6.924774600403772,0.002475381599926839
2021-09-16,0.017152930249825896,3.230320251740798,-0.002473159327601628,6.930786804895826,6.933103396630926,0.005281931301219109
2021-09-17,0.04371553399844238,3.229576133233539,-0.002379453715946875,6.956698995748839,6.958921881872284,0.013355221117649401
2021-09-18,0.06958630464779221,3.228842629629267,-0.0022880115552783055,6.981927704954585,6.984059148917362,0.02109680276105265
2021-09-19,0.07903921456820612,3.2281088249089516,-0.002195812756384837,6.990739008953577,6.992778254117461,0.023899509070873584
2021-09-20,0.07340659900396083,3.2273715131864313,-0.002106742840348873,6.984458151582848,6.986408326830695,0.022239180129332688
2021-09-21,0.060049296638769,3.226629390446974,-0.002021783575442141,6.9704436857431045,6.972308901726045,0.018270510249364828
2021-09-22,0.04507272181771024,3.225881894405939,-0.0019429955360958401,6.954798402920357,6.956584830863951,0.013779684253078132
2021-09-23,0.03267654956226669,3.2251288030053367,-0.0018651223582411625,6.941727012442167,6.9434355672079064,0.010030233861735486
2021-09-24,0.026367761614500336,3.2243700651237677,-0.001787790841678577,6.934736818129394,6.936368041378571,0.008111315959600861
2021-09-25,0.02257804083576085,3.223605720176205,-0.0017145640371028664,6.930255979207667,6.931813975652268,0.0069552565405978034
2021-09-26,0.018668614935073373,3.2228097642998983,-0.0016531012950974902,6.9256120601726785,6.927108593875275,0.005759290283922669
2021-09-27,0.014519290721432307,3.221997584577528,-0.00159387347369997,6.920709784058065,6.922147089939263,0.0044860852826825275
2021-09-28,0.011966498849462359,3.2211745643730123,-0.0015354375258736092,6.917392407929405,6.918771277862778,0.003701199117348545
2021-09-29,0.014883749840145595,3.2203684482813473,-0.0014745572853050659,6.9195644230689926,6.920882412761795,0.004600491377082643
2021-09-30,0.017943635327540675,3.219564906289557,-0.0014127855627686957,6.921882538287132,6.9231387562574,0.005542420999630178
2021-10-01,0.01804392393075769,3.2187593322477883,-0.0013519188715235288,6.921238119539827,6.922433470818849,0.0055746125119945705
2021-10-02,0.015428434739471298,3.2182116266569576,-0.0012920166369151233,6.9181348269923175,6.919270276036731,0.004771228227797443
2021-10-03,0.012129473114579294,3.217768664361807,-0.0012350596954333944,6.914449860013757,6.915528352116689,0.0037553732651322575
2021-10-04,0.010380860012889343,3.2175603722421937,-0.0011805893447917098,6.912547425143096,6.913571446895386,0.003215938353882959
2021-10-05,0.014864590579869243,3.217464609664549,-0.001128006479399697,6.916987975997823,6.917959414884721,0.0045987242199047144
2021-10-06,0.02041468302833289,3.217410444541225,-0.0010753383097262354,6.9225365714926355,6.92345534220986,0.00630506041061488
2021-10-07,0.023505465775935156,3.2173974327201837,-0.0010276461833539305,6.925662034545569,6.926533113136422,0.00725275224593814
2021-10-08,0.026863728135828074,3.2174216442874863,-0.0009833816704266846,6.929088772985692,6.929915587063617,0.008280322182558883
2021-10-09,0.02934668369250198,3.2174783829875047,-0.0009388702904598757,6.931672978622351,6.932455281320309,0.009038578639073402
2021-10-10,0.02876712401482778,3.2175639070829996,-0.0008981440461904899,6.931219669284442,6.93196124573813,0.008861426557937766
2021-10-11,0.02512087996066337,3.2179361543161624,-0.0008599393150780276,6.927983877194552,6.928687248917129,0.007746049389558489
2021-10-12,0.020317981077463427,3.218439975655466,-0.0008215303507883016,6.923723208614945,6.9243881713732325,0.006273386696040424
2021-10-13,0.016843028310011315,3.2190208121868475,-0.0007922707898941228,6.920858351939769,6.9214940551371615,0.00520511033227687
2021-10-14,0.01450030419906368,3.219661796262381,-0.0007586480467810347,6.919190234647468,6.919792315101747,0.004483480960028195
2021-10-15,0.013207984947399715,3.220275150280161,-0.0007316516093574568,6.918538265851007,6.919113349867864,0.004084754549514663
2021-10-16,0.011707464024940793,3.2211612377267334,-0.0006938621175281173,6.91796162186695,6.918498916391977,0.0036213855572288806
2021-10-17,0.009654036232818812,3.222178411270145,-0.0006602537972388626,6.916958975938529,6.917462662143267,0.002987171021281715
2021-10-18,0.007411546908821744,3.223248932433297,-0.0006305358333416368,6.915816725741581,6.916290693982422,0.0022941274566651484
2021-10-19,0.005360152310359634,3.224372363281104,-0.0006000646718133413,6.914919233152455,6.915362730231767,0.001659627317272751
2021-10-20,0.003618854120555741,3.2255449881960674,-0.000578745766745776,6.914371878782681,6.914794056956926,0.0011206783852625922
2021-10-21,0.0023938480856707926,3.2265012701847775,-0.0005563894151953498,6.9141255110880575,6.914525332910751,0.0007413830421822598
2021-10-22,0.0015384925458498018,3.2276510677756405,-0.0005300972837479678,6.914446245270547,6.914819774961793,0.00047643302355301594
2021-10-23,0.0009168529957990778,3.2287084391295373,-0.0005085386827752779,6.914903535675365,6.915255506765639,0.0002838883501546149
2021-10-24,0.0005430682800513374,3.2295054587304426,-0.00048312242081932145,6.915352186822479,6.9156787416507965,0.00016813006848351078
2021-10-25,0.0003248269206307494,3.2304679138820847,-0.0004598419508644292,6.9161196810846555,6.916422955443018,0.00010054093428167219
2021-10-26,0.0001937810453468354,3.2316265775192163,-0.00043766574198815327,6.917169475055379,6.9174505732048654,5.996033932805123e-05
2021-10-27,0.00011392736993480047,3.232894681314611,-0.0004142748434201485,6.918381116073929,6.918638823324848,3.523880809620099e-05
2021-10-28,0.0003975369391885365,3.234223904783061,-0.00039514095431607423,6.920013083000738,6.920251656362552,0.00012290060718105886
2021-10-29,0.007682062322698678,3.235598525593446,-0.0003776914367347919,6.928689678712214,6.928910802556447,0.002368608609233688
2021-10-30,0.035785482123238135,3.2368547970255324,-0.0003606502026420286,6.958066411178932,6.9582704937890725,0.010934743531466316
2021-10-31,0.060788165978825096,3.2381059481535286,-0.00034375551764393705,6.984337140847513,6.984524328772656,0.018426831500414215
2021-11-01,0.06877738631527107,3.239443335928978,-0.00032813589957537086,6.993679368577478,6.993850936884552,0.02078984206005864
2021-11-02,0.0631551683725392,3.240822576119234,-0.00030907875524094065,6.989455447969336,6.989607959132076,0.01911488915984024
2021-11-03,0.0532162338699145,3.2422292851017733,-0.00029326357675647514,6.980939037627735,6.98107573361199,0.016148418647357922
2021-11-04,0.05115918872892484,3.2433986528687213,-0.00028078984388135806,6.980063833986568,6.980188056237949,0.015528392940315161
2021-11-05,0.05517627845815186,3.2444812637623044,-0.00026446482282540184,6.985179859630435,6.9852877568607585,0.01672181968951293
2021-11-06,0.058257434863147876,3.245528191647359,-0.00024816610955715504,6.989324242633754,6.98941584115081,0.01763353965695407
2021-11-07,0.05562550093300645,3.2465534695636977,-0.00023939961598341928,6.9877263531135245,6.9878091851370066,0.016845089690774518
2021-11-08,0.047993549947526276,3.2475642081554885,-0.00023094655158962428,6.9811135937842295,6.981187972743317,0.01456310387202932
2021-11-09,0.038052203314730394,3.2485647219488563,-0.0002227955555332458,6.972180911940857,6.972247139903889,0.011577924711039638
2021-11-10,0.028188143683937655,3.249296968914574,-0.00021493568519510384,6.963056959146121,6.963115327238814,0.008600540571666869
2021-11-11,0.019790748751269994,3.249837436294531,-0.00020735640051681593,6.955207610878088,6.9552583996861035,0.0060529049883366985
2021-11-12,0.01331619145073064,3.2502599043097025,-0.00019477036688717088,6.94916810762635,6.9492063104007356,0.004080245430167574
2021-11-13,0.008640577485809651,3.250350805865941,-0.00018153210980189488,6.944596633474752,6.944621597992054,0.0026513041826220296
2021-11-14,0.005174628187014241,3.250151149916491,-0.00016529150721233447,6.940947268829097,6.940955992743808,0.0015895884282367853
2021-11-15,0.00320796548456259,3.2498778814483034,-0.00015471424577886012,6.938717914919891,6.938716061573169,0.0009861299810415955
2021-11-16,0.0019514255846103117,3.2497940565944625,-0.00014250859031422514,6.937389755821563,6.937375696819375,0.0006001163360739458
2021-11-17,0.0011667183326067576,3.249777656722551,-0.00013337780602992586,6.936597779481932,6.936574589695461,0.0003588859721990667
2021-11-18,0.0006873140526437811,3.2496647283565774,-0.00012382314166763719,6.936015001500358,6.935982257049524,0.00021145834164299667
2021-11-19,0.0002926735184516657,3.249476478708974,-0.00011946450201981701,6.93543646995821,6.935399366867728,9.005978724706161e-05
2021-11-20,0.00010678204390465378,3.2491666674152175,-0.00011270619325375393,6.934947525498672,6.934903664099425,3.286336024517384e-05
2021-11-21,2.1298684093879195e-05,3.249051765314012,-0.00010420874683011232,6.93475563748408,6.934703278638408,6.555310906942293e-06
2021-11-22,7.80101874244321e-06,3.2492599759745424,-9.745689062524136e-05,6.9349571023354635,6.934897991633587,2.40085437023042e-06
2021-11-23,8.833050127333206e-18,3.249828276328086,-9.403054115578185e-05,6.935521028019735,6.935458490968388,2.7180051917430808e-18
2021-11-24,2.071197960891924e-17,3.250582213983853,-8.673345993983792e-05,6.936282262756717,6.936212428624156,6.371775345295767e-18
2021-11-25,1.5838572642114716e-17,3.2514654444369104,-7.97818417784559e-05,6.937172444827937,6.9370956590772135,4.871210508853384e-18
2021-11-26,3.2590909090505277e-17,3.2524332333480155,-7.697940710612759e-05,6.938143036173713,6.938063447988318,1.0020469830507969e-17
2021-11-27,3.761661002502245e-17,3.2534649910573674,-7.000959372112729e-05,6.939181763696451,6.9390952056976705,1.1562014691541878e-17
2021-11-28,3.990101954071207e-17,3.2545493144260655,-6.236864850069681e-05,6.940273728010369,6.940179529066368,1.2260075262601622e-17
2021-11-29,3.1067969413378866e-17,3.2556784291184373,-5.496841347845839e-05,6.9414102429377635,6.94130864375874,9.542702109492846e-18
2021-11-30,0.0016589038908611823,3.256846627520679,-5.3039509544856604e-05,6.9442392741348,6.944135746051843,0.0005090996086609581
2021-12-01,0.010556482793518729,3.2580495220580192,-4.7830019082047196e-05,6.95434495706526,6.954236219491841,0.0032296589977041943
2021-12-02,0.022914111334018987,3.2592836276507455,-4.108570601492025e-05,6.967943435511554,6.967827953625067,0.006981331764949263
2021-12-03,0.03005317542375554,3.260546106117796,-3.6841702668035386e-05,6.976349222071688,6.976229496181855,0.009133040170627061
2021-12-04,0.030161495959187413,3.261730230012751,-4.9543335016477365e-05,6.9776289648697265,6.977521940612242,0.009162359661231616
2021-12-05,0.025963262832556268,3.262634171948214,-0.00017929960778922862,6.974204917405785,6.974227649421072,0.007894934952501133
2021-12-06,0.021160429663147122,3.2634038722983396,-0.0007011232520296567,6.969649960942261,6.970194516601789,0.006442385570138015
2021-12-07,0.019077004866637378,3.264111739050303,-0.0019695578686942813,6.96700596828105,6.968818958557243,0.005810511169052667
2021-12-08,0.018463987670942754,3.264780124040357,-0.004123433748200769,6.964907460195903,6.968874326351603,0.005623702363489175
2021-12-09,0.016964163883925323,3.265419500886436,-0.006996125988553876,6.961174321014612,6.968013879410664,0.005168245280404219
2021-12-10,0.014248788423560857,3.2657752936247304,-0.010331366614773742,6.955479497666321,6.965654296688594,0.004344110917217063
2021-12-11,0.011044924197223593,3.2657435674121302,-0.01408566803114152,6.948489605811016,6.9624187062496565,0.0033706552087525844
2021-12-12,0.011260682057821787,3.265297815569713,-0.018518410446843873,6.9438268694134955,6.962188712267837,0.003436740734516211
2021-12-13,0.02416084224358766,3.264619400946337,-0.02403749921978077,6.950529526202947,6.974410457830228,0.007346444717191883
2021-12-14,0.039253155538976514,3.263769787223117,-0.03089567793461479,6.9579140470602825,6.988653157402396,0.011884009351188997
2021-12-15,0.056977056934272644,3.2627977330067894,-0.0389181042934827,6.966643467880384,7.005405004581364,0.01716292837300695
2021-12-16,0.08125496177453474,3.261727110614948,-0.04755319815991352,6.981215656462373,7.028612287029786,0.024306131476336534
2021-12-17,0.09595660510603124,3.260572070250331,-0.05615079259118503,6.986164664997982,7.042158889996665,0.028588048661864488
2021-12-18,0.09382449184575076,3.25960365334416,-0.06417787715669192,6.975037050266023,7.039058359830213,0.027978679662580722
2021-12-19,0.08004438790423937,3.2589378002361147,-0.07135666715425948,6.953412303218899,7.024612402780656,0.023972690896209927
2021-12-20,0.06206822210808193,3.258375410902789,-0.07781887332289023,6.928411541920784,7.006073847651173,0.018692749815421645
2021-12-21,0.04491619495717522,3.257853827548576,-0.0841068455242091,6.904449959214347,6.988400237146054,0.013599552693983254
2021-12-22,0.030839630214448004,3.257354071428591,-0.0909113498496848,6.883069134026158,6.973823916283342,0.009378897051909718
2021-12-23,0.02035541469477566,3.2568926822172846,-0.09879933786967666,6.864235541275187,6.9628783115523625,0.006211130220490556
2021-12-24,0.01302481761176594,3.2566314494775477,-0.10814122505496286,6.847301824267155,6.955286481729616,0.0039835433904374246
2021-12-25,0.00812181718500274,3.2565329529155993,-0.11916558850028475,6.8312759638331215,6.950284984740905,0.002487802771486451
2021-12-26,0.004957489083657968,3.256510720206708,-0.13198231696811874,6.815272674555052,6.947098423930669,0.0015200176011332712
2021-12-27,0.0029721948908390983,3.256535939884287,-0.14653389293049468,6.798761024077436,6.945138349415428,0.000911853803685675
2021-12-28,0.002899495269971371,3.2565967707899928,-0.16256721665514656,6.782715831637622,6.945126480700267,0.0008895531803987131
2021-12-29,0.008440984361837163,3.256686037367254,-0.17967416562588562,6.771239638336009,6.950757236369394,0.0025851932576170123
2021-12-30,0.01392314325342009,3.257059756031349,-0.19733498570116825,6.759434695816404,6.956613113925071,0.004256562532462189
2021-12-31,0.01573654392801314,3.2576398952905565,-0.2148430944378453,6.744320127013529,6.959006653858872,0.0048074348368468784
2022-01-01,0.01465303210345551,3.2585862769868195,-0.23140423844298763,6.727621852880091,6.958869523730577,0.004476614973662894
2022-01-02,0.011990071586112639,3.259974012163242,-0.24643065040593218,6.711320215576226,6.957594298389657,0.003664487530796235
2022-01-03,0.008989782006303909,3.261713956364389,-0.25970034438341444,6.696790176220082,6.956333953010995,0.002748577286545123
2022-01-04,0.0063339736679034545,3.2636530682476645,-0.27144873520430496,6.6843250889440675,6.95561725655587,0.0019370026812684231
2022-01-05,0.004260215270339144,3.265735532889459,-0.2823854448210153,6.673397085571587,6.9556259628001005,0.0013028198194864917
2022-01-06,0.0027640746988589924,3.2676749004961394,-0.2930719353680768,6.663153822059726,6.956069189835301,0.0008451693243088829
2022-01-07,0.0017425845441561725,3.269346466608918,-0.3038562911897038,6.653019542196175,6.956719265793376,0.0005327230524469835
2022-01-08,0.0010731406783381888,3.2709435987959123,-0.314765972866781,6.643037548840274,6.957646954114553,0.0003279753020183575
2022-01-09,0.0006481162113905293,3.2725248907479836,-0.32570319606503184,6.633256593127147,6.958803221599677,0.0001980085409517046
2022-01-10,0.0003850332060913147,3.274106280205414,-0.3365156659975544,6.623762429646755,6.960121528051808,0.00011758565506474672
2022-01-11,0.00022554019014269191,3.2756688614007587,-0.34707663187877985,6.614604551944925,6.961524616231204,6.884843114392235e-05
2022-01-12,0.00013051294648814234,3.277048948268327,-0.3575983200978416,6.605367923349778,6.962809675855118,3.982477860390428e-05
2022-01-13,7.801018742437729e-06,3.278282404970226,-0.3682092019536755,6.595867786268098,6.963920420629272,2.379599807297835e-06
2022-01-14,-3.04587935425283e-18,3.2794544025562034,-0.378941405936831,6.586299778852176,6.965084617196506,-9.287762476217657e-19
2022-01-15,-1.8275276125516978e-18,3.2808535714566758,-0.38981518766574086,6.576825166023739,6.966483786096978,-5.570280942895871e-19
2022-01-16,6.700934579356226e-18,3.2823641747337136,-0.4008333382622452,6.567317618704273,6.967994389374017,2.0414963796330883e-18
2022-01-17,4.2642310959539616e-18,3.2839247438725274,-0.41173510339205627,6.557976422713275,6.9695549585128305,1.298516692232545e-18
2022-01-18,-2.436703483402264e-18,3.28525811120985,-0.42219393557362117,6.548850957869033,6.970888325850153,-7.41708383608528e-19
2022-01-19,1.7056924383815846e-17,3.286432098296987,-0.4320434410605336,6.540175439469257,6.97206231293729,5.19010400143507e-18
2022-01-20,2.436703483402264e-18,3.287280382752814,-0.4411668573443581,6.53190030764126,6.972910597393117,7.412520989042422e-19
2022-01-21,1.218351741701132e-17,3.287723231386581,-0.44949594269554094,6.524014070923844,6.973353446026884,3.705761269896487e-18
2022-01-22,-7.310110450206791e-18,3.2878462781661115,-0.45709502348470143,6.5165380369142145,6.973476492806414,-2.2233735496551897e-18
2022-01-23,-9.746813933609055e-18,3.2877997775519967,-0.4641026012773542,6.509483958507447,6.973429992192299,-2.9645399942408474e-18
2022-01-24,0.0,3.2876372604507074,-0.4706392419973003,6.502784800686211,6.97326747509101,0.0
2022-01-25,0.00017462146219590714,3.2873823349984397,-0.4767785654925672,6.496565173200873,6.973187171100938,5.3115874343331096e-05
2022-01-26,0.0024760133012173714,3.2870498605531204,-0.48267960657109693,6.492633049516044,6.97515608849464,0.0007526961015558837
2022-01-27,0.010163171433791036,3.2866503088758425,-0.48835587493717353,6.494244387605264,6.982443694949936,0.003082725636282135
2022-01-28,0.01671184288876578,3.286191547770146,-0.4938102656604767,6.4948799072312395,6.988533605299215,0.005059743175059037
2022-01-29,0.018630158766750723,3.285679744951755,-0.49868318973767756,6.4914134962136325,6.989940118358808,0.005638139069760155
2022-01-30,0.016963435344281217,3.285119885648469,-0.5026262668878083,6.485243836337746,6.987713535633053,0.005137191795384881
2022-01-31,0.013656489708816104,3.284516094188508,-0.5056127262026499,6.478346639927478,6.983802798537627,0.004140623136427492
2022-02-01,0.010122516782277149,3.28387184597268,-0.5079404868870813,6.47184065810068,6.97962457739526,0.00307302188999835
2022-02-02,0.007071697740850649,3.283190113647733,-0.5099481182239105,6.466100475397477,6.975892026028886,0.002149281165521048
2022-02-03,0.0047253407501755005,3.282212547285303,-0.511947483490039,6.460777186778244,6.9725681026757815,0.0014376118171797031
2022-02-04,0.0030499398812493064,3.2810680266134855,-0.5140837210347671,6.455821027692772,6.969748181135037,0.000928693765682426
2022-02-05,0.0024385496349931873,3.2798263571924076,-0.5164079106944212,6.451643778365783,6.967895121467704,0.0007429472343688008
2022-02-06,0.010000007514961043,3.2785097332175774,-0.5190313056110801,6.455265217354262,6.974139955372841,0.0030408933843490676
2022-02-07,0.04506802740258984,3.277129306384867,-0.5220930844700727,6.485891031550189,7.007827548427759,0.013565728605052558
2022-02-08,0.09857787802385615,3.2756924318977103,-0.5252386897942293,6.534818402360141,7.0599005245618685,0.0292145764771725
2022-02-09,0.13337200235888916,3.2742045110593323,-0.5278056231906181,6.5655576724604074,7.093206728058524,0.03913984083224606
2022-02-10,0.13716483875147348,3.272669767610081,-0.5291374340385117,6.566483954555847,7.0954648210018565,0.04022624396373127
2022-02-11,0.12351734844037653,3.2710916438166335,-0.5289021827246585,6.551493591765156,7.080239206897312,0.03638632570705948
2022-02-12,0.11664009240917012,3.2695252128454295,-0.5269270121911439,6.54502507529626,7.071795519894902,0.034446071557159307
2022-02-13,0.11236349304071297,3.26820333146233,-0.5233431316022324,6.543010475133615,7.066197039143345,0.033238062985851746
2022-02-14,0.10391346116970744,3.266964930171356,-0.5184769497368016,6.538188223837066,7.0565086059813655,0.03082681992819288
2022-02-15,0.08908530874113366,3.265756337343023,-0.5124518068462889,6.5281766214706725,7.040471860724459,0.026554251478640115
2022-02-16,0.07058241173291235,3.264562475791149,-0.505362653454796,6.515569016302069,7.020775102164364,0.02116322202281029
2022-02-17,0.05232341643670678,3.2633758056496576,-0.4974254818111028,6.504060522508066,7.001329436726667,0.01578050749844037
2022-02-18,0.03677335756910589,3.2621918784250603,-0.48891035019175116,6.495841668035219,6.984595450634469,0.011146936975231258
2022-02-19,0.024767464051787088,3.261007833652034,-0.4802338485519858,6.491328231384639,6.971405512344123,0.00753778387374669
2022-02-20,0.016380388720106016,3.2598217339261355,-0.47197290202966413,6.490016002849382,6.961832337286545,0.0049998101786452994
2022-02-21,0.011660330997162951,3.258632222699779,-0.4647408580231144,6.491338477906632,6.955922768337245,0.0035655314641442055
2022-02-22,0.00859173668947949,3.257438329784252,-0.4587060079493268,6.493110840757209,6.951660281114034,0.0026306361284529813
2022-02-23,0.00648233444901729,3.2563959072744177,-0.453678606924525,6.494986417031715,6.948508456363738,0.0019866921070255303
2022-02-24,0.0057971267839317005,3.2556737368404134,-0.4493475753004071,6.497910070556742,6.947101078264648,0.0017774577870947406
2022-02-25,0.0056199428472248,3.2553481261914303,-0.4456297627700747,6.501125088501385,6.9465982836789575,0.001723397079714914
2022-02-26,0.0051803039537684096,3.2553349064865063,-0.4422389965853293,6.504062996087749,6.946145425080577,0.0015887991987220023
2022-02-27,0.004254207803897113,3.2554849893184774,-0.43862372259405263,6.506902256761126,6.945369411762677,0.001305076126228943
2022-02-28,0.0037291688175905254,3.255745687895417,-0.4345823409923746,6.510679297953438,6.945105071353311,0.001144101114911246
2022-03-01,0.0032066472073932818,3.256354940314632,-0.4301470950386108,6.515201274716219,6.945191802162328,0.0009837664119213742
2022-03-02,0.0027997131022950415,3.2574065642349064,-0.42539078163859473,6.520602277931411,6.945836491977504,0.0008587533622509704
2022-03-03,0.0029985153196822965,3.2588678398802315,-0.42032740299296084,6.527325734439757,6.947496569840217,0.0009192636954307476
2022-03-04,0.0031811923798453095,3.2602956531368323,-0.41514327396011613,6.5341203537893655,6.94910706015698,0.000974786257244506
2022-03-05,0.0029738673800337174,3.2617767983414314,-0.4098321962039932,6.540705251750277,6.950380880361768,0.000910901837392392
2022-03-06,0.0024821104644027667,3.2633352488628176,-0.40432077726194404,6.54728336429808,6.951447573967522,0.0007600273350601877
2022-03-07,0.0019012773279163597,3.2649678735526506,-0.3988102098798097,6.553845723233561,6.95249936552087,0.000581987597331188
2022-03-08,0.0013522631375567403,3.266669531612868,-0.3937897166506642,6.5600188603325655,6.953652009390728,0.0004137864501788034
2022-03-09,0.0009262921552522049,3.268435206368248,-0.389520511141702,6.565627769614602,6.954991713163803,0.0002833250944169173
2022-03-10,0.000610256343125562,3.2703386478188947,-0.38613843530805037,6.570597251086774,6.956579118802322,0.00018656859553784524
2022-03-11,0.0003808082833304083,3.2723300265468143,-0.3837412862101031,6.574756330852845,6.958341049470447,0.00011635867100680542
2022-03-12,0.00023314633532105366,3.274390027428217,-0.3823036874562843,6.578106268540058,6.9602533884038404,7.119791284354029e-05
2022-03-13,0.00031719980962912145,3.2765631308053695,-0.3816889287510546,6.5809781840967485,6.962510545255301,9.679932668447187e-05
2022-03-14,0.0010773420073412051,3.2786831018610694,-0.3819418766850279,6.583605349416187,6.9653906585087135,0.00032848191987781345
2022-03-15,0.0018669201679382456,3.2805508058775437,-0.3829533931727892,6.585251115105497,6.968047940685785,0.0005687637356831582
2022-03-16,0.002936855665902296,3.2820779203296833,-0.3843904624523803,6.586411095776009,6.970644990635888,0.0008940159683185067
2022-03-17,0.005358188387175245,3.2833684436266006,-0.38576048964043197,6.588752924606148,6.974356846654079,0.0016292592807856095
2022-03-18,0.007791314701991027,3.2845516676876323,-0.38654282590173794,6.59158693872069,6.977973197029926,0.0023664954543514763
2022-03-19,0.00868817278097317,3.2856714419896567,-0.38631879972893957,6.593827597274494,6.979989829410933,0.0026372873022176375
2022-03-20,0.008042005621788388,3.2865375239168837,-0.384826947087271,6.595539364684205,6.980209744178975,0.002440980874701932
2022-03-21,0.011121799954604885,3.2870222102088897,-0.3821104532097944,6.601820339186505,6.983774224803797,0.0033721389728077877
2022-03-22,0.030819615706243822,3.2870928077169954,-0.37845951694312074,6.625239688712923,7.003542638063542,0.009288857502286283
2022-03-23,0.060587317347217416,3.286956709563123,-0.374462052855378,6.658868756287767,7.033174241550643,0.01809903525096794
2022-03-24,0.1278639530794195,3.2866867347190083,-0.3702959561628635,6.730041513868368,7.10018090243873,0.037446787226304526
2022-03-25,0.2117511779915964,3.286311692272696,-0.36583442542393885,6.8180152270731575,7.183693084904595,0.060533839969433643
2022-03-26,0.2667814670751305,3.2858491898567244,-0.3610786422758069,6.877338796888852,7.238260871572157,0.07509406207329472
2022-03-27,0.27111914921805097,3.2853114748922914,-0.35594264041594886,6.8862747659271974,7.242060838750644,0.07623349866015527
2022-03-28,0.23728035261618066,3.2847076854432116,-0.35022858039190646,6.85754623990029,7.207618252699695,0.06737114097267678
2022-03-29,0.18885182439552303,3.283966676574563,-0.34397561444477653,6.814629668758114,7.158448715610389,0.05437998684433689
2022-03-30,0.14376817322462224,3.283140010576319,-0.33754112873481834,6.775153837298927,7.112538398441243,0.04195273567707973
2022-03-31,0.10615293219056615,3.28230037695411,-0.33103748577357184,6.7432026056039085,7.074083523784979,0.0313278426779803
2022-04-01,0.07574528519454639,3.2813735832264177,-0.32445499454313326,6.718450656110635,7.042749083061267,0.02256258659979279
2022-04-02,0.05221103279030775,3.280385479505746,-0.3179084433788613,6.7004748511499965,7.018226726936357,0.015666772919454324
2022-04-03,0.03485143697614677,3.2794784767922285,-0.3113716333430732,6.688745062658105,6.999960128408677,0.010515379543649858
2022-04-04,0.022606439870393607,3.2786334671094193,-0.3049671926520316,6.682059496560585,6.9868701216201154,0.006847863380845725
2022-04-05,0.014390097034951962,3.2777711919646384,-0.2988706009803268,6.679077470252068,6.977791503639892,0.004371018237482761
2022-04-06,0.009207531624711045,3.2768917689278063,-0.2932359760474996,6.6786501067378214,6.97172951519282,0.0028019639038792624
2022-04-07,0.006696680649206382,3.2759958749937512,-0.2881305990089445,6.680348738866817,6.96832277028326,0.002039996294412271
2022-04-08,0.004905004930587425,3.2752917448617604,-0.28344647963178937,6.6825370523933625,6.965826964432651,0.001495338635067526
2022-04-09,0.0038910920304417256,3.2746831710053144,-0.2789955564792377,6.685365488789323,6.964204477676059,0.0011868244298479961
2022-04-10,0.0031380238940044328,3.274373906558473,-0.2745562769745447,6.688742435710736,6.96314214509278,0.0009574408760645495
2022-04-11,0.0024962926969637964,3.27445505660058,-0.27008567787904086,6.6926524536513075,6.962581563937846,0.0007617728891516527
2022-04-12,0.0018479330375900471,3.274974703580847,-0.26573021571069544,6.696879203140545,6.96245285125874,0.0005639405126598635
2022-04-13,0.004341362895059452,3.2757079381349286,-0.2618638768359723,6.70397220642682,6.96567951567029,0.001323566354230162
2022-04-14,0.018174043567287905,3.276576059042453,-0.2586207629163561,6.7219161219261885,6.980380317250043,0.005516061310049711
2022-04-15,0.030865927614844694,3.2776008615649563,-0.25609009370165164,6.738163477710954,6.994097003820103,0.00932937507965635
2022-04-16,0.034941848767136005,3.278994473832776,-0.2541564926447297,6.745566612187987,6.999566537240215,0.010543910735050807
2022-04-17,0.03209187441917939,3.2806072492023115,-0.2525887747445084,6.745897131109787,6.998329338261794,0.009687530687693752
2022-04-18,0.025977794746038854,3.2823591174663833,-0.2511953273389681,6.742928367106258,6.993967126852725,0.007852221655582962
2022-04-19,0.019328217672148176,3.2841687380843245,-0.24993807233681067,6.739345665652467,6.989127170396776,0.0058508356238888
2022-04-20,0.013540129803146323,3.2860503767529057,-0.2488964262233139,6.736480862565543,6.985220721196354,0.004103578845994086
2022-04-21,0.00906208392093979,3.2879771463631586,-0.2482718054966811,6.734554207020221,6.982669444924401,0.0027485520456360874
2022-04-22,0.005941900364721673,3.289828355445726,-0.24803986053697813,6.733517177506274,6.981400470450751,0.0018028867012942098
2022-04-23,0.004172110131648388,3.291654368024028,-0.24806165626556242,6.733551604122918,6.9814566927959785,0.0012658767563464308
2022-04-24,0.003125641444979908,3.2935198181900116,-0.24820417102503572,6.73422807084276,6.982275674275295,0.0009481278721813121
2022-04-25,0.0023503976525326314,3.295445239840921,-0.24832530269154066,6.735257117034717,6.983425852133756,0.0007127178002816123
2022-04-26,0.0017185864442745965,3.297412726536896,-0.24829336266060623,6.736624732553368,6.984761527621473,0.0005209208974230378
2022-04-27,0.001211026119788793,3.299155286806214,-0.24804292150056834,6.738110173658239,6.985996527566305,0.00036693688062617956
2022-04-28,0.0008231139342400127,3.3007971261944116,-0.24776923260539502,6.739637789756061,6.9872504547689545,0.0002493060601687913
2022-04-29,0.0003855930259766058,3.302143341680016,-0.24757302321284738,6.740742693725949,6.988159149346295,0.00011675689557915507
2022-04-30,0.0002583081496241829,3.303104618948907,-0.2474720942058797,6.741677615125456,6.988993141738834,7.819551024963059e-05
2022-05-01,0.00016705110328231416,3.30389441235915,-0.24738525899358438,6.742462986701652,6.989691678102735,5.0559320741950104e-05
2022-05-02,0.0001050355627249034,3.3045851039277534,-0.2472581313132196,6.7432187904100624,6.99032035413078,3.17837855566991e-05
2022-05-03,6.45403410408689e-05,3.305202856669232,-0.24707914420311383,6.743975035039963,6.990897611650576,1.952651125874047e-05
2022-05-04,3.8905058023302045e-05,3.305710621416484,-0.24676770013624663,6.744768608571064,6.99137974111481,1.1768906782478842e-05
2022-05-05,2.3075209871190815e-05,3.3058880912562,-0.24619984884398716,6.745498099854888,6.991541381106374,6.979984854177913e-06
2022-05-06,1.349766535146553e-05,3.3058796393769088,-0.2453327646505842,6.74634715462448,6.991523351682563,4.082910363987662e-06
2022-05-07,7.801018742460268e-06,3.3057615795183595,-0.24404790873986257,6.747508254030043,6.991399595177405,2.359819407968745e-06
2022-05-08,1.1117459643022829e-17,3.3055602170191434,-0.24223162436911025,6.749115374882837,6.9911904316594455,3.3632603592525764e-18
2022-05-09,2.451932880173528e-17,3.3052895706667416,-0.23972128561332004,6.751355067286226,6.990919785307044,7.418208988203491e-18
2022-05-10,0.001222350235371395,3.304985187325306,-0.236497846691707,6.755496473101775,6.99183775220098,0.0003697137041412851
2022-05-11,0.007029426838962896,3.30463877953675,-0.23264480142869348,6.764810187179823,6.997298421016016,0.002122624128054149
2022-05-12,0.012630078555961394,3.304224442177448,-0.22823150382028828,6.774409799145925,7.002484735373712,0.003807848211916356
2022-05-13,0.014708818212584115,3.3037342304284945,-0.22335340902575584,6.780876421848127,7.004073263281381,0.004432445576731371
2022-05-14,0.013742078004672927,3.303165410740381,-0.21822189306387335,6.7844723779139855,7.002537703385357,0.004143039277188951
2022-05-15,0.012823056913387159,3.3025425852827217,-0.21291738005732522,6.7882350443715875,7.000995856836411,0.0038677655188865154
2022-05-16,0.017452592312116724,3.3018756036321792,-0.20737911708835885,6.797735861088741,7.004958410584599,0.005257868846304829
2022-05-17,0.022045377232084034,3.3011693165207228,-0.20165419005489996,6.807347285930711,7.00884490839311,0.0066337505288257045
2022-05-18,0.022665607820166262,3.300427195246841,-0.19579033892376654,6.813089246376045,7.008723017707309,0.006820636426177242
2022-05-19,0.0199829179953799,3.2996519846409433,-0.18987435824217833,6.815547326626949,7.005265117276625,0.006019613174783243
2022-05-20,0.01601806552720581,3.2985850398251966,-0.18400040260775233,6.816389484977455,7.000233319992705,0.004832574223242575
2022-05-21,0.012727658782014354,3.29738102885689,-0.17818823606825024,6.817707233803458,6.995738902279207,0.0038450878756772712
2022-05-22,0.01032928835257447,3.296094194738421,-0.17242540957720714,6.819784855746592,6.992053697731298,0.0031240064696486432
2022-05-23,0.008241268467414301,3.2947412083693344,-0.1668145137513597,6.821954745318193,6.988612691477051,0.0024950990582629207
2022-05-24,0.006287899352779172,3.2933314595426584,-0.1613076071949202,6.824098533933322,6.98524957353574,0.0019056438542911429
2022-05-25,0.00456857292383656,3.2918712770186165,-0.15585051834704564,6.8263761138282115,6.982070064582755,0.0013859112047551285
2022-05-26,0.003113327109200658,3.2903653501844286,-0.150463709063686,6.828801750462747,6.979108891933931,0.0009453005208945186
2022-05-27,0.0020860957156680023,3.288817363271493,-0.14519448932331477,6.83149575189665,6.976533673627464,0.0006338975730117705
2022-05-28,0.0013564681609298493,3.2874912518716326,-0.1400180400948664,6.8346164621705,6.974477934672866,0.0004124448063276153
2022-05-29,0.0008584435423857737,3.286236828788248,-0.13493242174100306,6.8379496328224345,6.972725486970937,0.0002611556621469981
2022-05-30,0.005071196248541328,3.285003724473339,-0.12996043203468483,6.84590127092,6.975705135362183,0.0015413619357423779
2022-05-31,0.02602691994990464,3.283778668276283,-0.12511405985741536,6.870478310601577,6.99543580286649,0.007863579674434339
2022-06-01,0.04521228490163298,3.282555291292161,-0.12036734675853034,6.893187011668068,7.013397790834096,0.013586371002912864
2022-06-02,0.052982810235704385,3.281590898948714,-0.1157929514871176,6.904567539930105,7.020203923824721,0.0158889305969677
2022-06-03,0.055849396093961376,3.280756625438296,-0.11140987618291855,6.910982927582143,7.02223623617256,0.016738384973696674
2022-06-04,0.05317110863757937,3.2799832010233527,-0.10720637247446219,6.9117347194192735,7.018784524301235,0.015952189337129205
2022-06-05,0.045420122057154184,3.279249232979041,-0.10317205117207313,6.907284086096926,7.010299569676498,0.013661545617567045
2022-06-06,0.035624367761185396,3.2785445032334346,-0.09929766085902621,6.900657992368398,6.999799085634923,0.010749110605970454
2022-06-07,0.026484222369040234,3.277914833695223,-0.09557490511914433,6.894610933177923,6.990029270704566,0.008014837772222502
2022-06-08,0.018904717609553617,3.2773513806266052,-0.09199629165533289,6.890046588813631,6.981886312876462,0.005735208990487606
2022-06-09,0.013180272787211036,3.276825140951109,-0.08855500772719044,6.887237188243934,6.9756356283786225,0.004006155349220154
2022-06-10,0.009650021249071558,3.2763253639467305,-0.08524481730414761,6.886517350124459,6.971605599836105,0.0029367296214534914
2022-06-11,0.007334998622598123,3.2758469849955527,-0.08205997613019883,6.886908789720756,6.968812198258453,0.0022341127172349935
2022-06-12,0.005600345732412017,3.2753866154521782,-0.07899516155707198,6.8877785818603225,6.966617175824893,0.0017069088657365556
2022-06-13,0.00546284909786485,3.2749417470684055,-0.07604541454900389,6.89014596385007,6.966034810806573,0.0016652973551644057
2022-06-14,0.009734987200876424,3.274510422264177,-0.07320609171403782,6.896826099983819,6.969875624105356,0.0029641473115317785
2022-06-15,0.01565328949728916,3.274091061487836,-0.07047282559048702,6.905058307627442,6.975374565625428,0.004758208488936755
2022-06-16,0.0189596694231625,3.273421435981627,-0.06784149172627425,6.910326395911319,6.978011320045092,0.0057586496873154236
2022-06-17,0.01952896073429889,3.2728880007057173,-0.06530818134453961,6.912895562328281,6.978047176080318,0.00593149681921133
2022-06-18,0.02204532252548053,3.272404918935933,-0.06286917860036167,6.917367845093856,6.980080456101716,0.006691654421740865
2022-06-19,0.02479755558198833,3.271939266167124,-0.06052094160826257,6.922002662373654,6.982367036389415,0.007521848701538685
2022-06-20,0.028007126362282798,3.2717456639383253,-0.05826008656473473,6.927279485968677,6.9853830049409105,0.008487643815199666
2022-06-21,0.03208871419190694,3.2714077335479845,-0.056083374409451645,6.9331998555632435,6.989126662380194,0.009713560979870478
2022-06-22,0.03316037018990884,3.2709980029670622,-0.053987699567558264,6.9359574558222175,6.989788587797274,0.010035950594651925
2022-06-23,0.030074807004672417,3.2705680908001096,-0.051970080396900036,6.934459599640686,6.986273112445085,0.009111802741421924
2022-06-24,0.02453064404847152,3.2701557169357898,-0.0500276510313422,6.930445492185723,6.980316575624563,0.007445517224025896
2022-06-25,0.01846827171467395,3.2697494752211984,-0.04815765436685332,6.925846874801823,6.973847961576174,0.005616499008279978
2022-06-26,0.013102154123115679,3.2692937900798826,-0.04635743598276393,6.921825290453038,6.968026158843301,0.00399164340495096
2022-06-27,0.008875433089685613,3.2688448118492697,-0.0446244388283379,6.918882588343422,6.963350459579258,0.0027078067761853513
2022-06-28,0.005792781920709319,3.2683975895221025,-0.042956198535852586,6.917020955139764,6.959820586083115,0.0017692257515731008
2022-06-29,0.0036256083551110103,3.267949778074331,-0.041350339246924175,6.916011829415321,6.957205601069745,0.0011082148282904021
2022-06-30,0.002216552865955771,3.2675274543158555,-0.03980456985981115,6.915726219554804,6.9553742218221135,0.0006778979825598689
2022-07-01,0.0015224613098680552,3.2673763866803576,-0.03831668062266487,6.916368949600365,6.954529062630528,0.0004657413339063979
2022-07-02,0.0017972371051737026,3.2675213551192313,-0.03688454001186736,6.918220834445341,6.954948806864707,0.0005497283468941105
2022-07-03,0.0021497747440007656,3.2678014758061416,-0.03550609184613378,6.920231940936812,6.955581465190445,0.0006574332701868519
2022-07-04,0.002211398922110159,3.268164051216594,-0.0341793525965635,6.921982879774944,6.956005664779006,0.0006761911455812721
2022-07-05,0.002008527800181488,3.2688508662714764,-0.03290240886054375,6.923743767443918,6.95648960871196,0.0006140673010346727
2022-07-06,0.0021555035821917974,3.2694893750083285,-0.03167341497371137,6.925758245849613,6.957275093230823,0.0006588439950488835
2022-07-07,0.0029586169376098204,3.2703505186769406,-0.030490590739309615,6.928605327108045,6.9589393502548536,0.0009038611432752293
2022-07-08,0.00462840519504137,3.2715945130332256,-0.029352219258427643,6.932657481202643,6.961853132868569,0.00141272596845893
2022-07-09,0.009851262313053399,3.272791721518148,-0.028256644847982723,6.940173121216023,6.968273198471504,0.003001015450530628
2022-07-10,0.014598655503244642,3.2740129387112864,-0.02720227103600249,6.947196105411333,6.974241808854833,0.004439154666038165
2022-07-11,0.018879721298849572,3.2752816561700695,-0.026187558625967406,6.953760601075755,6.979791592109222,0.005731267881404121
2022-07-12,0.03134061381248325,3.2765973195707394,-0.02521102382369793,6.968513691792329,6.993568148023526,0.00947436573588591
2022-07-13,0.06336433241611969,3.2779312209828735,-0.024269759159524593,7.002812576472273,7.026925768039296,0.018964001059906595
2022-07-14,0.09055680279060975,3.2792958327347197,-0.023358619925746046,7.032280797832388,7.055482850165632,0.02687262992925884
2022-07-15,0.1084941928500914,3.2806937933698173,-0.02247946418234516,7.0524953042703675,7.074818200860211,0.03201185454782021
2022-07-16,0.11617197835191001,3.282072070588813,-0.02164244146802454,7.062388389705502,7.083874263581025,0.03418588443879489
2022-07-17,0.10948408746606553,3.283459892812965,-0.020836925679992336,7.057893836831843,7.078574194919334,0.03226816832297411
2022-07-18,0.09217285741129598,3.284866378803998,-0.020061729832816667,7.042764288615281,7.062669450855596,0.027293984749373446
2022-07-19,0.07115547085050854,3.286319301972354,-0.019308572237166265,7.0239529828185,7.043104987463165,0.021193151301233216
2022-07-20,0.05319658089468524,3.287542796113868,-0.018580126025009355,7.0079460332163475,7.026369591648855,0.015923595016358275
2022-07-21,0.04529390065504914,3.288501506285457,-0.017878712824391085,7.0017034763489185,7.019425621580808,0.013586286837144664
2022-07-22,0.040715098573326045,3.28935296735951,-0.01720422768796147,6.998650620477679,7.0156982805731385,0.012226506415844302
2022-07-23,0.034928302724455865,3.290173917221947,-0.01656562287668084,6.994323379302527,7.010732434586705,0.010504429763070222
2022-07-24,0.028505770125490014,3.290757953199622,-0.015951036495422392,6.989099469062493,7.004893937965415,0.00858797989601562
2022-07-25,0.023935415414073298,3.291179644245406,-0.015359559274038512,6.985542282618245,7.000745274299781,0.007220085874344249
2022-07-26,0.027945949160075253,3.2915685853309404,-0.014790316003282717,6.990511000720537,7.005144749131318,0.008418685584806523
2022-07-27,0.038228420829848536,3.291659586586887,-0.014242464323231022,7.001432325326309,7.015518222057038,0.011480392356950595
2022-07-28,0.043705935492451324,3.291711457081616,-0.013707521424444055,7.007496653382427,7.02104760721437,0.013103588051605683
2022-07-29,0.041922940949025114,3.2919813863391485,-0.013187101500727778,7.00650400802025,7.019534541928476,0.012574728256562058
2022-07-30,0.03509260017045819,3.2925757102068145,-0.01268728856608469,7.000767804043992,7.013298525017575,0.010545702545239427
2022-07-31,0.026842537502437782,3.293294348142573,-0.012206981129518105,6.9937166867482965,7.005767100285313,0.0080847683173831
2022-08-01,0.019275551173395647,3.2943350164347875,-0.01174339015744195,6.987653959683545,6.999240782248486,0.005817084047782068
2022-08-02,0.013164005808912766,3.2957863980870434,-0.011295301400092462,6.983441884728668,6.994580618536259,0.00397830254373516
2022-08-03,0.008647910897616054,3.2974331089881876,-0.01086321050782504,6.981004591610782,6.991711234526106,0.0026157589138316897
2022-08-04,0.0055085127077581725,3.299201270517828,-0.010449674019034278,6.980046891439356,6.990339997865889,0.001666867310321437
2022-08-05,0.0033326329323336346,3.3010635478042643,-0.010052484951512035,6.980130478017889,6.9900263953769,0.001008545207672629
2022-08-06,0.0020313629709458655,3.3030038474420857,-0.009672941902438984,6.981149050743397,6.990665425053335,0.0006146267260771497
2022-08-07,0.001216302337351784,3.3052200214769165,-0.009305339203467293,6.982917766843605,6.992066538454571,0.00036785899325853975
2022-08-08,0.0009703144878753284,3.3075819437583007,-0.008962826604187915,6.985376213874792,6.994182472886479,0.0002932746446597402
2022-08-09,0.00626560888025214,3.3100414754560847,-0.008633119776248971,6.993460746792891,7.001937298976639,0.0018893331410248522
2022-08-10,0.027716301157752643,3.3126338102613775,-0.008311449512672653,7.017825444139262,7.0259803260594325,0.008297423992474105
2022-08-11,0.047468989627346025,3.315291904161031,-0.007996837172011795,7.040550838849169,7.04839110842868,0.014116076380877916
2022-08-12,0.054894083271837625,3.3182218491791473,-0.007693426606488511,7.051209288077301,7.058746147091288,0.01627399839529094
2022-08-13,0.051474428697126526,3.32155892445111,-0.007399173751505044,7.051420961629535,7.058663567788539,0.015260575069346003
2022-08-14,0.042379975900195335,3.3248427842404418,-0.0071165547957602925,7.04589298757768,7.05285297478094,0.012586032739463092
2022-08-15,0.03195981685318982,3.328157456448738,-0.006844545001191578,7.039059510533541,7.04574748794223,0.009511518275605743
2022-08-16,0.02280656943138482,3.331399992578775,-0.006582975080606813,7.0334103691623575,7.039836776650462,0.006799393242411688
2022-08-17,0.017152741583049008,3.3343859006039858,-0.006331437090179572,7.030993987329659,7.037168856827337,0.00511787074961369
2022-08-18,0.01786992781872234,3.3370307238413743,-0.006093956099791328,7.034593477793109,7.040530866300399,0.005326514753836246
2022-08-19,0.024319523757459615,3.3395444155068224,-0.005861780056811506,7.043788941440274,7.049494153904584,0.0072296395444515485
2022-08-20,0.030210560273927392,3.341734995854929,-0.005636616378940776,7.05209572198272,7.057575770769159,0.008959385544946479
2022-08-21,0.031116123237893693,3.3435174565378873,-0.0054181957541130895,7.0550021662544715,7.060263794416084,0.00922059314065177
2022-08-22,0.029155932820441377,3.3451096701141587,-0.0052123000548209225,7.054840085112584,7.059895817574903,0.008640675113151867
2022-08-23,0.031177005889102053,3.3465872592059855,-0.005010432240852151,7.05854061508704,7.06339447973539,0.00923007156280173
2022-08-24,0.03331860576729564,3.3479788069438263,-0.004815725346684785,7.0622684695972415,7.066927627351425,0.009853793293084149
2022-08-25,0.03290260624005481,3.3493013103384772,-0.00463286663609638,7.06335783217524,7.067834131218834,0.009728155679430289
2022-08-26,0.03761890017026579,3.350383665833283,-0.004455123626117326,7.069334224610236,7.073632780643852,0.011103563069210022
2022-08-27,0.051330659511735474,3.3516021256487334,-0.004284846619204067,7.084434720774069,7.0885629998007715,0.015084241374257682
2022-08-28,0.0611427101965706,3.3528993764856927,-0.004122763998312968,7.095706104916754,7.099672301322566,0.017909184668543018
2022-08-29,0.06101588514290684,3.354208036543253,-0.003963439656181073,7.097047264262783,7.100854136326463,0.01786585200328011
2022-08-30,0.054218454711379864,3.3555121816863123,-0.0038076664342046305,7.091709752196291,7.095360851037995,0.015901096154815476
2022-08-31,0.04444294903145007,3.3565467917624194,-0.003658579335566255,7.083117943691107,7.086619955434172,0.013067651601053068
2022-09-01,0.03405588755856331,3.3572023008853216,-0.003520194026712857,7.073524776649976,7.076888403084188,0.010042257376513763
2022-09-02,0.02462146125259312,3.3576836596391577,-0.0033820860461806464,7.064709817078374,7.067935335532054,0.007279491462940998
2022-09-03,0.016963538703801927,3.358110913969452,-0.0032477925474304102,7.057613442358628,7.060704667313557,0.005026122813488107
2022-09-04,0.011274684505767749,3.358738020296423,-0.0031195816906472093,7.052679905344348,7.055642919442493,0.003345591098128972
2022-09-05,0.011992100927460857,3.3596762943649647,-0.0030064588479946784,7.054448718677235,7.057298609932728,0.0035567260838000585
2022-09-06,0.03231305038343183,3.3608570984054227,-0.0028975025120575155,7.076059428509601,7.078800363429157,0.009522967893303414
2022-09-07,0.054992504634934575,3.3621415129338406,-0.002783496622990723,7.100137303178588,7.102764232209077,0.016093165896390767
2022-09-08,0.06456579604468594,3.363484274579469,-0.002673642900347597,7.1111632099566116,7.113680285264458,0.01883455454690318
2022-09-09,0.06235413566957435,3.365129067579899,-0.0025664274074288754,7.1107035580748486,7.113113417889776,0.018192397153240208
2022-09-10,0.059417150084437896,3.366991681489033,-0.0024640317556768147,7.109731582050598,7.1120390462137735,0.017340940035212443
2022-09-11,0.06173399042658651,3.3689674661854045,-0.0023632121194293587,7.1141250267253655,7.1163316712522935,0.017994567935256094
2022-09-12,0.06778936832963307,3.3712820521872415,-0.0022716563782134535,7.1225865463714655,7.124701635157177,0.019711532573942498
2022-09-13,0.0678896664391956,3.3740278667230275,-0.002180422663884422,7.125523892731143,7.1275477478025255,0.019724373342792652
2022-09-14,0.06010937456332292,3.3769897082666245,-0.00208805989200049,7.120797805170751,7.12272929747025,0.017488403189654826
2022-09-15,0.048447565949590765,3.3798580329060535,-0.0020017379235468887,7.112090643164901,7.113935813495947,0.014131635746172216
2022-09-16,0.037324234795499574,3.3827679133178745,-0.001929525657227515,7.103949404688951,7.105722362753676,0.010913224901290671
2022-09-17,0.02777794596563808,3.385708000920478,-0.0018599579489037143,7.097412771170017,7.099116161526419,0.008137706262121264
2022-09-18,0.019892945624430218,3.388689943041776,-0.0017929363348484577,7.092576734564162,7.094213103306509,0.005836133746541929
2022-09-19,0.015032148942440772,3.391715713901692,-0.0017283660814357267,7.090806278995501,7.092378077484435,0.00441246301388772
2022-09-20,0.016852284979449447,3.394783562273203,-0.0016639733061666025,7.0957586561792905,7.097266061892955,0.004939649403971523
2022-09-21,0.021921848426260507,3.3978912771237675,-0.0015979482054410757,7.104001959577391,7.10544334019033,0.006410247467172549
2022-09-22,0.032653066631155234,3.4009844711020274,-0.0015404882239748773,7.117883831742011,7.119267752373485,0.009509759336074862
2022-09-23,0.05063227968579823,3.404091620428851,-0.0014851249440662549,7.139025557403388,7.1403541147549525,0.014655955482902102
2022-09-24,0.07840093397434475,3.407221331933495,-0.00143178060296902,7.169977267537675,7.171252480548143,0.022492665008818736
2022-09-25,0.09634017499993544,3.410244439708128,-0.001378050218978554,7.190993346721889,7.192214829348366,0.02747407679707627
2022-09-26,0.09615906706629657,3.4132373277324355,-0.0013230720510271797,7.193860104980509,7.195026609439035,0.027400457585473582
2022-09-27,0.08311306384333299,3.4164867684072644,-0.0012681120038425262,7.184118502479558,7.1852300468909,0.023749305014077245
2022-09-28,0.06510348701859807,3.419847019977426,-0.001212708269709529,7.169524580959118,7.170580721636327,0.018681323275008665
2022-09-29,0.04746465915675406,3.423451528818836,-0.0011600150671485007,7.155542955141246,7.156546402615893,0.013674965509448904
2022-09-30,0.034462462105295966,3.427180079860255,-0.0011086843052937555,7.146320639893061,7.147272756605854,0.009955523046503779
2022-10-01,0.03456996617830024,3.430728017606882,-0.0010689769229478782,7.150015789095038,7.150928198425484,0.009976044294043394
2022-10-02,0.051599982422861845,3.43397205895434,-0.001027288374237562,7.170331535235768,7.171202256017504,0.014803877759609846
2022-10-03,0.07190489868563997,3.437108629981944,-0.0009839784082660604,7.193816332492123,7.194643743307887,0.020491485170461326
2022-10-04,0.08040168739929342,3.440173296601192,-0.0009487853238803665,7.20541298090941,7.206205198640788,0.022837657986176933
2022-10-05,0.07528578197883448,3.4431217557183977,-0.0009148686215142189,7.203279451308522,7.204037752337535,0.021397686644369907
2022-10-06,0.06296851286964263,3.445988599249123,-0.0008763276880228843,7.193867566663547,7.194587326759068,0.017945079081237676
2022-10-07,0.049455423713311124,3.4490731112855664,-0.0008387305330234553,7.183476586698658,7.18415874963918,0.014136064124835555
2022-10-08,0.03704647035751343,3.4523152947083977,-0.0008087858829870583,7.1743397614157285,7.174991979706213,0.010616976069494374
2022-10-09,0.02636741660397833,3.4558848383805256,-0.0007753738624090001,7.167263663354899,7.167882469624807,0.007571943292228743
2022-10-10,0.018185597061423676,3.4598636655650217,-0.0007420006456979458,7.163094044213551,7.163679477266748,0.005228677252170615
2022-10-11,0.012113244669946227,3.464298157128679,-0.000715543106735025,7.161482640924694,7.162041616438928,0.0034844105803125253
2022-10-12,0.009927403833915938,3.4688062830245734,-0.0006841761238820817,7.163836292967411,7.164363901498792,0.0028537406790920504
2022-10-13,0.01893245978230079,3.4731658874179865,-0.0006536964941220418,7.177231432938969,7.17772856184059,0.0054215139151162425
2022-10-14,0.03574672995518056,3.477515385220664,-0.0006236580322607596,7.1984252393763875,7.198892329816147,0.010174797320350627
2022-10-15,0.046461320558202006,3.481892756973597,-0.0005947321233060517,7.2135461276412975,7.213984292172102,0.013167986981256498
2022-10-16,0.04710154688055471,3.4860428765993885,-0.0005660997320877019,7.218365105980659,7.218774638120246,0.013331339236385475
2022-10-17,0.040879558664499195,3.4898584422721584,-0.0005372285122392964,7.215987554657222,7.21636821557696,0.01157819092032725
2022-10-18,0.03207257970097532,3.493544147280621,-0.000511222293003922,7.210892286921396,7.211246941621899,0.009097012575281766
2022-10-19,0.0234497886952906,3.4974275557734247,-0.00048536731744593364,7.206178759384073,7.206507559109018,0.00666021176004047
2022-10-20,0.016240530061704044,3.501638859901962,-0.00046058895556110653,7.2032055832409085,7.203509604603969,0.0046165681825356105
2022-10-21,0.010782103404237462,3.5060369002628486,-0.0004363447846606752,7.202169441115229,7.202449218307389,0.0030658681589796517
2022-10-22,0.006915673010150484,3.510452644252367,-0.00042083696650000325,7.202734262528821,7.20299853190282,0.0019661497990442994
2022-10-23,0.004328129840003543,3.51492939989548,-0.0004027034746794787,7.204641608493608,7.204887744375786,0.0012298417502651067
2022-10-24,0.002649740680822945,3.5195334282136086,-0.00038840339293000147,7.207581547734305,7.207813383534734,0.0007523006481388262
2022-10-25,0.0015925619921931553,3.5242106524589287,-0.0003746176773330139,7.2112153790065925,7.211433429091425,0.00045168771350192235
2022-10-26,0.0009422893463840638,3.528680111100162,-0.00036132755462962634,7.215047855124721,7.215252615086849,0.000266966048907909
2022-10-27,0.0005500734762764467,3.533008606047787,-0.00034531397832469765,7.219000147778543,7.2191888941643665,0.0001556712442512873
2022-10-28,0.00021029965968997103,3.5370287488644894,-0.00032741357840812405,7.2226984171785755,7.2228692631644815,5.9453052735498065e-05
2022-10-29,1.349766535145883e-05,3.5406597679191147,-0.00030923783316839335,7.226150809984102,7.226303480224769,3.8121747868284998e-06
2022-10-30,0.0006189761364281591,3.544116799143796,-0.0002982812407875782,7.23022427627224,7.230365989920527,0.00017461841323821286
2022-10-31,0.003471058053932532,3.547629423236704,-0.0002877177356172986,7.236599545787824,7.236730695930939,0.0009774598246994652
2022-11-01,0.006154417290940647,3.5511063948460926,-0.0002775330130225952,7.242770061356815,7.242891026777336,0.0017301001011627724
2022-11-02,0.007416909788293665,3.5545728751035788,-0.00026771329730941465,7.247508853827368,7.247619999532175,0.002082237804204936
2022-11-03,0.007243408200027028,3.5580199501844887,-0.0002582453218184285,7.250791895295501,7.250893573024818,0.0020316614712325614
2022-11-04,0.006158975449137513,3.5614463962452567,-0.0002474761008583405,7.25314467782634,7.2532355863346964,0.0017263611883767225
2022-11-05,0.0047615020465630485,3.5648539839941926,-0.00023320848907336088,7.255169059784487,7.2552457006810585,0.001333897744780426
2022-11-06,0.0034377590143249274,3.5679836954652977,-0.0002249695943862428,7.2569832671180405,7.257051669119925,0.0009625744421770657
2022-11-07,0.0023582353256235357,3.570729069431346,-0.00021702529769395315,7.25865706169208,7.258717519397273,0.0006599993575538831
2022-11-08,0.0015549507489528728,3.5730359814198556,-0.00020936491939721927,7.260168349482216,7.260221146809111,0.0004350010332537376
2022-11-09,0.0011681785508945405,3.5750740194921895,-0.00019816841001714093,7.26183081186587,7.2618724126833865,0.00032664973069602683
2022-11-10,0.0018724965564145264,3.576950657234845,-0.00018679157204722424,7.2644231444520155,7.264453368431562,0.0005232157264968178
2022-11-11,0.005868505303361048,3.578679669115698,-0.00017717853149998734,7.270157778120363,7.270178389059362,0.0016371673688866367
2022-11-12,0.018220062308985235,3.58021873969978,-0.00016643358466915091,7.2840591506569,7.2840690166490685,0.005063324211270233
2022-11-13,0.03043161861812805,3.5816327334097267,-0.00015555298256975133,7.297695581278089,7.297694566668158,0.008424993480817523
2022-11-14,0.035194873518323865,3.5829490213641253,-0.0001500721059195199,7.303780605009334,7.303774109522752,0.009727328304466818
2022-11-15,0.032946608017974,3.5841807603187243,-0.00014478660790944096,7.302769363961593,7.3027575829770015,0.009108500935405044
2022-11-16,0.02709875014285963,3.585337138046882,-0.0001396894307399148,7.298082980991806,7.2980661028300435,0.007501517253622269
2022-11-17,0.020494388337821214,3.5866078614328454,-0.00012957487518029114,7.292759457128291,7.292732464410969,0.005681676569918198
2022-11-18,0.015192712629924974,3.5876307987951193,-0.00011960990903813627,7.28849068374881,7.288453726065347,0.004216890608642586
2022-11-19,0.012269741760957914,3.5882917956599854,-0.0001108800787896529,7.286237439574958,7.286191752061246,0.003407730053614538
2022-11-20,0.011092626435453614,3.5887742541640284,-0.00010160883884463683,7.285552053993442,7.285497095239785,0.003081399063736037
2022-11-21,0.010606968243294218,3.589112388895902,-9.285936732380141e-05,7.285413280004676,7.2853495717794985,0.002946609774525282
2022-11-22,0.011487023579649825,3.589342635951636,-8.959494523479134e-05,7.286526846818855,7.286459874171589,0.003190104688580318
2022-11-23,0.018822662818076187,3.5894827939950202,-8.536740209473775e-05,7.294006871643806,7.293935671453399,0.005216482651859694
2022-11-24,0.02649652471734263,3.5895431076907847,-7.636611016932651e-05,7.301750048530762,7.30166984704843,0.007327498426696469
2022-11-25,0.029231169590156453,3.5895309957066366,-6.861047222539367e-05,7.304480337057372,7.304392379937095,0.008077670831887637
2022-11-26,0.027048778709879304,3.589452254333468,-6.030073123143299e-05,7.302227514544921,7.302131247683651,0.007479267519278791
2022-11-27,0.023393759801806673,3.5893638031791615,-5.406673413151782e-05,7.29849027847964,7.2983877776212704,0.00647531958455135
2022-11-28,0.02425999781344417,3.589317360736701,-4.993402938598106e-05,7.299314206753563,7.299207573190447,0.00671356813658415
2022-11-29,0.025805747404961683,3.5895209540238704,-4.522253482739538e-05,7.301068261126808,7.3009569160691346,0.0071378742603712304
2022-11-30,0.024996685714080688,3.589962617624455,-3.934712419631061e-05,7.300706738447143,7.300589517978839,0.006914790352133539
2022-12-01,0.023337592793048086,3.5904946688127923,-3.796681951943461e-05,7.299581077019125,7.299462476246143,0.0064578516941674
2022-12-02,0.020539187158202576,3.591069347561278,-3.3068769283042943e-05,7.297362248183002,7.297238749359783,0.005686991533205546
2022-12-03,0.016711082270089755,3.591669392099278,-3.2419315025248796e-05,7.294134837287146,7.294010689009671,0.004631186314411684
2022-12-04,0.012661622953636414,3.592285186311673,-0.00012085281432616749,7.290612738683787,7.2905770239056125,0.003512291199718661
2022-12-05,0.009059189476673331,3.5929367148816866,-0.0005866134587992107,7.287196073132365,7.287626118998663,0.002515047134204637
2022-12-06,0.006187431109643118,3.5935001686893666,-0.0018452894070239772,7.28362909262479,7.2853178144393125,0.0017188800244745115
2022-12-07,0.004078488042189869,3.5940805895670778,-0.00427873405721902,7.279667125784853,7.283789292249571,0.0011334929763304814
2022-12-08,0.002514418729505195,3.594690833603962,-0.008188384906002884,7.274803649660268,7.282835466973769,0.0006989922879363416
2022-12-09,0.0015557130875854701,3.5953087300631945,-0.013789974236151307,7.268861251147433,7.282494657791083,0.0004325192434059864
2022-12-10,0.002957262892992217,3.596188356202029,-0.021122591381864855,7.26380980994596,7.284775833735324,0.0008216569169368032
2022-12-11,0.01363512603042901,3.5972789434767733,-0.029982933287935103,7.266717918452072,7.2965442841475046,0.003776087098159568
2022-12-12,0.02978206861892526,3.598491525743258,-0.03997148330118224,7.274088893293805,7.313903809002486,0.008208330448178529
2022-12-13,0.03992258921613132,3.5997736757160217,-0.05052900553402825,7.274954041630929,7.325326479572455,0.010968659555682873
2022-12-14,0.04177889447388638,3.601105322206001,-0.06100580012796589,7.267665198784726,7.32851443132019,0.011468630894880191
2022-12-15,0.04105859299958621,3.6027370092160718,-0.07081957454507436,7.258762809903388,7.329425816855961,0.011268083471701868
2022-12-16,0.04258597747789391,3.604509173545975,-0.07955881094465617,7.2533231223120165,7.332725365664172,0.0116766839674963
2022-12-17,0.043068066270836015,3.606286056281847,-0.0870001959661056,7.248140708819381,7.334984337192985,0.011801558529132377
2022-12-18,0.047071485354974775,3.6079640826627553,-0.09309435718768437,7.247727993062849,7.340665782658032,0.012878530038629281
2022-12-19,0.06028000638453529,3.609467803864925,-0.09793954574413395,7.25759504673813,7.355378024889763,0.016426198611298473
2022-12-20,0.07620925934354056,3.610912145843131,-0.10168891263772557,7.27121927478175,7.372751619826974,0.020669039873853094
2022-12-21,0.09040390301307924,3.6123330472228,-0.10447537878954857,7.284048353679134,7.388367164876182,0.024415426812136938
2022-12-22,0.09325858139749843,3.613740807896039,-0.1064065421614901,7.286379629364852,7.39262960393384,0.02515743101195148
2022-12-23,0.08439588006462588,3.615140369994012,-0.10758098795938378,7.277742044332058,7.385166464698941,0.022812556590920876
2022-12-24,0.07116486168781742,3.616508394088506,-0.10809992876715983,7.265360109241968,7.3733034704166265,0.01929803883148967
2022-12-25,0.06454678412224812,3.617783533738849,-0.10810196634868711,7.260015133745213,7.3679605325013995,0.017528787086037546
2022-12-26,0.05870573555748054,3.6189657221738334,-0.10780199228181639,7.255656247682301,7.363301672371616,0.01596274605608599
2022-12-27,0.049826678687863155,3.6200512798997595,-0.10747169130886798,7.248193049511559,7.355508173227925,0.01357720317954096
2022-12-28,0.03923786571700338,3.6213479896763006,-0.10751391460844859,7.2388587230176595,7.3462160700336065,0.01071901254800307
2022-12-29,0.02894170237354169,3.622719900512786,-0.10842163739380183,7.22902674772533,7.33729181752663,0.007925625515427207
2022-12-30,0.020228617275598625,3.624042927308578,-0.11056786666130275,7.2194904601556775,7.329901759224479,0.005550798569239652
2022-12-31,0.013511425860266843,3.625351824514048,-0.11414968684110337,7.2105003457660155,7.324493465014617,0.0037130897564993624
2023-01-01,0.008776373637291978,3.626839790912892,-0.1192372334204884,7.2021657133625,7.3212463791904865,0.002413998959204714
2023-01-02,0.005739195321325694,3.628662375916321,-0.12566552103865036,7.1945228324318,7.32003178587795,0.0015791307616486883
2023-01-03,0.0050741655757226235,3.630369599400547,-0.1334368974901469,7.187793649718927,7.321073979616572,0.001395748608356137
2023-01-04,0.00647523540665559,3.6322599061461123,-0.1423898074352255,7.182132116350346,7.32436535619307,0.0017795291920841465
2023-01-05,0.008051677817059932,3.634503832086754,-0.1519305388647749,7.176411753271843,7.328185724544117,0.002210447526514852
2023-01-06,0.011100528045804138,3.6370406268014324,-0.16134086857149588,7.172587068508545,7.33377136948754,0.0030427901702912495
2023-01-07,0.015470000066700448,3.6399905764188087,-0.17014798341058252,7.1710993753077314,7.341090791125811,0.004232024868826205
2023-01-08,0.025971442295667273,3.6431788035917285,-0.17812790102317533,7.176809127097025,7.3547804605276985,0.007078326194131087
2023-01-09,0.04860136372720227,3.6465693698875006,-0.18493765934359624,7.196019856503911,7.380800948255006,0.013152670669606455
2023-01-10,0.07310423267164937,3.6500986762453143,-0.190504082939028,7.21848560821074,7.408833123557266,0.01963476997092123
2023-01-11,0.10201091475131886,3.6539986833468725,-0.1947546640722716,7.247041716258725,7.441639812738494,0.027159386068387793
2023-01-12,0.12450114007588031,3.6581010103792466,-0.19765976706274418,7.270729165625187,7.46823236509543,0.032914151455473634
2023-01-13,0.1283830703165213,3.662342111860012,-0.19927875126450345,7.277233213144834,7.476355396816836,0.033867680759386294
2023-01-14,0.11486972571603876,3.6666984460911265,-0.19973205061471666,7.267622903425253,7.467198386447468,0.030376214442577116
2023-01-15,0.0924869556594775,3.6711552925110187,-0.1992113671781264,7.250217663225174,7.449272462810798,0.02457379037671164
2023-01-16,0.06892499063296817,3.6754411208044595,-0.19798781001545016,7.232165083654781,7.42999632607773,0.018407652612395988
2023-01-17,0.04847717391523934,3.6794395178670674,-0.19652389490551064,7.2171795791096,7.413546906422609,0.013003824367132662
2023-01-18,0.03259761196364869,3.6833230188912407,-0.1952660584923519,7.206441354595341,7.401550845495192,0.008772418789835465
2023-01-19,0.021504289495003232,3.687142990268553,-0.1946189921450955,7.199815069851265,7.394277494403859,0.005798418634293589
2023-01-20,0.015341187119347628,3.690834102431251,-0.19496380351683307,7.1969982682665705,7.391805504190902,0.004139358211847519
2023-01-21,0.011675509949328266,3.694316757635737,-0.19654050483702862,7.195238544980841,7.391622482225368,0.0031504409902442603
2023-01-22,0.008903994786400653,3.697709437584078,-0.19926838543805928,7.193131829165223,7.3922436470107815,0.002402191366555943
2023-01-23,0.006527329208689131,3.7009780674281774,-0.20279508863627588,7.190497090233395,7.3931356112771685,0.0017605717350027783
2023-01-24,0.004451546403398133,3.704026774340208,-0.2070363483887046,7.187228754587705,7.394108535383909,0.0012003700759144603
2023-01-25,0.003022210895543863,3.7069715773509575,-0.21178379876985193,7.183996771709453,7.395624002886803,0.0008146134651541523
2023-01-26,0.001783587215130895,3.7098542504010057,-0.21696886343890548,7.180455756410035,7.39726805225644,0.00048053912939858233
2023-01-27,0.00359644787530717,3.712925170360912,-0.22266871637701982,7.1796396840920025,7.4021518328765215,0.0009676919024660394
2023-01-28,0.028756086847514184,3.71626496923088,-0.22871342542274478,7.202094412888453,7.4306512707186965,0.007678484691251957
2023-01-29,0.10349348222525981,3.7199678910706853,-0.234865309811675,7.274382845717074,7.509091587936248,0.027068007786893146
2023-01-30,0.1655034576724121,3.723677691146019,-0.2406898072915932,7.334278123759642,7.574811363458734,0.04255483386848503
2023-01-31,0.18266915621487415,3.7274176412704674,-0.24568628678867438,7.350187292929471,7.595717012125644,0.046717417202183975
2023-02-01,0.16552044211223815,3.731195606964038,-0.2496442548291215,7.332858576479959,7.582346263716579,0.04247690620194794
2023-02-02,0.13287864453028575,3.735007899078765,-0.25275713203730454,7.30091619380455,7.553516758249353,0.034354328399275956
2023-02-03,0.098314299346713,3.7388501279860824,-0.25533273577251503,7.2676184737930845,7.522794641973098,0.025621601890813694
2023-02-04,0.06857911969568256,3.742720072272458,-0.2575203202366095,7.239565653964335,7.496929406608443,0.017993633205234817
2023-02-05,0.045784454512158394,3.7466153462704677,-0.2596526391235572,7.218533943891873,7.478030015422929,0.012072686667347149
2023-02-06,0.029793294877265293,3.75063818339636,-0.26188972384505294,7.204328536661377,7.466061692913928,0.007880924452271973
2023-02-07,0.0200169006501091,3.7547260836012204,-0.26432098823185335,7.196208778252281,7.460373198891633,0.005302851275867511
2023-02-08,0.013966304314466547,3.758778383886379,-0.2670417268890186,7.191489743544631,7.458374902841149,0.0037018948984663016
2023-02-09,0.009807977402115614,3.762729148503828,-0.27004265204007005,7.188281256098678,7.458167340546247,0.0025998358862433487
2023-02-10,0.006786007599341042,3.76665116771806,-0.2733108095772193,7.185913147972986,7.459067389957704,0.0017983624170899945
2023-02-11,0.004584261711043068,3.7703842475232077,-0.2769726769960253,7.1837826144710295,7.460598723874553,0.0012143840934908836
2023-02-12,0.004460085602441974,3.7739371669312836,-0.2812340754753531,7.182949959291177,7.464027467174028,0.0011804173315685957
2023-02-13,0.02545684662288161,3.777149830964936,-0.2861485362751752,7.202244923545447,7.48823689222812,0.006694577899134746
2023-02-14,0.11980085764046322,3.780208227696556,-0.2917000396181814,7.294095827951642,7.585639299977322,0.030718097065692
2023-02-15,0.2628395559097311,3.7831775697676213,-0.2975506877311521,7.434253220179004,7.731647340317655,0.06496254161695586
2023-02-16,0.3529962189342914,3.7858455887363918,-0.30309762332154183,7.521530966581945,7.824472022310986,0.08528864724427718
2023-02-17,0.3618093141182875,3.7881034985808153,-0.30770432651905466,7.527995268412853,7.835543027339406,0.08718479892182764
2023-02-18,0.3158394203833268,3.790053866303075,-0.31095909587165105,7.480720973047555,7.791523501326704,0.07692343622457372
2023-02-19,0.24814259148529388,3.79183022156224,-0.3129163685057724,7.412843226774566,7.7256030276878365,0.061421846870823055
2023-02-20,0.1810894877296058,3.7934809132175062,-0.3136323910394844,7.3467247921404315,7.6602006155874145,0.04556202795815454
2023-02-21,0.1251705410520415,3.7950282328585776,-0.3133302410479742,7.292655315095449,7.605828988550922,0.031929641396009324
2023-02-22,0.08307312318750794,3.7964872955113442,-0.3125308273347635,7.252816373596893,7.565190633339155,0.021413024730098016
2023-02-23,0.05663244842681597,3.7978681420539275,-0.311822668469171,7.228464704244377,7.540130805121047,0.014692551498546437
2023-02-24,0.05234747848840994,3.799257156565056,-0.31158452407722653,7.225806893209043,7.5372348496937684,0.01359108305457818
2023-02-25,0.062103152474522624,3.800510801278593,-0.3118386553798432,7.236562080606077,7.548244168393419,0.016078011734561252
2023-02-26,0.07387779250520267,3.801679549799041,-0.31227625329074804,7.2490678712463,7.561187556944546,0.019062495011692444
2023-02-27,0.07839223347255496,3.802784336001874,-0.31257559543296226,7.254387756274271,7.566806784114732,0.02019805903424035
2023-02-28,0.08426000342356453,3.803832626466846,-0.3124137510941388,7.261465661029076,7.573722844530713,0.021671295271054148
2023-03-01,0.09574079941608632,3.804828888863927,-0.31160163191077395,7.2747548386020435,7.586199902920316,0.024545337493586474
2023-03-02,0.09890675688099732,3.8060384220587986,-0.30992791272617076,7.280804048446429,7.590575393580099,0.025328590376741417
2023-03-03,0.09007415506049005,3.807571411963112,-0.30733072793002264,7.276101621326383,7.583275781663905,0.023109888652413892
2023-03-04,0.07479472809637662,3.8094874426877148,-0.30400436368380507,7.266064589333091,7.569912385424394,0.01925574013622145
2023-03-05,0.06309991524257953,3.8113858053666374,-0.30030849881892113,7.2599640040231,7.56011593524952,0.016286010529587863
2023-03-06,0.05435300255808818,3.813169277476977,-0.2965604577570688,7.2567486045108005,7.553152494675368,0.01405370121296247
2023-03-07,0.04580659867681335,3.814897071118147,-0.292898357056791,7.253592094970974,7.546333884435263,0.011864831542288795
2023-03-08,0.03665279213679492,3.816607485110199,-0.28918903658244105,7.249858022897357,7.5388904918872965,0.009512150620404477
2023-03-09,0.0276621973278536,3.818309304963131,-0.2854911019743612,7.246267182549428,7.531601716931287,0.0071925122979657205
2023-03-10,0.021026688538346307,3.820004689740049,-0.28166905681168264,7.245149103699517,7.526661592918698,0.00547422982724259
2023-03-11,0.020365919785329346,3.821692625577697,-0.2778359585332933,7.250009369062537,7.527688760003329,0.005300783302719044
2023-03-12,0.020924637118872193,3.823401127724615,-0.27427448273499755,7.255838064341294,7.529955979483789,0.005442992711551356
2023-03-13,0.019403146387833956,3.825375861740878,-0.2711117709056626,7.259454019455854,7.5304092227690145,0.005046622015676693
2023-03-14,0.016242946972217086,3.827719724760147,-0.26835547184835257,7.261393982116816,7.529592886372667,0.004225573544629884
2023-03-15,0.012367098958874438,3.8304069672132472,-0.26624641455914366,7.262314433845782,7.528404280812424,0.0032182737641907734
2023-03-16,0.008752904255523908,3.8332636521272736,-0.2649390322420588,7.262864306373543,7.5276467710231,0.0022782057617587777
2023-03-17,0.006203752888111416,3.836490142852102,-0.2645156734913435,7.263965004481674,7.528324110380517,0.001614428069586426
2023-03-18,0.004980620903093395,3.8401704640307996,-0.2650265683673223,7.2659112987993755,7.530781299574196,0.0012952991424988501
2023-03-19,0.004289330825335234,3.844083000248838,-0.2664146008823037,7.267744512424674,7.5340025457144755,0.001114583116269828
2023-03-20,0.0035061385272551564,3.8481518573927995,-0.26834554310420666,7.269099235048652,7.537288210560357,0.0009102933154940296
2023-03-21,0.0030903179340142444,3.852085269920819,-0.27050406831400214,7.270458301773635,7.540805802495136,0.0008016023819381507
2023-03-22,0.004005348222407925,3.856018213934333,-0.27263369435020285,7.273176650039343,7.545653776797044,0.0010376486458984167
2023-03-23,0.0048901275289013,3.859832128612056,-0.27458394629961264,7.275925092074148,7.5503524707812595,0.0012653244411370045
2023-03-24,0.004915035853740448,3.8635976361237936,-0.2761962355190404,7.278103218691298,7.554142886617837,0.0012705233950359388
2023-03-25,0.004269646956772917,3.867229429718671,-0.2775515846264845,7.279734274281763,7.557129291315746,0.0011028407529517928
2023-03-26,0.003288533536519312,3.870819937269209,-0.2787153102883044,7.281179942750228,7.559738685446031,0.0008488491123314805
2023-03-27,0.002410384238467251,3.8743987332063146,-0.2798364053932538,7.282759494284332,7.562439332085084,0.0006217443690020889
2023-03-28,0.002893803021359574,3.878236095218668,-0.28113481565729237,7.285781864815539,7.5667601128803295,0.0007456083916881588
2023-03-29,0.008227780284604141,3.8821841022673325,-0.282723297975702,7.293475366809039,7.576042097192239,0.0021148866837223117
2023-03-30,0.013840298825109152,3.886194145980803,-0.28464384909243956,7.301177377946277,7.5856646594462145,0.0035487632278586
2023-03-31,0.01602268530273562,3.8902253996285117,-0.28667748675167115,7.30535738041238,7.591878299571549,0.004101809448443578
2023-04-01,0.015091872759136125,3.894025162234792,-0.28844100881085666,7.306462808415875,7.5947472496342305,0.0038606858336641147
2023-04-02,0.013687010831755428,3.897485963710757,-0.28967009992735154,7.307289656847965,7.596803189182815,0.0034994644626670825
2023-04-03,0.015095996271332679,3.9005519551830483,-0.2903491990100531,7.311085534677131,7.6012781660946835,0.0038552996741511463
2023-04-04,0.01620846528879323,3.90349249392995,-0.2906363663581036,7.314851375093443,7.605331173859046,0.004135128025690977
2023-04-05,0.015216864537611929,3.9060886220712168,-0.29052736901216125,7.316564899829471,7.606935701249132,0.003880560846273565
2023-04-06,0.01270348056551532,3.9082503234305315,-0.2900588922068096,7.316681694022042,7.606584018636349,0.0032398954949605743
2023-04-07,0.010788485461030084,3.9101970919209292,-0.28932155583289143,7.317450803781872,7.606615792022263,0.0027514728754074
2023-04-08,0.012950396943855129,3.9121083255431772,-0.28844544020315105,7.322400064516685,7.610688937127335,0.003299414826499558
2023-04-09,0.015276054737483712,3.913952161846758,-0.28760245792029027,7.327412540896756,7.614858431224544,0.0038878003250122995
2023-04-10,0.016035372937232797,3.9154646632932493,-0.28696696449844217,7.330319853964844,7.617130250870785,0.004078690776919716
2023-04-11,0.016784035641806902,3.9167001087528983,-0.2863274994265864,7.332943427200923,7.619114359035008,0.004266964102480112
2023-04-12,0.016303497224261797,3.9177265785246447,-0.28535565336521457,7.334461204616496,7.619660290389209,0.004144222822485199
2023-04-13,0.01423143840515056,3.918617764221049,-0.28387560046722565,7.334760384391778,7.618479417266502,0.00361860769938684
2023-04-14,0.011739439963283792,3.919401010446306,-0.2819753735253713,7.334951859117023,7.616770665049893,0.002986268262702404
2023-04-15,0.009192402341288772,3.9203523957020407,-0.27983107285647607,7.335500507419658,7.615175012683633,0.002339304630364825
2023-04-16,0.0068221742288641215,3.9211209594869256,-0.2775916938190605,7.3361382221295335,7.613573348356093,0.0017368312107946485
2023-04-17,0.004821257344389933,3.921784293211616,-0.275449544096367,7.336942788692443,7.612235765196308,0.0012278435616501495
2023-04-18,0.0032299919260066028,3.92237612649089,-0.273294838644509,7.3380980620051925,7.6112363330571995,0.0008228008181598161
2023-04-19,0.0021242811569529003,3.922931354232629,-0.27114487930484416,7.339697538317543,7.610685850029885,0.000541210457706558
2023-04-20,0.0013572492618214155,3.9237013613206075,-0.26901681497464347,7.341828577840589,7.610688825222732,0.0003457908267056468
2023-04-21,0.0011083594314038325,3.9245324680502467,-0.2670575078747432,7.344370101839711,7.6112710421219525,0.00028233847163110427
2023-04-22,0.002179386657226874,3.9253741051131845,-0.26523191166222815,7.348108362340987,7.613183706410714,0.0005548967472482413
2023-04-23,0.0038489038855025696,3.9261610743425943,-0.26342958090205804,7.3523671795588434,7.615640192868399,0.0009793623697713625
2023-04-24,0.005027569696336135,3.9269196510730886,-0.261503237671298,7.356230765330931,7.617577435409727,0.0012786462823761691
2023-04-25,0.005787745582811496,3.9279163410422058,-0.2592969877554358,7.360193881102386,7.6193343012653205,0.0014713220555888794
2023-04-26,0.00605619811529417,3.9289996291940983,-0.2567127373585097,7.364129872183687,7.6206860419496945,0.0015390374066014498
2023-04-27,0.006605985717353628,3.930039242765917,-0.25380042026123695,7.368631590454838,7.6222754431235735,0.0016780749429886558
2023-04-28,0.006686833376393001,3.9312228086415915,-0.25070573047859035,7.3729906937721985,7.623539856658287,0.0016980667369925553
2023-04-29,0.00598948803095347,3.9324668234076694,-0.24749187473314652,7.3767512189382805,7.6240865260789255,0.0015207704636859753
2023-04-30,0.00511272065524561,3.933740129726988,-0.24410111327947065,7.380538519335567,7.624483065022536,0.0012980227618174316
2023-05-01,0.005560368408476619,3.9350584570819414,-0.24063463023269105,7.385770977490531,7.626249040130721,0.0014110393962767055
2023-05-02,0.007824680451806973,3.936400996123464,-0.23734021513318873,7.392672243674887,7.629855891215573,0.001983831832513463
2023-05-03,0.010028217421093442,3.9377588445485263,-0.23423657234949535,7.399337271852929,7.633417276609922,0.002540212342681469
2023-05-04,0.010629266473110166,3.9388669604000115,-0.23106184669723584,7.40422116240869,7.635126441513425,0.0026912967787604456
2023-05-05,0.009960778078813994,3.9398231282710072,-0.22765783189369154,7.407912856688934,7.635414120990124,0.0025218539330216705
2023-05-06,0.008475226894472124,3.9407084221229165,-0.2239096418571124,7.411060789393081,7.634813863657691,0.002146070592736521
2023-05-07,0.006628480236245652,3.9415469734938955,-0.2197666225448009,7.414195613418144,7.633805668370444,0.001678871750743302
2023-05-08,0.004857710738819611,3.942322548663576,-0.21535911547665446,7.417607926158546,7.632810474042698,0.0012306787173573547
2023-05-09,0.004173112189389785,3.942871795554652,-0.21069964006034608,7.422132049916501,7.632675122384345,0.0010572750720930998
2023-05-10,0.007855378208901405,3.943364584083229,-0.20585517237480982,7.4311515721501245,7.636850176932433,0.001988089320227175
2023-05-11,0.01588333483624121,3.943811397105465,-0.2008737481209545,7.444607766053556,7.645324946582009,0.004011252359459674
2023-05-12,0.02206549623348806,3.9442673995061264,-0.1956415212709012,7.456478156701517,7.651963110379917,0.005563198252267082
2023-05-13,0.023345296693553723,3.944706787240415,-0.19018874254961435,7.463650123617159,7.653682298574271,0.005883314079488833
2023-05-14,0.020806029744187035,3.9449400619065704,-0.1847088414450612,7.466824032438501,7.65137630629106,0.005246435163358238
2023-05-15,0.016576096667974837,3.945073784323879,-0.17920167145544627,7.4682349917692115,7.647280095632157,0.004184139731152815
2023-05-16,0.012203475998511782,3.945119514053969,-0.17369584104981173,7.469413931235473,7.642953204692784,0.0030837705259812373
2023-05-17,0.008476316488178193,3.944947473354521,-0.16819687221064925,7.471013699864854,7.639054004483002,0.0021440444887178296
2023-05-18,0.005646149591959715,3.944739355623815,-0.16272560295894758,7.473446684489631,7.636015719856077,0.0014292654690295386
2023-05-19,0.0040779553806750465,3.9446162560197244,-0.15730955360227197,7.477171440030931,7.634324426040703,0.0010327351682238278
2023-05-20,0.005108997697128748,3.9445263916362747,-0.1519682955538571,7.483453876012351,7.635265603973706,0.001293536540341516
2023-05-21,0.008240214755627867,3.9444312768789747,-0.14669936845194223,7.491758905415464,7.6383017062749055,0.002084720365218152
2023-05-22,0.012228237085661767,3.9443461219781804,-0.14159172563287198,7.500769415663774,7.642204573704145,0.003090612225611013
2023-05-23,0.014296607595706851,3.94425401354192,-0.13666974059997716,7.507667662770453,7.644180835777929,0.003611576297487949
2023-05-24,0.014056873962143555,3.944148972789695,-0.13187124425497507,7.512121384729667,7.6438360613921414,0.0035513246421175473
2023-05-25,0.012165685396825545,3.9440291538234638,-0.12723132627908504,7.514750295174008,7.641825053860591,0.003075097635793699
2023-05-26,0.009564247897034141,3.9438937786147026,-0.12268825855916171,7.5165565501853795,7.63908824115204,0.002419210684139471
2023-05-27,0.007045336620335956,3.9439773775616684,-0.11829358703632588,7.518515909378483,7.636652928822307,0.001783167835266313
2023-05-28,0.004920654103256591,3.944326817791446,-0.1140070805508733,7.521027173576633,7.634877686535005,0.0012459725905441532
2023-05-29,0.0032933094027532733,3.944786275983633,-0.10976111845823294,7.524105249160957,7.633709800026689,0.0008341547660141626
2023-05-30,0.002130743601774659,3.9453053219038834,-0.10559815583363624,7.527624691904826,7.633066280145961,0.0005397791291400473
2023-05-31,0.001341208180253786,3.945812587485701,-0.10158934952419547,7.531351228374564,7.632784010306258,0.0003397912140455374
2023-06-01,0.0008252894309768677,3.946330178876636,-0.09774488284904992,7.535197367691367,7.632785682947915,0.00020908460221626888
2023-06-02,0.0004982550771067423,3.94678395398713,-0.09405540903912098,7.539013582257921,7.632912423704539,0.0001262273763863621
2023-06-03,0.0002959873553860408,3.9472182845102033,-0.09051257356156604,7.542788480536827,7.633144486505891,7.49806929123926e-05
2023-06-04,0.0001510951251016902,3.9476468920466155,-0.08710885726156196,7.546475912142959,7.63342820181202,3.8273266664776284e-05
2023-06-05,0.0015541637509911223,3.9480726508997006,-0.0838374467555485,7.551576150127947,7.635257029290994,0.00039349635394061246
2023-06-06,0.00887976373753436,3.9485487248004363,-0.08069212731321458,7.56252314345756,7.643058703178273,0.0022438216542012344
2023-06-07,0.017483462038748822,3.9490198261105403,-0.07766719429598201,7.574622876086112,7.652133502789592,0.004407777018862965
2023-06-08,0.02306604807624828,3.9495940968418086,-0.07475737990443197,7.583689547246429,7.658290359558359,0.005806197166338289
2023-06-09,0.025683959957110945,3.9502129334281455,-0.07195779255215609,7.5897258830659045,7.66152710802556,0.006459916000297099
2023-06-10,0.02575188685105939,3.9508562951567154,-0.06926386665023507,7.593131097590344,7.662238396648077,0.0064758421429534346
2023-06-11,0.02443775605990119,3.95151550683499,-0.06667132097226332,7.595068724155432,7.661583477535194,0.006146389166080906
2023-06-12,0.02152042610188238,3.9521859581884784,-0.06417612408867175,7.595317042434493,7.659336598930663,0.005415706149543703
2023-06-13,0.017439268355132626,3.9528666529054015,-0.061774465622752815,7.594318237870585,7.655936135900837,0.004392424337315504
2023-06-14,0.013159612033229523,3.9535560377856154,-0.059462732298826954,7.593039699752822,7.652345864459147,0.0033175082851805895
2023-06-15,0.009378337547954196,3.9540181254064564,-0.05723748793322613,7.591945757253988,7.649026677594714,0.0023662375529707566
2023-06-16,0.006386556834258047,3.9541283773747824,-0.05509545666786809,7.591206259773976,7.646145148849343,0.001612557190251705
2023-06-17,0.007773178274357971,3.95403374567604,-0.053033508869372484,7.594560197313829,7.6474371385907,0.0019620285449466522
2023-06-18,0.026233917437678635,3.953830410990371,-0.051048649218514305,7.6148024614423395,7.665694543068352,0.006591330006980032
2023-06-19,0.05606932415749307,3.9535513585542987,-0.04913800659894607,7.64626945834565,7.6952508973520946,0.013983697859312765
2023-06-20,0.07668212015354463,3.9532101924638208,-0.047298825463564606,7.6683802693866046,7.715522527257668,0.019028329842327857
2023-06-21,0.08050811208490159,3.952817095151357,-0.04552845841431201,7.673583531054751,7.7189554218765615,0.01996072916224573
2023-06-22,0.07646851831858537,3.9523786859694794,-0.04382435977846341,7.670809626742406,7.714477418928367,0.018980247808156346
2023-06-23,0.08253061278840813,3.9521606381113474,-0.04218408000353021,7.67829395312903,7.720321465540058,0.020455248656264195
2023-06-24,0.0986391766576254,3.952144689032256,-0.040605260725048165,7.695965387197638,7.736414080330184,0.024350639265920532
2023-06-25,0.10874260066124125,3.9521528170905875,-0.03908563038801402,7.707596569596619,7.746525632392132,0.026777986004240105
2023-06-26,0.10864255324489455,3.952202740505576,-0.03762300032453501,7.70900907565874,7.746475508390773,0.026753679440113726
2023-06-27,0.11317417377688142,3.952171811517108,-0.03621526120818383,7.71491750631861,7.750976199934292,0.0278387557138503
2023-06-28,0.11168327168904514,3.952215929787781,-0.034860379820274255,7.714825603889356,7.749529416117128,0.02748180162747622
2023-06-29,0.09918343754065262,3.9522639202019243,-0.03355639607533552,7.7036777439000454,7.737077572382879,0.024480988837509314
2023-06-30,0.08017996181234009,3.9523147591872503,-0.03230142026300298,7.685980082969391,7.718124935639893,0.019883463552920602
2023-07-01,0.06016980052648703,3.952367800375295,-0.031093630471603177,7.6672307526629835,7.698167815542085,0.01499544839479246
2023-07-02,0.0426238232406635,3.952420536605691,-0.029931270165357,7.6508998719138015,7.680674574486657,0.010669173956882614
2023-07-03,0.02868024464003236,3.9524735932746458,-0.028812645892528875,7.638127974254953,7.666784052554981,0.007204003112588843
2023-07-04,0.018587514401807757,3.9525260812083425,-0.027736125106229446,7.629164252736725,7.656743810250453,0.0046806806086723985
2023-07-05,0.011787288412972444,3.952837677322859,-0.026700134083168542,7.623711613885467,7.650255180376134,0.0029731156199750996
2023-07-06,0.007308942491352736,3.9535168329486625,-0.025703155928539237,7.62090940174428,7.646455990080318,0.0018453077478624447
2023-07-07,0.004425913529850617,3.9545144864677817,-0.024743728657575317,7.619983453572861,7.644570614637935,0.001117954069188125
2023-07-08,0.005702067678698932,3.955697960779868,-0.023820443346173135,7.623366367345198,7.64703024309887,0.0014394071888058429
2023-07-09,0.026277171201907146,3.9571006911594413,-0.022931942344518386,7.646232702249634,7.669008077001651,0.006596705637744852
2023-07-10,0.0706374781144742,3.9588946308479924,-0.022076917548863727,7.693241973646407,7.715162323602769,0.017529945463733283
2023-07-11,0.10393847238514303,3.9611517559693077,-0.021254108727534523,7.72962290185972,7.750720442994753,0.025568552368201027
2023-07-12,0.11109089102415749,3.9636506295428515,-0.02046230189804757,7.740066000901766,7.760371735207312,0.027263297675063067
2023-07-13,0.09941297308028194,3.9662082307511275,-0.01969125884455203,7.731716727219662,7.751251418471712,0.02445209922326161
2023-07-14,0.07929772038383187,3.969037196809971,-0.018951227240199375,7.715170472186408,7.733965131834106,0.01958773718227812
2023-07-15,0.05846106087222497,3.9719019039544348,-0.018239295545132456,7.697910451514331,7.715993179466962,0.014505160300057317
2023-07-16,0.040701235899313744,3.974808279459632,-0.01755119531187513,7.683745102279875,7.701139729999249,0.010136007832539144
2023-07-17,0.02826861402736369,3.977674042844411,-0.016887939102129178,7.67484150000245,7.6915728715120775,0.007056669665221454
2023-07-18,0.023930659667092426,3.9805618513390866,-0.01625115047899627,7.674028142759987,7.690122725646481,0.005975953157939494
2023-07-19,0.02223058935293204,3.983488887468678,-0.015643444923259864,7.675862814131154,7.691349691461912,0.005549711975979703
2023-07-20,0.019575043377020138,3.986459234805006,-0.015054862940469864,7.676766197474361,7.691664492822329,0.004886389386039768
2023-07-21,0.017371369132651363,3.9894736072885904,-0.014496339572009425,7.678135419082036,7.692475191061544,0.004335423315570046
2023-07-22,0.020427094264347592,3.9925282237335757,-0.01395882671294244,7.684783273517785,7.6985855326382255,0.005090286994408584
2023-07-23,0.0233722457316818,3.995623115945261,-0.013441527307348771,7.691340616602398,7.7046255763172455,0.005815444813534104
2023-07-24,0.023047084039255563,3.9984947214310016,-0.01294367435518542,7.694384913347875,7.707172020110559,0.005730907486254657
2023-07-25,0.02023592027207943,4.0010325507176985,-0.012464529823885271,7.694590723398696,7.7068986856300805,0.005032223145026337
2023-07-26,0.017202423761671474,4.003546412509323,-0.012003383594647137,7.694532234909151,7.706379050911297,0.004278412918133355
2023-07-27,0.016174836551277768,4.006274572504007,-0.011557053251951398,7.696679138036138,7.708079623695587,0.004021141077589488
2023-07-28,0.016043193458013576,4.009030612408512,-0.011129967325649113,7.699730620773681,7.710704020506829,0.003985813486110663
2023-07-29,0.016452791450603774,4.0115680517049865,-0.010718903702173248,7.703088721686221,7.713651057795893,0.0040845844873321204
2023-07-30,0.015774564644295636,4.013764181830441,-0.010323254159993855,7.705002274547546,7.7151689611150385,0.003914732091382941
2023-07-31,0.013629787426280343,4.015556426124115,-0.009942433613697503,7.705030562169502,7.714816428190698,0.0033827643359948343
2023-08-01,0.010767884568435367,4.017135994531074,-0.009575879253167689,7.704114782079146,7.7135340937398125,0.0026733221277471663
2023-08-02,0.008399605661525183,4.018333204438899,-0.009223049712244155,7.703296542620984,7.712363024740727,0.0020859605187749475
2023-08-03,0.008481188553850173,4.019333597707402,-0.008878817898715866,7.704722750595341,7.713445000901555,0.0021056550521586135
2023-08-04,0.008888913763815717,4.0204420923669355,-0.00855205690072468,7.70656573146283,7.714961220771054,0.002206052009698623
2023-08-05,0.00832076210729452,4.021549368333174,-0.008227812777987842,7.707429099895285,7.7155003450807715,0.0020647717762520184
2023-08-06,0.006894370934340843,4.022623144877315,-0.00791491539414997,7.70738938265031,7.7151477304519585,0.0017109668607439038
2023-08-07,0.005314999239854568,4.023662936982226,-0.0076186335529098564,7.707146084901975,7.714608150862383,0.0013191929377598857
2023-08-08,0.003831403920594677,4.024930999051054,-0.007329520875938223,7.707219664328514,7.714392617611951,0.0009510126280389735
2023-08-09,0.0027129530444053715,4.026275685272783,-0.007052230905807169,7.7077231896441845,7.71461885295749,0.0006733583258597888
2023-08-10,0.0027530595665133904,4.0276735928956136,-0.0067826962215076685,7.709430738473424,7.71605686710243,0.0006830690157409483
2023-08-11,0.004919518091398908,4.029120893879114,-0.0065216714148636536,7.7133055227884535,7.7196706266108155,0.001219501439995705
2023-08-12,0.0068583161430722924,4.030591936886037,-0.0062753843767334215,7.716961650885179,7.723080467669411,0.0016986750828513171
2023-08-13,0.007230519875328679,4.032259872286291,-0.006045590434133475,7.71923158396029,7.725120606801922,0.001789958428756027
2023-08-14,0.006699694966617889,4.033776866583554,-0.005824346757036726,7.720438997025939,7.726106776190474,0.001658144742225031
2023-08-15,0.006607772841241794,4.03511222535942,-0.00560374773782827,7.7219030326956375,7.727350212840964,0.0016348912948406908
2023-08-16,0.007502276717531574,4.036323355381283,-0.005398912800363023,7.724213501531255,7.729455846739117,0.0018552423868082968
2023-08-17,0.012031084954677765,4.03744729532162,-0.005201685845165273,7.730063476663936,7.7351085949166,0.0029710209130334657
2023-08-18,0.015717245908511444,4.03852108031312,-0.005011779730023061,7.7350133287244125,7.739868540861934,0.0038767444446610056
2023-08-19,0.016176533762203245,4.039559007979452,-0.004828918297329543,7.73669340567713,7.741365756381958,0.003988557339529232
2023-08-20,0.014711256222914759,4.040725067222897,-0.004652835951620395,7.736570269726996,7.741066538086114,0.00362753968983908
2023-08-21,0.01424733135330552,4.041930299432297,-0.00448327725310551,7.737481135765302,7.741807845425906,0.003512501830583314
2023-08-22,0.013878690111759882,4.0431460111452315,-0.004319996526637161,7.7384914869631585,7.742654915897294,0.0034209035275185374
2023-08-23,0.01246486481097124,4.044104452462668,-0.004162757485565638,7.738193342020877,7.742199531913942,0.0030727602158536994
2023-08-24,0.010216344858552285,4.044955656249789,-0.004006152470181503,7.736952630870963,7.740802215748643,0.002519336998716701
2023-08-25,0.007754692571962104,4.045751936194871,-0.0038561720699592547,7.735437238929678,7.7391368434071355,0.0019130824942850172
2023-08-26,0.005521254991508682,4.046505810586015,-0.003710423255707791,7.73410342455462,7.737657280217826,0.0013625908470386175
2023-08-27,0.0037718864972590732,4.046989929400182,-0.0035685980095227663,7.7329800001207225,7.736392030537743,0.0009311548465911015
2023-08-28,0.002481700674078933,4.047503060899275,-0.0034293374145526723,7.732342206391605,7.735614976213657,0.0006127679041228868
2023-08-29,0.0015839955538710366,4.0479781419184615,-0.0032951283627184946,7.732053791342419,7.735192352112636,0.0003911523024214513
2023-08-30,0.000972734129200478,4.048389024774404,-0.0031756426874149034,7.731972898448993,7.734991973543907,0.000240219122695487
2023-08-31,0.0005936908526220434,4.048757078951172,-0.0030557049231079653,7.73208184711349,7.734980984444096,0.00014661383672889616
2023-09-01,0.0002979706891807317,4.048985442443174,-0.002935838153564836,7.732134357211593,7.734913627772657,7.35860296205432e-05
2023-09-02,0.00017735631725051317,4.04911280062204,-0.002821173725626216,7.732255765446468,7.734920371579593,4.379935998080471e-05
2023-09-03,0.00010406120197981486,4.049308315836628,-0.00271196758914189,7.73248719168227,7.73504259167891,2.5697852500741425e-05
2023-09-04,6.030377780612015e-05,4.0495079154421285,-0.0026063935381002074,7.732748607914639,7.735198433860237,1.489140929146674e-05
2023-09-05,7.801018742468854e-06,4.049693743674349,-0.00250590939999366,7.732982417525902,7.735331759333394,1.926319422894671e-06
2023-09-06,-3.8431220364231055e-19,4.049862241221448,-0.0024100530597656144,7.733238970394487,7.735492455861751,-9.489512994555614e-20
2023-09-07,8.530894309719912e-19,4.050167653359506,-0.002323017414492862,7.733631418177818,7.735797867999809,2.1063064642876603e-19
2023-09-08,1.3140148058482029e-17,4.050389632301029,-0.0022391729492907547,7.733937241584543,7.736019846941332,3.244168895182832e-18
2023-09-09,1.4748056557064574e-17,4.050573343917701,-0.0021584007070845714,7.7342017254434205,7.736203558558004,3.6409800057589626e-18
2023-09-10,2.017562838720882e-17,4.0507364185644645,-0.002073961169032739,7.734449239628236,7.736366633204767,4.9807309838142555e-18
2023-09-11,1.8778039661125048e-17,4.050882120088194,-0.0019909645815593714,7.734677937739439,7.736512334728497,4.635543346967653e-18
2023-09-12,-3.8327221268630976e-19,4.051011919987681,-0.0019136006573722316,7.734885101563113,7.736642134627983,-9.461147492438762e-20
2023-09-13,5.683688251898321e-18,4.05112673506169,-0.0018409439488886335,7.735072573345605,7.736756949701992,1.4029894949242489e-18
2023-09-14,-9.01882660555548e-18,4.0512272481168345,-0.0017692936740078403,7.7352447366756305,7.736857462757137,-2.2261961754299948e-18
2023-09-15,0.0003492429243918147,4.051287928803842,-0.0016997012812755058,7.735724252679763,7.737267386368536,8.619797617338091e-05
2023-09-16,0.001983461745104263,4.051167983966432,-0.0016290325580957273,7.737309195386245,7.738781660351839,0.0004893628505302653
2023-09-17,0.0034669180341958027,4.050964739848911,-0.0015704919029578058,7.738647948212953,7.740061872523409,0.000855093469748099
2023-09-18,0.003954882486867184,4.050711643628053,-0.001505836406373361,7.7389474719413505,7.740296740755222,0.0009753903215948697
2023-09-19,0.003643816395130327,4.050418976363992,-0.0014419064323936259,7.738407668559533,7.739693007399425,0.0008988061067131156
2023-09-20,0.0029544313299546907,4.050014152205985,-0.0013803505961319565,7.737375015172612,7.738598798176242,0.0007289549052899764
2023-09-21,0.002200313113017429,4.04954691974431,-0.0013212745750300094,7.736212740515102,7.7373774474976305,0.0005430529069469491
2023-09-22,0.0015423721039064524,4.048774681162252,-0.0012648554672685336,7.734838980031694,7.735947267906461,0.00038080280719325176
2023-09-23,0.0010332325984966874,4.047856992605058,-0.001219512029854492,7.733457495406504,7.734520439843857,0.0002551890866452776
2023-09-24,0.0015413117241088632,4.046850688999205,-0.0011758174209798473,7.733002965535139,7.734022215363617,0.0003807219567259004
2023-09-25,0.008085429277696989,4.045773720702863,-0.0011337107219161141,7.738512221491448,7.739489364620863,0.0019945017768404115
2023-09-26,0.026043499596170267,4.044481412324707,-0.0010931333038923527,7.755218560849789,7.75615512656118,0.0063980690843826234
2023-09-27,0.04682874993980005,4.043044553293902,-0.0010540287404732051,7.774606056726033,7.775503517874005,0.011449926799144219
2023-09-28,0.05718677127151036,4.041515083563114,-0.0010115973753903496,7.7834770396920385,7.784332069474927,0.013952410616072426
2023-09-29,0.05597792286947611,4.039911368562862,-0.000969847382542073,7.7807062262826,7.781519506072641,0.013666854469570038
2023-09-30,0.05023427937565576,4.0382430031177865,-0.0009264369182180115,7.773337627808028,7.774107497133745,0.012286794301329554
2023-10-01,0.0443519486406505,4.0365165717021565,-0.0008844170355690568,7.765770885540042,7.766498734983109,0.010868262091650233
2023-10-02,0.03779939335004081,4.034737047340679,-0.000843323891756904,7.757479899031767,7.7581666553310225,0.009281535942163324
2023-10-03,0.0313516001753438,4.033012765432619,-0.0008132243085284046,7.749337923532239,7.7499945802482655,0.007713776953817504
2023-10-04,0.025299482469817586,4.031285915212919,-0.0007842137666910711,7.74158796614885,7.742215612323039,0.006236644860051396
2023-10-05,0.01954614379117403,4.0295382561881254,-0.0007562522535770716,7.734114929958526,7.734714614619602,0.004827299670827795
2023-10-06,0.014376201428703586,4.027766119513357,-0.0007293012517578068,7.727199801923107,7.727772535582363,0.0035565797261074847
2023-10-07,0.011762297284943272,4.025968389003856,-0.0007005512639482735,7.722816917257655,7.7233609009291015,0.0029130960430038878
2023-10-08,0.017122266254527375,4.024143164103265,-0.0006756084589629617,7.726376604131634,7.726895644998095,0.004236857625313529
2023-10-09,0.025890885491443597,4.022292400868158,-0.0006515655945889198,7.733318502997816,7.733813500999904,0.006395680150818078
2023-10-10,0.03024778024632207,4.020416536742924,-0.0006261088941869556,7.735824990327863,7.736294531629548,0.007467362851929548
2023-10-11,0.028796028663783137,4.018516624724031,-0.0005981378506167023,7.732501297770002,7.7329428680281165,0.007114851539744365
2023-10-12,0.02403603426195801,4.016855203598436,-0.0005703560324781516,7.726107664060721,7.726521452500697,0.005948201237577682
2023-10-13,0.018378734658773908,4.015537812396596,-0.0005500906975487069,7.719153238590626,7.719546761695673,0.004556052274355996
2023-10-14,0.013149595561124558,4.014620716736994,-0.0005305548028370773,7.7130265397280855,7.713400526938421,0.003264733224974245
2023-10-15,0.008926522921459323,4.013885798582426,-0.0005117217039711669,7.708087382032719,7.708442536144188,0.0022189757334048926
2023-10-16,0.005820620664531286,4.013257875736131,-0.0004897986349743188,7.704375479998492,7.704708711040965,0.0014482475696217475
2023-10-17,0.004663505488253011,4.0128640090499665,-0.00046488337722079743,7.702849413393802,7.703157729178522,0.0011607899314633671
2023-10-18,0.008873982429078634,4.012780545901637,-0.00044084754902856444,7.7070004630144915,7.7072847429710185,0.0022065501565501186
2023-10-19,0.017364874778479047,4.012856638128669,-0.00042522007976021587,7.7155830750601915,7.7158517275474505,0.00430866510013568
2023-10-20,0.022970890017807038,4.013118537278992,-0.0004061484382351342,7.7214700610913685,7.721719641937102,0.005691372907262851
2023-10-21,0.02336107090931597,4.013525095782705,-0.0003847819126719137,7.722288167012153,7.722516381332324,0.005786903555038542
2023-10-22,0.020250285451169754,4.013927498693216,-0.00036396353318660015,7.719600602844004,7.719807998784689,0.005019680969629022
2023-10-23,0.015730773070575046,4.014365768949437,-0.0003449628962618905,7.715538361356555,7.715726756660315,0.0039033241279848555
2023-10-24,0.011392540903049234,4.014849734892889,-0.00032494313227140467,7.71170411489647,7.711872490436241,0.002829571626013755
2023-10-25,0.007854098983561745,4.015639833123832,-0.00030638572205073734,7.708974328618147,7.709124146747697,0.001952059358381581
2023-10-26,0.0051955680812197265,4.016841357964765,-0.00029554621894191055,7.707528162059847,7.707667140686287,0.001291775330945911
2023-10-27,0.003327055532644328,4.018247710438888,-0.0002785488913418479,7.707082999312994,7.707204980611834,0.000827301673164487
2023-10-28,0.0020754060668737194,4.019784931179532,-0.00026464911345746125,7.7073824703657525,7.707490551886709,0.0005160313618186603
2023-10-29,0.001266980071787893,4.02142762299545,-0.0002494087975298064,7.708231976502511,7.70832481770754,0.00031495805593142513
2023-10-30,0.0033789149958248807,4.023161732173504,-0.0002405956473148482,7.712086833754817,7.712170861809631,0.0008391607814018391
2023-10-31,0.015499036597669272,4.024715594089852,-0.00022879795409714722,7.725772614966227,7.725844845327823,0.0038361913943744646
2023-11-01,0.027254896984756218,4.025974623671107,-0.00021501961370928377,7.738801283274958,7.738859735296166,0.006724242198933268
2023-11-02,0.031496490912253636,4.0268767366900375,-0.00020033426397149092,7.743959675571124,7.744003442242594,0.007760866028298223
2023-11-03,0.029829928593498724,4.027635032216313,-0.0001860960941386156,7.7430656469484775,7.743095175450114,0.007351863511236607
2023-11-04,0.02695533578988168,4.02858210750034,-0.00017231069899213038,7.741151914824034,7.741167657930524,0.006646550837418248
2023-11-05,0.023267251794999506,4.029695868088918,-0.00016229313125549246,7.738587608985466,7.738593334524221,0.005740800275445366
2023-11-06,0.019096136502383763,4.030691938857315,-0.0001565675925010869,7.735418290000001,7.735418290000001,0.004715342172735214
2023-11-07,0.01555137049070635,4.031651065292986,-0.0001510464511862766,7.73283817156531,7.732832650423995,0.003842498796998034
2023-11-08,0.015002751235673307,4.032521691741233,-0.0001403400264021863,7.733170885183308,7.733154657617209,0.0037066487051623485
2023-11-09,0.015126294361288687,4.033329959054301,-0.00012983570296812083,7.734113199945425,7.734086468055892,0.0037363116739935077
2023-11-10,0.013974941827308008,4.0341082490339994,-0.00012526069037353466,7.7337447124037375,7.73371340550161,0.003452236816391753
2023-11-11,0.011672513010757847,4.034871441045659,-0.00012084877692347279,7.732209887512298,7.73217416869672,0.0028845635048784907
2023-11-12,0.008977782816545111,4.035624809027658,-0.00011069885199804273,7.7302786752250086,7.730232806484505,0.0022196946702868884
2023-11-13,0.0064788359647825365,4.036109020367862,-0.00010193240366930104,7.728272706161778,7.728218070972947,0.0016026456802005061
2023-11-14,0.004450141528571124,4.036217846781118,-9.24995863447705e-05,7.726362270956148,7.726298202949992,0.001101338081091074
2023-11-15,0.0028061261713196255,4.036156391169611,-8.333377945973554e-05,7.724665965794274,7.724592731981232,0.0006947641032249668
2023-11-16,0.0017977085761508374,4.0359969786704,-8.040114554567616e-05,7.723501068333809,7.723424901886853,0.00044522040256998047
2023-11-17,0.0011272266552136215,4.036023106166093,-7.542405550694591e-05,7.722861690998604,7.72278054746161,0.000279213445694472
2023-11-18,0.0013024147310635877,4.036147774151682,-7.27716446253103e-05,7.723164199470925,7.723080403523048,0.0003225834797045497
2023-11-19,0.005169997490980607,4.0362973454332876,-7.021357364516539e-05,7.7271839115834275,7.727097557564571,0.0012792377253851004
2023-11-20,0.017228825103637244,4.036452873541842,-6.108433575059e-05,7.739407396542533,7.739311913285782,0.004250167226843239
2023-11-21,0.04102270046825064,4.0367649770945535,-5.308551144500239e-05,7.763521374284163,7.7634178922031065,0.010060038361970069
2023-11-22,0.06239882484606797,4.037139719498087,-5.122029228488731e-05,7.785274106284674,7.785168758984457,0.015220938691296182
2023-11-23,0.0696586758077101,4.037309106845653,-4.592641021926894e-05,7.792708638475948,7.792597997293665,0.016961096237941793
2023-11-24,0.06526892624190753,4.037139926101436,-4.1944621464481395e-05,7.788153689954684,7.788039066983647,0.015909902837847368
2023-11-25,0.05933515594786013,4.037035808927271,-3.680865797716641e-05,7.782120938449959,7.782001179515434,0.014484810203137653
2023-11-26,0.05563553545854319,4.036963701638,-3.217069225522692e-05,7.778353848637092,7.778229451736846,0.013594181163463566
2023-11-27,0.050379985623174674,4.036886568727181,-2.794720929559208e-05,7.773025389373864,7.772896768990658,0.012326082714021143
2023-11-28,0.042248876965513424,4.036798144645111,-2.4090407135086757e-05,7.764809713436294,7.764677236250927,0.010357536145496877
2023-11-29,0.032850829701538915,4.036699403885633,-1.9560566180206043e-05,7.755317455253796,7.755180448227475,0.008072348985991509
2023-11-30,0.023988714801142366,4.036589025666354,-1.8874198102318135e-05,7.7463456485021975,7.746207955107798,0.00590770977293998
2023-12-01,0.016658841779767557,4.036467325972111,-1.8212180351980696e-05,7.73889473780433,7.7387563823921806,0.0041101216913283535
2023-12-02,0.011112730945455545,4.036334851379907,-1.5005470425678044e-05,7.733219359087742,7.733077796965666,0.0027456145433441275
2023-12-03,0.007786925439159828,4.036192140392445,-1.7122855620536268e-05,7.729748725208789,7.729609280471908,0.0019255602742737053
2023-12-04,0.007951305819163182,4.036041419490565,-5.6193357096942235e-05,7.729723314185435,7.729622939950031,0.0019662018107498434
2023-12-05,0.008843889638679164,4.035881438550492,-0.0002484259219860354,7.730263684499989,7.730355542829473,0.0021865241570404943
2023-12-06,0.008952014114538666,4.035635041489297,-0.0006996485717131729,7.729674189264927,7.730217270244139,0.0022133320389619297
2023-12-07,0.008547577192078083,4.035554947196131,-0.0014717611501857575,7.728417545470827,7.7297327390285115,0.0021135906274708403
2023-12-08,0.007503484518381346,4.035797583649694,-0.002552517571374124,7.726535332829506,7.728931282808379,0.0018557817960810415
2023-12-09,0.006028882087277606,4.036434009366121,-0.0038910614503839987,7.724358612235819,7.728093106093701,0.0014913883563467973
2023-12-10,0.004717755196662178,4.037092997586721,-0.005558990645429543,7.722038544370758,7.727440967423686,0.0011672380240498167
2023-12-11,0.004592240485682855,4.037793852812205,-0.007814444950645366,7.720358430580046,7.72801630793819,0.0011360222353071628
2023-12-12,0.0047052175528540805,4.038776965917494,-0.010886775678564031,7.718382190024588,7.729112398110651,0.0011636548250636269
2023-12-13,0.004345311979825646,4.040159927459723,-0.014760428072725007,7.7155315935996285,7.730135454079852,0.0010743741749801219
2023-12-14,0.0036100039365404455,4.041554911416386,-0.019265384888034667,7.711686312697695,7.730795129993228,0.0008924244158350923
2023-12-15,0.0027602455696364397,4.042972376651224,-0.02430790344540637,7.707211501008257,7.731362836861162,0.0006822609963090526
2023-12-16,0.0019813372076272757,4.044438614341075,-0.02996835785507307,7.7022383759264335,7.732050166189005,0.0004896518975666258
2023-12-17,0.001354708134454062,4.045954100097149,-0.03643757856353255,7.696658011900875,7.732939022871906,0.0003347182532004462
2023-12-18,0.000891511847964175,4.047515350461311,-0.04392659621482228,7.690267048327257,7.734037076949578,0.00022021300681612877
2023-12-19,0.0005377261850696061,4.049117960815635,-0.052601755478633896,7.682840713754874,7.735285901641007,0.00013278318618436969
2023-12-20,0.00033640537226864914,4.050759258677615,-0.06255131323747033,7.674331133045218,7.736725878690186,8.304058955061664e-05
2023-12-21,0.00020142204186510962,4.052617715726621,-0.07378437824279585,7.664821541758494,7.7384493524087885,4.969924267975456e-05
2023-12-22,0.00011671517406994026,4.054583976516956,-0.0861890670048505,7.654298406918979,7.740330906331328,2.878515159185864e-05
2023-12-23,6.92256296136029e-05,4.056646398225283,-0.09951978791312918,7.642982618174571,7.742345838495199,1.7064452141168626e-05
2023-12-24,0.0003897359204461268,4.058802068564694,-0.1135376003687232,7.631440986349222,7.7448220191254435,9.601318174112743e-05
2023-12-25,0.0025307291879193556,4.060842713367454,-0.12805336356886654,7.62110686121931,7.749003657195676,0.0006228148172194165
2023-12-26,0.0064421106518522155,4.062603631161232,-0.14275463240116884,7.612077891644719,7.7546759564533865,0.001583199369241237
2023-12-27,0.009155259538160898,4.064005462426974,-0.157104608138403,7.6018428960595354,7.758790936605437,0.002247703973179791
2023-12-28,0.009576140125431093,4.065076997517653,-0.1705407940278535,7.589899125848035,7.760283352283387,0.00235017308270079
2023-12-29,0.009205952502531756,4.065995011884089,-0.18281729134939803,7.578170455270027,7.7608311790269235,0.002259018041805305
2023-12-30,0.011094749034434026,4.066820237484082,-0.194074622969401,7.5696271457819195,7.763545201158819,0.002720691596345923
2023-12-31,0.012643407350373097,4.067315640917143,-0.2045658012422165,7.561180029258104,7.7655892629078185,0.0030989054548824215
2024-01-01,0.012245276349807504,4.067387158837506,-0.21439466386801,7.551024553552107,7.765262649827616,0.0030015636321033593
2024-01-02,0.01041664019991752,4.067222599216736,-0.2235640508936104,7.539861970755847,7.763269454056956,0.00255457621145703
2024-01-03,0.008069919362991689,4.066912653647951,-0.23241504407481695,7.52835431116893,7.760612787651246,0.001980356779054627
2024-01-04,0.005839079244802264,4.066490794391221,-0.2412612612090694,7.516855394659759,7.757960088276326,0.0014338424012759995
2024-01-05,0.004973617554205532,4.065975921275093,-0.2504226643077004,7.506313656754402,7.756579753469602,0.0012217340221897756
2024-01-06,0.008890820913160494,4.0653807942130475,-0.260065036319462,7.49999336103955,7.759901829766511,0.0021821865975140894
2024-01-07,0.015692715370696907,4.0647157149815545,-0.2700218861508211,7.496173326434234,7.766038644992554,0.0038458687747937514
2024-01-08,0.019734002547428037,4.063987512380144,-0.2798057985830649,7.48970249857731,7.769351729567874,0.004832357562897635
2024-01-09,0.01954664986388222,4.063020826924026,-0.28897848958171446,7.479375769438997,7.7681976914282105,0.004787832650658643
2024-01-10,0.016673418568628376,4.061927440848923,-0.29737830667950843,7.4670093349708475,7.764231074057855,0.00408802409044984
2024-01-11,0.012906008442036704,4.060825315312491,-0.3050301939340686,7.454487912053263,7.75936153839483,0.0031681049672519805
2024-01-12,0.009313706778194715,4.05981442946283,-0.3121524560983305,7.442762462375498,7.754758350881327,0.0022888703590441665
2024-01-13,0.006381936048337342,4.058809613931318,-0.319013524271985,7.431964807940475,7.750821764619959,0.0015698979912445407
2024-01-14,0.004162335482723044,4.057786290986954,-0.3258099964409107,7.4219254122615705,7.74757884110998,0.001024713965016494
2024-01-15,0.003444647699396634,4.056739326700299,-0.33262622218663496,7.413344534445865,7.745814189039998,0.0008483969497726837
2024-01-16,0.006292674204654532,4.05582368607884,-0.33956694402496573,7.408336198491334,7.747746574923798,0.0015491122475416647
2024-01-17,0.009801115157117053,4.054947440436925,-0.3466638901228881,7.403871447703958,7.750378770234344,0.002411247589627268
2024-01-18,0.011235917443342049,4.054079333598506,-0.3536187608313258,7.397483272443326,7.75094546568215,0.0027638489882088574
2024-01-19,0.010532179340183377,4.0532108026916855,-0.35999343635087105,7.3895363279138015,7.749373196672171,0.0025917434706752285
2024-01-20,0.008676668884293016,4.052337684567323,-0.3655456003899804,7.38125553529444,7.746644568091919,0.002136576758690442
2024-01-21,0.006585440069046493,4.051458487055889,-0.370130415433649,7.373700293924091,7.743674141765238,0.0016228114301641333
2024-01-22,0.006288709461945618,4.05057093038891,-0.37394477744702936,7.368701644636631,7.742489854491159,0.0015501422332118969
2024-01-23,0.010992115746082588,4.049935231397877,-0.3774436931972377,7.3692704361795265,7.746557561784263,0.002706799409699687
2024-01-24,0.015638875406467433,4.0496327878137235,-0.38083770230671227,7.370220743146282,7.7509018778604934,0.003846944731383471
2024-01-25,0.017161126775749515,4.049473285637866,-0.3838763020299552,7.368544892616464,7.752264627053918,0.004219982677411147
2024-01-26,0.016759216340807605,4.049394092604917,-0.3860421289344103,7.3658979622441185,7.7517835235860275,0.004121639069519724
2024-01-27,0.014880956761816732,4.049373438523435,-0.3871483187578533,7.362892858760203,7.749884609925554,0.003661423551409435
2024-01-28,0.017577521683235172,4.049398963414847,-0.3872983066897705,7.365464960641116,7.752606699738385,0.00432201212562734
2024-01-29,0.04095787809888199,4.049462522075083,-0.38682998460111373,7.389377197805656,7.776050614814268,0.010013121902369755
2024-01-30,0.06621590720422577,4.049452202201295,-0.3858325838649471,7.415622307773378,7.801298324045824,0.016088738315148104
2024-01-31,0.08354281674536299,4.04926986910526,-0.3843033854632228,7.434296082620206,7.818442900490926,0.02021451807660817
2024-02-01,0.09157172861856923,4.049024740193292,-0.3822115780552142,7.444171672989451,7.826226683452163,0.02211558873421095
2024-02-02,0.08738476593185977,4.048986483150641,-0.37940092278589743,7.442757108529406,7.822001463722803,0.021125948487153524
2024-02-03,0.0742609053170638,4.049079203874825,-0.3757515206820977,7.433375370742596,7.808970323832192,0.018009890853174802
2024-02-04,0.058434016204411174,4.048994191535298,-0.37140131327212533,7.421813676700388,7.793058422380012,0.014226424236533893
2024-02-05,0.04338870079856449,4.0488491875434365,-0.36686023286611114,7.411164437708694,7.777868102982303,0.010602682928617263
2024-02-06,0.03067676484502979,4.048683231309947,-0.36246103452969686,7.4026857438580835,7.764990210795279,0.007519994527069037
2024-02-07,0.02076287627905253,4.048505014850302,-0.35834570549309275,7.396708967869065,7.754898105769657,0.005102361612592224
2024-02-08,0.013625900442032617,4.04834450753647,-0.3547690569851229,7.392988133226183,7.747600622618805,0.0033545050981338247
2024-02-09,0.009655272041858889,4.048447771348052,-0.3520914119957779,7.391798413626937,7.743733258030213,0.0023792574852395613
2024-02-10,0.010945925693512285,4.04868423405445,-0.35055516089822897,7.394861781082538,7.745260374388265,0.0026962864258038345
2024-02-11,0.013330227274898533,4.048724845428028,-0.350294452693588,7.397547402242143,7.747685287343229,0.003281646121559963
2024-02-12,0.013723616308158377,4.0485465143645465,-0.3509154511805185,7.39714146172499,7.747900345313007,0.003378312093165939
2024-02-13,0.011899552964588596,4.048283595357554,-0.35183626346732766,7.394133667087619,7.745813362962445,0.0029307921662366505
2024-02-14,0.009528902939969166,4.047975269499465,-0.3527319062420576,7.39055904843018,7.743134387079737,0.002348464113652468
2024-02-15,0.006992095309212306,4.047897197595854,-0.3537930717805864,7.386883003357284,7.740519507545369,0.0017243615803387128
2024-02-16,0.0048377519837394375,4.048086188433998,-0.3551909361792887,7.383519786471252,7.73855415505804,0.0011936448980685306
2024-02-17,0.003253978002545322,4.0486478256444185,-0.35692555278436294,7.3807630330954055,7.737532018287267,0.0008030742501253458
2024-02-18,0.0021114723232145954,4.049643002247186,-0.3591044941644074,7.378436762638797,7.737384689210703,0.0005211254375028415
2024-02-19,0.0013224422932564673,4.050846638899757,-0.36180849434640394,7.376147369079414,7.737799295833316,0.0003263541739643111
2024-02-20,0.0008149793141746394,4.0521818776012966,-0.3650584443147772,7.373725194833498,7.738627071555774,0.00020108066770001853
2024-02-21,0.0004924959792972714,4.053438658622166,-0.3691244399472962,7.37059349688697,7.739561369241765,0.0001214860244329157
2024-02-22,0.000292732366606498,4.054655036707912,-0.37404300112554906,7.366691550181773,7.740577983714821,7.219140252287636e-05
2024-02-23,0.0001715495287369466,4.055887517817426,-0.37975277642449934,7.362093073154467,7.741689281986465,4.229463276756215e-05
2024-02-24,9.930887151836096e-05,4.057146952078547,-0.385956032525171,7.357077010657698,7.742876475590368,2.447691491497149e-05
2024-02-25,7.801018742437063e-06,4.058435080298397,-0.3925753223075247,7.351654341242418,7.744073095957441,1.9221703915924765e-06
2024-02-26,-1.4467926932700942e-17,4.059751681425804,-0.3992806272197285,7.3462578364388795,7.745381896066107,-3.5637467677874665e-18
2024-02-27,0.0014842824286652252,4.061330669244484,-0.40564621554239455,7.342955518363558,7.748445166313451,0.0003653335055424978
2024-02-28,0.008866266072182907,4.062800334707937,-0.41174609730443185,7.345707285708492,7.757296815420423,0.002177552079161922
2024-02-29,0.01730103955781045,4.064222854746849,-0.417576220968005,7.349734455569458,7.767154108944962,0.004238867640087136
2024-03-01,0.021637763548206346,4.0656461359554985,-0.42288255935648955,7.350188122380019,7.772914114144007,0.00529392234066092
2024-03-02,0.021296552296436785,4.0670012424221555,-0.4272561065785252,7.346828470372871,7.773928009358895,0.005209148982236182
2024-03-03,0.018099824267937076,4.068337263865733,-0.4302436882835831,7.341980182082891,7.772067302773973,0.004429243342689879
2024-03-04,0.01395532399154988,4.069672708202703,-0.4317012679794426,7.337713546447615,7.769258246834556,0.0034173837287651476
2024-03-05,0.01004408066536276,4.070749896837809,-0.4320609249841844,7.3345198347517915,7.766424192143474,0.002461305501021205
2024-03-06,0.006869281951748237,4.071541355078339,-0.4315787331753082,7.332618686087583,7.76404085167039,0.00168430365725764
2024-03-07,0.004517002529896906,4.071946467597478,-0.430539819504824,7.331710432855354,7.762093684767677,0.0011080689335248148
2024-03-08,0.002879168232359457,4.071910306783432,-0.4292614350531653,7.331314822195431,7.760419689656095,0.0007065808552841368
2024-03-09,0.0017894147146019443,4.071659000652278,-0.42805253062777116,7.3311826669719125,7.759078630007182,0.0004392874371138388
2024-03-10,0.001089123254325587,4.071271285514145,-0.4271704894285853,7.330976701572689,7.757990623408773,0.00026744274695837905
2024-03-11,0.0006513441989678221,4.070723785169588,-0.4269869605381587,7.330174951063201,7.757005344008858,0.00015998137687421634
2024-03-12,0.00038374141835366513,4.070065453688166,-0.4275616094405821,7.328674367898741,7.756079409746822,9.427495589798732e-05
2024-03-13,0.0010962881662295333,4.069319464806574,-0.4286140244180331,7.3275885107875744,7.756045967613106,0.00026933075950014834
2024-03-14,0.005185778584020253,4.068498216513771,-0.4300790597652735,7.329391717565322,7.759314209738094,0.0012729948101670968
2024-03-15,0.010278002094469786,4.067609714248709,-0.43180813505983257,7.33186636351615,7.763517930983482,0.002520423025204461
2024-03-16,0.015179034019296296,4.066922577667413,-0.43348834899179134,7.3344000449277225,7.7677318263270125,0.0037184361055197677
2024-03-17,0.01764995422737812,4.066159115862118,-0.43464451407162896,7.334951338250672,7.769439284729799,0.0043219342345481694
2024-03-18,0.016995760383018404,4.0653476772438495,-0.43479043324160266,7.333339786618069,7.7679736522671705,0.004163236298633981
2024-03-19,0.014343397760715705,4.064503870983255,-0.43366760921184627,7.330966441764929,7.764477483384273,0.003516532200317609
2024-03-20,0.011037295742478064,4.063629985388583,-0.431370047010397,7.329084016353468,7.760297495771364,0.0027087599995193447
2024-03-21,0.007943423328464042,4.0627275858788545,-0.42828500275982895,7.328172788680293,7.756301223847621,0.0019513793451981433
2024-03-22,0.00543635679216216,4.061798122392242,-0.42474988346191705,7.328271377955291,7.752864693824707,0.0013366224199722815
2024-03-23,0.0035782079071596737,4.060842903005418,-0.42123256500184875,7.3289753281435335,7.750051325552881,0.0008803733199673949
2024-03-24,0.0022831404084591132,4.059862272953797,-0.41794610987436237,7.329986085720698,7.747775628002559,0.0005620528504343588
2024-03-25,0.001420431304671644,4.058858208268986,-0.4149939461497912,7.33107147565667,7.74590885421396,0.00034983591786715256
2024-03-26,0.0008653801647697267,4.057832431461513,-0.4124614406558258,7.332023153203261,7.744328026266586,0.00021321620996044957
2024-03-27,0.0005180028204607565,4.056785215663976,-0.4102291634509717,7.332860837266269,7.7429334331247395,0.00012767170521069682
2024-03-28,0.0003054370452490259,4.055717455143243,-0.4083408439947841,7.333468830426511,7.741653106828794,7.530456641092144e-05
2024-03-29,0.00013316090481610142,4.0546299826859835,-0.40700650755237516,7.333543418271229,7.740393358231103,3.2840612410760284e-05
2024-03-30,0.0024254945361933517,4.053523403114232,-0.40635068704451044,7.335384992838719,7.741579112290728,0.0005980091459235147
2024-03-31,0.01339616779819629,4.052659538332518,-0.4064896630020075,7.345352825361511,7.751685920771017,0.003294634595880678
2024-04-01,0.023401696730821698,4.051938532831422,-0.4073132598136615,7.353813751981386,7.760970444202546,0.005742268231022128
2024-04-02,0.02669545678635353,4.051460581872819,-0.4084542251524158,7.355488595739561,7.763786253299475,0.0065459625706549805
2024-04-03,0.024595760667129676,4.051120653086937,-0.4095653600410726,7.351937835945797,7.761346628394369,0.006034708544521865
2024-04-04,0.0203789651326839,4.050594388662205,-0.4104687066390073,7.346291429388685,7.7566035684351915,0.0050059195582027064
2024-04-05,0.017331440694247795,4.049881972483242,-0.4110027573236428,7.3419974380866515,7.752843627817793,0.004261256770568057
2024-04-06,0.014744659244113157,4.049074947947097,-0.41098374833233403,7.33862264109168,7.749449821831512,0.003628276023379941
2024-04-07,0.011917923148436552,4.04822270938388,-0.4102936992642644,7.3356337155008555,7.7457708471726185,0.0029353473751482654
2024-04-08,0.009065150282535602,4.047340933565234,-0.4088548775680829,7.333337988512491,7.742036298488072,0.002234773860199102
2024-04-09,0.006528999356016285,4.046436361872013,-0.4067362810718205,7.332015862389013,7.738595575868332,0.0016109191108502415
2024-04-10,0.004492980599375627,4.0455128897661865,-0.4039795300694451,7.331813122528922,7.735636085005865,0.0011093763177607643
2024-04-11,0.0029784016965123724,4.044572361977795,-0.4007597223628655,7.332577823544246,7.73318097831461,0.0007358528330867982
2024-04-12,0.0019145714146432456,4.0436181019258495,-0.3972803035496767,7.334039152023619,7.731162887980795,0.0004732557043130586
2024-04-13,0.0011996924809002745,4.042650565038776,-0.39398013514436997,7.3356569046081095,7.729480472159978,0.00029667084696556356
2024-04-14,0.0007358053196707113,4.041670769107472,-0.39116305853216826,7.337030298127779,7.7280367890674455,0.00018202160176700774
2024-04-15,0.0003227017052044328,4.040679700585072,-0.38896850136025024,7.33782068316283,7.726632616930579,7.985684567312768e-05
2024-04-16,0.00019452529011655898,4.0396778578599255,-0.3873849325566685,7.338274232826178,7.725502597790345,4.8151345306823825e-05
2024-04-17,0.00011537604935600828,4.038926558234776,-0.38616333598151087,7.338665380535425,7.7246721489244345,2.856520215268753e-05
2024-04-18,6.748832675716195e-05,4.038273911717844,-0.38508548320133495,7.33904269907607,7.723971614684904,1.6711892351750296e-05
2024-04-19,3.900509371222519e-05,4.037406701532949,-0.3839866883896605,7.339245800469804,7.723075921266964,9.660834236905307e-06
2024-04-20,0.002532011201840695,4.036410668138963,-0.38279185752409667,7.341937604049511,7.724572893981106,0.00062689951377422
2024-04-21,0.016126312273965066,4.0351785407051,-0.3815783891449592,7.35551324606691,7.736935067619368,0.0039805230312665385
2024-04-22,0.035052464473440986,4.0339422830522675,-0.38028999087399984,7.374491538884513,7.7546249621660115,0.008614526842227023
2024-04-23,0.04600748820076617,4.0326843248096536,-0.37879763930317767,7.385680955940046,7.7643220276507225,0.011279961887291686
2024-04-24,0.04619208129903079,4.031398054816004,-0.37691817079677964,7.38645874755106,7.763220350755338,0.011328279635049529
2024-04-25,0.03963870911782308,4.030087176526434,-0.37446920616005547,7.381043461717006,7.75535610028456,0.009739896551177199
2024-04-26,0.030724426719149583,4.028754334876633,-0.3714369146533505,7.373828629175237,7.745108976236086,0.0075685644693634984
2024-04-27,0.022183763318408607,4.027401440525005,-0.367929518682224,7.367442467393994,7.735215418483716,0.005478033477936026
2024-04-28,0.015202796858633034,4.026030060931421,-0.36407390272009515,7.362945737302763,7.726863072430357,0.003761920531089286
2024-04-29,0.010010644987670713,4.0246414972218965,-0.3601329224773597,7.360306001965012,7.72028235684987,0.0024811668106258125
2024-04-30,0.006387053384669189,4.0232375340381825,-0.35644448762943953,7.358966882026216,7.715254802063154,0.0015850244225241914
2024-05-01,0.003972381144684089,4.021818422467871,-0.3530472474422036,7.358530338403155,7.7114210182528575,0.000986733126102693
2024-05-02,0.002593674965689556,4.020384978108309,-0.3498752778816198,7.358890157425183,7.708608867714301,0.0006447150704385923
2024-05-03,0.002439013119283126,4.018937917589659,-0.3469327542790603,7.360230958662686,7.707007145349245,0.0006065119388977905
2024-05-04,0.002586395509713445,4.017477877253209,-0.3441760304741599,7.361675024521567,7.705694487403226,0.0006433716812034596
2024-05-05,0.002473624093993236,4.016005427367361,-0.3415039905509786,7.36276184314318,7.704109266101657,0.0006155622717738646
2024-05-06,0.0019779285724141208,4.014260330685657,-0.3385889867876996,7.363436054703175,7.701868473898373,0.0004924828769445337
2024-05-07,0.0014772156649773304,4.012395603040563,-0.33520442310578097,7.364455177832562,7.6995030333458425,0.00036802752147332046
2024-05-08,0.0011001565565087116,4.01072514200827,-0.3312019934793124,7.36641008731827,7.697455513205081,0.00027422843085971125
2024-05-09,0.0008584967830511847,4.0093727169030355,-0.3264911819117748,7.369526814007116,7.695861428326389,0.000214076629826558
2024-05-10,0.0010124817355244143,4.008141477987869,-0.3210655442840922,7.373875197672105,7.694784174363696,0.00025254249292892437
2024-05-11,0.001200831715113594,4.006838881232855,-0.3149523344344764,7.378874160746296,7.693669927588271,0.00029960574273610823
2024-05-12,0.0011987917471666355,4.005523009409123,-0.3081930914765566,7.384315491912538,7.692352015796593,0.00029919515420828046
2024-05-13,0.0010400347808643573,4.004210460522446,-0.30093757593586457,7.390099701600249,7.690880709943612,0.0002596678490106766
2024-05-14,0.0008164179485352878,4.002901101388544,-0.29334614228134653,7.396158159288538,7.689347733977383,0.00020391497267031644
2024-05-15,0.0009454716223885793,4.001594284911492,-0.28546191817017463,7.40286462059651,7.688169971174183,0.00023621792159469736
2024-05-16,0.002396050101783704,4.000289435109081,-0.27744599880831483,7.411026268635354,7.6883156998511675,0.0005986106354437884
2024-05-17,0.0037408282213048536,3.9989859764428886,-0.26936931424203725,7.41914427265496,7.688357019304496,0.0009345699578961619
2024-05-18,0.004121933590149526,3.9976833984013007,-0.2612343720338036,7.426357742190451,7.687435546631753,0.0010300185161926142
2024-05-19,0.0037488519578552466,3.996379890015095,-0.2530677773878329,7.432847746817922,7.685758956613253,0.0009371828257723103
2024-05-20,0.004503254099660807,3.9951286452938803,-0.24491735717894236,7.440501324447403,7.6852621140338435,0.001125917137610496
2024-05-21,0.020011178815215063,3.993898811639583,-0.23695003975405324,7.4627467329335495,7.699540205095101,0.004985457786248886
2024-05-22,0.07101635453151017,3.99267962103052,-0.22922267178907352,7.520260086005761,7.749326190202333,0.017475804036173805
2024-05-23,0.12019110299921267,3.9914678218193314,-0.2216875762365388,7.575758130814809,7.797289139458846,0.02923177851006135
2024-05-24,0.13941492316985513,3.990261621086874,-0.21428231330931147,7.601181013180222,7.815306758897032,0.033759283971947836
2024-05-25,0.13096771480266026,3.989059840423861,-0.20699926408948804,7.5988150733698365,7.805657769866824,0.03178806768816855
2024-05-26,0.10792609929107787,3.987861631116285,-0.1998441332673016,7.581730379372865,7.781417945047665,0.026350510913890464
2024-05-27,0.08142453446176089,3.986431514890392,-0.19283759870616904,7.5608052328787885,7.753486263992456,0.02001657223704574
2024-05-28,0.05767069611440261,3.9846455036608788,-0.18594816527885366,7.542154816729232,7.727946414415584,0.014266745416305784
2024-05-29,0.038959255477055456,3.98270319142753,-0.1791873667430204,7.528261862394369,7.707292661544888,0.00968735093792912
2024-05-30,0.025370317587314284,3.980669915435219,-0.17257162974953238,7.519255385505804,7.691670447662836,0.006333016173472759
2024-05-31,0.01602657827087423,3.9785665970742152,-0.16610744030852778,7.514272517269366,7.680223389985392,0.004012067704363838
2024-06-01,0.009896980376109001,3.9764073677556606,-0.15979895926070495,7.512292171103869,7.671934562772073,0.002482745799564286
2024-06-02,0.0059914573815311,3.9743038802340775,-0.15372628390144435,7.512355835946968,7.665925552255912,0.0015052796019705099
2024-06-03,0.003566784551717408,3.9722013887343555,-0.1479048673319975,7.51365008818688,7.661398387926376,0.0008971309181665313
2024-06-04,0.0020931066148242843,3.9700836281728398,-0.14231991435222346,7.515643602668245,7.657806949427966,0.0005269419652185172
2024-06-05,0.0011373150668615127,3.9679480027652874,-0.13695826522285437,7.517913834842099,7.654715532472451,0.0002865433659870774
2024-06-06,0.0001752146868093865,3.965794110579768,-0.1318081333321499,7.5199479741672315,7.651599539906879,4.417953656200032e-05
2024-06-07,1.5602037484898758e-05,3.9638843710524148,-0.12685888853583552,7.522827866786868,7.649530187730202,3.936032087292256e-06
2024-06-08,1.5686278674402073e-17,3.962272424546106,-0.12210087819363437,7.525958328585276,7.647902639186409,3.9589096845603695e-18
2024-06-09,2.741291418827547e-18,3.961046825715797,-0.11752527931434142,7.52930832863426,7.646677040356099,6.9206236114923245e-19
2024-06-10,1.4924808835838865e-17,3.9600504803758954,-0.11312397636697621,7.532713286241723,7.645680695016198,3.7688430765716336e-18
2024-06-11,7.919286321057358e-18,3.9591790284555683,-0.10888946026145044,7.536076350426923,7.644809243095871,2.000234458744995e-18
2024-06-12,-1.218351741701132e-18,3.958395838151707,-0.10481474478375662,7.539367875600755,7.644026052792009,-3.077892640140852e-19
2024-06-13,-4.873406966804528e-18,3.957683913814517,-0.100893297416802,7.5425773986305185,7.643314128454819,-1.2313785216130142e-18
2024-06-14,0.0023573897396448056,3.9570320204573064,-0.09711898201229074,7.548057210417465,7.6450196248372535,0.0005953922424436505
2024-06-15,0.013737609703845638,3.9564039933951833,-0.09348601122090246,7.562442374110931,7.655771817739332,0.0034602316685939565
2024-06-16,0.025385158475925956,3.9558088161191045,-0.08998890695347425,7.576991849874361,7.666824189235333,0.006376267681985566
2024-06-17,0.03321825040897775,3.955248363816585,-0.08662246744813813,7.587630929010229,7.674096828865865,0.008328576774467427
2024-06-18,0.04616786561695308,3.9547208659158244,-0.08338173976829996,7.603293773997281,7.68651894617308,0.011539402546510147
2024-06-19,0.055671289173659794,3.954223331552773,-0.08026199676295256,7.615419406196285,7.695524835366736,0.013883479352775206
2024-06-20,0.056848794361776915,3.9537530025841368,-0.07725871769165678,7.619129861487061,7.696232011586217,0.014174629454628843
2024-06-21,0.05283032698755921,3.9532048959366377,-0.07436757185761687,7.617454433299384,7.6916654375645,0.013187684093550187
2024-06-22,0.04808400813413898,3.952637824059837,-0.07158440470886653,7.614924209717914,7.686352046834279,0.012018833138361421
2024-06-23,0.04243290507540895,3.9520709019066014,-0.06890522596384002,7.6113853632509745,7.6801340216223135,0.010622822539620639
2024-06-24,0.03684164825972127,3.9515070911582217,-0.06632619939700826,7.607809322253739,7.673978954058246,0.009237318666646467
2024-06-25,0.040149409193563156,3.9509500908538033,-0.06384363398582074,7.61304264829435,7.676729714687669,0.010059736469383102
2024-06-26,0.08414344334612071,3.9501388774732895,-0.06145397617415204,7.658615126878063,7.719912535459713,0.020857103359347987
2024-06-27,0.15235979523891066,3.9489684258918705,-0.05915380305199143,7.727961200311594,7.7869584357710835,0.03714889104800869
2024-06-28,0.1946441481073257,3.9473815123976617,-0.056939816287702484,7.770872626450089,7.82765587514529,0.04699250175181075
2024-06-29,0.19562786220553918,3.945545184985281,-0.05480883667930954,7.772150992744315,7.826803261831123,0.04723972168664723
2024-06-30,0.16870381213742067,3.9435685836976466,-0.05275779921602473,7.745301378851846,7.7979026104753695,0.04102447403734365
2024-07-01,0.13162085389665362,3.941490236513223,-0.05078374856152397,7.708114124081157,7.7587413050501794,0.03231457502019878
2024-07-02,0.09596648628722437,3.93958965228764,-0.04888383488715624,7.6724590859205115,7.721186353215167,0.023780238210516988
2024-07-03,0.06642823032505707,3.9378306035285573,-0.04705530999688481,7.6429903060895334,7.689889048493917,0.016589394712311325
2024-07-04,0.04432173632465426,3.936110537285795,-0.045295523696905336,7.620923532146348,7.666062488250752,0.011134905276117725
2024-07-05,0.028640321065051495,3.93466116122223,-0.04360192037199842,7.605486344148087,7.648931696927584,0.007226379621396536
2024-07-06,0.018017763241071294,3.9333978685514652,-0.041972035738058446,7.595230378287281,7.637045846432839,0.004559824862791678
2024-07-07,0.011059687416347117,3.9322965295904124,-0.040403493746280744,7.588739505493283,7.628986431647062,0.0028046381832433267
2024-07-08,0.006684245481824657,3.931382829680837,-0.03889400361935815,7.584959853776107,7.623697289802964,0.0016973417045083124
2024-07-09,0.003955997333505507,3.930801674871362,-0.03744135700399799,7.583103097433673,7.620387886845171,0.0010053979591807334
2024-07-10,0.0023180613050806783,3.9304076059675817,-0.036043425227232584,7.582469024278234,7.618355881912965,0.0005894286815811003
2024-07-11,0.0008761034786444307,3.930254715217838,-0.034698156646576196,7.58221944428271,7.616761033336785,0.00022286296718432188
2024-07-12,0.0006508128775682018,3.9302635658175884,-0.033399195024362845,7.583301965903598,7.616544593335459,0.0001655627202402295
2024-07-13,0.004498380104344957,3.930641407848907,-0.03215354654686826,7.588773023639188,7.620770002593554,0.0011431309551228567
2024-07-14,0.014002407602249892,3.9314711942360314,-0.03095194820617843,7.600308435864907,7.631103816478584,0.0035489801771138117
2024-07-15,0.022925616979382547,3.932746438585536,-0.029798512235916664,7.611660325561806,7.641302270205221,0.005795631350968625
2024-07-16,0.02732360125474546,3.9342671670792044,-0.028688541042261997,7.618689009524492,7.647220982974252,0.006897128666885606
2024-07-17,0.02723073531631989,3.9359598750557674,-0.027615656460568305,7.621361736144323,7.64882082501239,0.006870912351541757
2024-07-18,0.026654632252548435,3.937796881866317,-0.026578582145859137,7.62365971420581,7.650081728759168,0.0067234098229279685
2024-07-19,0.031441576552745036,3.9397835995423596,-0.025584562818417655,7.631427395509491,7.656855390735407,0.00791734922059027
2024-07-20,0.03797662215580029,3.9418909455858073,-0.02463329875508757,7.641021051219324,7.665497782381911,0.00954218237401057
2024-07-21,0.05005104419252261,3.9438418493374496,-0.023715099977427895,7.655964575785349,7.679523108170275,0.012531894451552348
2024-07-22,0.05889304068452134,3.9456747419659086,-0.022828368282782882,7.66752619660045,7.690197997290732,0.014706466185857114
2024-07-23,0.06461861115853076,3.947494698926489,-0.021972384525336085,7.675927707792488,7.697743524725323,0.016105878913265648
2024-07-24,0.06335332604076974,3.949069317066879,-0.02114866721105573,7.677060758129397,7.6980528577479514,0.01578929531503744
2024-07-25,0.05511108358034178,3.9504816952071438,-0.020354329094340547,7.671025231925949,7.691222993427788,0.013758533786108983
2024-07-26,0.04361042401383607,3.951757272303309,-0.019589582738425197,7.661564895811524,7.680997910957448,0.01091524668781683
2024-07-27,0.0321280372917538,3.9528716759033733,-0.01885374965799832,7.651932745769933,7.67062992783543,0.008062243313436504
2024-07-28,0.02238689211397717,3.9536781189915673,-0.01814404669371077,7.643707746644639,7.661695225745847,0.005630414002650449
2024-07-29,0.014896417107397465,3.954321157349932,-0.017462742052312585,7.63754161463782,7.654847789097632,0.003752985778169165
2024-07-30,0.009969252397520384,3.954902665491063,-0.016810866368054265,7.633847833753333,7.650502132528886,0.0025143945640567675
2024-07-31,0.008288025738509005,3.955670773941987,-0.016177955230153168,7.633567626683147,7.6495890143207985,0.002090845580730314
2024-08-01,0.011113722221513031,3.9563394762287554,-0.015569150589057463,7.637670830094015,7.653083413090571,0.0028012232698432778
2024-08-02,0.02284353249594997,3.956778535155681,-0.014989210179086226,7.650419639705349,7.665252282291934,0.005740126099318245
2024-08-03,0.033101460508009384,3.9569331192948938,-0.014435998858420914,7.661385363177287,7.675664794443206,0.008296033491931417
2024-08-04,0.03582386786739543,3.9570314900775814,-0.013903521566618718,7.664738618611162,7.678485572585279,0.008971992385377336
2024-08-05,0.032170245926857896,3.957342102940436,-0.013382759364716149,7.661916371735382,7.675142563507596,0.008063703809813173
2024-08-06,0.025851554820766384,3.9577407721424898,-0.012879949404015184,7.656499159792045,7.669222541603559,0.006489508137112353
2024-08-07,0.01906941913252562,3.958401209276242,-0.012397663501204805,7.650859747140367,7.663100843049071,0.004794358252786032
2024-08-08,0.013339890145855493,3.9591708493972457,-0.011941424295051996,7.646356097480853,7.658140954183404,0.003358050115023674
2024-08-09,0.01171905319731116,3.9602562278792846,-0.011493703028908163,7.646268360280492,7.657605495716899,0.0029504345742390257
2024-08-10,0.021896941397619683,3.961489795744116,-0.011059210003304731,7.658114309371236,7.669016951782039,0.00549706640167501
2024-08-11,0.032934590531570974,3.962809572218775,-0.010643331301138911,7.6708876136820106,7.681374377390648,0.008242417229460825
2024-08-12,0.03739788420049952,3.964197977777349,-0.01024273788023097,7.677139906330421,7.687226076618151,0.00934574242137862
2024-08-13,0.036804388313875974,3.965643332624179,-0.009856674071272085,7.6783778290995865,7.688077935578358,0.009195470092298949
2024-08-14,0.032486294163911064,3.9671360012769115,-0.009486060175307481,7.675923017498319,7.685252510081125,0.008122340502237488
2024-08-15,0.02612037371478162,3.9686705822727366,-0.009138367071995876,7.671439371148326,7.68042117062782,0.0065386084034338736
2024-08-16,0.01952801384790745,3.9702430155305923,-0.008803623488659196,7.666754188122645,7.675401244018802,0.004894519937137695
2024-08-17,0.013943291537379665,3.971954160569221,-0.008475088874152633,7.6632091454652524,7.671527666746903,0.003498156112875018
2024-08-18,0.010744140479983342,3.9736619420685098,-0.008154970188300654,7.662037894592997,7.670036297188796,0.0026965475549899794
2024-08-19,0.009259928239884255,3.9753889065312893,-0.007847072917728367,7.662588544086249,7.6702790494114765,0.002323900705898974
2024-08-20,0.0102762093719691,3.9770906590083723,-0.0075497028213235015,7.665603947791823,7.672997083020644,0.002577191843935662
2024-08-21,0.011178842815195487,3.9787183001853323,-0.007268380990011036,7.668415544243321,7.6755273576408305,0.002801787217699714
2024-08-22,0.010581707894097426,3.980302550000839,-0.006993160704484095,7.669677879423256,7.6765144725352386,0.002651469501568291
2024-08-23,0.008889671210328279,3.981798900853935,-0.006727064934968728,7.669748289362099,7.676318786704566,0.0022276033445851975
2024-08-24,0.006834760001150893,3.9830020281361587,-0.006471296908520691,7.669152273461593,7.675467002777612,0.001713042503761604
2024-08-25,0.004777749167587735,3.9840572098782436,-0.006235452749148239,7.668386288529487,7.674465173686134,0.001197780609286131
2024-08-26,0.0033629045682807756,3.9847762769436654,-0.006008341689371288,7.667917622055379,7.673769396152249,0.000843226481129443
2024-08-27,0.0027454449966302303,3.985598683157829,-0.00578307686871189,7.668347833518551,7.673974342794762,0.0006883671289168921
2024-08-28,0.0027255736909239277,3.9862552035357908,-0.005566183472639104,7.66920137598688,7.674610991867017,0.0006832757145595588
2024-08-29,0.0027074142434101414,3.9868475744149143,-0.005355062530035935,7.669986708361092,7.675185203298627,0.0006786256239372293
2024-08-30,0.002420682737399177,3.987527235359817,-0.005148810412168072,7.670585889917852,7.6755781327375185,0.0006066953221167826
2024-08-31,0.001962390333488723,3.9882223936600556,-0.004961798146692205,7.6710097680796565,7.675814998633847,0.0004918043749153593
2024-09-01,0.0015609263671667267,3.988911298936045,-0.004781685915655758,7.67147732162036,7.676102439943515,0.0003911633207892135
2024-09-02,0.0015260203979670416,3.9895900709404857,-0.004608214859496434,7.67229465871176,7.676746305978755,0.0003823542996603936
2024-09-03,0.0015652378153468685,3.9902595518718185,-0.004432524048256013,7.673179047871713,7.677455004327468,0.0003921108510049446
2024-09-04,0.001501390605721241,3.990998143981445,-0.004271899256858419,7.674014417563112,7.678129749227469,0.0003760527941743363
2024-09-05,0.0016789062010658946,3.9916560869940634,-0.004113174709590337,7.675008600718343,7.678965207835432,0.0004204270876164526
2024-09-06,0.001774913244803442,3.9923836035501163,-0.003954458643081293,7.675990840384642,7.679788731435222,0.000444377266786023
2024-09-07,0.0016422442990353641,3.9928756984443927,-0.0038113930967037524,7.676493331879528,7.68014815738373,0.0004111245268077263
2024-09-08,0.0013585273926537082,3.993215561595626,-0.003673583478909176,7.676687287742174,7.6802043036285825,0.0003400931769919399
2024-09-09,0.0010334888573354914,3.993483950147416,-0.0035408334606798703,7.676763387776877,7.680147653645054,0.0002587268357483974
2024-09-10,0.0007384280656305628,3.9937047625034925,-0.0034129541716506756,7.676817018630277,7.680073405209425,0.00018486382967568317
2024-09-11,0.0004984296074439883,3.9938872387226323,-0.003285141626202697,7.676887308936678,7.680015882970379,0.00012478254450886954
2024-09-12,0.00032284849066506596,3.994037000595232,-0.003158969965081843,7.676987661353619,7.6799900637261995,8.082609050332542e-05
2024-09-13,0.0002059561613056546,3.994184210807555,-0.0030450640174372813,7.677131885184227,7.680020381609163,5.156135297167133e-05
2024-09-14,0.00039004296589000947,3.994345082689885,-0.002926011059934192,7.677595896828645,7.680365340296078,9.763925607607841e-05
2024-09-15,0.0016529450463184945,3.99423891408417,-0.002810648784044431,7.678867992579248,7.681522073770791,0.00041366110610365154
2024-09-16,0.0031427600386886856,3.993935375253622,-0.002699879279064593,7.6801650382460505,7.682708349932613,0.0007862643491853711
2024-09-17,0.005689491936627603,3.9935043551954426,-0.0025933861375241345,7.68238724322735,7.684824061772373,0.0014226597044571098
2024-09-18,0.014148254745213385,3.992861690747913,-0.0024902119046522173,7.690306515821279,7.692640160133429,0.0035308758744476277
2024-09-19,0.021335898294519016,3.9921280322013994,-0.002400676841582041,7.696850035887141,7.699094145136221,0.005316080738237175
2024-09-20,0.023151975723304463,3.991326614729891,-0.0023144084851363777,7.697950964200863,7.700108805093498,0.005767118992329919
2024-09-21,0.020836893430618345,3.9904668443720364,-0.0022220364312917126,7.694868483604167,7.696933952442957,0.005194543917043927
2024-09-22,0.016671281957111192,3.989580326150684,-0.0021357805165597497,7.689902609824039,7.691881822748098,0.004161316758880568
2024-09-23,0.012311105302812464,3.988578961170596,-0.0020501325668296345,7.684626716139382,7.686520281113711,0.0030770916216811
2024-09-24,0.008579611336965833,3.9875075941542573,-0.0019679419410051475,7.679906045783023,7.681717420131526,0.002147003029657651
2024-09-25,0.005810438459053049,3.986200792287135,-0.0018883490633536562,7.675909663915639,7.677641445386491,0.0014555165612514973
2024-09-26,0.004185194120315613,3.9847719412846767,-0.0018104122453846854,7.672933505392411,7.674587350045295,0.0010491950598237494
2024-09-27,0.0032679177445071894,3.9832616858804815,-0.001735635557522734,7.67058075030027,7.672159818265291,0.0008197399917802294
2024-09-28,0.0029908121568748744,3.9816853401931755,-0.001664032180933234,7.668798902401921,7.670306366990353,0.0007505784767755787
2024-09-29,0.00312745598367585,3.980051053165513,-0.0015961612608676743,7.667369130121125,7.668808723789491,0.0007851659112169386
2024-09-30,0.0030864383887920805,3.9783639807511233,-0.0015253272920098793,7.66571187408071,7.667080633780218,0.0007752045269620165
2024-10-01,0.002733203971133796,3.976627898080617,-0.0014636165834439334,7.663684267701111,7.664991316692054,0.0006868449233532893
2024-10-02,0.00219897635083926,3.9749004673320996,-0.0014036292919310613,7.661482596623811,7.662729658323242,0.000552909571907241
2024-10-03,0.0015469942603671893,3.9731524062524244,-0.0013470211068562533,7.659139161638739,7.660329615153094,0.0003892103790710828
2024-10-04,0.0011900331386112274,3.9713764353692316,-0.001293928586192554,7.6570593221544545,7.658196683148145,0.00029956280103683757
2024-10-05,0.0013321129056997098,3.9698326507260364,-0.0012368178459728127,7.655714728018568,7.656794978272039,0.0003354463954503507
2024-10-06,0.001852494538772381,3.968370899726751,-0.0011855793064711336,7.6548245971918565,7.655853608905826,0.00046659705382021344
2024-10-07,0.00225375258539426,3.9669389970740894,-0.0011432772211157401,7.653836254671171,7.654822964299786,0.000567811322740023
2024-10-08,0.0025881912704124486,3.965496858809444,-0.0011025051407348118,7.652769327171926,7.653715264720159,0.0006522519648010977
2024-10-09,0.0026332345042358444,3.964050859453449,-0.0010632068730661959,7.6514076693174236,7.652314308597988,0.0006638377147923024
2024-10-10,0.0026964309434886185,3.9626007964855363,-0.0010206253801239176,7.650063384281705,7.650927442069328,0.0006800072702839732
2024-10-11,0.00386666002334045,3.961120203939684,-0.0009762388187481775,7.649797407377081,7.650617078603327,0.0009752012190718088
2024-10-12,0.004870725726379128,3.9596236272845076,-0.0009346264122085975,7.649346508831481,7.650124567651189,0.0012285868745606845
2024-10-13,0.0050254317678684445,3.9581416033891252,-0.0008966753321901557,7.648057142057608,7.648797249797296,0.001268034307736255
2024-10-14,0.004797361523390261,3.9566602999920475,-0.0008577020917130507,7.646386741656529,7.647087876155741,0.0012110091621060142
2024-10-15,0.004249044891893625,3.95520110481955,-0.0008174941516526423,7.644419437792595,7.645080364351746,0.0010731401409873255
2024-10-16,0.0034595302370807163,3.9537745634377948,-0.0007804274192519989,7.642240448488428,7.642864308315178,0.0008742293620208938
2024-10-17,0.0026203420333084544,3.9523579501656263,-0.0007443608218252459,7.640020713609914,7.6406085068392375,0.0006625427093941307
2024-10-18,0.0018729536472488588,3.9509439462423384,-0.0007121661722318495,7.637891515950159,7.63844711452989,0.00047382757529223666
2024-10-19,0.0012784864335008308,3.9495306918587545,-0.0006780078376103237,7.635917952687449,7.636439392932558,0.0003236011601181556
2024-10-20,0.0008366115054899518,3.9481177685084075,-0.0006467222752496629,7.634094439971452,7.6345845946542,0.0002118564624914729
2024-10-21,0.0005299671791391468,3.9466242381494188,-0.0006152017303989616,7.632325785830963,7.632784419968861,0.00013426563837402262
2024-10-22,0.00033047235411800364,3.945096468599508,-0.0005933744040754175,7.6306203487823545,7.631057155593929,8.376086012078762e-05
2024-10-23,0.00019733640220971204,3.9435751584841356,-0.0005723314325646917,7.628986945686584,7.629402709526648,5.003747109286512e-05
2024-10-24,0.00011853100244661254,3.941788318235953,-0.0005520442200451946,7.627141587251158,7.627537063878702,3.006945800089453e-05
2024-10-25,7.010913299310641e-05,3.939911148761279,-0.0005324852302642341,7.625235554896812,7.625611472534574,1.7794280836395737e-05
2024-10-26,0.00045962886536098655,3.9379810964064967,-0.0005070015905602615,7.623720505914101,7.62407093991216,0.00011670325832547852
2024-10-27,0.0026674463089276686,3.9360078659895295,-0.0004817375714128783,7.623980356959848,7.62430552693876,0.0006772445295499747
2024-10-28,0.005333179434039336,3.934102551451651,-0.00045766030939170077,7.624764852809103,7.625065945525993,0.001353792725244002
2024-10-29,0.006677062125681871,3.932208063859894,-0.00043487934306783694,7.624237028875312,7.624515340625878,0.0016951654877244377
2024-10-30,0.006532211737346516,3.9303070030189247,-0.0004160464784154045,7.62220995051066,7.622469429396574,0.0016592528627692314
2024-10-31,0.005514947360008508,3.928420354106129,-0.00039407666309524287,7.619328007035846,7.61956551610644,0.0014018907118155054
2024-11-01,0.004227607056249098,3.926505534415031,-0.0003734451218559681,7.616146478582229,7.616363356111583,0.001075526346890773
2024-11-02,0.0030281216863917524,3.924573704744191,-0.0003550781402125801,7.613033530523174,7.613232041070885,0.0007709848961812199
2024-11-03,0.002062726800074051,3.9226026268190894,-0.00033619059161263577,7.610115945260355,7.610295568259466,0.0005255803015591864
2024-11-04,0.0013518718156599486,3.920582303652575,-0.00031744248449845354,7.607403515216541,7.6075643901085375,0.0003446951823199711
2024-11-05,0.0008592800201892784,3.9185337489611687,-0.0002977567928464308,7.604882054421315,7.605023243621661,0.00021923803350045847
2024-11-06,0.000532772830654272,3.9164641227170898,-0.0002759712293012902,7.602507706551247,7.602627110188047,0.0001360156377095546
2024-11-07,0.0003236059721983029,3.9143760926916906,-0.0002589621563852664,7.600227518740308,7.600329913304192,8.2664315811696e-05
2024-11-08,0.0001931861654026209,3.9122712967995517,-0.0002498231310333449,7.598001442066725,7.598094697605257,4.937710393123366e-05
2024-11-09,0.00011363874649955821,3.910150909211905,-0.00023700463899529594,7.5958143255522135,7.595894762598707,2.9061651738854943e-05
2024-11-10,6.60004244151124e-05,3.9079897529111918,-0.00022213434109822077,7.593620401227312,7.59368596797591,1.6888301646868692e-05
2024-11-11,1.5602037484891297e-05,3.9057777595000314,-0.00020982989523024,7.591370313875091,7.591423576177819,3.99458856132357e-06
2024-11-12,4.873406966804528e-18,3.903536095536561,-0.00019896253433220515,7.5891239152350325,7.589166310176863,1.2484595626967433e-18
2024-11-13,-4.2642310959539616e-18,3.9013764609502717,-0.0001919519612434995,7.586971291221833,7.587006675590574,-1.0930068242928056e-18
2024-11-14,8.731073109795967e-05,3.8992927716926187,-0.00018077406032079475,7.5849860905962,7.585010297064019,2.2390926058095473e-05
2024-11-15,0.0006704868984719815,3.8972352314471164,-0.00017130270493768144,7.583521197873456,7.583535932985891,0.00017201208723862112
2024-11-16,0.0019457711121990456,3.8950841742644076,-0.00016158218296824585,7.582655145426442,7.582660160016909,0.0004992959098267867
2024-11-17,0.003218045075090781,3.892897157355739,-0.00015102786633764044,7.581750956797297,7.581745417071133,0.0008259625056987552
2024-11-18,0.0037551248507651297,3.890690646391869,-0.00014043589698372791,7.580092117578454,7.580075985882937,0.0009642257387414974
2024-11-19,0.003549236651770634,3.8884445775878915,-0.0001290102119076581,7.577651586260559,7.577624028879965,0.0009119327576485398
2024-11-20,0.0029382480420142754,3.8861762607582975,-0.00011621467351208823,7.574785076359603,7.574744723440615,0.0007555056646868047
2024-11-21,0.0022243574149739885,3.8838906188490294,-0.00010629014434707437,7.571795468352461,7.571745190904306,0.0005723858991718305
2024-11-22,0.0016668832109296822,3.881589829548062,-9.865981293401486e-05,7.568944835178862,7.568886927399294,0.00042924878117197365
2024-11-23,0.0018270580580771916,3.879274977655815,-8.851531016534302e-05,7.566800302636531,7.566732250354194,0.0004707575429000855
2024-11-24,0.0031390824673888334,3.876947245140961,-8.304595750967756e-05,7.565790063883644,7.565716542248652,0.0008090238727558764
2024-11-25,0.004526437153412785,3.874607578888842,-7.666086553470154e-05,7.5648441374095245,7.564764230682558,0.0011668679490560504
2024-11-26,0.00501686677531192,3.8722566059239503,-6.870585239087711e-05,7.562991549079675,7.562903687339565,0.0012939161528421417
2024-11-27,0.004625616417511926,3.8698948529492294,-6.067220807708584e-05,7.560246579391468,7.560150684007044,0.0011938552019749543
2024-11-28,0.003775409017620113,3.8675227746844993,-5.292774540915746e-05,7.557032038189515,7.556928398342422,0.000975230746501085
2024-11-29,0.0028323072525448583,3.8651407719599895,-5.106960691071421e-05,7.553708791838428,7.553603293852837,0.0007322458544932471
2024-11-30,0.002256197401938538,3.8627492038720757,-4.9277428192085294e-05,7.550742906078626,7.550635615914317,0.0005837501290929198
