,fast,slow,pumping,level_est,level_nat,pct_rfrch
2009-01-01,,,-7.485553101011756e-17,7.421052824535214,,
2009-01-02,0.0,,-6.365803248043471e-09,7.421052818169411,7.4209984572395005,
2009-01-03,8.985786163273322e-05,,-3.216237572732521e-06,7.421139466159274,7.421088315101133,
2009-01-04,0.0005006619811891829,,-7.386421383950242e-05,7.421479622302564,7.42149911922069,
2009-01-05,0.0008711952409908384,,-0.000458998154310483,7.421465021621894,7.421869652480491,
2009-01-06,0.0009964137928041735,,-0.0014810268377020365,7.420568211490316,7.421994871032305,
2009-01-07,0.0009238711373519547,,-0.003385688545203408,7.418591007127362,7.421922328376852,
2009-01-08,0.0007555365241785053,,-0.006405237352352308,7.41540312370704,7.421753993763679,
2009-01-09,0.0005683889199962221,,-0.010793911932624209,7.410827301522586,7.421566846159497,
2009-01-10,0.004716076046204796,,-0.01677590542263457,7.408992995158784,7.4257145332857055,
2009-01-11,0.024304923963625373,,-0.024507480793663772,7.420850267705175,7.445303381203126,
2009-01-12,0.041996257553282144,,-0.034009149745104064,7.429039932343392,7.462994714792782,
2009-01-13,0.0480316781073604,7.275957614183426e-17,-0.045015305357298044,7.424069197285276,7.469030135346861,0.9999999999999986
2009-01-14,0.0449174506213968,1.1629106449254324e-06,-0.05698958362605116,7.408981854441205,7.4659170707715425,0.9999741107181749
2009-01-15,0.03744990111011576,7.2492562898696635e-06,-0.06931568443153388,7.389194290470086,7.458455607605906,0.9998064653552403
2009-01-16,0.029807162530802248,2.002338934769796e-05,-0.08144369948486345,7.3694363109705,7.45082564315965,0.999328686608207
2009-01-17,0.022892078535332892,4.012413660162565e-05,-0.0930124681910435,7.350972559016105,7.443930659911435,0.9982503147571283
2009-01-18,0.016954862156480136,6.77139506678941e-05,-0.10385751743328359,7.334217883209078,7.438021033346648,0.9960221090954934
2009-01-19,0.012432462243924886,0.0001027041189436568,-0.11400655925957971,7.319581431638503,7.433533623602369,0.9918067207111119
2009-01-20,0.009010696675488422,0.0001448607129367156,-0.12364606278218175,7.306562319141457,7.4301540146279255,0.9841778379195292
2009-01-21,0.006381483690387557,0.00019644657557437315,-0.132932435708543,7.294698319092633,7.427576387505463,0.970135503474261
2009-01-22,0.004393651122208951,0.00026604702338936477,-0.14195936453845068,7.283753158142361,7.425658155385099,0.9429046656937038
2009-01-23,0.002941483776337221,0.000359547529513402,-0.15088542008514294,7.273468435755921,7.424299488545351,0.8910802424453977
2009-01-24,0.001919284555849557,0.0004807361929787294,-0.15995481075757229,7.26349803452647,7.423398477988329,0.7996949846315164
2009-01-25,0.0012240306942482878,0.0006326746656491742,-0.16941842076816305,7.253491109126948,7.422855162599398,0.6592487535641551
2009-01-26,0.0007651552121354596,0.0008182752598015214,-0.17946765161578176,7.243168603391369,7.422581887711438,0.4832262771850408
2009-01-27,0.00032450801568617354,0.0010409781744527208,-0.1902172233389799,7.232201087386373,7.422363943429639,0.23765016301861336
2009-01-28,0.00020132289307692072,0.0013035523688913965,-0.20170587918695734,7.220851820610225,7.422503332501469,0.13378045221741391
2009-01-29,0.00012269864029600957,0.0016083513354365642,-0.21388950302522997,7.208894371485717,7.422729507215233,0.07088105023893604
2009-01-30,7.06215179948055e-05,0.0019577557135559255,-0.2266524243433744,7.196428777423391,7.4230268344710515,0.03481675740405254
2009-01-31,4.190648267730228e-05,0.0023536185755045156,-0.23985436258122092,7.183593987012175,7.423393982297682,0.017493652397486893
2009-02-01,1.5484658986934438e-05,0.002797325126286851,-0.25332453950357064,7.170541094816917,7.4238112670247745,0.005505050170119212
2009-02-02,9.080798111910937e-06,0.0032879454758880824,-0.26659488946843685,7.157754961340777,7.4242954835135,0.002754238928431104
2009-02-03,5.27061602161543e-06,0.0038192534838374197,-0.2799654753975891,7.144911873237484,7.42482298133936,0.0013781102913718586
2009-02-04,-1.7056924383815846e-17,0.0043860899285533385,-0.2933142243012119,7.132124690162556,7.425384547168054,-3.888867912346199e-15
2009-02-05,-1.8275276125516978e-18,0.00498415888296222,-0.3064774051765073,7.1195595782416685,7.425982616122463,-3.6666720613560167e-16
2009-02-06,-7.310110450206791e-18,0.005609276851635805,-0.3194157182347511,7.1072463831520984,7.426607734091136,-1.3032179804202371e-15
2009-02-07,1.218351741701132e-18,0.006257244283373439,-0.33194466265567407,7.095365406162913,7.427255701522874,1.9471059247894467e-16
2009-02-08,-8.528462191907923e-18,0.006922831020551422,-0.3438447085269096,7.084130947028855,7.427921288260052,-1.231932740607125e-15
2009-02-09,-2.1930331350620375e-17,0.00760156190641279,-0.35498567778400947,7.0736687086576175,7.428600019145914,-2.884977011384948e-15
2009-02-10,0.0002695735848981802,0.00828944555680344,-0.3656370583333301,7.063974785343586,7.429557476381202,0.03149585021778398
2009-02-11,0.0015019859435675327,0.008982483533066916,-0.37577534009198094,7.055761953919867,7.431482926716135,0.14325817314026607
2009-02-12,0.0032425907544016076,0.009677208249789402,-0.3855213271416428,7.048451296397762,7.433918256243691,0.2509784210535903
2009-02-13,0.006493875246736755,0.010370616615166329,-0.3949242797289003,7.042993036668217,7.437862949101404,0.3850620166864577
2009-02-14,0.008869980098991698,0.011060076999149897,-0.40353578694624204,7.0374470946871135,7.440928514337642,0.44505542835694095
2009-02-15,0.009241506122164638,0.01174327342142111,-0.41123690528669554,7.030800698792104,7.441983236783086,0.44039090822802646
2009-02-16,0.008891127614514169,0.01241816477070068,-0.4175069140451951,7.024855202875234,7.442307749624716,0.4172418048326726
2009-02-17,0.010592605443896962,0.013082952658316792,-0.4222718678695932,7.022456514767835,7.444674015341715,0.44740678965901604
2009-02-18,0.012268392948723348,0.013736054995757332,-0.4259129153841947,7.0211443570954994,7.4470029051839814,0.4717805574998663
2009-02-19,0.012199454355427018,0.014376083686784334,-0.42833960674409355,7.0192887558333315,7.4475739952817115,0.4590482546787941
2009-02-20,0.011539878147142904,0.01500182543678926,-0.4294956041359907,7.018098923983155,7.447540160823433,0.4347828733242626
2009-02-21,0.013439907184667223,0.015612806468483396,-0.42944312741432933,7.020662410774035,7.450051170892651,0.4626041940564039
2009-02-22,0.014942445002927315,0.016210188933665232,-0.4284077161946304,7.023797742277176,7.452151091176093,0.47965270074244354
2009-02-23,0.014330818585740233,0.016796218260609348,-0.426616539244574,7.025563322136989,7.45212549408585,0.46039777754884104
2009-02-24,0.012985629590979427,0.017376350715217998,-0.42419394765463697,7.027220857186775,7.451360437545698,0.4276937623969418
2009-02-25,0.01397546466143208,0.017954961048313563,-0.42132015249346794,7.031663097751491,7.452928882949246,0.4376848836427057
2009-02-26,0.014739402344596616,0.018535425063931944,-0.4183369188476615,7.035990733096081,7.454273284648029,0.44295954306944985
2009-02-27,0.013742027169994824,0.019122031002069054,-0.415482757400541,7.038434125306737,7.453862515411564,0.41814760362359166
2009-02-28,0.017521706979744436,0.0197227628231352,-0.41280335101878074,7.045493943319313,7.45824292704238,0.47045123940493594
2009-03-01,0.04256489323832682,0.020344642908602766,-0.41027077531475037,7.073691585367393,7.48390799338643,0.6766047859407762
2009-03-02,0.06577645920651487,0.02099320066463748,-0.4079406452668871,7.09988183913948,7.507768117110653,0.7580582810188365
2009-03-03,0.07292607430738267,0.021674844246527283,-0.4056875857669875,7.109966157322137,7.5155993757934105,0.7708812495919318
2009-03-04,0.06683557054996696,0.022400146144991744,-0.4032573284053645,7.107031212824808,7.510234173934459,0.7489777975161686
2009-03-05,0.05434488022830812,0.023177088096715346,-0.4005564931708489,7.098018299689389,7.498520425564524,0.7010255467257793
2009-03-06,0.041672179614448926,0.024010296977948785,-0.39794299785517506,7.088792303272436,7.486680933831898,0.6344489698988024
2009-03-07,0.03386718414368871,0.024903882850150005,-0.39552547902528,7.084298412503773,7.4797695242333395,0.5762560708186425
2009-03-08,0.02826184211721674,0.02586229947921911,-0.3934376291050695,7.08173933702658,7.475122598835936,0.5221670272009972
2009-03-09,0.02273064841602534,0.02688910945149823,-0.3917180178008133,7.078954564601924,7.470618215107024,0.45809672180812244
2009-03-10,0.017371044081400507,0.02798705744512776,-0.3900092044344383,7.076401721627303,7.466356558766028,0.38297555446055936
2009-03-11,0.012889843561953244,0.029158615005909272,-0.3880817396628287,7.075019543440248,7.463046915807363,0.30654735038979297
2009-03-12,0.010281660067506422,0.0304068779105823,-0.3859976034903667,7.075743759022936,7.4616869952175895,0.2526918040909512
2009-03-13,0.008477671367661747,0.03173467864961255,-0.3841836276484792,7.077081546904009,7.461210807256775,0.21082257973035487
2009-03-14,0.006810391465209564,0.03314402272301083,-0.3825540098634491,7.078453228859985,7.460952871427721,0.17045404377915885
2009-03-15,0.0051998560607500865,0.034634300509489804,-0.3811382919724275,7.079748689133027,7.460832613809741,0.13053762169110164
2009-03-16,0.0037774843534845452,0.03619938207249765,-0.37979127368379356,7.081238417277403,7.460975323665482,0.09449175713855956
2009-03-17,0.0033240270814946056,0.03783595904545691,-0.3784350746285114,7.083777736033654,7.462158443366452,0.08075870266919347
2009-03-18,0.00664910711198347,0.03954660017718372,-0.37699780873544314,7.090250723088938,7.467194164528667,0.1439334410524909
2009-03-19,0.009792345355666757,0.04133126069965809,-0.3756934326225465,7.096482997967993,7.472122063294825,0.1915425399583452
2009-03-20,0.010655642475077515,0.043184431655223676,-0.37444740278513006,7.100445495880385,7.474838531369802,0.19791284925219896
2009-03-21,0.009671393928021901,0.04510122090226633,-0.3729506103239444,7.102874829041558,7.475771072069788,0.17657352963681772
2009-03-22,0.007820993543941774,0.04707804896997819,-0.37104777849067294,7.104904088558461,7.475897499753421,0.14246138340133557
2009-03-23,0.0060836001558374165,0.04911128213791435,-0.36916386982057725,7.107083837008388,7.4761933395332525,0.11022036650898157
2009-03-24,0.005609256725742688,0.05119178803553274,-0.36748779215930055,7.110366077137189,7.477799502000776,0.09875270339335104
2009-03-25,0.005391528365380117,0.05331059898887601,-0.36588122853148825,7.113873723357981,7.479700584593757,0.09184553624169825
2009-03-26,0.004805343629969529,0.055460237005217794,-0.3642533192299007,7.1170650859405,7.481264037874688,0.07973612100509371
2009-03-27,0.00392700717139749,0.057634265291141185,-0.3628081090112862,7.119805987986466,7.482559729702039,0.06379022093455193
2009-03-28,0.00297635004567091,0.05982894613690304,-0.3613350581016207,7.1225230626161675,7.483803753422074,0.047390112404194544
2009-03-29,0.0021389579965789387,0.06204419049773651,-0.35974034477852307,7.125495628251006,7.485181605733816,0.03332585027000321
2009-03-30,0.0014696424096257142,0.06427410220050012,-0.3581478647850019,7.128648704360338,7.486742201849626,0.0223541025589735
2009-03-31,0.0009742931895034903,0.06651327245558886,-0.3569202774501885,7.1316201127301175,7.488486022884593,0.01443663258839653
2009-04-01,0.0006274659382856362,0.06875715772024481,-0.3561505256524272,7.1342869225413175,7.490383080898031,0.009043299584265927
2009-04-02,0.0003945807335992009,0.07100176445170508,-0.3555508501995508,7.136898319520967,7.492394802424805,0.005526623702867337
2009-04-03,0.00021292214194061594,0.0732435302157596,-0.3550417830226034,7.139467493870311,7.4944549095972,0.002898617277401036
2009-04-04,0.00013013737097708648,0.07547925522077358,-0.3547122286071809,7.141949988519784,7.496607849831251,0.0017211799555083992
2009-04-05,7.828390383729792e-05,0.07770605518875377,-0.3543553608179041,7.144481802809901,7.498782796332091,0.0010064224334941278
2009-04-06,4.645397696081733e-05,0.07992132562781186,-0.35403054311421606,7.146990061025771,7.500966236844273,0.0005809086758493022
2009-04-07,2.724239433576038e-05,0.08212271313793292,-0.35358336329462603,7.149619416772857,7.503148412771769,0.00033161788292215827
2009-04-08,1.5811848064842027e-05,0.08430809149384329,-0.35291870895397565,7.152458018923147,7.505322360581409,0.000187513236913734
2009-04-09,-1.4620220900413582e-17,0.08647360301496622,-0.35199126677098674,7.155535160779193,7.507472060254466,-1.690714899191054e-16
2009-04-10,-1.218351741701132e-17,0.08861060353611287,-0.35095160057707186,7.158711827494255,7.509609060775613,-1.3749502803065753e-16
2009-04-11,6.09175870850566e-18,0.09071196757674622,-0.35007426462253793,7.161690527489422,7.511710424816247,6.715496170173765e-17
2009-04-12,2.071197960891924e-17,0.09277203020539929,-0.3492720224911077,7.164552832249505,7.5137704874449,2.2325672471608595e-16
2009-04-13,9.746813933609055e-18,0.09478609837915769,-0.3485017608016786,7.167337162112693,7.515784555618658,1.0282957206045585e-16
2009-04-14,0.0,0.09675023548618353,-0.3478410386739721,7.169962021347425,7.517748692725684,0.0
2009-04-15,2.1930331350620375e-17,0.09866054872433078,-0.3472151106995298,7.172498262560015,7.519659005963831,2.222806545693994e-16
2009-04-16,2.9240441800827164e-17,0.1005121861012427,-0.34663768217323454,7.174927328463222,7.5215106433407435,2.90914394911023e-16
2009-04-17,4.873406966804528e-18,0.10230116303324541,-0.34622744572005354,7.177126541848406,7.523299620272746,4.7637845184817577e-17
2009-04-18,9.746813933609055e-18,0.10402429347957955,-0.34587802069483015,7.179199097319963,7.52502275071908,9.369747784465749e-17
2009-04-19,9.746813933609055e-18,0.10567900112817963,-0.3454458683988461,7.1812859572645475,7.52667745836768,9.223037528323151e-17
2009-04-20,0.0025160201257164476,0.10726321919495159,-0.3448349486983366,7.185997115157545,7.530777696560168,0.022918906537210435
2009-04-21,0.0140185354732971,0.1087753205386955,-0.34410009677049397,7.1997465837767125,7.543792313251493,0.11416316686013987
2009-04-22,0.024393466747743387,0.11021406351430194,-0.34323416291742714,7.212426191879832,7.555605987501546,0.18121918365381004
2009-04-23,0.02789958619851669,0.11157854764797409,-0.34229057822167946,7.218240380160025,7.560476591085991,0.20002838745478838
2009-04-24,0.025868391845854898,0.11286817613763557,-0.34099993720490007,7.218789455313805,7.559735025222991,0.186456910545266
2009-04-25,0.021155022676997814,0.11408262343805353,-0.3391821372662288,7.2171083333840365,7.556236103354552,0.15642850407940778
2009-04-26,0.01600474762152665,0.11522180682063594,-0.33678092190841064,7.215498457068966,7.552225011681663,0.12196272080420018
2009-04-27,0.01178182524053504,0.11628586115002706,-0.3338528449287051,7.215267665997071,7.549066143630062,0.09199686175796566
2009-04-28,0.008519363504241817,0.11727511633263493,-0.33044555591222613,7.216401748459864,7.546792937076377,0.0677244622760017
2009-04-29,0.00600522139302366,0.11819007702927907,-0.32671272790423367,7.218535395053283,7.545193755661804,0.04835304934494409
2009-04-30,0.004653847658723211,0.11903140431667024,-0.3226784368255361,7.222059639685071,7.544683709214894,0.03762653658698994
2009-05-01,0.005746781736092825,0.11980183723193194,-0.31850006246058327,7.228101381042656,7.546547076207525,0.04577335683442634
2009-05-02,0.007189891551659567,0.12050921486164014,-0.31451655582859356,7.23423537511992,7.5486975636528,0.056303381860710884
2009-05-03,0.008922075930879986,0.12116014165806212,-0.3107874353297214,7.240347606794435,7.551080674828443,0.06858797533013784
2009-05-04,0.012678010178240705,0.12176001895571996,-0.3072457932516917,7.248245060417482,7.555436486373461,0.09430374916912619
2009-05-05,0.015801276194831227,0.12231350950243697,-0.3037446431838108,7.255422967048672,7.5591132429367685,0.11440684004293222
2009-05-06,0.016229725851633355,0.1228247309566724,-0.30010087801525365,7.260006403328266,7.560052914047806,0.11671489159104716
2009-05-07,0.014307107044449182,0.12329756082243974,-0.2961422855964964,7.262515206805606,7.558603125106389,0.10397254152954373
2009-05-08,0.011466621155229877,0.1237360136502278,-0.29174239144847636,7.264513067892195,7.556201092044958,0.08481063384400117
2009-05-09,0.008531781252935626,0.12414366177781787,-0.28686496591335303,7.266863301652615,7.553673900270254,0.06430565489770404
2009-05-10,0.006008397569338778,0.12452367989989785,-0.2814126114019774,7.270172290602473,7.551530534708737,0.04603004629842666
2009-05-11,0.004146692089639808,0.12488008734367478,-0.27551313732117777,7.274566466647351,7.550025236672815,0.03213822826433453
2009-05-12,0.0041388318039688315,0.1252196166830346,-0.2692083483784748,7.281202924643742,7.550356905726504,0.03199506373474058
2009-05-13,0.008150246489599576,0.12554640430416972,-0.2625405990624372,7.292208876266546,7.55469510803327,0.06096073791834585
2009-05-14,0.012126572434209502,0.12586135799124556,-0.2555745388121474,7.3034662161485215,7.558986387664955,0.08788139945877814
2009-05-15,0.013394652364643442,0.12617064225394142,-0.24837979368092256,7.312238325472876,7.560563751858085,0.09597409156230002
2009-05-16,0.01229873580078783,0.1264807025965177,-0.24101101060697788,7.318821252325542,7.559777895636806,0.08862073476315939
2009-05-17,0.010012874619642852,0.1267967486117753,-0.23356592011768243,7.32429652764895,7.5578080804709185,0.07318837946586354
2009-05-18,0.0075339510649950715,0.12712309135378755,-0.22607370805882218,7.329636158895174,7.555655499658283,0.055949179706208954
2009-05-19,0.005339020493130921,0.12746318063081646,-0.2185794128664115,7.33527561279275,7.553800658363448,0.040202801218241026
2009-05-20,0.0035969634375905848,0.12781942445979466,-0.21115267350408598,7.341316538928513,7.5524148451368855,0.02737073735734714
2009-05-21,0.0023548529006157306,0.12819390364853112,-0.2039296361302753,7.347671944954086,7.5515472137886475,0.01803811053327968
2009-05-22,0.0015034001354400663,0.12858862259923326,-0.1969069408538022,7.354237906416085,7.551090479974174,0.011556436004583441
2009-05-23,0.0014771990050320477,0.1290065892893802,-0.19002956180911348,7.361507051020513,7.551482245533912,0.01132093897901726
2009-05-24,0.006633378224823199,0.1294526114885688,-0.1832662374788456,7.37387257676976,7.557084446952892,0.04874402015074163
2009-05-25,0.02277529929302542,0.12993071065233444,-0.1766528346165923,7.397105999863982,7.57370446718486,0.14914474748685208
2009-05-26,0.03689580945610523,0.13044122420174106,-0.17020354931136866,7.418186308881691,7.588335490897347,0.22048800943577151
2009-05-27,0.041784992296864026,0.13097918319001797,-0.16398288515209317,7.429834114870003,7.593762632726382,0.241861440192135
2009-05-28,0.03887591821598651,0.13153954388174,-0.15785444683269653,7.433613839800244,7.591413919337227,0.22812435994623956
2009-05-29,0.031948002025575746,0.1321184101476211,-0.15176082661256948,7.433358410095841,7.585064869412697,0.1947260356485995
2009-05-30,0.024177559592582786,0.13271262123801647,-0.1457150198949469,7.432227985470866,7.5778886380701,0.15410498900940325
2009-05-31,0.01767905225795117,0.13331949959589035,-0.13988739980091972,7.432163976588136,7.571997009093342,0.1170809391275722
2009-06-01,0.014687162886625091,0.13393672614845356,-0.13421859751723392,7.435458116053058,7.5696223462745795,0.09882101041750148
2009-06-02,0.014574355193141498,0.1345622644855634,-0.1287780345150791,7.44141140969884,7.570135076918206,0.09772485942446608
2009-06-03,0.014269388789186096,0.13519527881349921,-0.12357320242668532,7.4469442897112135,7.570463124842186,0.09546997974877729
2009-06-04,0.0127714772310055,0.13583761570690298,-0.11859013971407961,7.451071777759043,7.569607550177409,0.0859400792947552
2009-06-05,0.010785064586677898,0.1364908096391313,-0.11381639815415086,7.454512300606872,7.56827433146531,0.07323035523212587
2009-06-06,0.008628680287240509,0.13715658079804455,-0.10924080129760089,7.457597284322898,7.5667837183247855,0.05918760389771289
2009-06-07,0.006529383419065749,0.13783672723768264,-0.10485324499254386,7.460565690199418,7.565364567896249,0.045227951278609395
2009-06-08,0.004701543693765771,0.13853258484418343,-0.10064453266524209,7.463642420407921,7.564232585777449,0.032824186119302705
2009-06-09,0.003228557985458343,0.13924512772416056,-0.096606239303654,7.466920270941179,7.563472142949119,0.022660731835341095
2009-06-10,0.0023218054192985526,0.13997506719074898,-0.09273059912930884,7.470619098015953,7.563295329849548,0.016316629991308822
2009-06-11,0.0028348164396290215,0.14072387506553014,-0.08901041280596128,7.475601103234411,7.56455714874466,0.01974674197644902
2009-06-12,0.006693383463158317,0.14149630791491571,-0.08543897074963026,7.483803545163657,7.569188148617575,0.04516767260201381
2009-06-13,0.022617621817895246,0.1422987922183937,-0.0820099896988774,7.503959248872626,7.585914871275789,0.13714597149146332
2009-06-14,0.040464440521120686,0.14313630707673297,-0.07871756019708623,7.525936011935982,7.6045992048373545,0.22039365879789982
2009-06-15,0.048785650338183405,0.14401169231184605,-0.07555610304724426,7.538294064137999,7.61379579988953,0.2530410931375768
2009-06-16,0.047396060859166866,0.1449225459660552,-0.07252033313853087,7.540851098221905,7.613317064064723,0.24644552933060768
2009-06-17,0.04154956022162788,0.1458611343887283,-0.06960522932462239,7.538858289820948,7.608409151849857,0.2217032507563839
2009-06-18,0.03384815163258982,0.1468200017724257,-0.06680600926601951,7.53491496867421,7.601666610644516,0.18734985106484275
2009-06-19,0.025856413728465602,0.14779272917595176,-0.06411810834093251,7.530583859098699,7.594647600143918,0.1489003245049006
2009-06-20,0.019070204634957153,0.14877404195717303,-0.061537161888304034,7.52735990923904,7.588842703831631,0.11361845891148532
2009-06-21,0.014955398047943958,0.14976007731240276,-0.05905899017790946,7.526709309717651,7.585713932599847,0.09079534278868548
2009-06-22,0.01213760072418703,0.1507490867074659,-0.05667958561097371,7.527259926355893,7.583885144671154,0.07451560907505074
2009-06-23,0.009598097823208758,0.15174038664321826,-0.05439510174431141,7.527996207257329,7.582336941705927,0.05949044243815263
2009-06-24,0.007247871012035049,0.1527367767383159,-0.052201843804793,7.528835628480772,7.580983104989851,0.045303540770643407
2009-06-25,0.005224888763894389,0.15374297996249595,-0.05009626042176041,7.529924432839843,7.5799663259658905,0.03286757761650108
2009-06-26,0.0036157836314397195,0.15476251861079265,-0.048074936355079326,7.5313561904223665,7.5793767594817325,0.022830044142723185
2009-06-27,0.002408215580462001,0.15579855461212402,-0.04613458603765016,7.53312500869015,7.5792052274320865,0.015221950220780477
2009-06-28,0.0065070061047363655,0.1568551346691816,-0.04427204778501993,7.540142917524112,7.5843605980134186,0.03983178767069181
2009-06-29,0.03264289833574091,0.15793544887400143,-0.04248427855243455,7.569146893192522,7.611576804449243,0.17128335308635845
2009-06-30,0.07448064289656231,0.1590419377676652,-0.04076834914240028,7.613807056057041,7.654521037903728,0.3189440724948777
2009-07-01,0.11215442060335011,0.16017727462669085,-0.039121439784397354,7.654263079980858,7.693330152469541,0.4118302150200045
2009-07-02,0.13410708353650166,0.1613456888704816,-0.0375408360235467,7.67896476091865,7.716451229646483,0.4539036220373336
2009-07-03,0.13582927624456614,0.1625499291341062,-0.0360239248674089,7.683408105046477,7.7193776626181725,0.45522366772237205
2009-07-04,0.12361019374714526,0.16379042387800932,-0.03456819115014533,7.673885251010223,7.708399074864655,0.4300971750463154
2009-07-05,0.10421879577894738,0.16506547244746497,-0.033171214081436064,7.65716587868019,7.690282725465913,0.3870214790688067
2009-07-06,0.0872019007900044,0.1663663727480523,-0.03183066395416198,7.642790434119108,7.674566730777557,0.34389909894195314
2009-07-07,0.07583143132299555,0.16768063942000527,-0.030544298990189775,7.634020596288025,7.664510527982501,0.31140727887377284
2009-07-08,0.06580569968746282,0.16899827704269105,-0.0293099623078813,7.626546838957486,7.655802433969654,0.28025802886247264
2009-07-09,0.05782146268785647,0.17031243236433738,-0.028125578998406408,7.621061140589001,7.649132352291694,0.2534540633456845
2009-07-10,0.04932930456881826,0.1716224876976499,-0.026989153300672513,7.61501546350101,7.641950249505968,0.22325822326585634
2009-07-11,0.03979466500072962,0.17293493253726622,-0.025898765866848545,7.607883656206361,7.633728054777496,0.18706689365884716
2009-07-12,0.03139635417310672,0.17426185457711582,-0.024852571112225566,7.601858462173211,7.626656665989723,0.15266278143674022
2009-07-13,0.026818376912944482,0.17561785486753523,-0.0238487946444495,7.599640261671244,7.62343468901998,0.13247814720255277
2009-07-14,0.027232310867342895,0.17701601679895781,-0.022885730768259834,7.602415421433255,7.625246784905801,0.13332941903854814
2009-07-15,0.027441522879848218,0.17847136066518224,-0.02196174006264903,7.605003968017595,7.626911340784531,0.1332676343869815
2009-07-16,0.025063556217938408,0.1799978823324243,-0.021075247027989415,7.605039016057587,7.626059895789863,0.12222461909523201
2009-07-17,0.020955884906246867,0.18161396159604667,-0.02022473780111836,7.603397933236389,7.623568303741794,0.10345016925314993
2009-07-18,0.02051048292690399,0.1833397569810557,-0.019408757936743008,7.60549430650643,7.62484869714746,0.10061544659532737
2009-07-19,0.033285155323001255,0.18519322831701016,-0.01862591025373879,7.620905297921486,7.639476840879512,0.1523498790518584
2009-07-20,0.04477025186682063,0.18719393757729622,-0.017874852745117957,7.635142161234213,7.652962646683617,0.1930050150159336
2009-07-21,0.0469847449306697,0.18935565096576165,-0.01715429655053089,7.640238923881114,7.657338853135932,0.19880116030295247
2009-07-22,0.041841558161070096,0.19168226258179372,-0.016463003990253307,7.638113641287824,7.654522277982364,0.1791746898794637
2009-07-23,0.03344614034950334,0.19417151196068555,-0.015799786659631155,7.632870690185771,7.648616109549689,0.1469400110669984
2009-07-24,0.025193494044694932,0.19681892287920266,-0.015163503582996216,7.627901737876115,7.643010874163398,0.1134778603546795
2009-07-25,0.01941785919345532,0.19962018357814876,-0.014553059426019874,7.625537807880798,7.640036500011105,0.08865062410050277
2009-07-26,0.01522060722736154,0.20256812491021361,-0.013967402765493247,7.624874153907296,7.638787189377076,0.06988702802928676
2009-07-27,0.011636866747415663,0.20565155585591208,-0.01340552441547861,7.624935722723063,7.638286879842828,0.05355493223244305
2009-07-28,0.00854656760558003,0.20885927033158128,-0.012851830220114274,7.625606832252261,7.638404295176662,0.03931158282902375
2009-07-29,0.00628976801184332,0.21217738666326205,-0.012335206344794385,7.627184772865525,7.639465611914606,0.028790451458010624
2009-07-30,0.00556816645516013,0.2155938976205265,-0.011833094066412241,7.630381794544488,7.642160521315187,0.02517686059058745
2009-07-31,0.005299935176779033,0.21909647563379653,-0.011346106813196994,7.634103128532592,7.645394868050076,0.023618627221506577
2009-08-01,0.004719384800292892,0.22266892806203004,-0.01088032388023478,7.637560813517302,7.6483867701018236,0.02075473774745118
2009-08-02,0.003860930511464656,0.22629727349414439,-0.010432132343988241,7.640778896196835,7.65115666124511,0.01677511574330222
2009-08-03,0.0029332669779109366,0.2299691574259572,-0.010000845577758141,7.643954403361324,7.653900881643368,0.012594402936847316
2009-08-04,0.001989062949242813,0.23367246875187664,-0.009586977361258003,7.6471273788750755,7.6566599889406195,0.008440337864583966
2009-08-05,0.001382212558137485,0.23739407912604985,-0.009202643257195107,7.650626472962206,7.659774748923688,0.005788734502861117
2009-08-06,0.0009238251380838016,0.2411170531957965,-0.008829385510802663,7.654264317358291,7.663039335573381,0.0038168145168001022
2009-08-07,0.000598596593114167,0.24482643474002203,-0.00847215149245704,7.658005704375893,7.666423488572637,0.0024390201352430148
2009-08-08,0.0003781977658307403,0.24850964494773106,-0.008132958633937305,7.661807708614838,7.669886299953062,0.001519550982110435
2009-08-09,0.00023400460602710264,0.2521560697900736,-0.007798324745300492,7.665644574186014,7.673388531635601,0.0009271545506970137
2009-08-10,0.00013013737097709074,0.2557550779504685,-0.007486385213737627,7.669451654642922,7.676883672560946,0.0005085771400024455
2009-08-11,7.82839038373034e-05,0.2592921328554808,-0.007176439453178095,7.673246801841354,7.680368873998819,0.00030182279388457276
2009-08-12,4.6453976960829513e-05,0.26275495885244454,-0.006879897068526183,7.676974340296093,7.683799870068906,0.0001767645632521184
2009-08-13,2.724239433577119e-05,0.2661334202325775,-0.006605056928626466,7.680608430233501,7.687159119866414,0.00010235319549815597
2009-08-14,0.00010566970969759048,0.2694189638770518,-0.006332426489476809,7.684245031632487,7.69052309082625,0.0003920595616488597
2009-08-15,0.0007702355660873728,0.272604341737639,-0.006069125208269948,7.68835827663067,7.694373034543227,0.0028175098565643903
2009-08-16,0.005248632756805715,0.2756826495651746,-0.005816177720770388,7.696167929136424,7.70192973956148,0.018682977251320003
2009-08-17,0.01981089863709591,0.2786459717568248,-0.00557374232044464,7.71393595260869,7.719455327633421,0.06637776041458968
2009-08-18,0.032882542051482236,0.2814877970734875,-0.005340789429996684,7.730082374230187,7.735368796364471,0.10459810598865259
2009-08-19,0.04205847898914231,0.2842029070316451,-0.005116805192101692,7.7421974053639,7.747259843260288,0.12891037919658258
2009-08-20,0.059795334792663454,0.286787105116195,-0.004901899926695907,7.762733364517376,7.767580897148359,0.17252846049669443
2009-08-21,0.07181795709759316,0.2892364837645784,-0.0046971201474312295,7.777410145249954,7.782052898101672,0.19891171238912653
2009-08-22,0.07092951040303788,0.29154640324098435,-0.0045005999334007465,7.7790281382458355,7.783474370883523,0.19568061692699348
2009-08-23,0.061053090690454094,0.29371330011586927,-0.004311598528051415,7.771507616813486,7.7757648480458235,0.17209378417073515
2009-08-24,0.04778685585813369,0.2957346004869777,-0.004128718706272846,7.760445562174052,7.7645199135846115,0.1391087950271312
2009-08-25,0.034937453664542026,0.2976087076213217,-0.003954957587857561,7.74964402823322,7.753544618525364,0.10506046297286545
2009-08-26,0.02427591992352942,0.299335770351604,-0.0037866789807923886,7.740877835829555,7.744610147514634,0.07501558396388625
2009-08-27,0.016218498348289586,0.3009198147806012,-0.003623694959560313,7.734567442704544,7.738136770368391,0.05114014194083858
2009-08-28,0.010503220106052152,0.3023702084343835,-0.0034665698416422135,7.730459683234007,7.733871885779936,0.03357018892607788
2009-08-29,0.006632246742558408,0.3036961434232086,-0.003323878855759296,7.728057335845222,7.731326847405268,0.02137170478993457
2009-08-30,0.00410131880918722,0.30490777123300356,-0.003182096562807811,7.726879818014597,7.730007547281692,0.013272485960290823
2009-08-31,0.002489038399525358,0.30601912176799706,-0.003047170885193342,7.726513813817543,7.729506617407023,0.00806798237743141
2009-09-01,0.0014809430639120707,0.3070420911986568,-0.00292154165769108,7.726654317140092,7.729521491502069,0.004800105338817953
2009-09-02,0.0007783703205155171,0.30798669072191287,-0.0027951885977934607,7.727022696979849,7.729763518281929,0.002520914503369145
2009-09-03,0.0007198033084041894,0.3088616406696027,-0.0026723871357522896,7.727961881377468,7.730579901217507,0.002325085441669189
2009-09-04,0.002568966883321426,0.30967465330479865,-0.0025550432891997413,7.730741401434134,7.7332420774276205,0.008227443948330086
2009-09-05,0.00711954355367513,0.3104326101732336,-0.0024539500922987696,7.736151028169823,7.738550610966409,0.022420076419314282
2009-09-06,0.010829998547330013,0.311141493287974,-0.0023513106207355247,7.740673005749782,7.742969949074805,0.033636513859027654
2009-09-07,0.0117393375472934,0.31180559424019044,-0.002258363609803008,7.7423393927128945,7.744543389026984,0.03628348459188422
2009-09-08,0.010581449808703134,0.31242537130460296,-0.002165329936513093,7.741894315712007,7.744005278352806,0.032759214719466606
2009-09-09,0.008504995477595088,0.31299597696815357,-0.0020749191217005,7.740478877859262,7.742499429685249,0.026454027223915332
2009-09-10,0.0063241963434672345,0.3135127671583878,-0.00198473385153335,7.738905054185535,7.740835420741355,0.019773187796133372
2009-09-11,0.004445534790138066,0.3139701589800753,-0.0019064146064854104,7.7375621036989415,7.739414151009714,0.013961418601892827
2009-09-12,0.002994997756068489,0.31435870424292095,-0.0018312219811714723,7.736575304553032,7.73835215923849,0.009437412379950829
2009-09-13,0.0019518484448821627,0.3146710942691894,-0.0017539164011772294,7.735921850848108,7.737621399953572,0.006164583109963678
2009-09-14,0.0012385458620897125,0.31490248540408583,-0.0016747723824011604,7.735519083418988,7.737139488505676,0.00391770045517096
2009-09-15,0.0007689037967989866,0.31505255348885475,-0.0016087986458510368,7.7352654831750165,7.736819914525154,0.0024346154419252444
2009-09-16,0.0004686960167686098,0.3151260416465286,-0.0015439547035770817,7.735103607494934,7.736593194902798,0.0014851198731604131
2009-09-17,0.0002813056884727927,0.3151269010537312,-0.001473501764778697,7.734987529512639,7.736406663981705,0.0008918781517397717
2009-09-18,0.00016660432521831638,0.3150583425119993,-0.0014036316440187164,7.734874139728412,7.736223404076718,0.0005285251909467399
2009-09-19,0.0009961176473994916,0.31492322625711255,-0.0013484264342900202,7.735623742005436,7.7369178011440125,0.003153075829698394
2009-09-20,0.005054055356086386,0.3147242022884116,-0.0012898958546070708,7.739541186325105,7.7407767148839985,0.015804874894606035
2009-09-21,0.008711952409908314,0.31446377843649403,-0.0012316294156794676,7.742996925965937,7.7441741880859025,0.026957322528803673
2009-09-22,0.009964137928041666,0.31414435787481465,-0.0011758933376422424,7.743985427000428,7.745106953042357,0.03074321733948775
2009-09-23,0.009238711373519592,0.31376826138200997,-0.00112971770871416,7.742930079582029,7.74400542999503,0.0286022041403793
2009-09-24,0.011149679707094124,0.3133377411980235,-0.0010853757693150231,7.744454869671016,7.745485878144618,0.03436089964903252
2009-09-25,0.02705823637202028,0.31285498992720867,-0.001032754246055563,7.759933296588387,7.76091168353873,0.07960336426626909
2009-09-26,0.046386726235808876,0.31232156492747404,-0.0009811060496242225,7.778780009648872,7.779706748402783,0.1293160135367314
2009-09-27,0.05565596899247595,0.3117357366652972,-0.000937981324455463,7.7875065488685316,7.788390162897274,0.15148945426742896
2009-09-28,0.05548706947601673,0.31109165407925954,-0.0008930276920388825,7.786738520398451,7.787577180794777,0.15136467533596465
2009-09-29,0.05532220742411223,0.31038502188140765,-0.0008580367814617674,7.785902017059272,7.78670568654502,0.15127457974831238
2009-09-30,0.05369134841462716,0.3096148573784445,-0.0008207177097368606,7.783538312618549,7.7843046630325725,0.14778538752846998
2009-10-01,0.05138232544003988,0.30878603880780764,-0.0007828473530425906,7.780438341430019,7.781166821487348,0.14266196185037913
2009-10-02,0.04628736551616073,0.30790276509482695,-0.0007430356619156724,7.774499919484286,7.775188587850488,0.13068507989286363
2009-10-03,0.038402672358692276,0.3069684669190159,-0.0007067569721623658,7.76571720684076,7.766369596517209,0.11119247670493167
2009-10-04,0.03483007882173065,0.305986190629328,-0.0006791136227421991,7.761189980363531,7.7618147266905595,0.10219605677226115
2009-10-05,0.05408115687495726,0.30496067152701545,-0.0006469144657052154,7.7794477384714815,7.780040285641473,0.15062634099113817
2009-10-06,0.08506292890022922,0.3039033758042723,-0.0006142725809882314,7.809404856658727,7.809964761944002,0.21868971134878046
2009-10-07,0.1022465027490151,0.302829255032616,-0.0005864597568656061,7.8255421225599795,7.826074215021132,0.25241328513204764
2009-10-08,0.09978935234569848,0.30175049344996885,-0.0005576738210587897,7.822034996509823,7.822538303035167,0.24851668742354044
2009-10-09,0.08683220843579373,0.3006789825438012,-0.0005312655008291223,7.80803275001398,7.808509648219095,0.2240766472222115
2009-10-10,0.07712825067357032,0.2996302437333293,-0.0005105293171009966,7.797300789625012,7.7977569516464005,0.20471535962311102
2009-10-11,0.07001626978539201,0.29861968278382495,-0.00048705021424368935,7.789201726890187,7.789634409808717,0.18993337274189337
2009-10-12,0.060831281756519806,0.29766331059961787,-0.0004613516082519088,7.779086065283099,7.779493049595638,0.16968535384792766
2009-10-13,0.04928783748374622,0.2967690141262424,-0.0004344388518291326,7.766675237293374,7.767055308849489,0.14242699502824574
2009-10-14,0.037401337869077345,0.29594328587043944,-0.0004114720256431401,7.753985976249088,7.754343080979018,0.11220021324928767
2009-10-15,0.027005084815753536,0.2951938250240429,-0.00038932258798406204,7.742862411787026,7.743197367079297,0.08381494781959688
2009-10-16,0.019465219751674933,0.29453440912489937,-0.0003741548949718939,7.734678298516816,7.734998086116075,0.06199121897474039
2009-10-17,0.013977954859627308,0.2939799141380045,-0.00035523416540480396,7.728655459367441,7.728956326237133,0.04538917906246064
2009-10-18,0.00989380431291737,0.29353543457813985,-0.0003361777113225915,7.7241458857149485,7.724427696130558,0.0326066279870597
2009-10-19,0.006828634799757117,0.29319952357054313,-0.00031653904210947483,7.720764443863405,7.721026615609801,0.02275997971940051
2009-10-20,0.00458852508556876,0.29297315569774834,-0.0002976813739866881,7.718316823944544,7.718560138022817,0.015420416612413546
2009-10-21,0.0028301666382954983,0.2928622864648873,-0.00027783258573158925,7.716467445052665,7.716690910342683,0.009571318471587447
2009-10-22,0.003952534848640883,0.2928703256506809,-0.0002625610667169378,7.717613123967818,7.717821317738823,0.013316140279733994
2009-10-23,0.013686640040076976,0.29299708128415936,-0.00024566076584623834,7.727490885093604,7.727682178563737,0.04462786606664069
2009-10-24,0.02295288900965033,0.2932367779738261,-0.00022942281764923715,7.7370130687010406,7.7371881242229765,0.07259215403408428
2009-10-25,0.026192785764699765,0.29358446979895864,-0.00021895521293581886,7.740611124885937,7.740775712803159,0.08190947076123599
2009-10-26,0.024277305249403233,0.29403641816611487,-0.00020674071881353204,7.7391598072319185,7.739312180655019,0.07626848440245317
2009-10-27,0.02088747896709239,0.29458833178555127,-0.00019436215323322012,7.7363342731346245,7.736474267992144,0.06620944698504862
2009-10-28,0.020524730586389654,0.2952289678645363,-0.000181716870767649,7.736624806115373,7.736752155690427,0.06500234419132095
2009-10-29,0.02088397811614291,0.2959431511260849,-0.0001692438294005354,7.7377107099480416,7.737825586481728,0.06591600336149314
2009-10-30,0.021804825398477386,0.2967177971456194,-0.00015716879661939345,7.739418278282692,7.739521079783597,0.06845612793313822
2009-10-31,0.021517450920637612,0.2975420381262351,-0.00014531110463132733,7.739967002477456,7.740057946286373,0.06744024753790195
2009-11-01,0.01918483432049738,0.29840460767822896,-0.00013540644703957116,7.7385068600869005,7.738587899238227,0.060407657760154124
2009-11-02,0.015604099248192446,0.2992908248364018,-0.00012236090677649107,7.735825387713032,7.735893381324095,0.04955335273680219
2009-11-03,0.011799964511562315,0.30018949842019593,-0.00011393393435273052,7.732928353532619,7.732987920171259,0.037821676413934954
2009-11-04,0.008434641485113394,0.30109177275656945,-0.00010483269840127227,7.730474406078495,7.730524871481183,0.027250150866050156
2009-11-05,0.005769636687062143,0.30198991715349494,-9.567594997984818e-05,7.728716702425791,7.728758011080058,0.018747222027918765
2009-11-06,0.0038109854678360076,0.30287713463343513,-8.683201648109165e-05,7.727654112620004,7.727686577340772,0.012426257223715046
2009-11-07,0.002446911485700917,0.30374900988449316,-7.848277376013604e-05,7.727170263131648,7.727194378609695,0.007991326189948087
2009-11-08,0.0014590342998868164,0.30460584299408744,-6.997838179192398e-05,7.727047723447396,7.727063334533475,0.004767075244917499
2009-11-09,0.0008978175030592873,0.3054488677597115,-6.340312071431517e-05,7.727336106677271,7.727345142502271,0.002930723739638896
2009-11-10,0.0005449591617831671,0.3062825373201258,-5.618002361413268e-05,7.7278241409935085,7.72782595372141,0.0017761092732290335
2009-11-11,0.00032593034517727884,0.30711072429385283,-4.953655623736537e-05,7.728439942618007,7.728435111878531,0.0010601544749436682
2009-11-12,0.00019246402375887585,0.30793623080564547,-4.387925708507271e-05,7.729137640107533,7.729127152068905,0.0006246222016597113
2009-11-13,7.905024577042857e-05,0.3087611771050801,-4.218064339455188e-05,7.72985087124267,7.729838684590351,0.00025595838485323167
2009-11-14,4.597511026327012e-05,0.3095852792796316,-3.95817235994213e-05,7.730644497201509,7.730629711629395,0.00014848342863145588
2009-11-15,5.270616021612384e-06,0.31040273590490397,-3.540835365990008e-05,7.73142542270248,7.731406463760426,1.697963941293207e-05
2009-11-16,-7.310110450206791e-18,0.31120832071376575,-3.030061909722826e-05,7.732230844629882,7.732206777953266,-2.348944409147169e-17
2009-11-17,0.0002695735848981826,0.3119980232453311,-2.6567152927733792e-05,7.733293854212516,7.73326605406973,0.0008632774826289192
2009-11-18,0.002759996006425764,0.31276860718389593,-2.2751761793405134e-05,7.736558675963742,7.736527060429822,0.008747213338249968
2009-11-19,0.009622853459621038,0.3135154502382908,-2.1872427297714816e-05,7.744169255805828,7.744136760937412,0.029779364901961702
2009-11-20,0.01518597475228417,0.31422938915239323,-1.6260769058292537e-05,7.750451927670833,7.7504138211441775,0.04609977680542709
2009-11-21,0.016721406511314218,0.3149016083281033,-9.926492676068275e-06,7.752665912881955,7.752621472078918,0.050422937380903005
2009-11-22,0.01520080549546294,0.3155212221395099,-3.5206291560054766e-06,7.751771331541031,7.751720484874474,0.045962482765860686
2009-11-23,0.012282678098487543,0.31607887897067616,-3.3846433099690197e-06,7.749410996961068,7.749360014308664,0.03740595643448118
2009-11-24,0.009166140943448298,0.3165671258872132,0.0,7.746786091365875,7.746731724070162,0.02814002092151517
2009-11-25,0.006460028229306966,0.31697992345279646,-7.485553101011756e-17,7.744492776217317,7.744438408921604,0.0199728827428724
2009-11-26,0.004360742088791858,0.3173123503672821,-3.742776550505878e-17,7.742725916991287,7.742671549695574,0.013556440345993003
2009-11-27,0.0028462783734927765,0.3175604181291903,-3.742776550505878e-17,7.741459521037897,7.741405153742184,0.008883329857211464
2009-11-28,0.0018083368177280671,0.31772151820404043,-1.1228329651517633e-16,7.740582679556982,7.740528312261269,0.0056593673151601786
2009-11-29,0.001123774033366718,0.31779716690801346,0.0,7.739973765476594,7.739919398180881,0.00352367589926707
2009-11-30,0.0011348809432273998,0.3177940614833821,-3.742776550505878e-17,7.739981766961823,7.73992739966611,0.0035584131518215964
2009-12-01,0.00309480449074634,0.3177177014317652,0.0,7.741865330457726,7.741810963162012,0.009646770102827143
2009-12-02,0.012071093825042092,0.3175725147883101,-3.742776550505878e-17,7.750696433148566,7.750642065852853,0.03661861935021043
2009-12-03,0.04686881102509544,0.31736234277885733,-3.742776550505878e-17,7.785283978339167,7.785229611043453,0.12867875396052078
2009-12-04,0.091710730005233,0.3170906339386485,-7.485553101011756e-17,7.8298541884790955,7.829799821183382,0.22434056755696796
2009-12-05,0.11819023100262065,0.31676054872657683,0.0,7.856003604264411,7.855949236968698,0.27173242700290473
2009-12-06,0.12283481393711601,0.3163750237106144,-2.0710437335462e-09,7.860262660111901,7.860208294887231,0.2796722737245154
2009-12-07,0.1107726200928108,0.3159368141319384,-1.0502076710370364e-06,7.847761208552292,7.84770789146425,0.2595973072263186
2009-12-08,0.09007131614487354,0.3154485236642971,-2.5975120705217348e-05,7.8265466892236795,7.826518297048671,0.22211321691993977
2009-12-09,0.0678877377489725,0.31491262604594517,-0.00019586931580201758,7.80365731901433,7.803798821034418,0.17734501889173446
2009-12-10,0.04833789210893778,0.31433089983119533,-0.0008045180114341175,7.782917098463913,7.783667249179634,0.1332838479163023
2009-12-11,0.03294210190224149,0.31370256057258944,-0.0022847883228189828,7.765412698687226,7.767643119714331,0.09503132593202222
2009-12-12,0.021686149011693842,0.3130250358567107,-0.005070840584490583,7.750693168819128,7.755709642107905,0.06479063142219162
2009-12-13,0.013882818725730836,0.31229966591184793,-0.009481373789603635,7.737753935383189,7.74718094187708,0.04256150890859769
2009-12-14,0.00913467727389583,0.3115352562678979,-0.01567444816231054,7.726048309914697,7.741668390781294,0.02848622935428801
2009-12-15,0.007833640591917403,0.3107450903321201,-0.023669669507506624,7.715961885951745,7.739577188163538,0.02458933956198498
2009-12-16,0.007664260004352329,0.30994346328228567,-0.0333586216995251,7.705301926122327,7.738606180526139,0.0241312142067635
2009-12-17,0.007383868900824234,0.3091473026279146,-0.04443017844457848,7.693153817619375,7.73752962876824,0.02332746207952486
2009-12-18,0.006603085355929622,0.30837050857586856,-0.05642933939674991,7.679597079070263,7.735972051171299,0.020963933114213375
2009-12-19,0.00520357716184006,0.30762444032278224,-0.06886909716488501,7.665011744854951,7.733826474724123,0.016633986954496017
2009-12-20,0.003881516364629066,0.3069186357638814,-0.08134550088455436,7.65050747577917,7.731798609368011,0.012488785279050077
2009-12-21,0.002828006739585217,0.3062611779147445,-0.09366641703288003,7.636475592156663,7.73008764189383,0.009149484614765547
2009-12-22,0.0019341332527196002,0.3056589344822598,-0.10586914975929383,7.622776742510899,7.72859152497448,0.0062879611265688196
2009-12-23,0.001297328616444416,0.30511676321297143,-0.11814602662612708,7.609320889738503,7.727412549068917,0.004233906504426217
2009-12-24,0.0008429398221830572,0.3046357408913,-0.13074042069137096,7.595791084557326,7.726477137952983,0.002759406385461229
2009-12-25,0.0005337562222898491,0.30421485651111074,-0.14382079920194293,7.581980638066671,7.725747069972901,0.0017514639935597947
2009-12-26,0.0003308538094228347,0.30384888745098315,-0.15741740018128383,7.567815165614336,7.725178198499907,0.0010876917971325158
2009-12-27,0.00020144722037574895,0.30352796534928006,-0.171471775241211,7.553310461863659,7.724727869809156,0.0006632456786829957
2009-12-28,0.00012080241859376254,0.30324119861704546,-0.18590235564895585,7.538512469921897,7.7243604582751395,0.0003982120970370662
2009-12-29,7.14986251720722e-05,0.30297457415365825,-0.20061934673134393,7.5234795505827,7.724044530018331,0.0002359331850647458
2009-12-30,4.1837739095045094e-05,0.30271667723146134,-0.21550920858172165,7.508302130924049,7.723756972210057,0.0001381884803441907
2009-12-31,9.080798111924949e-06,0.30245828629044325,-0.230399448637071,7.493120742986698,7.723465824328056,3.0022406051051156e-05
2010-01-01,5.27061602162335e-06,0.30219169880223856,-0.24504668427508733,7.478203109678387,7.72319542665776,1.744099562536802e-05
2010-01-02,-1.5838572642114716e-17,0.3019103979734765,-0.2592595785097385,7.463703643998952,7.722908855212977,-5.246116976569376e-17
2010-01-03,1.218351741701132e-18,0.3016088399142845,-0.27305814145239216,7.449603522997106,7.722607297153785,4.0395093925210566e-18
2010-01-04,0.0,0.3012823019650647,-0.2866208404780907,7.435714286022188,7.7222807592045655,0.0
2010-01-05,1.218351741701132e-18,0.3009267674132877,-0.3000952094807494,7.421884382467752,7.7219252246527885,4.048665235644752e-18
2010-01-06,-1.218351741701132e-18,0.30053786494935464,-0.313372054892074,7.408218634592495,7.7215363221888556,-4.053904295575013e-18
2010-01-07,3.6550552251033956e-18,0.3001092752623848,-0.32632193692233746,7.394840162875261,7.721107732501885,1.2179081176040927e-17
2010-01-08,-4.873406966804528e-18,0.2996356350956533,-0.338975806683373,7.381712652947494,7.720634092335153,-1.626444386445818e-17
2010-01-09,1.827527612551698e-17,0.29911215820146403,-0.3514837230159529,7.368681259720725,7.720110615440965,6.109840614772953e-17
2010-01-10,1.5229396771264148e-17,0.2985349834342487,-0.36385364281267124,7.355734165156791,7.719533440673749,5.101377599392256e-17
2010-01-11,0.0011681522012254814,0.29790102820612985,-0.37616259336970437,7.343959411572865,7.7200676376468556,0.003905959817171291
2010-01-12,0.006508605755459378,0.2972078451804688,-0.38839274302195376,7.336376532449188,7.724714908175429,0.021429875580998507
2010-01-13,0.01132553813288085,0.29645352938527875,-0.40048684381057736,7.328345048242796,7.7287775247576604,0.03679762312689644
2010-01-14,0.012953379306454174,0.295636647722052,-0.4124519114673528,7.317190940096367,7.729588484268007,0.04197601403773686
2010-01-15,0.012369756232106397,0.2947561818782825,-0.4236443161550962,7.304534446490506,7.728124395349889,0.040275843545524284
2010-01-16,0.013891353556629881,0.2938114803803676,-0.4339879186650242,7.294767739807187,7.728701291176498,0.04514535462313666
2010-01-17,0.022478920352897953,0.2928000499203268,-0.44318357072419917,7.29314822408424,7.736277427512725,0.07129850853489351
2010-01-18,0.029761490637034163,0.29172479645022065,-0.4510633016006418,7.291475810021827,7.742484744326755,0.09257468151030833
2010-01-19,0.031035132289975273,0.2905855617793361,-0.4573601669406295,7.285313351663896,7.742619151308812,0.09649606776635772
2010-01-20,0.027593113863000833,0.2893826431938018,-0.46184194949056334,7.276186632101453,7.737974214296303,0.0870511805672763
2010-01-21,0.02367366486749105,0.28811661817926276,-0.46442784686251515,7.268415260719452,7.732788740286255,0.07592816760085214
2010-01-22,0.027441385529460564,0.28679021667217586,-0.4654608248775914,7.269823601859259,7.735230059441137,0.08732853518613302
2010-01-23,0.03940718561216729,0.2854113213937011,-0.465297778848492,7.28057355269259,7.7458169642453685,0.12132062909659065
2010-01-24,0.04971833147398919,0.283981804415893,-0.46417703644129454,7.290575923983802,7.754698593129382,0.14899104353495307
2010-01-25,0.05165127736588506,0.2825125980543078,-0.4621547919054867,7.29306190804992,7.755162332659693,0.1545687046540755
2010-01-26,0.047960262650422,0.2810091817781542,-0.4592098660477331,7.290812402916057,7.749967901668077,0.14578941437472873
2010-01-27,0.04586949243712691,0.2794801033276995,-0.45533647873728583,7.291065941562755,7.7463480530043265,0.14098524490032843
2010-01-28,0.042478023812927375,0.2779385680823927,-0.4506637532653387,7.290805663165195,7.741415049134821,0.13257123659440495
2010-01-29,0.0363923048174951,0.27639534353108863,-0.4453353700325944,7.288505102851203,7.733786105588084,0.11634827976627127
2010-01-30,0.029272120724587753,0.27486059688962866,-0.4393093307382862,7.285876211411144,7.725131174853717,0.09624785177410144
2010-01-31,0.02675853368804982,0.27334229241355895,-0.4326189497156555,7.288534700921167,7.721099283341109,0.08916514504691786
2010-02-01,0.04219145007868791,0.2718488383514487,-0.42563334798446845,7.309459764980882,7.7350387456696374,0.13435043729452595
2010-02-02,0.06506216885765545,0.27039535298411754,-0.4184235795141417,7.338086766862845,7.756455979081274,0.1939505440225116
2010-02-03,0.07675000189241073,0.268999030766364,-0.4110966614279288,7.35570519576606,7.766747489898275,0.2219818268245353
2010-02-04,0.0739308237850782,0.26767273340034453,-0.40329991149660255,7.359356470224034,7.762602014424923,0.2164228744987819
2010-02-05,0.06236928099616191,0.2664306641145643,-0.39499370038960674,7.354859069256333,7.749798402350226,0.1896876259366726
2010-02-06,0.048072458100379696,0.2652804254055112,-0.3864429258767432,7.347962782164362,7.734351340745391,0.15341316653138745
2010-02-07,0.03467751757907177,0.2642359499536783,-0.3778770586942971,7.342089233373667,7.7199119247722505,0.11601189422912961
2010-02-08,0.023808221662542137,0.2633049029663389,-0.369562686553824,7.338603262610271,7.708111581868382,0.08292279112393888
2010-02-09,0.01577239345372361,0.2624873351430051,-0.36193522984995297,7.33737732328199,7.6992581858362295,0.05668227139178283
2010-02-10,0.010517460423964153,0.26178499154844675,-0.355449455050788,7.337905821456837,7.693300909211912,0.038624185525254685
2010-02-11,0.00847402854674933,0.26119999556690976,-0.3505708758016752,7.340155972847198,7.690672481353159,0.03142322874663595
2010-02-12,0.007867787157219471,0.26074215908132714,-0.3471199455332381,7.342542825240522,7.689608403478047,0.02929075139396462
2010-02-13,0.007209626276613343,0.26042293086774154,-0.3447021274559432,7.343983254223626,7.688631014383855,0.026938524795115396
2010-02-14,0.0060970045696684926,0.26024308063241397,-0.3428109060309121,7.3445820037063845,7.687338542441583,0.022891802279940178
2010-02-15,0.004771605696896776,0.2601960797539514,-0.34130768037623765,7.344712829609825,7.685966142690349,0.018008255190733114
2010-02-16,0.0035076412920678987,0.2602722863629735,-0.34008054529070975,7.344752206899545,7.684778384894542,0.013297605027229448
2010-02-17,0.002676451134424364,0.2604636415250094,-0.3391774424486994,7.345015474745948,7.684138549898934,0.010171202371233987
2010-02-18,0.003587999940401962,0.26076094307992487,-0.33855278968983443,7.346848977865706,7.685347400259827,0.013572968741267358
2010-02-19,0.004974135754585712,0.2611509049261306,-0.3382335952932673,7.348944269922663,7.687123497920217,0.018690972265753204
2010-02-20,0.00549156916244034,0.26162224099332404,-0.3380315104025536,7.350135124288425,7.688112267395264,0.02055891142145737
2010-02-21,0.0050897527225938705,0.26216602493709446,-0.33787892204085995,7.3504296801540425,7.688254234899189,0.019044500243040344
2010-02-22,0.00419050777601562,0.2627760231950795,-0.3375644279716671,7.350454927534642,7.687964988210595,0.01569675330002072
2010-02-23,0.003176849866272124,0.26344458935078485,-0.337009805677649,7.350664458074622,7.687619896456558,0.011915207852755775
2010-02-24,0.0022680169418915317,0.26415645018918116,-0.33624524139628204,7.351232050270005,7.687422924370573,0.008512795263566152
2010-02-25,0.001996591313610789,0.26489529232176556,-0.3356829035977534,7.352261804572837,7.687890340874877,0.007480899330526296
2010-02-26,0.0035221659775774763,0.265644179979784,-0.3356320610719224,7.3545871094206525,7.690164803196862,0.01308546194751784
2010-02-27,0.004995965571208621,0.26639376018652267,-0.3361321774463992,7.356310372846546,7.692388182997232,0.01840882353692528
2010-02-28,0.005379923344402696,0.26713461806940886,-0.3370730332654121,7.356494332683614,7.693512998653312,0.019741784480532792
2010-03-01,0.004863846228709491,0.2678609244039347,-0.3384677174124184,7.35530987775544,7.693723227872145,0.017834266456349914
2010-03-02,0.0039254402830012445,0.2685650936442942,-0.3401429005414298,7.353400457921079,7.693488991166796,0.014405785868688601
2010-03-03,0.0029299778705412947,0.26924538295151623,-0.3419851365106981,7.351243048846573,7.693173818061558,0.010765037149916197
2010-03-04,0.00206630129060355,0.2698982412080108,-0.3440146674616918,7.349002699572137,7.692962999738115,0.0075976863440353724
2010-03-05,0.0013959075949217538,0.27051941974460064,-0.3462784411283418,7.346689710746395,7.692913784579023,0.005133611292087179
2010-03-06,0.0013489898527958974,0.27109930420618084,-0.34883097491306064,7.34467014368113,7.693446751298477,0.004951360981925922
2010-03-07,0.0030731008615842675,0.27163603547148873,-0.3516405343133444,7.344121426554943,7.695707593572574,0.011186744287449783
2010-03-08,0.0047108464415218845,0.2721271330412684,-0.3547209739571037,7.3431698300609005,7.697836436722291,0.01701661907200394
2010-03-09,0.005288822443948714,0.2725712129475682,-0.3579494981013976,7.340963361825334,7.698858492631017,0.019034124272303256
2010-03-10,0.005250490841011184,0.27296725099038865,-0.36099050759783197,7.338280058768782,7.6992161990709,0.018871876417547034
2010-03-11,0.004726301156818034,0.2733155837325866,-0.36353935438901536,7.335555355035603,7.699040342128905,0.01699852221437066
2010-03-12,0.003973620244977591,0.27361509876206347,-0.36553820067425036,7.333103342868005,7.698587176246542,0.014314775683938364
2010-03-13,0.003465379637818131,0.27386261277786006,-0.3669868011959297,7.331394015754962,7.698326449655179,0.012495599912698257
2010-03-14,0.0029924760978927195,0.2740543878440251,-0.3678298240845682,7.330269864392563,7.698045321181418,0.01080133539616635
2010-03-15,0.0024592326414109825,0.27418857093047133,-0.367900638276397,7.329799989830699,7.697646260811383,0.008889398757767444
2010-03-16,0.0018965607808240858,0.27426388463543117,-0.3671671000102771,7.330046169941192,7.697158902655755,0.0068676047287127215
2010-03-17,0.0013835556272908626,0.2742800991282566,-0.36584798777293315,7.330868491517828,7.696662111995048,0.005018999071596034
2010-03-18,0.000964170524013486,0.2742434565056063,-0.36433201794507736,7.3319284336197565,7.69620608426912,0.003503429517633664
2010-03-19,0.0006473300520236246,0.2741525324198058,-0.3630824541673771,7.332770232839666,7.69579831971133,0.0023556418340274256
2010-03-20,0.0004215462087929596,0.2740048425098971,-0.36245278218623767,7.333026431067666,7.695424845958191,0.0015360993917574
2010-03-21,0.0002676690999408038,0.27380305470015726,-0.3624895344944525,7.33263401384086,7.695069181039599,0.0009766424382344336
2010-03-22,0.00016640590584822244,0.27354982904800346,-0.3629686752954269,7.331800384193639,7.694714692193352,0.0006079504413623048
2010-03-23,8.645870630050334e-05,0.27324189945719674,-0.36378756884785307,7.3305936138508585,7.694326815402998,0.0003163180976954693
2010-03-24,0.0004118913683018946,0.27288011866655365,-0.36482324451602155,7.329521590054048,7.694290467274356,0.001507147494906134
2010-03-25,0.002034013175390802,0.2724643408221043,-0.36606491937850416,7.329486259154205,7.695496811236995,0.007409928495998789
2010-03-26,0.003500265622950294,0.2720002740314292,-0.3674751165738676,7.329078247615726,7.6964989968938795,0.012705113490309101
2010-03-27,0.003994735969328615,0.2714859931177725,-0.36892612757134197,7.327607426050973,7.696479186326601,0.014500963397935416
2010-03-28,0.0037007551654294753,0.27092187675244433,-0.370496861244295,7.325178595208793,7.695621089157374,0.013475783622000208
2010-03-29,0.0030221460967139874,0.27030813355622385,-0.37198945558705154,7.3223936486011,7.694328736892438,0.011056755587238154
2010-03-30,0.0023634135416175876,0.26964253625286294,-0.37340695887296915,7.319651815456726,7.693004407033981,0.00868883031199616
2010-03-31,0.002112256732524322,0.26891996270107493,-0.3747168559504972,7.317368188018316,7.6920306766731,0.007793378724265689
2010-04-01,0.0019637907071695516,0.2681467100787292,-0.37581325131260984,7.315350074008503,7.691108958025399,0.007270323447092259
2010-04-02,0.0017119577356926718,0.267318009172544,-0.37647249743980754,7.313610294003643,7.690028424147737,0.00636344625606932
2010-04-03,0.0013797039018626461,0.2664332634746931,-0.37657833666629376,7.3122874552454755,7.688811424616056,0.005151744201850866
2010-04-04,0.0011292905750653922,0.2654928588762111,-0.3760288461188276,7.311646127867663,7.687620606690777,0.004235546736794135
2010-04-05,0.001871572427250615,0.26449898105357944,-0.37501428740452003,7.312409090611524,7.687369010720331,0.007026198664956061
2010-04-06,0.005961400675191385,0.2634536637143941,-0.3739410675003327,7.316526821424467,7.690413521629086,0.022127198747026813
2010-04-07,0.013617527479768092,0.2623587617187219,-0.3727409608137733,7.32428815291993,7.6969747464379905,0.04934310668252365
2010-04-08,0.019569643719419313,0.2612160624861368,-0.3712638511129343,7.330574679627835,7.701784163445057,0.0696960111818971
2010-04-09,0.021057031136488016,0.2600273214967726,-0.3694073183138962,7.332729858854578,7.702082809872761,0.07491356576494236
2010-04-10,0.019007399870391056,0.25879447069104194,-0.3668874048416186,7.331967290255029,7.698800327800933,0.0684207051305213
2010-04-11,0.015339180816312126,0.2575199283046146,-0.3635956373370539,7.330316296319086,7.693857566360427,0.05621648793668841
2010-04-12,0.011451274404305099,0.25620958132555827,-0.35979734357938903,7.328916336685689,7.688659312969364,0.04278277588659544
2010-04-13,0.008077974804519597,0.25486186565202873,-0.35554112254405673,7.328451542447706,7.683938297696049,0.030721760500400503
2010-04-14,0.005458824663498154,0.2534788260317365,-0.35099122686642237,7.328999248364026,7.6799361079347355,0.021081618099343537
2010-04-15,0.0035668815629837152,0.2520626271657835,-0.3463832047870005,7.33029912847698,7.676627965968268,0.013953324796975275
2010-04-16,0.0022654677198301635,0.2506164491087081,-0.3419724676307105,7.331962273733041,7.673880374068038,0.008958599128961128
2010-04-17,0.0014093534502435143,0.24914671081411827,-0.33791458513438544,7.33369430366519,7.671554521503862,0.005624902571731431
2010-04-18,0.0008606446798094542,0.24766569103387448,-0.3344604449661326,7.335118715282765,7.669524792953184,0.003462991869002424
2010-04-19,0.0005173672736878628,0.2461826013303881,-0.33161714890955,7.336135644229739,7.667698425843576,0.002097151761369599
2010-04-20,0.000306841379873328,0.24470583536706986,-0.32942055238220985,7.336644948899947,7.666011133986443,0.0012523489965796484
2010-04-21,0.00017683320746832563,0.24324241823290188,-0.3277776033769383,7.336694472598646,7.664417708679871,0.0007264553087808833
2010-04-22,8.140898848326431e-05,0.24179815762849513,-0.3265650455261396,7.336367345626052,7.662878023856479,0.0003365682749555163
2010-04-23,1.0541232043217458e-05,0.24037753358487116,-0.3256828252937297,7.335758074058399,7.661386532056415,4.385089423111328e-05
2010-04-24,-1.4620220900413582e-17,0.23898446099557338,-0.32515417582708717,7.3348831097037,7.659982918235074,-6.117644988091669e-17
2010-04-25,-1.0965165675310187e-17,0.23762238156922186,-0.32464283142632766,7.334032374678108,7.658620838808722,-4.6145340362712934e-17
2010-04-26,-2.1930331350620375e-17,0.23629429155014917,-0.3240040243691044,7.333343091716259,7.65729274878965,-9.28093996970979e-17
2010-04-27,-1.8275276125516978e-18,0.23500258867403195,-0.32320178644587017,7.3328536267633755,7.656001045913532,-7.776627580416273e-18
2010-04-28,-7.310110450206791e-18,0.2337474507048232,-0.3222568528819423,7.3325434223580945,7.654745907944323,-3.127354085858252e-17
2010-04-29,7.310110450206791e-18,0.23252343854237276,-0.32135662779448815,7.332219635283098,7.653521895781873,3.143816595880363e-17
2010-04-30,6.09175870850566e-18,0.23132052308663523,-0.3205251593283692,7.33184818829348,7.652318980326136,2.633470920444074e-17
2010-05-01,0.0007188628930618481,0.23012974834513453,-0.31956166753639287,7.332339768237017,7.6518470684776965,0.003114001376079773
2010-05-02,0.004005295849513463,0.22894412306767392,-0.318406221981295,7.3355960214711065,7.653947876156688,0.017193843488132205
2010-05-03,0.0069695619279266825,0.22775800362570947,-0.3170646639771475,7.338715726111703,7.655726022793137,0.02969213228743733
2010-05-04,0.007971310342433351,0.22656310998473408,-0.3155192670437547,7.340067977818626,7.655532877566668,0.03398780584663713
2010-05-05,0.007390969098815683,0.2253592432035737,-0.3138183342336131,7.33998470260399,7.65374866954189,0.03175494031005792
2010-05-06,0.006044292193427952,0.22414313495973148,-0.31180480262452875,7.339435449063845,7.65118588439266,0.026258133505294674
2010-05-07,0.004547111359969692,0.2229120497738426,-0.30931111259974386,7.339200873069283,7.648457618373313,0.019990891276059287
2010-05-08,0.0032231895026702535,0.22166370893997536,-0.3062226513057638,7.339717071672096,7.645885355682146,0.01433249124333619
2010-05-09,0.0021851909323574313,0.22039622994775537,-0.30239017877428226,7.341244066641044,7.643579878119613,0.009817490263638953
2010-05-10,0.0014310878857770018,0.2191077156075648,-0.2978574297154214,7.343734198313134,7.641537260732842,0.006489052552696048
2010-05-11,0.0009116655290213841,0.21779730493589125,-0.29264672397497565,7.347115071025151,7.639707427704413,0.004168395686210055
2010-05-12,0.0008373659634065242,0.21646558700396965,-0.2868202015857369,7.351535575916853,7.638301410206877,0.00385344953656584
2010-05-13,0.003556318303861641,0.21511737037705841,-0.2804965874210689,7.359229925795065,7.639672145920421,0.01626312852412198
2010-05-14,0.012334920442466434,0.21375443236995667,-0.27376547764316345,7.373376699704473,7.647087810051923,0.05455772370094846
2010-05-15,0.020115117537297552,0.21238208557419117,-0.26669635528753244,7.3868536723591705,7.653495660350989,0.08651767534447202
2010-05-16,0.02445914748944182,0.21100581996936335,-0.25931218097747,7.397205611016549,7.656463424698305,0.10387595128655804
2010-05-17,0.025219626277728197,0.20962167803752885,-0.2517002673584364,7.404193861492034,7.655839761554757,0.10739007923356071
2010-05-18,0.022784820165382507,0.20823425501236326,-0.2440086284436575,7.408063271269302,7.652017532417246,0.09862744081999246
2010-05-19,0.01862026881579746,0.20684606158816268,-0.23629121665513098,7.410227938284043,7.646464787643461,0.0825855850957266
2010-05-20,0.01418980442570497,0.20545868807824913,-0.2286010460415904,7.412100270997578,7.640646949743455,0.06460233013185614
2010-05-21,0.013994764793086192,0.20407357078127009,-0.22097390899936423,7.418147251110206,7.639066792813857,0.0641760517693973
2010-05-22,0.026788330107444434,0.20269237320854366,-0.21344685773433777,7.437086670116864,7.650479160555489,0.11673456513054913
2010-05-23,0.038651502432213235,0.20131649093621767,-0.20603118023387137,7.454989637669773,7.660966450607932,0.16106940717244023
2010-05-24,0.04934488543432671,0.1999494646099126,-0.19874385475323808,7.471603319826215,7.67029280728374,0.19793824218467068
2010-05-25,0.0856404300230387,0.19859497040528126,-0.1915593774567039,7.51372884750683,7.70523385766782,0.3013010690926797
2010-05-26,0.13476470343266914,0.19725619465304642,-0.18448968994381565,7.568584032677114,7.7530193553252165,0.4058922321144914
2010-05-27,0.16115084506707153,0.1959408066067996,-0.1775718458410819,7.600572630368003,7.778090108913371,0.45128706961273146
2010-05-28,0.15799463174253192,0.1946563483163958,-0.17078373547875567,7.6029200691153855,7.773649437298428,0.44801982888614444
2010-05-29,0.14860385701850087,0.19341052106161677,-0.16416282000846052,7.598904382606871,7.763012835319618,0.434495935091039
2010-05-30,0.16501658485436457,0.19220494972077193,-0.1576488225370346,7.620625536573316,7.778219991814637,0.46194467265426203
2010-05-31,0.17638177530058083,0.19104260010230073,-0.15124732813400726,7.637229871804088,7.788422832642382,0.48004919408838315
2010-06-01,0.17065128756986764,0.18992902402357914,-0.1451027540634075,7.636530382065253,7.781578768832947,0.473268456660153
2010-06-02,0.1680831147629349,0.18887411438433052,-0.13923024626804711,7.638779807414432,7.777955686386766,0.4708774638476111
2010-06-03,0.15908670632762212,0.18788585648411457,-0.13361243653273602,7.634412950814214,7.767971020051237,0.4584993840390219
2010-06-04,0.13797601760950537,0.18697183028853254,-0.1282339967997191,7.617766675633533,7.745946305137538,0.42460972892117593
2010-06-05,0.11015349268989225,0.1861418772475483,-0.12308130483490368,7.59426688963775,7.717293827176941,0.371769200150343
2010-06-06,0.08313602224715343,0.18540270444593582,-0.11814216828577294,7.5714493829425304,7.68953718393259,0.3095867149998403
2010-06-07,0.0631388159095548,0.1847634809159193,-0.11340559700003483,7.555549524360653,7.668900754064975,0.2546923393533752
2010-06-08,0.04884778942676052,0.1842285551291913,-0.10886161520966399,7.5452675538815015,7.654074801795453,0.2095784946336938
2010-06-09,0.03943326684599004,0.1838078118989585,-0.1045011066250403,7.539792796655122,7.644239535984449,0.17663983290029828
2010-06-10,0.03168417146348963,0.18351511661403505,-0.10031568667907531,7.535936425933663,7.636197745317025,0.14723176710545405
2010-06-11,0.02521215947545057,0.1833615445578364,-0.09629759715323849,7.533328931415262,7.629572161272788,0.1208788979047276
2010-06-12,0.0218284897759427,0.18335731783190723,-0.09243961924065286,7.533799012902411,7.626184264847351,0.10638401374066377
2010-06-13,0.019239851868983134,0.18351386923191704,-0.08873500178451336,7.5350715438516005,7.623752178340401,0.09489271893268209
2010-06-14,0.01637607944705418,0.183834613825018,-0.0851774019966316,7.5360861158106545,7.621209150511572,0.08179422976574105
2010-06-15,0.013018966477246801,0.18432331827801618,-0.08176083643059642,7.536634272859881,7.618340741994763,0.06597149968843459
2010-06-16,0.010410595687784832,0.18498269768916753,-0.0784796403733024,7.5379664775388635,7.616391750616453,0.05328020991846804
2010-06-17,0.008068669315096257,0.18580771562356976,-0.07532843414097189,7.539600775332908,7.614874842178167,0.041617597303812065
2010-06-18,0.005819551554368014,0.18679506335382903,-0.07230209503265062,7.54136534441076,7.613613072147698,0.03021344749536113
2010-06-19,0.0041620668004800935,0.18794179971466882,-0.0693957339149667,7.543760957135396,7.613102323754649,0.02166571072192283
2010-06-20,0.005295299831633533,0.18924234600768639,-0.06660467559444204,7.548985794780092,7.615536103078821,0.027219923469245802
2010-06-21,0.015430589039948841,0.19068628174692995,-0.0639244422844795,7.563245253037613,7.627115328026379,0.07486329954962201
2010-06-22,0.024761973284628064,0.19226003376126735,-0.061350739598672654,7.576724091982436,7.638020464285396,0.11409890463040205
2010-06-23,0.027657498915781592,0.19395558579049935,-0.05887944460480276,7.583786464636692,7.642611541945781,0.12480083904990527
2010-06-24,0.026312516112304313,0.19576306699323273,-0.05650659555858627,7.586621812082164,7.643074040345038,0.11848450759127269
2010-06-25,0.026121125200570132,0.1976701214567868,-0.0542283830059808,7.59061568818659,7.6447897038968575,0.11672094235465676
2010-06-26,0.028339838933850545,0.19966177491297998,-0.05204114200025073,7.597013296381793,7.649000071086331,0.12429665937754719
2010-06-27,0.03439591032234324,0.2017273167984637,-0.04994134522716973,7.6072347064288515,7.657121684360307,0.14566932165781968
2010-06-28,0.03790300934762799,0.20385914175021405,-0.0479255968704917,7.614889378762564,7.662760608337343,0.15677809440191695
2010-06-29,0.03732113978866572,0.20604680101905573,-0.045990627081554124,7.618430138261381,7.664366398047222,0.15335273686747491
2010-06-30,0.03655209507862497,0.2082745840255859,-0.04413328694291837,7.621746216696506,7.665825136343711,0.14929784291632084
2010-07-01,0.03389559138807434,0.21053158710258346,-0.04234578556385446,7.623134217462018,7.665425635730158,0.13867357794407406
2010-07-02,0.028788178385717605,0.21280919187456196,-0.04062607915772761,7.622024115637766,7.66259582749978,0.11915766448410967
2010-07-03,0.022597843660534783,0.21509973619290412,-0.03897330041164663,7.619777103977006,7.658696037092939,0.09506972546572963
2010-07-04,0.01665096660413253,0.21739346661165013,-0.03738884197208916,7.617708415778908,7.655042890455283,0.0711444676352579
2010-07-05,0.011942559980029032,0.219682696171301,-0.03586636790114726,7.616811712785396,7.65262371339083,0.05155983496128971
2010-07-06,0.012872578511722266,0.2219666594348407,-0.03440722246645533,7.621484840015322,7.655837695186063,0.054814428049929996
2010-07-07,0.02916913247017518,0.22424645832585752,-0.0330048748553102,7.641463540475937,7.674414048035533,0.11510393807479911
2010-07-08,0.051199241433395826,0.22653214557960508,-0.03165881154890747,7.667125399999307,7.698729844252501,0.18434805653060427
2010-07-09,0.0628038746056716,0.22882847952377214,-0.030378980271365916,7.682306198393292,7.712630811368944,0.2153529048350908
2010-07-10,0.061535567523847624,0.23113756770734878,-0.029140468053364132,7.6845854917130465,7.713671592470697,0.2102535563273949
2010-07-11,0.0527054753058537,0.23346916787693606,-0.027962569633266685,7.679264898084737,7.70717310042229,0.18417241555601022
2010-07-12,0.04127534024249611,0.23582876162075694,-0.026824350101890864,7.671332576296576,7.698102559102754,0.14895246936064807
2010-07-13,0.03021814812086223,0.23821880181248645,-0.02573149667941941,7.663758277789143,7.689435407172849,0.11257074753816575
2010-07-14,0.02108226541735674,0.2406369762926857,-0.024680434115355046,7.658091632129901,7.682717698949543,0.08055298219423118
2010-07-15,0.014410789965843279,0.24308133617066394,-0.023671780893775293,7.654873169777946,7.678490583376008,0.05596594420989604
2010-07-16,0.011651594623330425,0.24555462867307817,-0.022701811037234794,7.655557236794388,7.678204680535909,0.045300593718150206
2010-07-17,0.015546413134290516,0.24805429978839072,-0.021775781960228256,7.662877755497667,7.684599170162182,0.05897712855902084
2010-07-18,0.025728099494495494,0.2505849959460357,-0.020886644406628203,7.6764792755691165,7.6973115526800315,0.0931121250459617
2010-07-19,0.03461502279093854,0.25314459157966507,-0.020032666511771782,7.688779772394046,7.708758071610104,0.12029145530601836
2010-07-20,0.036910996047255035,0.25572856624088575,-0.019212967292453958,7.694479419530901,7.713638019527641,0.12613125771050557
2010-07-21,0.03340583127456866,0.2583360093835604,-0.018427667674616195,7.694366997518727,7.712740297897629,0.11450476626598965
2010-07-22,0.028670010659137976,0.26095761883372437,-0.017674200247929192,7.693006253780147,7.710626086732363,0.09898921145520242
2010-07-23,0.02934923144256714,0.2635869370098064,-0.01695391897284935,7.697035074014738,7.713934625691874,0.10018985227267635
2010-07-24,0.03180070696567076,0.26621910057578785,-0.016266079906855337,7.702806552169817,7.719018264780959,0.10670668915604492
2010-07-25,0.03433723150359366,0.26884638102562686,-0.015601138760253036,7.7086352983041815,7.724182069768721,0.11325556555364374
2010-07-26,0.033665034270484916,0.27146232132212583,-0.014956606689091632,7.711223573438733,7.7261258128321115,0.11033109176691656
2010-07-27,0.02953681074564815,0.2740639959182068,-0.014344219093137541,7.710309412105931,7.724599263903356,0.09728831444888465
2010-07-28,0.02399818322549404,0.27665799396471186,-0.013754451200181072,7.707954550525239,7.721654634429706,0.07981935861012404
2010-07-29,0.01835567817121774,0.2792534861680632,-0.013195750569572277,7.705466238304923,7.718607621578782,0.06167712681821809
2010-07-30,0.013330331774408283,0.2818482319520732,-0.012649798468065108,7.703581589793631,7.716177020965982,0.04516022981519905
2010-07-31,0.009270095788513089,0.2844402720217128,-0.012126653596055251,7.702636538749385,7.714708825049726,0.03156203118611988
2010-08-01,0.006210383697541803,0.28702268696151817,-0.011629616828331472,7.702656278365942,7.71423152789856,0.02117900168484943
2010-08-02,0.0040120538881773015,0.289594166581221,-0.011150958361358359,7.703508086643254,7.714604677708898,0.013664744165716562
2010-08-03,0.0032157395087917227,0.2921623761797903,-0.010688264622684565,7.705742675601111,7.716376572928082,0.010886857685090272
2010-08-04,0.00608379402933188,0.29472974057049134,-0.010246508729083842,7.711619850405953,7.721811991839323,0.02022446907990773
2010-08-05,0.011006982029996828,0.29730619297621486,-0.009825989725394928,7.719540009816031,7.729311632245712,0.035700654147442994
2010-08-06,0.014268471990808135,0.2999002648402654,-0.00943170176561479,7.725789859600672,7.7351671940705735,0.04541658770611603
2010-08-07,0.014579500418427512,0.30251716498873726,-0.009046643100449385,7.729102846841929,7.738095122646666,0.04597809440760549
2010-08-08,0.013717097625125414,0.30516155824915,-0.008675808998455124,7.731255671411034,7.739877113113776,0.04301666910730353
2010-08-09,0.015590284230302235,0.30782393582350565,-0.008318506971342766,7.736148537617679,7.744412677293308,0.04820531462008198
2010-08-10,0.01698769185671212,0.31049245498963746,-0.007985281450535868,7.740547689931027,7.74847860408585,0.0518739594454945
2010-08-11,0.01614060449831408,0.3131548228990781,-0.007665553250220706,7.742682698682385,7.750293884636893,0.04901557433057118
2010-08-12,0.013640732899772016,0.3158008911744893,-0.007358770811138321,7.743135677798337,7.750440081313762,0.04140561453976192
2010-08-13,0.010569032075862248,0.31842670493944863,-0.007057569453842272,7.742990992096683,7.749994194254811,0.032125133814029885
2010-08-14,0.008221852800751219,0.32102152393572825,-0.006769116660849543,7.743527084610844,7.75024183397598,0.024971961113531657
2010-08-15,0.010389423735140662,0.32357908754184905,-0.006490167746041482,7.748531168066162,7.754966968516491,0.03110899196877813
2010-08-16,0.020287040411454883,0.3260944665315951,-0.006230891719857161,7.761203439758407,7.767379964182551,0.05856848591743773
2010-08-17,0.02830754334578681,0.32855866464474043,-0.005982093661723094,7.771936938864018,7.777864665230028,0.07932256602602791
2010-08-18,0.02990593313444155,0.33096413376231804,-0.005743345787475064,7.776179545644498,7.78186852413626,0.08287174769471047
2010-08-19,0.02667510420044649,0.3333079975970433,-0.005509398179863198,7.775526528152841,7.780981559036991,0.0741009899277236
2010-08-20,0.021305548430573615,0.3355899830794517,-0.00528972367007912,7.77265863237516,7.7778939887495255,0.05969687639525723
2010-08-21,0.01605222246857218,0.33781093395997985,-0.005078911277979792,7.769837069685786,7.774861613668053,0.045362796824012556
2010-08-22,0.012757595935134453,0.3399712385211547,-0.004872013557925679,7.7689096454335775,7.773727291695789,0.03616828194610044
2010-08-23,0.011070538309442388,0.34207116136235727,-0.004670528114054336,7.769523996092959,7.7741401569113,0.03134871446711348
2010-08-24,0.009587735455006921,0.3441120346036602,-0.0044846521126226495,7.770267942481258,7.774698227298168,0.027106988091670607
2010-08-25,0.007991039400747444,0.3460941896258767,-0.004306261327888725,7.770831792233949,7.775083686266124,0.02256812412851762
2010-08-26,0.007277927224681655,0.3480224923038579,-0.004135050886476449,7.772218193177277,7.77629887676804,0.020483868930802247
2010-08-27,0.007614903885727191,0.34990089390797174,-0.003970728443100448,7.7745978938858125,7.778514255033199,0.02129948923298013
2010-08-28,0.007644971762082355,0.3517288191163906,-0.0038107274377592866,7.776615887975927,7.780372248117973,0.02127303647657379
2010-08-29,0.006872859573789338,0.3535049576457546,-0.0036555583851249976,7.777775083369633,7.781376274459045,0.0190712614522618
2010-08-30,0.006864134266230839,0.35522664874164883,-0.0035023397588206575,7.779641267784273,7.78308924024738,0.018956942811994924
2010-08-31,0.01240167806372644,0.3568950308140554,-0.00335498934687941,7.786994544066117,7.790295166117282,0.03358188081722319
2010-09-01,0.022735436128775974,0.35850440592900257,-0.0032140171933509537,7.799078649399641,7.802238299297279,0.059635519745416116
2010-09-02,0.03331035426860425,0.3600487942420939,-0.0030767782419363282,7.811335194803975,7.814357605750199,0.08468178354239628
2010-09-03,0.03768417884350528,0.36153113924628766,-0.002944044608760183,7.817324098016247,7.820213775329293,0.09439562345408103
2010-09-04,0.03540801922333183,0.3629509210979821,-0.0028225784748057477,7.816589186381722,7.819357397560815,0.0888847108458817
2010-09-05,0.029407907722810666,0.3643081814778506,-0.0027108557185542177,7.812058058017321,7.814714546440162,0.07469318254815499
2010-09-06,0.022429729713313022,0.3656035760257056,-0.0026036075080182746,7.806482522766214,7.809031762978519,0.05780361989957298
2010-09-07,0.016344875570562568,0.3668342480575236,-0.0024949347905685163,7.8017370133727315,7.804177580867587,0.04265596574208701
2010-09-08,0.012860793931105601,0.3679926780633456,-0.002387289532314738,7.79951900699735,7.801851929233952,0.03376835154936693
2010-09-09,0.015833314021465213,0.36907342955036426,-0.002283678717779951,7.803675889389264,7.80590520081133,0.04113545497939678
2010-09-10,0.03325251597842642,0.37007491553484917,-0.002185348392656139,7.822194907655834,7.824325888752776,0.08244546088438298
2010-09-11,0.04850380165595787,0.3710052820656818,-0.002094892631629584,7.838467015625224,7.84050754096114,0.11562038472602419
2010-09-12,0.05281586975275248,0.3718735572510297,-0.002012224116289494,7.843730027422707,7.845687884243283,0.12436351459317614
2010-09-13,0.05143014253335713,0.3726937639301963,-0.001932855961855546,7.843243875036912,7.845122363703054,0.12126206929053812
2010-09-14,0.05279064185056373,0.3734787391205942,-0.0018510446553108273,7.845471160851061,7.847267838210659,0.12384338215963868
2010-09-15,0.052354300767026095,0.37423150626877166,-0.0017722728331244356,7.845866358737887,7.847584264275298,0.12272865131359771
2010-09-16,0.04949346763797379,0.3749579084962178,-0.0016931345116889718,7.843811066157716,7.845449833373692,0.11660574195506032
2010-09-17,0.04475935205818918,0.37566164028298804,-0.0016173477615646881,7.839856469114826,7.841419449580678,0.10646317113933827
2010-09-18,0.03879871457285043,0.3763437307461745,-0.0015446477630835203,7.834650622091155,7.836140902558525,0.09345879952852025
2010-09-19,0.03197287173293697,0.3770111878390102,-0.0014744743019728499,7.828562409805188,7.829982516811448,0.07817632737667225
2010-09-20,0.0254959176920151,0.37767140712869657,-0.0014164757971879968,7.822803673558737,7.824165782060212,0.06323904771636224
2010-09-21,0.019614642917139418,0.37833616590985,-0.0013551662659122752,7.817648467096291,7.81894926606649,0.04928911433791546
2010-09-22,0.015085948291685322,0.37901369114212974,-0.0012969207405433142,7.8138555432284855,7.8150980966733155,0.0382795282770586
2010-09-23,0.013908527820209982,0.37970407709638215,-0.0012382557333266249,7.8134271737184795,7.814611062156093,0.035335575249571205
2010-09-24,0.01406217603639367,0.3804043634838134,-0.001181074469293276,7.814338289586128,7.815464996759707,0.035648590254315646
2010-09-25,0.013307583928308967,0.38111260116193474,-0.0011250657504893722,7.814347943874968,7.815418642329744,0.033739611793103794
2010-09-26,0.01128236499792683,0.38182889683001214,-0.0010738943999550193,7.813090191963198,7.81410971906744,0.028700182603430505
2010-09-27,0.008918231948140117,0.3825577648354408,-0.0010213492177012342,7.811507472101093,7.812474454023081,0.022781044103376714
2010-09-28,0.006594149437528353,0.3833050541530238,-0.0009726353433749562,7.809979392782391,7.810897660830053,0.016912446542089163
2010-09-29,0.004617752477282885,0.38407800502892436,-0.0009345005085629336,7.808814081532859,7.809694214745708,0.011880120603603815
2010-09-30,0.0030480910036890154,0.3848834368429276,-0.0008932851954593723,7.808091067186371,7.808929985086117,0.007857291261189251
2010-10-01,0.0019958485639102494,0.3857204135953126,-0.0008539164571083509,7.807915170237329,7.808714719398723,0.005147704026638473
2010-10-02,0.0012507228209634614,0.38658679567897686,-0.0008204766994423816,7.808069866335712,7.8088359757394405,0.0032248628905242284
2010-10-03,0.0007715158794888915,0.38747308900823735,-0.0007845744845973909,7.808512854938343,7.809243062127226,0.0019871902140456035
2010-10-04,0.00046376355646416084,0.38838193039743996,-0.0007478207972240636,7.809150697691894,7.8098441511934045,0.001192667332248092
2010-10-05,0.0002799619216483586,0.389312929497824,-0.0007185699315846905,7.809927146023101,7.810591348658972,0.0007186012060649363
2010-10-06,0.00016058188213348838,0.3902614653331724,-0.0006841211779667195,7.810790750572553,7.811420504454806,0.00041130331465357117
2010-10-07,9.453490475736423e-05,0.39121825676156013,-0.000649033011575911,7.8117165831899555,7.812311248905818,0.00024158398797751693
2010-10-08,5.505590837518776e-05,0.39217079264174654,-0.0006146615893923786,7.812664011495944,7.813224305789622,0.000140367873710272
2010-10-09,1.054123204325401e-05,0.3931077362970215,-0.0005834465921799603,7.813587655472099,7.814116734768565,2.681440331268916e-05
2010-10-10,1.7056924383815846e-17,0.39402122909283704,-0.0005525274937185022,7.814521526134333,7.815019686332337,4.328935378199379e-17
2010-10-11,0.0010782943395927537,0.3949002924142132,-0.0005273544258245702,7.816504056863195,7.816977043993306,0.0027231127532236173
2010-10-12,0.006277517359168367,0.3957319341058389,-0.0004988381203696199,7.822563437879851,7.823007908704508,0.015615347689691795
2010-10-13,0.013753486068112157,0.3965107056969953,-0.0004725391005852959,7.830844477199736,7.831262649004608,0.03352348643672654
2010-10-14,0.031412988344493575,0.397226070757873,-0.00044607708426732415,7.849245806553313,7.849637516341867,0.07328540803135629
2010-10-15,0.0696397682784632,0.39787796351074084,-0.00042102735899104043,7.888149528965426,7.888516189028705,0.14895642142159993
2010-10-16,0.09847782785477371,0.39845246210475516,-0.00039788974890693626,7.917585224745836,7.91792874719903,0.1981723188232176
2010-10-17,0.10416334285363672,0.39894016475569516,-0.00038238125671794426,7.923773950887828,7.924101964848832,0.2070415754972658
2010-10-18,0.09286130172911701,0.399329992441784,-0.0003598346073082631,7.912884284098807,7.9131897514104015,0.18866912687991036
2010-10-19,0.07419890783687917,0.39961606558401463,-0.0003381852917472963,7.8945296126643605,7.8948134306603945,0.15659890885501346
2010-10-20,0.05497714662886564,0.39980055096584055,-0.0003177298271964025,7.8755127923027235,7.875776154834207,0.12088795673058879
2010-10-21,0.03855582277695556,0.3998799395660709,-0.0002982177945096239,7.859190369083731,7.859434219582527,0.08793950240489275
2010-10-22,0.02593349540081728,0.39984953557361036,-0.00028561888538449685,7.846550236624257,7.846781488213928,0.0609077711280956
2010-10-23,0.01688111922982864,0.3997110359470701,-0.0002745054061313627,7.837370474305981,7.837590612416399,0.040521932590546164
2010-10-24,0.01070246244402253,0.3994769148963083,-0.00025813513139519463,7.830974066744149,7.831177834579831,0.02609215147143433
2010-10-25,0.00663966807181826,0.39916063472607344,-0.00024181531330869045,7.826611312019796,7.826798760037392,0.01636191009725574
2010-10-26,0.004045103691952639,0.3987824044778772,-0.0002259881673949485,7.8236543445376485,7.8238259654093305,0.010041776219133589
2010-10-27,0.002426754320538459,0.398352933648613,-0.0002109076589983297,7.821621604845367,7.821778145208652,0.006055083112708171
2010-10-28,0.0014003565279237355,0.39788409531358787,-0.00020271206763487656,7.8201345643090905,7.820282909081012,0.003507165183781262
2010-10-29,0.0008110376359257182,0.39738526056138884,-0.00019483814800208508,7.819054284584526,7.819194755436815,0.0020367784421838906
2010-10-30,0.00040964761575496933,0.3968695139341017,-0.00018727313304741896,7.818144712952023,7.818277618789357,0.001031132904522002
2010-10-31,0.0002748442009198218,0.396344392371484,-0.00018000476869397644,7.817492056338923,7.817617693811904,0.0006929673994005793
2010-11-01,0.001501985943567574,0.3958132516144381,-0.00016881630405704426,7.818199245789162,7.8183136947975065,0.003780338133516193
2010-11-02,0.00261358572297252,0.3952816167350909,-0.00015939580704860704,7.818788631186228,7.818893659697564,0.006568527860669497
2010-11-03,0.00298924137841252,0.39475274633079427,-0.00014850007952595156,7.818646312164895,7.818740444948707,0.007515528837247088
2010-11-04,0.0027716134120558886,0.39422733910080077,-0.00013723701892611292,7.817914540029144,7.8179974097523575,0.006981412405530543
2010-11-05,0.0024463252958009628,0.3936954273877697,-0.0001271227262545667,7.81706745449253,7.817140209923071,0.006175378584127773
2010-11-06,0.002796348583999741,0.3931461490500387,-0.00011694961754927382,7.816878372551703,7.816940954873539,0.007062511856416961
2010-11-07,0.0034517485266722194,0.39256558613252174,-0.00010671239731277731,7.816963446797095,7.817015791898695,0.00871615513912475
2010-11-08,0.0036834694262332175,0.3919420733348094,-9.484528299167642e-05,7.816583522013265,7.816624000000543,0.009310494465363752
2010-11-09,0.0033808140246744806,0.3912665360574796,-8.38046961384132e-05,7.81561636992123,7.815645807321655,0.00856667103927264
2010-11-10,0.002776818759091989,0.39052883092206253,-7.58802051456578e-05,7.814282594011223,7.814304106920655,0.007060205622123923
2010-11-11,0.002105236506111553,0.38972663844018407,-6.780695687554311e-05,7.8128168925246335,7.812830332185796,0.00537280563609098
2010-11-12,0.001504323666640869,0.3888547720788476,-6.062401377421488e-05,7.8113512962669285,7.811357552984989,0.0038536918520317453
2010-11-13,0.0010274803247604552,0.38791334476334605,-5.374668730923668e-05,7.809939902936011,7.809939282327607,0.0026417394587665123
2010-11-14,0.0006773748149497639,0.3869010263609412,-4.7668293492305395e-05,7.808583557417613,7.808576858415392,0.0017477104319916874
2010-11-15,0.00043404476231326126,0.38581656663407865,-4.1537317778487774e-05,7.807261898613827,7.807249068635892,0.0011237387061837434
2010-11-16,0.0002717181338196131,0.3846595248596162,-3.6062413380393455e-05,7.805948005115269,7.805929700232936,0.0007058874507212882
2010-11-17,0.00015773229463162267,0.38343464510778746,-2.961777424328972e-05,7.80461558416339,7.804590834641919,0.0004111976773358791
2010-11-18,9.556839288391043e-05,0.3821402939269877,-2.3726252261421383e-05,7.803264960602824,7.8032343195593725,0.00025002466357783727
2010-11-19,5.706395258633827e-05,0.38077772152944445,-1.9286096876722124e-05,7.801868323920368,7.801833242721531,0.0001498391290966533
2010-11-20,0.0003032198401089773,0.37934852774416866,-1.3878750656441588e-05,7.800690693368835,7.8006502048237785,0.0007986788999085709
2010-11-21,0.002689760174948202,0.37785434984091976,-1.0512519627495131e-05,7.801586422031455,7.801542567255368,0.007068195523604462
2010-11-22,0.009127462094453469,0.3763004919398837,-5.087282426360422e-06,7.806475691287124,7.806426411273837,0.023681370276636235
2010-11-23,0.014494495234558797,0.37468442279633996,-1.1228329651517633e-16,7.8102317425661125,7.810177375270399,0.03724378316249908
2010-11-24,0.01681617454252113,0.37300840446663025,-1.4971106202023511e-16,7.810877403544365,7.810823036248652,0.04313779953348288
2010-11-25,0.016519986821281796,0.37127039632718956,-3.742776550505878e-17,7.808843207683685,7.8087888403879715,0.0426003004178597
2010-11-26,0.014391164400908206,0.36947065256542827,-7.485553101011756e-17,7.804914641501551,7.804860274205837,0.037490481639048424
2010-11-27,0.011441908090960145,0.36761008293353914,-1.4971106202023511e-16,7.800104815559713,7.800050448264,0.03018559026701068
2010-11-28,0.008492073727182118,0.365689426964059,-1.4971106202023511e-16,7.795234325226454,7.795179957930742,0.022695065660633555
2010-11-29,0.00597990758641809,0.3637084098334267,0.0,7.790741141955059,7.790686774659346,0.01617553843235699
2010-11-30,0.004041578683434412,0.36166667174734574,-3.742776550505878e-17,7.786761074965994,7.78670670767028,0.011051374090340318
2010-12-01,0.0027334329091562508,0.35956386461694656,-7.485553101011756e-17,7.783350122061316,7.783295754765604,0.007544723429683636
2010-12-02,0.002184382805231274,0.35740204671259274,-1.5035292574198757e-09,7.780639252549508,7.780584886757325,0.006074708681749622
2010-12-03,0.0020100679820057674,0.3551943386887534,-7.596381248671748e-07,7.778256471567849,7.778202863910259,0.005627220561862996
2010-12-04,0.0021386662866706412,0.3529490416273664,-1.744709168042204e-05,7.77612308535757,7.776086165153537,0.006022924024135438
2010-12-05,0.002181341634140489,0.3506742855844925,-0.00010902802997013988,7.773799423723877,7.773854084458133,0.006181966407436398
2010-12-06,0.0019813809333864784,0.34837757485138704,-0.0003651322999934033,7.771046648019994,7.771357413024274,0.005655288385445601
2010-12-07,0.001707699879848305,0.34606537949065425,-0.0009163068187166417,7.767909597087,7.768771536610003,0.004910385481646193
2010-12-08,0.0016927434484122678,0.34374335918140664,-0.001998276148257336,7.764490651016775,7.766434559869319,0.004900308437726527
2010-12-09,0.0017323550576869118,0.34141653412902856,-0.003916888395146231,7.760284825326783,7.764147346426216,0.005048406427287882
2010-12-10,0.0015834690823816966,0.339089389169797,-0.006857485959172129,7.7548681968282205,7.761671315491679,0.004648063513206426
2010-12-11,0.001310978195024314,0.3367659477743541,-0.01082320070649734,7.7483065497980945,7.759075383208879,0.003877751169398224
2010-12-12,0.0010053965572141658,0.3344500224201078,-0.015754861210670254,7.7407533823018655,7.756453876216822,0.0029971093037615662
2010-12-13,0.0007257262347829312,0.3321460658015416,-0.021641764908563347,7.732282851662975,7.753870249275825,0.002180197457836068
2010-12-14,0.003734850388538045,0.32985444942256714,-0.02852674842125082,7.726115375925068,7.754587757050606,0.011195953799036429
2010-12-15,0.018355843972001188,0.3275677815955304,-0.036427706658825006,7.73054874344392,7.7669220828070324,0.05306328511643603
2010-12-16,0.03184666367901471,0.3252792386237548,-0.045277880774018196,7.732900846063965,7.77812435954227,0.08917489175012366
2010-12-17,0.03894532173677746,0.3229848833619355,-0.054854956216076604,7.72812807341785,7.782928662338214,0.10760450823980139
2010-12-18,0.04504188755168819,0.32068393011373536,-0.06479732967962332,7.721981312521014,7.786724274904924,0.12315752778737048
2010-12-19,0.05135242581986792,0.31837183136276764,-0.07468393590451702,7.716093145813332,7.790722714422136,0.1388938508151521
2010-12-20,0.056165278498747924,0.31605075700224683,-0.08409028048628187,7.709178579549927,7.793214492740495,0.150894301002241
2010-12-21,0.05485088883770073,0.3137195345710178,-0.0926556306754342,7.696967617268498,7.789568880648219,0.1488206468940536
2010-12-22,0.04767602409524253,0.31137730190297624,-0.1001495673072354,7.679956583226197,7.780051783237719,0.1327825719555625
2010-12-23,0.03782484796117623,0.30902345990360136,-0.1065366587531011,7.66136447364689,7.767846765104278,0.1090529983958366
2010-12-24,0.028010962339845714,0.306657439801108,-0.11199408192185005,7.643727144754317,7.7556668593804545,0.0836976606116768
2010-12-25,0.019685945739124883,0.30428030558524327,-0.11686893502557617,7.6281501408340056,7.744964708563868,0.06076542127042275
2010-12-26,0.013281168137037431,0.3019000090481483,-0.12160957486625973,7.61462442685414,7.736179634424686,0.042138202083159416
2010-12-27,0.008673227139777471,0.29952058002878523,-0.12668652791553597,7.602560103788241,7.729192264408063,0.028142120114158425
2010-12-28,0.005516185959443549,0.2971507131550296,-0.13250908227158026,7.591210641378106,7.723665356353973,0.018225270009976362
2010-12-29,0.0034324036668334527,0.29480578380913036,-0.1393704302748951,7.579920581736283,7.719236644715465,0.011508934170645345
2010-12-30,0.0020969224065225823,0.2925010165461828,-0.14744237446682873,7.56820838902109,7.715596396192206,0.007117912684579986
2010-12-31,0.0011520611610435797,0.2902587543368933,-0.15680695458751104,7.55565668544564,7.712409272737437,0.003953391911947537
2011-01-01,0.0006861507756607155,0.2880909810609972,-0.167451108050181,7.5423788483216905,7.709775589076158,0.002376056480984878
2011-01-02,0.0003946000005193115,0.2860103887784691,-0.17916287634466466,7.528294936969537,7.707403446018489,0.0013777692986479868
2011-01-03,0.00018129776771446705,0.2840274831752799,-0.19178245832352056,7.513479147154688,7.705207238182495,0.0006379034705153291
2011-01-04,6.851800828105876e-05,0.2821510115519934,-0.20490381714026965,7.498368536955219,7.703217986799775,0.00024278266067488845
2011-01-05,-2.360556499545943e-18,0.2803882478228733,-0.21808956679217847,7.483351505565909,7.701386705062374,-8.41888530591037e-18
2011-01-06,-3.959643160528679e-18,0.27874326423089835,-0.23107910673182208,7.46871698203429,7.6997417214703985,-1.4205341145925194e-17
2011-01-07,-4.873406966804528e-18,0.2772140581626251,-0.244078034821069,7.45418884787677,7.698212515402125,-1.757994164908328e-17
2011-01-08,1.218351741701132e-18,0.2757984248868428,-0.256968381806502,7.439882867615554,7.6967968821263435,4.417544234347998e-18
2011-01-09,-6.09175870850566e-19,0.2744929816483869,-0.2697126438970748,7.425833162286526,7.6954914388878874,-2.219276672184255e-18
2011-01-10,2.3148683092321505e-17,0.2732842451892149,-0.28213800499777447,7.4121990647266545,7.6942827024287155,8.470551632529698e-17
2011-01-11,2.0102803738068676e-17,0.27215570993046473,-0.2942320645105204,7.398976469955159,7.693154167169965,7.386508165933724e-17
2011-01-12,1.7056924383815846e-17,0.2710879525266806,-0.30607536947683844,7.386065407585056,7.692086409766181,6.292025973429083e-17
2011-01-13,2.2844095156896223e-17,0.2700654537679505,-0.3175634670942246,7.3735548112089395,7.691063911007451,8.45872540829478e-17
2011-01-14,3.1372557348804146e-17,0.2690754634137262,-0.32878295312269795,7.361345334826242,7.6900739206532265,1.165938987924967e-16
2011-01-15,2.741291418827547e-17,0.26810717745202356,-0.33949846472643613,7.349661537260801,7.689105634691524,1.0224610340087174e-16
2011-01-16,2.1778037382907732e-17,0.26715131940634834,-0.3497871837937809,7.338416960147781,7.688149776645849,8.151948278339747e-17
2011-01-17,1.3554163126425093e-17,0.2661998707719946,-0.3596980450337748,7.3275546502734334,7.687198328011495,5.091724157159528e-17
2011-01-18,9.137638062758489e-19,0.26524587829262186,-0.3693060644232824,7.316992638404553,7.686244335532122,3.4449689177366807e-18
2011-01-19,1.522939677126415e-18,0.26428330725294397,-0.3787918938917779,7.30654423789638,7.685281764492444,5.762526937309811e-18
2011-01-20,1.5533984706689433e-17,0.26330692499764186,-0.38832292804899476,7.296036821483861,7.6843053822371425,5.899573171814054e-17
2011-01-21,0.0008985786163272838,0.26231220561665214,-0.3980685404731827,7.286195068295011,7.68420924147248,0.0034139126135953168
2011-01-22,0.010128517924957418,0.26129525017142347,-0.4079813351032196,7.284495257528375,7.692422225335881,0.03731625272168812
2011-01-23,0.05243566395362297,0.26025271875747985,-0.41790957684603003,7.315831630400287,7.733686839950603,0.16769303515208947
2011-01-24,0.14549215154834905,0.259181771848834,-0.42754082634030427,7.398185921592093,7.825672380636684,0.3595293473000732
2011-01-25,0.22027556102745657,0.25807640665749687,-0.43640485922677563,7.462999932993392,7.899350424924454,0.4604884601886531
2011-01-26,0.24080668442862252,0.2569383363489909,-0.44391708064554786,7.4748807646672795,7.918743478017114,0.48379526539997697
2011-01-27,0.21883348638987582,0.2557659366724873,-0.44961767585631357,7.446034571741263,7.895597880301864,0.4610909237475427
2011-01-28,0.17704702382721466,0.25455791177461334,-0.45326175208570574,7.399396008051336,7.852603392841329,0.41020620762906956
2011-01-29,0.13718427721799817,0.253311817174709,-0.4550278201415528,7.356521098786368,7.811494551632208,0.35130768063466755
2011-01-30,0.1204414153583395,0.2520247881710614,-0.4554644046257809,7.3380546234388335,7.793464660768901,0.3233619969196276
2011-01-31,0.1101833661866662,0.2506996714480778,-0.4550847397875189,7.326851122382439,7.781881494874244,0.30531600185150487
2011-02-01,0.09506751789750238,0.2493384992549437,-0.4542703041911059,7.311188537496554,7.765404474391946,0.2760332664438386
2011-02-02,0.07613169145115468,0.24795004347206107,-0.45332078315631885,7.291813776302111,7.745080192162717,0.23491509470347802
2011-02-03,0.05712255737210409,0.24654882067370712,-0.4523313175581739,7.272392885022851,7.724669835285312,0.18810649110133354
2011-02-04,0.04065995100333972,0.2451501604498867,-0.45147420476534533,7.255388731223095,7.706808568692727,0.14226211520859305
2011-02-05,0.027747263667127847,0.2437747374801291,-0.45098045792044705,7.241594367762024,7.692520458386757,0.10219158502768778
2011-02-06,0.018302582699376607,0.24244359341849853,-0.4511342233275031,7.230664777325586,7.681744633357376,0.07019310109116456
2011-02-07,0.01171170844895979,0.24116947160432103,-0.45198767965253256,7.221946324935962,7.6738796372927816,0.04631308840971159
2011-02-08,0.007171607602114949,0.2399632308108916,-0.4532973817338931,7.214890281214327,7.668133295652507,0.02901900698488292
2011-02-09,0.003906387179234013,0.23883297986802193,-0.4549994656602364,7.208792725922233,7.663737824286756,0.01609292809300902
2011-02-10,0.002342472677587709,0.23779868413234306,-0.4571792817721599,7.204014699572984,7.661139614049431,0.009754565642580591
2011-02-11,0.0014989681307043898,0.2368746641120962,-0.45981662576277404,7.19960983101524,7.659372089482301,0.006288313504312354
2011-02-12,0.0013368335664842774,0.23606699276595328,-0.46279172930850987,7.195664921559142,7.658402283571938,0.005631053160079669
2011-02-13,0.0013615583390348442,0.23538134258791832,-0.4659693691156559,7.191826356346511,7.6577413581664535,0.005751210843931291
2011-02-14,0.0012810270579715882,0.23481210703825137,-0.46911900389871686,7.18802695473272,7.657091591335724,0.005425939483057937
2011-02-15,0.0009238711373519559,0.2343501742483314,-0.47175607268539166,7.184570797235506,7.656272502625184,0.0039267873166267
2011-02-16,0.00075553652417847,0.23398828770078006,-0.47353452033840954,7.182262128421763,7.655742281464459,0.0032185576198776925
2011-02-17,0.0005683889199962185,0.2337093196839826,-0.4744577306964841,7.180872802442709,7.655276165843479,0.002426133170685132
2011-02-18,0.000402898687833779,0.23349866007064238,-0.4748431044638074,7.180111278829883,7.654900015997977,0.0017225139070142204
2011-02-19,0.00027314886654469784,0.23334203900729464,-0.4749196430134117,7.179748369395641,7.65461364511334,0.0011692256356731743
2011-02-20,0.00017888598572213862,0.23323019683334073,-0.47454452434591576,7.179917383008361,7.654407540058563,0.0007664054181679374
2011-02-21,0.0002936739143931405,0.23315610924073144,-0.47410705105888185,7.180395556631456,7.6544482403946255,0.001257974672000435
2011-02-22,0.0010722980096919182,0.2331020736189654,-0.47369303109087685,7.1815341650729945,7.6551728288681575,0.00457905791412699
2011-02-23,0.001965485328906161,0.23305680484631675,-0.47332644356928233,7.182748671141154,7.656020747414724,0.008362974113820337
2011-02-24,0.003110104044231864,0.2330098460890729,-0.47295549273763826,7.184217281930881,7.657118407372805,0.013171712269446152
2011-02-25,0.004106279396861716,0.23295427527239665,-0.4723426162556455,7.1857707629488266,7.658059011908759,0.017321647638050566
2011-02-26,0.00438417667306809,0.23288677749815534,-0.47118800253511545,7.1871357761713215,7.658269411410724,0.018477511031140825
2011-02-27,0.003986204523522142,0.23280127780028606,-0.46920741410208694,7.188632892756935,7.6577859395633086,0.01683452387094933
2011-02-28,0.0032407415613765088,0.23268890502492015,-0.4663048673957109,7.1906776037258,7.6569281038257975,0.013736050590789714
2011-03-01,0.002438612097260276,0.23254520415038651,-0.4627877518673582,7.193248888915503,7.655982273487147,0.010377787441711517
2011-03-02,0.0017319582671079987,0.2323663528625831,-0.45861844614469904,7.196532689520206,7.655096768369192,0.007398422734235315
2011-03-03,0.0011771128031784642,0.2321476475281646,-0.45402098379805905,7.200356601068498,7.654323217570844,0.005044954515358136
2011-03-04,0.0007728689326159849,0.2318878400450079,-0.4493599452517488,7.204353588261089,7.653659166217125,0.003321871303548359
2011-03-05,0.0023805757095828445,0.23158638081816452,-0.4448690212143151,7.210150759848646,7.654965413767248,0.010174837271520945
2011-03-06,0.013338017285668876,0.23124268235649995,-0.44076148296660317,7.224872041210779,7.66557915688167,0.05453421837938529
2011-03-07,0.03250233714671008,0.23085695561746164,-0.4372294184154383,7.247182698883948,7.684357750003672,0.12341443055064208
2011-03-08,0.04543188638573861,0.23043138597976237,-0.43426914445223663,7.2626469524484785,7.6968617296050015,0.16468986971757624
2011-03-09,0.04736848526753738,0.2299655057311203,-0.43144713124778483,7.266939684286086,7.698332448238158,0.17079942165389547
2011-03-10,0.04176830510881403,0.2294595541640028,-0.42830527476020674,7.263975409047824,7.6922263165123175,0.1539971049463655
2011-03-11,0.033110812027073395,0.22891235032939966,-0.42462559348427087,7.258450393407416,7.683021619595974,0.12636597363872484
2011-03-12,0.02438103282042491,0.22832640591012926,-0.4205256696803463,7.253234593585422,7.673705895970055,0.09647928427789912
2011-03-13,0.017017289456784063,0.2277024267157431,-0.4162948017545993,7.249477738953142,7.665718173412028,0.06953787673072852
2011-03-14,0.011404773963415552,0.22704116574254848,-0.41233693714866465,7.247161827092513,7.659444396945465,0.04782960019146971
2011-03-15,0.007401929613900622,0.22634486738314002,-0.40871570469324936,7.246083916839005,7.654745254236541,0.031666442958764196
2011-03-16,0.004681284345159225,0.22561480705596557,-0.4053747788720856,7.245974137064253,7.651294548640625,0.020327241841918475
2011-03-17,0.0028982349216188663,0.2248589687362672,-0.40233806235517455,7.246471965837926,7.648755660897386,0.012725107592962472
2011-03-18,0.0017626027893140712,0.22408925475380345,-0.3996860282918622,7.24721865378647,7.646850314782618,0.007804243048909047
2011-03-19,0.0010558276078741437,0.22331402478681076,-0.39753025682756365,7.247892420102335,7.645368309634185,0.004705746322892153
2011-03-20,0.0006242672119849501,0.2225376710315867,-0.3959482086966165,7.248266554082169,7.644160395483072,0.002797373140322833
2011-03-21,0.0026113918244061673,0.2217673389629763,-0.3948577575781654,7.250573797744431,7.645377188026883,0.011638321579065703
2011-03-22,0.017336735583236812,0.22100761789132553,-0.3940673602168957,7.265329817792881,7.659342810714063,0.07273818460770501
2011-03-23,0.048173735493139205,0.22026393130557334,-0.3934572638988753,7.296033227435051,7.689436124038213,0.17945967146727654
2011-03-24,0.07221514527638427,0.21953825025158116,-0.39302431273809735,7.319781907325082,7.712751852767466,0.24752118187245653
2011-03-25,0.07839507662357903,0.21883356594369538,-0.39229854077677656,7.325982926325712,7.718227099806775,0.2637534389231521
2011-03-26,0.0714545145877773,0.21815210295460286,-0.39113558093686707,7.319523861140727,7.71060507478188,0.24672956437993293
2011-03-27,0.06064636800189351,0.21749645753213093,-0.389393936606359,7.309801713462879,7.699141282773525,0.21804038225848402
2011-03-28,0.0504711763458851,0.216866596984367,-0.38696950634464794,7.301421091520818,7.688336230569752,0.18879178844486078
2011-03-29,0.04088813005392674,0.21625528787781695,-0.38374788874904536,7.294448353717912,7.678141875171244,0.159009047879966
2011-03-30,0.031683976483834884,0.21565140879472786,-0.37975035884612957,7.288637850967647,7.668333842518063,0.12810126803389107
2011-03-31,0.023392610126555986,0.21504625264885938,-0.37498903348892665,7.284502653821702,7.6594373200149155,0.09810737165186613
2011-04-01,0.01652760834258782,0.2144367735248325,-0.3695089539795832,7.282508252423051,7.651962839106921,0.0715591218392934
2011-04-02,0.011245834567452973,0.21382443997422845,-0.36361062546349715,7.282512473613398,7.646068731781182,0.04996588105805293
2011-04-03,0.007413752043267936,0.21321792653626873,-0.3575490612859149,7.284135441828836,7.641630135819037,0.0336023915105886
2011-04-04,0.00475951290404648,0.2126263754863252,-0.3516924071089846,7.286746305816601,7.638384345629873,0.02189430482028145
2011-04-05,0.0037966494551850347,0.21205616765021387,-0.34640119507804557,7.290504446562567,7.6368512743449,0.0175890660409179
2011-04-06,0.006346384594252822,0.21151378920106634,-0.34170570097899816,7.297207297351535,7.63885863103482,0.0291305403998038
2011-04-07,0.009958549903731757,0.21100761042620717,-0.3374708357740911,7.304548149091062,7.64196461756944,0.04506821265691542
2011-04-08,0.01544118784687751,0.2105493080576165,-0.33346530788424156,7.313578012555467,7.646988953143994,0.06832671340923611
2011-04-09,0.019035943378700557,0.2101478733778372,-0.3295079930312195,7.320728648260532,7.650182273996038,0.0830597188235261
2011-04-10,0.018914796949475166,0.2098104982895921,-0.3254694480438498,7.3243086717304315,7.649723752478568,0.08269656808052263
2011-04-11,0.016294466273865698,0.20954301526589195,-0.32121181266074617,7.325678493414225,7.646835938779258,0.07215129288004007
2011-04-12,0.012727960358865965,0.2093501784741658,-0.3167097647754242,7.326421198592821,7.643076596072532,0.0573129819339643
2011-04-13,0.009284277454878252,0.2092335425287624,-0.31206927258610145,7.327501371932753,7.639516277223141,0.04248750722285862
2011-04-14,0.006444758125504516,0.20918770932017816,-0.3073794917958797,7.329305800185017,7.636630924685183,0.029887698275900567
2011-04-15,0.004303410118685176,0.2092018363035754,-0.3026772819656359,7.331880788991839,7.634503703661761,0.020155992373948953
2011-04-16,0.0030549718393855776,0.209266895221978,-0.2981064220525712,7.335268269544006,7.633320324300864,0.014388399469484007
2011-04-17,0.003259896350030905,0.20938048265970255,-0.2938076680847913,7.339885535460156,7.633638836249234,0.015330561228362396
2011-04-18,0.005407425373268814,0.20954090631239883,-0.2898130853789117,7.34618807084197,7.635946788925168,0.025156861329709825
2011-04-19,0.013161730435797818,0.20974701487797143,-0.28606772569157685,7.357893844157406,7.64390720255327,0.05904537490115605
2011-04-20,0.019719185789238314,0.20999270914352364,-0.2823702989593996,7.368394420508576,7.650710352172262,0.08584312011796445
2011-04-21,0.021431723087852565,0.21027711583409361,-0.278731606658965,7.374030056798195,7.652707296161447,0.09249419740552967
2011-04-22,0.019367687947019003,0.210597672384378,-0.2750556021317496,7.375962582734862,7.650963817570897,0.08422002304655249
2011-04-23,0.015627137415152145,0.21095145997606837,-0.27130264769241375,7.376328774234021,7.647577054630721,0.06897005098928054
2011-04-24,0.011618836079562028,0.21133583592787492,-0.26741505936701976,7.376592437175631,7.643953129246937,0.05211299666855363
2011-04-25,0.00962945881213186,0.21174874061829407,-0.26356127385337147,7.378869750112268,7.642376656669926,0.04349777366022067
2011-04-26,0.020371492220846228,0.21218757037057115,-0.2599290650842569,7.393682822042375,7.653557519830918,0.08759706886433778
2011-04-27,0.05883607331567038,0.21265083549161407,-0.25657699047704535,7.435962742865453,7.692485366046785,0.21671790206810781
2011-04-28,0.10256249118701617,0.21313693805959047,-0.2534472642058068,7.4833049895760135,7.736697886486107,0.32487385685737213
2011-04-29,0.12379986791040189,0.21364146533064488,-0.2502434566778163,7.5082507010984445,7.758439790480547,0.3668781969337677
2011-04-30,0.11991553993402812,0.2141643397484281,-0.24680928699338517,7.508323417224285,7.755078336921956,0.358942717675809
2011-05-01,0.10129381374695172,0.21470198989234335,-0.2430371993475343,7.494011428826974,7.736994260878795,0.32055430034310595
2011-05-02,0.07978444267266893,0.2152504061796466,-0.23891696029261741,7.477170713094912,7.716033306091816,0.2704237922504074
2011-05-03,0.06760063196186715,0.21580255512392463,-0.23456023772661522,7.4698957738943905,7.7044016443252925,0.23853165751944455
2011-05-04,0.06485966023679281,0.2163542540464857,-0.23011694095928031,7.472149797859212,7.702212371522779,0.23064171771904915
2011-05-05,0.06113949549847142,0.21690252720011705,-0.22558401933509514,7.473510827898707,7.699040479938089,0.21989300360093303
2011-05-06,0.053803586062922015,0.21744671933240667,-0.22110450485158206,7.47119862507896,7.692248762634829,0.19835401101026223
2011-05-07,0.04786247218006617,0.2179934136872145,-0.21657881036323445,7.4703299000392605,7.6868543431067815,0.18003164392591198
2011-05-08,0.04538663582880768,0.21855504380863602,-0.2120242216401903,7.472970282532467,7.6849401368769445,0.17195706222356316
2011-05-09,0.041740100849272446,0.219146232747421,-0.20735709491581228,7.474582063216095,7.681884790836194,0.15999343573818187
2011-05-10,0.03542162210551385,0.21977735743837323,-0.2025162784590579,7.473735525620043,7.676197436783387,0.13880001467412734
2011-05-11,0.027832957429893987,0.22045457586737474,-0.19745739027751943,7.471882967554963,7.669285990536769,0.1120996977184926
2011-05-12,0.020488938138913313,0.22117756218161141,-0.19223598121650304,7.470483343639236,7.662664957560025,0.08478187134641593
2011-05-13,0.014159290735731881,0.22194806057948263,-0.18682849575933125,7.470331680091097,7.657105808554715,0.059969715711344185
2011-05-14,0.009471104917408005,0.22277502481539893,-0.1812738219532707,7.47202513231475,7.653244586972307,0.04078046393412136
2011-05-15,0.006207761677193176,0.2236681219479379,-0.1756283966151765,7.475300311545168,7.650874340864632,0.027004840957203027
2011-05-16,0.003962262127202863,0.22464010977575644,-0.16995834080771205,7.479696855630461,7.64960082914246,0.017332550376532516
2011-05-17,0.0024730084042325386,0.2257002653956197,-0.16439017936993702,7.484835918965129,7.6491717310393526,0.0108382912820973
2011-05-18,0.001784351134129362,0.22686075660629543,-0.15892485848621124,7.490773073789428,7.649643564979925,0.007804020614143611
2011-05-19,0.002357528843398625,0.2281293454010499,-0.1535993992314435,7.497940299548219,7.651485331483949,0.010228473318173814
2011-05-20,0.0030660832692042763,0.22950466489255514,-0.1483695472565573,7.505254025440416,7.65356920540126,0.013183443289573675
2011-05-21,0.0032567844692631934,0.23097989190277,-0.14315938872775652,7.512130112179491,7.655235133611534,0.013903819503016304
2011-05-22,0.00292801853359358,0.23254902357896726,-0.13797747041325056,7.518552396234524,7.656475499352061,0.01243441189563589
2011-05-23,0.0023298569647949297,0.23420719537480095,-0.13289983263450877,7.524690044240301,7.6575355095790965,0.009849860483802587
2011-05-24,0.0017051667599886381,0.23595015204194694,-0.12788948713050377,7.5308186562066455,7.658653776041436,0.007174957280925582
2011-05-25,0.0013884117867668214,0.23777206135785872,-0.12296161580740606,7.5372516818724336,7.660158930384126,0.005805356414089457
2011-05-26,0.006044090058750686,0.23965933453034485,-0.11821925779132553,7.548536991332984,7.666701881828596,0.024599128273684333
2011-05-27,0.025810161555039568,0.24159639681078002,-0.11367570521738285,7.574783677683651,7.68840501560532,0.09652030119519563
2011-05-28,0.04328087848556055,0.2435708039099067,-0.1093215718696402,7.5985829350610405,7.707850139634968,0.15088242859210946
2011-05-29,0.0488921126784404,0.24556863429611958,-0.10514161870072222,7.610371952809052,7.715459204214061,0.1660394914459157
2011-05-30,0.0450631538748762,0.2475755114222316,-0.10107284608364986,7.612618643748672,7.713637122536609,0.15398906302803442
2011-05-31,0.036725278380218954,0.2495737009814392,-0.09707648327053917,7.610275320626333,7.707297436601158,0.12827596683055897
2011-06-01,0.027566530592450313,0.2515478426284946,-0.09315456997786449,7.607012627778294,7.700112830460445,0.09876428173273917
2011-06-02,0.019509778455612838,0.25348521207312685,-0.0893845854371822,7.604663229626771,7.69399344776824,0.07146570132230662
2011-06-03,0.013211580547108942,0.25537464931518167,-0.08577535516548206,7.603863699232022,7.689584687101791,0.04918934434532543
2011-06-04,0.008635557711195212,0.2572036736033705,-0.08231798569326591,7.604574070156514,7.686837688554066,0.032484135876005515
2011-06-05,0.005497983077627747,0.25896845161430393,-0.07900446122624447,7.606514798000901,7.685464891931432,0.020788963575026707
2011-06-06,0.0034225384710546056,0.26066552055565956,-0.0758275090777978,7.60931337448413,7.685086516266215,0.012959838031557475
2011-06-07,0.0020910080811993503,0.262294593071336,-0.07278048834857473,7.612657937339175,7.685384058392036,0.007908933285640463
2011-06-08,0.0012574171447584867,0.2638597769781647,-0.0698572978152293,7.616312720842908,7.686115651362424,0.004742872860126445
2011-06-09,0.0007459405686103375,0.2653608247796501,-0.0670522996839972,7.620107290199477,7.6871052225877605,0.0028031627367087297
2011-06-10,0.001695348806161994,0.2668006608576947,-0.06436025643996171,7.625188577759109,7.689494466903358,0.0063142420935211815
2011-06-11,0.007256986689664634,0.2681729704739464,-0.061776278499929775,7.634706503198895,7.696428414403112,0.026347848158556827
2011-06-12,0.012196733373871664,0.26947591426109846,-0.059295780772647834,7.643429691397536,7.7026711048744705,0.04330109251388106
2011-06-13,0.014039650960891072,0.27071205514890606,-0.0569144465583072,7.648890084086704,7.705750163349298,0.049304887941488004
2011-06-14,0.013434857904116616,0.27188127635814946,-0.054628197491571266,7.651740761305908,7.706314591501767,0.04708762068031922
2011-06-15,0.011448706579489737,0.27298007966489546,-0.05243316845802372,7.653048442321575,7.705427243483886,0.04025157485168484
2011-06-16,0.008953858672751103,0.2740142844763617,-0.050325686600961414,7.653695281083365,7.703966600388613,0.031642638542646054
2011-06-17,0.006564452767024894,0.2749810574236611,-0.04830225369035094,7.6542960810355485,7.702543967430186,0.02331577854883533
2011-06-18,0.005208625687233093,0.27587738791630206,-0.046359531253989866,7.655779306884759,7.702084470843036,0.018530362362958873
2011-06-19,0.006577426588430234,0.2766993195258137,-0.04449432797699052,7.659835242672467,7.7042752033537445,0.0232190840888069
2011-06-20,0.008096680050557073,0.27743732265454024,-0.04270358896342237,7.663883238276889,7.706532459944598,0.028356272716561232
2011-06-21,0.008331539940196205,0.278090176839133,-0.04098438652638772,7.666490154788155,7.7074201740188295,0.029088366740763438
2011-06-22,0.00775395365960149,0.2786579711345291,-0.039333912232659904,7.668130837096685,7.707410382033631,0.02707273331993749
2011-06-23,0.0069088075708402955,0.27915010707959115,-0.037749469977340466,7.669362269208305,7.707057371889932,0.02415169469297249
2011-06-24,0.006854739311108729,0.279569257204423,-0.03622846990470798,7.671248351146038,7.707422453755032,0.023932140443885683
2011-06-25,0.0071187778152088585,0.279912553261008,-0.034768423024899776,7.673315732586531,7.708029788315717,0.024801396378984753
2011-06-26,0.007128560449498854,0.28018494519458836,-0.033366936403672075,7.674999393775629,7.708311962883588,0.02481108722514923
2011-06-27,0.006475297924888918,0.2803922044211275,-0.032018254430199934,7.675902072451031,7.707865959585517,0.0225724345627637
2011-06-28,0.0056661549114292295,0.2805344739167999,-0.030727205779523613,7.6765262475839195,7.70719908606773,0.019797842285070314
2011-06-29,0.00943582836742238,0.2806139351725817,-0.02948374424545246,7.6816188438297655,7.711048220779505,0.03253175680014293
2011-06-30,0.0266565502919295,0.2806380205129581,-0.0282864655195395,7.700060929820562,7.728293028044388,0.0867459201186301
2011-07-01,0.041666796340906274,0.28061278988007277,-0.027135219622863433,7.71619719113333,7.74327804346048,0.1292877306610925
2011-07-02,0.046013064881597864,0.28054714668356107,-0.026040689781524226,7.721572346318848,7.747558668804659,0.14090223870527113
2011-07-03,0.04197005147741014,0.28044061794043273,-0.024983816201265937,7.718479677751791,7.743409126657343,0.1301757524128866
2011-07-04,0.03409631390267228,0.28029034267472636,-0.023970229122181694,7.71146925199043,7.735385113816899,0.10845343843108728
2011-07-05,0.029416703556613077,0.2800981650546197,-0.022993482414975498,7.7075742107314715,7.730513325850733,0.09504132608751029
2011-07-06,0.03833992186894354,0.2798658006587358,-0.022056980245841826,7.717201566817051,7.73920417976718,0.12048784529828348
2011-07-07,0.047103136894743436,0.27959744491091615,-0.0211605623934669,7.726592843947406,7.74769903904516,0.14417830734921405
2011-07-08,0.04788763244162734,0.27928850290494844,-0.020297517562872815,7.7279314423189165,7.748174592586076,0.14636652025643693
2011-07-09,0.04282737831774996,0.27894338324871104,-0.019479091334708536,7.723344494766966,7.742769218805962,0.13309903643592572
2011-07-10,0.03499196047885132,0.2785655033904786,-0.01868866264476908,7.7159216257597745,7.73455592110883,0.11159664339367684
2011-07-11,0.02696903384802176,0.27816729415996017,-0.017935350716828984,7.708253801826367,7.726134785247482,0.08838355637325586
2011-07-12,0.019847563838440108,0.2777518713659019,-0.017212545885575914,7.70143971385398,7.718597892443842,0.06669220936125798
2011-07-13,0.014016776693913192,0.2773188282620036,-0.016519019938828594,7.695869409552302,7.712334062195417,0.04811213066811428
2011-07-14,0.009548365980400672,0.2768743706868629,-0.015853592716150812,7.691621968486326,7.707421193906764,0.03333662017025199
2011-07-15,0.006298043274046862,0.27642047079557425,-0.015211094494739189,7.6885602441100955,7.703716971309122,0.02227672741833926
2011-07-16,0.003926053621972778,0.2759644761862371,-0.014593723635924916,7.6863496307074985,7.70088898704771,0.014027104184850547
2011-07-17,0.002568408978225419,0.2755094975067261,-0.01399863372806532,7.6851320972921,7.699076363724452,0.009236292845740375
2011-07-18,0.002034902638861246,0.2750604742706826,-0.013426195996302417,7.684722005448455,7.698093834149044,0.00734369032625733
2011-07-19,0.0018050118199428849,0.27462018049922293,-0.012875174290963848,7.684602842563415,7.697423649558666,0.006529838343600694
2011-07-20,0.0015565519736366374,0.2741940939807337,-0.012347141451884274,7.6844563290377,7.696749103193871,0.005644780878932943
2011-07-21,0.001522162063631715,0.2737837426302928,-0.01183967721143073,7.684519052017707,7.696304361933425,0.0055289844412309335
2011-07-22,0.0052073224816263156,0.2733943837580083,-0.011353004187538013,7.688301526587311,7.699600163479135,0.0186909209994117
2011-07-23,0.01969670358002245,0.2730172940816242,-0.010884072187576208,7.702882750009285,7.713712454901147,0.06728992715541476
2011-07-24,0.033799723574929066,0.27264792757517436,-0.010434923314136197,7.7170655523711815,7.7274461083896036,0.11029526070138933
2011-07-25,0.03983420782119636,0.27228684126498187,-0.010007550276776477,7.723166323344616,7.733119506325679,0.12762422764444165
2011-07-26,0.040000683420697875,0.2719279252663237,-0.009596374657481917,7.723385058564753,7.732927065926522,0.12823666155236563
2011-07-27,0.036112394442431084,0.27156902808573763,-0.00920197257955165,7.719532274483831,7.728679879767669,0.11736943409095471
2011-07-28,0.030726266871978627,0.2712060984865692,-0.008826606000371938,7.71415858389339,7.722930822598048,0.10176539648371538
2011-07-29,0.024754340881039366,0.27082993061206434,-0.008461938344726711,7.708175157683591,7.716582728732604,0.0837471518900386
2011-07-30,0.018840470283860843,0.2704314644539163,-0.008110744123313642,7.702214015149678,7.710270391977278,0.06513065396731138
2011-07-31,0.013629402040234483,0.2700063663709011,-0.007774064402544847,7.696914528543805,7.704634225650636,0.04805247982856097
2011-08-01,0.009447096684286902,0.2695537154352564,-0.007454898278270278,7.692598738376487,7.6999992693590436,0.033860463030620534
2011-08-02,0.006320428415927152,0.26907494007803995,-0.0071482798395693,7.689299913189612,7.696393825733468,0.02295038021333176
2011-08-03,0.004283013798593598,0.26857155260368626,-0.006848499616711025,7.687058891320783,7.69385302364178,0.015697057429044408
2011-08-04,0.0036028976116324403,0.2680503344692651,-0.006564081346301009,7.686141975269811,7.692651689320398,0.013262855678299119
2011-08-05,0.0034479752396422985,0.2675144553595741,-0.006296471716939768,7.6857187834174905,7.691960887838717,0.012724919952988752
2011-08-06,0.003479459564715918,0.266974834866904,-0.006038632864147787,7.685468486102686,7.69145275167112,0.012865240583545788
2011-08-07,0.004380785508154198,0.26643598588916745,-0.005787575577006126,7.68608202035553,7.691815228636822,0.016176197233099147
2011-08-08,0.008854686882070924,0.2659091886781413,-0.005546481835706167,7.69027021825972,7.6957623327997124,0.03222653219611649
2011-08-09,0.013148422542932442,0.265400522491553,-0.005318140276898429,7.6942836292928005,7.699547402273986,0.047203275321342955
2011-08-10,0.014467572327577467,0.2649151945686178,-0.005095252776308182,7.695340338655101,7.700381224135696,0.0517840541430134
2011-08-11,0.013224796488449049,0.26445986764145984,-0.004877609268767436,7.6938598793963555,7.69868312136941,0.04762523177103547
2011-08-12,0.011126223381367706,0.2640376967671287,-0.004667784432807033,7.691548960250903,7.696162377387997,0.04043489195590494
2011-08-13,0.010349490322587973,0.26364932062304325,-0.004471408095240418,7.690580227385604,7.694997268185132,0.03777202640722989
2011-08-14,0.011519494916576242,0.26329121528981153,-0.004286344865890583,7.691577189875711,7.695809167445888,0.04191792564389101
2011-08-15,0.015076458111340165,0.26295714853679303,-0.004100528109351579,7.694985903073995,7.699032063887634,0.05422530856286108
2011-08-16,0.01873724129090111,0.2626397206665163,-0.003937285828330318,7.698492500664301,7.702375419196918,0.06659124172979286
2011-08-17,0.026547611071959284,0.26233324720648105,-0.0037806177918395744,7.706153065021814,7.709879315517941,0.09189813139633896
2011-08-18,0.04314510760708775,0.2620291808839789,-0.0036302563762785683,7.722596856650002,7.726172745730567,0.14137858015633822
2011-08-19,0.06016818143452757,0.2617319724268486,-0.0034859449337953227,7.739467033462795,7.742898611100877,0.18691566534770448
2011-08-20,0.06838017197643775,0.2614369873626809,-0.003343698994571931,7.74752628487976,7.7508156165786195,0.20732751477654057
2011-08-21,0.06557842101454303,0.2611428192802503,-0.0032033067682723107,7.744570758061735,7.7477196975342935,0.2007167362470009
2011-08-22,0.05554929260868341,0.2608449796811419,-0.003066040244465905,7.734381056580573,7.737392729529326,0.17556984267338072
2011-08-23,0.0430707723637417,0.260546487338599,-0.0029345843275960606,7.7217354999099586,7.724615716941841,0.14185877445164774
2011-08-24,0.03126445541140792,0.2602497409708123,-0.0028181779929504812,7.709748842924483,7.712512653621721,0.10724848326225381
2011-08-25,0.021637085728966787,0.25995996546174965,-0.002696545871562806,7.699953329854368,7.702595508430217,0.07683704654390255
2011-08-26,0.014416304733793078,0.25968586089366097,-0.002579206845627742,7.69257578331704,7.6951006228669545,0.05259464003428196
2011-08-27,0.009317443515435552,0.25943574067544345,-0.002468516685546044,7.687337492040546,7.689751641430379,0.03466914650141573
2011-08-28,0.005874552470580022,0.2592210317165885,-0.002360208741348471,7.683788199981034,7.686094041426669,0.022160129481569726
2011-08-29,0.003616340677233573,0.25906098172426806,-0.002255722729245984,7.68147442420747,7.6836757796410025,0.013767235953875016
2011-08-30,0.002186660844548168,0.25897721778046073,-0.002157499634976817,7.680059203525246,7.6821623358645095,0.008372753751631466
2011-08-31,0.0012811343158252205,0.2589804874462375,-0.0020668959263348222,7.679247550370942,7.6812600790015635,0.004922486485527489
2011-09-01,0.0007543451012165505,0.2590799086738653,-0.001976234053580209,7.678910844256715,7.680832711014582,0.002903178046222989
2011-09-02,0.0004015898203827041,0.25928331559241946,-0.001886929432703414,7.678850800515312,7.680683362652303,0.0015464503789480025
2011-09-03,0.00013881464501747578,0.25960075694419327,-0.0018006448329221205,7.678991751291503,7.680738028828711,0.0005344377992469206
2011-09-04,3.162369612972304e-05,0.260031885163597,-0.00172061916107898,7.679395714233862,7.681061966099227,0.00012159989791870513
2011-09-05,2.5280798640298487e-17,0.26057788267397586,-0.0016463462372259207,7.679984360971964,7.681576339913477,9.70182057697075e-17
2011-09-06,3.0458793542528295e-17,0.2612366441890206,-0.001581367263588094,7.680708101460646,7.682235101428521,1.1659464405188693e-16
2011-09-07,1.720921835152849e-17,0.26200074603227713,-0.0015144698397265167,7.681539100727765,7.682999203271778,6.568385247807044e-17
2011-09-08,6.09175870850566e-19,0.2628608016887649,-0.0014457608734295187,7.682467865350549,7.6838592589282655,2.3174846418213716e-18
2011-09-09,2.1321155479769808e-18,0.2638042048947978,-0.001379848969030411,7.683477180460981,7.684802662134298,8.082189398107756e-18
2011-09-10,-1.522939677126415e-18,0.26481413698287815,-0.0013177252439050724,7.6845492362741865,7.685812594222378,-5.750975738976059e-18
2011-09-11,-1.2488105352436602e-17,0.26586452647842224,-0.0012595608785468378,7.685657790135089,7.686862983717923,-4.697168711392622e-17
2011-09-12,-9.13763806275849e-18,0.26693380851496756,-0.0012054361304117752,7.686781196919769,7.687932265754468,-3.4231849886658786e-17
2011-09-13,0.00017971572326546919,0.26800060600076614,-0.001152322653803032,7.688080823605443,7.689178778963532,0.0006701301650700678
2011-09-14,0.0012708975472765702,0.26905016651008706,-0.0010987414973426262,7.690275147095235,7.691319521296864,0.004701437350834335
2011-09-15,0.003244376425549226,0.27006993532968804,-0.001047504123947268,7.693319632166504,7.694312768994738,0.011870495930907127
2011-09-16,0.004606413308580849,0.2710538419031091,-0.001006315144922391,7.695706764601981,7.696658712451191,0.016710473205661838
2011-09-17,0.004836983653116423,0.27199215275899613,-0.0009596006863354473,7.696922360260991,7.697827593651613,0.017472812709698513
2011-09-18,0.004282686460412865,0.2728760828042429,-0.0009218983159523938,7.697289695483917,7.698157226504156,0.015452105202283448
2011-09-19,0.004122250305589749,0.27369872278874363,-0.0008856940147638161,7.697988103614783,7.698819430333834,0.014837793776606092
2011-09-20,0.008133701494558793,0.274454887206884,-0.0008485922378118339,7.7027928209988445,7.703587045940943,0.028782837735716632
2011-09-21,0.017736471385922627,0.2751388171848113,-0.0008082879442343915,7.713119825161713,7.713873745810234,0.060559808485306864
2011-09-22,0.02483004325134663,0.2757448425505645,-0.0007707705127526379,7.7208569398243725,7.7215733430414115,0.08260850930742916
2011-09-23,0.02609099170871241,0.2762673161554225,-0.0007347161187942254,7.722676416280555,7.7233567651036354,0.08629163158445916
2011-09-24,0.023157795333773348,0.27670708696328594,-0.0006971724706407393,7.720220534361633,7.720863339536559,0.07722743375742219
2011-09-25,0.018446449184441268,0.2770677973032967,-0.0006630390149264736,7.715904032008026,7.716512703727238,0.062421522494032045
2011-09-26,0.013636516702804021,0.2773493165168587,-0.000627309167220935,7.711411348587656,7.711984290459164,0.04686316358401521
2011-09-27,0.009546620535176685,0.2775506317348775,-0.0005960214685386252,7.707554055336729,7.708095709509554,0.03325221840227431
2011-09-28,0.006412383056765897,0.2776728172279399,-0.0005726837295540262,7.704565341090365,7.705083657524206,0.022572041944949987
2011-09-29,0.004169396898398676,0.27771442726338497,-0.0005502698285483438,7.702386378868449,7.702882281401284,0.014791188926136123
2011-09-30,0.0026348516668713374,0.2776796580412858,-0.0005270787179066479,7.700840255525464,7.701312966947658,0.009399626403979414
2011-10-01,0.001624565840916036,0.27757721871925206,-0.0005010512354473625,7.6997535578599345,7.700200241799669,0.005818608371272575
2011-10-02,0.0009895813027620713,0.27742088236316453,-0.00047487728291982105,7.69898841091822,7.699408920905427,0.0035543969494964845
2011-10-03,0.0009530121414504023,0.2772213677524417,-0.00045010946215538923,7.6987770949669505,7.699172837133393,0.003425952245544406
2011-10-04,0.0030728810644790145,0.2769882236691426,-0.00042524125789763194,7.7006886880109375,7.701059561973122,0.010972180758201916
2011-10-05,0.007695696107664429,0.27673080675590733,-0.0004017087819896421,7.705077618616796,7.705424960103072,0.0270568882652815
2011-10-06,0.011050088187532496,0.2764491315560702,-0.00038077897182599144,7.708171265306991,7.708497676983103,0.038435193658567755
2011-10-07,0.011666794891841194,0.2761482262913424,-0.0003601268070533217,7.708507718911344,7.708813478422684,0.04053574008708778
2011-10-08,0.010413115195529683,0.2758319303482573,-0.00033731350693441356,7.706960556572066,7.707243502783287,0.03637832464749782
2011-10-09,0.008317847873412797,0.275504134904178,-0.00031626019401177654,7.7045585471187925,7.704820440017091,0.029306566714851143
2011-10-10,0.006877569004366656,0.27516296769743054,-0.00029742319385836843,7.7027959380431525,7.7030389939412975,0.024385037288587857
2011-10-11,0.008770370126526062,0.2748127288368251,-0.0002794477870739448,7.704356475711491,7.704581556202852,0.030926984572023104
2011-10-12,0.013092469602180327,0.2744520380500043,-0.0002636581703659936,7.708333674017032,7.708542964891685,0.04553197593332942
2011-10-13,0.018489076632086838,0.2740749702966462,-0.0002464345182062125,7.71337043694574,7.713562504168234,0.06319668061123955
2011-10-14,0.022040147652606302,0.2736712839615119,-0.00023682614927367373,7.716527430000059,7.716709888853619,0.07453261962955521
2011-10-15,0.022079710680370793,0.2732383901931407,-0.00022759633256980196,7.716143329076155,7.716316558113012,0.07476585625825832
2011-10-16,0.019746935828634245,0.2727775384010843,-0.00021872998048468772,7.7133585687844475,7.713522931469219,0.0675052433839332
2011-10-17,0.016523592643162423,0.2722903458529756,-0.00020503780923516188,7.709661725222117,7.709812395735638,0.05721189472087536
2011-10-18,0.014658656311558882,0.2717805167309055,-0.00019420008984573996,7.707297797487833,7.707437630281965,0.051175459542978606
2011-10-19,0.019649696538029837,0.27124719904455974,-0.000186641723825618,7.711763078393978,7.71189535282209,0.06754866358637719
2011-10-20,0.027609689192921,0.27069059505836424,-0.0001793805516439938,7.719173728234855,7.719298741490785,0.09255669756473603
2011-10-21,0.03135944394411578,0.2701131592188987,-0.00017240475428077494,7.722353022943947,7.722471060402515,0.10402087491565151
2011-10-22,0.029805190581867393,0.26952227348699165,-0.00015967632909550097,7.720220612274978,7.720325921308359,0.099573858598591
2011-10-23,0.025350397991386137,0.26892826801774916,-0.0001481243054672164,7.715183366238882,7.715277123248636,0.08614419228949197
2011-10-24,0.019923901471145002,0.2683443112520351,-0.00013691055377442022,7.70918412670462,7.70926666996268,0.06911584625626983
2011-10-25,0.01471428767833085,0.2677790566288054,-0.00012678897659000246,7.70341937986576,7.703491801546637,0.052087201255732886
2011-10-26,0.010613773531298812,0.26724444259317404,-0.00011849587318220487,7.698792544786505,7.698856673363974,0.03819852325887003
2011-10-27,0.010535496306680723,0.2667426688584368,-0.00011205328527298494,7.698218936415058,7.698276622404618,0.037996126743001554
2011-10-28,0.01867618858861946,0.266274107904689,-0.00010217193137523581,7.705900949097147,7.705948753732809,0.06554191667267852
2011-10-29,0.025993994375252964,0.265844561884724,-9.820543285403438e-05,7.712793175362337,7.7128370134994775,0.0890697744272586
2011-10-30,0.027978071650382474,0.2654640149355935,-9.11133477692987e-05,7.714403797773421,7.714440543825477,0.09534444079201687
2011-10-31,0.02548357303209128,0.2651456827328479,-8.757835651365132e-05,7.711594501943639,7.7116277130044395,0.08768412858168136
2011-11-01,0.02073781962393687,0.2649000275533872,-8.225788770079159e-05,7.706608413824837,7.706636304416825,0.0726017921954958
2011-11-02,0.015864360948862028,0.2647338949621735,-7.631476117157458e-05,7.701574765685078,7.701596713150536,0.056537632058168856
2011-11-03,0.012572697080724476,0.2646480921101834,-6.888132518898927e-05,7.698204732400932,7.6982192464304084,0.045352648758482175
2011-11-04,0.010079857325491291,0.26463907033146206,-6.340252548077978e-05,7.6957083496666865,7.6957173848964535,0.036691528361228166
2011-11-05,0.007863876970225116,0.2646992530983537,-5.596626957304269e-05,7.693559988334219,7.693561587308079,0.028851580066043818
2011-11-06,0.005887803614589591,0.2648251718943968,-4.929018221367715e-05,7.691716509861987,7.691711432748487,0.02174924790183965
2011-11-07,0.004213306633467809,0.2650118790631444,-4.337607734257586e-05,7.690234634154484,7.690223642936113,0.01564974919625741
2011-11-08,0.0028951286991113537,0.26526445467414506,-3.8308195929551e-05,7.689174099712541,7.689158040612757,0.01079629026377763
2011-11-09,0.001926300683861806,0.2655841675364426,-3.6824367920390794e-05,7.688526468387598,7.6885089254598045,0.00720084225741562
2011-11-10,0.001965078167390435,0.26596682182590375,-3.408946823886557e-05,7.688950635060269,7.6889303572327945,0.007334244886255116
2011-11-11,0.005062292230829605,0.26640374761961655,-3.2769929755328877e-05,7.692486094455905,7.692464497089946,0.018647976128500204
2011-11-12,0.009848709888688715,0.26688258881510585,-2.980242079200911e-05,7.697754320818216,7.697729755943295,0.035589432546372354
2011-11-13,0.017071528880208398,0.26739389975178085,-2.4461288353300362e-05,7.70549379187885,7.70546388587149,0.060012666432987555
2011-11-14,0.027135417227111054,0.2679303201682268,-1.937484730963964e-05,7.716099187083242,7.716064194634838,0.09196397205126604
2011-11-15,0.036061680623126285,0.2684870148602011,-1.685802728355123e-05,7.725584661991258,7.725547152722828,0.11841022850515047
2011-11-16,0.03903020537705046,0.26905872231970457,-1.256794277960131e-05,7.72912918428919,7.729087384936255,0.12668486877745574
2011-11-17,0.036911283693316234,0.26964082624326025,-8.795540085450407e-06,7.727596138931705,7.727550567176077,0.12040786051334934
2011-11-18,0.03152339647887671,0.27022866581909516,-8.45527517371677e-06,7.722796431558012,7.722750519537472,0.10446787418389944
2011-11-19,0.024871430725525934,0.2708138894272057,-8.128298371426025e-06,7.716730016389574,7.716683777392232,0.08411452659428269
2011-11-20,0.018776558374514606,0.2713850795720142,-7.814085239885793e-06,7.7112066483965025,7.711160095186029,0.06471068507675976
2011-11-21,0.013689402632602182,0.2719342602681137,-7.5121322819683324e-06,7.706668975303648,7.706622120140216,0.04792811104505961
2011-11-22,0.009637010060838926,0.27245901768619774,-5.487971360662975e-06,7.70314336431089,7.703094484986537,0.034162161508635984
2011-11-23,0.006565476654873981,0.27296072475912614,-2.7298663077958495e-06,7.7005762960829065,7.7005246586535,0.023487875632631654
2011-11-24,0.004793443417965708,0.2734473825001318,0.0,7.699293650453312,7.699239283157598,0.0172276782249658
2011-11-25,0.005305451695450998,0.27393186930031166,-5.614164825758816e-17,7.7002901455309765,7.700235778235263,0.018999794427663582
2011-11-26,0.006124119499713626,0.27442903720846107,-1.871388275252939e-17,7.701605981243389,7.701551613947675,0.021828731394684688
2011-11-27,0.006052491373631888,0.2749491628911176,-3.742776550505878e-17,7.702054478799964,7.70200011150425,0.02153898840726913
2011-11-28,0.005263062967111654,0.2755028912938831,7.485553101011756e-17,7.701818778796209,7.701764411500495,0.01874537452720927
2011-11-29,0.004134521321279393,0.27609889072546906,1.871388275252939e-17,7.7012862365819625,7.701231869286249,0.01475384855461016
2011-11-30,0.0030120787844716336,0.2767444032997639,5.614164825758816e-17,7.700809306619449,7.700754939323736,0.010766788179602171
2011-12-01,0.002085114957163731,0.2774466362243992,-9.356941376264695e-17,7.700584575716777,7.700530208421063,0.007459313471010297
2011-12-02,0.0014076508154007078,0.2782105265277265,-3.647274329504784e-09,7.700670998231066,7.7006166345826275,0.005034189224663104
2011-12-03,0.0009099145875975861,0.27903846272606253,-1.8462574158966987e-06,7.700999355591458,7.700946834553161,0.0032502942018417147
2011-12-04,0.001028161061913947,0.2799267195931761,-4.4097432222351105e-05,7.701963607758081,7.70195333789459,0.003659523762380028
2011-12-05,0.003941745098127992,0.2808680469310529,-0.0003030137554798351,7.705559602808915,7.7058082492686815,0.013839921268311345
2011-12-06,0.010580815597519503,0.28185778649893045,-0.0010814568549202528,7.712409969776743,7.71343705933595,0.03618132326466879
2011-12-07,0.01574660075223849,0.2828811136828691,-0.002590482552784214,7.717090056417537,7.719626171674608,0.05272987064186321
2011-12-08,0.017655068457722894,0.2839215825115081,-0.0048334559021787635,7.717796019602266,7.722575108208732,0.05854255759184814
2011-12-09,0.01665193074165729,0.28496537018592744,-0.007738443707107614,7.714931681755691,7.722615758167085,0.055208804967243084
2011-12-10,0.013927563555839406,0.28599932877956413,-0.011222003859264307,7.709757713011353,7.720925349574904,0.046436528073196016
2011-12-11,0.010682902753827358,0.2870124800944951,-0.015191087133692315,7.703557120249844,7.718693840087823,0.035885349149907236
2011-12-12,0.00798117521998393,0.28799542380685483,-0.01962856034350416,7.697400863218548,7.716975056266339,0.026965561622864002
2011-12-13,0.006810980110706704,0.28893964566728264,-0.024569991130538895,7.692233459182664,7.71674908301749,0.02302946982035971
2011-12-14,0.0061358058829439205,0.28983791399535364,-0.0299961514261581,7.687030392987353,7.716972177117798,0.02073091450641943
2011-12-15,0.006875349150990781,0.2906847145231371,-0.035788103121162845,7.682824785088179,7.7185585209136285,0.02310575238524045
2011-12-16,0.016085336803210403,0.2914817060950014,-0.04181945343713228,7.686800413996293,7.728565500137712,0.05229863593848638
2011-12-17,0.03655554571867205,0.292235376379422,-0.04805782370755823,7.701785922925749,7.749789379337594,0.11118173666536263
2011-12-18,0.057563947389675844,0.29294335610477706,-0.0544613942425903,7.7170987337870764,7.7715057607339535,0.16423037926964865
2011-12-19,0.06659430563011685,0.29360791206769526,-0.06085717382068225,7.720397868412344,7.781200674937312,0.18488033209719282
2011-12-20,0.06310235442006489,0.29423001529560977,-0.06698995031948707,7.711395243931402,7.778330826955175,0.17659288597412745
2011-12-21,0.05259259561073053,0.2948100660563407,-0.07265468764820202,7.6958007985540835,7.768401118906572,0.15138800422068138
2011-12-22,0.040155851949885045,0.2953494507310014,-0.0777941294335741,7.678763997782526,7.7565037599203865,0.11968768192042262
2011-12-23,0.028832290462397027,0.29584969938673966,-0.08250576340984635,7.663229050974504,7.745680447088637,0.08880163163898908
2011-12-24,0.019745923912246843,0.2963137942849708,-0.08700456259968205,7.650107980132749,7.737058175436718,0.06247529430474786
2011-12-25,0.013043711351592283,0.29674429023611965,-0.09156204325613992,7.639278782866786,7.730786458827213,0.04210528259565
2011-12-26,0.008369482673410542,0.29714527645659866,-0.09643115098999165,7.630136432675231,7.72651321636951,0.02739469182190632
2011-12-27,0.005244441765657522,0.29752689352915296,-0.10180665336149307,7.622017506468532,7.723769792534311,0.017321460634808685
2011-12-28,0.003222154127135088,0.29789589155779367,-0.10784047699267435,7.614330393227468,7.722116502924429,0.010700634429948945
2011-12-29,0.0019379555188846652,0.2982649393893859,-0.11466382356344809,7.606591895880037,7.721201352147771,0.006455485778965667
2011-12-30,0.00241277157409152,0.298639201414056,-0.12236689406119824,7.599737903462163,7.722050430227648,0.008014468565487567
2011-12-31,0.011912252382109622,0.2990206587317213,-0.13097637045854207,7.601009365190503,7.731931368353331,0.03831132683715365
2012-01-01,0.03822563004576714,0.29941324813393866,-0.14038032515513238,7.618311377559787,7.758637335419206,0.11321453930853849
2012-01-02,0.0674612879869423,0.29982077745670793,-0.15004319949753211,7.638291690481332,7.78828052268315,0.18367705459686395
2012-01-03,0.08317763987444922,0.30024946160344185,-0.15948325361081706,7.6449966724022875,7.804425558717392,0.21693208318829638
2012-01-04,0.08226936202629521,0.30070117533050644,-0.1684251903720171,7.635598171519998,7.8039689945963024,0.21481903697893978
2012-01-05,0.07062263777680404,0.3011759179361758,-0.17646812105690654,7.616383259191287,7.79279701295248,0.1899486608853939
2012-01-06,0.05510709313653849,0.30167374978027794,-0.1832314364392337,7.5946022310127965,7.7777793001563165,0.15445642396608925
2012-01-07,0.04089820205367656,0.30219287658080307,-0.18903710062880938,7.575106802540884,7.76408953587398,0.11920508751336098
2012-01-08,0.04138414281828415,0.3027245627916164,-0.19411848981641674,7.571043040328698,7.765107162849401,0.12026473653124996
2012-01-09,0.07861285417494832,0.3032580563300381,-0.19866307298218439,7.6042606620580155,7.802869367744487,0.20586237917675007
2012-01-10,0.11232668552290637,0.3037748307003646,-0.20305473481548758,7.634099605942997,7.837099973462771,0.2699501951889892
2012-01-11,0.1205833456066951,0.3042714557983763,-0.20727000307301233,7.6386376228672725,7.8458532586445715,0.2838224852535602
2012-01-12,0.10865194454044773,0.3047541635555066,-0.21125917581249215,7.623199756818676,7.834404565335455,0.26282133333944085
2012-01-13,0.08747318517987632,0.30523177249508493,-0.21480829830302878,7.5989494839071465,7.813703414914462,0.22274530400066192
2012-01-14,0.06517049201721567,0.3057135942296318,-0.21800100196251662,7.573935908819545,7.791882543486348,0.17571660374190462
2012-01-15,0.04589514296705028,0.3062031258425794,-0.2214114767920049,7.5517396165528385,7.77309672604913,0.13034753940203148
2012-01-16,0.03092794914214982,0.306705999035728,-0.2254534099167864,7.533233362796305,7.758632405417378,0.0916020125021784
2012-01-17,0.0200454787906451,0.30722678185378405,-0.23046860192540813,7.517856483254235,7.74827071788393,0.06125016141353902
2012-01-18,0.01267371371814981,0.3077707820450167,-0.23667718699814666,7.504820133300234,7.741442953002667,0.03955041789051879
2012-01-19,0.007870282004507846,0.30834857312656605,-0.24413805968130545,7.493133619984983,7.737217312370574,0.024888718293681715
2012-01-20,0.004806944184756829,0.3089740848428515,-0.25279392017519653,7.482039933387625,7.734779486267109,0.015319422591140414
2012-01-21,0.0028899085408140026,0.3096583993373779,-0.26236179977232743,7.471239332641078,7.733546765117692,0.009246277992777597
2012-01-22,0.0018937359607771812,0.3104083016469781,-0.2725765491002323,7.460778313042737,7.7333004948472555,0.00606379636611809
2012-01-23,0.0020060534904154945,0.3112219949605847,-0.28318357061363286,7.451097302372581,7.734226505690501,0.006404450368783979
2012-01-24,0.0023010757802733035,0.3120907892672587,-0.29394036475331276,7.441504324829433,7.735390322287032,0.007319132700604103
2012-01-25,0.001992827585608332,0.31300159431157226,-0.3044905866097095,7.431556659822685,7.735992879136681,0.0063265488118987205
2012-01-26,0.0018477422747039363,0.3139413635058372,-0.3144950756445766,7.422346854671178,7.736787563020042,0.0058511906866984585
2012-01-27,0.002858940972847931,0.31489965582248225,-0.3238323414697299,7.414979079860814,7.7387570540348305,0.008997210466313169
2012-01-28,0.008646707557830152,0.3158679146497586,-0.33246815915605266,7.41309928758675,7.74551307944709,0.026645047606819208
2012-01-29,0.01387372599053006,0.3168389074742615,-0.34051933354855574,7.411246124451449,7.751711090704292,0.041951000919373975
2012-01-30,0.015492504625151842,0.3178048814866533,-0.3481630266438846,7.406187184003135,7.754295843351306,0.04648252662850124
2012-01-31,0.014215839031723652,0.3187530067753943,-0.3552426979396351,7.398778972402697,7.753967303046618,0.042694201606953336
2012-02-01,0.011560964244932746,0.31966726209011814,-0.36164287707570003,7.390638173794565,7.752226683574551,0.034903318394243245
2012-02-02,0.00866778189457024,0.32053500743264207,-0.3674064988291209,7.382849115033305,7.7502012465667125,0.02632961255366177
2012-02-03,0.00613023856482477,0.32134708751896685,-0.37249817447307815,7.376031976145927,7.7484757833232925,0.018719581713135848
2012-02-04,0.004149422267395027,0.3220922518507443,-0.3771619439767376,7.370132554676616,7.74724013135764,0.01271886027010893
2012-02-05,0.002714259103805752,0.32276412161720197,-0.38146125095055217,7.365069954305669,7.7464768379605085,0.008339291530801703
2012-02-06,0.0018173923247716834,0.3233573518557538,-0.38534702839965246,7.360880540316087,7.746173201420026,0.0055889713370935465
2012-02-07,0.0021149610927319435,0.3238694408471997,-0.38902272192880594,7.35801450454634,7.7469828591794325,0.006487921140231925
2012-02-08,0.005334574737705953,0.32430727146715776,-0.39239004144677253,7.358304629293305,7.7506403034443645,0.01618294157468908
2012-02-09,0.01112096258863837,0.3246733870995134,-0.3951720926324567,7.361675081590909,7.756792806927653,0.03311837319170581
2012-02-10,0.014975380947898662,0.3249696592149204,-0.3969723334100693,7.364025531287964,7.7609434974023195,0.04405235899522493
2012-02-11,0.015672273040104854,0.32519769586138386,-0.3975462139881686,7.364376579448534,7.761868426140989,0.04597727717290969
2012-02-12,0.014997493485126641,0.3253553741629997,-0.39686577975870596,7.364539912424634,7.7613513248876265,0.04406454274577111
2012-02-13,0.01340636237165547,0.3254478332372324,-0.39506070129632137,7.36484631884778,7.759852652848388,0.039563808107984454
2012-02-14,0.013414048123693257,0.3254761091440751,-0.39230203930043345,7.367640942502549,7.759888614507269,0.039582288939405144
2012-02-15,0.020317654855427972,0.3254402484244602,-0.38876759958270096,7.378043128232401,7.766756360519389,0.0587626621479741
2012-02-16,0.03109649511817906,0.3253441950145143,-0.38458014537485047,7.392913369293057,7.777439147372194,0.08724170943166636
2012-02-17,0.03692098298560876,0.3251886682824457,-0.37977331732329506,7.403389158479973,7.783108108507555,0.10196078137193233
2012-02-18,0.03579050360394545,0.32497623757030175,-0.3743399279164087,7.4074796377930525,7.781765198413748,0.09920677135439973
2012-02-19,0.030339084737507262,0.3247122773694564,-0.36830625019022695,7.40779793645195,7.776049819346464,0.08544984747408808
2012-02-20,0.023738541919934183,0.32439723718027325,-0.36186694567398936,7.407321657961432,7.769134236339708,0.06818759617666668
2012-02-21,0.018505008894536667,0.32403464061087356,-0.3553272228478232,7.408265251192801,7.76353810674491,0.05402296908184461
2012-02-22,0.014702988533774886,0.3236282518652945,-0.34932551561400305,7.41005854932028,7.75932969763857,0.04345737779470905
2012-02-23,0.012780474676707121,0.32318306119036144,-0.34382634742805945,7.413190012974223,7.756961993106569,0.038041255411015794
2012-02-24,0.01125859914480821,0.3227074380794939,-0.3387511835851864,7.4162676781743295,7.7549644944638025,0.033711808656898185
2012-02-25,0.009372382686589957,0.3222044384010136,-0.3339465325821344,7.418683113040683,7.752575278327104,0.028266097297898113
2012-02-26,0.007774807216686487,0.32168778878732013,-0.3292986488232921,7.421216771715929,7.750461053243507,0.023598451875829745
2012-02-27,0.007901323510109347,0.3211738888144666,-0.3250954916694027,7.425032545190387,7.750073669564077,0.024010691824202346
2012-02-28,0.008137283461748529,0.32067605054989623,-0.3214690518689619,7.428397106677897,7.749811791251145,0.024747425423630634
2012-02-29,0.0075365871553844475,0.3202049023504013,-0.31835461786383235,7.430439696177167,7.748739946745286,0.022995523596201273
2012-03-01,0.006554482371287772,0.3197676546731929,-0.3157731767962281,7.431601784783466,7.747320594283981,0.020085926228150242
2012-03-02,0.006916198921042537,0.3193661108636455,-0.31372816581327434,7.433606968506628,7.747280767024188,0.021196977934864133
2012-03-03,0.011433149421052943,0.3189988670038733,-0.312016578663196,7.439468262296944,7.751430473664427,0.03460061027001159
2012-03-04,0.021978183202581526,0.31866597433002813,-0.3106382549741283,7.451058727093695,7.76164261477211,0.06451947792610406
2012-03-05,0.029627324826812913,0.3183693701094652,-0.3094069980320382,7.459642521439454,7.768995152175779,0.08513679945218443
2012-03-06,0.030684448044282858,0.3181084000472985,-0.30795302196558744,7.461892650661208,7.769791305331082,0.08797327184938765
2012-03-07,0.027042757753280255,0.31788341299819717,-0.3060542798506361,7.459924715436055,7.7659246279909775,0.07840158284992767
2012-03-08,0.021534736801871318,0.3176917432299542,-0.3038564941524149,7.456422810414624,7.760224937271326,0.06348188620136899
2012-03-09,0.016314544797961728,0.31752690069546546,-0.3015506942101994,7.453343575818442,7.754839902732928,0.04886914137892125
2012-03-10,0.011911240881541541,0.3173786498818036,-0.2993268435320779,7.451015871766481,7.7502883480028455,0.03617250700873153
2012-03-11,0.009033044790044102,0.31723847269846134,-0.29713924242791345,7.450185099595806,7.747269974728006,0.02768566762914675
2012-03-12,0.010589012100725756,0.3171001948825353,-0.29487683483626614,7.453865196682209,7.748687664222762,0.03231419245757051
2012-03-13,0.01741026372491317,0.3169616530450272,-0.29265322376336067,7.4627715175417935,7.755370374009441,0.05206855854731378
2012-03-14,0.022483606847522843,0.31682600359663726,-0.2903143307463003,7.470048104233074,7.760308067683661,0.06626280587246423
2012-03-15,0.022956281557447576,0.31669926761758294,-0.2877973486754082,7.472911025034836,7.760654006414531,0.06758694687369232
2012-03-16,0.020912314684873697,0.3165851871804427,-0.28503252078113367,7.473517805619396,7.758495959104817,0.061962872522887825
2012-03-17,0.02040116939264984,0.3164843483804328,-0.282040796752464,7.475897545555832,7.757883975012583,0.06055816684405988
2012-03-18,0.01952843104732659,0.3163942637948531,-0.27886697476721556,7.478108544610178,7.75692115208168,0.05813370560301461
2012-03-19,0.02042964438273549,0.31631487261483326,-0.275578681302045,7.482218660230737,7.757742974237069,0.06066808322489476
2012-03-20,0.03645546705878968,0.31625063576677837,-0.27219461030284925,7.501564317057933,7.7737045600650685,0.10335933165528143
2012-03-21,0.06724040970972234,0.3161985038577722,-0.26878858585124393,7.535703152251465,7.804437370806995,0.17536146523085325
2012-03-22,0.09210855786100912,0.31615725671919176,-0.2656293740411304,7.563689265074284,7.829264271819701,0.2256092833922911
2012-03-23,0.09984696194657743,0.31613196257829757,-0.2625878592713754,7.574443889788713,7.836977381764376,0.240028895840387
2012-03-24,0.09234254152018188,0.31613142962476126,-0.25957934108438546,7.569947454595772,7.8294724283844435,0.22606713779423412
2012-03-25,0.07764543435419634,0.3161595656157392,-0.25637160550698007,7.558486218998169,7.814803457209436,0.197167213113404
2012-03-26,0.06086910134645207,0.3162135417174735,-0.25275101508137343,7.545384452517766,7.798081100303426,0.16142111673947596
2012-03-27,0.04500701285205274,0.3162875006848952,-0.24879890575856073,7.5335484323136015,7.7822929707764485,0.12457153697533267
2012-03-28,0.031701361643802044,0.31638170559159257,-0.24500805126213698,7.524127840508472,7.769081524474895,0.09107412749372173
2012-03-29,0.021446520913139408,0.3164965755153883,-0.24148021127358288,7.517515709690159,7.758941553668028,0.06346192935968194
2012-03-30,0.015074690969540169,0.31663773374577486,-0.23837045602476528,7.5143947932257635,7.752710881954815,0.045445059775731024
2012-03-31,0.014876729386345468,0.31681367725116355,-0.23589474168882577,7.516848489483897,7.75268886387701,0.04485125010746434
2012-04-01,0.017222600449378307,0.31703427008945684,-0.23429483465278003,7.5210148604212685,7.755255327778336,0.051525045458646224
2012-04-02,0.01832834498929805,0.31731644065409564,-0.23347568970122076,7.523221920477387,7.756643242882894,0.054606374873855563
2012-04-03,0.020614289817616753,0.3176712382322867,-0.23314322708825502,7.526195125496862,7.759283985289404,0.06093754567761397
2012-04-04,0.03062976448422178,0.3181053815295472,-0.232902039299449,7.536885931249534,7.769733603253269,0.08783102258070781
2012-04-05,0.0484448478956979,0.31862313668855274,-0.23244631371545463,7.55567449540401,7.7880664418237515,0.13197786222235536
2012-04-06,0.06458938449654787,0.3192277758484183,-0.2315733931040714,7.573296591776109,7.804815617584467,0.16828164858104935
2012-04-07,0.07198511592656787,0.31992087650473744,-0.23013861760831852,7.582820199358201,7.812904449670806,0.18367954896526792
2012-04-08,0.06868248084397181,0.32069971140322684,-0.22822530441087033,7.582209712371542,7.810380649486699,0.17638834597851574
2012-04-09,0.05850201819201648,0.321559243871556,-0.2257663847031972,7.5753477018955895,7.801059719303073,0.15392786382483492
2012-04-10,0.04581772950039178,0.32249826601551806,-0.22280300810123102,7.566565811949893,7.78931445275541,0.12439788132528344
2012-04-11,0.03528837831046642,0.3235190696771749,-0.21956449300533076,7.560295779517524,7.779805905227142,0.09834906858366518
2012-04-12,0.03498476444691043,0.32461771849518195,-0.21620122442690998,7.564454083050396,7.780600940181593,0.09728732727505694
2012-04-13,0.04503370762619163,0.32578409684525517,-0.21278652274328272,7.579084106263378,7.791816261710947,0.1214442971269446
2012-04-14,0.05177571080832428,0.32700805255923926,-0.20933750354757852,7.590499084355199,7.799782220607064,0.13668936162419995
2012-04-15,0.05008526219081257,0.32828945520788727,-0.20581598057204878,7.593611561361865,7.7993731746382,0.13236947366659513
2012-04-16,0.04258373775000677,0.3296313955641534,-0.20238268795620568,7.590885269893168,7.793213590553661,0.11440625041450123
2012-04-17,0.0330857044066418,0.33103834279583033,-0.19901245148514152,7.586164420252545,7.785122504441973,0.09086382693160719
2012-04-18,0.024075613577972832,0.33251453097544587,-0.19569604607976593,7.581946923008867,7.777588601792919,0.06751620577771242
2012-04-19,0.01665640580293449,0.3340700961863456,-0.1927244831836531,7.579054843340841,7.771724959228781,0.04749115253184828
2012-04-20,0.011036931957431438,0.33570903002088937,-0.1902359621824171,7.5775628243311175,7.767744419217821,0.03183002303606202
2012-04-21,0.007053698698606011,0.3374386468772327,-0.18829131817407074,7.577253851936982,7.765490802815339,0.020475632591532185
2012-04-22,0.004412053599250857,0.33926037347629473,-0.18687011217917884,7.5778551394315805,7.764670884315046,0.012837962116410945
2012-04-23,0.002706204301440167,0.341177038875203,-0.18572956793194384,7.579206499779914,7.764881700416144,0.007869543966264346
2012-04-24,0.0016462103778393676,0.34319409893521374,-0.18494907436505864,7.580944059483208,7.7658387665525535,0.004773833955545215
2012-04-25,0.000983278996300866,0.34531461639717953,-0.18432174961455708,7.583028970314137,7.767296352632981,0.002839402171889081
2012-04-26,0.000581540158662231,0.3475359182182863,-0.18374895562324478,7.585421327288918,7.769115915616449,0.0016705285663453503
2012-04-27,0.000340052637411161,0.3498481376125619,-0.18324610366049637,7.5879949111246905,7.771186647489474,0.000971056839947752
2012-04-28,0.00014230663258372445,0.3522357195598935,-0.1828408501547209,7.59059000057297,7.773376483431978,0.0004038465000822531
2012-04-29,8.985786163272835e-05,0.354677911344102,-0.18253113187218128,7.593289461868768,7.775766226445235,0.0002532864296942898
2012-04-30,0.0005006619811891768,0.35715865327955554,-0.18246161508678743,7.596250524709172,7.778657772500245,0.0013998292783851546
2012-05-01,0.000871195240990814,0.3596539836068046,-0.1825886841044944,7.598989319278515,7.781523636087296,0.002416461573571843
2012-05-02,0.0015355609626005436,0.362156479020994,-0.18269351119385493,7.602051353324954,7.784690497223095,0.004222146194538131
2012-05-03,0.003927843024487054,0.36464985234995595,-0.18279237609037666,7.60683814381928,7.789576152613943,0.010656757242178494
2012-05-04,0.005982707970123487,0.3671213197264883,-0.1828712600901716,7.6112855921416545,7.794102484936112,0.016034959491212742
2012-05-05,0.006546871676821202,0.36955260949629476,-0.18289460266405794,7.614257703044272,7.797097938412616,0.01740728717944634
2012-05-06,0.005946125511945547,0.37192303194850446,-0.1827776512841763,7.616144330711488,7.798867614699951,0.01573593767723131
2012-05-07,0.004806368011615634,0.374215594865722,-0.1823871154260606,7.6176876719864905,7.800020420116838,0.012680974936460641
2012-05-08,0.004218224537128497,0.3764127430202096,-0.1815021643027968,7.620181627789755,7.801629424796839,0.011082189565916138
2012-05-09,0.009899872236661996,0.37850288502132645,-0.18017045925186537,7.6292851225413365,7.809401214497489,0.0254886765134013
2012-05-10,0.02933669912465223,0.38047647264340706,-0.17833029049410362,7.65253570580917,7.83081162900756,0.07158554469609832
2012-05-11,0.04851829638410686,0.382330360948091,-0.17594352123021095,7.6759579606372,7.851847114571698,0.11261099589942027
2012-05-12,0.06744315882899163,0.3840574707379338,-0.17317660295930307,7.699376851142836,7.8724990868064255,0.1493755587753718
2012-05-13,0.07921260628284124,0.38565730650412444,-0.17010505166892884,7.715817685653251,7.885868370026466,0.17039736086155727
2012-05-14,0.07832975609216065,0.38712602468457535,-0.1667260384014004,7.719782566910549,7.886454238016237,0.1682861387207325
2012-05-15,0.06796459612065883,0.3884599463747516,-0.16302484735853548,7.714452519672089,7.877422999734911,0.1489065328281339
2012-05-16,0.0540915301108188,0.38965910609936105,-0.15909428103336273,7.705709179712031,7.864749093449681,0.12189623111931419
2012-05-17,0.04073614477398743,0.3907273691110977,-0.15495608496670338,7.697560253453595,7.852461971124585,0.09441388081041076
2012-05-18,0.029907730522143045,0.39166517078607266,-0.15066596166700863,7.691959764176421,7.842571358547716,0.07094319969175922
2012-05-19,0.023364176841288144,0.3924713320938024,-0.14626702702172853,7.690621306448576,7.836833966174591,0.056186103252993606
2012-05-20,0.018896843201847948,0.3931569473177858,-0.14183118787459656,7.691275427180251,7.8330522477591344,0.045860136799172446
2012-05-21,0.014899853125059589,0.39373768134472864,-0.13740037551841866,7.692289983486583,7.829635991709289,0.03646227247429024
2012-05-22,0.011226701805808906,0.39422522464077886,-0.13300349234893338,7.693501258632868,7.826450383686089,0.027689353715002894
2012-05-23,0.00807992417655509,0.3946327725824956,-0.12860593365598005,7.695159587638284,7.823711153998551,0.020063743312740488
2012-05-24,0.005584651182008999,0.3949791921314406,-0.12422392557221659,7.697392742276447,7.82156230055295,0.013941975231246451
2012-05-25,0.003708812885475697,0.3952792466460747,-0.11987383143215409,7.70016705263461,7.819986516771051,0.009295548568120541
2012-05-26,0.002278338365272316,0.39554222954142415,-0.11556395431294288,7.703309438128968,7.818819025146197,0.005727050205726593
2012-05-27,0.0014524073951380344,0.3957806338396636,-0.11131077526062258,7.706975090509393,7.818231498474302,0.0036563106397776383
2012-05-28,0.0008059290652537086,0.3960028758882999,-0.10712012377617236,7.710741505712595,7.817807262193054,0.0020310261647244507
2012-05-29,0.0004674235774806357,0.39621388799049406,-0.10300673434260592,7.714727401760583,7.8176797688074755,0.0011783352627151398
2012-05-30,0.00028484019905307135,0.3964243659770991,-0.099048830331584,7.718713200379782,7.817707663415653,0.0007180075345329716
2012-05-31,0.00017091922180818435,0.3966442230360174,-0.09516097867796024,7.722706988115079,7.817813599497326,0.0004307275696075423
2012-06-01,9.81785699433043e-05,0.3968757065524451,-0.09129866903871652,7.726728040618886,7.817972342361889,0.00024731745241386726
2012-06-02,5.448478867155944e-05,0.3971108325092767,-0.08758473176435676,7.730633410068806,7.818163774537449,0.0001371841555608081
2012-06-03,3.162369612973096e-05,0.39734471722415027,-0.08403735428985187,7.734391811165642,7.81837479815978,7.958122533539352e-05
2012-06-04,9.746813933609055e-18,0.3975666512420812,-0.08064548815985263,7.737973987617442,7.8185651084815815,2.4516175849151267e-17
2012-06-05,8.985786163273596e-05,0.39776286194172544,-0.07739942782692401,7.741506116511648,7.818851177042859,0.0002258571002785878
2012-06-06,0.0012195248742510158,0.3979225808265417,-0.07429058861800199,7.7459043416180045,7.820140562940293,0.0030553651364589513
2012-06-07,0.004876491090504277,0.39803649487876586,-0.07131132347800229,7.752654487026482,7.823911443208771,0.012103087416686548
2012-06-08,0.007965975720730831,0.3980940730929209,-0.0684547717704321,7.758658101578433,7.827058506053152,0.01961772832369077
2012-06-09,0.008895181479785293,0.39809224677823124,-0.06571473456527561,7.7623255182279545,7.827985885497517,0.021856157861824772
2012-06-10,0.008146505622994158,0.39802436703507604,-0.06308557179895279,7.764138125394331,7.827169329897571,0.020056843489740316
2012-06-11,0.006612681113424179,0.39788186619868876,-0.06056211748343066,7.764985254363896,7.825493004551613,0.01634801051674438
2012-06-12,0.0050398679094361964,0.3976589408409458,-0.05813960979922074,7.7656120234863755,7.823697265989883,0.012515229248071164
2012-06-13,0.003997000350404103,0.39734911660705746,-0.05581363345286595,7.76658530803981,7.822344574196962,0.009958985976255857
2012-06-14,0.0032352721590703584,0.39694816566604907,-0.05358007213246503,7.767656190227869,7.82118189506462,0.008084472902359781
2012-06-15,0.0025414598697088334,0.39645279224490765,-0.05143506927056001,7.768612007379271,7.819992709354117,0.006369665367958145
2012-06-16,0.0025355157451159988,0.395860686006677,-0.04937499563528581,7.770074030651721,7.8193946589912935,0.006364307023930073
2012-06-17,0.004871341894670144,0.3951722691045264,-0.04739642252894561,7.773700013005465,7.821042068238697,0.012177027105877033
2012-06-18,0.007129741092449467,0.3943924073897439,-0.04549609958712006,7.777078873430288,7.822520605721694,0.0177567815857751
2012-06-19,0.008282414677804042,0.3935260084547619,-0.043670936348581484,7.779190311319199,7.822806880372067,0.02061284483095936
2012-06-20,0.008745724101385093,0.3925794705563385,-0.04191798691284931,7.7804600322800885,7.822323651897224,0.02179211327323723
2012-06-21,0.008284362930674454,0.3915523088732557,-0.040234437123492506,7.780655059215651,7.820835129043431,0.02071936746896717
2012-06-22,0.007051544282234402,0.3904475570913264,-0.038617593815465236,7.779934332093309,7.818497558613061,0.017739774147583588
2012-06-23,0.00549454366103243,0.389264710724713,-0.037064875747512674,7.778747203173447,7.8157577116252455,0.013918720333946491
2012-06-24,0.004034883157824989,0.38801099025491026,-0.03557380590901812,7.777524892038931,7.813044330652236,0.010291864884845181
2012-06-25,0.0028179730624935608,0.3866897161985217,-0.03414200494695772,7.776418508849272,7.810506146500516,0.007234704577565329
2012-06-26,0.0018921382390929124,0.38530366606608835,-0.03275880580317601,7.775489823037219,7.808194261544681,0.004886773611837903
2012-06-27,0.0012310828481182552,0.3838575784232302,-0.03143100259048516,7.774710483216078,7.806087118510849,0.0031968815806051125
2012-06-28,0.0008705125058395127,0.38235900839703524,-0.030164251139926483,7.774118094298162,7.804227978142375,0.0022715173501994756
2012-06-29,0.0009822148530451431,0.3808126270525865,-0.028948100585243938,7.773899565855602,7.802793299145132,0.0025726247325465897
2012-06-30,0.0011649150721855881,0.37921915510467735,-0.027772090119062207,7.773664804593015,7.801382527416363,0.003062470706630671
2012-07-01,0.0011728322615181762,0.3775782012896095,-0.0266516554773746,7.7731522026089666,7.799749490790628,0.003096578378999606
2012-07-02,0.0010284393777151208,0.3758947138702808,-0.025573028148774612,7.772402949634436,7.797921610487497,0.002728512082245213
2012-07-03,0.004389901105573488,0.37417101410067105,-0.02453140917021466,7.7750823305712435,7.799559372445745,0.011596287226804218
2012-07-04,0.025740198492874525,0.37240902624200983,-0.023537781192251625,7.7956642680778465,7.819147681974385,0.06464962605418648
2012-07-05,0.06460770324198828,0.37061478098318756,-0.0225826260589001,7.833692682701489,7.856220941464676,0.14844753105301767
2012-07-06,0.09663009154834251,0.36878499736056675,-0.021670621542238443,7.864797291901885,7.886413546148409,0.20762131235340092
2012-07-07,0.11478728634947424,0.3669220114531636,-0.020789415355468698,7.881972706982383,7.9027077550421385,0.2382916146171295
2012-07-08,0.1146148743883283,0.3650278571619078,-0.019940917209879883,7.88075463887557,7.900641188789736,0.23895884759451202
2012-07-09,0.10009371157441206,0.3631030638903982,-0.019135413962231302,7.865114186037792,7.884195232704311,0.21609328232902678
2012-07-10,0.07937797336555168,0.36114518351655245,-0.018362444322077613,7.843213537095241,7.861521614121605,0.18019024000319547
2012-07-11,0.05867672441153175,0.35915129317066596,-0.017620715561046694,7.821260126556365,7.8388264748216985,0.14043271858854822
2012-07-12,0.04114460959132406,0.3571169341156488,-0.016907180919674664,7.802407187322512,7.819260000946473,0.10331052606373876
2012-07-13,0.027697615311960366,0.3550459939124792,-0.016220081738307936,7.787576352021346,7.80374206646394,0.07236597723495515
2012-07-14,0.018051693804501456,0.3529362276110904,-0.015561043225709222,7.776479702725096,7.791986378655093,0.04865844078055416
2012-07-15,0.011637060715422963,0.3507955117209121,-0.014925561132273559,7.768559835839276,7.783431029675835,0.03210820881025292
2012-07-16,0.00820925665221481,0.3486379073723541,-0.014316229340915945,7.763583759218867,7.77784562126407,0.023004965374054654
2012-07-17,0.006585570338641057,0.3464805099669826,-0.013731398173060554,7.760387506667777,7.774064537545124,0.018652514942643052
2012-07-18,0.005472589239978893,0.3443409202023839,-0.013170208364132149,7.757696125613444,7.770811966681864,0.0156443050146998
2012-07-19,0.004390408631558554,0.34223813274164055,-0.012629847493460706,7.755051518414953,7.7676269986127,0.012666033253250204
2012-07-20,0.003309555477241924,0.3401852259964712,-0.012110276227708093,7.752437329781219,7.7644932387132135,0.009634951259063586
2012-07-21,0.002676512640464757,0.33819187812341156,-0.011613358258814254,7.750307857040276,7.761866848003377,0.007852041177730704
2012-07-22,0.0024722754148494416,0.3362674098209797,-0.011135092093235184,7.748657417677808,7.75973814247533,0.007298452241071942
2012-07-23,0.007029023138185687,0.3344198477264601,-0.010678006723543326,7.751823688676316,7.762447328104146,0.020585873136397256
2012-07-24,0.030655484105961858,0.33265829245679,-0.010247589894658984,7.7741190112033065,7.784312233802252,0.0843774337323182
2012-07-25,0.06214871658096449,0.3309843074773024,-0.00983465042656801,7.804351198166913,7.814131481297768,0.15808571851687872
2012-07-26,0.08188481461624103,0.3294007485610434,-0.009438478890295043,7.822899908822203,7.832284020416785,0.1990947943410905
2012-07-27,0.08455450470404223,0.32790398165378365,-0.009058394132525044,7.824452916760515,7.8334569435973265,0.20500124861217542
2012-07-28,0.07490647627189347,0.3264845429689882,-0.008686600627742517,7.813757243148353,7.8223894764803825,0.18661722031937342
2012-07-29,0.0598288336810239,0.325128553008017,-0.008332621929610698,7.797677589294644,7.805955843928541,0.15541677014072253
2012-07-30,0.04440121541206719,0.3238221687667353,-0.00798939102040014,7.7812868176936165,7.789221841418303,0.12058228053899687
2012-07-31,0.036060765988484435,0.3225487917959882,-0.00765735020585028,7.772005032113836,7.779608015023973,0.1005571803810016
2012-08-01,0.04896875476651519,0.3212982102431621,-0.007349513475218666,7.783970276069672,7.791265422249178,0.13225256205407185
2012-08-02,0.06783810021898634,0.3200627615813513,-0.0070541699001457495,7.801899516435406,7.808899319039838,0.1748851495305631
2012-08-03,0.08310985381210446,0.31883591446627585,-0.006768488366393013,7.816230104447201,7.8229442255178805,0.20676882398359794
2012-08-04,0.08740142895117772,0.31761863652401745,-0.0064889911324095655,7.819583898877999,7.826018522714696,0.2157953059649843
2012-08-05,0.08024735987495708,0.31642110142578955,-0.006219335229851983,7.811501950606108,7.817666918540247,0.20230335331377663
2012-08-06,0.06633811377428349,0.3152552077625674,-0.005960260523707885,7.7966858855483565,7.8025917787763515,0.17384505972774775
2012-08-07,0.050685913885634544,0.3141271062932543,-0.005709859992439437,7.780155984721663,7.785811477418389,0.13893669107747394
2012-08-08,0.036753884234234244,0.3130441783773952,-0.005467391002779712,7.7653834961440635,7.77079651985113,0.10507172040870051
2012-08-09,0.02867909899046158,0.312008865226582,-0.005235312987139238,7.756505475765119,7.761686421456544,0.08417995938415618
2012-08-10,0.03158493032503011,0.31102515933469144,-0.005014353357629334,7.758648560837306,7.763608546899222,0.09218914234662526
2012-08-11,0.03536171592705603,0.3100977126217512,-0.004803712174524954,7.761708540909496,7.7664578857883075,0.10236141498757809
2012-08-12,0.035961344097641956,0.30923669100231493,-0.004602433320353135,7.761648426314817,7.766196492339457,0.10417598143983887
2012-08-13,0.03893461632000968,0.30845728702150504,-0.0044084980959014,7.764036229780827,7.768390360581015,0.1120769250679218
2012-08-14,0.04127109626419094,0.30777737633110325,-0.0042229605222701425,7.765878336608238,7.770046929834795,0.11823886796388562
2012-08-15,0.039199720364784994,0.30721200777891583,-0.0040428750284026505,7.763421677650512,7.767410185383201,0.11315933376402287
2012-08-16,0.03374242074346081,0.30676716278550253,-0.0038812741661479653,7.757681133898029,7.761508040768463,0.09909389449119783
2012-08-17,0.028026496316496147,0.30643844120260805,-0.0037169208977689094,7.751800841156549,7.755463394758605,0.08379502056144617
2012-08-18,0.022981182362344806,0.3062175756262348,-0.0035593482773029557,7.74669223424649,7.75019721522808,0.06980944430884535
2012-08-19,0.0184024430220584,0.3061018726031637,-0.0034081719745278054,7.742148968185909,7.7455027728647226,0.056709393792197915
2012-08-20,0.01616448350520823,0.30608476380260186,-0.0032631703251599026,7.740038901517864,7.7432477045473105,0.05016143137727188
2012-08-21,0.01695345972228647,0.30617515127865136,-0.0031330043185534995,7.741048431217598,7.744127068240438,0.05246660043433067
2012-08-22,0.018708886525227585,0.306375418287142,-0.0030049919657116103,7.743132137381872,7.74608276205187,0.05755087602899156
2012-08-23,0.02022894307557835,0.3066873946313961,-0.0028754787891474877,7.745093683453041,7.747914794946475,0.0618780426131844
2012-08-24,0.01970848205885017,0.30711111304455063,-0.0027527817650040073,7.745119637873611,7.747818052342901,0.060303856788680936
2012-08-25,0.017123050976603726,0.30764010369511435,-0.002637227467856143,7.743178751739076,7.7457616119112185,0.05272473410326459
2012-08-26,0.013520198235663923,0.30826414517653383,-0.0025207151965790206,7.740316452750832,7.742782800651698,0.04201633333771272
2012-08-27,0.010034467703227551,0.3089706323166565,-0.002414940452930631,7.737642984102167,7.740003557259384,0.03145550871319013
2012-08-28,0.007152850154714797,0.3097563594242533,-0.002316090982231863,7.73564594313195,7.737907666818469,0.022570660424219815
2012-08-29,0.005216747426774582,0.31061187585989686,-0.002219647200365105,7.73466180062152,7.736827080526172,0.016517652429619854
2012-08-30,0.0039432343285887165,0.3115333354608176,-0.002126423574587111,7.7344029707500335,7.736475027028907,0.012499293786606686
2012-08-31,0.002954860972063406,0.3125192622967531,-0.002041961779601861,7.7344849860244285,7.736472580508317,0.009366413135398618
2012-09-01,0.002144779901192341,0.3135740183281931,-0.0019608948187597925,7.734810727945839,7.736717255468886,0.006793323404310097
2012-09-02,0.001490415825979789,0.3146924118613011,-0.0018830846237570431,7.735352567598738,7.737181284926781,0.004713778534025503
2012-09-03,0.0012778578323832035,0.31587283336133387,-0.001803732389954938,7.736399783338976,7.738149148433218,0.004029181924761066
2012-09-04,0.002166459832294306,0.31711199351145586,-0.0017247912384736118,7.7386064866404904,7.74027691058325,0.006785487118235923
2012-09-05,0.0030282945909390095,0.31840034441169507,-0.0016564384675661374,7.740825025070282,7.742427096242134,0.009421358968931804
2012-09-06,0.0032293432027590964,0.3197284854969398,-0.0015878462540447646,7.742422806980868,7.743956285939199,0.009999272089985127
2012-09-07,0.0029119246832916435,0.32108705351643924,-0.001524979279129325,7.743526823455816,7.744997435439231,0.008987450205773712
2012-09-08,0.0023375836198490083,0.3224700553366653,-0.0014646308927012417,7.744395832599027,7.745806096196015,0.0071968246416826654
2012-09-09,0.0017485458836476494,0.3238656952491657,-0.0014066989622579132,7.745260366705769,7.746612698372314,0.005369992042007901
2012-09-10,0.0012347906981137538,0.32526908171178637,-0.0013477397204669822,7.746208957224647,7.747502329649401,0.003781856211994847
2012-09-11,0.001014646981886426,0.32667239795677605,-0.0012891381856391113,7.747450731288237,7.748685502178163,0.003096390283223894
2012-09-12,0.0017267784409221072,0.32806542152984364,-0.0012308961271590832,7.749614128378821,7.750790657210266,0.005235959010174214
2012-09-13,0.0030908596337646662,0.32943372060919784,-0.0011740019589066054,7.75240340281927,7.753523037482463,0.009295131299786314
2012-09-14,0.003948140209530628,0.3307624064622962,-0.0011276574148672371,7.754635713792173,7.755709003911328,0.011795685104006167
2012-09-15,0.003970707231289365,0.3320400242980437,-0.0010796310894312924,7.755983924975116,7.7570091887688335,0.011817203614946835
2012-09-16,0.003796530673429152,0.3332571027957006,-0.0010370498789975496,7.757069408125346,7.75805209070863,0.01126387701076918
2012-09-17,0.004696952790066964,0.33440575732855204,-0.0009929293598273628,7.759162605294006,7.760101167358119,0.013851121356193105
2012-09-18,0.005544456435591826,0.335479370418605,-0.0009440333096398842,7.76113261807977,7.762022284093697,0.01625826701534944
2012-09-19,0.005854224109227633,0.3364723933463362,-0.0008953723677482494,7.76248406962303,7.763325074695064,0.017101282257105083
2012-09-20,0.005560607356565016,0.33738000738465324,-0.0008601070155022257,7.76313333226093,7.763939071980719,0.016214490548927925
2012-09-21,0.005104910224406925,0.3381977061758104,-0.0008205039642034106,7.763534936971228,7.764301073639718,0.014870000927856878
2012-09-22,0.004438486535210069,0.33892222203001326,-0.0007811336199438255,7.763632399480493,7.7643591658047235,0.012926599999623874
2012-09-23,0.0035922514102629402,0.3395524377736888,-0.0007443063334908627,7.763453207385675,7.764143146423452,0.010468620157886865
2012-09-24,0.002723803040069831,0.340088614589065,-0.0007150327898383743,7.76315020937451,7.763810874868636,0.007945462007786796
2012-09-25,0.001957137742099563,0.34053105705045184,-0.0006869237324784347,7.762854095595287,7.763486652032052,0.00571446774474963
2012-09-26,0.0013465014652493412,0.3408788488898615,-0.0006599322675944224,7.762618242622731,7.763223807594612,0.003934546239348258
2012-09-27,0.0008943836910771777,0.3411308995222178,-0.0006305903370302837,7.762447517411479,7.7630237404527955,0.0026149636736633266
2012-09-28,0.0012900276774135595,0.3412901470403372,-0.0006002041474910888,7.763032795105474,7.763578631957251,0.003765622685190127
2012-09-29,0.004539250144264317,0.34135864509720365,-0.0005707874309426791,7.766379932345739,7.766896352480968,0.013123092700796896
2012-09-30,0.008190161841039508,0.3413388427981787,-0.0005419096504680344,7.770039919523964,7.770527461878719,0.02343199486261046
2012-10-01,0.009847092698788683,0.3412332633585625,-0.0005206524599354991,7.771612528132629,7.772078813296852,0.02804797400051656
2012-10-02,0.009463742931156462,0.3410419541751781,-0.0004980388522670187,7.771060482789282,7.771504154345835,0.027000254230633524
2012-10-03,0.007927209900856233,0.34076703921539647,-0.0004753277071000382,7.7692717459443665,7.7696927063557535,0.022733985206086223
2012-10-04,0.006168797544967959,0.3404144709679445,-0.00045670458713201526,7.7671793884609945,7.767581725752413,0.01779889021024144
2012-10-05,0.0048697101219637925,0.339985040016495,-0.0004388191726900506,7.765468755500983,7.765853207377959,0.014121046962550492
2012-10-06,0.004226885611568357,0.3394787570549871,-0.0004196991187374597,7.764338768083032,7.764704099906056,0.012297981431945975
2012-10-07,0.004976447336427247,0.3388961205629003,-0.00039924696650443906,7.764526145468037,7.764871025138828,0.014471777632126086
2012-10-08,0.005678089601780937,0.338238741996064,-0.0003772844996646155,7.764592371633395,7.764915288837345,0.016510066039514295
2012-10-09,0.005536900456158852,0.3375088875209545,-0.00036252954360119617,7.763736082968726,7.764044245216613,0.016140412301253067
2012-10-10,0.004752854553303387,0.3367099426908035,-0.0003455622153208128,7.762170059564,7.762461254483608,0.01391909921567719
2012-10-11,0.0037205601087653157,0.335846821366475,-0.0003256601225479274,7.7602945458879065,7.760565838714741,0.010956765318863826
2012-10-12,0.0027227710876499707,0.33492327618196543,-0.0003129366595798847,7.75838593514525,7.758644504509116,0.008063980341744673
2012-10-13,0.0018940964399265412,0.3339425137224229,-0.0003007156328149949,7.756588719064748,7.75683506740185,0.005639934368712515
2012-10-14,0.0018060273514995515,0.3329099350243618,-0.0002889769665346746,7.75547980994454,7.755714419615362,0.005395701294554683
2012-10-15,0.0038010311093803614,0.3318288607784926,-0.0002777013974262954,7.756405015025661,7.756628349127373,0.011325067287660444
2012-10-16,0.005726383334114728,0.33069729570086687,-0.00025959313921511325,7.75721691043098,7.757422136274482,0.01702134448603808
2012-10-17,0.006288473580691614,0.329517573465474,-0.00024946993957051193,7.756609401641809,7.756804504285666,0.01872650488580122
2012-10-18,0.0057322279777348205,0.3282982012295156,-0.00023395596636838407,7.754849297776095,7.755028886446751,0.0171607957734241
2012-10-19,0.004736536343265379,0.3270440467943274,-0.00021785733601247236,7.752615550336794,7.752779040377093,0.014276110730992022
2012-10-20,0.00397820475313586,0.3257593376279513,-0.00020307096926983463,7.750587295947031,7.750735999620588,0.012064761338392382
2012-10-21,0.0033249105604412268,0.32444631321291306,-0.00018974193958193526,7.748634306368986,7.748769681012854,0.010143997762110809
2012-10-22,0.0026563894561586806,0.32310249811459624,-0.00017643968020841053,7.7466352724257606,7.746757344810256,0.008154465027701546
2012-10-23,0.0024464763598483624,0.32172231640910015,-0.00016956726479711395,7.745052050039365,7.745167250008449,0.00754692127811356
2012-10-24,0.003942595576890426,0.32030529221087345,-0.00016296530519382103,7.745137747017784,7.745246345027264,0.012159202034558968
2012-10-25,0.005350209408831639,0.3188506133818694,-0.00015219255562962661,7.745101454770285,7.745199280030201,0.016502763203305165
2012-10-26,0.006184389563605178,0.31736382863362533,-0.00014627064596031117,7.744454772086484,7.744546675436731,0.019114274830700072
2012-10-27,0.008053044248114198,0.3158490599660882,-0.0001405815176722808,7.744814347231744,7.7449005614537025,0.02486258700804417
2012-10-28,0.009276648006481276,0.3143093922239761,-0.00013511591627956077,7.744503748849391,7.744584497469958,0.02866825775263502
2012-10-29,0.008988870336605281,0.3127473258364953,-0.0001298649598119849,7.742659155748503,7.742734653412601,0.027938635576362343
2012-10-30,0.007660318006723905,0.3111594923773713,-0.00012482012362062677,7.739747814795688,7.739818267623596,0.024027107968903214
2012-10-31,0.005942342601453373,0.30954246806806424,-0.00011544148560403522,7.736422193719127,7.736483267909018,0.018835590178945903
2012-11-01,0.004330858083200327,0.3078968497782065,-0.00011095958376056099,7.73316957281286,7.733226165100907,0.013870832005475725
2012-11-02,0.0030026677416279835,0.3062269846098048,-0.0001044611443128426,7.730178015742334,7.730228109590933,0.009710154633603885
2012-11-03,0.0020028442339477055,0.3045345967916305,-9.61480453629763e-05,7.7274941175154295,7.727535898265079,0.006533767057122995
2012-11-04,0.0012954821486494976,0.3028265114516443,-9.241847979899891e-05,7.725082399655709,7.725120450839794,0.004259745023084862
2012-11-05,0.0011736537663591404,0.3011056347676917,-8.883500448397405e-05,7.723243278064781,7.723277745773551,0.003882680060717861
2012-11-06,0.002595773365205427,0.29937609887216493,-8.365576480019878e-05,7.722941041007784,7.722970329476871,0.008596076667581056
2012-11-07,0.004291121677666321,0.29763874838897264,-7.623337593644345e-05,7.722906461225916,7.722928327306139,0.014212312537077656
2012-11-08,0.005039771299990215,0.29589383205068753,-7.06870015197177e-05,7.721915740884372,7.721932060590178,0.01674712044077501
2012-11-09,0.004784806296133675,0.2941414242128249,-6.377569877069783e-05,7.719915279345401,7.719924687748459,0.016006645813540537
2012-11-10,0.004000502022737504,0.29238723811501105,-5.7608567672965826e-05,7.71738295610529,7.717386197377249,0.013497528679419193
2012-11-11,0.0030607159002930414,0.29063220168284054,-5.1386302417261886e-05,7.71469435581593,7.7146913748226345,0.010421483519181787
2012-11-12,0.0022698415329640686,0.28888131034479275,-4.660581645364599e-05,7.712157370596517,7.712149609117257,0.007796093260579261
2012-11-13,0.0028947347515289523,0.28713549084372536,-4.218095527062454e-05,7.711040869175197,7.711028682834755,0.009980803709640386
2012-11-14,0.00686650786231582,0.28539206841973985,-3.839436552808167e-05,7.713273006451741,7.713257033521556,0.023494632560205956
2012-11-15,0.010343084952945314,0.2836499886447695,-3.2953877879356294e-05,7.715012944255049,7.7149915308372154,0.03518138990954006
2012-11-16,0.011465579169040932,0.281908999642333,-2.8128042155151483e-05,7.714399275304433,7.714373036050874,0.03908170645014461
2012-11-17,0.011240062402026135,0.28016982053034106,-2.357254333194053e-05,7.712439134924249,7.7124083401718675,0.03857131504573859
2012-11-18,0.010013902305871604,0.27843294227342774,-1.914636246506103e-05,7.709480522752048,7.7094453018188,0.03471662975019509
2012-11-19,0.008167648743964456,0.27669558277119716,-1.5274526599091867e-05,7.705900781523776,7.705861688754662,0.02867217611947135
2012-11-20,0.006201685871021053,0.27495665668718244,-1.1580624602620185e-05,7.702199586468815,7.702156799797704,0.022057627081569605
2012-11-21,0.00445161096172428,0.2732171540880163,-8.123490472034636e-06,7.698713466094483,7.698667222289241,0.01603209118939552
2012-11-22,0.0030448665043629696,0.2714722633819449,-7.809646898751507e-06,7.695562144774623,7.695515587125809,0.011091717684881852
2012-11-23,0.0020163533342578374,0.2697188328595889,-4.48896870191248e-06,7.692783521760359,7.692733643433347,0.007420287974114028
2012-11-24,0.001299417329883829,0.26796041215736727,-6.549858963385286e-17,7.690312654022465,7.690258286726752,0.004825886328303397
2012-11-25,0.000817657842646996,0.2662015708094973,-5.614164825758816e-17,7.6880720531873585,7.688017685891645,0.0030621683942926403
2012-11-26,0.0005043473873666841,0.2644481497333412,-9.356941376264695e-17,7.686005321655921,7.685950954360209,0.001903538909229121
2012-11-27,0.0003058754826084705,0.2627062092352111,-1.0292635513891164e-16,7.684064909253033,7.68401054195732,0.0011629712107587688
2012-11-28,0.00018283684445894634,0.26098267345043547,-4.6784706881323474e-17,7.682218334830108,7.682163967534395,0.0007000803599698006
2012-11-29,0.00010489542944104923,0.25927776600074237,-6.549858963385286e-17,7.680435485965397,7.6803811186696835,0.000404404168199513
2012-11-30,0.00048025862613753256,0.25759322731027345,-9.356941376264695e-17,7.6791263104716245,7.679071943175911,0.0018609374938108431
2012-12-01,0.0025214715021697576,0.25592979711226127,-1.2164023789144104e-16,7.679504093149645,7.679449725853932,0.00975608096523372
2012-12-02,0.004366517436997411,0.2542878653383535,-4.223877137291285e-09,7.6797072030866875,7.679652840014851,0.01688166807824734
2012-12-03,0.004982068964020839,0.25266850220203757,-2.1374533383847997e-06,7.6787012582479335,7.678649028405559,0.019336533745969636
2012-12-04,0.004619355686759809,0.25107233872578666,-5.072909868691576e-05,7.6766937898490735,7.676690151652047,0.018066115512171063
2012-12-05,0.003777682620892474,0.24950262826524855,-0.00034532000142739464,7.6739878154199275,7.6742787681256415,0.014915026784654745
2012-12-06,0.002841944599981067,0.24795534939978034,-0.0012574741918195628,7.670592644343156,7.671795751239262,0.011331639806224427
2012-12-07,0.0020144934391689013,0.24642414319279002,-0.00319751301338491,7.666293948153788,7.669437093871459,0.008108615738997172
2012-12-08,0.001455602194356123,0.24490512648783067,-0.006454382562500684,7.6609591706549,7.667359185921687,0.005908418123871911
2012-12-09,0.001395091909799813,0.24339350101542967,-0.011173334401219516,7.6546680830592235,7.66578705016473,0.005699170427544975
2012-12-10,0.0014409861966292105,0.24188069194652662,-0.017389707253705793,7.646984795424664,7.664320135382656,0.00592214474117436
2012-12-11,0.001351284029371873,0.24036476467581652,-0.024945447273977305,7.637823425966425,7.662714505944689,0.005590377786706174
2012-12-12,0.0011407667556471248,0.23884483068307277,-0.03353981752171885,7.627498604452215,7.66098405467822,0.004753480074729979
2012-12-13,0.0008860096972406942,0.2373210111644358,-0.04295038829758942,7.616309457099301,7.659205478101177,0.0037194944718073096
2012-12-14,0.0006458122149309671,0.2357936068467666,-0.05310845689090831,7.604383786706003,7.657437876301198,0.0027314067066052383
2012-12-15,0.0004483026783934218,0.2342621712380648,-0.06396591046474102,7.591797387986931,7.655708931155958,0.0019100241711112929
2012-12-16,0.00029950194665279476,0.23272665878059884,-0.07536742613253634,7.578711559129929,7.654024617966752,0.0012852717725687053
2012-12-17,0.00017888598572213162,0.23118526467976416,-0.08711642040455062,7.565300554796149,7.652362607904987,0.0007731793590648826
2012-12-18,0.00011395819112767652,0.22963627929066802,-0.09913293240138615,7.551670129615624,7.650748694721296,0.0004960090243071284
2012-12-19,7.097404731355459e-05,0.22808550544094736,-0.1114705167599922,7.537738787263483,7.649154936727761,0.0003110761854002325
2012-12-20,4.337912365902761e-05,0.22653121225950235,-0.12420775007970557,7.52341966583867,7.647573048622662,0.0001914562590368704
2012-12-21,2.6094634612446246e-05,0.2249748924527121,-0.13737437522666165,7.508679436395877,7.645999444326825,0.00011597564504158697
2012-12-22,1.548465898694297e-05,0.2234172091498879,-0.15094358202987537,7.493541936314213,7.644431151048376,6.930346102432352e-05
2012-12-23,9.080798111924036e-06,0.22185781050478948,-0.16489023415119627,7.478029481686919,7.642865348542402,4.092903658854882e-05
2012-12-24,0.000993707093981653,0.22029382735035732,-0.17921379587937805,7.463126563100174,7.642285991683839,0.004490569685621413
2012-12-25,0.005686997516346445,0.21872195802291247,-0.19389839321949245,7.45156338685498,7.645407412778759,0.025342114813022874
2012-12-26,0.01058447161327754,0.21714172808402918,-0.20882502797765196,7.439953996254869,7.648724656936807,0.046478936667570095
2012-12-27,0.01279280006446024,0.21555195087295181,-0.22364963494523835,7.425747940527388,7.649343208176912,0.05602406016316386
2012-12-28,0.012656072077669084,0.21394812500000046,-0.23784417797389779,7.409812843638986,7.64760265431717,0.05585100470725687
2012-12-29,0.011029839281658195,0.21233149288217829,-0.25091793598062445,7.393496220718426,7.644359789403337,0.04938114925625426
2012-12-30,0.0088496228227522,0.21070344879246533,-0.262536941019641,7.37806895513079,7.640551528854718,0.04030744255886247
2012-12-31,0.006993196524705173,0.2090635095755626,-0.2725283839644145,7.364581146671068,7.6370551633397685,0.03236741247670306
2013-01-01,0.005437166672828359,0.20741156036470987,-0.28084289839326937,7.353058653179483,7.633847184277038,0.025544746019878495
2013-01-02,0.004078846288833089,0.2057462823971087,-0.2873112677058875,7.343566685515269,7.630823585925442,0.019439265041215105
2013-01-03,0.0032076554839325926,0.20406733503044483,-0.29223273517754084,7.336095079872051,7.628273447753878,0.015475361865763041
2013-01-04,0.003539302236995031,0.2023764921579765,-0.29610067427212944,7.330867944658056,7.626914251634472,0.017188104717242907
2013-01-05,0.003979979083567282,0.2006810346801252,-0.2996319217453354,7.326081916553571,7.625659471003193,0.019446688992573256
2013-01-06,0.003879897485428837,0.19898909824107425,-0.30301200964793373,7.3209098106137835,7.623867452966003,0.019125137734991814
2013-01-07,0.0034281147056281157,0.19730535222823567,-0.3063464243857729,7.315439867083304,7.621731924173364,0.01707794299571175
2013-01-08,0.0031203947603109052,0.1956350780986356,-0.3100096980564174,7.309798599337743,7.619753930098447,0.01569966711067825
2013-01-09,0.0027925531991812446,0.19398632647233705,-0.31392668083910863,7.303905023367624,7.617777336911018,0.014191325836608254
2013-01-10,0.002302109794649242,0.19236295469816433,-0.31791736895662104,7.297800520071406,7.615663521732314,0.01182600381145549
2013-01-11,0.0017957776587569404,0.19076877709663845,-0.3219116395541368,7.291705739736472,7.613563011994896,0.009325587780357721
2013-01-12,0.0013235597319789195,0.18919979778301974,-0.32603065481118015,7.285545527239032,7.611521814754499,0.006946968336282465
2013-01-13,0.0009257481523661876,0.1876589035660241,-0.3305030391917592,7.279134437061845,7.6095831089578905,0.0049089262775667926
2013-01-14,0.0006249016278863451,0.18614914001769584,-0.33548159564357427,7.272345270537222,7.607772498885082,0.0033457627322331174
2013-01-15,0.0009477040233397732,0.18467648960475214,-0.34110618711852125,7.265570831044784,7.6066226508675925,0.005105498398762337
2013-01-16,0.0032611417766945294,0.18324423305792623,-0.3475604750688462,7.259997724300988,7.607503832074121,0.01748551096495889
2013-01-17,0.00592673078382991,0.18184776912736542,-0.3548429231499446,7.2539844012964645,7.608772957150696,0.031563022596959936
2013-01-18,0.009170528947242143,0.18048254586941634,-0.36262132842679845,7.248084570925074,7.610651532056159,0.04835423288606041
2013-01-19,0.011330251222969837,0.1791454778062366,-0.3704890823778507,7.2410394711865695,7.6114741862687065,0.059483963026242155
2013-01-20,0.011408991777499242,0.1778306940591684,-0.37780357018162425,7.232488940190257,7.6102381430761685,0.060288579147961166
2013-01-21,0.009965458795880159,0.17653504709269344,-0.384148270461594,7.223405059962193,7.607498963128074,0.05343395047858
2013-01-22,0.007883563207537556,0.17525994994595423,-0.3891823886691213,7.215013949019585,7.604141970392992,0.043045822763760004
2013-01-23,0.0058100338594454645,0.17400291661672093,-0.3930386140087123,7.207827161002668,7.600811407715667,0.03231154287864024
2013-01-24,0.004059096961331641,0.17276544800094115,-0.39624694595417703,7.2016304235433095,7.597823002201773,0.022955506330852925
2013-01-25,0.0027255410338678926,0.1715456742765361,-0.3991878072491218,7.196136232596496,7.595269672549905,0.015639651270080844
2013-01-26,0.001772309064758684,0.17034255964880013,-0.4020539377712277,7.191113755477545,7.593113325953059,0.010297245543081111
2013-01-27,0.0011229098744423732,0.16915496314786324,-0.4052205069448745,7.186110190612645,7.591276330261806,0.006594573061734669
2013-01-28,0.0006963702826835883,0.16798272390383445,-0.4087577049725552,7.1809742137491765,7.589677551426019,0.0041283733828542625
2013-01-29,0.00042415674318940425,0.16683047191037367,-0.41257318772476836,7.175734265464008,7.588253085893063,0.002535994050532175
2013-01-30,0.00025443172000523046,0.16570221838027194,-0.41664995857080345,7.170359516064687,7.586955107339778,0.0015331215703106406
2013-01-31,0.0001506262846638271,0.1646004918646556,-0.4206702975225219,7.165133645162012,7.58574957538882,0.0009142656290035584
2013-02-01,6.996944765850241e-05,0.16353017328189431,-0.42450515029501557,7.160147816969751,7.584598599969054,0.00042768573725616375
2013-02-02,4.070449424165408e-05,0.16249354784585596,-0.4283902041271152,7.1551968727481965,7.583532709579598,0.0002504364074378689
2013-02-03,5.270616021619695e-06,0.16148824512636628,-0.4326637958479729,7.149882544429629,7.582491972981888,3.2636703692966254e-05
2013-02-04,8.98578616327381e-05,0.16051461541766063,-0.43716076592230885,7.144496531892198,7.581602930518794,0.0005594978757314814
2013-02-05,0.002387677075476516,0.15957424976178464,-0.44182647766590377,7.141188273706572,7.582960384076761,0.01474221208713852
2013-02-06,0.01138509684596365,0.15866780659183136,-0.4466060440731264,7.144499683899882,7.591051360677295,0.06695032319826456
2013-02-07,0.019291513853611695,0.15779461311713183,-0.45154522100883293,7.146593730497124,7.598084584210244,0.10893859492900228
2013-02-08,0.02184856078623946,0.15695086303430233,-0.455968237354511,7.143884011001244,7.599797881060042,0.12219592389832598
2013-02-09,0.020156830408569665,0.15612865075112262,-0.4594433666392212,7.137894939055685,7.597283938399193,0.11434197686597987
2013-02-10,0.01643465592774459,0.15532486776102236,-0.4615968213761321,7.131215526847849,7.592757980928267,0.09568410283626917
2013-02-11,0.012339066007754215,0.15453340525861697,-0.4623977061243101,7.125527589677275,7.587870928505872,0.07394308907943184
2013-02-12,0.008734021311054076,0.15374935011334653,-0.46233971280826847,7.121196483151346,7.583481828663901,0.05375332401394561
2013-02-13,0.005915012183160371,0.1529686323202362,-0.4618343989845771,7.118102070054033,7.579882101742897,0.03722857819411313
2013-02-14,0.00387056389129231,0.15218781444194368,-0.46126825027690105,7.1158429525915485,7.577056835572736,0.024802025579346867
2013-02-15,0.0024640960609947026,0.15140416393159814,-0.461177707050479,7.113743377477328,7.574866717232093,0.01601432329912175
2013-02-16,0.0015338341172434452,0.15061853463056324,-0.4614691064049537,7.111736086878067,7.573150825987307,0.010080908564662459
2013-02-17,0.0009370562314521168,0.14983552554072863,-0.46241795984625533,7.109407446461139,7.571771039011681,0.006215030746558552
2013-02-18,0.0005634719858481582,0.14905931893706706,-0.4640225477781721,7.106653067679957,7.570621248162416,0.0037659502430913458
2013-02-19,0.00033425863683778453,0.14829263156862868,-0.46601970921919655,7.103660005521483,7.569625347444967,0.0022489782055972168
2013-02-20,0.00019596737637207165,0.1475361036683476,-0.46823839859612076,7.100546496983813,7.56873052828422,0.0013265053077929896
2013-02-21,0.00011068293645402089,0.14679430207685917,-0.47057072810396383,7.097387081444563,7.567903442252813,0.0007534321346820892
2013-02-22,1.7056924383815846e-17,0.1460684952903569,-0.4728672969577679,7.094254022867803,7.567066952529857,1.1677346542051975e-16
2013-02-23,9.746813933609055e-18,0.14536004352190782,-0.47501269123184936,7.091400176825273,7.5663585007614085,6.705291012203139e-17
2013-02-24,9.746813933609055e-18,0.14466899238840766,-0.4769815923144125,7.088740224609209,7.565667449627908,6.737320674385279e-17
2013-02-25,7.310110450206791e-18,0.14399738559332317,-0.47883247595417205,7.086217734174365,7.564995842832824,5.07655775838318e-17
2013-02-26,2.436703483402264e-18,0.14334526589900037,-0.48064742900631385,7.0837506614279,7.564343723138501,1.699884169958665e-17
2013-02-27,9.746813933609055e-18,0.14271018620349485,-0.48225786399272225,7.081505146745987,7.563708643442995,6.829795540810783e-17
2013-02-28,2.436703483402264e-18,0.14209009491742794,-0.4836035622125041,7.0795393572401375,7.563088552156929,1.714900313648388e-17
2013-03-01,9.746813933609055e-18,0.14148159722819764,-0.4846715507124913,7.07786287105092,7.562480054467698,6.889103688791613e-17
2013-03-02,2.3148683092321505e-17,0.14087897262196145,-0.48548819503050394,7.0764436021266715,7.561877429861462,1.6431609814787138e-16
2013-03-03,1.218351741701132e-17,0.140278157020735,-0.48606972415478306,7.0752612574011655,7.561276614260236,8.685256262106745e-17
2013-03-04,1.1574341546160753e-17,0.13967733099661145,-0.48640498230457324,7.074325173227252,7.560675788236112,8.286485332714114e-17
2013-03-05,8.528462191907923e-18,0.13907342631721836,-0.4864815688211165,7.073644682031316,7.560071883556719,6.132344918615149e-17
2013-03-06,6.700934579356226e-18,0.13846168767743033,-0.4863012384601576,7.073213273752486,7.5594601449169305,4.83955864741962e-17
2013-03-07,2.5280798640298487e-17,0.13783853302737256,-0.48614425858572,7.072747098976866,7.558836990266873,1.8340879059760535e-16
2013-03-08,1.218351741701132e-18,0.13720472632801628,-0.486089510700281,7.072168040162949,7.5582031835675165,8.879808839736396e-18
2013-03-09,2.071197960891924e-17,0.1365576487686868,-0.4860755658911135,7.071534907412787,7.557556106008187,1.5167205788672435e-16
2013-03-10,1.0965165675310187e-17,0.13589676885952964,-0.48599123171436365,7.07095836168038,7.55689522609903,8.068746422252603e-17
2013-03-11,4.873406966804528e-18,0.13522212278892934,-0.4857332610609802,7.070541686263163,7.5562205800284294,3.6040012287127875e-17
2013-03-12,2.1930331350620375e-17,0.1345346416396645,-0.48531236430594915,7.070275101868929,7.555533098879165,1.6300880638132022e-16
2013-03-13,1.3401869158712452e-17,0.133829971398491,-0.484731405477572,7.070151390456133,7.554828428637991,1.001410148912545e-16
2013-03-14,3.6550552251033956e-18,0.13310761641053073,-0.48402255950196504,7.070137881443779,7.554106073650031,2.7459399572076088e-17
2013-03-15,4.873406966804528e-18,0.13236613733537078,-0.4831587222171637,7.070260239653421,7.553364594574871,3.6817626206444113e-17
2013-03-16,-6.09175870850566e-18,0.1316038848980413,-0.4821157402777488,7.070540969155506,7.552602342137542,-4.628859332857221e-17
2013-03-17,-2.436703483402264e-18,0.13082080098707016,-0.48093413933235835,7.070939486189926,7.551819258226571,-1.8626269408357304e-17
2013-03-18,0.0022464465408182466,0.13001945496168182,-0.4795553294637274,7.073763396573987,7.553264358742,0.01698432109333776
2013-03-19,0.013055696699525906,0.12920135972056027,-0.4780526300785592,7.085257250876741,7.563255513659587,0.09177538906029613
2013-03-20,0.02505342649680412,0.12836518345562223,-0.4764594985965578,7.0980119358910825,7.574417067191927,0.16330109172917776
2013-03-21,0.03163950220961673,0.12751114630808477,-0.47477650282189787,7.105426970231018,7.580149105757202,0.19880221981060686
2013-03-22,0.031688846913596525,0.1266391706261615,-0.4727742191151265,7.106606622959846,7.579326474779259,0.20014680538546553
2013-03-23,0.027420881306986604,0.12575177244284091,-0.47006389513378594,7.104161583151256,7.574171110989328,0.1790194309212161
2013-03-24,0.021514555557032102,0.12484749144806348,-0.46646843745141353,7.100946434088896,7.567360504244596,0.14699545406250758
2013-03-25,0.015749410288357277,0.12392423314933654,-0.46204903844815404,7.098677429524754,7.560672100677194,0.1127586415069271
2013-03-26,0.01095128055060824,0.12298144723653,-0.4571158634114587,7.097869688910894,7.554931185026638,0.08176702387495095
2013-03-27,0.0073197389058225065,0.12202442129389773,-0.4519047833396344,7.0984922013953,7.55034261743922,0.056591181963840526
2013-03-28,0.004741717292158615,0.12105510537174836,-0.44662022344376495,7.100229423755356,7.5467952799034075,0.03769345832229104
2013-03-29,0.002994758286770992,0.1200770169601412,-0.4414995912583438,7.102625008523782,7.544070232486413,0.024333428852901257
2013-03-30,0.0018521969487400862,0.11909186069818725,-0.43663935513329544,7.105357527048846,7.541942514886427,0.015314493202693886
2013-03-31,0.0011255627492057652,0.11811386197256045,-0.4320609137382008,7.108231335518779,7.540237881961267,0.009439518446454754
2013-04-01,0.0006738216533253558,0.11715331296014694,-0.42783818961142905,7.111041769537257,7.538825591852973,0.005718730711188078
2013-04-02,0.0003982118105571483,0.11621489496219693,-0.4239570505868504,7.113708880721117,7.537611564012255,0.0034148117786892544
2013-04-03,0.00023270416617288315,0.115305851837925,-0.4203955471995777,7.116195833339734,7.536537013243598,0.0020140823481005743
2013-04-04,0.00041829753699638815,0.11443157976397865,-0.4170439193315683,7.118858782504621,7.535848334540476,0.0036421243698867836
2013-04-05,0.002018459772821576,0.1135987487348927,-0.41381328576027776,7.1228567472826505,7.536615665747215,0.01745812581772288
2013-04-06,0.004383359580290627,0.11281575612297348,-0.4107950484338222,7.1274568918046555,7.538197572942765,0.03740096121022649
2013-04-07,0.00899227498310848,0.11208554913451542,-0.40774745239335114,7.134383196259487,7.542076281357124,0.07426855453210592
2013-04-08,0.012407436959316169,0.11140871423409769,-0.40447312656452955,7.140395849164098,7.544814608432914,0.10020854985174307
2013-04-09,0.013795004779450209,0.11078756227233716,-0.4007527114353052,7.144882680151696,7.5455810242912875,0.11072981642540568
2013-04-10,0.016018224884207077,0.11022202630119503,-0.39647494342160644,7.150818132299009,7.547238708424903,0.1268868267750988
2013-04-11,0.017007717162037583,0.1097087610900858,-0.3916527967179642,7.156116506069373,7.547714935491624,0.13421866987336814
2013-04-12,0.015744208801378303,0.10923527021230979,-0.3863317922011835,7.159700511347719,7.5459779362531885,0.1259743513545448
2013-04-13,0.013059371057393932,0.10878907947760239,-0.38065123485529057,7.16225004021492,7.542846907774496,0.10717716146618643
2013-04-14,0.009987150147563918,0.1083689233616368,-0.37468500073676175,7.164723897307653,7.539354530748701,0.08438223617470328
2013-04-15,0.007188256326441337,0.10797109056041355,-0.36858705562437605,7.1676251157976925,7.536157804126355,0.06242008591368502
2013-04-16,0.005478333766213278,0.10759146997318916,-0.3625095024192781,7.171613125855338,7.534068260978903,0.04845090010803826
2013-04-17,0.007714156483746039,0.10722629163675286,-0.3566121460209524,7.179381126634761,7.535938905359999,0.0671143762695168
2013-04-18,0.015343466889009134,0.10687871068800654,-0.3511745163221602,7.192100485790069,7.5432206348165165,0.12553750222082877
2013-04-19,0.021240499871399504,0.10655398628020846,-0.34618114722075366,7.202666163466068,7.548792943391108,0.16620826540357153
2013-04-20,0.02257011657365446,0.10625578541887373,-0.34145140166644283,7.208427324861299,7.549824359232028,0.17519859146775862
2013-04-21,0.023724525644404124,0.10599521983526217,-0.33668787764595387,7.214084692368926,7.550718202719167,0.1828906274575058
2013-04-22,0.03218750857853989,0.10577839925568683,-0.33175992706167384,7.227258805307767,7.558964365073727,0.23330045142177352
2013-04-23,0.039664475606557136,0.10561063339706721,-0.32663063208486154,7.239697301453977,7.566273566243125,0.27303008669962575
2013-04-24,0.04045537092835679,0.1054958295309968,-0.32124121260796973,7.245762812386598,7.566949657698854,0.2771842287081656
2013-04-25,0.03569150498269307,0.1054370961131267,-0.3155344804647452,7.2466469451662885,7.56212705833532,0.2529005793691684
2013-04-26,0.028422191243183886,0.10543472142692344,-0.30953060429187274,7.245379132913448,7.554855369909608,0.21233263696459867
2013-04-27,0.02107098181785855,0.10549321921559826,-0.3033693244372715,7.244247701131399,7.547562658272957,0.16648453232275776
2013-04-28,0.014798737430105636,0.10561915108349297,-0.29726450935618853,7.244206203692624,7.541416345753099,0.12289484239241114
2013-04-29,0.009971007203593141,0.1058213950797937,-0.2914447245272024,7.245400502291398,7.536790859522887,0.08611106607141976
2013-04-30,0.006501664895235114,0.10610004258258207,-0.28610504249041985,7.247549489522611,7.533600164717318,0.057740375708920384
2013-05-01,0.004218548453649618,0.10645533388613368,-0.2813946429263734,7.2503320639486235,7.531672339579284,0.038116928442955694
2013-05-02,0.0030658896689355016,0.10688855037579674,-0.27723982540143766,7.2537674391785085,7.530952897284233,0.02788327299641761
2013-05-03,0.0024179674819085266,0.10739936004935763,-0.2736359057187765,7.2572342463477035,7.530815784770766,0.022018087093041903
2013-05-04,0.001877560275277932,0.10799154156985225,-0.2705016342390386,7.260420292141306,7.530867559084631,0.017089065476520532
2013-05-05,0.0021663461212344404,0.10866718020423582,-0.26770747921971244,7.264178871640972,7.53183198356497,0.019545946006200472
2013-05-06,0.005247995471005106,0.10942790151039812,-0.2649419789754205,7.270786742541197,7.5356743542209035,0.045763718524531476
2013-05-07,0.009068255283751653,0.1102783272913131,-0.2620005107021412,7.278398896408137,7.540345039814565,0.07598252994004284
2013-05-08,0.012135059285070355,0.11121887696780922,-0.2586355441015517,7.285771216686542,7.54435239349238,0.09837593881230583
2013-05-09,0.013141726514932036,0.11224477157232923,-0.2547350903112672,7.291704232311208,7.5463849553267615,0.10480974200097848
2013-05-10,0.012056575625070641,0.11334964457724266,-0.2503967143705262,7.296062330367001,7.546404677441814,0.0961401723584381
2013-05-11,0.009957485010494881,0.11452264385799424,-0.24556546145691666,7.299967491946786,7.54547858610799,0.07999256669323321
2013-05-12,0.007953749467879355,0.11575496032451146,-0.24024419581558165,7.3045173385120234,7.544707167031891,0.06429417525433266
2013-05-13,0.006179118352659639,0.11703889384098007,-0.23450262780434458,7.309768208924509,7.54421646943314,0.05014784967435625
2013-05-14,0.004611488797618065,0.11836489591465928,-0.22841490567925027,7.315614303568241,7.543974841951778,0.03749897842912987
2013-05-15,0.003301388762983188,0.11971850041765263,-0.22208892775117406,7.321983785964676,7.5440183464201365,0.02683621961433899
2013-05-16,0.0022758700259425564,0.121085374316269,-0.21557379745141314,7.328840271426012,7.544359701581712,0.018448825140164403
2013-05-17,0.002327194139122401,0.12246232156935458,-0.20906352786217824,7.336778812381513,7.545787972947977,0.01864895561065403
2013-05-18,0.00575784161690631,0.1238463920859695,-0.20262128492209958,7.34803577331599,7.550602690942377,0.044426338958235355
2013-05-19,0.012571353002135438,0.12523666005338732,-0.19620543180793185,7.362655405782805,7.558806470295023,0.09122367214648432
2013-05-20,0.026487387539737416,0.12663184215617035,-0.18979802036532406,7.3843740338657975,7.574117686935408,0.1729853761172971
2013-05-21,0.036804966954786585,0.1280304069823127,-0.18353747565144102,7.402350722820872,7.5858338311766,0.2232831829461027
2013-05-22,0.03858528059278764,0.12942844310832602,-0.1774644591688788,7.411602089067449,7.589012180940614,0.22965552898183803
2013-05-23,0.034418550146719164,0.13082407036512134,-0.17157965008378634,7.414715794963268,7.586241077751341,0.20829099683911692
2013-05-24,0.02826923274865977,0.13221986163585656,-0.16581266481367707,7.415729254106053,7.581487551624017,0.17614425987680773
2013-05-25,0.02316619974612037,0.13361088542781374,-0.16006674981317415,7.417763159895974,7.577775542413435,0.14776521530821268
2013-05-26,0.024382668601539793,0.13499531326572117,-0.15432479721350767,7.426106009188967,7.580376439106762,0.15298643084743704
2013-05-27,0.03054261280835683,0.13637545006089533,-0.14865429707321326,7.439316590331253,7.587916520108752,0.182979674478256
2013-05-28,0.03382593410663354,0.13775237737081142,-0.1430440671292316,7.449587068883427,7.592576768716945,0.19714574537633311
2013-05-29,0.03192888865975266,0.13912322246566322,-0.13747902365959347,7.4546259120010365,7.592050568364916,0.1866617631883088
2013-05-30,0.02674074109167572,0.1404893232412531,-0.1320058157927416,7.456277073075401,7.58822852157243,0.15990390961304124
2013-05-31,0.020556894372366966,0.14185518627293067,-0.126620827926139,7.456844077254373,7.583410537884798,0.12657244640109322
2013-06-01,0.01484072404479303,0.1432218418920952,-0.121452504460389,7.457662886011713,7.579061023176389,0.09389145340534764
2013-06-02,0.010216315192705574,0.14459385825848592,-0.11651625506214747,7.459346742924258,7.575808630690692,0.06599253114283585
2013-06-03,0.006749591019673049,0.14597576927416325,-0.11179697608937242,7.461981208739678,7.573723817533336,0.044194304120069895
2013-06-04,0.009730896285805982,0.14737070302032074,-0.10728134036415062,7.47087308347719,7.578100056545627,0.06194014783289665
2013-06-05,0.033220106648549165,0.14877855561975423,-0.10295750878146502,7.500093978022052,7.602997119507804,0.18252940013139168
2013-06-06,0.0570873157814405,0.1502130622421218,-0.09881489192068812,7.529538310638088,7.628298835263063,0.27538452329764596
2013-06-07,0.06709397505023051,0.15168758929442253,-0.09484395302146838,7.544990435858399,7.639780021584153,0.3066710636758013
2013-06-08,0.06424645480354806,0.15320899944050165,-0.09103604516196159,7.547472233617302,7.63845391148355,0.29544650892703944
2013-06-09,0.05435293108570293,0.15478377733236642,-0.08738327670247234,7.5428062562508105,7.6301351656575696,0.2598918740609138
2013-06-10,0.046148925587668914,0.15641208418932817,-0.08387840007468392,7.539735434237527,7.623559467016498,0.22782728837338964
2013-06-11,0.05174443882794762,0.15809021507756202,-0.08051471984114993,7.550372758599574,7.6308331111450105,0.24659625026116316
2013-06-12,0.0667254318731595,0.15980965049431894,-0.07728601665093604,7.5703018902517565,7.647533539606979,0.2945478959630611
2013-06-13,0.0752949599041636,0.16156599473250868,-0.0741864842993151,7.583727294872571,7.6578594118761725,0.3178867535160477
2013-06-14,0.07212753282955564,0.1633518040000657,-0.07121067758244573,7.58532148378239,7.656477794069122,0.30630090011567673
2013-06-15,0.06106861810571388,0.16516419818691358,-0.06835346903863111,7.57893217178921,7.647231273532128,0.26993704585599504
2013-06-16,0.050472585740976156,0.16700600039606994,-0.06561001299994815,7.572921397672312,7.638477043376547,0.23208071487631615
2013-06-17,0.05190163107665476,0.16888082123350637,-0.06297571565337294,7.578859561192002,7.641780909549661,0.2350804175494072
2013-06-18,0.054272113648677414,0.17078504380781187,-0.06044621003855965,7.5856637719531435,7.64605561469599,0.24114813437635255
2013-06-19,0.05124893058042882,0.17271013518455608,-0.058017335098218,7.586994555201981,7.644957523004486,0.22883168585016211
2013-06-20,0.045658901907648854,0.17464749045887004,-0.055685118053246635,7.585674098848486,7.641304849606019,0.20725182513854226
2013-06-21,0.038526507827419974,0.17659868658494954,-0.05344575950389112,7.582732259443692,7.63612365165187,0.1790887763409488
2013-06-22,0.03110251709177515,0.1785696423941805,-0.05129562076494111,7.579429363256228,7.630670616725456,0.14833880267188487
2013-06-23,0.024391822241471902,0.18057068841217525,-0.04923121303110196,7.576784122157759,7.625960967893148,0.119006261992419
2013-06-24,0.020416709572456237,0.18261122743396796,-0.047249188041358484,7.57683157350028,7.6240263942459245,0.10056108471323438
2013-06-25,0.017405254668957336,0.18469834222191917,-0.04534632997113514,7.577810091454955,7.623102054130377,0.08612045968857794
2013-06-26,0.014182983670279157,0.18683710786958935,-0.043519548330431944,7.57855336774465,7.622018548779369,0.07055505527648331
2013-06-27,0.010812318930124944,0.1890321337625843,-0.041756167225973924,7.579141110001949,7.620842909932209,0.0541036730539151
2013-06-28,0.008086237374811315,0.1912855478506121,-0.040065310807575145,7.580359298953062,7.620370242464924,0.0405585843837856
2013-06-29,0.006961415674012987,0.19359532265582066,-0.03843954500543701,7.583170017859611,7.621555195569334,0.034710455165880845
2013-06-30,0.006291629375249363,0.19595702209812785,-0.03688479680992344,7.586416679198668,7.623247108712878,0.031108387271880304
2013-07-01,0.005391169491993404,0.19837485396057075,-0.03538658257987991,7.589432265407898,7.624764480692065,0.02645764686696379
2013-07-02,0.004300321865792523,0.2008519338248001,-0.03394843200262587,7.592256648223181,7.626150712930093,0.020961611420340413
2013-07-03,0.003112740431494704,0.20338229752785855,-0.03257891079817361,7.594968951696393,7.627493495198854,0.015074165763282988
2013-07-04,0.0022270751261408727,0.20595805924325994,-0.031257832609772114,7.597980126294843,7.629183591608902,0.010697570375938473
2013-07-05,0.0015251599586841517,0.20856925522985578,-0.029985514542568953,7.601161725181185,7.631092872428041,0.007259402670534884
2013-07-06,0.0009903658214422317,0.211206129508092,-0.028764725279957246,7.6044845945847905,7.633194952569035,0.004667211020164239
2013-07-07,0.0006348365271097067,0.21386054301152896,-0.027597034088346233,7.6079511699855065,7.6354938367781395,0.002959674602199759
2013-07-08,0.0003963593620545963,0.21652593987946667,-0.026479673425364905,7.61149545035137,7.637920756481022,0.0018271950990768812
2013-07-09,0.00024454583807035545,0.2191945669858455,-0.025403309770254786,7.615088627588875,7.640437570063416,0.001114413173309655
2013-07-10,0.00938549711914825,0.2218562709701434,-0.02436596143830104,7.6279286311862045,7.652240225328792,0.04058737829544763
2013-07-11,0.058565523312043136,0.22450243543041887,-0.023372056241745962,7.68074872703593,7.704066415981963,0.20689562878194429
2013-07-12,0.12913925710527824,0.22712686983176678,-0.02241986274760336,7.754899088724655,7.777264584176545,0.3624797513463809
2013-07-13,0.17846917393690007,0.22971684058437178,-0.021504867440326633,7.807733971616159,7.829184471760772,0.43722510715172846
2013-07-14,0.2045282813889048,0.23226314065890918,-0.020629570070918483,7.83721467651211,7.857789879287314,0.4682515980511079
2013-07-15,0.20633079707310462,0.23475767351864107,-0.01978395452078549,7.842357340606174,7.862086927831246,0.4677764458370447
2013-07-16,0.1865667028991347,0.23719145534049482,-0.018976270371654436,7.825834712403189,7.84475661547913,0.4402669288401847
2013-07-17,0.1537920531639487,0.23955076507721546,-0.018199254883814756,7.7961963878925635,7.814341275480665,0.3909873169964847
2013-07-18,0.1176995140206062,0.24182730823815118,-0.017457605096208705,7.763122041697763,7.780525279498258,0.3273733883918567
2013-07-19,0.08499495370890359,0.24401471801999378,-0.016754423167721643,7.7333080730963895,7.750008128968398,0.2583357299567141
2013-07-20,0.05864162021468316,0.24610707731610668,-0.016079755112601346,7.709721766953402,7.72574715477029,0.19242615535299668
2013-07-21,0.03901560441887875,0.24810478645346012,-0.01542709533376557,7.692746120073787,7.708118848111839,0.135885871081257
2013-07-22,0.025204893999906375,0.25001080598174125,-0.014806244261510839,7.68146228025535,7.696214157221148,0.09158232615939835
2013-07-23,0.015892889428482215,0.2518346085844092,-0.014208381394447998,7.6745719411536575,7.688725955252392,0.059362185604546876
2013-07-24,0.01017967512840998,0.253590835805407,-0.013632888952907079,7.671190446516124,7.684768968173318,0.03859292341805478
2013-07-25,0.007967387013794368,0.25529779743012787,-0.013084786579795352,7.671233222399341,7.6842636416834225,0.030263732101999574
2013-07-26,0.007054863594269674,0.2569768550550989,-0.012549688898291892,7.67253485428629,7.685030175888869,0.026719757877417986
2013-07-27,0.005783219263144434,0.2586479570580281,-0.012031883773763742,7.673452117082623,7.685429633560673,0.021870413858161176
2013-07-28,0.004516976003742388,0.26032731305847784,-0.011539686303265387,7.674357427294169,7.685842746301721,0.017055213913565674
2013-07-29,0.003474419518231766,0.2620311777059233,-0.011076384926790537,7.6754820368325785,7.686504054463655,0.013086049991249193
2013-07-30,0.0023927482948471377,0.2637710560825825,-0.01062354462044445,7.676593084292199,7.68716226161693,0.008989758395000007
2013-07-31,0.0016379478314432192,0.2655563345454585,-0.01018836228595422,7.678058744626162,7.688192739616402,0.00613017545462573
2013-08-01,0.0010925954661787157,0.26739528920012806,-0.00976905503870542,7.679771654162815,7.689486341905807,0.004069440479732112
2013-08-02,0.000985117527786676,0.2692890121298228,-0.009377440706542228,7.681949513486281,7.69127258689711,0.0036448828048568664
2013-08-03,0.002227392292976436,0.27123392099922544,-0.008991584870218467,7.685522552957197,7.694459770531703,0.008145182461682976
2013-08-04,0.007634350874572503,0.2732215986847946,-0.008624129859778857,7.693284644234802,7.7018544067988675,0.02718244312271106
2013-08-05,0.023890032780464397,0.27524026293215376,-0.008265977682459555,7.7119171425653725,7.720128752952118,0.07986497229761086
2013-08-06,0.03772892398577734,0.27727037702226753,-0.007918058077474534,7.728134067465784,7.735997758247545,0.11977462764215395
2013-08-07,0.04184225340247999,0.2792925553637035,-0.007590214757386322,7.734597418544011,7.742133266005684,0.13029497974149887
2013-08-08,0.03826387426244654,0.28128994462063156,-0.007274846366440104,7.733331797051852,7.740552276122578,0.119741564648448
2013-08-09,0.0310581312953542,0.28324914271083707,-0.006972632382080688,7.728387466159324,7.735305731245692,0.09881454825872854
2013-08-10,0.02414425892350475,0.2851593502566273,-0.006694007892836981,7.723662425822509,7.7303020664196325,0.0780600620455212
2013-08-11,0.023142765421726406,0.28700990297881623,-0.006416315417370258,7.724789177518386,7.731151125640043,0.07461733455679634
2013-08-12,0.02933932046649433,0.2887917455670068,-0.006160145696604361,7.733023744872111,7.739129523273002,0.09222400324589715
2013-08-13,0.03378468857473233,0.2904981165853827,-0.005914318845318754,7.73942131085001,7.745281262399615,0.10418279365152
2013-08-14,0.03279501381603486,0.29212186674134333,-0.005671904307155891,7.740297800785436,7.745915337796879,0.10093354878877546
2013-08-15,0.027986362020701826,0.29366393473450203,-0.005436548908763746,7.737266572381654,7.742648753994704,0.08700866221180953
2013-08-16,0.021796443539190316,0.2951290039769679,-0.005210393071622352,7.732767878979749,7.737923904755658,0.06877467148824974
2013-08-17,0.01965888888784387,0.29652195496969247,-0.004992864767092147,7.7322408036256585,7.737179301097036,0.06217609089784611
2013-08-18,0.03347868933090103,0.2978487698638556,-0.004784209371372978,7.747596074358597,7.752325916434257,0.10104411331395872
2013-08-19,0.052746406135987724,0.2991111963927534,-0.0045843567372972245,7.7683260703266575,7.772856059768242,0.14990838838469941
2013-08-20,0.06503169959921831,0.30030907079095126,-0.0043936974912390375,7.781999897434145,7.78633922762967,0.17800285341755595
2013-08-21,0.06555604020478208,0.3014441513175101,-0.0042142678478259785,7.78383874820968,7.787998648761793,0.17862671932910992
2013-08-22,0.05821444577326607,0.3025247596056639,-0.004037540894256604,7.7777544890198875,7.78173766261843,0.16137543384594444
2013-08-23,0.048735414105447114,0.3035621605724214,-0.0038677675273386483,7.769482631685744,7.773296031917369,0.1383359341886173
2013-08-24,0.03881883097182875,0.3045711757165014,-0.0037041099165202596,7.760738721307024,7.764388463927831,0.11304589596592933
2013-08-25,0.029325088283426875,0.30556022464321203,-0.0035475003416051906,7.752390637120247,7.75588377016614,0.087567555671965
2013-08-26,0.021109814990829194,0.30653421697026695,-0.003396968139110855,7.7452998883571995,7.748642489200597,0.06442911492841027
2013-08-27,0.014552972843117818,0.3074957313493941,-0.0032518250114360768,7.73984970371629,7.743047161432012,0.045188732802410064
2013-08-28,0.009659058204525568,0.3084439588910062,-0.003112906818836519,7.736042934811909,7.739101474335032,0.030364560175249106
2013-08-29,0.006630205423089577,0.30938170938535675,-0.0029796804401811317,7.734085058903479,7.737010372047947,0.020980871645642035
2013-08-30,0.007234095364149215,0.3103180722200104,-0.002861622281446164,7.735743369837928,7.73855062482366,0.022780809273588068
2013-08-31,0.01349986593432855,0.31126799954656664,-0.0027482967911213775,7.743072393224987,7.745766322720396,0.041567739204550994
2013-09-01,0.020780983072811995,0.3122433955573271,-0.0026367205030202066,7.751440482662333,7.754022835869639,0.0624007862676372
2013-09-02,0.024277381009608415,0.31325160840432176,-0.0025262815085570507,7.756055532440587,7.758527446653431,0.07192680264815933
2013-09-03,0.023215067309718056,0.3142953114289786,-0.00241675312868117,7.75614645014523,7.758508835978197,0.06878326941077967
2013-09-04,0.021291400382665214,0.3153754578056942,-0.00231195159098755,7.7554077311325855,7.75766531542786,0.06324174733811498
2013-09-05,0.026242653158735207,0.3164854629162345,-0.0022107607597705806,7.761570179850413,7.76372657331447,0.07656988711423601
2013-09-06,0.036514346986819754,0.31762574865346055,-0.002114886954267474,7.773078033221227,7.775138552879781,0.1031070681810325
2013-09-07,0.04216513860273515,0.31879881070439015,-0.002022021767788375,7.7799947520745505,7.781962406546626,0.11681260326321133
2013-09-08,0.04049102833188453,0.32000179054909694,-0.0019326980892641352,7.779612945326932,7.781491276120482,0.11232131740536237
2013-09-09,0.03421065007764571,0.3212307872423387,-0.0018494037005995015,7.774644858154598,7.776439894559485,0.09624834497517445
2013-09-10,0.026428835204654798,0.32248079954242587,-0.0017665226302995731,7.768195936651995,7.769908091986581,0.07574693437116652
2013-09-11,0.019137564373458767,0.32374814720192024,-0.0016883176534625228,7.7622502184571305,7.763884168814879,0.05581324542668095
2013-09-12,0.013380232878412054,0.32502679821913144,-0.0016123146321794398,7.757847541000578,7.759405488337044,0.03953887374921384
2013-09-13,0.009769892638501549,0.3263122938526367,-0.0015423476936648468,7.7555926633326875,7.757080643730639,0.029069950837037773
2013-09-14,0.007844049390756936,0.32760114033211296,-0.001475834384287868,7.755022179873796,7.756443646962371,0.023383997240316205
2013-09-15,0.008039649902770882,0.32888943709978197,-0.0014089225658914528,7.756572988971875,7.757927544242054,0.023861548951723384
2013-09-16,0.008346159175065105,0.33017878731947525,-0.0013448679243420756,7.758232903105412,7.759523403734041,0.02465448783462022
2013-09-17,0.00777503491189834,0.3314765670001665,-0.0012831573220723523,7.759021269125206,7.7602500591515655,0.02291819660711184
2013-09-18,0.006520045470528104,0.33278787816157424,-0.0012272792281200994,7.759133468939196,7.760306380871603,0.019215718279533965
2013-09-19,0.00503473902245166,0.33411701573212527,-0.001171926104468569,7.759032653185322,7.760150211994078,0.01484509206238661
2013-09-20,0.0037416962651285798,0.3354673132658091,-0.0011171577859855413,7.759144676280166,7.760207466770439,0.011030651191436933
2013-09-21,0.0038663770965187893,0.33684062414075355,-0.0010664654807834284,7.760693360291703,7.761705458476773,0.011348099928906948
2013-09-22,0.007741049352759578,0.3382343185774978,-0.0010172459456017713,7.766010946519869,7.7669738251697575,0.022374567874785926
2013-09-23,0.012246730169517777,0.3396404611358222,-0.0009691022310290491,7.7719709136095245,7.7728856485448405,0.03480300071192711
2013-09-24,0.017752458456631735,0.3410496856633748,-0.0009250498378459356,7.778929918817375,7.779800601359507,0.04947701329982624
2013-09-25,0.03710120035641238,0.3424545891684684,-0.0008821336009518914,7.799726480459142,7.800554246764381,0.0977490039154845
2013-09-26,0.0665181833784959,0.34385244393326725,-0.000842215540590834,7.8305812363063865,7.831369084551263,0.16209294464918242
2013-09-27,0.08407758882240832,0.345239670404276,-0.0008018578825794695,7.8495682258793185,7.850315716466184,0.19584022541710677
2013-09-28,0.08390307803089833,0.3466051691526491,-0.0007605116839543319,7.8508005600348065,7.8515067044230475,0.19489307947015058
2013-09-29,0.07226465230379997,0.34793551725642097,-0.0007265540854935282,7.840526440009941,7.841198626799722,0.17197673284956486
2013-09-30,0.056461172019257704,0.3492165223395346,-0.0006897669001988207,7.8260407519938076,7.826676151598293,0.13917741301625994
2013-10-01,0.04170625431874888,0.3504405543285587,-0.0006562653935337923,7.8125433677889875,7.813145265886808,0.10635367520294936
2013-10-02,0.03154376692028465,0.35160221207339426,-0.0006235533112082406,7.803575250217684,7.804144436233179,0.0823283256244353
2013-10-03,0.02425452241630511,0.35270354068092036,-0.0005925892315142045,7.797418298400925,7.797956520336726,0.06434276061644914
2013-10-04,0.01827770419262747,0.35374694451178185,-0.0005631892877704465,7.792514283951853,7.7930231059439095,0.049130358045576555
2013-10-05,0.013296685844706791,0.35473623806788496,-0.0005341119759718953,7.7885516364718335,7.789031381152093,0.03612906612633594
2013-10-06,0.009320852605389209,0.35568030083357044,-0.0005085754964536657,7.7855454024777195,7.78599961067846,0.02553650178244701
2013-10-07,0.006312611529047049,0.35659144250203934,-0.00048187149368423806,7.783475007072616,7.783902511270587,0.017394712070387373
2013-10-08,0.004392043938553539,0.35747624549721085,-0.000456179721067044,7.782464934249911,7.782866746675265,0.012137134053392028
2013-10-09,0.004228839947410163,0.35833922405067975,-0.0004308053793868945,7.783190083153917,7.78356652123759,0.011663575387137356
2013-10-10,0.004770700981948154,0.35918493490320386,-0.00040671223498468307,7.7846017481853815,7.784954093124653,0.013107918964754188
2013-10-11,0.005299428192852121,0.36001731762394845,-0.0003908316517608835,7.785978738700254,7.786315203056301,0.01450639274967615
2013-10-12,0.007197843375876392,0.3608395076281062,-0.00037557775437635656,7.7887145977848204,7.789035808243483,0.019557371979341587
2013-10-13,0.00867792689778664,0.3616591885503643,-0.0003609255210556797,7.791029014462309,7.791335572687651,0.023432506588720765
2013-10-14,0.008595753848666753,0.3624807595106539,-0.0003425029365415654,7.791786834957993,7.792074970598821,0.023164370525232666
2013-10-15,0.008401656239491021,0.36330060975625017,-0.0003236680201623464,7.792431422510793,7.792700723235241,0.022603188110742602
2013-10-16,0.011317331014291316,0.3641150530475248,-0.0003053222339238892,7.796179886363106,7.796430841301317,0.03014479169817136
2013-10-17,0.013834911690717218,0.364918887834568,-0.0002872945909341047,7.799519329469565,7.799752256764785,0.03652745321118188
2013-10-18,0.01389870440695366,0.3657007535804826,-0.00027001475156171017,7.800382267771089,7.800597915226937,0.036614131328432165
2013-10-19,0.012128356043207935,0.366447433431743,-0.00025400021540051355,7.799374613794765,7.799574246714451,0.03203679786292944
2013-10-20,0.009585329098586799,0.3671485575511853,-0.000239069995829573,7.797547641189157,7.7977323438892725,0.025443235764712958
2013-10-21,0.007057690294220701,0.3677991530477158,-0.000224087616447327,7.795685580260703,7.795855300581437,0.018827694944287904
2013-10-22,0.004930278461626114,0.36839505197141076,-0.00020941471645075636,7.7941687402518,7.794323787672537,0.013206386118796872
2013-10-23,0.0042960758052283665,0.3689359809592689,-0.00019583432281344225,7.7940890469768975,7.794230514003997,0.011510468426722289
2013-10-24,0.007656488089875768,0.36942337491363625,-0.00018480392627080196,7.797947883612455,7.798078320243013,0.020304685667620646
2013-10-25,0.010934866323246849,0.3698504570164792,-0.00017028673262035012,7.801667861142319,7.8017837805792265,0.028716617088445574
2013-10-26,0.011795751029966363,0.3702147927747686,-0.00015830996341130096,7.802905058376537,7.803009001044235,0.03087807711400702
2013-10-27,0.010671376567250614,0.3705205916270961,-0.0001481425229498473,7.802096650206611,7.802190425433847,0.027994757124079606
2013-10-28,0.008597942746700246,0.37076920367386923,-0.0001423835601631422,7.8002775873956205,7.80036560366007,0.022663909692297122
2013-10-29,0.006422609368814724,0.3709655928755231,-0.00013495389765141204,7.798306072881901,7.798386659483838,0.01701857485374289
2013-10-30,0.004531774345402751,0.3711124850523761,-0.00012971144585668457,7.796567372487136,7.79664271663728,0.012064005324260645
2013-10-31,0.0030626143082292307,0.37121105846489827,-0.00012153973347344038,7.795204957574868,7.795272130012628,0.008182820569604125
2013-11-01,0.002596750874372449,0.3712624575455356,-0.00011260711374086395,7.794799425841381,7.794857665659409,0.006945798888697834
2013-11-02,0.004848031832361396,0.3712643263411807,-0.00010823652292516767,7.797056946185831,7.797110815413043,0.012889849873330844
2013-11-03,0.007379743188574007,0.3712177268823781,-0.0001006611468691622,7.799549633459296,7.7995959273104525,0.01949232039820812
2013-11-04,0.008323262150869355,0.3711256424940675,-9.229490391198814e-05,7.800409434276239,7.800447361884437,0.02193513289663522
2013-11-05,0.00775055273500469,0.3709907229321586,-8.437490321170558e-05,7.799709725299166,7.799739732906664,0.020463976949308932
2013-11-06,0.007461252395050578,0.370813447813892,-7.645777993553162e-05,7.799251066964221,7.799273157448443,0.019724428810410276
2013-11-07,0.011291380825816993,0.3705958105137063,-7.018533935143441e-05,7.802869830535386,7.802885648579024,0.02956732009316908
2013-11-08,0.016404309308906396,0.37033283400072026,-6.27149429087208e-05,7.807727252901932,7.807735600549127,0.0424172066032274
2013-11-09,0.018627882472250678,0.37002077390431465,-6.028427791459486e-05,7.809641196633865,7.809647113616066,0.047929877452610944
2013-11-10,0.017593873378843914,0.3696570936317535,-5.794873388203959e-05,7.808245842811929,7.808249424250098,0.04543274227217732
2013-11-11,0.01466238730051757,0.369240001218389,-5.345381325094857e-05,7.804901759240869,7.804900845758407,0.03819300879342008
2013-11-12,0.011298984044802212,0.3687696112180082,-4.744232802717299e-05,7.801073977469997,7.801067052502311,0.02972880207844895
2013-11-13,0.008552018748102385,0.3682501506738187,-4.5605798820338634e-05,7.797809388158314,7.797800626661422,0.02269630974052682
2013-11-14,0.006389516644641972,0.36768612244721527,-4.3841042083092324e-05,7.795084622584988,7.795074096331358,0.01708081461854557
2013-11-15,0.004643277201714126,0.3670786166780268,-4.21452228854911e-05,7.792732573192069,7.792720351119241,0.012491266396098566
2013-11-16,0.0032648496052651165,0.3664236683825965,-3.834526994115014e-05,7.790702997253135,7.790686975227362,0.008831352466760449
2013-11-17,0.002222991157842666,0.3657203010746178,-3.171641948933808e-05,7.788964400348185,7.788941749471961,0.006041667846028342
2013-11-18,0.0014490792564939416,0.36497637042188336,-2.4667571081852346e-05,7.78745360664251,7.787423906917878,0.00395463595054831
2013-11-19,0.0009329299214782025,0.36419642329294033,-1.9949936256870326e-05,7.786162227813375,7.786127810453919,0.0025550668914047807
2013-11-20,0.0005894379474502306,0.3633879217323007,-1.4526378559043255e-05,7.785015657836405,7.784975816919252,0.001619435747236733
2013-11-21,0.00036527885799998087,0.36255864457737424,-8.672523708698049e-06,7.78396807544688,7.783922380674874,0.0010064887829446879
2013-11-22,0.00022260957394673516,0.36171088702389614,-4.7495764639230864e-06,7.782981571556593,7.782931953837343,0.0006150565671297469
2013-11-23,9.732712742163935e-05,0.3608488060870857,-1.4035412064397043e-16,7.781998957749721,7.781944590454008,0.0002696444662112466
2013-11-24,4.337912365902578e-05,0.3599752510039109,-3.742776550505878e-17,7.781071454662784,7.78101708736707,0.00012049133025047816
2013-11-25,2.6094634612432843e-05,0.359088882278809,-9.356941376264695e-17,7.780167801448635,7.780113434152922,7.266373248121023e-05
2013-11-26,0.0014532104451106113,0.35818798790609535,-2.807082412879408e-17,7.780694022886419,7.780639655590706,0.004040722953245988
2013-11-27,0.010895124069386159,0.3572686525170524,-3.742776550505878e-17,7.789216601121653,7.789162233825939,0.0295931451225435
2013-11-28,0.03580633887605618,0.3563342954969932,0.0,7.8131934589082634,7.81313909161255,0.09130994275383628
2013-11-29,0.07636389717387013,0.3553829379663562,-1.0760482582704399e-16,7.852799659675441,7.852745292379727,0.17687193271276214
2013-11-30,0.10329487023176888,0.3544061013178404,-4.2106236193191126e-17,7.878753796084823,7.87869942878911,0.22568199906163616
2013-12-01,0.10641935731438944,0.3533971950058635,-1.3567564995583807e-16,7.8808693768554665,7.880815009559753,0.23143872654734385
2013-12-02,0.09332301542152854,0.35234839232868836,-4.837737933560043e-09,7.866724227447693,7.866669864989717,0.2093987045133324
2013-12-03,0.0737446985168213,0.3512541646640241,-2.4481127170409297e-06,7.846049239603342,7.845997320420346,0.17351740182288788
2013-12-04,0.054208419675149506,0.35011044455630724,-5.8110457978544544e-05,7.825313578308692,7.8253173214709575,0.13407343676182595
2013-12-05,0.03895950641140489,0.34891382690296346,-0.00039488471130897344,7.808531273138273,7.8088717905538685,0.10044388996401696
2013-12-06,0.03270954329834143,0.347661112923957,-0.0014207633545410788,7.800002717402971,7.801369113461799,0.08599386614940435
2013-12-07,0.03274199388981301,0.34635177051733285,-0.0035145657571649365,7.796632023185195,7.800092221646646,0.08636911752166987
2013-12-08,0.03203784963223918,0.34499318196690154,-0.0067847219041971465,7.791299134230157,7.798029488838641,0.08497403912976005
2013-12-09,0.028483279761518224,0.3436017030725534,-0.011049145493674407,7.782088661875611,7.7930834400735725,0.07655046851009335
2013-12-10,0.023463774058255397,0.3421895242384636,-0.01608602299596182,7.770620099835971,7.786651755536219,0.06416945824789225
2013-12-11,0.018152569549908074,0.3407694536481651,-0.021789903893760853,7.7581849438395265,7.779920480437574,0.05057524581011981
2013-12-12,0.013299404164684454,0.339352613703412,-0.028065635700008792,7.745639206703301,7.773650475107597,0.037712542367073235
2013-12-13,0.009262704870737541,0.33794701579211284,-0.03479039249439071,7.733472152703674,7.768208177902351,0.026677550539352172
2013-12-14,0.006155133045418114,0.3365583283306478,-0.041912141031769594,7.72185414487951,7.7637119186155665,0.017959997896505066
2013-12-15,0.0038387052618771922,0.3351948316095103,-0.04947268703841463,7.710613674368187,7.7600319941108875,0.011322494220780898
2013-12-16,0.0026448589374520053,0.33386401279704614,-0.057565852249968553,7.699995844019743,7.757507328973999,0.00785970047036017
2013-12-17,0.004525014865545903,0.33257951494483,-0.06627810395287048,7.691879250392719,7.7581029870498766,0.013423180246469133
2013-12-18,0.013708861540417781,0.331357949962769,-0.07561563073287261,7.690504005305528,7.766065268742687,0.03972813693875389
2013-12-19,0.021735327991489018,0.33021076225585144,-0.08539635002593973,7.687602564756615,7.772944547486841,0.06175754922071695
2013-12-20,0.024112716729033635,0.3291400328126821,-0.09526137293987329,7.6790442011370565,7.774251206781217,0.0682591055846436
2013-12-21,0.022038943183159455,0.32814086414735605,-0.10490783389953039,7.666324797966199,7.771178264570016,0.06293607661494344
2013-12-22,0.017837382166747927,0.32720399929877303,-0.11425032547283134,7.651843880527903,7.766039838705021,0.05169635621961005
2013-12-23,0.013325838274571147,0.3263229643342107,-0.12337321917585295,7.637328407968143,7.760647259848282,0.03923416827092503
2013-12-24,0.009419149663544481,0.3254924705177775,-0.13246093622295801,7.623503508493577,7.755910077420823,0.028124284425977607
2013-12-25,0.006372317651448774,0.32470814522181746,-0.14175194303744948,7.610381344371031,7.7520789201127664,0.019247036192190002
2013-12-26,0.0041634080681421095,0.32396805843575033,-0.1514180494169011,7.597766241622205,7.749129923743393,0.01268823167891069
2013-12-27,0.003367891192497749,0.32326748932726246,-0.16148435410445558,7.586203850950518,7.747633837759261,0.010310858508770775
2013-12-28,0.0056534831377294805,0.32260493861448647,-0.17183476334683895,7.5774764829405905,7.749256878991717,0.017222659840840218
2013-12-29,0.008425381225813895,0.3219770052700809,-0.18228097181225839,7.56917423921885,7.751400843735396,0.025500364313859398
2013-12-30,0.011079671527826787,0.321375307149593,-0.1925885403481618,7.560919262864472,7.753453435916921,0.03332683292006694
2013-12-31,0.012105769397706528,0.3207928585973866,-0.20249983213383135,7.551451620396476,7.753897085234594,0.036364732022521176
2014-01-01,0.011236679947954391,0.32022384335913157,-0.21173157089108055,7.540781776951219,7.752458980546587,0.03390050747474389
2014-01-02,0.009282420599205102,0.31966283506245846,-0.2198042851112699,7.530193795085608,7.749943712901164,0.028218739864582603
2014-01-03,0.007000872123562722,0.3191055835192939,-0.22680729070084804,7.520351989477223,7.7471049128823575,0.02146805744695191
2014-01-04,0.005027135532338474,0.31854779319090565,-0.23315407713043965,7.511473676128018,7.744573385962744,0.015536233144435668
2014-01-05,0.0034455813249459123,0.31798609058125193,-0.2395474006183778,7.502937095823034,7.742430129145698,0.010719482944889832
2014-01-06,0.002277409861744779,0.31741756894949963,-0.24639066355992878,7.49435713978653,7.740693436050745,0.007123696062456509
2014-01-07,0.0014622223071189874,0.31683766328155816,-0.25370035801288676,7.485652352111004,7.739298342828178,0.004593851186640209
2014-01-08,0.0009168239449106402,0.3162523443298015,-0.2616737633558489,7.476548229454077,7.738167625514213,0.0028906464959940386
2014-01-09,0.0006534851750999517,0.315662615871425,-0.27065727854183574,7.466711647039903,7.737314558286025,0.0020659244753520613
2014-01-10,0.0008414348713799383,0.3150653986496919,-0.28053852207068114,7.456421135985605,7.736905290760572,0.0026635538775827473
2014-01-11,0.0010743147989484545,0.31445886595355765,-0.2911218475427195,7.4454641577450005,7.736531637992006,0.0034047601472097224
2014-01-12,0.0011160020159118578,0.31384136249550243,-0.3020968793556622,7.433913309690966,7.735955821750915,0.0035433431367546675
2014-01-13,0.0009692751279115889,0.31321120848082395,-0.3128983305349823,7.422334977608967,7.735178940848236,0.003085090190129935
2014-01-14,0.0007818896042865825,0.3125677116802355,-0.32317473551239856,7.411227690307338,7.734348058524023,0.002495262802573746
2014-01-15,0.0005683889199962084,0.3119100201148854,-0.33277774753461853,7.400753486035477,7.7334768662743825,0.0018189702186200002
2014-01-16,0.0004028986878337847,0.3112374608978293,-0.34206345956419154,7.390629724556685,7.732638816825164,0.001292832187619899
2014-01-17,0.0002731488665446859,0.31054843292858236,-0.35128152976453525,7.380592876565806,7.731820039034628,0.0008787963337910285
2014-01-18,0.0001788859857221228,0.3098436653058714,-0.36041925506764944,7.370656120759158,7.731021008531094,0.0005770095916469977
2014-01-19,0.00011395819112766737,0.3091249594755053,-0.3696165225905442,7.360675219611303,7.7302373749061335,0.00036851180306651137
2014-01-20,0.00025068977057898903,0.3083838484299424,-0.3789979038262083,7.350689458909527,7.729632995440022,0.0008122544289457152
2014-01-21,0.00257228673379379,0.3076144435458037,-0.38851035837500614,7.342729196439805,7.731185187519098,0.008292703983420474
2014-01-22,0.010279738796810194,0.30681119301346826,-0.397993966329744,7.340149790015748,7.738089389049779,0.032418898699256266
2014-01-23,0.01681863134143946,0.30596872250109053,-0.40731200232627796,7.336528176051466,7.743785811082031,0.05210436883981625
2014-01-24,0.01879585755048668,0.3050831606154622,-0.41588751159558357,7.329044331105579,7.744877475405449,0.05803357579914631
2014-01-25,0.017222152999361945,0.3041518082076381,-0.4234004750861183,7.3190263106560955,7.7423724184465,0.05358913626567584
2014-01-26,0.014789619505721397,0.30317188328457084,-0.4295672048931619,7.309447122432344,7.738959960029793,0.04651386842725963
2014-01-27,0.0149743668463058,0.30214151519505544,-0.4348305573784109,7.303338149198164,7.738114339280862,0.04722048845334306
2014-01-28,0.015236332595181142,0.3010592956290137,-0.4394508663129028,7.297897586446506,7.737294085463695,0.04817117669543448
2014-01-29,0.013969026837941288,0.2999231330951982,-0.44376418916004573,7.291180795308308,7.73489061717264,0.04450263058789604
2014-01-30,0.011583818375699124,0.29873347979894405,-0.4476489884436414,7.283721134266216,7.731315755414144,0.037328948285634656
2014-01-31,0.008968923923036722,0.2974882055206195,-0.4508593605780004,7.27665059340087,7.727455586683156,0.02926648807067713
2014-02-01,0.0077182000674979444,0.29619221705065285,-0.4533799111965239,7.271583330456841,7.724908874357651,0.025396299806654376
2014-02-02,0.010062449218524106,0.29485374177286566,-0.45538717283091035,7.270581842695694,7.725914648230891,0.03300070483567155
2014-02-03,0.01327207481057666,0.29347864728483897,-0.45695250386944664,7.2708510427611825,7.727749179334916,0.0432666456982238
2014-02-04,0.014396555666063045,0.29207202341122407,-0.45781405302337624,7.269707350589124,7.727467036316788,0.046975633552412015
2014-02-05,0.013250156658853682,0.29063825957508677,-0.4577344968778516,7.267206743891303,7.724886873473441,0.0436020458530851
2014-02-06,0.010868197947847944,0.2891829774950994,-0.4565481790952868,7.264555820882874,7.721049632682448,0.03622114771523185
2014-02-07,0.008355136376531905,0.28771587235652046,-0.4544582507322001,7.262665582536066,7.7170694659725525,0.028220042253664826
2014-02-08,0.012232051188891424,0.28624509452247565,-0.45190335788521185,7.267626612361369,7.719475602950867,0.040981533643852396
2014-02-09,0.03630654030213699,0.28477733934425487,-0.449597278620833,7.292539425560773,7.742082336885892,0.11307493961428773
2014-02-10,0.05998347763909432,0.2833204807055669,-0.4475900439634658,7.316766738916409,7.764302415584162,0.17472410725562823
2014-02-11,0.06913095240054438,0.2818774233186868,-0.4455512538676472,7.326509946386798,7.7720068329587315,0.19694958064431398
2014-02-12,0.06540755925297628,0.2804566710757725,-0.44314055844968975,7.323776496414273,7.766862687568249,0.18911339629080892
2014-02-13,0.05500989601928234,0.27906414371949495,-0.43991403996717965,7.315212824306812,7.755072496978277,0.16466378549586272
2014-02-14,0.04261430563313411,0.277702217509744,-0.43563337602231395,7.305735971655778,7.741314980382379,0.1330381124739103
2014-02-15,0.031033100610259854,0.2763731656976991,-0.43026600346579985,7.298193087377373,7.7284047235474596,0.10095142491067816
2014-02-16,0.021545344448644047,0.27507915808567995,-0.424042282233429,7.293635044836109,7.717622959773824,0.07263507992280888
2014-02-17,0.014401470795389735,0.2738221223256605,-0.4173027748915947,7.2919736427646695,7.709222050360551,0.04996631483024119
2014-02-18,0.009313003799059773,0.2726020099285521,-0.41067074607671844,7.292297092186107,7.702913470967112,0.03303479185417935
2014-02-19,0.005883883772997289,0.2714140971911011,-0.40474122916850436,7.293609576330808,7.698296438203599,0.021218631857831925
2014-02-20,0.0036467740160424913,0.2702674487844645,-0.40009011391498767,7.294876933420733,7.694912680040008,0.013313562102609231
2014-02-21,0.0022207403608377058,0.2691699565915947,-0.396830346914454,7.295613174573193,7.6923891541919325,0.008182816823772492
2014-02-22,0.0013321203052155009,0.2681284747174518,-0.3947596894701879,7.295753730087693,7.690459052262168,0.00494365532408715
2014-02-23,0.0007887448782654862,0.2671488676280625,-0.39361642561834115,7.295374011423201,7.688936069745829,0.0029437631801203655
2014-02-24,0.00045568016722710616,0.2662340590210096,-0.393147906123384,7.294594657600067,7.687688196427737,0.0017086527911202277
2014-02-25,8.228378784102501e-05,0.26538096913482356,-0.3933704780779139,7.293145599379964,7.686461710162165,0.00030996300593436987
2014-02-26,2.9836073120474817e-05,0.264585486115275,-0.3945160077355097,7.2911521389880996,7.685613779427896,0.00011275262850891429
2014-02-27,1.435141413354708e-05,0.2638444446382193,-0.3964302877243553,7.288481332863212,7.684857253291853,5.4390508666990134e-05
2014-02-28,5.270616021620913e-06,0.2631552732829887,-0.39897150169434253,7.285241866739882,7.684159001138511,2.0028139262561896e-05
2014-03-01,3.1067969413378866e-17,0.2625157377472337,-0.40189211505951805,7.28167644722293,7.683514194986734,1.1834707389350124e-16
2014-03-02,1.4620220900413582e-17,0.26192380142529187,-0.4049753778549432,7.2780012481055625,7.682922258664792,5.58186038109396e-17
2014-03-03,1.4772514868126225e-17,0.26137753725036594,-0.40828418103941244,7.274146180746167,7.682375994489867,5.651792048976291e-17
2014-03-04,9.975254885178018e-18,0.2608623301849064,-0.41174345600053086,7.270171698719589,7.681860787424407,3.8239537606320094e-17
2014-03-05,0.00026957358489818664,0.26036579085834394,-0.41527251155806727,7.2664156774203885,7.681633821682743,0.001034293966492375
2014-03-06,0.0015019859435675513,0.2598771920505751,-0.4186140916186325,7.263817910910724,7.682377635233643,0.005746387126526238
2014-03-07,0.0026135857229725046,0.25938704723797906,-0.4216151570075466,7.261438300488619,7.682999090200452,0.009975493927001436
2014-03-08,0.002989241378412501,0.25888691135823877,-0.42414884232551775,7.258780134946347,7.682874609976151,0.011414713967554547
2014-03-09,0.002771613412055881,0.2583696941353856,-0.426027154798261,7.256166977284394,7.682139764786942,0.010613462259517724
2014-03-10,0.0022666095725354576,0.25782941521131536,-0.4274912883266881,7.253657560992377,7.681094482023351,0.0087145106289844
2014-03-11,0.0017051667599886347,0.2572609999057153,-0.42863778733883284,7.251381203862085,7.679964623905205,0.006584515583419097
2014-03-12,0.0012086960635013418,0.2566601431944691,-0.42956595104098616,7.249355712752198,7.6788672964974705,0.004687251344440921
2014-03-13,0.000819446599634024,0.25602320696277325,-0.4303800209961964,7.247515457101425,7.677841110801908,0.0031904615073403923
2014-03-14,0.0005366579571663732,0.25534713790451,-0.4311666524807027,7.245769967916187,7.6768822531011764,0.0020972721440183553
2014-03-15,0.0014201689129757758,0.2546293996371445,-0.4319587574935462,7.245143635591788,7.67704802578962,0.005546460870906666
2014-03-16,0.006220865916210819,0.25386849670021083,-0.4325061772027693,7.248636009948866,7.6810878198559225,0.0239181866325895
2014-03-17,0.010584480262867116,0.2530648362623658,-0.43272203270084847,7.251980108359598,7.684647773764733,0.040146056141412804
2014-03-18,0.012035249417487312,0.2522187887297717,-0.4324935579334007,7.252813304749072,7.685252495386759,0.04554424031461919
2014-03-19,0.011132907625184362,0.2513306630022709,-0.4317253074502512,7.251791087712418,7.683462027866955,0.042416963232534
2014-03-20,0.009093680684477723,0.25040081557819016,-0.43042502020250734,7.2501223005953745,7.680492953502168,0.03504382873412788
2014-03-21,0.00701619461128485,0.2494296816541219,-0.4287117830359369,7.248786917764684,7.677444333504908,0.02735935829213136
2014-03-22,0.006195539662914661,0.24841778431927183,-0.42677878505741945,7.248887363459981,7.675611781221687,0.02433313216298185
2014-03-23,0.007112682666907269,0.24736573487373315,-0.4247769291294575,7.2507543129463965,7.6754768747801405,0.02795004281953053
2014-03-24,0.008124902359426367,0.24627422905019195,-0.4226376518963394,7.252814304048493,7.675397588649119,0.031937618318138565
2014-03-25,0.008072090980443527,0.2451440412726126,-0.42016284832919726,7.254106108459073,7.674214589492556,0.03187826505610052
2014-03-26,0.007054659958331538,0.24397795620269988,-0.41700189145109057,7.255083549245155,7.6720310734005315,0.028102563189661946
2014-03-27,0.005603344557966757,0.2427837990100491,-0.41300692696452956,7.2564330411387,7.669385600807517,0.02255891539906691
2014-03-28,0.004148025195180165,0.24156752608012824,-0.4083854731161393,7.258382902694383,7.666714008514809,0.016881410938994947
2014-03-29,0.0029120973122640677,0.24033235119602137,-0.40342497310711956,7.26087229993638,7.664242905747786,0.011971896296596776
2014-03-30,0.0019622357027998614,0.23908111137514604,-0.39846739148773486,7.2636287801254245,7.662041804317447,0.008140592663465363
2014-03-31,0.0012798565839479735,0.23781645153712808,-0.3936926826127784,7.266456450043512,7.660094765360577,0.005352891452007977
2014-04-01,0.0007766668448599265,0.2365375718899451,-0.38921713109364386,7.269149932176375,7.658312695974305,0.0032727359681432333
2014-04-02,0.0004846126276999141,0.23525038322038547,-0.38520360795852404,7.271584212424775,7.656733453087586,0.002055751739178399
2014-04-03,0.0006561112577054645,0.2339621286184907,-0.3816841716537371,7.273986892757673,7.655616697115697,0.0027965057535666565
2014-04-04,0.0021813749048393977,0.2326795567337504,-0.3786521583329128,7.277261597840891,7.65585938887809,0.009287942824803892
2014-04-05,0.0035909758307474168,0.23140733546490067,-0.37619505717181334,7.279856078659049,7.655996768535148,0.015280858023824949
2014-04-06,0.004227719977960035,0.23014941195708918,-0.3739337964836007,7.281496159986663,7.655375589174549,0.018038107826712477
2014-04-07,0.006074839698475524,0.22890723988418393,-0.37161848255433505,7.284416421563538,7.65598053682216,0.02585235312099016
2014-04-08,0.014346467730107754,0.22767683797782645,-0.3690501429144306,7.294025987328718,7.663021762947435,0.05927721583730701
2014-04-09,0.02893939530943957,0.22645517742130808,-0.3661111696871822,7.310336227578779,7.6763930299702485,0.11331249133453287
2014-04-10,0.039303127888610824,0.2252401881145808,-0.3627053882141245,7.322890752324281,7.685541773242692,0.1485697256782577
2014-04-11,0.0437806796228149,0.22403032283023763,-0.35863394111518077,7.330229885873086,7.688809459692553,0.16347603056558396
2014-04-12,0.04742685424163697,0.22282438638656119,-0.35382025159568287,7.337483813567729,7.691249697867699,0.1754917170089336
2014-04-13,0.04688464940163958,0.22162466778596626,-0.34829955147339675,7.341262590249423,7.689507774427106,0.17461088461552923
2014-04-14,0.04241496929061302,0.22042751780878886,-0.34204057114432396,7.341854740490292,7.683840944338902,0.16137029351184196
2014-04-15,0.039289337272023904,0.21922992207418965,-0.3353236541782019,7.344248429703225,7.679517716585714,0.1519783762779814
2014-04-16,0.03640259382042584,0.21802878873761192,-0.3282598424309313,7.3472243646623205,7.6754298397975385,0.14307430732182627
2014-04-17,0.04648788777846143,0.21682293410317538,-0.32087321274319053,7.36349043367366,7.684309279121138,0.1765513754666666
2014-04-18,0.10065269049309301,0.2156130103300986,-0.3131405218326575,7.424178003525748,7.737264158062692,0.31825357675874855
2014-04-19,0.1493551020251024,0.21440950072491366,-0.30524941517781784,7.479568012107412,7.784763059989516,0.41058173581485397
2014-04-20,0.16338584795474195,0.21322157265527703,-0.29726769733710107,7.500392547808132,7.797605877849519,0.4338359761740589
2014-04-21,0.1490023249167349,0.21206434612827785,-0.2893428646902491,7.492776630889978,7.782065128284513,0.4126726083177014
2014-04-22,0.12095936068489713,0.21095093661163397,-0.28151122805133677,7.471451893780408,7.752908754536032,0.36443388972904067
2014-04-23,0.09066129996429938,0.20989410225741978,-0.2738257227413357,7.447782504015597,7.72155385946122,0.30164588390069497
2014-04-24,0.06418743401855692,0.20891014438946856,-0.26634576964675855,7.427804633296481,7.694096035647526,0.23503479742561734
2014-04-25,0.04384706732680157,0.20801138953644638,-0.2592280425285425,7.413683238869919,7.6728569141027485,0.17409408392670847
2014-04-26,0.029248563163750328,0.20721268683756816,-0.25265292413058354,7.4048611504059485,7.657459707240819,0.12369283831320033
2014-04-27,0.019061072888404383,0.20652589894162557,-0.24665837605229432,7.399981420312949,7.64658542906953,0.0844954508399806
2014-04-28,0.012124479110677551,0.20596614978288383,-0.24121728329624761,7.397926170132528,7.639089086133062,0.05559376472152261
2014-04-29,0.007604558942755426,0.2055516609823764,-0.2362832919265057,7.3979257525338395,7.6341546771646325,0.03567598893162218
2014-04-30,0.004780086096258962,0.2052961082145233,-0.2318375807782933,7.399291438067703,7.631074651550283,0.02275405888773577
2014-05-01,0.0033141014267217654,0.20520117747112918,-0.22785429312286712,7.401713810310198,7.629513736137351,0.015893806172090165
2014-05-02,0.002556068084903686,0.20527213137933265,-0.22433945616693093,7.404541567832519,7.628826656703737,0.012298947358890732
2014-05-03,0.001974074671099538,0.20550236394378193,-0.22131414508631866,7.407215118063776,7.6284748958543815,0.009514693255188474
2014-05-04,0.0010732632066996657,0.20588437844049834,-0.2187316180015986,7.409278848180813,7.627956098886698,0.005185907600016356
2014-05-05,0.0009216390491463719,0.20640827087394228,-0.2162936731930067,7.412089061265296,7.628328367162589,0.00444527781586489
2014-05-06,0.001112430024844408,0.20706487614669716,-0.21380987680546182,7.415420253901294,7.629175763411042,0.00534366615315767
2014-05-07,0.001300188563437044,0.2078461942339538,-0.21121656493396598,7.418982642398639,7.630144840036891,0.006216643797739466
2014-05-08,0.0015546209032339668,0.20873865762634572,-0.2083951447134624,7.422950958351331,7.63129173576908,0.007392632394645438
2014-05-09,0.0027036817263862666,0.20972870146475955,-0.20526047527644156,7.428224732449918,7.633430840430647,0.012727257896238468
2014-05-10,0.003989013035489461,0.21079916674284008,-0.20178114113186246,7.434059863181681,7.63578663701783,0.018571846177039587
2014-05-11,0.004499799586713078,0.211929354270635,-0.19796608711666666,7.439515891275895,7.637427611096848,0.020791097255219916
2014-05-12,0.004214305016352872,0.21310176872784775,-0.1938458599907444,7.44452303828867,7.638314530983701,0.019392514063701818
2014-05-13,0.0034897242110445647,0.21430084481652661,-0.18942348289254027,7.449419910670245,7.638789026267071,0.016023302692242763
2014-05-14,0.00472180474642897,0.21550850429929017,-0.18469499652951418,7.456588137051419,7.641228766285219,0.0214403038659349
2014-05-15,0.014134212433150146,0.2167120135807342,-0.17981991815725237,7.472079132391846,7.651844683253385,0.06122782545424866
2014-05-16,0.025431234204738355,0.21790227459581724,-0.17487503493428264,7.489511298401487,7.664331966040056,0.1045118460260344
2014-05-17,0.03124092709098176,0.21907291868185036,-0.16990666258700937,7.501460007721037,7.671312303012333,0.12480702773163378
2014-05-18,0.030638396936236843,0.22021301882961775,-0.16495533762596049,7.5069489026751075,7.671849873005355,0.12213762813615058
2014-05-19,0.02610708793978045,0.2213118972038672,-0.16005547818305335,7.508416331495808,7.668417442383148,0.10551772300182653
2014-05-20,0.020251300707095323,0.22236777335548652,-0.15522695022883856,7.5084449483689575,7.663617531302083,0.08346953258040893
2014-05-21,0.014696251347843102,0.22337686306894045,-0.1504129520036678,7.508712986948329,7.659071571656284,0.06172999157777664
2014-05-22,0.010146550964767307,0.2243377938546773,-0.1455300678273965,7.510007101527262,7.655482802058945,0.04327176286579071
2014-05-23,0.0067451943451227875,0.22524781524009702,-0.140597243189462,7.512448590930972,7.65299146682472,0.029074989617930806
2014-05-24,0.004350167794434959,0.22610401723444923,-0.13570871578481383,7.515798293779284,7.651452642268385,0.01887649726946693
2014-05-25,0.002728225218976638,0.22690553705024077,-0.13097640697079832,7.519710179833633,7.650632219508718,0.011880766974405656
2014-05-26,0.0016794704137937464,0.22765921942978506,-0.1263215844083449,7.524069929970448,7.650337147083079,0.0073231011084053665
2014-05-27,0.0010181836326718708,0.2283751115151259,-0.12169641156762255,7.528749708115389,7.650391752387298,0.004438593691310186
2014-05-28,0.0006082833572583053,0.22906079592667944,-0.1171238308039878,7.533598073015164,7.6506675365234385,0.0026485209030088475
2014-05-29,0.0003588302630823042,0.22972203404380653,-0.11259885766130805,7.538534831180795,7.65107932154639,0.0015595832541887773
2014-05-30,0.00020935521237960833,0.2303635882047635,-0.10810330208319525,7.543522465869161,7.6515714006566435,0.0009079782270934169
2014-05-31,5.1245726284882504e-05,0.23098858034388076,-0.10377057655182664,7.548322074053553,7.6520382833096665,0.00022180473019105994
2014-06-01,5.270616021620913e-06,0.23159824656331884,-0.09954184933682299,7.553114492377731,7.652601974418841,2.2757063821011192e-05
2014-06-02,0.00026957358489820333,0.23219145049784382,-0.09548480675517586,7.55802904186278,7.653459481322242,0.0011596506810632112
2014-06-03,0.0019512752517311953,0.23277119860423517,-0.09160841696188578,7.564166881429294,7.655720931095467,0.008313116420750421
2014-06-04,0.005116895628918425,0.2333383117254414,-0.08790122508434563,7.571606806805228,7.65945366459386,0.02145851913107684
2014-06-05,0.007345217583366691,0.23389358242206632,-0.08435308835543907,7.577938536185208,7.662237257244933,0.030447911294539963
2014-06-06,0.007753682376076743,0.23443545587405656,-0.08095496504137613,7.582286997743971,7.663187595489633,0.032014988087817255
2014-06-07,0.006885965259295297,0.2349565285460742,-0.07769873991434248,7.585196578426241,7.66284095104487,0.028472933564921796
2014-06-08,0.00548284938088112,0.23544253120549316,-0.0745770799553777,7.587401125166211,7.661923837825875,0.02275745862696878
2014-06-09,0.004050640663482416,0.235884721713445,-0.07158331505204382,7.589404871860097,7.660933819616428,0.016882216207542787
2014-06-10,0.005799249472683018,0.2362799196405967,-0.06871133935133647,7.594420654297157,7.66307762635278,0.02395600370707357
2014-06-11,0.025612876599751092,0.23662260843697416,-0.06595552967201605,7.6173327798999235,7.6832339422762255,0.09767128425111532
2014-06-12,0.07057785311962204,0.23691155988557036,-0.06331067799821893,7.665231559542187,7.728487870244693,0.22952937608434096
2014-06-13,0.10708282231958012,0.2371414712854928,-0.060771935588873456,7.704505182551413,7.765222750844574,0.3110844420598501
2014-06-14,0.12009804158321673,0.23731495704301386,-0.0583347666630936,7.720131056498351,7.778411455865731,0.3360203519313265
2014-06-15,0.11308694445530959,0.2374311175896149,-0.05599490997480997,7.7155759766053285,7.771516519284425,0.3226280089407081
2014-06-16,0.0949031846776024,0.23749221494431347,-0.05374834688275829,7.699699877274371,7.7533938568614165,0.2855129306408883
2014-06-17,0.07456001134544284,0.23750007072358167,-0.05159127476475797,7.68152163183948,7.733058539308525,0.2389283847235255
2014-06-18,0.056724963115950475,0.23745342080389806,-0.04952008482637055,7.665711123628692,7.715176841159349,0.19282505519306167
2014-06-19,0.04185990356922674,0.2373545790183505,-0.04753134352064732,7.652735963602144,7.700212939827078,0.149920244756993
2014-06-20,0.02983121449738231,0.2372101158596771,-0.04562177693355081,7.642472377958723,7.68803978759656,0.11171010291738424
2014-06-21,0.0205613260585099,0.23702368589045894,-0.04378825760373595,7.634849578880447,7.678583469188469,0.07982345674127726
2014-06-22,0.013742345963988031,0.2368022166007927,-0.04202779333965217,7.629569593760342,7.6715430198042815,0.05484990703174735
2014-06-23,0.008940597442769855,0.2365596625432258,-0.04033751767487663,7.626215566846333,7.666498717225496,0.03641787362375854
2014-06-24,0.0056826906814175645,0.23631043925154432,-0.03871468166686781,7.6243312728013075,7.6629915871724625,0.023482859546433452
2014-06-25,0.0035400925050236513,0.2360723969027751,-0.03715664679745295,7.623508667145559,7.660610946647299,0.014774240331849875
2014-06-26,0.002167349986356178,0.2358611359089131,-0.03566087877707324,7.62342043165341,7.65902694313477,0.009105422732091802
2014-06-27,0.00165628663500883,0.23568631309176571,-0.03421382726986022,7.624181596992128,7.658341056966275,0.006978463355990555
2014-06-28,0.00298160881786267,0.23555739375076928,-0.03282682623446494,7.626765000869381,7.659537459808132,0.012499460405871396
2014-06-29,0.004624724004165398,0.2354840855427239,-0.03149627091247842,7.629665363169625,7.66110726678639,0.019260950953414586
2014-06-30,0.0056564952466586,0.23547445061933506,-0.030227175425692598,7.631956594975515,7.662129403105494,0.023458188771017994
2014-07-01,0.0076970239451915135,0.23553730261115832,-0.029009026509839667,7.635278124581724,7.664232783795851,0.031644480670816634
2014-07-02,0.009047908309238111,0.2356766568952567,-0.02783101985848941,7.637946369881219,7.665723022443995,0.036971802571914146
2014-07-03,0.008836239204870918,0.2358925791300198,-0.02670108343495482,7.63908055943515,7.665727275574391,0.03610624717183602
2014-07-04,0.007557720263280661,0.2361814181746544,-0.025624689012378698,7.63916727396077,7.664737595677436,0.031007413547599512
2014-07-05,0.0058989634777943615,0.236533595297596,-0.024585557114507234,7.638899826196097,7.663431016014891,0.02433238962452915
2014-07-06,0.004304763448587901,0.23693876882272022,-0.02358594202802648,7.638710414778496,7.662241989510808,0.01784405744708904
2014-07-07,0.002987183082641057,0.2373794540934707,-0.02262801916141907,7.638791442549906,7.661365094415612,0.012427611076708655
2014-07-08,0.001993763435835764,0.23784278443764667,-0.021705954387277675,7.639183418021418,7.6608350051129825,0.008313009228633102
2014-07-09,0.002009074425689725,0.23831954786529622,-0.020823337192887585,7.640558109633313,7.661327079530486,0.00835969684566814
2014-07-10,0.005538381062403532,0.23880069060216955,-0.019974833142820465,7.645417063056967,7.6653375289040735,0.0226667844183618
2014-07-11,0.011478125356256122,0.23927794571882144,-0.01916971866551497,7.652639176944777,7.671754528314578,0.04577406763092694
2014-07-12,0.015336408864506554,0.23975004864032778,-0.018397157467445233,7.657742124572603,7.676084914744335,0.06012239542044643
2014-07-13,0.016045862310220916,0.24021106576078755,-0.017647536485536942,7.659662216120686,7.6772553853105086,0.06261630634148017
2014-07-14,0.014399364487156133,0.24065785376312085,-0.016928757397959616,7.659181285387532,7.676055675489778,0.056455428260127255
2014-07-15,0.011642302134873364,0.24108976122544157,-0.01624004364192356,7.657544844253605,7.673730520599816,0.046065789912359364
2014-07-16,0.008725795696121596,0.24150244285346534,-0.015576221729769989,7.655704841355031,7.671226695789088,0.03487134684198495
2014-07-17,0.00634363268247163,0.24189371949624786,-0.014936470176767667,7.654353706537166,7.66923580941822,0.025554706520977175
2014-07-18,0.005185991700508993,0.2422613429315272,-0.014329735603632706,7.654170423563618,7.6684457918715365,0.02095796145155802
2014-07-19,0.004488042584613852,0.24260587032609943,-0.013743749624687935,7.654402987821239,7.668092370150214,0.01816330694571013
2014-07-20,0.005362875869071877,0.24292429764722395,-0.013187906123894042,7.656152091927615,7.669285630755796,0.021599488177829272
2014-07-21,0.012043227151244621,0.24321910761563065,-0.01264789166447312,7.663667267637616,7.676260792006376,0.04717980489461322
2014-07-22,0.01836299762468062,0.24349656222634036,-0.012139265367105854,7.670773119019129,7.682858017090521,0.07012536657102696
2014-07-23,0.02268333415001785,0.24376067179006475,-0.01164516436435522,7.675851666110941,7.6874424631795835,0.08513358771192936
2014-07-24,0.03168900593217574,0.24400930890799305,-0.011177158115387824,7.685573981259995,7.696696772079669,0.11494087640886336
2014-07-25,0.03786180851909666,0.24424183018727733,-0.010724121076679447,7.692432342164908,7.703102095945875,0.13421240751348446
2014-07-26,0.03730871725562275,0.24445920337883786,-0.01028371818769189,7.692537026981983,7.702766377873961,0.13240938560931356
2014-07-27,0.032078212052522495,0.24466167499132085,-0.009858928439554724,7.687933783139503,7.697738344283344,0.11591466772348726
2014-07-28,0.025110746624927502,0.2448502296877316,-0.009452090766134043,7.681561710081739,7.69095943355216,0.09301620911255389
2014-07-29,0.01835796677676245,0.24502862572648307,-0.009063075827949778,7.67537634121051,7.684385049742746,0.06969970112102891
2014-07-30,0.01275768857892342,0.24520027973157893,-0.008686745368126301,7.67032404747759,7.678956425550003,0.04945646247130878
2014-07-31,0.00852433089090695,0.2453684095246038,-0.008327419334552787,7.666618145616172,7.674891197655011,0.03357453575457246
2014-08-01,0.005520995498175201,0.24553966237065605,-0.007980134272492412,7.664133348131553,7.672059115108332,0.021990683626184438
2014-08-02,0.00348653674804568,0.2457141602611468,-0.007648193294822281,7.662605328249584,7.670199154248693,0.013990878797249386
2014-08-03,0.0026892908963259774,0.24588950311759075,-0.007330255987355389,7.6623013625617755,7.6695772512534175,0.010818665795664843
2014-08-04,0.005748493913395196,0.24606913230896071,-0.0070367874523686,7.665833663305201,7.672816083461856,0.022828004534993326
2014-08-05,0.014020175531396346,0.24625916778060764,-0.0067503661810675575,7.67458180166615,7.681277800551505,0.053865878686308113
2014-08-06,0.020505194085626018,0.2464613804391611,-0.0064707030330664345,7.681548696026934,7.687965031764287,0.07680809525359575
2014-08-07,0.022723272222266857,0.2466754026015075,-0.006203195838707766,7.68424830352028,7.690397132063275,0.08434812174607452
2014-08-08,0.02137429956451154,0.24690426079241282,-0.005942331511137109,7.683389053381001,7.6892770175964245,0.07967203766143165
2014-08-09,0.018493069454819842,0.24714852729697515,-0.0056922521278207055,7.681002169159188,7.686640053991296,0.06961661758154178
2014-08-10,0.015101747603627631,0.2474057895886567,-0.005453134580976578,7.678107227146522,7.683505994431785,0.05752881523003944
2014-08-11,0.011589172838573872,0.2476737888460291,-0.005225630073973905,7.675090156145843,7.680261418924103,0.044700456876953606
2014-08-12,0.008428217893743924,0.24795029788132886,-0.005003303344391902,7.672428036965894,7.677376973014574,0.032874119222759714
2014-08-13,0.005862795342344599,0.24822796054207055,-0.0047925489044271475,7.670351031515202,7.675089213123916,0.023073627066588605
2014-08-14,0.005280118839496746,0.24850144492674947,-0.004592183653136434,7.670242204648324,7.674780021005747,0.020805762093735743
2014-08-15,0.010159216425553138,0.24876984159305152,-0.004409136482180462,7.675572746071638,7.679927515258105,0.03923552073797439
2014-08-16,0.015283296359248246,0.24903130091598266,-0.004233468926086333,7.681133952884358,7.685313054514731,0.05782236969429933
2014-08-17,0.017328206288034543,0.2492853862420287,-0.004060156642118589,7.683606260423159,7.687612049769564,0.06499370914887102
2014-08-18,0.016342590056110502,0.2495301854120952,-0.0038895301090577676,7.683036069894362,7.6868712327077064,0.06146770773100394
2014-08-19,0.013624386622606038,0.24977127645062785,-0.003721164385829304,7.6807273232226185,7.684394120312734,0.05172593376686671
2014-08-20,0.012923319008827894,0.25000916719521565,-0.0035630928275014197,7.680422217911756,7.683930943443544,0.04915071239542081
2014-08-21,0.02154614996205993,0.2502451281622304,-0.003421430598856362,7.689422672060648,7.692789735363791,0.0792746187837818
2014-08-22,0.030094017746582526,0.25048012571619493,-0.003279794458183389,7.698347173539808,7.701572600702278,0.10725869951938377
2014-08-23,0.03264894235713084,0.25071493488461644,-0.00314269083011411,7.701274010946847,7.704362334481248,0.11521914040326646
2014-08-24,0.02990794983087502,0.250946577759972,-0.0030083623408507327,7.69889898978521,7.701852984830348,0.10648911408843428
2014-08-25,0.024432762493706888,0.2511776038368611,-0.002879528531062218,7.693783662334719,7.6966088235700685,0.088649649935163
2014-08-26,0.018429916514751038,0.251418089480784,-0.002765287309016963,7.6881355432217315,7.690846463235036,0.06829739744327028
2014-08-27,0.013110861393679714,0.251668757007868,-0.002655631571436116,7.683176811365326,7.685778075641048,0.04951612768697561
2014-08-28,0.008921199514156637,0.2519262422538924,-0.00255037514006795,7.679349891163195,7.681845899007549,0.0342008319256953
2014-08-29,0.006042362143141685,0.2521866650503518,-0.0024421665632081264,7.6768396851655,7.679227484432994,0.02339923675046061
2014-08-30,0.004837670725275915,0.2524485944547572,-0.0023361693430555583,7.676002920372191,7.678284722419534,0.01880267771733097
2014-08-31,0.004986810687097064,0.25270347780224667,-0.0022352434250548993,7.676507869599503,7.678688745728844,0.019351954302706614
2014-09-01,0.007580871804155369,0.2529542211714161,-0.002135962788777575,7.6794519547220075,7.681533550215072,0.029097315519280832
2014-09-02,0.013359813797980305,0.2532045099709637,-0.0020514750359594625,7.685565673268198,7.687562781008444,0.0501185365283934
2014-09-03,0.020626203805786805,0.25346057173392683,-0.001970368288794452,7.693169231786133,7.695085232779214,0.07525428311953776
2014-09-04,0.02561864092057577,0.25372429660256324,-0.0018925056281957843,7.698503256430157,7.700341394762639,0.09171035841367453
2014-09-05,0.026181214819261646,0.25399963902720996,-0.0018177557405000247,7.699415922641186,7.701179311085972,0.09344398255566724
2014-09-06,0.02349633640285039,0.2542878600394053,-0.0017459926863265082,7.697091028291143,7.698782653681756,0.08458485653173106
2014-09-07,0.019723213523972383,0.25457932082199386,-0.0016770956789453042,7.6936782632022345,7.695300991585467,0.07190313998009339
2014-09-08,0.015904552282868935,0.2548685162527537,-0.0016020357186078043,7.690223857352229,7.691771525775123,0.05873757079639754
2014-09-09,0.012299800054903321,0.25515107971223777,-0.0015294316798862488,7.686974272622469,7.688449337006642,0.045989005777854496
2014-09-10,0.009083253126340937,0.2554247624011895,-0.0014587371341812272,7.684102102928563,7.685506472767031,0.03434018098931878
2014-09-11,0.006426428268805185,0.2556892070265619,-0.001392259192253221,7.6817762006383274,7.6831140925348675,0.024517531209321083
2014-09-12,0.004380717791749439,0.2559486453716758,-0.0013301324476140126,7.680052055251025,7.681327820402926,0.016827597695921015
2014-09-13,0.003702287960606105,0.2562034295026446,-0.001269725325841062,7.679688816672623,7.680904174702751,0.01424473457814405
2014-09-14,0.006456954571223245,0.2564614085513204,-0.0012108370871763846,7.6827603505705815,7.683916820362044,0.02455878126783302
2014-09-15,0.009505816937113014,0.256728150807343,-0.0011551467176371523,7.686131645562033,7.687232424983956,0.035704748787867474
2014-09-16,0.010554558332839378,0.25701007728078645,-0.0011009206688559446,7.687516539479984,7.688563092853126,0.039446761372757
2014-09-17,0.009730666754221748,0.2573138833931212,-0.0010500721668986674,7.6870473025156585,7.6880430073868435,0.03643836486778259
2014-09-18,0.007947906397185706,0.25763912522081855,-0.0009977887779026907,7.685642067375316,7.686585488857505,0.029925807554554235
2014-09-19,0.005977077685489297,0.2579905137405538,-0.0009470094261446985,7.684073406535112,7.684966048665544,0.022643225455060912
2014-09-20,0.004334995063844294,0.258375505469392,-0.0009025097886659818,7.682860815279784,7.683708957772737,0.016501034618126586
2014-09-21,0.0033917365410455775,0.2587967550581835,-0.0008603596867532685,7.682380956447689,7.683186948838729,0.01293625254242681
2014-09-22,0.0032179587013318606,0.2592551566946474,-0.0008215746095366841,7.682704365321657,7.683471572635479,0.012260145944765037
2014-09-23,0.004709504020642887,0.2597499249773039,-0.0007814613615367489,7.684730792171624,7.685457886237447,0.017808039737843683
2014-09-24,0.006032571959255705,0.2602792111323953,-0.0007410503146510239,7.686623557312214,7.6873102403311515,0.022652290819515104
2014-09-25,0.006198991648444168,0.2608409089184769,-0.0007049525223734646,7.687387772579761,7.6880383578064215,0.02321372811809702
2014-09-26,0.005465975441926989,0.2614243087770861,-0.0006700169511531874,7.687273091803074,7.687888741458513,0.020480233883079645
2014-09-27,0.004346037874221213,0.26201921826601915,-0.000636281418040567,7.686781799257414,7.687363713379741,0.0163160839262499
2014-09-28,0.005997899019134625,0.26261596768510365,-0.0006113446824244108,7.689055346557028,7.689612323943739,0.022329074417214326
2014-09-29,0.017770417184062148,0.26320954382466705,-0.0005807033753225465,7.70145208216862,7.701978418248229,0.06324442896306785
2014-09-30,0.02867174133385398,0.2637970740735753,-0.000552169801757688,7.7129694701408855,7.7134672726469296,0.09803349903787953
2014-10-01,0.03285555551523168,0.26437268352617505,-0.000523125379660113,7.717757938196961,7.718226696280907,0.11053981822586711
2014-10-02,0.030995565819189826,0.26492833885972317,-0.0004956084440412872,7.716481120770085,7.716922361918414,0.10474167625228187
2014-10-03,0.025795424706321783,0.26546133239075076,-0.0004710087216387268,7.711838572910648,7.712255214336573,0.0885659270652542
2014-10-04,0.020059610518399457,0.2659715918535985,-0.00044512114849305307,7.706638905758719,7.707029659611498,0.0701308470965728
2014-10-05,0.016143134267135015,0.2664559508950118,-0.0004210926753048457,7.703230817022056,7.703597542401647,0.05712380228645317
2014-10-06,0.013351583301062552,0.2669151141745542,-0.00040064181010675086,7.700918880200724,7.701265154715117,0.04763885049961793
2014-10-07,0.011473503918840826,0.26734355672959387,-0.00037789713984077045,7.699491988043808,7.699815517887935,0.04115065230283009
2014-10-08,0.010043891750734018,0.26773247939169953,-0.0003631288157331113,7.698466066861914,7.698774828381934,0.036158193403656634
2014-10-09,0.008444136361477245,0.26807860312852944,-0.0003463945530614748,7.697229169472159,7.697521196729507,0.03053686064679831
2014-10-10,0.006690380963178262,0.2683907045952694,-0.0003266722517136963,7.695807237841948,7.696079542797948,0.024321486697625846
2014-10-11,0.0049974207046567356,0.2686699415261133,-0.00030337804857552504,7.694416808717408,7.694665819470271,0.018260930583467457
2014-10-12,0.0035516925062630037,0.26891958385328835,-0.00028635869302891557,7.693237742201736,7.693469733599052,0.013035107970706655
2014-10-13,0.0024234242492468493,0.2691420932612542,-0.00027026528116359127,7.692348076764551,7.692563974750001,0.008923902679040018
2014-10-14,0.0015993876000779082,0.26933896659625495,-0.0002597194418330192,7.691731459289714,7.691936811435833,0.005903142081238626
2014-10-15,0.0009329786234669503,0.26950917050649037,-0.00024958945831086293,7.69124538420686,7.691440606369458,0.0034498269832141434
2014-10-16,0.0005908600946568315,0.2696558293105662,-0.00023985874009134551,7.691059655200346,7.691245146644723,0.0021863731095364608
2014-10-17,0.0003602848242045305,0.2697831578760765,-0.00022702356428865348,7.690969243671206,7.691141899939781,0.00133367969476964
2014-10-18,0.00030952879221213194,0.26989075250316946,-0.00021231194000075662,7.691040793890595,7.691198738534882,0.001145553182728765
2014-10-19,0.002339852937542667,0.2699799601254029,-0.0001978784436882325,7.693174759154471,7.693318270302446,0.008592297825211198
2014-10-20,0.010461919300258093,0.2700564588311691,-0.00018328173396088492,7.70138792093268,7.701516835370928,0.037294951475002905
2014-10-21,0.017582769626840817,0.27011999232936384,-0.00017017914175804574,7.708585407349661,7.708701219195705,0.06111435812186378
2014-10-22,0.019875355230786297,0.27016042418905695,-0.00015767948091630995,7.710930924474141,7.711034236659343,0.06852725298424506
2014-10-23,0.01831435874988736,0.27017394225701363,-0.0001459323489355319,7.7093951931931795,7.709486758246402,0.06348388716618793
2014-10-24,0.015193156464285781,0.2701565217134432,-0.0001339729428971421,7.706268529770045,7.70634813541723,0.05324399368981514
2014-10-25,0.012704274111329333,0.2701025746695216,-0.0001229375938910118,7.703736735722174,7.703805306020351,0.044922087870559194
2014-10-26,0.01054180965835902,0.27001167714343954,-0.00011492304887939669,7.701491388288133,7.701551944041299,0.03757504416905161
2014-10-27,0.009436250168076253,0.269883149259889,-0.0001104502411147283,7.700261773722064,7.700317856667466,0.03378301037235978
2014-10-28,0.012292349106174104,0.2697103933924831,-0.00010174474350109181,7.70295382229037,7.703001199738158,0.0435894665323428
2014-10-29,0.014957132143164848,0.26948614741363086,-9.405474800583657e-05,7.705402049344004,7.705441736796296,0.05258388303801816
2014-10-30,0.015054018296254995,0.2692125540320496,-9.039641684396739e-05,7.705229000446675,7.705265029567805,0.052957399010914445
2014-10-31,0.013145447695858908,0.26889327789070755,-8.688182705320078e-05,7.703004668294727,7.703037182826067,0.0466086622272166
2014-11-01,0.010397167606399218,0.2685313959177971,-8.350526676913396e-05,7.699897882792641,7.699927020763697,0.037275377878240465
2014-11-02,0.007660614315984821,0.26812931077196966,-8.026125392653653e-05,7.696762488369242,7.696788382327455,0.027776991177403274
2014-11-03,0.00535446460753661,0.26769018386278204,-7.714452689043232e-05,7.694020328478642,7.694043105709819,0.019610216268782385
2014-11-04,0.0044894288612148114,0.267215725640238,-7.415003547558765e-05,7.692683829001191,7.692703611740953,0.01652316412418597
2014-11-05,0.007642820458065329,0.26670938028884633,-6.998366571307601e-05,7.695335041616413,7.695350657986412,0.027857696921176837
2014-11-06,0.013148819009994499,0.2661730107712267,-6.366329521758375e-05,7.700310991021217,7.7003202870207215,0.047074083039959004
2014-11-07,0.01985434322980937,0.2656128718297092,-6.119419134197396e-05,7.70645884540339,7.706465672299019,0.06955034477661412
2014-11-08,0.023355306073879614,0.26503839916504907,-5.882178719675086e-05,7.709387707986946,7.709392162478429,0.08098410488720685
2014-11-09,0.02254034897545274,0.26445744030444035,-5.654225412179795e-05,7.707994071560985,7.707996246519394,0.07853840627835075
2014-11-10,0.019054433715391013,0.26387976059829177,-5.4351916883889344e-05,7.703932666932013,7.703932651553183,0.06734581432128274
2014-11-11,0.0147224139016292,0.2633043828579865,-5.224724744764285e-05,7.699027374047382,7.699025253999116,0.05295321916167067
2014-11-12,0.010748466790632386,0.26272842168852056,-5.022485900363929e-05,7.6944794881553635,7.694475345718653,0.039303016976704186
2014-11-13,0.007814002870760735,0.26214983634540073,-4.6008842860583584e-05,7.690970654908515,7.690962296455662,0.028944627893308414
2014-11-14,0.005820816488780246,0.2615674351161984,-3.884134107462055e-05,7.688402234799118,7.6883867088444795,0.021769155727079315
2014-11-15,0.004630394854582858,0.26097986063996087,-3.2079689673782516e-05,7.686631000340084,7.686608712734044,0.017433042432648004
2014-11-16,0.0037662939065916962,0.2603959477610695,-2.75203656856376e-05,7.68518754583719,7.685160698907161,0.014257502824078913
2014-11-17,0.0031468434014576166,0.259823945384788,-2.6456249003894613e-05,7.683997157072455,7.683969246025746,0.011966513147646645
2014-11-18,0.003229979508295103,0.2592790187122398,-2.2273660636242483e-05,7.683539549095112,7.6835074554600356,0.012304262064120117
2014-11-19,0.0033406132917978117,0.25876488430888306,-1.709520231967943e-05,7.683141226933575,7.683103954840181,0.012745300355688282
2014-11-20,0.0030937259736695385,0.25827844718818127,-1.2941681031805521e-05,7.682412056016033,7.682370630401351,0.011836477985565032
2014-11-21,0.0025504981915775095,0.25782213920112546,-8.664782785934282e-06,7.681416797145131,7.681371094632204,0.009795569216172131
2014-11-22,0.001956156882267138,0.2573986098883735,-3.32861356749279e-06,7.680404262692287,7.680353224010141,0.007542398031176569
2014-11-23,0.0013866378730280932,0.2570088195340982,-3.2000444079039134e-06,7.679445081897932,7.679393914646627,0.00536633997726715
2014-11-24,0.0009631346904542828,0.25665411808942035,-1.0760482582704399e-16,7.678670077315088,7.6786157100193755,0.003738626509138537
2014-11-25,0.0006433664150153458,0.2563357843205129,-9.824788445077929e-17,7.678031975270742,7.677977607975029,0.002503574368480463
2014-11-26,0.00041663575409024755,0.25605496895754115,-3.274929481692643e-17,7.677524429246845,7.677470061951132,0.0016244907679300394
2014-11-27,0.0002630918149797356,0.2558137971623121,-1.3099717926770572e-16,7.677129713512506,7.677075346216792,0.0010273938270277325
2014-11-28,0.000701850539432056,0.25560358868476263,-9.824788445077929e-17,7.677358263759409,7.6773038964636955,0.0027383365002181456
2014-11-29,0.0030998109325651004,0.25541568852547974,-1.0292635513891164e-16,7.679568323993259,7.679513956697545,0.011990812694262366
2014-11-30,0.005284631331191502,0.25523819770309897,-7.017706032198521e-17,7.681575653569504,7.6815212862737905,0.02028471497404141
2014-12-01,0.006279025659697094,0.25506146621914355,-1.0760482582704399e-16,7.682393316414054,7.682338949118341,0.024026225766071097
2014-12-02,0.007063374363903163,0.2548813837201131,-2.6776352062722103e-09,7.682997579941595,7.682943215323517,0.026965129653931285
2014-12-03,0.007157346100086711,0.25468964186865883,-1.3565559433307336e-06,7.682898455948016,7.682845445208246,0.02733407840819243
2014-12-04,0.006399574898389762,0.2544789906351425,-3.294980572963171e-05,7.681898440263017,7.681877022773032,0.02453085743285102
2014-12-05,0.00545857912395676,0.25424466515823047,-0.00023760925341982664,7.680518459563981,7.680701701521688,0.021018524967002725
2014-12-06,0.005407488715371083,0.2539821013305872,-0.0009217082305517935,7.67952070635062,7.680388047285459,0.020846976605394966
2014-12-07,0.005392068397293876,0.2536872759454176,-0.0024456208965906207,7.6776865479813345,7.680077801582212,0.020812421040255602
2014-12-08,0.00488168658867989,0.2533566822069859,-0.0049969828710813,7.674294210459799,7.679236826035166,0.018903800436187636
2014-12-09,0.004016904295571169,0.2529879213002306,-0.008535789490105127,7.66952186064091,7.678003282835302,0.01562968433086412
2014-12-10,0.004231694472881521,0.25257854813392644,-0.012993608505378113,7.664869458636644,7.677808699846309,0.016477903801370188
2014-12-11,0.011048519298956604,0.25212850821809185,-0.018417041370100383,7.665812810682162,7.684175484756549,0.041981321102355286
2014-12-12,0.0258572758031632,0.2516382406055145,-0.024865192903973127,7.673683148039919,7.698493973648178,0.09318087779509293
2014-12-13,0.037057813639662186,0.25111342607609805,-0.03220079905509471,7.67702326519588,7.709169696955261,0.1285965028162228
2014-12-14,0.04106695886156313,0.25055576320500256,-0.04005406274268816,7.672621483859091,7.712621179306066,0.140822219100572
2014-12-15,0.038676787002402145,0.249966678142358,-0.04798648869590956,7.661709800984064,7.709641922384261,0.13399502040694047
2014-12-16,0.032755901070077996,0.24934804231537647,-0.05563739721758505,7.647519370703083,7.703102400624955,0.11611287909336938
2014-12-17,0.02789874154935145,0.24870313692863238,-0.06279599093915848,7.634858712074039,7.6976003357174845,0.10086244425694331
2014-12-18,0.03139523099602257,0.248034784459772,-0.06938943248357715,7.631093407507431,7.700428472695295,0.11235454052712261
2014-12-19,0.03501953908361392,0.24734176557583126,-0.07545464994822892,7.62795947924643,7.703359761898946,0.1240238605847598
2014-12-20,0.03384010929122234,0.24662628370312942,-0.08106270119564579,7.6204565163339195,7.701464850233852,0.12065655685137233
2014-12-21,0.028932299118979023,0.2458947186810606,-0.08627606900238517,7.609603773332869,7.69582547503954,0.10527458090030203
2014-12-22,0.022594995558626284,0.2451571206129584,-0.09127899878033094,7.597525941926468,7.6887505734110855,0.08438773848624465
2014-12-23,0.01651975028718483,0.24442377431274365,-0.0964369525455916,7.5855593965895505,7.681941981839429,0.06330776098971018
2014-12-24,0.011485984484888046,0.2437040973942228,-0.10216040112537568,7.574082505288949,7.676188539118611,0.04500952544985353
2014-12-25,0.007680226982155401,0.24300278355828828,-0.10877273617829625,7.562963098897361,7.671681467779944,0.030637205790682492
2014-12-26,0.004978215622619977,0.24232698387404003,-0.11644719315539202,7.551910830876482,7.66830365673616,0.020129846168831605
2014-12-27,0.003106793213347694,0.24168317991583138,-0.12515658182205688,7.540686215842336,7.665788430368679,0.012691668590968782
2014-12-28,0.0018458498080106526,0.2410781654581165,-0.134728984805081,7.52924785499626,7.663922472505628,0.007598465742419475
2014-12-29,0.0011263158305708373,0.24052133136249979,-0.14499094077929348,7.517709530948991,7.6626461044325715,0.00466098405531314
2014-12-30,0.0006614466634228842,0.24001967615788278,-0.1558426981598849,7.505891249196635,7.661679580060806,0.0027482282601530702
2014-12-31,0.00039238709069528273,0.2395801268719161,-0.1672413279396497,7.4937840105581754,7.6609709712021115,0.0016351334751463166
2015-01-01,0.00022701995279814747,0.23921136230815696,-0.17912805763536577,7.481363149160803,7.660436839500456,0.0009481351763842388
2015-01-02,0.00013176540054047223,0.23891189855359843,-0.19122792911194916,7.468868559377404,7.660042121193639,0.0005512189629328629
2015-01-03,-7.714641301943496e-18,0.23867626563541278,-0.20332856744449032,7.4564005227261365,7.659674722874914,-3.232261608168409e-17
2015-01-04,-8.716450058303215e-18,0.238495054748083,-0.2153840628040108,7.4441638164792865,7.659493511987583,-3.6547718222125006e-17
2015-01-05,-7.379118654326582e-18,0.23835921622760764,-0.22767543687836309,7.431736603884459,7.659357673467108,-3.095797498880979e-17
2015-01-06,-1.5794835782393538e-17,0.23825919055861453,-0.24014716522921453,7.419164849864614,7.659257647798115,-6.629266113664492e-17
2015-01-07,-3.350467289678113e-18,0.23818688284124828,-0.2525095080782388,7.406730199298224,7.659185340080748,-1.4066548290617673e-17
2015-01-08,-4.416525063666603e-18,0.23813506237095464,-0.26457221976363055,7.394615667142538,7.659133519610455,-1.8546303176416608e-17
2015-01-09,7.614698385632074e-18,0.2380956593210323,-0.2763805373994588,7.382767946456787,7.659094116560532,3.1981676639324715e-17
2015-01-10,-1.644774851296528e-17,0.23805362665379545,-0.28815702676271016,7.370949424426299,7.659052083893296,-6.909261893701566e-17
2015-01-11,-1.5838572642114716e-17,0.23800254093931741,-0.29990311194312297,7.359152253531408,7.659000998178818,-6.65479140668209e-17
2015-01-12,-1.0051401869034338e-17,0.2379352520772541,-0.3114788999461964,7.3475091766662715,7.658933709316755,-4.224427352097786e-17
2015-01-13,-1.0051401869034338e-17,0.2378430235404784,-0.3228839631299082,7.336011884945784,7.658841480779979,-4.2260654609125813e-17
2015-01-14,3.1981733219654712e-18,0.2377200283688795,-0.33400048379156866,7.324772369112525,7.65871848560838,1.3453529111155666e-17
2015-01-15,8.985786163271456e-05,0.2375613241558092,-0.34500002374838884,7.313703982804267,7.658649639256942,0.00037810820409098423
2015-01-16,0.0005006619811891755,0.23736272645827566,-0.355796875100742,7.3031193378739365,7.658861845678965,0.0021048299382003957
2015-01-17,0.0008711952409908161,0.23712071048378947,-0.36649402125832076,7.292550709001674,7.658990362964281,0.003660608701534109
2015-01-18,0.000996413792804178,0.2368323314507577,-0.37673987474750487,7.282141695031271,7.658827202483062,0.00418962725377769
2015-01-19,0.0009238711373519706,0.23649515819428293,-0.3858804200811282,7.2725914337857205,7.658417486571135,0.003891310397286968
2015-01-20,0.001384541555607624,0.23610721665905166,-0.3937439230147473,7.264800659735126,7.65849021545416,0.005829850964159321
2015-01-21,0.00452231209648413,0.23566694105952765,-0.4005669630910265,7.2606751146001995,7.661187710395512,0.01882812006391777
2015-01-22,0.009004575280715526,0.23517602111518804,-0.40663109019717025,7.258602330733948,7.665179053635404,0.03687670279138768
2015-01-23,0.011604021621128027,0.23463026364834427,-0.4121340888229341,7.255153020981752,7.667232742508973,0.047125937837734055
2015-01-24,0.011628052911206685,0.2340312683841438,-0.41710818961854257,7.249603956212022,7.666657778534851,0.04733405941973823
2015-01-25,0.010022069547136938,0.2333768732270877,-0.4212687922166789,7.243182975092759,7.664397400013725,0.04117548512292984
2015-01-26,0.00782737910817949,0.23266719793314422,-0.42449688923135215,7.237050512345186,7.6614930342808245,0.032547008770324695
2015-01-27,0.005885330261742008,0.2319030727118732,-0.4269676886320761,7.231873538876753,7.658786860213116,0.024750282974880987
2015-01-28,0.005672816995034298,0.23108538407973067,-0.4290263864626563,7.228784639147323,7.657756658314265,0.023960382235050436
2015-01-29,0.008381117223260317,0.23021505923781727,-0.4309797101085846,7.228669290887707,7.6595946337005785,0.03512678764417474
2015-01-30,0.010663607578151265,0.22929309544012652,-0.4329762509887162,7.2280332765647755,7.660955160257778,0.04443971534872691
2015-01-31,0.010890932519992052,0.22832192049445932,-0.4347424699539957,7.2255232075956695,7.660211310253952,0.045528207965205396
2015-02-01,0.009740281972619075,0.22730848480303403,-0.4359389445820682,7.2221626467287985,7.658047224015154,0.04108978125095011
2015-02-02,0.0087616677796464,0.22626134971038034,-0.4364963616616613,7.2195794803635795,7.656021474729528,0.03728004121986989
2015-02-03,0.008425346827600837,0.22518682885797245,-0.4365085851077135,7.218156415113073,7.654610632925074,0.03606552955930175
2015-02-04,0.008146356166257038,0.22408827029484696,-0.4360439688296547,7.217243482166663,7.653233083700605,0.035078128918132875
2015-02-05,0.007337026307815733,0.22297405977342324,-0.4349002419376688,7.216463668678784,7.65130954332074,0.03185702621899712
2015-02-06,0.006040586464005537,0.22184862908234362,-0.4328761998693826,7.21606584021218,7.6488876727858495,0.02650667978966725
2015-02-07,0.004625335649349875,0.22071609308571025,-0.43010604950456,7.216288203765714,7.646339885974561,0.020525900076669896
2015-02-08,0.003352662365664925,0.219582182020313,-0.42711923858688305,7.2168684303343085,7.643933301625478,0.015038754371928949
2015-02-09,0.0023197062872502843,0.21845284638349893,-0.42444282192509464,7.217382555280868,7.64177100991025,0.010507222293659826
2015-02-10,0.002535131265200827,0.21733908232312898,-0.42240957202497975,7.218517466098564,7.6408726708278305,0.011529916236322962
2015-02-11,0.006508157881444696,0.2162471396815771,-0.42118083250739197,7.222627289590844,7.643753754802522,0.029216624487251135
2015-02-12,0.010215085730442379,0.21518131645704966,-0.42074063879551393,7.225708587927192,7.646394859426993,0.04532053587059983
2015-02-13,0.011345381182091602,0.21414206028461735,-0.42091750584049953,7.225622760161423,7.646485898706209,0.05031491380759064
2015-02-14,0.010372504074728025,0.2131281777371609,-0.4216717529140932,7.222881753433009,7.64449913905139,0.046409272627893475
2015-02-15,0.008437439476821212,0.21213766763929742,-0.4227896144404388,7.218838317210894,7.641573564355619,0.038252002173479356
2015-02-16,0.006327503668768503,0.21117598296987222,-0.42388634819307847,7.214669962980776,7.638501943878142,0.029091504538872007
2015-02-17,0.004476073053425619,0.210240861557286,-0.42472378574623854,7.211045973399687,7.635715391850212,0.02084639044209939
2015-02-18,0.0030242595621466153,0.20933260034778986,-0.42529629989369794,7.208113384551452,7.633355317149437,0.014241402719126882
2015-02-19,0.0019730164589650094,0.20845106050097392,-0.42561912888521936,7.205857772609933,7.631422534199439,0.00937638167394997
2015-02-20,0.0012535401024044344,0.20759350166006946,-0.4260706453960916,7.203829220901596,7.629845499001974,0.006002192283049485
2015-02-21,0.000780714520449027,0.20675788039981916,-0.4266919503592701,7.201899469096212,7.628537052159769,0.003761779927000858
2015-02-22,0.0012858911149439417,0.20593967586224085,-0.4273623236336968,7.200916067878702,7.628224024216685,0.00620527251391483
2015-02-23,0.005332145981235845,0.20514190618756756,-0.42812241793552985,7.203404458768487,7.631472509408304,0.025333982627746353
2015-02-24,0.011104918166541777,0.20436695482228892,-0.4290327997893859,7.207491897734658,7.636470330228331,0.05153766945311427
2015-02-25,0.014795446341602892,0.20361369189476203,-0.4300030685961853,7.209458894175394,7.639407595475865,0.06774188324295793
2015-02-26,0.0152224950102213,0.20288024345052394,-0.4307546359416096,7.20840092705435,7.6391011957002455,0.06979506592926658
2015-02-27,0.013339469334522376,0.20216750926709762,-0.43118005708229107,7.205379746054543,7.63650543584112,0.06189808525496214
2015-02-28,0.010572590562388845,0.20147134041048137,-0.43104104730492904,7.202055708203155,7.63304238821237,0.04986037805411911
2015-03-01,0.0077919582346597975,0.20078905205186415,-0.4301242898006258,7.199509545021112,7.629579467526025,0.03735698769488232
2015-03-02,0.005444120845901009,0.20011929709117093,-0.42856378582032667,7.1980524566519595,7.626561875176573,0.02648389922942218
2015-03-03,0.0036517657586009806,0.19946090521491316,-0.4266958972759348,7.197469598232793,7.6241111282130145,0.017979015002353892
2015-03-04,0.002372088501026501,0.198812850715692,-0.42498431364352335,7.197253450108409,7.622183396456219,0.011790586861331916
2015-03-05,0.0015014015583100645,0.19817475837591725,-0.42375785815282146,7.19697112631662,7.620674617173727,0.007519182854901763
2015-03-06,0.0009302145879402233,0.19754917302763716,-0.42321362601715606,7.196318586133636,7.619477844855078,0.004686706257588315
2015-03-07,0.0007458162240451295,0.19693764005483316,-0.4230410210345794,7.195695259779512,7.618681913518379,0.0037727801713107597
2015-03-08,0.0013406328245945361,0.1963412808549106,-0.4233325349166705,7.195402203298048,7.618680370919005,0.00678176773808482
2015-03-09,0.0019431202535231187,0.19576230573891285,-0.4239001163973227,7.194858134130327,7.6187038832319365,0.009828360773454245
2015-03-10,0.0021102325774613948,0.19520242503732524,-0.4246846373288968,7.193680844821103,7.618311114854287,0.010694866730654453
2015-03-11,0.0018884467689455537,0.19466263914447068,-0.4253915419157894,7.192212368532841,7.617549543152917,0.009607918268014267
2015-03-12,0.00385264806682958,0.1941440485600313,-0.42592106138447544,7.1931284597776,7.618995153866361,0.019458143153217217
2015-03-13,0.014153989350911143,0.19364753406028246,-0.4266285909362753,7.202225757010132,7.628799980650694,0.06811302014809345
2015-03-14,0.02345687364142923,0.19317379227924314,-0.42739792710881197,7.210285563347075,7.637629123160173,0.10828048532158814
2015-03-15,0.027621208547223157,0.19272336254866793,-0.42812788428349635,7.213269511347608,7.641343028335392,0.12535461350306093
2015-03-16,0.03529006251805832,0.19229664806766467,-0.4284827573666664,7.22015677775427,7.648585167825224,0.1550620527324944
2015-03-17,0.05581969908367963,0.19189218878187184,-0.4281938083925702,7.240570904008195,7.668710345105052,0.22534122025656042
2015-03-18,0.07106266811072277,0.1915031669917192,-0.42722423941218257,7.256394420225473,7.683564292341942,0.27064704775088944
2015-03-19,0.07226792000496686,0.19112061592546628,-0.4254548375541355,7.258986522911512,7.684386993169934,0.2743776214468744
2015-03-20,0.06324213413675712,0.1907388924798666,-0.42278834264298876,7.252245508508849,7.6749794838561245,0.2490033802100466
2015-03-21,0.05001622172879802,0.1903525683677797,-0.41913341754891936,7.242288197082872,7.661367247336078,0.2080811810414406
2015-03-22,0.03682535111137532,0.18995717015247815,-0.4146239289110765,7.233211416887991,7.647780978503354,0.1623817872124736
2015-03-23,0.025717226351127637,0.18955088662781894,-0.409565745688119,7.226755191826041,7.636266570218447,0.11946602771420589
2015-03-24,0.017240568178045403,0.18913746957037564,-0.4043674311097955,7.2230634311738395,7.627376494987922,0.08353877363182415
2015-03-25,0.011198479151511934,0.18871981867118318,-0.39961725474640997,7.221353867611499,7.620916755062195,0.05601527860868302
2015-03-26,0.007088101099714815,0.18830189349452894,-0.3955533341602774,7.22088948496918,7.616388451833744,0.036276684046357165
2015-03-27,0.004391715867968801,0.18789410970247403,-0.392229926323097,7.221108723782559,7.613284282809944,0.022839519527454305
2015-03-28,0.0026728173731298856,0.18751040835586574,-0.3894600328426463,7.221776017421563,7.611181682968496,0.014053907030363213
2015-03-29,0.0020624639562951477,0.18715875378133287,-0.3871470046051407,7.223127037667701,7.610219674977128,0.010899749937953241
2015-03-30,0.003906865187562913,0.18685160887218277,-0.3853665608950811,7.226444737699879,7.611756931299246,0.020480690081108952
2015-03-31,0.005756133220697352,0.18659611607756182,-0.3839094714891142,7.229495602344359,7.6133507065377595,0.02992495924376719
2015-04-01,0.0062458237399962415,0.186396181966442,-0.3825060077063335,7.2311888225353185,7.613640462945939,0.03242192021979919
2015-04-02,0.005548497440133368,0.1862560135045332,-0.38088524929232775,7.231972086187553,7.612802968184167,0.028927877727203438
2015-04-03,0.0045332191450709585,0.18617908125363863,-0.37893538176268826,7.232829743171235,7.61171075763821,0.023769935843643314
2015-04-04,0.003410333519977271,0.1861655453679788,-0.37673305105761495,7.233895652365555,7.610574336127456,0.017989279754271167
2015-04-05,0.0024173921270027004,0.1862100350442474,-0.3744366175581678,7.235243634148296,7.60962588441075,0.012815697925031923
2015-04-06,0.0016388931992680465,0.1863098413744444,-0.3720617350652558,7.23693982404367,7.608947191813213,0.008719894831881838
2015-04-07,0.0010733159143327421,0.18646041952603373,-0.3699120482889215,7.238674511686659,7.608532192679867,0.005723321789609657
2015-04-08,0.0013127541781951385,0.18665036617132574,-0.36786792388882794,7.241148020995907,7.608961577589021,0.006984105050788942
2015-04-09,0.009052376265271115,0.18686588180522534,-0.3658377341341789,7.251133348471531,7.616916715309997,0.04620486295878476
2015-04-10,0.03633410014279702,0.18710209612782938,-0.36386122610250055,7.2806277947033395,7.644434653510126,0.16261510332367582
2015-04-11,0.06641762630219736,0.18734841482775294,-0.3618266385823239,7.31299222708284,7.67476449836945,0.26172779465076557
2015-04-12,0.08630663162248149,0.1875988443397062,-0.35968957548760583,7.335268725009795,7.694903933201688,0.31509640805573386
2015-04-13,0.08998746175621532,0.18784818316106214,-0.3571466460276123,7.341741823424879,7.698834102156778,0.3238873895500633
2015-04-14,0.0817959624071404,0.18809190670213985,-0.35386314249975204,7.337077551144742,7.690886326348781,0.30307387537311065
2015-04-15,0.06742150507777497,0.18832607441218252,-0.34997057691773037,7.326829827107441,7.676746036729458,0.2636251932950256
2015-04-16,0.05155680259870716,0.1885479776433296,-0.3455573186892022,7.315600286088048,7.661103237481537,0.21472626470299971
2015-04-17,0.03719455140778159,0.1887538937287657,-0.34071841224593297,7.3062828574258285,7.6469469023760475,0.16461521293188733
2015-04-18,0.0256389128664917,0.1889415989789344,-0.33549030757169795,7.300143028808942,7.635578969084927,0.11948388344306304
2015-04-19,0.017044846274815218,0.18910984950169454,-0.3300337685480842,7.29717375176364,7.62715315301601,0.08267988371845462
2015-04-20,0.011004048114861319,0.18926278718609102,-0.3245824704373918,7.296737189398774,7.6212652925404525,0.05494693166906498
2015-04-21,0.006934700154345378,0.18940749760142972,-0.3193512325567231,7.298043789734266,7.617340654995275,0.03531945874911347
2015-04-22,0.004642361005425308,0.189555953981152,-0.3144059811807015,7.300845158341089,7.615196772226078,0.023905258939791424
2015-04-23,0.004692868079601137,0.18972616846831108,-0.309748187984694,7.3057236730984325,7.615417493787413,0.0241379042038645
2015-04-24,0.006080444075549206,0.18992959643895965,-0.30538388121700405,7.311678983832719,7.617008497754009,0.031021084734172713
2015-04-25,0.008758780538766858,0.19017621213803934,-0.3011955727391356,7.318792244472885,7.6199334499163065,0.044028355297936694
2015-04-26,0.010271232548967335,0.1904795876996763,-0.29701361035404694,7.32479003442981,7.621749277488144,0.05116408758004431
2015-04-27,0.010350883300126037,0.19084773933862242,-0.292694978391878,7.329556468782084,7.622197079878249,0.05144609423450685
2015-04-28,0.01020048602592307,0.19128364032861436,-0.28817122538764334,7.334365725502108,7.622482583594038,0.0506267476772537
2015-04-29,0.00984853298465045,0.19179747883191553,-0.2835813444305544,7.339117491921225,7.622644469056066,0.048840703051491526
2015-04-30,0.008945980016658531,0.19239001596550181,-0.27886556013203645,7.3435232603853375,7.622334453221661,0.04443308794842231
2015-05-01,0.008175436103674284,0.19306240551536846,-0.2739675598703794,7.348323106283877,7.622236298858543,0.04062573936342924
2015-05-02,0.007206483141370007,0.1938132601256283,-0.2689029987839134,7.3531695690182985,7.622018200506499,0.03584962861980287
2015-05-03,0.005924701164490057,0.19463707291608887,-0.26379799163627665,7.357816606979516,7.621560231320079,0.029540530301201427
2015-05-04,0.0045530669469171885,0.19552119590431327,-0.25870202304908896,7.362425064337355,7.621072720090731,0.022756884778841944
2015-05-05,0.00330702028181485,0.19644821031228604,-0.2536109457536334,7.367197109375681,7.620753687833601,0.016555362640464005
2015-05-06,0.0022948926762178814,0.19741010936924447,-0.24846976068614374,7.372288065894533,7.620703459284963,0.011491413097882519
2015-05-07,0.0015349335938819935,0.19839937030256583,-0.24330794874815126,7.37767917968351,7.620932761135948,0.007677189776682762
2015-05-08,0.0009962492822777414,0.19940415600666972,-0.23801384591704397,7.383439383907118,7.621398862528448,0.004971293749836976
2015-05-09,0.0006186387944280539,0.2004199722496454,-0.23265682513014116,7.389434610449146,7.622037068283574,0.003077213830792088
2015-05-10,0.00038120310588139186,0.20144660032916023,-0.22722586342647358,7.395654764543782,7.622826260674542,0.0018887541725839685
2015-05-11,0.00021449670620036666,0.2024775108966477,-0.221706627386995,7.402038204751067,7.6236904648423485,0.0010582395859468153
2015-05-12,0.0003092010239062541,0.2035129541042954,-0.2160958275234097,7.4087791521400055,7.624820612367702,0.001517013808983476
2015-05-13,0.0010784058777800203,0.2045520823551345,-0.21033347600448504,7.416349836763644,7.626628945472415,0.005244387089907244
2015-05-14,0.001958346139242649,0.20559080605892616,-0.20452171570057778,7.424080261032805,7.628547609437669,0.009435577637883155
2015-05-15,0.004629754653599691,0.20662550689054734,-0.19862153569645924,7.433686550382902,7.632253718783647,0.02191545251824267
2015-05-16,0.012612589650134082,0.20765125960788763,-0.19262844968998838,7.448688224103247,7.641262306497522,0.05726127865567004
2015-05-17,0.019365130695065805,0.20866251780325243,-0.18655273594530122,7.462527737088231,7.649026105737819,0.08492448535340058
2015-05-18,0.021921292347549703,0.2096515329150029,-0.18041737928139165,7.472208270516375,7.652571282502053,0.09466262858215675
2015-05-19,0.020688941378341524,0.2106115850426391,-0.17427194927201387,7.478081401684181,7.652298983660481,0.08944614912240376
2015-05-20,0.017275560593903,0.21153769269991057,-0.16823064962671735,7.48163542820231,7.649811710533314,0.07550069913004501
2015-05-21,0.013242312181747533,0.2124229525592021,-0.16224206959437099,7.484476019681792,7.64666372198045,0.05868121616744572
2015-05-22,0.009537463544709758,0.21326034515870584,-0.15631253731482114,7.487538095923808,7.643796265942916,0.042807708030045556
2015-05-23,0.009338771214482577,0.21404578761329746,-0.15057760483509616,7.493859778527898,7.64438301606728,0.041805804588679614
2015-05-24,0.020220372611634767,0.21477569361047538,-0.14506191174917377,7.51098697900815,7.655994523461611,0.08604557913119776
2015-05-25,0.03261010368740659,0.21544719826556763,-0.13975126848212488,7.529358858006063,7.669055759192474,0.13146197846491411
2015-05-26,0.04063259875997514,0.2160613272738285,-0.1345648258855162,7.543181924683501,7.677692383273304,0.15829201488244132
2015-05-27,0.04163536693324431,0.2166235978696219,-0.12945670932745207,7.549855080010628,7.679257422042367,0.16121557276830775
2015-05-28,0.03723866498303594,0.2171355201183113,-0.12453626391249921,7.550890745724062,7.6753726423408475,0.1463932551496898
2015-05-29,0.03021188179906194,0.2176029556795693,-0.11980146095941864,7.549066201054426,7.668813294718132,0.12191312718176962
2015-05-30,0.022785842380525445,0.21803269102018627,-0.11510637873871091,7.5467649791972145,7.6618169906402125,0.09461830889323945
2015-05-31,0.016244421437901016,0.21842898064217728,-0.1105635833586202,7.545162643256672,7.655671859319579,0.06922140001344457
2015-06-01,0.011037847334470963,0.21879451342554387,-0.10609256081392585,7.544792624481303,7.650830817999515,0.04802564485684592
2015-06-02,0.007824664988584315,0.2191319897391723,-0.10178950222592573,7.546219977037045,7.647955111967257,0.03447647304270636
2015-06-03,0.007672872677698541,0.21944684133274578,-0.09767173275438087,7.550500805791278,7.648118171249945,0.033783384727869535
2015-06-04,0.008154593055322894,0.21974778817324225,-0.09372868489085018,7.555226520872929,7.648900838468066,0.03578107877312869
2015-06-05,0.0077785853359907215,0.22004511673941093,-0.08995087196688663,7.558925654643729,7.648822159314902,0.034143002967339554
2015-06-06,0.006632000095215805,0.22035182445938511,-0.0863297204716593,7.561706928618156,7.647982281794102,0.029217941446838553
2015-06-07,0.005182488281313957,0.22067571600143807,-0.08285743134161233,7.564053597476353,7.646856661522253,0.022945760583600483
2015-06-08,0.0037927868636367284,0.22101829103914927,-0.07952686519798187,7.566337037240018,7.645809535142287,0.016870996300621915
2015-06-09,0.002546296408708948,0.22138425416565738,-0.07633144736985871,7.5686519277397215,7.644929007813867,0.011370920145455252
2015-06-10,0.0017018134024495766,0.22177304107705795,-0.07326508925529288,7.571262589759429,7.644473311719008,0.007615234413792321
2015-06-11,0.0010823967124446703,0.22218244570595497,-0.07032212316591911,7.573995543787694,7.6442632996579,0.004848039219790156
2015-06-12,0.0009585933476858663,0.22261256369674798,-0.06749724829268022,7.577126733286968,7.6445696142839346,0.004287643184202647
2015-06-13,0.0019278302274487995,0.2230649862933985,-0.06478548583847839,7.581260155217583,7.645991273760348,0.008568407904126003
2015-06-14,0.0028738604649266785,0.22354421541398636,-0.06218214170222667,7.585288758711901,7.647416533118413,0.012692716576496309
2015-06-15,0.003325524909352591,0.22405191933476973,-0.05968277537964643,7.58874749339969,7.648375901483623,0.01462557080104288
2015-06-16,0.0038658453283559294,0.22458205960227762,-0.057283173978906074,7.5922175554869415,7.649446362170134,0.01692221834789758
2015-06-17,0.004063484843188711,0.2251260110260828,-0.05497933044208251,7.595262989962403,7.650187953108772,0.017729804011203467
2015-06-18,0.003729618041726679,0.22567459714742807,-0.052767425223116934,7.597689614501252,7.650402672428656,0.016257844428235246
2015-06-19,0.0030564383382052822,0.22621877315296735,-0.05064381080511405,7.599684225221273,7.650273668730673,0.013330871306700152
2015-06-20,0.0040378190190128735,0.22675079406997747,-0.04860499854913421,7.60323643907507,7.651787070328491,0.017495746280410816
2015-06-21,0.011545444886284173,0.22726425864670574,-0.04664764745698855,7.613214880611215,7.65980816077249,0.04834579464518807
2015-06-22,0.019882745175898598,0.22775382520609777,-0.04476855450516179,7.623920840412048,7.668635027621497,0.08029001994829803
2015-06-23,0.024806191896079972,0.2282155718492467,-0.042964646268591235,7.63110994201195,7.674020220984827,0.09803975566721636
2015-06-24,0.027543714058529373,0.2286441534861141,-0.04123297160380844,7.636007720476049,7.677186324784144,0.10751373327126658
2015-06-25,0.0279500590110036,0.22903695155358428,-0.03957069520280573,7.638469139896996,7.677985467804088,0.10876059046563749
2015-06-26,0.025446162195535502,0.22939031640752996,-0.03797509186346069,7.637914211274818,7.675834935842566,0.09985290306561867
2015-06-27,0.021099901640346475,0.22970039884052473,-0.036437389418435315,7.6354157355976495,7.671798757720372,0.0841302885199525
2015-06-28,0.016567233235460672,0.22996806181972507,-0.03495907088096157,7.632629048709438,7.667533752294686,0.06720024908300525
2015-06-29,0.012444723142040334,0.2301927191136225,-0.03353953029009811,7.630150736500779,7.663635899495163,0.051289376554371796
2015-06-30,0.008967080271256773,0.23036981096791492,-0.03218628984222816,7.628203425932157,7.6603353484786725,0.03746635224026488
2015-07-01,0.006217262133621577,0.23050002554700297,-0.030884700018786352,7.626885412197052,7.657715744920125,0.026264503934371766
2015-07-02,0.004163200944898535,0.23059119361896332,-0.029629267049104943,7.626177952049971,7.655752851803363,0.01773428332463438
2015-07-03,0.0027140168619558657,0.23065134213834418,-0.028422770163189365,7.6259954133723244,7.6543638162398,0.011629904599304202
2015-07-04,0.0019965104838296104,0.2306892547730589,-0.027268352957220257,7.626470236834882,7.653684222496389,0.008580286299960951
2015-07-05,0.0025783738869653355,0.23071580133860545,-0.0261679593250539,7.628179040435731,7.654292632465071,0.011052028557816845
2015-07-06,0.003272705736791165,0.23074350580553366,-0.025112028328094903,7.629957007749444,7.655014668781825,0.013984953073215844
2015-07-07,0.003688551593127363,0.23077954235528053,-0.024095967151940803,7.631424951331681,7.655466551187908,0.015731571537144787
2015-07-08,0.00550494334971009,0.23082828435734004,-0.023123815763108017,7.634262236479156,7.65733168494655,0.02329314165054189
2015-07-09,0.010480319763169176,0.23089489215226497,-0.022185748963541026,7.640242287487107,7.662373669154935,0.04341920481395976
2015-07-10,0.02024138910613105,0.2309809927134609,-0.021290898766307575,7.650984307588498,7.672220839059093,0.08057159939143804
2015-07-11,0.028081648310123688,0.2310873878439377,-0.020424944562125215,7.65979691612715,7.6801674933935615,0.10835263628264115
2015-07-12,0.029942934312019203,0.23121988137429297,-0.019601394964367705,7.662614245257158,7.682161272925812,0.11465236440085044
2015-07-13,0.026967625248991593,0.2313789500444537,-0.01880957674698917,7.66058982308167,7.679345032532946,0.10438545670040399
2015-07-14,0.021735073691964195,0.23155568665905177,-0.01804042055594432,7.656303164330286,7.674289217590516,0.08581076412674213
2015-07-15,0.016220519867589316,0.23174588841787622,-0.017302382764224133,7.651716850056455,7.668964865524966,0.06541418242795137
2015-07-16,0.011621633377395822,0.23194380521050117,-0.01659644107610646,7.648021822047005,7.664563895827397,0.04771462422901125
2015-07-17,0.008734132206364657,0.23214055858500293,-0.015917292698935614,7.646010222627646,7.661873148030868,0.036260066085272866
2015-07-18,0.008862614955147811,0.23232806820011795,-0.015266278634268646,7.646977229056211,7.662189140394767,0.036745262458759774
2015-07-19,0.017081993169808126,0.23250316495687026,-0.014646968215933778,7.655991014445958,7.670583615366179,0.06844154234979814
2015-07-20,0.025977611157378167,0.2326681947673135,-0.0140495665232318,7.665649063936674,7.679644263164192,0.1004370090769688
2015-07-21,0.029716143901063703,0.23283021107331248,-0.013474539999429224,7.670124639510161,7.683544812213877,0.11318437044751171
2015-07-22,0.02847239833285456,0.23299622255698307,-0.012922439641224498,7.669599005783827,7.6824670781293385,0.10889413129558899
2015-07-23,0.024178806033336137,0.2331704909572859,-0.012392979122553318,7.666009142403283,7.678347754230122,0.09395326241834352
2015-07-24,0.01880320595897753,0.23335543543247508,-0.01188443243883239,7.661327033487834,7.673157098630953,0.07456895331930076
2015-07-25,0.013699518615861443,0.23355742541097588,-0.011399768359212942,7.6569100002028385,7.668255401266338,0.055406001517087806
2015-07-26,0.009461672356357616,0.23378107000774576,-0.010932740371227783,7.653362826528089,7.6642411996036035,0.03889806645163825
2015-07-27,0.006769498148408313,0.23402663912999044,-0.01048202553296178,7.651366936280651,7.661794594517899,0.02811298480499167
2015-07-28,0.006692555908100159,0.2342953475311416,-0.010050010267560996,7.651990717706894,7.661986360678743,0.027771335459530633
2015-07-29,0.007628813883622681,0.23459013492466937,-0.009636662262987913,7.653635111080518,7.663217406047792,0.031495528822811564
2015-07-30,0.008460017695625625,0.2349187462132937,-0.009243077214208612,7.655188511229925,7.66437722114842,0.03476070615097566
2015-07-31,0.008334946886932901,0.23528570977813482,-0.008863496112757914,7.655809985087524,7.6646191139045685,0.034212808556672906
2015-08-01,0.007279801442018093,0.2356913149017273,-0.00849767116617765,7.655526269712782,7.663969573583246,0.029961591943788637
2015-08-02,0.005785494149657022,0.23612974547622845,-0.00814636760229344,7.654821696558806,7.662913696865386,0.023915376966759567
2015-08-03,0.004293082062066445,0.23659118236811236,-0.007812115876648392,7.654124973088744,7.661882721669679,0.017822177269328488
2015-08-04,0.002951068781734937,0.23707700974260376,-0.007491043587823839,7.653589859471729,7.661026535763839,0.012294681521752468
2015-08-05,0.002437016893120066,0.23758359613317115,-0.00718125491216683,7.653892182649338,7.661019070265792,0.010153365006417685
2015-08-06,0.005600712429071956,0.23810103926665255,-0.006883724061244066,7.657870852169694,7.6647002089352245,0.022981830824362576
2015-08-07,0.015195816227877438,0.23863148750322852,-0.006597067051080313,7.66828306121524,7.674825760970607,0.05986675193924469
2015-08-08,0.023101475554967017,0.23917530507606638,-0.006321143486150602,7.677008461680097,7.683275237870534,0.08808052126987859
2015-08-09,0.026134329481467995,0.2397327360054756,-0.006065622060426101,7.680854267961731,7.686865522726444,0.09829848399463159
2015-08-10,0.025779615831978842,0.24030281223337924,-0.005823446019306684,7.681311806581265,7.687080885304859,0.09688582601796827
2015-08-11,0.02317282829209238,0.24087847631771295,-0.0055859979291140085,7.6795181312159055,7.685049761849306,0.08775881007797104
2015-08-12,0.019156853929394275,0.24145225238051632,-0.005353032315296783,7.676308898529828,7.681607563549411,0.07350799901294841
2015-08-13,0.014726250554861478,0.2420161613086846,-0.005128798813047811,7.672666437585712,7.677740869103046,0.05735807515389476
2015-08-14,0.010874922764692718,0.24256380991182416,-0.004911200623689582,7.669580356588042,7.674437189916017,0.042909474214319114
2015-08-15,0.010122634663315753,0.2430935274162252,-0.004715534400974519,7.669553452213781,7.6742146193190415,0.03997625815107333
2015-08-16,0.017560252824775115,0.243598538197841,-0.004527753998848699,7.6776838615589815,7.682157248262117,0.06723975385249203
2015-08-17,0.029721250013913597,0.24407798880211226,-0.004341831016876689,7.690510232334363,7.694797696055526,0.1085512514294615
2015-08-18,0.038386621711000685,0.24454066458953688,-0.004160933764587201,7.699819177071165,7.703925743540038,0.13567663343091188
2015-08-19,0.039628832395976615,0.24499104842351646,-0.003985174424050013,7.701687530930657,7.7056183380589935,0.13923423859877646
2015-08-20,0.03510084357436895,0.2454305134825483,-0.003816033271978853,7.6977681483201525,7.701529814296418,0.12512270978408774
2015-08-21,0.028018860134894887,0.24586234413292202,-0.0036541219291124495,7.691279906873918,7.694879661507318,0.10230296821499449
2015-08-22,0.02076293388866942,0.2462874508006411,-0.0035089829390838895,7.684594226285441,7.688048841928811,0.07774912555480964
2015-08-23,0.014523735561078006,0.24670791838657158,-0.003369676563116785,7.678914801919746,7.68223011118715,0.05559715042798198
2015-08-24,0.009791744833680718,0.24712491420241162,-0.0032288585860757585,7.674740624985231,7.677915116275593,0.03811253373143525
2015-08-25,0.007279659107112198,0.24753982984124562,-0.0030929815772511894,7.67277933190632,7.675817946187858,0.02856790560704526
2015-08-26,0.009050958369714519,0.24795684822353783,-0.0029648483567510913,7.675095782771715,7.678006263832753,0.03521666711096763
2015-08-27,0.011222746693996333,0.24838667377803458,-0.002847352441404854,7.67781489256584,7.680607877711531,0.043229350743862624
2015-08-28,0.011496462395105073,0.2488396611242318,-0.0027345676677344934,7.678654380386816,7.681334580758837,0.044160073675872935
2015-08-29,0.01015939662797717,0.2493304392705036,-0.002626302899890713,7.677916357533804,7.680488293137981,0.03915142415039251
2015-08-30,0.00810118469582116,0.24986222239745265,-0.002506589433770385,7.676509642194717,7.678961864332774,0.03140439486012817
2015-08-31,0.005997666170986504,0.2504328333870747,-0.002398277250795143,7.67508504684248,7.677428956797562,0.023389051541540622
2015-09-01,0.0067593280965708895,0.2510426042014731,-0.002290026679875342,7.676564730153382,7.678800389537544,0.026219074606300668
2015-09-02,0.017277039200041124,0.2516887653545063,-0.002192952905077491,7.6878256761846835,7.689964261794048,0.06423507712682958
2015-09-03,0.027143379707588167,0.25236629748205847,-0.0020965640375361395,7.698465937687324,7.700508134429147,0.09711069749177753
2015-09-04,0.030536243883786774,0.25307609399094516,-0.002002491825826448,7.702662670584119,7.704610795114233,0.10766895443481819
2015-09-05,0.02837319869733311,0.253818646968134,-0.0019234243502409929,7.70132124585044,7.703190302904968,0.10054577810504482
2015-09-06,0.023340764230570788,0.2545995357836568,-0.0018407484136082626,7.697152376135834,7.698938757253728,0.08397761760124742
2015-09-07,0.01766809616336646,0.2554197767958617,-0.0017641234424547983,7.692376574051988,7.694086330198728,0.0646974762076099
2015-09-08,0.012594445061227606,0.2562724973524039,-0.0016872084725753165,7.68823255847627,7.689865399653132,0.04684266852654575
2015-09-09,0.008580514030911117,0.2571493127790974,-0.0016111285311677579,7.685171522814055,7.686728284049509,0.032290368506678824
2015-09-10,0.005643298433991592,0.258034619664083,-0.0015414658708837144,7.683189276762405,7.684676375337575,0.02140224132038458
2015-09-11,0.003577936409247215,0.25891859160153124,-0.0014744227832550402,7.682074929762737,7.683494985250279,0.01363041422437519
2015-09-12,0.002237133357814893,0.2597940541043733,-0.0014114251039099232,7.681672586893492,7.683029644701689,0.008537660648268127
2015-09-13,0.0013719527772395824,0.26066155570255894,-0.0013477034272342402,7.6817386295877785,7.683031965719299,0.005235791350499561
2015-09-14,0.0008277184510742468,0.2615196830510759,-0.001284969707695539,7.682115256329668,7.68334585874165,0.003155047263037072
2015-09-15,0.0004924342342804572,0.2623706957596878,-0.0012238124894000052,7.682692142039782,7.683861587233468,0.0018733484391354417
2015-09-16,0.0002894377798582978,0.2632111258485671,-0.0011658354583953207,7.683387552705244,7.684499020867926,0.0010984332476284481
2015-09-17,0.00016833252361388488,0.2640405600689636,-0.0011200113437704249,7.684141705784021,7.685207349832078,0.0006371190687872174
2015-09-18,9.080798111926167e-06,0.26485279130967965,-0.0010760088191856224,7.68483868782382,7.6858603293472925,3.428503332571224e-05
2015-09-19,5.270616021620913e-06,0.26564147567175994,-0.0010337545883928698,7.685665816234603,7.686645203527282,1.9840694814726347e-05
2015-09-20,0.0049421823898001425,0.26640195054004423,-0.000986866686450895,7.691410090778607,7.6923425901693445,0.018213706470955597
2015-09-21,0.03220901777030692,0.26713039938061517,-0.0009396197782924575,7.719452621907844,7.720337874390423,0.10760032232596903
2015-09-22,0.07475888203102785,0.26782401479193857,-0.0008989391054478147,7.762736782252732,7.763581354062467,0.21822129103444515
2015-09-23,0.10973276707952075,0.26848014942651266,-0.0008558079815057259,7.798409933059742,7.799211373745534,0.2901349009791691
2015-09-24,0.1432282393736136,0.2690953892211843,-0.0008131018117421017,7.83256335131827,7.833322085834299,0.3473684975603667
2015-09-25,0.172291921129522,0.2696606316159098,-0.0007707497572623783,7.862234627523383,7.862951009984933,0.38984257486292545
2015-09-26,0.17987943808168086,0.27017008080415894,-0.0007305921333097288,7.870371751287744,7.8710479761253405,0.3996881021603966
2015-09-27,0.16473674086863746,0.2706157590795013,-0.0006938596573488321,7.855711464826004,7.856350957187639,0.3783985181852905
2015-09-28,0.1361690135207935,0.2709956558564597,-0.0006615112173088617,7.827555982695158,7.8281631266167535,0.334432291802381
2015-09-29,0.10410941174424156,0.2713043451663083,-0.000626684166861342,7.795839897278903,7.796412214150051,0.2773191174479197
2015-09-30,0.07501244857194887,0.271537233097646,-0.0006021605683084768,7.7670003456365,7.7675481389090955,0.21645510741939375
2015-10-01,0.051622039226130075,0.27169417642779725,-0.0005708140978404043,7.743798226091301,7.744314672893427,0.159664244249925
2015-10-02,0.03425918278245231,0.27178215348359724,-0.0005379363978236031,7.72655622440344,7.72703979350555,0.11194299175543374
2015-10-03,0.022080533245762275,0.27181402151172984,-0.0005099573569849006,7.714437421935721,7.714893011996993,0.07513080078663617
2015-10-04,0.013893307550899512,0.2718061285604584,-0.00048305151889193736,7.706269209127679,7.706697893350858,0.048629103858238897
2015-10-05,0.008568295251222822,0.27177989268227815,-0.0004641758267775782,7.7009368366419375,7.701346645173001,0.030563048451931623
2015-10-06,0.0051953791560394565,0.2717570792000404,-0.00044414254263472,7.697561140348659,7.69795091559558,0.018759101063330223
2015-10-07,0.002938069489066871,0.27176247485407523,-0.00041968604283287386,7.695333682835523,7.695699001582643,0.01069553573726007
2015-10-08,0.001579525187612574,0.2718163728020257,-0.0004033039370448405,7.694045418587807,7.6943943552291385,0.00577742826146001
2015-10-09,0.0008984144822518195,0.27193870678869864,-0.00038756808467333933,7.693502377721491,7.693835578510451,0.0032928601433219844
2015-10-10,0.00034865771864850425,0.2721403599929883,-0.0003724526925985262,7.693169389554252,7.693487474951137,0.001279529434164108
2015-10-11,5.8866090465489444e-05,0.27243256992055365,-0.0003532467686561061,7.693191013777577,7.693489893250519,0.0002160291395840748
2015-10-12,1.5811848064858713e-05,0.2728214547432786,-0.00033310562778549665,7.6935569854987715,7.693835723830844,5.7953403002463546e-05
2015-10-13,0.0005391471697963789,0.27331689800896375,-0.00031343319066071384,7.694595436523313,7.69485450241826,0.0019687247343561447
2015-10-14,0.003183687610400547,0.273916046840704,-0.00029531196158644695,7.697857247024732,7.698098191690605,0.011489320322543734
2015-10-15,0.006228495408323357,0.27461090771473146,-0.00027709769904212423,7.701615129959227,7.701837860362556,0.02217813931755947
2015-10-16,0.007720873238806663,0.2753882521257899,-0.0002595950751360143,7.703902354824675,7.704107582604097,0.027271721562713628
2015-10-17,0.007536054409720104,0.2762295786372879,-0.00024411849494166665,7.70457433908728,7.704764090286509,0.026557318900106895
2015-10-18,0.006380961419774888,0.2771140809755673,-0.00022800854462468064,7.704319858385931,7.704493499634843,0.022508194026463608
2015-10-19,0.0049214065683342596,0.2780203965885352,-0.00021238839045063551,7.703782239301633,7.70394026039637,0.017393706102896776
2015-10-20,0.0035541699669951105,0.27892904060607715,-0.00019860303605053283,7.703337432072235,7.703481667812572,0.012581880387810603
2015-10-21,0.002444690574935635,0.2798248687047191,-0.0001858733714878087,7.703136510443381,7.703268016519155,0.008660836758927983
2015-10-22,0.0016196136474221213,0.28069522459360713,-0.00017864505360059278,7.703189017722643,7.7033132954805295,0.005736905851329568
2015-10-23,0.0010415211182102997,0.28152902711876654,-0.0001678892663511697,7.70345548350584,7.703569005476477,0.0036858799500110377
2015-10-24,0.001821912867362084,0.2823215771079305,-0.0001560311963472756,7.705040283314159,7.705141947214793,0.006411946539829248
2015-10-25,0.0069108285920406465,0.28306560160405975,-0.00014360890281615732,7.7108856458284984,7.710974887435601,0.023832380401976487
2015-10-26,0.012197869219302663,0.2837596199591661,-0.00013357310588456173,7.716876740607798,7.716955946417969,0.04121493682475149
2015-10-27,0.016692968259557725,0.2844006721897631,-0.0001229626036700495,7.722023502380865,7.722092097688821,0.05544111869864429
2015-10-28,0.018694807560345965,0.2849866946273539,-0.00011196944070913333,7.724622357282205,7.7246799594272,0.06156057390940807
2015-10-29,0.01816714120545765,0.2855158950125422,-0.00010053710479629527,7.7246353236484175,7.7246814934575,0.05982270670007497
2015-10-30,0.017546134575473243,0.285988223253378,-9.377042383245453e-05,7.724493411940233,7.724532815068351,0.05780609055587269
2015-10-31,0.0168076099157731,0.2864009993972594,-8.519512964601655e-05,7.7241762387186,7.724207066552533,0.05543249564665536
2015-11-01,0.015009653675235279,0.2867536667933791,-8.188775095964179e-05,7.722734257252869,7.722761777708115,0.04973982143332226
2015-11-02,0.012326380821588443,0.287041949886808,-7.871004359624865e-05,7.720342445200014,7.7203667879478965,0.041174631907190985
2015-11-03,0.00942182213390268,0.2872687678704418,-7.56568671765192e-05,7.717667757672382,7.717689047243845,0.03175639016311476
2015-11-04,0.010305487633690116,0.28743587095161893,-7.272328758712313e-05,7.718721459832936,7.71873981582481,0.03461221404596158
2015-11-05,0.024307468338355367,0.2875490268393847,-6.672368408357432e-05,7.7328425960288705,7.732854952417241,0.07794440300017329
2015-11-06,0.03759882486050682,0.28761082829002244,-6.413805126957051e-05,7.746198339634473,7.74620811039003,0.11561411076289152
2015-11-07,0.04174798930181038,0.2876251411717875,-5.863347188276322e-05,7.750367321536929,7.750371587713098,0.1267498330594907
2015-11-08,0.03829904301801435,0.287597958438717,-5.2641098705009186e-05,7.74689718489324,7.7468954586962315,0.11751885671491591
2015-11-09,0.031175587454938376,0.2875343585154818,-4.612325424421836e-05,7.73971664725139,7.739708403209921,0.09781805635219121
2015-11-10,0.023360598362723372,0.28743813634770726,-3.956254896178724e-05,7.731811996696683,7.731797191949931,0.07516310638937544
2015-11-11,0.016993933584320813,0.2873203212266384,-3.352423533417298e-05,7.725333555110839,7.72531271205046,0.055843370186117264
2015-11-12,0.014322902600632417,0.2871870016419193,-3.10018730082365e-05,7.722531726904757,7.722508361482052,0.04750392076377783
2015-11-13,0.015366401414784963,0.2870436880858549,-2.5803748621012664e-05,7.723437110287232,7.72340854674014,0.05081312412611303
2015-11-14,0.016749529729368374,0.2868980687778523,-2.0636663219889154e-05,7.724679786379214,7.724646055746721,0.05516108084408273
2015-11-15,0.01667841929493338,0.2867522554906798,-1.9837932292265215e-05,7.724463661388535,7.724429132025113,0.05496616090880529
2015-11-16,0.017941403730049876,0.28661480829971736,-1.9070410403831604e-05,7.725589966154577,7.725554669269267,0.05890999106692425
2015-11-17,0.023406080321459608,0.2864880456758577,-1.833286508884872e-05,7.730928617667442,7.730892583236818,0.07552928035061311
2015-11-18,0.027055478082476898,0.28636886012871676,-1.530239394766941e-05,7.73446186035246,7.734422795450694,0.08632219896160775
2015-11-19,0.026254425144530812,0.2862574400462363,-1.0863995919885103e-05,7.733553825730061,7.733510322430267,0.08401097068267882
2015-11-20,0.022386525011569822,0.2861476681940035,-1.0444067307137859e-05,7.72957657367348,7.729532650445074,0.07255767919588056
2015-11-21,0.017304090191641166,0.28604024561923497,-1.0040522085449089e-05,7.724387119824004,7.7243427930503765,0.05704438207288506
2015-11-22,0.01261906570501394,0.28593438576963326,-4.416315164253844e-06,7.719601859694697,7.7195519087141475,0.04226735829944186
2015-11-23,0.008753753669809183,0.28582583924905625,-4.245733053149134e-06,7.715628171721026,7.715578050158366,0.029716089913330097
2015-11-24,0.005840886926627965,0.28571841045456414,-7.485553101011756e-17,7.712612121916406,7.7125577546206925,0.020033272747915287
2015-11-25,0.0037788107117322075,0.2856161579941458,0.0,7.710447793241092,7.710393425945378,0.01305762407905834
2015-11-26,0.002384187167303611,0.28552277254255987,0.0,7.708959784245077,7.708905416949364,0.008281102928898493
2015-11-27,0.001473368360177328,0.28544450413146166,3.742776550505878e-17,7.707970697026853,7.707916329731139,0.005135157135323674
2015-11-28,0.0008795950599818802,0.2853855586415383,-7.485553101011756e-17,7.707317978236734,7.707263610941021,0.003072658507709977
2015-11-29,0.0005054786807769756,0.28534938312542174,-3.742776550505878e-17,7.706907686341412,7.706853319045699,0.0017683053476266405
2015-11-30,0.00029315853435076585,0.28534211134150533,-3.742776550505878e-17,7.70668809441107,7.706633727115356,0.0010263387097755104
2015-12-01,0.0005310772964298283,0.2853628741915594,-1.1228329651517633e-16,7.706946776023203,7.70689240872749,0.001857602420987698
2015-12-02,0.0020869777811026195,0.2854162865867262,-2.0051599747775345e-09,7.708556086897882,7.7085017216073295,0.0072589707309638095
2015-12-03,0.0034847809639633365,0.2855000710205518,-1.0156362635069604e-06,7.710036660883466,7.7099833092240155,0.012058697679247436
2015-12-04,0.004075513032849404,0.2856144010515936,-2.4556867531607353e-05,7.710718181752125,7.710688371323943,0.014068536164712365
2015-12-05,0.004196146530597038,0.2857553576430918,-0.0001737886555084691,7.7108305400533945,7.710949961413189,0.01447189088587529
2015-12-06,0.003983199199337553,0.28591560414391837,-0.0006404473085917988,7.710311180569878,7.710897260582756,0.013739964268225106
2015-12-07,0.0038604893156109245,0.286088205713708,-0.0015939800358832326,7.70940753952865,7.71094715226882,0.01331438762026696
2015-12-08,0.003907323110867099,0.2862670379130859,-0.00312341673940995,7.708103768819757,7.711172818263454,0.013465431946086242
2015-12-09,0.0037157410241521896,0.28644181200085467,-0.005217375540882423,7.705993002019338,7.711156010264507,0.012805942790094985
2015-12-10,0.003204217793040844,0.2865993787746716,-0.007791856270258205,7.703064564832668,7.710802053807213,0.011056514932837212
2015-12-11,0.0025381391138749303,0.28672841296646845,-0.010875428083525384,7.699443948532032,7.710265009319844,0.008774395434318884
2015-12-12,0.0018809704999735609,0.2868187411157714,-0.01467975022292209,7.695072785928037,7.709698168855246,0.006515318250394046
2015-12-13,0.0020425529812500938,0.28686881418102267,-0.019453721053880123,7.6905104706436065,7.709909824401773,0.007069825605383167
2015-12-14,0.004899680133469361,0.2868740677202288,-0.02538975176341541,7.687436820625496,7.712772205093199,0.016792738104478712
2015-12-15,0.007554509463454802,0.28683026830864516,-0.03258016644254592,7.682857435864768,7.7153832350116005,0.025662024784797732
2015-12-16,0.010680161237840862,0.2867363967436833,-0.040920196380264305,7.677549186136474,7.718415015221025,0.03590977351874378
2015-12-17,0.020640289946874536,0.28659087327186256,-0.05019425436228505,7.678089733391666,7.7282296204582375,0.06718162874701425
2015-12-18,0.02882520628914916,0.28639312642953224,-0.06022385644187529,7.67604730081202,7.736216789958182,0.09144520891452845
2015-12-19,0.03062228239089415,0.286142185273629,-0.07079162739041785,7.667025664809319,7.737762924904024,0.09667208767659319
2015-12-20,0.027791350964631405,0.28583930919650175,-0.08161837386456816,7.653065110831779,7.734629117400633,0.08861171592838889
2015-12-21,0.02272490125908796,0.28548471142988885,-0.09244771540082992,7.63681472182336,7.729208069928477,0.07373196786701236
2015-12-22,0.017399680735881662,0.2850787126764863,-0.10304726407990455,7.620483953867677,7.723476850651869,0.05752371446961742
2015-12-23,0.013317497128451641,0.2846217498259804,-0.11327613955072513,7.605715931938921,7.718937704193933,0.04469870037124874
2015-12-24,0.010167589914830123,0.28411370433733085,-0.12314103061599325,7.592193088171381,7.715279751491662,0.03455058175093458
2015-12-25,0.007559285123652055,0.28355586817220124,-0.13268719305152815,7.579480784779539,7.712113610535353,0.025966649410275586
2015-12-26,0.005422311008756705,0.28295492632178193,-0.14198617977540753,7.567443882090345,7.709375694570039,0.018802839845995335
2015-12-27,0.0037534244169493834,0.2823144548039044,-0.15113093480633868,7.555989768949729,7.707066336460354,0.013120747520386996
2015-12-28,0.002516167425744775,0.28164372209095406,-0.16019407819549544,7.545018635856417,7.7051583467562,0.008854759304785381
2015-12-29,0.0016403809948915958,0.2809493155058578,-0.16925951385566324,7.5343830071803,7.70358815374025,0.005804815303615452
2015-12-30,0.0010198729140635122,0.28023674992553826,-0.17844903272228363,7.523860414652532,7.7022550800791025,0.003626129417920007
2015-12-31,0.0006372518460133721,0.2795079233247232,-0.18789206066300604,7.513305939042945,7.701143632410237,0.002274720046936358
2016-01-01,0.0003910470334298632,0.2787693301542117,-0.19767071600851005,7.502542485714345,7.700158834427142,0.0014007970521082063
2016-01-02,0.001145869231574061,0.2780248128553897,-0.20770695938618136,7.492516547235996,7.700169139326464,0.0041045471645088935
2016-01-03,0.008029283102594676,0.2772788230882762,-0.21796994758555097,7.488390983140534,7.706306563430371,0.028142499033038663
2016-01-04,0.024506348952744512,0.27653520723435854,-0.22846670261940077,7.493627678102916,7.722040013426604,0.08140520286678744
2016-01-05,0.042023722263409946,0.2757993171436354,-0.2387118175606364,7.500164046381623,7.738821496646546,0.1322236498078068
2016-01-06,0.05015184512767041,0.2750683966716623,-0.24836556311281965,7.497907503221727,7.746218699038833,0.15420886735154415
2016-01-07,0.048212170598572086,0.27433679594598936,-0.25697868286436015,7.486623108215415,7.743547423784062,0.14947240760082045
2016-01-08,0.04050983133305704,0.2736031637371381,-0.26398271205385526,7.471183107551553,7.735111452309695,0.1289657924658745
2016-01-09,0.031111434268746685,0.2728579026164089,-0.2694882720936661,7.455533889326704,7.724967794124656,0.10235056794725672
2016-01-10,0.0224087359034467,0.27209522458538415,-0.2739405835373879,7.4416162014866565,7.715502417728331,0.0760897607836977
2016-01-11,0.015386245557156368,0.27130989859025106,-0.2777198903154948,7.430029078367126,7.707694601386908,0.053667431080780044
2016-01-12,0.010180694715071922,0.2705011403545875,-0.28137102354193094,7.420363636062943,7.70168029230916,0.036271298826820356
2016-01-13,0.006540875466728027,0.2696636543015466,-0.2856523685221076,7.411604985781381,7.697202987007775,0.023681275148584924
2016-01-14,0.004102842504630108,0.2688030880950945,-0.2906473612290898,7.403311393905849,7.6939043878392255,0.015033907455268208
2016-01-15,0.0025228880292338003,0.2679302322277344,-0.2964193837207624,7.39508656107142,7.691451577496468,0.009328374643401064
2016-01-16,0.0015255732382776794,0.2670589509191203,-0.3031058220330721,7.38653152665954,7.6895829813968986,0.005680048927106654
2016-01-17,0.0009992519526980334,0.26620030308413545,-0.3102977596477386,7.377954619924309,7.688198012276334,0.003739721619522482
2016-01-18,0.0011259480528859143,0.26536311658745154,-0.3177727350311338,7.369769154144418,7.687487521879838,0.004225119159788156
2016-01-19,0.001830091549708085,0.2645547035789803,-0.325568103547206,7.3618695161166965,7.687383252368189,0.0068701051380353085
2016-01-20,0.0029479922364976556,0.2637812060336839,-0.3332645501347786,7.354517472670617,7.687727655509682,0.011052379175644306
2016-01-21,0.0036626754121378063,0.26304781140560546,-0.3404685834961066,7.34729472785685,7.687708944057244,0.013732776149295911
2016-01-22,0.003672235247138785,0.26235890371953,-0.3469842757474599,7.340099687754423,7.68702959620617,0.01380377974323856
2016-01-23,0.003171667718878642,0.2617181770796708,-0.3523067306896448,7.333635938644118,7.68588830203805,0.011973534588654074
2016-01-24,0.0024823606561869827,0.26112872503884094,-0.35683909175067874,7.327824818479563,7.6846095429345285,0.009416753660575677
2016-01-25,0.0018128253943708946,0.26059117517262825,-0.3609244359998251,7.322532389102388,7.683402457806499,0.006908528034838513
2016-01-26,0.0012578322279343556,0.26009877438674023,-0.36500352591184326,7.317405905238045,7.682355063854175,0.004812704925377353
2016-01-27,0.002187009834430116,0.2596387860179616,-0.3693859209498387,7.3134926994377665,7.682824253091892,0.008352919647623552
2016-01-28,0.009130928267315925,0.25919596772769216,-0.37433863026872943,7.315041090261492,7.6893253532345085,0.03402912046314505
2016-01-29,0.019418141942360606,0.25875854737000675,-0.37986560983108797,7.319363904016493,7.699175146551868,0.06980506522800614
2016-01-30,0.025791687360116538,0.2583186846948838,-0.3856937571125334,7.319469439477681,7.705108829294501,0.09078052016743542
2016-01-31,0.027034551938857957,0.25787057926048434,-0.39133146766742305,7.314626488067133,7.705903588438843,0.09488966318385622
2016-02-01,0.024829166562028274,0.2574092483656778,-0.3964103399423824,7.306880899520538,7.703236872167206,0.08797231435837016
2016-02-02,0.02100227762998089,0.2569303641308015,-0.40059427523598334,7.298391191060013,7.698931099000283,0.07556607060230666
2016-02-03,0.016602930878205652,0.25642768349712586,-0.4035662182923235,7.290517220618222,7.694029071614832,0.06080977738042895
2016-02-04,0.01237391646273187,0.2558988228052409,-0.40515171704851455,7.284173846754672,7.689271196507473,0.046124390038645664
2016-02-05,0.008777261685890861,0.2553429487157581,-0.40532391444945315,7.27984912048741,7.68511866764115,0.033232071383493274
2016-02-06,0.005985727515422865,0.2547578082309572,-0.40435558914153036,7.277440771140063,7.681741992985881,0.022956379333772096
2016-02-07,0.003949694344154575,0.25414347034842416,-0.40278233168486677,7.276363657542926,7.679091621932079,0.015303366708138725
2016-02-08,0.0028057685333688852,0.2535072602420353,-0.401091367455531,7.276274485855087,7.677311486014904,0.01094664811529131
2016-02-09,0.0030939061811846398,0.25286024565525866,-0.39969184283096915,7.277315133540688,7.6769526090759435,0.01208773586592051
2016-02-10,0.0035937834946028263,0.2522104571362436,-0.398642070485507,7.278214994680553,7.676802697870347,0.014048959805123206
2016-02-11,0.00358295974369401,0.25156232444550064,-0.39789724676574656,7.2783008619586615,7.676143741428695,0.01404282174009214
2016-02-12,0.0031261846699207193,0.2509242232022441,-0.3974461662569947,7.277657066150384,7.675048865111665,0.01230537158394872
2016-02-13,0.0024303000410402504,0.2503012292709533,-0.3971000761440073,7.2766842777032,7.673729986551494,0.00961613316572021
2016-02-14,0.0017649076498118617,0.2496976535636464,-0.3967394316424295,7.275775954106242,7.6724610184529585,0.007018570244791588
2016-02-15,0.0012438027526434576,0.24911893842894678,-0.39654743093965084,7.2748681347771535,7.67136119842109,0.004968002614020418
2016-02-16,0.0008337980137675661,0.2485674023269387,-0.39648326459854755,7.273970760277373,7.670399657580207,0.003343199682393337
2016-02-17,0.0013506493278825518,0.2480441896714231,-0.39709543791524954,7.27335222561927,7.670393296238806,0.005415706809740004
2016-02-18,0.004847832404085633,0.24755187881377014,-0.3985468617903495,7.27490567396272,7.673398168457356,0.019206964939438003
2016-02-19,0.008053679310858134,0.24709096362062474,-0.4007538792509287,7.275443588215768,7.676143100170983,0.03156515150906338
2016-02-20,0.009097861506214585,0.24665620093054802,-0.4031696962820772,7.273637190689899,7.676752519676263,0.03557269597023159
2016-02-21,0.008393124140004949,0.24623803312603124,-0.40540912779069604,7.270274854010554,7.675629614505537,0.03296188977861768
2016-02-22,0.006846282694567275,0.2458292432383289,-0.40724255457637965,7.266485795891731,7.673673983172397,0.02709515561228302
2016-02-23,0.005142742674301665,0.24542450774270658,-0.40872777991967596,7.262892295032546,7.671565707656509,0.02052440079756162
2016-02-24,0.003641900038568872,0.24501041821712835,-0.41004408727707947,7.259661055513831,7.669650775495198,0.014646555737412383
2016-02-25,0.002458339798902111,0.24458452745297662,-0.4113930861713655,7.256702605615727,7.668041324491379,0.009951065684465398
2016-02-26,0.0016099738714991294,0.24414174715178205,-0.4129206321939649,7.25388391336453,7.666750178262782,0.006551221146266598
2016-02-27,0.0010256237201490606,0.24367857043718932,-0.41494490548599594,7.250812113206556,7.665702651396839,0.004191279694575286
2016-02-28,0.000638766425821924,0.24319318207708707,-0.41747418175255663,7.247410591285567,7.66483040574241,0.002619699468194601
2016-02-29,0.0004802699745640481,0.24268846071653338,-0.42042273685827536,7.2437988183680355,7.664167187930598,0.0019750482440694466
2016-03-01,0.0010050872775993268,0.2421665784280243,-0.42387285998639723,7.24035163025444,7.664170122945124,0.004133241735556705
2016-03-02,0.0025125431154409115,0.24162875579852983,-0.4277667322470742,7.23742739120211,7.665139756153471,0.010291348193106275
2016-03-03,0.003691726698784019,0.24107435662406626,-0.431798310753774,7.234020597104291,7.665764540562351,0.015082672601802327
2016-03-04,0.003960548059959048,0.24050292388284952,-0.43530146981011786,7.230214826667905,7.665461929182309,0.016200980982899585
2016-03-05,0.0035271499362343793,0.23991423770198245,-0.43773907627221126,7.22675513590122,7.664439844877717,0.014488702888418251
2016-03-06,0.0028349984925317125,0.23930821418196827,-0.4389002993439014,7.224295737865813,7.663141669914,0.011707941185791763
2016-03-07,0.0021080654478224208,0.2386852318734783,-0.4388759723650187,7.222970149491496,7.661791754560801,0.00875466830378397
2016-03-08,0.0014818449300460232,0.23804285341422657,-0.4379872147970744,7.222590308082412,7.660523155583773,0.006186605975456211
2016-03-09,0.000998332585356162,0.23738310794171585,-0.4367976106518052,7.222636654410481,7.659379897766573,0.004187962717016912
2016-03-10,0.0006506161482940537,0.2367065960553125,-0.43586152919356846,7.222548507545252,7.658355669443107,0.002741084386076927
2016-03-11,0.00041284862069656766,0.23601205122947413,-0.435310248249974,7.222167476135411,7.657423357089671,0.0017462146371139493
2016-03-12,0.0002563012655996586,0.23529485509989592,-0.4351746350911426,7.221429345809566,7.656549613604996,0.001088091731555611
2016-03-13,0.00015623200558953837,0.23455299957475642,-0.43551923216796884,7.220242823947591,7.655707688819846,0.000665640650508699
2016-03-14,9.376856282426434e-05,0.23378515011505901,-0.43634181747222517,7.218589925740872,7.654877375917383,0.0004009278106566325
2016-03-15,5.553477507275104e-05,0.2329902734630253,-0.4375669806495934,7.216531652123718,7.654044265477599,0.00023829982393852933
2016-03-16,0.0005716601801537751,0.23216761298171856,-0.4390855160324946,7.214706581664592,7.653737730401373,0.0024562256828746737
2016-03-17,0.0032893573200981413,0.23131664937533059,-0.440696572520211,7.214962258710432,7.655604463934929,0.014020771959042232
2016-03-18,0.006908873112778006,0.23043706751560644,-0.4421855049867192,7.216213260176879,7.658344397867885,0.029108874137414954
2016-03-19,0.009593392442175861,0.2295319803360576,-0.4434614867132332,7.216716710600214,7.660123830017734,0.040118672187383644
2016-03-20,0.010274858684505932,0.22859951915758614,-0.4440295912168039,7.215897611160502,7.659872835081592,0.043013649171273316
2016-03-21,0.009297660142735184,0.2276387179173557,-0.44343876249935976,7.214550440095945,7.657934835299591,0.03924116768754331
2016-03-22,0.0075246853672166535,0.2266494780781048,-0.4414718287180305,7.213755159262504,7.655172620684822,0.03213285896492007
2016-03-23,0.0056336319353483,0.22563198105089197,-0.43831543293872927,7.214003004582725,7.6522640702257405,0.02436000693143899
2016-03-24,0.0048829457190890995,0.2245854201253665,-0.4343312329203713,7.2161899574592985,7.650466823083956,0.021279385073927744
2016-03-25,0.008963189764384342,0.22350409765751658,-0.42995839943187036,7.223561712525244,7.653465744661402,0.0385567787355698
2016-03-26,0.018296645738273196,0.22239023115913206,-0.42548860775762154,7.236251093674998,7.661685334136906,0.07601846005950831
2016-03-27,0.02779231996132451,0.22124403297607584,-0.42096939996428295,7.249119777508331,7.670034810176901,0.11159944977314455
2016-03-28,0.03173037490784559,0.22006603182449008,-0.41626992205748686,7.256579309210062,7.672794863971836,0.12601599569915856
2016-03-29,0.029885938573228684,0.21886181031518803,-0.41118856240498236,7.2586120110186485,7.669746206127917,0.12014556395698246
2016-03-30,0.024834190879705707,0.2176402412230569,-0.40570579027580106,7.257821466362175,7.6634728893422634,0.1024198331524735
2016-03-31,0.01893938851074848,0.21640626599438958,-0.4000355120353331,7.2563629670050185,7.656344111744638,0.08047477464826101
2016-04-01,0.013577405983524984,0.21516446302297168,-0.3943656798670785,7.255429013674632,7.649740326245997,0.059356890115903366
2016-04-02,0.010441157824864954,0.2139174387707677,-0.3888608240120376,7.256550597118809,7.645357053835133,0.046537810377212
2016-04-03,0.012621472497791187,0.21266813763091721,-0.38367766161522704,7.262664773048695,7.646288067368209,0.056023322560594405
2016-04-04,0.015420382876568297,0.2114211088163517,-0.37877538321165577,7.269118933016478,7.64783994893242,0.06797866986981017
2016-04-05,0.016497612749594256,0.2101875308803673,-0.37407368355900955,7.273664284606166,7.647683600869462,0.07277765311574536
2016-04-06,0.01576039775191905,0.20898732206822698,-0.36946826414273826,7.276332280212622,7.645746177059647,0.07012483937337065
2016-04-07,0.01359658122829445,0.20783470218147088,-0.3647841698872997,7.27769993805768,7.642429740649265,0.06140316317967395
2016-04-08,0.010865514807539998,0.20674289845040128,-0.35986023611988743,7.278801001673267,7.6386068704974415,0.049931501474902086
2016-04-09,0.008672204096668397,0.20572239258079666,-0.35457040573942483,7.280877015473254,7.635393053916966,0.04044973255419701
2016-04-10,0.007651000363196385,0.20477687304134018,-0.3490280489021942,7.284452649037556,7.633426330644037,0.03601693243252602
2016-04-11,0.007487267891410163,0.20390318184565348,-0.34308513150207515,7.289358142770203,7.632388906976564,0.03541913979899822
2016-04-12,0.007089742110524856,0.2031053188356055,-0.3369223194137406,7.294325566067603,7.631193518185631,0.03372934682010366
2016-04-13,0.006149689837555748,0.20238709174702488,-0.3305248076535279,7.299064798466267,7.629535238824081,0.029489712993683508
2016-04-14,0.004897935218602016,0.20175692662113517,-0.3238170614353569,7.303890624939594,7.627653319079237,0.02370104034813568
2016-04-15,0.003645886111899675,0.20122193089821638,-0.31706046709000396,7.308860174455326,7.625866274249616,0.0177962852589953
2016-04-16,0.0025747569436665838,0.2007868176807423,-0.3105457401158856,7.313868659043737,7.624360031863909,0.012660980563422249
2016-04-17,0.0017445998628180055,0.20044846993341875,-0.3044650193294332,7.318780875002018,7.623191527035737,0.008628386049908404
2016-04-18,0.0015030413030595693,0.20019708648267065,-0.298937139904516,7.323815812416428,7.622698585025231,0.007451860936133258
2016-04-19,0.0026929565809806575,0.20002016525664304,-0.29393662305574764,7.32982932331709,7.623711579077124,0.013284569625136338
2016-04-20,0.0039176465946599666,0.19990855870562596,-0.2893669570112657,7.335512072824234,7.624824662539786,0.01922052460765932
2016-04-21,0.004245726763795865,0.19985371704013022,-0.28514837620682676,7.340003892132313,7.625097901043427,0.020802245634116687
2016-04-22,0.003849916724937722,0.1998504150500362,-0.2811364927541037,7.343616663556084,7.624698789014475,0.01889990404723883
2016-04-23,0.003114385482024663,0.19989700671591065,-0.2772479282968089,7.34681628843634,7.624009849437436,0.015340939482786017
2016-04-24,0.0024178150718369247,0.19998769901383578,-0.2736449053963387,7.349813433224548,7.623403971325173,0.01194540120489766
2016-04-25,0.002140959560791387,0.2001208566206724,-0.27036013000074105,7.352954510715937,7.623260273420964,0.010585090162893506
2016-04-26,0.001974331939212772,0.20028496877437366,-0.26737152125288655,7.355940603995914,7.623257757953087,0.009761390117770488
2016-04-27,0.0017119577356926477,0.20047263072868104,-0.26454868054632397,7.358688732453263,7.6231830457038745,0.008467300839768538
2016-04-28,0.0013797039018626374,0.20067527124323475,-0.2616761612220622,7.361431638458249,7.623053432384598,0.006828358969492636
2016-04-29,0.0010394327134326427,0.20088587355070503,-0.25864879877086633,7.364329332028485,7.622923763503638,0.0051476099388600895
2016-04-30,0.0007419054146323171,0.2011005926239528,-0.2555179130664425,7.367377409507356,7.622840955278086,0.003675665044982208
2016-05-01,0.0005072772262835247,0.20131579795207982,-0.25244063455054816,7.370435265163029,7.622821532417864,0.002513474863244517
2016-05-02,0.000335087502492452,0.20152721629510434,-0.24950619450284614,7.373408933829965,7.6228607610370975,0.0016599805718478147
2016-05-03,0.00021520917816981802,0.20173217109304353,-0.24691574921857756,7.37608445558785,7.622945837510714,0.001065669571354648
2016-05-04,0.0001350406552141419,0.2019261957732388,-0.24457985953602573,7.378534201427641,7.623059693667954,0.0006683154948522643
2016-05-05,7.097404731354698e-05,0.20210336832273543,-0.24246505581088112,7.3807621110943815,7.6231727996095495,0.0003510536820920625
2016-05-06,0.00013323698529175656,0.20226158679319842,-0.24038704530485264,7.383060603008851,7.62339328101799,0.0006583023360201
2016-05-07,0.0005267566158016132,0.2023926737998963,-0.2380300878402588,7.385942167110653,7.623917887655199,0.002595890471023435
2016-05-08,0.0008866798999777777,0.20249797723897345,-0.2352458940273896,7.389191587646775,7.6243831143784515,0.0043596203983666424
2016-05-09,0.0010054945909160863,0.2025740424864861,-0.23208275238265003,7.392549609229966,7.624577994316903,0.004939074945109984
2016-05-10,0.0009291417533735781,0.202618123954861,-0.22853813737751055,7.396061952865938,7.624545722947735,0.0045647469158608765
2016-05-11,0.0008453943858112063,0.20262881532340113,-0.22461578852789338,7.399911245716533,7.624472666948713,0.004154798718812426
2016-05-12,0.001069050901185389,0.20260259581058157,-0.2202796798698401,7.4044447913771405,7.624670103951267,0.0052488940824359995
2016-05-13,0.001274093928824603,0.20253562061274574,-0.21549555123985004,7.409366987836934,7.624808171781071,0.006251389594899464
2016-05-14,0.001269562659348848,0.20242623616992872,-0.21033934634873677,7.414409277015754,7.6246942560687785,0.006232640371797258
2016-05-15,0.0011027571230740993,0.20227256712464184,-0.2049298459584511,7.419498302824478,7.624373781487217,0.005422275918443849
2016-05-16,0.0009593525769388953,0.2020731569502622,-0.19928892802414924,7.424796406038266,7.624030966766702,0.004725118057068427
2016-05-17,0.0013197406717643896,0.20182834821434095,-0.1934740758276581,7.430726837593661,7.624146546125606,0.006496446405185235
2016-05-18,0.0024086548764947284,0.20153622622993095,-0.18758487095986062,7.437412834681779,7.624943338345926,0.011810322786369945
2016-05-19,0.0035387097571321306,0.201198061420582,-0.18176625177085412,7.4440233439420735,7.625735228417215,0.017284192462234765
2016-05-20,0.005060558948252952,0.20081134394883438,-0.1759810088756924,7.4509437185566085,7.6268703601365875,0.02458110542060059
2016-05-21,0.009820533216829078,0.20037599472327203,-0.1702193489232328,7.461030003552082,7.631194985179602,0.04672072042801581
2016-05-22,0.01457372981191588,0.199893398701814,-0.16447868937077106,7.471041263678172,7.635465585753231,0.067953209953025
2016-05-23,0.01817072481743961,0.19936377202771025,-0.15880504918534272,7.479782272195021,7.63853295408465,0.08353031395463814
2016-05-24,0.01907332654542628,0.1987877232587859,-0.15321283268319308,7.485701041656233,7.638859507043713,0.08754812557162987
2016-05-25,0.017613021231140252,0.19816623230360153,-0.1478091936349661,7.4890228844349895,7.6367777107742425,0.0816251838052839
2016-05-26,0.014744585456464135,0.1975003131482299,-0.14255859402652563,7.490739129113383,7.633243355844194,0.06946968126629001
2016-05-27,0.011415853143189367,0.19679049227376405,-0.13739637152070328,7.491862798431464,7.629204802656454,0.054829515980063005
2016-05-28,0.008673606599643861,0.1960360724334077,-0.1322654301373025,7.493497073430963,7.625708136272552,0.042370280880775824
2016-05-29,0.00777918420039214,0.19524382689231387,-0.12719814682928055,7.496877688798639,7.624021468332207,0.0383167610337527
2016-05-30,0.007349500414352672,0.19441574020302302,-0.12220612022982459,7.500611944922765,7.622763697856876,0.036425998808635944
2016-05-31,0.00649366128297167,0.19355688483398067,-0.1172860796651915,7.503817290986975,7.621049003356453,0.03246010275410788
2016-06-01,0.005282822965172928,0.19267656067333197,-0.11250821394929363,7.506503994224425,7.618957840878005,0.026686398331184594
2016-06-02,0.004003013135480846,0.19178422956754712,-0.10793398180491466,7.508906085433328,7.616785699942528,0.020445730172280203
2016-06-03,0.002864969771544128,0.19089058403739967,-0.10356198697548917,7.511246391368669,7.614754011048444,0.014786516903506072
2016-06-04,0.0019635908426533645,0.19000414388671416,-0.099379528687716,7.513641030576865,7.612966191968868,0.010228754563477023
2016-06-05,0.0013012107341307752,0.18912887092357475,-0.0953753605488109,7.516107545644108,7.611428538897206,0.00683301042988406
2016-06-06,0.0008013939821941518,0.18827417102777932,-0.09153945535662407,7.518588934188563,7.610074022249474,0.0042384851905738295
2016-06-07,0.000502941119627372,0.18744299585438456,-0.0878628107898552,7.521135950719371,7.608944394213513,0.002675988253456715
2016-06-08,0.0002929769873661092,0.1866446526041449,-0.08433728889912016,7.523653165227604,7.607936086831011,0.0015672445831602304
2016-06-09,0.00017878711065774595,0.18588733874321836,-0.08095548353101599,7.526163466858074,7.6070645830933765,0.0009608794176654884
2016-06-10,0.00010437853844976306,0.18517123474242883,-0.077710610822744,7.528617826993348,7.606274070520379,0.000563369007941292
2016-06-11,6.193863594779867e-05,0.18449944237879967,-0.07459641873947265,7.531017786810489,7.605559838254248,0.0003355991140034297
2016-06-12,0.00012618105408045008,0.1838713546240671,-0.071607112319483,7.533443247893878,7.604995992917648,0.0006857757828950965
2016-06-13,0.0005217444452756702,0.18328163816695137,-0.06873729186730014,7.536118915280141,7.604801839851728,0.0028386008889531855
2016-06-14,0.0008711952409908481,0.1827243376396478,-0.06598190181225089,7.538666455603602,7.604593990120139,0.004745187572495242
2016-06-15,0.0009964137928041904,0.1821894909711347,-0.06333618834581586,7.540902540953337,7.60418436200344,0.005439358416184975
2016-06-16,0.0009238711373519742,0.18167282459766526,-0.0607956642794231,7.542853855990808,7.603595152974518,0.005059626811060635
2016-06-17,0.0007555365241785041,0.18117219888496763,-0.05835607983644284,7.544624480107917,7.602926192648646,0.0041529485456373175
2016-06-18,0.0005683889199962185,0.18068057684837885,-0.05601339831749143,7.5462883919860975,7.602247423007875,0.00313595676304484
2016-06-19,0.00040289868783378993,0.18019571816219734,-0.05376377576483358,7.5478876656204115,7.601597074089532,0.0022309068300803018
2016-06-20,0.00027314886654468076,0.17971010546082722,-0.05160354390601007,7.549432534956575,7.600981711566872,0.0015176348908985152
2016-06-21,0.00017888598572213984,0.17921841599811222,-0.049529195784560553,7.550920930734487,7.600395759223335,0.000997149810749436
2016-06-22,0.00020381605276041765,0.17871555018265864,-0.04753737359121204,7.552434817179421,7.59991782347492,0.0011391503169770898
2016-06-23,0.0012006410599318296,0.1781978509778966,-0.04562485829605413,7.554826458276988,7.600396949277329,0.006692592821118359
2016-06-24,0.004419208232974133,0.17766280076927746,-0.04378856075414821,7.559346272783317,7.603080466241752,0.02427042768909413
2016-06-25,0.007929595869047014,0.17710718598716396,-0.04202551401631018,7.564064092375115,7.6060352390957116,0.04285416007293605
2016-06-26,0.01268978376156889,0.1765302987244423,-0.040328259721849835,7.569944647299375,7.610218539725512,0.06706362028199109
2016-06-27,0.01756289487419921,0.17593278780457872,-0.03869757547066381,7.575850931743328,7.614494139918278,0.09076633975009851
2016-06-28,0.022951006856558254,0.17531046484347645,-0.03713800308213914,7.582176293153109,7.6192599289395355,0.11576130581378224
2016-06-29,0.028234159827166618,0.17466306980289523,-0.03563497091724664,7.588315083248029,7.623895686869562,0.1391549794871293
2016-06-30,0.04248358331358322,0.17398982228928073,-0.034198118786733275,7.6033281113513445,7.637471862842364,0.19625312954849713
2016-07-01,0.06158199060178947,0.17329013923791234,-0.03281893229195706,7.6231060220829585,7.655870587079202,0.26219369085561
2016-07-02,0.07154237219831618,0.1725636146163522,-0.031483516793000356,7.633675294556882,7.665104444054169,0.29307913800833163
2016-07-03,0.06892489199507369,0.1718065825815162,-0.030204016737945292,7.631580282373858,7.66172993181609,0.2863144178230209
2016-07-04,0.05834768594680817,0.17102324087075096,-0.028978828297296266,7.621444923055477,7.6503693840570595,0.25438134970443627
2016-07-05,0.04514519397275226,0.1702195700441942,-0.027798694595516694,7.608618893956644,7.636363221256447,0.20962200654699442
2016-07-06,0.032731375610195505,0.16939929289499067,-0.026666499008258633,7.596516994032141,7.623129125744686,0.1619317635084935
2016-07-07,0.022600404087941943,0.1685748128345336,-0.025590402619164915,7.586637638838525,7.612173674161976,0.11821827353859758
2016-07-08,0.02203435844775529,0.1677577436515233,-0.024547113430902434,7.58629781320359,7.6107905593387795,0.11609734126991919
2016-07-09,0.048921014432219904,0.16696277858666073,-0.023545756955912427,7.613390860598182,7.636882250258381,0.22660809201152676
2016-07-10,0.07512246126411179,0.16620417387988584,-0.02259566592302496,7.6397837937561865,7.662325092383498,0.31128955665953256
2016-07-11,0.0837130901824381,0.16550004575296048,-0.02167708706067182,7.648588873409941,7.670211593174899,0.3359096215704229
2016-07-12,0.07717260041932043,0.16487125342394612,-0.020796122330893778,7.642300556047586,7.6630423110827675,0.3188372652060519
2016-07-13,0.06337976780837724,0.16433569833627273,-0.0199572410131546,7.62881104966671,7.64871392338415,0.27832877968910985
2016-07-14,0.04920543835282538,0.163907799824095,-0.01914338398166411,7.61502267873047,7.634111695416421,0.23088869923686514
2016-07-15,0.03737432209815406,0.16360276193112555,-0.01836222713905354,7.60366768142544,7.62197554126878,0.18596310260282778
2016-07-16,0.027566627359328685,0.1634259768412613,-0.01762188943273352,7.594423539303071,7.61199106144009,0.14433348073717467
2016-07-17,0.019677285536956295,0.16337815657393095,-0.016898266835817324,7.587209999810284,7.6040538993503874,0.10749358396587098
2016-07-18,0.013634011593186836,0.1634625837254004,-0.016214141669415844,7.581935278184385,7.5980950525580875,0.07698629987019222
2016-07-19,0.00915901786677946,0.1636747059857032,-0.015552647684726712,7.57833390070297,7.593832181091983,0.052993233395797694
2016-07-20,0.006074809696285714,0.1640115627568894,-0.014918193645240956,7.576221003343148,7.591084829692676,0.03571602832530344
2016-07-21,0.004319019750892546,0.16446797804590785,-0.014306959835090264,7.575532862496924,7.589785455036301,0.02558858091718733
2016-07-22,0.003257522725112268,0.16503739349449725,-0.0137225387384046,7.575625202016419,7.58929337345911,0.01935603759332515
2016-07-23,0.0026411422662134705,0.16571003065747167,-0.013160579732802163,7.576243417726097,7.589349630163186,0.015688291446657874
2016-07-24,0.003080361513721577,0.1664716512855155,-0.012621115689439074,7.577983721645012,7.590550470038737,0.018167649341733073
2016-07-25,0.004291620445487048,0.16731048683748617,-0.012103732609602551,7.580551199208585,7.592600564522474,0.025009136038231346
2016-07-26,0.005345114995754057,0.16821776850480144,-0.011613637582892028,7.583002070452878,7.594561340740056,0.030796417344247165
2016-07-27,0.005338525587135922,0.16918576911011676,-0.011146792262560608,7.584430326969906,7.595522751936753,0.03058901109668807
2016-07-28,0.004614047039267213,0.17020752616568677,-0.010698879181612338,7.585175518558556,7.595820030444455,0.02639289279165727
2016-07-29,0.0037061047041714473,0.17127711272164367,-0.010269128084522537,7.5857669138765065,7.595981674665316,0.021179772315837467
2016-07-30,0.0031361255400162774,0.17238845502515857,-0.009852820240547623,7.586724584859841,7.596523037804675,0.017867158718842733
2016-07-31,0.002697163084895076,0.17353100341628924,-0.009449664998536965,7.587831326037861,7.597226623740685,0.01530494891051908
2016-08-01,0.0027561586573378563,0.17469710544957842,-0.00906221114467295,7.589443877497457,7.598451721346417,0.015531743928233746
2016-08-02,0.005167801306684856,0.17587763692455397,-0.008687826324263672,7.593410436442189,7.602043895470739,0.028544222694439413
2016-08-03,0.009254898787964648,0.17706475952534814,-0.008329294697605722,7.599043188150921,7.607318115552813,0.04967215414490363
2016-08-04,0.013612173629040838,0.17825002798558104,-0.007981041836967441,7.6049339843128685,7.612860658854123,0.07094765677912168
2016-08-05,0.027092778398898138,0.17942792615969655,-0.007648768150277169,7.619924760943531,7.627519161798095,0.13118674205961411
2016-08-06,0.07633423181421063,0.18059243006918435,-0.007337526118335888,7.670641960300273,7.677925119122896,0.297105139866156
2016-08-07,0.14911074611152475,0.18173715303844745,-0.00703731915971787,7.744863404525468,7.751846356389473,0.45069273975934593
2016-08-08,0.19452879376348436,0.18285667650427168,-0.00674543404954132,7.791692860753429,7.798383927507256,0.515464449718919
2016-08-09,0.19815599341369144,0.18394478993673977,-0.006469807157197626,7.796683800728448,7.8030992405899315,0.5185961454362138
2016-08-10,0.17363638706560222,0.1850004476288422,-0.0061961875485434794,7.773493471681115,7.779635291933944,0.48415659036679537
2016-08-11,0.13764835392057237,0.18601971880184034,-0.005948557486844485,7.738772339770782,7.744666529961913,0.4252762799951037
2016-08-12,0.10161209405352337,0.18700544133484448,-0.005710934288382619,7.703959425635199,7.709615992627868,0.35206486645654667
2016-08-13,0.07123153786742875,0.1879576502298804,-0.005482909869709102,7.674759102762814,7.68018764533681,0.27482449553677296
2016-08-14,0.048321348185805885,0.18888023741548332,-0.0052531628013701955,7.6530012473351325,7.6582000428407895,0.20371427140048282
2016-08-15,0.031993516392405184,0.18978022095332556,-0.005032295899253648,7.637794265981691,7.642772194585231,0.14426197067026644
2016-08-16,0.020731751937938213,0.19066839806785044,-0.0048189815169585514,7.627633993024044,7.632398607245289,0.09806876644775572
2016-08-17,0.013171845744702666,0.19155941339432608,-0.004615439224460036,7.621168644449782,7.62572971637853,0.06433724776614566
2016-08-18,0.008202494912288194,0.1924692891910292,-0.004419696878606743,7.617304911759924,7.621670241342818,0.040875178087144914
2016-08-19,0.005113352965171535,0.19341311122870872,-0.004232435723604443,7.61534685300549,7.6195249214333804,0.025756530676826303
2016-08-20,0.00398322379865319,0.19440934954739403,-0.004053172526996343,7.615392225354265,7.619391030585548,0.020077484411200375
2016-08-21,0.005158004152956653,0.19547142076727678,-0.003891868246989367,7.617790381208458,7.621627882159734,0.025709110989115286
2016-08-22,0.006125371650568298,0.19660705384226365,-0.003737058453330439,7.620048191574716,7.623730882732333,0.030214069780292126
2016-08-23,0.0060746270117977225,0.1978252163313134,-0.0035856778999434234,7.621366989978381,7.624898300582611,0.029792210294029918
2016-08-24,0.006364066904734281,0.19913106361131044,-0.003443182954122044,7.623104772097136,7.6264935877555455,0.030969429245124545
2016-08-25,0.011018782601850265,0.20052547114058733,-0.0033064173011918365,7.6292906609764595,7.632542710981938,0.05208736426027441
2016-08-26,0.021264379578639057,0.20200587694574906,-0.003175147969611603,7.64114793308999,7.644268713763888,0.09524053902054938
2016-08-27,0.02945076517414477,0.2035659749135942,-0.00304213418436008,7.651027430438592,7.654015197327239,0.12638905326310684
2016-08-28,0.03134145648352455,0.2051910549619773,-0.0029114798997933104,7.654673856080922,7.657530968685002,0.1325037995495421
2016-08-29,0.028187945828292642,0.20686419606257847,-0.002786320989881524,7.653318645436204,7.656050599130372,0.11992209729099004
2016-08-30,0.02269592505018279,0.20856934982161432,-0.002666766435347589,7.649651332971663,7.652263732111297,0.09813805839534005
2016-08-31,0.016924846371031834,0.21029301892685168,-0.002551514270717946,7.6457191755623795,7.648216322537384,0.07448730472334689
2016-09-01,0.011931822059351059,0.2120188773554406,-0.002444918154665867,7.642558605795339,7.644949156654292,0.053278788994766485
2016-09-02,0.008060193350575933,0.2137364677776246,-0.0023481346384181243,7.640501351024996,7.642795118367701,0.03634046296989596
2016-09-03,0.005265480346955684,0.2154364816911666,-0.0022500776811849007,7.639504708892151,7.641700419277623,0.023857877376034235
2016-09-04,0.0033483204771811966,0.21711179154816096,-0.002152615825060776,7.639360320735495,7.6414585692648425,0.015187874334366223
2016-09-05,0.0020795517417252214,0.21876348831260392,-0.002059795482931329,7.639836069106612,7.6418414972938296,0.009416424177160553
2016-09-06,0.0012546927139275845,0.22039771105025802,-0.001969869944014304,7.640735358355385,7.642650861003686,0.0056606321096451685
2016-09-07,0.0009344031071359187,0.2220168089795545,-0.001881951566843228,7.642122085055061,7.643949669326191,0.004191065383275842
2016-09-08,0.004234733419714578,0.22362950854481242,-0.0017986824094022354,7.647118384090339,7.648862699204027,0.018584457935149932
2016-09-09,0.019322683634692573,0.22524189052202134,-0.0017185126962865778,7.663898885995641,7.665563031396214,0.07900851421886981
2016-09-10,0.039674380332629114,0.226856359129772,-0.0016418830248388567,7.6859416809727765,7.6875291967019015,0.1488548015611756
2016-09-11,0.053180258406649715,0.22847279463430795,-0.0015771178054959924,7.7011287597706755,7.702651510280458,0.18881477701900254
2016-09-12,0.05530652560829609,0.2300892484479795,-0.0015100868342192502,7.70493851175727,7.706394231295776,0.1937888736831489
2016-09-13,0.04901431559338992,0.23170294219582693,-0.001442386636242168,7.7003276956881885,7.701715715028717,0.17460385577787838
2016-09-14,0.03916966906486446,0.23330801880053795,-0.0013741502708394047,7.692156362129777,7.693476145104903,0.14375367528886754
2016-09-15,0.029437816582120906,0.23490644124627702,-0.0013104666524320309,7.68408661571118,7.685342715067899,0.1113616646109665
2016-09-16,0.021164889351972953,0.23649445590798218,-0.0012497675202711035,7.677462402274898,7.678657802499456,0.08214291366229888
2016-09-17,0.014650165190341607,0.23806232476612685,-0.0011934464912844677,7.672571868000398,7.673710947195969,0.057971670465773985
2016-09-18,0.00990499393228022,0.23959626805428083,-0.001138739875350476,7.669415346646424,7.670499719226061,0.03969917367718058
2016-09-19,0.0068956319562918115,0.24109032979495315,-0.0010842519577670701,7.6679545343286915,7.668984418990745,0.027806541578385104
2016-09-20,0.004939756356678813,0.2425405216180724,-0.001031451345016151,7.667501651164949,7.668478735214252,0.019960202069850528
2016-09-21,0.007126956693968506,0.24395301691403629,-0.0009805746380040505,7.6711522235052145,7.672078430847505,0.028385205683888477
2016-09-22,0.02259371057211875,0.24533561178019586,-0.000935584672369907,7.688046562215159,7.688927779591815,0.08432712916135798
2016-09-23,0.037131058953282406,0.24669422066821675,-0.0008988320707604496,7.703979272085952,7.704823736861,0.13082364968617055
2016-09-24,0.04234866905830096,0.24803342064256484,-0.000863539544739088,7.710571374691341,7.711380546940366,0.14583774468296587
2016-09-25,0.03990551368028831,0.24935713303033627,-0.0008272045204586618,7.70948826672538,7.710261103950125,0.13795598613950796
2016-09-26,0.03508306535120794,0.2506727678363126,-0.0007914778813531189,7.706017179841381,7.706754290427021,0.1227728755695619
2016-09-27,0.029476583267856803,0.25197980326564856,-0.0007522438472101704,7.701756967221509,7.702454843773006,0.104728777452516
2016-09-28,0.024141442905714062,0.2532812555760105,-0.0007132091506644526,7.697762313866274,7.698421155721225,0.08702043141327312
2016-09-29,0.02249694106044728,0.25457919183841404,-0.0006764352694041877,7.697452522164671,7.698074590138361,0.08119407768932281
2016-09-30,0.024557872221007023,0.2558758171609214,-0.0006407556876130515,7.700845758229529,7.701432146621429,0.08757104852534729
2016-10-01,0.025407058870120146,0.2571699776937632,-0.0006073978925921696,7.703022463206505,7.703575493803384,0.08991197295812914
2016-10-02,0.024035231403753767,0.2584554315791551,-0.000573677426549162,7.702969810091574,7.703489120222409,0.0850832772664346
2016-10-03,0.022804619025519522,0.25972265908881076,-0.0005457022553140625,7.70303440039423,7.703525735353831,0.08071652117177577
2016-10-04,0.022289164472105882,0.2609647573235334,-0.0005108471053699759,7.703795899225483,7.70425237903514,0.07868969414724278
2016-10-05,0.020786247791334592,0.2621770817902158,-0.0004854016592157359,7.7035307524575485,7.703961786821051,0.07345915748897056
2016-10-06,0.018446102593804536,0.2633562682367955,-0.0004612396298540606,7.7023939557359595,7.7028008280701,0.06545758482952242
2016-10-07,0.015483511886058985,0.2645025045728804,-0.000435426900161429,7.700603414093992,7.70098447369844,0.05530101853615135
2016-10-08,0.01240474457260222,0.2656173157285698,-0.0004160591469051859,7.69865882568948,7.6990205175406725,0.04461784276817665
2016-10-09,0.009934260841641434,0.2667032015843299,-0.00039979330751232855,7.697290493653673,7.697635919665472,0.035910757547162865
2016-10-10,0.008686258654297386,0.26776854402321343,-0.00038417025201417925,7.6971234569607105,7.697453259917011,0.03142017635493948
2016-10-11,0.007726349344488406,0.26882435826811085,-0.0003691642768301233,7.697234367870983,7.6975491648520995,0.027938273639537072
2016-10-12,0.006475864443862661,0.2698790244796366,-0.00035144769395471635,7.6970562657647585,7.697353346163,0.023433145941757934
2016-10-13,0.005081833355771443,0.27094062258928725,-0.0003310136693826018,7.69674426681089,7.697020913184559,0.018410941741576866
2016-10-14,0.003758113630581039,0.27201748453534413,-0.00031190716162364946,7.696516515539515,7.696774055405426,0.013627433520495547
2016-10-15,0.0029812230658800586,0.2731171889147536,-0.00029314180268455757,7.696858094713163,7.697096869220134,0.010797682770044944
2016-10-16,0.0037491553347161403,0.2742425321145278,-0.00027508889181682123,7.698769423092641,7.698990144688745,0.013486573534327948
2016-10-17,0.004633041903559102,0.27539615588529276,-0.0002643607177116358,7.700817661606354,7.701027655028352,0.0165448529658415
2016-10-18,0.004717233515589181,0.2765801908530599,-0.00025405532854711805,7.702096193575316,7.7022958816081495,0.01676955815068928
2016-10-19,0.004138060644531875,0.2777937383073839,-0.0002441558687001412,7.70274046761843,7.702930256191416,0.014677523641941618
2016-10-20,0.0032793244694908938,0.27903467126843484,-0.00023290174060153592,7.703133918532538,7.703312452977427,0.011615876361068247
2016-10-21,0.0026992925268903164,0.28030149946114347,-0.00021873186482847172,7.703834884658419,7.703999249227534,0.009538109444599898
2016-10-22,0.004099524013179231,0.2815865800371659,-0.00020395475030230125,7.706534973835256,7.706684561289846,0.014349749445485073
2016-10-23,0.008764525594025501,0.2828791391095589,-0.00018993167348473788,7.712506557565313,7.712642121943085,0.03005217206735292
2016-10-24,0.01244398012554512,0.2841703577358312,-0.00017831065741711615,7.717488851739173,7.717612795100877,0.041953400551260116
2016-10-25,0.013207395952673088,0.2854517173364352,-0.00016583227889428232,7.719546105545428,7.719657570528609,0.04422231020249515
2016-10-26,0.011789217135309258,0.28671114021177885,-0.0001593816457263207,7.719393800236576,7.719498814586588,0.03949481749397397
2016-10-27,0.009434048496409704,0.28794139428265014,-0.00014954427434075063,7.718278723039933,7.718373900018561,0.031724369733579144
2016-10-28,0.00699696380191322,0.289135675403705,-0.00014373102091375597,7.717041732719919,7.717131096445119,0.023627803475775977
2016-10-29,0.005539377145348739,0.29028663911858676,-0.00013814602982697,7.716740694769323,7.716824473503436,0.018725118281708242
2016-10-30,0.007078677268283308,0.2913879636701688,-0.0001287401923541195,7.719390725281312,7.7194650981779525,0.023716812190555756
2016-10-31,0.009842027386826846,0.2924338815978448,-0.0001196694684350169,7.72320906405145,7.723274366224172,0.03255974788029149
2016-11-01,0.011441648307008223,0.2934196034304662,-0.00011502332442679841,7.725799052948261,7.725859708976975,0.037530674173249755
2016-11-02,0.011436986009877777,0.2943431226368579,-0.00011055935933340445,7.726722373822616,7.726778565886236,0.03740264878737026
2016-11-03,0.011070843958104683,0.2952081097383343,-0.00010627035044588996,7.727225507881207,7.7272774109359395,0.036146277191077526
2016-11-04,0.01009018919591866,0.29601749505114316,-9.994143343886549e-05,7.727060567348837,7.727106141486562,0.032962874554219916
2016-11-05,0.008452324461621325,0.2967734378989741,-9.106134863859065e-05,7.726187525547171,7.726224219600096,0.027692041445819052
2016-11-06,0.0065673602905503,0.2974741287185051,-8.291864811951421e-05,7.72501139489615,7.725039946248556,0.021600210918433907
2016-11-07,0.005602583674968917,0.2981262575383603,-7.671754903789961e-05,7.724704948199506,7.72472729845283,0.018446004839671598
2016-11-08,0.007818638752296029,0.29872450075696405,-6.898071916684449e-05,7.7275269833253075,7.72754159674876,0.025505835050860248
2016-11-09,0.01006703212271879,0.2992708596841136,-6.167559099961448e-05,7.730329040751046,7.730336349046333,0.03254380529949819
2016-11-10,0.010417704933553054,0.2997707414204788,-5.5723825485804334e-05,7.73118554706376,7.7311869035935326,0.03358508369993531
2016-11-11,0.009325129915544423,0.30022840865217537,-5.356595799231801e-05,7.7305527971449415,7.73055199580722,0.03012444942057867
2016-11-12,0.009130430975441806,0.3006504570386201,-4.871035813861746e-05,7.730785002191137,7.730779345253563,0.029473835632582174
2016-11-13,0.01334499959790263,0.30104216662627725,-4.358592318391479e-05,7.73539640483621,7.735385623463681,0.04244766018338903
2016-11-14,0.017028994093631015,0.3014054736134287,-3.777490165807855e-05,7.739449517340615,7.73943292494656,0.05347723258807728
2016-11-15,0.017435180585526466,0.30173684549788415,-3.3336233703083375e-05,7.740191514384922,7.7401704833229115,0.05462628037762324
2016-11-16,0.015351430911587503,0.30203369914038664,-2.8435879819229696e-05,7.7384095187073685,7.738383587291475,0.04836846297453694
2016-11-17,0.012468339957878114,0.3022908093723616,-2.7336224622274354e-05,7.7357846376408315,7.73575760656974,0.039612319401704045
2016-11-18,0.010516907785234982,0.3025158004054488,-2.459561934140807e-05,7.734060937106556,7.734031165430184,0.033596833525871075
2016-11-19,0.00891772833212138,0.30271086674025544,-2.0433958772680503e-05,7.732660985648818,7.732627052311877,0.028616527729267614
2016-11-20,0.007227063207272024,0.3028831352195132,-1.4610595698559712e-05,7.7311484123663,7.731108655666286,0.023304822749898313
2016-11-21,0.005529337334175815,0.3030326726797961,-1.0261905600477073e-05,7.729604572643585,7.729560467253473,0.017919695732878594
2016-11-22,0.004014725478643793,0.30315697697404453,-6.1940275537819145e-06,7.728218332960348,7.728170159692189,0.013069971766888766
2016-11-23,0.0027896180902318383,0.3032570083618322,-1.8980949379859083e-06,7.72709755289234,7.727045083691564,0.009115010096897034
2016-11-24,0.0018420984293402148,0.30333432537666355,-7.485553101011756e-17,7.726229248341218,7.726174881045504,0.006036175423928587
2016-11-25,0.0012002561431951242,0.303390782866699,-1.4971106202023511e-16,7.725643863545108,7.725589496249395,0.003940549751879391
2016-11-26,0.0007625239810955594,0.30342923138150424,-7.485553101011756e-17,7.725244579897813,7.7251902126021,0.002506721394163437
2016-11-27,0.0004742763629716314,0.3034513320903534,-1.1228329651517633e-16,7.7249784329885385,7.724924065692825,0.0015605014838506698
2016-11-28,0.0002867107662433447,0.30345683241171734,-1.4971106202023511e-16,7.724796367713174,7.724742000417461,0.0009439238221941834
2016-11-29,0.0001301373709771407,0.3034506054778862,-1.4971106202023511e-16,7.724633567384077,7.724579200088364,0.0004286746575421918
2016-11-30,7.828390383735092e-05,0.3034338474045402,-3.742776550505878e-17,7.724564955843592,7.724510588547878,0.00025792677050464285
2016-12-01,4.6453976960865455e-05,0.30340211104582,0.0,7.724501389557995,7.724447022262281,0.00015308682365124387
2016-12-02,0.0019142574886231128,0.3033522386343498,-3.742776550505878e-17,7.726319320658186,7.726264953362473,0.006270774922682565
2016-12-03,0.01052971345303768,0.3032820143315698,-2.1006246557298267e-09,7.734864550219196,7.7348101850241076,0.03355423816494523
2016-12-04,0.018295100060807517,0.3031895799712775,-1.0646092121330893e-06,7.742536439958087,7.742483137271585,0.05690815518481819
2016-12-05,0.02092468964888751,0.30307103618425274,-2.6042142403283883e-05,7.745022508225951,7.744994183072641,0.06458322743326513
2016-12-06,0.019401293884391168,0.30291975505142965,-0.00019095892171376534,7.743182914549321,7.743319506175322,0.06019245081401516
2016-12-07,0.015866267007748375,0.3027297052308421,-0.0007543466627611613,7.738894450111043,7.739594429478091,0.0498005888030073
2016-12-08,0.012295598766451348,0.3024939009271632,-0.0020456504631178323,7.733796673765711,7.735787956933115,0.03905974874771454
2016-12-09,0.010463520369266135,0.30220754765927405,-0.004328091025833709,7.729395801537921,7.7336695252680405,0.03346494587823853
2016-12-10,0.00922090716140156,0.30186863755241455,-0.007739519529963585,7.724402849719066,7.732088001953317,0.029640684870602917
2016-12-11,0.0077422608713813,0.30147429875836773,-0.012240336290209592,7.7180290478747535,7.730215016869249,0.025038312568549884
2016-12-12,0.006088606563089022,0.30101716862802536,-0.017644272987715,7.710514326738613,7.728104232430615,0.019825763808251518
2016-12-13,0.00451260109029841,0.30049640105349756,-0.02379370124697422,7.7022681254320355,7.726007459383297,0.014794976733739
2016-12-14,0.0031845172768245303,0.29991535041607437,-0.030681542477399258,7.693471149750714,7.724098324932399,0.010506495106923263
2016-12-15,0.0022494399398290724,0.29927950652862595,-0.038422131779794665,7.684159639223874,7.722527403707955,0.007460112755922097
2016-12-16,0.0019184352860937722,0.2985920527532518,-0.04711644576720581,7.6744468668073536,7.721508945278846,0.006383921235529701
2016-12-17,0.0017774359442298132,0.2978553986144083,-0.056736487848839896,7.663949171245012,7.720631291798139,0.005932046622487127
2016-12-18,0.0015629294937688808,0.2970724248658892,-0.06706704501481223,7.65262113388006,7.7196338115991585,0.005233571547883726
2016-12-19,0.0012077673266061475,0.29624587359750026,-0.0778339446648097,7.640672520794511,7.718452098163607,0.004060354826567083
2016-12-20,0.0009290530188146377,0.2953807094830094,-0.0889272991148298,7.628435287922208,7.717308219741325,0.0031354114389292817
2016-12-21,0.0006727674584459779,0.29448161090594605,-0.100442139769428,7.615765063130178,7.716152835603893,0.002279374821319411
2016-12-22,0.00046483732378159107,0.2935522753174999,-0.11255153765370278,7.6025183995227925,7.715015569880782,0.001580987309227543
2016-12-23,0.0023762028765451776,0.2925959928898832,-0.12535071424581976,7.590674306055822,7.715970653005929,0.008055684266685112
2016-12-24,0.011715194017159796,0.2916157374641986,-0.13882724241864097,7.585556513597932,7.724329388720859,0.03862182455296277
2016-12-25,0.020151448733916874,0.2906122834972391,-0.15288054945091242,7.578936007315457,7.731762189470657,0.06484491800004379
2016-12-26,0.0229884912818094,0.28957995569389416,-0.16723927117445905,7.566382000336459,7.733566904215204,0.07354706306486633
2016-12-27,0.021292415282754114,0.2885176515711276,-0.18152613411508395,7.549336757274012,7.730808524093382,0.06872731896344877
2016-12-28,0.017403434690717805,0.28742378191738005,-0.1954804284537311,7.530399612689581,7.7258256738475986,0.05709278483847651
2016-12-29,0.013088429818899789,0.2862940463242755,-0.2090405000174919,7.511394800660898,7.720380933382676,0.043718089273336216
2016-12-30,0.009275750618288921,0.28513112332320584,-0.22228409194388096,7.493175606532827,7.715405331180995,0.03150656944284602
2016-12-31,0.006287694546549206,0.28393425636541536,-0.23538655496157326,7.475888220485605,7.7112204081514655,0.021665123974225178
2017-01-01,0.00411437767160889,0.2827002182612162,-0.24852766921291497,7.459339751255124,7.707813053172326,0.01434507772600429
2017-01-02,0.002890611980834692,0.2814268973927543,-0.26171608613874553,7.443654247770057,7.70531596661309,0.010166844761700804
2017-01-03,0.0034938204783099827,0.28011481469894634,-0.2747029909203425,7.429958468792128,7.704607092416757,0.012319161143053115
2017-01-04,0.005613953491886956,0.2787692213551236,-0.28728233260959757,7.418153666772627,7.705381632086511,0.019740807433165097
2017-01-05,0.007074198938461914,0.27739585928952937,-0.2992576695569837,7.406265213206222,7.705468515467492,0.024867991318763782
2017-01-06,0.0071134157399723045,0.27599873602481584,-0.3103747031829533,7.393790273117049,7.704110609004289,0.025125787415448658
2017-01-07,0.0061709524785176365,0.27458398866779343,-0.3202273636880725,7.381580401993452,7.7017533983858115,0.021979853509690294
2017-01-08,0.00484853702519984,0.27315100698329925,-0.3290925784195832,7.369959790124129,7.6989980012479995,0.017440809273599416
2017-01-09,0.0034822517434861607,0.2717019662253953,-0.33721714981059087,7.359019892693505,7.696182675208382,0.012654256734592036
2017-01-10,0.0024310413509691224,0.2702425305906822,-0.3448830176632696,7.348843378813595,7.693672029181152,0.008915573789048153
2017-01-11,0.0016292534233450597,0.2687709203530896,-0.35236217821284765,7.339090820098801,7.691398631015935,0.006025341628264327
2017-01-12,0.0010574185162715076,0.26728893347975835,-0.35988028188398796,7.329518894647256,7.68934480923553,0.003940498942527648
2017-01-13,0.0006687549064513098,0.2657991967457532,-0.3677457614608328,7.319775014726585,7.687466408891705,0.0025097010815175722
2017-01-14,0.0004140335602312774,0.2643057690425374,-0.37611758453392585,7.3096550426040565,7.685718259842269,0.0015640445337312557
2017-01-15,0.0002518003984734321,0.2628090189677539,-0.3853665525311137,7.298747091370328,7.684059276605728,0.0009571946102809072
2017-01-16,0.00015083251541059438,0.2613077439266503,-0.39537996941013204,7.2871314315671425,7.682457033681561,0.00057688876556711
2017-01-17,8.918103028355524e-05,0.25979977148870337,-0.4060315380012445,7.274910239052956,7.680887409758487,0.00034315052417258817
2017-01-18,5.213504051257228e-05,0.25828798767399014,-0.4171805026931453,7.262212444556571,7.6793385799540035,0.00020180775624306665
2017-01-19,2.1082464086459284e-05,0.2567719316059133,-0.4285619737624193,7.249283864842794,7.6777914713095,8.20990561710233e-05
2017-01-20,0.000449289308163671,0.25525137047329544,-0.4400565163443549,7.236696967972318,7.676699117020959,0.0017570909224390238
2017-01-21,0.0025033099059459094,0.25372623399034894,-0.4514236285837706,7.225858739847738,7.677228001135795,0.009769794177048872
2017-01-22,0.0044458340665869235,0.2521965743683189,-0.4625840302560264,7.215111202714093,7.677640865674406,0.017323068676370196
2017-01-23,0.005482730945210018,0.2506625393084251,-0.4736027869150625,7.203595307873787,7.677143727493135,0.021404771361895603
2017-01-24,0.005490550927750639,0.24912435251945414,-0.4838678905750138,7.191799837407405,7.675613360686706,0.021564138050894268
2017-01-25,0.004774096413696632,0.2475817175217157,-0.4928029730876273,7.180605665382999,7.6733542711749125,0.018918115415080188
2017-01-26,0.0037658157373330094,0.24603211964970922,-0.5001964705269036,7.170654289395353,7.670796392626543,0.015075447807437537
2017-01-27,0.00277002996334741,0.24447511055670992,-0.5061353454226108,7.16216261963266,7.668243597759558,0.011203576974337727
2017-01-28,0.0019341332527196295,0.24290750380087642,-0.5107096734308336,7.155184788157976,7.665840094293096,0.007899527531325263
2017-01-29,0.0012973286164444276,0.2413269094593603,-0.5143371512381752,7.149339911372843,7.663622695315305,0.005347069306567361
2017-01-30,0.0008429398221830539,0.23972750333211004,-0.5175851536876851,7.144038114001821,7.661568900393793,0.0035039209768692285
2017-01-31,0.0005337562222898641,0.2381089165441479,-0.5206146787244613,7.13908081857719,7.659641130005938,0.002236633608324766
2017-02-01,0.000330853809422863,0.236473244209404,-0.5236743602544178,7.134182562299623,7.6578025552583275,0.0013971625161510457
2017-02-02,0.0010101679750703224,0.23482347778581722,-0.5272901498523833,7.129596320443718,7.656832103000388,0.004283392099592671
2017-02-03,0.004626760249296407,0.23316195664175163,-0.5315997827833094,7.127241758642953,7.658787174130548,0.019457442345409238
2017-02-04,0.007912255794089591,0.23149068102774015,-0.5363835848212237,7.12407217653582,7.6604013940613305,0.03304995293344338
2017-02-05,0.009009561874332534,0.2298113911089913,-0.5411348264381819,7.118738951080356,7.659819410222824,0.0377251734480837
2017-02-06,0.008323921034279558,0.2281256518770931,-0.5455062325301852,7.111996164916402,7.657448030150873,0.035203789678231207
2017-02-07,0.0084225408430172,0.22643489494728558,-0.5492807228672393,7.106629537458278,7.655855893029803,0.035862355452681675
2017-02-08,0.014576705249534801,0.22474044395369783,-0.5525459271135719,7.1078240466248745,7.660315606442733,0.06090957249852575
2017-02-09,0.02199062815755041,0.2230399191120847,-0.5553848496898073,7.110698522115042,7.666029004509135,0.08974647611324807
2017-02-10,0.025751088236709622,0.221334561206357,-0.5577469343102396,7.110391539668041,7.668084106682567,0.10421927900204976
2017-02-11,0.024964113789836907,0.2196295128179166,-0.5593242688387415,7.1063221823042255,7.665592083847254,0.10206363156743659
2017-02-12,0.021237464427730095,0.21792409070929133,-0.5596354861200112,7.100578893552224,7.660160012376522,0.08879965852188342
2017-02-13,0.016495191881350083,0.21621827366338375,-0.5584136764254032,7.095352613654544,7.653711922784234,0.0708819828828481
2017-02-14,0.011995606142277394,0.21451548196391496,-0.5557686021811682,7.091795310460238,7.6475095453456925,0.05295814100126367
2017-02-15,0.008302802588477475,0.21281913049985904,-0.5521634511100242,7.090011306513526,7.642120390327837,0.03754852570486786
2017-02-16,0.007777297923089966,0.21113159423617975,-0.5480564690187962,7.091905247675688,7.63990734939877,0.03552755599088
2017-02-17,0.02426731722331336,0.20945490313557175,-0.5438803754674745,7.110894669426624,7.654720677598386,0.10382973936346494
2017-02-18,0.07767986018285297,0.20779275840012956,-0.5400458958244928,7.1664795472937035,7.706471075822483,0.2721096705121392
2017-02-19,0.15133116379504383,0.20615458806585563,-0.5366763087763454,7.2418622676197675,7.7784842091004,0.4233208260952676
2017-02-20,0.19701184825361284,0.20455116585751704,-0.5337916091076119,7.288824229538732,7.82256147135063,0.4906125348463769
2017-02-21,0.20010344516593764,0.2029946556141078,-0.5307804267015913,7.293370498613668,7.824096558019546,0.4964137632469921
2017-02-22,0.17437632633443223,0.2014938297482811,-0.5272979711959911,7.269625009421937,7.796868613322214,0.4639270330791021
2017-02-23,0.1373563595873025,0.2000513206255773,-0.5228268087990606,7.2356336959490335,7.75840613745238,0.4070931624930428
2017-02-24,0.10073631192590984,0.1986730962141893,-0.5176411882808795,7.202821044394433,7.7204078653796,0.33645005529944294
2017-02-25,0.07014723099567194,0.19736138505996847,-0.5120066472226715,7.176554793368183,7.688507073295141,0.26222419311190215
2017-02-26,0.046934166970596373,0.19611355003091702,-0.5063037779046489,7.157796763632079,7.6640461742410135,0.1931068003831697
2017-02-27,0.03042947622280551,0.1949290867690852,-0.50077596230494,7.1456354252221645,7.646357020231391,0.13502693582537834
2017-02-28,0.01923044148427584,0.1938153725473762,-0.49553239384927333,7.138566244717593,7.6340442712711525,0.09026434793700658
2017-03-01,0.011899195905523106,0.1927855897628538,-0.4907895044404967,7.134948105763094,7.625683242907877,0.05813424708957981
2017-03-02,0.007233641732226692,0.19185172099207282,-0.4864254025230207,7.133712784736493,7.6200838199638,0.036334372518606994
2017-03-03,0.0043316740250019335,0.19102694399276213,-0.48235673320464695,7.134054709348331,7.616357075257264,0.022172935440237667
2017-03-04,0.002560494414450428,0.190315770498634,-0.47840584863751245,7.135523240810786,7.613874722152585,0.01327532143783612
2017-03-05,0.0014207751599362541,0.18972178920643842,-0.47485335882212787,7.137342030079461,7.612141021605876,0.007433065286353318
2017-03-06,0.0005470018268411191,0.189245933172724,-0.4716577081211127,7.139188051413666,7.610791392239066,0.0028820979392218814
2017-03-07,0.0015697485759293842,0.188889755421832,-0.4685366265431634,7.142975701989812,7.611457961237262,0.008241902047313085
2017-03-08,0.009140258711645206,0.1886542859706656,-0.46565025442102764,7.153197114796497,7.618793001921811,0.04621087364328425
2017-03-09,0.018404810826801205,0.18854006103028756,-0.46316925558808525,7.164828440804217,7.627943329096589,0.08893581494259559
2017-03-10,0.02416706817722496,0.1885471646364637,-0.4612937104744326,7.17247334687447,7.633712690053189,0.11361284037064093
2017-03-11,0.03145957021393133,0.18867333352161023,-0.4597098111476091,7.181475917123146,7.641131360975042,0.14291171233413402
2017-03-12,0.051567441461937084,0.1889090228782213,-0.4579313550621901,7.203597933813182,7.661474921579659,0.21443862127394714
2017-03-13,0.06967234070447038,0.1892387901161268,-0.4554200852092937,7.224543870146517,7.679909588060098,0.26909751034515095
2017-03-14,0.07647791102145425,0.18964590899144576,-0.4517533353176583,7.235423309230455,7.6871222772524,0.28737717284287845
2017-03-15,0.07166391510215268,0.1901059495318706,-0.4468386827823656,7.235984006386872,7.682768321873524,0.27376686465550565
2017-03-16,0.059798009146735207,0.19060322786998496,-0.44055886867821376,7.23089519287372,7.671399694256221,0.23880876092773567
2017-03-17,0.04588984154113396,0.19112373161796956,-0.43296521661908,7.225101181075237,7.658012030398604,0.1936169348003071
2017-03-18,0.03319456586846974,0.19165740493558697,-0.4245957854969245,7.221309009842346,7.645850428043557,0.14762852978236318
2017-03-19,0.023284393221269205,0.19220213747772463,-0.4160767323195321,7.220462622914676,7.636484987938494,0.10805498211762674
2017-03-20,0.015984885461256117,0.19275949623583954,-0.40774125216606927,7.22205595406624,7.629742838936596,0.07657636258901296
2017-03-21,0.010730708223846792,0.1933318110890891,-0.3997646043449124,7.225350739503237,7.625060976552437,0.052585395201315416
2017-03-22,0.007044023374701236,0.19392596383657534,-0.39223410742291503,7.229788704323576,7.621968444450777,0.03505012600362046
2017-03-23,0.004526952412984579,0.19455377872010632,-0.38507827651633525,7.235055279151969,7.620079188372592,0.022739279623994284
2017-03-24,0.002801865935985605,0.1952294268746843,-0.37839391376657444,7.24069020357931,7.619029750050171,0.01414860195183577
2017-03-25,0.0018965152121650016,0.19596760842240465,-0.37227804790240887,7.246638900267374,7.61886258087407,0.00958493726567444
2017-03-26,0.002406812750285364,0.19678019751941386,-0.366807850417065,7.2534319843878485,7.6201854675092,0.012083181262806945
2017-03-27,0.005432437116804725,0.19767692234316261,-0.3620260198968549,7.262136164098326,7.624107816699468,0.026746365264745237
2017-03-28,0.011699970413904352,0.1986638667755619,-0.35761171512782464,7.273804946596855,7.631362294428967,0.05561778378936233
2017-03-29,0.017743476621766424,0.19974696584336277,-0.35324527538945616,7.285297991610887,7.63848889970463,0.08158278782577437
2017-03-30,0.02498640553780978,0.2009273402319386,-0.34876255424454383,7.298204016060418,7.646912203009249,0.11060152826325123
2017-03-31,0.029841386777972413,0.20220192318257252,-0.3439736120345414,7.309122522461218,7.653041767200046,0.12860265949079264
2017-04-01,0.029721068619816295,0.2035635547016652,-0.33870107150505857,7.3156363763516365,7.654283080560982,0.12740260458083735
2017-04-02,0.02583494876118283,0.20500496592565345,-0.3328138959583283,7.319078843263722,7.6518383719263365,0.11191716474263658
2017-04-03,0.021293662198710525,0.20651386374173625,-0.3264123374799851,7.322448012995675,7.6488059831799475,0.09347216300605052
2017-04-04,0.029275669656221567,0.20807325308479466,-0.31969266953134334,7.338709077744887,7.658347379980516,0.1233444387197231
2017-04-05,0.07580523648912547,0.20966439841947362,-0.31291873666226966,7.393603722781544,7.7064680921481,0.2655457086123944
2017-04-06,0.13495811621173295,0.21127000703415696,-0.30632048720786154,7.460960460573242,7.76722658048539,0.38979536077687776
2017-04-07,0.1662377202073033,0.21287620761646622,-0.3001384892058351,7.5000282631531485,7.80011238506327,0.43849014242647033
2017-04-08,0.16315758343246528,0.21447967949341687,-0.2942635907608557,7.5044264967002405,7.798635720165382,0.4320484217270894
2017-04-09,0.1390334835982721,0.21607935511729195,-0.2885406453131454,7.487625017937632,7.776111295955064,0.3915191692340761
2017-04-10,0.10782712259580746,0.21768226420697728,-0.2829685745918971,7.4635936367461015,7.746507844042285,0.33125656883479154
2017-04-11,0.07822251501206422,0.21929410497779148,-0.27770371994277254,7.440865724582297,7.718515077229356,0.26291813551367765
2017-04-12,0.054804819405602646,0.22091596499542163,-0.2729269593709313,7.423846649565307,7.696719241640524,0.19876927132882136
2017-04-13,0.04547749423523302,0.222548877518814,-0.26875284601653204,7.420326350272729,7.6890248289935474,0.16967544625409176
2017-04-14,0.05949613882417505,0.22419495338023643,-0.2651276068806229,7.4396163098590025,7.704689549443912,0.2097215614415752
2017-04-15,0.07312521350425916,0.22586359775790452,-0.2619683533457929,7.4580732824515845,7.719987268501664,0.2445750835811058
2017-04-16,0.07404188554082355,0.22756590271679483,-0.2590664079778996,7.463594204814933,7.7226062454971185,0.24549062863582508
2017-04-17,0.06505397224441707,0.22932239274164293,-0.25621561201597043,7.459213577505303,7.71537482222556,0.22098911455577508
2017-04-18,0.05241619176290773,0.23114475621391206,-0.25346781921690525,7.4511459532951285,7.704559405216321,0.18484982553800952
2017-04-19,0.03967400565050815,0.23304258644094988,-0.25074445391351763,7.443024962713154,7.693715049330958,0.14547705127234467
2017-04-20,0.02849876005350446,0.23501527647148276,-0.2480787381143467,7.436488122945854,7.684512493764488,0.10814892606603943
2017-04-21,0.019340517632684146,0.23705979027514815,-0.2455159037551555,7.43193722868789,7.677398765147332,0.07543094542474747
2017-04-22,0.012743739186710405,0.23916457843219038,-0.2430012534797527,7.429959888674362,7.672906774858402,0.05058879876284893
2017-04-23,0.008271161160091703,0.24132295903284445,-0.24056653693278313,7.430080407795367,7.670592577432437,0.03313844554390183
2017-04-24,0.005241730185470811,0.2435365769539913,-0.23837401092012792,7.431457120754548,7.6697767643789625,0.021069884451510316
2017-04-25,0.003253759493166064,0.2458125892516475,-0.23653037775073046,7.433588795529297,7.670064805984314,0.01306382620359435
2017-04-26,0.0019845280752357297,0.24815363581115438,-0.2350616622958409,7.436129326125763,7.671136621125891,0.007933727682342306
2017-04-27,0.001192269127518623,0.2505539046250668,-0.2339608690538658,7.438838129233933,7.672744630992086,0.0047359970153523666
2017-04-28,0.0007069891312014408,0.2530050327232,-0.23314339535262174,7.441621451036994,7.674710479093902,0.0027865811246704066
2017-04-29,0.0006567569454485373,0.2554888841881033,-0.23257700891796132,7.444621456750804,7.677144098373052,0.002563998132242706
2017-04-30,0.0025426116907524567,0.25799336021727004,-0.23217759992951778,7.449411196513719,7.681534429147523,0.00975915790872087
2017-05-01,0.009859136205049248,0.2605075227764914,-0.2317526888184819,7.459666794698273,7.691365116221041,0.036465798860659
2017-05-02,0.022103128268129983,0.26302062038825086,-0.23112172508928086,7.475054848102314,7.706122205895881,0.07752117588341526
2017-05-03,0.030295415943770804,0.2655264167254319,-0.23019994640873928,7.486674710795677,7.7168202899087035,0.10241102108798066
2017-05-04,0.03136105414668623,0.26801854443466366,-0.22899724634026433,7.491435176776299,7.72037805582085,0.10475347784316222
2017-05-05,0.028018909443802947,0.27048971398066335,-0.2274115133466113,7.492149934613069,7.719507080663966,0.09386298165316745
2017-05-06,0.02431947804879693,0.27292656478789556,-0.2253621528553389,7.492936714516567,7.718244500076193,0.08181598589744085
2017-05-07,0.02040669785068779,0.27531187415845976,-0.22279738294194115,7.49397401360242,7.716717029248648,0.06900715674379945
2017-05-08,0.0161784395220205,0.27763186670015416,-0.21952472869916947,7.495338402058219,7.714808763461675,0.05506423423345341
2017-05-09,0.012118804567435065,0.27987603346298995,-0.2156434778545542,7.497404184711085,7.712993295269926,0.04150348906569478
2017-05-10,0.008642978593957887,0.28203551358120393,-0.21129650964875604,7.50043480706162,7.711676949414662,0.029733808405575664
2017-05-11,0.008164448663651163,0.28410534958880707,-0.2065165758062385,7.506806046981434,7.7132682554919585,0.02793462996336979
2017-05-12,0.020748181490313444,0.2860885975304729,-0.20139875305864843,7.526490850497352,7.727835236260287,0.06761960400095283
2017-05-13,0.048514814485059635,0.2879928767969024,-0.19616448837447265,7.5613960274427034,7.757506148521463,0.1441714877310449
2017-05-14,0.06931684197948172,0.28982545222195727,-0.1908956705329344,7.589299448203718,7.780140751440939,0.19300662466839025
2017-05-15,0.07364673107406708,0.29158929587188137,-0.18558836377723567,7.600700487703927,7.786234484185449,0.20164147466472718
2017-05-16,0.06581243745989689,0.2932890621419565,-0.18009513621198675,7.600059187925081,7.780099956841354,0.18326973719927406
2017-05-17,0.05273011361951553,0.2949313804524987,-0.17449416741236318,7.594220151194865,7.768659951311514,0.15167084799041067
2017-05-18,0.04084521148276193,0.2965218359044686,-0.16898740750291208,7.589432464419533,7.758365504626731,0.12107054260068179
2017-05-19,0.035763184773394116,0.298065079503665,-0.16351610447634463,7.591364984335929,7.75482672151656,0.10713048773998547
2017-05-20,0.033037986180887866,0.29956512549007247,-0.15809714524065613,7.5955587909655184,7.753601568910461,0.09933156071483747
2017-05-21,0.030882182822600825,0.30102549532948153,-0.15271104055009227,7.600249462137204,7.752906135391583,0.09304449657368397
2017-05-22,0.027442891358814052,0.30245066567406914,-0.1473734355031575,7.60357294606494,7.750892014272384,0.0831871092168029
2017-05-23,0.022599068284279832,0.30384825893070505,-0.14209593196818612,7.605404219782012,7.747445784454485,0.06922730376468057
2017-05-24,0.017618044792358453,0.30522311666091534,-0.13686924908668177,7.607024736901806,7.743839618692775,0.05457186658928678
2017-05-25,0.014078251456078638,0.3065745775368357,-0.131709346494797,7.609996307033331,7.741651286232415,0.04390496569231807
2017-05-26,0.011322511080238502,0.30790299049531117,-0.12666447485187637,7.613613851258887,7.74022395881505,0.03546869227037256
2017-05-27,0.008802494510261554,0.3092087463604455,-0.12174282586358662,7.617321239542334,7.739009698110207,0.027679821902397345
2017-05-28,0.006641720414079608,0.3104915977898003,-0.11690469893030721,7.621281443808787,7.738131775443381,0.020942991583778506
2017-05-29,0.006178643407713852,0.3117512951711157,-0.11215252687661743,7.626830236237426,7.73892839581833,0.019433977923981764
2017-05-30,0.008813383727747705,0.31299275269544496,-0.10759282097979854,7.635266139978608,7.742804593662693,0.027387245705462943
2017-05-31,0.01100383403909114,0.31422122380060175,-0.10323655741972128,7.643041324955186,7.746223515079193,0.033834520968907184
2017-06-01,0.011140124641641607,0.31544505098294795,-0.0990704942145242,7.648567505945279,7.74758363286409,0.03411093176638001
2017-06-02,0.010994760562572396,0.31667043020839214,-0.09508296661558516,7.653635048690593,7.748663648010465,0.03355486292792587
2017-06-03,0.014794037399330622,0.3178967804847589,-0.0912636283231062,7.6624800140961975,7.75368927512359,0.04446782599357735
2017-06-04,0.018317711021310294,0.31912328567716136,-0.0876032378144155,7.67089058341927,7.758439453937972,0.05428418953396619
2017-06-05,0.01920152595127923,0.32034079382026853,-0.084093481970298,7.676501662336464,7.760540777011048,0.05655120093483039
2017-06-06,0.019504455737480143,0.32154522124024126,-0.0807268305220108,7.681375670990924,7.762048134217222,0.05718948603125123
2017-06-07,0.02006612683174413,0.32273070079655936,-0.07749641595145035,7.686353236212067,7.763795284867804,0.05853650096640317
2017-06-08,0.019131882591084688,0.32389390153687186,-0.07439593439819334,7.6896826742649775,7.764024241367457,0.05577389069956343
2017-06-09,0.01648075767434104,0.3250342135452088,-0.07141956389193839,7.691148231862825,7.762513428459051,0.04825778974048564
2017-06-10,0.013023243385608662,0.326152876368458,-0.06856189686366981,7.691667047425611,7.760174576993567,0.03839669902188777
2017-06-11,0.009636906282401346,0.3272443353459403,-0.06581788441564267,7.692116181747913,7.757879698867842,0.02860624187865318
2017-06-12,0.006772777568778922,0.32830544958914565,-0.06318279026732354,7.692948261425815,7.756076684397425,0.02021252656797324
2017-06-13,0.004571020242348218,0.3293307529623294,-0.06065215265678676,7.694302445083105,7.7549002304441785,0.013689715386884873
2017-06-14,0.0029806209680469367,0.3303213443580588,-0.05822175277741054,7.696133037083909,7.754300422565606,0.008942704448594144
2017-06-15,0.0018729248924821468,0.33128267807167133,-0.05588758857856861,7.698320838920798,7.754154060203654,0.00562177215636883
2017-06-16,0.0011675410526357914,0.33221306341860357,-0.05364585296500858,7.700787576041445,7.75437906171074,0.0035021265093918047
2017-06-17,0.0007143816874167865,0.33311763198126537,-0.05149291560010945,7.703391922603787,7.754830470908183,0.0021399436188459385
2017-06-18,0.00043023821377195716,0.3339995746006737,-0.04942530765919806,7.706057329690461,7.7554282700539465,0.0012864828352210024
2017-06-19,0.0002131670840185487,0.3348636474432702,-0.047439708995641795,7.7086899300668605,7.75607527176679,0.0006361737809859367
2017-06-20,0.00012282728549436762,0.33571261881014997,-0.04553293727865889,7.711355333352199,7.756833903335145,0.00036573651448152083
2017-06-21,7.175707066773174e-05,0.33654650889307636,-0.04370193874125507,7.713969151757703,7.7576167232032445,0.00021317046020152816
2017-06-22,0.0021829417592935984,0.3373611909419432,-0.04194378024216116,7.718653176994289,7.760542589940737,0.006429036902882836
2017-06-23,0.014621765535889491,0.33815496780319915,-0.04025564239967681,7.733573915474626,7.773775190578589,0.04144764706417037
2017-06-24,0.03560759896153171,0.3389241294765431,-0.03863481359971423,7.7569497393735745,7.795530185677575,0.09507231632958724
2017-06-25,0.05017991697841254,0.3396650415218216,-0.03707868471693404,7.773819098318514,7.810843415739734,0.12871762449220542
2017-06-26,0.05281129776974953,0.3403689181801394,-0.03558474441786399,7.778648296067239,7.81417867318939,0.13431829890566102
2017-06-27,0.04691796714909901,0.3410288458053358,-0.0341505749395448,7.774849062550103,7.808945270193935,0.12093917408881928
2017-06-28,0.03739963555578928,0.3416382446069803,-0.03276902202115737,7.767321682676826,7.80003633740227,0.09866991536499947
2017-06-29,0.027663920236257827,0.34218823110599234,-0.031440108726295615,7.759464867151168,7.790850608581751,0.0747972402914549
2017-06-30,0.019376412584244322,0.3426689785490032,-0.0301642972738283,7.752933918394633,7.783043848372748,0.05351929083696859
2017-07-01,0.013200093886059644,0.34307269068735224,-0.028943492930131244,7.748382116178495,7.777271241812913,0.0370505254895205
2017-07-02,0.009919601176637182,0.3433932282367651,-0.027766065559574216,7.746599588389042,7.774311286652903,0.02807597220034858
2017-07-03,0.009611637037599418,0.3436276219571241,-0.026645763545567133,7.74764631998437,7.774237716234224,0.027209990941983578
2017-07-04,0.009676066512727365,0.34378081847070535,-0.02556636170243206,7.748943347816215,7.774455342222933,0.027375521382702456
2017-07-05,0.008856025150162265,0.34386262772222426,-0.02452681655884093,7.74924466084876,7.773717110111887,0.025107901377039936
2017-07-06,0.00743542106351499,0.3438815746667096,-0.023527107833559446,7.748842712431879,7.772315452969725,0.021164421744129427
2017-07-07,0.007392316039464832,0.3438426253150088,-0.022566336536407487,7.74972142935328,7.772233398593974,0.021046641917110268
2017-07-08,0.011949012201026584,0.34375470534729957,-0.021648358021256947,7.7551081840622835,7.776702174787826,0.033592598591278944
2017-07-09,0.017632247170806754,0.34361937205927057,-0.020765660748573247,7.761538783016718,7.782250076469578,0.04880876993267389
2017-07-10,0.026929020170110163,0.3434434427070814,-0.019927840638315184,7.77149744677409,7.791370920116692,0.07270794367625358
2017-07-11,0.03587074616750037,0.34322849570272757,-0.019115223316769375,7.781036843088672,7.800097699109728,0.09462099156552661
2017-07-12,0.03943897929565181,0.3429822918835407,-0.018331756122075337,7.785142339592331,7.803419728418693,0.10312966947168518
2017-07-13,0.04171622072158119,0.34270689587679526,-0.01758010907094023,7.787895832062651,7.805421573837877,0.10851642089246141
2017-07-14,0.05053224923359796,0.34240999006178485,-0.01685819162856248,7.797136872202034,7.813940696534884,0.12859968763910826
2017-07-15,0.06764080616759556,0.34209900976639956,-0.016170597182489588,7.814622043286719,7.830738273173496,0.16508233649055917
2017-07-16,0.07745893801410889,0.34177118785100963,-0.01550677511987367,7.8247761752804585,7.840228583104619,0.18476472284587253
2017-07-17,0.07447787877729933,0.34141844686308986,-0.014870144612219945,7.822079005563383,7.83689478287989,0.17907799176301864
2017-07-18,0.06362110272611653,0.34103655874924227,-0.014271000874370159,7.811439485136202,7.82565611871486,0.15722203922732517
2017-07-19,0.05185353179827957,0.3406298248782512,-0.013688906123420184,7.799847275088324,7.813481813916031,0.13211651122576185
2017-07-20,0.04095682400096043,0.34019953186166557,-0.0131273832066938,7.789081797191146,7.802154813102127,0.10745412839376037
2017-07-21,0.03244033424661231,0.33975904865033846,-0.012588788864620126,7.780663418567545,7.793197840136451,0.0871584847726465
2017-07-22,0.026970370583486877,0.339315583402731,-0.012073079045143553,7.7752656994762885,7.787284411225718,0.07363200878978199
2017-07-23,0.022405104362770552,0.338886817117494,-0.011572732435298074,7.7707720135801805,7.782290378719765,0.062013853703048884
2017-07-24,0.01775211915502484,0.3384855969993431,-0.01109595591334987,7.7661945847762315,7.777236173393868,0.04983222817241603
2017-07-25,0.01337103752379645,0.3381344026081288,-0.010646088700635114,7.761912175966504,7.7725038973714256,0.038039347324974826
2017-07-26,0.009532529004785162,0.3378509803944138,-0.010207524705514535,7.758228809228898,7.7683819666386995,0.027440937024534366
2017-07-27,0.006539742203867585,0.33764624503185103,-0.009785966342076444,7.755452845428856,7.765184444475219,0.019000605621369435
2017-07-28,0.004444706368876166,0.3375320540171247,-0.009392869193215355,7.753636715728,7.762975217625502,0.012997100632976563
2017-07-29,0.0032910656805424203,0.3375201778190028,-0.009015711222042259,7.7528483568127164,7.761809700739046,0.009656564281004455
2017-07-30,0.0025718680758505144,0.3376204511753678,-0.008648357424787662,7.752596786361645,7.761190776490719,0.00756004157151853
2017-07-31,0.0019409653140794259,0.33783616679243195,-0.008287347530204513,7.75254260911152,7.760775589346012,0.005712465998067766
2017-08-01,0.0029395124849421273,0.3381705624296912,-0.007943729391646911,7.7542191700582,7.762108532154134,0.008617489488335324
2017-08-02,0.00956508184217309,0.33862201605880626,-0.007613920641245053,7.761626001794948,7.76918555514048,0.027471097866163023
2017-08-03,0.017219373527948206,0.33918749539530185,-0.0072990435204117856,7.770160649938052,7.777405326162751,0.04831380938299561
2017-08-04,0.021525024159986954,0.33985748166754043,-0.006994237146489067,7.775441093216252,7.782380963067028,0.059562994369904386
2017-08-05,0.024193525577967556,0.34061918617042514,-0.006701358507479656,7.779164177776127,7.785811168987893,0.06631766053879604
2017-08-06,0.024473260910194514,0.3414538575405589,-0.00642028734918851,7.780559655636779,7.786925575690254,0.06688015092679755
2017-08-07,0.022329031096572874,0.3423411111650331,-0.006147923318103467,7.779575043478716,7.785668599501107,0.06123076311675263
2017-08-08,0.01861787578524578,0.3432663611900004,-0.0058864949283248605,7.777050566582135,7.782882694214747,0.05144704820762694
2017-08-09,0.014842120859290498,0.34421587948454185,-0.005637177063108786,7.774473647815937,7.780056457583333,0.041336276715956057
2017-08-10,0.012983843666335851,0.34517640377648534,-0.005402996947615722,7.773810075030419,7.779158704682322,0.03625149289748765
2017-08-11,0.011636336797439457,0.3461339445142972,-0.005177519781422316,7.773645586065528,7.778768738551237,0.032524604209091215
2017-08-12,0.009853004014975235,0.34707758853570736,-0.004957290657964867,7.773026126427932,7.777929049790183,0.027604817913096512
2017-08-13,0.007870555819681822,0.34800250490644113,-0.004745933397782936,7.772179951863554,7.776871517965623,0.022116188855719365
2017-08-14,0.006276454755463987,0.3489039887444532,-0.004544009519551965,7.771689258515579,7.776178900739418,0.017671172133286246
2017-08-15,0.004952004113183345,0.34977736820177935,-0.004362734002668531,7.771419462847508,7.775727829554463,0.013959949470399314
2017-08-16,0.0037655885244120874,0.350624449309799,-0.0041825940671877055,7.771260268302237,7.775388495073711,0.010625548470337321
2017-08-17,0.002742459564852952,0.35144784176658683,-0.004015889256985388,7.771227236609668,7.77518875857094,0.007742898533764897
2017-08-18,0.001869670563064236,0.35224737675053625,-0.0038425994212871787,7.771327272427527,7.775115504553101,0.005279809535428791
2017-08-19,0.0026901313402530364,0.3530245873679337,-0.003683576420746802,7.773083966822654,7.7767131759476875,0.007562609020010516
2017-08-20,0.00883509100870022,0.35378000119464525,-0.003526621259366516,7.780141295479193,7.783613549442846,0.024364929090556774
2017-08-21,0.014443519754826727,0.3545192193229353,-0.0033766659758067484,7.786638897637169,7.789961196317263,0.03914628287650107
2017-08-22,0.016257250459672606,0.3552456813178043,-0.00323123382532123,7.7893245224873695,7.792501389016977,0.04376075952318563
2017-08-23,0.014973319683693764,0.3559618438017306,-0.003089011977530776,7.788898976043107,7.791933620724925,0.040366406740735244
2017-08-24,0.01220496242472907,0.35666838470541623,-0.0029573364843446023,7.786968835181015,7.789871804369646,0.03308713551598222
2017-08-25,0.009163954923706495,0.3573591467526578,-0.0028261509999955568,7.784749775211583,7.787521558915865,0.025002393796716704
2017-08-26,0.006472473639952917,0.3580268398645522,-0.00270341775336743,7.782848720286352,7.785497770744006,0.01775716277137219
2017-08-27,0.004385866523701784,0.3586660891073992,-0.0025831922843934556,7.7815215878819215,7.784050412870601,0.012080547854583894
2017-08-28,0.004398840217422336,0.35926673526312247,-0.0024806810890959804,7.7822377189266625,7.784664032720046,0.012095838908067513
2017-08-29,0.011058718247342317,0.35981912407097505,-0.002379544579117584,7.789551122274414,7.791876299557818,0.02981768384494329
2017-08-30,0.019951199703374334,0.3603201364081208,-0.0022705713854241374,7.799053589261285,7.801269793350995,0.052465694383877166
2017-08-31,0.024872235969040198,0.36077049429448754,-0.00216892256247144,7.8045266322362705,7.806641187503028,0.06449553956856346
2017-09-01,0.02559661977478322,0.36116976310687127,-0.0020723173878144205,7.805746890029054,7.807764840121155,0.06618108736357124
2017-09-02,0.0230964302766137,0.3615121207990512,-0.0019902425673533185,7.803671133043525,7.805607008315166,0.060051785671478446
2017-09-03,0.019021153704832316,0.3617927971523286,-0.0019114568609185523,7.799955318531456,7.801812408096661,0.04994867877612746
2017-09-04,0.015253656283924109,0.36201138705763586,-0.001835826860583064,7.796482041016191,7.7982635005810605,0.04043220158649601
2017-09-05,0.0118757202884469,0.362165946042304,-0.0017593817991682992,7.793335109066796,7.795040123570251,0.031749725652076545
2017-09-06,0.00892424703523051,0.3622548077734564,-0.001681019811721947,7.790550859532178,7.7921775120481875,0.024042970419842907
2017-09-07,0.006604531196418158,0.36227317449124985,-0.0016076828649405378,7.788322847357941,7.789876162927168,0.01790439241673844
2017-09-08,0.005450067943721017,0.3622226792230154,-0.0015326117251088962,7.787192959976841,7.788671204406237,0.014823149079497751
2017-09-09,0.004810921621485077,0.3621136244209607,-0.001456444690334905,7.7865209258873245,7.787923003281946,0.013111473934830599
2017-09-10,0.004431803293531804,0.3619581065431549,-0.0013909171600780348,7.786051817211822,7.787388367076187,0.012095866110251832
2017-09-11,0.0039501536704023375,0.3617636354357099,-0.001336025132453787,7.785430588508873,7.786712246345613,0.010801216109617885
2017-09-12,0.003273647023380822,0.36153259846858044,-0.0012833247155266778,7.784575745311648,7.785804702731462,0.008973659480434961
2017-09-13,0.0025290961206999693,0.361267243176511,-0.0012327273276278854,7.783616436504797,7.784794796536711,0.006951955936625772
2017-09-14,0.001791900899606929,0.36097065592085953,-0.0011841480109455636,7.782631233344735,7.783761014059967,0.004939597171528793
2017-09-15,0.0012286872947394186,0.36064790825450216,-0.0011306932224983248,7.7817987268619575,7.782875052788742,0.0033953212499818262
2017-09-16,0.0008286717765677736,0.3603003975802397,-0.0010787847202154734,7.781103109171806,7.782127526596308,0.0022946692661537545
2017-09-17,0.0008016081516721206,0.3599309878861658,-0.0010277202924200179,7.780757700280632,7.781731053277339,0.002222167224355956
2017-09-18,0.0018409816201406116,0.35954264605959,-0.00097849318982465,7.78145795902512,7.782382084919231,0.005094258508501515
2017-09-19,0.002914701255094217,0.3591427095299078,-0.0009350709707402452,7.782175164349476,7.783055868024502,0.008050384188448593
2017-09-20,0.0036130666761401134,0.3587325975466114,-0.000889546178555795,7.782508942579409,7.783344121462252,0.009971325816441909
2017-09-21,0.004525877849374223,0.3583040100407657,-0.0008460881898632961,7.783036624235491,7.78382834512964,0.012473828646510508
2017-09-22,0.008172668873409504,0.3578449078332032,-0.0008089574134077407,7.786261443828419,7.787016033946113,0.022328624070314627
2017-09-23,0.012678184605310474,0.35734871644890986,-0.000773466134673476,7.790306259454761,7.791025358293721,0.0342628726970657
2017-09-24,0.015427142447370987,0.3568103621068042,-0.0007377000014750047,7.792552629087914,7.793235961793676,0.04144435275496462
2017-09-25,0.015435992025017858,0.3562268743100189,-0.0007002365802753706,7.7920154542899756,7.792661323574537,0.04153224177930929
2017-09-26,0.0134276974976228,0.3555938288698936,-0.0006653446731560219,7.789409006229574,7.790019983607017,0.03638730138536653
2017-09-27,0.010600412091311498,0.354906666299113,-0.0006303579978333269,7.785929544927805,7.786505535629925,0.029001933801097095
2017-09-28,0.007802525046508617,0.3541620099339413,-0.000596037951095746,7.782421321564568,7.78296299221995,0.021556048431457624
2017-09-29,0.005450807952334413,0.3533595464204805,-0.0005640791474843916,7.779299099760545,7.779808811612315,0.015191334045702751
2017-09-30,0.0037474825261289897,0.3524986534439034,-0.0005419615981112649,7.7767569989071355,7.777244593209533,0.010519363293372618
2017-10-01,0.003237391924466902,0.3515783710240604,-0.000520720930868834,7.775347866552872,7.775814220188028,0.009124149100829397
2017-10-02,0.004379551356472624,0.35059928639859744,-0.0005003219575360257,7.775531340332748,7.77597729499457,0.012337499846947065
2017-10-03,0.005414715948260105,0.3495685481634716,-0.0004807309201217027,7.775555357726824,7.775981721351232,0.015253440079236558
2017-10-04,0.005468923407455734,0.3484966754295197,-0.0004619154319890661,7.774556507940201,7.774964056076476,0.015450437628472858
2017-10-05,0.004786790406258316,0.3473872815039109,-0.00044384442143112853,7.772783052023952,7.77317252914967,0.01359211477521635
2017-10-06,0.0037863901048901874,0.34624825627605565,-0.0004264880775942548,7.7706609828385655,7.7710331036204465,0.010817186652916137
2017-10-07,0.004139050346925758,0.3450825772395371,-0.0004061260620592256,7.769868326059617,7.770220084825963,0.0118522165294616
2017-10-08,0.011141216767049709,0.3438951588884855,-0.0003866363281085497,7.775702563862641,7.776034832895036,0.03138049374934805
2017-10-09,0.03114101573365211,0.34268822887809514,-0.00036728911987557385,7.794514780027086,7.794827701851248,0.08330278110262519
2017-10-10,0.07306175480449364,0.34146666642826273,-0.0003482009836204304,7.83523304478435,7.8355268784722565,0.17625270322169226
2017-10-11,0.10497473227965144,0.3402318408050144,-0.00033460759347316054,7.865924790026407,7.866205030324166,0.2357888194514329
2017-10-12,0.11216644446558618,0.33898340088950824,-0.00031557389809082164,7.871887095992218,7.872148302594595,0.2486234798048116
2017-10-13,0.10077822384069103,0.33772470533278287,-0.00029683352317980984,7.859258920185508,7.859501386412974,0.22982337662064437
2017-10-14,0.08100534752083748,0.3364615487024273,-0.00028025205393656326,7.8382394687045425,7.838465353462765,0.19404017001988857
2017-10-15,0.06029777420647369,0.33518917173546087,-0.00026263620660659404,7.816277134270542,7.816485403181435,0.15246463840383398
2017-10-16,0.04244182013735723,0.3339005850229016,-0.0002464133066004113,7.797148816388872,7.797340862399759,0.11277448290549166
2017-10-17,0.028628533545504563,0.33259431403430423,-0.00023490152070540727,7.7820407705943175,7.782221304819309,0.0792544927246867
2017-10-18,0.018668777605544203,0.3312669600810499,-0.00022574802610989415,7.770762814195698,7.770934194926094,0.05334915984564042
2017-10-19,0.011860728073173283,0.32992372714305074,-0.0002169549319236609,7.7626203248195145,7.762782912455725,0.03470236253333932
2017-10-20,0.007371323069082717,0.3285771577655942,-0.00020850788403572272,7.756792797485855,7.756946938074178,0.02194182587392085
2017-10-21,0.004497683244576871,0.3272441110382917,-0.00019861374372261327,7.75259600507436,7.752740251522369,0.01355778295677089
2017-10-22,0.002701818190669999,0.3259370294877237,-0.00019088669581945812,7.749500785517788,7.749637304917894,0.00822123802391737
2017-10-23,0.0016014201752774788,0.3246656688894173,-0.00018346333667236818,7.747136450263236,7.747265546304195,0.0049083104884046
2017-10-24,0.0008927503040631405,0.32344193153205153,-0.00017239261016569382,7.745215113761163,7.7453331390756155,0.002752558866073547
2017-10-25,0.00046056615296195645,0.32227094639448406,-0.00015914461257009342,7.743625192470089,7.743729969786947,0.0014270876411371413
2017-10-26,1.9622030155194798e-05,0.3211529073523306,-0.00014785779161381168,7.742077496126086,7.7421709866219866,6.109498278984761e-05
2017-10-27,5.2706160216416245e-06,0.3200916273319181,-0.0001421135108991954,7.741007608972255,7.74109535518744,1.646568915672164e-05
2017-10-28,2.436703483402264e-17,0.31909149033774453,-0.0001365946331085152,7.74000772023985,7.740089947577245,7.636378772818788e-17
2017-10-29,2.436703483402264e-17,0.31815347526143717,-0.000131292214558394,7.739075007582093,7.7391519325009375,7.65889318480631e-17
2017-10-30,3.411384876763169e-17,0.31727729998095905,-0.0001261976708113331,7.738203926845362,7.7382757572204595,1.0752060979363788e-16
2017-10-31,9.746813933609055e-18,0.31645645880876694,-0.00011388076500576819,7.737395402578975,7.737454916048267,3.0799857807607605e-17
2017-11-01,2.9240441800827164e-17,0.31567705076583397,-0.00010441628885602746,7.736625459012192,7.736675508005335,9.262770838073188e-17
2017-11-02,-1.4620220900413582e-17,0.3149232302557833,-9.716044324772224e-05,7.735878894347749,7.735921687495284,-4.6424714012170255e-17
2017-11-03,-9.746813933609055e-18,0.31418040554731813,-8.825401581315019e-05,7.735144976066719,7.735178862786818,-3.10229847613495e-17
2017-11-04,-9.746813933609055e-18,0.3134366051979814,-7.999017724303882e-05,7.734409439555952,7.734435062437482,-3.109660381707014e-17
2017-11-05,9.746813933609055e-18,0.31267834402924183,-7.689020875700652e-05,7.733654278355699,7.733676801268742,3.117201469091038e-17
2017-11-06,1.949362786721811e-17,0.31190106443034227,-7.391154309022377e-05,7.732879977422466,7.732899521669843,6.249939512973889e-17
2017-11-07,0.0,0.3110977921374562,-7.022198088698096e-05,7.732080394691783,7.732096249376957,0.0
2017-11-08,1.4620220900413582e-17,0.3102626219971032,-6.037342155182703e-05,7.731255073110765,7.731261079236604,4.712208259669154e-17
2017-11-09,9.746813933609055e-18,0.309390560222781,-5.249020726719228e-05,7.730390894550728,7.730389017462281,3.150326864074562e-17
2017-11-10,1.4620220900413582e-17,0.30847884700666733,-5.045870479630083e-05,7.729481212837085,7.729477304246168,4.739456543708356e-17
2017-11-11,8.985786163273322e-05,0.3075224881412601,-4.467034415257357e-05,7.728620500193954,7.728610803242393,0.0002921139635659753
2017-11-12,0.0005006619811891962,0.3065160499123018,-4.001976701064873e-05,7.728029516661694,7.728015169132991,0.0016307320148842056
2017-11-13,0.000871195240990836,0.3054586726500397,-3.41732703450717e-05,7.7273485191559,7.727328325130531,0.002843977464517899
2017-11-14,0.0009964137928041746,0.30434921805891935,-2.891551463366296e-05,7.726369540872303,7.726344089091224,0.003263232510521176
2017-11-15,0.0009238711373519547,0.3031865970923471,-2.3929681476461776e-05,7.725139363083437,7.7251089254692,0.0030379458580628064
2017-11-16,0.0007555365241785053,0.3019697337497932,-1.8578865141415295e-05,7.723759515944044,7.723723727513472,0.0024957828049661382
2017-11-17,0.000568388919996205,0.30070150755323605,-1.3747859539414352e-05,7.722308973148907,7.722268353712733,0.0018866435931699742
2017-11-18,0.0004028986878337826,0.2993777935013097,-1.0553812517248211e-05,7.72082296291184,7.720779149428644,0.0013439781091024298
2017-11-19,0.00027314886654468076,0.2979984434259041,-7.715552594103571e-06,7.719316701275068,7.719270049531949,0.000915772314907094
2017-11-20,0.00017888598572214046,0.2965635556748755,-3.7993484419691375e-06,7.71779146684737,7.717740898900098,0.0006028324924506189
2017-11-21,0.00011395819112767103,0.2950701979302725,-1.871388275252939e-16,7.716236980656614,7.716182613360901,0.00038605795319449163
2017-11-22,7.097404731355093e-05,0.29352240937421564,-2.2456659303035266e-16,7.714646207956743,7.714591840661029,0.00024174266629043662
2017-11-23,4.3379123659019384e-05,0.29192157102460153,-1.1228329651517633e-16,7.7130177746834745,7.712963407387761,0.0001485764768578946
2017-11-24,2.6094634612438325e-05,0.2902716142957241,-1.1228329651517633e-16,7.71135053346555,7.711296166169837,8.988921996177489e-05
2017-11-25,1.5484658986934743e-05,0.288572083165018,-1.1228329651517633e-16,7.709640392359218,7.709586025063506,5.36567084427492e-05
2017-11-26,9.080798111929213e-06,0.2868204389048164,-1.4971106202023511e-16,7.707882344238142,7.707827976942429,3.165921736833179e-05
2017-11-27,0.0021618592952071113,0.28502150919576485,-1.1228329651517633e-16,7.708236193026186,7.708181825730472,0.007527801162604834
2017-11-28,0.012015887548540355,0.2831779181014327,-7.485553101011756e-17,7.716246630185187,7.716192262889473,0.04070508025086484
2017-11-29,0.021357975091943676,0.28129013602819913,-1.1228329651517633e-16,7.723700935655357,7.723646568359643,0.0705703234455845
2017-11-30,0.026417240933245913,0.279359778512614,-7.485553101011756e-17,7.726829843981074,7.7267754766853605,0.08639380742581697
2017-12-01,0.026528883501401222,0.2773874064295319,-1.4971106202023511e-16,7.7249691144661465,7.724914747170434,0.08729010053205795
2017-12-02,0.023114945544304696,0.27537579765655557,-4.467501826876575e-09,7.719543563268572,7.719489200440361,0.0774394049759533
2017-12-03,0.01826068976666887,0.2733298887869829,-2.261792758595651e-06,7.712641141296107,7.712589035793152,0.06262441625256064
2017-12-04,0.013447251128903217,0.27124785466686124,-5.418867070791584e-05,7.70569374166027,7.705693563035265,0.04723386828627132
2017-12-05,0.00939751739705331,0.2691307117705446,-0.00037766716123354137,7.699203386541578,7.699526686407099,0.03373991004480401
2017-12-06,0.006307757096499896,0.26697961430854034,-0.0014115068413553644,7.692928689098899,7.69428582864454,0.02308104126462231
2017-12-07,0.0041007409197875416,0.26479620678725674,-0.0036817754095550435,7.6862679968327035,7.689895404946545,0.01525023230927554
2017-12-08,0.002597807064135662,0.26258703064871297,-0.007640921881020704,7.678596740367042,7.686183294952349,0.00979621265884235
2017-12-09,0.0016108899234551293,0.26035671449279496,-0.013569793012645723,7.669450635938818,7.68296606165575,0.006149195153518013
2017-12-10,0.0009811414672662162,0.258113250102402,-0.021541256736868436,7.658605959368014,7.680092848809169,0.003786810904405069
2017-12-11,0.00058852743398186,0.25586584240409865,-0.03142477446704567,7.646082419906248,7.677452827077581,0.002294862179004565
2017-12-12,0.00034841232774839953,0.2536222162718532,-0.04296975448267931,7.632053698652136,7.674969085839102,0.0013718607134594698
2017-12-13,0.002630080343537269,0.251389919164566,-0.05591231554271292,7.619160508500604,7.675018456747604,0.010353831779506672
2017-12-14,0.014102424652463884,0.24917339660124743,-0.07001771512159245,7.614310930667333,7.684274278493212,0.05356520999652978
2017-12-15,0.026552596473995695,0.2469774753764724,-0.08505402404856055,7.609528872337122,7.694528529089968,0.09707377435454818
2017-12-16,0.032130343851657514,0.24480275756154277,-0.10063583020321443,7.5973500957452,7.697931558652701,0.11602204174111053
2017-12-17,0.03092300346532794,0.24265662973411697,-0.11617659914715864,7.5784558585875,7.694578090438945,0.11303108752538046
2017-12-18,0.02675143373162566,0.24054231532370227,-0.1311422377723466,7.557204335818195,7.688292206294828,0.10008252653184307
2017-12-19,0.024385677815671292,0.23846262914167057,-0.14529681341011433,7.538604318082442,7.683846764196843,0.0927747189926884
2017-12-20,0.022668502430203245,0.23641808321957022,-0.15866204252393515,7.521477367661052,7.680085042889274,0.08749392552822452
2017-12-21,0.021764107546081563,0.23440388694419753,-0.17126042297100025,7.505960396054492,7.6771664517297795,0.08496029173897231
2017-12-22,0.020010826495878084,0.23241388610369712,-0.18298314404284208,7.490494393091947,7.673423169839076,0.0792744350970958
2017-12-23,0.01692849854921138,0.23044339803569866,-0.19368051785442714,7.474744203265697,7.66837035382441,0.06843339434639738
2017-12-24,0.013258775528309383,0.22848945369837168,-0.2033759048651096,7.459425148896785,7.662746686466182,0.05484538840562498
2017-12-25,0.009756387958250111,0.22655627441860046,-0.2123256221559279,7.445039864756136,7.6573111196163515,0.041285929666737387
2017-12-26,0.007821939673329401,0.2246504343402813,-0.22079939928827394,7.432725799260551,7.653470831253111,0.033646749238563055
2017-12-27,0.0101991592535377,0.22277694549951385,-0.22895114896374055,7.425077780324525,7.653974561992552,0.04377770529019934
2017-12-28,0.013176273916081886,0.2209432676066905,-0.23686845364999692,7.418303912407989,7.655117998762273,0.056280111563435015
2017-12-29,0.014331140566068483,0.21915018245079437,-0.24452471796951977,7.410009429582557,7.654479780256363,0.061380243956530245
2017-12-30,0.013636638481682787,0.21740682073914258,-0.2517211863597637,7.400375097396275,7.652041916460326,0.05902196291412535
2017-12-31,0.011763077932503613,0.21572144448355945,-0.2581725376928392,7.390364809258438,7.648482979655563,0.051709355025874065
2018-01-01,0.009327736247129641,0.2141037542231587,-0.2636099455536366,7.380874369451866,7.644429947709789,0.04174763471118693
2018-01-02,0.006917977138380238,0.21256157987556648,-0.26769744529145995,7.372834936257701,7.640478014253447,0.03151991571561555
2018-01-03,0.004871805162116203,0.2111025783371323,-0.2706417905956228,7.366385417438839,7.636972840738749,0.022557328712704276
2018-01-04,0.004434819307215089,0.20973029232636115,-0.27291757066603584,7.362300365502755,7.635163568873077,0.020707477858498264
2018-01-05,0.010715433911646838,0.20844684245960574,-0.2750808990958565,7.36513420181061,7.640160733610753,0.048892693072302734
2018-01-06,0.024187471264075465,0.20724572363042051,-0.27753233793866344,7.374953681491046,7.652431652133997,0.10451167679339114
2018-01-07,0.033831858433656034,0.2061305719018075,-0.2803569017285097,7.3806583531421674,7.660960887574964,0.14098814712936375
2018-01-08,0.03544319436290838,0.20510216563565395,-0.2833718706665748,7.378226313867201,7.661543817238063,0.14734515919625393
2018-01-09,0.031381790027856925,0.20416160754407434,-0.286190710116572,7.370405511990573,7.656541854811432,0.13323145692620578
2018-01-10,0.024951243212545722,0.20330866594230732,-0.2886486473279227,7.360664086362144,7.649258366394354,0.10931066828568058
2018-01-11,0.01841926496970113,0.20253738279778086,-0.2908548785239864,7.351154593778709,7.641955105006982,0.08336144287038681
2018-01-12,0.012847441158378263,0.20184178569884295,-0.293019063822021,7.342722987570414,7.635687684096721,0.05984203933494267
2018-01-13,0.008622293159048758,0.20121374852538107,-0.29583161532151314,7.335057250898131,7.63083449892393,0.041090620514161874
2018-01-14,0.005601104772290253,0.20064640922119908,-0.2995358156602914,7.327764522868412,7.627245971232989,0.027157198958854187
2018-01-15,0.003543701011012556,0.2001359370572731,-0.30390377200872504,7.320828690594775,7.624678095307786,0.017398405872188827
2018-01-16,0.0021963316957789264,0.19968506140246634,-0.30861585573469197,7.314318361898767,7.622879850337746,0.010879317118195658
2018-01-17,0.0013369500941194064,0.19930145031736687,-0.3134406778621736,7.308250547084526,7.621636857650987,0.006663480626726866
2018-01-18,0.0018797715025091546,0.19899406935845315,-0.3185330048635215,7.303393660532655,7.621872298100463,0.009357970626997994
2018-01-19,0.006482141306424982,0.19875617946217733,-0.323843611913518,7.302447533390298,7.626236778008103,0.03158348442020887
2018-01-20,0.010731719256745358,0.19858428105548612,-0.329427593143824,7.3009412317036215,7.630314457551732,0.05127042003830151
2018-01-21,0.01207818968214723,0.19847478645509534,-0.3348323645208581,7.296773436151598,7.631551433376743,0.05736413658800259
2018-01-22,0.011086453648223525,0.1984240377479206,-0.3398305817074655,7.290732734223893,7.6305089486356446,0.052915983225208366
2018-01-23,0.011762174139123822,0.19842879884642772,-0.34451537241913405,7.286728425101631,7.631189430225052,0.055959463777411365
2018-01-24,0.021840526475629958,0.19848614797046443,-0.34884596725088185,7.2925335317304265,7.641325131685595,0.0991279268864629
2018-01-25,0.03097064148373037,0.19859338191624332,-0.35292057261769055,7.297696275317497,7.650562480639474,0.13491069299552066
2018-01-26,0.03317020018266113,0.19874796826460978,-0.3570968432711351,7.2958741497113495,7.652916625686771,0.14302544903980963
2018-01-27,0.029862765949224306,0.19894557790231412,-0.3613754321457312,7.288485736241021,7.649806801091039,0.13051432236492508
2018-01-28,0.024033594018886897,0.19917617353651834,-0.36575272998201097,7.278509862108608,7.644208224794905,0.10767268064521983
2018-01-29,0.01790335616764883,0.1994273849369296,-0.3703248702333731,7.2680586954064195,7.638329198344079,0.08237838824206571
2018-01-30,0.012607510118921798,0.19969274642014806,-0.3750217797789577,7.258331301295326,7.63329871377857,0.059385279718687595
2018-01-31,0.00850760161168956,0.19996814222209416,-0.37968188542179926,7.249846682947198,7.629474201073284,0.04080859219033468
2018-02-01,0.006181400510936198,0.20024968308178753,-0.3842586283548406,7.243225279773097,7.627429540832225,0.02994413633526109
2018-02-02,0.008020785657457612,0.20053385182955039,-0.38872489695326656,7.240882565068955,7.629553094726509,0.03845891778818522
2018-02-03,0.013887975153315284,0.2008176315200962,-0.3931858883193429,7.242572542889283,7.635704063912912,0.0646838029453058
2018-02-04,0.018360079891488492,0.20110697822337562,-0.39776155591131035,7.242758326738768,7.640465515354364,0.08365756596545455
2018-02-05,0.01908168396167356,0.20140460244293154,-0.40211420646183804,7.239424904477981,7.641484743644106,0.08654363168264154
2018-02-06,0.016912291742533593,0.20171292805577826,-0.4056349574260314,7.234043086907494,7.639623677037813,0.0773574602149545
2018-02-07,0.013665635009912108,0.2020334411255892,-0.40799520618522317,7.228756694485492,7.636697533375002,0.06335509291345971
2018-02-08,0.011167263625265673,0.20236724075430482,-0.4092113343761073,7.225375994538677,7.634532961619071,0.05229723251383854
2018-02-09,0.011273472505729704,0.20271513887736758,-0.4095488137724429,7.225492622145868,7.634987068622598,0.05268258171715106
2018-02-10,0.019743176251326315,0.20307578553299757,-0.40928587248236176,7.234585913837176,7.643817419023824,0.08860635599961456
2018-02-11,0.03611704492624411,0.20344267554661716,-0.40851817511207406,7.252094369896001,7.660558177712362,0.15076426393783365
2018-02-12,0.049058271889019484,0.2038118583227423,-0.40713957006177515,7.2667833846852,7.673868587451262,0.19400579992558423
2018-02-13,0.052880685544004435,0.2041859825533754,-0.40508356828764003,7.273035924344954,7.678065125336881,0.20570805984061932
2018-02-14,0.049516548254247984,0.20457264597856645,-0.4020469512625639,7.273095067505464,7.675087651472315,0.19487860711179014
2018-02-15,0.0418154981473266,0.20497808877459692,-0.3978082720323789,7.270038139424758,7.667792044161424,0.16943510837887168
2018-02-16,0.03256455227388284,0.20539508038875282,-0.3924790267659434,7.266533430431906,7.658958089902136,0.13684906094997562
2018-02-17,0.023823021565941686,0.20582549201188202,-0.3862253984404646,7.264475939672573,7.650646970817324,0.10373688553341538
2018-02-18,0.01657951986392261,0.2062680693039626,-0.3796553012007919,7.264245112502307,7.643846046407385,0.07439847083753824
2018-02-19,0.011086117361964402,0.2067235432210882,-0.3731167867663134,7.265745698351953,7.638808117822553,0.05089818942046959
2018-02-20,0.007207703048429686,0.20719544256699723,-0.3669930215539908,7.26846294859665,7.635401602854928,0.03361752472306578
2018-02-21,0.0045702757610577875,0.20769015714827038,-0.36159366574524787,7.271719591699294,7.633258890148829,0.021531454065252396
2018-02-22,0.0028371101756594296,0.20822401546292985,-0.3573245724108698,7.274789377762933,7.63205958287809,0.01344212567366649
2018-02-23,0.0017299845999198154,0.2088130662202381,-0.3547019903310908,7.276893885024281,7.631541508059659,0.008216773686810196
2018-02-24,0.001032844928651845,0.2094700739138193,-0.35357538713654124,7.277980356241144,7.631501376081972,0.004906558703942579
2018-02-25,0.0006062064334228625,0.21020049086086215,-0.35371121213706214,7.278148309692437,7.631805154533786,0.002875650732180494
2018-02-26,0.0003906318886775904,0.21100313854179695,-0.35494151982761873,7.27750507513807,7.632392227669975,0.0018478874182627138
2018-02-27,0.0005969012505036029,0.21187664650638757,-0.3571929577035152,7.276333414588589,7.633472004996392,0.002809296765668768
2018-02-28,0.0009089788673698709,0.21282337260606052,-0.3601072106575623,7.274677965351082,7.634730808712931,0.004252883857326898
2018-03-01,0.0010122256408690495,0.2138392034947084,-0.3633280551481851,7.272576198522606,7.635849886375078,0.0047112818608728265
2018-03-02,0.0009238711373519742,0.2149193163052448,-0.3664482284368529,7.270447783540957,7.6368416446820975,0.00428028861275817
2018-03-03,0.0007555365241785199,0.2160611104239174,-0.3691567834865513,7.268712687996758,7.637815104187596,0.003484679496770324
2018-03-04,0.0005683889199962343,0.21725920571030624,-0.3716288597857884,7.267251559379728,7.638826051869803,0.0026093522308819755
2018-03-05,0.00040289868783378386,0.2185060539202393,-0.3739072900506765,7.26605448709261,7.639907409847574,0.0018404852018780592
2018-03-06,0.00036300672817741764,0.21978626880159025,-0.37600981645921444,7.265192283605767,7.6411477327692685,0.0016489117545532572
2018-03-07,0.0012186951367076843,0.22108172883867405,-0.37785077803729117,7.265502470473304,7.643298881214882,0.005482198886146284
2018-03-08,0.010279175633544673,0.22237618635648507,-0.3793456732120813,7.274362513313163,7.65365381922953,0.04418198465584979
2018-03-09,0.04214961872399995,0.2236554287977641,-0.3804356765351781,7.3064221955218,7.686803504761264,0.15857343235947674
2018-03-10,0.07243535771789698,0.22490810027088118,-0.38124606895519203,7.3371502135688,7.718341915228279,0.24360837870066984
2018-03-11,0.08391458064811186,0.2261246233156083,-0.3815316677102756,7.349560360788659,7.731037661203221,0.2706579670419077
2018-03-12,0.07938480150535794,0.2272967958254849,-0.38102284659530244,7.346711575270755,7.727680054570343,0.2588508805101826
2018-03-13,0.06852934380290944,0.228417589794599,-0.3796126437175772,7.338387114415145,7.717945390837009,0.2307797658412474
2018-03-14,0.055381231413845995,0.22948460486450623,-0.37738617330411967,7.328532487509446,7.705864293517853,0.19441162947925805
2018-03-15,0.04211108416294992,0.23049262967292253,-0.37452540016640173,7.319131138204685,7.693602171075373,0.1544772944227161
2018-03-16,0.03040088091555556,0.23143723929138263,-0.37121377387276944,7.311677170869382,7.682836577446439,0.11610563386083306
2018-03-17,0.021023837662779873,0.23231417913571165,-0.36747568912274675,7.3069151522109586,7.674336474037992,0.08298729866312374
2018-03-18,0.014034993097950053,0.23311932928793103,-0.3632813747452578,7.304925772175837,7.668152779625381,0.056786355028973654
2018-03-19,0.009100467223500193,0.2338568773483739,-0.35850014397620633,7.305510025130881,7.663955801811374,0.037457057491044485
2018-03-20,0.00575939961442841,0.2345372939654197,-0.3530502727340691,7.308299245380993,7.661295150819349,0.023967868756856702
2018-03-21,0.0035712271878904083,0.23516996315010144,-0.3469040649242501,7.312889949948955,7.659739647577492,0.014958571593090128
2018-03-22,0.0021762405831850643,0.2357658909091159,-0.34008195353948023,7.318913002488035,7.658940588731801,0.009146091822983777
2018-03-23,0.0013034598260418507,0.2363365768161566,-0.33266318029172554,7.326029680885687,7.658638493881699,0.005485017779240619
2018-03-24,0.0007543241701338897,0.23689136885483145,-0.32473090102945334,7.3339676165307255,7.6586441502644655,0.0031741546018872976
2018-03-25,0.0002300979864816291,0.23743942446980168,-0.3162854032319896,7.342436943759507,7.6586679796957835,0.000968142587672145
2018-03-26,0.0001083926129086154,0.23799258938110185,-0.3075980457870379,7.351555760742187,7.659099439233511,0.00045523799188422525
2018-03-27,6.356558678349536e-05,0.2385626055301298,-0.29865319483384123,7.361025800818286,7.659624628356414,0.00026638145550410654
2018-03-28,3.689431215132324e-05,0.23916512955414282,-0.2895201412557163,7.370734707145791,7.660200481105795,0.00015423913040111197
2018-03-29,-8.528462191907923e-18,0.23981486059970863,-0.28050804440260074,7.380359640732322,7.660813317839209,-3.556269269794486e-17
2018-03-30,3.6550552251033956e-18,0.24052609853642504,-0.27153570963367984,7.390043213437959,7.661524555775926,1.519608577756845e-17
2018-03-31,-1.0965165675310187e-17,0.24130629026006317,-0.26259430396436945,7.3997648108309075,7.662304747499563,-4.5440861336406496e-17
2018-04-01,6.09175870850566e-18,0.2421504902827034,-0.2536751034779162,7.409528211340001,7.663148947522204,2.5156912552164213e-17
2018-04-02,7.310110450206791e-18,0.24305125272742556,-0.24479704786685152,7.419307029395788,7.6640497099669265,3.007641543985315e-17
2018-04-03,0.0,0.24400507806668556,-0.2360119910085298,7.42904591159337,7.665003535306186,0.0
2018-04-04,4.873406966804528e-18,0.24500762732776488,-0.22726016973096388,7.438800282132015,7.6660060845672655,1.9890837766797397e-17
2018-04-05,4.020560747613735e-17,0.24603661367125734,-0.21857005000837376,7.448519388198098,7.6670350709107575,1.6341310700145712e-16
2018-04-06,1.218351741701132e-17,0.24707280912201465,-0.2101976219148318,7.457928011742396,7.668071266361515,4.9311445724464974e-17
2018-04-07,-8.528462191907923e-18,0.24809938192088582,-0.2021812613708449,7.466970945085254,7.669097839160386,-3.437518516119273e-17
2018-04-08,6.700934579356226e-18,0.24910270214782979,-0.19450277128538487,7.475652755397658,7.67010115938733,2.6900288602166835e-17
2018-04-09,1.218351741701132e-17,0.250068710920525,-0.1871357974514959,7.483985738004243,7.671067168160025,4.8720679097207785e-17
2018-04-10,4.873406966804528e-18,0.2509861700507785,-0.17997644526280704,7.492062549323185,7.6719846272902785,1.941703387807607e-17
2018-04-11,1.1574341546160753e-17,0.25185104685490084,-0.17293262396747683,7.499971247422637,7.672849504094401,4.5957091267637604e-17
2018-04-12,2.2234919286045658e-17,0.25265316243727654,-0.16613123343534886,7.507574753537142,7.673651619676777,8.800570343767488e-17
2018-04-13,2.4062446898597356e-17,0.25338993597530385,-0.1594411789076769,7.51500158160284,7.674388393214804,9.496212549239744e-17
2018-04-14,1.3097281223287167e-17,0.25405742888411365,-0.15300091155327555,7.522109341866052,7.675055886123614,5.155244340153262e-17
2018-04-15,1.0965165675310187e-17,0.25465173881980485,-0.14683508707884999,7.528869476276169,7.675650196059305,4.305945730482246e-17
2018-04-16,9.13763806275849e-18,0.255169651777813,-0.14092815661768332,7.5352943196953435,7.676168109017313,3.58100502904437e-17
2018-04-17,8.528462191907923e-18,0.25560495421464774,-0.13526619084832556,7.541391587901536,7.676603411454148,3.336579378170437e-17
2018-04-18,7.310110450206791e-18,0.2559556795533957,-0.12983662306943175,7.547171881019178,7.676954136792896,2.856006345693066e-17
2018-04-19,1.218351741701132e-17,0.2562203494620161,-0.1246280372165301,7.5526451367807,7.677218806701516,4.7550935913532854e-17
2018-04-20,6.09175870850566e-18,0.25640153579365166,-0.11962999297943655,7.557824367349429,7.677399993033152,2.375866700505344e-17
2018-04-21,3.0458793542528295e-17,0.25649994878609045,-0.11483288152840357,7.5627198917929,7.677498406025591,1.187477568189675e-16
2018-04-22,2.8022090059126034e-17,0.2565173411023317,-0.1102278064759401,7.567342359161605,7.677515798341832,1.0924052907576045e-16
2018-04-23,3.0458793542528295e-17,0.256449952727137,-0.10580648562907011,7.57169629163328,7.677448409966638,1.1877090722234008e-16
2018-04-24,2.1930331350620375e-17,0.2563016235454104,-0.10156116985636901,7.575793278224255,7.677300080784911,8.55645432411194e-17
2018-04-25,1.4620220900413582e-17,0.25607022171077526,-0.09748457603227194,7.579638470213717,7.677068678950276,5.709457664674007e-17
2018-04-26,1.5838572642114716e-17,0.2557521017152834,-0.09356983155020134,7.583235094700296,7.676750558954784,6.19293938774628e-17
2018-04-27,6.09175870850566e-18,0.25534790191787743,-0.08981042833450087,7.58659029811859,7.676346359157378,2.3856701632366785e-17
2018-04-28,6.700934579356226e-18,0.2548624241376457,-0.08620018464436711,7.589715064028493,7.6758608813771465,2.629235989585187e-17
2018-04-29,1.5838572642114716e-17,0.2543005438053174,-0.08273321326364036,7.592620155076891,7.675299001044818,6.228288939185324e-17
2018-04-30,2.4976210704873204e-17,0.25366358104949105,-0.0794038949191395,7.595312510665566,7.674662038288991,9.846194949049552e-17
2018-05-01,1.1574341546160753e-17,0.25295226268969845,-0.07620685597596652,7.597798231248945,7.6739507199291985,4.5757019222078386e-17
2018-05-02,1.2488105352436602e-17,0.2521660015206713,-0.07313694962822923,7.600081876427656,7.673164458760172,4.9523350797204474e-17
2018-05-03,2.360556499545943e-17,0.25130580632137967,-0.0701892399440414,7.602169390912552,7.67230426356088,9.393163389655913e-17
2018-05-04,5.254141886086132e-18,0.25037351020172094,-0.06735898823950176,7.604067346497433,7.671371967441221,2.098521477712628e-17
2018-05-05,3.959643160528679e-18,0.24937101827930386,-0.06464164135187268,7.605782201462645,7.670369475518804,1.5878521842076076e-17
2018-05-06,-2.665144434971226e-19,0.2483002966542166,-0.062032821460862496,7.607320299728568,7.669298753893717,-1.0733553164790255e-18
2018-05-07,-3.674091971067476e-18,0.24716336229419164,-0.05952831717164515,7.608687869657761,7.668161819533692,-1.4865034756625082e-17
2018-05-08,-1.549591121476127e-17,0.2459655249521694,-0.05712407562647946,7.6098942738609034,7.66696398219167,-6.300033802613036e-17
2018-05-09,-6.429660949368083e-18,0.24470915921857303,-0.05481619545549843,7.610945788298288,7.665707616458073,-2.6274704918687336e-17
2018-05-10,5.051876460217779e-18,0.2433926844370745,-0.05260092041305368,7.611844588559235,7.664391141676575,2.0756073552095052e-17
2018-05-11,1.7400775607792047e-18,0.24201823954608828,-0.05047463357535646,7.6125964305059455,7.663016696785589,7.189861243692901e-18
2018-05-12,1.2406976754322978e-18,0.24058797501742035,-0.048433851999165195,7.613206947553469,7.661586432256921,5.1569396822200365e-18
2018-05-13,-2.6006378256621296e-18,0.23910368564587223,-0.046475221760815304,7.6136812884202705,7.660102142885373,-1.0876611201693644e-17
2018-05-14,-5.4971267323645794e-18,0.23756428509505867,-0.04459551331087032,7.614021596319402,7.658562742334559,-2.313953349580711e-17
2018-05-15,2.7331640029813376e-17,0.23597201146977678,-0.042791617092637874,7.614233218912353,7.656970468709277,1.1582577043597394e-16
2018-05-16,1.7831108871117717e-18,0.2343327039049002,-0.04106053938329429,7.614324989056819,7.6553311611444,7.609312987040066e-18
2018-05-17,1.638821320268984e-18,0.23264848663523352,-0.03939939832487832,7.614301912845569,7.653646943874734,7.044195059985368e-18
2018-05-18,7.782636816143821e-19,0.2309214668061678,-0.03780542011927673,7.6141688712221045,7.651919924045668,3.3702526334099794e-18
2018-05-19,3.4095590017550295e-17,0.2291519248880823,-0.03627593536680516,7.613928814056491,7.650150382127583,1.4879032778887876e-16
2018-05-20,1.1878929481586037e-17,0.22734377379667475,-0.03480837553242404,7.613588222799464,7.6483422310361755,5.2250955824327856e-17
2018-05-21,3.1067969413378866e-17,0.22549904948527588,-0.033400269527140765,7.613151604493349,7.646497506724776,1.377742810193418e-16
2018-05-22,1.9798215802643393e-17,0.2236197592667923,-0.03204924039488198,7.612623343407124,7.644618216506293,8.85351807351822e-17
2018-05-23,2.7108326252850186e-17,0.22170787963328994,-0.03075300209738084,7.612007702071123,7.6427063368727906,1.2227046822913102e-16
2018-05-24,6.09175870850566e-19,0.21976535432067926,-0.02950935639127167,7.611308822464621,7.64076381156018,2.7719377002512554e-18
2018-05-25,-7.919286321057358e-18,0.21779156389353235,-0.02831618979293573,7.61052819863581,7.638790021133032,-3.636176801103605e-17
2018-05-26,0.0,0.21579097126618546,-0.02717147062766824,7.609672325173731,7.636789428505686,0.0
2018-05-27,-3.320008496135584e-17,0.21376830100167166,-0.026073246160471592,7.608747879376414,7.634766758241172,-1.5530873757141487e-16
2018-05-28,0.0003594314465309029,0.2117223898141311,-0.02501963980637267,7.608115005989503,7.633080278500162,0.0016947772533938157
2018-05-29,0.0020925057863894307,0.20965499630146275,-0.024008848418572502,7.608791478204494,7.632745959327353,0.009882080146198223
2018-05-30,0.003985442945152512,0.2075678389213075,-0.023039139653020946,7.609566966748653,7.632551739105961,0.01883895588851354
2018-05-31,0.004856850412207506,0.20546404031261511,-0.022108849408212977,7.609264865851824,7.6313193479643235,0.023092572475656065
2018-06-01,0.0046918983422120095,0.20334014461073252,-0.021216379339128753,7.6078684881490295,7.629030500192445,0.022553729106401584
2018-06-02,0.0039460172340659416,0.20120144670349835,-0.020360194444289985,7.605840094028488,7.626145921177065,0.019235028102842618
2018-06-03,0.006623406669472523,0.19904733051146345,-0.019538820724970336,7.60718474099118,7.626669194420437,0.032203933142154646
2018-06-04,0.023913762289920457,0.1968815249257498,-0.018750842915546462,7.623097268835338,7.641793744455171,0.108307394562103
2018-06-05,0.04594573929787304,0.19470549570692672,-0.017994902283993204,7.64370915725602,7.6616496922443,0.19092251613400885
2018-06-06,0.05870733683630946,0.19252427884482584,-0.017269694501471648,7.655014745714878,7.672230072920636,0.2336781406955611
2018-06-07,0.06306673158050935,0.1903380850359787,-0.016573967579902916,7.657883673571799,7.674403273855988,0.24887739871163067
2018-06-08,0.06396793298255352,0.18814948976214765,-0.015906519876392407,7.657263727403523,7.673115879984202,0.2537227784028581
2018-06-09,0.06105568461260569,0.18596992222507663,-0.015266198163304294,7.652812233209592,7.668024064077183,0.24716338275296568
2018-06-10,0.0534428269271425,0.183808278665636,-0.014651895762725771,7.6436520343652665,7.658249562832279,0.22525849476492052
2018-06-11,0.04608484168390092,0.1816688638258996,-0.014062550744037007,7.6347439793009775,7.648752162749301,0.20234507965850784
2018-06-12,0.059533250938479,0.179552816762167,-0.013497144183241463,7.646641748052619,7.660084524940147,0.2490034300661098
2018-06-13,0.11005746309667801,0.17746805638865046,-0.012954698482670786,7.6956236455378715,7.708523976724829,0.3827745909082477
2018-06-14,0.1525553804844421,0.17541441017090778,-0.012434275749661822,7.736588339440902,7.74896824789485,0.4651507084832589
2018-06-15,0.16222016703795009,0.17340575550502,-0.011934976232761447,7.744743770845423,7.756624379782471,0.4833362268588806
2018-06-16,0.14570925312667052,0.17145091028539,-0.011455936813994743,7.72675705113328,7.738158620651561,0.4594185207849142
2018-06-17,0.11718890712807406,0.16956526926769003,-0.010996329555725753,7.696810671375252,7.707752633635264,0.4086737588307543
2018-06-18,0.08756230641191214,0.16776427340672317,-0.010555360300618955,7.66582404405323,7.6763250370581355,0.3429423856854612
2018-06-19,0.0630744522925278,0.166065820200811,-0.010132267323209774,7.640060829705343,7.65013872973284,0.27526567724737866
2018-06-20,0.04458284949206126,0.16448574404937025,-0.009726320031590048,7.620395098045055,7.630067050780932,0.21324508256772767
2018-06-21,0.0317761941315207,0.1630370621202629,-0.009336817717720837,7.606529263069277,7.615811713491284,0.16311104666538714
2018-06-22,0.024285808643967833,0.1617301493479784,-0.008963088354895392,7.598105694172265,7.607014415231447,0.1305576623970042
2018-06-23,0.019177373977472986,0.16058153743537631,-0.008604487440874588,7.592207248507188,7.60075736865235,0.10668385687666204
2018-06-24,0.014820821441763348,0.1596132558836568,-0.00826039688525188,7.587226504975382,7.595432534564921,0.08496517233908354
2018-06-25,0.011017561424128804,0.15884288351230197,-0.007930223939606577,7.582983045532038,7.590858902175931,0.06486243120493448
2018-06-26,0.008580645034260684,0.15828464340042692,-0.0076134001690419855,7.580304712800859,7.587863745674188,0.05142258833309851
2018-06-27,0.009404639023304554,0.15794230237534243,-0.0072991162694415745,7.581100649664419,7.588345398638148,0.056198451819332695
2018-06-28,0.010455271586195688,0.15781672830851065,-0.006997097758384597,7.582327726671536,7.589270457134207,0.062133162931075375
2018-06-29,0.009890256538141719,0.15790061323547247,-0.006706012073505335,7.582137682235323,7.588789327013115,0.058943949402525855
2018-06-30,0.00860046863684462,0.1581852703565939,-0.006426798776204324,7.581411764752448,7.587784196232939,0.05156597133992954
2018-07-01,0.0070762938087744025,0.15865969205902586,-0.0061588024286582605,7.580630007974356,7.586734443107301,0.0426961819530179
2018-07-02,0.006609753136969992,0.1593117716222152,-0.00590225485867736,7.581072094435721,7.586919981998686,0.039836622442827964
2018-07-03,0.00662315451306225,0.1601320156742963,-0.005658903302570723,7.582149091420002,7.587753627426859,0.03971783606841559
2018-07-04,0.006216478029986668,0.1611115224735272,-0.00542257246656087,7.582958252572167,7.5883264577430145,0.03715145110967917
2018-07-05,0.005290889799705312,0.16223474011022912,-0.0051951978242872725,7.583383256620861,7.588524087149435,0.03158256920179804
2018-07-06,0.004152820845490089,0.1634774096413645,-0.0049780984679332905,7.5837049565541355,7.588628687726355,0.02477369883361074
2018-07-07,0.0030548487427835874,0.16481893597752803,-0.004766495396130827,7.584160113859395,7.5888722419598125,0.018197294758518487
2018-07-08,0.0021241179727698213,0.1662491425857668,-0.004577059637092842,7.584849025456657,7.589371717798037,0.012615530314751794
2018-07-09,0.001970249534163704,0.1677573428344258,-0.0043952424213734645,7.58638517448243,7.59072604960809,0.011608304263722807
2018-07-10,0.0039376559827417204,0.16933310179417543,-0.004213569172234839,7.590110013139896,7.594269215016418,0.02272545023327813
2018-07-11,0.005910436251578294,0.17096637478132584,-0.0040362791060553176,7.593893356462063,7.5978752682724044,0.033415551858173104
2018-07-12,0.006848189999255447,0.17264688416940294,-0.003866092924547371,7.596681805779325,7.6004935314081585,0.038152523298888436
2018-07-13,0.006615533483393238,0.17436652874165068,-0.003712792216943786,7.598322094543314,7.6019805194645445,0.03655353133929421
2018-07-14,0.005651295965371482,0.17611705559169372,-0.003561982681561074,7.599259193410718,7.602766808796566,0.031090648712833204
2018-07-15,0.007641636287680756,0.17788761522426422,-0.003420875750235795,7.603161200296923,7.606527708751446,0.04118830979700666
2018-07-16,0.022317781366907184,0.17966827461025245,-0.003273438613829093,7.6197654418985445,7.62298451321666,0.11049169339407694
2018-07-17,0.03960314721538126,0.18145320712095878,-0.0031330580379613513,7.6389761208335925,7.64205481157584,0.17915407740383057
2018-07-18,0.04780672465102814,0.18323925445896302,-0.0030067568114622682,7.649092046833743,7.652044436349492,0.20691433296170628
2018-07-19,0.04617322447163127,0.18501877096154995,-0.0028816050361340126,7.6493632149322615,7.652190452672682,0.1997180931161442
2018-07-20,0.03889049878825269,0.18677870880360062,-0.002758240974730982,7.643963791152336,7.646667664831353,0.17233409556961038
2018-07-21,0.029902672343087366,0.18851002880566392,-0.002649258084608674,7.6368162675993565,7.639411158388252,0.13690903590227554
2018-07-22,0.02155256165695882,0.19021232939086202,-0.002544631953368398,7.630273083629667,7.632763348287321,0.10177589661022615
2018-07-23,0.014804430527194455,0.1918787484294127,-0.00244418626547827,7.625291817226342,7.627681636196107,0.07162861826458855
2018-07-24,0.00979826130781662,0.1935062022487777,-0.002347751926083141,7.622009536165725,7.624302920796095,0.04819501321518726
2018-07-25,0.006296235064378418,0.1950930903651713,-0.002250219643003876,7.620191930321759,7.62238778266905,0.031263995998541516
2018-07-26,0.003931644794931594,0.19663338410674622,-0.002151533022633899,7.619466320414258,7.621563486141178,0.01960284311009667
2018-07-27,0.002418607635509309,0.1981324842433477,-0.0020566703837313427,7.61954724603034,7.621549549118358,0.012059807866667065
2018-07-28,0.0014599563299561695,0.19960079396063557,-0.00196441517282509,7.62014915965298,7.622059207530092,0.007261269680164351
2018-07-29,0.0008705833388793505,0.20104693553562497,-0.0018787438023405456,7.621091599607378,7.622915976114005,0.004311579023613276
2018-07-30,0.0006025825015054444,0.20247674141910427,-0.001804797765835593,7.622327350689988,7.624077781160111,0.0029672272384608364
2018-07-31,0.0007993737353106144,0.2038946282345656,-0.001733795623297807,7.624013030881792,7.625692459209377,0.003905213282352329
2018-08-01,0.0009344426332502699,0.20530127833960515,-0.0016597956329320106,7.625628749875137,7.627234178212356,0.004530944633850605
2018-08-02,0.000996413792804188,0.20670105814165482,-0.0015872960247395487,7.627163000444933,7.6286959291739596,0.0047974286038426905
2018-08-03,0.002271739061842914,0.20808821345175346,-0.0015158688050841064,7.629896908243726,7.631358409753097,0.010799294422240768
2018-08-04,0.011140917814263568,0.20946456746487524,-0.0014452334632231302,7.640213076351129,7.641603942518639,0.05050154487394829
2018-08-05,0.032173521058628966,0.21083071199947942,-0.0013773235695901354,7.662679734023732,7.664002690297609,0.13239901483911792
2018-08-06,0.05760532021143098,0.21218271428863014,-0.0013144101121506098,7.689526448923124,7.690786491739561,0.2135206637988162
2018-08-07,0.07241257196905751,0.2135214104145183,-0.0012551753223669995,7.705731631596422,7.706932439623076,0.25324926881869264
2018-08-08,0.07246017740614227,0.21483784178007312,-0.0012037839471303062,7.707147059774299,7.708296476425716,0.2522125896008229
2018-08-09,0.06285072350511964,0.21611911764200417,-0.0011494818013933622,7.698873183880944,7.699968298386624,0.2252957640391431
2018-08-10,0.05015473099348303,0.21735199116294532,-0.0010928675216684634,7.687466679169974,7.6885051793959285,0.18748960994017316
2018-08-11,0.03771279647109972,0.2185284920011103,-0.0010419162536364065,7.676252196753787,7.67723974571171,0.14717689212365073
2018-08-12,0.026997694674813014,0.21964309983447572,-0.0009907520254712296,7.666702867019032,7.667639251748789,0.10946159465844672
2018-08-13,0.018556714358300048,0.22069311503418604,-0.0009519582391714147,7.659350695688529,7.660248286631987,0.0775620797950832
2018-08-14,0.012782119046819475,0.2216742530957187,-0.0009099016249775633,7.654599295052774,7.655454829382038,0.054518113242188034
2018-08-15,0.01065330374860762,0.22258957341050722,-0.0008672295105655343,7.653428472183763,7.654241334398615,0.04567472275408476
2018-08-16,0.010385755108565582,0.22345346088612106,-0.0008211746818652041,7.654070865848035,7.654837673234187,0.04441408625318676
2018-08-17,0.010106140608099312,0.22428137224781317,-0.0007778614787973664,7.654662475912329,7.655385970095413,0.04311723131049207
2018-08-18,0.010007828510425488,0.22508488490818698,-0.0007474545694510522,7.655398083384375,7.6560911706581125,0.042569709477151156
2018-08-19,0.009374520770814417,0.22587821481695097,-0.0007107252246657421,7.655594834898314,7.656251192827266,0.0398487216201449
2018-08-20,0.008238641402049357,0.22667129479592646,-0.0006715814957443098,7.655291179237445,7.6559083934374765,0.035071489675541224
2018-08-21,0.007695529323155835,0.22747388982633218,-0.0006338688914234217,7.655588374793279,7.656167876388989,0.032723341967622444
2018-08-22,0.007125008737210287,0.22829371658709957,-0.0006039612102612514,7.655867588649262,7.6564171825638105,0.030265259177641734
2018-08-23,0.006884968011136846,0.22913528018856325,-0.000571533213365932,7.656501539521548,7.6570187054392,0.029171090462168214
2018-08-24,0.009021187710009879,0.23000512207906032,-0.0005411320315985077,7.6595380022926856,7.66002476702857,0.03774140059297516
2018-08-25,0.011149607932151676,0.23090853673129635,-0.0005113766800556467,7.662599592518606,7.663056601902949,0.04606169293602506
2018-08-26,0.011443174013501443,0.23185109038185908,-0.0004809167485117403,7.663866172182063,7.664292721634861,0.04703429421955439
2018-08-27,0.010155184948884472,0.23283441701768673,-0.0004621657475020045,7.663580260754283,7.663988059206072,0.04179267288269212
2018-08-28,0.008130144636514184,0.23384894260369266,-0.0004441535130516231,7.662587758262369,7.662977544479707,0.033598542457694225
2018-08-29,0.006135674382457898,0.2348820141187154,-0.0004268506002280626,7.661643662436159,7.662016145740674,0.025457361327353482
2018-08-30,0.0051163450039388506,0.2359259014017302,-0.0004053755374991257,7.661689695403384,7.66204070364517,0.02122592649310175
2018-08-31,0.006001423721781655,0.23697011205198087,-0.0003800336426808112,7.6636443266662955,7.663969993013263,0.024700110252296157
2018-09-01,0.0078447972179696,0.2380094229028426,-0.00035394979336338545,7.666553094862663,7.666852677360312,0.03190832849692262
2018-09-02,0.008707759298186806,0.23903435670224166,-0.00034017631608810976,7.668454764219554,7.668740573239929,0.03514848197297122
2018-09-03,0.008438040583493876,0.24004542304965604,-0.0003269443009287677,7.669209343867435,7.66948192087265,0.03395815745691403
2018-09-04,0.01226312971509529,0.24104614081621464,-0.00031423221939728773,7.674047862847127,7.6743077277708105,0.048411689352599215
2018-09-05,0.04468027205367434,0.24203637761219732,-0.0003020194096621641,7.7074674547914235,7.707715106905372,0.15583424299127022
2018-09-06,0.1309956820430115,0.2430162003517828,-0.00029028604119609813,7.794774420888812,7.7950103396342945,0.35024470667682395
2018-09-07,0.21450900421772384,0.24398243637734637,-0.0002790130808864667,7.8792652520493975,7.879489897834571,0.4678582525756977
2018-09-08,0.2590908619204319,0.24493174529584397,-0.0002681822605439606,7.924807249490946,7.925021064455777,0.5140461126364836
2018-09-09,0.2594501532300732,0.24586045430413583,-0.0002537803975728671,7.92610965167185,7.92630906477371,0.5134468767559143
2018-09-10,0.22745254312536398,0.2467656216500525,-0.0002384062038068139,7.895032583106824,7.895216622014917,0.4796369266729429
2018-09-11,0.18107788813469275,0.24764394284541943,-0.00022036719213647604,7.84955428832319,7.849720288219613,0.42236684733484614
2018-09-12,0.134316964244216,0.2484974932655158,-0.00020205518690942167,7.803665226858036,7.8038129147492326,0.3508670103996828
2018-09-13,0.09446402771025275,0.24932851566937864,-0.00018398881335196477,7.764661379101494,7.764791000619132,0.27477043795548894
2018-09-14,0.06375188170960647,0.25013944185604686,-0.0001664627431640943,7.734777685357703,7.734889780805154,0.20310176460252546
2018-09-15,0.04163635297200304,0.25092966302937125,-0.00015045196436703207,7.713468388572221,7.713564473240875,0.14231438613775108
2018-09-16,0.026470411384812462,0.25170362092555576,-0.00013585138111789973,7.699091005464465,7.699172489549869,0.09515773692088743
2018-09-17,0.016462765424089428,0.25247089072792633,-0.00011823380522621664,7.689868246882003,7.689932113391516,0.061214968998836605
2018-09-18,0.010057951005007407,0.25324779042448387,-0.00010884960629164386,7.684249716358414,7.6843041986689915,0.03819875309365692
2018-09-19,0.0062292095319903765,0.25405382508926694,-9.561728333401222e-05,7.681240241873137,7.681281491860758,0.02393244546673822
2018-09-20,0.00485169841296682,0.2549093814719865,-8.283174076522125e-05,7.680731072679402,7.6807595371244535,0.018677541743803996
2018-09-21,0.005211347716325759,0.2558298688204023,-7.962466658540163e-05,7.682014416405357,7.682039673776228,0.019963696865443203
2018-09-22,0.00524953516806877,0.256827682117789,-7.098428219045366e-05,7.683059057538881,7.683075674525358,0.020030490335765812
2018-09-23,0.005097911780858829,0.257912934974522,-6.267662763134712e-05,7.684000994662964,7.684009303994881,0.01938289558681303
2018-09-24,0.004419979866240167,0.2590893288121548,-5.345475122721613e-05,7.6845086784623815,7.684507765917895,0.016773524580244024
2018-09-25,0.0039040493937170725,0.2603574644250483,-4.445031562157846e-05,7.685269888038357,7.685259971058266,0.014773431580334204
2018-09-26,0.0033821593766470226,0.2617208276932593,-3.72071824738953e-05,7.686118604422647,7.686101444309407,0.012757907460903729
2018-09-27,0.0032006968975585148,0.26317664422888193,-2.7547595345298642e-05,7.687402618066309,7.687375798365941,0.012015649994941764
2018-09-28,0.004604399614376155,0.26471613232839514,-1.8293984924718118e-05,7.690355062493061,7.690318989182272,0.017096355711025246
2018-09-29,0.005876087068554385,0.2663254939696844,-1.758611066362979e-05,7.693236819462789,7.693200038277739,0.02158726281508598
2018-09-30,0.006034280552027152,0.2679853263088683,-1.6905887200533442e-05,7.695055525508908,7.695018064100396,0.022021345921755232
2018-10-01,0.005321934763852288,0.26967393623571684,-1.6252222949258518e-05,7.696032443311834,7.6959943282390695,0.019352780623606625
2018-10-02,0.00423315812763913,0.27137239707939886,-1.5624069927018706e-05,7.6966427556723245,7.696604012446539,0.015359480415622007
2018-10-03,0.0031300838075143875,0.2730645798212831,-1.2430333589814658e-05,7.697235057830421,7.697193120868298,0.01133289023904236
2018-10-04,0.0021930672034812418,0.2747363771967241,-6.377913497153676e-06,7.6979758910219225,7.697927901639706,0.00791922725382688
2018-10-05,0.0014745020064159198,0.27637341720266756,-6.131563789760713e-06,7.698894612180507,7.698846376448584,0.005306867190559529
2018-10-06,0.0009536209003345061,0.27796790207079436,-1.4971106202023511e-16,7.699974347506343,7.6999199802106295,0.0034189577418635253
2018-10-07,0.0005958855902508032,0.27951254724115165,-7.485553101011756e-17,7.701161257366616,7.7011068900709025,0.002127338988788914
2018-10-08,0.00037035489555465223,0.2810020979964972,-7.485553101011756e-17,7.702425277427266,7.7023709101315525,0.0013162443293506716
2018-10-09,0.00022597641640709405,0.2824340186122094,0.0,7.7037128195638305,7.703658452268117,0.0007994637387020976
2018-10-10,0.00013574378908382656,0.28380596665196584,-3.742776550505878e-17,7.704994534976263,7.70494016768055,0.0004780692096028241
2018-10-11,7.742329493474163e-05,0.2851157220850651,-1.1228329651517633e-16,7.706245969915214,7.7061916026195005,0.0002714767033814243
2018-10-12,0.0012135561917851275,0.28636095666665906,-1.1228329651517633e-16,7.708627337393658,7.708572970097944,0.004219971303167916
2018-10-13,0.00716396386699656,0.2875391599172965,3.742776550505878e-17,7.715755948319507,7.715701581023794,0.024309086972013904
2018-10-14,0.014830172001205112,0.2886443515778468,-7.485553101011756e-17,7.724527348114266,7.724472980818552,0.04886793074523769
2018-10-15,0.01905174599339001,0.28967226761621406,0.0,7.729776838144818,7.729722470849104,0.06171125391457833
2018-10-16,0.01898522133520466,0.290621298443345,0.0,7.7306593443137634,7.73060497701805,0.061320483007864635
2018-10-17,0.016289072775784137,0.2914924084211491,0.0,7.728834305732147,7.728779938436434,0.05292414836798324
2018-10-18,0.012677811629200193,0.2922814498363995,-7.485553101011756e-17,7.7260120860008135,7.7259577187051,0.04157214825439984
2018-10-19,0.009216405381812608,0.29298598718633334,-3.742776550505878e-17,7.72325521710336,7.723200849807647,0.030497460008475377
2018-10-20,0.0063712260799172575,0.293603156935416,-7.485553101011756e-17,7.721027207550547,7.720972840254833,0.021239233883486613
2018-10-21,0.0042375598802003355,0.2941251652402991,-7.485553101011756e-17,7.7194155496557135,7.71936118236,0.014202712079697343
2018-10-22,0.002733658384714624,0.2945489608089159,0.0,7.7183354437288445,7.718281076433131,0.009195486746347915
2018-10-23,0.001720369952969765,0.2948744038307039,-1.4971106202023511e-16,7.717647598318887,7.717593231023174,0.005800405485986565
2018-10-24,0.001060746938762194,0.2951112740287494,0.0,7.7172248455027255,7.717170478207012,0.0035815231138209102
2018-10-25,0.0006428841155748901,0.29526945311204505,-1.4971106202023511e-16,7.716965161762833,7.71691079446712,0.0021725492137233014
2018-10-26,0.0003839630091173681,0.29535740797545756,-1.1228329651517633e-16,7.716794195519789,7.716739828224076,0.0012983067192766703
2018-10-27,0.00022644298836365344,0.29538262275717697,-7.485553101011756e-17,7.716661890280754,7.716607522985041,0.000766021799069501
2018-10-28,0.00013208359506451675,0.29534918484143374,-1.1228329651517633e-16,7.716534092971712,7.716479725675999,0.00044701173703301186
2018-10-29,3.689431215132912e-05,0.29526203953832963,-7.485553101011756e-17,7.716351758385695,7.716297391089982,0.00012493885998928077
2018-10-30,0.00017971572326543604,0.29512563868141894,-1.1228329651517633e-16,7.716358178939898,7.716303811644185,0.0006085759048552669
2018-10-31,0.0010013239623783532,0.2949440264713212,0.0,7.716998174968913,7.7169438076732,0.0033834759049633364
2018-11-01,0.0022815376517780436,0.29472090092681424,-7.485553101011756e-17,7.718055263113806,7.718000895818093,0.007681881881836156
2018-11-02,0.004996799472743423,0.2944632726347661,-3.742776550505878e-17,7.720512896642723,7.72045852934701,0.016686029084202973
2018-11-03,0.007164771582281648,0.2941741891213512,3.742776550505878e-17,7.722391785238846,7.722337417943133,0.02377645282094209
2018-11-04,0.007990217786371179,0.2938545273503728,7.485553101011756e-17,7.722897569671958,7.722843202376245,0.026471283383619586
2018-11-05,0.007551199905095022,0.29349573382741,-3.742776550505878e-17,7.722099758267719,7.7220453909720055,0.025083131761124776
2018-11-06,0.0063354303135427,0.29308952781596487,-7.485553101011756e-17,7.720477782664721,7.720423415369008,0.021158658092898498
2018-11-07,0.0048805023904185925,0.2926297077312842,-7.485553101011756e-17,7.718563034656917,7.718508667361204,0.0164044870541489
2018-11-08,0.0035307006226254307,0.29211202004615444,-7.485553101011756e-17,7.716695545203994,7.71664117790828,0.011942457485976842
2018-11-09,0.0024351985015196153,0.291533264756445,-1.1228329651517633e-16,7.715021287793179,7.714966920497465,0.008283876693884229
2018-11-10,0.001618162696793615,0.2908914307442795,3.742776550505878e-17,7.713562417976287,7.7135080506805735,0.0055319987209910045
2018-11-11,0.001043656260628786,0.29018614638355433,0.0,7.712282627179397,7.712228259883684,0.0035836176488568293
2018-11-12,0.0011062088469919115,0.28941846864295445,-3.742776550505878e-17,7.71157750202516,7.711523134729447,0.003807624386848143
2018-11-13,0.0029085121570016632,0.28859263201201074,-3.742776550505878e-17,7.712553968704226,7.7124996014085125,0.009977704085152089
2018-11-14,0.004601679656166191,0.28771248034162866,-3.742776550505878e-17,7.713366984533009,7.713312617237295,0.015742239979756385
2018-11-15,0.005128897273644794,0.28678178528417714,-3.742776550505878e-17,7.712963507093035,7.712909139797322,0.017570091059030898
2018-11-16,0.004699935110043804,0.2858038802036724,-3.742776550505878e-17,7.71155663984893,7.711502272553217,0.016178565864852154
2018-11-17,0.003824790976009121,0.28478176631859775,-7.485553101011756e-17,7.7096593818298205,7.709605014534107,0.013252612871525335
2018-11-18,0.0028510253980929662,0.2837182129718771,0.0,7.707622062905184,7.7075676956094705,0.009948818701929903
2018-11-19,0.0025589112249868933,0.2826158091051397,-7.485553101011756e-17,7.706227544865341,7.706173177569627,0.008973134862811902
2018-11-20,0.006256731314145786,0.28147699516083496,-1.1228329651517633e-16,7.708786551010195,7.708732183714481,0.021744865959221597
2018-11-21,0.01663550297952843,0.280304084664715,-7.485553101011756e-17,7.717992412179457,7.717938044883744,0.05602319014283487
2018-11-22,0.02484337377327089,0.2790988920439662,0.0,7.724995090352451,7.724940723056737,0.08173714737064376
2018-11-23,0.026822786709566993,0.2778631058138534,0.0,7.7257387170586345,7.725684349762921,0.08803422596110254
2018-11-24,0.024151408647757288,0.27659991736723366,-3.742776550505878e-17,7.721804150550205,7.7217497832544915,0.08030358159269915
2018-11-25,0.022462240996300616,0.2753086751999097,-3.742776550505878e-17,7.718823740731424,7.718769373435711,0.07543463708020283
2018-11-26,0.0345086573978028,0.27398950864689336,-7.485553101011756e-17,7.72955099057991,7.729496623284197,0.11186017032205982
2018-11-27,0.05678831518845761,0.2726420983355152,-7.485553101011756e-17,7.750483238059187,7.750428870763473,0.17238334063022112
2018-11-28,0.07060407592580728,0.27126647468582504,-7.485553101011756e-17,7.762923375146846,7.762869007851132,0.20652283678571098
2018-11-29,0.07141174413907198,0.26986293845046805,-3.742776550505878e-17,7.762327507124754,7.76227313982904,0.20925004924833743
2018-11-30,0.06434245722964328,0.2684331355427206,0.0,7.753828417307577,7.753774050011864,0.19335089059147717
2018-12-01,0.056181500251840814,0.2669837713718868,-3.742776550505878e-17,7.744218096158941,7.744163728863228,0.17384757950493784
2018-12-02,0.04850655095438864,0.2655258253751688,-3.742776550505878e-17,7.735085200864772,7.735030833569058,0.1544635350066072
2018-12-03,0.0434062257329753,0.26406823486485503,-9.356941376264695e-17,7.728527285133044,7.728472917837331,0.14117018255298172
2018-12-04,0.039616822309453716,0.2626182081579344,-3.81462500383814e-09,7.723287851187977,7.723233487706889,0.13107951863881795
2018-12-05,0.03449576770536912,0.2611808407492892,-1.9325640200636205e-06,7.716727500425852,7.716675065694159,0.11666721924896202
2018-12-06,0.027947105547268338,0.25975980059106424,-4.693220776529782e-05,7.708712798465781,7.708705363377833,0.09713741641582657
2018-12-07,0.02115301393818597,0.25836598636272207,-0.0003386248525246202,7.700233199983598,7.700517457540409,0.07567647965045063
2018-12-08,0.015219074401485252,0.2570132406172492,-0.0013211242843426366,7.691964015269606,7.693230772258235,0.055904731223543065
2018-12-09,0.0104788389016486,0.2557136007962602,-0.003566636121004101,7.683678628112118,7.687190896937409,0.039365651832714024
2018-12-10,0.006963539936630136,0.2544787112062459,-0.0075175920631607475,7.674977483614929,7.6824407083823765,0.026635097832081546
2018-12-11,0.0050345384137920265,0.2533173388815541,-0.013337882414067682,7.666066819416493,7.679350334534846,0.019487136948637598
2018-12-12,0.007800960751926684,0.25224733317943726,-0.020983619725285813,7.660117498741292,7.681046751170864,0.02999812317163533
2018-12-13,0.01833077606589609,0.2512760707849457,-0.03027945165237197,7.660380219733684,7.690605304090342,0.06799076611002194
2018-12-14,0.027166496016774733,0.2504131614759645,-0.04083967420740691,7.657792807820546,7.69857811473224,0.09786918919836674
2018-12-15,0.03291250465606485,0.24966769795188445,-0.05206167134531513,7.651571355797848,7.70357865984745,0.11647137468341168
2018-12-16,0.04388126142856461,0.24904707935722678,-0.06332000278219742,7.650661162538808,7.713926798025292,0.14980203455511154
2018-12-17,0.05082844058338293,0.24855712731325538,-0.07410120872848476,7.646337183703367,7.720384025136139,0.16977585439566428
2018-12-18,0.049316160466106984,0.24820048562944225,-0.08404396194451233,7.6345255086862505,7.71851510333505,0.16575933183338187
2018-12-19,0.0420068655431728,0.2479718367899318,-0.09304388022060135,7.617987646647717,7.710977159572605,0.14486189918499132
2018-12-20,0.032669686458564516,0.247861325268619,-0.10131220738904641,7.600271628873351,7.701529468966684,0.11645659514583648
2018-12-21,0.025050379696779406,0.2478603639538446,-0.1092769489246483,7.5846866192611895,7.693909200890125,0.09178964287623834
2018-12-22,0.023495206160236617,0.24796107057556005,-0.11742694038981004,7.5750821608812,7.692454733975297,0.08655245125572862
2018-12-23,0.023816951936340366,0.2481625841114072,-0.12612428782924737,7.566908072753714,7.692977993287248,0.08756891155281317
2018-12-24,0.030940890720702083,0.24845725898146728,-0.13542375078857033,7.565027223448813,7.70039660694167,0.11074121555094123
2018-12-25,0.06292514608522291,0.24884062072651913,-0.1451164834115292,7.587702107935427,7.732764224051243,0.20183468739600233
2018-12-26,0.10397386848123306,0.2493023537760635,-0.15485075125617875,7.619478295536331,7.774274679496797,0.2943132368685354
2018-12-27,0.12581410671569782,0.24983416278056006,-0.16419559207576906,7.632505501955703,7.796646726735759,0.33492529297263585
2018-12-28,0.12297078865853239,0.2504333933870612,-0.17273794761635658,7.621719058964451,7.794402639285094,0.3293235442218945
2018-12-29,0.10467527075662492,0.2510982166978957,-0.1802091798856845,7.59661713210405,7.776771944694021,0.2942188624159517
2018-12-30,0.08124111865803317,0.2518247882666453,-0.1866220749043324,7.56749665655556,7.754064364164179,0.2439190471584518
2018-12-31,0.058989256422862964,0.252609465031495,-0.19224397123470696,7.540407574754865,7.732597178693858,0.18931161253658588
2019-01-01,0.04066921842395777,0.2534474787208148,-0.19743850719980477,7.517731014480182,7.715115154384273,0.13827578923184777
2019-01-02,0.027060017380313463,0.2543457906106335,-0.20258033074040088,7.49987830178576,7.702404265230447,0.09616012396298518
2019-01-03,0.01746471877151914,0.25530487177364086,-0.20801955089699015,7.485802864183384,7.69376804778466,0.06402736733451109
2019-01-04,0.010996456626348364,0.25632892518127065,-0.21383857808377518,7.474539628259057,7.688323839047119,0.04113510117143301
2019-01-05,0.006783470003510661,0.2574210495583269,-0.22014520807884475,7.465112136018207,7.685202976801338,0.025675071776820903
2019-01-06,0.004113124753973366,0.2585888907813585,-0.22704778298404965,7.456707057086496,7.683700472774833,0.015656997322961823
2019-01-07,0.0027746144806995274,0.25983684697297554,-0.23487448740487774,7.448789798584011,7.6836099186931754,0.010565473667222144
2019-01-08,0.0034284031431308366,0.2611661514474933,-0.24368962376671696,7.441957755359121,7.685593011830124,0.012957194634769412
2019-01-09,0.004295922997271984,0.2625693715306233,-0.2533265086460418,7.434591610417067,7.687863751767396,0.01609772078033524
2019-01-10,0.004239534054482093,0.2640456881445606,-0.26346405879775403,7.4258739879365026,7.689283679438543,0.01580233909170276
2019-01-11,0.0037112963974727403,0.26559322485772763,-0.2739497534266074,7.416407592363807,7.690302978494701,0.013781040066370863
2019-01-12,0.0032018618199794483,0.2672100810010145,-0.28444999997451675,7.407014767381691,7.691410400060494,0.01184068198533303
2019-01-13,0.003274879642363227,0.26889598127716946,-0.2946795762732345,7.398544109181512,7.6931693181590335,0.01203244032553303
2019-01-14,0.0047917110194405,0.2706386697230042,-0.30472393382200563,7.391759271455653,7.696428837981945,0.01739717676214243
2019-01-15,0.02062094808388327,0.27243132560193045,-0.3144942646675808,7.399610833553447,7.714050730925314,0.0703661084915906
2019-01-16,0.07532348322399367,0.274258574588491,-0.32352084958697336,7.447114032760725,7.770580515051985,0.2154672459317036
2019-01-17,0.14247830456213578,0.2761020768555585,-0.3313856362696795,7.5082475696832285,7.839578838657195,0.3403845733991988
2019-01-18,0.17858029364991135,0.2779379436103197,-0.3377491704053931,7.539821891390051,7.8775166944997315,0.3911788819689901
2019-01-19,0.1765111120379157,0.2797501827206233,-0.3422984407436564,7.535015678550097,7.877259751998039,0.3868640931537449
2019-01-20,0.15095235093053258,0.2815292392103472,-0.34505682566243534,7.508477589013658,7.85348004738038,0.3490376339056657
2019-01-21,0.11731739495445835,0.28326748122341866,-0.34650753286630104,7.47513016784679,7.821583333417378,0.2928652625975933
2019-01-22,0.08522984627791312,0.2849519620752858,-0.34695974014529,7.444274892743123,7.7911802655927,0.23023780303270164
2019-01-23,0.05890128004535772,0.28657483164095265,-0.3472341492963233,7.419294786925201,7.766474568925811,0.17049306175716028
2019-01-24,0.039159328626432954,0.2881304208079223,-0.3480223294123506,7.400320244557219,7.748288206673855,0.11964728102273539
2019-01-25,0.02526234310508029,0.28961540418919435,-0.3498517812581273,7.386078790571361,7.735876204533775,0.0802290518214071
2019-01-26,0.01589938051536936,0.2910343935493894,-0.35301720745558257,7.37496939114439,7.727932231304259,0.05180068750601167
2019-01-27,0.00980411826820232,0.2923982155138317,-0.3573794178115108,7.365875740505738,7.723200791021535,0.032442232147927824
2019-01-28,0.005942539053557937,0.29372101369839615,-0.3629216446767494,7.357794732610419,7.720662009991455,0.019830703463883916
2019-01-29,0.0035434814849212236,0.2950150045622178,-0.3693336963271005,7.350277614255252,7.71955694328664,0.011868634289503155
2019-01-30,0.002090101900599531,0.2962927254308528,-0.37624884642833933,7.343186805438327,7.719381284570953,0.007004766056049818
2019-01-31,0.0011708256954288093,0.2975592716498627,-0.3833678784545093,7.336415043425996,7.719728554584792,0.003919342931407054
2019-02-01,0.0003554810216074811,0.2988117618535867,-0.3906377858591717,7.329582281551236,7.720165700114695,0.0011882351095363062
2019-02-02,1.0541232043249136e-05,0.30005782286911376,-0.3980637352039479,7.323057453432423,7.721066821340657,3.51294348367079e-05
2019-02-03,-3.6550552251033956e-18,0.3013008643315971,-0.4054650675462854,7.316888621320525,7.722299321571097,-1.2130915167507849e-17
2019-02-04,5.482582837655094e-18,0.3025434424979687,-0.4126929862974157,7.310903280735767,7.723541899737469,1.8121638308825363e-17
2019-02-05,-2.0102803738068676e-17,0.30378670568472677,-0.41975360394252803,7.305085926277412,7.724785162924228,-6.617407332805272e-17
2019-02-06,0.0002695735848981954,0.30502615559296403,-0.42660519658495033,7.299743357128126,7.726294186417363,0.0008829916672078454
2019-02-07,0.0015019859435675398,0.3062576291070206,-0.4333884365372712,7.295424003048531,7.728758072290089,0.004880386737293813
2019-02-08,0.002613585722972515,0.3074675714083374,-0.4397941048773088,7.291339876789215,7.7310796143708105,0.008428715073021162
2019-02-09,0.0029892413784125185,0.3086395800845935,-0.4454772367444299,7.28720440925379,7.732627278702506,0.00959231358761653
2019-02-10,0.0027716134120558946,0.30975960173699296,-0.45017533089599454,7.283408708788269,7.733529672388549,0.008868277079888126
2019-02-11,0.002356467434168224,0.3108164796123426,-0.45365691454292356,7.280568857038801,7.734171404286012,0.0075244923177168735
2019-02-12,0.002205828741177814,0.3118011530111488,-0.4562997212406225,7.278760085046918,7.735005438991827,0.0070247761016908345
2019-02-13,0.0020798913044921805,0.31270977671874284,-0.4582700091759666,7.277572483382483,7.735788125262736,0.006607241328958298
2019-02-14,0.0018158603924382053,0.3135325009148049,-0.4598826931040422,7.276518492738415,7.736346818546743,0.005758268046520835
2019-02-15,0.0014605290945183364,0.31426174937726464,-0.4612546797002969,7.2755204233067,7.736720735711283,0.004625993140515323
2019-02-16,0.0010974110975615135,0.3148923969329179,-0.4625037991454458,7.274538833420247,7.7369882652699795,0.003472931941702565
2019-02-17,0.0007813110619368449,0.31542508152370385,-0.46380953786339846,7.273449679257456,7.737204849825141,0.0024708895210751826
2019-02-18,0.0005330360588108904,0.3158632972397855,-0.4651285340374468,7.272320623796364,7.737394790538097,0.0016847099751558816
2019-02-19,0.000441290632014732,0.31620308950492687,-0.46668050851498777,7.271016696157168,7.737642837376442,0.0013936474470946985
2019-02-20,0.000726001943872165,0.31644437973479705,-0.4685383711834436,7.269684835030439,7.7381688389181695,0.002288996658608842
2019-02-21,0.0010123958264542897,0.3165866217132774,-0.47061787185893483,7.268033970216011,7.738597474779232,0.0031876541504969828
2019-02-22,0.0013527732730807633,0.316630464350477,-0.4728298814968371,7.266206180661935,7.7389816948630585,0.004254228251749027
2019-02-23,0.0032779569592730953,0.3165744131229953,-0.4749605821183906,7.265944612499092,7.740850827321768,0.01024834350431726
2019-02-24,0.01464051433492076,0.3164200292578566,-0.47683691058823136,7.27527645753976,7.752059000832277,0.04422307223940705
2019-02-25,0.05031138863999267,0.31617039781262546,-0.47863861569481875,7.308895995293013,7.787480243692118,0.1372820983192226
2019-02-26,0.08500088982538934,0.315828675305547,-0.4799874948055708,7.341894894860579,7.821828022370437,0.2120624255788683
2019-02-27,0.09865883236644445,0.31539881389138175,-0.4804082507014856,7.354702220091554,7.835056103497327,0.23827318069863967
2019-02-28,0.09292042365677672,0.31488481583094546,-0.47950419914895,7.3493538648739865,7.828803696727222,0.22785490390830127
2019-03-01,0.07696146090826134,0.3142847254346474,-0.4771715057984316,7.335127505079691,7.812244643582409,0.19670852674026645
2019-03-02,0.058478725699844795,0.31359834189278685,-0.4737260560133713,7.319403836114474,7.793075524832132,0.1571683148284489
2019-03-03,0.04178161226720424,0.31282680876767466,-0.4695805561172164,7.306080689452877,7.775606878274379,0.11782464766423201
2019-03-04,0.02850758838785211,0.3119715884394036,-0.4652586378031247,7.296273363559345,7.761477634066756,0.083727846893602
2019-03-05,0.01876771244840615,0.3110356179860266,-0.4611913359027925,7.2896648190668545,7.750801787673933,0.05690576994381598
2019-03-06,0.012008138715318322,0.31002428577686536,-0.45781156830848363,7.285273680718914,7.743030881731684,0.03728860140171936
2019-03-07,0.007506393048221081,0.30895150902166313,-0.45503426697608174,7.282476459629017,7.737456359309385,0.023720036690894276
2019-03-08,0.006486365766890609,0.30783379560110774,-0.4528550843304017,7.2825179015728105,7.735318618607499,0.02063617471644312
2019-03-09,0.014007153274071272,0.30668863729048207,-0.4515901695759936,7.290158445523773,7.741694247804054,0.043677384256940385
2019-03-10,0.024130419607866188,0.3055301397946888,-0.45119865200528897,7.29951473193248,7.7506590166420555,0.07319777546819016
2019-03-11,0.029856340826585774,0.30437153469451045,-0.4513016358132467,7.303979064243063,7.755226332760596,0.08932929600811008
2019-03-12,0.029646502882106504,0.3032223126096813,-0.4513367863651425,7.302584853661859,7.753867272731288,0.08906362357286639
2019-03-13,0.025418980794129388,0.302092278145393,-0.45081736244096243,7.297746721033774,7.748509716179023,0.07761254033353157
2019-03-14,0.020328863769241468,0.3009894013882515,-0.4497179518822475,7.2926531378104595,7.7423167223969935,0.06326706562814707
2019-03-15,0.015390252093826912,0.29992006920276487,-0.4477554674538169,7.288607678377989,7.736308778536092,0.048809858270862976
2019-03-16,0.011092507332905066,0.29888985915189853,-0.44484930673480516,7.286185884285212,7.730980823724304,0.03578431721356918
2019-03-17,0.007671465145541559,0.29790306723351817,-0.4410477249327745,7.285579631981499,7.72657298961856,0.02510505402991256
2019-03-18,0.005126044156725988,0.29696009854331057,-0.43654676338190657,7.286592203853344,7.723084599939537,0.016968815950674086
2019-03-19,0.003328281414046263,0.2960566888323929,-0.4315876713906306,7.288850123391023,7.72038342748594,0.011117062460772775
2019-03-20,0.0021095690454371345,0.29518888712406244,-0.4264425798222917,7.291908700882422,7.7182969134090005,0.007095795493248038
2019-03-21,0.001310117277305229,0.29435162929978925,-0.42138343734945966,7.295331133762849,7.716660203816595,0.004431135554303482
2019-03-22,0.0007995791486655759,0.2935420068137935,-0.4167409417853639,7.298653468712309,7.71534004320196,0.002716500782759103
2019-03-23,0.0004807214925985708,0.2927592504528909,-0.4122877369778046,7.302005059502899,7.71423842918499,0.0016393450367944119
2019-03-24,0.0002852726866368522,0.2920061423838586,-0.40796448441805144,7.305379755187658,7.713289872309996,0.0009759872234634382
2019-03-25,0.00010370564805585029,0.29128201273722143,-0.4041082165947077,7.308330326325783,7.712384175624778,0.00035590504788820214
2019-03-26,3.663586665568807e-05,0.29058398966809673,-0.40072392280082914,7.310949527269138,7.711619082774253,0.00012606079347698312
2019-03-27,1.5484658986964897e-05,0.2899142617482196,-0.39774712975133075,7.31323544119109,7.7109282036467075,5.340831418248709e-05
2019-03-28,9.080798111950534e-06,0.2892713177787323,-0.395153320837323,7.3151799022747355,7.710278855816345,3.1390990045038664e-05
2019-03-29,5.270616021627005e-06,0.28865452382760315,-0.39289028575376533,7.3168223332250735,7.709658251683125,1.8258919749408867e-05
2019-03-30,9.746813933609055e-18,0.2880631659655287,-0.3909222643498297,7.318193726150913,7.709061623205029,3.3835682882050303e-17
2019-03-31,4.873406966804528e-18,0.2874944791978127,-0.3892981354644341,7.319249168268592,7.708492936437313,1.695130626648084e-17
2019-04-01,0.0008087207546945747,0.286939620466765,-0.38807893739898336,7.32072222835769,7.70874679846096,0.0028105140459251487
2019-04-02,0.004505957830702637,0.2863896286375703,-0.38712094804651964,7.324827462956967,7.711894043707773,0.015489949109950104
2019-04-03,0.007840757168917531,0.28583775786640364,-0.3862305059567893,7.328500833613746,7.714676972274821,0.026698436444949035
2019-04-04,0.008967724135237507,0.2852767893631351,-0.3850186826080416,7.330278655425545,7.715242970737873,0.030477115880997063
2019-04-05,0.008314840236167655,0.28469062817483115,-0.3832610350080218,7.330797257938191,7.714003925650499,0.028377764692447408
2019-04-06,0.007159260164137359,0.28407033975317286,-0.3809131032702964,7.331369321182228,7.7122280571568105,0.024582872641277228
2019-04-07,0.007118148204722611,0.28343087929945676,-0.37815083144979267,7.3334510205896,7.71154748474368,0.02449895725298967
2019-04-08,0.008997884248754693,0.2827522273985095,-0.37538500908585254,7.3374179270966255,7.712748568886765,0.030841065314255785
2019-04-09,0.016957896575091586,0.2820306685717943,-0.3726838493351191,7.34735754034698,7.719987022386387,0.056717542247010616
2019-04-10,0.02360055848171448,0.28126313629474803,-0.36993326237171137,7.355983256939965,7.725862152015963,0.07741347653422391
2019-04-11,0.025242033050648777,0.2804471290909221,-0.3668504212710946,7.3598915654056905,7.726687619381071,0.08257418376827726
2019-04-12,0.024714180550092783,0.2795823866094259,-0.36330122747247845,7.362048164222254,7.725295024399019,0.08121741490805937
2019-04-13,0.02548847940687913,0.27867356586120823,-0.359407530526918,7.365807339276383,7.725160502507588,0.08379901372774394
2019-04-14,0.024964808285931953,0.27772450342308286,-0.3550778645514944,7.368664271692734,7.7236877689485155,0.08247667598495002
2019-04-15,0.022051529658377974,0.27673821260462494,-0.3503578126235485,7.369484754174668,7.719788199502504,0.07380283369623718
2019-04-16,0.017779007091011365,0.2757172745599331,-0.3452543362415757,7.369294769944583,7.714494738890445,0.060576600803944634
2019-04-17,0.013438327297019685,0.27466476415182606,-0.3399030396027601,7.3692528763812994,7.709101548688346,0.046644162092949054
2019-04-18,0.009959885752969924,0.2735855440933012,-0.3346537748633017,7.369944479518184,7.704543887085771,0.035126243291488925
2019-04-19,0.007314462250996842,0.2724857224962029,-0.3295828172845648,7.371270191997849,7.7007986419867,0.02614173488700688
2019-04-20,0.005237460648204773,0.27137573886762595,-0.3246825078968761,7.372983516154169,7.697611656755331,0.018934239788166832
2019-04-21,0.0036389160872651394,0.27026425507288016,-0.31996528246256845,7.3749907132327905,7.694901628399646,0.013285410577220165
2019-04-22,0.003802168804699167,0.26915887787244797,-0.3154379255585369,7.378575945653824,7.6939595039166475,0.013929345783892365
2019-04-23,0.009378466827195113,0.2680695439773314,-0.3111072962212241,7.387393539118516,7.698446468044027,0.03380260972136732
2019-04-24,0.015595571323145485,0.2670081622222679,-0.30706406753563953,7.396592490544988,7.703602190784914,0.055185298253107945
2019-04-25,0.0184099153895631,0.2659797242380707,-0.3032021496122531,7.402240314550594,7.705388096867134,0.06473483145753187
2019-04-26,0.018710269352186816,0.2649882868265405,-0.2993338667617707,7.4054175139521705,7.704697013418228,0.06595123219590701
2019-04-27,0.016938825018017575,0.26403755014513464,-0.29521036058800765,7.406818839110358,7.7019748324026525,0.06028558453778133
2019-04-28,0.014444512128217256,0.2631309272796569,-0.2907893170146489,7.40783894692844,7.698573896647375,0.05203814919299196
2019-04-29,0.013567611500345338,0.2622710869207436,-0.2861728516464207,7.4107186713098825,7.69683715566059,0.04918675870357153
2019-04-30,0.012915662576397147,0.26145814228195857,-0.2814346576649895,7.4139919717285805,7.695372262097856,0.047073234936056675
2019-05-01,0.011792390404088395,0.26069028440366276,-0.276639015435203,7.416896483907762,7.693481132047252,0.0432775787026036
2019-05-02,0.010378891731986521,0.2599608117921082,-0.27187880085461025,7.4195137272046985,7.691338160763595,0.038392036377525564
2019-05-03,0.008632030677607783,0.25926625340080234,-0.26698519490393485,7.421965913709689,7.688896741317911,0.032221298868347015
2019-05-04,0.006730885404125877,0.2586093230259358,-0.2618572312042301,7.424535801761046,7.686338665669562,0.025367001269617235
2019-05-05,0.004960231252079829,0.25799017202100877,-0.2564707248644753,7.427532502943827,7.683948860512589,0.018863752214627157
2019-05-06,0.003486294574024914,0.2574037720321922,-0.25080351680843155,7.431139374332999,7.681888523845718,0.013363079013993527
2019-05-07,0.002357406841779551,0.25684750561475556,-0.24498969808838839,7.43526803890336,7.680203369696035,0.00909476143579977
2019-05-08,0.0015443822396418614,0.256319353180806,-0.23898809995274262,7.439928460002919,7.678862192659948,0.005989140881418396
2019-05-09,0.0009401449611737446,0.2558186596264536,-0.2328828156729085,7.444928813449932,7.677757261827128,0.0036615880132472318
2019-05-10,0.0006702191747724957,0.2553477434839944,-0.22667535886483264,7.4503954283291485,7.677016419898267,0.0026178599650282983
2019-05-11,0.0008579738753698662,0.2549079644792157,-0.22027365692456322,7.456545105965236,7.676764395594086,0.0033545275062404874
2019-05-12,0.0012581720891505352,0.2545008560587407,-0.21386741291975858,7.462944439763347,7.676757485387392,0.004919365303589613
2019-05-13,0.0023912698870237475,0.25412806008689426,-0.20750704004390422,7.4700651144652275,7.677517787213419,0.009321987108210845
2019-05-14,0.004241450552630297,0.2537907597365918,-0.20106176578637527,7.478023269038061,7.679030667528723,0.016437678644368302
2019-05-15,0.005386515289858211,0.2534878339493585,-0.19457787618994324,7.485349297584487,7.679872806478717,0.020807450818082874
2019-05-16,0.006048729018675298,0.2532123347253939,-0.1880715479945336,7.49224234028475,7.68025952098357,0.023330649544222846
2019-05-17,0.008554921079123467,0.2529569498610933,-0.18162051516287983,7.500944180312551,7.682510328179717,0.0327133183222844
2019-05-18,0.011777550890765157,0.25271530982807117,-0.1753496714366711,7.510196013817379,7.685491317958337,0.0445288045157674
2019-05-19,0.013149527634970824,0.2524806143906886,-0.1691990824203367,7.517483884140536,7.68662859926516,0.04950314574503597
2019-05-20,0.012321705120398768,0.2522472033942449,-0.16308701443358753,7.52253471861627,7.685567365754144,0.046572763177562766
2019-05-21,0.010232432837049133,0.2520094099493088,-0.15700874731914516,7.526285920002427,7.683240300025858,0.03901907006268732
2019-05-22,0.007808821999768204,0.25175979512433183,-0.15101647208838506,7.529604969570928,7.6805670743636005,0.030083844827954676
2019-05-23,0.00560376379744387,0.25149236789800844,-0.1452483068721139,7.532900649358552,7.678094588934953,0.02179637538880556
2019-05-24,0.0038388018653935057,0.2512031632154886,-0.13971588317216124,7.536378906443935,7.676040422320383,0.015051647928512853
2019-05-25,0.002536204804547481,0.25088991127506344,-0.13436181788036947,7.540117122734455,7.674424573319111,0.010007669469040678
2019-05-26,0.0016277751186150504,0.2505506221605711,-0.12921216996979532,7.544019051844605,7.673176854518687,0.0064548555156885385
2019-05-27,0.0010172666688902064,0.25018489487082535,-0.12418731372664028,7.548067672348289,7.672200618779216,0.004049593612789732
2019-05-28,0.0007151915428791402,0.24979685647486952,-0.11923372574356783,7.5523311468093945,7.671510505257249,0.0028549187495703564
2019-05-29,0.0008726527661772311,0.24939194354780733,-0.11446014003737122,7.556857280811827,7.671263053553485,0.0034869205594002272
2019-05-30,0.0010839663923491991,0.24897438624228152,-0.10983479574262801,7.561276381427216,7.671056809874131,0.004334853768844193
2019-05-31,0.0016610651853317998,0.24854753877151606,-0.10539533565191818,7.565866092840143,7.671207061196348,0.00663872128721151
2019-06-01,0.004090918390718806,0.2481141926465912,-0.10114383265216963,7.572114102920354,7.6732035682768105,0.016220600660680564
2019-06-02,0.006504452415399147,0.2476765301654312,-0.09707011108727356,7.578163696028771,7.675179439820331,0.025589846845960287
2019-06-03,0.0074180669178120304,0.24723590916579868,-0.09316497544319512,7.582541825175629,7.675652433323111,0.029129986626937453
2019-06-04,0.006942539304749703,0.24679316700664006,-0.08942006099554958,7.585368469851054,7.67473416355089,0.02736130206376896
2019-06-05,0.009414411475909495,0.24634747022409387,-0.0858277102995673,7.5909869959356495,7.676760338939504,0.036809282967944994
2019-06-06,0.024961755120267028,0.24589665249061304,-0.08238087102494081,7.609530361121153,7.69185686485038,0.09215794828169971
2019-06-07,0.03931940609993994,0.2454391072146092,-0.07907301141115962,7.626738326438604,7.70575697055405,0.13807982645458977
2019-06-08,0.04392678454200976,0.2449725247341695,-0.07589805026021033,7.634054083551183,7.70989776651568,0.15204876969787784
2019-06-09,0.04076563630996015,0.24449111985499547,-0.07285029891548651,7.633459281784683,7.706255213404456,0.1429085742193134
2019-06-10,0.03366079363676161,0.2439881322865557,-0.06992441311711398,7.628777337341417,7.698647383162818,0.12123509401242288
2019-06-11,0.025611183170823164,0.2434536661979455,-0.0671153529898622,7.623002320914121,7.690063306608269,0.09518591235870272
2019-06-12,0.01925001446224013,0.24289421292043162,-0.06441834972329473,7.618778702194591,7.683142684622172,0.07343291383692928
2019-06-13,0.02475800503020948,0.24231119726965278,-0.06182887775531733,7.626293149079759,7.688067659539363,0.09270258351395934
2019-06-14,0.05732935027962314,0.2417046700459248,-0.059342631478588294,7.6607442133821735,7.720032477565049,0.19171514404016865
2019-06-15,0.08648578310832494,0.24107475208224172,-0.056955505661769094,7.691657854064012,7.748558992430067,0.26402992368421196
2019-06-16,0.09490314801259471,0.24042358068395953,-0.054663578920286164,7.701715974311482,7.7563251859360545,0.2830169500101944
2019-06-17,0.08657783018906454,0.23975371849411792,-0.05246309968931436,7.694921273529082,7.747330005922683,0.2653063442331107
2019-06-18,0.07062630386138331,0.23907284201726162,-0.05035047424921394,7.680401496164645,7.730697603118146,0.22804810669080147
2019-06-19,0.05345970285358447,0.2383907030191973,-0.048322256434196006,7.664580973973799,7.712848863112282,0.18317501630231645
2019-06-20,0.038596802731366175,0.23770914710455146,-0.04637513872146004,7.650983635649672,7.697304407075418,0.1396886413567519
2019-06-21,0.026985660173883014,0.23703056837007397,-0.04450594445281873,7.640563108626353,7.685014685783457,0.10221212659050644
2019-06-22,0.01854327494186116,0.23635988749129536,-0.04271162098600271,7.633244365982367,7.675901619672657,0.0727463510646863
2019-06-23,0.012825447678599361,0.23570381134964596,-0.040989233609967236,7.628592849953492,7.669527716267746,0.05160538332084976
2019-06-24,0.009294086920349514,0.2350680170440127,-0.03933596008907006,7.626078968410506,7.665360561203863,0.03803407635459287
2019-06-25,0.007582126508049583,0.23445953156622193,-0.03774908572609969,7.625345396883386,7.663040115313772,0.03132570884026491
2019-06-26,0.006448680202361852,0.23388894052612427,-0.03622599885468867,7.625164446409011,7.661336077967986,0.02683175519011668
2019-06-27,0.0052800593045411225,0.23336504227154092,-0.03476418668851259,7.624933739422783,7.659643558815582,0.022125152662552328
2019-06-28,0.004081661505883,0.23289617306937652,-0.03336123146848993,7.624669427641983,7.65797629181476,0.01722381130369703
2019-06-29,0.002958839825749903,0.23248507910538216,-0.03200604266653159,7.624490700799814,7.656442376170633,0.012567068366778974
2019-06-30,0.0018314430435391927,0.23213073743424006,-0.030702128145456437,7.624312876867537,7.65496063771728,0.007827944840483035
2019-07-01,0.0012517682159859,0.23182966059818014,-0.029448302116373202,7.6246859512330065,7.654079886053666,0.0053705188884178535
2019-07-02,0.0008313331988493962,0.23158322258206634,-0.028252197072949008,7.6252151832431805,7.653413013020416,0.0035769411948236482
2019-07-03,0.0008952960077704404,0.23139255445923668,-0.027103457914992066,7.626237217087229,7.653286307706508,0.0038542524112667844
2019-07-04,0.01267036787481387,0.23125594530826357,-0.025999000496877585,7.638980137221414,7.664924770422578,0.0519434238540071
2019-07-05,0.06333372211156664,0.23116906405309218,-0.024938861927945078,7.6906167487719275,7.71550124340416,0.21505304902669498
2019-07-06,0.11590012499418886,0.23112652534284048,-0.02393252783392091,7.744146947038322,7.76802510757653,0.3339804734928215
2019-07-07,0.1389840256517315,0.23111997141720947,-0.022966933421819165,7.768189888182336,7.791102454308441,0.3755269512148563
2019-07-08,0.13359675146495104,0.23113804450361214,-0.022036039554265995,7.763751580949511,7.785733253208064,0.3662846345936949
2019-07-09,0.11230033336564715,0.23117122925943573,-0.021147253930655956,7.74337713322964,7.764470019864583,0.32695671370100826
2019-07-10,0.08628448676920406,0.23120561836738607,-0.02029448527893505,7.718248444392869,7.738488562376091,0.27177063276376084
2019-07-11,0.0621782973885068,0.23123713280487593,-0.019468673008797118,7.6949995817198,7.714413887432883,0.2119121593146163
2019-07-12,0.04280811672151076,0.23125958502649943,-0.018673958858375375,7.676446567424849,7.695066158987511,0.15619540882956873
2019-07-13,0.028782094642101793,0.23126717766915256,-0.017911165049574507,7.663190931796894,7.681047729550754,0.1106793892799375
2019-07-14,0.019769571528976626,0.23125664097321894,-0.01717670254759334,7.654902334489816,7.672024669741696,0.07875500861808889
2019-07-15,0.016410314826214537,0.23122597107891624,-0.016474842401458988,7.652214268038886,7.668634743144631,0.06626781194942212
2019-07-16,0.014911658089578318,0.23118267527513484,-0.015811443080398592,7.6513357148195285,7.6670927906042134,0.060593260664312656
2019-07-17,0.013152036288854392,0.2311384114037869,-0.01516682003109095,7.650176452196765,7.665288904932142,0.05383770185480964
2019-07-18,0.011492270724195444,0.23109858802057265,-0.014556466903847721,7.6490872163761345,7.663589315984269,0.04737305759854109
2019-07-19,0.009950150110070822,0.23106932975008923,-0.013970873580302984,7.648101430815071,7.662017937099661,0.04128359299357843
2019-07-20,0.009620921556513765,0.23105561315927947,-0.013409034250103535,7.6483203250009035,7.661674991955294,0.039974489278212295
2019-07-21,0.010512503017610812,0.23106151350832735,-0.01286998339265841,7.649756857668494,7.662572473765438,0.04351669591287385
2019-07-22,0.011169791169342292,0.23109329708434226,-0.012342991615924193,7.650972921172974,7.663261545493185,0.046106038067367086
2019-07-23,0.011026797796610407,0.23114883570403486,-0.011841665302410263,7.651386792733449,7.663174090740146,0.04553223475548802
2019-07-24,0.013050019772294835,0.2312333669047891,-0.011359178804695908,7.653977032407602,7.665281843916585,0.053421642584092474
2019-07-25,0.017907736349184356,0.23135055129087548,-0.010894964636673825,7.6594161475386,7.67025674487956,0.07184409601274294
2019-07-26,0.02145910320510171,0.23150749978645482,-0.010445769926464694,7.663573657600305,7.673965060231057,0.08482978761357667
2019-07-27,0.021453320667556775,0.23170663873943675,-0.010015485845824665,7.664197298096383,7.674158416646494,0.0847421555834083
2019-07-28,0.018693792900811444,0.23194119776477268,-0.009604849313051174,7.6620829658877465,7.6716334479050845,0.07458572664243075
2019-07-29,0.014777539090669487,0.23219791324167324,-0.009207793304918941,7.6588204835626374,7.6679739095718435,0.05983403998703515
2019-07-30,0.010892320358132404,0.23246943597679523,-0.008824797361770416,7.655589783508371,7.664360213574428,0.0447577323658932
2019-07-31,0.0075937837096617024,0.23275561418383003,-0.008459633243663292,7.652942589185042,7.661347855132992,0.03159476901634181
2019-08-01,0.005102829059525554,0.23305589000053809,-0.008109995533186072,7.651101548062091,7.659157176299564,0.021426169403601054
2019-08-02,0.0034101911719033717,0.23336955593546607,-0.0077854456355510564,7.650047126007032,7.65777820434687,0.01440237694973547
2019-08-03,0.0027792156076409625,0.23369706284969144,-0.007467262133234843,7.650061840859311,7.657474735696833,0.011752619018581259
2019-08-04,0.003264903624630414,0.234046227037421,-0.007158395876476041,7.651205559320789,7.6583095879015515,0.013757903455779652
2019-08-05,0.00402422110958758,0.23442441957232024,-0.006863505107371099,7.65263796010975,7.659447097921408,0.016876678760169236
2019-08-06,0.004243991170302206,0.23483895159927,-0.006577355466824435,7.653558411837961,7.660081400009073,0.017751124865451228
2019-08-07,0.0038702940375644123,0.23529044608302088,-0.006314696159755646,7.653898868496044,7.660159197360086,0.01618281510423911
2019-08-08,0.0031620047169496628,0.23577957751484158,-0.0060575234671617455,7.653936883299844,7.659940039471292,0.01323337983876863
2019-08-09,0.002366080808444751,0.23630664175763008,-0.005815844391620665,7.653909702709668,7.659671179805575,0.009913494860267153
2019-08-10,0.0016594938357611005,0.2368743859609643,-0.005583917864347883,7.654002786467592,7.659532337036226,0.006957057157563082
2019-08-11,0.002754535831695817,0.23748135532843923,-0.005361346391095058,7.655927369304254,7.661234348399636,0.011465962968288175
2019-08-12,0.009772476204859718,0.2381200992032893,-0.005147748767760049,7.663797651175603,7.668891032647649,0.03942222226208097
2019-08-13,0.01617722620139651,0.2387846121833867,-0.004932399999939651,7.6710822629200575,7.675960295624284,0.06344959819822985
2019-08-14,0.018341221221993883,0.23947153891206724,-0.0047274288948872326,7.674138155774388,7.678811217373561,0.07114163477578284
2019-08-15,0.017327769040203736,0.24017771205475877,-0.004527986478341623,7.674030319151835,7.678503938334463,0.06729087461176651
2019-08-16,0.01459213672863453,0.24089520139313733,-0.0043332166504348795,7.6722069460065505,7.676485795361272,0.05711491158782804
2019-08-17,0.012109532034509807,0.24160798878461387,-0.0041494837097470665,7.670620861644591,7.674715978058624,0.04772840281354769
2019-08-18,0.012905554623158339,0.24230500055065504,-0.003973217974557004,7.6722901617344705,7.676209012413314,0.050568263582863565
2019-08-19,0.014716854954442192,0.242977337532566,-0.003800372040183075,7.674946644982039,7.678692649726509,0.057109765697122374
2019-08-20,0.015507097106053929,0.24361982684359593,-0.0036455215111446996,7.676534226973719,7.68012538118915,0.059843635195033086
2019-08-21,0.014864913411272138,0.2442277026311939,-0.003492340671480918,7.676653099906199,7.680091073281966,0.05737297202184927
2019-08-22,0.014284366906722504,0.2447976267351732,-0.0033438868110565807,7.676790931366053,7.6800804508813965,0.05513454140879594
2019-08-23,0.013599654186452518,0.24533132233134122,-0.0031992989893450926,7.676784502063662,7.6799294337572945,0.052522314515420485
2019-08-24,0.012895769514718103,0.24583132561844737,-0.0030606284482084653,7.676719291220171,7.679725552372666,0.049843134937532216
2019-08-25,0.01218638916457873,0.24629910079630019,-0.00293171637957186,7.676606598116521,7.67948394720038,0.047145351046293194
2019-08-26,0.010850232642674087,0.24673470437187153,-0.0028054924020058146,7.675832269147754,7.678583394254046,0.042122931443236464
2019-08-27,0.008920321212159856,0.24713722885611866,-0.002684067587896618,7.674426307015596,7.677056007307779,0.034837173165880975
2019-08-28,0.006778738432900672,0.2475054003467385,-0.0025663795557137833,7.67277058375914,7.67528259601914,0.026658125298074837
2019-08-29,0.004912702430287536,0.24784971260941255,-0.0024613986383652904,7.671353840936549,7.673760872279201,0.019436047995964604
2019-08-30,0.0034000966945718822,0.24817702176861328,-0.002354711533145462,7.670275231465253,7.672575575702686,0.013515126953286253
2019-08-31,0.002265123306415204,0.24849211963481682,-0.0022517312348513713,7.669558336241595,7.671755700180732,0.009033132123509839
2019-09-01,0.0014668098551215666,0.24879949530984619,-0.002162752248295219,7.669156377451887,7.671264762404468,0.0058609961662825175
2019-09-02,0.0009267453540415971,0.2491046421135857,-0.0020755815489567875,7.6690086304538845,7.671029844707128,0.0037065160635545687
2019-09-03,0.0005463249672583366,0.24941123420247785,-0.0019873433061893633,7.669023040398761,7.670956016409237,0.0021856709157867444
2019-09-04,0.001495433045774111,0.24972112506660094,-0.0018991130743147497,7.670370269573274,7.672215015351876,0.0059527646466088786
2019-09-05,0.011551685651604353,0.25003480076905926,-0.0018132827656053725,7.680826028190272,7.682584943660164,0.04416010096571963
2019-09-06,0.03919346985955564,0.2503504990399758,-0.0017417777355630852,7.708855015699182,7.710542426139032,0.13536275685008428
2019-09-07,0.06405761969969201,0.2506712867915072,-0.0016654675308312523,7.734116263495582,7.7357273637307,0.20353268599903218
2019-09-08,0.07461209158584885,0.2509979884377189,-0.0015904429303393434,7.7450724616284425,7.746608537263068,0.22914552147909056
2019-09-09,0.07815539673775011,0.25133111097446265,-0.0015167906165694793,7.749022541630858,7.750484964951713,0.2372036332547319
2019-09-10,0.07550621209016767,0.25166331519788765,-0.0014469998320532516,7.746775351991216,7.748167984527556,0.23078620040211897
2019-09-11,0.06625922887609997,0.25198742100927557,-0.0013798212577088777,7.737919653162881,7.7392451071248765,0.20820086841437258
2019-09-12,0.0533140674791347,0.2522980968527272,-0.001315302606625133,7.725349686260451,7.726610621571362,0.17445008314931262
2019-09-13,0.040028832280800106,0.25258754260084026,-0.0012546872533745353,7.7124145121634795,7.713614832121141,0.13679628249441358
2019-09-14,0.028471951666828584,0.25284928474531065,-0.0012053517805217945,7.701168709166831,7.702319693651639,0.1012079714633303
2019-09-15,0.019407411178404096,0.253080925796721,-0.0011477299408082858,7.69239343156953,7.693486794214626,0.07122290588230115
2019-09-16,0.012785663461582584,0.2532835031024069,-0.001090306377897604,7.686031684721306,7.68706762380349,0.04805390878881728
2019-09-17,0.008192959353223605,0.2534634567136686,-0.0010474791823630039,7.681661761419743,7.682654873306393,0.03131189930817169
2019-09-18,0.005131037576338289,0.2536312851062823,-0.0010063532346422433,7.678808793983192,7.6797607799221215,0.019829152571920812
2019-09-19,0.0031522509395588713,0.25379435087994595,-0.0009668601297174573,7.677032566225002,7.677945059059005,0.012268116866449968
2019-09-20,0.0019052110879689715,0.25396650592133413,-0.0009289342478291942,7.675995607296688,7.676870174248804,0.007445962024398738
2019-09-21,0.0010960479606067612,0.2541620019012493,-0.0008890321880654042,7.675421842209005,7.676256507101357,0.004293882058567535
2019-09-22,0.0004823312809740766,0.25439263565654974,-0.0008453532951170554,7.675082438177621,7.675873424177024,0.0018924231232654086
2019-09-23,0.00025903925717327776,0.25467093262533796,-0.0008007608765955479,7.6751820355411295,7.675928429122012,0.0010161192709528103
2019-09-24,0.0014986842354829737,0.25500485326132843,-0.0007602973937890397,7.6767960646382365,7.677501994736312,0.005842742950481155
2019-09-25,0.007536282797945815,0.25540178368159006,-0.0007218912928188063,7.683268999721931,7.683936523719036,0.028661817206039105
2019-09-26,0.013067928614862516,0.25586655886825654,-0.0006885078112613714,7.689298804207072,7.68993294472262,0.0485914942972228
2019-09-27,0.014946206892062504,0.25640043687966235,-0.0006528806446014245,7.691746587662338,7.692345101011226,0.055081598520290764
2019-09-28,0.013858067060279408,0.2569980681693445,-0.0006183895102653523,7.691290570254573,7.691854592469125,0.05116394003233836
2019-09-29,0.011333047862677399,0.2576493008055353,-0.0005839488932327713,7.689451224310194,7.689980805907713,0.04213305415314301
2019-09-30,0.009244696693004997,0.2583434452178598,-0.000551869286792014,7.688089097159287,7.688586599150366,0.034548230078463124
2019-10-01,0.012115506984572947,0.25906793506865,-0.0005302923151299621,7.691705974273307,7.692181899292724,0.04467642601200975
2019-10-02,0.02303130980161164,0.2598062574006183,-0.0005095680790836904,7.70338082365836,7.70383602444173,0.0814294580081159
2019-10-03,0.033195400577000295,0.26054137987250503,-0.0004896624769602616,7.714299942507759,7.7147352376890055,0.11301070477521194
2019-10-04,0.03637383540518079,0.2612592874500762,-0.00046591504902986016,7.718220032341441,7.718631580094757,0.12221030729456102
2019-10-05,0.03423858664257432,0.26194877876161915,-0.0004426029306472846,7.71679758700876,7.717185822643694,0.11559772847113337
2019-10-06,0.032380829492877586,0.26260757079929953,-0.0004253316398484114,7.715615893187542,7.715986857531678,0.10976983996931863
2019-10-07,0.03017851317494882,0.2632334327310958,-0.0004030589335274807,7.714061711507731,7.714410403145545,0.10285373038155879
2019-10-08,0.026232603647342954,0.2638236473158839,-0.0003833735216235975,7.710725701976817,7.711054708202727,0.0904397114705475
2019-10-09,0.021095756186280297,0.26437641415649854,-0.00036177000052353133,7.70616322487747,7.706470627582279,0.0738977679013324
2019-10-10,0.015873954290166793,0.26488982242451375,-0.0003397653986904944,7.701476835851204,7.701762233954181,0.05653846972680638
2019-10-11,0.011278222951374546,0.26536198018176865,-0.0003240625150011022,7.697368965153356,7.697638660372643,0.04076856083693117
2019-10-12,0.00798456533635054,0.2658008382924227,-0.0003056649356159954,7.694532563228371,7.694783860868274,0.02916359028101018
2019-10-13,0.006600619142306817,0.2662176189047662,-0.000287191119530534,7.6935838714627565,7.693816695286573,0.02419420046678816
2019-10-14,0.005979550661192648,0.2666238817143839,-0.0002715482386027945,7.693384708672188,7.693601889615077,0.021934979354751423
2019-10-15,0.013903305088823878,0.26702949266451687,-0.0002572324434071535,7.701728389845147,7.701931254992841,0.04948978972911163
2019-10-16,0.05820981596116804,0.2674441043324828,-0.00024160115567105502,7.746465143673194,7.7466523775331515,0.17874747495340668
2019-10-17,0.12257619685695009,0.26787808946197744,-0.00022804359501775448,7.8112790672591235,7.811452743558428,0.31393226083534004
2019-10-18,0.1610092213759912,0.2683366264600902,-0.00021219788052965187,7.850186474490766,7.850344305075582,0.3750105472953412
2019-10-19,0.16282231868081895,0.26882386612432757,-0.00019633030045329946,7.852502679039907,7.8526446420446465,0.3772124587509562
2019-10-20,0.1410648448687203,0.26934385980918224,-0.00017826915621253742,7.831283260056904,7.831407161917403,0.343717965191384
2019-10-21,0.11053583327447482,0.26989938615701903,-0.00016377962689445813,7.801324264339813,7.801433676670994,0.2905509995621721
2019-10-22,0.08072431164022835,0.2704930860746443,-0.0001543056125367195,7.77211591663755,7.772215854954373,0.22984143771192803
2019-10-23,0.05753963795160768,0.2711279776108301,-0.00014561825538600187,7.749574821842265,7.749666072801938,0.17506938690367183
2019-10-24,0.04605762662859467,0.2717985840714055,-0.00013697884696172463,7.738772056388252,7.738854667939501,0.14490082332248305
2019-10-25,0.039975461714406385,0.27249583169693065,-0.00013165871805061446,7.7333924592285,7.733469750650838,0.12793322957121284
2019-10-26,0.03391870879500741,0.2732086471930683,-0.00012123952784529153,7.728058940995444,7.728125813227576,0.11043857909005121
2019-10-27,0.027109285998345545,0.2739396094318166,-0.00011043062486021287,7.721991289340516,7.722047352669662,0.09004944515610888
2019-10-28,0.02049325284780695,0.2746957963527579,-0.00010115380485329245,7.716140719930926,7.716187506440066,0.06942416361076763
2019-10-29,0.015080598349312534,0.2754746482503699,-9.187769997928638e-05,7.7115161934349175,7.711553703839183,0.051902688131768945
2019-10-30,0.01086838503860925,0.276272573674464,-8.831256717563434e-05,7.708105470681112,7.708139415952574,0.03785034739495151
2019-10-31,0.0076169690481362705,0.27708671079045705,-8.209455821804615e-05,7.705674409815589,7.705702137078093,0.026754023876525056
2019-11-01,0.00490652682933886,0.27791466980582724,-7.891108136143777e-05,7.703795110089018,7.703819653874667,0.01734851166642996
2019-11-02,0.0030505977447932192,0.2787543638105766,-7.496316121527729e-05,7.702782822929368,7.70280341879487,0.010825209492253135
2019-11-03,0.002002864106581818,0.2796058715336205,-6.636945620884701e-05,7.702595190719207,7.702607192879703,0.007112222928839749
2019-11-04,0.0012822918846644182,0.28047423667358756,-6.379789867854712e-05,7.702745555194787,7.702754985797752,0.004551063612353208
2019-11-05,0.0008035159022742018,0.2813628138847519,-6.132694287729663e-05,7.703157827379362,7.703164787026527,0.002847667554384256
2019-11-06,0.0004943144577251006,0.28227372988851096,-5.343389677469764e-05,7.703767434984675,7.703766501585736,0.0017481270165020345
2019-11-07,0.00029930107700432677,0.28320970939533924,-4.739664396879562e-05,7.704514438363589,7.704507467711844,0.0010557021680040173
2019-11-08,0.00017873611590492314,0.28416167352790894,-4.054966582569048e-05,7.705352684513202,7.705338866883315,0.0006285990659182823
2019-11-09,5.39203557022737e-05,0.28511577894337103,-3.541371769790237e-05,7.7061871101165895,7.706168156538574,0.000189081644490302
2019-11-10,0.0011043889742052017,0.2860630841400712,-3.404333838449271e-05,7.708186254311106,7.708165930353777,0.0038458010659365915
2019-11-11,0.006113286294889846,0.28699646739949525,-3.0113979325057885e-05,7.714132464250274,7.714108210933886,0.020856645737091194
2019-11-12,0.012401811457314792,0.28791001720214976,-2.39503285818027e-05,7.7213407028660965,7.721310285898965,0.04129644680555589
2019-11-13,0.020844023069689376,0.2887980252001165,-1.785999351758013e-05,7.730677012811502,7.730640505509307,0.06731651332937504
2019-11-14,0.026021991296881035,0.2896569971619772,-1.2901683542790267e-05,7.736718911310529,7.7366774456983585,0.08243181284861607
2019-11-15,0.025932930112360555,0.29047922440708324,-1.2402653413815126e-05,7.737452576401244,7.7374106117589445,0.08195933608096258
2019-11-16,0.022358141761764403,0.2912565642622067,-1.1923107762901998e-05,7.7346556074514226,7.734613163263472,0.07129175173327318
2019-11-17,0.017491757560857486,0.29197911409696037,-9.697300564216733e-06,7.730513998892468,7.7304693288973185,0.056521498993282106
2019-11-18,0.012774907806309285,0.29263968781777056,-9.322570573323618e-06,7.72645809758872,7.72641305286358,0.04182808545939077
2019-11-19,0.008866159700550692,0.29323218224736525,-6.450217124429139e-06,7.723144716266005,7.723096799187417,0.029348587759145284
2019-11-20,0.005916766143969043,0.2937514139239098,-2.0297257261460087e-06,7.720718974877366,7.720666637307379,0.019744392423075473
2019-11-21,0.0038278225304441914,0.2941945572184786,-1.951326679386605e-06,7.7190732529574575,7.719020836988423,0.012844077460454637
2019-11-22,0.0024148545892646966,0.2945648706280173,4.678470688132347e-18,7.718032549752496,7.717978182456783,0.008131378623567297
2019-11-23,0.0014920994960249884,0.2948675092145742,4.6784706881323474e-17,7.717412433245813,7.7173580659500995,0.005034759974602517
2019-11-24,0.000905976521000295,0.2951118426996109,4.2106236193191126e-17,7.717070643755825,7.717016276460112,0.003060547244708617
2019-11-25,0.0005419683901290836,0.29530624778754155,-3.274929481692643e-17,7.716901040712885,7.716846673417171,0.0018319136654980077
2019-11-26,0.0003200827341624786,0.29545434185927744,4.6784706881323474e-17,7.716827249128654,7.716772881832941,0.0010821852991598309
2019-11-27,0.00015056338581242833,0.2955653733531748,9.356941376264695e-18,7.716768761274201,7.716714393978488,0.0005091487035591276
2019-11-28,8.432985634589744e-05,0.2956416679958358,-4.6784706881323474e-17,7.716778822387395,7.716724455091682,0.00028516213305010006
2019-11-29,-2.893585386540188e-18,0.29568759465178907,4.678470688132347e-18,7.716740419187003,7.71668605189129,-9.785954632110166e-18
2019-11-30,-2.436703483402264e-18,0.2957063490880887,3.274929481692643e-17,7.716759173623303,7.71670480632759,-8.240281248328517e-18
2019-12-01,-3.6550552251033956e-18,0.2957011249929793,-9.356941376264695e-17,7.716753949528193,7.716699582232479,-1.2360640241697342e-17
2019-12-02,-3.6550552251033956e-18,0.29567479642661293,-5.678154758306809e-09,7.716727615283672,7.716673253666113,-1.236174090344081e-17
2019-12-03,0.0005391471697963725,0.2956258533841787,-2.8688122899949786e-06,7.717214956276899,7.717163457793475,0.001820428371981499
2019-12-04,0.003003971887135092,0.29554814610455643,-6.588802811574236e-05,7.71953905449879,7.719550575231192,0.01006180062409971
2019-12-05,0.005227171445945003,0.29543930769667415,-0.0004108299489226596,7.72130847372891,7.72166493638212,0.017385281727616633
2019-12-06,0.005978482756825008,0.2952895353726627,-0.0013544906080624846,7.720966352056639,7.722266475368988,0.019844398997093022
2019-12-07,0.00554322682411175,0.2950911518935288,-0.003244958079137403,7.718442245173717,7.721632835957141,0.01843843291561148
2019-12-08,0.004892650591601873,0.2948401327939551,-0.006508775842126223,7.714276832078645,7.7207312406250574,0.016323374895258893
2019-12-09,0.005682555029632186,0.294526429127504,-0.011564827625394139,7.709696981066956,7.721207441396636,0.01892866412904488
2019-12-10,0.007404159034533561,0.2941465003373994,-0.018650388397471948,7.703953095509675,7.722549116611433,0.024553615800260154
2019-12-11,0.008238134093457233,0.29370119576220827,-0.027613146937164906,7.695379007453715,7.722937787095166,0.027284070933704677
2019-12-12,0.007758041842153094,0.2931872330663064,-0.03790943041776292,7.68408866902591,7.72194373214796,0.0257789122773664
2019-12-13,0.0064775086555358945,0.29260335923133446,-0.0489430451972974,7.671190647224787,7.72007932512637,0.021658050885374796
2019-12-14,0.004966009536401575,0.2919470675673066,-0.06035535664519112,7.657610544993731,7.717911534343209,0.016725465866452918
2019-12-15,0.00357703625327795,0.2912265428432617,-0.07201742964130328,7.643838973990451,7.71580203633604,0.01213362559654194
2019-12-16,0.0026375750606201466,0.2904436367195308,-0.08386633673403597,7.630267699581329,7.714079669019651,0.00899946825181913
2019-12-17,0.004965526861273536,0.2895986880556823,-0.09584248047834223,7.619774558973828,7.715562672156456,0.01685719652902654
2019-12-18,0.017244303289372674,0.2886958531546974,-0.1078988014934217,7.619094179485862,7.72693861368357,0.056364955453388356
2019-12-19,0.033311890009163805,0.2877380931694087,-0.11988029935689115,7.622222508356895,7.742048440418073,0.10375920185186638
2019-12-20,0.04279892627310418,0.2867308641724263,-0.13144476134044722,7.619137853640297,7.750528247685031,0.12987877731855207
2019-12-21,0.04571415506331491,0.2856841356105371,-0.1421808386842504,7.610270276524815,7.752396747913353,0.1379432433714778
2019-12-22,0.042672450133976365,0.28460321299624025,-0.1517802649943287,7.596548222671101,7.748274120369717,0.13038687241769586
2019-12-23,0.03572658119426682,0.28348903820432575,-0.16011615779930716,7.580152286134499,7.740214076638093,0.11191990310993015
2019-12-24,0.027555180293944954,0.28234681374811005,-0.16729973821252467,7.563655080364744,7.730900451281555,0.08891578893876237
2019-12-25,0.02005598341007188,0.28117769075545745,-0.17368646106257749,7.548600037638166,7.72223213140503,0.06657948672448559
2019-12-26,0.01447682294016975,0.2799849886903964,-0.17974997017015684,7.5357646659956234,7.715460268870067,0.04916366866047972
2019-12-27,0.011062745541540039,0.27876910901595275,-0.1858799684278476,7.525004710664859,7.710830311796993,0.03816952956544522
2019-12-28,0.00867940974265623,0.27753463345814994,-0.1921883743350966,7.515078493400924,7.707212500440306,0.03032489127924029
2019-12-29,0.00666341785011368,0.27628715742206666,-0.19850777376963497,7.505495626037759,7.703949032511681,0.023549758977177895
2019-12-30,0.00491844012434559,0.2750421843397,-0.20463409130360063,7.496379357695659,7.700959081703546,0.017568328166724916
2019-12-31,0.0034855312305450085,0.27381151888318006,-0.2105870941547223,7.487762780494217,7.698295507353226,0.012569665739738386
2020-01-01,0.0023811060438429146,0.2726062563972433,-0.21658955034588603,7.479450636630414,7.695985819680587,0.008658965352827976
2020-01-02,0.0015700321054646505,0.2714340126618714,-0.22267325099160734,7.471383618310942,7.694002502006836,0.005750948147316605
2020-01-03,0.0009333908470529456,0.2703011551432223,-0.22945640835771042,7.462830962167779,7.692233003229775,0.00344126830763811
2020-01-04,0.0011733815788964495,0.26920956563134474,-0.2368468441553206,7.454588927590135,7.691381404449742,0.004339702599602427
2020-01-05,0.0038456892260661144,0.26816783676406664,-0.24476558589411046,7.448300764631236,7.693011983229633,0.014137860284953684
2020-01-06,0.006283693905221968,0.26718068180435284,-0.2531919640783796,7.441325236166409,7.694462832949076,0.022978107802587744
2020-01-07,0.007087749431559684,0.2662537849751734,-0.2618179919723211,7.432576366969625,7.694339991646234,0.025930012601060072
2020-01-08,0.006624629751308308,0.2653875093530388,-0.27066682619642213,7.422398137443139,7.693010596343847,0.024354169534937638
2020-01-09,0.0058294677665244555,0.26458540015214016,-0.2795308121851605,7.411936880268718,7.691413325158165,0.021557497231542176
2020-01-10,0.004873349893209786,0.2638443319954886,-0.28812003057054447,7.401650475853367,7.6897161391281985,0.018135575816809496
2020-01-11,0.003827245839683882,0.2631495574995442,-0.29639071616144763,7.391638911712994,7.687975260578728,0.014335499533346641
2020-01-12,0.002835913203164713,0.26249079389517754,-0.30431244556657816,7.382067086066978,7.686325164337843,0.010688382010913034
2020-01-13,0.0038048956568879637,0.2618555886056246,-0.31199454615698813,7.374718762640739,7.686658941502013,0.014322399763181016
2020-01-14,0.01200834091310266,0.2612337202303904,-0.3193955112294771,7.37489937444923,7.694240518382993,0.04394762966890548
2020-01-15,0.021828255707169533,0.2606182204514179,-0.326554923278937,7.376944377414865,7.703444933398088,0.07728280417601475
2020-01-16,0.026603445275177086,0.2600105529318681,-0.3336825285466652,7.373984294195594,7.7076124554465455,0.09281976959115304
2020-01-17,0.025813867724677562,0.25940478688521246,-0.340513530182664,7.36575794896244,7.706217111849391,0.09050553779515114
2020-01-18,0.021800179249069886,0.2588002946605947,-0.3467068628029509,7.354946435641928,7.7015989311491655,0.07769117045785229
2020-01-19,0.016791073703270695,0.25819443480205195,-0.35205468502324455,7.343983648017292,7.695983965744823,0.06106166755673121
2020-01-20,0.012116969632459442,0.25758455434331007,-0.3566992998112176,7.334055048699765,7.69069998121527,0.04492733097625378
2020-01-21,0.008309362780342451,0.25696444058555357,-0.36059996751647133,7.325726660384639,7.686272260605397,0.03132372166007371
2020-01-22,0.0055052464392421835,0.25633260527042523,-0.3639030281080135,7.318987648136868,7.682836308949168,0.021025403329945375
2020-01-23,0.0035404465207202825,0.2556874632636494,-0.36676402856605966,7.313516705753524,7.68022636702387,0.013657659484525754
2020-01-24,0.002222458900186197,0.2550296145778192,-0.3693891055905311,7.308915792422688,7.678250530717506,0.00863922638266398
2020-01-25,0.0013644008043754237,0.2543662136512306,-0.37208365862384063,7.304699780366979,7.676729071695107,0.00533530491560399
2020-01-26,0.0008255465578619763,0.25370602981313456,-0.37493384152937786,7.300650559376833,7.675530033610497,0.0032433954546318756
2020-01-27,0.0004923556220259855,0.25305587502833554,-0.37789173372085616,7.29670932146472,7.674546687889862,0.0019418617939595685
2020-01-28,0.0002900085751471461,0.2524131518450662,-0.3808833353200203,7.292872649635407,7.673701617659714,0.0011476254379442605
2020-01-29,0.0001689779072158746,0.251778851465287,-0.38406493549815435,7.2889357184095624,7.672946286612003,0.0006706861005182232
2020-01-30,3.6894312151342734e-05,0.2511540705592287,-0.38756358335108915,7.284680206055505,7.672189422110881,0.0001468775446212172
2020-01-31,1.0965165675310187e-17,0.25054252804793004,-0.39152457936147694,7.2800707732216665,7.671540985287431,4.376568625192645e-17
2020-02-01,9.746813933609055e-18,0.24994509835299544,-0.39605124150125104,7.274946681386958,7.670943555592496,3.8995819473297726e-17
2020-02-02,-2.436703483402264e-18,0.2493633823116561,-0.4012327249475091,7.269183481899361,7.670361839551156,-9.771697274930506e-18
2020-02-03,1.5229396771264148e-17,0.24879607785525995,-0.40715978420245713,7.262689118188017,7.66979453509476,6.12123667806533e-17
2020-02-04,-3.6550552251033956e-18,0.24824334531998707,-0.4141090116131667,7.255187158242034,7.669241802559488,-1.4723678575923188e-17
2020-02-05,-9.746813933609055e-18,0.24770337657889968,-0.4218861007682202,7.246870100345894,7.6687018338184005,-3.934873261812179e-17
2020-02-06,2.4976210704873204e-17,0.2471679972095332,-0.4302559859045745,7.237964835840173,7.668166454449033,1.0104953305787387e-16
2020-02-07,8.22387425648264e-18,0.24662758329391266,-0.4389186463496313,7.228761761479495,7.667626040533413,3.334531420470528e-17
2020-02-08,8.376168224195282e-18,0.2460732580851344,-0.4481682693854397,7.218957813234908,7.667071715324635,3.40393275131805e-17
2020-02-09,1.538169073897679e-17,0.24550220193045347,-0.45770184407927267,7.208853182386394,7.666500659169954,6.265398280759272e-17
2020-02-10,5.3302888699424524e-18,0.24490906487281108,-0.4672845876861263,7.198677301721899,7.665907522112311,2.176435924374885e-17
2020-02-11,6.282126168146462e-18,0.244289406690421,-0.4766469889588403,7.188695242266794,7.665287863929922,2.571591725263621e-17
2020-02-12,-1.9036745964080184e-18,0.2436366421710742,-0.48557003200974147,7.179119434696546,7.6646350994105745,-7.813580828582083e-18
2020-02-13,9.137638062758489e-19,0.24294705157177096,-0.49414268016043617,7.169857195946548,7.663945508811271,3.761164419836174e-18
2020-02-14,-9.137638062758489e-19,0.2422181934651668,-0.5023220008973398,7.160949017103041,7.663216650704667,-3.772482129453486e-18
2020-02-15,-1.035598980445962e-17,0.2414480943791001,-0.5099821679595048,7.152518750954809,7.662446551618601,-4.2891163962551624e-17
2020-02-16,-1.5838572642114716e-17,0.24063519138692185,-0.5171542225621756,7.14453379335996,7.661633648626422,-6.581985182976657e-17
2020-02-17,-1.827527612551698e-17,0.23977828393054068,-0.5239654178915848,7.13686569057417,7.660776741170041,-7.621739477796493e-17
2020-02-18,1.218351741701132e-18,0.23887649266051178,-0.5304303506177842,7.129498966577941,7.659874949900012,5.100341721077753e-18
2020-02-19,-8.528462191907923e-18,0.23792922378120268,-0.5365441708838945,7.122437877432522,7.658927681020703,-3.5844534170172436e-17
2020-02-20,-1.218351741701132e-18,0.23693505409543156,-0.5421841217797235,7.115803756850922,7.657933511334932,-5.142133764683085e-18
2020-02-21,-9.746813933609055e-18,0.23589498071683193,-0.5473453494712113,7.109602455780834,7.656893437956333,-4.1318445623517183e-17
2020-02-22,0.0006290050314291064,0.23480909252836793,-0.552026735891773,7.104464186203238,7.656436554799297,0.002671636570072736
2020-02-23,0.0035046338683242676,0.2336776586941843,-0.5561753841023352,7.102059732995388,7.658180749802009,0.014776119374091273
2020-02-24,0.006098366686935827,0.23250110893415063,-0.5597877946425274,7.099864505513773,7.659597932860587,0.02555901127218101
2020-02-25,0.006974896549629157,0.23127965448461738,-0.562874208330369,7.096433167239091,7.659253008273747,0.029274977201281627
2020-02-26,0.006467097961463708,0.23001436442537054,-0.5652519735089959,7.092282313413052,7.657479919626335,0.02734716664972617
2020-02-27,0.005288755669249448,0.22870604973277814,-0.5668008555593408,7.0882467743779,7.654993262641528,0.02260202169942539
2020-02-28,0.003978722439973478,0.2273556201489961,-0.5674391424418392,7.084948024682344,7.65233279982847,0.017199013321782475
2020-02-29,0.002820290814836448,0.2259640720840993,-0.5671819681400795,7.08265521929407,7.649782820138436,0.012327288364905849
2020-03-01,0.0019120420658127405,0.22453247758380246,-0.5661553741917513,7.081341969993078,7.647442976889115,0.008443755091849005
2020-03-02,0.0012522019000548639,0.22306197425854354,-0.5645665745058251,7.080800426187987,7.645312633398099,0.005582357394877758
2020-03-03,0.00079770733789371,0.22155483981481477,-0.5625634031222321,7.08084196856569,7.643351004392209,0.003587579041070558
2020-03-04,0.0021142598405839244,0.2200122018374633,-0.5605419250180774,7.082637361195184,7.643124918917548,0.009518270919240401
2020-03-05,0.009315569527018475,0.21844055260282094,-0.5585841262554279,7.090224820409626,7.64875457936934,0.040901510966663925
2020-03-06,0.015864176780122075,0.2168451056456347,-0.5566393810402015,7.097122725920769,7.653707739665257,0.06817165441255382
2020-03-07,0.018043840883383615,0.2152291066549381,-0.5544513483258977,7.099874423747638,7.654271404777822,0.07735076473202877
2020-03-08,0.01669324605911876,0.2135945482060794,-0.5517678407316639,7.099572778068748,7.651286251504699,0.072488627164907
2020-03-09,0.013636551747364212,0.21194413026216744,-0.5483800073537082,7.0982534991910375,7.646579139249032,0.060450884472403606
2020-03-10,0.010231000559931787,0.2102809515060957,-0.5443278030730674,7.097236973528174,7.641510409305528,0.04639658061195857
2020-03-11,0.007252176381008057,0.20861143473042018,-0.53968303874132,7.097233396905322,7.636862068350928,0.03359610424224999
2020-03-12,0.004916679597804189,0.2069380536528633,-0.5345475752455134,7.098359982540368,7.632853190490168,0.023207787347317613
2020-03-13,0.0032199477429982514,0.20526306411703862,-0.529133667004838,7.100402169390413,7.629481469099537,0.015444652848549277
2020-03-14,0.002051247440298133,0.20358852779013656,-0.5236401356730699,7.1030524640925785,7.6266382324699356,0.009974954689575776
2020-03-15,0.001277532851643788,0.20191826983973934,-0.5183261604635242,7.105922466763073,7.624194259930883,0.006287200989009228
2020-03-16,0.0007808242258625774,0.20025993707973286,-0.5132387820863706,7.108854803754439,7.622039218545096,0.0038839100130329905
2020-03-17,0.000649419146289344,0.1986154726487252,-0.508453130088985,7.111864586241244,7.620263349034515,0.003259074593819602
2020-03-18,0.0012800478241434146,0.1969866982919673,-0.5040528854134283,7.115266685237897,7.619265203355611,0.006456190204452045
2020-03-19,0.001905844847996342,0.19537648384251546,-0.4997985109438471,7.118536642281878,7.618280785930012,0.00966049448344738
2020-03-20,0.002087698673997483,0.19378860145320423,-0.4956513363933761,7.1212777882690395,7.616874757366702,0.010658250501166987
2020-03-21,0.0018477422747039357,0.19222118418987896,-0.49141788268120695,7.123703868318589,7.615067383704083,0.009521061966822102
2020-03-22,0.0015110730483569963,0.19067625554268705,-0.48692099612589274,7.126319157000365,7.613185785830544,0.007862500922588986
2020-03-23,0.0011367778399924207,0.1891535009612144,-0.4822020665566623,7.1291410367797585,7.6112887360407075,0.005973914417246686
2020-03-24,0.0008057973756675623,0.18765466665396038,-0.4776780897796995,7.131835198785142,7.609458921269129,0.004275683920320193
2020-03-25,0.000546297733089376,0.18618062765802643,-0.4733175506771571,7.134462199249173,7.607725382630616,0.0029256505559929714
2020-03-26,0.00035777197144424666,0.18473177732605692,-0.4693160214554986,7.136826352377216,7.606088006537002,0.001932966895225331
2020-03-27,0.002204789338175422,0.18330719125913902,-0.4657923489262818,7.140772456206246,7.606510437836815,0.011884889218887137
2020-03-28,0.011156511680789087,0.18190088531889875,-0.46274151739950103,7.1513687041354,7.614055854239188,0.057788574041569236
2020-03-29,0.01925305354911641,0.1805091223356231,-0.45997990111754455,7.160835099302409,7.62076063312424,0.09637987503813135
2020-03-30,0.022512439880712935,0.1791291113788587,-0.45732937248360417,7.165365003311181,7.622640008499072,0.1116458375770619
2020-03-31,0.02336010622685209,0.17775854748780887,-0.45456443237308053,7.167607045876794,7.622117110954162,0.1161508681337658
2020-04-01,0.021867136574095725,0.17639550924627356,-0.45152913339855205,7.167786336957031,7.61926110305987,0.11029377966592797
2020-04-02,0.01849358022878487,0.1750419971583575,-0.448119652547985,7.1664687493743715,7.614534034626643,0.09555648877824104
2020-04-03,0.014406997956454948,0.1736958465586902,-0.4442214776768648,7.1649341913734945,7.609101301754645,0.07659106906963847
2020-04-04,0.010542494209053867,0.17235368455919206,-0.4400077550129893,7.16394124829047,7.603894636007746,0.05764195993625775
2020-04-05,0.007345825205864008,0.17101382357930678,-0.43556220175627536,7.163850271564109,7.599358106024671,0.041185465747983444
2020-04-06,0.004924472331811517,0.16967547803056188,-0.43095699747057287,7.164695777427014,7.595598407601874,0.028204316906110357
2020-04-07,0.0032003222401660253,0.16834030301349434,-0.4262798595092314,7.166313590279643,7.592539082493161,0.018656351726791528
2020-04-08,0.0024769459429950917,0.16701432194713256,-0.4215542001130347,7.1689898923123065,7.590489725129628,0.014614003268892688
2020-04-09,0.004300288183981963,0.16570230474285477,-0.41675195060435466,7.174303466857696,7.591001050166337,0.025295427028178677
2020-04-10,0.008126454873683343,0.16440798459800293,-0.4119539255079424,7.1816333384989575,7.593532896711187,0.047100479756778835
2020-04-11,0.010669292710382415,0.16313760955498116,-0.40702066515599894,7.187839061644579,7.594805359504864,0.06138589763306887
2020-04-12,0.010870359803735049,0.1618963355311257,-0.4018887661372752,7.191930753732799,7.5937651525743615,0.06291930156252537
2020-04-13,0.009503675260558645,0.16068826982594783,-0.3964983293777426,7.194746440243978,7.591190402326007,0.055840922763577584
2020-04-14,0.00802016837654549,0.15951353951059385,-0.3909145572701629,7.197671975152191,7.58853216512664,0.04787196843961904
2020-04-15,0.006918165739088616,0.15837827577740382,-0.3851723718044587,7.201176894247248,7.586294898755993,0.04185308331878612
2020-04-16,0.006241265336342988,0.1572847994823369,-0.37936735567107527,7.205211533682818,7.584524522058181,0.03816679220687782
2020-04-17,0.005825465280214827,0.15623502290291374,-0.37365936705633485,7.209453945662007,7.583058945422629,0.035946240478012405
2020-04-18,0.0051901235652965705,0.1552305040414197,-0.36783218413922836,7.213641268002702,7.581419084846217,0.03235321817852854
2020-04-19,0.0042828297576645875,0.15427007630124984,-0.36168234629065293,7.217923384303475,7.579551363298415,0.027011991543524228
2020-04-20,0.0032934351715368684,0.15335389880719977,-0.35517406547847663,7.222526093035474,7.577645791218237,0.021024521055582855
2020-04-21,0.0023907209135695336,0.15248045217929584,-0.3485628352458108,7.227361162382269,7.575869630332366,0.015436836086571036
2020-04-22,0.00165731356270616,0.15165399248186198,-0.34220982771636876,7.232154302863413,7.574309763284068,0.010810119654348083
2020-04-23,0.0011072036757095627,0.1508715271165136,-0.3364475703604779,7.236583984966959,7.572977188031723,0.007285254126929574
2020-04-24,0.0007178049594876647,0.15012962297112528,-0.33159361567792683,7.2403066367879,7.571845885170114,0.004758483252481055
2020-04-25,0.00043882104395207775,0.14942462248618096,-0.32771871985575546,7.243197548209592,7.570861900769634,0.0029281393354867362
2020-04-26,0.0002544059967126864,0.1487631424523452,-0.3245964759176871,7.245473897066585,7.570016005688558,0.0017072217289875486
2020-04-27,0.00015593246457195592,0.14814212012716083,-0.3222079601337175,7.247142916993229,7.569296509831233,0.0010514801903787692
2020-04-28,9.403921537033204e-05,0.14756210385048044,-0.3202322101511343,7.2484767574499305,7.568654600305352,0.0006368798034254019
2020-04-29,5.5930707732918665e-05,0.147023333734925,-0.3185565559345374,7.249575533043334,7.568077721682158,0.00038027595490678083
2020-04-30,2.9836073120495326e-05,0.14652544621735178,-0.3172190526469471,7.250389054178739,7.567553739529973,0.00020358237966039525
2020-05-01,1.4351414133548486e-05,0.14606911757380023,-0.3160969891643287,7.251039304358819,7.567081926227434,9.824119205941012e-05
2020-05-02,5.270616021606362e-06,0.14564794854259597,-0.315075406338902,7.251630637354929,7.566651676398118,3.61860592718285e-05
2020-05-03,-7.353847309927965e-18,0.1452582142667131,-0.31417158888765584,7.252139449914271,7.566256671506213,-5.0626034107959905e-17
2020-05-04,0.00035943144653093626,0.1448902471416337,-0.3134123917796469,7.252890111343731,7.566248135827665,0.002474576536241807
2020-05-05,0.002002647924756748,0.14453558667611072,-0.31272050126064266,7.254870557875439,7.567536691840368,0.013666384955513125
2020-05-06,0.0034847809639633387,0.14419363172359972,-0.31190219485320503,7.256829042369572,7.568676869927064,0.023597091142467393
2020-05-07,0.0039856551712167025,0.1438635683633936,-0.31063094681794284,7.258271101251881,7.568847680774111,0.02695756579528937
2020-05-08,0.003695484549407864,0.14353609214196827,-0.3086939582267878,7.259590442999802,7.568230033930877,0.025099809649897754
2020-05-09,0.0030221460967139874,0.143207755797361,-0.3060961938547704,7.261186532574518,7.567228359133575,0.020667086947122135
2020-05-10,0.0022735556799848315,0.14287418568216528,-0.3027929527797967,7.263407613117567,7.5661461986016505,0.015663734472534493
2020-05-11,0.0016115947513351298,0.1425295418716038,-0.2986748053579761,7.266519155800177,7.5651395938624395,0.011180671868509861
2020-05-12,0.0010925954661787003,0.14217331499923128,-0.2937609336545427,7.270557801346081,7.564264367704911,0.007626346439493684
2020-05-13,0.000895259666153957,0.14180214754567563,-0.2881350244744063,7.275615207272637,7.56369586445133,0.006273832746133738
2020-05-14,0.0015470145885217773,0.14141381611470044,-0.28207411101852964,7.281939544219907,7.563959287942723,0.010821247896448527
2020-05-15,0.0029762379605886686,0.1410075754933499,-0.27571431643048205,7.289322321558671,7.564982270693439,0.020670642686796095
2020-05-16,0.006259712120243033,0.14058460110630458,-0.26914767212988083,7.2987494656318805,7.567842770466048,0.04262822293012948
2020-05-17,0.011579380245323624,0.14014940920610516,-0.26243585605541453,7.310345757931228,7.5727272466909294,0.07631630284001178
2020-05-18,0.015950499657171772,0.13970000506985547,-0.25547359870537245,7.321229730556869,7.576648961966527,0.10247637606537179
2020-05-19,0.017312605032049705,0.1392357845472949,-0.24828764246814258,7.3293135716464155,7.577546846818845,0.11058948021483815
2020-05-20,0.016554485820249255,0.13875828005426324,-0.2408448073337217,7.335520783076005,7.576311223114013,0.10658805621699328
2020-05-21,0.014349437108369676,0.13826680182682846,-0.23320683427462258,7.340462229195789,7.573614696174698,0.09402300311215599
2020-05-22,0.011451962795271326,0.13776175765910526,-0.2255719257172907,7.3446946192723,7.570212177693877,0.07674872498586928
2020-05-23,0.008548645238063647,0.13724535761740447,-0.21804703798404634,7.348799789406636,7.566792460094969,0.058635095207162174
2020-05-24,0.006864017013275714,0.1367165446640899,-0.21061618944705776,7.354017196765522,7.5645790189168665,0.047806032606973525
2020-05-25,0.00951937202270335,0.1361769442197055,-0.20333233910022033,7.363416801677403,7.56669477348191,0.06533708104784931
2020-05-26,0.015551936472116267,0.1356293934237635,-0.19616609785474892,7.376068056576345,7.57217978713538,0.10286942496687292
2020-05-27,0.01940960080100804,0.13508069582899315,-0.1890765880065864,7.386466533158629,7.575488753869502,0.12563637473940095
2020-05-28,0.01936082469513943,0.13453852437969982,-0.18210087627573612,7.3928512973343175,7.57489780631434,0.12580186213604133
2020-05-29,0.01670239624634787,0.1340081259047738,-0.17526030354562913,7.396503043140706,7.571708979390622,0.1108243539200263
2020-05-30,0.013065649398692028,0.13349731414716182,-0.16846625249743832,7.399149535583629,7.5675614207853545,0.08914700605521185
2020-05-31,0.010350909834443103,0.13301407105733684,-0.16177449744277841,7.402643307984215,7.564363438131281,0.07219970853451693
2020-06-01,0.016416494936007192,0.13256377277496004,-0.15518366030949748,7.414849431936684,7.5699787249504675,0.11019241130547845
2020-06-02,0.041857915623696555,0.13215084453035186,-0.14885829518457844,7.446203289504684,7.595007217393549,0.2405506227769229
2020-06-03,0.06370155050848003,0.13177896713637138,-0.1428182875560374,7.473715054624028,7.616478974884352,0.32587160744178545
2020-06-04,0.06976333882174618,0.1314533057589137,-0.13704453322687887,7.485224935888995,7.62221510182016,0.34670759452894456
2020-06-05,0.0637642236467739,0.13118379021232526,-0.1315202567512347,7.484480581643078,7.615946471098599,0.3270832176462192
2020-06-06,0.053287317216707965,0.13098355492223546,-0.12623062722259756,7.47909306945156,7.6052693293784435,0.28917927504314633
2020-06-07,0.04180166023542918,0.1308612339071151,-0.1211624410215016,7.472553277656257,7.593661351382044,0.24209984688962316
2020-06-08,0.031019980245184847,0.13081795976927046,-0.11630385993429553,7.466586904615373,7.582836397253955,0.1916731036147281
2020-06-09,0.021962383760190524,0.13085067677200765,-0.11164419503659732,7.462221690030815,7.5738115177716985,0.14372059353894678
2020-06-10,0.014927898001229267,0.1309575804237827,-0.10717372837980174,7.459764574580424,7.566883935664513,0.10232614076734514
2020-06-11,0.009814741368061604,0.13113616835057487,-0.10288356588434565,7.4591201683695045,7.561949366958137,0.06963233786609539
2020-06-12,0.006932438878322264,0.13138918235398503,-0.0987655159770166,7.460608929790505,7.559320078471808,0.05011825928991554
2020-06-13,0.007552281250844062,0.1317231727805446,-0.09481198945060586,7.465516289115997,7.560273911270889,0.05422550084914457
2020-06-14,0.009036897107688926,0.13214711426069442,-0.0910159168051862,7.471220919098411,7.562182468607884,0.06400793560192498
2020-06-15,0.009323341252980323,0.1326665772867717,-0.08737067997832353,7.475672063096642,7.562988375779253,0.06566199451949208
2020-06-16,0.00834609523530724,0.13328446874118,-0.08387005590892078,7.478813332602781,7.5626290212159875,0.05892863094644469
2020-06-17,0.006706190444625014,0.1339982615600751,-0.08050816982493357,7.48124910671498,7.5617029092442,0.04766153699529706
2020-06-18,0.005832344596583372,0.13479669222708157,-0.07727945651435401,7.484402404844525,7.561627494063165,0.04147325992068453
2020-06-19,0.01039562594998514,0.13567675242001964,-0.07417862814455409,7.492946574760665,7.567070835609505,0.07116763666059284
2020-06-20,0.020304434742551215,0.13663358415790344,-0.07120064744813678,7.506790195987532,7.577936476139955,0.1293786864700405
2020-06-21,0.030156056103163808,0.13766221907483842,-0.06834070530273827,7.5205303944104775,7.588816732417503,0.1796947088818411
2020-06-22,0.04016901298754457,0.13875920263983355,-0.06559420190526126,7.534386838257331,7.599926672866879,0.22449792419099182
2020-06-23,0.04474264321714898,0.1399199057466825,-0.06295673088395967,7.542758642615086,7.605661006203332,0.24229408436202401
2020-06-24,0.04221403227341883,0.14113757897588766,-0.060424065809831354,7.543980369974689,7.604350068488807,0.23023540390937525
2020-06-25,0.03631269782922247,0.1423998309847542,-0.0579921486660835,7.541773204683107,7.599710986053477,0.20319055451909954
2020-06-26,0.03399327427915311,0.14369509293458899,-0.05564403421536951,7.543097157533587,7.598686824453242,0.1913083833915951
2020-06-27,0.03910293834169082,0.14501743630509484,-0.053402567688372454,7.5517706314936275,7.605118831886286,0.21237703006364955
2020-06-28,0.052731403638076484,0.14636015311007652,-0.051238395409851825,7.568905985873515,7.620090013987653,0.26486006990633304
2020-06-29,0.06742065728839644,0.14771623818723523,-0.04915778525170685,7.587031934759139,7.636135352715132,0.3133849130775112
2020-06-30,0.07417678996727424,0.1490900987475394,-0.04716357126679135,7.597156141983236,7.644265345954314,0.3322337243747001
2020-07-01,0.07306154231476718,0.15048545100722788,-0.045246781091713456,7.599353036765495,7.644545450561496,0.32682856176701064
2020-07-02,0.06648858010388842,0.1519103849586842,-0.04342118194068451,7.596030607657102,7.639397422302073,0.30443633322547586
2020-07-03,0.06127147427195586,0.15337766687128837,-0.04166886678090688,7.594033098897551,7.635647598382745,0.2854494266579286
2020-07-04,0.05469432368555116,0.15489639565007166,-0.03997815796446389,7.590665385906373,7.630589176575123,0.2609577554718336
2020-07-05,0.04542029943320453,0.1564730619965348,-0.03835457248885256,7.584591613476101,7.62289181866924,0.22497173315434246
2020-07-06,0.035421417704592846,0.1581100387290624,-0.03679634614545379,7.577787934823415,7.614529913673156,0.18302666841519744
2020-07-07,0.027281356834560126,0.15981942266257895,-0.03530578452010956,7.572847819512243,7.608099236736639,0.1458110271260376
2020-07-08,0.02187382506275051,0.1616163019899559,-0.03387124276464925,7.570671708823271,7.6044885842922065,0.11920982024535513
2020-07-09,0.020953492627906124,0.1635166256456918,-0.03249294707905299,7.573029995729759,7.605468575513099,0.11358746242482931
2020-07-10,0.02079460938471312,0.16553992618507687,-0.03118078781874271,7.576206572286261,7.60733299280929,0.1115982569797142
2020-07-11,0.018987231154854664,0.16770434179869706,-0.029921658899309502,7.577822738589456,7.607690030193052,0.10170373978036293
2020-07-12,0.01574635766114065,0.1700219538315261,-0.028713447659169663,7.578107688368711,7.606766768732167,0.084763421353282
2020-07-13,0.012164370172767447,0.17249737041719382,-0.027550753676945903,7.5781638114482295,7.605660197829462,0.06587379786362058
2020-07-14,0.009355420646007553,0.17513606698278103,-0.026438488556197494,7.579105823607805,7.605489944868289,0.050709226567847925
2020-07-15,0.007826120260919521,0.17793622012562654,-0.025362768451539883,7.58145239647022,7.6067607976260465,0.04212974623723212
2020-07-16,0.006974200519042376,0.18089456769251225,-0.024330099285215973,7.584591493461552,7.608867225451055,0.03712272447109938
2020-07-17,0.007231520876163018,0.18400717092703892,-0.023338389301969922,7.588953127036445,7.612237149042702,0.0378141097284056
2020-07-18,0.010484618932264987,0.18727264836622418,-0.022389059794614984,7.596421032039088,7.61875572453799,0.053017616371285124
2020-07-19,0.02091311189493621,0.19068772307931744,-0.021485916666590145,7.611167742842877,7.632599292213754,0.09883284202295702
2020-07-20,0.0312769534190793,0.19424349024428625,-0.02061940856331236,7.625953859635267,7.646518900902866,0.13868788527999892
2020-07-21,0.03849902029326325,0.19792637826332643,-0.019783344248317906,7.637694878843486,7.6574238557960905,0.16283792066463748
2020-07-22,0.039737948109385725,0.20171820357773754,-0.018974064117568405,7.643534912104768,7.662454608926624,0.1645762505188843
2020-07-23,0.035952717798197205,0.20559973794885153,-0.018198768443430092,7.644406511838833,7.662550912986549,0.1488402081734434
2020-07-24,0.029831203436528488,0.20955016510817387,-0.017453878240498124,7.642980314839418,7.660379825784203,0.12461789995555889
2020-07-25,0.02309994845886595,0.21355045309186427,-0.016740005234900115,7.640963220851044,7.657648858790231,0.09761212449882138
2020-07-26,0.016928217323167943,0.2175808254424039,-0.016054939410456135,7.63950692789033,7.655507500005072,0.07218577639281194
2020-07-27,0.01184647412820257,0.22162169923139863,-0.015398711548034434,7.6391222863467805,7.654466630599102,0.05074128073960618
2020-07-28,0.007983327149400239,0.22566537193185957,-0.014770072433566702,7.639931451182907,7.6546471563207605,0.03416807874724673
2020-07-29,0.0052161386467412816,0.22970621862847293,-0.014175955834442353,7.641799225975985,7.655920814514714,0.022203670639276432
2020-07-30,0.0033188878793816356,0.23374032411187945,-0.013598825522917652,7.644513211003558,7.658057669230762,0.014000248509659191
2020-07-31,0.0020628543456880128,0.23776274875792144,-0.013043024563747415,7.647835403075076,7.66082406034311,0.008601476735562793
2020-08-01,0.0012629844990238053,0.2417694277859317,-0.012502784600395236,7.651582452219774,7.664030869524456,0.00519677390825943
2020-08-02,0.0007521781988899794,0.24575588270183146,-0.012000595034838708,7.655560290401096,7.667506518140222,0.0030513330726045155
2020-08-03,0.0004384215986836509,0.24972142638050837,-0.011509925076443156,7.659702747437962,7.671158305218692,0.001752565818316768
2020-08-04,0.0001851743855675348,0.2536641369715949,-0.011038556681780014,7.663863579210596,7.6748477685966625,0.000729465778644548
2020-08-05,9.95560698372156e-05,0.257579343327394,-0.010584928059122629,7.668146795873322,7.678677356636731,0.00038635709043347976
2020-08-06,2.4565457098891066e-05,0.2614633747341869,-0.010150650508615534,7.672390114217884,7.682486397430786,9.39448950529831e-05
2020-08-07,1.4351414133538552e-05,0.2653150454497403,-0.009743741306956622,7.676638480092131,7.686327854103374,5.408904668373963e-05
2020-08-08,0.0013531385405125913,0.26913410970908674,-0.00935331599434514,7.682186756790468,7.6914857054891,0.005002596422822663
2020-08-09,0.00750992971783773,0.2729121117252253,-0.008973078312806082,7.692501787665471,7.701420498682563,0.026780811091707813
2020-08-10,0.013067928614862521,0.27664087143692523,-0.008606352024911489,7.70215527256209,7.710707257291288,0.045107116568521656
2020-08-11,0.01575492764675707,0.2803084571992062,-0.008255442196543202,7.708860767184634,7.717061842085464,0.05321471162316843
2020-08-12,0.018453882752614767,0.28390028193795624,-0.007917065149816101,7.7154899240759685,7.723352621930071,0.06103399558428591
2020-08-13,0.019674467012784084,0.2874009745771873,-0.007594736785355922,7.720533529339829,7.7280738988294715,0.06407046721455117
2020-08-14,0.01881404248433515,0.29079768799059635,-0.0072837238838922725,7.723380831126253,7.730610187714432,0.0607665686809579
2020-08-15,0.017858044252424432,0.294076612295419,-0.006986826600362951,7.726000654482695,7.732933113787344,0.057249311282234615
2020-08-16,0.016176909058082736,0.29722735270621387,-0.006702052846060559,7.72775503345345,7.734402719003797,0.05161674881833286
2020-08-17,0.013536395553997094,0.3002445882896387,-0.006425795347420047,7.728408013031429,7.734779441083136,0.0431396300316994
2020-08-18,0.010523205664175122,0.3031230003626713,-0.006158728565972098,7.728540301996088,7.734644663266347,0.03355119705568634
2020-08-19,0.00824267898712787,0.3058561081967911,-0.005904668411139544,7.729246943307993,7.73509724442342,0.026242313958065082
2020-08-20,0.008379726080045407,0.3084457391093686,-0.005658614169665345,7.732219675554963,7.737823922428914,0.026449029515463948
2020-08-21,0.008837594110171678,0.3108940720893091,-0.0054224456990302275,7.735362045035664,7.740730123438981,0.027640659479308185
2020-08-22,0.008329221591302146,0.3132045738740012,-0.005194561973707912,7.737392058026809,7.7425322527048035,0.025904653597139372
2020-08-23,0.007484544192809755,0.31538530114880803,-0.004975890249249943,7.7389467796275815,7.743868302581118,0.023181304481657648
2020-08-24,0.00859261511357962,0.3174400452059975,-0.004766104965995907,7.742319379888795,7.747031117559078,0.026355074688398213
2020-08-25,0.011970986118583837,0.3193796626996324,-0.004564680932951779,7.747838792420478,7.752349106057717,0.036127848734502685
2020-08-26,0.01499297492389261,0.321213039889534,-0.004366456827920946,7.752892382520719,7.757204472052927,0.04459460647131128
2020-08-27,0.01625370725701848,0.32294786997914715,-0.004182818920646088,7.756071582850733,7.760200034475666,0.04791754622562383
2020-08-28,0.01563667045642447,0.3245915242659747,-0.004004424927594551,7.757276594330018,7.761226651961899,0.04595936109640421
2020-08-29,0.013571618507859262,0.32614954621541,-0.003833690235377123,7.756940299023106,7.76071962196277,0.039949287583876204
2020-08-30,0.010800642358996821,0.32762482989495373,-0.0036678674768913116,7.755810429312273,7.759423929493451,0.031914389561351175
2020-08-31,0.00801803191521541,0.3290270742119119,-0.003510840966352492,7.754587089695988,7.758043563366628,0.023789195479940167
2020-09-01,0.0056611515419364555,0.3303572039526979,-0.003360551205502756,7.753710628824345,7.757016812734135,0.01684774492037193
2020-09-02,0.006081831379186266,0.33161708388745426,-0.0032205620912759796,7.755531177710578,7.758697372506141,0.018009626635561354
2020-09-03,0.015030580285229888,0.3328061194019487,-0.00308561046232289,7.765803913760069,7.768835156926679,0.0432115998649579
2020-09-04,0.023384055890634792,0.3339256399073916,-0.0029529809056059076,7.775409539427635,7.778308153037527,0.06544478407843965
2020-09-05,0.02589322232138414,0.3349830908431381,-0.002825324284707295,7.779103813415029,7.7818747704040225,0.07175096113770013
2020-09-06,0.023699528704093635,0.33597913873364743,-0.0027011577460794097,7.778030334226876,7.780677124677242,0.06589083771056822
2020-09-07,0.019611562718318,0.33691685901169355,-0.002584771633978581,7.774996474631247,7.777526878969512,0.055007010726256376
2020-09-08,0.016428827302411384,0.3377993311060877,-0.002470681717612608,7.772810301226101,7.775226615647999,0.04637922455465981
2020-09-09,0.013669368020769396,0.33862880096911424,-0.002363814253684154,7.770987179271414,7.773296626229384,0.03880056504398669
2020-09-10,0.011128137906985844,0.3394077183346619,-0.0022660246120953455,7.769322656164766,7.7715343134811485,0.03174607592586613
2020-09-11,0.010587820782511002,0.3401404864546794,-0.0021646524860519213,7.769616479286352,7.771726764476691,0.030188098776272064
2020-09-12,0.013586434887424495,0.3408225458888051,-0.0020716202717553475,7.7733901850396885,7.77540743801573,0.03833547010481328
2020-09-13,0.016249762632333478,0.34145456578798,-0.0019813958325320203,7.776775757122995,7.778702785659814,0.04542791725248433
2020-09-14,0.016303019423899303,0.3420421496814565,-0.0018932125894049144,7.777504781051165,7.779343626344856,0.04549529567986477
2020-09-15,0.014426411793614377,0.34259117436122255,-0.001807979922766513,7.776262430767284,7.778016043394337,0.040408126526735595
2020-09-16,0.012378245380698781,0.34310009358139976,-0.00173668762851422,7.774794475868799,7.776476796201599,0.03482137734985468
2020-09-17,0.010574026968121653,0.34356141672584967,-0.001659872565588256,7.773528395663597,7.775133900933472,0.029858708458618093
2020-09-18,0.009415369707423694,0.34397152119549423,-0.0015892601686147265,7.772850455269517,7.7743853481424186,0.026643234227978974
2020-09-19,0.010694013722104581,0.34432881845185204,-0.0015212052502491962,7.774554451458921,7.776021289413457,0.030122044986854963
2020-09-20,0.011912767949234316,0.34463468966799354,-0.0014558527012412544,7.7761444294512,7.777545914856728,0.033411451111855325
2020-09-21,0.01145695338149152,0.34488498908771853,-0.0013893055068488213,7.776005461497575,7.77734039970871,0.0321515713309035
2020-09-22,0.009755314622167367,0.34508492852958533,-0.0013255068298519232,7.774567560857115,7.775838700391253,0.027492131488579104
2020-09-23,0.00759762026617875,0.3452447670962819,-0.0012635904485436198,7.772631621449131,7.773840844601962,0.021532617787142518
2020-09-24,0.005708527367968315,0.34537194369313157,-0.0012051798154174482,7.7709281157808965,7.7720789283006,0.01625988295707521
2020-09-25,0.004839499451843753,0.34547050158534215,-0.0011514901082383018,7.770211335464161,7.771308458276686,0.013814905191159625
2020-09-26,0.004305592188264905,0.3455389469387563,-0.0010995979771199153,7.769797765685115,7.770842996366522,0.012307158485334065
2020-09-27,0.005171018372101467,0.3455776315876472,-0.0010564178685113998,7.770745056626451,7.771747107199249,0.014742803351331171
2020-09-28,0.01146135835447966,0.3455878916155268,-0.0010132365890840335,7.7770888379161365,7.778047707209507,0.032100216862078444
2020-09-29,0.017446910457485042,0.34557620441364173,-0.0009694198435813128,7.783106519562759,7.784021572110627,0.04806005387199296
2020-09-30,0.019327686803137154,0.34554849373353297,-0.0009264857829442443,7.785002519288939,7.78587463777617,0.052970535853311795
2020-10-01,0.017736399610509716,0.345506855529228,-0.0008842269314194946,7.783411852743532,7.784241712379238,0.04882788423335382
2020-10-02,0.014443437669392897,0.3454506964972839,-0.0008414344528319936,7.780105524249059,7.780892591406177,0.04013246201646551
2020-10-03,0.010848566520453753,0.34538523796643716,-0.0008031703935258977,7.7764834586285785,7.777232261726391,0.030453500997974413
2020-10-04,0.0076877479235987894,0.3453065604676761,-0.0007624906641922094,7.773284642262297,7.7739927656307755,0.02177867387900584
2020-10-05,0.00518837751372037,0.34520622336844786,-0.0007261180772655565,7.770721307340117,7.771393058121669,0.014807241608911474
2020-10-06,0.0034009688711388792,0.3450796996569993,-0.0006916223879028465,7.768841870675449,7.7694791257676385,0.009759419038948116
2020-10-07,0.0021683645041174686,0.3449201103462481,-0.0006601596100213167,7.767481139775558,7.768086932089866,0.0062472961830619105
2020-10-08,0.001351486313431821,0.34473018104084735,-0.0006269118182010123,7.766507580071292,7.76708012459378,0.0039051080739515814
2020-10-09,0.0008265807457409341,0.34451347840498875,-0.0005951857180672058,7.7657976979678764,7.76633851639023,0.002393526970991102
2020-10-10,0.0004975291441137237,0.3442729410822448,-0.0005719192666484605,7.765251375494924,7.765768927465859,0.0014430735433550086
2020-10-11,0.00028933383739053215,0.34400928578431933,-0.0005458497093937553,7.76480559444753,7.76529707686121,0.0008403572390398515
2020-10-12,0.0002597160885224317,0.34371890016000417,-0.0005188902950106337,7.76451255048873,7.764977073488027,0.0007550355639979238
2020-10-13,0.0017674954528940987,0.34339612759221455,-0.0004907594386505796,7.765725688141672,7.766162080284609,0.005120746610841748
2020-10-14,0.007474929474104547,0.3430384191799998,-0.0004649374034195,7.771101235785899,7.771511805893605,0.021325662782335292
2020-10-15,0.016057496925652455,0.3426462961442213,-0.00043986102201012354,7.779316756583078,7.7797022503093745,0.04476533907887763
2020-10-16,0.03295199273087295,0.342220620078234,-0.00041352621816728014,7.795811911126154,7.796171070048607,0.08783155168002464
2020-10-17,0.04621648560223925,0.3417603199767418,-0.0003906266825751307,7.80863900343162,7.808975262818482,0.11912177464647664
2020-10-18,0.04942818387578944,0.34125996936548525,-0.0003705535295983473,7.81137042424689,7.811686610480775,0.12651569663865495
2020-10-19,0.044670874943232755,0.34072482527690173,-0.00034785132454055143,7.806100673430808,7.806394157459635,0.11590911605323351
2020-10-20,0.0361226916663139,0.34014909771686713,-0.0003342921186184654,7.796990321799776,7.7972702466226815,0.09600159428781388
2020-10-21,0.027209380967474692,0.3395251107420278,-0.0003161196821633473,7.787471196562553,7.787732948949003,0.0741936784855998
2020-10-22,0.02011061596062536,0.33884629684649165,-0.00030012870528404073,7.779709608637047,7.7799553700466175,0.0560251530005543
2020-10-23,0.014681252490949257,0.3381079369501843,-0.00028844156157260153,7.773553572414775,7.773787646680634,0.041614802636686155
2020-10-24,0.01046191942239075,0.3373088901287393,-0.00027443504878221477,7.768549199037562,7.76876926679063,0.030082799174243554
2020-10-25,0.007242155282782476,0.3364557216298997,-0.000258029243946582,7.764492672203949,7.764696334152182,0.02107128315087723
2020-10-26,0.004871035152229711,0.3355566161490518,-0.00024252729496774714,7.7612379485415275,7.761426108540782,0.01430857667880451
2020-10-27,0.00381981360845608,0.3346201771333188,-0.00022839359897989573,7.759264421678009,7.7594384479812755,0.011286531476626076
2020-10-28,0.006265238928196652,0.33365150358111084,-0.00021540205737652623,7.760754164987145,7.760915199748808,0.018431686777020402
2020-10-29,0.011380575192345584,0.3326594856747407,-0.00020421086152383965,7.764888674540776,7.765038518106587,0.03307921514623341
2020-10-30,0.0147813316112701,0.3316587942834874,-0.0001914067130151836,7.767301543716956,7.767438583134258,0.04266633829754586
2020-10-31,0.015390375099330661,0.3306527247188051,-0.00017930744982198977,7.7669166169035275,7.767041557057636,0.04447531277872361
2020-11-01,0.013712490133838212,0.32964635740316384,-0.0001723432229785991,7.7642393288492375,7.764357304776502,0.039936323855352195
2020-11-02,0.01111145728954527,0.32864581601176174,-0.00016565218602984224,7.760644445650491,7.760755730540808,0.032704104261195
2020-11-03,0.008433320443015709,0.32765636839503726,-0.0001553360401734797,7.756987177333094,7.757088146077553,0.025092470025402533
2020-11-04,0.006422399391824555,0.3266823211959847,-0.00014473264024338463,7.75401281248278,7.75410317782731,0.01928042142570464
2020-11-05,0.00525457003615412,0.3257213236086946,-0.00013342718480656887,7.751895290995256,7.751974350884349,0.01587599017647037
2020-11-06,0.00564129686110863,0.32477314607616486,-0.00012825283585413895,7.751339014636633,7.751412900176774,0.017073396704331063
2020-11-07,0.006090284828076164,0.32383307277945766,-0.0001232811142810712,7.750852901028467,7.750921814847034,0.018459695828268605
2020-11-08,0.007678539019526184,0.32289791074181595,-0.000118503998298261,7.751510770298258,7.751574907000842,0.023227725462807963
2020-11-09,0.02683337712442049,0.32197120720197353,-0.0001139137875370865,7.769743495074071,7.769803041565894,0.07692954258683467
2020-11-10,0.08596191377840112,0.32105253537368894,-0.00010349546191249878,7.827963778225391,7.82801290639159,0.21120113538347512
2020-11-11,0.1397098857773659,0.32013900769145,-9.344154178771788e-05,7.880808276462242,7.880847350708317,0.30381694456951036
2020-11-12,0.1720140125533441,0.3192310015851302,-8.034056249846158e-05,7.91221749811119,7.912243471377975,0.3501593046293108
2020-11-13,0.17491274143693195,0.31832843414718814,-6.777165295364088e-05,7.91422622846638,7.91423963282362,0.3546190993276095
2020-11-14,0.15430231118153812,0.3174303878467326,-6.02591911103292e-05,7.892725264372374,7.8927311562677716,0.32709691632440946
2020-11-15,0.12314381626688924,0.3165366909644495,-5.479830164142828e-05,7.860678533464911,7.860678964470839,0.280075678229003
2020-11-16,0.09140748767585885,0.31564805707417454,-4.78515854294052e-05,7.828060517699818,7.828054001989534,0.22455777560281312
2020-11-17,0.06428493252830007,0.3147708238575556,-4.298432529337872e-05,7.800065596595776,7.800054213625356,0.16959228674227525
2020-11-18,0.044357628191399295,0.31390423079371094,-3.689075765358655e-05,7.77927779276267,7.779260316224611,0.1238134260706855
2020-11-19,0.03399941125370228,0.31304984353697385,-2.9617249784500966e-05,7.7680724620761055,7.768047712030176,0.09796710635269665
2020-11-20,0.02857943237081929,0.3122115401910098,-2.3815367404088633e-05,7.761819981729639,7.76178942980133,0.08386205818768917
2020-11-21,0.023894285058902755,0.31139414150930994,-1.905538340087938e-05,7.756322195720026,7.7562868838077135,0.07126486679981359
2020-11-22,0.018976627936444848,0.310605221810299,-1.1111031528801116e-05,7.750623563250429,7.750580306986245,0.057577891352411564
2020-11-23,0.014259478713535653,0.3098514231768317,-6.080359576729484e-06,7.745157646066004,7.745109359129867,0.043995677499175934
2020-11-24,0.010195818730279605,0.30914462278833854,-3.8597383177091867e-17,7.740393266053832,7.740338898758119,0.03192774044462881
2020-11-25,0.01367045399413882,0.30848830605713,-5.146317756945582e-17,7.743211584586483,7.7431572172907694,0.04243390430222442
2020-11-26,0.04221565897188893,0.30789144962708753,-1.6374647408463215e-17,7.77115993313419,7.771105565838477,0.12057926827256756
2020-11-27,0.07058363304522079,0.3073578405384284,-3.742776550505878e-17,7.798994298118863,7.79893993082315,0.18675810404173235
2020-11-28,0.08069832273911534,0.3068898041980119,-1.9298691588545933e-17,7.808640951472341,7.808586584176628,0.2082063848983843
2020-11-29,0.07528103516812217,0.3064890451774235,0.0,7.80282290488076,7.802768537585046,0.19718945785375377
2020-11-30,0.06208342917828871,0.30616264671413124,-7.13466779940183e-17,7.789298900427633,7.789244533131921,0.16859223558006323
2020-12-01,0.0483211219808379,0.30591545663316005,-1.0468078164696127e-16,7.775289403149212,7.775235035853498,0.13640918216267023
2020-12-02,0.038118086936345386,0.30574375213484833,-2.3977162276678278e-17,7.764914663606407,7.764860296310694,0.11085291418002727
2020-12-03,0.030442035401600006,0.3056383902743473,-1.0058711979484547e-16,7.757133250211161,7.757078882915447,0.09057961450855985
2020-12-04,0.024056413888053345,0.3055885261497117,-6.408954458092622e-09,7.750697758164025,7.7506433972772655,0.07297674244688049
2020-12-05,0.018373744401493107,0.3055837281956055,-3.2429325477649892e-06,7.745007054199765,7.744955929836599,0.05671653212440103
2020-12-06,0.013483126419373628,0.3056110944393142,-7.683857764859142e-05,7.740070206816253,7.740092678098188,0.04225437359250917
2020-12-07,0.00950384306817036,0.3056723669751279,-0.000519558024832084,7.73570947655368,7.736174667282799,0.030154062284284532
2020-12-08,0.006461608518494741,0.30576493448688813,-0.0018580472531411504,7.731421320287455,7.733225000244883,0.02069525689999822
2020-12-09,0.00425977537562544,0.3058890336699758,-0.004611593298060326,7.726590040282755,7.7311472662851015,0.013734617871768532
2020-12-10,0.002735763004295751,0.30604434138706754,-0.009125506737837323,7.72070742218874,7.729778561630864,0.008859906986844945
2020-12-11,0.0017184322858409852,0.3062287224485057,-0.01554540387566481,7.713454575393896,7.728945611973847,0.005580283043444275
2020-12-12,0.0008317997881572007,0.3064366897988155,-0.023858607977602524,7.704462706144584,7.728266946826473,0.0027070780647742232
2020-12-13,0.0004973962496202706,0.3066659276051081,-0.03395367403938076,7.694262474350562,7.7281617810942285,0.0016193217451166539
2020-12-14,0.00030189029662109354,0.30691525816111986,-0.045688597112067,7.682581375880888,7.728215605697241,0.000982660955407637
2020-12-15,0.00018054330841699192,0.30718397088722443,-0.05894251210583652,7.669474826625018,7.728362971435142,0.0005873915174933753
2020-12-16,0.00010660531431419292,0.3074690679985324,-0.07356213004582694,7.655066367802234,7.728574130552347,0.00034659865380758093
2020-12-17,5.618915322856781e-05,0.3077718655711637,-0.08925952522705052,7.639621354032555,7.728826511963892,0.00018253421793824363
2020-12-18,1.4351414133553172e-05,0.308089504633876,-0.10565855724185039,7.623498123341373,7.72910231328751,4.6579793961802596e-05
2020-12-19,5.270616021622741e-06,0.30841318751297214,-0.12243867647591386,7.607032606188294,7.729416915368494,1.7089171814153693e-05
2020-12-20,6.09175870850566e-18,0.3087329905851275,-0.13940321036989944,7.590382604750442,7.729731447824628,1.9731479609484652e-17
2020-12-21,4.873406966804528e-18,0.3090395411299407,-0.15642740266822094,7.573664962996934,7.730037998369442,1.576952563735339e-17
2020-12-22,1.218351741701132e-17,0.3093268081582701,-0.17338668511604435,7.55699294757744,7.73032526539777,3.938720180624469e-17
2020-12-23,0.0004492893081636649,0.30959014616482705,-0.19017550911504047,7.540916750893164,7.731037892712491,0.0014491360025805653
2020-12-24,0.0027728834908441005,0.30982247922722617,-0.2067405581933066,7.526907629059978,7.733593819957571,0.008870520236555665
2020-12-25,0.005857962148521713,0.3100145168742013,-0.22299810320502428,7.513927200352913,7.736870936262223,0.018545338823583637
2020-12-26,0.008134801856789702,0.3101579378942672,-0.2386828150417573,7.500662749244514,7.739291196990558,0.02555761046623964
2020-12-27,0.01070242681394012,0.31024551846835896,-0.25337341219629733,7.4886273576212155,7.741946402521799,0.03334630107859544
2020-12-28,0.012277129460082534,0.3102735378502181,-0.26672162467955196,7.476881867165963,7.743549124549801,0.03806263853818561
2020-12-29,0.011958232170332386,0.3102342505349983,-0.2785250086248959,7.4647202986156485,7.7431909399448315,0.037115180558911706
2020-12-30,0.010259300816073458,0.31012086559313357,-0.28866669293059316,7.452766298013827,7.741378623648708,0.03202227194978643
2020-12-31,0.008031530678647657,0.3099303028454902,-0.29717670650701855,7.441837951552333,7.738960290763639,0.025259417426393566
2021-01-01,0.005879746572400415,0.3096637445319937,-0.3042842277383266,7.432312087901281,7.736541948343895,0.018633712113095578
2021-01-02,0.004541519267967303,0.3093177986392582,-0.3103608819432322,7.424551260499207,7.734857775146726,0.014469920148458815
2021-01-03,0.005601278049529405,0.3088945565349787,-0.31577167424084907,7.419776984878873,7.735494291824009,0.017810340976151424
2021-01-04,0.008224764532456843,0.30839595377227896,-0.32041853895317396,7.417255003886776,7.7376191755442365,0.02597670985175648
2021-01-05,0.0100907575857008,0.30782625635386035,-0.32444658122813347,7.414523257246642,7.7389154711790615,0.031740225100438134
2021-01-06,0.01017171577274829,0.30719019590410274,-0.327807584416622,7.410607151795443,7.738360368916352,0.032050839746344505
2021-01-07,0.008892687719892689,0.30649483769165425,-0.3302834162994837,7.406156933647277,7.736385982651047,0.028196066754031197
2021-01-08,0.01000681367370461,0.3057466725710651,-0.33189311159941653,7.404913199180567,7.73675194348427,0.031691854910977625
2021-01-09,0.0217901033208069,0.30495218596455914,-0.33292359250970244,7.414871521310878,7.747740746524866,0.06668895957258883
2021-01-10,0.032865802385599906,0.3041170877657326,-0.33380795459183676,7.42422776009471,7.757981347390833,0.09752958784002509
2021-01-11,0.03618347898039309,0.3032486805506839,-0.3347270682845467,7.425757915781745,7.760430616770577,0.10660003174236732
2021-01-12,0.033047915706512006,0.30235086277102685,-0.33553240557976266,7.42091919743299,7.756397235717039,0.09853320234654693
2021-01-13,0.026846165422042788,0.3014245211269987,-0.33616874820184334,7.413154762882412,7.749269143788542,0.08178057475757022
2021-01-14,0.020127120882730446,0.3004800799973223,-0.3367689152691537,7.404891110146113,7.741605658119553,0.06277813108215405
2021-01-15,0.014239009333522864,0.299522380547758,-0.3373610482874567,7.397453166129038,7.734759847120781,0.045381649217293867
2021-01-16,0.009641992240851651,0.2985552211083591,-0.3380928522456496,7.391157185638775,7.7291956705887115,0.031285137643105636
2021-01-17,0.006309823656494666,0.2975777663763199,-0.3391186082112477,7.38582180635678,7.724886047272315,0.020763676647056615
2021-01-18,0.004017667224478146,0.296593224412847,-0.34067051292671024,7.380993203245829,7.721609348876826,0.013365008841147706
2021-01-19,0.0024862650146730415,0.2956013773646724,-0.34286734476617886,7.376273122148381,7.7190860996188455,0.00834071816874927
2021-01-20,0.0015077557440832307,0.2946074033099223,-0.3456704505282064,7.371497533061013,7.717113616293506,0.005091788441024209
2021-01-21,0.0009045020658695302,0.2936149875576256,-0.3491090776346249,7.366463236524084,7.715517946862995,0.003071111073246183
2021-01-22,0.0005370883811817103,0.2926283606375347,-0.3534273846464939,7.360790888907436,7.714163906258217,0.0018320316496348832
2021-01-23,0.00031515099668054305,0.2916507669982854,-0.3590562249043187,7.353962517625861,7.712964375234466,0.0010794102231000018
2021-01-24,0.0001830111268253834,0.2906849976070337,-0.36611076591036745,7.3458100673587055,7.71186646597336,0.0006291896026036899
2021-01-25,5.270616021646498e-06,0.2897325058627536,-0.374309974769322,7.336480626244667,7.710736233718276,1.8190986642132243e-05
2021-01-26,1.949362786721811e-17,0.28878755682255164,-0.3836641200591691,7.326176261298596,7.709786014062052,6.750161981250516e-17
2021-01-27,2.436703483402264e-18,0.2878474151584211,-0.39393138318126913,7.314968856512365,7.708845872397921,8.465260951053487e-18
2021-01-28,2.1930331350620375e-17,0.286911213170442,-0.40468555932168104,7.303278478383975,7.707909670409943,7.643595071898594e-17
2021-01-29,1.218351741701132e-17,0.2859788740710884,-0.415749907979241,7.291281790627061,7.706977331310589,4.260285818868827e-17
2021-01-30,9.13763806275849e-18,0.285045781066719,-0.42697340186987637,7.279125203732057,7.7060442383062195,3.2056738494998795e-17
2021-01-31,-4.2642310959539616e-18,0.28410837773575986,-0.4382159713957438,7.26694523087523,7.70510683497526,-1.5009170549416135e-17
2021-02-01,9.137638062758489e-19,0.283158252467823,-0.4495065330940457,7.254704543908991,7.704156709707323,3.227042822563278e-18
2021-02-02,1.2944987255574526e-17,0.2821884559023923,-0.46090010911445123,7.2423411713231545,7.703186913141892,4.5873553594453696e-17
2021-02-03,5.10184791837349e-18,0.2811929529870942,-0.4722084597552455,7.230037317767063,7.702191410226595,1.814358384225812e-17
2021-02-04,6.09175870850566e-18,0.28016721101723063,-0.4831436577847468,7.218076377767698,7.701165668256731,2.1743296392135656e-17
2021-02-05,-8.614127548746284e-18,0.27910755203082427,-0.49321832523342296,7.206942051332615,7.700106009270325,-3.086311167888052e-17
2021-02-06,-5.721731958828851e-18,0.27801099073909497,-0.5022636869388144,7.196800128335495,7.699009447978596,-2.0580955967307516e-17
2021-02-07,-9.366079014327451e-18,0.2768787352593728,-0.5103501301486785,7.187581429645908,7.697877192498873,-3.3827368524901535e-17
2021-02-08,2.436703483402264e-18,0.27570770775349346,-0.5178387120977741,7.178921820190933,7.696706164992994,8.837995510741714e-18
2021-02-09,8.528462191907923e-18,0.27449384461165843,-0.5247182463906191,7.170828422756253,7.695492301851159,3.106977573203366e-17
2021-02-10,1.035598980445962e-17,0.27323605015416763,-0.5306937807411936,7.163595093948188,7.694234507393668,3.790125716799256e-17
2021-02-11,6.09175870850566e-18,0.2719335601755143,-0.5356858440293314,7.157300540681397,7.692932017415015,2.2401643638886835e-17
2021-02-12,2.253950722147094e-17,0.27058590317915265,-0.539831169133572,7.151807558580795,7.691584360418653,8.329889678897175e-17
2021-02-13,6.09175870850566e-19,0.26919286680000293,-0.5433621654580939,7.146883525877123,7.690191324039503,2.2629718167946614e-18
2021-02-14,4.873406966804528e-18,0.2677544684043956,-0.5463811714856066,7.142426121454003,7.688752925643896,1.820102945749578e-17
2021-02-15,0.0018870150942873391,0.26627092912746597,-0.5490145756531551,7.140196193103812,7.689156401461254,0.007036953910740273
2021-02-16,0.014108216070281992,0.26474265078962206,-0.5513421614742646,7.148561529920853,7.699849324099405,0.05059412663533165
2021-02-17,0.03832157930837477,0.263170195260023,-0.5533801851964356,7.169164413907176,7.722490231807898,0.12710654996553136
2021-02-18,0.05577249928852084,0.2615542659254979,-0.5549976849460301,7.183381904803203,7.738325222453519,0.1757573120278886
2021-02-19,0.05925784559655783,0.2598956909898304,-0.5557796602579197,7.184426700863682,7.740151993825888,0.18567190647601664
2021-02-20,0.05282111250182676,0.25819540837829297,-0.5553343222451754,7.176735023170158,7.73201497811962,0.16983378359565177
2021-02-21,0.04215762828706016,0.2564544520605886,-0.5536047190535914,7.166060185829271,7.719610537587149,0.14117857602404968
2021-02-22,0.03119642924435781,0.2546739396351816,-0.5508178507235647,7.1561053426911885,7.70686882611904,0.10912788676430965
2021-02-23,0.021852073710789434,0.25285506104161243,-0.5474043075989936,7.148355651688622,7.695705591991902,0.0795468007428532
2021-02-24,0.014682560361951702,0.25099906828635626,-0.5438033600222272,7.142931093161295,7.686680085887809,0.05526373967462959
2021-02-25,0.009548561442566123,0.2491072660831779,-0.5404249730862294,7.139283678974729,7.6796542847652445,0.03691608858731688
2021-02-26,0.006048782638691354,0.24718294150602627,-0.5376238997260705,7.136660648953861,7.674230181384218,0.023886354125340858
2021-02-27,0.003749923489381424,0.24523633162744884,-0.5355993234639668,7.134439756188077,7.669984712356331,0.015060765051556242
2021-02-28,0.0022831522732224686,0.24328133279026778,-0.5344238278623311,7.132193481736373,7.666562942302991,0.00929756708357955
2021-03-01,0.0013689632232234158,0.24132921741701924,-0.5340850338721814,7.129665971303275,7.6636966378797435,0.005640599445830469
2021-03-02,0.0008100831198283047,0.23938914835144148,-0.5345553800143594,7.126696675992124,7.661197688710771,0.003372546676633304
2021-03-03,0.0004739148609310481,0.23746885367254758,-0.5356482595135005,7.123347333555192,7.658941225772979,0.001991717856575112
2021-03-04,0.0005702560873956792,0.2355749467349613,-0.537141179474514,7.120056847883057,7.657143660061857,0.002414853575597134
2021-03-05,0.0020026479247567362,0.23371312495883043,-0.5387006423877664,7.118067955031035,7.656714230123088,0.008496028501859241
2021-03-06,0.0035746388255960674,0.23188830921195588,-0.540096750218475,7.1164190223542905,7.656461405277052,0.015181321967590328
2021-03-07,0.0044863171524058615,0.23010222014135207,-0.5410284408387461,7.114612920990226,7.655586994533258,0.019124195939667663
2021-03-08,0.004566679790398679,0.2283611082242474,-0.5412744870868007,7.11270612546306,7.653926245254146,0.019605560286828184
2021-03-09,0.004018559889518159,0.2266681123029468,-0.5407143566338609,7.111025140093818,7.651685129431965,0.017419991590001443
2021-03-10,0.003197426817336815,0.22502396936407962,-0.5393022727540201,7.1099719479626105,7.649219853420917,0.014010197425990398
2021-03-11,0.006590450772251914,0.22342208769908278,-0.5371329385100558,7.113932424496493,7.651010995710835,0.02865257179479043
2021-03-12,0.02519209750206644,0.22185187262520892,-0.534483664303227,7.1336131303592625,7.6680424273667755,0.10197414447755047
2021-03-13,0.042064618957291466,0.22030504009062324,-0.5316105478708226,7.151811935712306,7.683368116287415,0.16032577512939294
2021-03-14,0.04756042989285118,0.21877512905779925,-0.528625399940615,7.158762983545249,7.687334016190151,0.1785733383864965
2021-03-15,0.0438847256305184,0.21725762565912088,-0.5253217048733618,7.156873470951491,7.68214080852914,0.1680490560561921
2021-03-16,0.03579769132215297,0.21575087921978361,-0.5214763062842429,7.151125088792908,7.672547027781437,0.1423092615673799
2021-03-17,0.026889631825585177,0.21425358797400693,-0.5171146566279955,7.14508138770681,7.662141677039092,0.11150896901821439
2021-03-18,0.019041556087794502,0.2127613858340106,-0.5125997582450375,7.140256008211981,7.652801399161306,0.08214544617047119
2021-03-19,0.01290041455465994,0.211279764350829,-0.5081215912718317,7.1371114121688715,7.64517863614499,0.05754484904795515
2021-03-20,0.008444208452013269,0.20980542961212018,-0.503778131052568,7.13552433154678,7.639248095303634,0.03869059544342478
2021-03-21,0.005365115781112564,0.20833775422898163,-0.49955751252571606,7.135198182019592,7.634701327249594,0.025105492410369332
2021-03-22,0.0033410508397581588,0.20687813290089246,-0.49542541310603405,7.135846595169831,7.631217640980151,0.015893177683917015
2021-03-23,0.0020388188119744633,0.20543301858511887,-0.49130917981027844,7.137215482122029,7.628470294636593,0.009826966577985428
2021-03-24,0.001226447826784599,0.20400759702396118,-0.48707931476209293,7.139207554623867,7.626232502090247,0.005975849804434346
2021-03-25,0.0007277789723864657,0.2026058249783254,-0.4826548297294205,7.141731598756505,7.624332061190213,0.0035792360841785877
2021-03-26,0.0004267975112605485,0.2012309000602779,-0.477990660807405,7.144719861299348,7.622656154811039,0.0021164454241035914
2021-03-27,0.00024771895301608176,0.19988468338209642,-0.4730976551453634,7.148087571724963,7.621130859574613,0.0012377753433513868
2021-03-28,9.556446473968253e-18,0.19856659961766648,-0.4679972567130015,7.1516221674398786,7.619565056857167,4.812715981624744e-17
2021-03-29,0.0003594314465309245,0.19727604842269958,-0.46282174218536815,7.155866562219076,7.618633937108731,0.0018186585058955484
2021-03-30,0.00218236364802217,0.19601575140606184,-0.4576574903042892,7.161593449285009,7.619196572293585,0.011011021206869953
2021-03-31,0.0045759627879744195,0.19478058995360237,-0.4525044558301666,7.167904921446624,7.620355009981077,0.022953661292017716
2021-04-01,0.006318565496020235,0.19357075174137783,-0.44739309552644574,7.173549046246166,7.620887774476898,0.03161032106841411
2021-04-02,0.0075993165269925556,0.1923857588394117,-0.4421913175308983,7.17884658237072,7.620983532605905,0.03799941827193558
2021-04-03,0.009741469292347968,0.1912232402180674,-0.43663808107714597,7.185379452968483,7.621963166749916,0.04847353207476012
2021-04-04,0.01093208510444294,0.1900758783360417,-0.43072144006929397,7.191339347906404,7.622006420679985,0.05438632836892436
2021-04-05,0.010406263009683002,0.18893772030177047,-0.4242105405806786,7.196186267265989,7.620342440550954,0.052202543747830794
2021-04-06,0.008765545110132729,0.18780412758334938,-0.4172500337662741,7.200372463462422,7.617568129932983,0.04459256094810285
2021-04-07,0.006766348428878795,0.1866712958950016,-0.40978727927128544,7.204703189587809,7.614436101563381,0.03497948112700146
2021-04-08,0.004899985810310665,0.18553604841915283,-0.40227465679049673,7.209214201974181,7.611434491468964,0.025730349984113242
2021-04-09,0.003381239550778994,0.18439648843475787,-0.3952103960399571,7.213620156480793,7.608776185225038,0.01800660593273035
2021-04-10,0.0028762069968101753,0.18324990579078484,-0.38883236348227773,7.218346573840531,7.6071245700270955,0.01545300094507679
2021-04-11,0.004954018806866056,0.18210191230498776,-0.3834459459677189,7.224662809679349,7.608054388351354,0.02648415785278523
2021-04-12,0.007010596909847137,0.18095535371561922,-0.37893534493016745,7.230083430230513,7.608964407864967,0.03729716412211369
2021-04-13,0.007537507102203507,0.17981065371187024,-0.3749342400184735,7.233466745330814,7.608346618053575,0.04023261861472879
2021-04-14,0.006898053918960365,0.1786759103262238,-0.37124718581454325,7.235379602965855,7.606572421484684,0.037171453156254794
2021-04-15,0.005981092147255373,0.1775558688190841,-0.36755616014219156,7.237033625359362,7.60453541820584,0.032587943680468266
2021-04-16,0.004957177049019543,0.17645427060597652,-0.3637604372932226,7.238703834896987,7.602409904894497,0.027325602177250597
2021-04-17,0.004146033597231992,0.17537419171471685,-0.3597813665553267,7.240791683291836,7.600518682551449,0.023095077950283927
2021-04-18,0.004369522842861959,0.1743181987434171,-0.35551307928772263,7.24422746683377,7.599686178825779,0.024453402864349254
2021-04-19,0.00462132414720586,0.1732884446692095,-0.35105613372851113,7.247906459623118,7.598908226055916,0.025975662707844852
2021-04-20,0.004355337636302428,0.17228673547463427,-0.3464725938161699,7.251222303829981,7.5976405303504375,0.024656286917370703
2021-04-21,0.004569909047411756,0.17131516142477834,-0.3417831233401962,7.255154771667208,7.59688352771169,0.025982359020826178
2021-04-22,0.007850032116585174,0.1703784659044357,-0.33706646535392926,7.262214857202306,7.599226955260521,0.04404476390559783
2021-04-23,0.010778667597906128,0.16947374999134748,-0.33245570253850854,7.268849539585959,7.601250874828754,0.0597976312443575
2021-04-24,0.011395184795579286,0.1686033399896858,-0.3279043695084007,7.273146979812078,7.600996982024766,0.0633071010397087
2021-04-25,0.010192697607250667,0.16776801176658265,-0.32347124981958175,7.2755422840894655,7.598959166613334,0.057274988637179274
2021-04-26,0.008172296634761655,0.16696175142004768,-0.31924282907999285,7.2769440435100305,7.596132505294309,0.04666309450121362
2021-04-27,0.006051858407957546,0.16618112267912763,-0.31513527734805363,7.278150528274246,7.593231438326586,0.035137627937227536
2021-04-28,0.004257393679265367,0.16542428385317226,-0.3111956643328092,7.279538837734842,7.590680134771938,0.02509047376934078
2021-04-29,0.0028707068345357988,0.1646912732284722,-0.3077185170161895,7.280896287582032,7.588560437302508,0.01713220883076419
2021-04-30,0.0018724143770801815,0.16398200421823386,-0.3048103306129744,7.282096912517553,7.586852875834815,0.011289505537075173
2021-05-01,0.0011860358882375551,0.1632965776302533,-0.302482116724375,7.28305332132933,7.585481070757991,0.007210706729828456
2021-05-02,0.0007369828674711994,0.1626365907895894,-0.30067947061761086,7.283746927574664,7.584372030896561,0.004511028625830325
2021-05-03,0.0004496030846551827,0.1620072205784201,-0.2992912542072643,7.284218393991025,7.583455280902576,0.0027675235457491755
2021-05-04,0.0002609463461243845,0.16141059739514793,-0.2980471226321073,7.284677245644379,7.582670000980773,0.0016140524181669504
2021-05-05,0.00015484658986946378,0.16084698714000134,-0.296724433313644,7.285330224951441,7.582000290969371,0.0009617691071100823
2021-05-06,9.080798111927873e-05,0.16031419333639557,-0.29502621272087987,7.286431613131849,7.581403458557015,0.0005661168939460199
2021-05-07,5.270616021617989e-05,0.15981199463940135,-0.29287095942332786,7.288046565911504,7.580863158039118,0.00032969229575104537
2021-05-08,-9.746813933609055e-18,0.15933960051905954,-0.29006755895030756,7.2903248661039655,7.58033805775856,-6.117006633541285e-17
2021-05-09,8.985786163271496e-05,0.15889664421768387,-0.28658427360185723,7.293455053012673,7.579984959318817,0.0005651917644422787
2021-05-10,0.0005006619811891847,0.15848187049473325,-0.28240293693134255,7.297632420079793,7.579980989715423,0.003149163454576426
2021-05-11,0.000871195240990825,0.15809255318175636,-0.27768273012267797,7.302333842835283,7.579962205662247,0.005480464883565616
2021-05-12,0.001984850270764188,0.15772637736489614,-0.27241882909726217,7.308345223073612,7.580709684875161,0.012427744123864028
2021-05-13,0.0069703001002293105,0.15738105886572917,-0.26661520473706113,7.318788978764111,7.585349816205459,0.04241096723558607
2021-05-14,0.013342656062212742,0.1570529918063711,-0.2604072560029909,7.3310412164008065,7.591394105108084,0.07830397213256965
2021-05-15,0.016845969948419776,0.1567337790736842,-0.2539726935214306,7.340659880035887,7.5945782062616045,0.09705031861910676
2021-05-16,0.017044625936719508,0.15641651690685068,-0.24728418324650744,7.347229784132277,7.594459600083071,0.09826192573912995
2021-05-17,0.014998472697610706,0.1560957264908937,-0.2404100177017243,7.3517370060219935,7.5920926564280045,0.0876620760303277
2021-05-18,0.01196079704355558,0.15576541530710025,-0.23352320642486804,7.355255830461002,7.588724669590157,0.07131143591646731
2021-05-19,0.008880048414628501,0.15542322932118338,-0.22656310078388636,7.35879300148714,7.585301734975312,0.054046690589502386
2021-05-20,0.00624854023048617,0.15506610994189068,-0.21952243835141558,7.362845036356175,7.582313107411878,0.03873510697143213
2021-05-21,0.0042184070858666736,0.15469198722569175,-0.21245934910588035,7.367503869740892,7.579908851551059,0.026545822280171924
2021-05-22,0.002755849339183367,0.15429907947031796,-0.20555690589691228,7.372550847447803,7.578053386049001,0.017547041408207283
2021-05-23,0.002382102224175754,0.15388778192431452,-0.19875431789938552,7.378568390784318,7.577268341387991,0.015243514367184406
2021-05-24,0.005494193912616232,0.15346487051511928,-0.19199780847869657,7.388014080484253,7.579957521667236,0.03456357731089913
2021-05-25,0.011861388890300669,0.1530389868417574,-0.18533183545125317,7.400621364816018,7.585898832971559,0.0719306359227095
2021-05-26,0.016675241906204015,0.1526170642023218,-0.1787418564518678,7.411603274191872,7.590290763348026,0.09849970320278026
2021-05-27,0.018129126830130047,0.15220439235953412,-0.17220049960632075,7.419185844118557,7.5913319764291645,0.10643311378979671
2021-05-28,0.017034294257275068,0.1518062810127347,-0.1657255148893249,7.4241678849158985,7.58983903250951,0.1008898141340364
2021-05-29,0.015630686270880254,0.1514253746748433,-0.15936681260536045,7.428742072875577,7.588054518185224,0.09356551436920721
2021-05-30,0.018378065727159113,0.15106549637841826,-0.153148768520202,7.437347618120589,7.590442019345078,0.10846128055138535
2021-05-31,0.02139215347794888,0.15072991437528363,-0.14704365439684514,7.446131237991601,7.593120525092733,0.12428478082304847
2021-06-01,0.021672271863648306,0.15042195497643526,-0.14105958785014952,7.452087463525148,7.5930926840795845,0.1259325908927032
2021-06-02,0.020260013121592937,0.15014221711647704,-0.1353197813049912,7.456135273468293,7.59140068747757,0.11889523448893567
2021-06-03,0.017530173118747452,0.1498939076439307,-0.12983576810946468,7.458641137188428,7.588422538002178,0.10470520751191272
2021-06-04,0.014037146688859574,0.14968280229676045,-0.12459104411238821,7.460181729408446,7.584718406225121,0.08573876779116572
2021-06-05,0.010529244784761969,0.14951257994858752,-0.11957104907153061,7.461523600197033,7.58104028197285,0.06579058194509504
2021-06-06,0.007494141400961775,0.14938353838987656,-0.11476284924550421,7.463167655080548,7.577876137030339,0.047770603255692934
2021-06-07,0.005204586137058425,0.14929315449534644,-0.11015487524225744,7.465395689925361,7.575496197871906,0.03368713429565065
2021-06-08,0.004234636848982129,0.14924252937026813,-0.10573670555627807,7.468793285198186,7.574475623458751,0.027591315068540727
2021-06-09,0.005826929816648607,0.14923738011925244,-0.10149888786361781,7.4746182466074975,7.576062767175402,0.03757750457895363
2021-06-10,0.010392760305243257,0.14928671548606887,-0.09743279150240036,7.483299508824126,7.580677933030812,0.06508513541731398
2021-06-11,0.01405925457808407,0.14939862753897448,-0.09353048569428135,7.490980220957991,7.584456339356559,0.08601148134303913
2021-06-12,0.01477710770281904,0.14957714922386553,-0.08978463899860938,7.495622442463289,7.585352714166185,0.08991010016497983
2021-06-13,0.013190026908199946,0.1498273480087861,-0.08618843626818881,7.497881763184012,7.584015832156487,0.0809117857217168
2021-06-14,0.01245740344142818,0.15015155709252886,-0.08273551002057959,7.500926275048592,7.583607417773457,0.07660957551491601
2021-06-15,0.018416535097633788,0.1505511307792643,-0.07941988367386933,7.510600606738243,7.589966123116398,0.10899443394720981
2021-06-16,0.024288962998733545,0.15102549541176155,-0.0762359245396187,7.52013135840609,7.596312915649996,0.13854512182823764
2021-06-17,0.025502437358695243,0.15156616289321823,-0.07317830483341499,7.524943119953712,7.598067057491414,0.14402574664516024
2021-06-18,0.02289749508869609,0.15216542343787054,-0.07024196926819183,7.525873773793589,7.596061375766067,0.1307958034826278
2021-06-19,0.021248747409157585,0.1528194403295593,-0.0674221080477372,7.5276989042261935,7.595066644978218,0.12207140020928339
2021-06-20,0.037737757379730556,0.1535284991740165,-0.0647141342865834,7.547604946802378,7.612264713793247,0.1973048359898548
2021-06-21,0.09440088244283369,0.15429040282661383,-0.06211366505515518,7.607630444749506,7.669689742508948,0.3795906331842467
2021-06-22,0.16339937073479435,0.15510068626520232,-0.059616505391743256,7.679936376143467,7.739498514239497,0.5130277597871703
2021-06-23,0.20016533333051842,0.15595408336591687,-0.05721863474073465,7.719953606490915,7.777117873935936,0.5620736302091164
2021-06-24,0.19663464598238564,0.15684559353670735,-0.054916195373829434,7.719616868680477,7.774478696758593,0.5562818624597106
2021-06-25,0.1682381130885226,0.1577712429254728,-0.05270548243120963,7.694356698118,7.747007813253496,0.5160530211326212
2021-06-26,0.131147194153889,0.15873375173902093,-0.05058293528571628,7.660350835142408,7.71087940313241,0.4524174355438264
2021-06-27,0.09610055132059578,0.15973748379588235,-0.0485451299875443,7.628345729664147,7.676836492355979,0.3756304307013734
2021-06-28,0.06886436496959827,0.16078039493432714,-0.04658877259174401,7.604108811847396,7.6506432171434255,0.2998734436544883
2021-06-29,0.04909628035313553,0.16186268883542526,-0.04469596847811653,7.587315825245658,7.631957426428062,0.23272904935960298
2021-06-30,0.03623942977662504,0.1629868232935206,-0.04288244146250137,7.577396636142858,7.620224710309646,0.1819008751013627
2021-07-01,0.027504236376447628,0.1641619445974166,-0.04114330796945612,7.571575697539622,7.6126646382133645,0.1435007273411376
2021-07-02,0.020776081061419836,0.16539229607855663,-0.039472528236489966,7.5677486734387,7.607166834379477,0.11159833576783394
2021-07-03,0.015230016963210804,0.16668634975046379,-0.03786967830013766,7.565099512948751,7.602914823953175,0.08371988314378516
2021-07-04,0.010770226130728209,0.16805487986897372,-0.03633035408087328,7.5635475764540425,7.599823563239203,0.060227707236735324
2021-07-05,0.007356146976029694,0.16950258298097268,-0.03485330212314821,7.563058252369068,7.597857187196503,0.04159334954976839
2021-07-06,0.004793916306427266,0.17103856432503733,-0.033434166782432655,7.563451138384246,7.596830937870965,0.02726411121091476
2021-07-07,0.0028634629684920507,0.1726657062813383,-0.032069672321475035,7.564512321463569,7.596527626489331,0.016313316930341583
2021-07-08,0.0020649487520072525,0.1743837555519796,-0.030763661520784046,7.566737867318417,7.597447161543487,0.011702827516657459
2021-07-09,0.0018458485987584165,0.17618652951544062,-0.02951566611212477,7.569569536537288,7.5990308353537,0.010368050004782811
2021-07-10,0.0016009860095833911,0.17807437729130435,-0.028314064347855626,7.572414123488246,7.600673820540388,0.008910437024704104
2021-07-11,0.0012891640978953999,0.18005015323519544,-0.027160424173664273,7.57523171769464,7.602337774572591,0.0071091262328258084
2021-07-12,0.0017835135661539326,0.18211381939349952,-0.026051671465668964,7.578898486029198,7.604895790199154,0.009698419968631248
2021-07-13,0.0076303800244378025,0.18425969148047866,-0.024990582586578106,7.5879523134535525,7.612888528744417,0.03976432946528087
2021-07-14,0.02182241799840577,0.18647546813843352,-0.02397354066013154,7.605377170011922,7.62929634337634,0.10476543186842396
2021-07-15,0.03279857838675473,0.18874644415743516,-0.022995059252042042,7.619602787827362,7.64254347978369,0.1480447541095745
2021-07-16,0.03540216924362389,0.19104936597877104,-0.022055552643796696,7.625448807113812,7.647449992461896,0.1563344192339253
2021-07-17,0.03185830761723707,0.19337554665509912,-0.02115760843280325,7.625129070374747,7.646232311511836,0.14144546662473018
2021-07-18,0.02567581834173153,0.19570911036760322,-0.02030440055268976,7.622133352691859,7.642383385948835,0.1159781674905357
2021-07-19,0.01960648799688268,0.19803946660607952,-0.019485792359600254,7.619212986778576,7.638644411842463,0.09008432080738445
2021-07-20,0.014734556227206645,0.20035569025934358,-0.018691820515898384,7.617451250505866,7.636088703726051,0.06850406500477003
2021-07-21,0.010868086960987367,0.2026508979275756,-0.017938605478584165,7.6166332039451925,7.634517442128064,0.050899862448575695
2021-07-22,0.007784911062914507,0.20491116961393546,-0.017215948343664387,7.616532956868399,7.633694537916351,0.03660110255977003
2021-07-23,0.005400315863821176,0.2071297160581319,-0.016516000612230644,7.617066855844937,7.633528489161454,0.02540966006067473
2021-07-24,0.0036306368345716705,0.2093045219711985,-0.015844934221100358,7.618143049119884,7.633933616045271,0.01705043382658743
2021-07-25,0.0023773756581357986,0.21143655444738116,-0.015199786077957803,7.619666968562773,7.6348123873450175,0.01111889976935818
2021-07-26,0.0016098224814295394,0.21352967375827045,-0.014579002495074262,7.62161331827984,7.6361379534792,0.007482691507448443
2021-07-27,0.0015423676707436054,0.21558136662782293,-0.0139868470718083,7.624189711761972,7.638122191538067,0.007103634596771893
2021-07-28,0.001957318492246392,0.21759565684184703,-0.013424454805775476,7.627181345063532,7.640551432573594,0.008915016930505922
2021-07-29,0.002194847904819926,0.21957031716930064,-0.012884876380104876,7.62993311322923,7.642763622313621,0.009897171650409306
2021-07-30,0.002034638101128706,0.2215053667594935,-0.01236718330242004,7.632225646093416,7.6445384621001224,0.009101897006745206
2021-07-31,0.0017488814198019273,0.2234017266113426,-0.01186071629036221,7.634342716275996,7.646149065270645,0.007767606914745745
2021-08-01,0.0013655047377741007,0.22525870231864356,-0.011373200437928953,7.636303831153702,7.647622664295918,0.006025414299338997
2021-08-02,0.0009958530649288738,0.22707878411692622,-0.010905915197307046,7.638221546519762,7.649073094421356,0.004366347250329423
2021-08-03,0.0009599725534102101,0.22886326719537436,-0.010468392533367317,7.640407671750631,7.650821696988285,0.004177003833291785
2021-08-04,0.0019592914118559796,0.23061127816597893,-0.010048599481376744,7.643574794631672,7.653569026817335,0.008424502788175265
2021-08-05,0.0029064298998223207,0.2323144041453272,-0.009639193018453453,7.64663446556191,7.65621929128465,0.012356175470683203
2021-08-06,0.0034437472017519264,0.2339613804716539,-0.009244617549351004,7.649213334659269,7.658403584912906,0.014505782733090038
2021-08-07,0.004387952526596026,0.23554449730923566,-0.008865387570079895,7.652119886800966,7.660930907075332,0.018288282929626164
2021-08-08,0.005488816223575839,0.23705843374055915,-0.008502288346243144,7.655097786153106,7.663545707203635,0.022629884380826665
2021-08-09,0.010615410891382963,0.23849897415530047,-0.008151587709412225,7.662015621872485,7.6701128422861835,0.04261259697786485
2021-08-10,0.025253229776654892,0.23986147269564934,-0.007816741727258741,7.6783507852802595,7.686113159711804,0.09525397701884536
2021-08-11,0.036957138054834755,0.2411431468494667,-0.0074949981564801415,7.691658111283036,7.699098742143802,0.13289140666487367
2021-08-12,0.03967556352702172,0.24234036842151874,-0.007184579557657539,7.695884176926096,7.703014389188041,0.14068553947605106
2021-08-13,0.03564766617721803,0.24345284762713296,-0.006886174765208717,7.693267163574356,7.700098971043851,0.12772339861117918
2021-08-14,0.028619871035263703,0.24447644790875458,-0.006596320075248555,7.687552823403983,7.694094776183519,0.10479771805760024
2021-08-15,0.02127263289502488,0.2454142106541166,-0.006316567688649849,7.681423100395706,7.687685300788642,0.07976633797124322
2021-08-16,0.014951809687169373,0.24626305651478483,-0.006051039515245657,7.676216651221923,7.682213323441455,0.057239505180419606
2021-08-17,0.010073455762663877,0.24702458235518293,-0.0057980474309759535,7.672352815222085,7.678096495357347,0.03918137935399754
2021-08-18,0.006565480455186902,0.2477014380112483,-0.005556504865417962,7.669763238136231,7.675265375705935,0.025821213765382482
2021-08-19,0.004166602151868996,0.24829612255807434,-0.0053228386845447125,7.6681927105606125,7.673461181949444,0.01650383103745728
2021-08-20,0.0029373296794793433,0.24881581667829686,-0.005097195748543464,7.667708775144447,7.672751603597277,0.01166749938173559
2021-08-21,0.0035745900838561524,0.2492720197874785,-0.004881668731489799,7.669017765675059,7.673845067110835,0.014137385846996895
2021-08-22,0.004428529073547912,0.2496706417690165,-0.004675108121144069,7.670476887256634,7.675097628082065,0.017428349171165754
2021-08-23,0.00453564904747054,0.25002321375270836,-0.004476527797227205,7.671135159538165,7.67555732003968,0.01781768270638013
2021-08-24,0.004017693785119221,0.25033645388679815,-0.004285760153892103,7.671121212053239,7.675352604911418,0.015795668448471713
2021-08-25,0.003190805809405801,0.2506129809371587,-0.004106394936483414,7.670750216345295,7.674802243986065,0.01257193933277275
2021-08-26,0.002273555679984877,0.2508603629193835,-0.003934514718299512,7.670252228416283,7.674132375838869,0.008981631906797929
2021-08-27,0.0016115947513351493,0.25108149591307555,-0.003770772806717251,7.669975142392907,7.673691547903911,0.006377676362649065
2021-08-28,0.001362169051076907,0.2512770052901428,-0.0036107303088783365,7.6700812685675555,7.67363763158072,0.005391757056794103
2021-08-29,0.003205966364416071,0.2514505464720081,-0.003458516988030048,7.672250820383608,7.675654970075924,0.012589375110446865
2021-08-30,0.008666558142196922,0.25160229515712235,-0.0033112334796986686,7.678010444354834,7.68126731053882,0.0332984835962298
2021-08-31,0.013356947199755038,0.25173228760424776,-0.0031720721298342082,7.682969987209383,7.686087692043503,0.050386607398941234
2021-09-01,0.01477687686852869,0.2518378610666894,-0.003041508852896143,7.684626053617536,7.687613195174719,0.05542408114032754
2021-09-02,0.013529984414660955,0.25190957621841015,-0.0029149921400692205,7.683577393028216,7.686438017872572,0.05097199672268917
2021-09-03,0.011001878299251817,0.2519476431704306,-0.002789343170247799,7.681213002834649,7.683947978709183,0.04184026743140627
2021-09-04,0.008252833900085863,0.25194422246540055,-0.0026684881382476092,7.678581392762453,7.681195513604987,0.03171762976631642
2021-09-05,0.005840803549888295,0.25189612668795025,-0.0025533598902304088,7.676236394882822,7.678735387477339,0.02266188064123533
2021-09-06,0.003944194176991601,0.251802326001849,-0.002445998409110606,7.674353346304944,7.676744977418341,0.015422278958999995
2021-09-07,0.002582769282871084,0.2516572675542307,-0.0023409260695406602,7.672951935302775,7.675238494076602,0.010158782680345235
2021-09-08,0.0019149218149653576,0.2514615958784042,-0.0022377019509097593,7.672191640277673,7.67437497493287,0.007557613595758515
2021-09-09,0.0025267960261213035,0.25122010919072046,-0.002139930613466974,7.6726597991385885,7.674745362456342,0.009957938300614963
2021-09-10,0.003240014034372709,0.2509394169629354,-0.002055411740339385,7.673176843792183,7.675177888236808,0.012746956044633771
2021-09-11,0.0034559733214019144,0.25062702679112636,-0.0019742701323797306,7.673161554515362,7.675081457352029,0.013601749506544449
2021-09-12,0.0034959436710496924,0.25028787411233555,-0.0018949722430161527,7.672941670075583,7.674782275022886,0.013775282055350044
2021-09-13,0.003268990099809299,0.2499239870030159,-0.0018141507776021522,7.672431650860437,7.674191434342326,0.012911061504212722
2021-09-14,0.0038469324667352958,0.24953944232258812,-0.0017333695434936858,7.6727058297810435,7.6743848320288235,0.015182081001529008
2021-09-15,0.00814578159114511,0.24913393545682389,-0.0016544381123311856,7.676678103470851,7.6782781742874695,0.03166118839296747
2021-09-16,0.017420797713666322,0.24870567723445566,-0.0015773772076924267,7.6856019222756435,7.687124932187622,0.06546059619608417
2021-09-17,0.04418002560175618,0.24826008069330213,-0.0015041818803422445,7.7119887489499295,7.713438563534559,0.15107375715826274
2021-09-18,0.0701108851431605,0.24780055450613936,-0.0014343365125188748,7.737529927671995,7.7389098968888,0.2205358989928216
2021-09-19,0.0797916797587672,0.24732985794025336,-0.001367184811863316,7.7468071774223715,7.748119994938521,0.24392059391754964
2021-09-20,0.07451892415142133,0.24684901940740755,-0.001300663855176468,7.741120104238866,7.742366400798329,0.23188039020382276
2021-09-21,0.06144567144790347,0.24635554882632257,-0.0012399421867829365,7.727614102622657,7.728799677513726,0.19962777078388555
2021-09-22,0.046564987912725044,0.24584447397815803,-0.001183383866924691,7.712278902559172,7.7134079191303835,0.1592458315528157
2021-09-23,0.034110420272968955,0.24531076143812686,-0.0011271774807435104,7.699346828765566,7.700419638950597,0.12207528457250967
2021-09-24,0.027639740834787183,0.2447499541255137,-0.0010754397736280744,7.692367079721887,7.693388152199802,0.10147131608196669
2021-09-25,0.0235900711785214,0.24415890802894633,-0.0010268359781597154,7.687774967764522,7.688747436446969,0.08810517690243898
2021-09-26,0.01947789150638788,0.24354587735193464,-0.0009785361741157165,7.6830980572194205,7.684022226097823,0.07405373130699693
2021-09-27,0.01518305873723516,0.24291719820126328,-0.0009401249090204656,7.678212956564692,7.679098714177999,0.05882620543401111
2021-09-28,0.01254348506142365,0.24228843812726375,-0.0008976738656057817,7.674987073858295,7.675830380428188,0.049222581317396284
2021-09-29,0.015389016055797608,0.24167025164742312,-0.0008624655797913796,7.677249626658643,7.678057724942721,0.0598656340745687
2021-09-30,0.018402378040025775,0.2410750981410431,-0.0008165717786201685,7.679713728937663,7.68047593342057,0.07092090732061926
2021-10-01,0.018408359352068193,0.24051245249833808,-0.0007753920573432643,7.679198244328277,7.679919269089907,0.07109648398099332
2021-10-02,0.016072133456140923,0.23998537492184058,-0.0007385955818546974,7.6763717373313405,7.677055965617482,0.06276767105151981
2021-10-03,0.012535877166213584,0.23950332194887483,-0.0007013844674862345,7.672390639182816,7.673037656354589,0.0497378074927517
2021-10-04,0.010763157920835003,0.2390709260528345,-0.0006739181410115861,7.6702129903678715,7.67083254121317,0.04308122314475455
2021-10-05,0.015258098819211318,0.23869811591333076,-0.0006456861286371917,7.674363353139118,7.674954671972043,0.060081612238868105
2021-10-06,0.02076034224633901,0.23839409376448373,-0.0006137042868914548,7.679593556259145,7.680152893250323,0.08010799493114609
2021-10-07,0.023879855035493888,0.2381658348635273,-0.000586877211778971,7.682511637222456,7.683044147138522,0.09112859305068496
2021-10-08,0.027322997903665686,0.23800755394025774,-0.0005563542345995805,7.6858270221445375,7.6863290090834235,0.10297720226254992
2021-10-09,0.029905780404291614,0.23791825536800493,-0.000528293145769084,7.688348567161741,7.688822493011797,0.11166204824766904
2021-10-10,0.02932096911169769,0.23789510119633805,-0.0005016161874370722,7.687767278655812,7.688214527547537,0.10972756645173952
2021-10-11,0.025717247212411202,0.23792749164798502,-0.00047392822620693256,7.6842236351694035,7.684643196099897,0.09754508026055798
2021-10-12,0.02093898829161958,0.23801201142711026,-0.0004508427218696658,7.679552981532074,7.67994945695823,0.08086081271886696
2021-10-13,0.017445956681015035,0.2381435284465721,-0.0004296931694342948,7.676212616493367,7.676587942367088,0.06825772457856091
2021-10-14,0.015110538533587632,0.23832054961970903,-0.00040915485393359864,7.6740747578345765,7.6744295453927975,0.05962385531978418
2021-10-15,0.013673675610367,0.2385382090169736,-0.0003889498908575827,7.6728757592716965,7.673210341866841,0.05421503285053653
2021-10-16,0.012106198363956888,0.23879863830755407,-0.0003702292451296656,7.671587431961595,7.6719032939110114,0.04825015940129737
2021-10-17,0.010001097716740251,0.23909967361679535,-0.00034814235574951623,7.669805453513,7.6700992285730365,0.04014880268415225
2021-10-18,0.0077149993083031315,0.2394415106350273,-0.00032955396787661973,7.667879780510668,7.668154967182831,0.03121503580897818
2021-10-19,0.005619514211287586,0.23983048278665897,-0.0003145475346420722,7.666188273998518,7.666448454237447,0.022894741413806572
2021-10-20,0.003907899086036892,0.24027501869273105,-0.00029571921046392255,7.664940023103518,7.6651813750182685,0.016003982267004797
2021-10-21,0.0025664650646889417,0.24077870684559197,-0.00027705949882375565,7.664120936946671,7.664343629149782,0.010546603594153795
2021-10-22,0.0016628426746668396,0.2413393247801072,-0.00026626979856189106,7.663788722191426,7.664000624694275,0.006842912934002191
2021-10-23,0.0010533777633326257,0.24195925227982987,-0.00025590463052118447,7.663809549947855,7.664011087282663,0.004334662618751671
2021-10-24,0.0006217989935527286,0.24263654222286024,-0.00024594709910987547,7.664065218652517,7.664256798455914,0.0025561260939436802
2021-10-25,0.0003659504200710336,0.24337288462543577,-0.00023638098959113282,7.66455527859113,7.664737292285007,0.0015014038284162205
2021-10-26,0.00021817064153731495,0.24417085150214507,-0.00022719074028024132,7.665214655938616,7.665387479383183,0.0008927186647894807
2021-10-27,0.00013009175527195225,0.24502733219564268,-0.00021294279001418217,7.665997305696115,7.666155881190415,0.0005306457914894684
2021-10-28,0.00043604868569013507,0.24593950471303383,-0.00019812358853651211,7.667230254345402,7.667374010638224,0.001769853703725434
2021-10-29,0.007875921941241523,0.2468970949255077,-0.00018031855629575792,7.6756455228456675,7.6757714741062495,0.03091348541576822
2021-10-30,0.0361334794509577,0.2478948944591021,-0.00016843292577364233,7.7049127655195,7.70502683114956,0.12721785134889269
2021-10-31,0.06111400781681004,0.24892014806047658,-0.00015495449902108884,7.7309320259134795,7.7310326131167875,0.19712024194198569
2021-11-01,0.06933357632266951,0.2499594546343884,-0.0001447155027434795,7.740201139989528,7.740291488196559,0.21714716451795738
2021-11-02,0.06407018381739557,0.25100103093409515,-0.00013410881894925885,7.735989930467755,7.736069671990991,0.20335143554110552
2021-11-03,0.054463889568124396,0.25203511112138155,-0.0001289038922725458,7.7274229213324475,7.727497457929006,0.17769679328676896
2021-11-04,0.052586308686665875,0.2530519339011118,-0.00012127962827517455,7.726569787494716,7.726636699827278,0.17205408669225472
2021-11-05,0.05657607337049381,0.2540421992104294,-0.00011192136923183758,7.731559175746905,7.7316167298204235,0.18214019703478465
2021-11-06,0.05957959904963331,0.2549963084904147,-0.00010441163641702394,7.735524320438845,7.7355743647795485,0.18939657367768492
2021-11-07,0.05691054811043827,0.25590502609124416,-0.00010036403898643791,7.73376803469791,7.733814031441183,0.18193003419243498
2021-11-08,0.049276718458903884,0.25676436593995866,-9.23753037621772e-05,7.727001533630315,7.727039541638363,0.1610134095417126
2021-11-09,0.03930208244951473,0.2575690522017903,-8.478762363194148e-05,7.717839171562887,7.717869591890805,0.13238768563901523
2021-11-10,0.029342122659320593,0.25832357203667994,-8.150357784433752e-05,7.70863701565337,7.708664151935501,0.10200077103503348
2021-11-11,0.02079253137765682,0.25902796330565125,-7.396666858053341e-05,7.700799352549941,7.700818951922809,0.07430667793361292
2021-11-12,0.014136282084846852,0.259687144933822,-6.578122252558724e-05,7.694810470331357,7.694821884258169,0.05162553927090783
2021-11-13,0.009295846794254624,0.2603022109390294,-5.788441504570381e-05,7.690592997853452,7.690596514972785,0.03448039230108659
2021-11-14,0.005936484076707198,0.26087700427030824,-5.564455333553266e-05,7.687810668328893,7.687811945586516,0.02224956509314947
2021-11-15,0.0035176648186438413,0.2614217279368848,-5.00534013167219e-05,7.685942163889425,7.685937849995029,0.013277243455788196
2021-11-16,0.0021651895645966304,0.26195255939568524,-4.291180476978807e-05,7.685127661690726,7.685116206199782,0.008197819242061739
2021-11-17,0.0013123010516333379,0.2624857927017934,-3.7443915164231716e-05,7.684813474373477,7.684796550992927,0.004974641904956113
2021-11-18,0.0007839292629879971,0.26303648702054155,-3.119324590258017e-05,7.6848420475728405,7.68481887352303,0.002971450329854317
2021-11-19,0.00046246164723980884,0.2636155879019174,-2.416301489029325e-05,7.685106711069481,7.685076506788658,0.0017512309259680565
2021-11-20,0.00019709510090938704,0.2642340287852198,-1.777637126197228e-05,7.685466172050081,7.6854295811256295,0.0007453551534056985
2021-11-21,7.20010012934412e-05,0.2648956192315143,-1.2987453119052245e-05,7.686007457314902,7.685966077472308,0.0002717350943869261
2021-11-22,1.4351414133539465e-05,0.2655970646371494,-9.078401264551522e-06,7.686655162185232,7.6866098732907835,5.403161636233499e-05
2021-11-23,5.2706160216385785e-06,0.2663367395699599,-4.418813092345851e-06,7.687390415908103,7.687340467425482,1.978890231382653e-05
2021-11-24,1.126975361073547e-17,0.267113046502503,-4.678470688132347e-18,7.688165871037717,7.688111503742004,4.2190951577611786e-17
2021-11-25,1.218351741701132e-17,0.2679229173598558,-9.356941376264695e-18,7.68897574189507,7.6889213745993565,4.547396518770826e-17
2021-11-26,2.147344944748245e-17,0.2687669497983878,-1.2164023789144104e-16,7.689819774333602,7.689765407037888,7.989616827363071e-17
2021-11-27,3.228632115508e-17,0.269635545266416,-9.356941376264695e-18,7.69068836980163,7.6906340025059166,1.1974059697203195e-16
2021-11-28,3.563678844475811e-17,0.270513737042453,4.678470688132347e-18,7.691566561577667,7.6915121942819535,1.3173744459108726e-16
2021-11-29,1.035598980445962e-17,0.2713848786484855,-2.807082412879408e-17,7.6924377031837,7.692383335887986,3.815978935905762e-17
2021-11-30,0.0017072993710218875,0.27223421108435614,-4.2106236193191126e-17,7.694994334990592,7.694939967694879,0.0062323499939232006
2021-12-01,0.01068072984381995,0.2730510124371193,-5.146317756945582e-17,7.704784566816153,7.70473019952044,0.03764376082124903
2021-12-02,0.023061315334285223,0.2738201183215075,-6.602137317687442e-10,7.717934257530793,7.7178798908952935,0.07767853668149131
2021-12-03,0.030257400196160033,0.2745360907890184,-3.3659096232219965e-07,7.72584597892943,7.725791948224679,0.09927180563587362
2021-12-04,0.03050693091614143,0.27519620346451684,-9.193640096098482e-06,7.726746765275776,7.7267015916201585,0.0997926664309386
2021-12-05,0.026455376606599645,0.27579441594634807,-8.462210457263677e-05,7.723217994983589,7.723248249792448,0.08752818780500975
2021-12-06,0.021751031306866727,0.2763231284876271,-0.0004145238371119865,7.718712460492596,7.719072617033994,0.07297187827976401
2021-12-07,0.019689533723005862,0.276780704218726,-0.001302510704909477,7.716220551772036,7.717468695181232,0.06641318825020012
2021-12-08,0.019024277829495572,0.27716004548946305,-0.002959394087003842,7.714277753767169,7.717182780558459,0.06423121121440474
2021-12-09,0.017462122403754807,0.27745479909672205,-0.005348507633369132,7.710621238402322,7.715915378739977,0.05921031019485456
2021-12-10,0.014702599309868163,0.27766470015200917,-0.008276359039956495,7.705143764957135,7.713365756701378,0.05028811134805204
2021-12-11,0.011458721384918633,0.2777918961719139,-0.011632457993018111,7.698670984099028,7.710249074796333,0.03961520110727922
2021-12-12,0.011719837545351408,0.2778440623213896,-0.015550563656270814,7.695066160745684,7.710562357106242,0.040474097602446114
2021-12-13,0.0246523999954714,0.2778329199652898,-0.020350822046768108,7.703187322449207,7.723483777200261,0.08149949226848213
2021-12-14,0.039736003563531075,0.2777708066982389,-0.026324625763599126,7.712235009033384,7.738505267501271,0.12515008270459
2021-12-15,0.05768902568095686,0.2776609735162004,-0.03347330904247793,7.722929514689893,7.756348456436657,0.17202631823189785
2021-12-16,0.0823132358683296,0.27751124325552956,-0.041437593281092956,7.73943971037798,7.78082293636336,0.2287594108904293
2021-12-17,0.09717286306919813,0.2773293292501216,-0.049671107200766895,7.745883909653767,7.795500649558821,0.25947208070371874
2021-12-18,0.09527971708760248,0.27712655732855357,-0.05764575175388486,7.735813347197485,7.793404731655657,0.25584885012202946
2021-12-19,0.08179818402040596,0.27691374326204754,-0.06499676771329327,7.714767984104374,7.7797103845219535,0.22803307556594635
2021-12-20,0.06395794239939562,0.27669983042068413,-0.07166946105095313,7.69004113630434,7.761656230059581,0.18774837242059747
2021-12-21,0.0467437610120137,0.27649593409863904,-0.07799032369662784,7.666302195949239,7.744238152350153,0.14461021254215753
2021-12-22,0.03247495590623995,0.2763065725567883,-0.08452195847342964,7.6453123945248125,7.729779985702529,0.10517130369774796
2021-12-23,0.021677445143881903,0.27613541402037983,-0.09182068441696956,7.627044999282506,7.718811316403762,0.07278881511266605
2021-12-24,0.014033487789202407,0.27598585980064,-0.10030608648147611,7.61076608564358,7.711017804829343,0.048388108951438503
2021-12-25,0.008864548660332408,0.27585910715524825,-0.11026339252295612,7.595513087827839,7.7057221130550815,0.031133867802238726
2021-12-26,0.005483533262573418,0.2757643524684696,-0.12186672947266314,7.580433980793594,7.702246342970543,0.019497153723734353
2021-12-27,0.003332930028071358,0.2757164947844011,-0.1351505662341908,7.564951683113495,7.700047882051972,0.011943869908748829
2021-12-28,0.003343519078793698,0.27572691591012133,-0.14997441985070906,7.55014883967342,7.7000688922284155,0.011980914706806924
2021-12-29,0.008667225270571332,0.2758042214568947,-0.16603466738507042,7.53948960387761,7.705469903966966,0.030467821534562824
2021-12-30,0.014184954772632258,0.27595061285782607,-0.18290831939853153,7.52828007276714,7.711134024869959,0.04889078194886964
2021-12-31,0.01610525446060745,0.2761666696159408,-0.20001507159280044,7.513309677018961,7.713270381316049,0.05510366591486004
2022-01-01,0.014880833933191654,0.27645309205134894,-0.2166354377693065,7.495751312750448,7.712332383224041,0.051078273437956186
2022-01-02,0.012256919000029379,0.27681053393314814,-0.2320915912827539,7.478028686185637,7.710065910172678,0.042401587849680046
2022-01-03,0.009281370324121647,0.27723945364629204,-0.24593592342185105,7.461637725083777,7.7075192812099145,0.03239335345859555
2022-01-04,0.006611869237502916,0.2777381398080999,-0.25822113099516314,7.447181702585653,7.705348466285104,0.023252572629398206
2022-01-05,0.004500131686003943,0.27829908941514175,-0.2695862489044575,7.434265796731902,7.7037976783406465,0.01591281499461567
2022-01-06,0.0029564386523765677,0.2789106826722849,-0.2805190917751579,7.422400854084717,7.702865578564162,0.010488767325832477
2022-01-07,0.00188825885263724,0.27955845285142633,-0.29136138480086465,7.411138151438413,7.702445168943564,0.006709116767449435
2022-01-08,0.001178568900830842,0.28022663699750344,-0.3021330444401778,7.40032498599337,7.702403663137835,0.004188155997571111
2022-01-09,0.0007216609021990275,0.28090221459704706,-0.31280485074080605,7.3898718492936535,7.702622332738747,0.002562499010141487
2022-01-10,0.00043479864284560495,0.28157866918842583,-0.3233248862296096,7.379741406136875,7.703011925070772,0.0015417655269774023
2022-01-11,0.00025836451941661266,0.2822490800575844,-0.3336401268883464,7.369920142223869,7.703505901816501,0.0009145405700846658
2022-01-12,0.000151696630665844,0.28290708887335986,-0.3440116263637342,7.360099983675505,7.704057242743526,0.0005359191745125557
2022-01-13,8.814003843621427e-05,0.28354716459515444,-0.3545088406920946,7.35017928847671,7.704633761873091,0.00031075129575310257
2022-01-14,5.270616021620913e-06,0.28416450127569687,-0.36515508473857644,7.340067511688356,7.705168229131219,1.8547419686951276e-05
2022-01-15,7.919286321057358e-18,0.2847549312620088,-0.37596619327792186,7.3298415625193005,7.70575338850151,2.78108838570759e-17
2022-01-16,8.833050127333206e-18,0.2853130458670354,-0.3869298799496772,7.319435990452572,7.7063115031065355,3.0959152605484705e-17
2022-01-17,1.035598980445962e-17,0.28583615044486244,-0.3977554591254266,7.30913351585465,7.706834607684363,3.6230511040475554e-17
2022-01-18,1.7056924383815846e-17,0.28632451906579115,-0.40813716918460347,7.2992401744164015,7.707322976305291,5.95720004681001e-17
2022-01-19,2.9240441800827164e-17,0.28677550763852516,-0.4179604756657012,7.289867856508038,7.707773964878026,1.0196282814250705e-16
2022-01-20,1.4620220900413582e-17,0.2871841838161934,-0.4271208867261553,7.281116121625252,7.708182641055694,5.090886519631934e-17
2022-01-21,1.7056924383815846e-17,0.28754405097263647,-0.43549824588867514,7.2730986296191755,7.708542508212137,5.93193436835841e-17
2022-01-22,1.7056924383815846e-17,0.28784211724948494,-0.44307596297086677,7.265818978813832,7.708840574488986,5.925791731524782e-17
2022-01-23,1.218351741701132e-17,0.288075533664373,-0.449967017511734,7.259161340687853,7.709073990903874,4.229278780476346e-17
2022-01-24,1.7056924383815846e-17,0.2882400474995698,-0.45633924126426295,7.252953630770521,7.70923850473907,5.917610870446899e-17
2022-01-25,0.00017971572326547133,0.2883319575499029,-0.462283792561856,7.247280705246526,7.709510130512669,0.0006229062457910084
2022-01-26,0.002528907610134772,0.28834832211997546,-0.4679508018741032,7.243979252391221,7.711875686969611,0.008694072108982933
2022-01-27,0.01025364416219775,0.28828684555053036,-0.4733884610890306,7.246204853158911,7.719538946952229,0.0343459078936474
2022-01-28,0.01680314668245252,0.28814759788649474,-0.4788064164523478,7.247197152651814,7.725949201808448,0.055101182671988665
2022-01-29,0.018786776752374765,0.2879289281366,-0.4839028516614816,7.243865677762707,7.727714162128475,0.06125143399218902
2022-01-30,0.017216882383340303,0.2876289046120374,-0.4882258506161931,7.237672760914398,7.725844244234878,0.05647735057464107
2022-01-31,0.013980898751026817,0.28724672778651017,-0.4915775819904795,7.230702869082271,7.722226083777038,0.04641306945093435
2022-02-01,0.01046840901560315,0.2867823083128141,-0.4941373061223272,7.224166235741304,7.718249174567918,0.035217439034931367
2022-02-02,0.007395575426263627,0.28623585939323776,-0.49617440954775455,7.218509849806961,7.714629892059002,0.025186592950478114
2022-02-03,0.005001302702703753,0.28561147601493164,-0.49801613717667076,7.213649466076179,7.711611235957136,0.017209507182624987
2022-02-04,0.0032689781395314524,0.28490654224629103,-0.4998687781969774,7.209359566724059,7.709173977625323,0.011343705166749748
2022-02-05,0.002618384513593918,0.28412201319629804,-0.5018272105563062,7.205966011688799,7.707738854949392,0.009131550819159616
2022-02-06,0.01031776566817627,0.2832623364577445,-0.5040078912832013,7.210625035377934,7.714578559365421,0.03514463546221818
2022-02-07,0.045671493148074165,0.28233683330103737,-0.5066156315495465,7.242445519434779,7.749006783688612,0.13923882250946398
2022-02-08,0.09931744603862418,0.28135336692810536,-0.5094083583927468,7.2923152791091965,7.80166927020623,0.26090113204267246
2022-02-09,0.13432893803431545,0.28031846390763926,-0.5118706845492863,7.323829541927882,7.835645859181455,0.32395943494448753
2022-02-10,0.13870961426323578,0.27923781474638404,-0.5134127441733695,7.325587509371465,7.83894588624912,0.3318829226726578
2022-02-11,0.12587993332809805,0.2781164872379093,-0.5136892390398788,7.311360006061342,7.824994877805508,0.3115867540403889
2022-02-12,0.11942299488629743,0.2769590501559698,-0.5123723743062872,7.305062495271194,7.817380502281767,0.30128255399046405
2022-02-13,0.1152091656349492,0.2757696554034379,-0.5094730437601197,7.302558601813481,7.811977278277888,0.29466855859089547
2022-02-14,0.10667346246949855,0.2745520971766859,-0.5052860271812611,7.296992357000137,7.802224016885685,0.27981718373894504
2022-02-15,0.09171295169480075,0.2733098569565185,-0.49991744156462337,7.28615819162191,7.786021265890819,0.2512526601657041
2022-02-16,0.07304107702387407,0.2720473019929404,-0.49347447962625113,7.272666723925777,7.766086836256315,0.21165904581305858
2022-02-17,0.054538440795039854,0.27077308715766385,-0.4861311388697028,7.260233213618215,7.746309985192204,0.16764988667407163
2022-02-18,0.03867025544804397,0.26949881633693296,-0.47803711527396486,7.251184781046226,7.729167529024477,0.1254838950062643
2022-02-19,0.0263089364046064,0.26823500178114434,-0.4695061936268782,7.246090569094086,7.715542395425251,0.08932092293821023
2022-02-20,0.01758142152536039,0.26699292130811625,-0.46107751448688566,7.244549652881805,7.705572800072977,0.06178147105710246
2022-02-21,0.012586813163111818,0.26578197654690433,-0.4533890291415813,7.246032585103649,7.6993672469495165,0.04521632319565646
2022-02-22,0.009534048427538484,0.264611902480736,-0.44665071860228983,7.248548056841199,7.695144408147775,0.0347772724563364
2022-02-23,0.007216808615989571,0.26349813901340247,-0.440843872329308,7.250923899835298,7.691713404868892,0.026658330761511407
2022-02-24,0.006109869901534565,0.2624605070063747,-0.4358249114349338,7.25379829000819,7.689568834147409,0.022749604673003805
2022-02-25,0.005842345490187635,0.2615198125639084,-0.4316320732359713,7.256782909353339,7.688360615293597,0.021851804057496944
2022-02-26,0.00535844300489397,0.260692789771577,-0.42797174580915204,7.259132311502533,7.6870496900159715,0.02014064339779244
2022-02-27,0.004604787009595183,0.25999290932963776,-0.42423100238382494,7.261419518490622,7.685596153578733,0.01740297467930908
2022-02-28,0.0038894861097556943,0.25943004234732053,-0.4201506918686119,7.2642216611236785,7.684317985696577,0.014770974764181686
2022-03-01,0.003347603106522689,0.25900353636238793,-0.4156771473303899,7.2677268166737345,7.683349596708411,0.012760009784212847
2022-03-02,0.002892190385116422,0.2587086499943654,-0.4108657870217236,7.271787877892972,7.6825992976189825,0.011055738127297186
2022-03-03,0.003087313662594097,0.2585395630205862,-0.4057142798722931,7.276965421346101,7.68262533392268,0.011800445358420538
2022-03-04,0.0032589852151261828,0.25848763071353276,-0.4004313450045094,7.282368095459363,7.682745073168159,0.012450916332054678
2022-03-05,0.0030463027774193315,0.25854585738486724,-0.39497664268334065,7.28766834201416,7.682590617401787,0.01164523728665823
2022-03-06,0.0025530012252533117,0.25870671162671494,-0.389241585219372,7.29307095216781,7.682258170091469,0.009771890190738522
2022-03-07,0.0019691966038690605,0.25895759220926307,-0.38343939829311674,7.29854021505523,7.681925246052632,0.007546931508360145
2022-03-08,0.0014270440666633213,0.2592812219418063,-0.37809808599490924,7.303663004548774,7.68170672324797,0.005473720064621814
2022-03-09,0.0009768195193815702,0.25965845585120445,-0.37344529899888274,7.308242800906918,7.681633732610086,0.003747840801643879
2022-03-10,0.0006509180356137153,0.26007366985789226,-0.369615351478941,7.312162060949779,7.6817230451330065,0.0024965732648107026
2022-03-11,0.0004207731252584552,0.26051438229966684,-0.36671047062281076,7.315277509337329,7.681933612664426,0.0016125582027198995
2022-03-12,0.0002592816328894092,0.2609698765760914,-0.3647093501971651,7.317572632547029,7.682227615448482,0.0009925447628705614
2022-03-13,0.00033714847687950215,0.2614348203363335,-0.3635014618802599,7.319323331468167,7.682770426052714,0.0012879472099630116
2022-03-14,0.0010971630078083642,0.26190235653417593,-0.36321373849340344,7.320838605583795,7.683997976781485,0.004171730084218716
2022-03-15,0.0018897082288608948,0.26236218428634006,-0.36377626847798966,7.321528448572425,7.685250349754702,0.00715116251722659
2022-03-16,0.0029737481929350477,0.26280683931592286,-0.364937405588423,7.321896006455649,7.686779044748358,0.011188733612216652
2022-03-17,0.005420124741129967,0.263229878807227,-0.3662499385123944,7.323452889571176,7.689648460787858,0.020175412877500097
2022-03-18,0.007875328240536935,0.26362398881940524,-0.3672004852003862,7.32535165639477,7.692497774299443,0.02900680681564368
2022-03-19,0.008785108423346892,0.263984359807286,-0.36734859885091287,7.3264736939149335,7.693767925470134,0.03220708124092129
2022-03-20,0.008173517172214208,0.264304771791495,-0.36636657811692996,7.327164535381993,7.69347674620321,0.029996948392841758
2022-03-21,0.011412720353583889,0.26458071091421775,-0.364200117317172,7.332846138485843,7.696991888507302,0.04135142021735261
2022-03-22,0.031237969191086228,0.26480791048561914,-0.36103255424396863,7.35606614996795,7.717044336916206,0.1055173246295453
2022-03-23,0.06131638877619421,0.2649822749980292,-0.3574435502045173,7.38990793810492,7.747297121013724,0.18791492452638728
2022-03-24,0.12926181945783252,0.26510080867917724,-0.35359482322257235,7.461820629449651,7.8153610853765105,0.3277740085780245
2022-03-25,0.21365044391392277,0.2651581490171222,-0.3494392744912037,7.550422142975055,7.899807050170545,0.4462126350031721
2022-03-26,0.2693506490217778,0.26515570897061663,-0.34508738630983943,7.610471796217769,7.955504815231895,0.5039241254930226
2022-03-27,0.2747061322721187,0.2650931409732333,-0.3404417614462356,7.620410336334331,7.9607977304848525,0.5089042277151381
2022-03-28,0.2419210128968208,0.26497334528059435,-0.3352392739833918,7.5927079087292375,7.927892815416915,0.4772612063915445
2022-03-29,0.1941269909490333,0.264799822092629,-0.32948252680065193,7.550497110776224,7.879925270281163,0.42300206793846684
2022-03-30,0.14903241023437747,0.2645768666715384,-0.3234996800456056,7.511162421395524,7.834607734145417,0.3603217300860445
2022-03-31,0.11090421038658199,0.2643054252144579,-0.3173518683439406,7.478910591792313,7.796208092840541,0.2955793238330008
2022-04-01,0.07976554814698068,0.2639899744773198,-0.3110832377318781,7.453725109427636,7.764753979863801,0.2320415030369085
2022-04-02,0.05542641881112689,0.26363925950459904,-0.3048596215768579,7.435258881274082,7.740064135555226,0.17371476337947145
2022-04-03,0.03732483505582656,0.26326336124647043,-0.29857281001916736,7.423068210818344,7.721586653541798,0.12417265719339671
2022-04-04,0.024449665798490932,0.2628777422226181,-0.29230863606137125,7.416071596494952,7.708325865260609,0.0850933990839283
2022-04-05,0.015723465126273505,0.26250201277219254,-0.2862212601503739,7.413057042283306,7.699223935137966,0.05651339066802334
2022-04-06,0.010380636164609922,0.26215996126661784,-0.28046728384486863,7.413126138121573,7.693539054670728,0.03808840320469814
2022-04-07,0.007325306921740772,0.26186405000070956,-0.27513599099684594,7.415106190460818,7.690187814161951,0.027212468596412936
2022-04-08,0.005921016394929267,0.2616263600398877,-0.2701917934907285,7.418408407479302,7.6885458336743175,0.022130721197229957
2022-04-09,0.004516092236905435,0.26145694112556433,-0.2655392847961237,7.42148657310156,7.68697149060197,0.01697951171896015
2022-04-10,0.003433059416284892,0.2613687510666183,-0.26096860480589834,7.424886030212218,7.685800267722404,0.012964637250871613
2022-04-11,0.0025830913692839823,0.2613731281748536,-0.25637919186090563,7.428629852218446,7.684954676783638,0.009786059876691216
2022-04-12,0.0019259269527142483,0.26147779904621304,-0.2518543469519654,7.432602203582176,7.6844021832384275,0.007311692138789606
2022-04-13,0.0045062955036696516,0.2616890669225838,-0.24777315673693312,7.439475030224534,7.687193819665754,0.01692852746417801
2022-04-14,0.018439889840050034,0.26200630189905305,-0.2442342569686518,7.457264759305665,7.701444648978604,0.06575197090643513
2022-04-15,0.031063097094095264,0.2624262297175752,-0.24139115785746257,7.473150993489422,7.714487784051171,0.10584063629008282
2022-04-16,0.03523830097230917,0.2629374547285171,-0.23920061962010866,7.4800279606159314,7.7191742129403265,0.11817963163868163
2022-04-17,0.03256380116941882,0.2635277693767326,-0.23747179364195778,7.4796726014394075,7.717090027785652,0.10997881874635516
2022-04-18,0.026584226151832275,0.26418087324598605,-0.2359558771789504,7.475862046754082,7.711763556637319,0.09142853185230573
2022-04-19,0.019978570617125782,0.26488401835692765,-0.2345434858006245,7.471371927708643,7.7058610462135535,0.07013406249335717
2022-04-20,0.014152114165893633,0.26562630016818856,-0.23329493347599314,7.467536305393303,7.7007768715735825,0.050583295353853336
2022-04-21,0.009590046402184194,0.26639538242136224,-0.23247470053717634,7.464563552821584,7.696983886063047,0.03474837944548032
2022-04-22,0.00636521877604064,0.2671752099929015,-0.23209134076102436,7.462501912543131,7.694538886008442,0.023269755058464504
2022-04-23,0.004494469286679366,0.26795180460085477,-0.2320366182387829,7.461462480183965,7.693444731127035,0.016496717765847237
2022-04-24,0.0033552868969648863,0.26871446011174543,-0.23218938308009637,7.4609331884638275,7.693068204248211,0.012332451269774829
2022-04-25,0.0025146831208702706,0.2694621435219587,-0.2324142672852561,7.460615383892787,7.69297528388233,0.00924594625178363
2022-04-26,0.0018371833487872882,0.2701916804097395,-0.2325392099041915,7.4605424783895495,7.693027320998027,0.006753633873272028
2022-04-27,0.0012974995887216146,0.2709001502427283,-0.23243976244489487,7.460810711921769,7.693196107070951,0.004766755295371035
2022-04-28,0.0008862168539136475,0.27158607622325454,-0.2323264074396029,7.461198710172779,7.693470750316669,0.003252502644966759
2022-04-29,0.0005873702485904595,0.27224427095124554,-0.23228888258107294,7.461595583153977,7.693830098439337,0.0021528670428670664
2022-04-30,0.00027314886654469735,0.2728711230298722,-0.23234014413665044,7.461856952294981,7.694142729135917,0.001000016821323942
2022-05-01,0.00017888598572212856,0.2734619810829343,-0.23237643320343793,7.462317258400432,7.694639324308157,0.0006537254016127866
2022-05-02,0.00011395819112766798,0.27401499734953916,-0.2323644721649094,7.462817307910972,7.695127412780168,0.0004157101569329197
2022-05-03,7.097404731354332e-05,0.27452792808750204,-0.23231566783252122,7.463336058837508,7.695597359374316,0.00025846442488214425
2022-05-04,4.337912365901847e-05,0.2749994497590974,-0.23214963960775115,7.463946013810219,7.696041286122257,0.00015771770467613193
2022-05-05,2.6094634612431017e-05,0.2754248560388723,-0.23178370219383623,7.464720073014862,7.6964494079129855,9.473423325869436e-05
2022-05-06,1.5484658986957894e-05,0.27580753358109605,-0.23124151307632623,7.465634329698971,7.696821475479584,5.6139835920001695e-05
2022-05-07,9.08079811193835e-06,0.27613727676614863,-0.23040143142387026,7.466797750675604,7.697144814803761,3.288400467069425e-05
2022-05-08,5.270616021645737e-06,0.27640800998246967,-0.22911964973600987,7.468346455397695,7.697411737837991,1.9067882737883558e-05
2022-05-09,5.17799490222981e-18,0.2766151385119158,-0.2271676753205131,7.470500287726616,7.697613595751417,1.871913059453453e-17
2022-05-10,0.0012580100628582422,0.27675541896406036,-0.22450791707408468,7.474558336488048,7.699011886266419,0.004524997469587829
2022-05-11,0.007099125598281274,0.2768256483470757,-0.2212050970189651,7.483772501461606,7.704923231184857,0.02500354407131638
2022-05-12,0.012697395355060877,0.27682363087841666,-0.21730405753337423,7.493269793235317,7.710519483472978,0.04385655688033296
2022-05-13,0.014820988340249176,0.276748796327121,-0.21290406860088812,7.499718540601696,7.712568241906871,0.05083170177306717
2022-05-14,0.013930609715731608,0.2765988497421237,-0.20824339884922952,7.503338885143839,7.711527916697356,0.04794904359002673
2022-05-15,0.013118823985240008,0.2763728228616062,-0.20336975568362653,7.507174715698434,7.710490104086347,0.045316761737793566
2022-05-16,0.017814754927163418,0.276069610980188,-0.19819043866799002,7.516746751774575,7.714882823146852,0.060618246473102995
2022-05-17,0.022391146868693316,0.2756921757482205,-0.19276810910882158,7.526368038043306,7.719081779856414,0.07511707354882657
2022-05-18,0.023033626330925094,0.27523658027104225,-0.1871510746235832,7.532171956513598,7.719268663841468,0.07722402647362892
2022-05-19,0.020403646931793865,0.27470292310108146,-0.18144867176624097,7.534710722801848,7.716105027272376,0.06913992775396653
2022-05-20,0.016477544957339847,0.2740915881525006,-0.17576690609883222,7.535855051546222,7.711567590349341,0.05670782984065631
2022-05-21,0.01318531376163866,0.2734051456776231,-0.17011651449066603,7.53752676948381,7.707588916678763,0.04600751116222372
2022-05-22,0.010741899542715108,0.272651552520969,-0.16448955290577896,7.539956723693119,7.704391909303185,0.03790454389292379
2022-05-23,0.008592305120470298,0.27183774728482835,-0.159015082835947,7.5424677941045655,7.701428509644799,0.030639744373944813
2022-05-24,0.006580132537480679,0.27097013163794875,-0.15361036873575507,7.544992719974888,7.69854872141493,0.023707895061925128
2022-05-25,0.004807693444283123,0.2700539289075347,-0.1482215398307957,7.547692907056236,7.695860079591318,0.01749132309977187
2022-05-26,0.0033666748293569864,0.2690921132575764,-0.14288373752928046,7.550627875092867,7.693457245326434,0.01235663878928648
2022-05-27,0.002231255184861523,0.26809752224550365,-0.13765211875681732,7.553729483208762,7.691327234669866,0.008253857417885445
2022-05-28,0.0014622789676060266,0.2670824603901663,-0.13249006136477676,7.5571075025282095,7.689543196597273,0.005445196845423532
2022-05-29,0.0009357393343663957,0.2660548991599565,-0.1274043314464039,7.560639131583133,7.6879890957338235,0.0035047645851683765
2022-05-30,0.0052583501978810225,0.26502231224536077,-0.12242501348070271,7.5689084734977525,7.691279119682743,0.019455147661498952
2022-05-31,0.02639428119409325,0.26399124573935795,-0.11756343515689946,7.593874916311766,7.711383984172952,0.09089392805772352
2022-06-01,0.04546515544217658,0.2629686566202051,-0.11279287535847374,7.616693761239122,7.729432269301882,0.1474065218017703
2022-06-02,0.053436669266456974,0.26195912984200587,-0.10821386976001958,7.628234753883657,7.736394256347963,0.1694273335837311
2022-06-03,0.056609616775104316,0.2609611111146836,-0.10383810127428313,7.6347854511507185,7.738569185129288,0.17825829588031342
2022-06-04,0.05413186460933664,0.2599734539168494,-0.09965245020103615,7.635505692860364,7.735103775765687,0.1723366699530235
2022-06-05,0.04651488034762894,0.2589950600206967,-0.09564535648105224,7.630917408422487,7.726508397607827,0.15225324678977764
2022-06-06,0.03675166957999427,0.2580230637708946,-0.09180656308392765,7.624020994802175,7.715773190590389,0.12467713620572238
2022-06-07,0.027548523952546776,0.2570579883805302,-0.08812690423815224,7.617532432630139,7.705604969572577,0.09679512856791748
2022-06-08,0.019835878138476894,0.25609452635272073,-0.08459813072455072,7.612385098301861,7.696928861730698,0.07188725060963579
2022-06-09,0.013951233147882927,0.2551242765560364,-0.08121276578642286,7.60891556845271,7.6900739669434195,0.05184876603312707
2022-06-10,0.010259376291294081,0.25414484026880957,-0.07796398631524996,7.607493054780067,7.685402673799604,0.03880186339222751
2022-06-11,0.007794703193705925,0.25315940694159206,-0.074845524888425,7.607161409782087,7.681952567374799,0.029870015036990882
2022-06-12,0.0059452846162545165,0.2521665390674047,-0.07185158899716303,7.60731305922171,7.67911028092316,0.02303375541424647
2022-06-13,0.005751500493338355,0.2511714051540125,-0.06897679443485008,7.608998935747715,7.677921362886852,0.022386094688002605
2022-06-14,0.010001350584426293,0.25018132448455377,-0.06621611034064817,7.615019389263546,7.68118113230848,0.03843972540360237
2022-06-15,0.016117539959277814,0.24920061523932263,-0.06356481382818145,7.622806165905633,7.686316612438101,0.06074797236251412
2022-06-16,0.01916578431470697,0.24823462070088748,-0.06101845248985827,7.62743477706095,7.688398862255095,0.07167447750720216
2022-06-17,0.019832813134210356,0.24728702364139218,-0.05857281336627106,7.6295998479445455,7.688118294015103,0.07424687501164942
2022-06-18,0.022525461693619006,0.24636397228056653,-0.05622389721771346,7.633718361291686,7.689887891213686,0.08377220837833867
2022-06-19,0.025243668482230388,0.24546952207066342,-0.053967897139800755,7.637798117948307,7.691711647792395,0.09324875685101908
2022-06-20,0.028530691742213087,0.24460324774798237,-0.051801180734743345,7.6423855832906655,7.694132396729696,0.10445677968642648
2022-06-21,0.032669507331804265,0.24376828257101918,-0.04972027519002282,7.647770339248014,7.697436247142324,0.11818032311460971
2022-06-22,0.03377604304867632,0.24296449468021786,-0.04772185473205018,7.650071507532058,7.697738994968395,0.1220494956245429
2022-06-23,0.030730530436706805,0.24218535463759994,-0.045802730018062475,7.648165979591458,7.693914342313807,0.11260073933893518
2022-06-24,0.025217711857160815,0.24143640902565924,-0.04395983910841467,7.643747106309619,7.687652578122321,0.09457086871064192
2022-06-25,0.01914924146213325,0.24071921993933484,-0.04219023972647198,7.63873104621021,7.680866918640969,0.07368820886867755
2022-06-26,0.013708999199621007,0.24003476939898394,-0.040491102566931676,7.634305490566887,7.674742225838106,0.0540269393622318
2022-06-27,0.00938676836388463,0.23938523665934316,-0.038858188600421055,7.630966640958021,7.669770462262728,0.03773241431650715
2022-06-28,0.0062027551110950645,0.23876870007888765,-0.03728501583035043,7.628739263894846,7.665969912429484,0.025320317856154472
2022-06-29,0.003979979303725229,0.23819625257647287,-0.03577235238529456,7.627456704030117,7.663174689119699,0.01643422755745114
2022-06-30,0.002463101276065973,0.2376765331888836,-0.03432951113609471,7.626862947864069,7.66113809170445,0.010256954382203342
2022-07-01,0.0016749112601695698,0.23722213171921236,-0.03294447143439293,7.627005396080203,7.659895500218882,0.00701101712805262
2022-07-02,0.0019072451402696914,0.2368478848172341,-0.03161498049952832,7.6281929739931895,7.659753587197004,0.007988289678253881
2022-07-03,0.002283367462777997,0.23656239630433643,-0.03033153871641161,7.6295670495859165,7.659844221006615,0.009560008211007607
2022-07-04,0.0022724410860158334,0.23637581283463047,-0.029095957879953616,7.630605120575907,7.659646711160147,0.009522135815715836
2022-07-05,0.0020951385027277738,0.23629702334911482,-0.027909709163804832,7.631535277223252,7.659390619091343,0.008788621599186105
2022-07-06,0.0022585083271613893,0.23632812128530628,-0.026771793254976202,7.632867660892705,7.659585086851968,0.009466198214165845
2022-07-07,0.003014567659383251,0.2364663618151065,-0.025690540427494014,7.63484321358221,7.66047938671399,0.012587923664729104
2022-07-08,0.004712753851678905,0.2367041270364488,-0.024652904276131586,7.63781680114721,7.662415338127628,0.019521227489732958
2022-07-09,0.009971602211509037,0.23703596668344126,-0.023657157408399496,7.644403236021764,7.668006026134451,0.04036962209749068
2022-07-10,0.014735878211371171,0.23745875382035334,-0.022701637292798373,7.65054581927414,7.673193089271225,0.05843057836979453
2022-07-11,0.019111935487499572,0.23795580384836293,-0.021784744086663383,7.656335819784413,7.678066196575363,0.07434591184749778
2022-07-12,0.03184790564511173,0.23851661524499412,-0.020897060771007385,7.670520284654312,7.6913629781296065,0.1177961721466288
2022-07-13,0.06408401556597673,0.23912431152926591,-0.02003959349732827,7.704221558133129,7.7242067843347435,0.21135308578067813
2022-07-14,0.09141139424514966,0.23976259735450164,-0.019217954423147287,7.733008861711718,7.7521724488391515,0.27602226190411355
2022-07-15,0.10976239854491307,0.24041951468586434,-0.01843037713047192,7.752804360635519,7.771180370470278,0.31344393984328167
2022-07-16,0.11786173225929948,0.24108228841885132,-0.01767338879902705,7.762323456414338,7.779942477917651,0.32835686198818415
2022-07-17,0.11152319831828361,0.24174099028717416,-0.016945165442092572,7.757371847698579,7.774262645844958,0.31569347223824606
2022-07-18,0.09444234080758891,0.24238629232148878,-0.016245663826129908,7.741635793838162,7.757827090368578,0.28038691345874156
2022-07-19,0.07348068381612341,0.24301173417716895,-0.015576974794550174,7.721968267733956,7.737490875232793,0.23217201941842644
2022-07-20,0.05542596239100464,0.24361879630784336,-0.014936307832458737,7.705161275401603,7.7200432159383485,0.185343366766114
2022-07-21,0.04728012538496756,0.24420821583185237,-0.01432449920832932,7.698216666543704,7.712486798456321,0.1622024578670844
2022-07-22,0.042340968702974026,0.24478561896011844,-0.01373520658867477,7.694444205609631,7.708125044902593,0.1474644652297262
2022-07-23,0.03625864446416745,0.24536408394394033,-0.01318148735342177,7.6894940655899,7.702621185647608,0.12874899930528327
2022-07-24,0.02969133966478056,0.24595554601061703,-0.012650250955619268,7.684049459254992,7.696645342914898,0.10771512833177863
2022-07-25,0.02493504535614506,0.24657347090635065,-0.012136186621930015,7.680425154175779,7.692506973501996,0.09183890693151496
2022-07-26,0.028906542722625984,0.24722954942958986,-0.01163790885241217,7.685551007835017,7.697134549391716,0.10468223294292037
2022-07-27,0.039120576866185496,0.24794179822471177,-0.011159309854943063,7.696955889771168,7.708060832330398,0.13627901202238052
2022-07-28,0.04475822212830531,0.2487286328632879,-0.010697926445913658,7.703841753080893,7.714485312231094,0.15250503171458016
2022-07-29,0.04267493016987611,0.249600842057749,-0.010255958241453155,7.703072638521386,7.7132742294671255,0.14600912639669897
2022-07-30,0.0360708161381414,0.2505661384438217,-0.009832014021435161,7.697857765095741,7.707635411821464,0.12584147145558316
2022-07-31,0.027783622127064946,0.2516308541793841,-0.00942559771894214,7.691041703122721,7.70041293354595,0.09943515631091762
2022-08-01,0.020082717681228504,0.25279981488299635,-0.009035981229958603,7.68489937586948,7.693880989803725,0.0735947350404405
2022-08-02,0.013867861474239511,0.2540765631890592,-0.008667001723080584,7.680330247475432,7.688942881902799,0.05175648454587546
2022-08-03,0.009219189453157375,0.255459304672104,-0.00830937335876436,7.6774219453017105,7.685676951364762,0.03483165295928545
2022-08-04,0.0059463717608304574,0.25694017600614,-0.007964594079911944,7.6759747782222725,7.683885005006471,0.02261953611297554
2022-08-05,0.003742288167353947,0.2585092733426814,-0.007632135756177205,7.675672250289072,7.683250018749536,0.014269841314980098
2022-08-06,0.002247058690111861,0.2601638184650959,-0.007317694461177693,7.676146007229244,7.6834093343947085,0.008563130897896417
2022-08-07,0.001364257637994228,0.2619026955814744,-0.007012292708857312,7.677307485045825,7.684265410458969,0.005182031475317506
2022-08-08,0.0010856060543166918,0.26371660252370105,-0.006718936129837257,7.679136096983394,7.685800665817518,0.004099686555283559
2022-08-09,0.006470703508194543,0.26559318875912363,-0.00644222299588436,7.686674493806648,7.693062349506818,0.023783764373394724
2022-08-10,0.02810434799025601,0.2675254618239117,-0.006175016898742346,7.710507617450639,7.716628267053668,0.09506601518947749
2022-08-11,0.04783018481800878,0.26950761201401363,-0.0059195413677108405,7.7324710799995255,7.738336254071523,0.1507232523055768
2022-08-12,0.05533601749662425,0.2715321437860818,-0.005676353380975711,7.742244632436944,7.747866618522207,0.1692915494720347
2022-08-13,0.052195384507723486,0.27358745241508353,-0.005439685086326433,7.741395976371694,7.746781294162307,0.16021526793963975
2022-08-14,0.04332256282922555,0.2756633343882498,-0.005210192017541983,7.734828529735148,7.7399843544569755,0.13581341121074542
2022-08-15,0.03298695738637277,0.27775050672243845,-0.004990938047155018,7.72679935059687,7.731735921348312,0.10615700131613902
2022-08-16,0.023791947602937943,0.27984021026596795,-0.00478588592967206,7.719899096474448,7.724630615108406,0.07835779902209893
2022-08-17,0.018036579078765873,0.2819218424405979,-0.0045841628233833365,7.716427083231194,7.720956878758864,0.060130264012612566
2022-08-18,0.01864528932497788,0.28398110062429693,-0.004389276975528582,7.71928993750896,7.723624847188775,0.06161157765554795
2022-08-19,0.024978238443186772,0.2860003415444702,-0.004203425534507845,7.727827978988363,7.731977037227157,0.08032141134665347
2022-08-20,0.03077645157291704,0.2879676117951559,-0.004035720346681855,7.735761167556605,7.739742520607574,0.09655537187959363
2022-08-21,0.03167265828976039,0.2898812052805227,-0.0038747844077919465,7.738731903697705,7.742552320809784,0.0984987645245245
2022-08-22,0.029805741527642645,0.29173739732109866,-0.0037110387208693783,7.738884924663086,7.742541596088242,0.09269593384688489
2022-08-23,0.03190846570741785,0.2935336535345975,-0.0035538544433575976,7.742941089333872,7.746440576481516,0.0980465152505017
2022-08-24,0.03404692273452906,0.2952727071183788,-0.003401569018232231,7.7469708853698895,7.750318087092408,0.10338564618737206
2022-08-25,0.03387120836139487,0.2969535551055607,-0.003256324435209336,7.74862126356696,7.751823220706456,0.10238413837716867
2022-08-26,0.03847887962219281,0.2985752960140114,-0.003114687728539527,7.754992312442878,7.758052632875705,0.1141622991305842
2022-08-27,0.052264033038043466,0.30013756436990446,-0.0029844667435621184,7.7704699551996,7.773400054647448,0.1483081615476943
2022-08-28,0.06206786090008328,0.3016430925398526,-0.002856368926710542,7.781907409048439,7.784709410679437,0.1706516130819066
2022-08-29,0.0620541659140686,0.3031025081882681,-0.0027288307778419256,7.783480667859709,7.786155131341837,0.16993846837557092
2022-08-30,0.05540808163727217,0.30452874700176197,-0.0026091491604739924,7.778380504013774,7.780935285878535,0.1539383503676937
2022-08-31,0.0457038259584463,0.30593510465994594,-0.0025055202352702558,7.770186234918336,7.772637387857893,0.12997373720273675
2022-09-01,0.035290643704012664,0.3073297519896445,-0.002406056310322077,7.761267163918549,7.763618852933158,0.10300216842772733
2022-09-02,0.025771437106001466,0.30871358354987916,-0.002310587998163359,7.753227257192931,7.755483477895381,0.0770481053395668
2022-09-03,0.01795659304357885,0.31009374450034594,-0.002218952870458188,7.74688420920868,7.749048794783425,0.054737310066551984
2022-09-04,0.012035811032616932,0.31147931507748344,-0.0021287539316417873,7.742439196713672,7.744513583349601,0.03720324047080519
2022-09-05,0.012692429165208269,0.3128735965507406,-0.0020380816258496817,7.744580768625313,7.746564482955449,0.038985729967666256
2022-09-06,0.03301340719161572,0.3142896528140096,-0.001957364253733748,7.7663985202871055,7.768301517245126,0.0950564823445005
2022-09-07,0.05565965068063736,0.3157440863187799,-0.0018798816187457702,7.790576679915885,7.7924021942389174,0.1498629258022912
2022-09-08,0.06523605377378641,0.317251586785727,-0.0018055025080875946,7.8017349625866395,7.803486097799014,0.1705572856638121
2022-09-09,0.06330229093926731,0.31882197307389776,-0.0017317084830491207,7.80144538006533,7.803122721252666,0.16565891491540144
2022-09-10,0.060746582267640466,0.3204577097932766,-0.0016575765829676915,7.800599540013163,7.802202749300418,0.15935440269894197
2022-09-11,0.06330908322584639,0.322154059418572,-0.0015843732651780178,7.804931593914454,7.806461599883919,0.1642415998362979
2022-09-12,0.06924787135560286,0.323903145865419,-0.0015115876611391807,7.812692254095096,7.814149474460522,0.17613555179147114
2022-09-13,0.0693185374204904,0.32570419687608626,-0.001442425052703784,7.814633133779087,7.816021191536077,0.17547986837751767
2022-09-14,0.061576791391063146,0.3275523551971121,-0.0013754574499161576,7.808806513673473,7.8101276038276755,0.15824255759548989
2022-09-15,0.04992311748430477,0.3294387232517271,-0.0013211837956337927,7.799093481475612,7.800360297975533,0.13159762560052093
2022-09-16,0.03872887248609017,0.33135354697392455,-0.0012655614620305908,7.789869682533198,7.791080876699516,0.10464931715102614
2022-09-17,0.029022349620107808,0.3332954218770305,-0.001208939587497341,7.782161656444854,7.783316228736639,0.08010192130566535
2022-09-18,0.020936363835878966,0.3352610113204898,-0.0011612967457929684,7.77608890294579,7.777195832395869,0.05877742312583862
2022-09-19,0.01590814070993031,0.3372410917902542,-0.0011155532211069305,7.773086503814292,7.774147689739685,0.04504651078329046
2022-09-20,0.017579271072337702,0.33922797922657283,-0.0010656218747592794,7.776794452959365,7.777805707538411,0.04926825634179491
2022-09-21,0.02277808231568229,0.3412215422339878,-0.001017214539293358,7.78403523454559,7.784998081789171,0.06257721376460945
2022-09-22,0.033299561049845904,0.34322583583909033,-0.0009771940172141446,7.796601027406936,7.797523854128436,0.08843908359166615
2022-09-23,0.05138944319149592,0.34525147384862,-0.0009340928993397272,7.8167596486759905,7.817639374279616,0.12956162862617232
2022-09-24,0.07935027753647313,0.3473072519223612,-0.0008915049038905973,7.846818849090157,7.847655986698335,0.18598119582495068
2022-09-25,0.09750236631196182,0.34939407645755327,-0.0008564721238898446,7.867092795180839,7.8678949000090155,0.2181766444765555
2022-09-26,0.09763425046975382,0.3515160428048732,-0.0008168087519786162,7.869386309057862,7.870148750514128,0.21737545746197842
2022-09-27,0.08492340780710607,0.35367792033272316,-0.000778468651816322,7.858875684023227,7.85959978537933,0.19362323449242244
2022-09-28,0.06698657004539672,0.3558778727090444,-0.0007409739187803151,7.843176293370875,7.843862899993941,0.1584114512184134
2022-09-29,0.04931567696248035,0.358113534751762,-0.0007049966194642961,7.827777039629992,7.828427668953743,0.12104109264769353
2022-09-30,0.03616154806529978,0.36037283609508763,-0.000669676672692495,7.8169175320229085,7.817532841399888,0.09119397840332912
2022-10-01,0.03613706335981235,0.36265503717920505,-0.0006344521657324961,7.819210472908499,7.819790557778518,0.09061629683980346
2022-10-02,0.05298330901004219,0.3649647996643093,-0.0006024974087830398,7.838398435800782,7.838946565913852,0.12677006525545656
2022-10-03,0.07311422974632512,0.3673024110022509,-0.0005710022447579952,7.860898463039032,7.861415097988076,0.16601150588236832
2022-10-04,0.08160762387684183,0.3696687895412199,-0.0005409041532991552,7.8717883337999766,7.872274870657562,0.18083733483593492
2022-10-05,0.07673456262591892,0.3720631723301983,-0.0005116305747302762,7.8693389289166005,7.869796192195618,0.17097805235898061
2022-10-06,0.06453820349081486,0.3744879057128253,-0.0004915905445624805,7.859587343194292,7.8600245664431405,0.14700311015188194
2022-10-07,0.051149421627805614,0.37694190287446455,-0.0004690747425378029,7.848675074294946,7.849089781741771,0.11948249987844443
2022-10-08,0.03862576426673318,0.37942930882442055,-0.0004507162833723531,7.838657181342995,7.839053530330654,0.09239396135329549
2022-10-09,0.027888282208787897,0.3819488932441743,-0.000433084182345878,7.83045691580583,7.830835632692462,0.06804722431039857
2022-10-10,0.01924099584612722,0.38450303634267063,-0.0004161493555080904,7.824380707368504,7.824742489428298,0.047656421673447275
2022-10-11,0.012936048894743871,0.3870888116956373,-0.0003965971334235202,7.820681087992171,7.821023317829882,0.03233811237544601
2022-10-12,0.010607739306883088,0.389711950349919,-0.0003752894999277098,7.820997224692088,7.821318146896303,0.026498170289793153
2022-10-13,0.01956027641395019,0.39238176868335883,-0.00035388086290495197,7.832640988769618,7.832940502336809,0.04748307837654605
2022-10-14,0.036287714879780324,0.3951008610754871,-0.0003400603994039673,7.852101340091077,7.852387033194768,0.08411839557740898
2022-10-15,0.04697427325980356,0.39786779965911473,-0.000326785444478798,7.865568112009654,7.865840530158419,0.1055976404200544
2022-10-16,0.04783200886435943,0.4006739478282585,-0.0003140342120592236,7.869244747015773,7.869504413932118,0.1066474327723164
2022-10-17,0.041860500486488865,0.40350727820460536,-0.00030178579725917664,7.866118817429049,7.866366235930594,0.09399085989003075
2022-10-18,0.03305570099126445,0.406353757414873,-0.00029002014026210184,7.860172262801089,7.860407915645638,0.07522755907705501
2022-10-19,0.02433908352013927,0.409210599525248,-0.00027703382040999156,7.854325473760191,7.854548140284888,0.056139087334060554
2022-10-20,0.017036212604334258,0.4120672534376314,-0.0002605710272453305,7.849895719549934,7.850101923281466,0.03970187601017453
2022-10-21,0.011449738384756868,0.4149139575449949,-0.00025042256681148385,7.847166097898154,7.847362153169252,0.026854393312706767
2022-10-22,0.007446970780293809,0.4177469274956124,-0.00024067344719564917,7.8460060493639245,7.846192355515407,0.01751429362107522
2022-10-23,0.004711522589133888,0.4205626666292305,-0.00023130777366951323,7.846095705979908,7.846272646457865,0.011078788011549592
2022-10-24,0.00292336208906393,0.4233607617558497,-0.0002183984162857667,7.847118549963842,7.847282581084414,0.006857778475764859
2022-10-25,0.0017813283896429553,0.426131691585428,-0.0002054007364596434,7.848760443773825,7.848911477214571,0.004162828206878889
2022-10-26,0.001068877093698787,0.4288634722181325,-0.00019430781278891647,7.850790866034256,7.8509308065513315,0.0024861518222801305
2022-10-27,0.0006329500940319922,0.4315479306911566,-0.00018213611554716193,7.8530515692048555,7.853179338024689,0.0014645490399344946
2022-10-28,0.0003705285738175646,0.4341766602433083,-0.00016990948831470794,7.855430103864025,7.855545646056626,0.000852677415371561
2022-10-29,0.00014197944350584306,0.4367432752797821,-0.0001633088545997767,7.857774770403902,7.8578837119627885,0.00032498108363892766
2022-10-30,0.0006380858295410538,0.43924352815125906,-0.00015696721108137272,7.8607774713049325,7.860880071220301,0.0014505853603804066
2022-10-31,0.0035099044843459257,0.4416683025249838,-0.00015087428206983337,7.8660801572624734,7.86617666424883,0.007884268432467019
2022-11-01,0.006188224548568587,0.44401153143517463,-0.00013968195869246388,7.8711128985602645,7.871198213223244,0.013745508446681709
2022-11-02,0.007475558530818387,0.44627206598915536,-0.00012871217058822848,7.8746717368846,7.874746081759474,0.01647514637399345
2022-11-03,0.0073382932024545836,0.4484444020022953,-0.00011907630083208278,7.876716443439132,7.87678115244425,0.016100420835762585
2022-11-04,0.0062851694620536325,0.45052217901976616,-0.00010894304582228339,7.877751229971212,7.87780580572132,0.013758906206176699
2022-11-05,0.0049025935773254386,0.452493835186205,-9.940378409941587e-05,7.878349849514645,7.878394886003031,0.010718478040107376
2022-11-06,0.0035758273390149604,0.4543450736709494,-9.555061621275716e-05,7.878878174928966,7.8789193582494645,0.0078088318989771345
2022-11-07,0.0024804309858089692,0.45606596299965296,-9.074015404291306e-05,7.879508478366633,7.879544851224963,0.005409334842327014
2022-11-08,0.00165510058788867,0.45764605503722433,-8.10619470492032e-05,7.880272918213278,7.880299612864613,0.0036035193197719337
2022-11-09,0.0012505719277038463,0.4590786901004661,-7.271304370590549e-05,7.881309373519678,7.88132771926767,0.002716690053971232
2022-11-10,0.001946601864193484,0.4603583293199725,-6.383887984898906e-05,7.883293916839531,7.883303388423666,0.004210644820956985
2022-11-11,0.005998292884741075,0.46148388441970967,-5.714012967001011e-05,7.888477861709995,7.888480634543951,0.012831062179370849
2022-11-12,0.018416408478896557,0.4624539391062369,-5.263363551465185e-05,7.9018705384848325,7.901868804824634,0.03829807467102369
2022-11-13,0.03064380354258085,0.4632730928202488,-4.755836167656346e-05,7.914922162536367,7.91491535360233,0.06204242812554041
2022-11-14,0.035506276740662146,0.46394310181057813,-4.131463906009261e-05,7.920460888447394,7.920447835790741,0.07109084176589767
2022-11-15,0.033454898711642124,0.46446552671904445,-3.9716427553705795e-05,7.918933533538347,7.918918882670187,0.06718924752424972
2022-11-16,0.027707221386520722,0.46484214969088533,-3.4498946179670245e-05,7.9135676966664406,7.913547828316906,0.05625267843894257
2022-11-17,0.021161453339217474,0.4650713660852233,-2.805243242363882e-05,7.907257591527231,7.907231276663941,0.04352123611126563
2022-11-18,0.015833153540821213,0.46515548622034947,-2.2731189025178563e-05,7.90201873310736,7.901987097000671,0.03291793658304067
2022-11-19,0.012836733904409847,0.4650973792085769,-1.9244579868741932e-05,7.898967693068332,7.898932570352487,0.026858794030831523
2022-11-20,0.011564790697473898,0.4649030012126652,-1.4282559716732682e-05,7.897506333885636,7.897466249149639,0.024271925393133383
2022-11-21,0.010992736233035455,0.46457708625822586,-9.925460871630099e-06,7.896612721565604,7.8965682797307615,0.02311487338588951
2022-11-22,0.011860784115231844,0.4641266786222388,-6.598926900414694e-06,7.897033688345784,7.896985919976971,0.02491827000446359
2022-11-23,0.01921185612517498,0.4635620154232546,-3.881476371942781e-06,7.903822814607271,7.90377232878793,0.03979473052995939
2022-11-24,0.026857837433142576,0.46289596326590604,-9.356941376264695e-18,7.910806625234263,7.910752257938549,0.054839467084904954
2022-11-25,0.02963678098014973,0.46213394522287743,-9.356941376264695e-18,7.912823550738241,7.912769183442528,0.06026544363259681
2022-11-26,0.027543872650511423,0.461283253046402,0.0,7.909879950232128,7.9098255829364135,0.05634685802520173
2022-11-27,0.02410026533673595,0.4603508283071102,1.871388275252939e-17,7.90550391817906,7.905449550883347,0.04974757132957107
2022-11-28,0.02492037201644942,0.4593432212239359,3.742776550505878e-17,7.905316417775599,7.905262050479886,0.051460345903143516
2022-11-29,0.026401206845212865,0.4582711810452987,-2.807082412879408e-17,7.905725212425725,7.905670845130012,0.05447227344665022
2022-11-30,0.02558009303344934,0.45714307762414963,-7.017706032198521e-17,7.903775995192813,7.9037216278971,0.05299122683214556
2022-12-01,0.023928779310780156,0.4559673955130079,-7.485553101011756e-17,7.900948999359002,7.900894632063289,0.0498624089253608
2022-12-02,0.021113063457065505,0.45474963160314064,-4.053049952209697e-09,7.89691551554237,7.8968611522997065,0.04436797352730976
2022-12-03,0.017259821153694375,0.4534974641221649,-2.0509144610841836e-06,7.891808058896612,7.89175574251536,0.03666394911675192
2022-12-04,0.013173372583743043,0.45221986194006253,-4.862891825824224e-05,7.886397430140761,7.886391691763306,0.028305896189535617
2022-12-05,0.009501893691808146,0.45092079441348504,-0.0003296024289777871,7.881145910211529,7.8814211453447935,0.020637327258806102
2022-12-06,0.0065550088517801666,0.4496011864547853,-0.0011857358256115395,7.876023284016168,7.877154652546066,0.014370097171156013
2022-12-07,0.004360368308438954,0.448262425952739,-0.0029798932771705733,7.870695725519221,7.873621251500678,0.009633558812601207
2022-12-08,0.002820762212570543,0.4469081750496678,-0.006024616464117463,7.864757145333335,7.870727394501738,0.00627213856804982
2022-12-09,0.0017172281403215884,0.44554755276735497,-0.01056807526057693,7.857749530182313,7.868263238147177,0.003839399419817173
2022-12-10,0.0031199701557174083,0.4441891405569823,-0.016734092372561567,7.851627842875352,7.8683075679522005,0.006974975651057823
2022-12-11,0.013861854328969811,0.44283980526586214,-0.024439120293434813,7.853315363836611,7.877700116834332,0.0303520997520953
2022-12-12,0.030024002954964296,0.441506014854379,-0.03340678963904251,7.859176052705514,7.892528475048843,0.06367357712336373
2022-12-13,0.04028844066575391,0.44019186288140477,-0.04319641597466644,7.858336712107706,7.9014787607866594,0.0838503480128601
2022-12-14,0.04226972500296134,0.4388962299963415,-0.05324320797634398,7.848975571558173,7.902164412238803,0.08784853658863413
2022-12-15,0.04178626434459518,0.43761959188944693,-0.06297913956015376,7.8374795412091025,7.900404313473542,0.08716260721728743
2022-12-16,0.0434837355155312,0.43636011942567204,-0.07194655875569135,7.828950120720726,7.900842312180703,0.09062059473671782
2022-12-17,0.04400735529160888,0.43511121946986775,-0.07984574719858072,7.82032565209811,7.900117032000977,0.09185065578707194
2022-12-18,0.04814638224159231,0.4338674119827075,-0.08653799649088025,7.816528622268633,7.9030122514638,0.0998859012304281
2022-12-19,0.06146354525253044,0.4326241158210632,-0.09203492630183559,7.823105559306972,7.915086118313094,0.12439805746004157
2022-12-20,0.07748615015655723,0.4313738884081243,-0.09643832367319917,7.833474539426696,7.929858495804182,0.15227399340517858
2022-12-21,0.09182259176127082,0.43011016523223083,-0.09986400352241868,7.843121578006297,7.942931214233002,0.17592801089971455
2022-12-22,0.09483116631627896,0.42883374996291,-0.10241482274523091,7.842302918069172,7.944663373518689,0.1810913111958798
2022-12-23,0.08616834978352124,0.4275491703864399,-0.10418536928020478,7.83058497542497,7.9347159774094616,0.16773488619779373
2022-12-24,0.07312425974463137,0.4262579389087389,-0.1052702509774991,7.8151647722110855,7.92038065589287,0.14642944810971958
2022-12-25,0.06653646229114346,0.42496291072972764,-0.10578463709006167,7.806767560466024,7.912497830260372,0.1353744601589106
2022-12-26,0.06061910690738079,0.4236721759125883,-0.10590344012643774,7.799440667228746,7.9052897400594695,0.1251707578843937
2022-12-27,0.051528546757149185,0.42240019962817715,-0.1058561961080762,7.789125374812464,7.894927203624826,0.10872635844556695
2022-12-28,0.040691174179909834,0.4211522747795685,-0.1059680328572472,7.776928240637445,7.882841906198979,0.08810598974952664
2022-12-29,0.030222877358893185,0.41994492809481193,-0.1066731039671875,7.764547526021731,7.8711662626932055,0.06713691426341079
2022-12-30,0.021337412556498604,0.41880072670923063,-0.10836789953684574,7.752823064264097,7.861136596505229,0.04847889935667753
2022-12-31,0.014446638468759751,0.41774578983959526,-0.11131115613862895,7.74193409670494,7.853190885547855,0.033426403431696755
2023-01-01,0.009433042062298266,0.416807037641449,-0.11560742539424554,7.731685478844716,7.847238536943248,0.022130819018367727
2023-01-02,0.00629966499618162,0.41600186810150797,-0.12106410473577486,7.722290252897128,7.84329999033719,0.014917457083264578
2023-01-03,0.005585099398471473,0.4153381631560455,-0.1277522754863796,7.714223811603351,7.841921719794017,0.013268687894739733
2023-01-04,0.006802121578281084,0.41481973164944697,-0.13561399489135792,7.7070606828715835,7.842620310467229,0.016133228214352292
2023-01-05,0.008375132829971871,0.4144546041433431,-0.14420876518153095,7.699673796326998,7.843828194212816,0.019807341105955445
2023-01-06,0.011297131975684157,0.4142476446932729,-0.15293395069928153,7.69366365050489,7.8465432339084575,0.02654745774138007
2023-01-07,0.015718776503210997,0.4142004191679725,-0.16133241357646205,7.689639606629935,7.850917652910684,0.03656216484744552
2023-01-08,0.026377023971581905,0.4143030928551544,-0.169169322829057,7.692563618532893,7.861678574066237,0.05985526227395607
2023-01-09,0.04928106730086273,0.41455026686390434,-0.17606205141927092,7.70882210728071,7.884829791404267,0.1062478182712783
2023-01-10,0.07387755587046439,0.4149280304013194,-0.18196588276657577,7.727892528040422,7.909804043511285,0.15113893528497294
2023-01-11,0.1031806841182654,0.4154119576143297,-0.18674051954259308,7.752904946725216,7.9395910989720955,0.19896287724704942
2023-01-12,0.12601712964051845,0.4159806185660843,-0.19029437613034444,7.772756196611472,7.962996205446103,0.23250489519097098
2023-01-13,0.13028087711262482,0.4166105117413593,-0.19262976363356102,7.775314449755637,7.967889846093485,0.23822075053262326
2023-01-14,0.11715943793549971,0.4172833476077177,-0.1938193228531651,7.761676287225266,7.955441242782718,0.21921792398491582
2023-01-15,0.09501541792047116,0.4179848832000583,-0.19399278646259568,7.740060339193148,7.93399875836003,0.1852151308935534
2023-01-16,0.07144290807485786,0.4187021819260428,-0.1933306788817051,7.71786723565441,7.9111435472404015,0.14575869376703657
2023-01-17,0.05076197860868296,0.4194231017359244,-0.1922517721526988,7.698986132727122,7.891183537584108,0.10796169578898285
2023-01-18,0.034530722140705156,0.42014116219761066,-0.19116356864460834,7.684561140228921,7.875670341577816,0.07594646453883491
2023-01-19,0.0230462297833604,0.4208578105811001,-0.19045295955213146,7.674503905347543,7.8649024976039605,0.05191714354399354
2023-01-20,0.016494558055657218,0.42158081156578037,-0.1904954530686842,7.6686327410879676,7.859073826860938,0.037652329255376704
2023-01-21,0.012541308967833186,0.42232295859883623,-0.1915882300402536,7.664328862061629,7.85586272480617,0.028839594106017157
2023-01-22,0.009517159115337931,0.4231011955620458,-0.1937778948773257,7.659893284335272,7.8536168119168845,0.021998972101946894
2023-01-23,0.007021075696409367,0.42393838442723225,-0.19678924361182423,7.655223041047031,7.851957917363142,0.016291731232434326
2023-01-24,0.00495893197355225,0.4248484229268338,-0.20055314829108364,7.650307031144516,7.850805812139886,0.011537568906194156
2023-01-25,0.0032797443121792883,0.42584392936528814,-0.20474788997990173,7.64542860823278,7.850122130916968,0.007642888317190276
2023-01-26,0.002165544575093337,0.4269328690814266,-0.20932306468172268,7.640828173510011,7.850096870896021,0.00504673171974667
2023-01-27,0.003861291430494442,0.4281195277431621,-0.2144063747889581,7.638627268919913,7.852979276413157,0.008938571480744844
2023-01-28,0.029363508137799765,0.4294060617608813,-0.21983494185003008,7.659987452583865,7.879768027138182,0.0640049167696207
2023-01-29,0.10441428366157904,0.4307897103178131,-0.2254443006938111,7.7308125178207945,7.956202451218893,0.1950924971340918
2023-01-30,0.1664582109973251,0.4322647972955819,-0.23086474320698128,7.7889110896211395,8.019721465532408,0.27802207146161734
2023-01-31,0.18427394018908794,0.43382151411380127,-0.23566315854794573,7.803485120290158,8.03909391154239,0.29813184825460154
2023-02-01,0.168059120096688,0.4354444469257179,-0.23966007051283775,7.784896321044782,8.024502024261906,0.2784724553093629
2023-02-02,0.13608832274921337,0.4371136233668205,-0.24296307573893342,7.7512916949123145,7.994200403355534,0.23741776117707886
2023-02-03,0.10171298210321089,0.43880541910947496,-0.24569963879797124,7.715871586949929,7.961516858452186,0.18817672418739428
2023-02-04,0.07176588250378191,0.4404943697228034,-0.24791429363300435,7.685398783128795,7.933258709466086,0.14009652748157803
2023-02-05,0.04847496432128969,0.44215745145477897,-0.2500196490747549,7.6616655912365275,7.911630873015569,0.09880098167711432
2023-02-06,0.031932609752519,0.44377569995961125,-0.2521892488477585,7.644571885399586,7.896706766951631,0.0671264493400224
2023-02-07,0.021630555308427193,0.445335203311416,-0.25451247337255817,7.633506109782499,7.887964215859344,0.04632150197127543
2023-02-08,0.01512846392843844,0.44683066450002473,-0.2570876187901984,7.625924334173479,7.882957585667963,0.032748490066434884
2023-02-09,0.010627482243954727,0.4482604668989261,-0.2599474882514193,7.619993285426675,7.879886406382381,0.023159209702074177
2023-02-10,0.007360905280489156,0.4496291267277751,-0.2630812464541249,7.614961610089353,7.877988489247764,0.016107365073459723
2023-02-11,0.004987138813344354,0.4509359061205839,-0.26656240664843567,7.6104134628207065,7.8769215021734285,0.010938553926501091
2023-02-12,0.004916626096564111,0.4521778025915051,-0.2705397251748636,7.60760752804842,7.87809288592757,0.010756259074685243
2023-02-13,0.026872162885773133,0.4533522996001461,-0.27503425378373475,7.626243033237398,7.90122291972542,0.05595750526049276
2023-02-14,0.12124644464484151,0.4544574454133473,-0.28011800999956754,7.716638704593835,7.996702347297689,0.2106055677903907
2023-02-15,0.26469450874692485,0.45549170884470314,-0.2855923337799377,7.855646708346904,8.141184674831129,0.3675362042224145
2023-02-16,0.355462777414287,0.45645391931425916,-0.29098220665398206,7.9419873146097775,8.232915153968047,0.4378069558694288
2023-02-17,0.36586734704878765,0.4573438085972327,-0.29569283955654835,7.948571140624686,8.244209612885522,0.4444392481072135
2023-02-18,0.32159694417980295,0.45816289031040947,-0.29931613064638707,7.901496528379039,8.200758291729713,0.412430763877515
2023-02-19,0.2548948495532764,0.45890843062975045,-0.30187593074054264,7.832980173977698,8.134801737422528,0.3570939734094786
2023-02-20,0.18791121809210462,0.45957212626173516,-0.3032255887137747,7.765310580175279,8.06848180159334,0.29021784070697887
2023-02-21,0.13134049727932773,0.4601454462573171,-0.3034189671229177,7.709119800948941,8.012484400776145,0.22205176422961043
2023-02-22,0.08822403161133731,0.46061724985428165,-0.30287663430661693,7.667017471694216,7.96983973870512,0.16074598356695208
2023-02-23,0.06072799330257957,0.4609842773803904,-0.30213869470118626,7.6406264005169975,7.942710727922471,0.11640131297483375
2023-02-24,0.05553697991607668,0.4612499418159189,-0.30162625413140415,7.636213492135806,7.937785378971496,0.10746591599095849
2023-02-25,0.06452784802514169,0.4614208514755537,-0.30152957490335885,7.64547194913255,7.946947156740196,0.12268848290032967
2023-02-26,0.07579309651253455,0.4615112397637479,-0.30172825054486013,7.656628910266636,7.958302793515783,0.14106176219944305
2023-02-27,0.08012945228651139,0.46153554704138694,-0.30203107289333225,7.66068675096978,7.962663456567399,0.14793175188711946
2023-02-28,0.08620526506376182,0.46151116750387444,-0.30210604782015815,7.666663209282692,7.968714889807137,0.15739032086300703
2023-03-01,0.09846481955517038,0.4614492151978851,-0.3016890921208799,7.679277767167389,7.980912491992556,0.1758570306218477
2023-03-02,0.1015788060333706,0.46135743714900385,-0.30046213558517965,7.683526932132409,7.983934700421875,0.1804446014332428
2023-03-03,0.09196345275526802,0.46124477341531483,-0.29832662154822864,7.675934429157568,7.974206683410083,0.1662365966461802
2023-03-04,0.07686044066403792,0.46111867314904204,-0.2954382573804774,7.663593680967816,7.95897757105258,0.14286881904999563
2023-03-05,0.06516457491281628,0.4609846236119673,-0.2920729859312807,7.655129037128717,7.947147655764284,0.12385189428307528
2023-03-06,0.056249190439544794,0.46084705486207156,-0.28848558424561704,7.649663485591213,7.938094702541116,0.10877895740034871
2023-03-07,0.04747445570558159,0.46071693895344634,-0.28485563608000225,7.64438858311424,7.929189851898529,0.09341845651958486
2023-03-08,0.03809700428180329,0.4606040330089198,-0.2811413727161202,7.638612489109817,7.9196994945302235,0.07639247050451639
2023-03-09,0.028896470754898925,0.46051723279935364,-0.2775052635091028,7.632961264580364,7.910412160793753,0.059043035667054405
2023-03-10,0.022095434403040473,0.4604579441002047,-0.27369375980313754,7.629912443235321,7.9035518357427454,0.04578858088523751
2023-03-11,0.021407542111662875,0.4604319829264255,-0.269732083170265,7.633160266403038,7.902837982277589,0.04442877970621164
2023-03-12,0.021704884184687495,0.4604439068039259,-0.26586573662047086,7.6373358789033565,7.903147248228114,0.04501698353361646
2023-03-13,0.020057179930914534,0.4604997466086128,-0.2622779455302912,7.63933180554445,7.901555383779028,0.041737365176162465
2023-03-14,0.016745412917221383,0.4606050109671642,-0.25905489008804894,7.63934835833155,7.898348881123886,0.035079916303325895
2023-03-15,0.012946913927084223,0.46076585828169175,-0.25649429873190704,7.638271298012083,7.894711229448276,0.027330725888425535
2023-03-16,0.00932549833118508,0.46099272420531967,-0.2547064584717484,7.63666458859997,7.891316679776005,0.01982806084121323
2023-03-17,0.006527181461388157,0.4612977055031856,-0.2537633557384663,7.6351143557613215,7.8888233442040745,0.013952189469309765
2023-03-18,0.005248814764575847,0.4616894057573096,-0.25372287922603115,7.6342681658310685,7.8879366777613855,0.011240919106406358
2023-03-19,0.004497134158942939,0.4621653512905038,-0.2545633869082041,7.633151923076457,7.887660942688947,0.00963680239822944
2023-03-20,0.0037345940121416336,0.46271709507688624,-0.25599575966597743,7.631508753958264,7.887450146328528,0.008006389728023562
2023-03-21,0.003240054443934762,0.4633353039566175,-0.2577388208500126,7.629889362085754,7.887573815640053,0.006944332540496478
2023-03-22,0.0041315699363833865,0.46401502709435877,-0.25950890710379004,7.629690514462166,7.889145054270243,0.008825376415396812
2023-03-23,0.004986883688529885,0.4647449280094596,-0.26115290928925083,7.629631726943953,7.89073026893749,0.01061644871464691
2023-03-24,0.005008237772701465,0.465510285007792,-0.26255151004024696,7.62901983727546,7.891516980019994,0.010644082071638038
2023-03-25,0.004368913456064146,0.4662994205410346,-0.2638479243002332,7.627873234232079,7.8916667912366,0.009282361145823497
2023-03-26,0.003453706692460889,0.46710210688511,-0.26502694908789204,7.626581689024893,7.891554270817071,0.007339632393876582
2023-03-27,0.002501472062240188,0.46790732405542823,-0.26615392574725866,7.625307694905624,7.891407253357169,0.005317655798286706
2023-03-28,0.003011552908820402,0.4687020414252482,-0.26738632725576994,7.625380091613512,7.892712051573569,0.006384282634618357
2023-03-29,0.008368337173410768,0.4694715862427763,-0.26882345470178315,7.630069293249618,7.898838380655688,0.017512846380820606
2023-03-30,0.013965790548363409,0.4702023379598222,-0.27060162172237096,7.634619331321028,7.905166585747686,0.028844919204811508
2023-03-31,0.016178985663724593,0.47088529396789597,-0.2725995817391213,7.635517522427713,7.908062736871121,0.03321735208330445
2023-04-01,0.015318939155646541,0.47151349684157384,-0.2744690881617318,7.633416172370702,7.907830893236721,0.03146655403982574
2023-04-02,0.01400855193739868,0.47208063024705005,-0.2758853473028074,7.631256659416855,7.907087639423949,0.028818892604121092
2023-04-03,0.01545071151963635,0.47257598609713886,-0.2767869570570217,7.632292565094968,7.909025154856276,0.03165956205897793
2023-04-04,0.016547664308325643,0.47298703776495993,-0.27737578673362573,7.633211739874874,7.910533159312786,0.03380284224640806
2023-04-05,0.015554213765134382,0.4733100288955194,-0.2776426023972958,7.632274464798572,7.909862699900154,0.03181704123107931
2023-04-06,0.013066031894983664,0.47353594662021387,-0.2775666296755842,7.630088173374827,7.907600435754698,0.026851579878184952
2023-04-07,0.011155235148605586,0.47366019442725565,-0.2771339823044752,7.6287342718066,7.905813886815362,0.02300924118352565
2023-04-08,0.013316284706711019,0.4736817619368899,-0.2764117658407135,7.631639105338102,7.907996503883101,0.027343610099644314
2023-04-09,0.015595592324258759,0.473607569312138,-0.2756112273306441,7.634644758840967,7.910201618875897,0.03187958203722788
2023-04-10,0.01635923244769666,0.4734413015404216,-0.2750261676299139,7.635827190893418,7.910798991227619,0.03339978483586853
2023-04-11,0.017133413319740495,0.4731863240674236,-0.27447386120929984,7.636898700713078,7.911318194626665,0.03494334821404851
2023-04-12,0.01665867997902223,0.47284121738039353,-0.2736593419483767,7.636893379946253,7.910498354598916,0.034032039779551944
2023-04-13,0.014657948613085201,0.47241269932796454,-0.2724027535467626,7.635720718929501,7.90806910518055,0.030094091432213043
2023-04-14,0.012104636686730787,0.4719080541900988,-0.2707133920901687,7.634352123321875,7.90501114811633,0.02500892417676533
2023-04-15,0.009527020709705441,0.471333239450871,-0.26868700338272694,7.6332260813130635,7.901858717400077,0.019812451764103
2023-04-16,0.007120205217262083,0.47069696105178827,-0.2665059862694763,7.632364004534788,7.8988156235085505,0.01490152660872134
2023-04-17,0.005077989021572264,0.4700004258500521,-0.2644265267347245,7.631704712672113,7.8960768721111245,0.010688738664214912
2023-04-18,0.003477710437147373,0.4692529518288144,-0.2622997361499006,7.631483750651275,7.893729119505462,0.0073566424070685464
2023-04-19,0.002276212509365007,0.46846481364095277,-0.26016473015993374,7.631629120525598,7.891739483389818,0.0048353816279402915
2023-04-20,0.0014707574972626194,0.46764329432644086,-0.258029563499938,7.63213731285898,7.890112509063204,0.0031351810749325856
2023-04-21,0.001197761766826511,0.46678682763673857,-0.25607947431920575,7.6329579396195735,7.888983046643066,0.0025594042922503692
2023-04-22,0.0022559266064648667,0.4659000802934008,-0.25424481201770943,7.63496401941737,7.8891544641393665,0.004818749675783588
2023-04-23,0.003964167735399544,0.46498790073873525,-0.2524153437304774,7.6375895492788715,7.889950525713635,0.008453247148046622
2023-04-24,0.005084310383006783,0.4640568452951046,-0.2504769342593165,7.639717045954009,7.890139612917612,0.01083748531006145
2023-04-25,0.005868899488394799,0.46310498383413073,-0.24830637700512956,7.64172033085261,7.889972340562026,0.012514341836725701
2023-04-26,0.0061840342448614225,0.4621280896689643,-0.24580899443560758,7.643555954013432,7.889310581153326,0.013204941595745125
2023-04-27,0.006726537996508453,0.4611197803192478,-0.24304354242550863,7.645855600425461,7.888844775555257,0.014377665770084388
2023-04-28,0.006815882699282113,0.46008205340175456,-0.24014563299646066,7.64780512763979,7.8878963933405375,0.01459822837556334
2023-04-29,0.006130829018092711,0.4590138188521387,-0.23713767531299573,7.649059797092449,7.886143105109732,0.013180478473017116
2023-04-30,0.005260920527202235,0.45791247681486213,-0.2338967911153841,7.650329430761894,7.884171854581565,0.011358425499806766
2023-05-01,0.005723328744761497,0.45677113710471723,-0.23051379815881015,7.653033492225882,7.883492923088979,0.01237491292841585
2023-05-02,0.007988914369457836,0.4555845285234762,-0.22727982491714713,7.657346442511001,7.884571900132435,0.01723333053680329
2023-05-03,0.010185095046294806,0.4543491088556635,-0.2242350579871225,7.66135197045005,7.8855326611414585,0.021925393137346694
2023-05-04,0.010798335852735852,0.45305971231042746,-0.2211273727159965,7.66378349998238,7.884856505402664,0.023279397426640116
2023-05-05,0.010156704124071967,0.4517129731677526,-0.21783955695943485,7.665082944867604,7.882868134531325,0.02199041119916306
2023-05-06,0.0086886314295866,0.4503069419677987,-0.21424848235626592,7.665799915576333,7.879994030636886,0.01892966279669157
2023-05-07,0.006857212360097775,0.44884094071181146,-0.21030457246524334,7.66644640514188,7.876696610311409,0.015047707158505216
2023-05-08,0.005066236937141536,0.44731587936369005,-0.2061555377887807,7.667279403047265,7.873380573540332,0.011199021257888358
2023-05-09,0.0043689024444915564,0.44573634003383067,-0.20177367857541048,7.669384388438125,7.871103699717823,0.009706402041522478
2023-05-10,0.008082096396011405,0.44409958814369055,-0.19722872211767642,7.67600578695724,7.873180141779202,0.017873559837432534
2023-05-11,0.016099704798835133,0.4424072567012346,-0.19253726631526513,7.687022519720019,7.87950541873957,0.035113326842765254
2023-05-12,0.02229647093490639,0.44066354315336076,-0.1875329719093076,7.696479866714173,7.883958471327768,0.048160683982214035
2023-05-13,0.023626623627085164,0.43887521920989925,-0.18227511994628176,7.701279547425917,7.883500300076485,0.0510843880797524
2023-05-14,0.02118062467725903,0.4370485029168494,-0.17698868132476855,7.702293270804554,7.879227584833609,0.04622278114109862
2023-05-15,0.017013046374799164,0.43518684518118406,-0.17164083170828198,7.701611884382915,7.8731983487954835,0.03762284488007869
2023-05-16,0.012661781479069172,0.433292820408047,-0.16627192506569718,7.7007355013566325,7.866953059126617,0.028392534633546018
2023-05-17,0.008903409891678055,0.43136858120637883,-0.16087876383256494,7.700446051800705,7.8612704483375575,0.020222521694992626
2023-05-18,0.005992732403277664,0.4294155812388925,-0.15548937394502912,7.700971764232355,7.85640677088167,0.01376347721325929
2023-05-19,0.004355809373901616,0.4274341312106973,-0.15013516969598054,7.702707595423832,7.852788397824099,0.010087797246976853
2023-05-20,0.0053460068504243416,0.4254253206718453,-0.14483680784374697,7.706987344213736,7.85176978476177,0.012410312638897648
2023-05-21,0.008438762409769974,0.4233971235279486,-0.13959613887046937,7.713292571602463,7.852834343177219,0.01954159597330698
2023-05-22,0.012411550228825688,0.42136208475479103,-0.13453083888981246,7.7202956206290185,7.854772092223117,0.02861296590627151
2023-05-23,0.014487390593716478,0.41933090319615196,-0.1296528112614929,7.72521830706359,7.854816751029369,0.03339506609357935
2023-05-24,0.014287528927376994,0.41730607431310174,-0.1248875723001099,7.7277588554755825,7.852592060479979,0.033104125779677404
2023-05-25,0.01247496799942113,0.4152930677380062,-0.12028500472127647,7.728535855551365,7.848766492976928,0.029162927000647886
2023-05-26,0.009904361661533776,0.41329332383982775,-0.11576262917231295,7.728487880864263,7.844196142740862,0.023403629086014722
2023-05-27,0.007322084973430967,0.41130797272942743,-0.11139742944694483,7.728285452791128,7.839628514942359,0.017490585873382623
2023-05-28,0.005159954045970512,0.40933773658426215,-0.10712053010690396,7.7284299850585425,7.835496147869733,0.012448691904953534
2023-05-29,0.0034926170177911474,0.407379822099118,-0.10286037433213661,7.729064889319987,7.83187089635641,0.008500489897297205
2023-05-30,0.002286917603244946,0.40543940531450384,-0.09868533634928522,7.730093811103678,7.828724780157249,0.0056089525613147355
2023-05-31,0.0014576898208600475,0.4035219406914451,-0.09467942808901536,7.731353026958503,7.825978087751806,0.003599415158278575
2023-06-01,0.0009087199373017243,0.4016332088306274,-0.09084792082398999,7.732746832479153,7.82354038600743,0.0022574541243022004
2023-06-02,0.0005560347664663493,0.3997743191407001,-0.08718038118882884,7.734202797253552,7.821328811146667,0.0013889398119316465
2023-06-03,0.0003348844814956113,0.39793990289456405,-0.08366751420627154,7.735660097705002,7.81927324461556,0.0008408377635499336
2023-06-04,0.0001989633501365184,0.39612623132765995,-0.08030098167252536,7.737077037540485,7.817323651917297,0.0005020204438384775
2023-06-05,0.0016292455351268787,0.3943343050653671,-0.07707325211529756,7.73994312302041,7.816962007839995,0.004114635129056867
2023-06-06,0.009007651343496407,0.3925584790318226,-0.07397747684584653,7.748641478064687,7.82256458761482,0.02243130249823986
2023-06-07,0.017592283385800194,0.3907965309258231,-0.07100738756580603,7.758434251281031,7.8293872715511235,0.04307728999740993
2023-06-08,0.0232515565503778,0.38904694557330693,-0.06815721176877095,7.765194114890128,7.833296959363185,0.056394957611081986
2023-06-09,0.025984489651187995,0.3873084728660013,-0.06542160282320741,7.768924184229196,7.83429141975669,0.06287184154534757
2023-06-10,0.02616944959007014,0.38558369077910365,-0.0627955821597956,7.770010382744592,7.832751597608675,0.0635561627207187
2023-06-11,0.024939015043643143,0.3838674369937467,-0.06027449143154803,7.769584785141055,7.82980490927689,0.06100445557880333
2023-06-12,0.022054796102022278,0.3821544081631209,-0.05785395288441608,7.767408075915941,7.825207661504644,0.0545628250651
2023-06-13,0.017974270997230098,0.3804337078896263,-0.05552983648242011,7.76393096693965,7.819406436126357,0.04511523852371088
2023-06-14,0.013664004351246721,0.37870006691079733,-0.05329823258526414,7.760118663211994,7.8133625285015444,0.034824810302575046
2023-06-15,0.009824583153290376,0.3769468803692483,-0.051155429186810736,7.756668858870942,7.8077699207620395,0.025401520225438918
2023-06-16,0.006758105105510744,0.37516577625263564,-0.04909789289703715,7.753878812996323,7.8029223385976465,0.017694900568873774
2023-06-17,0.008170684652131279,0.37336284995173735,-0.04712225299430566,7.755464106144776,7.802531991843369,0.02141537744674156
2023-06-18,0.026745467051075975,0.37154356550330947,-0.045225287994071064,7.774116569095528,7.8192874897938855,0.06715090013788903
2023-06-19,0.05660482566294921,0.369714659330973,-0.043403914278755576,7.80396839525038,7.847317942233422,0.13277560058920646
2023-06-20,0.07730577641450724,0.36788416202271784,-0.04165517641497623,7.824587586557462,7.866188395676725,0.17364672859831018
2023-06-21,0.08151587788837206,0.366061075123813,-0.03997623885152725,7.828653538695872,7.868575410251686,0.18212706740097234
2023-06-22,0.07787373663282939,0.36425453438466543,-0.03836437874700236,7.824816716805707,7.863126728256995,0.1761338094341132
2023-06-23,0.08433034053716536,0.362471319232786,-0.036816979721599544,7.831037504583565,7.867800117009452,0.18874222754809203
2023-06-24,0.10058797918756637,0.3607183398042135,-0.03533152636531026,7.847027617161683,7.882304776231281,0.21805029553336505
2023-06-25,0.1107060754869733,0.35900439732694317,-0.033905599365616115,7.856857697983514,7.890708930053417,0.23569003012379358
2023-06-26,0.11085497262713224,0.3573298284399092,-0.0325368711432534,7.856700754459002,7.8891832583065415,0.23677610288604486
2023-06-27,0.11561975544013024,0.3556951260975877,-0.031213789924095653,7.861153916148837,7.892313338777218,0.2453131865111234
2023-06-28,0.11414388879210753,0.35410823904376915,-0.029945912300957396,7.859359040070133,7.889250585075377,0.24376587314113649
2023-06-29,0.10166296401657426,0.3525716940994736,-0.02872927769935404,7.846558204951908,7.875233115355548,0.2238115524654691
2023-06-30,0.08263900687285755,0.3510917615380164,-0.02755857588326377,7.827225017062824,7.854729225650375,0.1905306537869904
2023-07-01,0.06248849352193753,0.34967075741400144,-0.026433966225043175,7.8067781092461095,7.833157708175439,0.15161249779069008
2023-07-02,0.04467470358838321,0.3483149474538589,-0.02535626136364896,7.788686214213807,7.813988108281743,0.11367908409267798
2023-07-03,0.030567511724671835,0.34702632261949873,-0.024327315290410798,7.7743193435889735,7.798592291583671,0.08095341857942005
2023-07-04,0.020072295821023444,0.345813081689551,-0.02333608852275526,7.763602113523033,7.786883834750075,0.05485951900453671
2023-07-05,0.012788346155253245,0.34469362724177127,-0.022393060717885674,7.756141737214353,7.778480430636525,0.03577340147736716
2023-07-06,0.008016241628984013,0.34368447367702215,-0.02148817790161416,7.7512653619396055,7.772699172545507,0.02279279307694691
2023-07-07,0.004935200381450227,0.34280137087830315,-0.020619918129122342,7.7481694776658445,7.768735028499254,0.01419235360713244
2023-07-08,0.006302245569284484,0.34206239646939396,-0.0197868176047999,7.7496306489690925,7.769363099278179,0.01809094497192041
2023-07-09,0.027013688162428204,0.3414851496069498,-0.01898746866115912,7.770564193643433,7.7894972950088786,0.07330739040033146
2023-07-10,0.07133343519867322,0.3410783255337505,-0.018220517801671214,7.815244067465966,7.833410217971924,0.17296653973201062
2023-07-11,0.10464565483118708,0.3408398728568209,-0.01748209762728579,7.849056254595936,7.866483984927508,0.2349024790418664
2023-07-12,0.11242747764235633,0.3407635430855425,-0.016776188747804115,7.8574676565153085,7.874189477967399,0.2480796672930091
2023-07-13,0.10104216145806434,0.3408445063681465,-0.016098919941603586,7.846840572419821,7.862885125065711,0.2286608056204201
2023-07-14,0.08130059256095502,0.3410715801177554,-0.015449136133914897,7.827975861080009,7.843370629918211,0.19248567453045412
2023-07-15,0.060539753555270845,0.34143518281149887,-0.01482572747617879,7.808202033425805,7.82297339360627,0.15060579175024286
2023-07-16,0.04261912270169131,0.34191998284069175,-0.01422762771344388,7.791364302364153,7.8055375627818835,0.11083169978662658
2023-07-17,0.02992043382600332,0.3425012856881863,-0.013653812600117754,7.779820731449286,7.79342017675369,0.08034019569275772
2023-07-18,0.025269590162987892,0.3431554628943322,-0.013098568531649493,7.776379309060885,7.789423510296821,0.06858814283472849
2023-07-19,0.023243321247174074,0.3438623316083658,-0.012570592936208321,7.775587884454546,7.78810411009504,0.0633150731032752
2023-07-20,0.0203592368456451,0.34460690532394556,-0.012054100181893729,7.773964866522911,7.785964599409091,0.05578390566482923
2023-07-21,0.018056129597833256,0.34538283956926735,-0.011557797356263933,7.77293399634605,7.784437426406601,0.04968132514576739
2023-07-22,0.021047085402230412,0.3461806638558969,-0.011086715906564112,7.777193857886777,7.788226206497628,0.057313439533776205
2023-07-23,0.023897624924460757,0.3469988444652389,-0.010630772542836397,7.781318521382077,7.7918949266292,0.06443206365319053
2023-07-24,0.02370945466422454,0.34783058514980114,-0.010194411327869652,7.78239845302137,7.792538497053526,0.06381399613374727
2023-07-25,0.021062814895098002,0.3486694595177767,-0.009773117164309399,7.781011981783779,7.790730731652375,0.05696774761831438
2023-07-26,0.017685874820801296,0.3495112650645762,-0.009367354224983434,7.778882610195608,7.7881955971248775,0.0481645222681256
2023-07-27,0.01666411540073011,0.35035650685341363,-0.008983215840988408,7.779090230948369,7.788019079493644,0.045403757691825364
2023-07-28,0.016499665946069476,0.35119921066218995,-0.008622191524183528,7.7801295096192895,7.78869733384776,0.0448727668092605
2023-07-29,0.016880786479567537,0.3520431549803943,-0.008275818323729606,7.781700947671446,7.789922398699463,0.04575682026155398
2023-07-30,0.016171067574289863,0.3528946979737985,-0.00793571279988542,7.782182877283417,7.7900642227875885,0.04381622215833186
2023-07-31,0.014009333141001475,0.35375391022998764,-0.007617173264483345,7.78119889464172,7.78876170061049,0.03809334780874025
2023-08-01,0.011130258682963853,0.35461532349644215,-0.0073115516337644865,7.779486855080855,7.786744039418906,0.030431696855067476
2023-08-02,0.00880431681285592,0.355472964003765,-0.0070183205374337665,7.7783117848144006,7.7852757380561215,0.024169272355165236
2023-08-03,0.008789398267615342,0.35632163509252235,-0.006736974082321471,7.77942688381303,7.786109490599638,0.024073220101638693
2023-08-04,0.009144608025464141,0.3571572234078267,-0.006467026998187445,7.7808876289703175,7.787300288672792,0.024964680055468178
2023-08-05,0.008544667739338452,0.3579786404282878,-0.006208013815037388,7.781368118887802,7.787521765407127,0.023312754056641394
2023-08-06,0.007179613041011778,0.3587857912293698,-0.005959488071025627,7.7810587407345695,7.786963861509882,0.01961828346951439
2023-08-07,0.00550220347073496,0.35958217972818246,-0.005721021550027588,7.7804161861841035,7.786082840438418,0.015071045829251664
2023-08-08,0.004005596736624616,0.3603641615731907,-0.0054868842984328306,7.779935698546597,7.785368215549315,0.010993219511973736
2023-08-09,0.0028639034704732586,0.36113887130784106,-0.005263077158334275,7.779792522155194,7.785001232017815,0.007867806700697373
2023-08-10,0.0028882257690862447,0.36190723350801857,-0.005046976517861936,7.780801307294457,7.785793916516606,0.007917384100146651
2023-08-11,0.005071881447656673,0.3626632501022361,-0.004838115141884484,7.783949840943222,7.788733588789393,0.01379221350508509
2023-08-12,0.006958008992096484,0.36340529212128564,-0.0046349539047761765,7.78678117174382,7.791361758352883,0.01878698286568727
2023-08-13,0.007354551258166337,0.36413130047866155,-0.00443991334936324,7.7880987629226786,7.792484308976328,0.019797661805372145
2023-08-14,0.006828611675142654,0.3648374622094828,-0.004262787685770996,7.788456110734068,7.792664531124126,0.018372975514742373
2023-08-15,0.006760161816309352,0.36552410280321,-0.004087827587534321,7.789249261567199,7.79328272185902,0.018158602065060012
2023-08-16,0.007687878085930706,0.36618421358481756,-0.003915465785608371,7.791009450420354,7.794870548910248,0.020562856274121317
2023-08-17,0.012242872916090776,0.36681458040757253,-0.0037508690760021494,7.796359408782875,7.800055910563164,0.03229819862066407
2023-08-18,0.01594655442605662,0.36741197719544294,-0.003594183347264379,7.800817172809449,7.8043569888610005,0.04159697283534331
2023-08-19,0.016407262984450072,0.36796854773788296,-0.003443420278210309,7.801985214979337,7.805374267961834,0.04268547220392706
2023-08-20,0.015009361909440085,0.3684808547295149,-0.0032999749018180423,7.801243066272351,7.804488673878455,0.03913883916254105
2023-08-21,0.014593724034129868,0.36894231088227664,-0.0031632695677835205,7.801425589883837,7.804534492155907,0.03805046385618144
2023-08-22,0.014222705363285577,0.36934615009696786,-0.003037512265599871,7.801584167729867,7.804567312699754,0.03707992753014166
2023-08-23,0.012796071363482929,0.3696883668939177,-0.0029168137274851735,7.800620449065129,7.803482895496901,0.03345514244130255
2023-08-24,0.01053443920741336,0.36997061398327846,-0.002800968111031053,7.798756909614875,7.801503510430193,0.02768541210971508
2023-08-25,0.008055285643444328,0.3701912895733666,-0.0026829753835495808,7.796616424368475,7.799245032456311,0.021296387518715904
2023-08-26,0.0058090875959223,0.3703483117001082,-0.0025680310222881684,7.794642192808956,7.797155856535531,0.015443236280328043
2023-08-27,0.0039867275659122665,0.3704414717577393,-0.0024603685450206134,7.793020655313844,7.795426656563152,0.01064750884979735
2023-08-28,0.002652174471630096,0.37047617560668916,-0.002358956502477772,7.791822218111055,7.79412680731782,0.007107941465914898
2023-08-29,0.0017129374251749008,0.3704569564508199,-0.0022599204102656365,7.790962798000943,7.793168351115495,0.004602568486492471
2023-08-30,0.0010797475473833297,0.37038671300688764,-0.0021642820672025925,7.790355003022282,7.7924649177937715,0.0029067161158297344
2023-08-31,0.0006578528504639766,0.3702668640130606,-0.00206876388750896,7.789908777511229,7.791923174103025,0.0017735481636992725
2023-09-01,0.0003997667975487857,0.37010444013948673,-0.0019868788073623264,7.789570152664887,7.791502664176536,0.001078980454375038
2023-09-02,0.0001999469313336664,0.36990605872211973,-0.0018998026342518068,7.789259027554415,7.791104462892954,0.0005402423313305689
2023-09-03,0.0001190025885341299,0.36967541414703203,-0.0018145378489983113,7.789032703421782,7.790792873975066,0.00032180742366163596
2023-09-04,6.996944765851524e-05,0.36941592088619823,-0.001732731662149977,7.78880598320692,7.790484347573357,0.00018936974181962097
2023-09-05,4.0704494241651466e-05,0.369122174675411,-0.0016544427526298644,7.788561260952236,7.790161336409153,0.00011026161225420851
2023-09-06,5.270616021633945e-06,0.36879745727551844,-0.0015798047583174726,7.788275747668436,7.789801185131041,1.4291152486225543e-05
2023-09-07,1.703457845008468e-17,0.368441346464168,-0.0015174151694003094,7.787976755829981,7.789439803703669,4.623416620735139e-17
2023-09-08,7.093309873185054e-18,0.3680478966390548,-0.0014575183433876888,7.787643202830881,7.789046353878556,1.9272790139435236e-17
2023-09-09,1.0065945763743823e-17,0.367610258337589,-0.0014000134565026038,7.7872630694163005,7.788608715577089,2.7382113353593968e-17
2023-09-10,1.3483143317174542e-17,0.36712567728745676,-0.0013448038118267956,7.7868336980108435,7.788124134526957,3.672623341629504e-17
2023-09-11,1.892886872180747e-17,0.3665917124513164,-0.0012917966687383603,7.786352740317792,7.787590169690817,5.1634742627525266e-17
2023-09-12,1.29813995801446e-17,0.36600639284989683,-0.0012360305423263526,7.7858231868427845,7.787004850089398,3.546768535671018e-17
2023-09-13,1.8715364185603727e-17,0.36536378772603934,-0.00118160693516502,7.785235005326088,7.78636224496554,5.1223916584850673e-17
2023-09-14,1.2201776167092715e-17,0.36465666941963953,-0.0011260929210846664,7.7845834010337684,7.78565512665914,3.34609982220047e-17
2023-09-15,0.0003594314465308979,0.3638788810553712,-0.0010726028204919144,7.784218534216624,7.785236769741402,0.000986802964416383
2023-09-16,0.002002647924756739,0.3630271493437394,-0.0010206313393240666,7.785061990464386,7.786028254507997,0.0054862587650172006
2023-09-17,0.0034847809639633326,0.3621026191573121,-0.0009804889867038224,7.785659735669785,7.786585857360776,0.0095320051041347
2023-09-18,0.003985655171216667,0.3611008735466663,-0.0009419434940037745,7.7851974097590935,7.786084985957383,0.01091701516682513
2023-09-19,0.003695484549407852,0.3600159569772115,-0.0009049305574432051,7.78385933550439,7.78470989876612,0.01016048473453752
2023-09-20,0.003022146096713961,0.35885082416117214,-0.0008693884953370129,7.782056406297763,7.782871427497387,0.008351400477798192
2023-09-21,0.0022735556799848714,0.3576087653695664,-0.0008324114128439585,7.780102734171921,7.780880778289052,0.0063174975457375455
2023-09-22,0.0016115947513351409,0.3562872144310906,-0.0007997458811790468,7.778151887836461,7.778897266421926,0.004502934097536182
2023-09-23,0.0010925954661787267,0.354882188388065,-0.0007683765724496176,7.776259231817008,7.776973241093744,0.00306930579281171
2023-09-24,0.0016141225592158084,0.3533951539573689,-0.000735909475888557,7.77532619157591,7.776007733756085,0.004546705300362489
2023-09-25,0.00824804628701714,0.35182636652296206,-0.000701205655944366,7.780426031689249,7.78107287004948,0.022906504860065832
2023-09-26,0.02631352724868173,0.3501810689486115,-0.0006670366541023143,7.7968803840784044,7.797493053436794,0.06989084973451448
2023-09-27,0.047157946517177286,0.3484633584866784,-0.0006409118380128192,7.816033217701057,7.816619762243356,0.119199714274027
2023-09-28,0.05765582230871521,0.3466769656154036,-0.0006158214693829902,7.82476979098995,7.825331245163619,0.14259497134705654
2023-09-29,0.05672473216152321,0.344824166220726,-0.0005917240946523766,7.822009998822811,7.82254735562175,0.14126481828254164
2023-09-30,0.05125224430754651,0.3429092297186579,-0.0005647118621589194,7.814649586699259,7.815159931265705,0.13002854841196174
2023-10-01,0.045512661660145955,0.34093879139564265,-0.0005348863035764143,7.806969391287426,7.807449910295289,0.1177707091026921
2023-10-02,0.038935549416877185,0.3389156832671016,-0.0005062235513640437,7.798397833667829,7.798849689923479,0.10304465368633978
2023-10-03,0.03242441565572305,0.3368354290670539,-0.000486440756756157,7.7898262285012345,7.790258301962277,0.08780921109920789
2023-10-04,0.026262589610252518,0.3347034078170803,-0.00046332684996808963,7.7815554951125785,7.781964454666833,0.07275640862970624
2023-10-05,0.020379689921165872,0.33252536144257794,-0.0004380664714224607,7.773519809427535,7.773903508603245,0.05774836557995386
2023-10-06,0.015077292297699817,0.33031277222491884,-0.0004135789917040992,7.766029310066129,7.766388521762119,0.04365294154751937
2023-10-07,0.012382144220839041,0.3280826307231505,-0.00039115767703149635,7.761126441802172,7.76146323218349,0.036368356235607774
2023-10-08,0.017688580259270028,0.3258519779103774,-0.0003678749855050973,7.764225507719356,7.764539015409148,0.05148905955533507
2023-10-09,0.026365090522999485,0.3236348993238459,-0.0003462753375217679,7.770706539044538,7.770998447086346,0.07532883225092789
2023-10-10,0.030733615463855113,0.32144362848530905,-0.0003327693616214218,7.772897299122756,7.773175701188665,0.08726746543649887
2023-10-11,0.029429594493497645,0.3192939727946756,-0.00031307420503345223,7.769463317618354,7.769722024527674,0.08439233035597515
2023-10-12,0.024680299885736372,0.31720095709311885,-0.0002967107582525922,7.762637370755817,7.762879714218355,0.07218968393831197
2023-10-13,0.018957205450989983,0.3151784937844508,-0.00027910455267043114,7.754909419217984,7.755134156474941,0.056735049545341275
2023-10-14,0.013702953088674743,0.3132362243511336,-0.00026823114871624636,7.747723770826306,7.7479376346793085,0.041912851179169396
2023-10-15,0.0094356676530962,0.31138942134234565,-0.00025439755033167553,7.741623515980324,7.741823546234943,0.029410628958729153
2023-10-16,0.0062397653178917385,0.3096451370759774,-0.00023864145089967572,7.736699085478183,7.73688335963337,0.01975328757596502
2023-10-17,0.004985229019929787,0.30801486452438936,-0.00022206818473486474,7.733830849894798,7.73399855078382,0.015927244504877137
2023-10-18,0.009188415450717313,0.30649893475076734,-0.0002060670828893903,7.736534107653809,7.736685807440985,0.029106061566460895
2023-10-19,0.017630967845037166,0.30509675335064484,-0.00019063778228660473,7.743589907948609,7.743726178435183,0.054631092054056446
2023-10-20,0.023215679147953316,0.3038054829260741,-0.00017917830324775446,7.747894808305993,7.748019619313528,0.07099136643242068
2023-10-21,0.02367111668420209,0.3026251650631183,-0.00017220899444721465,7.747176897288087,7.747294738986821,0.07254485572879649
2023-10-22,0.02064860830553498,0.30155413111477763,-0.00016551352303808685,7.743090050432489,7.743201196659813,0.06408576271786108
2023-10-23,0.016265202619808766,0.3005865198711524,-0.00015355446160771673,7.7377509925645676,7.7378501797304615,0.05133379895156721
2023-10-24,0.011873647686338529,0.29971356699406165,-0.000141880355431586,7.732498158860182,7.7325856719199,0.03810697976974926
2023-10-25,0.008242320473830604,0.2989274274061366,-0.00013636812631759142,7.728086204288863,7.728168205119467,0.026833112735605257
2023-10-26,0.005518681108024178,0.2982197655307652,-0.00013107220261232485,7.724660198971391,7.72473690387829,0.018169188553818747
2023-10-27,0.003579057916792039,0.2975829067599284,-0.00011993077390072973,7.722094858438034,7.722160421916221,0.01188416313007503
2023-10-28,0.0022621710051087484,0.2970158073907213,-0.00011027558202247508,7.720220527349022,7.720276435635331,0.007558761981868119
2023-10-29,0.001399832975325419,0.296518201807037,-9.999414916250759e-05,7.718870865168414,7.7189164920218625,0.004698718479222101
2023-10-30,0.003546705437286108,0.29609511429983326,-9.004505856862046e-05,7.720604599213765,7.72064027697662,0.011836483440120909
2023-10-31,0.015709136657758995,0.2957432552831587,-8.655111584522899e-05,7.732418665360286,7.7324508491804185,0.05043832400792417
2023-11-01,0.02743837053816488,0.29545436751391874,-8.098763990694067e-05,7.7438645749473904,7.743891195291584,0.0849767347004843
2023-11-02,0.03181083141779953,0.29521994788953365,-7.784725490221909e-05,7.748005756587645,7.7480292365468335,0.097271674198913
2023-11-03,0.03031662688424456,0.295033939576975,-7.482983239875924e-05,7.7463285611640345,7.74634902370072,0.09318141724476811
2023-11-04,0.027517809887193812,0.29489110703174287,-6.508983355474494e-05,7.743396651620595,7.743407374158437,0.0853506477121184
2023-11-05,0.02387976995582105,0.29478682336350814,-5.655857532836443e-05,7.739662859279215,7.73966505055883,0.07493653384586701
2023-11-06,0.019702883213020016,0.2947169495474805,-5.436729571345031e-05,7.735418290000001,7.735418290000001,0.06266425066140173
2023-11-07,0.016133548330172314,0.29468136732413874,-4.8673122519756235e-05,7.731819067067005,7.731813372893812,0.05190725257251192
2023-11-08,0.015537663953774405,0.2946766100501343,-4.435585402816212e-05,7.731222742685095,7.731212731243409,0.05008687625244037
2023-11-09,0.01558094627171954,0.2946939697870288,-3.887711114628571e-05,7.731288863482816,7.731273373298249,0.05021658363375208
2023-11-10,0.01437257203626699,0.29472409825612844,-3.3936690289963124e-05,7.730115558137319,7.730095127531896,0.04649863106797949
2023-11-11,0.012037986815282153,0.2947588927222589,-2.9445944396319434e-05,7.727820258128359,7.727795336777041,0.03923764424666884
2023-11-12,0.009313975218637634,0.294793136539402,-2.5353318521482098e-05,7.725134582974732,7.72510556899754,0.030627285119356973
2023-11-13,0.006776274936292159,0.2948198394083803,-2.0589027214626358e-05,7.7226283498526715,7.722594571584173,0.022468044560242716
2023-11-14,0.0046997019536015126,0.2948388341506027,-1.9792368014054682e-05,7.720571568271404,7.720536993343705,0.01568980744423004
2023-11-15,0.003138602630145488,0.29485048713435535,-1.9026826817680708e-05,7.719022887472897,7.7189875470040015,0.010532609206014586
2023-11-16,0.0019423198393530854,0.29485572758911505,-1.5644814302607455e-05,7.717835227149379,7.717796504667969,0.006544247363423802
2023-11-17,0.0012268385923242429,0.2948552272165724,-1.5040013982337613e-05,7.717119850330128,7.717080523048397,0.004143576170250359
2023-11-18,0.0013913350243491358,0.29485093211446745,-1.0857673832154887e-05,7.717284234000198,7.717240724378317,0.004696612126915597
2023-11-19,0.005317617184517692,0.29484877672634313,-1.04381345163665e-05,7.721208780311558,7.721164851150362,0.017715564741390882
2023-11-20,0.017463827868753196,0.294854019179631,-7.435628483478838e-06,7.733363235955115,7.733316304287885,0.05591684251732084
2023-11-21,0.04139269913581405,0.2948706864115301,-2.482987362572701e-06,7.7573137270951955,7.7572618427868445,0.12309606372527934
2023-11-22,0.06285785129250131,0.294900045194458,-1.403541206439704e-17,7.7788107210221735,7.77875635372646,0.17569940987953162
2023-11-23,0.07038015830086125,0.29493668039833687,1.403541206439704e-17,7.786369663234412,7.7863152959386985,0.19265511699780222
2023-11-24,0.06630356005879783,0.2949754360725472,-2.3392353440661737e-17,7.782331820666559,7.782277453370845,0.18352453579862357
2023-11-25,0.060664148481357795,0.2950127105556396,-8.88909430745146e-17,7.776729683572211,7.776675316276497,0.17055972841642622
2023-11-26,0.0570651985252812,0.2950434159026932,-1.403541206439704e-17,7.7731614389631885,7.773107071667475,0.16206703325900645
2023-11-27,0.05176640875825621,0.29506362541947834,1.871388275252939e-17,7.767882858712948,7.767828491417235,0.14925584193129102
2023-11-28,0.04355924913021618,0.2950674581085032,-1.871388275252939e-17,7.7596795317739335,7.75962516447822,0.128635007809672
2023-11-29,0.034061871623245324,0.29505135151565465,-6.082011894572052e-17,7.750166047674114,7.7501116803784,0.10349590726979009
2023-11-30,0.025063086502259354,0.29501649985401895,-3.274929481692643e-17,7.741132410891492,7.7410780435957784,0.07830267086874391
2023-12-01,0.01756475549251243,0.2949662550308439,-4.6784706881323474e-17,7.73358383505857,7.733529467762857,0.056201640480728454
2023-12-02,0.011838599266070237,0.2949094242624842,-1.9570775677321493e-09,7.727800846106691,7.7277464807680545,0.03859388930983026
2023-12-03,0.00835987141011713,0.2948593206758322,-9.887874072892036e-07,7.724271027833756,7.72421764932545,0.02757039009505531
2023-12-04,0.008423635750336302,0.2948261806479832,-2.2708950595433224e-05,7.724279931982938,7.72424827363782,0.02777787584633467
2023-12-05,0.009229889127216943,0.2948214619376174,-0.00014132712005224314,7.724962848479996,7.725049808304335,0.030356349659004838
2023-12-06,0.009380487651569461,0.29485734145135867,-0.00045949214003107846,7.724831161498111,7.725236286342429,0.030832745813459985
2023-12-07,0.008812132338495987,0.294956718636853,-0.0010527871414577326,7.723768888369105,7.724767308214849,0.029009334927533752
2023-12-08,0.0076986953498961175,0.2951342540321387,-0.00193833949180415,7.721947434425444,7.723831406621535,0.025422251329012192
2023-12-09,0.006219887489928532,0.29540014138416254,-0.003082630319183901,7.719590223090121,7.722618486113592,0.020621599676740883
2023-12-10,0.004956973689854629,0.29576418864054305,-0.004509551570005384,7.717264435295606,7.721719619569898,0.016483621077549835
2023-12-11,0.004810281643926369,0.2962294577713388,-0.006395915665100301,7.715696648285379,7.722038196654766,0.015978892531829134
2023-12-12,0.004842345846879001,0.29679869706118545,-0.008968168077583554,7.713725699365694,7.722639500147565,0.016053338763832855
2023-12-13,0.004462996270684704,0.29746553789638663,-0.012299976920917187,7.710681381781368,7.722926991406572,0.014781631298932209
2023-12-14,0.003720466595517521,0.29821701740747736,-0.0162946835333649,7.706695625004844,7.722935941242495,0.012321976543596748
2023-12-15,0.0028631076149985154,0.29904349576635997,-0.020848808508769315,7.702110619407803,7.722905060620859,0.00948342163745896
2023-12-16,0.0020727614407169345,0.2999361616411833,-0.02598011653266961,7.697081631084444,7.723007380321401,0.00686324569342222
2023-12-17,0.001431441847382569,0.300885668612962,-0.031822791443433925,7.691547143552125,7.723315567699845,0.004734901855878691
2023-12-18,0.0009524859446890152,0.30188146471690674,-0.03856041164394509,7.685326363552864,7.723832407901096,0.0031452416170912696
2023-12-19,0.0006151315629171107,0.30290380130555283,-0.04636396897939446,7.678207788424289,7.7245173901079704,0.002026666202018041
2023-12-20,0.0003664400304818938,0.3039366149009289,-0.05534898066143269,7.670006898805192,7.725301512170911,0.001204194386298516
2023-12-21,0.000227273556074174,0.3049677972712489,-0.0655635488229823,7.660684346539554,7.7261935280668235,0.0007446829185611703
2023-12-22,0.0001354079869987153,0.30598899981732913,-0.07696176986713217,7.65021546247241,7.727122865043828,0.00044232992713624764
2023-12-23,7.82839038373162e-05,0.3069965696268594,-0.08937191339783171,7.638755764668079,7.728073310770197,0.00025493427070702994
2023-12-24,0.00040588542349175266,0.3079774934856575,-0.10257670820428032,7.626859495240083,7.72938183614865,0.0013161715295016852
2023-12-25,0.0025690374888888887,0.3089254994176274,-0.11639218965377583,7.6161551717879545,7.732492994146017,0.008247456004854081
2023-12-26,0.006504564699163284,0.3098394793170777,-0.13057550772850834,7.606821360822947,7.737342501255742,0.020561679039638698
2023-12-27,0.009212826617161671,0.31070850490540297,-0.1447042447212149,7.596269911336564,7.740919788762065,0.028797162644066683
2023-12-28,0.009673967306232838,0.31152266216255975,-0.1582555392701728,7.583993914733834,7.742195086708293,0.030118520615337777
2023-12-29,0.009374093675520292,0.3122739164770811,-0.17087530995758593,7.5718255247302295,7.742646467392102,0.029143950466452087
2023-12-30,0.01131273265575843,0.3129596408005376,-0.18253750002615993,7.56278769796535,7.745270830695796,0.03488651387467982
2023-12-31,0.012862685440229902,0.31357101963663603,-0.1934130344363918,7.554073495175688,7.747432162316366,0.039403668310541345
2024-01-01,0.012477711728418888,0.31410388481917395,-0.2036120770439893,7.544022344038817,7.747580053787093,0.038207026545050614
2024-01-02,0.010669277378324219,0.31455427019099724,-0.2130995619083782,7.533176810196157,7.746222004808822,0.032805980557265954
2024-01-03,0.008328977396449923,0.31491739231978894,-0.22217371936318422,7.522125474888268,7.74424482695574,0.025766654096568812
2024-01-04,0.006083145615986134,0.31519348984923795,-0.23107917260164768,7.5112502873987905,7.742275092704724,0.01893429196050141
2024-01-05,0.005213885446981425,0.31538679029851213,-0.24016786323568556,7.501485637045022,7.7415991329849945,0.016262864807934554
2024-01-06,0.009138995627081588,0.31550207656155094,-0.2496311317691238,7.496062764954723,7.745639529428133,0.028151076404070583
2024-01-07,0.01591758579672335,0.3155358061055397,-0.2593526145045463,7.493153601932931,7.752451849141764,0.04802360206775928
2024-01-08,0.01995616375628179,0.3154944929758327,-0.26898798197437535,7.487515499292953,7.756449113971615,0.05949060869544954
2024-01-09,0.01984464032468901,0.31538457849671886,-0.27825963640471496,7.478022406951907,7.756227676060909,0.05919722748052331
2024-01-10,0.017047777811192058,0.31521568057418636,-0.28698935567091816,7.466326927249674,7.753261915624879,0.05130801290649018
2024-01-11,0.013286958549076702,0.3149913796376915,-0.29501802973401087,7.454313132987971,7.749276795426269,0.04047467348124968
2024-01-12,0.009686747777020006,0.3147213270451393,-0.30240389506802046,7.4430570042893525,7.74540653206166,0.029859761605287687
2024-01-13,0.00671245290550282,0.3144106805211862,-0.309349643452026,7.432826314509877,7.74212159066619,0.020903049972994994
2024-01-14,0.004473521186040034,0.3140640018519228,-0.3160811951484453,7.423509152424732,7.739535980277464,0.01404393788014383
2024-01-15,0.0036722347285980993,0.3136853733155826,-0.3227007604314018,7.415709672147993,7.738356065283681,0.011571283106239167
2024-01-16,0.0064920117945661245,0.31327530444136603,-0.32932225373882407,7.411497887032322,7.740765773475433,0.020302299406285036
2024-01-17,0.009958017917367102,0.3128419675782255,-0.3360283836324507,7.4078244263983555,7.743798442735093,0.030848879692725588
2024-01-18,0.011387567710887265,0.3123946414324883,-0.3426556592048474,7.402179374473742,7.744780666382876,0.035170455291583615
2024-01-19,0.010712850782144338,0.311941497882846,-0.3489073393445435,7.394799833855661,7.743652805904491,0.03320225134565725
2024-01-20,0.008886821702424068,0.31148594772821536,-0.35453584658715376,7.386889747378699,7.7413712266701395,0.02773900452968448
2024-01-21,0.00685613514920076,0.31102924696382417,-0.3592426682807022,7.379695538367536,7.738883839352526,0.02156794723817481
2024-01-22,0.006568973618738435,0.31056971350966556,-0.3631252777389416,7.375066233924676,7.738137144367904,0.0207132522311249
2024-01-23,0.011234458013841759,0.3101062984053301,-0.36663268370343033,7.375760897250956,7.742339213658672,0.03496119863235465
2024-01-24,0.015850080752453498,0.3096386227769472,-0.3700755390250226,7.376465989039592,7.746487160768901,0.04869625452614762
2024-01-25,0.017397828754092626,0.30916660977759985,-0.3732993635418028,7.374317899525104,7.747562895771193,0.05327533160780517
2024-01-26,0.017054814991554885,0.3086942622097177,-0.37576457320471757,7.371037328531769,7.7467475344407735,0.05235568167401783
2024-01-27,0.015215717326377968,0.30822977438250243,-0.3772319610276483,7.367266355216446,7.744443948948381,0.04704260135452125
2024-01-28,0.018087776712063693,0.3077788539882253,-0.37778197436594696,7.369137480869556,7.746865087939789,0.05550668588923319
2024-01-29,0.04161599387472461,0.3073383404330192,-0.37772595790492486,7.392281200938033,7.769952791547245,0.11925914018888027
2024-01-30,0.06688240830046674,0.3068991481429509,-0.3770090324076078,7.417825348571023,7.794780013682918,0.17893447963795206
2024-01-31,0.08448501382050559,0.3064580030887223,-0.3756510577795218,7.43634478366492,7.811941474148728,0.21610569869859567
2024-02-01,0.09280659148502304,0.3060095803316069,-0.37372919894856915,7.446139797403275,7.819814629056131,0.23270518610688185
2024-02-02,0.08890730548065166,0.3055537135698598,-0.3711409760054143,7.444372867580311,7.815459476290012,0.22538933173842185
2024-02-03,0.07601418001714888,0.305096629394567,-0.3677594737200337,7.434404160226896,7.802109266651216,0.19945427455727288
2024-02-04,0.06026585913350588,0.3046426113976564,-0.363668780815176,7.4222925142512,7.785906927770663,0.16515335762357788
2024-02-05,0.04512391655639891,0.3041954291221102,-0.35935138907147746,7.411020781142246,7.77031780291801,0.12917668922329897
2024-02-06,0.03220200836024874,0.3037596828882121,-0.35507208913425825,7.401942426649416,7.756960148487961,0.09585023887867533
2024-02-07,0.02207667101174348,0.3033352080204529,-0.3508739772615561,7.395590726305854,7.746410336271697,0.06784224066251499
2024-02-08,0.014601085553421595,0.3029189558267447,-0.34694414916625443,7.391628716749126,7.7385184986196665,0.04598476836282512
2024-02-09,0.010409541236981805,0.30251538266489514,-0.34364136887563684,7.390336379561454,7.733923381141377,0.033265299251925035
2024-02-10,0.011538202681643059,0.30213043199819,-0.34125668985846064,7.393464769356586,7.734667091919333,0.0367846874247414
2024-02-11,0.013748091430180676,0.30177907402506676,-0.3400560896836019,7.3965239003068595,7.736525622694748,0.043571815473779314
2024-02-12,0.014059865863421716,0.3014818507228056,-0.3397772457021764,7.396817295419265,7.736540173825728,0.04455786707232294
2024-02-13,0.012494249756627553,0.30125261296392225,-0.3399636570090889,7.394836030246675,7.734745319960051,0.03982270818037156
2024-02-14,0.009833905018011544,0.30110142860262534,-0.3402981765862046,7.391689981569646,7.731933790860137,0.03162684955582952
2024-02-15,0.007340007365656462,0.3010293932977083,-0.34094819895894124,7.388474026239638,7.729367857902865,0.023802644976663137
2024-02-16,0.005136793611738577,0.30103819504347146,-0.3419577323427142,7.38527008084771,7.72717344589471,0.01677731298137885
2024-02-17,0.003438505537799108,0.3011288695831931,-0.3432234571171459,7.38239674253906,7.725565832360493,0.011289802581228962
2024-02-18,0.0022590563057118796,0.3013006788611817,-0.3448381588299562,7.379774400872151,7.724558192406394,0.007441883899621525
2024-02-19,0.0014429673201697742,0.30155293581048254,-0.34685839972763155,7.3771903279382345,7.723994360370153,0.004762332774999814
2024-02-20,0.0008946727115766453,0.30188390454983205,-0.3493338394034157,7.3744975623932065,7.723777034500909,0.0029548745478258035
2024-02-21,0.0005481444075628825,0.30229278978570256,-0.3526581734814085,7.371235585247071,7.723839391432766,0.00181000764980163
2024-02-22,0.0003304201043958562,0.30277624833231337,-0.3568721082014083,7.367287384770515,7.72410512567621,0.0010901116300080682
2024-02-23,0.00019642588346885657,0.3033209952815068,-0.36189694434281866,7.362673301357371,7.7245158784044765,0.0006471651041146995
2024-02-24,0.0001153734382181234,0.3039075132205642,-0.3674290887031795,7.357646622490817,7.725021343898283,0.0003794893189985788
2024-02-25,6.70575743497181e-05,0.3045222697476362,-0.37351847642828023,7.35212367542892,7.725587784561486,0.0002201573342680866
2024-02-26,5.270616021612918e-06,0.3051504840504183,-0.3798291571192554,7.346379422082398,7.72615421190594,1.7271888014611197e-05
2024-02-27,0.0015275836477563792,0.30578171910841095,-0.38593353071619196,7.342428596575189,7.728307759995668,0.0049708343810484345
2024-02-28,0.008960542988379724,0.3064070809346743,-0.39194073051553796,7.34447971794273,7.736366081162554,0.02841300852926485
2024-02-29,0.017403486864422786,0.30702150945575696,-0.39781405896569155,7.347663761889702,7.74542345355968,0.05364409975132444
2024-03-01,0.02179567266381418,0.3076176809572784,-0.4033636748051877,7.347102503351119,7.750411810860593,0.0661651157253468
2024-03-02,0.021559073539994974,0.30819170499865967,-0.4082403370033572,7.342563266070512,7.750749235778155,0.06537990186266607
2024-03-03,0.018459890390598362,0.3087377532957829,-0.41194383746251306,7.336306630759082,7.748196100925882,0.056418164209923696
2024-03-04,0.014364165398180011,0.3092433071679925,-0.4142245607067956,7.330435736394591,7.744605929805673,0.044387619619144524
2024-03-05,0.01044675881733382,0.3096984009428222,-0.4153978914086229,7.325800092886747,7.741143616999657,0.032631318946568635
2024-03-06,0.007226413090424605,0.31009503416153733,-0.41553736538423974,7.322836906402936,7.738319904491463,0.022773163153660507
2024-03-07,0.0048097047778332905,0.31042627400523826,-0.41491915934310303,7.321369643975182,7.736234436022572,0.015257474087826349
2024-03-08,0.0031048680443257533,0.31068343517286795,-0.413866208589492,7.320974919162915,7.734786760456694,0.009894785791861298
2024-03-09,0.001955235745690729,0.3108676573496878,-0.4126816610714198,7.321194056559173,7.733821350334879,0.006250296218232931
2024-03-10,0.0012062735298989085,0.3109831363022438,-0.41165610519229257,7.321586129175064,7.733187867071643,0.0038639155970969516
2024-03-11,0.0007314784540201405,0.3110397267139414,-0.41127776107952646,7.321546268623649,7.732769662407462,0.002346202734232844
2024-03-12,0.00043709149949930267,0.311036592853452,-0.4116238972510885,7.320902611637076,7.732472141592452,0.0014033015354324625
2024-03-13,0.0011564701137772141,0.31097885839433487,-0.4123907898939839,7.320797363149342,7.733133785747612,0.003705027941901676
2024-03-14,0.005336824657071371,0.3108720437734907,-0.41356445424018606,7.32369723872559,7.737207325670062,0.016877529980609356
2024-03-15,0.010377715281935833,0.310719368355914,-0.4150178510811354,7.327132057091928,7.74209554087735,0.03231955632969986
2024-03-16,0.01530629075600197,0.3105237179388738,-0.4165437383978317,7.330339094832258,7.746828465934376,0.04697630772964064
2024-03-17,0.01783056762725294,0.31028410526962136,-0.4177582568707888,7.3314092405613,7.749113130136375,0.054342487855936414
2024-03-18,0.01724919930710885,0.3100051987915968,-0.4181985643690171,7.330108658264902,7.748252855338206,0.05270883877290532
2024-03-19,0.014658474002586974,0.3096903530559297,-0.41755115541052756,7.327850496183203,7.745347284298017,0.04519354713110277
2024-03-20,0.011378391524931655,0.3093456359768805,-0.4157699649244234,7.3260068871126025,7.741722484741312,0.03547720329393583
2024-03-21,0.00827154500526631,0.3089709780868621,-0.41308443442290904,7.325210913204433,7.7382409803316285,0.02607325438167765
2024-03-22,0.005723837325143291,0.3085602535452952,-0.40972284190479497,7.325614073500858,7.735282548109939,0.018212303744967174
2024-03-23,0.0038122946363675267,0.3080986761914039,-0.406210009607849,7.326753785755137,7.732909428067272,0.012222380720531213
2024-03-24,0.002463007621990352,0.3075894090703949,-0.40279864334434684,7.328306597883253,7.731050873931886,0.007943842683974288
2024-03-25,0.0015523326548332454,0.3070351048809707,-0.3996430170124456,7.329997245058572,7.729585894775305,0.005030446693583032
2024-03-26,0.0009584811157649268,0.3064369003475333,-0.3968446937682157,7.331603512230297,7.728393838702798,0.003118072598235721
2024-03-27,0.0005816637720211093,0.30580256336263306,-0.3942747937938588,7.333162257876009,7.727382684374154,0.0018984781868861393
2024-03-28,0.00034781886503926543,0.30513899735908256,-0.3920496881167946,7.334489952642541,7.726485273463623,0.0011385724246249845
2024-03-29,0.00020535500396108656,0.3044554419725392,-0.3904176512718157,7.3352959702398985,7.7256592542160005,0.0006740447277728562
2024-03-30,0.002515753741897375,0.3037536879575586,-0.38945691215126144,7.337865354083409,7.7272678989389565,0.008214184634084713
2024-03-31,0.013563848602371162,0.30303785997536575,-0.3892417206455383,7.348412812467412,7.737600165817238,0.042841994325626825
2024-04-01,0.023527542122774147,0.30231086204113744,-0.38966715626402604,7.357224072435099,7.746836861403412,0.07220616668297553
2024-04-02,0.02690317240571251,0.3015759248560823,-0.3904713842986973,7.359060537498311,7.749477554501295,0.08190223557595487
2024-04-03,0.02494452070850292,0.300834481547622,-0.3913979245143337,7.355433902277005,7.746777459495625,0.07656884125666188
2024-04-04,0.020848775460982984,0.30009419624599853,-0.3922609321441716,7.349734864098024,7.741941428946482,0.06496099712075253
2024-04-05,0.017849810745843606,0.29935173301128404,-0.3928356515508412,7.3454187167415,7.7382000009966285,0.056272773878776286
2024-04-06,0.015234240776466255,0.29860185495180963,-0.3929229214349686,7.341965998828521,7.734834552967777,0.04854202873354726
2024-04-07,0.012357088360727136,0.2978381044659046,-0.3924329409139634,7.338815076447882,7.731193650066132,0.039836492139430156
2024-04-08,0.009449277301257159,0.2970517247314358,-0.3912680962255813,7.3362857303423255,7.7274994592721935,0.030829515200897287
2024-04-09,0.006854553781339679,0.2962353140948983,-0.3894641142454057,7.334678578166046,7.724088325115739,0.022615582069337364
2024-04-10,0.004758243877446729,0.2953814697862811,-0.38699286842600666,7.334199669772935,7.721138170903228,0.01585342978896087
2024-04-11,0.003185729777962742,0.2944962643265928,-0.3839989399567627,7.334735878683007,7.718680451344056,0.010701788623613595
2024-04-12,0.0020702994672592004,0.2935816268825533,-0.3806552203126544,7.336049530572372,7.716650383589313,0.0070024893557082465
2024-04-13,0.0013125157212581788,0.2926389177448594,-0.37742939308390605,7.337574864917426,7.714949890705618,0.0044650767842214535
2024-04-14,0.0008149725046603757,0.2916689236944636,-0.37459098717619244,7.338945733558146,7.713482353438624,0.002786384191577986
2024-04-15,0.0004971768691514166,0.29067186619087104,-0.3723053496379214,7.339916517957315,7.712167500299523,0.0017075196728552188
2024-04-16,0.0002168956182951825,0.28965442299940247,-0.3706014897307098,7.340322653422202,7.710869775857198,0.0007482479443964563
2024-04-17,0.00013047317306220685,0.2886203542455155,-0.36923290429954675,7.340570747654245,7.709749284658078,0.0004518538500084396
2024-04-18,7.742329493474163e-05,0.28757275785985426,-0.3680397982941593,7.340663207395844,7.70864863839429,0.0002691578174014045
2024-04-19,4.5403990559640584e-05,0.28651431392754134,-0.36688930222218497,7.34072324023113,7.707558175157601,0.00015844512581708042
2024-04-20,0.0026322310674572525,0.28544377721821224,-0.3656992101578695,7.343429622663014,7.70907446552517,0.009137279716980147
2024-04-21,0.016316354687140863,0.28436696290900965,-0.3645218497596666,7.357214292371697,7.721681774835651,0.05426424990113835
2024-04-22,0.035277901612517815,0.28328708731025354,-0.3632624530503014,7.3763553604076835,7.739563446162272,0.11074004626751409
2024-04-23,0.046319904811137534,0.2821941850437431,-0.3618570502162683,7.387709864173826,7.7495125470943815,0.14099822881751925
2024-04-24,0.04672053883929021,0.28108573435869966,-0.3601813842892527,7.388677713443951,7.748804730437491,0.14252484671357016
2024-04-25,0.040387981948215544,0.2799588942730399,-0.3580293357445189,7.383370365011951,7.741345333460756,0.12607577893258617
2024-04-26,0.031594009163459995,0.2788115237999912,-0.3553142819984235,7.376144075500242,7.731403990202952,0.10178300902638886
2024-04-27,0.023051840347103864,0.2776446334832304,-0.3520566443091176,7.369692654056431,7.721694931069835,0.07666149208025197
2024-04-28,0.015979290886471268,0.27644983207595725,-0.3483372050721274,7.365144742425515,7.7134275802019285,0.054643295184126715
2024-04-29,0.010650670916835178,0.2752234269450532,-0.34446125755513496,7.3624656648419675,7.706872555101389,0.03725650905938577
2024-04-30,0.006882507257145035,0.2739626473170598,-0.3408033613914282,7.36109461771799,7.701843611813706,0.024506412679897387
2024-05-01,0.004337411194646222,0.2726673036819329,-0.3373669959512053,7.360690543460588,7.6980031721160795,0.015658257645826634
2024-05-02,0.0028571912556482498,0.2713482411154987,-0.33410564607983717,7.361152610826523,7.695203889610648,0.010419892964705885
2024-05-03,0.002625650839319714,0.27001304424148537,-0.331074912062159,7.36261660755386,7.6936371523203055,0.00963051425455774
2024-05-04,0.002713338284851886,0.26866998779660645,-0.3282799521034141,7.364156198513258,7.6923817833209585,0.009998176100315948
2024-05-05,0.002565863910593131,0.26732843556470837,-0.325683455423382,7.365263668587134,7.690892756714802,0.009506921471040323
2024-05-06,0.002182206101569416,0.26599290781682533,-0.3229636383710073,7.366264300082602,7.6891735711578955,0.008137243123287933
2024-05-07,0.0016164853687893775,0.26466779565099957,-0.3199165114156324,7.367420594139371,7.68728273825929,0.0060705249389814645
2024-05-08,0.0011367778399924392,0.2633586009207705,-0.3163622984721812,7.369185904823795,7.685493836000264,0.0042979119155826875
2024-05-09,0.0008956552373003084,0.26206767588201796,-0.3121660103458598,7.371850145308672,7.683961788358818,0.003406008105722959
2024-05-10,0.0010469597142785505,0.26079942899350517,-0.30728058695184607,7.375618626291152,7.682844845947284,0.003998373700875976
2024-05-11,0.0012289672124350766,0.2595567178205974,-0.3016904246026042,7.380148084965642,7.681784142272533,0.004712556259671266
2024-05-12,0.0012243301750595227,0.2583420132313272,-0.29541005189196606,7.3852091160496345,7.680564800645887,0.004716829458673946
2024-05-13,0.0010658192319790317,0.25715480938480656,-0.2885997445437173,7.390673708608282,7.679219085856286,0.004127552619201347
2024-05-14,0.0008422947714965325,0.2559887640863132,-0.2814140359947358,7.396469847398288,7.67782951609731,0.003279567413857274
2024-05-15,0.000980009635752016,0.25483518578454034,-0.2738786055887174,7.402989414366789,7.676813652659793,0.0038309281594547427
2024-05-16,0.0024365159305644014,0.25368821913799855,-0.2661862967261787,7.410991262877598,7.677123192308064,0.009513005176607256
2024-05-17,0.0037760914267318513,0.2525411762672394,-0.2583888669536675,7.418981225275518,7.677315724933472,0.014732099248343648
2024-05-18,0.004175082388982036,0.2513888706917464,-0.25047912648104226,7.4261376511349,7.676562410320229,0.016336742090005144
2024-05-19,0.003809442740535521,0.25022804900946355,-0.24248782111914427,7.432602495166068,7.6750359489895,0.014995592635926484
2024-05-20,0.004620703791783923,0.2490548600375267,-0.234480806312478,7.440247582052047,7.674674021068811,0.01821501338967372
2024-05-21,0.02044297967856201,0.24786832911593495,-0.22666797801578822,7.462696155313923,7.689309766033998,0.0761912711410146
2024-05-22,0.07172613984105597,0.2466623719812044,-0.2190926203174621,7.520348716040012,7.739386969061761,0.22527866797247043
2024-05-23,0.12095729875471561,0.24543525664861163,-0.2116873859181236,7.575757994020417,7.787391012642828,0.3301303396341256
2024-05-24,0.14060074344723378,0.24418877742521103,-0.20437954731386532,7.601462798093793,7.805787978111946,0.36539649813863306
2024-05-25,0.13283368853348726,0.2429234306766392,-0.19716763219588979,7.5996423115494505,7.796755576449627,0.3535094393227067
2024-05-26,0.11033529511158414,0.24163858584130846,-0.19006068261755873,7.582966022870548,7.772972338192393,0.31347580341153547
2024-05-27,0.08404334486150022,0.24033424604007966,-0.1830835106443997,7.562346904792394,7.745376048141081,0.25909109389433743
2024-05-28,0.0601685313962088,0.23901070124026041,-0.1761951737799929,7.544036883391691,7.720177689875969,0.20111199185178472
2024-05-29,0.04112178202233859,0.2376691449101717,-0.1694196408937429,7.530424110573981,7.699789384172011,0.14750043150541034
2024-05-30,0.02711003875390192,0.23630997387895009,-0.1627764174454942,7.521696419722572,7.6844184698723526,0.10291563834858358
2024-05-31,0.0173662991808875,0.23493587001661098,-0.1562743778195843,7.5170806159131285,7.673300626436999,0.06883135105863245
2024-06-01,0.01085464576762273,0.23355442352041095,-0.14992665054811044,7.515535243275137,7.6654075265275345,0.04441179617124043
2024-06-02,0.006661598301140462,0.23218050922317024,-0.14383850832094433,7.51605642373858,7.659840564763811,0.027891222239622912
2024-06-03,0.004021516550457641,0.2308340172105269,-0.13801769297308902,7.517890665323109,7.655853991000485,0.017123362971512478
2024-06-04,0.002393788384460377,0.22953243691782865,-0.13244766426277535,7.520531385574728,7.65292468254179,0.010321335508049383
2024-06-05,0.0014076436603205002,0.22828449098373005,-0.1271137595144405,7.523631199664824,7.650690591883551,0.00612839295739011
2024-06-06,0.000767460396413739,0.22709973413929999,-0.12200288962545243,7.526917129445475,7.648865651775214,0.0033680161726547023
2024-06-07,0.00011830330063463506,0.22598566675662218,-0.1171032880561066,7.5300535065363645,7.647102427296757,0.0005232252251239854
2024-06-08,1.0541232043255837e-05,0.22494644497457392,-0.11240430361048122,7.53360550713135,7.645955443446118,4.685887831718188e-05
2024-06-09,3.502761257390754e-18,0.22398561645806528,-0.10789622939060692,7.5371422116026725,7.644984073697565,1.5638331214212334e-17
2024-06-10,1.5077102803551508e-17,0.2231062600566142,-0.10357016161322725,7.540588922978601,7.6441047172961145,6.75781253279295e-17
2024-06-11,2.5128504672585847e-17,0.2223109205420249,-0.09941788306304505,7.543945862014194,7.6433093777815255,1.130331546975698e-16
2024-06-12,1.6904630416103207e-17,0.22159969170800692,-0.09543176685664811,7.547220749386573,7.642598148947507,7.628453941342916e-17
2024-06-13,1.0889018691453866e-17,0.22096708548979396,-0.09160469693843697,7.550415213086571,7.641965542729294,4.927891711707809e-17
2024-06-14,0.002426162264083721,0.2203994015331438,-0.08793000234977343,7.555948385982668,7.643824021036728,0.010888168407335624
2024-06-15,0.013877304938638813,0.21988092356609845,-0.08440140282670074,7.57040965021325,7.654756685744237,0.059366059656623296
2024-06-16,0.02552491943150924,0.21939515014237887,-0.0810129637078038,7.584959930401298,7.665918526813389,0.104217345176806
2024-06-17,0.03353297852682137,0.21893085782026425,-0.07775905848697098,7.595757602395328,7.673462293586586,0.1328228985664325
2024-06-18,0.04672291880623912,0.21847439735699145,-0.07463433763830257,7.6116158030601415,7.686195773402731,0.17618171813428488
2024-06-19,0.056358363665372085,0.21801943973152832,-0.07163370258253866,7.623796925349575,7.695376260636401,0.2054042381258044
2024-06-20,0.05771813279782847,0.21755969264091585,-0.0687522838646191,7.627578366109339,7.6962762826782445,0.20967229273130136
2024-06-21,0.053901505839651837,0.21708837554909066,-0.0659854227775811,7.626057283146375,7.691988338628243,0.19890597229469478
2024-06-22,0.049271843941055736,0.21660136458860144,-0.0633286558047577,7.623597377260113,7.686871665769158,0.18532083098383959
2024-06-23,0.043630715894621794,0.21609342590921074,-0.06077770136515567,7.619999264973891,7.680722599043333,0.1679886805731587
2024-06-24,0.03799321720325696,0.21556214444114657,-0.05832844844002919,7.616279737739588,7.674553818883904,0.14984190023376517
2024-06-25,0.04147131897779577,0.21500612327503185,-0.05597694673543221,7.621553320052609,7.677475899492328,0.16169577571237087
2024-06-26,0.08580223069505871,0.21443021446577173,-0.05371490166540442,7.66757036803064,7.721230902400331,0.28578600373818897
2024-06-27,0.1540717455086642,0.21384035960165268,-0.05154782607383922,7.737417103571691,7.788910562349818,0.41877324330621424
2024-06-28,0.19655405443071597,0.21324299736625477,-0.04946456040896032,7.781385315923225,7.830795509036471,0.4796375512435273
2024-06-29,0.1982256535203801,0.2126491352654416,-0.047467769764850835,7.784459843556185,7.831873246025323,0.4824478379560785
2024-06-30,0.17218853146719587,0.21206987992022006,-0.045551110769921806,7.759760125152708,7.805256868626916,0.4481060826892152
2024-07-01,0.135410783834349,0.21151463561192113,-0.04370658283623355,7.72427166114525,7.767923876685771,0.39031669703096133
2024-07-02,0.09969876031829858,0.21099713710033216,-0.04193149590056467,7.68981722605328,7.731694354658131,0.32088856385497994
2024-07-03,0.06991793562613133,0.2105354925554467,-0.04023195982572494,7.661274292891067,7.701451885421078,0.2493031947566829
2024-07-04,0.04707233759380985,0.21014161350045762,-0.03860635510677677,7.639660420522705,7.678212408333768,0.1830084930990314
2024-07-05,0.03078544219611192,0.20982827506559973,-0.037043465141539264,7.624623076655387,7.6616121745012125,0.12794549931094365
2024-07-06,0.019617492226531787,0.20960812138392515,-0.03554046019143492,7.614737977954236,7.650224070849958,0.08558158888766026
2024-07-07,0.012227690726720777,0.2094979301411227,-0.034095458831349526,7.608682986571708,7.642724078107344,0.05514784750116417
2024-07-08,0.007464012477233998,0.20951533214998924,-0.032708918383679085,7.605323250778758,7.6379778018667235,0.03439964522916864
2024-07-09,0.004499548869723549,0.209670572537478,-0.03137680403827849,7.603846141904137,7.635168578646702,0.02100922780525748
2024-07-10,0.0026625934942859472,0.20997626966498645,-0.030098311082228844,7.603593376612257,7.633637320398773,0.012521669156458907
2024-07-11,0.0015631179848069685,0.2104331842684656,-0.02887175422346284,7.604177372565023,7.632994759492773,0.007373326648591762
2024-07-12,0.0011307699638429523,0.21104409607187258,-0.0276933238155172,7.605534366755412,7.633173323275216,0.005329424662639396
2024-07-13,0.004617099586723476,0.21180613772822615,-0.026564440452546054,7.610911621397618,7.63742169455445,0.021333659194850908
2024-07-14,0.014123951207304456,0.21271144310860998,-0.025485277490538392,7.62240294136059,7.647833851555415,0.062265200057950304
2024-07-15,0.023076508022311048,0.21374767528188413,-0.024444232659991495,7.6334327751794175,7.657822640543696,0.09744151843086822
2024-07-16,0.027567966869058148,0.21490554279853566,-0.0234457976130444,7.640080536589763,7.663471966907094,0.11369475744732276
2024-07-17,0.02761377555635246,0.21617556875460203,-0.022494078694569538,7.642348090151599,7.664787801550455,0.11326900129453958
2024-07-18,0.027199376637677707,0.21754520856338466,-0.021586115176059524,7.6442112945602165,7.665743042440563,0.11113372177502066
2024-07-19,0.03208752225809033,0.21899643134239524,-0.020715018828735218,7.651421759306964,7.672082410839986,0.127795989341265
2024-07-20,0.038702520136603885,0.22050380990776142,-0.019870845482206006,7.660388309097373,7.6802047872838655,0.14931163189563937
2024-07-21,0.05087848836227171,0.2220443429140537,-0.01905937444104957,7.67491628137049,7.693921288515826,0.18642078467506043
2024-07-22,0.059805408788801334,0.2235956331328089,-0.018282621457062248,7.686171244999762,7.704399499161111,0.21102748382041495
2024-07-23,0.06569122245481812,0.22514642783515143,-0.017545645941259815,7.694344828883923,7.71183610752947,0.22586904545997732
2024-07-24,0.0645445253945378,0.22668912383847512,-0.01682984053268105,7.695456633235546,7.712232106472514,0.22162454635486303
2024-07-25,0.05640835877635075,0.22822275300415062,-0.01613952070617406,7.689544415609541,7.705629569020002,0.1981805798511974
2024-07-26,0.044946853519390095,0.22974809963660917,-0.01547969807703646,7.6802680796141765,7.695693410395499,0.1636246061421623
2024-07-27,0.033401230270366976,0.23126676091156248,-0.014846435320911799,7.670874380396231,7.68566644842143,0.12620049036230976
2024-07-28,0.023536220064719046,0.23278053823356576,-0.01423846955596821,7.66313111327753,7.677315215537785,0.09182474146824657
2024-07-29,0.015894234117583415,0.23429397905011173,-0.013656280222620483,7.657584757480288,7.671186670407195,0.06352910841139384
2024-07-30,0.010707058150037413,0.23581237313644227,-0.01310708740035633,7.654465168421337,7.66751788852598,0.043432917616927184
2024-07-31,0.008854797859102197,0.2373487826840916,-0.012580191300991377,7.6546762137774165,7.667202037782694,0.03596534964912387
2024-08-01,0.011597247420244526,0.238915710757229,-0.012068264154225463,7.659497518558462,7.671511415416974,0.04629400213312944
2024-08-02,0.02330008924663528,0.2405286285917258,-0.011573206215391763,7.6733083361581835,7.684827175077862,0.08831521237544146
2024-08-03,0.033577856592257836,0.24219845582617922,-0.011098565207992059,7.685730571745659,7.696774769657938,0.12175758061957821
2024-08-04,0.03626256583523215,0.24393647847482905,-0.010642241711406776,7.690609627133869,7.7011975015495615,0.12941716458927285
2024-08-05,0.03288500819243588,0.24574507966173015,-0.010209565381096656,7.689473347008283,7.699628545093667,0.11802389485534588
2024-08-06,0.02650114242526402,0.2476202533757314,-0.009789976405543698,7.685384243930666,7.695119853040496,0.09667666527024078
2024-08-07,0.01983266665836331,0.2495568150151978,-0.009386282676629382,7.681056023532146,7.690387938913061,0.07362079074191916
2024-08-08,0.013952931641860808,0.2515461060338686,-0.008999424090243329,7.6775524381207,7.68649749491523,0.05255360533133983
2024-08-09,0.01232190793284293,0.25358422360192645,-0.008638965636183193,7.6783199904338,7.6869045887742695,0.04633931478647284
2024-08-10,0.02247163307889801,0.2556618158177569,-0.008293104220389076,7.6908931692114795,7.699131906136155,0.0807944286026803
2024-08-11,0.03340513147650282,0.2577748232084387,-0.007954509734146534,7.704278269486009,7.712178411924442,0.11472332122809545
2024-08-12,0.03789848399852006,0.25991262455316344,-0.0076296593349444095,7.711234273751953,7.718809565791184,0.12725678428460294
2024-08-13,0.037424409017477026,0.2620697579381513,-0.007315646260205162,7.713231345230637,7.720492624195129,0.12495872423125241
2024-08-14,0.033201357369400886,0.26424048934278455,-0.0070113236338313545,7.711483347613568,7.718440303951686,0.11162302055476282
2024-08-15,0.026895079693068646,0.2664158512377697,-0.00673124074023761,7.707632514725814,7.714309388170339,0.09169477457834808
2024-08-16,0.0202738604947806,0.26858551647636564,-0.006462475268426528,7.703449726237934,7.709857834210647,0.07018591782397193
2024-08-17,0.01473084376354706,0.2707425502947926,-0.006204565301366875,7.700321653292186,7.70647185129784,0.051601459435959375
2024-08-18,0.011301168606167642,0.2728807118498953,-0.0059482251132001685,7.699286479878077,7.705180337695563,0.03976737921513931
2024-08-19,0.009713553133367126,0.2749942418336034,-0.005711056758014851,7.700049562744169,7.705706252206471,0.0341176227173338
2024-08-20,0.010651549652598694,0.2770829220933801,-0.00547933661965765,7.703307959661535,7.708732928985479,0.037018677629985966
2024-08-21,0.011479422317759667,0.27914793953642797,-0.005250974123295903,7.706429212266106,7.711625819093688,0.03949876654600428
2024-08-22,0.010847436803691681,0.2811938809056555,-0.005041895430040697,7.70805224681452,7.7130397749488475,0.03714350040869061
2024-08-23,0.009144307073098707,0.28321826906988296,-0.00484123987982171,7.708574160798374,7.7133610333824825,0.03127728313840903
2024-08-24,0.007077481502200874,0.285223156888622,-0.004648664332524845,7.708704798593512,7.713299095630323,0.024213021022341633
2024-08-25,0.005140028978684235,0.2872026400987447,-0.004463839743065949,7.708931653869577,7.713341126316929,0.01758220582340946
2024-08-26,0.0035491225747471063,0.2891508024822186,-0.004281704404954975,7.709471045187224,7.713698382296466,0.012125464583075554
2024-08-27,0.002895111088598944,0.29106413969192796,-0.004103768653354132,7.710908306662387,7.714957708020028,0.009848681682620236
2024-08-28,0.0028633343442836324,0.292938440017323,-0.003940834590296311,7.712913764306524,7.716800231601107,0.009679909292171157
2024-08-29,0.0027954537426658124,0.2947691276068234,-0.00377488037369726,7.714842525511006,7.718563038588989,0.009394443821197106
2024-08-30,0.0024953871651882315,0.2965604032929152,-0.0036149082254516595,7.716493706767865,7.720054247697604,0.00834421952293823
2024-08-31,0.0020295155041045146,0.2983162849681177,-0.0034617423911649492,7.7179368826162715,7.721344257711722,0.006757262798126643
2024-09-01,0.0016236881424302669,0.3000380278708276,-0.003314956755626822,7.719399583792845,7.722660173252758,0.005382479964275304
2024-09-02,0.0015961540499926433,0.30171838354062563,-0.003173472234926423,7.721193889890905,7.724312994830119,0.005262372396231671
2024-09-03,0.0016108083821527637,0.3033537020061996,-0.003047797155337043,7.722969537768229,7.7259629676278525,0.0052819535627326095
2024-09-04,0.0015752008188550388,0.3049402067355832,-0.002927157938382537,7.724641074151269,7.727513864793939,0.0051390591795137655
2024-09-05,0.0017173772953909506,0.30646836131128435,-0.002801853175288165,7.726436709966601,7.729184195846176,0.005572539803935471
2024-09-06,0.0018116640036105486,0.30793252925548886,-0.002684388243931839,7.728112629550381,7.7307426504986,0.005848903847230805
2024-09-07,0.0016791558837729469,0.30932903297239017,-0.002569021948305148,7.729491991443072,7.732006646095663,0.005399072898847473
2024-09-08,0.0013962435834572204,0.3106565571106591,-0.0024586184259156726,7.730647006803414,7.733051257933617,0.004474382477425226
2024-09-09,0.0010702646843225598,0.31191148152913145,-0.0023522254478192633,7.7316823453008485,7.733980203452955,0.0034195754138090775
2024-09-10,0.0007718403628172171,0.3130938191861612,-0.002248812462566687,7.732669671621625,7.734864116788479,0.0024591424366920017
2024-09-11,0.000531208293095002,0.3141957009860664,-0.002149866287777097,7.733629867526599,7.735725366518662,0.001687838813375257
2024-09-12,0.00034939352987986203,0.31521040724096727,-0.002055339669332292,7.734557285636729,7.736558258010348,0.001107218121656707
2024-09-13,0.00022226510938115954,0.3161332157618658,-0.0019657483580959047,7.735442557048365,7.737353938110747,0.0007025802390685271
2024-09-14,0.00040962641063831877,0.3169628123094259,-0.0018741592999860005,7.736551103955292,7.738370895959565,0.0012906804771400657
2024-09-15,0.0016783025115007844,0.31769489650069516,-0.0017929517490620737,7.738633071798348,7.740371656251696,0.005254988573529912
2024-09-16,0.003166707625932659,0.3183278547356029,-0.001714453140658751,7.74083293375609,7.742493019601036,0.009849957034021462
2024-09-17,0.005778816964324714,0.31886090234622266,-0.0016403194699649356,7.744052224375796,7.745638176550048,0.01780070835632023
2024-09-18,0.014297413468819797,0.31929344280860117,-0.0015706425493904053,7.753073038263245,7.754589313516921,0.042859128779386496
2024-09-19,0.021494661568806882,0.31962455247510185,-0.0014976396033797186,7.760674398975743,7.762117671283409,0.06301216901267866
2024-09-20,0.023390663549076242,0.31985327496780774,-0.0014314489147594532,7.762865314137338,7.764242395756384,0.06814588962632377
2024-09-21,0.0211783788678887,0.3199792145867355,-0.0013751638185285882,7.76083525417131,7.7621560506941245,0.06207799349688383
2024-09-22,0.017088612295216153,0.3200024523479329,-0.0013211170953334223,7.756822772083029,7.758089521882649,0.05069434965090659
2024-09-23,0.012745974143631484,0.3199234487999733,-0.001269218634593466,7.752453028844225,7.753667880183105,0.03831423408514531
2024-09-24,0.008981633003614533,0.3197427912324429,-0.0012145530018859872,7.748562695769385,7.749722881475558,0.02732268228771711
2024-09-25,0.0061528643921392396,0.31946142706411357,-0.0011586259084654731,7.745508490083001,7.746612748695753,0.018896174257652
2024-09-26,0.0044583790996444135,0.31908236477063073,-0.0011061223027494552,7.74348744610274,7.744539201109776,0.013779961825865175
2024-09-27,0.0034758381438010437,0.3186088524239723,-0.0010579199058375565,7.74207959519715,7.7430831478072735,0.010791690029333
2024-09-28,0.0031499372407837773,0.31804387404996953,-0.0010091745235670194,7.7412374613024,7.742192268530253,0.009806967413616724
2024-09-29,0.0032494170096943648,0.3173982919764243,-0.0009596514578105666,7.7407408820635215,7.741646166225619,0.010133916190977798
2024-09-30,0.003196025531011479,0.31668019200294645,-0.0009138289028277571,7.740015213166344,7.740874674773458,0.009991444677102918
2024-10-01,0.002819122304899833,0.3158963901746204,-0.0008694778448953078,7.738898859169839,7.739713969719021,0.008845262293535154
2024-10-02,0.0022730031097146887,0.3150529022279844,-0.00082952564782543,7.737549204225087,7.7383243625772,0.007162992593673538
2024-10-03,0.0017077572471733914,0.31415514206118106,-0.0007879490943860819,7.736127774749182,7.736861356547855,0.005406640827121104
2024-10-04,0.0012400314551848425,0.31320803698265304,-0.0007497059065950929,7.734751187066457,7.735446525677339,0.003943517482378747
2024-10-05,0.001380525588328051,0.3122161045427217,-0.0007115791451003318,7.733937875521163,7.7345950873705505,0.004402233492595694
2024-10-06,0.0018948661217603755,0.31118370192721795,-0.0006837497440469989,7.7334476428401455,7.734077025288479,0.006052366131507094
2024-10-07,0.00229369019593657,0.3101111782329816,-0.0006570205364869441,7.732800672427645,7.7334033256684185,0.007342043699483691
2024-10-08,0.0026319737843989526,0.30900067678865073,-0.0006313475088202052,7.732054127599444,7.7326311078125505,0.008445757463343825
2024-10-09,0.0026804407324808083,0.30785455571785963,-0.00060668843073779,7.730981132554817,7.731533453689841,0.008631686486612965
2024-10-10,0.002758325239893198,0.306678868347662,-0.000576198820390355,7.729913819302379,7.730435650827055,0.008914006774407778
2024-10-11,0.003944656579559691,0.3054679095374277,-0.0005461994614367556,7.729919191190764,7.7304110233564876,0.012748857065062562
2024-10-12,0.0049409304996191694,0.3042164481761205,-0.0005176720932383522,7.729692531117715,7.73015583591524,0.015981926489296167
2024-10-13,0.005110288219245968,0.30292226272068623,-0.0004907147531226644,7.728594660722023,7.729031008179433,0.016590091546014884
2024-10-14,0.004897160011302236,0.30158671898863115,-0.00046803605735084544,7.727068667477797,7.727482336239434,0.015978523983975354
2024-10-15,0.004351422442690719,0.3002081979270903,-0.0004423375558414232,7.725170107349154,7.725558077609281,0.014287588214772004
2024-10-16,0.0035632086294837195,0.2987879877072641,-0.00041821803442946756,7.722985802837532,7.723349653576248,0.01178499927453618
2024-10-17,0.0027188978380862324,0.2973276685575131,-0.00039661555173046916,7.720702775379083,7.721045023635099,0.009061586242255061
2024-10-18,0.001960685331270128,0.2958284396164617,-0.00037465437310332957,7.718467295109843,7.7187875821872325,0.006584140141498682
2024-10-19,0.0013518774436426198,0.2942951117124712,-0.0003530071620866693,7.716346806529241,7.7166454463956144,0.004572606835947761
2024-10-20,0.0008991775010904485,0.29272502395236133,-0.00033056075703259534,7.714346465231633,7.714622658692952,0.0030623412397189436
2024-10-21,0.0005778003308074288,0.2911193400530518,-0.0003061187221483461,7.7124438461969245,7.71269559762336,0.001980822746657961
2024-10-22,0.0003614832784701746,0.2894808876178869,-0.00028674315200468315,7.710608452279566,7.710840828135858,0.0012471719623057982
2024-10-23,0.0002236073455990492,0.287812252468279,-0.00027558648609313913,7.708813097862999,7.709034317053378,0.0007763177326029438
2024-10-24,0.0001329126832613167,0.28611809980494385,-0.0002607551233442488,7.707043081900075,7.707249469727706,0.00046432214197598097
2024-10-25,7.970231610674187e-05,0.2844015686684715,-0.0002439298545276376,7.705290165665264,7.705479728224079,0.0002801671822925121
2024-10-26,0.0004964664068625662,0.2826626444478098,-0.00022985523078899292,7.703982080159097,7.704157568094173,0.0017533124940393352
2024-10-27,0.002698510288198312,0.28090456448406476,-0.00021735817708203186,7.704438541130395,7.704601532011764,0.009515095315398998
2024-10-28,0.005366380965444442,0.27912787488925583,-0.00020891392030376787,7.705338166469611,7.705492713094201,0.018862879847335874
2024-10-29,0.006729730062024105,0.2773330001136291,-0.00019626536894987455,7.704919289341917,7.705061187415153,0.02369099972341569
2024-10-30,0.006612183272368135,0.27551707384628077,-0.00018545628136224217,7.7029966253725,7.70312771435815,0.023436715992866328
2024-10-31,0.005625424895596412,0.2736805380802761,-0.00017446878834276699,7.7001843187227434,7.700304420215373,0.020140726089984542
2024-11-01,0.004353017648338056,0.2718312404330892,-0.0001627004636808824,7.697074382152961,7.697182715320928,0.015761280815124002
2024-11-02,0.003151271279161339,0.2699690060470226,-0.00015096890710106638,7.694022132954297,7.694118734565684,0.011538034854137973
2024-11-03,0.0021715417083909704,0.2680881516972419,-0.0001384538946280309,7.691174064046219,7.691258150645133,0.00803501876667825
2024-11-04,0.001440727661700012,0.26618729654812273,-0.00012460514968822578,7.6885562435953485,7.688626481449323,0.005383321369104712
2024-11-05,0.0009275629270826196,0.26426543076915676,-0.00011377940930983099,7.6861320388221435,7.686191450935739,0.003497690169541508
2024-11-06,0.0005827866188230672,0.26232237759246635,-0.00010537085350872316,7.6838526178929945,7.68390362145079,0.0022167180343201556
2024-11-07,0.0003588437129222448,0.26036124037251074,-9.443134682442179e-05,7.681678477273822,7.681718541324933,0.0013763562334716747
2024-11-08,0.00021723142038025477,0.2583857893073046,-8.835021267121888e-05,7.679567495050227,7.679601477967186,0.0008400188821034871
2024-11-09,0.00012961256415960367,0.256399132691045,-8.136716599291964e-05,7.677500202624426,7.677527202494705,0.0005052555183656325
2024-11-10,7.637330853351312e-05,0.25440391397043255,-7.281236992977393e-05,7.67546029944425,7.6754787445184665,0.0003001148314870899
2024-11-11,4.451467633196299e-05,0.25240608611459087,-6.422131100411312e-05,7.673439204015133,7.673449058030423,0.00017633024517469702
2024-11-12,1.0541232043235734e-05,0.2504040613043286,-5.597021265647239e-05,7.671411456858929,7.6714130597758725,4.209511720349718e-05
2024-11-13,-7.310110450206791e-18,0.24839904517905406,-5.380348788741626e-05,7.66939806622638,7.669397502418555,-2.942889915272189e-17
2024-11-14,8.98578616327186e-05,0.24639354886928433,-5.172144311547804e-05,7.667484509823016,7.667481863970417,0.0003645594761306401
2024-11-15,0.000680377704454656,0.24438920684866147,-4.7520052738756164e-05,7.666074889035591,7.666068041792617,0.0027762633445326287
2024-11-16,0.001962377065001936,0.24238536527966212,-4.1190853445470325e-05,7.665359376026433,7.665346199584165,0.008031083267525796
2024-11-17,0.003239466255975014,0.24038564880165444,-3.511906309131425e-05,7.664642820529752,7.66462357229713,0.013296930635450779
2024-11-18,0.0037878939639511442,0.238390032093854,-2.9127766020814e-05,7.663201622826998,7.663176383297306,0.01564095467167811
2024-11-19,0.0035996925916865906,0.23639625523433752,-2.4217772857199833e-05,7.661024554588381,7.660994405065525,0.014998972375550482
2024-11-20,0.003003333105705174,0.23439839242809646,-1.7762304418786217e-05,7.658436787764597,7.658400182773302,0.01265084783588717
2024-11-21,0.002295213052004699,0.23239684854650516,-1.2557981859589308e-05,7.655732328151864,7.655690518838011,0.009779679109603392
2024-11-22,0.0017371930238412013,0.23039039933094246,-7.962707752694544e-06,7.653172454182245,7.6531260495942846,0.007483785129628521
2024-11-23,0.0018983179727326276,0.22837785875201522,-3.8603202338046704e-06,7.651325140939728,7.651274633964248,0.008243657679802945
2024-11-24,0.00320791807530768,0.22636196460798988,-5.146317756945582e-17,7.650622707218512,7.650568339922798,0.013973601579668678
2024-11-25,0.004588437912256846,0.22433930898764273,3.274929481692643e-17,7.649980571435114,7.6499262041394,0.02004317071387234
2024-11-26,0.00508359316616907,0.2223098146276819,2.3392353440661737e-17,7.648446232329065,7.648391865033352,0.02235593905509224
2024-11-27,0.004707390658282574,0.2202753723851464,-2.807082412879408e-17,7.646035587578643,7.64598122028293,0.02092333916876065
2024-11-28,0.0038699226817545396,0.2182402864355906,-7.485553101011756e-17,7.643163033652559,7.643108666356846,0.017423434506380498
2024-11-29,0.002929746722699173,0.2162041229241945,1.871388275252939e-17,7.640186694182107,7.640132326886394,0.013369666347881717
2024-11-30,0.0023587243061728475,0.21416878166775127,6.549858963385286e-17,7.637580330509138,7.637525963213425,0.010893416499504238
