,fast,slow,pumping,level_est,level_nat,pct_rfrch
2009-01-01,,,-1.783254018524379e-08,-0.8388477236209263,,
2009-01-02,4.386066270124075e-17,,-5.519374025501437e-05,-0.838902899528641,-0.9808028017883746,
2009-01-03,0.00428290430576032,,-0.0008684609640468947,-0.8354332624466726,-0.9765198974826144,
2009-01-04,0.00638276416912416,,-0.0031130684178026224,-0.8355780100370646,-0.9744200376192504,
2009-01-05,0.005492933212322425,,-0.0064183788503263854,-0.8397731514263901,-0.9753098685760522,
2009-01-06,0.004078934152185296,,-0.01084396089448993,-0.8456127325306907,-0.9767238676361893,
2009-01-07,0.0028222291425004783,,-0.01675185874589193,-0.8527773353917776,-0.9779805726458741,
2009-01-08,0.001873008985699192,-1.347399558182116e-16,-0.024182783653949425,-0.8611574804566364,-0.9789297928026756,1.000000000000072
2009-01-09,0.0012093011233817541,0.0016043690736520081,-0.03303503854498874,-0.869069074136341,-0.9779891315913409,0.429794907966338
2009-01-10,0.20634507386752,0.0027698428837693765,-0.043109598428584514,-0.6728423874656813,-0.7716878850370853,0.986754446182987
2009-01-11,0.30685043297603437,0.0036644964477483073,-0.053515773243067506,-0.5818485496076709,-0.670287872364592,0.9881986465045386
2009-01-12,0.2639555396599926,0.004386484141839901,-0.06296043493675123,-0.6334661169233049,-0.7124607779865422,0.9836533835450266
2009-01-13,0.20025194722391126,0.004988616695794513,-0.0709411858581803,-0.7045483277268606,-0.7755622378686688,0.975693807303384
2009-01-14,0.14195912629084056,0.005502409182772613,-0.07732241071573423,-0.7687085810305071,-0.8333412663147615,0.9626858002997181
2009-01-15,0.10831204179982074,0.006005495397192809,-0.08238161868695261,-0.8069117872783251,-0.8664852645913611,0.9474665432404916
2009-01-16,0.08131326187689382,0.010627998747332673,-0.08662352520495177,-0.8335299703691114,-0.8888615411641482,0.8844044700369031
2009-01-17,0.05607669885623849,0.015492284691071391,-0.09038966283210903,-0.8576683850731852,-0.9092338182410648,0.7835335375298381
2009-01-18,0.04132485293563247,0.020425769758940483,-0.09440879780171452,-0.8715058808955276,-0.9190521790938017,0.6692216391084971
2009-01-19,0.030206535209160668,0.025847904607605044,-0.09867767675479668,-0.881470942726417,-0.9247483619716089,0.5388785492799802
2009-01-20,0.020527400797063684,0.03130887213911249,-0.10278243719535253,-0.8897938700475625,-0.9289665288521984,0.39600456657711897
2009-01-21,0.013434027901840478,0.03815341053134048,-0.10707901753790917,-0.8943392848931143,-0.9292153633551937,0.26041277314517197
2009-01-22,0.008580265303756409,0.04507675684634146,-0.11206990161052344,-0.8972605852488117,-0.9271457796382768,0.1599094575124639
2009-01-23,0.005386373333749507,0.04742988638019617,-0.11792619454627137,-0.9039576406207117,-0.927986542074429,0.10198324082247122
2009-01-24,0.0033378563707997405,0.04996285561277613,-0.12456161115018155,-0.9101086049549918,-0.9275020898047988,0.06262311039725456
2009-01-25,0.0013722423874744562,0.05242693583847068,-0.13183075442684958,-0.9168792819892905,-0.9270036235624295,0.025506753685183244
2009-01-26,0.0008454239981767536,0.0543814016805497,-0.1395868668093782,-0.9232077469190378,-0.9255759761096481,0.015308212771360016
2009-01-27,0.0005162834460054459,0.05626917862420938,-0.14760368675734242,-0.9296659304755137,-0.9240173397181598,0.009091824336430776
2009-01-28,0.00029894749829789566,0.056741138588567455,-0.15558201236823033,-0.937389632069751,-0.9237627157015093,0.005241007137377628
2009-01-29,0.00018029800420590685,0.05709884674739994,-0.16332430691427816,-0.9448928679510584,-0.9235236570367688,0.0031477076864149947
2009-01-30,6.596435665934971e-05,0.05740494990459714,-0.1708985185255349,-0.9522753100526645,-0.9233318875271181,0.0011477867980224392
2009-01-31,3.958129501164452e-05,0.05721735752217002,-0.1783366345361388,-0.9599274015073432,-0.923545862971193,0.0006912925460095845
2009-02-01,2.364490750299989e-05,0.05697565152551868,-0.185609114692907,-0.9674575240482715,-0.9238035053553529,0.00041482805898813817
2009-02-02,-6.822769753526339e-17,0.056704499077545094,-0.19285038234895524,-0.9749935890597963,-0.9240983027108296,-1.2032148885039979e-15
2009-02-03,-4.386066270124075e-17,0.056412020491405535,-0.20024218697893925,-0.9826778722759199,-0.9243907812969692,-7.775056152779181e-16
2009-02-04,-4.873406966804528e-18,0.05610308533810557,-0.20750591353176773,-0.9902505339820482,-0.924699716450269,-8.68652220717437e-17
2009-02-05,-4.873406966804528e-17,0.0557810546741007,-0.21410724142659787,-0.9971738925408833,-0.925021747114274,-8.736670533171665e-16
2009-02-06,-2.436703483402264e-17,0.05544841589483817,-0.22000234686505904,-1.003401636758607,-0.9253543858935365,-4.394541203888755e-16
2009-02-07,9.746813933609055e-18,0.05510709037719223,-0.225080627522887,-1.0088212429340808,-0.9256957114111825,1.7687041480315704e-16
2009-02-08,4.873406966804528e-17,0.05475860676336129,-0.22936122765818082,-1.0134503266832056,-0.9260441950250133,8.899800880371002e-16
2009-02-09,2.9240441800827164e-17,0.05440420814546215,-0.23338048524629862,-1.0178239828892226,-0.9263985936429124,5.374665452835212e-16
2009-02-10,0.012848712917280835,0.054044922756278944,-0.23757750184919602,-1.0095315719640223,-0.9139091661148149,0.19207676168152102
2009-02-11,0.01914829250737238,0.0536816128305246,-0.24155856236074028,-1.0075763628112293,-0.9079728964504776,0.26291799252701464
2009-02-12,0.046459129777288805,0.05331500961475359,-0.2444163852364507,-0.9834899516327944,-0.8810286623963323,0.465643001887864
2009-02-13,0.05691615164042444,0.05294573918042065,-0.24579472399081193,-0.9747805389583529,-0.8709409109675296,0.5180700169564643
2009-02-14,0.04691721991375713,0.05257434190638708,-0.24565975558157538,-0.9850158995498173,-0.8813112399682305,0.4715698402500877
2009-02-15,0.03417156602239362,0.05220128747376374,-0.24442526640539655,-0.9969001186976253,-0.8944299482922173,0.39562854113548396
2009-02-16,0.05764674181373046,0.05320216009219493,-0.24276535734608276,-0.9707641612285435,-0.8699538998824492,0.5200479285095108
2009-02-17,0.0707530821317265,0.0542843425646908,-0.24092941264001935,-0.9547396937319881,-0.8557653770919573,0.5658552413688172
2009-02-18,0.060224596305600606,0.05859915907902871,-0.2384806619209662,-0.958504612324723,-0.8619790464037453,0.506839698094503
2009-02-19,0.04436831317256059,0.06311685219148347,-0.23536687361671493,-0.966729414041057,-0.8733176364243306,0.4127854576237427
2009-02-20,0.07337069119610742,0.06769662457522632,-0.23229625418527436,-0.9300766442023267,-0.839735486017041,0.5201112021939888
2009-02-21,0.08402525084409274,0.07230438609729814,-0.2296401798498134,-0.9121582486968086,-0.8244731648469837,0.5374876606129037
2009-02-22,0.0679360684587942,0.0805901782453549,-0.22694016451895216,-0.9172616236031892,-0.8322765550842255,0.45740109890554714
2009-02-23,0.04900826703035573,0.08817889102438892,-0.22427372449240723,-0.9259342722260486,-0.84361564373363,0.35723654987297676
2009-02-24,0.07188880545160137,0.095771574356549,-0.22244946770488386,-0.8936367936851196,-0.8131424219802244,0.42877634855570507
2009-02-25,0.07928775305045806,0.10015807360691643,-0.22154764576293057,-0.8809495248939422,-0.8013569751310001,0.44184785195281473
2009-02-26,0.06343129887186678,0.10892734278182117,-0.22085882864677167,-0.8873478927814697,-0.8084441601346867,0.36801925487041304
2009-02-27,0.045422189146766066,0.11789546763314723,-0.22025531797162962,-0.8957853669801024,-0.8174851450084614,0.27812172940968016
2009-02-28,0.31776925748416823,0.12689414162371435,-0.21994814768749618,-0.6141324543679997,-0.5361394026804921,0.7146287689108234
2009-03-01,0.4563981582161238,0.1322225209784155,-0.21968687456697739,-0.46991390116082415,-0.39218212259383534,0.7753688824535573
2009-03-02,0.3937065403619409,0.14097954627348055,-0.21880338346050737,-0.522965002613472,-0.44611671515295315,0.7363321212253495
2009-03-03,0.29228273706475727,0.14986147526574786,-0.21738462346331455,-0.6140881169211955,-0.5386585894578695,0.66105747607587
2009-03-04,0.20220664014117054,0.15874263111238152,-0.21641774587869222,-0.6943161804135263,-0.6198535305348226,0.560207919076608
2009-03-05,0.13418458249367562,0.16301626921501466,-0.21633859345807385,-0.7579854475377696,-0.6836019500796844,0.4514946095282405
2009-03-06,0.12945651788997609,0.17156570549937822,-0.21683363415326606,-0.7546591165522978,-0.6797805783990203,0.43005634744293214
2009-03-07,0.11853021527204403,0.1811839742737504,-0.2173713523886318,-0.7565048686312235,-0.6810886122425802,0.39547748957656
2009-03-08,0.08906378720625992,0.19085605098544678,-0.2173431193636528,-0.7762709869603321,-0.700882963596668,0.3181760456194014
2009-03-09,0.0618490252842179,0.19639234484640627,-0.21680144028667558,-0.7974077759444375,-0.7225614316577504,0.23950084083326112
2009-03-10,0.04109822861819245,0.20165216162546412,-0.2162582878696216,-0.8123556034143511,-0.738052411544718,0.16930242038721668
2009-03-11,0.03926654987446723,0.20679841087108758,-0.21618114412787928,-0.8089638891707105,-0.7347378410428198,0.15957798199098766
2009-03-12,0.035879642200765234,0.21644788896694575,-0.2162724573354982,-0.8027926319561733,-0.7284752706206636,0.14219471824863064
2009-03-13,0.02691934702633348,0.22172141800501147,-0.21601625835894503,-0.8062231991159862,-0.7321620367570297,0.10826602396811275
2009-03-14,0.018677702430041063,0.22582785959467674,-0.21556969098156192,-0.8099118347452302,-0.7362972397636569,0.0763896832259091
2009-03-15,0.01146143192774781,0.22978313463335373,-0.21518549698029543,-0.81278863620758,-0.7395582352272732,0.047509596137763795
2009-03-16,0.007421063089726115,0.23365172960965433,-0.21482491994146252,-0.8125998330304681,-0.7397300090889942,0.030783494921304683
2009-03-17,0.04755057924471374,0.23882862820751413,-0.2144342772385649,-0.7669027755747231,-0.6944235943361468,0.1660406133103984
2009-03-18,0.06678428683091515,0.24403121234455324,-0.213725441021416,-0.7417576476343337,-0.6699873026129062,0.2148679425835602
2009-03-19,0.05675840364756579,0.24462425372541982,-0.2124385856549878,-0.7499036340703882,-0.679420144415389,0.18832670778837363
2009-03-20,0.04191002700245511,0.24490896643394167,-0.21085674656628262,-0.7628854589182719,-0.6939838083519778,0.1461201244043443
2009-03-21,0.028762902264792937,0.24507463860817968,-0.20958753456115314,-0.7745976994765666,-0.706965260915402,0.10503637365826124
2009-03-22,0.019058179702081075,0.24516356326011024,-0.20899937673097815,-0.783625339557173,-0.7165810588261834,0.07212949051209687
2009-03-23,0.025139617221076896,0.24978019810714855,-0.20898467393076003,-0.7729125643909207,-0.7058829864601492,0.09144345303397948
2009-03-24,0.026923708302671778,0.2532517880645038,-0.2090072067135172,-0.7676794161347277,-0.7006273054211991,0.09609587080872954
2009-03-25,0.02132726294022976,0.2566871693807425,-0.20855125422943005,-0.7693845276968438,-0.7027883694674024,0.07671279063529726
2009-03-26,0.01518425714179589,0.26010642471119494,-0.20772095657821454,-0.7712779805136099,-0.7055121199353838,0.055157178003956205
2009-03-27,0.01026872356012994,0.26350604405752015,-0.20690428899056792,-0.7719772271613039,-0.7070280341707246,0.037507925399725264
2009-03-28,0.006712659774062943,0.2668833501492924,-0.20640458305827486,-0.7716562789233057,-0.7072067918650193,0.02453493300557788
2009-03-29,0.004287546936739559,0.2716118127803657,-0.20638301416428106,-0.7693313602355618,-0.7049034420712694,0.015540256929685577
2009-03-30,0.0026928145231961322,0.27181347900541064,-0.2068059784767653,-0.7711473907365446,-0.7062965082597679,0.009809664064825929
2009-03-31,0.0016697076492571408,0.2717398875408379,-0.20745377961098477,-0.7728918902092758,-0.7073932065982795,0.006106982632033208
2009-04-01,0.0008842364055721012,0.27156999744457905,-0.20824513404848577,-0.7746386059867207,-0.7083485679382235,0.0032454493111618446
2009-04-02,0.0005406108397885572,0.2713408877887364,-0.20895249278640052,-0.7759186999462616,-0.7089213031598497,0.0019884061347153325
2009-04-03,0.00032808984508967375,0.2710698192397784,-0.209165459001611,-0.7766152557051289,-0.7094048927035066,0.0012088886248091087
2009-04-04,0.00019789306997816853,0.2707668398712367,-0.20884157207887394,-0.7767245449260451,-0.7098380688471597,0.0007303277730283112
2009-04-05,0.00011874388503503956,0.2690633711732306,-0.20818661574289138,-0.7778522064730118,-0.711620686730109,0.00044112843458911426
2009-04-06,7.093472250924943e-05,0.2672570615783867,-0.20745962356094272,-0.7789793330484329,-0.7134748054874787,0.0002653471521531458
2009-04-07,1.949362786721811e-17,0.2654091294253699,-0.20684566345728508,-0.7802842398203013,-0.7153936723630048,7.344746546369084e-17
2009-04-08,-3.898725573443622e-17,0.26353536888489176,-0.20640274748036827,-0.7817150843838626,-0.7172674329034829,-1.4793936730164394e-16
2009-04-09,-3.898725573443622e-17,0.2616442776733995,-0.20609481757558926,-0.7832982456905759,-0.7191585241149752,-1.490086314178922e-16
2009-04-10,-4.873406966804528e-18,0.25974138887528686,-0.20594491812013394,-0.7850512350332332,-0.7210614129130878,-1.8762535258269765e-17
2009-04-11,4.873406966804528e-17,0.25783066837581975,-0.205975780890991,-0.7869928183035573,-0.7229721334125548,1.8901579852792918e-16
2009-04-12,9.746813933609055e-18,0.25591512756470197,-0.20599541813751127,-0.7889279963611954,-0.7248876742236727,3.808611873147205e-17
2009-04-13,1.949362786721811e-17,0.2539971423576981,-0.20592457019836585,-0.7907751336290538,-0.7268056594306765,7.674742985795368e-17
2009-04-14,3.898725573443622e-17,0.25207863893801163,-0.20578339907550824,-0.7925524659258827,-0.7287241628503629,1.546630682341296e-16
2009-04-15,1.1696176720330866e-16,0.2501612107425634,-0.20560107279259088,-0.7942875678384134,-0.7306415910458111,4.67545575335706e-16
2009-04-16,1.1696176720330866e-16,0.24824619656525673,-0.20540474147841886,-0.7960062507015481,-0.7325566052231178,4.711523029218406e-16
2009-04-17,7.797451146887244e-17,0.24633473509480908,-0.20517451909594303,-0.79768748978952,-0.7344680666935655,3.1653884069115005e-16
2009-04-18,3.898725573443622e-17,0.24442780437830103,-0.2048353543633546,-0.7992552557734396,-0.7363749974100736,1.5950417684109137e-16
2009-04-19,1.9493627867218111e-16,0.24252625121574753,-0.20439637324591287,-0.8007178278185512,-0.738276550572627,8.037739324918222e-16
2009-04-20,0.11992132056128797,0.24063081358648802,-0.20380700104536253,-0.6821025726859726,-0.6202506676405987,0.33260466158310686
2009-04-21,0.17871739673547618,0.23874213810869999,-0.202819596405873,-0.6242077673500829,-0.5633432669441985,0.42810711414744773
2009-04-22,0.15380212994502335,0.23686079386891107,-0.20111338149332375,-0.6492981634677755,-0.5901398779744402,0.3936952307720824
2009-04-23,0.11421015626118484,0.23498728354101936,-0.19872376790025614,-0.688374033886438,-0.6316053619861705,0.32706470106389346
2009-04-24,0.07902241599001157,0.23312205244341047,-0.19598807327366088,-0.7226913106286249,-0.6686583333549526,0.2531597512735243
2009-04-25,0.052444251599575685,0.23126549600180918,-0.19320522786424538,-0.7483431860512466,-0.6970930541869897,0.18485177912625125
2009-04-26,0.03814333576044965,0.23400187760054164,-0.19044291171118158,-0.7571454041385763,-0.7086575884273834,0.14015802552387288
2009-04-27,0.027821445517863936,0.23702158296325232,-0.1876012209241235,-0.7616058982313934,-0.7159597733072585,0.10504881203564569
2009-04-28,0.018870013238432595,0.240132448420406,-0.18469085885627506,-0.7645361029858226,-0.7218003401295361,0.07285650150803749
2009-04-29,0.012331807270858154,0.2432910862854813,-0.18209103258829717,-0.7653158448203439,-0.7251799082320352,0.04824218636794445
2009-04-30,0.03356535614842258,0.24647658828124824,-0.18013644711594523,-0.7389422084746604,-0.7007608573587039,0.11985831699883841
2009-05-01,0.04323176588794771,0.24967658771456283,-0.17865129810900132,-0.7245906502948769,-0.6878944481858641,0.14759485469170028
2009-05-02,0.04457971099530003,0.25334132482987703,-0.17716000087019917,-0.7180866708334082,-0.6828817659631976,0.14963599623579396
2009-05-03,0.07765921545455581,0.25245014695782897,-0.17539751734598547,-0.6841358607219867,-0.6506934393759899,0.23525299278710268
2009-05-04,0.09506973768144739,0.25128949180999766,-0.17312259619747886,-0.6656110724944199,-0.6344435722969296,0.27448304992777905
2009-05-05,0.08189259493623777,0.2500441965651153,-0.1702392798115135,-0.6771501940985465,-0.6488660102870216,0.24671141323574539
2009-05-06,0.060776742432865245,0.25150359339702455,-0.16679541918732554,-0.6933627891458218,-0.6685224659584849,0.19462238078920377
2009-05-07,0.042007314986127385,0.2530995734667094,-0.16292325936452176,-0.706664076700071,-0.6856959133355378,0.14234610112410467
2009-05-08,0.027852622908168086,0.25564354351167945,-0.15874750736703885,-0.7140990467355774,-0.6973066353685271,0.09824691197735408
2009-05-09,0.01796911657004283,0.26192085591576014,-0.15437864700627535,-0.7133363803088584,-0.7009128293025717,0.06420064431195115
2009-05-10,0.011369979269232316,0.26935353675875084,-0.14990707560891964,-0.7080312653693226,-0.7000792857603915,0.040502411162800234
2009-05-11,0.011359685037718866,0.2769124996528384,-0.14540233345831882,-0.6959778545561477,-0.6925306170978174,0.03940610867438633
2009-05-12,0.05785911983183654,0.2845174465065968,-0.1409162710595942,-0.637387410509547,-0.6384262354499413,0.16899264003554434
2009-05-13,0.08265378116832532,0.28938812289970156,-0.1364906061742565,-0.6032964078946157,-0.6087608977203478,0.22216255820799233
2009-05-14,0.07250243857698653,0.29409330809042294,-0.13214909050490767,-0.6044010496258843,-0.6142070551209652,0.19777217612610135
2009-05-15,0.054075006392210925,0.2978204275435054,-0.12791102089307188,-0.6148632927457416,-0.6289073678526583,0.1536678262272913
2009-05-16,0.037531913888819254,0.29732418072888717,-0.12379395057590142,-0.6277855617465811,-0.6459467071706682,0.1120837114572101
2009-05-17,0.024926595866124023,0.29607038963254395,-0.1198154043214035,-0.6376661246111216,-0.6598058162897067,0.07765367586677059
2009-05-18,0.015988278348931167,0.29925891053034365,-0.11597312062679774,-0.639573637535909,-0.6655556129090998,0.0507166405060441
2009-05-19,0.01010939308274769,0.30310240162819946,-0.1122600397825837,-0.6378959508600226,-0.6675910070774276,0.032276540198868685
2009-05-20,0.006315694098379394,0.30700402735361665,-0.10867202805858729,-0.6342000123949774,-0.6674830803363786,0.020157346205693684
2009-05-21,0.0039001566251025688,0.3109163221925299,-0.10521001543812317,-0.6292412424088768,-0.6659863229707421,0.012388667326915436
2009-05-22,0.0023863484961120325,0.3148238554949373,-0.10187265865097818,-0.6235101604483149,-0.6635925977973254,0.007522924754902802
2009-05-23,0.027146589903146112,0.3187190019613588,-0.09865970048000908,-0.5916418144038902,-0.6349372099238697,0.07848884231820598
2009-05-24,0.18478988391055642,0.3221389731103122,-0.09554996151679991,-0.4274688102843173,-0.473873944767506,0.3645282397150045
2009-05-25,0.25906239314496626,0.32092806303233457,-0.09253483904625501,-0.3513920886573403,-0.4008123456110738,0.44666664836597225
2009-05-26,0.22858144205362235,0.3189551688832112,-0.08961522117144474,-0.3809263160229972,-0.43326619085154106,0.4174724346971432
2009-05-27,0.17300941153057003,0.3168467577470114,-0.08680289177732527,-0.4357944282881299,-0.49094663251079323,0.35318410256160865
2009-05-28,0.1208446462759014,0.3146668499461114,-0.08408593625345243,-0.4874221458198257,-0.5452913055663619,0.2774775116712369
2009-05-29,0.080661504691247,0.31519181456537004,-0.08146923459594022,-0.5244636211277093,-0.5849494825317576,0.2037661445980124
2009-05-30,0.052278488455037096,0.3204345636688518,-0.07894809199047849,-0.5450827456549756,-0.6080897496644857,0.14026471076644736
2009-05-31,0.05460533440461443,0.3268962361134355,-0.07651748038619893,-0.5338636156565351,-0.5993012312703248,0.14313265953391638
2009-06-01,0.07408104786556334,0.33396146258201553,-0.07417286784452311,-0.5049780631853302,-0.5727602913407958,0.1815522794041836
2009-06-02,0.07220222742380349,0.3411095086575089,-0.07191013954075942,-0.4974461092478331,-0.5674910657070622,0.17469193618445633
2009-06-03,0.05570968315877742,0.3482876128514919,-0.06972553378945288,-0.5045759435675696,-0.5768055057781053,0.1378961782886817
2009-06-04,0.0435580111918774,0.3554726803064148,-0.06761559006062354,-0.5074326043507174,-0.5817721102900824,0.10915955118220227
2009-06-05,0.03273816088326872,0.35990032712393216,-0.06557710658951152,-0.5117863243706967,-0.5881643137811738,0.08337990768410944
2009-06-06,0.022633409228158402,0.3618551094761819,-0.06360710567920855,-0.5179662927632543,-0.5963142830840343,0.05886628111660933
2009-06-07,0.014902829526014643,0.36497588383957646,-0.061702805185565875,-0.5206717976083608,-0.6009240884227836,0.039230493843629304
2009-06-08,0.009126200498027195,0.3676286661284094,-0.059861594980940125,-0.5219544341428897,-0.6040479351619381,0.024223178799906753
2009-06-09,0.005759145526199223,0.3702173699760434,-0.058081017436103985,-0.5209522077222475,-0.604826286286132,0.015317833132492211
2009-06-10,0.01643275944959715,0.3732216365495878,-0.056358751151967236,-0.5055520609411683,-0.5911484057891897,0.04217265253086359
2009-06-11,0.021361794173195985,0.37621738410388733,-0.05469259732552369,-0.4959611248368264,-0.5832236235112913,0.053729660254764125
2009-06-12,0.1720177456941923,0.3791894919910685,-0.05308046825600331,-0.3407209363591286,-0.42959556410311384,0.31207454099580306
2009-06-13,0.2942336379410278,0.3798444164196586,-0.05152037759419886,-0.21629002902189853,-0.3067247474276883,0.4364978744488082
2009-06-14,0.2833017877264294,0.37804504398021677,-0.050010432015355384,-0.22751130609709524,-0.31945597008172844,0.4283709759300603
2009-06-15,0.2186034428028427,0.37604279721075834,-0.0485488240580235,-0.2927502898328086,-0.38615656177477364,0.3676193139602509
2009-06-16,0.17137294390608268,0.375331216245751,-0.04713382592089803,-0.33927737155745047,-0.434098641636541,0.31346559327166645
2009-06-17,0.1291627127397611,0.3741916506960808,-0.04576378404953897,-0.3812571264020831,-0.4774484383525327,0.2566039397336511
2009-06-18,0.08943958460115123,0.37759843876130766,-0.04443711437685355,-0.4162467968027807,-0.5137647784259157,0.19150386077182188
2009-06-19,0.05927560537184501,0.3858424603443475,-0.04315229810698129,-0.43688193817917487,-0.5356847360721821,0.13316827587411192
2009-06-20,0.05534825381586156,0.3944267600245614,-0.04190787795293686,-0.4309805699009,-0.5310277879479517,0.12305764462829573
2009-06-21,0.04969505362815229,0.40311900126197386,-0.04070245475509472,-0.4267361056533546,-0.5279887468982485,0.1097471535864995
2009-06-22,0.03703110611254609,0.4136908526554814,-0.03953468442105371,-0.42766043144141236,-0.5300808430203472,0.08215953403682479
2009-06-23,0.02559667075811184,0.4230117657582643,-0.03840327513834102,-0.42864254441035093,-0.5321943652719985,0.05705793443583054
2009-06-24,0.016957938944910763,0.432278721308259,-0.03730698482019105,-0.4269180303554074,-0.5315661415352049,0.037748341676643274
2009-06-25,0.010887516717226904,0.4369354082749894,-0.03624461875178801,-0.4272693995479578,-0.5329798767961583,0.02431210219400032
2009-06-26,0.006884211156830893,0.43853706499476863,-0.03521502741010638,-0.42864145704689294,-0.5353815256367751,0.015455505889412982
2009-06-27,0.003783860780929247,0.4398567677107014,-0.03421710443518914,-0.4294241817319446,-0.537162173296744,0.008529112389445256
2009-06-28,0.2377346056757548,0.4410490010301557,-0.03324978473449547,-0.193313883816971,-0.3020191950824641,0.3502362215691452
2009-06-29,0.5536858387267042,0.4403237071872699,-0.0323120427050363,0.12284979742055169,0.013206744125599412,0.557022657380619
2009-06-30,0.7228379572709113,0.4394269912826999,-0.03140289056054142,0.29201435220468364,0.18146214676523653,0.6219218416338306
2009-07-01,0.7601708882440795,0.4384491531131053,-0.030521376752942975,0.32925095881585587,0.21781723956881016,0.6342050541582352
2009-07-02,0.6649336884747832,0.43741646000566226,-0.029666584479137725,0.23383585821292163,0.12154734669207079,0.6031964429735626
2009-07-03,0.5404434046639542,0.4345100055113514,-0.028837630265360327,0.10726807412155925,-0.005849391613068966,0.5543274160831722
2009-07-04,0.4068920756055453,0.4360472714042057,-0.028033662622616796,-0.02394202140125179,-0.1378634547786236,0.4827062315325024
2009-07-05,0.33345135737124537,0.44238603890978995,-0.027253860767551725,-0.09026417027490252,-0.20496540550733933,0.42979541714493186
2009-07-06,0.32375555754795793,0.4536304023666133,-0.026497433403877287,-0.08795917927769226,-0.2034168418738035,0.41646694723369615
2009-07-07,0.2760839874257896,0.4698306674963341,-0.02576361756011857,-0.11869666842638094,-0.23488814686625092,0.37012811801453854
2009-07-08,0.24940616869672108,0.4882614280741813,-0.02505167747994877,-0.12623178649743239,-0.2431352050174722,0.33810102245033163
2009-07-09,0.20885435174657602,0.5110603397645351,-0.02436090356182028,-0.14329391783909518,-0.26088811027726344,0.2901098619173721
2009-07-10,0.1518045581138993,0.5341902986284407,-0.02369061134494312,-0.17654346039098923,-0.2948079450460347,0.22129110243594316
2009-07-11,0.11213073214388693,0.5574162395256789,-0.023040140538984583,-0.19234087465780492,-0.31125583011880886,0.1674725402226531
2009-07-12,0.10223946436768942,0.5806620930392585,-0.0224088540951027,-0.1783550024765409,-0.29790124438142673,0.14971332728527356
2009-07-13,0.13714606551564607,0.5993002559451299,-0.0217961373161365,-0.12419752164374664,-0.2443564803275987,0.18622683217917416
2009-07-14,0.14284696085103743,0.6176116625350583,-0.02120139700398412,-0.09959047940627452,-0.22034417840227893,0.18784317313015989
2009-07-15,0.11434414804525266,0.6339344608056373,-0.020624060642319253,-0.1111931575798154,-0.23252419293748472,0.1528095908298751
2009-07-16,0.08183860941243025,0.6458952127448996,-0.02006357561296937,-0.13117745924402557,-0.2530689796310448,0.11245678972268165
2009-07-17,0.06407280219392723,0.6583757431000283,-0.019519408444372822,-0.13591856893880339,-0.2583542564944191,0.08868839533458647
2009-07-18,0.22033859381777515,0.6684158412132247,-0.018991044090642152,0.03091568515197174,-0.09204836675737471,0.24791841833125672
2009-07-19,0.28950577044603665,0.6781804077313365,-0.01847798523985808,0.11036048714912894,-0.013116623611001521,0.29917319992243535
2009-07-20,0.24230739606868185,0.6882390681664096,-0.01797975165029316,0.07371900679641208,-0.05025633755328329,0.26039258154385486
2009-07-21,0.17757005467461304,0.693608434622979,-0.017495879513341285,0.014834903995864734,-0.10962431249078253,0.20382740948732908
2009-07-22,0.12202972076402009,0.6985962478939844,-0.017025920841988385,-0.03524765797236995,-0.16017683313037012,0.14870321611145104
2009-07-23,0.08047489562420876,0.7043182007388359,-0.01656944288373747,-0.07062405230907898,-0.19600970542533003,0.10254281796966921
2009-07-24,0.0689365439073065,0.7136284432977453,-0.016126027556929934,-0.07240874614026416,-0.1982378145833228,0.08809050370821583
2009-07-25,0.05825938188537855,0.7207739256491911,-0.015695270909482768,-0.07550966916329915,-0.20176949425380497,0.07478419898342188
2009-07-26,0.04233050254366705,0.7231789034359052,-0.015276782599085232,-0.08861508240789917,-0.21529339580880247,0.05529716841231948
2009-07-27,0.028789282761276618,0.7247629967933972,-0.014870185393966987,-0.10016561162767934,-0.2272505222337009,0.03820475837229263
2009-07-28,0.01873943257141254,0.7261601390830582,-0.014475114693360214,-0.10842324882727561,-0.2359032301339039,0.025156992008722776
2009-07-29,0.0248472088412584,0.7274382779540376,-0.014091218066851346,-0.10065343705994145,-0.2285173149930787,0.03302896211265014
2009-07-30,0.02670323385730009,0.7295430577218339,-0.01371815481182222,-0.0963195690210743,-0.2245565102092406,0.0353102344496004
2009-07-31,0.021172010016546478,0.7270458239840677,-0.013355595528242021,-0.10398546731601399,-0.2325849677877605,0.028296585639161737
2009-08-01,0.015093610188981319,0.724229686373828,-0.013003221710084029,-0.11252763093566076,-0.24147950522556527,0.020415439712441197
2009-08-02,0.009645669301597394,0.7212868605600542,-0.012660725352682745,-0.1205759012794172,-0.24987027192672306,0.013196388048871069
2009-08-03,0.006339841410148995,0.7182632567372147,-0.012327808575371394,-0.1265724162163938,-0.25619970364101097,0.008749398707179763
2009-08-04,0.004065356496931545,0.7165578111244985,-0.012004183258780055,-0.13022872142573616,-0.2601796341669447,0.005641445736958637
2009-08-05,0.0025608589997170223,0.7148926252134857,-0.011689570696174156,-0.13308379227135747,-0.2633493175751719,0.0035693728667655646
2009-08-06,0.00159158375427294,0.7113870138417626,-0.011383701258273149,-0.13725280945062368,-0.2678242041923391,0.0022323022873888716
2009-08-07,0.000978816035584532,0.707759806036689,-0.011086314070989395,-0.14119539778710188,-0.2720641797161011,0.0013810677238423692
2009-08-08,0.0005406108397885767,0.7040878459845809,-0.01079715670555681,-0.1450164056695734,-0.27617434496400517,0.0007672282243964573
2009-08-09,0.000328089845089664,0.7003898090092019,-0.010515984880546872,-0.14864579181464133,-0.28008490293408306,0.0004682195868353115
2009-08-10,0.0001978930699783123,0.6966757500419463,-0.010242562175280162,-0.1522166248517417,-0.2839291586764501,0.00028397267127884296
2009-08-11,0.00011874388503501154,0.6915771774428947,-0.009976659754180198,-0.15712844421463656,-0.28910688046044497,0.00017167064511099762
2009-08-12,7.093472250924821e-05,0.6863919879928695,-0.009718056101610287,-0.16210283917461754,-0.29433987907299586,0.0001033336545383372
2009-08-13,-8.162956669397583e-17,0.6811817523892741,-0.009466536766774484,-0.1671324901658865,-0.2996210493991006,-1.198352222555238e-16
2009-08-14,0.0042829043057602545,0.6759626679970576,-0.009221894118279467,-0.16782402760384763,-0.30055722948555674,0.006296114932819699
2009-08-15,0.019231477086404946,0.6707436511461453,-0.00898392710795265,-0.15785650466378853,-0.2908276735558244,0.027872710623161972
2009-08-16,0.16169416350402374,0.6655306473758275,-0.008752441043554918,-0.020375335952089735,-0.15357799090852342,0.19546580491467963
2009-08-17,0.23337199581264517,0.6603280163870439,-0.008527247370021002,0.046325059041281924,-0.08710278958868567,0.2611301249042619
2009-08-18,0.20788132703737683,0.6551391379702017,-0.008308163458887352,0.01586459576030519,-0.11778233678079608,0.2408764745057944
2009-08-19,0.3680965308591483,0.6499667277671385,-0.008095012405579683,0.17112054043232106,0.037260456837912126,0.361565480082088
2009-08-20,0.42354590644426804,0.6452714130605075,-0.007887622834238762,0.22208199088215075,0.08801451771640101,0.39627530235055813
2009-08-21,0.3432069779445206,0.641999248340314,-0.007685828709791527,0.13867269178665698,0.004403424496459918,0.34836054501882074
2009-08-22,0.24790841095034305,0.6434235131064285,-0.007489469156966744,0.044994749111418875,-0.089470877731603,0.27813253879881566
2009-08-23,0.16881019337057843,0.6460903285586247,-0.007298388285993736,-0.031245572145176648,-0.1659022798591715,0.20715435667035234
2009-08-24,0.11087060728193862,0.6493896299638976,-0.007112435024698974,-0.08569990356724877,-0.2205425645425384,0.14583244243258736
2009-08-25,0.07105875706713777,0.6573856366161869,-0.006931462956767155,-0.11733477506182854,-0.25235840810504995,0.09754863608440237
2009-08-26,0.04474550598157878,0.6657156069499833,-0.006755330165905034,-0.13514192302272898,-0.27034168885681253,0.06298093613730138
2009-08-27,0.027802142120022567,0.6737052418568308,-0.006583899085686665,-0.14392422089721946,-0.27929541781152134,0.03963200210725069
2009-08-28,0.01709470633997361,0.6803522421320053,-0.006417036354850783,-0.14781779367125802,-0.2833558533163958,0.024510403805516712
2009-08-29,0.010408805207779629,0.6823539068553915,-0.006254612677840008,-0.15233960640305488,-0.28804008972520345,0.01502506561991529
2009-08-30,0.006260564789913658,0.683145764300477,-0.006096502690367387,-0.15553787938836283,-0.29139647269798397,0.00908109561189249
2009-08-31,0.0033191245863301226,0.6833253486507676,-0.005942584829832537,-0.158145817381121,-0.294158328551277,0.004833832814065383
2009-09-01,0.001963128363076174,0.6788193908475714,-0.005792741210369332,-0.16385792778810782,-0.30002028257772706,0.0028836350929697463
2009-09-02,0.0011586004676523943,0.6739838414597452,-0.005646857502381419,-0.16935212136336997,-0.30566035986097706,0.001716083000714368
2009-09-03,0.012848712917280845,0.6690293687666029,-0.005504822816355837,-0.1624744469208581,-0.2989247201044909,0.018843123517845325
2009-09-04,0.05769443125921494,0.6640099626671508,-0.005366529590815275,-0.12250984145283561,-0.2590984078620089,0.07994191492355165
2009-09-05,0.07392367715908414,0.6589533284069216,-0.005231873484235483,-0.1112025737066159,-0.247925796222369,0.10086778081131419
2009-09-06,0.06167320136745593,0.6538764968780354,-0.005100753270784944,-0.12839876081367974,-0.26525310354288334,0.08618996209302718
2009-09-07,0.04517709479716786,0.6487909763618296,-0.004973070739727645,-0.1498527053691162,-0.28683473062937714,0.06509967342116692
2009-09-08,0.031019089239601193,0.6437050207171909,-0.0048487305983655,-0.16897232642995952,-0.30607869183158254,0.045972996639452514
2009-09-09,0.020484984241437493,0.6399999729644723,-0.004727640378367898,-0.18309038896084417,-0.3203178445824648,0.03101506554834554
2009-09-10,0.013180711683515157,0.6405131292908968,-0.0046097103453779,-0.18976357515935205,-0.3271089608139627,0.02016343256939314
2009-09-11,0.008324263293463956,0.641311571469792,-0.004494853411751801,-0.19370672443688197,-0.3311669670251187,0.012813737863610206
2009-09-12,0.005184012128250401,0.6422120215510811,-0.004382985052332172,-0.1958346571613867,-0.33340676810904313,0.00800748206439916
2009-09-13,0.003193320056505005,0.6431713220201601,-0.004274023223125996,-0.19675708693484695,-0.33443815971170954,0.004940431218894313
2009-09-14,0.0019499223644555501,0.6441687104228746,-0.00416788828278584,-0.1968969612838417,-0.3346841690010445,0.003017901458813627
2009-09-15,0.0011821626052474065,0.6451920656796568,-0.004064502916791464,-0.19653798042027337,-0.33442857350347044,0.0018289135821274443
2009-09-16,0.0007124230949700703,0.6448583620964038,-0.003963792064219845,-0.197240712661232,-0.33523201659700075,0.001103555351809916
2009-09-17,0.00042716637761465806,0.6403296207897052,-0.00386568284702297,-0.20195660146808914,-0.34004601462105477,0.0006666591539405929
2009-09-18,0.0002128041675279932,0.6355385655142705,-0.0037701045017067836,-0.2068664406082944,-0.3450514321065762,0.0003347286025266518
2009-09-19,0.042829043057602684,0.6306685240459246,-0.0036769883133303907,-0.16902712699818923,-0.3073052346848474,0.06359197887201748
2009-09-20,0.06382764169124143,0.6257628238628141,-0.0035862675517389178,-0.15284350778606948,-0.2912123362343191,0.0925587647734641
2009-09-21,0.05492933212322252,0.6208424515096249,-0.0034978774099431913,-0.1665737995654819,-0.30503101815552724,0.08128384974573916
2009-09-22,0.04078934152185162,0.6159197702661778,-0.0034117549445766464,-0.18555034894493327,-0.32409369000034516,0.0621117337793502
2009-09-23,0.02822229142500408,0.6110028728145223,-0.0033278390183414846,-0.20295038056720116,-0.3415776375488483,0.04415078286002646
2009-09-24,0.19004626208740252,0.6060974237940865,-0.0032460702443841876,-0.045950090151281264,-0.18465911590688566,0.23870849628981686
2009-09-25,0.33164714258518757,0.6057914885815076,-0.0031663909325239104,0.09542453444578514,-0.04336417062167952,0.3537801105683409
2009-09-26,0.32311546294001675,0.605778290490249,-0.0030887450372616325,0.08695730260461798,-0.051909048358108945,0.34784975326489137
2009-09-27,0.2503288928529943,0.605867838549357,-0.0030130781075203743,0.014335947506444846,-0.12460607038602334,0.29237310033055663
2009-09-28,0.26267871878324,0.6060184418901524,-0.0029393372380401663,0.02691011764696616,-0.11210564111498222,0.30238238441992604
2009-09-29,0.2509940203863432,0.6062105380014252,-0.002867471022372512,0.015489381577009853,-0.12359824340060621,0.2928052795920884
2009-09-30,0.24091418831665543,0.6110167520833771,-0.0027974295074235656,0.010285805104222945,-0.12887186138834206,0.28278605329621176
2009-10-01,0.20670787017476883,0.6207037924773723,-0.002729164149482997,-0.01416520728572801,-0.1533911391362336,0.2498246997295137
2009-10-02,0.1519367174762662,0.6261803427298721,-0.0026626277716862803,-0.06339327335393408,-0.2026857415822364,0.19526203092888778
2009-10-03,0.10434324521764272,0.6315165904400625,-0.0025977745228681903,-0.10558564465354903,-0.24494296613066946,0.14179771766505184
2009-10-04,0.3171413283133105,0.6414213621645909,-0.0025345598377448835,0.11718042485177049,-0.02224011131047321,0.3308508994390303
2009-10-05,0.5814369189872572,0.6520509206968014,-0.002472940398391558,0.3921671934972808,0.25268503789568386,0.4713762878571909
2009-10-06,0.599702893417852,0.6673642798737689,-0.0024128740969577658,0.42580659340627713,0.28626437150324635,0.473300000235921
2009-10-07,0.474553058756638,0.6784016770001308,-0.0023543199995908664,0.3117527099687918,0.172151933968394,0.4115973021656866
2009-10-08,0.33895427031047803,0.6846680999862566,-0.0022972383115087793,0.18247742619683982,0.042819568508359995,0.33113214418342546
2009-10-09,0.3186857253147217,0.6906048218838597,-0.00224159034319793,0.16820125106699746,0.028487745410206933,0.31575221446319474
2009-10-10,0.3177212168993748,0.7009987039640241,-0.002187338477688594,0.17768487659732402,0.03791711907502415,0.31188279564622196
2009-10-11,0.26191874704443635,0.7115832113185666,-0.0021344461388692797,0.13251980643574757,-0.007300843425371739,0.2690479919371371
2009-10-12,0.18961915760457762,0.7221845226517627,-0.002082877760814024,0.07087309670714015,-0.06899912153203436,0.20796050916494324
2009-10-13,0.12885059019298126,0.7281847591266065,-0.0020325987580740073,0.01615504477312768,-0.12376745246878684,0.15034454564246097
2009-10-14,0.08459575152197822,0.7338782867991116,-0.0019835754969106945,-0.022357242964206936,-0.16232876346728486,0.1033578923230196
2009-10-15,0.06261096081230665,0.7440323242604998,-0.0019357752674398765,-0.03414019598301943,-0.17415951671556817,0.07761914339453711
2009-10-16,0.046790252622532856,0.7580415968003753,-0.0018891662566425012,-0.035905022622120364,-0.17597095236546645,0.058136681166485966
2009-10-17,0.03212170227453134,0.7676985166086031,-0.0018437175222260072,-0.0408712044274776,-0.18098258290524016,0.040161153114366056
2009-10-18,0.02115058550527389,0.7725407139228614,-0.0017993989673043367,-0.046955805327555056,-0.18711150236023932,0.026648377675946754
2009-10-19,0.01274843059934629,0.7765618196565244,-0.00175618131586458,-0.051293636848380064,-0.191492551532504,0.016151355687087088
2009-10-20,0.007507920700632036,0.7804032289400927,-0.0017140360889978759,-0.052650592236659244,-0.19289165214764992,0.009528892571269655
2009-10-21,0.004678759990184106,0.7850500222068545,-0.0016729355818664027,-0.05079185917321394,-0.19107401959133608,0.005924514967236876
2009-10-22,0.10996286407458103,0.785083748136871,-0.0016328528413842487,0.05456605358168165,-0.08575618957692266,0.12285713679524284
2009-10-23,0.16562070766767367,0.7811240949218257,-0.0015937616445899083,0.10630333515652335,-0.03405799919887531,0.17493701281979515
2009-10-24,0.14448474467425373,0.7768124942934764,-0.0015556364776762865,0.0808938967016678,-0.05950556282064445,0.15682750209491786
2009-10-25,0.10782669424347723,0.7723490237545269,-0.0015184525156757647,0.03980955969394229,-0.10062708379037055,0.1225058724509391
2009-10-26,0.07485338927808867,0.76779207500561,-0.0014821856027586084,0.0023155728925540187,-0.13815733750467596,0.08883141540638177
2009-10-27,0.09689132986166067,0.7631731217395157,-0.0014468122331394808,0.019769933579650845,-0.12073835018719825,0.11265589419639274
2009-10-28,0.1023951055206323,0.7621793483732745,-0.0014123095325611992,0.024314438572959562,-0.11622834789446779,0.11843410947369647
2009-10-29,0.11080086618991535,0.76183517552285,-0.0013786552403470356,0.03240968068403216,-0.10816676007560933,0.12697259899148913
2009-10-30,0.10654001780657672,0.7615659529110136,-0.0013458276919936414,0.027912437237210597,-0.11269683107078432,0.12272697274332653
2009-10-31,0.08372420679406062,0.7613254163732297,-0.0013138058022906054,0.0048881115766137295,-0.13575317862108427,0.09907608322486186
2009-11-01,0.05944840692040449,0.7610985174862926,-0.0012825690489547958,-0.019583350430643742,-0.16025587738167746,0.07244973462473109
2009-11-02,0.040051136162564144,0.7654620136674953,-0.001252097456751903,-0.034586653415078494,-0.17528965195831514,0.04972126919469136
2009-11-03,0.026114103341867284,0.7701021648861823,-0.0012223715820983323,-0.04385380914243486,-0.18458653356032506,0.03279775154554839
2009-11-04,0.016648895020152328,0.7734492084550343,-0.0011878695386141243,-0.04993747185181363,-0.19070469831318804,0.02107193391165404
2009-11-05,0.01044187559692054,0.7767512521620424,-0.001159703719223082,-0.05281428174864611,-0.19360967402941165,0.013264693540513
2009-11-06,0.006115821850948595,0.7800441957838351,-0.0011297968356173507,-0.05381748498921968,-0.19464278415359093,0.007779360071437446
2009-11-07,0.0037439672364056155,0.7833281848786297,-0.0010986453908624627,-0.05287419906421331,-0.19373064967333942,0.004756828489414542
2009-11-08,0.0022817786846177955,0.7866010511183996,-0.001068799549095963,-0.051033675534464695,-0.19191997198535726,0.0028924177310178643
2009-11-09,0.001381140830267377,0.7852766940407772,-0.0010391925885759878,-0.053229063505917495,-0.19414496691733008,0.0017557072071795804
2009-11-10,0.000831207760846777,0.7836631825106264,-0.0010098300217240748,-0.05536314553863697,-0.19630841151690148,0.0010595458312444258
2009-11-11,0.0003430334217413048,0.7787427068452214,-0.0009811583932667345,-0.060743123914690056,-0.2017170615214119,0.0004403025289922011
2009-11-12,0.000205095647533443,0.773116241468601,-0.0009579862886160602,-0.06648435496086769,-0.20748146467224016,0.0002652140031442615
2009-11-13,2.3644907503131472e-05,0.767369637954745,-0.0009336852057951576,-0.07238810813193308,-0.21340951892612647,3.081198132845252e-05
2009-11-14,-7.797451146887244e-17,0.7615644609072724,-0.0009103148264357948,-0.0781935597075496,-0.2192383408811024,-1.023872770743258e-16
2009-11-15,-7.797451146887244e-17,0.7557275560712732,-0.0008888570479992733,-0.08400900676511225,-0.22507524571710158,-1.0317807104220324e-16
2009-11-16,1.949362786721811e-17,0.7498752242962751,-0.0008644684857353294,-0.0898369499778463,-0.23092757749209958,2.599582868671521e-17
2009-11-17,0.012848712917280894,0.7440185239155753,-0.0008441157159816415,-0.08282458467151155,-0.22393556495551847,0.016976177976796684
2009-11-18,0.07910895278801648,0.7381654568661127,-0.0008202578820470003,-0.02239355401630394,-0.16352839213424553,0.09679607222927171
2009-11-19,0.10583749800470484,0.732322068368958,-0.0007973058498842814,-0.0014854452646074767,-0.1426432354147118,0.1262736861223404
2009-11-20,0.08913786742906724,0.7264930687807426,-0.0007785652353090958,-0.023995334813885272,-0.16517186557856478,0.10928701140651406
2009-11-21,0.06557176555809369,0.7206822143880156,-0.0007569300641915114,-0.05335065590646837,-0.1945488218422654,0.08339768984392047
2009-11-22,0.04513023495210323,0.7148925546500164,-0.000735185074597855,-0.07956010126086421,-0.22078001218625498,0.05938010750405182
2009-11-23,0.02985002916993311,0.7105017736522531,-0.0007138616198078724,-0.09920976458600783,-0.2404509989661885,0.04031870937052656
2009-11-24,0.019227217300423864,0.7108028948071742,-0.0006931675459923939,-0.10951076122678038,-0.2507726896807766,0.026337567425698177
2009-11-25,0.012152599248596034,0.7114300130297003,-0.0006728609875417679,-0.11593795449763156,-0.2572201895100783,0.016795040458935234
2009-11-26,0.007572776418627228,0.7121790789493988,-0.0006528843214420413,-0.11974873474180214,-0.26105094642034865,0.01052137116722692
2009-11-27,0.004667047399125161,0.7130013791262579,-0.000633408296987455,-0.12181268755999042,-0.26313437526299155,0.006503069142557706
2009-11-28,0.002850940430769861,0.7138730916393721,-0.0006149533279988795,-0.12273862704624305,-0.26407876971823274,0.003977738017986335
2009-11-29,0.001728979013730076,0.7147800765601889,-0.000596947096141979,-0.1229355973106091,-0.26429374621445567,0.002413059542346154
2009-11-30,0.022456766407068552,0.7143378532362257,-0.0005792262363037981,-0.1026323123813957,-0.24400818214508047,0.030479004336297393
2009-12-01,0.041104702309814396,0.7092489471761086,-0.0005613730601120581,-0.08905542936257504,-0.23044915230245155,0.05478043898097351
2009-12-02,0.3489303331196434,0.7038762072570859,-0.0005446122039227119,0.21341422238442043,0.07200373858835463,0.3314287285817815
2009-12-03,0.6793873468159612,0.6984215069866291,-0.000527687964937203,0.5384334600492671,0.3970060520142157,0.49309259767124597
2009-12-04,0.7114505416628184,0.6929319644642149,-0.0005106175212457598,0.5650241828174014,0.42357970433865855,0.5065931386633666
2009-12-05,0.6166420633837437,0.6874302021309211,-0.0004937035425217617,0.46473085618375687,0.3232694637262902,0.47285881288210657
2009-12-06,0.4791553300418167,0.6842213933665221,-0.0004982083129232058,0.32403080930702943,0.1825739216199641,0.41186601072611956
2009-12-07,0.3379407352343514,0.6820759395761471,-0.0007811454350797331,0.18038782358703287,0.03921387302212398,0.33130903011672325
2009-12-08,0.22673713802821618,0.6846255061883522,-0.0020218119920559032,0.07049312643612637,-0.06944015757180633,0.24878915047382208
2009-12-09,0.1474300677660724,0.6920881075670103,-0.004945180049391836,-0.004274710504695189,-0.14128462645529194,0.1756127170297163
2009-12-10,0.09380907340278676,0.7013205192179782,-0.009824301993387463,-0.05354241516100855,-0.18567320916760965,0.11797960266274324
2009-12-11,0.05874933705433357,0.7153696080218647,-0.016479971723801924,-0.0812087324359897,-0.20668385671217637,0.07589187350084907
2009-12-12,0.03634760679219085,0.7297982558180852,-0.024565363157362647,-0.0972672063354727,-0.21465693917809858,0.04744214981250926
2009-12-13,0.022272468298496752,0.7420722476822537,-0.03370383984135683,-0.10820682964899253,-0.21645808580762427,0.02913929779696112
2009-12-14,0.034956137724021105,0.7533568083348919,-0.043644856561616666,-0.09417961629108973,-0.19248985572946165,0.04434297051542869
2009-12-15,0.04002372518546536,0.7599855894320146,-0.05366732659011686,-0.09250571776102301,-0.18079348717089472,0.050029073979722956
2009-12-16,0.03659246985675061,0.7617184249693205,-0.06294465228180408,-0.10348146324411911,-0.18249190696230355,0.04583736748916981
2009-12-17,0.028662162668475665,0.7616830746557637,-0.07122126947767635,-0.11972373794182312,-0.1904575644641353,0.03626537026466196
2009-12-18,0.02011040789246236,0.7568212589353178,-0.07833491936118638,-0.14025095832179235,-0.2038711349605945,0.025884397239944356
2009-12-19,0.013704073063215043,0.7515613478262911,-0.08479260526762991,-0.15837489016650974,-0.21553738089886842,0.017907607856220805
2009-12-20,0.008868734759409365,0.7484306638434438,-0.0912672024479057,-0.1728155096334385,-0.22350340318552142,0.01171100198385388
2009-12-21,0.005701344940831295,0.7453416565021989,-0.09826935958506063,-0.1860740639304166,-0.2297598003453445,0.007591236360470589
2009-12-22,0.0035980654137586555,0.7426926094615938,-0.10607781198472982,-0.19863484289776356,-0.23451212691302226,0.004821265406216706
2009-12-23,0.002239394533646662,0.7400534530219155,-0.11461666029659393,-0.21117151852941785,-0.23850995423281252,0.003016861257684473
2009-12-24,0.001378770924389651,0.7374099769625593,-0.12342357116391103,-0.22348252906534816,-0.24201405390142572,0.001866258694834147
2009-12-25,0.0008415618770068274,0.7347628342842926,-0.13220306819314115,-0.23544637782022781,-0.2451984056270753,0.001144041391539338
2009-12-26,0.0005100253965600347,0.7321142509557805,-0.14091043014619198,-0.24713385958223744,-0.24817852543603403,0.000696162293583005
2009-12-27,0.0003072697567549592,0.7271746444614718,-0.14951878154392884,-0.2608845731140881,-0.2533208875701478,0.0004223744271157039
2009-12-28,0.00018418889417495834,0.7221011618574977,-0.1579028524492676,-0.274465207485981,-0.258517451036702,0.0002550084865812043
2009-12-29,3.958129501160066e-05,0.7165335534263507,-0.16583899391043955,-0.2881135649774633,-0.26422966706701234,5.5236922923424626e-05
2009-12-30,2.364490750315584e-05,0.7109262913187113,-0.17290747532479284,-0.3008052448869645,-0.26985286556216015,3.325818921746461e-05
2009-12-31,2.9240441800827164e-17,0.7053106139029266,-0.17897438067186677,-0.31251147255732625,-0.27549218788544805,4.145753831637587e-17
2010-01-01,3.898725573443622e-17,0.6996983949771611,-0.18473011034318013,-0.32387942115440504,-0.2811044068112135,5.572008741810649e-17
2010-01-02,1.949362786721811e-17,0.6940969670663402,-0.19086221543138937,-0.3356129541534353,-0.2867058347220345,2.808487688630824e-17
2010-01-03,1.0234154630289508e-16,0.6885114486655677,-0.19736612004634685,-0.34770237716916513,-0.29229135312280685,1.486417495326293e-16
2010-01-04,-4.873406966804528e-18,0.6829456496783295,-0.20384102307112695,-0.35974307918118353,-0.29785715211004515,-7.135863547999646e-18
2010-01-05,-9.746813933609055e-18,0.6774025216064675,-0.21005279336216426,-0.3714979775440828,-0.3034002801819071,-1.4388511442937028e-17
2010-01-06,-4.873406966804528e-18,0.6718844136270707,-0.21648638669915388,-0.3834496788604692,-0.3089183881613039,-7.253341300918332e-18
2010-01-07,6.822769753526339e-17,0.6663932316861869,-0.22327208408183222,-0.39572655818403124,-0.3144095701021876,1.0238353916444437e-16
2010-01-08,8.04112149522747e-17,0.6609305437946813,-0.23007802631677135,-0.407995188310476,-0.31987225799369323,1.2166363880022847e-16
2010-01-09,5.665335598910264e-17,0.6554976531369822,-0.23690271011848787,-0.42025276276989165,-0.3253051486513924,8.642800735895775e-17
2010-01-10,5.3607476634849807e-17,0.6500956507766519,-0.2439447973512642,-0.4326968523629984,-0.33070715101172277,8.24609064386239e-17
2010-01-11,0.05567775597488372,0.64472545482198,-0.25092234835598815,-0.3893668433475106,-0.280399590991511,0.07949386170223
2010-01-12,0.08297593419861389,0.6393878402646501,-0.256948096292819,-0.37343202761794103,-0.2584390273251106,0.11486724159204588
2010-01-13,0.07140813176018931,0.6340834621918973,-0.2612161913602628,-0.3945723031965623,-0.27531120783628804,0.10121755152342607
2010-01-14,0.05302614397840715,0.6288128741659829,-0.2639974300039168,-0.4210061176479129,-0.2989637836439847,0.07776930120942133
2010-01-15,0.053820596075546435,0.6235765430000647,-0.2659474752876174,-0.42739804200039233,-0.3034056627127635,0.07945205695582215
2010-01-16,0.1483869725230716,0.6183748607946502,-0.26714721672214164,-0.339233089192806,-0.2140409684706529,0.19352420279060076
2010-01-17,0.18877912764886748,0.6177920664953729,-0.2669671974692791,-0.2992437091134248,-0.17423160764413426,0.23405141296815
2010-01-18,0.15898963814462005,0.6175185033125965,-0.26508847237406197,-0.32742803670523146,-0.20429466033115806,0.20474947995555554
2010-01-19,0.1168081224375625,0.6173619495060355,-0.26195294827891846,-0.3666305821237066,-0.2466327298447767,0.1591022664930098
2010-01-20,0.08031393146330358,0.6172789458649155,-0.2584957632854542,-0.3997505917456212,-0.2832099244601556,0.1151300910222965
2010-01-21,0.13017356478320982,0.6190820655628154,-0.2554036087392184,-0.3449956841815792,-0.23154717144234938,0.17373718596294346
2010-01-22,0.24756788032636176,0.625618789141228,-0.25266232945911204,-0.2183233657799083,-0.10761613232078482,0.2835222856497705
2010-01-23,0.30152780274360186,0.6329523498500402,-0.24958322425404247,-0.15395077744878638,-0.0463226491947325,0.32266902823640914
2010-01-24,0.26426791361174634,0.6358520873908037,-0.24572025458226177,-0.18444795936809777,-0.08068280078582457,0.2935918692145556
2010-01-25,0.20112707695432475,0.6385522338459907,-0.24124372557514287,-0.24041212056321348,-0.1411234909880592,0.23952844183171124
2010-01-26,0.21104301999922012,0.6412113475310912,-0.23648272188091912,-0.22307606013899384,-0.12854843425806328,0.24762914458366111
2010-01-27,0.19800103646918502,0.6484363019787498,-0.23139606891466524,-0.22380643625511654,-0.13436546334043986,0.23392285226009588
2010-01-28,0.15033074137610078,0.6586745428667019,-0.2261641685212057,-0.25600659006678905,-0.17179751754557193,0.18582170512866855
2010-01-29,0.10932329948118262,0.6682331835723688,-0.2213890936966464,-0.28268031643148106,-0.20324631873482324,0.14059853124991997
2010-01-30,0.08069682960555087,0.6773572364013078,-0.21728684090616004,-0.29808048068768733,-0.22274873578151588,0.10645260440410426
2010-01-31,0.25393521892787757,0.686927047757617,-0.2133068280852733,-0.11129226718816465,-0.03994053510287998,0.269896272726985
2010-02-01,0.4431202021828964,0.7010977444997869,-0.20901478097143403,0.0963554599228631,0.16341514489430853,0.38726905435069475
2010-02-02,0.44340073017822895,0.7155322424819159,-0.20429795551459456,0.11578731135716436,0.1781301708717703,0.38259393825034904
2010-02-03,0.3461858136137758,0.7254428873822607,-0.1993142570618406,0.033466738145809916,0.09082589920766193,0.3230464183088879
2010-02-04,0.245716962704162,0.7309626888352981,-0.19447495113761284,-0.05664300538653877,-0.00412315024891452,0.2515839889946089
2010-02-05,0.16536444368814626,0.7329273144293115,-0.1903809964209349,-0.13093694409186318,-0.08251104367091688,0.18408767774369778
2010-02-06,0.1075744414766692,0.7391373088353783,-0.18762130650466927,-0.17975726198100783,-0.13409105147632716,0.12704966174973203
2010-02-07,0.06853002932330292,0.7495913566420594,-0.18640296403645729,-0.20712928385948104,-0.16268141582301232,0.08376511175348293
2010-02-08,0.04301587314763083,0.7556873636739526,-0.1866362264151189,-0.22678069538192158,-0.18209956496679125,0.05385714138183696
2010-02-09,0.026647751277074107,0.7615459527326082,-0.18824086838090182,-0.23889487015960564,-0.1926090977786924,0.033808632499234936
2010-02-10,0.033259693253113974,0.7673158910671323,-0.19080780570899525,-0.2290799271771351,-0.18022721746812842,0.041544725950335044
2010-02-11,0.03963551153680422,0.7725619531210344,-0.1933374512409085,-0.219987692371456,-0.16860533713053605,0.048800338909580084
2010-02-12,0.03429552895137248,0.7772660613192105,-0.19484496929446288,-0.22213108481226596,-0.1692412115177917,0.04225868912787999
2010-02-13,0.025368127572249502,0.7772994561454349,-0.19521121075169393,-0.23139133282239555,-0.17813521807069022,0.03160477398969188
2010-02-14,0.017484630137634093,0.7724147524800806,-0.19518187193514006,-0.24413019510581135,-0.1909034191706599,0.02213526244278137
2010-02-15,0.01092903268037788,0.767122787469991,-0.19559145272262257,-0.25638733836063976,-0.20275098163800576,0.014046664241805513
2010-02-16,0.006710213479226288,0.7634979835284395,-0.19677143012928236,-0.26541093891000267,-0.2105946047807089,0.008712207303552629
2010-02-17,0.02140358711052872,0.7603426622162901,-0.19844897878549866,-0.2555504352470659,-0.19905655246155585,0.02737920025706536
2010-02-18,0.03249063960558484,0.7571847777129432,-0.19983596706877385,-0.24900825553863182,-0.19112738446984656,0.041144296622417496
2010-02-19,0.030011231750584875,0.7540101942082881,-0.2001903749420442,-0.2550166547715573,-0.19678137582950173,0.03827858621833016
2010-02-20,0.022824229742638542,0.7508216305703378,-0.19950737336612515,-0.26470921884153487,-0.20715694147539832,0.029502167481908405
2010-02-21,0.015985507462235943,0.7476232838869306,-0.19844927708209806,-0.2736881915213176,-0.21719401043920816,0.020934158489705545
2010-02-22,0.010687485793631284,0.7444191785490402,-0.19770991845326624,-0.28145095989898083,-0.22569613744570316,0.014153610739132936
2010-02-23,0.006934503015932385,0.7412128574830121,-0.19780959417140648,-0.28850993946084813,-0.23265544128943016,0.009268899928094003
2010-02-24,0.004406130812511547,0.7380073670423022,-0.19891782306647648,-0.2953520310000488,-0.23838930393356095,0.0059348743324885095
2010-02-25,0.024114845059632458,0.7348053117846803,-0.20094635722605902,-0.2808739061701323,-0.22188264494406185,0.03177520697289827
2010-02-26,0.033570555577792226,0.7316089200193975,-0.20327706848408056,-0.27694529867527695,-0.21562332619118496,0.04387278625265249
2010-02-27,0.028480225983186908,0.7284201038971791,-0.20511498308196902,-0.287062358989989,-0.2239024719080086,0.0376274455947039
2010-02-28,0.021012327500974856,0.7252405104406642,-0.20636854400999485,-0.2989634118567419,-0.23454996384673565,0.028157115702142407
2010-03-01,0.014484366420836331,0.7220715637288336,-0.20732145404955676,-0.309613229688273,-0.24424687163870473,0.019664991927894837
2010-03-02,0.009589334465201785,0.7170809348170825,-0.20840561034964425,-0.320583046855746,-0.25413253250609036,0.013196266409348152
2010-03-03,0.006180666541932931,0.7138272350529359,-0.20995175059790863,-0.32879155479142586,-0.2607949001935058,0.008584164879638563
2010-03-04,0.003851980862635147,0.7106644094806558,-0.2120242915414342,-0.33635560698652933,-0.2662864114450837,0.005391032192815695
2010-03-05,0.002388764290376848,0.7075337569652549,-0.214536118208309,-0.34346130274106335,-0.27088028053274293,0.003364823933394687
2010-03-06,0.022888248871421504,0.7044269947316698,-0.21744927121065244,-0.3289817333959473,-0.25348755818528335,0.03146950249252857
2010-03-07,0.03281483891193509,0.7013413280372206,-0.2202088239091604,-0.32490036274839085,-0.246646634839219,0.044697355125817115
2010-03-08,0.02801148247009415,0.69827561644095,-0.22208780424576763,-0.3346484111231096,-0.2545157028773305,0.038568057331726066
2010-03-09,0.025007396849983335,0.6952293780977694,-0.22300405827278205,-0.34161498911341537,-0.2605660268406219,0.034721077456503685
2010-03-10,0.020691816356684774,0.689910476624984,-0.22295060938318637,-0.35119602218990364,-0.2702005088067059,0.029118701925183
2010-03-11,0.014976202678333486,0.6844738430523596,-0.2218971582914387,-0.36129481834913174,-0.2813527560576816,0.021411397096540795
2010-03-12,0.014408344074854211,0.6813076958287163,-0.2202482529502826,-0.3633799188350981,-0.2850867618848041,0.02071009326858595
2010-03-13,0.01303332926675661,0.6782789662102395,-0.2182732937377259,-0.3658087040491158,-0.2894905063113785,0.018853026847676403
2010-03-14,0.009754706488398103,0.6753020891124718,-0.21604719813898954,-0.36983810832650565,-0.2957460061875047,0.014239266803918288
2010-03-15,0.006761962618186915,0.6728200135722969,-0.21410738605161878,-0.37337311564952097,-0.30122082559789076,0.009950179456041909
2010-03-16,0.0044889143998410215,0.6703954351445535,-0.21301785256245678,-0.37698120880644836,-0.3059184522439802,0.006651383163458196
2010-03-17,0.00289757825225726,0.6680058618003317,-0.21292675866288513,-0.38087102439868226,-0.3098993617357857,0.00431891995073111
2010-03-18,0.001833868375202997,0.666103421969049,-0.21363400683240744,-0.3845444222765414,-0.31286551144412256,0.0027455696840310096
2010-03-19,0.0011437772793477657,0.6619618454627583,-0.21474899258278934,-0.3904910756290694,-0.3176971790462686,0.0017248794763916543
2010-03-20,0.0007053406772875929,0.6577147766320384,-0.21590502629117064,-0.3963326147702308,-0.3223826844790487,0.0010712623426058286
2010-03-21,0.00036070982518354185,0.6534526576649473,-0.21712632240240548,-0.4021606607006607,-0.3269894342982438,0.0005517015147124331
2010-03-22,0.00021978490827470162,0.6487357792415984,-0.21850205058157224,-0.4083941922200852,-0.33184723763850155,0.00033867481907273294
2010-03-23,0.00013300818919965851,0.6440036703343592,-0.2201061212584826,-0.41481714852330975,-0.3366661232648157,0.00020649063100168394
2010-03-24,0.017197581579700753,0.639280421481408,-0.22187603169459108,-0.40424573442186845,-0.32432479872726594,0.026196736980538104
2010-03-25,0.025570637971508315,0.6341150933640376,-0.22332877587058203,-0.40249075032342224,-0.3211170704528288,0.03876184788738736
2010-03-26,0.02199537775679225,0.6289429063190132,-0.22411010872420367,-0.4120195304367843,-0.3298645177125692,0.03379026598200631
2010-03-27,0.016315736608740687,0.6237858804977704,-0.22459115059545748,-0.4233372392773325,-0.3407011846818636,0.02548929134485501
2010-03-28,0.011288916570001709,0.6186503412504551,-0.22516647339784904,-0.4340749213657782,-0.35086354396791775,0.017920643030028837
2010-03-29,0.007492035942796631,0.6135398508841231,-0.22594127836042213,-0.4437570973218884,-0.35977091496145486,0.012063850668081145
2010-03-30,0.009120108799287395,0.6102903327765993,-0.22658043305210654,-0.44601769726460594,-0.361392360212488,0.014723853824750307
2010-03-31,0.00944543293322993,0.6071795034003736,-0.22639950773214781,-0.44862227718693026,-0.36417786545477104,0.015317954848520438
2010-04-01,0.007403944644623727,0.6041316473715371,-0.2252763887812134,-0.45258850255343863,-0.36926720977221383,0.012107136103417617
2010-04-02,0.005257916026281324,0.6011302794968731,-0.22378643509843715,-0.45624594536366875,-0.37441460626522016,0.008670874639545245
2010-04-03,0.0035430435955518197,0.5981677053021178,-0.22243834366869933,-0.45957530055941576,-0.379092052890705,0.005888283701168134
2010-04-04,0.006593366418245592,0.5952394969364178,-0.2214468093772366,-0.4584616518109593,-0.3789699384337113,0.010955477541544762
2010-04-05,0.037836252859465576,0.5928011886930692,-0.22052607713147157,-0.42873634136732286,-0.3501653602358399,0.05999683870072541
2010-04-06,0.10249112643638791,0.5885862365586629,-0.21900329383589995,-0.3667736366292352,-0.2897254387933238,0.1483062995902557
2010-04-07,0.12826077776753902,0.5842979088930589,-0.2165117503874074,-0.3428007695151955,-0.2682441151277767,0.1800003005627963
2010-04-08,0.11035024056243596,0.5800077028109726,-0.21307621665837018,-0.36156597907334775,-0.29044485841496614,0.15984496393742295
2010-04-09,0.0817418928473314,0.5757300759243309,-0.20905356765270927,-0.3904293046694331,-0.3233308330167124,0.12432757095340147
2010-04-10,0.056454345319347544,0.5719298949229504,-0.20498575627289722,-0.4154492218189853,-0.35241856154607665,0.08984048565186704
2010-04-11,0.0374173055247486,0.5713884973199171,-0.2012317647438228,-0.43127366768754305,-0.37199699894370886,0.061460165704589155
2010-04-12,0.02413463594225142,0.5751974381432243,-0.19806803189092517,-0.4375836635938355,-0.3814707277028989,0.0402692213312271
2010-04-13,0.015269268921635206,0.5802569700558167,-0.1956127564982805,-0.4389342233092147,-0.3852765628109228,0.025639959958528948
2010-04-14,0.009507790571888244,0.5855002751901751,-0.19382426608407272,-0.43766390611039546,-0.3857947360263113,0.015979263339415465
2010-04-15,0.005863239912975634,0.590834274475849,-0.19262960862359627,-0.43477980002315764,-0.38410528739954997,0.00982615105910259
2010-04-16,0.003583441624737623,0.5962221237951886,-0.19207855933835177,-0.4311206997068116,-0.3809972363684484,0.005974338737968931
2010-04-17,0.0021740983985120235,0.6011838627792098,-0.1922553049696688,-0.4277450495803331,-0.37744484061065287,0.0036033309219427588
2010-04-18,0.0013110128158910586,0.6029274450805615,-0.19298982035425874,-0.4275990682461922,-0.37656434389192206,0.0021696944290092255
2010-04-19,0.0007724186059809534,0.5998949648715918,-0.19392752313598505,-0.43210784544679837,-0.3801354183108019,0.0012859339914696624
2010-04-20,0.00036290148006073026,0.5956110291265853,-0.1948255179496291,-0.43769929313136924,-0.3848288711817287,0.0006089217353707576
2010-04-21,4.7289815006204466e-05,0.5911568405145693,-0.19551716365527988,-0.44316073911409043,-0.3895986714587991,7.998897940689632e-05
2010-04-22,0.0,0.5866259055675758,-0.19592928500425333,-0.44815108522506364,-0.3941768962207989,0.0
2010-04-23,-2.9240441800827164e-17,0.5820539359094178,-0.19603854941876078,-0.45283231929772905,-0.39874886587895686,-5.0236653335469774e-17
2010-04-24,-3.898725573443622e-17,0.5774610418688875,-0.19587369271707755,-0.45726035663657616,-0.4033417599194872,-6.751495409674456e-17
2010-04-25,1.949362786721811e-17,0.5728600576207495,-0.1955341191379376,-0.46152176730557415,-0.4079427441676251,3.4028603684084176e-17
2010-04-26,0.0,0.5682597940735826,-0.19514254674889608,-0.46573045846369954,-0.412543007714792,0.0
2010-04-27,1.949362786721811e-17,0.5636666037253116,-0.19469042098138323,-0.4698715230444577,-0.417136198063063,3.458361332458473e-17
2010-04-28,2.9240441800827164e-17,0.5590852311304835,-0.19412959789711007,-0.47389207255501264,-0.42171757065789117,5.230050835308653e-17
2010-04-29,4.386066270124075e-17,0.5545193151827268,-0.19342803667285452,-0.4777564272785138,-0.42628348660564785,7.909672666097782e-17
2010-04-30,1.3645539507052677e-16,0.5499717045058075,-0.1925916180634087,-0.4814676193459872,-0.4308310972825671,2.4811348284389027e-16
2010-05-01,0.03426323444608235,0.5454446651178528,-0.19176842486360363,-0.4509082310880545,-0.40109490222443944,0.059104308345385076
2010-05-02,0.051062113352993224,0.5409400224690664,-0.19081729757806914,-0.4376628675443956,-0.388800665966315,0.08625325866787271
2010-05-03,0.04394346569857815,0.536459261684014,-0.1892984699160125,-0.44774344832180646,-0.4004000744057825,0.07571202481550594
2010-05-04,0.03263147321748141,0.5320036001934566,-0.1869684322887251,-0.46118106466617315,-0.41616772837743665,0.05779214709485895
2010-05-05,0.022577833140003268,0.5275740415562521,-0.18383845218060446,-0.47253428327273517,-0.4306509270921193,0.04103927329606707
2010-05-06,0.014984071885593028,0.5231714161254113,-0.18005744783265867,-0.4807496656100404,-0.4426473137773703,0.02784338768145505
2010-05-07,0.00967440898705412,0.5224635416121628,-0.17579206210777915,-0.48250181729694835,-0.4486648511891578,0.01818026505375194
2010-05-08,0.00612533752821144,0.5220030467977056,-0.17119803190395028,-0.48191735336641933,-0.4526744174624576,0.01159819791929871
2010-05-09,0.0038220228646030537,0.5216364498889791,-0.1664069778571577,-0.4797962108919616,-0.4553443290347925,0.007273691571808418
2010-05-10,0.00235796374819226,0.5213292312284049,-0.16151814004380619,-0.476678650855595,-0.45711560681177743,0.00450261868308167
2010-05-11,0.0014416289061029753,0.521064805921041,-0.15660405427712018,-0.4729453252383623,-0.45829636696123066,0.002759064405742479
2010-05-12,0.013723619170853314,0.5208333815271076,-0.15171452220980344,-0.45600522730022863,-0.4462458010904138,0.02567288269152709
2010-05-13,0.10105118917009323,0.5206285038676007,-0.14689369907476368,-0.36406171182545577,-0.35912310875068065,0.1625454237958618
2010-05-14,0.13806796921041903,0.5167784824901143,-0.14217800753818477,-0.3261792616260376,-0.3259563500878414,0.21084021888166032
2010-05-15,0.1382062142795048,0.5127278757484269,-0.13758503731189334,-0.3254986530723477,-0.32986871176044297,0.21231982837705482
2010-05-16,0.12644606577616074,0.5086280359540878,-0.13312758902770294,-0.33690119308584043,-0.34572870005812606,0.19910442802132947
2010-05-17,0.09947157506446476,0.5045118152126267,-0.1288121593469848,-0.3636764748582794,-0.3768194115112832,0.16469256715624225
2010-05-18,0.07059561128399905,0.5017696282940591,-0.12464214062985962,-0.3911246068401875,-0.40843756221031646,0.12334014437361956
2010-05-19,0.04754273693420506,0.5037010913818153,-0.12061625250903814,-0.40822012998140383,-0.4295589734723543,0.08624629336793133
2010-05-20,0.035273342722984775,0.5059440617961979,-0.11673184391552363,-0.414362145184727,-0.439585397269192,0.06517407316995211
2010-05-21,0.18888719208532595,0.5105887170439802,-0.11298133902022779,-0.2523531356793077,-0.2813268926590685,0.2700410258881525
2010-05-22,0.2604256845826806,0.5163495787690466,-0.10936198943680658,-0.1714344318734653,-0.20402753843664734,0.3352651620997342
2010-05-23,0.22048245338994502,0.5222455162512925,-0.10587124004787038,-0.20199097619501905,-0.2380748321471372,0.2968549218584638
2010-05-24,0.5265736213961447,0.5282026534028672,-0.10250144605638709,0.11342712295423873,0.07397347301063728,0.49922778315855043
2010-05-25,0.9114895047868109,0.5328175749996368,-0.09925013263557492,0.5062092413624868,0.46350427799807303,0.6310912115182471
2010-05-26,0.9368277316548104,0.5332409060827644,-0.09610440500876816,0.5351165269404203,0.48926583594920003,0.6372680211017777
2010-05-27,0.7431505996512301,0.5379818597637207,-0.09306360448314091,0.34922114914342384,0.30032965762657626,0.5800731955465412
2010-05-28,0.5824021188551921,0.5406166216438348,-0.09013808591801348,0.19403294879262756,0.1422159387106524,0.5186040961314632
2010-05-29,0.8728724652109717,0.5422303257279008,-0.08732227072458312,0.4889328144259033,0.43429998915049783,0.6168261915672222
2010-05-30,0.9563056913933714,0.5483393892126643,-0.08460998204952942,0.5811873927681201,0.523842278817661,0.6355689482653238
2010-05-31,0.765825067835151,0.5592669037788833,-0.08199570316921237,0.40424856265643583,0.3442891698256597,0.5779410669150266
2010-06-01,0.7982181130085758,0.5718985149124403,-0.07947446853767312,0.45179445359495674,0.3893138261326413,0.5825913624738457
2010-06-02,0.7560332139723119,0.584252986037969,-0.07704177576155485,0.4243967184603401,0.35948339822190645,0.5640834129057753
2010-06-03,0.5820822059174156,0.5966423707648623,-0.07469351426328738,0.2651833566306043,0.19792177489390317,0.4938237629317831
2010-06-04,0.4093575489573321,0.6136252732010442,-0.07242590728416665,0.1117092090858236,0.04218002037000168,0.4001607261533822
2010-06-05,0.273675859684194,0.6313287740350357,-0.07023546457445752,-0.004078536643613906,-0.07579816806914497,0.3024027165026646
2010-06-06,0.22061401731330543,0.6445306637075229,-0.06811894366312901,-0.04182196843068675,-0.11565812076754634,0.2550024546795938
2010-06-07,0.17687295571960646,0.6574671885541343,-0.06607331802928959,-0.07058087954393488,-0.14646265751463383,0.21199142452095143
2010-06-08,0.15447157445013898,0.6702971422029893,-0.06409575083651185,-0.0781747399717696,-0.1560340851352463,0.18729077780371833
2010-06-09,0.12767312339590542,0.6830431434060193,-0.06218357315982368,-0.09031501214628501,-0.17008653498644988,0.15748188191603005
2010-06-10,0.09251402286097886,0.6911277880672919,-0.06033426584833587,-0.11554016070845119,-0.19716099086010386,0.11805651711129406
2010-06-11,0.09298600037531764,0.6942788462456911,-0.058545444336129855,-0.11012830350350711,-0.19353795516736583,0.11811273013703014
2010-06-12,0.08586300745370737,0.7011242269328957,-0.056814845849238745,-0.10867531725102186,-0.19381556740177164,0.10910343103675765
2010-06-13,0.06767883904101403,0.7080204206510605,-0.05514031856455721,-0.1182887646608688,-0.2051035420963001,0.08724881221090783
2010-06-14,0.050671547859502945,0.7134829295336061,-0.05351981236288267,-0.12821304075815965,-0.2166483243952656,0.06631060781370735
2010-06-15,0.039328715058226146,0.7174230403865516,-0.051951370887473015,-0.13404732123108143,-0.22405104634359696,0.051970431221676994
2010-06-16,0.028790002082868714,0.7211924388245269,-0.0504331246750284,-0.1392983895560188,-0.23082036088097901,0.03838756817831095
2010-06-17,0.0199371213151288,0.7280727893161624,-0.048963285170535144,-0.13980108032763006,-0.23279289115708346,0.02665355235507862
2010-06-18,0.013232682334503632,0.7350686397800779,-0.04754013947327762,-0.13808652314708225,-0.2325014796737932,0.01768362816346517
2010-06-19,0.008537156194402594,0.7379316722796351,-0.046162045690158346,-0.13854092300450682,-0.23433397331433703,0.011436721626882399
2010-06-20,0.12103851028356857,0.7405180727620609,-0.0448274287957001,-0.022118551538456654,-0.1192462187427451,0.14048817299462055
2010-06-21,0.17556018090573114,0.7402414637465449,-0.04353477691687131,0.03341916194701855,-0.06500115713609866,0.19170109808264235
2010-06-22,0.15030066671664932,0.7397224661219689,-0.04228263797598733,0.008892789074244845,-0.09077966894975642,0.1688727642811755
2010-06-23,0.11125092907695389,0.7390930045803085,-0.041069616637197395,-0.029573388768321163,-0.1304588681311123,0.13083050830794124
2010-06-24,0.11971040772041651,0.7351803247361108,-0.0398943715119401,-0.023851344843798805,-0.1259120693318473,0.14003006837660856
2010-06-25,0.13622508815636353,0.7310206360201191,-0.03875561258677516,-0.010357594198678655,-0.11355707761189204,0.15707784352090046
2010-06-26,0.19673550538054424,0.7308864690995333,-0.037652098843478365,0.05112216984821316,-0.053180827308297096,0.21208586125917558
2010-06-27,0.20818929035533376,0.730938053681129,-0.03658263604657534,0.06369700220150132,-0.04167545775191195,0.2216837702334547
2010-06-28,0.17109433694566162,0.7305649922124611,-0.035546074677730244,0.02726554869200637,-0.0791434726302519,0.18975496777193224
2010-06-29,0.17323146761128788,0.7301727479665071,-0.03454130799992617,0.030015201789482804,-0.0773985862105796,0.19175410588547376
2010-06-30,0.15690595151029116,0.7343552277842709,-0.03356727023716486,0.018846203269011097,-0.08954162249381259,0.17604935024151175
2010-07-01,0.1176935765057948,0.7410948558153603,-0.03262293485774144,-0.012682208324972466,-0.12201436946721955,0.13704606638411468
2010-07-02,0.08171783618879855,0.7526284820095682,-0.03170731295102816,-0.03620870054104741,-0.14645648359000785,0.09794234648899121
2010-07-03,0.05431375405599394,0.7603813310873772,-0.030819451689230476,-0.0549720723342455,-0.16610771664500357,0.06666758526772718
2010-07-04,0.03509179458028805,0.7684559761935023,-0.029958432866849405,-0.06525836788144512,-0.17725503101458429,0.043671074523043966
2010-07-05,0.03469451464029454,0.7811124464936302,-0.029123371511610964,-0.052164116166072305,-0.16499584065444994,0.042527848244971043
2010-07-06,0.19982652287372227,0.7940257797596794,-0.02831341456147639,0.12669118228353915,0.013049500845026984,0.20106259485865627
2010-07-07,0.36805490128410284,0.802412294255238,-0.027527739603043312,0.30409175014791145,0.18966439375096622,0.3144512744028733
2010-07-08,0.37203549047653806,0.8082404731636262,-0.02676555366723309,0.3146627041845451,0.19947316185178965,0.3152105964516296
2010-07-09,0.2913779052657863,0.8092480343423445,-0.026026092078637743,0.23575214174110704,0.11982313781975618,0.2647383591281967
2010-07-10,0.21143956925383675,0.80941011209724,-0.025308617355301245,0.1566933582073895,0.04004687956270214,0.20712115908583148
2010-07-11,0.14593589324231315,0.8102985883989906,-0.02461241815604201,0.0927743576968757,-0.024568320147070888,0.15261517550781614
2010-07-12,0.0966179154353028,0.8111291999232453,-0.02393680827271325,0.04496260129744878,-0.07305568642982652,0.10643703934783644
2010-07-13,0.06223793187337455,0.8164811555506326,-0.02328112566502652,0.016590255970594603,-0.10208371436436747,0.07082801860584026
2010-07-14,0.03918350521559295,0.8220556063241604,-0.022644731535775415,-0.00025332578440806497,-0.11956369024862123,0.0454966625302691
2010-07-15,0.037267968892863865,0.8276688695764433,-0.022027009444463026,0.004062123236458048,-0.11586596331906751,0.043087503312747785
2010-07-16,0.0813099720639876,0.8337423071265405,-0.021427364457490633,0.054777208944651434,-0.06575052259784653,0.0888582804644953
2010-07-17,0.17297469073997104,0.8398288491366313,-0.020845222333193792,0.15311061175502239,0.032000738088227565,0.1707879997744142
2010-07-18,0.2188213475210493,0.8445254610942156,-0.02028002874012616,0.20421907408675266,0.08254400682689023,0.20578549326348916
2010-07-19,0.19386491248108068,0.8445316672086253,-0.019731248507089967,0.17981762539422985,0.057593777901331245,0.18669640893752892
2010-07-20,0.14501510503401,0.8396257556106435,-0.019198364903504905,0.12659478995276252,0.0038380588562788587,0.14727715538746508
2010-07-21,0.10013428293771907,0.8356948311015351,-0.018680878948780205,0.07830052930208786,-0.04497368774912047,0.1070006066658008
2010-07-22,0.14340509238820984,0.8362698149056911,-0.018178308749438904,0.12264889275607593,-0.0011278944944737024,0.1463802852563912
2010-07-23,0.16635621676135004,0.8411753633410378,-0.017690188862791063,0.15099368545121072,0.026728778314013213,0.165112657555056
2010-07-24,0.18166834814832208,0.8491122705122767,-0.01721606968603373,0.17471684318617897,0.049977816872224134,0.1762434652529486
2010-07-25,0.16521068844028697,0.8572931166533528,-0.016755516869690013,0.1669005824355636,0.04170100330526505,0.1615746441404755
2010-07-26,0.12436959016546636,0.865553095644267,-0.016308110754366084,0.13476686926698112,0.00911988402135866,0.125635660186669
2010-07-27,0.09084389287371336,0.8738427071804071,-0.015873445829849266,0.10996544843588518,-0.0161162017342541,0.09416933216302255
2010-07-28,0.0640126063448023,0.8853447475859532,-0.015451130215601913,0.09505851792676745,-0.03144544785761916,0.06742730340662771
2010-07-29,0.04277350183223975,0.8933592398372138,-0.015040785161774445,0.08224425071929298,-0.04467006011892116,0.04569170581082291
2010-07-30,0.027671174646113607,0.9011887891330042,-0.0146420445698687,0.07537021342086292,-0.05194283800925692,0.029790469742642278
2010-07-31,0.017402921307474093,0.9061989421581961,-0.014254554532248165,0.070499603145036,-0.05720093832270445,0.018842449323534686
2010-08-01,0.01062556298725118,0.9109902451788889,-0.013877972889703983,0.06889012948805007,-0.05918699362223456,0.011529275966299077
2010-08-02,0.006485702105685873,0.9161404782060372,-0.0135119688063428,0.07026650571699422,-0.05817662147665159,0.007029609872434555
2010-08-03,0.038237022753000345,0.9212458148083293,-0.01315622236106582,0.10747890941187777,-0.021319964227044963,0.03985170057880921
2010-08-04,0.07917531688612521,0.9217157594726916,-0.01281042415496858,0.14923294641546214,0.020088274570442155,0.07910482844363083
2010-08-05,0.08798211497928107,0.9209462615867778,-0.012474274933998247,0.15760639584367453,0.02812557477768418,0.08720352903417472
2010-08-06,0.07259514303892507,0.9154102478947631,-0.012147485226244184,0.13701019991905794,0.007202589145313576,0.0734764645062523
2010-08-07,0.05289018362216422,0.9095015856307672,-0.011829774993258508,0.11171428847128684,-0.018411032535443184,0.05495701990803691
2010-08-08,0.08317429261280321,0.9034439452536255,-0.011520873294833384,0.13624965878320916,0.005815436078054015,0.08430240737559079
2010-08-09,0.09398467919912662,0.9005075526234501,-0.011220517966683347,0.14442400806750721,0.013689430034201977,0.09450519188760646
2010-08-10,0.07570006349724917,0.9004586210267715,-0.010928455310499888,0.12638252342513467,-0.004644117264353986,0.07754893205110484
2010-08-11,0.05449360280818005,0.9010557037649856,-0.010644439795884003,0.1060571609888955,-0.025253495215209032,0.05702856193115507
2010-08-12,0.03703466865517551,0.9017362747168507,-0.010368233773657715,0.08955500380998238,-0.04203185841634849,0.03945016504467908
2010-08-13,0.02429095341801295,0.902450769907208,-0.010099607200101482,0.07779441033673329,-0.05406107846315378,0.026211136076678552
2010-08-14,0.04125061159343479,0.9077654169333312,-0.00983833737167176,0.10032998536670823,-0.031786773261608614,0.04346671747733432
2010-08-15,0.14658982130523968,0.9133612283366526,-0.009584208669763412,0.21151913518374266,0.0791482478535176,0.13829867082519093
2010-08-16,0.1858382563843647,0.9153734138346431,-0.009337012315127003,0.25302695211549464,0.12040886843063314,0.16875797942406964
2010-08-17,0.1545458803370419,0.9144527182125584,-0.009096546131530001,0.22105434662968415,0.08819579676122558,0.14457070434584968
2010-08-18,0.11291255084118329,0.912857465692638,-0.008862614318306575,0.1780596964271286,0.044967214745446626,0.11007589325210149
2010-08-19,0.0773759651978695,0.9111550956603566,-0.00863502723142508,0.14104832783841492,0.0077282590698514175,0.07827368128492897
2010-08-20,0.05106062133462439,0.9121490433141937,-0.008413601172735947,0.11594835768769607,-0.01759313713955657,0.05301091050954193
2010-08-21,0.04569203614634856,0.9132739229255634,-0.008198158187067362,0.1119200950964585,-0.02183684271646269,0.04764719301461894
2010-08-22,0.04845105764348714,0.9144257826246185,-0.007988525866864252,0.11604060861285526,-0.01792596152026904,0.05031906015103273
2010-08-23,0.04200111652209272,0.9155857782494422,-0.007784537164049717,0.11095465181909914,-0.023215907016839732,0.04386141534666003
2010-08-24,0.03108303633683003,0.9167462944650135,-0.007586030208845203,0.10139559480461235,-0.03297347098653103,0.032793916928625155
2010-08-25,0.029991227138617425,0.9179034829960754,-0.007392848135245535,0.10165415621106122,-0.032908091653681804,0.03163982963293019
2010-08-26,0.03978886811660475,0.9190551487619313,-0.007204838912914513,0.1127914721772354,-0.021958784909838602,0.04149670584182735
2010-08-27,0.039262748246797735,0.9188247683601497,-0.007021855185211562,0.1122179556333498,-0.02271528518142718,0.04098033589441408
2010-08-28,0.030404510991467706,0.9148373191833618,-0.006843754113144871,0.0995503702732985,-0.03556097161354521,0.032165854304018866
2010-08-29,0.02138968657040692,0.9105978959313741,-0.006670397224979807,0.0864694794884151,-0.0488152192865936,0.02295061326138006
2010-08-30,0.07401310780126621,0.9062731512692094,-0.006501650271314977,0.13493690301077454,-0.0005165427178990267,0.07550152531103183
2010-08-31,0.15420418532331945,0.9028208493274418,-0.006337383085382073,0.21183994577699305,0.07622223286238661,0.14588508338808473
2010-09-01,0.2171195856640626,0.9007746726901444,-0.006177469448387762,0.2728690831174332,0.13709145656583244,0.19422193471474813
2010-09-02,0.20877550684287302,0.8988155879006242,-0.006021786959681946,0.26272160199542927,0.12678829295512262,0.18849511144834777
2010-09-03,0.16072597263090835,0.895510323767242,-0.005870216911583172,0.21151837369818116,0.07543349460977578,0.15216857551572188
2010-09-04,0.11325305542314582,0.891223761845648,-0.005722644168660797,0.15990646731174707,0.023674015480419253,0.11274830187827
2010-09-05,0.07595270946962628,0.8914551863862897,-0.005578957051321905,0.122981233016208,-0.013394905932458623,0.07851156662560312
2010-09-06,0.04937638166513095,0.8965282210821183,-0.005439047223517207,0.10161784973534593,-0.034898199041125455,0.05220017063213782
2010-09-07,0.044279595554262384,0.9056217898228793,-0.005302809584423621,0.10575087000433203,-0.030901416411232896,0.046614939440984125
2010-09-08,0.05597117343708823,0.9136842945602109,-0.005170142163940868,0.12563762004497225,-0.011147333791075464,0.05772274306119226
2010-09-09,0.24261615646282203,0.9217948648708936,-0.005040946021857284,0.32052236952347224,0.1836082195453409,0.20835955003666115
2010-09-10,0.3267437415915247,0.9299460665295267,-0.004915125150553035,0.41292697718211224,0.2758870063326767,0.26000349448210924
2010-09-11,0.2773619165619873,0.9381157652921379,-0.00479258638109295,0.3718373896846461,0.23467488006575044,0.22819169837729256
2010-09-12,0.22172963080570487,0.9417041038394659,-0.004673239292593204,0.31991278956419156,0.1826309328567962,0.190582088350162
2010-09-13,0.26076906495847674,0.9418006869223202,-0.004556996124729984,0.35916504996768084,0.2217669500924223,0.2168431931292457
2010-09-14,0.25554373448756945,0.9388558856750139,-0.004443771693271786,0.3511081426809255,0.21359681837420863,0.2139516206918958
2010-09-15,0.22700252206301835,0.9402112425200458,-0.004333483308531902,0.32403257548614617,0.1864109627946896,0.19448238955964078
2010-09-16,0.19624743538564307,0.9421771164550007,-0.00422605069661261,0.2953507953556451,0.15762175005226908,0.17238510454499906
2010-09-17,0.16353500064894191,0.9441794119872383,-0.004121395923358806,0.2647453109244353,0.12691161084780556,0.14763281833605035
2010-09-18,0.12471849115981724,0.9480152078826819,-0.004019443320902491,0.22986654993321065,0.09193089725412451,0.11626230374895326
2010-09-19,0.09556335882990494,0.9565354302670664,-0.003920119416711961,0.20933096389187322,0.07129598730859665,0.09083116511513913
2010-09-20,0.07071056007666572,0.9639745268362017,-0.003823352865048877,0.19201402825943248,0.05388228512449278,0.06834017516154689
2010-09-21,0.048467288301937396,0.9727892211456546,-0.0037290743807474693,0.17867972927845854,0.04045370765921741,0.04745848653454737
2010-09-22,0.061852134836886494,0.9784827263042808,-0.0036372166752238477,0.1978499386775574,0.05953205935279271,0.05945406344361032
2010-09-23,0.07364068087386028,0.9849176425765537,-0.003547714394645888,0.21616290326738197,0.07775552166203925,0.06956695653180968
2010-09-24,0.06344905175434097,0.9913439051404965,-0.0034605040601675035,0.21248474704628406,0.0739901551064629,0.06015308629015317
2010-09-25,0.04714546903589674,0.9968234891259585,-0.0033755240101708273,0.20174572836329818,0.06316615637348055,0.04515983800792991
2010-09-26,0.032600565021432354,0.9976316171282704,-0.0032927143444292373,0.18809176201688738,0.049429380361328046,0.03164390084709582
2010-09-27,0.021561666047608136,0.998114863657517,-0.0032120168701263068,0.17761680704661265,0.03887372791675048,0.02114559413644976
2010-09-28,0.01360366875226849,0.9984729000074102,-0.003133375049668985,0.17009548792162366,0.03127376697130402,0.01344134344394523
2010-09-29,0.008620831118009332,0.9982939404468639,-0.003056733950218188,0.165010331826269,0.026111969776498545,0.008561629406440695
2010-09-30,0.005284009559518073,0.9966563916800506,-0.0029820401948893365,0.1601106552562933,0.02113759945119409,0.005273776317414553
2010-10-01,0.003221587431647223,0.9948858221964582,-0.0029092419155530846,0.15635046192416624,0.017304607839730757,0.0032276961382819366
2010-10-02,0.0019300788199114454,0.9921363165487869,-0.002838288707181419,0.15238040087313087,0.013263593580323696,0.0019415995037188444
2010-10-03,0.0011732400134077399,0.9892912329849356,-0.0027691315836892807,0.14884763562626802,0.009661671209968747,0.0011845351806068286
2010-10-04,0.0006804770600090917,0.9864012064045048,-0.0027017229352092977,0.14553225474091847,0.006278881676139214,0.0006893827242551151
2010-10-05,0.00040899777840074715,0.9802743067697571,-0.0026360164867586335,0.1391995822730132,-0.00011949724021675934,0.00041705388121111094
2010-10-06,0.00024467694254511676,0.9730207494134674,-0.0025719672582435365,0.13184575330938297,-0.007537375432362103,0.00025139795981575936
2010-10-07,4.728981500628244e-05,0.965644149089681,-0.002509531525753783,0.12433420159054731,-0.015111362883687418,4.896990187664892e-05
2010-10-08,-5.848088360165433e-17,0.9582186543798665,-0.0024468764571520343,0.11692407213432832,-0.022584147408508226,-6.103083396920675e-17
2010-10-09,4.386066270124075e-17,0.950771731847511,-0.0023842621746747355,0.10953976388445019,-0.030031069940863686,4.613164362387177e-17
2010-10-10,3.411384876763169e-17,0.9433195420841746,-0.0023223578736791908,0.10214947842210931,-0.03748325970420008,3.61636192676136e-17
2010-10-11,0.05139485166912345,0.9358729777608334,-0.0022626571384644634,0.14615746650310646,0.006465027641582299,0.05205765865864236
2010-10-12,0.08944188294677065,0.9284399446537553,-0.002203733634315909,0.17683038817782393,0.03707902581215128,0.08787059609622255
2010-10-13,0.17072157717044528,0.9210264557625765,-0.0021469926024784702,0.2507533345421573,0.11094523114464716,0.15637452234449684
2010-10-14,0.5185820200834532,0.9136372337400445,-0.0020908651897816968,0.5912806828453299,0.45141645203512304,0.36208284360025905
2010-10-15,0.6453351975722013,0.9062760746987443,-0.0020359884842600833,0.7107275779982996,0.570808470482571,0.41591293457651
2010-10-16,0.5363671666052103,0.8989460830888883,-0.0019869147260409372,0.5944786291796715,0.4545104479057239,0.3736934545260581
2010-10-17,0.39206715206608195,0.8962337428632422,-0.0019351215652447054,0.44751806757569335,0.30749809314094956,0.30432886727722924
2010-10-18,0.26884443835866145,0.8952064528828015,-0.001888552304782909,0.3233146331482939,0.18324808945308824,0.23095591471257607
2010-10-19,0.17738697039325307,0.898964519447503,-0.0018401140466972423,0.23566367000567268,0.09554868805238137,0.16480394375586094
2010-10-20,0.11406344237975584,0.9076820975346461,-0.0017925879182338713,0.181105246207782,0.040942738126027334,0.11163586032321868
2010-10-21,0.07200174456762336,0.9172822989042742,-0.0017452897045474776,0.14869104797896393,0.008481241683522822,0.07278166977699636
2010-10-22,0.0448227639953821,0.9270802688066629,-0.0016990768320322425,0.13135625018162678,-0.008899768986329604,0.04611855553753735
2010-10-23,0.027602142856162012,0.9369808590206152,-0.001653161636020306,0.12408213445237082,-0.016219799911597388,0.02861562229736255
2010-10-24,0.01685035432055172,0.9423545177893603,-0.0016101001895412561,0.11874706613198471,-0.021597929678462635,0.017567002431385578
2010-10-25,0.010213582930462147,0.9461075411649903,-0.0015678362866073936,0.11590558202045897,-0.0244816776929222,0.01068007667416401
2010-10-26,0.00598521501055671,0.9451218696390861,-0.0015262584718322239,0.11073312038942451,-0.02969571713873187,0.006292892889933073
2010-10-27,0.0035470409276105934,0.9392106203006076,-0.001485552518409187,0.10242440292142296,-0.0380451405601564,0.003762410080008825
2010-10-28,0.0018365942652481258,0.9324411699177758,-0.0014462638085361301,0.09398379458610173,-0.04652503760535076,0.001965790405869425
2010-10-29,2.3644907503068118e-05,0.9254910453556613,-0.001407915197297105,0.08525906927748117,-0.05528811152521029,2.554784678387421e-05
2010-10-30,7.797451146887244e-17,0.9184496153578473,-0.001371478076119851,0.07823043149334152,-0.06235318643052723,8.489797389538012e-17
2010-10-31,0.01284871291728098,0.9113578762842907,-0.0013371316261308237,0.08402175178705473,-0.05659621258680303,0.013902425136766306
2010-11-01,0.0191482925073725,0.9042404982862319,-0.0013017284681082948,0.08323935653711001,-0.05741401099477028,0.0207369774230371
2010-11-02,0.0164787996369669,0.8971139220839226,-0.001264708171295962,0.0734803077612074,-0.06721008006748519,0.018037358710483814
2010-11-03,0.012236802456555635,0.8899898055203465,-0.0012308382967384974,0.062148063891777516,-0.07857619381147252,0.01356289245779915
2010-11-04,0.008466687427501318,0.8828767748870245,-0.0011969488165714526,0.051298807709568406,-0.08945933947384876,0.009498793434257222
2010-11-05,0.014184835568618022,0.87578141570588,-0.001166564942129337,0.049951980543982644,-0.09083655051387662,0.015938621884036927
2010-11-06,0.02067633601415392,0.8700840500630743,-0.0011331830158708236,0.050779497272971374,-0.09004241571114635,0.023212006660073115
2010-11-07,0.019665632166847986,0.8644958003766394,-0.001100857542682391,0.04421286921241896,-0.0966413692448872,0.02224212846547198
2010-11-08,0.01508406009091876,0.8589622482769554,-0.0010711538525610316,0.03412744872692708,-0.10675649342050042,0.017257735598798597
2010-11-09,0.01060762884275809,0.8534730134492773,-0.0010414987557075446,0.024191437747941746,-0.11672215949633924,0.012276202386180761
2010-11-10,0.007108857953687251,0.8480239944917789,-0.0010112648969076894,0.015273881760172303,-0.12566994934290854,0.00831316202313792
2010-11-11,0.004619701077552264,0.8435300652033331,-0.0009825828359890283,0.008319477656510199,-0.1326530355074893,0.005446798739106576
2010-11-12,0.0029385285754129522,0.8395866892826724,-0.0009558478058147024,0.002721664263884649,-0.13827758393028922,0.003487763348951671
2010-11-13,0.001839916792212271,0.8343487471265446,-0.0009332164266602956,-0.0035922582962895078,-0.14461413786961774,0.0022003608415230025
2010-11-14,0.001138178517632817,0.8290810301185342,-0.0009085922792399318,-0.009537089431458923,-0.1505835931522076,0.001370937344972476
2010-11-15,0.0006551526950499074,0.8238325991946908,-0.000884046376091759,-0.015244000274737157,-0.15631504989863398,0.0007946178624828394
2010-11-16,0.0003989301766560232,0.8186119068220656,-0.0008595347248369448,-0.020696403514501305,-0.16179196478965296,0.00048708778765114904
2010-11-17,0.00024129199501551188,0.8134223912353304,-0.000839231739160784,-0.02602325429720087,-0.16713911855802865,0.0002965500365673845
2010-11-18,0.0001451269466827909,0.8073490594785493,-0.0008194218612556277,-0.03217294122440961,-0.17330861536314257,0.00017972506690762234
2010-11-19,8.687111001788798e-05,0.8007965706844696,-0.000800092699739278,-0.03876435669363776,-0.17991935999388708,0.00010846910484656983
2010-11-20,0.012872357824783952,0.7942350934096581,-0.0007786602115107955,-0.032518914765454765,-0.1736953505539326,0.015948753545883067
2010-11-21,0.07482604848225605,0.7876930650146562,-0.000757959423606828,0.02291344828491937,-0.11828368829146241,0.08675291632540028
2010-11-22,0.09945473383558064,0.7811793988979736,-0.000736947060237821,0.04104947988493035,-0.10016866905482036,0.1129353611662379
2010-11-23,0.0922107428282654,0.7746989469488035,-0.0007196029742953154,0.027342381014387462,-0.11389311201130581,0.10636718439723285
2010-11-24,0.07854126404991695,0.7682547859121354,-0.0007026781899320822,0.007245665983734106,-0.13400675182632238,0.09275109874855537
2010-11-25,0.059676636403371286,0.7618490302934081,-0.000686162232137022,-0.0180082013237437,-0.15927713509159525,0.07264123182337236
2010-11-26,0.04162782170092652,0.7568583791935688,-0.00066822393381936,-0.041029728827710166,-0.18231660089387935,0.05213342654424512
2010-11-27,0.027741308614228088,0.7565749011125857,-0.0006525366157763557,-0.055184032677348616,-0.19648659206156083,0.03537005645196432
2010-11-28,0.017955179171468206,0.7566317965127377,-0.0006372273488912672,-0.06489795745307148,-0.20621582610416878,0.02318032672264866
2010-11-29,0.01138663479301451,0.757740973573528,-0.0006205612093867496,-0.07034065863123029,-0.21167519342183216,0.01480461066427873
2010-11-30,0.007112937436035622,0.7594493693696348,-0.0006031954789228651,-0.07288859446163853,-0.21424049498270425,0.009279007554748982
2010-12-01,0.008674814030444442,0.7612629911757655,-0.0005890714512427064,-0.06949897203341893,-0.21086499658216473,0.011266902302740018
2010-12-02,0.00906962369628117,0.7631390981996302,-0.0005883146165152989,-0.06722729850899001,-0.20859407989246326,0.011745041773179681
2010-12-03,0.011407270734740033,0.763684045292198,-0.0007669446749174653,-0.06452333443636549,-0.2057114857614366,0.01471732491238952
2010-12-04,0.011446120055626697,0.7595952061591791,-0.0012945280030953927,-0.06910090757667564,-0.20976147557356883,0.014845015003045246
2010-12-05,0.00886383814737847,0.7552320257182253,-0.0022376083357874923,-0.07698945025856974,-0.21670693792277085,0.011600426813640654
2010-12-06,0.0060970700845671315,0.749877138522206,-0.004024615541089506,-0.08689811272270231,-0.22482859318160142,0.008065182667810533
2010-12-07,0.00840130568166045,0.7444377728751828,-0.007212006798913271,-0.09322063403045622,-0.22796372323153147,0.011159497322808154
2010-12-08,0.009045085253352857,0.738973551805213,-0.011618676179111526,-0.10244774490893171,-0.23278416472980878,0.012092058680410493
2010-12-09,0.00717998719377937,0.7339635971103643,-0.016508053157009074,-0.11421217464125155,-0.23965921748423102,0.009687714156657819
2010-12-10,0.0051393468117356894,0.7289887129343032,-0.021694740515621765,-0.126414386557969,-0.24667474204233575,0.007000613508103168
2010-12-11,0.003480185613838651,0.7240372713227762,-0.027366143567356616,-0.1386963924191278,-0.2532853448517598,0.004783645506587292
2010-12-12,0.00227711773591976,0.7191101755085986,-0.033804118050171146,-0.15126453059403888,-0.2594155085438563,0.0031565814330859277
2010-12-13,0.0014554690933040926,0.7146675116111736,-0.04093201880154457,-0.16365674388545304,-0.264679821083897,0.0020324289717281404
2010-12-14,0.15509916677510485,0.7098214796682836,-0.04848705656014366,-0.022414115905141307,-0.11588215534498625,0.17932184578190266
2010-12-15,0.23034687221070715,0.7049851627192131,-0.05595279063912538,0.04053153850240876,-0.045470766858454414,0.24627283532309027
2010-12-16,0.21092863532441797,0.6997161411766754,-0.06261327799718583,0.009183792715521388,-0.07015802528728132,0.23162559185246118
2010-12-17,0.234720239398969,0.6944485402911904,-0.06814456062783009,0.02217651327394332,-0.051634022098215215,0.252613136094864
2010-12-18,0.27170749042378795,0.6892031697174285,-0.07226288805710482,0.04980006629572553,-0.019892141647158246,0.2827604081152118
2010-12-19,0.2998889476999131,0.6839853837472312,-0.07490341660748098,0.07012320905127722,0.003071529658769667,0.30480411787836514
2010-12-20,0.26619518834570016,0.6829235085414934,-0.07624224200944536,0.034028749089362154,-0.03168410490118101,0.2804656458867952
2010-12-21,0.19871769860796956,0.6821403722453214,-0.0767411710689634,-0.034730806004058534,-0.09994473093508371,0.22559559273319807
2010-12-22,0.13768804372045665,0.6828391592313747,-0.0770959820000759,-0.09541648483663068,-0.1602755988365433,0.16780436190918044
2010-12-23,0.09142174309494752,0.6882724005467643,-0.07794999856660652,-0.13710356071328078,-0.2011086581466628,0.11725334073684925
2010-12-24,0.059031994002781876,0.698637973687796,-0.07982644479262885,-0.16100418289043694,-0.22313283409779672,0.07791254308616036
2010-12-25,0.03737428117213398,0.7139935022120943,-0.08307058077576762,-0.17055050317992548,-0.22943501840414637,0.04974166047391179
2010-12-26,0.023317962956160555,0.7297795060784652,-0.08777427028935522,-0.17352450704311562,-0.22770533275374893,0.03096274242702102
2010-12-27,0.014384007054984781,0.741146047309342,-0.09378410829205683,-0.1771017597161162,-0.2252727474240479,0.01903829896890987
2010-12-28,0.008793056697201956,0.7523194713065138,-0.10087194789524696,-0.17860712567991732,-0.21969027378465888,0.011552899701000624
2010-12-29,0.0048291799443618815,0.7620703596292216,-0.10884996724075391,-0.1807981334555565,-0.21390326221479117,0.006297017660288379
2010-12-30,0.0029175303846649234,0.7671210067970953,-0.11760275755102842,-0.18641192615765434,-0.21076426460661446,0.0037888108760669318
2010-12-31,0.0017108306967627378,0.7672548015077372,-0.1267301218036226,-0.19661219538750885,-0.21183716958387477,0.002224846761822194
2011-01-01,0.0007982957251893616,0.7623998681690678,-0.13570562152748494,-0.21135516342161376,-0.21760463789411744,0.0010459874813063192
2011-01-02,0.0003073837975403839,0.7571045530742574,-0.14426716507036325,-0.22570293398695163,-0.2233908649165769,0.0004058343717289641
2011-01-03,-4.5688190313792446e-17,0.7516259889104129,-0.15223392995684065,-0.2394556468348139,-0.22917681287796177,-6.07858043599901e-17
2011-01-04,6.3963466439309424e-18,0.7460405246914259,-0.15953097251578752,-0.2523381536127477,-0.23476227709694875,8.573725464278998e-18
2011-01-05,-1.1574341546160753e-17,0.7403888797858805,-0.16654171146114677,-0.2650005374636524,-0.24041392200249412,-1.5632786853184555e-17
2011-01-06,9.259473236928602e-17,0.7346964799376704,-0.17362568170043535,-0.2777769075511509,-0.24610632185070414,1.2603127263811238e-16
2011-01-07,1.949362786721811e-17,0.7289806153923926,-0.1807109795766742,-0.29057806997266766,-0.2518221863959821,2.6740941330415437e-17
2011-01-08,1.4620220900413582e-17,0.7232537083462354,-0.18743770884253858,-0.30303170628468923,-0.2575490934421393,2.021451218527953e-17
2011-01-09,-4.629736618464301e-17,0.7175250361001588,-0.1938534062660458,-0.315176075954273,-0.2632777656882158,-6.452369444315863e-17
2011-01-10,1.9493627867218111e-16,0.7118017300367382,-0.20029506417681942,-0.3273410399284671,-0.26900107175163623,2.738631706642801e-16
2011-01-11,1.145250637199064e-16,0.7060893954084742,-0.20648588618123268,-0.33924419656114446,-0.2747134063799004,1.6219626645667634e-16
2011-01-12,7.797451146887244e-17,0.7003925161602189,-0.21187862750159492,-0.35033381712976197,-0.2804102856281556,1.1132973249964782e-16
2011-01-13,1.181801189450098e-16,0.6947147302914635,-0.21642937200415938,-0.36056234750108185,-0.28608807149691107,1.7011316126178584e-16
2011-01-14,1.3645539507052677e-16,0.6890590234363442,-0.22055205472931827,-0.37034073708136006,-0.29174377835203036,1.9803150445664633e-16
2011-01-15,6.396346643930942e-17,0.6834278687313703,-0.22445255408629072,-0.3798723911433064,-0.29737493305700424,9.359212488370304e-17
2011-01-16,8.284791843567696e-17,0.6778233302464071,-0.22818442906115627,-0.38920880460313517,-0.30297947154196747,1.2222641909590143e-16
2011-01-17,4.751571792634415e-17,0.6722471410109045,-0.2321850034097587,-0.3987855681872402,-0.3085556607774701,7.06819189366748e-17
2011-01-18,-2.436703483402264e-18,0.6667007629050674,-0.23701820743708035,-0.409165150320399,-0.31410203888330723,-3.6548682992121156e-18
2011-01-19,7.431945624376905e-17,0.661185433337026,-0.24270033441803376,-0.42036260686939375,-0.3196173684513486,1.1240334783039026e-16
2011-01-20,2.436703483402264e-17,0.6557022021166586,-0.24856203792007214,-0.4317075415917996,-0.325100599671716,3.716174012434901e-17
2011-01-21,0.042829043057602816,0.6502519609390452,-0.2541998568115681,-0.3999665586033061,-0.2877217977917266,0.061795147768629294
2011-01-22,0.30795318711957764,0.644835467216424,-0.2592586301295684,-0.1453176815819528,-0.02801414745237296,0.32321248339611075
2011-01-23,1.1425577174367865,0.6394533635323187,-0.2626480987523657,0.6805152764283535,0.8012082791807306,0.6411619600117374
2011-01-24,1.4925343394868449,0.6341061936648974,-0.2637117037730786,1.0240811235902776,1.1458377313633679,0.701827279326265
2011-01-25,1.278385949349759,0.6287944158927515,-0.2624951853165696,0.8058374741375547,0.9263775634541357,0.6703015470627519
2011-01-26,0.9458380876713199,0.6235184141274059,-0.25958588835932717,0.47092290765101263,0.5885537000103512,0.6026916679462205
2011-01-27,0.6529163266318299,0.6228624189310589,-0.2559931762527906,0.18093786352171182,0.29497594377451397,0.5117786519822882
2011-01-28,0.43263656252118304,0.6271006762694857,-0.25280330489090486,-0.03191377188862221,0.07893443700229408,0.4082489004679039
2011-01-29,0.5102914066316202,0.6363149389427322,-0.2506937996493773,0.05706484013658908,0.16580354378597784,0.44504498741109577
2011-01-30,0.5211766037390491,0.6505432786546298,-0.24936031586670065,0.08351186073859229,0.19091708060530432,0.4447962448792365
2011-01-31,0.40668049499300707,0.665218685827032,-0.24824854833677523,-0.01519707330512221,0.09109637903166445,0.3794018152732263
2011-02-01,0.28812820718456444,0.680071478955223,-0.24766227075356922,-0.11831029040216778,-0.012603115648587182,0.2975917171935179
2011-02-02,0.1938745715190813,0.6950160613068188,-0.24790789026458576,-0.1978649632270717,-0.09191216896247456,0.21810846504561374
2011-02-03,0.12630351169985576,0.7054206286441256,-0.24897518670400934,-0.25609875214841404,-0.1490786614443933,0.1518574555833135
2011-02-04,0.08047390577250903,0.7155639370364146,-0.2508513777784011,-0.2936612407578636,-0.184764958979451,0.10109306548611599
2011-02-05,0.050306527893312525,0.7210325237536054,-0.2534015895626186,-0.32091024370408683,-0.2094637501414568,0.06521973415698451
2011-02-06,0.030348781834259153,0.721579707860888,-0.2561490312916017,-0.34306824738484065,-0.2288743120932275,0.040361260745105425
2011-02-07,0.016247284005341263,0.7217164224705223,-0.25867318165533615,-0.3595571809678587,-0.24283909531251113,0.02201637270609142
2011-02-08,0.009730995116194916,0.7216813879329624,-0.26112319823840224,-0.368558520977631,-0.2493904187392173,0.013304389345484882
2011-02-09,0.005905617211614152,0.7215397071989988,-0.2638846441361989,-0.3752870255139719,-0.2533574773777616,0.00811829702307726
2011-02-10,0.0035620752596094217,0.721324447089387,-0.26703301508052124,-0.3809941985199109,-0.2559162794393782,0.004913976394631409
2011-02-11,0.006420294236391849,0.7164715677381892,-0.27013709878022435,-0.3860929425940293,-0.25791093981379354,0.008881403393938891
2011-02-12,0.007659589174292041,0.7113040812215669,-0.2723945410173598,-0.39227857640988706,-0.2618391313925158,0.010653652597042488
2011-02-13,0.005492933212322263,0.7060235715938916,-0.273227271068191,-0.4005584720503632,-0.2692862969821608,0.007720036253857947
2011-02-14,0.0040789341521850426,0.7006803368258521,-0.273029535506,-0.40711797031634894,-0.2760435308103375,0.005787698466916878
2011-02-15,0.002822229142500293,0.695300518491353,-0.2726019904557617,-0.4133269486102945,-0.28268005415452135,0.004042597311240282
2011-02-16,0.0018730089856990749,0.6899005467517045,-0.2723735039803462,-0.41944765403132866,-0.289029246050971,0.002707546378673756
2011-02-17,0.0012093011233818077,0.684950182810566,-0.272358849355479,-0.4250470712099173,-0.2946433178544269,0.0017624198917262498
2011-02-18,0.0007656671910263885,0.6800267747350741,-0.27226035758911094,-0.43031562145139646,-0.3000103598622741,0.0011246705219878177
2011-02-19,0.00047775285807532083,0.675117440504678,-0.27184446762436054,-0.4350969800499933,-0.30520760842562134,0.0007071584622994746
2011-02-20,0.00029474546852408006,0.6702228067173095,-0.2712367444464634,-0.43956689804901594,-0.3102852496025411,0.0004395790498894972
2011-02-21,0.00874601222478348,0.6653447567343589,-0.270718486623739,-0.43547542345298274,-0.3067120328292323,0.012974531958489983
2011-02-22,0.012874891619944793,0.6604852861264727,-0.27007203630498355,-0.4355595643469521,-0.3074426240419571,0.01912036387871066
2011-02-23,0.019617639392824404,0.655646241843356,-0.26889487727621175,-0.4324787018284174,-0.3055389205521942,0.029051812095904083
2011-02-24,0.02524588224339057,0.6503708722693109,-0.26710339088297125,-0.4303343421586559,-0.3051860472756732,0.0373671642610455
2011-02-25,0.023036733786272676,0.6450895484561584,-0.26439500465019844,-0.4351164281961534,-0.31267651954594355,0.03447961021523435
2011-02-26,0.01739681948809091,0.6398255136697839,-0.26069653789087455,-0.4423219105213858,-0.32358046863049983,0.026470219605139206
2011-02-27,0.012141994683949584,0.6355006394561119,-0.25655813797348137,-0.44776320962180594,-0.33316016764831313,0.01874798545353905
2011-02-28,0.008099581495951483,0.6312558405072931,-0.25269802700908583,-0.45219031079422733,-0.34144737978513007,0.01266835506074801
2011-03-01,0.005247116948613225,0.6279713961558058,-0.24943395173239205,-0.4550631444163591,-0.34758428868395563,0.008286423785825043
2011-03-02,0.003330126442482438,0.6252364654592205,-0.24693554317934488,-0.457216657066028,-0.3522362098866717,0.005297969197515373
2011-03-03,0.0020815801337027836,0.6225784245221501,-0.24532875841171178,-0.459516459544245,-0.35614279713252184,0.003332340982595163
2011-03-04,0.0012859703585165058,0.6199624534085069,-0.2446114147037562,-0.4622106967251189,-0.35955437802135126,0.0020699776600137695
2011-03-05,0.09072807182933457,0.6173843952943284,-0.24465686412786192,-0.37539210279258506,-0.2726903346647117,0.1281266409527712
2011-03-06,0.25443746087957436,0.6139222937137457,-0.24479092478172465,-0.21527887597679052,-0.11244304719505449,0.2930092735570585
2011-03-07,0.2943575760042652,0.610434271672464,-0.24409239805534177,-0.1781482561669987,-0.07601095411164549,0.3253318172130962
2011-03-08,0.2396048740875948,0.6060403736694735,-0.24220942474436935,-0.23541188277568714,-0.13515755403130636,0.2833397038806833
2011-03-09,0.17356383936371134,0.6011495216267351,-0.23951694559430253,-0.30365129039224215,-0.20608944079792824,0.22403620242435923
2011-03-10,0.1183792495971963,0.5962359567075592,-0.2367406870283804,-0.36097318651201094,-0.26618759548361914,0.16565453485006332
2011-03-11,0.07783957519059254,0.5959189704307564,-0.23437784980897725,-0.3994670099760145,-0.3070442561670258,0.11553037166869308
2011-03-12,0.0499394424662441,0.6004755128408972,-0.23263097299751725,-0.4210637234787621,-0.3303878464812334,0.0767808951174278
2011-03-13,0.0314714913683224,0.6054089697385658,-0.23155208832224117,-0.433519333003739,-0.3439223406814864,0.04941506811753251
2011-03-14,0.01956673486511481,0.6104871078169952,-0.2309877254531464,-0.4397815885594224,-0.3507489591062646,0.031055655151344088
2011-03-15,0.01203714899719303,0.6156467941835813,-0.23069760805646555,-0.4418613706640774,-0.3531188586076004,0.019177086060533984
2011-03-16,0.007342330086987954,0.6208576915444542,-0.23068995909904025,-0.4413376432559841,-0.35260278015693247,0.011687885759570407
2011-03-17,0.00444742337735166,0.6260983160907589,-0.23113457832145445,-0.4394365446417299,-0.350257062320264,0.007053292249826684
2011-03-18,0.0026782091817097284,0.6267714214892034,-0.23197913588622943,-0.4413772110037024,-0.35135317111746156,0.004254842724834232
2011-03-19,0.0016048193178928552,0.6225940106749611,-0.23300295737599544,-0.44765183317152757,-0.3566039717955207,0.0025710066100431937
2011-03-20,0.0006620574100871452,0.6180606467383615,-0.233974766179253,-0.4540997678191904,-0.362080097639926,0.0010700389781208017
2011-03-21,0.10707260764400714,0.6134018120845638,-0.2347309608897871,-0.3531042469496022,-0.2603283820598037,0.14861403085531516
2011-03-22,0.3822801281276384,0.6086778261823151,-0.23503685764789856,-0.08292660912633099,0.010155152521578947,0.385768262381865
2011-03-23,0.48635868432555335,0.6039187831105208,-0.23433463307519792,0.017095128572490292,0.10947466564769959,0.4460870731092769
2011-03-24,0.4131369375218836,0.599142615621847,-0.23234979803333736,-0.05891795067799288,0.03147675135535588,0.40812534071131584
2011-03-25,0.30463203732542815,0.5943610950637094,-0.22939640790750926,-0.16925098130675775,-0.08180966939923706,0.33885913735052353
2011-03-26,0.23559430249580213,0.5895824447154594,-0.22607421305686626,-0.23974517163399078,-0.1556260545771131,0.2855076846166696
2011-03-27,0.19862901845444667,0.5893965772663821,-0.2225096856170386,-0.273331795684596,-0.1927772060675459,0.2520590949495177
2011-03-28,0.15867169855962326,0.5940819996642037,-0.2184940368441213,-0.30458804440868037,-0.22804910356454766,0.21078833479532524
2011-03-29,0.11491675502263143,0.6009733998155293,-0.21395117261755142,-0.3369087235677768,-0.2649126469502139,0.16052288782852495
2011-03-30,0.07809543292537612,0.608113478111153,-0.2092368983507871,-0.361875693102644,-0.2945938907518455,0.11380708071454765
2011-03-31,0.051170999906004835,0.615362689605046,-0.20503280099952217,-0.37734681727685737,-0.3142691122773238,0.07677181320503447
2011-04-01,0.03272673261746587,0.6254220109817026,-0.20170847873092104,-0.3824074409201387,-0.3226540581892062,0.04972543507185877
2011-04-02,0.020570331766524678,0.6379695508076509,-0.19925401836040116,-0.3795618415746116,-0.32226291921419903,0.031236273323518426
2011-04-03,0.012761286275335163,0.6465912965553259,-0.1974047445677282,-0.37689986752545324,-0.32145021895771364,0.019354267515795255
2011-04-04,0.007836111747371114,0.6504454758192056,-0.19576295195168308,-0.37632907017349243,-0.3225212142217979,0.011903890212603876
2011-04-05,0.042966701002323804,0.6521396387577808,-0.19414497280149456,-0.33788633882977603,-0.28569646202827004,0.06181313353745628
2011-04-06,0.05939140037714749,0.6536001774454064,-0.19247675589394625,-0.3183328838597783,-0.2678112239658207,0.08329888069439237
2011-04-07,0.10195405674172602,0.6549540421686324,-0.19054771376369317,-0.2724873206417209,-0.22389470287801627,0.1346980655755945
2011-04-08,0.11398025023422013,0.6534886388472368,-0.18827781855215378,-0.2596566352590829,-0.2133339127069177,0.14851448945459808
2011-04-09,0.09172100110710747,0.6495172947253383,-0.18561044285814604,-0.28321985281408635,-0.23956450595592893,0.12374023525605951
2011-04-10,0.06596209653004147,0.6448588469822581,-0.18270506519283458,-0.31073182746892103,-0.269981858276075,0.09279706391895316
2011-04-11,0.04477410472794381,0.6442055709213383,-0.17986603002668589,-0.32973406016578977,-0.29182312613909245,0.06498610381467275
2011-04-12,0.02936711254762739,0.6437362036332616,-0.1773227640536458,-0.34306715366114293,-0.3076994856074857,0.04362942781838161
2011-04-13,0.01881138920325951,0.6478916988265935,-0.17515864193214506,-0.3473032596906781,-0.31409971375852164,0.0282155423321171
2011-04-14,0.011840715509033373,0.6523289499370689,-0.1734648377975196,-0.34814287813980344,-0.3166331363422724,0.017827847498997608
2011-04-15,0.007354866816270165,0.6568534450281721,-0.17221099560435676,-0.34685038954830055,-0.31659448994393236,0.011073132758375773
2011-04-16,0.017369928074838243,0.6614182600149299,-0.17123028229021164,-0.33128979998882957,-0.3020146136986065,0.025589614521313843
2011-04-17,0.021904415076461816,0.6660055374710631,-0.17020463679412617,-0.32114239003498746,-0.2928928492408498,0.031841980182643934
2011-04-18,0.09952257248187613,0.666467179619646,-0.1687693254286149,-0.24162727911547888,-0.21481304968685255,0.12992676756945135
2011-04-19,0.1345136981173555,0.6666783531975862,-0.1667843015966466,-0.20443995607009102,-0.179610750473433,0.16789195286771427
2011-04-20,0.11330739400176457,0.6622224631032712,-0.1642924080828854,-0.2276102567662357,-0.2052729446833389,0.14610320023619477
2011-04-21,0.08340251473865291,0.6574503147446267,-0.16164603281796575,-0.25964090912307225,-0.23994997230509507,0.11257635986464871
2011-04-22,0.05725025707765307,0.6539335551610914,-0.15927264953023537,-0.2869365430798769,-0.26961898954963015,0.08049994402633302
2011-04-23,0.03788417230136263,0.6504364349812736,-0.1572745924037808,-0.3078016909095307,-0.2924821945057384,0.05503855601668299
2011-04-24,0.024409979918479454,0.6515130055532024,-0.15553743992210906,-0.31846216023881335,-0.3048798163166928,0.03611355205126712
2011-04-25,0.08395838192723859,0.6528618620024638,-0.15401716035320728,-0.25604462221189106,-0.2439825578586723,0.11394689901496353
2011-04-26,0.4372428690869883,0.6542899165907156,-0.15253494829244318,0.10015013159687447,0.11072998388932909,0.4005769453965744
2011-04-27,0.7330898170050075,0.6557576762523353,-0.15074103789834373,0.3992587495706128,0.40804469146896805,0.5278404004500526
2011-04-28,0.7204100466876568,0.6572415724381849,-0.14844770587761005,0.39035620745984567,0.39684881733746724,0.5229261423470594
2011-04-29,0.5614796678960747,0.6573684651785601,-0.14566671450655883,0.23433371277968984,0.23804533128626015,0.46066417354203154
2011-04-30,0.3981163787912443,0.6574205679261496,-0.1425805379882889,0.0741087029407188,0.0747341449290192,0.37716953445290885
2011-05-01,0.2681287287746643,0.6574504364551729,-0.13950146453250112,-0.05277000509105001,-0.05522363655853746,0.2896875155007226
2011-05-02,0.25623254811311014,0.6620522835432122,-0.13669817038971604,-0.057261044521779825,-0.06251797013205229,0.2790338457959064
2011-05-03,0.31389030269746027,0.6715026462102545,-0.13413951744840352,0.012405725670925127,0.004590147119340027,0.31854328067336024
2011-05-04,0.2954367149579267,0.6817615753702428,-0.13158068928810732,0.00676989525167615,-0.0036045114602051287,0.3023303641461664
2011-05-05,0.225114163427413,0.692169204294753,-0.12884271756462956,-0.05040705563084957,-0.06351943406620864,0.24541398149017496
2011-05-06,0.1962021181909319,0.7026364673545992,-0.12588526781379855,-0.0658943880566536,-0.08196421624284356,0.21828404047858177
2011-05-07,0.2141983682885084,0.7131259048241002,-0.12273975196937609,-0.034263184645153544,-0.05347852867576608,0.2309854001443759
2011-05-08,0.1943573345935699,0.7236149472907915,-0.11946614874646434,-0.04034157265048899,-0.06283051990401323,0.2117246222234556
2011-05-09,0.1460205809536638,0.734082567905715,-0.11611380719737055,-0.07485836412637781,-0.10069965292899585,0.16591303092473617
2011-05-10,0.10126015698897649,0.7399416716441582,-0.11273145371068101,-0.11037733086593238,-0.1396009731552399,0.12037557877580186
2011-05-11,0.06629209675180928,0.7450338857141782,-0.10935814611684111,-0.1368798694392398,-0.16947681932238723,0.08170833695023244
2011-05-12,0.04240749540027955,0.7541018863224712,-0.10602659400611676,-0.14836491807175212,-0.18429342006562388,0.05324167721484637
2011-05-13,0.026904389204047977,0.7679085695286219,-0.10276578340513555,-0.14680053046085173,-0.18598984305570476,0.03384996294844897
2011-05-14,0.016819007143759068,0.7819923142195562,-0.09958589336777457,-0.13962227779284542,-0.18199148042505942,0.021055043530247425
2011-05-15,0.010391110895372204,0.791547160494954,-0.09649738675648342,-0.13340682115454328,-0.1788645303980484,0.012957494692648923
2011-05-16,0.006360075989435508,0.7962510239216022,-0.09349716905655808,-0.12973377493390648,-0.1781917018773369,0.007924231287282802
2011-05-17,0.003595966136982636,0.8005724365587386,-0.0905795631718384,-0.12525886626450333,-0.17663439909265344,0.004471658081725535
2011-05-18,0.014754751507574472,0.8047305463980119,-0.08774811626307194,-0.10711052414587163,-0.16131750388278832,0.018004900814308913
2011-05-19,0.020296096442390988,0.804653216495564,-0.08500850185466369,-0.09890689470509484,-0.15585348885041972,0.024602840591634596
2011-05-20,0.017166579344635197,0.799661002480936,-0.0823535976851919,-0.10437372164800685,-0.1639752199628035,0.02101616023576077
2011-05-21,0.012520541346592981,0.7942518103744148,-0.07978529953273794,-0.11186065360011621,-0.17403045006736684,0.015519298994176173
2011-05-22,0.008466687427501344,0.7886686310607475,-0.0773115116379355,-0.11902389893807275,-0.18366748330012583,0.010621392919282824
2011-05-23,0.0056190269570974795,0.7829789106575018,-0.07492891307448164,-0.12517868124826848,-0.19220486417377536,0.007125338133769746
2011-05-24,0.003627903370145365,0.7785950293739374,-0.07263345108577372,-0.12925822413007693,-0.1985798690442918,0.004637940436517851
2011-05-25,0.010862810184599872,0.7742476648601896,-0.0704194987977668,-0.12415672954136336,-0.19569232674358517,0.013836027578131809
2011-05-26,0.21549528928320766,0.7698955233918375,-0.06827697325629918,0.07826613363035995,0.0045880108866706015,0.21869017501614568
2011-05-27,0.31186001877905156,0.7655375963804518,-0.06619979390770564,0.1723501154634115,0.09659481337112863,0.28945675616042854
2011-05-28,0.2668663401233052,0.7611767759083309,-0.0641875153426342,0.1250078949006158,0.04724031424326147,0.2595867196246007
2011-05-29,0.19768245328279355,0.7568165486308628,-0.06224587669201348,0.05340541943325672,-0.026303799874718314,0.20710598218171405
2011-05-30,0.13658868073889593,0.7524602448848975,-0.06037200732018292,-0.010170787484775512,-0.0917538761645812,0.15363460525309075
2011-05-31,0.09056876845965765,0.7476524641016635,-0.05856263592879422,-0.059189109155859065,-0.14258156922705345,0.10804876438516126
2011-06-01,0.05843942190350505,0.7474107394167826,-0.0568147833895609,-0.08981232785765936,-0.174952640468087,0.0725189678038398
2011-06-02,0.036941863694392375,0.7474466809585276,-0.05512571826257334,-0.1095848793980394,-0.19641425713545468,0.04709638347757691
2011-06-03,0.023043875266590293,0.7475742064869769,-0.053492920693209545,-0.12172254472802846,-0.21018472003480748,0.029903107404582546
2011-06-04,0.014213444247155163,0.7477535321113489,-0.051914052994851204,-0.1287947824247332,-0.21883582542987057,0.018653622385424434
2011-06-05,0.008688296386747908,0.7479663018911165,-0.05038693558091095,-0.13258004309143256,-0.22414820351051024,0.011482513165878266
2011-06-06,0.005272002953056996,0.748202110680081,-0.04890952718764106,-0.13428311934288917,-0.22732868815523666,0.006996926447328358
2011-06-07,0.0031794873530167364,0.7475376011872777,-0.047479908547019,-0.13561052579511057,-0.23008571324808014,0.004235267055394968
2011-06-08,0.0019076106805559726,0.7422463995245664,-0.046096268840340855,-0.14078996442360459,-0.23664879158325225,0.0025634622059352327
2011-06-09,0.0011113106526462193,0.736673768241562,-0.044756894398396335,-0.14581952129257414,-0.24301772289416634,0.0015062796530282922
2011-06-10,0.05996066028064393,0.731018563222783,-0.04346015922113708,-0.09132864150609621,-0.18982357828494767,0.07580560714991288
2011-06-11,0.08935869836773805,0.7253269033916985,-0.04220451697468267,-0.06636662100363222,-0.16611720002893815,0.10968488724331749
2011-06-12,0.07690106497251167,0.7196152224991649,-0.04098849419111107,-0.08331991250782056,-0.18428651431669807,0.09654675765214181
2011-06-13,0.061387982436352594,0.7139026214805414,-0.03981068445028858,-0.10336778632178067,-0.20551219787148067,0.07918060934340045
2011-06-14,0.04589397216412991,0.7081977754912635,-0.038669743366046894,-0.12342570149903953,-0.2267110541329812,0.06085993157573001
2011-06-15,0.03171505901211001,0.7025067979725144,-0.03756438423336374,-0.1421902330371254,-0.24658094480375026,0.043195471110544954
2011-06-16,0.021009149879529912,0.7014181165691326,-0.03649337422080027,-0.1529138135605238,-0.25837553533971214,0.02908133573474815
2011-06-17,0.013541569816870375,0.7006252557827164,-0.03545553101451771,-0.160136411203317,-0.26663597618878787,0.018961353750226912
2011-06-18,0.038541879139076286,0.6999378932094413,-0.03444971983797415,-0.13481765327784268,-0.24232302943985706,0.05219083931913962
2011-06-19,0.05001508686658733,0.6997794085494589,-0.033474850785672555,-0.12252806115801251,-0.2310083063723285,0.06670506008294305
2011-06-20,0.04173905026296257,0.6996935163485328,-0.03252987642083671,-0.12994501559772742,-0.23937023517687928,0.056295140168604825
2011-06-21,0.03484428217288376,0.6996498524631192,-0.03161378959615596,-0.1359673607485392,-0.24630866715237176,0.047439837201901855
2011-06-22,0.027356614628383215,0.6996334028818908,-0.030725621464224424,-0.14258330974233646,-0.2538127842781006,0.03762997285997342
2011-06-23,0.03218705077292365,0.6950567894910854,-0.02986443965035599,-0.14146830517473308,-0.25355896152436563,0.04425895276230719
2011-06-24,0.03641563081573037,0.6934327006836603,-0.029029346565322835,-0.13802872085431828,-0.250954470288984,0.04989479216992739
2011-06-25,0.03539233194819607,0.6919296257847083,-0.02821947783955192,-0.1397452258950337,-0.25348084405547033,0.04866116246306599
2011-06-26,0.02936936012524042,0.689999017614799,-0.027434000863506558,-0.14691332891185327,-0.2614344240483353,0.0408265932087631
2011-06-27,0.021334719102561826,0.6885199662577134,-0.026672113421591998,-0.15566513384970293,-0.27094811642809946,0.030055051466954447
2011-06-28,0.027395995652930463,0.6870768520437128,-0.025933042409041464,-0.15030790050078424,-0.2663299540917313,0.03834434820196621
2011-06-29,0.20859671067760036,0.6870316853937292,-0.025216042622967394,0.03156464765997602,-0.08517440571704515,0.2329054232677403
2011-06-30,0.29069070238748107,0.6875430520978578,-0.02452039562015671,0.11486565307679608,-0.002569047303035754,0.2971587323118053
2011-07-01,0.24680549694106946,0.6853715300230285,-0.023845408635350673,0.06948391254036124,-0.04862577482427666,0.2647624751543839
2011-07-02,0.18218445590817042,0.6830739357732588,-0.023190413554676638,0.0032202723383665255,-0.11554441010694538,0.21055497139315474
2011-07-03,0.12553172446516214,0.6807496813933264,-0.02255476593967561,-0.055121065869573216,-0.17452139592988614,0.155692198223897
2011-07-04,0.0874198052971572,0.6793289407877113,-0.02193784409800026,-0.0940368038015178,-0.2140540557035061,0.11401362668479804
2011-07-05,0.2270147857213293,0.68254754755176,-0.0213390481973739,0.049375579287329274,-0.07124046851528543,0.24958683689594896
2011-07-06,0.2883060879288906,0.6846871530261717,-0.020757799419838796,0.11338773574683747,-0.007809560833312301,0.2963084179761594
2011-07-07,0.23942966625167117,0.6863840238068861,-0.020193539153678514,0.06677244511649272,-0.05498911172981735,0.25861538754792807
2011-07-08,0.18344961640955523,0.6876225186821896,-0.019645728220682,0.01257870108267678,-0.10973066669662979,0.2106020948428497
2011-07-09,0.13262576039109675,0.6888436394038395,-0.019113846136692404,-0.03649215213014223,-0.15933340199343837,0.16144942273468027
2011-07-10,0.09431657319728616,0.6905230348116844,-0.018597390403561564,-0.07260548818297707,-0.19596319377940408,0.12017305476790889
2011-07-11,0.06535829034114088,0.6954451737606747,-0.018095875830828296,-0.09614011751739882,-0.2199993376865591,0.08590693053468303
2011-07-12,0.04320951391842922,0.6959842413404884,-0.017608833885583708,-0.11726278441505222,-0.24160904652945703,0.058454922827769575
2011-07-13,0.027745145172177306,0.696309716518251,-0.01713581206910425,-0.13192865616706206,-0.2567479400979463,0.038319120055905126
2011-07-14,0.016916108274964054,0.6974973309547667,-0.016676373318958437,-0.14111063987761374,-0.26638936255864387,0.023678317548453082
2011-07-15,0.010541647566700325,0.6987083844138984,-0.016230095435375104,-0.14582776924316254,-0.271552769807776,0.014863090717475906
2011-07-16,0.006495939182357547,0.7003712630293897,-0.01579657053075282,-0.1477770741073916,-0.2739355995766274,0.009189758927889315
2011-07-17,0.00825025363856425,0.7015981263071581,-0.01537540450125735,-0.14437473034392112,-0.2709544218426523,0.01162255753713926
2011-07-18,0.008788239666684471,0.698216392042367,-0.014966216519523243,-0.14680929059885783,-0.27379817007932317,0.012430243413597653
2011-07-19,0.006928556636860721,0.6945509690321097,-0.014568638547526463,-0.1519368186669421,-0.2793232761194042,0.009877061814816703
2011-07-20,0.0043910664787668524,0.690796231288772,-0.014182314868762933,-0.1578427228896102,-0.2856155040208358,0.006316379043270674
2011-07-21,0.01585946793150126,0.6860796420407388,-0.013806901638882022,-0.150715497455028,-0.2788636918161346,0.022593794399244204
2011-07-22,0.1581874934490664,0.6812880522279174,-0.013442066454015087,-0.01281422656541742,-0.14132725611139085,0.18843609473042866
2011-07-23,0.24339065699613435,0.6764719550994437,-0.013087487936027884,0.06792741837116412,-0.060940189692796576,0.2645945750981832
2011-07-24,0.22071379819501818,0.6716436729950075,-0.012742855334000944,0.04076691006763866,-0.08844533059834891,0.2473378722326152
2011-07-25,0.19263242505167497,0.6668156555804431,-0.012407868141251091,0.00819250670248095,-0.12135472115625656,0.22413503432341736
2011-07-26,0.15491636076130547,0.6619941490134483,-0.012082235727255067,-0.034019431740887396,-0.16389229201362088,0.18963688054891162
2011-07-27,0.12366185242949677,0.6585587058897266,-0.011765676983853529,-0.0683928244530162,-0.1985822434691512,0.15809077262711177
2011-07-28,0.09409094315197133,0.659804614749236,-0.011457919985147835,-0.09641006787232653,-0.22690724388716732,0.12480633711904864
2011-07-29,0.06545925315260898,0.6636591070793308,-0.011158701660525256,-0.12088804721697155,-0.2516844415564349,0.08977863776710511
2011-07-30,0.04351510148487791,0.6673085678813497,-0.010867767480279844,-0.13889180390243827,-0.269979132422147,0.06121785663619797
2011-07-31,0.028107369198229367,0.6737900079989831,-0.010584871153303189,-0.14753519974447682,-0.2789054245911622,0.04004484147022539
2011-08-01,0.017781362915377453,0.6804885898952997,-0.0103097743363638,-0.15088752731407273,-0.2825328489776975,0.025464883378991013
2011-08-02,0.01109295666917986,0.6886422815477131,-0.010042246354493217,-0.14915471392598634,-0.28106756357148166,0.015853077083051573
2011-08-03,0.015407702702363751,0.6955459144847586,-0.009782063932035484,-0.13767615253329923,-0.2698491846012523,0.021671881723204535
2011-08-04,0.016947366538232388,0.697822452749528,-0.009529010933920473,-0.13360689743454612,-0.26603298250061425,0.02371024360698352
2011-08-05,0.017763730341314232,0.6975202624618683,-0.009282878116750529,-0.13284659110195418,-0.2655188089851922,0.024834514011279014
2011-08-06,0.015595253990755207,0.6969892983101785,-0.009043462889302393,-0.13530661637675467,-0.2682182494874409,0.021885478629024683
2011-08-07,0.06309782078160632,0.6936141029107419,-0.008810569082066472,-0.09094635117810435,-0.22409087809602646,0.08338420316376516
2011-08-08,0.08904078897383053,0.690016696130508,-0.008584006725451832,-0.06837422740949939,-0.20174531668403617,0.11429296383938263
2011-08-09,0.07765753799129034,0.6858775467083165,-0.008363591836321274,-0.08367621292510052,-0.2172677170887678,0.10170788421836921
2011-08-10,0.057915421128805745,0.6816634213000826,-0.008149146212506581,-0.10741800957200431,-0.24122395935948626,0.07830865055387844
2011-08-11,0.04011049070172275,0.6778778540075308,-0.007940497234996772,-0.12879985831412932,-0.2628144570791211,0.05586510003580257
2011-08-12,0.04378511232200564,0.6741044089608615,-0.007737477677484681,-0.12869566218300355,-0.26291328050550744,0.060991435344761306
2011-08-13,0.05560255214465882,0.674914941743263,-0.007539925522980384,-0.11587013742344454,-0.2502853079004528,0.07611392281481698
2011-08-14,0.09057694355611993,0.6764610496409105,-0.0073476837872106515,-0.07915739637856634,-0.21376480859134428,0.11808664545884272
2011-08-15,0.10133315188809763,0.6781250527229639,-0.007160600348532701,-0.06655010152585727,-0.20134459717731312,0.13000459971893094
2011-08-16,0.13922586243354895,0.6789278766744733,-0.00697852778410458,-0.0276724944644684,-0.1626490626803524,0.1701707830429737
2011-08-17,0.2764784746288133,0.6797084796245353,-0.0068013232120627725,0.11053792525289974,-0.024615847535026103,0.2891468801147839
2011-08-18,0.3792676620691491,0.6818678895192498,-0.006628848139473814,0.21565899766053898,0.08033274980002425,0.35741678949633593
2011-08-19,0.3784231887181017,0.6854914889282228,-0.0064609683158268665,0.21860600354211157,0.08311187585794977,0.35568941445124075
2011-08-20,0.30682512598046224,0.6887608424679921,-0.006297553591850283,0.15044070906821794,0.014783166660079616,0.30818546635267074
2011-08-21,0.22109463241648858,0.692034894950391,-0.006138477783447782,0.06814334379504572,-0.06767327442149507,0.24212844485934207
2011-08-22,0.150107603033585,0.6998962839686129,-0.005983618540547714,0.005172562673264158,-0.13079891478617667,0.17659637247423182
2011-08-23,0.09845205297573317,0.7126123408119472,-0.005832857220677371,-0.033616169221383,-0.16973840800069417,0.12138623484130638
2011-08-24,0.063041867224719,0.7302632288660321,-0.00568607876707484,-0.05122868846470985,-0.18749770569762358,0.0794673670134942
2011-08-25,0.03966920288641895,0.7492131372607306,-0.005543171591166055,-0.055508537232402566,-0.19192046164122512,0.05028532249691316
2011-08-26,0.024634171378705716,0.7669702227755362,-0.005404027459235868,-0.05264733909338004,-0.18919840763413276,0.031119295901616505
2011-08-27,0.015083610052315021,0.7805839299046107,-0.005268541383129136,-0.04844870721458949,-0.1851352618314489,0.018957176577960675
2011-08-28,0.009151914455055806,0.7934800352324362,-0.005136611514827749,-0.04135236761572192,-0.17817085210088268,0.011402379955867868
2011-08-29,0.005414130985819778,0.8016653352415267,-0.005008139044758876,-0.03677637860579841,-0.17372333556102815,0.006708299755323808
2011-08-30,0.0032460133396333855,0.8049024869376736,-0.004883028103682055,-0.035582233614761094,-0.17265430151106764,0.004016605040434466
2011-08-31,0.0017620789927403294,0.8031231612063229,-0.00476118566802608,-0.038723651257349,-0.1759175615893115,0.0021892300973298186
2011-09-01,0.0006158062901200779,0.7981294667864155,-0.004642521468544334,-0.044744954180394925,-0.1820575287118391,0.000770967054049873
2011-09-02,0.00014186944501882052,0.7927589035278629,-0.00452694790215193,-0.05047388071765624,-0.1879020288154929,0.00017892458912216577
2011-09-03,4.142395921783848e-17,0.7872081132780757,-0.004414379946841296,-0.0560539724571516,-0.19359468851029893,5.262135707080265e-17
2011-09-04,4.386066270124075e-17,0.7815416107031918,-0.004304735079542312,-0.06161083016473656,-0.1992611910851828,5.612070054949107e-17
2011-09-05,1.1939847068671092e-16,0.7757973948537251,-0.004197933196827171,-0.067248244131488,-0.20500540693464941,1.5390419132462183e-16
2011-09-06,9.350849617556188e-17,0.7700071720719209,-0.004093896538351201,-0.07293443025481627,-0.2107956297164536,1.2143847429881848e-16
2011-09-07,1.827527612551698e-17,0.764182810725555,-0.003992549612921327,-0.07865744467575231,-0.2166199910628196,2.3914796131262726e-17
2011-09-08,7.797451146887244e-17,0.7583362930916846,-0.003893819127103663,-0.084405231823805,-0.22246650869668994,1.0282313029088419e-16
2011-09-09,1.7056924383815846e-17,0.7524741795025477,-0.003797633916266298,-0.0901711602021047,-0.22832862228582695,2.2667786946645785e-17
2011-09-10,-2.436703483402264e-18,0.7466120515874771,-0.003703924877970675,-0.09593957907887962,-0.23419075020089752,-3.263680887846968e-18
2011-09-11,9.015802888588376e-17,0.7407591586010062,-0.0036126249076309327,-0.10170117209501073,-0.24004364318736837,1.2171031277717272e-16
2011-09-12,1.1939847068671092e-16,0.7349153333419046,-0.003523668836340689,-0.10745604128282205,-0.24588746844646991,1.6246561375140497e-16
2011-09-13,0.008565808611520623,0.7290842487568204,-0.003436993370809484,-0.10463464179085447,-0.24315274442003354,0.011612293018833642
2011-09-14,0.02561424125552926,0.7232694635357793,-0.0033525370353113815,-0.09331653803238893,-0.23191909699706614,0.0342032295423856
2011-09-15,0.030134158932017017,0.7174728000190171,-0.003270240115587945,-0.09451098695293991,-0.23319584283734052,0.04030748854223909
2011-09-16,0.02463666794133723,0.7117038511202856,-0.0031900446046212077,-0.10569723133138453,-0.24446228272675186,0.03345825376109099
2011-09-17,0.01788126074155638,0.705958864488709,-0.003111894150219026,-0.11811947470833972,-0.2569626765581092,0.024703328978713437
2011-09-18,0.012212705398899544,0.7002397000120323,-0.00303573400434066,-0.12943103438179493,-0.26835039637744285,0.017141784217649513
2011-09-19,0.0423008636499432,0.6954647416539241,-0.002961510974106009,-0.10404361145862473,-0.24303719648450728,0.057336453943960315
2011-09-20,0.13331362860887644,0.6921468006757521,-0.0028891733744150585,-0.016276449878172672,-0.15534237250374616,0.161502143384887
2011-09-21,0.1620857280320427,0.6889573845807412,-0.0028186709821401237,0.009376735842257622,-0.12975968917559078,0.19045536663169035
2011-09-22,0.13352702055055626,0.6858334195066015,-0.0027499549918144532,-0.022237220723042794,-0.16144236173121695,0.1629649346278441
2011-09-23,0.09724329151143413,0.6827561223548999,-0.0026829779727747154,-0.06153126989482682,-0.20080338792204067,0.1246709802375549
2011-09-24,0.06654353385378224,0.6797174246090968,-0.002617693827706389,-0.09520444115321347,-0.23454184332549566,0.08916925520376434
2011-09-25,0.04384858928804701,0.6803797006342435,-0.0025540577525319423,-0.11717347361862751,-0.25657451186608415,0.060545258861334945
2011-09-26,0.02816981340908486,0.6849590476073372,-0.002492026197613406,-0.1282108709695775,-0.2676739407719526,0.03950171553698507
2011-09-27,0.017770066003119814,0.6884780167511514,-0.002431556830196866,-0.1350311798643118,-0.27455471903410344,0.025161223707424425
2011-09-28,0.01102844991605821,0.6920373966205373,-0.0023726084980836837,-0.13815446774987428,-0.2777369552517791,0.01568622621961507
2011-09-29,0.006747047339535522,0.69564194362192,-0.0023151411944592375,-0.1387738560213897,-0.2784138108269191,0.009605855767044296
2011-09-30,0.004118571292304157,0.6992768948708423,-0.002259116023860641,-0.1377113556491002,-0.2774073356252281,0.0058552713095664025
2011-10-01,0.002496253923813571,0.7029311654401352,-0.0022044951692283357,-0.13562478159366564,-0.27537538242442583,0.0035386403410067723
2011-10-02,0.001504008779963482,0.7029294349755358,-0.002151241860012846,-0.13656550389289956,-0.2763693580328753,0.00213506157791893
2011-10-03,0.018033239793276628,0.6981295262725233,-0.002099320341293296,-0.12478426006387944,-0.26464003572257466,0.025180364922266513
2011-10-04,0.060219899457634826,0.6929904946129447,-0.0020473961084784,-0.0876847078262849,-0.2275924077177951,0.07995096712910195
2011-10-05,0.07303384620228227,0.6877358574908328,-0.001998064319561991,-0.080076066414833,-0.22003309809525962,0.09599994038635273
2011-10-06,0.06025920230731879,0.6824224680611738,-0.0019483352458924221,-0.09811437066578588,-0.238121131419882,0.08113732263975262
2011-10-07,0.04392038978748309,0.677077796036026,-0.0018983933526083388,-0.11974791331748524,-0.2598046159648655,0.060916089181719826
2011-10-08,0.030069869082799794,0.6717148642355464,-0.0018488711501309003,-0.13891184362017073,-0.2790180684700284,0.042847710494664445
2011-10-09,0.01982127637912014,0.668183265309782,-0.0018044613125690703,-0.152647625412053,-0.2927982600994725,0.028809804555160638
2011-10-10,0.04700031219724207,0.6684346717226658,-0.001758714762237499,-0.12517143663071573,-0.26536781786846675,0.06569473572528528
2011-10-11,0.08051298384230733,0.6689446930469065,-0.001714342270288808,-0.09110437116946102,-0.23134512489916081,0.10742832627519927
2011-10-12,0.11512152572898003,0.6695522359948374,-0.0016695315081661035,-0.055843475572734724,-0.19612904006455723,0.14671259744441345
2011-10-13,0.12708574375061035,0.670217935998262,-0.0016261242715116437,-0.043170150311025446,-0.18349912203950236,0.15939440263293242
2011-10-14,0.10794334413976885,0.6709237281538996,-0.0015846291739443814,-0.061565262668662135,-0.20193572949470628,0.13859020104918401
2011-10-15,0.0836271584385137,0.6716624866146631,-0.0015430763002310202,-0.08510113703544031,-0.2255131567351979,0.11072197134733108
2011-10-16,0.06520579802031522,0.6742557639512109,-0.0015061995012493334,-0.10089234331810926,-0.24134123981684852,0.08818010478660424
2011-10-17,0.04790952982976684,0.6755987824249683,-0.0014683035988038253,-0.11680769713245476,-0.25729448953363954,0.06621835439659565
2011-10-18,0.1097970988921038,0.6805762849471941,-0.0014332662236385314,-0.04990758817272667,-0.19042941794907675,0.13891801158429218
2011-10-19,0.17911993033344872,0.6871470974614526,-0.0013990913086948293,0.026020230697820446,-0.11453577399347326,0.2067721898516694
2011-10-20,0.1764300583276469,0.6938667827348367,-0.0013657567934864112,0.030083378480611156,-0.11050596072589103,0.20272400174664082
2011-10-21,0.13699960361394162,0.7011007018917635,-0.0013332412089570773,-0.0020806414916380023,-0.1427024962826695,0.16346444776830957
2011-10-22,0.10124773528046084,0.7088453215332107,-0.0013000051417682381,-0.030054654116482782,-0.17070974497470315,0.1249828454013632
2011-10-23,0.07162462662256612,0.7129658920418566,-0.0012672410869417707,-0.0555244282109052,-0.196212283123952,0.0912891819601515
2011-10-24,0.048005812050233035,0.71916735158293,-0.0012342480086671899,-0.07290879016389029,-0.21362963815521163,0.06257493656697803
2011-10-25,0.03106167187385266,0.7263509550361998,-0.0012015097967979504,-0.08263658867513146,-0.22339017487832213,0.04101023770962486
2011-10-26,0.03252463545542145,0.7322071042431183,-0.0011688996396971019,-0.0752848657295434,-0.21607106208983484,0.042530777483150865
2011-10-27,0.12985730990060965,0.7379751470397311,-0.0011373321995878094,0.027847418952366865,-0.11297034484803392,0.1496340784008459
2011-10-28,0.17078834202584695,0.74370380801697,-0.0011062214227509266,0.07453822283167988,-0.06631065174555772,0.18675758126283595
2011-10-29,0.14745663924243577,0.7489399441764076,-0.001075953422409126,0.05647292420804817,-0.08440621836953122,0.1644993320702298
2011-10-30,0.11144732609929826,0.754115727959268,-0.0010456769722706205,0.025669671297909535,-0.11523974772980838,0.12875702766740024
2011-10-31,0.07769008279225811,0.7546665345815576,-0.0010164314690087974,-0.007507519883579117,-0.14844618441455892,0.09333749641755668
2011-11-01,0.05178766909184633,0.751697572867333,-0.000989243382350476,-0.03635170721155734,-0.1773175598291954,0.06445379004792895
2011-11-02,0.046127681827368795,0.7530055483521714,-0.0009622957282513037,-0.04067677133709724,-0.18166957160883446,0.05772214204758492
2011-11-03,0.040130869817564786,0.7544631463322675,-0.0009360470099758118,-0.045189736648529655,-0.18620878563854237,0.05050487293123225
2011-11-04,0.029600234196665753,0.7559246297436796,-0.0009115875834584212,-0.05423442943149914,-0.19527793784802927,0.0376821098293251
2011-11-05,0.020345871170926358,0.7573738737581244,-0.000886027736926707,-0.06201398859626206,-0.20308305685932393,0.02616092918250707
2011-11-06,0.013417213235712233,0.7588069210474141,-0.0008606024746757313,-0.06748417397993545,-0.20857866750524834,0.01737476548588804
2011-11-07,0.008627020974620586,0.7602229376655755,-0.0008359064501172464,-0.07083365359830729,-0.21195284314817864,0.01122068210796098
2011-11-08,0.005444031071610228,0.761622086068919,-0.0008132722633899803,-0.0725948609112469,-0.21373668464784545,0.0070972122871291714
2011-11-09,0.003387669362554189,0.758420946993211,-0.0007910485538374923,-0.07783013798645833,-0.2189941854326094,0.004446877194379415
2011-11-10,0.036306290249539346,0.7549300302035257,-0.0007672691681898195,-0.048378654503510865,-0.18956648133530962,0.04588552030668944
2011-11-11,0.06483464397085781,0.7508780998789376,-0.0007452846153549278,-0.023880246553945605,-0.16509005793857923,0.07948220063948934
2011-11-12,0.10648505701084499,0.7467462501447153,-0.0007258300097270631,0.013657771357447168,-0.12757149463281436,0.12480209776389597
2011-11-13,0.17322666467142317,0.7425753524624084,-0.0007064520689776624,0.07624785927646771,-0.06500078465454318,0.18915296257325076
2011-11-14,0.22212960221510042,0.7383827841659427,-0.0006861739613769253,0.12097850663128018,-0.020290415407331452,0.2312615697253276
2011-11-15,0.2050875513837341,0.7328042163081607,-0.0006663192295163767,0.09837774267399246,-0.04291103409647978,0.21866867633185907
2011-11-16,0.1684697852627607,0.7308014141032375,-0.0006480792705843192,0.05977541430702782,-0.08153160242237645,0.1873403544798664
2011-11-17,0.12793217277957775,0.7303649403316866,-0.0006288634245883069,0.01882054389829002,-0.1225056886771102,0.14905348139391142
2011-11-18,0.08913525253325844,0.7346609061204813,-0.0006087004588624748,-0.015660247593508925,-0.15700664313463497,0.10820061686003081
2011-11-19,0.0636279065793342,0.7438744269372242,-0.0005886629264712968,-0.03193403519829907,-0.17330046827181633,0.07879594143368439
2011-11-20,0.04476519739724148,0.7580576545531891,-0.0005709856671856084,-0.036595839505141115,-0.17797994983794407,0.05575974486586421
2011-11-21,0.029820143871340195,0.7726582384773978,-0.0005550125770173534,-0.03692433601666545,-0.17832441943963662,0.037160058796924786
2011-11-22,0.01926864349341437,0.7887820449329624,-0.0005363344743193794,-0.03133335183632857,-0.1727521133619978,0.02384583513063856
2011-11-23,0.01219771223353759,0.8013990572323783,-0.0005237841888357334,-0.025774720511305915,-0.1672060323224588,0.01499233120301689
2011-11-24,0.02902145787676146,0.8124792685281466,-0.0005115351545878499,0.002141485461934156,-0.13930207538346662,0.034487739542125
2011-11-25,0.03649123985739857,0.819296176945253,-0.0004995799120382689,0.016440131102227196,-0.12501538498572307,0.04264054266389572
2011-11-26,0.030221174864215564,0.8212050806863013,-0.0004879111934857997,0.012090638568645007,-0.12937654623785777,0.03549476501012421
2011-11-27,0.02192735511925147,0.8181225250652194,-0.00047511534354065704,0.0007270590525442211,-0.14075292160390374,0.02610244419585695
2011-11-28,0.014840233326035547,0.8145927576141042,-0.00046117221731651703,-0.00987588706556286,-0.15136981084823486,0.017892022005556524
2011-11-29,0.009663992426793628,0.8095013989524208,-0.000446617143719491,-0.020128931552891194,-0.16163741040916024,0.01179736415685547
2011-11-30,0.006226803621114682,0.8065023990097377,-0.0004325232100983086,-0.026551026367631958,-0.16807359915752218,0.007661597000523853
2011-12-01,0.003894300311791531,0.8035324107545743,-0.0004224541863845262,-0.03184344890840485,-0.17337609072200888,0.004823100670831587
2011-12-02,0.0024283455853885798,0.8000758803470669,-0.00044051438662681686,-0.036783994242557405,-0.17829857585591913,0.0030259598727558185
2011-12-03,0.0014973722501232247,0.7965757249542197,-0.0009235256809355478,-0.0416981342649787,-0.1827297045840317,0.0018762344644475961
2011-12-04,0.022315539595115747,0.7930564096007022,-0.0026329645540289492,-0.026108721146597014,-0.16543085259255663,0.027368539740820166
2011-12-05,0.08385548892322689,0.7895222061717738,-0.005510820228745124,0.0290191690778695,-0.1074251066933739,0.0960128583477342
2011-12-06,0.10438765787439827,0.7859792002757671,-0.008714871875153471,0.04280428048662577,-0.09043594363820928,0.11724117639696861
2011-12-07,0.09507358439537195,0.7801393705784746,-0.011984455094214225,0.02438079409124627,-0.1055898468145281,0.10862908718965772
2011-12-08,0.07594210841448798,0.7741687951892806,-0.015464271619589076,-0.004201073804206534,-0.13069189818460603,0.0893320013807094
2011-12-09,0.05421766106314523,0.7681657729575733,-0.01891073221871208,-0.035375003986379716,-0.1584193677676562,0.06592747229606685
2011-12-10,0.03668048174966888,0.7644420704009115,-0.022532344004661687,-0.06025749764246735,-0.17968024963779428,0.04578635522268303
2011-12-11,0.023984407720714026,0.7654394810585035,-0.026656838470806927,-0.07608065547997556,-0.19137891300915721,0.030382166110787506
2011-12-12,0.028171501471372873,0.7667600617322737,-0.031073819338167684,-0.07498996192290708,-0.18587123858472798,0.03543890163052421
2011-12-13,0.028773656393660384,0.7691121318631997,-0.03536282595900221,-0.0763247434905282,-0.18291701353151457,0.03606237486260051
2011-12-14,0.022448097707622287,0.7715791604193345,-0.03929812862015217,-0.08411857628158148,-0.1867755436614179,0.028271192805868473
2011-12-15,0.0929938454440286,0.774102790154295,-0.04328845823399669,-0.015039528424059312,-0.11370616619005114,0.10724738353973656
2011-12-16,0.26264105235676877,0.7766608776936337,-0.04743910482415785,0.15301511943785862,0.058499128262027855,0.2527090970994652
2011-12-17,0.39146534598181354,0.7769481838548696,-0.05112248161273583,0.27844334243556124,0.18761072804830847,0.33504006585453633
2011-12-18,0.3749070267581985,0.773902165620079,-0.05387099432757345,0.25609049226231795,0.16800639058990285,0.3263440345407246
2011-12-19,0.2884044176454913,0.7706239353200602,-0.05569614145943487,0.16448450571773066,0.07822555117717689,0.2723292694080237
2011-12-20,0.20303766435836515,0.766354591317682,-0.057012401383413354,0.07353214850424772,-0.011410546112327502,0.20944840766936823
2011-12-21,0.13625758769132995,0.7665794214702656,-0.05831586117114125,0.005673442202068224,-0.07796579262677905,0.15092157976317705
2011-12-22,0.08860742695476395,0.771627479594618,-0.06001640744678598,-0.03862920668579006,-0.1205678952389927,0.10300375662525783
2011-12-23,0.05640571274754512,0.7815998330740525,-0.062449050102753374,-0.06329121006954186,-0.14279725596677706,0.06730947429738525
2011-12-24,0.035339079591324485,0.7919617387190263,-0.0657005580700947,-0.07724744554813001,-0.1535019834780239,0.04271611825973984
2011-12-25,0.021871568219967618,0.8010882272371813,-0.06968575710909738,-0.08557366744033457,-0.15784300633122572,0.02657671533980357
2011-12-26,0.013406153319415713,0.810206055104753,-0.07436458227542356,-0.0896000796396409,-0.15719059336420593,0.01627726396269178
2011-12-27,0.008110852086154145,0.8193288954311813,-0.07981231360390581,-0.09122027187495652,-0.15336305427103925,0.009802347676057485
2011-12-28,0.004901225075547129,0.8238662116709717,-0.08599767713715206,-0.09607794617901932,-0.15203536504185577,0.005913872647781387
2011-12-29,0.0029455325519596428,0.8235305179707243,-0.09272787097415715,-0.1050995262398593,-0.15432675126569073,0.003563966009779491
2011-12-30,0.06146934192596582,0.8182316623345519,-0.09979237311950162,-0.058939074647369916,-0.10110179752785686,0.06987526628736469
2011-12-31,0.29110445398103046,0.8125092684303603,-0.1065268115380357,0.15823920508496914,0.12281092062301624,0.26377386223956023
2012-01-01,0.47968068425959337,0.806615428114632,-0.11193415303613825,0.3355142535497011,0.3054933105858507,0.3729162201805976
2012-01-02,0.4898738006975196,0.8006233255973982,-0.11551299319335763,0.33613642731317417,0.3096943245065432,0.3796008458414564
2012-01-03,0.39496533108906373,0.794571587478836,-0.11735127987459322,0.23333793290492055,0.20873411677952525,0.3320328481814318
2012-01-04,0.28422598121136267,0.788484205906547,-0.11807131024491026,0.11579117108461334,0.09190738532953502,0.26496064326097546
2012-01-05,0.19308980823613953,0.7869613759027748,-0.11854624444841905,0.022657233902109164,-0.0007516176494603011,0.19702012645981418
2012-01-06,0.12661985484259394,0.7902887839408811,-0.11936064487191618,-0.04129971187682724,-0.06389416300489958,0.1380942980432479
2012-01-07,0.11532640432703692,0.7985567276000799,-0.1210149994084081,-0.04597957326967739,-0.06691966986125786,0.12619382095809853
2012-01-08,0.5560533088540044,0.8095179071673149,-0.12336371714666479,0.40335979308626824,0.3847684142329445,0.4071946613477267
2012-01-09,0.7521867597809878,0.8207637161603432,-0.12541446851279953,0.6086883016401452,0.5921476741529562,0.478201171165826
2012-01-10,0.6343457050257011,0.832120791067175,-0.12661917135063197,0.5009996189538581,0.4856636943045015,0.4325674720259861
2012-01-11,0.46680704256553035,0.8435347031143172,-0.12735475003864904,0.3441392898528124,0.329538943891473,0.35624831774197635
2012-01-12,0.32132056071082554,0.8503870592397644,-0.12844787064321017,0.20441204351899378,0.19090481816221538,0.27423271406596755
2012-01-13,0.21253467201006412,0.856048505611704,-0.13050105551316707,0.0992344163202149,0.08778037583339338,0.1988938965734796
2012-01-14,0.1367023401229022,0.8615576677625286,-0.13378392779916065,0.025628374297884005,0.017457206097056144,0.13694061571440952
2012-01-15,0.08574812936853632,0.8646930691058369,-0.13847311315418498,-0.026879620468197807,-0.030361603314001395,0.09021928921660517
2012-01-16,0.05311799124169657,0.8676324121457256,-0.14461750279479835,-0.06271480519576222,-0.060052398400952445,0.05768989190368698
2012-01-17,0.03268464856965022,0.870485858221557,-0.15191953072236747,-0.08759672971954635,-0.0776322949971674,0.03618879084722612
2012-01-18,0.019976489259436406,0.8732746118559545,-0.15983060501619756,-0.10542720968919284,-0.08755170067298379,0.022363800318289034
2012-01-19,0.012120222713110418,0.8760123325450367,-0.16779457755160376,-0.11850972808184268,-0.09267024653022748,0.013646862330800967
2012-01-20,0.007308872165993495,0.8750400756039398,-0.17546418991844606,-0.13196294793689878,-0.09845385401844131,0.00828342594442492
2012-01-21,0.00438477653126481,0.8692272519646415,-0.18272542594475683,-0.14796110323723666,-0.1071907732924684,0.005019134796957934
2012-01-22,0.011072168806850384,0.8630385668928974,-0.18959449964612612,-0.15433146973476441,-0.10669206608862691,0.012666780482894805
2012-01-23,0.012765528338248379,0.8567059008772466,-0.1957264074067233,-0.16510268397961436,-0.11133137257287962,0.014681941130332983
2012-01-24,0.010985866424644634,0.8502871808019747,-0.2006446924959866,-0.17821935105775333,-0.1195297545617553,0.012755381652798915
2012-01-25,0.008157868304370368,0.8438152481435369,-0.20475077819432264,-0.19162536753480142,-0.12882968534046735,0.009575264931342666
2012-01-26,0.005644458285000951,0.8373147664035304,-0.20856882637337507,-0.20445730747322977,-0.1378435770998433,0.006696003934338042
2012-01-27,0.0679895825578025,0.8307957308161394,-0.21230782945588267,-0.15237022187032678,-0.08201748841443268,0.07564607648357875
2012-01-28,0.09816006478362571,0.82519111272651,-0.2155831636615657,-0.13107969193981606,-0.05745162427823891,0.10630848497786011
2012-01-29,0.08392533256688678,0.8196496557939708,-0.21770649923561095,-0.15297921666313952,-0.07722781342751717,0.09288142505928886
2012-01-30,0.06213951799892825,0.8141371800524174,-0.21885891780843472,-0.1814299255454751,-0.10452610373702897,0.0709131238307642
2012-01-31,0.04292292807455423,0.8086545157373929,-0.21980696708148942,-0.20707722905792836,-0.12922535797642754,0.05040402183789271
2012-02-01,0.028455542012012638,0.8032013491522288,-0.22086878934325718,-0.22805960396740177,-0.14914591062413318,0.034215482748152976
2012-02-02,0.01835824341411955,0.8023581891770087,-0.22219800951778712,-0.24032928271504495,-0.1600863691972464,0.022368558353534785
2012-02-03,0.01161693657871516,0.8018202615720532,-0.22391314546677354,-0.2493236531043912,-0.16736560363760622,0.014281294985187034
2012-02-04,0.007245455461153852,0.8004735333025541,-0.22551510069131048,-0.25664381771598865,-0.1730838130246667,0.008970267583090651
2012-02-05,0.004468471842866664,0.7991344854140909,-0.22649487050170136,-0.2617396190331298,-0.17719984453141702,0.005560546788079874
2012-02-06,0.006985958504703312,0.7978244183130968,-0.22676597823668102,-0.26080330720726697,-0.17599242497057455,0.008680254015021047
2012-02-07,0.0337206392291342,0.7965397938508487,-0.226253351158633,-0.2348406238670362,-0.15054236870839177,0.040614532363107005
2012-02-08,0.08332512232880125,0.7952778930644385,-0.22465129825323982,-0.18489598864838608,-0.10219978639513483,0.09483819298242119
2012-02-09,0.09507513037341157,0.7894521113905877,-0.22185982435957596,-0.17618028838396282,-0.09627556002437543,0.10748694430688724
2012-02-10,0.07708690657905846,0.7833702723422256,-0.21825447320317015,-0.1966450000702722,-0.12034562286709061,0.08958831243142025
2012-02-11,0.06836550412764894,0.7772231732625746,-0.21463478637675726,-0.20789381477491975,-0.13521412439815106,0.08084959739367409
2012-02-12,0.056995709827452744,0.7715144751526728,-0.2113528587789335,-0.22169037958719406,-0.15229261680824913,0.06879301046711933
2012-02-13,0.049923163051096495,0.7685806606529649,-0.20813072506887678,-0.22847460715320145,-0.16229897808431326,0.06099319466239505
2012-02-14,0.11805007441315861,0.7699543559698402,-0.20472733165773171,-0.15557060706311898,-0.09279837140537583,0.1329386097344619
2012-02-15,0.2086381408189986,0.7716438380760565,-0.20090754956570037,-0.05947327645903133,-0.0005208228933195613,0.21283482233772097
2012-02-16,0.21463960776721583,0.7734529416877232,-0.196592998823976,-0.04734815515742308,0.007289747666564317,0.21722621821773413
2012-02-17,0.16893046875730314,0.7767075328437415,-0.19202017110817682,-0.08522987529551829,-0.035164800187330036,0.1786417936581331
2012-02-18,0.12037113295846709,0.7800901985288734,-0.18776229717555226,-0.1261486714765978,-0.08034147030103411,0.13367718162827003
2012-02-19,0.08131909667131738,0.7839869967808629,-0.18436140695034958,-0.15790301928655537,-0.1154967083361943,0.09397726109484672
2012-02-20,0.06598165059877256,0.789777749326149,-0.18218846190762344,-0.16527676777108802,-0.12504340186345309,0.07710303924743489
2012-02-21,0.05306403645263772,0.7961644701918406,-0.18095876306199835,-0.17057796220590615,-0.1315742951438964,0.06248499201034533
2012-02-22,0.054825361120426595,0.8026260107325237,-0.17993886298905154,-0.1613351969244874,-0.12335142993542436,0.06393990717158586
2012-02-23,0.05079787073411931,0.8091172003490029,-0.17870106956485704,-0.1576337042701208,-0.12088773070525238,0.059073125291473134
2012-02-24,0.03844073779181057,0.8142439901069507,-0.17707655671847317,-0.16323953460809792,-0.12811807388961338,0.04508200573327803
2012-02-25,0.026809220271147346,0.8192876410135121,-0.17556975038825923,-0.16832059489198592,-0.1347059405037152,0.031685757858080144
2012-02-26,0.03923831170428993,0.8247561091277505,-0.1750692695222467,-0.14992255447859226,-0.11680838095633417,0.04541500588221716
2012-02-27,0.0434520768366048,0.8256415177785369,-0.17557856595788834,-0.14533267713113274,-0.11170920717323296,0.04999700504736381
2012-02-28,0.03475445688959595,0.8234858586416931,-0.176333833212513,-0.15694122346960993,-0.12256248625708555,0.04049501784133898
2012-02-29,0.024696249543150278,0.8210632184349462,-0.17719374545541955,-0.1702819832657091,-0.1350433338102781,0.029200086405405588
2012-03-01,0.02941148090187298,0.8185300735399883,-0.17827065213303972,-0.16917680347956454,-0.1328612473465134,0.03468574071857162
2012-03-02,0.06000073929537584,0.815931776558963,-0.17924127522927602,-0.14215646516332325,-0.1048702859340358,0.06849927158698321
2012-03-03,0.1580643523817402,0.8155839518815354,-0.17945296508291678,-0.04465236660802718,-0.007154497525099002,0.16234234855607513
2012-03-04,0.1891099154613718,0.8139651549713771,-0.17858397471480064,-0.014356610070437759,0.02227226864437426,0.1885301719040685
2012-03-05,0.15509438039108875,0.8122878651572378,-0.1768312378378331,-0.04829669807789272,-0.01342055624004812,0.16032378215002174
2012-03-06,0.11266430067315557,0.8087614260225067,-0.17481342643517253,-0.09223540552789633,-0.059377075092712395,0.12227171155420481
2012-03-07,0.07700137595887456,0.8064927072020027,-0.1731171566233018,-0.12847077925081063,-0.09730871862749735,0.08715550836898273
2012-03-08,0.054925018850676265,0.8074761405040783,-0.17204195709958459,-0.14848850353321608,-0.11840164243362006,0.06368847983897769
2012-03-09,0.038900838454849256,0.8132376435627205,-0.17137763827547076,-0.15808686204628697,-0.12866431977080484,0.04565084112003192
2012-03-10,0.025998357111035104,0.8170433638171867,-0.17055656505751596,-0.16636254991768018,-0.13776108086015282,0.030838755029122283
2012-03-11,0.046814127969062126,0.8208320314877178,-0.16941143613877488,-0.140612982470381,-0.11315664233159473,0.05395532206167056
2012-03-12,0.11952431288970809,0.824636381316177,-0.16790313466836482,-0.06259014625086579,-0.036642107582489536,0.1265931886629083
2012-03-13,0.14081271592919156,0.8284492405674649,-0.16585992307471753,-0.035445672366447134,-0.011540845291718171,0.14527828621083128
2012-03-14,0.11503296167079072,0.8313410053571402,-0.1633009549134606,-0.055774693673915854,-0.03442883476044378,0.12155127431500415
2012-03-15,0.08343853874874627,0.8309619261152448,-0.1605858118743955,-0.08503305279879048,-0.06640233692438358,0.09124944917996844
2012-03-16,0.0954651131950855,0.8257841297294057,-0.15822079242044945,-0.07581925528434441,-0.05955355886388347,0.10362571684947387
2012-03-17,0.09479640869736597,0.8234659307433077,-0.15632626431763014,-0.07691163066534257,-0.06254046234770105,0.10323456013137573
2012-03-18,0.07311578971207473,0.8257978192521607,-0.15460804483549978,-0.09454214165965036,-0.0818891928241392,0.08133794947917375
2012-03-19,0.21011650783641728,0.8283888217032862,-0.15311234514091893,0.04654527861039859,0.05770252775132889,0.20232588303571553
2012-03-20,0.4721543144182885,0.8310518438067679,-0.1518901230455743,0.31246832939109614,0.32240335643668183,0.36230208968729416
2012-03-21,0.5814854702666465,0.8332941875174659,-0.15050052059749847,0.4254314313982277,0.43397685599573765,0.411007796915453
2012-03-22,0.5278548325261707,0.8396540497114922,-0.14859005207029657,0.3800711243789803,0.3867060804492882,0.385997370388146
2012-03-23,0.40844754047233045,0.8462608694337093,-0.14612304170299398,0.2697376624146597,0.27390560811766507,0.32553184249631156
2012-03-24,0.30513483956909837,0.849721117435889,-0.14355415228705493,0.17245409892954622,0.17405315521661258,0.26421895970510256
2012-03-25,0.21880221317732554,0.8530112607079003,-0.14132543920959645,0.09164032888724338,0.09101067209685121,0.20414206250289757
2012-03-26,0.1475753403747125,0.8608405646992259,-0.1394913981682886,0.03007680111726363,0.027613103285563656,0.14634372547296554
2012-03-27,0.0960491794034984,0.8734951138517928,-0.13836432283845618,-0.0076677353715510765,-0.011258508533083411,0.09906631401130597
2012-03-28,0.06124274154512011,0.8887708299382386,-0.13820318040811208,-0.027037314713139415,-0.030789230305015902,0.06446512279766194
2012-03-29,0.038407961419369245,0.9001544532452197,-0.1389212646527011,-0.03920655577649823,-0.04224038712378575,0.04092211750573346
2012-03-30,0.07089842265173481,0.9131987604707449,-0.1402575128783673,0.004991964455726361,0.00329438133410509,0.07204412721391854
2012-03-31,0.10180182159868707,0.9263033526119623,-0.14171044695083795,0.04754702147142531,0.04730237242227464,0.09901887876096693
2012-04-01,0.09475190685113861,0.9348153901478632,-0.14259017474791214,0.04812941646270352,0.04876449521062709,0.09203080471507098
2012-04-02,0.09357304741444367,0.9384361364620645,-0.1427294937442739,0.05043198434384821,0.05120638208813355,0.09067075068359155
2012-04-03,0.17189157216697884,0.9370701405979988,-0.14230656516418536,0.1278074418124061,0.12815891097660292,0.15500226039220152
2012-04-04,0.31425879298658344,0.9329649936650688,-0.14126590854320556,0.2671101723200606,0.2664209848632776,0.2519666449196382
2012-04-05,0.3956007554999625,0.9331111253500078,-0.13953744843829705,0.35032672662328723,0.3479090790615956,0.29773253419462065
2012-04-06,0.3906106944420985,0.9333672620560594,-0.13718525290978734,0.3479449977999842,0.3431751547097831,0.2950280950864472
2012-04-07,0.31921772134064097,0.9336008761530362,-0.13436435988320689,0.27960653182208417,0.27201579570530254,0.2547996349824716
2012-04-08,0.23488677002759858,0.9360944574150142,-0.1314261782609608,0.200707343393266,0.19017842565423815,0.2005896973605496
2012-04-09,0.1633545781473236,0.9432781012350965,-0.12869055485746309,0.13909441873657102,0.1258298775940455,0.14761409200249453
2012-04-10,0.10854490946044792,0.9553326559383716,-0.12614184568387804,0.09888801392655533,0.08307476361044486,0.10202763268135775
2012-04-11,0.14719377902979053,0.9723210654649953,-0.12390025883427616,0.15676687987212357,0.13871204270641113,0.131479970769138
2012-04-12,0.2749111547068823,0.9887728969360683,-0.12200607149614306,0.30283027435842147,0.28288124985457597,0.21754738009826327
2012-04-13,0.29889670148337516,1.003455622585979,-0.12013880431594315,0.34336581396502486,0.32154952228097955,0.22950525442257974
2012-04-14,0.23865450351965287,1.0185107849620116,-0.11814343867518332,0.30017414401809495,0.2763624866932898,0.18983542236350381
2012-04-15,0.17122315805131602,1.031258042332652,-0.1162607581419941,0.24737273645358782,0.22167839859559335,0.14239154674238752
2012-04-16,0.11616125001725082,1.0392435092140366,-0.11476335771812651,0.2017936957247748,0.17460195744291285,0.10053727846381305
2012-04-17,0.07603663486796956,1.0468633796590223,-0.11374026551486696,0.17031204322373883,0.1420972127386172,0.06771451944454653
2012-04-18,0.0483572537765723,1.05431801223583,-0.11322008278653935,0.15060747743747693,0.12187246422402775,0.043854483062312925
2012-04-19,0.030029607949903597,1.057989705001698,-0.11314336950585083,0.13602823765736471,0.10721651116322695,0.027600252672389285
2012-04-20,0.01845986921815178,1.0613481529158486,-0.11339749919175485,0.12756281715385942,0.09900522034562564,0.01709551034976565
2012-04-21,0.011241373983892205,1.0641011022320392,-0.11375981545125768,0.12273495497628761,0.09453967442755673,0.010453761692228466
2012-04-22,0.006857681536138594,1.0667220473639547,-0.11405886145714528,0.12067316165456188,0.09277692711171859,0.006387677926039497
2012-04-23,0.004140167025676831,1.0692522198636543,-0.11428027537910834,0.12026440572183672,0.0925895851009565,0.0038570862587119226
2012-04-24,0.002493500940015275,1.067125713418903,-0.1145446792471303,0.11622682932340189,0.08881641257054362,0.0023312043263076267
2012-04-25,0.0014943033003718407,1.060082899003089,-0.11491202072665141,0.10781747578842338,0.08077440051508622,0.0014076256508988984
2012-04-26,0.0006384125025839504,1.052631189452723,-0.11539033556316132,0.0990315606037595,0.0724668001669323,0.0006061244921516684
2012-04-27,0.0,1.045009665302097,-0.1159309566348111,0.09023100287889985,0.0642068635137224,0.0
2012-04-28,3.898725573443622e-17,1.037290628921712,-0.11646044592244845,0.08198247721087759,0.05648782713333744,3.758566273269468e-17
2012-04-29,0.00428290430576034,1.0295114053120236,-0.11693499789237773,0.07801160593702017,0.05299150782940931,0.0041428979303859996
2012-04-30,0.006382764169124199,1.0216952461203528,-0.11718693879344311,0.07204336570764769,0.04727520850110223,0.0062084434305982265
2012-05-01,0.0054929332123222485,1.013859412334001,-0.1170840791012695,0.06342056065666757,0.0385495437579485,0.005388650191782611
2012-05-02,0.029776359986746947,1.0060162402985093,-0.11683491924201657,0.08010997525485353,0.05498979849688157,0.028747415243695087
2012-05-03,0.041118814157245234,0.9981746351955773,-0.11651793408267364,0.08392780948176282,0.058490647564447884,0.039564200258214166
2012-05-04,0.03483060825963273,0.9903456354394915,-0.11585624146304971,0.07047229644768849,0.044373441910749656,0.033975239353922305
2012-05-05,0.025682906036492925,0.9829907454669474,-0.11467235331681006,0.055153592398244355,0.027870849715065815,0.025462057027277593
2012-05-06,0.017699042046028915,0.9756839646802373,-0.11295090066724925,0.04158440027063093,0.012580204937891581,0.017816936595640813
2012-05-07,0.011715806772270233,0.968410792629356,-0.11077662888834161,0.030502264724898587,-0.0006762023867483702,0.011953360697916788
2012-05-08,0.03753088234913662,0.9639201185645465,-0.10827525349312789,0.0543280416321692,0.020648199125308575,0.037476503907724855
2012-05-09,0.2336184410909826,0.9596268412623469,-0.10554976011890052,0.2488478164460428,0.21244248056495485,0.19578408944574927
2012-05-10,0.31588527218874274,0.9554173613545677,-0.10267839593430117,0.32977653182062316,0.29049983175493577,0.24847370236961067
2012-05-11,0.40791894645304627,0.9512662506395113,-0.09972295219289629,0.420614539111275,0.37838239530418283,0.3001202097592208
2012-05-12,0.44973083615475357,0.9467037289122094,-0.09673910590596102,0.46084775337261585,0.4156317632785883,0.3220565054784273
2012-05-13,0.38024117832297016,0.942154438810886,-0.09376120115822012,0.3897867101872501,0.3415928153454816,0.28753965409164023
2012-05-14,0.2789344395340246,0.9408424418766144,-0.09081835032484425,0.2901108252974085,0.23897407962226425,0.2286766078165414
2012-05-15,0.19580291394279656,0.9415837893883694,-0.08793065739829248,0.21060834014448737,0.15658390154279134,0.1721515763893943
2012-05-16,0.13710708509364192,0.9425225058942499,-0.0851154675642219,0.15566641763528388,0.09882678919951726,0.12699456020669553
2012-05-17,0.0931193154869449,0.9481349731761984,-0.0823822505837968,0.12002433229096043,0.060451486874768645,0.08942994665260867
2012-05-18,0.08656480217613209,0.9586628386298658,-0.07973526023118545,0.12664467478642638,0.0644248390176233,0.08281909011646503
2012-05-19,0.07713456287836101,0.9695863841282434,-0.0771710438439337,0.13070219737428457,0.0659181452182297,0.07369162057848291
2012-05-20,0.05732133805374779,0.9806585859457659,-0.07469106537662436,0.1244411528345033,0.05717712221113913,0.05522393711901372
2012-05-21,0.03956362534654443,0.9890562040932068,-0.07229457138562209,0.11747755226574308,0.04781702765137663,0.038462825831476706
2012-05-22,0.026186877636050487,0.9932034252149566,-0.06997966819110148,0.11056292887151964,0.038587501062632534,0.025688764708484704
2012-05-23,0.016768661572657283,0.997067226880746,-0.06774476504935012,0.10724341761566714,0.03303308666502869,0.016539818489003887
2012-05-24,0.009994131368870342,0.9989959461259403,-0.06558672764748376,0.1045556440589408,0.028187275706435977,0.009905083897043322
2012-05-25,0.006245047125665101,0.9961687149400761,-0.06350528370527014,0.10006077257208501,0.02161096027736653,0.006230009365389711
2012-05-26,0.00339253311844277,0.9929885566738653,-0.061503288823146554,0.09603009518077543,0.01557828800393346,0.0034048549828960832
2012-05-27,0.0019438004495001915,0.9896704167164536,-0.05956573608444621,0.09320077529312143,0.010811415377579126,0.0019602385845733416
2012-05-28,0.0011867673312483085,0.9858116853330876,-0.05768866408172317,0.09046208279422674,0.0061956508759613005,0.0012024003969253547
2012-05-29,0.000719405892694221,0.9814181635438206,-0.05588273781194336,0.08740712583618548,0.0013347676481402226,0.0007324899434475031
2012-05-30,0.0004194310474596537,0.9769589638373014,-0.054144747989494715,0.08438594110688025,-0.003424406903613564,0.00042913885722745815
2012-05-31,0.00023748777007013273,0.9697191831858036,-0.0524707775010119,0.07863818766647579,-0.010846130832500855,0.00024484368960119945
2012-06-01,0.0001418694450186207,0.9622996598166371,-0.05085734125690298,0.07273648221636664,-0.01836127252671893,0.0001474057807204734
2012-06-02,-1.949362786721811e-17,0.9548260384163135,-0.04930131384869344,0.06667701877923404,-0.025976763372061118,-2.0415894710569988e-17
2012-06-03,7.310110450206791e-18,0.947334857389281,-0.04779987116254139,0.060687280438353586,-0.03346794439909362,7.716501080043024e-18
2012-06-04,-3.350467289678113e-17,0.939845657929976,-0.04635044311682886,0.05464750902476101,-0.04095714385839866,-3.5649122400135006e-17
2012-06-05,0.004282904305760291,0.9323652230111976,-0.044950675287625294,0.052849746240946516,-0.044154674471416744,0.004572586204841654
2012-06-06,0.04064599861520643,0.9249005374645285,-0.04359839765101936,0.08310043264032951,-0.015256265708639694,0.04209636417964414
2012-06-07,0.056555046565315355,0.9174577103639366,-0.042291599035999834,0.09287345210486608,-0.0067900448591226015,0.058063969042474524
2012-06-08,0.04802239985076336,0.9100414760247548,-0.0410284061685368,0.07818776391859539,-0.022738925912856423,0.050124423913675394
2012-06-09,0.03545370235998186,0.9026555962552207,-0.03980706641403611,0.059454526412780484,-0.042693503173172,0.037792720328342466
2012-06-10,0.024450842125702442,0.8953031151916013,-0.03862593350467373,0.042280318024244035,-0.06104884447107084,0.026584111904252673
2012-06-11,0.0161933730089748,0.8884449212302642,-0.037483455680430655,0.028307132770422294,-0.07616450754913562,0.017900384177957793
2012-06-12,0.014722980483840761,0.8853192207257382,-0.03637816578584636,0.024816329635346523,-0.08076060057879564,0.016358100169141344
2012-06-13,0.012985854555410794,0.8824605561853045,-0.035308672954717304,0.021290031997611925,-0.08535639104765935,0.0145021012979089
2012-06-14,0.0096097015454491,0.8797120618626261,-0.03427365558699698,0.01620040203269213,-0.09148103838029942,0.010805652060759905
2012-06-15,0.0066171015136402625,0.8770379400608165,-0.03327185537973421,0.011535480406336451,-0.09714776021391791,0.007488331082059136
2012-06-16,0.03435355147062181,0.8744210652566237,-0.032302072220032285,0.03762483871882716,-0.07202818506112918,0.03780205877045583
2012-06-17,0.04749322877980001,0.8718514287953472,-0.031363159784973504,0.04913379200178758,-0.061458144213227484,0.05165987357240711
2012-06-18,0.044510034063685,0.8693225188039441,-0.03045402172318054,0.04453082535606245,-0.06697024892074555,0.04870699114844554
2012-06-19,0.04460707430456406,0.8631626679813815,-0.029573608316541745,0.03934842818101769,-0.07303305950242911,0.049139194915479925
2012-06-20,0.03868097766617375,0.8568164987198497,-0.028720913539846682,0.02792885705779069,-0.08530532540235125,0.04319495999282916
2012-06-21,0.028470608945247645,0.8504354464216193,-0.027894972451567236,0.012163377126913621,-0.1018967464215077,0.03239323335116134
2012-06-22,0.01962540892380594,0.8472564967490599,-0.027094858861488064,0.0009393410229916466,-0.11392089611550882,0.02263908012772844
2012-06-23,0.012986500889581545,0.8442827673120307,-0.026319683230969927,-0.00789812081774377,-0.12353353358676245,0.01514868358319289
2012-06-24,0.008365553457967391,0.8418467062772478,-0.025568590769782358,-0.014204036822953237,-0.13059054205315945,0.009839370536214928
2012-06-25,0.005287069012469731,0.8399507613756452,-0.02484075970000358,-0.01845063510027467,-0.1355649714002597,0.006255125862080763
2012-06-26,0.0032941574404712595,0.8381337289795849,-0.02413539966283328,-0.021555219031163197,-0.13937491536831847,0.003914961096056134
2012-06-27,0.002015794156550747,0.83636594501384,-0.0234517502484718,-0.023917716866467154,-0.14242106261798393,0.0024043870022090997
2012-06-28,0.005514349352687263,0.8346371309516141,-0.022789079632717396,-0.021485305116802134,-0.14065132148407333,0.0065635179868872885
2012-06-29,0.007129603742428366,0.829737275918861,-0.022146683306784022,-0.024127509433880756,-0.14393592212708528,0.008519400057167966
2012-06-30,0.00594313848489667,0.8246746174720028,-0.021523882889140755,-0.02975383272062737,-0.15018504583147518,0.0071550823977389886
2012-07-01,0.004250444160515855,0.8191226172924498,-0.0209200250100611,-0.03639466934548141,-0.1574297403354089,0.0051622336939410015
2012-07-02,0.0029250366400269427,0.8126238717169783,-0.020334480261088618,-0.043633277692469497,-0.16525389343136943,0.0035865864205737036
2012-07-03,0.1732364710311167,0.8060709479595355,-0.01976664220288407,0.12069307099938209,-0.0014953827977224332,0.17689692498160303
2012-07-04,0.5006454133166838,0.7999684271812566,-0.019215926425931985,0.44255020828362235,0.31981103870956573,0.38493009817964996
2012-07-05,0.6228466920758358,0.793906779887896,-0.01868176965941349,0.5592239965159322,0.43595067017535716,0.4396295505191325
2012-07-06,0.6455327015197356,0.7878724967464857,-0.01816362892424535,0.5763938635535899,0.4526023964778466,0.4503490724747903
2012-07-07,0.5610714251512233,0.7818686072347697,-0.017660980726834214,0.48643134587077275,0.3621372305976184,0.41779335757410646
2012-07-08,0.4154942950537968,0.7758980944624699,-0.017173320290562823,0.3353713634373179,0.21058958772789216,0.34874680979160627
2012-07-09,0.2866952706411355,0.774546473723488,-0.0167001608224078,0.20569387775382952,0.08043894257624873,0.27015076646158787
2012-07-10,0.18985785460677948,0.7780908138729818,-0.016241032812395972,0.1128599298789793,-0.012854133308613291,0.196144548558516
2012-07-11,0.12237466924514538,0.7857004503955568,-0.0157954833638755,0.05343193048844064,-0.07272768214767245,0.13476271576911536
2012-07-12,0.07737821048592378,0.7982649383862194,-0.015363075552794656,0.021432367530962337,-0.10515965291623153,0.08836728818764748
2012-07-13,0.04821575892574956,0.8112651736967972,-0.014943387814358203,0.005689839019802467,-0.12132186916582788,0.05609869526555767
2012-07-14,0.029720420750521417,0.8244388726134895,-0.01453601335560184,0.0007755742200229454,-0.12664350842436378,0.03479493928289519
2012-07-15,0.026723304635592086,0.8376979863727837,-0.014140559592533889,0.01143302562745585,-0.11638151077999881,0.030914676574449563
2012-07-16,0.02806121625416766,0.8464135834467287,-0.013756647610618983,0.021870446301891278,-0.10632800208747828,0.03208922231237042
2012-07-17,0.02400768524360508,0.8502865867279081,-0.013383911647479632,0.022062654535647486,-0.10650852981686143,0.02745950192429868
2012-07-18,0.017069866172620414,0.8496756048710112,-0.01302199859675394,0.014875766658491663,-0.114057330744743,0.019694208672434037
2012-07-19,0.010965310275018115,0.8440958647557126,-0.01267056753213705,0.0035429017102076577,-0.1257416267576439,0.012824006743873061
2012-07-20,0.011465919014739857,0.8380776402602865,-0.012329289250696707,-0.0016334357640563901,-0.1312592425133483,0.01349656399552309
2012-07-21,0.010674375401586894,0.8327991824766081,-0.01199784583459241,-0.007371993744783478,-0.13732924391017964,0.012655257893844217
2012-07-22,0.01251647302351713,0.8279394334992818,-0.011675930230400727,-0.010067729495987887,-0.14034689526557576,0.014892480291204423
2012-07-23,0.23061099082226097,0.8230635543114815,-0.011363245845274594,0.2034635935000817,0.07287174334536772,0.21886358732618869
2012-07-24,0.46339050794808617,0.818168867047741,-0.011059506159220162,0.43165216304822085,0.3007565732074525,0.36158333120507585
2012-07-25,0.5039270405696556,0.8132639494056619,-0.01076443435279556,0.467578849834136,0.33638818818694294,0.3825770479792749
2012-07-26,0.4241064921999152,0.8088207415348521,-0.010477762949585218,0.383601764996796,0.25212443194639256,0.3439833922032992
2012-07-27,0.31490480661699904,0.8044144463096099,-0.010199233472828972,0.27027231366539395,0.1385164511382343,0.28133600471325637
2012-07-28,0.2174819848115635,0.7995612456016212,-0.009928596115607147,0.16826692850919156,0.03624042862481003,0.2138375029773406
2012-07-29,0.144103153792385,0.7988226646745763,-0.009665609424022021,0.09441250325455319,-0.037876983321413316,0.15282554679293062
2012-07-30,0.09289217402183718,0.8029258606530032,-0.009410039992833102,0.04756028889362118,-0.08498476711353431,0.10369536047078437
2012-07-31,0.290018177465601,0.8101438405531883,-0.0091616621730304,0.25215265005737275,0.11935921623041457,0.263614061125175
2012-08-01,0.42412168619013774,0.8185774436816918,-0.008920257790853758,0.3949311662925896,0.26189632808345487,0.34129072435568625
2012-08-02,0.48153237862847065,0.8267265820153469,-0.008685615877781928,0.4607256389776495,0.3274561588554429,0.36807114884311587
2012-08-03,0.4529241930099862,0.8349312243776299,-0.008457532411047231,0.44055017918818273,0.30705261559924135,0.3516886964910488
2012-08-04,0.3576965146347076,0.8427175929128433,-0.008235810064233368,0.3533305916949314,0.2196113057591763,0.2979775998846619
2012-08-05,0.25657256774101683,0.8459076654996437,-0.008020257967550588,0.2556122694847238,0.12167743145228582,0.23272305480420308
2012-08-06,0.17376013245453814,0.8488199365384599,-0.007810691477387064,0.17592167172722495,0.04177726720462338,0.169923253663306
2012-08-07,0.11296486065099333,0.8534707342659361,-0.007606931954760846,0.11998095717378254,-0.014367206871445215,0.11688814158454428
2012-08-08,0.08465326212173427,0.8618409726906988,-0.007408806552297383,0.10023772247174967,-0.034308566975941535,0.08943875092753208
2012-08-09,0.1712825327202708,0.8722595444217571,-0.007216148009406166,0.1974782233442356,0.0627392753536532,0.16413572243235858
2012-08-10,0.20398663928972643,0.8832937327587227,-0.007028794455291754,0.2414038718047713,0.10647757026007454,0.18761181065506882
2012-08-11,0.1667236105082354,0.8943918081959547,-0.0068465892195129305,0.21542112369629107,0.08031261691581537,0.1571210893456194
2012-08-12,0.197989444649608,0.905503503364341,-0.0066693806497532164,0.25797586157580965,0.12269014622557439,0.17942067052258612
2012-08-13,0.21880698099046603,0.9120212723457484,-0.006497021936531186,0.2854835256112971,0.15002545154783975,0.19349267260075345
2012-08-14,0.18504722157854595,0.9150308872873458,-0.0063293709445569795,0.2549010321329488,0.1192753070775171,0.16821280242483644
2012-08-15,0.13493505002720213,0.9177257391705071,-0.006166290050470036,0.20764679335885328,0.07185798740933469,0.12818474043290198
2012-08-16,0.10966947330813871,0.9184462140785181,-0.006007645986702873,0.18326033561156785,0.04731288559828217,0.10667036273603117
2012-08-17,0.0906014872198237,0.9185010514462022,-0.005853309691211274,0.16440152318642864,0.028299736877651305,0.08978422285964469
2012-08-18,0.06741985462817307,0.9230163029217463,-0.005703156162854606,0.1458852955986787,0.009633355761544782,0.06807087374006235
2012-08-19,0.06360198227614983,0.9300183975813038,-0.005557064322177637,0.14921560974688997,0.012817578069079016,0.06401034395578145
2012-08-20,0.08623910005188631,0.9371763591532971,-0.00541491687739141,0.17915283653940595,0.04261265741680875,0.08426597358502119
2012-08-21,0.09927609556106627,0.9429944003105037,-0.005276600195337308,0.1981461898878467,0.06146769408319541,0.09524983769021435
2012-08-22,0.10781715608955018,0.9459871629902775,-0.005142004177240825,0.2098146091142008,0.07300151729145299,0.10231231181866397
2012-08-23,0.09596672582980302,0.9492372034236574,-0.005011022139053975,0.20134520132602018,0.06440112746508564,0.09181626967126646
2012-08-24,0.07135996191014674,0.952435363653802,-0.004883550696218467,0.18006406907934425,0.042992523775574054,0.06970139453492691
2012-08-25,0.04950864540752727,0.952833047865916,-0.004759489652655555,0.15873449783240157,0.0215388914850686,0.04939298219336976
2012-08-26,0.03289702402906745,0.9539390650334375,-0.004638741893831598,0.14334964138028727,0.006033287274130328,0.03333585424537893
2012-08-27,0.020999511345691953,0.9563881266895151,-0.004521213283729124,0.13401871896309192,-0.003415163753167527,0.021485345760977912
2012-08-28,0.017522884084706303,0.9611642840094072,-0.00440681256556819,0.13543264974015923,-0.0021156336942611542,0.01790447924113505
2012-08-29,0.014652680967908196,0.9642334527395007,-0.004295451266135383,0.13574297665288737,-0.0019166680809657999,0.014968728704341738
2012-08-30,0.010598973252921612,0.9667569325871278,-0.00418704360357767,0.13432115644808562,-0.003446895948325257,0.010844537992341351
2012-08-31,0.007146317640610595,0.969217766652822,-0.004081506398519711,0.13343487210652683,-0.004438717494942068,0.00731931638573349
2012-09-01,0.0046714127305671855,0.9698082924856599,-0.003978758988383462,0.13165324043945748,-0.00632309657214758,0.0047937506605441795
2012-09-02,0.0029893671592544743,0.9670518662989385,-0.0038787231447780556,0.12731480452502875,-0.010761568330181714,0.0030816908149330856
2012-09-03,0.014672094061516523,0.9631328074082162,-0.0037813229938450004,0.13517587268750153,-0.0029979003186419995,0.015005134500208565
2012-09-04,0.020182800895966538,0.9567751236442462,-0.003686484939438313,0.13442373381238837,-0.0038448772481618487,0.020658823055726992
2012-09-05,0.01707477703255761,0.950204870330898,-0.0035941375890423165,0.12483780398602706,-0.013523154424919137,0.01765236876336524
2012-09-06,0.012531547925079496,0.9435436853391607,-0.003504211682302684,0.11372331579355144,-0.02472756852413449,0.013107282240011781
2012-09-07,0.008646891040764028,0.9368311426106415,-0.0034166400220899625,0.10321368784092944,-0.035324768136969165,0.009145522934435626
2012-09-08,0.005728390238793864,0.9300909491648371,-0.003331357407984602,0.09364027620726034,-0.0449834623847436,0.006121256526333802
2012-09-09,0.003693867726804617,0.924716201204197,-0.0032483005720940344,0.08631406257052143,-0.052392732857373114,0.003978702784921155
2012-09-10,0.0023365828680909366,0.9189657542525151,-0.00316740811712148,0.07928722321509851,-0.05950046466776859,0.0025361738204133727
2012-09-11,0.010022712093249739,0.9132205234263661,-0.00308862045658663,0.08130690927464312,-0.0575595662687588,0.010855982159033961
2012-09-12,0.022215573355340978,0.9074884903911745,-0.003011879757127284,0.08784447820100216,-0.05109873804185916,0.023895317038646474
2012-09-13,0.024292005602681375,0.9017812403526603,-0.0029371298828007666,0.08428841028415479,-0.05472955583303296,0.026231192520437867
2012-09-14,0.01947182457410457,0.8960962097876565,-0.0028643163413066505,0.07385601223206828,-0.0652347674266136,0.02126747968836451
2012-09-15,0.014000219659349493,0.8904388303159705,-0.002793386232063132,0.06279795795487075,-0.07636375181305466,0.015479450671365335
2012-09-16,0.026640837364475325,0.8834320631930045,-0.002724288196065773,0.06850090657302799,-0.07072990123089484,0.0292733003566594
2012-09-17,0.03176661161716771,0.877286565010046,-0.00265697236745812,0.06754849847136957,-0.0717496251611609,0.03494472318443328
2012-09-18,0.030204573783865693,0.8721167559264682,-0.0025913903267621415,0.06088223359518563,-0.07848147207804079,0.03347429877731258
2012-09-19,0.025185340876068378,0.867042255277987,-0.0025274950556885417,0.05085239530998076,-0.08857520563431931,0.02822748476356226
2012-09-20,0.022609750741283078,0.862018429309319,-0.00246524089348975,0.043315233368726336,-0.09617462173777247,0.02555847897586731
2012-09-21,0.01890363242767958,0.8570416411786486,-0.0024045834947788746,0.034692984323163145,-0.10485752818204652,0.021580837293466975
2012-09-22,0.013731500638268609,0.8539360460019032,-0.0023454797887772607,0.026474361063008378,-0.11313525514820288,0.015825762633903333
2012-09-23,0.009365267178702088,0.8509759198681668,-0.0022878879399274993,0.019205593318555314,-0.12046161474150574,0.010885526951055867
2012-09-24,0.0061536330015259915,0.8476208231788831,-0.002231767309822959,0.012694983082199962,-0.1270283456079656,0.0072075627901260165
2012-09-25,0.0039441104558513304,0.8433675776054078,-0.002177078420415405,0.00628690385245767,-0.13349111372711553,0.004654851941055932
2012-09-26,0.0024551582495148743,0.8395499841322374,-0.0021237829184406337,0.0010336536749255831,-0.13879765940662236,0.0029158470963372607
2012-09-27,0.001497865786336713,0.8357752643342571,-0.0020718435410284246,-0.003646419208820695,-0.14352967166778086,0.0017889810773229675
2012-09-28,0.035185048344058285,0.8320315552134032,-0.002021224082450729,0.026347673686624717,-0.1135861982309131,0.04057238779760855
2012-09-29,0.0601903558947811,0.8264780971084023,-0.0019718893619626956,0.045848857852834546,-0.09413434878519134,0.06788372326873007
2012-09-30,0.05704974163676116,0.8208442011724324,-0.0019238051927086182,0.03712243182809882,-0.10290885897918112,0.06498477646879114
2012-10-01,0.04376628421883417,0.8147527542317692,-0.0018769383516424644,0.017794394310574835,-0.12228376333777125,0.050978816145790515
2012-10-02,0.03082531070853621,0.8086506739304286,-0.0018312565504309264,-0.0012029776998522257,-0.14132681714940987,0.036719705235872015
2012-10-03,0.02066811146560557,0.8021040324457688,-0.0017835754976201212,-0.01785913737463185,-0.15803065787700032,0.025120091411154843
2012-10-04,0.017726976171715814,0.7992195134985332,-0.0017371987486974512,-0.0236384148668346,-0.16385631211812568,0.021699066457671057
2012-10-05,0.014926703944099054,0.7974869120089413,-0.0016950262475875777,-0.028129116082933336,-0.16838918583533435,0.018373281356921345
2012-10-06,0.02797790768201923,0.7959016269644231,-0.0016539152205238457,-0.016622086362467536,-0.15692326714193228,0.03395873608394169
2012-10-07,0.03292346029302475,0.7943947772096533,-0.001610640036615263,-0.013140108322323263,-0.15348456428569657,0.039795400126082896
2012-10-08,0.026825081834940562,0.7929437512460732,-0.0015716414813265467,-0.020650514188698788,-0.16103396870736086,0.03272273932899029
2012-10-09,0.01942405907453788,0.7915364358663005,-0.0015324514781663392,-0.029419662325714024,-0.1698423068475362,0.023951917751498995
2012-10-10,0.013244659110051816,0.7906236633408428,-0.0014918796109175865,-0.03647126294840908,-0.17693447933748008,0.016476155037022103
2012-10-11,0.00870628220723526,0.7861021596121256,-0.0014546320250340417,-0.045493895994059286,-0.1859943599690138,0.010953937765565365
2012-10-12,0.005583279201650619,0.7823154396812289,-0.0014177552366504234,-0.052366742142157086,-0.1929040829054952,0.0070862904937412
2012-10-13,0.003404704047635887,0.7785512148499352,-0.0013835669821716707,-0.05827535387298666,-0.19884688289080354,0.004354086931698092
2012-10-14,0.027788640880126027,0.774796863290699,-0.001347993692043109,-0.03761019530960419,-0.17821729761754967,0.03462390080024595
2012-10-15,0.039584930170537616,0.7710575501900655,-0.0013122419273546015,-0.029517467355137494,-0.1701603214277715,0.04883155167605922
2012-10-16,0.03374437808364455,0.7673356597710387,-0.0012806713545070272,-0.03904833928820994,-0.17972276393369147,0.04212360374627862
2012-10-17,0.024950639334908934,0.7631745886798631,-0.0012498861657231908,-0.05197236393933724,-0.19267757377360262,0.031658216801101154
2012-10-18,0.017220877189143374,0.7590087170553516,-0.0012198659963015464,-0.06383797754019271,-0.20457320754387975,0.02218528811170163
2012-10-19,0.015679283400001874,0.7530266116875328,-0.0011899126916045018,-0.07133172339245586,-0.21209690670083992,0.020396986025736707
2012-10-20,0.01373315053942722,0.7497071549706281,-0.0011597847425534509,-0.07656718502088411,-0.21736249627831927,0.017988506030281026
2012-10-21,0.010086936358480701,0.7465370079670784,-0.0011304940871969722,-0.08335425555002396,-0.22417885746281552,0.013331505610058393
2012-10-22,0.006945451300637362,0.7434198880520969,-0.001100747280173675,-0.08958311371582539,-0.23043746243564034,0.00925609291419099
2012-10-23,0.02600522348244606,0.740340425624255,-0.0010718856792158449,-0.07357394236090098,-0.21445715268167365,0.03393406553917195
2012-10-24,0.0348680515108971,0.7372982682195828,-0.001043661287329467,-0.06772504734523566,-0.20863648205789476,0.04515614139071436
2012-10-25,0.029330146875172425,0.7347464059200822,-0.0010161051935575574,-0.07578725818668897,-0.21672624899311999,0.03838639828414138
2012-10-26,0.04725354992647055,0.7322516399026806,-0.000988500380267663,-0.06033101633950255,-0.20129761195922347,0.06061992985168886
2012-10-27,0.05312297135539248,0.7270429042007923,-0.0009611485651854582,-0.05964297879738678,-0.20063692623218987,0.06809189304456671
2012-10-28,0.04275925911597192,0.7217066030472613,-0.0009350599456151113,-0.07531690357076803,-0.21633693962514144,0.05593351022238546
2012-10-29,0.03070031414328264,0.7186454328181019,-0.0009090418826188384,-0.09041100070962038,-0.23145705482699008,0.04096949141003758
2012-10-30,0.02087107409183105,0.7157281003182485,-0.0008843276257587777,-0.10313285900406521,-0.24420362737829504,0.028334370736358853
2012-10-31,0.013692782561230925,0.7128602919832545,-0.0008632721839332742,-0.11315790342783383,-0.25424972724388917,0.01884622478518263
2012-11-01,0.00876911537792255,0.7123239901426722,-0.0008427335288896016,-0.11859733379668091,-0.25970969626777984,0.012160864263972775
2012-11-02,0.005518666119975915,0.7119584361754895,-0.0008226984922250028,-0.12219330198514577,-0.2633256994929093,0.007691766193401479
2012-11-03,0.0034133335569348183,0.7116616491048989,-0.0008031542568205097,-0.12457587738337284,-0.26572781912654087,0.00477339249686633
2012-11-04,0.0020982945944414094,0.711406209527843,-0.0007814012850420511,-0.1261246029511437,-0.26729829766609026,0.0029408287997041037
2012-11-05,0.018410745377676823,0.7088958530913206,-0.0007612041937429166,-0.11230231151313153,-0.25349620331937717,0.025313595966861845
2012-11-06,0.030588365209951687,0.7062746889650665,-0.0007401378604030839,-0.10272478947377095,-0.24393974761335646,0.041511601153891485
2012-11-07,0.028750283158369815,0.7036398640809873,-0.000718554673312749,-0.10717611322234166,-0.2484126545490175,0.03925542044324328
2012-11-08,0.02204615759113314,0.6982539428885258,-0.0007015352929925685,-0.11924914060171965,-0.26050270130871567,0.030606906172097242
2012-11-09,0.015509720167205464,0.6927119114628243,-0.0006849308471314115,-0.13131100500548776,-0.27258117015834493,0.021899529009737503
2012-11-10,0.010314265085296963,0.6871345589480262,-0.0006678572935010414,-0.14206673904856393,-0.28335397775505144,0.014788561869887333
2012-11-11,0.006710213479226257,0.6833887630368654,-0.0006491659195061172,-0.14939789519180058,-0.290703825272283,0.00972355228390893
2012-11-12,0.008554874193247687,0.6802172435820351,-0.0006303677607326641,-0.15070595577383594,-0.29203068401309185,0.012420471114422755
2012-11-13,0.0518884858500549,0.6771205831250281,-0.0006118947563438781,-0.1104505315696469,-0.25179373281329165,0.07117673573389854
2012-11-14,0.07097730963573519,0.6740683491793604,-0.0005931835683424905,-0.0943952305416329,-0.235757142973279,0.09526571800796202
2012-11-15,0.060023826196983265,0.6710529035584973,-0.0005740937489702724,-0.10834506978187575,-0.2497260720328941,0.08210331932881945
2012-11-16,0.05279503601592182,0.6680682798262324,-0.0005556817481871996,-0.11854007169441905,-0.2599394859462204,0.0732386221571611
2012-11-17,0.043234049457285824,0.6651132963170436,-0.0005383637789111162,-0.13103872379296777,-0.2724554560140452,0.061035097703407856
2012-11-18,0.031149546941723692,0.6608101257446368,-0.0005219822051522789,-0.1474100153071779,-0.28884312910201415,0.04501641955634981
2012-11-19,0.02115070765423845,0.6605762757128357,-0.0005063123036535555,-0.15762703472496553,-0.2990758184213005,0.03102518775151651
2012-11-20,0.013802527960843454,0.6605939398114364,-0.0004907204878271305,-0.16494195850393334,-0.30640633401609474,0.020466489106084826
2012-11-21,0.008818292020675886,0.6606994998945479,-0.00047571409629582984,-0.1698056279694582,-0.3112850098731509,0.013171109307566368
2012-11-22,0.0055462605452666685,0.6617751918436794,-0.00046029913457983535,-0.17198655253401984,-0.3134813493994286,0.008311227708043243
2012-11-23,0.003442733796378018,0.6629434280509208,-0.00044947299996391427,-0.17291101694105115,-0.3144166399410758,0.005166274441885716
2012-11-24,0.002115102889775759,0.6641566067179256,-0.0004354145656299731,-0.17301141074631465,-0.3145310921806732,0.003174535042199412
2012-11-25,0.0012887157986540816,0.6649416190982597,-0.0004217489754879585,-0.1730391198669603,-0.3145724668914609,0.0019343397187903272
2012-11-26,0.0007798650841457932,0.6611370797159757,-0.0004084258584270417,-0.1773391868466916,-0.3188858569882531,0.0011781917509020537
2012-11-27,0.0004551756384241008,0.6570664884471723,-0.0003954513925880735,-0.18172149309537777,-0.3232811377027782,0.0006922595304249106
2012-11-28,0.00013192871331882614,0.6529225436613972,-0.0003861703365938274,-0.18617940375026387,-0.3277483294136586,0.00020201793096843963
2012-11-29,7.916259002335726e-05,0.6478310883690636,-0.00037594669616536347,-0.1913134015254645,-0.3328925508292877,0.00012218141309876588
2012-11-30,0.021461811343807723,0.6426740368416307,-0.0003634619716308962,-0.17507531957457845,-0.3166669536029362,0.03231539360877145
2012-12-01,0.03191382084562077,0.6375012921459264,-0.00035189049878024215,-0.16978448329561913,-0.31138768879682743,0.0476741863550125
2012-12-02,0.027464666061611312,0.632323000597919,-0.0003780336917124834,-0.17943807282056823,-0.3210151351288443,0.041626522363874194
2012-12-03,0.02039467076092591,0.6271525298231438,-0.0009347598059961474,-0.1922352650103124,-0.33325560120430486,0.03149526512126139
2012-12-04,0.014111145712502096,0.6219918698085828,-0.002871578580452986,-0.2056162688477542,-0.3446997862672898,0.02218374283439371
2012-12-05,0.009365044928495648,0.6168453835497211,-0.006574417425378888,-0.21921169473554825,-0.3545923733101579,0.014955108542753084
2012-12-06,0.0060465056169087825,0.6140135513006652,-0.011838064590333264,-0.23062571346114535,-0.3607427448708007,0.00975148382717476
2012-12-07,0.003828335955132103,0.6113444340816033,-0.01821518175524574,-0.24189011750689637,-0.3656300317516392,0.006223188251494766
2012-12-08,0.006671668596137088,0.6087437050474687,-0.025626531865620417,-0.24905886401040078,-0.3653874281447689,0.010840919616026247
2012-12-09,0.007856491511744338,0.6061969120678342,-0.033516941266714756,-0.25831124347552226,-0.36674939820879604,0.012794475962425264
2012-12-10,0.006393951278636606,0.6036905278405535,-0.04104241769036246,-0.26980564435955834,-0.3707183226691845,0.010480435902693144
2012-12-11,0.004625750560667942,0.601223327342309,-0.048333159911427205,-0.2813317877968363,-0.3749537238853977,0.0076351532574400124
2012-12-12,0.0031520509257976265,0.5987918759522177,-0.05597613070461005,-0.2928799096149808,-0.3788588749103593,0.0052364527409484
2012-12-13,0.002070915460757631,0.5940965657013421,-0.06406258493440536,-0.30674280956069166,-0.3846353206262749,0.003473714226614354
2012-12-14,0.001327525660897476,0.5897484811286445,-0.07204960446009526,-0.31982130345893933,-0.38972679499883267,0.0022459474680895882
2012-12-15,0.0007656671910264753,0.5854115829828402,-0.07953005549047786,-0.33220051110499726,-0.39462555161450796,0.0013062042083676394
2012-12-16,0.00047775285807536284,0.581087453623263,-0.08683673547374571,-0.3441192347807934,-0.3992375953070363,0.0008214949119221308
2012-12-17,0.00029474546852408006,0.5767814959844938,-0.09451560298435135,-0.3562870673197196,-0.4037265603353568,0.0005107565471452121
2012-12-18,0.00018020361326279394,0.5724972200056723,-0.1026505646715551,-0.36882084684100613,-0.4081253781694396,0.00031466861767315475
2012-12-19,0.00010936328169667325,0.5682369764192489,-0.11106099050861902,-0.3815623565960596,-0.41245646208742914,0.0001924236580008915
2012-12-20,6.596435665952272e-05,0.5640024063944147,-0.11953439505814913,-0.394313730095461,-0.41673443103730046,0.00011694390268982673
2012-12-21,3.95812950117956e-05,0.5593363018402999,-0.1280326233724838,-0.40750444602555813,-0.4214269186530629,7.075974528959265e-05
2012-12-22,2.3644907503118072e-05,0.5546687673433495,-0.13672842561677612,-0.42088371915430955,-0.426110389537522,4.2627061378342706e-05
2012-12-23,2.9240441800827164e-17,0.5500214756013415,-0.14557273950781913,-0.4343989696948637,-0.43078132618703313,5.3162363831082104e-17
2012-12-24,0.04711194736336318,0.545399281331244,-0.1543324614539865,-0.4006689385477653,-0.3882915730937674,0.07951232834381552
2012-12-25,0.07877621447188622,0.5408046672111088,-0.16218087148949592,-0.381447695594887,-0.3612219201053797,0.12714435968053583
2012-12-26,0.07318779367379318,0.5362391656228851,-0.1680864262823472,-0.39750717277405506,-0.3713758424916964,0.12009280613095466
2012-12-27,0.060137046404441674,0.531702637774935,-0.17187764917502893,-0.41888567078403827,-0.38896311760899793,0.10161036512417296
2012-12-28,0.045585153040999075,0.5271964143501433,-0.17394446042694756,-0.44001059882419125,-0.40802123439723226,0.0795855796278964
2012-12-29,0.03174049034001355,0.5227233808676875,-0.1745009481343307,-0.45888478271501565,-0.4263389305806735,0.05724537158909605
2012-12-30,0.02541016878654318,0.5228660642404548,-0.17397586956967362,-0.46454734233106165,-0.43252656876137663,0.046345559511590105
2012-12-31,0.020045934659678744,0.5242316059079503,-0.1727271121763148,-0.4672972773970719,-0.43652526122074564,0.03683035430558602
2013-01-01,0.01415255801890329,0.5257657837404055,-0.17123155486488112,-0.47016091889395845,-0.4408844600290659,0.026212404588419013
2013-01-02,0.009485941145481949,0.5278450066973044,-0.17055008703303587,-0.4720668449786356,-0.4434718539455883,0.01765381499719121
2013-01-03,0.01900833993374735,0.5300096902501494,-0.17138184641166182,-0.46121152201615107,-0.4317847716044778,0.03462243294155639
2013-01-04,0.023062457676334774,0.5322232529812405,-0.1731543148976266,-0.4567163100284374,-0.4255170911307994,0.04153259706435443
2013-01-05,0.01892718071551947,0.5349283068740444,-0.17499319930972496,-0.4599854175085472,-0.4269473141988108,0.034173500379841876
2013-01-06,0.013749996219292357,0.5331002520049871,-0.17697049036725065,-0.4689679479313572,-0.4339525535640951,0.025143988256275007
2013-01-07,0.013675964445591002,0.5301061308576992,-0.1794507481230106,-0.4745163586081064,-0.4370207064850844,0.02514971449724423
2013-01-08,0.0124097907664113,0.5269908763204227,-0.18220884310817054,-0.4816558818097225,-0.44140213470154055,0.02300662851129463
2013-01-09,0.009340621490742164,0.5247472975574136,-0.18475644701564115,-0.48951623375587144,-0.44671488274021887,0.01748892112629863
2013-01-10,0.00650894391446404,0.5225388306991797,-0.18729162741762673,-0.4970915585923691,-0.4517550271747309,0.012303130694042578
2013-01-11,0.004321452073385969,0.5203385954242566,-0.190233267781043,-0.5044209260717865,-0.45614275429073203,0.008236670762328984
2013-01-12,0.00279682668628296,0.5176834879168403,-0.19429192705189308,-0.5126593182371559,-0.46032248718525137,0.005373549407753484
2013-01-13,0.0017735568706735132,0.5154699211575527,-0.1997814267222371,-0.5213856544823969,-0.4635593237601484,0.0034288627039522177
2013-01-14,0.0010937570361161078,0.5132861653481579,-0.20626457671549517,-0.5307323601196072,-0.46642287940410065,0.002126360280639031
2013-01-15,0.026373071762615413,0.5111189457085232,-0.21320821310301813,-0.5145639014202656,-0.44331078431723603,0.04906690872675435
2013-01-16,0.03871007436830404,0.5075922338163412,-0.2197151378940918,-0.5122605354978327,-0.43450049360372944,0.07085833939991405
2013-01-17,0.05890616344426745,0.503998778721444,-0.22499643479733591,-0.5009391984200104,-0.4178978596226631,0.10464673345668775
2013-01-18,0.06716245751531277,0.5003981350760431,-0.22887198919887225,-0.5001591023959024,-0.4132422091970187,0.11833530796890579
2013-01-19,0.056339702654719555,0.49680761593888906,-0.23093749758818005,-0.5166378847829575,-0.427655483194766,0.10185297977754769
2013-01-20,0.041244173334639776,0.4927693803046182,-0.23135501354043334,-0.5361891656895614,-0.4467892481491167,0.07723431934182974
2013-01-21,0.028291760654981405,0.4914698222955325,-0.23106539129884232,-0.5501515141367145,-0.46104121883786076,0.054432188878559426
2013-01-22,0.018654286202853778,0.4903436288328286,-0.23099075250057136,-0.560840543253275,-0.4718048867526923,0.036649042465225136
2013-01-23,0.011995332874441919,0.49203187537631254,-0.23163131591137387,-0.5664518134490055,-0.4767755935376202,0.023798978860828122
2013-01-24,0.007571777080684543,0.49438369134720517,-0.23310945832157204,-0.5700016956820684,-0.4788473333604849,0.015084559402050413
2013-01-25,0.0047134060190558,0.4968428122679874,-0.2353130246781785,-0.5726045121795214,-0.4792465835013314,0.009397562720193998
2013-01-26,0.0029024053593989362,0.49935789585397083,-0.23798155680489202,-0.5745689613799083,-0.4785425005750049,0.005778687569746707
2013-01-27,0.0017717532880578417,0.5019081113078312,-0.2406267822423862,-0.5757946234348833,-0.47712293719248566,0.003517617861256673
2013-01-28,0.0010738710735124265,0.5017302531854544,-0.2429455336874603,-0.5789891152168796,-0.47799867752940783,0.002135764250333266
2013-01-29,0.0006470188666718047,0.5014032912222245,-0.24515850843235865,-0.5819559041318484,-0.4787524916994783,0.0012887530465965438
2013-01-30,0.00030345212672969445,0.4982859211302326,-0.24755739967850254,-0.5878157322099262,-0.4822134285314123,0.000608621328504131
2013-01-31,0.00018145074003039926,0.4945281123443416,-0.25024029442331774,-0.5943784371273318,-0.4860932387040027,0.0003667823579134109
2013-02-01,2.364490750315584e-05,0.4906850295995467,-0.25318763264607635,-0.6013266639274126,-0.4900941272813248,4.8185224210492613e-05
2013-02-02,7.797451146887244e-17,0.48680695289152637,-0.256382485970315,-0.6084232388671746,-0.4939958488968482,1.6017542684162781e-16
2013-02-03,7.797451146887244e-17,0.48291374432012013,-0.25982371674241256,-0.6157576782106784,-0.49788905746825446,1.6146674719032987e-16
2013-02-04,0.0042829043057603594,0.47901152575138756,-0.26336748447727765,-0.6189207602085158,-0.49750837173122675,0.008861894612056507
2013-02-05,0.09632375459009011,0.4751130146463729,-0.26641623493502653,-0.5338271714869496,-0.4093660325519116,0.1685641522837165
2013-02-06,0.13953098076392942,0.4712215852639112,-0.26794748940034674,-0.49604262916089215,-0.370050235760534,0.22845746137654216
2013-02-07,0.11943053161095264,0.4673368837245902,-0.267610659532297,-0.5196909499851402,-0.39403538645283176,0.20353981575929248
2013-02-08,0.08847984633838889,0.46346177503233343,-0.2659572067458898,-0.5528632911635536,-0.4288611804176523,0.1603065304599663
2013-02-09,0.06113982097820791,0.4595984799473261,-0.2639473061922211,-0.5820567110550732,-0.4600645008628407,0.11740987914570732
2013-02-10,0.04054248982306353,0.4562130127048086,-0.26242695333398314,-0.6045191565944972,-0.48404729926050255,0.08161457621858705
2013-02-11,0.026160990782043526,0.45746551587501527,-0.2617960547448918,-0.6170172538762191,-0.49717629513131584,0.054093376649006486
2013-02-12,0.01655676386963014,0.45902198850192577,-0.2620276232530233,-0.6252965766698535,-0.5052240494168188,0.03481392679354779
2013-02-13,0.010327555488106792,0.460688270180488,-0.26296948474478987,-0.6308013648645812,-0.5097869761197799,0.021926132680249316
2013-02-14,0.006369858452267491,0.46242342542055526,-0.2644680570392486,-0.6345224789548118,-0.5120095179155519,0.013587776684095046
2013-02-15,0.0038936391602167448,0.4642056060250922,-0.26628144651563046,-0.6370299071187076,-0.5127035566030658,0.008317977865303647
2013-02-16,0.002362593272287129,0.4660218465396288,-0.26820607362432425,-0.6386693396007944,-0.5124183619764587,0.005044132706961508
2013-02-17,0.0014248327848598746,0.46739931415490105,-0.27024234433343797,-0.6402659031820631,-0.5119786548486137,0.0030391625392173984
2013-02-18,0.0008548521027486655,0.464179069855025,-0.2723696560500995,-0.6461834398807119,-0.515768879830601,0.0018382575171070818
2013-02-19,0.0004965430575653662,0.4606858257938941,-0.27444581269594404,-0.6521111496328706,-0.5196204329369152,0.001076673982142834
2013-02-20,1.0721495326969961e-16,0.45711296773827775,-0.2761605890899955,-0.6578953271401038,-0.5236898340500968,2.345480457493519e-16
2013-02-21,9.746813933609056e-17,0.4535035505604948,-0.27744689852554044,-0.6627910537534316,-0.5272992512278798,2.1492254959333297e-16
2013-02-22,8.284791843567696e-17,0.4498777929894818,-0.27855505410354603,-0.6675249669024503,-0.5309250087988928,1.841564970014289e-16
2013-02-23,1.949362786721811e-17,0.4462473183241106,-0.27966764865381644,-0.6722680361180919,-0.5345554834642641,4.36834622120011e-17
2013-02-24,5.848088360165433e-17,0.4426195723483377,-0.2807069712445479,-0.6769351046845962,-0.5381832294400368,1.3212448625211355e-16
2013-02-25,1.6569583687135393e-16,0.4389996632075679,-0.28145533956924723,-0.6813033821500653,-0.5418031385808066,3.7743955350828943e-16
2013-02-26,1.4620220900413584e-16,0.4353912652690117,-0.2819747430569779,-0.6854311835763521,-0.5454115365193628,3.3579499789414244e-16
2013-02-27,7.797451146887244e-17,0.4317971141623472,-0.28240271615161794,-0.6894533077776568,-0.5490056876260274,1.8058136312498735e-16
2013-02-28,5.3607476634849807e-17,0.4282192999049763,-0.28273206777870086,-0.6933604736621106,-0.5525835018833982,1.251869699631603e-16
2013-03-01,1.949362786721811e-17,0.4246594510384197,-0.28299864415874326,-0.6971868989087097,-0.5561433507499549,4.590414229460888e-17
2013-03-02,1.949362786721811e-17,0.4211188558163271,-0.2832043443743947,-0.7009331943464536,-0.5596839459720475,4.6290085561308485e-17
2013-03-03,-1.7056924383815846e-17,0.417598545036353,-0.2832593425724822,-0.7045085033245153,-0.5632042567520217,-4.084526774951047e-17
2013-03-04,3.655055225103396e-17,0.41409935045996044,-0.28306626947126096,-0.7078146247996866,-0.5667034513284142,8.826517648587341e-17
2013-03-05,7.797451146887244e-17,0.41062194712207173,-0.28262899918316386,-0.7108547578494782,-0.5701808546663029,1.8989367717768817e-16
2013-03-06,9.746813933609055e-18,0.4071668846777197,-0.2822225055438793,-0.7139033266545456,-0.5736359171106549,2.39381302861205e-17
2013-03-07,2.436703483402264e-18,0.40373461108945585,-0.2819495193117252,-0.7170626140106554,-0.5770681906989188,6.035408945561918e-18
2013-03-08,-5.848088360165433e-17,0.4003254908395547,-0.2816464670730655,-0.7201686820218969,-0.5804773109488199,-1.4608333703409539e-16
2013-03-09,8.77213254024815e-17,0.3969398191486596,-0.2813347405437995,-0.7232426271835258,-0.5838629826397149,2.2099401765895548e-16
2013-03-10,9.746813933609055e-18,0.3935778332292416,-0.2810137590299376,-0.726283631589082,-0.5872249685591331,2.476464147799698e-17
2013-03-11,5.848088360165433e-17,0.39023972130203993,-0.2806603374267175,-0.7292683219130636,-0.5905630804863347,1.49858869841676e-16
2013-03-12,1.413288020373313e-16,0.38692562990038587,-0.28023177484141165,-0.7321538507294116,-0.5938771718879886,3.652608954173348e-16
2013-03-13,1.608224299045494e-16,0.3836356698472727,-0.27972044060921963,-0.7349324765503329,-0.5971671319411018,4.192061441225566e-16
2013-03-14,2.436703483402264e-17,0.3803640532592296,-0.27907273382684383,-0.7375563863560003,-0.600438748529145,6.406240186271169e-17
2013-03-15,2.436703483402264e-17,0.3771108860497715,-0.2782313768983435,-0.739968196636958,-0.6036919157386031,6.461503959555984e-17
2013-03-16,3.411384876763169e-17,0.37387625044700906,-0.27731860061620595,-0.7422900559575829,-0.6069265513413655,9.124369019654212e-17
2013-03-17,4.873406966804528e-17,0.37066020791234555,-0.2765066502812549,-0.7446941481572953,-0.610142593876029,1.3147909764182187e-16
2013-03-18,0.10707260764400715,0.3674686695555604,-0.27587387081041015,-0.6401802993992287,-0.5062615245888071,0.22563391803528599
2013-03-19,0.18526653006266533,0.36430160986692495,-0.27504550090174273,-0.5643250667605385,-0.43123466185878434,0.3371129375993327
2013-03-20,0.18846862824008234,0.3611589894780673,-0.27328981192495194,-0.5625098999951884,-0.43117518407022504,0.34290239821378393
2013-03-21,0.1540792455859353,0.3580466246727984,-0.2702479131781786,-0.5969697487078309,-0.46867693152964096,0.300862062500557
2013-03-22,0.11150813311258811,0.3549585324342803,-0.26619586417433594,-0.6385769044158536,-0.5143361362415062,0.23904844943606005
2013-03-23,0.07599540195403619,0.35190050889986485,-0.2618325521904671,-0.6727843471249522,-0.5529068909344736,0.17760254311003157
2013-03-24,0.049937269426240036,0.353456332721981,-0.25774881155685425,-0.6932029151970193,-0.5774091996401536,0.12379291381991556
2013-03-25,0.032016513473048396,0.3580604151379798,-0.2542487317243778,-0.7030195089017357,-0.5907258731773464,0.08207743428213413
2013-03-26,0.020165727968187847,0.3643094360130185,-0.25141145815668275,-0.7057839999638624,-0.5963276378071682,0.0524500146104979
2013-03-27,0.012532155434632247,0.3707512142910114,-0.24915849670873783,-0.7047228327714803,-0.5975194320627311,0.032696841095930754
2013-03-28,0.0077068217169419286,0.37728059894262694,-0.24731978573962965,-0.7011800708684468,-0.5958153811288058,0.020018372817840212
2013-03-29,0.0046995401275631695,0.3838650134398951,-0.24575174758699792,-0.6960348998079258,-0.5922382482209163,0.012094618730442912
2013-03-30,0.0028458994464536994,0.39047621738149124,-0.24442025254647196,-0.6899458415069131,-0.5874806849604297,0.007235543908400684
2013-03-31,0.0017134083603385615,0.39251551025007225,-0.2432854660028812,-0.6879042531808565,-0.5865738831779639,0.004346226974870417
2013-04-01,0.0010265035276261934,0.39153192532477515,-0.24218948625777928,-0.688478763193764,-0.5882443729359733,0.00261490634815066
2013-04-02,0.00026061333005371264,0.38892079669209123,-0.24109039756519013,-0.6907566933314313,-0.5916213917662296,0.000669644858008206
2013-04-03,7.09347225093798e-05,0.38612809653246,-0.24011911048525603,-0.6927677850186728,-0.5946037705334053,0.0001836740042533886
2013-04-04,0.017131617223041205,0.383253434719488,-0.2391915741580776,-0.6776542280039345,-0.5804177498458455,0.042787854191670124
2013-04-05,0.0255310566764966,0.3803318138293259,-0.23790854867939626,-0.6708933839619599,-0.5749399312825522,0.06290562288853258
2013-04-06,0.06480077590689182,0.3773822160667583,-0.2358716671580799,-0.6325363809728158,-0.5386198098147246,0.14654741833840892
2013-04-07,0.08014337829998217,0.37441663290976257,-0.23298607889083167,-0.617273773469473,-0.5262427905786299,0.17630978599875585
2013-04-08,0.06621824869322417,0.3714432415443532,-0.22940659442671835,-0.6305928099775271,-0.5431413115507973,0.15130014901991645
2013-04-09,0.08682751621649071,0.3684679078219538,-0.2255688039860127,-0.6091210857359542,-0.5255073777499302,0.19070588376736927
2013-04-10,0.09050437344064846,0.3673285600973328,-0.22167266694128346,-0.6026874391916883,-0.5229698682503934,0.19767991075098212
2013-04-11,0.07122915753199734,0.36630515056426255,-0.2176870344000375,-0.6190004320921637,-0.5432684936921148,0.16279673665345243
2013-04-12,0.05071443003578561,0.3699066275300988,-0.21383116829614296,-0.6320578165186446,-0.5601817442224902,0.12057035453542861
2013-04-13,0.03423571606686406,0.37380767871854703,-0.21037763132847723,-0.6411819423314522,-0.5727594070029636,0.08390214497864507
2013-04-14,0.02235542390509735,0.37780790208924514,-0.20745894858585429,-0.6461433283798979,-0.5806394757940321,0.055865748940254985
2013-04-15,0.014268617922462442,0.385986696163552,-0.20501690449253168,-0.6436092961949034,-0.5805474877023602,0.03564879071011193
2013-04-16,0.03465432411306583,0.3944406050239494,-0.20291820892709483,-0.6126709855784657,-0.5517078726513593,0.08076143939235478
2013-04-17,0.1123747876266,0.4011494567630156,-0.20089683647198792,-0.5262202978707584,-0.467278557398759,0.21883053985147427
2013-04-18,0.1384887583932429,0.4077892254979361,-0.19850055956942808,-0.4910702814666352,-0.43452481789719566,0.25351334389641167
2013-04-19,0.11437818177974995,0.409827346676174,-0.19559362850919315,-0.5102358058416553,-0.4565972733324507,0.21819339089508868
2013-04-20,0.09626575281754612,0.41157498476180226,-0.1924576903065634,-0.5234646585156011,-0.4729620642090263,0.18955894179817534
2013-04-21,0.1917741081670363,0.4132229471437536,-0.18927053697261031,-0.42312118745020644,-0.3758057464775847,0.31698353980999294
2013-04-22,0.23924232728718153,0.41343526136574976,-0.18585491394196135,-0.3720250310774162,-0.3281252131354434,0.3665551436827431
2013-04-23,0.2038499169844238,0.41810812977946704,-0.18207235115340792,-0.3989620101779031,-0.35884475502448376,0.3277550922366469
2013-04-24,0.15019390137834257,0.4229987232178235,-0.17804308532577476,-0.44369816651799476,-0.4076101771922086,0.26203041514038905
2013-04-25,0.10346853480151419,0.4279332010879345,-0.1742082770845635,-0.48165424698350084,-0.4494010658989259,0.19470868801045746
2013-04-26,0.0684629825874848,0.4342475849333481,-0.17108158416869448,-0.5072187224362477,-0.47809223426754177,0.13618767340642313
2013-04-27,0.044106596363869516,0.4452182763278309,-0.16883224696828225,-0.5183550800649679,-0.4914779290966742,0.09013765460407919
2013-04-28,0.02787977474918622,0.45785063848365953,-0.16729727595980684,-0.5204145685153472,-0.4950723885555289,0.0573976304337802
2013-04-29,0.017373482623307405,0.46789073643135,-0.166357330133465,-0.5199408168671937,-0.49553858273371726,0.035802109327476614
2013-04-30,0.010707167229369412,0.4732294426344838,-0.1658802233295959,-0.5207913192541287,-0.4968661919245214,0.02212514410178986
2013-05-01,0.010739046634569236,0.4782516600559461,-0.16567150664009675,-0.5155285057379675,-0.4918120950978593,0.021961657936714188
2013-05-02,0.010074076684698103,0.4831527346615011,-0.16540776839535515,-0.511028662837542,-0.4875759904421754,0.020424835902983874
2013-05-03,0.0077208045722516865,0.4866043567195192,-0.16461792859554164,-0.5091404730921569,-0.4864776404966038,0.015618878375674172
2013-05-04,0.0054164569099886236,0.4853333452211359,-0.16304448466070703,-0.5111423883179687,-0.49005299965725013,0.011037104623307394
2013-05-05,0.037842619976201815,0.48233574373996924,-0.1606995529054348,-0.4793688949776498,-0.46062443807220355,0.07274931564983386
2013-05-06,0.06157186567272225,0.47911571630898364,-0.15772496831348395,-0.45588509212016415,-0.4401152198066688,0.11387697392096853
2013-05-07,0.0750499123832493,0.476242998551091,-0.15426734675357606,-0.44182214160762184,-0.42950989085403435,0.13613436867173473
2013-05-08,0.06991406350964892,0.473327061772065,-0.15046846252019452,-0.4460750430268666,-0.43756167650666067,0.1286980316031723
2013-05-09,0.053185187151737964,0.4703718222423517,-0.1464493058247039,-0.4617400022190003,-0.457245792394285,0.10158432834905402
2013-05-10,0.03723901224785852,0.46738808206600785,-0.14230536176095798,-0.47652597323547774,-0.4761757074745083,0.07379511062221467
2013-05-11,0.029172451447477054,0.4680515651254532,-0.1381117804536413,-0.47973546966909714,-0.4835787852154444,0.05867064034546326
2013-05-12,0.022528103168592,0.469831929163434,-0.13392250510592832,-0.4804101785622884,-0.4884427694563486,0.04575534505083474
2013-05-13,0.015749459309164215,0.47355211922707235,-0.12979180118281602,-0.47933792843496553,-0.4915012232521381,0.03218763233153528
2013-05-14,0.010494653675645279,0.47696416792427015,-0.12574508075890492,-0.4771339649473756,-0.4933439801884592,0.021529313268349927
2013-05-15,0.006788005325455974,0.48040225914521406,-0.1217915968186595,-0.4734490381363755,-0.4936125373177046,0.013932965866695039
2013-05-16,0.004287304339893287,0.4838567331412264,-0.11794211698575459,-0.468645785293021,-0.49265876430725497,0.008782867372540856
2013-05-17,0.04122269574494434,0.4877715548977033,-0.11421733367425486,-0.4240707888199933,-0.45180855114572704,0.07792654777412993
2013-05-18,0.07194528983062327,0.4880419026105668,-0.11062158899752512,-0.3894821023447211,-0.42081560934718454,0.12847667018416492
2013-05-19,0.1937988484200823,0.4871828530976971,-0.1071534729550718,-0.26501947722567853,-0.2998211002705953,0.2845874536542485
2013-05-20,0.23878972837481058,0.4843692965668508,-0.10380198148497802,-0.21949066233170267,-0.25764377684671325,0.3302036206961176
2013-05-21,0.19720671113968005,0.4813901970487272,-0.10055470062622959,-0.26080549822620847,-0.3022058935999674,0.29060950434647004
2013-05-22,0.1437222219938598,0.47834247144935144,-0.09740903871645196,-0.31419205106162673,-0.3587381083451634,0.2310406353370388
2013-05-23,0.10697915516822516,0.47938093842409335,-0.09436791712098982,-0.3468555293170573,-0.3944427081960561,0.18244617315755646
2013-05-24,0.07764127830791784,0.4815627434753535,-0.09142420588681166,-0.3710678898919264,-0.4215987800051033,0.13884248911573277
2013-05-25,0.11263668148662019,0.4884459716002943,-0.08857311861821274,-0.32633817131968434,-0.3797201487014602,0.1873896724654493
2013-05-26,0.18376754328346093,0.49564744100925967,-0.08581470837994389,-0.24524742987560932,-0.301387817495654,0.27047908499510825
2013-05-27,0.18826512343437415,0.5029461107029198,-0.08314594918735485,-0.2307824208384469,-0.28959156765108063,0.27236988367145
2013-05-28,0.1478246600367569,0.5102919475348922,-0.08057674641158698,-0.261307844628324,-0.3226861942167256,0.2246177323836388
2013-05-29,0.10518256221200945,0.518567704513641,-0.07810238501845956,-0.29319982408119516,-0.35705253506272416,0.16862928614709966
2013-05-30,0.07099032807113022,0.5227746302076264,-0.0757175427341087,-0.32080029024373813,-0.387037843509618,0.11955964575094068
2013-05-31,0.046352361638969934,0.529950389103175,-0.07341747218674535,-0.3359624272329864,-0.40450005104622966,0.08043057503938475
2013-06-01,0.029457839616611147,0.5372342885654625,-0.07119790518236335,-0.3433534827886757,-0.41411067360630094,0.05198208718923051
2013-06-02,0.018453990231540953,0.5445205572801342,-0.06905497546708161,-0.3449281337437926,-0.41782825427669956,0.03277943969777471
2013-06-03,0.011033703135784593,0.5517957528232195,-0.06698515621200593,-0.343003406041388,-0.4179733458293706,0.019603990194479583
2013-06-04,0.2637554742039524,0.5590457263168835,-0.06498520925215293,-0.08103171451970304,-0.1580016012675387,0.32055795985347896
2013-06-05,0.4127963751014656,0.5653541517931315,-0.06305214373113321,0.07625067737507785,-0.0026522748937775065,0.42201722920090745
2013-06-06,0.37894026311759105,0.5715733334772226,-0.06118318228878834,0.05048270851763925,-0.03028920519356093,0.3986689558940904
2013-06-07,0.296219720172448,0.5731532922222766,-0.05937573331045114,-0.02885042670411253,-0.11142978939365,0.34072799126407005
2013-06-08,0.2120611508921117,0.5698283841799484,-0.05762736805729885,-0.11458553877362487,-0.1989132667163146,0.2712162541893694
2013-06-09,0.1561444571359673,0.5660976215303981,-0.05593580173510782,-0.17254142885712842,-0.2585607231220092,0.2161940736328894
2013-06-10,0.2540036483517483,0.5667880449561984,-0.054298877747266834,-0.07235489022770625,-0.160011108480428,0.3094617677331325
2013-06-11,0.40679542309512584,0.5704053784464842,-0.05271455452775034,0.08563854122547365,-0.003602000246764603,0.41628641979557784
2013-06-12,0.42262049397909024,0.5751219563350392,-0.05118089446903924,0.10771385005670409,0.016939648525754802,0.4235767395143229
2013-06-13,0.33931381766733626,0.5803960907954712,-0.04969605455516417,0.03116614811925722,-0.06109289332556722,0.3689356986861884
2013-06-14,0.24374340707185596,0.5857270296808459,-0.04825827838606345,-0.0576355474217477,-0.15133236503567282,0.29385424274563454
2013-06-15,0.16540668072127762,0.5924452642288981,-0.04686588934033932,-0.12786165017854967,-0.22295085683819893,0.21825724908860944
2013-06-16,0.25828572215815926,0.6038250313763533,-0.045517284672230165,-0.02225423692610362,-0.11869204825386204,0.29959691501263636
2013-06-17,0.2927460742265442,0.6154832994417594,-0.04421093037779697,0.02517073750212051,-0.07257342812007106,0.32232614658140163
2013-06-18,0.23586680208749566,0.6258333530684396,-0.04294535669671499,-0.0200929073291658,-0.11910264663243941,0.273722594427075
2013-06-19,0.19468841045301544,0.6352026152145329,-0.041719154141417567,-0.050675834262255304,-0.1509117761208263,0.23459515096745603
2013-06-20,0.15740532119370093,0.6440251609744237,-0.040530969965644925,-0.07794819358590632,-0.17937231962025002,0.1964054583597437
2013-06-21,0.11893904609868769,0.6527663334902429,-0.03937950500092249,-0.10652183120037795,-0.20909742219944405,0.15412494100020882
2013-06-22,0.08457319199500775,0.664657451725621,-0.03826351080269877,-0.12788057287045607,-0.2315721580677459,0.11288004929299607
2013-06-23,0.08255322902944533,0.6721015446029085,-0.03718178705862136,-0.1213747192146537,-0.22614802815602086,0.1093920450964548
2013-06-24,0.0752436035341715,0.6746906808037516,-0.036133179220027824,-0.12504660067049078,-0.23086851745045156,0.10033359603048428
2013-06-25,0.056005536835887056,0.6782775066012943,-0.03511657632479079,-0.13968123867599558,-0.24651975835119333,0.07627240930653247
2013-06-26,0.038527979355060034,0.6822428458345003,-0.03413090898526981,-0.15220778958409553,-0.2600319765988143,0.05345385524577427
2013-06-27,0.025602575177242324,0.6866058413584434,-0.03317514751978429,-0.15981443677248475,-0.26859438525268897,0.03594815026446615
2013-06-28,0.029407412174801802,0.690929891173459,-0.0322483002097039,-0.15075870264982916,-0.2604654984401138,0.04082450268521527
2013-06-29,0.02964316457924909,0.6933736218464878,-0.03134941166732165,-0.14718033102997086,-0.2577860153626378,0.04099927572330829
2013-06-30,0.023031503317700493,0.6956673221106137,-0.030477561302137458,-0.1506264416622093,-0.26210397636006044,0.0320461123669914
2013-07-01,0.015788672639923833,0.6978895917557422,-0.029631861875185267,-0.15480130326790542,-0.2671245373927087,0.022122955717718946
2013-07-02,0.010647975647071685,0.6973033360765665,-0.02881145813268951,-0.15970785219743744,-0.2728514900647365,0.015040547945517924
2013-07-03,0.006947663733364605,0.6960461107204998,-0.02801552551167178,-0.16386945684619336,-0.2778090273345102,0.009882966230763629
2013-07-04,0.004347309262839556,0.6955927968523784,-0.02724326891123287,-0.16615086858440098,-0.2808626956731567,0.006210973231649539
2013-07-05,0.002716432620539114,0.6951318562390638,-0.02649392152412855,-0.1674933384529117,-0.2829545129287717,0.003892583336384194
2013-07-06,0.0016707463442963168,0.6918889349642064,-0.025766743724015502,-0.17105476820389887,-0.2872431204798719,0.0024089438722046342
2013-07-07,0.001026105850590756,0.6884535415510923,-0.025061022004328137,-0.17442908039103122,-0.29132315438669165,0.0014882322552342991
2013-07-08,0.0005406108397886547,0.6849452863123302,-0.024376067965284482,-0.17773787660155171,-0.2953169046362558,0.0007886534822009411
2013-07-09,0.000328089845089664,0.6813922011259347,-0.023711217345909214,-0.1808386321632709,-0.29908251081735027,0.0004812675366055798
2013-07-10,0.4413370365632875,0.6778117651484433,-0.023065829098327585,0.2572352668250171,0.13834599992335617,0.3943506313800858
2013-07-11,0.9873270848483637,0.6728388740652156,-0.02243928450187843,0.7988789686233149,0.6793631571252047,0.5947158954484739
2013-07-12,1.0958620353661037,0.6677736345203711,-0.0218309863148185,0.9029569777832702,0.7828328680981002,0.6213653160216727
2013-07-13,1.1018274549167368,0.6626791350329267,-0.021240357961625756,0.9044185261996518,0.783703788161289,0.6244394105369528
2013-07-14,1.0141545065361794,0.6575726521667892,-0.020666842754064385,0.8122126101605183,0.6909243569145941,0.6066507331992048
2013-07-15,0.8158830577448942,0.6524638886114731,-0.020109903144328978,0.6093893374236523,0.4875441445679928,0.5556473282894543
2013-07-16,0.5947045608604934,0.6519438715916059,-0.019569020008727695,0.38823170665498563,0.2658456306637248,0.477042721411631
2013-07-17,0.4060515019371319,0.6562849231246857,-0.019043691960449194,0.20444502731298209,0.08153362327344282,0.3822249641054186
2013-07-18,0.2669859292850233,0.6651198257509982,-0.018533434690089518,0.07472461455754587,-0.0486970467523532,0.28643308749306623
2013-07-19,0.17120718236024882,0.6789204453104237,-0.01803778033267251,-0.006757858450386123,-0.13067517411770213,0.20138997579616608
2013-07-20,0.107837767599186,0.6977252298339311,-0.017556276859990966,-0.050840985215259926,-0.17523980435525754,0.13386633688836902
2013-07-21,0.06701303607352325,0.7192528185386476,-0.017088487497154903,-0.06967033867337002,-0.19453694717620373,0.08522948781309819
2013-07-22,0.04120704693473889,0.741073962541803,-0.016633990162301937,-0.07320068647414613,-0.19852179231183276,0.052675504627566386
2013-07-23,0.02512516905731811,0.7584208441164473,-0.016192376928472963,-0.07149406954309367,-0.19725678861460927,0.032065977791844315
2013-07-24,0.0323451337897354,0.7709521073825164,-0.01576325350671346,-0.051313718122847796,-0.17750556061612288,0.040265461067106545
2013-07-25,0.03324037498240076,0.7789952307682111,-0.015346238749501629,-0.04195833878727584,-0.16856719603776282,0.04092454793542609
2013-07-26,0.02551517528408154,0.7820517707828233,-0.014940964173654814,-0.046221723895136124,-0.17323585572146982,0.03159512088545496
2013-07-27,0.018311007174847738,0.780064263012998,-0.01454707350189649,-0.0550195091024368,-0.18242753160052894,0.022935338629087837
2013-07-28,0.01181785175010362,0.7752998587818044,-0.014164222222312645,-0.06589421747879065,-0.1936850912564666,0.015014084414537577
2013-07-29,0.0076102604803120494,0.7701768629229784,-0.013792077164956496,-0.07485265955005205,-0.20301567838508416,0.009784503048870935
2013-07-30,0.004837204493527045,0.7667053018721957,-0.013430316094891415,-0.08073551551755476,-0.2092602954226519,0.006269524301794122
2013-07-31,0.003062668764105632,0.7632263601812403,-0.01307862732099746,-0.08563730416403748,-0.21451377284302864,0.003996754029378216
2013-08-01,0.0019110114323014587,0.7596950490193851,-0.012736709319898416,-0.08997835465659798,-0.2191967413366881,0.0025091862204564036
2013-08-02,0.01402769479137701,0.7561248007322723,-0.01240427037438017,-0.08109948063911698,-0.21065030626472536,0.018214178195760006
2013-08-03,0.03271781987770489,0.7525248330252392,-0.01208102822572297,-0.06568608111116492,-0.1955601488854305,0.04166587201644128
2013-08-04,0.19024910027849568,0.7489026358464543,-0.011766709739364417,0.08853732059719943,-0.04165106566342469,0.20257546566807802
2013-08-05,0.2630418739143896,0.7452655178138673,-0.011461050583360666,0.15799863535651004,0.02750458993988214,0.2608746857082255
2013-08-06,0.2249901748768291,0.7397854556169668,-0.01116379491912157,0.11476412978628836,-0.016027171294578646,0.2332046620639387
2013-08-07,0.16651485670559943,0.7341910088949543,-0.010874695103924793,0.050983464708242776,-0.08009693618782099,0.18487151362623153
2013-08-08,0.11492611360944273,0.7299440226652282,-0.010593511404723688,-0.00457108091843883,-0.13593266551370375,0.1360281405094898
2013-08-09,0.0761754575708936,0.7271373343038691,-0.010320011722801984,-0.04585492563642535,-0.17749000991361197,0.09482664578652625
2013-08-10,0.09196715263235081,0.7290194634704246,-0.010053971328830355,-0.027915061014441078,-0.1598161856855993,0.11202028246077751
2013-08-11,0.17629363848081783,0.7316759831022216,-0.009795172607905503,0.0593267431867478,-0.07283318020533525,0.19416248549533074
2013-08-12,0.19559146866368174,0.7344681696862824,-0.00954340481417402,0.08166852774740396,-0.050743163438410566,0.21029992120793906
2013-08-13,0.15711236296579345,0.7373277040585693,-0.009298463834649967,0.04629389740132672,-0.0863627347640119,0.17565443315668688
2013-08-14,0.11303009877757757,0.7402243051365842,-0.00906015196186242,0.005346546163913279,-0.1275483978742129,0.13246939981683178
2013-08-15,0.0767863622738513,0.7417676812116709,-0.008828277674974516,-0.029121939977838407,-0.16224875830285246,0.09380732144072466
2013-08-16,0.0503539406910816,0.7464531791130107,-0.008602655429038911,-0.05064324141333276,-0.1839956819842824,0.06319464201507376
2013-08-17,0.21207719979603937,0.7513108048962903,-0.008383105452061241,0.11615719345188236,-0.017414797096044987,0.22013684908166253
2013-08-18,0.35681856717075794,0.755755327745539,-0.008169453549567144,0.2655567355783437,0.13177109312792223,0.32071448809034186
2013-08-19,0.38342196427153924,0.7601884568939873,-0.007961530916360333,0.2968011844607801,0.16280761937715182,0.3352732339399018
2013-08-20,0.32404924334563584,0.7646107363611823,-0.007759173955211103,0.24205309996322089,0.10785717791844351,0.2976588185347862
2013-08-21,0.24203337510560077,0.7690255697753332,-0.0075622241021679835,0.16464901499037987,0.030256143092559307,0.2393860183236928
2013-08-22,0.191067282665791,0.7734279593811738,-0.007370527658262849,0.11827700860031587,-0.01630755974140985,0.19810080375335562
2013-08-23,0.14521474302031304,0.777814837809297,-0.007183935627336361,0.07699793941388766,-0.05777322095876458,0.15732404035176795
2013-08-24,0.10089601476255969,0.7821831660971473,-0.007002303559751649,0.03722917151156935,-0.0977236209286676,0.1142547768642151
2013-08-25,0.06686615835200936,0.790655907387102,-0.00682549140176288,0.011848868548962388,-0.12328073604926326,0.07797602070376626
2013-08-26,0.042898514824654115,0.7993490095517544,-0.0066533633503204626,-0.0032535447622981106,-0.13855527741196616,0.05093338191337011
2013-08-27,0.027158601027980716,0.8085563645067335,-0.0064857877130936785,-0.009618527966765544,-0.1450878362536604,0.03249744488014986
2013-08-28,0.016941397668112746,0.8200926584596442,-0.006322636773520416,-0.008136286434149542,-0.1437687456606177,0.020239794957072777
2013-08-29,0.027579854042455238,0.8317625949552431,-0.006163786660669597,0.014330956548642582,-0.12146035279067635,0.03209413671420892
2013-08-30,0.09187734034835221,0.8388708071256991,-0.006009117223752034,0.08589132446191317,-0.05005465431432332,0.09871342811446605
2013-08-31,0.14090185405272415,0.8411106773022924,-0.0058585119110816375,0.1373063136555488,0.0012097295666418928,0.14348274543737508
2013-09-01,0.13754122242492325,0.8388425817377801,-0.0057118576533253616,0.13182424072099197,-0.004418997625671217,0.140867988426817
2013-09-02,0.1085599430763218,0.836175321025196,-0.005569044750877605,0.10031851356225407,-0.03606753768685689,0.1149104380893062
2013-09-03,0.07733918514154436,0.832874412648457,-0.005429966765191835,0.06593592523642344,-0.07058920399837332,0.08496817156909534
2013-09-04,0.13366837249250943,0.8289793632916378,-0.005294520413932098,0.11850550958182904,-0.01815506600422745,0.138854918080316
2013-09-05,0.232536188802705,0.8295607313359007,-0.005162605469787103,0.21808660888043252,0.08129411835023104,0.21894064881796152
2013-09-06,0.24101465391101867,0.8331032131891797,-0.005034124662811408,0.23023603664900083,0.09331506531182365,0.22438380488138346
2013-09-07,0.19004337287001058,0.8373081030353623,-0.004908983586164659,0.18359478653082206,0.046548674116998146,0.1849837931098812
2013-09-08,0.13552260379870748,0.8415993374862252,-0.00478709060511522,0.13348714489143143,-0.003680860503441963,0.13869569198343132
2013-09-09,0.09159382467497687,0.8459204411100872,-0.004668356769185746,0.0939982032274923,-0.04328853600331051,0.09769859298970476
2013-09-10,0.05986179360532869,0.8548333213284172,-0.004552695727325057,0.07129471341803473,-0.06610768685462876,0.06544453187515346
2013-09-11,0.03823330632709479,0.8667645809653197,-0.004440023645991609,0.061710157858036796,-0.07580491449596016,0.04224684594732231
2013-09-12,0.032578989535257445,0.8743403854294126,-0.004330259130043923,0.06374141004624001,-0.07388342682370463,0.03592269658648167
2013-09-13,0.027599724517334775,0.8789592803439508,-0.00422332314632104,0.0634879759265784,-0.07424379692708916,0.030444487749098987
2013-09-14,0.041311125778903376,0.8828940904189148,-0.004119138949832679,0.08123837145959945,-0.0565975855905565,0.04469908312015097
2013-09-15,0.04541690144846039,0.8867030951601199,-0.004017632012446851,0.0892546588077473,-0.0486828051797944,0.04872430761458285
2013-09-16,0.03633098619367945,0.8904387207650025,-0.003918729953985548,0.08400327121631035,-0.05403309482969265,0.03920174118865453
2013-09-17,0.026080091757416286,0.8895326324542377,-0.003822362475650626,0.0729426559476174,-0.06519007757672057,0.028483758545264148
2013-09-18,0.017691464512035286,0.8846401722236961,-0.003728461295677036,0.059755469651668225,-0.07847116505264329,0.019606388374052586
2013-09-19,0.01132198764560448,0.8794111742534324,-0.0036369600871501056,0.048248496023500675,-0.0900696398893378,0.012710863510982438
2013-09-20,0.011284915638819693,0.8763356705906534,-0.0035477944178938974,0.045225086023193195,-0.0931822155589015,0.012713670473503694
2013-09-21,0.05362963411890714,0.8733141719754257,-0.0034609016923632754,0.08463519861358348,-0.053858995694041845,0.057856402692710134
2013-09-22,0.08491845933774715,0.870285182177185,-0.003376221095466712,0.11297971463107925,-0.025599160273442556,0.08890089573262967
2013-09-23,0.07984901268879362,0.8672430192104749,-0.0032936935382434362,0.10495063257263904,-0.03371076988910615,0.084309665797385
2013-09-24,0.23243948931136343,0.8641912950959879,-0.003213261605341318,0.2545698170136239,0.11582798261897664,0.21195783723779008
2013-09-25,0.4738677251669024,0.860216286248822,-0.003134869504214599,0.49210143612312374,0.35328120962734977,0.35520081277642773
2013-09-26,0.5101938494331583,0.8566411738831831,-0.0030584630159939397,0.5249288545119613,0.3860322215279667,0.37326659086864694
2013-09-27,0.40704323964961947,0.855368966055817,-0.0029839894479633993,0.4205805104690872,0.2816094039170619,0.3224329088470461
2013-09-28,0.2920060186156089,0.8556060340031794,-0.002911397587583501,0.3058529492428188,0.16680925083041365,0.25444662937206614
2013-09-29,0.198001029892839,0.8559705538082747,-0.002840637658015982,0.21228324025471168,0.07316878191273901,0.18786182944092383
2013-09-30,0.12972633022166402,0.8609697462316687,-0.002771661275085259,0.1490767093898614,0.00989327466495804,0.13094462903909043
2013-10-01,0.10870109535416791,0.8708571292008199,-0.002704421405634487,0.13800609736096725,-0.0012445772333867788,0.11096950914127712
2013-10-02,0.09049926218325621,0.8811182636574544,-0.0026388723272259456,0.1301309477250986,-0.009185275947664051,0.09314288778905053
2013-10-03,0.06536259990268048,0.8910504764761665,-0.0025749695891346264,0.11499040100132629,-0.024389725409527663,0.06834139088745536
2013-10-04,0.04438366458070948,0.8964319302540901,-0.0025090186169620895,0.09945887042945145,-0.03998720695357505,0.04717573223103612
2013-10-05,0.02905144722670853,0.9001824366217225,-0.002445427675543288,0.08794075038450155,-0.05156891793994367,0.031263869873526015
2013-10-06,0.018431457452640285,0.9037682609267855,-0.002382408294737126,0.08096960429630262,-0.05860308340894882,0.01998640542314385
2013-10-07,0.011543597163795164,0.9054377259463763,-0.002323132868852116,0.07581048445293326,-0.0638214786782032,0.012588693872893908
2013-10-08,0.02001134545904327,0.9023550086962703,-0.002263109381617237,0.08125553898531024,-0.058436447633061106,0.021695658529705692
2013-10-09,0.027267155169212378,0.8989181941206837,-0.0022045161783355812,0.08513312732317446,-0.05461745249847849,0.02944027908681349
2013-10-10,0.024630036617235115,0.8953479353870886,-0.0021514293731478514,0.07897883684278972,-0.060824829784051015,0.0267724199565067
2013-10-11,0.04450838318301667,0.8917028165239619,-0.0020971398709719266,0.09526635404762052,-0.04459160208139612,0.04754096425779482
2013-10-12,0.051498386284610655,0.8880147321402879,-0.0020425131791511108,0.09862289945736136,-0.04128968336347605,0.054813908688095936
2013-10-13,0.04179464151348795,0.8842963102206038,-0.0019893230572302217,0.08525392288847555,-0.05471185005428281,0.04513016938047833
2013-10-14,0.030212005039025665,0.8791893555573367,-0.0019388926859282931,0.06861476212204798,-0.0714014411920123,0.03322186038869944
2013-10-15,0.06769349435984527,0.8744535658415002,-0.001890906895571013,0.10140844751738842,-0.03865574158702911,0.07185024208999659
2013-10-16,0.08364738553981288,0.869721892223999,-0.0018425475175031327,0.11267902445792266,-0.027433524024562783,0.08773870470843484
2013-10-17,0.06904006133948294,0.8677409598150897,-0.001793691390903638,0.09613962397528286,-0.04402178063380202,0.07369925284608328
2013-10-18,0.05029763512850795,0.8659270529357868,-0.0017466013097414503,0.07563038096616714,-0.06457811372407996,0.054896616281724105
2013-10-19,0.034419331174309294,0.8641694372603578,-0.0017012357922784789,0.05803982685400255,-0.08221403335370758,0.038303762948503614
2013-10-20,0.022678828005509445,0.862445687583764,-0.0016564825081790504,0.04462032729270837,-0.09567828619910113,0.025622189427677265
2013-10-21,0.014568242278471016,0.8639548857598721,-0.0016138276519504224,0.03806159459800662,-0.10227967375003155,0.016582650830150012
2013-10-22,0.009189034808990918,0.865216620668704,-0.0015700507949570341,0.03398789889435183,-0.10639714631067976,0.01050889224174891
2013-10-23,0.05278665984965181,0.8665242210487498,-0.0015287316120236962,0.07893444349799184,-0.06149192088997302,0.057419814065581117
2013-10-24,0.07369009378420005,0.8651142035703525,-0.0014876515836131873,0.09846893998255324,-0.04199850443382214,0.07849356249417547
2013-10-25,0.06254637452645503,0.8635609071096719,-0.001449036779566921,0.08581053906817404,-0.054695520152247656,0.06753685643844216
2013-10-26,0.04607127177269893,0.8619723194961515,-0.0014145306101223387,0.06778135487034209,-0.07275921051952416,0.050736850318299644
2013-10-27,0.0317701284907583,0.8603695062658793,-0.0013808714709433964,0.05191105749730818,-0.08866316703173704,0.03561116136200441
2013-10-28,0.021038493087819056,0.8541775552574795,-0.0013460243450574467,0.035022318211854975,-0.10558675344307611,0.02403805680619644
2013-10-29,0.01356240633973363,0.8522950998310175,-0.001314040784740872,0.025695759597624157,-0.11494529561762357,0.0156635546184883
2013-10-30,0.008422339101290565,0.850607545658731,-0.0012820160859727235,0.018900162885662763,-0.12177291702835313,0.009804477411916151
2013-10-31,0.005255281438829046,0.8489679778667705,-0.001250069262544231,0.014125484254669196,-0.12657954248277514,0.006152117004050064
2013-11-01,0.0332225302940863,0.847355202877421,-0.0012204283280695069,0.040509599055051804,-0.10022506861686731,0.03772810626772418
2013-11-02,0.0509444932355208,0.8457616075605002,-0.0011880419232221013,0.05667035308441282,-0.08409670099235367,0.05681292141348935
2013-11-03,0.04603629275404216,0.8441836698255444,-0.001154789866631869,0.05021746692456863,-0.09058283920878807,0.05171339072271868
2013-11-04,0.03477108020087228,0.8426183457802858,-0.0011240863909481751,0.037417633801823835,-0.10341337580721655,0.03963015642910083
2013-11-05,0.024269932394816753,0.8364800620063071,-0.0010974972106479277,0.020804791402089906,-0.12005280738725077,0.02819626204203791
2013-11-06,0.0675882376940519,0.8300798510649348,-0.001068426194343025,0.05775195677625755,-0.08313471302938802,0.0752931273155668
2013-11-07,0.10834580840766259,0.8268184584465262,-0.0010398028621619545,0.09527675820364079,-0.04563853493418579,0.11585751535623623
2013-11-08,0.10439799085405453,0.8241806686522343,-0.0010112156024991135,0.08871973811540368,-0.05222414228208583,0.11242773004234381
2013-11-09,0.08052181308538738,0.8216217035957836,-0.0009873531260997357,0.062308457766685144,-0.07865928510720366,0.08925610127046428
2013-11-10,0.056802391608674445,0.8190994949468507,-0.0009602694108040594,0.036093911356334996,-0.1049009152328495,0.06485017612195042
2013-11-11,0.03814342430225576,0.816603145940517,-0.000934889461375409,0.014963974993011275,-0.12605623154560186,0.04462541954561095
2013-11-12,0.02910530929997598,0.8187179753998421,-0.0009080297454154654,0.008067549166016597,-0.1329795170885565,0.034329452640925115
2013-11-13,0.02218838985666262,0.8234214648957144,-0.0008802194045349557,0.0058819295594559895,-0.1351929470359976,0.026239511911979933
2013-11-14,0.015397336886100146,0.8251558104458551,-0.0008553425811156182,0.0008500989624534716,-0.14024965445641946,0.018318100330685403
2013-11-15,0.010209739712383968,0.826338648963203,-0.0008307739924106466,-0.003130091105209787,-0.14425441311278775,0.01220460149178926
2013-11-16,0.006482044751778259,0.8274920167765045,-0.0008069528380804981,-0.005680597098183804,-0.14682874026009185,0.007772477647445911
2013-11-17,0.00408638643237219,0.8286467620795898,-0.0007879884210061545,-0.006902545697430318,-0.14806965327641275,0.00490719798974532
2013-11-18,0.0025476898117777775,0.8302665816818939,-0.0007655966638909842,-0.0067990309586053455,-0.14798853029470294,0.0030591332293194696
2013-11-19,0.001570464514463907,0.8273312084649528,-0.0007476244619740955,-0.010693657270943513,-0.151901128808958,0.0018946330616260016
2013-11-20,0.0009593982231711893,0.8218388969168463,-0.0007300854161532769,-0.016779496064521893,-0.1580045066483572,0.0011660187300314305
2013-11-21,0.0004129700060396253,0.8161319189372351,-0.0007105197121541826,-0.023013336557265562,-0.16425791284509994,0.0005057529740637619
2013-11-22,0.00018020361326286216,0.8103471988553962,-0.0006904021795615667,-0.029010705499288525,-0.17027539931971558,0.00022232883516832134
2013-11-23,0.00010936328169655141,0.8045256474290137,-0.0006706600259972587,-0.03488335510367313,-0.17616779107766445,0.00013591663330676362
2013-11-24,6.596435665947155e-05,0.7986865021859024,-0.0006512096126247053,-0.0407464488584488,-0.1820503352458127,8.258422906035133e-05
2013-11-25,3.958129501171275e-05,0.79238242791373,-0.0006322681407912867,-0.04705796472043566,-0.18838079257963292,4.9949767360999876e-05
2013-11-26,0.06855011379966759,0.7860582194429829,-0.0006139324358783264,0.015146695018386058,-0.12619446854572414,0.08021231613734339
2013-11-27,0.23917716449031529,0.7797396232873739,-0.0005964691937153516,0.1794726127955879,0.03811398598931459,0.23473670014994372
2013-11-28,0.5705241646835472,0.7734358567579691,-0.0005807636205076386,0.5045315520326223,0.3631572196531415,0.4245097737889625
2013-11-29,0.6559164802223445,0.7671527635135121,-0.0005637357047067493,0.5836578022427639,0.4422664419474821,0.46091677064176123
2013-11-30,0.5327222179508789,0.7608945315850888,-0.0005470589785995701,0.4542219847689819,0.31281394774759297,0.4118083799873273
2013-12-01,0.38541019622323514,0.7546619896863643,-0.0005305293837760173,0.3006939507374373,0.15926938412122482,0.33805771335061385
2013-12-02,0.26272999977900713,0.7530456661950816,-0.0005565030433990527,0.17637145714230362,0.034972864185714214,0.2586496296178344
2013-12-03,0.17269389507508243,0.7563150655080373,-0.0011927786447539779,0.08896847614997971,-0.051793841205254876,0.18589045144051788
2013-12-04,0.1107499688618658,0.7645563211430311,-0.003394615546424356,0.03306396867008643,-0.10549651178347774,0.12652710271423528
2013-12-05,0.12545014234639704,0.7732265273326748,-0.007399582672882703,0.05242938121780316,-0.08212613210930275,0.1395943019097144
2013-12-06,0.1691740258360905,0.7820689816664663,-0.012493288771653068,0.09990201294251766,-0.029559794285817786,0.17784522409289383
2013-12-07,0.16191055703704962,0.791007265525905,-0.01752071293578276,0.09654940383878574,-0.027884979225420103,0.16991030412420793
2013-12-08,0.12422376568455702,0.8000053978693566,-0.022192846424326076,0.06318861134120157,-0.05657363823446093,0.1344079699961887
2013-12-09,0.09161399812368252,0.8044456274442024,-0.027084440303354218,0.030127479476144692,-0.08474317622048966,0.10224096199582859
2013-12-10,0.06488677555150407,0.8040376611562671,-0.032211645192419744,-0.0021349142730346937,-0.11187836508060356,0.07467481959346278
2013-12-11,0.04327335888913604,0.8032735896167431,-0.03716433917425508,-0.029465096456761986,-0.13425585328249545,0.051117494387655345
2013-12-12,0.027662537857048163,0.8069615841885965,-0.04213972775563705,-0.04636331149837836,-0.1461786797427299,0.033143707600072604
2013-12-13,0.016689688207743993,0.8108486373562029,-0.04749293097422364,-0.05880231119866286,-0.15326447622442774,0.0201678734291495
2013-12-14,0.010482228657265011,0.8147703235471991,-0.053398975836539436,-0.06699412942046135,-0.1555502495839105,0.012701843368147427
2013-12-15,0.006499402781039246,0.819156611226858,-0.05990121285145207,-0.07309290463194096,-0.1551467877804774,0.00787180456603212
2013-12-16,0.0125552345972308,0.8235712933344845,-0.0668341250363106,-0.06955530289298129,-0.14467627385665927,0.0150159505503169
2013-12-17,0.10941834537658798,0.8279875586853324,-0.07363859075976231,0.02491960751377198,-0.043396897726454275,0.11672461726820994
2013-12-18,0.15287562401564608,0.8278036254787573,-0.07938451039996414,0.06244703330605317,-0.00012355229397120748,0.15588748726401855
2013-12-19,0.12988579933638045,0.8227469622426155,-0.08397290093866294,0.02981215485194688,-0.028170040209378744,0.13634403998566433
2013-12-20,0.09572682198980227,0.8173169771873844,-0.08815697202600772,-0.013960878637207075,-0.06775900261118795,0.10484362532889331
2013-12-21,0.06590102346306684,0.81174761817427,-0.09246702155141776,-0.053666085702467003,-0.10315416015103784,0.07508816209197593
2013-12-22,0.043664381227156136,0.8065604280967241,-0.09715919894357783,-0.08578209540808368,-0.13057799246449442,0.051356277478987154
2013-12-23,0.02815960400395475,0.8059407535470873,-0.10257817652469514,-0.10732552476203916,-0.14670244423733259,0.033760450704796094
2013-12-24,0.017800183918731914,0.8055792959609415,-0.10870512860976718,-0.12417335451847988,-0.15742332190870123,0.021618444901411907
2013-12-25,0.011100053814706119,0.805298516227698,-0.11506989601619713,-0.13751903176217906,-0.16440423174597052,0.013596366066796978
2013-12-26,0.00684480753405455,0.8050563450142337,-0.12122507648754355,-0.1481716297276413,-0.16890164924008633,0.008430592212575349
2013-12-27,0.038446440501258485,0.8048381582782249,-0.12686209979119636,-0.12242520680009905,-0.13751820300889128,0.04559129925638797
2013-12-28,0.05360003426363636,0.8046354981126437,-0.1318163050765594,-0.11242847848866544,-0.12256726941209461,0.06245375802051535
2013-12-29,0.06688836566391047,0.803527029484125,-0.13575510428948273,-0.10418741492983341,-0.11038740664033919,0.07684648736312215
2013-12-30,0.06546337236836564,0.7977879905117069,-0.1386314806102664,-0.11422782351857996,-0.11755143890830211,0.07583350016379893
2013-12-31,0.05056268716668311,0.7917666961793003,-0.14045295373036887,-0.1369712761727715,-0.13847341844239125,0.06002721520390639
2014-01-01,0.035378742646518864,0.7856565744765343,-0.14185468542742466,-0.1596670740927576,-0.15976748466532154,0.04309040294452578
2014-01-02,0.023785554699556198,0.7831746967324058,-0.14382192752026468,-0.17570938187668872,-0.1738425503564126,0.02947549728421989
2014-01-03,0.015490382456707053,0.7808920229043171,-0.14696656342568779,-0.18943186385304966,-0.18442039642735042,0.0194509350689193
2014-01-04,0.00986852848151185,0.7809603562377706,-0.15132067976435465,-0.1993395008334582,-0.18997391706909217,0.012478715272286549
2014-01-05,0.006186299703324371,0.7811990210396514,-0.15672402959913234,-0.20818641464454257,-0.1934174810453988,0.00785676280767717
2014-01-06,0.0038303931964798216,0.7815073146344665,-0.16303745407414896,-0.21654745203158865,-0.19546509395742828,0.0048773835234005615
2014-01-07,0.00234863359619271,0.7818564459367828,-0.17010908912608338,-0.22475171538149386,-0.19659772225539907,0.0029949227026065833
2014-01-08,0.0014287329195899067,0.7822393802954457,-0.17784091911248792,-0.23302051168583837,-0.19713468857333905,0.0018231351965163698
2014-01-09,0.005146371074336763,0.7789779386838682,-0.18594431182115892,-0.24066770785133995,-0.19667849203016963,0.0065632081677504854
2014-01-10,0.00690174521244626,0.7755182509550012,-0.19356573150536827,-0.24999344112630695,-0.19838280562092725,0.008821023550335238
2014-01-11,0.005690839687380728,0.7697191268615434,-0.19966823295708397,-0.26310597219654586,-0.2053928352394505,0.007339136628213132
2014-01-12,0.004197158689700737,0.763767654175802,-0.204341285415263,-0.2752241783381464,-0.21283798892287198,0.005465300778612373
2014-01-13,0.0028222291425002172,0.7577689669459109,-0.2082949001233018,-0.28655140982327676,-0.22021160569996356,0.003710572981930968
2014-01-14,0.001873008985699165,0.7517550842827637,-0.21218811021027462,-0.2974077227301978,-0.22717470851991173,0.0024853226709954245
2014-01-15,0.0012093011233816396,0.7461956335530973,-0.21659891749204507,-0.3080416886039522,-0.2333978671118957,0.0016179999184847457
2014-01-16,0.000765667191026447,0.7406725530628179,-0.22170214397823257,-0.3191116295127743,-0.23936458153453033,0.001032678340704243
2014-01-17,0.000477752858075389,0.7351740067226373,-0.22726734107396532,-0.33046328728163865,-0.24515104220766193,0.0006494280097252618
2014-01-18,0.0002947454685240118,0.7296999773743225,-0.23310722041854703,-0.3419602033640866,-0.25080807894552815,0.00040376383458797237
2014-01-19,0.00018020361326299375,0.7242520691283458,-0.23922582323044075,-0.353641256277218,-0.2563705290467658,0.0002487514983022698
2014-01-20,0.008675171893217138,0.7188319029524821,-0.24531792176051795,-0.3566585527032048,-0.25329572694267544,0.011924518940323847
2014-01-21,0.0856408658928325,0.7134409204953288,-0.250553302690241,-0.2903192220904658,-0.18172101540021335,0.10717409325511977
2014-01-22,0.11953243859476664,0.7076249002165431,-0.2538623781530831,-0.26555274513015936,-0.15364546297706483,0.14450991726259016
2014-01-23,0.10156137782135187,0.7018129198752482,-0.25507792837437177,-0.29055133646615783,-0.17742850409177457,0.12641850518811001
2014-01-24,0.07498633887214878,0.6960251034797984,-0.25502917195281993,-0.3228654353892588,-0.20979135943642746,0.09725710249306445
2014-01-25,0.05172391339390535,0.690263618958188,-0.2549931382170174,-0.35185331165331013,-0.23881526943628129,0.06970994947845154
2014-01-26,0.07280589375549136,0.685445072000386,-0.2557711174915207,-0.3363678575240294,-0.22255183603249729,0.09601820115443357
2014-01-27,0.07953433100166021,0.6852990812331736,-0.2569039536266351,-0.33091824718018736,-0.21596938955354084,0.10398909060374582
2014-01-28,0.06340824687450025,0.6854773174936789,-0.25749022122725185,-0.3474523626474588,-0.23191723742019554,0.08467014172986044
2014-01-29,0.04542169689399584,0.6857807381328834,-0.25746777217576133,-0.3651130429372681,-0.24960036676149533,0.06211918166318212
2014-01-30,0.03077114247393804,0.6861622072820491,-0.25729693173570056,-0.3792112877680994,-0.26386945203238743,0.04292050646606298
2014-01-31,0.024422173165914295,0.6865986507893704,-0.25743020203734635,-0.38525708387044766,-0.2697819778330899,0.03434804205882186
2014-02-01,0.057803717533562914,0.691204741732267,-0.25760449654974577,-0.3474437430723019,-0.23179434252254472,0.07717365113635899
2014-02-02,0.08387808502419196,0.695176755768239,-0.25691060510212327,-0.3167034700980784,-0.20174796099594372,0.10766647048733273
2014-02-03,0.07768357312334136,0.6946089188076702,-0.2548474652513736,-0.3214026791087481,-0.20851030985736307,0.10058827961554336
2014-02-04,0.05906610879340296,0.6938067035850934,-0.2517890059816754,-0.33776389939156504,-0.2279299894098782,0.0784542990824701
2014-02-05,0.04113170624412427,0.6929414768954674,-0.24878871217209733,-0.3535632348208917,-0.24672961864878296,0.05603216026528332
2014-02-06,0.027517338957444275,0.6925052809889135,-0.24661903052900602,-0.36544411637103436,-0.2607801818420169,0.03821732567164951
2014-02-07,0.026427892080015208,0.6962064544222003,-0.24555980697965807,-0.36177316626582867,-0.25816845528615917,0.03657159697423015
2014-02-08,0.28109267928642895,0.6974093404446248,-0.24518823672829418,-0.10553392278562657,-0.0023007820573209825,0.28726836901541475
2014-02-09,0.4267534693384645,0.6985280144168093,-0.24438496824401806,0.04204880972286973,0.14447868196689917,0.3792415280080044
2014-02-10,0.3845795217684163,0.6996371474301833,-0.24244034316052515,0.0029286202496885405,0.10341386741022507,0.3547072579622658
2014-02-11,0.29661920737156344,0.7007441413306282,-0.2392291141688238,-0.08071347125501815,0.01656054691381703,0.2974033563169691
2014-02-12,0.21530281785345792,0.7018563699189474,-0.23491609011002756,-0.1566046081260083,-0.0636436140159693,0.23474967129357885
2014-02-13,0.14864849812738162,0.7034322632170169,-0.22977408082011863,-0.21654102526410612,-0.12872204044397606,0.1744535317202169
2014-02-14,0.09829932183874794,0.7054988319920702,-0.22452238912798497,-0.2595719410855529,-0.17700464795755655,0.12229354020068799
2014-02-15,0.06325706425097428,0.708974628786401,-0.22027180924928008,-0.28688782200029084,-0.20857110875099927,0.08191461814027451
2014-02-16,0.03982413954181927,0.7130009722667016,-0.21773018051402288,-0.30375277449388816,-0.2279776899798538,0.052899589714999355
2014-02-17,0.024759629786527165,0.7175405817453656,-0.21696551638534284,-0.31351301064183623,-0.2385025902564819,0.03335527782678447
2014-02-18,0.015252137342792845,0.7225847129956783,-0.21755208241677737,-0.3185629378666923,-0.24296595144990352,0.02067142259944887
2014-02-19,0.009313112812315283,0.7276699353954429,-0.2189646815302251,-0.320829339110853,-0.24381975358061647,0.012636807366144306
2014-02-20,0.005645905619630902,0.731842319749915,-0.22091462573768184,-0.3222741061565221,-0.2433145764188288,0.007655587473009228
2014-02-21,0.003402266019148045,0.7313684013223899,-0.22328017443914416,-0.3273572128859923,-0.2460321344468367,0.004630378117103843
2014-02-22,0.0020117134718755686,0.7278392537250075,-0.2259574138323971,-0.33495415242390014,-0.2509518345914916,0.0027563345974615846
2014-02-23,0.00035677837838629553,0.7235817321547845,-0.2288084935027547,-0.34371768875796993,-0.2568642912552038,0.0004928296715746384
2014-02-24,0.00012919055917411597,0.7187311342895184,-0.23183448872721574,-0.35182186966690926,-0.2619424769396821,0.00017971580112076475
2014-02-25,6.322620251474188e-05,0.7133263662323326,-0.23525552647900308,-0.3607136398325418,-0.2674132093535273,8.862787344422357e-05
2014-02-26,2.3644907503131472e-05,0.707846747356288,-0.23902888774107928,-0.37000620126567413,-0.2729324095245834,3.340287679996663e-05
2014-02-27,4.873406966804528e-17,0.7023391436788154,-0.24272322629706314,-0.37923178840663374,-0.2784636581095592,6.938822947099144e-17
2014-02-28,3.655055225103396e-17,0.6968168672871196,-0.24588922194434187,-0.3879200604456084,-0.2839859345012551,5.245359859518657e-17
2014-03-01,6.822769753526339e-17,0.6912903319073893,-0.24838405158203294,-0.3959414254630296,-0.2895124698809852,9.869615469235826e-17
2014-03-02,9.746813933609056e-17,0.6857706680046246,-0.2504903467005367,-0.4035673844842981,-0.29503213378374993,1.4212935006347231e-16
2014-03-03,-1.7666100254666412e-17,0.680261018137242,-0.2524804501164908,-0.4110671377676348,-0.3005417836511326,-2.5969590765382195e-17
2014-03-04,-2.893585386540188e-18,0.6747660844368112,-0.2543211036000116,-0.4184027249515865,-0.30603671735156346,-4.2882792322843244e-18
2014-03-05,0.012848712917280791,0.6692895793060123,-0.2559305170341122,-0.41263993059920523,-0.2986645095650816,0.0188359355628651
2014-03-06,0.019148292507372454,0.663834487891993,-0.25699046304368983,-0.41285538843271047,-0.2978200213890092,0.02803627420324673
2014-03-07,0.01647879963696684,0.6584079389396535,-0.257156810991692,-0.4211177782034577,-0.30591606321175424,0.024417133564843322
2014-03-08,0.01223680245655546,0.6530130711631535,-0.2567123089649602,-0.4303101411336373,-0.31555292816866565,0.018394295048826486
2014-03-09,0.00846668742750117,0.6476456335609733,-0.2560629154481333,-0.438798300248045,-0.32469048079990026,0.01290432622076899
2014-03-10,0.005619026957097293,0.6423070240787887,-0.2555128536120663,-0.44643450836456644,-0.3328767507524887,0.008672327572126095
2014-03-11,0.003627903370145223,0.6383735922140268,-0.25509196024618386,-0.45193817045039797,-0.3388013062042027,0.005650926664655369
2014-03-12,0.0022970015730792628,0.6345533523766005,-0.25471870241642597,-0.45671605425513234,-0.34395244783869494,0.0036068152570435078
2014-03-13,0.0014332585742261475,0.6307894113147041,-0.25443941254551783,-0.46106444844497363,-0.34858013189944437,0.002267015471745017
2014-03-14,0.0008842364055721719,0.6270693886656862,-0.2541343126511567,-0.4650283933682844,-0.35284917671711624,0.0014081237375957998
2014-03-15,0.05193546250891205,0.6233863728032984,-0.2536597099536302,-0.4171855804298058,-0.3054809664761642,0.07690475828447274
2014-03-16,0.0769212598745795,0.6197382856900825,-0.2528117446206434,-0.3949999048443674,-0.2841432562237126,0.11041442030659705
2014-03-17,0.06611309161784551,0.6161230555098934,-0.2512042895811024,-0.40781584824174955,-0.2985666546606357,0.09690646251475558
2014-03-18,0.04906595371125715,0.6111640935484004,-0.24900575620815127,-0.4276234147368798,-0.32057275452871714,0.07431645062945814
2014-03-19,0.033937684432514326,0.6061533579081783,-0.24695079197699327,-0.44570745542468676,-0.34071175944768206,0.05302008962414252
2014-03-20,0.02247610782838965,0.601141945747618,-0.24553674773061074,-0.4607663999429892,-0.357184748212367,0.036041464321799374
2014-03-21,0.02307742209210164,0.6007321808036802,-0.24453702709257197,-0.45957512998517625,-0.35699319889259284,0.03699433606820753
2014-03-22,0.03908515185360646,0.6006211644920175,-0.2433564254860326,-0.44249781492879464,-0.3410964854427506,0.06109858673411835
2014-03-23,0.04653286170380579,0.6006186376334574,-0.24135457551610728,-0.43305078196723024,-0.3336513024511115,0.07190412407521161
2014-03-24,0.040049310945072004,0.6006831195377496,-0.23828198245547508,-0.43639725776103955,-0.34007037130555307,0.06250551562513075
2014-03-25,0.02961557146521837,0.6007949527703336,-0.23438785945875085,-0.44282504101158493,-0.35039227755282265,0.04697823136936171
2014-03-26,0.02042622807394389,0.600942621881985,-0.23033251191173304,-0.4478113677441902,-0.35943395183244575,0.03287295150922458
2014-03-27,0.013524439611973686,0.6020412176255042,-0.22673760368218923,-0.45001965223309737,-0.36523714455089673,0.021970750728148757
2014-03-28,0.00871652340141946,0.6004671527214482,-0.22393889204327505,-0.4536029217087934,-0.3716191256655069,0.014308530814376916
2014-03-29,0.00551121449367561,0.5992223292130905,-0.22199734957988754,-0.4561115116615075,-0.3760692580816085,0.009113459226842533
2014-03-30,0.0032661695603760513,0.5979788602130367,-0.22075179162959493,-0.4583544676445682,-0.3795577720149619,0.005432343551524993
2014-03-31,0.0020171419586972727,0.5967341173632247,-0.22000273148698885,-0.46009917795345295,-0.3820515424664527,0.003368914766010947
2014-04-01,0.0012342864849686974,0.5954902213865606,-0.21962369771714702,-0.4617468956340038,-0.38407829391684534,0.002068436051623391
2014-04-02,0.0007495854533680645,0.5942546518382859,-0.2195058905386671,-0.4633493590353992,-0.3857985644967207,0.0012597985129988902
2014-04-03,0.01758400052139898,0.5921118386360853,-0.2194176456748267,-0.4485695123057285,-0.3711069626308904,0.02884061099333997
2014-04-04,0.025802636028208988,0.5880891349245689,-0.21888190700931037,-0.44383784184491853,-0.36691103083559673,0.04203124597705968
2014-04-05,0.022105893774313143,0.5834927759940136,-0.21764858566005785,-0.45089762168011716,-0.3752041320200479,0.03650254678196339
2014-04-06,0.024905190127764303,0.5788390797397174,-0.21594168124473379,-0.4510451171656382,-0.377058531920893,0.04125122402110888
2014-04-07,0.08829800949465412,0.5741673086824912,-0.2138060340017442,-0.3901884216129849,-0.31833748361122927,0.13328699189508808
2014-04-08,0.21272616393678964,0.569494591739679,-0.21101728774567996,-0.2676442378575974,-0.198582046111906,0.27195157171816914
2014-04-09,0.24647555117834694,0.5666638603491685,-0.20747171667887976,-0.23318001093975038,-0.1676633902608592,0.3031159819388567
2014-04-10,0.2197429846074613,0.5639568504039877,-0.20323745372859914,-0.2583853245055362,-0.19710296677692563,0.28039177091858275
2014-04-11,0.24563931512820839,0.5613023343328796,-0.19848489691639248,-0.23039095324369063,-0.17386115232728672,0.3044077787932466
2014-04-12,0.23116164706044082,0.5596007848092074,-0.19336701354068064,-0.2414522874594185,-0.19004036991872642,0.2923275534396483
2014-04-13,0.1759887027176302,0.5625672980012117,-0.1880824869961957,-0.2883741920657398,-0.24224680106953267,0.23828755374858387
2014-04-14,0.17459055035808582,0.5704405126774693,-0.18296649519722974,-0.2767831379500607,-0.23577173875281954,0.23433996113763894
2014-04-15,0.1631852934523592,0.5791633361969935,-0.17822068184332523,-0.2747197579823586,-0.23845417213902198,0.21982298738725972
2014-04-16,0.1556505474689183,0.5880596268787993,-0.17366523791109711,-0.2688027693517656,-0.23709262744065707,0.20928925384869718
2014-04-17,0.732620141916925,0.601625878483629,-0.16912605310768097,0.32627226150448685,0.3534432186121793,0.549089246447207
2014-04-18,1.0125368817467155,0.6155117876166728,-0.16453808424698022,0.6246628793280222,0.6472458675750138,0.6219328087671022
2014-04-19,0.8721232184062595,0.6285805120423335,-0.15990710908104758,0.5019489155791592,0.5199009286602182,0.5811428336661514
2014-04-20,0.6490374781434475,0.6416383610504455,-0.15526449511197882,0.29656363829352794,0.3098730374055182,0.5028663731311587
2014-04-21,0.4493399765456287,0.6505632763703322,-0.15077181903368578,0.11028372809388909,0.11910045112758627,0.40852681847642547
2014-04-22,0.2980815945972308,0.6619739049946146,-0.146842118639045,-0.025634324835585698,-0.020747302196529205,0.3104837113312263
2014-04-23,0.1921671643127517,0.6761924918914367,-0.1438931005837169,-0.11438115016791461,-0.11244314558418622,0.22129904693265134
2014-04-24,0.1259647461314841,0.6882535452075678,-0.14194475975348766,-0.16657417420282183,-0.16658451044932276,0.15470635758418574
2014-04-25,0.08226354607903184,0.7006387578523985,-0.14054690851454602,-0.19649231037150172,-0.1979004978569443,0.10507511047794388
2014-04-26,0.052074091141539686,0.7129887066936298,-0.1392662894440998,-0.21305119739731637,-0.21574000395320514,0.06806511999915449
2014-04-27,0.03256540307835791,0.720701469764647,-0.13812860284865106,-0.22370943579403224,-0.22753592894536978,0.043232225194569464
2014-04-28,0.02011392279652174,0.727623492941498,-0.13728363871697613,-0.22839392876734255,-0.23306538605035498,0.026899714222096565
2014-04-29,0.012135752912350403,0.7311656424323624,-0.13676037090827778,-0.2323066813519511,-0.2375014064436619,0.01632682649105258
2014-04-30,0.011638286148295058,0.7302802949151543,-0.1365681435006095,-0.23349726822554617,-0.2388842207249252,0.015686743054221665
2014-05-01,0.010722589242303996,0.726714983210552,-0.13651007633106363,-0.23792020966659377,-0.24336522933551874,0.014540334860669833
2014-05-02,0.0061284919029248545,0.7223842716653811,-0.13626106679949063,-0.24659600901957068,-0.2522900382200687,0.008412332919065242
2014-05-03,0.004397324528212348,0.7178671816593702,-0.1356763608148383,-0.2522595604156417,-0.258538295600792,0.006088246744150956
2014-05-04,0.0030024327557632855,0.7132360723055682,-0.1345703235122716,-0.2571795242393262,-0.2645642967270432,0.004191945468648307
2014-05-05,0.006265276573155943,0.7085326115266938,-0.13286508288055138,-0.25691490056908783,-0.26600491368852497,0.008765102244231519
2014-05-06,0.007658029649165296,0.7042379243137561,-0.1306150486446614,-0.25756680047012614,-0.26890684782545327,0.01075723159618373
2014-05-07,0.006298181698360375,0.6994790800962367,-0.1279324949002725,-0.26100293889406145,-0.27502553999377755,0.008923752633154878
2014-05-08,0.017429044835044462,0.6946736553796107,-0.12493541695945357,-0.25168042253318446,-0.2687001015737195,0.02447546516786227
2014-05-09,0.026548171424157125,0.6898508181853324,-0.1217224651854775,-0.244171181364374,-0.2644038121788851,0.037057801321898266
2014-05-10,0.024914776405052883,0.6850239760939114,-0.11837534508341166,-0.2472842983728334,-0.2708640492894103,0.03509426174772623
2014-05-11,0.019048400073956112,0.6806538969336303,-0.11497248976991947,-0.2541178985507191,-0.2811005047807882,0.027223578020853033
2014-05-12,0.01337725312737227,0.6763087713217567,-0.11156457019804963,-0.2607262515373068,-0.2911167773392457,0.019396149339196842
2014-05-13,0.008958590252684863,0.6715150893477068,-0.1081883200899581,-0.2665623462779525,-0.300329122187983,0.013165226696124086
2014-05-14,0.10432610176435808,0.6680809974502718,-0.10487034018890554,-0.17131094676266168,-0.20839570257374473,0.13506621297297117
2014-05-15,0.1847533166456615,0.6652000890377764,-0.10162940218477323,-0.0905237022897214,-0.13084939610493673,0.2173687585816583
2014-05-16,0.18399077058911453,0.6623814433533464,-0.09847596185782462,-0.0909514537037498,-0.13443058784591377,0.21738753654502985
2014-05-17,0.14556966898826804,0.6595983962226188,-0.0954077316721838,-0.12908737224968303,-0.17563473657748774,0.18079414134506305
2014-05-18,0.10391061431063744,0.6563901217575161,-0.09241971384935299,-0.17096668356958555,-0.22050206572022113,0.136670411300671
2014-05-19,0.07026791232912405,0.6531835663642234,-0.0895171913593485,-0.20491341845438715,-0.2573513230950272,0.0971287147771645
2014-05-20,0.045927483217548776,0.6545796260010589,-0.0867110959684965,-0.22505169253827484,-0.28029569256976694,0.06556319359667791
2014-05-21,0.029342471608055355,0.6585603982120711,-0.08400824134415066,-0.23495307731241022,-0.29289993196824815,0.04265496321555956
2014-05-22,0.018433470404847597,0.6627709563530377,-0.08139482429424928,-0.23903810332475006,-0.29959837503048936,0.027060115408497263
2014-05-23,0.01139048073918524,0.667078114317841,-0.07886444752185526,-0.23924355825321508,-0.30233420673134836,0.016788515816605856
2014-05-24,0.0069803997113135835,0.6714394371496177,-0.07641637402212761,-0.2368442429495824,-0.3023829649274433,0.010289203428384552
2014-05-25,0.004251729853647803,0.6758292515855785,-0.0740451172979016,-0.23281184164706137,-0.3007218203491483,0.0062517993734364525
2014-05-26,0.0025722900700023144,0.6802303559841824,-0.07174811220753158,-0.22779317194173299,-0.2980001557341899,0.0037672526386170256
2014-05-27,0.0015474479202410869,0.6800490861593412,-0.06953464247622776,-0.22678581418503152,-0.29920626770879233,0.002270328328958916
2014-05-28,0.0009264475893244348,0.6759211793613431,-0.0673941494781729,-0.2293942283158914,-0.30395517483770707,0.0013687683201288072
2014-05-29,0.0002287405550365501,0.6710303569795603,-0.06533207605466551,-0.2329206843084548,-0.30954370425377786,0.0003407634337868483
2014-05-30,2.3644907503087613e-05,0.6660021994454749,-0.06334474847515367,-0.23616660991056182,-0.3147769574353967,3.5501486471681675e-05
2014-05-31,4.873406966804528e-18,0.6609057300135089,-0.06142812256278782,-0.23937009833766498,-0.3198970717748657,7.373830707603208e-18
2014-06-01,5.3607476634849807e-17,0.6557756395200492,-0.05957857485708251,-0.24265064112541934,-0.3250271622683254,8.174667280121016e-17
2014-06-02,0.012848712917280923,0.6506331453713159,-0.05779283373428929,-0.23315868123407857,-0.3173209434997778,0.01936558288183379
2014-06-03,0.040562814036173914,0.6454843462635493,-0.05606792373762032,-0.20886846922628322,-0.2947556414886514,0.059125401843296975
2014-06-04,0.04839262048258763,0.6403376795855874,-0.054401120442259365,-0.20451852616247046,-0.2920725017201996,0.07026352765051488
2014-06-05,0.039701468518166916,0.6352040403627457,-0.05278991374185582,-0.2167321106493293,-0.30589729290746204,0.05882522515484795
2014-06-06,0.028861358188427107,0.6300834040907041,-0.0512319778821729,-0.23113492139142788,-0.3218580395092435,0.04379935897601284
2014-06-07,0.01973017266959946,0.6249800304156226,-0.04972514691184972,-0.2438626496150138,-0.33609259870315267,0.030603164918411252
2014-06-08,0.01299294829864095,0.6212714205038167,-0.04826739449133416,-0.25285073147726256,-0.346538432985917,0.020485067327954565
2014-06-09,0.008343507189988053,0.6199589093603365,-0.04685681721511043,-0.25740210645317196,-0.35250038523805005,0.013279444691296632
2014-06-10,0.14659743661944744,0.6188375953620572,-0.04549162077186432,-0.11890429457874574,-0.21536776980687,0.19152172358762604
2014-06-11,0.5565365627378683,0.6177997043445874,-0.0441701084017897,0.29131845289227987,0.1935334652940811,0.4739158436454822
2014-06-12,0.7195996935535367,0.6168124822713656,-0.04289067121731319,0.4546737988192031,0.3556093740365277,0.5384564033243432
2014-06-13,0.6478284113801226,0.6158627029804694,-0.04165178003881244,0.3831916285333934,0.28288831257221736,0.512647753883997
2014-06-14,0.5127785245942356,0.6149425176773048,-0.04045197846506314,0.24842135801809095,0.1469182404831656,0.45470334007544866
2014-06-15,0.36921879254637385,0.6126716031362763,-0.03928987695262631,0.10375281294163774,0.0010875938942754848,0.37602852026032696
2014-06-16,0.2634159245395055,0.6126312885124764,-0.03816414772203801,-0.0009646404584422452,-0.10475558873639279,0.30068690432997847
2014-06-17,0.19610009249515004,0.6173056123041559,-0.037073520343662625,-0.06251552133274274,-0.16739709698906868,0.24108521902183414
2014-06-18,0.14053064865382422,0.6250498584769674,-0.03601677788417791,-0.10928397654177235,-0.21522229465758302,0.18356090227597188
2014-06-19,0.0946768613054554,0.6367357139696074,-0.034992753517272254,-0.1424278840305956,-0.24939022651331189,0.1294438522195906
2014-06-20,0.06164030352708105,0.6496648738863973,-0.03400032752030758,-0.16154285589521533,-0.2694976243748963,0.08665802736207252
2014-06-21,0.03923282179941429,0.6627687020561228,-0.03303842459337911,-0.16988460652622805,-0.2788012779328375,0.05588708922445003
2014-06-22,0.024567507776648515,0.6773210950844724,-0.032106011448999834,-0.16906511437626504,-0.2789141989272538,0.03500200413071754
2014-06-23,0.015195535744695373,0.6887765023236829,-0.03120209463022431,-0.16607776235023208,-0.2768307637199964,0.02158542516317871
2014-06-24,0.00930814531589841,0.6954797536079981,-0.03032571852269087,-0.16438552538718043,-0.27601490286447816,0.013207016366357207
2014-06-25,0.005193016766785787,0.6990971031679575,-0.029475963532354384,-0.16403354938599723,-0.2765126818536314,0.00737340567444983
2014-06-26,0.002015295763791744,0.698750517125398,-0.028651944405697627,-0.16673383730489388,-0.2800369888991848,0.0028758477179171658
2014-06-27,0.02255154406372803,0.697130999595911,-0.02785280867333354,-0.14701797080208057,-0.2611202581287356,0.03133540512050182
2014-06-28,0.032487093575694986,0.695300635561211,-0.027077735201220022,-0.13813771185270007,-0.2530150726514686,0.04463814416632429
2014-06-29,0.027781303016624778,0.6919799163119086,-0.02632593283641781,-0.14541241929627058,-0.2610415824598413,0.03859794369380169
2014-06-30,0.04628177520303189,0.6871216172054946,-0.025596639136524213,-0.1310409525163838,-0.24739940937984817,0.0631054828517232
2014-07-01,0.05247866544975628,0.6821011734953367,-0.02488911917368808,-0.1291569860169811,-0.2462229628432816,0.0714403835601032
2014-07-02,0.04232264420242919,0.6770068569714806,-0.02420266440559269,-0.1437208690200691,-0.26147330061446494,0.05883624143505967
2014-07-03,0.030520110530019816,0.6741547865920428,-0.023536591606965175,-0.15770940027328872,-0.2761279046663121,0.0433109092642095
2014-07-04,0.020761710810134597,0.6714079559284124,-0.022890241856164895,-0.16956828090600395,-0.2886331350498277,0.029995117971526066
2014-07-05,0.013626818204571662,0.6686882574641433,-0.022262979572176524,-0.1787956096918476,-0.2984877261196597,0.019971445290456843
2014-07-06,0.008729534082910833,0.6687331095603966,-0.02165419159802784,-0.18303925374310648,-0.3033401581450672,0.012885631650425056
2014-07-07,0.0054950212124728086,0.6689562739488893,-0.021063286327145582,-0.18545969695416953,-0.3063515066270125,0.008147395152022249
2014-07-08,0.0034133335569350083,0.6692430293117404,-0.020489692869655775,-0.18668103578936646,-0.3081464389196993,0.005074409082191947
2014-07-09,0.03636152904052356,0.669561942953122,-0.01993286025596804,-0.15285709405070858,-0.27487932979472907,0.051509165629289165
2014-07-10,0.08660447595371111,0.6676112279493154,-0.019392256675310506,-0.1040242585606701,-0.22658709788534814,0.1148271979826693
2014-07-11,0.09577998327926615,0.6655424635495963,-0.018867368747134718,-0.09639262770665824,-0.21948035495951213,0.12580738119336773
2014-07-12,0.08125362936177628,0.6634416440320937,-0.01835770082351488,-0.11251013321803094,-0.23610752839450466,0.10910990342596302
2014-07-13,0.06182955829667892,0.6585773678436537,-0.0178627743208636,-0.13630355396891702,-0.260395875648042,0.08582587986478457
2014-07-14,0.043196707682937235,0.653544738372218,-0.017382127079423992,-0.15948838681265476,-0.28406135573321933,0.061998188750662764
2014-07-15,0.02873741502483227,0.6521311803863984,-0.016915312749135582,-0.174894423126291,-0.29993420637714396,0.042206991508362136
2014-07-16,0.0186219756577658,0.6545845622489217,-0.01646190020058439,-0.18210306808228294,-0.30759626388168715,0.027661608450313315
2014-07-17,0.020386177990033897,0.6573213274769023,-0.01602147295984291,-0.17716167328129273,-0.3030952963214384,0.030081086347107735
2014-07-18,0.020154816074425173,0.6606165575335563,-0.015593628666081955,-0.17366996084648656,-0.3000314281803932,0.029605851326573576
2014-07-19,0.01555112626996622,0.663993637257912,-0.01517797855092821,-0.17448092081143596,-0.30125803826049635,0.02288462380201718
2014-07-20,0.0880444338258062,0.6674108475900236,-0.0147741469385864,-0.0981665713111427,-0.2253475203725449,0.11654486505249989
2014-07-21,0.1265144842103676,0.6708504954635378,-0.014381770765813318,-0.055864496880293935,-0.18343782211446924,0.1586657144913834
2014-07-22,0.11002614878895502,0.6706345869748599,-0.014000499120885152,-0.07218746914545637,-0.20014206602455975,0.14093977543433528
2014-07-23,0.19330303505000107,0.6674533259587293,-0.01362999280073407,0.008278662419610172,-0.12004644077964433,0.22457346097735137
2014-07-24,0.22261738511315746,0.6640412884185396,-0.013269923885490678,0.03454104385782031,-0.09414412825667762,0.2510745022393323
2014-07-25,0.18034774141662582,0.6600864502132151,-0.012919975329687064,-0.011333489488232207,-0.14036861015853375,0.21458877234263907
2014-07-26,0.1303058530079364,0.660643701462007,-0.012579840569432177,-0.06047799188787484,-0.18985324731843123,0.16474609824549577
2014-07-27,0.08872967549339374,0.6619010275713076,-0.012249223144884192,-0.1004662258685689,-0.23017209872367328,0.11820682944505881
2014-07-28,0.058282178827953474,0.6632509966677967,-0.011927836337393138,-0.12924236663002897,-0.2592696262926244,0.08077546647513334
2014-07-29,0.0373569292127526,0.6692207602710564,-0.011615402820701984,-0.14388541912527908,-0.2742251123045657,0.05287023602463834
2014-07-30,0.023524920063966042,0.6745698299231538,-0.01131165432563408,-0.1520646101269003,-0.2827080518012548,0.03369874943823899
2014-07-31,0.01461760680876661,0.67995812085682,-0.011016331317705703,-0.1552883094405053,-0.28622707412278814,0.021045375221928956
2014-08-01,0.008960103883191262,0.6853747025902126,-0.010729182687142735,-0.15524208200212497,-0.2864679953149708,0.012904586950927218
2014-08-02,0.005463721611704555,0.6862194669005147,-0.010449965450789836,-0.15761448272695655,-0.2891196132761553,0.007899167859575689
2014-08-03,0.029006060788739838,0.6863329667320075,-0.010178444465431202,-0.13368712273307004,-0.26546377426762735,0.04054869044300615
2014-08-04,0.10856177208755773,0.6863308955666103,-0.009914392152054622,-0.05386943028627267,-0.18591013413420665,0.13657412692953588
2014-08-05,0.13611093965022397,0.6816912239092856,-0.009657588230621794,-0.03070313045949824,-0.163000638228865,0.16643504470298395
2014-08-06,0.1215411125168686,0.6767403081243499,-0.009407819464913609,-0.04997410461208118,-0.1825213811471561,0.1522534652243827
2014-08-07,0.09496184962821345,0.6716818916817989,-0.009164879417044894,-0.08136884389541865,-0.2141590604783623,0.12386698607353942
2014-08-08,0.07594539523036632,0.6665623992086516,-0.008928568211257149,-0.10526847956062535,-0.2382950073493567,0.10228228686507575
2014-08-09,0.0581473471540953,0.6641620165201767,-0.008698692306621032,-0.12523703442073508,-0.25849343811410264,0.08050199828271512
2014-08-10,0.040573145829912054,0.6664938721940001,-0.008475064278279912,-0.14025575204275387,-0.2737357837644625,0.05738231991545096
2014-08-11,0.027021078480643546,0.6691432382876671,-0.00825750260690274,-0.1509408916269782,-0.28463848502006406,0.03881422507559575
2014-08-12,0.017475579072114493,0.672816528306945,-0.008045831476004905,-0.15660142988533143,-0.2905106944093151,0.02531620872570421
2014-08-13,0.011074501529412854,0.6766011876108602,-0.00783988057683869,-0.1590118972249518,-0.29312711264810165,0.01610425045453928
2014-08-14,0.07115711005170369,0.6813512818433627,-0.00763948492052772,-0.09397879881384741,-0.2282944098933083,0.0945598890565279
2014-08-15,0.10429079080882482,0.686186157360466,-0.007444484657182633,-0.05581524227627788,-0.19032585361908383,0.13193400648856063
2014-08-16,0.09566849707901587,0.6882995663919035,-0.007254724901696466,-0.0621343672191631,-0.19683473831745524,0.12203111521591288
2014-08-17,0.074643097329871,0.6856766746310979,-0.007070055565972362,-0.08559798939338958,-0.22048302982740575,0.09817329508261533
2014-08-18,0.05277595896190786,0.6827330694161048,-0.006890331197314784,-0.11022900860768814,-0.24529377341036196,0.07175433193293694
2014-08-19,0.03529418723358893,0.6787623515180697,-0.00671541082275201,-0.1315065778594795,-0.266746263036716,0.049427720801060934
2014-08-20,0.14293529406853894,0.6792610176894193,-0.006545157799043392,-0.023196551829471224,-0.15860649003041638,0.1738457008678687
2014-08-21,0.19764678160573684,0.6795246135453546,-0.006379439668163067,0.03194424969454235,-0.1036314066372831,0.22532287612011387
2014-08-22,0.17365634942045263,0.6802733388627126,-0.0062181280180239416,0.008863854476755195,-0.12687311350520947,0.20336141464947846
2014-08-23,0.13175045571959337,0.6810654925009849,-0.006061098348258927,-0.0320928559160667,-0.1679868535677963,0.1620913762925325
2014-08-24,0.09206983588006135,0.6818741608142995,-0.005908229940844592,-0.07081193903486982,-0.20685880509401378,0.11896188390026463
2014-08-25,0.06146081320149639,0.6826851318592965,-0.005759405735385211,-0.10046116646297842,-0.23665685672758174,0.08259241834137168
2014-08-26,0.039834701827739794,0.6880779996716018,-0.005614512208874193,-0.11654951649791867,-0.252890100289033,0.054724559340273884
2014-08-27,0.025290038521352035,0.689615910498838,-0.005473439259761755,-0.1294151960279578,-0.26589685276818464,0.03537533651246453
2014-08-28,0.015812267604736266,0.6909825063422048,-0.005336080096155604,-0.13738901193760056,-0.2740080278414335,0.02237179473814741
2014-08-29,0.01812532798181009,0.6918536926750019,-0.005202331128003131,-0.1340710162595773,-0.2708237811315627,0.025529385312036523
2014-08-30,0.0228902770494714,0.6926777523868834,-0.005072091863092283,-0.1283517682151235,-0.26523477235201975,0.031988959970028034
2014-08-31,0.042320273091860636,0.6934797502137652,-0.004945264806735275,-0.1079929472894956,-0.24500277848274887,0.05751599857490391
2014-09-01,0.08624732999557938,0.6942724182608205,-0.004821755364981861,-0.06314971289696802,-0.20028305353197473,0.11049986907858124
2014-09-02,0.13446267867144054,0.6904751225548785,-0.004701471751237603,-0.018611376313304562,-0.15586500056205554,0.16299735382662037
2014-09-03,0.1517434145926415,0.6859406540535199,-0.004584324896150238,-0.00574796203837491,-0.14311873314221324,0.18114635370574067
2014-09-04,0.13014384610454297,0.6817525605525611,-0.004470228360645071,-0.03142152749192706,-0.1689063951312706,0.16029612280265684
2014-09-05,0.10049443214865293,0.6779959870449914,-0.004359098251984253,-0.06471638484672593,-0.20231238259473028,0.1290888489709924
2014-09-06,0.07700622676150698,0.676537522229853,-0.004250853142744038,-0.08955480993977027,-0.22725905279701475,0.10219211142628686
2014-09-07,0.06008388898919185,0.679339789282794,-0.004145413992586407,-0.10356944150898661,-0.2413791235163888,0.08125772916767604
2014-09-08,0.04426529929152831,0.6865571516781944,-0.0040427040727412464,-0.11206795889140453,-0.2499803508186519,0.06056915634268353
2014-09-09,0.03029473896172707,0.6959528230005712,-0.003942648893068464,-0.11654279271915635,-0.2545552398260764,0.041714066316273245
2014-09-10,0.01993163604521469,0.7055828662461954,-0.0038451761316358004,-0.11717837962861188,-0.25528829949696463,0.02747241575773347
2014-09-11,0.012782035775130535,0.7148492847450543,-0.0037502155666929715,-0.1149666008348943,-0.2531714812681899,0.0175666376840302
2014-09-12,0.008049754122153327,0.724133799810495,-0.003657699010964669,-0.11032185086670243,-0.2486192478557263,0.010994174997399358
2014-09-13,0.04351917450514316,0.7315941887998568,-0.0035675602481791318,-0.06730190273156522,-0.20568943848337462,0.056145560850069824
2014-09-14,0.06477153587484531,0.7348087944136067,-0.003479734971738017,-0.04274711047167212,-0.18122247149992265,0.08100691502938637
2014-09-15,0.057604758269157764,0.7335965036271852,-0.00339416072546476,-0.05104060461750781,-0.18960153989203166,0.07280670676774614
2014-09-16,0.04315878229304705,0.7301873424084535,-0.0033107768463394396,-0.06881235793322493,-0.2074566770868741,0.05580784711335518
2014-09-17,0.029929107316320158,0.72652204259938,-0.003229524409159042,-0.08562608028184493,-0.22435165187267447,0.03956515542299789
2014-09-18,0.019894218947160307,0.7222790900138698,-0.003150346173046529,-0.09982474300040256,-0.23862949282734458,0.026805354904247722
2014-09-19,0.012885909655309407,0.7216029493265356,-0.0030731865297454752,-0.10743203333628659,-0.24631394280652963,0.017544050529468846
2014-09-20,0.012446436350894761,0.7210917216546462,-0.0029979914536312027,-0.1083075392364764,-0.24726464378283375,0.016967674026305724
2014-09-21,0.011471851990332084,0.7206178772701808,-0.0029247084533809975,-0.10968268498125422,-0.2487130725278618,0.015670008103951756
2014-09-22,0.03003791681591538,0.7201543100882736,-0.0028532865252397692,-0.09150876540943687,-0.23061057488418568,0.04004029332571542
2014-09-23,0.037909332985695834,0.7196914783004122,-0.002783676107827833,-0.08403057061010577,-0.22320199050226652,0.05003866471755845
2014-09-24,0.03145136835264365,0.7192242212809541,-0.002715829038431446,-0.09088794519321985,-0.23012721215477694,0.04189741718922146
2014-09-25,0.022970722238256386,0.7187538147335628,-0.002649698510725958,-0.09977286732729285,-0.23907826481655547,0.03096934386455268
2014-09-26,0.015742642847648505,0.7146145591875083,-0.0025852390338808595,-0.11107574278711019,-0.2504455997532179,0.021554717066910926
2014-09-27,0.010383097582061686,0.7097966026042253,-0.002522406392991894,-0.12119041199509106,-0.2606231016020877,0.014417370524850837
2014-09-28,0.1393179368610561,0.7071770212363958,-0.002461157610808895,0.005186094698256927,-0.13430784369092275,0.1645821224667203
2014-09-29,0.20198877066650459,0.7046611216301991,-0.0024014509106873487,0.06540073559763027,-0.07415290949167097,0.22278585414578442
2014-09-30,0.18141570609715035,0.7021724139577251,-0.0023432456807529105,0.04239716858573639,-0.09721468173349923,0.20531704985563126
2014-10-01,0.14079557768030523,0.6996973805644002,-0.0022865024392053623,-0.0006412499828859497,-0.14030984354366915,0.1675154756493668
2014-10-02,0.0994419522651311,0.6972359928470129,-0.002231182800746523,-0.04440094347698864,-0.18412485667623069,0.12482076713085512
2014-10-03,0.06680754456453777,0.6943276082423836,-0.0021772494440793115,-0.079889802425544,-0.2196676489814533,0.08777356336540795
2014-10-04,0.060617877023676804,0.6959808433231934,-0.0021204840668873626,-0.08436946950840318,-0.2242040814415044,0.0801189261804275
2014-10-05,0.05321066404477225,0.6956164422348834,-0.0020659303872579784,-0.09208652989598842,-0.231975695508719,0.07105867776226077
2014-10-06,0.047884706845424986,0.6961214934873577,-0.0020130619540872086,-0.09685456740969056,-0.2367966014555919,0.06436062874745786
2014-10-07,0.04403261315904711,0.6966909307471545,-0.0019645554509330567,-0.10008871733311753,-0.240079257882173,0.05944540783305112
2014-10-08,0.03519936489106998,0.6972903883406181,-0.0019172580956658876,-0.1082752106523639,-0.24831304855668657,0.04805441268737631
2014-10-09,0.025122590129130415,0.6979062296006613,-0.0018678272493801902,-0.11768671330797453,-0.25777398205858293,0.03474631915574148
2014-10-10,0.016965899213681242,0.7003672874257514,-0.0018198881452102613,-0.12333440729416378,-0.26346961514894207,0.023651351324149944
2014-10-11,0.011076662586759926,0.6983657012999445,-0.001776175487095947,-0.1311815173887777,-0.2713604379016703,0.015613195871298198
2014-10-12,0.007067543510679437,0.6970439973163364,-0.00173125805177358,-0.13646742301314385,-0.2766912609613589,0.010037533971362318
2014-10-13,0.003998779969554033,0.6952543681418879,-0.001686565535981769,-0.14128112321292596,-0.28154965367693274,0.005718644213978907
2014-10-14,0.0024892771752348473,0.693421930884589,-0.0016434988309232492,-0.1445799965594855,-0.2848915937285508,0.0035770040005173435
2014-10-15,0.0015046969219096643,0.6915775030844165,-0.0016004454899331,-0.14736595127199303,-0.2877206017820485,0.002171022314374731
2014-10-16,0.0009190101216875411,0.6897277845113959,-0.0015592910373594855,-0.14976020219266217,-0.2901560071552912,0.0013306513963852959
2014-10-17,0.0005572553567028016,0.6860434602125141,-0.0015185729919068764,-0.15376556321107604,-0.2942020862191578,0.0008116148790215238
2014-10-18,0.00461877593078823,0.6822539951314004,-0.0014822822671169689,-0.1534572169933145,-0.29393003072618606,0.006724354386105155
2014-10-19,0.08790307292525233,0.6775235187167706,-0.0014468865689422534,-0.0748680007153053,-0.21537621014635167,0.11484193766600038
2014-10-20,0.12685232353569897,0.672271714250058,-0.0014092367475002179,-0.04113290475012932,-0.18167876400261762,0.1587392163639404
2014-10-21,0.10846831009381126,0.6669794788536438,-0.0013727055884071488,-0.06477262242933812,-0.2053550128409195,0.1398782892153699
2014-10-22,0.08032197803401865,0.661677791047408,-0.0013374388373419421,-0.0981853755443014,-0.23880303270694803,0.10825067793950238
2014-10-23,0.055495362693207026,0.6563793158394275,-0.0013019132121805388,-0.12827494046793209,-0.2689281232557401,0.07795664653727805
2014-10-24,0.04964518476894603,0.6515500298210817,-0.0012662022133688305,-0.13891869341172713,-0.2796075871983469,0.07080080373619263
2014-10-25,0.04289068104265232,0.6513480127665913,-0.0012340408842366202,-0.14584305286337906,-0.286564107979131,0.061780885198596286
2014-10-26,0.03150422912454415,0.6514460896399625,-0.0012012269516702098,-0.15709861397554958,-0.2978524830238679,0.046129606003460055
2014-10-27,0.07300370389763487,0.6516526706719722,-0.001171625649632015,-0.11536295686841103,-0.25614642721876757,0.10074251253360428
2014-10-28,0.0908402249722104,0.6519236453320865,-0.0011402306270570464,-0.0972240661111462,-0.23803893148407773,0.12230027415710838
2014-10-29,0.0750674574386557,0.6522384078170208,-0.001113180704089787,-0.11265502123679938,-0.2534969365326981,0.10321305110370112
2014-10-30,0.05471897990526139,0.6539601774497581,-0.0010845020620548391,-0.13125305049542135,-0.2721236444333551,0.07721262765718591
2014-10-31,0.037456655354625154,0.6553298495484333,-0.0010588090485487006,-0.1471200099338763,-0.28801629688531616,0.054066664245814744
2014-11-01,0.02468505591534102,0.6521314054129522,-0.0010322398337562024,-0.1630634842938491,-0.30398634046008144,0.036472304274182556
2014-11-02,0.015845103128712422,0.6532626876056806,-0.0010041657651817526,-0.1707440808191747,-0.31169501105398156,0.023680942514988954
2014-11-03,0.009728617132105658,0.6545983319154935,-0.000975937626041969,-0.1754966943668288,-0.3164758527407754,0.01464432106217115
2014-11-04,0.04889016719959694,0.6559855905237897,-0.0009486776098155032,-0.134920625674815,-0.275927044064988,0.06935997821446264
2014-11-05,0.08469409760654928,0.6574000748577791,-0.0009225873259615981,-0.0976761206500193,-0.23870862932404624,0.11412850383300972
2014-11-06,0.12985352340727194,0.6574556299453437,-0.000895976910623944,-0.052434529346394365,-0.193493648435759,0.1649333338172354
2014-11-07,0.13435477433437432,0.6574390578612948,-0.0008706785509862054,-0.04792455214370328,-0.18900896959270563,0.16968403752502634
2014-11-08,0.1057518656492028,0.6574017405734596,-0.0008450522761032364,-0.07653915184182691,-0.21764919556571227,0.1385721888580685
2014-11-09,0.07536225764117019,0.6527723972582993,-0.0008205332160919805,-0.11153358410500858,-0.25266814688890515,0.10350044065898105
2014-11-10,0.050913306634155976,0.6524496791135159,-0.000796824373736941,-0.13628154441445117,-0.2774398160407028,0.07238553586955582
2014-11-11,0.03309697524648169,0.6541523745783603,-0.0007780575466792931,-0.15237641351022335,-0.29355345196353266,0.04815861267081163
2014-11-12,0.02542541400781909,0.6605910327581881,-0.0007579298746633646,-0.15358918889704232,-0.2947863550223675,0.03706239715924978
2014-11-13,0.01966356938795659,0.6673575350506282,-0.0007364743261971072,-0.15256307567599836,-0.29378169734978987,0.02862149249989217
2014-11-14,0.018012136963636457,0.6742338453242953,-0.0007158583404017574,-0.14731758184085608,-0.2885568195004429,0.026019850493179918
2014-11-15,0.015518345745090735,0.6811662482358666,-0.0006941729282267245,-0.1428572847356555,-0.28411820780741737,0.022274564242072078
2014-11-16,0.01139449879409481,0.6881239589809661,-0.0006731048436345911,-0.14000235285695972,-0.2812843440133137,0.016289060949638095
2014-11-17,0.016380418224821718,0.6905063330785781,-0.0006528704721387422,-0.13261382495712493,-0.2739160504849748,0.02317262021762118
2014-11-18,0.017917440782462137,0.6912358768686582,-0.0006338620060797421,-0.13032825014334548,-0.2716494841372543,0.02526596200918701
2014-11-19,0.014154516476511189,0.6872063338307021,-0.0006138055665076229,-0.13810066104768037,-0.27944195148116135,0.020181503530331303
2014-11-20,0.010105016268361718,0.6832758542699562,-0.0005952124073674407,-0.1460620476574357,-0.2874219312500568,0.014573543484862107
2014-11-21,0.00670487094455131,0.679238843514238,-0.0005777782528200437,-0.15348176958241677,-0.2948590873295853,0.00977466635122018
2014-11-22,0.004403974442736476,0.6751359617525564,-0.0005642404558318104,-0.15987201004892504,-0.3012628655930818,0.006480817694680447
2014-11-23,0.002822710996984127,0.6719097772127354,-0.0005510281595181576,-0.16466624573818467,-0.3060703135786551,0.004183452029223729
2014-11-24,0.0017775023519751517,0.6687146448142771,-0.0005363559214972211,-0.16889191454363106,-0.3103106546221224,0.0026510412679515098
2014-11-25,0.0011044502928590294,0.6650648345427821,-0.0005204203975558869,-0.17319884135030084,-0.31463351695273356,0.001657912362518368
2014-11-26,0.0006791002012107186,0.6613900471569225,-0.0005031341232679468,-0.17728169255352078,-0.3187336544302414,0.0010257239805246093
2014-11-27,0.0003999885215376069,0.6572581953410797,-0.00048758771139643475,-0.18167710963716532,-0.32314461792575744,0.0006082012378958904
2014-11-28,0.025939797305458017,0.6531008317417609,-0.0004761963511942732,-0.16028327309236134,-0.3017621727411557,0.03820065574258035
2014-11-29,0.03842851372806381,0.648942470546658,-0.00046294385458447995,-0.15193966536824877,-0.2934318175136529,0.05590651134134151
2014-11-30,0.033036761863956945,0.643873685571676,-0.00044957229590503883,-0.1623868306486581,-0.30389235435274164,0.048805217867609274
2014-12-01,0.037369607645398165,0.6387609037889852,-0.00043550018554183256,-0.1631526945395445,-0.30467229035399124,0.05526981405722996
2014-12-02,0.03608166736237492,0.6336457400622229,-0.00044501460435323925,-0.16956531296814148,-0.31107539436377685,0.05387515422300711
2014-12-03,0.027716853551161557,0.6285398719437947,-0.0008094853497647575,-0.18340046564319457,-0.32454607629341836,0.04223477257357963
2014-12-04,0.019492609196846134,0.6261991403131402,-0.002243232292829242,-0.19539918857122895,-0.33511105227838833,0.0301887227328505
2014-12-05,0.025909403490940692,0.6240439495736837,-0.005261821533700205,-0.1941561742574619,-0.3308494487237502,0.03986348153875058
2014-12-06,0.027633836612922034,0.6219558419746063,-0.009509871335349373,-0.19876789853620713,-0.3312131232008463,0.042540449030854695
2014-12-07,0.021875175818256314,0.6212895646978173,-0.014066227862557807,-0.2097491931348704,-0.3376380612723011,0.034011777139250104
2014-12-08,0.015615025709211968,0.6207411934935817,-0.018773390111917282,-0.22126487669750972,-0.34444658258558103,0.024538183548789647
2014-12-09,0.010556125691906745,0.6202468493173238,-0.02419431611549569,-0.23223904689465125,-0.3499998267791441,0.016734425977861435
2014-12-10,0.06257680547750977,0.6197895816876828,-0.030587893051957145,-0.18706921167515067,-0.29843641462318204,0.09170558024916413
2014-12-11,0.19873744812838526,0.6179846860816548,-0.0372860921156745,-0.05941166369402051,-0.16408066757833462,0.24333545009235058
2014-12-12,0.24012696102060474,0.6161201117982414,-0.043224651058640054,-0.025825284028179962,-0.12455572896952849,0.2804412051653317
2014-12-13,0.21888808067179177,0.61425324519852,-0.047949192275532015,-0.05365557219360628,-0.1476614759180629,0.2627262312827155
2014-12-14,0.17565806794554767,0.61101563501243,-0.051533431180023154,-0.1037074340104317,-0.19412909883039708,0.22329215694519147
2014-12-15,0.13008619044876885,0.6077015304002416,-0.05426666771898277,-0.15532665265835843,-0.2430150809393642,0.17631926741620468
2014-12-16,0.09152467300727984,0.6089576392274609,-0.05649266116059555,-0.1948580547142409,-0.28032048955363387,0.13065950618408867
2014-12-17,0.16827008233007895,0.6150722028947315,-0.058472179683748654,-0.11397760024732428,-0.19746051656356423,0.2148104162177168
2014-12-18,0.19924996131548608,0.6201717693509449,-0.06042776775904088,-0.079853742880996,-0.16138107112194366,0.2431592351760518
2014-12-19,0.162516265190747,0.6276123406319176,-0.06215656971738843,-0.11087566968310991,-0.19067419596571,0.20568330774651375
2014-12-20,0.11768072789950251,0.6352346738276494,-0.06400952026956161,-0.14994182433079573,-0.22788740006122266,0.15630006721810782
2014-12-21,0.08026081058315879,0.643382261954609,-0.0669122303018708,-0.18211686355248902,-0.2571597292506068,0.11091215217702492
2014-12-22,0.05276560113680777,0.651592080183743,-0.07127334172675333,-0.20576336619458868,-0.2764451204678239,0.07491307688713104
2014-12-23,0.03384092911723099,0.6598219505117005,-0.07695558633698424,-0.2221404124964388,-0.2871399221594432,0.048785844119745715
2014-12-24,0.0213197391205118,0.6634703320697267,-0.08370794496176384,-0.2377655795599114,-0.29601273059813615,0.03113324800906621
2014-12-25,0.013068614443525032,0.6668390467613499,-0.0909862481645958,-0.24992629274810696,-0.30089514058349975,0.019221160738747873
2014-12-26,0.007675906469855841,0.6678166171766043,-0.09817848741412823,-0.26153366955605417,-0.30531027814191447,0.011363421801354034
2014-12-27,0.004689279225746677,0.6685952497610217,-0.10522269572589528,-0.27078587252751296,-0.30751827280160626,0.006964780897020778
2014-12-28,0.002773663337425655,0.6688265409715756,-0.11234482577159186,-0.2795923272509767,-0.3092025974793734,0.00412993224187511
2014-12-29,0.001672753823988966,0.6689736224292727,-0.11966355796450952,-0.2878648874996339,-0.3101564255351129,0.0024942412025458706
2014-12-30,0.0009895323752924098,0.664488027311298,-0.12717020613195731,-0.30054035223375297,-0.31532524210178425,0.0014869507782628078
2014-12-31,0.0005911226875777367,0.6596935217104172,-0.13467927204690194,-0.31324233343729313,-0.3205181573903797,0.0008952543309812761
2015-01-01,-4.894347387365016e-17,0.6547909478818458,-0.14195509599998862,-0.32601185390652887,-0.32601185390652887,-7.474671730263718e-17
2015-01-02,-4.289454784356368e-17,0.649829616665861,-0.14907799424432788,-0.33809608336685293,-0.3309731851225136,-6.600891486547901e-17
2015-01-03,-7.357464355792441e-17,0.6448347258386693,-0.15629613865531616,-0.35030911860503305,-0.33596807594970546,-1.1409845129266813e-16
2015-01-04,2.1930331350620375e-17,0.6398236345889166,-0.16364603860441568,-0.3626701098038852,-0.3409791671994581,3.427558809188176e-17
2015-01-05,-4.523512089035131e-18,0.6347999436845728,-0.1708527394227734,-0.37490050152658666,-0.3460028581038018,-7.12588609063083e-18
2015-01-06,2.2455173667274464e-17,0.6297767187085488,-0.1776111020898247,-0.38668208916966196,-0.35102608307982586,3.5655769735855195e-17
2015-01-07,1.218351741701132e-18,0.624759810828849,-0.18397364279174502,-0.39806153775128206,-0.35604299095952563,1.950112220062272e-18
2015-01-08,-1.0234154630289508e-16,0.619752603887348,-0.1901769020143307,-0.4092720039153689,-0.36105019790102677,-1.6513290248554994e-16
2015-01-09,-2.314868309232151e-16,0.6147599109284578,-0.1962569444404213,-0.42034473930034977,-0.36604289085991704,-3.765483513289048e-16
2015-01-10,-2.1321155479769808e-16,0.6097846710333188,-0.20200297707229578,-0.43106601182736326,-0.3710181307550561,-3.4965056506979365e-16
2015-01-11,-1.303636363620211e-16,0.6048298833605449,-0.20738910828394178,-0.44140693071178305,-0.37597291842782987,-2.1553769075975058e-16
2015-01-12,-1.2670858113691773e-16,0.5999028248518791,-0.21257952702581934,-0.45152440796232646,-0.3808999769364957,-2.1121517667166034e-16
2015-01-13,-8.985344095045847e-17,0.5949992489214261,-0.21781319964339269,-0.4616616565103528,-0.3858035528669487,-1.5101437709936384e-16
2015-01-14,-3.929184366986151e-17,0.5901205654474012,-0.2232501925622039,-0.4719773329031888,-0.39068223634097343,-6.658273913919999e-17
2015-01-15,0.004282904305760189,0.5852691412411549,-0.22850192864050928,-0.47779758888198026,-0.39125075624145955,0.007264675507633983
2015-01-16,0.006382764169124118,0.5804448058646147,-0.2325391075798018,-0.4845592433344491,-0.3939752317546359,0.010876728523094358
2015-01-17,0.005492933212322226,0.575648422698113,-0.23484802686821593,-0.49255437674616676,-0.3996614458779394,0.00945197438877296
2015-01-18,0.004078934152185218,0.5708807280637272,-0.23602711443706603,-0.4999151580095397,-0.4058431395724622,0.007094296209346024
2015-01-19,0.0028222291425004783,0.5661423500568642,-0.237119473809076,-0.5070026003980974,-0.41183822258900993,0.0049602897011126095
2015-01-20,0.031853339126021195,0.5614338239232052,-0.23886189419233445,-0.48442243693149417,-0.3875156387391483,0.053689580880714675
2015-01-21,0.06730317183605228,0.5572139959004418,-0.24098677220016831,-0.45531731025206024,-0.3562856340518805,0.10776832937993766
2015-01-22,0.07113002052290304,0.5530493247124627,-0.24229901034310708,-0.4569673708961274,-0.35662345655300887,0.11395766467741945
2015-01-23,0.05649495798498288,0.5489238509557838,-0.2423258181774513,-0.4757547150250708,-0.37538399284760804,0.09331549854525625
2015-01-24,0.04044502022695278,0.5448334820614926,-0.24164726640814177,-0.4952164699080825,-0.3955242994999293,0.06910388826654713
2015-01-25,0.027402412225658854,0.5407763291261404,-0.2411168682390356,-0.5117858326756224,-0.4126240604365754,0.04822850668517374
2015-01-26,0.01793951607386447,0.539960056422719,-0.24136113774162885,-0.5223092710334314,-0.42290322929179114,0.032155457645514376
2015-01-27,0.02003794892227375,0.5416589834764184,-0.24254448139480633,-0.5196952547845003,-0.41910586938968253,0.03567395114070309
2015-01-28,0.05424095004100197,0.5431245676849168,-0.24403732229166475,-0.4855195103541321,-0.3834372840624559,0.09080026956944078
2015-01-29,0.0665236072551859,0.5446636137419373,-0.24468972024486124,-0.4723502050361241,-0.36961558079125145,0.10884325615750892
2015-01-30,0.054836486638408635,0.5462549302025955,-0.24421145027356217,-0.48196773922094405,-0.37971138494737044,0.09122819774502543
2015-01-31,0.039942492540672475,0.547883881822833,-0.2432636693475364,-0.494285000772417,-0.39297642742486916,0.06794947331841301
2015-02-01,0.03589822662802094,0.549540271162097,-0.24233338481167402,-0.49574259280994215,-0.3953643039982567,0.0613185275029361
2015-02-02,0.03934090193050448,0.548924923303696,-0.24118406618313576,-0.4917659467373214,-0.3925369765541742,0.06687606222041213
2015-02-03,0.03960346326534033,0.5495626215748974,-0.2392191957707334,-0.48890081671888164,-0.39163671694813684,0.06721952312662306
2015-02-04,0.03272556668001677,0.5502524955828558,-0.23620922228460098,-0.4920788658101144,-0.397824739525502,0.056135159791416596
2015-02-05,0.023706773603344545,0.5509553830902031,-0.23299404485260936,-0.4971795939474478,-0.40614064509482706,0.04125341007270599
2015-02-06,0.01618778138330232,0.551666725558015,-0.23096050826536857,-0.5019537071124374,-0.4129482948470573,0.02850691715118355
2015-02-07,0.01064720483015838,0.553300507181709,-0.2306286125252746,-0.5055286063017934,-0.4168550897765073,0.01887977307714359
2015-02-08,0.00682978058140688,0.5559101307193991,-0.23180175812205694,-0.507909552609637,-0.4180628904875686,0.012136655752067496
2015-02-09,0.004303018664884342,0.5581356800920232,-0.2338742246051238,-0.5102832316366024,-0.4183641030314671,0.007650644726962779
2015-02-10,0.04978655138268812,0.5566929444900558,-0.23659408262261586,-0.46896229253825794,-0.3743233059156307,0.08209107104444419
2015-02-11,0.07182721614203964,0.5550354281306416,-0.23941636451395976,-0.4514014260296646,-0.3539401575156934,0.11458206482438801
2015-02-12,0.06129614459398775,0.5533140786267488,-0.2415314438041907,-0.4657689263718402,-0.3661925785676381,0.09973173611199974
2015-02-13,0.04539913456401159,0.5515611863567991,-0.2427941664897857,-0.48468155135736113,-0.383842480867564,0.07605050616091782
2015-02-14,0.031364975152543266,0.5488747940134674,-0.2434006442842283,-0.5020085809066037,-0.40056303262236403,0.054055197212050335
2015-02-15,0.02079551560437945,0.545202628565445,-0.2438477005514518,-0.5166972621700134,-0.41480465761855023,0.036741314116641124
2015-02-16,0.013389183467217229,0.5455807457740134,-0.24450104528566077,-0.5243788218328163,-0.4218328725471441,0.023953316210394846
2015-02-17,0.008445984008793756,0.5461822230397522,-0.24524681095513423,-0.5294663096949744,-0.42617459473982877,0.015228190527378803
2015-02-18,0.005255281438829094,0.5468488064261922,-0.2458516332903582,-0.532595251213723,-0.42869871392335335,0.009518642506617173
2015-02-19,0.00324220015376452,0.5475504602559409,-0.24628375390019178,-0.5343387992788724,-0.4300101413786692,0.005886425849162223
2015-02-20,0.0019822397458916447,0.5482737930563869,-0.24686148876400696,-0.5354531617501145,-0.4305467689860961,0.003602395299142346
2015-02-21,0.0012029960986621679,0.5490108779872186,-0.2479603858850469,-0.5365942175875522,-0.4305889277024939,0.002186415420114246
2015-02-22,0.03927174667509635,0.5497636215018439,-0.2497187014255106,-0.4995310390369564,-0.3917674336114344,0.06667128800201266
2015-02-23,0.0835776976018077,0.5459403041283847,-0.2515783991387103,-0.460908103196904,-0.3512848000581823,0.13276458714778516
2015-02-24,0.09227598221393972,0.5418474919366819,-0.25242527399516856,-0.457149505632933,-0.346679327637753,0.14551737315439872
2015-02-25,0.07605077081272421,0.5376748380742611,-0.25164910916355554,-0.47677120606495627,-0.3670771929013893,0.12391656745535708
2015-02-26,0.05536660040793703,0.5334659235335871,-0.24956699688574013,-0.499582178732602,-0.39197027784685046,0.09402775518805306
2015-02-27,0.037869389878479875,0.5292409022530572,-0.2471573297911669,-0.5188947434480159,-0.41369250965683757,0.0667760582093198
2015-02-28,0.024943993167131095,0.5291376607281091,-0.2450453973259319,-0.5298114492190777,-0.4267211478931344,0.04501862314294787
2015-03-01,0.016019820445227456,0.5320341165887621,-0.24334049599262056,-0.5341342647470171,-0.4327488647543851,0.029230371981132087
2015-03-02,0.010103079992218683,0.5356354690066844,-0.24228065196612653,-0.5353898087556095,-0.4350642527894716,0.018512674266371074
2015-03-03,0.006284893556194946,0.5393599222508282,-0.24211427109896735,-0.5353171610803302,-0.43515798598135147,0.01151828694074445
2015-03-04,0.0038680581885854244,0.543147777114829,-0.2429779489297364,-0.5348098194147082,-0.4337869664849603,0.007071199659951198
2015-03-05,0.0023602366833702644,0.5469712280507735,-0.24465261191568347,-0.5341688529699258,-0.4314713370542309,0.004296561975587057
2015-03-06,0.0014300625133771903,0.5508149688538995,-0.24664037948766215,-0.5332430539087716,-0.428557770421098,0.002589543467392668
2015-03-07,0.009427189688279027,0.5505433925256787,-0.2485221514054789,-0.5273992749799072,-0.42083221957441685,0.01683515168065921
2015-03-08,0.013281784632505856,0.5472785570320629,-0.24994336732918337,-0.5282307314530008,-0.42024246012380595,0.023693764337780227
2015-03-09,0.011167317164674872,0.5433118531165289,-0.25062352222327344,-0.5349920577304558,-0.4263236315071709,0.020140192388131323
2015-03-10,0.008181513211873456,0.5392285421760425,-0.25104311403692026,-0.5424807644373904,-0.43339274640045866,0.014945858468156414
2015-03-11,0.005644458285000879,0.5350863908579223,-0.2517104571296622,-0.5498273137751251,-0.4400719526454514,0.010438572709412708
2015-03-12,0.11510152992116567,0.5309141881551273,-0.25255966711039785,-0.44539165482249105,-0.33478708371208177,0.17817140775446652
2015-03-13,0.16837047064399122,0.5276443995144926,-0.2530735942496841,-0.39590642987958635,-0.2847879316298908,0.2419064273808589
2015-03-14,0.14434759790243157,0.5244249135512377,-0.25261944212269083,-0.4226946364574077,-0.3120302903347054,0.21583960977802777
2015-03-15,0.16268554964784893,0.5212241542835474,-0.2512670588404626,-0.40620506069745227,-0.29689309785697826,0.23787577323828712
2015-03-16,0.3668056938229265,0.5180419822479061,-0.24930340459372516,-0.20330343431127862,-0.09595512571754206,0.41454106027799914
2015-03-17,0.4375051212077359,0.5148744596438819,-0.2465084430612477,-0.13297656799801594,-0.028423220936756866,0.4593810388254217
2015-03-18,0.360223191322641,0.5163094915256415,-0.24273126964129982,-0.2050462925814034,-0.10427011894009208,0.41096378762751895
2015-03-19,0.2620889612019066,0.5180348859841902,-0.23829007766868454,-0.29701393627097383,-0.2006789546022778,0.33595814580884853
2015-03-20,0.17921801584877697,0.5189415499051498,-0.23392494382491097,-0.37461308385937026,-0.28264323603444785,0.25670065217146093
2015-03-21,0.11803125604235166,0.5244324191122679,-0.23027017202462363,-0.42665420265839016,-0.3383391266337551,0.18371662182137455
2015-03-22,0.07576773145958346,0.5347994397788852,-0.22753575967554865,-0.455816294225466,-0.37023563054990594,0.12409401459612855
2015-03-23,0.04778122596276651,0.5459953240207082,-0.22566240577384536,-0.4707335615787568,-0.3870262518049,0.08047004544739314
2015-03-24,0.029722321600677063,0.557349355797898,-0.2245275533007603,-0.47630358169057124,-0.3937311243897995,0.05062809661059149
2015-03-25,0.0182920414584744,0.5641906127659474,-0.22394794290879183,-0.4803129944727561,-0.39832014756395284,0.03140358142137354
2015-03-26,0.011161212775540668,0.5707885797112894,-0.2237424644117887,-0.48064037771334467,-0.39885300930154455,0.019178996057109605
2015-03-27,0.006396541052966758,0.5773107947727362,-0.22383564785153642,-0.4789760178142196,-0.39709546596267176,0.01095847295446153
2015-03-28,0.003856173593160642,0.5791999638028579,-0.22413812264819702,-0.4799296910405646,-0.3977466643923562,0.006613726099141436
2015-03-29,0.028010257444334517,0.576190275775559,-0.22444231805383344,-0.45908949062232596,-0.3766022685684811,0.046359206760482
2015-03-30,0.03949476677740887,0.5723236287684901,-0.22434491356116473,-0.4513742238036519,-0.36898440624247575,0.06455308808125883
2015-03-31,0.03298124418143659,0.5682740337144545,-0.22351012156684313,-0.46110254945933815,-0.3795475238924836,0.05485397865754349
2015-04-01,0.024473604913110982,0.5641255791847355,-0.22216054361751092,-0.4724090653080505,-0.39220361769052814,0.04157940679211438
2015-04-02,0.016933374855002507,0.5599159842228838,-0.22074167116776944,-0.48274001787826926,-0.4039534427104884,0.029354933984968096
2015-04-03,0.011238053914194813,0.5556677397530702,-0.21952255328393688,-0.49146446540505795,-0.41389700812110963,0.01982349455541247
2015-04-04,0.007255806740290671,0.5541461115509744,-0.21847599406429047,-0.4959217815614115,-0.4194008834971096,0.012924442371652588
2015-04-05,0.004594003146158521,0.5527762855803449,-0.21763486892685174,-0.4991122859887344,-0.42343251306187124,0.008242282086214246
2015-04-06,0.002866517148452113,0.5514558781004161,-0.2171155036411092,-0.5016408141806271,-0.4264804065395065,0.005171209341389073
2015-04-07,0.0017684728111441621,0.550158749304871,-0.21681605810774845,-0.5037365417801194,-0.42887557967235956,0.0032041775442133006
2015-04-08,0.03106155181989916,0.5488768899764568,-0.21644424237550863,-0.4753535063675388,-0.40086435999201875,0.053560084280128394
2015-04-09,0.2894610743023844,0.5476064887263038,-0.21567018725840176,-0.21745033001809966,-0.14373523875968652,0.34580371655431585
2015-04-10,0.4711903451584532,0.5463455715831272,-0.2140600344067375,-0.03537182345354306,0.03673311495320586,0.4630699883964091
2015-04-11,0.5211037241474067,0.5423427303278624,-0.21145185945300315,0.013146889233879855,0.08264365268689444,0.49001406883671655
2015-04-12,0.45517340655846705,0.538183349704161,-0.207932867349026,-0.053423816874784036,0.012553954474253448,0.45821745680876635
2015-04-13,0.35524548550222185,0.5339825990566744,-0.20383787543980283,-0.15345749666929265,-0.09157471722947841,0.3994987244228147
2015-04-14,0.25933415774435886,0.5329752615626784,-0.1995066078554824,-0.2460448943368312,-0.1884933824813374,0.32731424292693057
2015-04-15,0.17702983555542784,0.5367409341694429,-0.19511634085142926,-0.3201932769149446,-0.2670320320635039,0.2480205733609203
2015-04-16,0.11636601622046663,0.5454264405057574,-0.19096522445446557,-0.36802047351662764,-0.31901034506215065,0.17583460651109525
2015-04-17,0.07460214303726018,0.5590878139951343,-0.187338344833777,-0.39249609358976856,-0.34711284475598014,0.11772656676874947
2015-04-18,0.0469800081091877,0.5731678571937213,-0.18439478926957475,-0.40309462975505184,-0.36065493648546565,0.07575613936240913
2015-04-19,0.029189832363127485,0.5892368256520203,-0.18213610230670607,-0.4025571500799444,-0.3623761437732269,0.04720015216810481
2015-04-20,0.01794680256306396,0.6054896738353185,-0.18030694643848727,-0.39571817582849095,-0.35736632538999225,0.02878689849324082
2015-04-21,0.010941526372847456,0.6185961844427201,-0.17860519877177522,-0.38791519374459366,-0.351265090972807,0.01738025567788891
2015-04-22,0.023756216042414676,0.6269434090216581,-0.17702500672588317,-0.3651730874501965,-0.3301031767243019,0.03650872864737775
2015-04-23,0.0337031943030426,0.6303637408147611,-0.17544125629949905,-0.3502220269700814,-0.31673586667057096,0.050752706573266956
2015-04-24,0.05558015781002148,0.6287865531112592,-0.17348400894166544,-0.3279650038087709,-0.296436090867094,0.08121399963361835
2015-04-25,0.06079472059750159,0.6267581828490251,-0.17095581334107393,-0.32225061568293334,-0.293249898341848,0.08842188040040734
2015-04-26,0.048483775176167164,0.6226999961134295,-0.16796848470057593,-0.33563241919936526,-0.3096190304987779,0.0722362149534867
2015-04-27,0.047731162545701214,0.6184104122788208,-0.16490791301127264,-0.3376140439751367,-0.3146612269638527,0.07165318056942291
2015-04-28,0.04707478514736138,0.6158391384256673,-0.1619585207499279,-0.3378923029652853,-0.31788887821534595,0.07101191191404425
2015-04-29,0.0383715876077731,0.6137622230251372,-0.15894380949880144,-0.3456577046542772,-0.32866899115546433,0.0588400524280939
2015-04-30,0.03622802964401674,0.6144467798173744,-0.1559347013290699,-0.34410759765606486,-0.33012799232698353,0.05567762746802078
2015-05-01,0.03156188779626466,0.615286793182019,-0.15314440411957955,-0.345143428929682,-0.333954120810091,0.04879330935409958
2015-05-02,0.023309199594270025,0.6161659397644088,-0.15056099723304145,-0.3499335636627487,-0.3413276624296958,0.0364505172439487
2015-05-03,0.01604491021140801,0.6184350428756258,-0.1481548971382045,-0.35252264983955683,-0.3463228487013409,0.025288285521618485
2015-05-04,0.010605203369373397,0.6212491895444058,-0.14566049379437135,-0.3526538066689782,-0.34894840887459544,0.016784252018044524
2015-05-05,0.006825412963536404,0.6222808509262417,-0.14289706679334152,-0.3526385086919494,-0.35169653789859645,0.010849380073462823
2015-05-06,0.004310538575391735,0.6236771445048522,-0.1398281957606992,-0.35068821846884124,-0.35281511870813065,0.006864049553088028
2015-05-07,0.002627823367938804,0.6223213038195531,-0.13650250538012973,-0.350401083981024,-0.3558536746008828,0.004204859649560607
2015-05-08,0.0016056686195219274,0.6207905908685842,-0.1329915580176258,-0.3494430043179057,-0.35840654230026847,0.002579817270821197
2015-05-09,0.000896747288722863,0.61920018539377,-0.1293614296533623,-0.3481122027592555,-0.36070586910588176,0.0014461405007175272
2015-05-10,0.0005451154682202853,0.6161951653259637,-0.12568111897201517,-0.34778854396621717,-0.36406252099419056,0.0008838655187534263
2015-05-11,0.00032924258091419537,0.6126251509761553,-0.12198919514723867,-0.34788250737855525,-0.36784840823130516,0.0005371404208452599
2015-05-12,0.008721382232342579,0.6089881689096863,-0.11831909555263505,-0.33945725019899226,-0.3630932506463458,0.014118904614989977
2015-05-13,0.012844690928271769,0.6044065337049004,-0.11469528853484602,-0.3362917696900599,-0.3635515771552025,0.020809502542348576
2015-05-14,0.019598964851171498,0.5997564844736194,-0.11113643338198284,-0.330628689845578,-0.3614473524635837,0.031644130801687306
2015-05-15,0.09801567414630374,0.5950850471576148,-0.10765996773929784,-0.2534069522237654,-0.2877020804844561,0.14141620565898205
2015-05-16,0.13152007975388,0.5904067602744649,-0.10428205968782409,-0.22120292544786524,-0.2588759617600297,0.18217923543155168
2015-05-17,0.11934249270908996,0.5857359581899514,-0.10099814103836649,-0.23476739592771123,-0.27572435088933334,0.16926129646554516
2015-05-18,0.09424940360934574,0.5819927711930232,-0.09781341777088129,-0.2604189487568984,-0.3045606269860057,0.13937226502752512
2015-05-19,0.0670633433431031,0.5783176327693029,-0.09474161069074102,-0.28820834036672105,-0.33542182567596857,0.10391279852572331
2015-05-20,0.04524613800986888,0.5755902903130469,-0.09178134673173495,-0.3097926241972053,-0.3599663734654589,0.07287932206570681
2015-05-21,0.029532703824973514,0.5775264968884343,-0.08892715926179082,-0.3207156643367691,-0.37374360107496685,0.04864880359323617
2015-05-22,0.018843940352550385,0.5797756746377278,-0.0861665601461036,-0.3263946509442114,-0.3821831867980964,0.0314789891287749
2015-05-23,0.1445964046711302,0.5830526180456114,-0.08349504252276692,-0.19469372559441145,-0.25315377907163306,0.1987172388843
2015-05-24,0.22232639522121975,0.5864472225883957,-0.08092184145203679,-0.11099592943080738,-0.17202918397875921,0.274893233811634
2015-05-25,0.23885518491862812,0.5889805752146698,-0.07843822907131112,-0.08945017472639927,-0.15296704165507669,0.2885296775294748
2015-05-26,0.20860081762505783,0.5914918256182236,-0.07602842874010851,-0.11478349128521326,-0.1807101585450933,0.26072082950227715
2015-05-27,0.15915107147933308,0.5930867733056846,-0.07370139996978041,-0.16031126097314885,-0.228564957003357,0.2115701471052908
2015-05-28,0.11342384635407518,0.5900454856031239,-0.07144517413023367,-0.20682354796142066,-0.27733346983117557,0.1612349553867633
2015-05-29,0.07643090331083209,0.5912921173877597,-0.06926904291318656,-0.24039372800298087,-0.31307978108978285,0.11446498164892951
2015-05-30,0.04958806502884677,0.5936382330850016,-0.0671699027966027,-0.26279131047114046,-0.3375765036745263,0.07709272020477916
2015-05-31,0.03162623643238459,0.6002006701668975,-0.06514391448258627,-0.27216471367169026,-0.34897589518909256,0.050055222565003256
2015-06-01,0.019812134661483346,0.6070349196263113,-0.0631875969173288,-0.2751882484179202,-0.35395574750058,0.031606010630445276
2015-06-02,0.03797179656586672,0.6144143423818491,-0.06129777150594149,-0.2477593383466118,-0.32841666284065885,0.058204480903157094
2015-06-03,0.04582603760813237,0.621862442183096,-0.05947151690956616,-0.2306307429067238,-0.31311432199714617,0.06863385994387856
2015-06-04,0.03753953283460344,0.6293334347754677,-0.05770613228024973,-0.22968087045856467,-0.31392983417830356,0.05629187965008843
2015-06-05,0.027243497488904457,0.6322301612776438,-0.05599910724156904,-0.235373154263407,-0.32132914302182647,0.04131097144935182
2015-06-06,0.01859857499084353,0.6330109930806638,-0.05434809727572773,-0.24158623499260656,-0.3291932337168674,0.028542513649527215
2015-06-07,0.011798228481009152,0.6294584056068627,-0.052750903454118044,-0.2503419751546322,-0.3395461677005027,0.01839860650765982
2015-06-08,0.007534575264478211,0.6283178435467952,-0.05120545566545721,-0.25420074264256987,-0.34495038297710123,0.01184956609674318
2015-06-09,0.004633584441170424,0.6267443410532672,-0.04970979866691372,-0.2571795789608622,-0.34942487629393704,0.007338844539966808
2015-06-10,0.00289016205595537,0.6251158929935072,-0.04826208041911094,-0.2591037311580344,-0.35279674673891204,0.004602124506152631
2015-06-11,0.0017684728111441277,0.6234549292498003,-0.04686054227337811,-0.2604848460008198,-0.35557939972743025,0.0028285454532166465
2015-06-12,0.013929934596857978,0.6217694740751494,-0.04550351066504488,-0.2486518077814236,-0.3451033931163673,0.021912769473795758
2015-06-13,0.019804472197551794,0.6200622379051502,-0.04418939003464245,-0.24317038572032645,-0.3409360916856726,0.03095093381928413
2015-06-14,0.016874585776923415,0.6183424026869736,-0.042916656753186025,-0.24654737407767502,-0.3455858133244776,0.026565073169296214
2015-06-15,0.021040098838146254,0.6138687500032366,-0.04168385387116389,-0.2456227108181671,-0.34589395294699177,0.03313877082756273
2015-06-16,0.02137408521076818,0.6092325480379136,-0.04048958654560131,-0.24873065908530556,-0.3501961685396928,0.03389448204922266
2015-06-17,0.016604893381741904,0.6045457311117519,-0.03933251802748029,-0.25702959932237257,-0.35965217729488086,0.026732474744402084
2015-06-18,0.011785771674515683,0.6012115907360488,-0.038211366114171155,-0.2640617094919928,-0.3678054393778102,0.01922646392501438
2015-06-19,0.007941459858080131,0.5979531767764404,-0.03712489998953068,-0.2700779691433962,-0.37490816515385406,0.013106998111406734
2015-06-20,0.08655445835506974,0.5947257066709309,-0.036071937388821675,-0.19363947815120708,-0.299522636762374,0.12704679043718592
2015-06-21,0.14170697508873553,0.5924348142081011,-0.0350513420372703,-0.13975725852881982,-0.24666101249153805,0.19302398685744743
2015-06-22,0.14053454154398148,0.5902148767176109,-0.034062021320510394,-0.14216030884730413,-0.2500533835267823,0.1923156393039689
2015-06-23,0.14350093578061796,0.5880264757680315,-0.033102924152755654,-0.14042321839249228,-0.24927539023972523,0.19616617711812784
2015-06-24,0.13923940284906933,0.585861677609244,-0.032173039014710615,-0.14591966434478332,-0.2557017213300613,0.1920275760188642
2015-06-25,0.11311193170784457,0.5823414843866834,-0.03127139213818893,-0.174665681832047,-0.2853493856938466,0.1626448718061514
2015-06-26,0.08143421556021627,0.5833407353809323,-0.030397045818460644,-0.2044698006656982,-0.31602785084722607,0.12249892304896053
2015-06-27,0.05953813856756484,0.5864349031737364,-0.02954909683860398,-0.22242376088568883,-0.33482976004707343,0.0921681474618079
2015-06-28,0.042598252400843965,0.5897234826020639,-0.028726674992819907,-0.2352526457782982,-0.34848106678546686,0.06736800277891455
2015-06-29,0.028666867564409216,0.5962992954065167,-0.027928941697803612,-0.24181048451526377,-0.35583663881744876,0.0458694714416768
2015-06-30,0.018624864101756764,0.6044883898015788,-0.027155088683046703,-0.2428895405680972,-0.35768954788503904,0.029890014351461804
2015-07-01,0.011851708464441345,0.6128437546312405,-0.0264043367523795,-0.24055657944508368,-0.35610733869269273,0.018971977810932284
2015-07-02,0.007420668969434656,0.6212653844623899,-0.025675934610222884,-0.23583758696678447,-0.35211674835655016,0.011803457272397348
2015-07-03,0.004589591417047078,0.6255912676917802,-0.024969157747004773,-0.23363600442656363,-0.3506219426795474,0.007282974959819419
2015-07-04,0.015660041055896513,0.6278511165550765,-0.02428330737895993,-0.21961985555637298,-0.33729164417740165,0.024335306188060853
2015-07-05,0.02058962792718938,0.629007778102729,-0.023617709438201073,-0.21286800919666882,-0.3312053957584563,0.03169598236702486
2015-07-06,0.017295797055557286,0.6268218828655919,-0.022971713609475974,-0.2177017394767129,-0.33668512186722543,0.02685192099939654
2015-07-07,0.02983288153041639,0.6230002611100526,-0.022344692410465956,-0.20835925555838308,-0.32796965914790566,0.04569755973134789
2015-07-08,0.05987546794276548,0.6189932396755669,-0.021736040312859084,-0.18171503848291293,-0.30193409417004236,0.08819889217287086
2015-07-09,0.1430455866814759,0.6148959163741038,-0.02114517290172644,-0.10205137563453281,-0.22286129873279492,0.18872905904321008
2015-07-10,0.18067928850934678,0.611664513115279,-0.020571526070997694,-0.06707543023475793,-0.18845900016374884,0.22803142794691023
2015-07-11,0.15610425829286814,0.6084523907171834,-0.02001455525304211,-0.09430561203137666,-0.21624615277832315,0.20417618301402787
2015-07-12,0.11575828374832497,0.6052399946097126,-0.019473734680545324,-0.1373231621108939,-0.2598045234303371,0.16055278802044662
2015-07-13,0.07999642183485686,0.6038612717188135,-0.01894855667902845,-0.17393856891374404,-0.2969451082347042,0.116978170442384
2015-07-14,0.053039935514270484,0.6053450675182506,-0.018438530988495072,-0.19890123374436008,-0.32241779875585364,0.08056066780070713
2015-07-15,0.03421955160151888,0.6116137683616997,-0.0179431841127912,-0.21095756993795867,-0.33496948182515607,0.05298511325409433
2015-07-16,0.030219113512668004,0.6196084785429783,-0.01746205869539119,-0.20648217242813094,-0.3309752097327283,0.04650327853434741
2015-07-17,0.02627011250591497,0.6264265228758393,-0.016994712920370986,-0.20314578332700284,-0.3281061664066204,0.04024857963385992
2015-07-18,0.1178209519936626,0.6332476410087932,-0.016540719937452115,-0.10431983272338241,-0.22973420878591888,0.15687109418683595
2015-07-19,0.17714099997838767,0.6400859073524962,-0.01609966731002917,-0.03772046576753152,-0.16357589445749088,0.2167586485336633
2015-07-20,0.1648591443809997,0.6450958017472744,-0.01567115648518167,-0.04456391614529365,-0.17084785566010052,0.2035411292554668
2015-07-21,0.13204642046087267,0.6472409279084269,-0.01525480228471282,-0.07481515970379937,-0.20151545341907506,0.1694450971611266
2015-07-22,0.09657353233966766,0.6455105352473639,-0.014850232416313558,-0.11161387061766803,-0.23871873420134304,0.1301382640563719
2015-07-23,0.06601567720773302,0.6421031471381909,-0.014457087003992378,-0.14518596844645448,-0.27268397744245065,0.09322683557905759
2015-07-24,0.04323356551392271,0.6430854106719723,-0.014075018136963028,-0.16660374773945408,-0.29448382560247965,0.06299339959123111
2015-07-25,0.027732278952382356,0.646087507653015,-0.013703689436205497,-0.17873160861919413,-0.3069830151829772,0.04115681893536163
2015-07-26,0.01749370183544575,0.6496833286641456,-0.013342775637971538,-0.18501345092676624,-0.31362577128878333,0.02622047977632897
2015-07-27,0.03229837361495694,0.6537950612348661,-0.01299196219351926,-0.16574623313208237,-0.29470936693855165,0.047075765448807476
2015-07-28,0.04289573889294378,0.6579499659829601,-0.012650944884414761,-0.15065294579689703,-0.27995709691247084,0.06120568135683898
2015-07-29,0.0465010696909511,0.661198513323385,-0.012319429452750181,-0.1434675522268002,-0.27310321877403854,0.06570735776455744
2015-07-30,0.04113000453824279,0.6643903921188129,-0.011997131245663002,-0.14532444037699344,-0.27528240513131896,0.0582973996685677
2015-07-31,0.030639740396197924,0.6629734175368859,-0.011683774873581371,-0.15691832272888373,-0.2871896438552909,0.044174104896599856
2015-08-01,0.021222628066340784,0.6594261702239894,-0.011379093881612585,-0.1695780013796685,-0.30015400349804444,0.03117999784859429
2015-08-02,0.013764098169292404,0.6574954693809794,-0.011082830433559288,-0.17867096867167365,-0.3095432342381029,0.020504881918515953
2015-08-03,0.00884688125242688,0.6555839955355947,-0.010794735008027152,-0.18521156400839178,-0.31637192500035316,0.01331497611187833
2015-08-04,0.005596678635669852,0.6545717615637767,-0.010514566106150775,-0.1891938316950903,-0.3206343615889281,0.008477652512408822
2015-08-05,0.02489733611154973,0.6535995313254979,-0.010242089970449212,-0.17059292832178763,-0.302305934351327,0.03669484312521127
2015-08-06,0.11972317621181543,0.6526329034909598,-0.009977080314368595,-0.07646870639997949,-0.20844672208559945,0.15501033701694733
2015-08-07,0.15643646040288786,0.6516665707631167,-0.00971931806207793,-0.04046399268445944,-0.17269977062237007,0.19358479595994968
2015-08-08,0.1396187359104111,0.6506954440521266,-0.009468591098098259,-0.058002116923946634,-0.19048862182583692,0.17666231917669664
2015-08-09,0.12178666740684559,0.6474376809352126,-0.009224694026373343,-0.07884805147270124,-0.21157845344631643,0.15832398918382853
2015-08-10,0.10051642556212725,0.6435902592058056,-0.008987427938399498,-0.10372844895885269,-0.2366961170204418,0.1350833524543267
2015-08-11,0.07462892493887902,0.6410484483481399,-0.008756600190048702,-0.13192693269141587,-0.2651254285013557,0.10427732903740894
2015-08-12,0.05143584219165211,0.6431460039437179,-0.00853202418673571,-0.1527978838397518,-0.28622095565300465,0.07405296075306231
2015-08-13,0.03399374766198974,0.6455307386539835,-0.008313519176599855,-0.16763673864901274,-0.30127831547240147,0.050025787659670785
2015-08-14,0.030454451462009365,0.6489233824856832,-0.008100910051369332,-0.16757078189206298,-0.3014249678406822,0.044826972474280274
2015-08-15,0.1079688843223858,0.6537953612380012,-0.007894027154617029,-0.08497748738261612,-0.21903855622798762,0.14173530058891012
2015-08-16,0.20511464731075932,0.6592505167319868,-0.007692706097095066,0.017824752157264978,-0.11643763774562854,0.2373009184583654
2015-08-17,0.23498508752368577,0.6647794736496679,-0.007496787578884408,0.053420067806083216,-0.08103824061502096,0.2611628615570826
2015-08-18,0.20069161630539403,0.6680495767870932,-0.007306117218074448,0.022587370086026626,-0.11206160869588744,0.2310142743329407
2015-08-19,0.14798098333275014,0.666610420881459,-0.007120545385722894,-0.03137684695989984,-0.16621139757416548,0.1816628343574275
2015-08-20,0.10184700119521262,0.6657718085178652,-0.006939927046843597,-0.07816882312215179,-0.2131839920752968,0.13267913697070713
2015-08-21,0.06710075516599358,0.6685465345687965,-0.006764121607186886,-0.10996453766078285,-0.24515551205358455,0.09121321603751742
2015-08-22,0.04323974218157542,0.6747089475304585,-0.006592992765581451,-0.12749200884193357,-0.2628541120763407,0.06022678612160806
2015-08-23,0.027308824740306145,0.6829325329355319,-0.00642640837162467,-0.13503275648417268,-0.2705614441125366,0.038450062707796
2015-08-24,0.01697884486224798,0.6913328433281507,-0.006264240288505899,-0.1368002578864933,-0.27249111359797595,0.0239708664212865
2015-08-25,0.05328158459122773,0.69979154490287,-0.006106364260767401,-0.09188094055505569,-0.22772967229427687,0.07075220520352576
2015-08-26,0.07021425429835819,0.7082706110290217,-0.0059526597868087006,-0.06631550024781496,-0.20231793646099483,0.0901934737919801
2015-08-27,0.05880328478153796,0.7158342294382996,-0.005803009995947442,-0.07001320156449597,-0.20616528756853714,0.07591071139997738
2015-08-28,0.043124957700454464,0.7187454720563543,-0.0056573015298655065,-0.08263457756144288,-0.2189323720315659,0.05660405761412748
2015-08-29,0.029595085876035838,0.7167596941919724,-0.005515424428268448,-0.09800835014864628,-0.23444802172036638,0.03965283892646754
2015-08-30,0.019282669944596504,0.7120893573135999,-0.005377272018591931,-0.11285295054878164,-0.24943077453017826,0.02636506350520997
2015-08-31,0.012211235771333208,0.7117085780246042,-0.005242740809608589,-0.12017063280205731,-0.25688298799243725,0.016868215980030323
2015-09-01,0.13186089677731241,0.7114611169165004,-0.005111730388777639,-0.000637422483350969,-0.13748078809456188,0.1563588933244514
2015-09-02,0.18987768948535388,0.7112086259995075,-0.0049841433231979275,0.05725446637327736,-0.07971648630351325,0.2107208668274842
2015-09-03,0.16652542214834623,0.7109382139101244,-0.004859885064024461,0.033756045206060015,-0.10333916572990409,0.18978042542750986
2015-09-04,0.12647389071512283,0.7106475345383321,-0.004738863854225098,-0.006465144389156241,-0.14368137653491975,0.15108189433430208
2015-09-05,0.08843121116179982,0.7103374991372267,-0.0046209906395363225,-0.04469998612889592,-0.18203409148934813,0.11070940814481174
2015-09-06,0.05905583830405424,0.7100125877237023,-0.004506178982514023,-0.07428545874314352,-0.21173437576061804,0.07678879577605081
2015-09-07,0.03828777467068846,0.7096773106685309,-0.004394344979546068,-0.09527696542871278,-0.2328377164491553,0.05118925391193103
2015-09-08,0.024313806600496427,0.7093389695052494,-0.004285407180731893,-0.10948033686337211,-0.24715002568262878,0.03314075458087264
2015-09-09,0.015064134007567422,0.709457176979813,-0.004179286512507725,-0.11850568131351336,-0.25628149080099416,0.02079184391006796
2015-09-10,0.009313285778223436,0.7096014170365443,-0.004075906202922919,-0.12400890917654128,-0.2618880989736069,0.01295464641599221
2015-09-11,0.005703657642698567,0.7097539579500591,-0.003975191709468695,-0.1273652819050971,-0.265345186195617,0.007972041275950468
2015-09-12,0.0034662806377240723,0.7099112319173658,-0.003877070649358494,-0.12934726388265472,-0.2674252892332848,0.004858970989019495
2015-09-13,0.0020931699563864355,0.710068880852673,-0.003781472732178326,-0.13046712771150504,-0.2686407509793153,0.002939176489407807
2015-09-14,0.0012572208370357728,0.7056394265666465,-0.0036883296948131044,-0.13563938807951703,-0.27390615438469246,0.0017785072848390821
2015-09-15,0.0007516666742496362,0.700930188748895,-0.0035975752385630035,-0.1407634256038044,-0.27912094636523,0.001071235729469374
2015-09-16,3.9581295011693256e-05,0.6956775018159679,-0.0035091449683816167,-0.14663976764578812,-0.2850857186773951,5.68928030841228e-05
2015-09-17,2.364490750309736e-05,0.6903560039798164,-0.003422976334143198,-0.1518910332352098,-0.29042315290105514,3.424913747270174e-05
2015-09-18,5.3607476634849807e-17,0.6850061309220787,-0.0033390085738799384,-0.15718058344018726,-0.2957966708662959,7.825838954563722e-17
2015-09-19,7.553780798547018e-17,0.6796449008035776,-0.003257182658899941,-0.16245998764370828,-0.3011579009847969,1.111430511670993e-16
2015-09-20,0.23555973681681566,0.6742828588528156,-0.0031774412407400603,0.0678174486405051,-0.07096020611874343,0.2589016363247393
2015-09-21,0.5737630532013628,0.6689272785274472,-0.003099728599866939,0.4007428973405569,0.2618875299404352,0.46171040246458933
2015-09-22,0.6725612022240225,0.6635858383496607,-0.0030239905960738334,0.49427534418922314,0.3553442387853084,0.503358673709485
2015-09-23,0.8115443283613953,0.6582602387503987,-0.002950174620515185,0.6280066867028928,0.48900176532341944,0.5521443779128419
2015-09-24,0.9818776376728614,0.652951915098902,-0.002878229549307128,0.7931036174340702,0.6540267509833887,0.600599393379048
2015-09-25,0.9252663518789055,0.647663447413915,-0.0028081056986564525,0.7312739878057781,0.592126997504446,0.5882438951152807
2015-09-26,0.7311204969105818,0.6469767467182238,-0.002739754781445891,0.5365097830589736,0.39729444184043083,0.530528959614922
2015-09-27,0.5265352928501292,0.6511728576214159,-0.0026731298652386175,0.3361873148179202,0.19690534868317033,0.44708469805469947
2015-09-28,0.3573334976704021,0.6598769617076958,-0.00260818533163909,0.17575456825807279,0.03640765758972331,0.3512876754028548
2015-09-29,0.23407691778015588,0.6735591654662141,-0.0025448768369763877,0.06624350062100748,-0.07316671854200474,0.2578973248208971
2015-09-30,0.1497226628445303,0.6922565088913093,-0.0024831612742499767,0.0006483046732035369,-0.13882363005253506,0.17782228809277947
2015-10-01,0.09413138218562145,0.7141466273804795,-0.002422996736302955,-0.03299269295858809,-0.17252479222227368,0.1164591651282867
2015-10-02,0.058413545335571374,0.7377376023903357,-0.0023643424801764916,-0.045060900542655435,-0.18465165406246753,0.0733699191446516
2015-10-03,0.035879549005347226,0.7569515429100437,-0.0023071588926054467,-0.048323772765600626,-0.18797170987298373,0.04525497217656571
2015-10-04,0.021857384728643,0.7713801920054288,-0.002249092757712623,-0.04785922181202684,-0.18756522505430284,0.02755465117857189
2015-10-05,0.0124512674997422,0.781340536821325,-0.002191575943889014,-0.04724747741120783,-0.18701099746730743,0.015685810097764628
2015-10-06,0.006766053276155961,0.7863259973485096,-0.0021352440101248074,-0.04789089917384526,-0.18771075116370906,0.008531233254483881
2015-10-07,0.00393195657827333,0.7862740284016153,-0.002083768256833207,-0.0507254890653307,-0.19059681680848606,0.00497586281679884
2015-10-08,0.001546691492694697,0.782989875098284,-0.002032504384118672,-0.056343643581526104,-0.19626623519739594,0.001971471513960765
2015-10-09,0.0002606133300537864,0.7779450695308268,-0.0019801463445167735,-0.06262216927202235,-0.2025971189274941,0.00033489003716306214
2015-10-10,7.093472250933537e-05,0.7726263000606745,-0.0019284513789395348,-0.06807892238414182,-0.2081055670051909,9.180144475247076e-05
2015-10-11,-2.7456651047996643e-17,0.7671539521241134,-0.0018793149088610996,-0.07357306857313373,-0.21364884966426123,-3.57902751748512e-17
2015-10-12,-3.0458793542528295e-17,0.7615851253889373,-0.001834184119606295,-0.07909676451905512,-0.21921767639943734,-3.999394490139649e-17
2015-10-13,0.0256974258345618,0.7559507279453572,-0.0017901732595333637,-0.05898972526800039,-0.19915464800845561,0.03287595027288604
2015-10-14,0.0468623936262654,0.7502697945968447,-0.0017461928595397893,-0.043461710424815725,-0.18367061356526448,0.05878873581899448
2015-10-15,0.04572312761218182,0.7445607171711922,-0.001704359889448633,-0.0502682208944607,-0.19051895700500066,0.05785658901418523
2015-10-16,0.03545947133775548,0.7388409704787019,-0.0016615852944455258,-0.06620884926637416,-0.20650235997191724,0.04579549412960416
2015-10-17,0.02509124315937287,0.7331194964051899,-0.0016218403136564936,-0.08225880653747986,-0.2225920622238119,0.03309270345310945
2015-10-18,0.01688251219919567,0.7274027865011246,-0.0015803145390078284,-0.09614272162707371,-0.23651750308805441,0.02268285055297493
2015-10-19,0.011001824711688845,0.7244416153944985,-0.001542569636082495,-0.1049468353182812,-0.2453593616821873,0.014959443665851913
2015-10-20,0.007012605392922095,0.7225721099337393,-0.001505138581236326,-0.11076812904296096,-0.2512180864617132,0.009611776734909115
2015-10-21,0.004397851530505199,0.7208207204836141,-0.0014650813406517174,-0.11509421511491846,-0.2555842297742553,0.006064173892142929
2015-10-22,0.002723978527295005,0.7191195862844367,-0.0014259868521796781,-0.118430127828834,-0.2589592369766429,0.0037736410769353633
2015-10-23,0.001670712616625411,0.7174524606496813,-0.0013886712745867363,-0.12111320379666612,-0.26167962852206794,0.0023232634946763293
2015-10-24,0.05669434289158881,0.7158128878821,-0.0013515830725754768,-0.06769205808727274,-0.20829557101468588,0.07339004818739076
2015-10-25,0.0835904469019637,0.7141959528721227,-0.0013156283455451473,-0.0423769343598448,-0.18301640201428826,0.10477797932583768
2015-10-26,0.10175787838390055,0.7098478185775869,-0.0012825501645063787,-0.028524558991404936,-0.1691971048268871,0.12537846735781252
2015-10-27,0.1022094295030786,0.7044294599160268,-0.0012490751074389073,-0.033457891476719515,-0.1741639123692692,0.12671026756059817
2015-10-28,0.08156956532289154,0.6989191109522497,-0.0012157222791624595,-0.05957475179240734,-0.20031412551323347,0.10451088888589627
2015-10-29,0.07980911062050866,0.693389708309821,-0.0011830371678098518,-0.06683192402586624,-0.20760398285804493,0.10321939023512655
2015-10-30,0.08003508221079217,0.6924433266817026,-0.001151245395728917,-0.0675205422916203,-0.2083243928958799,0.10360818022802576
2015-10-31,0.06611715992559734,0.6917782113949841,-0.0011200211663317712,-0.0820723556341365,-0.22290743046779327,0.08723784631431733
2015-11-01,0.0479294411899216,0.6944171015610554,-0.001090786985368325,-0.09759195002277743,-0.23845625903739764,0.06456477996422719
2015-11-02,0.03266967656825155,0.6977626478125424,-0.0010615084197107085,-0.10947688982730286,-0.25037047740758067,0.04472649344475064
2015-11-03,0.021462087383467807,0.701237414483717,-0.0010319585449631435,-0.11718016246616447,-0.25810329992118985,0.02969711107869566
2015-11-04,0.1807884853127569,0.7070724502541911,-0.0010032915804396164,0.04800993819812227,-0.09294186622142664,0.203622524733914
2015-11-05,0.2618713525014343,0.7139994392260116,-0.0009757596806708087,0.136047326258389,-0.004932010060928804,0.2683463371599436
2015-11-06,0.2259875615424128,0.7164581746620299,-0.0009500327632809881,0.10264799765277566,-0.038357065583931926,0.2397884067602061
2015-11-07,0.16787909578216773,0.7186911088993087,-0.0009242018731002813,0.046798297019990054,-0.09423259710689824,0.18935792664325177
2015-11-08,0.11597941313480493,0.7176554202666775,-0.0008983909181268419,-0.006111263305030423,-0.14716796838689217,0.1391249603397375
2015-11-09,0.07698189886730843,0.7159373940004045,-0.0008730981109861674,-0.046801511031659304,-0.18788350892066175,0.09708667648745399
2015-11-10,0.049607946051781204,0.7186969343996097,-0.0008494852145626378,-0.07139231055155781,-0.21249792133698375,0.06456804754726506
2015-11-11,0.052814678290590854,0.7198461710675516,-0.0008263148359710832,-0.06701317126621475,-0.20814195243023226,0.06835428291010806
2015-11-12,0.08148956676944735,0.7200195416432537,-0.0008030647092817829,-0.03814166208496683,-0.17929369337567358,0.10167016932699406
2015-11-13,0.09272993980251963,0.7201221232407952,-0.0007802763538137895,-0.026775919098885104,-0.16795073874505984,0.11407972498136883
2015-11-14,0.07893341797120587,0.7201976166982191,-0.000757605471238434,-0.04047427659019953,-0.1816717671189496,0.09877406150777025
2015-11-15,0.07950944433067268,0.7202576644350402,-0.0007351630041338084,-0.03981576002680698,-0.18103569302266176,0.09941574673329621
2015-11-16,0.1404007801595686,0.720301090644587,-0.0007167456938496445,0.021137419321919926,-0.12010093098421903,0.16312359124814246
2015-11-17,0.15600055443151672,0.7180387326984915,-0.0006999111181009802,0.034491670223521176,-0.10676351465836642,0.17848231392865588
2015-11-18,0.12528279663591776,0.7183836062696297,-0.0006815822317257381,0.0041371148854356665,-0.13713639888282714,0.14849802742464283
2015-11-19,0.0895647739292931,0.7197645879430815,-0.0006617763409406211,-0.03018012025695216,-0.17147343991600006,0.11066542022160913
2015-11-20,0.06087004293970274,0.7212322266668355,-0.0006421977912210325,-0.057387633973068786,-0.19870053218183636,0.07782875118151156
2015-11-21,0.039934391450228056,0.7250208957535001,-0.0006221857752459457,-0.07451460435990387,-0.21584751458464646,0.0522048701646433
2015-11-22,0.025574886567611258,0.7335431723975268,-0.0006076081171063688,-0.08033725494035437,-0.22168474282323658,0.03369026235850064
2015-11-23,0.016095211328498244,0.7423880710716111,-0.0005933809246162491,-0.08095780431289301,-0.22231951938826533,0.021220258510599343
2015-11-24,0.009996156606893613,0.7490486530514854,-0.0005773481314276772,-0.08038024426143475,-0.2217579921299957,0.013169389316281015
2015-11-25,0.0061441678786150694,0.7524082789518133,-0.0005607751090559743,-0.0808560340670137,-0.22225035495794632,0.00809985902001655
2015-11-26,0.0036747511632338153,0.7546340214775348,-0.0005437943902107829,-0.0810827275378283,-0.22249402914760608,0.004845982660119699
2015-11-27,0.002126924105448254,0.7567262826067045,-0.0005270516403453144,-0.08052155071657863,-0.22194959507622192,0.0028028136227604243
2015-11-28,0.001253336181609372,0.7564603849638311,-0.0005108722982048314,-0.08164485694115042,-0.2230890806429342,0.0016541025279503926
2015-11-29,0.0007515252577026714,0.7514282798752051,-0.0004989433820020914,-0.08716684403748032,-0.22862299665546681,0.0009991297992504322
2015-11-30,0.0003783185200498181,0.7460483604385628,-0.000487300015325325,-0.09290832684509887,-0.23437612282976206,0.0005068394937030311
2015-12-01,0.017131617223041126,0.7405386232454947,-0.0004732666696821153,-0.08165073198953232,-0.22313256131983883,0.0226109147594963
2015-12-02,0.025531056676496595,0.734957734621556,-0.00047668306498009394,-0.07883559755531355,-0.22031401049032207,0.033571903976281486
2015-12-03,0.021971732849289084,0.7293321991661097,-0.0007422302574386641,-0.08828600403042597,-0.22949886977297584,0.029244799491930182
2015-12-04,0.020598640914500994,0.723684142642928,-0.0017577131112482662,-0.09632263534220531,-0.2365200182309456,0.02767582613700428
2015-12-05,0.01767168073912589,0.7180261960884565,-0.0035755323685909544,-0.1067253613293947,-0.24510492496079228,0.024020295960793445
2015-12-06,0.01726787346087906,0.7123674770695914,-0.005928896465092486,-0.11514125172300815,-0.2511674512579042,0.023666443036682243
2015-12-07,0.0195818071205967,0.7085443004795045,-0.008625798231801806,-0.11934739642008674,-0.25267669418827354,0.02689342809741874
2015-12-08,0.01776059528805244,0.7048427418982397,-0.01125422936730404,-0.127498597969398,-0.25819946460208254,0.0245786233941425
2015-12-09,0.013355887782508052,0.7011894468711797,-0.01406025825468342,-0.1383626293893817,-0.2662574671346869,0.018691449142245298
2015-12-10,0.009289446292163389,0.6980322747102411,-0.017943806094447422,-0.149469790880429,-0.2734810807859701,0.013133268803054063
2015-12-11,0.006181719772277405,0.6949310131315793,-0.023137771452906034,-0.16087274433743537,-0.27969006888451786,0.008817012560411024
2015-12-12,0.003997516093942394,0.6923220888014833,-0.029458469836933013,-0.17198657072989343,-0.284483196892949,0.0057409213611653905
2015-12-13,0.036796805655652125,0.6902271314647,-0.03683514154557162,-0.14865891021360556,-0.25377886466802246,0.05061292177173631
2015-12-14,0.052644062195404656,0.6863653524977392,-0.044645430492733826,-0.14448372158797607,-0.2417933870952308,0.07123598312649894
2015-12-15,0.044919906936886585,0.6824236868946364,-0.0522171702671146,-0.16372128222397764,-0.2534592079568516,0.061758854161698344
2015-12-16,0.14452789860569512,0.6784775417170924,-0.05980968588425173,-0.07565195134985025,-0.1577973614655871,0.17560989457008988
2015-12-17,0.1888588497272023,0.674081953906269,-0.06729104777977832,-0.04319794993469306,-0.11786199815490328,0.2188549306418229
2015-12-18,0.15799930795183095,0.6696738391552055,-0.07407747853819646,-0.0852520372195461,-0.1531296546813382,0.19089577631470284
2015-12-19,0.12011514690129993,0.6684844796289998,-0.08018716384391879,-0.13043524310200516,-0.19220317525807495,0.15231448616046847
2015-12-20,0.08594928560486113,0.6670449862979938,-0.08555126143860471,-0.17140469532413583,-0.2278085298855197,0.1141433458552917
2015-12-21,0.05803683461260569,0.6656551860302228,-0.09015199398867049,-0.2053076791342281,-0.2571107811455462,0.08019548780025756
2015-12-22,0.04644453571982391,0.6688958486071304,-0.0945933079270896,-0.21810062938852148,-0.2654624174614204,0.06492648358378704
2015-12-23,0.036936733353538594,0.6724423080843446,-0.09898357837279562,-0.22845224272329845,-0.2714237603504914,0.052069107199261624
2015-12-24,0.026155355973875683,0.676092520880417,-0.10325480308424884,-0.23985463201834223,-0.27855492493408196,0.037245190531636996
2015-12-25,0.017558266462652475,0.6802611336906437,-0.10770004043578688,-0.2487283460708768,-0.2829834016350785,0.025161619838593333
2015-12-26,0.011412069780955467,0.6808268925181974,-0.11218212588202625,-0.2587908693712595,-0.2885638394892218,0.016485737443977782
2015-12-27,0.007256375413609005,0.6812040109664468,-0.11677108671876613,-0.2671584061270964,-0.29234241540831885,0.010540004272087799
2015-12-28,0.004428420988432864,0.6824490637091787,-0.12167894908236494,-0.2736491701731395,-0.2939253170907631,0.006447177389112435
2015-12-29,0.002740651665619781,0.6791360175409237,-0.12703336790135372,-0.2840044044831964,-0.2989261325818312,0.0040192776632303655
2015-12-30,0.0016796365929281046,0.6755496261210978,-0.13277456443553673,-0.29439300750989683,-0.3035735390743487,0.002480159504916972
2015-12-31,0.0006554552937074647,0.6718857575576985,-0.13886283768861002,-0.30516933062559004,-0.30826158893696864,0.0009745949856790169
2016-01-01,0.0003999885215374036,0.6677246549859804,-0.14521100171551904,-0.31593406399638724,-0.31267815828085677,0.0005986735041496831
2016-01-02,0.04735431883425935,0.6635169557025136,-0.15140317153351068,-0.27937960278512386,-0.26993152725160174,0.0666144779378193
2016-01-03,0.18598075082921212,0.6592937816358692,-0.1565458084104085,-0.1501189817337134,-0.13552826932329343,0.22002407938026347
2016-01-04,0.2970796250783244,0.6541498765018577,-0.1599012896856378,-0.04751949389384169,-0.029573300208192488,0.31231119786004935
2016-01-05,0.2889662247586063,0.6489612000212652,-0.16133810855294797,-0.06225838956146257,-0.04287537700850319,0.30809017534211214
2016-01-06,0.22356974086133807,0.643768450101045,-0.16129223575910162,-0.13280175058510468,-0.11346461082599157,0.257765359799583
2016-01-07,0.15798729797297914,0.6385811965026009,-0.1606738113353174,-0.20295302264812343,-0.18423430731279455,0.1983348564105462
2016-01-08,0.10620699210858213,0.6379904627296534,-0.16041463317528248,-0.25506488412543304,-0.23660534695013913,0.14271345785732106
2016-01-09,0.06916860421808514,0.6422749922154545,-0.16116056576002383,-0.2885646751148703,-0.26935920535483504,0.09722289239066419
2016-01-10,0.04406781244726872,0.6515197734804749,-0.16319812822449647,-0.306458248085139,-0.28521521586063103,0.06335336245038509
2016-01-11,0.027626535187195305,0.6611820008368129,-0.16668704561161377,-0.31672621537599166,-0.2919942657643665,0.04010771316317194
2016-01-12,0.017106660267170844,0.6710059152709709,-0.171703505534086,-0.3224386357843303,-0.2926902262502329,0.02486026396740751
2016-01-13,0.01048967568462006,0.680915814328631,-0.17758986499851886,-0.32503208077365375,-0.2893973117751235,0.015171525011204381
2016-01-14,0.006381470728003737,0.6908709939359708,-0.18335676005980944,-0.32495200118422085,-0.28355033712440003,0.009152310033180228
2016-01-15,0.0038568811003815958,0.6962618229528112,-0.18868201881176677,-0.32741102054696003,-0.28068409773518177,0.00550889596014644
2016-01-16,0.0023182542977414526,0.696796587235634,-0.1936061194179316,-0.33333898367294224,-0.2816879602549992,0.003315984957001918
2016-01-17,0.0055150362335197375,0.6923808239878713,-0.19837014090436944,-0.33932198647136447,-0.2829069415669836,0.00790237705632789
2016-01-18,0.011020342087431106,0.6875448830980827,-0.20295921372238213,-0.3432416943252544,-0.28223757660286086,0.015775680910117593
2016-01-19,0.020441505992966978,0.6825383966424365,-0.20635116924006508,-0.3422189723930476,-0.2778228991529711,0.029078364710475722
2016-01-20,0.02233739570275569,0.6774326707831133,-0.20792856708219593,-0.34700620638471297,-0.2810327353025056,0.031921050602993696
2016-01-21,0.017887029719330094,0.6722707244959318,-0.20819151583245543,-0.3568814674055796,-0.2906450475731127,0.025917306021821622
2016-01-22,0.012853106432569941,0.6670753128865343,-0.2084864356500431,-0.3674057221193249,-0.30087438246927034,0.018903617009333618
2016-01-23,0.008726768394081715,0.6623200916188373,-0.20978131099034636,-0.3775821567658134,-0.3097559417754556,0.013004707888676666
2016-01-24,0.0057209862858064115,0.6580433103204282,-0.21240340739673505,-0.3874868165788865,-0.31703850518214005,0.00861900273192952
2016-01-25,0.003662022295865324,0.654725419223567,-0.21621279810770888,-0.39667306237666267,-0.32241536026894235,0.005562108364968318
2016-01-26,0.002303832708652266,0.6514869099973711,-0.22092259170310746,-0.4059795547854701,-0.3270120590823512,0.003523807478699928
2016-01-27,0.06567401938434182,0.6482816966340291,-0.22616684116318142,-0.35105883093319656,-0.2668470857700037,0.0919861245044671
2016-01-28,0.14801537203799306,0.6450956387553678,-0.231119174837719,-0.27685586983274413,-0.18769179099501376,0.18662629824030694
2016-01-29,0.15952290307920555,0.6419314345067788,-0.23457325607952653,-0.2719666242819282,-0.17934846420239026,0.1990417864100599
2016-01-30,0.1359892916572296,0.638329287979378,-0.23604411074077386,-0.3005732368925522,-0.20648422215176698,0.17562447193382622
2016-01-31,0.10852423452357055,0.6342606121473887,-0.2356935136003595,-0.33175637271778635,-0.23801795511741541,0.14610453485953367
2016-02-01,0.08371622689254735,0.6292592413741723,-0.23370763565191646,-0.35957987317358286,-0.267827333521655,0.11741810289218764
2016-02-02,0.06069648017993893,0.6287946645487072,-0.2303513502643587,-0.37970791132409865,-0.2913116570597285,0.08803083352698668
2016-02-03,0.041212946995485604,0.6331917808779719,-0.22629843814825146,-0.39074141606318,-0.30639807391491714,0.06111010983781037
2016-02-04,0.02700148042953131,0.6379603917582561,-0.22266791795117252,-0.39655375155177114,-0.3158409296005872,0.04060605811983458
2016-02-05,0.017268056699727922,0.6437817394636093,-0.22031146028093113,-0.39810936990597995,-0.3197530056250374,0.026122172338528635
2016-02-06,0.010853644312365154,0.6501915446376363,-0.21943961760807412,-0.3972421344464588,-0.31975761283837323,0.016418914309935438
2016-02-07,0.006733366615161677,0.6571472673768445,-0.21988509721793037,-0.3948521690143103,-0.3169221677963685,0.010142435658460184
2016-02-08,0.01698344863368077,0.6641658562213067,-0.22119738331282812,-0.3788957842462267,-0.29965349693338716,0.024933518264833938
2016-02-09,0.021666489765586095,0.6666288412462748,-0.22246075212943853,-0.3730131269059638,-0.29250747077651384,0.03147847848064617
2016-02-10,0.018002124434833698,0.6642442017279574,-0.2229984089177447,-0.37959978854333964,-0.2985564756255835,0.026386546536768307
2016-02-11,0.012942036954871004,0.6615025141205605,-0.22307270862039852,-0.38747586333335315,-0.3063582507129432,0.01918917861258477
2016-02-12,0.008721177655880546,0.6577145930167029,-0.22323985748678557,-0.3956517926025882,-0.31436703111579123,0.013086298844791778
2016-02-13,0.0057718624237746916,0.6533423817664024,-0.22387092474388443,-0.40360438634209345,-0.3216885575981976,0.008756998463697761
2016-02-14,0.003691129572660072,0.64980199577821,-0.22514893847403838,-0.41050351891155445,-0.32730967643750464,0.005648306660729217
2016-02-15,0.00232064648058237,0.6462809840603744,-0.22712916776259728,-0.4173752430100266,-0.3322011712474179,0.0035779226744263168
2016-02-16,0.0014332585742260794,0.6427544946426572,-0.22965561845580887,-0.42431557102731166,-0.3366150485714914,0.002224908137524828
2016-02-17,0.03943037515741469,0.6392260249771968,-0.23251880885693232,-0.3927101145107069,-0.30214640165376316,0.058100645849053625
2016-02-18,0.057985488361905965,0.6356950858068449,-0.23511355883582655,-0.38028069045546176,-0.2871222276196238,0.08359105115692617
2016-02-19,0.04976448875599,0.6321700461838258,-0.23674013672256558,-0.3936533075711358,-0.29886826684855883,0.07297546348841531
2016-02-20,0.03690830043964475,0.6286509547631106,-0.2375592691629912,-0.4108477197486219,-0.31524354658561926,0.05545456719462347
2016-02-21,0.025518806167538804,0.6237680285223426,-0.23832055732367402,-0.42788142842217874,-0.3315159670984933,0.039302823966432865
2016-02-22,0.016928015593801502,0.6188162319759541,-0.23963837424663562,-0.442741832465266,-0.345058554218619,0.026627084174983606
2016-02-23,0.010883710110435903,0.6179804519378775,-0.2416152453981249,-0.45159878913819756,-0.35193863974006123,0.017306933304938033
2016-02-24,0.00689100471923775,0.617396196644079,-0.24397782612760743,-0.4585383305526768,-0.3565156004250579,0.011038196368897508
2016-02-25,0.004299775722678385,0.6169024265981724,-0.24639305072873363,-0.46403855419626894,-0.3596005994675239,0.006921700706491622
2016-02-26,0.002652709216716438,0.6164598437032295,-0.24881507000185388,-0.468550222870294,-0.3616902488684287,0.004284696222367575
2016-02-27,0.0016218325193658083,0.6160556544300299,-0.2514220652558066,-0.4725922840947971,-0.36312531483897903,0.002625694725212933
2016-02-28,0.0009842695352690798,0.6156780289001196,-0.2543404116385393,-0.47652581899153673,-0.364140503352986,0.0015961240662294316
2016-02-29,0.0048765835156952915,0.6153213512595569,-0.2573523925140606,-0.4760021635271945,-0.36060486701312244,0.007862947040387149
2016-03-01,0.0195877087415104,0.6108562717518555,-0.25969825820393433,-0.4681019834989545,-0.3503588212950087,0.03106970539425512
2016-03-02,0.02485402988722276,0.6061583877816459,-0.26050576898386457,-0.46834105710338203,-0.349790384119506,0.03938754482683606
2016-03-03,0.020557733789152002,0.6013994359251545,-0.25956810391472396,-0.47645863998880345,-0.35884563207406805,0.033053294969804935
2016-03-04,0.015059031599056007,0.5966171079912655,-0.2573161365829995,-0.48448770278106407,-0.3691266621980531,0.02461928890857505
2016-03-05,0.010339696413200471,0.5918291739901577,-0.2545517084840186,-0.4912305438690466,-0.37863393138501655,0.017170758771164155
2016-03-06,0.006828328080479227,0.5875043292862638,-0.25219926690600314,-0.4967143153276462,-0.38647014442163163,0.01148906760522448
2016-03-07,0.004393570561171748,0.5845934270817481,-0.2507826451182391,-0.5006433532637053,-0.3918158041454548,0.007459537440986772
2016-03-08,0.002774754431154602,0.5817888763965096,-0.25038035057688623,-0.5046644255376082,-0.3962391709607105,0.004746710682677811
2016-03-09,0.0017280040427501307,0.5790325390062226,-0.2508456778247491,-0.5089328405641624,-0.4000422587394019,0.00297541570864675
2016-03-10,0.001064440018835059,0.5763111584879839,-0.25198644185057373,-0.5134585491321408,-0.4034272032815557,0.0018435833131636714
2016-03-11,0.0006499741214852177,0.5736191014095284,-0.2535417484193075,-0.5181203786766799,-0.40653372625736095,0.0011318285263475162
2016-03-12,0.00039405420174910567,0.5709533106212078,-0.25540465601666923,-0.5229049969820985,-0.40945543696541775,0.0006896928663899781
2016-03-13,0.00023747436499001287,0.5678523666332322,-0.25760690945468906,-0.528364774244853,-0.4127129607901524,0.0004180225518075336
2016-03-14,0.00014238879253821306,0.5633661907743657,-0.2596733534283236,-0.5350124796498057,-0.4172942222214707,0.00025268256367569217
2016-03-15,7.093472250932771e-05,0.5588120837313206,-0.2613055341707329,-0.541270221505289,-0.4219197833345447,0.0001269223078303062
2016-03-16,0.02569742583456168,0.5542515285308625,-0.26231436036033096,-0.5212131117832929,-0.4008538474229505,0.04430980630472834
2016-03-17,0.05114529793202575,0.5496992635768773,-0.2622169384787645,-0.5002200827582476,-0.37995824027947167,0.08512234479344273
2016-03-18,0.06067170039282652,0.5451625175246019,-0.2606215530042556,-0.49363504087521326,-0.3749685838709462,0.10014571412190473
2016-03-19,0.053717932888326055,0.5406403121771101,-0.2575284166939185,-0.5020178774168684,-0.38644455672293854,0.09037972188374699
2016-03-20,0.040156043736202525,0.5361419865366475,-0.2533489766777791,-0.5158986521933152,-0.40450477151552466,0.06967930068612334
2016-03-21,0.027862609646066353,0.5316742162433175,-0.24887918265045553,-0.5281900625494578,-0.42126597589899084,0.049795846058530165
2016-03-22,0.018519291982388632,0.5299828862118425,-0.24485512882042954,-0.5352006564145844,-0.43230062359414345,0.03376338822091374
2016-03-23,0.011967924487701972,0.5298583125848624,-0.24160507515067858,-0.5386265438665003,-0.43897656471581026,0.022088122849796884
2016-03-24,0.050411164025897647,0.5308090913527982,-0.23915639155352234,-0.49678384196321257,-0.39958254640967883,0.0867333227969698
2016-03-25,0.1285213677393084,0.5318852900662999,-0.23708770476262778,-0.41552875274540557,-0.3203961439827664,0.19460943680725104
2016-03-26,0.18575513304410318,0.5330320149085513,-0.23464931255029323,-0.35470987038602475,-0.2620156538357201,0.258428567585266
2016-03-27,0.1769215654834967,0.5342235121458028,-0.23142468776748637,-0.359127315926573,-0.2696577241590752,0.24878406818660576
2016-03-28,0.13584805167806888,0.5354471061952677,-0.22746043046484377,-0.39501297837989324,-0.30950764391503804,0.20236709603035954
2016-03-29,0.09560581262510523,0.533944141151224,-0.22322881651998072,-0.4325265685320375,-0.35125284801204537,0.1518637433798823
2016-03-30,0.0641077413594818,0.5355034308733284,-0.2193732116804714,-0.45860974523604725,-0.3811916295555644,0.10691552180517205
2016-03-31,0.04159406582143383,0.540885657339154,-0.2162900036045881,-0.47265798623238636,-0.3983230786277868,0.07140860731724816
2016-04-01,0.026427869180565652,0.5506564993390065,-0.21397656467810924,-0.47573990194692317,-0.4037184332688025,0.045795503434554276
2016-04-02,0.0722047553924169,0.5607613552038038,-0.21221411492297454,-0.41809571011513996,-0.347836691192154,0.11407365131192226
2016-04-03,0.09320418261325734,0.5709838868863129,-0.21062210023733785,-0.3852817365261537,-0.31661473228880443,0.1403279987902849
2016-04-04,0.08624313299107196,0.5812623392050353,-0.2087766232602807,-0.3801188568525594,-0.3132973295922673,0.1292021362871082
2016-04-05,0.07388713865212776,0.5915638730341197,-0.20650586163376317,-0.3799025557359017,-0.3153517901021271,0.11103317502651072
2016-04-06,0.056361192924892035,0.5972844386844783,-0.2036310891806063,-0.388833163359622,-0.32715717017900425,0.08622591538801017
2016-04-07,0.03938418474591102,0.5981368851874401,-0.20026806422402588,-0.40159470007906084,-0.34328173185502353,0.0617770715405977
2016-04-08,0.030414471707057942,0.5990761474290582,-0.19689257941222787,-0.4062496660644978,-0.3513121826522585,0.048316004690899694
2016-04-09,0.031683297545414886,0.5998968975397471,-0.19362342357474527,-0.4008909342779694,-0.3492226067032127,0.050165122009791216
2016-04-10,0.037326668549533586,0.601552185948288,-0.19017109938927407,-0.3901399506798386,-0.3419239472905531,0.05842526840064772
2016-04-11,0.034402655511325,0.6036627027108006,-0.1863562249094001,-0.3871385724756605,-0.342737443566249,0.05391713414309608
2016-04-12,0.026029783751109738,0.6057736318064726,-0.1822896494660078,-0.3893339396968115,-0.3489993862307923,0.04119918175519485
2016-04-13,0.01816430203224904,0.6078659952847854,-0.17840044403322453,-0.3912178525045762,-0.35477250447134023,0.029015052642173116
2016-04-14,0.012112466711403317,0.610396226788702,-0.17512996540343662,-0.3914689776917174,-0.35829410828826935,0.019457506116581275
2016-04-15,0.007843774420996189,0.6092663662334165,-0.1725511995206647,-0.39428876465463814,-0.36369266113396204,0.012710493482862364
2016-04-16,0.004976365279447561,0.6088225436112543,-0.1705431592068516,-0.3955919561045358,-0.36700389289767277,0.008107484727271965
2016-04-17,0.002926712513410425,0.6074363032556136,-0.1690699502398935,-0.39755464025925547,-0.37043978601935057,0.004795035802952325
2016-04-18,0.018943688599520732,0.6055062197951128,-0.16801679827575292,-0.3824145956695054,-0.3563528933937411,0.03033660241575196
2016-04-19,0.026613963029270053,0.6035092880792986,-0.16703043217325853,-0.3757548868530759,-0.35067955067980594,0.04223612282588907
2016-04-20,0.022616830995867324,0.6014789853422263,-0.1657936082719778,-0.38054549772227025,-0.356706985450281,0.03623935684839622
2016-04-21,0.01670597318046437,0.5989695093011285,-0.16436187240204994,-0.3875340957088431,-0.3651273193067818,0.027134381107930244
2016-04-22,0.011523652780846964,0.5955026960188035,-0.1629515435066382,-0.39477290049537384,-0.3737764529887242,0.018983776904633765
2016-04-23,0.007618488347826082,0.591048233524998,-0.16168867281937777,-0.40186965673493974,-0.38213607991555054,0.012725758872971882
2016-04-24,0.009167398614293531,0.5883483746738538,-0.16054749728692466,-0.4018794297871634,-0.38328702850022733,0.015342521526829427
2016-04-25,0.0094454329332298,0.5857314286880118,-0.15934337168595658,-0.40301421585310115,-0.38562594016713314,0.015869959909901005
2016-04-26,0.007403944644623754,0.5831351974247876,-0.15782262778699158,-0.40613119150596627,-0.39026365971896326,0.012537601857648755
2016-04-27,0.0052579160262812945,0.5805534529503924,-0.15605385175319855,-0.40909018856491086,-0.3949914328117009,0.00897544210428367
2016-04-28,0.0035430435955518076,0.5779840524692185,-0.15436736042745802,-0.41168797015107383,-0.3992757057236044,0.006092654356998671
2016-04-29,0.0023104621124853102,0.5754265345380064,-0.15304728363000875,-0.4141579927679031,-0.4030658051378829,0.003999159004669126
2016-04-30,0.0014731585500194133,0.5733394276025614,-0.15209680211124868,-0.41613192174705393,-0.40599021563579385,0.0025628501976266253
2016-05-01,0.0009239923710730819,0.5694585353792455,-0.15144449882364558,-0.41990967686171304,-0.41042027403805603,0.0016199520955129147
2016-05-02,0.0005723324880877005,0.5654890190979202,-0.15091617583712436,-0.42370253003950253,-0.41474145020236675,0.0010110785456101568
2016-05-03,0.0002947454685239436,0.5615056953101165,-0.1501482637828027,-0.4271955287925483,-0.4190023610097342,0.0005246444237662652
2016-05-04,0.00018020361326288165,0.557522551492898,-0.14882176945979517,-0.4299667201420204,-0.4231000466822138,0.00032311766727524807
2016-05-05,0.0001093632816965904,0.5535471724786761,-0.1468467496497174,-0.4320379196777307,-0.4271462660280019,0.0001975291080893584
2016-05-06,0.00434886866241967,0.5495782354109876,-0.1442856877172172,-0.42920628943219596,-0.42687569771496736,0.00785097647405127
2016-05-07,0.006422345464135868,0.545166324307857,-0.14126176233701926,-0.4285207983534124,-0.4292141320163817,0.011643360018237205
2016-05-08,0.0055165781198254025,0.5407446332422123,-0.13789662991227875,-0.43048312433862707,-0.4345415904263369,0.01009879157641537
2016-05-09,0.004078934152185057,0.5363340678619533,-0.1342969150429782,-0.43273161881722594,-0.4403897997742363,0.007547809058965505
2016-05-10,0.0028222291425003374,0.5319402860916898,-0.13055911371888282,-0.4346443042730789,-0.4460402865541846,0.005277537340597612
2016-05-11,0.006155913291459392,0.5275664320671078,-0.12675935778853506,-0.43188471821835395,-0.4470804564298074,0.011533924605168451
2016-05-12,0.007592065292505982,0.523671814465672,-0.12294635952701471,-0.4305301855572228,-0.44953892203019663,0.014290573068814235
2016-05-13,0.00625860040334866,0.5198316612922068,-0.11916119220768291,-0.43191863630051347,-0.45471254009281914,0.011896438423280423
2016-05-14,0.004556687010260501,0.5160237430042084,-0.11543955395905377,-0.433706829732971,-0.4602223717739058,0.00875308933555926
2016-05-15,0.0031169746110244036,0.5122451933089256,-0.11180981961461241,-0.43529535748304843,-0.4654406338684246,0.0060481246103197776
2016-05-16,0.0063361169047223284,0.5084946230229144,-0.10827524694203355,-0.4322922128027829,-0.4659720618607379,0.012307184504198246
2016-05-17,0.016267237185723028,0.5052297526214186,-0.10484080065025765,-0.4221915166315022,-0.4593058119812331,0.03119334819504697
2016-05-18,0.023372997404016643,0.502019233930101,-0.10150925360567523,-0.41496472805994367,-0.45541057045425704,0.04448675867297481
2016-05-19,0.02196489889904094,0.4983864045444136,-0.09828548457773165,-0.41678188692266327,-0.46045149834492016,0.04221167267899007
2016-05-20,0.06818627270434374,0.4947589364412497,-0.09517100236607054,-0.3710734990088632,-0.4178575926427812,0.12112417264876102
2016-05-21,0.09265267937139803,0.4911521015600938,-0.09217388276128319,-0.34721680761817747,-0.39699802085688285,0.15870489998996876
2016-05-22,0.10588230007052996,0.4880267498021959,-0.08928420236025197,-0.33422285827591214,-0.3868937519156488,0.17828032775931
2016-05-23,0.09785997083343774,0.48586990411226255,-0.08649101919089071,-0.3416088500335765,-0.39707292684267437,0.16764598666898944
2016-05-24,0.0784441571004057,0.48380095620222574,-0.08378578777567314,-0.36038838026142783,-0.41855768848574326,0.1395195000266418
2016-05-25,0.0581942693363295,0.4817750548641029,-0.0811688551808573,-0.38004723676881097,-0.4408334775879422,0.10777328771870796
2016-05-26,0.04005837794199138,0.4843678435267543,-0.07863640431553773,-0.3930578886351781,-0.4563765803196289,0.07638515448331513
2016-05-27,0.026478811458825142,0.48772242152355083,-0.07618523309159568,-0.4008317058976058,-0.4666015688059987,0.05149503688516572
2016-05-28,0.03417324912707837,0.4939612438081431,-0.07382017159172033,-0.3845333844448849,-0.4526683088531531,0.06470558084012494
2016-05-29,0.0362936405787451,0.4999701663749573,-0.0715428992511136,-0.3741267980857973,-0.4445389948346723,0.06767870609227683
2016-05-30,0.028673511802987516,0.505579260373047,-0.06934885133467958,-0.3739437849470312,-0.44655002961234014,0.05367030981645461
2016-05-31,0.020429310714550845,0.5107436065227213,-0.06723350741346588,-0.37490829596457975,-0.4496298845511024,0.03846075364837394
2016-06-01,0.013772471576767214,0.5158951548434211,-0.06519281625213111,-0.37437289562032894,-0.45113517536818637,0.026002101864993795
2016-06-02,0.008983900998299708,0.5164547716926884,-0.06322311917045384,-0.37663215226785185,-0.45536412909738655,0.0170979059312278
2016-06-03,0.005736514431795559,0.5181105750338981,-0.06132108808762432,-0.3763217044103167,-0.45695571232268095,0.01095074220541458
2016-06-04,0.003433164723375479,0.5170091462589333,-0.059483675278113525,-0.37788907008419076,-0.4603604908060658,0.006596628773120987
2016-06-05,0.002118845233979646,0.5157177388037979,-0.05770807249140495,-0.3787191942420135,-0.4629662177505971,0.004091725651088936
2016-06-06,0.0012185631691079208,0.5139037767489798,-0.05599167757516075,-0.3797170434454591,-0.4656804618702869,0.002365580124716957
2016-06-07,0.0007444593605545874,0.5120192725299103,-0.05433206712369807,-0.3804160410216193,-0.4680390698979098,0.0014518565067188035
2016-06-08,0.00043745312678626413,0.5100985749308216,-0.052726973974722036,-0.38103865170550033,-0.47026677373076686,0.0008568506486223982
2016-06-09,0.0002638574266378277,0.5081616329777553,-0.051174268615032006,-0.38159648399902496,-0.47237731138398154,0.000518969704740728
2016-06-10,0.00015832518004688022,0.5043794763703732,-0.04967194374428387,-0.3839818479822499,-0.4762650002379546,0.00031380241393282065
2016-06-11,9.457963001249666e-05,0.5004821597123866,-0.04821810139540748,-0.3864890678413945,-0.48022606244597554,0.00018894132023941952
2016-06-12,0.004282904305760389,0.4965564596353789,-0.046810942129274814,-0.38481928397652165,-0.4799634378472354,0.008551453048853672
2016-06-13,0.0063827641691242285,0.49261742445850815,-0.045448755916067896,-0.38529627307682157,-0.48180261316074224,0.01279110572418485
2016-06-14,0.005492933212322337,0.48867926425382197,-0.044129914391539904,-0.38880542271378166,-0.4866306043222303,0.011115423410072876
2016-06-15,0.0040789341521852915,0.4847498963092726,-0.042852864236969504,-0.39287173956389765,-0.4919739713269167,0.008344299472546961
2016-06-16,0.0028222291425004683,0.48083165331309846,-0.04161612148014149,-0.39680994481292864,-0.4971489193327757,0.00583522482683587
2016-06-17,0.0018730089856991091,0.47692564989609754,-0.04041826655361441,-0.40046731346020387,-0.502004142906578,0.0039118927151412675
2016-06-18,0.0012093011233816908,0.473492356760313,-0.03925793997782202,-0.4034039878825134,-0.50610114390468,0.0025474971559462686
2016-06-19,0.0007656671910263057,0.4701028813358297,-0.038133838561688005,-0.406112995823218,-0.5099342532615185,0.0016260741844443573
2016-06-20,0.00047775285807530863,0.4667396618720996,-0.03704471203366583,-0.408675003091877,-0.5135853870581997,0.0010225493378734996
2016-06-21,0.0002947454685239655,0.4633991149441352,-0.0359893600324561,-0.411143205408183,-0.5171089413757155,0.0006356466921120329
2016-06-22,0.004463107919023129,0.46008142878313474,-0.034966629399772964,-0.40926979848600115,-0.5162582650862167,0.009607491997876288
2016-06-23,0.03647245759114272,0.4567856835906365,-0.03397541172818021,-0.3795649763347871,-0.48754466060659546,0.07394192725082993
2016-06-24,0.05023824675285069,0.45351181939825486,-0.033014641125602276,-0.3681122807628828,-0.47705273563726913,0.09972851643811231
2016-06-25,0.08111518668529528,0.4498014997822992,-0.03208329216504936,-0.34001431148584094,-0.44988611532078016,0.15278326854819302
2016-06-26,0.10169200355469778,0.4460852319694191,-0.031180377993735277,-0.32225084825800443,-0.4330255662642577,0.18564481500841887
2016-06-27,0.13732525176483784,0.4423829672608109,-0.03030494858031888,-0.2894444353430562,-0.4010945827627259,0.23688684627526732
2016-06-28,0.13771997689027446,0.4391581595133065,-0.029456089082710486,-0.29142565846751556,-0.40392466538479366,0.23873322318793214
2016-06-29,0.24862574721939204,0.4391884161019935,-0.02863291832187311,-0.1796664607888736,-0.2929886384669891,0.36147227038594737
2016-06-30,0.3980161966989546,0.43944007596610263,-0.027834587349515362,-0.029226020472844283,-0.14334652912331747,0.47526803451162664
2016-07-01,0.4069707461254723,0.44390108098157416,-0.02706027809954642,-0.0150361567808861,-0.1299309746813282,0.4782985323525962
2016-07-02,0.3235520477057422,0.45003565546534335,-0.026309202114796166,-0.09156920473209662,-0.20721509861728904,0.41824869549947574
2016-07-03,0.2314415943114661,0.460946549601525,-0.02558059934182231,-0.17204016121721732,-0.28841465787538356,0.33426568081233665
2016-07-04,0.15668493675822065,0.4722169691968629,-0.0248737369877219,-0.2348195368210244,-0.3519008958332911,0.24914050231771942
2016-07-05,0.10251231114017093,0.48773586946284375,-0.024187908433735156,-0.2727874336191066,-0.39055462118536,0.1736766236796213
2016-07-06,0.0655226589846028,0.5049368275492172,-0.023522432201182292,-0.29191065145574846,-0.4103433152545547,0.1148594431880278
2016-07-07,0.041161316683375325,0.5232377650911446,-0.022876650965853673,-0.29732527497971983,-0.41640372001385473,0.07292945366594247
2016-07-08,0.35950316582635305,0.5375312868432904,-0.02224993061748063,0.03593681626377676,-0.08376834911873121,0.4007685153635337
2016-07-09,0.5220441769144708,0.5502345276014817,-0.021641659361329186,0.21178933936623734,0.09147590272757788,0.48685493306530947
2016-07-10,0.45488732535065174,0.5581915235372839,-0.02105124685928389,0.15317989624026573,0.032276047099561,0.44901472955435306
2016-07-11,0.3411662647671434,0.5657846207370214,-0.02047812340809631,0.047625056307682434,-0.07385191628420984,0.3761684014206486
2016-07-12,0.23702465720364907,0.5686428303086756,-0.019921739152685487,-0.053101957428746904,-0.17513531427605,0.2941966268683806
2016-07-13,0.17060813057022445,0.5665390764105629,-0.019381563332613795,-0.12108206214021244,-0.24365559480758725,0.231443772633966
2016-07-14,0.12930176604167334,0.5676608700534401,-0.01885708355998263,-0.16074215325325525,-0.2838401656932612,0.1855218046782464
2016-07-15,0.09330526992274442,0.5697247573079278,-0.018347805127198746,-0.1941654836849125,-0.31777277455770236,0.1407255570497457
2016-07-16,0.06322802731651311,0.5722453805713038,-0.01785325034312546,-0.22122754824369462,-0.3453293939005577,0.09949751875010804
2016-07-17,0.04133587518392308,0.5747568498632812,-0.017372957896292857,-0.2401279386374746,-0.3647100767411703,0.0670935940377416
2016-07-18,0.02638661087172533,0.5772384384612046,-0.016906482243890852,-0.25212913869934694,-0.3771777524554447,0.04371357832297607
2016-07-19,0.016559410008924712,0.581063200081329,-0.01645339302539341,-0.25767848872352583,-0.383180191698121,0.027708807748127017
2016-07-20,0.014542658121694738,0.5858556000473576,-0.01601327449969342,-0.2544627221190272,-0.3804045436193223,0.024221686062253705
2016-07-21,0.012675990131330868,0.5861133484606387,-0.015585725004726417,-0.2556440922011429,-0.38201346319640506,0.021169365107832377
2016-07-22,0.009322105065970525,0.5851794470802193,-0.015170356438599542,-0.2595165100807958,-0.3863012496421848,0.01568053949113692
2016-07-23,0.013861715650560255,0.5836362173800704,-0.014766793761301134,-0.25611656651905657,-0.38330486875774394,0.023199604357208102
2016-07-24,0.029148612377148095,0.5819882359503483,-0.014374674516113534,-0.24208553197700322,-0.36966595346087827,0.04769572061792602
2016-07-25,0.03242378755108751,0.5802795092346831,-0.013993648369897452,-0.24013805737251293,-0.368099505002604,0.05291923141458853
2016-07-26,0.026096641663072892,0.5776148760309555,-0.013623376671453172,-0.24875956476581085,-0.3770912840943462,0.043227006439686855
2016-07-27,0.01879702524511549,0.5739508255004337,-0.013263532027201003,-0.2593633870700378,-0.3880549510428254,0.03171167170234843
2016-07-28,0.012737748071981003,0.570195503300385,-0.012913797893463936,-0.26882825230948393,-0.3978695504160086,0.021851126251578992
2016-07-29,0.012615278978145133,0.5673184863826249,-0.012573868184664012,-0.27148780861227995,-0.4008690364276045,0.021752965134384464
2016-07-30,0.011722205534585074,0.5658501592505751,-0.012243446896768557,-0.2735187878999945,-0.4032304370032145,0.020295648215345945
2016-07-31,0.008854803783248764,0.564470887099955,-0.011922247745369466,-0.2774442626505518,-0.4074771109051709,0.01544463107803177
2016-08-01,0.03186507385468038,0.5631163593670409,-0.01160999381778031,-0.2554762663844451,-0.3858213685666534,0.05355641718454395
2016-08-02,0.06381756061315617,0.5613130046929498,-0.011306417238591252,-0.22502355772087146,-0.35567223648226876,0.10208677059632625
2016-08-03,0.08037612433321904,0.5594892499640765,-0.011011258848117766,-0.20999359033920828,-0.34093742749107914,0.12561411753447144
2016-08-04,0.11558492622148783,0.5581192427499867,-0.010724267893222134,-0.17586780471013364,-0.3070986328169001,0.17156629206844323
2016-08-05,0.5169873102308707,0.5558619658950406,-0.010445201730007994,0.22355636860751704,0.09204647433753654,0.481882517642857
2016-08-06,1.0936320975403637,0.5521877103551501,-0.01017382553789209,0.7967982765692359,0.6650170061071393,0.6644907858648118
2016-08-07,1.2005795628449776,0.5511731702139255,-0.009909912044601935,0.902995115225915,0.7709499312705285,0.6853590350896902
2016-08-08,0.9799284273702841,0.552595337036971,-0.009653241261652457,0.6840228173572165,0.5517209626188805,0.6394213584996497
2016-08-09,0.7181484298158441,0.5555773612120144,-0.009403600229871373,0.42547448500960106,0.2929229892394839,0.5638171377815314
2016-08-10,0.4945991856751447,0.5632939210263919,-0.009160782774572088,0.20988461813857828,0.07709030491316182,0.4675322889826581
2016-08-11,0.3270250370043147,0.5754748252188917,-0.008924589269986738,0.05472756716483351,-0.07830293956516832,0.36235466695665247
2016-08-12,0.21054869151702935,0.5926014932424383,-0.008694826412575869,-0.04439234744149434,-0.177652617028907,0.26215357415386237
2016-08-13,0.13728842293517302,0.611964592596739,-0.008471307002865247,-0.0980659972593394,-0.23154978625646272,0.18323372757827183
2016-08-14,0.08923232978667275,0.6297460645872794,-0.00825384973546465,-0.12812316114989852,-0.2618244074144225,0.12410989048477804
2016-08-15,0.05653563750030895,0.6456776292341745,-0.0080422789969401,-0.1446767180508427,-0.27858953505389117,0.08051063712199252
2016-08-16,0.035165829380355514,0.6601203766772388,-0.007836424671218829,-0.1513979244020106,-0.28551659573078036,0.050577487477786294
2016-08-17,0.02160123199380176,0.6698398641892946,-0.00763612195223895,-0.15504273155752868,-0.2893617056052783,0.031240885323486282
2016-08-18,0.013149738201300054,0.6746170359472805,-0.007441211163539685,-0.1585221428033452,-0.2930360276397941,0.019119472902102235
2016-08-19,0.012114192456336145,0.6748395719152619,-0.007251537584523737,-0.15914547900131182,-0.2938490374167766,0.017634654738980574
2016-08-20,0.03120883627680969,0.6727894676632883,-0.007066951283125825,-0.14191635313141393,-0.27680449784827665,0.044330840148537054
2016-08-21,0.03812421349271357,0.669506791422104,-0.006887306954630976,-0.13810400782819954,-0.2731717968735571,0.053875838152827746
2016-08-22,0.0319252167923384,0.6655464677762296,-0.006712463766399168,-0.14808848498621718,-0.28333111721980664,0.045772778305812147
2016-08-23,0.02342074842419215,0.6614331068626085,-0.006542285208262527,-0.16053613570984793,-0.295948946501574,0.03419816978964672
2016-08-24,0.058922561037500605,0.6572265714247562,-0.006376638948376709,-0.12907521227450602,-0.2646536693261179,0.08227694256210805
2016-08-25,0.15156022960346338,0.6534176897637537,-0.006215396694300249,-0.04008518311546927,-0.17582488242115757,0.188278741512069
2016-08-26,0.1895195541876851,0.6514254200773906,-0.006058434059108765,-0.003961165582419213,-0.139857827523299,0.22536498818286096
2016-08-27,0.1631401655717355,0.6495203309637834,-0.005905630432344053,-0.03209283968521126,-0.16814230525285578,0.200748241445504
2016-08-28,0.12080541556020487,0.647634909560498,-0.005756868855598636,-0.07616424952328193,-0.21236247666767183,0.15720858420753667
2016-08-29,0.08342094783443729,0.6457540032284237,-0.0056120359025723186,-0.11528479062809738,-0.25162785072551364,0.11440457151310689
2016-08-30,0.05528424175191407,0.6484534330437766,-0.005471021563414011,-0.14058105255610953,-0.27706512699268404,0.07855802486056215
2016-08-31,0.03565589985337553,0.6560064640847041,-0.005333719133186467,-0.15251906098349288,-0.289140437850295,0.05155101927241423
2016-09-01,0.02255684446768339,0.6648325028212084,-0.005200025104296735,-0.15665838360379103,-0.29341345449948286,0.03281523718202654
2016-09-02,0.014065559086237831,0.6715416110482517,-0.005069839062740953,-0.15831037471663745,-0.29519563165388507,0.02051547839483463
2016-09-03,0.008658937677802937,0.6781869097528829,-0.0049430635880035965,-0.15694492194570386,-0.29395695435768887,0.012606813756236283
2016-09-04,0.005221534261269288,0.6848230508607737,-0.0048196041564955066,-0.15362272482283867,-0.2907582166663317,0.007566952011290394
2016-09-05,0.0031687934769209763,0.6914475639128475,-0.004699369048367587,-0.14893071744698516,-0.2861864443986062,0.0045619332790098385
2016-09-06,0.0019112612150764363,0.6934758317385674,-0.004582269257597378,-0.14804288209233962,-0.2854157088347308,0.002748485317664424
2016-09-07,0.009712614066740524,0.6906277028564851,-0.004468218405199537,-0.14297560727035996,-0.280462484865149,0.013868420583596452
2016-09-08,0.1460799140369081,0.6860227146476917,-0.004357132655468332,-0.011102209759254578,-0.1487001731037748,0.17555516471307558
2016-09-09,0.29458057650520797,0.681187175357539,-0.004248930635108801,0.13267111543925214,-0.005035049925627644,0.3018962001386618
2016-09-10,0.3317915071034051,0.676234419233661,-0.004143533355173701,0.16503468719350622,0.02722312454869147,0.32914977525335976
2016-09-11,0.2802466662639312,0.671214363721772,-0.004040864135686578,0.10857246006163046,-0.0293417718026715,0.294543504601699
2016-09-12,0.205771403706548,0.6661530302273568,-0.0039408485328496405,0.02913587961266917,-0.1088783678544698,0.23599683148935158
2016-09-13,0.1414000685665558,0.6619778546798752,-0.0038434142687490402,-0.039313196810704,-0.17742487854194355,0.17600691340279986
2016-09-14,0.09769612808163278,0.6624294250665788,-0.0037484911634573514,-0.0824706438036319,-0.22067724864016314,0.1285263042098832
2016-09-15,0.06649802918892388,0.6677505659556771,-0.0036560110694450567,-0.10825512171323015,-0.2465542066437737,0.09056609658998113
2016-09-16,0.043461913310525624,0.6761870210316759,-0.0035659078082192854,-0.12276467925440382,-0.2611538674461731,0.06039321568682956
2016-09-17,0.027725511210621744,0.6849234864970356,-0.0034781171091044782,-0.12967682518983326,-0.2681538040807173,0.03890486242147961
2016-09-18,0.02167159854173559,0.6937759579653622,-0.0033925765500857166,-0.12679272583137402,-0.26535524528127685,0.030290967303793694
2016-09-19,0.017150508677136987,0.7026856186625962,-0.0033092255006429054,-0.1223208039492959,-0.2609666744486415,0.02382557366288265
2016-09-20,0.012094779295678263,0.7111679319875258,-0.0032280050665005333,-0.11881299957168256,-0.25754009050517057,0.016722525725430874
2016-09-21,0.17941055035735973,0.7150436946891343,-0.003148858036219393,0.05245768122188865,-0.08634855674188058,0.20058102619663223
2016-09-22,0.26481385724408885,0.7140441311988202,-0.0030717288295738403,0.13693855382494902,-0.0019448133454657013,0.2705334791876543
2016-09-23,0.2332611373421304,0.7099154375074405,-0.0029965634476381564,0.10133230561354667,-0.0376262269388038,0.2473143879546984
2016-09-24,0.17656443765051646,0.7059289574614168,-0.0029233094245292115,0.040722379899017946,-0.09830940667644139,0.20007451458389836
2016-09-25,0.14475058506604838,0.7018269321343941,-0.0028519157807386135,0.004877895631317686,-0.13422528458793226,0.1709832615738791
2016-09-26,0.11856196508876661,0.697652055085424,-0.0027823329780071364,-0.02541601859220255,-0.164588781614184,0.14525842751814524
2016-09-27,0.08724904005774119,0.6975547033640092,-0.002714512875672,-0.056758475242307815,-0.19599905836662435,0.11117306815756856
2016-09-28,0.09406368469023398,0.6981325527200274,-0.0026484086884527116,-0.04929987706657746,-0.1886065643781133,0.11873785843484184
2016-09-29,0.1332756821944027,0.6992504835324735,-0.0025839749456040284,-0.008905515007113896,-0.14827663606149843,0.16008587799524604
2016-09-30,0.13305758460753797,0.7004288184359664,-0.0025211674514056905,-0.007882470196287517,-0.14731639874487035,0.1596397783115281
2016-10-01,0.10778344840119797,0.703468556879296,-0.0024599432469309215,-0.030055643754823058,-0.16955079650788074,0.13286062493482698
2016-10-02,0.1010752226954466,0.7070937326345007,-0.0024002605730526574,-0.03307901103149147,-0.1726338464584274,0.12506694550544953
2016-10-03,0.10811021154008152,0.710783629510643,-0.002340345461314693,-0.02229421019897626,-0.16190896073765015,0.1320198127285523
2016-10-04,0.09557197954298186,0.7135818013293111,-0.0022814551019469664,-0.03197538001804001,-0.17164902091608158,0.11811349313594292
2016-10-05,0.07971282882522102,0.7204531947715564,-0.0022262465123124757,-0.040907928703921126,-0.18063677819159718,0.09962036186803927
2016-10-06,0.061413294796502836,0.7270965054980334,-0.0021701918129462443,-0.052508097306796064,-0.19229300149383843,0.07788526505766041
2016-10-07,0.04755258479622707,0.7342295842745329,-0.0021177651010224246,-0.059183301818648615,-0.19902063271761472,0.06082587538770411
2016-10-08,0.035370804632986516,0.7414020948828723,-0.0020666495142216594,-0.0641414557867489,-0.20402990227251583,0.04553558016124425
2016-10-09,0.03717344706344867,0.7504131802430132,-0.0020124339891725664,-0.053273512471096796,-0.19321617448191275,0.04719918517481877
2016-10-10,0.03513008292273301,0.7595246732920843,-0.001960404337456904,-0.04615335391102571,-0.18614804557355735,0.044207981702731255
2016-10-11,0.02673862019917855,0.7658944251627365,-0.0019107310438228609,-0.04812539147029393,-0.1881697564264596,0.03373392057729531
2016-10-12,0.01871022672508057,0.7675119558413899,-0.0018606789660943663,-0.054486202188009925,-0.19458061922190417,0.023797632704796814
2016-10-13,0.012381742173521323,0.7692426254532807,-0.0018120093843063724,-0.05903534754589046,-0.19917843416157266,0.015841039105670727
2016-10-14,0.007890404571963435,0.7704076739618402,-0.0017684720874117145,-0.06231809934199417,-0.20250472325457103,0.01013802396483847
2016-10-15,0.022149053843646394,0.7705516592308018,-0.0017220166019827389,-0.04786900931592064,-0.18810208871392642,0.02794125636363117
2016-10-16,0.028657661294067018,0.768283558270051,-0.0016766347887850104,-0.04358312101305306,-0.18386158222425664,0.03595956714315912
2016-10-17,0.023835348287612437,0.765813065584171,-0.0016364389246692154,-0.05083573084127191,-0.19115438791659123,0.030184760545194513
2016-10-18,0.017388498886032826,0.7623441113980531,-0.001594640118325478,-0.060709735622625605,-0.20107019150428873,0.022300592096177102
2016-10-19,0.01194278158145598,0.7587660706008339,-0.001554045165211885,-0.06969289877130802,-0.21009394960608474,0.015495840676592158
2016-10-20,0.007859707082897882,0.7546757279881035,-0.0015168716918890074,-0.07782914240927374,-0.21826736671737335,0.010307333563018023
2016-10-21,0.01790745538828936,0.7523579016802177,-0.0014772518414086452,-0.0700596005612878,-0.21053744471986768,0.023248423707437595
2016-10-22,0.06515874821411609,0.7487426841521491,-0.0014385099325534647,-0.026384783354674424,-0.16690136942210954,0.08005729640342234
2016-10-23,0.08228838748301913,0.7450566500031744,-0.0014041729979241504,-0.012906841300116656,-0.15345776430218105,0.09946078571165942
2016-10-24,0.06834511645387427,0.7413485372830547,-0.0013656817635621283,-0.030519733815019157,-0.17110914805144561,0.08440861076092826
2016-10-25,0.04997684340240442,0.7376320699613297,-0.001331962268358411,-0.052570754693010424,-0.19319388842464058,0.06345388244650818
2016-10-26,0.034278771508887744,0.7339156005844184,-0.001297150644068032,-0.07195048433914797,-0.21260842969506855,0.044622523614015995
2016-10-27,0.02262185065377442,0.731579023169181,-0.001263275760673634,-0.0859101077261043,-0.22660192796541923,0.02999446359576186
2016-10-28,0.014548337986943733,0.7320822417520342,-0.0012292881844212372,-0.09344641423382938,-0.2341722220493967,0.019485322971943945
2016-10-29,0.03916484025482472,0.7327863944667269,-0.0011968953981657305,-0.0680933664650002,-0.20885156706682306,0.050734863153566644
2016-10-30,0.06318982708747567,0.7335678608961554,-0.0011648293267948519,-0.04325484713154981,-0.18404511380474353,0.07930871335222543
2016-10-31,0.06536979482441754,0.734395754328306,-0.0011334364407769072,-0.040215593076439515,-0.18103725263565118,0.08173619743144814
2016-11-01,0.05354422884910551,0.7352520622784439,-0.0011028873048883705,-0.051154301965725124,-0.1920065106608253,0.06788093383726032
2016-11-02,0.05162557847060541,0.7361255841264407,-0.001075457166855522,-0.05217200035819547,-0.1930516391913285,0.06553538848537777
2016-11-03,0.0455833644385822,0.7356359970019466,-0.0010499661931326898,-0.05867831054098993,-0.1995834403478458,0.05834899477469272
2016-11-04,0.03385191127286321,0.7336918492064904,-0.0010250972306016977,-0.07232904253963413,-0.21325904130902096,0.044104210099658286
2016-11-05,0.023333834224615962,0.7330208895213515,-0.0010008345489096967,-0.08349381659132826,-0.22444807804240718,0.030850384736214015
2016-11-06,0.015317260130489872,0.7328572072752337,-0.0009756655249004685,-0.09164890390756297,-0.23262833438265107,0.02047284530251626
2016-11-07,0.04842730975386069,0.7327298607656605,-0.000949709000414504,-0.058640244269279385,-0.19964563126885349,0.061994322757932735
2016-11-08,0.06369619544875015,0.7339905095108649,-0.000924144830936828,-0.04208514565970789,-0.18311609682875962,0.0798511433783705
2016-11-09,0.05333429976416815,0.7353407174369749,-0.0008982132527971046,-0.05107090184004015,-0.19212778458723156,0.0676251923808128
2016-11-10,0.03911370989886109,0.7367203159456753,-0.0008731710893316151,-0.06388685103318126,-0.20496877594383822,0.05041504831691772
2016-11-11,0.03115152841059268,0.7349108331516218,-0.0008471416902363105,-0.07363248591640803,-0.21474044022616023,0.040664481083584426
2016-11-12,0.084091338755065,0.7315427277523463,-0.0008224518510725568,-0.0240360911320473,-0.16516873528096332,0.10309934590538697
2016-11-13,0.10617394755310669,0.7317029663927582,-0.0008012141551122023,-0.0017720059976333857,-0.1429258878425097,0.12671783383205443
2016-11-14,0.08809254182141593,0.7320319536066618,-0.0007799039154764454,-0.019503114275784772,-0.1606783063602969,0.10741362111789449
2016-11-15,0.0643458268808061,0.7310263810893647,-0.0007576712732890872,-0.04423316909150432,-0.18543059381820381,0.08090027063558058
2016-11-16,0.04410786091993044,0.7299579151192377,-0.0007376528513152458,-0.06551958260053314,-0.2067370257492065,0.05698205796621935
2016-11-17,0.04190197235981608,0.7293341919470344,-0.0007146808773703198,-0.06832622235890595,-0.20956663748152415,0.05433092261366599
2016-11-18,0.03782844496101249,0.733317457689849,-0.0006978830031358675,-0.0683996861406605,-0.20965689913751318,0.04905484789710336
2016-11-19,0.028269572379346925,0.7375758527960241,-0.0006814906240228472,-0.07368377123703795,-0.21495737661300363,0.036912895801229695
2016-11-20,0.019576319593240032,0.7377980149759122,-0.0006654936262507326,-0.0821388648454845,-0.22342846721922238,0.025847614184571516
2016-11-21,0.012986131767628552,0.7378143501850656,-0.0006457696684642351,-0.08869299350415616,-0.23000231983568054,0.0172963817682349
2016-11-22,0.008251240824474204,0.7377778005165746,-0.0006263743669719911,-0.09344503881430921,-0.23477376044732579,0.011060213969206771
2016-11-23,0.00522495367055657,0.7390901132100266,-0.0006069360791172475,-0.09513957498692016,-0.2364877349077915,0.007019814461709472
2016-11-24,0.003260083861323051,0.7400105535472579,-0.0005884066834668059,-0.096165475063272,-0.23753216437979374,0.004386132987426168
2016-11-25,0.002011041611893175,0.7363315088817826,-0.0005701712507541385,-0.10107532654546447,-0.24246025129469895,0.0027237243885626507
2016-11-26,0.0012152651106159054,0.7323804084662828,-0.0005525982454403962,-0.10580463045692778,-0.24720712821147595,0.0016565870743081967
2016-11-27,0.0005406108397890057,0.7283425869623575,-0.0005356192599160249,-0.11050012724615565,-0.25191960398622815,0.0007416974920249885
2016-11-28,0.00032808984509000513,0.7242631114623733,-0.0005230898537260803,-0.1147795943346488,-0.2562116004809113,0.00045279302936330833
2016-11-29,0.0001978930699785316,0.7201622038169482,-0.0005108610692026415,-0.11899846997066199,-0.26044270490144794,0.0002747140920683096
2016-11-30,0.00011874388503517724,0.7146769917153901,-0.0004978716170149939,-0.12454984180497575,-0.26600706618794934,0.00016612282239685284
2016-12-01,7.093472250943829e-05,0.7091085636815028,-0.00048624586635525116,-0.13015445325072916,-0.27162330338436247,0.0001000236508092448
2016-12-02,0.08994099042096595,0.7035227253860751,-0.0004749043181700441,-0.04585889429951506,-0.18733908598133364,0.11335236713311578
2016-12-03,0.13403804755160711,0.6979344351212604,-0.00048204483465180345,-0.007357267950170332,-0.14883031911550715,0.1611087510021783
2016-12-04,0.1153515974587675,0.6923544463693972,-0.0007655397641838587,-0.0319072017244052,-0.17309675796020996,0.14281383473627685
2016-12-05,0.08565761719588859,0.6867884742299843,-0.0019345134306938787,-0.06833612779320697,-0.2083567103625017,0.1108913853622737
2016-12-06,0.059266811992508626,0.6812404593879914,-0.004477095252160354,-0.10281752966004643,-0.24029553040787466,0.08003542204524167
2016-12-07,0.039333188699681707,0.6757138258388985,-0.008321896519327555,-0.13212258776913344,-0.26575578724979443,0.05500783570862597
2016-12-08,0.04252694081405818,0.6747951586693605,-0.01317881306603464,-0.13470441937100208,-0.263480702304956,0.05928569724072919
2016-12-09,0.04161006768805149,0.6741760794707639,-0.018641887556400512,-0.1417034461859712,-0.26501665462955926,0.058131982371012886
2016-12-10,0.032004542868871826,0.6736606044320441,-0.02401897719850684,-0.15720153568597706,-0.27513765448745875,0.04535372476773912
2016-12-11,0.02250539144774546,0.6732124437915986,-0.02928183854431269,-0.17241170909335468,-0.2850849665490306,0.03234844689586411
2016-12-12,0.015073192448522045,0.6728116500798065,-0.034939771706964676,-0.1859026349670223,-0.29291795926004616,0.02191237764902677
2016-12-13,0.00978866485842427,0.6724466460891653,-0.041479739211542785,-0.19809213405233939,-0.29856749084078515,0.014347930547347837
2016-12-14,0.006222455983375223,0.6739434970286862,-0.04892903171790766,-0.20761078449423231,-0.30063684877631325,0.009148437900808716
2016-12-15,0.008176780265111702,0.6709873503272837,-0.05689438004151383,-0.21657795523750445,-0.3016386711959792,0.012039476021767479
2016-12-16,0.008790318658991034,0.6678097193305271,-0.06469694746826722,-0.22694461526713516,-0.30420276379885647,0.01299189796842313
2016-12-17,0.006671915086418472,0.6645879937408581,-0.07178367948411907,-0.2393714764452286,-0.30954289296109805,0.00993939158093715
2016-12-18,0.004799748605236764,0.6613433334240093,-0.07864680254654877,-0.25135142630568874,-0.31465971975912854,0.007205281770119827
2016-12-19,0.003259682269286635,0.6580959841555265,-0.08604884735082657,-0.26354088671439957,-0.3194471353635615,0.0049287886001007225
2016-12-20,0.0021368664123369123,0.6548537369009837,-0.09432848894646664,-0.2761855914215321,-0.32381219847505405,0.0032525068114525758
2016-12-21,0.0013676263034285905,0.6502461952848669,-0.10326783935665487,-0.2905017235567454,-0.32918898020007914,0.00209882948783227
2016-12-22,0.0008602468210389558,0.6455712577087965,-0.11243332367304194,-0.30484952493159256,-0.3343712972585392,0.0013307625247390026
2016-12-23,0.09898455189056198,0.6408870826363634,-0.12170221160136725,-0.22067828286282798,-0.24093116726144925,0.13378611541697066
2016-12-24,0.14709832135837947,0.6362083540263921,-0.13049210280463994,-0.18603313320825454,-0.19749612640360314,0.18779148190729086
2016-12-25,0.12651766749667492,0.631548463636346,-0.13800951817401497,-0.21879109282938014,-0.22273667065535374,0.16689529092610836
2016-12-26,0.09392484878195544,0.626900291770724,-0.1444819936088697,-0.26250455884457635,-0.2599776612356952,0.1303018492250982
2016-12-27,0.06497723463416893,0.6222706031813972,-0.15056516930787092,-0.3021650372806909,-0.29355496397280856,0.09454701937033465
2016-12-28,0.043118787966091754,0.6171998176436126,-0.1566291392900189,-0.3351582394687006,-0.3204841961786703,0.06529997428480465
2016-12-29,0.027837570745283712,0.6167104972924574,-0.16296980404066547,-0.3572694417913104,-0.3362547337506335,0.04318928583562786
2016-12-30,0.017610345393607597,0.6165132987187133,-0.16984770906631874,-0.3745717707423839,-0.34667915767605373,0.027771154028264425
2016-12-31,0.010988315735733552,0.6164211949543998,-0.1767864762151942,-0.38822467131344685,-0.35339329109824125,0.017513785730864526
2017-01-01,0.006779145776052803,0.6163934989515863,-0.18318927310833114,-0.39886433416907807,-0.35763015706073553,0.010878439279079178
2017-01-02,0.01699339602232696,0.6164168751870788,-0.18920031339368354,-0.3946377479726639,-0.3473925305789689,0.02682841879068446
2017-01-03,0.038795265209434375,0.6164759711283306,-0.19458643645405674,-0.3781629059046778,-0.3255315654506097,0.05920489571044903
2017-01-04,0.0435270365166303,0.6165675767048838,-0.19846684965184652,-0.3772199422187185,-0.32070818856686056,0.06594060252090488
2017-01-05,0.03511890509111349,0.6120961557542278,-0.20062180110739028,-0.392254446050435,-0.33358774094303334,0.05426156963227021
2017-01-06,0.025326256908813304,0.6073684587295045,-0.2020529842587107,-0.408205974408779,-0.34810808615005684,0.04002918988071832
2017-01-07,0.01690794352709894,0.6025740478842091,-0.20401495713042128,-0.42338067150749936,-0.36132081037706665,0.027293680464510597
2017-01-08,0.01111993931294178,0.5991282948301586,-0.2069725729991513,-0.435572044644437,-0.3705545676452743,0.018221993429536426
2017-01-09,0.007134206066606211,0.5975922787971933,-0.2108212790546641,-0.4449424999792506,-0.3760763169245751,0.011797409647459088
2017-01-10,0.004495927338331706,0.5961959550288669,-0.21535975690188752,-0.453515580323075,-0.38011091942117603,0.007484581480632325
2017-01-11,0.0027952478378735646,0.5948557492382431,-0.22059634760500205,-0.4617930563172714,-0.38315180471225796,0.004677057097785721
2017-01-12,0.001719592713884668,0.5935533136853964,-0.2265101744158805,-0.4700849738049855,-0.38552989538909355,0.0028887468174660143
2017-01-13,0.0010489042981411418,0.5922793286248614,-0.23312422791767196,-0.4786437007830554,-0.387474568865372,0.0017678314294497092
2017-01-14,0.0006353461967645277,0.5910288692019022,-0.2405413267457227,-0.487724817135442,-0.3891385863897079,0.0010738290067727483
2017-01-15,0.00038260131167291235,0.5884248159700745,-0.2486469868800806,-0.4986872753867193,-0.3919953845066273,0.000649790237764338
2017-01-16,0.00022925990255617964,0.5839232624065027,-0.25688851421034475,-0.5115836976896719,-0.39665027947931575,0.0003924658266473847
2017-01-17,9.457963001247715e-05,0.5793043640743505,-0.2645463712971067,-0.5239951333811298,-0.4014038580840117,0.00016323749126601135
2017-01-18,1.0721495326969961e-16,0.5746570164011244,-0.27149605007097627,-0.5356867394582379,-0.4061457853872501,1.8657207727341308e-16
2017-01-19,8.77213254024815e-17,0.570000572523394,-0.27811848676912826,-0.5469656200341202,-0.41080222926498056,1.538969075314064e-16
2017-01-20,0.021414521528801467,0.565350063802722,-0.2845843438997556,-0.5366674643566182,-0.3940382164568511,0.036495933913090896
2017-01-21,0.03191382084562077,0.5607124003515882,-0.2902734927581717,-0.5364949773493488,-0.38817658059116567,0.05385151669656002
2017-01-22,0.031747570367371615,0.5560904064943156,-0.29423477203364634,-0.5452445009603452,-0.3929648249266874,0.0540073483119678
2017-01-23,0.02677743493004992,0.5514890917084191,-0.29617543369349414,-0.5567566128434112,-0.40253627514990564,0.046306389349060686
2017-01-24,0.019604078924824363,0.5469108326922487,-0.29654925067797755,-0.5688820448492905,-0.4142878901713015,0.03460470064038744
2017-01-25,0.013443979080680832,0.5423574286167763,-0.29637825423818687,-0.5794245523291158,-0.42500139409091753,0.024188458133590905
2017-01-26,0.008868734759409276,0.540123986830039,-0.2961655793978462,-0.5860205635967839,-0.4318100801989263,0.016154557994380037
2017-01-27,0.005701344940831232,0.5380548595759066,-0.2962258000690257,-0.5913173013406741,-0.43704659727163686,0.010485112433610373
2017-01-28,0.0035980654137587656,0.5365130832465645,-0.2967904041464766,-0.5955269612745394,-0.44069165312805136,0.006661712913505502
2017-01-29,0.0022393945336466915,0.5350482994055303,-0.2981432558050485,-0.5997032676542575,-0.44351510784919757,0.004167961706378108
2017-01-30,0.001378770924389744,0.5336294772065853,-0.3002994703819367,-0.6041389280393478,-0.4457945536573996,0.002577102183389532
2017-01-31,0.0008415618770068012,0.5322405472967673,-0.30303252948722803,-0.60879812610184,-0.44772069261460057,0.0015786721454808172
2017-02-01,0.0005100253965601322,0.5308756403383886,-0.3062469265820409,-0.6137089666354782,-0.4494171360534259,0.0009598026997110025
2017-02-02,0.03885340850859755,0.5272465526514816,-0.30978670360709254,-0.5825344482353996,-0.41470284062829554,0.06863347672551909
2017-02-03,0.05762906641629235,0.5235007309879847,-0.31299640560609976,-0.5707143139902088,-0.3996730043840976,0.09916728874289901
2017-02-04,0.049475980205912165,0.5192768591584791,-0.3148239610913965,-0.5849188275153914,-0.4120499624239834,0.08699030014725546
2017-02-05,0.0367340522771696,0.5150255215951696,-0.3154609510106448,-0.6025490829266917,-0.42904322791603544,0.0665761937203264
2017-02-06,0.02540006228250365,0.5107758070023313,-0.31605439978938576,-0.6187262362929369,-0.4446269325035397,0.04737263226034939
2017-02-07,0.0939493583749773,0.5065372861931009,-0.3171188158225596,-0.5554798770428675,-0.38031615722029644,0.15645536703410579
2017-02-08,0.14718798668347194,0.5064467268993298,-0.31808590281612503,-0.5032988950217093,-0.32716808820557286,0.225183858238928
2017-02-09,0.14624343199817977,0.5066227218795627,-0.3177873045655542,-0.5037688564761977,-0.32793664791063215,0.22400216511387067
2017-02-10,0.11795078486187095,0.5068973777065549,-0.31562537425379145,-0.5296249174737517,-0.35595463921994885,0.1887671148412066
2017-02-11,0.08483337096729411,0.5072301652984109,-0.3118466963356007,-0.5586308658582817,-0.3887392655226696,0.14328423517239333
2017-02-12,0.05760500827882271,0.5076039160653628,-0.307374581774708,-0.5810133632189085,-0.4155938774441891,0.10191807984217881
2017-02-13,0.03776119296963731,0.5125915947915385,-0.3031516340901407,-0.591646552117351,-0.43045001402719885,0.06861270408613553
2017-02-14,0.024168212236717602,0.520174333032096,-0.29979507127115435,-0.5943002317907268,-0.436460256519561,0.044398903680737595
2017-02-15,0.0152027213023576,0.5247853137929609,-0.29796544821503335,-0.596825118908101,-0.4408147666930562,0.028153811407458356
2017-02-16,0.11651092891739732,0.5292981174441804,-0.2977982221726282,-0.4908368815994365,-0.3349937554267969,0.18041080343146013
2017-02-17,0.5549862941497917,0.5338018121730871,-0.29817614592956376,-0.04823574539507103,0.10798530453450417,0.5097284686770919
2017-02-18,1.1070753052906794,0.5383016875471864,-0.2976828094523738,0.508846477597106,0.6645741910494912,0.6728399084888442
2017-02-19,1.2126368678480886,0.5427962078151571,-0.2955767590611973,0.6210086108136623,0.774630273874871,0.6907907140748869
2017-02-20,0.9884258505302582,0.5426987748956968,-0.29186147185048356,0.4004154477870856,0.5503218236375805,0.6455554525845867
2017-02-21,0.7154510595286925,0.5400246719976138,-0.2871379065237243,0.12949011921419595,0.27467292973793167,0.5698645075830376
2017-02-22,0.48750582895322225,0.5407860125129115,-0.2824289825723947,-0.09298484689464703,0.04748903967775908,0.4740928686725149
2017-02-23,0.3203840136713319,0.5462565098534778,-0.2784741307967446,-0.25068131306032093,-0.11416227826356484,0.36968501353740363
2017-02-24,0.20544070882523977,0.5565973160681934,-0.27560126365708193,-0.3524109445520348,-0.21876477689494145,0.26959377631315645
2017-02-25,0.12942860297739073,0.5709598365753775,-0.27366574503307267,-0.41212501126869056,-0.28041436223560645,0.1847954587314964
2017-02-26,0.08045002272225277,0.5856563978436257,-0.27234061808364746,-0.4450819033061551,-0.3146963812224962,0.12077653095417987
2017-02-27,0.04948172588110062,0.6004671232338655,-0.27159210305141135,-0.46049095972483123,-0.33085395267340845,0.07613172320941836
2017-02-28,0.030177456492722833,0.6153230694965224,-0.2711857313856463,-0.4645329111847871,-0.3353022757991294,0.04675047544922624
2017-03-01,0.018276613090093766,0.6256024832224633,-0.2706345703681429,-0.465603179843972,-0.3369237054758176,0.028385162982868112
2017-03-02,0.011004718886563491,0.6310071554120374,-0.269673773994757,-0.4665096054845421,-0.3387909274897737,0.017140989640707448
2017-03-03,0.0062417179871111315,0.6314386838970983,-0.2685149016067572,-0.46968220551093376,-0.34312239990416515,0.009788160289493274
2017-03-04,0.0024446920353735175,0.6277635655494879,-0.26756643026684857,-0.4762058784703732,-0.3505945442035132,0.0038791812166065194
2017-03-05,0.0001891592600249001,0.6236775168291645,-0.26706201730673035,-0.482043047005927,-0.3569361256991852,0.00030320462251754804
2017-03-06,1.4985726422923922e-16,0.6194044357784182,-0.2671854182586121,-0.48662868826857986,-0.36139836600995634,2.4193766717364644e-16
2017-03-07,0.07280937319792496,0.6150153508278083,-0.26792084579634023,-0.41894382755899295,-0.2929780777626413,0.1058545449948103
2017-03-08,0.13848732101543265,0.6105485864165188,-0.2686708499086624,-0.358482648265097,-0.23176689435642317,0.18488742614520648
2017-03-09,0.14234211809910777,0.606029470583699,-0.2684274179307345,-0.3589035350363137,-0.2324312131055678,0.19020246125275966
2017-03-10,0.14415550738284982,0.6014750623143171,-0.2666561164104449,-0.35987325250166396,-0.23517223209120763,0.19333368727277053
2017-03-11,0.33656502786624826,0.5968977662917153,-0.2633634142449006,-0.16874832587532307,-0.04734000763041102,0.3605553750750709
2017-03-12,0.4368619978202342,0.5923069488600307,-0.2587795374226357,-0.06845829653075686,0.048366144891890284,0.4244803530357154
2017-03-13,0.40885735693316216,0.5922896889086205,-0.25320538820689703,-0.09090604815350023,0.020344244053408178,0.4083889161250907
2017-03-14,0.32610771822152157,0.5957517831681816,-0.24697174640973907,-0.16395995080842207,-0.05894330039867157,0.35374991279030504
2017-03-15,0.23309413248181401,0.599950443956756,-0.2405312590911052,-0.24633438844092126,-0.14775822534980465,0.27980991542894074
2017-03-16,0.15767130138819122,0.6074883018524724,-0.2344209082558108,-0.30810901080353337,-0.21564319854771108,0.20606328499362672
2017-03-17,0.10308652484350038,0.6198645696281342,-0.22897833216680646,-0.344874943483558,-0.2578517073167401,0.14259128401879065
2017-03-18,0.07013638398635418,0.6358142829842145,-0.22432775082865647,-0.3572247896464739,-0.274852134817806,0.09935026237361454
2017-03-19,0.04774779134369178,0.6552892473694191,-0.2202461725085059,-0.3560568395837811,-0.2777657630752638,0.06791646629471008
2017-03-20,0.03114482260006387,0.6704873113485389,-0.21651164095673026,-0.35372721279651353,-0.27917066783977185,0.044389105192188
2017-03-21,0.019826939309431597,0.6823020386192713,-0.21337361455713633,-0.3500923424168195,-0.27867382385967177,0.02823831508552964
2017-03-22,0.012172519662289476,0.6934168480079469,-0.2110143532008409,-0.3442726913189906,-0.27521343411813826,0.017251563331348856
2017-03-23,0.00743294469931233,0.7011920565115598,-0.20941033592628427,-0.3396330405037982,-0.2721778005775025,0.01048924986644726
2017-03-24,0.004541592399968595,0.7045631444259624,-0.20847738300870455,-0.33822035197115974,-0.27169806496244375,0.006404684899296411
2017-03-25,0.011228895831897314,0.7043462883465736,-0.2078708174065621,-0.3311433390164772,-0.26522761760990365,0.015692125831318272
2017-03-26,0.030817481836968526,0.7005582130412302,-0.20696612158504007,-0.31443813249522745,-0.2494271069101759,0.0421363220746634
2017-03-27,0.08837203459131038,0.6964081841597249,-0.20526619945384011,-0.2593336864911908,-0.19602258303733933,0.11260736761682526
2017-03-28,0.10690297479641205,0.692093828552006,-0.2026270170554199,-0.24247791949538788,-0.1818059984399566,0.13379649874493293
2017-03-29,0.15222832130970948,0.6876727373011303,-0.19921828911623476,-0.19816493629378107,-0.1409017431775349,0.1812455404705509
2017-03-30,0.17263828417842447,0.6831797097912395,-0.19530018419795195,-0.17832989601667404,-0.12498480781871069,0.2017231296781357
2017-03-31,0.14535925988678305,0.6790956276819735,-0.19097955131640842,-0.205372369536038,-0.15634791421961813,0.1763095374635166
2017-04-01,0.10653110353121684,0.6768399660286788,-0.18652955496992618,-0.2420061911984166,-0.19743173222847898,0.13599060224558318
2017-04-02,0.07310002755489928,0.6792649867840894,-0.18255565611506744,-0.26903834756446476,-0.22843778744938592,0.09716032266482161
2017-04-03,0.09107937393225755,0.6819817887743733,-0.17951791121019045,-0.2453044542919457,-0.2077416390817438,0.11781651740642582
2017-04-04,0.5359977523899006,0.6893745251443728,-0.1771770570498096,0.2093475146960777,0.24456947574589882,0.437416254812333
2017-04-05,0.9717860805398598,0.6984606388789905,-0.1748747103228956,0.6565243033075687,0.6894439176304757,0.5818218765177311
2017-04-06,0.9847571841169867,0.7077322319133277,-0.17218758516288368,0.6814541250790447,0.7116866142419397,0.5818394932280915
2017-04-07,0.7762321173274779,0.716158390172154,-0.16903623394541015,0.4845065677658358,0.5115877057112573,0.5201266782566086
2017-04-08,0.5534103483610292,0.7227252937250926,-0.1658509787124381,0.27143695758529773,0.2953328402977472,0.43366107027334444
2017-04-09,0.37396625228061126,0.7291711219269711,-0.16331925776371828,0.10097041065547796,0.12233457241920764,0.33900243163209187
2017-04-10,0.24434894318775632,0.7401554908309795,-0.16156875985050337,-0.015912031620153533,0.0037016322303612403,0.2481948630645844
2017-04-11,0.15589974263240539,0.7513730949500536,-0.16043164604723947,-0.09200651425316664,-0.07352996420591573,0.1718333627708062
2017-04-12,0.13647152026067033,0.7621758755136872,-0.15980985042735052,-0.10001016044137911,-0.08215540601401716,0.15186325682619253
2017-04-13,0.36208767149784005,0.7729516574926998,-0.1593806490331722,0.13681097416898158,0.15423652720216519,0.3190089208801838
2017-04-14,0.4503698134875141,0.7836982237969876,-0.15859363346893943,0.23662669802717606,0.253265235496127,0.36494731236903916
2017-04-15,0.3724125553331438,0.7944014927467055,-0.15717623461997157,0.1707901076714915,0.18601124629147459,0.3191704418934613
2017-04-16,0.2715742016446298,0.8004724881239322,-0.1554971459388561,0.07770183804131992,0.09124388798018745,0.2533231101187005
2017-04-17,0.19451600360289348,0.8016349121636754,-0.15420995735052156,0.003093252627661247,0.015348113978194244,0.19526760506284072
2017-04-18,0.13519465734032876,0.8019292155343514,-0.15331609635947602,-0.05503992927318202,-0.043678928913694515,0.14426551414767777
2017-04-19,0.08821031258684034,0.8056863296719515,-0.15245613173697872,-0.09740719526657293,-0.0869061595295828,0.09868066218924512
2017-04-20,0.05614796373056073,0.8095396935516411,-0.15158938188938942,-0.12474943039557362,-0.11511514450617277,0.06485937885130005
2017-04-21,0.03552908041201295,0.8133712746650035,-0.15080315758713292,-0.14075050829850255,-0.1319024467113582,0.04185306343615509
2017-04-22,0.0221683421966339,0.8171727017011109,-0.15020693951183645,-0.1497136014024778,-0.14146175789062987,0.026411602718351784
2017-04-23,0.013674477738015946,0.821856097921222,-0.14982596059784808,-0.15314309072699617,-0.1452722261291366,0.016366220622419127
2017-04-24,0.008358720648691451,0.8265564021189016,-0.14965063937817064,-0.15358322239896371,-0.1458876790207816,0.010011461549509128
2017-04-25,0.0050717057008436055,0.8271097214336389,-0.14967601443198922,-0.15634229308589276,-0.14862137465389214,0.006094471151930679
2017-04-26,0.0030584289202427177,0.8228032838224338,-0.14978194003675202,-0.1627679330824615,-0.15494108904569803,0.0037033184527779026
2017-04-27,0.0017081669542030244,0.8181169405341959,-0.1497576300136047,-0.16878022831359174,-0.16097769429997566,0.0020835748241916294
2017-04-28,0.0002187265633930931,0.8132796200792775,-0.14953029666786036,-0.1748796558135759,-0.16730445514570413,0.00026887155246938546
2017-04-29,0.012980641630599709,0.8083543211342631,-0.14918969717255473,-0.16670244019607794,-0.1594678390235118,0.015804321280690314
2017-04-30,0.06633940246075898,0.8024562700620119,-0.1486571624221038,-0.11870919568771898,-0.11200712926560374,0.07635788777368736
2017-05-01,0.168111677121784,0.796467316521946,-0.1476239848633443,-0.02189269700800034,-0.016223808144644636,0.1742850282139531
2017-05-02,0.19393158700545915,0.7904395382728304,-0.14592867182119149,-0.0004052523312879641,0.003568323489914982,0.1970106416425341
2017-05-03,0.1577006941356611,0.7843856834596213,-0.14359505497180042,-0.040356383164904086,-0.03871642419309218,0.16739515386922285
2017-05-04,0.11416329641612012,0.7783234082764728,-0.14072175417617488,-0.08708275527196796,-0.0883160970957817,0.12791596313520703
2017-05-05,0.09926787744914495,0.7736374555371766,-0.1374560274892704,-0.10339840029133507,-0.1078974688020532,0.11372124066367743
2017-05-06,0.08310030550418274,0.7736180906423433,-0.13392726099191535,-0.11605657063377528,-0.12408440564184853,0.09699839046058016
2017-05-07,0.06029698508138144,0.7784866533014158,-0.1302314498761905,-0.13029551728177935,-0.1420191634055774,0.07188621990485655
2017-05-08,0.04108186523482894,0.7837370876828658,-0.12645360187829613,-0.14048235474898751,-0.15598384887067995,0.04980713050967966
2017-05-09,0.026971261009486956,0.7891309193600389,-0.12266937370747868,-0.14541489912633887,-0.16470062141884878,0.03304887752814793
2017-05-10,0.01727553842143348,0.7946082777375352,-0.11892178107636578,-0.14588567070578318,-0.168918985629406,0.021278338202582042
2017-05-11,0.11794387108155086,0.8024213651758338,-0.11523236058373568,-0.03371483011473708,-0.06043756553099,0.12814898524542628
2017-05-12,0.37189910102025275,0.809019389077507,-0.11160395679030685,0.23046682751906689,0.2001156883093852,0.31492359899408967
2017-05-13,0.45641023507208006,0.8110072343269447,-0.10806238887602326,0.32050737473461544,0.28661466761065013,0.3601104183047891
2017-05-14,0.3808855422647227,0.808136959561076,-0.1046322199022407,0.24554257613517194,0.20821970003742407,0.32033501609923737
2017-05-15,0.2786807056009165,0.8049008629602661,-0.10130746639215804,0.1434263963806386,0.10277876677280806,0.25718479686855367
2017-05-16,0.1909969081953512,0.8015289498163498,-0.09809117495167172,0.05558697727164319,0.011723056223326367,0.19243519617511015
2017-05-17,0.1303941437721606,0.8026651825445871,-0.09497947008222064,-0.0007678495538590013,-0.04774347547162694,0.1397490385599505
2017-05-18,0.1517583868999702,0.8063213965163284,-0.0919720050873416,0.027260072540570945,-0.02272301837207602,0.15839848572822784
2017-05-19,0.15246706915461575,0.8110846718545215,-0.0890659251525698,0.035638110068181295,-0.017251060779237437,0.1582344389673724
2017-05-20,0.14400246645435197,0.8159612549426848,-0.08625629726040565,0.03485971834824508,-0.02083908039133786,0.15000823806631458
2017-05-21,0.12191120497689861,0.8208813834537747,-0.08354163242269437,0.020403250219592883,-0.03801021335770127,0.12930861620351308
2017-05-22,0.08913739181321845,0.8258191494830016,-0.08092261806336339,-0.0048137825555294445,-0.06584626049215458,0.09742254171650316
2017-05-23,0.061036994486425904,0.831218618692665,-0.07839422695034312,-0.02498631955963837,-0.08854718860928379,0.06840752087728783
2017-05-24,0.05306181987237453,0.836639728327537,-0.07594774275947705,-0.02509390034795156,-0.0911012535884631,0.05964002195987165
2017-05-25,0.044972060706496786,0.8374731125312764,-0.07358214611915691,-0.029984678669769838,-0.09835762855060148,0.05096300832094772
2017-05-26,0.03240976286708455,0.8398534206834216,-0.07130499203994978,-0.03788951427782972,-0.10853961823786851,0.037155944992613515
2017-05-27,0.02147948105884358,0.8422471794555181,-0.06911199494126685,-0.044233040215291286,-0.117076141274013,0.02486837797278625
2017-05-28,0.02271143066811354,0.8446136599340955,-0.06699844000922169,-0.038521055195398723,-0.11347771118616556,0.026185603200230646
2017-05-29,0.05612267613467983,0.8469536790731296,-0.06496011955937471,-0.0007314701399514512,-0.07772644658056527,0.06214610294139003
2017-05-30,0.06778615147226344,0.8501818171854734,-0.06299324891746734,0.016127013951883318,-0.06283483313063787,0.07384370020163245
2017-05-31,0.05567187959888568,0.8488520113304802,-0.061094398482384266,0.0045817866585954325,-0.07627891085900884,0.061548268826470486
2017-06-01,0.040459649829211644,0.8472369274762868,-0.059260438692642595,-0.010411567175530267,-0.0931062244828762,0.04557824245759997
2017-06-02,0.08740623556768781,0.8427708730972232,-0.05748849530641367,0.03384090757011127,-0.050625693123463655,0.09396730445575309
2017-06-03,0.11172675709066215,0.8390025999928522,-0.0557759129429509,0.05610573835217736,-0.030073444704860286,0.11751688980489514
2017-06-04,0.09481766235583242,0.838869525045686,-0.05412022525536893,0.04071925635776341,-0.047115614386856186,0.10155185123586523
2017-06-05,0.09129126918605644,0.83892510099353,-0.05251913043687989,0.03884953395432045,-0.050586431608788174,0.0981398222097853
2017-06-06,0.10144874220829916,0.8376557636242057,-0.050970471024982124,0.049286329019136654,-0.041698295955869824,0.10802710622537806
2017-06-07,0.09121214754674752,0.8363299502760435,-0.04947221717586697,0.03922217485853796,-0.05326070396558358,0.09833747466648549
2017-06-08,0.06832291700507702,0.839578807029097,-0.048022452746244074,0.02103156549954388,-0.07290107775420063,0.07525364827097222
2017-06-09,0.04744129323807092,0.8435587304684552,-0.04661936365102569,0.0055329542671143095,-0.08980277808184856,0.05324499660585524
2017-06-10,0.031537275288378054,0.846727141673149,-0.04526122806991159,-0.0058445168967706795,-0.10253838482684763,0.035908633754610564
2017-06-11,0.020379680137916033,0.8485124747218039,-0.04394640815945231,-0.01390195908811842,-0.11191064692865471,0.023454786677417145
2017-06-12,0.012881596886269867,0.8525118145916131,-0.0426733429939861,-0.016127637304489184,-0.11540939031049169,0.014885249547106223
2017-06-13,0.007928389802523538,0.8566208052730028,-0.04144054251235781,-0.015739053225217625,-0.11625360671284835,0.009170547896734691
2017-06-14,0.004895355907925573,0.8607536858807255,-0.04024658229025233,-0.013445246289987334,-0.11515375999972355,0.005655127738385203
2017-06-15,0.002994847895757653,0.8603046973977962,-0.03909009899244527,-0.014638259487277483,-0.11750325649482074,0.003469071554693445
2017-06-16,0.0018184444748524458,0.8591194878516738,-0.03796978638699901,-0.015879559848858804,-0.11986486946184838,0.002112166750439761
2017-06-17,0.0009002830992830854,0.8578156561174493,-0.03688439182572176,-0.01701615839737547,-0.12208686257164225,0.0010484061820306585
2017-06-18,0.000527728258355707,0.8541583617925029,-0.03583271311320064,-0.01999432885072816,-0.12611671173751604,0.0006174527285500858
2017-06-19,0.0003161310125740993,0.848034376247378,-0.0348135957012015,-0.025310794229635447,-0.13245229452842255,0.00037264197978163077
2017-06-20,0.00011822453751553554,0.8417102882362446,-0.03382593015694059,-0.030845123171566513,-0.1389742890146145,0.0001404377919274732
2017-06-21,1.2670858113691773e-16,0.8353090432228519,-0.032868649863190554,-0.036407312428724636,-0.1454937585655226,1.5169066127674276e-16
2017-06-22,0.10278970333824686,0.828872508567891,-0.03194072891582567,0.060873777201926105,-0.049140589882236796,0.11032936833183764
2017-06-23,0.27739056492602765,0.8224178555179644,-0.031041180190610924,0.2299195344649949,0.11900561865561732,0.2522171677991384
2017-06-24,0.325496366611855,0.8159584413639828,-0.03016905355606116,0.27243804863139043,0.16065200618746311,0.28515922342038535
2017-06-25,0.269955011148038,0.8095053967905479,-0.029323434213247807,0.21128926793695202,0.09865760615021124,0.2500832908393215
2017-06-26,0.1970084562580243,0.8030644648613623,-0.028503441146767956,0.1327217741842326,0.01927011933101197,0.19699409122837938
2017-06-27,0.13495472909366138,0.7966403735592986,-0.027708225673739734,0.06503917119083413,-0.04920769913541467,0.14486414613960785
2017-06-28,0.08898494583143791,0.7948224008225672,-0.026936970079909795,0.018022670785709183,-0.09699545513436958,0.10068364578358042
2017-06-29,0.05719176313410328,0.7978867178165556,-0.026188886333702855,-0.009958111171430084,-0.1257243208377158,0.0668848116380132
2017-06-30,0.036089019380338455,0.8022504893411244,-0.025463214870536172,-0.025971411937459332,-0.14246329306691174,0.04304821495932739
2017-07-01,0.031025867122335755,0.8068179256308837,-0.02475922344086834,-0.025763136476034898,-0.14295900903515513,0.03703061046783238
2017-07-02,0.04800806088870631,0.8114876696402665,-0.024076206016456592,-0.003428181275869746,-0.12130707125940177,0.05585607837651498
2017-07-03,0.0513398017526539,0.8162177214563325,-0.0234134817500705,0.005296335670529895,-0.11324527857938815,0.05917740366397194
2017-07-04,0.040737621321533884,0.8209854965486121,-0.022770393984582277,0.00010501809717766708,-0.11907968391822865,0.04727460651423847
2017-07-05,0.029120773032724107,0.8211903099310276,-0.02214630930787593,-0.01068293213251037,-0.13049171882462296,0.03424719919117591
2017-07-06,0.02398733203839332,0.8165425136883978,-0.021540616650480217,-0.01985847671207519,-0.14027295606158352,0.02853834656835047
2017-07-07,0.0788919365326409,0.8115422992879119,-0.020952726423185915,0.030633803608980825,-0.09036856596782183,0.08859939719179868
2017-07-08,0.10247676139402817,0.8087103480296498,-0.020382069692226085,0.05195733394306579,-0.06961569236469667,0.11246511318497941
2017-07-09,0.16713902260542496,0.8059528093626227,-0.01982809738984518,0.11441602878981649,-0.0077109698203269295,0.17176079082627949
2017-07-10,0.22272422046571888,0.8032044674343832,-0.019290279558308143,0.167790702553408,0.04512588611172752,0.21709522610347964
2017-07-11,0.20502896010609103,0.800460078237685,-0.018768104625577327,0.1478732279298126,0.024686236555401364,0.2039096919881008
2017-07-12,0.19403345810713812,0.7981802996592857,-0.018261078711036095,0.13510497326700166,0.011410955978049198,0.1955561053133627
2017-07-13,0.25609325706043035,0.8005246056111496,-0.017768724959778916,0.2000014319234149,0.07581506088320522,0.24237074358455152
2017-07-14,0.41453521669219084,0.8022370521816913,-0.01729058290409462,0.36063398018140136,0.23596946708550737,0.34068430658420706
2017-07-15,0.4395694673789771,0.8062810751900193,-0.016826207850868746,0.3901766289297417,0.2650477407806219,0.35282680575196945
2017-07-16,0.3505352239534928,0.8146171738405136,-0.016375170293720633,0.3099295217118996,0.18434959600563172,0.3008492490915045
2017-07-17,0.2511379125970208,0.8232629398869458,-0.015937055348760155,0.21961609134682036,0.0935980506955919,0.23374694092656498
2017-07-18,0.1959127269944259,0.8361400127398261,-0.015511462212917538,0.17769357173294842,0.0512499379458774,0.18982821269858008
2017-07-19,0.14974613509532245,0.8534400695947766,-0.01509800364387347,0.14924049525783945,0.02238340290172436,0.14927052863688603
2017-07-20,0.11707976738553912,0.8710816176717494,-0.014696305460635207,0.13461737380826733,0.007358583268913921,0.11848243531470462
2017-07-21,0.10982954639378492,0.8892979488883939,-0.014306006063905419,0.14597378342988732,0.018324693493804167,0.10992545687351571
2017-07-22,0.09292572945093265,0.9029995275705969,-0.013926755975374525,0.14315079525776897,0.015122455233154919,0.09330592712232401
2017-07-23,0.06789688793727969,0.9123147738328937,-0.013558217395169362,0.12780573858661792,-0.0005911400182012638,0.06926757820312407
2017-07-24,0.04618255638105833,0.9240263080954115,-0.013200063776677724,0.11816109491140603,-0.010593937311904833,0.047600633298664714
2017-07-25,0.030292303996746744,0.9316231667572314,-0.01285197941803411,0.11021578554755807,-0.018887331034396437,0.03149164860920963
2017-07-26,0.019453521287962256,0.9357049545500594,-0.012513659069577576,0.10379711098005806,-0.02564432595035293,0.020366799625469938
2017-07-27,0.012138995330789777,0.9371638715484525,-0.012184807556612682,0.09827035353424352,-0.03149993490913239,0.01278727343434215
2017-07-28,0.011540163387322484,0.9378684863974625,-0.011865139416859061,0.09869580457953975,-0.03139415200358975,0.012155106644476481
2017-07-29,0.010335589462755625,0.9383942678213597,-0.011554378551963099,0.09832777294376616,-0.03207294450425935,0.010894133228127588
2017-07-30,0.007903057534687617,0.9388072460683035,-0.011252257892520452,0.09661033992208445,-0.034092498185383624,0.008347915412571462
2017-07-31,0.005545529833659391,0.9363907790148138,-0.010958519076033985,0.0921300839840532,-0.03886649293990141,0.005887372406780728
2017-08-01,0.07223527695814463,0.93374586782492,-0.01067291213729345,0.1564605268573851,0.025178342994690017,0.07180579609543462
2017-08-02,0.12586032288881915,0.9296254597386996,-0.010395195210662806,0.20624288162846982,0.07468298083914415,0.11924397747500053
2017-08-03,0.12127889456372656,0.9235225271579155,-0.01012513424379254,0.1958285816894636,0.0639986199332675,0.11607841647447327
2017-08-04,0.12787473867119828,0.9172401001675171,-0.00986250272229075,0.19640463032803868,0.06431203705034083,0.12235472497289095
2017-08-05,0.12137310755776133,0.9108811127420415,-0.009607081404908402,0.18379943310650826,0.051451418511428204,0.11758063582681243
2017-08-06,0.09898316912567474,0.9044774097096252,-0.009358658068812475,0.15525421497810132,0.022657777046925287,0.09864181136100321
2017-08-07,0.07340123711479461,0.9026332721842651,-0.009117027264538308,0.12806977624613536,-0.004768292489314874,0.07520352653054019
2017-08-08,0.05055624445953876,0.9033436947375566,-0.008881990080227081,0.10617024332848224,-0.026902862591279275,0.052999525822480215
2017-08-09,0.05483810275007731,0.9042707339189313,-0.008653353914774564,0.1116077769658479,-0.021693965119366054,0.05717609999354235
2017-08-10,0.05342774104264733,0.9084922686359973,-0.008430932259536495,0.11464137163072208,-0.018882792109729984,0.05554281073797011
2017-08-11,0.04105294376123264,0.9134048630581042,-0.008214544488234249,0.10739555654271649,-0.02634499496903786,0.04301179524953405
2017-08-12,0.028842492513396212,0.918886265296206,-0.008004015654742597,0.1008770363664735,-0.03307404397877245,0.03043327774505566
2017-08-13,0.023597679930589994,0.924447243610646,-0.007799176298438394,0.10139804145441156,-0.032757878247138605,0.024890887915358994
2017-08-14,0.01892505883380644,0.925454467834457,-0.007599862256802129,0.09793195862307524,-0.03642327512011123,0.020039675045236693
2017-08-15,0.013465519159698708,0.9262002956270331,-0.007405914484994188,0.09341219451335159,-0.04113698700164281,0.014330114970453474
2017-08-16,0.00884277639306764,0.9268664414462762,-0.007217178882110477,0.08964433316884723,-0.04509358394903085,0.00945034656544967
2017-08-17,0.00570297143132671,0.9238207819308922,-0.0070335061238716206,0.0836425414499612,-0.051279048426155716,0.00613536922612064
2017-08-18,0.0036414412400153215,0.9200729905296959,-0.006854751501467526,0.07801197447985764,-0.057088370018663404,0.003942172076968436
2017-08-19,0.07070001428437543,0.91621284741149,-0.006680774766331258,0.14138438114114815,0.006110059907490806,0.07163754474015852
2017-08-20,0.10346035521299868,0.9122979572983146,-0.006511439980599174,0.1703991667423279,0.034955510722938565,0.10185528775758491
2017-08-21,0.08869450603852869,0.9083555076356543,-0.006346615373029135,0.15185569251276776,0.016247211885808355,0.08895692775900443
2017-08-22,0.06575559837854515,0.9021053751869487,-0.006186173200168602,0.12282709457693919,-0.012941828222880813,0.0679390947403414
2017-08-23,0.04545409443078505,0.8957101388755161,-0.0060299896125659645,0.09628653790534913,-0.03963856848207348,0.048295603277554694
2017-08-24,0.03007750705288257,0.889272675707801,-0.005877944525818366,0.07462453244647915,-0.06145261902769106,0.032716050550579
2017-08-25,0.019414782330767537,0.8874024864991378,-0.00572992149627711,0.062239641545242086,-0.07398553295846932,0.021409806581891674
2017-08-26,0.012290256351434397,0.8853468019636135,-0.005585807601221135,0.05320354492544066,-0.08316574347332673,0.013691788053519541
2017-08-27,0.007667690636709097,0.8833534506304005,-0.005445493323331209,0.04672794215539233,-0.08978166052126502,0.008605509209136131
2017-08-28,0.07752530069430942,0.8814022665362532,-0.005308872439288227,0.11477098900288829,-0.02187523455781204,0.08084583585203094
2017-08-29,0.14565348313339868,0.8794802520193192,-0.005175841912347813,0.18111018745198404,0.04433093336434324,0.1420824211893682
2017-08-30,0.14619179046961653,0.8775784610662379,-0.005046301788728826,0.17987624395873958,0.04296744974747979,0.14279745895165485
2017-08-31,0.12718948890955775,0.8756970266157403,-0.004920155097667124,0.15911865463924502,0.022083713736923527,0.12682341116426085
2017-09-01,0.10039096186754785,0.8692529708424713,-0.004797307755005781,0.1259989191666273,-0.011158869078355504,0.10353384214653844
2017-09-02,0.07127610405390505,0.8625526832193435,-0.004677668470172064,0.09030341301469047,-0.04697401451512606,0.07632673679082981
2017-09-03,0.05634480205115903,0.8603712818342197,-0.004561148656416963,0.07330722944057566,-0.06408671790299592,0.061463743291542465
2017-09-04,0.04392296700025281,0.8621110586866492,-0.004447662344202194,0.06273865755431363,-0.0747687761014727,0.048478275379286104
2017-09-05,0.03085202949723459,0.8641532496278086,-0.004337126097594854,0.051820447239062206,-0.08579752266333152,0.03447133800975512
2017-09-06,0.020618467504027103,0.8676886426192595,-0.004229458933578964,0.045229945401321525,-0.09249569166508809,0.023210967546083813
2017-09-07,0.02192869364326167,0.8713731840706967,-0.004124582244153537,0.05032958968141876,-0.08750092407441623,0.024547909492118398
2017-09-08,0.02124560957881707,0.8751176291962696,-0.00402241972112662,0.05349311326557393,-0.08443956301328803,0.02370200902911857
2017-09-09,0.02056790969952324,0.8798150050910658,-0.003922897283494958,0.057612311718708065,-0.08041988699778557,0.02284351397794673
2017-09-10,0.01781317456381019,0.8800054565464891,-0.0038259430073186718,0.055144982314594526,-0.0829841706780754,0.019840504470018953
2017-09-11,0.013139600846209897,0.8762829022845083,-0.003731487057994633,0.046843310284337525,-0.0913802986576564,0.014773182373910291
2017-09-12,0.008801495390634644,0.8722722027074572,-0.0036394616248370164,0.038586530684868836,-0.09972910369028276,0.009989510990549117
2017-09-13,0.005719982500824819,0.8677039991257529,-0.0035498008578860873,0.03102647498030553,-0.1073788201617969,0.0065489185334395034
2017-09-14,0.0036940046536545197,0.8630573851273597,-0.0034624408068586925,0.024441243185769568,-0.11405141200736035,0.0042618964298261055
2017-09-15,0.0022967355528515144,0.8588403176944757,-0.0033773193621572384,0.01891202809678383,-0.1196657485410475,0.002667096421168477
2017-09-16,0.0014343207180980522,0.8537203135057462,-0.0032943761978715957,0.013012552237586572,-0.12564816756453046,0.0016772647433523774
2017-09-17,0.013734162816888211,0.8485469983283825,-0.0032135527166918714,0.0202199026401928,-0.11852164064310389,0.015927708311111278
2017-09-18,0.019661764539289594,0.8433647357732584,-0.003134791996668597,0.02104400252749339,-0.11777630147582663,0.022782341599208156
2017-09-19,0.021073836269308862,0.8381846216602817,-0.003058038739746277,0.017352713401458164,-0.1215443438587841,0.024525608185559107
2017-09-20,0.018808092497399703,0.8320982528075995,-0.002983239222015719,0.009075400294597413,-0.12989645648337544,0.0221035988286797
2017-09-21,0.052619013563331755,0.8259725437404077,-0.002910341245607804,0.03683351026974557,-0.10221124448463514,0.05989018802412728
2017-09-22,0.08431403714945272,0.8193912197175004,-0.002839294092190997,0.062018256986376086,-0.07709754492142151,0.09329815944831418
2017-09-23,0.09000704161906642,0.8141719570922547,-0.002770048477992069,0.06256124444494293,-0.07662380307705352,0.09954560075753666
2017-09-24,0.07561767911598237,0.8090503745377806,-0.002702556510302212,0.04311779135507465,-0.09613474813461165,0.08547576551868713
2017-09-25,0.05534422501349688,0.8044333936911032,-0.0026367716454058126,0.018293141270808277,-0.12102518308377452,0.06437039509923774
2017-09-26,0.037953769342262814,0.7998797892601773,-0.0025726486478882538,-0.0035867958338342554,-0.1429692431859345,0.04529989155074204
2017-09-27,0.025038568036097223,0.7994890210530177,-0.0025101435512681716,-0.016830260250539353,-0.1562752126992597,0.03036716826390033
2017-09-28,0.0160970624977768,0.8012161897764175,-0.00244921361990739,-0.023983667134099163,-0.16348954951418038,0.01969509542759319
2017-09-29,0.010159143416788705,0.8040771959083383,-0.002389817312161091,-0.027001183775420268,-0.1665664624632477,0.012476897586281923
2017-09-30,0.010606066503562503,0.8057166681141295,-0.0023319142447120926,-0.024856885415406205,-0.16448006717068264,0.012992491883163877
2017-10-01,0.027407600580946732,0.8073529883680379,-0.002275465158060393,-0.006362581997461869,-0.14604221283939,0.03283288758930821
2017-10-02,0.03335814610919925,0.8085570806004463,-0.0022204318831179994,0.0008470890381414575,-0.13888757507872906,0.0396217398746532
2017-10-03,0.027465851472224204,0.8097588679663316,-0.0021667773088757483,-0.00378976365870598,-0.14357808234981884,0.0328058295873572
2017-10-04,0.01997678139637716,0.8068499181931456,-0.002114465351103332,-0.01413547154996675,-0.15397610219885194,0.024160784123558918
2017-10-05,0.01366498361659452,0.8018684852433193,-0.002061645023649694,-0.025375881952121926,-0.1652693329284608,0.016755883281770974
2017-10-06,0.00887507928621422,0.7962483419763087,-0.002009105499833121,-0.03573339002569631,-0.17567938052585175,0.011023253145830872
2017-10-07,0.06989372608596392,0.7923692269149056,-0.001957785118757498,0.0214574620937259,-0.11853984878750512,0.0810584820358082
2017-10-08,0.18065706596848866,0.7885630812115664,-0.0019091520219730825,0.12846328936969587,-0.011582654608319642,0.18639425366271037
2017-10-09,0.5527875230656009,0.7847779872930589,-0.0018595772600022153,0.4968582273102715,0.35676270857028525,0.4132788403891891
2017-10-10,0.6924786351148359,0.7810098655837394,-0.0018148953774208137,0.6328258995327682,0.49268569891020053,0.46995862864659915
2017-10-11,0.5826393866058841,0.7772590674369665,-0.0017697315407455977,0.519281016713719,0.37909565225447606,0.42844330389063373
2017-10-12,0.42998320289720765,0.7735279235486572,-0.0017243104454968312,0.3629391102119819,0.22270832465749024,0.3572739739989007
2017-10-13,0.2962814883598853,0.773947843723376,-0.0016792223748036174,0.22970240392007146,0.08942653029488656,0.2768392525582875
2017-10-14,0.1960808195760151,0.7773912601038715,-0.0016347140352232364,0.1329896598562773,-0.007330722108488064,0.2014241842873333
2017-10-15,0.1263301872384663,0.7856808510150285,-0.0015928029390047623,0.07157052952610399,-0.06879176353487981,0.13851826561265002
2017-10-16,0.07980914003689507,0.795260658913308,-0.0015512404359221317,0.034670852725894874,-0.10573300283817155,0.09120317045867642
2017-10-17,0.049741835110438906,0.8054959890140525,-0.0015141569864096833,0.01487596134969571,-0.1255649776638832,0.05816140692954
2017-10-18,0.030659873735066522,0.8158502453034085,-0.001474715838840295,0.006187697411248694,-0.13429268274989958,0.0362191461690879
2017-10-19,0.01873110417154212,0.8262597070652575,-0.001434837679942555,0.004708267768470997,-0.135811990551575,0.022167228237814442
2017-10-20,0.011360620714175661,0.8321093336483256,-0.001395976458914483,0.003226272115200768,-0.13733284742587337,0.013468909776118906
2017-10-21,0.006848761283839005,0.8331049693026469,-0.00135780075997477,-0.0002517759618749782,-0.14084907120188872,0.008153736371951052
2017-10-22,0.0038966301335221316,0.8291508021286416,-0.0013224711618249432,-0.0071227446880473,-0.14775536952621093,0.004677560943847726
2017-10-23,0.0020603644544348065,0.8238654262698673,-0.0012864678058975888,-0.014208382869981606,-0.1548770110640726,0.002494612079649376
2017-10-24,8.687111001800494e-05,0.8179014454174814,-0.0012514535584483796,-0.022110842819334953,-0.16281448526087516,0.00010620091786492462
2017-10-25,2.3644907503263054e-05,0.8117985976105444,-0.0012216901622906552,-0.02824715343262907,-0.16898055927032696,2.912572021914933e-05
2017-10-26,1.5594902293774489e-16,0.8056222365027612,-0.001189928445087011,-0.03441539773071178,-0.17518056528561332,1.935758670400235e-16
2017-10-27,1.2670858113691773e-16,0.7994034667731128,-0.0011578019944210962,-0.04060204100969422,-0.18139933501526173,1.5850391748786377e-16
2017-10-28,1.75442650804963e-16,0.793161986610715,-0.001126519440093602,-0.0468122386177644,-0.1876408151776594,2.2119397268980622e-16
2017-10-29,7.797451146887244e-17,0.7869114119898777,-0.001096392572720005,-0.053032686371228266,-0.19389138979849685,9.908931333413607e-17
2017-10-30,7.797451146887244e-17,0.7806675310685598,-0.001064911757050845,-0.059245086476876985,-0.20013527071981474,9.988184260992987e-17
2017-10-31,1.1696176720330866e-16,0.7744319187310398,-0.001035432544511714,-0.06545121960185785,-0.20637088305733475,1.5102911485745394e-16
2017-11-01,1.5594902293774489e-16,0.7682109798121681,-0.0010095216567319065,-0.0716462476329498,-0.2125918219762064,2.03002856032955e-16
2017-11-02,7.797451146887244e-17,0.7620087323797088,-0.000981630073422994,-0.07782060348210018,-0.21879406940866575,1.023275825532374e-16
2017-11-03,7.797451146887244e-17,0.7558288893475498,-0.0009541251176127877,-0.08397294155844903,-0.22497391244082476,1.0316423805417382e-16
2017-11-04,3.898725573443622e-17,0.749674480039811,-0.0009315674677221678,-0.09010479321629727,-0.23112832174856368,5.200557945145182e-17
2017-11-05,1.1696176720330866e-16,0.7435480018769026,-0.0009095585349062513,-0.09620926244638961,-0.23725479991147191,1.573022412918435e-16
2017-11-06,1.949362786721811e-17,0.7374515309530429,-0.000886020448624375,-0.10228219528396754,-0.2433512708353317,2.6433775033357905e-17
2017-11-07,3.898725573443622e-17,0.731386804475421,-0.0008598393875044092,-0.10832074070046949,-0.2494159973129536,5.330593264175636e-17
2017-11-08,0.0,0.7253552834240328,-0.0008353349336038216,-0.11432775729795708,-0.2554475183643419,0.0
2017-11-09,3.898725573443622e-17,0.7193582009864681,-0.0008113839856140614,-0.12030088878753209,-0.26144460080190657,5.419727707416463e-17
2017-11-10,1.949362786721811e-17,0.7133966005563112,-0.0007886066481980272,-0.12623971188027294,-0.2674062012320635,2.7325092174558802e-17
2017-11-11,0.004282904305760393,0.7074654980073913,-0.0007653736813185869,-0.12786467715655292,-0.2690543994752229,0.006017441404632787
2017-11-12,0.00638276416912415,0.7015656943837226,-0.0007425494891574735,-0.13164179672469678,-0.2728543432355278,0.009015859971178524
2017-11-13,0.005492933212322259,0.6956984615132515,-0.0007202615122263098,-0.13837657257503855,-0.27961140706280085,0.007833714523082583
2017-11-14,0.004078934152185121,0.6898637925920402,-0.0006975109135938193,-0.1456024899577546,-0.28686007504414934,0.005877911814599278
2017-11-15,0.002822229142500434,0.6840621865453719,-0.0006752811675647327,-0.15263857126807856,-0.29391838610050236,0.004108739517221607
2017-11-16,0.0018730089856991408,0.6782964143163451,-0.0006541690183000612,-0.15933245150464193,-0.3006333784863304,0.0027537388796546798
2017-11-17,0.0012093011233817515,0.6730269644781688,-0.0006354713496211685,-0.16524691153645665,-0.30656653618682406,0.0017935865883791024
2017-11-18,0.0007656671910263739,0.6678307362967877,-0.0006169391077998677,-0.17086824140837198,-0.31220639830056063,0.0011451859253686953
2017-11-19,0.0004777528580753683,0.6626886302810593,-0.0005974017189046207,-0.17627872436815606,-0.31763641864923997,0.0007204117552127699
2017-11-20,0.00029474546852403376,0.6575957965841727,-0.0005783281158206153,-0.18153549185150997,-0.32291225973567794,0.00044801596874214495
2017-11-21,0.0001802036132628378,0.6525507756663436,-0.0005600540257633008,-0.18667678053454295,-0.3280718225087682,0.0002760763913208493
2017-11-22,0.00010936328169646126,0.6475523376384072,-0.0005469238538992326,-0.19173292872218162,-0.333141100868271,0.0001688586518873878
2017-11-23,6.59643566595008e-05,0.6425972981318605,-0.0005317845054947217,-0.1967162278053608,-0.33813953929985463,0.00010264217749754932
2017-11-24,3.9581295011751735e-05,0.6372249038838779,-0.0005193311508014166,-0.2021025517602978,-0.343538316609485,6.211125197199821e-05
2017-11-25,2.36449075031729e-05,0.6318639282993285,-0.0005021703097295102,-0.20746230289128398,-0.348915228581543,3.74194848985159e-05
2017-11-26,4.264231095953962e-17,0.6265332517655239,-0.0004881636444340765,-0.21280261766729625,-0.35426955002285077,6.806073075830655e-17
2017-11-27,0.10278970333824691,0.6212369253329627,-0.0004728614239228925,-0.11529393854109937,-0.25677617311716505,0.14196950673885383
2017-11-28,0.15318634005897952,0.6159767834413291,-0.0004581831668189507,-0.0701427654548964,-0.21163967828806596,0.19915975607600492
2017-11-29,0.15324491862453574,0.6107538268611408,-0.0004432886487103169,-0.07529224895141995,-0.21680405630269817,0.200582683584274
2017-11-30,0.12980824049806486,0.6055686481274235,-0.0004277584715703444,-0.10389857563446814,-0.2454259131628863,0.1765193365550184
2017-12-01,0.0951981654816213,0.6004216080375502,-0.0004144302033580252,-0.14364236247257267,-0.28518302826920316,0.13685373692011302
2017-12-02,0.065346886417705,0.5953129223504343,-0.0004383374185704334,-0.1786262344388172,-0.3201429930202353,0.09891155107429685
2017-12-03,0.04313437267366443,0.5948266210734675,-0.0010360966295876657,-0.2019228086708419,-0.34284180804124276,0.0676128683358995
2017-12-04,0.027741057513129663,0.5946493052751056,-0.0032190300399502895,-0.21967637304010112,-0.3584124390001394,0.0445717979771618
2017-12-05,0.017512574210717564,0.5968828649944187,-0.007575141633758217,-0.23202740821700796,-0.36640736258323836,0.028503750342571164
2017-12-06,0.010902227199708762,0.5993298431330657,-0.014128095206682404,-0.24274373066229404,-0.37057073145560016,0.017865706720008194
2017-12-07,0.006713651008685754,0.6018728166334355,-0.022551206120641133,-0.25281244426690597,-0.37221633414625344,0.011031548293699017
2017-12-08,0.004098446103337537,0.6044773068714259,-0.03236364212401879,-0.26263559493764144,-0.37222704881361124,0.0067344879964474896
2017-12-09,0.0024841626261407437,0.6071243059780497,-0.04293577677115906,-0.2721750139553547,-0.37119433318418427,0.004075013314412588
2017-12-10,0.0014967674887635073,0.605217583037267,-0.053748143846922794,-0.2858814991092784,-0.37408845126234413,0.0024670052512616313
2017-12-11,0.0008972995633717528,0.6030618924166904,-0.06467277157724313,-0.29956128538556714,-0.37684360980831255,0.0014856956815740864
2017-12-12,0.0001979064750584419,0.5985488674959094,-0.07567700057733447,-0.3157779323947527,-0.3820560278174068,0.00033053451586202286
2017-12-13,0.11575664079304325,0.5938709182866395,-0.08672811151028055,-0.2159482582189839,-0.27117524270869187,0.16312309085510748
2017-12-14,0.19803205840091365,0.5891414170332211,-0.09729113712037248,-0.14896536747462386,-0.1936293263542399,0.2515735915665817
2017-12-15,0.18660578174744596,0.5843856474104235,-0.10615095724687436,-0.17400723387739103,-0.2098113726305052,0.2420335358997049
2017-12-16,0.14308882138293316,0.5796257539114567,-0.1129791146235908,-0.2291122451175871,-0.2580882264939849,0.19798801113793438
2017-12-17,0.10067379176062226,0.5748675823756668,-0.11862246804168963,-0.2819287996937866,-0.3052614276520855,0.14902683331474456
2017-12-18,0.10605075622072155,0.5701213477323436,-0.12401278108576508,-0.286688382921086,-0.3046306978353095,0.15683988676954175
2017-12-19,0.10133406176761978,0.5699762557436728,-0.1291429608097815,-0.2966803490868749,-0.309492484277082,0.15094965640225716
2017-12-20,0.10306264564346597,0.5728732403020833,-0.13334254170839058,-0.2962543615512273,-0.3048669158428253,0.15247399610880888
2017-12-21,0.09250032269860482,0.5760382873941199,-0.13630153908363754,-0.30661063477929884,-0.3122641916956499,0.13836197536261255
2017-12-22,0.06918230635503839,0.5793213447137282,-0.1384530023824308,-0.3287970571020502,-0.332299150719608,0.10667990263589491
2017-12-23,0.047964656153644744,0.582670738964003,-0.14089841883229468,-0.349110729503033,-0.3501674066707269,0.07605766584778631
2017-12-24,0.03185111525082249,0.590192086437142,-0.14388267405872018,-0.3606871781591417,-0.3587596001004101,0.05120402435778079
2017-12-25,0.02056627595341643,0.5979880077206714,-0.14690602136335001,-0.36719944347764827,-0.3622485181142868,0.03324894273022716
2017-12-26,0.06013201093160424,0.6040351603971497,-0.1499267064009547,-0.3246072408605869,-0.31663563045962073,0.09053746334872624
2017-12-27,0.08261592280165476,0.607268861262194,-0.15280919535440673,-0.301772117078944,-0.29091801772452586,0.11975321779818913
2017-12-28,0.07571815292326582,0.6103263356430645,-0.15482705351489034,-0.30763027073694615,-0.2947583132220444,0.11036915853882705
2017-12-29,0.06377961970765672,0.6133237427548704,-0.15549719844316548,-0.3172415417690244,-0.30369943932584753,0.09419480576155974
2017-12-30,0.04867405299064824,0.6162848254946676,-0.15482528581209315,-0.3287141131151634,-0.3158439233030589,0.07319859101892284
2017-12-31,0.03400960669498285,0.6150936979094819,-0.1532894516689458,-0.34303385285286714,-0.3316994971839099,0.05239475204290759
2018-01-01,0.02268507494506861,0.6182178608174315,-0.15188979081942616,-0.3498345608453121,-0.3398998660258745,0.03539549232689899
2018-01-02,0.014564366122942091,0.6192340007055974,-0.15159635769946755,-0.3566456966593141,-0.34700443495983513,0.022979494560424082
2018-01-03,0.009245128183955061,0.6205971416651468,-0.15286404509166324,-0.36186948103094746,-0.3509605319392728,0.014678481623931048
2018-01-04,0.06137267730113162,0.6224093756948534,-0.1555672179618232,-0.3106328707542243,-0.2970207487923896,0.0897547354924391
2018-01-05,0.18500313849461783,0.6242340120609798,-0.15878304347865838,-0.18839359871144679,-0.171565651232777,0.2286142428923342
2018-01-06,0.22036740568856927,0.6260501663830006,-0.16129188620205295,-0.15372201991886913,-0.13438522971680478,0.26035306090022414
2018-01-07,0.18067352814855644,0.627851765600909,-0.16273923266530158,-0.19306164470422216,-0.17227750803890918,0.2234605763670036
2018-01-08,0.13129538984951172,0.6250596239064775,-0.16368785761260723,-0.24618054964500402,-0.2244477880323854,0.17358963378521275
2018-01-09,0.08973539000750008,0.621527647727885,-0.16489001223204414,-0.2924746802850451,-0.2695397640529895,0.12616343778134695
2018-01-10,0.05892931183421715,0.6220056337741864,-0.1668993898914049,-0.3248121500713874,-0.29986785617997114,0.0865417646931967
2018-01-11,0.037830825523638825,0.6267998914587486,-0.17000294774413063,-0.3442199365501293,-0.31617208480598724,0.0569200678767926
2018-01-12,0.02384477745609052,0.6318824727784036,-0.17408538764968756,-0.35720584320357956,-0.32507555155388057,0.03636386538391292
2018-01-13,0.01482000682654579,0.6370584278141747,-0.17867971664303975,-0.3656489877907053,-0.32892436714765416,0.022734310630652725
2018-01-14,0.009121792748470007,0.6422818887012417,-0.18309181912094513,-0.3705358434596195,-0.3293991203386629,0.014003287067965716
2018-01-15,0.005566405767101281,0.6475232925826765,-0.1868029799450826,-0.37256098738369087,-0.32771310343859683,0.008523187214813575
2018-01-16,0.0033728921155934373,0.6527687679614549,-0.19015351281033732,-0.37285955852167507,-0.3246611417113263,0.005140493769588371
2018-01-17,0.0020317370383189566,0.6534253618588372,-0.1936358351944823,-0.3770264420857123,-0.32534570289121856,0.003099725430905348
2018-01-18,0.05261260525193283,0.6492127838041767,-0.1973806299576866,-0.3344029466899632,-0.2789774127322652,0.07496537753171333
2018-01-19,0.07713700290206128,0.6446287923150399,-0.20097249407290177,-0.31805440464418666,-0.2590370065712735,0.10687262185770263
2018-01-20,0.06591519854786722,0.6399059751970848,-0.2036671008063873,-0.33669363284982134,-0.27498162804342263,0.09338795859315724
2018-01-21,0.048947209826222075,0.6351063855737001,-0.20550833161273074,-0.36030244200119466,-0.2967492063884525,0.07155464155934417
2018-01-22,0.033866749710005015,0.630259218929443,-0.2072299447046683,-0.3819516818536063,-0.3166768331489266,0.050994466877098084
2018-01-23,0.15096323700119801,0.6253860013598461,-0.2095565336892139,-0.2720550011165558,-0.20445356342733045,0.1944527405216465
2018-01-24,0.20599453855430558,0.6250834625348042,-0.21222250137683943,-0.2199922060761157,-0.14972480069926486,0.2478642657901595
2018-01-25,0.17397600266198487,0.6250502136111318,-0.21449036898489904,-0.25431185850016846,-0.181776585515258,0.21773503687207907
2018-01-26,0.12810105886245948,0.6251011884270395,-0.21656328283682846,-0.3022087413357155,-0.22760055449887562,0.1700752478148447
2018-01-27,0.0882038198973008,0.6251973715620592,-0.21904982239256934,-0.3444963367215953,-0.26740161032901455,0.12363845330404871
2018-01-28,0.05835271293012824,0.6253217343930764,-0.22197939050835097,-0.37715264897353246,-0.29712835446517005,0.08535160727243359
2018-01-29,0.03759139308181154,0.6300518471132978,-0.22494943082053834,-0.39615389641381504,-0.3131595615932653,0.05630461123342757
2018-01-30,0.023761588010705683,0.6350697594301642,-0.2278631830250169,-0.40787954137253307,-0.32197145434750474,0.03606626810185028
2018-01-31,0.014807561282401259,0.6355954135476942,-0.23076793189673941,-0.41921266285503,-0.3303998269582792,0.022766749008596453
2018-02-01,0.039106433086080236,0.6358931339177111,-0.23375433981789612,-0.3976024786024909,-0.3058032347845834,0.057935493588043424
2018-02-02,0.09719740494511817,0.6361318112211795,-0.23645558913054215,-0.3419740787526306,-0.247473585622077,0.1325426599709845
2018-02-03,0.11622474110327835,0.636337057988124,-0.2379351866425583,-0.32422109333954197,-0.22824100269697223,0.15443879990135173
2018-02-04,0.09733649926974819,0.6365253845230585,-0.23767640676409085,-0.34266222875967023,-0.24694091799556794,0.13263599243863913
2018-02-05,0.07130425173421291,0.6321181548155286,-0.23596295218859537,-0.3713882514272399,-0.2773803952386331,0.10136761506355389
2018-02-06,0.04894386484467694,0.6274227480587189,-0.233796251880714,-0.39627734476570425,-0.3044361888849788,0.07236292257918932
2018-02-07,0.04045624446038367,0.6258483081881401,-0.23225106171576498,-0.40479421485562733,-0.3144982491398509,0.06071734659409475
2018-02-08,0.041866328629852276,0.6290067690209095,-0.23140853006540685,-0.3993831382030312,-0.3099297041376129,0.062405734819980435
2018-02-09,0.11381958249777775,0.6329333416866324,-0.23031814344470525,-0.32241292504868113,-0.23404987760396445,0.15241933283634532
2018-02-10,0.25347316863254044,0.6369925454306904,-0.228258204386165,-0.1766401961113202,-0.09033708772514382,0.28465236182528825
2018-02-11,0.30930579694764104,0.641110774820946,-0.22506173611154426,-0.11349287013134324,-0.030386230019787575,0.32544234405768824
2018-02-12,0.2755324763286678,0.6452588303675051,-0.22087318955327212,-0.13892958864548532,-0.06001149509220183,0.29923444576957037
2018-02-13,0.2234338234779873,0.6503447000248533,-0.21591976677602576,-0.18098894906157126,-0.10702427828553407,0.2557099052769989
2018-02-14,0.1667618601915716,0.6531983861502321,-0.21046904923262078,-0.2293565086792032,-0.160842555446571,0.203377981963843
2018-02-15,0.11518940969790209,0.6559293769536566,-0.20490543479802986,-0.27263435393485724,-0.2096840151368159,0.1493795919537778
2018-02-16,0.07618782523289713,0.662746204802565,-0.1998461419586955,-0.2997598177116194,-0.24186877175291255,0.10310504339506574
2018-02-17,0.04894895362231043,0.6725334658598068,-0.19590020095842298,-0.31326548726469183,-0.2593203823062574,0.0678449707166062
2018-02-18,0.030937758883330373,0.6834538853152161,-0.19356357369579874,-0.31801963528563837,-0.26641115758982814,0.043306440010281014
2018-02-19,0.01928345739771882,0.6958693662843487,-0.1930446609533715,-0.31673954305969,-0.2656499781063071,0.026964107193809508
2018-02-20,0.011885904419088997,0.707486379501853,-0.19420735196747088,-0.31368277383491494,-0.26143051786743265,0.01652260545027509
2018-02-21,0.007261227339861224,0.7181602257245846,-0.19672876382942875,-0.31015501655336897,-0.2553813487239288,0.010009667220602782
2018-02-22,0.0043756497206392025,0.7241753753927347,-0.20019192295701851,-0.3104886036320307,-0.25225177667500076,0.0060059619296510955
2018-02-23,0.002609845548498403,0.7252801361024686,-0.204356627497361,-0.31531435163478005,-0.2529128201374077,0.0035854945311637205
2018-02-24,0.0013122739235595807,0.7232266384975371,-0.20889861062608162,-0.323207403993371,-0.25626388936727795,0.001811184880567045
2018-02-25,0.0004189251050202878,0.7199175716205557,-0.21331273885134655,-0.3318239479141567,-0.26046630506279866,0.000581568623725981
2018-02-26,0.004448938005801615,0.7150229906870337,-0.21748625432484014,-0.33686203142039095,-0.2613308730955394,0.006183615827631551
2018-02-27,0.0064536988916335785,0.7099315534118057,-0.22106829000731376,-0.34353074349226054,-0.26441754948493534,0.009008698700709692
2018-02-28,0.0054929332123222685,0.7047409369983423,-0.22355797731867735,-0.3521718128963989,-0.2705689315777101,0.007733978120042337
2018-03-01,0.004078934152185218,0.699488207268255,-0.22507557495963673,-0.3603561393275826,-0.27723566036793446,0.005797505187564911
2018-03-02,0.0028222291425006245,0.6942016460660514,-0.22601021894247367,-0.3678340495223077,-0.2837789265798226,0.004048970548758037
2018-03-03,0.00187300898569926,0.6888964644183739,-0.22670638813677024,-0.3747846205210831,-0.2900333283843014,0.0027114819890189656
2018-03-04,0.0012093011233818124,0.6840420836404009,-0.22730454325056026,-0.3809008642751637,-0.295551417024592,0.0017647554609447134
2018-03-05,0.0007656671910264567,0.6792099803128016,-0.22790138576087055,-0.3867734440454286,-0.30082715428454665,0.001126021488912434
2018-03-06,0.004760657163835685,0.674387453404898,-0.22871015094393088,-0.38840974616358326,-0.30165469121964095,0.007009748079618458
2018-03-07,0.0323749354722098,0.6695753578047083,-0.22942975334088647,-0.36632716585235436,-0.2788525085114565,0.04612140743053717
2018-03-08,0.3437730232435497,0.6647758159450649,-0.22927094228731887,-0.0595698088870904,0.027746037400239953,0.3408590738353512
2018-03-09,0.522485527298348,0.6599910572241362,-0.2277918346650572,0.11583704406904083,0.2016737827341094,0.4418569755521558
2018-03-10,0.46931200079694646,0.6552225636275508,-0.22500978289875828,0.060677075737352926,0.14373176263612264,0.4173388845874436
2018-03-11,0.3538077546995755,0.6500137961932414,-0.22129154125999598,-0.056317696155565034,0.02301874910444235,0.3524608077849021
2018-03-12,0.2767177774300972,0.645255181902447,-0.2172875009092412,-0.1341622473650831,-0.05882984245583045,0.3001365437338044
2018-03-13,0.20921151439662874,0.6432879237866874,-0.2133754037615267,-0.19972367136659663,-0.12830336360505845,0.24540956278218826
2018-03-14,0.14503044799850523,0.6460963352264368,-0.2096160013158142,-0.2573369238792582,-0.18967601856343264,0.1833213728491209
2018-03-15,0.09619421516455755,0.6533793725089315,-0.2060428901119327,-0.2953170082268297,-0.23122921411488562,0.12833191663426025
2018-03-16,0.06203798520642341,0.6610395601593886,-0.2023320055716072,-0.3181021659941812,-0.2577252564225626,0.08579713974527833
2018-03-17,0.03923360638052817,0.6688483673799497,-0.19822597421510185,-0.3289917062430101,-0.27272082802789677,0.05540828298758482
2018-03-18,0.02445421405562814,0.6799470566111305,-0.1936827775032323,-0.3281292126248597,-0.27640153112161603,0.034716311673431165
2018-03-19,0.01507230001027795,0.6908247600556577,-0.1887794713489869,-0.3217301170714373,-0.274905741722439,0.021351980144059663
2018-03-20,0.009207177185530087,0.7009839830388498,-0.18362209348349082,-0.312278639047497,-0.27061164156399475,0.012964364668550851
2018-03-21,0.0055694575854404,0.7074795947823957,-0.1783093461081601,-0.30410799952871004,-0.26775374942053853,0.007810763603073017
2018-03-22,0.0032728004731630155,0.7090943352915194,-0.1729465873058651,-0.2994271573295687,-0.2684356660236922,0.004594260892804754
2018-03-23,0.0009783471394038043,0.7122180429615809,-0.16758645863265023,-0.2932377743200516,-0.26760641168738997,0.0013717780305439794
2018-03-24,0.00046175049661600356,0.7190571729627009,-0.16228585156697067,-0.2816146338960399,-0.26128387832905775,0.0006417489263464964
2018-03-25,0.0002770690650819113,0.7148373318124015,-0.15710322681242722,-0.2808365317233299,-0.2656884009108912,0.00038744718990686353
2018-03-26,0.00016551435252179847,0.709969488969326,-0.1520439077123721,-0.2807566101789104,-0.2706677984665269,0.00023307448829808488
2018-03-27,5.848088360165433e-17,0.7049016466663767,-0.14712017942026095,-0.2810662385422702,-0.27590115512199787,8.296318199598812e-17
2018-03-28,-1.949362786721811e-17,0.6997277200826683,-0.1423367538392129,-0.2814567395449308,-0.2810750817057064,-2.7858876113861926e-17
2018-03-29,-1.949362786721811e-17,0.6944862848610726,-0.13769884451497563,-0.2820602654422891,-0.2863165169273021,-2.80691329579211e-17
2018-03-30,-5.848088360165433e-17,0.6892046166449127,-0.1332092289482361,-0.2828523180917095,-0.29159818514346203,-8.485271599941192e-17
2018-03-31,-4.873406966804528e-17,0.683899238095553,-0.1288575707119718,-0.2838060384048049,-0.29690356369282167,-7.125913724330872e-17
2018-04-01,1.949362786721811e-17,0.6785804171436371,-0.12464875335188122,-0.2849160419966301,-0.3022223846447375,2.872707106590704e-17
2018-04-02,2.9240441800827164e-17,0.673258205179408,-0.12060488637611429,-0.28619438698509236,-0.3075445966089666,4.3431244618898106e-17
2018-04-03,3.898725573443622e-17,0.667939363785088,-0.11672025634164096,-0.28762859834493903,-0.31286343800328664,5.836945364846099e-17
2018-04-04,8.528462191907924e-17,0.6626291840721817,-0.11298723163748793,-0.28920575335369214,-0.3181736177161928,1.2870640769994967e-16
2018-04-05,1.2183517417011318e-16,0.6573318906694057,-0.10939593651499013,-0.29091175163397043,-0.32347091111896886,1.8534803483524911e-16
2018-04-06,1.2427187765351547e-16,0.6520509110284506,-0.10592813091400878,-0.29272492567394415,-0.32875189075992395,1.905861575402249e-16
2018-04-07,8.284791843567696e-17,0.6467890618334694,-0.10257357885129066,-0.29463222280620727,-0.33401373995490513,1.2809109387352014e-16
2018-04-08,1.5107561597094036e-16,0.6415504424609,-0.09933883635203106,-0.296636099679517,-0.33925235932747455,2.35485171503327e-16
2018-04-09,1.0477824978629734e-16,0.636335235580778,-0.09620583232713277,-0.29871830253474074,-0.34446756620759655,1.6465888407180072e-16
2018-04-10,6.822769753526339e-17,0.6311398118369066,-0.09318780105843917,-0.30089569500991853,-0.34966298995146794,1.081023511045666e-16
2018-04-11,1.5838572642114716e-17,0.6259708999969551,-0.09028010514846115,-0.30315691093989217,-0.35483190179141955,2.5302410451015787e-17
2018-04-12,6.640016992271168e-17,0.6208296918165689,-0.08747706903094035,-0.3054950830027574,-0.35997310997180565,1.0695392117671194e-16
2018-04-13,1.1574341546160753e-17,0.6157172049447032,-0.08477355501281021,-0.30790405585649316,-0.3650855968436715,1.879814540378197e-17
2018-04-14,2.9240441800827164e-17,0.6106343100979555,-0.0821648794689573,-0.3103782751593879,-0.3701684916904191,4.788535677947171e-17
2018-04-15,-2.9240441800827164e-17,0.6055817529923724,-0.0796467448748295,-0.3129126976708432,-0.37522104879600227,-4.8284879219594755e-17
2018-04-16,1.4620220900413582e-17,0.6005601722301039,-0.07721518448475465,-0.31550271804303676,-0.3802426295582707,2.43443064932582e-17
2018-04-17,4.386066270124075e-17,0.5955753951646481,-0.07486651713262137,-0.3181388277563594,-0.38522740662372656,7.364418184051303e-17
2018-04-18,5.848088360165433e-17,0.5906225594378786,-0.07259731015428639,-0.3208224565047938,-0.390180242350496,9.90156618083013e-17
2018-04-19,9.50314358526883e-17,0.5857020616089336,-0.0704043488412542,-0.32354999302070664,-0.39510074017944097,1.6225217919096154e-16
2018-04-20,1.949362786721811e-17,0.580814236943115,-0.0682846111583102,-0.3263180800035813,-0.3999885648452597,3.356258615459407e-17
2018-04-21,7.797451146887244e-17,0.5759593667374664,-0.06623524671312471,-0.3291235857640443,-0.40484343505090814,1.353819661108398e-16
2018-04-22,2.9240441800827164e-17,0.5711370977837762,-0.06425355916814204,-0.3319641671727519,-0.40966570400459845,5.119688760245294e-17
2018-04-23,1.3158198810372225e-16,0.5663464529951375,-0.06233699144582514,-0.3348382442390736,-0.414456348793237,2.3233479685066896e-16
2018-04-24,8.77213254024815e-17,0.5615893620112066,-0.06048311320626236,-0.3377414569834417,-0.41921343977716796,1.5620190006507102e-16
2018-04-25,5.848088360165433e-17,0.5568659445209628,-0.058689610178213836,-0.340671371445637,-0.4239368572674117,1.0501788478367408e-16
2018-04-26,8.77213254024815e-17,0.5521762900539583,-0.056954275006236794,-0.34362569074066446,-0.42862651173441624,1.588647085768739e-16
2018-04-27,2.1930331350620375e-17,0.5475204610540466,-0.05527499934180531,-0.34660224407614476,-0.43328234073432803,4.005390284118642e-17
2018-04-28,1.5107561597094036e-16,0.542898495581849,-0.053649766958661055,-0.34959897716519805,-0.43790430620652554,2.7827598934313814e-16
2018-04-29,1.413288020373313e-16,0.5383109964928018,-0.0520766477146227,-0.3526133570102069,-0.44249180529557275,2.625411759338286e-16
2018-04-30,9.746813933609056e-17,0.5337591282965415,-0.05055379221584381,-0.3556423697076883,-0.44704367349183305,1.8260697413673083e-16
2018-05-01,7.249192863121735e-17,0.529241093068914,-0.049079427066631265,-0.35868603978610325,-0.45156170871946055,1.369733559630789e-16
2018-05-02,7.919286321057358e-18,0.5247568528294,-0.04765185060984997,-0.3617427035688361,-0.45604594895897466,1.5091344264220482e-17
2018-05-03,-1.614316057754e-17,0.5203063547568857,-0.04626942908052454,-0.36481078011202495,-0.46049644703148895,-3.102626064423704e-17
2018-05-04,4.7668011894056784e-17,0.515889532531674,-0.04493059310952459,-0.36788876636623663,-0.4649132692567006,9.239964932052603e-17
2018-05-05,4.500286745908556e-17,0.511506307542027,-0.043633834525701465,-0.37097523277206057,-0.4692964942463477,8.798106063508901e-17
2018-05-06,-3.5179906541620187e-17,0.5071565899719149,-0.04237770341414405,-0.3740688192306152,-0.4736462118164597,-6.936695142533465e-17
2018-05-07,-6.438227485051919e-17,0.5028402797837991,-0.04116080539576541,-0.3771682314003525,-0.4779625220045757,-1.280372266084192e-16
2018-05-08,-7.485248513076329e-17,0.49855374684966164,-0.0399817990995245,-0.380275758038249,-0.48224905493871306,-1.5013924898519515e-16
2018-05-09,-1.7511426693708263e-17,0.4942986651744918,-0.038839393803548346,-0.38338843441744264,-0.48650413661388286,-3.5426813640143203e-17
2018-05-10,3.975142062979321e-18,0.49007551134747623,-0.0377323472254349,-0.38650454166634474,-0.4907272904408984,8.111284834554491e-18
2018-05-11,5.12078005508994e-17,0.4858853362405258,-0.03665946344530175,-0.38962183299316194,-0.49491746554784877,1.0539070997102535e-16
2018-05-12,-5.55489678857245e-17,0.48172800003530447,-0.0356195909477892,-0.3927392967008709,-0.49907480175307023,-1.153118936031401e-16
2018-05-13,3.5719972618702516e-17,0.4776033569693124,-0.03461162077142918,-0.39585596959050284,-0.5031994448190622,7.47900367479989e-17
2018-05-14,-2.9493863165787456e-17,0.4735112558480599,-0.03363448475553455,-0.39897093469586076,-0.5072915459403148,-6.228756508219402e-17
2018-05-15,-1.4620220900413582e-17,0.46945506127409475,-0.03268715387624409,-0.4020797983905354,-0.5113477405142799,-3.114296150250143e-17
2018-05-16,-7.174840201595739e-17,0.46542695273127055,-0.031768636664535194,-0.40518938972165075,-0.5153758490571041,-1.5415609602090164e-16
2018-05-17,-1.4173645179156776e-16,0.46142621565919595,-0.030877977699993266,-0.4082994678291836,-0.5193765861291788,-3.0717034919457785e-16
2018-05-18,-6.37330628844618e-17,0.4574521366522843,-0.030014256174955796,-0.41140982531105763,-0.5233506651360904,-1.3932181703395602e-16
2018-05-19,1.7438124691541306e-16,0.4535098716855542,-0.029176584524286647,-0.41451441862711835,-0.5272929301028203,3.845147764199542e-16
2018-05-20,7.919286321057357e-17,0.4495992447829532,-0.028364107116612615,-0.41761256812204545,-0.5312035570054214,1.7614100586135193e-16
2018-05-21,5.117077315144754e-17,0.44572007714794665,-0.027575999003315345,-0.42070362764375474,-0.5350827246404279,1.148047300872708e-16
2018-05-22,9.015802888588376e-17,0.44187218743074214,-0.02681146472193755,-0.4237869830795814,-0.5389306143576325,2.0403644187271882e-16
2018-05-23,2.8022090059126034e-17,0.4380612599079652,-0.026069737151017337,-0.4268561830314382,-0.5427415418804094,6.39684277605679e-17
2018-05-24,-2.473254035653298e-16,0.43428705631903086,-0.025350076413612106,-0.4299107258829675,-0.546515745469344,-5.694975246594562e-16
2018-05-25,-1.663050127422045e-16,0.4305428822858908,-0.024651768827025668,-0.4329565923295211,-0.550259919502484,-3.8626817347261136e-16
2018-05-26,-6.79231095998381e-17,0.4268291415330641,-0.023974125896439914,-0.43599269015176195,-0.5539736602553106,-1.5913418975066978e-16
2018-05-27,-5.208453695772339e-17,0.423144470618025,-0.023316483350338358,-0.4390197185206995,-0.5576583311703497,-1.230892533740336e-16
2018-05-28,0.01713161722304109,0.41948927566848765,-0.02267820021574113,-0.4249050131125985,-0.5441819088968459,0.039236824215137044
2018-05-29,0.029813960982256957,0.41586395631026324,-0.02205865793141994,-0.4152284464272858,-0.5351248844958545,0.06689575548947066
2018-05-30,0.02835449701841334,0.4122683190712266,-0.021457259497366616,-0.41968214919611274,-0.5401799856987347,0.06435095047970672
2018-05-31,0.021808669821062946,0.4087015828210526,-0.020873428658890088,-0.4292108818051606,-0.5502925491462591,0.05065772461217679
2018-06-01,0.015367850722186877,0.40516883887935606,-0.02030660912382349,-0.4386176253106666,-0.5602661121868318,0.0365434243959733
2018-06-02,0.010314265085296924,0.40166398155820415,-0.019756263811382613,-0.4466257229562676,-0.5688245551448736,0.02503594587658462
2018-06-03,0.17802638570963755,0.4024674902101244,-0.01922187413132135,-0.27757570399994547,-0.40030892586861266,0.30668090240842616
2018-06-04,0.34095771846189865,0.4032885772881869,-0.018702939292064992,-0.1133043493303656,-0.23655650603828915,0.45812484443508833
2018-06-05,0.34794943063533745,0.40339606871788086,-0.018198975636605403,-0.10570118207177326,-0.22945730243515639,0.4631017700044297
2018-06-06,0.31410873477466794,0.40297971371418995,-0.017709516004961307,-0.13946877330448948,-0.26371435329951676,0.43803346077683825
2018-06-07,0.31002004122243343,0.4021772359365033,-0.017234109122095442,-0.14388453775154486,-0.268605524629438,0.4353007953907807
2018-06-08,0.28706615866602286,0.40136777460265266,-0.016772319010208498,-0.16718609152991903,-0.2923688685196991,0.41698432455680445
2018-06-09,0.22718702548986539,0.40515282092587585,-0.016323724424390635,-0.2228315837970355,-0.3484629553726334,0.3592799453926835
2018-06-10,0.16159157983023778,0.41197234169519603,-0.015887918310652817,-0.28117170257360513,-0.40723888026294086,0.2817324691561379
2018-06-11,0.25456072988149553,0.4190510459431259,-0.015464507285403106,-0.18070043724916784,-0.30719102596375325,0.3779042157775042
2018-06-12,0.7719825760810821,0.4303553229530716,-0.015053111135473769,0.348437082110294,0.22153509724577913,0.6420679051215311
2018-06-13,0.9918212446240707,0.4465425179860742,-0.014653362337845846,0.584862694483913,0.4575609608217702,0.6895482703375743
2018-06-14,0.8452231919001398,0.46539579026198624,-0.014264905598253292,0.4575063707754867,0.3298161803737515,0.6449038228530587
2018-06-15,0.6239002615115415,0.48451213540937366,-0.013887397407878144,0.255677293724651,0.12760959513254055,0.5628773760061586
2018-06-16,0.4300928317452321,0.49913682288730515,-0.013520505617399684,0.07686144322675148,-0.051573147155837384,0.46284880126357114
2018-06-17,0.28473076497379757,0.5135200983451336,-0.013163909027662919,-0.0537607514971179,-0.1825519384694435,0.35669333796891484
2018-06-18,0.19579475970148547,0.5319405251058099,-0.01281729699629704,-0.12392971797738783,-0.2530675169810793,0.26904667643445657
2018-06-19,0.13886312629178002,0.5505378303342545,-0.012480369059612029,-0.1619271182219636,-0.29140184516234013,0.20142578126288604
2018-06-20,0.0991000745093996,0.5645579516686283,-0.012152834569150894,-0.1873425141795091,-0.3171447756103467,0.14932400513576513
2018-06-21,0.08976524815623363,0.5759784562702925,-0.011834412342295559,-0.18493841370415542,-0.31505909736184845,0.13483454302216452
2018-06-22,0.07680466926824822,0.5871253589304077,-0.01152483032634118,-0.1864425079160713,-0.31687277358971866,0.11568187309833096
2018-06-23,0.05620752779089167,0.5981251487529693,-0.01122382527549472,-0.19573885452001982,-0.3264701252445137,0.08590053623452808
2018-06-24,0.03850181812745323,0.6058013833630739,-0.010931142440263145,-0.20547564673812213,-0.33649960029784753,0.059757297555534966
2018-06-25,0.02536074979602449,0.6090609504032295,-0.010646535268724684,-0.21507254085785676,-0.3463811015891206,0.03997459385147039
2018-06-26,0.050064612466168834,0.6082589204212763,-0.010369765119200531,-0.19089393802014154,-0.3224792689009296,0.07604864472424759
2018-06-27,0.05944907959210375,0.6093441161458214,-0.010100600983857325,-0.18015511103431825,-0.3120096060504495,0.08889007838440928
2018-06-28,0.04908491082009814,0.6103723353742121,-0.009838819222799167,-0.189229278816875,-0.3213455555940644,0.07443228670753764
2018-06-29,0.03582327643473476,0.6113129080632553,-0.00958420330822122,-0.2012957245986171,-0.3336666172903845,0.055356627079235776
2018-06-30,0.024539020447561215,0.6121796170595583,-0.009336543578217485,-0.2114656118594841,-0.3440841642812552,0.03853981806412386
2018-07-01,0.029027874392579336,0.6116095276806258,-0.009095636999850516,-0.2073059407150314,-0.34016539971516946,0.04531092674052512
2018-07-02,0.03382890258285006,0.6141139571410376,-0.0088612869411079,-0.1997661330056063,-0.332859942064487,0.05220970040053501
2018-07-03,0.029379949320114198,0.6162822190403252,-0.008633302951393713,-0.2018188403793404,-0.3351406334279352,0.04550359423213551
2018-07-04,0.02177330991604223,0.6161382763340669,-0.008411500550201012,-0.20934762008847796,-0.3428912155382655,0.03413217503076588
2018-07-05,0.015021809865394156,0.6158375130097457,-0.008195701023644733,-0.21618408393689104,-0.34994347891323485,0.02381166342590024
2018-07-06,0.009882885005700854,0.6154728217349216,-0.00798573122853861,-0.22147773027630224,-0.3554470950477522,0.01580362168150799
2018-07-07,0.006375818609416953,0.6164402597945204,-0.007781423403711629,-0.22381305078816038,-0.35798672338443727,0.010237080946522727
2018-07-08,0.004034017549736526,0.6179151417944627,-0.007582614988278354,-0.22448116143246521,-0.3588536424441754,0.006486088917605594
2018-07-09,0.028213001959907877,0.6157476360462533,-0.0073891484465862245,-0.2022762162288112,-0.33684216378221354,0.04381168707339213
2018-07-10,0.039847733538417224,0.6133592007428226,-0.007200871099573032,-0.19284164260671932,-0.3275958675071349,0.0610032310545875
2018-07-11,0.03807585988800645,0.6108966173119098,-0.007017634962281583,-0.19689286355075142,-0.3318303245884584,0.058670993340565296
2018-07-12,0.031364662540587736,0.6083858334126871,-0.006839296587291802,-0.2059365064224029,-0.3410523058350997,0.04902639816457211
2018-07-13,0.022733564418999572,0.6058476022670544,-0.006665716913830018,-0.21693225601616217,-0.35222163510232074,0.03616647399547988
2018-07-14,0.015501696308074502,0.6019131565779012,-0.006496761122340229,-0.22792961402475054,-0.3633879489023989,0.02510742369674958
2018-07-15,0.16437310690768217,0.6001779206690923,-0.006332298494298708,-0.0806289767059104,-0.21625177421160025,0.21499298408983725
2018-07-16,0.28766501879695333,0.5985492996367697,-0.0061722022770695495,0.04119441036826732,-0.09458848335465164,0.32459983190676334
2018-07-17,0.2784145839449252,0.5974061065000418,-0.006016349553601474,0.030956635102979524,-0.10498211134340762,0.3178899368128362
2018-07-18,0.2152909680287038,0.5963040973487229,-0.0058646211167829865,-0.033117261527742414,-0.169207736410948,0.26526894656337546
2018-07-19,0.15210643349388936,0.5952253914850456,-0.005716901348272074,-0.09723278215772324,-0.23347097680943973,0.20353265900080836
2018-07-20,0.10224599835387695,0.5941560571500147,-0.005573078101624958,-0.1480187283861194,-0.284400746284483,0.14682035692714232
2018-07-21,0.06658693802335248,0.597682391398317,-0.005433042589566875,-0.18001141895628348,-0.31653347236670515,0.10024087380539583
2018-07-22,0.04242248340929906,0.6033229391915469,-0.005296689275237872,-0.19839897246277793,-0.33505737918752865,0.06569536836735988
2018-07-23,0.026594942984708363,0.609161018697476,-0.00516391576726094,-0.20825565987346273,-0.34504684010619036,0.04183199936393712
2018-07-24,0.016383452458781374,0.6146165563834899,-0.005034622718499563,-0.21288231966461435,-0.3498027929461034,0.0259642666072873
2018-07-25,0.01004792060725493,0.6200817055036909,-0.004908713728341951,-0.21362679340578228,-0.35067317567742884,0.01594579938935582
2018-07-26,0.006099521500230626,0.6255545742897238,-0.004786095248402011,-0.21197970524683363,-0.3491487059984202,0.00965642673875563
2018-07-27,0.003687076220098462,0.6310284853698632,-0.004666676491488978,-0.2087988206899134,-0.34608724019841297,0.005809021305326658
2018-07-28,0.0022164989003343625,0.6319100536158956,-0.004550369343733114,-0.20927152261588922,-0.3466762492721447,0.0034953573408008855
2018-07-29,0.0013261922102525648,0.6279198552999233,-0.004437088279747481,-0.21403874655795763,-0.35155675427819877,0.00210758925781114
2018-07-30,0.004566643195797703,0.6235560449868288,-0.004326750280704635,-0.21505176788646418,-0.35268011360574814,0.007270304483047033
2018-07-31,0.006382764169124257,0.6190513813675511,-0.004219274755233056,-0.21763283500694375,-0.3553686562516992,0.010205333710469718
2018-08-01,0.005492933212322337,0.6144679768427287,-0.004114583463011097,-0.2230013791963461,-0.3608418917333236,0.008860128313307007
2018-08-02,0.004078934152185247,0.6098373781822978,-0.004012600440974345,-0.2289439938948774,-0.3668864894538916,0.006644120819456091
2018-08-03,0.06706579372890466,0.6051787215601191,-0.00391325193202909,-0.1705164424313914,-0.3085582864993509,0.09976398795915872
2018-08-04,0.23466740930689037,0.6005042063943663,-0.003816466316185485,-0.0074925564033149206,-0.145631186087118,0.2809810641251865
2018-08-05,0.4077730732814762,0.5962819076192248,-0.003722174044012964,0.16148510106830205,0.023252179112326465,0.40612623913849605
2018-08-06,0.4335725562266335,0.59208758571675,-0.003630307572347539,0.18318212858264982,0.04485734015500886,0.4227253633987531
2018-08-07,0.35267026948702695,0.5879071774986635,-0.0035408013021493248,0.09818893989515509,-0.04022535480268419,0.37495080348486426
2018-08-08,0.2548831019244979,0.5837403940857662,-0.003453591518452,-0.0036778012965740237,-0.14217930577811055,0.3039303133493154
2018-08-09,0.18215996921663422,0.58417230188899,-0.003368616332311003,-0.07588405101507278,-0.21447053068275035,0.23770363859768465
2018-08-10,0.12679070360313477,0.5894782903114414,-0.0032858156246890293,-0.12586452749849897,-0.26453380787379854,0.1770154853558496
2018-08-11,0.0840719411627657,0.5997418501922531,-0.003205130992202006,-0.1582390454255692,-0.2969890104333558,0.12294566477837776
2018-08-12,0.05418260892792098,0.6117927949726087,-0.003126505694666511,-0.17599880758252295,-0.314827397887845,0.08135827330946552
2018-08-13,0.03424276117443182,0.6240820354917664,-0.003049884604374405,-0.1835727937265622,-0.3224780051221764,0.052014995254378235
2018-08-14,0.04273138890103416,0.63647488464627,-0.0029752141570396073,-0.16261664639812157,-0.3015965282410705,0.06291371349952361
2018-08-15,0.053612005113542464,0.6498303377875555,-0.002902442304355083,-0.1383078051916432,-0.2773604588872767,0.07621378731970953
2018-08-16,0.04824909396074476,0.6586742390084835,-0.0028315184681039773,-0.13475589128726173,-0.2738794688191464,0.06825223006586628
2018-08-17,0.04909048598517325,0.6626670851415111,-0.002762393495765958,-0.12985252815746762,-0.2690452306616903,0.06897079564248952
2018-08-18,0.04413556818835773,0.661706575800545,-0.002695019617572292,-0.13570058141705554,-0.2749606577994719,0.06252895008356377
2018-08-19,0.032669092667122875,0.6584851465090595,-0.0026293504049496965,-0.15032281701715333,-0.2896485626121922,0.04726744164379665
2018-08-20,0.035191345155548955,0.6572703071552999,-0.002565340730318351,-0.14895139420785553,-0.28834114947752576,0.05082064116924039
2018-08-21,0.03399384685008814,0.656964092974934,-0.0025029467281752664,-0.1503927126915393,-0.2898448619633526,0.04919814201526757
2018-08-22,0.02609708785651723,0.6557476271598452,-0.002442125757443662,-0.15944511652946725,-0.2989580867720122,0.0382742394005224
2018-08-23,0.05260446314656024,0.6558280434155488,-0.002382836365020439,-0.13279803559129755,-0.27237029522626566,0.07425472809236254
2018-08-24,0.06759921566269646,0.655957124613537,-0.0023250382504968283,-0.11761640376264948,-0.25724646151214126,0.09342633309921516
2018-08-25,0.05828573903403428,0.6560850278648281,-0.00226869223200471,-0.12674563112152848,-0.2664320348895123,0.08159031938982762
2018-08-26,0.043185094552211346,0.6575851207982271,-0.0022137602131486927,-0.14029125065109638,-0.28003258643793627,0.06162518555474781
2018-08-27,0.02982421489343366,0.6568653866699318,-0.0021602051509875446,-0.1543183093760082,-0.2941132002250092,0.04343187202126517
2018-08-28,0.019765036574948127,0.6551123161939659,-0.0021079910250368,-0.16607834404450883,-0.3059254490194606,0.029286857076853058
2018-08-29,0.016959741569070135,0.6569387067821919,-0.0020570828072414837,-0.16700634024436556,-0.30690435343711264,0.025166613175268894
2018-08-30,0.031508374768582204,0.6580239120675003,-0.002007446432901109,-0.15132286538520467,-0.29127051495229217,0.045695285587217846
2018-08-31,0.04885941742932809,0.6590957764088146,-0.001959048772507114,-0.1328515607227505,-0.272847607950232,0.06901484423673661
2018-09-01,0.048232569185092604,0.6601671701413385,-0.0019118576044613125,-0.13235982406641633,-0.27240306246194357,0.06808665575025996
2018-09-02,0.03747188364786998,0.6598608649397655,-0.0018658415886498672,-0.14338079878940047,-0.28347005320073915,0.053736015874437014
2018-09-03,0.039373485518881875,0.6594678801507565,-0.0018209702408407136,-0.1418273103595884,-0.28196143611873625,0.05634109177431665
2018-09-04,0.2254011845894765,0.6595013007333524,-0.001777213907877273,0.044277565626565485,-0.09590031646554575,0.25471867050666713
2018-09-05,1.0156041468872794,0.6577094232347572,-0.0017345437436409408,0.8327313205900095,0.6925107683336619,0.6069419175350441
2018-09-06,1.4729464765647124,0.6567265874349223,-0.0016929316857589212,1.2891324265254898,1.1488702622112603,0.6916303264870354
2018-09-07,1.4805811941916727,0.6557620655722607,-0.0016523504330323753,1.2958432035425147,1.1555404579755586,0.6930446160395017
2018-09-08,1.2644123377572407,0.6547943561563391,-0.00161277342355672,1.0787462147016371,0.9384038921252053,0.6588203041220614
2018-09-09,0.9485476917657207,0.6551981095199569,-0.00157417481351683,0.763323920683775,0.6229429994973031,0.5914576306327953
2018-09-10,0.6581394003231785,0.6602654300923855,-0.001536529456632,0.47802059517054585,0.33760202862718935,0.49919371132441287
2018-09-11,0.4372563595896665,0.6697565198760685,-0.001499812884226533,0.2666653607931224,0.12621007767736037,0.3949875992415685
2018-09-12,0.2824468211991746,0.6823382614846237,-0.0014640012859133966,0.12447337560949878,-0.01601771910457639,0.29275620681600506
2018-09-13,0.17885496168657836,0.6984099367579952,-0.001429071490861485,0.036988121165326016,-0.10353790334380109,0.20387794154729716
2018-09-14,0.11155423621175292,0.7189000302516121,-0.0013950009496335365,-0.009788440274654642,-0.1503485353250097,0.13432917466584426
2018-09-15,0.06878365788218935,0.7397346747202633,-0.0013617677165729072,-0.031691140902506354,-0.172284469185922,0.08507371460680307
2018-09-16,0.04205477240120349,0.7593031700569096,-0.0013293504327244372,-0.038819113762997404,-0.17944485933026155,0.052479385519288956
2018-09-17,0.025522704042256823,0.7742387183284731,-0.0012977283092694598,-0.04038401172692552,-0.18104137941764464,0.031912897182012054
2018-09-18,0.015352154900514543,0.7842825305542683,-0.0012668811114579328,-0.040479901445061084,-0.18116811633359176,0.019198960700139194
2018-09-19,0.017158783926656415,0.7893371215801075,-0.001236789143024127,-0.033588589424646376,-0.17430689628161078,0.021275723546140816
2018-09-20,0.028428546073476862,0.7893500688257805,-0.001207433231070328,-0.02227652412019898,-0.16302418688911724,0.03476313216747419
2018-09-21,0.03129431744222793,0.7847533647721021,-0.0011787947113974053,-0.02397881828545345,-0.16475511957404465,0.038348638350777974
2018-09-22,0.024849472108865126,0.7796870772981379,-0.0011508554142791172,-0.03546201179566211,-0.1762662523813716,0.030886691384227154
2018-09-23,0.017881260741556285,0.7743972679514715,-0.001123597650655006,-0.04769277474601341,-0.18852427309534692,0.022569412263454724
2018-09-24,0.016495609704659745,0.7689656059911124,-0.0010970041987325798,-0.05448349429134647,-0.19534158609260244,0.021001176601759656
2018-09-25,0.01442039337298503,0.7643551917369639,-0.001071058290992651,-0.06114317896942978,-0.20202721667842571,0.018516750715739418
2018-09-26,0.010652170964520381,0.7611041877521822,-0.0010457436015693933,-0.0681370906732528,-0.20904644307167197,0.013802504954067497
2018-09-27,0.028745962970216643,0.757902034908602,-0.0010210442340097083,-0.053220752143577243,-0.19415480390955608,0.03654234555700846
2018-09-28,0.03675879949939532,0.7546966099378738,-0.000996944709391323,-0.04838924106050824,-0.18934739235110554,0.04644456157742494
2018-09-29,0.03058231867940826,0.7514854923381209,-0.0009734299547867198,-0.05775332472564365,-0.19873499077084544,0.03910443346289672
2018-09-30,0.022363309287489266,0.7487317937219681,-0.0009504852920688515,-0.06870308807099756,-0.20970769877891726,0.02900201181437795
2018-10-01,0.015336831461936989,0.7460061426132355,-0.0009280964270413268,-0.07843282814025487,-0.21945982771320216,0.020144444730139037
2018-10-02,0.010119853446572614,0.7423739775672855,-0.0009062494388895059,-0.08726012421341744,-0.2283089707745165,0.013448420477996242
2018-10-03,0.006507284785474232,0.7396158866039997,-0.0008849307699322443,-0.09360946516884439,-0.23467963039890072,0.008721461864474719
2018-10-04,0.004079474290904155,0.7369081704869055,-0.0008602652551933931,-0.09872032626576988,-0.239815157010565,0.005505455211911684
2018-10-05,0.0024981275720733797,0.7342209592179197,-0.00083603459001876,-0.10296465358841178,-0.24408371499838155,0.0033908821107895204
2018-10-06,0.0015396916992795502,0.7315475410259776,-0.0008119147851991341,-0.10657238784832801,-0.24771556906311742,0.0021002844280287557
2018-10-07,0.0009405993613259944,0.7284274553395237,-0.0007884243252857895,-0.11026807541282224,-0.251434747087525,0.0012896086622710412
2018-10-08,0.0005704613159857862,0.7252910806229987,-0.0007654830348212219,-0.11375164688422279,-0.2549412598493901,0.0007859092719830841
2018-10-09,0.0003298217832970946,0.7221573736222118,-0.0007433364825603639,-0.11710384686543751,-0.25831560638286577,0.00045650882866093734
2018-10-10,0.00019790647505854426,0.7167391712521964,-0.0007227978317614903,-0.1226334258928925,-0.26386572406111963,0.0002760444133896978
2018-10-11,0.00011822453751558914,0.7111934323128266,-0.0007017059020794451,-0.12823775484012323,-0.2694911449380324,0.00016620638278175048
2018-10-12,0.055677755974883676,0.7056163483660873,-0.0006809102534983309,-0.07823451170091344,-0.21950869744740364,0.07313567208442026
2018-10-13,0.11295626433893594,0.7000333881601766,-0.0006610370255526927,-0.026519090314826244,-0.16781314928926216,0.13893936287099207
2018-10-14,0.11608748094405835,0.694456128367092,-0.0006404225419771499,-0.0289445190192128,-0.1702591924772242,0.1432217583489636
2018-10-15,0.09147667646466304,0.6888916786637166,-0.0006254418699474702,-0.05910479252995393,-0.200434446659995,0.11722243202649352
2018-10-16,0.06524151791780147,0.6833390270468831,-0.0006108205746493123,-0.0908779813983509,-0.23222225682369013,0.08715363811769827
2018-10-17,0.044104720811591565,0.6778017665454895,-0.0005938540537198573,-0.11753507248502482,-0.2588963144312936,0.061094783859139606
2018-10-18,0.02883197750385681,0.6768712517869575,-0.0005761976581121764,-0.133720674155684,-0.27509957249756034,0.040855668937254355
2018-10-19,0.018418781347015738,0.6794525282413276,-0.0005589591405565734,-0.14153535534059936,-0.28293149220003133,0.02639280493975388
2018-10-20,0.01157045749216452,0.682334942950388,-0.0005459170826021542,-0.14548822242843573,-0.2868974013458221,0.01667440184899155
2018-10-21,0.007175961097339886,0.6853415363455968,-0.0005318098090063283,-0.14686201815445576,-0.288285304345438,0.010362136875727367
2018-10-22,0.004405865252085414,0.6884217782449794,-0.000519415068696664,-0.14653947736001793,-0.2879751582913098,0.006359251530217097
2018-10-23,0.002683147954895216,0.6915551355794619,-0.0005028063130020031,-0.145112228567031,-0.2865645182540175,0.0038648804287129608
2018-10-24,0.0016230796084484994,0.6947252340193635,-0.0004870277467044585,-0.14298641990727856,-0.2844544881605626,0.0023308444591365975
2018-10-25,0.0009763073317679874,0.6933329422054414,-0.0004748088426560493,-0.14501326509383272,-0.28649355225116524,0.001406156309193264
2018-10-26,0.0005844528626223197,0.6884697245668419,-0.0004614116151595987,-0.15025493997408146,-0.29174862435891047,0.0008481958048678224
2018-10-27,0.00016551435252174393,0.6833390193081855,-0.00044712275143541275,-0.15579029487911422,-0.29729826812766735,0.0002421554567243083
2018-10-28,-1.3995815632791754e-16,0.6781145750369227,-0.00043672975230602446,-0.16116986050376947,-0.302688226751452,-2.0639308087471348e-16
2018-10-29,-4.7722742538703514e-17,0.6728444325912533,-0.0004265840924986367,-0.16642985728963144,-0.3079583691971214,-7.092685950437913e-17
2018-10-30,0.00856580861152052,0.6675518468503415,-0.0004166797147076665,-0.1631467300412317,-0.30468514632651256,0.01266910949939495
2018-10-31,0.012765528338248235,0.6622468638549978,-0.00040701071520439036,-0.16424232431034447,-0.3057904095951286,0.01891154664104841
2018-11-01,0.03668329225920617,0.6569392910388258,-0.0003957099584176125,-0.14562083244877178,-0.2871802184903427,0.05288653100766227
2018-11-02,0.04645445331911519,0.6516383925082002,-0.0003827795425548203,-0.14113763950362546,-0.2827099559610592,0.06654480646347499
2018-11-03,0.042884961864694655,0.6463527617403199,-0.00037011492563079895,-0.14998009710900229,-0.2915650781833601,0.06222085703665139
2018-11-04,0.03460238705363344,0.6410862198778746,-0.00035730987897717814,-0.16351640873585527,-0.30511419485686664,0.05121055275857412
2018-11-05,0.024844910314088274,0.6367585164204709,-0.00034590349840401174,-0.1775901825522309,-0.31919937505381546,0.03755257199424431
2018-11-06,0.016848322448432967,0.6325106001988531,-0.0003378959587701328,-0.18982667909987017,-0.33144387914108864,0.025946085994701138
2018-11-07,0.011033541598941727,0.6310614901933962,-0.00033007801716669616,-0.1970827520132148,-0.3387077699960367,0.017183658263392576
2018-11-08,0.007056503068905757,0.6298179805272236,-0.0003202540875051618,-0.2022934762797619,-0.34392831819224534,0.0110798960402072
2018-11-09,0.004436225498359698,0.6291176251746268,-0.0003101201388676829,-0.20560397525426732,-0.3472489511153882,0.007002128538319767
2018-11-10,0.002752866565563735,0.6284976322549037,-0.0002995453795183548,-0.20789675234743699,-0.3495523029679072,0.004360973291439207
2018-11-11,0.0016909032509714339,0.6279258635989116,-0.0002884511843267943,-0.20951939012282983,-0.35118603493849165,0.0026856070867226274
2018-11-12,0.02244460927752823,0.6264731659894338,-0.00027758962613747457,-0.19020752014756148,-0.3318850265214126,0.034587755387490524
2018-11-13,0.0325371004138465,0.6249888500408466,-0.00026785067397037027,-0.18158960600766338,-0.32327685133368156,0.04948413122150754
2018-11-14,0.02781151711337812,0.6207608186448236,-0.0002587867184771682,-0.19053415674866148,-0.3322304660301729,0.04288113380732709
2018-11-15,0.0206025045626039,0.6163801751174453,-0.0002520039301311625,-0.20211703003846804,-0.34382012210832547,0.03234390073675529
2018-11-16,0.014150727007513764,0.6115061133157832,-0.00024351911119993805,-0.21343438457628905,-0.3551459614650777,0.022617393586237513
2018-11-17,0.009388689835998755,0.606593875398592,-0.0002335547894758034,-0.2230986953432712,-0.3648202365537839,0.015241810995775778
2018-11-18,0.0060465056169087894,0.6039691135297677,-0.00022511254312384404,-0.22905719918483347,-0.3707871826416982,0.009912050490390682
2018-11-19,0.029525761789693808,0.6014891782326574,-0.00021603003683581348,-0.20804879580287072,-0.3497878617660235,0.04679090765845889
2018-11-20,0.13062633972608764,0.5990658818786411,-0.00021105406735155244,-0.10936653825100895,-0.25111058018364596,0.17901566695999044
2018-11-21,0.1684693741681608,0.5966754687670671,-0.00020438971120585503,-0.07390725256436403,-0.21565795885314676,0.22017971593702854
2018-11-22,0.14072622043819286,0.5943164799213961,-0.00019702465496030755,-0.10400203008375741,-0.24576010142878568,0.19145312288571592
2018-11-23,0.10313780845937384,0.5919837996485365,-0.00018792532993829048,-0.143914023010414,-0.2856811936804643,0.14837376259977056
2018-11-24,0.07083468769000059,0.5896756319664572,-0.00017938690177641176,-0.17851677303370472,-0.32029248213191686,0.10724236333936897
2018-11-25,0.19240564831088044,0.5878464409107649,-0.0001752615502162505,-0.058770878116957026,-0.2005507125667293,0.24659421098483464
2018-11-26,0.3927402794207617,0.590650398302518,-0.00016840216964772908,0.14437456976524587,0.0025878759349050595,0.3993736043237909
2018-11-27,0.42271923912918485,0.5937610242975824,-0.00016024991545013123,0.177472307722931,0.03567746163839247,0.41586566344545645
2018-11-28,0.35009348614126046,0.5969831858287566,-0.00015224643849542918,0.1080767197431356,-0.03372612981835754,0.36965696284444416
2018-11-29,0.26962452965678474,0.6002641108456638,-0.0001468077745135655,0.03089412693954885,-0.11091416128592613,0.3099529262746199
2018-11-30,0.23186901865454182,0.6035821660110569,-0.00014010455047212128,-0.003536625673259519,-0.145351617122776,0.27753748263263367
2018-12-01,0.19672431377917252,0.6115080863633042,-0.00013384013593104963,-0.030749145781840403,-0.17257040164589788,0.24340067750871355
2018-12-02,0.1861442836826592,0.6215580284352042,-0.00012751476964488934,-0.0312729084401675,-0.17310048967051117,0.23046149663057572
2018-12-03,0.18106851639705296,0.6272220867031525,-0.00012064214314546258,-0.030677744831326015,-0.17251219868816914,0.22401413019347635
2018-12-04,0.14904355784688358,0.6340609529629476,-0.00015095251392115844,-0.05589414749247601,-0.1976982909785434,0.19032396798832546
2018-12-05,0.10754048518816814,0.6418472496143068,-0.0006813276944853373,-0.09014129868039644,-0.23141506698589964,0.1435044639695282
2018-12-06,0.07323432851016304,0.6538069185610704,-0.002738287077158369,-0.11454474579431095,-0.2537615547171411,0.10072926234264634
2018-12-07,0.04807871537562193,0.6669285785259831,-0.007154571737061977,-0.1309949836238431,-0.26579550788676964,0.0672422726113312
2018-12-08,0.030798519077317756,0.6797089968978894,-0.013875306826732362,-0.14221549663991118,-0.2702952858131674,0.043347210810353275
2018-12-09,0.019383913226132365,0.6901995504339262,-0.022047949206943494,-0.15131219133527096,-0.271219338128316,0.02731731250633914
2018-12-10,0.011559981622701393,0.7005410401893666,-0.031054693857131256,-0.15780137783344927,-0.2687017799763066,0.016233625944370868
2018-12-11,0.03233424870180344,0.7094390786232401,-0.04064999270079109,-0.1377243711641336,-0.23902947446333112,0.04359047098445296
2018-12-12,0.140861446995078,0.7172804327176805,-0.050162536729126864,-0.030868362804754468,-0.12266092207561619,0.16414703713356565
2018-12-13,0.18218191294880245,0.7208596748502579,-0.0584140285833022,0.005779853427372084,-0.07776121398931424,0.20174255029917904
2018-12-14,0.1608093397840125,0.7231885562143743,-0.06494412142737402,-0.019793931217373384,-0.0968049057899879,0.18191145082126525
2018-12-15,0.26130066973124716,0.7211943576872665,-0.0699078618645494,0.07373945976557805,0.0016922256301389327,0.2659562261783752
2018-12-16,0.2917943546709078,0.716548598697247,-0.07338000228031576,0.09611524529945292,0.02754015157978007,0.28938007023922857
2018-12-17,0.23438496904756878,0.7143613246069814,-0.07585811978478821,0.03404046808137595,-0.032056508133824435,0.24704704578578426
2018-12-18,0.16857828013886514,0.7167838172106613,-0.07841372019409487,-0.03189932863295453,-0.09544070443884822,0.19040602782017807
2018-12-19,0.11453421307347124,0.7194429952137903,-0.08190833555663363,-0.08677883305775813,-0.14682559350111313,0.13733494385139144
2018-12-20,0.07511167833601326,0.7230686077772829,-0.08676701207201584,-0.12743443174710578,-0.18262251567507848,0.09410365006854063
2018-12-21,0.10804999806654307,0.7313458293763205,-0.09297572791388427,-0.09242760625940682,-0.14140697434551108,0.12872353487353722
2018-12-22,0.11961641699195939,0.739907904899935,-0.09966338713770939,-0.07898677103420115,-0.12127847989648033,0.13916583154816647
2018-12-23,0.12567011912727077,0.7485476058991097,-0.10584595997051423,-0.07047594073251984,-0.10658507676199414,0.14375151124221205
2018-12-24,0.41741756321597323,0.7544633833300816,-0.11112825981168165,0.22190498094598698,0.19107814475768004,0.3561945131425249
2018-12-25,0.7223403630548608,0.7556296119737511,-0.11501780391638017,0.5241044653238458,0.4971671732402373,0.48873818498300486
2018-12-26,0.7362558817297638,0.7564578770417455,-0.11729046344022209,0.5365755895429012,0.5119109569831347,0.49323313153869236
2018-12-27,0.5838245871703495,0.7608236022332443,-0.11809219148013995,0.38770829213506763,0.3638453876152191,0.4341838941748023
2018-12-28,0.41739553212810254,0.7607480769258913,-0.11818465311594123,0.2211112501496666,0.1973408072656192,0.3542823887685949
2018-12-29,0.28248657848553843,0.7636169482578077,-0.11858826463628769,0.08866755631867229,0.06530072495497141,0.27003692394093654
2018-12-30,0.18435256046919027,0.7711617506679881,-0.11967214915731642,-0.003005543808524136,-0.025288490651196316,0.19293542579157008
2018-12-31,0.11784846641759661,0.7835619580414278,-0.12154361861347303,-0.05898089994283473,-0.07939237732935023,0.13073785616393618
2019-01-01,0.07406634973105235,0.7976787286189921,-0.1244375710008262,-0.09154019843916783,-0.1090577234383302,0.08496331275106025
2019-01-02,0.04595222902159829,0.8119767697394605,-0.12860535923337882,-0.1095240662607061,-0.12287380302731588,0.05356180883028575
2019-01-03,0.028221451364462625,0.8217472551039351,-0.13392366386752613,-0.12280266318751454,-0.13083409531997692,0.03320292988399793
2019-01-04,0.017190563977990465,0.8312472513555895,-0.14009809942564266,-0.13050798988044876,-0.13236498645479466,0.02026143067566084
2019-01-05,0.010203770340642125,0.8374388223238566,-0.14712713876027622,-0.13833225188416365,-0.13316020912387594,0.01203782163490318
2019-01-06,0.006140343479797506,0.838785825434563,-0.15500523181430093,-0.14892676868832644,-0.13587663287401408,0.007267313649057867
2019-01-07,0.02071029441124335,0.8351520290282762,-0.16339532776606647,-0.14638071011493292,-0.12494047834885502,0.024198161134156834
2019-01-08,0.02666653158416554,0.8296983168235541,-0.17137022480221414,-0.15385308218288052,-0.124437953380655,0.031139217862279033
2019-01-09,0.022042667571798624,0.8239679139175254,-0.17798382491791775,-0.17082094921697977,-0.13479222029905058,0.026054836729103942
2019-01-10,0.01631573660874077,0.8180947642619798,-0.18344452719919313,-0.18788173211685866,-0.1463923009176541,0.019553608915174294
2019-01-11,0.011288916570001776,0.812136673981621,-0.18839037230259043,-0.20381248753935366,-0.15737721123675186,0.013709698483428472
2019-01-12,0.016057844554317156,0.8061188502826279,-0.19323669144598532,-0.2099077023974264,-0.15862610695142965,0.019530892392299888
2019-01-13,0.01760273283177538,0.8018956451429408,-0.19776675532066493,-0.21711608313433484,-0.1613044238136585,0.021479887337029574
2019-01-14,0.0825750040809148,0.7977579516246994,-0.20124585788193072,-0.1597606079647026,-0.10046984608276044,0.09379974195641508
2019-01-15,0.566180962853248,0.7936399165300024,-0.20330612118333263,0.3176670524115317,0.3790180775948758,0.4163643693352029
2019-01-16,1.0453892490520706,0.789534448246775,-0.2037171958551106,0.7923587956553491,0.854120895510471,0.5697181035870686
2019-01-17,1.069043414801038,0.7854381384988363,-0.20250629016041388,0.8131275573510741,0.8736787515114995,0.5764648415611233
2019-01-18,0.8446919957120571,0.7822682563754267,-0.19992656889756782,0.5881859774015299,0.6461574502991091,0.5191841623839726
2019-01-19,0.6029572768494156,0.7791640106807108,-0.19684564476573274,0.3464279369760077,0.4013184857417519,0.4362549671215253
2019-01-20,0.4077821347788101,0.77883865929871,-0.19448216771657967,0.15329092057255445,0.20581799228914555,0.3436499147950801
2019-01-21,0.2666376980716951,0.7832828350730504,-0.19356025880101657,0.017512568555342778,0.06911773135637078,0.25395988520488866
2019-01-22,0.17030646507236302,0.792652159642315,-0.1945102700388655,-0.07039935111257356,-0.017844177073696676,0.17685751049046824
2019-01-23,0.10699775948822068,0.8033335729312742,-0.19739137796128947,-0.12590775133018073,-0.07047146936887982,0.11753716001825416
2019-01-24,0.0663657234879483,0.8142099070305879,-0.201806353781993,-0.16007842905184277,-0.10022717126983838,0.07536629584998637
2019-01-25,0.04074977380472091,0.824259321714815,-0.207391410879822,-0.18123002114867215,-0.11579370626883878,0.04710906973786912
2019-01-26,0.02481774956726376,0.8342963987419271,-0.21355281303260423,-0.19328637051179942,-0.12168865347918378,0.028887604302766035
2019-01-27,0.014985179781192485,0.8397471767800448,-0.2193653267379297,-0.20348067596507846,-0.12607044522713728,0.017532014163452195
2019-01-28,0.009014381180886414,0.8403272021903395,-0.22462146783890696,-0.2141275902560671,-0.13146121841714875,0.010613375533912195
2019-01-29,0.005171491789397171,0.8359453911422455,-0.2296376998723139,-0.22736852272905728,-0.13968591885673198,0.006148362842714996
2019-01-30,0.0015924366702225728,0.8302208292187165,-0.23475713696204653,-0.24179157686149355,-0.14898953589943553,0.0019144160540897042
2019-01-31,4.7289815006292184e-05,0.8242746631953611,-0.23992559918720097,-0.2544513519652196,-0.15648084877800716,5.7368137332255936e-05
2019-02-01,-3.411384876763169e-17,0.8182117002043057,-0.24486463664792113,-0.26550064223200154,-0.16259110158406898,-4.1693181311283547e-17
2019-02-02,7.310110450206792e-17,0.8120785307129201,-0.24956706074903348,-0.2763362358244993,-0.1687242710754544,9.001728495136151e-17
2019-02-03,-4.386066270124075e-17,0.8059027538079556,-0.2541774867247635,-0.28712243870519394,-0.17490004798041903,-5.44242621010979e-17
2019-02-04,-2.436703483402264e-17,0.7997026613031168,-0.25843768423685676,-0.297582728722126,-0.1811001404852578,-3.047011847417953e-17
2019-02-05,-5.3607476634849807e-17,0.7934912080218331,-0.261938415855541,-0.30729491362209393,-0.1873115937665415,-6.755900518229154e-17
2019-02-06,0.012848712917280864,0.7872797523153815,-0.26485063736825587,-0.3035698779239796,-0.1806743365557123,0.01605831247804026
2019-02-07,0.019148292507372495,0.781073866769403,-0.2670287611186223,-0.3056543076302328,-0.1805806425115991,0.023928720650123376
2019-02-08,0.0164787996369668,0.7748793209632112,-0.2678579960135499,-0.3153475812017579,-0.18944468118819657,0.020823441635335754
2019-02-09,0.012236802456555547,0.7687007345407821,-0.267342708577759,-0.32525287736880737,-0.19986526479103695,0.01566937415200374
2019-02-10,0.008466687427501318,0.7625418649987894,-0.26629685234092415,-0.3341360057030195,-0.2097942493620839,0.010981314540360746
2019-02-11,0.009901931262857636,0.7564058076821082,-0.2655922114346124,-0.33813217827803266,-0.2144950628434088,0.012921611983836125
2019-02-12,0.010010667539269347,0.7516703124691727,-0.26522135391760354,-0.34238807969754753,-0.21912182177993256,0.01314286138424829
2019-02-13,0.0077899347854015494,0.7470451504485376,-0.2646438994505582,-0.34865652000500513,-0.22596771655443548,0.010320048627558543
2019-02-14,0.005512192726411256,0.742467956379879,-0.264043861327218,-0.3549114180093139,-0.23282265268208446,0.007369437187601027
2019-02-15,0.0037064655480724745,0.7379331127172005,-0.26395504101156847,-0.3611631685346815,-0.2391632235231016,0.0049976641709738
2019-02-16,0.0024136198254876835,0.7334356050850269,-0.264680721192325,-0.36767920207019644,-0.24495357687786,0.003280046704922737
2019-02-17,0.0015373909684714474,0.7294311891133796,-0.2661975572076162,-0.3740766829141512,-0.24983422170652358,0.002103224420807932
2019-02-18,0.0009635602610047446,0.7254873463666173,-0.268364672162853,-0.38076147132361704,-0.25435189516075263,0.0013263941888073995
2019-02-19,0.0048794010488707506,0.7202087224819057,-0.27091339190638974,-0.38467297416399937,-0.2557146782575982,0.006729390387903166
2019-02-20,0.006748444360157493,0.7148833334916633,-0.27314640154268566,-0.39036232947925087,-0.2591710239365538,0.009351645211975701
2019-02-21,0.005673136825585043,0.7095722723888332,-0.27459719931839677,-0.3981994958923646,-0.2655573925739564,0.00793173469203538
2019-02-22,0.017037010351162517,0.7042811851885048,-0.2758022297916923,-0.393331740040411,-0.2594846062487073,0.023619271573228465
2019-02-23,0.06058262475837479,0.6990153907775182,-0.2768557568793514,-0.35610544713184444,-0.22120478625248163,0.07975616512851737
2019-02-24,0.397054090371816,0.6933177798276848,-0.2768736265284316,-0.025349462117316812,0.10956906841112624,0.36414557383910556
2019-02-25,0.605857024669056,0.6880791201413698,-0.27526738470064827,0.17982105432139162,0.3131333430220512,0.46822791611391296
2019-02-26,0.553654215449226,0.6828913809131159,-0.27203101833051846,0.1256668722434372,0.2557427945739671,0.44774266074616315
2019-02-27,0.419810901696398,0.6777406575395621,-0.2676120072740952,-0.008908153826521104,0.1167487574475855,0.38249765868734353
2019-02-28,0.2936309276802701,0.6740006009726432,-0.2629596791094853,-0.13417585624495798,-0.013171273135461292,0.303453245357815
2019-03-01,0.19617002636171896,0.6745034506798547,-0.2591930617783944,-0.22736729052520677,-0.11012932474680093,0.22530837510782709
2019-03-02,0.1272263456142796,0.6798964526309875,-0.2569340293061675,-0.28865893684928645,-0.17368000354310753,0.15762947830352111
2019-03-03,0.08081453266261764,0.6902691476338428,-0.25604735314017035,-0.32381137863209597,-0.20971912149191418,0.10480643635402408
2019-03-04,0.05054937357256523,0.7006158326483042,-0.25601668141945877,-0.3436991809869754,-0.22963759556750518,0.06729461529092963
2019-03-05,0.03124577028239152,0.711106354519331,-0.2564048550198342,-0.35290043600649773,-0.23845067698665212,0.04209022812555034
2019-03-06,0.01911861562782297,0.7216814529322028,-0.25717044773378006,-0.35521808496214036,-0.24000273322834886,0.025808064063743832
2019-03-07,0.0116177234211547,0.7309274034701352,-0.2584222776062942,-0.35472485650339036,-0.23825767489708471,0.01564581464535765
2019-03-08,0.09695593277348628,0.7359862793850264,-0.2601712833610921,-0.26607677699096555,-0.14786058962986204,0.11640175195615508
2019-03-09,0.17247214864098598,0.7361929084659393,-0.26183890477841654,-0.19202155345987737,-0.0721377446814494,0.1898082767594426
2019-03-10,0.17734660691119,0.7314463004931858,-0.262417881696678,-0.1924726800806883,-0.07200989438399885,0.19514523657288843
2019-03-11,0.14272128484526167,0.7262842263154817,-0.26135235090640097,-0.23119454553404362,-0.11179729062763122,0.16423518954974953
2019-03-12,0.10288415163463456,0.7209575020327706,-0.2588841561687997,-0.2738902082897805,-0.1569611481209694,0.12488340590286556
2019-03-13,0.07435179444981556,0.7155382269312269,-0.2557291005402023,-0.30468678494754586,-0.19091278040733217,0.0941292995698553
2019-03-14,0.05240661793073498,0.7146450514017766,-0.2522387021957514,-0.3240347386516259,-0.21375113245586308,0.06832214833237925
2019-03-15,0.03499237118232939,0.7176612861235314,-0.24848891367923776,-0.3346829621617631,-0.2281491444825139,0.04649199647495941
2019-03-16,0.02265568394674276,0.7218782776753319,-0.24479376494775787,-0.3391075091140693,-0.2362688401663,0.030429349250078647
2019-03-17,0.014365241228160883,0.7262480807679838,-0.2414573056069393,-0.33969168939918076,-0.24018947979223004,0.01939641213777095
2019-03-18,0.008970754328562345,0.7306843338105228,-0.23880976029459947,-0.3380023779439004,-0.24114771364928955,0.012128293947293823
2019-03-19,0.005537049882160576,0.7356134577769554,-0.23677092617655826,-0.3344681243058284,-0.2396522941292587,0.0074708845571044005
2019-03-20,0.003386232160972822,0.7405867129587393,-0.2350068663796056,-0.3298816270482796,-0.23682985666866252,0.004551552826195778
2019-03-21,0.002055401469989618,0.74099265838592,-0.23353137427076054,-0.329331020203237,-0.23775474193246504,0.0027661756769652253
2019-03-22,0.0012398675995017989,0.7374591078236804,-0.23235128966254814,-0.33250002002775203,-0.24210382636519245,0.0016784477043460223
2019-03-23,0.0004485254633112322,0.7327026249250128,-0.2312687205265838,-0.3369652759266458,-0.24765165140005063,0.0006117776164896752
2019-03-24,0.0001566530967027851,0.727776815433005,-0.23016139928080762,-0.3410756365394859,-0.2528693332586669,0.00021520249236402835
2019-03-25,6.596435665951054e-05,0.7227722013215363,-0.2290421203269776,-0.34505166043716784,-0.25796463611017884,9.125743463977187e-05
2019-03-26,3.9581295011693256e-05,0.7172654979125433,-0.22799317039642855,-0.34953579697725956,-0.2634977225808196,5.518055867584377e-05
2019-03-27,2.364490750328255e-05,0.7117025795759212,-0.22728230331025895,-0.35440378461522054,-0.26907657730495016,3.3221914115141925e-05
2019-03-28,5.848088360165433e-17,0.7061211327000131,-0.2272476507267288,-0.3599742238151017,-0.27468166908836145,8.281990283740624e-17
2019-03-29,-1.949362786721811e-17,0.7005346897070431,-0.22802612109423862,-0.36633913717558153,-0.2802681120813315,-2.782678453135584e-17
2019-03-30,-2.9240441800827164e-17,0.6949520927753099,-0.22917200232948753,-0.3730676153425637,-0.28585070901306475,-4.207547844636984e-17
2019-03-31,2.9240441800827164e-17,0.6893797122164261,-0.2299546217924288,-0.3794226153643887,-0.2914230895719485,4.241558212790475e-17
2019-04-01,0.03854613875184261,0.6838165021390039,-0.22995171049697888,-0.3464367753945184,-0.2584401608975281,0.053361201936337636
2019-04-02,0.05744487752211732,0.6782692150696469,-0.22897845054256374,-0.33211206373918556,-0.2450887091966104,0.07808043654533141
2019-04-03,0.049436398910900375,0.6727479248884806,-0.22715674072710001,-0.3438201227161052,-0.25861847798899373,0.06845399059732783
2019-04-04,0.03671040736966655,0.6672509261676912,-0.22508130617767375,-0.35996767842870203,-0.27684146825101685,0.052148329206093254
2019-04-05,0.025400062282503737,0.6617802227182967,-0.22319476420711495,-0.3748621849947006,-0.29362251678757423,0.03696273428809756
2019-04-06,0.033988698094333275,0.6563374763581729,-0.22159302204059222,-0.3701145533764722,-0.29047662733586854,0.049235708208934026
2019-04-07,0.036414766786932465,0.6550495957649507,-0.219995423440608,-0.3673787666771109,-0.2893384392364915,0.05266325896036345
2019-04-08,0.11880372798949258,0.6540446799470382,-0.21799301581578306,-0.28399231366763833,-0.2079543938518439,0.15372190298831437
2019-04-09,0.15465355988302612,0.6531475266244939,-0.21543098009891595,-0.24647759937978198,-0.17300171528085462,0.1914500518335047
2019-04-10,0.12929322324548564,0.6523120390992975,-0.21222816951538365,-0.26947061295898656,-0.19919753944359153,0.16542010331098767
2019-04-11,0.10762019857533194,0.6515187714985996,-0.2086927167235893,-0.2884014524380438,-0.22166383171444315,0.1417661361329546
2019-04-12,0.12706562158628013,0.6525906267554882,-0.2051359007777969,-0.26432735822441467,-0.20114655344660637,0.16297646797102297
2019-04-13,0.12329597800193068,0.6537978660171866,-0.20140300458422758,-0.26315686635349633,-0.20370895776925735,0.15866291947989936
2019-04-14,0.09482870125820199,0.6555217452129832,-0.19759451791190102,-0.28609177722910184,-0.23045235531718944,0.12637921614383096
2019-04-15,0.06672682600253188,0.6573102211716657,-0.19413154176869868,-0.3089422003828872,-0.25676575461417706,0.09215940850396559
2019-04-16,0.044594942854735725,0.6591328589771378,-0.19124628765551638,-0.32636619161202884,-0.2770749999565011,0.06336959082567244
2019-04-17,0.03326800549868778,0.6623591656259208,-0.18893555515768795,-0.3321560898214655,-0.28517563066376606,0.04782447678819671
2019-04-18,0.024820910281179102,0.6702728598175757,-0.186853418527427,-0.33060735421705834,-0.2857090316896199,0.03570872211623001
2019-04-19,0.017037817792487052,0.6766676437148311,-0.18463393718485283,-0.3297761814659208,-0.2870973402810565,0.024560593418806915
2019-04-20,0.01122053025837153,0.6830569803293256,-0.18239207746122713,-0.326962272661916,-0.2865252912006775,0.016161448537881477
2019-04-21,0.007141501862775007,0.6848763114409683,-0.18045963476181495,-0.32728952724645777,-0.2887849884846314,0.01031982374656074
2019-04-22,0.06874324260738708,0.686425794292863,-0.1789691158407674,-0.2626477847289035,-0.2256337648881246,0.09103027169858309
2019-04-23,0.11109100246446878,0.6883477566351814,-0.17762626922482322,-0.21703521591355912,-0.18136404268872441,0.1389612414959496
2019-04-24,0.1030863453348623,0.6888730260760709,-0.1759277153817962,-0.22281604975924907,-0.18884343037744145,0.13016620429808978
2019-04-25,0.09145602536772689,0.6847073491492108,-0.17368628229399344,-0.23637061356544176,-0.2046394272714369,0.11783089536355222
2019-04-26,0.07424972664498924,0.6802224397839979,-0.17097147342891278,-0.25534701278831173,-0.22633063535938758,0.0984128109011929
2019-04-27,0.05322082546321784,0.6756266881157831,-0.1679412320372185,-0.2779414242466036,-0.25195528820937374,0.07302052140080348
2019-04-28,0.06180213538063758,0.6755558736527665,-0.1649514065539626,-0.26644110330894455,-0.24344479275497055,0.08381564263695113
2019-04-29,0.06194214803444716,0.6770955376100233,-0.16213781770598684,-0.2619478378499025,-0.24176511614390417,0.08381460003684539
2019-04-30,0.05236240627601269,0.6783196008322363,-0.15934090666319212,-0.26750660534332915,-0.2501207946801256,0.07166237264174935
2019-05-01,0.04464526226773048,0.6809471066558533,-0.15644119474636037,-0.2696965316111626,-0.25521043286479084,0.061529398846850776
2019-05-02,0.034693364414043276,0.6836742163512719,-0.15330963919075324,-0.27378976421382417,-0.2624352210230595,0.04829472451566173
2019-05-03,0.024424239918165284,0.6864326177729302,-0.1499048677997796,-0.2778957158970702,-0.2699459440972791,0.034358872189116436
2019-05-04,0.016358761635529427,0.6919557616385279,-0.14625092310730914,-0.2767841056216379,-0.27248827851431734,0.02309533561434541
2019-05-05,0.010621464609300404,0.6930637614979038,-0.1424222862800048,-0.27758476596118675,-0.27711757568117046,0.015094056568529204
2019-05-06,0.006750334600204544,0.6930379613177736,-0.1384826052731225,-0.2775420151435304,-0.28101450587039645,0.00964625250176483
2019-05-07,0.004012268918039978,0.6933588250718652,-0.13448416200387506,-0.27596077380235595,-0.2834317077984695,0.005753420169861611
2019-05-08,0.002443385613713988,0.6922829150365896,-0.13049529377545382,-0.27461669891353635,-0.28607650113807115,0.003517047809226222
2019-05-09,0.0014996127392880307,0.6911074195931312,-0.12654884157596524,-0.27278951503193216,-0.2881957694559555,0.0021651711133194016
2019-05-10,0.00515363952750365,0.6898967957441103,-0.12265557676803307,-0.2664528472848051,-0.2857523665167606,0.007414770592136518
2019-05-11,0.00690981883415366,0.6859162919252068,-0.11883876881816953,-0.26486036384719525,-0.28797669102901424,0.009973381093533368
2019-05-12,0.014375938907217483,0.6817606761974709,-0.1151104875391398,-0.25782157822283747,-0.28466618668368626,0.02065103112706629
2019-05-13,0.0297987210593854,0.6770884045161434,-0.1114875830516309,-0.24344816326448815,-0.27391567621284585,0.04215485044394332
2019-05-14,0.03301961427703227,0.6719020328230949,-0.10798373058001932,-0.24190978926827822,-0.2758811546882475,0.04684153822324335
2019-05-15,0.026533321834539454,0.666667200449636,-0.10458957986857116,-0.2502367633727818,-0.28760227950419914,0.038276546225194844
2019-05-16,0.04907089200526018,0.6618754910691589,-0.1012963505508746,-0.22919767326484164,-0.2698564187139556,0.0690219307299347
2019-05-17,0.0747893389968362,0.6571083797288301,-0.09810294369702113,-0.20505293075974096,-0.24890508306270842,0.10218550636700253
2019-05-18,0.07249697122468865,0.6532698121187288,-0.09501451205344372,-0.20809543449841228,-0.25503601844495716,0.09989017531322403
2019-05-19,0.05597825513530732,0.6508708386049441,-0.09204178773085506,-0.2240403997789897,-0.27395370804812325,0.0791940679149797
2019-05-20,0.03950405150873642,0.6485880625651328,-0.08917894503422832,-0.2399345367487452,-0.2927106877145055,0.057410992948097525
2019-05-21,0.02653209226286633,0.6463511931600553,-0.086417089006753,-0.2523815093722175,-0.307919516365453,0.039430452260662614
2019-05-22,0.017267751795226157,0.6473575900927001,-0.08375465792402381,-0.2579770218244837,-0.31617745990044843,0.025981181737933137
2019-05-23,0.010995793528905479,0.6499599195397426,-0.08117758595757293,-0.25906957867731095,-0.31984708871972656,0.016636203169883842
2019-05-24,0.0068906022365449425,0.6527275195338371,-0.07868044248388581,-0.2579100265018899,-0.3211846800179926,0.010446350712819883
2019-05-25,0.004251285371971498,0.6546539044100472,-0.07627117388790575,-0.25621368989427307,-0.3218976120063559,0.006452044145194733
2019-05-26,0.0026064408669775616,0.6551939129971862,-0.07394212962425556,-0.2549894815484779,-0.32300244792421084,0.0039623585661916405
2019-05-27,0.0015572921474367469,0.6556568074151046,-0.07169519275903813,-0.2533287989848829,-0.32358870222583336,0.0023695355112942963
2019-05-28,0.0051821079291625854,0.6561044984237019,-0.06952677211785518,-0.24708787155337675,-0.31951619543551013,0.007836402369833266
2019-05-29,0.00692369066084371,0.6533388677497634,-0.06743312639310604,-0.24601827377088503,-0.32054024337776754,0.010486268792085548
2019-05-30,0.00581677274489076,0.6485462174850367,-0.06541083894062762,-0.24989555449908618,-0.32643981155844715,0.00888921413915369
2019-05-31,0.029870939616759257,0.6435865966857771,-0.06345676933854169,-0.22884693882439144,-0.3073452654858383,0.04435459996595892
2019-06-01,0.045401718463005454,0.6385680251007289,-0.061568013979144194,-0.21644597620379602,-0.29683305822464034,0.06637971765599715
2019-06-02,0.041213372428756785,0.63352872158361,-0.059741873883888554,-0.22384748565990786,-0.3060607077760079,0.061080185739829394
2019-06-03,0.031175839248815024,0.6289441934743796,-0.057975828308580474,-0.23670350137377194,-0.32068276906518,0.04722753090859137
2019-06-04,0.02177797619821407,0.6243888059962946,-0.05626751300124834,-0.24894843659512567,-0.3346360195938659,0.033703336040041866
2019-06-05,0.19013711245094203,0.6198452943563324,-0.054614702207331445,-0.08348000118844312,-0.17082039498110024,0.23474227446545376
2019-06-06,0.2753997964343639,0.6180696006981693,-0.0530152936999965,0.0016063976441506034,-0.0873334046558415,0.30823640666174085
2019-06-07,0.2375765337571399,0.6169359497073127,-0.05146729625835228,-0.03580251858228567,-0.126290318323922,0.27802581981474705
2019-06-08,0.1807536853788496,0.6158996284480952,-0.04996881913129225,-0.09216321109273351,-0.18414948796142983,0.22689127408577414
2019-06-09,0.12848528318970515,0.6149155637295665,-0.04851806311611948,-0.14396492198523392,-0.23740195486910298,0.1728344589896032
2019-06-10,0.08652407921159996,0.6135108014430761,-0.047113312953981135,-0.1859261380876911,-0.28076792113369853,0.12359966853463389
2019-06-11,0.05639331740748188,0.6166969625759491,-0.04575293080226634,-0.2115103566072215,-0.3077125218049437,0.08378269466150971
2019-06-12,0.07875807757722132,0.6206369520704704,-0.04443535059064414,-0.18388802673133853,-0.2814077721406829,0.11260886085635231
2019-06-13,0.4289899816366091,0.6219518167293245,-0.043159073104657955,0.16893501947288958,0.07013899657755907,0.4081957557531997
2019-06-14,0.5923522475014078,0.6231641615623446,-0.04192266167065157,0.33474604160471455,0.2347136072753776,0.48732558695580697
2019-06-15,0.5078446967258361,0.624363290086412,-0.04072473833981592,0.2526355426840461,0.15140518502387346,0.44854364449033957
2019-06-16,0.37615767425768154,0.6255612325373443,-0.0395639804884011,0.12330722051823861,0.020916105006651198,0.3755122037789907
2019-06-17,0.2641367753925973,0.6267593213580621,-0.03843911776669877,0.01360927319557459,-0.08990670503771525,0.2964843783197345
2019-06-18,0.17865218275177525,0.6279578538172446,-0.037348929341895966,-0.06958659856126215,-0.17419276521935478,0.22148519687615909
2019-06-19,0.1209140120403209,0.6332819342688505,-0.036292241390005295,-0.12094400086921997,-0.22660685547920323,0.16032174746104244
2019-06-20,0.08021011481848424,0.6402271599527444,-0.03526792480023475,-0.1536783558173922,-0.260365527017146,0.11133532040517277
2019-06-21,0.05610233285994352,0.6468665158684007,-0.0342748930617559,-0.1701537501217978,-0.27783395306003045,0.0798077083521289
2019-06-22,0.039173284403288836,0.6535292351616256,-0.03331210030816973,-0.1794572865316414,-0.2881002822234602,0.056551381432672604
2019-06-23,0.03020152606753185,0.6606602859953284,-0.03237853949928557,-0.18036443322481133,-0.2899409897255143,0.043715726560934684
2019-06-24,0.03161550005166296,0.6678207584719869,-0.03147324072336352,-0.17088468798809986,-0.2813665432647249,0.04520140279601184
2019-06-25,0.02876879600248946,0.6708562400403546,-0.03059526960579347,-0.1698179393513355,-0.28117776574553055,0.04112030662197128
2019-06-26,0.02159906796802435,0.6690503908441988,-0.0297437258125267,-0.17794197278868962,-0.2901533429761515,0.03127356098297733
2019-06-27,0.014857691526874777,0.6659592286044367,-0.02891774163845349,-0.18694852729552813,-0.2999858816570632,0.021823328838550492
2019-06-28,0.008758177934456355,0.6626758151557199,-0.028116480672467574,-0.19553019337067734,-0.3093688086981984,0.013043989468194973
2019-06-29,0.005679239922777756,0.6597596785718229,-0.02733913653221432,-0.2007479238259997,-0.31536388329377396,0.008534577351781142
2019-06-30,0.003627959483022253,0.6572760966927472,-0.026584931662555857,-0.20452858127517237,-0.3198987456126051,0.005489389040846476
2019-07-01,0.002278900117553603,0.6547905893546596,-0.02585311619262708,-0.20763133250879995,-0.3237333123161614,0.0034682787042571626
2019-07-02,0.0013991957613830005,0.6518351764865823,-0.025142966847061955,-0.21075630038748272,-0.3275684295404093,0.002141950608887848
2019-07-03,0.017990921037514675,0.6488382538004899,-0.02445378590753488,-0.19647231685791644,-0.3139736269503701,0.02697980489813644
2019-07-04,0.518574403642163,0.6453674081199668,-0.023784900221240152,0.30130920575250353,0.1831390099737552,0.4455329281943022
2019-07-05,0.8548047471586078,0.6418630757761671,-0.0231356602533343,0.6346844568930545,0.5158650211464003,0.5711385880418305
2019-07-06,0.7992610462297469,0.6378921651867812,-0.022505439180685295,0.5758000664474567,0.45635040962815354,0.5561418503472961
2019-07-07,0.617472283927119,0.632976794996339,-0.021893632024554844,0.389707741110517,0.26964627713508327,0.49380042285185727
2019-07-08,0.4377868600270553,0.6280030414600556,-0.02129965482006807,0.20564254087865663,0.08498709969873619,0.4107628149002026
2019-07-09,0.2947163754909437,0.6248501680333693,-0.020722943820528007,0.059995893915398946,-0.06123625826406165,0.32049488703821194
2019-07-10,0.1921126679187739,0.626392150355768,-0.02016295473478972,-0.04050584224863385,-0.16229798351383273,0.23471171290568468
2019-07-11,0.12247190236631962,0.6328393963012984,-0.019619161996064102,-0.1031555691168321,-0.2254915031207566,0.16214758415816385
2019-07-12,0.08109612036121198,0.6401272057833105,-0.019091058060629766,-0.13671543770449335,-0.2595794756438522,0.11244245356668002
2019-07-13,0.05396259155258097,0.6480444301127436,-0.018578152735057217,-0.15541883685811875,-0.27879578012305006,0.0768690196638904
2019-07-14,0.06893960213557512,0.6560737898330755,-0.018079972530627444,-0.13191428635036284,-0.255789409819724,0.09508734997071068
2019-07-15,0.07289886375856547,0.6641568133566572,-0.017596060043720264,-0.11938808871688367,-0.24374712467315196,0.09890550472914858
2019-07-16,0.057500225597767775,0.6704307707746201,-0.01712597336101702,-0.12804268277701525,-0.25287180541598675,0.07899131357823423
2019-07-17,0.04952346646918488,0.6720248391311154,-0.016669285488424564,-0.13396868567651032,-0.2592544961880743,0.06863499794096706
2019-07-18,0.040357524388116114,0.6691819323997586,-0.016225583802706396,-0.14553383280321774,-0.27126334500049987,0.056878478007152566
2019-07-19,0.040233696942787556,0.6655267610333141,-0.015794469524824314,-0.14888171733710875,-0.275042343812273,0.05700758166328149
2019-07-20,0.05893607038818852,0.6649125499945157,-0.015375557214089522,-0.1303746426197715,-0.2569541814056705,0.08142043616388822
2019-07-21,0.06048080667182683,0.6643979722020866,-0.014968474282219216,-0.12893740119669184,-0.25592402291446115,0.08343575289344614
2019-07-22,0.047449712967430994,0.6638878993848318,-0.014572860526491257,-0.1420829539626145,-0.26946518943611186,0.06670491218722922
2019-07-23,0.06372761760540142,0.6642908405581744,-0.014188367681163837,-0.125017615305974,-0.25278434362479874,0.08753571683629303
2019-07-24,0.11027749255588663,0.6647416954263549,-0.01381465898643278,-0.07764317679257737,-0.2057836138061332,0.1422900158678568
2019-07-25,0.1257069243523937,0.6661135193454469,-0.013451408774174202,-0.060478670864719586,-0.188982358090534,0.15875685624550956
2019-07-26,0.1057317574145819,0.6698339704706185,-0.013098302069794333,-0.07638027997298003,-0.20523707390317425,0.1363285581260656
2019-07-27,0.07746946405997668,0.6700411125719391,-0.012755034209511623,-0.10409216336598193,-0.23329222515645887,0.10363661262029698
2019-07-28,0.053172109148635446,0.6700770090512845,-0.012421310472447081,-0.12801989806091318,-0.25755368358845465,0.07351838780111399
2019-07-29,0.03498592290139214,0.6732728127884927,-0.01209684572690348,-0.14268581582540474,-0.2725440660984898,0.04939709337621347
2019-07-30,0.02250697004382837,0.6803030725088591,-0.011781364090261906,-0.14781902732596042,-0.2779927592356871,0.032024257880664944
2019-07-31,0.014211543457022678,0.6885106474980117,-0.011474598601935651,-0.14760011343528734,-0.27808061083334024,0.020223558669334868
2019-08-01,0.00882064691080713,0.6954843370923103,-0.011176290908844736,-0.14571901269411347,-0.2764978177852573,0.01252390244446728
2019-08-02,0.009716131197559236,0.7001344213845129,-0.010886190962910734,-0.13988334416922477,-0.27095224920630256,0.013687572915477682
2019-08-03,0.018223867359712896,0.7046404242112717,-0.010604056730072657,-0.12658747094747413,-0.25793851021739,0.02521063437800666
2019-08-04,0.024457156396438147,0.7090957918316586,-0.010329653910359936,-0.11562441147064917,-0.24724985356027784,0.0333406831170328
2019-08-05,0.022603003941023173,0.710307578465369,-0.01006275566858282,-0.11599987905057674,-0.24789221938198247,0.030840056732173115
2019-08-06,0.01716628667515064,0.7067114829864796,-0.009803142375191554,-0.12477307850194741,-0.25692503212674445,0.023714344319725217
2019-08-07,0.011912013087939705,0.7018376866315471,-0.009550601356913388,-0.13464860742581275,-0.2670531020688879,0.01668934234595305
2019-08-08,0.007824838052286702,0.6972305447667114,-0.00930492665676396,-0.1430972496261519,-0.2757474189693765,0.011098189224513012
2019-08-09,0.005057278423489187,0.6934731484273263,-0.009065918803049024,-0.1493831977406196,-0.2822723749375591,0.007239882801224441
2019-08-10,0.003295480641013831,0.6901814079313184,-0.00883338458701324,-0.15420420180306704,-0.2873259132160424,0.004752113149434972
2019-08-11,0.07922308563443058,0.6869040554026525,-0.008607136848771027,-0.08132770160007396,-0.21467566075129152,0.10340723019835674
2019-08-12,0.11623607525044291,0.6836258744597211,-0.008386994271196543,-0.04737275034941857,-0.18094085207821065,0.1453201709276981
2019-08-13,0.09971073461328643,0.6803475303153975,-0.008172781181457058,-0.0669622220411592,-0.20074453685969074,0.12782472681371101
2019-08-14,0.07821941370297375,0.677065487601355,-0.007964327359876833,-0.09152713184393413,-0.22551790048404585,0.1035627927526339
2019-08-15,0.05749747618590137,0.6733238697822456,-0.00776146785584957,-0.11578782767608864,-0.24998145582022768,0.07867514612580488
2019-08-16,0.03939763422931339,0.6686521323449709,-0.007564042810511354,-0.13836198202461314,-0.27275303521409033,0.05564246482267575
2019-08-17,0.06449314624435587,0.6680524177626899,-0.0073718972859095,-0.11367403906724982,-0.2482572377813289,0.0880397744702411
2019-08-18,0.08264716917356235,0.6676899930080434,-0.00718488110041398,-0.09569542470719428,-0.2304656396067689,0.11014670915840774
2019-08-19,0.08124560171015839,0.6674038782319287,-0.007002848670117747,-0.0972010745164168,-0.23215332184628756,0.10852288539149625
2019-08-20,0.0669797653544126,0.6676198875667181,-0.0068256588559983695,-0.11107371172325375,-0.24620314886724393,0.09117859651589542
2019-08-21,0.06568671500338853,0.6678982785555466,-0.006653174816608418,-0.11191588704605937,-0.2472178082294395,0.08954206476432149
2019-08-22,0.06292084772995349,0.6682116152408539,-0.00648526386608058,-0.11420050668365933,-0.24967033881756728,0.08605943644505605
2019-08-23,0.0586773083484728,0.6726617993801263,-0.0063217973372462835,-0.11383039539703321,-0.24946369405977553,0.08023269606176732
2019-08-24,0.057088724240039815,0.6737020632618722,-0.006162650449653556,-0.1142195687361276,-0.2500120142864626,0.07811910770685576
2019-08-25,0.047903929453326805,0.6755235700397816,-0.006007702182310278,-0.121427908477588,-0.2573753022952663,0.06621801007964469
2019-08-26,0.03466351348589111,0.6773764910103192,-0.0058568351509590555,-0.1326645364431348,-0.26876279729216435,0.048681974702273347
2019-08-27,0.02371895053617368,0.6806115135764149,-0.005709935489713819,-0.14022717716551125,-0.27647233767578605,0.03367588333135362
2019-08-28,0.01562025875023246,0.6843888831033773,-0.00556689273688951,-0.14440545667166582,-0.2807936599347649,0.02231436393654851
2019-08-29,0.010014111841343428,0.689128575550955,-0.005427599724856247,-0.14513261812094402,-0.2816601143960763,0.014323416409738369
2019-08-30,0.00631355829280512,0.6907325540323315,-0.0052919524737824845,-0.14709354593703194,-0.28375668946323807,0.009057590568499098
2019-08-31,0.003926295490649352,0.6912460543565968,-0.005159850089091813,-0.1488352060302317,-0.28563045194112846,0.005647945421753464
2019-09-01,0.002289105798277511,0.6907307555139859,-0.005031194662518967,-0.15085903913864174,-0.2877829404761113,0.0033030883039094857
2019-09-02,0.0013704086869142972,0.6901139593910678,-0.004905891176610922,-0.15226922888701488,-0.28931843371039256,0.00198183610530983
2019-09-03,0.0008034233266250511,0.6876128284564665,-0.004783847412542315,-0.1552153014178368,-0.292386550005283,0.001167060371605225
2019-09-04,0.056162572176619845,0.6845104312422785,-0.004664973861138452,-0.10283967623062618,-0.24012979836947634,0.07582640641332555
2019-09-05,0.3144875029205146,0.6804126037789481,-0.004549183636959166,0.15150321727411742,0.014097304911088071,0.3160995770357418
2019-09-06,0.45046708374400507,0.6753064420929685,-0.004436392395347704,0.2824894276532399,0.144970724048599,0.4001400578407619
2019-09-07,0.40075394061180875,0.6701155929702702,-0.004326518252329597,0.2276953095413634,0.09006673179370439,0.374232273908549
2019-09-08,0.3865529748842882,0.6648965476638596,-0.004219481707245384,0.20838233505251624,0.07064672075977307,0.3676381667352816
2019-09-09,0.35845076863787667,0.6596600555320792,-0.0041152055680340515,0.1751479128135358,0.03730802238158126,0.3520744108875514
2019-09-10,0.2812137180637852,0.6590103677627246,-0.004013614879047837,0.09736276515907594,-0.0405787159618648,0.2990922295046106
2019-09-11,0.19928335513686632,0.6632280001602076,-0.003914636851321694,0.01974901265736617,-0.11829144649130074,0.2310501234713917
2019-09-12,0.1340704780683945,0.671482113295985,-0.0038182007952001574,-0.03711331521920669,-0.17525021042399513,0.16643293002300052
2019-09-13,0.08732700838157807,0.6800905604874878,-0.00372423805522781,-0.07515437497454802,-0.21338523291930878,0.11379334005901226
2019-09-14,0.05563199253344882,0.6934212562058087,-0.00363268194724265,-0.09342713899637112,-0.23174955304911704,0.07426974334212398
2019-09-15,0.03487053096387944,0.7093902710854558,-0.0035434676975593755,-0.09813037143661019,-0.23654199973903933,0.046852569513083066
2019-09-16,0.021588175870928972,0.72561807094275,-0.003456532384198458,-0.09509799135890551,-0.23359655497469567,0.02889185678383673
2019-09-17,0.013235212009191253,0.7373548152136191,-0.0033718148800671683,-0.09162949344564297,-0.23021277456556433,0.01763307735137603
2019-09-18,0.008050288189324923,0.7442698458486764,-0.0032892557980238957,-0.08981682754840858,-0.2284826677503733,0.010700615103992797
2019-09-19,0.004681759065506947,0.7471645974352737,-0.003208797437770048,-0.09021014672537542,-0.22895644528759396,0.006227015699453065
2019-09-20,0.002055262801696259,0.7496976255017721,-0.0031303837344869336,-0.0902252012194047,-0.22904991348490633,0.002733960632109455
2019-09-21,0.00112144768353107,0.747487081917049,-0.003053960209165295,-0.09329313639697123,-0.23219427218779454,0.0014980428878220479
2019-09-22,0.0006708046251207415,0.7426069794404467,-0.0029794739205725403,-0.09854939564339116,-0.2375250177228072,0.0009024951902256333
2019-09-23,0.00011822453751560612,0.7374268806613654,-0.0029068734187762267,-0.10420947400828129,-0.2432576965894936,0.000160294654092683
2019-09-24,0.06424356458640425,0.7321061405639463,-0.002836108700202824,-0.04533410933823834,-0.18445309663802412,0.08067255399344322
2019-09-25,0.09574146253686217,0.7267013306997477,-0.0027671311641415406,-0.01917204371591774,-0.1583600085517648,0.11641109062441277
2019-09-26,0.0823939981848339,0.7212387943054819,-0.0026998935706708015,-0.03791480686874116,-0.17717000929805893,0.10252692393189865
2019-09-27,0.06118401228277753,0.7157419551564506,-0.0026343499999425327,-0.06455608834910043,-0.2038768343491465,0.0787514059858778
2019-09-28,0.04233343713750617,0.7102247944031287,-0.002570455812778316,-0.0888599300605295,-0.2282445702477398,0.05625270625349654
2019-09-29,0.02809513478548691,0.7046982279689455,-0.002508167612533907,-0.10856251064648759,-0.24800943903394224,0.03833977791485799
2019-09-30,0.05240275129680868,0.7037599296550151,-0.002447443208189552,-0.08513246804475183,-0.22464012083655083,0.06930089598027561
2019-10-01,0.16105392025087586,0.7031002458783343,-0.002388241578617525,0.022918218762206566,-0.1166486356591645,0.18637174541700322
2019-10-02,0.21932785598836532,0.7025316932260899,-0.00233052283799361,0.08068132058807553,-0.058943252573919414,0.2379189499910928
2019-10-03,0.1953039399743745,0.7020193635668273,-0.002274248202303611,0.05620134955051215,-0.08347949824717282,0.21765169722398373
2019-10-04,0.14656103890081643,0.7015413010729322,-0.002219379956919711,0.0070352542284428665,-0.13270046181462603,0.17281055834058062
2019-10-05,0.14475950520707953,0.7010871173204087,-0.00216588142519747,0.004833035313904777,-0.13495617926088632,0.1711415537423573
2019-10-06,0.14024767702328955,0.7043179395194377,-0.0021104193611046866,0.0036074913932364616,-0.13623718524564743,0.16605894708027616
2019-10-07,0.11159288818113396,0.7077818872658285,-0.002055068667320987,-0.02152799900874458,-0.16142802634141218,0.13619273075652216
2019-10-08,0.07960875543416217,0.7136171844201012,-0.0020001428483992743,-0.04762190878252193,-0.18757686193411127,0.10036075654407924
2019-10-09,0.053554775168432225,0.7196290623040358,-0.0019492496664784992,-0.06761311798239655,-0.20761896431590665,0.06926525435852665
2019-10-10,0.034984087114524616,0.7257029748197315,-0.0018992584750973734,-0.08005990232922744,-0.22011573985411859,0.045990117178499074
2019-10-11,0.022332345906454488,0.7363840291511691,-0.0018496954925782277,-0.08198102622334069,-0.22208642673075107,0.029434379750612836
2019-10-12,0.02686807547291907,0.7482675444824215,-0.001801227659853738,-0.06551331349289924,-0.20566718183303412,0.03466241878352472
2019-10-13,0.027837802441922303,0.7566197300084823,-0.00175806265074718,-0.056148235988728645,-0.19634526933797003,0.03548669149108117
2019-10-14,0.02609401517270926,0.7602143193794216,-0.0017159658494644448,-0.05425533708571961,-0.19449446723624375,0.03318547448383846
2019-10-15,0.42006293347869267,0.7611873374740965,-0.001673252536952549,0.34072931262745065,0.20044746916441458,0.3556087510057225
2019-10-16,0.9303467758813972,0.7618996782466387,-0.0016332479907098,0.8517655003489402,0.7114436523396613,0.5497702616613117
2019-10-17,1.0001264326695514,0.7624936227166269,-0.0015942304751892383,0.9221781191226031,0.7818172535978037,0.5674089714419086
2019-10-18,0.7982887412534719,0.759808812494398,-0.0015533115138825753,0.7176965364456012,0.5772947519594952,0.5123483695441643
2019-10-19,0.572872993890259,0.7559613470859388,-0.001512503869091374,0.4884741313187204,0.34803153918782315,0.43110941388631707
2019-10-20,0.38854687087016415,0.7524135858723905,-0.0014725855497503629,0.3006401654044182,0.16015765495418,0.3405436784193789
2019-10-21,0.2545905819985371,0.7533973464048219,-0.0014326687972248235,0.16770755381774816,0.0271851266149844,0.25257304658579155
2019-10-22,0.16292299671695307,0.759201650725453,-0.0013947909458224455,0.0818821507081976,-0.05867815434596857,0.1766821840939122
2019-10-23,0.17528826363952887,0.7653354179545553,-0.0013616020222144414,0.10041437378348361,-0.040179120194290485,0.18635323250895208
2019-10-24,0.18069368909825959,0.771573883505459,-0.001326165871320627,0.11209370094401183,-0.02853522918465612,0.18975096317120355
2019-10-25,0.14523834628720741,0.7764842110729603,-0.0012946534518600181,0.08158019811992168,-0.05908024442820692,0.15757273718370635
2019-10-26,0.10415070228345595,0.7813299546528154,-0.0012639124240961018,0.04536903872378917,-0.09532214485210333,0.11762052786541191
2019-10-27,0.07051227631845801,0.7857008914951147,-0.0012339232012308584,0.016131538823955793,-0.12458963397480194,0.0823536462286819
2019-10-28,0.050420547440694616,0.785445159864414,-0.00120466671654713,-0.004186665199824691,-0.14493709448326608,0.06032134947042403
2019-10-29,0.035854474761678856,0.7848860325100846,-0.0011724361165708198,-0.019279634633193377,-0.16006229451661114,0.043685518679787455
2019-10-30,0.022701245769268213,0.7851360042441223,-0.0011426088438187176,-0.032153064618814176,-0.17296555177498407,0.028101261447020326
2019-10-31,0.01373206712151917,0.7853766502060503,-0.00111294974027329,-0.0408519382010899,-0.18169408446080515,0.017184228908730753
2019-11-01,0.008788407823559743,0.7855898972200024,-0.0010835294151955682,-0.04555293016001949,-0.18642449674481254,0.011063252568406692
2019-11-02,0.005525961348216013,0.7857810160506696,-0.0010533977469619985,-0.04859412613646241,-0.18949582438948898,0.006983334541520744
2019-11-03,0.003428884138749067,0.7864109362378099,-0.001024266432553354,-0.05003215184438048,-0.19096298141181567,0.0043412398948363155
2019-11-04,0.002105787817629901,0.787051693024473,-0.0009966775378032911,-0.05068690248408647,-0.19164532094627174,0.002668399994615566
2019-11-05,0.0012825635865930834,0.7831025231433781,-0.0009686110196589865,-0.05543123007807382,-0.19641771505840344,0.0016351198005815895
2019-11-06,0.0007758714861003848,0.7779552840705772,-0.0009404672763976673,-0.061057017508106104,-0.20207164623169704,0.000996327783425785
2019-11-07,0.00022749342826910562,0.7726626403818975,-0.0009138828357079702,-0.06687145481392742,-0.20791266797820807,0.00029434122434403
2019-11-08,0.00010936328169658066,0.767307301783008,-0.0008882248283643708,-0.07231926555204593,-0.21338613672367013,0.0001425083486913328
2019-11-09,6.596435665945693e-05,0.7619169806778617,-0.0008673057747085131,-0.07773206652857334,-0.2188198567538534,8.656933477227426e-05
2019-11-10,0.05143443296413501,0.7560521353031019,-0.000844348508260785,-0.03220548602940998,-0.17331623352113779,0.06369695173321178
2019-11-11,0.08089971924275315,0.750154314277531,-0.0008206116723065822,-0.00861428394040853,-0.14974876826809047,0.09734591973528826
2019-11-12,0.14082443160915584,0.7442512231163867,-0.0007980102122789429,0.04542993872487744,-0.09572714706283214,0.1591100499231614
2019-11-13,0.15656436974453075,0.7383477945990021,-0.000774760717910651,0.05528969783723625,-0.08589063744484171,0.17494942630417734
2019-11-14,0.1258326152593464,0.7324536316713668,-0.0007565627778318971,0.018681978364495255,-0.12251655485766144,0.1466091478330591
2019-11-15,0.09056128340585275,0.726574752640571,-0.0007368769695521209,-0.022448546711514417,-0.16366676574195083,0.11082767056023914
2019-11-16,0.061540288746286954,0.7253017257101461,-0.0007195896452783913,-0.0527252809772315,-0.19396078733194166,0.07821174723213056
2019-11-17,0.04036545118688496,0.7247841890914828,-0.00070271863436582,-0.07440078414438411,-0.2156531615100069,0.05275497636279314
2019-11-18,0.025847519462039014,0.728985602330331,-0.0006862535851490589,-0.08470083758116509,-0.2259696799960046,0.03424269380318584
2019-11-19,0.01626537353678643,0.733534541503225,-0.0006701844135862537,-0.0897179751619609,-0.23100288674836322,0.02169295196028192
2019-11-20,0.01010123455688433,0.7382199994428977,-0.0006506035076019464,-0.091177075296206,-0.23248156778859264,0.013498527233943586
2019-11-21,0.006208490490006039,0.7429820670325061,-0.0006321347640015197,-0.09028928302987538,-0.23161224426586247,0.008286931045336196
2019-11-22,0.0037841933738156637,0.7477894225569687,-0.0006130850138532126,-0.08788717487145503,-0.22922918585759033,0.00503502690036443
2019-11-23,0.002290752403944657,0.7480369105521674,-0.0005932311581892233,-0.08911327399046332,-0.23047513883226267,0.0030530027307265188
2019-11-24,0.001378749891599992,0.7475659838217689,-0.0005750591810370676,-0.09047803125605425,-0.23185806807500575,0.001840923408011649
2019-11-25,0.0006569456276902016,0.7424071836861025,-0.0005573530994247437,-0.09634092957401807,-0.2377386724745819,0.0008841035406955788
2019-11-26,0.0003783185200496735,0.7369265702821794,-0.0005386926905037796,-0.10208150967666074,-0.24349791298614554,0.0005131100116049166
2019-11-27,-7.066440101866565e-17,0.7313368576836472,-0.000524637963294332,-0.10803548606803337,-0.24946594410472755,-9.662360139003525e-17
2019-11-28,-3.8378079863585656e-17,0.7256922255521011,-0.0005092073897122546,-0.11366468762599724,-0.25511057623627353,-5.288478849885419e-17
2019-11-29,-7.310110450206792e-17,0.720014775045528,-0.0004936108449430354,-0.1193265415878012,-0.26078802674284673,-1.0152722837867542e-16
2019-11-30,-1.949362786721811e-17,0.7143228935095118,-0.00047760068972063315,-0.12500241296859482,-0.2664799082788628,-2.7289658562453082e-17
2019-12-01,-2.9240441800827164e-17,0.7086253169221268,-0.00046203383942267155,-0.13068442270568192,-0.2721774848662478,-4.126361435664102e-17
2019-12-02,2.9240441800827164e-17,0.7029346232058571,-0.0004976191663446817,-0.1364107017488737,-0.27786817858251756,4.159766902286159e-17
2019-12-03,0.02569742583456181,0.6972571996738026,-0.0012088057483725391,-0.11710188602839422,-0.2578481762800102,0.03554500507758975
2019-12-04,0.03829658501474488,0.6915980556241299,-0.0032211767519977983,-0.11217424190150915,-0.2509081611494999,0.05246864805203116
2019-12-05,0.032957599273933574,0.6859606422493559,-0.006529920521598308,-0.12645938478669483,-0.2618845602650851,0.045843320381050455
2019-12-06,0.02447360491311097,0.6803535742763752,-0.011710902378224964,-0.14573142897712477,-0.2759756225988884,0.03472284502600242
2019-12-07,0.01693337485500246,0.6747790173457249,-0.01912014357685201,-0.16625545716451073,-0.2890904095876473,0.024480369364394124
2019-12-08,0.028369671137235878,0.6692387312802527,-0.028480072754259712,-0.1697193761251572,-0.2831943993708861,0.04066704334254542
2019-12-09,0.04563557633406805,0.666479810399838,-0.038731120778043526,-0.16546343983252365,-0.2686874150544687,0.0640845250421763
2019-12-10,0.045714028502820005,0.6639169413592368,-0.04816240815182088,-0.17737914407815003,-0.2711718319263178,0.0644194383338515
2019-12-11,0.03566105339415961,0.6614351011104399,-0.056181915489777634,-0.19793346677356416,-0.28370664728377515,0.05115657741578363
2019-12-12,0.02529419183770137,0.659008973589443,-0.06347594997891057,-0.21802049034015236,-0.29649963636123033,0.03696342953771469
2019-12-13,0.017039945049874942,0.6566266064783373,-0.07073874126972625,-0.23591989552990011,-0.30713625026016245,0.025294331462976508
2019-12-14,0.01111241114080369,0.6561146341548875,-0.07803800835280264,-0.24965866884549748,-0.31357575649268343,0.016654617373729308
2019-12-15,0.007086358274207492,0.6571197720142606,-0.08514181965012009,-0.2597833951500381,-0.31659667149990656,0.010668914288896807
2019-12-16,0.013011309386971434,0.6555185992604429,-0.09217964865522871,-0.2624974457962004,-0.3122728931409603,0.019462568867406733
2019-12-17,0.1268751501813565,0.653819606087944,-0.09889599831194953,-0.15704894783103507,-0.20010804551907413,0.1625156940820939
2019-12-18,0.24706925457266046,0.6521149852694917,-0.10439181947243684,-0.04405528541867065,-0.08161856194622241,0.2747704459500228
2019-12-19,0.25407642249731033,0.6504182004098347,-0.10814531519270956,-0.042498398073950616,-0.07630817888122965,0.2809042929195984
2019-12-20,0.23443885935678094,0.6487337437008225,-0.11031704188826708,-0.06599214461904968,-0.09763019873077117,0.2654507833974216
2019-12-21,0.1938052537143899,0.6452298394795362,-0.11134771678538341,-0.11116032937984333,-0.14176770859444854,0.23098587328050615
2019-12-22,0.1404292913685731,0.6411727961254522,-0.11183923558387043,-0.16908485387823124,-0.19920071429434938,0.17966852138127967
2019-12-23,0.09564371530115542,0.6416547470491275,-0.11274357312584848,-0.2142928165639516,-0.2435043394380917,0.12972184289693536
2019-12-24,0.06278950379694911,0.6469863958600326,-0.1147143685270114,-0.2437861746584158,-0.2710269021313929,0.08846384306271012
2019-12-25,0.04452871649478365,0.6526780918784929,-0.11782328640257167,-0.2594641838176812,-0.2835959934150981,0.0638673001468217
2019-12-26,0.04029081690505523,0.662167868754032,-0.12135941121120342,-0.2577484313405023,-0.27834411612928744,0.05735684920352585
2019-12-27,0.03400374708339413,0.6719474213157384,-0.12426936572510928,-0.2571659031143628,-0.2748516333892421,0.04816727927585071
2019-12-28,0.024745455291067843,0.6818320996373091,-0.12622499933450115,-0.2584951501945103,-0.2742252468599977,0.03502156998685897
2019-12-29,0.016882109565376544,0.69085146646027,-0.12794746875124743,-0.259061598513987,-0.2730692257627282,0.02385376381346754
2019-12-30,0.011090929368664088,0.6952540478963178,-0.13049495220999002,-0.26299768073339425,-0.27445782452339273,0.015701859184458218
2019-12-31,0.007078293663620514,0.6952436027572795,-0.13429944237163693,-0.270825251739123,-0.2784809053674746,0.01007841802981251
2020-01-01,0.004090302811115188,0.6958035356851647,-0.1393588285241274,-0.2783126958162335,-0.2809089632920947,0.005844176053761514
2020-01-02,0.0023257376002217365,0.6926157815673929,-0.14542606602004654,-0.28933225264081797,-0.28586128262076005,0.0033466666418311758
2020-01-03,0.001439410444699637,0.6891444162744801,-0.1521620387951419,-0.30042591786434825,-0.2902189750691949,0.002084338481452682
2020-01-04,0.030750024690632954,0.6855624160033866,-0.15917498172943179,-0.2817102468237983,-0.2644903610943551,0.04292822928056356
2020-01-05,0.045149119692091386,0.6819163722763613,-0.1656731277489925,-0.27745534156892604,-0.25373730981992204,0.06209773423554313
2020-01-06,0.03873522340630842,0.6782309372075002,-0.17094337986142133,-0.2928249250359989,-0.26383664117456607,0.054026571314253445
2020-01-07,0.028724049073626797,0.6740631538584129,-0.17531148164260082,-0.3113719844989472,-0.278015598856335,0.04087161654877834
2020-01-08,0.024141315800789678,0.668937777017122,-0.17969923541632626,-0.32546784838680065,-0.28772370897046295,0.034831978126242766
2020-01-09,0.019541116884024226,0.6637436470183595,-0.18434139305153044,-0.3399043349375327,-0.29751803788599085,0.028598789137958783
2020-01-10,0.013958041075994576,0.6617386482089384,-0.18856587124422836,-0.35171688774768145,-0.30510611250344166,0.020657258348810173
2020-01-11,0.009438604489370152,0.659920482201856,-0.19242924539503675,-0.3619178644921967,-0.3114437150971485,0.014100958180798043
2020-01-12,0.006166499149028053,0.6581633923953827,-0.1963646975743899,-0.3708825118183653,-0.31647291024396396,0.009282284641283254
2020-01-13,0.089594313380573,0.6564429624621785,-0.2005896128247591,-0.29340004277039367,-0.23476552594562317,0.12009361499981878
2020-01-14,0.1601063399390268,0.6552073117840819,-0.2045825219296114,-0.22811657599488888,-0.165489150065266,0.19637392260101763
2020-01-15,0.15606922359321654,0.6540201329693206,-0.20731978971918702,-0.23607813894503593,-0.17071344522583753,0.19265680054786444
2020-01-16,0.12096871888465056,0.652859110321218,-0.2085501261705658,-0.2735700027530833,-0.20697497258250608,0.15632510788451903
2020-01-17,0.08556893644891028,0.6485092368342974,-0.20890581827690358,-0.313675350782082,-0.24672462850516697,0.11656651779496208
2020-01-18,0.057561501677270005,0.6439841059914563,-0.20907704413943212,-0.3463791422590919,-0.27925719411964833,0.08204955037570538
2020-01-19,0.03740644864922572,0.6439943723971948,-0.20942852678412543,-0.366875411526091,-0.2994019807419541,0.05489639503483574
2020-01-20,0.023844416040860197,0.6474738901270116,-0.2100821638465411,-0.3776115634670554,-0.30948449562050284,0.035518793129555436
2020-01-21,0.014954308793703838,0.6507657173075759,-0.21098436984441427,-0.38411204953152056,-0.31508277568709486,0.022463360282673477
2020-01-22,0.009262824284511221,0.6541335024799493,-0.21205513425135503,-0.38750651327528063,-0.31740647502391417,0.013962730739990962
2020-01-23,0.005667290544925548,0.657550067589288,-0.21313710358182572,-0.3887674512359982,-0.3175854436541611,0.008545148095744914
2020-01-24,0.0034486909267711415,0.660996103229158,-0.21425812373133102,-0.38866103536378793,-0.3163580076324455,0.005190334783421927
2020-01-25,0.0020848301050645306,0.6644593083019528,-0.21576084232480686,-0.3880644097061756,-0.31425866338135733,0.003127820027113424
2020-01-26,0.001253376396849971,0.6633532222724566,-0.2178706776300265,-0.39211178474910596,-0.31619620311906804,0.0018858921945095267
2020-01-27,0.0007499672151441801,0.6587670362765214,-0.22057501236374494,-0.3999057146604654,-0.321285798296709,0.0011371461405447411
2020-01-28,0.00016551435252183747,0.6539085105188822,-0.2238946615777032,-0.4086683424946852,-0.32672877691697055,0.00025305140737606703
2020-01-29,9.746813933609056e-17,0.648949496815481,-0.2278614512142031,-0.4177596601871081,-0.33185330497289356,1.5019372048885977e-16
2020-01-30,5.848088360165433e-17,0.6439388710327152,-0.23249249721028922,-0.42740133196596,-0.33686393075565935,9.081744592909225e-17
2020-01-31,2.436703483402264e-17,0.6389017298154815,-0.2377242835795901,-0.4376702595524946,-0.3419010719728931,3.813894014821337e-17
2020-02-01,5.848088360165433e-17,0.6338533460847049,-0.24340658059814319,-0.44840094030182426,-0.34694945570366964,9.226248305367348e-17
2020-02-02,0.0,0.6288039219289746,-0.2496053069311593,-0.45964909079057076,-0.35199887985940004,0.0
2020-02-03,5.117077315144754e-17,0.6237606944845856,-0.25632716961109314,-0.4714141809148936,-0.35704210730378905,8.20359051218032e-17
2020-02-04,5.848088360165433e-17,0.6187231508122256,-0.2632147160417171,-0.48333927101787744,-0.3620796509761489,9.451866076917251e-17
2020-02-05,4.507901444294188e-17,0.6136977780993744,-0.2699897039634499,-0.49513963165246155,-0.3671050236890002,7.345474605196038e-17
2020-02-06,-4.386066270124075e-17,0.6086913228813368,-0.2766275975309511,-0.5067839804380004,-0.3721114789070379,-7.205731551029733e-17
2020-02-07,1.4011045029563017e-17,0.6037063276876299,-0.28314764241626095,-0.5182890205170172,-0.37709647410074476,2.3208378622151234e-17
2020-02-08,1.1757094307415923e-16,0.5987448458495238,-0.28940007175186055,-0.5295029316907227,-0.3820579559388507,1.9636234681460133e-16
2020-02-09,4.051019541156264e-17,0.5938032733638825,-0.29504186273685395,-0.5400862951613575,-0.38699952842449215,6.822157645254003e-17
2020-02-10,8.558920985450451e-17,0.5888883206353149,-0.2996424524618391,-0.5496018376149101,-0.3919144811530596,1.4534030792488401e-16
2020-02-11,-2.0940420560488206e-17,0.5840034808522493,-0.3032202974010909,-0.5580645223372277,-0.39679932093612535,-3.585667080259416e-17
2020-02-12,3.875881478286726e-17,0.579150861825159,-0.3062053281215329,-0.56590217208476,-0.4016519399632157,6.692352086073255e-17
2020-02-13,3.6550552251033956e-18,0.5743277101808839,-0.3090458686497362,-0.5735658642572383,-0.40647509160749073,6.364058638146225e-18
2020-02-14,-1.0721495326969961e-16,0.5695346952329537,-0.31194593019001315,-0.5812589407454456,-0.411268106555421,-1.8825008233404653e-16
2020-02-15,-7.797451146887244e-17,0.5647723774525641,-0.3148880347432143,-0.5889633630790363,-0.4160304243358106,-1.3806360682967648e-16
2020-02-16,-4.873406966804528e-17,0.5600465064217198,-0.31779745135250376,-0.5965986507191701,-0.4207562953666548,-8.701789781605763e-17
2020-02-17,-7.797451146887244e-17,0.5553462758076712,-0.3202686266195823,-0.6037700566002973,-0.4254565259807036,-1.4040701246347563e-16
2020-02-18,-4.873406966804528e-18,0.5506808631605505,-0.3220747676651644,-0.610241610293,-0.4301219386278241,-8.849784499200384e-18
2020-02-19,1.949362786721811e-17,0.5460469859611565,-0.3234624752816741,-0.6162631951089037,-0.4347558158272181,3.569954302175162e-17
2020-02-20,3.167714528422943e-17,0.5414448636898156,-0.32450545111268847,-0.621908293211259,-0.43935793809855905,5.850484030517413e-17
2020-02-21,-4.386066270124075e-17,0.5368752584608074,-0.325332486445416,-0.6273049337729947,-0.44392754332756723,-8.169618921718784e-17
2020-02-22,0.02998033014032199,0.5323383015929966,-0.32614648452158307,-0.6026755585766506,-0.4184841700550561,0.05331555536032863
2020-02-23,0.04467934918386905,0.5278340903051381,-0.32662024862376643,-0.5929545149231454,-0.4082893622993675,0.07804069931309786
2020-02-24,0.038450532486255774,0.5233685595865533,-0.32621847749026794,-0.603247091205845,-0.41898370971556564,0.0684393482328877
2020-02-25,0.02855253906529615,0.51893641605581,-0.3250722884001406,-0.6164310390674205,-0.43331384666726847,0.052151808357449404
2020-02-26,0.01975560399750285,0.5145318034486412,-0.32333280060087466,-0.6278930989431166,-0.44651539434223053,0.036975612230752804
2020-02-27,0.013111062899893956,0.5101547647213092,-0.3211195335760969,-0.6367014117432799,-0.45753697416717154,0.02505621847980712
2020-02-28,0.008465107863672267,0.509019342635034,-0.3187414284425282,-0.640104683732208,-0.46331835128966836,0.016358187875045012
2020-02-29,0.005359670337184983,0.5081085465762498,-0.31668970298952154,-0.6420691918644728,-0.46733458487493984,0.01043817350449281
2020-03-01,0.003344270006527455,0.5072876098160327,-0.31525017530380745,-0.6434660012696334,-0.47017092196581445,0.006549277745231178
2020-03-02,0.002063218279668039,0.5065259161583159,-0.3144508293271841,-0.6447094006775862,-0.4722136673503907,0.004056748640428579
2020-03-03,0.0012614252928399962,0.505808591423836,-0.31401583037742525,-0.6457935194491353,-0.4737327850716986,0.0024876747811038765
2020-03-04,0.07785782047556108,0.5051326141493233,-0.3135503745308922,-0.5694076456943938,-0.3978123671634902,0.13354905304005102
2020-03-05,0.11535150554085064,0.5044919984996072,-0.312525964037067,-0.5315301657849952,-0.3609592977479168,0.18609778885949496
2020-03-06,0.09914986688688257,0.5006678394054235,-0.3103758095211908,-0.5494058090172709,-0.3809850954960686,0.16530000006129258
2020-03-07,0.07358632909185477,0.4966738961491359,-0.30710398243121473,-0.5756914629786102,-0.410542576547384,0.12903991166621756
2020-03-08,0.050800124565007446,0.4926423949053814,-0.3031674794392518,-0.598572665757249,-0.43736028231798574,0.09347837672789135
2020-03-09,0.033714161742584334,0.4886018933935653,-0.2990811210515127,-0.6156127717037492,-0.458486746652225,0.06454743523783933
2020-03-10,0.021767420220871754,0.4891494682379896,-0.2953067206023445,-0.6232375379318691,-0.46988591332951324,0.042604620658619016
2020-03-11,0.01378200943847558,0.4899767649119903,-0.2920893110368289,-0.6271782424747491,-0.47704402743790875,0.02735835113987992
2020-03-12,0.008599551445356622,0.49090194535483694,-0.289470748731001,-0.6288169577191935,-0.4813013049881811,0.01721626761970754
2020-03-13,0.005305418433432574,0.4918845262641471,-0.28751047095243415,-0.6291682320432406,-0.483612857090795,0.010670807988000729
2020-03-14,0.0032436650387316383,0.4929055986170372,-0.2860078858837798,-0.628706328016397,-0.4846535381326058,0.006537679840198476
2020-03-15,0.00196853907053805,0.49395421294270864,-0.2846195426933327,-0.6275444964684721,-0.48488004977512794,0.003969446980495599
2020-03-16,0.001187358419869852,0.4950173751287786,-0.28320897232696396,-0.6258519445667017,-0.48459806823972623,0.0023928800746787758
2020-03-17,0.009278271921731125,0.4915120958695508,-0.281889522046191,-0.6199468600432951,-0.4800124339970927,0.01852725714883977
2020-03-18,0.013191136673304304,0.48775047693683854,-0.2804178212757514,-0.6183239134539946,-0.47986118817823176,0.02633268292134797
2020-03-19,0.010985866424644572,0.48391620456201095,-0.27833042654467377,-0.6222760613464043,-0.48590073080171914,0.02219806112902848
2020-03-20,0.008157868304370371,0.4800506733869816,-0.2757520892824117,-0.6263912533794458,-0.4925942600970227,0.016709802487494818
2020-03-21,0.0056444582850008465,0.4761731998709557,-0.2731536345312266,-0.6301836821636562,-0.49898514363241814,0.011714926154022
2020-03-22,0.0037460179713982794,0.4722948538881612,-0.2709587097397784,-0.6337655436686049,-0.5047619299288151,0.007869109971093871
2020-03-23,0.002418602246763567,0.46934536247197406,-0.26927712465677184,-0.6363608657264204,-0.509038837069637,0.005126721046202673
2020-03-24,0.0015313343820528994,0.4664616655906979,-0.26817140834896064,-0.6390261141645959,-0.5128098018156239,0.0032721309552537375
2020-03-25,0.0009555057161507391,0.46360464586733413,-0.2676365085930366,-0.6419240627979379,-0.5162426502048898,0.0020567965480763535
2020-03-26,0.0005894909370481674,0.4607664355108817,-0.26737755309920846,-0.6448693324396646,-0.5194468753404448,0.0012777356987408272
2020-03-27,0.09458430195325192,0.4579501087247065,-0.2671482131280356,-0.5534615082384633,-0.42826839111041626,0.17118264514457518
2020-03-28,0.14063953828412432,0.4551552700604071,-0.2666703444196633,-0.5097232418635179,-0.3850079934438432,0.23605364852859947
2020-03-29,0.1209764593844086,0.4523814543500221,-0.2655454524022922,-0.5310352444562476,-0.40744488805394397,0.21099640640949235
2020-03-30,0.11551313977265883,0.4487116524810237,-0.26381268177944645,-0.53843559531415,-0.41657800953469215,0.204728933146069
2020-03-31,0.10043291596476017,0.44500656342946254,-0.2614411077660051,-0.5548493341601684,-0.4353633223941519,0.18413209853511742
2020-04-01,0.0741637969593144,0.44130873500503603,-0.2583266706822792,-0.5817018445063149,-0.46533026982402426,0.14387536165446638
2020-04-02,0.05107822962750986,0.4422078108782097,-0.25480491206499933,-0.6003665773476659,-0.4875167612826551,0.10354687834900858
2020-04-03,0.033778053057583766,0.44339278159510886,-0.25139305260606637,-0.6130699237417598,-0.503631967135682,0.07078817606731774
2020-04-04,0.021748616791852853,0.4446754976722854,-0.24833188646997778,-0.6207554777942256,-0.5143786873242364,0.04662841417802601
2020-04-05,0.01374020704781931,0.44876668132891057,-0.24557413297928568,-0.6219149503909419,-0.5182959134116447,0.02970811331274136
2020-04-06,0.00855848263794163,0.4530598112522718,-0.2429375408958232,-0.6201669527939959,-0.5191845078981612,0.018540172153526244
2020-04-07,0.0052725093457764265,0.4574306369596614,-0.24030606623120704,-0.6164506257141553,-0.5180996554829368,0.011395015114714515
2020-04-08,0.024634210186453228,0.4618452572371852,-0.2377607500862986,-0.5901289884510462,-0.4943233343647362,0.05063771821021409
2020-04-09,0.05956325685001703,0.46170632865242306,-0.23514259715257763,-0.5527207174385236,-0.4595332162859346,0.11426574368923777
2020-04-10,0.06693761873160398,0.4613121584361037,-0.2320364618288343,-0.5426343904495127,-0.45255302462066693,0.1267158484959526
2020-04-11,0.05374805617481595,0.46084469870203787,-0.22840436948196224,-0.5526593203934944,-0.4662100469115208,0.10444775148005783
2020-04-12,0.03882223839568321,0.4575888740666801,-0.2246896436486483,-0.567126236974671,-0.48439168932601134,0.07820582058107456
2020-04-13,0.03072319353427706,0.4541477455576381,-0.22133561334548593,-0.5753123800419568,-0.4959318626964595,0.0633636521747759
2020-04-14,0.027950228005987943,0.45293588566925214,-0.21829837542364822,-0.5762599675367942,-0.49991668811313456,0.058122343754895264
2020-04-15,0.02724274438262941,0.4545802509045531,-0.21507795480949757,-0.5721026653107011,-0.4989798065011921,0.0565409800883244
2020-04-16,0.027220303275927164,0.45641483801329186,-0.21133430303655568,-0.5665468675357227,-0.4971676604991556,0.05628272421099593
2020-04-17,0.023117105167204333,0.4583122850471359,-0.20703861864357923,-0.5644569342176251,-0.4993734115740344,0.04801764420097456
2020-04-18,0.0169365963701655,0.46024252630006185,-0.20258799389237764,-0.5642565770105363,-0.5036236791181473,0.03549316297701938
2020-04-19,0.011611511491826444,0.46264917378216963,-0.19870065986597654,-0.5632876803803666,-0.5065421165143786,0.024483394581016324
2020-04-20,0.007656207916084175,0.4655520565113707,-0.19597407688775592,-0.5616135182486871,-0.5075945373609198,0.016179362220876656
2020-04-21,0.004919422773197673,0.4666621306613097,-0.19477103555188457,-0.5620371879057633,-0.5092212483538673,0.010431754035690619
2020-04-22,0.003103178948593337,0.46538418271646353,-0.1948731662063217,-0.5652335103296509,-0.5123154401233178,0.006623826387897188
2020-04-23,0.0018602385759073734,0.4639410434059286,-0.19556212708867107,-0.5686085508952211,-0.5150015198065386,0.003993631292710598
2020-04-24,0.0010620652215588525,0.4624410286736401,-0.19622796730126763,-0.5715725791944548,-0.5172997078931757,0.0022913875560860706
2020-04-25,0.0006502767201428912,0.46091076978683093,-0.19663320378341326,-0.5739198630648255,-0.5192417552814008,0.0014088639521556028
2020-04-26,0.0003951125466305097,0.4589053948526011,-0.19670978891571234,-0.5762569873048669,-0.521502294389143,0.0008602484435904865
2020-04-27,0.0002385538408708325,0.45640390793316443,-0.19660313335617263,-0.5788083773705235,-0.5241603400143393,0.0005224083628667856
2020-04-28,0.00012919055917428186,0.4534001504190161,-0.19648662838559572,-0.5818049931957914,-0.5272734608101843,0.000284856011511049
2020-04-29,6.322620251488711e-05,0.4498914320816052,-0.19635328770782667,-0.5852463352120927,-0.5308481435042546,0.000140516830642441
2020-04-30,2.364490750314657e-05,0.44633758675434426,-0.1962598624945861,-0.5887463366211247,-0.5344415701265273,5.2972583248581465e-05
2020-05-01,2.1930331350620375e-17,0.44277278356188715,-0.19634626467861707,-0.592421186905116,-0.5380300182264874,4.9529537868614577e-17
2020-05-02,6.300439569068947e-17,0.4392070240897065,-0.1965673659788103,-0.5962080476774898,-0.5415957776986681,1.4345033716450999e-16
2020-05-03,1.2374703533686136e-16,0.43564212227849863,-0.19661019313798267,-0.59981577664787,-0.5451606795098759,2.840566350417142e-16
2020-05-04,0.017131617223041185,0.4320868288644326,-0.19592067656933612,-0.5855499362702484,-0.5315843557009008,0.0381364954450362
2020-05-05,0.025531056676496685,0.4285444565552664,-0.19422144502895436,-0.5789936375855773,-0.5267272885566116,0.05622645558397567
2020-05-06,0.021971732849289043,0.42502089883799704,-0.1915347102683776,-0.5833897843694775,-0.5338101701010886,0.0491545750236446
2020-05-07,0.016315736608740687,0.42151915590823646,-0.18802061942782902,-0.5890334326992379,-0.5429679092713975,0.03726458737664002
2020-05-08,0.011288916570001722,0.4180322133613212,-0.1838818594466871,-0.5934084353037503,-0.5514816718570518,0.0262948077393898
2020-05-09,0.007492035942796465,0.4145588245783478,-0.17930984303865455,-0.5961066883058963,-0.5587519412672304,0.017751500218588283
2020-05-10,0.004837204493527038,0.41295268993919393,-0.17447913695599518,-0.5955369483116603,-0.5630129073556537,0.011578079216336815
2020-05-11,0.0030626687641057003,0.41147609627380627,-0.16951197896412554,-0.5938209197145996,-0.5662640367504627,0.007388135977646388
2020-05-12,0.0019110114323013512,0.41005270106014047,-0.16450013578843198,-0.5913841290843762,-0.5688390892959329,0.004638785830770015
2020-05-13,0.009744790485616672,0.40866557843297224,-0.15950568105053903,-0.5799430179203362,-0.5623924328697858,0.023290031054447262
2020-05-14,0.017769247097059987,0.4073067174713333,-0.15455883817580002,-0.5683305793957929,-0.5557268372199814,0.04180252138015434
2020-05-15,0.039220605249356215,0.4059714602202572,-0.1496915295461123,-0.543347169864885,-0.5356107363187612,0.08809816771550978
2020-05-16,0.08009171423503328,0.4046567817496489,-0.14491821113847297,-0.4990174209421769,-0.4960543058036925,0.1652232341068762
2020-05-17,0.1012572099491181,0.4015270085546739,-0.1402604410174625,-0.4763239283020566,-0.4780185832845827,0.2013929757987311
2020-05-18,0.09014925571078752,0.3983045656457159,-0.13574542948921847,-0.4861393139211011,-0.4923489804318712,0.18456044720958603
2020-05-19,0.07607883841093346,0.39598203514929636,-0.1313822590930766,-0.4981690913212328,-0.5087419282281448,0.16116319456250514
2020-05-20,0.0596858443687374,0.3941723532595301,-0.12716774585641913,-0.5121572540165377,-0.5269446041601071,0.13150769266841156
2020-05-21,0.042204304261824685,0.39470570295156787,-0.12310413685510713,-0.5250418354301006,-0.5438927945749821,0.0965972478657637
2020-05-22,0.028346883998777245,0.3990706928677863,-0.11918191813631923,-0.5306120470581417,-0.5533852249218111,0.06632128750200397
2020-05-23,0.018441616168784005,0.40509256274157623,-0.11539282320610256,-0.5307063500841285,-0.5572686228780144,0.04354221474221829
2020-05-24,0.05028383868019918,0.4112998628803162,-0.11173628815867177,-0.4890002923865424,-0.5192191002278592,0.1089376390678447
2020-05-25,0.10762605521023176,0.4185046252945983,-0.10820593812547154,-0.4209229634090276,-0.4546721212835446,0.20456145060189798
2020-05-26,0.11781318365103528,0.42489080962774245,-0.1047873932477172,-0.40093110575732555,-0.4380988085095969,0.21708552933111858
2020-05-27,0.09442745519571594,0.4308022697001294,-0.10148158707895627,-0.41509956797149705,-0.45557307689252935,0.17978315148564983
2020-05-28,0.0678562508223302,0.43439389946038687,-0.09828482501180787,-0.4348823805174769,-0.4785526515056576,0.1351044908281936
2020-05-29,0.04607254749040947,0.4341674565740405,-0.09520984430541013,-0.45381754602934626,-0.5005627977239246,0.09593650487356394
2020-05-30,0.030140429675880258,0.4364162343139965,-0.09225068354848046,-0.4645417253469898,-0.5142461377984979,0.06460186297228462
2020-05-31,0.057733018140726046,0.4433113106663245,-0.0894006196641029,-0.42720399664543846,-0.4797584729813241,0.11522536993519933
2020-06-01,0.3221718417849398,0.44955329655569626,-0.0866536773544263,-0.15377624480217633,-0.2090776634477386,0.41746967382412076
2020-06-02,0.43777991680746137,0.45580630979200404,-0.08400450339517693,-0.029265982584097627,-0.08721657518890924,0.4899134563358581
2020-06-03,0.3717455182704102,0.46206461772840596,-0.08144826521782095,-0.08648583500739093,-0.1469926657895585,0.44583952895355305
2020-06-04,0.27433641614164866,0.46831606147576194,-0.0789805688455382,-0.17517579701651365,-0.23815032417096405,0.36940079567468637
2020-06-05,0.20626646368094326,0.47455264742028774,-0.07659739228840928,-0.23462598697556447,-0.2999836906871437,0.30296808699642025
2020-06-06,0.15076040130738108,0.48076885472341785,-0.07429503131422892,-0.28161348107181605,-0.34927354575757574,0.23872275095364495
2020-06-07,0.10269312995139486,0.48696066436099555,-0.07207005514699176,-0.3212639666229874,-0.39114900747598425,0.174158346714529
2020-06-08,0.06723562680039054,0.4935834211756686,-0.06991927014509672,-0.3479479279574236,-0.41998375381231545,0.11988827241698959
2020-06-09,0.042894711604190915,0.5002037531034824,-0.06783968990591267,-0.3635889309866254,-0.43770433708070133,0.07898146356808301
2020-06-10,0.02698160396315552,0.506800515759955,-0.06582851055562128,-0.37089409662089684,-0.44702068206526413,0.050547972601914286
2020-06-11,0.016748232679829306,0.5152013675473587,-0.0638830902310353,-0.37078119579223345,-0.4488532015611867,0.03148462311594252
2020-06-12,0.04026931534772232,0.5236789568228541,-0.0620009319570978,-0.33690036557490743,-0.41685452961779823,0.07140604437483254
2020-06-13,0.0552307569016392,0.5280284787945818,-0.06017966928075741,-0.3157681393729226,-0.3975435660921537,0.09469332592001174
2020-06-14,0.048626343459353696,0.5275257932065562,-0.058417054147201476,-0.3211126232696776,-0.4046506651224647,0.08439844333607041
2020-06-15,0.036200917568365305,0.5261858595336243,-0.05671094660461801,-0.33317187529101444,-0.41841602468638506,0.06437014354233336
2020-06-16,0.024295636183977596,0.5246653082040329,-0.05505930600384293,-0.3449460674042185,-0.4318418574003642,0.04425749487709498
2020-06-17,0.016197149469032206,0.5230418562219167,-0.05346018342359422,-0.35306888352103144,-0.4415637960974258,0.030037050914516358
2020-06-18,0.05760838939278135,0.5227244236860495,-0.05191171510358212,-0.31042660781313736,-0.40046998870954376,0.09926784785294568
2020-06-19,0.14540042584310928,0.5228982737015649,-0.05041211670930865,-0.2209611229530205,-0.3125041022437004,0.2175680215181828
2020-06-20,0.18378804646212638,0.5230877673900975,-0.048959678285748945,-0.1809315702219111,-0.27392698793615067,0.26000047371906293
2020-06-21,0.24220241669487858,0.5232698148015414,-0.0475527597839959,-0.12092823407596198,-0.21533057029195468,0.3164091481429674
2020-06-22,0.24539079413223952,0.5234405609677093,-0.046189787066644616,-0.11620613775508182,-0.21197144668842582,0.31917375963463207
2020-06-23,0.19376874351982357,0.523599373890494,-0.044869248315189805,-0.16634883669325828,-0.26343468437805706,0.27011061520175206
2020-06-24,0.13812316858054013,0.5283305439794229,-0.04358969077684399,-0.21598368400526713,-0.31434908922841165,0.20725095528387913
2020-06-25,0.14041946166299266,0.534700035361697,-0.042349717799625555,-0.20607792656332202,-0.305683304763685,0.20799201072081822
2020-06-26,0.19541162695386582,0.5425984101925091,-0.04114798611381211,-0.14198565475582325,-0.24279276464199973,0.264781801219742
2020-06-27,0.3106244340124662,0.5552160349075043,-0.039983203325348035,-0.012990440193763608,-0.11496233286840418,0.358754811264403
2020-06-28,0.40533824466212925,0.5686101750250236,-0.03885412559288659,0.09624658830588018,-0.006854382101221801,0.41618040182490373
2020-06-29,0.3940500732988053,0.5821260960793372,-0.037759555465051095,0.09956890812470542,-0.00462663241023209,0.4036669667421083
2020-06-30,0.3507848361951402,0.595683114856947,-0.03669833985854824,0.07092190540515297,-0.03433485073628739,0.370625160424302
2020-07-01,0.2801608844521063,0.6092441384430345,-0.035669368160984385,0.01488794894577028,-0.09139777889323386,0.3149980911285417
2020-07-02,0.2727323190858236,0.6227863534098405,-0.03467157044492361,0.021999396262354365,-0.08528412929271056,0.3045523532477143
2020-07-03,0.2433842349369172,0.6390445397621134,-0.0337039157818651,0.009877153128779348,-0.09837402708934406,0.27581176171405797
2020-07-04,0.18124277995353427,0.655421455440452,-0.032765410646610635,-0.03494888104101035,-0.14413856639438827,0.2166254660905719
2020-07-05,0.12537542606082666,0.6731682924638661,-0.03185509740390844,-0.07215908466760179,-0.1822590832636819,0.15700508707583025
2020-07-06,0.0957381143730184,0.6950848013194537,-0.03097205287047422,-0.0789968429663882,-0.18997988609590255,0.12106138109210804
2020-07-07,0.07690608433031328,0.7172163987514318,-0.030115386946437478,-0.07484060965307837,-0.1866803187066295,0.09684410902442205
2020-07-08,0.09952902041077981,0.7393650420059594,-0.029284241311081417,-0.029237884682728255,-0.1419087393716354,0.11864313370397483
2020-07-09,0.10694290097284528,0.756892780712524,-0.028477788178386837,-0.003489812281403659,-0.11696712010300536,0.123800050449637
2020-07-10,0.0867154934598581,0.7694964854274857,-0.02769522910845729,-0.010330956009499626,-0.12459082290103085,0.10127806617766055
2020-07-11,0.062372787868393245,0.7770758531495625,-0.02693579387133623,-0.026334858641766545,-0.14135416077041885,0.07430208927702474
2020-07-12,0.04206685699104327,0.7837052884731985,-0.026198739360121195,-0.039274299684265435,-0.15503065632413282,0.05094245091954955
2020-07-13,0.031651513075672204,0.7863960479782147,-0.025483348550593254,-0.0462834932850924,-0.16275524073448777,0.03869153162060126
2020-07-14,0.03244771699615226,0.793269006626943,-0.02478892950483677,-0.03791991167012765,-0.15508607816527942,0.03929642705282456
2020-07-15,0.029159305863062788,0.7960831019124599,-0.024114814416573843,-0.03772011242943718,-0.15556039401285193,0.03533423099482125
2020-07-16,0.0346940290017561,0.7985838727030633,-0.02346035869610147,-0.02903016277966808,-0.14752490008355523,0.041635604317329086
2020-07-17,0.04691060387319224,0.8009337897379193,-0.02282494009290981,-0.01382825227018436,-0.13295840817726312,0.05532926115533077
2020-07-18,0.14833830070611348,0.8031723749658534,-0.022207957854190837,0.09045501202938999,-0.029292126116407746,0.15589767356141895
2020-07-19,0.20116451883648562,0.8043988790285457,-0.02160883191756177,0.14510686015908347,0.024760596076656705,0.20005155245665207
2020-07-20,0.22285791915412848,0.8059536947751573,-0.021027002136468315,0.16893690600443145,0.04800881214091113,0.2166168384345692
2020-07-21,0.20116384898878284,0.8028712686448487,-0.020461927536782606,0.14472548430846288,0.023232315845256868,0.20035539141588746
2020-07-22,0.15544868339983087,0.8003751677809188,-0.01991308560323886,0.09706305978912466,-0.024978950607625006,0.16263319146912036
2020-07-23,0.11567109163424016,0.7991767595358182,-0.019379971594403307,0.056620173787269024,-0.06595495061831624,0.12643751798323719
2020-07-24,0.08176250252273831,0.8025769363574653,-0.018862097884949084,0.02662963520686845,-0.09646336290817104,0.0924560173707397
2020-07-25,0.05478106806182794,0.8075941948627567,-0.018358993334067805,0.005168563802130821,-0.11842753886378998,0.06352346874613284
2020-07-26,0.0355629030724643,0.8168700114278172,-0.017870202678921948,-0.004284993967026418,-0.12836988728809307,0.04171929833717437
2020-07-27,0.022596235230697738,0.8255134818913068,-0.017395285952066963,-0.008133274618448483,-0.1326930846663701,0.02664305664056808
2020-07-28,0.014119987401865099,0.834635448258244,-0.01693381792185697,-0.0070260880501339384,-0.1320473661282655,0.01663610836363416
2020-07-29,0.008699135023691917,0.8428709398033631,-0.01648538755486098,-0.003763018516191985,-0.1292327269613196,0.010215407141283845
2020-07-30,0.0053265728074538546,0.8496708656298185,-0.016049597499385226,0.00010013514950113489,-0.12580536335110226,0.006229928381059873
2020-07-31,0.003194273298029904,0.8517683264807799,-0.015626063589217802,0.000488830401205953,-0.1258402020095648,0.0037361555919011016
2020-08-01,0.001886778670150494,0.8521593046496694,-0.015214414366773291,-1.603683533946132e-05,-0.12675671846855474,0.0022092234915664856
2020-08-02,0.0007958958625974549,0.8477490208328026,-0.01481429062482191,-0.005117079717807949,-0.13225788509297465,0.0009379537216450683
2020-08-03,0.00043542162089023036,0.8429467721584375,-0.014425344966051943,-0.009890856975110274,-0.13742060800904687,0.0005162803105185774
2020-08-04,0.0001055456516711843,0.837527432507071,-0.014047241379723583,-0.015261969009367493,-0.1431698236296325,0.00012600465170699385
2020-08-05,6.322620251485884e-05,0.8315325138227877,-0.01367965483471976,-0.02093162059780329,-0.14920706176307208,7.602997402672492e-05
2020-08-06,2.3644907503107105e-05,0.8254426804390259,-0.01332227088831737,-0.026703651330174494,-0.15533647644184567,2.8644302955884994e-05
2020-08-07,3.898725573443622e-17,0.8192996098880644,-0.012974785310040602,-0.03252288121036229,-0.16150319190031026,4.7586078723707436e-17
2020-08-08,0.06424356458640422,0.8131242839057066,-0.012636903719973142,0.025883238983751555,-0.10343495329626384,0.07322306680922545
2020-08-09,0.09574146253686215,0.8069347851594939,-0.012308341240952304,0.05152020066701768,-0.07812655409201863,0.10606400997167685
2020-08-10,0.08239399818483387,0.8007424167688398,-0.011988822164063329,0.032299887001224326,-0.09766638683470097,0.09329702273589972
2020-08-11,0.0997301510346201,0.7945543078310257,-0.011678079626904203,0.043758673450355445,-0.08651834292272886,0.11151949477140943
2020-08-12,0.10406121896538383,0.7883689099994288,-0.011375855304102575,0.04220656787232391,-0.08837267282356209,0.1166043319112177
2020-08-13,0.08391429786551137,0.7821941251439885,-0.011081899109573079,0.01617881811154076,-0.11469437877887478,0.0968865971467304
2020-08-14,0.0817573789615167,0.7806179246411266,-0.010795968910066317,0.012731628904190884,-0.1184274981857314,0.09480487047804892
2020-08-15,0.07287782514570584,0.7793337630257505,-0.010517830249518523,0.002846052133551824,-0.12859121361691828,0.08551611613505021
2020-08-16,0.05431026894653428,0.7781538068253847,-0.010247256083799042,-0.016630886100266196,-0.1483387260164557,0.06524037556356291
2020-08-17,0.03757257188492125,0.7811564778571659,-0.009984026525409601,-0.03010268257170856,-0.1620737520462875,0.04589133840646942
2020-08-18,0.024914505754064505,0.7849069070164926,-0.009727928597756397,-0.038754221615585394,-0.17098138901781756,0.03076543218192653
2020-08-19,0.04176836290221043,0.7887924661456266,-0.009478755998587718,-0.017765632739136783,-0.15024197274053763,0.050289348403408436
2020-08-20,0.04846301805633686,0.7950368520759689,-0.009236308872257033,-0.0045841445283373305,-0.13730293165606888,0.057454683482921313
2020-08-21,0.03929623264213095,0.7968732465846452,-0.00900039359042661,-0.011678620152036467,-0.14463332256159844,0.04699553573573269
2020-08-22,0.02838151596456642,0.7984969599636115,-0.008770822540904888,-0.020740052401113096,-0.15392432586019678,0.03432368454470645
2020-08-23,0.04052466621805545,0.8000687120909074,-0.008547413924272218,-0.006801741403695605,-0.1402094234794119,0.04820959486925732
2020-08-24,0.07445541897821646,0.797493439757362,-0.00832999155799291,0.024771161389199436,-0.10885394305279616,0.08538966274488276
2020-08-25,0.08876483246831386,0.7969462689359922,-0.008118384687717379,0.038745010928202595,-0.09509170038406856,0.10021871954362557
2020-08-26,0.08512401003390929,0.7964493278785276,-0.007912427805486916,0.03481320431856383,-0.09922946387593778,0.09655919294869184
2020-08-27,0.07376240746996196,0.793655548289668,-0.007711960474571196,0.020858289496672677,-0.11338484602874466,0.08503675417390397
2020-08-28,0.05653384517279725,0.790717977772536,-0.007516827160671849,0.0008872899962754088,-0.13355097884304135,0.06672614167564317
2020-08-29,0.03953404999807336,0.790027707714815,-0.007326877069251317,-0.016612825144748933,-0.15124104407548622,0.04765654832868526
2020-08-30,0.02641903391756809,0.7926569974139117,-0.007141963988733438,-0.026913638445639765,-0.16172677045689487,0.03225467832897227
2020-08-31,0.017131070128180586,0.7964241700029716,-0.006961946139360057,-0.03225441179659394,-0.16724756165722243,0.02105704601622246
2020-09-01,0.010878430733733332,0.7984838044276874,-0.006786686027471104,-0.036272156654436505,-0.17144056662695395,0.013440744157730214
2020-09-02,0.11387485465659355,0.8009441918090711,-0.0066160503050070405,0.0693552903722715,-0.06598375532271006,0.1244780102650252
2020-09-03,0.1636880097736517,0.8034250920049321,-0.006449909634020812,0.1218154863561769,-0.013689700009790862,0.16925425730725685
2020-09-04,0.1398463460848788,0.8059102315192394,-0.006288138556017804,0.10062073325971421,-0.035046224184256514,0.14786716729917024
2020-09-05,0.10350689003474674,0.8060966827239315,-0.006130615365921743,0.06462525160437049,-0.07119922902969633,0.11379340751798867
2020-09-06,0.07148188105508271,0.8029308395600667,-0.005977221990506635,0.029587792836256677,-0.10639008117322524,0.08174844597960013
2020-09-07,0.0644428108030801,0.7986089555444081,-0.005827843871106667,0.018376216687995495,-0.11775103544088639,0.07466853474596061
2020-09-08,0.055956001522729844,0.7978153469928002,-0.00568236985044962,0.009241272876694406,-0.1270314532728446,0.0655397977690651
2020-09-09,0.041200283734967515,0.7967211890955659,-0.005540692063458233,-0.006466925021310854,-0.14288132895784122,0.04916962396940521
2020-09-10,0.041131915885408876,0.7956321262289183,-0.00540270583185883,-0.007486369505917745,-0.14403875967404745,0.04915593143973677
2020-09-11,0.08063488884807779,0.7945487128438108,-0.005268309562462177,0.031067586341040343,-0.10561920009648607,0.09213482598645122
2020-09-12,0.09658647190833682,0.7934747827937318,-0.005137404648975441,0.046076144264707075,-0.090741547086306,0.10851665702566429
2020-09-13,0.08112018528484324,0.794243252696785,-0.005009895377205456,0.03150583681603669,-0.10543936380674646,0.0926702918640129
2020-09-14,0.05946073984226678,0.795124222997798,-0.00488568883353783,0.010851568218140817,-0.12621783894830996,0.06957850000620107
2020-09-15,0.04938660495340113,0.7914570255058515,-0.004764694816558557,-0.00276877014569199,-0.13995917132912206,0.05873458888714792
2020-09-16,0.04399875957531947,0.7889096067449795,-0.004646825751705182,-0.010586165219792276,-0.14789443546807568,0.052825450379015086
2020-09-17,0.03435246683941617,0.7909572069803004,-0.004531996608833262,-0.01807002857750284,-0.1554931279686581,0.04162372976973033
2020-09-18,0.05865072069743312,0.7937294725728699,-0.0044201248225942584,0.009112362659322693,-0.12842260851807163,0.06880816935974259
2020-09-19,0.0674767953941691,0.7966079587034046,-0.004311130215513992,0.020925918093673612,-0.11671804769080096,0.07809048252985323
2020-09-20,0.054635856375627886,0.7976997529128385,-0.004204934923674001,0.009282968576406203,-0.12846719249990834,0.06410134198339801
2020-09-21,0.03944253552619889,0.7996237409388136,-0.004101463324904834,-0.0038828926482783466,-0.14173652532336212,0.04700765199665794
2020-09-22,0.026790198145644616,0.8020408944477407,-0.00400064196939411,-0.014017255164394782,-0.15197170919498926,0.032322868175491536
2020-09-23,0.017592995526096087,0.8031161670448731,-0.0039023995126214275,-0.022040942730038315,-0.1600936392174055,0.021436333756752433
2020-09-24,0.019840173422983807,0.8031949932700722,-0.003806666650537286,-0.019619205745867396,-0.15776763509531866,0.02410610655034505
2020-09-25,0.019822048931552167,0.8027313055136515,-0.0037133760569019736,-0.020007727400084496,-0.15824944734317103,0.02409819232324663
2020-09-26,0.01523046437340659,0.8022035172261177,-0.0036224623227108137,-0.025036186511572578,-0.16336882018885035,0.018632042117461504
2020-09-27,0.08356649724550284,0.801647285877776,-0.003533861897624076,0.04283221543726867,-0.09558901866509584,0.09440261645120024
2020-09-28,0.12002110931865746,0.8001579249103253,-0.0034475130333339967,0.07788381540726275,-0.060623767559391806,0.1304323450699168
2020-09-29,0.10447042411359131,0.7981446022526741,-0.003363355728797294,0.06040396484908206,-0.0781877754221092,0.1157419509557323
2020-09-30,0.07780477580701227,0.7969958858312614,-0.0032813316772687022,0.03267162417261882,-0.10600214015010101,0.08894000567089673
2020-10-01,0.053904814316838565,0.7922200402423945,-0.0032013842150663643,0.0040757645557806255,-0.13467794722914161,0.06370787245685967
2020-10-02,0.03580804687556123,0.7872367417511815,-0.003123458272016544,-0.018926375433659826,-0.15775801316163185,0.043506802266869656
2020-10-03,0.023020619020237238,0.7867809580065009,-0.003042591806170151,-0.032088720567818085,-0.17100122476163648,0.02842748109328162
2020-10-04,0.014586050597356619,0.7870321488605428,-0.0029686612334757037,-0.04019816756396233,-0.17918460233047517,0.018195757789956052
2020-10-05,0.009106192341700747,0.787378740388197,-0.0028920116588807367,-0.0452547847173691,-0.1843178690584769,0.011432975022502803
2020-10-06,0.005620354536302867,0.7877701006768815,-0.0028161854606288577,-0.048273436035830675,-0.18741234657519035,0.007083970445286836
2020-10-07,0.0034373694840162685,0.7872733991918022,-0.0027434455848494204,-0.050880382697417015,-0.19009203311255618,0.004347189415129298
2020-10-08,0.002086669217110594,0.786738121764345,-0.002671604610189282,-0.05269451941711978,-0.191978010806919,0.0026452885874876735
2020-10-09,0.0012307573449069794,0.7861988152186257,-0.002606952461485401,-0.0540250856863389,-0.193373229224842,0.0015630062519752235
2020-10-10,0.0007388463718583739,0.7810765656796066,-0.002543920711552942,-0.05957621444847405,-0.19898738973690966,0.0009450394050427563
2020-10-11,0.00044154472256451895,0.7752227945747961,-0.00247915308904643,-0.06566251958007185,-0.20513846249101397,0.0005692471603947842
2020-10-12,0.004306549213263343,0.769266295839158,-0.0024156713839643498,-0.06769053211992915,-0.20722995673595335,0.0055670894354771586
2020-10-13,0.062060520144007744,0.7632684361259969,-0.0023537710859033445,-0.01587252060428468,-0.15547384551836996,0.07519489007690258
2020-10-14,0.09275177171669644,0.7572489438423851,-0.0022952482230682207,0.008857761547627185,-0.13080208622929312,0.10911963957076161
2020-10-15,0.23605438508886883,0.7512284469218151,-0.0022366440244544483,0.14619848219784337,0.006480030222309252,0.23909499632250708
2020-10-16,0.2996866250332198,0.7452153507398644,-0.002178876890341426,0.20387539309435665,0.06409917398470955,0.2868083628720223
2020-10-17,0.25743495027799956,0.7392163828755101,-0.002126484928813214,0.15567714243631037,0.015848531365134977,0.25829991062516144
2020-10-18,0.19259090715240573,0.7336966525694627,-0.0020753952428400795,0.08536445869064235,-0.05451524206650615,0.20791697473539858
2020-10-19,0.13361064142739582,0.7328110857659839,-0.0020255741067702893,0.025548447298223254,-0.11438107459499502,0.1542097078523226
2020-10-20,0.08879244338715517,0.7326912773605855,-0.001975721434755125,-0.01933970647540051,-0.15931908104063397,0.1080878916338518
2020-10-21,0.06594009598169288,0.7372986439641035,-0.0019283686313222488,-0.03753733447391194,-0.17756406184257822,0.08209277354593555
2020-10-22,0.0491108060098127,0.7431734210233991,-0.0018789894088268773,-0.04844246816400122,-0.18851857475516287,0.06198634824993685
2020-10-23,0.03367236054343026,0.7496955758457413,-0.0018306305460087193,-0.057310399945223245,-0.19743486539920307,0.042984093398867516
2020-10-24,0.022157768710390224,0.7563377786630014,-0.0017831293338555487,-0.06213528774884991,-0.20230725441498298,0.02846229343912052
2020-10-25,0.014205513370868394,0.7625816822526864,-0.0017376181770052401,-0.06379812834183651,-0.20401560616481984,0.0182875225684753
2020-10-26,0.008942414906838659,0.7642428481733934,-0.0016961215480712128,-0.06735856425622522,-0.2076175387081426,0.011565682034876963
2020-10-27,0.03551954449603317,0.7660919700662596,-0.0016556473210849,-0.03889183854717815,-0.1791912872260818,0.04431017250972007
2020-10-28,0.08216378153494366,0.763300495883606,-0.00161439658243695,0.005002175047726709,-0.13533852436982496,0.09718184875393408
2020-10-29,0.09146449517219447,0.7592784567906763,-0.0015714735773808737,0.01032377259710382,-0.1300598498255039,0.10751131697437358
2020-10-30,0.07745527111670057,0.7546318269531592,-0.0015300354801080125,-0.008290643198634262,-0.14871570371851484,0.09308553310869583
2020-10-31,0.059153893518137206,0.7498848660375576,-0.001489216228594011,-0.03129816246128536,-0.17176404223267994,0.07311626645752195
2020-11-01,0.041400555815612625,0.7450917029040286,-0.001449693780465481,-0.05380514084921029,-0.1943105430687334,0.052639495629632854
2020-11-02,0.0276600426147694,0.743488247318995,-0.001411077425014895,-0.06911049327963659,-0.20965451185461026,0.03586864287431044
2020-11-03,0.022218375362523142,0.7448219671530438,-0.001373795839881157,-0.07318115911270029,-0.21376245927280768,0.02896637129887627
2020-11-04,0.017772670504568388,0.7463816922924473,-0.001337786298642285,-0.07603112929001266,-0.21664843899135888,0.02325795856156014
2020-11-05,0.029719092703016363,0.7484865957365554,-0.0013060477154406465,-0.06194806506425499,-0.20259711334880293,0.03818925143377961
2020-11-06,0.03399504706074048,0.7506691793773549,-0.0012724041151602563,-0.05545588346545094,-0.19613857535027923,0.043324323851308466
2020-11-07,0.027478886727843706,0.7528873197471305,-0.0012387966702985438,-0.059720295983710425,-0.2004365953134004,0.035212809703754046
2020-11-08,0.10976113823411825,0.7551263657012516,-0.0012033805453007436,0.02483641760168298,-0.1159152978530048,0.1269079940855757
2020-11-09,0.6914500996081664,0.7546271880289112,-0.0011749005919428253,0.6060546812567487,0.4652744858487029,0.47815570130280605
2020-11-10,0.9476605909829496,0.7503015641494867,-0.0011437851131460193,0.8579706642309042,0.7171593533440616,0.5581164386487959
2020-11-11,0.9921433937841672,0.747541702016186,-0.0011132041505015529,0.8997241858614655,0.7588822940119785,0.570300565417976
2020-11-12,0.8716261037569717,0.7443440355979298,-0.0010828526387600679,0.7760395809277554,0.6351673375665269,0.5393825557351738
2020-11-13,0.6483040803367143,0.7411077746759981,-0.0010536031087147364,0.5495105461156116,0.4086090532243377,0.4666032451053058
2020-11-14,0.4484166659020625,0.7424411803127964,-0.0010287414407805042,0.35098139898569225,0.21005504442648426,0.37654928111474817
2020-11-15,0.2974219125753646,0.7486270988609172,-0.00100448295641072,0.20619682269148498,0.06524620964790706,0.2843288501052052
2020-11-16,0.19191686745694345,0.7560865959103077,-0.000978696617064197,0.10817706096180091,-0.03279933842112348,0.20244321341956525
2020-11-17,0.12144872002721205,0.7683109574092245,-0.0009528274034063348,0.049959144244644205,-0.09104312435193807,0.1364960933913396
2020-11-18,0.1228441707128442,0.7790542303549293,-0.0009279520008560841,0.0621227432785314,-0.07890440072060112,0.13620621853570958
2020-11-19,0.12548089120472333,0.7898091122270126,-0.0009030528642869721,0.07553924477906293,-0.0655127983566387,0.13709413490178246
2020-11-20,0.10167684792542582,0.8005857089935646,-0.0008796457724420392,0.06253520535816237,-0.07854024486938416,0.11269097575391779
2020-11-21,0.073139667805068,0.806781188983223,-0.0008561589366843184,0.0402169920632206,-0.10088194500008363,0.0831207343715293
2020-11-22,0.049626270578855824,0.808107300418844,-0.000833821540928444,0.01805204366838531,-0.12306923079067478,0.05785744228377521
2020-11-23,0.032205671601977105,0.8076794077136793,-0.0008120720094139666,0.00022530151785637997,-0.14091772247271828,0.03834533127820117
2020-11-24,0.018821260736609974,0.8070179231750748,-0.0007897244510461735,-0.01379824632774751,-0.15496361787668989,0.022790467082781
2020-11-25,0.3330754953027091,0.8071582774786372,-0.0007671781389969046,0.3006188888539634,0.15943097099297165,0.2921115855832314
2020-11-26,0.5069084500339943,0.8072768896249534,-0.0007460146930057809,0.4745916191775559,0.33338253787057315,0.3857206702408849
2020-11-27,0.4480815176397054,0.8073581070662995,-0.0007245175855255895,0.4158674013320933,0.27463682291763025,0.35691204007093197
2020-11-28,0.33595645815843855,0.8074075988508689,-0.0007035251242892837,0.3038128260966322,0.1625612552209329,0.2938315719292405
2020-11-29,0.23362525977364462,0.8074309416029944,-0.0006825738542093155,0.2015259217340437,0.06025339958826448,0.22441176515226613
2020-11-30,0.1640969627381041,0.8074326540594271,-0.0006621385433114302,0.13201977246583363,-0.009273184990843508,0.1689057748738732
2020-12-01,0.1390929063133853,0.8074163106582596,-0.0006422249609574308,0.10701928622230139,-0.03429358481672973,0.14695356771951243
2020-12-02,0.11737615726159745,0.8087599246044259,-0.0006227586054508572,0.08666561747218648,-0.05466671992235128,0.1267374844365229
2020-12-03,0.09148822617897905,0.8101669306534561,-0.0006019323346930783,0.06220551870935598,-0.07914764495593951,0.10146698045889549
2020-12-04,0.06648843500923732,0.8115832635020935,-0.0006396410949611001,0.03858435162798368,-0.10273110327704382,0.07572096347252825
2020-12-05,0.04524025852824337,0.8130015019478573,-0.0014826073321086337,0.017911447355605903,-0.12256104131227408,0.05271272106725128
2020-12-06,0.029661083649199897,0.8153333577046339,-0.004361490437727933,0.0017852451277198256,-0.1358083604345408,0.03510210505252257
2020-12-07,0.018976522408483146,0.8204644883746877,-0.009544764445955051,-0.008951459451170374,-0.14136179100520385,0.022606141664175634
2020-12-08,0.011930237880564356,0.8216433332843277,-0.016634128342863087,-0.02190826296635706,-0.1472292306234826,0.014312159470090006
2020-12-09,0.007402250937700131,0.820790069605375,-0.025164174486542363,-0.035819559731853357,-0.15261048124529952,0.008937840588579972
2020-12-10,0.0034905246242871862,0.8197766755887815,-0.034721704652035015,-0.05030221022735237,-0.15753560157530588,0.004239844151915451
2020-12-11,0.0020724465695697155,0.8187019633004797,-0.04499888503075864,-0.06307218094909528,-0.16002839191832519,0.002524989259713688
2020-12-12,0.0012630574852850573,0.817588764143059,-0.055814059916912726,-0.07580994407695463,-0.1619509801600305,0.0015424738053014025
2020-12-13,0.0007645156249394247,0.8155336827258015,-0.06721184459654461,-0.08976135203418978,-0.16450460343763373,0.000936564145901659
2020-12-14,0.00046010522343244544,0.8106563284417724,-0.07913882345619595,-0.10687009557937721,-0.16968636812316984,0.0005672492928707665
2020-12-15,0.00024741509668985617,0.8051280146861366,-0.09098193340703112,-0.12445420941259067,-0.17542737200554814,0.0003072046744169646
2020-12-16,6.322620251474676e-05,0.7990492481377083,-0.10210791471481664,-0.14184314616297966,-0.1816903274481516,7.912053001919244e-05
2020-12-17,2.3644907503143656e-05,0.7929034216882753,-0.11251480218713779,-0.1584354413797454,-0.18787573519259615,2.9819775991071635e-05
2020-12-18,4.873406966804528e-17,0.786731441775483,-0.12250350808539778,-0.17461977209830082,-0.1940713600128916,6.194498793395495e-17
2020-12-19,6.944604927696452e-17,0.780550650119977,-0.1322381908814157,-0.19053524654982468,-0.2002521516683975,8.897058668299114e-17
2020-12-20,2.9240441800827164e-17,0.7743719307663752,-0.141550991387115,-0.20602676640912587,-0.20643087102199942,3.7760203642568346e-17
2020-12-21,7.797451146887244e-17,0.7682017146081792,-0.15034318599226104,-0.2209891771724678,-0.21260108718019533,1.015026522150413e-16
2020-12-22,-2.436703483402264e-17,0.762046822625189,-0.1588053178389993,-0.23560620100219642,-0.21875597916318568,-3.197577118697273e-17
2020-12-23,0.02141452152880141,0.7559080758854975,-0.16694985838889487,-0.22847496676298207,-0.20348020437407577,0.02754907885096239
2020-12-24,0.04476253376290153,0.7497924624435268,-0.17410560130329022,-0.21839831088524797,-0.1862478055819463,0.05633660851246105
2020-12-25,0.0466129585689837,0.7437021684540323,-0.1793302302730483,-0.22786280903841838,-0.19048767476535866,0.058980218111940826
2020-12-26,0.06257089623245439,0.7376400578629617,-0.18264654190225782,-0.2212832935952278,-0.18059184769295855,0.0781930013732273
2020-12-27,0.06892743748956282,0.7316080134072158,-0.18459466218214032,-0.22290691707374788,-0.18026735089159607,0.08610166784287777
2020-12-28,0.057172095799054586,0.7256087826349378,-0.18517078162241773,-0.24123760897681146,-0.1980219233543823,0.07303716451713964
2020-12-29,0.04163207069943957,0.721934461794486,-0.18466012735436088,-0.2599413006488215,-0.21723626929444917,0.05452317372195824
2020-12-30,0.02846854833246501,0.7198099014075297,-0.18382985173874083,-0.27439910778713217,-0.23252435204837996,0.038045393853527405
2020-12-31,0.018746048920151245,0.7178432995919954,-0.1832431321399644,-0.2855014894162038,-0.244213453276228,0.025449796359419
2021-01-01,0.012035801642835972,0.7187068465851717,-0.18330996122831147,-0.2914150187886898,-0.2500601535603669,0.01647064349127812
2021-01-02,0.029003080270228125,0.7202494154649606,-0.18408442408040318,-0.2736796341336005,-0.23155030605318594,0.038709354236810975
2021-01-03,0.053765049656411774,0.7219095755968902,-0.18495092277473973,-0.24812400330982376,-0.20512817653507265,0.0693139209483028
2021-01-04,0.06018276434147455,0.7236374220543456,-0.1850681669955138,-0.24009568638807977,-0.19698261539255457,0.07678134014155506
2021-01-05,0.050520934472477075,0.723118923129968,-0.18405401840673352,-0.24926186659267457,-0.20716294418592962,0.06530291061921809
2021-01-06,0.03699316725955789,0.7211206027558231,-0.18242577349962646,-0.26315970927263144,-0.2226890317729936,0.04879632678193848
2021-01-07,0.025308979794844876,0.7190227001336015,-0.18138939070586135,-0.27590541656580103,-0.23647112185992825,0.034002287524934935
2021-01-08,0.15800006491902463,0.7164399047323667,-0.1817164381859218,-0.14612417432291647,-0.10636283213698328,0.18068714880681144
2021-01-09,0.22563412206124558,0.7151971550036967,-0.18300757744571797,-0.08102400616916172,-0.03997152472343235,0.23982421456602027
2021-01-10,0.19433393926112605,0.714487337546827,-0.1840558455722292,-0.11408227455266218,-0.07198152498042154,0.21383075442916988
2021-01-11,0.1442481662003808,0.7138257109933008,-0.18438694553575288,-0.16516077413045727,-0.12272892459469298,0.16810693115625705
2021-01-12,0.0997702486531846,0.7131909553599961,-0.1845438912498213,-0.21043039302502664,-0.16784159777519392,0.12272448938604824
2021-01-13,0.06619390200063,0.7125755501525353,-0.1851638871019138,-0.24524214073713457,-0.20203334963520936,0.08499807204508998
2021-01-14,0.04272742458064356,0.7165596525432489,-0.18653684447267843,-0.2660974731371719,-0.2215157246644821,0.056273082827237086
2021-01-15,0.027047445610646433,0.7189975021621872,-0.18871370531921852,-0.281516463334771,-0.23475785401554106,0.0362544451127122
2021-01-16,0.016874025581735598,0.7195796603922072,-0.19165509438791556,-0.2940491142023589,-0.24434911581443186,0.022912541417210906
2021-01-17,0.01033851424439272,0.7196075017716493,-0.19517936868781796,-0.304081058460162,-0.2508567857723326,0.014163395672489717
2021-01-18,0.006265109613701951,0.7195926951588052,-0.19920241061066835,-0.31219231162654726,-0.2549449970158675,0.008631318107360592
2021-01-19,0.0037891919092493415,0.719559456639744,-0.20380933575298935,-0.3193083929923821,-0.25745415323938137,0.005238403246968526
2021-01-20,0.002286187051458021,0.7195173354882626,-0.20919357480609135,-0.32623775805475685,-0.25899927924865407,0.003167325982857354
2021-01-21,0.0013721470920454463,0.7148824091596396,-0.21566397400992013,-0.3382571235466211,-0.26454824553668954,0.0019157254638995788
2021-01-22,0.0008198632426143642,0.7095125228961742,-0.22327322821004084,-0.3517885478596383,-0.27047041564958607,0.0011541966248659469
2021-01-23,2.3644907503224067e-05,0.7040341088665797,-0.23153718814879992,-0.36632714016310314,-0.2767450480142918,3.358376124185291e-05
2021-01-24,5.848088360165433e-17,0.6985131181866363,-0.23980953608706096,-0.3801441236888106,-0.28228968360173823,8.372195464771323e-17
2021-01-25,7.797451146887244e-17,0.6929725262206018,-0.24772738653588872,-0.3936025661036729,-0.28783027556777274,1.1252179346003384e-16
2021-01-26,9.746813933609055e-18,0.687429038839297,-0.25533583348486943,-0.40675450043395855,-0.2933737629490777,1.4178647370012554e-17
2021-01-27,5.848088360165433e-17,0.6818917953108705,-0.26278782348077895,-0.4197437339582944,-0.298911006477504,8.576270312065161e-17
2021-01-28,4.629736618464301e-17,0.6763717176926043,-0.2700903681098572,-0.432566356205639,-0.30443108409577035,6.844958914394484e-17
2021-01-29,1.4376550552073356e-16,0.6708696667569404,-0.27720945645032913,-0.4451874954817747,-0.30993313503143416,2.1429722141964206e-16
2021-01-30,1.1208836023650414e-16,0.6653935526682778,-0.28412495476025434,-0.4575791078803625,-0.3154092491200967,1.6845423251701406e-16
2021-01-31,-2.132115547976981e-17,0.6599439529656963,-0.2906468420342979,-0.4695505948569877,-0.32085884882267834,-3.2307524576830356e-17
2021-02-01,-6.091758708505659e-17,0.6545167474582437,-0.2963728138410946,-0.48070377217123705,-0.326286054330131,-9.307261780790868e-17
2021-02-02,8.635067969306772e-17,0.6491115229157214,-0.3010458906989102,-0.4907820735715748,-0.33169127887265315,1.3302903529611076e-16
2021-02-03,-5.577766567475495e-18,0.6437357493178458,-0.3047273644024421,-0.49983932087298233,-0.3370670524705288,-8.664683565245747e-18
2021-02-04,-4.302304587882122e-18,0.638389525286757,-0.3077369877714478,-0.508195168273077,-0.3424132765016177,-6.7393094928203566e-18
2021-02-05,-3.589763952046222e-17,0.6330692179967726,-0.31029142608842175,-0.5160699138800352,-0.347733583791602,-5.670413044888438e-17
2021-02-06,-3.0458793542528295e-17,0.6277816194176041,-0.3124483967023328,-0.5235144830731148,-0.3530211823707705,-4.8518135288486236e-17
2021-02-07,2.436703483402264e-17,0.6225274531666294,-0.3139770668846813,-0.530297319506438,-0.35827534862174526,3.9142104834211084e-17
2021-02-08,5.848088360165433e-17,0.6173108411118375,-0.3146290901158702,-0.5361659547924187,-0.363491960676537,9.473490453581618e-17
2021-02-09,2.9240441800827164e-17,0.6121345971922891,-0.3146432865484474,-0.5413563951445444,-0.3686682045960855,4.776799405710097e-17
2021-02-10,1.218351741701132e-17,0.6069932124483199,-0.31459663490328516,-0.5464511282433513,-0.3738095893400547,2.0071917061261435e-17
2021-02-11,1.608224299045494e-16,0.60188233020746,-0.3148390698600481,-0.5518044454409741,-0.3789204715809146,2.6719912154443256e-16
2021-02-12,1.644774851296528e-16,0.5968128285942667,-0.3152507914492999,-0.5572856686434192,-0.3839899731941079,2.755930791854176e-16
2021-02-13,1.0355989804459621e-16,0.5917748978328786,-0.3155682263306698,-0.5626410342861772,-0.3890279039554959,1.749988017806092e-16
2021-02-14,7.492863211461961e-17,0.5867669850186772,-0.3158733839049004,-0.5679541046746092,-0.39403581676969734,1.2769742338559584e-16
2021-02-15,0.08994099042096612,0.5817892711013751,-0.31634224228611807,-0.48345968655216287,-0.30907254026603337,0.1338945043463324
2021-02-16,0.30535421978201827,0.5768460072834412,-0.3165174001147642,-0.2731648788376908,-0.09860257472291523,0.34612802220392186
2021-02-17,0.3706621642237332,0.5719390278928186,-0.31545184605122234,-0.21169835972305662,-0.038201609671822845,0.3932332860638916
2021-02-18,0.3053749456887789,0.5670742301939741,-0.31274924500475054,-0.2791477749103837,-0.1083536259056217,0.35002032683427936
2021-02-19,0.22242417807991544,0.5622456975683705,-0.30884824771374453,-0.36302607785384466,-0.1961329261400887,0.2834621093312024
2021-02-20,0.1522223543996982,0.5574575191862298,-0.3047268177077712,-0.4338946499102293,-0.27112292820244666,0.2144943939730695
2021-02-21,0.10031568301898221,0.5572952916481303,-0.30131974940709744,-0.482556480528371,-0.32319182712126215,0.15254563394378073
2021-02-22,0.06445105594682528,0.5620328900490621,-0.2991949842621122,-0.5115587440546109,-0.35431885579248723,0.10287742624333485
2021-02-23,0.04065949766063945,0.5671637115825652,-0.2985031778582817,-0.5295276744034632,-0.37297959254517,0.06689362472891457
2021-02-24,0.02529976916201925,0.5724498141341592,-0.29904392701339116,-0.5401420495055989,-0.3830532184921962,0.04232503019493279
2021-02-25,0.015574094619481432,0.5778263313947924,-0.3005071929172869,-0.5459544726913991,-0.38740237577410075,0.02624550630017041
2021-02-26,0.009504773446142515,0.58325945743833,-0.3027236483187513,-0.5488071232226649,-0.38803857090390215,0.0160346609173099
2021-02-27,0.005759782757710423,0.588728179007639,-0.305514709270156,-0.5498744532931927,-0.3863148400230253,0.009688644898050719
2021-02-28,0.0034697814616230158,0.5896318742364415,-0.3084340551678598,-0.5541801052581814,-0.38770114609031014,0.005850230611039481
2021-03-01,0.0020797948580331743,0.5856884982544571,-0.31111124312981153,-0.5621906558057073,-0.3930345086758843,0.0035384604484528254
2021-03-02,0.0009457963001244207,0.5813925246125852,-0.31340698865135513,-0.5699163735270316,-0.3984644808756651,0.0016241354315169518
2021-03-03,3.898725573443622e-17,0.5769738667551438,-0.31512704396338515,-0.5770008829966273,-0.4038289350332308,6.757196119418288e-17
2021-03-04,0.017131617223041056,0.572492363027708,-0.31618124662804786,-0.5654049721656849,-0.3911788215376256,0.029055156840390894
2021-03-05,0.0255310566764966,0.5679765225881627,-0.316336599136108,-0.5616767256598348,-0.3872952225237154,0.04301723780533507
2021-03-06,0.02625463715504932,0.56344510730534,-0.3152617486689862,-0.5644097099969829,-0.39110305732798534,0.04452204261861075
2021-03-07,0.02269850077786485,0.5589060588580487,-0.31298048735865147,-0.570223633511124,-0.39919824215246114,0.039027377625915086
2021-03-08,0.016781849782323943,0.5543650142406249,-0.30998241409016386,-0.5776832558556011,-0.40965593776542575,0.0293827224474608
2021-03-09,0.011570970094981805,0.5498277882129005,-0.3072860409113767,-0.5847349883918805,-0.41940404348049243,0.02061096488680877
2021-03-10,0.007659433636027484,0.5471370030533431,-0.30525383637606424,-0.5893051054750797,-0.426006365099004,0.013805845044235541
2021-03-11,0.2062321801205381,0.5445731761656357,-0.30370137604362873,-0.39174372554584097,-0.2299974455022008,0.2746812850945239
2021-03-12,0.30311022850451813,0.5425214766120655,-0.30212355693972315,-0.29533955761152564,-0.13517109667179106,0.35844236524070444
2021-03-13,0.26011251004426883,0.5405343197796465,-0.2998149183276998,-0.33801579429217055,-0.18015597196445932,0.32487796161195676
2021-03-14,0.19290847246382972,0.5385915192054442,-0.29677743683727204,-0.4041251509563842,-0.24930281011910072,0.2637163016551989
2021-03-15,0.1333769682928296,0.5366849617835935,-0.2933933253592511,-0.46217910107121407,-0.3107408717119515,0.19905170299350905
2021-03-16,0.08847548336775966,0.5348102342129386,-0.2899543107687925,-0.5055162989764803,-0.35751708420767636,0.14195012154486683
2021-03-17,0.057104841260686115,0.5357102050788081,-0.2868128534496564,-0.5328455128985483,-0.3879877554488804,0.09632825889507404
2021-03-18,0.03614690196491343,0.536795875475743,-0.2840973958792205,-0.5500023242269501,-0.4078600243477182,0.06308989900593939
2021-03-19,0.022493965624553792,0.5374920500866343,-0.2818492925416696,-0.5607109826188676,-0.42081678607718664,0.04016879885113957
2021-03-20,0.013876681928132642,0.5382025328724642,-0.2799999293408986,-0.5667684203286878,-0.4287235869877778,0.025135309492034946
2021-03-21,0.008469569823354799,0.5389331055137645,-0.2781938372297583,-0.5696388676810251,-0.43340012645125536,0.01547228430723104
2021-03-22,0.005140074239738177,0.5396799633981036,-0.2761142126205054,-0.5701418807710497,-0.43598276415053283,0.009434444191927717
2021-03-23,0.0031003247629934174,0.5404397050101364,-0.2736795706317424,-0.5689872466469987,-0.4372627720152449,0.005703949282792426
2021-03-24,0.0018603208655497627,0.5366256959129698,-0.27094582411356166,-0.5713075131234282,-0.44231678500985505,0.003454724556598684
2021-03-25,0.0011113106526462442,0.5325456910769506,-0.26816202170412434,-0.5733527257629136,-0.4471458000587778,0.0020824436839476596
2021-03-26,1.4696367884269904e-17,0.5283903776659388,-0.2656243829338746,-0.5760817110563219,-0.4524124241224359,2.7813466152029935e-17
2021-03-27,5.1551508070729143e-17,0.5242019524027123,-0.2631959235873347,-0.5778416769730085,-0.45660084938566237,9.834283873694022e-17
2021-03-28,-1.218351741701132e-18,0.5200003482492063,-0.26073875553743986,-0.5795861130766197,-0.4608024535391684,-2.3429825495371513e-18
2021-03-29,0.01713161722304116,0.5157971219902228,-0.2584830143394512,-0.5644019809145734,-0.44787406257511075,0.032146168826120564
2021-03-30,0.03409686528801711,0.5115979830827597,-0.2563208234771507,-0.5494736808947599,-0.4351079534175978,0.06248339230215659
2021-03-31,0.03902016549329759,0.5074098766198905,-0.25365797261472345,-0.5460756362899215,-0.4343727596751866,0.07140926099596646
2021-04-01,0.03796727150826957,0.5032365501193865,-0.25009886947444404,-0.547742753635174,-0.4395989801607185,0.07015336919477769
2021-04-02,0.05701990809037999,0.4990808135100563,-0.24562448475369975,-0.5283714689416494,-0.4247020801879383,0.10253521686912921
2021-04-03,0.061004946607049505,0.4949448269942512,-0.2403739766953537,-0.5232719088824391,-0.42485302818707393,0.10973103957192938
2021-04-04,0.04844198503354437,0.49266326076154776,-0.23484504915924256,-0.5325875091525365,-0.43969755599328253,0.0895241460140798
2021-04-05,0.03465011405217975,0.49143086301094024,-0.22982774258756006,-0.5425944713128261,-0.4547218247252547,0.06586460176837448
2021-04-06,0.023458030778437652,0.4907699027248863,-0.22600743504357068,-0.5506272073286328,-0.4665748682850507,0.045617962872267846
2021-04-07,0.015347509818849735,0.4906509331031953,-0.22360968855469232,-0.5564589514210334,-0.47480435886632966,0.03033114040869529
2021-04-08,0.009809532179491891,0.4933575958410407,-0.2222731129594835,-0.5579536907273369,-0.477635673767842,0.01949557439907242
2021-04-09,0.006164361826069845,0.4962716545733807,-0.22157681092262385,-0.5579885003115593,-0.4783667853889241,0.012268948930542046
2021-04-10,0.033804380360591864,0.49926579617776895,-0.2211185862298104,-0.5268961154798356,-0.4477326252500138,0.06341450309621519
2021-04-11,0.04702764278333835,0.5004738488164088,-0.2204388268143641,-0.511785041003003,-0.4333013101886275,0.08589500394953822
2021-04-12,0.03988082402422496,0.5006844316775859,-0.21914180075242506,-0.5174242508390002,-0.44023754608656374,0.07377615117428894
2021-04-13,0.029361554222152843,0.5003677732668647,-0.21733021077924322,-0.5264485890786118,-0.4510734742993572,0.05542746587456322
2021-04-14,0.024497520645734596,0.49954485894673023,-0.2152785066322204,-0.5300838328281416,-0.45676042219590984,0.046747212820432066
2021-04-15,0.019754959746591232,0.49592545492518386,-0.21295594573594223,-0.5361232368525533,-0.4651223871165996,0.03830853215390204
2021-04-16,0.014099910521013243,0.495329379218613,-0.21029525115421777,-0.5397136672029776,-0.47137351204874844,0.02767785599493078
2021-04-17,0.02228731740665093,0.4948636025547409,-0.2075433404836754,-0.5292401263106696,-0.4636518818269828,0.043096350690654865
2021-04-18,0.025314791656400416,0.4944243718349934,-0.20474880888912628,-0.5238573511861185,-0.4610636382969808,0.048706723361668695
2021-04-19,0.02041502690233409,0.4940031627769245,-0.20184790957671278,-0.5262774256858402,-0.4663846121091161,0.03968566297211015
2021-04-20,0.014707528872777322,0.4940523530420893,-0.19911880282576705,-0.5292066266992865,-0.472042919873508,0.028908586143666114
2021-04-21,0.05282694064800626,0.4941383893071809,-0.1968596351056382,-0.48874201093883707,-0.43383747183318744,0.09658188143722815
2021-04-22,0.07038617200303007,0.49424236596228716,-0.19491843936837933,-0.4691376071914482,-0.41617426382305744,0.12465925342114678
2021-04-23,0.05912905002697361,0.49252897350421515,-0.19291251772019952,-0.48010219997739684,-0.4291447782571859,0.10718424731409833
2021-04-24,0.043432061060715524,0.4907200056280579,-0.1909198088748523,-0.4956154479744649,-0.4466507350996012,0.08131029302189603
2021-04-25,0.02976491328092673,0.48889068926378865,-0.18917592656489202,-0.5093680298085628,-0.4621471992436593,0.05738858914256225
2021-04-26,0.01968029061922281,0.48705138500742196,-0.18774762889738597,-0.5198636590591272,-0.47407112616172986,0.03883769569937654
2021-04-27,0.01267320336861786,0.4893351997542332,-0.18671588038819342,-0.5235551830537285,-0.47879439866552365,0.025245002453706908
2021-04-28,0.008008406662857011,0.4918675556723767,-0.18614771399585708,-0.5251194574490095,-0.4809268394531409,0.01602078768789907
2021-04-29,0.004975421650731932,0.49447218231287055,-0.1859336849220845,-0.5253337867468681,-0.48135519782477215,0.009961849073350482
2021-04-30,0.003066198570275393,0.4957377823502697,-0.18580942933154257,-0.5258531541993835,-0.4819988208678295,0.006147101241286625
2021-05-01,0.0018729708551380015,0.4969432651355636,-0.18559907234579923,-0.5256305421434837,-0.48198656579767307,0.0037548313787703486
2021-05-02,0.0010936328169655726,0.49813727136243097,-0.18527353269080127,-0.5248903342997908,-0.4815718976089781,0.002190635250762802
2021-05-03,0.0006596435665944815,0.499326184872441,-0.18466150778111978,-0.5235233851304704,-0.48081697334933915,0.0013193245269648947
2021-05-04,0.00039581295011702027,0.49592714318308884,-0.18337387111119743,-0.5258986207663776,-0.4844798456551688,0.0007974907169330886
2021-05-05,0.00023644907503111005,0.49225096985227934,-0.1812319370872121,-0.5275922239482878,-0.4883153828610642,0.0004801119093481029
2021-05-06,1.0721495326969961e-16,0.48849582646600603,-0.1782865287521052,-0.5286384080744851,-0.4923069753223685,2.194797733387812e-16
2021-05-07,-5.848088360165433e-17,0.484703816634256,-0.17470381086644785,-0.528847700020578,-0.4960989851541187,-1.2065282259946053e-16
2021-05-08,-7.797451146887244e-17,0.48089215701169524,-0.17064471968370576,-0.5286002684603966,-0.49991064477667946,-1.6214552541969638e-16
2021-05-09,0.004282904305760163,0.4770718793606634,-0.1662573488483728,-0.5237502709703352,-0.49944801812195105,0.008897604118811861
2021-05-10,0.006382764169124079,0.4732509826433472,-0.16167568380489625,-0.5208896427808111,-0.5011690549759034,0.013307579401037502
2021-05-11,0.005492933212322178,0.46943565768118095,-0.1570041562360976,-0.5209232711309806,-0.5058742108948715,0.011565808666073549
2021-05-12,0.051190881515548195,0.46562942477113367,-0.15230350493741066,-0.47433090443911485,-0.4639824955016928,0.09904967140968422
2021-05-13,0.09873006083742766,0.4618354045673261,-0.14763230814010372,-0.4259145485237361,-0.42023733638362093,0.17612583530478473
2021-05-14,0.10059185933598888,0.45805602539932094,-0.14303890555374527,-0.42323872660682155,-0.42215491705306485,0.18006308102938548
2021-05-15,0.08331808037711246,0.454751604741336,-0.1385359468962754,-0.43931396756621305,-0.4427331166699262,0.15484626374885097
2021-05-16,0.06266655684076614,0.4514927008668251,-0.13413861497660817,-0.45882706305740306,-0.46664354408078346,0.12188160750069658
2021-05-17,0.04350715976809062,0.44826133288103825,-0.12986478901250284,-0.47694400215176,-0.4890343091392458,0.08847081587866687
2021-05-18,0.028914045892103373,0.4496380870524349,-0.12573557203270996,-0.48603114487655774,-0.5022506688438364,0.06041984540784475
2021-05-19,0.01868057859734448,0.4540621287741633,-0.12174113338155312,-0.48784613179843145,-0.508060094416867,0.039515318387903196
2021-05-20,0.01183165685238317,0.4587545161460525,-0.11787664427784979,-0.48613817706780016,-0.510216628789939,0.025142380994739727
2021-05-21,0.007383982782257668,0.46401430041730896,-0.11414403125063377,-0.48159345383945323,-0.5094045185888081,0.01566400015744575
2021-05-22,0.004555961043073803,0.4689046917005868,-0.11053621377592682,-0.4759232668206523,-0.5073421490447141,0.009622681455517857
2021-05-23,0.0327659456841399,0.47380689063897247,-0.10704610369601353,-0.43932097316128726,-0.4742299654652623,0.0646816081216808
2021-05-24,0.08918492532342903,0.47872524897013835,-0.10367166950742257,-0.37460920100224127,-0.41289262749480726,0.15704054859444558
2021-05-25,0.10757246248160572,0.47906722536522267,-0.10041303147326952,-0.3526210494148272,-0.39416311394154624,0.18337058455153973
2021-05-26,0.09475448469770427,0.4763853522914403,-0.09726607900424228,-0.36497394780348374,-0.40966296479923003,0.16590417715776534
2021-05-27,0.0769113810082394,0.47345247602386265,-0.0942221575373573,-0.3827060062936414,-0.43043894475627265,0.13974642416199445
2021-05-28,0.05732756715354132,0.46996254866162873,-0.09128006615507908,-0.40283765612829514,-0.4535126859732046,0.10872111089151582
2021-05-29,0.0995735994158185,0.46960142714939607,-0.0884481554631538,-0.3581208346863253,-0.4116277752231601,0.1749437251608045
2021-05-30,0.12415136083064578,0.47397707184251736,-0.08572102847686643,-0.32644030159208937,-0.38267436911521147,0.20756639218066752
2021-05-31,0.10657207447913293,0.47912166065847134,-0.08309283239125574,-0.3362468030420376,-0.3951090666507704,0.18195870654838853
2021-06-01,0.09162838163304687,0.48485061811680646,-0.08055834048114713,-0.3429270465196798,-0.40432380203852125,0.1589448734000829
2021-06-02,0.07347896995731239,0.49111941277179333,-0.0781128485181129,-0.3523621715773933,-0.41620441905926897,0.13014378397992613
2021-06-03,0.05245112834388577,0.49744483218139673,-0.07575209110617778,-0.3647038363692814,-0.4309068412630922,0.09538373094027162
2021-06-04,0.03542112140874234,0.5083789867615046,-0.07347217389911218,-0.36851977151725135,-0.4370026936181277,0.06513628974426958
2021-06-05,0.023125655343794318,0.5173005444041359,-0.07126951851061711,-0.36969102455107306,-0.4403766020404445,0.042791514094950925
2021-06-06,0.01475575990646292,0.5215832535956727,-0.06914081759137,-0.37164950987762047,-0.444463788286239,0.027512001802949517
2021-06-07,0.01344410795979143,0.5264930253825492,-0.06708299806662356,-0.365993570512669,-0.44086566844603403,0.02489939500283889
2021-06-08,0.029052915047146962,0.5308965330327723,-0.06509319093715282,-0.3439914486456197,-0.42085335370845545,0.05188488915699469
2021-06-09,0.07295810658767976,0.5347676797101181,-0.06316870636935304,-0.29429062585994126,-0.3730770154905768,0.12005102997543175
2021-06-10,0.08982855769905222,0.5385678552120832,-0.06130701305605785,-0.27175830593330863,-0.3524063888772393,0.14294887089330874
2021-06-11,0.07618380651453684,0.5377347917822033,-0.05950572103266533,-0.28443482852431134,-0.36688420349163453,0.12409431270839766
2021-06-12,0.05610354727784624,0.5356703464295683,-0.05776256729465238,-0.3048363793756238,-0.38902890808096,0.094805715281494
2021-06-13,0.03842551638585174,0.5338861406290732,-0.056075403691277725,-0.32261145246473877,-0.4084911447734496,0.06714089415244893
2021-06-14,0.1153419160043471,0.5324987202816284,-0.05444218667304441,-0.2454492561754551,-0.3329621655023992,0.17804056976974175
2021-06-15,0.15468902729819273,0.5352174772444896,-0.05286096855268999,-0.2018021697983936,-0.2908962972456922,0.22421737768762054
2021-06-16,0.13204042437133656,0.5386140077017234,-0.051329890005302754,-0.21952316372062886,-0.3101483697153147,0.1968829520192484
2021-06-17,0.09757517880927445,0.5420912043776046,-0.049847173585948326,-0.24902849618745537,-0.3411364186014956,0.15254073275376076
2021-06-18,0.07158929025999382,0.5455954548309052,-0.04841111808559391,-0.270074078783081,-0.3636180566974756,0.11599329184562093
2021-06-19,0.1665965937381693,0.5491038742181183,-0.04702009358019472,-0.17016733141229323,-0.26510233383208703,0.2327741858460604
2021-06-20,0.6691174752476821,0.5567412274676555,-0.045672537055236676,0.34133845987171485,0.24505590092696294,0.5458357262264841
2021-06-21,1.1554203829618714,0.5632425451075643,-0.04436694851014006,0.8354482737709095,0.737860126281061,0.6722786441083876
2021-06-22,1.179330740233058,0.5655963319879114,-0.043101887464738205,0.862977478967845,0.7641242704325947,0.6758624810216212
2021-06-23,0.9364440899246851,0.5672412011117637,-0.04187596980444802,0.6229616154436146,0.522882489248074,0.6227660106186316
2021-06-24,0.6738779842499985,0.569230066623268,-0.04068786491237099,0.3635724801725093,0.2623052490848917,0.5420912395962751
2021-06-25,0.4596898462693089,0.5757679439891069,-0.039536293045971616,0.1570737914240582,0.054654988470041244,0.44394841643384186
2021-06-26,0.30209160205062774,0.5871316532362628,-0.038420022923589266,0.011955526574915276,-0.09157954650148403,0.3397252605063323
2021-06-27,0.21508357894214095,0.598820670639285,-0.03733786949221961,-0.06228132569917977,-0.1668985522069487,0.2642615259138332
2021-06-28,0.15388535607398104,0.6124368768242309,-0.03628869185299317,-0.10881416474316741,-0.21448056889016276,0.20081024596140243
2021-06-29,0.12437649608633666,0.6261941932728573,-0.03527139132486337,-0.12354840775405551,-0.23023211242918074,0.165709236784245
2021-06-30,0.10300766184907978,0.6404416749791113,-0.03428490963029704,-0.129683278590492,-0.2373534649601835,0.13855370735623446
2021-07-01,0.07626387314006641,0.6542524492144991,-0.03332822718946907,-0.14165961062328958,-0.2502864794338091,0.10439721989271412
2021-07-02,0.05239397665523345,0.6634333769840663,-0.0324003615116412,-0.1554207136607274,-0.2649754481490748,0.07319359394253379
2021-07-03,0.034542880331950784,0.6700017082358563,-0.031500365674204445,-0.16580348289478353,-0.27625821322056765,0.049028664604704855
2021-07-04,0.02181039478883109,0.6717122528202364,-0.03062732688131452,-0.17595238506063315,-0.2872801541793072,0.03144871312281271
2021-07-05,0.012247047267454425,0.6730096536891902,-0.02978036509525262,-0.1833713699269941,-0.29554610083173005,0.017872203584958862
2021-07-06,0.006695553315308943,0.6745821012351421,-0.028958631734628294,-0.18652868297256342,-0.2995251472379237,0.009827936188112734
2021-07-07,0.008377935148489564,0.6755983554063039,-0.028161308434342218,-0.18303272366793477,-0.29682651123358117,0.012248867781212083
2021-07-08,0.008904705685805585,0.6765046181053561,-0.027387605862894404,-0.18082598786011883,-0.29539347799721294,0.012991807051225308
2021-07-09,0.007018518530457805,0.6773371736057902,-0.02663676259317813,-0.18112877624531631,-0.29644710965212673,0.010255658879009503
2021-07-10,0.005003860648989314,0.6758206786536934,-0.025908044023346306,-0.1839312105090497,-0.2999782624856919,0.007349706657334049
2021-07-11,0.0033796387450096034,0.6741209443783668,-0.025200741344729456,-0.18654786400973922,-0.3033022186649983,0.004988392378098004
2021-07-12,0.04068301856925954,0.6700479005535217,-0.024514170554092374,-0.15263095721969722,-0.27007188266559345,0.05724109852920498
2021-07-13,0.17445040073355392,0.6657839739877236,-0.023847671507788566,-0.022461002574897138,-0.14056842706709716,0.20762111856161872
2021-07-14,0.2225603435757819,0.6614444784223503,-0.02320060701559709,0.021956509194149043,-0.0967979797902424,0.25176372123482843
2021-07-15,0.18549735696044298,0.6570592610591344,-0.022572361972215974,-0.018863449741024718,-0.13824618376879727,0.22016010911700276
2021-07-16,0.13582602986002743,0.6526435785773571,-0.021962342524554562,-0.07234043987555605,-0.19233319335099008,0.17226539667040813
2021-07-17,0.09323747133206631,0.648209069884643,-0.021369975273101142,-0.11877113984477794,-0.23935626057166537,0.12575076711405814
2021-07-18,0.06584722031176925,0.6478896333684299,-0.02079470650577582,-0.14590555861396282,-0.2670659481081755,0.09225699916186914
2021-07-19,0.050273767882089315,0.6523960141280792,-0.02023600146277378,-0.1564139252409913,-0.27813301977820604,0.0715467907816787
2021-07-20,0.036888068556849764,0.656792280209633,-0.019693343631006298,-0.1648607006529096,-0.2871224530218919,0.053177329619391575
2021-07-21,0.025147548656761737,0.6612817319665296,-0.019166234066828117,-0.1715846592319229,-0.2943735211650833,0.036635308788004015
2021-07-22,0.016481123464200293,0.6658207428286321,-0.018654190745814647,-0.17520003024136832,-0.29850093549554224,0.02415517863632352
2021-07-23,0.010545005221566019,0.6703869562533791,-0.01815674793841984,-0.17607249225186083,-0.2998708403134296,0.015486136380975301
2021-07-24,0.006628797924822834,0.675423729282794,-0.017673455610406872,-0.1744686341911761,-0.29875027458075776,0.009718896507812554
2021-07-25,0.004112237599318207,0.676822527936039,-0.017203878846999622,-0.1751168191000284,-0.2998680362530174,0.006039106545081639
2021-07-26,0.006807823487705848,0.6734213977577398,-0.01674759729975655,-0.17536608184269697,-0.30057358054292904,0.010008131487267284
2021-07-27,0.012076579304067784,0.6696680322453614,-0.0163042046552115,-0.1734072988941684,-0.2990581902389454,0.0177142277320254
2021-07-28,0.012350646463233198,0.6657889585782967,-0.015873308124374257,-0.17658140887123042,-0.3026631967468447,0.018212542626052392
2021-07-29,0.009861434259466832,0.6618444525365051,-0.015454527952226297,-0.18259634694464044,-0.30909691499240266,0.014681178851216774
2021-07-30,0.007076490933041549,0.6578588600086339,-0.015047496946380568,-0.18895985179309116,-0.3158674508466992,0.010642374364695584
2021-07-31,0.004800783779870703,0.6533904744399198,-0.01465186002411375,-0.19530830759270934,-0.3226115435685841,0.0072939038917888095
2021-08-01,0.0031455363115957756,0.6488813309586711,-0.014267273777017373,-0.20108811229513668,-0.3287759345181078,0.004824243400835111
2021-08-02,0.001998613221911459,0.6448168669447103,-0.013893406052540625,-0.205925631674305,-0.33398732162175293,0.0030899279364751905
2021-08-03,0.014092132966382702,0.6407762250572209,-0.013529935551732791,-0.1975092833165153,-0.3259344437647711,0.02151903171640914
2021-08-04,0.019920790833971993,0.636741410743521,-0.013176551442523332,-0.19536205565341636,-0.32414060021088165,0.03033643597288907
2021-08-05,0.01695374871875373,0.6327163559430555,-0.012832952987900353,-0.2020105541144771,-0.33113269712656535,0.026095934840004886
2021-08-06,0.02537508226879588,0.628704926720688,-0.012498849188385053,-0.1972665459872872,-0.3267227927988907,0.038795073874829056
2021-08-07,0.02779030757322975,0.6247081341421861,-0.012173958438213589,-0.19852322251118382,-0.3283043600729588,0.04259061140463284
2021-08-08,0.04790079808029704,0.6202684805402721,-0.011858008194672216,-0.1825364353624892,-0.31263352316780557,0.07168961461261421
2021-08-09,0.1912774548282895,0.6167356443595271,-0.011550734660048013,-0.04238534126061744,-0.17278970260055804,0.23672568553721984
2021-08-10,0.24799338659398987,0.613273310220279,-0.011251882475687544,0.011167108550195204,-0.11953610497410583,0.28794029481377864
2021-08-11,0.2072997532387468,0.6098488867744629,-0.010961204427663221,-0.03266027020283957,-0.1636541617751649,0.25368671388279573
2021-08-12,0.1519714075006452,0.6078270485950025,-0.010678461163594666,-0.08972771085633302,-0.22100434569272698,0.20001542024917485
2021-08-13,0.10438699888707574,0.6059114116597621,-0.010403420920150517,-0.1389527161616988,-0.2705043912415368,0.14696217440034995
2021-08-14,0.06895344270197838,0.6067929717004328,-0.010135859260822638,-0.17323715064679757,-0.3050563873859635,0.1020404122498476
2021-08-15,0.04437376856992528,0.6124560855625883,-0.009875558823542647,-0.1918934104794151,-0.32397294765586104,0.0675574782277984
2021-08-16,0.02802722198612123,0.6170941843057275,-0.009622309077752356,-0.2033486085742897,-0.335681395496526,0.0434448798517188
2021-08-17,0.01745558883715493,0.6217783202875642,-0.009375906090549538,-0.20898970275421647,-0.34156889266365553,0.027307044554404605
2021-08-18,0.010710969742324604,0.6265067777576219,-0.00913615230153782,-0.21076611058997752,-0.3435850542884282,0.016808963316461152
2021-08-19,0.006541439199626307,0.6298876177149899,-0.008902856306041058,-0.21132150517981085,-0.3443737448737584,0.010278347804135396
2021-08-20,0.021097963099796984,0.633200707535348,-0.008675832646344861,-0.19322486779958603,-0.32650413115322974,0.032245156603048934
2021-08-21,0.027879403859668753,0.6337449373088789,-0.008454901610640284,-0.18567826623047867,-0.3191784606198269,0.04213781465541112
2021-08-22,0.023380203734682154,0.6295292226640875,-0.008239889039374226,-0.1941781684289906,-0.32789337538960495,0.035809260502853435
2021-08-23,0.017072373648840358,0.6249788710220606,-0.008030626138702627,-0.2048270872561877,-0.3387515571174736,0.026590359866977935
2021-08-24,0.01128891657000172,0.620309797088286,-0.007826949300770398,-0.21507594143086872,-0.34920408813008685,0.01787355852043317
2021-08-25,0.0074920359427966,0.615573994929893,-0.007628699930548044,-0.2234103748462446,-0.3577367709156851,0.012024465420307016
2021-08-26,0.004837204493527153,0.6126328163036103,-0.00743572427896505,-0.22881340927021365,-0.3633327809912371,0.00783390987514252
2021-08-27,0.0030626687641056617,0.6097842672371059,-0.0072478732820916245,-0.23324864306926618,-0.3679558657871631,0.004997444849915358
2021-08-28,0.014759724349582354,0.6069623950338876,-0.007065002406138443,-0.22419058881105447,-0.35908068240490465,0.023740066324516196
2021-08-29,0.06743922174483168,0.6041581050070284,-0.006886971498036113,-0.17413735053456214,-0.30920547503651463,0.10041615572086537
2021-08-30,0.09169292425614418,0.6013686658064739,-0.006713644641384631,-0.15249976036715274,-0.2877412117257566,0.13230126379945503
2021-08-31,0.07947928508801083,0.5985957498053056,-0.006544890017563143,-0.16731756091263272,-0.3027277668950582,0.11721311211599988
2021-09-01,0.05909175374049808,0.5958429174359328,-0.006380579771792978,-0.19029361438374814,-0.32586813061194375,0.0902254168867776
2021-09-02,0.04090080685683387,0.5912762977025533,-0.0062205898839756135,-0.2128911911129745,-0.3486256972289875,0.06469833621282567
2021-09-03,0.027147810985348568,0.5879907141755639,-0.006064800044102758,-0.2297739806715764,-0.36566427662746215,0.04413284142502218
2021-09-04,0.017472322915977674,0.589349807724316,-0.005913093532083025,-0.23793866868017544,-0.373980671148081,0.028793153765736264
2021-09-05,0.011064898798898394,0.5914663134845044,-0.005765357101797282,-0.24208185060678056,-0.37827158950497186,0.01836402591820252
2021-09-06,0.0069051850354275605,0.5937125242313692,-0.005621480869233012,-0.24385147739082225,-0.38018509252157784,0.011496805586796725
2021-09-07,0.004260563851628305,0.5960233979357011,-0.005481358204539284,-0.24404510220559594,-0.3805188400010452,0.007097580683219639
2021-09-08,0.015453787976786143,0.5983744710232589,-0.005344885627848646,-0.2303643324161897,-0.36697454278832964,0.025176077754975126
2021-09-09,0.020729385289275745,0.6007500024125342,-0.0052119627087250375,-0.22258028079530123,-0.35932341408656476,0.03335490395897386
2021-09-10,0.017432514726952234,0.60176367855484,-0.005082491969109796,-0.22473400447570357,-0.3616066085065823,0.02815345913959585
2021-09-11,0.017092000086613268,0.5981256927938289,-0.004956378789615597,-0.22858639169755957,-0.3655851089079325,0.027782035992152176
2021-09-12,0.015149126874171305,0.5937358025542192,-0.004833531319059059,-0.23479630767905457,-0.3719178723599841,0.02488011468504076
2021-09-13,0.011135605076922695,0.5892228030575697,-0.004713860387101976,-0.24320315804099568,-0.3804443936538823,0.018548262048206535
2021-09-14,0.059101689191453914,0.5860277102554569,-0.004597279419889355,-0.19831558576136477,-0.3356734023414639,0.09161214671370366
2021-09-15,0.08171240074506955,0.5828881173393624,-0.0044837043585652285,-0.17873089206251935,-0.31620228370394265,0.12294964948355437
2021-09-16,0.3261957244534092,0.5797645825875861,-0.004373053580570866,0.06273954767203849,-0.07484249474737925,0.3600552054193348
2021-09-17,0.48540144917174793,0.5771134147551681,-0.004265247823611484,0.2194019103149183,0.08171206213854132,0.45684203172251886
2021-09-18,0.44134219050964524,0.5745011237942218,-0.0041602101121997834,0.1728353984032811,0.03504051251549234,0.4344589212678792
2021-09-19,0.3339331982105318,0.571909630777999,-0.0040578656866767275,0.0629372575134679,-0.0749599727998439,0.3686436405125639
2021-09-20,0.2332852103953302,0.5739238028150748,-0.0039581419346260876,-0.03559683451260709,-0.1735937885779696,0.2890022368153645
2021-09-21,0.1557342426425676,0.574859242226074,-0.0038609683245808637,-0.11211518924432529,-0.250209316919733,0.2131612803398707
2021-09-22,0.10094750753240546,0.5803953349362445,-0.003766276341958974,-0.16127113966169504,-0.2994599593197247,0.14815963600153365
2021-09-23,0.10688359797871677,0.5908183564437741,-0.003673999427126151,-0.14481975079302134,-0.2831008473658837,0.15319377751662966
2021-09-24,0.10388284412224648,0.6011590061253685,-0.0035840729155214115,-0.1373899284562925,-0.27576095154075964,0.14734280537497482
2021-09-25,0.07968309881943067,0.6116066946874437,-0.003496433979770064,-0.15105434626128178,-0.2895130082815003,0.11526728669781565
2021-09-26,0.055930076219825306,0.6221120699533935,-0.003411021573704949,-0.16421658118887228,-0.30276065561515586,0.08248761015150362
2021-09-27,0.037421507226092346,0.6280586131952773,-0.0033277763782376493,-0.17669536174525402,-0.3153226813670049,0.056232344254547734
2021-09-28,0.08852761411335745,0.6337349785806455,-0.003246640749004196,-0.11983175384338729,-0.2585402090943717,0.12256984510737837
2021-09-29,0.11100092375129478,0.639318686484354,-0.0031675586657278947,-0.09169565421846526,-0.2304831915527259,0.14793818825611305
2021-09-30,0.09194434008542504,0.6402590408949745,-0.0030904756832372815,-0.10973480049122375,-0.24859942080797504,0.1255721326529716
2021-10-01,0.06624527975356853,0.6408792544446247,-0.003015338884078659,-0.13473851047427154,-0.27367826759018143,0.09368262102330234
2021-10-02,0.04528089182274662,0.6413712730814016,-0.002942096832664868,-0.1551376377169027,-0.2941506368842264,0.06594443902913713
2021-10-03,0.02989717091811566,0.6417870975087251,-0.002870699530916232,-0.1700341368924616,-0.30911853336153394,0.04451075054673852
2021-10-04,0.09204252286561694,0.6467333701663855,-0.0028010983753259757,-0.10287291113170949,-0.24202690875637212,0.12458788075483375
2021-10-05,0.13350035522438208,0.6519129822736808,-0.0027332461154147185,-0.05616761440573792,-0.1953894642903118,0.16997464755264785
2021-10-06,0.12437316724385866,0.6525589189094441,-0.0026615565517150346,-0.06457717618679848,-0.20387071563507198,0.16008241834836204
2021-10-07,0.14397302285949357,0.6529435582346544,-0.002592961132435234,-0.04452408582667333,-0.18388622069422667,0.18066260167635356
2021-10-08,0.16003561267949487,0.6532373743547907,-0.002526710416051699,-0.028101429170152237,-0.16752981475408912,0.19677969787621652
2021-10-09,0.14264621404894584,0.6534847897252658,-0.0024615677486540624,-0.04517826976282846,-0.184671798014163,0.1791742984165974
2021-10-10,0.10870454645175164,0.6582791908810368,-0.002398351496767666,-0.07426231995236532,-0.21381906445558618,0.1417299235441097
2021-10-11,0.07604309856922169,0.6601117964580799,-0.002336359369222052,-0.10502917013030655,-0.24464790676107306,0.1032976878682597
2021-10-12,0.06790757082670773,0.6622693278491799,-0.002276027998277197,-0.11094683511077563,-0.250625903112487,0.09300153284752258
2021-10-13,0.06251314614061343,0.669000847420833,-0.002216600062389218,-0.10955031228932888,-0.24928880822692823,0.08545721160611316
2021-10-14,0.06197051432870884,0.678280820092835,-0.0021576797280124884,-0.1007540510948548,-0.24055146736683086,0.08371550505496163
2021-10-15,0.05394441294293236,0.6882255571900592,-0.0021015120451713014,-0.09877924770056579,-0.23863283165538307,0.07268471524557361
2021-10-16,0.039872969515884135,0.698261299117226,-0.002048725800330923,-0.1027621629556068,-0.2426685331552645,0.05401858606256229
2021-10-17,0.027464925855313283,0.70374197148165,-0.0019957329350418864,-0.10963654138646473,-0.24959590445141144,0.03756108695820545
2021-10-18,0.018162332209475437,0.7094072567979206,-0.0019438213923631171,-0.11322193817335324,-0.25323321278097866,0.024963017261694278
2021-10-19,0.011454140807105466,0.7150042797066007,-0.001892526574602741,-0.11428181184928254,-0.2543443812746684,0.015767097584202836
2021-10-20,0.007202806211098703,0.717335647148308,-0.0018435514570006584,-0.11615280388598004,-0.25626434842896795,0.009941233867853465
2021-10-21,0.004477701119502947,0.717135598295427,-0.0017961954679084715,-0.1190306018413646,-0.25918950237344474,0.0062051255473442365
2021-10-22,0.002606624328328876,0.7162397827210326,-0.0017490181412551467,-0.12175031688027971,-0.2619563947390131,0.0036261213838826144
2021-10-23,0.0015255380531242883,0.7152071577394433,-0.001702752273433213,-0.12381776226925167,-0.26407010599580705,0.0021284616455753266
2021-10-24,0.0009138315481228194,0.714094950751796,-0.0016589377514601247,-0.12549786123992734,-0.2657940194884558,0.0012780703828327274
2021-10-25,0.0005523793817958208,0.711094150580007,-0.001619337602153418,-0.12882051342873657,-0.26915627182657176,0.0007761990799357504
2021-10-26,0.00033205399500243885,0.7074792152770766,-0.0015807125726357931,-0.13261714908894284,-0.2729915325162956,0.0004691278726657275
2021-10-27,0.00014238879253828434,0.7023928899157232,-0.0015398146818999536,-0.13785224176202449,-0.27826752308011315,0.00020267849438122446
2021-10-28,0.017202551945550447,0.6971731684585984,-0.0015031388623665634,-0.12597512424660373,-0.2664270813842258,0.024080538369666768
2021-10-29,0.303919836550915,0.6919006474578377,-0.0014673636101178629,0.1555054146102488,0.015017682220378137,0.3051954056291974
2021-10-30,0.4411343081481189,0.6865937993064056,-0.0014299786562374146,0.28745042300990087,0.1469253056661498,0.3911708019265695
2021-10-31,0.37973915957881177,0.6812697985937833,-0.0013936915834133663,0.22076756080079574,0.08020615638422057,0.35790382037192875
2021-11-01,0.28191256967435996,0.6759412090912971,-0.0013578006153724953,0.11764827236189845,-0.02294902302271762,0.2943169155083858
2021-11-02,0.19501586435750856,0.6706209118116441,-0.0013221067013614398,0.02546696367940504,-0.11516602561922207,0.22528602033354558
2021-11-03,0.23219472104471767,0.6671477838981396,-0.0012885810482425875,0.0592062181062285,-0.08146029684551748,0.25818274991847623
2021-11-04,0.2966872511092428,0.6683847755018012,-0.0012580343882973022,0.12496628643436059,-0.01573077517733068,0.3074249827249605
2021-11-05,0.3126239141877153,0.6704020572641352,-0.001228233249209787,0.14295003241425452,0.002223169663475799,0.318022029190129
2021-11-06,0.2695218512928546,0.6725674162954235,-0.0011991587719348087,0.1020424030279573,-0.03871353420009649,0.2860895040050959
2021-11-07,0.20529766770157587,0.6748088706085047,-0.0011671172561618093,0.04009171526553268,-0.10069626347829408,0.2332645637376745
2021-11-08,0.1454949618602944,0.6770949055068141,-0.0011352607406835227,-0.01739309916196108,-0.15821293442126616,0.1768742451520648
2021-11-09,0.09776995675813796,0.683993089743263,-0.0011043561948664848,-0.058189015481851625,-0.1990397552869737,0.12506341556522108
2021-11-10,0.06361984412256287,0.6939333174875879,-0.0010782762962678512,-0.08237282047450323,-0.2232496401782239,0.08398069910676802
2021-11-11,0.04049768566924606,0.7036715237558248,-0.0010528298086763255,-0.09573132617199165,-0.23663359236330384,0.0544199963614911
2021-11-12,0.025312246368664346,0.71347432464991,-0.001025509966054753,-0.10108664473586648,-0.24201623076980028,0.03426191996663669
2021-11-13,0.014749712222234755,0.7237680838707318,-0.00099819484669759,-0.10132810454211716,-0.24228500569540812,0.019972047119603903
2021-11-14,0.009043698612215571,0.7340978776153482,-0.0009713053164813745,-0.09667743487730374,-0.23766122556081093,0.012169550058179254
2021-11-15,0.005508561349543301,0.7444224393073828,-0.0009453615605475122,-0.08986206669200747,-0.23087180113144856,0.007345424238653823
2021-11-16,0.0033326706905686576,0.7501478483095274,-0.0009191831815972458,-0.08628636996988726,-0.2273222827882786,0.004423034977720814
2021-11-17,0.002004862015132733,0.7509893550050503,-0.0008942665270331718,-0.08674775529523626,-0.22780858476819166,0.0026625198040252616
2021-11-18,0.0008625879985047764,0.7473158711670002,-0.0008697878171105196,-0.09153903443999167,-0.23262434262286968,0.0011529174462826426
2021-11-19,0.00031834981919911414,0.7427779046135337,-0.0008452683378796048,-0.0965967196935329,-0.2377065473556419,0.00042840993653256546
2021-11-20,6.322620251475163e-05,0.7375811805544309,-0.0008211419564645068,-0.10202444098790497,-0.243158395031429,8.57136608582524e-05
2021-11-21,2.3644907503158276e-05,0.7322403026655686,-0.0007962798744164205,-0.10738003808973073,-0.24853885421530286,3.229014289386243e-05
2021-11-22,8.528462191907924e-17,0.7268203283665373,-0.0007714154795624057,-0.11279879290141104,-0.2539824734218372,1.1733934590237544e-16
2021-11-23,1.5473067119604374e-16,0.7213476994526834,-0.0007482545462040857,-0.11824826088190665,-0.25945510233569113,2.1450220374092042e-16
2021-11-24,7.675615972717131e-17,0.7158443309931013,-0.0007263375674087524,-0.12372971236269348,-0.26495847079527324,1.0722465262899597e-16
2021-11-25,3.167714528422943e-17,0.7103235362977017,-0.0007054169257961762,-0.12922958641648052,-0.2704792654906729,4.459537614272901e-17
2021-11-26,1.5107561597094036e-16,0.7047892839433288,-0.0006842989146524184,-0.1347427207597095,-0.2760135178450457,2.1435572221766092e-16
2021-11-27,1.0477824978629734e-16,0.6992538474531875,-0.0006631643668598511,-0.1402570227020583,-0.281548954335187,1.498429363927266e-16
2021-11-28,1.5107561597094036e-16,0.6937290155831002,-0.0006429239531003753,-0.14576161415838618,-0.28707378620527435,2.1777324081501295e-16
2021-11-29,1.2183517417011318e-16,0.6882206553297266,-0.0006232778717442007,-0.15125032833040353,-0.2925821464586479,1.770292321606388e-16
2021-11-30,0.0813751818094455,0.6827296356550033,-0.0006039776143391962,-0.07534686593827644,-0.21669798432392584,0.10649740709589442
2021-12-01,0.17695027518824258,0.6772561761455446,-0.0005850755306367101,0.014773670014764373,-0.1265963504545875,0.20715164924351293
2021-12-02,0.18734166523273704,0.6718029268936506,-0.0005737592103346363,0.019723127127666884,-0.12165820966198704,0.21805603730690476
2021-12-03,0.14890788065170757,0.6663762229022407,-0.0006678143719050511,-0.02423141660634287,-0.16551869823442633,0.18264538705292463
2021-12-04,0.10664849768591501,0.6609749787915432,-0.001304201954765355,-0.0725284312656932,-0.21317932531091643,0.1389333455189692
2021-12-05,0.0765590538865492,0.655599028871189,-0.0031620570565971118,-0.109851680087245,-0.24864471903063645,0.10456628928848637
2021-12-06,0.08368893246778841,0.6548283815832969,-0.006225497897348932,-0.10655588963464968,-0.2422854877372893,0.11332020370479684
2021-12-07,0.09328958654693702,0.658938251354036,-0.009600378331452922,-0.09622024621886593,-0.22857496388740162,0.12401772687282296
2021-12-08,0.08070873693258886,0.6634332008790828,-0.012605589035463863,-0.10731135701217831,-0.23666086397670305,0.10845879372144018
2021-12-09,0.05966451890169977,0.6680780225790959,-0.01537251082306724,-0.12647767513065766,-0.253060260307579,0.08198575114256153
2021-12-10,0.041120975182564516,0.672810461624581,-0.018792493784537484,-0.14370876276577804,-0.2668713649812291,0.05759793316633644
2021-12-11,0.027207600775428855,0.6780540861817769,-0.02367257205327782,-0.15725859088445815,-0.27554111483116894,0.038578021858544226
2021-12-12,0.1759923067635111,0.6865668948466428,-0.030193070989605386,-0.006481575167837539,-0.11824360017822078,0.2040350464466477
2021-12-13,0.2600858949820747,0.6920954792515724,-0.03756560849520292,0.07576805995005809,-0.02862142755472752,0.2731474297020376
2021-12-14,0.3277934475216245,0.6929180040752945,-0.04438487600169675,0.1374788698068361,0.03990864980854425,0.3211421278842189
2021-12-15,0.5152006014873439,0.6934378755053779,-0.04979679302891408,0.31999397817542174,0.22783567520434722,0.42626526566425565
2021-12-16,0.5602734429011037,0.6938575034727529,-0.05362122276102014,0.3616620178244503,0.27332814458548194,0.44674237927152316
2021-12-17,0.45754437217939653,0.6942211689343228,-0.056047116585662284,0.25687071873967104,0.17096273932534467,0.3972547848036556
2021-12-18,0.33119949749857847,0.6986742591398756,-0.05777114761842318,0.13325490323164468,0.049070954850079285,0.32159232659702475
2021-12-19,0.22575261446771078,0.7015145356943556,-0.06010352836281435,0.028315916010865916,-0.053535651626308245,0.24346016617568525
2021-12-20,0.14834160045186723,0.707508697375124,-0.06412643900513755,-0.04712384696653238,-0.12495250396138335,0.1733265745522405
2021-12-21,0.09501301762978888,0.7182715802551778,-0.07006619537190609,-0.09562930327532548,-0.167518203903408,0.11682628427598453
2021-12-22,0.059807282236155654,0.7316471420814484,-0.07767938841630098,-0.125072669887083,-0.1893483774707706,0.07556629971172603
2021-12-23,0.03717116546521272,0.7452554905839851,-0.08676344772916625,-0.1431844974683545,-0.19837614573917683,0.04750753975191185
2021-12-24,0.022860509989016932,0.7589410489380977,-0.09721487558428052,-0.15426102244555207,-0.19900124286126009,0.029240808908579014
2021-12-25,0.013940850017143881,0.7680673370175426,-0.10875456811611368,-0.16559408686981336,-0.1987946147536882,0.017826987297929052
2021-12-26,0.008442514690173096,0.7755400426524502,-0.12083033316951153,-0.17569548161527426,-0.1968202444457513,0.01076875322174224
2021-12-27,0.004562481322595016,0.778240761210015,-0.13280133404504885,-0.18884579730082485,-0.19799955925576462,0.005828388379989308
2021-12-28,0.06693795881281095,0.7759832564854299,-0.14417024026465527,-0.14009673075480056,-0.13788158649013382,0.0794118804912593
2021-12-29,0.10130993906282401,0.7710020660030813,-0.154279304122197,-0.12081500484467778,-0.10849079672246931,0.1161395675795724
2021-12-30,0.08889498689147363,0.7656993853020915,-0.1620921113665062,-0.14634544496132706,-0.1262084295948095,0.10402009395790751
2021-12-31,0.06667694549509978,0.760242197507623,-0.16738540052224932,-0.1793139633079126,-0.1538836587856519,0.08063296884503282
2022-01-01,0.046412371289691376,0.7546836569159213,-0.17104152356748897,-0.20879320115026245,-0.179706773582762,0.05793608962667205
2022-01-02,0.03091736392798731,0.7490627289123714,-0.17423215861549407,-0.23309977156352146,-0.20082270894801602,0.03963865771932628
2022-01-03,0.020012525836425495,0.7479799704230993,-0.17779283415168484,-0.24864804368054605,-0.21281030552884983,0.026058230951338277
2022-01-04,0.012694308988778021,0.7476051622705465,-0.18213190947251118,-0.2606801440015727,-0.22050333052905013,0.01669645905152579
2022-01-05,0.00793196006215699,0.7473262254021469,-0.18726043686353977,-0.27084995718762195,-0.22554461632407075,0.010502315916352133
2022-01-06,0.004898934885935898,0.7470889536736736,-0.19300406512352797,-0.27986388235230464,-0.22881491322876524,0.006514645994258675
2022-01-07,0.0029977996674670905,0.7468746557986244,-0.19911196929994385,-0.2880872196222384,-0.23093034632228315,0.003997746077502974
2022-01-08,0.0018206528387111627,0.7466799667626832,-0.20517401208508423,-0.29552109827207595,-0.2323021821869803,0.002432399908607599
2022-01-09,0.0010988286315880592,0.7464943985118714,-0.210772009983143,-0.3020264886280697,-0.2332095746449152,0.0014698215442462796
2022-01-10,0.0006596837818348704,0.7417362289571597,-0.21602777158874553,-0.312479564638137,-0.23840688904938,0.0008885875723655775
2022-01-11,0.00039425490755822673,0.7362491413170907,-0.2213349408924851,-0.3235392504562222,-0.24415940556372573,0.0005352045638076874
2022-01-12,2.36449075029804e-05,0.7306553256313449,-0.22679773037197473,-0.3349664656215129,-0.25012383124952675,3.236018615061986e-05
2022-01-13,-4.142395921783848e-17,0.7250168454087165,-0.23224606114953908,-0.34607692152920866,-0.2557859563796582,-5.713516793459661e-17
2022-01-14,-4.873406966804528e-18,0.7193586536087366,-0.2377526353163734,-0.3572416874960228,-0.261444148179638,-6.774655371637751e-18
2022-01-15,-7.310110450206791e-18,0.7136950701275714,-0.24321082133779695,-0.3683634569986116,-0.26710773166080326,-1.0242624274958387e-17
2022-01-16,4.751571792634415e-17,0.7080354448552199,-0.24826819496395497,-0.3790804558971212,-0.2727673569331548,6.71092362276584e-17
2022-01-17,7.797451146887244e-17,0.7023863669533091,-0.25274734241097085,-0.3892086812460477,-0.2784164348350654,1.1101370290983417e-16
2022-01-18,1.3645539507052677e-16,0.6967527221561659,-0.2565105871708673,-0.39860557080308734,-0.28405007963220863,1.9584479648425754e-16
2022-01-19,7.797451146887244e-17,0.6911382660306699,-0.25958680388371175,-0.40729624364142786,-0.2896645357577047,1.1282042291869315e-16
2022-01-20,5.848088360165433e-17,0.6855459630240084,-0.2624103645460518,-0.4157121073104294,-0.29525683876436615,8.530556192569436e-17
2022-01-21,6.822769753526339e-17,0.6799782004366444,-0.265408360144876,-0.4242778654966176,-0.30082460135173017,1.003380659724846e-16
2022-01-22,0.0,0.6744369304762098,-0.268463101486033,-0.43287387679820927,-0.30636587131216486,0.0
2022-01-23,4.873406966804528e-17,0.6689237684891244,-0.2712853013242681,-0.4412092386235298,-0.31187903329925026,7.28544446523694e-17
2022-01-24,1.8518946473857204e-16,0.6634365424484839,-0.2741168121718302,-0.4495279755117321,-0.3173662593398905,2.791366662666942e-16
2022-01-25,0.00856580861152066,0.657979938417494,-0.2771818818571814,-0.4494838406165528,-0.31425705475935994,0.012851043832626526
2022-01-26,0.08557490153617309,0.6525549138776855,-0.2799257852128617,-0.3806436755873892,-0.24267298637451606,0.11593475801840154
2022-01-27,0.119492857299755,0.6471622802212219,-0.2812563873382608,-0.35344895560566997,-0.21414766426739773,0.15586259251603266
2022-01-28,0.10153773291384878,0.6418027261819208,-0.28107814246563145,-0.3765853891582479,-0.23746234269260502,0.13659653752381987
2022-01-29,0.07498633887214871,0.6364744892941542,-0.2803369887088355,-0.4077238663309187,-0.2693419736220718,0.10539770554257524
2022-01-30,0.05172391339390525,0.6311786730644474,-0.27987369314798083,-0.43581881247801424,-0.297900215330022,0.07574127616378515
2022-01-31,0.034259755003648744,0.6268377754853774,-0.28009212585345833,-0.4578423011528182,-0.31970527129934845,0.05182254270153779
2022-02-01,0.022089453479542838,0.627170522403708,-0.28109883454675455,-0.47068656445188983,-0.33154282590512385,0.03402250916436429
2022-02-02,0.013971847963599838,0.6278287917555042,-0.2826972337776804,-0.47974429984696243,-0.3390021620692706,0.021769763223849194
2022-02-03,0.008711289524329164,0.628611656258156,-0.28448512573945595,-0.48600988574535686,-0.3434798560058895,0.013668564080387401
2022-02-04,0.005371080191434203,0.6294714510557011,-0.28656572121841206,-0.49057089575966284,-0.34596027054123935,0.008460492054435649
2022-02-05,0.02897961382342359,0.6303870380771047,-0.28921272530463493,-0.46869377919249267,-0.3214361498878463,0.0439506816729267
2022-02-06,0.327242278002844,0.6313425284276496,-0.29180267623562073,-0.1720655755935132,-0.02221799535788105,0.34138062256734936
2022-02-07,0.753040848050184,0.6314052627369227,-0.2930706175139715,0.25252778748474913,0.403643308998732,0.5439293318698072
2022-02-08,0.8486627869981509,0.6268466483330546,-0.29232125314629975,0.34434047639651966,0.49470663354283084,0.5751659506044791
2022-02-09,0.6960572057624961,0.6220160011392678,-0.2895652811559973,0.18966021995738047,0.3372704051133891,0.528086909071336
2022-02-10,0.5051595948719252,0.6171059161697197,-0.28527163193840976,-0.0018538266851509944,0.1414627092532702,0.4501248500482341
2022-02-11,0.5335014506865385,0.614916261266644,-0.28023418533068983,0.029335820834106574,0.16761491016480778,0.46455348531605356
2022-02-12,0.5507636016518447,0.617466142343778,-0.27499548309893174,0.05438655510830481,0.18742694220724798,0.47145144564467484
2022-02-13,0.4898265820509411,0.6249274299037946,-0.2694249813077597,0.006481324858589876,0.13395121016636102,0.4394032914867234
2022-02-14,0.3837371012503862,0.6350760076738817,-0.2633446266715147,-0.08337922353563276,0.03801030713589337,0.37665112265345885
2022-02-15,0.2715485210777145,0.6455128524419717,-0.2568932211310191,-0.17867955339971897,-0.06374142826868845,0.29610724965496027
2022-02-16,0.18250637209423484,0.6560667627465854,-0.25060558362615176,-0.2508801545737176,-0.14222966694755446,0.21763918316901318
2022-02-17,0.11879010062641365,0.6712698578800608,-0.24517835350441697,-0.29396610078632857,-0.19074284328190017,0.15035580445182145
2022-02-18,0.07563426939820457,0.6886081969663356,-0.2411696887565669,-0.31577492818041275,-0.21656033542383446,0.09896632643039673
2022-02-19,0.047387716648142605,0.7056855023422028,-0.2388625337432965,-0.32463702054133714,-0.22772958279802924,0.06292577594470283
2022-02-20,0.042091605479130705,0.7182130836187948,-0.238156478065431,-0.31669949475589165,-0.22049811269044917,0.05536149662455837
2022-02-21,0.03613024208412726,0.7281783254842943,-0.23834420416312901,-0.31288334238309345,-0.21649423421995306,0.04727180044451464
2022-02-22,0.025863753918475802,0.7379039263739071,-0.23835637060446824,-0.31343639610047136,-0.2170351214959917,0.03386337833590278
2022-02-23,0.026420508097422545,0.7475122712851278,-0.23789488291166574,-0.30280980931750145,-0.2068700224058243,0.034137988209390784
2022-02-24,0.028900610153887816,0.7524477532687582,-0.2369417716990363,-0.29444111406477635,-0.19945443836572863,0.036988124000529754
2022-02-25,0.025017525641054812,0.7524450214830996,-0.2351432639971979,-0.29652842266142954,-0.20334025466422023,0.032178431917518104
2022-02-26,0.017871385616974288,0.7492666267696826,-0.23259386461957066,-0.3043035580212998,-0.21366478940171774,0.023296180515647108
2022-02-27,0.01651610248355354,0.7457380345251651,-0.2299292244519986,-0.3065227932316661,-0.21854866477965607,0.021667448796495844
2022-02-28,0.01438426985724883,0.7420413792629589,-0.2273635021330913,-0.3097855588012697,-0.22437715266816693,0.01901610538190905
2022-03-01,0.010668780850357013,0.7391537927716356,-0.22468481862332967,-0.3137099507897231,-0.23098022816638197,0.014228407126797779
2022-03-02,0.015925989108929003,0.736706419406942,-0.22204576940775111,-0.3082610666802662,-0.22817039327250366,0.021160381786287596
2022-03-03,0.017637020233015596,0.7342518439229684,-0.2194857992315063,-0.3064446408639083,-0.22891393763239065,0.023456950985453997
2022-03-04,0.014124012275445458,0.731781619467082,-0.2169192952758138,-0.3098613693216724,-0.2348971700458472,0.018935387634022853
2022-03-05,0.010141066007836987,0.7283775609027536,-0.214647093012575,-0.3149761718903704,-0.24228417487778398,0.013731631997231564
2022-03-06,0.00687999037519265,0.7248997926462719,-0.21298531223965247,-0.320053235006574,-0.24902301876691013,0.009401722396300263
2022-03-07,0.004465062824489165,0.7213924502145771,-0.21206391780939363,-0.32505411055871336,-0.25494528874930833,0.006151431574765351
2022-03-08,0.0028584746619704925,0.7178723766060934,-0.21188034220487678,-0.3299971967251989,-0.26007195052031074,0.003966077845760664
2022-03-09,0.0017984091053336807,0.7138877331847644,-0.21244632010369008,-0.335607883601978,-0.26511665949827656,0.0025128460634699684
2022-03-10,0.001088513905350568,0.7098745265067958,-0.21371783857512727,-0.34160250395136693,-0.2698397613762282,0.0015310414796239687
2022-03-11,0.0006554552937075926,0.7058558090422445,-0.21549000547063651,-0.34782644692307046,-0.2742915374524225,0.000927735093259487
2022-03-12,0.0003999885215374517,0.7013805745695323,-0.217604759221013,-0.3546719019183293,-0.2790222386973049,0.0005699623822233808
2022-03-13,0.008808180082416793,0.6968902594659916,-0.21992677549827522,-0.3530760417382529,-0.27510436223996626,0.012481507098206618
2022-03-14,0.012897457051567125,0.6924055958250817,-0.22198469194919657,-0.3555293448609339,-0.2754997489117259,0.018286404686557872
2022-03-15,0.015347933320428065,0.6870125730285689,-0.2231021561094298,-0.35958935554881893,-0.2784422954393777,0.021851930997956494
2022-03-16,0.036002443817302075,0.681577340775814,-0.22299097469600682,-0.3442588958912768,-0.26322301719525854,0.05017204301221539
2022-03-17,0.05161702095446434,0.6761413321948359,-0.22152630074585536,-0.33261565338494126,-0.2530444486390745,0.07092604396926114
2022-03-18,0.04805514652344309,0.6707155190235945,-0.21879277023495905,-0.3388698104763075,-0.26203213624133703,0.06685741200480068
2022-03-19,0.0366213685748343,0.6662226939648546,-0.2152110146794221,-0.3512146579281193,-0.27795873924868575,0.052104542851944956
2022-03-20,0.02567335738462445,0.6618048405639277,-0.21147117333600307,-0.3628406811758369,-0.2933246038398224,0.0373442495503628
2022-03-21,0.23988533395256367,0.6578847358638319,-0.20822359405284732,-0.14930123002483786,-0.08303273197197913,0.2672013046743951
2022-03-22,0.34733432281659754,0.656316812366226,-0.20551210655473195,-0.04070867716029458,0.022848333394448805,0.3460707716464922
2022-03-23,0.8644437578567358,0.6558411555794257,-0.20273930827931652,0.47869789936845897,0.5394821116477869,0.5686064172687949
2022-03-24,1.4457344333673499,0.6554940877606105,-0.19945802090406564,1.0629227944355084,1.1204257193395857,0.6880424565107585
2022-03-25,1.609459773645037,0.6552126791881727,-0.19557593916108484,1.2302488078837388,1.283869651044835,0.7106810398261031
2022-03-26,1.3717331336857785,0.6540593780459367,-0.19119405432619896,0.9957507516171302,1.0449897099433407,0.6771340725873131
2022-03-27,1.0100679936310055,0.6574686676153008,-0.1865313725265694,0.6421575829313508,0.6867338594579316,0.6057246099021818
2022-03-28,0.7035930108878363,0.6611618452349234,-0.18206896648888363,0.34383818384549003,0.3839520543343852,0.5155453433495957
2022-03-29,0.5151271227313078,0.6672421354932889,-0.1781008354252674,0.1654207170109434,0.20156645643622217,0.4356736435323125
2022-03-30,0.37496852742354114,0.6771786398629566,-0.17432020060456677,0.038979260893544865,0.07134436549812306,0.3563841058381502
2022-03-31,0.25634378772572297,0.6919897244076961,-0.1704435964962454,-0.06095779015121239,-0.03246928965495555,0.2703097427708096
2022-04-01,0.16831558675354222,0.7071766364517454,-0.16657212021043954,-0.129927602793538,-0.10531057858308701,0.19225252068752546
2022-04-02,0.1077605856327759,0.722492596977972,-0.16312252756422221,-0.1717170507418604,-0.15054961917762677,0.12979243908938784
2022-04-03,0.06776951551177676,0.734197233565108,-0.1603219789888254,-0.19720293570032665,-0.17883605271148983,0.08450414632499892
2022-04-04,0.04205483554077071,0.7498238051891493,-0.15816688969282028,-0.20513595475128632,-0.18892416105845466,0.05310767758807885
2022-04-05,0.02937939135176256,0.7614958400792549,-0.15666277695399672,-0.2046352513113654,-0.1899275703573572,0.03714794721615343
2022-04-06,0.025948863783222614,0.7683517996116916,-0.15554242134720064,-0.2000894637406725,-0.18650213839346041,0.032668817966630896
2022-04-07,0.02355270243526951,0.7702549715604058,-0.15423765319939875,-0.19927768499210952,-0.18699512779269933,0.02967054011548624
2022-04-08,0.01916864618329559,0.7717276034548258,-0.15241960825029532,-0.20037106440055996,-0.1899065521502532,0.02423661282003335
2022-04-09,0.01379986165055515,0.7730119104382254,-0.1503192855582785,-0.20235521925788413,-0.19399102969959414,0.017538961845881013
2022-04-10,0.009622341718698994,0.7732577860014282,-0.148526200010687,-0.20449377807894575,-0.19792267406824737,0.012290951549275876
2022-04-11,0.006413606373363997,0.7692356633981601,-0.14739490202453293,-0.2105933380413949,-0.2051535320168506,0.00826869388435471
2022-04-12,0.004124007670150112,0.7648834462177209,-0.14695706061325856,-0.21679731251377365,-0.2117953479005037,0.005362766835744396
2022-04-13,0.1523780167815965,0.7608549937113626,-0.14712951657815454,-0.0727442118735816,-0.06756979129541563,0.16685557248893526
2022-04-14,0.22493491143697084,0.75677232255361,-0.14751653347151117,-0.004657005269316339,0.0009044322022062623,0.2291262645815738
2022-04-15,0.1932053643711413,0.7526405842548087,-0.14754878226400606,-0.040550539426442045,-0.034956853162424584,0.2042672642958557
2022-04-16,0.14334700768996428,0.7484778160028889,-0.14723656390400455,-0.0942594459995374,-0.08897797809552144,0.16073448942180754
2022-04-17,0.09913355123913326,0.7442946873366004,-0.1470568913285796,-0.14247635854123197,-0.13737456321264097,0.11753643843670263
2022-04-18,0.0657702234328371,0.7396410034231861,-0.14729796299983539,-0.18073444193219834,-0.17539157493235147,0.08166042543208094
2022-04-19,0.04245472987753594,0.7390796998532605,-0.1479643068987689,-0.20527758295635856,-0.1992683720575782,0.054322277128801215
2022-04-20,0.026861577888439493,0.7382978250678852,-0.14876018196193866,-0.22244848479400003,-0.21564339883204997,0.035105858706898425
2022-04-21,0.016744994940140874,0.7375617024418039,-0.1493670373999479,-0.23390804580638913,-0.22649610440642987,0.022199186349875416
2022-04-22,0.014598995704101388,0.7368609526152694,-0.14972422834098126,-0.2371119858099966,-0.22934285346900385,0.019427510057923685
2022-04-23,0.012689890633324579,0.7361808885456204,-0.14976441909752403,-0.23974134570696515,-0.2319320226094297,0.016945367593642336
2022-04-24,0.009320648071701772,0.7355155469496462,-0.1493979640326061,-0.24340947479964425,-0.23596660676702674,0.012513688424385218
2022-04-25,0.0063876866352653916,0.7348613124312522,-0.1488872629834947,-0.24648596970536318,-0.2395538027218571,0.008617464095478906
2022-04-26,0.004207574467909817,0.7296260946286836,-0.14852841144366147,-0.2535424481354541,-0.24696913269178122,0.005733689588118341
2022-04-27,0.002700580748307987,0.7241242075742278,-0.14831427041832218,-0.2603371878841725,-0.2539780134658388,0.003715587018627627
2022-04-28,0.0012093011233818448,0.7190054382148333,-0.14814128372820715,-0.2667742501783781,-0.26058806245015953,0.0016790841082939198
2022-04-29,0.0007656671910264019,0.7138817014405744,-0.1480193969958982,-0.2722197341526834,-0.2661554331567738,0.001071391604635015
2022-04-30,0.0004777528580753671,0.7087543682986315,-0.14790548696023378,-0.27752107159191297,-0.2715706806316678,0.0006736198824387514
2022-05-01,0.00029474546852401425,0.703631272296661,-0.14768784280169336,-0.2826095308248944,-0.2768767840231896,0.0004187165427693215
2022-05-02,0.0001802036132627769,0.6985183637762187,-0.14733451860359073,-0.28748365700249534,-0.2821042343988932,0.00025791324281093664
2022-05-03,0.00010936328169644176,0.6934259692910936,-0.14674903823207153,-0.2920614114476676,-0.28726746921558466,0.00015768956037285028
2022-05-04,6.596435665955927e-05,0.6883515836468014,-0.14565195856993216,-0.29608211635485737,-0.29238525378491376,9.582027194232365e-05
2022-05-05,3.9581295011855296e-05,0.6828394928716756,-0.14388389740019902,-0.29985252902189774,-0.2979237276216873,5.796237798054667e-05
2022-05-06,2.3644907503213103e-05,0.677322829097499,-0.14148299860334368,-0.3029842303867276,-0.3034563277833725,3.490814289385153e-05
2022-05-07,1.2670858113691773e-16,0.6718225730795252,-0.13857262904727952,-0.3055977617561403,-0.30898022870884934,1.8860423304341534e-16
2022-05-08,1.0538742565714791e-16,0.666344515359363,-0.1352859662884548,-0.30778915671747775,-0.3144582864290115,1.5815756448496002e-16
2022-05-09,1.1696176720330866e-16,0.6608907790861442,-0.13175052024500306,-0.3097074469472447,-0.3199120227022303,1.7697594051022943e-16
2022-05-10,0.05996066028064398,0.6554647938714956,-0.12808144852387354,-0.25150370016012014,-0.2653773476362351,0.08381119225301283
2022-05-11,0.0936416026734983,0.6500682230318721,-0.12434659062767624,-0.219484470710692,-0.23709297608300428,0.12591147708003464
2022-05-12,0.08328382914163587,0.6447023569911667,-0.12058731015086595,-0.23144882980644943,-0.252816615655572,0.11440303501369303
2022-05-13,0.06259801134291464,0.6393682249795577,-0.11684799356908018,-0.2537294630349939,-0.2788365654659023,0.08917524533780864
2022-05-14,0.04359014214719087,0.6340666621159307,-0.1131588626366667,-0.27434976416193135,-0.3031459975252532,0.06432480552540225
2022-05-15,0.10613663244597323,0.6287983531563961,-0.10954918672585026,-0.21346190691186695,-0.24586781618600528,0.14441635590253094
2022-05-16,0.13797588406303862,0.6281489480237212,-0.10603866112150764,-0.17876153482313384,-0.2146779697016148,0.18009582548998168
2022-05-17,0.1171842037886764,0.6282661928379296,-0.1026318181544916,-0.19602912731627165,-0.23535240516176859,0.15719919704781327
2022-05-18,0.0863679551557369,0.628527037045612,-0.0993328864441983,-0.22328560003123554,-0.26590780958702576,0.12081208582786034
2022-05-19,0.05948324813460436,0.6288630480363281,-0.09615389140788236,-0.24665530102533595,-0.2924565056174422,0.08641471373564749
2022-05-20,0.047919795550809476,0.6292549098867575,-0.09308100878763566,-0.2547540091384548,-0.3036280963508077,0.07076430227830993
2022-05-21,0.04240015140759407,0.634272063177988,-0.09010792158759458,-0.25228341279039856,-0.3041305872027925,0.0626598085360449
2022-05-22,0.03339280543055463,0.6400500298239012,-0.08723646999604898,-0.2526413405299791,-0.3073599665339187,0.04958521151678357
2022-05-23,0.023636122639898786,0.6413784014093714,-0.08446698837550962,-0.25830017011462547,-0.31578827773910445,0.035542265296671344
2022-05-24,0.015877173728749243,0.6420409485483923,-0.08179055898024867,-0.2627201424914932,-0.3228846795112331,0.024132446259112376
2022-05-25,0.010130302528657447,0.6426318698797147,-0.07920475618363872,-0.26529028956365275,-0.32804062938000256,0.015519132322391785
2022-05-26,0.00644035391626351,0.6441190696506188,-0.07670844385065656,-0.2649967260721603,-0.3302433782214923,0.009899716586922045
2022-05-27,0.004037357207000927,0.6461065679204409,-0.07429728048795237,-0.26300106114889665,-0.33065887666093285,0.006209943753930363
2022-05-28,0.002499600574046965,0.6435469646886152,-0.07196629884581686,-0.2647674393715408,-0.3347562365257125,0.003869071841641487
2022-05-29,0.0015324334251911478,0.6402703345648737,-0.0697230340882817,-0.26676797188660295,-0.3390000337983098,0.002387701489649652
2022-05-30,0.22338982150208755,0.6368895418664318,-0.06756325362157818,-0.04613159604144501,-0.12052343841985536,0.25967125449502815
2022-05-31,0.3323026669711116,0.6334607397224298,-0.06548226782540309,0.06143343307975224,-0.015039395094833208,0.3440828930439676
2022-06-01,0.28587381903577297,0.6300063620805582,-0.06347589006671484,0.013556585261230159,-0.06492262067204357,0.31213015078820944
2022-06-02,0.2850590760582364,0.6256260285443914,-0.06154035348147381,0.010297045332767985,-0.07011769718574679,0.3130160739618337
2022-06-03,0.25534977739514986,0.6207314955102284,-0.05967224374382912,-0.022438676626836962,-0.10472152888299635,0.2914681380510791
2022-06-04,0.1907999767733361,0.6157978333255468,-0.057868444587202694,-0.09011834027670584,-0.17420499168949177,0.2365490885103512
2022-06-05,0.13222553900299952,0.6154403615351497,-0.05612609352038696,-0.1473078987706239,-0.23313690125022546,0.1768511027556924
2022-06-06,0.09207549366164106,0.6153607482031315,-0.05444254571217631,-0.1858540096357899,-0.27336655992360215,0.13015376964422107
2022-06-07,0.06306706554592839,0.615376413367674,-0.052815344434314127,-0.21321957130909774,-0.3023593228747722,0.0929584667051679
2022-06-08,0.0413778166730619,0.6200329148393506,-0.05124219678035509,-0.22867917105632862,-0.31939207027596206,0.06255994150328566
2022-06-09,0.035031672900824005,0.6249996728190673,-0.04972095363703605,-0.22853731370553088,-0.32077145606848334,0.05307577151902569
2022-06-10,0.029396446716250947,0.630074291397398,-0.04824959308990069,-0.22762656076463783,-0.32133206367472567,0.044575816662217015
2022-06-11,0.021299694921542763,0.6352068454295562,-0.04682620660784925,-0.22916737204513637,-0.32429626143727575,0.03244399501359379
2022-06-12,0.01877176249958935,0.6362469882823064,-0.04544898748093463,-0.22927794248742495,-0.3257840510064789,0.028658358981603963
2022-06-13,0.06299354798751775,0.6370580092031395,-0.04411622108910094,-0.18291236968682978,-0.2807512445977174,0.08998415522467242
2022-06-14,0.11102883410569385,0.6378024757833253,-0.042826276662126184,-0.13284267256149307,-0.2319714918993555,0.14826948691842082
2022-06-15,0.11256677840208554,0.6348448494013293,-0.04157760025709497,-0.13301367824206622,-0.2333911739849598,0.1506088134230807
2022-06-16,0.0882545387256617,0.6316457120232419,-0.04036870873263439,-0.15931616377211688,-0.260902551039471,0.12259273230402623
2022-06-17,0.11821269359123092,0.6283658309278812,-0.039198184541606874,-0.1314673658108808,-0.23422427726926254,0.15833926333117385
2022-06-18,0.13376520206741707,0.6255024265924913,-0.03806467119804386,-0.11764474832652161,-0.22153517312846627,0.1761766168057367
2022-06-19,0.146015925514177,0.626769351711273,-0.03696686930152658,-0.10302929786446269,-0.20801752456292466,0.18894760267486146
2022-06-20,0.1797936424133424,0.6314887871261518,-0.03590353302429619,-0.0634688092731881,-0.1695203722488805,0.22161658611958124
2022-06-21,0.17432524897943646,0.6364739385490402,-0.03487346698414721,-0.06292198524405657,-0.17000361425989796,0.21500422257553614
2022-06-22,0.13627591418481796,0.6406373806533221,-0.03387552344052081,-0.0958099343907668,-0.20388950695023456,0.17540685053305632
2022-06-23,0.0966080857239861,0.6493782130727815,-0.03290859976279143,-0.12577000675440997,-0.23481650299160706,0.12950383389052764
2022-06-24,0.06501018808355132,0.6593179077936389,-0.03197163612909509,-0.14649124604029096,-0.2564747059111845,0.08975240426760112
2022-06-25,0.042372590699418844,0.6726050069247442,-0.031063613421632295,-0.1549337215858554,-0.2658252041642116,0.059264221480814186
2022-06-26,0.027008645327320804,0.6861326262336871,-0.030183551290498035,-0.15588998551787614,-0.2676615302273667,0.03787278398318062
2022-06-27,0.01692296404635675,0.6969838409922693,-0.029330506363065417,-0.1542714071128255,-0.2668959967497486,0.02370472437987355
2022-06-28,0.010326556619150445,0.7076938166073913,-0.028503570579977697,-0.14933090314182196,-0.26278242856183287,0.014381982746180832
2022-06-29,0.006237845117908391,0.7183496399622612,-0.02770186964207591,-0.1419620903502924,-0.2562153167082051,0.008608822600928894
2022-06-30,0.003798377016459004,0.7243750039005811,-0.026924561555245953,-0.1375988864265919,-0.25262942087133455,0.005216308527613904
2022-07-01,0.010863269564284815,0.7291625352237717,-0.026170835262338273,-0.12499273626266783,-0.24077699700031807,0.014679582109161796
2022-07-02,0.013964439718298482,0.7300972127811662,-0.025439909353076863,-0.12022596264199814,-0.23674114928890988,0.01876785300168191
2022-07-03,0.011676384286457613,0.7261249144704766,-0.024731030844300582,-0.12577743787575257,-0.24300150303144052,0.015825919940951953
2022-07-04,0.008457543581916435,0.721276126635244,-0.02404347402407634,-0.13315750959530204,-0.25106913157121424,0.01158990454613334
2022-07-05,0.009951007498264306,0.7162225736483606,-0.023376539354163145,-0.13605066399592436,-0.25462922064174975,0.013703345531452285
2022-07-06,0.0186945907520431,0.7110535173926902,-0.022729552426118432,-0.13182915006977125,-0.2510546936436414,0.025617868060762883
2022-07-07,0.020677063797334135,0.7067248158798567,-0.02210186296695811,-0.1335476890781534,-0.2534009221111838,0.028425914717886462
2022-07-08,0.07227389093376617,0.7023981925449347,-0.02149284389084862,-0.08566846620053381,-0.20613071830967378,0.09329610873444273
2022-07-09,0.0949115373616354,0.6980554314322949,-0.02090189039372277,-0.06678262738817864,-0.1878358329944444,0.11969166572725205
2022-07-10,0.10092961149673885,0.6937020766702724,-0.020328419088096628,-0.06454443670947141,-0.1861711136213634,0.12701433003452792
2022-07-11,0.15449925573173792,0.6898005278820679,-0.019771867175654496,-0.014319789350234702,-0.13650301817456878,0.18299099292723256
2022-07-12,0.46310140485538154,0.6868437200155851,-0.019231691655439455,0.29186572742714123,0.16914232308259203,0.40271609039374406
2022-07-13,0.5760722935519856,0.6839539573130111,-0.01870736856568643,0.4024711765109241,0.279223449076622,0.45719070785748883
2022-07-14,0.6053379404093073,0.6847613643380712,-0.01819839225752544,0.43305320670146696,0.3092965029590039,0.4692180967633665
2022-07-15,0.6165697331450337,0.685811859965685,-0.017704274698927693,0.4458296126234049,0.3215787913223441,0.4734171124703676
2022-07-16,0.5180559894545291,0.6892322234753828,-0.01722454480741405,0.351215962334112,0.22648541114153742,0.42910713772089515
2022-07-17,0.37843568620301826,0.6974129764590532,-0.01675874781012998,0.2202422090635554,0.09504586087369693,0.35175550180693627
2022-07-18,0.2591266967875897,0.7100632579705117,-0.016306444630024907,0.1140358043396904,-0.01161284703027321,0.2673641998820187
2022-07-19,0.1707516478811629,0.7221618085032647,-0.01586721129692547,0.0381985392991161,-0.087889345403947,0.1912297845443701
2022-07-20,0.19532100817027204,0.7389206061347667,-0.015440638382398484,0.07995327013425413,-0.04656118748333593,0.2090690514953853
2022-07-21,0.1967893295734072,0.7559970371572916,-0.015026330457329826,0.09891233048498294,-0.028016435057675815,0.20654087468595034
2022-07-22,0.15286516716186835,0.7731684074994883,-0.014623905571252893,0.07256196330171771,-0.05476922712701793,0.16507518878866778
2022-07-23,0.1164292087000103,0.7880783564539839,-0.014232994752462962,0.05142686461314516,-0.07629523663438043,0.1287210999503227
2022-07-24,0.08525108694842648,0.7982618899726361,-0.013853241528042206,0.03081202960463425,-0.09728982486731208,0.09649104107730976
2022-07-25,0.1437540600068265,0.8035169472539667,-0.01348430146294365,0.09493900000946354,-0.03353179452758137,0.15175600108623355
2022-07-26,0.24697696925947268,0.812935307974585,-0.013125841717333445,0.20793872972833816,0.07910947544568303,0.23301642462712355
2022-07-27,0.2544637828355539,0.8178571060523887,-0.012777540621423156,0.22069564247813322,0.09151808709956788,0.23730189859440975
2022-07-28,0.2006672997460358,0.8178748040091356,-0.012439087267059399,0.16725531069972588,0.03773930196679676,0.1970142412436497
2022-07-29,0.14268345169382662,0.8183963653597861,-0.012110181115379851,0.11012193014984684,-0.01972298473476186,0.14846160450154078
2022-07-30,0.09621794006880073,0.8187976041753494,-0.011790531619861325,0.0643773068359027,-0.06578725754422454,0.10515443226517174
2022-07-31,0.06291596454600067,0.8236879822097991,-0.01147985786413161,0.03627638310328207,-0.09419885503257486,0.0709628744336391
2022-08-01,0.04019884323501863,0.8333605318856434,-0.011177888213924162,0.023533781118351804,-0.10724342666771258,0.04601729931576327
2022-08-02,0.02525476691776883,0.8387446976549364,-0.010884359982608189,0.014267398801711018,-0.11680333721566938,0.029230072417068785
2022-08-03,0.015663838387367835,0.843925798899353,-0.010599019109720664,0.01014291238861409,-0.12121316450165376,0.018222460704401297
2022-08-04,0.0093361648805329,0.8490381811689993,-0.010321619851976715,0.009205020409169373,-0.12242845573884242,0.010876565595768817
2022-08-05,0.005690296875949176,0.8531826066187018,-0.010051924486241518,0.009973273220023393,-0.12192989829372369,0.006625307251860013
2022-08-06,0.003444479300429576,0.857226905156792,-0.009789703023977404,0.012033975644858086,-0.12013141733115307,0.004002084143417665
2022-08-07,0.002044948676763259,0.8566279927741584,-0.009534732936692714,0.010290502725842865,-0.12212986033745299,0.002381522204843042
2022-08-08,0.014073655672565393,0.8511219102935623,-0.009286798891947185,0.017061061285794432,-0.11560723582224697,0.016266444519800482
2022-08-09,0.2337427610379456,0.8452161024204098,-0.009045692499478581,0.23106546517049065,0.0981560616699807,0.21663732414110465
2022-08-10,0.34418281670469464,0.8391439195244887,-0.008811212067044771,0.3356678183737527,0.20252393444080885,0.290860339893507
2022-08-11,0.3082148000224374,0.8329764572463503,-0.008583162365577804,0.2937603891148237,0.16038845548041303,0.2700816344843788
2022-08-12,0.23616478979965247,0.8267490360182325,-0.00836135440327886,0.2157047656262201,0.08211102402951032,0.22218620556368218
2022-08-13,0.16587421881113293,0.8204797135238492,-0.008145605208284168,0.13936062133831184,0.005551130546607497,0.16816906525476222
2022-08-14,0.1110806792444729,0.8155642499632183,-0.007935737619563343,0.07986148579974184,-0.054157872580683386,0.11987404856297024
2022-08-15,0.07215253399856636,0.8153053136397554,-0.007731580085708752,0.040878561764226995,-0.09334495415005284,0.08130249136967652
2022-08-16,0.054447046955229325,0.8162605068399705,-0.007532966471299288,0.024326881535514433,-0.11009524799317483,0.06253195658853315
2022-08-17,0.08431638733400786,0.8182857425460112,-0.0073397358705381555,0.056414688221094744,-0.07820067190835567,0.0934147888009259
2022-08-18,0.1525388927607236,0.8204359054590996,-0.007151732427864802,0.12697536000357235,-0.0078280035685514,0.15677579012304554
2022-08-19,0.18474368748556416,0.8226397149175207,-0.006968805165265786,0.16156689144943304,0.026580600614710348,0.18338964791842238
2022-08-20,0.1618646409433647,0.8248763138520115,-0.006790807816009362,0.1411024411909808,0.005938153007001623,0.16403965007911434
2022-08-21,0.12053414909653154,0.8257549510829963,-0.006617598664557892,0.10082379572658395,-0.0345137016088467,0.12737560759567457
2022-08-22,0.1605475031131775,0.8228891245247562,-0.006449040392400055,0.1381398814571475,0.0026338258495589573,0.1632514984710183
2022-08-23,0.18308942176817347,0.8234508996361322,-0.00628499992957097,0.16140761568634865,0.02573751961593096,0.1818997390116778
2022-08-24,0.153054981016458,0.8278221531734936,-0.006125348311636247,0.13590408008992927,7.433240157694865e-05,0.15603889180560526
2022-08-25,0.18060623889255095,0.8347368296016183,-0.005969960541920301,0.17052540216386292,0.03454026670579469,0.17787705899288178
2022-08-26,0.32032173369759187,0.8418692652972184,-0.005818715458771551,0.31752457774765275,0.18138819720643562,0.27561883887815436
2022-08-27,0.3620836746113545,0.8490820181291461,-0.005671495607665814,0.3666464913444487,0.23036289095212592,0.29895469858634205
2022-08-28,0.3025695258912839,0.8609118268745718,-0.005528187117958512,0.3191054598595111,0.18267855097748098,0.2600553289247038
2022-08-29,0.23605159300079376,0.8734888257589717,-0.005388679584102181,0.26530403338727715,0.12873761697139086,0.21274717802948553
2022-08-30,0.17707261114098408,0.8815809540872455,-0.005252865951149044,0.2145529934886945,0.07785076343985498,0.16726209305572962
2022-08-31,0.12442438588410752,0.8894367757680723,-0.005120642404383054,0.16989281345941065,0.03305835986380512,0.12272329840640761
2022-09-01,0.08298544052090218,0.8995028378756939,-0.004991908262908018,0.138648664345302,0.0016854766082213812,0.08446456038776665
2022-09-02,0.05358497141645058,0.9110230072667544,-0.004866565877043039,0.12089370701777591,-0.01619482310516962,0.05555103482515239
2022-09-03,0.033944778873889817,0.923073909755748,-0.004744520529380236,0.11342646231187148,-0.023784113158736853,0.03546929571719817
2022-09-04,0.0212200527747846,0.9319400072311664,-0.004625680339357433,0.10968667387820752,-0.027642741782423652,0.022262843005247317
2022-09-05,0.24438600843607433,0.9396775279237645,-0.004509956171214376,0.3407058744002385,0.2032607345714642,0.20639602599991308
2022-09-06,0.3995508472946787,0.9472726116772463,-0.004397261545200833,0.5035784916383381,0.36602065718355037,0.2966616334405618
2022-09-07,0.3715092065377162,0.9501928913815915,-0.004287512551910695,0.478566879579011,0.34089929613093306,0.2810839198353134
2022-09-08,0.28351182346896725,0.9481801506847466,-0.004180627769623505,0.38866364059570424,0.25088917236533914,0.23018078336003292
2022-09-09,0.26298549760311307,0.9443652290268625,-0.00407652818454296,0.36442649265704663,0.22654792484160102,0.21782030010216896
2022-09-10,0.3054385182050007,0.9398272387820437,-0.003975137113811866,0.40244291408484645,0.2644629551986698,0.24527978585391905
2022-09-11,0.37333845630453777,0.9383275087798556,-0.00387638013120839,0.468941879164799,0.3308631632960187,0.28462921676900943
2022-09-12,0.3488537143463324,0.9410488295079312,-0.003780184995417675,0.44727465307045966,0.30909974206588886,0.27044966769655954
2022-09-13,0.26535048768047026,0.9440085313783397,-0.0036864815807829223,0.366824831689641,0.2285562172704353,0.21941415534898867
2022-09-14,0.18572441328550965,0.9470255740739497,-0.0035952018104390784,0.2903070797606342,0.15194718557108466,0.16395887473673668
2022-09-15,0.13694239877305953,0.9546450415520386,-0.0035062795917475964,0.2492334549449644,0.11078463853672338,0.12545252328322426
2022-09-16,0.0996217662508277,0.9671280328306583,-0.0034196507539405543,0.2244824425391594,0.0859469972931114,0.09338812750338084
2022-09-17,0.06758749689586133,0.9845431034705521,-0.0033352529878888926,0.20994764159013846,0.07132779857803884,0.0642386951508904
2022-09-18,0.0441995447952126,0.9977593509057568,-0.0032530257879258375,0.19985816412465773,0.06115609391259491,0.04241966259664946
2022-09-19,0.09246375391616042,1.0062365518441247,-0.003172910395642381,0.25667968957625664,0.11789750397191046,0.0841573934505978
2022-09-20,0.1255430654969593,1.0143983482209578,-0.0030948497455794235,0.29799885818395166,0.15913861192954248,0.11013115585256332
2022-09-21,0.19757056047650706,1.0238126665350953,-0.003018788412756231,0.37951673281046006,0.24058042522322765,0.16175968042389882
2022-09-22,0.29735088975118507,1.02863913261773,-0.0029446725619599228,0.48419764401856913,0.3451872205805405,0.2242482105709665
2022-09-23,0.5186808581093558,1.0285605345354145,-0.002872449898733679,0.7055212369576507,0.5664385908563957,0.33522943515798204
2022-09-24,0.5791755754565071,1.023489101540849,-0.0028020696220043364,0.7610149015869656,0.6218618752089814,0.3613828792568207
2022-09-25,0.47826545162190376,1.022552011470369,-0.0027334823782849864,0.6592362749256018,0.5200146613038982,0.31866996712344303
2022-09-26,0.349804836576664,1.0230699685077835,-0.0026666402174027604,0.5313604590786587,0.39207200329607284,0.2547973313234101
2022-09-27,0.23987197492689022,1.0282174867072167,-0.0026014965496868325,0.4266402592960341,0.2872866598457323,0.189160135924308
2022-09-28,0.15823686875382675,1.036832992285314,-0.0025380061045744786,0.35368414914617996,0.21426705925076595,0.13240804902923095
2022-09-29,0.10172454981020866,1.0502827410400708,-0.002476124890576951,0.31068346017131643,0.17120448906190477,0.08830200174785985
2022-09-30,0.1455311158192702,1.065905187063757,-0.0024158101565600423,0.3701727869380811,0.23063350109465264,0.1201310506156445
2022-10-01,0.32823744247613534,1.082197559925478,-0.0023570203542909356,0.5692302762589365,0.4296322006132388,0.23272071518164975
2022-10-02,0.4678209174318502,1.0939985397545797,-0.002299715102208018,0.7206720362958359,0.5810166553980552,0.2995358492169225
2022-10-03,0.44933529322175614,1.1041642816320163,-0.002243855150368327,0.7124080139150182,0.5726967730653979,0.28924069275271674
2022-10-04,0.34970220976547345,1.109565474482834,-0.0021888316205781466,0.6182311468393433,0.4784648824599328,0.23964226271865313
2022-10-05,0.25189282254872863,1.1100075308597848,-0.0021331453219281906,0.5209195022981992,0.3810975516201388,0.18495686701181968
2022-10-06,0.18558457536880815,1.1100084597647282,-0.002077966450441763,0.45466736289470844,0.31479023334516165,0.14324295541591886
2022-10-07,0.13278311787263583,1.1125709816645288,-0.0020276665316075193,0.40447872721717104,0.26455129774878994,0.10662278136152972
2022-10-08,0.08877156103005367,1.1192969423738373,-0.0019786280265850498,0.36724216958891986,0.2272657016155163,0.07348222454267136
2022-10-09,0.05781281513177316,1.1271440961778163,-0.0019308178816737445,0.3441783876395297,0.20415410952121482,0.04878895981785502
2022-10-10,0.036822782739267604,1.1350780854976195,-0.0018814461048010285,0.3311717163436998,0.19109806644851235,0.03142141433401881
2022-10-11,0.023079331905120886,1.1434732450185137,-0.001831905648946678,0.32587296548630174,0.1857497751352598,0.019784219212805973
2022-10-12,0.11707553147768164,1.1532519224641933,-0.0017834574963950245,0.4296962906570938,0.2895246521535003,0.09216169509238879
2022-10-13,0.2647324884854744,1.1585082332261456,-0.0017364271974903052,0.5826565887257438,0.44243791992324544,0.1860068254420808
2022-10-14,0.29034164299872034,1.1588956501573613,-0.0016946299260322353,0.6086949574416634,0.4684344913677071,0.20034099617077047
2022-10-15,0.2369574483739594,1.1543096924419503,-0.00165387321857365,0.55076556180895,0.410464339027535,0.1703177207469987
2022-10-16,0.17323636301065198,1.1483675893634575,-0.001614130065138645,0.4811421165205847,0.3408011505857348,0.1310803911409714
2022-10-17,0.1186199923058666,1.1421846177049875,-0.001575374193643897,0.42038153002882406,0.28000180822247944,0.0940827717189624
2022-10-18,0.07829185113511651,1.1400009110534508,-0.0015375800484690818,0.37790747635171207,0.23748996040019266,0.06426357733133976
2022-10-19,0.05036385748083495,1.141190648513981,-0.0014977587187408048,0.35120904148768917,0.2107517042064414,0.0422673551461137
2022-10-20,0.031786024886651304,1.142592753032088,-0.0014567745910643395,0.33407429753928897,0.1935759761303647,0.02706624598835413
2022-10-21,0.019749260961767337,1.1445108300818885,-0.0014172204265299007,0.3239951648287398,0.18345728925528115,0.0169629287422056
2022-10-22,0.012164445153911988,1.1464810914434174,-0.00137893565270375,0.31841889515623945,0.17784273480895474,0.010498849535670863
2022-10-23,0.007427358337101578,1.1484697670772526,-0.0013410957862622919,0.3157083238397058,0.17509432362597954,0.006425622292675132
2022-10-24,0.004502608789067822,1.1504613507778465,-0.0013034650669468961,0.31481278871158147,0.1741611577785397,0.0038984842356087025
2022-10-25,0.002713299253370062,1.1478592737220719,-0.001266456606785112,0.3104584105802708,0.16976977118706726,0.0023582165237550604
2022-10-26,0.0016267921420521012,1.140390807635277,-0.0012312763992082068,0.3019386175897347,0.16121479798895433,0.0014244895545999412
2022-10-27,0.0006334421367343296,1.1325551510488328,-0.0011972966583701319,0.2931435907388107,0.15238579139719233,0.0005589909222026553
2022-10-28,3.9581295011849205e-05,1.1241283013429533,-0.0011652277311546833,0.2841549491184243,0.14336508084959043,3.520941633643544e-05
2022-10-29,2.3644907503350776e-05,1.1156048891918142,-0.0011330747676676818,0.27564775354326376,0.13482573231094286,2.1194247709377625e-05
2022-10-30,0.029980330140322194,1.1070347479227052,-0.0011060950691887395,0.2970612772054524,0.15621227627465262,0.026367574818264915
2022-10-31,0.04467934918386917,1.0984449944256893,-0.0010797776389883476,0.30319686018218395,0.16232154182118375,0.03908529236879737
2022-11-01,0.042733436792016216,1.08985751068215,-0.001052450598469349,0.2926907910873109,0.15178814568579158,0.03773068898998148
2022-11-02,0.03493530323442052,1.0812759559015748,-0.0010238794507596571,0.27633967389684977,0.13540845734762075,0.03129811041456635
2022-11-03,0.02524853720982523,1.0727047057012828,-0.0009958003103031816,0.2581097368124188,0.11715044112273343,0.02299600404010045
2022-11-04,0.0171899970520792,1.0641556474472185,-0.0009675747872944229,0.24153036392361726,0.10054284271092306,0.01589685697586436
2022-11-05,0.011287337006172902,1.0588433178173406,-0.0009402972220871237,0.23034265181304026,0.0893278530351388,0.010547625147729663
2022-11-06,0.007232679322884136,1.0537573335522006,-0.0009137175901445064,0.221228589496554,0.08018721108671001,0.006816915555392389
2022-11-07,0.00455357112990936,1.0492213050439658,-0.0008879077352984913,0.21403926265019058,0.07297207438550057,0.0043211991791290445
2022-11-08,0.0028288854706947832,1.0447771812928817,-0.000862842950586103,0.20789551802460426,0.06680326497520184,0.002700333226815119
2022-11-09,0.010304986762436172,1.0403957080210042,-0.0008402058132985224,0.21101278318175565,0.06989789299506566,0.009807728131901665
2022-11-10,0.02667452969592927,1.0360651798596099,-0.00081675842009854,0.22307524534705458,0.08193690776716445,0.025099776978395907
2022-11-11,0.14213162499166326,1.0317788079467853,-0.0007932585484536532,0.334269468601609,0.193107631150074,0.12107535720241411
2022-11-12,0.2166723945199051,1.0243233686145068,-0.0007697058125526641,0.40137835153347323,0.2601929613460373,0.17459559569538785
2022-11-13,0.19922558798586124,1.0167131921503396,-0.0007484336619418275,0.376342640685873,0.2351359783478263,0.16384508105214424
2022-11-14,0.15126217392465913,1.0086239265709005,-0.0007262839064759625,0.32031211080069766,0.17908329870718498,0.13041123077518782
2022-11-15,0.10591283672948573,1.0014319503880227,-0.0007045479849066375,0.2677925333442157,0.12654198532913374,0.09564576269436717
2022-11-16,0.07079084623537793,0.9956817124806415,-0.0006851305436834191,0.22693972238395,0.08566975692764489,0.06637849765267906
2022-11-17,0.050215294717111,0.9946439190310737,-0.0006655441710281262,0.20534596378877046,0.06405641195981004,0.04805938834283285
2022-11-18,0.04841738030465667,0.9966951244287575,-0.0006467756362766031,0.20561802330875145,0.06430970294503957,0.04632743373117223
2022-11-19,0.05146725541943114,0.9990386438698706,-0.000629194208668619,0.21102899929224694,0.06970309750092707,0.048992828554556674
2022-11-20,0.05317830747217954,1.0015153562396044,-0.0006107887719158656,0.215235169151482,0.07389086192340921,0.05042061908765916
2022-11-21,0.04572421167633616,1.0040757152254525,-0.0005919265963765148,0.21036029451702598,0.06899712511341394,0.04355516751775672
2022-11-22,0.12362614422687068,1.0057760196570327,-0.000573881975271584,0.28998057612024564,0.1485993620955287,0.1094615790372957
2022-11-23,0.17433760610786453,1.0065457022758386,-0.0005582826792502419,0.3414773199160668,0.2000805065953285,0.14763322071719656
2022-11-24,0.16044543979136525,1.0040636742496925,-0.0005411948063020939,0.32512021344636954,0.18370631225268308,0.1377794624849182
2022-11-25,0.1238037442287692,0.9995520727391681,-0.0005240265110678839,0.28398408466848335,0.14255301517956276,0.11020884243331673
2022-11-26,0.08689529193015677,0.9957987782954102,-0.0005077113594177766,0.24333865307776303,0.10189126843719232,0.08025839830456735
2022-11-27,0.12249588412531133,0.9920457415027363,-0.0004957950647895559,0.27519812477487204,0.13373882383967295,0.10990696202690907
2022-11-28,0.14221183059938053,0.9928702366016782,-0.0004841658856285976,0.29575019552704407,0.154279265412684,0.12528770800692277
2022-11-29,0.11929270337918599,0.9958040340384482,-0.00046931642873588675,0.27577971520051214,0.1342939356292595,0.1069796900809222
2022-11-30,0.10870578829820238,0.9989367421693424,-0.0004548096649269565,0.26834001501423166,0.12683972867917015,0.09814158025542481
2022-12-01,0.09176450381907997,1.0007768528177947,-0.0004401234349562244,0.25325352741353235,0.11173855484850004,0.08399178965778914
2022-12-02,0.0669272957686424,1.0016650733348826,-0.0004612596184079461,0.22928340369673106,0.08778956731515042,0.0626312686705687
2022-12-03,0.045718846825283425,1.0061695271250686,-0.0009919851807404603,0.21204868298122537,0.0710855721619773,0.04346359172464939
2022-12-04,0.030064953869565356,1.0117984261495911,-0.0028244081095820106,0.20019126612118843,0.061060578230781926,0.028856906237565004
2022-12-05,0.019267100085258955,1.0129538038119796,-0.006191713817688811,0.18718148429116366,0.05141810210886388,0.01866567515975928
2022-12-06,0.012144025955191626,1.0143381983470832,-0.01104385594282665,0.17659066257106204,0.045679422513900225,0.011830722118394421
2022-12-07,0.00725504201614752,1.015224466022618,-0.01740626959119749,0.16622553265918194,0.04167670625039077,0.00709553781675638
2022-12-08,0.004413265649854121,1.0160585476438773,-0.02512837984603803,0.1564957276593073,0.03966901150535673,0.004324730573017612
2022-12-09,0.0026819192559048416,1.016867702605663,-0.033571818408685325,0.14713009766449647,0.03874682007319319,0.002630494091114465
2022-12-10,0.10013346523729513,1.0130767547818311,-0.04201597053314156,0.23234654369759866,0.13240741823075164,0.08995018500241106
2022-12-11,0.22915941031035367,1.0080836106571638,-0.049873640742657724,0.34852167443647364,0.2564402191791427,0.18521778375533066
2022-12-12,0.25226999900083447,1.002950408901426,-0.05638764309408601,0.3599850590197884,0.27441760611388577,0.2009766551058799
2022-12-13,0.2090447914843248,0.9954623339309192,-0.06118230234427444,0.30447711728258353,0.22370432362686932,0.1735521418457847
2022-12-14,0.18438527122831172,0.9878116629600292,-0.06431780911817693,0.269031419281778,0.19139413239996628,0.15729888540954493
2022-12-15,0.2194792458191289,0.9801073327490682,-0.06604645577710078,0.2946924170027103,0.21878377677982253,0.18296240533225622
2022-12-16,0.21087701905299178,0.9769657792986705,-0.06667458266799059,0.28232050989528545,0.20703999656328753,0.17752939980409882
2022-12-17,0.22596533991491732,0.978678854559704,-0.06659604012403647,0.29920044856219885,0.2238413926862467,0.1875784907704362
2022-12-18,0.35071415753373325,0.981214656586316,-0.06615016598489387,0.4269309423467693,0.3511260123316745,0.2633129892646971
2022-12-19,0.44193273653764903,0.9843689655963683,-0.06538963270236335,0.522064363643268,0.44549890034564277,0.30984520026613865
2022-12-20,0.5203006384167733,0.9908425283912708,-0.06430802695662953,0.6079874340630285,0.5303403650196695,0.34430929500597446
2022-12-21,0.4847386405792394,1.002153482836816,-0.06294726303089467,0.5850971545967745,0.5060893216276806,0.32600794162899877
2022-12-22,0.378986256500955,1.013833126602276,-0.06137438401184922,0.4925972933029956,0.4120165813148563,0.27210007349019344
2022-12-23,0.2725558500786917,1.0256445897036088,-0.05968074088925371,0.39967199310466084,0.31739763799392595,0.20994897376894855
2022-12-24,0.29184147981010217,1.0375196149105577,-0.05814877112335398,0.43236461780891977,0.34855829293228513,0.21953514434046767
2022-12-25,0.2801884822253542,1.0535467235226184,-0.057074160652688055,0.43781333930689836,0.3529324039595979,0.21007804324114066
2022-12-26,0.21417938683151821,1.0739523294153734,-0.056781916995920056,0.3925020934625856,0.30732891445851707,0.16627134021321405
2022-12-27,0.1502749511748022,1.091918544172831,-0.05800733339473102,0.3453384561645161,0.2613906935592586,0.12097547744181923
2022-12-28,0.10051373452715087,1.1061324365626863,-0.06092698500198371,0.3068714802994674,0.22584336930146265,0.08330008989824028
2022-12-29,0.06512741859267565,1.1200927425894085,-0.06515544569050885,0.2812170097031892,0.20441735939370942,0.054949637818952186
2022-12-30,0.04115819942435732,1.1339413444971647,-0.07047017487918884,0.2657816632539469,0.1942967421331473,0.03502528754883598
2022-12-31,0.025755796624617903,1.1431113664246595,-0.07675080144958513,0.2532686558113062,0.18806436126090265,0.022034836325992405
2023-01-01,0.015713757909372003,1.147335723724846,-0.08403615681359616,0.24016561903223588,0.18224667984584342,0.01351082491115715
2023-01-02,0.0220122802383145,1.1465394660168184,-0.09208272466365064,0.2376213158030962,0.18774894446675827,0.018837231905953183
2023-01-03,0.04161856748040289,1.1448054770352825,-0.09988650155703922,0.24768983717026005,0.20562124272731064,0.035078998670658404
2023-01-04,0.04484674585340382,1.1419126442468241,-0.1062927643455905,0.2416189199662515,0.20595658831185337,0.03778924879593013
2023-01-05,0.06588526417765851,1.1388160863945935,-0.11111959467265571,0.2547340501112103,0.2238985487838775,0.054690122283304464
2023-01-06,0.08758292281844446,1.1310156344630817,-0.11477310744370324,0.26497774404943675,0.23779575549315146,0.0718718418753311
2023-01-07,0.14144131565807314,1.1228636322479995,-0.11716061598769678,0.30829662612998976,0.283502146117698,0.11187278503681143
2023-01-08,0.3394506990487175,1.1159507425059207,-0.11819061580275643,0.4983631199634959,0.4745986397662637,0.2332350988234018
2023-01-09,0.448060182450187,1.1108731354609829,-0.117988338918703,0.6020972732040808,0.5781305161227953,0.2874145913120564
2023-01-10,0.6206114760408993,1.1058803328257139,-0.11678415675172407,0.7708599463265029,0.7456890070782384,0.3594638983247253
2023-01-11,0.7328524078037428,1.104111476639276,-0.1148199850108851,0.8832961936437476,0.8561610826546441,0.398947640729447
2023-01-12,0.6631354356112176,1.1043760379923135,-0.11230554344297661,0.8163582243721683,0.7867086718151565,0.3751802721027003
2023-01-13,0.5073090044202448,1.1093986608648785,-0.10944824611170209,0.6684117133850351,0.6359048634967487,0.3137914264362541
2023-01-14,0.3557633327663464,1.1193473440969295,-0.10665403411461122,0.5296089369602788,0.49430787507490137,0.2411773830576925
2023-01-15,0.23794892053913116,1.1328983420867011,-0.10450155567116609,0.4274980011662801,0.3900444608374577,0.17357799590549894
2023-01-16,0.15441030938605899,1.149533933537374,-0.10330681492756949,0.3617897222074773,0.32314144113505827,0.1184178773164965
2023-01-17,0.09807067273031386,1.1710438354054074,-0.1032494433770608,0.3270173589702743,0.2883117063473465,0.07727488110933015
2023-01-18,0.061299537270881964,1.1915559300302627,-0.10453211898565469,0.3094756425271039,0.2720526655127701,0.048927860292561264
2023-01-19,0.05502868361054583,1.2102733886279993,-0.10727541187427614,0.31917895457588297,0.2844992704501704,0.04349055045266011
2023-01-20,0.04864069279489738,1.2243120845809203,-0.11091751863336002,0.32318755295407176,0.29214997558744316,0.038210916900758715
2023-01-21,0.03596070569872691,1.233441474805772,-0.11449438685727004,0.3160600878588429,0.2885993787161244,0.028328851368787655
2023-01-22,0.02456718654406553,1.2375718532483704,-0.11795103871163143,0.30534029529241846,0.28133623800406127,0.019464722799562326
2023-01-23,0.01562783557975659,1.2366532556953405,-0.12174151571655607,0.29169186977015493,0.27147828948672237,0.012479494970130086
2023-01-24,0.00993537963987664,1.2306688613707364,-0.12599567041731408,0.2757608648049128,0.2598014392222384,0.008008500464082845
2023-01-25,0.005563007453648507,1.2241878278753429,-0.13056941555638585,0.26033371398421945,0.2489480335406168,0.004523686663860043
2023-01-26,0.0031572483941181245,1.217479557618011,-0.13523716729778595,0.24655193292595712,0.23983400422375445,0.002586558408338501
2023-01-27,0.12611523629934965,1.2106303314331546,-0.1397034259143613,0.35819443602975687,0.35594276594412955,0.09434498183021957
2023-01-28,0.8586951187830607,1.2036880478145264,-0.1434865885318321,1.0800488722773687,1.0815803648092124,0.41636061265942714
2023-01-29,1.166392756468648,1.196684732448917,-0.14599602004017231,1.3782337630890062,1.3822746871291902,0.4935905665128772
2023-01-30,0.9874998220438751,1.1896442524747892,-0.14700786079777098,1.191288507932507,1.1963412727302898,0.45357578012479366
2023-01-31,0.7279940976645435,1.1825794643835568,-0.1469710226726283,0.9247548335870859,0.9297707602597257,0.38103431981134867
2023-02-01,0.5016444952900716,1.1736688579961807,-0.14690029658217796,0.6895653509156883,0.6945105514978777,0.2994332339714588
2023-02-02,0.3320489521053471,1.1692291704430762,-0.1474080129431503,0.5150224038168869,0.5204753207600487,0.2211775067644982
2023-02-03,0.21393763389640194,1.1696189210996955,-0.14839806389565263,0.39631078531205866,0.40275375320772266,0.154628759571744
2023-02-04,0.13527388299871504,1.1708177355025222,-0.14959339118651374,0.31765052152633744,0.3252888167128626,0.1035715114334354
2023-02-05,0.08432048449605589,1.1721720668917701,-0.15096404963271115,0.2666807959667288,0.27568974959945136,0.06710782678569953
2023-02-06,0.0648274091182525,1.1736071624081679,-0.1527182617474061,0.24686860399062827,0.2576317697380458,0.05234625276840431
2023-02-07,0.05090654042736714,1.1750918584378405,-0.15475009499002068,0.2324005980868009,0.24519559707683303,0.041522517871545817
2023-02-08,0.03574200481971269,1.1766085366809356,-0.1566954399911521,0.21680739572111007,0.23154773971227371,0.029481576158221705
2023-02-09,0.02385042728912237,1.1735621338430333,-0.15889926751578135,0.19966558782798827,0.21660975934378113,0.019918303902350703
2023-02-10,0.015432617418587263,1.165671107400329,-0.16183465120200832,0.1804213678285218,0.2003009230305416,0.013066267673445322
2023-02-11,0.009370858730097548,1.156974067619285,-0.16562707580568747,0.16187014475530903,0.18554212456100794,0.008034380326433962
2023-02-12,0.08074382578133359,1.1495093130285141,-0.17009207916612462,0.2213133538553369,0.249450337021473,0.06563187951663794
2023-02-13,0.8709779144311235,1.1420648971010192,-0.1745024414630664,0.9996926642806903,1.0322400097437683,0.4326673578135257
2023-02-14,2.016009846727528,1.1346159153070536,-0.17776898977849434,2.1340090664677014,2.1698229602462074,0.6398760116230523
2023-02-15,2.2347213807188706,1.127171681782735,-0.17934187072155766,2.3437034859916626,2.3810902607132314,0.6647211375176819
2023-02-16,1.8259886045051776,1.1197416924449537,-0.17919700274844136,1.927685588413304,1.9649274951617568,0.619876370350578
2023-02-17,1.3337500193045901,1.112328630826171,-0.17759757324887704,1.4296333710934983,1.4652758483423867,0.5452604801702886
2023-02-18,0.9134287546546396,1.1095242849702562,-0.1751298571052711,1.0089754767312384,1.042150237836521,0.4515323572830002
2023-02-19,0.6021057715814666,1.1102319758118786,-0.17262743492008964,0.7008626066848695,0.7315349456049706,0.3516279264987525
2023-02-20,0.3868787922837409,1.1158293871753873,-0.17082248669985228,0.49303798697088985,0.5219053776707535,0.25745437309257924
2023-02-21,0.2440313000932252,1.1232089376568817,-0.1702358576235186,0.3581566743382023,0.3864374359617323,0.17848458036518616
2023-02-22,0.1561295577386521,1.133126419753359,-0.1710135136477358,0.2793947580558893,0.3084531757036365,0.12110051104232292
2023-02-23,0.2411924874703202,1.1432981439184442,-0.17258588075049536,0.3730570448498829,0.40368782960038974,0.17421027055154803
2023-02-24,0.3631111063624282,1.1535786193191397,-0.17379904924324333,0.5040429706499385,0.5358869238931933,0.23941027634986706
2023-02-25,0.4396105992041749,1.1593303780017499,-0.1739342828537125,0.5861589885638263,0.6181381754175502,0.2749386034075967
2023-02-26,0.4012583671563749,1.160250503086661,-0.17283623958195787,0.5498249248726921,0.5807060684546613,0.25696835592994255
2023-02-27,0.4141071168564862,1.1562378205959345,-0.17078258193195361,0.5607146497320812,0.5895421356640461,0.2637045575020571
2023-02-28,0.5416721025659514,1.1509069907437668,-0.1681448047585828,0.6855865827627494,0.7117762915213436,0.3200276458022119
2023-03-01,0.5284632831261027,1.1476581982034522,-0.16502650492930326,0.6722472706118656,0.6953186795411802,0.3152893683499052
2023-03-02,0.4089951812418448,1.149021824724684,-0.16159176657472213,0.5575775336034205,0.5772142041781542,0.26251008793586383
2023-03-03,0.2887820129044334,1.1552278798312396,-0.15832971906718485,0.4468324678801021,0.4632070909472984,0.19998617347235526
2023-03-04,0.2582616926867646,1.1617777005359116,-0.15581383929706463,0.42537784813722546,0.4392365914343016,0.18186938610249284
2023-03-05,0.2391630539299783,1.1730234128362504,-0.15404227719047098,0.4192964837873716,0.4313836649778541,0.1693565683840879
2023-03-06,0.1969150921530733,1.189178960152828,-0.1523487129241918,0.3948976335933234,0.4052912505175267,0.14206474071906305
2023-03-07,0.14632097447596268,1.2052541924822393,-0.15026928124999872,0.3624581799198172,0.37077236516982726,0.1082595907745675
2023-03-08,0.10083312858412373,1.2168426643300543,-0.14788207017867794,0.3309460169471141,0.3368729911258034,0.0765234734722725
2023-03-09,0.06665306315316764,1.2236192705356723,-0.14580568124359045,0.3056189466568635,0.30946953190046533,0.0516581355833687
2023-03-10,0.10239622655832918,1.2300436660230365,-0.1446819061063707,0.3489102806866089,0.351637090792991,0.07684866471534013
2023-03-11,0.11588006810743279,1.2381602037907755,-0.14440933406769346,0.3707832320421287,0.37323747010983366,0.08558096129960913
2023-03-12,0.09315035243453336,1.242625069732613,-0.1443887028782221,0.3525390135005384,0.35497262037877186,0.06973503995410195
2023-03-13,0.06712704407334423,1.242246037719963,-0.1445972232414935,0.3259281527634277,0.3285702800049325,0.051266552678330274
2023-03-14,0.04527090117681697,1.2414804665281973,-0.1453682522281409,0.30253540968848713,0.30594856591663955,0.035182322174298446
2023-03-15,0.02917288041533567,1.2405536501207906,-0.14683198960677404,0.2840468351409662,0.28892372874775163,0.02297571934880953
2023-03-16,0.018717541430548146,1.2441090202670546,-0.14892591769079278,0.2750529382184237,0.282023759909228,0.014821941506667692
2023-03-17,0.020361452701096662,1.2432832278240775,-0.15156324888133038,0.2732337258554578,0.28284187873679956,0.01611327378249587
2023-03-18,0.020098995857215658,1.240378867796336,-0.15425068204093462,0.26737947582423116,0.2796750618651772,0.01594553655941074
2023-03-19,0.015286045204016708,1.236364518840182,-0.1564777335611981,0.2563251246946143,0.27084776225582397,0.012212709875371352
2023-03-20,0.010728008705056635,1.232210660245823,-0.15831409436364885,0.24577686879884486,0.26213586716250503,0.00863116497462563
2023-03-21,0.024307161451793617,1.2279885326679105,-0.1599152219381527,0.25353276639316524,0.27149289233132945,0.019410081473513516
2023-03-22,0.030200575641126857,1.2237247438396006,-0.16116588532970139,0.25391172836264,0.27312251769235274,0.024084827997279335
2023-03-23,0.024944473226216277,1.2157679404766062,-0.16178663741705115,0.24007807049738528,0.25990961191444784,0.02010495982043992
2023-03-24,0.018178099695837065,1.2075767343750161,-0.16198108929190097,0.2249260389905663,0.24495203228247864,0.01483012686596209
2023-03-25,0.01224442228615238,1.1993128336356007,-0.1622565171462751,0.21045303298709195,0.23075445413337847,0.01010635050576856
2023-03-26,0.008081526879844586,1.1910170469023087,-0.16302844896597724,0.19722241902779003,0.2182957719937787,0.006739668494771141
2023-03-27,0.005197611720052779,1.1845444768036695,-0.16442622634251225,0.18646815639282388,0.20893928673534756,0.0043686877771149345
2023-03-28,0.06324205560814271,1.1781849296757165,-0.16621225923623106,0.23636702025924206,0.26062418349548466,0.05094303278229614
2023-03-29,0.09996744712487898,1.1718711393488026,-0.167729500244191,0.2652613804411046,0.291035784685307,0.07860073454922467
2023-03-30,0.09092473777487951,1.1646761233138343,-0.1683328240207113,0.24842033127961627,0.27479805930033907,0.07241531970282336
2023-03-31,0.06885904882329467,1.1574590459050598,-0.16806494981599543,0.21940543912397303,0.24551529293997987,0.05615105013886944
2023-04-01,0.052389433731922855,1.1502578593360304,-0.16751332929118304,0.19628625798838417,0.22184449127957862,0.043561760820395985
2023-04-02,0.0813422487381535,1.1430816100418393,-0.16685857161446496,0.2187175813771416,0.24362105699161807,0.0664330804687213
2023-04-03,0.09015513378235336,1.138685520138542,-0.165740173739985,0.22425277439252422,0.24803785213252072,0.0733660084362386
2023-04-04,0.0722407888265535,1.1354036861327956,-0.16419720195457135,0.2045995672163916,0.22684167317097448,0.05981958293560299
2023-04-05,0.051831445059460045,1.1322610888949438,-0.16276670842080845,0.18247811974520944,0.2032897321660293,0.04377313729558228
2023-04-06,0.03517724268619044,1.1291949685281255,-0.16183013392790893,0.16369437149802102,0.18356940942594135,0.030211338219334805
2023-04-07,0.07444658417222459,1.1266438600444661,-0.16149768594869973,0.20074505247960484,0.2202876424283161,0.0619824964312126
2023-04-08,0.09134334162461129,1.1287501981933308,-0.16144912479476592,0.2197967092347899,0.23929073802956735,0.07486585138237943
2023-04-09,0.07947475517859215,1.1311725051324881,-0.16111749044972473,0.2106820640729694,0.22984445852270563,0.0656464998385829
2023-04-10,0.08678574072266818,1.1291258089830043,-0.16020388887553655,0.21685995504174982,0.23510874791729786,0.07137504429798024
2023-04-11,0.0811941175306422,1.125960376257702,-0.15856994402963598,0.209736843970322,0.2263516919999694,0.06726075075596608
2023-04-12,0.06147133048383968,1.1227059972491962,-0.15657311879185498,0.1887565031527949,0.2033745259446612,0.05191057879947685
2023-04-13,0.04724994901557773,1.124013595119081,-0.15493486880045595,0.17748096954581682,0.19046074234628418,0.040341005448510284
2023-04-14,0.03507637916374875,1.1251344476433476,-0.15372733600302957,0.16763578501568066,0.17940802501872166,0.030232763178291527
2023-04-15,0.024092780404423194,1.1221909561616314,-0.15259653107233057,0.15483949970533795,0.1654809347776799,0.02101816473170807
2023-04-16,0.015873802780821584,1.1217991195852006,-0.151440943548524,0.14738427302911217,0.1568701205776476,0.013952870345027447
2023-04-17,0.010056428505888651,1.1215325731048325,-0.15031129297222517,0.14243000285010976,0.15078619982234642,0.008886997391786397
2023-04-18,0.006346630983034062,1.1213008448404094,-0.14928660461475815,0.13951316542029912,0.14684467403506873,0.005628204841588063
2023-04-19,0.003949549827702024,1.1215495143933376,-0.1483806353842878,0.13827072304836574,0.14469626243266498,0.0035091542527718724
2023-04-20,0.002431227692440476,1.1172582340857076,-0.14754733866320968,0.13329441732655234,0.13888665998977345,0.002171341050740542
2023-04-21,0.014332348712232284,1.1127145652907708,-0.14676069628722602,0.141438511927391,0.1462441122146284,0.012716727701535674
2023-04-22,0.028444214022385374,1.1076461090253862,-0.14587832570775333,0.151364291551632,0.15528752125939682,0.025036930114921262
2023-04-23,0.029685664266051282,1.0997735096667,-0.1445923976341674,0.1460190705101978,0.14865637214437666,0.026283078619554232
2023-04-24,0.032039710219435885,1.091720663296426,-0.1428609666789244,0.14205170104855136,0.14295757172748724,0.028511158583742004
2023-04-25,0.029456048426779326,1.0836181854207787,-0.14082245109115277,0.13340407696801926,0.13227143205918346,0.026463687264558045
2023-04-26,0.03513764587903536,1.0750405898880029,-0.13860560294291208,0.13272492703574001,0.12937543397866358,0.03165045462700703
2023-04-27,0.03470372706078941,1.0678151569630467,-0.13636142670897122,0.12730975152647894,0.1217160822354616,0.03147676431094955
2023-04-28,0.02683886174181043,1.061596208163151,-0.1341213374890154,0.11546602662756,0.10763226811658677,0.024658211117870275
2023-04-29,0.018947413384232725,1.0554771844374802,-0.13210672326190104,0.10347016877142567,0.0936217960333382,0.01763494006247315
2023-04-30,0.025573744713268485,1.0503313956984812,-0.13048442357745163,0.10657301104591199,0.09510233862337503,0.023769516245160233
2023-05-01,0.04884327715216078,1.045287591098832,-0.1290404938744989,0.12624266858810773,0.11332806646261806,0.04464116548529382
2023-05-02,0.062230335252019535,1.0416788302463071,-0.12739726290506892,0.13766419680487163,0.12310636370995198,0.05637269550518454
2023-05-03,0.05577010899991389,1.038198273228106,-0.1253635019392858,0.12975717450034807,0.11316558043964531,0.050979635157581284
2023-05-04,0.04617446731793768,1.033411600947343,-0.12294095784748495,0.11779740462940969,0.09878326647690605,0.04277052907151029
2023-05-05,0.03552386542459186,1.0276796701724067,-0.12019267127598543,0.10416315853262714,0.082400733808624,0.03341210241992366
2023-05-06,0.024850169164077663,1.0232886608115697,-0.11721404150364118,0.09207708268362014,0.06733602818727269,0.023708852733425625
2023-05-07,0.0165757117486845,1.0203673832426887,-0.11408145139286985,0.08401393781011723,0.056140293202998515,0.015985170091539498
2023-05-08,0.010747608803606656,1.0184936316552176,-0.1108426061199081,0.07955092855053003,0.04843843867044961,0.010442264049597829
2023-05-09,0.04534222670057862,1.0153650211624603,-0.1075607119099111,0.11429883016474163,0.07990444607466418,0.042747164019033196
2023-05-10,0.11737271324145157,1.0126840825708716,-0.10429369189955158,0.1869153981243854,0.14925399402394846,0.1038644373242144
2023-05-11,0.14356240776051332,1.0100548383531516,-0.10106145610052071,0.21370808422475807,0.17281444432529025,0.12444544171314187
2023-05-12,0.1224669370311665,1.0074620198760502,-0.09788697613820732,0.19319427498062325,0.14912615511884197,0.10838463452284354
2023-05-13,0.09037411038580494,1.0035266165619756,-0.09478109201516162,0.16027192914423283,0.11309792515940587,0.08261637291161533
2023-05-14,0.06228490155231748,0.9972472549833395,-0.09175464836866587,0.12892980237860507,0.07872935474728238,0.05878528666460665
2023-05-15,0.041184035618760946,0.9940436175308622,-0.08881466245848181,0.1075652849027553,0.05442485136124853,0.03978258839344253
2023-05-16,0.026471191466264633,0.9955906120957752,-0.08596396403238256,0.097250133741271,0.04125900177366504,0.025899795270705288
2023-05-17,0.016711632747796964,0.9979290427418315,-0.08320452008454901,0.09258844961669332,0.033837873701253796,0.01647049359590531
2023-05-18,0.010418475661251956,1.0004183422845843,-0.08054779180691041,0.09144132035053976,0.030034016157461596,0.010306782931021226
2023-05-19,0.027823550855130358,1.0029888378941674,-0.07798919563340798,0.11397548732750362,0.05000958696092306,0.026991866957370533
2023-05-20,0.05296184551339615,1.0056115013643028,-0.07551960483189608,0.1442060362574168,0.07777054508932435,0.05003134234355046
2023-05-21,0.08106895767118533,1.0082671567051682,-0.07314050338428597,0.1773479052036815,0.10853331258797894,0.07442051778261058
2023-05-22,0.08209548348003069,1.0068204398930403,-0.07084077622449511,0.17922744136018975,0.10811312158469633,0.0753919395592346
2023-05-23,0.06852667561693541,1.0005591725323584,-0.06862569433686772,0.16161244802403996,0.0882830463609191,0.06409838436788093
2023-05-24,0.05189687696829623,0.9930439090229518,-0.06648155956114019,0.13961152064172178,0.06413798420287342,0.04966489744111768
2023-05-25,0.036012139442036344,0.9876529128030361,-0.06440019488775814,0.1204171515689283,0.04286225045669789,0.035179612084104625
2023-05-26,0.023982528515039056,0.984165943253371,-0.06238830822889849,0.10691245775112557,0.027345669980035514,0.02378868707004128
2023-05-27,0.01552946893727352,0.9835514592932497,-0.06045071436778189,0.09978250807435518,0.018278126442148546,0.015543754763468295
2023-05-28,0.009851750906779309,0.9831489864957996,-0.058583892138623986,0.09556913947556878,0.012197935614204236,0.009921191934407644
2023-05-29,0.006155818212244432,0.9832864260009385,-0.05678408982445304,0.09381044860034382,0.008639442424808297,0.006221503324976403
2023-05-30,0.0038017708637048528,0.9835011307804231,-0.05504793069250972,0.09340726516323217,0.006500099855753283,0.0038506631119729013
2023-05-31,0.002326249447735911,0.9837591670294047,-0.053372352791077916,0.0938653578976767,0.0052826146887660075,0.0023590749937734607
2023-06-01,0.0014126890603996436,0.9817587356850818,-0.051754560251737254,0.09256915870535798,0.002368622957106714,0.001436869527371947
2023-06-02,0.0008525394707818733,0.9778060964514941,-0.05019198376288554,0.08961894637100432,-0.0021441658660986684,0.0008711305857720762
2023-06-03,0.0004414306817793051,0.9709702993477488,-0.04868224837265228,0.08388177586848977,-0.00939107175884657,0.00045442181531603175
2023-06-04,0.00020783380167815806,0.9639325975405961,-0.047223147163167015,0.07806957839072115,-0.016662370446100416,0.00021556382755239534
2023-06-05,0.07284895449293656,0.9563754852045714,-0.045812619638879094,0.14456411427024274,0.04842163790913323,0.07078043591186689
2023-06-06,0.12994515731141493,0.9487682817519245,-0.04444873390803224,0.19541699936692125,0.09791063727496485,0.12046309298255146
2023-06-07,0.1381423983723799,0.9411511044103432,-0.043129671922921366,0.19731612507141572,0.09849070099434842,0.12799335678034737
2023-06-08,0.13736936068493297,0.9335408533698413,-0.04185371719212501,0.19020879107426314,0.09010741226639951,0.12827346203451834
2023-06-09,0.12533099527754085,0.9259504784456534,-0.04061924449497425,0.17181452343983383,0.07047867193481949,0.11921735368708772
2023-06-10,0.11555091254884342,0.9183849581261425,-0.039424711221567335,0.15566345366503254,0.05313306888661129,0.11175829742071734
2023-06-11,0.09530144531555372,0.9154335823156295,-0.03826865003581307,0.13361867180698417,0.029932225842808635,0.09428924763684866
2023-06-12,0.06892262168761681,0.9150824604049822,-0.037149662618119916,0.10800771368609297,0.003202280304224314,0.07004295297036983
2023-06-13,0.04690327773479576,0.9163572541122189,-0.036066414291699246,0.08834641176692937,-0.01754226994135999,0.048692203390561996
2023-06-14,0.030777878986673207,0.9201249288360134,-0.03501762937430598,0.0770374726599945,-0.0298999939656881,0.03236700820891078
2023-06-15,0.01970942148700708,0.9250486439767437,-0.03400208712762147,0.07190827254774323,-0.036044736324623905,0.020861871634122932
2023-06-16,0.012401733426684524,0.9319709377676592,-0.033018618200862354,0.07250634720509519,-0.036430130594030996,0.013132245145340886
2023-06-17,0.1832997996705298,0.9390861481354504,-0.032066101484819295,0.2514721405327749,0.1415831460176057,0.16331262880548436
2023-06-18,0.42489310432646993,0.9417013558291771,-0.031143461308273005,0.49660329305898787,0.38579165836727236,0.3109138202404809
2023-06-19,0.48995393027906214,0.9417976384694025,-0.030249664921477633,0.5626541980386008,0.4509487669600899,0.3422059671339107
2023-06-20,0.41456064963831313,0.9403313824601598,-0.02938372022163226,0.48666060608845463,0.37408923031009833,0.30597319920483745
2023-06-21,0.32394216217714,0.9364228676158437,-0.028544673683539412,0.39297265032105844,0.27956222800460917,0.2570224931029289
2023-06-22,0.40420795396693715,0.9314002940149524,-0.027731608465347835,0.4690289337281557,0.35480544619351495,0.3026396060204759
2023-06-23,0.5694675972900219,0.9290003348795984,-0.026943642664676387,0.632676583716558,0.5176651303812457,0.3800332226432728
2023-06-24,0.6041057125941813,0.9312958509355079,-0.026179927704807236,0.6703739300364961,0.5545987617413147,0.393451281373858
2023-06-25,0.5051455565023301,0.9366398344601305,-0.025439646834186386,0.577498038339888,0.46098258917408585,0.3503611284097707
2023-06-26,0.5807116008459008,0.9427022841077087,-0.0247220137253484,0.6598441654398752,0.542611083165235,0.38119095971321304
2023-06-27,0.5673498012003958,0.9507245603018848,-0.024026271161742017,0.6552003845521523,0.5372715597139058,0.3737299144153575
2023-06-28,0.4414844853856076,0.9634998983537275,-0.023351689802816964,0.5427849881481321,0.42418158195096056,0.3142273255810903
2023-06-29,0.31431898625275584,0.9811961078669973,-0.022697567019308536,0.4339698213120584,0.31471229233137843,0.24262085998027072
2023-06-30,0.21199840954007457,0.9992759245124883,-0.02206322579190476,0.35036340247227216,0.23047153226418826,0.17502097054330465
2023-07-01,0.1383198566951055,1.0133570791974527,-0.021448013667537846,0.2913812164366343,0.17087413410418362,0.12010300144450367
2023-07-02,0.08764822290183415,1.0290745796898506,-0.020851301768367476,0.257023795034931,0.13592000080331001,0.07848700026400517
2023-07-03,0.05448866420139325,1.0443760507298465,-0.02027248384924065,0.239744525293613,0.11806191314286518,0.049586326197399846
2023-07-04,0.033697197803530636,1.0582457152037423,-0.019710975399974344,0.23338423181891255,0.11114011121889822,0.030859853021735942
2023-07-05,0.020670326192496525,1.067396088536023,-0.019166212789280816,0.23005249615085255,0.10726361294014486,0.018997301922653243
2023-07-06,0.012529360420960308,1.0716070153901867,-0.018637652447551396,0.22665101757520945,0.10333357402277221,0.011556996610860775
2023-07-07,0.007029766451058481,1.0708027440206758,-0.018124770086037027,0.2208600345973113,0.0970297086833597,0.00652213250459644
2023-07-08,0.16217959168025156,1.0690727280494343,-0.017627059950231724,0.37477755399106805,0.2504495179413112,0.13171921715920676
2023-07-09,0.5637354931401476,1.0625196732220017,-0.01714403410549968,0.7702634264682637,0.6454523645737748,0.3466463964576945
2023-07-10,0.6981189791451912,1.0555485843020862,-0.01667522175316855,0.8981446359057228,0.7728647616589027,0.39809083186374367
2023-07-11,0.5854715017063633,1.0479441736502733,-0.01622016857548254,0.778347800992768,0.652612873568262,0.3584338699201798
2023-07-12,0.4318137493398599,1.0402060550477823,-0.015778436107935244,0.617393662491321,0.4912170025992676,0.2933477851675329
2023-07-13,0.2974415488175917,1.0323895291424814,-0.015349601137636282,0.4756337710340508,0.3490282761716984,0.223668670214761
2023-07-14,0.19681621691544496,1.029109266370061,-0.01493325512644852,0.3721445223706714,0.24512268149713135,0.16054500832136498
2023-07-15,0.12680481855889014,1.0306548873262071,-0.014529003657740257,0.30408299643897085,0.17665690409672263,0.10955441292180779
2023-07-16,0.08015917349925898,1.0334538678769483,-0.014136465905653376,0.2606288696821679,0.13281023958783267,0.07198117346057474
2023-07-17,0.10563319102943523,1.0368831037185795,-0.01375527412588362,0.28991331483374494,0.1617134929596401,0.092456616605834
2023-07-18,0.11376529640434357,1.0404171484399303,-0.01338507316700081,0.30194966588888694,0.17337964305589926,0.09856786239691348
2023-07-19,0.09021729158606344,1.0440013813112021,-0.013025520001414433,0.2823454471074651,0.153415871108891,0.07954135630267045
2023-07-20,0.06443358727879435,1.047612644053797,-0.012676283275124444,0.26052224226908094,0.13124342954421675,0.057941464539277336
2023-07-21,0.11637508124863583,1.0466470269863744,-0.012337042875457416,0.31183735957116654,0.18221930644663542,0.10006265609623312
2023-07-22,0.1369804396827186,1.0408301313957284,-0.012007489516004444,0.3269553757740564,0.19700776929007235,0.11630090869136472
2023-07-23,0.11532582343612098,1.0383279168503077,-0.01168732433804707,0.3031187101599955,0.172850938498054,0.09996571710285267
2023-07-24,0.09004809365539378,1.0354583646923392,-0.011376258527761205,0.27528249403158567,0.14470365655935835,0.0800067320693888
2023-07-25,0.06608802486643642,1.0325615641689865,-0.011074012948547308,0.24872787029848942,0.11784678724704822,0.060153870284027015
2023-07-26,0.07522504135252696,1.0296528750370335,-0.01078031778784418,0.2552498928133302,0.12407511460118592,0.0680844826714809
2023-07-27,0.07876418285422215,1.0313218940014433,-0.010494912217830063,0.26074345884944905,0.12928327506729065,0.07095322110274802
2023-07-28,0.08538112122188529,1.0332692169858142,-0.010217544069431057,0.2695850883498825,0.1378475364193249,0.07632511992861223
2023-07-29,0.07802093845617392,1.0357596210774163,-0.009947969519081685,0.26498488422612243,0.13297775774521547,0.07005054791838546
2023-07-30,0.05879940232576825,1.0341939893794978,-0.009685952787714123,0.2444597331291658,0.11219058991689146,0.05379666773101951
2023-07-31,0.04094222807543125,1.0324131263725331,-0.009431265851473542,0.22507638280810482,0.09255255265958973,0.03814415040253671
2023-08-01,0.02708093667731448,1.0337791680833812,-0.009183688163666354,0.21282871080864307,0.08005730297232094,0.025527340085451967
2023-08-02,0.043227785368621395,1.0357686248630693,-0.00894300638748983,0.2312056980558148,0.09819360844331604,0.040062955686144666
2023-08-03,0.04941547673936597,1.0355375283263086,-0.008709014139094426,0.2373962851381941,0.10415020327729996,0.04554619094895704
2023-08-04,0.03990419743271822,1.0351981861375534,-0.008481511740555853,0.22777316604132958,0.0942995817818969,0.03711664864903536
2023-08-05,0.028524085616523105,1.034373695027415,-0.008260305982351446,0.21578976887320067,0.0820949788555635,0.02683615126117046
2023-08-06,0.019416074985276175,1.0330452659118234,-0.00804520989495311,0.2055684252137604,0.07165853910872488,0.018448254801194174
2023-08-07,0.012733830666324822,1.0316758353348061,-0.007836042529161969,0.19772591768358283,0.06360686421275619,0.012192371519387138
2023-08-08,0.008145656570514706,1.0298370317844894,-0.007632628744830505,0.19150235382178749,0.05717988656662942,0.0078475842245731
2023-08-09,0.009411824882749447,1.0275049227359585,-0.0074347990076290005,0.19063424282269303,0.056113945830333356,0.00907674112156431
2023-08-10,0.03516825853469974,1.0228411093217789,-0.007242389193532742,0.2119192728745598,0.07720656606810394,0.033240025658705125
2023-08-11,0.04567621557572685,1.0180217625404848,-0.007055240400710408,0.21779503192711513,0.08289517632783705,0.04294096305101428
2023-08-12,0.03811775510569597,1.0131516304537562,-0.006873198768519032,0.20554848100254697,0.0704665837710775,0.03625878925924483
2023-08-13,0.027952013745790778,1.0082632853253788,-0.006696115303318835,0.1906714779794645,0.05541249728279485,0.0269751023468251
2023-08-14,0.032050882897939136,1.0033681485561439,-0.0065238457108257875,0.19004747995487103,0.05461622966570834,0.030954504335243594
2023-08-15,0.03183313531501918,0.9961852104415522,-0.006356250234746905,0.18281438973343822,0.047215543968196605,0.030965532323833728
2023-08-16,0.0803198989881861,0.9916250850990617,-0.006193193501438321,0.2269040847974233,0.09114218229887305,0.07492912433055306
2023-08-17,0.10028449265940326,0.9872035110069441,-0.006034544370350817,0.2426057535076105,0.10668520187797281,0.09221664268599286
2023-08-18,0.0830360818046668,0.982835377367001,-0.005880175790025569,0.2211435775932562,0.08506865738329317,0.07790440497318273
2023-08-19,0.06059384735991162,0.9785046290109121,-0.005729964659421771,0.1945208059230159,0.05829567458244911,0.05831386412146702
2023-08-20,0.06720489301848605,0.9755849858540481,-0.005583791694362035,0.198358381389786,0.0619870770841594,0.06444720492602793
2023-08-21,0.06994775175451172,0.9727758246912875,-0.005441541298889527,0.19843432935852356,0.061920774657424515,0.06708177827237188
2023-08-22,0.05692990405621495,0.9741436584576567,-0.005303101441350544,0.18692275528413504,0.050270760725496966,0.055214202095739455
2023-08-23,0.04106558069192211,0.9730470662620667,-0.005168363535003902,0.1700965776305987,0.03330984516561408,0.04049410173048092
2023-08-24,0.027905576446974605,0.9718918642806017,-0.005037222322985202,0.15591251261620498,0.018994638939201614,0.027911230125441267
2023-08-25,0.01822006399259722,0.9707505663882526,-0.004909575767452804,0.14521334882501102,0.008167828592475224,0.018423260947173652
2023-08-26,0.011669355768385178,0.9723812536369406,-0.004785324942752541,0.14041757867418714,0.0032478076169510928,0.011858491480877307
2023-08-27,0.007343770816630623,0.9732779715612699,-0.004664373932441271,0.13710966265707325,-0.00018105941047408258,0.007488892504894681
2023-08-28,0.004560655698560506,0.9741890454846566,-0.004546629730015997,0.13535536566481499,-0.0020531006051576206,0.004659675188709737
2023-08-29,0.0027607825043715808,0.9705387128502753,-0.004432002143214689,0.1300197874230461,-0.007503306433727763,0.002836518992918637
2023-08-30,0.001683350945641716,0.9666318673679581,-0.0043204037017342545,0.12514710882347957,-0.012487583474774744,0.0017384328096933241
2023-08-31,0.0008363833034422645,0.9626567009474929,-0.004211749568249249,0.12043362889429987,-0.017309717537439484,0.0008680740081206792
2023-09-01,0.0005051494216532051,0.9586535634207609,-0.004105957452585832,0.11620504960144229,-0.021644088945960482,0.0005266588468515524
2023-09-02,0.00030345212672970036,0.9518906727377006,-0.00400294752895162,0.10934347154709256,-0.02860867692394442,0.00031868724959094313
2023-09-03,0.00018145074003043756,0.9445008365896407,-0.003902642356079196,0.10193193918520582,-0.03612051445870357,0.00019207594178921624
2023-09-04,2.3644907503186147e-05,0.9370366473184625,-0.0038049668001924513,0.09440761963738709,-0.04374250956240899,2.5233069525353808e-05
2023-09-05,1.155884264371011e-17,0.9295545820691189,-0.003709847960674917,0.08699702832005785,-0.05124821971925575,1.2434818639676857e-17
2023-09-06,7.58053685214436e-17,0.9220743396436826,-0.0036172150983413602,0.07960941875695526,-0.05872846214469196,8.221177540927674e-17
2023-09-07,1.268225447752407e-16,0.9146079795670173,-0.003526999566215494,0.07223327421241588,-0.0661948222213572,1.3866328263971574e-16
2023-09-08,9.586201548501974e-17,0.9071635868531316,-0.003439134742714234,0.06487674632203144,-0.07363921493524295,1.056722479542597e-16
2023-09-09,5.386089799981009e-17,0.8997463729880664,-0.0033535559671534947,0.05754511123252681,-0.08105642880030828,5.986231188789073e-17
2023-09-10,-1.4620220900413582e-17,0.8923659669646431,-0.0032702004774798157,0.050248060698777186,-0.08843683482373155,-1.6383660338531104e-17
2023-09-11,7.174840201595739e-17,0.8850268516730421,-0.003189007350154556,0.04299013853450151,-0.09577595011533246,8.106918098623249e-17
2023-09-12,7.350875425630438e-17,0.8777257498026485,-0.003109917442098986,0.03576812657216355,-0.10307705198572603,8.374911442763571e-17
2023-09-13,1.0125586249611986e-17,0.870464779457412,-0.0030328733346351626,0.028584200334390686,-0.11033802233096268,1.1632390521215093e-17
2023-09-14,-5.985618319550663e-17,0.8632456574892748,-0.0029578192793346947,0.02144013242155396,-0.11755714429909991,-6.933852800325302e-17
2023-09-15,0.01713161722304108,0.8560697870901411,-0.002884701145719648,0.03146899737907649,-0.10760139747519237,0.01961931936712353
2023-09-16,0.02553105667649651,0.8489389082386886,-0.0028134663707300627,0.03280879275606885,-0.10633283687318962,0.02919603611425668
2023-09-17,0.021971732849289084,0.8418533795151782,-0.002744063909914181,0.022233342666167055,-0.1169776894239073,0.025435394890463328
2023-09-18,0.016315736608740725,0.8348133983766923,-0.0026764441902529614,0.009604985006794076,-0.12967366680294157,0.01916951956887243
2023-09-19,0.011288916570001709,0.8278202027304556,-0.0026105590645823518,-0.0023491455525110894,-0.14169368248791725,0.013453454753790513
2023-09-20,0.007492035942796682,0.8208743221026866,-0.002546361767538104,-0.013027709510440855,-0.15243644374289134,0.009044350811727817
2023-09-21,0.004837204493527271,0.8158097520591552,-0.002483806872979018,-0.020684556108682584,-0.16015584523569215,0.005894379373375206
2023-09-22,0.0030626687641058343,0.8109028681771608,-0.0024228502528236455,-0.027305019099942984,-0.16683726484710792,0.0037626516420029062
2023-09-23,0.0019110114323015184,0.8060769672979959,-0.002363449037264727,-0.0332231760953533,-0.17281482305807716,0.0023651483470144606
2023-09-24,0.04400802493169906,0.801315392648391,-0.00230556157629395,0.004170150215410118,-0.13547938420828454,0.05206057707200513
2023-09-25,0.19731848962286183,0.7966080827794023,-0.0022491474025026306,0.15282971921137545,0.013123770613889474,0.19852421205115206
2023-09-26,0.33889056060806305,0.791951304314667,-0.0021941671951084354,0.28979999193923556,0.15003906313435544,0.29967988550832375
2023-09-27,0.33898941191296245,0.7873417924593328,-0.002140582745164247,0.28534291583874505,0.14552840258392064,0.3009677886904335
2023-09-28,0.26468623956923637,0.7809418889707815,-0.002088356921904899,0.20469206582972688,0.06482532675164332,0.2531361124904038
2023-09-29,0.2135898817827816,0.7744755829002155,-0.0020374536401970103,0.14718030525441395,0.007262662894622407,0.216169767507569
2023-09-30,0.1948777877955656,0.772598862438667,-0.001987837829045121,0.1266411066168015,-0.013326151554141963,0.20142893138390924
2023-10-01,0.16024213490688394,0.7755997318613582,-0.0019394754011264521,0.09505468557872965,-0.04496093502013243,0.1712277902892405
2023-10-02,0.12847208428685547,0.7835749329599885,-0.0018923332233069707,0.07130697823515098,-0.06875578454153064,0.14086125151164736
2023-10-03,0.1019882478395364,0.7919809130731889,-0.001846379088113618,0.05327507603622561,-0.08683364087564938,0.11408474956273477
2023-10-04,0.07434942453616956,0.8005631019785644,-0.0017980780010587263,0.03426674272528918,-0.1058902752736407,0.08497926625001578
2023-10-05,0.05067145950765735,0.8119980263365731,-0.0017517505961960889,0.02207002945964831,-0.11813331594414411,0.058737975944598245
2023-10-06,0.03325871015396214,0.8268658751251048,-0.0017066733655213087,0.019570206125159473,-0.12067821650930777,0.038667317180767914
2023-10-07,0.10267059903517078,0.8374278936478345,-0.0016615748944187416,0.09958921200020054,-0.04070430910536926,0.10921259829079483
2023-10-08,0.17749797379806026,0.8446086792733594,-0.0016171944390688622,0.18164175284396467,0.04130385128304492,0.17365895551572896
2023-10-09,0.17636873341390116,0.8474297288672579,-0.0015745034814319916,0.18337625301134097,0.04299566049278447,0.17226899620549163
2023-10-10,0.137018509913075,0.8499158905976977,-0.0015348558765249838,0.14655183884586154,0.006131598722397991,0.13883243895659445
2023-10-11,0.0969350136048395,0.8522703074658485,-0.001494751143213587,0.1088628641390883,-0.03159748071768664,0.10212228213754469
2023-10-12,0.0653440567282864,0.8517911645825277,-0.0014587052348423353,0.07682881028758559,-0.0636675804775606,0.07124800706584304
2023-10-13,0.04263404316969774,0.8524661252369157,-0.0014235584285304803,0.05482890418969688,-0.0857026333817612,0.04763047162150745
2023-10-14,0.027113458567516156,0.8577152277761901,-0.0013892873429860637,0.04459169321233414,-0.09597411544466838,0.030642607982743566
2023-10-15,0.016918684455390683,0.8618302776076773,-0.00135586923666083,0.03854538703802102,-0.10205383972530668,0.019253148721416556
2023-10-16,0.010488208500231267,0.8654585800351033,-0.0013232819891551006,0.03577580075779341,-0.10485601325304006,0.01197356807228957
2023-10-17,0.05350691560810102,0.8690502601195694,-0.0012915040831975402,0.08241796585608685,-0.05824562606070416,0.05799848184574277
2023-10-18,0.12976810032011254,0.8726204782434448,-0.0012595490489888024,0.16228132372618242,0.021585776775182697,0.12945887762016683
2023-10-19,0.14574515512765357,0.8761727558486261,-0.00122934951453361,0.18184085567335995,0.04111510918790506,0.1426192393363742
2023-10-20,0.1176880956060429,0.8751189514708587,-0.0011998977103798898,0.15275944357813565,0.012004245288526949,0.11854075366663562
2023-10-21,0.08491573073858791,0.8691806688413698,-0.0011711743744748555,0.11407751941709676,-0.026706402208416913,0.0890012065614881
2023-10-22,0.0575285267702269,0.8628652780509334,-0.0011431607655537819,0.08040293826722045,-0.06040899696721436,0.062504252493752
2023-10-23,0.03765142917128805,0.8609930592251486,-0.0011158386482231775,0.05868094395982737,-0.08215831339193802,0.04189802492248541
2023-10-24,0.024143253705253533,0.8639024985801248,-0.0010891902784967618,0.04810885621849548,-0.09275704950299635,0.027186948018298688
2023-10-25,0.015208954922172413,0.8671246917578895,-0.001061418764253937,0.04242452212742198,-0.09846915510831267,0.017237192505804154
2023-10-26,0.00945298730874415,0.8704442541440078,-0.0010361069452201424,0.040013428719145705,-0.1009055603356227,0.01074328553768031
2023-10-27,0.0058139308367040005,0.8738122426831264,-0.0010076704348409755,0.03977079729660338,-0.10117662826854423,0.006609547341502487
2023-10-28,0.003545643071079444,0.8772092002343469,-0.00097963750909306,0.040927500007947204,-0.10004795848294834,0.004025686714106315
2023-10-29,0.00214733058530899,0.8806165299049693,-0.0009541994751746478,0.04296195522671764,-0.09803894129809632,0.002432508490001373
2023-10-30,0.12978006005450976,0.8794414072552542,-0.0009278835822778553,0.16944587793909993,0.028418665521389275,0.12859423254289132
2023-10-31,0.2008233845029312,0.8734024840355389,-0.000902615058491966,0.23447554769159207,0.09342306675009537,0.18694707545644934
2023-11-01,0.1778609085054566,0.8669999372382866,-0.0008769686421762346,0.20513617131318074,0.06405804395536852,0.1702244937495512
2023-11-02,0.13335389099019965,0.8604669260284123,-0.0008513589177181942,0.1541217523125078,0.013018015230237379,0.13418303250102098
2023-11-03,0.11852216841394446,0.8538654186017285,-0.0008283153955904546,0.1327115658316964,-0.008415214772701685,0.12188778425041137
2023-11-04,0.10013131287071972,0.8472279876536504,-0.0008086660410124753,0.10770292869497156,-0.03344350126400453,0.1056951811369734
2023-11-05,0.07726555525254504,0.8451580836100498,-0.0007894965684106432,0.0827864365057982,-0.058379162925779715,0.08376363310443585
2023-11-06,0.056244987059791265,0.8442698420640752,-0.0007678654322946324,0.06089925790318573,-0.08028797266450816,0.062458701667926365
2023-11-07,0.07255346263772076,0.8435259275073111,-0.0007496860942478959,0.07648199826239799,-0.06472341164334272,0.07919997264236481
2023-11-08,0.0804598754970051,0.8428436027430822,-0.0007319496184123586,0.08372382283328883,-0.05749932354828735,0.08714347708336377
2023-11-09,0.06639986508542732,0.8449488314644317,-0.0007146448317864502,0.07178634592968647,-0.0694541052385157,0.07285890168801558
2023-11-10,0.04823272423908362,0.8472496537513826,-0.0006977608555426746,0.055936911346537554,-0.08532042379790838,0.05386228185452593
2023-11-11,0.032930242827198586,0.8500810038565358,-0.0006812870968740021,0.04348225379847437,-0.09779155510464022,0.03729311823702412
2023-11-12,0.021659808593933832,0.8483970316400014,-0.0006652132410830217,0.03054392120446603,-0.1107459615544395,0.02489470525639461
2023-11-13,0.013894902325522493,0.8492287067476938,-0.0006495292439010018,0.023626374040929154,-0.11767919271515836,0.016098392141587023
2023-11-14,0.00833285362530265,0.8506207686420559,-0.0006342253240342136,0.019471691154938298,-0.12184917952101604,0.009701168269488894
2023-11-15,0.005163679808848841,0.852061581265747,-0.0006172905585379584,0.017760264727671782,-0.1235775407137788,0.006023714002986546
2023-11-16,0.0031825676580344137,0.8507762797217397,-0.0006010899046109223,0.014510051686777103,-0.12684395440860052,0.003726839610362461
2023-11-17,0.0019442081763052425,0.8493359602353959,-0.0005847764820552196,0.011847686141259861,-0.12952263337667347,0.002283864053749427
2023-11-18,0.031075021302169055,0.8473929749303876,-0.0005682955710932802,0.03905199487307731,-0.10233480555581798,0.035374107463719794
2023-11-19,0.10958363681274844,0.8454014913703649,-0.0005511833091091285,0.11558623908561816,-0.025817673605261326,0.11474905061740015
2023-11-20,0.30589078197028235,0.8397183187077855,-0.0005344535729722247,0.30622694131670936,0.16480629888969311,0.267011480433623
2023-11-21,0.42216360054501617,0.8333492491039249,-0.0005219064908241478,0.4161432373697309,0.2747100478605665,0.33624793299651135
2023-11-22,0.38365652387928784,0.8268909768209294,-0.0005077870090782661,0.3711920079027531,0.22974469891184268,0.31692810373601144
2023-11-23,0.2900099978849962,0.8203955516550655,-0.0004923302942234595,0.2710655134574522,0.12960274775168712,0.26117484553739895
2023-11-24,0.2538704039967064,0.8170956426732001,-0.0004775534412925775,0.23164078744022776,0.09016324488153182,0.23704804161261558
2023-11-25,0.263096547166995,0.8185723244991601,-0.0004636134239468977,0.24235755245382218,0.10086606987778046,0.24323205932859346
2023-11-26,0.23434171250440028,0.8249683943279845,-0.0004498625338179666,0.22001253851018054,0.07850730504401005,0.2212210673653851
2023-11-27,0.17682228593903168,0.8363515744193883,-0.00043691167355494143,0.1738892428964789,0.0323710585700453,0.17452314243132871
2023-11-28,0.12305328787560788,0.848161335568829,-0.00042463569767850945,0.13194228195837232,-0.00958817834393777,0.12670040679494335
2023-11-29,0.08189099475733963,0.860130251110451,-0.00041470433341641205,0.10275883574598821,-0.038781555920583966,0.08693115480840519
2023-11-30,0.05295198579486268,0.8767650998487803,-0.00040501117758027594,0.0904643686776766,-0.051085716144731674,0.056954945340392485
2023-12-01,0.03355634141385021,0.895089787571452,-0.0003955558205002753,0.08940286737641578,-0.05215667280307246,0.036134691532625024
2023-12-02,0.020949872418732956,0.9094660860212173,-0.0004007250876107334,0.09116752756395341,-0.05038684334842447,0.02251667356808893
2023-12-03,0.04281143930012838,0.9190741784123267,-0.0006386069588963418,0.1223993049651727,-0.01891718407591947,0.04450782765828439
2023-12-04,0.052316844158663646,0.923758396989795,-0.0013215311216555705,0.13590600423841703,-0.004727560639915973,0.05359919189949659
2023-12-05,0.04681036879759374,0.9280313203372108,-0.002368917862153703,0.13362506548426478,-0.005961112653570133,0.04801843142258213
2023-12-06,0.041502342813715475,0.932131659006131,-0.003656722530708284,0.13112957350075216,-0.00716879996852815,0.04262622580573633
2023-12-07,0.033007212480699356,0.931535267529615,-0.004942558874982729,0.12075221534694558,-0.01626032177806025,0.03422058972492989
2023-12-08,0.023507609051238467,0.9259953966810536,-0.0063062420842981415,0.1043490578596078,-0.031299796056082574,0.024757803723968755
2023-12-09,0.015689591343406927,0.9227812462735667,-0.008392983782869231,0.09123014804571838,-0.04233196417140095,0.016718251345185068
2023-12-10,0.022927266290168523,0.9195537722512661,-0.01165851620779123,0.0919748165452573,-0.03832176324694003,0.024326501385800097
2023-12-11,0.025574872622980895,0.9167303361642807,-0.01564973486448816,0.08780776813438729,-0.038497593001113106,0.027140752682345382
2023-12-12,0.02051698623104328,0.9143492506566343,-0.019634050557162212,0.07638448054212932,-0.045936564900697086,0.021946440486874014
2023-12-13,0.014741647798497372,0.9119734631740469,-0.023523426431512704,0.06434397875264553,-0.054087690815830314,0.01590742141134043
2023-12-14,0.010004728725976627,0.9095871554398297,-0.027763492524249436,0.05298068585317073,-0.06121091762256836,0.01087953134237615
2023-12-15,0.006555726535500385,0.9071913679365466,-0.03280898551741769,0.04209040316624324,-0.0670557073163276,0.00717455253774373
2023-12-16,0.004194539330186689,0.9029551319898648,-0.03886484885664422,0.029437116675021135,-0.07365313046832322,0.00462386689076671
2023-12-17,0.002637843563957111,0.8986051281635515,-0.04598629998471971,0.016408965954402888,-0.07955983006086598,0.0029268950180003895
2023-12-18,0.0015388042258972588,0.8937624304886331,-0.054070967447433255,0.002382561478711076,-0.08550156707384426,0.0017187558401926155
2023-12-19,0.000947462608086943,0.8884192918661825,-0.06296768679058096,-0.01244863810469754,-0.09143604731410515,0.001065322717900576
2023-12-20,0.0005642557472917374,0.8830339668177042,-0.0724720240200371,-0.027721507243427368,-0.09720457922337877,0.000638588594773041
2023-12-21,0.00032808984508973224,0.877633247164882,-0.08208900607836847,-0.04297537485678282,-0.10284146477840295,0.00037369509482853896
2023-12-22,0.00019789306997831474,0.8722337102829002,-0.09146070008536322,-0.057876802520870796,-0.10837119843549614,0.00022682932302977514
2023-12-23,0.0001187438850351358,0.8654677516819577,-0.10073953655170471,-0.07400074677309798,-0.11521630622138179,0.0001371831534378941
2023-12-24,0.01720255194555041,0.8586332752754614,-0.10975818382765307,-0.07277006239502737,-0.10496697456736281,0.01964129738804285
2023-12-25,0.05122848251105828,0.8517917264085306,-0.11767362853583742,-0.053501125404634586,-0.07778259286878575,0.05673016174505128
2023-12-26,0.06026831786403394,0.8449532394117474,-0.12366886357079983,-0.057295012083404595,-0.07558124451259329,0.0665785269690311
2023-12-27,0.04927333588267423,0.8381288969787294,-0.12793003561376073,-0.07937550854074316,-0.09340056892697102,0.05552536838203994
2023-12-28,0.035762521483112666,0.8313285293707828,-0.1315374253532588,-0.10329408028774933,-0.11371175093447916,0.04124425162489497
2023-12-29,0.0629715495496415,0.8245556396340755,-0.13527362745405697,-0.08659414405872612,-0.09327561260465767,0.07095168499295008
2023-12-30,0.07352013592983919,0.8196463173969573,-0.1389632800063612,-0.08464453246795078,-0.0876363484615782,0.08231403637697894
2023-12-31,0.05975487441529664,0.8176299789066872,-0.14221662565322035,-0.10367947811962264,-0.10341794846639085,0.06810565989263519
2024-01-01,0.04321542194812658,0.8158456623330119,-0.14557688389805495,-0.1253635054053026,-0.12174171750723617,0.05030541219812001
2024-01-02,0.029445561305052208,0.814167929507146,-0.14965704300971858,-0.14489125798590652,-0.13718931097617648,0.03490409011442334
2024-01-03,0.01934636813548806,0.8125634305664416,-0.15451276149945964,-0.16145066858591606,-0.14889300308644493,0.02325536754787017
2024-01-04,0.012402384916799496,0.8151404588655846,-0.1599908158565343,-0.1712956778625363,-0.15325995800599057,0.014987000383101502
2024-01-05,0.05492298919941814,0.8180054053332912,-0.16587108789441038,-0.13179039915008706,-0.10787440725566522,0.06291809218649506
2024-01-06,0.11361043165488989,0.8191449319684219,-0.17143814759543222,-0.07753048976050647,-0.04804743816506285,0.12180088808448905
2024-01-07,0.12085191947446107,0.81748816525315,-0.17561917514124192,-0.0761267962020169,-0.042462717060763544,0.12879330366616804
2024-01-08,0.09606837654932174,0.8156756036333408,-0.1782111846632294,-0.1053149102689529,-0.06905882160571208,0.10536771137230322
2024-01-09,0.06873919747244012,0.813826250037641,-0.18006951279742384,-0.13635177107572893,-0.09823735427829361,0.07788566577852
2024-01-10,0.04659684033512896,0.811965197953628,-0.18216401917207983,-0.1624496866717089,-0.12224076349961766,0.05427311977129044
2024-01-11,0.030515624883596784,0.8105615880446817,-0.1849634734059884,-0.18273396626609595,-0.13972558886009612,0.03628159747349968
2024-01-12,0.01951885337925445,0.8133155327603747,-0.1883588754224632,-0.19437219507122017,-0.14796841564874552,0.02343665643985791
2024-01-13,0.01214628615806683,0.8163320726937975,-0.19201795137051872,-0.2023872983070405,-0.15232444293651037,0.014660957680173564
2024-01-14,0.007541975876442665,0.8194356272159276,-0.1960146336233033,-0.20788473631931914,-0.15382519869600442,0.00911992761138932
2024-01-15,0.04318108771445041,0.8225860843600393,-0.2004745000887943,-0.17355503380269066,-0.11503562971388492,0.04987609730105954
2024-01-16,0.06883551475166576,0.8257640137793809,-0.20482885756547714,-0.14907703482281653,-0.08620327325732802,0.0769456193037518
2024-01-17,0.0639118047076713,0.8289578430487664,-0.20793772674187544,-0.15391578477382373,-0.08793315403193691,0.07158021875675355
2024-01-18,0.04872534724937465,0.8275759617414016,-0.20952283409665623,-0.17206923089426618,-0.10450149279759846,0.05560341716879431
2024-01-19,0.03417425622451356,0.8217972855595866,-0.21026310920968655,-0.1931392732139725,-0.12483126000427447,0.039924523837888595
2024-01-20,0.02271434332382107,0.815689083772233,-0.2109032790139036,-0.2113475577062356,-0.14239937469232056,0.02709237890700885
2024-01-21,0.01891263238759445,0.8135905304800441,-0.2120599435917621,-0.21840448651250965,-0.14829963892073605,0.022717790431507838
2024-01-22,0.07565303141576937,0.8125914800923589,-0.21357339845269677,-0.16417659273295448,-0.09255829028024631,0.08517140318415249
2024-01-23,0.10496564599055178,0.8116863330831452,-0.2144196142112142,-0.13661534092590322,-0.06415082271467765,0.11450981221534323
2024-01-24,0.09097097822668794,0.8108211953318027,-0.21396103499669678,-0.15101656722659218,-0.07901062822988392,0.10087798596401049
2024-01-25,0.08048027685910975,0.8099803137186307,-0.21253672052546502,-0.1609238357361107,-0.09034221121063424,0.09038050387709272
2024-01-26,0.06595612040205728,0.8091566677274069,-0.21071697205483342,-0.17445188971375525,-0.1056900136589104,0.07536870823592597
2024-01-27,0.0475448614759648,0.8088043596940852,-0.20857230394658077,-0.19107078856491688,-0.12445358061832468,0.05552041188407125
2024-01-28,0.30211682599194756,0.8089451091660637,-0.2065520099088316,0.06566221946079365,0.13025913336963668,0.27191717800050597
2024-01-29,0.4532595216360227,0.8086771790948786,-0.20490412530535798,0.2181848696371571,0.2811338989425266,0.3591776999381183
2024-01-30,0.4855245928143258,0.8084087710358797,-0.20303407253303374,0.2520515855287857,0.3131305620618309,0.375231527665078
2024-01-31,0.4936346685802646,0.8095212721722843,-0.20045677075110468,0.2638514642130583,0.3223531389641744,0.3787993847422431
2024-02-01,0.41806689369191136,0.8107222376553551,-0.19710902792360385,0.1928323976352766,0.24798632955889188,0.3402267183414418
2024-02-02,0.3063523628731225,0.8119536106155321,-0.1933417100177488,0.08611655768251958,0.1375031717002798,0.27394324105900036
2024-02-03,0.21870482440244837,0.8173221012721453,-0.18988549240645258,0.007293727479755097,0.05522412388621911,0.211099556374987
2024-02-04,0.15139486447898992,0.821574523533279,-0.18705018930343048,-0.05292850707954755,-0.007833413776105691,0.15560085069920088
2024-02-05,0.10008753178116196,0.829945567547129,-0.18482148979699,-0.09363609625708513,-0.05076970246008372,0.10761717174738124
2024-02-06,0.06418913540900353,0.8431541331554775,-0.1837065500169476,-0.11521098724085266,-0.07345953322389365,0.07074404763101175
2024-02-07,0.0405072274451196,0.8553369372004141,-0.18407455348163493,-0.12707809462448727,-0.08495863714284091,0.04521682346521444
2024-02-08,0.025212474364793295,0.8675516813809726,-0.18584038713476816,-0.13192393717738826,-0.08803864604260869,0.02824091245434488
2024-02-09,0.06259164319992583,0.880705285765006,-0.18871519551582985,-0.08426597233928412,-0.037505872823442865,0.06635412591516318
2024-02-10,0.08394117679497211,0.8893345817217604,-0.19194036889050503,-0.05751231616215857,-0.007527043271642109,0.0862460367069021
2024-02-11,0.0725303687422718,0.8944814183615135,-0.19437898070270232,-0.06621489938730307,-0.01379101468458932,0.0750046376988861
2024-02-12,0.052923688487702195,0.894754395225956,-0.1958272178370112,-0.08699683991173901,-0.0331247180747164,0.05584563935499128
2024-02-13,0.03656641590896171,0.8900443177260133,-0.19696534983460312,-0.10920232198801416,-0.05419206815339961,0.039462542987729436
2024-02-14,0.024022373068633668,0.8848925089449301,-0.19830874852993802,-0.1282415723047603,-0.0718879197748109,0.02642972795804127
2024-02-15,0.015307250056217393,0.884135944981861,-0.2001546344910604,-0.13955914524136814,-0.0813596067502963,0.017018584542817464
2024-02-16,0.009710802814695756,0.8830823698234971,-0.20259526337333994,-0.14864979652353316,-0.08800962915018185,0.010876878444310291
2024-02-17,0.006068238444861613,0.8820110800681911,-0.20569116563583206,-0.15645955291116542,-0.09272348327532198,0.006832991511413543
2024-02-18,0.0037199530118396875,0.8809232723316336,-0.20943793912768804,-0.16364241957260084,-0.09615957644490136,0.004205031932952826
2024-02-19,0.0022769852144155817,0.879813825575551,-0.21369578438893466,-0.1704526793873542,-0.0987119909984081,0.0025813501133476286
2024-02-20,0.0013831997119250052,0.8786902912023975,-0.21821321786812198,-0.17698743274218554,-0.10072931087405212,0.0015716865991361433
2024-02-21,0.0008349712049503617,0.877555719919877,-0.22300683078895936,-0.18346384545251804,-0.10241211066354727,0.0009505692778701188
2024-02-22,0.0005013586017880691,0.8718285070494673,-0.2280814816757323,-0.194599321812863,-0.10847293613711928,0.0005747351105694057
2024-02-23,0.00029967527754586884,0.8653622388543128,-0.23300042078018923,-0.20618621243671664,-0.11514088765651598,0.0003461805037898686
2024-02-24,2.3644907503179808e-05,0.8587821354943425,-0.2374042643662222,-0.21744618975276264,-0.12199702138652901,2.7532310614066975e-05
2024-02-25,-7.736533559802187e-17,0.8521526201824904,-0.24102821370622873,-0.22772329931212454,-0.12865018160588437,-9.078812147694145e-17
2024-02-26,-1.0234154630289508e-16,0.8455063857663907,-0.2440049614525565,-0.23734628147455195,-0.13529641602198406,-1.2104171893406795e-16
2024-02-27,0.0728093731979247,0.8388539262152125,-0.24669853435507916,-0.17388294073032806,-0.06913950237523747,0.07986432408192158
2024-02-28,0.12992151240391178,0.8322052297009164,-0.2487580900401936,-0.12547905372375157,-0.018676059683546464,0.13503575643234353
2024-02-29,0.12957658976085942,0.8255678998516612,-0.24941348274348796,-0.1331166989193534,-0.025658312175854014,0.1356617675859969
2024-03-01,0.10318931081788324,0.8189476664709793,-0.24834798573574537,-0.16505871423526886,-0.058665824499512076,0.11190236739151914
2024-03-02,0.07386549939575511,0.8123489928702158,-0.24589848342202028,-0.1985316969444354,-0.09458830952240371,0.0833494600239358
2024-03-03,0.05003123262157243,0.805775440857685,-0.2430055575771836,-0.2260465898863122,-0.12499612830911722,0.05846090498239735
2024-03-04,0.03274539316848603,0.8038138163958534,-0.24049456768177502,-0.24278306390582172,-0.14424359222403527,0.039142947437682346
2024-03-05,0.02093585685005706,0.8044485323313177,-0.2385587150044322,-0.25202203161144343,-0.15541841260699985,0.025364977972047023
2024-03-06,0.013159435665795034,0.8057925586527005,-0.23711650059608683,-0.25701221206597735,-0.16185080746987912,0.016068628878235867
2024-03-07,0.008165104446311732,0.8072767111385126,-0.23635698802785332,-0.2597628782314151,-0.16536098620355033,0.010013104908602001
2024-03-08,0.005014941626164264,0.8088402044486964,-0.23645498956527336,-0.26144754927879876,-0.166947655713514,0.006161958488990098
2024-03-09,0.0030549393236798013,0.8104567392418902,-0.2372912972196895,-0.26262732444250547,-0.1672911232228046,0.003755249499388188
2024-03-10,0.0018484140849560021,0.8121106089674137,-0.2385832111542328,-0.26347189389024916,-0.16684377873600498,0.002270893291439164
2024-03-11,0.0011120670801926043,0.8092074426906603,-0.24007706140337942,-0.26860525742091257,-0.17048329201752177,0.0013723809766188172
2024-03-12,0.0006658342592708378,0.803757780227999,-0.2417480022538574,-0.27617209355497363,-0.1763791873011048,0.000827715953733199
2024-03-13,0.04298684889013016,0.7976451174126109,-0.24354276051864915,-0.2417585000042941,-0.14017083548563358,0.051136348144354395
2024-03-14,0.07241709521026515,0.7914360706123155,-0.24503843150179563,-0.22003297146760104,-0.116949635965794,0.08383032912926579
2024-03-15,0.0976751906017928,0.7851895024160878,-0.24540442929895612,-0.2013874420694617,-0.09793810877049414,0.1106343830195672
2024-03-16,0.10073746143612554,0.7789302349407504,-0.24420143993464932,-0.20338144934615943,-0.10113510541149873,0.11451763188649206
2024-03-17,0.08121345638475444,0.7726728135539465,-0.24148862415565045,-0.22645006000533563,-0.12691653184967377,0.09511039027549258
2024-03-18,0.05842002041961051,0.7664255918616125,-0.23786825541722817,-0.2518703489243912,-0.15595718950715165,0.07082539998975321
2024-03-19,0.03967356735490407,0.7647744664909546,-0.23435861639532418,-0.26875828833785165,-0.17635476794251603,0.04931775041482167
2024-03-20,0.026008566199422118,0.7643370957014229,-0.23160917789048563,-0.2801112217780266,-0.19045713988752955,0.032907836979669654
2024-03-21,0.016646979812178078,0.7672714824728043,-0.22975817338369345,-0.2846874168870971,-0.19688433950339224,0.021235601166548754
2024-03-22,0.010471931861957837,0.7709398058600112,-0.22852904495384485,-0.2859650130202619,-0.1993910640664056,0.013401298389100744
2024-03-23,0.006501464267230796,0.7747487654538435,-0.22761918153253335,-0.28521665759984516,-0.19955257206730037,0.008321871815067472
2024-03-24,0.003995011181234905,0.7786335905188332,-0.22708332214105714,-0.28330242622937507,-0.19817420008830655,0.005104606671103926
2024-03-25,0.0024345408913515436,0.782566924773772,-0.22690492598949735,-0.28075116611275996,-0.19580133612325112,0.0031013201858021786
2024-03-26,0.001473488248574549,0.7819522571580468,-0.2269501179557815,-0.2823720783375462,-0.1973770563817533,0.0018808269414349725
2024-03-27,0.0008867254433670175,0.7801651421225008,-0.22721376016329847,-0.28500959838581674,-0.1997509342225069,0.0011352964895026487
2024-03-28,0.00039032323674742156,0.7750428692898393,-0.22782134761425765,-0.291235860876057,-0.20536960926178793,0.0005033615281229257
2024-03-29,0.000205095647533443,0.7692162868587881,-0.22905950089173333,-0.2984858241737979,-0.21138141928205312,0.0002665582893802122
2024-03-30,0.11566206116303072,0.7632737420485969,-0.23101084023964727,-0.19092274281640575,-0.10186699857674708,0.13159329810027315
2024-03-31,0.17233463256635198,0.7572779775874355,-0.23298140258502076,-0.14221649821961935,-0.05119019163458716,0.18538327759758158
2024-04-01,0.1483091967327011,0.7512588261530615,-0.2341387281590901,-0.17341841106171363,-0.0812347789026121,0.16486712839895498
2024-04-02,0.11013122210899963,0.7452351398001572,-0.2344813927017697,-0.21796273658099896,-0.12543643987921782,0.12875327697384478
2024-04-03,0.07620018684751119,0.7392174187753726,-0.2343546986248294,-0.25778479879033167,-0.16538519616549086,0.09344927840907133
2024-04-04,0.071985764142678,0.7332071975879941,-0.23382333407125794,-0.26747807812897184,-0.17560984005770253,0.08940187950469992
2024-04-05,0.0645649511769285,0.7317974124956168,-0.2326636130812481,-0.27514895519708893,-0.18444043811582933,0.08107483994996634
2024-04-06,0.04813768021932467,0.7306852331139233,-0.2307534111641069,-0.290778203619245,-0.2019798884551267,0.061808248570015045
2024-04-07,0.03329399792896071,0.7296867148646704,-0.22836597217297064,-0.3042329651677256,-0.21782208899474353,0.043636749095603916
2024-04-08,0.022069273362650875,0.7287577871516154,-0.22574955669614943,-0.3137702019702693,-0.22997574127410836,0.029393284450263287
2024-04-09,0.014230542486593072,0.7278764100922781,-0.22315945968351653,-0.3199002128930315,-0.23869584920950349,0.019175864660937333
2024-04-10,0.008999314222715854,0.7293236399230185,-0.22083551017052017,-0.3213602618131719,-0.2424798476426403,0.012188858780814119
2024-04-11,0.005609373584936856,0.7309434162641913,-0.218990492968816,-0.3212854089080739,-0.24425001193924645,0.007615711544702522
2024-04-12,0.0034574592556926046,0.7280507700792361,-0.21784698175689857,-0.32518645821035586,-0.24929457245344588,0.004726480327960289
2024-04-13,0.002112139845204146,0.7249279533116795,-0.21743696601824225,-0.32924457864974466,-0.253762708631491,0.0029051215539338624
2024-04-14,0.0009010180663144278,0.721750694057021,-0.21743570717713026,-0.33363170084218097,-0.2581510896650393,0.0012468220184063585
2024-04-15,0.0005468164084828545,0.71855433534525,-0.21754433580231747,-0.33729088983697064,-0.26170165003464174,0.0007604165382704325
2024-04-16,0.00032982178329724076,0.7153530737176186,-0.21758096553780853,-0.3407457758252788,-0.26511990628745885,0.0004608490511239537
2024-04-17,0.00019790647505843703,0.7098638691182506,-0.21727077977112788,-0.34605670996620486,-0.27074102619506557,0.00027871726356917543
2024-04-18,0.00011822453751557452,0.7042473455760717,-0.21660587938483156,-0.3510880150596304,-0.2764372316747874,0.00016784542364344898
2024-04-19,5.848088360165433e-17,0.6986030542449384,-0.21584193121372533,-0.35608658275717286,-0.28219974754343613,8.371117653480833e-17
2024-04-20,0.12420422486704835,0.692956291235989,-0.21517419814587738,-0.23686138783122612,-0.16364228568533734,0.15199489258165186
2024-04-21,0.270758247019806,0.6873180927885745,-0.21438445490620642,-0.095155820886212,-0.022726461979994173,0.28260613039871
2024-04-22,0.28695034653982865,0.6816959632295306,-0.2129256102405567,-0.08312700625958347,-0.012156492019015364,0.2962385172438775
2024-04-23,0.22814775465981518,0.6760949865148761,-0.21061311171471414,-0.145218076328409,-0.07656006061368337,0.2523080852862928
2024-04-24,0.16342332817621544,0.6705194049781545,-0.2077918756480448,-0.21269684828206092,-0.1468600686340047,0.19596468879592044
2024-04-25,0.1107618434352831,0.6649713608469715,-0.20497463818440914,-0.2680891396905407,-0.20506959750612008,0.14278342453803464
2024-04-26,0.07252991229205374,0.6640368680545289,-0.20247175938095818,-0.30475268482276163,-0.24423602144179202,0.09847024632026667
2024-04-27,0.0463903710074014,0.6679921459445735,-0.20032704575471888,-0.32479223459113005,-0.2664202848363998,0.06493771880831183
2024-04-28,0.029168176704714017,0.6723355429566876,-0.19852721035057153,-0.3358711964775559,-0.27929908212697296,0.04157950398152239
2024-04-29,0.018102675748704194,0.6768320323985555,-0.19710034088460154,-0.34101333852572796,-0.285868093641115,0.02604946268544722
2024-04-30,0.011120814155103707,0.6814188718964053,-0.19596179583612838,-0.3422698155730055,-0.2882631157368657,0.016058017149181217
2024-05-01,0.006775607434457539,0.6860618726162553,-0.19497084413321258,-0.3409810698708859,-0.2879653217376619,0.009779504760570391
2024-05-02,0.01266604058857532,0.6907407028231732,-0.1939805486847125,-0.32942151106135,-0.27739605837662606,0.018006709072962476
2024-05-03,0.015232673026776186,0.6908576718656296,-0.19274077010777516,-0.32549813100375535,-0.2747124568959688,0.02157326344562514
2024-05-04,0.0124631946424687,0.68612769683991,-0.19087769012163608,-0.3311345044276435,-0.2822119103059959,0.01784047687198205
2024-05-05,0.00863076645443256,0.6810468724586815,-0.1882232772559163,-0.33739334413118827,-0.2911251628752606,0.012514203690921563
2024-05-06,0.00564445828500094,0.675844906164628,-0.18482865880476895,-0.3421870001435261,-0.2993134373387457,0.008282533197798921
2024-05-07,0.003746017971398324,0.6705796275661041,-0.18083612428906687,-0.34535818453995054,-0.30647715625087224,0.005555206147339076
2024-05-08,0.0024186022467635572,0.6661995808683315,-0.17640540614557568,-0.3466349288188666,-0.3121846186732795,0.0036173144970351816
2024-05-09,0.005814238687813164,0.6618617997439639,-0.17169177564515148,-0.3428634430017605,-0.3131267633565976,0.008708173355254027
2024-05-10,0.007338269885274847,0.6575394851500077,-0.1668167677506559,-0.3407867185037594,-0.3159250467530921,0.011037021211343478
2024-05-11,0.0060824241493703845,0.6532332368142553,-0.16186636615395272,-0.3413984109787131,-0.32148714082474894,0.009225359732060043
2024-05-12,0.004439341378710884,0.6489377170334588,-0.15692150146889874,-0.34239214884511504,-0.3274257433762049,0.006794455546846604
2024-05-13,0.003040955705893415,0.6446608026563788,-0.1520265062782422,-0.343172453704356,-0.33310104342610236,0.004694993747712738
2024-05-14,0.0020049376990181837,0.6404013394020366,-0.14720984491395156,-0.34365127360128284,-0.33839652468731984,0.0031209808659805383
2024-05-15,0.018420080936446266,0.6357007276065485,-0.14249469758288433,-0.3272215948282756,-0.32668199324537983,0.028160059572903084
2024-05-16,0.02634401368252926,0.6309901093513891,-0.13790341324051822,-0.31941699599498596,-0.3234686787544563,0.04007705177534183
2024-05-17,0.022449485707364384,0.6262957163207001,-0.13346469146250706,-0.3235671952228286,-0.33205759976031013,0.034604472814880605
2024-05-18,0.016610482077264767,0.6216227979916331,-0.129181285225588,-0.3297957109450762,-0.34256952171947674,0.02602572224919335
2024-05-19,0.011469120183264462,0.6169788963291856,-0.12504428898682413,-0.33544397826276007,-0.35235478527592456,0.018249910703691828
2024-05-20,0.08041077242241793,0.6123558584669104,-0.12104491687673193,-0.26712599177578966,-0.2880361708990463,0.11607194809483225
2024-05-21,0.5716809204416471,0.6095991939475189,-0.11718063725069806,0.2252517713500819,0.20047731260079138,0.48395034630483086
2024-05-22,0.8608130625743248,0.6065280836089794,-0.11344854460345406,0.515044895791464,0.4865383443949295,0.586648213889035
2024-05-23,0.7888587184703135,0.603497266945839,-0.10984529201201616,0.4436629876157503,0.4115531836277778,0.5665639583073553
2024-05-24,0.6027340909527875,0.6005032238719004,-0.10636129595819013,0.2580283130781116,0.22243451303631312,0.5009270270516886
2024-05-25,0.4230261007736435,0.5975423504424284,-0.10299472721951564,0.07872601820817027,0.039765649427697336,0.4145004681161573
2024-05-26,0.2831877557059611,0.5991972038298524,-0.099741834778898,-0.056204581031470524,-0.09841784225256112,0.32093447723194934
2024-05-27,0.18390704888921972,0.6057440950844095,-0.09659798618005773,-0.14579454799481462,-0.1911516578147454,0.23289657754913778
2024-05-28,0.11692925252280635,0.615424381386043,-0.09356150039237555,-0.20005557227191217,-0.2484491678795252,0.15966228213917713
2024-05-29,0.07319108728525045,0.6263312425336904,-0.09063872591943198,-0.22996410188887717,-0.28128047196943373,0.10463009423043676
2024-05-30,0.0452098652430248,0.6374222821084129,-0.08782408056569335,-0.2440396390026417,-0.2981706544369369,0.06622873742239613
2024-05-31,0.027696632026075536,0.6485985102649272,-0.08511165850784105,-0.24766422200522442,-0.3045076594973719,0.04095346882464811
2024-06-01,0.016836624793784352,0.6598171100762128,-0.08249616454559712,-0.2446901354639861,-0.3041490669183775,0.024882187042120012
2024-06-02,0.010169377756518461,0.6664677302949388,-0.07997281472492361,-0.24218341246185238,-0.3041656937369174,0.015029293598460306
2024-06-03,0.0061092113337267145,0.6682587900207732,-0.07753725597909572,-0.24201696041298204,-0.30643480043387483,0.009059165502301528
2024-06-04,0.003413978421374042,0.6650895761948632,-0.07518550093984756,-0.2455296521119964,-0.3122992471721374,0.0051068964372730655
2024-06-05,0.0005284158325825605,0.660585098885966,-0.07291387487837994,-0.25064806594821754,-0.31968928706982613,0.0007992815466909937
2024-06-06,4.7289815006298276e-05,0.6558560176634121,-0.07071897236701952,-0.2536633706769872,-0.32489949430995624,7.209875978229349e-05
2024-06-07,1.0782412914055017e-16,0.6510117874550264,-0.06859762174743836,-0.2564335400807979,-0.3297910143333481,1.656254636526054e-16
2024-06-08,2.558538657572377e-17,0.6460979720784499,-0.06654685588115469,-0.2592965895910909,-0.33470482970992477,3.9599855875444793e-17
2024-06-09,9.442225998183772e-17,0.6411413149402103,-0.06456388796595891,-0.26227027881413456,-0.3396614868481642,1.4727215011973307e-16
2024-06-10,5.482582837655094e-17,0.6361593782387731,-0.06264609144576777,-0.2653344189953808,-0.34464342354960154,8.618253577953678e-17
2024-06-11,3.167714528422943e-17,0.6311703524228716,-0.06079098323506772,-0.2684683366005822,-0.3496324493655031,5.018794872514287e-17
2024-06-12,3.685514018645924e-17,0.6261773604630636,-0.05899620963313829,-0.2716665549584608,-0.35462544132531104,5.885735019101384e-17
2024-06-13,-1.9798215802643393e-17,0.6211866740523257,-0.05725953442611327,-0.27492056616217364,-0.3596161277360489,-3.1871604188623804e-17
2024-06-14,0.11563841625552762,0.6162042179295506,-0.05557882877299659,-0.16258390037630444,-0.24896016760329642,0.15800994756788578
2024-06-15,0.18946624978939303,0.6112342203812348,-0.053952062550242576,-0.09209929816800089,-0.1801023316177469,0.23662562574618962
2024-06-16,0.17384025340919762,0.6062800868938664,-0.0523772968923485,-0.11110466237767058,-0.20068246148531066,0.2228377398051992
2024-06-17,0.28200460565989843,0.6013445951388913,-0.05085267771633899,-0.0063511827059352655,-0.09745360098958489,0.3192447623260303
2024-06-18,0.32876138229287766,0.5964300340611304,-0.04937643005851087,0.03696728050711107,-0.05561138543436661,0.35534417687148423
2024-06-19,0.2861098270398106,0.5915383055973041,-0.047946853084370224,-0.009146426235641547,-0.10315466915125993,0.32599605286018396
2024-06-20,0.2356645709679654,0.5912554990992669,-0.04656231565891539,-0.05848995138006918,-0.1538827317211423,0.2849907500114307
2024-06-21,0.21708103616061622,0.5931059973477955,-0.04522125238552014,-0.07388192466549448,-0.17061576827996294,0.2679394105094159
2024-06-22,0.18592031499283343,0.595174515722197,-0.04392216003874906,-0.10167503511210463,-0.19970797107334415,0.23802527898262762
2024-06-23,0.1598298140029773,0.6019253079783318,-0.04266359433014713,-0.11975617813722417,-0.21904767980706563,0.20981783960607095
2024-06-24,0.13177874374873244,0.6103858456130653,-0.04144416695721706,-0.13812728338380542,-0.2386382124265769,0.17755999900514202
2024-06-25,0.5468432927477714,0.6204255518122146,-0.040262542894755865,0.288158595876844,0.18646604277161127,0.4684810147176589
2024-06-26,1.1009060645304645,0.6324708733198291,-0.03911743789503115,0.8554117941668764,0.752574136061919,0.6351221367325854
2024-06-27,1.1975228176763522,0.6442387511289727,-0.038007616169176,0.9649062468477627,0.8609587670169502,0.650205128589547
2024-06-28,0.9744974135131161,0.6546697019648761,-0.036931888226979154,0.7533875214626271,0.6483643136896177,0.598156815378146
2024-06-29,0.7044229007852404,0.6673272439271536,-0.03588910885613091,0.4970133300678772,0.39094734292401945,0.5135212877509352
2024-06-30,0.47998713567525914,0.6759686623932841,-0.03487817522517081,0.28222991705498646,0.17515299628016867,0.41522966230824504
2024-07-01,0.31969579049897623,0.6875781245267855,-0.03389802509694285,0.13452818414043277,0.026471113237387045,0.3173871433877048
2024-07-02,0.20812197598335036,0.7024995676065392,-0.032947635141480566,0.0388262026600229,-0.07018125819848509,0.22854936548380284
2024-07-03,0.1325411694635613,0.7194395124393748,-0.032026019338953216,-0.018893043224403216,-0.12882211988543857,0.15556828021912986
2024-07-04,0.08300533447534875,0.732391734106666,-0.03113222746471967,-0.05458286467109097,-0.16540573320635987,0.10179744038042228
2024-07-05,0.05131056675178065,0.7446579536986753,-0.030265343649681573,-0.0731445289876117,-0.18483428133791868,0.06446306032648487
2024-07-06,0.03131894017859464,0.7545049086676254,-0.029424485010068564,-0.0824483419522346,-0.19497895294215462,0.03985491179044571
2024-07-07,0.01903087225545967,0.7641287849313381,-0.02860880034158897,-0.08429684894317735,-0.19764314460157695,0.024300118220875702
2024-07-08,0.011427224644381857,0.7690567239000625,-0.02781746887349485,-0.08618122611743662,-0.20031885324393028,0.014641203916740304
2024-07-09,0.006852593075171612,0.7690338665682679,-0.02704969907866822,-0.09001094522361486,-0.20491634214493515,0.008831953425660679
2024-07-10,0.002621212966381937,0.7649060439735984,-0.026304727536263624,-0.09762517638466939,-0.21327554484839428,0.003415139908949074
2024-07-11,0.00036936287328768005,0.760362191040573,-0.02558181784382445,-0.10369796971834977,-0.22007124787451393,0.0004855364173963314
2024-07-12,0.025806789116258274,0.7556252662563122,-0.024880259576087006,-0.08229590999190262,-0.1993707464158042,0.03302499422544694
2024-07-13,0.11117192256932916,0.7507726495664651,-0.02419936728797011,-0.001102500940561968,-0.11885822965258042,0.1289780412374529
2024-07-14,0.1586357886670969,0.7453799561183522,-0.02353847955944119,0.04162955943762181,-0.07678705700292554,0.17547901082712458
2024-07-15,0.15625688402387,0.7399029422891272,-0.02289695808017377,0.03441516244443743,-0.08464297547537736,0.17436274137253607
2024-07-16,0.1316781851045722,0.7343785762467353,-0.022274186772043764,0.004934868790877678,-0.11474604043706715,0.15204336595573117
2024-07-17,0.1112419626688143,0.728824274090228,-0.02166957094767676,-0.02045103997702058,-0.1407365650293324,0.13242046615036385
2024-07-18,0.17720489466439357,0.7260036407668704,-0.021082536503361886,0.04327829313951603,-0.07759426635711064,0.1961948849163408
2024-07-19,0.19998953126046565,0.7279231188250074,-0.020512529144779097,0.06855241515230792,-0.05289015170290157,0.2155262472626534
2024-07-20,0.30446832616356256,0.7319973971489131,-0.0199590136440536,0.17765900388003608,0.05566292152410102,0.29375629055102953
2024-07-21,0.3287023079351843,0.7376588937015484,-0.019421473126769895,0.20809202272157679,0.08555839984835811,0.30824668736134325
2024-07-22,0.34739886399687975,0.7439503180356126,-0.018899408387620643,0.23360206785648563,0.11054638024411767,0.3183205427889685
2024-07-23,0.3151409803719176,0.7517158652574234,-0.01839233723346706,0.20961680260748783,0.08605404384096638,0.29539200283803335
2024-07-24,0.23689532574425132,0.7641854984053896,-0.017899793852627275,0.14433332450862757,0.0202780223612663,0.23663955999305042
2024-07-25,0.16474124154931674,0.7746806690836149,-0.017421328209278115,0.08315287663526738,-0.04138089115544308,0.1753644871220036
2024-07-26,0.10962113588299527,0.7851353979325224,-0.016956505461912283,0.0389523225652193,-0.08604626797285697,0.12251504374663458
2024-07-27,0.07080276051399749,0.7937518515335998,-0.01650490540483205,0.009202000854379166,-0.11624818974077733,0.081895070048044
2024-07-28,0.044638265847963175,0.8054573554344624,-0.016066121931719614,-0.0048182064376801614,-0.1307071805059491,0.052509699768390046
2024-07-29,0.027825185898211265,0.8168380430189848,-0.015639762520359965,-0.009824239391549972,-0.13613957287117862,0.03294234310860361
2024-07-30,0.03427039718630598,0.8268242956491273,-0.015225447737635445,0.0070215393094117395,-0.11970810895294137,0.03979863941962015
2024-07-31,0.048851773534658784,0.8321205412272975,-0.014822810763950717,0.02730179820961942,-0.09983048702641839,0.05545210980649126
2024-08-01,0.1673583663055451,0.8366207371040956,-0.014431496936284047,0.1506999006849704,0.023176301621265938,0.1666950693865787
2024-08-02,0.22359483486952428,0.8363699757822768,-0.014051163309093034,0.20706594155432212,0.0791620088634265,0.21094552632556712
2024-08-03,0.19219294639062007,0.8357412115082937,-0.013681478232338987,0.17540497387818887,0.0471313561105392,0.18697009425531724
2024-08-04,0.14194637195636084,0.8303632153418924,-0.013322120945925442,0.12013976056394171,-0.008493214490121415,0.145988863846119
2024-08-05,0.09810941389506868,0.8264380773067731,-0.012972781189870422,0.07272700422358525,-0.05625531058653288,0.10611614311724957
2024-08-06,0.06477928201882734,0.8238433024848493,-0.01263315882957607,0.037141719885714464,-0.09218021728469805,0.07289853211980718
2024-08-07,0.04181446243146819,0.8258560153950213,-0.012302963495562164,0.016519808542541203,-0.11313232396188522,0.04819163899204365
2024-08-08,0.02646952404382546,0.8290344159763681,-0.011981914237087183,0.004674319994720233,-0.12529886176818117,0.03094027134837119
2024-08-09,0.1535664030511157,0.8323288130451449,-0.011669739189070438,0.1353777711188041,0.005092414307885984,0.15576341232202695
2024-08-10,0.2272836091306519,0.8356578549872489,-0.011366175251789484,0.2127275830777251,0.08213866232952605,0.21382514164998437
2024-08-11,0.2054321989875809,0.8389998516196748,-0.011070967782818037,0.19451337703605165,0.0636292488188811,0.1966927373285204
2024-08-12,0.17858077556887209,0.840511635765218,-0.01078387030071227,0.16946083524499156,0.038289609545715364,0.1752351146792396
2024-08-13,0.14223394113941645,0.8405308066326728,-0.010504644199967559,0.1334123977837356,0.0019619459837145747,0.14472837112020792
2024-08-14,0.10125771487982552,0.8358385830646614,-0.01023305847678348,0.08801553367931736,-0.043706503843887745,0.10805475926213079
2024-08-15,0.0682747828088505,0.8344898661856484,-0.00996888946520294,0.05394805374090983,-0.07803815279387583,0.07562855156645212
2024-08-16,0.044160697996198095,0.8346189075049694,-0.00971192058320323,0.03021997912957808,-0.10202319628720724,0.05025230185105773
2024-08-17,0.041008152000649244,0.835294102246528,-0.009461942088340131,0.02799260637045098,-0.10450054754119742,0.04679681217513123
2024-08-18,0.03682557888230278,0.8383119932702104,-0.00921875084255121,0.027071115521575928,-0.10566522963586145,0.04207975986189867
2024-08-19,0.05741597062048008,0.8414796328069634,-0.008982150085762326,0.05106574755329507,-0.08190719836093119,0.06387390304453142
2024-08-20,0.06363989725340381,0.8446906891302777,-0.008751949217930322,0.06073093137736507,-0.07247221540469317,0.07006248408607715
2024-08-21,0.05101010012783167,0.8479189110391907,-0.008527963589195275,0.05155334178944104,-0.08187379062135225,0.05674541537112981
2024-08-22,0.03664644188075706,0.8465662884239017,-0.008310014297806256,0.036055010218466466,-0.0975900714837159,0.04149220298049384
2024-08-23,0.024871669057925053,0.8449363050255354,-0.008097927995522076,0.022862340299552253,-0.1109948277049142,0.02859443670211576
2024-08-24,0.015848402273791366,0.8427580546839278,-0.007891536700176616,0.011867214469156506,-0.12219634483065545,0.018458284520648318
2024-08-25,0.010119917820460048,0.8414195240691095,-0.007690677615141084,0.005001058486042376,-0.1292633598988051,0.011884261987916742
2024-08-26,0.010645035586032884,0.8400960479576488,-0.007495192955385513,0.004398184799910165,-0.13006171824469293,0.012512661950792352
2024-08-27,0.014550549321200644,0.8387636523589279,-0.007304929779902639,0.007161566111839823,-0.12748860010824614,0.017051807285700174
2024-08-28,0.01426700550620438,0.8374238432650791,-0.0071197398302282515,0.005723403152669171,-0.1291119530170911,0.01675138992838433
2024-08-29,0.011031185727325817,0.8360737882269952,-0.006939479374821681,0.001317788791113328,-0.1336978278340536,0.01302221810342086
2024-08-30,0.00778545015159647,0.8333449162998737,-0.006764009059079164,-0.004481348395995011,-0.13967243533690443,0.009255937559883184
2024-08-31,0.00522792334732492,0.8305289018540974,-0.006593193760754697,-0.009684074347718452,-0.14504597658695229,0.006255316366773266
2024-09-01,0.007642283479923069,0.8249316055463016,-0.006426902450581584,-0.012700719212743072,-0.14822891276215,0.009179105399115333
2024-09-02,0.008523246836054049,0.8196122729354295,-0.006265008057888988,-0.01697719407479148,-0.15266728201689106,0.010292091852799602
2024-09-03,0.006736353261424013,0.8142692075583836,-0.006107387341019566,-0.023949532309598065,-0.15979724096856707,0.008205003209354014
2024-09-04,0.009134336784544823,0.8089069080911084,-0.0059539207623669115,-0.026760381675099754,-0.16276155691272143,0.011166107872633356
2024-09-05,0.009679942393411436,0.8035428320120948,-0.005804492367845674,-0.03142942375072555,-0.16758002738286848,0.011903186553632622
2024-09-06,0.007655509092980888,0.7981848018142508,-0.005658989670631072,-0.038666384551785504,-0.17496249088114302,0.00950003243739713
2024-09-07,0.005463562913923005,0.79329974094754,-0.005517303539003833,-0.0456017054659269,-0.18203949792691165,0.006840027436801981
2024-09-08,0.0036934419851979974,0.7880053670377974,-0.005379328088132906,-0.0525282248535236,-0.18910399276537926,0.004665210990725034
2024-09-09,0.0024139880462893835,0.7822582349288641,-0.005244960575664093,-0.05942044338889674,-0.19613057881322116,0.0030764285718392534
2024-09-10,0.0015276914994089169,0.7769534039316933,-0.0051141013009489145,-0.06548071165823277,-0.20232170635727242,0.0019624002540009297
2024-09-11,0.0009458708042893823,0.7716952572269076,-0.004986653507790706,-0.07119323126497978,-0.20816167375717765,0.001224204575673573
2024-09-12,0.0005871161397720769,0.7664714374228331,-0.004862523290571222,-0.07665167551635221,-0.21374424822576954,0.0007654124147957346
2024-09-13,0.00036070982518365884,0.7612744525437172,-0.0047416195036235065,-0.08195416292310875,-0.21916763941947381,0.0004735992283519963
2024-09-14,0.013068497825555594,0.755647679134406,-0.00462385367373778,-0.07475538250216218,-0.212086624828413,0.017000419943336596
2024-09-15,0.02356420500233257,0.750016980568778,-0.0045091399156784355,-0.069775660132954,-0.2072216162172641,0.030461191975520788
2024-09-16,0.022927528162750423,0.7444023692679096,-0.004397394850597924,-0.0759152032083239,-0.2134729043577146,0.02987962314451885
2024-09-17,0.10771030738485539,0.7383622526091419,-0.004288537527245654,0.0029363166783655803,-0.13473024179437731,0.12730622936834113
2024-09-18,0.14660731403879654,0.7323243842756737,-0.004182489345860148,0.035901503180224004,-0.10187110347390438,0.16680171430834248
2024-09-19,0.12379285355836528,0.7263097587413507,-0.004079173984652591,0.007175732526677248,-0.1307001894886587,0.14562107181799874
2024-09-20,0.09115852955173291,0.7217003441930041,-0.003978517328778833,-0.029967349372427954,-0.16794392804363767,0.11214557962783529
2024-09-21,0.06277311468896969,0.7176634355687433,-0.0038804474017147075,-0.06229160293238767,-0.20036625153066157,0.08043333525094509
2024-09-22,0.04153211446493414,0.7137181773058151,-0.0037848942989418544,-0.08738230831657878,-0.22555251001762544,0.054991192876680035
2024-09-23,0.026757312854664397,0.714417520228016,-0.0036917901238623556,-0.10136466282956802,-0.23962796870569425,0.036101216150818134
2024-09-24,0.01691436731986738,0.7154359829662645,-0.0036010689258590225,-0.11009842442811313,-0.2484524515022427,0.023096004956178248
2024-09-25,0.014824007783695413,0.7165760662028074,-0.0035126666404228972,-0.11096029844230615,-0.24940272780187178,0.020267987809868573
2024-09-26,0.012879675359803605,0.7177910279520155,-0.003426521031277663,-0.11160352350784453,-0.2501320984765555,0.017627195536136214
2024-09-27,0.013744821638297234,0.7176824756130695,-0.0033425716344217165,-0.11076298017144104,-0.24937550453700785,0.018791781069627762
2024-09-28,0.017151747560218377,0.717070936274409,-0.0032607597040196037,-0.10788578165777829,-0.24658011795374724,0.02336041631217369
2024-09-29,0.016106822921298024,0.716433926051846,-0.0031810281600908965,-0.10948798497533296,-0.24826205281523062,0.021987613581737446
2024-09-30,0.012276083545452189,0.7112089978605581,-0.003103321537903825,-0.11846594592027959,-0.25731772038236433,0.016967984359255932
2024-10-01,0.00860700747563271,0.7061748328567234,-0.00302758593904275,-0.12709345139507267,-0.2660209614560185,0.012041446760357904
2024-10-02,0.005460905319225961,0.7010948283472593,-0.0029537689840693675,-0.1352457411059702,-0.27424706812188937,0.0077289094957704585
2024-10-03,0.003560062967156286,0.6964535684798324,-0.002880127958540979,-0.14171420229993836,-0.28078917034138595,0.005085705202336315
2024-10-04,0.006552618088692514,0.692295276830651,-0.0028100353997838057,-0.1428098462688263,-0.28195490686903113,0.00937631512712616
2024-10-05,0.012089292137249144,0.6881799755484533,-0.002740595735121846,-0.14131903383780542,-0.2805335341026721,0.017263776514429455
2024-10-06,0.012757558989742405,0.6840925834782352,-0.0026740203521650368,-0.1446715836725735,-0.28395265932039704,0.01830746413362275
2024-10-07,0.01439568510871405,0.680034265615498,-0.002609121517637573,-0.14702687658181168,-0.28637285106416266,0.020730219216064886
2024-10-08,0.013613075653780886,0.6755372654408035,-0.0025440246838880167,-0.15224138937768972,-0.29165246069379025,0.019753419307837968
2024-10-09,0.010387143886380991,0.6710331028719595,-0.0024787816410228682,-0.1599062406710685,-0.2993825550300342,0.015243374313861116
2024-10-10,0.024398407135978406,0.6665433741182035,-0.0024167167530812494,-0.15032264128728534,-0.2898610205341927,0.03531181323510494
2024-10-11,0.03039148033592005,0.6620759114872209,-0.002358261121621167,-0.14873857508686628,-0.28833540996523366,0.04388868081701984
2024-10-12,0.025111806791593198,0.6576332662084199,-0.002300203107191238,-0.15840283589556425,-0.29805772878836156,0.03678064886100279
2024-10-13,0.02258044036448233,0.6536695827730229,-0.0022423980468293894,-0.16484008069771017,-0.3045527786508694,0.03339066852777162
2024-10-14,0.018912297011939198,0.6497603315238947,-0.0021850214979052263,-0.17236009875045744,-0.3121301732525408,0.028283342557853326
2024-10-15,0.013752288908153653,0.6458935546028717,-0.002129098736505667,-0.18133096101386648,-0.32115695827734936,0.020847988422023307
2024-10-16,0.009386211752592187,0.6438931545589281,-0.0020739491152768257,-0.1876422885921426,-0.32752343547685436,0.014367837462229464
2024-10-17,0.006170647171540125,0.6415721976496821,-0.0020200649161593587,-0.1931249258833232,-0.3330599569671524,0.009526384152098555
2024-10-18,0.003956609902211922,0.6388266165392107,-0.001967584825277424,-0.19803206417224084,-0.33801957534695204,0.00615543427310092
2024-10-19,0.002477892261640465,0.6365482200832072,-0.001915821049178923,-0.20173741449271732,-0.341776689443527,0.003877607211617796
2024-10-20,0.0015260629390896278,0.6338670994266711,-0.0018660142978602263,-0.20532055772048563,-0.34540963942261393,0.0024017616642389326
2024-10-21,0.0009388508923646726,0.6311931992281762,-0.001818928663141169,-0.20853458433098637,-0.3486707516678338,0.001485213243317822
2024-10-22,0.0005586028951618335,0.6285400271815583,-0.0017708828420772704,-0.21151995855374317,-0.35170417171165447,0.0008879416810901503
2024-10-23,0.0003385287933096419,0.624081670552681,-0.0017241659928706188,-0.216151672435266,-0.35638260244238396,0.000542149010656946
2024-10-24,0.00020394291170897557,0.6195424001862682,-0.001680935470063908,-0.2207822981604728,-0.3610564586903975,0.00032907481259108253
2024-10-25,6.596435665929641e-05,0.6149949788223241,-0.0016407000764903645,-0.22542746268589298,-0.36574185860939123,0.00010724848877308848
2024-10-26,0.021454102823813097,0.6099970855254944,-0.0016014587476088638,-0.20899797618668747,-0.3493516134390672,0.033975868950214205
2024-10-27,0.040503274364644425,0.6049832206768724,-0.0015600056537744544,-0.19492121640064375,-0.33531630674685786,0.06274844582463233
2024-10-28,0.040230194399859524,0.5999762585757454,-0.001518978980927695,-0.2001602317937088,-0.3405963488127697,0.06283940783925915
2024-10-29,0.03138053718557036,0.594988963502875,-0.0014796244955905997,-0.21395782959553133,-0.3544333010999293,0.050099082332520785
2024-10-30,0.022269014016872465,0.5900255581723831,-0.001444333691185832,-0.22799746729031634,-0.3685082295991191,0.03636977204819854
2024-10-31,0.015009503213496438,0.5850829416495942,-0.0014066119967075519,-0.24016187292200297,-0.380710356925284,0.02501198497328326
2024-11-01,0.009792523588307095,0.5824550672010589,-0.0013684663284119027,-0.24796858132743205,-0.3885552109990087,0.016534509790500484
2024-11-02,0.006246938201895626,0.5809052299994869,-0.0013321821162854963,-0.2530277197032891,-0.39365063358699215,0.010639385393111654
2024-11-03,0.0039200986724297225,0.5794880812888814,-0.001296698049295275,-0.2567362238763702,-0.39739462182706353,0.006719307008499067
2024-11-04,0.0024292330587708565,0.5781440780959695,-0.0012619254155920763,-0.2595363200492379,-0.40022949063363433,0.004184196917249254
2024-11-05,0.0014905090033623637,0.5768486368606247,-0.0012284141480683648,-0.26173697407246743,-0.4024636559243876,0.0025772230948255736
2024-11-06,0.0009072236350084863,0.5755899755032473,-0.0011992442718294916,-0.26354975092195976,-0.40430560265011883,0.0015736826412419665
2024-11-07,0.0005485483466902218,0.5743694363450698,-0.0011707877111707954,-0.2651005088077969,-0.4058848170966146,0.0009541332177742253
2024-11-08,0.0003298351883773168,0.5708906785701977,-0.0011406114824563662,-0.26876780351226737,-0.40958228802979957,0.0005774218194774441
2024-11-09,0.00019738712753888794,0.5663886715544073,-0.0011097029158044593,-0.27337135002224433,-0.4142167431064284,0.00034837978187827497
2024-11-10,4.728981500620934e-05,0.5618074293860356,-0.0010796738262039418,-0.27807266041354817,-0.41894808258733285,8.416733612819969e-05
2024-11-11,2.436703483402264e-17,0.5572095288402769,-0.001050025627612953,-0.28268820257572214,-0.4235932729480978,4.373047044751348e-17
2024-11-12,-3.655055225103396e-17,0.5526086450597224,-0.0010230352245575816,-0.2872620959532213,-0.42819415672865224,-6.614183939718101e-17
2024-11-13,-9.746813933609055e-18,0.5480158420758298,-0.000995026185203344,-0.2918268898977596,-0.4327869597125449,-1.7785642649834882e-17
2024-11-14,0.00428290430576034,0.5434350179563966,-0.0009672812860888983,-0.292097064812318,-0.43308487952621766,0.0078195438412373
2024-11-15,0.014948572780644787,0.5388734656537904,-0.0009403915966142429,-0.28596605895056526,-0.42698076335393953,0.026991653894637296
2024-11-16,0.02254136585633088,0.5343355648300796,-0.000918193141109025,-0.2828889682430846,-0.4239258711019641,0.04047818218748302
2024-11-17,0.02144756474595395,0.5298296588876983,-0.000896533415241263,-0.2884670155699751,-0.42952557815472237,0.038905225586114166
2024-11-18,0.016473030659193037,0.5253529887898138,-0.0008728652298947333,-0.2978945515692739,-0.43897678233936777,0.03040280471569965
2024-11-19,0.01159640142288517,0.52091070783144,-0.000849787344125515,-0.3071903838781864,-0.44829569253404944,0.021776988929074998
2024-11-20,0.007777548237280489,0.5169619681850969,-0.0008264023944819324,-0.31493459176049066,-0.4560632853659973,0.014821731533212996
2024-11-21,0.005057278423489122,0.5139872667764214,-0.0008024528908071038,-0.32060561347928274,-0.46175825658846414,0.009743438150460297
2024-11-22,0.007501292669270309,0.5115607294635626,-0.0007835758706659275,-0.32056925952621906,-0.4617407796555417,0.014451630728920207
2024-11-23,0.02124739546210621,0.5092071555840214,-0.0007651549632534116,-0.30915830970551195,-0.45034825074224705,0.04005507242836072
2024-11-24,0.030171577433841308,0.5069008989758614,-0.0007471787811165753,-0.3025224081597999,-0.44373032537867185,0.05617785077264895
2024-11-25,0.027705013935022504,0.5046335086638807,-0.0007263090928976146,-0.30723549228238045,-0.4484642791894714,0.05204397720413928
2024-11-26,0.021016859344693536,0.5023990912110173,-0.0007092648890956547,-0.3161410201217708,-0.45738685123266376,0.04015326495568186
2024-11-27,0.014699503855412771,0.49973467794530196,-0.0006910814811751376,-0.32510460546884645,-0.4663686199876599,0.028574119635594454
2024-11-28,0.009819329077165515,0.4966181247611553,-0.0006710841999246578,-0.3330813361499899,-0.4743653479500538,0.019389026231658443
2024-11-29,0.006353450656888787,0.49441462250361545,-0.0006553619027719152,-0.3387349945306538,-0.48003472862787044,0.01268741159313566
2024-11-30,0.016856413379320343,0.49274275534188167,-0.0006400175348695487,-0.3298885546020536,-0.4712036330671726,0.03307778821857216
