                                   MODFLOW 6
                U.S. GEOLOGICAL SURVEY MODULAR HYDROLOGIC MODEL
                   VERSION 6.3.0 release candidate 02/06/2022
                               ***DEVELOP MODE***

   MODFLOW 6 compiled Feb 06 2022 02:35:51 with Intel(R) Fortran Intel(R) 64
   Compiler Classic for applications running on Intel(R) 64, Version 2021.5.0
                             Build 20211109_000000

This software is preliminary or provisional and is subject to 
revision. It is being provided to meet the need for timely best 
science. The software has not received final approval by the U.S. 
Geological Survey (USGS). No warranty, expressed or implied, is made 
by the USGS or the U.S. Government as to the functionality of the 
software and related material nor shall the fact of release 
constitute any such warranty. The software is provided on the 
condition that neither the USGS nor the U.S. Government shall be held 
liable for any damages resulting from the authorized or unauthorized 
use of the software.


As a work of the United States Government, this USGS product is 
in the public domain within the United States. You can copy, 
modify, distribute, and perform the work, even for commercial 
purposes, all without asking permission. Additionally, USGS 
waives copyright and related rights in the work worldwide 
through CC0 1.0 Universal Public Domain Dedication 
(https://creativecommons.org/publicdomain/zero/1.0/).

The following GNU Lesser General Public License (LGPL) libraries
are used in this USGS product:

    SPARSKIT version 2.0
      ilut, luson, and qsplit 
      (https://www-users.cse.umn.edu/~saad/software/SPARSKIT/)

    RCM - Reverse Cuthill McKee Ordering
      (https://people.math.sc.edu/Burkardt/f_src/rcm/rcm.html)

    BLAS - Basic Linear Algebra Subprograms Level 1
      (https://people.math.sc.edu/Burkardt/f_src/blas1_d/blas1_d.html)

    SPARSEKIT - Sparse Matrix Utility Package
      amux, dperm, dvperm, rperm, and cperm
      (https://people.sc.fsu.edu/~jburkardt/f77_src/sparsekit/sparsekit.html)

The following BSD-3 License libraries are used in this USGS product:

    Modern Fortran DAG Library
      Copyright (c) 2018, Jacob Williams
      All rights reserved.
      (https://github.com/jacobwilliams/daglib)

MODFLOW 6 compiler options: /O2 /heap-arrays:0 /fpe:0 /traceback /nologo /fpp
/c /module:.\mod_temp\ /object:.\obj_temp\

System command used to initiate simulation:
C:\Users\tfo46\e_Python\e_projects\pakipaki_01\models\local_run1\local_run1\mf6.exe

MODFLOW was compiled using uniform precision.

Real Variables
  KIND: 8
  TINY (smallest non-zero value):    2.225074-308
  HUGE (largest value):    1.797693+308
  PRECISION: 15
  BIT SIZE: 64

Integer Variables
  KIND: 4
  HUGE (largest value): 2147483647
  BIT SIZE: 32

Long Integer Variables
  KIND: 8
  HUGE (largest value): 9223372036854775807
  BIT SIZE: 64

Logical Variables
  KIND: 4
  BIT SIZE: 32
 

 OPENED mfsim.nam
 FILE TYPE:NAM   UNIT 1001   STATUS:OLD                 
 FORMAT:FORMATTED              ACCESS:SEQUENTIAL          
 ACTION:READ                

 # File generated by Flopy version 3.9.3 on 10/21/2025 at 10:56:09.

 READING SIMULATION OPTIONS
 END OF SIMULATION OPTIONS

 READING SIMULATION TIMING

 OPENED local_run1.tdis
 FILE TYPE:TDIS   UNIT 1002   STATUS:OLD                 
 FORMAT:FORMATTED              ACCESS:SEQUENTIAL          
 ACTION:READ                


 TDIS -- TEMPORAL DISCRETIZATION PACKAGE,
 VERSION 1 : 11/13/2014 - INPUT READ FROM UNIT 1002
 # File generated by Flopy version 3.9.3 on 10/21/2025 at 10:56:09.
 PROCESSING TDIS OPTIONS
    SIMULATION TIME UNIT IS DAYS
 END OF TDIS OPTIONS
 PROCESSING TDIS DIMENSIONS
    4 STRESS PERIOD(S) IN SIMULATION
 END OF TDIS DIMENSIONS
 PROCESSING TDIS PERIODDATA


 STRESS PERIOD     LENGTH       TIME STEPS     MULTIPLIER FOR DELT
 ----------------------------------------------------------------------------
        1         1.000000          1                    1.000
        2         52.00000         52                    1.000
        3         1.000000          1                    1.000
        4         52.00000         52                    1.000
 END OF TDIS PERIODDATA
 END OF SIMULATION TIMING

 READING SIMULATION MODELS
    GWF6 model LOCAL_RUN1 will be created as model 1
 END OF SIMULATION MODELS

 READING SIMULATION EXCHANGES
 END OF SIMULATION EXCHANGES

 READING SOLUTIONGROUP

 Creating solution: SLN_1           

 OPENED local_run1.ims
 FILE TYPE:IMS   UNIT 1015   STATUS:OLD                 
 FORMAT:FORMATTED              ACCESS:SEQUENTIAL          
 ACTION:READ                

 END OF SIMULATION SOLUTIONGROUP

PROCESSING MODEL CONNECTIONS

 IMS -- ITERATIVE MODEL SOLUTION PACKAGE, VERSION 6, 4/28/2017
         INPUT READ FROM UNIT 1015
 # File generated by Flopy version 3.9.3 on 10/21/2025 at 10:56:09.

 PROCESSING IMS OPTIONS
 COMPLEX OPTION:
 DEFAULT SOLVER INPUT VALUES REFLECT STRONGLY NONLINEAR MODEL
 END OF IMS OPTIONS
 **UNDER-RELAXATION WILL BE USED***
 
 ***IMS LINEAR SOLVER WILL BE USED***

 IMSLINEAR -- UNSTRUCTURED LINEAR SOLUTION PACKAGE, VERSION 8, 04/28/2017
 
 An asymmetric matrix will be solved

 OUTER ITERATION CONVERGENCE CRITERION    (DVCLOSE) =    0.100000E+00
 MAXIMUM NUMBER OF OUTER ITERATIONS        (MXITER) = 100
 SOLVER PRINTOUT INDEX                     (IPRIMS) = 2
 NONLINEAR ITERATION METHOD            (NONLINMETH) = 3
 LINEAR SOLUTION METHOD                   (LINMETH) = 1
 UNDER-RELAXATION WEIGHT REDUCTION FACTOR   (THETA) =    0.800000E+00
 UNDER-RELAXATION WEIGHT INCREASE INCREMENT (KAPPA) =    0.100000E-03
 UNDER-RELAXATION PREVIOUS HISTORY FACTOR   (GAMMA) =    0.000000E+00
 UNDER-RELAXATION MOMENTUM TERM         (AMOMENTUM) =    0.000000E+00
 MAXIMUM NUMBER OF BACKTRACKS            (NUMTRACK) = 20
 BACKTRACKING TOLERANCE FACTOR               (BTOL) =    0.105000E+01
 BACKTRACKING REDUCTION FACTOR             (BREDUC) =    0.100000E+00
 BACKTRACKING RESIDUAL LIMIT              (RES_LIM) =    0.200000E-02

       SOLUTION BY THE BICONJUGATE-GRADIENT STABILIZED METHOD
 ------------------------------------------------------------------
 MAXIMUM OF 100 CALLS OF SOLUTION ROUTINE
 MAXIMUM OF 500 INTERNAL ITERATIONS PER CALL TO SOLUTION ROUTINE
 LINEAR ACCELERATION METHOD            = BCGS      
 MATRIX PRECONDITIONING TYPE           = INCOMPLETE LUT      
 MATRIX SCALING APPROACH               = NO SCALING          
 MATRIX REORDERING APPROACH            = ORIGINAL ORDERING        
 NUMBER OF ORTHOGONALIZATIONS          = 2
 HEAD CHANGE CRITERION FOR CLOSURE     =    0.10000E+00
 RESIDUAL CHANGE CRITERION FOR CLOSURE =    0.10000E+00
 RESIDUAL CONVERGENCE OPTION           = 0
 RESIDUAL CONVERGENCE NORM             = INFINITY NORM   
 RELAXATION FACTOR                     =    0.00000E+00
 NUMBER OF LEVELS                      =              5
 DROP TOLERANCE                        =    0.10000E-03


 
    Solving:  Stress period:     1    Time step:     1
 
1
                            STRESS PERIOD NO. 1, LENGTH =   1.000000    
                            -----------------------------------------------
                            NUMBER OF TIME STEPS = 1
                            MULTIPLIER FOR DELT =     1.000
                            INITIAL TIME STEP SIZE =   1.000000    

 SLN_1 OUTER ITERATION SUMMARY
 ----------------------------------------------------------------------------------------------------------------------------------------------------------------
                                OUTER      INNER  BACKTRACK  BACKTRACK        INCOMING        OUTGOING                    STEP   MAXIMUM CHANGE MODEL-(CELLID) OR
 OUTER ITERATION STEP       ITERATION  ITERATION       FLAG ITERATIONS        RESIDUAL        RESIDUAL  MAXIMUM CHANGE SUCCESS             MODEL-PACKAGE-(NUMBER)
 ----------------------------------------------------------------------------------------------------------------------------------------------------------------
 Backtracking                       1                     0          0       165.81682       165.81682                       *                                   
 Model                              1         16                                                             3.8116522                             1_GWF-(1,26,2)
 Backtracking                       2                     0          0       1.4089140       1.4089140                       *                                   
 Model                              2          1                                                        4.53461602E-04       *                    1_GWF-(1,19,55)
 ----------------------------------------------------------------------------------------------------------------------------------------------------------------


 2 CALLS TO NUMERICAL SOLUTION IN TIME STEP 1 STRESS PERIOD 1
 17 TOTAL ITERATIONS

 SLN_1 INNER ITERATION SUMMARY
 --------------------------------------------------------------------------------------------------------------------------------------
      TOTAL      OUTER      INNER                                                            MAXIMUM                                   
  ITERATION  ITERATION  ITERATION  MAXIMUM CHANGE      MAXIMUM CHANGE MODEL-(CELLID)        RESIDUAL    MAXIMUM RESIDUAL MODEL-(CELLID)
 --------------------------------------------------------------------------------------------------------------------------------------
          1          1          1      0.16889723                     1_GWF-(1,47,5)       58.953844                    1_GWF-(1,39,18)
          2          1          2      0.77625263                     1_GWF-(1,39,6)      -80.161720                    1_GWF-(1,41,36)
          3          1          3      0.52909793                     1_GWF-(1,30,4)      -78.578752                    1_GWF-(1,41,36)
          4          1          4      0.58379159                    1_GWF-(1,45,37)      -53.468723                    1_GWF-(1,41,36)
          5          1          5       1.9032739                    1_GWF-(1,45,37)       32.196720                     1_GWF-(1,29,4)
          6          1          6     -0.10169799                     1_GWF-(1,44,7)       13.882734                    1_GWF-(1,34,10)
          7          1          7      0.29428634                    1_GWF-(1,45,37)       8.8093864                     1_GWF-(1,35,9)
          8          1          8      0.41471023                    1_GWF-(1,45,37)      -3.6594678                    1_GWF-(1,21,50)
          9          1          9     -0.47163463                    1_GWF-(1,44,37)       11.390748                     1_GWF-(1,41,6)
         10          1         10      0.42177732                    1_GWF-(1,44,37)       2.0779517                    1_GWF-(1,33,13)
         11          1         11 -1.56411360E-03                     1_GWF-(1,47,5)      0.94304840                     1_GWF-(1,40,5)
         12          1         12  1.22982377E-04                     1_GWF-(1,47,5)      0.91657926                     1_GWF-(1,40,5)
         13          1         13 -1.99385783E-02                     1_GWF-(1,44,7)      0.47919150                     1_GWF-(1,4,25)
         14          1         14 -1.44513236E-03                     1_GWF-(1,9,17)      0.37631026                     1_GWF-(1,17,9)
         15          1         15  9.12567805E-04                     1_GWF-(1,38,5)      0.13038537                     1_GWF-(1,9,17)
         16          1         16 -2.64467294E-04                    1_GWF-(1,17,10)  9.83884235E-02                     1_GWF-(1,5,22)
         17          2          1  4.53461602E-04                    1_GWF-(1,19,55) -3.43114217E-02                    1_GWF-(1,23,54)
 --------------------------------------------------------------------------------------------------------------------------------------


 
    Solving:  Stress period:     2    Time step:     1
 
1
                            STRESS PERIOD NO. 2, LENGTH =   52.00000    
                            -----------------------------------------------
                            NUMBER OF TIME STEPS = 52
                            MULTIPLIER FOR DELT =     1.000
                            INITIAL TIME STEP SIZE =   1.000000    

 SLN_1 OUTER ITERATION SUMMARY
 ----------------------------------------------------------------------------------------------------------------------------------------------------------------
                                OUTER      INNER  BACKTRACK  BACKTRACK        INCOMING        OUTGOING                    STEP   MAXIMUM CHANGE MODEL-(CELLID) OR
 OUTER ITERATION STEP       ITERATION  ITERATION       FLAG ITERATIONS        RESIDUAL        RESIDUAL  MAXIMUM CHANGE SUCCESS             MODEL-PACKAGE-(NUMBER)
 ----------------------------------------------------------------------------------------------------------------------------------------------------------------
 Backtracking                       1                     0          0       567.95304       567.95304                       *                                   
 Model                              1          8                                                           -0.23422138                             1_GWF-(1,47,5)
 Backtracking                       2                     0          0      0.28273586      0.28273586                       *                                   
 Model                              2          1                                                       -3.89866614E-05       *                     1_GWF-(1,3,40)
 ----------------------------------------------------------------------------------------------------------------------------------------------------------------


 2 CALLS TO NUMERICAL SOLUTION IN TIME STEP 1 STRESS PERIOD 2
 9 TOTAL ITERATIONS

 SLN_1 INNER ITERATION SUMMARY
 --------------------------------------------------------------------------------------------------------------------------------------
      TOTAL      OUTER      INNER                                                            MAXIMUM                                   
  ITERATION  ITERATION  ITERATION  MAXIMUM CHANGE      MAXIMUM CHANGE MODEL-(CELLID)        RESIDUAL    MAXIMUM RESIDUAL MODEL-(CELLID)
 --------------------------------------------------------------------------------------------------------------------------------------
          1          1          1     -0.27273815                     1_GWF-(1,47,5)      -98.696348                     1_GWF-(1,43,7)
          2          1          2 -6.86982178E-02                    1_GWF-(1,34,11)      -16.452988                     1_GWF-(1,39,7)
          3          1          3 -1.49955986E-02                    1_GWF-(1,43,37)      -6.2160688                     1_GWF-(1,41,7)
          4          1          4 -8.13025201E-03                    1_GWF-(1,42,36)      -2.6542020                     1_GWF-(1,41,7)
          5          1          5 -3.09040537E-03                    1_GWF-(1,41,36)     -0.95745383                     1_GWF-(1,29,4)
          6          1          6  1.39384238E-03                     1_GWF-(1,43,7)     -0.31914081                     1_GWF-(1,29,4)
          7          1          7  8.91102109E-04                     1_GWF-(1,43,7)     -0.11655429                     1_GWF-(1,5,22)
          8          1          8  2.49032845E-04                     1_GWF-(1,6,21)  2.78630677E-02                     1_GWF-(1,3,40)
          9          2          1 -3.89866614E-05                     1_GWF-(1,3,40)  7.98822243E-03                     1_GWF-(1,4,25)
 --------------------------------------------------------------------------------------------------------------------------------------


 
    Solving:  Stress period:     2    Time step:     2
 

 SLN_1 OUTER ITERATION SUMMARY
 ----------------------------------------------------------------------------------------------------------------------------------------------------------------
                                OUTER      INNER  BACKTRACK  BACKTRACK        INCOMING        OUTGOING                    STEP   MAXIMUM CHANGE MODEL-(CELLID) OR
 OUTER ITERATION STEP       ITERATION  ITERATION       FLAG ITERATIONS        RESIDUAL        RESIDUAL  MAXIMUM CHANGE SUCCESS             MODEL-PACKAGE-(NUMBER)
 ----------------------------------------------------------------------------------------------------------------------------------------------------------------
 Backtracking                       1                     0          0       546.57875       546.57875                       *                                   
 Model                              1          7                                                           -0.15513581                             1_GWF-(1,47,5)
 Backtracking                       2                     0          0      0.32142485      0.32142485                       *                                   
 Model                              2          1                                                        5.92395055E-05       *                     1_GWF-(1,44,8)
 ----------------------------------------------------------------------------------------------------------------------------------------------------------------


 2 CALLS TO NUMERICAL SOLUTION IN TIME STEP 2 STRESS PERIOD 2
 8 TOTAL ITERATIONS

 SLN_1 INNER ITERATION SUMMARY
 --------------------------------------------------------------------------------------------------------------------------------------
      TOTAL      OUTER      INNER                                                            MAXIMUM                                   
  ITERATION  ITERATION  ITERATION  MAXIMUM CHANGE      MAXIMUM CHANGE MODEL-(CELLID)        RESIDUAL    MAXIMUM RESIDUAL MODEL-(CELLID)
 --------------------------------------------------------------------------------------------------------------------------------------
          1          1          1     -0.21998210                     1_GWF-(1,47,5)      -84.560913                    1_GWF-(1,23,54)
          2          1          2  4.76003492E-02                    1_GWF-(1,25,55)      -9.2051358                     1_GWF-(1,39,7)
          3          1          3  1.69855975E-02                    1_GWF-(1,25,55)      -2.9268348                    1_GWF-(1,36,20)
          4          1          4  3.61185639E-03                    1_GWF-(1,38,20)       1.4556899                     1_GWF-(1,4,25)
          5          1          5 -3.10310678E-03                     1_GWF-(1,5,22)      0.48655641                    1_GWF-(1,17,52)
          6          1          6 -5.95782627E-04                    1_GWF-(1,18,52)     -0.10986788                    1_GWF-(1,38,10)
          7          1          7 -1.54838335E-04                     1_GWF-(1,7,19) -2.67356032E-02                     1_GWF-(1,42,6)
          8          2          1  5.92395055E-05                     1_GWF-(1,44,8)  8.37728973E-03                     1_GWF-(1,3,38)
 --------------------------------------------------------------------------------------------------------------------------------------


 
    Solving:  Stress period:     2    Time step:     3
 

 SLN_1 OUTER ITERATION SUMMARY
 ----------------------------------------------------------------------------------------------------------------------------------------------------------------
                                OUTER      INNER  BACKTRACK  BACKTRACK        INCOMING        OUTGOING                    STEP   MAXIMUM CHANGE MODEL-(CELLID) OR
 OUTER ITERATION STEP       ITERATION  ITERATION       FLAG ITERATIONS        RESIDUAL        RESIDUAL  MAXIMUM CHANGE SUCCESS             MODEL-PACKAGE-(NUMBER)
 ----------------------------------------------------------------------------------------------------------------------------------------------------------------
 Backtracking                       1                     0          0       538.79048       538.79048                       *                                   
 Model                              1          7                                                           -0.14690750                             1_GWF-(1,43,3)
 Backtracking                       2                     0          0      0.82779042      0.82779042                       *                                   
 Model                              2          1                                                       -1.00979750E-04       *                     1_GWF-(1,7,19)
 ----------------------------------------------------------------------------------------------------------------------------------------------------------------


 2 CALLS TO NUMERICAL SOLUTION IN TIME STEP 3 STRESS PERIOD 2
 8 TOTAL ITERATIONS

 SLN_1 INNER ITERATION SUMMARY
 --------------------------------------------------------------------------------------------------------------------------------------
      TOTAL      OUTER      INNER                                                            MAXIMUM                                   
  ITERATION  ITERATION  ITERATION  MAXIMUM CHANGE      MAXIMUM CHANGE MODEL-(CELLID)        RESIDUAL    MAXIMUM RESIDUAL MODEL-(CELLID)
 --------------------------------------------------------------------------------------------------------------------------------------
          1          1          1     -0.20670171                    1_GWF-(1,47,37)      -82.584844                    1_GWF-(1,23,54)
          2          1          2  5.15570471E-02                    1_GWF-(1,47,37)      -11.744249                    1_GWF-(1,41,36)
          3          1          3  2.00461504E-02                    1_GWF-(1,47,37)       3.1167592                     1_GWF-(1,3,28)
          4          1          4  2.94891711E-03                    1_GWF-(1,16,47)      -2.9761907                    1_GWF-(1,23,54)
          5          1          5 -2.24409233E-03                     1_GWF-(1,4,23)      0.68522956                     1_GWF-(1,5,22)
          6          1          6  1.95401834E-04                     1_GWF-(1,47,5)      0.40837374                     1_GWF-(1,5,22)
          7          1          7 -8.55058476E-04                     1_GWF-(1,6,20)  6.94021994E-02                     1_GWF-(1,5,22)
          8          2          1 -1.00979750E-04                     1_GWF-(1,7,19)  2.87994054E-02                     1_GWF-(1,5,22)
 --------------------------------------------------------------------------------------------------------------------------------------


 
    Solving:  Stress period:     2    Time step:     4
 

 SLN_1 OUTER ITERATION SUMMARY
 ----------------------------------------------------------------------------------------------------------------------------------------------------------------
                                OUTER      INNER  BACKTRACK  BACKTRACK        INCOMING        OUTGOING                    STEP   MAXIMUM CHANGE MODEL-(CELLID) OR
 OUTER ITERATION STEP       ITERATION  ITERATION       FLAG ITERATIONS        RESIDUAL        RESIDUAL  MAXIMUM CHANGE SUCCESS             MODEL-PACKAGE-(NUMBER)
 ----------------------------------------------------------------------------------------------------------------------------------------------------------------
 Backtracking                       1                     0          0       532.32539       532.32539                       *                                   
 Model                              1          7                                                           -0.14300975                             1_GWF-(1,39,1)
 Backtracking                       2                     0          0      0.84026523      0.84026523                       *                                   
 Model                              2          1                                                       -9.92851847E-05       *                     1_GWF-(1,6,20)
 ----------------------------------------------------------------------------------------------------------------------------------------------------------------


 2 CALLS TO NUMERICAL SOLUTION IN TIME STEP 4 STRESS PERIOD 2
 8 TOTAL ITERATIONS

 SLN_1 INNER ITERATION SUMMARY
 --------------------------------------------------------------------------------------------------------------------------------------
      TOTAL      OUTER      INNER                                                            MAXIMUM                                   
  ITERATION  ITERATION  ITERATION  MAXIMUM CHANGE      MAXIMUM CHANGE MODEL-(CELLID)        RESIDUAL    MAXIMUM RESIDUAL MODEL-(CELLID)
 --------------------------------------------------------------------------------------------------------------------------------------
          1          1          1     -0.22378778                    1_GWF-(1,47,37)      -80.697793                    1_GWF-(1,23,54)
          2          1          2  6.19688741E-02                    1_GWF-(1,47,37)      -12.648379                    1_GWF-(1,41,36)
          3          1          3  2.45961762E-02                    1_GWF-(1,47,37)       2.4448456                     1_GWF-(1,3,28)
          4          1          4  2.94671572E-03                    1_GWF-(1,39,23)      -1.9703047                    1_GWF-(1,23,54)
          5          1          5 -2.00979843E-03                     1_GWF-(1,5,23)      0.59281071                     1_GWF-(1,5,22)
          6          1          6 -2.88722555E-04                     1_GWF-(1,6,20)      0.41059212                     1_GWF-(1,5,22)
          7          1          7 -7.87147436E-04                     1_GWF-(1,6,20)  7.31023098E-02                     1_GWF-(1,5,22)
          8          2          1 -9.92851847E-05                     1_GWF-(1,6,20)  3.02003328E-02                     1_GWF-(1,5,22)
 --------------------------------------------------------------------------------------------------------------------------------------


 
    Solving:  Stress period:     2    Time step:     5
 

 SLN_1 OUTER ITERATION SUMMARY
 ----------------------------------------------------------------------------------------------------------------------------------------------------------------
                                OUTER      INNER  BACKTRACK  BACKTRACK        INCOMING        OUTGOING                    STEP   MAXIMUM CHANGE MODEL-(CELLID) OR
 OUTER ITERATION STEP       ITERATION  ITERATION       FLAG ITERATIONS        RESIDUAL        RESIDUAL  MAXIMUM CHANGE SUCCESS             MODEL-PACKAGE-(NUMBER)
 ----------------------------------------------------------------------------------------------------------------------------------------------------------------
 Backtracking                       1                     0          0       526.26075       526.26075                       *                                   
 Model                              1          7                                                           -0.14040143                             1_GWF-(1,35,1)
 Backtracking                       2                     0          0      0.81392779      0.81392779                       *                                   
 Model                              2          1                                                       -9.17539814E-05       *                     1_GWF-(1,6,20)
 ----------------------------------------------------------------------------------------------------------------------------------------------------------------


 2 CALLS TO NUMERICAL SOLUTION IN TIME STEP 5 STRESS PERIOD 2
 8 TOTAL ITERATIONS

 SLN_1 INNER ITERATION SUMMARY
 --------------------------------------------------------------------------------------------------------------------------------------
      TOTAL      OUTER      INNER                                                            MAXIMUM                                   
  ITERATION  ITERATION  ITERATION  MAXIMUM CHANGE      MAXIMUM CHANGE MODEL-(CELLID)        RESIDUAL    MAXIMUM RESIDUAL MODEL-(CELLID)
 --------------------------------------------------------------------------------------------------------------------------------------
          1          1          1     -0.22965153                    1_GWF-(1,47,37)      -79.279990                    1_GWF-(1,23,54)
          2          1          2  6.76482626E-02                    1_GWF-(1,47,37)      -12.442209                    1_GWF-(1,39,35)
          3          1          3      0.10462794                    1_GWF-(1,43,37)       54.849461                    1_GWF-(1,41,36)
          4          1          4 -8.33244971E-02                    1_GWF-(1,43,37)      -1.6202601                    1_GWF-(1,23,54)
          5          1          5 -1.85013705E-03                     1_GWF-(1,5,23)      0.59644658                     1_GWF-(1,5,22)
          6          1          6 -3.42080187E-04                     1_GWF-(1,6,20)      0.43383629                     1_GWF-(1,5,22)
          7          1          7 -7.74887233E-04                     1_GWF-(1,6,20)  7.19344059E-02                     1_GWF-(1,5,22)
          8          2          1 -9.17539814E-05                     1_GWF-(1,6,20)  2.95440806E-02                     1_GWF-(1,5,22)
 --------------------------------------------------------------------------------------------------------------------------------------


 
    Solving:  Stress period:     2    Time step:     6
 

 SLN_1 OUTER ITERATION SUMMARY
 ----------------------------------------------------------------------------------------------------------------------------------------------------------------
                                OUTER      INNER  BACKTRACK  BACKTRACK        INCOMING        OUTGOING                    STEP   MAXIMUM CHANGE MODEL-(CELLID) OR
 OUTER ITERATION STEP       ITERATION  ITERATION       FLAG ITERATIONS        RESIDUAL        RESIDUAL  MAXIMUM CHANGE SUCCESS             MODEL-PACKAGE-(NUMBER)
 ----------------------------------------------------------------------------------------------------------------------------------------------------------------
 Backtracking                       1                     0          0       520.35422       520.35422                       *                                   
 Model                              1          7                                                           -0.13840342                             1_GWF-(1,29,1)
 Backtracking                       2                     0          0      0.80642136      0.80642136                       *                                   
 Model                              2          1                                                       -1.08513212E-04       *                     1_GWF-(1,6,20)
 ----------------------------------------------------------------------------------------------------------------------------------------------------------------


 2 CALLS TO NUMERICAL SOLUTION IN TIME STEP 6 STRESS PERIOD 2
 8 TOTAL ITERATIONS

 SLN_1 INNER ITERATION SUMMARY
 --------------------------------------------------------------------------------------------------------------------------------------
      TOTAL      OUTER      INNER                                                            MAXIMUM                                   
  ITERATION  ITERATION  ITERATION  MAXIMUM CHANGE      MAXIMUM CHANGE MODEL-(CELLID)        RESIDUAL    MAXIMUM RESIDUAL MODEL-(CELLID)
 --------------------------------------------------------------------------------------------------------------------------------------
          1          1          1     -0.23079533                    1_GWF-(1,47,37)      -78.139983                    1_GWF-(1,23,54)
          2          1          2  6.98458105E-02                    1_GWF-(1,47,37)      -12.472213                    1_GWF-(1,39,35)
          3          1          3 -2.27872810E-02                    1_GWF-(1,43,37)      -27.244483                    1_GWF-(1,41,36)
          4          1          4  4.34431770E-02                    1_GWF-(1,43,36)      -1.8257241                    1_GWF-(1,23,54)
          5          1          5 -1.77815224E-03                     1_GWF-(1,5,22)      0.58714251                     1_GWF-(1,5,22)
          6          1          6 -3.38751065E-04                     1_GWF-(1,6,21)      0.35810981                     1_GWF-(1,5,22)
          7          1          7 -7.14160666E-04                     1_GWF-(1,6,20)  6.98169564E-02                     1_GWF-(1,5,22)
          8          2          1 -1.08513212E-04                     1_GWF-(1,6,20)  2.43146723E-02                     1_GWF-(1,5,22)
 --------------------------------------------------------------------------------------------------------------------------------------


 
    Solving:  Stress period:     2    Time step:     7
 

 SLN_1 OUTER ITERATION SUMMARY
 ----------------------------------------------------------------------------------------------------------------------------------------------------------------
                                OUTER      INNER  BACKTRACK  BACKTRACK        INCOMING        OUTGOING                    STEP   MAXIMUM CHANGE MODEL-(CELLID) OR
 OUTER ITERATION STEP       ITERATION  ITERATION       FLAG ITERATIONS        RESIDUAL        RESIDUAL  MAXIMUM CHANGE SUCCESS             MODEL-PACKAGE-(NUMBER)
 ----------------------------------------------------------------------------------------------------------------------------------------------------------------
 Backtracking                       1                     0          0       514.54065       514.54065                       *                                   
 Model                              1          7                                                           -0.13718438                            1_GWF-(1,47,36)
 Backtracking                       2                     0          0      0.88584584      0.88584584                       *                                   
 Model                              2          1                                                       -9.93960913E-05       *                     1_GWF-(1,6,20)
 ----------------------------------------------------------------------------------------------------------------------------------------------------------------


 2 CALLS TO NUMERICAL SOLUTION IN TIME STEP 7 STRESS PERIOD 2
 8 TOTAL ITERATIONS

 SLN_1 INNER ITERATION SUMMARY
 --------------------------------------------------------------------------------------------------------------------------------------
      TOTAL      OUTER      INNER                                                            MAXIMUM                                   
  ITERATION  ITERATION  ITERATION  MAXIMUM CHANGE      MAXIMUM CHANGE MODEL-(CELLID)        RESIDUAL    MAXIMUM RESIDUAL MODEL-(CELLID)
 --------------------------------------------------------------------------------------------------------------------------------------
          1          1          1     -0.22997588                    1_GWF-(1,47,37)      -77.232155                    1_GWF-(1,23,54)
          2          1          2  7.24786498E-02                    1_GWF-(1,47,37)      -12.108516                    1_GWF-(1,39,35)
          3          1          3  5.00945442E-03                    1_GWF-(1,38,38)      -9.2387966                    1_GWF-(1,42,37)
          4          1          4  1.51849293E-02                    1_GWF-(1,43,36)      -2.6145773                    1_GWF-(1,23,54)
          5          1          5 -1.78474617E-03                     1_GWF-(1,4,22)      0.64561105                     1_GWF-(1,5,22)
          6          1          6  1.49730455E-04                    1_GWF-(1,47,37)     -0.40097900                    1_GWF-(1,23,54)
          7          1          7 -8.38560218E-04                     1_GWF-(1,6,20)  7.22996202E-02                     1_GWF-(1,5,22)
          8          2          1 -9.93960913E-05                     1_GWF-(1,6,20)  3.41319510E-02                     1_GWF-(1,5,22)
 --------------------------------------------------------------------------------------------------------------------------------------


 
    Solving:  Stress period:     2    Time step:     8
 

 SLN_1 OUTER ITERATION SUMMARY
 ----------------------------------------------------------------------------------------------------------------------------------------------------------------
                                OUTER      INNER  BACKTRACK  BACKTRACK        INCOMING        OUTGOING                    STEP   MAXIMUM CHANGE MODEL-(CELLID) OR
 OUTER ITERATION STEP       ITERATION  ITERATION       FLAG ITERATIONS        RESIDUAL        RESIDUAL  MAXIMUM CHANGE SUCCESS             MODEL-PACKAGE-(NUMBER)
 ----------------------------------------------------------------------------------------------------------------------------------------------------------------
 Backtracking                       1                     0          0       508.80350       508.80350                       *                                   
 Model                              1          7                                                           -0.13590969                            1_GWF-(1,47,36)
 Backtracking                       2                     0          0      0.88572232      0.88572232                       *                                   
 Model                              2          1                                                       -9.21052623E-05       *                     1_GWF-(1,6,20)
 ----------------------------------------------------------------------------------------------------------------------------------------------------------------


 2 CALLS TO NUMERICAL SOLUTION IN TIME STEP 8 STRESS PERIOD 2
 8 TOTAL ITERATIONS

 SLN_1 INNER ITERATION SUMMARY
 --------------------------------------------------------------------------------------------------------------------------------------
      TOTAL      OUTER      INNER                                                            MAXIMUM                                   
  ITERATION  ITERATION  ITERATION  MAXIMUM CHANGE      MAXIMUM CHANGE MODEL-(CELLID)        RESIDUAL    MAXIMUM RESIDUAL MODEL-(CELLID)
 --------------------------------------------------------------------------------------------------------------------------------------
          1          1          1     -0.22818723                    1_GWF-(1,47,37)      -76.343373                    1_GWF-(1,23,54)
          2          1          2  7.25698227E-02                    1_GWF-(1,47,37)       12.533888                    1_GWF-(1,23,54)
          3          1          3  5.49715615E-03                    1_GWF-(1,38,38)      -8.7372144                    1_GWF-(1,42,37)
          4          1          4  1.41366210E-02                    1_GWF-(1,43,36)      -2.6688629                    1_GWF-(1,23,54)
          5          1          5 -1.78972925E-03                     1_GWF-(1,4,22)      0.66290607                     1_GWF-(1,5,22)
          6          1          6  1.30665409E-04                    1_GWF-(1,47,37)      0.39814393                     1_GWF-(1,5,22)
          7          1          7 -8.55554327E-04                     1_GWF-(1,6,20)  7.14555325E-02                     1_GWF-(1,5,22)
          8          2          1 -9.21052623E-05                     1_GWF-(1,6,20)  3.65344473E-02                     1_GWF-(1,5,22)
 --------------------------------------------------------------------------------------------------------------------------------------


 
    Solving:  Stress period:     2    Time step:     9
 

 SLN_1 OUTER ITERATION SUMMARY
 ----------------------------------------------------------------------------------------------------------------------------------------------------------------
                                OUTER      INNER  BACKTRACK  BACKTRACK        INCOMING        OUTGOING                    STEP   MAXIMUM CHANGE MODEL-(CELLID) OR
 OUTER ITERATION STEP       ITERATION  ITERATION       FLAG ITERATIONS        RESIDUAL        RESIDUAL  MAXIMUM CHANGE SUCCESS             MODEL-PACKAGE-(NUMBER)
 ----------------------------------------------------------------------------------------------------------------------------------------------------------------
 Backtracking                       1                     0          0       503.13418       503.13418                       *                                   
 Model                              1          7                                                           -0.13450911                            1_GWF-(1,47,37)
 Backtracking                       2                     0          0      0.88128500      0.88128500                       *                                   
 Model                              2          1                                                       -8.88023626E-05       *                     1_GWF-(1,6,20)
 ----------------------------------------------------------------------------------------------------------------------------------------------------------------


 2 CALLS TO NUMERICAL SOLUTION IN TIME STEP 9 STRESS PERIOD 2
 8 TOTAL ITERATIONS

 SLN_1 INNER ITERATION SUMMARY
 --------------------------------------------------------------------------------------------------------------------------------------
      TOTAL      OUTER      INNER                                                            MAXIMUM                                   
  ITERATION  ITERATION  ITERATION  MAXIMUM CHANGE      MAXIMUM CHANGE MODEL-(CELLID)        RESIDUAL    MAXIMUM RESIDUAL MODEL-(CELLID)
 --------------------------------------------------------------------------------------------------------------------------------------
          1          1          1     -0.22598700                    1_GWF-(1,47,37)      -75.480425                    1_GWF-(1,23,54)
          2          1          2  7.21533851E-02                    1_GWF-(1,47,37)       12.720315                    1_GWF-(1,23,54)
          3          1          3  5.65082715E-03                    1_GWF-(1,38,38)      -8.4905713                    1_GWF-(1,42,37)
          4          1          4  1.36231108E-02                    1_GWF-(1,43,36)      -2.6720686                    1_GWF-(1,23,54)
          5          1          5 -1.78236057E-03                     1_GWF-(1,4,22)      0.66781135                     1_GWF-(1,5,22)
          6          1          6  1.22632091E-04                    1_GWF-(1,47,37)      0.40118905                     1_GWF-(1,5,22)
          7          1          7 -8.57566024E-04                     1_GWF-(1,6,20)  7.07270866E-02                     1_GWF-(1,5,22)
          8          2          1 -8.88023626E-05                     1_GWF-(1,6,20)  3.72422377E-02                     1_GWF-(1,5,22)
 --------------------------------------------------------------------------------------------------------------------------------------


 
    Solving:  Stress period:     2    Time step:    10
 

 SLN_1 OUTER ITERATION SUMMARY
 ----------------------------------------------------------------------------------------------------------------------------------------------------------------
                                OUTER      INNER  BACKTRACK  BACKTRACK        INCOMING        OUTGOING                    STEP   MAXIMUM CHANGE MODEL-(CELLID) OR
 OUTER ITERATION STEP       ITERATION  ITERATION       FLAG ITERATIONS        RESIDUAL        RESIDUAL  MAXIMUM CHANGE SUCCESS             MODEL-PACKAGE-(NUMBER)
 ----------------------------------------------------------------------------------------------------------------------------------------------------------------
 Backtracking                       1                     0          0       497.52939       497.52939                       *                                   
 Model                              1          7                                                           -0.13306134                            1_GWF-(1,47,37)
 Backtracking                       2                     0          0      0.87419951      0.87419951                       *                                   
 Model                              2          1                                                       -8.69463293E-05       *                     1_GWF-(1,6,20)
 ----------------------------------------------------------------------------------------------------------------------------------------------------------------


 2 CALLS TO NUMERICAL SOLUTION IN TIME STEP 10 STRESS PERIOD 2
 8 TOTAL ITERATIONS

 SLN_1 INNER ITERATION SUMMARY
 --------------------------------------------------------------------------------------------------------------------------------------
      TOTAL      OUTER      INNER                                                            MAXIMUM                                   
  ITERATION  ITERATION  ITERATION  MAXIMUM CHANGE      MAXIMUM CHANGE MODEL-(CELLID)        RESIDUAL    MAXIMUM RESIDUAL MODEL-(CELLID)
 --------------------------------------------------------------------------------------------------------------------------------------
          1          1          1     -0.22362223                    1_GWF-(1,47,37)      -74.635930                    1_GWF-(1,23,54)
          2          1          2  7.15283766E-02                    1_GWF-(1,47,37)       12.728786                    1_GWF-(1,23,54)
          3          1          3  5.67761007E-03                    1_GWF-(1,38,38)      -8.3325678                    1_GWF-(1,42,37)
          4          1          4  1.33169334E-02                    1_GWF-(1,43,36)      -2.6559318                    1_GWF-(1,23,54)
          5          1          5 -1.76819970E-03                     1_GWF-(1,4,22)      0.66610476                     1_GWF-(1,5,22)
          6          1          6  1.18627699E-04                    1_GWF-(1,47,37)      0.39998870                     1_GWF-(1,5,22)
          7          1          7 -8.53088665E-04                     1_GWF-(1,6,20)  7.00032388E-02                     1_GWF-(1,5,22)
          8          2          1 -8.69463293E-05                     1_GWF-(1,6,20)  3.72908620E-02                     1_GWF-(1,5,22)
 --------------------------------------------------------------------------------------------------------------------------------------


 
    Solving:  Stress period:     2    Time step:    11
 

 SLN_1 OUTER ITERATION SUMMARY
 ----------------------------------------------------------------------------------------------------------------------------------------------------------------
                                OUTER      INNER  BACKTRACK  BACKTRACK        INCOMING        OUTGOING                    STEP   MAXIMUM CHANGE MODEL-(CELLID) OR
 OUTER ITERATION STEP       ITERATION  ITERATION       FLAG ITERATIONS        RESIDUAL        RESIDUAL  MAXIMUM CHANGE SUCCESS             MODEL-PACKAGE-(NUMBER)
 ----------------------------------------------------------------------------------------------------------------------------------------------------------------
 Backtracking                       1                     0          0       491.98755       491.98755                       *                                   
 Model                              1          7                                                           -0.13160158                            1_GWF-(1,47,37)
 Backtracking                       2                     0          0      0.86577555      0.86577555                       *                                   
 Model                              2          1                                                       -8.56108573E-05       *                     1_GWF-(1,6,20)
 ----------------------------------------------------------------------------------------------------------------------------------------------------------------


 2 CALLS TO NUMERICAL SOLUTION IN TIME STEP 11 STRESS PERIOD 2
 8 TOTAL ITERATIONS

 SLN_1 INNER ITERATION SUMMARY
 --------------------------------------------------------------------------------------------------------------------------------------
      TOTAL      OUTER      INNER                                                            MAXIMUM                                   
  ITERATION  ITERATION  ITERATION  MAXIMUM CHANGE      MAXIMUM CHANGE MODEL-(CELLID)        RESIDUAL    MAXIMUM RESIDUAL MODEL-(CELLID)
 --------------------------------------------------------------------------------------------------------------------------------------
          1          1          1     -0.22119927                    1_GWF-(1,47,37)      -73.804529                    1_GWF-(1,23,54)
          2          1          2  7.08139973E-02                    1_GWF-(1,47,37)       12.657588                    1_GWF-(1,23,54)
          3          1          3  5.65464991E-03                    1_GWF-(1,38,38)      -8.2108242                    1_GWF-(1,42,37)
          4          1          4  1.30975531E-02                    1_GWF-(1,43,36)      -2.6324617                    1_GWF-(1,23,54)
          5          1          5 -1.75112995E-03                     1_GWF-(1,4,22)      0.66136858                     1_GWF-(1,5,22)
          6          1          6  1.16377028E-04                     1_GWF-(1,47,5)      0.39702434                     1_GWF-(1,5,22)
          7          1          7 -8.45908913E-04                     1_GWF-(1,6,20)  6.92592725E-02                     1_GWF-(1,5,22)
          8          2          1 -8.56108573E-05                     1_GWF-(1,6,20)  3.70812143E-02                     1_GWF-(1,5,22)
 --------------------------------------------------------------------------------------------------------------------------------------


 
    Solving:  Stress period:     2    Time step:    12
 

 SLN_1 OUTER ITERATION SUMMARY
 ----------------------------------------------------------------------------------------------------------------------------------------------------------------
                                OUTER      INNER  BACKTRACK  BACKTRACK        INCOMING        OUTGOING                    STEP   MAXIMUM CHANGE MODEL-(CELLID) OR
 OUTER ITERATION STEP       ITERATION  ITERATION       FLAG ITERATIONS        RESIDUAL        RESIDUAL  MAXIMUM CHANGE SUCCESS             MODEL-PACKAGE-(NUMBER)
 ----------------------------------------------------------------------------------------------------------------------------------------------------------------
 Backtracking                       1                     0          0       486.50763       486.50763                       *                                   
 Model                              1          7                                                           -0.13014557                            1_GWF-(1,47,37)
 Backtracking                       2                     0          0      0.85674235      0.85674235                       *                                   
 Model                              2          1                                                       -8.44861569E-05       *                     1_GWF-(1,6,20)
 ----------------------------------------------------------------------------------------------------------------------------------------------------------------


 2 CALLS TO NUMERICAL SOLUTION IN TIME STEP 12 STRESS PERIOD 2
 8 TOTAL ITERATIONS

 SLN_1 INNER ITERATION SUMMARY
 --------------------------------------------------------------------------------------------------------------------------------------
      TOTAL      OUTER      INNER                                                            MAXIMUM                                   
  ITERATION  ITERATION  ITERATION  MAXIMUM CHANGE      MAXIMUM CHANGE MODEL-(CELLID)        RESIDUAL    MAXIMUM RESIDUAL MODEL-(CELLID)
 --------------------------------------------------------------------------------------------------------------------------------------
          1          1          1     -0.21876548                    1_GWF-(1,47,37)      -72.983600                    1_GWF-(1,23,54)
          2          1          2  7.00631777E-02                    1_GWF-(1,47,37)       12.549917                    1_GWF-(1,23,54)
          3          1          3  5.61033259E-03                    1_GWF-(1,38,38)      -8.1058207                    1_GWF-(1,42,37)
          4          1          4  1.29182242E-02                    1_GWF-(1,43,36)      -2.6060067                    1_GWF-(1,23,54)
          5          1          5 -1.73286374E-03                     1_GWF-(1,4,22)      0.65525792                     1_GWF-(1,5,22)
          6          1          6  1.14695751E-04                     1_GWF-(1,47,5)      0.39330285                     1_GWF-(1,5,22)
          7          1          7 -8.37584573E-04                     1_GWF-(1,6,20)  6.85033500E-02                     1_GWF-(1,5,22)
          8          2          1 -8.44861569E-05                     1_GWF-(1,6,20)  3.67634594E-02                     1_GWF-(1,5,22)
 --------------------------------------------------------------------------------------------------------------------------------------


 
    Solving:  Stress period:     2    Time step:    13
 

 SLN_1 OUTER ITERATION SUMMARY
 ----------------------------------------------------------------------------------------------------------------------------------------------------------------
                                OUTER      INNER  BACKTRACK  BACKTRACK        INCOMING        OUTGOING                    STEP   MAXIMUM CHANGE MODEL-(CELLID) OR
 OUTER ITERATION STEP       ITERATION  ITERATION       FLAG ITERATIONS        RESIDUAL        RESIDUAL  MAXIMUM CHANGE SUCCESS             MODEL-PACKAGE-(NUMBER)
 ----------------------------------------------------------------------------------------------------------------------------------------------------------------
 Backtracking                       1                     0          0       481.08881       481.08881                       *                                   
 Model                              1          7                                                           -0.12870022                            1_GWF-(1,47,37)
 Backtracking                       2                     0          0      0.84747448      0.84747448                       *                                   
 Model                              2          1                                                       -8.34598347E-05       *                     1_GWF-(1,6,20)
 ----------------------------------------------------------------------------------------------------------------------------------------------------------------


 2 CALLS TO NUMERICAL SOLUTION IN TIME STEP 13 STRESS PERIOD 2
 8 TOTAL ITERATIONS

 SLN_1 INNER ITERATION SUMMARY
 --------------------------------------------------------------------------------------------------------------------------------------
      TOTAL      OUTER      INNER                                                            MAXIMUM                                   
  ITERATION  ITERATION  ITERATION  MAXIMUM CHANGE      MAXIMUM CHANGE MODEL-(CELLID)        RESIDUAL    MAXIMUM RESIDUAL MODEL-(CELLID)
 --------------------------------------------------------------------------------------------------------------------------------------
          1          1          1     -0.21634192                    1_GWF-(1,47,37)      -72.171983                    1_GWF-(1,23,54)
          2          1          2  6.93001999E-02                    1_GWF-(1,47,37)       12.425855                    1_GWF-(1,23,54)
          3          1          3  5.55662056E-03                    1_GWF-(1,38,38)      -8.0091258                    1_GWF-(1,42,37)
          4          1          4  1.27584443E-02                    1_GWF-(1,43,36)      -2.5783580                    1_GWF-(1,23,54)
          5          1          5 -1.71415632E-03                     1_GWF-(1,4,22)      0.64854534                     1_GWF-(1,5,22)
          6          1          6  1.13225253E-04                     1_GWF-(1,47,5)      0.38925754                     1_GWF-(1,5,22)
          7          1          7 -8.28785422E-04                     1_GWF-(1,6,20)  6.77455462E-02                     1_GWF-(1,5,22)
          8          2          1 -8.34598347E-05                     1_GWF-(1,6,20)  3.63991732E-02                     1_GWF-(1,5,22)
 --------------------------------------------------------------------------------------------------------------------------------------


 
    Solving:  Stress period:     2    Time step:    14
 

 SLN_1 OUTER ITERATION SUMMARY
 ----------------------------------------------------------------------------------------------------------------------------------------------------------------
                                OUTER      INNER  BACKTRACK  BACKTRACK        INCOMING        OUTGOING                    STEP   MAXIMUM CHANGE MODEL-(CELLID) OR
 OUTER ITERATION STEP       ITERATION  ITERATION       FLAG ITERATIONS        RESIDUAL        RESIDUAL  MAXIMUM CHANGE SUCCESS             MODEL-PACKAGE-(NUMBER)
 ----------------------------------------------------------------------------------------------------------------------------------------------------------------
 Backtracking                       1                     0          0       475.73037       475.73037                       *                                   
 Model                              1          7                                                           -0.12726851                            1_GWF-(1,47,37)
 Backtracking                       2                     0          0      0.83815519      0.83815519                       *                                   
 Model                              2          1                                                       -8.24857063E-05       *                     1_GWF-(1,6,20)
 ----------------------------------------------------------------------------------------------------------------------------------------------------------------


 2 CALLS TO NUMERICAL SOLUTION IN TIME STEP 14 STRESS PERIOD 2
 8 TOTAL ITERATIONS

 SLN_1 INNER ITERATION SUMMARY
 --------------------------------------------------------------------------------------------------------------------------------------
      TOTAL      OUTER      INNER                                                            MAXIMUM                                   
  ITERATION  ITERATION  ITERATION  MAXIMUM CHANGE      MAXIMUM CHANGE MODEL-(CELLID)        RESIDUAL    MAXIMUM RESIDUAL MODEL-(CELLID)
 --------------------------------------------------------------------------------------------------------------------------------------
          1          1          1     -0.21393789                    1_GWF-(1,47,37)      -71.369211                    1_GWF-(1,23,54)
          2          1          2  6.85362876E-02                    1_GWF-(1,47,37)       12.294911                    1_GWF-(1,23,54)
          3          1          3  5.49891467E-03                    1_GWF-(1,38,38)      -7.9168507                    1_GWF-(1,42,37)
          4          1          4  1.26086947E-02                    1_GWF-(1,43,36)      -2.5503172                    1_GWF-(1,23,54)
          5          1          5 -1.69535392E-03                     1_GWF-(1,4,22)      0.64159503                     1_GWF-(1,5,22)
          6          1          6  1.11863886E-04                     1_GWF-(1,47,5)      0.38508540                     1_GWF-(1,5,22)
          7          1          7 -8.19815728E-04                     1_GWF-(1,6,20)  6.69917857E-02                     1_GWF-(1,5,22)
          8          2          1 -8.24857063E-05                     1_GWF-(1,6,20)  3.60155957E-02                     1_GWF-(1,5,22)
 --------------------------------------------------------------------------------------------------------------------------------------


 
    Solving:  Stress period:     2    Time step:    15
 

 SLN_1 OUTER ITERATION SUMMARY
 ----------------------------------------------------------------------------------------------------------------------------------------------------------------
                                OUTER      INNER  BACKTRACK  BACKTRACK        INCOMING        OUTGOING                    STEP   MAXIMUM CHANGE MODEL-(CELLID) OR
 OUTER ITERATION STEP       ITERATION  ITERATION       FLAG ITERATIONS        RESIDUAL        RESIDUAL  MAXIMUM CHANGE SUCCESS             MODEL-PACKAGE-(NUMBER)
 ----------------------------------------------------------------------------------------------------------------------------------------------------------------
 Backtracking                       1                     0          0       470.43161       470.43161                       *                                   
 Model                              1          7                                                           -0.12585170                            1_GWF-(1,47,37)
 Backtracking                       2                     0          0      0.82887033      0.82887033                       *                                   
 Model                              2          1                                                       -8.15427214E-05       *                     1_GWF-(1,6,20)
 ----------------------------------------------------------------------------------------------------------------------------------------------------------------


 2 CALLS TO NUMERICAL SOLUTION IN TIME STEP 15 STRESS PERIOD 2
 8 TOTAL ITERATIONS

 SLN_1 INNER ITERATION SUMMARY
 --------------------------------------------------------------------------------------------------------------------------------------
      TOTAL      OUTER      INNER                                                            MAXIMUM                                   
  ITERATION  ITERATION  ITERATION  MAXIMUM CHANGE      MAXIMUM CHANGE MODEL-(CELLID)        RESIDUAL    MAXIMUM RESIDUAL MODEL-(CELLID)
 --------------------------------------------------------------------------------------------------------------------------------------
          1          1          1     -0.21155735                    1_GWF-(1,47,37)      -70.575112                    1_GWF-(1,23,54)
          2          1          2  6.77765662E-02                    1_GWF-(1,47,37)       12.161546                    1_GWF-(1,23,54)
          3          1          3  5.43969702E-03                    1_GWF-(1,38,38)      -7.8271787                    1_GWF-(1,42,37)
          4          1          4  1.24645167E-02                    1_GWF-(1,43,36)      -2.5222532                    1_GWF-(1,23,54)
          5          1          5 -1.67661598E-03                     1_GWF-(1,4,22)      0.63457723                     1_GWF-(1,5,22)
          6          1          6  1.10564036E-04                     1_GWF-(1,47,5)      0.38087782                     1_GWF-(1,5,22)
          7          1          7 -8.10816970E-04                     1_GWF-(1,6,20)  6.62449154E-02                     1_GWF-(1,5,22)
          8          2          1 -8.15427214E-05                     1_GWF-(1,6,20)  3.56252486E-02                     1_GWF-(1,5,22)
 --------------------------------------------------------------------------------------------------------------------------------------


 
    Solving:  Stress period:     2    Time step:    16
 

 SLN_1 OUTER ITERATION SUMMARY
 ----------------------------------------------------------------------------------------------------------------------------------------------------------------
                                OUTER      INNER  BACKTRACK  BACKTRACK        INCOMING        OUTGOING                    STEP   MAXIMUM CHANGE MODEL-(CELLID) OR
 OUTER ITERATION STEP       ITERATION  ITERATION       FLAG ITERATIONS        RESIDUAL        RESIDUAL  MAXIMUM CHANGE SUCCESS             MODEL-PACKAGE-(NUMBER)
 ----------------------------------------------------------------------------------------------------------------------------------------------------------------
 Backtracking                       1                     0          0       465.19187       465.19187                       *                                   
 Model                              1          7                                                           -0.12445021                            1_GWF-(1,47,37)
 Backtracking                       2                     0          0      0.81965854      0.81965854                       *                                   
 Model                              2          1                                                       -8.06208334E-05       *                     1_GWF-(1,6,20)
 ----------------------------------------------------------------------------------------------------------------------------------------------------------------


 2 CALLS TO NUMERICAL SOLUTION IN TIME STEP 16 STRESS PERIOD 2
 8 TOTAL ITERATIONS

 SLN_1 INNER ITERATION SUMMARY
 --------------------------------------------------------------------------------------------------------------------------------------
      TOTAL      OUTER      INNER                                                            MAXIMUM                                   
  ITERATION  ITERATION  ITERATION  MAXIMUM CHANGE      MAXIMUM CHANGE MODEL-(CELLID)        RESIDUAL    MAXIMUM RESIDUAL MODEL-(CELLID)
 --------------------------------------------------------------------------------------------------------------------------------------
          1          1          1     -0.20920191                    1_GWF-(1,47,37)      -69.789620                    1_GWF-(1,23,54)
          2          1          2  6.70233288E-02                    1_GWF-(1,47,37)       12.027828                    1_GWF-(1,23,54)
          3          1          3  5.38011177E-03                    1_GWF-(1,38,38)      -7.7392589                    1_GWF-(1,42,37)
          4          1          4  1.23238198E-02                    1_GWF-(1,43,36)      -2.4943369                    1_GWF-(1,23,54)
          5          1          5 -1.65801589E-03                     1_GWF-(1,4,22)      0.62756996                     1_GWF-(1,5,22)
          6          1          6  1.09302676E-04                     1_GWF-(1,47,5)      0.37667734                     1_GWF-(1,5,22)
          7          1          7 -8.01854984E-04                     1_GWF-(1,6,20)  6.55060179E-02                     1_GWF-(1,5,22)
          8          2          1 -8.06208334E-05                     1_GWF-(1,6,20)  3.52339208E-02                     1_GWF-(1,5,22)
 --------------------------------------------------------------------------------------------------------------------------------------


 
    Solving:  Stress period:     2    Time step:    17
 

 SLN_1 OUTER ITERATION SUMMARY
 ----------------------------------------------------------------------------------------------------------------------------------------------------------------
                                OUTER      INNER  BACKTRACK  BACKTRACK        INCOMING        OUTGOING                    STEP   MAXIMUM CHANGE MODEL-(CELLID) OR
 OUTER ITERATION STEP       ITERATION  ITERATION       FLAG ITERATIONS        RESIDUAL        RESIDUAL  MAXIMUM CHANGE SUCCESS             MODEL-PACKAGE-(NUMBER)
 ----------------------------------------------------------------------------------------------------------------------------------------------------------------
 Backtracking                       1                     0          0       460.01048       460.01048                       *                                   
 Model                              1          7                                                           -0.12306415                            1_GWF-(1,47,37)
 Backtracking                       2                     0          0      0.81053637      0.81053637                       *                                   
 Model                              2          1                                                       -7.97149644E-05       *                     1_GWF-(1,6,20)
 ----------------------------------------------------------------------------------------------------------------------------------------------------------------


 2 CALLS TO NUMERICAL SOLUTION IN TIME STEP 17 STRESS PERIOD 2
 8 TOTAL ITERATIONS

 SLN_1 INNER ITERATION SUMMARY
 --------------------------------------------------------------------------------------------------------------------------------------
      TOTAL      OUTER      INNER                                                            MAXIMUM                                   
  ITERATION  ITERATION  ITERATION  MAXIMUM CHANGE      MAXIMUM CHANGE MODEL-(CELLID)        RESIDUAL    MAXIMUM RESIDUAL MODEL-(CELLID)
 --------------------------------------------------------------------------------------------------------------------------------------
          1          1          1     -0.20687211                    1_GWF-(1,47,37)      -69.012692                    1_GWF-(1,23,54)
          2          1          2  6.62775748E-02                    1_GWF-(1,47,37)       11.894721                    1_GWF-(1,23,54)
          3          1          3  5.32069322E-03                    1_GWF-(1,38,38)      -7.6526837                    1_GWF-(1,42,37)
          4          1          4  1.21856045E-02                    1_GWF-(1,43,36)      -2.4666487                    1_GWF-(1,23,54)
          5          1          5 -1.63958776E-03                     1_GWF-(1,4,22)      0.62060910                     1_GWF-(1,5,22)
          6          1          6  1.08068226E-04                     1_GWF-(1,47,5)      0.37250375                     1_GWF-(1,5,22)
          7          1          7 -7.92960751E-04                     1_GWF-(1,6,20)  6.47754725E-02                     1_GWF-(1,5,22)
          8          2          1 -7.97149644E-05                     1_GWF-(1,6,20)  3.48443176E-02                     1_GWF-(1,5,22)
 --------------------------------------------------------------------------------------------------------------------------------------


 
    Solving:  Stress period:     2    Time step:    18
 

 SLN_1 OUTER ITERATION SUMMARY
 ----------------------------------------------------------------------------------------------------------------------------------------------------------------
                                OUTER      INNER  BACKTRACK  BACKTRACK        INCOMING        OUTGOING                    STEP   MAXIMUM CHANGE MODEL-(CELLID) OR
 OUTER ITERATION STEP       ITERATION  ITERATION       FLAG ITERATIONS        RESIDUAL        RESIDUAL  MAXIMUM CHANGE SUCCESS             MODEL-PACKAGE-(NUMBER)
 ----------------------------------------------------------------------------------------------------------------------------------------------------------------
 Backtracking                       1                     0          0       454.88680       454.88680                       *                                   
 Model                              1          7                                                           -0.12169345                            1_GWF-(1,47,37)
 Backtracking                       2                     0          0      0.80151055      0.80151055                       *                                   
 Model                              2          1                                                       -7.88224628E-05       *                     1_GWF-(1,6,20)
 ----------------------------------------------------------------------------------------------------------------------------------------------------------------


 2 CALLS TO NUMERICAL SOLUTION IN TIME STEP 18 STRESS PERIOD 2
 8 TOTAL ITERATIONS

 SLN_1 INNER ITERATION SUMMARY
 --------------------------------------------------------------------------------------------------------------------------------------
      TOTAL      OUTER      INNER                                                            MAXIMUM                                   
  ITERATION  ITERATION  ITERATION  MAXIMUM CHANGE      MAXIMUM CHANGE MODEL-(CELLID)        RESIDUAL    MAXIMUM RESIDUAL MODEL-(CELLID)
 --------------------------------------------------------------------------------------------------------------------------------------
          1          1          1     -0.20456802                    1_GWF-(1,47,37)      -68.244286                    1_GWF-(1,23,54)
          2          1          2  6.55397132E-02                    1_GWF-(1,47,37)       11.762671                    1_GWF-(1,23,54)
          3          1          3  5.26169266E-03                    1_GWF-(1,38,38)      -7.5672524                    1_GWF-(1,42,37)
          4          1          4  1.20493809E-02                    1_GWF-(1,43,36)      -2.4392264                    1_GWF-(1,23,54)
          5          1          5 -1.62134711E-03                     1_GWF-(1,4,22)      0.61371069                     1_GWF-(1,5,22)
          6          1          6  1.06854619E-04                     1_GWF-(1,47,5)      0.36836652                     1_GWF-(1,5,22)
          7          1          7 -7.84148885E-04                     1_GWF-(1,6,20)  6.40532682E-02                     1_GWF-(1,5,22)
          8          2          1 -7.88224628E-05                     1_GWF-(1,6,20)  3.44577166E-02                     1_GWF-(1,5,22)
 --------------------------------------------------------------------------------------------------------------------------------------


 
    Solving:  Stress period:     2    Time step:    19
 

 SLN_1 OUTER ITERATION SUMMARY
 ----------------------------------------------------------------------------------------------------------------------------------------------------------------
                                OUTER      INNER  BACKTRACK  BACKTRACK        INCOMING        OUTGOING                    STEP   MAXIMUM CHANGE MODEL-(CELLID) OR
 OUTER ITERATION STEP       ITERATION  ITERATION       FLAG ITERATIONS        RESIDUAL        RESIDUAL  MAXIMUM CHANGE SUCCESS             MODEL-PACKAGE-(NUMBER)
 ----------------------------------------------------------------------------------------------------------------------------------------------------------------
 Backtracking                       1                     0          0       449.82019       449.82019                       *                                   
 Model                              1          7                                                           -0.12033800                            1_GWF-(1,47,37)
 Backtracking                       2                     0          0      0.79258336      0.79258336                       *                                   
 Model                              2          1                                                       -7.79416557E-05       *                     1_GWF-(1,6,20)
 ----------------------------------------------------------------------------------------------------------------------------------------------------------------


 2 CALLS TO NUMERICAL SOLUTION IN TIME STEP 19 STRESS PERIOD 2
 8 TOTAL ITERATIONS

 SLN_1 INNER ITERATION SUMMARY
 --------------------------------------------------------------------------------------------------------------------------------------
      TOTAL      OUTER      INNER                                                            MAXIMUM                                   
  ITERATION  ITERATION  ITERATION  MAXIMUM CHANGE      MAXIMUM CHANGE MODEL-(CELLID)        RESIDUAL    MAXIMUM RESIDUAL MODEL-(CELLID)
 --------------------------------------------------------------------------------------------------------------------------------------
          1          1          1     -0.20228950                    1_GWF-(1,47,37)      -67.484346                    1_GWF-(1,23,54)
          2          1          2  6.48098821E-02                    1_GWF-(1,47,37)       11.631885                    1_GWF-(1,23,54)
          3          1          3  5.20322802E-03                    1_GWF-(1,38,38)      -7.4828620                    1_GWF-(1,42,37)
          4          1          4  1.19149014E-02                    1_GWF-(1,43,36)      -2.4120871                    1_GWF-(1,23,54)
          5          1          5 -1.60330014E-03                     1_GWF-(1,4,22)      0.60688218                     1_GWF-(1,5,22)
          6          1          6  1.05658466E-04                     1_GWF-(1,47,5)      0.36427030                     1_GWF-(1,5,22)
          7          1          7 -7.75426640E-04                     1_GWF-(1,6,20)  6.33393118E-02                     1_GWF-(1,5,22)
          8          2          1 -7.79416557E-05                     1_GWF-(1,6,20)  3.40747695E-02                     1_GWF-(1,5,22)
 --------------------------------------------------------------------------------------------------------------------------------------


 
    Solving:  Stress period:     2    Time step:    20
 

 SLN_1 OUTER ITERATION SUMMARY
 ----------------------------------------------------------------------------------------------------------------------------------------------------------------
                                OUTER      INNER  BACKTRACK  BACKTRACK        INCOMING        OUTGOING                    STEP   MAXIMUM CHANGE MODEL-(CELLID) OR
 OUTER ITERATION STEP       ITERATION  ITERATION       FLAG ITERATIONS        RESIDUAL        RESIDUAL  MAXIMUM CHANGE SUCCESS             MODEL-PACKAGE-(NUMBER)
 ----------------------------------------------------------------------------------------------------------------------------------------------------------------
 Backtracking                       1                     0          0       444.81000       444.81000                       *                                   
 Model                              1          7                                                           -0.11899763                            1_GWF-(1,47,37)
 Backtracking                       2                     0          0      0.78375480      0.78375480                       *                                   
 Model                              2          1                                                       -7.70718561E-05       *                     1_GWF-(1,6,20)
 ----------------------------------------------------------------------------------------------------------------------------------------------------------------


 2 CALLS TO NUMERICAL SOLUTION IN TIME STEP 20 STRESS PERIOD 2
 8 TOTAL ITERATIONS

 SLN_1 INNER ITERATION SUMMARY
 --------------------------------------------------------------------------------------------------------------------------------------
      TOTAL      OUTER      INNER                                                            MAXIMUM                                   
  ITERATION  ITERATION  ITERATION  MAXIMUM CHANGE      MAXIMUM CHANGE MODEL-(CELLID)        RESIDUAL    MAXIMUM RESIDUAL MODEL-(CELLID)
 --------------------------------------------------------------------------------------------------------------------------------------
          1          1          1     -0.20003634                    1_GWF-(1,47,37)      -66.732809                    1_GWF-(1,23,54)
          2          1          2  6.40880902E-02                    1_GWF-(1,47,37)       11.502447                    1_GWF-(1,23,54)
          3          1          3  5.14534940E-03                    1_GWF-(1,38,38)      -7.3994600                    1_GWF-(1,42,37)
          4          1          4  1.17820434E-02                    1_GWF-(1,43,36)      -2.3852376                    1_GWF-(1,23,54)
          5          1          5 -1.58544943E-03                     1_GWF-(1,4,22)      0.60012586                     1_GWF-(1,5,22)
          6          1          6  1.04478015E-04                     1_GWF-(1,47,5)      0.36021665                     1_GWF-(1,5,22)
          7          1          7 -7.66796357E-04                     1_GWF-(1,6,20)  6.26334328E-02                     1_GWF-(1,5,22)
          8          2          1 -7.70718561E-05                     1_GWF-(1,6,20)  3.36956816E-02                     1_GWF-(1,5,22)
 --------------------------------------------------------------------------------------------------------------------------------------


 
    Solving:  Stress period:     2    Time step:    21
 

 SLN_1 OUTER ITERATION SUMMARY
 ----------------------------------------------------------------------------------------------------------------------------------------------------------------
                                OUTER      INNER  BACKTRACK  BACKTRACK        INCOMING        OUTGOING                    STEP   MAXIMUM CHANGE MODEL-(CELLID) OR
 OUTER ITERATION STEP       ITERATION  ITERATION       FLAG ITERATIONS        RESIDUAL        RESIDUAL  MAXIMUM CHANGE SUCCESS             MODEL-PACKAGE-(NUMBER)
 ----------------------------------------------------------------------------------------------------------------------------------------------------------------
 Backtracking                       1                     0          0       439.85562       439.85562                       *                                   
 Model                              1          7                                                           -0.11767220                            1_GWF-(1,47,37)
 Backtracking                       2                     0          0      0.77502489      0.77502489                       *                                   
 Model                              2          1                                                       -7.62122676E-05       *                     1_GWF-(1,6,20)
 ----------------------------------------------------------------------------------------------------------------------------------------------------------------


 2 CALLS TO NUMERICAL SOLUTION IN TIME STEP 21 STRESS PERIOD 2
 8 TOTAL ITERATIONS

 SLN_1 INNER ITERATION SUMMARY
 --------------------------------------------------------------------------------------------------------------------------------------
      TOTAL      OUTER      INNER                                                            MAXIMUM                                   
  ITERATION  ITERATION  ITERATION  MAXIMUM CHANGE      MAXIMUM CHANGE MODEL-(CELLID)        RESIDUAL    MAXIMUM RESIDUAL MODEL-(CELLID)
 --------------------------------------------------------------------------------------------------------------------------------------
          1          1          1     -0.19780827                    1_GWF-(1,47,37)      -65.989602                    1_GWF-(1,23,54)
          2          1          2  6.33743014E-02                    1_GWF-(1,47,37)       11.374401                    1_GWF-(1,23,54)
          3          1          3  5.08808494E-03                    1_GWF-(1,38,38)      -7.3170093                    1_GWF-(1,42,37)
          4          1          4  1.16507236E-02                    1_GWF-(1,43,36)      -2.3586806                    1_GWF-(1,23,54)
          5          1          5 -1.56779408E-03                     1_GWF-(1,4,22)      0.59344377                     1_GWF-(1,5,22)
          6          1          6  1.03312064E-04                     1_GWF-(1,47,5)      0.35620692                     1_GWF-(1,5,22)
          7          1          7 -7.58259922E-04                     1_GWF-(1,6,20)  6.19355825E-02                     1_GWF-(1,5,22)
          8          2          1 -7.62122676E-05                     1_GWF-(1,6,20)  3.33206810E-02                     1_GWF-(1,5,22)
 --------------------------------------------------------------------------------------------------------------------------------------


 
    Solving:  Stress period:     2    Time step:    22
 

 SLN_1 OUTER ITERATION SUMMARY
 ----------------------------------------------------------------------------------------------------------------------------------------------------------------
                                OUTER      INNER  BACKTRACK  BACKTRACK        INCOMING        OUTGOING                    STEP   MAXIMUM CHANGE MODEL-(CELLID) OR
 OUTER ITERATION STEP       ITERATION  ITERATION       FLAG ITERATIONS        RESIDUAL        RESIDUAL  MAXIMUM CHANGE SUCCESS             MODEL-PACKAGE-(NUMBER)
 ----------------------------------------------------------------------------------------------------------------------------------------------------------------
 Backtracking                       1                     0          0       434.95642       434.95642                       *                                   
 Model                              1          7                                                           -0.11636154                            1_GWF-(1,47,37)
 Backtracking                       2                     0          0      0.76639182      0.76639182                       *                                   
 Model                              2          1                                                       -7.53627869E-05       *                     1_GWF-(1,6,20)
 ----------------------------------------------------------------------------------------------------------------------------------------------------------------


 2 CALLS TO NUMERICAL SOLUTION IN TIME STEP 22 STRESS PERIOD 2
 8 TOTAL ITERATIONS

 SLN_1 INNER ITERATION SUMMARY
 --------------------------------------------------------------------------------------------------------------------------------------
      TOTAL      OUTER      INNER                                                            MAXIMUM                                   
  ITERATION  ITERATION  ITERATION  MAXIMUM CHANGE      MAXIMUM CHANGE MODEL-(CELLID)        RESIDUAL    MAXIMUM RESIDUAL MODEL-(CELLID)
 --------------------------------------------------------------------------------------------------------------------------------------
          1          1          1     -0.19560502                    1_GWF-(1,47,37)      -65.254646                    1_GWF-(1,23,54)
          2          1          2  6.26684382E-02                    1_GWF-(1,47,37)       11.247743                    1_GWF-(1,23,54)
          3          1          3  5.03143505E-03                    1_GWF-(1,38,38)      -7.2354945                    1_GWF-(1,42,37)
          4          1          4  1.15209113E-02                    1_GWF-(1,43,36)      -2.3324148                    1_GWF-(1,23,54)
          5          1          5 -1.55033428E-03                     1_GWF-(1,4,22)      0.58683448                     1_GWF-(1,5,22)
          6          1          6  1.02160005E-04                     1_GWF-(1,47,5)      0.35224055                     1_GWF-(1,5,22)
          7          1          7 -7.49816447E-04                     1_GWF-(1,6,20)  6.12455495E-02                     1_GWF-(1,5,22)
          8          2          1 -7.53627869E-05                     1_GWF-(1,6,20)  3.29496785E-02                     1_GWF-(1,5,22)
 --------------------------------------------------------------------------------------------------------------------------------------


 
    Solving:  Stress period:     2    Time step:    23
 

 SLN_1 OUTER ITERATION SUMMARY
 ----------------------------------------------------------------------------------------------------------------------------------------------------------------
                                OUTER      INNER  BACKTRACK  BACKTRACK        INCOMING        OUTGOING                    STEP   MAXIMUM CHANGE MODEL-(CELLID) OR
 OUTER ITERATION STEP       ITERATION  ITERATION       FLAG ITERATIONS        RESIDUAL        RESIDUAL  MAXIMUM CHANGE SUCCESS             MODEL-PACKAGE-(NUMBER)
 ----------------------------------------------------------------------------------------------------------------------------------------------------------------
 Backtracking                       1                     0          0       430.11179       430.11179                       *                                   
 Model                              1          7                                                           -0.11506547                            1_GWF-(1,47,37)
 Backtracking                       2                     0          0      0.75785528      0.75785528                       *                                   
 Model                              2          1                                                       -7.45229722E-05       *                     1_GWF-(1,6,20)
 ----------------------------------------------------------------------------------------------------------------------------------------------------------------


 2 CALLS TO NUMERICAL SOLUTION IN TIME STEP 23 STRESS PERIOD 2
 8 TOTAL ITERATIONS

 SLN_1 INNER ITERATION SUMMARY
 --------------------------------------------------------------------------------------------------------------------------------------
      TOTAL      OUTER      INNER                                                            MAXIMUM                                   
  ITERATION  ITERATION  ITERATION  MAXIMUM CHANGE      MAXIMUM CHANGE MODEL-(CELLID)        RESIDUAL    MAXIMUM RESIDUAL MODEL-(CELLID)
 --------------------------------------------------------------------------------------------------------------------------------------
          1          1          1     -0.19342632                    1_GWF-(1,47,37)      -64.527858                    1_GWF-(1,23,54)
          2          1          2  6.19704347E-02                    1_GWF-(1,47,37)       11.122489                    1_GWF-(1,23,54)
          3          1          3  4.97541091E-03                    1_GWF-(1,38,38)      -7.1548913                    1_GWF-(1,42,37)
          4          1          4  1.13925552E-02                    1_GWF-(1,43,36)      -2.3064399                    1_GWF-(1,23,54)
          5          1          5 -1.53306802E-03                     1_GWF-(1,4,22)      0.58029886                     1_GWF-(1,5,22)
          6          1          6  1.01021222E-04                     1_GWF-(1,47,5)      0.34831808                     1_GWF-(1,5,22)
          7          1          7 -7.41466406E-04                     1_GWF-(1,6,20)  6.05632751E-02                     1_GWF-(1,5,22)
          8          2          1 -7.45229722E-05                     1_GWF-(1,6,20)  3.25827748E-02                     1_GWF-(1,5,22)
 --------------------------------------------------------------------------------------------------------------------------------------


 
    Solving:  Stress period:     2    Time step:    24
 

 SLN_1 OUTER ITERATION SUMMARY
 ----------------------------------------------------------------------------------------------------------------------------------------------------------------
                                OUTER      INNER  BACKTRACK  BACKTRACK        INCOMING        OUTGOING                    STEP   MAXIMUM CHANGE MODEL-(CELLID) OR
 OUTER ITERATION STEP       ITERATION  ITERATION       FLAG ITERATIONS        RESIDUAL        RESIDUAL  MAXIMUM CHANGE SUCCESS             MODEL-PACKAGE-(NUMBER)
 ----------------------------------------------------------------------------------------------------------------------------------------------------------------
 Backtracking                       1                     0          0       425.32111       425.32111                       *                                   
 Model                              1          7                                                           -0.11378384                            1_GWF-(1,47,37)
 Backtracking                       2                     0          0      0.74941399      0.74941399                       *                                   
 Model                              2          1                                                       -7.36926141E-05       *                     1_GWF-(1,6,20)
 ----------------------------------------------------------------------------------------------------------------------------------------------------------------


 2 CALLS TO NUMERICAL SOLUTION IN TIME STEP 24 STRESS PERIOD 2
 8 TOTAL ITERATIONS

 SLN_1 INNER ITERATION SUMMARY
 --------------------------------------------------------------------------------------------------------------------------------------
      TOTAL      OUTER      INNER                                                            MAXIMUM                                   
  ITERATION  ITERATION  ITERATION  MAXIMUM CHANGE      MAXIMUM CHANGE MODEL-(CELLID)        RESIDUAL    MAXIMUM RESIDUAL MODEL-(CELLID)
 --------------------------------------------------------------------------------------------------------------------------------------
          1          1          1     -0.19127189                    1_GWF-(1,47,37)      -63.809154                    1_GWF-(1,23,54)
          2          1          2  6.12801998E-02                    1_GWF-(1,47,37)       10.998619                    1_GWF-(1,23,54)
          3          1          3  4.92000335E-03                    1_GWF-(1,38,38)      -7.0751914                    1_GWF-(1,42,37)
          4          1          4  1.12656434E-02                    1_GWF-(1,43,36)      -2.2807527                    1_GWF-(1,23,54)
          5          1          5 -1.51599315E-03                     1_GWF-(1,4,22)      0.57383583                     1_GWF-(1,5,22)
          6          1          6  9.98954707E-05                     1_GWF-(1,47,5)      0.34443902                     1_GWF-(1,5,22)
          7          1          7 -7.33208840E-04                     1_GWF-(1,6,20)  5.98886524E-02                     1_GWF-(1,5,22)
          8          2          1 -7.36926141E-05                     1_GWF-(1,6,20)  3.22199385E-02                     1_GWF-(1,5,22)
 --------------------------------------------------------------------------------------------------------------------------------------


 
    Solving:  Stress period:     2    Time step:    25
 

 SLN_1 OUTER ITERATION SUMMARY
 ----------------------------------------------------------------------------------------------------------------------------------------------------------------
                                OUTER      INNER  BACKTRACK  BACKTRACK        INCOMING        OUTGOING                    STEP   MAXIMUM CHANGE MODEL-(CELLID) OR
 OUTER ITERATION STEP       ITERATION  ITERATION       FLAG ITERATIONS        RESIDUAL        RESIDUAL  MAXIMUM CHANGE SUCCESS             MODEL-PACKAGE-(NUMBER)
 ----------------------------------------------------------------------------------------------------------------------------------------------------------------
 Backtracking                       1                     0          0       420.58380       420.58380                       *                                   
 Model                              1          7                                                           -0.11251649                            1_GWF-(1,47,37)
 Backtracking                       2                     0          0      0.74106663      0.74106663                       *                                   
 Model                              2          1                                                       -7.28716239E-05       *                     1_GWF-(1,6,20)
 ----------------------------------------------------------------------------------------------------------------------------------------------------------------


 2 CALLS TO NUMERICAL SOLUTION IN TIME STEP 25 STRESS PERIOD 2
 8 TOTAL ITERATIONS

 SLN_1 INNER ITERATION SUMMARY
 --------------------------------------------------------------------------------------------------------------------------------------
      TOTAL      OUTER      INNER                                                            MAXIMUM                                   
  ITERATION  ITERATION  ITERATION  MAXIMUM CHANGE      MAXIMUM CHANGE MODEL-(CELLID)        RESIDUAL    MAXIMUM RESIDUAL MODEL-(CELLID)
 --------------------------------------------------------------------------------------------------------------------------------------
          1          1          1     -0.18914145                    1_GWF-(1,47,37)      -63.098448                    1_GWF-(1,23,54)
          2          1          2  6.05976484E-02                    1_GWF-(1,47,37)       10.876119                    1_GWF-(1,23,54)
          3          1          3  4.86520738E-03                    1_GWF-(1,38,38)      -6.9963836                    1_GWF-(1,42,37)
          4          1          4  1.11401562E-02                    1_GWF-(1,43,36)      -2.2553504                    1_GWF-(1,23,54)
          5          1          5 -1.49910820E-03                     1_GWF-(1,4,22)      0.56744439                     1_GWF-(1,5,22)
          6          1          6  9.87824730E-05                     1_GWF-(1,47,5)      0.34060288                     1_GWF-(1,5,22)
          7          1          7 -7.25042776E-04                     1_GWF-(1,6,20)  5.92215540E-02                     1_GWF-(1,5,22)
          8          2          1 -7.28716239E-05                     1_GWF-(1,6,20)  3.18611044E-02                     1_GWF-(1,5,22)
 --------------------------------------------------------------------------------------------------------------------------------------


 
    Solving:  Stress period:     2    Time step:    26
 

 SLN_1 OUTER ITERATION SUMMARY
 ----------------------------------------------------------------------------------------------------------------------------------------------------------------
                                OUTER      INNER  BACKTRACK  BACKTRACK        INCOMING        OUTGOING                    STEP   MAXIMUM CHANGE MODEL-(CELLID) OR
 OUTER ITERATION STEP       ITERATION  ITERATION       FLAG ITERATIONS        RESIDUAL        RESIDUAL  MAXIMUM CHANGE SUCCESS             MODEL-PACKAGE-(NUMBER)
 ----------------------------------------------------------------------------------------------------------------------------------------------------------------
 Backtracking                       1                     0          0       415.89925       415.89925                       *                                   
 Model                              1          7                                                           -0.11126326                            1_GWF-(1,47,37)
 Backtracking                       2                     0          0      0.73281239      0.73281239                       *                                   
 Model                              2          1                                                       -7.20598715E-05       *                     1_GWF-(1,6,20)
 ----------------------------------------------------------------------------------------------------------------------------------------------------------------


 2 CALLS TO NUMERICAL SOLUTION IN TIME STEP 26 STRESS PERIOD 2
 8 TOTAL ITERATIONS

 SLN_1 INNER ITERATION SUMMARY
 --------------------------------------------------------------------------------------------------------------------------------------
      TOTAL      OUTER      INNER                                                            MAXIMUM                                   
  ITERATION  ITERATION  ITERATION  MAXIMUM CHANGE      MAXIMUM CHANGE MODEL-(CELLID)        RESIDUAL    MAXIMUM RESIDUAL MODEL-(CELLID)
 --------------------------------------------------------------------------------------------------------------------------------------
          1          1          1     -0.18703475                    1_GWF-(1,47,37)      -62.395653                    1_GWF-(1,23,54)
          2          1          2  5.99226998E-02                    1_GWF-(1,47,37)       10.754983                    1_GWF-(1,23,54)
          3          1          3  4.81102084E-03                    1_GWF-(1,38,38)      -6.9184541                    1_GWF-(1,42,37)
          4          1          4  1.10160686E-02                    1_GWF-(1,43,36)      -2.2302307                    1_GWF-(1,23,54)
          5          1          5 -1.48241111E-03                     1_GWF-(1,4,22)      0.56112419                     1_GWF-(1,5,22)
          6          1          6  9.76820161E-05                     1_GWF-(1,47,5)      0.33680935                     1_GWF-(1,5,22)
          7          1          7 -7.16967418E-04                     1_GWF-(1,6,20)  5.85618968E-02                     1_GWF-(1,5,22)
          8          2          1 -7.20598715E-05                     1_GWF-(1,6,20)  3.15062475E-02                     1_GWF-(1,5,22)
 --------------------------------------------------------------------------------------------------------------------------------------


 
    Solving:  Stress period:     2    Time step:    27
 

 SLN_1 OUTER ITERATION SUMMARY
 ----------------------------------------------------------------------------------------------------------------------------------------------------------------
                                OUTER      INNER  BACKTRACK  BACKTRACK        INCOMING        OUTGOING                    STEP   MAXIMUM CHANGE MODEL-(CELLID) OR
 OUTER ITERATION STEP       ITERATION  ITERATION       FLAG ITERATIONS        RESIDUAL        RESIDUAL  MAXIMUM CHANGE SUCCESS             MODEL-PACKAGE-(NUMBER)
 ----------------------------------------------------------------------------------------------------------------------------------------------------------------
 Backtracking                       1                     0          0       411.26688       411.26688                       *                                   
 Model                              1          7                                                           -0.11002398                            1_GWF-(1,47,37)
 Backtracking                       2                     0          0      0.72465004      0.72465004                       *                                   
 Model                              2          1                                                       -7.12572034E-05       *                     1_GWF-(1,6,20)
 ----------------------------------------------------------------------------------------------------------------------------------------------------------------


 2 CALLS TO NUMERICAL SOLUTION IN TIME STEP 27 STRESS PERIOD 2
 8 TOTAL ITERATIONS

 SLN_1 INNER ITERATION SUMMARY
 --------------------------------------------------------------------------------------------------------------------------------------
      TOTAL      OUTER      INNER                                                            MAXIMUM                                   
  ITERATION  ITERATION  ITERATION  MAXIMUM CHANGE      MAXIMUM CHANGE MODEL-(CELLID)        RESIDUAL    MAXIMUM RESIDUAL MODEL-(CELLID)
 --------------------------------------------------------------------------------------------------------------------------------------
          1          1          1     -0.18495152                    1_GWF-(1,47,37)      -61.700683                    1_GWF-(1,23,54)
          2          1          2  5.92552691E-02                    1_GWF-(1,47,37)       10.635195                    1_GWF-(1,23,54)
          3          1          3  4.75743691E-03                    1_GWF-(1,38,38)      -6.8413933                    1_GWF-(1,42,37)
          4          1          4  1.08933648E-02                    1_GWF-(1,43,36)      -2.2053905                    1_GWF-(1,23,54)
          5          1          5 -1.46590010E-03                     1_GWF-(1,4,22)      0.55487430                     1_GWF-(1,5,22)
          6          1          6  9.65938624E-05                     1_GWF-(1,47,5)      0.33305797                     1_GWF-(1,5,22)
          7          1          7 -7.08981879E-04                     1_GWF-(1,6,20)  5.79096081E-02                     1_GWF-(1,5,22)
          8          2          1 -7.12572034E-05                     1_GWF-(1,6,20)  3.11553301E-02                     1_GWF-(1,5,22)
 --------------------------------------------------------------------------------------------------------------------------------------


 
    Solving:  Stress period:     2    Time step:    28
 

 SLN_1 OUTER ITERATION SUMMARY
 ----------------------------------------------------------------------------------------------------------------------------------------------------------------
                                OUTER      INNER  BACKTRACK  BACKTRACK        INCOMING        OUTGOING                    STEP   MAXIMUM CHANGE MODEL-(CELLID) OR
 OUTER ITERATION STEP       ITERATION  ITERATION       FLAG ITERATIONS        RESIDUAL        RESIDUAL  MAXIMUM CHANGE SUCCESS             MODEL-PACKAGE-(NUMBER)
 ----------------------------------------------------------------------------------------------------------------------------------------------------------------
 Backtracking                       1                     0          0       406.68611       406.68611                       *                                   
 Model                              1          7                                                           -0.10879851                            1_GWF-(1,47,37)
 Backtracking                       2                     0          0      0.71657870      0.71657870                       *                                   
 Model                              2          1                                                       -7.04634694E-05       *                     1_GWF-(1,6,20)
 ----------------------------------------------------------------------------------------------------------------------------------------------------------------


 2 CALLS TO NUMERICAL SOLUTION IN TIME STEP 28 STRESS PERIOD 2
 8 TOTAL ITERATIONS

 SLN_1 INNER ITERATION SUMMARY
 --------------------------------------------------------------------------------------------------------------------------------------
      TOTAL      OUTER      INNER                                                            MAXIMUM                                   
  ITERATION  ITERATION  ITERATION  MAXIMUM CHANGE      MAXIMUM CHANGE MODEL-(CELLID)        RESIDUAL    MAXIMUM RESIDUAL MODEL-(CELLID)
 --------------------------------------------------------------------------------------------------------------------------------------
          1          1          1     -0.18289149                    1_GWF-(1,47,37)      -61.013452                    1_GWF-(1,23,54)
          2          1          2  5.85952731E-02                    1_GWF-(1,47,37)       10.516742                    1_GWF-(1,23,54)
          3          1          3  4.70444978E-03                    1_GWF-(1,38,38)      -6.7651908                    1_GWF-(1,42,37)
          4          1          4  1.07720279E-02                    1_GWF-(1,43,36)      -2.1808269                    1_GWF-(1,23,54)
          5          1          5 -1.44957278E-03                     1_GWF-(1,4,22)      0.54869409                     1_GWF-(1,5,22)
          6          1          6  9.55178719E-05                     1_GWF-(1,47,5)      0.32934843                     1_GWF-(1,5,22)
          7          1          7 -7.01085317E-04                     1_GWF-(1,6,20)  5.72645816E-02                     1_GWF-(1,5,22)
          8          2          1 -7.04634694E-05                     1_GWF-(1,6,20)  3.08083299E-02                     1_GWF-(1,5,22)
 --------------------------------------------------------------------------------------------------------------------------------------


 
    Solving:  Stress period:     2    Time step:    29
 

 SLN_1 OUTER ITERATION SUMMARY
 ----------------------------------------------------------------------------------------------------------------------------------------------------------------
                                OUTER      INNER  BACKTRACK  BACKTRACK        INCOMING        OUTGOING                    STEP   MAXIMUM CHANGE MODEL-(CELLID) OR
 OUTER ITERATION STEP       ITERATION  ITERATION       FLAG ITERATIONS        RESIDUAL        RESIDUAL  MAXIMUM CHANGE SUCCESS             MODEL-PACKAGE-(NUMBER)
 ----------------------------------------------------------------------------------------------------------------------------------------------------------------
 Backtracking                       1                     0          0       402.15635       402.15635                       *                                   
 Model                              1          7                                                           -0.10758669                            1_GWF-(1,47,37)
 Backtracking                       2                     0          0      0.70859732      0.70859732                       *                                   
 Model                              2          1                                                       -6.96785934E-05       *                     1_GWF-(1,6,20)
 ----------------------------------------------------------------------------------------------------------------------------------------------------------------


 2 CALLS TO NUMERICAL SOLUTION IN TIME STEP 29 STRESS PERIOD 2
 8 TOTAL ITERATIONS

 SLN_1 INNER ITERATION SUMMARY
 --------------------------------------------------------------------------------------------------------------------------------------
      TOTAL      OUTER      INNER                                                            MAXIMUM                                   
  ITERATION  ITERATION  ITERATION  MAXIMUM CHANGE      MAXIMUM CHANGE MODEL-(CELLID)        RESIDUAL    MAXIMUM RESIDUAL MODEL-(CELLID)
 --------------------------------------------------------------------------------------------------------------------------------------
          1          1          1     -0.18085440                    1_GWF-(1,47,37)      -60.333874                    1_GWF-(1,23,54)
          2          1          2  5.79426269E-02                    1_GWF-(1,47,37)       10.399605                    1_GWF-(1,23,54)
          3          1          3  4.65205136E-03                    1_GWF-(1,38,38)      -6.6898382                    1_GWF-(1,42,37)
          4          1          4  1.06520455E-02                    1_GWF-(1,43,36)      -2.1565366                    1_GWF-(1,23,54)
          5          1          5 -1.43342711E-03                     1_GWF-(1,4,22)      0.54258268                     1_GWF-(1,5,22)
          6          1          6  9.44539312E-05                     1_GWF-(1,47,5)      0.32568015                     1_GWF-(1,5,22)
          7          1          7 -6.93276586E-04                     1_GWF-(1,6,20)  5.66267548E-02                     1_GWF-(1,5,22)
          8          2          1 -6.96785934E-05                     1_GWF-(1,6,20)  3.04651937E-02                     1_GWF-(1,5,22)
 --------------------------------------------------------------------------------------------------------------------------------------


 
    Solving:  Stress period:     2    Time step:    30
 

 SLN_1 OUTER ITERATION SUMMARY
 ----------------------------------------------------------------------------------------------------------------------------------------------------------------
                                OUTER      INNER  BACKTRACK  BACKTRACK        INCOMING        OUTGOING                    STEP   MAXIMUM CHANGE MODEL-(CELLID) OR
 OUTER ITERATION STEP       ITERATION  ITERATION       FLAG ITERATIONS        RESIDUAL        RESIDUAL  MAXIMUM CHANGE SUCCESS             MODEL-PACKAGE-(NUMBER)
 ----------------------------------------------------------------------------------------------------------------------------------------------------------------
 Backtracking                       1                     0          0       397.67706       397.67706                       *                                   
 Model                              1          7                                                           -0.10638837                            1_GWF-(1,47,37)
 Backtracking                       2                     0          0      0.70070472      0.70070472                       *                                   
 Model                              2          1                                                       -6.89025303E-05       *                     1_GWF-(1,6,20)
 ----------------------------------------------------------------------------------------------------------------------------------------------------------------


 2 CALLS TO NUMERICAL SOLUTION IN TIME STEP 30 STRESS PERIOD 2
 8 TOTAL ITERATIONS

 SLN_1 INNER ITERATION SUMMARY
 --------------------------------------------------------------------------------------------------------------------------------------
      TOTAL      OUTER      INNER                                                            MAXIMUM                                   
  ITERATION  ITERATION  ITERATION  MAXIMUM CHANGE      MAXIMUM CHANGE MODEL-(CELLID)        RESIDUAL    MAXIMUM RESIDUAL MODEL-(CELLID)
 --------------------------------------------------------------------------------------------------------------------------------------
          1          1          1     -0.17884001                    1_GWF-(1,47,37)      -59.661864                    1_GWF-(1,23,54)
          2          1          2  5.72972494E-02                    1_GWF-(1,47,37)       10.283772                    1_GWF-(1,23,54)
          3          1          3  4.60023575E-03                    1_GWF-(1,38,38)      -6.6153255                    1_GWF-(1,42,37)
          4          1          4  1.05334009E-02                    1_GWF-(1,43,36)      -2.1325167                    1_GWF-(1,23,54)
          5          1          5 -1.41746151E-03                     1_GWF-(1,4,22)      0.53653915                     1_GWF-(1,5,22)
          6          1          6  9.34018713E-05                     1_GWF-(1,47,5)      0.32205259                     1_GWF-(1,5,22)
          7          1          7 -6.85554641E-04                     1_GWF-(1,6,20)  5.59960187E-02                     1_GWF-(1,5,22)
          8          2          1 -6.89025303E-05                     1_GWF-(1,6,20)  3.01258515E-02                     1_GWF-(1,5,22)
 --------------------------------------------------------------------------------------------------------------------------------------


 
    Solving:  Stress period:     2    Time step:    31
 

 SLN_1 OUTER ITERATION SUMMARY
 ----------------------------------------------------------------------------------------------------------------------------------------------------------------
                                OUTER      INNER  BACKTRACK  BACKTRACK        INCOMING        OUTGOING                    STEP   MAXIMUM CHANGE MODEL-(CELLID) OR
 OUTER ITERATION STEP       ITERATION  ITERATION       FLAG ITERATIONS        RESIDUAL        RESIDUAL  MAXIMUM CHANGE SUCCESS             MODEL-PACKAGE-(NUMBER)
 ----------------------------------------------------------------------------------------------------------------------------------------------------------------
 Backtracking                       1                     0          0       393.24765       393.24765                       *                                   
 Model                              1          7                                                           -0.10520339                            1_GWF-(1,47,37)
 Backtracking                       2                     0          0      0.69290010      0.69290010                       *                                   
 Model                              2          1                                                       -6.81350672E-05       *                     1_GWF-(1,6,20)
 ----------------------------------------------------------------------------------------------------------------------------------------------------------------


 2 CALLS TO NUMERICAL SOLUTION IN TIME STEP 31 STRESS PERIOD 2
 8 TOTAL ITERATIONS

 SLN_1 INNER ITERATION SUMMARY
 --------------------------------------------------------------------------------------------------------------------------------------
      TOTAL      OUTER      INNER                                                            MAXIMUM                                   
  ITERATION  ITERATION  ITERATION  MAXIMUM CHANGE      MAXIMUM CHANGE MODEL-(CELLID)        RESIDUAL    MAXIMUM RESIDUAL MODEL-(CELLID)
 --------------------------------------------------------------------------------------------------------------------------------------
          1          1          1     -0.17684805                    1_GWF-(1,47,37)      -58.997339                    1_GWF-(1,23,54)
          2          1          2  5.66590629E-02                    1_GWF-(1,47,37)       10.169232                    1_GWF-(1,23,54)
          3          1          3  4.54899931E-03                    1_GWF-(1,38,38)      -6.5416411                    1_GWF-(1,42,37)
          4          1          4  1.04160738E-02                    1_GWF-(1,43,36)      -2.1087647                    1_GWF-(1,23,54)
          5          1          5 -1.40167378E-03                     1_GWF-(1,4,22)      0.53056317                     1_GWF-(1,5,22)
          6          1          6  9.23614807E-05                     1_GWF-(1,47,5)      0.31846555                     1_GWF-(1,5,22)
          7          1          7 -6.77918905E-04                     1_GWF-(1,6,20)  5.53723214E-02                     1_GWF-(1,5,22)
          8          2          1 -6.81350672E-05                     1_GWF-(1,6,20)  2.97903047E-02                     1_GWF-(1,5,22)
 --------------------------------------------------------------------------------------------------------------------------------------


 
    Solving:  Stress period:     2    Time step:    32
 

 SLN_1 OUTER ITERATION SUMMARY
 ----------------------------------------------------------------------------------------------------------------------------------------------------------------
                                OUTER      INNER  BACKTRACK  BACKTRACK        INCOMING        OUTGOING                    STEP   MAXIMUM CHANGE MODEL-(CELLID) OR
 OUTER ITERATION STEP       ITERATION  ITERATION       FLAG ITERATIONS        RESIDUAL        RESIDUAL  MAXIMUM CHANGE SUCCESS             MODEL-PACKAGE-(NUMBER)
 ----------------------------------------------------------------------------------------------------------------------------------------------------------------
 Backtracking                       1                     0          0       388.86757       388.86757                       *                                   
 Model                              1          7                                                           -0.10403162                            1_GWF-(1,47,37)
 Backtracking                       2                     0          0      0.68518252      0.68518252                       *                                   
 Model                              2          1                                                       -6.73761131E-05       *                     1_GWF-(1,6,20)
 ----------------------------------------------------------------------------------------------------------------------------------------------------------------


 2 CALLS TO NUMERICAL SOLUTION IN TIME STEP 32 STRESS PERIOD 2
 8 TOTAL ITERATIONS

 SLN_1 INNER ITERATION SUMMARY
 --------------------------------------------------------------------------------------------------------------------------------------
      TOTAL      OUTER      INNER                                                            MAXIMUM                                   
  ITERATION  ITERATION  ITERATION  MAXIMUM CHANGE      MAXIMUM CHANGE MODEL-(CELLID)        RESIDUAL    MAXIMUM RESIDUAL MODEL-(CELLID)
 --------------------------------------------------------------------------------------------------------------------------------------
          1          1          1     -0.17487828                    1_GWF-(1,47,37)      -58.340215                    1_GWF-(1,23,54)
          2          1          2  5.60279832E-02                    1_GWF-(1,47,37)       10.055966                    1_GWF-(1,23,54)
          3          1          3  4.49833222E-03                    1_GWF-(1,38,38)      -6.4687785                    1_GWF-(1,42,37)
          4          1          4  1.03000563E-02                    1_GWF-(1,43,36)      -2.0852769                    1_GWF-(1,23,54)
          5          1          5 -1.38606151E-03                     1_GWF-(1,4,22)      0.52465376                     1_GWF-(1,5,22)
          6          1          6  9.13327035E-05                     1_GWF-(1,47,5)      0.31491852                     1_GWF-(1,5,22)
          7          1          7 -6.70368262E-04                     1_GWF-(1,6,20)  5.47555818E-02                     1_GWF-(1,5,22)
          8          2          1 -6.73761131E-05                     1_GWF-(1,6,20)  2.94585146E-02                     1_GWF-(1,5,22)
 --------------------------------------------------------------------------------------------------------------------------------------


 
    Solving:  Stress period:     2    Time step:    33
 

 SLN_1 OUTER ITERATION SUMMARY
 ----------------------------------------------------------------------------------------------------------------------------------------------------------------
                                OUTER      INNER  BACKTRACK  BACKTRACK        INCOMING        OUTGOING                    STEP   MAXIMUM CHANGE MODEL-(CELLID) OR
 OUTER ITERATION STEP       ITERATION  ITERATION       FLAG ITERATIONS        RESIDUAL        RESIDUAL  MAXIMUM CHANGE SUCCESS             MODEL-PACKAGE-(NUMBER)
 ----------------------------------------------------------------------------------------------------------------------------------------------------------------
 Backtracking                       1                     0          0       384.53629       384.53629                       *                                   
 Model                              1          7                                                           -0.10287289                            1_GWF-(1,47,37)
 Backtracking                       2                     0          0      0.67755082      0.67755082                       *                                   
 Model                              2          1                                                       -6.66256552E-05       *                     1_GWF-(1,6,20)
 ----------------------------------------------------------------------------------------------------------------------------------------------------------------


 2 CALLS TO NUMERICAL SOLUTION IN TIME STEP 33 STRESS PERIOD 2
 8 TOTAL ITERATIONS

 SLN_1 INNER ITERATION SUMMARY
 --------------------------------------------------------------------------------------------------------------------------------------
      TOTAL      OUTER      INNER                                                            MAXIMUM                                   
  ITERATION  ITERATION  ITERATION  MAXIMUM CHANGE      MAXIMUM CHANGE MODEL-(CELLID)        RESIDUAL    MAXIMUM RESIDUAL MODEL-(CELLID)
 --------------------------------------------------------------------------------------------------------------------------------------
          1          1          1     -0.17293045                    1_GWF-(1,47,37)      -57.690410                    1_GWF-(1,23,54)
          2          1          2  5.54039301E-02                    1_GWF-(1,47,37)       9.9439582                    1_GWF-(1,23,54)
          3          1          3  4.44822749E-03                    1_GWF-(1,38,38)      -6.3967291                    1_GWF-(1,42,37)
          4          1          4  1.01853350E-02                    1_GWF-(1,43,36)      -2.0620505                    1_GWF-(1,23,54)
          5          1          5 -1.37062303E-03                     1_GWF-(1,4,22)      0.51881003                     1_GWF-(1,5,22)
          6          1          6  9.03154528E-05                     1_GWF-(1,47,5)      0.31141089                     1_GWF-(1,5,22)
          7          1          7 -6.62901530E-04                     1_GWF-(1,6,20)  5.41457024E-02                     1_GWF-(1,5,22)
          8          2          1 -6.66256552E-05                     1_GWF-(1,6,20)  2.91304023E-02                     1_GWF-(1,5,22)
 --------------------------------------------------------------------------------------------------------------------------------------


 
    Solving:  Stress period:     2    Time step:    34
 

 SLN_1 OUTER ITERATION SUMMARY
 ----------------------------------------------------------------------------------------------------------------------------------------------------------------
                                OUTER      INNER  BACKTRACK  BACKTRACK        INCOMING        OUTGOING                    STEP   MAXIMUM CHANGE MODEL-(CELLID) OR
 OUTER ITERATION STEP       ITERATION  ITERATION       FLAG ITERATIONS        RESIDUAL        RESIDUAL  MAXIMUM CHANGE SUCCESS             MODEL-PACKAGE-(NUMBER)
 ----------------------------------------------------------------------------------------------------------------------------------------------------------------
 Backtracking                       1                     0          0       380.25324       380.25324                       *                                   
 Model                              1          7                                                           -0.10172707                            1_GWF-(1,47,37)
 Backtracking                       2                     0          0      0.67000406      0.67000406                       *                                   
 Model                              2          1                                                       -6.58835743E-05       *                     1_GWF-(1,6,20)
 ----------------------------------------------------------------------------------------------------------------------------------------------------------------


 2 CALLS TO NUMERICAL SOLUTION IN TIME STEP 34 STRESS PERIOD 2
 8 TOTAL ITERATIONS

 SLN_1 INNER ITERATION SUMMARY
 --------------------------------------------------------------------------------------------------------------------------------------
      TOTAL      OUTER      INNER                                                            MAXIMUM                                   
  ITERATION  ITERATION  ITERATION  MAXIMUM CHANGE      MAXIMUM CHANGE MODEL-(CELLID)        RESIDUAL    MAXIMUM RESIDUAL MODEL-(CELLID)
 --------------------------------------------------------------------------------------------------------------------------------------
          1          1          1     -0.17100432                    1_GWF-(1,47,37)      -57.047843                    1_GWF-(1,23,54)
          2          1          2  5.47868291E-02                    1_GWF-(1,47,37)       9.8331995                    1_GWF-(1,23,54)
          3          1          3  4.39868174E-03                    1_GWF-(1,38,38)      -6.3254814                    1_GWF-(1,42,37)
          4          1          4  1.00718896E-02                    1_GWF-(1,43,36)      -2.0390829                    1_GWF-(1,23,54)
          5          1          5 -1.35535684E-03                     1_GWF-(1,4,22)      0.51303134                     1_GWF-(1,5,22)
          6          1          6  8.93095017E-05                     1_GWF-(1,47,5)      0.30794227                     1_GWF-(1,5,22)
          7          1          7 -6.55517934E-04                     1_GWF-(1,6,20)  5.35426141E-02                     1_GWF-(1,5,22)
          8          2          1 -6.58835743E-05                     1_GWF-(1,6,20)  2.88059341E-02                     1_GWF-(1,5,22)
 --------------------------------------------------------------------------------------------------------------------------------------


 
    Solving:  Stress period:     2    Time step:    35
 

 SLN_1 OUTER ITERATION SUMMARY
 ----------------------------------------------------------------------------------------------------------------------------------------------------------------
                                OUTER      INNER  BACKTRACK  BACKTRACK        INCOMING        OUTGOING                    STEP   MAXIMUM CHANGE MODEL-(CELLID) OR
 OUTER ITERATION STEP       ITERATION  ITERATION       FLAG ITERATIONS        RESIDUAL        RESIDUAL  MAXIMUM CHANGE SUCCESS             MODEL-PACKAGE-(NUMBER)
 ----------------------------------------------------------------------------------------------------------------------------------------------------------------
 Backtracking                       1                     0          0       376.01790       376.01790                       *                                   
 Model                              1          7                                                           -0.10059401                            1_GWF-(1,47,37)
 Backtracking                       2                     0          0      0.66254151      0.66254151                       *                                   
 Model                              2          1                                                       -6.51497108E-05       *                     1_GWF-(1,6,20)
 ----------------------------------------------------------------------------------------------------------------------------------------------------------------


 2 CALLS TO NUMERICAL SOLUTION IN TIME STEP 35 STRESS PERIOD 2
 8 TOTAL ITERATIONS

 SLN_1 INNER ITERATION SUMMARY
 --------------------------------------------------------------------------------------------------------------------------------------
      TOTAL      OUTER      INNER                                                            MAXIMUM                                   
  ITERATION  ITERATION  ITERATION  MAXIMUM CHANGE      MAXIMUM CHANGE MODEL-(CELLID)        RESIDUAL    MAXIMUM RESIDUAL MODEL-(CELLID)
 --------------------------------------------------------------------------------------------------------------------------------------
          1          1          1     -0.16909963                    1_GWF-(1,47,37)      -56.412433                    1_GWF-(1,23,54)
          2          1          2  5.41766028E-02                    1_GWF-(1,47,37)       9.7236763                    1_GWF-(1,23,54)
          3          1          3  4.34968891E-03                    1_GWF-(1,38,38)      -6.2550264                    1_GWF-(1,42,37)
          4          1          4  9.95970574E-03                    1_GWF-(1,43,36)      -2.0163712                    1_GWF-(1,23,54)
          5          1          5 -1.34026043E-03                     1_GWF-(1,4,22)      0.50731724                     1_GWF-(1,5,22)
          6          1          6  8.83147387E-05                     1_GWF-(1,47,5)      0.30451244                     1_GWF-(1,5,22)
          7          1          7 -6.48216770E-04                     1_GWF-(1,6,20)  5.29462566E-02                     1_GWF-(1,5,22)
          8          2          1 -6.51497108E-05                     1_GWF-(1,6,20)  2.84851036E-02                     1_GWF-(1,5,22)
 --------------------------------------------------------------------------------------------------------------------------------------


 
    Solving:  Stress period:     2    Time step:    36
 

 SLN_1 OUTER ITERATION SUMMARY
 ----------------------------------------------------------------------------------------------------------------------------------------------------------------
                                OUTER      INNER  BACKTRACK  BACKTRACK        INCOMING        OUTGOING                    STEP   MAXIMUM CHANGE MODEL-(CELLID) OR
 OUTER ITERATION STEP       ITERATION  ITERATION       FLAG ITERATIONS        RESIDUAL        RESIDUAL  MAXIMUM CHANGE SUCCESS             MODEL-PACKAGE-(NUMBER)
 ----------------------------------------------------------------------------------------------------------------------------------------------------------------
 Backtracking                       1                     0          0       371.82974       371.82974                       *                                   
 Model                              1          7                                                       -9.94735781E-02       *                    1_GWF-(1,47,37)
 ----------------------------------------------------------------------------------------------------------------------------------------------------------------


 1 CALLS TO NUMERICAL SOLUTION IN TIME STEP 36 STRESS PERIOD 2
 7 TOTAL ITERATIONS

 SLN_1 INNER ITERATION SUMMARY
 --------------------------------------------------------------------------------------------------------------------------------------
      TOTAL      OUTER      INNER                                                            MAXIMUM                                   
  ITERATION  ITERATION  ITERATION  MAXIMUM CHANGE      MAXIMUM CHANGE MODEL-(CELLID)        RESIDUAL    MAXIMUM RESIDUAL MODEL-(CELLID)
 --------------------------------------------------------------------------------------------------------------------------------------
          1          1          1     -0.16721617                    1_GWF-(1,47,37)      -55.784099                    1_GWF-(1,23,54)
          2          1          2  5.35731711E-02                    1_GWF-(1,47,37)       9.6153699                    1_GWF-(1,23,54)
          3          1          3  4.30123994E-03                    1_GWF-(1,38,38)      -6.1853577                    1_GWF-(1,42,37)
          4          1          4  9.84877492E-03                    1_GWF-(1,43,36)      -1.9939123                    1_GWF-(1,23,54)
          5          1          5 -1.32533250E-03                     1_GWF-(1,4,22)      0.50166641                     1_GWF-(1,5,22)
          6          1          6  8.73311040E-05                     1_GWF-(1,47,5)      0.30112058                     1_GWF-(1,5,22)
          7          1          7 -6.40996591E-04                     1_GWF-(1,6,20)  5.23565198E-02                     1_GWF-(1,5,22)
 --------------------------------------------------------------------------------------------------------------------------------------


 
    Solving:  Stress period:     2    Time step:    37
 

 SLN_1 OUTER ITERATION SUMMARY
 ----------------------------------------------------------------------------------------------------------------------------------------------------------------
                                OUTER      INNER  BACKTRACK  BACKTRACK        INCOMING        OUTGOING                    STEP   MAXIMUM CHANGE MODEL-(CELLID) OR
 OUTER ITERATION STEP       ITERATION  ITERATION       FLAG ITERATIONS        RESIDUAL        RESIDUAL  MAXIMUM CHANGE SUCCESS             MODEL-PACKAGE-(NUMBER)
 ----------------------------------------------------------------------------------------------------------------------------------------------------------------
 Backtracking                       1                     0          0       367.69113       367.69113                       *                                   
 Model                              1          7                                                       -9.83561655E-02       *                    1_GWF-(1,47,37)
 ----------------------------------------------------------------------------------------------------------------------------------------------------------------


 1 CALLS TO NUMERICAL SOLUTION IN TIME STEP 37 STRESS PERIOD 2
 7 TOTAL ITERATIONS

 SLN_1 INNER ITERATION SUMMARY
 --------------------------------------------------------------------------------------------------------------------------------------
      TOTAL      OUTER      INNER                                                            MAXIMUM                                   
  ITERATION  ITERATION  ITERATION  MAXIMUM CHANGE      MAXIMUM CHANGE MODEL-(CELLID)        RESIDUAL    MAXIMUM RESIDUAL MODEL-(CELLID)
 --------------------------------------------------------------------------------------------------------------------------------------
          1          1          1     -0.16507363                    1_GWF-(1,47,37)      -55.028299                    1_GWF-(1,23,54)
          2          1          2  4.79608901E-02                    1_GWF-(1,47,37)      -9.3018641                    1_GWF-(1,40,35)
          3          1          3  1.57616103E-02                    1_GWF-(1,47,37)       2.0466611                     1_GWF-(1,3,28)
          4          1          4  2.39795143E-03                    1_GWF-(1,37,30)      -1.7852245                    1_GWF-(1,23,54)
          5          1          5 -1.49369771E-03                     1_GWF-(1,4,23)      0.45711552                     1_GWF-(1,5,22)
          6          1          6  1.53823863E-04                    1_GWF-(1,47,37)      0.27692817                     1_GWF-(1,5,22)
          7          1          7 -5.96831734E-04                     1_GWF-(1,6,20)  6.01663137E-02                     1_GWF-(1,5,22)
 --------------------------------------------------------------------------------------------------------------------------------------


 
    Solving:  Stress period:     2    Time step:    38
 

 SLN_1 OUTER ITERATION SUMMARY
 ----------------------------------------------------------------------------------------------------------------------------------------------------------------
                                OUTER      INNER  BACKTRACK  BACKTRACK        INCOMING        OUTGOING                    STEP   MAXIMUM CHANGE MODEL-(CELLID) OR
 OUTER ITERATION STEP       ITERATION  ITERATION       FLAG ITERATIONS        RESIDUAL        RESIDUAL  MAXIMUM CHANGE SUCCESS             MODEL-PACKAGE-(NUMBER)
 ----------------------------------------------------------------------------------------------------------------------------------------------------------------
 Backtracking                       1                     0          0       363.59734       363.59734                       *                                   
 Model                              1          7                                                       -9.72321907E-02       *                    1_GWF-(1,47,37)
 ----------------------------------------------------------------------------------------------------------------------------------------------------------------


 1 CALLS TO NUMERICAL SOLUTION IN TIME STEP 38 STRESS PERIOD 2
 7 TOTAL ITERATIONS

 SLN_1 INNER ITERATION SUMMARY
 --------------------------------------------------------------------------------------------------------------------------------------
      TOTAL      OUTER      INNER                                                            MAXIMUM                                   
  ITERATION  ITERATION  ITERATION  MAXIMUM CHANGE      MAXIMUM CHANGE MODEL-(CELLID)        RESIDUAL    MAXIMUM RESIDUAL MODEL-(CELLID)
 --------------------------------------------------------------------------------------------------------------------------------------
          1          1          1     -0.16332128                    1_GWF-(1,47,37)      -54.476528                    1_GWF-(1,23,54)
          2          1          2  4.90352138E-02                    1_GWF-(1,47,37)      -8.9915890                    1_GWF-(1,39,35)
          3          1          3  2.16797108E-02                    1_GWF-(1,42,37)       4.5638445                    1_GWF-(1,41,36)
          4          1          4 -6.38655031E-03                    1_GWF-(1,44,37)      -1.1678716                    1_GWF-(1,41,36)
          5          1          5 -1.28400312E-03                     1_GWF-(1,5,23)      0.41913970                     1_GWF-(1,5,22)
          6          1          6  2.15022632E-04                    1_GWF-(1,43,37)      0.33115881                     1_GWF-(1,5,22)
          7          1          7 -5.80845985E-04                     1_GWF-(1,6,20)  5.13769994E-02                     1_GWF-(1,5,22)
 --------------------------------------------------------------------------------------------------------------------------------------


 
    Solving:  Stress period:     2    Time step:    39
 

 SLN_1 OUTER ITERATION SUMMARY
 ----------------------------------------------------------------------------------------------------------------------------------------------------------------
                                OUTER      INNER  BACKTRACK  BACKTRACK        INCOMING        OUTGOING                    STEP   MAXIMUM CHANGE MODEL-(CELLID) OR
 OUTER ITERATION STEP       ITERATION  ITERATION       FLAG ITERATIONS        RESIDUAL        RESIDUAL  MAXIMUM CHANGE SUCCESS             MODEL-PACKAGE-(NUMBER)
 ----------------------------------------------------------------------------------------------------------------------------------------------------------------
 Backtracking                       1                     0          0       359.54676       359.54676                       *                                   
 Model                              1          7                                                       -9.61581908E-02       *                    1_GWF-(1,47,37)
 ----------------------------------------------------------------------------------------------------------------------------------------------------------------


 1 CALLS TO NUMERICAL SOLUTION IN TIME STEP 39 STRESS PERIOD 2
 7 TOTAL ITERATIONS

 SLN_1 INNER ITERATION SUMMARY
 --------------------------------------------------------------------------------------------------------------------------------------
      TOTAL      OUTER      INNER                                                            MAXIMUM                                   
  ITERATION  ITERATION  ITERATION  MAXIMUM CHANGE      MAXIMUM CHANGE MODEL-(CELLID)        RESIDUAL    MAXIMUM RESIDUAL MODEL-(CELLID)
 --------------------------------------------------------------------------------------------------------------------------------------
          1          1          1     -0.16155080                    1_GWF-(1,47,37)      -53.947237                    1_GWF-(1,23,54)
          2          1          2  5.02519596E-02                    1_GWF-(1,47,37)      -8.6595278                    1_GWF-(1,39,35)
          3          1          3 -1.41082428E-03                    1_GWF-(1,44,36)      -9.0652660                    1_GWF-(1,41,36)
          4          1          4  1.50919597E-02                    1_GWF-(1,43,36)      -1.5349617                    1_GWF-(1,23,54)
          5          1          5 -1.18036655E-03                     1_GWF-(1,4,22)      0.41186884                     1_GWF-(1,5,22)
          6          1          6  1.00150415E-04                    1_GWF-(1,47,37)      0.28579240                     1_GWF-(1,5,22)
          7          1          7 -6.32356743E-04                     1_GWF-(1,6,20)  5.21019928E-02                     1_GWF-(1,5,22)
 --------------------------------------------------------------------------------------------------------------------------------------


 
    Solving:  Stress period:     2    Time step:    40
 

 SLN_1 OUTER ITERATION SUMMARY
 ----------------------------------------------------------------------------------------------------------------------------------------------------------------
                                OUTER      INNER  BACKTRACK  BACKTRACK        INCOMING        OUTGOING                    STEP   MAXIMUM CHANGE MODEL-(CELLID) OR
 OUTER ITERATION STEP       ITERATION  ITERATION       FLAG ITERATIONS        RESIDUAL        RESIDUAL  MAXIMUM CHANGE SUCCESS             MODEL-PACKAGE-(NUMBER)
 ----------------------------------------------------------------------------------------------------------------------------------------------------------------
 Backtracking                       1                     0          0       355.54288       355.54288                       *                                   
 Model                              1          7                                                       -9.50724161E-02       *                    1_GWF-(1,47,37)
 ----------------------------------------------------------------------------------------------------------------------------------------------------------------


 1 CALLS TO NUMERICAL SOLUTION IN TIME STEP 40 STRESS PERIOD 2
 7 TOTAL ITERATIONS

 SLN_1 INNER ITERATION SUMMARY
 --------------------------------------------------------------------------------------------------------------------------------------
      TOTAL      OUTER      INNER                                                            MAXIMUM                                   
  ITERATION  ITERATION  ITERATION  MAXIMUM CHANGE      MAXIMUM CHANGE MODEL-(CELLID)        RESIDUAL    MAXIMUM RESIDUAL MODEL-(CELLID)
 --------------------------------------------------------------------------------------------------------------------------------------
          1          1          1     -0.15963941                    1_GWF-(1,47,37)      -53.256037                    1_GWF-(1,23,54)
          2          1          2  4.74591498E-02                    1_GWF-(1,47,37)      -8.8428734                    1_GWF-(1,39,35)
          3          1          3  1.79393562E-02                    1_GWF-(1,47,37)       2.1348064                    1_GWF-(1,41,36)
          4          1          4  2.61529859E-03                    1_GWF-(1,39,22)      -1.1717551                    1_GWF-(1,41,37)
          5          1          5 -1.28582659E-03                     1_GWF-(1,5,23)      0.41055168                     1_GWF-(1,5,22)
          6          1          6  1.95935617E-04                    1_GWF-(1,43,37)      0.32393721                     1_GWF-(1,5,22)
          7          1          7 -5.80121528E-04                     1_GWF-(1,6,20)  5.15952254E-02                     1_GWF-(1,5,22)
 --------------------------------------------------------------------------------------------------------------------------------------


 
    Solving:  Stress period:     2    Time step:    41
 

 SLN_1 OUTER ITERATION SUMMARY
 ----------------------------------------------------------------------------------------------------------------------------------------------------------------
                                OUTER      INNER  BACKTRACK  BACKTRACK        INCOMING        OUTGOING                    STEP   MAXIMUM CHANGE MODEL-(CELLID) OR
 OUTER ITERATION STEP       ITERATION  ITERATION       FLAG ITERATIONS        RESIDUAL        RESIDUAL  MAXIMUM CHANGE SUCCESS             MODEL-PACKAGE-(NUMBER)
 ----------------------------------------------------------------------------------------------------------------------------------------------------------------
 Backtracking                       1                     0          0       351.58212       351.58212                       *                                   
 Model                              1          7                                                       -9.40245580E-02       *                    1_GWF-(1,47,37)
 ----------------------------------------------------------------------------------------------------------------------------------------------------------------


 1 CALLS TO NUMERICAL SOLUTION IN TIME STEP 41 STRESS PERIOD 2
 7 TOTAL ITERATIONS

 SLN_1 INNER ITERATION SUMMARY
 --------------------------------------------------------------------------------------------------------------------------------------
      TOTAL      OUTER      INNER                                                            MAXIMUM                                   
  ITERATION  ITERATION  ITERATION  MAXIMUM CHANGE      MAXIMUM CHANGE MODEL-(CELLID)        RESIDUAL    MAXIMUM RESIDUAL MODEL-(CELLID)
 --------------------------------------------------------------------------------------------------------------------------------------
          1          1          1     -0.15794978                    1_GWF-(1,47,37)      -52.737924                    1_GWF-(1,23,54)
          2          1          2  4.87857970E-02                    1_GWF-(1,47,37)      -8.5151172                    1_GWF-(1,39,35)
          3          1          3 -5.77175309E-03                    1_GWF-(1,44,36)      -11.847242                    1_GWF-(1,41,36)
          4          1          4  1.95000831E-02                    1_GWF-(1,43,36)      -1.3395899                    1_GWF-(1,23,54)
          5          1          5 -1.14847232E-03                     1_GWF-(1,5,22)      0.39662853                     1_GWF-(1,5,22)
          6          1          6  1.31880583E-04                    1_GWF-(1,47,37)      0.27735806                     1_GWF-(1,5,22)
          7          1          7 -5.93053723E-04                     1_GWF-(1,6,20)  5.16506685E-02                     1_GWF-(1,5,22)
 --------------------------------------------------------------------------------------------------------------------------------------


 
    Solving:  Stress period:     2    Time step:    42
 

 SLN_1 OUTER ITERATION SUMMARY
 ----------------------------------------------------------------------------------------------------------------------------------------------------------------
                                OUTER      INNER  BACKTRACK  BACKTRACK        INCOMING        OUTGOING                    STEP   MAXIMUM CHANGE MODEL-(CELLID) OR
 OUTER ITERATION STEP       ITERATION  ITERATION       FLAG ITERATIONS        RESIDUAL        RESIDUAL  MAXIMUM CHANGE SUCCESS             MODEL-PACKAGE-(NUMBER)
 ----------------------------------------------------------------------------------------------------------------------------------------------------------------
 Backtracking                       1                     0          0       347.66676       347.66676                       *                                   
 Model                              1          7                                                       -9.29611176E-02       *                    1_GWF-(1,47,37)
 ----------------------------------------------------------------------------------------------------------------------------------------------------------------


 1 CALLS TO NUMERICAL SOLUTION IN TIME STEP 42 STRESS PERIOD 2
 7 TOTAL ITERATIONS

 SLN_1 INNER ITERATION SUMMARY
 --------------------------------------------------------------------------------------------------------------------------------------
      TOTAL      OUTER      INNER                                                            MAXIMUM                                   
  ITERATION  ITERATION  ITERATION  MAXIMUM CHANGE      MAXIMUM CHANGE MODEL-(CELLID)        RESIDUAL    MAXIMUM RESIDUAL MODEL-(CELLID)
 --------------------------------------------------------------------------------------------------------------------------------------
          1          1          1     -0.15612977                    1_GWF-(1,47,37)      -52.097352                    1_GWF-(1,23,54)
          2          1          2  4.69633248E-02                    1_GWF-(1,47,37)      -8.5833200                    1_GWF-(1,39,35)
          3          1          3  2.46737487E-02                    1_GWF-(1,42,37)       6.9158939                    1_GWF-(1,41,36)
          4          1          4 -1.01092009E-02                    1_GWF-(1,44,36)      -1.1017284                    1_GWF-(1,41,36)
          5          1          5 -1.21266502E-03                     1_GWF-(1,5,23)      0.39866202                     1_GWF-(1,5,22)
          6          1          6  1.92208772E-04                    1_GWF-(1,43,37)      0.32263389                     1_GWF-(1,5,22)
          7          1          7 -5.71677397E-04                     1_GWF-(1,6,20)  4.85059734E-02                     1_GWF-(1,5,22)
 --------------------------------------------------------------------------------------------------------------------------------------


 
    Solving:  Stress period:     2    Time step:    43
 

 SLN_1 OUTER ITERATION SUMMARY
 ----------------------------------------------------------------------------------------------------------------------------------------------------------------
                                OUTER      INNER  BACKTRACK  BACKTRACK        INCOMING        OUTGOING                    STEP   MAXIMUM CHANGE MODEL-(CELLID) OR
 OUTER ITERATION STEP       ITERATION  ITERATION       FLAG ITERATIONS        RESIDUAL        RESIDUAL  MAXIMUM CHANGE SUCCESS             MODEL-PACKAGE-(NUMBER)
 ----------------------------------------------------------------------------------------------------------------------------------------------------------------
 Backtracking                       1                     0          0       343.79334       343.79334                       *                                   
 Model                              1          7                                                       -9.19412840E-02       *                    1_GWF-(1,47,37)
 ----------------------------------------------------------------------------------------------------------------------------------------------------------------


 1 CALLS TO NUMERICAL SOLUTION IN TIME STEP 43 STRESS PERIOD 2
 7 TOTAL ITERATIONS

 SLN_1 INNER ITERATION SUMMARY
 --------------------------------------------------------------------------------------------------------------------------------------
      TOTAL      OUTER      INNER                                                            MAXIMUM                                   
  ITERATION  ITERATION  ITERATION  MAXIMUM CHANGE      MAXIMUM CHANGE MODEL-(CELLID)        RESIDUAL    MAXIMUM RESIDUAL MODEL-(CELLID)
 --------------------------------------------------------------------------------------------------------------------------------------
          1          1          1     -0.15445831                    1_GWF-(1,47,37)      -51.584071                    1_GWF-(1,23,54)
          2          1          2  4.79875726E-02                    1_GWF-(1,47,37)      -8.2869570                    1_GWF-(1,39,35)
          3          1          3 -1.83529824E-03                    1_GWF-(1,44,36)      -9.0061073                    1_GWF-(1,41,36)
          4          1          4  1.49745582E-02                    1_GWF-(1,43,36)      -1.4426035                    1_GWF-(1,23,54)
          5          1          5 -1.12562305E-03                     1_GWF-(1,4,22)      0.39232114                     1_GWF-(1,5,22)
          6          1          6  9.74051331E-05                    1_GWF-(1,47,37)      0.27444846                     1_GWF-(1,5,22)
          7          1          7 -6.05986237E-04                     1_GWF-(1,6,20)  4.98113920E-02                     1_GWF-(1,5,22)
 --------------------------------------------------------------------------------------------------------------------------------------


 
    Solving:  Stress period:     2    Time step:    44
 

 SLN_1 OUTER ITERATION SUMMARY
 ----------------------------------------------------------------------------------------------------------------------------------------------------------------
                                OUTER      INNER  BACKTRACK  BACKTRACK        INCOMING        OUTGOING                    STEP   MAXIMUM CHANGE MODEL-(CELLID) OR
 OUTER ITERATION STEP       ITERATION  ITERATION       FLAG ITERATIONS        RESIDUAL        RESIDUAL  MAXIMUM CHANGE SUCCESS             MODEL-PACKAGE-(NUMBER)
 ----------------------------------------------------------------------------------------------------------------------------------------------------------------
 Backtracking                       1                     0          0       339.96487       339.96487                       *                                   
 Model                              1          7                                                       -9.09044882E-02       *                    1_GWF-(1,47,37)
 ----------------------------------------------------------------------------------------------------------------------------------------------------------------


 1 CALLS TO NUMERICAL SOLUTION IN TIME STEP 44 STRESS PERIOD 2
 7 TOTAL ITERATIONS

 SLN_1 INNER ITERATION SUMMARY
 --------------------------------------------------------------------------------------------------------------------------------------
      TOTAL      OUTER      INNER                                                            MAXIMUM                                   
  ITERATION  ITERATION  ITERATION  MAXIMUM CHANGE      MAXIMUM CHANGE MODEL-(CELLID)        RESIDUAL    MAXIMUM RESIDUAL MODEL-(CELLID)
 --------------------------------------------------------------------------------------------------------------------------------------
          1          1          1     -0.15264448                    1_GWF-(1,47,37)      -50.925969                    1_GWF-(1,23,54)
          2          1          2  4.54423739E-02                    1_GWF-(1,47,37)      -8.4479739                    1_GWF-(1,39,35)
          3          1          3  1.75537235E-02                    1_GWF-(1,47,37)       2.3343400                    1_GWF-(1,41,36)
          4          1          4 -2.92519660E-03                    1_GWF-(1,44,37)      -1.1119837                    1_GWF-(1,41,37)
          5          1          5 -1.22398880E-03                     1_GWF-(1,5,23)      0.39232298                     1_GWF-(1,5,22)
          6          1          6  1.86857137E-04                    1_GWF-(1,43,37)      0.31305858                     1_GWF-(1,5,22)
          7          1          7 -5.58169676E-04                     1_GWF-(1,6,20)  4.88382332E-02                     1_GWF-(1,5,22)
 --------------------------------------------------------------------------------------------------------------------------------------


 
    Solving:  Stress period:     2    Time step:    45
 

 SLN_1 OUTER ITERATION SUMMARY
 ----------------------------------------------------------------------------------------------------------------------------------------------------------------
                                OUTER      INNER  BACKTRACK  BACKTRACK        INCOMING        OUTGOING                    STEP   MAXIMUM CHANGE MODEL-(CELLID) OR
 OUTER ITERATION STEP       ITERATION  ITERATION       FLAG ITERATIONS        RESIDUAL        RESIDUAL  MAXIMUM CHANGE SUCCESS             MODEL-PACKAGE-(NUMBER)
 ----------------------------------------------------------------------------------------------------------------------------------------------------------------
 Backtracking                       1                     0          0       336.17756       336.17756                       *                                   
 Model                              1          7                                                       -8.99049167E-02       *                    1_GWF-(1,47,37)
 ----------------------------------------------------------------------------------------------------------------------------------------------------------------


 1 CALLS TO NUMERICAL SOLUTION IN TIME STEP 45 STRESS PERIOD 2
 7 TOTAL ITERATIONS

 SLN_1 INNER ITERATION SUMMARY
 --------------------------------------------------------------------------------------------------------------------------------------
      TOTAL      OUTER      INNER                                                            MAXIMUM                                   
  ITERATION  ITERATION  ITERATION  MAXIMUM CHANGE      MAXIMUM CHANGE MODEL-(CELLID)        RESIDUAL    MAXIMUM RESIDUAL MODEL-(CELLID)
 --------------------------------------------------------------------------------------------------------------------------------------
          1          1          1     -0.15103061                    1_GWF-(1,47,37)      -50.431911                    1_GWF-(1,23,54)
          2          1          2  4.67376782E-02                    1_GWF-(1,47,37)      -8.1294594                    1_GWF-(1,39,35)
          3          1          3 -3.91404681E-03                    1_GWF-(1,44,36)      -10.258639                    1_GWF-(1,41,36)
          4          1          4  1.69513007E-02                    1_GWF-(1,43,36)      -1.3248675                    1_GWF-(1,23,54)
          5          1          5 -1.09736894E-03                     1_GWF-(1,5,22)      0.38031616                     1_GWF-(1,5,22)
          6          1          6  1.15212745E-04                    1_GWF-(1,47,37)      0.26574511                     1_GWF-(1,5,22)
          7          1          7 -5.75841616E-04                     1_GWF-(1,6,20)  4.93851091E-02                     1_GWF-(1,5,22)
 --------------------------------------------------------------------------------------------------------------------------------------


 
    Solving:  Stress period:     2    Time step:    46
 

 SLN_1 OUTER ITERATION SUMMARY
 ----------------------------------------------------------------------------------------------------------------------------------------------------------------
                                OUTER      INNER  BACKTRACK  BACKTRACK        INCOMING        OUTGOING                    STEP   MAXIMUM CHANGE MODEL-(CELLID) OR
 OUTER ITERATION STEP       ITERATION  ITERATION       FLAG ITERATIONS        RESIDUAL        RESIDUAL  MAXIMUM CHANGE SUCCESS             MODEL-PACKAGE-(NUMBER)
 ----------------------------------------------------------------------------------------------------------------------------------------------------------------
 Backtracking                       1                     0          0       332.43382       332.43382                       *                                   
 Model                              1          7                                                       -8.88876907E-02       *                    1_GWF-(1,47,37)
 ----------------------------------------------------------------------------------------------------------------------------------------------------------------


 1 CALLS TO NUMERICAL SOLUTION IN TIME STEP 46 STRESS PERIOD 2
 7 TOTAL ITERATIONS

 SLN_1 INNER ITERATION SUMMARY
 --------------------------------------------------------------------------------------------------------------------------------------
      TOTAL      OUTER      INNER                                                            MAXIMUM                                   
  ITERATION  ITERATION  ITERATION  MAXIMUM CHANGE      MAXIMUM CHANGE MODEL-(CELLID)        RESIDUAL    MAXIMUM RESIDUAL MODEL-(CELLID)
 --------------------------------------------------------------------------------------------------------------------------------------
          1          1          1     -0.14928295                    1_GWF-(1,47,37)      -49.810974                    1_GWF-(1,23,54)
          2          1          2  4.47962937E-02                    1_GWF-(1,47,37)      -8.2200242                    1_GWF-(1,39,35)
          3          1          3  2.11756059E-02                    1_GWF-(1,42,37)       5.0267539                    1_GWF-(1,41,36)
          4          1          4 -7.17408901E-03                    1_GWF-(1,44,36)      -1.0603593                    1_GWF-(1,41,36)
          5          1          5 -1.16818102E-03                     1_GWF-(1,5,23)      0.38199737                     1_GWF-(1,5,22)
          6          1          6  1.83834447E-04                    1_GWF-(1,43,37)      0.31054022                     1_GWF-(1,5,22)
          7          1          7 -5.48741304E-04                     1_GWF-(1,6,20)  4.63917492E-02                     1_GWF-(1,5,22)
 --------------------------------------------------------------------------------------------------------------------------------------


 
    Solving:  Stress period:     2    Time step:    47
 

 SLN_1 OUTER ITERATION SUMMARY
 ----------------------------------------------------------------------------------------------------------------------------------------------------------------
                                OUTER      INNER  BACKTRACK  BACKTRACK        INCOMING        OUTGOING                    STEP   MAXIMUM CHANGE MODEL-(CELLID) OR
 OUTER ITERATION STEP       ITERATION  ITERATION       FLAG ITERATIONS        RESIDUAL        RESIDUAL  MAXIMUM CHANGE SUCCESS             MODEL-PACKAGE-(NUMBER)
 ----------------------------------------------------------------------------------------------------------------------------------------------------------------
 Backtracking                       1                     0          0       328.73010       328.73010                       *                                   
 Model                              1          7                                                       -8.79129062E-02       *                    1_GWF-(1,47,37)
 ----------------------------------------------------------------------------------------------------------------------------------------------------------------


 1 CALLS TO NUMERICAL SOLUTION IN TIME STEP 47 STRESS PERIOD 2
 7 TOTAL ITERATIONS

 SLN_1 INNER ITERATION SUMMARY
 --------------------------------------------------------------------------------------------------------------------------------------
      TOTAL      OUTER      INNER                                                            MAXIMUM                                   
  ITERATION  ITERATION  ITERATION  MAXIMUM CHANGE      MAXIMUM CHANGE MODEL-(CELLID)        RESIDUAL    MAXIMUM RESIDUAL MODEL-(CELLID)
 --------------------------------------------------------------------------------------------------------------------------------------
          1          1          1     -0.14769258                    1_GWF-(1,47,37)      -49.325914                    1_GWF-(1,23,54)
          2          1          2  4.59415822E-02                    1_GWF-(1,47,37)      -7.9159095                    1_GWF-(1,39,35)
          3          1          3 -1.25030041E-03                    1_GWF-(1,44,36)      -8.2598970                    1_GWF-(1,41,36)
          4          1          4  1.37548407E-02                    1_GWF-(1,43,36)      -1.4061558                    1_GWF-(1,23,54)
          5          1          5 -1.07877388E-03                     1_GWF-(1,4,22)      0.37646869                     1_GWF-(1,5,22)
          6          1          6  8.64003630E-05                    1_GWF-(1,47,37)      0.26407126                     1_GWF-(1,5,22)
          7          1          7 -5.84768107E-04                     1_GWF-(1,6,20)  4.76092496E-02                     1_GWF-(1,5,22)
 --------------------------------------------------------------------------------------------------------------------------------------


 
    Solving:  Stress period:     2    Time step:    48
 

 SLN_1 OUTER ITERATION SUMMARY
 ----------------------------------------------------------------------------------------------------------------------------------------------------------------
                                OUTER      INNER  BACKTRACK  BACKTRACK        INCOMING        OUTGOING                    STEP   MAXIMUM CHANGE MODEL-(CELLID) OR
 OUTER ITERATION STEP       ITERATION  ITERATION       FLAG ITERATIONS        RESIDUAL        RESIDUAL  MAXIMUM CHANGE SUCCESS             MODEL-PACKAGE-(NUMBER)
 ----------------------------------------------------------------------------------------------------------------------------------------------------------------
 Backtracking                       1                     0          0       325.06938       325.06938                       *                                   
 Model                              1          7                                                       -8.69228330E-02       *                    1_GWF-(1,47,37)
 ----------------------------------------------------------------------------------------------------------------------------------------------------------------


 1 CALLS TO NUMERICAL SOLUTION IN TIME STEP 48 STRESS PERIOD 2
 7 TOTAL ITERATIONS

 SLN_1 INNER ITERATION SUMMARY
 --------------------------------------------------------------------------------------------------------------------------------------
      TOTAL      OUTER      INNER                                                            MAXIMUM                                   
  ITERATION  ITERATION  ITERATION  MAXIMUM CHANGE      MAXIMUM CHANGE MODEL-(CELLID)        RESIDUAL    MAXIMUM RESIDUAL MODEL-(CELLID)
 --------------------------------------------------------------------------------------------------------------------------------------
          1          1          1     -0.14595405                    1_GWF-(1,47,37)      -48.692045                    1_GWF-(1,23,54)
          2          1          2  4.33950652E-02                    1_GWF-(1,47,37)      -8.0840674                    1_GWF-(1,39,35)
          3          1          3  1.63661714E-02                    1_GWF-(1,47,37)       1.9317907                    1_GWF-(1,41,36)
          4          1          4  2.38136398E-03                    1_GWF-(1,39,22)      -1.0714761                    1_GWF-(1,41,37)
          5          1          5 -1.17553697E-03                     1_GWF-(1,5,23)      0.37533615                     1_GWF-(1,5,22)
          6          1          6  1.78188706E-04                    1_GWF-(1,43,37)      0.29652577                     1_GWF-(1,5,22)
          7          1          7 -5.31216937E-04                     1_GWF-(1,6,20)  4.72890123E-02                     1_GWF-(1,5,22)
 --------------------------------------------------------------------------------------------------------------------------------------


 
    Solving:  Stress period:     2    Time step:    49
 

 SLN_1 OUTER ITERATION SUMMARY
 ----------------------------------------------------------------------------------------------------------------------------------------------------------------
                                OUTER      INNER  BACKTRACK  BACKTRACK        INCOMING        OUTGOING                    STEP   MAXIMUM CHANGE MODEL-(CELLID) OR
 OUTER ITERATION STEP       ITERATION  ITERATION       FLAG ITERATIONS        RESIDUAL        RESIDUAL  MAXIMUM CHANGE SUCCESS             MODEL-PACKAGE-(NUMBER)
 ----------------------------------------------------------------------------------------------------------------------------------------------------------------
 Backtracking                       1                     0          0       321.44813       321.44813                       *                                   
 Model                              1          7                                                       -8.59653067E-02       *                    1_GWF-(1,47,37)
 ----------------------------------------------------------------------------------------------------------------------------------------------------------------


 1 CALLS TO NUMERICAL SOLUTION IN TIME STEP 49 STRESS PERIOD 2
 7 TOTAL ITERATIONS

 SLN_1 INNER ITERATION SUMMARY
 --------------------------------------------------------------------------------------------------------------------------------------
      TOTAL      OUTER      INNER                                                            MAXIMUM                                   
  ITERATION  ITERATION  ITERATION  MAXIMUM CHANGE      MAXIMUM CHANGE MODEL-(CELLID)        RESIDUAL    MAXIMUM RESIDUAL MODEL-(CELLID)
 --------------------------------------------------------------------------------------------------------------------------------------
          1          1          1     -0.14441014                    1_GWF-(1,47,37)      -48.217225                    1_GWF-(1,23,54)
          2          1          2  4.45941797E-02                    1_GWF-(1,47,37)      -7.7864739                    1_GWF-(1,39,35)
          3          1          3 -5.41214360E-03                    1_GWF-(1,44,36)      -10.923601                    1_GWF-(1,41,36)
          4          1          4  1.79726406E-02                    1_GWF-(1,43,36)      -1.2214157                    1_GWF-(1,23,54)
          5          1          5 -1.05025541E-03                     1_GWF-(1,5,22)      0.36252183                     1_GWF-(1,5,22)
          6          1          6  1.21022885E-04                    1_GWF-(1,47,37)      0.25376931                     1_GWF-(1,5,22)
          7          1          7 -5.41781739E-04                     1_GWF-(1,6,20)  4.73242889E-02                     1_GWF-(1,5,22)
 --------------------------------------------------------------------------------------------------------------------------------------


 
    Solving:  Stress period:     2    Time step:    50
 

 SLN_1 OUTER ITERATION SUMMARY
 ----------------------------------------------------------------------------------------------------------------------------------------------------------------
                                OUTER      INNER  BACKTRACK  BACKTRACK        INCOMING        OUTGOING                    STEP   MAXIMUM CHANGE MODEL-(CELLID) OR
 OUTER ITERATION STEP       ITERATION  ITERATION       FLAG ITERATIONS        RESIDUAL        RESIDUAL  MAXIMUM CHANGE SUCCESS             MODEL-PACKAGE-(NUMBER)
 ----------------------------------------------------------------------------------------------------------------------------------------------------------------
 Backtracking                       1                     0          0       317.86834       317.86834                       *                                   
 Model                              1          7                                                       -8.49934181E-02       *                    1_GWF-(1,47,37)
 ----------------------------------------------------------------------------------------------------------------------------------------------------------------


 1 CALLS TO NUMERICAL SOLUTION IN TIME STEP 50 STRESS PERIOD 2
 7 TOTAL ITERATIONS

 SLN_1 INNER ITERATION SUMMARY
 --------------------------------------------------------------------------------------------------------------------------------------
      TOTAL      OUTER      INNER                                                            MAXIMUM                                   
  ITERATION  ITERATION  ITERATION  MAXIMUM CHANGE      MAXIMUM CHANGE MODEL-(CELLID)        RESIDUAL    MAXIMUM RESIDUAL MODEL-(CELLID)
 --------------------------------------------------------------------------------------------------------------------------------------
          1          1          1     -0.14274933                    1_GWF-(1,47,37)      -47.633240                    1_GWF-(1,23,54)
          2          1          2  4.29720948E-02                    1_GWF-(1,47,37)      -7.8435532                    1_GWF-(1,39,35)
          3          1          3  2.34408467E-02                    1_GWF-(1,42,37)       6.8994407                    1_GWF-(1,41,36)
          4          1          4 -1.01487040E-02                    1_GWF-(1,43,37)      -1.0053015                    1_GWF-(1,41,36)
          5          1          5 -1.10618382E-03                     1_GWF-(1,5,23)      0.36422581                     1_GWF-(1,5,22)
          6          1          6  1.75768707E-04                    1_GWF-(1,43,37)      0.29402886                     1_GWF-(1,5,22)
          7          1          7 -5.21571094E-04                     1_GWF-(1,6,20)  4.44018235E-02                     1_GWF-(1,5,22)
 --------------------------------------------------------------------------------------------------------------------------------------


 
    Solving:  Stress period:     2    Time step:    51
 

 SLN_1 OUTER ITERATION SUMMARY
 ----------------------------------------------------------------------------------------------------------------------------------------------------------------
                                OUTER      INNER  BACKTRACK  BACKTRACK        INCOMING        OUTGOING                    STEP   MAXIMUM CHANGE MODEL-(CELLID) OR
 OUTER ITERATION STEP       ITERATION  ITERATION       FLAG ITERATIONS        RESIDUAL        RESIDUAL  MAXIMUM CHANGE SUCCESS             MODEL-PACKAGE-(NUMBER)
 ----------------------------------------------------------------------------------------------------------------------------------------------------------------
 Backtracking                       1                     0          0       314.32693       314.32693                       *                                   
 Model                              1          7                                                       -8.40608844E-02       *                    1_GWF-(1,47,37)
 ----------------------------------------------------------------------------------------------------------------------------------------------------------------


 1 CALLS TO NUMERICAL SOLUTION IN TIME STEP 51 STRESS PERIOD 2
 7 TOTAL ITERATIONS

 SLN_1 INNER ITERATION SUMMARY
 --------------------------------------------------------------------------------------------------------------------------------------
      TOTAL      OUTER      INNER                                                            MAXIMUM                                   
  ITERATION  ITERATION  ITERATION  MAXIMUM CHANGE      MAXIMUM CHANGE MODEL-(CELLID)        RESIDUAL    MAXIMUM RESIDUAL MODEL-(CELLID)
 --------------------------------------------------------------------------------------------------------------------------------------
          1          1          1     -0.14121801                    1_GWF-(1,47,37)      -47.161467                    1_GWF-(1,23,54)
          2          1          2  4.38392406E-02                    1_GWF-(1,47,37)      -7.5815602                    1_GWF-(1,39,35)
          3          1          3 -2.00255026E-03                    1_GWF-(1,44,36)      -8.4601300                    1_GWF-(1,41,36)
          4          1          4  1.40515028E-02                    1_GWF-(1,43,36)      -1.3031996                    1_GWF-(1,23,54)
          5          1          5 -1.02800993E-03                     1_GWF-(1,4,22)      0.35794786                     1_GWF-(1,5,22)
          6          1          6  9.28027162E-05                    1_GWF-(1,47,37)      0.25019788                     1_GWF-(1,5,22)
          7          1          7 -5.51030783E-04                     1_GWF-(1,6,20)  4.56053478E-02                     1_GWF-(1,5,22)
 --------------------------------------------------------------------------------------------------------------------------------------


 
    Solving:  Stress period:     2    Time step:    52
 

 SLN_1 OUTER ITERATION SUMMARY
 ----------------------------------------------------------------------------------------------------------------------------------------------------------------
                                OUTER      INNER  BACKTRACK  BACKTRACK        INCOMING        OUTGOING                    STEP   MAXIMUM CHANGE MODEL-(CELLID) OR
 OUTER ITERATION STEP       ITERATION  ITERATION       FLAG ITERATIONS        RESIDUAL        RESIDUAL  MAXIMUM CHANGE SUCCESS             MODEL-PACKAGE-(NUMBER)
 ----------------------------------------------------------------------------------------------------------------------------------------------------------------
 Backtracking                       1                     0          0       310.82658       310.82658                       *                                   
 Model                              1          7                                                       -8.31121746E-02       *                    1_GWF-(1,47,37)
 ----------------------------------------------------------------------------------------------------------------------------------------------------------------


 1 CALLS TO NUMERICAL SOLUTION IN TIME STEP 52 STRESS PERIOD 2
 7 TOTAL ITERATIONS

 SLN_1 INNER ITERATION SUMMARY
 --------------------------------------------------------------------------------------------------------------------------------------
      TOTAL      OUTER      INNER                                                            MAXIMUM                                   
  ITERATION  ITERATION  ITERATION  MAXIMUM CHANGE      MAXIMUM CHANGE MODEL-(CELLID)        RESIDUAL    MAXIMUM RESIDUAL MODEL-(CELLID)
 --------------------------------------------------------------------------------------------------------------------------------------
          1          1          1     -0.13956367                    1_GWF-(1,47,37)      -46.563196                    1_GWF-(1,23,54)
          2          1          2  4.15965573E-02                    1_GWF-(1,47,37)      -7.7184320                    1_GWF-(1,39,35)
          3          1          3  1.64272145E-02                    1_GWF-(1,47,37)       2.4051378                    1_GWF-(1,41,36)
          4          1          4 -3.10204921E-03                    1_GWF-(1,44,37)      -1.0106387                    1_GWF-(1,41,37)
          5          1          5 -1.11492422E-03                     1_GWF-(1,5,23)      0.35853365                     1_GWF-(1,5,22)
          6          1          6  1.71143255E-04                    1_GWF-(1,43,37)      0.28799645                     1_GWF-(1,5,22)
          7          1          7 -5.11837935E-04                     1_GWF-(1,6,20)  4.42808040E-02                     1_GWF-(1,5,22)
 --------------------------------------------------------------------------------------------------------------------------------------


 
    Solving:  Stress period:     3    Time step:     1
 
1
                            STRESS PERIOD NO. 3, LENGTH =   1.000000    
                            -----------------------------------------------
                            NUMBER OF TIME STEPS = 1
                            MULTIPLIER FOR DELT =     1.000
                            INITIAL TIME STEP SIZE =   1.000000    

 SLN_1 OUTER ITERATION SUMMARY
 ----------------------------------------------------------------------------------------------------------------------------------------------------------------
                                OUTER      INNER  BACKTRACK  BACKTRACK        INCOMING        OUTGOING                    STEP   MAXIMUM CHANGE MODEL-(CELLID) OR
 OUTER ITERATION STEP       ITERATION  ITERATION       FLAG ITERATIONS        RESIDUAL        RESIDUAL  MAXIMUM CHANGE SUCCESS             MODEL-PACKAGE-(NUMBER)
 ----------------------------------------------------------------------------------------------------------------------------------------------------------------
 Backtracking                       1                     0          0       297.40633       297.40633                       *                                   
 Model                              1         16                                                             6.3250602                             1_GWF-(1,47,5)
 Backtracking                       2                     0          0       1.6567844       1.6567844                       *                                   
 Model                              2          1                                                       -6.95510679E-04       *                    1_GWF-(1,22,55)
 ----------------------------------------------------------------------------------------------------------------------------------------------------------------


 2 CALLS TO NUMERICAL SOLUTION IN TIME STEP 1 STRESS PERIOD 3
 17 TOTAL ITERATIONS

 SLN_1 INNER ITERATION SUMMARY
 --------------------------------------------------------------------------------------------------------------------------------------
      TOTAL      OUTER      INNER                                                            MAXIMUM                                   
  ITERATION  ITERATION  ITERATION  MAXIMUM CHANGE      MAXIMUM CHANGE MODEL-(CELLID)        RESIDUAL    MAXIMUM RESIDUAL MODEL-(CELLID)
 --------------------------------------------------------------------------------------------------------------------------------------
          1          1          1      0.12473835                     1_GWF-(1,47,5)       36.759114                    1_GWF-(1,39,18)
          2          1          2      0.22535993                     1_GWF-(1,39,6)      -59.090044                    1_GWF-(1,41,36)
          3          1          3      0.28379226                     1_GWF-(1,47,5)      -71.811912                    1_GWF-(1,41,36)
          4          1          4      0.57574896                     1_GWF-(1,29,4)      -65.772341                    1_GWF-(1,41,36)
          5          1          5      0.78134345                     1_GWF-(1,30,1)      -60.924752                    1_GWF-(1,41,36)
          6          1          6       1.3894233                    1_GWF-(1,45,36)       53.410632                     1_GWF-(1,41,7)
          7          1          7     -0.69949667                    1_GWF-(1,45,36)      -51.552194                    1_GWF-(1,41,36)
          8          1          8       3.1923937                    1_GWF-(1,44,37)       19.671866                    1_GWF-(1,39,11)
          9          1          9       1.0694037                    1_GWF-(1,45,36)       5.1005588                    1_GWF-(1,39,11)
         10          1         10      0.18260272                    1_GWF-(1,20,54)      -4.9302089                    1_GWF-(1,15,47)
         11          1         11  1.84793176E-02                    1_GWF-(1,16,56)      -2.9113103                     1_GWF-(1,4,45)
         12          1         12  1.49084530E-02                    1_GWF-(1,16,56)       3.4303070                     1_GWF-(1,28,3)
         13          1         13  2.52376911E-02                     1_GWF-(1,43,7)      -2.6423457                    1_GWF-(1,10,52)
         14          1         14     -0.20039448                     1_GWF-(1,42,5)      -2.6181103                     1_GWF-(1,26,5)
         15          1         15  8.70724501E-02                     1_GWF-(1,42,5)      0.25182569                    1_GWF-(1,22,51)
         16          1         16  6.45795882E-03                     1_GWF-(1,42,5) -8.49500421E-02                     1_GWF-(1,40,5)
         17          2          1 -6.95510679E-04                    1_GWF-(1,22,55)  6.71801283E-02                     1_GWF-(1,5,46)
 --------------------------------------------------------------------------------------------------------------------------------------


 
    Solving:  Stress period:     4    Time step:     1
 
1
                            STRESS PERIOD NO. 4, LENGTH =   52.00000    
                            -----------------------------------------------
                            NUMBER OF TIME STEPS = 52
                            MULTIPLIER FOR DELT =     1.000
                            INITIAL TIME STEP SIZE =   1.000000    

 SLN_1 OUTER ITERATION SUMMARY
 ----------------------------------------------------------------------------------------------------------------------------------------------------------------
                                OUTER      INNER  BACKTRACK  BACKTRACK        INCOMING        OUTGOING                    STEP   MAXIMUM CHANGE MODEL-(CELLID) OR
 OUTER ITERATION STEP       ITERATION  ITERATION       FLAG ITERATIONS        RESIDUAL        RESIDUAL  MAXIMUM CHANGE SUCCESS             MODEL-PACKAGE-(NUMBER)
 ----------------------------------------------------------------------------------------------------------------------------------------------------------------
 Backtracking                       1                     0          0       544.51690       544.51690                       *                                   
 Model                              1          7                                                           -0.23294770                             1_GWF-(1,47,5)
 Backtracking                       2                     0          0      0.64058226      0.64058226                       *                                   
 Model                              2          1                                                        5.19899286E-05       *                    1_GWF-(1,42,10)
 ----------------------------------------------------------------------------------------------------------------------------------------------------------------


 2 CALLS TO NUMERICAL SOLUTION IN TIME STEP 1 STRESS PERIOD 4
 8 TOTAL ITERATIONS

 SLN_1 INNER ITERATION SUMMARY
 --------------------------------------------------------------------------------------------------------------------------------------
      TOTAL      OUTER      INNER                                                            MAXIMUM                                   
  ITERATION  ITERATION  ITERATION  MAXIMUM CHANGE      MAXIMUM CHANGE MODEL-(CELLID)        RESIDUAL    MAXIMUM RESIDUAL MODEL-(CELLID)
 --------------------------------------------------------------------------------------------------------------------------------------
          1          1          1     -0.34825316                     1_GWF-(1,47,5)      -113.43911                     1_GWF-(1,43,7)
          2          1          2  8.80053538E-02                     1_GWF-(1,47,5)      -15.721123                     1_GWF-(1,39,7)
          3          1          3 -1.61589048E-02                    1_GWF-(1,43,36)      -5.8266032                     1_GWF-(1,41,7)
          4          1          4 -9.60336692E-03                    1_GWF-(1,42,36)      -2.0060406                     1_GWF-(1,27,5)
          5          1          5 -3.65440008E-03                    1_GWF-(1,39,35)     -0.94253985                     1_GWF-(1,39,7)
          6          1          6  9.81740751E-04                     1_GWF-(1,43,7)     -0.17900828                     1_GWF-(1,29,4)
          7          1          7  5.63696025E-04                     1_GWF-(1,38,5)  7.93914572E-02                    1_GWF-(1,40,15)
          8          2          1  5.19899286E-05                    1_GWF-(1,42,10)  2.64434626E-02                     1_GWF-(1,4,45)
 --------------------------------------------------------------------------------------------------------------------------------------


 
    Solving:  Stress period:     4    Time step:     2
 

 SLN_1 OUTER ITERATION SUMMARY
 ----------------------------------------------------------------------------------------------------------------------------------------------------------------
                                OUTER      INNER  BACKTRACK  BACKTRACK        INCOMING        OUTGOING                    STEP   MAXIMUM CHANGE MODEL-(CELLID) OR
 OUTER ITERATION STEP       ITERATION  ITERATION       FLAG ITERATIONS        RESIDUAL        RESIDUAL  MAXIMUM CHANGE SUCCESS             MODEL-PACKAGE-(NUMBER)
 ----------------------------------------------------------------------------------------------------------------------------------------------------------------
 Backtracking                       1                     0          0       528.43837       528.43837                       *                                   
 Model                              1          7                                                           -0.15370786                             1_GWF-(1,47,5)
 Backtracking                       2                     0          0      0.56234694      0.56234694                       *                                   
 Model                              2          1                                                        1.17583362E-04       *                     1_GWF-(1,43,8)
 ----------------------------------------------------------------------------------------------------------------------------------------------------------------


 2 CALLS TO NUMERICAL SOLUTION IN TIME STEP 2 STRESS PERIOD 4
 8 TOTAL ITERATIONS

 SLN_1 INNER ITERATION SUMMARY
 --------------------------------------------------------------------------------------------------------------------------------------
      TOTAL      OUTER      INNER                                                            MAXIMUM                                   
  ITERATION  ITERATION  ITERATION  MAXIMUM CHANGE      MAXIMUM CHANGE MODEL-(CELLID)        RESIDUAL    MAXIMUM RESIDUAL MODEL-(CELLID)
 --------------------------------------------------------------------------------------------------------------------------------------
          1          1          1     -0.21952826                     1_GWF-(1,47,5)      -79.714189                    1_GWF-(1,23,54)
          2          1          2  4.72880750E-02                     1_GWF-(1,47,5)      -9.3888799                     1_GWF-(1,39,7)
          3          1          3  1.53745736E-02                     1_GWF-(1,47,5)      -2.3418702                    1_GWF-(1,36,20)
          4          1          4  2.92584813E-03                    1_GWF-(1,38,20)      -1.5304646                    1_GWF-(1,39,10)
          5          1          5 -2.86183963E-03                     1_GWF-(1,5,23)      0.39915645                    1_GWF-(1,17,52)
          6          1          6 -4.29654479E-04                    1_GWF-(1,17,52)     -0.12657925                    1_GWF-(1,38,10)
          7          1          7  1.92893890E-04                    1_GWF-(1,40,10) -3.93434735E-02                     1_GWF-(1,37,4)
          8          2          1  1.17583362E-04                     1_GWF-(1,43,8)  1.54223280E-02                     1_GWF-(1,3,38)
 --------------------------------------------------------------------------------------------------------------------------------------


 
    Solving:  Stress period:     4    Time step:     3
 

 SLN_1 OUTER ITERATION SUMMARY
 ----------------------------------------------------------------------------------------------------------------------------------------------------------------
                                OUTER      INNER  BACKTRACK  BACKTRACK        INCOMING        OUTGOING                    STEP   MAXIMUM CHANGE MODEL-(CELLID) OR
 OUTER ITERATION STEP       ITERATION  ITERATION       FLAG ITERATIONS        RESIDUAL        RESIDUAL  MAXIMUM CHANGE SUCCESS             MODEL-PACKAGE-(NUMBER)
 ----------------------------------------------------------------------------------------------------------------------------------------------------------------
 Backtracking                       1                     0          0       520.70149       520.70149                       *                                   
 Model                              1          7                                                           -0.14422268                             1_GWF-(1,43,3)
 Backtracking                       2                     0          0      0.86657759      0.86657759                       *                                   
 Model                              2          1                                                        1.39262973E-04       *                     1_GWF-(1,43,8)
 ----------------------------------------------------------------------------------------------------------------------------------------------------------------


 2 CALLS TO NUMERICAL SOLUTION IN TIME STEP 3 STRESS PERIOD 4
 8 TOTAL ITERATIONS

 SLN_1 INNER ITERATION SUMMARY
 --------------------------------------------------------------------------------------------------------------------------------------
      TOTAL      OUTER      INNER                                                            MAXIMUM                                   
  ITERATION  ITERATION  ITERATION  MAXIMUM CHANGE      MAXIMUM CHANGE MODEL-(CELLID)        RESIDUAL    MAXIMUM RESIDUAL MODEL-(CELLID)
 --------------------------------------------------------------------------------------------------------------------------------------
          1          1          1     -0.19651614                    1_GWF-(1,47,37)      -77.999877                    1_GWF-(1,23,54)
          2          1          2  4.83139595E-02                    1_GWF-(1,47,37)      -10.838696                    1_GWF-(1,41,36)
          3          1          3  1.86145229E-02                    1_GWF-(1,47,37)       2.9552410                     1_GWF-(1,3,28)
          4          1          4  2.63838542E-03                    1_GWF-(1,16,48)      -2.8057183                    1_GWF-(1,23,54)
          5          1          5 -2.14819465E-03                     1_GWF-(1,3,25)      0.68066614                     1_GWF-(1,5,22)
          6          1          6  2.36457010E-04                     1_GWF-(1,47,5)      0.37797567                     1_GWF-(1,5,22)
          7          1          7 -8.17232156E-04                     1_GWF-(1,5,22)  6.84451603E-02                     1_GWF-(1,5,22)
          8          2          1  1.39262973E-04                     1_GWF-(1,43,8)  1.84103441E-02                     1_GWF-(1,4,25)
 --------------------------------------------------------------------------------------------------------------------------------------


 
    Solving:  Stress period:     4    Time step:     4
 

 SLN_1 OUTER ITERATION SUMMARY
 ----------------------------------------------------------------------------------------------------------------------------------------------------------------
                                OUTER      INNER  BACKTRACK  BACKTRACK        INCOMING        OUTGOING                    STEP   MAXIMUM CHANGE MODEL-(CELLID) OR
 OUTER ITERATION STEP       ITERATION  ITERATION       FLAG ITERATIONS        RESIDUAL        RESIDUAL  MAXIMUM CHANGE SUCCESS             MODEL-PACKAGE-(NUMBER)
 ----------------------------------------------------------------------------------------------------------------------------------------------------------------
 Backtracking                       1                     0          0       514.68747       514.68747                       *                                   
 Model                              1          7                                                           -0.13957418                             1_GWF-(1,41,2)
 Backtracking                       2                     0          0      0.87551550      0.87551550                       *                                   
 Model                              2          1                                                       -1.26627664E-04       *                     1_GWF-(1,6,21)
 ----------------------------------------------------------------------------------------------------------------------------------------------------------------


 2 CALLS TO NUMERICAL SOLUTION IN TIME STEP 4 STRESS PERIOD 4
 8 TOTAL ITERATIONS

 SLN_1 INNER ITERATION SUMMARY
 --------------------------------------------------------------------------------------------------------------------------------------
      TOTAL      OUTER      INNER                                                            MAXIMUM                                   
  ITERATION  ITERATION  ITERATION  MAXIMUM CHANGE      MAXIMUM CHANGE MODEL-(CELLID)        RESIDUAL    MAXIMUM RESIDUAL MODEL-(CELLID)
 --------------------------------------------------------------------------------------------------------------------------------------
          1          1          1     -0.21519826                    1_GWF-(1,47,37)      -76.856809                    1_GWF-(1,23,54)
          2          1          2  5.85767416E-02                    1_GWF-(1,47,37)      -12.472272                    1_GWF-(1,41,36)
          3          1          3  2.21554034E-02                    1_GWF-(1,47,37)       2.7181105                     1_GWF-(1,3,28)
          4          1          4  2.66738003E-03                    1_GWF-(1,15,47)      -2.2181921                    1_GWF-(1,23,54)
          5          1          5 -2.00230282E-03                     1_GWF-(1,5,23)      0.58574660                     1_GWF-(1,5,22)
          6          1          6  2.39721785E-04                     1_GWF-(1,47,5)      0.34585824                     1_GWF-(1,5,22)
          7          1          7 -7.42960146E-04                     1_GWF-(1,6,21)  7.50843181E-02                     1_GWF-(1,5,22)
          8          2          1 -1.26627664E-04                     1_GWF-(1,6,21)  2.13063904E-02                     1_GWF-(1,5,22)
 --------------------------------------------------------------------------------------------------------------------------------------


 
    Solving:  Stress period:     4    Time step:     5
 

 SLN_1 OUTER ITERATION SUMMARY
 ----------------------------------------------------------------------------------------------------------------------------------------------------------------
                                OUTER      INNER  BACKTRACK  BACKTRACK        INCOMING        OUTGOING                    STEP   MAXIMUM CHANGE MODEL-(CELLID) OR
 OUTER ITERATION STEP       ITERATION  ITERATION       FLAG ITERATIONS        RESIDUAL        RESIDUAL  MAXIMUM CHANGE SUCCESS             MODEL-PACKAGE-(NUMBER)
 ----------------------------------------------------------------------------------------------------------------------------------------------------------------
 Backtracking                       1                     0          0       509.16686       509.16686                       *                                   
 Model                              1          7                                                           -0.13657225                             1_GWF-(1,39,1)
 Backtracking                       2                     0          0      0.80625963      0.80625963                       *                                   
 Model                              2          1                                                       -9.13797002E-05       *                     1_GWF-(1,6,21)
 ----------------------------------------------------------------------------------------------------------------------------------------------------------------


 2 CALLS TO NUMERICAL SOLUTION IN TIME STEP 5 STRESS PERIOD 4
 8 TOTAL ITERATIONS

 SLN_1 INNER ITERATION SUMMARY
 --------------------------------------------------------------------------------------------------------------------------------------
      TOTAL      OUTER      INNER                                                            MAXIMUM                                   
  ITERATION  ITERATION  ITERATION  MAXIMUM CHANGE      MAXIMUM CHANGE MODEL-(CELLID)        RESIDUAL    MAXIMUM RESIDUAL MODEL-(CELLID)
 --------------------------------------------------------------------------------------------------------------------------------------
          1          1          1     -0.22200842                    1_GWF-(1,47,37)      -76.037247                    1_GWF-(1,23,54)
          2          1          2  6.53037504E-02                    1_GWF-(1,47,37)      -11.994408                    1_GWF-(1,39,35)
          3          1          3      0.11391203                    1_GWF-(1,43,37)       61.474371                    1_GWF-(1,41,36)
          4          1          4 -9.33713168E-02                    1_GWF-(1,43,37)      -1.5475912                    1_GWF-(1,23,54)
          5          1          5 -1.78749848E-03                     1_GWF-(1,5,23)      0.57977437                     1_GWF-(1,5,22)
          6          1          6 -3.37998976E-04                     1_GWF-(1,6,21)      0.41820387                     1_GWF-(1,5,22)
          7          1          7 -7.43962875E-04                     1_GWF-(1,6,20)  7.05251678E-02                     1_GWF-(1,5,22)
          8          2          1 -9.13797002E-05                     1_GWF-(1,6,21)  2.82248507E-02                     1_GWF-(1,5,22)
 --------------------------------------------------------------------------------------------------------------------------------------


 
    Solving:  Stress period:     4    Time step:     6
 

 SLN_1 OUTER ITERATION SUMMARY
 ----------------------------------------------------------------------------------------------------------------------------------------------------------------
                                OUTER      INNER  BACKTRACK  BACKTRACK        INCOMING        OUTGOING                    STEP   MAXIMUM CHANGE MODEL-(CELLID) OR
 OUTER ITERATION STEP       ITERATION  ITERATION       FLAG ITERATIONS        RESIDUAL        RESIDUAL  MAXIMUM CHANGE SUCCESS             MODEL-PACKAGE-(NUMBER)
 ----------------------------------------------------------------------------------------------------------------------------------------------------------------
 Backtracking                       1                     0          0       503.82008       503.82008                       *                                   
 Model                              1          7                                                           -0.13437057                             1_GWF-(1,34,1)
 Backtracking                       2                     0          0      0.78182972      0.78182972                       *                                   
 Model                              2          1                                                       -1.03081934E-04       *                     1_GWF-(1,6,21)
 ----------------------------------------------------------------------------------------------------------------------------------------------------------------


 2 CALLS TO NUMERICAL SOLUTION IN TIME STEP 6 STRESS PERIOD 4
 8 TOTAL ITERATIONS

 SLN_1 INNER ITERATION SUMMARY
 --------------------------------------------------------------------------------------------------------------------------------------
      TOTAL      OUTER      INNER                                                            MAXIMUM                                   
  ITERATION  ITERATION  ITERATION  MAXIMUM CHANGE      MAXIMUM CHANGE MODEL-(CELLID)        RESIDUAL    MAXIMUM RESIDUAL MODEL-(CELLID)
 --------------------------------------------------------------------------------------------------------------------------------------
          1          1          1     -0.22363954                    1_GWF-(1,47,37)      -75.261859                    1_GWF-(1,23,54)
          2          1          2  6.74003069E-02                    1_GWF-(1,47,37)      -12.102681                    1_GWF-(1,39,35)
          3          1          3 -4.69952543E-02                    1_GWF-(1,43,37)      -42.585750                    1_GWF-(1,41,36)
          4          1          4  6.71700507E-02                    1_GWF-(1,43,36)      -1.6712241                    1_GWF-(1,23,54)
          5          1          5 -1.73723557E-03                     1_GWF-(1,5,23)      0.57287511                     1_GWF-(1,5,22)
          6          1          6 -3.61733864E-04                     1_GWF-(1,6,21)      0.35562415                     1_GWF-(1,5,22)
          7          1          7 -6.78887481E-04                     1_GWF-(1,6,20)  6.80611153E-02                     1_GWF-(1,5,22)
          8          2          1 -1.03081934E-04                     1_GWF-(1,6,21)  2.37794303E-02                     1_GWF-(1,5,22)
 --------------------------------------------------------------------------------------------------------------------------------------


 
    Solving:  Stress period:     4    Time step:     7
 

 SLN_1 OUTER ITERATION SUMMARY
 ----------------------------------------------------------------------------------------------------------------------------------------------------------------
                                OUTER      INNER  BACKTRACK  BACKTRACK        INCOMING        OUTGOING                    STEP   MAXIMUM CHANGE MODEL-(CELLID) OR
 OUTER ITERATION STEP       ITERATION  ITERATION       FLAG ITERATIONS        RESIDUAL        RESIDUAL  MAXIMUM CHANGE SUCCESS             MODEL-PACKAGE-(NUMBER)
 ----------------------------------------------------------------------------------------------------------------------------------------------------------------
 Backtracking                       1                     0          0       498.56097       498.56097                       *                                   
 Model                              1          7                                                           -0.13312770                            1_GWF-(1,47,36)
 Backtracking                       2                     0          0      0.86295229      0.86295229                       *                                   
 Model                              2          1                                                       -1.03622969E-04       *                     1_GWF-(1,6,20)
 ----------------------------------------------------------------------------------------------------------------------------------------------------------------


 2 CALLS TO NUMERICAL SOLUTION IN TIME STEP 7 STRESS PERIOD 4
 8 TOTAL ITERATIONS

 SLN_1 INNER ITERATION SUMMARY
 --------------------------------------------------------------------------------------------------------------------------------------
      TOTAL      OUTER      INNER                                                            MAXIMUM                                   
  ITERATION  ITERATION  ITERATION  MAXIMUM CHANGE      MAXIMUM CHANGE MODEL-(CELLID)        RESIDUAL    MAXIMUM RESIDUAL MODEL-(CELLID)
 --------------------------------------------------------------------------------------------------------------------------------------
          1          1          1     -0.22314409                    1_GWF-(1,47,37)      -74.625728                    1_GWF-(1,23,54)
          2          1          2  7.01229784E-02                    1_GWF-(1,47,37)      -11.771016                    1_GWF-(1,39,35)
          3          1          3  4.47287897E-03                    1_GWF-(1,38,38)      -9.2199582                    1_GWF-(1,41,37)
          4          1          4  1.53099160E-02                    1_GWF-(1,43,36)      -2.4706063                    1_GWF-(1,23,54)
          5          1          5 -1.71576211E-03                     1_GWF-(1,4,22)      0.61931390                     1_GWF-(1,5,22)
          6          1          6  1.66639970E-04                    1_GWF-(1,47,37)     -0.38524756                    1_GWF-(1,23,54)
          7          1          7 -7.91217127E-04                     1_GWF-(1,6,20)  7.12411098E-02                     1_GWF-(1,5,22)
          8          2          1 -1.03622969E-04                     1_GWF-(1,6,20)  3.07313141E-02                     1_GWF-(1,5,22)
 --------------------------------------------------------------------------------------------------------------------------------------


 
    Solving:  Stress period:     4    Time step:     8
 

 SLN_1 OUTER ITERATION SUMMARY
 ----------------------------------------------------------------------------------------------------------------------------------------------------------------
                                OUTER      INNER  BACKTRACK  BACKTRACK        INCOMING        OUTGOING                    STEP   MAXIMUM CHANGE MODEL-(CELLID) OR
 OUTER ITERATION STEP       ITERATION  ITERATION       FLAG ITERATIONS        RESIDUAL        RESIDUAL  MAXIMUM CHANGE SUCCESS             MODEL-PACKAGE-(NUMBER)
 ----------------------------------------------------------------------------------------------------------------------------------------------------------------
 Backtracking                       1                     0          0       493.36802       493.36802                       *                                   
 Model                              1          7                                                           -0.13199630                            1_GWF-(1,47,36)
 Backtracking                       2                     0          0      0.87047107      0.87047107                       *                                   
 Model                              2          1                                                       -8.99720244E-05       *                     1_GWF-(1,6,20)
 ----------------------------------------------------------------------------------------------------------------------------------------------------------------


 2 CALLS TO NUMERICAL SOLUTION IN TIME STEP 8 STRESS PERIOD 4
 8 TOTAL ITERATIONS

 SLN_1 INNER ITERATION SUMMARY
 --------------------------------------------------------------------------------------------------------------------------------------
      TOTAL      OUTER      INNER                                                            MAXIMUM                                   
  ITERATION  ITERATION  ITERATION  MAXIMUM CHANGE      MAXIMUM CHANGE MODEL-(CELLID)        RESIDUAL    MAXIMUM RESIDUAL MODEL-(CELLID)
 --------------------------------------------------------------------------------------------------------------------------------------
          1          1          1     -0.22162409                    1_GWF-(1,47,37)      -73.950357                    1_GWF-(1,23,54)
          2          1          2  7.06979395E-02                    1_GWF-(1,47,37)       12.457766                    1_GWF-(1,23,54)
          3          1          3  5.53149178E-03                    1_GWF-(1,38,38)      -8.3246805                    1_GWF-(1,42,37)
          4          1          4  1.33555695E-02                    1_GWF-(1,43,36)      -2.6149262                    1_GWF-(1,23,54)
          5          1          5 -1.74451075E-03                     1_GWF-(1,4,22)      0.65710054                     1_GWF-(1,5,22)
          6          1          6  1.25737023E-04                    1_GWF-(1,47,37)      0.39088554                     1_GWF-(1,5,22)
          7          1          7 -8.35028347E-04                     1_GWF-(1,6,20)  7.02461563E-02                     1_GWF-(1,5,22)
          8          2          1 -8.99720244E-05                     1_GWF-(1,6,20)  3.60850635E-02                     1_GWF-(1,5,22)
 --------------------------------------------------------------------------------------------------------------------------------------


 
    Solving:  Stress period:     4    Time step:     9
 

 SLN_1 OUTER ITERATION SUMMARY
 ----------------------------------------------------------------------------------------------------------------------------------------------------------------
                                OUTER      INNER  BACKTRACK  BACKTRACK        INCOMING        OUTGOING                    STEP   MAXIMUM CHANGE MODEL-(CELLID) OR
 OUTER ITERATION STEP       ITERATION  ITERATION       FLAG ITERATIONS        RESIDUAL        RESIDUAL  MAXIMUM CHANGE SUCCESS             MODEL-PACKAGE-(NUMBER)
 ----------------------------------------------------------------------------------------------------------------------------------------------------------------
 Backtracking                       1                     0          0       488.23303       488.23303                       *                                   
 Model                              1          7                                                           -0.13072945                            1_GWF-(1,47,36)
 Backtracking                       2                     0          0      0.86714085      0.86714085                       *                                   
 Model                              2          1                                                       -8.54995749E-05       *                     1_GWF-(1,6,20)
 ----------------------------------------------------------------------------------------------------------------------------------------------------------------


 2 CALLS TO NUMERICAL SOLUTION IN TIME STEP 9 STRESS PERIOD 4
 8 TOTAL ITERATIONS

 SLN_1 INNER ITERATION SUMMARY
 --------------------------------------------------------------------------------------------------------------------------------------
      TOTAL      OUTER      INNER                                                            MAXIMUM                                   
  ITERATION  ITERATION  ITERATION  MAXIMUM CHANGE      MAXIMUM CHANGE MODEL-(CELLID)        RESIDUAL    MAXIMUM RESIDUAL MODEL-(CELLID)
 --------------------------------------------------------------------------------------------------------------------------------------
          1          1          1     -0.21965282                    1_GWF-(1,47,37)      -73.250395                    1_GWF-(1,23,54)
          2          1          2  7.04022422E-02                    1_GWF-(1,47,37)       12.727181                    1_GWF-(1,23,54)
          3          1          3  5.69782739E-03                    1_GWF-(1,38,38)      -8.0743334                    1_GWF-(1,42,37)
          4          1          4  1.28130253E-02                    1_GWF-(1,43,36)      -2.6264983                    1_GWF-(1,23,54)
          5          1          5 -1.74348543E-03                     1_GWF-(1,4,22)      0.66454516                     1_GWF-(1,5,22)
          6          1          6  1.16128256E-04                     1_GWF-(1,47,5)      0.39709498                     1_GWF-(1,5,22)
          7          1          7 -8.43532579E-04                     1_GWF-(1,6,20)  6.93848111E-02                     1_GWF-(1,5,22)
          8          2          1 -8.54995749E-05                     1_GWF-(1,6,20)  3.72433341E-02                     1_GWF-(1,5,22)
 --------------------------------------------------------------------------------------------------------------------------------------


 
    Solving:  Stress period:     4    Time step:    10
 

 SLN_1 OUTER ITERATION SUMMARY
 ----------------------------------------------------------------------------------------------------------------------------------------------------------------
                                OUTER      INNER  BACKTRACK  BACKTRACK        INCOMING        OUTGOING                    STEP   MAXIMUM CHANGE MODEL-(CELLID) OR
 OUTER ITERATION STEP       ITERATION  ITERATION       FLAG ITERATIONS        RESIDUAL        RESIDUAL  MAXIMUM CHANGE SUCCESS             MODEL-PACKAGE-(NUMBER)
 ----------------------------------------------------------------------------------------------------------------------------------------------------------------
 Backtracking                       1                     0          0       483.15212       483.15212                       *                                   
 Model                              1          7                                                           -0.12941190                            1_GWF-(1,47,37)
 Backtracking                       2                     0          0      0.86075143      0.86075143                       *                                   
 Model                              2          1                                                       -8.32328207E-05       *                     1_GWF-(1,6,20)
 ----------------------------------------------------------------------------------------------------------------------------------------------------------------


 2 CALLS TO NUMERICAL SOLUTION IN TIME STEP 10 STRESS PERIOD 4
 8 TOTAL ITERATIONS

 SLN_1 INNER ITERATION SUMMARY
 --------------------------------------------------------------------------------------------------------------------------------------
      TOTAL      OUTER      INNER                                                            MAXIMUM                                   
  ITERATION  ITERATION  ITERATION  MAXIMUM CHANGE      MAXIMUM CHANGE MODEL-(CELLID)        RESIDUAL    MAXIMUM RESIDUAL MODEL-(CELLID)
 --------------------------------------------------------------------------------------------------------------------------------------
          1          1          1     -0.21750469                    1_GWF-(1,47,37)      -72.536250                    1_GWF-(1,23,54)
          2          1          2  6.98703578E-02                    1_GWF-(1,47,37)       12.786620                    1_GWF-(1,23,54)
          3          1          3  5.73671069E-03                    1_GWF-(1,38,38)      -7.9176009                    1_GWF-(1,42,37)
          4          1          4  1.24936331E-02                    1_GWF-(1,43,36)      -2.6160118                    1_GWF-(1,23,54)
          5          1          5 -1.73357992E-03                     1_GWF-(1,4,22)      0.66438800                     1_GWF-(1,5,22)
          6          1          6  1.11879895E-04                     1_GWF-(1,47,5)      0.39754530                     1_GWF-(1,5,22)
          7          1          7 -8.42528478E-04                     1_GWF-(1,6,20)  6.86083150E-02                     1_GWF-(1,5,22)
          8          2          1 -8.32328207E-05                     1_GWF-(1,6,20)  3.74571508E-02                     1_GWF-(1,5,22)
 --------------------------------------------------------------------------------------------------------------------------------------


 
    Solving:  Stress period:     4    Time step:    11
 

 SLN_1 OUTER ITERATION SUMMARY
 ----------------------------------------------------------------------------------------------------------------------------------------------------------------
                                OUTER      INNER  BACKTRACK  BACKTRACK        INCOMING        OUTGOING                    STEP   MAXIMUM CHANGE MODEL-(CELLID) OR
 OUTER ITERATION STEP       ITERATION  ITERATION       FLAG ITERATIONS        RESIDUAL        RESIDUAL  MAXIMUM CHANGE SUCCESS             MODEL-PACKAGE-(NUMBER)
 ----------------------------------------------------------------------------------------------------------------------------------------------------------------
 Backtracking                       1                     0          0       478.12400       478.12400                       *                                   
 Model                              1          7                                                           -0.12808120                            1_GWF-(1,47,37)
 Backtracking                       2                     0          0      0.85298777      0.85298777                       *                                   
 Model                              2          1                                                       -8.16921263E-05       *                     1_GWF-(1,6,20)
 ----------------------------------------------------------------------------------------------------------------------------------------------------------------


 2 CALLS TO NUMERICAL SOLUTION IN TIME STEP 11 STRESS PERIOD 4
 8 TOTAL ITERATIONS

 SLN_1 INNER ITERATION SUMMARY
 --------------------------------------------------------------------------------------------------------------------------------------
      TOTAL      OUTER      INNER                                                            MAXIMUM                                   
  ITERATION  ITERATION  ITERATION  MAXIMUM CHANGE      MAXIMUM CHANGE MODEL-(CELLID)        RESIDUAL    MAXIMUM RESIDUAL MODEL-(CELLID)
 --------------------------------------------------------------------------------------------------------------------------------------
          1          1          1     -0.21529546                    1_GWF-(1,47,37)      -71.814757                    1_GWF-(1,23,54)
          2          1          2  6.92387520E-02                    1_GWF-(1,47,37)       12.752269                    1_GWF-(1,23,54)
          3          1          3  5.72462615E-03                    1_GWF-(1,38,38)      -7.7986940                    1_GWF-(1,42,37)
          4          1          4  1.22688900E-02                    1_GWF-(1,43,36)      -2.5972030                    1_GWF-(1,23,54)
          5          1          5 -1.71981308E-03                     1_GWF-(1,4,22)      0.66082784                     1_GWF-(1,5,22)
          6          1          6  1.09121079E-04                     1_GWF-(1,47,5)      0.39571838                     1_GWF-(1,5,22)
          7          1          7 -8.37748638E-04                     1_GWF-(1,6,20)  6.78494409E-02                     1_GWF-(1,5,22)
          8          2          1 -8.16921263E-05                     1_GWF-(1,6,20)  3.73472182E-02                     1_GWF-(1,5,22)
 --------------------------------------------------------------------------------------------------------------------------------------


 
    Solving:  Stress period:     4    Time step:    12
 

 SLN_1 OUTER ITERATION SUMMARY
 ----------------------------------------------------------------------------------------------------------------------------------------------------------------
                                OUTER      INNER  BACKTRACK  BACKTRACK        INCOMING        OUTGOING                    STEP   MAXIMUM CHANGE MODEL-(CELLID) OR
 OUTER ITERATION STEP       ITERATION  ITERATION       FLAG ITERATIONS        RESIDUAL        RESIDUAL  MAXIMUM CHANGE SUCCESS             MODEL-PACKAGE-(NUMBER)
 ----------------------------------------------------------------------------------------------------------------------------------------------------------------
 Backtracking                       1                     0          0       473.14800       473.14800                       *                                   
 Model                              1          7                                                           -0.12675339                            1_GWF-(1,47,37)
 Backtracking                       2                     0          0      0.84457443      0.84457443                       *                                   
 Model                              2          1                                                       -8.04706294E-05       *                     1_GWF-(1,6,20)
 ----------------------------------------------------------------------------------------------------------------------------------------------------------------


 2 CALLS TO NUMERICAL SOLUTION IN TIME STEP 12 STRESS PERIOD 4
 8 TOTAL ITERATIONS

 SLN_1 INNER ITERATION SUMMARY
 --------------------------------------------------------------------------------------------------------------------------------------
      TOTAL      OUTER      INNER                                                            MAXIMUM                                   
  ITERATION  ITERATION  ITERATION  MAXIMUM CHANGE      MAXIMUM CHANGE MODEL-(CELLID)        RESIDUAL    MAXIMUM RESIDUAL MODEL-(CELLID)
 --------------------------------------------------------------------------------------------------------------------------------------
          1          1          1     -0.21307434                    1_GWF-(1,47,37)      -71.090085                    1_GWF-(1,23,54)
          2          1          2  6.85626400E-02                    1_GWF-(1,47,37)       12.669500                    1_GWF-(1,23,54)
          3          1          3  5.68856289E-03                    1_GWF-(1,38,38)      -7.6991147                    1_GWF-(1,42,37)
          4          1          4  1.20929038E-02                    1_GWF-(1,43,36)      -2.5745633                    1_GWF-(1,23,54)
          5          1          5 -1.70417375E-03                     1_GWF-(1,4,22)      0.65557492                     1_GWF-(1,5,22)
          6          1          6  1.07098801E-04                     1_GWF-(1,47,5)      0.39279715                     1_GWF-(1,5,22)
          7          1          7 -8.31138986E-04                     1_GWF-(1,6,20)  6.71007272E-02                     1_GWF-(1,5,22)
          8          2          1 -8.04706294E-05                     1_GWF-(1,6,20)  3.70957560E-02                     1_GWF-(1,5,22)
 --------------------------------------------------------------------------------------------------------------------------------------


 
    Solving:  Stress period:     4    Time step:    13
 

 SLN_1 OUTER ITERATION SUMMARY
 ----------------------------------------------------------------------------------------------------------------------------------------------------------------
                                OUTER      INNER  BACKTRACK  BACKTRACK        INCOMING        OUTGOING                    STEP   MAXIMUM CHANGE MODEL-(CELLID) OR
 OUTER ITERATION STEP       ITERATION  ITERATION       FLAG ITERATIONS        RESIDUAL        RESIDUAL  MAXIMUM CHANGE SUCCESS             MODEL-PACKAGE-(NUMBER)
 ----------------------------------------------------------------------------------------------------------------------------------------------------------------
 Backtracking                       1                     0          0       468.22356       468.22356                       *                                   
 Model                              1          7                                                           -0.12543516                            1_GWF-(1,47,37)
 Backtracking                       2                     0          0      0.83592754      0.83592754                       *                                   
 Model                              2          1                                                       -7.94145566E-05       *                     1_GWF-(1,6,20)
 ----------------------------------------------------------------------------------------------------------------------------------------------------------------


 2 CALLS TO NUMERICAL SOLUTION IN TIME STEP 13 STRESS PERIOD 4
 8 TOTAL ITERATIONS

 SLN_1 INNER ITERATION SUMMARY
 --------------------------------------------------------------------------------------------------------------------------------------
      TOTAL      OUTER      INNER                                                            MAXIMUM                                   
  ITERATION  ITERATION  ITERATION  MAXIMUM CHANGE      MAXIMUM CHANGE MODEL-(CELLID)        RESIDUAL    MAXIMUM RESIDUAL MODEL-(CELLID)
 --------------------------------------------------------------------------------------------------------------------------------------
          1          1          1     -0.21086231                    1_GWF-(1,47,37)      -70.365412                    1_GWF-(1,23,54)
          2          1          2  6.78696598E-02                    1_GWF-(1,47,37)       12.563197                    1_GWF-(1,23,54)
          3          1          3  5.64137641E-03                    1_GWF-(1,38,38)      -7.6094570                    1_GWF-(1,42,37)
          4          1          4  1.19417913E-02                    1_GWF-(1,43,36)      -2.5501633                    1_GWF-(1,23,54)
          5          1          5 -1.68766927E-03                     1_GWF-(1,4,22)      0.64954270                     1_GWF-(1,5,22)
          6          1          6  1.05469222E-04                     1_GWF-(1,47,5)      0.38935165                     1_GWF-(1,5,22)
          7          1          7 -8.23644015E-04                     1_GWF-(1,6,20)  6.63665480E-02                     1_GWF-(1,5,22)
          8          2          1 -7.94145566E-05                     1_GWF-(1,6,20)  3.67799887E-02                     1_GWF-(1,5,22)
 --------------------------------------------------------------------------------------------------------------------------------------


 
    Solving:  Stress period:     4    Time step:    14
 

 SLN_1 OUTER ITERATION SUMMARY
 ----------------------------------------------------------------------------------------------------------------------------------------------------------------
                                OUTER      INNER  BACKTRACK  BACKTRACK        INCOMING        OUTGOING                    STEP   MAXIMUM CHANGE MODEL-(CELLID) OR
 OUTER ITERATION STEP       ITERATION  ITERATION       FLAG ITERATIONS        RESIDUAL        RESIDUAL  MAXIMUM CHANGE SUCCESS             MODEL-PACKAGE-(NUMBER)
 ----------------------------------------------------------------------------------------------------------------------------------------------------------------
 Backtracking                       1                     0          0       463.35022       463.35022                       *                                   
 Model                              1          7                                                           -0.12412921                            1_GWF-(1,47,37)
 Backtracking                       2                     0          0      0.82724432      0.82724432                       *                                   
 Model                              2          1                                                       -7.84549021E-05       *                     1_GWF-(1,6,20)
 ----------------------------------------------------------------------------------------------------------------------------------------------------------------


 2 CALLS TO NUMERICAL SOLUTION IN TIME STEP 14 STRESS PERIOD 4
 8 TOTAL ITERATIONS

 SLN_1 INNER ITERATION SUMMARY
 --------------------------------------------------------------------------------------------------------------------------------------
      TOTAL      OUTER      INNER                                                            MAXIMUM                                   
  ITERATION  ITERATION  ITERATION  MAXIMUM CHANGE      MAXIMUM CHANGE MODEL-(CELLID)        RESIDUAL    MAXIMUM RESIDUAL MODEL-(CELLID)
 --------------------------------------------------------------------------------------------------------------------------------------
          1          1          1     -0.20866808                    1_GWF-(1,47,37)      -69.643098                    1_GWF-(1,23,54)
          2          1          2  6.71727900E-02                    1_GWF-(1,47,37)       12.445766                    1_GWF-(1,23,54)
          3          1          3  5.58899752E-03                    1_GWF-(1,38,38)      -7.5251959                    1_GWF-(1,42,37)
          4          1          4  1.18039445E-02                    1_GWF-(1,43,36)      -2.5249740                    1_GWF-(1,23,54)
          5          1          5 -1.67079490E-03                     1_GWF-(1,4,22)      0.64317187                     1_GWF-(1,5,22)
          6          1          6  1.04064173E-04                     1_GWF-(1,47,5)      0.38565491                     1_GWF-(1,5,22)
          7          1          7 -8.15723220E-04                     1_GWF-(1,6,20)  6.56484702E-02                     1_GWF-(1,5,22)
          8          2          1 -7.84549021E-05                     1_GWF-(1,6,20)  3.64345377E-02                     1_GWF-(1,5,22)
 --------------------------------------------------------------------------------------------------------------------------------------


 
    Solving:  Stress period:     4    Time step:    15
 

 SLN_1 OUTER ITERATION SUMMARY
 ----------------------------------------------------------------------------------------------------------------------------------------------------------------
                                OUTER      INNER  BACKTRACK  BACKTRACK        INCOMING        OUTGOING                    STEP   MAXIMUM CHANGE MODEL-(CELLID) OR
 OUTER ITERATION STEP       ITERATION  ITERATION       FLAG ITERATIONS        RESIDUAL        RESIDUAL  MAXIMUM CHANGE SUCCESS             MODEL-PACKAGE-(NUMBER)
 ----------------------------------------------------------------------------------------------------------------------------------------------------------------
 Backtracking                       1                     0          0       458.52747       458.52747                       *                                   
 Model                              1          7                                                           -0.12283648                            1_GWF-(1,47,37)
 Backtracking                       2                     0          0      0.81860972      0.81860972                       *                                   
 Model                              2          1                                                       -7.75558436E-05       *                     1_GWF-(1,6,20)
 ----------------------------------------------------------------------------------------------------------------------------------------------------------------


 2 CALLS TO NUMERICAL SOLUTION IN TIME STEP 15 STRESS PERIOD 4
 8 TOTAL ITERATIONS

 SLN_1 INNER ITERATION SUMMARY
 --------------------------------------------------------------------------------------------------------------------------------------
      TOTAL      OUTER      INNER                                                            MAXIMUM                                   
  ITERATION  ITERATION  ITERATION  MAXIMUM CHANGE      MAXIMUM CHANGE MODEL-(CELLID)        RESIDUAL    MAXIMUM RESIDUAL MODEL-(CELLID)
 --------------------------------------------------------------------------------------------------------------------------------------
          1          1          1     -0.20649504                    1_GWF-(1,47,37)      -68.924814                    1_GWF-(1,23,54)
          2          1          2  6.64780389E-02                    1_GWF-(1,47,37)       12.323350                    1_GWF-(1,23,54)
          3          1          3  5.53427114E-03                    1_GWF-(1,38,38)      -7.4441049                    1_GWF-(1,42,37)
          4          1          4  1.16736012E-02                    1_GWF-(1,43,36)      -2.4994794                    1_GWF-(1,23,54)
          5          1          5 -1.65380336E-03                     1_GWF-(1,4,22)      0.63667275                     1_GWF-(1,5,22)
          6          1          6  1.02793999E-04                     1_GWF-(1,47,5)      0.38184314                     1_GWF-(1,5,22)
          7          1          7 -8.07610045E-04                     1_GWF-(1,6,20)  6.49455096E-02                     1_GWF-(1,5,22)
          8          2          1 -7.75558436E-05                     1_GWF-(1,6,20)  3.60757821E-02                     1_GWF-(1,5,22)
 --------------------------------------------------------------------------------------------------------------------------------------


 
    Solving:  Stress period:     4    Time step:    16
 

 SLN_1 OUTER ITERATION SUMMARY
 ----------------------------------------------------------------------------------------------------------------------------------------------------------------
                                OUTER      INNER  BACKTRACK  BACKTRACK        INCOMING        OUTGOING                    STEP   MAXIMUM CHANGE MODEL-(CELLID) OR
 OUTER ITERATION STEP       ITERATION  ITERATION       FLAG ITERATIONS        RESIDUAL        RESIDUAL  MAXIMUM CHANGE SUCCESS             MODEL-PACKAGE-(NUMBER)
 ----------------------------------------------------------------------------------------------------------------------------------------------------------------
 Backtracking                       1                     0          0       453.75484       453.75484                       *                                   
 Model                              1          7                                                           -0.12155723                            1_GWF-(1,47,37)
 Backtracking                       2                     0          0      0.81005764      0.81005764                       *                                   
 Model                              2          1                                                       -7.66967676E-05       *                     1_GWF-(1,6,20)
 ----------------------------------------------------------------------------------------------------------------------------------------------------------------


 2 CALLS TO NUMERICAL SOLUTION IN TIME STEP 16 STRESS PERIOD 4
 8 TOTAL ITERATIONS

 SLN_1 INNER ITERATION SUMMARY
 --------------------------------------------------------------------------------------------------------------------------------------
      TOTAL      OUTER      INNER                                                            MAXIMUM                                   
  ITERATION  ITERATION  ITERATION  MAXIMUM CHANGE      MAXIMUM CHANGE MODEL-(CELLID)        RESIDUAL    MAXIMUM RESIDUAL MODEL-(CELLID)
 --------------------------------------------------------------------------------------------------------------------------------------
          1          1          1     -0.20434434                    1_GWF-(1,47,37)      -68.211692                    1_GWF-(1,23,54)
          2          1          2  6.57881510E-02                    1_GWF-(1,47,37)       12.199001                    1_GWF-(1,23,54)
          3          1          3  5.47860066E-03                    1_GWF-(1,38,38)      -7.3650649                    1_GWF-(1,42,37)
          4          1          4  1.15478425E-02                    1_GWF-(1,43,36)      -2.4739317                    1_GWF-(1,23,54)
          5          1          5 -1.63682438E-03                     1_GWF-(1,4,22)      0.63014668                     1_GWF-(1,5,22)
          6          1          6  1.01608542E-04                     1_GWF-(1,47,5)      0.37798712                     1_GWF-(1,5,22)
          7          1          7 -7.99427966E-04                     1_GWF-(1,6,20)  6.42559445E-02                     1_GWF-(1,5,22)
          8          2          1 -7.66967676E-05                     1_GWF-(1,6,20)  3.57119144E-02                     1_GWF-(1,5,22)
 --------------------------------------------------------------------------------------------------------------------------------------


 
    Solving:  Stress period:     4    Time step:    17
 

 SLN_1 OUTER ITERATION SUMMARY
 ----------------------------------------------------------------------------------------------------------------------------------------------------------------
                                OUTER      INNER  BACKTRACK  BACKTRACK        INCOMING        OUTGOING                    STEP   MAXIMUM CHANGE MODEL-(CELLID) OR
 OUTER ITERATION STEP       ITERATION  ITERATION       FLAG ITERATIONS        RESIDUAL        RESIDUAL  MAXIMUM CHANGE SUCCESS             MODEL-PACKAGE-(NUMBER)
 ----------------------------------------------------------------------------------------------------------------------------------------------------------------
 Backtracking                       1                     0          0       449.03183       449.03183                       *                                   
 Model                              1          7                                                           -0.12029144                            1_GWF-(1,47,37)
 Backtracking                       2                     0          0      0.80159802      0.80159802                       *                                   
 Model                              2          1                                                       -7.58657767E-05       *                     1_GWF-(1,6,20)
 ----------------------------------------------------------------------------------------------------------------------------------------------------------------


 2 CALLS TO NUMERICAL SOLUTION IN TIME STEP 17 STRESS PERIOD 4
 8 TOTAL ITERATIONS

 SLN_1 INNER ITERATION SUMMARY
 --------------------------------------------------------------------------------------------------------------------------------------
      TOTAL      OUTER      INNER                                                            MAXIMUM                                   
  ITERATION  ITERATION  ITERATION  MAXIMUM CHANGE      MAXIMUM CHANGE MODEL-(CELLID)        RESIDUAL    MAXIMUM RESIDUAL MODEL-(CELLID)
 --------------------------------------------------------------------------------------------------------------------------------------
          1          1          1     -0.20221620                    1_GWF-(1,47,37)      -67.504474                    1_GWF-(1,23,54)
          2          1          2  6.51043372E-02                    1_GWF-(1,47,37)       12.074231                    1_GWF-(1,23,54)
          3          1          3  5.42268523E-03                    1_GWF-(1,38,38)      -7.2875078                    1_GWF-(1,42,37)
          4          1          4  1.14251760E-02                    1_GWF-(1,43,36)      -2.4484645                    1_GWF-(1,23,54)
          5          1          5 -1.61992847E-03                     1_GWF-(1,4,22)      0.62364047                     1_GWF-(1,5,22)
          6          1          6  1.00478918E-04                     1_GWF-(1,47,5)      0.37412317                     1_GWF-(1,5,22)
          7          1          7 -7.91241857E-04                     1_GWF-(1,6,20)  6.35779366E-02                     1_GWF-(1,5,22)
          8          2          1 -7.58657767E-05                     1_GWF-(1,6,20)  3.53469229E-02                     1_GWF-(1,5,22)
 --------------------------------------------------------------------------------------------------------------------------------------


 
    Solving:  Stress period:     4    Time step:    18
 

 SLN_1 OUTER ITERATION SUMMARY
 ----------------------------------------------------------------------------------------------------------------------------------------------------------------
                                OUTER      INNER  BACKTRACK  BACKTRACK        INCOMING        OUTGOING                    STEP   MAXIMUM CHANGE MODEL-(CELLID) OR
 OUTER ITERATION STEP       ITERATION  ITERATION       FLAG ITERATIONS        RESIDUAL        RESIDUAL  MAXIMUM CHANGE SUCCESS             MODEL-PACKAGE-(NUMBER)
 ----------------------------------------------------------------------------------------------------------------------------------------------------------------
 Backtracking                       1                     0          0       444.35794       444.35794                       *                                   
 Model                              1          7                                                           -0.11903895                            1_GWF-(1,47,37)
 Backtracking                       2                     0          0      0.79323288      0.79323288                       *                                   
 Model                              2          1                                                       -7.50553695E-05       *                     1_GWF-(1,6,20)
 ----------------------------------------------------------------------------------------------------------------------------------------------------------------


 2 CALLS TO NUMERICAL SOLUTION IN TIME STEP 18 STRESS PERIOD 4
 8 TOTAL ITERATIONS

 SLN_1 INNER ITERATION SUMMARY
 --------------------------------------------------------------------------------------------------------------------------------------
      TOTAL      OUTER      INNER                                                            MAXIMUM                                   
  ITERATION  ITERATION  ITERATION  MAXIMUM CHANGE      MAXIMUM CHANGE MODEL-(CELLID)        RESIDUAL    MAXIMUM RESIDUAL MODEL-(CELLID)
 --------------------------------------------------------------------------------------------------------------------------------------
          1          1          1     -0.20011048                    1_GWF-(1,47,37)      -66.803628                    1_GWF-(1,23,54)
          2          1          2  6.44271322E-02                    1_GWF-(1,47,37)       11.949833                    1_GWF-(1,23,54)
          3          1          3  5.36689704E-03                    1_GWF-(1,38,38)      -7.2111231                    1_GWF-(1,42,37)
          4          1          4  1.13047822E-02                    1_GWF-(1,43,36)      -2.4231534                    1_GWF-(1,23,54)
          5          1          5 -1.60315378E-03                     1_GWF-(1,4,22)      0.61717777                     1_GWF-(1,5,22)
          6          1          6  9.93877275E-05                     1_GWF-(1,47,5)      0.37027174                     1_GWF-(1,5,22)
          7          1          7 -7.83088726E-04                     1_GWF-(1,6,20)  6.29100620E-02                     1_GWF-(1,5,22)
          8          2          1 -7.50553695E-05                     1_GWF-(1,6,20)  3.49829959E-02                     1_GWF-(1,5,22)
 --------------------------------------------------------------------------------------------------------------------------------------


 
    Solving:  Stress period:     4    Time step:    19
 

 SLN_1 OUTER ITERATION SUMMARY
 ----------------------------------------------------------------------------------------------------------------------------------------------------------------
                                OUTER      INNER  BACKTRACK  BACKTRACK        INCOMING        OUTGOING                    STEP   MAXIMUM CHANGE MODEL-(CELLID) OR
 OUTER ITERATION STEP       ITERATION  ITERATION       FLAG ITERATIONS        RESIDUAL        RESIDUAL  MAXIMUM CHANGE SUCCESS             MODEL-PACKAGE-(NUMBER)
 ----------------------------------------------------------------------------------------------------------------------------------------------------------------
 Backtracking                       1                     0          0       439.73268       439.73268                       *                                   
 Model                              1          7                                                           -0.11779962                            1_GWF-(1,47,37)
 Backtracking                       2                     0          0      0.78496117      0.78496117                       *                                   
 Model                              2          1                                                       -7.42609122E-05       *                     1_GWF-(1,6,20)
 ----------------------------------------------------------------------------------------------------------------------------------------------------------------


 2 CALLS TO NUMERICAL SOLUTION IN TIME STEP 19 STRESS PERIOD 4
 8 TOTAL ITERATIONS

 SLN_1 INNER ITERATION SUMMARY
 --------------------------------------------------------------------------------------------------------------------------------------
      TOTAL      OUTER      INNER                                                            MAXIMUM                                   
  ITERATION  ITERATION  ITERATION  MAXIMUM CHANGE      MAXIMUM CHANGE MODEL-(CELLID)        RESIDUAL    MAXIMUM RESIDUAL MODEL-(CELLID)
 --------------------------------------------------------------------------------------------------------------------------------------
          1          1          1     -0.19802693                    1_GWF-(1,47,37)      -66.109435                    1_GWF-(1,23,54)
          2          1          2  6.37567368E-02                    1_GWF-(1,47,37)       11.826209                    1_GWF-(1,23,54)
          3          1          3  5.31142854E-03                    1_GWF-(1,38,38)      -7.1357434                    1_GWF-(1,42,37)
          4          1          4  1.11862198E-02                    1_GWF-(1,43,36)      -2.3980397                    1_GWF-(1,23,54)
          5          1          5 -1.58652006E-03                     1_GWF-(1,4,22)      0.61076991                     1_GWF-(1,5,22)
          6          1          6  9.83245906E-05                     1_GWF-(1,47,5)      0.36644407                     1_GWF-(1,5,22)
          7          1          7 -7.74989143E-04                     1_GWF-(1,6,20)  6.22512547E-02                     1_GWF-(1,5,22)
          8          2          1 -7.42609122E-05                     1_GWF-(1,6,20)  3.46212997E-02                     1_GWF-(1,5,22)
 --------------------------------------------------------------------------------------------------------------------------------------


 
    Solving:  Stress period:     4    Time step:    20
 

 SLN_1 OUTER ITERATION SUMMARY
 ----------------------------------------------------------------------------------------------------------------------------------------------------------------
                                OUTER      INNER  BACKTRACK  BACKTRACK        INCOMING        OUTGOING                    STEP   MAXIMUM CHANGE MODEL-(CELLID) OR
 OUTER ITERATION STEP       ITERATION  ITERATION       FLAG ITERATIONS        RESIDUAL        RESIDUAL  MAXIMUM CHANGE SUCCESS             MODEL-PACKAGE-(NUMBER)
 ----------------------------------------------------------------------------------------------------------------------------------------------------------------
 Backtracking                       1                     0          0       435.15555       435.15555                       *                                   
 Model                              1          7                                                           -0.11657327                            1_GWF-(1,47,37)
 Backtracking                       2                     0          0      0.77678008      0.77678008                       *                                   
 Model                              2          1                                                       -7.34795114E-05       *                     1_GWF-(1,6,20)
 ----------------------------------------------------------------------------------------------------------------------------------------------------------------


 2 CALLS TO NUMERICAL SOLUTION IN TIME STEP 20 STRESS PERIOD 4
 8 TOTAL ITERATIONS

 SLN_1 INNER ITERATION SUMMARY
 --------------------------------------------------------------------------------------------------------------------------------------
      TOTAL      OUTER      INNER                                                            MAXIMUM                                   
  ITERATION  ITERATION  ITERATION  MAXIMUM CHANGE      MAXIMUM CHANGE MODEL-(CELLID)        RESIDUAL    MAXIMUM RESIDUAL MODEL-(CELLID)
 --------------------------------------------------------------------------------------------------------------------------------------
          1          1          1     -0.19596525                    1_GWF-(1,47,37)      -65.422053                    1_GWF-(1,23,54)
          2          1          2  6.30932024E-02                    1_GWF-(1,47,37)       11.703566                    1_GWF-(1,23,54)
          3          1          3  5.25638182E-03                    1_GWF-(1,38,38)      -7.0612739                    1_GWF-(1,42,37)
          4          1          4  1.10692392E-02                    1_GWF-(1,43,36)      -2.3731465                    1_GWF-(1,23,54)
          5          1          5 -1.57003940E-03                     1_GWF-(1,4,22)      0.60442161                     1_GWF-(1,5,22)
          6          1          6  9.72830020E-05                     1_GWF-(1,47,5)      0.36264615                     1_GWF-(1,5,22)
          7          1          7 -7.66954430E-04                     1_GWF-(1,6,20)  6.16006754E-02                     1_GWF-(1,5,22)
          8          2          1 -7.34795114E-05                     1_GWF-(1,6,20)  3.42624185E-02                     1_GWF-(1,5,22)
 --------------------------------------------------------------------------------------------------------------------------------------


 
    Solving:  Stress period:     4    Time step:    21
 

 SLN_1 OUTER ITERATION SUMMARY
 ----------------------------------------------------------------------------------------------------------------------------------------------------------------
                                OUTER      INNER  BACKTRACK  BACKTRACK        INCOMING        OUTGOING                    STEP   MAXIMUM CHANGE MODEL-(CELLID) OR
 OUTER ITERATION STEP       ITERATION  ITERATION       FLAG ITERATIONS        RESIDUAL        RESIDUAL  MAXIMUM CHANGE SUCCESS             MODEL-PACKAGE-(NUMBER)
 ----------------------------------------------------------------------------------------------------------------------------------------------------------------
 Backtracking                       1                     0          0       430.62605       430.62605                       *                                   
 Model                              1          7                                                           -0.11535975                            1_GWF-(1,47,37)
 Backtracking                       2                     0          0      0.76868768      0.76868768                       *                                   
 Model                              2          1                                                       -7.27092870E-05       *                     1_GWF-(1,6,20)
 ----------------------------------------------------------------------------------------------------------------------------------------------------------------


 2 CALLS TO NUMERICAL SOLUTION IN TIME STEP 21 STRESS PERIOD 4
 8 TOTAL ITERATIONS

 SLN_1 INNER ITERATION SUMMARY
 --------------------------------------------------------------------------------------------------------------------------------------
      TOTAL      OUTER      INNER                                                            MAXIMUM                                   
  ITERATION  ITERATION  ITERATION  MAXIMUM CHANGE      MAXIMUM CHANGE MODEL-(CELLID)        RESIDUAL    MAXIMUM RESIDUAL MODEL-(CELLID)
 --------------------------------------------------------------------------------------------------------------------------------------
          1          1          1     -0.19392518                    1_GWF-(1,47,37)      -64.741558                    1_GWF-(1,23,54)
          2          1          2  6.24365213E-02                    1_GWF-(1,47,37)       11.582024                    1_GWF-(1,23,54)
          3          1          3  5.20181700E-03                    1_GWF-(1,38,38)      -6.9876531                    1_GWF-(1,42,37)
          4          1          4  1.09536814E-02                    1_GWF-(1,43,36)      -2.3484874                    1_GWF-(1,23,54)
          5          1          5 -1.55371775E-03                     1_GWF-(1,4,22)      0.59813571                     1_GWF-(1,5,22)
          6          1          6  9.62588538E-05                     1_GWF-(1,47,5)      0.35888170                     1_GWF-(1,5,22)
          7          1          7 -7.58991522E-04                     1_GWF-(1,6,20)  6.09577998E-02                     1_GWF-(1,5,22)
          8          2          1 -7.27092870E-05                     1_GWF-(1,6,20)  3.39067150E-02                     1_GWF-(1,5,22)
 --------------------------------------------------------------------------------------------------------------------------------------


 
    Solving:  Stress period:     4    Time step:    22
 

 SLN_1 OUTER ITERATION SUMMARY
 ----------------------------------------------------------------------------------------------------------------------------------------------------------------
                                OUTER      INNER  BACKTRACK  BACKTRACK        INCOMING        OUTGOING                    STEP   MAXIMUM CHANGE MODEL-(CELLID) OR
 OUTER ITERATION STEP       ITERATION  ITERATION       FLAG ITERATIONS        RESIDUAL        RESIDUAL  MAXIMUM CHANGE SUCCESS             MODEL-PACKAGE-(NUMBER)
 ----------------------------------------------------------------------------------------------------------------------------------------------------------------
 Backtracking                       1                     0          0       426.14369       426.14369                       *                                   
 Model                              1          7                                                           -0.11415890                            1_GWF-(1,47,37)
 Backtracking                       2                     0          0      0.76068166      0.76068166                       *                                   
 Model                              2          1                                                       -7.19490477E-05       *                     1_GWF-(1,6,20)
 ----------------------------------------------------------------------------------------------------------------------------------------------------------------


 2 CALLS TO NUMERICAL SOLUTION IN TIME STEP 22 STRESS PERIOD 4
 8 TOTAL ITERATIONS

 SLN_1 INNER ITERATION SUMMARY
 --------------------------------------------------------------------------------------------------------------------------------------
      TOTAL      OUTER      INNER                                                            MAXIMUM                                   
  ITERATION  ITERATION  ITERATION  MAXIMUM CHANGE      MAXIMUM CHANGE MODEL-(CELLID)        RESIDUAL    MAXIMUM RESIDUAL MODEL-(CELLID)
 --------------------------------------------------------------------------------------------------------------------------------------
          1          1          1     -0.19190643                    1_GWF-(1,47,37)      -64.067974                    1_GWF-(1,23,54)
          2          1          2  6.17866482E-02                    1_GWF-(1,47,37)       11.461640                    1_GWF-(1,23,54)
          3          1          3  5.14776374E-03                    1_GWF-(1,38,38)      -6.9148442                    1_GWF-(1,42,37)
          4          1          4  1.08394539E-02                    1_GWF-(1,43,36)      -2.3240692                    1_GWF-(1,23,54)
          5          1          5 -1.53755866E-03                     1_GWF-(1,4,22)      0.59191282                     1_GWF-(1,5,22)
          6          1          6  9.52495316E-05                     1_GWF-(1,47,5)      0.35515253                     1_GWF-(1,5,22)
          7          1          7 -7.51103904E-04                     1_GWF-(1,6,20)  6.03221827E-02                     1_GWF-(1,5,22)
          8          2          1 -7.19490477E-05                     1_GWF-(1,6,20)  3.35543471E-02                     1_GWF-(1,5,22)
 --------------------------------------------------------------------------------------------------------------------------------------


 
    Solving:  Stress period:     4    Time step:    23
 

 SLN_1 OUTER ITERATION SUMMARY
 ----------------------------------------------------------------------------------------------------------------------------------------------------------------
                                OUTER      INNER  BACKTRACK  BACKTRACK        INCOMING        OUTGOING                    STEP   MAXIMUM CHANGE MODEL-(CELLID) OR
 OUTER ITERATION STEP       ITERATION  ITERATION       FLAG ITERATIONS        RESIDUAL        RESIDUAL  MAXIMUM CHANGE SUCCESS             MODEL-PACKAGE-(NUMBER)
 ----------------------------------------------------------------------------------------------------------------------------------------------------------------
 Backtracking                       1                     0          0       421.70798       421.70798                       *                                   
 Model                              1          7                                                           -0.11297057                            1_GWF-(1,47,37)
 Backtracking                       2                     0          0      0.75276075      0.75276075                       *                                   
 Model                              2          1                                                       -7.11979147E-05       *                     1_GWF-(1,6,20)
 ----------------------------------------------------------------------------------------------------------------------------------------------------------------


 2 CALLS TO NUMERICAL SOLUTION IN TIME STEP 23 STRESS PERIOD 4
 8 TOTAL ITERATIONS

 SLN_1 INNER ITERATION SUMMARY
 --------------------------------------------------------------------------------------------------------------------------------------
      TOTAL      OUTER      INNER                                                            MAXIMUM                                   
  ITERATION  ITERATION  ITERATION  MAXIMUM CHANGE      MAXIMUM CHANGE MODEL-(CELLID)        RESIDUAL    MAXIMUM RESIDUAL MODEL-(CELLID)
 --------------------------------------------------------------------------------------------------------------------------------------
          1          1          1     -0.18990876                    1_GWF-(1,47,37)      -63.401290                    1_GWF-(1,23,54)
          2          1          2  6.11435290E-02                    1_GWF-(1,47,37)       11.342446                    1_GWF-(1,23,54)
          3          1          3  5.09424016E-03                    1_GWF-(1,38,38)      -6.8428197                    1_GWF-(1,42,37)
          4          1          4  1.07264905E-02                    1_GWF-(1,43,36)      -2.2998955                    1_GWF-(1,23,54)
          5          1          5 -1.52156272E-03                     1_GWF-(1,4,22)      0.58575371                     1_GWF-(1,5,22)
          6          1          6  9.42533594E-05                     1_GWF-(1,47,5)      0.35145993                     1_GWF-(1,5,22)
          7          1          7 -7.43293940E-04                     1_GWF-(1,6,20)  5.96935904E-02                     1_GWF-(1,5,22)
          8          2          1 -7.11979147E-05                     1_GWF-(1,6,20)  3.32054542E-02                     1_GWF-(1,5,22)
 --------------------------------------------------------------------------------------------------------------------------------------


 
    Solving:  Stress period:     4    Time step:    24
 

 SLN_1 OUTER ITERATION SUMMARY
 ----------------------------------------------------------------------------------------------------------------------------------------------------------------
                                OUTER      INNER  BACKTRACK  BACKTRACK        INCOMING        OUTGOING                    STEP   MAXIMUM CHANGE MODEL-(CELLID) OR
 OUTER ITERATION STEP       ITERATION  ITERATION       FLAG ITERATIONS        RESIDUAL        RESIDUAL  MAXIMUM CHANGE SUCCESS             MODEL-PACKAGE-(NUMBER)
 ----------------------------------------------------------------------------------------------------------------------------------------------------------------
 Backtracking                       1                     0          0       417.31844       417.31844                       *                                   
 Model                              1          7                                                           -0.11179463                            1_GWF-(1,47,37)
 Backtracking                       2                     0          0      0.74492323      0.74492323                       *                                   
 Model                              2          1                                                       -7.04554316E-05       *                     1_GWF-(1,6,20)
 ----------------------------------------------------------------------------------------------------------------------------------------------------------------


 2 CALLS TO NUMERICAL SOLUTION IN TIME STEP 24 STRESS PERIOD 4
 8 TOTAL ITERATIONS

 SLN_1 INNER ITERATION SUMMARY
 --------------------------------------------------------------------------------------------------------------------------------------
      TOTAL      OUTER      INNER                                                            MAXIMUM                                   
  ITERATION  ITERATION  ITERATION  MAXIMUM CHANGE      MAXIMUM CHANGE MODEL-(CELLID)        RESIDUAL    MAXIMUM RESIDUAL MODEL-(CELLID)
 --------------------------------------------------------------------------------------------------------------------------------------
          1          1          1     -0.18793192                    1_GWF-(1,47,37)      -62.741476                    1_GWF-(1,23,54)
          2          1          2  6.05070950E-02                    1_GWF-(1,47,37)       11.224450                    1_GWF-(1,23,54)
          3          1          3  5.04125082E-03                    1_GWF-(1,38,38)      -6.7715635                    1_GWF-(1,42,37)
          4          1          4  1.06147551E-02                    1_GWF-(1,43,36)      -2.2759669                    1_GWF-(1,23,54)
          5          1          5 -1.50573030E-03                     1_GWF-(1,4,22)      0.57965773                     1_GWF-(1,5,22)
          6          1          6  9.32692843E-05                     1_GWF-(1,47,5)      0.34780414                     1_GWF-(1,5,22)
          7          1          7 -7.35562094E-04                     1_GWF-(1,6,20)  5.90717837E-02                     1_GWF-(1,5,22)
          8          2          1 -7.04554316E-05                     1_GWF-(1,6,20)  3.28600429E-02                     1_GWF-(1,5,22)
 --------------------------------------------------------------------------------------------------------------------------------------


 
    Solving:  Stress period:     4    Time step:    25
 

 SLN_1 OUTER ITERATION SUMMARY
 ----------------------------------------------------------------------------------------------------------------------------------------------------------------
                                OUTER      INNER  BACKTRACK  BACKTRACK        INCOMING        OUTGOING                    STEP   MAXIMUM CHANGE MODEL-(CELLID) OR
 OUTER ITERATION STEP       ITERATION  ITERATION       FLAG ITERATIONS        RESIDUAL        RESIDUAL  MAXIMUM CHANGE SUCCESS             MODEL-PACKAGE-(NUMBER)
 ----------------------------------------------------------------------------------------------------------------------------------------------------------------
 Backtracking                       1                     0          0       412.97459       412.97459                       *                                   
 Model                              1          7                                                           -0.11063094                            1_GWF-(1,47,37)
 Backtracking                       2                     0          0      0.73716812      0.73716812                       *                                   
 Model                              2          1                                                       -6.97211511E-05       *                     1_GWF-(1,6,20)
 ----------------------------------------------------------------------------------------------------------------------------------------------------------------


 2 CALLS TO NUMERICAL SOLUTION IN TIME STEP 25 STRESS PERIOD 4
 8 TOTAL ITERATIONS

 SLN_1 INNER ITERATION SUMMARY
 --------------------------------------------------------------------------------------------------------------------------------------
      TOTAL      OUTER      INNER                                                            MAXIMUM                                   
  ITERATION  ITERATION  ITERATION  MAXIMUM CHANGE      MAXIMUM CHANGE MODEL-(CELLID)        RESIDUAL    MAXIMUM RESIDUAL MODEL-(CELLID)
 --------------------------------------------------------------------------------------------------------------------------------------
          1          1          1     -0.18597570                    1_GWF-(1,47,37)      -62.088483                    1_GWF-(1,23,54)
          2          1          2  5.98772840E-02                    1_GWF-(1,47,37)       11.107660                    1_GWF-(1,23,54)
          3          1          3  4.98880075E-03                    1_GWF-(1,38,38)      -6.7010589                    1_GWF-(1,42,37)
          4          1          4  1.05042111E-02                    1_GWF-(1,43,36)      -2.2522836                    1_GWF-(1,23,54)
          5          1          5 -1.49006063E-03                     1_GWF-(1,4,22)      0.57362494                     1_GWF-(1,5,22)
          6          1          6  9.22965066E-05                     1_GWF-(1,47,5)      0.34418558                     1_GWF-(1,5,22)
          7          1          7 -7.27909043E-04                     1_GWF-(1,6,20)  5.84566226E-02                     1_GWF-(1,5,22)
          8          2          1 -6.97211511E-05                     1_GWF-(1,6,20)  3.25181578E-02                     1_GWF-(1,5,22)
 --------------------------------------------------------------------------------------------------------------------------------------


 
    Solving:  Stress period:     4    Time step:    26
 

 SLN_1 OUTER ITERATION SUMMARY
 ----------------------------------------------------------------------------------------------------------------------------------------------------------------
                                OUTER      INNER  BACKTRACK  BACKTRACK        INCOMING        OUTGOING                    STEP   MAXIMUM CHANGE MODEL-(CELLID) OR
 OUTER ITERATION STEP       ITERATION  ITERATION       FLAG ITERATIONS        RESIDUAL        RESIDUAL  MAXIMUM CHANGE SUCCESS             MODEL-PACKAGE-(NUMBER)
 ----------------------------------------------------------------------------------------------------------------------------------------------------------------
 Backtracking                       1                     0          0       408.67595       408.67595                       *                                   
 Model                              1          7                                                           -0.10947938                            1_GWF-(1,47,37)
 Backtracking                       2                     0          0      0.72949412      0.72949412                       *                                   
 Model                              2          1                                                       -6.89948524E-05       *                     1_GWF-(1,6,20)
 ----------------------------------------------------------------------------------------------------------------------------------------------------------------


 2 CALLS TO NUMERICAL SOLUTION IN TIME STEP 26 STRESS PERIOD 4
 8 TOTAL ITERATIONS

 SLN_1 INNER ITERATION SUMMARY
 --------------------------------------------------------------------------------------------------------------------------------------
      TOTAL      OUTER      INNER                                                            MAXIMUM                                   
  ITERATION  ITERATION  ITERATION  MAXIMUM CHANGE      MAXIMUM CHANGE MODEL-(CELLID)        RESIDUAL    MAXIMUM RESIDUAL MODEL-(CELLID)
 --------------------------------------------------------------------------------------------------------------------------------------
          1          1          1     -0.18403985                    1_GWF-(1,47,37)      -61.442258                    1_GWF-(1,23,54)
          2          1          2  5.92540252E-02                    1_GWF-(1,47,37)       10.992068                    1_GWF-(1,23,54)
          3          1          3  4.93688704E-03                    1_GWF-(1,38,38)      -6.6312960                    1_GWF-(1,42,37)
          4          1          4  1.03948395E-02                    1_GWF-(1,43,36)      -2.2288441                    1_GWF-(1,23,54)
          5          1          5 -1.47455280E-03                     1_GWF-(1,4,22)      0.56765457                     1_GWF-(1,5,22)
          6          1          6  9.13345709E-05                     1_GWF-(1,47,5)      0.34060400                     1_GWF-(1,5,22)
          7          1          7 -7.20334345E-04                     1_GWF-(1,6,20)  5.78479707E-02                     1_GWF-(1,5,22)
          8          2          1 -6.89948524E-05                     1_GWF-(1,6,20)  3.21797679E-02                     1_GWF-(1,5,22)
 --------------------------------------------------------------------------------------------------------------------------------------


 
    Solving:  Stress period:     4    Time step:    27
 

 SLN_1 OUTER ITERATION SUMMARY
 ----------------------------------------------------------------------------------------------------------------------------------------------------------------
                                OUTER      INNER  BACKTRACK  BACKTRACK        INCOMING        OUTGOING                    STEP   MAXIMUM CHANGE MODEL-(CELLID) OR
 OUTER ITERATION STEP       ITERATION  ITERATION       FLAG ITERATIONS        RESIDUAL        RESIDUAL  MAXIMUM CHANGE SUCCESS             MODEL-PACKAGE-(NUMBER)
 ----------------------------------------------------------------------------------------------------------------------------------------------------------------
 Backtracking                       1                     0          0       404.42205       404.42205                       *                                   
 Model                              1          7                                                           -0.10833980                            1_GWF-(1,47,37)
 Backtracking                       2                     0          0      0.72190037      0.72190037                       *                                   
 Model                              2          1                                                       -6.82763114E-05       *                     1_GWF-(1,6,20)
 ----------------------------------------------------------------------------------------------------------------------------------------------------------------


 2 CALLS TO NUMERICAL SOLUTION IN TIME STEP 27 STRESS PERIOD 4
 8 TOTAL ITERATIONS

 SLN_1 INNER ITERATION SUMMARY
 --------------------------------------------------------------------------------------------------------------------------------------
      TOTAL      OUTER      INNER                                                            MAXIMUM                                   
  ITERATION  ITERATION  ITERATION  MAXIMUM CHANGE      MAXIMUM CHANGE MODEL-(CELLID)        RESIDUAL    MAXIMUM RESIDUAL MODEL-(CELLID)
 --------------------------------------------------------------------------------------------------------------------------------------
          1          1          1     -0.18212416                    1_GWF-(1,47,37)      -60.802741                    1_GWF-(1,23,54)
          2          1          2  5.86372533E-02                    1_GWF-(1,47,37)       10.877669                    1_GWF-(1,23,54)
          3          1          3  4.88550861E-03                    1_GWF-(1,38,38)      -6.5622634                    1_GWF-(1,42,37)
          4          1          4  1.02866183E-02                    1_GWF-(1,43,36)      -2.2056470                    1_GWF-(1,23,54)
          5          1          5 -1.45920546E-03                     1_GWF-(1,4,22)      0.56174622                     1_GWF-(1,5,22)
          6          1          6  9.03830974E-05                     1_GWF-(1,47,5)      0.33705938                     1_GWF-(1,5,22)
          7          1          7 -7.12837798E-04                     1_GWF-(1,6,20)  5.72457087E-02                     1_GWF-(1,5,22)
          8          2          1 -6.82763114E-05                     1_GWF-(1,6,20)  3.18448756E-02                     1_GWF-(1,5,22)
 --------------------------------------------------------------------------------------------------------------------------------------


 
    Solving:  Stress period:     4    Time step:    28
 

 SLN_1 OUTER ITERATION SUMMARY
 ----------------------------------------------------------------------------------------------------------------------------------------------------------------
                                OUTER      INNER  BACKTRACK  BACKTRACK        INCOMING        OUTGOING                    STEP   MAXIMUM CHANGE MODEL-(CELLID) OR
 OUTER ITERATION STEP       ITERATION  ITERATION       FLAG ITERATIONS        RESIDUAL        RESIDUAL  MAXIMUM CHANGE SUCCESS             MODEL-PACKAGE-(NUMBER)
 ----------------------------------------------------------------------------------------------------------------------------------------------------------------
 Backtracking                       1                     0          0       400.21244       400.21244                       *                                   
 Model                              1          7                                                           -0.10721209                            1_GWF-(1,47,37)
 Backtracking                       2                     0          0      0.71438567      0.71438567                       *                                   
 Model                              2          1                                                       -6.75654018E-05       *                     1_GWF-(1,6,20)
 ----------------------------------------------------------------------------------------------------------------------------------------------------------------


 2 CALLS TO NUMERICAL SOLUTION IN TIME STEP 28 STRESS PERIOD 4
 8 TOTAL ITERATIONS

 SLN_1 INNER ITERATION SUMMARY
 --------------------------------------------------------------------------------------------------------------------------------------
      TOTAL      OUTER      INNER                                                            MAXIMUM                                   
  ITERATION  ITERATION  ITERATION  MAXIMUM CHANGE      MAXIMUM CHANGE MODEL-(CELLID)        RESIDUAL    MAXIMUM RESIDUAL MODEL-(CELLID)
 --------------------------------------------------------------------------------------------------------------------------------------
          1          1          1     -0.18022842                    1_GWF-(1,47,37)      -60.169869                    1_GWF-(1,23,54)
          2          1          2  5.80269001E-02                    1_GWF-(1,47,37)       10.764454                    1_GWF-(1,23,54)
          3          1          3  4.83466116E-03                    1_GWF-(1,38,38)      -6.4939524                    1_GWF-(1,42,37)
          4          1          4  1.01795320E-02                    1_GWF-(1,43,36)      -2.1826902                    1_GWF-(1,23,54)
          5          1          5 -1.44401772E-03                     1_GWF-(1,4,22)      0.55589907                     1_GWF-(1,5,22)
          6          1          6  8.94417920E-05                     1_GWF-(1,47,5)      0.33355132                     1_GWF-(1,5,22)
          7          1          7 -7.05418663E-04                     1_GWF-(1,6,20)  5.66497483E-02                     1_GWF-(1,5,22)
          8          2          1 -6.75654018E-05                     1_GWF-(1,6,20)  3.15134314E-02                     1_GWF-(1,5,22)
 --------------------------------------------------------------------------------------------------------------------------------------


 
    Solving:  Stress period:     4    Time step:    29
 

 SLN_1 OUTER ITERATION SUMMARY
 ----------------------------------------------------------------------------------------------------------------------------------------------------------------
                                OUTER      INNER  BACKTRACK  BACKTRACK        INCOMING        OUTGOING                    STEP   MAXIMUM CHANGE MODEL-(CELLID) OR
 OUTER ITERATION STEP       ITERATION  ITERATION       FLAG ITERATIONS        RESIDUAL        RESIDUAL  MAXIMUM CHANGE SUCCESS             MODEL-PACKAGE-(NUMBER)
 ----------------------------------------------------------------------------------------------------------------------------------------------------------------
 Backtracking                       1                     0          0       396.04664       396.04664                       *                                   
 Model                              1          7                                                           -0.10609612                            1_GWF-(1,47,37)
 Backtracking                       2                     0          0      0.70694951      0.70694951                       *                                   
 Model                              2          1                                                       -6.68619586E-05       *                     1_GWF-(1,6,20)
 ----------------------------------------------------------------------------------------------------------------------------------------------------------------


 2 CALLS TO NUMERICAL SOLUTION IN TIME STEP 29 STRESS PERIOD 4
 8 TOTAL ITERATIONS

 SLN_1 INNER ITERATION SUMMARY
 --------------------------------------------------------------------------------------------------------------------------------------
      TOTAL      OUTER      INNER                                                            MAXIMUM                                   
  ITERATION  ITERATION  ITERATION  MAXIMUM CHANGE      MAXIMUM CHANGE MODEL-(CELLID)        RESIDUAL    MAXIMUM RESIDUAL MODEL-(CELLID)
 --------------------------------------------------------------------------------------------------------------------------------------
          1          1          1     -0.17835242                    1_GWF-(1,47,37)      -59.543576                    1_GWF-(1,23,54)
          2          1          2  5.74229016E-02                    1_GWF-(1,47,37)       10.652416                    1_GWF-(1,23,54)
          3          1          3  4.78434191E-03                    1_GWF-(1,38,38)      -6.4263533                    1_GWF-(1,42,37)
          4          1          4  1.00735631E-02                    1_GWF-(1,43,36)      -2.1599720                    1_GWF-(1,23,54)
          5          1          5 -1.42898751E-03                     1_GWF-(1,4,22)      0.55011299                     1_GWF-(1,5,22)
          6          1          6  8.85104642E-05                     1_GWF-(1,47,5)      0.33007971                     1_GWF-(1,5,22)
          7          1          7 -6.98076614E-04                     1_GWF-(1,6,20)  5.60600468E-02                     1_GWF-(1,5,22)
          8          2          1 -6.68619586E-05                     1_GWF-(1,6,20)  3.11854391E-02                     1_GWF-(1,5,22)
 --------------------------------------------------------------------------------------------------------------------------------------


 
    Solving:  Stress period:     4    Time step:    30
 

 SLN_1 OUTER ITERATION SUMMARY
 ----------------------------------------------------------------------------------------------------------------------------------------------------------------
                                OUTER      INNER  BACKTRACK  BACKTRACK        INCOMING        OUTGOING                    STEP   MAXIMUM CHANGE MODEL-(CELLID) OR
 OUTER ITERATION STEP       ITERATION  ITERATION       FLAG ITERATIONS        RESIDUAL        RESIDUAL  MAXIMUM CHANGE SUCCESS             MODEL-PACKAGE-(NUMBER)
 ----------------------------------------------------------------------------------------------------------------------------------------------------------------
 Backtracking                       1                     0          0       391.92420       391.92420                       *                                   
 Model                              1          7                                                           -0.10499176                            1_GWF-(1,47,37)
 Backtracking                       2                     0          0      0.69959067      0.69959067                       *                                   
 Model                              2          1                                                       -6.61658965E-05       *                     1_GWF-(1,6,20)
 ----------------------------------------------------------------------------------------------------------------------------------------------------------------


 2 CALLS TO NUMERICAL SOLUTION IN TIME STEP 30 STRESS PERIOD 4
 8 TOTAL ITERATIONS

 SLN_1 INNER ITERATION SUMMARY
 --------------------------------------------------------------------------------------------------------------------------------------
      TOTAL      OUTER      INNER                                                            MAXIMUM                                   
  ITERATION  ITERATION  ITERATION  MAXIMUM CHANGE      MAXIMUM CHANGE MODEL-(CELLID)        RESIDUAL    MAXIMUM RESIDUAL MODEL-(CELLID)
 --------------------------------------------------------------------------------------------------------------------------------------
          1          1          1     -0.17649595                    1_GWF-(1,47,37)      -58.923798                    1_GWF-(1,23,54)
          2          1          2  5.68251881E-02                    1_GWF-(1,47,37)       10.541539                    1_GWF-(1,23,54)
          3          1          3  4.73454395E-03                    1_GWF-(1,38,38)      -6.3594599                    1_GWF-(1,42,37)
          4          1          4  9.96870276E-03                    1_GWF-(1,43,36)      -2.1374896                    1_GWF-(1,23,54)
          5          1          5 -1.41411368E-03                     1_GWF-(1,4,22)      0.54438686                     1_GWF-(1,5,22)
          6          1          6  8.75889537E-05                     1_GWF-(1,47,5)      0.32664406                     1_GWF-(1,5,22)
          7          1          7 -6.90810657E-04                     1_GWF-(1,6,20)  5.54764758E-02                     1_GWF-(1,5,22)
          8          2          1 -6.61658965E-05                     1_GWF-(1,6,20)  3.08608407E-02                     1_GWF-(1,5,22)
 --------------------------------------------------------------------------------------------------------------------------------------


 
    Solving:  Stress period:     4    Time step:    31
 

 SLN_1 OUTER ITERATION SUMMARY
 ----------------------------------------------------------------------------------------------------------------------------------------------------------------
                                OUTER      INNER  BACKTRACK  BACKTRACK        INCOMING        OUTGOING                    STEP   MAXIMUM CHANGE MODEL-(CELLID) OR
 OUTER ITERATION STEP       ITERATION  ITERATION       FLAG ITERATIONS        RESIDUAL        RESIDUAL  MAXIMUM CHANGE SUCCESS             MODEL-PACKAGE-(NUMBER)
 ----------------------------------------------------------------------------------------------------------------------------------------------------------------
 Backtracking                       1                     0          0       387.84468       387.84468                       *                                   
 Model                              1          7                                                           -0.10389891                            1_GWF-(1,47,37)
 Backtracking                       2                     0          0      0.69230874      0.69230874                       *                                   
 Model                              2          1                                                       -6.54770996E-05       *                     1_GWF-(1,6,20)
 ----------------------------------------------------------------------------------------------------------------------------------------------------------------


 2 CALLS TO NUMERICAL SOLUTION IN TIME STEP 31 STRESS PERIOD 4
 8 TOTAL ITERATIONS

 SLN_1 INNER ITERATION SUMMARY
 --------------------------------------------------------------------------------------------------------------------------------------
      TOTAL      OUTER      INNER                                                            MAXIMUM                                   
  ITERATION  ITERATION  ITERATION  MAXIMUM CHANGE      MAXIMUM CHANGE MODEL-(CELLID)        RESIDUAL    MAXIMUM RESIDUAL MODEL-(CELLID)
 --------------------------------------------------------------------------------------------------------------------------------------
          1          1          1     -0.17465881                    1_GWF-(1,47,37)      -58.310468                    1_GWF-(1,23,54)
          2          1          2  5.62336973E-02                    1_GWF-(1,47,37)       10.431816                    1_GWF-(1,23,54)
          3          1          3  4.68526418E-03                    1_GWF-(1,38,38)      -6.2932629                    1_GWF-(1,42,37)
          4          1          4  9.86493452E-03                    1_GWF-(1,43,36)      -2.1152410                    1_GWF-(1,23,54)
          5          1          5 -1.39939413E-03                     1_GWF-(1,4,22)      0.53872059                     1_GWF-(1,5,22)
          6          1          6  8.66771248E-05                     1_GWF-(1,47,5)      0.32324424                     1_GWF-(1,5,22)
          7          1          7 -6.83620371E-04                     1_GWF-(1,6,20)  5.48990229E-02                     1_GWF-(1,5,22)
          8          2          1 -6.54770996E-05                     1_GWF-(1,6,20)  3.05396366E-02                     1_GWF-(1,5,22)
 --------------------------------------------------------------------------------------------------------------------------------------


 
    Solving:  Stress period:     4    Time step:    32
 

 SLN_1 OUTER ITERATION SUMMARY
 ----------------------------------------------------------------------------------------------------------------------------------------------------------------
                                OUTER      INNER  BACKTRACK  BACKTRACK        INCOMING        OUTGOING                    STEP   MAXIMUM CHANGE MODEL-(CELLID) OR
 OUTER ITERATION STEP       ITERATION  ITERATION       FLAG ITERATIONS        RESIDUAL        RESIDUAL  MAXIMUM CHANGE SUCCESS             MODEL-PACKAGE-(NUMBER)
 ----------------------------------------------------------------------------------------------------------------------------------------------------------------
 Backtracking                       1                     0          0       383.80761       383.80761                       *                                   
 Model                              1          7                                                           -0.10281742                            1_GWF-(1,47,37)
 Backtracking                       2                     0          0      0.68510225      0.68510225                       *                                   
 Model                              2          1                                                       -6.47955407E-05       *                     1_GWF-(1,6,20)
 ----------------------------------------------------------------------------------------------------------------------------------------------------------------


 2 CALLS TO NUMERICAL SOLUTION IN TIME STEP 32 STRESS PERIOD 4
 8 TOTAL ITERATIONS

 SLN_1 INNER ITERATION SUMMARY
 --------------------------------------------------------------------------------------------------------------------------------------
      TOTAL      OUTER      INNER                                                            MAXIMUM                                   
  ITERATION  ITERATION  ITERATION  MAXIMUM CHANGE      MAXIMUM CHANGE MODEL-(CELLID)        RESIDUAL    MAXIMUM RESIDUAL MODEL-(CELLID)
 --------------------------------------------------------------------------------------------------------------------------------------
          1          1          1     -0.17284079                    1_GWF-(1,47,37)      -57.703519                    1_GWF-(1,23,54)
          2          1          2  5.56483607E-02                    1_GWF-(1,47,37)       10.323231                    1_GWF-(1,23,54)
          3          1          3  4.63649527E-03                    1_GWF-(1,38,38)      -6.2277567                    1_GWF-(1,42,37)
          4          1          4  9.76225082E-03                    1_GWF-(1,43,36)      -2.0932237                    1_GWF-(1,23,54)
          5          1          5 -1.38482830E-03                     1_GWF-(1,4,22)      0.53311284                     1_GWF-(1,5,22)
          6          1          6  8.57748278E-05                     1_GWF-(1,47,5)      0.31987954                     1_GWF-(1,5,22)
          7          1          7 -6.76504537E-04                     1_GWF-(1,6,20)  5.43275437E-02                     1_GWF-(1,5,22)
          8          2          1 -6.47955407E-05                     1_GWF-(1,6,20)  3.02217359E-02                     1_GWF-(1,5,22)
 --------------------------------------------------------------------------------------------------------------------------------------


 
    Solving:  Stress period:     4    Time step:    33
 

 SLN_1 OUTER ITERATION SUMMARY
 ----------------------------------------------------------------------------------------------------------------------------------------------------------------
                                OUTER      INNER  BACKTRACK  BACKTRACK        INCOMING        OUTGOING                    STEP   MAXIMUM CHANGE MODEL-(CELLID) OR
 OUTER ITERATION STEP       ITERATION  ITERATION       FLAG ITERATIONS        RESIDUAL        RESIDUAL  MAXIMUM CHANGE SUCCESS             MODEL-PACKAGE-(NUMBER)
 ----------------------------------------------------------------------------------------------------------------------------------------------------------------
 Backtracking                       1                     0          0       379.81257       379.81257                       *                                   
 Model                              1          7                                                           -0.10174720                            1_GWF-(1,47,37)
 Backtracking                       2                     0          0      0.67797102      0.67797102                       *                                   
 Model                              2          1                                                       -6.41210575E-05       *                     1_GWF-(1,6,20)
 ----------------------------------------------------------------------------------------------------------------------------------------------------------------


 2 CALLS TO NUMERICAL SOLUTION IN TIME STEP 33 STRESS PERIOD 4
 8 TOTAL ITERATIONS

 SLN_1 INNER ITERATION SUMMARY
 --------------------------------------------------------------------------------------------------------------------------------------
      TOTAL      OUTER      INNER                                                            MAXIMUM                                   
  ITERATION  ITERATION  ITERATION  MAXIMUM CHANGE      MAXIMUM CHANGE MODEL-(CELLID)        RESIDUAL    MAXIMUM RESIDUAL MODEL-(CELLID)
 --------------------------------------------------------------------------------------------------------------------------------------
          1          1          1     -0.17104169                    1_GWF-(1,47,37)      -57.102888                    1_GWF-(1,23,54)
          2          1          2  5.50691210E-02                    1_GWF-(1,47,37)       10.215781                    1_GWF-(1,23,54)
          3          1          3  4.58823620E-03                    1_GWF-(1,38,38)      -6.1629304                    1_GWF-(1,42,37)
          4          1          4  9.66063111E-03                    1_GWF-(1,43,36)      -2.0714358                    1_GWF-(1,23,54)
          5          1          5 -1.37041398E-03                     1_GWF-(1,4,22)      0.52756379                     1_GWF-(1,5,22)
          6          1          6  8.48819067E-05                     1_GWF-(1,47,5)      0.31655002                     1_GWF-(1,5,22)
          7          1          7 -6.69463006E-04                     1_GWF-(1,6,20)  5.37620379E-02                     1_GWF-(1,5,22)
          8          2          1 -6.41210575E-05                     1_GWF-(1,6,20)  2.99071654E-02                     1_GWF-(1,5,22)
 --------------------------------------------------------------------------------------------------------------------------------------


 
    Solving:  Stress period:     4    Time step:    34
 

 SLN_1 OUTER ITERATION SUMMARY
 ----------------------------------------------------------------------------------------------------------------------------------------------------------------
                                OUTER      INNER  BACKTRACK  BACKTRACK        INCOMING        OUTGOING                    STEP   MAXIMUM CHANGE MODEL-(CELLID) OR
 OUTER ITERATION STEP       ITERATION  ITERATION       FLAG ITERATIONS        RESIDUAL        RESIDUAL  MAXIMUM CHANGE SUCCESS             MODEL-PACKAGE-(NUMBER)
 ----------------------------------------------------------------------------------------------------------------------------------------------------------------
 Backtracking                       1                     0          0       375.85911       375.85911                       *                                   
 Model                              1          7                                                           -0.10068812                            1_GWF-(1,47,37)
 Backtracking                       2                     0          0      0.67091412      0.67091412                       *                                   
 Model                              2          1                                                       -6.34536009E-05       *                     1_GWF-(1,6,20)
 ----------------------------------------------------------------------------------------------------------------------------------------------------------------


 2 CALLS TO NUMERICAL SOLUTION IN TIME STEP 34 STRESS PERIOD 4
 8 TOTAL ITERATIONS

 SLN_1 INNER ITERATION SUMMARY
 --------------------------------------------------------------------------------------------------------------------------------------
      TOTAL      OUTER      INNER                                                            MAXIMUM                                   
  ITERATION  ITERATION  ITERATION  MAXIMUM CHANGE      MAXIMUM CHANGE MODEL-(CELLID)        RESIDUAL    MAXIMUM RESIDUAL MODEL-(CELLID)
 --------------------------------------------------------------------------------------------------------------------------------------
          1          1          1     -0.16926132                    1_GWF-(1,47,37)      -56.508507                    1_GWF-(1,23,54)
          2          1          2  5.44959086E-02                    1_GWF-(1,47,37)       10.109446                    1_GWF-(1,23,54)
          3          1          3  4.54047798E-03                    1_GWF-(1,38,38)      -6.0987801                    1_GWF-(1,42,37)
          4          1          4  9.56007262E-03                    1_GWF-(1,43,36)      -2.0498745                    1_GWF-(1,23,54)
          5          1          5 -1.35614928E-03                     1_GWF-(1,4,22)      0.52207249                     1_GWF-(1,5,22)
          6          1          6  8.39983496E-05                     1_GWF-(1,47,5)      0.31325512                     1_GWF-(1,5,22)
          7          1          7 -6.62494690E-04                     1_GWF-(1,6,20)  5.32024412E-02                     1_GWF-(1,5,22)
          8          2          1 -6.34536009E-05                     1_GWF-(1,6,20)  2.95958725E-02                     1_GWF-(1,5,22)
 --------------------------------------------------------------------------------------------------------------------------------------


 
    Solving:  Stress period:     4    Time step:    35
 

 SLN_1 OUTER ITERATION SUMMARY
 ----------------------------------------------------------------------------------------------------------------------------------------------------------------
                                OUTER      INNER  BACKTRACK  BACKTRACK        INCOMING        OUTGOING                    STEP   MAXIMUM CHANGE MODEL-(CELLID) OR
 OUTER ITERATION STEP       ITERATION  ITERATION       FLAG ITERATIONS        RESIDUAL        RESIDUAL  MAXIMUM CHANGE SUCCESS             MODEL-PACKAGE-(NUMBER)
 ----------------------------------------------------------------------------------------------------------------------------------------------------------------
 Backtracking                       1                     0          0       371.94681       371.94681                       *                                   
 Model                              1          7                                                       -9.96400569E-02       *                    1_GWF-(1,47,37)
 ----------------------------------------------------------------------------------------------------------------------------------------------------------------


 1 CALLS TO NUMERICAL SOLUTION IN TIME STEP 35 STRESS PERIOD 4
 7 TOTAL ITERATIONS

 SLN_1 INNER ITERATION SUMMARY
 --------------------------------------------------------------------------------------------------------------------------------------
      TOTAL      OUTER      INNER                                                            MAXIMUM                                   
  ITERATION  ITERATION  ITERATION  MAXIMUM CHANGE      MAXIMUM CHANGE MODEL-(CELLID)        RESIDUAL    MAXIMUM RESIDUAL MODEL-(CELLID)
 --------------------------------------------------------------------------------------------------------------------------------------
          1          1          1     -0.16749948                    1_GWF-(1,47,37)      -55.920313                    1_GWF-(1,23,54)
          2          1          2  5.39286615E-02                    1_GWF-(1,47,37)       10.004217                    1_GWF-(1,23,54)
          3          1          3  4.49321600E-03                    1_GWF-(1,38,38)      -6.0352984                    1_GWF-(1,42,37)
          4          1          4  9.46056264E-03                    1_GWF-(1,43,36)      -2.0285374                    1_GWF-(1,23,54)
          5          1          5 -1.34203341E-03                     1_GWF-(1,4,22)      0.51663810                     1_GWF-(1,5,22)
          6          1          6  8.31239860E-05                     1_GWF-(1,47,5)      0.30999440                     1_GWF-(1,5,22)
          7          1          7 -6.55598732E-04                     1_GWF-(1,6,20)  5.26486353E-02                     1_GWF-(1,5,22)
 --------------------------------------------------------------------------------------------------------------------------------------


 
    Solving:  Stress period:     4    Time step:    36
 

 SLN_1 OUTER ITERATION SUMMARY
 ----------------------------------------------------------------------------------------------------------------------------------------------------------------
                                OUTER      INNER  BACKTRACK  BACKTRACK        INCOMING        OUTGOING                    STEP   MAXIMUM CHANGE MODEL-(CELLID) OR
 OUTER ITERATION STEP       ITERATION  ITERATION       FLAG ITERATIONS        RESIDUAL        RESIDUAL  MAXIMUM CHANGE SUCCESS             MODEL-PACKAGE-(NUMBER)
 ----------------------------------------------------------------------------------------------------------------------------------------------------------------
 Backtracking                       1                     0          0       368.07802       368.07802                       *                                   
 Model                              1          7                                                       -9.85945975E-02       *                    1_GWF-(1,47,37)
 ----------------------------------------------------------------------------------------------------------------------------------------------------------------


 1 CALLS TO NUMERICAL SOLUTION IN TIME STEP 36 STRESS PERIOD 4
 7 TOTAL ITERATIONS

 SLN_1 INNER ITERATION SUMMARY
 --------------------------------------------------------------------------------------------------------------------------------------
      TOTAL      OUTER      INNER                                                            MAXIMUM                                   
  ITERATION  ITERATION  ITERATION  MAXIMUM CHANGE      MAXIMUM CHANGE MODEL-(CELLID)        RESIDUAL    MAXIMUM RESIDUAL MODEL-(CELLID)
 --------------------------------------------------------------------------------------------------------------------------------------
          1          1          1     -0.16546781                    1_GWF-(1,47,37)      -55.198512                    1_GWF-(1,23,54)
          2          1          2  4.80734285E-02                    1_GWF-(1,47,37)      -9.3212688                    1_GWF-(1,40,35)
          3          1          3  1.57016147E-02                    1_GWF-(1,47,37)       2.0699310                     1_GWF-(1,3,28)
          4          1          4  2.40933443E-03                    1_GWF-(1,37,30)      -1.8245905                    1_GWF-(1,23,54)
          5          1          5 -1.50966714E-03                     1_GWF-(1,4,23)      0.46288005                     1_GWF-(1,5,22)
          6          1          6  1.48477745E-04                    1_GWF-(1,47,37)      0.28086503                     1_GWF-(1,5,22)
          7          1          7 -6.04387227E-04                     1_GWF-(1,6,20)  6.05274397E-02                     1_GWF-(1,5,22)
 --------------------------------------------------------------------------------------------------------------------------------------


 
    Solving:  Stress period:     4    Time step:    37
 

 SLN_1 OUTER ITERATION SUMMARY
 ----------------------------------------------------------------------------------------------------------------------------------------------------------------
                                OUTER      INNER  BACKTRACK  BACKTRACK        INCOMING        OUTGOING                    STEP   MAXIMUM CHANGE MODEL-(CELLID) OR
 OUTER ITERATION STEP       ITERATION  ITERATION       FLAG ITERATIONS        RESIDUAL        RESIDUAL  MAXIMUM CHANGE SUCCESS             MODEL-PACKAGE-(NUMBER)
 ----------------------------------------------------------------------------------------------------------------------------------------------------------------
 Backtracking                       1                     0          0       364.24830       364.24830                       *                                   
 Model                              1          7                                                       -9.75405468E-02       *                    1_GWF-(1,47,37)
 ----------------------------------------------------------------------------------------------------------------------------------------------------------------


 1 CALLS TO NUMERICAL SOLUTION IN TIME STEP 37 STRESS PERIOD 4
 7 TOTAL ITERATIONS

 SLN_1 INNER ITERATION SUMMARY
 --------------------------------------------------------------------------------------------------------------------------------------
      TOTAL      OUTER      INNER                                                            MAXIMUM                                   
  ITERATION  ITERATION  ITERATION  MAXIMUM CHANGE      MAXIMUM CHANGE MODEL-(CELLID)        RESIDUAL    MAXIMUM RESIDUAL MODEL-(CELLID)
 --------------------------------------------------------------------------------------------------------------------------------------
          1          1          1     -0.16384203                    1_GWF-(1,47,37)      -54.689852                    1_GWF-(1,23,54)
          2          1          2  4.93406799E-02                    1_GWF-(1,47,37)      -9.0005747                    1_GWF-(1,39,35)
          3          1          3  2.33242984E-02                    1_GWF-(1,42,37)       5.6457915                    1_GWF-(1,41,36)
          4          1          4 -8.09017463E-03                    1_GWF-(1,44,36)      -1.1638933                    1_GWF-(1,41,36)
          5          1          5 -1.27736032E-03                     1_GWF-(1,5,23)      0.41946425                     1_GWF-(1,5,22)
          6          1          6  2.15028200E-04                    1_GWF-(1,43,37)      0.33126974                     1_GWF-(1,5,22)
          7          1          7 -5.81831349E-04                     1_GWF-(1,6,20)  5.15625213E-02                     1_GWF-(1,5,22)
 --------------------------------------------------------------------------------------------------------------------------------------


 
    Solving:  Stress period:     4    Time step:    38
 

 SLN_1 OUTER ITERATION SUMMARY
 ----------------------------------------------------------------------------------------------------------------------------------------------------------------
                                OUTER      INNER  BACKTRACK  BACKTRACK        INCOMING        OUTGOING                    STEP   MAXIMUM CHANGE MODEL-(CELLID) OR
 OUTER ITERATION STEP       ITERATION  ITERATION       FLAG ITERATIONS        RESIDUAL        RESIDUAL  MAXIMUM CHANGE SUCCESS             MODEL-PACKAGE-(NUMBER)
 ----------------------------------------------------------------------------------------------------------------------------------------------------------------
 Backtracking                       1                     0          0       360.45613       360.45613                       *                                   
 Model                              1          7                                                       -9.65332768E-02       *                    1_GWF-(1,47,37)
 ----------------------------------------------------------------------------------------------------------------------------------------------------------------


 1 CALLS TO NUMERICAL SOLUTION IN TIME STEP 38 STRESS PERIOD 4
 7 TOTAL ITERATIONS

 SLN_1 INNER ITERATION SUMMARY
 --------------------------------------------------------------------------------------------------------------------------------------
      TOTAL      OUTER      INNER                                                            MAXIMUM                                   
  ITERATION  ITERATION  ITERATION  MAXIMUM CHANGE      MAXIMUM CHANGE MODEL-(CELLID)        RESIDUAL    MAXIMUM RESIDUAL MODEL-(CELLID)
 --------------------------------------------------------------------------------------------------------------------------------------
          1          1          1     -0.16218295                    1_GWF-(1,47,37)      -54.196621                    1_GWF-(1,23,54)
          2          1          2  5.06242045E-02                    1_GWF-(1,47,37)      -8.6665139                    1_GWF-(1,39,35)
          3          1          3  1.38254500E-03                    1_GWF-(1,41,29)      -8.3169378                    1_GWF-(1,41,36)
          4          1          4  1.39005049E-02                    1_GWF-(1,43,36)      -1.6124370                    1_GWF-(1,23,54)
          5          1          5 -1.19260405E-03                     1_GWF-(1,4,22)      0.41840763                     1_GWF-(1,5,22)
          6          1          6  8.69044126E-05                    1_GWF-(1,47,37)     -0.29594454                    1_GWF-(1,23,54)
          7          1          7 -6.43988877E-04                     1_GWF-(1,6,20)  5.23088164E-02                     1_GWF-(1,5,22)
 --------------------------------------------------------------------------------------------------------------------------------------


 
    Solving:  Stress period:     4    Time step:    39
 

 SLN_1 OUTER ITERATION SUMMARY
 ----------------------------------------------------------------------------------------------------------------------------------------------------------------
                                OUTER      INNER  BACKTRACK  BACKTRACK        INCOMING        OUTGOING                    STEP   MAXIMUM CHANGE MODEL-(CELLID) OR
 OUTER ITERATION STEP       ITERATION  ITERATION       FLAG ITERATIONS        RESIDUAL        RESIDUAL  MAXIMUM CHANGE SUCCESS             MODEL-PACKAGE-(NUMBER)
 ----------------------------------------------------------------------------------------------------------------------------------------------------------------
 Backtracking                       1                     0          0       356.70491       356.70491                       *                                   
 Model                              1          7                                                       -9.55150503E-02       *                    1_GWF-(1,47,37)
 ----------------------------------------------------------------------------------------------------------------------------------------------------------------


 1 CALLS TO NUMERICAL SOLUTION IN TIME STEP 39 STRESS PERIOD 4
 7 TOTAL ITERATIONS

 SLN_1 INNER ITERATION SUMMARY
 --------------------------------------------------------------------------------------------------------------------------------------
      TOTAL      OUTER      INNER                                                            MAXIMUM                                   
  ITERATION  ITERATION  ITERATION  MAXIMUM CHANGE      MAXIMUM CHANGE MODEL-(CELLID)        RESIDUAL    MAXIMUM RESIDUAL MODEL-(CELLID)
 --------------------------------------------------------------------------------------------------------------------------------------
          1          1          1     -0.16038117                    1_GWF-(1,47,37)      -53.538535                    1_GWF-(1,23,54)
          2          1          2  4.77285700E-02                    1_GWF-(1,47,37)      -8.8770614                    1_GWF-(1,39,35)
          3          1          3  1.79760762E-02                    1_GWF-(1,47,37)       2.1445796                    1_GWF-(1,41,36)
          4          1          4  2.63071062E-03                    1_GWF-(1,39,22)      -1.1765969                    1_GWF-(1,41,37)
          5          1          5 -1.29005937E-03                     1_GWF-(1,5,23)      0.41238344                     1_GWF-(1,5,22)
          6          1          6  1.98065423E-04                    1_GWF-(1,43,37)      0.32473386                     1_GWF-(1,5,22)
          7          1          7 -5.80729909E-04                     1_GWF-(1,6,20)  5.21077675E-02                     1_GWF-(1,5,22)
 --------------------------------------------------------------------------------------------------------------------------------------


 
    Solving:  Stress period:     4    Time step:    40
 

 SLN_1 OUTER ITERATION SUMMARY
 ----------------------------------------------------------------------------------------------------------------------------------------------------------------
                                OUTER      INNER  BACKTRACK  BACKTRACK        INCOMING        OUTGOING                    STEP   MAXIMUM CHANGE MODEL-(CELLID) OR
 OUTER ITERATION STEP       ITERATION  ITERATION       FLAG ITERATIONS        RESIDUAL        RESIDUAL  MAXIMUM CHANGE SUCCESS             MODEL-PACKAGE-(NUMBER)
 ----------------------------------------------------------------------------------------------------------------------------------------------------------------
 Backtracking                       1                     0          0       352.99141       352.99141                       *                                   
 Model                              1          7                                                       -9.45320509E-02       *                    1_GWF-(1,47,37)
 ----------------------------------------------------------------------------------------------------------------------------------------------------------------


 1 CALLS TO NUMERICAL SOLUTION IN TIME STEP 40 STRESS PERIOD 4
 7 TOTAL ITERATIONS

 SLN_1 INNER ITERATION SUMMARY
 --------------------------------------------------------------------------------------------------------------------------------------
      TOTAL      OUTER      INNER                                                            MAXIMUM                                   
  ITERATION  ITERATION  ITERATION  MAXIMUM CHANGE      MAXIMUM CHANGE MODEL-(CELLID)        RESIDUAL    MAXIMUM RESIDUAL MODEL-(CELLID)
 --------------------------------------------------------------------------------------------------------------------------------------
          1          1          1     -0.15880546                    1_GWF-(1,47,37)      -53.061378                    1_GWF-(1,23,54)
          2          1          2  4.92771429E-02                    1_GWF-(1,47,37)      -8.5277452                    1_GWF-(1,39,35)
          3          1          3 -2.75582346E-03                    1_GWF-(1,44,36)      -9.8361146                    1_GWF-(1,41,36)
          4          1          4  1.63265159E-02                    1_GWF-(1,43,36)      -1.4452915                    1_GWF-(1,23,54)
          5          1          5 -1.15432869E-03                     1_GWF-(1,4,22)      0.40226655                     1_GWF-(1,5,22)
          6          1          6  1.15408355E-04                    1_GWF-(1,47,37)      0.27701845                     1_GWF-(1,5,22)
          7          1          7 -6.05409278E-04                     1_GWF-(1,6,20)  5.23853280E-02                     1_GWF-(1,5,22)
 --------------------------------------------------------------------------------------------------------------------------------------


 
    Solving:  Stress period:     4    Time step:    41
 

 SLN_1 OUTER ITERATION SUMMARY
 ----------------------------------------------------------------------------------------------------------------------------------------------------------------
                                OUTER      INNER  BACKTRACK  BACKTRACK        INCOMING        OUTGOING                    STEP   MAXIMUM CHANGE MODEL-(CELLID) OR
 OUTER ITERATION STEP       ITERATION  ITERATION       FLAG ITERATIONS        RESIDUAL        RESIDUAL  MAXIMUM CHANGE SUCCESS             MODEL-PACKAGE-(NUMBER)
 ----------------------------------------------------------------------------------------------------------------------------------------------------------------
 Backtracking                       1                     0          0       349.31781       349.31781                       *                                   
 Model                              1          7                                                       -9.35315042E-02       *                    1_GWF-(1,47,37)
 ----------------------------------------------------------------------------------------------------------------------------------------------------------------


 1 CALLS TO NUMERICAL SOLUTION IN TIME STEP 41 STRESS PERIOD 4
 7 TOTAL ITERATIONS

 SLN_1 INNER ITERATION SUMMARY
 --------------------------------------------------------------------------------------------------------------------------------------
      TOTAL      OUTER      INNER                                                            MAXIMUM                                   
  ITERATION  ITERATION  ITERATION  MAXIMUM CHANGE      MAXIMUM CHANGE MODEL-(CELLID)        RESIDUAL    MAXIMUM RESIDUAL MODEL-(CELLID)
 --------------------------------------------------------------------------------------------------------------------------------------
          1          1          1     -0.15708581                    1_GWF-(1,47,37)      -52.451330                    1_GWF-(1,23,54)
          2          1          2  4.73142098E-02                    1_GWF-(1,47,37)      -8.6267253                    1_GWF-(1,39,35)
          3          1          3  2.55015602E-02                    1_GWF-(1,42,37)       7.4160538                    1_GWF-(1,41,36)
          4          1          4 -1.08981289E-02                    1_GWF-(1,43,37)      -1.1063988                    1_GWF-(1,41,36)
          5          1          5 -1.21641064E-03                     1_GWF-(1,5,23)      0.40064451                     1_GWF-(1,5,22)
          6          1          6  1.95105462E-04                    1_GWF-(1,43,37)      0.32223819                     1_GWF-(1,5,22)
          7          1          7 -5.71078215E-04                     1_GWF-(1,6,20)  4.90520115E-02                     1_GWF-(1,5,22)
 --------------------------------------------------------------------------------------------------------------------------------------


 
    Solving:  Stress period:     4    Time step:    42
 

 SLN_1 OUTER ITERATION SUMMARY
 ----------------------------------------------------------------------------------------------------------------------------------------------------------------
                                OUTER      INNER  BACKTRACK  BACKTRACK        INCOMING        OUTGOING                    STEP   MAXIMUM CHANGE MODEL-(CELLID) OR
 OUTER ITERATION STEP       ITERATION  ITERATION       FLAG ITERATIONS        RESIDUAL        RESIDUAL  MAXIMUM CHANGE SUCCESS             MODEL-PACKAGE-(NUMBER)
 ----------------------------------------------------------------------------------------------------------------------------------------------------------------
 Backtracking                       1                     0          0       345.68075       345.68075                       *                                   
 Model                              1          7                                                       -9.25725320E-02       *                    1_GWF-(1,47,37)
 ----------------------------------------------------------------------------------------------------------------------------------------------------------------


 1 CALLS TO NUMERICAL SOLUTION IN TIME STEP 42 STRESS PERIOD 4
 7 TOTAL ITERATIONS

 SLN_1 INNER ITERATION SUMMARY
 --------------------------------------------------------------------------------------------------------------------------------------
      TOTAL      OUTER      INNER                                                            MAXIMUM                                   
  ITERATION  ITERATION  ITERATION  MAXIMUM CHANGE      MAXIMUM CHANGE MODEL-(CELLID)        RESIDUAL    MAXIMUM RESIDUAL MODEL-(CELLID)
 --------------------------------------------------------------------------------------------------------------------------------------
          1          1          1     -0.15552072                    1_GWF-(1,47,37)      -51.974744                    1_GWF-(1,23,54)
          2          1          2  4.84825865E-02                    1_GWF-(1,47,37)      -8.3187643                    1_GWF-(1,39,35)
          3          1          3  1.12161945E-03                    1_GWF-(1,41,14)      -8.2546749                    1_GWF-(1,41,36)
          4          1          4  1.37832823E-02                    1_GWF-(1,43,36)      -1.5201992                    1_GWF-(1,23,54)
          5          1          5 -1.13949324E-03                     1_GWF-(1,4,22)      0.39932546                     1_GWF-(1,5,22)
          6          1          6  8.66491952E-05                    1_GWF-(1,47,37)     -0.27946872                    1_GWF-(1,23,54)
          7          1          7 -6.16617287E-04                     1_GWF-(1,6,20)  5.02464566E-02                     1_GWF-(1,5,22)
 --------------------------------------------------------------------------------------------------------------------------------------


 
    Solving:  Stress period:     4    Time step:    43
 

 SLN_1 OUTER ITERATION SUMMARY
 ----------------------------------------------------------------------------------------------------------------------------------------------------------------
                                OUTER      INNER  BACKTRACK  BACKTRACK        INCOMING        OUTGOING                    STEP   MAXIMUM CHANGE MODEL-(CELLID) OR
 OUTER ITERATION STEP       ITERATION  ITERATION       FLAG ITERATIONS        RESIDUAL        RESIDUAL  MAXIMUM CHANGE SUCCESS             MODEL-PACKAGE-(NUMBER)
 ----------------------------------------------------------------------------------------------------------------------------------------------------------------
 Backtracking                       1                     0          0       342.08327       342.08327                       *                                   
 Model                              1          7                                                       -9.15969600E-02       *                    1_GWF-(1,47,37)
 ----------------------------------------------------------------------------------------------------------------------------------------------------------------


 1 CALLS TO NUMERICAL SOLUTION IN TIME STEP 43 STRESS PERIOD 4
 7 TOTAL ITERATIONS

 SLN_1 INNER ITERATION SUMMARY
 --------------------------------------------------------------------------------------------------------------------------------------
      TOTAL      OUTER      INNER                                                            MAXIMUM                                   
  ITERATION  ITERATION  ITERATION  MAXIMUM CHANGE      MAXIMUM CHANGE MODEL-(CELLID)        RESIDUAL    MAXIMUM RESIDUAL MODEL-(CELLID)
 --------------------------------------------------------------------------------------------------------------------------------------
          1          1          1     -0.15380652                    1_GWF-(1,47,37)      -51.347607                    1_GWF-(1,23,54)
          2          1          2  4.58462866E-02                    1_GWF-(1,47,37)      -8.5043164                    1_GWF-(1,39,35)
          3          1          3  1.77507470E-02                    1_GWF-(1,47,37)       2.4277508                    1_GWF-(1,41,36)
          4          1          4 -3.06909580E-03                    1_GWF-(1,44,37)      -1.1181156                    1_GWF-(1,41,37)
          5          1          5 -1.23047596E-03                     1_GWF-(1,5,23)      0.39515865                     1_GWF-(1,5,22)
          6          1          6  1.89823172E-04                    1_GWF-(1,43,37)      0.31503685                     1_GWF-(1,5,22)
          7          1          7 -5.60419091E-04                     1_GWF-(1,6,20)  4.93340360E-02                     1_GWF-(1,5,22)
 --------------------------------------------------------------------------------------------------------------------------------------


 
    Solving:  Stress period:     4    Time step:    44
 

 SLN_1 OUTER ITERATION SUMMARY
 ----------------------------------------------------------------------------------------------------------------------------------------------------------------
                                OUTER      INNER  BACKTRACK  BACKTRACK        INCOMING        OUTGOING                    STEP   MAXIMUM CHANGE MODEL-(CELLID) OR
 OUTER ITERATION STEP       ITERATION  ITERATION       FLAG ITERATIONS        RESIDUAL        RESIDUAL  MAXIMUM CHANGE SUCCESS             MODEL-PACKAGE-(NUMBER)
 ----------------------------------------------------------------------------------------------------------------------------------------------------------------
 Backtracking                       1                     0          0       338.52184       338.52184                       *                                   
 Model                              1          7                                                       -9.06565182E-02       *                    1_GWF-(1,47,37)
 ----------------------------------------------------------------------------------------------------------------------------------------------------------------


 1 CALLS TO NUMERICAL SOLUTION IN TIME STEP 44 STRESS PERIOD 4
 7 TOTAL ITERATIONS

 SLN_1 INNER ITERATION SUMMARY
 --------------------------------------------------------------------------------------------------------------------------------------
      TOTAL      OUTER      INNER                                                            MAXIMUM                                   
  ITERATION  ITERATION  ITERATION  MAXIMUM CHANGE      MAXIMUM CHANGE MODEL-(CELLID)        RESIDUAL    MAXIMUM RESIDUAL MODEL-(CELLID)
 --------------------------------------------------------------------------------------------------------------------------------------
          1          1          1     -0.15229693                    1_GWF-(1,47,37)      -50.891645                    1_GWF-(1,23,54)
          2          1          2  4.73572999E-02                    1_GWF-(1,47,37)      -8.1638025                    1_GWF-(1,39,35)
          3          1          3 -1.60087676E-03                    1_GWF-(1,44,36)      -8.7151830                    1_GWF-(1,41,36)
          4          1          4  1.45107949E-02                    1_GWF-(1,43,36)      -1.4350832                    1_GWF-(1,23,54)
          5          1          5 -1.11021213E-03                     1_GWF-(1,4,22)      0.38796140                     1_GWF-(1,5,22)
          6          1          6  9.76247784E-05                    1_GWF-(1,47,37)      0.26878908                     1_GWF-(1,5,22)
          7          1          7 -5.91970875E-04                     1_GWF-(1,6,20)  5.00375308E-02                     1_GWF-(1,5,22)
 --------------------------------------------------------------------------------------------------------------------------------------


 
    Solving:  Stress period:     4    Time step:    45
 

 SLN_1 OUTER ITERATION SUMMARY
 ----------------------------------------------------------------------------------------------------------------------------------------------------------------
                                OUTER      INNER  BACKTRACK  BACKTRACK        INCOMING        OUTGOING                    STEP   MAXIMUM CHANGE MODEL-(CELLID) OR
 OUTER ITERATION STEP       ITERATION  ITERATION       FLAG ITERATIONS        RESIDUAL        RESIDUAL  MAXIMUM CHANGE SUCCESS             MODEL-PACKAGE-(NUMBER)
 ----------------------------------------------------------------------------------------------------------------------------------------------------------------
 Backtracking                       1                     0          0       334.99887       334.99887                       *                                   
 Model                              1          7                                                       -8.96972481E-02       *                    1_GWF-(1,47,37)
 ----------------------------------------------------------------------------------------------------------------------------------------------------------------


 1 CALLS TO NUMERICAL SOLUTION IN TIME STEP 45 STRESS PERIOD 4
 7 TOTAL ITERATIONS

 SLN_1 INNER ITERATION SUMMARY
 --------------------------------------------------------------------------------------------------------------------------------------
      TOTAL      OUTER      INNER                                                            MAXIMUM                                   
  ITERATION  ITERATION  ITERATION  MAXIMUM CHANGE      MAXIMUM CHANGE MODEL-(CELLID)        RESIDUAL    MAXIMUM RESIDUAL MODEL-(CELLID)
 --------------------------------------------------------------------------------------------------------------------------------------
          1          1          1     -0.15063846                    1_GWF-(1,47,37)      -50.295705                    1_GWF-(1,23,54)
          2          1          2  4.52125187E-02                    1_GWF-(1,47,37)      -8.2922554                    1_GWF-(1,39,35)
          3          1          3  2.07820317E-02                    1_GWF-(1,42,37)       4.7048343                    1_GWF-(1,41,36)
          4          1          4 -6.66680864E-03                    1_GWF-(1,44,37)      -1.0716268                    1_GWF-(1,41,36)
          5          1          5 -1.17960217E-03                     1_GWF-(1,5,23)      0.38545987                     1_GWF-(1,5,22)
          6          1          6  1.86829518E-04                    1_GWF-(1,43,37)      0.31241619                     1_GWF-(1,5,22)
          7          1          7 -5.51406892E-04                     1_GWF-(1,6,20)  4.70568360E-02                     1_GWF-(1,5,22)
 --------------------------------------------------------------------------------------------------------------------------------------


 
    Solving:  Stress period:     4    Time step:    46
 

 SLN_1 OUTER ITERATION SUMMARY
 ----------------------------------------------------------------------------------------------------------------------------------------------------------------
                                OUTER      INNER  BACKTRACK  BACKTRACK        INCOMING        OUTGOING                    STEP   MAXIMUM CHANGE MODEL-(CELLID) OR
 OUTER ITERATION STEP       ITERATION  ITERATION       FLAG ITERATIONS        RESIDUAL        RESIDUAL  MAXIMUM CHANGE SUCCESS             MODEL-PACKAGE-(NUMBER)
 ----------------------------------------------------------------------------------------------------------------------------------------------------------------
 Backtracking                       1                     0          0       331.51090       331.51090                       *                                   
 Model                              1          7                                                       -8.87778126E-02       *                    1_GWF-(1,47,37)
 ----------------------------------------------------------------------------------------------------------------------------------------------------------------


 1 CALLS TO NUMERICAL SOLUTION IN TIME STEP 46 STRESS PERIOD 4
 7 TOTAL ITERATIONS

 SLN_1 INNER ITERATION SUMMARY
 --------------------------------------------------------------------------------------------------------------------------------------
      TOTAL      OUTER      INNER                                                            MAXIMUM                                   
  ITERATION  ITERATION  ITERATION  MAXIMUM CHANGE      MAXIMUM CHANGE MODEL-(CELLID)        RESIDUAL    MAXIMUM RESIDUAL MODEL-(CELLID)
 --------------------------------------------------------------------------------------------------------------------------------------
          1          1          1     -0.14914837                    1_GWF-(1,47,37)      -49.846933                    1_GWF-(1,23,54)
          2          1          2  4.65730684E-02                    1_GWF-(1,47,37)      -7.9667005                    1_GWF-(1,39,35)
          3          1          3  1.36049835E-03                    1_GWF-(1,41,29)      -7.5504974                    1_GWF-(1,41,36)
          4          1          4  1.26251824E-02                    1_GWF-(1,43,36)      -1.4934813                    1_GWF-(1,23,54)
          5          1          5 -1.09801590E-03                     1_GWF-(1,4,22)      0.38536141                     1_GWF-(1,5,22)
          6          1          6  7.36848522E-05                    1_GWF-(1,47,37)     -0.27634642                    1_GWF-(1,23,54)
          7          1          7 -5.99283996E-04                     1_GWF-(1,6,20)  4.80777763E-02                     1_GWF-(1,5,22)
 --------------------------------------------------------------------------------------------------------------------------------------


 
    Solving:  Stress period:     4    Time step:    47
 

 SLN_1 OUTER ITERATION SUMMARY
 ----------------------------------------------------------------------------------------------------------------------------------------------------------------
                                OUTER      INNER  BACKTRACK  BACKTRACK        INCOMING        OUTGOING                    STEP   MAXIMUM CHANGE MODEL-(CELLID) OR
 OUTER ITERATION STEP       ITERATION  ITERATION       FLAG ITERATIONS        RESIDUAL        RESIDUAL  MAXIMUM CHANGE SUCCESS             MODEL-PACKAGE-(NUMBER)
 ----------------------------------------------------------------------------------------------------------------------------------------------------------------
 Backtracking                       1                     0          0       328.06089       328.06089                       *                                   
 Model                              1          7                                                       -8.78443507E-02       *                    1_GWF-(1,47,37)
 ----------------------------------------------------------------------------------------------------------------------------------------------------------------


 1 CALLS TO NUMERICAL SOLUTION IN TIME STEP 47 STRESS PERIOD 4
 7 TOTAL ITERATIONS

 SLN_1 INNER ITERATION SUMMARY
 --------------------------------------------------------------------------------------------------------------------------------------
      TOTAL      OUTER      INNER                                                            MAXIMUM                                   
  ITERATION  ITERATION  ITERATION  MAXIMUM CHANGE      MAXIMUM CHANGE MODEL-(CELLID)        RESIDUAL    MAXIMUM RESIDUAL MODEL-(CELLID)
 --------------------------------------------------------------------------------------------------------------------------------------
          1          1          1     -0.14749977                    1_GWF-(1,47,37)      -49.239195                    1_GWF-(1,23,54)
          2          1          2  4.38934589E-02                    1_GWF-(1,47,37)      -8.1640488                    1_GWF-(1,39,35)
          3          1          3  1.64333004E-02                    1_GWF-(1,47,37)       1.9080586                    1_GWF-(1,41,36)
          4          1          4  2.38637956E-03                    1_GWF-(1,39,22)      -1.0837322                    1_GWF-(1,41,37)
          5          1          5 -1.18723909E-03                     1_GWF-(1,5,23)      0.37930024                     1_GWF-(1,5,22)
          6          1          6  1.81482926E-04                    1_GWF-(1,43,37)      0.29827848                     1_GWF-(1,5,22)
          7          1          7 -5.33889377E-04                     1_GWF-(1,6,20)  4.81790071E-02                     1_GWF-(1,5,22)
 --------------------------------------------------------------------------------------------------------------------------------------


 
    Solving:  Stress period:     4    Time step:    48
 

 SLN_1 OUTER ITERATION SUMMARY
 ----------------------------------------------------------------------------------------------------------------------------------------------------------------
                                OUTER      INNER  BACKTRACK  BACKTRACK        INCOMING        OUTGOING                    STEP   MAXIMUM CHANGE MODEL-(CELLID) OR
 OUTER ITERATION STEP       ITERATION  ITERATION       FLAG ITERATIONS        RESIDUAL        RESIDUAL  MAXIMUM CHANGE SUCCESS             MODEL-PACKAGE-(NUMBER)
 ----------------------------------------------------------------------------------------------------------------------------------------------------------------
 Backtracking                       1                     0          0       324.64564       324.64564                       *                                   
 Model                              1          7                                                       -8.69405181E-02       *                    1_GWF-(1,47,37)
 ----------------------------------------------------------------------------------------------------------------------------------------------------------------


 1 CALLS TO NUMERICAL SOLUTION IN TIME STEP 48 STRESS PERIOD 4
 7 TOTAL ITERATIONS

 SLN_1 INNER ITERATION SUMMARY
 --------------------------------------------------------------------------------------------------------------------------------------
      TOTAL      OUTER      INNER                                                            MAXIMUM                                   
  ITERATION  ITERATION  ITERATION  MAXIMUM CHANGE      MAXIMUM CHANGE MODEL-(CELLID)        RESIDUAL    MAXIMUM RESIDUAL MODEL-(CELLID)
 --------------------------------------------------------------------------------------------------------------------------------------
          1          1          1     -0.14605104                    1_GWF-(1,47,37)      -48.798969                    1_GWF-(1,23,54)
          2          1          2  4.52970901E-02                    1_GWF-(1,47,37)      -7.8459749                    1_GWF-(1,39,35)
          3          1          3 -2.76911819E-03                    1_GWF-(1,44,36)      -9.2083146                    1_GWF-(1,41,36)
          4          1          4  1.52723007E-02                    1_GWF-(1,43,36)      -1.3193392                    1_GWF-(1,23,54)
          5          1          5 -1.06133119E-03                     1_GWF-(1,4,22)      0.36954297                     1_GWF-(1,5,22)
          6          1          6  1.08654761E-04                    1_GWF-(1,47,37)      0.25428480                     1_GWF-(1,5,22)
          7          1          7 -5.54317411E-04                     1_GWF-(1,6,20)  4.83218331E-02                     1_GWF-(1,5,22)
 --------------------------------------------------------------------------------------------------------------------------------------


 
    Solving:  Stress period:     4    Time step:    49
 

 SLN_1 OUTER ITERATION SUMMARY
 ----------------------------------------------------------------------------------------------------------------------------------------------------------------
                                OUTER      INNER  BACKTRACK  BACKTRACK        INCOMING        OUTGOING                    STEP   MAXIMUM CHANGE MODEL-(CELLID) OR
 OUTER ITERATION STEP       ITERATION  ITERATION       FLAG ITERATIONS        RESIDUAL        RESIDUAL  MAXIMUM CHANGE SUCCESS             MODEL-PACKAGE-(NUMBER)
 ----------------------------------------------------------------------------------------------------------------------------------------------------------------
 Backtracking                       1                     0          0       321.26702       321.26702                       *                                   
 Model                              1          7                                                       -8.60208996E-02       *                    1_GWF-(1,47,37)
 ----------------------------------------------------------------------------------------------------------------------------------------------------------------


 1 CALLS TO NUMERICAL SOLUTION IN TIME STEP 49 STRESS PERIOD 4
 7 TOTAL ITERATIONS

 SLN_1 INNER ITERATION SUMMARY
 --------------------------------------------------------------------------------------------------------------------------------------
      TOTAL      OUTER      INNER                                                            MAXIMUM                                   
  ITERATION  ITERATION  ITERATION  MAXIMUM CHANGE      MAXIMUM CHANGE MODEL-(CELLID)        RESIDUAL    MAXIMUM RESIDUAL MODEL-(CELLID)
 --------------------------------------------------------------------------------------------------------------------------------------
          1          1          1     -0.14447426                    1_GWF-(1,47,37)      -48.241439                    1_GWF-(1,23,54)
          2          1          2  4.35775669E-02                    1_GWF-(1,47,37)      -7.9263781                    1_GWF-(1,39,35)
          3          1          3  2.54646945E-02                    1_GWF-(1,42,37)       8.1271634                    1_GWF-(1,41,36)
          4          1          4 -1.20828778E-02                    1_GWF-(1,43,37)      -1.0137111                    1_GWF-(1,41,36)
          5          1          5 -1.11392082E-03                     1_GWF-(1,5,23)      0.36793807                     1_GWF-(1,5,22)
          6          1          6  1.79523270E-04                    1_GWF-(1,43,37)      0.29419267                     1_GWF-(1,5,22)
          7          1          7 -5.22860728E-04                     1_GWF-(1,6,20)  4.52206403E-02                     1_GWF-(1,5,22)
 --------------------------------------------------------------------------------------------------------------------------------------


 
    Solving:  Stress period:     4    Time step:    50
 

 SLN_1 OUTER ITERATION SUMMARY
 ----------------------------------------------------------------------------------------------------------------------------------------------------------------
                                OUTER      INNER  BACKTRACK  BACKTRACK        INCOMING        OUTGOING                    STEP   MAXIMUM CHANGE MODEL-(CELLID) OR
 OUTER ITERATION STEP       ITERATION  ITERATION       FLAG ITERATIONS        RESIDUAL        RESIDUAL  MAXIMUM CHANGE SUCCESS             MODEL-PACKAGE-(NUMBER)
 ----------------------------------------------------------------------------------------------------------------------------------------------------------------
 Backtracking                       1                     0          0       317.92204       317.92204                       *                                   
 Model                              1          7                                                       -8.51387723E-02       *                    1_GWF-(1,47,37)
 ----------------------------------------------------------------------------------------------------------------------------------------------------------------


 1 CALLS TO NUMERICAL SOLUTION IN TIME STEP 50 STRESS PERIOD 4
 7 TOTAL ITERATIONS

 SLN_1 INNER ITERATION SUMMARY
 --------------------------------------------------------------------------------------------------------------------------------------
      TOTAL      OUTER      INNER                                                            MAXIMUM                                   
  ITERATION  ITERATION  ITERATION  MAXIMUM CHANGE      MAXIMUM CHANGE MODEL-(CELLID)        RESIDUAL    MAXIMUM RESIDUAL MODEL-(CELLID)
 --------------------------------------------------------------------------------------------------------------------------------------
          1          1          1     -0.14302915                    1_GWF-(1,47,37)      -47.798375                    1_GWF-(1,23,54)
          2          1          2  4.45193448E-02                    1_GWF-(1,47,37)      -7.6605777                    1_GWF-(1,39,35)
          3          1          3 -1.17079582E-03                    1_GWF-(1,44,36)      -7.9473813                    1_GWF-(1,41,36)
          4          1          4  1.32483684E-02                    1_GWF-(1,43,36)      -1.3672040                    1_GWF-(1,23,54)
          5          1          5 -1.04448800E-03                     1_GWF-(1,4,22)      0.36535839                     1_GWF-(1,5,22)
          6          1          6  8.73920355E-05                    1_GWF-(1,47,37)      0.25344391                     1_GWF-(1,5,22)
          7          1          7 -5.60558296E-04                     1_GWF-(1,6,20)  4.63778107E-02                     1_GWF-(1,5,22)
 --------------------------------------------------------------------------------------------------------------------------------------


 
    Solving:  Stress period:     4    Time step:    51
 

 SLN_1 OUTER ITERATION SUMMARY
 ----------------------------------------------------------------------------------------------------------------------------------------------------------------
                                OUTER      INNER  BACKTRACK  BACKTRACK        INCOMING        OUTGOING                    STEP   MAXIMUM CHANGE MODEL-(CELLID) OR
 OUTER ITERATION STEP       ITERATION  ITERATION       FLAG ITERATIONS        RESIDUAL        RESIDUAL  MAXIMUM CHANGE SUCCESS             MODEL-PACKAGE-(NUMBER)
 ----------------------------------------------------------------------------------------------------------------------------------------------------------------
 Backtracking                       1                     0          0       314.61344       314.61344                       *                                   
 Model                              1          7                                                       -8.42398354E-02       *                    1_GWF-(1,47,37)
 ----------------------------------------------------------------------------------------------------------------------------------------------------------------


 1 CALLS TO NUMERICAL SOLUTION IN TIME STEP 51 STRESS PERIOD 4
 7 TOTAL ITERATIONS

 SLN_1 INNER ITERATION SUMMARY
 --------------------------------------------------------------------------------------------------------------------------------------
      TOTAL      OUTER      INNER                                                            MAXIMUM                                   
  ITERATION  ITERATION  ITERATION  MAXIMUM CHANGE      MAXIMUM CHANGE MODEL-(CELLID)        RESIDUAL    MAXIMUM RESIDUAL MODEL-(CELLID)
 --------------------------------------------------------------------------------------------------------------------------------------
          1          1          1     -0.14145974                    1_GWF-(1,47,37)      -47.228459                    1_GWF-(1,23,54)
          2          1          2  4.22624471E-02                    1_GWF-(1,47,37)      -7.8103196                    1_GWF-(1,39,35)
          3          1          3  1.71902737E-02                    1_GWF-(1,47,37)       2.8455095                    1_GWF-(1,41,36)
          4          1          4 -3.78885944E-03                    1_GWF-(1,44,37)      -1.0189453                    1_GWF-(1,41,36)
          5          1          5 -1.12320218E-03                     1_GWF-(1,5,23)      0.36301808                     1_GWF-(1,5,22)
          6          1          6  1.75010918E-04                    1_GWF-(1,43,37)      0.29264558                     1_GWF-(1,5,22)
          7          1          7 -5.18014073E-04                     1_GWF-(1,6,20)  4.46659431E-02                     1_GWF-(1,5,22)
 --------------------------------------------------------------------------------------------------------------------------------------


 
    Solving:  Stress period:     4    Time step:    52
 

 SLN_1 OUTER ITERATION SUMMARY
 ----------------------------------------------------------------------------------------------------------------------------------------------------------------
                                OUTER      INNER  BACKTRACK  BACKTRACK        INCOMING        OUTGOING                    STEP   MAXIMUM CHANGE MODEL-(CELLID) OR
 OUTER ITERATION STEP       ITERATION  ITERATION       FLAG ITERATIONS        RESIDUAL        RESIDUAL  MAXIMUM CHANGE SUCCESS             MODEL-PACKAGE-(NUMBER)
 ----------------------------------------------------------------------------------------------------------------------------------------------------------------
 Backtracking                       1                     0          0       311.33784       311.33784                       *                                   
 Model                              1          7                                                       -8.33760465E-02       *                    1_GWF-(1,47,37)
 ----------------------------------------------------------------------------------------------------------------------------------------------------------------


 1 CALLS TO NUMERICAL SOLUTION IN TIME STEP 52 STRESS PERIOD 4
 7 TOTAL ITERATIONS

 SLN_1 INNER ITERATION SUMMARY
 --------------------------------------------------------------------------------------------------------------------------------------
      TOTAL      OUTER      INNER                                                            MAXIMUM                                   
  ITERATION  ITERATION  ITERATION  MAXIMUM CHANGE      MAXIMUM CHANGE MODEL-(CELLID)        RESIDUAL    MAXIMUM RESIDUAL MODEL-(CELLID)
 --------------------------------------------------------------------------------------------------------------------------------------
          1          1          1     -0.14007089                    1_GWF-(1,47,37)      -46.810998                    1_GWF-(1,23,54)
          2          1          2  4.36790570E-02                    1_GWF-(1,47,37)      -7.4905087                    1_GWF-(1,39,35)
          3          1          3  1.03583723E-03                    1_GWF-(1,41,29)      -7.3581139                    1_GWF-(1,41,36)
          4          1          4  1.22896948E-02                    1_GWF-(1,43,36)      -1.3760211                    1_GWF-(1,23,54)
          5          1          5 -1.02713306E-03                     1_GWF-(1,4,22)      0.36011860                     1_GWF-(1,5,22)
          6          1          6  7.57862611E-05                    1_GWF-(1,47,37)     -0.25342840                    1_GWF-(1,23,54)
          7          1          7 -5.56882083E-04                     1_GWF-(1,6,20)  4.54992112E-02                     1_GWF-(1,5,22)
 --------------------------------------------------------------------------------------------------------------------------------------




 Solution SLN_1 summary
 ----------------------------------------------------------------------
 Total formulate time:  .4687500000000000E-01 seconds
 Total solution time:   .4687500000000000E-01 seconds


 MEMORY MANAGER TOTAL STORAGE BY DATA TYPE, IN MEGABYTES
 -------------------------------
                    ALLOCATED   
 DATA TYPE           MEMORY     
 -------------------------------
 Character        3.03300000E-03
 Logical          4.40000000E-05
 Integer          1.1131360     
 Real             1.8767120     
 -------------------------------
 Total            2.9929250     
 -------------------------------


 
 Run end date and time (yyyy/mm/dd hh:mm:ss): 2025/10/21 10:56:15
 Elapsed run time:  3.267 Seconds
 Normal termination of simulation.
