kper,kstp,k,i,j,AWq
1,1,0,2,46,-3.7049609222199322
1,1,0,3,46,-3.435907863937084
1,1,0,4,46,-3.3998194859615225
1,1,0,5,45,-4.559878702905747
1,1,0,6,45,-4.651717006100224
1,1,0,7,44,-4.7097841320694105
1,1,0,8,43,-4.684821613786037
1,1,0,8,54,-4.583832001785815
1,1,0,9,43,-4.722572366986936
1,1,0,9,52,-4.5480026527364945
1,1,0,9,53,-4.588881403606191
1,1,0,10,42,-4.724594456321205
1,1,0,10,50,-4.471098298705176
1,1,0,10,51,-4.522969321753818
1,1,0,11,42,-4.7232871610069385
1,1,0,11,48,-4.407185151191733
1,1,0,11,49,-4.644047658230447
1,1,0,12,9,-6.2434987833131546
1,1,0,12,42,-4.77497745853249
1,1,0,12,46,-3.755270076412101
1,1,0,12,47,-4.655123575468064
1,1,0,13,10,-6.283562616925142
1,1,0,13,42,-4.780661103222192
1,1,0,13,44,-4.189303808207303
1,1,0,13,45,-4.394173586922374
1,1,0,13,52,-7.337503249935885
1,1,0,13,53,-7.393443288621747
1,1,0,13,54,-7.410416292910288
1,1,0,13,55,-7.426404709039716
1,1,0,14,10,-6.351625965742251
1,1,0,14,11,-6.406535780412068
1,1,0,14,41,-4.864680933247872
1,1,0,14,42,-4.767359758454267
1,1,0,14,43,-4.067202744625728
1,1,0,14,50,-7.182584133980971
1,1,0,14,51,-7.226560875571713
1,1,0,15,12,-6.433491772297406
1,1,0,15,13,-6.494381592305047
1,1,0,15,41,-4.839374590002148
1,1,0,15,48,-7.080620033478171
1,1,0,15,49,-7.150615829339724
1,1,0,16,14,-3.9082965843185846
1,1,0,16,15,-6.42607668585291
1,1,0,16,16,-6.536906491335172
1,1,0,16,17,-6.477777449882091
1,1,0,16,41,-5.013064182260226
1,1,0,16,46,-7.027593851596687
1,1,0,16,47,-7.032611127041214
1,1,0,17,18,-6.472530734529071
1,1,0,17,41,-5.377751878768802
1,1,0,17,42,-6.883515676096958
1,1,0,17,43,-6.945460329292294
1,1,0,17,44,-6.982469180643927
1,1,0,17,45,-6.990526959399348
1,1,0,18,19,-6.345208500848714
1,1,0,18,20,-6.473983791668795
1,1,0,18,40,-3.027822577678691
1,1,0,18,42,-6.879377512500404
1,1,0,19,21,-6.502618871544296
1,1,0,19,40,-3.4074688516360325
1,1,0,19,41,-6.852253878632601
1,1,0,20,22,-6.498184954664928
1,1,0,20,39,-4.748349123328994
1,1,0,20,41,-6.749041019160684
1,1,0,21,23,-6.560686373221676
1,1,0,21,36,-6.768009259808438
1,1,0,21,37,-6.79860965407422
1,1,0,21,38,-6.778251858008378
1,1,0,21,39,-6.748938366573
1,1,0,21,40,-6.818759713165522
1,1,0,21,41,-6.807869491178925
1,1,0,22,24,-6.587124257474179
1,1,0,22,35,-6.763055737945223
1,1,0,23,25,-6.578490399117056
1,1,0,23,26,-6.583075050752222
1,1,0,23,34,-6.751055742918009
1,1,0,24,27,-6.610385560643363
1,1,0,24,28,-6.612952027988034
1,1,0,24,33,-6.751998169977992
1,1,0,25,29,-6.626197594903722
1,1,0,25,33,-6.7486293071530765
1,1,0,26,29,-6.680910756989771
1,1,0,26,32,-6.777562161148496
1,1,0,27,30,-4.867167475294757
1,1,0,27,31,-6.722621985748588
1,1,0,27,32,-6.741192512937967
1,1,0,27,33,-6.715987146379255
1,1,0,28,32,-6.776011920594467
1,1,0,28,33,-6.6898007319585515
1,1,0,29,31,-6.731230583199986
1,1,0,30,31,-6.753028175794769
1,1,0,31,31,-6.691828540211095
1,1,0,32,30,-6.746883751005305
1,1,0,33,27,-6.579595325614231
1,1,0,33,28,-6.57898540961011
1,1,0,33,29,-6.578375753921304
1,1,0,34,25,-6.580594850514351
1,1,0,34,26,-6.5800636149513325
1,1,0,35,22,-6.581958304873759
1,1,0,35,23,-6.581464964074812
1,1,0,35,24,-6.58101325034763
1,1,0,36,14,-6.584992893351919
1,1,0,36,15,-6.5846514858404985
1,1,0,36,16,-6.584318855311939
1,1,0,36,17,-6.583956107126334
1,1,0,36,18,-6.583553821913253
1,1,0,36,19,-6.583133262404108
1,1,0,36,20,-6.582708841867935
1,1,0,36,21,-6.582311105102861
1,1,0,37,14,-6.584922546823361
1,1,0,38,12,-6.585429427113877
1,1,0,38,13,-6.585142914201884
1,1,0,39,11,-6.585562600485221
1,1,0,40,9,-6.585850884778449
1,1,0,40,10,-6.585375213436698
1,1,0,41,7,-6.586255738514114
1,1,0,41,8,-6.5859435762328
1,1,0,42,6,-6.586313546905559
1,1,0,43,5,-6.586166177020773
1,1,0,44,3,-5.7418560078436975
1,1,0,44,4,-5.772857412564813
2,1,0,2,46,-13.6522283450947
2,1,0,3,46,-13.652184493634836
2,1,0,4,46,-13.652135562696692
2,1,0,5,45,-13.65243927145628
2,1,0,6,45,-13.652251248425065
2,1,0,7,44,-13.652552316216804
2,1,0,8,43,-13.652788705683426
2,1,0,8,54,-13.648988726648273
2,1,0,9,43,-13.652435696684279
2,1,0,9,52,-13.649418194771519
2,1,0,9,53,-13.64920665339386
2,1,0,10,42,-13.652720169736249
2,1,0,10,50,-13.649672199210462
2,1,0,10,51,-13.649455377190936
2,1,0,11,42,-13.652288218845566
2,1,0,11,48,-13.649943209993191
2,1,0,11,49,-13.649706263787033
2,1,0,12,9,-13.659848860313451
2,1,0,12,42,-13.65189230236651
2,1,0,12,46,-13.650253345418612
2,1,0,12,47,-13.649995992986106
2,1,0,13,10,-13.660020427503365
2,1,0,13,42,-13.651518994785711
2,1,0,13,44,-13.650620521482429
2,1,0,13,45,-13.650334338409811
2,1,0,13,52,-13.649344783120453
2,1,0,13,53,-13.649267803085237
2,1,0,13,54,-13.649244202662125
2,1,0,13,55,-13.64923857637451
2,1,0,14,10,-13.659996475789836
2,1,0,14,11,-13.660044356023063
2,1,0,14,41,-13.65209565998482
2,1,0,14,42,-13.651238621861348
2,1,0,14,43,-13.650803689788784
2,1,0,14,50,-13.64963012857425
2,1,0,14,51,-13.649607534368704
2,1,0,15,12,-13.660072385610402
2,1,0,15,13,-13.660118285631434
2,1,0,15,41,-13.651899432494778
2,1,0,15,48,-13.649904682343125
2,1,0,15,49,-13.649886424907937
2,1,0,16,14,-13.660071046173849
2,1,0,16,15,-13.66006200697318
2,1,0,16,16,-13.660131462760116
2,1,0,16,17,-13.660282760207835
2,1,0,16,41,-13.651754154220832
2,1,0,16,46,-13.650189821186025
2,1,0,16,47,-13.650152919807802
2,1,0,17,18,-13.660270550802666
2,1,0,17,41,-13.651642983510708
2,1,0,17,42,-13.650972572961741
2,1,0,17,43,-13.650658003884015
2,1,0,17,44,-13.65048838281582
2,1,0,17,45,-13.650440133903519
2,1,0,18,19,-13.6601997543859
2,1,0,18,20,-13.66028236280405
2,1,0,18,40,-13.65261191077112
2,1,0,18,42,-13.651151373738575
2,1,0,19,21,-13.660324138404413
2,1,0,19,40,-13.65261862665281
2,1,0,19,41,-13.651777801394838
2,1,0,20,22,-13.660369163484908
2,1,0,20,39,-13.65395603579291
2,1,0,20,41,-13.651952560017921
2,1,0,21,23,-13.66045657964207
2,1,0,21,36,-13.6577241253201
2,1,0,21,37,-13.656710643036789
2,1,0,21,38,-13.6556103015344
2,1,0,21,39,-13.65441164141787
2,1,0,21,40,-13.653268045114517
2,1,0,21,41,-13.652103894710244
2,1,0,22,24,-13.660615823142104
2,1,0,22,35,-13.659321090673004
2,1,0,23,25,-13.660867389897051
2,1,0,23,26,-13.661019554632862
2,1,0,23,34,-13.66080234614462
2,1,0,24,27,-13.661570011383713
2,1,0,24,28,-13.661778222777352
2,1,0,24,33,-13.662090962678473
2,1,0,25,29,-13.662665669048652
2,1,0,25,33,-13.663340180853394
2,1,0,26,29,-13.663596347080203
2,1,0,26,32,-13.66455394193608
2,1,0,27,30,-13.665253939678633
2,1,0,27,31,-13.665682077988576
2,1,0,27,32,-13.666171310261301
2,1,0,27,33,-13.66691077002762
2,1,0,28,32,-13.66847090738216
2,1,0,28,33,-13.669492786690698
2,1,0,29,31,-13.669899274320827
2,1,0,30,31,-13.67234031287775
2,1,0,31,31,-13.675004937961424
2,1,0,32,30,-13.67517174499889
2,1,0,33,27,-13.67017992041906
2,1,0,33,28,-13.672891626240919
2,1,0,33,29,-13.675531181658707
2,1,0,34,25,-13.66507116326242
2,1,0,34,26,-13.668367851677544
2,1,0,35,22,-13.655567417745551
2,1,0,35,23,-13.658285664650068
2,1,0,35,24,-13.661604744273827
2,1,0,36,14,-13.645880441309954
2,1,0,36,15,-13.64589830591559
2,1,0,36,16,-13.646081805406364
2,1,0,36,17,-13.646398269648218
2,1,0,36,18,-13.646867568191126
2,1,0,36,19,-13.647716913931683
2,1,0,36,20,-13.649048444206086
2,1,0,36,21,-13.650970293213948
2,1,0,37,14,-13.643730041023838
2,1,0,38,12,-13.641824512069435
2,1,0,38,13,-13.641455656301584
2,1,0,39,11,-13.638963051798589
2,1,0,40,9,-13.636266694655722
2,1,0,40,10,-13.633175945069478
2,1,0,41,7,-13.635747945330849
2,1,0,41,8,-13.633691591588846
2,1,0,42,6,-13.63339964801847
2,1,0,43,5,-13.630087439035842
2,1,0,44,3,-13.629590632893228
2,1,0,44,4,-13.626343451435085
2,2,0,2,46,-13.505422986333631
2,2,0,3,46,-13.505368231126571
2,2,0,4,46,-13.505308270088172
2,2,0,5,45,-13.505699938321984
2,2,0,6,45,-13.505518640430168
2,2,0,7,44,-13.505948768239447
2,2,0,8,43,-13.506343178275289
2,2,0,8,54,-13.50168583179206
2,2,0,9,43,-13.506035476218736
2,2,0,9,52,-13.50216751801263
2,2,0,9,53,-13.501922072914626
2,2,0,10,42,-13.506526390507354
2,2,0,10,50,-13.502541546053465
2,2,0,10,51,-13.502261605471604
2,2,0,11,42,-13.506172062561335
2,2,0,11,48,-13.503007349102978
2,2,0,11,49,-13.502676151366767
2,2,0,12,9,-13.51322775936212
2,2,0,12,42,-13.505866837183392
2,2,0,12,46,-13.503596260616819
2,2,0,12,47,-13.503210446493762
2,2,0,13,10,-13.513412251344311
2,2,0,13,42,-13.505598072282988
2,2,0,13,44,-13.504337539872557
2,2,0,13,45,-13.503886136007058
2,2,0,13,52,-13.502160629555517
2,2,0,13,53,-13.502041023384631
2,2,0,13,54,-13.501989117586358
2,2,0,13,55,-13.501969439951013
2,2,0,14,10,-13.513290539371518
2,2,0,14,11,-13.513472548323445
2,2,0,14,41,-13.506498335584023
2,2,0,14,42,-13.50543589128414
2,2,0,14,43,-13.504799193962459
2,2,0,14,50,-13.502612316967856
2,2,0,14,51,-13.502512456986679
2,2,0,15,12,-13.513561585064108
2,2,0,15,13,-13.51376430870939
2,2,0,15,41,-13.506453731462072
2,2,0,15,48,-13.503140285855434
2,2,0,15,49,-13.50300394485294
2,2,0,16,14,-13.513826699033656
2,2,0,16,15,-13.514001105550998
2,2,0,16,16,-13.514258672408571
2,2,0,16,17,-13.514601344144848
2,2,0,16,41,-13.506477676292661
2,2,0,16,46,-13.50378696091501
2,2,0,16,47,-13.503581672336592
2,2,0,17,18,-13.514801006357974
2,2,0,17,41,-13.506553424124244
2,2,0,17,42,-13.505599122943005
2,2,0,17,43,-13.505011159071932
2,2,0,17,44,-13.504587326778202
2,2,0,17,45,-13.504307651897777
2,2,0,18,19,-13.514990289941816
2,2,0,18,20,-13.515311251987228
2,2,0,18,40,-13.508053689461589
2,2,0,18,42,-13.505937551883294
2,2,0,19,21,-13.515690165457384
2,2,0,19,40,-13.508344101713918
2,2,0,19,41,-13.507108487707258
2,2,0,20,22,-13.516134051911163
2,2,0,20,39,-13.510430710821321
2,2,0,20,41,-13.507505331477757
2,2,0,21,23,-13.516688940017541
2,2,0,21,36,-13.5155160336851
2,2,0,21,37,-13.514287234485609
2,2,0,21,38,-13.512912247862811
2,2,0,21,39,-13.511369787861732
2,2,0,21,40,-13.509770452391674
2,2,0,21,41,-13.507847667125546
2,2,0,22,24,-13.517392047018486
2,2,0,22,35,-13.517824440689076
2,2,0,23,25,-13.51827241106072
2,2,0,23,26,-13.518783364637713
2,2,0,23,34,-13.520002015088988
2,2,0,24,27,-13.520079446830337
2,2,0,24,28,-13.520638704628944
2,2,0,24,33,-13.521954147376093
2,2,0,25,29,-13.522382836527125
2,2,0,25,33,-13.523911044653175
2,2,0,26,29,-13.52389872524065
2,2,0,26,32,-13.525760395897182
2,2,0,27,30,-13.52661316480514
2,2,0,27,31,-13.527407694770027
2,2,0,27,32,-13.528182194605273
2,2,0,27,33,-13.529108509104779
2,2,0,28,32,-13.531347599201741
2,2,0,28,33,-13.532619257457581
2,2,0,29,31,-13.533272790437746
2,2,0,30,31,-13.53660183777488
2,2,0,31,31,-13.540184615927028
2,2,0,32,30,-13.540531061370158
2,2,0,33,27,-13.533311522074024
2,2,0,33,28,-13.53711687441196
2,2,0,33,29,-13.540813250835258
2,2,0,34,25,-13.526296740012128
2,2,0,34,26,-13.53081628006695
2,2,0,35,22,-13.513411133105771
2,2,0,35,23,-13.517303501794018
2,2,0,35,24,-13.52184800537057
2,2,0,36,14,-13.496803923215449
2,2,0,36,15,-13.497409453120278
2,2,0,36,16,-13.498242478351699
2,2,0,36,17,-13.499291855425435
2,2,0,36,18,-13.500592018719237
2,2,0,36,19,-13.502356238020088
2,2,0,36,20,-13.504673979971429
2,2,0,36,21,-13.507664750092628
2,2,0,37,14,-13.494419960540798
2,2,0,38,12,-13.491291010604582
2,2,0,38,13,-13.491418571017036
2,2,0,39,11,-13.487761934541886
2,2,0,40,9,-13.483868144569376
2,2,0,40,10,-13.481226309954858
2,2,0,41,7,-13.482479274695706
2,2,0,41,8,-13.480683376169898
2,2,0,42,6,-13.479746994045914
2,2,0,43,5,-13.476153322174243
2,2,0,44,3,-13.475444616122866
2,2,0,44,4,-13.47220743092249
2,3,0,2,46,-13.361572583478422
2,3,0,3,46,-13.361514492636072
2,3,0,4,46,-13.36145239750435
2,3,0,5,45,-13.36188503783324
2,3,0,6,45,-13.36171442047801
2,3,0,7,44,-13.3622098030003
2,3,0,8,43,-13.362686016944183
2,3,0,8,54,-13.357628976846037
2,3,0,9,43,-13.36241434036329
2,3,0,9,52,-13.358134428273159
2,3,0,9,53,-13.357872141232644
2,3,0,10,42,-13.363013819800027
2,3,0,10,50,-13.358571918555928
2,3,0,10,51,-13.358258393674362
2,3,0,11,42,-13.36271364140177
2,3,0,11,48,-13.359144113920498
2,3,0,11,49,-13.358762044014645
2,3,0,12,9,-13.369103870522904
2,3,0,12,42,-13.362468401690908
2,3,0,12,46,-13.359885083044555
2,3,0,12,47,-13.359430774251647
2,3,0,13,10,-13.369298198045113
2,3,0,13,42,-13.362265452908453
2,3,0,13,44,-13.360826905957202
2,3,0,13,45,-13.360289744385437
2,3,0,13,52,-13.35814880599794
2,3,0,13,53,-13.358003389735217
2,3,0,13,54,-13.35793407045642
2,3,0,13,55,-13.357905672506302
2,3,0,14,10,-13.36912142022269
2,3,0,14,11,-13.369387337393809
2,3,0,14,41,-13.363331942040807
2,3,0,14,42,-13.362173908878042
2,3,0,14,43,-13.361437549623812
2,3,0,14,50,-13.358691619170658
2,3,0,14,51,-13.358544423055793
2,3,0,15,12,-13.36952336771689
2,3,0,15,13,-13.369824334727472
2,3,0,15,41,-13.363373848189982
2,3,0,15,48,-13.359361959742998
2,3,0,15,49,-13.359154841770527
2,3,0,16,14,-13.369966286610167
2,3,0,16,15,-13.370254365040866
2,3,0,16,16,-13.370626953204233
2,3,0,16,17,-13.371085074853989
2,3,0,16,41,-13.363490867436292
2,3,0,16,46,-13.360210315001998
2,3,0,16,47,-13.359907795724444
2,3,0,17,18,-13.371422216101351
2,3,0,17,41,-13.363666201029378
2,3,0,17,42,-13.362571999343254
2,3,0,17,43,-13.361843220388023
2,3,0,17,44,-13.36128379423223
2,3,0,17,45,-13.360876500401808
2,3,0,18,19,-13.371775237067604
2,3,0,18,20,-13.372234432756876
2,3,0,18,40,-13.365427800564463
2,3,0,18,42,-13.362991519566672
2,3,0,19,21,-13.372814315512965
2,3,0,19,40,-13.365860403395619
2,3,0,19,41,-13.364434442245921
2,3,0,20,22,-13.373488175737227
2,3,0,20,39,-13.368303133846906
2,3,0,20,41,-13.36493988429785
2,3,0,21,23,-13.374303107038518
2,3,0,21,36,-13.373983069672935
2,3,0,21,37,-13.372662452654769
2,3,0,21,38,-13.371167409621863
2,3,0,21,39,-13.36947085898146
2,3,0,21,40,-13.367660097863736
2,3,0,21,41,-13.365374311963391
2,3,0,22,24,-13.375297348316348
2,3,0,22,35,-13.37660880323077
2,3,0,23,25,-13.376500886574236
2,3,0,23,26,-13.377189377878805
2,3,0,23,34,-13.379092194493921
2,3,0,24,27,-13.37884459245874
2,3,0,24,28,-13.379567841553497
2,3,0,24,33,-13.381332591947714
2,3,0,25,29,-13.381699303984561
2,3,0,25,33,-13.38358999028934
2,3,0,26,29,-13.383470692174257
2,3,0,26,32,-13.38570872633959
2,3,0,27,30,-13.386631099307516
2,3,0,27,31,-13.387574313210248
2,3,0,27,32,-13.388460048111131
2,3,0,27,33,-13.389452762290876
2,3,0,28,32,-13.39197058917292
2,3,0,28,33,-13.393330482561842
2,3,0,29,31,-13.39409863659326
2,3,0,30,31,-13.397775264331267
2,3,0,31,31,-13.401713297196219
2,3,0,32,30,-13.402139737017105
2,3,0,33,27,-13.394069605112824
2,3,0,33,28,-13.398296417963177
2,3,0,33,29,-13.402396091385933
2,3,0,34,25,-13.386322453241103
2,3,0,34,26,-13.391318347264024
2,3,0,35,22,-13.372094050581618
2,3,0,35,23,-13.376471137963133
2,3,0,35,24,-13.381505902201301
2,3,0,36,14,-13.352286212480658
2,3,0,36,15,-13.353201444959113
2,3,0,36,16,-13.354366544641064
2,3,0,36,17,-13.355780268427417
2,3,0,36,18,-13.357483013592406
2,3,0,36,19,-13.359676817024539
2,3,0,36,20,-13.362441486883176
2,3,0,36,21,-13.365899477089123
2,3,0,37,14,-13.349837352813179
2,3,0,38,12,-13.34609700842395
2,3,0,38,13,-13.346498055853374
2,3,0,39,11,-13.342258703319192
2,3,0,40,9,-13.33778346336672
2,3,0,40,10,-13.33540216369971
2,3,0,41,7,-13.335992975900917
2,3,0,41,8,-13.33434274697896
2,3,0,42,6,-13.333126578200021
2,3,0,43,5,-13.329460854392156
2,3,0,44,3,-13.328677563419156
2,3,0,44,4,-13.325487095381389
2,4,0,2,46,-13.21995079727797
2,4,0,3,46,-13.219892082760055
2,4,0,4,46,-13.219830292276884
2,4,0,5,45,-13.220279319267041
2,4,0,6,45,-13.220116165920142
2,4,0,7,44,-13.220639425233998
2,4,0,8,43,-13.221151532617496
2,4,0,8,54,-13.215942125123497
2,4,0,9,43,-13.220900434323793
2,4,0,9,52,-13.216456021322246
2,4,0,9,53,-13.216187275476853
2,4,0,10,42,-13.221547975290003
2,4,0,10,50,-13.216921475006123
2,4,0,10,51,-13.216593789838228
2,4,0,11,42,-13.221277209409873
2,4,0,11,48,-13.217541423504985
2,4,0,11,49,-13.217137436566196
2,4,0,12,9,-13.227164745345213
2,4,0,12,42,-13.221063743184494
2,4,0,12,46,-13.218350918821827
2,4,0,12,47,-13.217866910997452
2,4,0,13,10,-13.227364112177533
2,4,0,13,42,-13.220894960316272
2,4,0,13,44,-13.219382639546359
2,4,0,13,45,-13.218808529086434
2,4,0,13,52,-13.21648127151366
2,4,0,13,53,-13.21632400823031
2,4,0,13,54,-13.216246522878958
2,4,0,13,55,-13.216213966513205
2,4,0,14,10,-13.2271616962798
2,4,0,14,11,-13.227470146856898
2,4,0,14,41,-13.222034249364158
2,4,0,14,42,-13.220839080294137
2,4,0,14,43,-13.220060930114442
2,4,0,14,50,-13.217065456627871
2,4,0,14,51,-13.21689606941387
2,4,0,15,12,-13.227633772666753
2,4,0,15,13,-13.227985357712361
2,4,0,15,41,-13.22211851640857
2,4,0,15,48,-13.217801125667116
2,4,0,15,49,-13.217560942206154
2,4,0,16,14,-13.228173028331568
2,4,0,16,15,-13.228520011473904
2,4,0,16,16,-13.228951788643839
2,4,0,16,17,-13.229468880688762
2,4,0,16,41,-13.22228029750937
2,4,0,16,46,-13.218741891693158
2,4,0,16,47,-13.218394496668946
2,4,0,17,18,-13.22988029763314
2,4,0,17,41,-13.222502807148977
2,4,0,17,42,-13.221349896058062
2,4,0,17,43,-13.22055950288948
2,4,0,17,44,-13.21993951583664
2,4,0,17,45,-13.219474124983199
2,4,0,18,19,-13.230320351391269
2,4,0,18,20,-13.23084919272816
2,4,0,18,40,-13.224377053982403
2,4,0,18,42,-13.221806140468452
2,4,0,19,21,-13.231532098172448
2,4,0,19,40,-13.224874533067224
2,4,0,19,41,-13.223368504803362
2,4,0,20,22,-13.232321494644196
2,4,0,20,39,-13.227468925105109
2,4,0,20,41,-13.223922305869522
2,4,0,21,23,-13.23326421863026
2,4,0,21,36,-13.233388509830215
2,4,0,21,37,-13.232034482461867
2,4,0,21,38,-13.230493654986317
2,4,0,21,39,-13.228736343957435
2,4,0,21,40,-13.226838448724994
2,4,0,21,41,-13.224397385562837
2,4,0,22,24,-13.234398236334982
2,4,0,22,35,-13.236143691369811
2,4,0,23,25,-13.235753232432863
2,4,0,23,26,-13.236524032696177
2,4,0,23,34,-13.238750821869132
2,4,0,24,27,-13.238340830214838
2,4,0,24,28,-13.239137944554324
2,4,0,24,33,-13.241107301293784
2,4,0,25,29,-13.241436869499324
2,4,0,25,33,-13.243486606783646
2,4,0,26,29,-13.24331398141115
2,4,0,26,32,-13.245711945845875
2,4,0,27,30,-13.246657446428381
2,4,0,27,31,-13.247662407259439
2,4,0,27,32,-13.248593199646567
2,4,0,27,33,-13.249610215492298
2,4,0,28,32,-13.252234983591595
2,4,0,28,33,-13.253626155612471
2,4,0,29,31,-13.254438621348951
2,4,0,30,31,-13.258245253977648
2,4,0,31,31,-13.262314333644277
2,4,0,32,30,-13.262772389917018
2,4,0,33,27,-13.254377598556273
2,4,0,33,28,-13.258764215962074
2,4,0,33,29,-13.263015508067856
2,4,0,34,25,-13.246352770076536
2,4,0,34,26,-13.251529980587108
2,4,0,35,22,-13.231605766614065
2,4,0,35,23,-13.236176487320863
2,4,0,35,24,-13.241401512215715
2,4,0,36,14,-13.210417206158846
2,4,0,36,15,-13.21147630327555
2,4,0,36,16,-13.21279341117054
2,4,0,36,17,-13.214371798375849
2,4,0,36,18,-13.216254267947736
2,4,0,36,19,-13.218636139388703
2,4,0,36,20,-13.221591917828013
2,4,0,36,21,-13.225244507297987
2,4,0,37,14,-13.207955024083962
2,4,0,38,12,-13.203943146109703
2,4,0,38,13,-13.204474528566632
2,4,0,39,11,-13.199979162691658
2,4,0,40,9,-13.195250324391656
2,4,0,40,10,-13.193008525396872
2,4,0,41,7,-13.193279990823413
2,4,0,41,8,-13.19170885727734
2,4,0,42,6,-13.190368430869857
2,4,0,43,5,-13.186691728387338
2,4,0,44,3,-13.185878960736183
2,4,0,44,4,-13.182729755605903
2,5,0,2,46,-13.080185578913676
2,5,0,3,46,-13.08012716538919
2,5,0,4,46,-13.080066235225477
2,5,0,5,45,-13.08051982154264
2,5,0,6,45,-13.080361531909361
2,5,0,7,44,-13.080894207527097
2,5,0,8,43,-13.08141936021107
2,5,0,8,54,-13.076175766946427
2,5,0,9,43,-13.081179694382469
2,5,0,9,52,-13.076690372822107
2,5,0,9,53,-13.076420442048336
2,5,0,10,42,-13.081844922071369
2,5,0,10,50,-13.077165821162806
2,5,0,10,51,-13.076833772130206
2,5,0,11,42,-13.081589720793112
2,5,0,11,48,-13.077803845177696
2,5,0,11,49,-13.07739250108825
2,5,0,12,9,-13.087143609165235
2,5,0,12,42,-13.081392560286593
2,5,0,12,46,-13.078639639880429
2,5,0,12,47,-13.078145317715178
2,5,0,13,10,-13.087344733127424
2,5,0,13,42,-13.081240907928198
2,5,0,13,44,-13.079705648171206
2,5,0,13,45,-13.079118746094629
2,5,0,13,52,-13.076721879415327
2,5,0,13,53,-13.07656016106623
2,5,0,13,54,-13.076479451357276
2,5,0,13,55,-13.076445208965756
2,5,0,14,10,-13.087131375480412
2,5,0,14,11,-13.087459229366523
2,5,0,14,41,-13.08240627694573
2,5,0,14,42,-13.081202179438554
2,5,0,14,43,-13.08041051120162
2,5,0,14,50,-13.077321821365382
2,5,0,14,51,-13.077143391113582
2,5,0,15,12,-13.087636660832095
2,5,0,15,13,-13.08801164540752
2,5,0,15,41,-13.082509942827645
2,5,0,15,48,-13.078083138919409
2,5,0,15,49,-13.077829446159623
2,5,0,16,14,-13.088222128014321
2,5,0,16,15,-13.088596651348675
2,5,0,16,16,-13.089055682054687
2,5,0,16,17,-13.089599498918709
2,5,0,16,41,-13.082691716948133
2,5,0,16,46,-13.079060413457183
2,5,0,16,47,-13.078694930435994
2,5,0,17,18,-13.090046284568364
2,5,0,17,41,-13.08293488675272
2,5,0,17,42,-13.081762897698004
2,5,0,17,43,-13.080949970804511
2,5,0,17,44,-13.080306837575945
2,5,0,17,45,-13.079818369282608
2,5,0,18,19,-13.09052759954628
2,5,0,18,20,-13.091088159537852
2,5,0,18,40,-13.084848982475604
2,5,0,18,42,-13.082233581930968
2,5,0,19,21,-13.091818400464893
2,5,0,19,40,-13.085373363307616
2,5,0,19,41,-13.08384056611069
2,5,0,20,22,-13.092660255427974
2,5,0,20,39,-13.088020934084126
2,5,0,20,41,-13.084413305709923
2,5,0,21,23,-13.093660074351162
2,5,0,21,36,-13.094012475552278
2,5,0,21,37,-13.092652072405428
2,5,0,21,38,-13.091100225432196
2,5,0,21,39,-13.089326267325674
2,5,0,21,40,-13.08740056859342
2,5,0,21,41,-13.084904170727002
2,5,0,22,24,-13.09485536352915
2,5,0,22,35,-13.09680951020411
2,5,0,23,25,-13.096275355579033
2,5,0,23,26,-13.097081714082822
2,5,0,23,34,-13.099456602556456
2,5,0,24,27,-13.098964635227155
2,5,0,24,28,-13.099792783162881
2,5,0,24,33,-13.10185086760172
2,5,0,25,29,-13.102156529157405
2,5,0,25,33,-13.10427132256258
2,5,0,26,29,-13.104070792524542
2,5,0,26,32,-13.10653064846252
2,5,0,27,30,-13.10747882133784
2,5,0,27,31,-13.108506821291915
2,5,0,27,32,-13.109453406650305
2,5,0,27,33,-13.110476274859119
2,5,0,28,32,-13.113132682649862
2,5,0,28,33,-13.11453053439757
2,5,0,29,31,-13.115356347335203
2,5,0,30,31,-13.119198818678482
2,5,0,31,31,-13.123302592085452
2,5,0,32,30,-13.123771359165794
2,5,0,33,27,-13.115277877329506
2,5,0,33,28,-13.119711491927356
2,5,0,33,29,-13.124006571612103
2,5,0,34,25,-13.10717286755285
2,5,0,34,26,-13.11240284030982
2,5,0,35,22,-13.09227252983639
2,5,0,35,23,-13.096906320209097
2,5,0,35,24,-13.102188687501354
2,5,0,36,14,-13.07056063685569
2,5,0,36,15,-13.0716814838531
2,5,0,36,16,-13.07306257333429
2,5,0,36,17,-13.074709212599753
2,5,0,36,18,-13.076665061704665
2,5,0,36,19,-13.079121144936968
2,5,0,36,20,-13.082149018969979
2,5,0,36,21,-13.08587106788397
2,5,0,37,14,-13.068107005969038
2,5,0,38,12,-13.063990526175354
2,5,0,38,13,-13.064580437489166
2,5,0,39,11,-13.059990236953109
2,5,0,40,9,-13.055168477605196
2,5,0,40,10,-13.053005732186707
2,5,0,41,7,-13.053124363130218
2,5,0,41,8,-13.051599736206171
2,5,0,42,6,-13.050208459506996
2,5,0,43,5,-13.046548154927851
2,5,0,44,3,-13.04572632123213
2,5,0,44,4,-13.042614863808243
2,6,0,2,46,-12.942096282222249
2,6,0,3,46,-12.942038625371657
2,6,0,4,46,-12.94197884393179
2,6,0,5,45,-12.94243115858562
2,6,0,6,45,-12.942276355662603
2,6,0,7,44,-12.942809309869439
2,6,0,8,43,-12.943336511887503
2,6,0,8,54,-12.938118070154166
2,6,0,9,43,-12.943104019796744
2,6,0,9,52,-12.938630002683544
2,6,0,9,53,-12.938361279972833
2,6,0,10,42,-12.943772941319938
2,6,0,10,50,-12.939106274794637
2,6,0,10,51,-12.938774886414132
2,6,0,11,42,-12.943527063352889
2,6,0,11,48,-12.939747039223372
2,6,0,11,49,-12.939335710207908
2,6,0,12,9,-12.948851377262976
2,6,0,12,42,-12.943339199826047
2,6,0,12,46,-12.940587854398403
2,6,0,12,47,-12.940092771917683
2,6,0,13,10,-12.949052277932447
2,6,0,13,42,-12.94319686747022
2,6,0,13,44,-12.941661617018937
2,6,0,13,45,-12.941073117702892
2,6,0,13,52,-12.93866401929162
2,6,0,13,53,-12.938501550118023
2,6,0,13,54,-12.938419962834498
2,6,0,13,55,-12.938385206590793
2,6,0,14,10,-12.948835479240609
2,6,0,14,11,-12.9491703113436
2,6,0,14,41,-12.944367142396185
2,6,0,14,42,-12.943166695038645
2,6,0,14,43,-12.942374110475004
2,6,0,14,50,-12.939266259188066
2,6,0,14,51,-12.939085390489778
2,6,0,15,12,-12.949353455982994
2,6,0,15,13,-12.9497372692104
2,6,0,15,41,-12.944479544126587
2,6,0,15,48,-12.940033095716384
2,6,0,15,49,-12.939775573858213
2,6,0,16,14,-12.949958117136125
2,6,0,16,15,-12.95034404607382
2,6,0,16,16,-12.95081418144703
2,6,0,16,17,-12.951368637333838
2,6,0,16,41,-12.944669740874254
2,6,0,16,46,-12.941019714407357
2,6,0,16,47,-12.940648887573294
2,6,0,17,18,-12.951832034171748
2,6,0,17,41,-12.944921171306316
2,6,0,17,42,-12.943747795630461
2,6,0,17,43,-12.942929726886174
2,6,0,17,44,-12.942280177109328
2,6,0,17,45,-12.941784522749833
2,6,0,18,19,-12.952332836386153
2,6,0,18,20,-12.952906609826266
2,6,0,18,40,-12.946841840985456
2,6,0,18,42,-12.944222512113116
2,6,0,19,21,-12.953657631803525
2,6,0,19,40,-12.947375537406922
2,6,0,19,41,-12.945840097848277
2,6,0,20,22,-12.954521629713279
2,6,0,20,39,-12.950031196139683
2,6,0,20,41,-12.946418154526402
2,6,0,21,23,-12.955544304588498
2,6,0,21,36,-12.956017447068024
2,6,0,21,37,-12.954663399518127
2,6,0,21,38,-12.953116603503975
2,6,0,21,39,-12.951346146214737
2,6,0,21,40,-12.9494195998216
2,6,0,21,41,-12.946913247309334
2,6,0,22,24,-12.956762722675688
2,6,0,22,35,-12.958816196389193
2,6,0,23,25,-12.958205885808086
2,6,0,23,26,-12.959024544849122
2,6,0,23,34,-12.961465084994682
2,6,0,24,27,-12.960928495927636
2,6,0,24,28,-12.961767042580231
2,6,0,24,33,-12.96386175743005
2,6,0,25,29,-12.964149013098059
2,6,0,25,33,-12.966287952392225
2,6,0,26,29,-12.96607033114248
2,6,0,26,32,-12.968549092912733
2,6,0,27,30,-12.969490911455859
2,6,0,27,31,-12.97052510204343
2,6,0,27,32,-12.971475047720089
2,6,0,27,33,-12.972496218360662
2,6,0,28,32,-12.97515130756819
2,6,0,28,33,-12.976545513477237
2,6,0,29,31,-12.97737087935007
2,6,0,30,31,-12.981208433185587
2,6,0,31,31,-12.985305003517709
2,6,0,32,30,-12.985775251036017
2,6,0,33,27,-12.97728329417278
2,6,0,33,28,-12.98171369239574
2,6,0,33,29,-12.986004903198271
2,6,0,34,25,-12.969187742665643
2,6,0,34,26,-12.97441228813328
2,6,0,35,22,-12.954302418409428
2,6,0,35,23,-12.95893894486936
2,6,0,35,24,-12.964217587799823
2,6,0,36,14,-12.932465514355187
2,6,0,36,15,-12.933609850443537
2,6,0,36,16,-12.93501399001328
2,6,0,36,17,-12.936684134614868
2,6,0,36,18,-12.938664025835541
2,6,0,36,19,-12.941141454796558
2,6,0,36,20,-12.944186136282523
2,6,0,36,21,-12.947919537207154
2,6,0,37,14,-12.930030031351848
2,6,0,38,12,-12.925886660040517
2,6,0,38,13,-12.926501299973959
2,6,0,39,11,-12.921892301750436
2,6,0,40,9,-12.917056027384621
2,6,0,40,10,-12.914942383963
2,6,0,41,7,-12.91499083499709
2,6,0,41,8,-12.913496495426239
2,6,0,42,6,-12.912090473708357
2,6,0,43,5,-12.908458818751336
2,6,0,44,3,-12.907636691316567
2,6,0,44,4,-12.904561222948631
2,7,0,2,46,-12.805588481008558
2,7,0,3,46,-12.80553128747497
2,7,0,4,46,-12.80547201280237
2,7,0,5,45,-12.805921303192434
2,7,0,6,45,-12.805768527888187
2,7,0,7,44,-12.806298716714902
2,7,0,8,43,-12.806823920034459
2,7,0,8,54,-12.801643317347484
2,7,0,9,43,-12.806595464001463
2,7,0,9,52,-12.802150844387313
2,7,0,9,53,-12.801884312863523
2,7,0,10,42,-12.807262153161878
2,7,0,10,50,-12.802624781501722
2,7,0,10,51,-12.802295489882358
2,7,0,11,42,-12.80702132704406
2,7,0,11,48,-12.803263480712609
2,7,0,11,49,-12.802854293313981
2,7,0,12,9,-12.812211125561763
2,7,0,12,42,-12.806838215479265
2,7,0,12,46,-12.804102249331052
2,7,0,12,47,-12.803609378493148
2,7,0,13,10,-12.812411069553848
2,7,0,13,42,-12.806700439398174
2,7,0,13,44,-12.80517365959494
2,7,0,13,45,-12.804587633751135
2,7,0,13,52,-12.802185845717482
2,7,0,13,53,-12.802024022094436
2,7,0,13,54,-12.801942613777161
2,7,0,13,55,-12.801907897453784
2,7,0,14,10,-12.812193066273307
2,7,0,14,11,-12.812530150717883
2,7,0,14,41,-12.807865942119497
2,7,0,14,42,-12.806673888812172
2,7,0,14,43,-12.805885355454016
2,7,0,14,50,-12.802785772720352
2,7,0,14,51,-12.802604766530488
2,7,0,15,12,-12.812714666853951
2,7,0,15,13,-12.81310107220552
2,7,0,15,41,-12.807981184475004
2,7,0,15,48,-12.80355092552611
2,7,0,15,49,-12.80329299715899
2,7,0,16,14,-12.813324770227046
2,7,0,16,15,-12.813714173002694
2,7,0,16,16,-12.814187053094244
2,7,0,16,17,-12.814743467599236
2,7,0,16,41,-12.808173670296089
2,7,0,16,46,-12.804536278343546
2,7,0,16,47,-12.80416504133724
2,7,0,17,18,-12.81521043302529
2,7,0,17,41,-12.808426989489242
2,7,0,17,42,-12.807259811210507
2,7,0,17,43,-12.806444242037557
2,7,0,17,44,-12.805795639404169
2,7,0,17,45,-12.805299642322517
2,7,0,18,19,-12.815715771368241
2,7,0,18,20,-12.816292425016766
2,7,0,18,40,-12.810339119058938
2,7,0,18,42,-12.807733309199394
2,7,0,19,21,-12.817047216787095
2,7,0,19,40,-12.81087350911885
2,7,0,19,41,-12.809345893415044
2,7,0,20,22,-12.817915136687112
2,7,0,20,39,-12.81351687624822
2,7,0,20,41,-12.809922735118738
2,7,0,21,23,-12.818941366177175
2,7,0,21,36,-12.8194654231426
2,7,0,21,37,-12.818122009103996
2,7,0,21,38,-12.816586497238724
2,7,0,21,39,-12.814828025530314
2,7,0,21,40,-12.812912525907182
2,7,0,21,41,-12.810416720998202
2,7,0,22,24,-12.820162515541474
2,7,0,22,35,-12.822248166411105
2,7,0,23,25,-12.821607208475939
2,7,0,23,26,-12.822427148287446
2,7,0,23,34,-12.824881985547023
2,7,0,24,27,-12.824328823537456
2,7,0,24,28,-12.82516739244735
2,7,0,24,33,-12.827265317318282
2,7,0,25,29,-12.8275426948004
2,7,0,25,33,-12.82967915745591
2,7,0,26,29,-12.829454970976922
2,7,0,26,32,-12.831927374452448
2,7,0,27,30,-12.83286029675389
2,7,0,27,31,-12.833891161486642
2,7,0,27,32,-12.834836986323685
2,7,0,27,33,-12.835851406147464
2,7,0,28,32,-12.838489920528385
2,7,0,28,33,-12.839874452294238
2,7,0,29,31,-12.84069422366191
2,7,0,30,31,-12.844506960591563
2,7,0,31,31,-12.848576412270504
2,7,0,32,30,-12.84904434393942
2,7,0,33,27,-12.840601041119932
2,7,0,33,28,-12.845004906625064
2,7,0,33,29,-12.84927000932941
2,7,0,34,25,-12.832555301174668
2,7,0,34,26,-12.83774800729212
2,7,0,35,22,-12.817760312522342
2,7,0,35,23,-12.822372237305
2,7,0,35,24,-12.827619657918786
2,7,0,36,14,-12.795987939391575
2,7,0,36,15,-12.797136720026062
2,7,0,36,16,-12.798543662911072
2,7,0,36,17,-12.800215347551335
2,7,0,36,18,-12.802195324821295
2,7,0,36,19,-12.804668817221078
2,7,0,36,20,-12.80770431732073
2,7,0,36,21,-12.811422200573642
2,7,0,37,14,-12.793574810462331
2,7,0,38,12,-12.789442328437426
2,7,0,38,13,-12.79006519300396
2,7,0,39,11,-12.78547329314097
2,7,0,40,9,-12.780656821193201
2,7,0,40,10,-12.778578872514771
2,7,0,41,7,-12.778592716651737
2,7,0,41,8,-12.77712142964381
2,7,0,42,6,-12.775716312186534
2,7,0,43,5,-12.77211943832871
2,7,0,44,3,-12.771302111450803
2,7,0,44,4,-12.768261378326434
2,8,0,2,46,-12.670617165031926
2,8,0,3,46,-12.670560507953748
2,8,0,4,46,-12.670501814377127
2,8,0,5,45,-12.670947150089058
2,8,0,6,45,-12.670796188869792
2,8,0,7,44,-12.67132205876227
2,8,0,8,43,-12.671843294559384
2,8,0,8,54,-12.66670948948435
2,8,0,9,43,-12.671617922752311
2,8,0,9,52,-12.667212132837312
2,8,0,9,53,-12.666948087189208
2,8,0,10,42,-12.672279662376503
2,8,0,10,50,-12.667682256973475
2,8,0,10,51,-12.667355785476314
2,8,0,11,42,-12.672042386283987
2,8,0,11,48,-12.668316245205
2,8,0,11,49,-12.667910380057787
2,8,0,12,9,-12.67713637168562
2,8,0,12,42,-12.6718623345689
2,8,0,12,46,-12.669149126735872
2,8,0,12,47,-12.668660099985152
2,8,0,13,10,-12.67733468484899
2,8,0,13,42,-12.671727255912003
2,8,0,13,44,-12.670213138829535
2,8,0,13,45,-12.669631625720553
2,8,0,13,52,-12.667247116010813
2,8,0,13,53,-12.667086525460022
2,8,0,13,54,-12.667005685357562
2,8,0,13,55,-12.66697120043411
2,8,0,14,10,-12.677117083374272
2,8,0,14,11,-12.67745354342525
2,8,0,14,41,-12.672883718155056
2,8,0,14,42,-12.671702341462609
2,8,0,14,43,-12.670920210938167
2,8,0,14,50,-12.667842470230983
2,8,0,14,51,-12.667662487523103
2,8,0,15,12,-12.677637688371147
2,8,0,15,13,-12.67802338373803
2,8,0,15,41,-12.67299943171503
2,8,0,15,48,-12.668602340502408
2,8,0,15,49,-12.668345773476325
2,8,0,16,14,-12.67824720320307
2,8,0,16,15,-12.678636270451326
2,8,0,16,16,-12.679107988154707
2,8,0,16,17,-12.679662383448543
2,8,0,16,41,-12.673191710681943
2,8,0,16,46,-12.669581295235144
2,8,0,16,47,-12.66921208775562
2,8,0,17,18,-12.68012835223698
2,8,0,17,41,-12.673444313068206
2,8,0,17,42,-12.672286719866705
2,8,0,17,43,-12.67147705924633
2,8,0,17,44,-12.670832709377216
2,8,0,17,45,-12.6703395078861
2,8,0,18,19,-12.680632872492227
2,8,0,18,20,-12.681207715326385
2,8,0,18,40,-12.675341431493466
2,8,0,18,42,-12.672756880257777
2,8,0,19,21,-12.68195982379841
2,8,0,19,40,-12.675872976287865
2,8,0,19,41,-12.674357769915126
2,8,0,20,22,-12.682824432424011
2,8,0,20,39,-12.67849546023071
2,8,0,20,41,-12.674930698452796
2,8,0,21,23,-12.683846255453698
2,8,0,21,36,-12.684392578822147
2,8,0,21,37,-12.683061754540889
2,8,0,21,38,-12.681540207829396
2,8,0,21,39,-12.679797296112461
2,8,0,21,40,-12.677897859813797
2,8,0,21,41,-12.675421306487141
2,8,0,22,24,-12.685061529462427
2,8,0,22,35,-12.687151943335069
2,8,0,23,25,-12.686498588027293
2,8,0,23,26,-12.687314553560924
2,8,0,23,34,-12.689763622247105
2,8,0,24,27,-12.689204391562969
2,8,0,24,28,-12.69003837020455
2,8,0,24,33,-12.692127005328881
2,8,0,25,29,-12.692397280811583
2,8,0,25,33,-12.694521420736997
2,8,0,26,29,-12.69429456361144
2,8,0,26,32,-12.696750680300916
2,8,0,27,30,-12.697673802426696
2,8,0,27,31,-12.698697489804838
2,8,0,27,32,-12.699636261932744
2,8,0,27,33,-12.700642040905484
2,8,0,28,32,-12.703257755852276
2,8,0,28,33,-12.704630180030358
2,8,0,29,31,-12.705442391982267
2,8,0,30,31,-12.709222143784508
2,8,0,31,31,-12.713256126246007
2,8,0,32,30,-12.713720400421067
2,8,0,33,27,-12.705347567823353
2,8,0,33,28,-12.709714263738892
2,8,0,33,29,-12.713943167545084
2,8,0,34,25,-12.697370681329907
2,8,0,34,26,-12.702519349278889
2,8,0,35,22,-12.682701108425485
2,8,0,35,23,-12.687275831989998
2,8,0,35,24,-12.69247932439659
2,8,0,36,14,-12.661078883837595
2,8,0,36,15,-12.662223597844248
2,8,0,36,16,-12.663624286588332
2,8,0,36,17,-12.665287672164187
2,8,0,36,18,-12.66725698183085
2,8,0,36,19,-12.669715155005361
2,8,0,36,20,-12.672729694154611
2,8,0,36,21,-12.676419803179115
2,8,0,37,14,-12.658690064355602
2,8,0,38,12,-12.654585754408094
2,8,0,38,13,-12.655209216561342
2,8,0,39,11,-12.650651213387125
2,8,0,40,9,-12.645871243384308
2,8,0,40,10,-12.643822266591684
2,8,0,41,7,-12.643819282001418
2,8,0,41,8,-12.642367395067419
2,8,0,42,6,-12.640970607509331
2,8,0,43,5,-12.637410675454035
2,8,0,44,3,-12.636599946272668
2,8,0,44,4,-12.633593257057619
2,9,0,2,46,-12.537153428634037
2,9,0,3,46,-12.53709734492017
2,9,0,4,46,-12.537039259262901
2,9,0,5,45,-12.537480237503061
2,9,0,6,45,-12.537330968225936
2,9,0,7,44,-12.537851847943116
2,9,0,8,43,-12.538368273031292
2,9,0,8,54,-12.533285226504935
2,9,0,9,43,-12.538145588772858
2,9,0,9,52,-12.533782778175572
2,9,0,9,53,-12.533521373823628
2,9,0,10,42,-12.538801263191985
2,9,0,10,50,-12.534248469927643
2,9,0,10,51,-12.533925153654678
2,9,0,11,42,-12.538566951261407
2,9,0,11,48,-12.534876668307415
2,9,0,11,49,-12.534474647047526
2,9,0,12,9,-12.543585630766014
2,9,0,12,42,-12.53838931482407
2,9,0,12,46,-12.535702073090556
2,9,0,12,47,-12.53521761064449
2,9,0,13,10,-12.543782087271698
2,9,0,13,42,-12.538256231000155
2,9,0,13,44,-12.536756585746986
2,9,0,13,45,-12.536180476648344
2,9,0,13,52,-12.533817567953474
2,9,0,13,53,-12.533658460254058
2,9,0,13,54,-12.533578343556515
2,9,0,13,55,-12.533544162199892
2,9,0,14,10,-12.54356587033812
2,9,0,14,11,-12.543900203083748
2,9,0,14,41,-12.539401947946066
2,9,0,14,42,-12.53823220282221
2,9,0,14,43,-12.537457485265529
2,9,0,14,50,-12.534407430087423
2,9,0,14,51,-12.534228953244018
2,9,0,15,12,-12.544083190191234
2,9,0,15,13,-12.544466454124604
2,9,0,15,41,-12.539517220039157
2,9,0,15,48,-12.535160530789252
2,9,0,15,49,-12.534906068263423
2,9,0,16,14,-12.544689143020653
2,9,0,16,15,-12.545075939721444
2,9,0,16,16,-12.545544542955737
2,9,0,16,17,-12.546094965503489
2,9,0,16,41,-12.539708315599121
2,9,0,16,46,-12.53613094147885
2,9,0,16,47,-12.535764792959947
2,9,0,17,18,-12.546557949652671
2,9,0,17,41,-12.53995916160607
2,9,0,17,42,-12.538812563666266
2,9,0,17,43,-12.538010244822548
2,9,0,17,44,-12.53737154068195
2,9,0,17,45,-12.53688245931524
2,9,0,18,19,-12.547059365949243
2,9,0,18,20,-12.547630221975341
2,9,0,18,40,-12.54183862123811
2,9,0,18,42,-12.539278536910565
2,9,0,19,21,-12.548376992985153
2,9,0,19,40,-12.542365864492538
2,9,0,19,41,-12.540864963611577
2,9,0,20,22,-12.549235360315912
2,9,0,20,39,-12.544963919708731
2,9,0,20,41,-12.541432864138987
2,9,0,21,23,-12.55024957235747
2,9,0,21,36,-12.550804054159185
2,9,0,21,37,-12.549486562248974
2,9,0,21,38,-12.54798005022509
2,9,0,21,39,-12.546254151346979
2,9,0,21,40,-12.54437284371626
2,9,0,21,41,-12.541919154103745
2,9,0,22,24,-12.55145548970771
2,9,0,22,35,-12.553537135984493
2,9,0,23,25,-12.552881151723716
2,9,0,23,26,-12.553690775890106
2,9,0,23,34,-12.55612395581228
2,9,0,24,27,-12.555564743246487
2,9,0,24,28,-12.556391986325801
2,9,0,24,33,-12.558464906766883
2,9,0,25,29,-12.558730290670479
2,9,0,25,33,-12.560837031857213
2,9,0,26,29,-12.560610162130569
2,9,0,26,32,-12.563045114705417
2,9,0,27,30,-12.563958609008788
2,9,0,27,31,-12.564973275480025
2,9,0,27,32,-12.56590356384883
2,9,0,27,33,-12.56689975393675
2,9,0,28,32,-12.569490389745877
2,9,0,28,33,-12.570849562911087
2,9,0,29,31,-12.571653851201088
2,9,0,30,31,-12.575397378423245
2,9,0,31,31,-12.57939258168554
2,9,0,32,30,-12.579852874642823
2,9,0,33,27,-12.571560121971475
2,9,0,33,28,-12.575885076676634
2,9,0,33,29,-12.580073452160802
2,9,0,34,25,-12.563660411913547
2,9,0,34,26,-12.568759786737719
2,9,0,35,22,-12.54913169395014
2,9,0,35,23,-12.55366362864573
2,9,0,35,24,-12.558817638097407
2,9,0,36,14,-12.52769927188003
2,9,0,36,15,-12.528835880869957
2,9,0,36,16,-12.530226030311868
2,9,0,36,17,-12.5318764799987
2,9,0,36,18,-12.533830077790062
2,9,0,36,19,-12.53626763121594
2,9,0,36,20,-12.539255788894375
2,9,0,36,21,-12.54291255903682
2,9,0,37,14,-12.52533560238406
2,9,0,38,12,-12.521267469576987
2,9,0,38,13,-12.521887950601105
2,9,0,39,11,-12.517371488638759
2,9,0,40,9,-12.512635560184718
2,9,0,40,10,-12.510612261047894
2,9,0,41,7,-12.510600774594431
2,9,0,41,8,-12.509166491793412
2,9,0,42,6,-12.507781469215589
2,9,0,43,5,-12.50425933205984
2,9,0,44,3,-12.503456043846777
2,9,0,44,4,-12.500482871468401
2,10,0,2,46,-12.405175954367618
2,10,0,3,46,-12.405120456094172
2,10,0,4,46,-12.405062986474247
2,10,0,5,45,-12.40549947434909
2,10,0,6,45,-12.405351838158527
2,10,0,7,44,-12.405867492332039
2,10,0,8,43,-12.40637880392342
2,10,0,8,54,-12.40134782563245
2,10,0,9,43,-12.40615863471391
2,10,0,9,52,-12.401840231200566
2,10,0,9,53,-12.401581518657752
2,10,0,10,42,-12.4068078458973
2,10,0,10,50,-12.402301263986754
2,10,0,10,51,-12.401981224162359
2,10,0,11,42,-12.406576250512195
2,10,0,11,48,-12.402923269661247
2,10,0,11,49,-12.402525283683726
2,10,0,12,9,-12.411531773974312
2,10,0,12,42,-12.406400762367499
2,10,0,12,46,-12.403740603040866
2,10,0,12,47,-12.403260969683357
2,10,0,13,10,-12.411726290724582
2,10,0,13,42,-12.406269385882988
2,10,0,13,44,-12.404784836631123
2,10,0,13,45,-12.404214455103483
2,10,0,13,52,-12.401874782561219
2,10,0,13,53,-12.401717253006023
2,10,0,13,54,-12.401637920260812
2,10,0,13,55,-12.401604071025808
2,10,0,14,10,-12.411511997300222
2,10,0,14,11,-12.41184344606735
2,10,0,14,41,-12.407403760496786
2,10,0,14,42,-12.406245944273964
2,10,0,14,43,-12.405478990874125
2,10,0,14,50,-12.40245881181691
2,10,0,14,51,-12.402282030784477
2,10,0,15,12,-12.412024942466077
2,10,0,15,13,-12.412404922755668
2,10,0,15,41,-12.407518234157049
2,10,0,15,48,-12.403204581595618
2,10,0,15,49,-12.402952514563593
2,10,0,16,14,-12.412625943208427
2,10,0,16,15,-12.413009522850292
2,10,0,16,16,-12.41347406427161
2,10,0,16,17,-12.414019573168074
2,10,0,16,41,-12.40770776722908
2,10,0,16,46,-12.40416563626243
2,10,0,16,47,-12.40380294460156
2,10,0,17,18,-12.414478724771104
2,10,0,17,41,-12.407956454743983
2,10,0,17,42,-12.406821335823752
2,10,0,17,43,-12.406026879672927
2,10,0,17,44,-12.40539434065704
2,10,0,17,45,-12.404909884467632
2,10,0,18,19,-12.41497605920076
2,10,0,18,20,-12.415541892046162
2,10,0,18,40,-12.409817325125456
2,10,0,18,42,-12.407282810902066
2,10,0,19,21,-12.416282197894272
2,10,0,19,40,-12.410339710742177
2,10,0,19,41,-12.40885376905174
2,10,0,20,22,-12.41713307719765
2,10,0,20,39,-12.412912090669165
2,10,0,20,41,-12.40941622698439
2,10,0,21,23,-12.41813831422913
2,10,0,21,36,-12.418693478310662
2,10,0,21,37,-12.417389486061431
2,10,0,21,38,-12.415898307481418
2,10,0,21,39,-12.414189870592423
2,10,0,21,40,-12.412327386674358
2,10,0,21,41,-12.409897849259531
2,10,0,22,24,-12.419333393558976
2,10,0,22,35,-12.421399328784325
2,10,0,23,25,-12.420746059799932
2,10,0,23,26,-12.42154823268357
2,10,0,23,34,-12.423960415605757
2,10,0,24,27,-12.42340463323541
2,10,0,24,28,-12.42422413501346
2,10,0,24,33,-12.42627815042376
2,10,0,25,29,-12.426540087576385
2,10,0,25,33,-12.428626950040735
2,10,0,26,29,-12.428401668983648
2,10,0,26,32,-12.430813176227023
2,10,0,27,30,-12.431717425352264
2,10,0,27,31,-12.432722229589567
2,10,0,27,32,-12.433643376949508
2,10,0,27,33,-12.434629545786718
2,10,0,28,32,-12.437194406594864
2,10,0,28,33,-12.438539838432764
2,10,0,29,31,-12.439336304655495
2,10,0,30,31,-12.443042466330677
2,10,0,31,31,-12.44699772534521
2,10,0,32,30,-12.447454033697282
2,10,0,33,27,-12.439245395966454
2,10,0,33,28,-12.44352675469049
2,10,0,33,29,-12.447672856471588
2,10,0,34,25,-12.431426302985166
2,10,0,34,26,-12.436474252734468
2,10,0,35,22,-12.417044817912466
2,10,0,35,23,-12.421531613221696
2,10,0,35,24,-12.42663385446768
2,10,0,36,14,-12.395819785457801
2,10,0,36,15,-12.396946423087869
2,10,0,36,16,-12.39832406661541
2,10,0,36,17,-12.399959464268708
2,10,0,36,18,-12.401895061633661
2,10,0,36,19,-12.404309619290744
2,10,0,36,20,-12.407269002529855
2,10,0,36,21,-12.41089002124216
2,10,0,37,14,-12.393481533654338
2,10,0,38,12,-12.38945318001974
2,10,0,38,13,-12.39006899612438
2,10,0,39,11,-12.385597480076996
2,10,0,40,9,-12.38090895442214
2,10,0,40,10,-12.37890960659488
2,10,0,41,7,-12.378893675507857
2,10,0,41,8,-12.377476030428632
2,10,0,42,6,-12.376104370888
2,10,0,43,5,-12.372620234239953
2,10,0,44,3,-12.371824759576507
2,10,0,44,4,-12.368884657881667
2,11,0,2,46,-12.274666866142775
2,11,0,3,46,-12.27461195221441
2,11,0,4,46,-12.274555095419844
2,11,0,5,45,-12.274987082833752
2,11,0,6,45,-12.274841044497038
2,11,0,7,44,-12.275351432237153
2,11,0,8,43,-12.275857566078235
2,11,0,8,54,-12.270878706649576
2,11,0,9,43,-12.275639828533595
2,11,0,9,52,-12.271365984924252
2,11,0,9,53,-12.271109961793323
2,11,0,10,42,-12.27628248921986
2,11,0,10,50,-12.271822312073835
2,11,0,10,51,-12.271505567452124
2,11,0,11,42,-12.276053497645103
2,11,0,11,48,-12.272438026360708
2,11,0,11,49,-12.272044113395346
2,11,0,12,9,-12.28095354550921
2,11,0,12,42,-12.275880041557897
2,11,0,12,46,-12.27324713608525
2,11,0,12,47,-12.272772388541009
2,11,0,13,10,-12.281146098001308
2,11,0,13,42,-12.27575025130161
2,11,0,13,44,-12.274280892290049
2,11,0,13,45,-12.273716306453423
2,11,0,13,52,-12.271400277238799
2,11,0,13,53,-12.271244348385725
2,11,0,13,54,-12.271165815159748
2,11,0,13,55,-12.271132305524427
2,11,0,14,10,-12.28093401074992
2,11,0,14,11,-12.281262202548346
2,11,0,14,41,-12.276873158752595
2,11,0,14,42,-12.27572727805019
2,11,0,14,43,-12.274968147556235
2,11,0,14,50,-12.27197839128752
2,11,0,14,51,-12.27180336190734
2,11,0,15,12,-12.281442069437277
2,11,0,15,13,-12.28181835120416
2,11,0,15,41,-12.276986703630358
2,11,0,15,48,-12.272716679134549
2,11,0,15,49,-12.272467094427578
2,11,0,16,14,-12.282037472615908
2,11,0,16,15,-12.282417375887768
2,11,0,16,16,-12.28287740003145
2,11,0,16,17,-12.283417547004534
2,11,0,16,41,-12.277174540579486
2,11,0,16,46,-12.273668152413762
2,11,0,16,47,-12.273309034003281
2,11,0,17,18,-12.283872506003089
2,11,0,17,41,-12.277420931314515
2,11,0,17,42,-12.276297371355888
2,11,0,17,43,-12.275510899876744
2,11,0,17,44,-12.274884662026148
2,11,0,17,45,-12.2744049750085
2,11,0,18,19,-12.284365340497038
2,11,0,18,20,-12.284925656466708
2,11,0,18,40,-12.279263014768913
2,11,0,18,42,-12.276754260657224
2,11,0,19,21,-12.28565902356297
2,11,0,19,40,-12.279780365335494
2,11,0,19,41,-12.27830949993197
2,11,0,20,22,-12.286501892439714
2,11,0,20,39,-12.28232680470526
2,11,0,20,41,-12.278866396163902
2,11,0,21,23,-12.287497587140049
2,11,0,21,36,-12.288049287859405
2,11,0,21,37,-12.286758724620588
2,11,0,21,38,-12.285282852904949
2,11,0,21,39,-12.283591899215661
2,11,0,21,40,-12.281748346691364
2,11,0,21,41,-12.279343251652977
2,11,0,22,24,-12.28868121910174
2,11,0,22,35,-12.290727773534565
2,11,0,23,25,-12.29008024067047
2,11,0,23,26,-12.29087444884004
2,11,0,23,34,-12.293263014908167
2,11,0,24,27,-12.29271262133843
2,11,0,24,28,-12.293523920153223
2,11,0,24,33,-12.29555744264553
2,11,0,25,29,-12.295816872999975
2,11,0,25,33,-12.297882659640273
2,11,0,26,29,-12.297659935986228
2,11,0,26,32,-12.300046969847683
2,11,0,27,30,-12.300942354107363
2,11,0,27,31,-12.301936932683018
2,11,0,27,32,-12.3028486554749
2,11,0,27,33,-12.303824626938473
2,11,0,28,32,-12.306363661241779
2,11,0,28,33,-12.307695176951102
2,11,0,29,31,-12.308484047283946
2,11,0,30,31,-12.312152609235252
2,11,0,31,31,-12.316067690167397
2,11,0,32,30,-12.316520107750293
2,11,0,33,27,-12.308397023023955
2,11,0,33,28,-12.312634178442599
2,11,0,33,29,-12.316737445184911
2,11,0,34,25,-12.300659713167772
2,11,0,34,26,-12.305655544757233
2,11,0,35,22,-12.28642761547123
2,11,0,35,23,-12.290868428278436
2,11,0,35,24,-12.295918132214279
2,11,0,36,14,-12.265417139891357
2,11,0,36,15,-12.266532971354161
2,11,0,36,16,-12.267897242371202
2,11,0,36,17,-12.269516666182199
2,11,0,36,18,-12.27143327794797
2,11,0,36,19,-12.273823844023996
2,11,0,36,20,-12.276753484800777
2,11,0,36,21,-12.280337818246002
2,11,0,37,14,-12.263104293714953
2,11,0,38,12,-12.259117223529053
2,11,0,38,13,-12.259727592266632
2,11,0,39,11,-12.255302406604969
2,11,0,40,9,-12.250662644150292
2,11,0,40,10,-12.248686274442582
2,11,0,41,7,-12.248667898976983
2,11,0,41,8,-12.247266326276673
2,11,0,42,6,-12.245908736668019
2,11,0,43,5,-12.242462489878571
2,11,0,44,3,-12.241674969638385
2,11,0,44,4,-12.23876753392934
2,12,0,2,46,-12.145609724059868
2,12,0,3,46,-12.14555538775357
2,12,0,4,46,-12.145499135542245
2,12,0,5,45,-12.145926662111064
2,12,0,6,45,-12.145782195607126
2,12,0,7,44,-12.146287354659016
2,12,0,8,43,-12.146788342553414
2,12,0,8,54,-12.141861128743187
2,12,0,9,43,-12.14657298923294
2,12,0,9,52,-12.14234332950332
2,12,0,9,53,-12.142089970622608
2,12,0,10,42,-12.14720913677794
2,12,0,10,50,-12.142794980084453
2,12,0,10,51,-12.142481505877939
2,12,0,11,42,-12.146982690904963
2,12,0,11,48,-12.143404431382258
2,12,0,11,49,-12.1430145646706
2,12,0,12,9,-12.151832286234137
2,12,0,12,42,-12.146811211793674
2,12,0,12,46,-12.144205348034347
2,12,0,12,47,-12.14373545691925
2,12,0,13,10,-12.152022874872365
2,12,0,13,42,-12.146682954291544
2,12,0,13,44,-12.145228666142447
2,12,0,13,45,-12.14466983982849
2,12,0,13,52,-12.142377348397094
2,12,0,13,53,-12.142223011611616
2,12,0,13,54,-12.142145273964609
2,12,0,13,55,-12.142112102154602
2,12,0,14,10,-12.151813136851947
2,12,0,14,11,-12.152137893554215
2,12,0,14,41,-12.147794459076422
2,12,0,14,42,-12.146660405068484
2,12,0,14,43,-12.145909038679966
2,12,0,14,50,-12.142949573292453
2,12,0,14,51,-12.142776294528973
2,12,0,15,12,-12.152316077127075
2,12,0,15,13,-12.15268846457425
2,12,0,15,41,-12.147907037206938
2,12,0,15,48,-12.143680399097384
2,12,0,15,49,-12.143433297959229
2,12,0,16,14,-12.15290559205237
2,12,0,16,15,-12.153281601298485
2,12,0,16,16,-12.15373689647227
2,12,0,16,17,-12.154271477359398
2,12,0,16,41,-12.148093144617036
2,12,0,16,46,-12.144622307789767
2,12,0,16,47,-12.144266762384849
2,12,0,17,18,-12.154722101115997
2,12,0,17,41,-12.148337208140806
2,12,0,17,42,-12.14722512513723
2,12,0,17,43,-12.146446598908366
2,12,0,17,44,-12.145826642076367
2,12,0,17,45,-12.145351720170655
2,12,0,18,19,-12.15521026802621
2,12,0,18,20,-12.155764841030555
2,12,0,18,40,-12.150160602095871
2,12,0,18,42,-12.147677432121776
2,12,0,19,21,-12.15649109013179
2,12,0,19,40,-12.150672895371432
2,12,0,19,41,-12.149217008159477
2,12,0,20,22,-12.157325753374932
2,12,0,20,39,-12.153193524949103
2,12,0,20,41,-12.149768344419781
2,12,0,21,23,-12.158311699354604
2,12,0,21,36,-12.158857576490444
2,12,0,21,37,-12.157580285398883
2,12,0,21,38,-12.15611956962006
2,12,0,21,39,-12.154445951973422
2,12,0,21,40,-12.152621203195118
2,12,0,21,41,-12.15024043647983
2,12,0,22,24,-12.159483670290042
2,12,0,22,35,-12.16150888637015
2,12,0,23,25,-12.160868829584835
2,12,0,23,26,-12.161654852272692
2,12,0,23,34,-12.164018468546246
2,12,0,24,27,-12.163474603498155
2,12,0,24,28,-12.164277504843895
2,12,0,24,33,-12.166289766697572
2,12,0,25,29,-12.16654730343562
2,12,0,25,33,-12.168591468962989
2,12,0,26,29,-12.168371890661886
2,12,0,26,32,-12.170734041289965
2,12,0,27,30,-12.171620882733343
2,12,0,27,31,-12.172605104335828
2,12,0,27,32,-12.173507303191801
2,12,0,27,33,-12.174473031583213
2,12,0,28,32,-12.176986438833598
2,12,0,28,33,-12.178304019048392
2,12,0,29,31,-12.179085526217635
2,12,0,30,31,-12.182716642373038
2,12,0,31,31,-12.186591712234977
2,12,0,32,30,-12.187040349544517
2,12,0,33,27,-12.179003032088458
2,12,0,33,28,-12.183195954423782
2,12,0,33,29,-12.187256371540096
2,12,0,34,25,-12.171347601914912
2,12,0,34,26,-12.176291290061885
2,12,0,35,22,-12.157265066294741
2,12,0,35,23,-12.161659759103664
2,12,0,35,24,-12.166656863723448
2,12,0,36,14,-12.13647138457908
2,12,0,36,15,-12.137576066185975
2,12,0,36,16,-12.138926620808798
2,12,0,36,17,-12.140529715642549
2,12,0,36,18,-12.142426974096038
2,12,0,36,19,-12.14479320539674
2,12,0,36,20,-12.147692808058672
2,12,0,36,21,-12.151240218392008
2,12,0,37,14,-12.134183797189497
2,12,0,38,12,-12.130238510781263
2,12,0,38,13,-12.13084308180165
2,12,0,39,11,-12.126464641439558
2,12,0,40,9,-12.1218740353978
2,12,0,40,10,-12.11992003750986
2,12,0,41,7,-12.11990021507982
2,12,0,41,8,-12.11851434641714
2,12,0,42,6,-12.117171097247065
2,12,0,43,5,-12.113762475221801
2,12,0,44,3,-12.11298293551615
2,12,0,44,4,-12.110107783649749
2,13,0,2,46,-12.017988658395971
2,13,0,3,46,-12.017934891216465
2,13,0,4,46,-12.017879233894591
2,13,0,5,45,-12.01830235602196
2,13,0,6,45,-12.018159439414235
2,13,0,7,44,-12.018659434820353
2,13,0,8,43,-12.019155341980651
2,13,0,8,54,-12.014279121139577
2,13,0,9,43,-12.01894233982363
2,13,0,9,52,-12.014756304880873
2,13,0,9,53,-12.014505577145577
2,13,0,10,42,-12.019572055174237
2,13,0,10,50,-12.0152033354165
2,13,0,10,51,-12.014893091231732
2,13,0,11,42,-12.019348118496527
2,13,0,11,48,-12.015806598483922
2,13,0,11,49,-12.015420728111893
2,13,0,12,9,-12.024150629856527
2,13,0,12,42,-12.019178585410273
2,13,0,12,46,-12.016599419156561
2,13,0,12,47,-12.016134324347611
2,13,0,13,10,-12.024339266149344
2,13,0,13,42,-12.019051833850794
2,13,0,13,44,-12.017612424103458
2,13,0,13,45,-12.017059284479622
2,13,0,13,52,-12.01479003961164
2,13,0,13,53,-12.014637274863956
2,13,0,13,54,-12.014560321780676
2,13,0,13,55,-12.014527482691841
2,13,0,14,10,-12.024131945238468
2,13,0,14,11,-12.02445318880813
2,13,0,14,41,-12.020152067987071
2,13,0,14,42,-12.019029693381299
2,13,0,14,43,-12.018285991972135
2,13,0,14,50,-12.015356441605254
2,13,0,14,51,-12.015184891432224
2,13,0,15,12,-12.024629673698305
2,13,0,15,13,-12.0249980825182
2,13,0,15,41,-12.020263677564687
2,13,0,15,48,-12.01607988866152
2,13,0,15,49,-12.015835240781996
2,13,0,16,14,-12.0252131829848
2,13,0,16,15,-12.02558520282115
2,13,0,16,16,-12.026035680786324
2,13,0,16,17,-12.026564615239852
2,13,0,16,41,-12.02044806120379
2,13,0,16,46,-12.017012339066858
2,13,0,16,47,-12.016660323690216
2,13,0,17,18,-12.027010861020374
2,13,0,17,41,-12.020689809196657
2,13,0,17,42,-12.019589064582078
2,13,0,17,43,-12.018818386834607
2,13,0,17,44,-12.018204634736076
2,13,0,17,45,-12.017734420144116
2,13,0,18,19,-12.027494307912393
2,13,0,18,20,-12.028043047236913
2,13,0,18,40,-12.022494718426112
2,13,0,18,42,-12.02003682806873
2,13,0,19,21,-12.028762134794068
2,13,0,19,40,-12.023001992343827
2,13,0,19,41,-12.021560908956879
2,13,0,20,22,-12.029588548079685
2,13,0,20,39,-12.02549708819621
2,13,0,20,41,-12.02210673355263
2,13,0,21,23,-12.03056470529343
2,13,0,21,36,-12.031103397500058
2,13,0,21,37,-12.029839198721598
2,13,0,21,38,-12.028393448671784
2,13,0,21,39,-12.02673696237152
2,13,0,21,40,-12.024930805533435
2,13,0,21,41,-12.02257410483203
2,13,0,22,24,-12.031724983612127
2,13,0,22,35,-12.033727835193947
2,13,0,23,25,-12.033096260959656
2,13,0,23,26,-12.033874024223593
2,13,0,23,34,-12.036212049210443
2,13,0,24,27,-12.035675374340894
2,13,0,24,28,-12.036469818148293
2,13,0,24,33,-12.03846048737387
2,13,0,25,29,-12.038716530939698
2,13,0,25,33,-12.040738873528884
2,13,0,26,29,-12.040522794179935
2,13,0,26,32,-12.04285996580836
2,13,0,27,30,-12.043738523407976
2,13,0,27,31,-12.044712372366703
2,13,0,27,32,-12.04560504146276
2,13,0,27,33,-12.046560549882793
2,13,0,28,32,-12.04904861722386
2,13,0,28,33,-12.050352321362869
2,13,0,29,31,-12.051126669080713
2,13,0,30,31,-12.054720655200732
2,13,0,31,31,-12.058556049482752
2,13,0,32,30,-12.059001007472133
2,13,0,33,27,-12.051049088727826
2,13,0,33,28,-12.055198016970328
2,13,0,33,29,-12.059215823590026
2,13,0,34,25,-12.043475128186154
2,13,0,34,26,-12.048366958908415
2,13,0,35,22,-12.029541396370464
2,13,0,35,23,-12.033890163716126
2,13,0,35,24,-12.038834938262351
2,13,0,36,14,-12.00896439560012
2,13,0,36,15,-12.010057819549258
2,13,0,36,16,-12.01139456446436
2,13,0,36,17,-12.012981246373892
2,13,0,36,18,-12.014859078752979
2,13,0,36,19,-12.01720094306208
2,13,0,36,20,-12.020070531446885
2,13,0,36,21,-12.023581110439757
2,13,0,37,14,-12.006701855458221
2,13,0,38,12,-12.002798369581184
2,13,0,38,13,-12.003397001356113
2,13,0,39,11,-11.999065253543574
2,13,0,40,9,-11.994523728398384
2,13,0,40,10,-11.992591676515376
2,13,0,41,7,-11.992570913431816
2,13,0,41,8,-11.99120047810808
2,13,0,42,6,-11.989871626164257
2,13,0,43,5,-11.986500289693387
2,13,0,44,3,-11.985728700146868
2,13,0,44,4,-11.982885463184799
2,14,0,2,46,-11.891788032386367
2,14,0,3,46,-11.891734825715625
2,14,0,4,46,-11.891679753710573
2,14,0,5,45,-11.892098531104187
2,14,0,6,45,-11.89195714454789
2,14,0,7,44,-11.89245204764425
2,14,0,8,43,-11.892942947149667
2,14,0,8,54,-11.888117031683716
2,14,0,9,43,-11.892732268666416
2,14,0,9,52,-11.888589260964283
2,14,0,9,53,-11.888341129716457
2,14,0,10,42,-11.89335564338057
2,14,0,10,50,-11.889031734964405
2,14,0,10,51,-11.888724676719525
2,14,0,11,42,-11.893134187410114
2,14,0,11,48,-11.889628896909796
2,14,0,11,49,-11.889246967272522
2,14,0,12,9,-11.897891934403868
2,14,0,12,42,-11.892966578261003
2,14,0,12,46,-11.890413736635235
2,14,0,12,47,-11.889953370397787
2,14,0,13,10,-11.89807863494242
2,14,0,13,42,-11.892841315558366
2,14,0,13,44,-11.891416576124
2,14,0,13,45,-11.890869041623887
2,14,0,13,52,-11.888622704071953
2,14,0,13,53,-11.888471488453733
2,14,0,13,54,-11.888395307238996
2,14,0,13,55,-11.888362795029066
2,14,0,14,10,-11.897873758111652
2,14,0,14,11,-11.898191462939266
2,14,0,14,41,-11.893930428881234
2,14,0,14,42,-11.89281957905813
2,14,0,14,43,-11.89208343468135
2,14,0,14,50,-11.889183360765498
2,14,0,14,51,-11.88901351147021
2,14,0,15,12,-11.898366251529497
2,14,0,15,13,-11.898730655370015
2,14,0,15,41,-11.894041080941022
2,14,0,15,48,-11.88989953054533
2,14,0,15,49,-11.88965729688981
2,14,0,16,14,-11.898943724473158
2,14,0,16,15,-11.899311722803581
2,14,0,16,16,-11.899757359301097
2,14,0,16,17,-11.900280631261726
2,14,0,16,41,-11.894223760420497
2,14,0,16,46,-11.89082265470284
2,14,0,16,47,-11.890474114574149
2,14,0,17,18,-11.900722503065259
2,14,0,17,41,-11.894463219360416
2,14,0,17,42,-11.89337366098685
2,14,0,17,43,-11.892610720315188
2,14,0,17,44,-11.892003081827387
2,14,0,17,45,-11.891537502148076
2,14,0,18,19,-11.901201231359037
2,14,0,18,20,-11.901744116395504
2,14,0,18,40,-11.896249879065758
2,14,0,18,42,-11.893816932034817
2,14,0,19,21,-11.902456062178736
2,14,0,19,40,-11.896752192219848
2,14,0,19,41,-11.895325718681287
2,14,0,20,22,-11.903274251438095
2,14,0,20,39,-11.899222072824893
2,14,0,20,41,-11.895866095651654
2,14,0,21,23,-11.904240657070302
2,14,0,21,36,-11.904771379636433
2,14,0,21,37,-11.90352009413805
2,14,0,21,38,-11.902089113700663
2,14,0,21,39,-11.900449541045777
2,14,0,21,40,-11.898661741837824
2,14,0,21,41,-11.896328801866412
2,14,0,22,24,-11.905389295404632
2,14,0,22,35,-11.90736927941893
2,14,0,23,25,-11.906746762295914
2,14,0,23,26,-11.907516267474735
2,14,0,23,34,-11.909828443324676
2,14,0,24,27,-11.90929933404915
2,14,0,24,28,-11.910085329534347
2,14,0,24,33,-11.912054313229175
2,14,0,25,29,-11.91230912557541
2,14,0,25,33,-11.914309630261574
2,14,0,26,29,-11.914097257236019
2,14,0,26,32,-11.916409518154772
2,14,0,27,30,-11.917279998569697
2,14,0,27,31,-11.918243518248342
2,14,0,27,32,-11.919126700591752
2,14,0,27,33,-11.92007204951364
2,14,0,28,32,-11.922535086671148
2,14,0,28,33,-11.923825015070127
2,14,0,29,31,-11.92459237321274
2,14,0,30,31,-11.928149608854653
2,14,0,31,31,-11.931945730335874
2,14,0,32,30,-11.93238709476979
2,14,0,33,27,-11.92451992617576
2,14,0,33,28,-11.928625224548558
2,14,0,33,29,-11.932600777619372
2,14,0,34,25,-11.91702678398342
2,14,0,34,26,-11.921867188521242
2,14,0,35,22,-11.903240656649354
2,14,0,35,23,-11.907543849877905
2,14,0,35,24,-11.912436719050639
2,14,0,36,14,-11.882879094680767
2,14,0,36,15,-11.883961267727951
2,14,0,36,16,-11.885284231044421
2,14,0,36,17,-11.886854547234586
2,14,0,36,18,-11.888713023094052
2,14,0,36,19,-11.891030637724592
2,14,0,36,20,-11.893870388655074
2,14,0,36,21,-11.897344385139103
2,14,0,37,14,-11.880641359470754
2,14,0,38,12,-11.876779456153255
2,14,0,38,13,-11.877372109177232
2,14,0,39,11,-11.873086774261715
2,14,0,40,9,-11.868594026439268
2,14,0,40,10,-11.866683585145932
2,14,0,41,7,-11.866662144867998
2,14,0,41,8,-11.865306921494183
2,14,0,42,6,-11.863992418464612
2,14,0,43,5,-11.860657993735582
2,14,0,44,3,-11.859894296260018
2,14,0,44,4,-11.85708261384342
2,15,0,2,46,-11.766992330468462
2,15,0,3,46,-11.766939676136788
2,15,0,4,46,-11.766885180520033
2,15,0,5,45,-11.76729967136282
2,15,0,6,45,-11.767159796232546
2,15,0,7,44,-11.767649676997399
2,15,0,8,43,-11.768135640497471
2,15,0,8,54,-11.763359360351489
2,15,0,9,43,-11.767927260235863
2,15,0,9,52,-11.76382669659339
2,15,0,9,53,-11.763581127983862
2,15,0,10,42,-11.768544384428191
2,15,0,10,50,-11.764264676848041
2,15,0,10,51,-11.76396076123612
2,15,0,11,42,-11.768325383283564
2,15,0,11,48,-11.764855824278667
2,15,0,11,49,-11.764477780617979
2,15,0,12,9,-11.773040014891274
2,15,0,12,42,-11.76815967876039
2,15,0,12,46,-11.765632797719652
2,15,0,12,47,-11.765177093318222
2,15,0,13,10,-11.773224798596372
2,15,0,13,42,-11.768035890797861
2,15,0,13,44,-11.76662561869449
2,15,0,13,45,-11.766083609288014
2,15,0,13,52,-11.763859843505555
2,15,0,13,53,-11.763710154451658
2,15,0,13,54,-11.76363473275507
2,15,0,13,55,-11.763602541809309
2,15,0,14,10,-11.773022370156436
2,15,0,14,11,-11.77333653869842
2,15,0,14,41,-11.76911403247627
2,15,0,14,42,-11.768014556562271
2,15,0,14,43,-11.767285863833521
2,15,0,14,50,-11.764414832799181
2,15,0,14,51,-11.764246656804254
2,15,0,15,12,-11.773509641667129
2,15,0,15,13,-11.773870044989742
2,15,0,15,41,-11.769223741597088
2,15,0,15,48,-11.76512382763876
2,15,0,15,49,-11.76488396912697
2,15,0,16,14,-11.774081091908524
2,15,0,16,15,-11.774445070169284
2,15,0,16,16,-11.774885874874956
2,15,0,16,17,-11.775403502439197
2,15,0,16,41,-11.76940474026546
2,15,0,16,46,-11.766037758997088
2,15,0,16,47,-11.765692639236828
2,15,0,17,18,-11.77584102639263
2,15,0,17,41,-11.769641940539778
2,15,0,17,42,-11.768563418434102
2,15,0,17,43,-11.767808104612255
2,15,0,17,44,-11.767206489187068
2,15,0,17,45,-11.766745472116222
2,15,0,18,19,-11.77631506295859
2,15,0,18,20,-11.776852110255808
2,15,0,18,40,-11.771410587262737
2,15,0,18,42,-11.769002251127814
2,15,0,19,21,-11.777556963802875
2,15,0,19,40,-11.771908003222821
2,15,0,19,41,-11.770495946951804
2,15,0,20,22,-11.778366987857916
2,15,0,20,39,-11.774352990281775
2,15,0,20,41,-11.771030943858289
2,15,0,21,23,-11.779323715062848
2,15,0,21,36,-11.779846024478902
2,15,0,21,37,-11.778607481275873
2,15,0,21,38,-11.777191079835333
2,15,0,21,39,-11.775568206241665
2,15,0,21,40,-11.773798530901889
2,15,0,21,41,-11.771489043456263
2,15,0,22,24,-11.78046080503916
2,15,0,22,35,-11.782417720059735
2,15,0,23,25,-11.781804574893734
2,15,0,23,26,-11.782565862775451
2,15,0,23,34,-11.784852150281184
2,15,0,24,27,-11.784330807559787
2,15,0,24,28,-11.7851084004699
2,15,0,24,33,-11.787055740490313
2,15,0,25,29,-11.787309493636997
2,15,0,25,33,-11.789288249829232
2,15,0,26,29,-11.789079698540728
2,15,0,26,32,-11.791367204819544
2,15,0,27,30,-11.792229775592434
2,15,0,27,31,-11.793183040138302
2,15,0,27,32,-11.794056804809687
2,15,0,27,33,-11.794992075423172
2,15,0,28,32,-11.797430390775911
2,15,0,28,33,-11.798706665367634
2,15,0,29,31,-11.799467175050044
2,15,0,30,31,-11.802988061761596
2,15,0,31,31,-11.806745337040502
2,15,0,32,30,-11.807183179814226
2,15,0,33,27,-11.799399977920972
2,15,0,33,28,-11.803462068504242
2,15,0,33,29,-11.807395779148907
2,15,0,34,25,-11.791986888170447
2,15,0,34,26,-11.796776364902025
2,15,0,35,22,-11.778346958454556
2,15,0,35,23,-11.782605002767706
2,15,0,35,24,-11.7874464637443
2,15,0,36,14,-11.758199047277673
2,15,0,36,15,-11.759270032487112
2,15,0,36,16,-11.760579301814465
2,15,0,36,17,-11.76213336358227
2,15,0,36,18,-11.763972621805857
2,15,0,36,19,-11.766266176522077
2,15,0,36,20,-11.76907634045544
2,15,0,36,21,-11.772514078262628
2,15,0,37,14,-11.755985860493661
2,15,0,38,12,-11.75216520705183
2,15,0,38,13,-11.752751892353576
2,15,0,39,11,-11.74851258009752
2,15,0,40,9,-11.744068194709037
2,15,0,40,10,-11.742179075249192
2,15,0,41,7,-11.742157099196318
2,15,0,41,8,-11.74081689212043
2,15,0,42,6,-11.739516637634882
2,15,0,43,5,-11.736218735605236
2,15,0,44,3,-11.735462858556172
2,15,0,44,4,-11.732682376607874
2,16,0,2,46,-11.643586134976056
2,16,0,3,46,-11.643534025373688
2,16,0,4,46,-11.643480097929121
2,16,0,5,45,-11.643890357617268
2,16,0,6,45,-11.643751976080223
2,16,0,7,44,-11.644236900987718
2,16,0,8,43,-11.644717996086131
2,16,0,8,54,-11.639990712595173
2,16,0,9,43,-11.644511889284319
2,16,0,9,52,-11.64045321521251
2,16,0,9,53,-11.640210176834213
2,16,0,10,42,-11.645122848170246
2,16,0,10,50,-11.640886761496287
2,16,0,10,51,-11.64058594727301
2,16,0,11,42,-11.644906276571303
2,16,0,11,48,-11.641471976605182
2,16,0,11,49,-11.64109776692296
2,16,0,12,9,-11.649579010758332
2,16,0,12,42,-11.644742457889919
2,16,0,12,46,-11.642241192451861
2,16,0,12,47,-11.64179008666836
2,16,0,13,10,-11.649761897584739
2,16,0,13,42,-11.644620131025007
2,16,0,13,44,-11.643224133975675
2,16,0,13,45,-11.642687574095554
2,16,0,13,52,-11.640486063687256
2,16,0,13,53,-11.640337879926632
2,16,0,13,54,-11.64026320631327
2,16,0,13,55,-11.640231331504614
2,16,0,14,10,-11.649561909069186
2,16,0,14,11,-11.649872559116707
2,16,0,14,41,-11.645687443955998
2,16,0,14,42,-11.644599197694413
2,16,0,14,43,-11.643877856892392
2,16,0,14,50,-11.64103546027672
2,16,0,14,51,-11.640868931916215
2,16,0,15,12,-11.650043991044654
2,16,0,15,13,-11.65040041504257
2,16,0,15,41,-11.645796224850086
2,16,0,15,48,-11.64173737785858
2,16,0,15,49,-11.641499858045766
2,16,0,16,14,-11.650609455399392
2,16,0,16,15,-11.650969433190973
2,16,0,16,16,-11.65140543416859
2,16,0,16,17,-11.65191745395765
2,16,0,16,41,-11.645975566088731
2,16,0,16,46,-11.642642243522541
2,16,0,16,47,-11.642300492765994
2,16,0,17,18,-11.65235066675975
2,16,0,17,41,-11.646210538011196
2,16,0,17,42,-11.645142908915759
2,16,0,17,43,-11.64439511757123
2,16,0,17,44,-11.643799439871964
2,16,0,17,45,-11.643342917689209
2,16,0,18,19,-11.65282005059757
2,16,0,18,20,-11.653351296823654
2,16,0,18,40,-11.64796140036086
2,16,0,18,42,-11.64557735698998
2,16,0,19,21,-11.65404912171395
2,16,0,19,40,-11.64845398200607
2,16,0,19,41,-11.647056158123034
2,16,0,20,22,-11.654851054798979
2,16,0,20,39,-11.650874387683277
2,16,0,20,41,-11.647585841666942
2,16,0,21,23,-11.655798193443758
2,16,0,21,36,-11.656311852084926
2,16,0,21,37,-11.655085889141827
2,16,0,21,38,-11.653683884244765
2,16,0,21,39,-11.652077502804696
2,16,0,21,40,-11.650325725254005
2,16,0,21,41,-11.648039392159857
2,16,0,22,24,-11.656923844629642
2,16,0,22,35,-11.658857666946155
2,16,0,23,25,-11.658254049948654
2,16,0,23,26,-11.659007182397746
2,16,0,23,34,-11.661267669641935
2,16,0,24,27,-11.660754186785153
2,16,0,24,28,-11.66152344250183
2,16,0,24,33,-11.663449258259364
2,16,0,25,29,-11.66370206598106
2,16,0,25,33,-11.66565922254612
2,16,0,26,29,-11.665454550331113
2,16,0,26,32,-11.667717505857393
2,16,0,27,30,-11.668572306741803
2,16,0,27,31,-11.66951540659371
2,16,0,27,32,-11.670379836800294
2,16,0,27,33,-11.671305121877205
2,16,0,28,32,-11.673719015181893
2,16,0,28,33,-11.674981769324527
2,16,0,29,31,-11.675735549865124
2,16,0,30,31,-11.679220493871611
2,16,0,31,31,-11.68293935514965
2,16,0,32,30,-11.6833737373375
2,16,0,33,27,-11.675673654541455
2,16,0,33,28,-11.679692985275791
2,16,0,33,29,-11.683585288643075
2,16,0,34,25,-11.668339798003744
2,16,0,34,26,-11.673078875311878
2,16,0,35,22,-11.65484456380063
2,16,0,35,23,-11.659057918498043
2,16,0,35,24,-11.663848501298668
2,16,0,36,14,-11.634908252085502
2,16,0,36,15,-11.635968140486627
2,16,0,36,16,-11.637263832838629
2,16,0,36,17,-11.638801783020014
2,16,0,36,18,-11.640621996443507
2,16,0,36,19,-11.642891716167872
2,16,0,36,20,-11.645672578881458
2,16,0,36,21,-11.649074417319074
2,16,0,37,14,-11.632719351263656
2,16,0,38,12,-11.628939558917205
2,16,0,38,13,-11.62952031293197
2,16,0,39,11,-11.625326579373096
2,16,0,40,9,-11.620930087441057
2,16,0,40,10,-11.61906202624623
2,16,0,41,7,-11.619039593179938
2,16,0,41,8,-11.617714220876685
2,16,0,42,6,-11.61642808863809
2,16,0,43,5,-11.61316631459067
2,16,0,44,3,-11.612418179775371
2,16,0,44,4,-11.609668549338451
2,17,0,2,46,-11.521554133104527
2,17,0,3,46,-11.521502561124885
2,17,0,4,46,-11.521449194253185
2,17,0,5,45,-11.521855275454888
2,17,0,6,45,-11.521718370237444
2,17,0,7,44,-11.5221984021774
2,17,0,8,43,-11.522674692320487
2,17,0,8,54,-11.51799579755363
2,17,0,9,43,-11.522470834442702
2,17,0,9,52,-11.518453523959794
2,17,0,9,53,-11.518212984825412
2,17,0,10,42,-11.523075708115412
2,17,0,10,50,-11.518882692818925
2,17,0,10,51,-11.518584940869719
2,17,0,11,42,-11.522861540747208
2,17,0,11,48,-11.519462052925439
2,17,0,11,49,-11.519091628120167
2,17,0,12,9,-11.527493317370434
2,17,0,12,42,-11.522699588944473
2,17,0,12,46,-11.520223613192561
2,17,0,12,47,-11.519777046514617
2,17,0,13,10,-11.527674327685096
2,17,0,13,42,-11.522578709231011
2,17,0,13,44,-11.521196805615237
2,17,0,13,45,-11.520665624302898
2,17,0,13,52,-11.518486073505619
2,17,0,13,53,-11.51833937513555
2,17,0,13,54,-11.518265439101327
2,17,0,13,55,-11.51823387578396
2,17,0,14,10,-11.52747676331626
2,17,0,14,11,-11.52778392117953
2,17,0,14,41,-11.523635329344275
2,17,0,14,42,-11.522558174942336
2,17,0,14,43,-11.5218440920172
2,17,0,14,50,-11.519029948325269
2,17,0,14,51,-11.51886504405031
2,17,0,15,12,-11.527953698474853
2,17,0,15,13,-11.528306173581171
2,17,0,15,41,-11.523743195820316
2,17,0,15,48,-11.519724880766939
2,17,0,15,49,-11.519489666195017
2,17,0,16,14,-11.52851322607841
2,17,0,16,15,-11.528869233020183
2,17,0,16,16,-11.529300468462562
2,17,0,16,17,-11.529806927294386
2,17,0,16,41,-11.523920901922136
2,17,0,16,46,-11.520620800204389
2,17,0,16,47,-11.520282371083091
2,17,0,17,18,-11.530235870691678
2,17,0,17,41,-11.524153674536231
2,17,0,17,42,-11.52309680221675
2,17,0,17,43,-11.522356435266763
2,17,0,17,44,-11.521766615682116
2,17,0,17,45,-11.521314525808933
2,17,0,18,19,-11.53070064657909
2,17,0,18,20,-11.53122613946913
2,17,0,18,40,-11.525886971577997
2,17,0,18,42,-11.523526918039293
2,17,0,19,21,-11.531917005839027
2,17,0,19,40,-11.526374779463552
2,17,0,19,41,-11.524991011499845
2,17,0,20,22,-11.532710929310257
2,17,0,20,39,-11.528770903906658
2,17,0,20,41,-11.525515446284246
2,17,0,21,23,-11.533648576875374
2,17,0,21,36,-11.534153473149741
2,17,0,21,37,-11.532939936213708
2,17,0,21,38,-11.53155215311448
2,17,0,21,39,-11.5299620648433
2,17,0,21,40,-11.52822796772063
2,17,0,21,41,-11.525964503249398
2,17,0,22,24,-11.534762906871434
2,17,0,22,35,-11.536673719096726
2,17,0,23,25,-11.536079688532855
2,17,0,23,26,-11.536824738811038
2,17,0,23,34,-11.539059589055139
2,17,0,24,27,-11.538553992423195
2,17,0,24,28,-11.539314986995393
2,17,0,24,33,-11.541219443118083
2,17,0,25,29,-11.54147138154631
2,17,0,25,33,-11.54340712158488
2,17,0,26,29,-11.54320634903259
2,17,0,26,32,-11.54544498392815
2,17,0,27,30,-11.54629213545079
2,17,0,27,31,-11.547225169685888
2,17,0,27,32,-11.548080356295072
2,17,0,27,33,-11.54899575502595
2,17,0,28,32,-11.551385516410361
2,17,0,28,33,-11.552634889367107
2,17,0,29,31,-11.553382044431592
2,17,0,30,31,-11.556831449830346
2,17,0,31,31,-11.560512327603009
2,17,0,32,30,-11.56094330239541
2,17,0,33,27,-11.553325462116225
2,17,0,33,28,-11.557302491389915
2,17,0,33,29,-11.561153832174163
2,17,0,34,25,-11.546069996461593
2,17,0,34,26,-11.550759214825167
2,17,0,35,22,-11.532717915306765
2,17,0,35,23,-11.536887054437365
2,17,0,35,24,-11.541627302713389
2,17,0,36,14,-11.512991027578046
2,17,0,36,15,-11.514039924135684
2,17,0,36,16,-11.515322171049315
2,17,0,36,17,-11.516844167943315
2,17,0,36,18,-11.518645525913328
2,17,0,36,19,-11.520891652377086
2,17,0,36,20,-11.523643516161084
2,17,0,36,21,-11.527009830665444
2,17,0,37,14,-11.5108261484547
2,17,0,38,12,-11.507086801442664
2,17,0,38,13,-11.507661673540259
2,17,0,39,11,-11.503513049248857
2,17,0,40,9,-11.499163956210445
2,17,0,40,10,-11.497316704177802
2,17,0,41,7,-11.497293859868323
2,17,0,41,8,-11.495983149122596
2,17,0,42,6,-11.494710999985417
2,17,0,43,5,-11.491484958305819
2,17,0,44,3,-11.49074448450736
2,17,0,44,4,-11.488025361137655
2,18,0,2,46,-11.400881131099986
2,18,0,3,46,-11.400830090039937
2,18,0,4,46,-11.400777276626648
2,18,0,5,45,-11.401179229727026
2,18,0,6,45,-11.4010437839762
2,18,0,7,44,-11.401518982807756
2,18,0,8,43,-11.401990527942317
2,18,0,8,54,-11.397359439749085
2,18,0,9,43,-11.401788894556226
2,18,0,9,52,-11.397812445630956
2,18,0,9,53,-11.397574375953337
2,18,0,10,42,-11.402387758769894
2,18,0,10,50,-11.398237290838935
2,18,0,10,51,-11.397942563862506
2,18,0,11,42,-11.402175970164594
2,18,0,11,48,-11.398810869054635
2,18,0,11,49,-11.398444182494387
2,18,0,12,9,-11.406767548906798
2,18,0,12,42,-11.402015865974896
2,18,0,12,46,-11.399564869982298
2,18,0,12,47,-11.399122786052564
2,18,0,13,10,-11.406946703183303
2,18,0,13,42,-11.401896419032958
2,18,0,13,44,-11.400528436149443
2,18,0,13,45,-11.400002566336685
2,18,0,13,52,-11.397844697004441
2,18,0,13,53,-11.397699465284918
2,18,0,13,54,-11.397626257099956
2,18,0,13,55,-11.397595001022378
2,18,0,14,10,-11.406751542964354
2,18,0,14,11,-11.407055239726834
2,18,0,14,41,-11.40294247618591
2,18,0,14,42,-11.401876281282886
2,18,0,14,43,-11.401169366935223
2,18,0,14,50,-11.398383117659131
2,18,0,14,51,-11.398219815729963
2,18,0,15,12,-11.407223379625492
2,18,0,15,13,-11.407571941419343
2,18,0,15,41,-11.403049441003828
2,18,0,15,48,-11.39907115215448
2,18,0,15,49,-11.398838211935034
2,18,0,16,14,-11.407777026212747
2,18,0,16,15,-11.40812909750635
2,18,0,16,16,-11.408555611225632
2,18,0,16,17,-11.409056561553538
2,18,0,16,41,-11.403225533021965
2,18,0,16,46,-11.399958238080762
2,18,0,16,47,-11.39962308667224
2,18,0,17,18,-11.40948127964524
2,18,0,17,41,-11.403456133949359
2,18,0,17,42,-11.40240988818098
2,18,0,17,43,-11.401676852920177
2,18,0,17,44,-11.401092816747369
2,18,0,17,45,-11.400645101023152
2,18,0,18,19,-11.409941495050772
2,18,0,18,20,-11.410461288460573
2,18,0,18,40,-11.405172076170766
2,18,0,18,42,-11.402835722621388
2,18,0,19,21,-11.411145269378705
2,18,0,19,40,-11.405655168392206
2,18,0,19,41,-11.404285287200572
2,18,0,20,22,-11.411931267719002
2,18,0,20,39,-11.40802730076721
2,18,0,20,41,-11.404804535654007
2,18,0,21,23,-11.412859524934857
2,18,0,21,36,-11.4133556251582
2,18,0,21,37,-11.412154366198882
2,18,0,21,38,-11.410780636565399
2,18,0,21,39,-11.409206649320415
2,18,0,21,40,-11.407490023011606
2,18,0,21,41,-11.405249152713113
2,18,0,22,24,-11.413962654649538
2,18,0,22,35,-11.415850603567112
2,18,0,23,25,-11.415266156832821
2,18,0,23,26,-11.416003204351346
2,18,0,23,34,-11.41821262553156
2,18,0,24,27,-11.417714899682968
2,18,0,24,28,-11.418467714926802
2,18,0,24,33,-11.420351002480489
2,18,0,25,29,-11.420602123454398
2,18,0,25,33,-11.422516649742047
2,18,0,26,29,-11.422319774197979
2,18,0,26,32,-11.424534332814408
2,18,0,27,30,-11.425373942354858
2,18,0,27,31,-11.42629701452732
2,18,0,27,32,-11.427143052462718
2,18,0,27,33,-11.428048667460375
2,18,0,28,32,-11.430414578442482
2,18,0,28,33,-11.431650712297818
2,18,0,29,31,-11.432391334599894
2,18,0,30,31,-11.43580560094991
2,18,0,31,31,-11.439448921308493
2,18,0,32,30,-11.439876536334687
2,18,0,33,27,-11.432340050912927
2,18,0,33,28,-11.43627524001228
2,18,0,33,29,-11.44008606538488
2,18,0,34,25,-11.42516212592349
2,18,0,34,26,-11.429802029135582
2,18,0,35,22,-11.41195164232837
2,18,0,35,23,-11.416077045100572
2,18,0,35,24,-11.420767506659079
2,18,0,36,14,-11.392431948925609
2,18,0,36,15,-11.393469965448359
2,18,0,36,16,-11.394738905470232
2,18,0,36,17,-11.39624511473331
2,18,0,36,18,-11.398027814328913
2,18,0,36,19,-11.40025059685806
2,18,0,36,20,-11.402973771097454
2,18,0,36,21,-11.406304943579283
2,18,0,37,14,-11.390290827579529
2,18,0,38,12,-11.386591497921959
2,18,0,38,13,-11.38716054408694
2,18,0,39,11,-11.383056548493002
2,18,0,40,9,-11.37875434868033
2,18,0,40,10,-11.376927665699029
2,18,0,41,7,-11.376904438058974
2,18,0,41,8,-11.375608220985393
2,18,0,42,6,-11.374349909634256
2,18,0,43,5,-11.371159206238321
2,18,0,44,3,-11.370426311023044
2,18,0,44,4,-11.367737354455235
2,19,0,2,46,-11.28155206744542
2,19,0,3,46,-11.281501550909109
2,19,0,4,46,-11.281449284203465
2,19,0,5,45,-11.28184715778197
2,19,0,6,45,-11.281713154976728
2,19,0,7,44,-11.282183578167775
2,19,0,8,43,-11.28265043550523
2,19,0,8,54,-11.278066592167354
2,19,0,9,43,-11.282451002277684
2,19,0,9,52,-11.278514931788397
2,19,0,9,53,-11.27827930274142
2,19,0,10,42,-11.28304392938088
2,19,0,10,50,-11.278935504915582
2,19,0,10,51,-11.278643767049754
2,19,0,11,42,-11.2828344939676
2,19,0,11,48,-11.279503371020539
2,19,0,11,49,-11.279140378025428
2,19,0,12,9,-11.287386517280687
2,19,0,12,42,-11.282676217887662
2,19,0,12,46,-11.280249904284672
2,19,0,12,47,-11.279812249229757
2,19,0,13,10,-11.287563835945496
2,19,0,13,42,-11.282558188981966
2,19,0,13,44,-11.281203961128442
2,19,0,13,45,-11.280683338792748
2,19,0,13,52,-11.278546886593528
2,19,0,13,53,-11.278403103696167
2,19,0,13,54,-11.278330614226956
2,19,0,13,55,-11.278299661438234
2,19,0,14,10,-11.287371057443943
2,19,0,14,11,-11.287671326854026
2,19,0,14,41,-11.283593808153595
2,19,0,14,42,-11.282538444718913
2,19,0,14,43,-11.281838613373194
2,19,0,14,50,-11.27907991800233
2,19,0,14,51,-11.278918198084503
2,19,0,15,12,-11.28783784692521
2,19,0,15,13,-11.288182533837388
2,19,0,15,41,-11.28369988316298
2,19,0,15,48,-11.279761137804037
2,19,0,15,49,-11.279530443049703
2,19,0,16,14,-11.288385671726095
2,19,0,16,15,-11.288733845673775
2,19,0,16,16,-11.289155684571668
2,19,0,16,17,-11.289651181916875
2,19,0,16,41,-11.28387438106808
2,19,0,16,46,-11.280639497547837
2,19,0,16,47,-11.280307582619937
2,19,0,17,18,-11.29007171979906
2,19,0,17,41,-11.284102836688282
2,19,0,17,42,-11.283067092038785
2,19,0,17,43,-11.282341299997404
2,19,0,17,44,-11.281762976382911
2,19,0,17,45,-11.281319580094799
2,19,0,18,19,-11.290527423336307
2,19,0,18,20,-11.291041574461065
2,19,0,18,40,-11.285801627541774
2,19,0,18,42,-11.283488694619418
2,19,0,19,21,-11.29171874412085
2,19,0,19,40,-11.286280060061522
2,19,0,19,41,-11.284923902398809
2,19,0,20,22,-11.29249690296111
2,19,0,20,39,-11.288628480427711
2,19,0,20,41,-11.285438025052931
2,19,0,21,23,-11.293415871663202
2,19,0,21,36,-11.293903190530626
2,19,0,21,37,-11.292714066359984
2,19,0,21,38,-11.29135422697626
2,19,0,21,39,-11.289796154186817
2,19,0,21,40,-11.288096795443739
2,19,0,21,41,-11.285878254141513
2,19,0,22,24,-11.294507923008247
2,19,0,22,35,-11.29637319414658
2,19,0,23,25,-11.2957982907401
2,19,0,23,26,-11.296527418130848
2,19,0,23,34,-11.298711644594079
2,19,0,24,27,-11.298221747996871
2,19,0,24,28,-11.29896646873925
2,19,0,24,33,-11.300828794062452
2,19,0,25,29,-11.301079133758932
2,19,0,25,33,-11.302972660137783
2,19,0,26,29,-11.302779664285596
2,19,0,26,32,-11.304970398338899
2,19,0,27,30,-11.305802564295444
2,19,0,27,31,-11.306715780107144
2,19,0,27,32,-11.307552766284283
2,19,0,27,33,-11.308448701806778
2,19,0,28,32,-11.310791036705034
2,19,0,28,33,-11.312014074597407
2,19,0,29,31,-11.312748249255183
2,19,0,30,31,-11.316127770921465
2,19,0,31,31,-11.319733954729905
2,19,0,32,30,-11.320158253742601
2,19,0,33,27,-11.312702233772738
2,19,0,33,28,-11.316596043112574
2,19,0,33,29,-11.320366799207235
2,19,0,34,25,-11.305600999177395
2,19,0,34,26,-11.310192129955874
2,19,0,35,22,-11.292530558536654
2,19,0,35,23,-11.296612704465044
2,19,0,35,24,-11.301253926501156
2,19,0,36,14,-11.27321581159557
2,19,0,36,15,-11.274243063065283
2,19,0,36,16,-11.27549883786764
2,19,0,36,17,-11.276989428328996
2,19,0,36,18,-11.278753669838554
2,19,0,36,19,-11.2809533606189
2,19,0,36,20,-11.283648156969797
2,19,0,36,21,-11.286944570889002
2,19,0,37,14,-11.271098185572084
2,19,0,38,12,-11.26743844072981
2,19,0,38,13,-11.268001720279894
2,19,0,39,11,-11.263941869107157
2,19,0,40,9,-11.259686053274923
2,19,0,40,10,-11.257879705354723
2,19,0,41,7,-11.257856112355846
2,19,0,41,8,-11.256574224827638
2,19,0,42,6,-11.255329603271623
2,19,0,43,5,-11.252173846861243
2,19,0,44,3,-11.25144844752981
2,19,0,44,4,-11.248789321480231
2,20,0,2,46,-11.163552022893885
2,20,0,3,46,-11.163502024720595
2,20,0,4,46,-11.16345029824729
2,20,0,5,45,-11.163844139469772
2,20,0,6,45,-11.163711563369082
2,20,0,7,44,-11.164177266530542
2,20,0,8,43,-11.164639491185635
2,20,0,8,54,-11.160102347056924
2,20,0,9,43,-11.164442233919782
2,20,0,9,52,-11.160546073513634
2,20,0,9,53,-11.160312857034318
2,20,0,10,42,-11.165029293646533
2,20,0,10,50,-11.160962424420699
2,20,0,10,51,-11.160673640926936
2,20,0,11,42,-11.164822185849065
2,20,0,11,48,-11.161524645630447
2,20,0,11,49,-11.161165303032897
2,20,0,12,9,-11.169335219082724
2,20,0,12,42,-11.164665718254168
2,20,0,12,46,-11.162263799401282
2,20,0,12,47,-11.16183052126396
2,20,0,13,10,-11.16951072243496
2,20,0,13,42,-11.164549092427755
2,20,0,13,44,-11.163208459319668
2,20,0,13,45,-11.162693022777592
2,20,0,13,52,-11.160577733929735
2,20,0,13,53,-11.160435382721403
2,20,0,13,54,-11.160363603277919
2,20,0,13,55,-11.160332950047287
2,20,0,14,10,-11.16932030184699
2,20,0,14,11,-11.169617179091746
2,20,0,14,41,-11.165574394771387
2,20,0,14,42,-11.16452973820301
2,20,0,14,43,-11.163836907157258
2,20,0,14,50,-11.161105438910282
2,20,0,14,51,-11.160945281721917
2,20,0,15,12,-11.169782096996213
2,20,0,15,13,-11.170122948983645
2,20,0,15,41,-11.165679591116257
2,20,0,15,48,-11.161779924220903
2,20,0,15,49,-11.1615514475461
2,20,0,16,14,-11.17032416101291
2,20,0,16,15,-11.170668477591706
2,20,0,16,16,-11.17108569020547
2,20,0,16,17,-11.17157579167952
2,20,0,16,41,-11.165852514023072
2,20,0,16,46,-11.162649660958449
2,20,0,16,47,-11.16232094330718
2,20,0,17,18,-11.171992194776772
2,20,0,17,41,-11.166078849723915
2,20,0,17,42,-11.165053484518625
2,20,0,17,43,-11.164334850480525
2,20,0,17,44,-11.163762171501578
2,20,0,17,45,-11.163323042537861
2,20,0,18,19,-11.17244343544678
2,20,0,18,20,-11.172952003228405
2,20,0,18,40,-11.167760687042131
2,20,0,18,42,-11.165470903625842
2,20,0,19,21,-11.17362243606677
2,20,0,19,40,-11.168234514095968
2,20,0,19,41,-11.166891921388196
2,20,0,20,22,-11.174392841225995
2,20,0,20,39,-11.170559495166161
2,20,0,20,41,-11.167400977210724
2,20,0,21,23,-11.17530262332022
2,20,0,21,36,-11.175781205711015
2,20,0,21,37,-11.1746040769287
2,20,0,21,38,-11.173257968652683
2,20,0,21,39,-11.171715628244607
2,20,0,21,40,-11.17003333895343
2,20,0,21,41,-11.16783686888341
2,20,0,22,24,-11.176383718105853
2,20,0,22,35,-11.178226520270416
2,20,0,23,25,-11.177661096091738
2,20,0,23,26,-11.178382387540797
2,20,0,23,34,-11.180541668993675
2,20,0,24,27,-11.180059543879098
2,20,0,24,28,-11.180796256378358
2,20,0,24,33,-11.182637834360754
2,20,0,25,29,-11.18288741885438
2,20,0,25,33,-11.184760165070621
2,20,0,26,29,-11.184571022395225
2,20,0,26,32,-11.186738186964869
2,20,0,27,30,-11.187563001554812
2,20,0,27,31,-11.1884664675238
2,20,0,27,32,-11.18929449964467
2,20,0,27,33,-11.190180860525127
2,20,0,28,32,-11.192499887726036
2,20,0,28,33,-11.193709972814442
2,20,0,29,31,-11.194437779670254
2,20,0,30,31,-11.197782945830474
2,20,0,31,31,-11.201352408631747
2,20,0,32,30,-11.201773432684405
2,20,0,33,27,-11.19439699199492
2,20,0,33,28,-11.198249879206616
2,20,0,33,29,-11.201981009345246
2,20,0,34,25,-11.187371601591723
2,20,0,34,26,-11.191914499349851
2,20,0,35,22,-11.174439657405603
2,20,0,35,23,-11.178479023804936
2,20,0,35,24,-11.183071550458497
2,20,0,36,14,-11.15532760981236
2,20,0,36,15,-11.156344212433153
2,20,0,36,16,-11.157586964753074
2,20,0,36,17,-11.159062106199485
2,20,0,36,18,-11.160808090732766
2,20,0,36,19,-11.162984942318188
2,20,0,36,20,-11.165651672179534
2,20,0,36,21,-11.168913709977078
2,20,0,37,14,-11.153233218728527
2,20,0,38,12,-11.149612625678268
2,20,0,38,13,-11.150170199516905
2,20,0,39,11,-11.146154008730647
2,20,0,40,9,-11.141944068058502
2,20,0,40,10,-11.140157825779406
2,20,0,41,7,-11.14013387969459
2,20,0,41,8,-11.138866160493569
2,20,0,42,6,-11.137635079931501
2,20,0,43,5,-11.134513882643553
2,20,0,44,3,-11.133795896732371
2,20,0,44,4,-11.131166268774503
2,21,0,2,46,-11.046866227150227
2,21,0,3,46,-11.046816741355117
2,21,0,4,46,-11.04676554884036
2,21,0,5,45,-11.047155403757166
2,21,0,6,45,-11.047024238358269
2,21,0,7,44,-11.047485275658346
2,21,0,8,43,-11.047942921144388
2,21,0,8,54,-11.043451943264849
2,21,0,9,43,-11.047747815808814
2,21,0,9,52,-11.04389110867714
2,21,0,9,53,-11.043660277315226
2,21,0,10,42,-11.048329075888224
2,21,0,10,50,-11.044303285893957
2,21,0,10,51,-11.044017422911685
2,21,0,11,42,-11.048124270200924
2,21,0,11,48,-11.044859927454414
2,21,0,11,49,-11.044504193256605
2,21,0,12,9,-11.05259882778157
2,21,0,12,42,-11.047969591435967
2,21,0,12,46,-11.045591787225407
2,21,0,12,47,-11.045162835518815
2,21,0,13,10,-11.05277253595325
2,21,0,13,42,-11.047854353615985
2,21,0,13,44,-11.046527159165198
2,21,0,13,45,-11.04601684851975
2,21,0,13,52,-11.043922477238926
2,21,0,13,53,-11.043781541116733
2,21,0,13,54,-11.04371046334098
2,21,0,13,55,-11.043680106100997
2,21,0,14,10,-11.052584448725806
2,21,0,14,11,-11.052877969720686
2,21,0,14,41,-11.048869457269008
2,21,0,14,42,-11.047835385704634
2,21,0,14,43,-11.047149474476818
2,21,0,14,50,-11.04444491696133
2,21,0,14,51,-11.044286303999602
2,21,0,15,12,-11.053041303075384
2,21,0,15,13,-11.053378360850651
2,21,0,15,41,-11.048973785554429
2,21,0,15,48,-11.045112745632235
2,21,0,15,49,-11.044886460762006
2,21,0,16,14,-11.053577668085937
2,21,0,16,15,-11.053918168113118
2,21,0,16,16,-11.054330803759061
2,21,0,16,17,-11.054815567188832
2,21,0,16,41,-11.049145151908133
2,21,0,16,46,-11.045973959365387
2,21,0,16,47,-11.045648401292576
2,21,0,17,18,-11.055227880865537
2,21,0,17,41,-11.049369392293814
2,21,0,17,42,-11.048354287818611
2,21,0,17,43,-11.04764272906171
2,21,0,17,44,-11.0470756290119
2,21,0,17,45,-11.046640717199137
2,21,0,18,19,-11.05567470761859
2,21,0,18,20,-11.05617775179573
2,21,0,18,40,-11.051034469398727
2,21,0,18,42,-11.048767570880722
2,21,0,19,21,-11.05684152198864
2,21,0,19,40,-11.051503743835442
2,21,0,19,41,-11.050174561220562
2,21,0,20,22,-11.05760425893263
2,21,0,20,39,-11.053805552370633
2,21,0,20,41,-11.050678607893408
2,21,0,21,23,-11.058504955821338
2,21,0,21,36,-11.058974865244943
2,21,0,21,37,-11.05780959546793
2,21,0,21,38,-11.056477062449957
2,21,0,21,39,-11.054950276020293
2,21,0,21,40,-11.053284862238954
2,21,0,21,41,-11.051110211577505
2,21,0,22,24,-11.059575215154478
2,21,0,22,35,-11.06139577072436
2,21,0,23,25,-11.06083974715494
2,21,0,23,26,-11.061553287415224
2,21,0,23,34,-11.063687882034765
2,21,0,24,27,-11.063213460666718
2,21,0,24,28,-11.063942251670875
2,21,0,24,33,-11.065763301589794
2,21,0,25,29,-11.066012150440606
2,21,0,25,33,-11.067864338966057
2,21,0,26,29,-11.067679017243682
2,21,0,26,32,-11.069822868369219
2,21,0,27,30,-11.070640419474216
2,21,0,27,31,-11.071534242149532
2,21,0,27,32,-11.072353417980347
2,21,0,27,33,-11.073230308972533
2,21,0,28,32,-11.075526291893821
2,21,0,28,33,-11.076723566742798
2,21,0,29,31,-11.07744508191036
2,21,0,30,31,-11.080756276740463
2,21,0,31,31,-11.084289428884032
2,21,0,32,30,-11.08470721711675
2,21,0,33,27,-11.077409475492267
2,21,0,33,28,-11.08122189442979
2,21,0,33,29,-11.084913838205738
2,21,0,34,25,-11.070459089366755
2,21,0,34,26,-11.074954289054668
2,21,0,35,22,-11.057664107066897
2,21,0,35,23,-11.061661167729074
2,21,0,35,24,-11.066205538805898
2,21,0,36,14,-11.038752522681829
2,21,0,36,15,-11.039758592818742
2,21,0,36,16,-11.040988465338325
2,21,0,36,17,-11.042448327310849
2,21,0,36,18,-11.044176255503727
2,21,0,36,19,-11.046330519470285
2,21,0,36,20,-11.048969492624773
2,21,0,36,21,-11.052197534350357
2,21,0,37,14,-11.036681108546363
2,21,0,38,12,-11.03309923599758
2,21,0,38,13,-11.033651165655327
2,21,0,39,11,-11.029678153611956
2,21,0,40,9,-11.025513581888339
2,21,0,40,10,-11.023747219529778
2,21,0,41,7,-11.023722929290813
2,21,0,41,8,-11.022469219623106
2,21,0,42,6,-11.021251531477942
2,21,0,43,5,-11.018164509234513
2,21,0,44,3,-11.017453854804016
2,21,0,44,4,-11.01485339627821
2,22,0,2,46,-10.931480063089523
2,22,0,3,46,-10.931431083830363
2,22,0,4,46,-10.93138041916354
2,22,0,5,45,-10.931766332914933
2,22,0,6,45,-10.931636562436317
2,22,0,7,44,-10.932092986882028
2,22,0,8,43,-10.932546105447523
2,22,0,8,54,-10.928100771289317
2,22,0,9,43,-10.932353128213151
2,22,0,9,52,-10.928535426942162
2,22,0,9,53,-10.928306953754321
2,22,0,10,42,-10.932928654791429
2,22,0,10,50,-10.92894347793695
2,22,0,10,51,-10.928660502315822
2,22,0,11,42,-10.932726125854707
2,22,0,11,48,-10.92949460354368
2,22,0,11,49,-10.929142436682614
2,22,0,12,9,-10.937162687551353
2,22,0,12,42,-10.93257321632245
2,22,0,12,46,-10.930219252708193
2,22,0,12,47,-10.929794578114748
2,22,0,13,10,-10.937334620482886
2,22,0,13,42,-10.932459351420098
2,22,0,13,44,-10.931145442910909
2,22,0,13,45,-10.930640199679782
2,22,0,13,52,-10.92856650642733
2,22,0,13,53,-10.928426969200787
2,22,0,13,54,-10.92835658498227
2,22,0,13,55,-10.928326520284084
2,22,0,14,10,-10.93714884171544
2,22,0,14,11,-10.937439042660424
2,22,0,14,41,-10.933464372085922
2,22,0,14,42,-10.932440765932801
2,22,0,14,43,-10.93176169581517
2,22,0,14,50,-10.92908374074327
2,22,0,14,51,-10.92892665409233
2,22,0,15,12,-10.9376008089818
2,22,0,15,13,-10.937934113541536
2,22,0,15,41,-10.933567842525152
2,22,0,15,48,-10.9297449887753
2,22,0,15,49,-10.929520870272885
2,22,0,16,14,-10.938131536975389
2,22,0,16,15,-10.938468261608278
2,22,0,16,16,-10.938876369872782
2,22,0,16,17,-10.939355853283054
2,22,0,16,41,-10.933737670262772
2,22,0,16,46,-10.930597777018487
2,22,0,16,47,-10.93027534197246
2,22,0,17,18,-10.939764122685933
2,22,0,17,41,-10.933959839329408
2,22,0,17,42,-10.932954879273673
2,22,0,17,43,-10.932250315039026
2,22,0,17,44,-10.931688729929839
2,22,0,17,45,-10.931257986573002
2,22,0,18,19,-10.940206584245281
2,22,0,18,20,-10.940704164801748
2,22,0,18,40,-10.935608345837652
2,22,0,18,42,-10.933364072910333
2,22,0,19,21,-10.941361346061106
2,22,0,19,40,-10.936073119390423
2,22,0,19,41,-10.934757195042225
2,22,0,20,22,-10.94211649968341
2,22,0,20,39,-10.938352017215253
2,22,0,20,41,-10.93525628918056
2,22,0,21,23,-10.943008212031833
2,22,0,21,36,-10.943469523578653
2,22,0,21,37,-10.942315978918542
2,22,0,21,38,-10.940996868063012
2,22,0,21,39,-10.939485460301045
2,22,0,21,40,-10.937836731572377
2,22,0,21,41,-10.93568365337155
2,22,0,22,24,-10.94406775607015
2,22,0,22,35,-10.945866295114767
2,22,0,23,25,-10.945319584645095
2,22,0,23,26,-10.94602545846575
2,22,0,23,34,-10.948135628731714
2,22,0,24,27,-10.947668837325404
2,22,0,24,28,-10.948389793525617
2,22,0,24,33,-10.950190536531627
2,22,0,25,29,-10.950438665078785
2,22,0,25,33,-10.952270519190623
2,22,0,26,29,-10.952088982708698
2,22,0,26,32,-10.95420977596734
2,22,0,27,30,-10.955020148355008
2,22,0,27,31,-10.95590443385803
2,22,0,27,32,-10.956714850799496
2,22,0,27,33,-10.957582376179266
2,22,0,28,32,-10.959855573989689
2,22,0,28,33,-10.961040180202374
2,22,0,29,31,-10.961755477111282
2,22,0,30,31,-10.965033080025874
2,22,0,31,31,-10.968530326871079
2,22,0,32,30,-10.968944917047954
2,22,0,33,27,-10.961725001727451
2,22,0,33,28,-10.96549740195917
2,22,0,33,29,-10.969150594771758
2,22,0,34,25,-10.954848787452674
2,22,0,34,26,-10.959296818962176
2,22,0,35,22,-10.942189246445617
2,22,0,35,23,-10.946144470937496
2,22,0,35,24,-10.950641221239835
2,22,0,36,14,-10.923475905708644
2,22,0,36,15,-10.924471559293433
2,22,0,36,16,-10.925688694015719
2,22,0,36,17,-10.927133445143589
2,22,0,36,18,-10.928843516445411
2,22,0,36,19,-10.930975442654477
2,22,0,36,20,-10.933586966530427
2,22,0,36,21,-10.936781389103619
2,22,0,37,14,-10.92142721310171
2,22,0,38,12,-10.917883632729048
2,22,0,38,13,-10.918429979829192
2,22,0,39,11,-10.914499668460731
2,22,0,40,9,-10.910379963286658
2,22,0,40,10,-10.908633258325855
2,22,0,41,7,-10.908608630844878
2,22,0,41,8,-10.907368774064123
2,22,0,42,6,-10.906164330550874
2,22,0,43,5,-10.90311110322272
2,22,0,44,3,-10.902407698998761
2,22,0,44,4,-10.899836084946644
2,23,0,2,46,-10.817379068876686
2,23,0,3,46,-10.817330590422568
2,23,0,4,46,-10.817280447616406
2,23,0,5,45,-10.817662464580959
2,23,0,6,45,-10.817534073439788
2,23,0,7,44,-10.817985937085854
2,23,0,8,43,-10.818434579962947
2,23,0,8,54,-10.814034375715812
2,23,0,9,43,-10.81824370721609
2,23,0,9,52,-10.814464572152092
2,23,0,9,53,-10.814238430627666
2,23,0,10,42,-10.818813565161358
2,23,0,10,50,-10.814868543520813
2,23,0,10,51,-10.81458842269636
2,23,0,11,42,-10.818613287797906
2,23,0,11,48,-10.815414215618782
2,23,0,11,49,-10.815065575792945
2,23,0,12,9,-10.823012309739635
2,23,0,12,42,-10.818462128003292
2,23,0,12,46,-10.816131735891181
2,23,0,12,47,-10.815711290035425
2,23,0,13,10,-10.823182487171273
2,23,0,13,42,-10.818349620966519
2,23,0,13,44,-10.817048848442349
2,23,0,13,45,-10.816548615278467
2,23,0,13,52,-10.814495365468936
2,23,0,13,53,-10.814357211278471
2,23,0,13,54,-10.814287512701746
2,23,0,13,55,-10.814257737189193
2,23,0,14,10,-10.822998991839883
2,23,0,14,11,-10.82328590896877
2,23,0,14,41,-10.819344672321662
2,23,0,14,42,-10.818331413911299
2,23,0,14,43,-10.817659107643136
2,23,0,14,50,-10.815007453141337
2,23,0,14,51,-10.814851875335046
2,23,0,15,12,-10.823446125627788
2,23,0,15,13,-10.823775717977899
2,23,0,15,41,-10.81944729482252
2,23,0,15,48,-10.815662195039621
2,23,0,15,49,-10.815440218108959
2,23,0,16,14,-10.823971278451472
2,23,0,16,15,-10.824304268885655
2,23,0,16,16,-10.824707899313161
2,23,0,16,17,-10.825182160605959
2,23,0,16,41,-10.819615601470685
2,23,0,16,46,-10.816506653320856
2,23,0,16,47,-10.816187305630562
2,23,0,17,18,-10.825586430524996
2,23,0,17,41,-10.819835722716626
2,23,0,17,42,-10.818840792773116
2,23,0,17,43,-10.818143143883844
2,23,0,17,44,-10.817587011085362
2,23,0,17,45,-10.817160388633114
2,23,0,18,19,-10.826024575231502
2,23,0,18,20,-10.826516752044398
2,23,0,18,40,-10.821467845105625
2,23,0,18,42,-10.81924594289179
2,23,0,19,21,-10.827167417443684
2,23,0,19,40,-10.82192816857359
2,23,0,19,41,-10.820625353217359
2,23,0,20,22,-10.827915071883336
2,23,0,20,39,-10.824184413295898
2,23,0,20,41,-10.821119550519056
2,23,0,21,23,-10.8287978994327
2,23,0,21,36,-10.829250695082349
2,23,0,21,37,-10.828108743775164
2,23,0,21,38,-10.826802904354903
2,23,0,21,39,-10.825306702625735
2,23,0,21,40,-10.823674471485328
2,23,0,21,41,-10.821542722916153
2,23,0,22,24,-10.829846847196166
2,23,0,22,35,-10.831623603602809
2,23,0,23,25,-10.83108611351817
2,23,0,23,26,-10.831784405283695
2,23,0,23,34,-10.833870415255467
2,23,0,24,27,-10.833411176528692
2,23,0,24,28,-10.834124384212355
2,23,0,24,33,-10.835905041699483
2,23,0,25,29,-10.836152462549965
2,23,0,25,33,-10.837964205099418
2,23,0,26,29,-10.837786416083965
2,23,0,26,32,-10.839884405695692
2,23,0,27,30,-10.840687681807463
2,23,0,27,31,-10.841562535548611
2,23,0,27,32,-10.842364290368993
2,23,0,27,33,-10.843222553685855
2,23,0,28,32,-10.845473221789764
2,23,0,28,33,-10.846645299785626
2,23,0,29,31,-10.847354449851322
2,23,0,30,31,-10.85059883568969
2,23,0,31,31,-10.854060577772485
2,23,0,32,30,-10.854472006621538
2,23,0,33,27,-10.847329053136752
2,23,0,33,28,-10.851061879675694
2,23,0,33,29,-10.854676752486215
2,23,0,34,25,-10.840526186429353
2,23,0,34,26,-10.844927574280856
2,23,0,35,22,-10.828000581185655
2,23,0,35,23,-10.831914434471894
2,23,0,35,24,-10.836364093445294
2,23,0,36,14,-10.809483284241564
2,23,0,36,15,-10.810468636437331
2,23,0,36,16,-10.81167317433441
2,23,0,36,17,-10.81310298195787
2,23,0,36,18,-10.814795394227174
2,23,0,36,19,-10.816905230410654
2,23,0,36,20,-10.819489609669159
2,23,0,36,21,-10.822650786471094
2,23,0,37,14,-10.807457060399184
2,23,0,38,12,-10.80395134753435
2,23,0,38,13,-10.804492173482329
2,23,0,39,11,-10.800604088965764
2,23,0,40,9,-10.796528752434906
2,23,0,40,10,-10.794801485240242
2,23,0,41,7,-10.794776526195381
2,23,0,41,8,-10.793550367626752
2,23,0,42,6,-10.792359022088784
2,23,0,43,5,-10.789339213588908
2,23,0,44,3,-10.788642979061693
2,23,0,44,4,-10.78609988816735
2,24,0,2,46,-10.704548938900096
2,24,0,3,46,-10.704500955614963
2,24,0,4,46,-10.704451328786524
2,24,0,5,45,-10.704829492679114
2,24,0,6,45,-10.704702465481883
2,24,0,7,44,-10.705149819565328
2,24,0,8,43,-10.7055940371304
2,24,0,8,54,-10.701238456611456
2,24,0,9,43,-10.705405245488405
2,24,0,9,52,-10.701664243701178
2,24,0,9,53,-10.70144040771072
2,24,0,10,42,-10.705969498591614
2,24,0,10,50,-10.70206418129639
2,24,0,10,51,-10.701786883209074
2,24,0,11,42,-10.705771447840117
2,24,0,11,48,-10.702604461280714
2,24,0,11,49,-10.702259308836926
2,24,0,12,9,-10.71013336928401
2,24,0,12,42,-10.70562201843043
2,24,0,12,46,-10.70331493297272
2,24,0,12,47,-10.702898668276577
2,24,0,13,10,-10.71030181074797
2,24,0,13,42,-10.70551085428989
2,24,0,13,44,-10.70422307015943
2,24,0,13,45,-10.703727790672644
2,24,0,13,52,-10.701694753833427
2,24,0,13,53,-10.701557967093938
2,24,0,13,54,-10.701488946398747
2,24,0,13,55,-10.701459456787529
2,24,0,14,10,-10.710120573855757
2,24,0,14,11,-10.710404243271213
2,24,0,14,41,-10.706496048261748
2,24,0,14,42,-10.705493021624601
2,24,0,14,43,-10.704827403180001
2,24,0,14,50,-10.702201752694494
2,24,0,14,51,-10.702047666625164
2,24,0,15,12,-10.710562927475873
2,24,0,15,13,-10.71088884845706
2,24,0,15,41,-10.706597832497035
2,24,0,15,48,-10.702850061709439
2,24,0,15,49,-10.702630202064656
2,24,0,16,14,-10.711082566631204
2,24,0,16,15,-10.711411863915679
2,24,0,16,16,-10.711811065820754
2,24,0,16,17,-10.712280162584094
2,24,0,16,41,-10.706764635249776
2,24,0,16,46,-10.703686283901288
2,24,0,16,47,-10.7033699886043
2,24,0,17,18,-10.71268047740484
2,24,0,17,41,-10.70698273176081
2,24,0,17,42,-10.705997719359214
2,24,0,17,43,-10.705306907967646
2,24,0,17,44,-10.704756165970958
2,24,0,17,45,-10.704333617796266
2,24,0,18,19,-10.713114353164485
2,24,0,18,20,-10.713601185799988
2,24,0,18,40,-10.708598653757855
2,24,0,18,42,-10.706398871229723
2,24,0,19,21,-10.71424540771576
2,24,0,19,40,-10.709054577139417
2,24,0,19,41,-10.707764723727271
2,24,0,20,22,-10.714985646295997
2,24,0,20,39,-10.711288422644268
2,24,0,20,41,-10.708254079081296
2,24,0,21,23,-10.715859687800684
2,24,0,21,36,-10.716304053575787
2,24,0,21,37,-10.715173565738446
2,24,0,21,38,-10.713880849139073
2,24,0,21,39,-10.71239968320478
2,24,0,21,40,-10.710783764847934
2,24,0,21,41,-10.708673106683975
2,24,0,22,24,-10.716898157108176
2,24,0,22,35,-10.718653366242236
2,24,0,23,25,-10.71812500089994
2,24,0,23,26,-10.718815794421188
2,24,0,23,34,-10.720877908094867
2,24,0,24,27,-10.720426142858244
2,24,0,24,28,-10.721131687707148
2,24,0,24,33,-10.722892480331197
2,24,0,25,29,-10.723139204306747
2,24,0,25,33,-10.724931056976615
2,24,0,26,29,-10.724756976498375
2,24,0,26,32,-10.726832414795663
2,24,0,27,30,-10.727628675265683
2,24,0,27,31,-10.728494201778497
2,24,0,27,32,-10.729287390454722
2,24,0,27,33,-10.730136494381778
2,24,0,28,32,-10.73236488476588
2,24,0,28,33,-10.733524573649337
2,24,0,29,31,-10.734227646721287
2,24,0,30,31,-10.737439185911551
2,24,0,31,31,-10.740865819095966
2,24,0,32,30,-10.741274122540048
2,24,0,33,27,-10.734207275169961
2,24,0,33,28,-10.73790096834579
2,24,0,33,29,-10.741477947563265
2,24,0,34,25,-10.727476940235869
2,24,0,34,26,-10.731832203427777
2,24,0,35,22,-10.715083780855252
2,24,0,35,23,-10.718956723103025
2,24,0,35,24,-10.723359814659048
2,24,0,36,14,-10.696760349279
2,24,0,36,15,-10.69773551428677
2,24,0,36,16,-10.698927595098041
2,24,0,36,17,-10.700342625054445
2,24,0,36,18,-10.702017574332483
2,24,0,36,19,-10.70410556586295
2,24,0,36,20,-10.706663102173671
2,24,0,36,21,-10.709791402829767
2,24,0,37,14,-10.694756344136417
2,24,0,38,12,-10.691288078155496
2,24,0,38,13,-10.691823443961821
2,24,0,39,11,-10.68797711708553
2,24,0,40,9,-10.683945656156235
2,24,0,40,10,-10.682237609797067
2,24,0,41,7,-10.682212324087594
2,24,0,41,8,-10.680999710919806
2,24,0,42,6,-10.679821318011985
2,24,0,43,5,-10.676834556320516
2,24,0,44,3,-10.676145411786445
2,24,0,44,4,-10.6736305263277
2,25,0,2,46,-10.592975523740431
2,25,0,3,46,-10.592928030072283
2,25,0,4,46,-10.592878913430162
2,25,0,5,45,-10.593253267367336
2,25,0,6,45,-10.593127588903691
2,25,0,7,44,-10.593570483934286
2,25,0,8,43,-10.594010325814773
2,25,0,8,54,-10.589698869739996
2,25,0,9,43,-10.593823592136284
2,25,0,9,52,-10.59012029672634
2,25,0,9,53,-10.589898740488001
2,25,0,10,42,-10.594382303245212
2,25,0,10,50,-10.590516245743633
2,25,0,10,51,-10.590241738784387
2,25,0,11,42,-10.594186454382438
2,25,0,11,48,-10.591051194093428
2,25,0,11,49,-10.590709489951768
2,25,0,12,9,-10.598511702059106
2,25,0,12,42,-10.594038736173864
2,25,0,12,46,-10.591754696297851
2,25,0,12,47,-10.591342565884219
2,25,0,13,10,-10.598678426877443
2,25,0,13,42,-10.593928900073784
2,25,0,13,44,-10.592653958847508
2,25,0,13,45,-10.592163577485762
2,25,0,13,52,-10.590150526699935
2,25,0,13,53,-10.590015092064068
2,25,0,13,54,-10.589946741620054
2,25,0,13,55,-10.589917534684647
2,25,0,14,10,-10.59849942354982
2,25,0,14,11,-10.598779881122706
2,25,0,14,41,-10.59490434702801
2,25,0,14,42,-10.593911437741683
2,25,0,14,43,-10.593252432187635
2,25,0,14,50,-10.590652493758064
2,25,0,14,51,-10.590499882615745
2,25,0,15,12,-10.59893704991024
2,25,0,15,13,-10.599259340091628
2,25,0,15,41,-10.595005302483706
2,25,0,15,48,-10.591294442045795
2,25,0,15,49,-10.591076675825823
2,25,0,16,14,-10.59945123643311
2,25,0,16,15,-10.59977688135725
2,25,0,16,16,-10.600171703709073
2,25,0,16,17,-10.600635693099537
2,25,0,16,41,-10.595170618256066
2,25,0,16,46,-10.592122520586194
2,25,0,16,47,-10.591809243314744
2,25,0,17,18,-10.601032096777693
2,25,0,17,41,-10.59538671276451
2,25,0,17,42,-10.594411506892202
2,25,0,17,43,-10.59372745631085
2,25,0,17,44,-10.593182044569888
2,25,0,17,45,-10.59276352482425
2,25,0,18,19,-10.601461751033492
2,25,0,18,20,-10.601943298621357
2,25,0,18,40,-10.596986615611453
2,25,0,18,42,-10.594808705199013
2,25,0,19,21,-10.602581148704143
2,25,0,19,40,-10.59743818819638
2,25,0,19,41,-10.596161151687413
2,25,0,20,22,-10.603314053902924
2,25,0,20,39,-10.599649884984089
2,25,0,20,41,-10.596645719249455
2,25,0,21,23,-10.604179407101148
2,25,0,21,36,-10.604615431264083
2,25,0,21,37,-10.603496278729505
2,25,0,21,38,-10.602216538275398
2,25,0,21,39,-10.60075024010406
2,25,0,21,40,-10.599150452158288
2,25,0,21,41,-10.597060648424199
2,25,0,22,24,-10.605207514542561
2,25,0,22,35,-10.606941411777518
2,25,0,23,25,-10.606422074051698
2,25,0,23,26,-10.60710545243976
2,25,0,23,34,-10.609143932722544
2,25,0,24,27,-10.60869956088891
2,25,0,24,28,-10.609397527857872
2,25,0,24,33,-10.611138674927064
2,25,0,25,29,-10.611384711672345
2,25,0,25,33,-10.61315689451872
2,25,0,26,29,-10.612986483071099
2,25,0,26,32,-10.615039620179509
2,25,0,27,30,-10.615828944173431
2,25,0,27,31,-10.61668524701642
2,25,0,27,32,-10.617469964639314
2,25,0,27,33,-10.618310010882983
2,25,0,28,32,-10.620516372357702
2,25,0,28,33,-10.621663809842328
2,25,0,29,31,-10.622360874498085
2,25,0,30,31,-10.62553993318804
2,25,0,31,31,-10.628931848790431
2,25,0,32,30,-10.62933706209909
2,25,0,33,27,-10.622345474103215
2,25,0,33,28,-10.62600046950997
2,25,0,33,29,-10.629539976946905
2,25,0,34,25,-10.615686863803928
2,25,0,34,26,-10.619996515751737
2,25,0,35,22,-10.603424676275376
2,25,0,35,23,-10.607257162762082
2,25,0,35,24,-10.611614205200901
2,25,0,36,14,-10.585292953999717
2,25,0,36,15,-10.586258044946913
2,25,0,36,16,-10.587437807064504
2,25,0,36,17,-10.588838223568402
2,25,0,36,18,-10.590495903953043
2,25,0,36,19,-10.592562293718698
2,25,0,36,20,-10.59509328564092
2,25,0,36,21,-10.598189075909525
2,25,0,37,14,-10.583310920205864
2,25,0,38,12,-10.57987968474497
2,25,0,38,13,-10.58040965092008
2,25,0,39,11,-10.576604617284861
2,25,0,40,9,-10.572616543984163
2,25,0,40,10,-10.5709275041046
2,25,0,41,7,-10.570901896129195
2,25,0,41,8,-10.569702677341144
2,25,0,42,6,-10.568537093136367
2,25,0,43,5,-10.565583010299815
2,25,0,44,3,-10.564900876884721
2,25,0,44,4,-10.562413882687899
2,26,0,2,46,-10.48264482952802
2,26,0,3,46,-10.482597819999805
2,26,0,4,46,-10.482549207832864
2,26,0,5,45,-10.482919794379686
2,26,0,6,45,-10.482795449615315
2,26,0,7,44,-10.483233935440056
2,26,0,8,43,-10.48366945059052
2,26,0,8,54,-10.479401626041883
2,26,0,9,43,-10.483484751978288
2,26,0,9,52,-10.479818741572673
2,26,0,9,53,-10.479599439628316
2,26,0,10,42,-10.484037983090925
2,26,0,10,50,-10.480210746608902
2,26,0,10,51,-10.479938999581146
2,26,0,11,42,-10.483844311641564
2,26,0,11,48,-10.480740422979645
2,26,0,11,49,-10.480402128579938
2,26,0,12,9,-10.488133302680744
2,26,0,12,42,-10.483698285632268
2,26,0,12,46,-10.481437033700496
2,26,0,12,47,-10.481028991323564
2,26,0,13,10,-10.488298329965657
2,26,0,13,42,-10.483589762846293
2,26,0,13,44,-10.482327520948486
2,26,0,13,45,-10.481841982912982
2,26,0,13,52,-10.479848694426167
2,26,0,13,53,-10.479714596758935
2,26,0,13,54,-10.479646909049254
2,26,0,13,55,-10.479617981614643
2,26,0,14,10,-10.48812153550397
2,26,0,14,11,-10.488398816815343
2,26,0,14,41,-10.484555571715578
2,26,0,14,42,-10.48357266679571
2,26,0,14,43,-10.482920200191693
2,26,0,14,50,-10.48034568593776
2,26,0,14,51,-10.480194533169248
2,26,0,15,12,-10.4885544870452
2,26,0,15,13,-10.488873186661023
2,26,0,15,41,-10.484655707719117
2,26,0,15,48,-10.480981344670562
2,26,0,15,49,-10.480765648379302
2,26,0,16,14,-10.489063281428274
2,26,0,16,15,-10.489385314451978
2,26,0,16,16,-10.489775805803173
2,26,0,16,17,-10.490234744473447
2,26,0,16,41,-10.484819553179477
2,26,0,16,46,-10.481801370717857
2,26,0,16,47,-10.48149107761857
2,26,0,17,18,-10.490627280511042
2,26,0,17,41,-10.48503366810034
2,26,0,17,42,-10.48406815917684
2,26,0,17,43,-10.483390793761412
2,26,0,17,44,-10.482850652583643
2,26,0,17,45,-10.482436116096261
2,26,0,18,19,-10.491052760216718
2,26,0,18,20,-10.49152908137109
2,26,0,18,40,-10.486617730736222
2,26,0,18,42,-10.484461448053155
2,26,0,19,21,-10.492160630517185
2,26,0,19,40,-10.487065001165726
2,26,0,19,41,-10.485800638372417
2,26,0,20,22,-10.492886283938947
2,26,0,20,39,-10.489254796586087
2,26,0,20,41,-10.486280471615007
2,26,0,21,23,-10.493743045526204
2,26,0,21,36,-10.494170817382944
2,26,0,21,37,-10.493062873584822
2,26,0,21,38,-10.491795964416415
2,26,0,21,39,-10.490344368047372
2,26,0,21,40,-10.488760530412508
2,26,0,21,41,-10.486691348140672
2,26,0,22,24,-10.494760906438634
2,26,0,22,35,-10.496473726191883
2,26,0,23,25,-10.495963318417514
2,26,0,23,26,-10.496639364005048
2,26,0,23,34,-10.498654472047956
2,26,0,24,27,-10.498217413289067
2,26,0,24,28,-10.498907886529974
2,26,0,24,33,-10.50062960561203
2,26,0,25,29,-10.500874963989048
2,26,0,25,33,-10.50262769515045
2,26,0,26,29,-10.502460913020863
2,26,0,26,32,-10.504491996661015
2,26,0,27,30,-10.505274462096
2,26,0,27,31,-10.506121643793653
2,26,0,27,32,-10.506897984510664
2,26,0,27,33,-10.507729073757227
2,26,0,28,32,-10.509913652120964
2,26,0,28,33,-10.511048974487151
2,26,0,29,31,-10.5117400982217
2,26,0,30,31,-10.514887038377534
2,26,0,31,31,-10.518244623262847
2,26,0,32,30,-10.518646781148828
2,26,0,33,27,-10.511729614872237
2,26,0,33,28,-10.51534634335645
2,26,0,33,29,-10.518848796221395
2,26,0,34,25,-10.505141930789517
2,26,0,34,26,-10.509406479312648
2,26,0,35,22,-10.493009257078592
2,26,0,35,23,-10.496801738157522
2,26,0,35,24,-10.501113244145833
2,26,0,36,14,-10.475067110860879
2,26,0,36,15,-10.476022239739383
2,26,0,36,16,-10.47718982014507
2,26,0,36,17,-10.478575785722045
2,26,0,36,18,-10.480216389299093
2,26,0,36,19,-10.482261417637531
2,26,0,36,20,-10.484766160560232
2,26,0,36,21,-10.48782980228113
2,26,0,37,14,-10.47310680377403
2,26,0,38,12,-10.469712186840898
2,26,0,38,13,-10.470236813332974
2,26,0,39,11,-10.466472613454247
2,26,0,40,9,-10.462527444980275
2,26,0,40,10,-10.46085719971081
2,26,0,41,7,-10.460831273540668
2,26,0,41,8,-10.459645299848395
2,26,0,42,6,-10.458492381897246
2,26,0,43,5,-10.455570614013903
2,26,0,44,3,-10.454895413687511
2,26,0,44,4,-10.452436000083981
2,27,0,2,46,-10.373543016946497
2,27,0,3,46,-10.373496486150692
2,27,0,4,46,-10.373448372821901
2,27,0,5,45,-10.373815234022972
2,27,0,6,45,-10.37369220809554
2,27,0,7,44,-10.374126333941158
2,27,0,8,43,-10.374557570692792
2,27,0,8,54,-10.37033289076428
2,27,0,9,43,-10.37437488449606
2,27,0,9,52,-10.370745742915334
2,27,0,9,53,-10.370528670114101
2,27,0,10,42,-10.374922696823178
2,27,0,10,50,-10.37113384800924
2,27,0,10,51,-10.370864830102782
2,27,0,11,42,-10.374731178567123
2,27,0,11,48,-10.371658311295162
2,27,0,11,49,-10.371323388561189
2,27,0,12,9,-10.378984322338198
2,27,0,12,42,-10.374586825946546
2,27,0,12,46,-10.372348107532744
2,27,0,12,47,-10.371944107532633
2,27,0,13,10,-10.379147670991857
2,27,0,13,42,-10.37447960188928
2,27,0,13,44,-10.373229917533056
2,27,0,13,45,-10.372749168722397
2,27,0,13,52,-10.37077542168319
2,27,0,13,53,-10.370642646045184
2,27,0,13,54,-10.370575613655186
2,27,0,13,55,-10.370546962591318
2,27,0,14,10,-10.378973060908317
2,27,0,14,11,-10.379247201212372
2,27,0,14,41,-10.375435880261422
2,27,0,14,42,-10.374462868087852
2,27,0,14,43,-10.373816867418945
2,27,0,14,50,-10.371267493202406
2,27,0,14,51,-10.37111778248372
2,27,0,15,12,-10.37940138956375
2,27,0,15,13,-10.379716538474613
2,27,0,15,41,-10.375535206002303
2,27,0,15,48,-10.37189693264373
2,27,0,15,49,-10.371683283110862
2,27,0,16,14,-10.379904851713416
2,27,0,16,15,-10.380223312925878
2,27,0,16,16,-10.380609521370722
2,27,0,16,17,-10.381063465427143
2,27,0,16,41,-10.37569759759583
2,27,0,16,46,-10.372708996178808
2,27,0,16,47,-10.372401653860754
2,27,0,17,18,-10.381452176865016
2,27,0,17,41,-10.375909755053437
2,27,0,17,42,-10.37495383484524
2,27,0,17,43,-10.374283079915884
2,27,0,17,44,-10.373748150389194
2,27,0,17,45,-10.373337552600299
2,27,0,18,19,-10.38187352847656
2,27,0,18,20,-10.382344681249766
2,27,0,18,40,-10.377478154240597
2,27,0,18,42,-10.375343257898185
2,27,0,19,21,-10.382969999594172
2,27,0,19,40,-10.377921170549756
2,27,0,19,41,-10.37666934003336
2,27,0,20,22,-10.38368848196351
2,27,0,20,39,-10.380089308964498
2,27,0,20,41,-10.377144491782012
2,27,0,21,23,-10.384536747587548
2,27,0,21,36,-10.384956356748608
2,27,0,21,37,-10.38385949664178
2,27,0,21,38,-10.382605275630576
2,27,0,21,39,-10.38116821708061
2,27,0,21,40,-10.379600151818543
2,27,0,21,41,-10.377551360881334
2,27,0,22,24,-10.385544476052283
2,27,0,22,35,-10.38723645119758
2,27,0,23,25,-10.386734875757858
2,27,0,23,26,-10.387403670053851
2,27,0,23,34,-10.389395664851206
2,27,0,24,27,-10.388965839005296
2,27,0,24,28,-10.389648901823795
2,27,0,24,33,-10.391351408514822
2,27,0,25,29,-10.391596096852176
2,27,0,25,33,-10.39332959238046
2,27,0,26,29,-10.393166399883317
2,27,0,26,32,-10.39517567526115
2,27,0,27,30,-10.395951358950693
2,27,0,27,31,-10.396789520961958
2,27,0,27,32,-10.397557577946063
2,27,0,27,33,-10.398379809832495
2,27,0,28,32,-10.400542847990693
2,27,0,28,33,-10.40166619006529
2,27,0,29,31,-10.402351439416877
2,27,0,30,31,-10.40546661890587
2,27,0,31,31,-10.408790255569256
2,27,0,32,30,-10.409189392253555
2,27,0,33,27,-10.402345819153117
2,27,0,33,28,-10.405924706827573
2,27,0,33,29,-10.40939051774097
2,27,0,34,25,-10.395828271592018
2,27,0,34,26,-10.400048218930024
2,27,0,35,22,-10.383823669627544
2,27,0,35,23,-10.387576590727884
2,27,0,35,24,-10.391843067309386
2,27,0,36,14,-10.366068989235053
2,27,0,36,15,-10.367014266867697
2,27,0,36,16,-10.36816980109998
2,27,0,36,17,-10.369541476553705
2,27,0,36,18,-10.371165193363993
2,27,0,36,19,-10.373189098033649
2,27,0,36,20,-10.375667884153795
2,27,0,36,21,-10.378699735234534
2,27,0,37,14,-10.364130166909604
2,27,0,38,12,-10.360771760932742
2,27,0,38,13,-10.361291107093113
2,27,0,39,11,-10.357567286440787
2,27,0,40,9,-10.353664545202507
2,27,0,40,10,-10.352012885095716
2,27,0,41,7,-10.351986644582333
2,27,0,41,8,-10.350813768398671
2,27,0,42,6,-10.349673375760366
2,27,0,43,5,-10.346783562951568
2,27,0,44,3,-10.346115218530317
2,27,0,44,4,-10.343683078315458
2,28,0,2,46,-10.265656399973349
2,28,0,3,46,-10.265610342567635
2,28,0,4,46,-10.265562722508504
2,28,0,5,45,-10.26592589991102
2,28,0,6,45,-10.265804178125666
2,28,0,7,44,-10.26623399262986
2,28,0,8,43,-10.266660998726852
2,28,0,8,54,-10.262478982258745
2,28,0,9,43,-10.266480302540675
2,28,0,9,52,-10.262887618550977
2,28,0,9,53,-10.262672750036932
2,28,0,10,42,-10.267022756550073
2,28,0,10,50,-10.2632718672119
2,28,0,10,51,-10.263005547984003
2,28,0,11,42,-10.266833367524502
2,28,0,11,48,-10.263791175589589
2,28,0,11,49,-10.263459586903757
2,28,0,12,9,-10.271051066880446
2,28,0,12,42,-10.266690669677235
2,28,0,12,46,-10.264474233401181
2,28,0,12,47,-10.26407423067079
2,28,0,13,10,-10.27121275559663
2,28,0,13,42,-10.266584729909496
2,28,0,13,44,-10.265347463005888
2,28,0,13,45,-10.264871449975411
2,28,0,13,52,-10.26291702625036
2,28,0,13,53,-10.262785557885554
2,28,0,13,54,-10.262719173495157
2,28,0,13,55,-10.26269079571301
2,28,0,14,10,-10.271040305633354
2,28,0,14,11,-10.271311339837231
2,28,0,14,41,-10.267531584089328
2,28,0,14,42,-10.266568354351897
2,28,0,14,43,-10.26592874748071
2,28,0,14,50,-10.263404232664477
2,28,0,14,51,-10.263255947881843
2,28,0,15,12,-10.271464062806922
2,28,0,15,13,-10.271775700477503
2,28,0,15,41,-10.267630108631407
2,28,0,15,48,-10.264027522220617
2,28,0,15,49,-10.263815896574572
2,28,0,16,14,-10.27196225201615
2,28,0,16,15,-10.272277181110939
2,28,0,16,16,-10.272659154260296
2,28,0,16,17,-10.27310815923794
2,28,0,16,41,-10.267791062594693
2,28,0,16,46,-10.264831712119518
2,28,0,16,47,-10.264527287617224
2,28,0,17,18,-10.273493088648047
2,28,0,17,41,-10.268001284439073
2,28,0,17,42,-10.267054845998672
2,28,0,17,43,-10.266390627784975
2,28,0,17,44,-10.265860851726725
2,28,0,17,45,-10.265454148640977
2,28,0,18,19,-10.273910358115563
2,28,0,18,20,-10.274376399970457
2,28,0,18,40,-10.26955419485277
2,28,0,18,42,-10.267440446326379
2,28,0,19,21,-10.27499555688011
2,28,0,19,40,-10.269993004499256
2,28,0,19,41,-10.268753566494444
2,28,0,20,22,-10.275706948035815
2,28,0,20,39,-10.272139727398734
2,28,0,20,41,-10.269224088952281
2,28,0,21,23,-10.276546812292434
2,28,0,21,36,-10.276958348186328
2,28,0,21,37,-10.275872448189327
2,28,0,21,38,-10.27463077387572
2,28,0,21,39,-10.273208091070018
2,28,0,21,40,-10.271655622323975
2,28,0,21,41,-10.269626995314264
2,28,0,22,24,-10.277544521133517
2,28,0,22,35,-10.279215882621216
2,28,0,23,25,-10.278723042329212
2,28,0,23,26,-10.279384665993588
2,28,0,23,34,-10.281353804126788
2,28,0,24,27,-10.280931131464127
2,28,0,24,28,-10.281606866295235
2,28,0,24,33,-10.283290374072443
2,28,0,25,29,-10.28353440032971
2,28,0,25,33,-10.285248874085227
2,28,0,26,29,-10.285089231712513
2,28,0,26,32,-10.287076941455737
2,28,0,27,30,-10.287845919206132
2,28,0,27,31,-10.288675161907696
2,28,0,27,32,-10.289435027340721
2,28,0,27,33,-10.290248500440123
2,28,0,28,32,-10.292390238491006
2,28,0,28,33,-10.293501733640076
2,28,0,29,31,-10.29418117427336
2,28,0,30,31,-10.297264946931252
2,28,0,31,31,-10.3005550135665
2,28,0,32,30,-10.300951162820304
2,28,0,33,27,-10.294180363443623
2,28,0,33,28,-10.29772183171538
2,28,0,33,29,-10.30115140873818
2,28,0,34,25,-10.287732171397966
2,28,0,34,26,-10.291908014243921
2,28,0,35,22,-10.275854214996674
2,28,0,35,23,-10.279568016644037
2,28,0,35,24,-10.283789965269404
2,28,0,36,14,-10.258284913228115
2,28,0,36,15,-10.259220449253162
2,28,0,36,16,-10.260364071393257
2,28,0,36,17,-10.261721615792068
2,28,0,36,18,-10.263328633818999
2,28,0,36,19,-10.265331649991355
2,28,0,36,20,-10.267784768312664
2,28,0,36,21,-10.270785182735647
2,28,0,37,14,-10.2563673363943
2,28,0,38,12,-10.253044738235381
2,28,0,38,13,-10.253558862798728
2,28,0,39,11,-10.249874971802504
2,28,0,40,9,-10.246014185422693
2,28,0,40,10,-10.244380903403597
2,28,0,41,7,-10.244354352244383
2,28,0,41,8,-10.243194427647861
2,28,0,42,6,-10.242066420901327
2,28,0,43,5,-10.239208207279018
2,28,0,44,3,-10.23854664242612
2,28,0,44,4,-10.236141471819044
2,29,0,2,46,-10.158971444486443
2,29,0,3,46,-10.158925855191686
2,29,0,4,46,-10.158878722900178
2,29,0,5,45,-10.15923825756952
2,29,0,6,45,-10.159117825397038
2,29,0,7,44,-10.15954337662888
2,29,0,8,43,-10.159966199251064
2,29,0,8,54,-10.1558263706594
2,29,0,9,43,-10.159787470916514
2,29,0,9,52,-10.156230838072307
2,29,0,9,53,-10.15601814927607
2,29,0,10,42,-10.160324626362135
2,29,0,10,50,-10.15661127329965
2,29,0,10,51,-10.156347622662825
2,29,0,11,42,-10.160137342864122
2,29,0,11,48,-10.157125484257735
2,29,0,11,49,-10.156797192443902
2,29,0,12,9,-10.164319994882339
2,29,0,12,42,-10.159996281373925
2,29,0,12,46,-10.157801878798102
2,29,0,12,47,-10.157405828762077
2,29,0,13,10,-10.164480042147508
2,29,0,13,42,-10.159891611608034
2,29,0,13,44,-10.15866662370766
2,29,0,13,45,-10.158195293644463
2,29,0,13,52,-10.156259977699662
2,29,0,13,53,-10.156129802027454
2,29,0,13,54,-10.156064058405445
2,29,0,13,55,-10.156035950854152
2,29,0,14,10,-10.164309728290936
2,29,0,14,11,-10.164577690940853
2,29,0,14,41,-10.160829146662078
2,29,0,14,42,-10.159875590323141
2,29,0,14,43,-10.159242305958214
2,29,0,14,50,-10.156742373253309
2,29,0,14,51,-10.156595498490947
2,29,0,15,12,-10.16472896484511
2,29,0,15,13,-10.16503713033071
2,29,0,15,41,-10.160926878954466
2,29,0,15,48,-10.157359581509793
2,29,0,15,49,-10.15714995716017
2,29,0,16,14,-10.165221939781985
2,29,0,16,15,-10.165533376043019
2,29,0,16,16,-10.16591116101094
2,29,0,16,17,-10.16635528186098
2,29,0,16,41,-10.161086411327933
2,29,0,16,46,-10.158155985591648
2,29,0,16,47,-10.157854446342208
2,29,0,17,18,-10.166736471351497
2,29,0,17,41,-10.16129471914895
2,29,0,17,42,-10.160357656772206
2,29,0,17,43,-10.159699902375966
2,29,0,17,44,-10.15917522229963
2,29,0,17,45,-10.158772370456607
2,29,0,18,19,-10.167149704124373
2,29,0,18,20,-10.167610691921126
2,29,0,18,40,-10.162832313443015
2,29,0,18,42,-10.16073947697867
2,29,0,19,21,-10.168223756002734
2,29,0,19,40,-10.163266963329313
2,29,0,19,41,-10.162039779691174
2,29,0,20,22,-10.168928134907258
2,29,0,20,39,-10.165392509417138
2,29,0,20,41,-10.162505724458589
2,29,0,21,23,-10.16975969135166
2,29,0,21,36,-10.170163242947464
2,29,0,21,37,-10.1690881809015
2,29,0,21,38,-10.16785891345039
2,29,0,21,39,-10.166450446173114
2,29,0,21,40,-10.164913400109963
2,29,0,21,41,-10.162904712255308
2,29,0,22,24,-10.170747492149218
2,29,0,22,35,-10.172398468797226
2,29,0,23,25,-10.171914267120725
2,29,0,23,26,-10.172568799953579
2,29,0,23,34,-10.174515335455027
2,29,0,24,27,-10.17409973683512
2,29,0,24,28,-10.174768225233228
2,29,0,24,33,-10.176432945380862
2,29,0,25,29,-10.176676317250902
2,29,0,25,33,-10.178371980852019
2,29,0,26,29,-10.178215849365781
2,29,0,26,32,-10.180182233499245
2,29,0,27,30,-10.18094458017577
2,29,0,27,31,-10.18176500285737
2,29,0,27,32,-10.182516767924575
2,29,0,27,33,-10.183321579741353
2,29,0,28,32,-10.185442255044993
2,29,0,28,33,-10.186542035175135
2,29,0,29,31,-10.187215731939377
2,29,0,30,31,-10.190268447632652
2,29,0,31,31,-10.193525318195631
2,29,0,32,30,-10.193918513370802
2,29,0,33,27,-10.187219677304942
2,29,0,33,28,-10.190724142913155
2,29,0,33,29,-10.194117889584593
2,29,0,34,25,-10.180840068399364
2,29,0,34,26,-10.18497229794448
2,29,0,35,22,-10.169087347152608
2,29,0,35,23,-10.17276246500252
2,29,0,35,24,-10.176940381571871
2,29,0,36,14,-10.15170135975413
2,29,0,36,15,-10.15262726261996
2,29,0,36,16,-10.153759105288675
2,29,0,36,17,-10.155102675964567
2,29,0,36,18,-10.156693181135735
2,29,0,36,19,-10.158675541402115
2,29,0,36,20,-10.161103277748548
2,29,0,36,21,-10.164072605592539
2,29,0,37,14,-10.149804791795821
2,29,0,38,12,-10.146517602739122
2,29,0,38,13,-10.147026563814634
2,29,0,39,11,-10.14338215784525
2,29,0,40,9,-10.139562859140064
2,29,0,40,10,-10.137947750465596
2,29,0,41,7,-10.137920892244992
2,29,0,41,8,-10.136773774953605
2,29,0,42,6,-10.135658016198311
2,29,0,43,5,-10.132831049825597
2,29,0,44,3,-10.132176189044847
2,29,0,44,4,-10.129797687649894
2,30,0,2,46,-10.05347476676628
2,30,0,3,46,-10.0534296403651
2,30,0,4,46,-10.053382990404439
2,30,0,5,45,-10.053738922935423
2,30,0,6,45,-10.053619766010657
2,30,0,7,44,-10.054041101485055
2,30,0,8,43,-10.054459787264586
2,30,0,8,54,-10.0503616764176
2,30,0,9,43,-10.054283004868589
2,30,0,9,52,-10.050762021399667
2,30,0,9,53,-10.050551488032044
2,30,0,10,42,-10.054814920811959
2,30,0,10,50,-10.051138685697138
2,30,0,10,51,-10.050877673910268
2,30,0,11,42,-10.054629719399465
2,30,0,11,48,-10.05164785605702
2,30,0,11,49,-10.05132282436894
2,30,0,12,9,-10.058777715860705
2,30,0,12,42,-10.05449027605151
2,30,0,12,46,-10.052317661605327
2,30,0,12,47,-10.051925520205602
2,30,0,13,10,-10.05893613995611
2,30,0,13,42,-10.054386862154562
2,30,0,13,44,-10.053174016404792
2,30,0,13,45,-10.052707317109356
2,30,0,13,52,-10.050790895929934
2,30,0,13,53,-10.050661998539288
2,30,0,13,54,-10.0505968885396
2,30,0,13,55,-10.050569048204482
2,30,0,14,10,-10.058767938445698
2,30,0,14,11,-10.059032863719514
2,30,0,14,41,-10.055315181943477
2,30,0,14,42,-10.05437119121021
2,30,0,14,43,-10.053744158883298
2,30,0,14,50,-10.05126853424334
2,30,0,14,51,-10.051123053775191
2,30,0,15,12,-10.059182704696369
2,30,0,15,13,-10.059487436635505
2,30,0,15,41,-10.055412130828293
2,30,0,15,48,-10.051879728989608
2,30,0,15,49,-10.051672083615852
2,30,0,16,14,-10.059670523400008
2,30,0,16,15,-10.059978505694122
2,30,0,16,16,-10.060352149091598
2,30,0,16,17,-10.060791440175691
2,30,0,16,41,-10.055570257465293
2,30,0,16,46,-10.052668434049782
2,30,0,16,47,-10.052369747877412
2,30,0,17,18,-10.061168931396697
2,30,0,17,41,-10.055776672602802
2,30,0,17,42,-10.054848881798302
2,30,0,17,43,-10.054197519167285
2,30,0,17,44,-10.053677878258895
2,30,0,17,45,-10.053278834712634
2,30,0,18,19,-10.061578172430284
2,30,0,18,20,-10.062034162421359
2,30,0,18,40,-10.057299121458636
2,30,0,18,42,-10.05522696400478
2,30,0,19,21,-10.06264120153134
2,30,0,19,40,-10.057729657948892
2,30,0,19,41,-10.056514592113684
2,30,0,20,22,-10.06333864628165
2,30,0,20,39,-10.059834263207586
2,30,0,20,41,-10.056976010203273
2,30,0,21,23,-10.064161987440958
2,30,0,21,36,-10.064557643080045
2,30,0,21,37,-10.063493298218008
2,30,0,21,38,-10.062276299384465
2,30,0,21,39,-10.060881889239868
2,30,0,21,40,-10.059360094005172
2,30,0,21,41,-10.057371123102968
2,30,0,22,24,-10.065139990545715
2,30,0,22,35,-10.066770808920403
2,30,0,23,25,-10.066295150118123
2,30,0,23,26,-10.066942671056568
2,30,0,23,34,-10.068866855338142
2,30,0,24,27,-10.068458252304492
2,30,0,24,28,-10.069119574940812
2,30,0,24,33,-10.070765716514968
2,30,0,25,29,-10.071008441488658
2,30,0,25,33,-10.072685504291037
2,30,0,26,29,-10.072532844779749
2,30,0,26,32,-10.074478140722034
2,30,0,27,30,-10.075233930294488
2,30,0,27,31,-10.07604563116086
2,30,0,27,32,-10.07678938605211
2,30,0,27,33,-10.077585633024174
2,30,0,28,32,-10.079685480257428
2,30,0,28,33,-10.080773675823316
2,30,0,29,31,-10.08144169279281
2,30,0,30,31,-10.084463697475204
2,30,0,31,31,-10.087687741742188
2,30,0,32,30,-10.08807801579277
2,30,0,33,27,-10.081450341594222
2,30,0,33,28,-10.084918216653973
2,30,0,33,29,-10.088276532034463
2,30,0,34,25,-10.075138552011943
2,30,0,34,26,-10.0792276539968
2,30,0,35,22,-10.063509671148983
2,30,0,35,23,-10.0671465360286
2,30,0,35,24,-10.071280910941455
2,30,0,36,14,-10.046304956665274
2,30,0,36,15,-10.047221333632347
2,30,0,36,16,-10.04834152799438
2,30,0,36,17,-10.049671280549706
2,30,0,36,18,-10.051245456746374
2,30,0,36,19,-10.053207391132782
2,30,0,36,20,-10.055610028170333
2,30,0,36,21,-10.05854861564044
2,30,0,37,14,-10.044429163595222
2,30,0,38,12,-10.041176989323272
2,30,0,38,13,-10.04168084439111
2,30,0,39,11,-10.038075483729923
2,30,0,40,9,-10.034297210676721
2,30,0,40,10,-10.032700072900242
2,30,0,41,7,-10.032672911117231
2,30,0,41,8,-10.031538458465318
2,30,0,42,6,-10.03043481131575
2,30,0,43,5,-10.027638744166676
2,30,0,44,3,-10.026990512795345
2,30,0,44,4,-10.024638383564001
2,31,0,2,46,-9.949153131923163
2,31,0,3,46,-9.94910846325692
2,31,0,4,46,-9.949062290251305
2,31,0,5,45,-9.949414660779413
2,31,0,6,45,-9.949296764896763
2,31,0,7,44,-9.949713931589864
2,31,0,8,43,-9.95012852662799
2,31,0,8,54,-9.946071668702366
2,31,0,9,43,-9.94995366849857
2,31,0,9,52,-9.946467937178712
2,31,0,9,53,-9.946259535225067
2,31,0,10,42,-9.950480403328235
2,31,0,10,50,-9.946840872566165
2,31,0,10,51,-9.94658247022522
2,31,0,11,42,-9.95029726081537
2,31,0,11,48,-9.947345058500705
2,31,0,11,49,-9.947023250609496
2,31,0,12,9,-9.954410988677429
2,31,0,12,42,-9.95015941759203
2,31,0,12,46,-9.948008348488083
2,31,0,12,47,-9.94762007216743
2,31,0,13,10,-9.954567807681762
2,31,0,13,42,-9.950057245582329
2,31,0,13,44,-9.94885640668217
2,31,0,13,45,-9.948394286549005
2,31,0,13,52,-9.94649654955417
2,31,0,13,53,-9.946368916199388
2,31,0,13,54,-9.946304432759367
2,31,0,13,55,-9.946276856661544
2,31,0,14,10,-9.954401695008297
2,31,0,14,11,-9.954663616717086
2,31,0,14,41,-9.950976452787886
2,31,0,14,42,-9.95004192108366
2,31,0,14,43,-9.949421071126542
2,31,0,14,50,-9.946969483637314
2,31,0,14,51,-9.94682538191979
2,31,0,15,12,-9.95481204072429
2,31,0,15,13,-9.955113377338964
2,31,0,15,41,-9.951072627000643
2,31,0,15,48,-9.947574731888638
2,31,0,15,49,-9.94736904342876
2,31,0,16,14,-9.955294760599928
2,31,0,16,15,-9.955599327374626
2,31,0,16,16,-9.955968875306834
2,31,0,16,17,-9.95640339039455
2,31,0,16,41,-9.951229363569556
2,31,0,16,46,-9.948355823730335
2,31,0,16,47,-9.948059958830507
2,31,0,17,18,-9.95677722452958
2,31,0,17,41,-9.951433907116801
2,31,0,17,42,-9.950515284576825
2,31,0,17,43,-9.949870242480623
2,31,0,17,44,-9.949355584577294
2,31,0,17,45,-9.948960306876899
2,31,0,18,19,-9.95718251827534
2,31,0,18,20,-9.957633566099371
2,31,0,18,40,-9.952941379283653
2,31,0,18,42,-9.950889670428296
2,31,0,19,21,-9.95823464733432
2,31,0,19,40,-9.953367848213054
2,31,0,19,41,-9.952164765162872
2,31,0,20,22,-9.958925235153504
2,31,0,20,39,-9.955451745957381
2,31,0,20,41,-9.952621707009369
2,31,0,21,23,-9.959740452520348
2,31,0,21,36,-9.960128299751537
2,31,0,21,37,-9.95907455266877
2,31,0,21,38,-9.957869685766067
2,31,0,21,39,-9.9564891761431
2,31,0,21,40,-9.954982461821999
2,31,0,21,41,-9.9530129881855
2,31,0,22,24,-9.960708767050553
2,31,0,22,35,-9.962319651353289
2,31,0,23,25,-9.9618524405886
2,31,0,23,26,-9.96249302770409
2,31,0,23,34,-9.964395109489786
2,31,0,24,27,-9.963993424344196
2,31,0,24,28,-9.96464766100479
2,31,0,24,33,-9.96627543080097
2,31,0,25,29,-9.966517516214374
2,31,0,25,33,-9.968176185294423
2,31,0,26,29,-9.968026959211194
2,31,0,26,32,-9.969951401773676
2,31,0,27,30,-9.970700707347271
2,31,0,27,31,-9.971503783520966
2,31,0,27,32,-9.97223961743306
2,31,0,27,33,-9.973027394935858
2,31,0,28,32,-9.975106646132858
2,31,0,28,33,-9.976183386146651
2,31,0,29,31,-9.976845786645487
2,31,0,30,31,-9.979837422403035
2,31,0,31,31,-9.983029006018656
2,31,0,32,30,-9.983416391512103
2,31,0,33,27,-9.976859086629023
2,31,0,33,28,-9.980290778674549
2,31,0,33,29,-9.983614057388175
2,31,0,34,25,-9.970614361033912
2,31,0,34,26,-9.974660815800094
2,31,0,35,22,-9.959107941274409
2,31,0,35,23,-9.962706979226832
2,31,0,35,24,-9.966798297434156
2,31,0,36,14,-9.94208248086677
2,31,0,36,15,-9.942989438013951
2,31,0,36,16,-9.94409811378682
2,31,0,36,17,-9.945414202105145
2,31,0,36,18,-9.946972231175408
2,31,0,36,19,-9.94891396716123
2,31,0,36,20,-9.95129178442285
2,31,0,36,21,-9.954199973883439
2,31,0,37,14,-9.940227231298072
2,31,0,38,12,-9.93700968185785
2,31,0,38,13,-9.937508487769032
2,31,0,39,11,-9.933941737569446
2,31,0,40,9,-9.930204033265383
2,31,0,40,10,-9.92862466620489
2,31,0,41,7,-9.928597204292926
2,31,0,41,8,-9.92747527520867
2,31,0,42,6,-9.926383604787276
2,31,0,43,5,-9.923618092709702
2,31,0,44,3,-9.922976416915697
2,31,0,44,4,-9.920650366108147
2,32,0,2,46,-9.845993452343327
2,32,0,3,46,-9.845949236311379
2,32,0,4,46,-9.845903534945403
2,32,0,5,45,-9.846252383154754
2,32,0,6,45,-9.846135734266788
2,32,0,7,44,-9.846548778625094
2,32,0,8,43,-9.846959328501766
2,32,0,8,54,-9.842943263898931
2,32,0,9,43,-9.846786373206761
2,32,0,9,52,-9.843335501280398
2,32,0,9,53,-9.843129206995643
2,32,0,10,42,-9.847307984651025
2,32,0,10,50,-9.843704749303713
2,32,0,10,51,-9.843448927335771
2,32,0,11,42,-9.847126878107566
2,32,0,11,48,-9.844204006350392
2,32,0,11,49,-9.843885386337085
2,32,0,12,9,-9.851206719703688
2,32,0,12,42,-9.846990617189105
2,32,0,12,46,-9.844860853376705
2,32,0,12,47,-9.844476399069693
2,32,0,13,10,-9.851361951494109
2,32,0,13,42,-9.846889673237536
2,32,0,13,44,-9.845700707411636
2,32,0,13,45,-9.84524311541815
2,32,0,13,52,-9.843363854412177
2,32,0,13,53,-9.843237471008642
2,32,0,13,54,-9.843173607146086
2,32,0,13,55,-9.84314629234078
2,32,0,14,10,-9.851197904401852
2,32,0,14,11,-9.851456855988081
2,32,0,14,41,-9.847799869383737
2,32,0,14,42,-9.84687469132962
2,32,0,14,43,-9.846259954860185
2,32,0,14,50,-9.843832136676669
2,32,0,14,51,-9.843689398343734
2,32,0,15,12,-9.851603878805465
2,32,0,15,13,-9.85190185790015
2,32,0,15,41,-9.84789527755831
2,32,0,15,48,-9.84443150468998
2,32,0,15,49,-9.844227751334031
2,32,0,16,14,-9.852081556626759
2,32,0,16,15,-9.852382745909598
2,32,0,16,16,-9.85274824397676
2,32,0,16,17,-9.853178036247618
2,32,0,16,41,-9.848050639548086
2,32,0,16,46,-9.845205068144345
2,32,0,16,47,-9.844911993075039
2,32,0,17,18,-9.853548254022014
2,32,0,17,41,-9.848253332358157
2,32,0,17,42,-9.84734377593877
2,32,0,17,43,-9.846704983952858
2,32,0,17,44,-9.8461952535288
2,32,0,17,45,-9.845803699706803
2,32,0,18,19,-9.853949644436705
2,32,0,18,20,-9.854395805122262
2,32,0,18,40,-9.849745994685577
2,32,0,18,42,-9.847714506611862
2,32,0,19,21,-9.85499099483229
2,32,0,19,40,-9.850168441371196
2,32,0,19,41,-9.848977207608076
2,32,0,20,22,-9.855674802084025
2,32,0,20,39,-9.85223186229173
2,32,0,20,41,-9.849429723078282
2,32,0,21,23,-9.856481986132621
2,32,0,21,36,-9.856862111660465
2,32,0,21,37,-9.855818844293921
2,32,0,21,38,-9.854625974170032
2,32,0,21,39,-9.85325921021557
2,32,0,21,40,-9.851767408802349
2,32,0,21,41,-9.849817215218097
2,32,0,22,24,-9.857440719991555
2,32,0,22,35,-9.859031892033777
2,32,0,23,25,-9.858573035419443
2,32,0,23,26,-9.859206765923183
2,32,0,23,34,-9.861086991242042
2,32,0,24,27,-9.860692147076202
2,32,0,24,28,-9.861339376667487
2,32,0,24,33,-9.862948979222981
2,32,0,25,29,-9.86319043228463
2,32,0,25,33,-9.864830912446486
2,32,0,26,29,-9.864685081629988
2,32,0,26,32,-9.86658890303288
2,32,0,27,30,-9.867331796872632
2,32,0,27,31,-9.868126344402027
2,32,0,27,32,-9.86885434554572
2,32,0,27,33,-9.86963374789973
2,32,0,28,32,-9.87169263249217
2,32,0,28,33,-9.872758044535638
2,32,0,29,31,-9.873414891159628
2,32,0,30,31,-9.876376496259411
2,32,0,31,31,-9.879535980787649
2,32,0,32,30,-9.879920509916623
2,32,0,33,27,-9.873432790602518
2,32,0,33,28,-9.876828702634988
2,32,0,33,29,-9.88011733491593
2,32,0,34,25,-9.867254382054279
2,32,0,34,26,-9.871258664600521
2,32,0,35,22,-9.855869059453521
2,32,0,35,23,-9.859430691785395
2,32,0,35,24,-9.86347943284503
2,32,0,36,14,-9.839020856693388
2,32,0,36,15,-9.83991849892622
2,32,0,36,16,-9.841015784390988
2,32,0,36,17,-9.84231836065084
2,32,0,36,18,-9.843860422426886
2,32,0,36,19,-9.845782184967625
2,32,0,36,20,-9.848135458882604
2,32,0,36,21,-9.851013588894476
2,32,0,37,14,-9.837185921813113
2,32,0,38,12,-9.83400261157686
2,32,0,38,13,-9.83449642455676
2,32,0,39,11,-9.830967854797686
2,32,0,40,9,-9.827270267410448
2,32,0,40,10,-9.825708473120473
2,32,0,41,7,-9.825680714455538
2,32,0,41,8,-9.824571169442097
2,32,0,42,6,-9.82349134236473
2,32,0,43,5,-9.820756045036385
2,32,0,44,3,-9.82012085180754
2,32,0,44,4,-9.817820588956042
2,33,0,2,46,-9.743982786103818
2,33,0,3,46,-9.743939017663813
2,33,0,4,46,-9.74389378268326
2,33,0,5,45,-9.744239147811857
2,33,0,6,45,-9.744123732028944
2,33,0,7,44,-9.744532699975803
2,33,0,8,43,-9.744939249756259
2,33,0,8,54,-9.740963524049286
2,33,0,9,43,-9.744768176102937
2,33,0,9,52,-9.7413517752392
2,33,0,9,53,-9.741147565144598
2,33,0,10,42,-9.745284721238992
2,33,0,10,50,-9.741717376977014
2,33,0,10,51,-9.741464106636515
2,33,0,11,42,-9.745105627990656
2,33,0,11,48,-9.742211760046965
2,33,0,11,49,-9.741896292397639
2,33,0,12,9,-9.749151961120702
2,33,0,12,42,-9.744970931756132
2,33,0,12,46,-9.742862235891819
2,33,0,12,47,-9.742481561019629
2,33,0,13,10,-9.749305623375323
2,33,0,13,42,-9.744871202187829
2,33,0,13,44,-9.743693977168565
2,33,0,13,45,-9.743240862868982
2,33,0,13,52,-9.741379872012034
2,33,0,13,53,-9.741254724634002
2,33,0,13,54,-9.741191473445319
2,33,0,13,55,-9.74116441702075
2,33,0,14,10,-9.749143618865903
2,33,0,14,11,-9.749399633402232
2,33,0,14,41,-9.7457724876582
2,33,0,14,42,-9.744856559058588
2,33,0,14,43,-9.744247867971193
2,33,0,14,50,-9.741843554280626
2,33,0,14,51,-9.741702164140856
2,33,0,15,12,-9.749545270635858
2,33,0,15,13,-9.749839929597737
2,33,0,15,41,-9.745867138331647
2,33,0,15,48,-9.742437107565925
2,33,0,15,49,-9.742235267752276
2,33,0,16,14,-9.750017962551995
2,33,0,16,15,-9.750315811952513
2,33,0,16,16,-9.750677305253019
2,33,0,16,17,-9.751102427300642
2,33,0,16,41,-9.746021141057843
2,33,0,16,46,-9.74320322650579
2,33,0,16,47,-9.742912910182834
2,33,0,17,18,-9.751469068992972
2,33,0,17,41,-9.746222003750233
2,33,0,17,42,-9.74532141245562
2,33,0,17,43,-9.744688800949891
2,33,0,17,44,-9.744183943107576
2,33,0,17,45,-9.743796071673438
2,33,0,18,19,-9.751866599551608
2,33,0,18,20,-9.752307927522127
2,33,0,18,40,-9.747700021216344
2,33,0,18,42,-9.745688528667099
2,33,0,19,21,-9.752897291327175
2,33,0,19,40,-9.748118490467125
2,33,0,19,41,-9.746938973992279
2,33,0,20,22,-9.753574393533807
2,33,0,20,39,-9.7501616626681
2,33,0,20,41,-9.747387112394708
2,33,0,21,23,-9.754373633739911
2,33,0,21,36,-9.754746123417728
2,33,0,21,37,-9.753713219028644
2,33,0,21,38,-9.75253221204658
2,33,0,21,39,-9.751179040642663
2,33,0,21,40,-9.74970198601494
2,33,0,21,41,-9.747770857707128
2,33,0,22,24,-9.755322893637977
2,33,0,22,35,-9.756894572853058
2,33,0,23,25,-9.75644397746357
2,33,0,23,26,-9.75707092771516
2,33,0,23,34,-9.758929539919837
2,33,0,24,27,-9.758541460625835
2,33,0,24,28,-9.759181761183417
2,33,0,24,33,-9.760773398794722
2,33,0,25,29,-9.761014226601365
2,33,0,25,33,-9.762636720395692
2,33,0,26,29,-9.76249424707991
2,33,0,26,32,-9.764377676976709
2,33,0,27,30,-9.765114230527326
2,33,0,27,31,-9.765900344397075
2,33,0,27,32,-9.766620600006416
2,33,0,27,33,-9.767391720486856
2,33,0,28,32,-9.769430465342191
2,33,0,28,33,-9.770484675580605
2,33,0,29,31,-9.77113603021598
2,33,0,30,31,-9.774067939154666
2,33,0,31,31,-9.777195682129983
2,33,0,32,30,-9.777577386722635
2,33,0,33,27,-9.771158477945399
2,33,0,33,28,-9.774519008482391
2,33,0,33,29,-9.777773380222863
2,33,0,34,25,-9.765045647811435
2,33,0,34,26,-9.769008227851662
2,33,0,35,22,-9.753780073597353
2,33,0,35,23,-9.757304716929307
2,33,0,35,24,-9.761311355064011
2,33,0,36,14,-9.737107154241972
2,33,0,36,15,-9.73799558530255
2,33,0,36,16,-9.739081607317075
2,33,0,36,17,-9.740370822008082
2,33,0,36,18,-9.74189709432571
2,33,0,36,19,-9.743799105878114
2,33,0,36,20,-9.746128109803639
2,33,0,36,21,-9.748976515163521
2,33,0,37,14,-9.735292307784647
2,33,0,38,12,-9.732142855408858
2,33,0,38,13,-9.732631731061595
2,33,0,39,11,-9.729140916500354
2,33,0,40,9,-9.725482999218585
2,33,0,40,10,-9.723938581962921
2,33,0,41,7,-9.723910529869702
2,33,0,41,8,-9.722813230987153
2,33,0,42,6,-9.721745115348552
2,33,0,43,5,-9.71903969623409
2,33,0,44,3,-9.718410913368093
2,33,0,44,4,-9.716136151240807
2,34,0,2,46,-9.643108335364714
2,34,0,3,46,-9.643065009530893
2,34,0,4,46,-9.643020235740817
2,34,0,5,45,-9.643362156587198
2,34,0,6,45,-9.643247960174975
2,34,0,7,44,-9.6436528971188
2,34,0,8,43,-9.644055491362474
2,34,0,8,54,-9.640119655214411
2,34,0,9,43,-9.643886278393966
2,34,0,9,52,-9.640503964614174
2,34,0,9,53,-9.640301815493949
2,34,0,10,42,-9.644397813658465
2,34,0,10,50,-9.640865960683987
2,34,0,10,51,-9.640615213547742
2,34,0,11,42,-9.644220711282813
2,34,0,11,48,-9.641355524071837
2,34,0,11,49,-9.64104317367093
2,34,0,12,9,-9.648233909393545
2,34,0,12,42,-9.644087562306789
2,34,0,12,46,-9.64199969970867
2,34,0,12,47,-9.641622762170268
2,34,0,13,10,-9.64838601959398
2,34,0,13,42,-9.643989033598263
2,34,0,13,44,-9.642823418601132
2,34,0,13,45,-9.642374732116158
2,34,0,13,52,-9.6405318078826
2,34,0,13,53,-9.640407882761014
2,34,0,13,54,-9.64034523742059
2,34,0,13,55,-9.640318436498031
2,34,0,14,10,-9.648226034922866
2,34,0,14,11,-9.648479145116731
2,34,0,14,41,-9.644881507652192
2,34,0,14,42,-9.643974725477092
2,34,0,14,43,-9.643372012429788
2,34,0,14,50,-9.640990941396899
2,34,0,14,51,-9.640850884430574
2,34,0,15,12,-9.648623412199948
2,34,0,15,13,-9.648914788003301
2,34,0,15,41,-9.644975409265289
2,34,0,15,48,-9.641578744728653
2,34,0,15,49,-9.641378797139291
2,34,0,16,14,-9.649091173739441
2,34,0,16,15,-9.649385720451676
2,34,0,16,16,-9.649743253585118
2,34,0,16,17,-9.650163757421044
2,34,0,16,41,-9.645128067871488
2,34,0,16,46,-9.642337502084482
2,34,0,16,47,-9.6420499137744
2,34,0,17,18,-9.650526862863083
2,34,0,17,41,-9.645327120834505
2,34,0,17,42,-9.644435394799629
2,34,0,17,43,-9.643808894925465
2,34,0,17,44,-9.643308855384573
2,34,0,17,45,-9.642924625315326
2,34,0,18,19,-9.650920576558283
2,34,0,18,20,-9.651357125635068
2,34,0,18,40,-9.646790656571604
2,34,0,18,42,-9.64479893681149
2,34,0,19,21,-9.651940728425979
2,34,0,19,40,-9.647205192694832
2,34,0,19,41,-9.646037262986892
2,34,0,20,22,-9.652611200270359
2,34,0,20,39,-9.649228341729216
2,34,0,20,41,-9.646481073078869
2,34,0,21,23,-9.65340258511469
2,34,0,21,36,-9.653767523899056
2,34,0,21,37,-9.652744867054123
2,34,0,21,38,-9.651575591071056
2,34,0,21,39,-9.650235860811357
2,34,0,21,40,-9.64877338870443
2,34,0,21,41,-9.646861113300798
2,34,0,22,24,-9.65434247657538
2,34,0,22,35,-9.655894880001966
2,34,0,23,25,-9.65545245389916
2,34,0,23,26,-9.656072699411833
2,34,0,23,34,-9.657909939179902
2,34,0,24,27,-9.657528549463704
2,34,0,24,28,-9.658161998158098
2,34,0,24,33,-9.659735870890433
2,34,0,25,29,-9.659976080439518
2,34,0,25,33,-9.661580788177629
2,34,0,26,29,-9.661441634997985
2,34,0,26,32,-9.663304900495987
2,34,0,27,30,-9.664035184395908
2,34,0,27,31,-9.664812958536377
2,34,0,27,32,-9.665525554877327
2,34,0,27,33,-9.666288485724095
2,34,0,28,32,-9.668307315176147
2,34,0,28,33,-9.669350448372738
2,34,0,29,31,-9.66999637220722
2,34,0,30,31,-9.672898915753422
2,34,0,31,31,-9.675995270725766
2,34,0,32,30,-9.6763741822514
2,34,0,33,27,-9.670023317601546
2,34,0,33,28,-9.673348860724971
2,34,0,33,29,-9.676569353521927
2,34,0,34,25,-9.663975335468455
2,34,0,34,26,-9.667896677488551
2,34,0,35,22,-9.652828175879574
2,34,0,35,23,-9.65631624219589
2,34,0,35,24,-9.66028124635034
2,34,0,36,14,-9.636328587642316
2,34,0,36,15,-9.637207910120376
2,34,0,36,16,-9.63828279413286
2,34,0,36,17,-9.639558796072317
2,34,0,36,18,-9.641069454790902
2,34,0,36,19,-9.642951935338525
2,34,0,36,20,-9.645256939591727
2,34,0,36,21,-9.648075951371831
2,34,0,37,14,-9.634533605861574
2,34,0,38,12,-9.631417634243514
2,34,0,38,13,-9.631901627556791
2,34,0,39,11,-9.628448147680565
2,34,0,40,9,-9.624829458663429
2,34,0,40,10,-9.62330222488829
2,34,0,41,7,-9.62327388264865
2,34,0,41,8,-9.622188693494472
2,34,0,42,6,-9.62113215885639
2,34,0,43,5,-9.618456285167964
2,34,0,44,3,-9.617833841265925
2,34,0,44,4,-9.615584295830446
2,35,0,2,46,-9.543357444784569
2,35,0,3,46,-9.543314556626193
2,35,0,4,46,-9.543270238888377
2,35,0,5,45,-9.543608753818537
2,35,0,6,45,-9.543495763194413
2,35,0,7,44,-9.543896714037558
2,35,0,8,43,-9.54429539680706
2,35,0,8,54,-9.540399005882865
2,35,0,9,43,-9.544128023798313
2,35,0,9,52,-9.540779417398156
2,35,0,9,53,-9.540579306295411
2,35,0,10,42,-9.544634604998162
2,35,0,10,50,-9.541137847964054
2,35,0,10,51,-9.540889595925533
2,35,0,11,42,-9.544459471320298
2,35,0,11,48,-9.541622645357975
2,35,0,11,49,-9.541313377481472
2,35,0,12,9,-9.548439903672039
2,35,0,12,42,-9.544327852369056
2,35,0,12,46,-9.542260590967954
2,35,0,12,47,-9.541887349131361
2,35,0,13,10,-9.548590479105462
2,35,0,13,42,-9.544230511144912
2,35,0,13,44,-9.543076376842311
2,35,0,13,45,-9.542632068848013
2,35,0,13,52,-9.540807009981833
2,35,0,13,53,-9.540684293501563
2,35,0,13,54,-9.540622247260728
2,35,0,13,55,-9.540595698994142
2,35,0,14,10,-9.54843249177688
2,35,0,14,11,-9.54868272997508
2,35,0,14,41,-9.545114271932619
2,35,0,14,42,-9.544216534300654
2,35,0,14,43,-9.54361973270223
2,35,0,14,50,-9.541261645410552
2,35,0,14,51,-9.541122906765974
2,35,0,15,12,-9.548825642167314
2,35,0,15,13,-9.54911377137756
2,35,0,15,41,-9.545207432829104
2,35,0,15,48,-9.541843762839509
2,35,0,15,49,-9.541645686394503
2,35,0,16,14,-9.549288528239988
2,35,0,16,15,-9.549579809046127
2,35,0,16,16,-9.549933426117418
2,35,0,16,17,-9.550349363175592
2,35,0,16,41,-9.545358762287211
2,35,0,16,46,-9.542595240615848
2,35,0,16,47,-9.542310349928032
2,35,0,17,18,-9.55070897175001
2,35,0,17,41,-9.545556025679058
2,35,0,17,42,-9.544673066153479
2,35,0,17,43,-9.544052609831123
2,35,0,17,44,-9.543557334917438
2,35,0,17,45,-9.54317670564817
2,35,0,18,19,-9.551098911089406
2,35,0,18,20,-9.55153073449502
2,35,0,18,40,-9.5470052409971
2,35,0,18,42,-9.545033073776867
2,35,0,19,21,-9.552108640433119
2,35,0,19,40,-9.547415887803282
2,35,0,19,41,-9.546259415797671
2,35,0,20,22,-9.552772555759482
2,35,0,20,39,-9.549419236705543
2,35,0,20,41,-9.546698945790947
2,35,0,21,23,-9.553556172730744
2,35,0,21,36,-9.5539136446441
2,35,0,21,37,-9.5529011211974
2,35,0,21,38,-9.551743445544052
2,35,0,21,39,-9.550417006710843
2,35,0,21,40,-9.548968954692835
2,35,0,21,41,-9.547075322192581
2,35,0,22,24,-9.554486800095882
2,35,0,22,35,-9.556020142366027
2,35,0,23,25,-9.55558579461886
2,35,0,23,26,-9.556199410065549
2,35,0,23,34,-9.558015515401795
2,35,0,24,27,-9.5576407407944
2,35,0,24,28,-9.558267413937417
2,35,0,24,33,-9.559823719632398
2,35,0,25,29,-9.56006331783341
2,35,0,25,33,-9.561650437599935
2,35,0,26,29,-9.561514567597879
2,35,0,26,32,-9.56335789327804
2,35,0,27,30,-9.564081977371348
2,35,0,27,31,-9.564851504667752
2,35,0,27,32,-9.5655565270466
2,35,0,27,33,-9.566311359473584
2,35,0,28,32,-9.568310495350895
2,35,0,28,33,-9.569342674880591
2,35,0,29,31,-9.569983228412976
2,35,0,30,31,-9.57285673364649
2,35,0,31,31,-9.575922050223781
2,35,0,32,30,-9.576298199796554
2,35,0,33,27,-9.570014621395721
2,35,0,33,28,-9.57330556679884
2,35,0,33,29,-9.576492557999579
2,35,0,34,25,-9.56403076498202
2,35,0,34,26,-9.567911328295194
2,35,0,35,22,-9.55300070110539
2,35,0,35,23,-9.556452597803796
2,35,0,35,24,-9.560376431701435
2,35,0,36,14,-9.536672513426048
2,35,0,36,15,-9.53754282877128
2,35,0,36,16,-9.538606698835256
2,35,0,36,17,-9.539869635185134
2,35,0,36,18,-9.541364854207266
2,35,0,36,19,-9.543228021285312
2,35,0,36,20,-9.545509293174245
2,35,0,36,21,-9.548299238761103
2,35,0,37,14,-9.5348971750659
2,35,0,38,12,-9.53181431129815
2,35,0,38,13,-9.532293476648674
2,35,0,39,11,-9.528876915624606
2,35,0,40,9,-9.525297017948219
2,35,0,40,10,-9.523786776257237
2,35,0,41,7,-9.523758147112355
2,35,0,41,8,-9.522684932803811
2,35,0,42,6,-9.521639850179275
2,35,0,43,5,-9.518993192836517
2,35,0,44,3,-9.518377017296157
2,35,0,44,4,-9.516152407683354
2,36,0,2,46,-9.44471092284539
2,36,0,3,46,-9.44466751663493
2,36,0,4,46,-9.444622012234213
2,36,0,5,45,-9.44495796840034
2,36,0,6,45,-9.44484507257134
2,36,0,7,44,-9.445243918156535
2,36,0,8,43,-9.445640432873612
2,36,0,8,54,-9.441767141367322
2,36,0,9,43,-9.445473522280432
2,36,0,9,52,-9.442143172962968
2,36,0,9,53,-9.441945002782896
2,36,0,10,42,-9.445975667555622
2,36,0,10,50,-9.44249838485225
2,36,0,10,51,-9.442251947374729
2,36,0,11,42,-9.445800643043688
2,36,0,11,48,-9.442979077915476
2,36,0,11,49,-9.442671937121206
2,36,0,12,9,-9.449802572067252
2,36,0,12,42,-9.445668677230564
2,36,0,12,46,-9.443614085488438
2,36,0,12,47,-9.443242085421664
2,36,0,13,10,-9.449951549572438
2,36,0,13,42,-9.44557067968358
2,36,0,13,44,-9.444425474660036
2,36,0,13,45,-9.443983611900189
2,36,0,13,52,-9.4421673627304
2,36,0,13,53,-9.442045638764405
2,36,0,13,54,-9.441984617016553
2,36,0,13,55,-9.44195865523977
2,36,0,14,10,-9.449792954517083
2,36,0,14,11,-9.450041829466029
2,36,0,14,41,-9.446445419199055
2,36,0,14,42,-9.44555527179967
2,36,0,14,43,-9.444963411551846
2,36,0,14,50,-9.442617369678189
2,36,0,14,51,-9.442479761029922
2,36,0,15,12,-9.45018169670393
2,36,0,15,13,-9.450467714336233
2,36,0,15,41,-9.446536137853501
2,36,0,15,48,-9.443194737205927
2,36,0,15,49,-9.4429972884282
2,36,0,16,14,-9.450637862724397
2,36,0,16,15,-9.450926056072149
2,36,0,16,16,-9.451275419572667
2,36,0,16,17,-9.451686081690523
2,36,0,16,41,-9.446684579251842
2,36,0,16,46,-9.443942560404492
2,36,0,16,47,-9.44365816754658
2,36,0,17,18,-9.45203701844241
2,36,0,17,41,-9.44687865535716
2,36,0,17,42,-9.446003163028456
2,36,0,17,43,-9.445388189346648
2,36,0,17,44,-9.444897252984402
2,36,0,17,45,-9.44451934899729
2,36,0,18,19,-9.452417591559742
2,36,0,18,20,-9.45284324828508
2,36,0,18,40,-9.448314578429189
2,36,0,18,42,-9.4463585063904
2,36,0,19,21,-9.453409309768778
2,36,0,19,40,-9.448720265054247
2,36,0,19,41,-9.447573164234282
2,36,0,20,22,-9.454060382879472
2,36,0,20,39,-9.450705359285667
2,36,0,20,41,-9.448007813367024
2,36,0,21,23,-9.454830010964242
2,36,0,21,36,-9.455157902221318
2,36,0,21,37,-9.45415473436017
2,36,0,21,38,-9.453007293527522
2,36,0,21,39,-9.451692364128139
2,36,0,21,40,-9.450256935052074
2,36,0,21,41,-9.44838035713468
2,36,0,22,24,-9.455745399303717
2,36,0,22,35,-9.4572415433085
2,36,0,23,25,-9.456827796117588
2,36,0,23,26,-9.457433597631871
2,36,0,23,34,-9.459215238867735
2,36,0,24,27,-9.458855298197985
2,36,0,24,28,-9.459474040994222
2,36,0,24,33,-9.46100420866849
2,36,0,25,29,-9.461246802087139
2,36,0,25,33,-9.462810413444632
2,36,0,26,29,-9.46268033893941
2,36,0,26,32,-9.464499936896852
2,36,0,27,30,-9.465217420543519
2,36,0,27,31,-9.465977675278161
2,36,0,27,32,-9.466674186244292
2,36,0,27,33,-9.467420266534567
2,36,0,28,32,-9.469398162290137
2,36,0,28,33,-9.470418990557032
2,36,0,29,31,-9.471052875279733
2,36,0,30,31,-9.47389527533283
2,36,0,31,31,-9.476927773295804
2,36,0,32,30,-9.47729959813497
2,36,0,33,27,-9.471083763375807
2,36,0,33,28,-9.474339377423941
2,36,0,33,29,-9.477492207367751
2,36,0,34,25,-9.465163358435001
2,36,0,34,26,-9.46900325530006
2,36,0,35,22,-9.45424853404193
2,36,0,35,23,-9.457664043841499
2,36,0,35,24,-9.461547066932457
2,36,0,36,14,-9.438093074738005
2,36,0,36,15,-9.43895480159563
2,36,0,36,16,-9.440008492180027
2,36,0,36,17,-9.441258798763798
2,36,0,36,18,-9.442738298914811
2,36,0,36,19,-9.444581453147917
2,36,0,36,20,-9.446837978565222
2,36,0,36,21,-9.449597747555876
2,36,0,37,14,-9.436336370986801
2,36,0,38,12,-9.43328761402065
2,36,0,38,13,-9.433760750153349
2,36,0,39,11,-9.430382645450921
2,36,0,40,9,-9.42684033633047
2,36,0,40,10,-9.425347589924451
2,36,0,41,7,-9.425315967804764
2,36,0,41,8,-9.424255230204972
2,36,0,42,6,-9.423220482739357
2,36,0,43,5,-9.420604973974543
2,36,0,44,3,-9.419997422087507
2,36,0,44,4,-9.417796953450033
2,37,0,2,46,-9.347165299657378
2,37,0,3,46,-9.347122093491633
2,37,0,4,46,-9.347076764646623
2,37,0,5,45,-9.347410009085747
2,37,0,6,45,-9.347297565187711
2,37,0,7,44,-9.347692930498866
2,37,0,8,43,-9.348086259132346
2,37,0,8,54,-9.344241568763756
2,37,0,9,43,-9.347920397944195
2,37,0,9,52,-9.34461475127169
2,37,0,9,53,-9.344417766056804
2,37,0,10,42,-9.348418619464443
2,37,0,10,50,-9.344967296220695
2,37,0,10,51,-9.344722661311495
2,37,0,11,42,-9.348244782079512
2,37,0,11,48,-9.345443899127428
2,37,0,11,49,-9.345139153243139
2,37,0,12,9,-9.35224079621889
2,37,0,12,42,-9.348113553502548
2,37,0,12,46,-9.346073429708431
2,37,0,12,47,-9.34570426733998
2,37,0,13,10,-9.352388306987097
2,37,0,13,42,-9.348015938666876
2,37,0,13,44,-9.346878793457549
2,37,0,13,45,-9.346439798550369
2,37,0,13,52,-9.344636764302038
2,37,0,13,53,-9.344515813443687
2,37,0,13,54,-9.344454819778674
2,37,0,13,55,-9.344428873480773
2,37,0,14,10,-9.3522305611527
2,37,0,14,11,-9.352477476067309
2,37,0,14,41,-9.348882737192614
2,37,0,14,42,-9.34800006669873
2,37,0,14,43,-9.347412472196186
2,37,0,14,50,-9.345082701666305
2,37,0,14,51,-9.344945952641593
2,37,0,15,12,-9.352614937250626
2,37,0,15,13,-9.352898127881272
2,37,0,15,41,-9.348971846054818
2,37,0,15,48,-9.345654731379362
2,37,0,15,49,-9.345458764166233
2,37,0,16,14,-9.353065021468765
2,37,0,16,15,-9.353350108077956
2,37,0,16,16,-9.353695666352921
2,37,0,16,17,-9.354101792672557
2,37,0,16,41,-9.349118133138745
2,37,0,16,46,-9.34639609390613
2,37,0,16,47,-9.346113590919188
2,37,0,17,18,-9.354447050875661
2,37,0,17,41,-9.349309665415731
2,37,0,17,42,-9.348441708049021
2,37,0,17,43,-9.347831398665136
2,37,0,17,44,-9.347343732861544
2,37,0,17,45,-9.34696799677119
2,37,0,18,19,-9.354821357486877
2,37,0,18,20,-9.355241806378793
2,37,0,18,40,-9.350731647187681
2,37,0,18,42,-9.348793005168554
2,37,0,19,21,-9.355799310211298
2,37,0,19,40,-9.351132819491717
2,37,0,19,41,-9.349996281567703
2,37,0,20,22,-9.356440823053584
2,37,0,20,39,-9.353098441303723
2,37,0,20,41,-9.350426300072296
2,37,0,21,23,-9.357199614347191
2,37,0,21,36,-9.357508272752296
2,37,0,21,37,-9.356514303974844
2,37,0,21,38,-9.35537765045993
2,37,0,21,39,-9.35407532691922
2,37,0,21,40,-9.352653711361258
2,37,0,21,41,-9.350794970962466
2,37,0,22,24,-9.358102682921764
2,37,0,22,35,-9.359571041751273
2,37,0,23,25,-9.359171131535101
2,37,0,23,26,-9.359769454630502
2,37,0,23,34,-9.36152466103048
2,37,0,24,27,-9.361173895538647
2,37,0,24,28,-9.361785054792158
2,37,0,24,33,-9.36329513731787
2,37,0,25,29,-9.363537315241166
2,37,0,25,33,-9.365082010364711
2,37,0,26,29,-9.364955100859751
2,37,0,26,32,-9.366753854739754
2,37,0,27,30,-9.367464368227939
2,37,0,27,31,-9.36821615905297
2,37,0,27,32,-9.368905027259908
2,37,0,27,33,-9.369643089091799
2,37,0,28,32,-9.371600317373407
2,37,0,28,33,-9.372610316825035
2,37,0,29,31,-9.373237841988523
2,37,0,30,31,-9.376050436690575
2,37,0,31,31,-9.379051216996048
2,37,0,32,30,-9.37941937578245
2,37,0,33,27,-9.373269853514216
2,37,0,33,28,-9.376490890559767
2,37,0,33,29,-9.379610376850241
2,37,0,34,25,-9.367413217969354
2,37,0,34,26,-9.37121218204675
2,37,0,35,22,-9.3566145377614
2,37,0,35,23,-9.359994159378251
2,37,0,35,24,-9.363836169655228
2,37,0,36,14,-9.34062795854315
2,37,0,36,15,-9.341481162890052
2,37,0,36,16,-9.342524170484788
2,37,0,36,17,-9.343761536622587
2,37,0,36,18,-9.345225574777396
2,37,0,36,19,-9.347049399863518
2,37,0,36,20,-9.349282304748032
2,37,0,36,21,-9.352013295502902
2,37,0,37,14,-9.33888998975274
2,37,0,38,12,-9.335872633179346
2,37,0,38,13,-9.336341226229479
2,37,0,39,11,-9.332998919507913
2,37,0,40,9,-9.329494993317772
2,37,0,40,10,-9.328018557140904
2,37,0,41,7,-9.327986952858218
2,37,0,41,8,-9.326937935737474
2,37,0,42,6,-9.325914629919003
2,37,0,43,5,-9.323327120536405
2,37,0,44,3,-9.322725005342274
2,37,0,44,4,-9.32054904143241
2,38,0,2,46,-9.250711066631046
2,38,0,3,46,-9.250668344033292
2,38,0,4,46,-9.250623590254849
2,38,0,5,45,-9.25095335485849
2,38,0,6,45,-9.250841960110938
2,38,0,7,44,-9.25123308850937
2,38,0,8,43,-9.251622359066376
2,38,0,8,54,-9.247818944642573
2,38,0,9,43,-9.251458486587339
2,38,0,9,52,-9.24818882865676
2,38,0,9,53,-9.24799355699039
2,38,0,10,42,-9.251952097919576
2,38,0,10,50,-9.248537469292494
2,38,0,10,51,-9.248295583399322
2,38,0,11,42,-9.25178066495225
2,38,0,11,48,-9.249008479509524
2,38,0,11,49,-9.248707051912909
2,38,0,12,9,-9.255735540022043
2,38,0,12,42,-9.25165143000979
2,38,0,12,46,-9.249631325379479
2,38,0,12,47,-9.249265893312174
2,38,0,13,10,-9.255881289571379
2,38,0,13,42,-9.251555414578101
2,38,0,13,44,-9.250428939270076
2,38,0,13,45,-9.249994079633563
2,38,0,13,52,-9.248209120262263
2,38,0,13,53,-9.248089365761478
2,38,0,13,54,-9.248028724525986
2,38,0,13,55,-9.248002948954047
2,38,0,14,10,-9.255725856310852
2,38,0,14,11,-9.255969289446979
2,38,0,14,41,-9.252414581879956
2,38,0,14,42,-9.251540198688936
2,38,0,14,43,-9.250957884858623
2,38,0,14,50,-9.248649594592418
2,38,0,14,51,-9.248514345635304
2,38,0,15,12,-9.25610496338095
2,38,0,15,13,-9.256384519966238
2,38,0,15,41,-9.252503323980187
2,38,0,15,48,-9.249215339253498
2,38,0,15,49,-9.249021243559238
2,38,0,16,14,-9.256549923082767
2,38,0,16,15,-9.256832036227854
2,38,0,16,16,-9.25717429495348
2,38,0,16,17,-9.257576718827428
2,38,0,16,41,-9.252648551650909
2,38,0,16,46,-9.249949588058382
2,38,0,16,47,-9.249669472002147
2,38,0,17,18,-9.257920397379335
2,38,0,17,41,-9.252838480106192
2,38,0,17,42,-9.251978166457285
2,38,0,17,43,-9.251372834585467
2,38,0,17,44,-9.2508890222412
2,38,0,17,45,-9.250516199037818
2,38,0,18,19,-9.258293221054776
2,38,0,18,20,-9.25871016817297
2,38,0,18,40,-9.254247322462234
2,38,0,18,42,-9.252326040139504
2,38,0,19,21,-9.259264190360451
2,38,0,19,40,-9.25464474983519
2,38,0,19,41,-9.253518626118847
2,38,0,20,22,-9.259900907847424
2,38,0,20,39,-9.256591420872855
2,38,0,20,41,-9.253944485665151
2,38,0,21,23,-9.260653016462204
2,38,0,21,36,-9.26095656541053
2,38,0,21,37,-9.25997306432127
2,38,0,21,38,-9.258848106364095
2,38,0,21,39,-9.2575588124974
2,38,0,21,40,-9.256150966300972
2,38,0,21,41,-9.254309589796668
2,38,0,22,24,-9.261547209910061
2,38,0,22,35,-9.262998633928284
2,38,0,23,25,-9.26260460485281
2,38,0,23,26,-9.263195717599185
2,38,0,23,34,-9.264932850018912
2,38,0,24,27,-9.264585835626791
2,38,0,24,28,-9.26519024608206
2,38,0,24,33,-9.266685916380577
2,38,0,25,29,-9.266925476232078
2,38,0,25,33,-9.268455656452348
2,38,0,26,29,-9.26832987761793
2,38,0,26,32,-9.270111245524031
2,38,0,27,30,-9.270814935647753
2,38,0,27,31,-9.271559454184631
2,38,0,27,32,-9.272241742739018
2,38,0,27,33,-9.272972661594753
2,38,0,28,32,-9.274910769584835
2,38,0,28,33,-9.275910801746447
2,38,0,29,31,-9.276532337319576
2,38,0,30,31,-9.279317179459092
2,38,0,31,31,-9.282287950212364
2,38,0,32,30,-9.282652753187365
2,38,0,33,27,-9.276567734674662
2,38,0,33,28,-9.279755233989851
2,38,0,33,29,-9.282842339752984
2,38,0,34,25,-9.27077379824978
2,38,0,34,26,-9.274532830779332
2,38,0,35,22,-9.260090857129114
2,38,0,35,23,-9.263434666265121
2,38,0,35,24,-9.267235985649362
2,38,0,36,14,-9.244268704241563
2,38,0,36,15,-9.245113870494889
2,38,0,36,16,-9.246146940676297
2,38,0,36,17,-9.247372366677258
2,38,0,36,18,-9.248821987903927
2,38,0,36,19,-9.250627315800617
2,38,0,36,20,-9.252837152482083
2,38,0,36,21,-9.255539618682908
2,38,0,37,14,-9.242549507596072
2,38,0,38,12,-9.239562568921322
2,38,0,38,13,-9.2400271629399
2,38,0,39,11,-9.236719412669478
2,38,0,40,9,-9.23325373007675
2,38,0,40,10,-9.231793329958132
2,38,0,41,7,-9.231763146367149
2,38,0,41,8,-9.23072538762903
2,38,0,42,6,-9.229714247382171
2,38,0,43,5,-9.227154517162685
2,38,0,44,3,-9.226557688297504
2,38,0,44,4,-9.224406004882809
2,39,0,2,46,-9.155329098891006
2,39,0,3,46,-9.155286684427296
2,39,0,4,46,-9.155242146640415
2,39,0,5,45,-9.155568877595854
2,39,0,6,45,-9.155458643733162
2,39,0,7,44,-9.155846405102874
2,39,0,8,43,-9.156232284048526
2,39,0,8,54,-9.152462004895813
2,39,0,9,43,-9.1560699058184
2,39,0,9,52,-9.152827848241955
2,39,0,9,53,-9.152634642774295
2,39,0,10,42,-9.156558673179646
2,39,0,10,50,-9.15317369018368
2,39,0,10,51,-9.152933748627362
2,39,0,11,42,-9.156388590283749
2,39,0,11,48,-9.153641212436574
2,39,0,11,49,-9.153342287380182
2,39,0,12,9,-9.160315640076297
2,39,0,12,42,-9.156260278078175
2,39,0,12,46,-9.15425904858966
2,39,0,12,47,-9.15389677423322
2,39,0,13,10,-9.160460010433917
2,39,0,13,42,-9.15616492134506
2,39,0,13,44,-9.15504954853154
2,39,0,13,45,-9.15461875701983
2,39,0,13,52,-9.152848924903752
2,39,0,13,53,-9.152730173211856
2,39,0,13,54,-9.152670230740416
2,39,0,13,55,-9.152644727938265
2,39,0,14,10,-9.160306176254368
2,39,0,14,11,-9.160547454430716
2,39,0,14,41,-9.15701507309463
2,39,0,14,42,-9.156149656894407
2,39,0,14,43,-9.15557328171966
2,39,0,14,50,-9.153286266050213
2,39,0,14,51,-9.153151963660346
2,39,0,15,12,-9.160682553598061
2,39,0,15,13,-9.160959610638287
2,39,0,15,41,-9.15710274268466
2,39,0,15,48,-9.15384752006898
2,39,0,15,49,-9.153654971641426
2,39,0,16,14,-9.16112392066446
2,39,0,16,15,-9.161402995588594
2,39,0,16,16,-9.161741346339127
2,39,0,16,17,-9.162139065180165
2,39,0,16,41,-9.1572464515983
2,39,0,16,46,-9.154575314579844
2,39,0,16,47,-9.154297712105715
2,39,0,17,18,-9.162478503356052
2,39,0,17,41,-9.157434511658172
2,39,0,17,42,-9.156583211727243
2,39,0,17,43,-9.155984325505326
2,39,0,17,44,-9.155505604252326
2,39,0,17,45,-9.15513653898497
2,39,0,18,19,-9.162846506706789
2,39,0,18,20,-9.163258328813436
2,39,0,18,40,-9.158829139590658
2,39,0,18,42,-9.156927656766939
2,39,0,19,21,-9.163805768791956
2,39,0,19,40,-9.159222791041357
2,39,0,19,41,-9.158108054977733
2,39,0,20,22,-9.164435426648575
2,39,0,20,39,-9.161150490666191
2,39,0,20,41,-9.15852979170183
2,39,0,21,23,-9.165179834070775
2,39,0,21,36,-9.16547441976281
2,39,0,21,37,-9.164499892672337
2,39,0,21,38,-9.163385449836396
2,39,0,21,39,-9.162108546076771
2,39,0,21,40,-9.16071449172236
2,39,0,21,41,-9.158891376398579
2,39,0,22,24,-9.166065406846048
2,39,0,22,35,-9.167496904618433
2,39,0,23,25,-9.16711282011336
2,39,0,23,26,-9.167698350888275
2,39,0,23,34,-9.169412437611774
2,39,0,24,27,-9.169074694826785
2,39,0,24,28,-9.169672722754633
2,39,0,24,33,-9.171148571638875
2,39,0,25,29,-9.17138967608255
2,39,0,25,33,-9.172900112325854
2,39,0,26,29,-9.172779639470185
2,39,0,26,32,-9.174539621336441
2,39,0,27,30,-9.175238080019328
2,39,0,27,31,-9.175973842918745
2,39,0,27,32,-9.176648003021938
2,39,0,27,33,-9.17737038716728
2,39,0,28,32,-9.179289338954758
2,39,0,28,33,-9.180278147386922
2,39,0,29,31,-9.180895089727436
2,39,0,30,31,-9.183651234921843
2,39,0,31,31,-9.186591659076637
2,39,0,32,30,-9.186954165602492
2,39,0,33,27,-9.180935052617992
2,39,0,33,28,-9.18408895256054
2,39,0,33,29,-9.187143422629198
2,39,0,34,25,-9.175202597190815
2,39,0,34,26,-9.178922529996655
2,39,0,35,22,-9.1646304267811
2,39,0,35,23,-9.167940028514646
2,39,0,35,24,-9.171702345625848
2,39,0,36,14,-9.14897427034379
2,39,0,36,15,-9.149810359292536
2,39,0,36,16,-9.150832353645834
2,39,0,36,17,-9.152044663041483
2,39,0,36,18,-9.153478949547443
2,39,0,36,19,-9.155265456499679
2,39,0,36,20,-9.157452443772776
2,39,0,36,21,-9.16012717136505
2,39,0,37,14,-9.147274065457005
2,39,0,38,12,-9.144319980164955
2,39,0,38,13,-9.144779465131892
2,39,0,39,11,-9.14150775671746
2,39,0,40,9,-9.13807777682711
2,39,0,40,10,-9.136634307221433
2,39,0,41,7,-9.136601332315157
2,39,0,41,8,-9.135575507735599
2,39,0,42,6,-9.134573853463138
2,39,0,43,5,-9.132042365787754
2,39,0,44,3,-9.131452188735981
2,39,0,44,4,-9.129324198655649
2,40,0,2,46,-9.061010099875942
2,40,0,3,46,-9.060968190875574
2,40,0,4,46,-9.06092427821011
2,40,0,5,45,-9.061247618699895
2,40,0,6,45,-9.061138504116437
2,40,0,7,44,-9.06152213837691
2,40,0,8,43,-9.061904051462683
2,40,0,8,54,-9.058174455598401
2,40,0,9,43,-9.061743619956466
2,40,0,9,52,-9.058536958853237
2,40,0,9,53,-9.058345507108497
2,40,0,10,42,-9.062227794637266
2,40,0,10,50,-9.05887899808184
2,40,0,10,51,-9.058641740373556
2,40,0,11,42,-9.06205998189112
2,40,0,11,48,-9.059341117236245
2,40,0,11,49,-9.059045466372439
2,40,0,12,9,-9.065952394456499
2,40,0,12,42,-9.061933523211877
2,40,0,12,46,-9.059952289504093
2,40,0,12,47,-9.059593783635417
2,40,0,13,10,-9.066095269231868
2,40,0,13,42,-9.06183963817193
2,40,0,13,44,-9.060734981741192
2,40,0,13,45,-9.060308370939135
2,40,0,13,52,-9.058556896023259
2,40,0,13,53,-9.058439373075945
2,40,0,13,54,-9.058379836407301
2,40,0,13,55,-9.058354532818221
2,40,0,14,10,-9.065943586237884
2,40,0,14,11,-9.066181707459382
2,40,0,14,41,-9.062682035408844
2,40,0,14,42,-9.06182494168021
2,40,0,14,43,-9.061253928060372
2,40,0,14,50,-9.058989050050377
2,40,0,14,51,-9.05885624946889
2,40,0,15,12,-9.066314953831464
2,40,0,15,13,-9.066588485931042
2,40,0,15,41,-9.062769251637732
2,40,0,15,48,-9.059544125854634
2,40,0,15,49,-9.059353555355381
2,40,0,16,14,-9.066750891675602
2,40,0,16,15,-9.067026838637606
2,40,0,16,16,-9.067361645295524
2,40,0,16,17,-9.067755343320753
2,40,0,16,41,-9.062911857537362
2,40,0,16,46,-9.060264653430528
2,40,0,16,47,-9.05998962307943
2,40,0,17,18,-9.06809220319125
2,40,0,17,41,-9.063098307675862
2,40,0,17,42,-9.062254830586916
2,40,0,17,43,-9.06166114622324
2,40,0,17,44,-9.061186492038514
2,40,0,17,45,-9.060820542425148
2,40,0,18,19,-9.068457606583857
2,40,0,18,20,-9.068865449064415
2,40,0,18,40,-9.064479729840677
2,40,0,18,42,-9.062595936804966
2,40,0,19,21,-9.069408382411629
2,40,0,19,40,-9.064869704805975
2,40,0,19,41,-9.063765504780095
2,40,0,20,22,-9.070032425688153
2,40,0,20,39,-9.066778635154087
2,40,0,20,41,-9.064183190370573
2,40,0,21,23,-9.070769642387756
2,40,0,21,36,-9.071058877850444
2,40,0,21,37,-9.070094505203402
2,40,0,21,38,-9.068991497193757
2,40,0,21,39,-9.067727435950106
2,40,0,21,40,-9.066347060126501
2,40,0,21,41,-9.064541309649565
2,40,0,22,24,-9.071646192350183
2,40,0,22,35,-9.073061266506283
2,40,0,23,25,-9.072682735606406
2,40,0,23,26,-9.07326138674419
2,40,0,23,34,-9.074957959907252
2,40,0,24,27,-9.074623861225788
2,40,0,24,28,-9.075215414815766
2,40,0,24,33,-9.076677181202308
2,40,0,25,29,-9.076915825620262
2,40,0,25,33,-9.07841203985153
2,40,0,26,29,-9.078292783559059
2,40,0,26,32,-9.080035774974851
2,40,0,27,30,-9.08072769487206
2,40,0,27,31,-9.0814563475956
2,40,0,27,32,-9.082124059190216
2,40,0,27,33,-9.082839436178421
2,40,0,28,32,-9.08473987508505
2,40,0,28,33,-9.08571892915248
2,40,0,29,31,-9.086330232309567
2,40,0,30,31,-9.08905951877248
2,40,0,31,31,-9.091970970232016
2,40,0,32,30,-9.092330498712386
2,40,0,33,27,-9.086373995765841
2,40,0,33,28,-9.089495442712176
2,40,0,33,29,-9.092518581034618
2,40,0,34,25,-9.08070228534608
2,40,0,34,26,-9.084383588748825
2,40,0,35,22,-9.070241991714987
2,40,0,35,23,-9.073517043453585
2,40,0,35,24,-9.077240061971306
2,40,0,36,14,-9.054746521269758
2,40,0,36,15,-9.055574496800821
2,40,0,36,16,-9.056586524976245
2,40,0,36,17,-9.05778694389649
2,40,0,36,18,-9.0592070110249
2,40,0,36,19,-9.060975450947463
2,40,0,36,20,-9.063140047210483
2,40,0,36,21,-9.065787192196378
2,40,0,37,14,-9.053064734202048
2,40,0,38,12,-9.050141007468138
2,40,0,38,13,-9.050596296656614
2,40,0,39,11,-9.047358987206255
2,40,0,40,9,-9.043966832532668
2,40,0,40,10,-9.042538869373264
2,40,0,41,7,-9.042507575957234
2,40,0,41,8,-9.041492703999907
2,40,0,42,6,-9.040503062548828
2,40,0,43,5,-9.037998915445487
2,40,0,44,3,-9.037414099496456
2,40,0,44,4,-9.035309815518643
2,41,0,2,46,-8.967740832878203
2,41,0,3,46,-8.967699263787477
2,41,0,4,46,-8.967655638925521
2,41,0,5,45,-8.967975955513047
2,41,0,6,45,-8.967867933407616
2,41,0,7,44,-8.968248062958647
2,41,0,8,43,-8.968626483339225
2,41,0,8,54,-8.964930548991672
2,41,0,9,43,-8.9684675234179
2,41,0,9,52,-8.965289150522754
2,41,0,9,53,-8.965099731872893
2,41,0,10,42,-8.968947042430713
2,41,0,10,50,-8.965628265697616
2,41,0,10,51,-8.965393021203301
2,41,0,11,42,-8.968780683781956
2,41,0,11,48,-8.966086821998742
2,41,0,11,49,-8.965793686587437
2,41,0,12,9,-8.972645262193474
2,41,0,12,42,-8.968655278088047
2,41,0,12,46,-8.966692697901573
2,41,0,12,47,-8.966337497970008
2,41,0,13,10,-8.972786789696857
2,41,0,13,42,-8.968562182640465
2,41,0,13,44,-8.96746812630155
2,41,0,13,45,-8.967045560488094
2,41,0,13,52,-8.965309634111387
2,41,0,13,53,-8.965193174241668
2,41,0,13,54,-8.965134310928446
2,41,0,13,55,-8.965109255646665
2,41,0,14,10,-8.972636776596222
2,41,0,14,11,-8.972872663478052
2,41,0,14,41,-8.96939610921658
2,41,0,14,42,-8.96854756247957
2,41,0,14,43,-8.96798212590636
2,41,0,14,50,-8.965738475293422
2,41,0,14,51,-8.965606626869091
2,41,0,15,12,-8.973005206498033
2,41,0,15,13,-8.973276126009642
2,41,0,15,41,-8.969482390279108
2,41,0,15,48,-8.966288956177234
2,41,0,15,49,-8.966099986113367
2,41,0,16,14,-8.973437400838302
2,41,0,16,15,-8.973710375890395
2,41,0,16,16,-8.974041452072578
2,41,0,16,17,-8.97443069812777
2,41,0,16,41,-8.969623594090667
2,41,0,16,46,-8.967002767590714
2,41,0,16,47,-8.966730356222337
2,41,0,17,18,-8.974763740043967
2,41,0,17,41,-8.969808276431102
2,41,0,17,42,-8.968973356714644
2,41,0,17,43,-8.968385648717087
2,41,0,17,44,-8.967915701479525
2,41,0,17,45,-8.967553304140203
2,41,0,18,19,-8.975124819701824
2,41,0,18,20,-8.975527861256559
2,41,0,18,40,-8.971175922835737
2,41,0,18,42,-8.969311155192921
2,41,0,19,21,-8.976064721982166
2,41,0,19,40,-8.971562221107286
2,41,0,19,41,-8.970469082771137
2,41,0,20,22,-8.976682126717545
2,41,0,20,39,-8.973452505718143
2,41,0,20,41,-8.970882741197482
2,41,0,21,23,-8.977411923292623
2,41,0,21,36,-8.97769201863227
2,41,0,21,37,-8.976736534727198
2,41,0,21,38,-8.975643976050778
2,41,0,21,39,-8.974392191797309
2,41,0,21,40,-8.973025379126929
2,41,0,21,41,-8.97123739884147
2,41,0,22,24,-8.978279982896126
2,41,0,22,35,-8.979675325196016
2,41,0,23,25,-8.979306575958311
2,41,0,23,26,-8.979879492687044
2,41,0,23,34,-8.981553840937183
2,41,0,24,27,-8.98122833489015
2,41,0,24,28,-8.981813509863665
2,41,0,24,33,-8.983256549865366
2,41,0,25,29,-8.983496182543282
2,41,0,25,33,-8.984973789577795
2,41,0,26,29,-8.984859205408675
2,41,0,26,32,-8.98658182380711
2,41,0,27,30,-8.987268450373096
2,41,0,27,31,-8.987988745101253
2,41,0,27,32,-8.988648725921255
2,41,0,27,33,-8.98935594576451
2,41,0,28,32,-8.991237727468235
2,41,0,28,33,-8.992205985671642
2,41,0,29,31,-8.992812679374843
2,41,0,30,31,-8.995514143176681
2,41,0,31,31,-8.998396101347877
2,41,0,32,30,-8.998753329377065
2,41,0,33,27,-8.992860675344525
2,41,0,33,28,-8.99594949359937
2,41,0,33,29,-8.998940952735545
2,41,0,34,25,-8.987248955309889
2,41,0,34,26,-8.990892036674358
2,41,0,35,22,-8.976897542684831
2,41,0,35,23,-8.980138987760013
2,41,0,35,24,-8.98382366905312
2,41,0,36,14,-8.961563825321196
2,41,0,36,15,-8.962382945828091
2,41,0,36,16,-8.963384138818121
2,41,0,36,17,-8.964571823124404
2,41,0,36,18,-8.965977081418067
2,41,0,36,19,-8.967727295325904
2,41,0,36,20,-8.96986968857337
2,41,0,36,21,-8.972489772759873
2,41,0,37,14,-8.959900526014806
2,41,0,38,12,-8.957008386040902
2,41,0,38,13,-8.957458973130368
2,41,0,39,11,-8.954256360253142
2,41,0,40,9,-8.950899519078732
2,41,0,40,10,-8.94948784987894
2,41,0,41,7,-8.949454918451035
2,41,0,41,8,-8.948451468813525
2,41,0,42,6,-8.947471648315876
2,41,0,43,5,-8.94499489905985
2,41,0,44,3,-8.94441626665185
2,41,0,44,4,-8.942335224304236
2,42,0,2,46,-8.875511803091115
2,42,0,3,46,-8.875470762558617
2,42,0,4,46,-8.875427771832817
2,42,0,5,45,-8.875744663399354
2,42,0,6,45,-8.875637860755157
2,42,0,7,44,-8.876013913244595
2,42,0,8,43,-8.87638837778626
2,42,0,8,54,-8.87273409399137
2,42,0,9,43,-8.876231488805944
2,42,0,9,52,-8.873089319183055
2,42,0,9,53,-8.872901729712181
2,42,0,10,42,-8.87670638049757
2,42,0,10,50,-8.873424535503652
2,42,0,10,51,-8.873192061305968
2,42,0,11,42,-8.87654242462733
2,42,0,11,48,-8.873877574513672
2,42,0,11,49,-8.873587789948289
2,42,0,12,9,-8.880368515227126
2,42,0,12,42,-8.876419016066508
2,42,0,12,46,-8.874476871229506
2,42,0,12,47,-8.874125428702275
2,42,0,13,10,-8.880508504172836
2,42,0,13,42,-8.876327536549189
2,42,0,13,44,-8.875244477996377
2,42,0,13,45,-8.874826196062955
2,42,0,13,52,-8.873108763170627
2,42,0,13,53,-8.872993548572229
2,42,0,13,54,-8.872935152016769
2,42,0,13,55,-8.872910308754747
2,42,0,14,10,-8.880360745871021
2,42,0,14,11,-8.880593299613627
2,42,0,14,41,-8.87715386994304
2,42,0,14,42,-8.876313632304841
2,42,0,14,43,-8.875753665504943
2,42,0,14,50,-8.873532324483312
2,42,0,14,51,-8.873402038491735
2,42,0,15,12,-8.880724070518632
2,42,0,15,13,-8.880991407381178
2,42,0,15,41,-8.877239893185584
2,42,0,15,48,-8.8740766431462
2,42,0,15,49,-8.87388961873447
2,42,0,16,14,-8.881150986976484
2,42,0,16,15,-8.881420868349796
2,42,0,16,16,-8.881748476653911
2,42,0,16,17,-8.882133829283486
2,42,0,16,41,-8.877380180340277
2,42,0,16,46,-8.874783401907223
2,42,0,16,47,-8.874513500496562
2,42,0,17,18,-8.8824647995891
2,42,0,17,41,-8.877563426519016
2,42,0,17,42,-8.876736193421298
2,42,0,17,43,-8.876153684278819
2,42,0,17,44,-8.875687874662113
2,42,0,17,45,-8.875328671760712
2,42,0,18,19,-8.882823899450498
2,42,0,18,20,-8.883223242226588
2,42,0,18,40,-8.87891832070193
2,42,0,18,42,-8.877070805560988
2,42,0,19,21,-8.883756335064248
2,42,0,19,40,-8.879301144644568
2,42,0,19,41,-8.878218234464802
2,42,0,20,22,-8.88436888496527
2,42,0,20,39,-8.88117322324247
2,42,0,20,41,-8.878627996332732
2,42,0,21,23,-8.885092248707057
2,42,0,21,36,-8.885369614681913
2,42,0,21,37,-8.884424341468488
2,42,0,21,38,-8.88334312292115
2,42,0,21,39,-8.882103924012783
2,42,0,21,40,-8.880750418091951
2,42,0,21,41,-8.87897929828031
2,42,0,22,24,-8.885952028677234
2,42,0,22,35,-8.887333141513809
2,42,0,23,25,-8.886968483800091
2,42,0,23,26,-8.887534779401452
2,42,0,23,34,-8.889193231162194
2,42,0,24,27,-8.88887054385218
2,42,0,24,28,-8.88944954649853
2,42,0,24,33,-8.890879545820624
2,42,0,25,29,-8.891116563918072
2,42,0,25,33,-8.892580829933175
2,42,0,26,29,-8.892467221987072
2,42,0,26,32,-8.894173699367002
2,42,0,27,30,-8.894854006108318
2,42,0,27,31,-8.895567516921398
2,42,0,27,32,-8.896221328448185
2,42,0,27,33,-8.896921797477324
2,42,0,28,32,-8.89878574765393
2,42,0,28,33,-8.899744565418066
2,42,0,29,31,-8.900345857003883
2,42,0,30,31,-8.903021378412245
2,42,0,31,31,-8.905875284396222
2,42,0,32,30,-8.906229679520662
2,42,0,33,27,-8.900398045344815
2,42,0,33,28,-8.903455272162615
2,42,0,33,29,-8.906416219073988
2,42,0,34,25,-8.894845554372253
2,42,0,34,26,-8.898451053065589
2,42,0,35,22,-8.884603463191667
2,42,0,35,23,-8.887811102559796
2,42,0,35,24,-8.89145742246641
2,42,0,36,14,-8.869426301172176
2,42,0,36,15,-8.870237602057498
2,42,0,36,16,-8.871229246523848
2,42,0,36,17,-8.87240552495323
2,42,0,36,18,-8.873797062302222
2,42,0,36,19,-8.875529719535265
2,42,0,36,20,-8.877650239743385
2,42,0,36,21,-8.88024329823583
2,42,0,37,14,-8.86778103991
2,42,0,38,12,-8.864918608196556
2,42,0,38,13,-8.86536507486688
2,42,0,39,11,-8.86219614716122
2,42,0,40,9,-8.858876320242125
2,42,0,40,10,-8.857479877741218
2,42,0,41,7,-8.857448506725545
2,42,0,41,8,-8.856455831974532
2,42,0,42,6,-8.855487658750203
2,42,0,43,5,-8.853037762635958
2,42,0,44,3,-8.85246444818325
2,42,0,44,4,-8.85040656995671
2,43,0,2,46,-8.784308320250727
2,43,0,3,46,-8.784267590361402
2,43,0,4,46,-8.784224841049788
2,43,0,5,45,-8.784538822265525
2,43,0,6,45,-8.784433145815505
2,43,0,7,44,-8.784805945979997
2,43,0,8,43,-8.785177140127644
2,43,0,8,54,-8.781554897094471
2,43,0,9,43,-8.785021692363019
2,43,0,9,52,-8.781906233608524
2,43,0,9,53,-8.781720641019184
2,43,0,10,42,-8.785491949807405
2,43,0,10,50,-8.78223874103726
2,43,0,10,51,-8.782008151474908
2,43,0,11,42,-8.785329300330156
2,43,0,11,48,-8.782688429964336
2,43,0,11,49,-8.78240106264336
2,43,0,12,9,-8.789129956079822
2,43,0,12,42,-8.785206790470962
2,43,0,12,46,-8.783282850361596
2,43,0,12,47,-8.782934492737365
2,43,0,13,10,-8.78926863682555
2,43,0,13,42,-8.785115958958107
2,43,0,13,44,-8.784043560806671
2,43,0,13,45,-8.783629216370892
2,43,0,13,52,-8.781926571265421
2,43,0,13,53,-8.781812348936556
2,43,0,13,54,-8.781754634456775
2,43,0,13,55,-8.78173006522739
2,43,0,14,10,-8.789122405255341
2,43,0,14,11,-8.789352907138285
2,43,0,14,41,-8.785933663436824
2,43,0,14,42,-8.785102028980964
2,43,0,14,43,-8.78454776146087
2,43,0,14,50,-8.782347130286006
2,43,0,14,51,-8.782217775055853
2,43,0,15,12,-8.789483090698416
2,43,0,15,13,-8.78974801289434
2,43,0,15,41,-8.786018677285488
2,43,0,15,48,-8.782887121294143
2,43,0,15,49,-8.78270163153239
2,43,0,16,14,-8.789906474944887
2,43,0,16,15,-8.79017340785832
2,43,0,16,16,-8.790497231244585
2,43,0,16,17,-8.790878028292937
2,43,0,16,41,-8.786157531104076
2,43,0,16,46,-8.783587582405923
2,43,0,16,47,-8.783320169742117
2,43,0,17,18,-8.791204820320958
2,43,0,17,41,-8.786339011453
2,43,0,17,42,-8.785520445944261
2,43,0,17,43,-8.784944134097909
2,43,0,17,44,-8.784483225365701
2,43,0,17,45,-8.784127663202918
2,43,0,18,19,-8.791559177034552
2,43,0,18,20,-8.791953541560426
2,43,0,18,40,-8.787680266727104
2,43,0,18,42,-8.785851804984917
2,43,0,19,21,-8.79248021717853
2,43,0,19,40,-8.78805950096479
2,43,0,19,41,-8.786987548216395
2,43,0,20,22,-8.793085914508747
2,43,0,20,39,-8.789913402760016
2,43,0,20,41,-8.787393389039302
2,43,0,21,23,-8.793801842095355
2,43,0,21,36,-8.794070438202604
2,43,0,21,37,-8.793133708900031
2,43,0,21,38,-8.792062542843352
2,43,0,21,39,-8.790835220961645
2,43,0,21,40,-8.789494950344118
2,43,0,21,41,-8.787741346123543
2,43,0,22,24,-8.794653344344487
2,43,0,22,35,-8.79601536622682
2,43,0,23,25,-8.795660263178908
2,43,0,23,26,-8.796221223325716
2,43,0,23,34,-8.797857715475258
2,43,0,24,27,-8.797543882998488
2,43,0,24,28,-8.79811680212243
2,43,0,24,33,-8.799527941484264
2,43,0,25,29,-8.799766447057102
2,43,0,25,33,-8.801211910095377
2,43,0,26,29,-8.801103391357332
2,43,0,26,32,-8.802789496376525
2,43,0,27,30,-8.803464859333275
2,43,0,27,31,-8.804170028925428
2,43,0,27,32,-8.804816094401449
2,43,0,27,33,-8.805508420209048
2,43,0,28,32,-8.807354169973495
2,43,0,28,33,-8.808302282718556
2,43,0,29,31,-8.808899264032881
2,43,0,30,31,-8.811547501143478
2,43,0,31,31,-8.814372557981748
2,43,0,32,30,-8.814724846210854
2,43,0,33,27,-8.80895597557327
2,43,0,33,28,-8.81198122452355
2,43,0,33,29,-8.814911114796057
2,43,0,34,25,-8.80346206958359
2,43,0,34,26,-8.807030321464746
2,43,0,35,22,-8.793325551852272
2,43,0,35,23,-8.796500618308345
2,43,0,35,24,-8.800109777383193
2,43,0,36,14,-8.778306882696915
2,43,0,36,15,-8.77910944755315
2,43,0,36,16,-8.780090438024313
2,43,0,36,17,-8.781254134155354
2,43,0,36,18,-8.78263100997867
2,43,0,36,19,-8.784345713769863
2,43,0,36,20,-8.786444471249311
2,43,0,36,21,-8.789011128670753
2,43,0,37,14,-8.776679793411189
2,43,0,38,12,-8.773848817872052
2,43,0,38,13,-8.774290396212354
2,43,0,39,11,-8.771155942654962
2,43,0,40,9,-8.76787033174969
2,43,0,40,10,-8.766490015515021
2,43,0,41,7,-8.766456171345023
2,43,0,41,8,-8.765474843174303
2,43,0,42,6,-8.764515868429665
2,43,0,43,5,-8.762092967596535
2,43,0,44,3,-8.761526009164905
2,43,0,44,4,-8.759490789877912
2,44,0,2,46,-8.694121682878865
2,44,0,3,46,-8.69408144615674
2,44,0,4,46,-8.69403930900028
2,44,0,5,45,-8.694350024991987
2,44,0,6,45,-8.694245443113712
2,44,0,7,44,-8.694614279887457
2,44,0,8,43,-8.69498166376291
2,44,0,8,54,-8.691398796965128
2,44,0,9,43,-8.694828118630804
2,44,0,9,52,-8.691746927190728
2,44,0,9,53,-8.691563028595814
2,44,0,10,42,-8.695293973578627
2,44,0,10,50,-8.692075746064821
2,44,0,10,51,-8.69184776301369
2,44,0,11,42,-8.69513354638956
2,44,0,11,48,-8.69252019742758
2,44,0,11,49,-8.692235999595656
2,44,0,12,9,-8.698900631156667
2,44,0,12,42,-8.69501286076114
2,44,0,12,46,-8.693108207660098
2,44,0,12,47,-8.692763478085729
2,44,0,13,10,-8.699037861227323
2,44,0,13,42,-8.694923485102828
2,44,0,13,44,-8.693861410296085
2,44,0,13,45,-8.693451098776327
2,44,0,13,52,-8.691766169796242
2,44,0,13,53,-8.691653139060172
2,44,0,13,54,-8.691595823931207
2,44,0,13,55,-8.691571451639817
2,44,0,14,10,-8.698893718111536
2,44,0,14,11,-8.699121140021571
2,44,0,14,41,-8.695733802613452
2,44,0,14,42,-8.694910141001573
2,44,0,14,43,-8.694361025432332
2,44,0,14,50,-8.692181697543784
2,44,0,14,51,-8.692053807659976
2,44,0,15,12,-8.6992495277246
2,44,0,15,13,-8.699511034532966
2,44,0,15,41,-8.695818430529531
2,44,0,15,48,-8.69271573520938
2,44,0,15,49,-8.692532148847993
2,44,0,16,14,-8.69966767904169
2,44,0,16,15,-8.699931606991095
2,44,0,16,16,-8.70025203924372
2,44,0,16,17,-8.700628999420276
2,44,0,16,41,-8.695956270663594
2,44,0,16,46,-8.693409242030018
2,44,0,16,47,-8.693144293193802
2,44,0,17,18,-8.700953412503349
2,44,0,17,41,-8.696136246750847
2,44,0,17,42,-8.695325143699089
2,44,0,17,43,-8.69475379966695
2,44,0,17,44,-8.694296786816487
2,44,0,17,45,-8.693944217596739
2,44,0,18,19,-8.70130539738585
2,44,0,18,20,-8.701695993643767
2,44,0,18,40,-8.697464931255528
2,44,0,18,42,-8.695653331937264
2,44,0,19,21,-8.702218483787473
2,44,0,19,40,-8.697840682565856
2,44,0,19,41,-8.696778770941439
2,44,0,20,22,-8.702818925081143
2,44,0,20,39,-8.69967668749306
2,44,0,20,41,-8.697180759406432
2,44,0,21,23,-8.70352806870447
2,44,0,21,36,-8.703791904183946
2,44,0,21,37,-8.702864934437212
2,44,0,21,38,-8.701804730473718
2,44,0,21,39,-8.700589689671203
2,44,0,21,40,-8.69926247363821
2,44,0,21,41,-8.697525418889827
2,44,0,22,24,-8.704371014410418
2,44,0,22,35,-8.705717628235686
2,44,0,23,25,-8.705367601603484
2,44,0,23,26,-8.705921970722917
2,44,0,23,34,-8.70754200048206
2,44,0,24,27,-8.707231461264305
2,44,0,24,28,-8.707798215448321
2,44,0,24,33,-8.709196115635384
2,44,0,25,29,-8.709432188554224
2,44,0,25,33,-8.710864248952745
2,44,0,26,29,-8.710756809753997
2,44,0,26,32,-8.71242683658068
2,44,0,27,30,-8.713095963230462
2,44,0,27,31,-8.713794397264241
2,44,0,27,32,-8.71443435295848
2,44,0,27,33,-8.715120023211458
2,44,0,28,32,-8.716948166751424
2,44,0,28,33,-8.717886998707998
2,44,0,29,31,-8.718478617258222
2,44,0,30,31,-8.721101299451284
2,44,0,31,31,-8.7238987659096
2,44,0,32,30,-8.724248230653192
2,44,0,33,27,-8.718539085881547
2,44,0,33,28,-8.721533378546612
2,44,0,33,29,-8.724433384761845
2,44,0,34,25,-8.713103180747535
2,44,0,34,26,-8.7166345678395
2,44,0,35,22,-8.703073563817922
2,44,0,35,23,-8.706215615997248
2,44,0,35,24,-8.709787235820487
2,44,0,36,14,-8.68820825596374
2,44,0,36,15,-8.689003095217217
2,44,0,36,16,-8.689974605052255
2,44,0,36,17,-8.691126991046353
2,44,0,36,18,-8.692490328758941
2,44,0,36,19,-8.69418780387913
2,44,0,36,20,-8.696265185092358
2,44,0,36,21,-8.698805490129532
2,44,0,37,14,-8.686598775948095
2,44,0,38,12,-8.683796792207332
2,44,0,38,13,-8.684234374591398
2,44,0,39,11,-8.681132790509103
2,44,0,40,9,-8.67788339253231
2,44,0,40,10,-8.676517887342555
2,44,0,41,7,-8.676485739857739
2,44,0,41,8,-8.67551486717686
2,44,0,42,6,-8.674567430986926
2,44,0,43,5,-8.672170683704442
2,44,0,44,3,-8.671608849003487
2,44,0,44,4,-8.669596298455561
2,45,0,2,46,-8.60493866948111
2,45,0,3,46,-8.604898747474508
2,45,0,4,46,-8.604856865959754
2,45,0,5,45,-8.605164719035404
2,45,0,6,45,-8.605061186381947
2,45,0,7,44,-8.60542672898824
2,45,0,8,43,-8.60579082262005
2,45,0,8,54,-8.60223967493303
2,45,0,9,43,-8.605638664594597
2,45,0,9,52,-8.602584053752738
2,45,0,9,53,-8.602402102977841
2,45,0,10,42,-8.606100064185222
2,45,0,10,50,-8.6029101397932
2,45,0,10,51,-8.602684040108125
2,45,0,11,42,-8.605940977035754
2,45,0,11,48,-8.60335127252805
2,45,0,11,49,-8.603069443320265
2,45,0,12,9,-8.609682531132464
2,45,0,12,42,-8.60582124565734
2,45,0,12,46,-8.60393432047174
2,45,0,12,47,-8.603592704870357
2,45,0,13,10,-8.609818484529704
2,45,0,13,42,-8.60573257729785
2,45,0,13,44,-8.604680649932401
2,45,0,13,45,-8.604274184219555
2,45,0,13,52,-8.602603921820169
2,45,0,13,53,-8.602491889938548
2,45,0,13,54,-8.60243522550295
2,45,0,13,55,-8.602411093594991
2,45,0,14,10,-8.609675893338446
2,45,0,14,11,-8.609901239854695
2,45,0,14,41,-8.606534725601291
2,45,0,14,42,-8.605719268511427
2,45,0,14,43,-8.605175516624332
2,45,0,14,50,-8.603016387400451
2,45,0,14,51,-8.60288938533838
2,45,0,15,12,-8.610028991439679
2,45,0,15,13,-8.610288051357829
2,45,0,15,41,-8.606618422450591
2,45,0,15,48,-8.603546112301443
2,45,0,15,49,-8.603364035994431
2,45,0,16,14,-8.610443606384592
2,45,0,16,15,-8.61070468254241
2,45,0,16,16,-8.611021508268104
2,45,0,16,17,-8.611394150780539
2,45,0,16,41,-8.606754896994895
2,45,0,16,46,-8.604233268529438
2,45,0,16,47,-8.60397080537174
2,45,0,17,18,-8.611714755001083
2,45,0,17,41,-8.606933167667039
2,45,0,17,42,-8.606130305889412
2,45,0,17,43,-8.605564744621034
2,45,0,17,44,-8.605112287200216
2,45,0,17,45,-8.604763141982435
2,45,0,18,19,-8.612062416156345
2,45,0,18,20,-8.612448327888728
2,45,0,18,40,-8.60824864508282
2,45,0,18,42,-8.606455326689385
2,45,0,19,21,-8.612964829486305
2,45,0,19,40,-8.60862088125531
2,45,0,19,41,-8.607569572804573
2,45,0,20,22,-8.61355877965401
2,45,0,20,39,-8.610439084932624
2,45,0,20,41,-8.607967714803328
2,45,0,21,23,-8.614260744364751
2,45,0,21,36,-8.614515558698937
2,45,0,21,37,-8.613597015259902
2,45,0,21,38,-8.612546735189438
2,45,0,21,39,-8.611343384540323
2,45,0,21,40,-8.610029117499158
2,45,0,21,41,-8.608309071926314
2,45,0,22,24,-8.615095552032566
2,45,0,22,35,-8.616423085107268
2,45,0,23,25,-8.61608265203822
2,45,0,23,26,-8.616631607315645
2,45,0,23,34,-8.618230108256654
2,45,0,24,27,-8.617928080227601
2,45,0,24,28,-8.618488752315264
2,45,0,24,33,-8.619868461947043
2,45,0,25,29,-8.620105701658115
2,45,0,25,33,-8.621519704072787
2,45,0,26,29,-8.621416947762222
2,45,0,26,32,-8.623067297103391
2,45,0,27,30,-8.623731446810504
2,45,0,27,31,-8.624421818542853
2,45,0,27,32,-8.62505430776941
2,45,0,27,33,-8.62573211035414
2,45,0,28,32,-8.627542421060086
2,45,0,28,33,-8.628470868878974
2,45,0,29,31,-8.629058152304879
2,45,0,30,31,-8.63165418991718
2,45,0,31,31,-8.634423441226565
2,45,0,32,30,-8.634770755315692
2,45,0,33,27,-8.629122748192977
2,45,0,33,28,-8.632085826638267
2,45,0,33,29,-8.634955521887788
2,45,0,34,25,-8.623744169313836
2,45,0,34,26,-8.627239042350581
2,45,0,35,22,-8.613818424870631
2,45,0,35,23,-8.616928419302958
2,45,0,35,24,-8.62046346473364
2,45,0,36,14,-8.59910787377296
2,45,0,36,15,-8.599894212627813
2,45,0,36,16,-8.600855328089153
2,45,0,36,17,-8.601995491028848
2,45,0,36,18,-8.603344620179623
2,45,0,36,19,-8.605024639893879
2,45,0,36,20,-8.607080786388417
2,45,0,36,21,-8.609595240656878
2,45,0,37,14,-8.597516089001145
2,45,0,38,12,-8.594744447445558
2,45,0,38,13,-8.595177464673723
2,45,0,39,11,-8.59210917830832
2,45,0,40,9,-8.588893448136789
2,45,0,40,10,-8.587543579387683
2,45,0,41,7,-8.587509620600494
2,45,0,41,8,-8.586549722572473
2,45,0,42,6,-8.585611540694597
2,45,0,43,5,-8.583241034657155
2,45,0,44,3,-8.582685185321425
2,45,0,44,4,-8.580694841269203
2,46,0,2,46,-8.516750500980606
2,46,0,3,46,-8.516711087277201
2,46,0,4,46,-8.516669824971293
2,46,0,5,45,-8.516974400596204
2,46,0,6,45,-8.516872021504964
2,46,0,7,44,-8.517233643183955
2,46,0,8,43,-8.517593942160834
2,46,0,8,54,-8.514082711713
2,46,0,9,43,-8.517443767599199
2,46,0,9,52,-8.514423891288216
2,46,0,9,53,-8.514243670190005
2,46,0,10,42,-8.517900768796391
2,46,0,10,50,-8.51474622996905
2,46,0,10,51,-8.514522790643833
2,46,0,11,42,-8.517743999249195
2,46,0,11,48,-8.515182054146196
2,46,0,11,49,-8.514903435852386
2,46,0,12,9,-8.521448976041974
2,46,0,12,42,-8.517626198290893
2,46,0,12,46,-8.515758768995383
2,46,0,12,47,-8.515420759057983
2,46,0,13,10,-8.521583453693937
2,46,0,13,42,-8.517539092835467
2,46,0,13,44,-8.51649761468077
2,46,0,13,45,-8.51609523103266
2,46,0,13,52,-8.514442691215303
2,46,0,13,53,-8.514331855742
2,46,0,13,54,-8.514275623342346
2,46,0,13,55,-8.5142516929232
2,46,0,14,10,-8.521443028626756
2,46,0,14,11,-8.521665167687395
2,46,0,14,41,-8.518334034626227
2,46,0,14,42,-8.517526481041308
2,46,0,14,43,-8.516987913621522
2,46,0,14,50,-8.514850060973073
2,46,0,14,51,-8.514724560068425
2,46,0,15,12,-8.521791178534691
2,46,0,15,13,-8.522046785430769
2,46,0,15,41,-8.518417495451825
2,46,0,15,48,-8.515373861926731
2,46,0,15,49,-8.51519365334313
2,46,0,16,14,-8.522200684652299
2,46,0,16,15,-8.522458802575036
2,46,0,16,16,-8.522772326318844
2,46,0,16,17,-8.523141267742396
2,46,0,16,41,-8.518553098918886
2,46,0,16,46,-8.516054248255575
2,46,0,16,47,-8.515794186005099
2,46,0,17,18,-8.52345992185245
2,46,0,17,41,-8.518729998010777
2,46,0,17,42,-8.517934435807474
2,46,0,17,43,-8.517373784263158
2,46,0,17,44,-8.516925225863677
2,46,0,17,45,-8.516579094745474
2,46,0,18,19,-8.523805732360968
2,46,0,18,20,-8.524188133363749
2,46,0,18,40,-8.520033308517544
2,46,0,18,42,-8.518256408975715
2,46,0,19,21,-8.524701064241002
2,46,0,19,40,-8.520402219292997
2,46,0,19,41,-8.519360664901624
2,46,0,20,22,-8.525290381265709
2,46,0,20,39,-8.522203012942569
2,46,0,20,41,-8.519755080540993
2,46,0,21,23,-8.525986171166625
2,46,0,21,36,-8.52623822676923
2,46,0,21,37,-8.525329452734608
2,46,0,21,38,-8.524290029223362
2,46,0,21,39,-8.523098725247293
2,46,0,21,40,-8.521797183291984
2,46,0,21,41,-8.520093231859354
2,46,0,22,24,-8.52681300718558
2,46,0,22,35,-8.528126853355216
2,46,0,23,25,-8.52779034359199
2,46,0,23,26,-8.528332907455054
2,46,0,23,34,-8.529916269978
2,46,0,24,27,-8.529616834548076
2,46,0,24,28,-8.530171584748174
2,46,0,24,33,-8.531538947879117
2,46,0,25,29,-8.531773584630086
2,46,0,25,33,-8.533174955099543
2,46,0,26,29,-8.533073031407845
2,46,0,26,32,-8.534708043147894
2,46,0,27,30,-8.535366110656351
2,46,0,27,31,-8.536050032134842
2,46,0,27,32,-8.536676662412354
2,46,0,27,33,-8.53734804704237
2,46,0,28,32,-8.539141312568526
2,46,0,28,33,-8.540060769624908
2,46,0,29,31,-8.540642853792793
2,46,0,30,31,-8.543214119339641
2,46,0,31,31,-8.545956567361337
2,46,0,32,30,-8.54630114991282
2,46,0,33,27,-8.5407114176238
2,46,0,33,28,-8.543644307491515
2,46,0,33,29,-8.546484851795656
2,46,0,34,25,-8.53538948052264
2,46,0,34,26,-8.538848406060294
2,46,0,35,22,-8.525568346524848
2,46,0,35,23,-8.528645999456774
2,46,0,35,24,-8.532144336580743
2,46,0,36,14,-8.511007405921339
2,46,0,36,15,-8.511786280335448
2,46,0,36,16,-8.51273827292635
2,46,0,36,17,-8.513867542334998
2,46,0,36,18,-8.515203569404678
2,46,0,36,19,-8.516866816403159
2,46,0,36,20,-8.51890206262738
2,46,0,36,21,-8.521390685880498
2,46,0,37,14,-8.509432856719803
2,46,0,38,12,-8.506689535338865
2,46,0,38,13,-8.507118655973523
2,46,0,39,11,-8.504082501269625
2,46,0,40,9,-8.500902217047404
2,46,0,40,10,-8.499566864521352
2,46,0,41,7,-8.499534560246888
2,46,0,41,8,-8.498584920320475
2,46,0,42,6,-8.497657986579357
2,46,0,43,5,-8.495313119812524
2,46,0,44,3,-8.49476230704408
2,46,0,44,4,-8.492794123718804
2,47,0,2,46,-8.429543030049947
2,47,0,3,46,-8.429503912689443
2,47,0,4,46,-8.429462873476712
2,47,0,5,45,-8.429764675912221
2,47,0,6,45,-8.429663381374958
2,47,0,7,44,-8.430021916475162
2,47,0,8,43,-8.430379104969226
2,47,0,8,54,-8.426898346779465
2,47,0,9,43,-8.43023030676501
2,47,0,9,52,-8.42723579898333
2,47,0,9,53,-8.42705749525345
2,47,0,10,42,-8.430682866782476
2,47,0,10,50,-8.427555587205262
2,47,0,10,51,-8.427333931988372
2,47,0,11,42,-8.430527334232567
2,47,0,11,48,-8.427988262222595
2,47,0,11,49,-8.427711941404281
2,47,0,12,9,-8.434208082107416
2,47,0,12,42,-8.430410381504645
2,47,0,12,46,-8.428560369213601
2,47,0,12,47,-8.4282252941486
2,47,0,13,10,-8.43434131212539
2,47,0,13,42,-8.430323888440283
2,47,0,13,44,-8.429292645487504
2,47,0,13,45,-8.428894032133622
2,47,0,13,52,-8.427255546973681
2,47,0,13,53,-8.42714564470305
2,47,0,13,54,-8.427090063320291
2,47,0,13,55,-8.427066388296797
2,47,0,14,10,-8.434202337401569
2,47,0,14,11,-8.434422528432815
2,47,0,14,41,-8.431110545242014
2,47,0,14,42,-8.430311250002696
2,47,0,14,43,-8.429778164807827
2,47,0,14,50,-8.427660113190893
2,47,0,14,51,-8.427535483612473
2,47,0,15,12,-8.434548002637987
2,47,0,15,13,-8.434801311674038
2,47,0,15,41,-8.431193039196815
2,47,0,15,48,-8.428179825711682
2,47,0,15,49,-8.428001069277494
2,47,0,16,14,-8.434954147073398
2,47,0,16,15,-8.435209428110214
2,47,0,16,16,-8.435519303281081
2,47,0,16,17,-8.435883853155323
2,47,0,16,41,-8.431327274365769
2,47,0,16,46,-8.428854226808902
2,47,0,16,47,-8.42859653585235
2,47,0,17,18,-8.436198454518458
2,47,0,17,41,-8.431502489454274
2,47,0,17,42,-8.430715255806698
2,47,0,17,43,-8.430160575345493
2,47,0,17,44,-8.429716741263306
2,47,0,17,45,-8.429374113626915
2,47,0,18,19,-8.436539665984688
2,47,0,18,20,-8.436917275465081
2,47,0,18,40,-8.43279273902976
2,47,0,18,42,-8.431034122594449
2,47,0,19,21,-8.437424032256633
2,47,0,19,40,-8.433158224433193
2,47,0,19,41,-8.432127169568421
2,47,0,20,22,-8.43800679316956
2,47,0,20,39,-8.434941641829601
2,47,0,20,41,-8.432517837880283
2,47,0,21,23,-8.43869551055326
2,47,0,21,36,-8.438939273994013
2,47,0,21,37,-8.438038651758262
2,47,0,21,38,-8.437008822294588
2,47,0,21,39,-8.43582886204252
2,47,0,21,40,-8.434539973604338
2,47,0,21,41,-8.432852788910138
2,47,0,22,24,-8.439514505059954
2,47,0,22,35,-8.440810131254741
2,47,0,23,25,-8.440482812328217
2,47,0,23,26,-8.441020338613757
2,47,0,23,34,-8.442582601728821
2,47,0,24,27,-8.442291791370836
2,47,0,24,28,-8.442840743950303
2,47,0,24,33,-8.444189921245375
2,47,0,25,29,-8.444426122219342
2,47,0,25,33,-8.44580936003756
2,47,0,26,29,-8.445712443689052
2,47,0,26,32,-8.4473278618213
2,47,0,27,30,-8.447981267448188
2,47,0,27,31,-8.448657172204822
2,47,0,27,32,-8.44927634999009
2,47,0,27,33,-8.449939903647056
2,47,0,28,32,-8.451715789023915
2,47,0,28,33,-8.452624968993435
2,47,0,29,31,-8.45320299659378
2,47,0,30,31,-8.455748164921156
2,47,0,31,31,-8.458463034491022
2,47,0,32,30,-8.4588056434361
2,47,0,33,27,-8.453275966968226
2,47,0,33,28,-8.456178280357271
2,47,0,33,29,-8.458989123012833
2,47,0,34,25,-8.448010020119494
2,47,0,34,26,-8.451433358220823
2,47,0,35,22,-8.438289722373623
2,47,0,35,23,-8.441336262719622
2,47,0,35,24,-8.444799109881313
2,47,0,36,14,-8.423880436948386
2,47,0,36,15,-8.424650937455832
2,47,0,36,16,-8.425592723354786
2,47,0,36,17,-8.426709937044452
2,47,0,36,18,-8.428031918267628
2,47,0,36,19,-8.429677979044765
2,47,0,36,20,-8.431692405028755
2,47,0,36,21,-8.43415578491773
2,47,0,37,14,-8.422323279378821
2,47,0,38,12,-8.419610112322639
2,47,0,38,13,-8.420034523596108
2,47,0,39,11,-8.41703139030201
2,47,0,40,9,-8.413883748476895
2,47,0,40,10,-8.412563863709643
2,47,0,41,7,-8.412529006346762
2,47,0,41,8,-8.411590265779562
2,47,0,42,6,-8.410672007218011
2,47,0,43,5,-8.408352965680558
2,47,0,44,3,-8.407808254840404
2,47,0,44,4,-8.405861730696792
2,48,0,2,46,-8.343307647847398
2,48,0,3,46,-8.343268986764102
2,48,0,4,46,-8.343228513189167
2,48,0,5,45,-8.343527226858452
2,48,0,6,45,-8.34342695101936
2,48,0,7,44,-8.34378172508172
2,48,0,8,43,-8.344135301966103
2,48,0,8,54,-8.340691596373828
2,48,0,9,43,-8.343988272087897
2,48,0,9,52,-8.341025978354992
2,48,0,9,53,-8.340849285498578
2,48,0,10,42,-8.344436653514189
2,48,0,10,50,-8.341342293704534
2,48,0,10,51,-8.341123081763197
2,48,0,11,42,-8.344283182573694
2,48,0,11,48,-8.341770068500853
2,48,0,11,49,-8.34149671964254
2,48,0,12,9,-8.347933260383046
2,48,0,12,42,-8.344167910836193
2,48,0,12,46,-8.342336102812412
2,48,0,12,47,-8.342004466222821
2,48,0,13,10,-8.34806512049515
2,48,0,13,42,-8.34408275138007
2,48,0,13,44,-8.34306125197619
2,48,0,13,45,-8.342666448490098
2,48,0,13,52,-8.341044690145027
2,48,0,13,53,-8.3409359183179
2,48,0,13,54,-8.340880720149164
2,48,0,13,55,-8.340857234704163
2,48,0,14,10,-8.347928089175355
2,48,0,14,11,-8.34814541375629
2,48,0,14,41,-8.34486233734463
2,48,0,14,42,-8.344070623197208
2,48,0,14,43,-8.343542411551041
2,48,0,14,50,-8.341444537625568
2,48,0,14,51,-8.341321271211372
2,48,0,15,12,-8.348269187409246
2,48,0,15,13,-8.348519283859462
2,48,0,15,41,-8.344944407542238
2,48,0,15,48,-8.341958635129282
2,48,0,15,49,-8.341781679245283
2,48,0,16,14,-8.348670358402007
2,48,0,16,15,-8.348922776355696
2,48,0,16,16,-8.349229401907802
2,48,0,16,17,-8.349590259449656
2,48,0,16,41,-8.345077628722512
2,48,0,16,46,-8.342626392185743
2,48,0,16,47,-8.34237105821123
2,48,0,17,18,-8.349902442482005
2,48,0,17,41,-8.34525137003253
2,48,0,17,42,-8.344471271578884
2,48,0,17,43,-8.34392132678256
2,48,0,17,44,-8.343481193361658
2,48,0,17,45,-8.34314140478762
2,48,0,18,19,-8.350241203629212
2,48,0,18,20,-8.350615140430861
2,48,0,18,40,-8.346529558032179
2,48,0,18,42,-8.344787089485965
2,48,0,19,21,-8.351117697486123
2,48,0,19,40,-8.346891686327774
2,48,0,19,41,-8.345870253558285
2,48,0,20,22,-8.35169524810586
2,48,0,20,39,-8.348657967413624
2,48,0,20,41,-8.346257224592573
2,48,0,21,23,-8.352377321406966
2,48,0,21,36,-8.352615780781976
2,48,0,21,37,-8.351724395776618
2,48,0,21,38,-8.35070498747914
2,48,0,21,39,-8.349536747963171
2,48,0,21,40,-8.348260349129825
2,48,0,21,41,-8.346589015169458
2,48,0,22,24,-8.353188007639657
2,48,0,22,35,-8.354468328882062
2,48,0,23,25,-8.354146330154899
2,48,0,23,26,-8.354677548654173
2,48,0,23,34,-8.356223627390394
2,48,0,24,27,-8.35593628897996
2,48,0,24,28,-8.356479304581523
2,48,0,24,33,-8.357815521241577
2,48,0,25,29,-8.358049541317481
2,48,0,25,33,-8.359419715001929
2,48,0,26,29,-8.359323975770778
2,48,0,26,32,-8.360923821599659
2,48,0,27,30,-8.36157128298396
2,48,0,27,31,-8.362240675949728
2,48,0,27,32,-8.362853946352857
2,48,0,27,33,-8.363511081196012
2,48,0,28,32,-8.365270068654286
2,48,0,28,33,-8.366170323228314
2,48,0,29,31,-8.366743227462443
2,48,0,30,31,-8.369263861755174
2,48,0,31,31,-8.371952271741602
2,48,0,32,30,-8.37229218368186
2,48,0,33,27,-8.366819699619784
2,48,0,33,28,-8.369692375629931
2,48,0,33,29,-8.372474603471147
2,48,0,34,25,-8.361609232931501
2,48,0,34,26,-8.364997286121284
2,48,0,35,22,-8.35199112580964
2,48,0,35,23,-8.355006114127903
2,48,0,35,24,-8.358433064206617
2,48,0,36,14,-8.337728652608297
2,48,0,36,15,-8.338491715252685
2,48,0,36,16,-8.339424364752253
2,48,0,36,17,-8.340530694090164
2,48,0,36,18,-8.34183968098674
2,48,0,36,19,-8.343469245839595
2,48,0,36,20,-8.345463233910545
2,48,0,36,21,-8.347901436451991
2,48,0,37,14,-8.33618832918825
2,48,0,38,12,-8.333502912625608
2,48,0,38,13,-8.333923498565147
2,48,0,39,11,-8.330951784469686
2,48,0,40,9,-8.327838705462199
2,48,0,40,10,-8.326532992769103
2,48,0,41,7,-8.326499716501306
2,48,0,41,8,-8.325570965625907
2,48,0,42,6,-8.324663716930784
2,48,0,43,5,-8.322369673489916
2,48,0,44,3,-8.32182987668324
2,48,0,44,4,-8.319905025071764
2,49,0,2,46,-8.25803224539828
2,49,0,3,46,-8.257993895174392
2,49,0,4,46,-8.257953684535613
2,49,0,5,45,-8.258249640211833
2,49,0,6,45,-8.25815036199491
2,49,0,7,44,-8.258501932075145
2,49,0,8,43,-8.258852314413163
2,49,0,8,54,-8.255439370723469
2,49,0,9,43,-8.258706627600809
2,49,0,9,52,-8.25577018751393
2,49,0,9,53,-8.25559535586119
2,49,0,10,42,-8.259150762072297
2,49,0,10,50,-8.256083826461047
2,49,0,10,51,-8.255866454361131
2,49,0,11,42,-8.258998625184015
2,49,0,11,48,-8.256508355711382
2,49,0,11,49,-8.256237298966921
2,49,0,12,9,-8.262623561239055
2,49,0,12,42,-8.258884322388214
2,49,0,12,46,-8.257069548199507
2,49,0,12,47,-8.25674093532063
2,49,0,13,10,-8.262754190089067
2,49,0,13,42,-8.258799891557715
2,49,0,13,44,-8.257788051181953
2,49,0,13,45,-8.257396943830939
2,49,0,13,52,-8.255789375575528
2,49,0,13,53,-8.255681577197587
2,49,0,13,54,-8.255626995463858
2,49,0,13,55,-8.255603733455393
2,49,0,14,10,-8.262618685524018
2,49,0,14,11,-8.262833961015742
2,49,0,14,41,-8.259571769715249
2,49,0,14,42,-8.25878783948275
2,49,0,14,43,-8.258264701532616
2,49,0,14,50,-8.256186194225167
2,49,0,14,51,-8.256063790320413
2,49,0,15,12,-8.262957080214708
2,49,0,15,13,-8.263204777671033
2,49,0,15,41,-8.259652993040001
2,49,0,15,48,-8.256696101289707
2,49,0,15,49,-8.256520600935017
2,49,0,16,14,-8.263354806567381
2,49,0,16,15,-8.263604504909473
2,49,0,16,16,-8.263907720805316
2,49,0,16,17,-8.264264510865278
2,49,0,16,41,-8.259784939386652
2,49,0,16,46,-8.257357715678507
2,49,0,16,47,-8.257104775935423
2,49,0,17,18,-8.264573209521973
2,49,0,17,41,-8.259957070903905
2,49,0,17,42,-8.259184759449067
2,49,0,17,43,-8.25864024385028
2,49,0,17,44,-8.258204388551393
2,49,0,17,45,-8.25786783472737
2,49,0,18,19,-8.264908027415174
2,49,0,18,20,-8.265277579832656
2,49,0,18,40,-8.261222701085662
2,49,0,18,42,-8.259497558238307
2,49,0,19,21,-8.265774592289763
2,49,0,19,40,-8.261581475101467
2,49,0,19,41,-8.260570124183278
2,49,0,20,22,-8.266346075479142
2,49,0,20,39,-8.263330735665498
2,49,0,20,41,-8.260953419031123
2,49,0,21,23,-8.267021359312583
2,49,0,21,36,-8.26725132678368
2,49,0,21,37,-8.266368069371175
2,49,0,21,38,-8.26535821461423
2,49,0,21,39,-8.264201193266928
2,49,0,21,40,-8.262937176241278
2,49,0,21,41,-8.261282048285517
2,49,0,22,24,-8.26782427008714
2,49,0,22,35,-8.269086445740333
2,49,0,23,25,-8.268773477630281
2,49,0,23,26,-8.269299433495442
2,49,0,23,34,-8.270825147214374
2,49,0,24,27,-8.270545697284629
2,49,0,24,28,-8.271082870443117
2,49,0,24,33,-8.27240196711306
2,49,0,25,29,-8.27263689670985
2,49,0,25,33,-8.27399007367829
2,49,0,26,29,-8.27389860517173
2,49,0,26,32,-8.275479844915097
2,49,0,27,30,-8.276122471870023
2,49,0,27,31,-8.276784233085538
2,49,0,27,32,-8.277390443814154
2,49,0,27,33,-8.278040125233543
2,49,0,28,32,-8.27978207436603
2,49,0,28,33,-8.280672463465404
2,49,0,29,31,-8.281241163283491
2,49,0,30,31,-8.283736382450135
2,49,0,31,31,-8.286397847772701
2,49,0,32,30,-8.286735662840966
2,49,0,33,27,-8.281321511320474
2,49,0,33,28,-8.284164377462037
2,49,0,33,29,-8.286917661609433
2,49,0,34,25,-8.276165865409698
2,49,0,34,26,-8.279518985727535
2,49,0,35,22,-8.266647328856696
2,49,0,35,23,-8.269631580662153
2,49,0,35,24,-8.273023471108287
2,49,0,36,14,-8.252532660310399
2,49,0,36,15,-8.253287628473034
2,49,0,36,16,-8.254210377310566
2,49,0,36,17,-8.255305080640795
2,49,0,36,18,-8.256600553215407
2,49,0,36,19,-8.258213477207065
2,49,0,36,20,-8.26018718140234
2,49,0,36,21,-8.262600648522378
2,49,0,37,14,-8.251009231101614
2,49,0,38,12,-8.248352664554657
2,49,0,38,13,-8.248768967454716
2,49,0,39,11,-8.245828941091025
2,49,0,40,9,-8.24274816507263
2,49,0,40,10,-8.241457341689026
2,49,0,41,7,-8.241422605313288
2,49,0,41,8,-8.240504294543966
2,49,0,42,6,-8.2396060313509
2,49,0,43,5,-8.237337026814581
2,49,0,44,3,-8.236802863734837
2,49,0,44,4,-8.234899265447043
2,50,0,2,46,-8.17370800785721
2,50,0,3,46,-8.173670136955634
2,50,0,4,46,-8.173630498159842
2,50,0,5,45,-8.17392332917364
2,50,0,6,45,-8.173825167526259
2,50,0,7,44,-8.17417302561122
2,50,0,8,43,-8.174519803668549
2,50,0,8,54,-8.171144827016969
2,50,0,9,43,-8.174376006245868
2,50,0,9,52,-8.171472545560288
2,50,0,9,53,-8.171299392321801
2,50,0,10,42,-8.174815911161303
2,50,0,10,50,-8.171782632246043
2,50,0,10,51,-8.17156778300075
2,50,0,11,42,-8.17466596166928
2,50,0,11,48,-8.172202147021768
2,50,0,11,49,-8.171934140520388
2,50,0,12,9,-8.178255947357089
2,50,0,12,42,-8.174553475593202
2,50,0,12,46,-8.172757357987859
2,50,0,12,47,-8.172432166640391
2,50,0,13,10,-8.17838516744923
2,50,0,13,42,-8.174470514587235
2,50,0,13,44,-8.173468727536541
2,50,0,13,45,-8.17308153252391
2,50,0,13,52,-8.171490800759521
2,50,0,13,53,-8.171384137663049
2,50,0,13,54,-8.171329988486455
2,50,0,13,55,-8.1713069216079
2,50,0,14,10,-8.178251715707457
2,50,0,14,11,-8.178463951760815
2,50,0,14,41,-8.175235445483345
2,50,0,14,42,-8.174459111995926
2,50,0,14,43,-8.173940977107776
2,50,0,14,50,-8.171882819433558
2,50,0,14,51,-8.171761834509509
2,50,0,15,12,-8.17858546328905
2,50,0,15,13,-8.178829894918339
2,50,0,15,41,-8.175316429337485
2,50,0,15,48,-8.172387123446663
2,50,0,15,49,-8.172213389369093
2,50,0,16,14,-8.178978381421125
2,50,0,16,15,-8.179225250127475
2,50,0,16,16,-8.179525288462498
2,50,0,16,17,-8.179878507965027
2,50,0,16,41,-8.175447536334453
2,50,0,16,46,-8.173042315339623
2,50,0,16,47,-8.172791662149029
2,50,0,17,18,-8.18018529167898
2,50,0,17,41,-8.17561835548688
2,50,0,17,42,-8.174853074564714
2,50,0,17,43,-8.174313318949503
2,50,0,17,44,-8.173881253592594
2,50,0,17,45,-8.173547623872402
2,50,0,18,19,-8.180518273544743
2,50,0,18,20,-8.180884429547712
2,50,0,18,40,-8.176872333009829
2,50,0,18,42,-8.175162961929178
2,50,0,19,21,-8.181377974409
2,50,0,19,40,-8.177227934849729
2,50,0,19,41,-8.176225929762362
2,50,0,20,22,-8.18194500427475
2,50,0,20,39,-8.178960569010199
2,50,0,20,41,-8.176605665495169
2,50,0,21,23,-8.182614403571598
2,50,0,21,36,-8.18284179223492
2,50,0,21,37,-8.181967853250871
2,50,0,21,38,-8.180968349343297
2,50,0,21,39,-8.179822818784139
2,50,0,21,40,-8.178570954386227
2,50,0,21,41,-8.176931229721893
2,50,0,22,24,-8.183409752490096
2,50,0,22,35,-8.184658843583216
2,50,0,23,25,-8.184349705333346
2,50,0,23,26,-8.184869621802056
2,50,0,23,34,-8.186380712987622
2,50,0,24,27,-8.186103935298515
2,50,0,24,28,-8.186635465963244
2,50,0,24,33,-8.187942559014832
2,50,0,25,29,-8.188175166505307
2,50,0,25,33,-8.189516072743242
2,50,0,26,29,-8.189425562651202
2,50,0,26,32,-8.190991991898649
2,50,0,27,30,-8.191628869561578
2,50,0,27,31,-8.192284409710636
2,50,0,27,32,-8.192884959694426
2,50,0,27,33,-8.19352844955752
2,50,0,28,32,-8.195254104001776
2,50,0,28,33,-8.196135844474632
2,50,0,29,31,-8.196699630279884
2,50,0,30,31,-8.199171122827975
2,50,0,31,31,-8.20180693811113
2,50,0,32,30,-8.202142177988893
2,50,0,33,27,-8.196783841103812
2,50,0,33,28,-8.199597820205904
2,50,0,33,29,-8.20232320079499
2,50,0,34,25,-8.191682337963888
2,50,0,34,26,-8.195001104758232
2,50,0,35,22,-8.182263716451573
2,50,0,35,23,-8.185217069382702
2,50,0,35,24,-8.18857389879225
2,50,0,36,14,-8.168292201804611
2,50,0,36,15,-8.16904001140367
2,50,0,36,16,-8.169954022139642
2,50,0,36,17,-8.171038290430852
2,50,0,36,18,-8.17232121370638
2,50,0,36,19,-8.173918085068319
2,50,0,36,20,-8.175871791816487
2,50,0,36,21,-8.178260552105284
2,50,0,37,14,-8.16678526779673
2,50,0,38,12,-8.164155887826723
2,50,0,38,13,-8.164568414071729
2,50,0,39,11,-8.16165919584412
2,50,0,40,9,-8.158612223852508
2,50,0,40,10,-8.157335341106952
2,50,0,41,7,-8.157301971489959
2,50,0,41,8,-8.156393524005024
2,50,0,42,6,-8.155505872318104
2,50,0,43,5,-8.153261430136546
2,50,0,44,3,-8.152732147570607
2,50,0,44,4,-8.150849723804498
2,51,0,2,46,-8.090321474926943
2,51,0,3,46,-8.090283889143695
2,51,0,4,46,-8.090244475272081
2,51,0,5,45,-8.090534643022904
2,51,0,6,45,-8.09043750556192
2,51,0,7,44,-8.090782376174452
2,51,0,8,43,-8.091126153821758
2,51,0,8,54,-8.087780548238863
2,51,0,9,43,-8.090983673784581
2,51,0,9,52,-8.088104718677679
2,51,0,9,53,-8.087933388186373
2,51,0,10,42,-8.091419353258862
2,51,0,10,50,-8.088412309420027
2,51,0,10,51,-8.088199191683536
2,51,0,11,42,-8.091270608267374
2,51,0,11,48,-8.08882874199698
2,51,0,11,49,-8.08856294913294
2,51,0,12,9,-8.094837377759609
2,51,0,12,42,-8.091158954695022
2,51,0,12,46,-8.089379464967523
2,51,0,12,47,-8.08905710460337
2,51,0,13,10,-8.094965402594841
2,51,0,13,42,-8.091076595629826
2,51,0,13,44,-8.090084514868796
2,51,0,13,45,-8.089700915910582
2,51,0,13,52,-8.088123738412664
2,51,0,13,53,-8.08801798988282
2,51,0,13,54,-8.087964463595677
2,51,0,13,55,-8.087941647055933
2,51,0,14,10,-8.094833356296727
2,51,0,14,11,-8.09504370481599
2,51,0,14,41,-8.091833675539128
2,51,0,14,42,-8.09106517632701
2,51,0,14,43,-8.090552221620598
2,51,0,14,50,-8.088512981411654
2,51,0,14,51,-8.088392851002704
2,51,0,15,12,-8.095164664886932
2,51,0,15,13,-8.095406876103738
2,51,0,15,41,-8.091913743671936
2,51,0,15,48,-8.089013309210868
2,51,0,15,49,-8.088840982408627
2,51,0,16,14,-8.095554337074034
2,51,0,16,15,-8.095798516179688
2,51,0,16,16,-8.096095108834403
2,51,0,16,17,-8.096444183085294
2,51,0,16,41,-8.092043544641227
2,51,0,16,46,-8.089662721166325
2,51,0,16,47,-8.089414348190056
2,51,0,17,18,-8.096747185694808
2,51,0,17,41,-8.0922127521182
2,51,0,17,42,-8.091455357513718
2,51,0,17,43,-8.090921226240953
2,51,0,17,44,-8.090493607053094
2,51,0,17,45,-8.090163285638448
2,51,0,18,19,-8.097075875273362
2,51,0,18,20,-8.097437501034207
2,51,0,18,40,-8.093454287137675
2,51,0,18,42,-8.091762272557867
2,51,0,19,21,-8.097925211443107
2,51,0,19,40,-8.093806608304465
2,51,0,19,41,-8.092814596794923
2,51,0,20,22,-8.09848599086774
2,51,0,20,39,-8.095522633042062
2,51,0,20,41,-8.093190749594486
2,51,0,21,23,-8.09914858299003
2,51,0,21,36,-8.099367854020091
2,51,0,21,37,-8.098501736149073
2,51,0,21,38,-8.097511433057392
2,51,0,21,39,-8.096376766383873
2,51,0,21,40,-8.095136996102992
2,51,0,21,41,-8.093513257170375
2,51,0,22,24,-8.099936333403662
2,51,0,22,35,-8.101167903284551
2,51,0,23,25,-8.100867524101401
2,51,0,23,26,-8.101382523200114
2,51,0,23,34,-8.102873556285246
2,51,0,24,27,-8.102604823391355
2,51,0,24,28,-8.103130774799817
2,51,0,24,33,-8.104420691718673
2,51,0,25,29,-8.104654598392393
2,51,0,25,33,-8.105978389876537
2,51,0,26,29,-8.105892469587776
2,51,0,26,32,-8.107440332078939
2,51,0,27,30,-8.108072663140993
2,51,0,27,31,-8.108720599512854
2,51,0,27,32,-8.109314092051813
2,51,0,27,33,-8.109950159107541
2,51,0,28,32,-8.111659171358868
2,51,0,28,33,-8.112531145040451
2,51,0,29,31,-8.113090965558415
2,51,0,30,31,-8.115537525937267
2,51,0,31,31,-8.118146969832013
2,51,0,32,30,-8.11848026708987
2,51,0,33,27,-8.113179276468667
2,51,0,33,28,-8.115964026902038
2,51,0,33,29,-8.118661023257298
2,51,0,34,25,-8.108131344184288
2,51,0,34,26,-8.111416044596213
2,51,0,35,22,-8.098809329753449
2,51,0,35,23,-8.101732875343666
2,51,0,35,24,-8.105055698311029
2,51,0,36,14,-8.084982657436473
2,51,0,36,15,-8.085722490032184
2,51,0,36,16,-8.086626769923841
2,51,0,36,17,-8.087699551644896
2,51,0,36,18,-8.08896909209074
2,51,0,36,19,-8.090549565873077
2,51,0,36,20,-8.092483384494457
2,51,0,36,21,-8.09484800475881
2,51,0,37,14,-8.083492326514817
2,51,0,38,12,-8.080891651634472
2,51,0,38,13,-8.0812997352848
2,51,0,39,11,-8.07842198905794
2,51,0,40,9,-8.075406348821508
2,51,0,40,10,-8.074144181611944
2,51,0,41,7,-8.074108665338798
2,51,0,41,8,-8.07321056638774
2,51,0,42,6,-8.072331385925162
2,51,0,43,5,-8.070111610808437
2,51,0,44,3,-8.06958811363132
2,51,0,44,4,-8.067726412800143
2,52,0,2,46,-8.007864807891455
2,52,0,3,46,-8.007827681781745
2,52,0,4,46,-8.00778883858037
2,52,0,5,45,-8.00807599978724
2,52,0,6,45,-8.007979881250943
2,52,0,7,44,-8.008321110927504
2,52,0,8,43,-8.008661385464528
2,52,0,8,54,-8.00535216262777
2,52,0,9,43,-8.008520677860098
2,52,0,9,52,-8.00567339943994
2,52,0,9,53,-8.005503626843783
2,52,0,10,42,-8.008952315433195
2,52,0,10,50,-8.005977580119636
2,52,0,10,51,-8.005766876820488
2,52,0,11,42,-8.008805644185042
2,52,0,11,48,-8.006389160591821
2,52,0,11,49,-8.006126299597794
2,52,0,12,9,-8.012340857368317
2,52,0,12,42,-8.008695700722782
2,52,0,12,46,-8.006933990872003
2,52,0,12,47,-8.006614965980525
2,52,0,13,10,-8.012467543245362
2,52,0,13,42,-8.00861471203807
2,52,0,13,44,-8.007632143565532
2,52,0,13,45,-8.007252260927002
2,52,0,13,52,-8.005691403930319
2,52,0,13,53,-8.005586752440275
2,52,0,13,54,-8.005533594009794
2,52,0,13,55,-8.005510958035254
2,52,0,14,10,-8.01233744229021
2,52,0,14,11,-8.012544921382592
2,52,0,14,41,-8.009365052147855
2,52,0,14,42,-8.008603862328183
2,52,0,14,43,-8.008095645637525
2,52,0,14,50,-8.006075988392325
2,52,0,14,51,-8.005957219767325
2,52,0,15,12,-8.012664230573225
2,52,0,15,13,-8.012903283369326
2,52,0,15,41,-8.009444805058148
2,52,0,15,48,-8.006570830607394
2,52,0,15,49,-8.006400252334986
2,52,0,16,14,-8.013049101537232
2,52,0,16,15,-8.01329052696699
2,52,0,16,16,-8.013584024609784
2,52,0,16,17,-8.01392960726627
2,52,0,16,41,-8.009573710379687
2,52,0,16,46,-8.00721388430557
2,52,0,16,47,-8.006967761887882
2,52,0,17,18,-8.014230534193226
2,52,0,17,41,-8.009741567719205
2,52,0,17,42,-8.008990987347472
2,52,0,17,43,-8.008461399001975
2,52,0,17,44,-8.008037351350604
2,52,0,17,45,-8.00770977759327
2,52,0,18,19,-8.01455718006502
2,52,0,18,20,-8.0149154071399
2,52,0,18,40,-8.010971646154768
2,52,0,18,42,-8.009295016403566
2,52,0,19,21,-8.015399424860954
2,52,0,19,40,-8.011320803042763
2,52,0,19,41,-8.010337950552884
2,52,0,20,22,-8.015955522840201
2,52,0,20,39,-8.013020489162447
2,52,0,20,41,-8.010710592199946
2,52,0,21,23,-8.016612016920826
2,52,0,21,36,-8.016827380878423
2,52,0,21,37,-8.015970244483452
2,52,0,21,38,-8.014990000477471
2,52,0,21,39,-8.013866573176976
2,52,0,21,40,-8.012638727945003
2,52,0,21,41,-8.011030091213152
2,52,0,22,24,-8.017392026501387
2,52,0,22,35,-8.018609845312877
2,52,0,23,25,-8.01831383795936
2,52,0,23,26,-8.018822809703302
2,52,0,23,34,-8.02029905826255
2,52,0,24,27,-8.020033145136331
2,52,0,24,28,-8.020553483389266
2,52,0,24,33,-8.02183148371293
2,52,0,25,29,-8.022063080733586
2,52,0,25,33,-8.023374775153124
2,52,0,26,29,-8.023289756212396
2,52,0,26,32,-8.02482304460141
2,52,0,27,30,-8.025449667186773
2,52,0,27,31,-8.02609149077765
2,52,0,27,32,-8.02667943865212
2,52,0,27,33,-8.02730945496966
2,52,0,28,32,-8.029002415660596
2,52,0,28,33,-8.029865936354897
2,52,0,29,31,-8.030420855652011
2,52,0,30,31,-8.032844117940261
2,52,0,31,31,-8.035428388762805
2,52,0,32,30,-8.035759105642336
2,52,0,33,27,-8.030512669073474
2,52,0,33,28,-8.03326914171188
2,52,0,33,29,-8.035938841262917
2,52,0,34,25,-8.025517752619304
2,52,0,34,26,-8.028768770349021
2,52,0,35,22,-8.016293506498194
2,52,0,35,23,-8.019186852485616
2,52,0,35,24,-8.022475350569657
2,52,0,36,14,-8.00260693833661
2,52,0,36,15,-8.003339737627549
2,52,0,36,16,-8.004235392945704
2,52,0,36,17,-8.005297879720692
2,52,0,36,18,-8.006555078153779
2,52,0,36,19,-8.008119818435514
2,52,0,36,20,-8.010034094429749
2,52,0,36,21,-8.01237460762937
2,52,0,37,14,-8.001132708958723
2,52,0,38,12,-7.998558517619655
2,52,0,38,13,-7.99896295525791
2,52,0,39,11,-7.99611525664939
2,52,0,40,9,-7.99313276411154
2,52,0,40,10,-7.991884131357226
2,52,0,41,7,-7.991850207001439
2,52,0,41,8,-7.9909616674084125
2,52,0,42,6,-7.990093057372624
2,52,0,43,5,-7.9878972016303305
2,52,0,44,3,-7.987378381424681
2,52,0,44,4,-7.985537408125773
3,1,0,10,55,-0.5264763797820511
3,1,0,11,54,-0.5564089537120609
3,1,0,12,9,-0.516636280614498
3,1,0,12,53,-0.4649754373757966
3,1,0,13,9,-0.5345662412777199
3,1,0,13,52,-0.6454181342553366
3,1,0,14,10,-0.5040828382330713
3,1,0,14,11,-0.5318131064687751
3,1,0,14,12,-0.48313576755681087
3,1,0,14,13,-0.46465339001863537
3,1,0,14,14,-0.4858470191205597
3,1,0,14,15,-0.4646818596153095
3,1,0,14,52,-0.511535987736339
3,1,0,15,16,-0.46468705524378073
3,1,0,15,45,-0.4692388396772389
3,1,0,15,46,-0.46496432990975056
3,1,0,15,47,-0.46496630202456046
3,1,0,15,48,-0.5360904912363164
3,1,0,15,49,-0.6625127705712712
3,1,0,15,50,-0.5357641432295036
3,1,0,15,51,-0.46497202599363563
3,1,0,16,17,-0.5567970703994818
3,1,0,16,18,-0.4782599873867759
3,1,0,16,45,-0.4649610989974988
3,1,0,16,51,-0.5046219498437965
3,1,0,17,19,-0.5321571744683942
3,1,0,17,44,-0.6403124324116942
3,1,0,18,20,-0.5560416642181301
3,1,0,18,45,-0.4777053852738977
3,1,0,19,21,-0.522096693972223
3,1,0,19,42,-0.47565945931789333
3,1,0,19,43,-0.46495339859667784
3,1,0,19,44,-0.5121494145934817
3,1,0,20,3,-0.4644333220828383
3,1,0,20,22,-0.5023506069863488
3,1,0,20,42,-0.46633232642269995
3,1,0,21,3,-0.4644194847237062
3,1,0,21,4,-0.4644292531743277
3,1,0,21,23,-0.5468306667277412
3,1,0,21,24,-0.46478125097855516
3,1,0,21,41,-0.6538315994295547
3,1,0,22,3,-0.4643986120843868
3,1,0,22,4,-0.4644077548700585
3,1,0,22,25,-0.5251154639007638
3,1,0,22,38,-0.46494258451702586
3,1,0,22,39,-0.46494383112775584
3,1,0,22,40,-0.6145276560125666
3,1,0,23,2,-0.46435445907427675
3,1,0,23,3,-0.4643713334048656
3,1,0,23,4,-0.4643844935005996
3,1,0,23,5,-0.4643986897193626
3,1,0,23,26,-0.560751449114244
3,1,0,23,37,-0.46494449186371356
3,1,0,24,2,-0.4643402840239663
3,1,0,24,3,-0.46435055901494704
3,1,0,24,4,-0.46436302480407576
3,1,0,24,5,-0.4643770243507781
3,1,0,24,6,-0.4643926786510466
3,1,0,24,7,-0.4644097241417182
3,1,0,24,27,-0.5458673561095846
3,1,0,24,28,-0.4648513075108438
3,1,0,24,35,-0.4649402046389812
3,1,0,24,36,-0.46494670202992494
3,1,0,25,1,-0.46430463828043766
3,1,0,25,2,-0.4643185573264257
3,1,0,25,3,-0.46433034302894516
3,1,0,25,4,-0.4643428287039004
3,1,0,25,5,-0.4643567050647357
3,1,0,25,6,-0.4643721157933587
3,1,0,25,7,-0.4643890496081131
3,1,0,25,8,-0.46440756105097636
3,1,0,25,9,-0.46442734957545984
3,1,0,25,10,-0.46444860504099594
3,1,0,25,29,-0.48093750480001585
3,1,0,25,30,-0.4648878968372028
3,1,0,25,34,-0.4649398388028505
3,1,0,26,1,-0.4642934148612048
3,1,0,26,2,-0.46430176072132556
3,1,0,26,3,-0.4643122674881992
3,1,0,26,4,-0.46432424426509855
3,1,0,26,5,-0.4643378123442248
3,1,0,26,6,-0.4643529748692936
3,1,0,26,7,-0.46436974409317133
3,1,0,26,8,-0.46438813999840534
3,1,0,26,9,-0.46440811872108
3,1,0,26,10,-0.46442974667453885
3,1,0,26,11,-0.4644530965485596
3,1,0,26,12,-0.4644778857449898
3,1,0,26,31,-0.5115828264742773
3,1,0,26,32,-0.6363541510596465
3,1,0,26,33,-0.46493758261868967
3,1,0,27,0,-0.4642662349385005
3,1,0,27,1,-0.46427656972799736
3,1,0,27,2,-0.46428555731224197
3,1,0,27,3,-0.4642955410837404
3,1,0,27,4,-0.4643070770417006
3,1,0,27,5,-0.46432027196592274
3,1,0,27,6,-0.46433515680193316
3,1,0,27,7,-0.46435175160073694
3,1,0,27,8,-0.46437008605609886
3,1,0,27,9,-0.4643901807706037
3,1,0,27,10,-0.4644120783631829
3,1,0,27,11,-0.46443581893079666
3,1,0,27,12,-0.4644614275127912
3,1,0,27,32,-0.5584733618193769
3,1,0,28,0,-0.4642585929595131
3,1,0,28,1,-0.46426388425463694
3,1,0,28,2,-0.46427121652401926
3,1,0,28,3,-0.4642802804947488
3,1,0,28,4,-0.4642912144728695
3,1,0,28,5,-0.46430397231005904
3,1,0,28,6,-0.46431854848755116
3,1,0,28,7,-0.46433495288701465
3,1,0,28,8,-0.46435321833623
3,1,0,28,9,-0.46437338213392065
3,1,0,28,10,-0.4643954835798283
3,1,0,28,11,-0.4644195558144679
3,1,0,28,12,-0.4644456271258015
3,1,0,28,13,-0.46447372441802637
3,1,0,28,32,-0.5760676947782559
3,1,0,28,33,-0.4649629110351752
3,1,0,29,0,-0.46424838561383575
3,1,0,29,1,-0.46425191780428277
3,1,0,29,2,-0.46425797797527846
3,1,0,29,3,-0.46426616760392747
3,1,0,29,4,-0.4642764762192384
3,1,0,29,5,-0.46428877599510954
3,1,0,29,6,-0.4643030256967826
3,1,0,29,7,-0.4643192217854484
3,1,0,29,8,-0.46433739497605586
3,1,0,29,9,-0.46435758640119995
3,1,0,29,10,-0.4643798365016496
3,1,0,29,11,-0.4644041823481404
3,1,0,29,12,-0.46443066872491956
3,1,0,29,13,-0.4644593615190993
3,1,0,29,31,-0.5747203306134346
3,1,0,30,0,-0.4642373779319118
3,1,0,30,1,-0.46424017780196714
3,1,0,30,2,-0.4642454360604362
3,1,0,30,3,-0.4642529374180322
3,1,0,30,4,-0.46426268617888233
3,1,0,30,5,-0.4642745461968141
3,1,0,30,6,-0.46428846640823096
3,1,0,30,7,-0.4643044385697872
3,1,0,30,8,-0.4643224924421445
3,1,0,30,9,-0.4643426698795641
3,1,0,30,10,-0.4643650120281837
3,1,0,30,11,-0.4643895606349411
3,1,0,30,12,-0.464416378672857
3,1,0,30,13,-0.46444558291797744
3,1,0,30,31,-0.510441261992268
3,1,0,31,0,-0.4642263004585214
3,1,0,31,1,-0.464228730798796
3,1,0,31,2,-0.4642334727158366
3,1,0,31,3,-0.46424044881451465
3,1,0,31,4,-0.46424971714126406
3,1,0,31,5,-0.4642611681365372
3,1,0,31,6,-0.464274761679802
3,1,0,31,7,-0.4642904953705642
3,1,0,31,8,-0.4643084019067758
3,1,0,31,9,-0.4643285232526413
3,1,0,31,10,-0.46435089761694903
3,1,0,31,11,-0.464375562805726
3,1,0,31,12,-0.46440258142887014
3,1,0,31,13,-0.46443208450267104
3,1,0,31,30,-0.4852006842408113
3,1,0,32,0,-0.4642155202091862
3,1,0,32,1,-0.46421772094813907
3,1,0,32,2,-0.46422209341892606
3,1,0,32,3,-0.4642286466273744
3,1,0,32,4,-0.4642374908217486
3,1,0,32,5,-0.46424855430966594
3,1,0,32,6,-0.46426181932755073
3,1,0,32,7,-0.4642772974579932
3,1,0,32,8,-0.4642950284699272
3,1,0,32,9,-0.46431505447087495
3,1,0,32,10,-0.464337405862673
3,1,0,32,11,-0.46436210385893495
3,1,0,32,12,-0.4643891806266174
3,1,0,32,13,-0.4644186931990868
3,1,0,32,14,-0.4644506798004453
3,1,0,32,30,-0.5455548409330552
3,1,0,33,0,-0.46420526470359813
3,1,0,33,1,-0.4642072858813937
3,1,0,33,2,-0.4642113487082047
3,1,0,33,3,-0.4642175226673082
3,1,0,33,4,-0.4642259634091319
3,1,0,33,5,-0.4642366395022668
3,1,0,33,6,-0.46424956126863925
3,1,0,33,7,-0.46426476028827124
3,1,0,33,8,-0.46428228770434954
3,1,0,33,9,-0.46430218691624203
3,1,0,33,10,-0.46432447719254477
3,1,0,33,11,-0.46434915620983386
3,1,0,33,12,-0.46437622514635724
3,1,0,33,13,-0.4644057152178498
3,1,0,33,14,-0.4644377068685994
3,1,0,33,30,-0.568402862058283
3,1,0,33,31,-0.5256168911647126
3,1,0,33,32,-0.5564409085331118
3,1,0,33,33,-0.5182229007923924
3,1,0,34,0,-0.46419571183272823
3,1,0,34,1,-0.4641975538156162
3,1,0,34,2,-0.46420130557144823
3,1,0,34,3,-0.46420709204904265
3,1,0,34,4,-0.46421511139108773
3,1,0,34,5,-0.464225372517614
3,1,0,34,6,-0.4642379172229376
3,1,0,34,7,-0.46425280275463776
3,1,0,34,8,-0.4642700976178291
3,1,0,34,9,-0.4642898499865131
3,1,0,34,10,-0.46431206522328194
3,1,0,34,11,-0.46433670602326615
3,1,0,34,12,-0.4643637292620104
3,1,0,34,13,-0.46439312454717596
3,1,0,34,14,-0.4644249291743232
3,1,0,34,15,-0.46445917521956215
3,1,0,34,30,-0.46500618703454033
3,1,0,34,31,-0.5078434207027938
3,1,0,34,33,-0.5130578836008655
3,1,0,35,0,-0.4641870393537435
3,1,0,35,1,-0.4641886549260459
3,1,0,35,2,-0.4641920378197244
3,1,0,35,3,-0.4641973800018313
3,1,0,35,4,-0.4642049210790371
3,1,0,35,5,-0.4642147083861339
3,1,0,35,6,-0.4642268171941004
3,1,0,35,7,-0.464241337598736
3,1,0,35,8,-0.4642583662638391
3,1,0,35,9,-0.4642779659897529
3,1,0,35,10,-0.4643001284554953
3,1,0,35,11,-0.4643247581862129
3,1,0,35,12,-0.4643517419071417
3,1,0,35,13,-0.46438101495229644
3,1,0,35,14,-0.4644126164629656
3,1,0,35,15,-0.4644465561904283
3,1,0,35,16,-0.4644828983046707
3,1,0,35,19,-0.4810173417559682
3,1,0,35,20,-0.49092901620610485
3,1,0,35,21,-0.4791998043344772
3,1,0,35,23,-0.5485217402385019
3,1,0,35,24,-0.5347240001466924
3,1,0,35,25,-0.4769590192689658
3,1,0,35,33,-0.5282600455759897
3,1,0,36,0,-0.4641794723330095
3,1,0,36,1,-0.4641807299771996
3,1,0,36,2,-0.46418361807915964
3,1,0,36,3,-0.46418841253488274
3,1,0,36,4,-0.4641953815623119
3,1,0,36,5,-0.4642046031848297
3,1,0,36,6,-0.46421618492692995
3,1,0,36,7,-0.46423025965894493
3,1,0,36,8,-0.46424697297170847
3,1,0,36,9,-0.46426642792026507
3,1,0,36,10,-0.46428861987892445
3,1,0,36,11,-0.46431333877951575
3,1,0,36,12,-0.46434034628269094
3,1,0,36,13,-0.46436946934567147
3,1,0,36,14,-0.46440087362133387
3,1,0,36,15,-0.4644344577904702
3,1,0,36,16,-0.4644704217050677
3,1,0,36,17,-0.46450939513096823
3,1,0,36,18,-0.5220014542630587
3,1,0,36,22,-0.4846709560885296
3,1,0,36,23,-0.4647774302646017
3,1,0,36,26,-0.4649191917183042
3,1,0,36,27,-0.4649601287711791
3,1,0,36,32,-0.5168196820218114
3,1,0,36,33,-0.5228707684772741
3,1,0,37,0,-0.4641733673925561
3,1,0,37,1,-0.4641739141008756
3,1,0,37,2,-0.46417609619790645
3,1,0,37,3,-0.46418020708202623
3,1,0,37,4,-0.4641864811756671
3,1,0,37,5,-0.464195014362103
3,1,0,37,6,-0.4642059361301907
3,1,0,37,7,-0.46421943356750583
3,1,0,37,8,-0.464235739664717
3,1,0,37,9,-0.46425505310462123
3,1,0,37,10,-0.46427747383068674
3,1,0,37,11,-0.464302511050404
3,1,0,37,12,-0.46432971710738347
3,1,0,37,13,-0.4643585331472817
3,1,0,37,14,-0.4643892998862613
3,1,0,37,15,-0.46442275621971985
3,1,0,37,16,-0.46445937651804825
3,1,0,37,17,-0.464499793844559
3,1,0,37,28,-0.4650179182129415
3,1,0,37,29,-0.46504601702877935
3,1,0,37,30,-0.465065694815753
3,1,0,37,31,-0.46507833217091843
3,1,0,37,32,-0.491830849870766
3,1,0,38,0,-0.46416943425604273
3,1,0,38,1,-0.46416820067050213
3,1,0,38,2,-0.4641694465793149
3,1,0,38,3,-0.46417276957844944
3,1,0,38,4,-0.46417820919396835
3,1,0,38,5,-0.46418591221120287
3,1,0,38,6,-0.46419599071701256
3,1,0,38,7,-0.46420868625490463
3,1,0,38,8,-0.4642243936412489
3,1,0,38,9,-0.4642434629152108
3,1,0,38,10,-0.4642660514154695
3,1,0,38,11,-0.4642913867694012
3,1,0,38,12,-0.4643188993462102
3,1,0,38,13,-0.4643481020735303
3,1,0,38,14,-0.4643790961033276
3,1,0,38,15,-0.4644121746589871
3,1,0,39,1,-0.4641627154186043
3,1,0,39,2,-0.46416345448858576
3,1,0,39,3,-0.4641659999442833
3,1,0,39,4,-0.4641705708894557
3,1,0,39,5,-0.4641773128686617
3,1,0,39,6,-0.46418630884249645
3,1,0,39,7,-0.4641978101961435
3,1,0,39,8,-0.46421217387490277
3,1,0,39,9,-0.46423027879832146
3,1,0,39,10,-0.4642535097943137
3,1,0,39,11,-0.46427986626359896
3,1,0,39,12,-0.4643086303177115
3,1,0,39,13,-0.4643386526442821
3,1,0,40,1,-0.46415920138109135
3,1,0,40,2,-0.46415838373179774
3,1,0,40,3,-0.46415998973104067
3,1,0,40,4,-0.46416366485457883
3,1,0,40,5,-0.4641693391038473
3,1,0,40,6,-0.4641770003961405
3,1,0,40,7,-0.46418680483205144
3,1,0,40,8,-0.46419919460164816
3,1,0,40,9,-0.4642150832195253
3,1,0,40,10,-0.464235958994891
3,1,0,40,11,-0.46426205979293345
3,1,0,41,2,-0.46415359325341665
3,1,0,41,3,-0.46415463886859887
3,1,0,41,4,-0.46415753923240866
3,1,0,41,5,-0.4641621897564041
3,1,0,41,6,-0.464168373723963
3,1,0,41,7,-0.4641763524058411
3,1,0,41,8,-0.46418673198014093
3,1,0,41,9,-0.4641999771411296
3,1,0,42,2,-0.4641504649405723
3,1,0,42,3,-0.4641500184405045
3,1,0,42,4,-0.46415191021339774
3,1,0,42,5,-0.46415560361684793
3,1,0,42,6,-0.4641605131889628
3,1,0,42,7,-0.4641670244981768
3,1,0,43,3,-0.46414531878506904
3,1,0,43,4,-0.46414674950443446
3,1,0,43,5,-0.4641499612683757
3,1,0,43,6,-0.4641538409897352
3,1,0,44,3,-0.46414188795890343
3,1,0,44,4,-0.4641434883889082
4,1,0,10,55,-1.4147592986625577
4,1,0,11,54,-1.4147634459872505
4,1,0,12,9,-1.4140923853784724
4,1,0,12,53,-1.414767198057036
4,1,0,13,9,-1.4140605401181077
4,1,0,13,52,-1.4147716901023224
4,1,0,14,10,-1.4140642549083928
4,1,0,14,11,-1.4141017723093539
4,1,0,14,12,-1.4141407474878465
4,1,0,14,13,-1.4141807885907431
4,1,0,14,14,-1.4142218920429743
4,1,0,14,15,-1.4142643954453353
4,1,0,14,52,-1.4147736553956896
4,1,0,15,16,-1.4142893633110234
4,1,0,15,45,-1.4148522020094823
4,1,0,15,46,-1.4148349216744909
4,1,0,15,47,-1.4148202828777101
4,1,0,15,48,-1.4148076210905396
4,1,0,15,49,-1.4147967309871985
4,1,0,15,50,-1.41478760710336
4,1,0,15,51,-1.414780734532251
4,1,0,16,17,-1.4143209640070213
4,1,0,16,18,-1.4143722354360577
4,1,0,16,45,-1.4148637480278101
4,1,0,16,51,-1.41478609377066
4,1,0,17,19,-1.414418537709886
4,1,0,17,44,-1.4149022319378985
4,1,0,18,20,-1.4144751171831649
4,1,0,18,45,-1.4148891160841386
4,1,0,19,21,-1.4145440394679927
4,1,0,19,42,-1.4150183728875427
4,1,0,19,43,-1.4149711393203765
4,1,0,19,44,-1.4149321619997846
4,1,0,20,3,-1.4134897409212979
4,1,0,20,22,-1.4146276009551713
4,1,0,20,42,-1.4150452206907536
4,1,0,21,3,-1.4134391080169209
4,1,0,21,4,-1.4134718619318445
4,1,0,21,23,-1.4147284113182732
4,1,0,21,24,-1.414813994742186
4,1,0,21,41,-1.4151519080495265
4,1,0,22,3,-1.413360706949742
4,1,0,22,4,-1.413391821163885
4,1,0,22,25,-1.4149464582095108
4,1,0,22,38,-1.4155440815795237
4,1,0,22,39,-1.415492447636661
4,1,0,22,40,-1.4154333146721365
4,1,0,23,2,-1.413192872576069
4,1,0,23,3,-1.413255814031993
4,1,0,23,4,-1.413302291805679
4,1,0,23,5,-1.4133503780932033
4,1,0,23,26,-1.4151046367089184
4,1,0,23,37,-1.4157387346644932
4,1,0,24,2,-1.4131337577942158
4,1,0,24,3,-1.41317153343932
4,1,0,24,4,-1.4132155267738487
4,1,0,24,5,-1.4132631920752015
4,1,0,24,6,-1.4133149876041076
4,1,0,24,7,-1.4133707339299757
4,1,0,24,27,-1.4152934621623805
4,1,0,24,28,-1.415407492129926
4,1,0,24,35,-1.4159338661372283
4,1,0,24,36,-1.4159411559907142
4,1,0,25,1,-1.4129836744244506
4,1,0,25,2,-1.4130404171303166
4,1,0,25,3,-1.4130847679194432
4,1,0,25,4,-1.4131290417261244
4,1,0,25,5,-1.4131760706329919
4,1,0,25,6,-1.413226992951095
4,1,0,25,7,-1.4132823789991757
4,1,0,25,8,-1.413342913647945
4,1,0,25,9,-1.413408174119045
4,1,0,25,10,-1.413479274570373
4,1,0,25,29,-1.4156456120281684
4,1,0,25,30,-1.4157639284413803
4,1,0,25,34,-1.4161110541828883
4,1,0,26,1,-1.4129297469429718
4,1,0,26,2,-1.4129625904930887
4,1,0,26,3,-1.4130014229453827
4,1,0,26,4,-1.4130433569203718
4,1,0,26,5,-1.4130888155043595
4,1,0,26,6,-1.4131385250615598
4,1,0,26,7,-1.413193123215685
4,1,0,26,8,-1.4132531917692015
4,1,0,26,9,-1.4133191189173657
4,1,0,26,10,-1.4133916844465304
4,1,0,26,11,-1.4134717593107977
4,1,0,26,12,-1.4135591688450002
4,1,0,26,31,-1.4160570997116055
4,1,0,26,32,-1.4161720418599537
4,1,0,26,33,-1.4162725474348736
4,1,0,27,0,-1.412798265361909
4,1,0,27,1,-1.4128455308156305
4,1,0,27,2,-1.4128814959785831
4,1,0,27,3,-1.4129179008268797
4,1,0,27,4,-1.4129572666681185
4,1,0,27,5,-1.4130006271469937
4,1,0,27,6,-1.4130487199242345
4,1,0,27,7,-1.413102199583358
4,1,0,27,8,-1.413161686284674
4,1,0,27,9,-1.4132277928158812
4,1,0,27,10,-1.4133012672817644
4,1,0,27,11,-1.413382931517124
4,1,0,27,12,-1.4134736091763451
4,1,0,27,32,-1.416406543473114
4,1,0,28,0,-1.412752882750156
4,1,0,28,1,-1.4127747764006593
4,1,0,28,2,-1.41280231174538
4,1,0,28,3,-1.412833930945329
4,1,0,28,4,-1.412869859756869
4,1,0,28,5,-1.4129105734618639
4,1,0,28,6,-1.412956621547952
4,1,0,28,7,-1.4130086084085522
4,1,0,28,8,-1.413067172876463
4,1,0,28,9,-1.4131330065728374
4,1,0,28,10,-1.4132068878291018
4,1,0,28,11,-1.413289668258173
4,1,0,28,12,-1.4133822472856863
4,1,0,28,13,-1.4134855489712637
4,1,0,28,32,-1.4166725588150941
4,1,0,28,33,-1.4168289536972583
4,1,0,29,0,-1.4126872639649868
4,1,0,29,1,-1.4127001570684732
4,1,0,29,2,-1.4127209794113174
4,1,0,29,3,-1.4127477290180328
4,1,0,29,4,-1.412779893628955
4,1,0,29,5,-1.4128175851474989
4,1,0,29,6,-1.4128611995998988
4,1,0,29,7,-1.412911293816007
4,1,0,29,8,-1.4129685145626363
4,1,0,29,9,-1.4130335936464047
4,1,0,29,10,-1.4131073519675783
4,1,0,29,11,-1.413190703460352
4,1,0,29,12,-1.41328466500907
4,1,0,29,13,-1.4133903743993539
4,1,0,29,31,-1.4167638899244015
4,1,0,30,0,-1.4126100632852217
4,1,0,30,1,-1.4126189896904346
4,1,0,30,2,-1.4126352285346149
4,1,0,30,3,-1.4126577373265474
4,1,0,30,4,-1.4126861544765488
4,1,0,30,5,-1.4127205841087143
4,1,0,30,6,-1.412761409536722
4,1,0,30,7,-1.4128091935461429
4,1,0,30,8,-1.4128646034701269
4,1,0,30,9,-1.4129284011245669
4,1,0,30,10,-1.4130014437519363
4,1,0,30,11,-1.413084704551994
4,1,0,30,12,-1.4131793200442326
4,1,0,30,13,-1.413286679664528
4,1,0,30,31,-1.4170496582022438
4,1,0,31,0,-1.4125248301622764
4,1,0,31,1,-1.4125314541946397
4,1,0,31,2,-1.4125442597109086
4,1,0,31,3,-1.4125629843399286
4,1,0,31,4,-1.4125876579959256
4,1,0,31,5,-1.4126185791666304
4,1,0,31,6,-1.4126562374744078
4,1,0,31,7,-1.4127012598107036
4,1,0,31,8,-1.412754352600013
4,1,0,31,9,-1.4128162997256157
4,1,0,31,10,-1.4128879706774282
4,1,0,31,11,-1.412970356743388
4,1,0,31,12,-1.4130646456794376
4,1,0,31,13,-1.4131723623335652
4,1,0,31,30,-1.4170657418795929
4,1,0,32,0,-1.4124333990001838
4,1,0,32,1,-1.412438202776145
4,1,0,32,2,-1.4124479311413474
4,1,0,32,3,-1.4124629182107673
4,1,0,32,4,-1.4124836367443443
4,1,0,32,5,-1.4125106751446121
4,1,0,32,6,-1.4125447041424797
4,1,0,32,7,-1.4125864568361717
4,1,0,32,8,-1.4126366907257442
4,1,0,32,9,-1.4126961963547093
4,1,0,32,10,-1.4127658142741115
4,1,0,32,11,-1.412846483902169
4,1,0,32,12,-1.4129393249129747
4,1,0,32,13,-1.4130457123026823
4,1,0,32,14,-1.413167194086913
4,1,0,32,30,-1.4173581572861351
4,1,0,33,0,-1.4123370808264237
4,1,0,33,1,-1.4123399743109566
4,1,0,33,2,-1.4123463721172786
4,1,0,33,3,-1.4123572071484078
4,1,0,33,4,-1.4123734461969728
4,1,0,33,5,-1.412396022564128
4,1,0,33,6,-1.4124258300990782
4,1,0,33,7,-1.412463732313036
4,1,0,33,8,-1.412510541103805
4,1,0,33,9,-1.4125670298911306
4,1,0,33,10,-1.4126339548495155
4,1,0,33,11,-1.4127121243986
4,1,0,33,12,-1.4128025351172622
4,1,0,33,13,-1.412906520422533
4,1,0,33,14,-1.4130258998590852
4,1,0,33,30,-1.4176925225453507
4,1,0,33,31,-1.4180409551624464
4,1,0,33,32,-1.418339870122101
4,1,0,33,33,-1.4185889582800935
4,1,0,34,0,-1.4122372419485272
4,1,0,34,1,-1.4122376349369319
4,1,0,34,2,-1.4122398334389639
4,1,0,34,3,-1.412245587224894
4,1,0,34,4,-1.41225645160271
4,1,0,34,5,-1.4122737365024434
4,1,0,34,6,-1.412298572269958
4,1,0,34,7,-1.4123319627089639
4,1,0,34,8,-1.412374775317166
4,1,0,34,9,-1.4124277394429527
4,1,0,34,10,-1.4124914491678906
4,1,0,34,11,-1.4125664449715452
4,1,0,34,12,-1.4126534691554269
4,1,0,34,13,-1.4127536908686027
4,1,0,34,14,-1.4128689243887544
4,1,0,34,15,-1.4130015003660263
4,1,0,34,30,-1.4180200820537312
4,1,0,34,31,-1.418372202900941
4,1,0,34,33,-1.4189106433770593
4,1,0,35,0,-1.4121358113937044
4,1,0,35,1,-1.4121322975128692
4,1,0,35,2,-1.4121285871405953
4,1,0,35,3,-1.4121277159150698
4,1,0,35,4,-1.412131902850061
4,1,0,35,5,-1.412142799162746
4,1,0,35,6,-1.412161740979115
4,1,0,35,7,-1.4121898730269267
4,1,0,35,8,-1.412228136771008
4,1,0,35,9,-1.4122772103595165
4,1,0,35,10,-1.4123374342675712
4,1,0,35,11,-1.4124088205885332
4,1,0,35,12,-1.4124916459646688
4,1,0,35,13,-1.4125867228519775
4,1,0,35,14,-1.4126960104335746
4,1,0,35,15,-1.4128219145633691
4,1,0,35,16,-1.4129685458005539
4,1,0,35,19,-1.413548440774715
4,1,0,35,20,-1.4138050320718678
4,1,0,35,21,-1.4141039727458238
4,1,0,35,23,-1.414859921699924
4,1,0,35,24,-1.4153139472777196
4,1,0,35,25,-1.4158143932194545
4,1,0,35,33,-1.4191948680473412
4,1,0,36,0,-1.4120361083165212
4,1,0,36,1,-1.412025352778861
4,1,0,36,2,-1.4120127021631927
4,1,0,36,3,-1.412002963724755
4,1,0,36,4,-1.411998790803666
4,1,0,36,5,-1.4120019589230164
4,1,0,36,6,-1.4120139081013483
4,1,0,36,7,-1.4120359286149702
4,1,0,36,8,-1.4120691136227685
4,1,0,36,9,-1.4121141614561716
4,1,0,36,10,-1.4121711379020523
4,1,0,36,11,-1.412238924437688
4,1,0,36,12,-1.412317069522117
4,1,0,36,13,-1.4124054412993334
4,1,0,36,14,-1.4125068690095
4,1,0,36,15,-1.412622591837896
4,1,0,36,16,-1.4127557925853236
4,1,0,36,17,-1.412911416923011
4,1,0,36,18,-1.4130926024579176
4,1,0,36,22,-1.414280268620125
4,1,0,36,23,-1.414744027785372
4,1,0,36,26,-1.4165029423729298
4,1,0,36,27,-1.4171077744197618
4,1,0,36,32,-1.4192418899481831
4,1,0,36,33,-1.4194636883490124
4,1,0,37,0,-1.411944790581573
4,1,0,37,1,-1.4119178716244933
4,1,0,37,2,-1.4118914231837822
4,1,0,37,3,-1.41187009374692
4,1,0,37,4,-1.411855706058919
4,1,0,37,5,-1.4118496579570976
4,1,0,37,6,-1.4118533285310673
4,1,0,37,7,-1.4118681978059016
4,1,0,37,8,-1.4118957238422825
4,1,0,37,9,-1.411936860669799
4,1,0,37,10,-1.4119919366511426
4,1,0,37,11,-1.412056837209599
4,1,0,37,12,-1.4121307331382404
4,1,0,37,13,-1.4122098441536366
4,1,0,37,14,-1.412292190445355
4,1,0,37,15,-1.4123842004390383
4,1,0,37,16,-1.41249696883275
4,1,0,37,17,-1.412634728019187
4,1,0,37,28,-1.4178734330946083
4,1,0,37,29,-1.4184282140765712
4,1,0,37,30,-1.4188868113019066
4,1,0,37,31,-1.419247379796397
4,1,0,37,32,-1.4195202971753142
4,1,0,38,0,-1.4118774822084585
4,1,0,38,1,-1.4118068512323914
4,1,0,38,2,-1.4117618231173592
4,1,0,38,3,-1.4117269466901876
4,1,0,38,4,-1.4117008082515596
4,1,0,38,5,-1.411684061737017
4,1,0,38,6,-1.4116779218763666
4,1,0,38,7,-1.4116841993773888
4,1,0,38,8,-1.4117051980170183
4,1,0,38,9,-1.4117422501078325
4,1,0,38,10,-1.4117901502507677
4,1,0,38,11,-1.411843543009849
4,1,0,38,12,-1.4119057586125958
4,1,0,38,13,-1.4119673001891497
4,1,0,38,14,-1.4120211407867966
4,1,0,38,15,-1.4120605135412019
4,1,0,39,1,-1.4116664737186655
4,1,0,39,2,-1.4116180483510836
4,1,0,39,3,-1.4115708422761173
4,1,0,39,4,-1.4115321273806987
4,1,0,39,5,-1.4115032955896052
4,1,0,39,6,-1.411485421215767
4,1,0,39,7,-1.4114807789742452
4,1,0,39,8,-1.4114869733363626
4,1,0,39,9,-1.4114968509719816
4,1,0,39,10,-1.4115140120458645
4,1,0,39,11,-1.4115437131184196
4,1,0,39,12,-1.4115982095376913
4,1,0,39,13,-1.4116364019104068
4,1,0,40,1,-1.4115699165121878
4,1,0,40,2,-1.4114681539614504
4,1,0,40,3,-1.4114010828207804
4,1,0,40,4,-1.4113481551612104
4,1,0,40,5,-1.4113059161442247
4,1,0,40,6,-1.4112738499042332
4,1,0,40,7,-1.4112480486443004
4,1,0,40,8,-1.4112099017183297
4,1,0,40,9,-1.4111356990864192
4,1,0,40,10,-1.4109549401208867
4,1,0,40,11,-1.410863926200176
4,1,0,41,2,-1.4112777313343747
4,1,0,41,3,-1.4112109310546772
4,1,0,41,4,-1.4111469162166659
4,1,0,41,5,-1.4110891686433624
4,1,0,41,6,-1.41103116952848
4,1,0,41,7,-1.4109576986105523
4,1,0,41,8,-1.4108306837393236
4,1,0,41,9,-1.4103515210031183
4,1,0,42,2,-1.411147095145223
4,1,0,42,3,-1.4110043085899002
4,1,0,42,4,-1.4109059843492515
4,1,0,42,5,-1.410810857578281
4,1,0,42,6,-1.410699658474617
4,1,0,42,7,-1.4105241930994952
4,1,0,43,3,-1.410693275688636
4,1,0,43,4,-1.4105732066897037
4,1,0,43,5,-1.4104006583128292
4,1,0,43,6,-1.4101009299151217
4,1,0,44,3,-1.4104275805524302
4,1,0,44,4,-1.410116121029469
4,2,0,10,55,-1.4007782791658692
4,2,0,11,54,-1.4007838073866223
4,2,0,12,9,-1.3997677678640121
4,2,0,12,53,-1.4007906827391603
4,2,0,13,9,-1.3997184451307654
4,2,0,13,52,-1.4007999802694497
4,2,0,14,10,-1.3997256460655012
4,2,0,14,11,-1.3997846885345395
4,2,0,14,12,-1.3998460093613279
4,2,0,14,13,-1.3999091901016398
4,2,0,14,14,-1.3999741757448279
4,2,0,14,15,-1.4000412305113956
4,2,0,14,52,-1.4008045496236754
4,2,0,15,16,-1.400086027903983
4,2,0,15,45,-1.4009422080669691
4,2,0,15,46,-1.400913362822975
4,2,0,15,47,-1.4008882044973443
4,2,0,15,48,-1.4008661919215637
4,2,0,15,49,-1.4008471786169452
4,2,0,15,50,-1.4008311720804798
4,2,0,15,51,-1.4008186422243074
4,2,0,16,17,-1.400142634644694
4,2,0,16,18,-1.4002245527756958
4,2,0,16,45,-1.4009628092404105
4,2,0,16,51,-1.400826762753456
4,2,0,17,19,-1.4003044311797952
4,2,0,17,44,-1.4010265777761273
4,2,0,18,20,-1.4004008178029541
4,2,0,18,45,-1.4010046814435053
4,2,0,19,21,-1.4005162951062935
4,2,0,19,42,-1.4012127590045065
4,2,0,19,43,-1.4011386696448747
4,2,0,19,44,-1.4010755975513105
4,2,0,20,3,-1.3988903641241661
4,2,0,20,22,-1.400653717751255
4,2,0,20,42,-1.4012540011092796
4,2,0,21,3,-1.3988212719719075
4,2,0,21,4,-1.3988663592189052
4,2,0,21,23,-1.4008162870262653
4,2,0,21,24,-1.4009475415255004
4,2,0,21,41,-1.4014153856825438
4,2,0,22,3,-1.398713735212812
4,2,0,22,4,-1.3987572294659503
4,2,0,22,25,-1.401153149930985
4,2,0,22,38,-1.4019870534260095
4,2,0,22,39,-1.4019115266008777
4,2,0,22,40,-1.4018273286120548
4,2,0,23,2,-1.398481100636333
4,2,0,23,3,-1.3985691586610536
4,2,0,23,4,-1.3986350306274054
4,2,0,23,5,-1.3987035801945584
4,2,0,23,26,-1.401393380819981
4,2,0,23,37,-1.4022598485659357
4,2,0,24,2,-1.3983990659988714
4,2,0,24,3,-1.3984529684950748
4,2,0,24,4,-1.3985164881315506
4,2,0,24,5,-1.3985859211316116
4,2,0,24,6,-1.398661940707397
4,2,0,24,7,-1.3987446019504257
4,2,0,24,27,-1.4016735848514221
4,2,0,24,28,-1.401837589152148
4,2,0,24,35,-1.402540799582523
4,2,0,24,36,-1.4025409849442598
4,2,0,25,1,-1.398188457431635
4,2,0,25,2,-1.3982690068587198
4,2,0,25,3,-1.398333147823638
4,2,0,25,4,-1.3983981544294295
4,2,0,25,5,-1.3984679612312005
4,2,0,25,6,-1.3985441793115188
4,2,0,25,7,-1.3986276489522607
4,2,0,25,8,-1.398719208767539
4,2,0,25,9,-1.3988185382480127
4,2,0,25,10,-1.3989268010796945
4,2,0,25,29,-1.40217741907035
4,2,0,25,30,-1.402340652946418
4,2,0,25,34,-1.4027891421993093
4,2,0,26,1,-1.3981133883998789
4,2,0,26,2,-1.3981609969642566
4,2,0,26,3,-1.398218235992144
4,2,0,26,4,-1.398280943879794
4,2,0,26,5,-1.3983496746304387
4,2,0,26,6,-1.3984254277060566
4,2,0,26,7,-1.3985090560106732
4,2,0,26,8,-1.398601296039008
4,2,0,26,9,-1.3987026451782438
4,2,0,26,10,-1.3988139548897067
4,2,0,26,11,-1.3989361357954706
4,2,0,26,12,-1.3990690312159835
4,2,0,26,31,-1.402742438628464
4,2,0,26,32,-1.4028918814019486
4,2,0,26,33,-1.4030169549993687
4,2,0,27,0,-1.397928693912759
4,2,0,27,1,-1.3979960554069781
4,2,0,27,2,-1.3980487988414272
4,2,0,27,3,-1.3981034208908139
4,2,0,27,4,-1.398163431040298
4,2,0,27,5,-1.3982302483101359
4,2,0,27,6,-1.3983048623597831
4,2,0,27,7,-1.398388107272992
4,2,0,27,8,-1.3984807444659255
4,2,0,27,9,-1.3985834950189655
4,2,0,27,10,-1.3986971885385908
4,2,0,27,11,-1.3988227019618622
4,2,0,27,12,-1.3989608873767243
4,2,0,27,32,-1.4032072453431965
4,2,0,28,0,-1.3978663290493316
4,2,0,28,1,-1.3978984711983777
4,2,0,28,2,-1.3979399658980738
4,2,0,28,3,-1.3979885882679026
4,2,0,28,4,-1.3980446255148453
4,2,0,28,5,-1.3981087024118082
4,2,0,28,6,-1.3981815233582344
4,2,0,28,7,-1.3982638227701907
4,2,0,28,8,-1.3983563582709138
4,2,0,28,9,-1.398459922715766
4,2,0,28,10,-1.398575379172658
4,2,0,28,11,-1.39870364495605
4,2,0,28,12,-1.3988456649781693
4,2,0,28,13,-1.3990023826329916
4,2,0,28,32,-1.4035602933410938
4,2,0,28,33,-1.403751171438138
4,2,0,29,0,-1.3977767094757265
4,2,0,29,1,-1.3977964898183388
4,2,0,29,2,-1.3978290543238225
4,2,0,29,3,-1.397871511633253
4,2,0,29,4,-1.3979230894340826
4,2,0,29,5,-1.3979838814760246
4,2,0,29,6,-1.3980543551101527
4,2,0,29,7,-1.3981351544578722
4,2,0,29,8,-1.3982270242803505
4,2,0,29,9,-1.3983307893248051
4,2,0,29,10,-1.3984473552510412
4,2,0,29,11,-1.3985777088860853
4,2,0,29,12,-1.398722927621169
4,2,0,29,13,-1.3988841918943056
4,2,0,29,31,-1.4036912315575365
4,2,0,30,0,-1.3976720416085442
4,2,0,30,1,-1.397686502344841
4,2,0,30,2,-1.397713108674651
4,2,0,30,3,-1.3977502848126315
4,2,0,30,4,-1.397797441514678
4,2,0,30,5,-1.3978546370455232
4,2,0,30,6,-1.397922298798977
4,2,0,30,7,-1.3980010590713914
4,2,0,30,8,-1.398091672904535
4,2,0,30,9,-1.3981949894928853
4,2,0,30,10,-1.398311949096079
4,2,0,30,11,-1.3984436014993458
4,2,0,30,12,-1.3985911561443862
4,2,0,30,13,-1.398756068854551
4,2,0,30,31,-1.4040663322170492
4,2,0,31,0,-1.3975574666551787
4,2,0,31,1,-1.3975689605804735
4,2,0,31,2,-1.397591257910305
4,2,0,31,3,-1.3976238450126228
4,2,0,31,4,-1.397666648299397
4,2,0,31,5,-1.3977199709260963
4,2,0,31,6,-1.3977843666834546
4,2,0,31,7,-1.39786054028988
4,2,0,31,8,-1.3979492880128372
4,2,0,31,9,-1.3980514787072615
4,2,0,31,10,-1.3981680600100461
4,2,0,31,11,-1.398300097355872
4,2,0,31,12,-1.3984488587996173
4,2,0,31,13,-1.398615959429236
4,2,0,31,30,-1.404095180537263
4,2,0,32,0,-1.3974357605035848
4,2,0,32,1,-1.397445011994514
4,2,0,32,2,-1.3974635834152505
4,2,0,32,3,-1.3974917513501255
4,2,0,32,4,-1.3975300183495643
4,2,0,32,5,-1.3975790605424407
4,2,0,32,6,-1.3976396616953126
4,2,0,32,7,-1.397712660481951
4,2,0,32,8,-1.397798916001526
4,2,0,32,9,-1.3978993017033325
4,2,0,32,10,-1.3980147236303342
4,2,0,32,11,-1.3981461803376218
4,2,0,32,12,-1.3982948681601335
4,2,0,32,13,-1.3984622740962376
4,2,0,32,14,-1.3986500941165163
4,2,0,32,30,-1.404474327926556
4,2,0,33,0,-1.397308968235666
4,2,0,33,1,-1.397315940446365
4,2,0,33,2,-1.3973305762449044
4,2,0,33,3,-1.3973539138108744
4,2,0,33,4,-1.3973870835096391
4,2,0,33,5,-1.3974312031687548
4,2,0,33,6,-1.3974873443990243
4,2,0,33,7,-1.3975565168968866
4,2,0,33,8,-1.397639652071722
4,2,0,33,9,-1.3977376004088824
4,2,0,33,10,-1.3978511552542958
4,2,0,33,11,-1.397981144194705
4,2,0,33,12,-1.3981286131200776
4,2,0,33,13,-1.3982950164944112
4,2,0,33,14,-1.3984823780520506
4,2,0,33,30,-1.404901828234138
4,2,0,33,31,-1.4053523255821976
4,2,0,33,32,-1.4057412941076315
4,2,0,33,33,-1.406067795514895
4,2,0,34,0,-1.3971791700053087
4,2,0,34,1,-1.3971832011080296
4,2,0,34,2,-1.3971929272961916
4,2,0,34,3,-1.3972103914509058
4,2,0,34,4,-1.3972374561835577
4,2,0,34,5,-1.3972757189983585
4,2,0,34,6,-1.3973265607127807
4,2,0,34,7,-1.3973911815243731
4,2,0,34,8,-1.3974705923312838
4,2,0,34,9,-1.397565587908886
4,2,0,34,10,-1.397676745423094
4,2,0,34,11,-1.3978045369658652
4,2,0,34,12,-1.3979496809201202
4,2,0,34,13,-1.398113453120196
4,2,0,34,14,-1.3982979435650589
4,2,0,34,15,-1.398505858521581
4,2,0,34,30,-1.4053276596407889
4,2,0,34,31,-1.405792398330452
4,2,0,34,33,-1.4065110451214393
4,2,0,35,0,-1.3970491105382132
4,2,0,35,1,-1.3970485633899867
4,2,0,35,2,-1.3970513973208647
4,2,0,35,3,-1.3970612084779848
4,2,0,35,4,-1.3970806756497725
4,2,0,35,5,-1.3971118339602255
4,2,0,35,6,-1.397156342794882
4,2,0,35,7,-1.3972156046347015
4,2,0,35,8,-1.3972907424507945
4,2,0,35,9,-1.3973824891524043
4,2,0,35,10,-1.3974910809976437
4,2,0,35,11,-1.3976162808177053
4,2,0,35,12,-1.3977581793123832
4,2,0,35,13,-1.397917631121129
4,2,0,35,14,-1.3980969943841952
4,2,0,35,15,-1.3982991452697744
4,2,0,35,16,-1.3985290126368846
4,2,0,35,19,-1.3994080300040028
4,2,0,35,20,-1.3997802863028679
4,2,0,35,21,-1.4002025554610844
4,2,0,35,23,-1.401229276237672
4,2,0,35,24,-1.4018263788899836
4,2,0,35,25,-1.402474957128325
4,2,0,35,33,-1.406908615652756
4,2,0,36,0,-1.3969231797279604
4,2,0,36,1,-1.3969141484924639
4,2,0,36,2,-1.396906547869392
4,2,0,36,3,-1.396906104115338
4,2,0,36,4,-1.3969160371913756
4,2,0,36,5,-1.3969385606231786
4,2,0,36,6,-1.396975498268137
4,2,0,36,7,-1.3970284794214853
4,2,0,36,8,-1.397098856134004
4,2,0,36,9,-1.3971874006188334
4,2,0,36,10,-1.397293974048405
4,2,0,36,11,-1.3974168243572265
4,2,0,36,12,-1.3975549859025311
4,2,0,36,13,-1.3977081646365856
4,2,0,36,14,-1.3978799782827511
4,2,0,36,15,-1.3980719401092991
4,2,0,36,16,-1.3982884318055986
4,2,0,36,17,-1.398536897046768
4,2,0,36,18,-1.3988221024923122
4,2,0,36,22,-1.4005121385037436
4,2,0,36,23,-1.4011224288819868
4,2,0,36,26,-1.403355153400998
4,2,0,36,27,-1.404130176729324
4,2,0,36,32,-1.4069806486081675
4,2,0,36,33,-1.4072898236999922
4,2,0,37,0,-1.3968096884725456
4,2,0,37,1,-1.3967817252948
4,2,0,37,2,-1.396758007569809
4,2,0,37,3,-1.3967441561813159
4,2,0,37,4,-1.3967424319032244
4,2,0,37,5,-1.396754620747817
4,2,0,37,6,-1.3967825199625166
4,2,0,37,7,-1.3968280684297325
4,2,0,37,8,-1.396893155287476
4,2,0,37,9,-1.3969789206851257
4,2,0,37,10,-1.397085544814938
4,2,0,37,11,-1.3972073546359254
4,2,0,37,12,-1.397342445314396
4,2,0,37,13,-1.3974860499692747
4,2,0,37,14,-1.397637484623737
4,2,0,37,15,-1.39780541315054
4,2,0,37,16,-1.3980023753237516
4,2,0,37,17,-1.3982355110342768
4,2,0,37,28,-1.4051326648649933
4,2,0,37,29,-1.405873833648046
4,2,0,37,30,-1.4064960924324021
4,2,0,37,31,-1.4069924488430634
4,2,0,37,32,-1.40737357817766
4,2,0,38,0,-1.3967274218295787
4,2,0,38,1,-1.3966483133979946
4,2,0,38,2,-1.3966028857751187
4,2,0,38,3,-1.3965734193581527
4,2,0,38,4,-1.3965583310983867
4,2,0,38,5,-1.3965585054322602
4,2,0,38,6,-1.3965755849910813
4,2,0,38,7,-1.396612012771288
4,2,0,38,8,-1.3966709127572425
4,2,0,38,9,-1.3967540058203562
4,2,0,38,10,-1.3968557482949722
4,2,0,38,11,-1.39696807925312
4,2,0,38,12,-1.3970927657609093
4,2,0,38,13,-1.3972195413824284
4,2,0,38,14,-1.3973415450455864
4,2,0,38,15,-1.3974542423409693
4,2,0,39,1,-1.3964843217727358
4,2,0,39,2,-1.396434903444229
4,2,0,39,3,-1.3963914468240206
4,2,0,39,4,-1.3963621869243479
4,2,0,39,5,-1.3963488120715406
4,2,0,39,6,-1.3963527820854402
4,2,0,39,7,-1.396377164790864
4,2,0,39,8,-1.3964203709330878
4,2,0,39,9,-1.3964769434808761
4,2,0,39,10,-1.39655219663954
4,2,0,39,11,-1.3966445201418034
4,2,0,39,12,-1.3967636762126432
4,2,0,39,13,-1.3968675011091078
4,2,0,40,1,-1.3963726898937154
4,2,0,40,2,-1.3962638940869372
4,2,0,40,3,-1.3961982426166888
4,2,0,40,4,-1.3961531865787529
4,2,0,40,5,-1.3961249002141243
4,2,0,40,6,-1.3961128391415762
4,2,0,40,7,-1.3961139372669864
4,2,0,40,8,-1.3961108809260787
4,2,0,40,9,-1.3960820095950077
4,2,0,40,10,-1.3959584053823857
4,2,0,40,11,-1.3959313597435037
4,2,0,41,2,-1.3960525254770202
4,2,0,41,3,-1.3959872351683764
4,2,0,41,4,-1.3959302598386647
4,2,0,41,5,-1.3958851264220578
4,2,0,41,6,-1.3958448743861702
4,2,0,41,7,-1.395795556985841
4,2,0,41,8,-1.3957008299118683
4,2,0,41,9,-1.3952661934079245
4,2,0,42,2,-1.395909085565555
4,2,0,42,3,-1.3957637951535862
4,2,0,42,4,-1.3956707882160329
4,2,0,42,5,-1.3955869503664045
4,2,0,42,6,-1.3954913519122119
4,2,0,42,7,-1.3953359314580103
4,2,0,43,3,-1.3954371157011112
4,2,0,43,4,-1.395321519470587
4,2,0,43,5,-1.3951589230580004
4,2,0,43,6,-1.394871750663335
4,2,0,44,3,-1.395160724171295
4,2,0,44,4,-1.3948507043727836
4,3,0,10,55,-1.3870106105995357
4,3,0,11,54,-1.3870168390441544
4,3,0,12,9,-1.3857374592206655
4,3,0,12,53,-1.3870253372011938
4,3,0,13,9,-1.3856777210260927
4,3,0,13,52,-1.387037032607136
4,3,0,14,10,-1.3856876340030466
4,3,0,14,11,-1.3857600205487592
4,3,0,14,12,-1.3858352750229983
4,3,0,14,13,-1.3859129402355554
4,3,0,14,14,-1.3859929080393798
4,3,0,14,15,-1.3860753772205576
4,3,0,14,52,-1.3870431146460351
4,3,0,15,16,-1.3861327166867732
4,3,0,15,45,-1.3872053989610769
4,3,0,15,46,-1.387171986755118
4,3,0,15,47,-1.3871425998553144
4,3,0,15,48,-1.3871167701249159
4,3,0,15,49,-1.3870943939074163
4,3,0,15,50,-1.3870755011524998
4,3,0,15,51,-1.3870605692470033
4,3,0,16,17,-1.3862047706309797
4,3,0,16,18,-1.386305357857804
4,3,0,16,45,-1.3872303851038725
4,3,0,16,51,-1.3870701842497482
4,3,0,17,19,-1.3864051009170177
4,3,0,17,44,-1.3873048977703055
4,3,0,18,20,-1.3865244331306983
4,3,0,18,45,-1.387280023805806
4,3,0,19,21,-1.386666017472676
4,3,0,19,42,-1.387519900430678
4,3,0,19,43,-1.3874352626258868
4,3,0,19,44,-1.3873625780047347
4,3,0,20,3,-1.3847095804213967
4,3,0,20,22,-1.3868327725917562
4,3,0,20,42,-1.3875672386543068
4,3,0,21,3,-1.3846318276828915
4,3,0,21,4,-1.384683433537396
4,3,0,21,23,-1.3870279386367892
4,3,0,21,24,-1.3871837773120337
4,3,0,21,41,-1.3877502573524878
4,3,0,22,3,-1.3845107517170738
4,3,0,22,4,-1.384560831786181
4,3,0,22,25,-1.3874259939483276
4,3,0,22,38,-1.3883909885686798
4,3,0,22,39,-1.3883067381421448
4,3,0,22,40,-1.388213165119222
4,3,0,23,2,-1.3842474888798075
4,3,0,23,3,-1.384347786599271
4,3,0,23,4,-1.384423747533152
4,3,0,23,5,-1.384503442592544
4,3,0,23,26,-1.3877058391672028
4,3,0,23,37,-1.3886933297168071
4,3,0,24,2,-1.3841551642582812
4,3,0,24,3,-1.3842172315925705
4,3,0,24,4,-1.3842910805654627
4,3,0,24,5,-1.3843724490228504
4,3,0,24,6,-1.3844620935534733
4,3,0,24,7,-1.384560126871428
4,3,0,24,27,-1.3880285372887828
4,3,0,24,28,-1.3882166230818986
4,3,0,24,35,-1.3890055645218011
4,3,0,24,36,-1.389003859149937
4,3,0,25,1,-1.3839168450047572
4,3,0,25,2,-1.3840086796128865
4,3,0,25,3,-1.384082863154994
4,3,0,25,4,-1.3841589443421447
4,3,0,25,5,-1.3842413512273586
4,3,0,25,6,-1.3843318710777746
4,3,0,25,7,-1.3844314169089562
4,3,0,25,8,-1.3845408410693931
4,3,0,25,9,-1.3846598147781006
4,3,0,25,10,-1.3847894565606964
4,3,0,25,29,-1.3886010685619363
4,3,0,25,30,-1.388784929480492
4,3,0,25,34,-1.3892800907598692
4,3,0,26,1,-1.383832721771644
4,3,0,26,2,-1.3838876541236904
4,3,0,26,3,-1.3839544850650296
4,3,0,26,4,-1.3840284736983082
4,3,0,26,5,-1.3841102199328763
4,3,0,26,6,-1.3842007969462253
4,3,0,26,7,-1.3843011026036365
4,3,0,26,8,-1.3844118855451715
4,3,0,26,9,-1.3845336329802496
4,3,0,26,10,-1.384667162766826
4,3,0,26,11,-1.3848133296459864
4,3,0,26,12,-1.3849719143287391
4,3,0,26,31,-1.389231720853969
4,3,0,26,32,-1.389396268232642
4,3,0,26,33,-1.3895320935611615
4,3,0,27,0,-1.3836247855530102
4,3,0,27,1,-1.3837013214777205
4,3,0,27,2,-1.3837624418423988
4,3,0,27,3,-1.3838267407769624
4,3,0,27,4,-1.3838981594017368
4,3,0,27,5,-1.3839782550209796
4,3,0,27,6,-1.384068082424782
4,3,0,27,7,-1.3841685022970998
4,3,0,27,8,-1.3842802791452795
4,3,0,27,9,-1.3844041207987308
4,3,0,27,10,-1.3845408263925303
4,3,0,27,11,-1.3846912215347853
4,3,0,27,12,-1.3848560907292784
4,3,0,27,32,-1.3897426335103473
4,3,0,28,0,-1.3835557377614247
4,3,0,28,1,-1.3835929142016297
4,3,0,28,2,-1.3836416995745031
4,3,0,28,3,-1.383699616821537
4,3,0,28,4,-1.383766988819243
4,3,0,28,5,-1.3838444677119703
4,3,0,28,6,-1.3839327775722907
4,3,0,28,7,-1.384032654847221
4,3,0,28,8,-1.3841448474517755
4,3,0,28,9,-1.3842701293639739
4,3,0,28,10,-1.3844093323301374
4,3,0,28,11,-1.3845633240040265
4,3,0,28,12,-1.3847329849232777
4,3,0,28,13,-1.384919183511835
4,3,0,28,32,-1.3901288048750393
4,3,0,28,33,-1.3903335405409327
4,3,0,29,0,-1.3834569633900455
4,3,0,29,1,-1.3834803906477537
4,3,0,29,2,-1.38351938619006
4,3,0,29,3,-1.3835706984142746
4,3,0,29,4,-1.3836334463577034
4,3,0,29,5,-1.3837076724517816
4,3,0,29,6,-1.3837938228904887
4,3,0,29,7,-1.3838925217218545
4,3,0,29,8,-1.384004491929868
4,3,0,29,9,-1.384130533180651
4,3,0,29,10,-1.3842715172436402
4,3,0,29,11,-1.3844283811673068
4,3,0,29,12,-1.3846021399195934
4,3,0,29,13,-1.3847939028635072
4,3,0,29,31,-1.3902736732760859
4,3,0,30,0,-1.3833421503607968
4,3,0,30,1,-1.3833597185313788
4,3,0,30,2,-1.3833922400773038
4,3,0,30,3,-1.38343792352782
4,3,0,30,4,-1.3834960776702387
4,3,0,30,5,-1.383566691384378
4,3,0,30,6,-1.3836501543484587
4,3,0,30,7,-1.3837470674423333
4,3,0,30,8,-1.3838581565956243
4,3,0,30,9,-1.3839842411766266
4,3,0,30,10,-1.3841262245030972
4,3,0,30,11,-1.3842851051504859
4,3,0,30,12,-1.3844620309758942
4,3,0,30,13,-1.3846583903900662
4,3,0,30,31,-1.390682841410599
4,3,0,31,0,-1.3832170872293952
4,3,0,31,1,-1.383231438957205
4,3,0,31,2,-1.383259341016792
4,3,0,31,3,-1.3833001778612872
4,3,0,31,4,-1.3833538199705435
4,3,0,31,5,-1.3834205166534455
4,3,0,31,6,-1.3835007881337387
4,3,0,31,7,-1.3835953080324466
4,3,0,31,8,-1.383704842188127
4,3,0,31,9,-1.3838302270921254
4,3,0,31,10,-1.3839723699693103
4,3,0,31,11,-1.3841322817700679
4,3,0,31,12,-1.3843111682482123
4,3,0,31,13,-1.3845105814091814
4,3,0,31,30,-1.3907155011501695
4,3,0,32,0,-1.3830849166350785
4,3,0,32,1,-1.3830968801739698
4,3,0,32,2,-1.3831208415830305
4,3,0,32,3,-1.3831570492389078
4,3,0,32,4,-1.383205998636278
4,3,0,32,5,-1.383268341330399
4,3,0,32,6,-1.383344844632981
4,3,0,32,7,-1.383436325726271
4,3,0,32,8,-1.383543617447305
4,3,0,32,9,-1.3836675600909654
4,3,0,32,10,-1.383809014122886
4,3,0,32,11,-1.383968916253068
4,3,0,32,12,-1.3841483960077723
4,3,0,32,13,-1.3843488822868482
4,3,0,32,14,-1.3845720282525236
4,3,0,32,30,-1.3911279139338157
4,3,0,33,0,-1.38294795245013
4,3,0,33,1,-1.3829575199256103
4,3,0,33,2,-1.3829773561091931
4,3,0,33,3,-1.3830085253278124
4,3,0,33,4,-1.383052197316359
4,3,0,33,5,-1.3831095001786664
4,3,0,33,6,-1.3831815141343389
4,3,0,33,7,-1.3832692442744081
4,3,0,33,8,-1.383373604881198
4,3,0,33,9,-1.3834954134894646
4,3,0,33,10,-1.3836354084721654
4,3,0,33,11,-1.3837943390947236
4,3,0,33,12,-1.383973169885578
4,3,0,33,13,-1.384173295401191
4,3,0,33,14,-1.3843967128692194
4,3,0,33,30,-1.391591155944508
4,3,0,33,31,-1.3920816458411256
4,3,0,33,32,-1.39250583552203
4,3,0,33,33,-1.3928626093103604
4,3,0,34,0,-1.3828085176801368
4,3,0,34,1,-1.3828150138806918
4,3,0,34,2,-1.3828297243146581
4,3,0,34,3,-1.3828547711431711
4,3,0,34,4,-1.3828921030818213
4,3,0,34,5,-1.3829433658315926
4,3,0,34,6,-1.3830099796431279
4,3,0,34,7,-1.3830931642010458
4,3,0,34,8,-1.3831939287599688
4,3,0,34,9,-1.3833130370170883
4,3,0,34,10,-1.3834509944810514
4,3,0,34,11,-1.3836081600761008
4,3,0,34,12,-1.38378513582696
4,3,0,34,13,-1.3839831244122156
4,3,0,34,14,-1.3842042138228452
4,3,0,34,15,-1.3844511549128768
4,3,0,34,30,-1.3920550742508548
4,3,0,34,31,-1.392564121438207
4,3,0,34,33,-1.3933537393222344
4,3,0,35,0,-1.3826696134128968
4,3,0,35,1,-1.382671345519345
4,3,0,35,2,-1.3826788708523925
4,3,0,35,3,-1.3826959323458117
4,3,0,35,4,-1.3827253429691644
4,3,0,35,5,-1.3827692244734004
4,3,0,35,6,-1.382829310894138
4,3,0,35,7,-1.3829070578483762
4,3,0,35,8,-1.383003614067619
4,3,0,35,9,-1.3831196903765337
4,3,0,35,10,-1.383255426620826
4,3,0,35,11,-1.3834104004689538
4,3,0,35,12,-1.383584509213935
4,3,0,35,13,-1.383778494699721
4,3,0,35,14,-1.3839947589665063
4,3,0,35,15,-1.384236262669168
4,3,0,35,16,-1.384508164048266
4,3,0,35,19,-1.3855318674453487
4,3,0,35,20,-1.3859576642331142
4,3,0,35,21,-1.3864355758619813
4,3,0,35,23,-1.3875796732048962
4,3,0,35,24,-1.3882364701861076
4,3,0,35,25,-1.3889455049462525
4,3,0,35,33,-1.3937964884387257
4,3,0,36,0,-1.382535938297806
4,3,0,36,1,-1.3825288689396869
4,3,0,36,2,-1.3825255268329064
4,3,0,36,3,-1.382531874632533
4,3,0,36,4,-1.3825513056230407
4,3,0,36,5,-1.3825861511845337
4,3,0,36,6,-1.3826383462116016
4,3,0,36,7,-1.3827096209830807
4,3,0,36,8,-1.3828014056987887
4,3,0,36,9,-1.3829144833001357
4,3,0,36,10,-1.383048599973453
4,3,0,36,11,-1.3832016655067525
4,3,0,36,12,-1.3833723593577236
4,3,0,36,13,-1.383560161887448
4,3,0,36,14,-1.383768894248469
4,3,0,36,15,-1.384000082173987
4,3,0,36,16,-1.38425856232945
4,3,0,36,17,-1.384552901867866
4,3,0,36,18,-1.3848885461191696
4,3,0,36,22,-1.3868066297287762
4,3,0,36,23,-1.3874789223527526
4,3,0,36,26,-1.3899026208170602
4,3,0,36,27,-1.390744787820883
4,3,0,36,32,-1.393878823647405
4,3,0,36,33,-1.3942229958461254
4,3,0,37,0,-1.382416235574212
4,3,0,37,1,-1.3823895892648803
4,3,0,37,2,-1.382369474156726
4,3,0,37,3,-1.3823617948020384
4,3,0,37,4,-1.382368976215103
4,3,0,37,5,-1.382392931122006
4,3,0,37,6,-1.3824355973363984
4,3,0,37,7,-1.382499081689991
4,3,0,37,8,-1.3825854538664257
4,3,0,37,9,-1.382695955318069
4,3,0,37,10,-1.3828307254128411
4,3,0,37,11,-1.3829833902146957
4,3,0,37,12,-1.3831513870970211
4,3,0,37,13,-1.3833293120467294
4,3,0,37,14,-1.3835170109230204
4,3,0,37,15,-1.3837241079350961
4,3,0,37,16,-1.3839636232540553
4,3,0,37,17,-1.3842440078311329
4,3,0,37,28,-1.3918407871059086
4,3,0,37,29,-1.3926556536415198
4,3,0,37,30,-1.3933429143919918
4,3,0,37,31,-1.3938934791520152
4,3,0,37,32,-1.3943180534290525
4,3,0,38,0,-1.3823300347491085
4,3,0,38,1,-1.3822506497341287
4,3,0,38,2,-1.382207909159974
4,3,0,38,3,-1.3821838468342178
4,3,0,38,4,-1.3821769225852982
4,3,0,38,5,-1.3821881282709074
4,3,0,38,6,-1.3822192541304514
4,3,0,38,7,-1.38227299161362
4,3,0,38,8,-1.3823528457800407
4,3,0,38,9,-1.3824607949520815
4,3,0,38,10,-1.3825913910625212
4,3,0,38,11,-1.3827353769567612
4,3,0,38,12,-1.3828934784221065
4,3,0,38,13,-1.383054967958719
4,3,0,38,14,-1.3832129995042095
4,3,0,38,15,-1.3833640325155538
4,3,0,39,1,-1.3820818781301414
4,3,0,39,2,-1.3820345053860508
4,3,0,39,3,-1.3819956619315545
4,3,0,39,4,-1.3819737244046286
4,3,0,39,5,-1.3819704647321074
4,3,0,39,6,-1.3819874542487482
4,3,0,39,7,-1.382028052306712
4,3,0,39,8,-1.3820911534634903
4,3,0,39,9,-1.3821724770919253
4,3,0,39,10,-1.3822785318205455
4,3,0,39,11,-1.382404299286728
4,3,0,39,12,-1.3825577728991634
4,3,0,39,13,-1.38269653290439
4,3,0,40,1,-1.3819672517874617
4,3,0,40,2,-1.381859363622821
4,3,0,40,3,-1.3817974193578977
4,3,0,40,4,-1.3817587716414708
4,3,0,40,5,-1.3817395421006329
4,3,0,40,6,-1.3817391302415447
4,3,0,40,7,-1.381754874063775
4,3,0,40,8,-1.3817704802985453
4,3,0,40,9,-1.3817658071974381
4,3,0,40,10,-1.3816738825238597
4,3,0,40,11,-1.3816815056227334
4,3,0,41,2,-1.3816450180177
4,3,0,41,3,-1.3815826521624692
4,3,0,41,4,-1.3815312386123129
4,3,0,41,5,-1.3814940925782238
4,3,0,41,6,-1.381464053110749
4,3,0,41,7,-1.3814279008970163
4,3,0,41,8,-1.3813506416544756
4,3,0,41,9,-1.3809432571477163
4,3,0,42,2,-1.3814997463580747
4,3,0,42,3,-1.3813568296640946
4,3,0,42,4,-1.3812685953733475
4,3,0,42,5,-1.3811919938775437
4,3,0,42,6,-1.381105597753856
4,3,0,42,7,-1.3809618194070217
4,3,0,43,3,-1.3810297752844996
4,3,0,43,4,-1.3809180365932212
4,3,0,43,5,-1.3807622699309403
4,3,0,43,6,-1.3804844356132815
4,3,0,44,3,-1.3807535037468897
4,3,0,44,4,-1.3804481737409489
4,4,0,10,55,-1.3734007935594423
4,4,0,11,54,-1.3734072640620651
4,4,0,12,9,-1.3719515107466813
4,4,0,12,53,-1.3734163798007584
4,4,0,13,9,-1.3718862192678418
4,4,0,13,52,-1.3734289470675685
4,4,0,14,10,-1.3718976782372165
4,4,0,14,11,-1.3719772447976595
4,4,0,14,12,-1.3720600277935227
4,4,0,14,13,-1.3721455485230933
4,4,0,14,14,-1.3722336667654276
4,4,0,14,15,-1.372324540235471
4,4,0,14,52,-1.3734358367149055
4,4,0,15,16,-1.3723885133905305
4,4,0,15,45,-1.3736036289050897
4,4,0,15,46,-1.373569321036384
4,4,0,15,47,-1.3735390749293228
4,4,0,15,48,-1.3735124568336807
4,4,0,15,49,-1.373489383560828
4,4,0,15,50,-1.3734698953478395
4,4,0,15,51,-1.373454468204004
4,4,0,16,17,-1.3724686400478874
4,4,0,16,18,-1.3725792485680612
4,4,0,16,45,-1.373630451306946
4,4,0,16,51,-1.3734648692176306
4,4,0,17,19,-1.3726891287059764
4,4,0,17,44,-1.3737082073433742
4,4,0,18,20,-1.3728199701768828
4,4,0,18,45,-1.3736833150582681
4,4,0,19,21,-1.372974400663494
4,4,0,19,42,-1.3739318269744834
4,4,0,19,43,-1.3738444925947133
4,4,0,19,44,-1.3737693377393465
4,4,0,20,3,-1.3708483972718124
4,4,0,20,22,-1.3731552941481038
4,4,0,20,42,-1.3739813723932024
4,4,0,21,3,-1.370766792487279
4,4,0,21,4,-1.3708215275551672
4,4,0,21,23,-1.3733658360864975
4,4,0,21,24,-1.3735339284488173
4,4,0,21,41,-1.3741707410157789
4,4,0,22,3,-1.3706397412485551
4,4,0,22,4,-1.3706929864920392
4,4,0,22,25,-1.3737928280295382
4,4,0,22,38,-1.3748315812252876
4,4,0,22,39,-1.3747451731175468
4,4,0,22,40,-1.3746490204449546
4,4,0,23,2,-1.370362812775583
4,4,0,23,3,-1.3704686882565822
4,4,0,23,4,-1.3705494318828624
4,4,0,23,5,-1.370634540067953
4,4,0,23,26,-1.3740903133870614
4,4,0,23,37,-1.3751428990167227
4,4,0,24,2,-1.3702660715601742
4,4,0,24,3,-1.3703319474389228
4,4,0,24,4,-1.3704107337704416
4,4,0,24,5,-1.370497907264683
4,4,0,24,6,-1.3705942398603357
4,4,0,24,7,-1.3706998756401843
4,4,0,24,27,-1.3744314895292633
4,4,0,24,28,-1.374630950567068
4,4,0,24,35,-1.375463681452833
4,4,0,24,36,-1.3754623609360335
4,4,0,25,1,-1.370015671246539
4,4,0,25,2,-1.3701125558929248
4,4,0,25,3,-1.3701914280962244
4,4,0,25,4,-1.3702728212895519
4,4,0,25,5,-1.3703613566662713
4,4,0,25,6,-1.3704588949901517
4,4,0,25,7,-1.370566380894461
4,4,0,25,8,-1.3706846678974043
4,4,0,25,9,-1.3708134188646528
4,4,0,25,10,-1.3709537129656384
4,4,0,25,29,-1.3750340806705508
4,4,0,25,30,-1.3752275649045294
4,4,0,25,34,-1.375745967368452
4,4,0,26,1,-1.369927792307842
4,4,0,26,2,-1.369986101029899
4,4,0,26,3,-1.370057477149998
4,4,0,26,4,-1.370136912938566
4,4,0,26,5,-1.3702250046624973
4,4,0,26,6,-1.3703228606959825
4,4,0,26,7,-1.3704313981638985
4,4,0,26,8,-1.3705513665446962
4,4,0,26,9,-1.3706832376915443
4,4,0,26,10,-1.370827795229494
4,4,0,26,11,-1.370985848738596
4,4,0,26,12,-1.3711571352732432
4,4,0,26,31,-1.3756924187991375
4,4,0,26,32,-1.375863998895564
4,4,0,26,33,-1.3760050233277878
4,4,0,27,0,-1.3697100283272095
4,4,0,27,1,-1.3697905827205874
4,4,0,27,2,-1.3698555845143812
4,4,0,27,3,-1.3699245110021385
4,4,0,27,4,-1.3700014645256813
4,4,0,27,5,-1.3700880550625623
4,4,0,27,6,-1.3701853634111885
4,4,0,27,7,-1.3702942603459978
4,4,0,27,8,-1.3704155063816055
4,4,0,27,9,-1.3705497899203385
4,4,0,27,10,-1.3706978761182083
4,4,0,27,11,-1.3708605471469155
4,4,0,27,12,-1.371038536070134
4,4,0,27,32,-1.376221201484591
4,4,0,28,0,-1.369638372339092
4,4,0,28,1,-1.369677863665588
4,4,0,28,2,-1.3697301178204204
4,4,0,28,3,-1.3697925430367015
4,4,0,28,4,-1.3698654540715784
4,4,0,28,5,-1.369949515388114
4,4,0,28,6,-1.3700454567378584
4,4,0,28,7,-1.3701540129312644
4,4,0,28,8,-1.3702759211322901
4,4,0,28,9,-1.3704119317665713
4,4,0,28,10,-1.3705628410795716
4,4,0,28,11,-1.370729473308651
4,4,0,28,12,-1.3709126582906892
4,4,0,28,13,-1.3711132056684303
4,4,0,28,32,-1.3766188926092193
4,4,0,28,33,-1.3768295655028215
4,4,0,29,0,-1.3695361054269484
4,4,0,29,1,-1.3695612831215376
4,4,0,29,2,-1.3696034147883374
4,4,0,29,3,-1.3696590815806242
4,4,0,29,4,-1.3697273311441582
4,4,0,29,5,-1.3698081848258088
4,4,0,29,6,-1.3699020763701248
4,4,0,29,7,-1.3700096176272816
4,4,0,29,8,-1.37013151445704
4,4,0,29,9,-1.3702685390295586
4,4,0,29,10,-1.3704215254678322
4,4,0,29,11,-1.370591366536659
4,4,0,29,12,-1.370779026513201
4,4,0,29,13,-1.3709855564614601
4,4,0,29,31,-1.376767219312179
4,4,0,30,0,-1.3694175141873863
4,4,0,30,1,-1.369436618047473
4,4,0,30,2,-1.3694720792971349
4,4,0,30,3,-1.3695219958727582
4,4,0,30,4,-1.3695856060774776
4,4,0,30,5,-1.369662867978391
4,4,0,30,6,-1.369754150415426
4,4,0,30,7,-1.369860036082816
4,4,0,30,8,-1.3699812296303675
4,4,0,30,9,-1.370118519919996
4,4,0,30,10,-1.370272770453271
4,4,0,30,11,-1.3704449341928315
4,4,0,30,12,-1.370636107920865
4,4,0,30,13,-1.370847622061663
4,4,0,30,31,-1.3771883307683586
4,4,0,31,0,-1.3692886416658996
4,4,0,31,1,-1.3693044331939408
4,4,0,31,2,-1.3693351604423003
4,4,0,31,3,-1.3693801423553444
4,4,0,31,4,-1.369439196583543
4,4,0,31,5,-1.3695125456572357
4,4,0,31,6,-1.3696006890911547
4,4,0,31,7,-1.369704281436739
4,4,0,31,8,-1.36982406599953
4,4,0,31,9,-1.3699608470691884
4,4,0,31,10,-1.3701154899750227
4,4,0,31,11,-1.3702889582078446
4,4,0,31,12,-1.370482405850301
4,4,0,31,13,-1.3706973283239865
4,4,0,31,30,-1.3772209047047224
4,4,0,32,0,-1.369152768205862
4,4,0,32,1,-1.3691661182839758
4,4,0,32,2,-1.3691928287236619
4,4,0,32,3,-1.3692331109275777
4,4,0,32,4,-1.3692874261176973
4,4,0,32,5,-1.3693564087792538
4,4,0,32,6,-1.3694408111436802
4,4,0,32,7,-1.3695414347605581
4,4,0,32,8,-1.3696590915720401
4,4,0,32,9,-1.3697945892760983
4,4,0,32,10,-1.3699487440157758
4,4,0,32,11,-1.3701224417588618
4,4,0,32,12,-1.3703167587423333
4,4,0,32,13,-1.3705330706625944
4,4,0,32,14,-1.3707729796929435
4,4,0,32,30,-1.3776450790371144
4,4,0,33,0,-1.3690123032611954
4,4,0,33,1,-1.36902321696369
4,4,0,33,2,-1.3690457371054898
4,4,0,33,3,-1.369080910726828
4,4,0,33,4,-1.3691298901134612
4,4,0,33,5,-1.3691937982746687
4,4,0,33,6,-1.3692737094988983
4,4,0,33,7,-1.3693706203404514
4,4,0,33,8,-1.3694854287709706
4,4,0,33,9,-1.3696189206204183
4,4,0,33,10,-1.3697717862549847
4,4,0,33,11,-1.3699447171635306
4,4,0,33,12,-1.3701386185869113
4,4,0,33,13,-1.37035483169832
4,4,0,33,14,-1.3705953092771561
4,4,0,33,30,-1.3781209605049205
4,4,0,33,31,-1.378626954225321
4,4,0,33,32,-1.3790647897850377
4,4,0,33,33,-1.379433290266087
4,4,0,34,0,-1.368869651903057
4,4,0,34,1,-1.368877452035004
4,4,0,34,2,-1.3688947740196218
4,4,0,34,3,-1.3689237397685985
4,4,0,34,4,-1.3689662967011356
4,4,0,34,5,-1.3690240987886977
4,4,0,34,6,-1.3690985722577946
4,4,0,34,7,-1.3691909391013415
4,4,0,34,8,-1.3693022006656166
4,4,0,34,9,-1.3694330918771676
4,4,0,34,10,-1.3695840644082562
4,4,0,34,11,-1.3697554046235443
4,4,0,34,12,-1.3699476401853339
4,4,0,34,13,-1.3701619154560893
4,4,0,34,14,-1.370400286034427
4,4,0,34,15,-1.3706654860608682
4,4,0,34,30,-1.378598640167158
4,4,0,34,31,-1.3791248833763945
4,4,0,34,33,-1.3799420516403256
4,4,0,35,0,-1.3687278976904484
4,4,0,35,1,-1.3687308779652518
4,4,0,35,2,-1.3687409194728604
4,4,0,35,3,-1.368761783921932
4,4,0,35,4,-1.3687962998592342
4,4,0,35,5,-1.3688466116801956
4,4,0,35,6,-1.3689144738652859
4,4,0,35,7,-1.3690013599699027
4,4,0,35,8,-1.3691084256164003
4,4,0,35,9,-1.3692363607713804
4,4,0,35,10,-1.3693852439259466
4,4,0,35,11,-1.3695545496861834
4,4,0,35,12,-1.369744066710297
4,4,0,35,13,-1.3699544617154757
4,4,0,35,14,-1.3701881257801354
4,4,0,35,15,-1.370448021811168
4,4,0,35,16,-1.3707393670860513
4,4,0,35,19,-1.371828559014834
4,4,0,35,20,-1.3722779728998615
4,4,0,35,21,-1.3727800267392474
4,4,0,35,23,-1.3739736336920327
4,4,0,35,24,-1.3746548540504597
4,4,0,35,25,-1.3753881480522168
4,4,0,35,33,-1.3804016628799214
4,4,0,36,0,-1.368591832508156
4,4,0,36,1,-1.3685859268691232
4,4,0,36,2,-1.3685849651990751
4,4,0,36,3,-1.3685949539492845
4,4,0,36,4,-1.3686193192178004
4,4,0,36,5,-1.3686604286910122
4,4,0,36,6,-1.368720254101345
4,4,0,36,7,-1.3688005659767806
4,4,0,36,8,-1.3689028281866549
4,4,0,36,9,-1.3690278235532012
4,4,0,36,10,-1.3691752350470774
4,4,0,36,11,-1.3693428051532142
4,4,0,36,12,-1.3695290306493852
4,4,0,36,13,-1.3697332671272502
4,4,0,36,14,-1.369959395584266
4,4,0,36,15,-1.3702089196330354
4,4,0,36,16,-1.3704868494115505
4,4,0,36,17,-1.37080223523254
4,4,0,36,18,-1.371160796600404
4,4,0,36,22,-1.373178247648824
4,4,0,36,23,-1.373876147614021
4,4,0,36,26,-1.3763752172892563
4,4,0,36,27,-1.3772434024635252
4,4,0,36,32,-1.380487462161697
4,4,0,36,33,-1.3808452899724077
4,4,0,37,0,-1.3684703174262758
4,4,0,37,1,-1.3684446900442748
4,4,0,37,2,-1.3684267562809218
4,4,0,37,3,-1.3684224949716712
4,4,0,37,4,-1.3684343754390484
4,4,0,37,5,-1.368464354385468
4,4,0,37,6,-1.368514422106807
4,4,0,37,7,-1.368586756440784
4,4,0,37,8,-1.3686835099638557
4,4,0,37,9,-1.3688059731147149
4,4,0,37,10,-1.3689542642330403
4,4,0,37,11,-1.3691216935916954
4,4,0,37,12,-1.3693053688439774
4,4,0,37,13,-1.3694995816826872
4,4,0,37,14,-1.3697044252216344
4,4,0,37,15,-1.3699299278986083
4,4,0,37,16,-1.3701892488916294
4,4,0,37,17,-1.370491410052429
4,4,0,37,28,-1.3783754338370282
4,4,0,37,29,-1.3792188244968602
4,4,0,37,30,-1.3799312653025475
4,4,0,37,31,-1.3805028647803348
4,4,0,37,32,-1.380944344784965
4,4,0,38,0,-1.3683830540812072
4,4,0,38,1,-1.3683043954693872
4,4,0,38,2,-1.368263546103904
4,4,0,38,3,-1.3682426107248336
4,4,0,38,4,-1.3682400804858075
4,4,0,38,5,-1.3682569824458548
4,4,0,38,6,-1.3682951670702204
4,4,0,38,7,-1.3683574327666168
4,4,0,38,8,-1.368447459751922
4,4,0,38,9,-1.3685673575835917
4,4,0,38,10,-1.3687117754254952
4,4,0,38,11,-1.3688709168849054
4,4,0,38,12,-1.3690449597792247
4,4,0,38,13,-1.3692229871298058
4,4,0,38,14,-1.3693981827583597
4,4,0,38,15,-1.3695674920840466
4,4,0,39,1,-1.3681348981917176
4,4,0,39,2,-1.3680890472593608
4,4,0,39,3,-1.3680529864262552
4,4,0,39,4,-1.3680350722999008
4,4,0,39,5,-1.3680370878514667
4,4,0,39,6,-1.3680606448453156
4,4,0,39,7,-1.3681092224796487
4,4,0,39,8,-1.368181972786735
4,4,0,39,9,-1.368275253868788
4,4,0,39,10,-1.3683961683915526
4,4,0,39,11,-1.3685380357367074
4,4,0,39,12,-1.3687078881895622
4,4,0,39,13,-1.3688633871890263
4,4,0,40,1,-1.3680198430168449
4,4,0,40,2,-1.367913362517016
4,4,0,40,3,-1.3678538568749126
4,4,0,40,4,-1.3678188245677154
4,4,0,40,5,-1.367804379037794
4,4,0,40,6,-1.3678098831787142
4,4,0,40,7,-1.3678328886346527
4,4,0,40,8,-1.3678577167341612
4,4,0,40,9,-1.3678651173826888
4,4,0,40,10,-1.3677894908790835
4,4,0,40,11,-1.367814391844436
4,4,0,41,2,-1.3676992814837061
4,4,0,41,3,-1.3676388527694159
4,4,0,41,4,-1.3675906295060827
4,4,0,41,5,-1.3675577689182257
4,4,0,41,6,-1.3675330344505556
4,4,0,41,7,-1.3675036361846336
4,4,0,41,8,-1.3674354498260075
4,4,0,41,9,-1.3670437570414908
4,4,0,42,2,-1.3675541952472463
4,4,0,42,3,-1.3674134005085234
4,4,0,42,4,-1.3673281135493864
4,4,0,42,5,-1.367255582784635
4,4,0,42,6,-1.3671742521795573
4,4,0,42,7,-1.3670370155541178
4,4,0,43,3,-1.3670882285590544
4,4,0,43,4,-1.3669790306709284
4,4,0,43,5,-1.3668275001760184
4,4,0,43,6,-1.3665557918186226
4,4,0,44,3,-1.3668136719887043
4,4,0,44,4,-1.3665123184986083
4,5,0,10,55,-1.3599257373688798
4,5,0,11,54,-1.3599322361878592
4,5,0,12,9,-1.358367107460704
4,5,0,12,53,-1.3599415183980983
4,5,0,13,9,-1.3582989478960057
4,5,0,13,52,-1.3599543062488362
4,5,0,14,10,-1.3583111745289298
4,5,0,14,11,-1.3583944141790487
4,5,0,14,12,-1.3584810512458623
4,5,0,14,13,-1.3585705911755568
4,5,0,14,14,-1.3586628715682894
4,5,0,14,15,-1.3587580239862946
4,5,0,14,52,-1.3599616212720145
4,5,0,15,16,-1.358825051257607
4,5,0,15,45,-1.3601275197469231
4,5,0,15,46,-1.360093746450877
4,5,0,15,47,-1.3600639441892883
4,5,0,15,48,-1.3600376969093693
4,5,0,15,49,-1.360014934557121
4,5,0,15,50,-1.3599957062786119
4,5,0,15,51,-1.3599804878310613
4,5,0,16,17,-1.3589088112705476
4,5,0,16,18,-1.3590243608913641
4,5,0,16,45,-1.3601549521588145
4,5,0,16,51,-1.3599912394014724
4,5,0,17,19,-1.3591386691242053
4,5,0,17,44,-1.3602327346121694
4,5,0,18,20,-1.3592744649705057
4,5,0,18,45,-1.3602088195056308
4,5,0,19,21,-1.3594343560483717
4,5,0,19,42,-1.3604563590040637
4,5,0,19,43,-1.3603695361324668
4,5,0,19,44,-1.3602948254565514
4,5,0,20,3,-1.3572276250247233
4,5,0,20,22,-1.359621187646149
4,5,0,20,42,-1.3605063638466577
4,5,0,21,3,-1.3571443799961624
4,5,0,21,4,-1.3572005127033067
4,5,0,21,23,-1.359838101544477
4,5,0,21,24,-1.3600119442696403
4,5,0,21,41,-1.3606956910025623
4,5,0,22,3,-1.3570148067245351
4,5,0,22,4,-1.3570694635903933
4,5,0,22,25,-1.3602775555787925
4,5,0,22,38,-1.3613563332200371
4,5,0,22,39,-1.3612703663010781
4,5,0,22,40,-1.3611744129415904
4,5,0,23,2,-1.3567320881977185
4,5,0,23,3,-1.3568403567272758
4,5,0,23,4,-1.3569232127907829
4,5,0,23,5,-1.357010757777392
4,5,0,23,26,-1.3605819405384354
4,5,0,23,37,-1.3616680843009945
4,5,0,24,2,-1.356633536808471
4,5,0,24,3,-1.3567010714411942
4,5,0,24,4,-1.3567820496826997
4,5,0,24,5,-1.3568718442459409
4,5,0,24,6,-1.3569712442687196
4,5,0,24,7,-1.3570803948726002
4,5,0,24,27,-1.3609300799478783
4,5,0,24,28,-1.3611345767553151
4,5,0,24,35,-1.3619883879676742
4,5,0,24,36,-1.361988033898595
4,5,0,25,1,-1.3563781452179684
4,5,0,25,2,-1.356477152482458
4,5,0,25,3,-1.3565580626786593
4,5,0,25,4,-1.3566418170829762
4,5,0,25,5,-1.356733132321303
4,5,0,25,6,-1.3568338905578672
4,5,0,25,7,-1.3569450384323352
4,5,0,25,8,-1.357067416137652
4,5,0,25,9,-1.357200672355829
4,5,0,25,10,-1.3573458496699318
4,5,0,25,29,-1.361544217043985
4,5,0,25,30,-1.3617418360754212
4,5,0,25,34,-1.3622709505399213
4,5,0,26,1,-1.3562887866274953
4,5,0,26,2,-1.3563485425690702
4,5,0,26,3,-1.3564219113376952
4,5,0,26,4,-1.3565037809793643
4,5,0,26,5,-1.3565947595736927
4,5,0,26,6,-1.356695954623544
4,5,0,26,7,-1.3568082805554436
4,5,0,26,8,-1.3569324741792728
4,5,0,26,9,-1.3570689858030751
4,5,0,26,10,-1.3572185667514611
4,5,0,26,11,-1.3573819918180943
4,5,0,26,12,-1.3575589729543234
4,5,0,26,31,-1.3622123326577225
4,5,0,26,32,-1.362386864144411
4,5,0,26,33,-1.3625301584806893
4,5,0,27,0,-1.356067112146074
4,5,0,27,1,-1.356149307522124
4,5,0,27,2,-1.356215971252737
4,5,0,27,3,-1.3562869340719803
4,5,0,27,4,-1.3563663810865405
4,5,0,27,5,-1.3564559342572056
4,5,0,27,6,-1.3565566737650998
4,5,0,27,7,-1.3566694644939719
4,5,0,27,8,-1.3567950520484413
4,5,0,27,9,-1.3569341003535138
4,5,0,27,10,-1.357087342782897
4,5,0,27,11,-1.3572555282858554
4,5,0,27,12,-1.357439356830997
4,5,0,27,32,-1.3627461754841521
4,5,0,28,0,-1.3559945089453367
4,5,0,28,1,-1.3560349810287489
4,5,0,28,2,-1.3560887454499526
4,5,0,28,3,-1.3561531712858923
4,5,0,28,4,-1.3562285935793426
4,5,0,28,5,-1.3563156652164194
4,5,0,28,6,-1.3564151071819295
4,5,0,28,7,-1.3565276436330376
4,5,0,28,8,-1.3566539937982565
4,5,0,28,9,-1.3567948814710356
4,5,0,28,10,-1.3569510704915684
4,5,0,28,11,-1.3571233521086945
4,5,0,28,12,-1.3573125235472225
4,5,0,28,13,-1.3575193611045786
4,5,0,28,32,-1.3631460749961777
4,5,0,28,33,-1.3633588452818008
4,5,0,29,0,-1.355891019099756
4,5,0,29,1,-1.355916961270326
4,5,0,29,2,-1.35596048068142
4,5,0,29,3,-1.3560180978575689
4,5,0,29,4,-1.3560888558214832
4,5,0,29,5,-1.3561727485582686
4,5,0,29,6,-1.3562701927938021
4,5,0,29,7,-1.3563817850523125
4,5,0,29,8,-1.3565082103994268
4,5,0,29,9,-1.3566502125202198
4,5,0,29,10,-1.356808592125975
4,5,0,29,11,-1.3569842085338286
4,5,0,29,12,-1.357177993186891
4,5,0,29,13,-1.3573909634127015
4,5,0,29,31,-1.3632938336893803
4,5,0,30,0,-1.355771159871284
4,5,0,30,1,-1.3557909477315775
4,5,0,30,2,-1.3558277262588943
4,5,0,30,3,-1.3558795544044648
4,5,0,30,4,-1.3559456656374997
4,5,0,30,5,-1.3560259849919896
4,5,0,30,6,-1.3561208597888357
4,5,0,30,7,-1.3562308544772874
4,5,0,30,8,-1.356356650969143
4,5,0,30,9,-1.3564990082605037
4,5,0,30,10,-1.3566587554008012
4,5,0,30,11,-1.3568368111432416
4,5,0,30,12,-1.3570342388922272
4,5,0,30,13,-1.3572523345455845
4,5,0,30,31,-1.3637173724041372
4,5,0,31,0,-1.3556410707490119
4,5,0,31,1,-1.3556575121414545
4,5,0,31,2,-1.3556895180936905
4,5,0,31,3,-1.3557363859128415
4,5,0,31,4,-1.3557979348500684
4,5,0,31,5,-1.355874353997608
4,5,0,31,6,-1.3559661201862525
4,5,0,31,7,-1.3560738689021843
4,5,0,31,8,-1.3561983200120018
4,5,0,31,9,-1.3563402471910326
4,5,0,31,10,-1.3565004803749439
4,5,0,31,11,-1.3566799479581353
4,5,0,31,12,-1.3568797702552091
4,5,0,31,13,-1.3571014083783726
4,5,0,31,30,-1.3637486549596065
4,5,0,32,0,-1.3555040829043294
4,5,0,32,1,-1.3555180661025075
4,5,0,32,2,-1.3555460328806843
4,5,0,32,3,-1.3555881837860624
4,5,0,32,4,-1.3556449881944967
4,5,0,32,5,-1.3557170487388701
4,5,0,32,6,-1.355805095953405
4,5,0,32,7,-1.3559099133607662
4,5,0,32,8,-1.3560322900892756
4,5,0,32,9,-1.3561730031670909
4,5,0,32,10,-1.356332832393412
4,5,0,32,11,-1.3565126273586274
4,5,0,32,12,-1.3567134302107098
4,5,0,32,13,-1.3569365848799793
4,5,0,32,14,-1.3571836637440204
4,5,0,32,30,-1.3641753599352395
4,5,0,33,0,-1.3553626393632054
4,5,0,33,1,-1.3553741764044371
4,5,0,33,2,-1.35539793780098
4,5,0,33,3,-1.3554349663528742
4,5,0,33,4,-1.3554864276785763
4,5,0,33,5,-1.3555534152828477
4,5,0,33,6,-1.355636984189589
4,5,0,33,7,-1.3557381156449768
4,5,0,33,8,-1.3558576869123593
4,5,0,33,9,-1.3559964539019953
4,5,0,33,10,-1.356155069371364
4,5,0,33,11,-1.356334185744501
4,5,0,33,12,-1.3565346720575777
4,5,0,33,13,-1.3567578380551106
4,5,0,33,14,-1.3570056084883309
4,5,0,33,30,-1.364653973793076
4,5,0,33,31,-1.3651645868106412
4,5,0,33,32,-1.3656065105056696
4,5,0,33,33,-1.365978553274019
4,5,0,34,0,-1.3552191714428392
4,5,0,34,1,-1.3552275882973301
4,5,0,34,2,-1.355246139030387
4,5,0,34,3,-1.355276945120404
4,5,0,34,4,-1.3553219712343174
4,5,0,34,5,-1.35538284490719
4,5,0,34,6,-1.3554609768743404
4,5,0,34,7,-1.3555575783713067
4,5,0,34,8,-1.3556736341527051
4,5,0,34,9,-1.3558098512710455
4,5,0,34,10,-1.3559666420112315
4,5,0,34,11,-1.3561442480477002
4,5,0,34,12,-1.356343155128773
4,5,0,34,13,-1.356564474955886
4,5,0,34,14,-1.3568102408260172
4,5,0,34,15,-1.3570831681676356
4,5,0,34,30,-1.3651349802823507
4,5,0,34,31,-1.3656664444143203
4,5,0,34,33,-1.3664920616222909
4,5,0,35,0,-1.355076784926441
4,5,0,35,1,-1.3550803783910903
4,5,0,35,2,-1.355091636661827
4,5,0,35,3,-1.3551143222753597
4,5,0,35,4,-1.3551512845206024
4,5,0,35,5,-1.3552046458011873
4,5,0,35,6,-1.3552761505434567
4,5,0,35,7,-1.3553672684360536
4,5,0,35,8,-1.3554791458768953
4,5,0,35,9,-1.3556124496991946
4,5,0,35,10,-1.3557672171587365
4,5,0,35,11,-1.3559428666101858
4,5,0,35,12,-1.3561391311285669
4,5,0,35,13,-1.3563566389886401
4,5,0,35,14,-1.3565977682823553
4,5,0,35,15,-1.3568654713241841
4,5,0,35,16,-1.3571649670697687
4,5,0,35,19,-1.3582809449631814
4,5,0,35,20,-1.3587396839552792
4,5,0,35,21,-1.3592510185790405
4,5,0,35,23,-1.3604626479940496
4,5,0,35,24,-1.3611521716503752
4,5,0,35,25,-1.3618933261436528
4,5,0,35,33,-1.3669564370234069
4,5,0,36,0,-1.35494028948167
4,5,0,36,1,-1.3549350021054856
4,5,0,36,2,-1.3549352458947304
4,5,0,36,3,-1.3549470281887674
4,5,0,36,4,-1.3549738007043364
4,5,0,36,5,-1.3550179163757754
4,5,0,36,6,-1.355081344320138
4,5,0,36,7,-1.3551658610673134
4,5,0,36,8,-1.3552729343288987
4,5,0,36,9,-1.3554033345221008
4,5,0,36,10,-1.355556704658741
4,5,0,36,11,-1.355730707120695
4,5,0,36,12,-1.3559237518568574
4,5,0,36,13,-1.3561351379389517
4,5,0,36,14,-1.3563687618385194
4,5,0,36,15,-1.3566261084426887
4,5,0,36,16,-1.356912249076163
4,5,0,36,17,-1.3572364261408003
4,5,0,36,18,-1.3576044649290266
4,5,0,36,22,-1.3596603554404378
4,5,0,36,23,-1.360367113988339
4,5,0,36,26,-1.3628893508903042
4,5,0,36,27,-1.3637652486173995
4,5,0,36,32,-1.3670429437468918
4,5,0,36,33,-1.3674050909310094
4,5,0,37,0,-1.354818553506498
4,5,0,37,1,-1.3547935801942073
4,5,0,37,2,-1.3547768423711508
4,5,0,37,3,-1.3547743337196545
4,5,0,37,4,-1.3547885576803849
4,5,0,37,5,-1.3548214693754628
4,5,0,37,6,-1.3548750647417527
4,5,0,37,7,-1.3549515404309895
4,5,0,37,8,-1.3550530761099298
4,5,0,37,9,-1.3551809727243265
4,5,0,37,10,-1.3553353277950688
4,5,0,37,11,-1.3555093195663217
4,5,0,37,12,-1.3556998999321501
4,5,0,37,13,-1.3559012401332131
4,5,0,37,14,-1.356113560319489
4,5,0,37,15,-1.3563470393876653
4,5,0,37,16,-1.3566148365864583
4,5,0,37,17,-1.3569262091571028
4,5,0,37,28,-1.3649079982742962
4,5,0,37,29,-1.365760053683969
4,5,0,37,30,-1.3664802152302575
4,5,0,37,31,-1.3670583285823048
4,5,0,37,32,-1.3675051123211353
4,5,0,38,0,-1.3547312528573145
4,5,0,38,1,-1.3546533971823562
4,5,0,38,2,-1.354613723452181
4,5,0,38,3,-1.3545944799107608
4,5,0,38,4,-1.3545941914618678
4,5,0,38,5,-1.3546139132022814
4,5,0,38,6,-1.3546555008757097
4,5,0,38,7,-1.3547217853767675
4,5,0,38,8,-1.3548165157565646
4,5,0,38,9,-1.3549418495683154
4,5,0,38,10,-1.35509250278771
4,5,0,38,11,-1.3552584485795065
4,5,0,38,12,-1.3554395824372927
4,5,0,38,13,-1.3556249490929853
4,5,0,38,14,-1.355807786960069
4,5,0,38,15,-1.3559852998881428
4,5,0,39,1,-1.3544844803255291
4,5,0,39,2,-1.3544396393825782
4,5,0,39,3,-1.3544051672106383
4,5,0,39,4,-1.3543893712217991
4,5,0,39,5,-1.3543940517055892
4,5,0,39,6,-1.3544208222734964
4,5,0,39,7,-1.3544732009583038
4,5,0,39,8,-1.3545504691084562
4,5,0,39,9,-1.354649322161318
4,5,0,39,10,-1.3547771184958703
4,5,0,39,11,-1.354926361829688
4,5,0,39,12,-1.3551035565286098
4,5,0,39,13,-1.3552666201496981
4,5,0,40,1,-1.3543698458837061
4,5,0,40,2,-1.354264639778593
4,5,0,40,3,-1.3542066675472417
4,5,0,40,4,-1.3541736246915261
4,5,0,40,5,-1.3541616504655456
4,5,0,40,6,-1.3541701148491132
4,5,0,40,7,-1.354196675070463
4,5,0,40,8,-1.3542260371875878
4,5,0,40,9,-1.3542395002878682
4,5,0,40,10,-1.3541724852026187
4,5,0,40,11,-1.3542059697069555
4,5,0,41,2,-1.3540518382141347
4,5,0,41,3,-1.3539926864554381
4,5,0,41,4,-1.3539462932652642
4,5,0,41,5,-1.353915727695716
4,5,0,41,6,-1.3538937805007523
4,5,0,41,7,-1.3538679320179448
4,5,0,41,8,-1.353804666052542
4,5,0,41,9,-1.3534228822915126
4,5,0,42,2,-1.3539076184420074
4,5,0,42,3,-1.3537686095951569
4,5,0,42,4,-1.3536852183360248
4,5,0,42,5,-1.3536150681253512
4,5,0,42,6,-1.3535366626853627
4,5,0,42,7,-1.3534034031995736
4,5,0,43,3,-1.353446077155266
4,5,0,43,4,-1.3533386943873313
4,5,0,43,5,-1.3531900250908553
4,5,0,43,6,-1.3529227265700405
4,5,0,44,3,-1.3531738096916692
4,5,0,44,4,-1.3528759838377438
4,6,0,10,55,-1.3465797406045314
4,6,0,11,54,-1.346586194003998
4,6,0,12,9,-1.3449542868911586
4,6,0,12,53,-1.3465954265534354
4,6,0,13,9,-1.3448848581255664
4,6,0,13,52,-1.3466080774734204
4,6,0,14,10,-1.3448974078285267
4,6,0,14,11,-1.344982235459099
4,6,0,14,12,-1.3450705476927298
4,6,0,14,13,-1.3451618521127904
4,6,0,14,14,-1.3452559833950832
4,6,0,14,15,-1.3453530648609164
4,6,0,14,52,-1.3466155432025928
4,6,0,15,16,-1.3454213826282961
4,6,0,15,45,-1.3467768734336205
4,6,0,15,46,-1.3467440532190715
4,6,0,15,47,-1.3467151120777252
4,6,0,15,48,-1.3466896368719905
4,6,0,15,49,-1.3466675551292844
4,6,0,15,50,-1.3466489126417234
4,6,0,15,51,-1.3466341793805403
4,6,0,16,17,-1.3455066970425527
4,6,0,16,18,-1.3456245124732389
4,6,0,16,45,-1.3468043637438436
4,6,0,16,51,-1.3466450730936315
4,6,0,17,19,-1.3457406828913934
4,6,0,17,44,-1.3468810729643474
4,6,0,18,20,-1.3458784962011618
4,6,0,18,45,-1.3468583035513992
4,6,0,19,21,-1.346040502668955
4,6,0,19,42,-1.3471018249501738
4,6,0,19,43,-1.3470164935768973
4,6,0,19,44,-1.3469431280548125
4,6,0,20,3,-1.3438008228256468
4,6,0,20,22,-1.346229488463548
4,6,0,20,42,-1.3471515993757333
4,6,0,21,3,-1.3437171297556938
4,6,0,21,4,-1.3437737241042294
4,6,0,21,23,-1.3464485383231883
4,6,0,21,24,-1.3466246578971672
4,6,0,21,41,-1.347338673611207
4,6,0,22,3,-1.343586879982204
4,6,0,22,4,-1.3436420062622974
4,6,0,22,25,-1.3468922143662412
4,6,0,22,38,-1.3479919899046005
4,6,0,22,39,-1.3479073107943924
4,6,0,22,40,-1.347812500101334
4,6,0,23,2,-1.3433025432033174
4,6,0,23,3,-1.343411528758589
4,6,0,23,4,-1.3434950772122036
4,6,0,23,5,-1.3435834528967394
4,6,0,23,26,-1.3471983896070159
4,6,0,23,37,-1.3483010149582058
4,6,0,24,2,-1.34320355000503
4,6,0,24,3,-1.3432716169704446
4,6,0,24,4,-1.3433533354538736
4,6,0,24,5,-1.343444036348697
4,6,0,24,6,-1.3435444944894188
4,6,0,24,7,-1.3436548715904075
4,6,0,24,27,-1.3475481062944812
4,6,0,24,28,-1.347754371524611
4,6,0,24,35,-1.3486176318613117
4,6,0,24,36,-1.3486183145051
4,6,0,25,1,-1.3429468524601091
4,6,0,25,2,-1.3430464720378268
4,6,0,25,3,-1.3431280440384996
4,6,0,25,4,-1.343212611958452
4,6,0,25,5,-1.3433048901410056
4,6,0,25,6,-1.3434067700653203
4,6,0,25,7,-1.3435192049626488
4,6,0,25,8,-1.343643034227987
4,6,0,25,9,-1.3437779124103069
4,6,0,25,10,-1.3439248697399477
4,6,0,25,29,-1.3481650756072323
4,6,0,25,30,-1.3483641182278174
4,6,0,25,34,-1.348897735332517
4,6,0,26,1,-1.3428571882326121
4,6,0,26,2,-1.3429174038724203
4,6,0,26,3,-1.342991449435843
4,6,0,26,4,-1.3430741738426413
4,6,0,26,5,-1.3431661625406344
4,6,0,26,6,-1.343268532928855
4,6,0,26,7,-1.3433822017081005
4,6,0,26,8,-1.343507904444912
4,6,0,26,9,-1.3436460894084208
4,6,0,26,10,-1.343797498811972
4,6,0,26,11,-1.3439628926321294
4,6,0,26,12,-1.3441419727443475
4,6,0,26,31,-1.3488349538083144
4,6,0,26,32,-1.3490104822312787
4,6,0,26,33,-1.3491546201842572
4,6,0,27,0,-1.3426346157474789
4,6,0,27,1,-1.3427172548154553
4,6,0,27,2,-1.3427844591050688
4,6,0,27,3,-1.3428561380475186
4,6,0,27,4,-1.342936465513365
4,6,0,27,5,-1.343027068226913
4,6,0,27,6,-1.3431290294638938
4,6,0,27,7,-1.3432432130406424
4,6,0,27,8,-1.3433703612166594
4,6,0,27,9,-1.343511132877306
4,6,0,27,10,-1.343666252175961
4,6,0,27,11,-1.3438364534319573
4,6,0,27,12,-1.3440224167115362
4,6,0,27,32,-1.349368480060731
4,6,0,28,0,-1.3425619016101997
4,6,0,28,1,-1.3426026885279725
4,6,0,28,2,-1.3426569835703361
4,6,0,28,3,-1.3427221415314508
4,6,0,28,4,-1.3427984670696915
4,6,0,28,5,-1.3428866214138955
4,6,0,28,6,-1.342987325477151
4,6,0,28,7,-1.3431012996434593
4,6,0,28,8,-1.343229257653789
4,6,0,28,9,-1.3433719163266944
4,6,0,28,10,-1.3435300293247432
4,6,0,28,11,-1.343704372594278
4,6,0,28,12,-1.3438957224083383
4,6,0,28,13,-1.344104829070634
4,6,0,28,32,-1.3497668997436705
4,6,0,28,33,-1.3499799554534104
4,6,0,29,0,-1.3424583200713998
4,6,0,29,1,-1.3424845392058347
4,6,0,29,2,-1.3425285788596517
4,6,0,29,3,-1.342586936530382
4,6,0,29,4,-1.3426586173241861
4,6,0,29,5,-1.3427436214823352
4,6,0,29,6,-1.3428423635320341
4,6,0,29,7,-1.3429554341304832
4,6,0,29,8,-1.3430835110176147
4,6,0,29,9,-1.3432273293210713
4,6,0,29,10,-1.3433876784335916
4,6,0,29,11,-1.3435654013654457
4,6,0,29,12,-1.3437614072200978
4,6,0,29,13,-1.343976685044403
4,6,0,29,31,-1.3499128170803054
4,6,0,30,0,-1.3423384323773933
4,6,0,30,1,-1.3423584872602061
4,6,0,30,2,-1.3423957845540668
4,6,0,30,3,-1.3424483622891872
4,6,0,30,4,-1.3425154144964997
4,6,0,30,5,-1.342596871153196
4,6,0,30,6,-1.3426930760551283
4,6,0,30,7,-1.342804586276787
4,6,0,30,8,-1.3429320750005336
4,6,0,30,9,-1.3430762914071792
4,6,0,30,10,-1.3432380522156935
4,6,0,30,11,-1.3434182589174124
4,6,0,30,12,-1.3436179512282722
4,6,0,30,13,-1.3438383942798455
4,6,0,30,31,-1.3503349106892306
4,6,0,31,0,-1.342208395422349
4,6,0,31,1,-1.3422251037774129
4,6,0,31,2,-1.342257633666014
4,6,0,31,3,-1.3423052628287113
4,6,0,31,4,-1.34236777085369
4,6,0,31,5,-1.3424453515469077
4,6,0,31,6,-1.3425384776105664
4,6,0,31,7,-1.3426477762214182
4,6,0,31,8,-1.3427739576225075
4,6,0,31,9,-1.3429177848384553
4,6,0,31,10,-1.3430800748031735
4,6,0,31,11,-1.343261738057834
4,6,0,31,12,-1.3434638705015014
4,6,0,31,13,-1.3436879012160179
4,6,0,31,30,-1.3503647629512132
4,6,0,32,0,-1.3420715480401417
4,6,0,32,1,-1.3420858026441564
4,6,0,32,2,-1.3421143031479568
4,6,0,32,3,-1.3421572299769606
4,6,0,32,4,-1.3422150123572767
4,6,0,32,5,-1.3422882578386994
4,6,0,32,6,-1.3423776927486173
4,6,0,32,7,-1.3424840919219507
4,6,0,32,8,-1.342608234536851
4,6,0,32,9,-1.3427508866501965
4,6,0,32,10,-1.3429128148286968
4,6,0,32,11,-1.3430948506652136
4,6,0,32,12,-1.3432980120269995
4,6,0,32,13,-1.3435236122220844
4,6,0,32,14,-1.3437731892932363
4,6,0,32,30,-1.3507901051569606
4,6,0,33,0,-1.3419303362261759
4,6,0,33,1,-1.3419421524991155
4,6,0,33,2,-1.3419664616774387
4,6,0,33,3,-1.3420042839328084
4,6,0,33,4,-1.3420567435770971
4,6,0,33,5,-1.3421249392093495
4,6,0,33,6,-1.3422099219682357
4,6,0,33,7,-1.342312664629029
4,6,0,33,8,-1.342434034832747
4,6,0,33,9,-1.3425747778024073
4,6,0,33,10,-1.3427355332549136
4,6,0,33,11,-1.3429169355938804
4,6,0,33,12,-1.343119829446485
4,6,0,33,13,-1.3433454939376757
4,6,0,33,14,-1.3435958181866332
4,6,0,33,30,-1.3512671867032346
4,6,0,33,31,-1.3517774682011923
4,6,0,33,32,-1.3522191329405544
4,6,0,33,33,-1.3525909850951128
4,6,0,34,0,-1.3417871905957446
4,6,0,34,1,-1.3417958992667425
4,6,0,34,2,-1.3418150177332933
4,6,0,34,3,-1.341846639850477
4,6,0,34,4,-1.341892687051381
4,6,0,34,5,-1.3419547919854917
4,6,0,34,6,-1.3420343622830282
4,6,0,34,7,-1.3421326016874842
4,6,0,34,8,-1.3422504865055152
4,6,0,34,9,-1.342388714178773
4,6,0,34,10,-1.3425476845982132
4,6,0,34,11,-1.3427276212544799
4,6,0,34,12,-1.342928984791924
4,6,0,34,13,-1.3431528564061654
4,6,0,34,14,-1.3434012357736274
4,6,0,34,15,-1.3436768036853584
4,6,0,34,30,-1.3517469402646471
4,6,0,34,31,-1.3522781828746153
4,6,0,34,33,-1.3531035678373406
4,6,0,35,0,-1.3416452111301613
4,6,0,35,1,-1.3416491188458712
4,6,0,35,2,-1.341660975093954
4,6,0,35,3,-1.3416845062203915
4,6,0,35,4,-1.3417225160551403
4,6,0,35,5,-1.3417771322465626
4,6,0,35,6,-1.3418500976234193
4,6,0,35,7,-1.3419428764658188
4,6,0,35,8,-1.3420566091260349
4,6,0,35,9,-1.3421919551449137
4,6,0,35,10,-1.3423489407049858
4,6,0,35,11,-1.3425269651830583
4,6,0,35,12,-1.342725733966166
4,6,0,35,13,-1.342945844184481
4,6,0,35,14,-1.343189643063243
4,6,0,35,15,-1.3434600515183246
4,6,0,35,16,-1.3437622583626188
4,6,0,35,19,-1.3448863298375107
4,6,0,35,20,-1.345347459834168
4,6,0,35,21,-1.345860853929296
4,6,0,35,23,-1.3470752667766686
4,6,0,35,24,-1.3477653582850868
4,6,0,35,25,-1.3485065737650141
4,6,0,35,33,-1.3535673565839308
4,6,0,36,0,-1.3415091914046453
4,6,0,36,1,-1.3415042652247693
4,6,0,36,2,-1.3415051559455173
4,6,0,36,3,-1.3415178237809313
4,6,0,36,4,-1.341545675459672
4,6,0,36,5,-1.341591069918869
4,6,0,36,6,-1.3416559772724665
4,6,0,36,7,-1.3417421723053053
4,6,0,36,8,-1.3418511209328932
4,6,0,36,9,-1.3419835908755253
4,6,0,36,10,-1.342139217046667
4,6,0,36,11,-1.3423156407713281
4,6,0,36,12,-1.3425112362217293
4,6,0,36,13,-1.3427252688688907
4,6,0,36,14,-1.3429616108759896
4,6,0,36,15,-1.3432217233638837
4,6,0,36,16,-1.3435106763339741
4,6,0,36,17,-1.3438377572339313
4,6,0,36,18,-1.3442088031406536
4,6,0,36,22,-1.346273624779242
4,6,0,36,23,-1.3469811580161748
4,6,0,36,26,-1.3495017830243774
4,6,0,36,27,-1.3503768787935688
4,6,0,36,32,-1.353653425679372
4,6,0,36,33,-1.354015689898466
4,6,0,37,0,-1.3413879585358472
4,6,0,37,1,-1.3413634630482711
4,6,0,37,2,-1.341347451043171
4,6,0,37,3,-1.3413458792873978
4,6,0,37,4,-1.34136121975835
4,6,0,37,5,-1.341395433257424
4,6,0,37,6,-1.341450520629179
4,6,0,37,7,-1.341528682306314
4,6,0,37,8,-1.3416321030187572
4,6,0,37,9,-1.3417620899234075
4,6,0,37,10,-1.3419187405761979
4,6,0,37,11,-1.3420952093004963
4,6,0,37,12,-1.3422883873229159
4,6,0,37,13,-1.3424924053250882
4,6,0,37,14,-1.3427075368494545
4,6,0,37,15,-1.342943979957008
4,6,0,37,16,-1.3432148214978865
4,6,0,37,17,-1.3435293845353302
4,6,0,37,28,-1.3515187500178383
4,6,0,37,29,-1.3523704290817307
4,6,0,37,30,-1.3530904216597073
4,6,0,37,31,-1.3536685249688833
4,6,0,37,32,-1.3541154138733926
4,6,0,38,0,-1.3413010762705544
4,6,0,38,1,-1.3412240395854471
4,6,0,38,2,-1.3411851907416865
4,6,0,38,3,-1.341166933973196
4,6,0,38,4,-1.3411678066525512
4,6,0,38,5,-1.3411888499223792
4,6,0,38,6,-1.3412319322092914
4,6,0,38,7,-1.3412998940565801
4,6,0,38,8,-1.341396499984594
4,6,0,38,9,-1.3415239296046197
4,6,0,38,10,-1.3416769723512176
4,6,0,38,11,-1.341845546424577
4,6,0,38,12,-1.3420294082539046
4,6,0,38,13,-1.3422176321700299
4,6,0,38,14,-1.3424035073762064
4,6,0,38,15,-1.3425843772925123
4,6,0,39,1,-1.3410562757205913
4,6,0,39,2,-1.3410121959379657
4,6,0,39,3,-1.3409787374297906
4,6,0,39,4,-1.34096413089236
4,6,0,39,5,-1.340970145475542
4,6,0,39,6,-1.34099839965644
4,6,0,39,7,-1.3410524171042764
4,6,0,39,8,-1.3411315543813505
4,6,0,39,9,-1.3412327001019362
4,6,0,39,10,-1.3413633152231481
4,6,0,39,11,-1.3415155445647469
4,6,0,39,12,-1.3416955988902373
4,6,0,39,13,-1.3418617347634225
4,6,0,40,1,-1.3409424351326846
4,6,0,40,2,-1.3408384302208982
4,6,0,40,3,-1.3407815606277131
4,6,0,40,4,-1.3407497338433416
4,6,0,40,5,-1.3407391096461598
4,6,0,40,6,-1.3407490332440637
4,6,0,40,7,-1.3407772458727567
4,6,0,40,8,-1.3408087338786936
4,6,0,40,9,-1.340825168779806
4,6,0,40,10,-1.3407628241802318
4,6,0,40,11,-1.3408004659384893
4,6,0,41,2,-1.3406273668198443
4,6,0,41,3,-1.3405691880576043
4,6,0,41,4,-1.3405240022736336
4,6,0,41,5,-1.3404948061209485
4,6,0,41,6,-1.3404744008807876
4,6,0,41,7,-1.3404504811584126
4,6,0,41,8,-1.3403900149719736
4,6,0,41,9,-1.3400151591963954
4,6,0,42,2,-1.340484317464049
4,6,0,42,3,-1.34034693907678
4,6,0,42,4,-1.3402649704162295
4,6,0,42,5,-1.3401964363541916
4,6,0,42,6,-1.3401199627391276
4,6,0,42,7,-1.3399894100268295
4,6,0,43,3,-1.3400273757090684
4,6,0,43,4,-1.3399214849382448
4,6,0,43,5,-1.339775074673416
4,6,0,43,6,-1.3395114417120555
4,6,0,44,3,-1.339757637881849
4,6,0,44,4,-1.339463125764392
4,7,0,10,55,-1.3333604404554051
4,7,0,11,54,-1.3333668145500746
4,7,0,12,9,-1.3316995647377325
4,7,0,12,53,-1.3333759327904073
4,7,0,13,9,-1.3316296533091172
4,7,0,13,52,-1.3333883796664736
4,7,0,14,10,-1.3316423141412332
4,7,0,14,11,-1.331727715281518
4,7,0,14,12,-1.3318166260231146
4,7,0,14,13,-1.3319085569559534
4,7,0,14,14,-1.3320033422013973
4,7,0,14,15,-1.3321011010069865
4,7,0,14,52,-1.333395886851113
4,7,0,15,16,-1.3321696519307427
4,7,0,15,45,-1.3335527730777934
4,7,0,15,46,-1.3335208710101343
4,7,0,15,47,-1.3334927524943991
4,7,0,15,48,-1.3334680091342
4,7,0,15,49,-1.3334465692575144
4,7,0,15,50,-1.3334284771965936
4,7,0,15,51,-1.33341419798175
4,7,0,16,17,-1.3322552242584622
4,7,0,16,18,-1.3323737710916976
4,7,0,16,45,-1.3335800851422914
4,7,0,16,51,-1.3334250950905133
4,7,0,17,19,-1.3324901821118604
4,7,0,17,44,-1.3336554509954057
4,7,0,18,20,-1.3326282012386892
4,7,0,18,45,-1.3336336512587246
4,7,0,19,21,-1.332790346522179
4,7,0,19,42,-1.333872560017479
4,7,0,19,43,-1.3337888837634715
4,7,0,19,44,-1.333717001648273
4,7,0,20,3,-1.3305424079760804
4,7,0,20,22,-1.3329793664951346
4,7,0,20,42,-1.3339218298869056
4,7,0,21,3,-1.330458784524312
4,7,0,21,4,-1.3305154082327253
4,7,0,21,23,-1.3331983013882844
4,7,0,21,24,-1.3333749037836296
4,7,0,21,41,-1.3341060725841212
4,7,0,22,3,-1.330328658335335
4,7,0,22,4,-1.3303838161906518
4,7,0,22,25,-1.333642008443222
4,7,0,22,38,-1.3347500798266418
4,7,0,22,39,-1.3346668470977459
4,7,0,22,40,-1.334573428883716
4,7,0,23,2,-1.3300445423414722
4,7,0,23,3,-1.330153487224991
4,7,0,23,4,-1.3302370691676364
4,7,0,23,5,-1.3303255238861103
4,7,0,23,26,-1.3339474441764896
4,7,0,23,37,-1.3350553531984923
4,7,0,24,2,-1.3299456936966418
4,7,0,24,3,-1.330013769410042
4,7,0,24,4,-1.3300955447984506
4,7,0,24,5,-1.330186349161362
4,7,0,24,6,-1.3302869600249052
4,7,0,24,7,-1.330397537141913
4,7,0,24,27,-1.3342960670416082
4,7,0,24,28,-1.334502377434596
4,7,0,24,35,-1.3353674785185228
4,7,0,24,36,-1.3353689572853131
4,7,0,25,1,-1.3296893121519548
4,7,0,25,2,-1.3297888565517648
4,7,0,25,3,-1.3298704414830966
4,7,0,25,4,-1.3299550812602934
4,7,0,25,5,-1.3300474875888388
4,7,0,25,6,-1.3301495451280625
4,7,0,25,7,-1.3302621977216935
4,7,0,25,8,-1.3303862708900793
4,7,0,25,9,-1.3305214176320137
4,7,0,25,10,-1.3306686530948688
4,7,0,25,29,-1.3349113657087481
4,7,0,25,30,-1.3351102922649645
4,7,0,25,34,-1.3356442493386074
4,7,0,26,1,-1.3295998408197918
4,7,0,26,2,-1.329660047514112
4,7,0,26,3,-1.3297341339038176
4,7,0,26,4,-1.3298169523169292
4,7,0,26,5,-1.32990909348643
4,7,0,26,6,-1.3300116644111564
4,7,0,26,7,-1.3301255683420248
4,7,0,26,8,-1.3302515292614658
4,7,0,26,9,-1.3303899871480172
4,7,0,26,10,-1.3305416723805628
4,7,0,26,11,-1.3307073309190705
4,7,0,26,12,-1.3308866614752701
4,7,0,26,31,-1.335578700213115
4,7,0,26,32,-1.3357540126607774
4,7,0,26,33,-1.3358980323760206
4,7,0,27,0,-1.3293777004627634
4,7,0,27,1,-1.3294602286912474
4,7,0,27,2,-1.3295274272124051
4,7,0,27,3,-1.3295991643786216
4,7,0,27,4,-1.3296796119509469
4,7,0,27,5,-1.3297703905101026
4,7,0,27,6,-1.3298725731278562
4,7,0,27,7,-1.3299870086397296
4,7,0,27,8,-1.33011442783693
4,7,0,27,9,-1.3302554795658406
4,7,0,27,10,-1.3304108761785027
4,7,0,27,11,-1.3305813376048192
4,7,0,27,12,-1.3307675306271642
4,7,0,27,32,-1.336109143832774
4,7,0,28,0,-1.3293052263572906
4,7,0,28,1,-1.3293460012419316
4,7,0,28,2,-1.329400331198507
4,7,0,28,3,-1.3294655749862538
4,7,0,28,4,-1.329542046800877
4,7,0,28,5,-1.3296304001944863
4,7,0,28,6,-1.329731345842408
4,7,0,28,7,-1.3298455888784009
4,7,0,28,8,-1.3299738314415996
4,7,0,28,9,-1.3301167796150561
4,7,0,28,10,-1.3302751745357766
4,7,0,28,11,-1.3304497766570447
4,7,0,28,12,-1.3306413474780312
4,7,0,28,13,-1.3308506252439742
4,7,0,28,32,-1.3365044242742654
4,7,0,28,33,-1.3367167021714765
4,7,0,29,0,-1.3292020277137415
4,7,0,29,1,-1.3292282720203892
4,7,0,29,2,-1.3292723789397585
4,7,0,29,3,-1.329330850520211
4,7,0,29,4,-1.3294027031556244
4,7,0,29,5,-1.3294879294768445
4,7,0,29,6,-1.3295869335784727
4,7,0,29,7,-1.3297002908666482
4,7,0,29,8,-1.3298286673944142
4,7,0,29,9,-1.3299727871327804
4,7,0,29,10,-1.330133426079349
4,7,0,29,11,-1.3303114103459945
4,7,0,29,12,-1.3305076323356355
4,7,0,29,13,-1.3307230664914402
4,7,0,29,31,-1.3366481933508496
4,7,0,30,0,-1.3290826317310147
4,7,0,30,1,-1.329102730267901
4,7,0,30,2,-1.3291401190634013
4,7,0,30,3,-1.329192836615178
4,7,0,30,4,-1.329260085690169
4,7,0,30,5,-1.329341788027007
4,7,0,30,6,-1.3294382764669335
4,7,0,30,7,-1.3295500927436525
4,7,0,30,8,-1.3296778983259863
4,7,0,30,9,-1.3298224310133868
4,7,0,30,10,-1.329984493406603
4,7,0,30,11,-1.330164968752115
4,7,0,30,12,-1.330364878069806
4,7,0,30,13,-1.330585468928384
4,7,0,30,31,-1.337067115950986
4,7,0,31,0,-1.3289531802978873
4,7,0,31,1,-1.3289699450820043
4,7,0,31,2,-1.3290025871774032
4,7,0,31,3,-1.3290503811658514
4,7,0,31,4,-1.3291131115944312
4,7,0,31,5,-1.32919096283464
4,7,0,31,6,-1.3292843957842075
4,7,0,31,7,-1.3293940220179299
4,7,0,31,8,-1.329520540104836
4,7,0,31,9,-1.3296647017364052
4,7,0,31,10,-1.329827309405605
4,7,0,31,11,-1.3300092545235627
4,7,0,31,12,-1.3302116128967112
4,7,0,31,13,-1.3304357941142844
4,7,0,31,30,-1.3370957266715244
4,7,0,32,0,-1.3288170029314506
4,7,0,32,1,-1.3288313260004416
4,7,0,32,2,-1.3288599597504025
4,7,0,32,3,-1.328903077892957
4,7,0,32,4,-1.3289611104088257
4,7,0,32,5,-1.3290346539109372
4,7,0,32,6,-1.3291244218557539
4,7,0,32,7,-1.329231173068763
4,7,0,32,8,-1.3293556751741589
4,7,0,32,9,-1.3294986832904716
4,7,0,32,10,-1.3296609498235112
4,7,0,32,11,-1.3298432871224097
4,7,0,32,12,-1.3300466926412962
4,7,0,32,13,-1.330272460851548
4,7,0,32,14,-1.3305221122022404
4,7,0,32,30,-1.3375180074556228
4,7,0,33,0,-1.3286765369210476
4,7,0,33,1,-1.3286884360174305
4,7,0,33,2,-1.3287129033802467
4,7,0,33,3,-1.3287509477675625
4,7,0,33,4,-1.3288036895635462
4,7,0,33,5,-1.3288722147196783
4,7,0,33,6,-1.3289575604096129
4,7,0,33,7,-1.3290606829461866
4,7,0,33,8,-1.3291824386199187
4,7,0,33,9,-1.329323562464383
4,7,0,33,10,-1.3294846810250442
4,7,0,33,11,-1.32966641020156
4,7,0,33,12,-1.3298695743191855
4,7,0,33,13,-1.3300954331509889
4,7,0,33,14,-1.3303458555846392
4,7,0,33,30,-1.3379917139841044
4,7,0,33,31,-1.3384992920004781
4,7,0,33,32,-1.3389386245864294
4,7,0,33,33,-1.3393085229154498
4,7,0,34,0,-1.3285342016722017
4,7,0,34,1,-1.3285430135956933
4,7,0,34,2,-1.328562323616679
4,7,0,34,3,-1.3285942066538592
4,7,0,34,4,-1.3286405747844907
4,7,0,34,5,-1.3287030462422862
4,7,0,34,6,-1.3287830139190653
4,7,0,34,7,-1.3288816648314477
4,7,0,34,8,-1.3289999642164905
4,7,0,34,9,-1.3291386003649217
4,7,0,34,10,-1.3292979617864533
4,7,0,34,11,-1.329478255475467
4,7,0,34,12,-1.3296799228593033
4,7,0,34,13,-1.3299040261310988
4,7,0,34,14,-1.3301525448097065
4,7,0,34,15,-1.3304281355024261
4,7,0,34,30,-1.3384682452404946
4,7,0,34,31,-1.338996699769958
4,7,0,34,33,-1.3398177860147202
4,7,0,35,0,-1.3283930796759078
4,7,0,35,1,-1.3283971245781014
4,7,0,35,2,-1.3284092214498238
4,7,0,35,3,-1.328433065214348
4,7,0,35,4,-1.3284714443625554
4,7,0,35,5,-1.3285264709229878
4,7,0,35,6,-1.3285998731345459
4,7,0,35,7,-1.3286930989210717
4,7,0,35,8,-1.3288072778754905
4,7,0,35,9,-1.3289430615633504
4,7,0,35,10,-1.3291004673767046
4,7,0,35,11,-1.3292788822046926
4,7,0,35,12,-1.3294779944913235
4,7,0,35,13,-1.3296983838412924
4,7,0,35,14,-1.3299423766283598
4,7,0,35,15,-1.3302128700760352
4,7,0,35,16,-1.3305150128587482
4,7,0,35,19,-1.3316378136536955
4,7,0,35,20,-1.3320979409023834
4,7,0,35,21,-1.3326099087214187
4,7,0,35,23,-1.3338198601015465
4,7,0,35,24,-1.3345068841360994
4,7,0,35,25,-1.3352445099666046
4,7,0,35,33,-1.340278706892061
4,7,0,36,0,-1.3282579332745739
4,7,0,36,1,-1.328253210485424
4,7,0,36,2,-1.3282544188529546
4,7,0,36,3,-1.3282674700912465
4,7,0,36,4,-1.3282957517728147
4,7,0,36,5,-1.328341608227104
4,7,0,36,6,-1.328406996777541
4,7,0,36,7,-1.3284936774857177
4,7,0,36,8,-1.3286031055734497
4,7,0,36,9,-1.328736041867275
4,7,0,36,10,-1.3288921156185203
4,7,0,36,11,-1.329068963672676
4,7,0,36,12,-1.3292649458889452
4,7,0,36,13,-1.3294793150503503
4,7,0,36,14,-1.3297159180296998
4,7,0,36,15,-1.329976201062226
4,7,0,36,16,-1.3302652100758166
4,7,0,36,17,-1.3305922089949733
4,7,0,36,18,-1.3309630114791058
4,7,0,36,22,-1.3330224324235256
4,7,0,36,23,-1.3337269271351977
4,7,0,36,26,-1.3362343863324961
4,7,0,36,27,-1.337104723579624
4,7,0,36,32,-1.3403639695984282
4,7,0,36,33,-1.3407244022775746
4,7,0,37,0,-1.3281375257829025
4,7,0,37,1,-1.3281133875816007
4,7,0,37,2,-1.328097815165759
4,7,0,37,3,-1.328096720652312
4,7,0,37,4,-1.3281125649476442
4,7,0,37,5,-1.328147299969196
4,7,0,37,6,-1.3282029172733465
4,7,0,37,7,-1.328281605770313
4,7,0,37,8,-1.3283855384814327
4,7,0,37,9,-1.3285160164683618
4,7,0,37,10,-1.3286731332108226
4,7,0,37,11,-1.3288500585721637
4,7,0,37,12,-1.329043664690269
4,7,0,37,13,-1.329248090528477
4,7,0,37,14,-1.3294636404319957
4,7,0,37,15,-1.3297004770549306
4,7,0,37,16,-1.3299715871250521
4,7,0,37,17,-1.3302862807850317
4,7,0,37,28,-1.338240392801201
4,7,0,37,29,-1.3390875152892063
4,7,0,37,30,-1.3398036918631053
4,7,0,37,31,-1.3403787680316268
4,7,0,37,32,-1.3408233575191266
4,7,0,38,0,-1.3280512690200643
4,7,0,38,1,-1.3279750172358264
4,7,0,38,2,-1.327936771058185
4,7,0,38,3,-1.3279190995866426
4,7,0,38,4,-1.3279205589570682
4,7,0,38,5,-1.327942190295794
4,7,0,38,6,-1.3279858564185225
4,7,0,38,7,-1.3280543878008577
4,7,0,38,8,-1.3281515351898552
4,7,0,38,9,-1.3282794743647939
4,7,0,38,10,-1.3284330538218523
4,7,0,38,11,-1.3286022064032768
4,7,0,38,12,-1.3287866153998174
4,7,0,38,13,-1.3289754245242038
4,7,0,38,14,-1.329161985167358
4,7,0,38,15,-1.3293437294920292
4,7,0,39,1,-1.3278086478201898
4,7,0,39,2,-1.3277651670943451
4,7,0,39,3,-1.3277323823123934
4,7,0,39,4,-1.327718447924723
4,7,0,39,5,-1.3277251230189917
4,7,0,39,6,-1.3277540211346968
4,7,0,39,7,-1.327808652337012
4,7,0,39,8,-1.3278884127172776
4,7,0,39,9,-1.3279903013633894
4,7,0,39,10,-1.328121791834855
4,7,0,39,11,-1.3282748715217108
4,7,0,39,12,-1.328455567070604
4,7,0,39,13,-1.3286225164382577
4,7,0,40,1,-1.327695763618981
4,7,0,40,2,-1.3275928775018928
4,7,0,40,3,-1.327536844003588
4,7,0,40,4,-1.327505787605639
4,7,0,40,5,-1.327495903109417
4,7,0,40,6,-1.327506540341818
4,7,0,40,7,-1.3275354943482114
4,7,0,40,8,-1.327567969401709
4,7,0,40,9,-1.3275859155008602
4,7,0,40,10,-1.32752635545787
4,7,0,40,11,-1.3275660245766687
4,7,0,41,2,-1.3273837350559166
4,7,0,41,3,-1.3273263366626307
4,7,0,41,4,-1.3272819835352243
4,7,0,41,5,-1.3272536242291273
4,7,0,41,6,-1.3272341171088349
4,7,0,41,7,-1.3272113310000186
4,7,0,41,8,-1.3271526473727446
4,7,0,41,9,-1.326783280871377
4,7,0,42,2,-1.3272419887476175
4,7,0,42,3,-1.327106123107349
4,7,0,42,4,-1.3270252829488756
4,7,0,42,5,-1.3269579090322345
4,7,0,42,6,-1.326882801127538
4,7,0,42,7,-1.3267543009367453
4,7,0,43,3,-1.3267896681140776
4,7,0,43,4,-1.3266850652216977
4,7,0,43,5,-1.3265405341673935
4,7,0,43,6,-1.3262800835631003
4,7,0,44,3,-1.3265225704491677
4,7,0,44,4,-1.3262312255921482
4,8,0,10,55,-1.320269168647024
4,8,0,11,54,-1.3202754512348565
4,8,0,12,9,-1.3185928493020718
4,8,0,12,53,-1.3202844301258874
4,8,0,13,9,-1.3185229017849038
4,8,0,13,52,-1.320296662073412
4,8,0,14,10,-1.3185355539144936
4,8,0,14,11,-1.3186209613454447
4,8,0,14,12,-1.3187098753972613
4,8,0,14,13,-1.3188018095324416
4,8,0,14,14,-1.318896596922538
4,8,0,14,15,-1.3189943527177634
4,8,0,14,52,-1.320304156518106
4,8,0,15,16,-1.3190626645075825
4,8,0,15,45,-1.320457191085767
4,8,0,15,46,-1.3204260710068165
4,8,0,15,47,-1.3203986548817568
4,8,0,15,48,-1.32037453810324
4,8,0,15,49,-1.320353649546682
4,8,0,15,50,-1.3203360321829067
4,8,0,15,51,-1.3203221448953455
4,8,0,16,17,-1.3191479131070447
4,8,0,16,18,-1.3192663672961187
4,8,0,16,45,-1.3204842331899291
4,8,0,16,51,-1.32033299728798
4,8,0,17,19,-1.3193822718147152
4,8,0,17,44,-1.3205583067921327
4,8,0,18,20,-1.319519643033754
4,8,0,18,45,-1.3205372779987297
4,8,0,19,21,-1.3196809705446324
4,8,0,19,42,-1.3207718897771479
4,8,0,19,43,-1.3206897360489995
4,8,0,19,44,-1.3206192142808133
4,8,0,20,3,-1.3174378451371027
4,8,0,20,22,-1.3198689729843558
4,8,0,20,42,-1.3208205891944436
4,8,0,21,3,-1.3173545843337717
4,8,0,21,4,-1.3174109940905778
4,8,0,21,23,-1.3200866584593063
4,8,0,21,24,-1.3202627305469015
4,8,0,21,41,-1.3210020662172366
4,8,0,22,3,-1.3172250357617852
4,8,0,22,4,-1.3172799817325962
4,8,0,22,25,-1.3205281782899554
4,8,0,22,38,-1.32163693066194
4,8,0,22,39,-1.3215550386526205
4,8,0,22,40,-1.3214629648651561
4,8,0,23,2,-1.3169421788774565
4,8,0,23,3,-1.3170506580935788
4,8,0,23,4,-1.317133909738218
4,8,0,23,5,-1.317222033246059
4,8,0,23,26,-1.3208316292320763
4,8,0,23,37,-1.32193836108253
4,8,0,24,2,-1.316843807435632
4,8,0,24,3,-1.3169116040651188
4,8,0,24,4,-1.3169930636180285
4,8,0,24,5,-1.3170835346339573
4,8,0,24,6,-1.3171837916162175
4,8,0,24,7,-1.317293994725099
4,8,0,24,27,-1.3211778851677027
4,8,0,24,28,-1.321383314995599
4,8,0,24,35,-1.322246089875021
4,8,0,24,36,-1.3222481317917325
4,8,0,25,1,-1.3165886483074523
4,8,0,25,2,-1.316687739455502
4,8,0,25,3,-1.3167689869583985
4,8,0,25,4,-1.3168533020109967
4,8,0,25,5,-1.3169453743293733
4,8,0,25,6,-1.3170470779081724
4,8,0,25,7,-1.31715934988284
4,8,0,25,8,-1.3172830070154768
4,8,0,25,9,-1.3174177037252965
4,8,0,25,10,-1.317564441862304
4,8,0,25,29,-1.321789337722329
4,8,0,25,30,-1.3219873491208107
4,8,0,25,34,-1.3225194136717082
4,8,0,26,1,-1.3164996496305679
4,8,0,26,2,-1.3165595970817199
4,8,0,26,3,-1.3166333874395153
4,8,0,26,4,-1.3167158954060332
4,8,0,26,5,-1.3168077099488305
4,8,0,26,6,-1.3169099298127769
4,8,0,26,7,-1.3170234503415212
4,8,0,26,8,-1.3171489882274892
4,8,0,26,9,-1.3172869771591604
4,8,0,26,10,-1.3174381368689643
4,8,0,26,11,-1.3176032021775264
4,8,0,26,12,-1.3177818713743554
4,8,0,26,31,-1.3224521407640122
4,8,0,26,32,-1.32262660926337
4,8,0,26,33,-1.3227699961479131
4,8,0,27,0,-1.3162786671689353
4,8,0,27,1,-1.3163607896028755
4,8,0,27,2,-1.3164276978615508
4,8,0,27,3,-1.3164991536991542
4,8,0,27,4,-1.3165793087299176
4,8,0,27,5,-1.3166697729495325
4,8,0,27,6,-1.316771611134798
4,8,0,27,7,-1.3168856638777033
4,8,0,27,8,-1.3170126545375833
4,8,0,27,9,-1.3171532233956398
4,8,0,27,10,-1.3173080720348433
4,8,0,27,11,-1.3174779092995739
4,8,0,27,12,-1.3176633920632033
4,8,0,27,32,-1.3229783222594638
4,8,0,28,0,-1.316206624664912
4,8,0,28,1,-1.3162472188330812
4,8,0,28,2,-1.3163013312374499
4,8,0,28,3,-1.3163663319231205
4,8,0,28,4,-1.3164425371410517
4,8,0,28,5,-1.3165305938163083
4,8,0,28,6,-1.3166312059242327
4,8,0,28,7,-1.316745070803388
4,8,0,28,8,-1.3168728830392056
4,8,0,28,9,-1.317015339246888
4,8,0,28,10,-1.3171731691470874
4,8,0,28,11,-1.31734712143692
4,8,0,28,12,-1.317537946739063
4,8,0,28,13,-1.3177463730150882
4,8,0,28,32,-1.323369852024594
4,8,0,28,33,-1.3235808010963617
4,8,0,29,0,-1.3161040643949098
4,8,0,29,1,-1.3161302071287324
4,8,0,29,2,-1.3161741541536918
4,8,0,29,3,-1.316232422767971
4,8,0,29,4,-1.3163040382616087
4,8,0,29,5,-1.316388989493562
4,8,0,29,6,-1.316487675100752
4,8,0,29,7,-1.3166006631628642
4,8,0,29,8,-1.3167286121377817
4,8,0,29,9,-1.3168722360303535
4,8,0,29,10,-1.3170322987135041
4,8,0,29,11,-1.3172096135851457
4,8,0,29,12,-1.3174050607902765
4,8,0,29,13,-1.317619602350402
4,8,0,29,31,-1.323511527202323
4,8,0,30,0,-1.315985436024894
4,8,0,30,1,-1.3160054675116186
4,8,0,30,2,-1.3160427355629805
4,8,0,30,3,-1.3160952855033021
4,8,0,30,4,-1.316162327561847
4,8,0,30,5,-1.316243779423146
4,8,0,30,6,-1.3163399684246917
4,8,0,30,7,-1.3164514289746645
4,8,0,30,8,-1.3165788148330668
4,8,0,30,9,-1.3167228535063025
4,8,0,30,10,-1.316884334887494
4,8,0,30,11,-1.3170641286079598
4,8,0,30,12,-1.3172632420192567
4,8,0,30,13,-1.3174829077608567
4,8,0,30,31,-1.3239266002498287
4,8,0,31,0,-1.315856848914967
4,8,0,31,1,-1.315873566680695
4,8,0,31,2,-1.3159061175675504
4,8,0,31,3,-1.3159537761290367
4,8,0,31,4,-1.3160163306241406
4,8,0,31,5,-1.3160939592031182
4,8,0,31,6,-1.316187116092502
4,8,0,31,7,-1.3162964050268662
4,8,0,31,8,-1.3164225166503276
4,8,0,31,9,-1.3165661922140441
4,8,0,31,10,-1.3167282212389633
4,8,0,31,11,-1.3169094810571609
4,8,0,31,12,-1.3171110330474765
4,8,0,31,13,-1.3173342704441344
4,8,0,31,30,-1.3239542153537616
4,8,0,32,0,-1.3157216146004034
4,8,0,32,1,-1.3157359068883132
4,8,0,32,2,-1.3157644766720382
4,8,0,32,3,-1.3158074922858902
4,8,0,32,4,-1.3158653830228904
4,8,0,32,5,-1.3159387361593649
4,8,0,32,6,-1.316028256572813
4,8,0,32,7,-1.3161346943559333
4,8,0,32,8,-1.3162588089569294
4,8,0,32,9,-1.31640134518288
4,8,0,32,10,-1.3165630427235449
4,8,0,32,11,-1.3167447001353825
4,8,0,32,12,-1.316947300845263
4,8,0,32,13,-1.3171721242161418
4,8,0,32,14,-1.317420673635893
4,8,0,32,30,-1.3243727336037052
4,8,0,33,0,-1.3155821561554855
4,8,0,33,1,-1.3155940423088917
4,8,0,33,2,-1.3156184764938332
4,8,0,33,3,-1.3156564564168396
4,8,0,33,4,-1.3157090966778953
4,8,0,33,5,-1.3157774702030276
4,8,0,33,6,-1.3158626032445242
4,8,0,33,7,-1.3159654422638019
4,8,0,33,8,-1.3160868351628663
4,8,0,33,9,-1.3162275071707896
4,8,0,33,10,-1.31638807308683
4,8,0,33,11,-1.3165691362114886
4,8,0,33,12,-1.3167715078574318
4,8,0,33,13,-1.3169964329804265
4,8,0,33,14,-1.3172457607887775
4,8,0,33,30,-1.324842286864075
4,8,0,33,31,-1.325346026304134
4,8,0,33,32,-1.3257820413405823
4,8,0,33,33,-1.3261491522750406
4,8,0,34,0,-1.3154408771044945
4,8,0,34,1,-1.3154497005792456
4,8,0,34,2,-1.3154690179446353
4,8,0,34,3,-1.3155008848243976
4,8,0,34,4,-1.31554720131817
4,8,0,34,5,-1.31560956863949
4,8,0,34,6,-1.3156893662979827
4,8,0,34,7,-1.3157877702399696
4,8,0,34,8,-1.3159057371321605
4,8,0,34,9,-1.3160439463885663
4,8,0,34,10,-1.3162027767428082
4,8,0,34,11,-1.3163824253371021
4,8,0,34,12,-1.3165833229941883
4,8,0,34,13,-1.3168065185981344
4,8,0,34,14,-1.3170539719479972
4,8,0,34,15,-1.3173283129102282
4,8,0,34,30,-1.3253147490789052
4,8,0,34,31,-1.325839200957649
4,8,0,34,33,-1.3266540853850914
4,8,0,35,0,-1.3153008372948585
4,8,0,35,1,-1.3153049335343363
4,8,0,35,2,-1.3153170967640888
4,8,0,35,3,-1.3153409890856054
4,8,0,35,4,-1.315379380019326
4,8,0,35,5,-1.3154343610649424
4,8,0,35,6,-1.31550764503197
4,8,0,35,7,-1.3156006675577858
4,8,0,35,8,-1.315714549283546
4,8,0,35,9,-1.3158499340527816
4,8,0,35,10,-1.3160068326757517
4,8,0,35,11,-1.316184627814631
4,8,0,35,12,-1.3163830019347138
4,8,0,35,13,-1.3166025247386828
4,8,0,35,14,-1.3168455013652005
4,8,0,35,15,-1.3171148014537866
4,8,0,35,16,-1.3174155264676775
4,8,0,35,19,-1.3185324860681498
4,8,0,35,20,-1.318989949784529
4,8,0,35,21,-1.3194987804772293
4,8,0,35,23,-1.3207007075842145
4,8,0,35,24,-1.3213828759643622
4,8,0,35,25,-1.3221151197947445
4,8,0,35,33,-1.3271111740428
4,8,0,36,0,-1.3151667609698103
4,8,0,36,1,-1.3151621653168348
4,8,0,36,2,-1.3151635315440293
4,8,0,36,3,-1.3151767195308415
4,8,0,36,4,-1.315205093375959
4,8,0,36,5,-1.3152509759812183
4,8,0,36,6,-1.31531630844678
4,8,0,36,7,-1.3154028373509377
4,8,0,36,8,-1.3155120076623366
4,8,0,36,9,-1.3156445731007849
4,8,0,36,10,-1.3158001601917526
4,8,0,36,11,-1.315976413611521
4,8,0,36,12,-1.3161716945580748
4,8,0,36,13,-1.3163852550052262
4,8,0,36,14,-1.3166209117299348
4,8,0,36,15,-1.3168800949299715
4,8,0,36,16,-1.3171678120085177
4,8,0,36,17,-1.3174932699206112
4,8,0,36,18,-1.317862241862765
4,8,0,36,22,-1.319909247083947
4,8,0,36,23,-1.3206088331038346
4,8,0,36,26,-1.3230974905524002
4,8,0,36,27,-1.3239611631128765
4,8,0,36,32,-1.3271955384999206
4,8,0,36,33,-1.327553251846684
4,8,0,37,0,-1.3150473370918667
4,8,0,37,1,-1.3150234980845716
4,8,0,37,2,-1.3150082269044348
4,8,0,37,3,-1.3150073856054425
4,8,0,37,4,-1.315023420348534
4,8,0,37,5,-1.3150582669772959
4,8,0,37,6,-1.3151139018724876
4,8,0,37,7,-1.3151924989389134
4,8,0,37,8,-1.3152962171244214
4,8,0,37,9,-1.3154263489218327
4,8,0,37,10,-1.3155829843124083
4,8,0,37,11,-1.3157593324203374
4,8,0,37,12,-1.3159522704041324
4,8,0,37,13,-1.3161559716663398
4,8,0,37,14,-1.3163707576211636
4,8,0,37,15,-1.316606724064771
4,8,0,37,16,-1.3168767408350117
4,8,0,37,17,-1.3171900671249768
4,8,0,37,28,-1.3250881319168564
4,8,0,37,29,-1.325928747767373
4,8,0,37,30,-1.3266394241614146
4,8,0,37,31,-1.327210092188241
4,8,0,37,32,-1.327651290357633
4,8,0,38,0,-1.3149618065406505
4,8,0,38,1,-1.3148863231679646
4,8,0,38,2,-1.314848571963899
4,8,0,38,3,-1.3148312902322346
4,8,0,38,4,-1.3148330511721824
4,8,0,38,5,-1.3148548925937864
4,8,0,38,6,-1.3148986633487458
4,8,0,38,7,-1.3149671754911458
4,8,0,38,8,-1.315064156824385
4,8,0,38,9,-1.3151917722054405
4,8,0,38,10,-1.3153449254172254
4,8,0,38,11,-1.315513603263649
4,8,0,38,12,-1.3156974516513231
4,8,0,38,13,-1.3158857048590435
4,8,0,38,14,-1.316071780892484
4,8,0,38,15,-1.3162531725448696
4,8,0,39,1,-1.314721464954933
4,8,0,39,2,-1.314678504696338
4,8,0,39,3,-1.3146462292309087
4,8,0,39,4,-1.314632715078134
4,8,0,39,5,-1.3146397104374694
4,8,0,39,6,-1.3146688168906364
4,8,0,39,7,-1.3147235200535556
4,8,0,39,8,-1.3148032408061945
4,8,0,39,9,-1.3149050537413762
4,8,0,39,10,-1.3150364055359258
4,8,0,39,11,-1.315189234627132
4,8,0,39,12,-1.315369439355395
4,8,0,39,13,-1.3155360587720715
4,8,0,40,1,-1.3146096147305895
4,8,0,40,2,-1.3145078061309061
4,8,0,40,3,-1.3144524797466577
4,8,0,40,4,-1.3144219782850601
4,8,0,40,5,-1.3144125339368913
4,8,0,40,6,-1.3144235047335708
4,8,0,40,7,-1.3144527219449493
4,8,0,40,8,-1.3144855761152177
4,8,0,40,9,-1.3145042551163824
4,8,0,40,10,-1.3144464865286944
4,8,0,40,11,-1.314487076929491
4,8,0,41,2,-1.3143006686721184
4,8,0,41,3,-1.3142439568384932
4,8,0,41,4,-1.3142002561198156
4,8,0,41,5,-1.3141724766924454
4,8,0,41,6,-1.314153544900108
4,8,0,41,7,-1.3141314775527295
4,8,0,41,8,-1.314074031966124
4,8,0,41,9,-1.3137093684739074
4,8,0,42,2,-1.314160284935031
4,8,0,42,3,-1.314025870143157
4,8,0,42,4,-1.3139460150520812
4,8,0,42,5,-1.3138795795973661
4,8,0,42,6,-1.3138055581225365
4,8,0,42,7,-1.3136787705814648
4,8,0,43,3,-1.3137125750493963
4,8,0,43,4,-1.31360915733495
4,8,0,43,5,-1.3134663164989642
4,8,0,43,6,-1.3132088026776378
4,8,0,44,3,-1.3134481561150764
4,8,0,44,4,-1.3131598919992613
4,9,0,10,55,-1.307307527295376
4,9,0,11,54,-1.3073137276490268
4,9,0,12,9,-1.305627513990165
4,9,0,12,53,-1.3073225810154547
4,9,0,13,9,-1.3055578243929455
4,9,0,13,52,-1.3073346224811537
4,9,0,14,10,-1.3055704088417133
4,9,0,14,11,-1.305655467805278
4,9,0,14,12,-1.305744017380742
4,9,0,14,13,-1.3058355747349315
4,9,0,14,14,-1.3059299733533445
4,9,0,14,15,-1.3060273258260182
4,9,0,14,52,-1.3073420785043106
4,9,0,15,16,-1.3060951939165601
4,9,0,15,45,-1.307491921384691
4,9,0,15,46,-1.3074614506903197
4,9,0,15,47,-1.3074346163630155
4,9,0,15,48,-1.3074110167920459
4,9,0,15,49,-1.307390580942427
4,9,0,15,50,-1.3073733507720189
4,9,0,15,51,-1.3073597799849628
4,9,0,16,17,-1.3061798752825118
4,9,0,16,18,-1.306297786772351
4,9,0,16,45,-1.3075186779321473
4,9,0,16,51,-1.3073705598326344
4,9,0,17,19,-1.306412886365072
4,9,0,17,44,-1.3075915964218234
4,9,0,18,20,-1.306549278738888
4,9,0,18,45,-1.3075711686451248
4,9,0,19,21,-1.3067094271370627
4,9,0,19,42,-1.3078019959727167
4,9,0,19,43,-1.3077211767212773
4,9,0,19,44,-1.3076518386028793
4,9,0,20,3,-1.3044785041797857
4,9,0,20,22,-1.3068960217452614
4,9,0,20,42,-1.3078501300723275
4,9,0,21,3,-1.3043957995993523
4,9,0,21,4,-1.3044518491073607
4,9,0,21,23,-1.3071120393602653
4,9,0,21,24,-1.3072870784087132
4,9,0,21,41,-1.3080290733025404
4,9,0,22,3,-1.304267125361409
4,9,0,22,4,-1.3043217176778354
4,9,0,22,25,-1.3075504206367958
4,9,0,22,38,-1.3086554777506325
4,9,0,22,39,-1.308574782568748
4,9,0,22,40,-1.3084839441894192
4,9,0,23,2,-1.303986180412008
4,9,0,23,3,-1.3040939354182042
4,9,0,23,4,-1.304176645754318
4,9,0,23,5,-1.3042642059737668
4,9,0,23,26,-1.3078514140369666
4,9,0,23,37,-1.3089532514330413
4,9,0,24,2,-1.3038884975432499
4,9,0,24,3,-1.303955847671653
4,9,0,24,4,-1.304036781223261
4,9,0,24,5,-1.3041266771613702
4,9,0,24,6,-1.3042263040780548
4,9,0,24,7,-1.3043358219009313
4,9,0,24,27,-1.3081948081927817
4,9,0,24,28,-1.3083988818635934
4,9,0,24,35,-1.3092569367210647
4,9,0,24,36,-1.309259351824589
4,9,0,25,1,-1.3036351178360395
4,9,0,25,2,-1.3037335300110433
4,9,0,25,3,-1.3038142402787372
4,9,0,25,4,-1.3038980120390493
4,9,0,25,5,-1.3039895012128833
4,9,0,25,6,-1.3040905676275587
4,9,0,25,7,-1.3042021408150637
4,9,0,25,8,-1.3043250294624233
4,9,0,25,9,-1.3044588903826866
4,9,0,25,10,-1.3046047138201706
4,9,0,25,29,-1.3088014413254754
4,9,0,25,30,-1.3089981118949792
4,9,0,25,34,-1.3095269842490502
4,9,0,26,1,-1.3035467674782133
4,9,0,26,2,-1.3036063125871498
4,9,0,26,3,-1.3036796208049823
4,9,0,26,4,-1.3037616009819866
4,9,0,26,5,-1.3038528369695044
4,9,0,26,6,-1.3039544183426885
4,9,0,26,7,-1.3040672324675415
4,9,0,26,8,-1.3041919889675868
4,9,0,26,9,-1.3043291162204198
4,9,0,26,10,-1.304479325072981
4,9,0,26,11,-1.304643341126205
4,9,0,26,12,-1.3048208636831493
4,9,0,26,31,-1.3094588137016727
4,9,0,26,32,-1.3096320877114236
4,9,0,26,33,-1.3097745396831715
4,9,0,27,0,-1.3033273866249881
4,9,0,27,1,-1.3034089281047698
4,9,0,27,2,-1.3034753866822473
4,9,0,27,3,-1.3035463790181874
4,9,0,27,4,-1.3036260257418526
4,9,0,27,5,-1.303715923624342
4,9,0,27,6,-1.3038171281800846
4,9,0,27,7,-1.3039304720482479
4,9,0,27,8,-1.3040566712603356
4,9,0,27,9,-1.3041963585776803
4,9,0,27,10,-1.3043502267355944
4,9,0,27,11,-1.3045189755615918
4,9,0,27,12,-1.3047032535674976
4,9,0,27,32,-1.309980271530348
4,9,0,28,0,-1.3032558984568832
4,9,0,28,1,-1.30329621707068
4,9,0,28,2,-1.3033499758200895
4,9,0,28,3,-1.3034145624045244
4,9,0,28,4,-1.3034902906075847
4,9,0,28,5,-1.3035778009310828
4,9,0,28,6,-1.3036777905125732
4,9,0,28,7,-1.3037909495407571
4,9,0,28,8,-1.303917965234391
4,9,0,28,9,-1.3040595258991123
4,9,0,28,10,-1.3042163519486885
4,9,0,28,11,-1.3043891825710627
4,9,0,28,12,-1.3045787591130853
4,9,0,28,13,-1.3047858004126387
4,9,0,28,32,-1.3103679142365068
4,9,0,28,33,-1.3105772319927693
4,9,0,29,0,-1.3031541417304655
4,9,0,29,1,-1.3031801157035212
4,9,0,29,2,-1.3032237853803155
4,9,0,29,3,-1.3032816915171213
4,9,0,29,4,-1.3033528662597715
4,9,0,29,5,-1.303437296586622
4,9,0,29,6,-1.3035353763133386
4,9,0,29,7,-1.303647667121176
4,9,0,29,8,-1.3037748201573338
4,9,0,29,9,-1.3039175407230121
4,9,0,29,10,-1.3040765828597345
4,9,0,29,11,-1.3042527496935694
4,9,0,29,12,-1.304446910798552
4,9,0,29,13,-1.3046600168556113
4,9,0,29,31,-1.3105077029804275
4,9,0,30,0,-1.3030364603157376
4,9,0,30,1,-1.3030563688751386
4,9,0,30,2,-1.3030934105371845
4,9,0,30,3,-1.3031456426466494
4,9,0,30,4,-1.3032122806844335
4,9,0,30,5,-1.3032932406365054
4,9,0,30,6,-1.3033888452955742
4,9,0,30,7,-1.3034996227488977
4,9,0,30,8,-1.3036262193278845
4,9,0,30,9,-1.3037693535492847
4,9,0,30,10,-1.3039298050491297
4,9,0,30,11,-1.3041084324915049
4,9,0,30,12,-1.3043062313622287
4,9,0,30,13,-1.3045244203870712
4,9,0,30,31,-1.3109187459138818
4,9,0,31,0,-1.3029089189694063
4,9,0,31,1,-1.3029255394944665
4,9,0,31,2,-1.3029579011813817
4,9,0,31,3,-1.303005281324643
4,9,0,31,4,-1.3030674688424941
4,9,0,31,5,-1.3031446378655756
4,9,0,31,6,-1.3032372368645748
4,9,0,31,7,-1.3033458625998575
4,9,0,31,8,-1.3034711979312728
4,9,0,31,9,-1.3036139749265083
4,9,0,31,10,-1.3037749727077295
4,9,0,31,11,-1.3039550573967242
4,9,0,31,12,-1.3041552778974421
4,9,0,31,13,-1.3043770120419453
4,9,0,31,30,-1.3109456230750691
4,9,0,32,0,-1.3027748048131012
4,9,0,32,1,-1.3027890196439922
4,9,0,32,2,-1.302817433058011
4,9,0,32,3,-1.3028602091306618
4,9,0,32,4,-1.3029177725754417
4,9,0,32,5,-1.3029907031423107
4,9,0,32,6,-1.303079697792668
4,9,0,32,7,-1.303185498454801
4,9,0,32,8,-1.3033088562831574
4,9,0,32,9,-1.3034505069012299
4,9,0,32,10,-1.3036111799540318
4,9,0,32,11,-1.3037916633333815
4,9,0,32,12,-1.3039929286041079
4,9,0,32,13,-1.3042162409190876
4,9,0,32,14,-1.304463087194113
4,9,0,32,30,-1.311360164369491
4,9,0,33,0,-1.3026365223943897
4,9,0,33,1,-1.3026483517631027
4,9,0,33,2,-1.3026726651925333
4,9,0,33,3,-1.3027104492107178
4,9,0,33,4,-1.3027628079963862
4,9,0,33,5,-1.302830802771447
4,9,0,33,6,-1.3029154491603303
4,9,0,33,7,-1.303017683939869
4,9,0,33,8,-1.3031383461590489
4,9,0,33,9,-1.3032781521783212
4,9,0,33,10,-1.3034377078226262
4,9,0,33,11,-1.3036176072772883
4,9,0,33,12,-1.3038186513609358
4,9,0,33,13,-1.304042071154175
4,9,0,33,14,-1.3042896964055588
4,9,0,33,30,-1.3118253052715083
4,9,0,33,31,-1.3123246783844311
4,9,0,33,32,-1.3127569144023734
4,9,0,33,33,-1.3131208440931486
4,9,0,34,0,-1.3024964557774803
4,9,0,34,1,-1.3025052498174985
4,9,0,34,2,-1.302524491908379
4,9,0,34,3,-1.3025562171269556
4,9,0,34,4,-1.3026023082319542
4,9,0,34,5,-1.3026643501743436
4,9,0,34,6,-1.3027437089094387
4,9,0,34,7,-1.3028415489940715
4,9,0,34,8,-1.3029588176396976
4,9,0,34,9,-1.3030961860733452
4,9,0,34,10,-1.3032540261635053
4,9,0,34,11,-1.303432529258372
4,9,0,34,12,-1.303632118734073
4,9,0,34,13,-1.3038538313286216
4,9,0,34,14,-1.3040996068562292
4,9,0,34,15,-1.3043720485378085
4,9,0,34,30,-1.3122933918812816
4,9,0,34,31,-1.312813281361403
4,9,0,34,33,-1.3136210770727679
4,9,0,35,0,-1.302357638601479
4,9,0,35,1,-1.3023617487165597
4,9,0,35,2,-1.302373901566977
4,9,0,35,3,-1.3023977239778637
4,9,0,35,4,-1.3024359603786007
4,9,0,35,5,-1.3024906818569022
4,9,0,35,6,-1.3025635850369757
4,9,0,35,7,-1.3026560923380552
4,9,0,35,8,-1.3027693140395447
4,9,0,35,9,-1.3029038865969733
4,9,0,35,10,-1.303059817327603
4,9,0,35,11,-1.3032364897937319
4,9,0,35,12,-1.3034335848871959
4,9,0,35,13,-1.3036516642061062
4,9,0,35,14,-1.3038930105551563
4,9,0,35,15,-1.3041604654005337
4,9,0,35,16,-1.3044590816820243
4,9,0,35,19,-1.3055678892299172
4,9,0,35,20,-1.3060218623893027
4,9,0,35,21,-1.3065267125512339
4,9,0,35,23,-1.307718888663877
4,9,0,35,24,-1.3083953497621206
4,9,0,35,25,-1.3091213681589642
4,9,0,35,33,-1.3140739621097435
4,9,0,36,0,-1.3022247528379387
4,9,0,36,1,-1.3022202521241728
4,9,0,36,2,-1.3022217071910005
4,9,0,36,3,-1.3022349222835847
4,9,0,36,4,-1.3022632313078975
4,9,0,36,5,-1.3023089351462702
4,9,0,36,6,-1.302373957209273
4,9,0,36,7,-1.3024600287919839
4,9,0,36,8,-1.3025685824616215
4,9,0,36,9,-1.302700364459553
4,9,0,36,10,-1.3028550016367646
4,9,0,36,11,-1.3030301538928741
4,9,0,36,12,-1.3032241906842303
4,9,0,36,13,-1.3034363668028068
4,9,0,36,14,-1.3036704651695885
4,9,0,36,15,-1.3039279006221183
4,9,0,36,16,-1.3042136376744802
4,9,0,36,17,-1.3045368119564733
4,9,0,36,18,-1.3049031495609869
4,9,0,36,22,-1.3069342659807202
4,9,0,36,23,-1.3076280444454673
4,9,0,36,26,-1.3100952589408
4,9,0,36,27,-1.3109513905486951
4,9,0,36,32,-1.3141574411590344
4,9,0,36,33,-1.3145120254309879
4,9,0,37,0,-1.3021064072796493
4,9,0,37,1,-1.3020828450077009
4,9,0,37,2,-1.3020678167287305
4,9,0,37,3,-1.3020671300343543
4,9,0,37,4,-1.3020832101073208
4,9,0,37,5,-1.3021179751693157
4,9,0,37,6,-1.3021733842835945
4,9,0,37,7,-1.302251593247918
4,9,0,37,8,-1.3023547435939955
4,9,0,37,9,-1.302484117245602
4,9,0,37,10,-1.302639801989252
4,9,0,37,11,-1.3028150592264007
4,9,0,37,12,-1.3030067827019205
4,9,0,37,13,-1.3032091908271959
4,9,0,37,14,-1.3034226136567666
4,9,0,37,15,-1.3036570651388628
4,9,0,37,16,-1.3039252931705807
4,9,0,37,17,-1.304236488965889
4,9,0,37,28,-1.3120685368038096
4,9,0,37,29,-1.312901758843173
4,9,0,37,30,-1.3136061708570603
4,9,0,37,31,-1.3141718049088735
4,9,0,37,32,-1.3146091165301625
4,9,0,38,0,-1.3020216617082703
4,9,0,38,1,-1.301946947220935
4,9,0,38,2,-1.301909646781966
4,9,0,38,3,-1.3018926686953864
4,9,0,38,4,-1.3018946012357395
4,9,0,38,5,-1.3019164743223386
4,9,0,38,6,-1.301960120919045
4,9,0,38,7,-1.302028330252619
4,9,0,38,8,-1.302124801157679
4,9,0,38,9,-1.3022516829339992
4,9,0,38,10,-1.3024039332828226
4,9,0,38,11,-1.302571613276834
4,9,0,38,12,-1.3027543488729836
4,9,0,38,13,-1.302941473107614
4,9,0,38,14,-1.303126471242953
4,9,0,38,15,-1.3033068822141085
4,9,0,39,1,-1.3017836681788006
4,9,0,39,2,-1.3017411951614526
4,9,0,39,3,-1.3017093564136635
4,9,0,39,4,-1.3016961481399545
4,9,0,39,5,-1.3017033029623377
4,9,0,39,6,-1.3017324084689128
4,9,0,39,7,-1.3017869212966438
4,9,0,39,8,-1.30186627934264
4,9,0,39,9,-1.3019676138227776
4,9,0,39,10,-1.3020983237724426
4,9,0,39,11,-1.302250353474406
4,9,0,39,12,-1.3024295020453547
4,9,0,39,13,-1.3025952166097703
4,9,0,40,1,-1.3016728943103626
4,9,0,40,2,-1.3015721469125938
4,9,0,40,3,-1.3015174698572487
4,9,0,40,4,-1.3014874246109631
4,9,0,40,5,-1.3014782802257339
4,9,0,40,6,-1.3014894007361562
4,9,0,40,7,-1.301518647955806
4,9,0,40,8,-1.3015515832446178
4,9,0,40,9,-1.301570609206607
4,9,0,40,10,-1.3015141289737622
4,9,0,40,11,-1.3015550813575587
4,9,0,41,2,-1.3013670564135849
4,9,0,41,3,-1.3013109872808717
4,9,0,41,4,-1.3012678553883972
4,9,0,41,5,-1.3012405355138914
4,9,0,41,6,-1.301222021972312
4,9,0,41,7,-1.3012004687310619
4,9,0,41,8,-1.3011439896275958
4,9,0,41,9,-1.3007836181082217
4,9,0,42,2,-1.3012280621029537
4,9,0,42,3,-1.3010950651321649
4,9,0,42,4,-1.3010161259342703
4,9,0,42,5,-1.3009505231431777
4,9,0,42,6,-1.3008774531761023
4,9,0,42,7,-1.3007522056582685
4,9,0,43,3,-1.3007849421658253
4,9,0,43,4,-1.300682656903934
4,9,0,43,5,-1.3005414122427295
4,9,0,43,6,-1.3002867101611355
4,9,0,44,3,-1.3005232078624416
4,9,0,44,4,-1.3002379681567169
4,10,0,10,55,-1.2944761650630756
4,10,0,11,54,-1.294482290455565
4,10,0,12,9,-1.2927999322125876
4,10,0,12,53,-1.294491030792882
4,10,0,13,9,-1.2927306771724505
4,10,0,13,52,-1.2945029045060825
4,10,0,14,10,-1.2927431703330445
4,10,0,14,11,-1.2928276788054889
4,10,0,14,12,-1.2929156549270466
4,10,0,14,13,-1.2930066200497041
4,10,0,14,14,-1.2931004086287405
4,10,0,14,15,-1.2931971314443742
4,10,0,14,52,-1.294510309416153
4,10,0,15,16,-1.293264463125791
4,10,0,15,45,-1.2946575123472563
4,10,0,15,46,-1.29462757853593
4,10,0,15,47,-1.2946012240028388
4,10,0,15,48,-1.2945780501415685
4,10,0,15,49,-1.2945579860138525
4,10,0,15,50,-1.294541072718736
4,10,0,15,51,-1.2945277591225723
4,10,0,16,17,-1.2933484672114417
4,10,0,16,18,-1.2934655851823922
4,10,0,16,45,-1.294683988134002
4,10,0,16,51,-1.294538453915318
4,10,0,17,19,-1.293579744807876
4,10,0,17,44,-1.2947558901865417
4,10,0,18,20,-1.2937150087654044
4,10,0,18,45,-1.2947359321804943
4,10,0,19,21,-1.2938738148680078
4,10,0,19,42,-1.2949634612131575
4,10,0,19,43,-1.2948838018919913
4,10,0,19,44,-1.2948154856905045
4,10,0,20,3,-1.291659151537241
4,10,0,20,22,-1.294058825610402
4,10,0,20,42,-1.2950110573634697
4,10,0,21,3,-1.2915771145359807
4,10,0,21,4,-1.2916327224698527
4,10,0,21,23,-1.294272987143969
4,10,0,21,24,-1.2944467158168884
4,10,0,21,41,-1.295187715392264
4,10,0,22,3,-1.2914494846933415
4,10,0,22,4,-1.291503645177281
4,10,0,22,25,-1.294707752605684
4,10,0,22,38,-1.2958064078812674
4,10,0,22,39,-1.29572677447993
4,10,0,22,40,-1.2956370584835324
4,10,0,23,2,-1.2911708218670164
4,10,0,23,3,-1.291277707317689
4,10,0,23,4,-1.2913597595986304
4,10,0,23,5,-1.291446629618977
4,10,0,23,26,-1.2950060802719467
4,10,0,23,37,-1.2961007654151817
4,10,0,24,2,-1.2910739475928763
4,10,0,24,3,-1.2911407580764687
4,10,0,24,4,-1.2912210499027004
4,10,0,24,5,-1.291310238948082
4,10,0,24,6,-1.2914090869856052
4,10,0,24,7,-1.2915177530790702
4,10,0,24,27,-1.2953463983235038
4,10,0,24,28,-1.2955488552425747
4,10,0,24,35,-1.2964007686289816
4,10,0,24,36,-1.2964034166603757
4,10,0,25,1,-1.2908226612102505
4,10,0,25,2,-1.2909202679526475
4,10,0,25,3,-1.2910003301031887
4,10,0,25,4,-1.2910834383378378
4,10,0,25,5,-1.291174209222838
4,10,0,25,6,-1.291274486544264
4,10,0,25,7,-1.2913851915166261
4,10,0,25,8,-1.2915071248016046
4,10,0,25,9,-1.2916399459738006
4,10,0,25,10,-1.2917846345423136
4,10,0,25,29,-1.2959477443193348
4,10,0,25,30,-1.2961428391306378
4,10,0,25,34,-1.2966677532411923
4,10,0,26,1,-1.2907350582487218
4,10,0,26,2,-1.2907941213819243
4,10,0,26,3,-1.290866844609167
4,10,0,26,4,-1.290948177865002
4,10,0,26,5,-1.2910386993226812
4,10,0,26,6,-1.2911394886940846
4,10,0,26,7,-1.2912514250049822
4,10,0,26,8,-1.29137521080452
4,10,0,26,9,-1.2915112696256184
4,10,0,26,10,-1.2916603043040502
4,10,0,26,11,-1.2918230321685498
4,10,0,26,12,-1.2919991543245541
4,10,0,26,31,-1.2965992664721258
4,10,0,26,32,-1.2967711484936284
4,10,0,26,33,-1.2969124888940446
4,10,0,27,0,-1.2905175280326406
4,10,0,27,1,-1.2905983906193246
4,10,0,27,2,-1.2906643109167981
4,10,0,27,3,-1.2907347390270096
4,10,0,27,4,-1.290813759970451
4,10,0,27,5,-1.2909029561114327
4,10,0,27,6,-1.291003373150474
4,10,0,27,7,-1.2911158356258094
4,10,0,27,8,-1.291241052303672
4,10,0,27,9,-1.2913796489920255
4,10,0,27,10,-1.291532310521696
4,10,0,27,11,-1.2916997286755603
4,10,0,27,12,-1.2918825444629798
4,10,0,27,32,-1.29711583157783
4,10,0,28,0,-1.290446663087287
4,10,0,28,1,-1.2904866533904045
4,10,0,28,2,-1.2905399831103042
4,10,0,28,3,-1.2906040612262633
4,10,0,28,4,-1.2906791983820833
4,10,0,28,5,-1.29076602871327
4,10,0,28,6,-1.2908652424493807
4,10,0,28,7,-1.2909775227346154
4,10,0,28,8,-1.2911035496162875
4,10,0,28,9,-1.2912440037685817
4,10,0,28,10,-1.2913995973329173
4,10,0,28,11,-1.2915710610139766
4,10,0,28,12,-1.2917591277430185
4,10,0,28,13,-1.2919645081013276
4,10,0,28,32,-1.29749960499486
4,10,0,28,33,-1.297707127659769
4,10,0,29,0,-1.2903458024059662
4,10,0,29,1,-1.2903715704090761
4,10,0,29,2,-1.290414897872232
4,10,0,29,3,-1.2904723537246598
4,10,0,29,4,-1.2905429777429784
4,10,0,29,5,-1.2906267559373004
4,10,0,29,6,-1.2907240776580255
4,10,0,29,7,-1.2908354985096229
4,10,0,29,8,-1.290961662647777
4,10,0,29,9,-1.2911032674496254
4,10,0,29,10,-1.2912610582542596
4,10,0,29,11,-1.2914358290111962
4,10,0,29,12,-1.291628439604249
4,10,0,29,13,-1.2918398302126841
4,10,0,29,31,-1.2976377004137702
4,10,0,30,0,-1.290229168092699
4,10,0,30,1,-1.2902489228444487
4,10,0,30,2,-1.290285679850248
4,10,0,30,3,-1.2903375115841262
4,10,0,30,4,-1.2904036394389151
4,10,0,30,5,-1.2904839788401048
4,10,0,30,6,-1.2905788485708742
4,10,0,30,7,-1.290688770818411
4,10,0,30,8,-1.2908143848681624
4,10,0,30,9,-1.290956401094956
4,10,0,30,10,-1.291115590092347
4,10,0,30,11,-1.2912928007309814
4,10,0,30,12,-1.2914890175455902
4,10,0,30,13,-1.2917054461636168
4,10,0,30,31,-1.2980447017610863
4,10,0,31,0,-1.2901027734472785
4,10,0,31,1,-1.2901192689661498
4,10,0,31,2,-1.2901513873846921
4,10,0,31,3,-1.2901984105803674
4,10,0,31,4,-1.2902601282910375
4,10,0,31,5,-1.2903367116574644
4,10,0,31,6,-1.2904286039068191
4,10,0,31,7,-1.29053639522116
4,10,0,31,8,-1.2906607610457332
4,10,0,31,9,-1.2908024251369805
4,10,0,31,10,-1.2909621575068835
4,10,0,31,11,-1.2911408143300758
4,10,0,31,12,-1.2913394329972963
4,10,0,31,13,-1.291559376721232
4,10,0,31,30,-1.298071034013848
4,10,0,32,0,-1.289969877520449
4,10,0,32,1,-1.2899839890233946
4,10,0,32,2,-1.2900121949697945
4,10,0,32,3,-1.2900546561884392
4,10,0,32,4,-1.2901117924815473
4,10,0,32,5,-1.2901841768710745
4,10,0,32,6,-1.2902724987754404
4,10,0,32,7,-1.29037749223348
4,10,0,32,8,-1.2904999003923556
4,10,0,32,9,-1.2906404505464724
4,10,0,32,10,-1.2907998636537383
4,10,0,32,11,-1.2909789183201514
4,10,0,32,12,-1.291178575285762
4,10,0,32,13,-1.291400086228963
4,10,0,32,14,-1.2916449223638846
4,10,0,32,30,-1.2984815596773156
4,10,0,33,0,-1.2898328639027503
4,10,0,33,1,-1.2898446120730394
4,10,0,33,2,-1.2898687561195115
4,10,0,33,3,-1.2899062717988614
4,10,0,33,4,-1.2899582521105197
4,10,0,33,5,-1.2900257470998158
4,10,0,33,6,-1.2901097619361996
4,10,0,33,7,-1.2902112237984453
4,10,0,33,8,-1.2903309630257418
4,10,0,33,9,-1.2904696879091229
4,10,0,33,10,-1.2906279967357994
4,10,0,33,11,-1.2908064761340077
4,10,0,33,12,-1.2910059176203643
4,10,0,33,13,-1.2912275391403538
4,10,0,33,14,-1.2914731515864264
4,10,0,33,30,-1.2989422273903963
4,10,0,33,31,-1.2994369985413659
4,10,0,33,32,-1.2998652505374964
4,10,0,33,33,-1.3002258252589416
4,10,0,34,0,-1.289694095224239
4,10,0,34,1,-1.2897028368420236
4,10,0,34,2,-1.2897219574963001
4,10,0,34,3,-1.2897534715776078
4,10,0,34,4,-1.2897992433479581
4,10,0,34,5,-1.2898608417314446
4,10,0,34,6,-1.2899396190618582
4,10,0,34,7,-1.2900367283503251
4,10,0,34,8,-1.2901531072919972
4,10,0,34,9,-1.2902894196276706
4,10,0,34,10,-1.290446031901882
4,10,0,34,11,-1.290623131540074
4,10,0,34,12,-1.2908211359804866
4,10,0,34,13,-1.2910410706450512
4,10,0,34,14,-1.2912848557113472
4,10,0,34,15,-1.291555068221117
4,10,0,34,30,-1.2994058505248078
4,10,0,34,31,-1.2999209320986025
4,10,0,34,33,-1.3007212532427959
4,10,0,35,0,-1.2895565770033186
4,10,0,35,1,-1.2895606797501955
4,10,0,35,2,-1.2895727789526026
4,10,0,35,3,-1.2895964654126955
4,10,0,35,4,-1.2896344569083626
4,10,0,35,5,-1.2896888040431052
4,10,0,35,6,-1.2897611869106476
4,10,0,35,7,-1.2898530142488724
4,10,0,35,8,-1.2899653856204256
4,10,0,35,9,-1.29009893060971
4,10,0,35,10,-1.290253654706293
4,10,0,35,11,-1.2904289448417268
4,10,0,35,12,-1.2906244824995257
4,10,0,35,13,-1.290840822302062
4,10,0,35,14,-1.291080224612524
4,10,0,35,15,-1.2913455028410552
4,10,0,35,16,-1.2916416608797858
4,10,0,35,19,-1.2927411569468896
4,10,0,35,20,-1.2931912294166352
4,10,0,35,21,-1.2936916845257145
4,10,0,35,23,-1.2948732761715906
4,10,0,35,24,-1.2955436281850758
4,10,0,35,25,-1.2962630299038895
4,10,0,35,33,-1.301169818983428
4,10,0,36,0,-1.289424946756091
4,10,0,36,1,-1.2894205223548834
4,10,0,36,2,-1.2894220268142877
4,10,0,36,3,-1.2894352072774888
4,10,0,36,4,-1.2894633655463916
4,10,0,36,5,-1.2895087801126683
4,10,0,36,6,-1.2895733560409146
4,10,0,36,7,-1.2896588084680232
4,10,0,36,8,-1.2897665567407532
4,10,0,36,9,-1.2898973397360725
4,10,0,36,10,-1.290050786305617
4,10,0,36,11,-1.2902245752918526
4,10,0,36,12,-1.2904170879306829
4,10,0,36,13,-1.2906275838608268
4,10,0,36,14,-1.290859810590387
4,10,0,36,15,-1.2911151683675615
4,10,0,36,16,-1.2913985766108247
4,10,0,36,17,-1.2917190923355606
4,10,0,36,18,-1.2920823914357324
4,10,0,36,22,-1.2940959093290598
4,10,0,36,23,-1.2947834523422834
4,10,0,36,26,-1.2972280142385806
4,10,0,36,27,-1.298076216084164
4,10,0,36,32,-1.3012524531616385
4,10,0,36,33,-1.3016037349054275
4,10,0,37,0,-1.2893077301135598
4,10,0,37,1,-1.289284430817447
4,10,0,37,2,-1.2892696113747193
4,10,0,37,3,-1.2892690230136044
4,10,0,37,4,-1.2892850680945058
4,10,0,37,5,-1.2893196465719508
4,10,0,37,6,-1.2893746992450659
4,10,0,37,7,-1.2894523623529595
4,10,0,37,8,-1.2895547583868618
4,10,0,37,9,-1.2896831579047312
4,10,0,37,10,-1.289837647323025
4,10,0,37,11,-1.2900115470416758
4,10,0,37,12,-1.2902017734830864
4,10,0,37,13,-1.2904025955456642
4,10,0,37,14,-1.2906143475789476
4,10,0,37,15,-1.2908469544780146
4,10,0,37,16,-1.2911130401629984
4,10,0,37,17,-1.2914217191996755
4,10,0,37,28,-1.2991830633348445
4,10,0,37,29,-1.3000085126270406
4,10,0,37,30,-1.3007063376895864
4,10,0,37,31,-1.3012666757159486
4,10,0,37,32,-1.3016998938787683
4,10,0,38,0,-1.2892238006040082
4,10,0,38,1,-1.28914985267174
4,10,0,38,2,-1.2891129762437241
4,10,0,38,3,-1.2890962519601317
4,10,0,38,4,-1.2890982827994906
4,10,0,38,5,-1.2891200895073687
4,10,0,38,6,-1.2891634882091727
4,10,0,38,7,-1.2892312431963944
4,10,0,38,8,-1.2893270211004897
4,10,0,38,9,-1.2894529533976034
4,10,0,38,10,-1.2896040510413425
4,10,0,38,11,-1.2897704601986304
4,10,0,38,12,-1.2899517963609388
4,10,0,38,13,-1.2901374952798377
4,10,0,38,14,-1.2903211094942904
4,10,0,38,15,-1.290500216275066
4,10,0,39,1,-1.2889881862879196
4,10,0,39,2,-1.2889461797817683
4,10,0,39,3,-1.2889147348425998
4,10,0,39,4,-1.2889017668108282
4,10,0,39,5,-1.2889089915595155
4,10,0,39,6,-1.2889379818741067
4,10,0,39,7,-1.2889921630854209
4,10,0,39,8,-1.2890709858390264
4,10,0,39,9,-1.289171627565075
4,10,0,39,10,-1.289301429373108
4,10,0,39,11,-1.2894523713813257
4,10,0,39,12,-1.2896301694929198
4,10,0,39,13,-1.289794680659776
4,10,0,40,1,-1.2888785093308632
4,10,0,40,2,-1.2887788099201736
4,10,0,40,3,-1.2887247468369576
4,10,0,40,4,-1.2886951001657605
4,10,0,40,5,-1.288686176112535
4,10,0,40,6,-1.2886973445680268
4,10,0,40,7,-1.288726494593984
4,10,0,40,8,-1.2887593492274718
4,10,0,40,9,-1.288778512206732
4,10,0,40,10,-1.2887230440964839
4,10,0,40,11,-1.288764058204987
4,10,0,41,2,-1.288575782826944
4,10,0,41,3,-1.2885203288224956
4,10,0,41,4,-1.2884777159386065
4,10,0,41,5,-1.2884507857929137
4,10,0,41,6,-1.2884326015511078
4,10,0,41,7,-1.2884114479537585
4,10,0,41,8,-1.2883557831611288
4,10,0,41,9,-1.28799946158096
4,10,0,42,2,-1.2884381880366016
4,10,0,42,3,-1.2883065842369736
4,10,0,42,4,-1.2882285177076391
4,10,0,42,5,-1.2881636841096968
4,10,0,42,6,-1.2880914855823493
4,10,0,42,7,-1.2879676757540066
4,10,0,43,3,-1.2879996273886543
4,10,0,43,4,-1.287898439611208
4,10,0,43,5,-1.2877587305740432
4,10,0,43,6,-1.287506756673917
4,10,0,44,3,-1.287740569788844
4,10,0,44,4,-1.2874583091023184
4,11,0,10,55,-1.2817751865343623
4,11,0,11,54,-1.2817812427143869
4,11,0,12,9,-1.2801075368805666
4,11,0,12,53,-1.2817898803568881
4,11,0,13,9,-1.2800388194970527
4,11,0,13,52,-1.2818016051379704
4,11,0,14,10,-1.280051210552149
4,11,0,14,11,-1.2801350535821232
4,11,0,14,12,-1.2802223374124742
4,11,0,14,13,-1.280312587779384
4,11,0,14,14,-1.2804056403970085
4,11,0,14,15,-1.2805016045762379
4,11,0,14,52,-1.2818089519482672
4,11,0,15,16,-1.2805683555689908
4,11,0,15,45,-1.2819539432179834
4,11,0,15,46,-1.2819244588627363
4,11,0,15,47,-1.2818985048648122
4,11,0,15,48,-1.2818756858078615
4,11,0,15,49,-1.2818559309686388
4,11,0,15,50,-1.281839280699298
4,11,0,15,51,-1.281826179193073
4,11,0,16,17,-1.2806516301109525
4,11,0,16,18,-1.2807678125786
4,11,0,16,45,-1.2819801474744725
4,11,0,16,51,-1.2818367826465886
4,11,0,17,19,-1.2808809683757305
4,11,0,17,44,-1.2820511476345802
4,11,0,18,20,-1.2810150338012278
4,11,0,18,45,-1.282031561366406
4,11,0,19,21,-1.2811724219009664
4,11,0,19,42,-1.282256185264603
4,11,0,19,43,-1.2821775458733409
4,11,0,19,44,-1.2821101223465963
4,11,0,20,3,-1.2789762551466963
4,11,0,20,22,-1.2813557681495915
4,11,0,20,42,-1.2823032719444187
4,11,0,21,3,-1.2788949474001199
4,11,0,21,4,-1.278950069321462
4,11,0,21,23,-1.2815679887814448
4,11,0,21,24,-1.2817402524212114
4,11,0,21,41,-1.2824778540866866
4,11,0,22,3,-1.2787684558442007
4,11,0,22,4,-1.2788221420833443
4,11,0,22,25,-1.2819988965302451
4,11,0,22,38,-1.283089470339888
4,11,0,22,39,-1.2830107901222076
4,11,0,22,40,-1.2829221020529886
4,11,0,23,2,-1.2784922781701349
4,11,0,23,3,-1.2785982146588275
4,11,0,23,4,-1.2786795455829618
4,11,0,23,5,-1.2787656569957244
4,11,0,23,26,-1.2822944704287755
4,11,0,23,37,-1.2833806265137624
4,11,0,24,2,-1.2783962780821054
4,11,0,24,3,-1.2784624983588584
4,11,0,24,4,-1.2785420859480938
4,11,0,24,5,-1.2786304972398934
4,11,0,24,6,-1.27872848678191
4,11,0,24,7,-1.2788362123808814
4,11,0,24,27,-1.2826316253015373
4,11,0,24,28,-1.2828323221000753
4,11,0,24,35,-1.283677246815051
4,11,0,24,36,-1.2836800286137073
4,11,0,25,1,-1.2781472557494507
4,11,0,25,2,-1.2782439884304182
4,11,0,25,3,-1.2783233424901213
4,11,0,25,4,-1.2784057224179304
4,11,0,25,5,-1.2784957025943362
4,11,0,25,6,-1.278595109777852
4,11,0,25,7,-1.2787048564839996
4,11,0,25,8,-1.278825735387258
4,11,0,25,9,-1.2789574089959408
4,11,0,25,10,-1.2791008465846074
4,11,0,25,29,-1.2832274638770653
4,11,0,25,30,-1.2834208529314575
4,11,0,25,34,-1.2839413563036177
4,11,0,26,1,-1.2780604537804532
4,11,0,26,2,-1.2781189918939644
4,11,0,26,3,-1.2781910746828007
4,11,0,26,4,-1.2782716970193067
4,11,0,26,5,-1.2783614313003218
4,11,0,26,6,-1.278461347017849
4,11,0,26,7,-1.2785723146866526
4,11,0,26,8,-1.2786950298184612
4,11,0,26,9,-1.278829911365024
4,11,0,26,10,-1.278977654632186
4,11,0,26,11,-1.279138969215291
4,11,0,26,12,-1.279313558456155
4,11,0,26,31,-1.2838729476647686
4,11,0,26,32,-1.2840433262728315
4,11,0,26,33,-1.2841834517790505
4,11,0,27,0,-1.2778449084322643
4,11,0,27,1,-1.27792503934535
4,11,0,27,2,-1.2779903736127394
4,11,0,27,3,-1.2780601832877223
4,11,0,27,4,-1.278138515554035
4,11,0,27,5,-1.2782269378066058
4,11,0,27,6,-1.2783264856920955
4,11,0,27,7,-1.2784379756155726
4,11,0,27,8,-1.2785621091774488
4,11,0,27,9,-1.2786995055656185
4,11,0,27,10,-1.2788508422205656
4,11,0,27,11,-1.279016803429261
4,11,0,27,12,-1.2791980232195563
4,11,0,27,32,-1.284384576596655
4,11,0,28,0,-1.2777747034697207
4,11,0,28,1,-1.2778143370546842
4,11,0,28,2,-1.2778671971899118
4,11,0,28,3,-1.2779307161319178
4,11,0,28,4,-1.2780052013314565
4,11,0,28,5,-1.2780912806230513
4,11,0,28,6,-1.2781896373628179
4,11,0,28,7,-1.2783009477741094
4,11,0,28,8,-1.2784258849225512
4,11,0,28,9,-1.2785651222549808
4,11,0,28,10,-1.2787193642051475
4,11,0,28,11,-1.2788893335735272
4,11,0,28,12,-1.2790757554065255
4,11,0,28,13,-1.2792793325771028
4,11,0,28,32,-1.284764545227144
4,11,0,28,33,-1.2849701849260127
4,11,0,29,0,-1.2776747879092596
4,11,0,29,1,-1.277700329925823
4,11,0,29,2,-1.2777432803133495
4,11,0,29,3,-1.2778002387605345
4,11,0,29,4,-1.2778702534118243
4,11,0,29,5,-1.2779533098285896
4,11,0,29,6,-1.2780497931690493
4,11,0,29,7,-1.2781602532170506
4,11,0,29,8,-1.2782853274086405
4,11,0,29,9,-1.2784257056651693
4,11,0,29,10,-1.278582125242137
4,11,0,29,11,-1.278755371532275
4,11,0,29,12,-1.2789462952815516
4,11,0,29,13,-1.2791558267222558
4,11,0,29,31,-1.2849010997745909
4,11,0,30,0,-1.2775592534490734
4,11,0,30,1,-1.2775788377842243
4,11,0,30,2,-1.2776152788259112
4,11,0,30,3,-1.2776666659105442
4,11,0,30,4,-1.2777322270256255
4,11,0,30,5,-1.277811877677055
4,11,0,30,6,-1.2779059330159992
4,11,0,30,7,-1.2780149096535742
4,11,0,30,8,-1.2781394401496176
4,11,0,30,9,-1.27828022725148
4,11,0,30,10,-1.2784380331788296
4,11,0,30,11,-1.2786136976737494
4,11,0,30,12,-1.2788081949004722
4,11,0,30,13,-1.2790227179531648
4,11,0,30,31,-1.2853041056460972
4,11,0,31,0,-1.277434058219443
4,11,0,31,1,-1.2774504137815688
4,11,0,31,2,-1.2774822598526896
4,11,0,31,3,-1.277528883961578
4,11,0,31,4,-1.2775900770889679
4,11,0,31,5,-1.2776660079692936
4,11,0,31,6,-1.2777571149584939
4,11,0,31,7,-1.2778639819846438
4,11,0,31,8,-1.2779872774059415
4,11,0,31,9,-1.278127717204834
4,11,0,31,10,-1.2782860629942707
4,11,0,31,11,-1.2784631617149784
4,11,0,31,12,-1.2786600398559849
4,11,0,31,13,-1.2788780465754022
4,11,0,31,30,-1.2853300290427088
4,11,0,32,0,-1.2773024312268015
4,11,0,32,1,-1.2773164254323222
4,11,0,32,2,-1.2773443963635147
4,11,0,32,3,-1.2773865022478843
4,11,0,32,4,-1.2774431581469567
4,11,0,32,5,-1.2775149308159786
4,11,0,32,6,-1.2776025024339686
4,11,0,32,7,-1.2777065994227004
4,11,0,32,8,-1.2778279572187214
4,11,0,32,9,-1.277967295324654
4,11,0,32,10,-1.2781253267609198
4,11,0,32,11,-1.278302821619449
4,11,0,32,12,-1.2785007304662077
4,11,0,32,13,-1.2787202920480476
4,11,0,32,14,-1.2789629624358008
4,11,0,32,30,-1.28573656573165
4,11,0,33,0,-1.2771667338129862
4,11,0,33,1,-1.2771783875354528
4,11,0,33,2,-1.2772023358698752
4,11,0,33,3,-1.2772395441537276
4,11,0,33,4,-1.277291094164216
4,11,0,33,5,-1.2773580250902143
4,11,0,33,6,-1.2774413318473417
4,11,0,33,7,-1.2775419321989938
4,11,0,33,8,-1.277660648007022
4,11,0,33,9,-1.277798180009937
4,11,0,33,10,-1.2779551197490995
4,11,0,33,11,-1.2781320471559998
4,11,0,33,12,-1.2783297451730442
4,11,0,33,13,-1.278549419161605
4,11,0,33,14,-1.2787928616542479
4,11,0,33,30,-1.2861927767322534
4,11,0,33,31,-1.2866828503133858
4,11,0,33,32,-1.2871070356182674
4,11,0,33,33,-1.2874641858784075
4,11,0,34,0,-1.2770293061550353
4,11,0,34,1,-1.277037982767175
4,11,0,34,2,-1.2770569568130006
4,11,0,34,3,-1.2770882220992974
4,11,0,34,4,-1.2771336241560114
4,11,0,34,5,-1.2771947160509693
4,11,0,34,6,-1.2772728365729127
4,11,0,34,7,-1.2773691272482839
4,11,0,34,8,-1.2774845163889499
4,11,0,34,9,-1.277619660721954
4,11,0,34,10,-1.2777749223143697
4,11,0,34,11,-1.2779504856840052
4,11,0,34,12,-1.2781467632149972
4,11,0,34,13,-1.2783647696088303
4,11,0,34,14,-1.2786064057775723
4,11,0,34,15,-1.2788742229920498
4,11,0,34,30,-1.2866519372713034
4,11,0,34,31,-1.2871621142541763
4,11,0,34,33,-1.2879548104582073
4,11,0,35,0,-1.2768931247042579
4,11,0,35,1,-1.2768972082706496
4,11,0,35,2,-1.2769092299554
4,11,0,35,3,-1.2769327443753387
4,11,0,35,4,-1.2769704422305739
4,11,0,35,5,-1.277024353655416
4,11,0,35,6,-1.2770961421437708
4,11,0,35,7,-1.2771872026531625
4,11,0,35,8,-1.2772986240104132
4,11,0,35,9,-1.2774310293102635
4,11,0,35,10,-1.2775844231257216
4,11,0,35,11,-1.2777581970705763
4,11,0,35,12,-1.2779520344304123
4,11,0,35,13,-1.2781664835894258
4,11,0,35,14,-1.2784037826090195
4,11,0,35,15,-1.2786667170764812
4,11,0,35,16,-1.2789602417518693
4,11,0,35,19,-1.2800498534401616
4,11,0,35,20,-1.2804958266702204
4,11,0,35,21,-1.2809916890993507
4,11,0,35,23,-1.2821623109194191
4,11,0,35,24,-1.2828263752096094
4,11,0,35,25,-1.28353899138047
4,11,0,35,33,-1.2883990463903057
4,11,0,36,0,-1.276762781495788
4,11,0,36,1,-1.2767584226953654
4,11,0,36,2,-1.2767599543476829
4,11,0,36,3,-1.276773066016748
4,11,0,36,4,-1.2768010268015402
4,11,0,36,5,-1.2768460926689713
4,11,0,36,6,-1.2769101501034945
4,11,0,36,7,-1.2769948977655012
4,11,0,36,8,-1.2771017415119843
4,11,0,36,9,-1.2772314130300395
4,11,0,36,10,-1.2773835440917807
4,11,0,36,11,-1.2775558344209041
4,11,0,36,12,-1.277746678931162
4,11,0,36,13,-1.2779553432717838
4,11,0,36,14,-1.2781855389374401
4,11,0,36,15,-1.278438652126419
4,11,0,36,16,-1.278719556165389
4,11,0,36,17,-1.2790372259495815
4,11,0,36,18,-1.279397285903346
4,11,0,36,22,-1.2813923874562207
4,11,0,36,23,-1.2820735023271537
4,11,0,36,26,-1.2844949037309166
4,11,0,36,27,-1.2853350210123782
4,11,0,36,32,-1.2884808777282422
4,11,0,36,33,-1.288828792579012
4,11,0,37,0,-1.2766467176796095
4,11,0,37,1,-1.2766236725918165
4,11,0,37,2,-1.2766090421011187
4,11,0,37,3,-1.2766085203379436
4,11,0,37,4,-1.2766244862198224
4,11,0,37,5,-1.2766588211802687
4,11,0,37,6,-1.2767134473608177
4,11,0,37,7,-1.2767904808164345
4,11,0,37,8,-1.2768920242861332
4,11,0,37,9,-1.2770193366666187
4,11,0,37,10,-1.2771725035064756
4,11,0,37,11,-1.2773449076337136
4,11,0,37,12,-1.2775334913998109
4,11,0,37,13,-1.2777325769911492
4,11,0,37,14,-1.2779425007456608
4,11,0,37,15,-1.2781730951037615
4,11,0,37,16,-1.2784368595266722
4,11,0,37,17,-1.2787428276994008
4,11,0,37,28,-1.2864313940311982
4,11,0,37,29,-1.287248928858149
4,11,0,37,30,-1.287940048754134
4,11,0,37,31,-1.288494996073139
4,11,0,37,32,-1.288924046339524
4,11,0,38,0,-1.276563618414956
4,11,0,38,1,-1.2764904326093773
4,11,0,38,2,-1.276453963494611
4,11,0,38,3,-1.2764374641826217
4,11,0,38,4,-1.2764395522516194
4,11,0,38,5,-1.276461238847336
4,11,0,38,6,-1.2765043228153308
4,11,0,38,7,-1.2765715425290731
4,11,0,38,8,-1.2766665308390939
4,11,0,38,9,-1.2767914003342589
4,11,0,38,10,-1.2769412147294137
4,11,0,38,11,-1.2771062108991258
4,11,0,38,12,-1.2772859991154264
4,11,0,38,13,-1.2774701195660316
4,11,0,38,14,-1.277652191802515
4,11,0,38,15,-1.2778298270595785
4,11,0,39,1,-1.2763303910584745
4,11,0,39,2,-1.2762888375042913
4,11,0,39,3,-1.276257760747316
4,11,0,39,4,-1.2762449954050725
4,11,0,39,5,-1.2762522403004775
4,11,0,39,6,-1.2762810530757136
4,11,0,39,7,-1.2763348266280414
4,11,0,39,8,-1.2764130219963736
4,11,0,39,9,-1.2765128570185889
4,11,0,39,10,-1.2766416097577307
4,11,0,39,11,-1.276791312539063
4,11,0,39,12,-1.2769676071397615
4,11,0,39,13,-1.2771307593804522
4,11,0,40,1,-1.2762218180030318
4,11,0,40,2,-1.2761231547295326
4,11,0,40,3,-1.27606968322423
4,11,0,40,4,-1.2760404012660642
4,11,0,40,5,-1.2760316523627677
4,11,0,40,6,-1.2760428123784509
4,11,0,40,7,-1.2760717956444416
4,11,0,40,8,-1.2761044811426845
4,11,0,40,9,-1.2761236654590915
4,11,0,40,10,-1.2760690539409079
4,11,0,40,11,-1.2761099661080793
4,11,0,41,2,-1.2759221914633778
4,11,0,41,3,-1.2758673344596596
4,11,0,41,4,-1.2758252104529502
4,11,0,41,5,-1.2757986293772712
4,11,0,41,6,-1.275780723669393
4,11,0,41,7,-1.2757599047166712
4,11,0,41,8,-1.275704966715041
4,11,0,41,9,-1.2753525435589639
4,11,0,42,2,-1.2757859958183628
4,11,0,42,3,-1.2756557652133909
4,11,0,42,4,-1.2755785432649551
4,11,0,42,5,-1.275514439936043
4,11,0,42,6,-1.2754430642704033
4,11,0,42,7,-1.2753206288875498
4,11,0,43,3,-1.2753519570885368
4,11,0,43,4,-1.275251842248295
4,11,0,43,5,-1.275113627951536
4,11,0,43,6,-1.274864323049466
4,11,0,44,3,-1.2750955598049067
4,11,0,44,4,-1.2748162392264561
4,12,0,10,55,-1.269204276541535
4,12,0,11,54,-1.269210267893719
4,12,0,12,9,-1.2675482696819136
4,12,0,12,53,-1.2692188108195421
4,12,0,13,9,-1.26748014955568
4,12,0,13,52,-1.269230401068512
4,12,0,14,10,-1.2674924334134183
4,12,0,14,11,-1.2675755457725602
4,12,0,14,12,-1.2676620698887542
4,12,0,14,13,-1.2677515359507663
4,12,0,14,14,-1.2678437810582457
4,12,0,14,15,-1.2679389132163312
4,12,0,14,52,-1.2692376857317436
4,12,0,15,16,-1.2680050627632549
4,12,0,15,45,-1.2693807801396542
4,12,0,15,46,-1.2693516811200471
4,12,0,15,47,-1.2693260694878536
4,12,0,15,48,-1.269303553206234
4,12,0,15,49,-1.26928406189585
4,12,0,15,50,-1.269267635256994
4,12,0,15,51,-1.2692547129265805
4,12,0,16,17,-1.268087583612884
4,12,0,16,18,-1.2682027504458315
4,12,0,16,45,-1.269406721896761
4,12,0,16,51,-1.2692652216965947
4,12,0,17,19,-1.2683148734662817
4,12,0,17,44,-1.2694769069933074
4,12,0,18,20,-1.2684477092848152
4,12,0,18,45,-1.2694576220890128
4,12,0,19,21,-1.268603646717657
4,12,0,19,42,-1.2696796358485871
4,12,0,19,43,-1.2696019118011623
4,12,0,19,44,-1.2695352845626293
4,12,0,20,3,-1.2664271985309266
4,12,0,20,22,-1.2687852947918223
4,12,0,20,42,-1.2697262370466695
4,12,0,21,3,-1.266346653142232
4,12,0,21,4,-1.2664012653469798
4,12,0,21,23,-1.26899554046624
4,12,0,21,24,-1.2691662540988387
4,12,0,21,41,-1.2698989039400619
4,12,0,22,3,-1.266221350047964
4,12,0,22,4,-1.2662745396106383
4,12,0,22,25,-1.2694224731874142
4,12,0,22,38,-1.2705039348889358
4,12,0,22,39,-1.270426126588161
4,12,0,22,40,-1.270338394101095
4,12,0,23,2,-1.2659477652938793
4,12,0,23,3,-1.2660527107660715
4,12,0,23,4,-1.266133286943071
4,12,0,23,5,-1.2662186037881757
4,12,0,23,26,-1.2697152632084485
4,12,0,23,37,-1.2707920604387353
4,12,0,24,2,-1.265852673902905
4,12,0,24,3,-1.2659182773368902
4,12,0,24,4,-1.265997127840857
4,12,0,24,5,-1.266084724241708
4,12,0,24,6,-1.2661818136701113
4,12,0,24,7,-1.2662885524369187
4,12,0,24,27,-1.2700492283629703
4,12,0,24,28,-1.2702480879332856
4,12,0,24,35,-1.2710855259691518
4,12,0,24,36,-1.2710883736868204
4,12,0,25,1,-1.2656060050334548
4,12,0,25,2,-1.2657018277074883
4,12,0,25,3,-1.2657804422394932
4,12,0,25,4,-1.265862059941945
4,12,0,25,5,-1.2659512115905072
4,12,0,25,6,-1.2660497064166802
4,12,0,25,7,-1.2661584480467618
4,12,0,25,8,-1.2662782212145391
4,12,0,25,9,-1.2664086914368629
4,12,0,25,10,-1.2665508180704799
4,12,0,25,29,-1.2706394658462346
4,12,0,25,30,-1.270831078931136
4,12,0,25,34,-1.2713469087709472
4,12,0,26,1,-1.265520031765619
4,12,0,26,2,-1.265578022368019
4,12,0,26,3,-1.2656494357417816
4,12,0,26,4,-1.265729313757031
4,12,0,26,5,-1.2658182230479584
4,12,0,26,6,-1.2659172227209077
4,12,0,26,7,-1.2660271747159424
4,12,0,26,8,-1.2661487675574943
4,12,0,26,9,-1.2662824157776142
4,12,0,26,10,-1.2664288074449856
4,12,0,26,11,-1.2665886447511214
4,12,0,26,12,-1.2667616335050769
4,12,0,26,31,-1.2712788394463512
4,12,0,26,32,-1.271447653331751
4,12,0,26,33,-1.2715865048318062
4,12,0,27,0,-1.2653065404531425
4,12,0,27,1,-1.2653859123992923
4,12,0,27,2,-1.2654506357913986
4,12,0,27,3,-1.2655197987763178
4,12,0,27,4,-1.2655974096404858
4,12,0,27,5,-1.2656850205610517
4,12,0,27,6,-1.2657836570427219
4,12,0,27,7,-1.2658941273781317
4,12,0,27,8,-1.2660171260947437
4,12,0,27,9,-1.2661532659727233
4,12,0,27,10,-1.2663032173732613
4,12,0,27,11,-1.266467657422495
4,12,0,27,12,-1.2666472134906461
4,12,0,27,32,-1.2717855432542797
4,12,0,28,0,-1.2652370139685827
4,12,0,28,1,-1.2652762760914895
4,12,0,28,2,-1.2653286455361077
4,12,0,28,3,-1.2653915789083396
4,12,0,28,4,-1.2654653805265936
4,12,0,28,5,-1.2655506719919245
4,12,0,28,6,-1.2656481298480786
4,12,0,28,7,-1.265758423507982
4,12,0,28,8,-1.265882219204059
4,12,0,28,9,-1.2660201834135278
4,12,0,28,10,-1.2661730132046214
4,12,0,28,11,-1.2663414238289021
4,12,0,28,12,-1.2665261327841373
4,12,0,28,13,-1.266727835581425
4,12,0,28,32,-1.272161779518855
4,12,0,28,33,-1.2723654915799012
4,12,0,29,0,-1.2651380679301218
4,12,0,29,1,-1.2651633735415966
4,12,0,29,2,-1.2652059286965933
4,12,0,29,3,-1.265262365219809
4,12,0,29,4,-1.2653317400926412
4,12,0,29,5,-1.265414038730279
4,12,0,29,6,-1.2655096422881373
4,12,0,29,7,-1.2656190949153823
4,12,0,29,8,-1.2657430275267099
4,12,0,29,9,-1.2658821228854213
4,12,0,29,10,-1.2660371105392476
4,12,0,29,11,-1.2662087677067155
4,12,0,29,12,-1.266397936352674
4,12,0,29,13,-1.2666055371268197
4,12,0,29,31,-1.2722969062757687
4,12,0,30,0,-1.2650236591646526
4,12,0,30,1,-1.2650430644170738
4,12,0,30,2,-1.265079173167182
4,12,0,30,3,-1.2651300925555842
4,12,0,30,4,-1.2651950576097228
4,12,0,30,5,-1.265273984285074
4,12,0,30,6,-1.2653671843494205
4,12,0,30,7,-1.2654751690650816
4,12,0,30,8,-1.2655985644959125
4,12,0,30,9,-1.2657380660890363
4,12,0,30,10,-1.2658944280968134
4,12,0,30,11,-1.2660684815446102
4,12,0,30,12,-1.2662611906067558
4,12,0,30,13,-1.2664737362302212
4,12,0,30,31,-1.2726959779430234
4,12,0,31,0,-1.2648996887086275
4,12,0,31,1,-1.2649158964881853
4,12,0,31,2,-1.264947455009301
4,12,0,31,3,-1.2649936580592682
4,12,0,31,4,-1.2650542981804098
4,12,0,31,5,-1.2651295420463093
4,12,0,31,6,-1.2652198233936394
4,12,0,31,7,-1.2653257201299892
4,12,0,31,8,-1.265447893765223
4,12,0,31,9,-1.2655870528511706
4,12,0,31,10,-1.2657439510337216
4,12,0,31,11,-1.2659194264601599
4,12,0,31,12,-1.2661144951202092
4,12,0,31,13,-1.2663304925141938
4,12,0,31,30,-1.272721585491393
4,12,0,32,0,-1.2647693545064393
4,12,0,32,1,-1.2647832240646004
4,12,0,32,2,-1.2648109455155732
4,12,0,32,3,-1.2648526748870088
4,12,0,32,4,-1.2649088226991279
4,12,0,32,5,-1.2649799497307743
4,12,0,32,6,-1.2650667311448183
4,12,0,32,7,-1.2651698859584821
4,12,0,32,8,-1.2652901421249252
4,12,0,32,9,-1.2654282117011393
4,12,0,32,10,-1.265584800222764
4,12,0,32,11,-1.265760669738229
4,12,0,32,12,-1.265956761061951
4,12,0,32,13,-1.2661743003921275
4,12,0,32,14,-1.2664147290542864
4,12,0,32,30,-1.2731241811872838
4,12,0,33,0,-1.2646349950007816
4,12,0,33,1,-1.264646547244216
4,12,0,33,2,-1.2646702859395849
4,12,0,33,3,-1.264707166275115
4,12,0,33,4,-1.2647582589108375
4,12,0,33,5,-1.2648245924069377
4,12,0,33,6,-1.264907151602912
4,12,0,33,7,-1.265006845018422
4,12,0,33,8,-1.265124486235407
4,12,0,33,9,-1.2652607687762334
4,12,0,33,10,-1.2654162779087421
4,12,0,33,11,-1.2655915873798467
4,12,0,33,12,-1.2657874720168343
4,12,0,33,13,-1.2660051249853532
4,12,0,33,14,-1.2662463208403572
4,12,0,33,30,-1.2735759797079682
4,12,0,33,31,-1.2740613289948397
4,12,0,33,32,-1.2744814248087435
4,12,0,33,33,-1.2748351317901616
4,12,0,34,0,-1.2644989274292984
4,12,0,34,1,-1.2645075322585464
4,12,0,34,2,-1.2645263462194707
4,12,0,34,3,-1.2645573427096186
4,12,0,34,4,-1.2646023485546112
4,12,0,34,5,-1.2646629011289647
4,12,0,34,6,-1.2647403257969905
4,12,0,34,7,-1.2648357527139034
4,12,0,34,8,-1.26495010095637
4,12,0,34,9,-1.2650840205497913
4,12,0,34,10,-1.2652378695782744
4,12,0,34,11,-1.265411830233722
4,12,0,34,12,-1.2656063103762019
4,12,0,34,13,-1.2658223143927323
4,12,0,34,14,-1.2660617242494268
4,12,0,34,15,-1.2663270658062933
4,12,0,34,30,-1.2740307127066437
4,12,0,34,31,-1.2745359604283726
4,12,0,34,33,-1.2753209942882766
4,12,0,35,0,-1.2643640987650453
4,12,0,35,1,-1.264368156612914
4,12,0,35,2,-1.264380087741797
4,12,0,35,3,-1.2644034106766666
4,12,0,35,4,-1.2644407889955862
4,12,0,35,5,-1.2644942324579902
4,12,0,35,6,-1.264565388008919
4,12,0,35,7,-1.2646556368595818
4,12,0,35,8,-1.2647660571714137
4,12,0,35,9,-1.26489726581168
4,12,0,35,10,-1.2650492669544262
4,12,0,35,11,-1.2652214576101821
4,12,0,35,12,-1.2654135235466735
4,12,0,35,13,-1.2656260073736219
4,12,0,35,14,-1.2658611250554508
4,12,0,35,15,-1.2661216346307373
4,12,0,35,16,-1.2664124419110425
4,12,0,35,19,-1.2674919014427921
4,12,0,35,20,-1.267933686391122
4,12,0,35,21,-1.2684248703608327
4,12,0,35,23,-1.2695843663668707
4,12,0,35,24,-1.2702420774404475
4,12,0,35,25,-1.2709478510849863
4,12,0,35,33,-1.275760930721921
4,12,0,36,0,-1.2642350551803865
4,12,0,36,1,-1.2642307556995824
4,12,0,36,2,-1.2642323019936703
4,12,0,36,3,-1.2642453260548139
4,12,0,36,4,-1.2642730641621274
4,12,0,36,5,-1.2643177497791973
4,12,0,36,6,-1.264381250777248
4,12,0,36,7,-1.2644652492625559
4,12,0,36,8,-1.2645711375447075
4,12,0,36,9,-1.264699640274186
4,12,0,36,10,-1.2648503926539616
4,12,0,36,11,-1.2650211162823066
4,12,0,36,12,-1.2652102207585514
4,12,0,36,13,-1.2654169783829987
4,12,0,36,14,-1.2656450644866173
4,12,0,36,15,-1.2658958516056602
4,12,0,36,16,-1.2661741666526682
4,12,0,36,17,-1.2664889008953693
4,12,0,36,18,-1.2668456269208515
4,12,0,36,22,-1.268821954324826
4,12,0,36,23,-1.269496568163898
4,12,0,36,26,-1.271894652737329
4,12,0,36,27,-1.2727266454985986
4,12,0,36,32,-1.2758419947374138
4,12,0,36,33,-1.2761865292072223
4,12,0,37,0,-1.2641201529644708
4,12,0,37,1,-1.2640973560965207
4,12,0,37,2,-1.2640829026105656
4,12,0,37,3,-1.2640824293988198
4,12,0,37,4,-1.264098291764415
4,12,0,37,5,-1.2641323525687629
4,12,0,37,6,-1.2641865151737663
4,12,0,37,7,-1.2642628752153415
4,12,0,37,8,-1.2643635153991113
4,12,0,37,9,-1.2644896828754362
4,12,0,37,10,-1.2646414626280322
4,12,0,37,11,-1.2648123015607398
4,12,0,37,12,-1.264999169656772
4,12,0,37,13,-1.2651964437153016
4,12,0,37,14,-1.265404460793877
4,12,0,37,15,-1.2656329594514164
4,12,0,37,16,-1.2658943150320483
4,12,0,37,17,-1.2661974784364787
4,12,0,37,28,-1.273812511928347
4,12,0,37,29,-1.274622103059962
4,12,0,37,30,-1.2753064953788162
4,12,0,37,31,-1.2758560350798671
4,12,0,37,32,-1.2762809042407492
4,12,0,38,0,-1.264037888517906
4,12,0,38,1,-1.2639654591484806
4,12,0,38,2,-1.2639293862516583
4,12,0,38,3,-1.2639130947972097
4,12,0,38,4,-1.2639152168906966
4,12,0,38,5,-1.2639367539423967
4,12,0,38,6,-1.2639794873528614
4,12,0,38,7,-1.2640461291624092
4,12,0,38,8,-1.2641402777299422
4,12,0,38,9,-1.2642640262798128
4,12,0,38,10,-1.2644124908211107
4,12,0,38,11,-1.2645760016891305
4,12,0,38,12,-1.264754166882323
4,12,0,38,13,-1.2649366315142012
4,12,0,38,14,-1.2651170817087884
4,12,0,38,15,-1.2652931601029156
4,12,0,39,1,-1.2638070424434042
4,12,0,39,2,-1.2637659322756845
4,12,0,39,3,-1.2637352077312385
4,12,0,39,4,-1.263722623162489
4,12,0,39,5,-1.2637298603137175
4,12,0,39,6,-1.263758461570404
4,12,0,39,7,-1.2638117869154968
4,12,0,39,8,-1.2638893064358345
4,12,0,39,9,-1.2639882749983742
4,12,0,39,10,-1.264115905135907
4,12,0,39,11,-1.264264290311907
4,12,0,39,12,-1.2644390035526814
4,12,0,39,13,-1.2646007171461497
4,12,0,40,1,-1.2636995725339468
4,12,0,40,2,-1.2636019342454627
4,12,0,40,3,-1.2635490391616748
4,12,0,40,4,-1.2635201013204984
4,12,0,40,5,-1.2635115014895488
4,12,0,40,6,-1.2635226215959285
4,12,0,40,7,-1.2635514000103736
4,12,0,40,8,-1.2635838677692874
4,12,0,40,9,-1.2636030088493235
4,12,0,40,10,-1.2635491635069631
4,12,0,40,11,-1.2635898833368842
4,12,0,41,2,-1.2634030260854126
4,12,0,41,3,-1.2633487532514194
4,12,0,41,4,-1.263307099022259
4,12,0,41,5,-1.2632808426375097
4,12,0,41,6,-1.2632631857829049
4,12,0,41,7,-1.2632426636087146
4,12,0,41,8,-1.2631884002024913
4,12,0,41,9,-1.2628397732529812
4,12,0,42,2,-1.2632682232550465
4,12,0,42,3,-1.2631393484996691
4,12,0,42,4,-1.2630629515610874
4,12,0,42,5,-1.2629995533446967
4,12,0,42,6,-1.2629289695553088
4,12,0,42,7,-1.262807866976924
4,12,0,43,3,-1.262838665309005
4,12,0,43,4,-1.2627396047689454
4,12,0,43,5,-1.2626028554743438
4,12,0,43,6,-1.2623561742512066
4,12,0,44,3,-1.2625849072439859
4,12,0,44,4,-1.2623084916522682
4,13,0,10,55,-1.2567628013972838
4,13,0,11,54,-1.2567687311725857
4,13,0,12,9,-1.25512035774985
4,13,0,12,53,-1.2567771852833185
4,13,0,13,9,-1.2550528686342886
4,13,0,13,52,-1.2567886515348705
4,13,0,14,10,-1.2550650430585746
4,13,0,14,11,-1.255147388526141
4,13,0,14,12,-1.2552331154937235
4,13,0,14,13,-1.255321758610588
4,13,0,14,14,-1.2554131564140931
4,13,0,14,15,-1.2555074156870834
4,13,0,14,52,-1.2567958717300034
4,13,0,15,16,-1.2555729551254273
4,13,0,15,45,-1.2569372928947848
4,13,0,15,46,-1.2569085337536967
4,13,0,15,47,-1.2568832232331753
4,13,0,15,48,-1.2568609728231774
4,13,0,15,49,-1.256841712596302
4,13,0,15,50,-1.2568254816776152
4,13,0,15,51,-1.2568127152420188
4,13,0,16,17,-1.255654712541281
4,13,0,16,18,-1.2557688196564998
4,13,0,16,45,-1.2569629798054884
4,13,0,16,51,-1.2568231276205524
4,13,0,17,19,-1.2558798988613888
4,13,0,17,44,-1.2570324130121875
4,13,0,18,20,-1.256011493943807
4,13,0,18,45,-1.2570133803823673
4,13,0,19,21,-1.256165969939476
4,13,0,19,42,-1.2572329972215759
4,13,0,19,43,-1.257156113127526
4,13,0,19,44,-1.257090212830469
4,13,0,20,3,-1.2540098825924506
4,13,0,20,22,-1.2563459099122856
4,13,0,20,42,-1.2572791317840077
4,13,0,21,3,-1.2539301161242635
4,13,0,21,4,-1.2539842067459372
4,13,0,21,23,-1.2565541720884907
4,13,0,21,24,-1.25672329114797
4,13,0,21,41,-1.257450001811766
4,13,0,22,3,-1.2538060264070185
4,13,0,22,4,-1.2538587081989954
4,13,0,22,25,-1.2569770801613256
4,13,0,22,38,-1.2580488117179345
4,13,0,22,39,-1.2579718164551281
4,13,0,22,40,-1.2578849861324608
4,13,0,23,2,-1.253535087608133
4,13,0,23,3,-1.2536390213742132
4,13,0,23,4,-1.2537188263777153
4,13,0,23,5,-1.2538033309871406
4,13,0,23,26,-1.257267084625589
4,13,0,23,37,-1.2583340365642732
4,13,0,24,2,-1.253440921563758
4,13,0,24,3,-1.2535058951067282
4,13,0,24,4,-1.2535839924263603
4,13,0,24,5,-1.2536707557445073
4,13,0,24,6,-1.2537669246971654
4,13,0,24,7,-1.2538726539544554
4,13,0,24,27,-1.2575978627925308
4,13,0,24,28,-1.2577948464003395
4,13,0,24,35,-1.2586245155990294
4,13,0,24,36,-1.2586273838799997
4,13,0,25,1,-1.2531966490656359
4,13,0,25,2,-1.2532915444060113
4,13,0,25,3,-1.2533694041242351
4,13,0,25,4,-1.2534502430525831
4,13,0,25,5,-1.2535385477249084
4,13,0,25,6,-1.2536361096220998
4,13,0,25,7,-1.2537438234004448
4,13,0,25,8,-1.253862465906214
4,13,0,25,9,-1.2539917056880636
4,13,0,25,10,-1.2541324924037671
4,13,0,25,29,-1.2581824722149137
4,13,0,25,30,-1.2583722740768186
4,13,0,25,34,-1.25888328449522
4,13,0,26,1,-1.2531115173877367
4,13,0,26,2,-1.2531689496233205
4,13,0,26,3,-1.253239679518495
4,13,0,26,4,-1.253318796965896
4,13,0,26,5,-1.2534068628882489
4,13,0,26,6,-1.2535049259478424
4,13,0,26,7,-1.2536138395045056
4,13,0,26,8,-1.2537342851500108
4,13,0,26,9,-1.2538666731033157
4,13,0,26,10,-1.2540116843895057
4,13,0,26,11,-1.254170014012913
4,13,0,26,12,-1.2543413703685824
4,13,0,26,31,-1.2588157241049778
4,13,0,26,32,-1.2589829418869654
4,13,0,26,33,-1.2591204874575304
4,13,0,27,0,-1.2529001121853915
4,13,0,27,1,-1.2529787123474818
4,13,0,27,2,-1.2530428129463838
4,13,0,27,3,-1.2531113155622924
4,13,0,27,4,-1.2531881891516716
4,13,0,27,5,-1.2532749705959274
4,13,0,27,6,-1.2533726752491106
4,13,0,27,7,-1.2534821033360337
4,13,0,27,8,-1.253603942393835
4,13,0,27,9,-1.253738798940934
4,13,0,27,10,-1.2538873364633012
4,13,0,27,11,-1.2540502251456127
4,13,0,27,12,-1.2542280859136574
4,13,0,27,32,-1.259317537238462
4,13,0,28,0,-1.25283127223686
4,13,0,28,1,-1.2528701558653648
4,13,0,28,2,-1.252922024436871
4,13,0,28,3,-1.2529843594443582
4,13,0,28,4,-1.2530574621552286
4,13,0,28,5,-1.253141948002337
4,13,0,28,6,-1.253238486783669
4,13,0,28,7,-1.2533477411955092
4,13,0,28,8,-1.253470370753231
4,13,0,28,9,-1.2536070351405486
4,13,0,28,10,-1.2537584242842426
4,13,0,28,11,-1.2539252461205
4,13,0,28,12,-1.2541082108237909
4,13,0,28,13,-1.2543080067749912
4,13,0,28,32,-1.2596901087891705
4,13,0,28,33,-1.2598918738705451
4,13,0,29,0,-1.2527333060309829
4,13,0,29,1,-1.2527583701994838
4,13,0,29,2,-1.252800521302003
4,13,0,29,3,-1.252856423981085
4,13,0,29,4,-1.2529251443263263
4,13,0,29,5,-1.2530066677833203
4,13,0,29,6,-1.2531013716355264
4,13,0,29,7,-1.2532097945321052
4,13,0,29,8,-1.2533325610119883
4,13,0,29,9,-1.253470346881884
4,13,0,29,10,-1.25362387422763
4,13,0,29,11,-1.2537939123463202
4,13,0,29,12,-1.2539812946654
4,13,0,29,13,-1.2541869325053427
4,13,0,29,31,-1.2598238895977323
4,13,0,30,0,-1.252620033449655
4,13,0,30,1,-1.2526392553826167
4,13,0,30,2,-1.2526750238533328
4,13,0,30,3,-1.2527254642924157
4,13,0,30,4,-1.2527898190315887
4,13,0,30,5,-1.2528680046884912
4,13,0,30,6,-1.252960329811017
4,13,0,30,7,-1.2530673004716943
4,13,0,30,8,-1.2531895364036363
4,13,0,30,9,-1.2533277259741422
4,13,0,30,10,-1.2534826157338614
4,13,0,30,11,-1.2536550282641432
4,13,0,30,12,-1.253845918013203
4,13,0,30,13,-1.2540564540595573
4,13,0,30,31,-1.26021908830444
4,13,0,31,0,-1.2524972975365887
4,13,0,31,1,-1.2525133536667852
4,13,0,31,2,-1.2525446171377181
4,13,0,31,3,-1.2525903883332303
4,13,0,31,4,-1.25265046157017
4,13,0,31,5,-1.2527250016700284
4,13,0,31,6,-1.2528144379212098
4,13,0,31,7,-1.2529193423774885
4,13,0,31,8,-1.2530403698738413
4,13,0,31,9,-1.2531782217629404
4,13,0,31,10,-1.2533336440045553
4,13,0,31,11,-1.253507466242568
4,13,0,31,12,-1.2537006942468023
4,13,0,31,13,-1.253914650152884
4,13,0,31,30,-1.260244442491652
4,13,0,32,0,-1.2523682647033334
4,13,0,32,1,-1.2523820059341202
4,13,0,32,2,-1.252409470686927
4,13,0,32,3,-1.252450813043397
4,13,0,32,4,-1.252506439151195
4,13,0,32,5,-1.2525769040052825
4,13,0,32,6,-1.252662875916963
4,13,0,32,7,-1.2527650666603465
4,13,0,32,8,-1.2528841968759918
4,13,0,32,9,-1.2530209714094616
4,13,0,32,10,-1.2531760886029841
4,13,0,32,11,-1.2533503027659005
4,13,0,32,12,-1.25354454524932
4,13,0,32,13,-1.2537600299843423
4,13,0,32,14,-1.2539981838514778
4,13,0,32,30,-1.2606431496173396
4,13,0,33,0,-1.2522352502075558
4,13,0,33,1,-1.252246697383323
4,13,0,33,2,-1.2522702193738295
4,13,0,33,3,-1.2523067614297794
4,13,0,33,4,-1.252357383235577
4,13,0,33,5,-1.2524231028980488
4,13,0,33,6,-1.2525048953317885
4,13,0,33,7,-1.2526036599592452
4,13,0,33,8,-1.2527202022405834
4,13,0,33,9,-1.2528552087106513
4,13,0,33,10,-1.253009258661674
4,13,0,33,11,-1.2531829199762348
4,13,0,33,12,-1.2533769596687316
4,13,0,33,13,-1.2535925589930692
4,13,0,33,14,-1.2538314748337287
4,13,0,33,30,-1.2610905878963612
4,13,0,33,31,-1.2615712209609737
4,13,0,33,32,-1.2619872345947438
4,13,0,33,33,-1.2623375048210674
4,13,0,34,0,-1.2521005481610903
4,13,0,34,1,-1.25210907764186
4,13,0,34,2,-1.2521277245065694
4,13,0,34,3,-1.2521584419443612
4,13,0,34,4,-1.2522030382054412
4,13,0,34,5,-1.2522630351300157
4,13,0,34,6,-1.252339744790505
4,13,0,34,7,-1.2524342860936772
4,13,0,34,8,-1.2525475690158592
4,13,0,34,9,-1.2526802370943004
4,13,0,34,10,-1.2528326447313094
4,13,0,34,11,-1.253004972136024
4,13,0,34,12,-1.253197622971288
4,13,0,34,13,-1.2534115915955786
4,13,0,34,14,-1.253648741305525
4,13,0,34,15,-1.2539115728771386
4,13,0,34,30,-1.2615409401375475
4,13,0,34,31,-1.2620412696185381
4,13,0,34,33,-1.2628186592782287
4,13,0,35,0,-1.251967075946688
4,13,0,35,1,-1.2519711044529749
4,13,0,35,2,-1.2519829379721683
4,13,0,35,3,-1.2520060591587174
4,13,0,35,4,-1.2520431045918983
4,13,0,35,5,-1.2520960637957907
4,13,0,35,6,-1.2521665672725435
4,13,0,35,7,-1.252255982574928
4,13,0,35,8,-1.2523653772962697
4,13,0,35,9,-1.252495362260229
4,13,0,35,10,-1.2526459415414677
4,13,0,35,11,-1.2528165179325215
4,13,0,35,12,-1.253006780064288
4,13,0,35,13,-1.2532172650699986
4,13,0,35,14,-1.2534501670417
4,13,0,35,15,-1.2537082167573474
4,13,0,35,16,-1.2539962714079622
4,13,0,35,19,-1.2550654737905156
4,13,0,35,20,-1.2555030395137194
4,13,0,35,21,-1.2559895183538807
4,13,0,35,23,-1.2571378528520512
4,13,0,35,24,-1.2577892039892236
4,13,0,35,25,-1.258488135805362
4,13,0,35,33,-1.263254340827545
4,13,0,36,0,-1.2518393338507157
4,13,0,36,1,-1.251835089851961
4,13,0,36,2,-1.2518366435637365
4,13,0,36,3,-1.2518495696695293
4,13,0,36,4,-1.251877071734448
4,13,0,36,5,-1.2519213608268327
4,13,0,36,6,-1.2519842862717772
4,13,0,36,7,-1.2520675136578192
4,13,0,36,8,-1.2521724217838703
4,13,0,36,9,-1.2522997283901598
4,13,0,36,10,-1.2524490723907689
4,13,0,36,11,-1.2526181977315625
4,13,0,36,12,-1.2528055292103994
4,13,0,36,13,-1.2530103461200286
4,13,0,36,14,-1.2532362877091154
4,13,0,36,15,-1.2534847131459443
4,13,0,36,16,-1.253760402965761
4,13,0,36,17,-1.2540721643573116
4,13,0,36,18,-1.2544255181451216
4,13,0,36,22,-1.2563829567617284
4,13,0,36,23,-1.2570510591799977
4,13,0,36,26,-1.2594258509226446
4,13,0,36,27,-1.2602497368651955
4,13,0,36,32,-1.2633346655296982
4,13,0,36,33,-1.2636758303062194
4,13,0,37,0,-1.2517255934463503
4,13,0,37,1,-1.251703040325756
4,13,0,37,2,-1.251688756271098
4,13,0,37,3,-1.2516883211133294
4,13,0,37,4,-1.251704066575498
4,13,0,37,5,-1.2517378370018408
4,13,0,37,6,-1.251791516991946
4,13,0,37,7,-1.2518671817258618
4,13,0,37,8,-1.251966893812228
4,13,0,37,9,-1.2520918886673962
4,13,0,37,10,-1.2522422508925621
4,13,0,37,11,-1.2524114921322818
4,13,0,37,12,-1.252596610851295
4,13,0,37,13,-1.252792038975456
4,13,0,37,14,-1.2529981135655195
4,13,0,37,15,-1.2532244789229903
4,13,0,37,16,-1.2534833870428754
4,13,0,37,17,-1.2537837053671175
4,13,0,37,28,-1.2613251333227664
4,13,0,37,29,-1.2621268058969353
4,13,0,37,30,-1.2628044939284653
4,13,0,37,31,-1.2633486458135386
4,13,0,37,32,-1.2637693493764308
4,13,0,38,0,-1.2516441629555024
4,13,0,38,1,-1.2515724835672255
4,13,0,38,2,-1.2515367988637383
4,13,0,38,3,-1.251520704611165
4,13,0,38,4,-1.2515228473606426
4,13,0,38,5,-1.2515442187764612
4,13,0,38,6,-1.2515865827969965
4,13,0,38,7,-1.2516526250136115
4,13,0,38,8,-1.2517459090457113
4,13,0,38,9,-1.2518685085767722
4,13,0,38,10,-1.2520155914322282
4,13,0,38,11,-1.2521775825795158
4,13,0,38,12,-1.252354089428662
4,13,0,38,13,-1.252534861834723
4,13,0,38,14,-1.2527136519539652
4,13,0,38,15,-1.2528881322397383
4,13,0,39,1,-1.2514156848420288
4,13,0,39,2,-1.2513750106887356
4,13,0,39,3,-1.25134462771649
4,13,0,39,4,-1.251332210632153
4,13,0,39,5,-1.2513394241851898
4,13,0,39,6,-1.2513677955090634
4,13,0,39,7,-1.2514206515432722
4,13,0,39,8,-1.2514974706208677
4,13,0,39,9,-1.2515955425661043
4,13,0,39,10,-1.2517220132905171
4,13,0,39,11,-1.2518690422306527
4,13,0,39,12,-1.252042137013647
4,13,0,39,13,-1.2522023732263756
4,13,0,40,1,-1.2513093129543087
4,13,0,40,2,-1.2512126888571913
4,13,0,40,3,-1.2511603590365281
4,13,0,40,4,-1.2511317520491798
4,13,0,40,5,-1.2511232857536683
4,13,0,40,6,-1.2511343481845598
4,13,0,40,7,-1.2511629009393284
4,13,0,40,8,-1.2511951242270154
4,13,0,40,9,-1.2512141854943593
4,13,0,40,10,-1.2511610515217297
4,13,0,40,11,-1.2512015285342741
4,13,0,41,2,-1.2510158219620744
4,13,0,41,3,-1.2509621234109192
4,13,0,41,4,-1.250920925980294
4,13,0,41,5,-1.250894978923049
4,13,0,41,6,-1.2508775528782694
4,13,0,41,7,-1.2508573045658866
4,13,0,41,8,-1.250803683009436
4,13,0,41,9,-1.250458777263721
4,13,0,42,2,-1.2508824022997498
4,13,0,42,3,-1.2507548675444158
4,13,0,42,4,-1.2506792807978282
4,13,0,42,5,-1.2506165701982126
4,13,0,42,6,-1.2505467570754436
4,13,0,42,7,-1.2504269576424019
4,13,0,43,3,-1.2504572820320634
4,13,0,43,4,-1.2503592604886349
4,13,0,43,5,-1.2502239527239516
4,13,0,43,6,-1.2499798576965746
4,13,0,44,3,-1.2502061395659352
4,13,0,44,4,-1.2499325960925702
4,14,0,10,55,-1.244449900369501
4,14,0,11,54,-1.244455770966109
4,14,0,12,9,-1.2428221985728847
4,14,0,12,53,-1.2444641405622126
4,14,0,13,9,-1.242755358666322
4,14,0,13,52,-1.2444754903783757
4,14,0,14,10,-1.2427674229107513
4,14,0,14,11,-1.242848982498996
4,14,0,14,12,-1.2429338927038747
4,14,0,14,13,-1.2430216926149893
4,14,0,14,14,-1.2431122222248725
4,14,0,14,15,-1.2432055871403802
4,14,0,14,52,-1.2444826448639033
4,14,0,15,16,-1.2432705142692342
4,14,0,15,45,-1.2446225488205365
4,14,0,15,46,-1.2445940978844932
4,14,0,15,47,-1.244569059735722
4,14,0,15,48,-1.2445470494897293
4,14,0,15,49,-1.2445279977511148
4,14,0,15,50,-1.2445119431278702
4,14,0,15,51,-1.2444993164121971
4,14,0,16,17,-1.2433515061685718
4,14,0,16,18,-1.2434645309199086
4,14,0,16,45,-1.2446479871117972
4,14,0,16,51,-1.2445096316835982
4,14,0,17,19,-1.2435745647746559
4,14,0,17,44,-1.244716713651071
4,14,0,18,20,-1.2437049185072306
4,14,0,18,45,-1.244697899638923
4,14,0,19,21,-1.2438579337557072
4,14,0,19,42,-1.244915271359539
4,14,0,19,43,-1.244839173642117
4,14,0,19,44,-1.2447739511443863
4,14,0,20,3,-1.2417225112643782
4,14,0,20,22,-1.2440361680353371
4,14,0,20,42,-1.2449609538094073
4,14,0,21,3,-1.2416435305665505
4,14,0,21,4,-1.2416970946171972
4,14,0,21,23,-1.2442424513018366
4,14,0,21,24,-1.2444099551103718
4,14,0,21,41,-1.2451301130835946
4,14,0,22,3,-1.2415206643355567
4,14,0,22,4,-1.2415728338135263
4,14,0,22,25,-1.2446613228418162
4,14,0,22,38,-1.2457229692370884
4,14,0,22,39,-1.245646744753876
4,14,0,22,40,-1.2455607775227933
4,14,0,23,2,-1.2412523926007937
4,14,0,23,3,-1.2413553063878162
4,14,0,23,4,-1.241434333583483
4,14,0,23,5,-1.2415180187980215
4,14,0,23,26,-1.2449485542898067
4,14,0,23,37,-1.24600539133564
4,14,0,24,2,-1.241159158138374
4,14,0,24,3,-1.241223496589577
4,14,0,24,4,-1.2413008342540903
4,14,0,24,5,-1.2413867571451382
4,14,0,24,6,-1.2414819973896598
4,14,0,24,7,-1.241586707931439
4,14,0,24,27,-1.2452761625862572
4,14,0,24,28,-1.245471254183582
4,14,0,24,35,-1.2462930071554266
4,14,0,24,36,-1.2462958661968295
4,14,0,25,1,-1.2409172979184249
4,14,0,25,2,-1.2410112593730134
4,14,0,25,3,-1.2410883582878123
4,14,0,25,4,-1.2411684118455757
4,14,0,25,5,-1.2412558621452725
4,14,0,25,6,-1.2413524828542113
4,14,0,25,7,-1.2414591596435096
4,14,0,25,8,-1.2415766615317774
4,14,0,25,9,-1.2417046600964248
4,14,0,25,10,-1.2418440954622512
4,14,0,25,29,-1.245855153101621
4,14,0,25,30,-1.2460431293470513
4,14,0,25,34,-1.2465492472916506
4,14,0,26,1,-1.2408330121127973
4,14,0,26,2,-1.24088988182231
4,14,0,26,3,-1.2409599227225963
4,14,0,26,4,-1.2410382731489242
4,14,0,26,5,-1.241125488374765
4,14,0,26,6,-1.2412226066235374
4,14,0,26,7,-1.2413304727039547
4,14,0,26,8,-1.2414497613333602
4,14,0,26,9,-1.2415808784952227
4,14,0,26,10,-1.2417244983112263
4,14,0,26,11,-1.2418813087532354
4,14,0,26,12,-1.2420510208588682
4,14,0,26,31,-1.2464823039136643
4,14,0,26,32,-1.246647912397581
4,14,0,26,33,-1.2467841370277755
4,14,0,27,0,-1.2406237036315133
4,14,0,27,1,-1.2407015275427893
4,14,0,27,2,-1.2407650008474453
4,14,0,27,3,-1.240832837741859
4,14,0,27,4,-1.2409089677676928
4,14,0,27,5,-1.240994912528473
4,14,0,27,6,-1.2410916772635967
4,14,0,27,7,-1.241200054188081
4,14,0,27,8,-1.2413207239250106
4,14,0,27,9,-1.2414542868408596
4,14,0,27,10,-1.2416013996924504
4,14,0,27,11,-1.241762725878648
4,14,0,27,12,-1.241938880031571
4,14,0,27,32,-1.2469792705798568
4,14,0,28,0,-1.2405555522291398
4,14,0,28,1,-1.2405940547542376
4,14,0,28,2,-1.2406454185088134
4,14,0,28,3,-1.2407071500971238
4,14,0,28,4,-1.2407795478108714
4,14,0,28,5,-1.2408632209784218
4,14,0,28,6,-1.2409588327196808
4,14,0,28,7,-1.2410670390969833
4,14,0,28,8,-1.2411884930046417
4,14,0,28,9,-1.2413238474634245
4,14,0,28,10,-1.2414737854181577
4,14,0,28,11,-1.2416390076556003
4,14,0,28,12,-1.2418202171890858
4,14,0,28,13,-1.2420180954350424
4,14,0,28,32,-1.2473482375341467
4,14,0,28,33,-1.2475480514481347
4,14,0,29,0,-1.240458568007722
4,14,0,29,1,-1.240483388762427
4,14,0,29,2,-1.2405251323002797
4,14,0,29,3,-1.2405804963583562
4,14,0,29,4,-1.2406485562731682
4,14,0,29,5,-1.2407292976248456
4,14,0,29,6,-1.2408230939193485
4,14,0,29,7,-1.2409304784085542
4,14,0,29,8,-1.241052069368475
4,14,0,29,9,-1.241188535796127
4,14,0,29,10,-1.2413405924896335
4,14,0,29,11,-1.2415090010049157
4,14,0,29,12,-1.241694586410632
4,14,0,29,13,-1.2418982508866216
4,14,0,29,31,-1.247480731495855
4,14,0,30,0,-1.2403464332204517
4,14,0,30,1,-1.2403654701090747
4,14,0,30,2,-1.2404008950343532
4,14,0,30,3,-1.2404508519357411
4,14,0,30,4,-1.2405145905909336
4,14,0,30,5,-1.240592028402485
4,14,0,30,6,-1.2406834708098191
4,14,0,30,7,-1.2407894188121615
4,14,0,30,8,-1.2409104859368982
4,14,0,30,9,-1.241047353630725
4,14,0,30,10,-1.2412007609298275
4,14,0,30,11,-1.2413715221660986
4,14,0,30,12,-1.2415605822575613
4,14,0,30,13,-1.2417690986292584
4,14,0,30,31,-1.2478721140295879
4,14,0,31,0,-1.240224932615782
4,14,0,31,1,-1.240240835466606
4,14,0,31,2,-1.2402718007344493
4,14,0,31,3,-1.2403171355784322
4,14,0,31,4,-1.240376636223532
4,14,0,31,5,-1.2404504657697517
4,14,0,31,6,-1.2405390491783432
4,14,0,31,7,-1.2406429527735914
4,14,0,31,8,-1.2407628248474762
4,14,0,31,9,-1.2408993597203049
4,14,0,31,10,-1.2410532958623248
4,14,0,31,11,-1.241225454619316
4,14,0,31,12,-1.2414168317487762
4,14,0,31,13,-1.2416287362520129
4,14,0,31,30,-1.2478972564743396
4,14,0,32,0,-1.240097200919182
4,14,0,32,1,-1.2401108122106947
4,14,0,32,2,-1.2401380171282257
4,14,0,32,3,-1.2401789679714297
4,14,0,32,4,-1.2402340666479927
4,14,0,32,5,-1.2403038625060085
4,14,0,32,6,-1.240389017132613
4,14,0,32,7,-1.2404902351862428
4,14,0,32,8,-1.2406082301283874
4,14,0,32,9,-1.2407436997621208
4,14,0,32,10,-1.2408973354372153
4,14,0,32,11,-1.2410698839345895
4,14,0,32,12,-1.2412622673518656
4,14,0,32,13,-1.2414756875725275
4,14,0,32,14,-1.24171155727265
4,14,0,32,30,-1.2482921260914248
4,14,0,33,0,-1.2399655301278742
4,14,0,33,1,-1.2399768705840015
4,14,0,33,2,-1.2400001726611365
4,14,0,33,3,-1.240036371844899
4,14,0,33,4,-1.2400865169878068
4,14,0,33,5,-1.2401516158894257
4,14,0,33,6,-1.240232633671807
4,14,0,33,7,-1.2403304607869736
4,14,0,33,8,-1.2404458947032537
4,14,0,33,9,-1.2405796151331197
4,14,0,33,10,-1.2407321955930366
4,14,0,33,11,-1.240904198313345
4,14,0,33,12,-1.2410963827066137
4,14,0,33,13,-1.241309918334708
4,14,0,33,14,-1.2415465446705911
4,14,0,33,30,-1.2487352570305728
4,14,0,33,31,-1.2492111999533668
4,14,0,33,32,-1.2496231542343796
4,14,0,33,33,-1.2499700072126982
4,14,0,34,0,-1.2398321912130796
4,14,0,34,1,-1.2398406435844749
4,14,0,34,2,-1.239859119972412
4,14,0,34,3,-1.2398895535666625
4,14,0,34,4,-1.2399337342099268
4,14,0,34,5,-1.2399931683657044
4,14,0,34,6,-1.2400691549500849
4,14,0,34,7,-1.2401628017435717
4,14,0,34,8,-1.2402750097429547
4,14,0,34,9,-1.2404064161518473
4,14,0,34,10,-1.240557371883022
4,14,0,34,11,-1.2407280553718274
4,14,0,34,12,-1.2409188662937753
4,14,0,34,13,-1.2411307891915995
4,14,0,34,14,-1.2413656689380423
4,14,0,34,15,-1.2416259815279114
4,14,0,34,30,-1.2491812781716858
4,14,0,34,31,-1.2496767185138002
4,14,0,34,33,-1.2504465100281044
4,14,0,35,0,-1.2397000720248093
4,14,0,35,1,-1.2397040692029888
4,14,0,35,2,-1.2397158014171548
4,14,0,35,3,-1.239738715737893
4,14,0,35,4,-1.2397754219455237
4,14,0,35,5,-1.2398278894947752
4,14,0,35,6,-1.2398977325783018
4,14,0,35,7,-1.2399863052026519
4,14,0,35,8,-1.2400946644983555
4,14,0,35,9,-1.2402234153811753
4,14,0,35,10,-1.240372562002734
4,14,0,35,11,-1.240541513138088
4,14,0,35,12,-1.2407299604923123
4,14,0,35,13,-1.2409384359220128
4,14,0,35,14,-1.241169111875621
4,14,0,35,15,-1.2414246921603507
4,14,0,35,16,-1.2417099857504315
4,14,0,35,19,-1.2427689150560224
4,14,0,35,20,-1.2432022622179986
4,14,0,35,21,-1.2436840412855668
4,14,0,35,23,-1.2448212432437937
4,14,0,35,24,-1.2454662590016177
4,14,0,35,25,-1.2461583801320055
4,14,0,35,33,-1.2508779850950897
4,14,0,36,0,-1.2395736271424727
4,14,0,36,1,-1.2395694361582026
4,14,0,36,2,-1.2395709930515917
4,14,0,36,3,-1.2395838155983474
4,14,0,36,4,-1.2396110748631868
4,14,0,36,5,-1.239654959676531
4,14,0,36,6,-1.2397173009372298
4,14,0,36,7,-1.2397997478106042
4,14,0,36,8,-1.239903665667521
4,14,0,36,9,-1.2400297654441899
4,14,0,36,10,-1.240177689915179
4,14,0,36,11,-1.240345205555278
4,14,0,36,12,-1.2405307525954132
4,14,0,36,13,-1.240733617491188
4,14,0,36,14,-1.2409574036136104
4,14,0,36,15,-1.241203456998001
4,14,0,36,16,-1.241476512031154
4,14,0,36,17,-1.2417852919396692
4,14,0,36,18,-1.2421352660787166
4,14,0,36,22,-1.2440738330666816
4,14,0,36,23,-1.24473544707957
4,14,0,36,26,-1.2470870646623409
4,14,0,36,27,-1.2479028910687902
4,14,0,36,32,-1.2509575921850844
4,14,0,36,33,-1.2512954096226245
4,14,0,37,0,-1.2394610438641291
4,14,0,37,1,-1.2394387308629295
4,14,0,37,2,-1.239424611117303
4,14,0,37,3,-1.2394242077464812
4,14,0,37,4,-1.239439829026481
4,14,0,37,5,-1.2394733008966565
4,14,0,37,6,-1.2395264892863447
4,14,0,37,7,-1.2396014489883997
4,14,0,37,8,-1.2397002225664835
4,14,0,37,9,-1.239824033763802
4,14,0,37,10,-1.2399729669098751
4,14,0,37,11,-1.240140598503804
4,14,0,37,12,-1.240323955864569
4,14,0,37,13,-1.2405175261067403
4,14,0,37,14,-1.2407216458810013
4,14,0,37,15,-1.2409458654272314
4,14,0,37,16,-1.2412023143801745
4,14,0,37,17,-1.241499776710377
4,14,0,37,28,-1.248967888003787
4,14,0,37,29,-1.2497616938885852
4,14,0,37,30,-1.2504327230475003
4,14,0,37,31,-1.2509715244714164
4,14,0,37,32,-1.251388091567657
4,14,0,38,0,-1.2393804433616324
4,14,0,38,1,-1.2393095070483395
4,14,0,38,2,-1.2392742042306528
4,14,0,38,3,-1.2392583001448614
4,14,0,38,4,-1.2392604556893305
4,14,0,38,5,-1.2392816528283062
4,14,0,38,6,-1.239323638102747
4,14,0,38,7,-1.2393890707025692
4,14,0,38,8,-1.2394814795140177
4,14,0,38,9,-1.239602918664612
4,14,0,38,10,-1.2397486073043946
4,14,0,38,11,-1.2399090653163072
4,14,0,38,12,-1.2400839005030546
4,14,0,38,13,-1.24026296690425
4,14,0,38,14,-1.2404400821125792
4,14,0,38,15,-1.2406129473528331
4,14,0,39,1,-1.2391543155219178
4,14,0,39,2,-1.239114071243768
4,14,0,39,3,-1.2390840221981811
4,14,0,39,4,-1.2390717641501414
4,14,0,39,5,-1.2390789449863908
4,14,0,39,6,-1.2391070766571581
4,14,0,39,7,-1.2391594531246037
4,14,0,39,8,-1.2392355604678753
4,14,0,39,9,-1.2393327221201673
4,14,0,39,10,-1.2394580170378393
4,14,0,39,11,-1.2396036731688964
4,14,0,39,12,-1.239775134965118
4,14,0,39,13,-1.2399338777364475
4,14,0,40,1,-1.239049034054717
4,14,0,40,2,-1.2389534135640108
4,14,0,40,3,-1.2389016401036517
4,14,0,40,4,-1.2388733548332393
4,14,0,40,5,-1.23886501245376
4,14,0,40,6,-1.2388760071153393
4,14,0,40,7,-1.2389043230672065
4,14,0,40,8,-1.238936287377294
4,14,0,40,9,-1.2389552479010872
4,14,0,40,10,-1.238902790395593
4,14,0,40,11,-1.2389429963328746
4,14,0,41,2,-1.2387585712272244
4,14,0,41,3,-1.2387054387465894
4,14,0,41,4,-1.2386646885953467
4,14,0,41,5,-1.2386390405837164
4,14,0,41,6,-1.2386218338459274
4,14,0,41,7,-1.2386018448723148
4,14,0,41,8,-1.238548843346126
4,14,0,41,9,-1.2382075992011854
4,14,0,42,2,-1.2386265232428602
4,14,0,42,3,-1.2385003135295245
4,14,0,42,4,-1.2384255248686304
4,14,0,42,5,-1.2383634887355415
4,14,0,42,6,-1.2382944306075359
4,14,0,42,7,-1.238175911451282
4,14,0,43,3,-1.2382057965988675
4,14,0,43,4,-1.2381088006784262
4,14,0,43,5,-1.237974914577113
4,14,0,43,6,-1.2377333728098867
4,14,0,44,3,-1.237957244797208
4,14,0,44,4,-1.2376865419855665
4,15,0,10,55,-1.2322645586545178
4,15,0,11,54,-1.2322703718636845
4,15,0,12,9,-1.2306522964809732
4,15,0,12,53,-1.2322786600922766
4,15,0,13,9,-1.2305861145045238
4,15,0,13,52,-1.232289898896572
4,15,0,14,10,-1.2305980686260773
4,15,0,14,11,-1.230678833744746
4,15,0,14,12,-1.2307629183284274
4,15,0,14,13,-1.2308498658737896
4,15,0,14,14,-1.2309395178295368
4,15,0,14,15,-1.2310319786552382
4,15,0,14,52,-1.2322969871216092
4,15,0,15,16,-1.231096294827246
4,15,0,15,45,-1.2324354822038206
4,15,0,15,46,-1.2324073175024082
4,15,0,15,47,-1.2323825318057928
4,15,0,15,48,-1.2323607439126953
4,15,0,15,49,-1.2323418850147279
4,15,0,15,50,-1.2323259932452677
4,15,0,15,51,-1.2323134950821386
4,15,0,16,17,-1.23117652331498
4,15,0,16,18,-1.2312884560056476
4,15,0,16,45,-1.2324606769436919
4,15,0,16,51,-1.2323237131538145
4,15,0,17,19,-1.231397448156692
4,15,0,17,44,-1.2325287292195382
4,15,0,18,20,-1.2315265656137284
4,15,0,18,45,-1.2325101109242722
4,15,0,19,21,-1.2316781269517905
4,15,0,19,42,-1.2327253457111604
4,15,0,19,43,-1.232649996240027
4,15,0,19,44,-1.2325854167108679
4,15,0,20,3,-1.2295634723717237
4,15,0,20,22,-1.2318546645004351
4,15,0,20,42,-1.2327705873259773
4,15,0,21,3,-1.2294852785067907
4,15,0,21,4,-1.2295383150632866
4,15,0,21,23,-1.2320589803479605
4,15,0,21,24,-1.232224862575397
4,15,0,21,41,-1.2329380988396108
4,15,0,22,3,-1.2293636370634493
4,15,0,22,4,-1.2294152935360005
4,15,0,22,25,-1.2324738249831872
4,15,0,22,38,-1.2335251989883869
4,15,0,22,39,-1.2334497147410153
4,15,0,22,40,-1.2333645817588235
4,15,0,23,2,-1.2290980345886016
4,15,0,23,3,-1.2291999274568524
4,15,0,23,4,-1.2292781759613864
4,15,0,23,5,-1.229361040770208
4,15,0,23,26,-1.2327583031897067
4,15,0,23,37,-1.233804893096968
4,15,0,24,2,-1.2290057317790004
4,15,0,24,3,-1.229069434547559
4,15,0,24,4,-1.2291460117202901
4,15,0,24,5,-1.2292310931666097
4,15,0,24,6,-1.229325403526357
4,15,0,24,7,-1.2294290939691608
4,15,0,24,27,-1.2330827659017565
4,15,0,24,28,-1.2332759630701209
4,15,0,24,35,-1.2340897370574897
4,15,0,24,36,-1.234092567550623
4,15,0,25,1,-1.2287662838190094
4,15,0,25,2,-1.2288593111731805
4,15,0,25,3,-1.228935648739049
4,15,0,25,4,-1.2290149161356796
4,15,0,25,5,-1.229101511091591
4,15,0,25,6,-1.2291971894928757
4,15,0,25,7,-1.2293028280505032
4,15,0,25,8,-1.2294191880209335
4,15,0,25,9,-1.2295459439939709
4,15,0,25,10,-1.2296840266981253
4,15,0,25,29,-1.2336561666940855
4,15,0,25,30,-1.2338423155615088
4,15,0,25,34,-1.2343435136410474
4,15,0,26,1,-1.2286828430933898
4,15,0,26,2,-1.2287391500376397
4,15,0,26,3,-1.2288085014129395
4,15,0,26,4,-1.228886084059099
4,15,0,26,5,-1.2289724476644555
4,15,0,26,6,-1.2290686200572638
4,15,0,26,7,-1.2291754375456154
4,15,0,26,8,-1.2292935680337367
4,15,0,26,9,-1.2294234133317752
4,15,0,26,10,-1.2295656407686186
4,15,0,26,11,-1.2297209314036044
4,15,0,26,12,-1.229888998938594
4,15,0,26,31,-1.2342772546141985
4,15,0,26,32,-1.2344412517822378
4,15,0,26,33,-1.234576151047687
4,15,0,27,0,-1.228475629328052
4,15,0,27,1,-1.228552677417777
4,15,0,27,2,-1.228615523256622
4,15,0,27,3,-1.2286826939194597
4,15,0,27,4,-1.2287580796459432
4,15,0,27,5,-1.228843186834792
4,15,0,27,6,-1.228939010672876
4,15,0,27,7,-1.2290463354317231
4,15,0,27,8,-1.229165834893273
4,15,0,27,9,-1.229298103361773
4,15,0,27,10,-1.229443790978569
4,15,0,27,11,-1.2296035544763528
4,15,0,27,12,-1.2297780023086018
4,15,0,27,32,-1.234769422815156
4,15,0,28,0,-1.2284081649249183
4,15,0,28,1,-1.2284462863188113
4,15,0,28,2,-1.2284971449398467
4,15,0,28,3,-1.2285582725408626
4,15,0,28,4,-1.228629964501876
4,15,0,28,5,-1.2287128241096308
4,15,0,28,6,-1.2288075078737328
4,15,0,28,7,-1.2289146652986407
4,15,0,28,8,-1.2290349427416785
4,15,0,28,9,-1.2291689866653324
4,15,0,28,10,-1.2293174731554612
4,15,0,28,11,-1.2294810959769233
4,15,0,28,12,-1.2296605511075631
4,15,0,28,13,-1.229856513126779
4,15,0,28,32,-1.2351348383684257
4,15,0,28,33,-1.2353327061149986
4,15,0,29,0,-1.2283121600456328
4,15,0,29,1,-1.2283367371957377
4,15,0,29,2,-1.2283780727298321
4,15,0,29,3,-1.2284328975159777
4,15,0,29,4,-1.228500296190714
4,15,0,29,5,-1.2285802545306452
4,15,0,29,6,-1.2286731423366213
4,15,0,29,7,-1.2287794875467553
4,15,0,29,8,-1.2288999022672913
4,15,0,29,9,-1.2290350488009636
4,15,0,29,10,-1.2291856347914958
4,15,0,29,11,-1.2293524141923642
4,15,0,29,12,-1.2295362038540896
4,15,0,29,13,-1.2297378969662593
4,15,0,29,31,-1.2352660887586349
4,15,0,30,0,-1.2282011594510303
4,15,0,30,1,-1.228220011021525
4,15,0,30,2,-1.2282550918591082
4,15,0,30,3,-1.2283045644720147
4,15,0,30,4,-1.2283676861458876
4,15,0,30,5,-1.2284443751386562
4,15,0,30,6,-1.228534933861298
4,15,0,30,7,-1.2286398583305267
4,15,0,30,8,-1.2287597559685635
4,15,0,30,9,-1.228895301425073
4,15,0,30,10,-1.2290472263640915
4,15,0,30,11,-1.2292163370176126
4,15,0,30,12,-1.2294035689295146
4,15,0,30,13,-1.2296100680481983
4,15,0,30,31,-1.235653706972896
4,15,0,31,0,-1.2280808896439366
4,15,0,31,1,-1.2280966388731591
4,15,0,31,2,-1.2281273052854649
4,15,0,31,3,-1.2281722028981872
4,15,0,31,4,-1.2282311299237225
4,15,0,31,5,-1.2283042478258321
4,15,0,31,6,-1.2283919773294918
4,15,0,31,7,-1.2284948791278896
4,15,0,31,8,-1.2286135950763781
4,15,0,31,9,-1.228748812591736
4,15,0,31,10,-1.2289012628027
4,15,0,31,11,-1.2290717589132683
4,15,0,31,12,-1.2292612868338006
4,15,0,31,13,-1.2294711426237024
4,15,0,31,30,-1.2356786653319058
4,15,0,32,0,-1.2279544536977391
4,15,0,32,1,-1.2279679346259431
4,15,0,32,2,-1.2279948789132553
4,15,0,32,3,-1.228035437186033
4,15,0,32,4,-1.2280900072154632
4,15,0,32,5,-1.2281591328077068
4,15,0,32,6,-1.2282434689301724
4,15,0,32,7,-1.2283437132317374
4,15,0,32,8,-1.2284605721050135
4,15,0,32,9,-1.2285947364409764
4,15,0,32,10,-1.2287468907456711
4,15,0,32,11,-1.2289177744280644
4,15,0,32,12,-1.2291083004957812
4,15,0,32,13,-1.2293196589663258
4,15,0,32,14,-1.2295532485151013
4,15,0,32,30,-1.23606974565544
4,15,0,33,0,-1.2278241203972597
4,15,0,33,1,-1.2278353535924131
4,15,0,33,2,-1.2278584347582955
4,15,0,33,3,-1.2278942897617025
4,15,0,33,4,-1.2279439567602122
4,15,0,33,5,-1.228008433375428
4,15,0,33,6,-1.228088675056843
4,15,0,33,7,-1.2281855633995127
4,15,0,33,8,-1.2282998879915112
4,15,0,33,9,-1.2284323218503306
4,15,0,33,10,-1.2285834328598606
4,15,0,33,11,-1.2287537777478033
4,15,0,33,12,-1.228944108482345
4,15,0,33,13,-1.2291555831137033
4,15,0,33,14,-1.2293899239315933
4,15,0,33,30,-1.2365086204810007
4,15,0,33,31,-1.23697990884739
4,15,0,33,32,-1.237387834757391
4,15,0,33,33,-1.2377312967774032
4,15,0,34,0,-1.2276921376580756
4,15,0,34,1,-1.2277005121932703
4,15,0,34,2,-1.227718816802914
4,15,0,34,3,-1.227748964887468
4,15,0,34,4,-1.2277927280644643
4,15,0,34,5,-1.2278515975776152
4,15,0,34,6,-1.2279268593224082
4,15,0,34,7,-1.2280196100728014
4,15,0,34,8,-1.228130741956395
4,15,0,34,9,-1.2282608859623725
4,15,0,34,10,-1.2284103896432528
4,15,0,34,11,-1.2285794297922985
4,15,0,34,12,-1.2287684022394094
4,15,0,34,13,-1.2289782818800172
4,15,0,34,14,-1.2292108953875984
4,15,0,34,15,-1.2294686942612694
4,15,0,34,30,-1.2369503598423004
4,15,0,34,31,-1.2374409494705327
4,15,0,34,33,-1.2382032031595778
4,15,0,35,0,-1.2275613639526888
4,15,0,35,1,-1.2275653287537687
4,15,0,35,2,-1.22757695789023
4,15,0,35,3,-1.2275996631691553
4,15,0,35,4,-1.227636027807707
4,15,0,35,5,-1.2276880013725413
4,15,0,35,6,-1.2277571818943631
4,15,0,35,7,-1.227844909957395
4,15,0,35,8,-1.227952232336767
4,15,0,35,9,-1.2280797481467054
4,15,0,35,10,-1.2282274617209563
4,15,0,35,11,-1.2283947879115795
4,15,0,35,12,-1.2285814216107143
4,15,0,35,13,-1.2287878895399442
4,15,0,35,14,-1.2290163427319092
4,15,0,35,15,-1.229269458310179
4,15,0,35,16,-1.229551997475186
4,15,0,35,19,-1.2306006876421232
4,15,0,35,20,-1.2310298344987238
4,15,0,35,21,-1.2315069368997245
4,15,0,35,23,-1.2326330708165223
4,15,0,35,24,-1.2332717927524905
4,15,0,35,25,-1.233957150742681
4,15,0,35,33,-1.2386305200688803
4,15,0,36,0,-1.227436208448287
4,15,0,36,1,-1.2274320687962046
4,15,0,36,2,-1.2274336263464305
4,15,0,36,3,-1.2274463424429
4,15,0,36,4,-1.2274733559174036
4,15,0,36,5,-1.227516833547802
4,15,0,36,6,-1.2275785879551553
4,15,0,36,7,-1.227660252007
4,15,0,36,8,-1.2277631777524536
4,15,0,36,9,-1.2278880694164156
4,15,0,36,10,-1.2280345737075542
4,15,0,36,11,-1.2282004796441077
4,15,0,36,12,-1.2283842429651821
4,15,0,36,13,-1.2285851573609154
4,15,0,36,14,-1.2288067905966114
4,15,0,36,15,-1.2290504757721
4,15,0,36,16,-1.2293209014583668
4,15,0,36,17,-1.2296267073487197
4,15,0,36,18,-1.2299733117312184
4,15,0,36,22,-1.2318930973188182
4,15,0,36,23,-1.2325482641796288
4,15,0,36,26,-1.2348768769553216
4,15,0,36,27,-1.2356847065568108
4,15,0,36,32,-1.2387094265224161
4,15,0,36,33,-1.2390439246613771
4,15,0,37,0,-1.2273247747774283
4,15,0,37,1,-1.2273026987528814
4,15,0,37,2,-1.2272887395997782
4,15,0,37,3,-1.2272883641703285
4,15,0,37,4,-1.2273038574755974
4,15,0,37,5,-1.2273370271939026
4,15,0,37,6,-1.2273897207174271
4,15,0,37,7,-1.2274639725784975
4,15,0,37,8,-1.2275618054113266
4,15,0,37,9,-1.2276844313721753
4,15,0,37,10,-1.227831934587228
4,15,0,37,11,-1.227997956209368
4,15,0,37,12,-1.2281795525124977
4,15,0,37,13,-1.2283712656059471
4,15,0,37,14,-1.2285734314884038
4,15,0,37,15,-1.228795506851453
4,15,0,37,16,-1.2290495000729784
4,15,0,37,17,-1.2293441120035424
4,15,0,37,28,-1.2367393911976514
4,15,0,37,29,-1.237525395566069
4,15,0,37,30,-1.2381898220789944
4,15,0,37,31,-1.2387233188441864
4,15,0,37,32,-1.2391357850999254
4,15,0,38,0,-1.2272449985036387
4,15,0,38,1,-1.2271747981036047
4,15,0,38,2,-1.2271398718522748
4,15,0,38,3,-1.2271241529746353
4,15,0,38,4,-1.227126316603473
4,15,0,38,5,-1.2271473350753592
4,15,0,38,6,-1.22718893764473
4,15,0,38,7,-1.2272537572388886
4,15,0,38,8,-1.2273452881601408
4,15,0,38,9,-1.227465565054236
4,15,0,38,10,-1.2276098578941586
4,15,0,38,11,-1.227768781254145
4,15,0,38,12,-1.2279419439086512
4,15,0,38,13,-1.2281193033164342
4,15,0,38,14,-1.2282947418809904
4,15,0,38,15,-1.2284659888612213
4,15,0,39,1,-1.2270212007544563
4,15,0,39,2,-1.2269813809281833
4,15,0,39,3,-1.2269516598886643
4,15,0,39,4,-1.2269395552062783
4,15,0,39,5,-1.226946698058343
4,15,0,39,6,-1.226974585316234
4,15,0,39,7,-1.2270264781413078
4,15,0,39,8,-1.2271018700306078
4,15,0,39,9,-1.227198117089658
4,15,0,39,10,-1.2273222314079189
4,15,0,39,11,-1.2274665106682905
4,15,0,39,12,-1.2276363377261115
4,15,0,39,13,-1.227793583825012
4,15,0,40,1,-1.2269170006959444
4,15,0,40,2,-1.226822373370925
4,15,0,40,3,-1.2267711486783437
4,15,0,40,4,-1.226743178365341
4,15,0,40,5,-1.2267349536785617
4,15,0,40,6,-1.2267458748666917
4,15,0,40,7,-1.2267739483941456
4,15,0,40,8,-1.2268056462044274
4,15,0,40,9,-1.2268244939968433
4,15,0,40,10,-1.2267726894559563
4,15,0,40,11,-1.2268126087245876
4,15,0,41,2,-1.2266295372901057
4,15,0,41,3,-1.2265769636508794
4,15,0,41,4,-1.2265366532651385
4,15,0,41,5,-1.2265112969476522
4,15,0,41,6,-1.226494301774501
4,15,0,41,7,-1.2264745624390878
4,15,0,41,8,-1.2264221654112863
4,15,0,41,9,-1.226084532246084
4,15,0,42,2,-1.226498848475086
4,15,0,42,3,-1.2263739494119
4,15,0,42,4,-1.226299948324245
4,15,0,42,5,-1.226238576036444
4,15,0,42,6,-1.2261702604485838
4,15,0,42,7,-1.2260530026568364
4,15,0,43,3,-1.2260824710311087
4,15,0,43,4,-1.2259864885185516
4,15,0,43,5,-1.2258540063568426
4,15,0,43,6,-1.225614987652103
4,15,0,44,3,-1.2258364843135323
4,15,0,44,4,-1.225568591653069
4,16,0,10,55,-1.220205661239084
4,16,0,11,54,-1.220211418433645
4,16,0,12,9,-1.2186092260431718
4,16,0,12,53,-1.2202196276419832
4,16,0,13,9,-1.218543704886156
4,16,0,13,52,-1.2202307593771433
4,16,0,14,10,-1.2185555493862963
4,16,0,14,11,-1.2186355177940742
4,16,0,14,12,-1.218718774467557
4,16,0,14,13,-1.2188048672711085
4,16,0,14,14,-1.2188936391026561
4,16,0,14,15,-1.2189851932946707
4,16,0,14,52,-1.2202377812343426
4,16,0,15,16,-1.219048901859123
4,16,0,15,45,-1.2203749431285564
4,16,0,15,46,-1.2203470493199777
4,16,0,15,47,-1.220322502186575
4,16,0,15,48,-1.2203009242370912
4,16,0,15,49,-1.2202822472857553
4,16,0,15,50,-1.2202665090217533
4,16,0,15,51,-1.2202541316687878
4,16,0,16,17,-1.2191283713789112
4,16,0,16,18,-1.2192392102248542
4,16,0,16,45,-1.220399898527065
4,16,0,16,51,-1.2202642528429488
4,16,0,17,19,-1.219347167200922
4,16,0,17,44,-1.220467300108394
4,16,0,18,20,-1.219475056594737
4,16,0,18,45,-1.2204488619317913
4,16,0,19,21,-1.219625174218809
4,16,0,19,42,-1.2206620380045958
4,16,0,19,43,-1.2205874092422064
4,16,0,19,44,-1.220523447667122
4,16,0,20,3,-1.2175312695363238
4,16,0,20,22,-1.2198000275434502
4,16,0,20,42,-1.220706847756215
4,16,0,21,3,-1.2174538600771851
4,16,0,21,4,-1.217506370651475
4,16,0,21,23,-1.2200023911513733
4,16,0,21,24,-1.2201666541855212
4,16,0,21,41,-1.220872758530399
4,16,0,22,3,-1.2173334394197441
4,16,0,22,4,-1.2173845844929134
4,16,0,22,25,-1.2204132309862876
4,16,0,22,38,-1.2214542523426648
4,16,0,22,39,-1.2213794857977307
4,16,0,22,40,-1.221295165270533
4,16,0,23,2,-1.217070497053511
4,16,0,23,3,-1.2171713724519675
4,16,0,23,4,-1.2172488448083802
4,16,0,23,5,-1.2173308918523036
4,16,0,23,26,-1.2206949794458724
4,16,0,23,37,-1.2217312770562219
4,16,0,24,2,-1.2169791222730295
4,16,0,24,3,-1.2170421915144747
4,16,0,24,4,-1.2171180107048265
4,16,0,24,5,-1.2172022534362745
4,16,0,24,6,-1.2172956369048702
4,16,0,24,7,-1.2173983104822723
4,16,0,24,27,-1.2210163244525418
4,16,0,24,28,-1.2212076330523631
4,16,0,24,35,-1.22201341858455
4,16,0,24,36,-1.2220162081875268
4,16,0,25,1,-1.216742077039864
4,16,0,25,2,-1.2168341738573014
4,16,0,25,3,-1.216909752763206
4,16,0,25,4,-1.2169882366469154
4,16,0,25,5,-1.2170739790829022
4,16,0,25,6,-1.2171687182655662
4,16,0,25,7,-1.2172733219954956
4,16,0,25,8,-1.2173885438367285
4,16,0,25,9,-1.2175140613683277
4,16,0,25,10,-1.2176507960423317
4,16,0,25,29,-1.2215841760041724
4,16,0,25,30,-1.2217685034536814
4,16,0,25,34,-1.222264782978914
4,16,0,26,1,-1.2166594775723336
4,16,0,26,2,-1.216715223839931
4,16,0,26,3,-1.2167838881127861
4,16,0,26,4,-1.2168607055823661
4,16,0,26,5,-1.216946220415109
4,16,0,26,6,-1.217041450111184
4,16,0,26,7,-1.2171472225418467
4,16,0,26,8,-1.2172641988618877
4,16,0,26,9,-1.2173927767617303
4,16,0,26,10,-1.2175336168710487
4,16,0,26,11,-1.2176873934364962
4,16,0,26,12,-1.2178538228260285
4,16,0,26,31,-1.2221992489552562
4,16,0,26,32,-1.2223616397023533
4,16,0,26,33,-1.2224952158222595
4,16,0,27,0,-1.2164543490058026
4,16,0,27,1,-1.2165306246129446
4,16,0,27,2,-1.2165928453787587
4,16,0,27,3,-1.2166593521594957
4,16,0,27,4,-1.2167339961202688
4,16,0,27,5,-1.2168182685602025
4,16,0,27,6,-1.2169131546912197
4,16,0,27,7,-1.2170194309128644
4,16,0,27,8,-1.2171377642370675
4,16,0,27,9,-1.2172687429839497
4,16,0,27,10,-1.2174130107742176
4,16,0,27,11,-1.217571217773162
4,16,0,27,12,-1.2177439663498237
4,16,0,27,32,-1.2226866679105017
4,16,0,28,0,-1.2163875679378435
4,16,0,28,1,-1.2164253097009525
4,16,0,28,2,-1.2164756650130348
4,16,0,28,3,-1.2165361907000856
4,16,0,28,4,-1.2166071792844209
4,16,0,28,5,-1.2166892280732933
4,16,0,28,6,-1.216782987033578
4,16,0,28,7,-1.216889099184051
4,16,0,28,8,-1.2170082044219892
4,16,0,28,9,-1.2171409427409543
4,16,0,28,10,-1.2172879834694494
4,16,0,28,11,-1.2174500134555053
4,16,0,28,12,-1.2176277217457088
4,16,0,28,13,-1.2178217761871286
4,16,0,28,32,-1.2230485797991202
4,16,0,28,33,-1.2232445119885373
4,16,0,29,0,-1.2162925369081212
4,16,0,29,1,-1.2163168713119799
4,16,0,29,2,-1.2163578002109565
4,16,0,29,3,-1.216412087496296
4,16,0,29,4,-1.2164788271035225
4,16,0,29,5,-1.2165580050424056
4,16,0,29,6,-1.2166499874676295
4,16,0,29,7,-1.2167552970754851
4,16,0,29,8,-1.2168745398836558
4,16,0,29,9,-1.2170083715972055
4,16,0,29,10,-1.2171574928146367
4,16,0,29,11,-1.2173226500012895
4,16,0,29,12,-1.217504651907786
4,16,0,29,13,-1.2177043828609087
4,16,0,29,31,-1.2231786191578575
4,16,0,30,0,-1.216182663811274
4,16,0,30,1,-1.216201330641841
4,16,0,30,2,-1.2162360684467355
4,16,0,30,3,-1.21628505826712
4,16,0,30,4,-1.2163475649079833
4,16,0,30,5,-1.2164235075218692
4,16,0,30,6,-1.2165131855522715
4,16,0,30,7,-1.2166170901085975
4,16,0,30,8,-1.2167358225935287
4,16,0,30,9,-1.2168700509618207
4,16,0,30,10,-1.2170204996209826
4,16,0,30,11,-1.2171879668261014
4,16,0,30,12,-1.217373378879239
4,16,0,30,13,-1.2175778704058289
4,16,0,30,31,-1.2235625207241325
4,16,0,31,0,-1.2160636171646437
4,16,0,31,1,-1.216079213184
4,16,0,31,2,-1.2161095815510212
4,16,0,31,3,-1.2161540431658808
4,16,0,31,4,-1.21621239827223
4,16,0,31,5,-1.216284806755712
4,16,0,31,6,-1.2163716851774544
4,16,0,31,7,-1.216473588682101
4,16,0,31,8,-1.216591152778991
4,16,0,31,9,-1.2167250580872506
4,16,0,31,10,-1.2168760285131472
4,16,0,31,11,-1.2170448692462452
4,16,0,31,12,-1.2172325564896067
4,16,0,31,13,-1.2174403735299253
4,16,0,31,30,-1.2235873134380517
4,16,0,32,0,-1.215938468535333
4,16,0,32,1,-1.21595181937033
4,16,0,32,2,-1.2159785036001924
4,16,0,32,3,-1.21601867025227
4,16,0,32,4,-1.2160727130441693
4,16,0,32,5,-1.216141170325777
4,16,0,32,6,-1.2162246905350043
4,16,0,32,7,-1.2163239644040322
4,16,0,32,8,-1.2164396913521756
4,16,0,32,9,-1.2165725554652749
4,16,0,32,10,-1.2167232345231969
4,16,0,32,11,-1.2168924606873226
4,16,0,32,12,-1.217081138011101
4,16,0,32,13,-1.2172904448044677
4,16,0,32,14,-1.217521765922828
4,16,0,32,30,-1.223974649885896
4,16,0,33,0,-1.2158094636171282
4,16,0,33,1,-1.215820589658305
4,16,0,33,2,-1.2158434502046314
4,16,0,33,3,-1.215878961633
4,16,0,33,4,-1.2159281515355023
4,16,0,33,5,-1.2159920074747734
4,16,0,33,6,-1.2160714753396844
4,16,0,33,7,-1.21616742797314
4,16,0,33,8,-1.2162806471827448
4,16,0,33,9,-1.2164117993953665
4,16,0,33,10,-1.2165614469716792
4,16,0,33,11,-1.2167301412494158
4,16,0,33,12,-1.216918626877904
4,16,0,33,13,-1.2171280505519948
4,16,0,33,14,-1.2173601175866664
4,16,0,33,30,-1.2244093177105215
4,16,0,33,31,-1.2248759921764392
4,16,0,33,32,-1.225279925027702
4,16,0,33,33,-1.2256200259584984
4,16,0,34,0,-1.215678827413669
4,16,0,34,1,-1.2156871239893914
4,16,0,34,2,-1.2157052567317175
4,16,0,34,3,-1.2157351194602832
4,16,0,34,4,-1.2157784657546364
4,16,0,34,5,-1.2158367717946994
4,16,0,34,6,-1.2159113105903354
4,16,0,34,7,-1.216003168026295
4,16,0,34,8,-1.2161132274640967
4,16,0,34,9,-1.2162421137760235
4,16,0,34,10,-1.2163901712461485
4,16,0,34,11,-1.2165575751118574
4,16,0,34,12,-1.2167447174588317
4,16,0,34,13,-1.216952563676705
4,16,0,34,14,-1.2171829224501376
4,16,0,34,15,-1.2174382210555363
4,16,0,34,30,-1.2248468233204144
4,16,0,34,31,-1.2253326055063574
4,16,0,34,33,-1.2260873890345991
4,16,0,35,0,-1.2155493892320903
4,16,0,35,1,-1.2155533211548815
4,16,0,35,2,-1.2155648465630273
4,16,0,35,3,-1.2155873423376617
4,16,0,35,4,-1.215623365385916
4,16,0,35,5,-1.2156748455759632
4,16,0,35,6,-1.215743364931411
4,16,0,35,7,-1.2158302507438525
4,16,0,35,8,-1.2159365395404298
4,16,0,35,9,-1.2160628247220069
4,16,0,35,10,-1.21620911086736
4,16,0,35,11,-1.2163748189379933
4,16,0,35,12,-1.2165596470684674
4,16,0,35,13,-1.2167641169521897
4,16,0,35,14,-1.216990358431376
4,16,0,35,15,-1.2172410222288335
4,16,0,35,16,-1.2175208222336704
4,16,0,35,19,-1.2185593356388478
4,16,0,35,20,-1.2189843104130014
4,16,0,35,21,-1.2194567692610099
4,16,0,35,23,-1.2205719194753133
4,16,0,35,24,-1.22120439852219
4,16,0,35,25,-1.2218830498722102
4,16,0,35,33,-1.2265105948419226
4,16,0,36,0,-1.2154255131887957
4,16,0,36,1,-1.215421423647171
4,16,0,36,2,-1.215422980330288
4,16,0,36,3,-1.2154355886673425
4,16,0,36,4,-1.2154623555523028
4,16,0,36,5,-1.215505425911453
4,16,0,36,6,-1.2155665942520963
4,16,0,36,7,-1.2156474772863453
4,16,0,36,8,-1.2157494138603884
4,16,0,36,9,-1.2158731015715216
4,16,0,36,10,-1.2160181910912564
4,16,0,36,11,-1.2161824938986747
4,16,0,36,12,-1.2163644812234344
4,16,0,36,13,-1.2165634540042742
4,16,0,36,14,-1.2167829447100744
4,16,0,36,15,-1.2170242736783459
4,16,0,36,16,-1.217292084053265
4,16,0,36,17,-1.2175949325977544
4,16,0,36,18,-1.2179381869896715
4,16,0,36,22,-1.2198393226283952
4,16,0,36,23,-1.220488093696943
4,16,0,36,26,-1.2227938984674558
4,16,0,36,27,-1.2235938021330564
4,16,0,36,32,-1.2265888142841637
4,16,0,36,33,-1.226920023929579
4,16,0,37,0,-1.2153152199571597
4,16,0,37,1,-1.2152933780557482
4,16,0,37,2,-1.2152795766049174
4,16,0,37,3,-1.2152792266873313
4,16,0,37,4,-1.215294590256315
4,16,0,37,5,-1.215327456890292
4,16,0,37,6,-1.2153796556001943
4,16,0,37,7,-1.2154532008170307
4,16,0,37,8,-1.215550095396786
4,16,0,37,9,-1.2156715400084537
4,16,0,37,10,-1.2158176186174492
4,16,0,37,11,-1.2159820366473157
4,16,0,37,12,-1.216161879269725
4,16,0,37,13,-1.216351743247848
4,16,0,37,14,-1.2165519637859254
4,16,0,37,15,-1.2167719047196233
4,16,0,37,16,-1.2170234543315352
4,16,0,37,17,-1.2173152309074358
4,16,0,37,28,-1.2246382700205942
4,16,0,37,29,-1.2254165446746637
4,16,0,37,30,-1.226074430033793
4,16,0,37,31,-1.2266026719773653
4,16,0,37,32,-1.2270110760834987
4,16,0,38,0,-1.2152362611129484
4,16,0,38,1,-1.215166789330993
4,16,0,38,2,-1.2151322349143734
4,16,0,38,3,-1.2151166975060002
4,16,0,38,4,-1.2151188663498027
4,16,0,38,5,-1.215139704239852
4,16,0,38,6,-1.2151809232811026
4,16,0,38,7,-1.2152451303290293
4,16,0,38,8,-1.2153357853329279
4,16,0,38,9,-1.2154549035814375
4,16,0,38,10,-1.215597805363112
4,16,0,38,11,-1.2157551994246327
4,16,0,38,12,-1.2159266958566701
4,16,0,38,13,-1.21610235465472
4,16,0,38,14,-1.2162761223926235
4,16,0,38,15,-1.216445755806055
4,16,0,39,1,-1.2150147718598774
4,16,0,39,2,-1.2149753714947042
4,16,0,39,3,-1.2149459735612715
4,16,0,39,4,-1.2149340182043067
4,16,0,39,5,-1.2149411200545184
4,16,0,39,6,-1.2149687610287467
4,16,0,39,7,-1.2150201697272598
4,16,0,39,8,-1.2150948468373006
4,16,0,39,9,-1.2151901804408058
4,16,0,39,10,-1.215313116088986
4,16,0,39,11,-1.215456021654834
4,16,0,39,12,-1.215624219597765
4,16,0,39,13,-1.2157799731992702
4,16,0,40,1,-1.21491164339899
4,16,0,40,2,-1.214817998916226
4,16,0,40,3,-1.2147673161860322
4,16,0,40,4,-1.2147396554753906
4,16,0,40,5,-1.2147315442510878
4,16,0,40,6,-1.2147423888272189
4,16,0,40,7,-1.2147702175291937
4,16,0,40,8,-1.2148016453918042
4,16,0,40,9,-1.2148203736900838
4,16,0,40,10,-1.2147692053015522
4,16,0,40,11,-1.2148088296878294
4,16,0,41,2,-1.2146271499198984
4,16,0,41,3,-1.214575128492007
4,16,0,41,4,-1.214535251552208
4,16,0,41,5,-1.2145101813081676
4,16,0,41,6,-1.214493392170051
4,16,0,41,7,-1.214473895608197
4,16,0,41,8,-1.2144220912558068
4,16,0,41,9,-1.2140880238667435
4,16,0,42,2,-1.2144978072169514
4,16,0,42,3,-1.2143742047990063
4,16,0,42,4,-1.2143009817418229
4,16,0,42,5,-1.2142402641920194
4,16,0,42,6,-1.2141726806109183
4,16,0,42,7,-1.2140566676477458
4,16,0,43,3,-1.2140857345134122
4,16,0,43,4,-1.2139907539197625
4,16,0,43,5,-1.2138596592963784
4,16,0,43,6,-1.2136231351788744
4,16,0,44,3,-1.213842287029987
4,16,0,44,4,-1.2135771746927917
4,17,0,10,55,-1.2082720308243786
4,17,0,11,54,-1.2082777330948344
4,17,0,12,9,-1.206691610259991
4,17,0,12,53,-1.208285865088889
4,17,0,13,9,-1.2066267492014506
4,17,0,13,52,-1.2082968926962399
4,17,0,14,10,-1.2066384848323413
4,17,0,14,11,-1.2067176581939596
4,17,0,14,12,-1.2068000887111683
4,17,0,14,13,-1.206885328573929
4,17,0,14,14,-1.2069732221186067
4,17,0,14,15,-1.2070638715665523
4,17,0,14,52,-1.2083038483628343
4,17,0,15,16,-1.2071269770146906
4,17,0,15,45,-1.2084397308404156
4,17,0,15,46,-1.2084120970272672
4,17,0,15,47,-1.2083877786137542
4,17,0,15,48,-1.2083664018235598
4,17,0,15,49,-1.2083478991150987
4,17,0,15,50,-1.208332307755145
4,17,0,15,51,-1.2083200457678362
4,17,0,16,17,-1.2072056933395545
4,17,0,16,18,-1.2073154414283056
4,17,0,16,45,-1.208464450501316
4,17,0,16,51,-1.2083300705970268
4,17,0,17,19,-1.2074223713882999
4,17,0,17,44,-1.208531218996022
4,17,0,18,20,-1.2075490426899087
4,17,0,18,45,-1.2085129502149488
4,17,0,19,21,-1.2076977286597017
4,17,0,19,42,-1.2087241256194659
4,17,0,19,43,-1.2086501971513735
4,17,0,19,44,-1.2085868351170284
4,17,0,20,3,-1.2056244822584388
4,17,0,20,22,-1.2078709122096003
4,17,0,20,42,-1.2087685108907873
4,17,0,21,3,-1.2055478526608443
4,17,0,21,4,-1.205599840235312
4,17,0,21,23,-1.2080713407498112
4,17,0,21,24,-1.2082339923141499
4,17,0,21,41,-1.2089328571476303
4,17,0,22,3,-1.2054286455745735
4,17,0,22,4,-1.2054792822365612
4,17,0,22,25,-1.208478205207662
4,17,0,22,38,-1.2095088617540162
4,17,0,22,39,-1.209434795757091
4,17,0,22,40,-1.2093512706507559
4,17,0,23,2,-1.2051683473111672
4,17,0,23,3,-1.2052682113350368
4,17,0,23,4,-1.2053449121454105
4,17,0,23,5,-1.2054261462545366
4,17,0,23,26,-1.2087572493282197
4,17,0,23,37,-1.2097832646629545
4,17,0,24,2,-1.205077894707711
4,17,0,24,3,-1.205140334227742
4,17,0,24,4,-1.2052153999508863
4,17,0,24,5,-1.2052988089391459
4,17,0,24,6,-1.2053912710006565
4,17,0,24,7,-1.2054929337007614
4,17,0,24,27,-1.209075506293947
4,17,0,24,28,-1.2092649372447708
4,17,0,24,35,-1.2100627584076493
4,17,0,24,36,-1.2100654993531264
4,17,0,25,1,-1.204843236943424
4,17,0,25,2,-1.2049344090578138
4,17,0,25,3,-1.2050092339315883
4,17,0,25,4,-1.2050869390073649
4,17,0,25,5,-1.2051718340121222
4,17,0,25,6,-1.205265639572695
4,17,0,25,7,-1.2053692146443913
4,17,0,25,8,-1.2054833051714344
4,17,0,25,9,-1.2056075916956448
4,17,0,25,10,-1.2057429865023845
4,17,0,25,29,-1.2096378555163354
4,17,0,25,30,-1.2098203722491883
4,17,0,25,34,-1.2103117525704066
4,17,0,26,1,-1.20476147309215
4,17,0,26,2,-1.2048166621661718
4,17,0,26,3,-1.2048846435245437
4,17,0,26,4,-1.2049607004276695
4,17,0,26,5,-1.205045371581451
4,17,0,26,6,-1.2051396642394396
4,17,0,26,7,-1.2052443979080312
4,17,0,26,8,-1.2053602270579076
4,17,0,26,9,-1.205487545308566
4,17,0,26,10,-1.2056270066740313
4,17,0,26,11,-1.2057792786760908
4,17,0,26,12,-1.2059440803390067
4,17,0,26,31,-1.2102469668518785
4,17,0,26,32,-1.210407760356489
4,17,0,26,33,-1.2105400197165526
4,17,0,27,0,-1.2045584157041136
4,17,0,27,1,-1.2046339239101738
4,17,0,27,2,-1.2046955235286578
4,17,0,27,3,-1.2047613704828757
4,17,0,27,4,-1.204835277157597
4,17,0,27,5,-1.2049187198765063
4,17,0,27,6,-1.2050126739633764
4,17,0,27,7,-1.205117908020397
4,17,0,27,8,-1.2052350823596152
4,17,0,27,9,-1.20536477938835
4,17,0,27,10,-1.2055076362903552
4,17,0,27,11,-1.2056642967497462
4,17,0,27,12,-1.2058353571326776
4,17,0,27,32,-1.21072968591299
4,17,0,28,0,-1.2044923130407288
4,17,0,28,1,-1.2045296775865666
4,17,0,28,2,-1.2045795326913262
4,17,0,28,3,-1.2046394601102786
4,17,0,28,4,-1.204709749553786
4,17,0,28,5,-1.2047909924113456
4,17,0,28,6,-1.2048838321743558
4,17,0,28,7,-1.204988905445628
4,17,0,28,8,-1.205106845734994
4,17,0,28,9,-1.2052382866473283
4,17,0,28,10,-1.2053838908426402
4,17,0,28,11,-1.2055443383436582
4,17,0,28,12,-1.2057203113568038
4,17,0,28,13,-1.20591247108751
4,17,0,28,32,-1.2110881378391205
4,17,0,28,33,-1.2112821485105663
4,17,0,29,0,-1.2043982486656395
4,17,0,29,1,-1.2044223418066715
4,17,0,29,2,-1.2044628665147372
4,17,0,29,3,-1.2045166195092274
4,17,0,29,4,-1.2045827039888823
4,17,0,29,5,-1.2046611062183454
4,17,0,29,6,-1.2047521887567523
4,17,0,29,7,-1.2048564691233523
4,17,0,29,8,-1.204974547321109
4,17,0,29,9,-1.205107072542705
4,17,0,29,10,-1.2052547384361372
4,17,0,29,11,-1.2054182840781278
4,17,0,29,12,-1.2055985102237345
4,17,0,29,13,-1.2057962924500947
4,17,0,29,31,-1.211216991533976
4,17,0,30,0,-1.2042894945277758
4,17,0,30,1,-1.2043079777029428
4,17,0,30,2,-1.204342374478509
4,17,0,30,3,-1.2043908843344941
4,17,0,30,4,-1.2044527795740554
4,17,0,30,5,-1.2045279802650317
4,17,0,30,6,-1.2046167829326606
4,17,0,30,7,-1.204719673844567
4,17,0,30,8,-1.2048372484602512
4,17,0,30,9,-1.204970168128706
4,17,0,30,10,-1.2051191501004856
4,17,0,30,11,-1.2052849847605736
4,17,0,30,12,-1.205468589286783
4,17,0,30,13,-1.2056710871206107
4,17,0,30,31,-1.2115972209048218
4,17,0,31,0,-1.2041716615457083
4,17,0,31,1,-1.204187105214225
4,17,0,31,2,-1.2042171772133285
4,17,0,31,3,-1.2042612053148263
4,17,0,31,4,-1.2043189918139072
4,17,0,31,5,-1.2043906950600864
4,17,0,31,6,-1.2044767275116461
4,17,0,31,7,-1.2045776388373008
4,17,0,31,8,-1.204694058281143
4,17,0,31,9,-1.204826659756562
4,17,0,31,10,-1.2049761600489495
4,17,0,31,11,-1.205143356443089
4,17,0,31,12,-1.20532921555882
4,17,0,31,13,-1.2055350080644542
4,17,0,31,30,-1.2116218603849656
4,17,0,32,0,-1.2040477899931954
4,17,0,32,1,-1.204061011416514
4,17,0,32,2,-1.204087436971785
4,17,0,32,3,-1.2041272141399937
4,17,0,32,4,-1.2041807326533667
4,17,0,32,5,-1.2042485254796733
4,17,0,32,6,-1.2043312346086008
4,17,0,32,7,-1.2044295439400052
4,17,0,32,8,-1.2045441460062591
4,17,0,32,9,-1.204675718180715
4,17,0,32,10,-1.2048249316158126
4,17,0,32,11,-1.2049925113301774
4,17,0,32,12,-1.205179352541727
4,17,0,32,13,-1.2053866219963805
4,17,0,32,14,-1.205615690895341
4,17,0,32,30,-1.21200549606405
4,17,0,33,0,-1.2039201026381505
4,17,0,33,1,-1.2039311220166307
4,17,0,33,2,-1.203953762998821
4,17,0,33,3,-1.2039889325890025
4,17,0,33,4,-1.2040376479362003
4,17,0,33,5,-1.2041008866568452
4,17,0,33,6,-1.2041795851857486
4,17,0,33,7,-1.2042746077126538
4,17,0,33,8,-1.2043867283568463
4,17,0,33,9,-1.2045166070448228
4,17,0,33,10,-1.2046648007030198
4,17,0,33,11,-1.20483185536954
4,17,0,33,12,-1.2050185084806875
4,17,0,33,13,-1.2052258955168362
4,17,0,33,14,-1.2054557050136245
4,17,0,33,30,-1.2124360040872706
4,17,0,33,31,-1.2128981079977819
4,17,0,33,32,-1.2132980853875628
4,17,0,33,33,-1.213634856973211
4,17,0,34,0,-1.2037908017507313
4,17,0,34,1,-1.203799020601885
4,17,0,34,2,-1.2038169821065858
4,17,0,34,3,-1.203846560709578
4,17,0,34,4,-1.2038894921397862
4,17,0,34,5,-1.203947237668558
4,17,0,34,6,-1.2040210575539998
4,17,0,34,7,-1.2041120269067962
4,17,0,34,8,-1.2042210204205122
4,17,0,34,9,-1.204348656934739
4,17,0,34,10,-1.2044952775344109
4,17,0,34,11,-1.2046610559599622
4,17,0,34,12,-1.2048463806297376
4,17,0,34,13,-1.2050522075520238
4,17,0,34,14,-1.2052803276233122
4,17,0,34,15,-1.2055331441611603
4,17,0,34,30,-1.2128693225705656
4,17,0,34,31,-1.2133503430787251
4,17,0,34,33,-1.2140977278444431
4,17,0,35,0,-1.2036626877180097
4,17,0,35,1,-1.2036665865875507
4,17,0,35,2,-1.2036780082834795
4,17,0,35,3,-1.203700295106723
4,17,0,35,4,-1.203735977914866
4,17,0,35,5,-1.2037869670717807
4,17,0,35,6,-1.203854828752407
4,17,0,35,7,-1.2039408770880007
4,17,0,35,8,-1.2040461384643646
4,17,0,35,9,-1.2041712006459078
4,17,0,35,10,-1.2043160684941214
4,17,0,35,11,-1.20448016907553
4,17,0,35,12,-1.2046632037880223
4,17,0,35,13,-1.2048656893822205
4,17,0,35,14,-1.2050897347323541
4,17,0,35,15,-1.2053379644390974
4,17,0,35,16,-1.2056150455518848
4,17,0,35,19,-1.206643460976
4,17,0,35,20,-1.207064297593988
4,17,0,35,21,-1.2075321516947204
4,17,0,35,23,-1.2086364136938383
4,17,0,35,24,-1.2092627059692256
4,17,0,35,25,-1.2099347120678654
4,17,0,35,33,-1.2145168681540675
4,17,0,36,0,-1.203540080005437
4,17,0,36,1,-1.2035360396293804
4,17,0,36,2,-1.2035375945191815
4,17,0,36,3,-1.2035500947280569
4,17,0,36,4,-1.2035766155206562
4,17,0,36,5,-1.203619280181438
4,17,0,36,6,-1.203679865276423
4,17,0,36,7,-1.2037599715137555
4,17,0,36,8,-1.2038609246620937
4,17,0,36,9,-1.203983415768955
4,17,0,36,10,-1.2041270994707336
4,17,0,36,11,-1.2042898095675945
4,17,0,36,12,-1.20447003270722
4,17,0,36,13,-1.2046670770566088
4,17,0,36,14,-1.2048844401179066
4,17,0,36,15,-1.205123429623736
4,17,0,36,16,-1.2053886437112011
4,17,0,36,17,-1.205688556913819
4,17,0,36,18,-1.2060284867831723
4,17,0,36,22,-1.2079111273936578
4,17,0,36,23,-1.2085535596514507
4,17,0,36,26,-1.2108367680410987
4,17,0,36,27,-1.2116288208878718
4,17,0,36,32,-1.2145944119035588
4,17,0,36,33,-1.2149223651642185
4,17,0,37,0,-1.2034309170884332
4,17,0,37,1,-1.2034093066371891
4,17,0,37,2,-1.2033956604973424
4,17,0,37,3,-1.203395334508266
4,17,0,37,4,-1.2034105677850324
4,17,0,37,5,-1.2034431319768721
4,17,0,37,6,-1.2034948378820955
4,17,0,37,7,-1.203567680007895
4,17,0,37,8,-1.2036636416033952
4,17,0,37,9,-1.2037839119572857
4,17,0,37,10,-1.2039285749011865
4,17,0,37,11,-1.2040913996396476
4,17,0,37,12,-1.2042695000918844
4,17,0,37,13,-1.2044575272486044
4,17,0,37,14,-1.2046558154360663
4,17,0,37,15,-1.2048736364281287
4,17,0,37,16,-1.2051227596017071
4,17,0,37,17,-1.2054117213484947
4,17,0,37,28,-1.2126631715678606
4,17,0,37,29,-1.2134337915343811
4,17,0,37,30,-1.2140851997144415
4,17,0,37,31,-1.2146082385234205
4,17,0,37,32,-1.215012620551978
4,17,0,38,0,-1.2033527682762093
4,17,0,38,1,-1.2032840177612485
4,17,0,38,2,-1.2032498308116928
4,17,0,38,3,-1.2032344718686088
4,17,0,38,4,-1.2032366441567106
4,17,0,38,5,-1.2032573010185428
4,17,0,38,6,-1.203298137561663
4,17,0,38,7,-1.2033617347902554
4,17,0,38,8,-1.2034515185786798
4,17,0,38,9,-1.2035694850120793
4,17,0,38,10,-1.2037110041851113
4,17,0,38,11,-1.203866878325435
4,17,0,38,12,-1.2040367190446206
4,17,0,38,13,-1.204210687927122
4,17,0,38,14,-1.2043827950703268
4,17,0,38,15,-1.2045508242374383
4,17,0,39,1,-1.2031335651563504
4,17,0,39,2,-1.203094579535608
4,17,0,39,3,-1.2030655004305046
4,17,0,39,4,-1.2030536913384022
4,17,0,39,5,-1.2030607505096456
4,17,0,39,6,-1.2030881450421547
4,17,0,39,7,-1.2031390712512662
4,17,0,39,8,-1.2032130368469145
4,17,0,39,9,-1.2033074613358046
4,17,0,39,10,-1.2034292241984534
4,17,0,39,11,-1.2035707634966906
4,17,0,39,12,-1.2037373422669002
4,17,0,39,13,-1.2038916118864107
4,17,0,40,1,-1.20303149804067
4,17,0,40,2,-1.2029388261841554
4,17,0,40,3,-1.2028886791028828
4,17,0,40,4,-1.2028613234916983
4,17,0,40,5,-1.2028533226952758
4,17,0,40,6,-1.202864089049382
4,17,0,40,7,-1.2028916724368726
4,17,0,40,8,-1.2029228293243286
4,17,0,40,9,-1.2029414344784373
4,17,0,40,10,-1.202890889446885
4,17,0,40,11,-1.2029302151209467
4,17,0,41,2,-1.202749944656185
4,17,0,41,3,-1.2026984691908833
4,17,0,41,4,-1.202659020110455
4,17,0,41,5,-1.2026342313669367
4,17,0,41,6,-1.2026176440657834
4,17,0,41,7,-1.202598385117909
4,17,0,41,8,-1.2025471638592593
4,17,0,41,9,-1.2022166204318916
4,17,0,42,2,-1.2026219347323688
4,17,0,42,3,-1.202499615240863
4,17,0,42,4,-1.20242716128543
4,17,0,42,5,-1.2023670903013604
4,17,0,42,6,-1.202300229375635
4,17,0,42,7,-1.2021854461804475
4,17,0,43,3,-1.202214122468364
4,17,0,43,4,-1.202120132783391
4,17,0,43,5,-1.2019904101503387
4,17,0,43,6,-1.2017563532859863
4,17,0,44,3,-1.2019731883153664
4,17,0,44,4,-1.2017108270036618
4,18,0,10,55,-1.1964624536436548
4,18,0,11,54,-1.1964681018915904
4,18,0,12,9,-1.1948981073987892
4,18,0,12,53,-1.1964761581152288
4,18,0,13,9,-1.194833903475617
4,18,0,13,52,-1.1964870838679098
4,18,0,14,10,-1.1948455311324095
4,18,0,14,11,-1.1949239135253291
4,18,0,14,12,-1.1950055221378102
4,18,0,14,13,-1.1950899134421793
4,18,0,14,14,-1.1951769332005855
4,18,0,14,15,-1.195266682537053
4,18,0,14,52,-1.1964939737023175
4,18,0,15,16,-1.1953291900149683
4,18,0,15,45,-1.1966286160096682
4,18,0,15,46,-1.1966012342375845
4,18,0,15,47,-1.1965771373804373
4,18,0,15,48,-1.1965559553669323
4,18,0,15,49,-1.196537621311572
4,18,0,15,50,-1.1965221720744865
4,18,0,15,51,-1.1965100215307043
4,18,0,16,17,-1.195407159674773
4,18,0,16,18,-1.1955158231011398
4,18,0,16,45,-1.19665310311737
4,18,0,16,51,-1.1965199507247275
4,18,0,17,19,-1.1956217351255969
4,18,0,17,44,-1.196719252163489
4,18,0,18,20,-1.1957471992896438
4,18,0,18,45,-1.1967011452715857
4,18,0,19,21,-1.1958944666938067
4,18,0,19,42,-1.1969103646399222
4,18,0,19,43,-1.196837120784122
4,18,0,19,44,-1.1967743442619396
4,18,0,20,3,-1.193841742044566
4,18,0,20,22,-1.1960659959746764
4,18,0,20,42,-1.1969543317357818
4,18,0,21,3,-1.193765886477692
4,18,0,21,4,-1.193817354925215
4,18,0,21,23,-1.196264507683164
4,18,0,21,24,-1.196425558771038
4,18,0,21,41,-1.1971171424868927
4,18,0,22,3,-1.1936478837981406
4,18,0,22,4,-1.1936980158712414
4,18,0,22,25,-1.1966674304818383
4,18,0,22,38,-1.1976877532649652
4,18,0,22,39,-1.1976143742351206
4,18,0,22,40,-1.1975316306929373
4,18,0,23,2,-1.1933902094835327
4,18,0,23,3,-1.1934890698271754
4,18,0,23,4,-1.193565004934755
4,18,0,23,5,-1.1936454322564067
4,18,0,23,26,-1.1969437966239913
4,18,0,23,37,-1.1979595745578089
4,18,0,24,2,-1.1933006718592982
4,18,0,24,3,-1.1933624864578836
4,18,0,24,4,-1.1934368044353805
4,18,0,24,5,-1.1935193859984428
4,18,0,24,6,-1.193610933630626
4,18,0,24,7,-1.193711593092405
4,18,0,24,27,-1.1972589960549842
4,18,0,24,28,-1.1974465633660605
4,18,0,24,35,-1.198236465310333
4,18,0,24,36,-1.1982391528115983
4,18,0,25,1,-1.1930683828564088
4,18,0,25,2,-1.1931586374679461
4,18,0,25,3,-1.1932327141029941
4,18,0,25,4,-1.1933096463103732
4,18,0,25,5,-1.193393700329908
4,18,0,25,6,-1.1934865793657996
4,18,0,25,7,-1.1935891336025086
4,18,0,25,8,-1.193702101438795
4,18,0,25,9,-1.1938251663510369
4,18,0,25,10,-1.193959231561381
4,18,0,25,29,-1.1978158934923309
4,18,0,25,30,-1.1979966131151871
4,18,0,25,34,-1.1984831248780243
4,18,0,26,1,-1.192987447885888
4,18,0,26,2,-1.1930420840869316
4,18,0,26,3,-1.1931093877777825
4,18,0,26,4,-1.1931846899265084
4,18,0,26,5,-1.1932685238381353
4,18,0,26,6,-1.1933618866096782
4,18,0,26,7,-1.1934655894595823
4,18,0,26,8,-1.1935802802406887
4,18,0,26,9,-1.1937063485474295
4,18,0,26,10,-1.1938444418554857
4,18,0,26,11,-1.1939952210421698
4,18,0,26,12,-1.1941584077714988
4,18,0,26,31,-1.1984190995508444
4,18,0,26,32,-1.1985783076359833
4,18,0,26,33,-1.198709259222773
4,18,0,27,0,-1.1927864449548489
4,18,0,27,1,-1.1928611918862575
4,18,0,27,2,-1.1929221752018815
4,18,0,27,3,-1.1929873674065612
4,18,0,27,4,-1.19306054243815
4,18,0,27,5,-1.1931431617800423
4,18,0,27,6,-1.1932361909599858
4,18,0,27,7,-1.1933403908592441
4,18,0,27,8,-1.193456415159337
4,18,0,27,9,-1.1935848404218128
4,18,0,27,10,-1.1937262974701943
4,18,0,27,11,-1.193881423585896
4,18,0,27,12,-1.1940508092059383
4,18,0,27,32,-1.1988971677597724
4,18,0,28,0,-1.1927210150088634
4,18,0,28,1,-1.192758005297824
4,18,0,28,2,-1.1928073640610284
4,18,0,28,3,-1.1928666977975066
4,18,0,28,4,-1.192936293445696
4,18,0,28,5,-1.1930167365385367
4,18,0,28,6,-1.1931086641587878
4,18,0,28,7,-1.1932127065613645
4,18,0,28,8,-1.1933294909383771
4,18,0,28,9,-1.193459644580476
4,18,0,28,10,-1.1936038235600204
4,18,0,28,11,-1.193762701157566
4,18,0,28,12,-1.1939369528223203
4,18,0,28,13,-1.1941272332000608
4,18,0,28,32,-1.199252200523648
4,18,0,28,33,-1.1994443057977218
4,18,0,29,0,-1.1926279090790401
4,18,0,29,1,-1.192651762814372
4,18,0,29,2,-1.192691886418233
4,18,0,29,3,-1.1927451091902548
4,18,0,29,4,-1.1928105435350551
4,18,0,29,5,-1.1928881759845815
4,18,0,29,6,-1.1929783655477857
4,18,0,29,7,-1.193081624627105
4,18,0,29,8,-1.193198547279884
4,18,0,29,9,-1.1933297762645383
4,18,0,29,10,-1.1934759983641625
4,18,0,29,11,-1.1936379453571357
4,18,0,29,12,-1.1938164100986437
4,18,0,29,13,-1.1940122595203222
4,18,0,29,31,-1.1993798891676135
4,18,0,30,0,-1.1925202642659662
4,18,0,30,1,-1.1925385651725147
4,18,0,30,2,-1.1925726234878098
4,18,0,30,3,-1.1926206570012148
4,18,0,30,4,-1.192681945472593
4,18,0,30,5,-1.1927564098942913
4,18,0,30,6,-1.1928443439151806
4,18,0,30,7,-1.1929462290205324
4,18,0,30,8,-1.1930626547970982
4,18,0,30,9,-1.1931942760689949
4,18,0,30,10,-1.1933418030192564
4,18,0,30,11,-1.1935060182594688
4,18,0,30,12,-1.1936878299514744
4,18,0,30,13,-1.1938883504825293
4,18,0,30,31,-1.199756488410415
4,18,0,31,0,-1.192403634352333
4,18,0,31,1,-1.1924189267957848
4,18,0,31,2,-1.192448704621121
4,18,0,31,3,-1.1924923024384915
4,18,0,31,4,-1.1925495245999802
4,18,0,31,5,-1.1926205279509163
4,18,0,31,6,-1.1927057209005316
4,18,0,31,7,-1.1928056477079196
4,18,0,31,8,-1.1929209314263847
4,18,0,31,9,-1.1930522393465963
4,18,0,31,10,-1.193200281223642
4,18,0,31,11,-1.1933658465361452
4,18,0,31,12,-1.1935498924348276
4,18,0,31,13,-1.1937536771144026
4,18,0,31,30,-1.1997809831448716
4,18,0,32,0,-1.1922810285718108
4,18,0,32,1,-1.1922941215103195
4,18,0,32,2,-1.1923202902565797
4,18,0,32,3,-1.1923596807841932
4,18,0,32,4,-1.1924126788984966
4,18,0,32,5,-1.1924798122519542
4,18,0,32,6,-1.1925617164615063
4,18,0,32,7,-1.1926590686735794
4,18,0,32,8,-1.19277255461395
4,18,0,32,9,-1.1929028450270178
4,18,0,32,10,-1.193050604524707
4,18,0,32,11,-1.1932165510755497
4,18,0,32,12,-1.1934015711697763
4,18,0,32,13,-1.1936068201233074
4,18,0,32,14,-1.1938336556391473
4,18,0,32,30,-1.200160959367763
4,18,0,33,0,-1.1921546469577649
4,18,0,33,1,-1.1921655603942252
4,18,0,33,2,-1.1921879833231834
4,18,0,33,3,-1.192222813485765
4,18,0,33,4,-1.1922710577051256
4,18,0,33,5,-1.1923336837599576
4,18,0,33,6,-1.1924116187338594
4,18,0,33,7,-1.192505718258463
4,18,0,33,8,-1.1926167488518196
4,18,0,33,9,-1.1927453640212846
4,18,0,33,10,-1.1928921153352945
4,18,0,33,11,-1.1930575436088127
4,18,0,33,12,-1.1932423791587425
4,18,0,33,13,-1.1934477463819668
4,18,0,33,14,-1.1936753172213335
4,18,0,33,30,-1.200587353221919
4,18,0,33,31,-1.2010449312949352
4,18,0,33,32,-1.201440991979231
4,18,0,33,33,-1.2017744669054782
4,18,0,34,0,-1.1920266692457873
4,18,0,34,1,-1.1920348108217318
4,18,0,34,2,-1.1920526021481166
4,18,0,34,3,-1.1920818984981023
4,18,0,34,4,-1.1921244179362132
4,18,0,34,5,-1.1921816069793205
4,18,0,34,6,-1.1922547132663561
4,18,0,34,7,-1.1923448012472828
4,18,0,34,8,-1.1924527370423186
4,18,0,34,9,-1.1925791335340568
4,18,0,34,10,-1.1927243286636398
4,18,0,34,11,-1.1928884947167824
4,18,0,34,12,-1.1930720165063242
4,18,0,34,13,-1.19327584077289
4,18,0,34,14,-1.193501740818531
4,18,0,34,15,-1.193752096258941
4,18,0,34,30,-1.2010165299545514
4,18,0,34,31,-1.2014928357686172
4,18,0,34,33,-1.202232894966177
4,18,0,35,0,-1.191899867167389
4,18,0,35,1,-1.191903733005346
4,18,0,35,2,-1.191915051405549
4,18,0,35,3,-1.1919371304378068
4,18,0,35,4,-1.191972475173588
4,18,0,35,5,-1.1920229766685886
4,18,0,35,6,-1.1920901854089758
4,18,0,35,7,-1.1921754024989286
4,18,0,35,8,-1.1922796442885781
4,18,0,35,9,-1.1924034929755092
4,18,0,35,10,-1.1925469537261353
4,18,0,35,11,-1.1927094596853636
4,18,0,35,12,-1.1928907155145392
4,18,0,35,13,-1.193091233093654
4,18,0,35,14,-1.1933131005485615
4,18,0,35,15,-1.193558916632382
4,18,0,35,16,-1.193833302029733
4,18,0,35,19,-1.1948517077219207
4,18,0,35,20,-1.1952684433658975
4,18,0,35,21,-1.195731734747241
4,18,0,35,23,-1.1968252102207029
4,18,0,35,24,-1.1974453746602802
4,18,0,35,25,-1.1981107995031521
4,18,0,35,33,-1.202648014077178
4,18,0,36,0,-1.1917785159585457
4,18,0,36,1,-1.191774523972831
4,18,0,36,2,-1.1917760765054086
4,18,0,36,3,-1.1917884687830913
4,18,0,36,4,-1.1918147447561083
4,18,0,36,5,-1.1918570062812248
4,18,0,36,6,-1.191917012159958
4,18,0,36,7,-1.1919963472527342
4,18,0,36,8,-1.1920963243794152
4,18,0,36,9,-1.192217628111533
4,18,0,36,10,-1.1923599170361692
4,18,0,36,11,-1.1925210471009078
4,18,0,36,12,-1.1926995202662698
4,18,0,36,13,-1.1928946518866501
4,18,0,36,14,-1.1931099048380343
4,18,0,36,15,-1.1933465743950176
4,18,0,36,16,-1.1936092141235235
4,18,0,36,17,-1.1939062170835095
4,18,0,36,18,-1.194242851196844
4,18,0,36,22,-1.196107165006398
4,18,0,36,23,-1.1967433185152032
4,18,0,36,26,-1.1990041499137172
4,18,0,36,27,-1.1997884291764471
4,18,0,36,32,-1.202724891887713
4,18,0,36,33,-1.2030496214273048
4,18,0,37,0,-1.1916704726882417
4,18,0,37,1,-1.1916490911321334
4,18,0,37,2,-1.1916355982202673
4,18,0,37,3,-1.1916352950900604
4,18,0,37,4,-1.19165039824387
4,18,0,37,5,-1.1916826615773617
4,18,0,37,6,-1.1917338778517068
4,18,0,37,7,-1.1918060218379751
4,18,0,37,8,-1.1919010573611153
4,18,0,37,9,-1.192020162440232
4,18,0,37,10,-1.1921634207904492
4,18,0,37,11,-1.192324664845377
4,18,0,37,12,-1.1925010370663518
4,18,0,37,13,-1.192687242195923
4,18,0,37,14,-1.1928836136344567
4,18,0,37,15,-1.1930993319453447
4,18,0,37,16,-1.1933460488005703
4,18,0,37,17,-1.1936322194337692
4,18,0,37,28,-1.2008127639479844
4,18,0,37,29,-1.2015758056947594
4,18,0,37,30,-1.2022208017204206
4,18,0,37,31,-1.202738689824096
4,18,0,37,32,-1.2031390903831864
4,18,0,38,0,-1.1915931261746677
4,18,0,38,1,-1.1915250895679523
4,18,0,38,2,-1.1914912659522956
4,18,0,38,3,-1.1914760829229212
4,18,0,38,4,-1.1914782575507086
4,18,0,38,5,-1.1914987338203515
4,18,0,38,6,-1.1915391900024455
4,18,0,38,7,-1.1916021814873343
4,18,0,38,8,-1.1916911003796375
4,18,0,38,9,-1.1918079237312023
4,18,0,38,10,-1.1919480709336565
4,18,0,38,11,-1.1921024369028759
4,18,0,38,12,-1.1922706348914447
4,18,0,38,13,-1.1924429270897094
4,18,0,38,14,-1.1926133864706479
4,18,0,38,15,-1.1927798234421993
4,18,0,39,1,-1.1913761864418262
4,18,0,39,2,-1.1913376110312572
4,18,0,39,3,-1.1913088468667503
4,18,0,39,4,-1.1912971815789846
4,18,0,39,5,-1.1913041972052283
4,18,0,39,6,-1.1913313461662491
4,18,0,39,7,-1.1913817927893589
4,18,0,39,8,-1.1914550516764064
4,18,0,39,9,-1.1915485732957798
4,18,0,39,10,-1.19166917160554
4,18,0,39,11,-1.1918093545805695
4,18,0,39,12,-1.1919743266668354
4,18,0,39,13,-1.1921271233840463
4,18,0,40,1,-1.1912751701905493
4,18,0,40,2,-1.1911834608476957
4,18,0,40,3,-1.191133843421875
4,18,0,40,4,-1.1911067889368878
4,18,0,40,5,-1.1910988962639535
4,18,0,40,6,-1.1911095837103312
4,18,0,40,7,-1.191136922444432
4,18,0,40,8,-1.1911678087866546
4,18,0,40,9,-1.191186289029979
4,18,0,40,10,-1.1911363570224396
4,18,0,40,11,-1.1911753827987521
4,18,0,41,2,-1.19099652697922
4,18,0,41,3,-1.190945591481847
4,18,0,41,4,-1.1909065651372552
4,18,0,41,5,-1.190882053969607
4,18,0,41,6,-1.1908656651245626
4,18,0,41,7,-1.1908466396766053
4,18,0,41,8,-1.1907959933156287
4,18,0,41,9,-1.1904689342418315
4,18,0,42,2,-1.1908698363874568
4,18,0,42,3,-1.1907487863307273
4,18,0,42,4,-1.1906770929537993
4,18,0,42,5,-1.19061766095886
4,18,0,42,6,-1.1905515140861571
4,18,0,42,7,-1.1904379465469261
4,18,0,43,3,-1.1904662405351913
4,18,0,43,4,-1.1903732310817394
4,18,0,43,5,-1.190244865468146
4,18,0,43,6,-1.190013249321377
4,18,0,44,3,-1.190227793881191
4,18,0,44,4,-1.1899681547361598
4,19,0,10,55,-1.1847756967198382
4,19,0,11,54,-1.1847812917210827
4,19,0,12,9,-1.1832274028178074
4,19,0,12,53,-1.1847892733777041
4,19,0,13,9,-1.1831638516765584
4,19,0,13,52,-1.1848000991065244
4,19,0,14,10,-1.1831753723356044
4,19,0,14,11,-1.1832529693253786
4,19,0,14,12,-1.1833337618252666
4,19,0,14,13,-1.18341731054636
4,19,0,14,14,-1.1835034626630148
4,19,0,14,15,-1.1835923182145744
4,19,0,14,52,-1.1848069235813694
4,19,0,15,16,-1.1836542332405011
4,19,0,15,45,-1.1849403554113376
4,19,0,15,46,-1.1849132196605836
4,19,0,15,47,-1.184889338958072
4,19,0,15,48,-1.1848683469178034
4,19,0,15,49,-1.1848501773157505
4,19,0,15,50,-1.1848348666170831
4,19,0,15,51,-1.184822824595316
4,19,0,16,17,-1.1837314631913631
4,19,0,16,18,-1.1838390499023184
4,19,0,16,45,-1.1849646128626663
4,19,0,16,51,-1.184832658961353
4,19,0,17,19,-1.183943953585367
4,19,0,17,44,-1.185030153473
4,19,0,18,20,-1.1840682221066101
4,19,0,18,45,-1.1850122030710055
4,19,0,19,21,-1.184214084588669
4,19,0,19,42,-1.185219502177218
4,19,0,19,43,-1.1851469303751283
4,19,0,19,44,-1.185084728229062
4,19,0,20,3,-1.1821817178408227
4,19,0,20,22,-1.1843839756632686
4,19,0,20,42,-1.185263056675636
4,19,0,21,3,-1.1821066296976899
4,19,0,21,4,-1.1821575834272091
4,19,0,21,23,-1.1845805893212693
4,19,0,21,24,-1.1847400529198826
4,19,0,21,41,-1.1854243561476172
4,19,0,22,3,-1.1819898210861666
4,19,0,22,4,-1.1820394528930092
4,19,0,22,25,-1.1849796066684959
4,19,0,22,38,-1.1859896540113624
4,19,0,22,39,-1.1859169507296146
4,19,0,22,40,-1.1858349770053076
4,19,0,23,2,-1.1817347480747125
4,19,0,23,3,-1.1818326133920614
4,19,0,23,4,-1.1819077893835999
4,19,0,23,5,-1.1819874168531086
4,19,0,23,26,-1.1852533216231487
4,19,0,23,37,-1.1862589289201873
4,19,0,24,2,-1.18164611742633
4,19,0,24,3,-1.1817073124986073
4,19,0,24,4,-1.1817808891733472
4,19,0,24,5,-1.1818626504333363
4,19,0,24,6,-1.1819532915052446
4,19,0,24,7,-1.1820529563522906
4,19,0,24,27,-1.185565494363614
4,19,0,24,28,-1.185751213915717
4,19,0,24,35,-1.1865332549252203
4,19,0,24,36,-1.186535886126785
4,19,0,25,1,-1.1814161764165922
4,19,0,25,2,-1.181505521541638
4,19,0,25,3,-1.181578856427473
4,19,0,25,4,-1.181655022442786
4,19,0,25,5,-1.181738242732311
4,19,0,25,6,-1.1818302032348829
4,19,0,25,7,-1.1819317454441187
4,19,0,25,8,-1.1820436002885815
4,19,0,25,9,-1.1821654541501834
4,19,0,25,10,-1.1822982012871646
4,19,0,25,29,-1.1861169925522792
4,19,0,25,30,-1.1862959304355027
4,19,0,25,34,-1.1867776113015562
4,19,0,26,1,-1.1813360629410092
4,19,0,26,2,-1.1813901510891573
4,19,0,26,3,-1.1814567829908558
4,19,0,26,4,-1.181531336913327
4,19,0,26,5,-1.181614340818946
4,19,0,26,6,-1.181706781743303
4,19,0,26,7,-1.1818094626966225
4,19,0,26,8,-1.1819230249805954
4,19,0,26,9,-1.182047854208552
4,19,0,26,10,-1.1821845913911095
4,19,0,26,11,-1.1823338908367365
4,19,0,26,12,-1.1824954768286735
4,19,0,26,31,-1.1867143512364737
4,19,0,26,32,-1.1868719873409983
4,19,0,26,33,-1.1870016417489802
4,19,0,27,0,-1.1811370961418628
4,19,0,27,1,-1.1812110885459512
4,19,0,27,2,-1.1812714609500015
4,19,0,27,3,-1.1813360040901246
4,19,0,27,4,-1.1814084538133665
4,19,0,27,5,-1.1814902569041856
4,19,0,27,6,-1.1815823691893932
4,19,0,27,7,-1.1816855439066134
4,19,0,27,8,-1.181800428175541
4,19,0,27,9,-1.181927592776138
4,19,0,27,10,-1.182067662243927
4,19,0,27,11,-1.1822212675311417
4,19,0,27,12,-1.1823889932144573
4,19,0,27,32,-1.1871878171603292
4,19,0,28,0,-1.1810723327805164
4,19,0,28,1,-1.1811089520981413
4,19,0,28,2,-1.1811578188400857
4,19,0,28,3,-1.181216564038498
4,19,0,28,4,-1.1812854718959498
4,19,0,28,5,-1.1813651221494597
4,19,0,28,6,-1.1814561455394477
4,19,0,28,7,-1.181559166039772
4,19,0,28,8,-1.181674804592575
4,19,0,28,9,-1.1818036822449114
4,19,0,28,10,-1.1819464485571811
4,19,0,28,11,-1.1821037701455097
4,19,0,28,12,-1.1822763157796048
4,19,0,28,13,-1.1824647336219711
4,19,0,28,32,-1.1875394694871937
4,19,0,28,33,-1.1877296867257172
4,19,0,29,0,-1.1809801764915249
4,19,0,29,1,-1.1810037929005073
4,19,0,29,2,-1.1810435188688728
4,19,0,29,3,-1.1810962159968033
4,19,0,29,4,-1.1811610058240887
4,19,0,29,5,-1.1812378751566353
4,19,0,29,6,-1.1813271794951594
4,19,0,29,7,-1.1814294261825184
4,19,0,29,8,-1.1815452033963891
4,19,0,29,9,-1.1816751475343021
4,19,0,29,10,-1.1818199385941799
4,19,0,29,11,-1.1819803011404137
4,19,0,29,12,-1.1821570202183949
4,19,0,29,13,-1.1823509542124926
4,19,0,29,31,-1.1876660105502894
4,19,0,30,0,-1.1808736307296883
4,19,0,30,1,-1.1808917509341428
4,19,0,30,2,-1.1809254736945
4,19,0,30,3,-1.1809730349584497
4,19,0,30,4,-1.1810337218884877
4,19,0,30,5,-1.1811074564035877
4,19,0,30,6,-1.1811945293134558
4,19,0,30,7,-1.181295417376474
4,19,0,30,8,-1.1814107043731468
4,19,0,30,9,-1.181541038678203
4,19,0,30,10,-1.1816871234900663
4,19,0,30,11,-1.181849733737111
4,19,0,30,12,-1.1820297686674646
4,19,0,30,13,-1.1822283297375982
4,19,0,30,31,-1.1880390199815978
4,19,0,31,0,-1.1807581926500228
4,19,0,31,1,-1.1807733351529162
4,19,0,31,2,-1.1808028213059298
4,19,0,31,3,-1.180845992510664
4,19,0,31,4,-1.1809026551719786
4,19,0,31,5,-1.1809729646566498
4,19,0,31,6,-1.1810573253740027
4,19,0,31,7,-1.1811562762356984
4,19,0,31,8,-1.1812704341744913
4,19,0,31,9,-1.1814004599355445
4,19,0,31,10,-1.1815470563271147
4,19,0,31,11,-1.1817110051131798
4,19,0,31,12,-1.1818932540829878
4,19,0,31,13,-1.1820950490960054
4,19,0,31,30,-1.1880633759144985
4,19,0,32,0,-1.1806368407233447
4,19,0,32,1,-1.1806498062501214
4,19,0,32,2,-1.1806757203403535
4,19,0,32,3,-1.180714727490527
4,19,0,32,4,-1.1807672096311213
4,19,0,32,5,-1.1808336891613371
4,19,0,32,6,-1.180914795396976
4,19,0,32,7,-1.1810111988062555
4,19,0,32,8,-1.181123578384656
4,19,0,32,9,-1.181252598325187
4,19,0,32,10,-1.1813989167785597
4,19,0,32,11,-1.1815632447481164
4,19,0,32,12,-1.181746460097285
4,19,0,32,13,-1.1819497068396208
4,19,0,32,14,-1.182174329329234
4,19,0,32,30,-1.1884397326249463
4,19,0,33,0,-1.1805117524552005
4,19,0,33,1,-1.1805225608074559
4,19,0,33,2,-1.1805447674659726
4,19,0,33,3,-1.1805792610127939
4,19,0,33,4,-1.1806270380584478
4,19,0,33,5,-1.1806890566493224
4,19,0,33,6,-1.1807662346179433
4,19,0,33,7,-1.1808594191300765
4,19,0,33,8,-1.1809693691861174
4,19,0,33,9,-1.1810967319496082
4,19,0,33,10,-1.1812420536990824
4,19,0,33,11,-1.1814058700941457
4,19,0,33,12,-1.181588904418106
4,19,0,33,13,-1.1817922701087886
4,19,0,33,14,-1.1820176226965324
4,19,0,33,30,-1.188862056696977
4,19,0,33,31,-1.1893151542760865
4,19,0,33,32,-1.1897073375324976
4,19,0,33,33,-1.1900375489013189
4,19,0,34,0,-1.180385085257361
4,19,0,34,1,-1.1803931501364227
4,19,0,34,2,-1.1804107726014863
4,19,0,34,3,-1.1804397889548541
4,19,0,34,4,-1.1804818997811928
4,19,0,34,5,-1.180538536995688
4,19,0,34,6,-1.1806109357493844
4,19,0,34,7,-1.1807001499432745
4,19,0,34,8,-1.1808070372162607
4,19,0,34,9,-1.1809322045640425
4,19,0,34,10,-1.1810759868305216
4,19,0,34,11,-1.1812385548785713
4,19,0,34,12,-1.1814202899679898
4,19,0,34,13,-1.1816221296783727
4,19,0,34,14,-1.1818458299059642
4,19,0,34,15,-1.1820937468161807
4,19,0,34,30,-1.1892871360091053
4,19,0,34,31,-1.1897587746232963
4,19,0,34,33,-1.1904915821733069
4,19,0,35,0,-1.180259582481018
4,19,0,35,1,-1.1802634154287215
4,19,0,35,2,-1.180274631191925
4,19,0,35,3,-1.180296503958908
4,19,0,35,4,-1.1803315132789711
4,19,0,35,5,-1.1803815310961807
4,19,0,35,6,-1.180448092368049
4,19,0,35,7,-1.1805324853049963
4,19,0,35,8,-1.1806357163260437
4,19,0,35,9,-1.1807583621267945
4,19,0,35,10,-1.1809004281911981
4,19,0,35,11,-1.1810613537024561
4,19,0,35,12,-1.1812408465728597
4,19,0,35,13,-1.181439413875562
4,19,0,35,14,-1.1816591232049716
4,19,0,35,15,-1.1819025477374916
4,19,0,35,16,-1.182174262267632
4,19,0,35,19,-1.1831827518592082
4,19,0,35,20,-1.1835954255300758
4,19,0,35,21,-1.1840541979953823
4,19,0,35,23,-1.1851369919524735
4,19,0,35,24,-1.1857510889398908
4,19,0,35,25,-1.1864099978159788
4,19,0,35,33,-1.1909027232936489
4,19,0,36,0,-1.180139475565777
4,19,0,36,1,-1.1801355313013928
4,19,0,36,2,-1.1801370811355438
4,19,0,36,3,-1.1801493660225348
4,19,0,36,4,-1.1801753989154828
4,19,0,36,5,-1.1802172604594234
4,19,0,36,6,-1.1802766918700276
4,19,0,36,7,-1.1803552623185138
4,19,0,36,8,-1.18045427180615
4,19,0,36,9,-1.1805743984994503
4,19,0,36,10,-1.1807153049120522
4,19,0,36,11,-1.1808748689452933
4,19,0,36,12,-1.1810516077479
4,19,0,36,13,-1.181244843808497
4,19,0,36,14,-1.1814580057226969
4,19,0,36,15,-1.1816923764467193
4,19,0,36,16,-1.1819524654189657
4,19,0,36,17,-1.1822465850115271
4,19,0,36,18,-1.1825799540180373
4,19,0,36,22,-1.1844261166078425
4,19,0,36,23,-1.1850560530341283
4,19,0,36,26,-1.1872947305505193
4,19,0,36,27,-1.1880713143834176
4,19,0,36,32,-1.190978943863021
4,19,0,36,33,-1.1913004825056828
4,19,0,37,0,-1.1800325409811463
4,19,0,37,1,-1.1800113858465293
4,19,0,37,2,-1.179998044275203
4,19,0,37,3,-1.1799977632509213
4,19,0,37,4,-1.180012736891409
4,19,0,37,5,-1.1800447015166537
4,19,0,37,6,-1.180095432029591
4,19,0,37,7,-1.1801668836582873
4,19,0,37,8,-1.1802610009923116
4,19,0,37,9,-1.1803789508936693
4,19,0,37,10,-1.1805208169721986
4,19,0,37,11,-1.1806804943027998
4,19,0,37,12,-1.1808551536507408
4,19,0,37,13,-1.1810395530066413
4,19,0,37,14,-1.1812340248188717
4,19,0,37,15,-1.1814476593228622
4,19,0,37,16,-1.1816919916879403
4,19,0,37,17,-1.1819753967619016
4,19,0,37,28,-1.1890857350897581
4,19,0,37,29,-1.1898412755649213
4,19,0,37,30,-1.1904799247534592
4,19,0,37,31,-1.1909927147473962
4,19,0,37,32,-1.1913891745465888
4,19,0,38,0,-1.1799559888562525
4,19,0,38,1,-1.179888658821862
4,19,0,38,2,-1.1798551945653557
4,19,0,38,3,-1.1798401851832734
4,19,0,38,4,-1.1798423614556546
4,19,0,38,5,-1.1798626581041056
4,19,0,38,6,-1.1799027367271049
4,19,0,38,7,-1.1799651273479312
4,19,0,38,8,-1.180053188621926
4,19,0,38,9,-1.1801688787471634
4,19,0,38,10,-1.1803076659051095
4,19,0,38,11,-1.1804605368484153
4,19,0,38,12,-1.1806271065388667
4,19,0,38,13,-1.1807977367722102
4,19,0,38,14,-1.1809665627508938
4,19,0,38,15,-1.181131421186659
4,19,0,39,1,-1.179741289615595
4,19,0,39,2,-1.179703120009492
4,19,0,39,3,-1.1796746671504112
4,19,0,39,4,-1.1796631435813338
4,19,0,39,5,-1.1796701152935016
4,19,0,39,6,-1.1796970201754522
4,19,0,39,7,-1.1797469908748313
4,19,0,39,8,-1.179819548777469
4,19,0,39,9,-1.1799121749059316
4,19,0,39,10,-1.1800316182906176
4,19,0,39,11,-1.1801704563774136
4,19,0,39,12,-1.180333835765938
4,19,0,39,13,-1.1804851721738314
4,19,0,40,1,-1.1796413136482988
4,19,0,40,2,-1.1795505568086373
4,19,0,40,3,-1.1795014632630991
4,19,0,40,4,-1.1794747062692563
4,19,0,40,5,-1.1794669198691958
4,19,0,40,6,-1.1794775282876029
4,19,0,40,7,-1.179504623726964
4,19,0,40,8,-1.179535240839368
4,19,0,40,9,-1.1795535955587078
4,19,0,40,10,-1.179504267781763
4,19,0,40,11,-1.1795429940875501
4,19,0,41,2,-1.1793655507499181
4,19,0,41,3,-1.1793151494043381
4,19,0,41,4,-1.1792765409745551
4,19,0,41,5,-1.1792523038687834
4,19,0,41,6,-1.1792361106103406
4,19,0,41,7,-1.1792173152015437
4,19,0,41,8,-1.1791672364188555
4,19,0,41,9,-1.17884362359242
4,19,0,42,2,-1.179240166025963
4,19,0,42,3,-1.1791203721043042
4,19,0,42,4,-1.1790494310638058
4,19,0,42,5,-1.1789906308748312
4,19,0,42,6,-1.1789251899438185
4,19,0,42,7,-1.1788128245830551
4,19,0,43,3,-1.1788407428985976
4,19,0,43,4,-1.178748703245363
4,19,0,43,5,-1.1786216800922897
4,19,0,43,6,-1.1783924787207245
4,19,0,44,3,-1.1786047580589336
4,19,0,44,4,-1.1783478126049571
4,20,0,10,55,-1.1732105192228655
4,20,0,11,54,-1.1732160616695397
4,20,0,12,9,-1.171678203829231
4,20,0,12,53,-1.1732239698032358
4,20,0,13,9,-1.1716153002608651
4,20,0,13,52,-1.1732346970471128
4,20,0,14,10,-1.1716267149436255
4,20,0,14,11,-1.1717035330061205
4,20,0,14,12,-1.17178351612806
4,20,0,14,13,-1.171866229215719
4,20,0,14,14,-1.1719515208416968
4,20,0,14,15,-1.1720394899726203
4,20,0,14,52,-1.1732414567061755
4,20,0,15,16,-1.172100818270234
4,20,0,15,45,-1.1733737014904764
4,20,0,15,46,-1.1733468070088333
4,20,0,15,47,-1.1733231382134641
4,20,0,15,48,-1.173302332377524
4,20,0,15,49,-1.1732843239395094
4,20,0,15,50,-1.1732691489786038
4,20,0,15,51,-1.1732572132123815
4,20,0,16,17,-1.1721773157003408
4,20,0,16,18,-1.1722838347732687
4,20,0,16,45,-1.173397731984823
4,20,0,16,51,-1.1732669536166769
4,20,0,17,19,-1.1723877399833318
4,20,0,17,44,-1.17346267343998
4,20,0,18,20,-1.172510824637981
4,20,0,18,45,-1.173444875503584
4,20,0,19,21,-1.1726552961215324
4,20,0,19,42,-1.17365028428512
4,20,0,19,43,-1.1735783740352737
4,20,0,19,44,-1.1735167370327813
4,20,0,20,3,-1.1706431070092955
4,20,0,20,22,-1.1728235653221801
4,20,0,20,42,-1.1736934312735454
4,20,0,21,3,-1.1705687792241333
4,20,0,21,4,-1.1706192229613306
4,20,0,21,23,-1.173018299959849
4,20,0,21,24,-1.1731761902549558
4,20,0,21,41,-1.1738532405203135
4,20,0,22,3,-1.1704531536495217
4,20,0,22,4,-1.1705022898070967
4,20,0,22,25,-1.1734134494594772
4,20,0,22,38,-1.1744132967658207
4,20,0,22,39,-1.1743412595737663
4,20,0,22,40,-1.1742600453233811
4,20,0,23,2,-1.170200657830829
4,20,0,23,3,-1.1702975373396851
4,20,0,23,4,-1.1703719612385617
4,20,0,23,5,-1.1704507962536486
4,20,0,23,26,-1.1736845401571196
4,20,0,23,37,-1.1746800571966898
4,20,0,24,2,-1.1701129256841192
4,20,0,24,3,-1.1701735069742791
4,20,0,24,4,-1.1702463492120545
4,20,0,24,5,-1.1703272977622683
4,20,0,24,6,-1.1704170406647996
4,20,0,24,7,-1.1705157200971854
4,20,0,24,27,-1.1739937171142596
4,20,0,24,28,-1.1741776058998885
4,20,0,24,35,-1.1749518523457476
4,20,0,24,36,-1.174954425638228
4,20,0,25,1,-1.1698853106972855
4,20,0,25,2,-1.16997375482867
4,20,0,25,3,-1.1700463548619737
4,20,0,25,4,-1.1701217617927344
4,20,0,25,5,-1.1702041560807028
4,20,0,25,6,-1.1702952065637493
4,20,0,25,7,-1.170395746127916
4,20,0,25,8,-1.1705064983071967
4,20,0,25,9,-1.1706271523597287
4,20,0,25,10,-1.1707585936762468
4,20,0,25,29,-1.1745398696033358
4,20,0,25,30,-1.1747170421660373
4,20,0,25,34,-1.1751939340916162
4,20,0,26,1,-1.1698060109547408
4,20,0,26,2,-1.169859556161582
4,20,0,26,3,-1.1699255225213991
4,20,0,26,4,-1.169999335164196
4,20,0,26,5,-1.1700815167666088
4,20,0,26,6,-1.1701730444007887
4,20,0,26,7,-1.170274712950003
4,20,0,26,8,-1.1703871572315396
4,20,0,26,9,-1.1705107589203665
4,20,0,26,10,-1.1706461526326
4,20,0,26,11,-1.1707939861802887
4,20,0,26,12,-1.1709539864429765
4,20,0,26,31,-1.1751314395390604
4,20,0,26,32,-1.1752875180687903
4,20,0,26,33,-1.17541588686908
4,20,0,27,0,-1.1696090610362877
4,20,0,27,1,-1.16968230602003
4,20,0,27,2,-1.1697420732222101
4,20,0,27,3,-1.1698059733375605
4,20,0,27,4,-1.16987770449086
4,20,0,27,5,-1.1699586989123405
4,20,0,27,6,-1.170049902824482
4,20,0,27,7,-1.170152061898854
4,20,0,27,8,-1.1702658167613886
4,20,0,27,9,-1.1703917324727513
4,20,0,27,10,-1.170530427349716
4,20,0,27,11,-1.1706825260855163
4,20,0,27,12,-1.1708486074619042
4,20,0,27,32,-1.1756003512197337
4,20,0,28,0,-1.1695449578734196
4,20,0,28,1,-1.1695812096942524
4,20,0,28,2,-1.1696295890001893
4,20,0,28,3,-1.1696877511309742
4,20,0,28,4,-1.1697559775864037
4,20,0,28,5,-1.1698348423677298
4,20,0,28,6,-1.1699249699388041
4,20,0,28,7,-1.1700269780582573
4,20,0,28,8,-1.1701414814845568
4,20,0,28,9,-1.1702690950892738
4,20,0,28,10,-1.1704104619931233
4,20,0,28,11,-1.170566242221908
4,20,0,28,12,-1.1707370979400034
4,20,0,28,13,-1.1709236708992024
4,20,0,28,32,-1.175948660337255
4,20,0,28,33,-1.1761370076159579
4,20,0,29,0,-1.1694537420848383
4,20,0,29,1,-1.1694771233764054
4,20,0,29,2,-1.1695164554009794
4,20,0,29,3,-1.1695686317608538
4,20,0,29,4,-1.169632783051884
4,20,0,29,5,-1.169708896357111
4,20,0,29,6,-1.1697973237086934
4,20,0,29,7,-1.1698985674450804
4,20,0,29,8,-1.1700132099280374
4,20,0,29,9,-1.170141881264503
4,20,0,29,10,-1.1702852547430884
4,20,0,29,11,-1.170444047794555
4,20,0,29,12,-1.1706190377407184
4,20,0,29,13,-1.170811074512837
4,20,0,29,31,-1.176074069208225
4,20,0,30,0,-1.1693482847429193
4,20,0,30,1,-1.1693662259168955
4,20,0,30,2,-1.1693996162242704
4,20,0,30,3,-1.1694467096072054
4,20,0,30,4,-1.1695068005687375
4,20,0,30,5,-1.1695798119523175
4,20,0,30,6,-1.1696660317626337
4,20,0,30,7,-1.1697659320839764
4,20,0,30,8,-1.1698800909544456
4,20,0,30,9,-1.17000915037133
4,20,0,30,10,-1.1701538066270682
4,20,0,30,11,-1.1703148270526347
4,20,0,30,12,-1.1704931020804998
4,20,0,30,13,-1.1706897223554125
4,20,0,30,31,-1.1764435278471177
4,20,0,31,0,-1.1692340269094632
4,20,0,31,1,-1.1692490208493762
4,20,0,31,2,-1.1692782180115946
4,20,0,31,3,-1.169320966533937
4,20,0,31,4,-1.169377074863661
4,20,0,31,5,-1.1694466969107482
4,20,0,31,6,-1.1695302331306867
4,20,0,31,7,-1.169628217147076
4,20,0,31,8,-1.169741259839524
4,20,0,31,9,-1.1698700154810804
4,20,0,31,10,-1.1700151800120204
4,20,0,31,11,-1.1701775275684456
4,20,0,31,12,-1.1703579966812676
4,20,0,31,13,-1.1705578210084722
4,20,0,31,30,-1.17646774927636
4,20,0,32,0,-1.1691139165835096
4,20,0,32,1,-1.1691267558577103
4,20,0,32,2,-1.1691524176138957
4,20,0,32,3,-1.1691910448961131
4,20,0,32,4,-1.1692430158074132
4,20,0,32,5,-1.1693088475527107
4,20,0,32,6,-1.1693891632156017
4,20,0,32,7,-1.1694846266587102
4,20,0,32,8,-1.1695959102207476
4,20,0,32,9,-1.1697236716169854
4,20,0,32,10,-1.16986856261131
4,20,0,32,11,-1.170031287321628
4,20,0,32,12,-1.1702127150806754
4,20,0,32,13,-1.1704139787227466
4,20,0,32,14,-1.1706364093975992
4,20,0,32,30,-1.176840525366278
4,20,0,33,0,-1.1689901089582755
4,20,0,33,1,-1.169000813165399
4,20,0,33,2,-1.1690228054970297
4,20,0,33,3,-1.1690569654763594
4,20,0,33,4,-1.169104279611286
4,20,0,33,5,-1.169165696319144
4,20,0,33,6,-1.1692421242794537
4,20,0,33,7,-1.1693344022822476
4,20,0,33,8,-1.1694432818913463
4,20,0,33,9,-1.1695694039979436
4,20,0,33,10,-1.1697133096535592
4,20,0,33,11,-1.169875529424573
4,20,0,33,12,-1.1700567796412744
4,20,0,33,13,-1.1702581629022124
4,20,0,33,14,-1.1704813185008718
4,20,0,33,30,-1.177258823050846
4,20,0,33,31,-1.1777074856715304
4,20,0,33,32,-1.1780958309304945
4,20,0,33,33,-1.1784228119573077
4,20,0,34,0,-1.168864739338981
4,20,0,34,1,-1.1688727281767493
4,20,0,34,2,-1.1688901832512206
4,20,0,34,3,-1.1689189220920981
4,20,0,34,4,-1.1689606279865923
4,20,0,34,5,-1.169016718399739
4,20,0,34,6,-1.169088416124637
4,20,0,34,7,-1.1691767646236075
4,20,0,34,8,-1.1692826131443048
4,20,0,34,9,-1.1694065628619745
4,20,0,34,10,-1.169548945564299
4,20,0,34,11,-1.1697099307166992
4,20,0,34,12,-1.1698898960723196
4,20,0,34,13,-1.1700897701514887
4,20,0,34,14,-1.1703112916293235
4,20,0,34,15,-1.1705567934682157
4,20,0,34,30,-1.1776798484056419
4,20,0,34,31,-1.1781468674208244
4,20,0,34,33,-1.1788724973647302
4,20,0,35,0,-1.168740522977304
4,20,0,35,1,-1.1687443232492951
4,20,0,35,2,-1.1687554371809386
4,20,0,35,3,-1.1687771054274505
4,20,0,35,4,-1.1688117822788384
4,20,0,35,5,-1.1688613207636955
4,20,0,35,6,-1.1689272404705262
4,20,0,35,7,-1.1690108168487496
4,20,0,35,8,-1.1691130464897381
4,20,0,35,9,-1.1692345006487865
4,20,0,35,10,-1.1693751851340886
4,20,0,35,11,-1.169534545118943
4,20,0,35,12,-1.169712291746287
4,20,0,35,13,-1.1699089273407142
4,20,0,35,14,-1.170126499179523
4,20,0,35,15,-1.1703675551298403
4,20,0,35,16,-1.1706366245688418
4,20,0,35,19,-1.1716352946213588
4,20,0,35,20,-1.1720439462789538
4,20,0,35,21,-1.172498244543333
4,20,0,35,23,-1.1735704635997588
4,20,0,35,24,-1.1741785541570284
4,20,0,35,25,-1.1748310128765653
4,20,0,35,33,-1.179279702804628
4,20,0,36,0,-1.1686216479550822
4,20,0,36,1,-1.1686177508110522
4,20,0,36,2,-1.1686192977441068
4,20,0,36,3,-1.16863147599036
4,20,0,36,4,-1.168657267823046
4,20,0,36,5,-1.168698732891818
4,20,0,36,6,-1.1687575950056237
4,20,0,36,7,-1.168835407805717
4,20,0,36,8,-1.1689334586053208
4,20,0,36,9,-1.1690524192348801
4,20,0,36,10,-1.1691919561045125
4,20,0,36,11,-1.1693499688640896
4,20,0,36,12,-1.1695249897143876
4,20,0,36,13,-1.1697163482176307
4,20,0,36,14,-1.1699274390366383
4,20,0,36,15,-1.1701595329438748
4,20,0,36,16,-1.1704170956968745
4,20,0,36,17,-1.1707083597806072
4,20,0,36,18,-1.1710384953626334
4,20,0,36,22,-1.1728666861137034
4,20,0,36,23,-1.173490467854452
4,20,0,36,26,-1.1757072159468749
4,20,0,36,27,-1.1764761827337509
4,20,0,36,32,-1.179355274116239
4,20,0,36,33,-1.1796736546336053
4,20,0,37,0,-1.1685158109557168
4,20,0,37,1,-1.168494879828596
4,20,0,37,2,-1.1684816878381363
4,20,0,37,3,-1.1684814283647966
4,20,0,37,4,-1.1684962733701072
4,20,0,37,5,-1.168527941776997
4,20,0,37,6,-1.1685781908105033
4,20,0,37,7,-1.1686489563513367
4,20,0,37,8,-1.1687421639454703
4,20,0,37,9,-1.1688589694109384
4,20,0,37,10,-1.1689994562597605
4,20,0,37,11,-1.1691575816005884
4,20,0,37,12,-1.169330544245176
4,20,0,37,13,-1.169513154913088
4,20,0,37,14,-1.1697057450880595
4,20,0,37,15,-1.169917315575661
4,20,0,37,16,-1.17015928624097
4,20,0,37,17,-1.1704399523371345
4,20,0,37,28,-1.1774807910966154
4,20,0,37,29,-1.1782289071981162
4,20,0,37,30,-1.1788612747490088
4,20,0,37,31,-1.1793690190883346
4,20,0,37,32,-1.1797615787099704
4,20,0,38,0,-1.168440045230592
4,20,0,38,1,-1.168373414474776
4,20,0,38,2,-1.1683403057155808
4,20,0,38,3,-1.1683254678987685
4,20,0,38,4,-1.168327645375441
4,20,0,38,5,-1.1683477636989117
4,20,0,38,6,-1.1683874679625508
4,20,0,38,7,-1.1684492630740948
4,20,0,38,8,-1.1685364745681883
4,20,0,38,9,-1.1686510419736829
4,20,0,38,10,-1.1687884817579268
4,20,0,38,11,-1.1689398716260615
4,20,0,38,12,-1.1691048282850856
4,20,0,38,13,-1.1692738121287944
4,20,0,38,14,-1.1694410199466427
4,20,0,38,15,-1.1696043144402877
4,20,0,39,1,-1.1682275635832988
4,20,0,39,2,-1.1681897954722318
4,20,0,39,3,-1.1681616504531351
4,20,0,39,4,-1.16815026675611
4,20,0,39,5,-1.1681571944923486
4,20,0,39,6,-1.1681838571644878
4,20,0,39,7,-1.1682333560547364
4,20,0,39,8,-1.1683052192394665
4,20,0,39,9,-1.1683969579236455
4,20,0,39,10,-1.168515256830928
4,20,0,39,11,-1.168652762335525
4,20,0,39,12,-1.1688145638774852
4,20,0,39,13,-1.1689644534489994
4,20,0,40,1,-1.1681286172987857
4,20,0,40,2,-1.1680388030535953
4,20,0,40,3,-1.1679902277701766
4,20,0,40,4,-1.1679637648550016
4,20,0,40,5,-1.1679560831639182
4,20,0,40,6,-1.1679666127825705
4,20,0,40,7,-1.1679934667097045
4,20,0,40,8,-1.1680238164473578
4,20,0,40,9,-1.1680420457414917
4,20,0,40,10,-1.167993314383099
4,20,0,40,11,-1.168031742635261
4,20,0,41,2,-1.1678557050066316
4,20,0,41,3,-1.1678058321295008
4,20,0,41,4,-1.1677676369988683
4,20,0,41,5,-1.1677436707078714
4,20,0,41,6,-1.1677276704926773
4,20,0,41,7,-1.1677091020780623
4,20,0,41,8,-1.16765958412269
4,20,0,41,9,-1.167339380511583
4,20,0,42,2,-1.1677316127279844
4,20,0,42,3,-1.1676130618120923
4,20,0,42,4,-1.1675428650716506
4,20,0,42,5,-1.1674846897762705
4,20,0,42,6,-1.1674199470101652
4,20,0,42,7,-1.1673087707942085
4,20,0,43,3,-1.1673363190197812
4,20,0,43,4,-1.1672452389280552
4,20,0,43,5,-1.1671195439878586
4,20,0,43,6,-1.1668927319169462
4,20,0,44,3,-1.1671027705008645
4,20,0,44,4,-1.1668484906104584
4,21,0,10,55,-1.161765679842614
4,21,0,11,54,-1.1617711703705427
4,21,0,12,9,-1.1602492364564914
4,21,0,12,53,-1.1617790059192294
4,21,0,13,9,-1.1601869747329843
4,21,0,13,52,-1.1617896360240632
4,21,0,14,10,-1.1601982844845
4,21,0,14,11,-1.1602743306432601
4,21,0,14,12,-1.160353511688851
4,21,0,14,13,-1.1604353966793735
4,21,0,14,14,-1.1605198355715414
4,21,0,14,15,-1.160606926270816
4,21,0,14,52,-1.1617963314543338
4,21,0,15,16,-1.160667673667325
4,21,0,15,45,-1.1619274085257139
4,21,0,15,46,-1.1619007513905124
4,21,0,15,47,-1.1618772910099977
4,21,0,15,48,-1.161856668286309
4,21,0,15,49,-1.1618388183187285
4,21,0,15,50,-1.161823776807611
4,21,0,15,51,-1.1618119454586684
4,21,0,16,17,-1.1607434458785761
4,21,0,16,18,-1.1608489070669612
4,21,0,16,45,-1.1619512146250945
4,21,0,16,51,-1.1618215928017381
4,21,0,17,19,-1.160951823801216
4,21,0,17,44,-1.1620155650606065
4,21,0,18,20,-1.1610737364903951
4,21,0,18,45,-1.1619979164606187
4,21,0,19,21,-1.161216831013776
4,21,0,19,42,-1.1622014610028213
4,21,0,19,43,-1.1621302031609468
4,21,0,19,44,-1.1620691233236229
4,21,0,20,3,-1.1592246296704876
4,21,0,20,22,-1.16138349477057
4,21,0,20,42,-1.162244205234457
4,21,0,21,3,-1.1591510549165582
4,21,0,21,4,-1.1592009935674539
4,21,0,21,23,-1.1615763694913819
4,21,0,21,24,-1.161732701367585
4,21,0,21,41,-1.1624025431973946
4,21,0,22,3,-1.1590366009554252
4,21,0,22,4,-1.1590852462472225
4,21,0,22,25,-1.1619676894689517
4,21,0,22,38,-1.1629574226895678
4,21,0,22,39,-1.1628860429639445
4,21,0,22,40,-1.1628055787806222
4,21,0,23,2,-1.158786657393123
4,21,0,23,3,-1.1588825606291946
4,21,0,23,4,-1.1589562397049842
4,21,0,23,5,-1.1590342899239685
4,21,0,23,26,-1.162236182811731
4,21,0,23,37,-1.163221698296478
4,21,0,24,2,-1.1586998150111958
4,21,0,24,3,-1.1587597884597487
4,21,0,24,4,-1.158831903364282
4,21,0,24,5,-1.1589120470630767
4,21,0,24,6,-1.1590009004805808
4,21,0,24,7,-1.1590986040226505
4,21,0,24,27,-1.1625423947996725
4,21,0,24,28,-1.1627244704453028
4,21,0,24,35,-1.1634909935667739
4,21,0,24,36,-1.1634935081418802
4,21,0,25,1,-1.1584745034083734
4,21,0,25,2,-1.1585620553045484
4,21,0,25,3,-1.1586339276100222
4,21,0,25,4,-1.158708582805647
4,21,0,25,5,-1.1587901590860668
4,21,0,25,6,-1.1588803083564272
4,21,0,25,7,-1.1589798549801744
4,21,0,25,8,-1.1590895151723124
4,21,0,25,9,-1.159208981037825
4,21,0,25,10,-1.1593391291941872
4,21,0,25,29,-1.1630832555541737
4,21,0,25,30,-1.1632586798131799
4,21,0,25,34,-1.1637308273142697
4,21,0,26,1,-1.15839600943111
4,21,0,26,2,-1.1584490169707842
4,21,0,26,3,-1.1585143242423015
4,21,0,26,4,-1.1585874027862915
4,21,0,26,5,-1.1586687700495764
4,21,0,26,6,-1.1587593932402445
4,21,0,26,7,-1.1588600591965104
4,21,0,26,8,-1.1589713963178225
4,21,0,26,9,-1.159093782382563
4,21,0,26,10,-1.1592278456809613
4,21,0,26,11,-1.1593742275988252
4,21,0,26,12,-1.15953265758772
4,21,0,26,31,-1.163669095581527
4,21,0,26,32,-1.1638236314980221
4,21,0,26,33,-1.1639507268361808
4,21,0,27,0,-1.1582010566363226
4,21,0,27,1,-1.1582735615043311
4,21,0,27,2,-1.158332729391229
4,21,0,27,3,-1.1583959927196348
4,21,0,27,4,-1.158467012267012
4,21,0,27,5,-1.1585472058555828
4,21,0,27,6,-1.1586375102006712
4,21,0,27,7,-1.1587386634852634
4,21,0,27,8,-1.158851299908961
4,21,0,27,9,-1.1589759788739695
4,21,0,27,10,-1.1591133125454265
4,21,0,27,11,-1.1592639194254448
4,21,0,27,12,-1.1594283725639725
4,21,0,27,32,-1.1641335005281244
4,21,0,28,0,-1.1581376071515368
4,21,0,28,1,-1.1581734950547866
4,21,0,28,2,-1.1582213916575546
4,21,0,28,3,-1.1582789763731818
4,21,0,28,4,-1.1583465280298724
4,21,0,28,5,-1.1584246149526827
4,21,0,28,6,-1.1585138553940557
4,21,0,28,7,-1.1586148609623665
4,21,0,28,8,-1.1587282402975465
4,21,0,28,9,-1.1588546021619128
4,21,0,28,10,-1.158994583306362
4,21,0,28,11,-1.1591488372379721
4,21,0,28,12,-1.1593180195874726
4,21,0,28,13,-1.1595027657659178
4,21,0,28,32,-1.164478502557788
4,21,0,28,33,-1.1646649983337256
4,21,0,29,0,-1.1580473225475687
4,21,0,29,1,-1.158070471002916
4,21,0,29,2,-1.1581094129000442
4,21,0,29,3,-1.1581610735343097
4,21,0,29,4,-1.15822459247366
4,21,0,29,5,-1.1582999570791825
4,21,0,29,6,-1.1583875159525974
4,21,0,29,7,-1.1584877664816167
4,21,0,29,8,-1.158601285274248
4,21,0,29,9,-1.1587286962148808
4,21,0,29,10,-1.1588706659559556
4,21,0,29,11,-1.1590279048721999
4,21,0,29,12,-1.1592011826453692
4,21,0,29,13,-1.1593913408449095
4,21,0,29,31,-1.1646027932372787
4,21,0,30,0,-1.157942942810982
4,21,0,30,1,-1.1579607066850472
4,21,0,30,2,-1.1579937677517071
4,21,0,30,3,-1.1580403977763227
4,21,0,30,4,-1.1580998985357025
4,21,0,30,5,-1.1581721937928828
4,21,0,30,6,-1.1582575687796621
4,21,0,30,7,-1.1583564909571673
4,21,0,30,8,-1.1584695326830199
4,21,0,30,9,-1.158597329646487
4,21,0,30,10,-1.158740571309649
4,21,0,30,11,-1.1589000174888648
4,21,0,30,12,-1.1590765498960618
4,21,0,30,13,-1.1592712484801804
4,21,0,30,31,-1.1649687391171326
4,21,0,31,0,-1.1578298534592306
4,21,0,31,1,-1.157844700266259
4,21,0,31,2,-1.157873611220727
4,21,0,31,3,-1.1579159411364028
4,21,0,31,4,-1.1579715004888003
4,21,0,31,5,-1.1580404417502812
4,21,0,31,6,-1.1581231614664769
4,21,0,31,7,-1.1582201880303296
4,21,0,31,8,-1.1583321263336364
4,21,0,31,9,-1.1584596242480323
4,21,0,31,10,-1.1586033709214276
4,21,0,31,11,-1.1587641329455458
4,21,0,31,12,-1.1589428396929697
4,21,0,31,13,-1.159140712750632
4,21,0,31,30,-1.1649928292753868
4,21,0,32,0,-1.157710972318202
4,21,0,32,1,-1.1577236865479406
4,21,0,32,2,-1.157749098387983
4,21,0,32,3,-1.1577873494509883
4,21,0,32,4,-1.1578388140570595
4,21,0,32,5,-1.1579040042735824
4,21,0,32,6,-1.157983537018943
4,21,0,32,7,-1.158078069620912
4,21,0,32,8,-1.158188267832929
4,21,0,32,9,-1.158314782963394
4,21,0,32,10,-1.1584582604603517
4,21,0,32,11,-1.1586193976325578
4,21,0,32,12,-1.1587990553748706
4,21,0,32,13,-1.1589983554621792
4,21,0,32,14,-1.1592186159808957
4,21,0,32,30,-1.1653620628082393
4,21,0,33,0,-1.1575884324889476
4,21,0,33,1,-1.1575990335367867
4,21,0,33,2,-1.1576208135772716
4,21,0,33,3,-1.1576546431721872
4,21,0,33,4,-1.1577014988344168
4,21,0,33,5,-1.1577623194536724
4,21,0,33,6,-1.1578380046528818
4,21,0,33,7,-1.1579293849347958
4,21,0,33,8,-1.158037204505879
4,21,0,33,9,-1.1581620980536937
4,21,0,33,10,-1.1583046014621037
4,21,0,33,11,-1.1584652402626516
4,21,0,33,12,-1.158644723909669
4,21,0,33,13,-1.1588441442789095
4,21,0,33,14,-1.1590651245990864
4,21,0,33,30,-1.1657763766916023
4,21,0,33,31,-1.1662206498246366
4,21,0,33,32,-1.166605196451939
4,21,0,33,33,-1.1669289802877794
4,21,0,34,0,-1.1574643473906274
4,21,0,34,1,-1.1574722608880559
4,21,0,34,2,-1.1574895501322662
4,21,0,34,3,-1.1575180140763
4,21,0,34,4,-1.1575593188903743
4,21,0,34,5,-1.1576148677394489
4,21,0,34,6,-1.1576858711872888
4,21,0,34,7,-1.1577733623665292
4,21,0,34,8,-1.1578781822220559
4,21,0,34,9,-1.1580009261725202
4,21,0,34,10,-1.158141922986741
4,21,0,34,11,-1.1583013407539573
4,21,0,34,12,-1.1584795537631238
4,21,0,34,13,-1.1586774815736989
4,21,0,34,14,-1.158896845821175
4,21,0,34,15,-1.1591399565084612
4,21,0,34,30,-1.1661933908224023
4,21,0,34,31,-1.1666558377110468
4,21,0,34,33,-1.1673743638613059
4,21,0,35,0,-1.1573414044586288
4,21,0,35,1,-1.1573451723139614
4,21,0,35,2,-1.157356185307254
4,21,0,35,3,-1.1573776509070723
4,21,0,35,4,-1.1574119984053872
4,21,0,35,5,-1.1574610621104158
4,21,0,35,6,-1.1575263464003613
4,21,0,35,7,-1.1576091140955682
4,21,0,35,8,-1.1577103520621195
4,21,0,35,9,-1.1578306261744213
4,21,0,35,10,-1.1579699425678727
4,21,0,35,11,-1.1581277523528153
4,21,0,35,12,-1.1583037698778027
4,21,0,35,13,-1.1584984927735433
4,21,0,35,14,-1.1587139482121371
4,21,0,35,15,-1.1589526590156596
4,21,0,35,16,-1.1592191096136242
4,21,0,35,19,-1.1602080581246668
4,21,0,35,20,-1.1606127281652048
4,21,0,35,21,-1.1610625973316846
4,21,0,35,23,-1.1621243486747048
4,21,0,35,24,-1.1627264939758148
4,21,0,35,25,-1.1633725684084844
4,21,0,35,33,-1.1677776751831281
4,21,0,36,0,-1.1572237488573516
4,21,0,36,1,-1.1572198982771178
4,21,0,36,2,-1.1572214421929452
4,21,0,36,3,-1.1572335146752202
4,21,0,36,4,-1.157259067633296
4,21,0,36,5,-1.157300139937137
4,21,0,36,6,-1.157358438167651
4,21,0,36,7,-1.1574355005952215
4,21,0,36,8,-1.1575326019752767
4,21,0,36,9,-1.1576504078696015
4,21,0,36,10,-1.1577885885510657
4,21,0,36,11,-1.157945065206476
4,21,0,36,12,-1.1581183849458938
4,21,0,36,13,-1.1583078843401735
4,21,0,36,14,-1.1585169244667088
4,21,0,36,15,-1.1587467640451066
4,21,0,36,16,-1.1590018255987204
4,21,0,36,17,-1.1592902625322261
4,21,0,36,18,-1.1596171968875664
4,21,0,36,22,-1.161427596824846
4,21,0,36,23,-1.1620452864812003
4,21,0,36,26,-1.164240329544201
4,21,0,36,27,-1.165001757493399
4,21,0,36,32,-1.167852604731789
4,21,0,36,33,-1.168167859725319
4,21,0,37,0,-1.15711899829833
4,21,0,37,1,-1.1570982888108592
4,21,0,37,2,-1.157085244727425
4,21,0,37,3,-1.157085006374734
4,21,0,37,4,-1.157099723785947
4,21,0,37,5,-1.157131098665263
4,21,0,37,6,-1.1571808707403013
4,21,0,37,7,-1.1572509567408973
4,21,0,37,8,-1.1573432633623042
4,21,0,37,9,-1.1574589354916474
4,21,0,37,10,-1.1575980565481836
4,21,0,37,11,-1.1577546450568381
4,21,0,37,12,-1.1579259276074765
4,21,0,37,13,-1.158106767122036
4,21,0,37,14,-1.1582974941153814
4,21,0,37,15,-1.1585070208674402
4,21,0,37,16,-1.1587466531302544
4,21,0,37,17,-1.159024607362064
4,21,0,37,28,-1.1659966547378553
4,21,0,37,29,-1.1667374230136747
4,21,0,37,30,-1.1673635737809387
4,21,0,37,31,-1.1678663246130878
4,21,0,37,32,-1.1682550243891032
4,21,0,38,0,-1.1570440109653866
4,21,0,38,1,-1.1569780722483485
4,21,0,38,2,-1.1569453152093434
4,21,0,38,3,-1.1569306469979688
4,21,0,38,4,-1.1569328253981335
4,21,0,38,5,-1.156952766889324
4,21,0,38,6,-1.1569921002274413
4,21,0,38,7,-1.157053305458177
4,21,0,38,8,-1.1571396753278145
4,21,0,38,9,-1.1572531308829015
4,21,0,38,10,-1.1573892363765592
4,21,0,38,11,-1.157539159565155
4,21,0,38,12,-1.1577025189168355
4,21,0,38,13,-1.1578698724157994
4,21,0,38,14,-1.1580354778008106
4,21,0,38,15,-1.1581972234675202
4,21,0,39,1,-1.1568337240975464
4,21,0,39,2,-1.1567963532483005
4,21,0,39,3,-1.1567685127222334
4,21,0,39,4,-1.1567572672058146
4,21,0,39,5,-1.156764151094898
4,21,0,39,6,-1.1567905736528248
4,21,0,39,7,-1.1568396051129928
4,21,0,39,8,-1.1569107801582048
4,21,0,39,9,-1.157001639827634
4,21,0,39,10,-1.1571188051728074
4,21,0,39,11,-1.1572549908932241
4,21,0,39,12,-1.1574152299179545
4,21,0,39,13,-1.1575636866187107
4,21,0,40,1,-1.1567357969223282
4,21,0,40,2,-1.1566469154641121
4,21,0,40,3,-1.1565988529436162
4,21,0,40,4,-1.1565726808457544
4,21,0,40,5,-1.1565651024835109
4,21,0,40,6,-1.1565755537458045
4,21,0,40,7,-1.1566021681991698
4,21,0,40,8,-1.1566322527445922
4,21,0,40,9,-1.1566503571534157
4,21,0,40,10,-1.1566022150403787
4,21,0,40,11,-1.15664034726381
4,21,0,41,2,-1.156465705739241
4,21,0,41,3,-1.1564163557515295
4,21,0,41,4,-1.1563785694495798
4,21,0,41,5,-1.1563548709043021
4,21,0,41,6,-1.156339061401158
4,21,0,41,7,-1.1563207172054824
4,21,0,41,8,-1.1562717537052498
4,21,0,41,9,-1.1559549230875468
4,21,0,42,2,-1.1563428925610937
4,21,0,42,3,-1.156225571678226
4,21,0,42,4,-1.1561561113601946
4,21,0,42,5,-1.1560985542408069
4,21,0,42,6,-1.156034502100513
4,21,0,42,7,-1.155924502321662
4,21,0,43,3,-1.1559516853705198
4,21,0,43,4,-1.1558615547608224
4,21,0,43,5,-1.1557371740342854
4,21,0,43,6,-1.1555127261785738
4,21,0,44,3,-1.155720547896187
4,21,0,44,4,-1.155468905767109
4,22,0,10,55,-1.1504399415499857
4,22,0,11,54,-1.1504453807567463
4,22,0,12,9,-1.1489392433148595
4,22,0,12,53,-1.1504531445870902
4,22,0,13,9,-1.148877617402679
4,22,0,13,52,-1.1504636787704143
4,22,0,14,10,-1.1488888232784482
4,22,0,14,11,-1.1489641048753174
4,22,0,14,12,-1.1490424914756143
4,22,0,14,13,-1.1491235562462432
4,22,0,14,14,-1.1492071505138783
4,22,0,14,15,-1.149293371134095
4,22,0,14,52,-1.1504703105842533
4,22,0,15,16,-1.1493535434988333
4,22,0,15,45,-1.1506002365839751
4,22,0,15,46,-1.1505738134172634
4,22,0,15,47,-1.150550558454958
4,22,0,15,48,-1.1505301161955135
4,22,0,15,49,-1.1505124223954473
4,22,0,15,50,-1.1504975123822818
4,22,0,15,51,-1.1504857838928328
4,22,0,16,17,-1.149428597835795
4,22,0,16,18,-1.1495330112824984
4,22,0,16,45,-1.1506238207528854
4,22,0,16,51,-1.1504953390936725
4,22,0,17,19,-1.1496349495796316
4,22,0,17,44,-1.150687587542137
4,22,0,18,20,-1.1497557022359235
4,22,0,18,45,-1.1506700857327807
4,22,0,19,21,-1.1498974338539438
4,22,0,19,42,-1.1508717895625382
4,22,0,19,43,-1.1508011758854397
4,22,0,19,44,-1.1507406460658736
4,22,0,20,3,-1.1479250250968478
4,22,0,20,22,-1.1500625085931588
4,22,0,20,42,-1.1509141355590489
4,22,0,21,3,-1.1478521959112893
4,22,0,21,4,-1.1479016344764368
4,22,0,21,23,-1.1502535424705962
4,22,0,21,24,-1.1504083311965565
4,22,0,21,41,-1.1510710197590386
4,22,0,22,3,-1.1477389019371935
4,22,0,22,4,-1.1477870612329308
4,22,0,22,25,-1.1506410715567228
4,22,0,22,38,-1.1516207830117116
4,22,0,22,39,-1.1515500528223699
4,22,0,22,40,-1.1514703299329323
4,22,0,23,2,-1.1474914852712101
4,22,0,23,3,-1.1475864219334337
4,22,0,23,4,-1.1476593635824384
4,22,0,23,5,-1.1477366367977988
4,22,0,23,26,-1.1509069943217713
4,22,0,23,37,-1.1518826018989776
4,22,0,24,2,-1.1474055237855187
4,22,0,24,3,-1.14746489543348
4,22,0,24,4,-1.1475362902305803
4,22,0,24,5,-1.1476156370724166
4,22,0,24,6,-1.147703609839861
4,22,0,24,7,-1.1478003471826201
4,22,0,24,27,-1.151210271973311
4,22,0,24,28,-1.1513905524384274
4,22,0,24,35,-1.152149426291612
4,22,0,24,36,-1.1521518818543794
4,22,0,25,1,-1.1471824925944718
4,22,0,25,2,-1.1472691611471475
4,22,0,25,3,-1.1473403129653013
4,22,0,25,4,-1.1474142238987877
4,22,0,25,5,-1.1474949903014495
4,22,0,25,6,-1.1475842473157403
4,22,0,25,7,-1.147682810868291
4,22,0,25,8,-1.1477913899304122
4,22,0,25,9,-1.14790967942465
4,22,0,25,10,-1.1480385472877828
4,22,0,25,29,-1.1517458950095336
4,22,0,25,30,-1.1519195882947237
4,22,0,25,34,-1.1523870373416476
4,22,0,26,1,-1.1471047963159335
4,22,0,26,2,-1.1471572715443892
4,22,0,26,3,-1.1472219262858705
4,22,0,26,4,-1.147294278031292
4,22,0,26,5,-1.1473748390526282
4,22,0,26,6,-1.1474645667938397
4,22,0,26,7,-1.1475642401301223
4,22,0,26,8,-1.1476744811092894
4,22,0,26,9,-1.1477956636542066
4,22,0,26,10,-1.147928409796372
4,22,0,26,11,-1.148073354563852
4,22,0,26,12,-1.1482302299551814
4,22,0,26,31,-1.1523260638741337
4,22,0,26,32,-1.1524790724339915
4,22,0,26,33,-1.1526049067738027
4,22,0,27,0,-1.1469118206458273
4,22,0,27,1,-1.1469835927988015
4,22,0,27,2,-1.1470421673454256
4,22,0,27,3,-1.1471048002250128
4,22,0,27,4,-1.1471751152451206
4,22,0,27,5,-1.1472545159665766
4,22,0,27,6,-1.147343929694742
4,22,0,27,7,-1.147444087201145
4,22,0,27,8,-1.1475556163258407
4,22,0,27,9,-1.1476790708723308
4,22,0,27,10,-1.1478150569196774
4,22,0,27,11,-1.1479641868450228
4,22,0,27,12,-1.1481270280279314
4,22,0,27,32,-1.1527860090717013
4,22,0,28,0,-1.1468490182593871
4,22,0,28,1,-1.146884545876206
4,22,0,28,2,-1.146931964583055
4,22,0,28,3,-1.1469889776284452
4,22,0,28,4,-1.1470558611986863
4,22,0,28,5,-1.1471331780016605
4,22,0,28,6,-1.1472215401429537
4,22,0,28,7,-1.147321553144877
4,22,0,28,8,-1.1474338195930114
4,22,0,28,9,-1.1475589422052785
4,22,0,28,10,-1.147697551430879
4,22,0,28,11,-1.1478502943279152
4,22,0,28,12,-1.1480178200633102
4,22,0,28,13,-1.1482007577754108
4,22,0,28,32,-1.153127739290925
4,22,0,28,33,-1.1533124021922803
4,22,0,29,0,-1.1467596554497443
4,22,0,29,1,-1.1467825733866233
4,22,0,29,2,-1.1468211290361392
4,22,0,29,3,-1.1468722790721881
4,22,0,29,4,-1.1469351719479195
4,22,0,29,5,-1.1470097953020308
4,22,0,29,6,-1.1470964943427926
4,22,0,29,7,-1.1471957615597097
4,22,0,29,8,-1.1473081678679689
4,22,0,29,9,-1.147434330995843
4,22,0,29,10,-1.1475749110308031
4,22,0,29,11,-1.1477306113670929
4,22,0,29,12,-1.147902194127895
4,22,0,29,13,-1.1480904926099516
4,22,0,29,31,-1.1532509248423046
4,22,0,30,0,-1.1466563424301996
4,22,0,30,1,-1.1466739307652183
4,22,0,30,2,-1.1467066658602203
4,22,0,30,3,-1.1467528371284847
4,22,0,30,4,-1.1468117535509672
4,22,0,30,5,-1.1468833398037612
4,22,0,30,6,-1.1469678783765078
4,22,0,30,7,-1.1470658321567344
4,22,0,30,8,-1.1471777678821002
4,22,0,30,9,-1.1473043150014821
4,22,0,30,10,-1.1474461562200975
4,22,0,30,11,-1.147604043920257
4,22,0,30,12,-1.1477788511862184
4,22,0,30,13,-1.1479716473845607
4,22,0,30,31,-1.1536133952217822
4,22,0,31,0,-1.1465444097296713
4,22,0,31,1,-1.146559110861319
4,22,0,31,2,-1.146587738443975
4,22,0,31,3,-1.146629653904168
4,22,0,31,4,-1.1466846697290278
4,22,0,31,5,-1.1467529369708478
4,22,0,31,6,-1.1468348483078985
4,22,0,31,7,-1.1469309269584043
4,22,0,31,8,-1.1470417718901869
4,22,0,31,9,-1.1471680246422515
4,22,0,31,10,-1.147310367643495
4,22,0,31,11,-1.1474695600224059
4,22,0,31,12,-1.1476465220908327
4,22,0,31,13,-1.1478424634924493
4,22,0,31,30,-1.1536373566519693
4,22,0,32,0,-1.1464267453031296
4,22,0,32,1,-1.1464393357225389
4,22,0,32,2,-1.1464645001151137
4,22,0,32,3,-1.1465023786808204
4,22,0,32,4,-1.1465533419990812
4,22,0,32,5,-1.1466178970549783
4,22,0,32,6,-1.1466966546672193
4,22,0,32,7,-1.146790265697997
4,22,0,32,8,-1.1468993893854291
4,22,0,32,9,-1.147024670699971
4,22,0,32,10,-1.1471667488424728
4,22,0,32,11,-1.1473263143863406
4,22,0,32,12,-1.1475042198789038
4,22,0,32,13,-1.1477015761529488
4,22,0,32,14,-1.1479196883697929
4,22,0,32,30,-1.15400308501649
4,22,0,33,0,-1.1463054603816973
4,22,0,33,1,-1.1463159592815975
4,22,0,33,2,-1.1463375291165712
4,22,0,33,3,-1.146371031582288
4,22,0,33,4,-1.1464174333021633
4,22,0,33,5,-1.1464776637382588
4,22,0,33,6,-1.1465526135519026
4,22,0,33,7,-1.1466431050456318
4,22,0,33,8,-1.146749875146291
4,22,0,33,9,-1.1468735524046045
4,22,0,33,10,-1.1470146675937654
4,22,0,33,11,-1.1471737412663001
4,22,0,33,12,-1.1473514760751053
4,22,0,33,13,-1.1475489532870393
4,22,0,33,14,-1.147767780235218
4,22,0,33,30,-1.154413457005523
4,22,0,33,31,-1.1548533859033367
4,22,0,33,32,-1.155234173070127
4,22,0,33,33,-1.1555547926956844
4,22,0,34,0,-1.1461826467201661
4,22,0,34,1,-1.146190485603907
4,22,0,34,2,-1.14620761062827
4,22,0,34,3,-1.1462358023633452
4,22,0,34,4,-1.146276710040728
4,22,0,34,5,-1.1463317226739786
4,22,0,34,6,-1.1464020387248113
4,22,0,34,7,-1.1464886811038901
4,22,0,34,8,-1.1465924825404858
4,22,0,34,9,-1.1467140327586873
4,22,0,34,10,-1.1468536575434547
4,22,0,34,11,-1.147011523626436
4,22,0,34,12,-1.1471880018722354
4,22,0,34,13,-1.1473840029752804
4,22,0,34,14,-1.147601231710224
4,22,0,34,15,-1.1478419753607925
4,22,0,34,30,-1.1548265020152304
4,22,0,34,31,-1.155284423982704
4,22,0,34,33,-1.1559959197174243
4,22,0,35,0,-1.1460609642212527
4,22,0,35,1,-1.146064699945841
4,22,0,35,2,-1.1460756129454823
4,22,0,35,3,-1.1460968778458518
4,22,0,35,4,-1.146130899199973
4,22,0,35,5,-1.1461794927894446
4,22,0,35,6,-1.1462441479396879
4,22,0,35,7,-1.1463261149728439
4,22,0,35,8,-1.1464263711309766
4,22,0,35,9,-1.1465454769654149
4,22,0,35,10,-1.1466834389394325
4,22,0,35,11,-1.1468397140445425
4,22,0,35,12,-1.1470140198069834
4,22,0,35,13,-1.1472068492157492
4,22,0,35,14,-1.1474202095472628
4,22,0,35,15,-1.1476565988397893
4,22,0,35,16,-1.147920457041116
4,22,0,35,19,-1.148899782525081
4,22,0,35,20,-1.1493005114604056
4,22,0,35,21,-1.1497459966989454
4,22,0,35,23,-1.1507973874554986
4,22,0,35,24,-1.151393648530869
4,22,0,35,25,-1.1520334043264149
4,22,0,35,33,-1.1563953778447529
4,22,0,36,0,-1.1459445155716568
4,22,0,36,1,-1.145940711028578
4,22,0,36,2,-1.1459422518656368
4,22,0,36,3,-1.1459542195366224
4,22,0,36,4,-1.1459795359008838
4,22,0,36,5,-1.1460202192632136
4,22,0,36,6,-1.146077959154234
4,22,0,36,7,-1.1461542786318104
4,22,0,36,8,-1.1462504400231337
4,22,0,36,9,-1.146367102687524
4,22,0,36,10,-1.1465039407247786
4,22,0,36,11,-1.146658896643884
4,22,0,36,12,-1.1468305323178187
4,22,0,36,13,-1.147018191258589
4,22,0,36,14,-1.147225201304021
4,22,0,36,15,-1.1474528092489569
4,22,0,36,16,-1.1477053948275655
4,22,0,36,17,-1.147991033171723
4,22,0,36,18,-1.1483147986951432
4,22,0,36,22,-1.1501075891663526
4,22,0,36,23,-1.1507192492231295
4,22,0,36,26,-1.1528928107355791
4,22,0,36,27,-1.153646777639072
4,22,0,36,32,-1.1564696727849095
4,22,0,36,33,-1.1567818346197014
4,22,0,37,0,-1.1458408403227023
4,22,0,37,1,-1.1458203501449555
4,22,0,37,2,-1.1458074523548134
4,22,0,37,3,-1.1458072347720958
4,22,0,37,4,-1.1458218257280208
4,22,0,37,5,-1.1458529098855663
4,22,0,37,6,-1.145902209654838
4,22,0,37,7,-1.1459716228110044
4,22,0,37,8,-1.1460630373914193
4,22,0,37,9,-1.1461775874648872
4,22,0,37,10,-1.1463153563614707
4,22,0,37,11,-1.1464704234010625
4,22,0,37,12,-1.1466400426774652
4,22,0,37,13,-1.1468191287857494
4,22,0,37,14,-1.1470080112729055
4,22,0,37,15,-1.14721551479777
4,22,0,37,16,-1.1474528321815
4,22,0,37,17,-1.147728101889381
4,22,0,37,28,-1.154632064278995
4,22,0,37,29,-1.1553655607550746
4,22,0,37,30,-1.1559855591189094
4,22,0,37,31,-1.156483368191023
4,22,0,37,32,-1.1568682481356123
4,22,0,38,0,-1.1457666233932056
4,22,0,38,1,-1.1457013695365657
4,22,0,38,2,-1.145668960508047
4,22,0,38,3,-1.1456544600261864
4,22,0,38,4,-1.1456566391697758
4,22,0,38,5,-1.1456764054382982
4,22,0,38,6,-1.1457153714176156
4,22,0,38,7,-1.1457759925451267
4,22,0,38,8,-1.1458615291121474
4,22,0,38,9,-1.1459738838706113
4,22,0,38,10,-1.1461086683636408
4,22,0,38,11,-1.1462571394904173
4,22,0,38,12,-1.1464189174835682
4,22,0,38,13,-1.146584656913726
4,22,0,38,14,-1.1467486758366678
4,22,0,38,15,-1.1469088880584601
4,22,0,39,1,-1.1455585086311544
4,22,0,39,2,-1.1455215308743818
4,22,0,39,3,-1.1454939915813074
4,22,0,39,4,-1.14548288265754
4,22,0,39,5,-1.1454897229467695
4,22,0,39,6,-1.1455159076192867
4,22,0,39,7,-1.1455644761766033
4,22,0,39,8,-1.1456349698299995
4,22,0,39,9,-1.1457249591206873
4,22,0,39,10,-1.145841002068767
4,22,0,39,11,-1.1459758810606209
4,22,0,39,12,-1.1461345731366466
4,22,0,39,13,-1.1462816111857095
4,22,0,40,1,-1.1454615900494656
4,22,0,40,2,-1.1453736316715577
4,22,0,40,3,-1.1453260765102489
4,22,0,40,4,-1.1453001920753287
4,22,0,40,5,-1.1452927157819148
4,22,0,40,6,-1.1453030892638691
4,22,0,40,7,-1.1453294664338345
4,22,0,40,8,-1.145359288165533
4,22,0,40,9,-1.14537726850215
4,22,0,40,10,-1.1453297088874166
4,22,0,40,11,-1.1453675474784144
4,22,0,41,2,-1.145194290722175
4,22,0,41,3,-1.1451454581314748
4,22,0,41,4,-1.1451080762956811
4,22,0,41,5,-1.1450846425501633
4,22,0,41,6,-1.1450690215693347
4,22,0,41,7,-1.1450508989964254
4,22,0,41,8,-1.1450024838401147
4,22,0,41,9,-1.1446889906387405
4,22,0,42,2,-1.1450727433993744
4,22,0,42,3,-1.1449566397243884
4,22,0,42,4,-1.1448879080805956
4,22,0,42,5,-1.144830962567157
4,22,0,42,6,-1.1447675936910982
4,22,0,42,7,-1.1446587578940493
4,22,0,43,3,-1.1446855802419742
4,22,0,43,4,-1.1445963891730497
4,22,0,43,5,-1.1444733088700185
4,22,0,43,6,-1.1442512004836098
4,22,0,44,3,-1.1444568287688333
4,22,0,44,4,-1.144207796908791
4,23,0,10,55,-1.1392320746204563
4,23,0,11,54,-1.1392374630769018
4,23,0,12,9,-1.1377469822443766
4,23,0,12,53,-1.1392451560067434
4,23,0,13,9,-1.1376859859393202
4,23,0,13,52,-1.13925559539961
4,23,0,14,10,-1.1376970889972697
4,23,0,14,11,-1.1377716135476883
4,23,0,14,12,-1.1378492135132423
4,23,0,14,13,-1.137929466126981
4,23,0,14,14,-1.1380122240714294
4,23,0,14,15,-1.138097583163338
4,23,0,14,52,-1.1392621642230825
4,23,0,15,16,-1.1381571863686426
4,23,0,15,45,-1.1393909540158484
4,23,0,15,46,-1.139364761799077
4,23,0,15,47,-1.1393417095851215
4,23,0,15,48,-1.1393214454346203
4,23,0,15,49,-1.1393039057566379
4,23,0,15,50,-1.1392891255110447
4,23,0,15,51,-1.139277498507838
4,23,0,16,17,-1.1382315301733288
4,23,0,16,18,-1.138334906228659
4,23,0,16,45,-1.1394143186471426
4,23,0,16,51,-1.139286962493637
4,23,0,17,19,-1.1384358761134956
4,23,0,17,44,-1.1394775086502806
4,23,0,18,20,-1.1385554806418319
4,23,0,18,45,-1.139460151466617
4,23,0,19,21,-1.138695863363889
4,23,0,19,42,-1.1396600363926417
4,23,0,19,43,-1.1395900592420694
4,23,0,19,44,-1.1395300728490239
4,23,0,20,3,-1.1367430493956012
4,23,0,20,22,-1.138859365444369
4,23,0,20,42,-1.1397019885109916
4,23,0,21,3,-1.136670958257529
4,23,0,21,4,-1.1367199017783172
4,23,0,21,23,-1.1390485774577654
4,23,0,21,24,-1.139201838486649
4,23,0,21,41,-1.1398574354980302
4,23,0,22,3,-1.1365588125593955
4,23,0,22,4,-1.136606490764797
4,23,0,22,25,-1.1394323543260796
4,23,0,22,38,-1.1404021400260793
4,23,0,22,39,-1.1403320519139146
4,23,0,22,40,-1.140253061981685
4,23,0,23,2,-1.1363138972574207
4,23,0,23,3,-1.1364078771112416
4,23,0,23,4,-1.13648008878174
4,23,0,23,5,-1.136556592841044
4,23,0,23,26,-1.1396957331068451
4,23,0,23,37,-1.1406615292051059
4,23,0,24,2,-1.1362288077495977
4,23,0,24,3,-1.1362875836785509
4,23,0,24,4,-1.1363582656436115
4,23,0,24,5,-1.136436823678415
4,23,0,24,6,-1.136523924692176
4,23,0,24,7,-1.1366197055948293
4,23,0,24,27,-1.1399961068207463
4,23,0,24,28,-1.1401746102070562
4,23,0,24,35,-1.1409259103537017
4,23,0,24,36,-1.140928306936779
4,23,0,25,1,-1.1360080338741747
4,23,0,25,2,-1.1360938280255861
4,23,0,25,3,-1.136164266642529
4,23,0,25,4,-1.1362374408363598
4,23,0,25,5,-1.1363174055457363
4,23,0,25,6,-1.1364057793209088
4,23,0,25,7,-1.1365033697376044
4,23,0,25,8,-1.1366108785982612
4,23,0,25,9,-1.1367280036138647
4,23,0,25,10,-1.136855604131619
4,23,0,25,29,-1.1405265459790346
4,23,0,25,30,-1.1406985257525288
4,23,0,25,34,-1.141161323064042
4,23,0,26,1,-1.1359311271957677
4,23,0,26,2,-1.135983075500248
4,23,0,26,3,-1.136047084311008
4,23,0,26,4,-1.13611871660549
4,23,0,26,5,-1.136198479535092
4,23,0,26,6,-1.1362873208795032
4,23,0,26,7,-1.13638601163267
4,23,0,26,8,-1.1364951675564896
4,23,0,26,9,-1.1366151587587408
4,23,0,26,10,-1.1367466010781473
4,23,0,26,11,-1.136890123252241
4,23,0,26,12,-1.1370454598011448
4,23,0,26,31,-1.1411011021407866
4,23,0,26,32,-1.1412525987297664
4,23,0,26,33,-1.1413771846898044
4,23,0,27,0,-1.1357401085740635
4,23,0,27,1,-1.1358111554453385
4,23,0,27,2,-1.1358691426597323
4,23,0,27,3,-1.135931151467607
4,23,0,27,4,-1.1360007690843055
4,23,0,27,5,-1.136079384955552
4,23,0,27,6,-1.136167917073533
4,23,0,27,7,-1.1362670888749438
4,23,0,27,8,-1.1363775219064036
4,23,0,27,9,-1.1364997644314971
4,23,0,27,10,-1.136634416507502
4,23,0,27,11,-1.1367820844514485
4,23,0,27,12,-1.1369433300326903
4,23,0,27,32,-1.1415566340616243
4,23,0,28,0,-1.1356779466935272
4,23,0,28,1,-1.1357131176740125
4,23,0,28,2,-1.1357600633207157
4,23,0,28,3,-1.135816510476977
4,23,0,28,4,-1.1358827327160372
4,23,0,28,5,-1.1359592871869928
4,23,0,28,6,-1.1360467799124827
4,23,0,28,7,-1.1361458103922093
4,23,0,28,8,-1.1362569752207266
4,23,0,28,9,-1.1363808711352472
4,23,0,28,10,-1.136518122349991
4,23,0,28,11,-1.1366693695424301
4,23,0,28,12,-1.1368352554841727
4,23,0,28,13,-1.1370164031074743
4,23,0,28,32,-1.1418951270766704
4,23,0,28,33,-1.1420779757696553
4,23,0,29,0,-1.1355894962762376
4,23,0,29,1,-1.1356121860265567
4,23,0,29,2,-1.135650359333377
4,23,0,29,3,-1.1357010039323217
4,23,0,29,4,-1.1357632770735318
4,23,0,29,5,-1.1358371666719487
4,23,0,29,6,-1.1359230145785264
4,23,0,29,7,-1.1360213084361988
4,23,0,29,8,-1.136132613527226
4,23,0,29,9,-1.1362575414888674
4,23,0,29,10,-1.1363967459132729
4,23,0,29,11,-1.1365509232882198
4,23,0,29,12,-1.136720828258278
4,23,0,29,13,-1.1369072859349554
4,23,0,29,31,-1.1420172199175525
4,23,0,30,0,-1.1354872390799027
4,23,0,30,1,-1.1355046536490272
4,23,0,30,2,-1.1355370660645534
4,23,0,30,3,-1.1355827832105134
4,23,0,30,4,-1.135641121201034
4,23,0,30,5,-1.1357120056176664
4,23,0,30,6,-1.1357957162376189
4,23,0,30,7,-1.1358927114233601
4,23,0,30,8,-1.136003552351952
4,23,0,30,9,-1.1361288622980472
4,23,0,30,10,-1.1362693172818334
4,23,0,30,11,-1.1364256623304498
4,23,0,30,12,-1.1365987619916669
4,23,0,30,13,-1.1367896751612452
4,23,0,30,31,-1.1423762514208198
4,23,0,31,0,-1.1353764512030198
4,23,0,31,1,-1.1353910081283851
4,23,0,31,2,-1.1354193551974425
4,23,0,31,3,-1.1354608603846712
4,23,0,31,4,-1.1355153381708565
4,23,0,31,5,-1.1355829382046174
4,23,0,31,6,-1.1356640493382602
4,23,0,31,7,-1.135759189670127
4,23,0,31,8,-1.1358689523066656
4,23,0,31,9,-1.1359939725214998
4,23,0,31,10,-1.1361349260961109
4,23,0,31,11,-1.1362925647750874
4,23,0,31,12,-1.1364677999053538
4,23,0,31,13,-1.1366618293130555
4,23,0,31,30,-1.142400086217595
4,23,0,32,0,-1.1352599910330128
4,23,0,32,1,-1.1352724588877754
4,23,0,32,2,-1.1352973783238545
4,23,0,32,3,-1.135334888145661
4,23,0,32,4,-1.1353853552328415
4,23,0,32,5,-1.1354492815421477
4,23,0,32,6,-1.1355272718569644
4,23,0,32,7,-1.1356199706420174
4,23,0,32,8,-1.1357280306888204
4,23,0,32,9,-1.1358520906972334
4,23,0,32,10,-1.135992783687742
4,23,0,32,11,-1.1361507935703776
4,23,0,32,12,-1.1363269646334835
4,23,0,32,13,-1.1365223968830767
4,23,0,32,14,-1.13673838269138
4,23,0,32,30,-1.1427623462312333
4,23,0,33,0,-1.1351399481538007
4,23,0,33,1,-1.1351503459291559
4,23,0,33,2,-1.1351717076674264
4,23,0,33,3,-1.1352048862917419
4,23,0,33,4,-1.1352508386400755
4,23,0,33,5,-1.1353104848454403
4,23,0,33,6,-1.1353847067013
4,23,0,33,7,-1.1354743183958644
4,23,0,33,8,-1.1355800496528705
4,23,0,33,9,-1.1357025229514606
4,23,0,33,10,-1.1358422640093335
4,23,0,33,11,-1.1359997884540063
4,23,0,33,12,-1.1361757922096543
4,23,0,33,13,-1.1363713460461757
4,23,0,33,14,-1.1365880415678131
4,23,0,33,30,-1.1431688176415293
4,23,0,33,31,-1.1436044472454814
4,23,0,33,32,-1.1439815138500735
4,23,0,33,33,-1.1442990020122021
4,23,0,34,0,-1.135018392877399
4,23,0,34,1,-1.135026157887355
4,23,0,34,2,-1.135043120327362
4,23,0,34,3,-1.13507104257615
4,23,0,34,4,-1.1351115571032493
4,23,0,34,5,-1.135166038917965
4,23,0,34,6,-1.1352356745059182
4,23,0,34,7,-1.1353214766623498
4,23,0,34,8,-1.1354242699869017
4,23,0,34,9,-1.135544638569684
4,23,0,34,10,-1.1356829052450885
4,23,0,34,11,-1.135839235404022
4,23,0,34,12,-1.1360139965248233
4,23,0,34,13,-1.1362080905308483
4,23,0,34,14,-1.136423205512349
4,23,0,34,15,-1.136661606271179
4,23,0,34,30,-1.1435779350719775
4,23,0,34,31,-1.1440313789739667
4,23,0,34,33,-1.1447359171154883
4,23,0,35,0,-1.1348979578566756
4,23,0,35,1,-1.1349016617520766
4,23,0,35,2,-1.134912475731247
4,23,0,35,3,-1.1349335419177748
4,23,0,35,4,-1.1349672403826576
4,23,0,35,5,-1.1350153685729552
4,23,0,35,6,-1.135079400917482
4,23,0,35,7,-1.1351605753699086
4,23,0,35,8,-1.1352598596484944
4,23,0,35,9,-1.1353778090380267
4,23,0,35,10,-1.13551443032879
4,23,0,35,11,-1.1356691863360113
4,23,0,35,12,-1.1358417977340367
4,23,0,35,13,-1.1360327529206165
4,23,0,35,14,-1.1362440394837916
4,23,0,35,15,-1.1364781309363048
4,23,0,35,16,-1.1367394232059815
4,23,0,35,19,-1.1377092241236644
4,23,0,35,20,-1.1381060523827298
4,23,0,35,21,-1.138547198731949
4,23,0,35,23,-1.139588335579951
4,23,0,35,24,-1.1401787731355915
4,23,0,35,25,-1.1408122755535512
4,23,0,35,33,-1.1451315624093998
4,23,0,36,0,-1.13478270373832
4,23,0,36,1,-1.1347789447263945
4,23,0,36,2,-1.1347804824573824
4,23,0,36,3,-1.1347923463134524
4,23,0,36,4,-1.1348174284154615
4,23,0,36,5,-1.1348577267159168
4,23,0,36,6,-1.1349149138716135
4,23,0,36,7,-1.1349904978852152
4,23,0,36,8,-1.1350857287843192
4,23,0,36,9,-1.1352012597909287
4,23,0,36,10,-1.1353367687946923
4,23,0,36,11,-1.135490219410811
4,23,0,36,12,-1.1356601881271715
4,23,0,36,13,-1.1358460253282128
4,23,0,36,14,-1.136051025955827
4,23,0,36,15,-1.1362764250058806
4,23,0,36,16,-1.1365265598655259
4,23,0,36,17,-1.1368094281985976
4,23,0,36,18,-1.1371300572841185
4,23,0,36,22,-1.1389054191434769
4,23,0,36,23,-1.1395111117726857
4,23,0,36,26,-1.1416634137804305
4,23,0,36,27,-1.142409996869355
4,23,0,36,32,-1.1452052296515909
4,23,0,36,33,-1.145514330418856
4,23,0,37,0,-1.1346800927204077
4,23,0,37,1,-1.134659819554971
4,23,0,37,2,-1.134647066487984
4,23,0,37,3,-1.1346468693755205
4,23,0,37,4,-1.1346613350716959
4,23,0,37,5,-1.1346921313745149
4,23,0,37,6,-1.1347409635553973
4,23,0,37,7,-1.1348097106301571
4,23,0,37,8,-1.134900242170306
4,23,0,37,9,-1.1350136815381666
4,23,0,37,10,-1.1351501119771659
4,23,0,37,11,-1.1353036729807886
4,23,0,37,12,-1.1354716458700493
4,23,0,37,13,-1.1356489963843321
4,23,0,37,14,-1.135836053107052
4,23,0,37,15,-1.136041553977217
4,23,0,37,16,-1.1362765800569716
4,23,0,37,17,-1.1365491926188747
4,23,0,37,28,-1.1433857725834493
4,23,0,37,29,-1.1441120726639487
4,23,0,37,30,-1.144725982457672
4,23,0,37,31,-1.1452189010648066
4,23,0,37,32,-1.145600000837257
4,23,0,38,0,-1.134606638247689
4,23,0,38,1,-1.134542062138699
4,23,0,38,2,-1.1345099974671586
4,23,0,38,3,-1.1344956628983744
4,23,0,38,4,-1.134497842668894
4,23,0,38,5,-1.134517435391333
4,23,0,38,6,-1.1345560376481285
4,23,0,38,7,-1.1346160805213092
4,23,0,38,8,-1.134700792180025
4,23,0,38,9,-1.1348120572690232
4,23,0,38,10,-1.1349455341302102
4,23,0,38,11,-1.1350925678961354
4,23,0,38,12,-1.135252780559355
4,23,0,38,13,-1.1354169222791417
4,23,0,38,14,-1.1355793708018194
4,23,0,38,15,-1.1357380650690925
4,23,0,39,1,-1.1344006730915788
4,23,0,39,2,-1.1343640843137075
4,23,0,39,3,-1.134336843060263
4,23,0,39,4,-1.13432586921186
4,23,0,39,5,-1.1343326662217275
4,23,0,39,6,-1.1343586153125147
4,23,0,39,7,-1.1344067255697414
4,23,0,39,8,-1.1344765446593357
4,23,0,39,9,-1.134565672303684
4,23,0,39,10,-1.1346806041335176
4,23,0,39,11,-1.1348141895639436
4,23,0,39,12,-1.1349713503501426
4,23,0,39,13,-1.135116984070988
4,23,0,40,1,-1.1343047526637744
4,23,0,40,2,-1.134217707759551
4,23,0,40,3,-1.1341706546339418
4,23,0,40,4,-1.1341450547864584
4,23,0,40,5,-1.1341376793817595
4,23,0,40,6,-1.134147975740245
4,23,0,40,7,-1.1341741179039841
4,23,0,40,8,-1.1342036793141657
4,23,0,40,9,-1.1342215365597488
4,23,0,40,10,-1.134174552989079
4,23,0,40,11,-1.1342121005675485
4,23,0,41,2,-1.1340402162030971
4,23,0,41,3,-1.1339918955921224
4,23,0,41,4,-1.133954913944073
4,23,0,41,5,-1.133931742140551
4,23,0,41,6,-1.1339163075892287
4,23,0,41,7,-1.1338984041650062
4,23,0,41,8,-1.1338505314282294
4,23,0,41,9,-1.133540340606008
4,23,0,42,2,-1.1339199216033977
4,23,0,42,3,-1.1338050224525105
4,23,0,42,4,-1.1337370118453616
4,23,0,42,5,-1.133680671485214
4,23,0,42,6,-1.1336179786509886
4,23,0,42,7,-1.1335102945860929
4,23,0,43,3,-1.1335367604181175
4,23,0,43,4,-1.1334484990731963
4,23,0,43,5,-1.1333267055870033
4,23,0,43,6,-1.1331069122310127
4,23,0,44,3,-1.1333103701442437
4,23,0,44,4,-1.1330639213600837
4,24,0,10,55,-1.1281408585550596
4,24,0,11,54,-1.1281461968130502
4,24,0,12,9,-1.1266712253612807
4,24,0,12,53,-1.1281538196262797
4,24,0,13,9,-1.126610852374882
4,24,0,13,52,-1.1281641653005632
4,24,0,14,10,-1.1266218536703858
4,24,0,14,11,-1.1266956287708894
4,24,0,14,12,-1.1267724499960508
4,24,0,14,13,-1.1268518986028009
4,24,0,14,14,-1.1269338286155008
4,24,0,14,15,-1.1270183348229803
4,24,0,14,52,-1.1281706717662237
4,24,0,15,16,-1.127077374721421
4,24,0,15,45,-1.1282983390294437
4,24,0,15,46,-1.128272374984413
4,24,0,15,47,-1.1282495230671992
4,24,0,15,48,-1.1282294348656563
4,24,0,15,49,-1.1282120474359825
4,24,0,15,50,-1.1281973953750721
4,24,0,15,51,-1.1281858686074786
4,24,0,16,17,-1.1271510153071014
4,24,0,16,18,-1.1272533644137797
4,24,0,16,45,-1.1283214864615696
4,24,0,16,51,-1.1281952423072734
4,24,0,17,19,-1.1273533758652519
4,24,0,17,44,-1.1283841061863191
4,24,0,18,20,-1.1274718441088718
4,24,0,18,45,-1.1283668917141971
4,24,0,19,21,-1.1276108918635
4,24,0,19,42,-1.1285649783699108
4,24,0,19,43,-1.128495630521207
4,24,0,19,44,-1.1284361813421502
4,24,0,20,3,-1.1256774739821018
4,24,0,20,22,-1.1277728375403748
4,24,0,20,42,-1.128606540846038
4,24,0,21,3,-1.125606113362691
4,24,0,21,4,-1.125654566887076
4,24,0,21,23,-1.1279602465384337
4,24,0,21,24,-1.1281119953822205
4,24,0,21,41,-1.1287605664904115
4,24,0,22,3,-1.1254951042206915
4,24,0,22,4,-1.1255423062455348
4,24,0,22,25,-1.128340309744618
4,24,0,22,38,-1.1293002676852402
4,24,0,22,39,-1.1292308145187906
4,24,0,22,40,-1.1291525495160302
4,24,0,23,2,-1.125252664739042
4,24,0,23,3,-1.1253456975546854
4,24,0,23,4,-1.1254171866994278
4,24,0,23,5,-1.1254929294551559
4,24,0,23,26,-1.128601170918228
4,24,0,23,37,-1.1295572533712566
4,24,0,24,2,-1.1251684382932803
4,24,0,24,3,-1.1252266245872802
4,24,0,24,4,-1.1252966009993524
4,24,0,24,5,-1.1253743782814418
4,24,0,24,6,-1.1254606164427614
4,24,0,24,7,-1.125555450670399
4,24,0,24,27,-1.1288986708305881
4,24,0,24,28,-1.1290754152619227
4,24,0,24,35,-1.1298192179365685
4,24,0,24,36,-1.1298215557807614
4,24,0,25,1,-1.124949898647105
4,24,0,25,2,-1.1250348273373512
4,24,0,25,3,-1.1251045600402934
4,24,0,25,4,-1.125177005019649
4,24,0,25,5,-1.1252561762235869
4,24,0,25,6,-1.1253436757803268
4,24,0,25,7,-1.125440303000413
4,24,0,25,8,-1.1255467525916618
4,24,0,25,9,-1.1256627250246274
4,24,0,25,10,-1.1257890711468466
4,24,0,25,29,-1.1294239796372383
4,24,0,25,30,-1.1295942633794793
4,24,0,25,34,-1.1300524559743559
4,24,0,26,1,-1.1248737734808802
4,24,0,26,2,-1.1249252002479213
4,24,0,26,3,-1.124988569728164
4,24,0,26,4,-1.1250594899213961
4,24,0,26,5,-1.1251384629119556
4,24,0,26,6,-1.1252264269147325
4,24,0,26,7,-1.125324145123764
4,24,0,26,8,-1.125432227080211
4,24,0,26,9,-1.1255510391166867
4,24,0,26,10,-1.1256811909441402
4,24,0,26,11,-1.1258233050756947
4,24,0,26,12,-1.1259771185274958
4,24,0,26,31,-1.1299929811550256
4,24,0,26,32,-1.130142981183119
4,24,0,26,33,-1.1302663314329002
4,24,0,27,0,-1.124684691858913
4,24,0,27,1,-1.1247550208741743
4,24,0,27,2,-1.1248124267624664
4,24,0,27,3,-1.1248738178762505
4,24,0,27,4,-1.1249427452149035
4,24,0,27,5,-1.125020584254606
4,24,0,27,6,-1.1251082437705942
4,24,0,27,7,-1.1252064399407298
4,24,0,27,8,-1.125315788083669
4,24,0,27,9,-1.1254368309810907
4,24,0,27,10,-1.125570162731794
4,24,0,27,11,-1.125716383656474
4,24,0,27,12,-1.125876049973362
4,24,0,27,32,-1.1304441457712635
4,24,0,28,0,-1.1246231639089213
4,24,0,28,1,-1.1246579819012996
4,24,0,28,2,-1.1247044593233648
4,24,0,28,3,-1.124760346372657
4,24,0,28,4,-1.1248259140373098
4,24,0,28,5,-1.1249017139654798
4,24,0,28,6,-1.124988346160131
4,24,0,28,7,-1.1250864041611135
4,24,0,28,8,-1.1251964786345183
4,24,0,28,9,-1.1253191603996233
4,24,0,28,10,-1.125455067501316
4,24,0,28,11,-1.125604834303611
4,24,0,28,12,-1.1257690972501126
4,24,0,28,13,-1.1259484731324052
4,24,0,28,32,-1.1307794356321732
4,24,0,28,33,-1.130960488737034
4,24,0,29,0,-1.1245356165104274
4,24,0,29,1,-1.124558080406229
4,24,0,29,2,-1.1245958752763874
4,24,0,29,3,-1.1246460196012176
4,24,0,29,4,-1.1247076793389255
4,24,0,29,5,-1.124780842678827
4,24,0,29,6,-1.1248658481500355
4,24,0,29,7,-1.1249631785997598
4,24,0,29,8,-1.1250733937363995
4,24,0,29,9,-1.1251970991702798
4,24,0,29,10,-1.1253349420667103
4,24,0,29,11,-1.125487612079747
4,24,0,29,12,-1.125655856453977
4,24,0,29,13,-1.1258404922017105
4,24,0,29,31,-1.1309004477235347
4,24,0,30,0,-1.124434404281426
4,24,0,30,1,-1.1244516468588956
4,24,0,30,2,-1.1244837398893492
4,24,0,30,3,-1.1245290075499115
4,24,0,30,4,-1.1245867730161039
4,24,0,30,5,-1.1246569627667553
4,24,0,30,6,-1.124739853895642
4,24,0,30,7,-1.124835900287857
4,24,0,30,8,-1.1249456576183126
4,24,0,30,9,-1.1250697430525116
4,24,0,30,10,-1.125208825996185
4,24,0,30,11,-1.125363644198811
4,24,0,30,12,-1.1255350537613749
4,24,0,30,13,-1.125724103218662
4,24,0,30,31,-1.1312560764342416
4,24,0,31,0,-1.124324749447426
4,24,0,31,1,-1.1243391636374152
4,24,0,31,2,-1.1243672330544354
4,24,0,31,3,-1.1244083321553335
4,24,0,31,4,-1.124462277395615
4,24,0,31,5,-1.1245292170358978
4,24,0,31,6,-1.124609536143083
4,24,0,31,7,-1.1247037477495236
4,24,0,31,8,-1.124812439161925
4,24,0,31,9,-1.124936239454628
4,24,0,31,10,-1.1250758178319784
4,24,0,31,11,-1.1252319187325839
4,24,0,31,12,-1.1254054446326747
4,24,0,31,13,-1.125597581664749
4,24,0,31,30,-1.131279786399935
4,24,0,32,0,-1.1242094811312295
4,24,0,32,1,-1.124221827669664
4,24,0,32,2,-1.12424650464499
4,24,0,32,3,-1.1242836494821427
4,24,0,32,4,-1.124333625400676
4,24,0,32,5,-1.124396929382071
4,24,0,32,6,-1.1244741602377644
4,24,0,32,7,-1.1245659561021057
4,24,0,32,8,-1.124672963387693
4,24,0,32,9,-1.124795814589976
4,24,0,32,10,-1.1249351366145997
4,24,0,32,11,-1.1250916067787644
4,24,0,32,12,-1.1252660611988112
4,24,0,32,13,-1.1254595891675763
4,24,0,32,14,-1.1256734704022309
4,24,0,32,30,-1.1316386143789747
4,24,0,33,0,-1.1240906674917321
4,24,0,33,1,-1.1241009651697431
4,24,0,33,2,-1.1241221209268932
4,24,0,33,3,-1.1241549790059164
4,24,0,33,4,-1.124200486561809
4,24,0,33,5,-1.124259554495968
4,24,0,33,6,-1.1243330558265956
4,24,0,33,7,-1.1244217967123593
4,24,0,33,8,-1.1245264997493367
4,24,0,33,9,-1.124647781409204
4,24,0,33,10,-1.1247861624080955
4,24,0,33,11,-1.1249421535011663
4,24,0,33,12,-1.1251164439551045
4,24,0,33,13,-1.1253100941530392
4,24,0,33,14,-1.125524680134863
4,24,0,33,30,-1.1320412259953363
4,24,0,33,31,-1.1324726008800157
4,24,0,33,32,-1.1328459855009185
4,24,0,33,33,-1.1331603746745387
4,24,0,34,0,-1.1239703576188738
4,24,0,34,1,-1.1239780495005804
4,24,0,34,2,-1.1239948510015065
4,24,0,34,3,-1.124022506498517
4,24,0,34,4,-1.1240626318736318
4,24,0,34,5,-1.1241165882776054
4,24,0,34,6,-1.1241855503446174
4,24,0,34,7,-1.1242705208598518
4,24,0,34,8,-1.1243723163782438
4,24,0,34,9,-1.1244915154154416
4,24,0,34,10,-1.1246284378874447
4,24,0,34,11,-1.124783247860104
4,24,0,34,12,-1.124956309462269
4,24,0,34,13,-1.1251485159385686
4,24,0,34,14,-1.125361538869107
4,24,0,34,15,-1.1255976208084222
4,24,0,34,30,-1.1324464568757664
4,24,0,34,31,-1.1328954691693578
4,24,0,34,33,-1.133593121912497
4,24,0,35,0,-1.1238511571968972
4,24,0,35,1,-1.1238548295734778
4,24,0,35,2,-1.1238655455197935
4,24,0,35,3,-1.1238864149949777
4,24,0,35,4,-1.1239197938423704
4,24,0,35,5,-1.1239674613648971
4,24,0,35,6,-1.1240308772494962
4,24,0,35,7,-1.124111267209872
4,24,0,35,8,-1.124209589539632
4,24,0,35,9,-1.1243263943125796
4,24,0,35,10,-1.1244616886442744
4,24,0,35,11,-1.1246149411154425
4,24,0,35,12,-1.1247858755179776
4,24,0,35,13,-1.124974975707523
4,24,0,35,14,-1.125184209788778
4,24,0,35,15,-1.1254160270044893
4,24,0,35,16,-1.1256747797199347
4,24,0,35,19,-1.1266351541245698
4,24,0,35,20,-1.1270281219306189
4,24,0,35,21,-1.127464974175382
4,24,0,35,23,-1.1284959631047098
4,24,0,35,24,-1.1290806374116362
4,24,0,35,25,-1.1297079512177817
4,24,0,35,33,-1.133984994224661
4,24,0,36,0,-1.1237370852672321
4,24,0,36,1,-1.123733371295482
4,24,0,36,2,-1.1237349059149524
4,24,0,36,3,-1.1237466669764637
4,24,0,36,4,-1.1237715171710374
4,24,0,36,5,-1.1238114343100214
4,24,0,36,6,-1.1238680743513865
4,24,0,36,7,-1.1239429303986381
4,24,0,36,8,-1.1240372403073369
4,24,0,36,9,-1.1241516512264382
4,24,0,36,10,-1.1242858447977848
4,24,0,36,11,-1.1244378055269308
4,24,0,36,12,-1.1246061243681278
4,24,0,36,13,-1.1247901585089426
4,24,0,36,14,-1.1249931703362255
4,24,0,36,15,-1.1252163831707709
4,24,0,36,16,-1.1254640924914658
4,24,0,36,17,-1.125744219294127
4,24,0,36,18,-1.1260617442122984
4,24,0,36,22,-1.1278198573163245
4,24,0,36,23,-1.1284196442567702
4,24,0,36,26,-1.1305509070592406
4,24,0,36,27,-1.131290182917773
4,24,0,36,32,-1.1340580404984884
4,24,0,36,33,-1.1343641119943766
4,24,0,37,0,-1.1236355274756478
4,24,0,37,1,-1.1236154690543818
4,24,0,37,2,-1.1236028591740028
4,24,0,37,3,-1.1236026822655476
4,24,0,37,4,-1.1236170239288308
4,24,0,37,5,-1.123647535271742
4,24,0,37,6,-1.123695904604508
4,24,0,37,7,-1.1237639923775855
4,24,0,37,8,-1.123853649887471
4,24,0,37,9,-1.123965989900964
4,24,0,37,10,-1.1241010955768207
4,24,0,37,11,-1.1242531659630948
4,24,0,37,12,-1.1244195093306917
4,24,0,37,13,-1.1245951420366855
4,24,0,37,14,-1.1247803917072587
4,24,0,37,15,-1.1249839104573909
4,24,0,37,16,-1.125216668751232
4,24,0,37,17,-1.1254866514647224
4,24,0,37,28,-1.1322565464788772
4,24,0,37,29,-1.1329757248889063
4,24,0,37,30,-1.1335836093578615
4,24,0,37,31,-1.1340716883145252
4,24,0,37,32,-1.1344490471991096
4,24,0,38,0,-1.1235628275696488
4,24,0,38,1,-1.1234989221639433
4,24,0,38,2,-1.1234671982452502
4,24,0,38,3,-1.1234530278176564
4,24,0,38,4,-1.1234552081392881
4,24,0,38,5,-1.1234746290281412
4,24,0,38,6,-1.1235128712287483
4,24,0,38,7,-1.123572341719241
4,24,0,38,8,-1.1236562368777452
4,24,0,38,9,-1.123766423428387
4,24,0,38,10,-1.123898606025408
4,24,0,38,11,-1.1240442171280824
4,24,0,38,12,-1.1242028804793807
4,24,0,38,13,-1.1243654408370565
4,24,0,38,14,-1.1245263350175272
4,24,0,38,15,-1.1246835268299449
4,24,0,39,1,-1.123358989714469
4,24,0,39,2,-1.1233227858527395
4,24,0,39,3,-1.1232958394998411
4,24,0,39,4,-1.1232849992599785
4,24,0,39,5,-1.1232917533559517
4,24,0,39,6,-1.1233174692071581
4,24,0,39,7,-1.123365125797174
4,24,0,39,8,-1.1234342771756578
4,24,0,39,9,-1.1235225519336376
4,24,0,39,10,-1.1236363839529158
4,24,0,39,11,-1.1237686890092458
4,24,0,39,12,-1.1239243341619072
4,24,0,39,13,-1.1240685778893207
4,24,0,40,1,-1.1232640570883827
4,24,0,40,2,-1.1231779161506905
4,24,0,40,3,-1.1231313598081374
4,24,0,40,4,-1.1231060415340954
4,24,0,40,5,-1.1230987658929563
4,24,0,40,6,-1.1231089858333074
4,24,0,40,7,-1.123134895314039
4,24,0,40,8,-1.12316419895707
4,24,0,40,9,-1.1231819341948752
4,24,0,40,10,-1.1231355204226927
4,24,0,40,11,-1.1231727797391864
4,24,0,41,2,-1.1230022547813165
4,24,0,41,3,-1.1229544408007024
4,24,0,41,4,-1.1229178551313328
4,24,0,41,5,-1.1228949424785948
4,24,0,41,6,-1.1228796923330124
4,24,0,41,7,-1.1228620056696794
4,24,0,41,8,-1.1228146695681536
4,24,0,41,9,-1.1225077465604973
4,24,0,42,2,-1.1228831998932804
4,24,0,42,3,-1.1227694927198086
4,24,0,42,4,-1.1227021956103942
4,24,0,42,5,-1.1226464540494157
4,24,0,42,6,-1.1225844301498114
4,24,0,42,7,-1.122477885743377
4,24,0,43,3,-1.122503999044935
4,24,0,43,4,-1.1224166577229044
4,24,0,43,5,-1.1222961376141438
4,24,0,43,6,-1.1220786351358247
4,24,0,44,3,-1.1222799454143004
4,24,0,44,4,-1.122036052804244
4,25,0,10,55,-1.117165083254525
4,25,0,11,54,-1.1171703718516584
4,25,0,12,9,-1.115710758439265
4,25,0,12,53,-1.1171779253074876
4,25,0,13,9,-1.1156510024530177
4,25,0,13,52,-1.117188178293336
4,25,0,14,10,-1.1156619030358506
4,25,0,14,11,-1.1157349363060705
4,25,0,14,12,-1.1158109867088164
4,25,0,14,13,-1.115889639483056
4,25,0,14,14,-1.1159707499810751
4,25,0,14,15,-1.1160544119745273
4,25,0,14,52,-1.1171946230354024
4,25,0,15,16,-1.1161128943834278
4,25,0,15,45,-1.1173211806414471
4,25,0,15,46,-1.1172954421528496
4,25,0,15,47,-1.1172727882284308
4,25,0,15,48,-1.1172528739479124
4,25,0,15,49,-1.1172356370087841
4,25,0,15,50,-1.1172211116492863
4,25,0,15,51,-1.117209683949287
4,25,0,16,17,-1.1161858390167907
4,25,0,16,18,-1.1162871716366636
4,25,0,16,45,-1.117344113169386
4,25,0,16,51,-1.1172189682897318
4,25,0,17,19,-1.1163862345660305
4,25,0,17,44,-1.117406168875237
4,25,0,18,20,-1.1165035782833763
4,25,0,18,45,-1.1173890953667713
4,25,0,19,21,-1.1166413048942436
4,25,0,19,42,-1.1175854035617137
4,25,0,19,43,-1.1175166780800267
4,25,0,19,44,-1.1174577601662588
4,25,0,20,3,-1.1147270845717105
4,25,0,20,22,-1.1168017102945187
4,25,0,20,42,-1.117626580538708
4,25,0,21,3,-1.1146564469650933
4,25,0,21,4,-1.1147044155263641
4,25,0,21,23,-1.1169873349710209
4,25,0,21,24,-1.1171375871203562
4,25,0,21,41,-1.1177792002193876
4,25,0,22,3,-1.1145465626974362
4,25,0,22,4,-1.1145932934357152
4,25,0,22,25,-1.117363722849561
4,25,0,22,38,-1.118313951916039
4,25,0,22,39,-1.1182451267986042
4,25,0,22,40,-1.118167578923854
4,25,0,23,2,-1.1143065735803457
4,25,0,23,3,-1.1143986690946184
4,25,0,23,4,-1.1144694431413178
4,25,0,23,5,-1.1145444324196558
4,25,0,23,26,-1.1176220925557454
4,25,0,23,37,-1.1185685597202057
4,25,0,24,2,-1.1142232013156532
4,25,0,24,3,-1.1142808040375631
4,25,0,24,4,-1.1143500821507277
4,25,0,24,5,-1.1144270867069999
4,25,0,24,6,-1.1145124708868492
4,25,0,24,7,-1.1146063681716578
4,25,0,24,27,-1.1179167485218295
4,25,0,24,28,-1.118091752067736
4,25,0,24,35,-1.1188281336449692
4,25,0,24,36,-1.1188304131223752
4,25,0,25,1,-1.1140068729046446
4,25,0,25,2,-1.1140909450390597
4,25,0,25,3,-1.1141599790886
4,25,0,25,4,-1.1142317023520927
4,25,0,25,5,-1.1143100882098562
4,25,0,25,6,-1.1143967225373654
4,25,0,25,7,-1.1144923964652422
4,25,0,25,8,-1.114597797680284
4,25,0,25,9,-1.114712629383957
4,25,0,25,10,-1.1148377340129207
4,25,0,25,29,-1.1184369801017733
4,25,0,25,30,-1.118605585239007
4,25,0,25,34,-1.1190592201497311
4,25,0,26,1,-1.1139315211995393
4,25,0,26,2,-1.1139824317950326
4,25,0,26,3,-1.1140451685207133
4,25,0,26,4,-1.114115383936024
4,25,0,26,5,-1.1141935751111676
4,25,0,26,6,-1.1142806707950539
4,25,0,26,7,-1.1143774264625432
4,25,0,26,8,-1.1144844454986451
4,25,0,26,9,-1.114602090500218
4,25,0,26,10,-1.1147309651145412
4,25,0,26,11,-1.1148716856955483
4,25,0,26,12,-1.115023991729893
4,25,0,26,31,-1.119000484561195
4,25,0,26,32,-1.1191490033958722
4,25,0,26,33,-1.1192711305897112
4,25,0,27,0,-1.1137443566210112
4,25,0,27,1,-1.113813975173309
4,25,0,27,2,-1.1138708057178304
4,25,0,27,3,-1.1139315854913956
4,25,0,27,4,-1.113999829651491
4,25,0,27,5,-1.114076899849273
4,25,0,27,6,-1.114163695738486
4,25,0,27,7,-1.1142609263135108
4,25,0,27,8,-1.114369200729821
4,25,0,27,9,-1.1144890563444496
4,25,0,27,10,-1.1146210813601285
4,25,0,27,11,-1.1147658701640766
4,25,0,27,12,-1.1149239734816676
4,25,0,27,32,-1.1194473273545356
4,25,0,28,0,-1.1136834560615394
4,25,0,28,1,-1.1137179246991338
4,25,0,28,2,-1.1137639387136484
4,25,0,28,3,-1.1138192714169006
4,25,0,28,4,-1.1138841912393913
4,25,0,28,5,-1.1139592443855564
4,25,0,28,6,-1.1140450249013047
4,25,0,28,7,-1.1141421204287183
4,25,0,28,8,-1.114251115767258
4,25,0,28,9,-1.1143725958801682
4,25,0,28,10,-1.1145071727076779
4,25,0,28,11,-1.1146554743665642
4,25,0,28,12,-1.1148181310387886
4,25,0,28,13,-1.1149957534397237
4,25,0,28,32,-1.1197794476302207
4,25,0,28,33,-1.119958723668244
4,25,0,29,0,-1.1135968023612304
4,25,0,29,1,-1.113619042725825
4,25,0,29,2,-1.1136564630512615
4,25,0,29,3,-1.1137061122465346
4,25,0,29,4,-1.1137671648890488
4,25,0,29,5,-1.113839609440249
4,25,0,29,6,-1.1139237811423104
4,25,0,29,7,-1.1140201580969038
4,25,0,29,8,-1.1141292944968486
4,25,0,29,9,-1.1142517899886775
4,25,0,29,10,-1.114388285378294
4,25,0,29,11,-1.1145394635577166
4,25,0,29,12,-1.1147060644491056
4,25,0,29,13,-1.1148888970504398
4,25,0,29,31,-1.119899390597988
4,25,0,30,0,-1.1134966243082107
4,25,0,30,1,-1.1135136966622123
4,25,0,30,2,-1.1135454735908703
4,25,0,30,3,-1.113590296387074
4,25,0,30,4,-1.1136474952159017
4,25,0,30,5,-1.1137169974448884
4,25,0,30,6,-1.1137990775127882
4,25,0,30,7,-1.1138941848743096
4,25,0,30,8,-1.1140028697598419
4,25,0,30,9,-1.1141257432898133
4,25,0,30,10,-1.1142634683249515
4,25,0,30,11,-1.1144167754134446
4,25,0,30,12,-1.1145865122979852
4,25,0,30,13,-1.1147737172608012
4,25,0,30,31,-1.1202516521210415
4,25,0,31,0,-1.1133880908099376
4,25,0,31,1,-1.113402363730987
4,25,0,31,2,-1.1134301583487138
4,25,0,31,3,-1.1134708555365094
4,25,0,31,4,-1.1135242737052848
4,25,0,31,5,-1.113590559742751
4,25,0,31,6,-1.1136700949702718
4,25,0,31,7,-1.1137633874073443
4,25,0,31,8,-1.1138710186216816
4,25,0,31,9,-1.1139936115534042
4,25,0,31,10,-1.1141318288988542
4,25,0,31,11,-1.1142864078673955
4,25,0,31,12,-1.1144582421575122
4,25,0,31,13,-1.1146485063303524
4,25,0,31,30,-1.1202752388654085
4,25,0,32,0,-1.1132740020261138
4,25,0,32,1,-1.113286228493415
4,25,0,32,2,-1.113310665497165
4,25,0,32,3,-1.113347449098184
4,25,0,32,4,-1.1133969388948586
4,25,0,32,5,-1.1134596269456134
4,25,0,32,6,-1.1135361061524498
4,25,0,32,7,-1.1136270083855777
4,25,0,32,8,-1.1137329737454293
4,25,0,32,9,-1.1138546285881825
4,25,0,32,10,-1.113992593769027
4,25,0,32,11,-1.1141475400817293
4,25,0,32,12,-1.1143202955563676
4,25,0,32,13,-1.1145119388847011
4,25,0,32,14,-1.1147237372611762
4,25,0,32,30,-1.120630670671613
4,25,0,33,0,-1.113156404911607
4,25,0,33,1,-1.1131666035179073
4,25,0,33,2,-1.113187555405643
4,25,0,33,3,-1.1132200962280425
4,25,0,33,4,-1.1132651635583783
4,25,0,33,5,-1.1133236591627025
4,25,0,33,6,-1.1133964473754872
4,25,0,33,7,-1.1134843264096606
4,25,0,33,8,-1.113588011808124
4,25,0,33,9,-1.1137081140981746
4,25,0,33,10,-1.1138451490472498
4,25,0,33,11,-1.113999622589758
4,25,0,33,12,-1.1141722174049895
4,25,0,33,13,-1.1143639835980381
4,25,0,33,14,-1.1145764818069683
4,25,0,33,30,-1.1210294627888209
4,25,0,33,31,-1.1214566271288409
4,25,0,33,32,-1.1218263679969245
4,25,0,33,33,-1.1221376903626261
4,25,0,34,0,-1.113037327553587
4,25,0,34,1,-1.1130449470532289
4,25,0,34,2,-1.1130615892601265
4,25,0,34,3,-1.1130889807367654
4,25,0,34,4,-1.1131287209504364
4,25,0,34,5,-1.113182157337517
4,25,0,34,6,-1.1132504528041127
4,25,0,34,7,-1.1133346002296007
4,25,0,34,8,-1.1134354082081375
4,25,0,34,9,-1.11355344973946
4,25,0,34,10,-1.1136890418524605
4,25,0,34,11,-1.1138423473028507
4,25,0,34,12,-1.1140137269058565
4,25,0,34,13,-1.1142040653184053
4,25,0,34,14,-1.1144150177826846
4,25,0,34,15,-1.1146488048378265
4,25,0,34,30,-1.1214308476691082
4,25,0,34,31,-1.1218754743841033
4,25,0,34,33,-1.1225663132546448
4,25,0,35,0,-1.112919348946855
4,25,0,35,1,-1.1129229901192654
4,25,0,35,2,-1.1129336090255266
4,25,0,35,3,-1.112954283794697
4,25,0,35,4,-1.112987346294424
4,25,0,35,5,-1.1130345578720409
4,25,0,35,6,-1.1130973636258472
4,25,0,35,7,-1.1131769771568423
4,25,0,35,8,-1.1132743474320972
4,25,0,35,9,-1.1133900193691255
4,25,0,35,10,-1.113524000406415
4,25,0,35,11,-1.1136757648317237
4,25,0,35,12,-1.1138450395234798
4,25,0,35,13,-1.11403230384337
4,25,0,35,14,-1.1142395066156403
4,25,0,35,15,-1.1144690730657847
4,25,0,35,16,-1.114725312449473
4,25,0,35,19,-1.1156763577663742
4,25,0,35,20,-1.1160655050607677
4,25,0,35,21,-1.1164981076565064
4,25,0,35,23,-1.1175190538222617
4,25,0,35,24,-1.1180980246492174
4,25,0,35,25,-1.118719214052944
4,25,0,35,33,-1.1229544519637078
4,25,0,36,0,-1.1128064469588221
4,25,0,36,1,-1.1128027775474865
4,25,0,36,2,-1.1128043090635964
4,25,0,36,3,-1.1128159683619219
4,25,0,36,4,-1.1128405890094812
4,25,0,36,5,-1.1128801288856214
4,25,0,36,6,-1.1129362274228893
4,25,0,36,7,-1.1130103629802999
4,25,0,36,8,-1.113103761367777
4,25,0,36,9,-1.1132170637246819
4,25,0,36,10,-1.113349955407118
4,25,0,36,11,-1.1135004415959981
4,25,0,36,12,-1.1136671275636638
4,25,0,36,13,-1.113849377231436
4,25,0,36,14,-1.1140504207690367
4,25,0,36,15,-1.1142714699443803
4,25,0,36,16,-1.1145167787629915
4,25,0,36,17,-1.1147941923466553
4,25,0,36,18,-1.1151086451680754
4,25,0,36,22,-1.116849688063776
4,25,0,36,23,-1.1174436305475763
4,25,0,36,26,-1.1195540725095652
4,25,0,36,27,-1.1202861170239995
4,25,0,36,32,-1.123026883858526
4,25,0,36,33,-1.1233299575726152
4,25,0,37,0,-1.1127059314770855
4,25,0,37,1,-1.112686085558759
4,25,0,37,2,-1.112673617355228
4,25,0,37,3,-1.1126734604063884
4,25,0,37,4,-1.1126876792785823
4,25,0,37,5,-1.1127179085628416
4,25,0,37,6,-1.1127658197841623
4,25,0,37,7,-1.11283325502008
4,25,0,37,8,-1.1129220474814194
4,25,0,37,9,-1.1130332994494372
4,25,0,37,10,-1.1131670939997684
4,25,0,37,11,-1.1133176891197987
4,25,0,37,12,-1.1134824197537057
4,25,0,37,13,-1.1136563523530725
4,25,0,37,14,-1.1138398135944547
4,25,0,37,15,-1.1140413706577454
4,25,0,37,16,-1.114271884558832
4,25,0,37,17,-1.1145392645675292
4,25,0,37,28,-1.121243166259395
4,25,0,37,29,-1.1219552970126816
4,25,0,37,30,-1.1225572187916826
4,25,0,37,31,-1.123040508416642
4,25,0,37,32,-1.1234141653121497
4,25,0,38,0,-1.1126339783131503
4,25,0,38,1,-1.1125707366359252
4,25,0,38,2,-1.1125393499105138
4,25,0,38,3,-1.1125253418867815
4,25,0,38,4,-1.1125275227094147
4,25,0,38,5,-1.1125467734932086
4,25,0,38,6,-1.1125846593089417
4,25,0,38,7,-1.1126435632804295
4,25,0,38,8,-1.1127266503236413
4,25,0,38,9,-1.1128357694273958
4,25,0,38,10,-1.1129666710766244
4,25,0,38,11,-1.1131108741558746
4,25,0,38,12,-1.113268004145948
4,25,0,38,13,-1.11342899942149
4,25,0,38,14,-1.1135883552547168
4,25,0,38,15,-1.1137440600591848
4,25,0,39,1,-1.1124322456606703
4,25,0,39,2,-1.112396422699575
4,25,0,39,3,-1.112369768154005
4,25,0,39,4,-1.1123590600929851
4,25,0,39,5,-1.1123657716673603
4,25,0,39,6,-1.1123912566364205
4,25,0,39,7,-1.1124384641934921
4,25,0,39,8,-1.112506954703126
4,25,0,39,9,-1.1125943853188776
4,25,0,39,10,-1.1127071288106571
4,25,0,39,11,-1.1128381666430462
4,25,0,39,12,-1.1129923117575993
4,25,0,39,13,-1.113135179779253
4,25,0,40,1,-1.112338290578328
4,25,0,40,2,-1.1122530441985115
4,25,0,40,3,-1.1122069794507112
4,25,0,40,4,-1.1121819397860704
4,25,0,40,5,-1.1121747628220298
4,25,0,40,6,-1.1121849070773657
4,25,0,40,7,-1.1122105862184666
4,25,0,40,8,-1.112239634678132
4,25,0,40,9,-1.112257249051552
4,25,0,40,10,-1.1122113989873472
4,25,0,40,11,-1.1122483728643642
4,25,0,41,2,-1.1120791939942474
4,25,0,41,3,-1.1120318813575467
4,25,0,41,4,-1.1119956875172288
4,25,0,41,5,-1.1119730312763632
4,25,0,41,6,-1.1119579635638017
4,25,0,41,7,-1.1119404913368756
4,25,0,41,8,-1.111893686196367
4,25,0,41,9,-1.111589996867074
4,25,0,42,2,-1.1119613659317371
4,25,0,42,3,-1.11184883832275
4,25,0,42,4,-1.111782247262715
4,25,0,42,5,-1.1117270982327179
4,25,0,42,6,-1.111665736259776
4,25,0,42,7,-1.1115603195945318
4,25,0,43,3,-1.1115860842108556
4,25,0,43,4,-1.1114996533200656
4,25,0,43,5,-1.1113803933053548
4,25,0,43,6,-1.111165157823321
4,25,0,44,3,-1.111364342915256
4,25,0,44,4,-1.1111229798627933
4,26,0,10,55,-1.106303549742137
4,26,0,11,54,-1.1063087892050458
4,26,0,12,9,-1.1048643804386975
4,26,0,12,53,-1.106316274044303
4,26,0,13,9,-1.104805235138952
4,26,0,13,52,-1.1063264353415894
4,26,0,14,10,-1.1048160360513646
4,26,0,14,11,-1.1048883350967738
4,26,0,14,12,-1.1049636225801749
4,26,0,14,13,-1.1050414876811585
4,26,0,14,14,-1.1051217870661467
4,26,0,14,15,-1.105204613500237
4,26,0,14,52,-1.1063328189930313
4,26,0,15,16,-1.1052625441931665
4,26,0,15,45,-1.1064582792541389
4,26,0,15,46,-1.1064327638201006
4,26,0,15,47,-1.1064103056871162
4,26,0,15,48,-1.1063905633913003
4,26,0,15,49,-1.1063734752653178
4,26,0,15,50,-1.1063590751928332
4,26,0,15,51,-1.1063477454492643
4,26,0,16,17,-1.1053348000846286
4,26,0,16,18,-1.1054351266525488
4,26,0,16,45,-1.1064809991367799
4,26,0,16,51,-1.1063569413520993
4,26,0,17,19,-1.105533250891644
4,26,0,17,44,-1.1065424969020825
4,26,0,18,20,-1.1056494817440172
4,26,0,18,45,-1.1065255627217385
4,26,0,19,21,-1.1057859009172066
4,26,0,19,42,-1.106720111667906
4,26,0,19,43,-1.1066520018284338
4,26,0,19,44,-1.1065936094211342
4,26,0,20,3,-1.1038906804814819
4,26,0,20,22,-1.1059447820269162
4,26,0,20,42,-1.1067609072144606
4,26,0,21,3,-1.1038207584247146
4,26,0,21,4,-1.1038682470278605
4,26,0,21,23,-1.1061286409080417
4,26,0,21,24,-1.1062774117822027
4,26,0,21,41,-1.1069121359408667
4,26,0,22,3,-1.1037119874178674
4,26,0,22,4,-1.1037582517351163
4,26,0,22,25,-1.1065013915103867
4,26,0,22,38,-1.1074419907846027
4,26,0,22,39,-1.1073737869944098
4,26,0,22,40,-1.1072969486190962
4,26,0,23,2,-1.1034744233614415
4,26,0,23,3,-1.1035655912532236
4,26,0,23,4,-1.1036356575857122
4,26,0,23,5,-1.1037099011666935
4,26,0,23,26,-1.1067572956409868
4,26,0,23,37,-1.107694245838855
4,26,0,24,2,-1.1033918964524365
4,26,0,24,3,-1.1034489216288346
4,26,0,24,4,-1.1035175086540305
4,26,0,24,5,-1.1035937484637752
4,26,0,24,6,-1.1036782874805044
4,26,0,24,7,-1.103771257497154
4,26,0,24,27,-1.1070491372266469
4,26,0,24,28,-1.107222417854724
4,26,0,24,35,-1.1079514545130627
4,26,0,24,36,-1.1079536760777737
4,26,0,25,1,-1.1031777564277794
4,26,0,25,2,-1.1032609808560976
4,26,0,25,3,-1.1033293234686268
4,26,0,25,4,-1.1034003324698334
4,26,0,25,5,-1.1034779410918378
4,26,0,25,6,-1.1035637191255134
4,26,0,25,7,-1.103658449606199
4,26,0,25,8,-1.1037628132726038
4,26,0,25,9,-1.103876516028741
4,26,0,25,10,-1.1040003919881431
4,26,0,25,29,-1.1075643442518874
4,26,0,25,30,-1.1077312881108918
4,26,0,25,34,-1.1081804122030843
4,26,0,26,1,-1.103103170186487
4,26,0,26,2,-1.1031535699430497
4,26,0,26,3,-1.1032156804500357
4,26,0,26,4,-1.10328519836653
4,26,0,26,5,-1.1033626158008865
4,26,0,26,6,-1.103448852134111
4,26,0,26,7,-1.1035446552019397
4,26,0,26,8,-1.1036506222972071
4,26,0,26,9,-1.1037671123199846
4,26,0,26,10,-1.1038947229172162
4,26,0,26,11,-1.1040340643480182
4,26,0,26,12,-1.1041848785441237
4,26,0,26,31,-1.1081224087232746
4,26,0,26,32,-1.1082694616476296
4,26,0,26,33,-1.1083903783829219
4,26,0,27,0,-1.1029179028288636
4,26,0,27,1,-1.1029868182627247
4,26,0,27,2,-1.1030430794082524
4,26,0,27,3,-1.1031032541565957
4,26,0,27,4,-1.103170822194535
4,26,0,27,5,-1.1032471314915535
4,26,0,27,6,-1.1033330726745558
4,26,0,27,7,-1.1034293476290669
4,26,0,27,8,-1.1035365594115107
4,26,0,27,9,-1.1036552400108828
4,26,0,27,10,-1.1037859717954612
4,26,0,27,11,-1.1039293432810433
4,26,0,27,12,-1.1040858997576108
4,26,0,27,32,-1.1085649746943664
4,26,0,28,0,-1.102857623166945
4,26,0,28,1,-1.102891746059991
4,26,0,28,2,-1.1029373014543054
4,26,0,28,3,-1.102992085537427
4,26,0,28,4,-1.1030563642091689
4,26,0,28,5,-1.1031306782869013
4,26,0,28,6,-1.1032156159214714
4,26,0,28,7,-1.1033117589186083
4,26,0,28,8,-1.1034196862722785
4,26,0,28,9,-1.1035399771508656
4,26,0,28,10,-1.1036732374537785
4,26,0,28,11,-1.1038200891159038
4,26,0,28,12,-1.1039811561230424
4,26,0,28,13,-1.1041570431779406
4,26,0,28,32,-1.108893958523035
4,26,0,28,33,-1.1090714758834581
4,26,0,29,0,-1.1027718539129117
4,26,0,29,1,-1.1027938730553752
4,26,0,29,2,-1.1028309227045354
4,26,0,29,3,-1.102880081883905
4,26,0,29,4,-1.1029405337014653
4,26,0,29,5,-1.1030122668883728
4,26,0,29,6,-1.1030956134342944
4,26,0,29,7,-1.103191046744922
4,26,0,29,8,-1.10329911555507
4,26,0,29,9,-1.1034204136098353
4,26,0,29,10,-1.1035555754222584
4,26,0,29,11,-1.1037052771930627
4,26,0,29,12,-1.103870251598529
4,26,0,29,13,-1.1040512997060692
4,26,0,29,31,-1.1090128437371696
4,26,0,30,0,-1.102672699326092
4,26,0,30,1,-1.1026896032143685
4,26,0,30,2,-1.1027210673052
4,26,0,30,3,-1.1027654498307893
4,26,0,30,4,-1.1028220878740471
4,26,0,30,5,-1.102890909682476
4,26,0,30,6,-1.1029721870677558
4,26,0,30,7,-1.1030663651005668
4,26,0,30,8,-1.1031739886236658
4,26,0,30,9,-1.1032956627756627
4,26,0,30,10,-1.1034320439408047
4,26,0,30,11,-1.1035838555413435
4,26,0,30,12,-1.1037519370490285
4,26,0,30,13,-1.1039373166006055
4,26,0,30,31,-1.109361773240663
4,26,0,31,0,-1.1025652755471331
4,26,0,31,1,-1.1025794086573881
4,26,0,31,2,-1.1026069313123537
4,26,0,31,3,-1.1026472307362378
4,26,0,31,4,-1.1027001272757573
4,26,0,31,5,-1.1027657664604402
4,26,0,31,6,-1.102844525905405
4,26,0,31,7,-1.102936908669715
4,26,0,31,8,-1.103043490642072
4,26,0,31,9,-1.1031648886925878
4,26,0,31,10,-1.1033017590777892
4,26,0,31,11,-1.10345483185347
4,26,0,31,12,-1.1036249920321255
4,26,0,31,13,-1.1038134027243536
4,26,0,31,30,-1.1093852382453702
4,26,0,32,0,-1.1024523540721438
4,26,0,32,1,-1.1024644617069015
4,26,0,32,2,-1.1024886612148483
4,26,0,32,3,-1.1025250873075236
4,26,0,32,4,-1.1025740960003292
4,26,0,32,5,-1.1026361744801727
4,26,0,32,6,-1.102711909801356
4,26,0,32,7,-1.10280192763536
4,26,0,32,8,-1.102906861836388
4,26,0,32,9,-1.1030273326856228
4,26,0,32,10,-1.1031639550512586
4,26,0,32,11,-1.103317393272013
4,26,0,32,12,-1.1034884673763017
4,26,0,32,13,-1.103678245565515
4,26,0,32,14,-1.1038879826421002
4,26,0,32,30,-1.1097373093180438
4,26,0,33,0,-1.1023359608713843
4,26,0,33,1,-1.1023460614268217
4,26,0,33,2,-1.1023668115465666
4,26,0,33,3,-1.102399038384094
4,26,0,33,4,-1.1024436700309415
4,26,0,33,5,-1.1025015992130445
4,26,0,33,6,-1.1025736816716567
4,26,0,33,7,-1.1026607077568005
4,26,0,33,8,-1.102763386031816
4,26,0,33,9,-1.1028823211418597
4,26,0,33,10,-1.1030180239577136
4,26,0,33,11,-1.1031709956437907
4,26,0,33,12,-1.1033419123610417
4,26,0,33,13,-1.103531814043891
4,26,0,33,14,-1.1037422460892266
4,26,0,33,30,-1.1101323217692916
4,26,0,33,31,-1.1105553193201734
4,26,0,33,32,-1.1109214543026353
4,26,0,33,33,-1.1112297417337724
4,26,0,34,0,-1.1022181032468465
4,26,0,34,1,-1.1022256511082738
4,26,0,34,2,-1.1022421356599883
4,26,0,34,3,-1.102269265835583
4,26,0,34,4,-1.1023086248585205
4,26,0,34,5,-1.102361546593531
4,26,0,34,6,-1.1024291823407177
4,26,0,34,7,-1.1025125151768007
4,26,0,34,8,-1.1026123458181318
4,26,0,34,9,-1.1027292418063066
4,26,0,34,10,-1.1028635173137575
4,26,0,34,11,-1.1030153338003996
4,26,0,34,12,-1.1031850488029604
4,26,0,34,13,-1.1033735384804877
4,26,0,34,14,-1.1035824419075546
4,26,0,34,15,-1.1038139578372597
4,26,0,34,30,-1.1105299007434686
4,26,0,34,31,-1.1109701874662847
4,26,0,34,33,-1.1116542832977172
4,26,0,35,0,-1.1021013337807124
4,26,0,35,1,-1.1021049440651935
4,26,0,35,2,-1.102115466923874
4,26,0,35,3,-1.102135948986772
4,26,0,35,4,-1.1021686983952268
4,26,0,35,5,-1.1022154587276978
4,26,0,35,6,-1.1022776606455664
4,26,0,35,7,-1.1023565057631186
4,26,0,35,8,-1.1024529338179627
4,26,0,35,9,-1.102567484625295
4,26,0,35,10,-1.1027001659438544
4,26,0,35,11,-1.1028504577100031
4,26,0,35,12,-1.1030180898574842
4,26,0,35,13,-1.1032035373013684
4,26,0,35,14,-1.1034087297861743
4,26,0,35,15,-1.1036360687702333
4,26,0,35,16,-1.1038898208480166
4,26,0,35,19,-1.1048316337390736
4,26,0,35,20,-1.1052170001347137
4,26,0,35,21,-1.1056453971613533
4,26,0,35,23,-1.1066564047952085
4,26,0,35,24,-1.1072297313684818
4,26,0,35,25,-1.1078448599858401
4,26,0,35,33,-1.1120387273347871
4,26,0,36,0,-1.1019895895937868
4,26,0,36,1,-1.1019859642720684
4,26,0,36,2,-1.1019874927016777
4,26,0,36,3,-1.101999051271437
4,26,0,36,4,-1.1020234447271542
4,26,0,36,5,-1.1020626112233556
4,26,0,36,6,-1.1021181738389174
4,26,0,36,7,-1.1021915963415656
4,26,0,36,8,-1.1022840926207786
4,26,0,36,9,-1.1023962978690347
4,26,0,36,10,-1.1025279011187605
4,26,0,36,11,-1.1026769280125828
4,26,0,36,12,-1.102841997993377
4,26,0,36,13,-1.1030224816470333
4,26,0,36,14,-1.1032215772608684
4,26,0,36,15,-1.1034404851706152
4,26,0,36,16,-1.1036834183393078
4,26,0,36,17,-1.1039581468018735
4,26,0,36,18,-1.1042695593500973
4,26,0,36,22,-1.1059937090848808
4,26,0,36,23,-1.1065818677934045
4,26,0,36,26,-1.1086717052349255
4,26,0,36,27,-1.1093965935647871
4,26,0,36,32,-1.1121105513263307
4,26,0,36,33,-1.1124106584357276
4,26,0,37,0,-1.1018901056023374
4,26,0,37,1,-1.1018704699712285
4,26,0,37,2,-1.1018581419575193
4,26,0,37,3,-1.1018580047388022
4,26,0,37,4,-1.1018721020665767
4,26,0,37,5,-1.1019020521866643
4,26,0,37,6,-1.1019495100131775
4,26,0,37,7,-1.1020162994414517
4,26,0,37,8,-1.102104235784333
4,26,0,37,9,-1.1022144109464784
4,26,0,37,10,-1.1023469079216919
4,26,0,37,11,-1.1024960430261943
4,26,0,37,12,-1.102659177602284
4,26,0,37,13,-1.1028314276769668
4,26,0,37,14,-1.1030131189855488
4,26,0,37,15,-1.1032127346541134
4,26,0,37,16,-1.103441027388605
4,26,0,37,17,-1.1037058316366788
4,26,0,37,28,-1.1103444253356862
4,26,0,37,29,-1.1110495817175436
4,26,0,37,30,-1.111645602819557
4,26,0,37,31,-1.1121241529286567
4,26,0,37,32,-1.1124941463436337
4,26,0,38,0,-1.101818891426613
4,26,0,38,1,-1.1017563065733584
4,26,0,38,2,-1.1017252535233337
4,26,0,38,3,-1.101711406194653
4,26,0,38,4,-1.1017135874847483
4,26,0,38,5,-1.1017326698957106
4,26,0,38,6,-1.1017702029872771
4,26,0,38,7,-1.101828546276411
4,26,0,38,8,-1.1019108335430976
4,26,0,38,9,-1.1020188962246775
4,26,0,38,10,-1.1021485301599914
4,26,0,38,11,-1.1022913397640783
4,26,0,38,12,-1.1024469522410787
4,26,0,38,13,-1.1026063986100552
4,26,0,38,14,-1.102764231990903
4,26,0,38,15,-1.1029184651428
4,26,0,39,1,-1.1016192420925743
4,26,0,39,2,-1.101583796061653
4,26,0,39,3,-1.1015574302709594
4,26,0,39,4,-1.1015468529880694
4,26,0,39,5,-1.1015535224487036
4,26,0,39,6,-1.1015787788939009
4,26,0,39,7,-1.1016255420357888
4,26,0,39,8,-1.1016933784865446
4,26,0,39,9,-1.101779973661365
4,26,0,39,10,-1.101891639850706
4,26,0,39,11,-1.1020214235363324
4,26,0,39,12,-1.1021740841110486
4,26,0,39,13,-1.1023155906310655
4,26,0,40,1,-1.1015262543941355
4,26,0,40,2,-1.101441893261254
4,26,0,40,3,-1.1013963149801913
4,26,0,40,4,-1.1013715510037663
4,26,0,40,5,-1.1013644716590378
4,26,0,40,6,-1.101374540977339
4,26,0,40,7,-1.1013999921261568
4,26,0,40,8,-1.101428787995176
4,26,0,40,9,-1.101446282681373
4,26,0,40,10,-1.1014009903555482
4,26,0,40,11,-1.1014376816503817
4,26,0,41,2,-1.101269835387914
4,26,0,41,3,-1.101223018868406
4,26,0,41,4,-1.1011872127608102
4,26,0,41,5,-1.1011648102364007
4,26,0,41,6,-1.1011499230239088
4,26,0,41,7,-1.101132662957719
4,26,0,41,8,-1.10108638319496
4,26,0,41,9,-1.1007858938070263
4,26,0,42,2,-1.1011532213924446
4,26,0,42,3,-1.101041861066285
4,26,0,42,4,-1.1009759686926233
4,26,0,42,5,-1.1009214060034471
4,26,0,42,6,-1.1008606990384524
4,26,0,42,7,-1.1007563983408903
4,26,0,43,3,-1.1007818180136317
4,26,0,43,4,-1.100696288067765
4,26,0,43,5,-1.100578275012442
4,26,0,43,6,-1.1003652829068407
4,26,0,44,3,-1.1005623649928864
4,26,0,44,4,-1.1003235051619504
4,27,0,10,55,-1.0955550705716874
4,27,0,11,54,-1.0955602614180153
4,27,0,12,9,-1.0941309031808077
4,27,0,12,53,-1.095567678367013
4,27,0,13,9,-1.0940723622805197
4,27,0,13,52,-1.0955777489526033
4,27,0,14,10,-1.094083064556118
4,27,0,14,11,-1.094154636944852
4,27,0,14,12,-1.0942291693730366
4,27,0,14,13,-1.0943062549198832
4,27,0,14,14,-1.0943857515522983
4,27,0,14,15,-1.0944677510393228
4,27,0,14,52,-1.0955840721432029
4,27,0,15,16,-1.0945251357402124
4,27,0,15,45,-1.0957084469703406
4,27,0,15,46,-1.0956831521702481
4,27,0,15,47,-1.0956608877005893
4,27,0,15,48,-1.0956413155184546
4,27,0,15,49,-1.0956243745854477
4,27,0,15,50,-1.0956100984345738
4,27,0,15,51,-1.0955988655765185
4,27,0,16,17,-1.0945967100371623
4,27,0,16,18,-1.0946960409317248
4,27,0,16,45,-1.0957309564351652
4,27,0,16,51,-1.0956079739568891
4,27,0,17,19,-1.0947932362247503
4,27,0,17,44,-1.0957919022005906
4,27,0,18,20,-1.0949083657676817
4,27,0,18,45,-1.0957751057901643
4,27,0,19,21,-1.0950434910828748
4,27,0,19,42,-1.0959679142485175
4,27,0,19,43,-1.0959004134848989
4,27,0,19,44,-1.0958425409672843
4,27,0,20,3,-1.0931670741444168
4,27,0,20,22,-1.0952008637382837
4,27,0,20,42,-1.0960083323708611
4,27,0,21,3,-1.0930978602295676
4,27,0,21,4,-1.0931448738429694
4,27,0,21,23,-1.0953829751740691
4,27,0,21,24,-1.0955302800892173
4,27,0,21,41,-1.0961581848617625
4,27,0,22,3,-1.0929901909565358
4,27,0,22,4,-1.0930359936820855
4,27,0,22,25,-1.095752126229115
4,27,0,22,38,-1.09668319454601
4,27,0,22,39,-1.0966156054973883
4,27,0,22,40,-1.096539469131166
4,27,0,23,2,-1.092755026847482
4,27,0,23,3,-1.0928452767228287
4,27,0,23,4,-1.092914642669563
4,27,0,23,5,-1.0929881482748958
4,27,0,23,26,-1.096005590421422
4,27,0,23,37,-1.096933121584145
4,27,0,24,2,-1.0926733365369306
4,27,0,24,3,-1.092729790148893
4,27,0,24,4,-1.092797693242764
4,27,0,24,5,-1.0928731762252657
4,27,0,24,6,-1.09295687883091
4,27,0,24,7,-1.093048931181445
4,27,0,24,27,-1.0962946468979167
4,27,0,24,28,-1.096466222443786
4,27,0,24,35,-1.0971879899519952
4,27,0,24,36,-1.0971901541084412
4,27,0,25,1,-1.0924613622271186
4,27,0,25,2,-1.0925437477307918
4,27,0,25,3,-1.0926114060677166
4,27,0,25,4,-1.092681708203784
4,27,0,25,5,-1.0927585476391661
4,27,0,25,6,-1.09284347824688
4,27,0,25,7,-1.0929372750509276
4,27,0,25,8,-1.093040611914154
4,27,0,25,9,-1.0931531974150153
4,27,0,25,10,-1.0932758574306825
4,27,0,25,29,-1.096804881555656
4,27,0,25,30,-1.0969701813351946
4,27,0,25,34,-1.0974148411931386
4,27,0,26,1,-1.0923875335162414
4,27,0,26,2,-1.0924374277254607
4,27,0,26,3,-1.0924989184997587
4,27,0,26,4,-1.0925677461412648
4,27,0,26,5,-1.0926443978482057
4,27,0,26,6,-1.0927297837308851
4,27,0,26,7,-1.0928246440652476
4,27,0,26,8,-1.0929295701152975
4,27,0,26,9,-1.0930449171228434
4,27,0,26,10,-1.0931712767970845
4,27,0,26,11,-1.0933092533659368
4,27,0,26,12,-1.09345859118095
4,27,0,26,31,-1.0973575625685763
4,27,0,26,32,-1.0975031647549456
4,27,0,26,33,-1.097622883545849
4,27,0,27,0,-1.0922041437157677
4,27,0,27,1,-1.0922723633175229
4,27,0,27,2,-1.0923280609627848
4,27,0,27,3,-1.0923876369525887
4,27,0,27,4,-1.092454535871053
4,27,0,27,5,-1.0925300921480272
4,27,0,27,6,-1.0926151874773433
4,27,0,27,7,-1.0927105167095716
4,27,0,27,8,-1.0928166768655643
4,27,0,27,9,-1.092934194622227
4,27,0,27,10,-1.0930636465742802
4,27,0,27,11,-1.0932056154273921
4,27,0,27,12,-1.0933606410929262
4,27,0,27,32,-1.097795896244338
4,27,0,28,0,-1.0921444785124892
4,27,0,28,1,-1.0921782592430664
4,27,0,28,2,-1.092223360767742
4,27,0,28,3,-1.0922776019129539
4,27,0,28,4,-1.0923412460744144
4,27,0,28,5,-1.0924148287384807
4,27,0,28,6,-1.092498932222284
4,27,0,28,7,-1.0925941325559643
4,27,0,28,8,-1.0927010029884818
4,27,0,28,9,-1.0928201169537963
4,27,0,28,10,-1.0929520743735608
4,27,0,28,11,-1.0930974910653197
4,27,0,28,12,-1.0932569848834148
4,27,0,28,13,-1.0934311545807802
4,27,0,28,32,-1.0981217763668614
4,27,0,28,33,-1.0982975532863821
4,27,0,29,0,-1.0920595845308823
4,27,0,29,1,-1.0920813847426047
4,27,0,29,2,-1.0921180675545137
4,27,0,29,3,-1.09216674179283
4,27,0,29,4,-1.0922265990080446
4,27,0,29,5,-1.0922976281984667
4,27,0,29,6,-1.0923801581352444
4,27,0,29,7,-1.0924746575770792
4,27,0,29,8,-1.092581669857704
4,27,0,29,9,-1.0927017828823693
4,27,0,29,10,-1.092835624936974
4,27,0,29,11,-1.092983865600816
4,27,0,29,12,-1.093147230379942
4,27,0,29,13,-1.0933265124939717
4,27,0,29,31,-1.098239614992293
4,27,0,30,0,-1.0919614427921438
4,27,0,30,1,-1.0919781799592119
4,27,0,30,2,-1.0920093344516657
4,27,0,30,3,-1.0920532812658006
4,27,0,30,4,-1.092109364331034
4,27,0,30,5,-1.0921775127659934
4,27,0,30,6,-1.0922579957828293
4,27,0,30,7,-1.092351254113975
4,27,0,30,8,-1.0924578272707908
4,27,0,30,9,-1.0925783144725192
4,27,0,30,10,-1.092713365694592
4,27,0,30,11,-1.092863697307746
4,27,0,30,12,-1.0930301405991143
4,27,0,30,13,-1.0932137136657962
4,27,0,30,31,-1.0985852472355393
4,27,0,31,0,-1.0918551172169748
4,27,0,31,1,-1.0918691119638184
4,27,0,31,2,-1.0918963654715943
4,27,0,31,3,-1.0919362712498806
4,27,0,31,4,-1.0919886515615758
4,27,0,31,5,-1.0920536505924254
4,27,0,31,6,-1.0921316422900682
4,27,0,31,7,-1.0922231248049343
4,27,0,31,8,-1.0923286684059839
4,27,0,31,9,-1.0924488839567181
4,27,0,31,10,-1.092584421341148
4,27,0,31,11,-1.0927360035362408
4,27,0,31,12,-1.0929045069591603
4,27,0,31,13,-1.0930910833893879
4,27,0,31,30,-1.0986085918953437
4,27,0,32,0,-1.0917433509349719
4,27,0,32,1,-1.091755340966914
4,27,0,32,2,-1.0917793054369807
4,27,0,32,3,-1.0918153777218869
4,27,0,32,4,-1.0918639102916938
4,27,0,32,5,-1.0919253855126703
4,27,0,32,6,-1.0920003846524344
4,27,0,32,7,-1.0920895272483986
4,27,0,32,8,-1.0921934409737
4,27,0,32,9,-1.0923127400979875
4,27,0,32,10,-1.0924480335650761
4,27,0,32,11,-1.0925999793261398
4,27,0,32,12,-1.0927693894914883
4,27,0,32,13,-1.092957321881585
4,27,0,32,14,-1.0931650190361193
4,27,0,32,30,-1.0989573372731445
4,27,0,33,0,-1.091628149149398
4,27,0,33,1,-1.0916381526679195
4,27,0,33,2,-1.09165870310663
4,27,0,33,3,-1.0916906192079352
4,27,0,33,4,-1.0917348196805434
4,27,0,33,5,-1.091792188304441
4,27,0,33,6,-1.0918635723171828
4,27,0,33,7,-1.0919497542878203
4,27,0,33,8,-1.092051435872909
4,27,0,33,9,-1.0921692158969203
4,27,0,33,10,-1.0923036003852775
4,27,0,33,11,-1.092455085782402
4,27,0,33,12,-1.0926243417990784
4,27,0,33,13,-1.0928123983051898
4,27,0,33,14,-1.0930207856153022
4,27,0,33,30,-1.0993486094497464
4,27,0,33,31,-1.0997674835374995
4,27,0,33,32,-1.1001300501292144
4,27,0,33,33,-1.100435334185044
4,27,0,34,0,-1.0915114985927643
4,27,0,34,1,-1.0915189755555144
4,27,0,34,2,-1.0915353040807267
4,27,0,34,3,-1.0915621756566436
4,27,0,34,4,-1.0916011574320386
4,27,0,34,5,-1.0916535698412315
4,27,0,34,6,-1.0917205526991187
4,27,0,34,7,-1.091803079381827
4,27,0,34,8,-1.0919019428099894
4,27,0,34,9,-1.0920177051240907
4,27,0,34,10,-1.0921506776702015
4,27,0,34,11,-1.0923010206263823
4,27,0,34,12,-1.0924690882853931
4,27,0,34,13,-1.09265574839714
4,27,0,34,14,-1.0928626240370274
4,27,0,34,15,-1.0930918923990418
4,27,0,34,30,-1.0997424221726566
4,27,0,34,31,-1.1001784140379345
4,27,0,34,33,-1.1008558369596653
4,27,0,35,0,-1.0913959257089292
4,27,0,35,1,-1.0913995054214978
4,27,0,35,2,-1.0914099332210465
4,27,0,35,3,-1.091430224566259
4,27,0,35,4,-1.0914626641190446
4,27,0,35,5,-1.0915089778738154
4,27,0,35,6,-1.0915705822052169
4,27,0,35,7,-1.091648666865525
4,27,0,35,8,-1.0917441624589805
4,27,0,35,9,-1.091857603751754
4,27,0,35,10,-1.0919889988199194
4,27,0,35,11,-1.092137833190277
4,27,0,35,12,-1.0923038398206655
4,27,0,35,13,-1.0924874892261842
4,27,0,35,14,-1.0926906922702626
4,27,0,35,15,-1.0929158268915236
4,27,0,35,16,-1.0931671174670863
4,27,0,35,19,-1.0940997937480086
4,27,0,35,20,-1.0944814185011689
4,27,0,35,21,-1.0949056536354635
4,27,0,35,23,-1.095906825993375
4,27,0,35,24,-1.0964745669736153
4,27,0,35,25,-1.097083697806296
4,27,0,35,33,-1.1012366248262793
4,27,0,36,0,-1.0912853272954823
4,27,0,36,1,-1.0912817455999773
4,27,0,36,2,-1.0912832709652944
4,27,0,36,3,-1.0912947298391644
4,27,0,36,4,-1.09131889844598
4,27,0,36,5,-1.0913576954205604
4,27,0,36,6,-1.0914127276581622
4,27,0,36,7,-1.0914854444869337
4,27,0,36,8,-1.0915770479998679
4,27,0,36,9,-1.0916881675045602
4,27,0,36,10,-1.091818495671955
4,27,0,36,11,-1.0919660783944047
4,27,0,36,12,-1.092129549138752
4,27,0,36,13,-1.0923082850866839
4,27,0,36,14,-1.0925054529745875
4,27,0,36,15,-1.0927222418252918
4,27,0,36,16,-1.0929628239860099
4,27,0,36,17,-1.0932348951847297
4,27,0,36,18,-1.0935432990074418
4,27,0,36,22,-1.0952507310148358
4,27,0,36,23,-1.09583316605311
4,27,0,36,26,-1.0979026131879908
4,27,0,36,27,-1.0986204197506408
4,27,0,36,32,-1.101307847293926
4,27,0,36,33,-1.1016050186609254
4,27,0,37,0,-1.0911868640766271
4,27,0,37,1,-1.0911674365414228
4,27,0,37,2,-1.0911552472503911
4,27,0,37,3,-1.091155129542471
4,27,0,37,4,-1.0911691065708247
4,27,0,37,5,-1.0911987804059993
4,27,0,37,6,-1.091245789523888
4,27,0,37,7,-1.091311939826557
4,27,0,37,8,-1.0913990289148094
4,27,0,37,9,-1.0915081384245842
4,27,0,37,10,-1.0916393512689868
4,27,0,37,11,-1.0917870414878332
4,27,0,37,12,-1.091948596548354
4,27,0,37,13,-1.092119181538469
4,27,0,37,14,-1.092299121261068
4,27,0,37,15,-1.0924968156615458
4,27,0,37,16,-1.092722910262696
4,27,0,37,17,-1.0929851654669056
4,27,0,37,28,-1.0995591299431005
4,27,0,37,29,-1.1002573845026502
4,27,0,37,30,-1.1008475663141957
4,27,0,37,31,-1.101321426217905
4,27,0,37,32,-1.1016877942692949
4,27,0,38,0,-1.0911163812091333
4,27,0,38,1,-1.0910544463456646
4,27,0,38,2,-1.0910237234926243
4,27,0,38,3,-1.0910100351745422
4,27,0,38,4,-1.091012216909074
4,27,0,38,5,-1.0910311326752036
4,27,0,38,6,-1.0910683166827944
4,27,0,38,7,-1.0911261050871415
4,27,0,38,8,-1.0912076008554998
4,27,0,38,9,-1.0913146180559272
4,27,0,38,10,-1.0914429974092579
4,27,0,38,11,-1.0915844279738158
4,27,0,38,12,-1.0917385386614542
4,27,0,38,13,-1.0918964521725714
4,27,0,38,14,-1.0920527788728465
4,27,0,38,15,-1.0922055556119525
4,27,0,39,1,-1.0909187935266837
4,27,0,39,2,-1.090883720498831
4,27,0,39,3,-1.090857640447714
4,27,0,39,4,-1.0908471925657401
4,27,0,39,5,-1.0908538203287301
4,27,0,39,6,-1.090878850599973
4,27,0,39,7,-1.0909251739165935
4,27,0,39,8,-1.0909923630723928
4,27,0,39,9,-1.0910781314477196
4,27,0,39,10,-1.0911887314807744
4,27,0,39,11,-1.091317274001493
4,27,0,39,12,-1.0914684654149358
4,27,0,39,13,-1.091608624531183
4,27,0,40,1,-1.0908267631525181
4,27,0,40,2,-1.0907432780523558
4,27,0,40,3,-1.0906981811673344
4,27,0,40,4,-1.090673689995928
4,27,0,40,5,-1.0906667072347376
4,27,0,40,6,-1.0906767023705157
4,27,0,40,7,-1.0907019278680465
4,27,0,40,8,-1.0907304737349983
4,27,0,40,9,-1.0907478499279937
4,27,0,40,10,-1.0907031094698005
4,27,0,40,11,-1.0907395210509911
4,27,0,41,2,-1.0905729938652553
4,27,0,41,3,-1.090526668293572
4,27,0,41,4,-1.090491245871385
4,27,0,41,5,-1.0904690944055468
4,27,0,41,6,-1.0904543857925062
4,27,0,41,7,-1.0904373356507617
4,27,0,41,8,-1.0903915757609368
4,27,0,41,9,-1.0900942529565087
4,27,0,42,2,-1.0904575813070048
4,27,0,42,3,-1.0903473761111433
4,27,0,42,4,-1.0902821751424165
4,27,0,42,5,-1.0902281926764041
4,27,0,42,6,-1.0901681338829545
4,27,0,42,7,-1.0900649375146534
4,27,0,43,3,-1.0900900159062756
4,27,0,43,4,-1.0900053775212162
4,27,0,43,5,-1.0898885984339084
4,27,0,43,6,-1.0896778263388738
4,27,0,44,3,-1.0898728273474705
4,27,0,44,4,-1.0896364446782654
4,28,0,10,55,-1.0849184700517671
4,28,0,11,54,-1.084923612791579
4,28,0,12,9,-1.0835091510768389
4,28,0,12,53,-1.0849309625647896
4,28,0,13,9,-1.083451208329529
4,28,0,13,52,-1.0849409433973403
4,28,0,14,10,-1.0834618129925522
4,28,0,14,11,-1.0835326662405964
4,28,0,14,12,-1.0836064514234516
4,28,0,14,13,-1.0836827654793695
4,28,0,14,14,-1.0837614676622194
4,28,0,14,15,-1.0838426487553694
4,28,0,14,52,-1.084947206752558
4,28,0,15,16,-1.0838994931356156
4,28,0,15,45,-1.085070507756899
4,28,0,15,46,-1.0850454312309308
4,28,0,15,47,-1.0850233583510904
4,28,0,15,48,-1.085003954460193
4,28,0,15,49,-1.0849871591424614
4,28,0,15,50,-1.084973005584037
4,28,0,15,51,-1.0849618685701605
4,28,0,16,17,-1.0839703929191649
4,28,0,16,18,-1.08406873844455
4,28,0,16,45,-1.0850928090032168
4,28,0,16,51,-1.0849708903356658
4,28,0,17,19,-1.0841650144442407
4,28,0,17,44,-1.0851532085997875
4,28,0,18,20,-1.0842790541235727
4,28,0,18,45,-1.0851365484561812
4,28,0,19,21,-1.0844128990301254
4,28,0,19,42,-1.0853276348311078
4,28,0,19,43,-1.0852607367021332
4,28,0,19,44,-1.0852033785686246
4,28,0,20,3,-1.0825550907480648
4,28,0,20,22,-1.0845687789139153
4,28,0,20,42,-1.0853676794809268
4,28,0,21,3,-1.082486577629996
4,28,0,21,4,-1.0825331211801312
4,28,0,21,23,-1.0847491610746391
4,28,0,21,24,-1.0848950152243997
4,28,0,21,41,-1.0855161702156346
4,28,0,22,3,-1.0823799986620928
4,28,0,22,4,-1.0824253445841614
4,28,0,22,25,-1.085114749966293
4,28,0,22,38,-1.0860363856364996
4,28,0,22,39,-1.0859694048548343
4,28,0,22,40,-1.08589396312309
4,28,0,23,2,-1.0821472096025404
4,28,0,23,3,-1.0822365509851832
4,28,0,23,4,-1.0823052238119526
4,28,0,23,5,-1.0823779990973603
4,28,0,23,26,-1.0853657996007706
4,28,0,23,37,-1.086284009047343
4,28,0,24,2,-1.0820663472093945
4,28,0,24,3,-1.0821222351866617
4,28,0,24,4,-1.0821894614445469
4,28,0,24,5,-1.0822641954513086
4,28,0,24,6,-1.0823470703229947
4,28,0,24,7,-1.082438214527375
4,28,0,24,27,-1.0856520999435317
4,28,0,24,28,-1.0858219880925506
4,28,0,24,35,-1.0865365616770795
4,28,0,24,36,-1.086538668959771
4,28,0,25,1,-1.08185651614065
4,28,0,25,2,-1.0819380714248212
4,28,0,25,3,-1.0820050525857878
4,28,0,25,4,-1.0820746551903337
4,28,0,25,5,-1.0821507334191505
4,28,0,25,6,-1.0822348253926772
4,28,0,25,7,-1.0823276982067707
4,28,0,25,8,-1.0824300189199236
4,28,0,25,9,-1.0825414987572335
4,28,0,25,10,-1.0826629554453207
4,28,0,25,29,-1.0861574139189702
4,28,0,25,30,-1.0863210866724802
4,28,0,25,34,-1.0867613285282551
4,28,0,26,1,-1.0817834370971526
4,28,0,26,2,-1.081832831004742
4,28,0,26,3,-1.0818937084764177
4,28,0,26,4,-1.0819618530046327
4,28,0,26,5,-1.0820377469286162
4,28,0,26,6,-1.0821222911842898
4,28,0,26,7,-1.0822162185663873
4,28,0,26,8,-1.0823201143727996
4,28,0,26,9,-1.0824343302251924
4,28,0,26,10,-1.0825594519569268
4,28,0,26,11,-1.0826960778275936
4,28,0,26,12,-1.0828439545834738
4,28,0,26,31,-1.0867047674492358
4,28,0,26,32,-1.0868489339430993
4,28,0,26,33,-1.0869674672042504
4,28,0,27,0,-1.0816019053646626
4,28,0,27,1,-1.0816694363563828
4,28,0,27,2,-1.0817245763487866
4,28,0,27,3,-1.0817835597926615
4,28,0,27,4,-1.0818497965340155
4,28,0,27,5,-1.0819246076037863
4,28,0,27,6,-1.082008865855595
4,28,0,27,7,-1.082103259178241
4,28,0,27,8,-1.0822083786198178
4,28,0,27,9,-1.0823247456005134
4,28,0,27,10,-1.0824529310016944
4,28,0,27,11,-1.082593511779488
4,28,0,27,12,-1.0827470225227243
4,28,0,27,32,-1.0871389128899596
4,28,0,28,0,-1.0815428482395908
4,28,0,28,1,-1.0815762903585073
4,28,0,28,2,-1.0816209427229968
4,28,0,28,3,-1.081674646563603
4,28,0,28,4,-1.0817376627980715
4,28,0,28,5,-1.081810521637255
4,28,0,28,6,-1.081893799625292
4,28,0,28,7,-1.0819880670768662
4,28,0,28,8,-1.0820938915557698
4,28,0,28,9,-1.0822118408213273
4,28,0,28,10,-1.0823425088798
4,28,0,28,11,-1.0824865054951818
4,28,0,28,12,-1.0826444424542834
4,28,0,28,13,-1.08281691262228
4,28,0,28,32,-1.087461721672976
4,28,0,28,33,-1.0876357762234024
4,28,0,29,0,-1.0814588204405455
4,28,0,29,1,-1.0814804039931343
4,28,0,29,2,-1.0815167237738357
4,28,0,29,3,-1.0815649181024174
4,28,0,29,4,-1.0816241868844025
4,28,0,29,5,-1.081694519382661
4,28,0,29,6,-1.0817762411834158
4,28,0,29,7,-1.0818698164468148
4,28,0,29,8,-1.0819757831618073
4,28,0,29,9,-1.0820947234547207
4,28,0,29,10,-1.082227259449284
4,28,0,29,11,-1.0823740541724327
4,28,0,29,12,-1.0825358260347222
4,28,0,29,13,-1.082713360489797
4,28,0,29,31,-1.087578524702971
4,28,0,30,0,-1.0813616810297981
4,28,0,30,1,-1.0813782532052811
4,28,0,30,2,-1.0814091013111906
4,28,0,30,3,-1.0814526169341245
4,28,0,30,4,-1.0815081507791138
4,28,0,30,5,-1.0815756328270696
4,28,0,30,6,-1.0816553297177938
4,28,0,30,7,-1.081747677890738
4,28,0,30,8,-1.081853211581455
4,28,0,30,9,-1.0819725241515985
4,28,0,30,10,-1.0821062592346677
4,28,0,30,11,-1.0822551262234332
4,28,0,30,12,-1.0824199483057337
4,28,0,30,13,-1.082601733643653
4,28,0,30,31,-1.0879208940562284
4,28,0,31,0,-1.081256442250115
4,28,0,31,1,-1.0812703000687316
4,28,0,31,2,-1.081297287221119
4,28,0,31,3,-1.0813368034372477
4,28,0,31,4,-1.081388672876497
4,28,0,31,5,-1.081453038395019
4,28,0,31,6,-1.0815302703112717
4,28,0,31,7,-1.0816208619182421
4,28,0,31,8,-1.0817253779237592
4,28,0,31,9,-1.0818444232474034
4,28,0,31,10,-1.0819786414672004
4,28,0,31,11,-1.0821287485551447
4,28,0,31,12,-1.0822956124226717
4,28,0,31,13,-1.082480373636227
4,28,0,31,30,-1.087944119705672
4,28,0,32,0,-1.0811458191590364
4,28,0,32,1,-1.0811576928077002
4,28,0,32,2,-1.0811814246773783
4,28,0,32,3,-1.0812171468241083
4,28,0,32,4,-1.0812652082096637
4,28,0,32,5,-1.0813260864299943
4,28,0,32,6,-1.0814003570263633
4,28,0,32,7,-1.0814886334660399
4,28,0,32,8,-1.0815915373055427
4,28,0,32,9,-1.0817096768657286
4,28,0,32,10,-1.0818436552279171
4,28,0,32,11,-1.0819941240224216
4,28,0,32,12,-1.0821618875240246
4,28,0,32,13,-1.0823479932804494
4,28,0,32,14,-1.0825536716964164
4,28,0,32,30,-1.088289574042281
4,28,0,33,0,-1.0810317964084575
4,28,0,33,1,-1.081041703895877
4,28,0,33,2,-1.081062056723608
4,28,0,33,3,-1.0810936653106742
4,28,0,33,4,-1.0811374390806667
4,28,0,33,5,-1.0811942529608223
4,28,0,33,6,-1.0812649457735632
4,28,0,33,7,-1.0813502923880156
4,28,0,33,8,-1.0814509876259162
4,28,0,33,9,-1.0815676245518107
4,28,0,33,10,-1.0817007043964382
4,28,0,33,11,-1.0818507189335937
4,28,0,33,12,-1.0820183314912204
4,28,0,33,13,-1.0822045619795542
4,28,0,33,14,-1.0824109257879646
4,28,0,33,30,-1.0886771449081303
4,28,0,33,31,-1.089091938424376
4,28,0,33,32,-1.0894509737438847
4,28,0,33,33,-1.0897532856664431
4,28,0,34,0,-1.0809163403750945
4,28,0,34,1,-1.0809237471732496
4,28,0,34,2,-1.080939921288192
4,28,0,34,3,-1.0809665369444266
4,28,0,34,4,-1.0810051453833236
4,28,0,34,5,-1.0810570537485975
4,28,0,34,6,-1.0811233904894968
4,28,0,34,7,-1.0812051193825303
4,28,0,34,8,-1.0813030256338088
4,28,0,34,9,-1.0814176660390853
4,28,0,34,10,-1.0815493491477537
4,28,0,34,11,-1.081698233869651
4,28,0,34,12,-1.0818646712875812
4,28,0,34,13,-1.0820495208300007
4,28,0,34,14,-1.0822543897397752
4,28,0,34,15,-1.0824814338762736
4,28,0,34,30,-1.0890672306078881
4,28,0,34,31,-1.0894989722949908
4,28,0,34,33,-1.0901697917276365
4,28,0,35,0,-1.0808019516361493
4,28,0,35,1,-1.0808055010915412
4,28,0,35,2,-1.0808158348142543
4,28,0,35,3,-1.0808359374159744
4,28,0,35,4,-1.0808680703234608
4,28,0,35,5,-1.0809139421300544
4,28,0,35,6,-1.0809749550723293
4,28,0,35,7,-1.0810522871639783
4,28,0,35,8,-1.0811468599709353
4,28,0,35,9,-1.0812592032630446
4,28,0,35,10,-1.0813893254307063
4,28,0,35,11,-1.0815367175333737
4,28,0,35,12,-1.0817011155218605
4,28,0,35,13,-1.0818829855573036
4,28,0,35,14,-1.0820842198185912
4,28,0,35,15,-1.082307172969492
4,28,0,35,16,-1.0825560276091042
4,28,0,35,19,-1.0834796622007061
4,28,0,35,20,-1.08385758419472
4,28,0,35,21,-1.084277700694437
4,28,0,35,23,-1.085269140027446
4,28,0,35,24,-1.0858313534972077
4,28,0,35,25,-1.0864345489217075
4,28,0,35,33,-1.0905469615089818
4,28,0,36,0,-1.080692487085238
4,28,0,36,1,-1.0806889485590123
4,28,0,36,2,-1.0806904708856564
4,28,0,36,3,-1.0807018310913354
4,28,0,36,4,-1.0807257771757244
4,28,0,36,5,-1.0807642084570097
4,28,0,36,6,-1.0808187158151883
4,28,0,36,7,-1.08089073428901
4,28,0,36,8,-1.0809814542976948
4,28,0,36,9,-1.0810914993252847
4,28,0,36,10,-1.0812205656436813
4,28,0,36,11,-1.081366719184825
4,28,0,36,12,-1.0815286072941512
4,28,0,36,13,-1.0817056136808434
4,28,0,36,14,-1.0819008738585039
4,28,0,36,15,-1.0821155656550068
4,28,0,36,16,-1.0823538212241917
4,28,0,36,17,-1.082623262759514
4,28,0,36,18,-1.0829286891114858
4,28,0,36,22,-1.0846195771455827
4,28,0,36,23,-1.0851963480283497
4,28,0,36,26,-1.0872456169336846
4,28,0,36,27,-1.0879564153975783
4,28,0,36,32,-1.0906175887472027
4,28,0,36,33,-1.0909118549190175
4,28,0,37,0,-1.0805950340260508
4,28,0,37,1,-1.0805758124191667
4,28,0,37,2,-1.0805637604018579
4,28,0,37,3,-1.0805636619928056
4,28,0,37,4,-1.080577519961079
4,28,0,37,5,-1.0806069203702162
4,28,0,37,6,-1.0806534854288556
4,28,0,37,7,-1.0807190032328662
4,28,0,37,8,-1.0808052538551463
4,28,0,37,9,-1.0809133087697276
4,28,0,37,10,-1.0810432508100425
4,28,0,37,11,-1.0811895111398868
4,28,0,37,12,-1.0813495030805134
4,28,0,37,13,-1.081518440271022
4,28,0,37,14,-1.0816966465909688
4,28,0,37,15,-1.0818924396697411
4,28,0,37,16,-1.082116358962285
4,28,0,37,17,-1.0823760915952265
4,28,0,37,28,-1.0888860989207176
4,28,0,37,29,-1.0895775234689153
4,28,0,37,30,-1.0901619267496898
4,28,0,37,31,-1.090631145253577
4,28,0,37,32,-1.0909939256674477
4,28,0,38,0,-1.0805252748624232
4,28,0,38,1,-1.080463983224788
4,28,0,38,2,-1.0804335871284652
4,28,0,38,3,-1.0804200561583797
4,28,0,38,4,-1.080422238321171
4,28,0,38,5,-1.0804409891613662
4,28,0,38,6,-1.0804778276985691
4,28,0,38,7,-1.0805350669692404
4,28,0,38,8,-1.0806157794480953
4,28,0,38,9,-1.080721762014385
4,28,0,38,10,-1.080848899803891
4,28,0,38,11,-1.080988965639145
4,28,0,38,12,-1.0811415901234078
4,28,0,38,13,-1.0812979866849062
4,28,0,38,14,-1.0814528223393676
4,28,0,38,15,-1.0816041577751132
4,28,0,39,1,-1.0803297273837555
4,28,0,39,2,-1.0802950234741013
4,28,0,39,3,-1.080269226182192
4,28,0,39,4,-1.0802589063440735
4,28,0,39,5,-1.0802654928292437
4,28,0,39,6,-1.0802902992623635
4,28,0,39,7,-1.080336187308822
4,28,0,39,8,-1.0804027358790735
4,28,0,39,9,-1.080487686026066
4,28,0,39,10,-1.080597230957248
4,28,0,39,11,-1.0807245451858862
4,28,0,39,12,-1.0808742826831679
4,28,0,39,13,-1.0810131083734014
4,28,0,40,1,-1.0802386443754297
4,28,0,40,2,-1.0801560261896235
4,28,0,40,3,-1.0801114056853283
4,28,0,40,4,-1.0800871844707072
4,28,0,40,5,-1.0800802972752024
4,28,0,40,6,-1.080090218984322
4,28,0,40,7,-1.080115221158781
4,28,0,40,8,-1.080143519599927
4,28,0,40,9,-1.0801607784999674
4,28,0,40,10,-1.0801165841232476
4,28,0,40,11,-1.0801527188556774
4,28,0,41,2,-1.079987497233986
4,28,0,41,3,-1.0799416574965144
4,28,0,41,4,-1.079906614758717
4,28,0,41,5,-1.079884711727409
4,28,0,41,6,-1.0798701798408707
4,28,0,41,7,-1.079853337420617
4,28,0,41,8,-1.0798080919692397
4,28,0,41,9,-1.079513902755595
4,28,0,42,2,-1.0798732736119525
4,28,0,42,3,-1.0797642115212136
4,28,0,42,4,-1.0796996947550075
4,28,0,42,5,-1.0796462864634475
4,28,0,42,6,-1.0795868690830204
4,28,0,42,7,-1.0794847655347743
4,28,0,43,3,-1.0795095062434894
4,28,0,43,4,-1.079425750135072
4,28,0,43,5,-1.0793101921639592
4,28,0,43,6,-1.0791016169622138
4,28,0,44,3,-1.079294558579527
4,28,0,44,4,-1.0790606272849197
4,29,0,10,55,-1.0743925843349083
4,29,0,11,54,-1.0743976794714716
4,29,0,12,9,-1.0729979609280604
4,29,0,12,53,-1.0744049627730607
4,29,0,13,9,-1.0729406101360697
4,29,0,13,52,-1.0744148547960308
4,29,0,14,10,-1.0729511182009837
4,29,0,14,11,-1.073021259763381
4,29,0,14,12,-1.0730943054473785
4,29,0,14,13,-1.0731698560101024
4,29,0,14,14,-1.0732477719789963
4,29,0,14,15,-1.0733281431620207
4,29,0,14,52,-1.074421058936162
4,29,0,15,16,-1.0733844528379384
4,29,0,15,45,-1.0745432974961904
4,29,0,15,46,-1.0745184369316447
4,29,0,15,47,-1.0744965536102684
4,29,0,15,48,-1.0744773162256012
4,29,0,15,49,-1.0744606649781552
4,29,0,15,50,-1.074446632710908
4,29,0,15,51,-1.0744355905224785
4,29,0,16,17,-1.0734546851200066
4,29,0,16,18,-1.0735520554945228
4,29,0,16,45,-1.0745653926971004
4,29,0,16,51,-1.0744445265724563
4,29,0,17,19,-1.073647421758666
4,29,0,17,44,-1.0746252518646051
4,29,0,18,20,-1.0737603829069584
4,29,0,18,45,-1.0746087265249862
4,29,0,19,21,-1.0738929607203305
4,29,0,19,42,-1.0747981089262322
4,29,0,19,43,-1.0747318070940677
4,29,0,19,44,-1.0746749579300878
4,29,0,20,3,-1.072053567963692
4,29,0,20,22,-1.074047363358195
4,29,0,20,42,-1.0748377840057413
4,29,0,21,3,-1.0719857483642612
4,29,0,21,4,-1.0720318267327626
4,29,0,21,23,-1.074226034231304
4,29,0,21,24,-1.0743704526745745
4,29,0,21,41,-1.0749849272575362
4,29,0,22,3,-1.0718802483774161
4,29,0,22,4,-1.071925142240367
4,29,0,22,25,-1.0745880979838744
4,29,0,22,38,-1.075500398615303
4,29,0,22,39,-1.0754340197205108
4,29,0,22,40,-1.0753592653495654
4,29,0,23,2,-1.0716498096982956
4,29,0,23,3,-1.0717382520244534
4,29,0,23,4,-1.0718062389303278
4,29,0,23,5,-1.071878291481223
4,29,0,23,26,-1.074836758182436
4,29,0,23,37,-1.0757457424775576
4,29,0,24,2,-1.071569766621964
4,29,0,24,3,-1.0716250948397004
4,29,0,24,4,-1.071691651291668
4,29,0,24,5,-1.0717656441019991
4,29,0,24,6,-1.0718476998370743
4,29,0,24,7,-1.0719379453277542
4,29,0,24,27,-1.0751203310701845
4,29,0,24,28,-1.0752885493460573
4,29,0,24,35,-1.0759960036069198
4,29,0,24,36,-1.0759980545674181
4,29,0,25,1,-1.0713620565292286
4,29,0,25,2,-1.0714427902183272
4,29,0,25,3,-1.0715091012374074
4,29,0,25,4,-1.0715780115764344
4,29,0,25,5,-1.0716533365052463
4,29,0,25,6,-1.0717365985553777
4,29,0,25,7,-1.0718285569769297
4,29,0,25,8,-1.0719298720948218
4,29,0,25,9,-1.0720402577532464
4,29,0,25,10,-1.0721605236131646
4,29,0,25,29,-1.075620775535902
4,29,0,25,30,-1.0757828381606351
4,29,0,25,34,-1.076218707849543
4,29,0,26,1,-1.0712897193638566
4,29,0,26,2,-1.0713386181669071
4,29,0,26,3,-1.0713988887065777
4,29,0,26,4,-1.0714663572170802
4,29,0,26,5,-1.0715415012292728
4,29,0,26,6,-1.071625212600059
4,29,0,26,7,-1.0717182167207442
4,29,0,26,8,-1.0718210929851721
4,29,0,26,9,-1.0719341894325627
4,29,0,26,10,-1.0720580860816447
4,29,0,26,11,-1.0721933752858863
4,29,0,26,12,-1.07233980616146
4,29,0,26,31,-1.0761628569979416
4,29,0,26,32,-1.0763056027079216
4,29,0,26,33,-1.076422962744339
4,29,0,27,0,-1.071110026393265
4,29,0,27,1,-1.0711768759294105
4,29,0,27,2,-1.0712314640620197
4,29,0,27,3,-1.0712898611150328
4,29,0,27,4,-1.071355442557489
4,29,0,27,5,-1.0714295161607268
4,29,0,27,6,-1.0715129460300934
4,29,0,27,7,-1.0716064131650347
4,29,0,27,8,-1.0717105027030418
4,29,0,27,9,-1.0718257308623262
4,29,0,27,10,-1.0719526628704261
4,29,0,27,11,-1.0720918699938593
4,29,0,27,12,-1.0722438815544146
4,29,0,27,32,-1.0765928578027417
4,29,0,28,0,-1.0710515710267325
4,29,0,28,1,-1.0710846780517174
4,29,0,28,2,-1.0711288859217953
4,29,0,28,3,-1.071182058038929
4,29,0,28,4,-1.0712444528688436
4,29,0,28,5,-1.0713165954017752
4,29,0,28,6,-1.0713990564689502
4,29,0,28,7,-1.0714924007290891
4,29,0,28,8,-1.0715971901200048
4,29,0,28,9,-1.0717139867854975
4,29,0,28,10,-1.0718433788780712
4,29,0,28,11,-1.0719859701712726
4,29,0,28,12,-1.0721423664476388
4,29,0,28,13,-1.072313154745973
4,29,0,28,32,-1.0769126272542033
4,29,0,28,33,-1.0770849773351547
4,29,0,29,0,-1.070968400407386
4,29,0,29,1,-1.0709897695513984
4,29,0,29,2,-1.0710257300717263
4,29,0,29,3,-1.0710734494753609
4,29,0,29,4,-1.0711321359362325
4,29,0,29,5,-1.071201778979105
4,29,0,29,6,-1.0712827010384796
4,29,0,29,7,-1.0713753617238617
4,29,0,29,8,-1.0714802937350876
4,29,0,29,9,-1.071598073479761
4,29,0,29,10,-1.0717293169836688
4,29,0,29,11,-1.0718746807896822
4,29,0,29,12,-1.0720348762868273
4,29,0,29,13,-1.0722106812437175
4,29,0,29,31,-1.077028405531812
4,29,0,30,0,-1.07087225290577
4,29,0,30,1,-1.0708886618033409
4,29,0,30,2,-1.0709192067049302
4,29,0,30,3,-1.0709622956151998
4,29,0,30,4,-1.071017285944588
4,29,0,30,5,-1.0710841085274245
4,29,0,30,6,-1.0711630274580295
4,29,0,30,7,-1.0712544749276107
4,29,0,30,8,-1.0713589799508847
4,29,0,30,9,-1.0714771300929535
4,29,0,30,10,-1.0716095627114866
4,29,0,30,11,-1.0717569802940308
4,29,0,30,12,-1.0719201980135444
4,29,0,30,13,-1.0721002142006182
4,29,0,30,31,-1.0773675459897916
4,29,0,31,0,-1.070768089623654
4,29,0,31,1,-1.070781811936071
4,29,0,31,2,-1.0708085354992585
4,29,0,31,3,-1.0708476661991
4,29,0,31,4,-1.070899030071981
4,29,0,31,5,-1.070962768658386
4,29,0,31,6,-1.0710392486854443
4,29,0,31,7,-1.0711289586393322
4,29,0,31,8,-1.0712324577246919
4,29,0,31,9,-1.0713503449791222
4,29,0,31,10,-1.0714832577404065
4,29,0,31,11,-1.0716319050485965
4,29,0,31,12,-1.0717971463980542
4,29,0,31,13,-1.0719801112590144
4,29,0,31,30,-1.077390653920017
4,29,0,32,0,-1.0706585978382075
4,29,0,32,1,-1.0706703563120532
4,29,0,32,2,-1.0706938579966303
4,29,0,32,3,-1.0707292336412149
4,29,0,32,4,-1.0707768287359996
4,29,0,32,5,-1.0708371161563162
4,29,0,32,6,-1.0709106657767402
4,29,0,32,7,-1.0709980850576413
4,29,0,32,8,-1.07109998950264
4,29,0,32,9,-1.071216981545809
4,29,0,32,10,-1.0713496584670976
4,29,0,32,11,-1.0714986656418806
4,29,0,32,12,-1.0716647995911015
4,29,0,32,13,-1.0718490976967883
4,29,0,32,14,-1.0720527783551104
4,29,0,32,30,-1.0777328514951574
4,29,0,33,0,-1.0705457418635373
4,29,0,33,1,-1.0705555543166907
4,29,0,33,2,-1.0705757115848968
4,29,0,33,3,-1.0706070158505392
4,29,0,33,4,-1.070650367348861
4,29,0,33,5,-1.0707066322465055
4,29,0,33,6,-1.0707766410383854
4,29,0,33,7,-1.0708611609738914
4,29,0,33,8,-1.0709608801111352
4,29,0,33,9,-1.0710763858147705
4,29,0,33,10,-1.0712081745708797
4,29,0,33,11,-1.0713567335313956
4,29,0,33,12,-1.0715227197080037
4,29,0,33,13,-1.0717071431550838
4,29,0,33,14,-1.0719115044922585
4,29,0,33,30,-1.0781167595971894
4,29,0,33,31,-1.0785275149976525
4,29,0,33,32,-1.0788830557860354
4,29,0,33,33,-1.0791824264993797
4,29,0,34,0,-1.0704314679321854
4,29,0,34,1,-1.0704388052935463
4,29,0,34,2,-1.070454826600369
4,29,0,34,3,-1.0704811889931365
4,29,0,34,4,-1.070519427971464
4,29,0,34,5,-1.0705708375267702
4,29,0,34,6,-1.0706365348609548
4,29,0,34,7,-1.0707174742508465
4,29,0,34,8,-1.0708144332683651
4,29,0,34,9,-1.070927963420244
4,29,0,34,10,-1.0710583704884467
4,29,0,34,11,-1.0712058121279708
4,29,0,34,12,-1.0713706362452626
4,29,0,34,13,-1.0715536940340737
4,29,0,34,14,-1.0717565770695987
4,29,0,34,15,-1.0719814200987217
4,29,0,34,30,-1.0785031570844372
4,29,0,34,31,-1.0789306928168978
4,29,0,34,33,-1.0795949774720102
4,29,0,35,0,-1.070318251023685
4,29,0,35,1,-1.0703217705345696
4,29,0,35,2,-1.0703320111550114
4,29,0,35,3,-1.0703519269707182
4,29,0,35,4,-1.0703837564151628
4,29,0,35,5,-1.0704291908616657
4,29,0,35,6,-1.0704896185558515
4,29,0,35,7,-1.0705662058950007
4,29,0,35,8,-1.0706598655008255
4,29,0,35,9,-1.0707711221989107
4,29,0,35,10,-1.0708999846908713
4,29,0,35,11,-1.0710459495114832
4,29,0,35,12,-1.0712087555736332
4,29,0,35,13,-1.0713888647299779
4,29,0,35,14,-1.0715881506693712
4,29,0,35,15,-1.071808945023013
4,29,0,35,16,-1.0720553890467448
4,29,0,35,19,-1.0729700759470664
4,29,0,35,20,-1.0733443336832478
4,29,0,35,21,-1.0737603743785795
4,29,0,35,23,-1.0747421819179614
4,29,0,35,24,-1.075298925375975
4,29,0,35,25,-1.0758962471390274
4,29,0,35,33,-1.0799685668466783
4,29,0,36,0,-1.0702099085427306
4,29,0,36,1,-1.0702064127345763
4,29,0,36,2,-1.0702079320500635
4,29,0,36,3,-1.0702191946080486
4,29,0,36,4,-1.070242920477232
4,29,0,36,5,-1.070280989860137
4,29,0,36,6,-1.0703349777881181
4,29,0,36,7,-1.0704063051592108
4,29,0,36,8,-1.0704961508403203
4,29,0,36,9,-1.0706051325525843
4,29,0,36,10,-1.0707329501315541
4,29,0,36,11,-1.0708776893405794
4,29,0,36,12,-1.071038011259618
4,29,0,36,13,-1.07121330605766
4,29,0,36,14,-1.0714066783503764
4,29,0,36,15,-1.0716192948873131
4,29,0,36,16,-1.0718552480470744
4,29,0,36,17,-1.0721220872533173
4,29,0,36,18,-1.0724245670865749
4,29,0,36,22,-1.0740990831862496
4,29,0,36,23,-1.0746702488313287
4,29,0,36,26,-1.0766995494360425
4,29,0,36,27,-1.0774034127191372
4,29,0,36,32,-1.0800386050724442
4,29,0,36,33,-1.080329996282244
4,29,0,37,0,-1.0701134551362819
4,29,0,37,1,-1.0700944373131909
4,29,0,37,2,-1.0700825211374345
4,29,0,37,3,-1.070082441820589
4,29,0,37,4,-1.0700961819597754
4,29,0,37,5,-1.0701253117780507
4,29,0,37,6,-1.0701714373860127
4,29,0,37,7,-1.070236329258548
4,29,0,37,8,-1.0703217501229476
4,29,0,37,9,-1.070428761397057
4,29,0,37,10,-1.0705574458355631
4,29,0,37,11,-1.0707022911324258
4,29,0,37,12,-1.0708607361944613
4,29,0,37,13,-1.0710280427072156
4,29,0,37,14,-1.0712045336361367
4,29,0,37,15,-1.071398445150686
4,29,0,37,16,-1.0716202117417577
4,29,0,37,17,-1.071877448022144
4,29,0,37,28,-1.0783241635074912
4,29,0,37,29,-1.07900882911857
4,29,0,37,30,-1.0795875140034905
4,29,0,37,31,-1.0800521394103793
4,29,0,37,32,-1.0804113695237914
4,29,0,38,0,-1.0700444121484698
4,29,0,38,1,-1.0699837570424193
4,29,0,38,2,-1.0699536842994444
4,29,0,38,3,-1.0699403090346447
4,29,0,38,4,-1.0699424916137392
4,29,0,38,5,-1.0699610792345997
4,29,0,38,6,-1.069997575884553
4,29,0,38,7,-1.0700542717216401
4,29,0,38,8,-1.070134209045092
4,29,0,38,9,-1.0702391677240624
4,29,0,38,10,-1.0703650768470292
4,29,0,38,11,-1.0705037921300944
4,29,0,38,12,-1.070654945851268
4,29,0,38,13,-1.0708098412227525
4,29,0,38,14,-1.0709632013207575
4,29,0,38,15,-1.0711131104234028
4,29,0,39,1,-1.0698508836446368
4,29,0,39,2,-1.069816545009515
4,29,0,39,3,-1.0697910275295752
4,29,0,39,4,-1.0697808343959123
4,29,0,39,5,-1.0697873800237616
4,29,0,39,6,-1.0698119649368627
4,29,0,39,7,-1.0698574222291048
4,29,0,39,8,-1.069923336863521
4,29,0,39,9,-1.070007477276679
4,29,0,39,10,-1.0701159780608447
4,29,0,39,11,-1.0702420767529126
4,29,0,39,12,-1.0703903754374633
4,29,0,39,13,-1.0705278815509416
4,29,0,40,1,-1.0697607381450769
4,29,0,40,2,-1.0696789778500342
4,29,0,40,3,-1.0696348287648951
4,29,0,40,4,-1.0696108746914736
4,29,0,40,5,-1.0696040820588102
4,29,0,40,6,-1.069613931095092
4,29,0,40,7,-1.0696387122578348
4,29,0,40,8,-1.0696667658319456
4,29,0,40,9,-1.0696839086386738
4,29,0,40,10,-1.0696402546325148
4,29,0,40,11,-1.0696761153680283
4,29,0,41,2,-1.0695121858604741
4,29,0,41,3,-1.0694668268979797
4,29,0,41,4,-1.0694321598877257
4,29,0,41,5,-1.0694105026979999
4,29,0,41,6,-1.0693961456894587
4,29,0,41,7,-1.069379508817063
4,29,0,41,8,-1.069334772434506
4,29,0,41,9,-1.0690436841737727
4,29,0,42,2,-1.0693991388020794
4,29,0,42,3,-1.0692912079169472
4,29,0,42,4,-1.0692273682277609
4,29,0,42,5,-1.069174528128119
4,29,0,42,6,-1.0691157454766531
4,29,0,42,7,-1.069014723364145
4,29,0,43,3,-1.0690391299345448
4,29,0,43,4,-1.0689562469166112
4,29,0,43,5,-1.068841897346245
4,29,0,43,6,-1.068635496164331
4,29,0,44,3,-1.0688263998423544
4,29,0,44,4,-1.0685948944044716
4,30,0,10,55,-1.0639762614420405
4,30,0,11,54,-1.0639813094725161
4,30,0,12,9,-1.062596181728903
4,30,0,12,53,-1.0639885269976
4,30,0,13,9,-1.0625394167489446
4,30,0,13,52,-1.0639983311413452
4,30,0,14,10,-1.0625498292202162
4,30,0,14,11,-1.0626192664852583
4,30,0,14,12,-1.0626915803475028
4,30,0,14,13,-1.0627663753432033
4,30,0,14,14,-1.0628435132601315
4,30,0,14,15,-1.062923082940996
4,30,0,14,52,-1.0640044766811678
4,30,0,15,16,-1.0629788634734891
4,30,0,15,45,-1.0641256639844174
4,30,0,15,46,-1.0641010171073728
4,30,0,15,47,-1.0640793213476634
4,30,0,15,48,-1.064060248714808
4,30,0,15,49,-1.0640437400192981
4,30,0,15,50,-1.0640298277645766
4,30,0,15,51,-1.0640188794010543
4,30,0,16,17,-1.0630484351965521
4,30,0,16,18,-1.0631448405459987
4,30,0,16,45,-1.0641475552883757
4,30,0,16,51,-1.0640277306263108
4,30,0,17,19,-1.0632393065372328
4,30,0,17,44,-1.0642068796871642
4,30,0,18,20,-1.0633512003736907
4,30,0,18,45,-1.0641904877199921
4,30,0,19,21,-1.0634825242755317
4,30,0,19,42,-1.0643781840024054
4,30,0,19,43,-1.0643124722185575
4,30,0,19,44,-1.0642561266876034
4,30,0,20,3,-1.061661355720609
4,30,0,20,22,-1.0636354650364264
4,30,0,20,42,-1.064417493367947
4,30,0,21,3,-1.061594222431641
4,30,0,21,4,-1.0616398404533074
4,30,0,21,23,-1.063812442426993
4,30,0,21,24,-1.0639554400811224
4,30,0,21,41,-1.0645633032260882
4,30,0,22,3,-1.0614897902108937
4,30,0,22,4,-1.061534236713433
4,30,0,22,25,-1.0641710176992683
4,30,0,22,38,-1.0650740800918395
4,30,0,22,39,-1.0650082967877579
4,30,0,22,40,-1.0649342225951848
4,30,0,23,2,-1.061261677481322
4,30,0,23,3,-1.061349230096153
4,30,0,23,4,-1.0614165382107958
4,30,0,23,5,-1.0614878755394854
4,30,0,23,26,-1.0644173133266526
4,30,0,23,37,-1.0653171681976221
4,30,0,24,2,-1.0611824452046905
4,30,0,24,3,-1.0612372194813444
4,30,0,24,4,-1.0613031130896633
4,30,0,24,5,-1.0613763724078578
4,30,0,24,6,-1.0614576175207577
4,30,0,24,7,-1.061546973639274
4,30,0,24,27,-1.0646981871434238
4,30,0,24,28,-1.064864752902048
4,30,0,24,35,-1.0655651617642763
4,30,0,24,36,-1.0655671569629377
4,30,0,25,1,-1.060976834039176
4,30,0,25,2,-1.0610567546739897
4,30,0,25,3,-1.061122402517244
4,30,0,25,4,-1.0611906277866234
4,30,0,25,5,-1.06126520724567
4,30,0,25,6,-1.0613476479991195
4,30,0,25,7,-1.0614387015329025
4,30,0,25,8,-1.061539021508437
4,30,0,25,9,-1.0616483243617583
4,30,0,25,10,-1.061767411772161
4,30,0,25,29,-1.0651938127565017
4,30,0,25,30,-1.0653542819877166
4,30,0,25,34,-1.065785824922623
4,30,0,26,1,-1.0609052310388154
4,30,0,26,2,-1.060953639884077
4,30,0,26,3,-1.0610133098007777
4,30,0,26,4,-1.061080109320633
4,30,0,26,5,-1.061154511216176
4,30,0,26,6,-1.0612373983597325
4,30,0,26,7,-1.0613294888161948
4,30,0,26,8,-1.0614313561368054
4,30,0,26,9,-1.0615433448156468
4,30,0,26,10,-1.0616660291173774
4,30,0,26,11,-1.061799995550859
4,30,0,26,12,-1.06194499557753
4,30,0,26,31,-1.0657306770023554
4,30,0,26,32,-1.0658720166946867
4,30,0,26,33,-1.0659882156959657
4,30,0,27,0,-1.0607273577128027
4,30,0,27,1,-1.0607935328780724
4,30,0,27,2,-1.0608475748877735
4,30,0,27,3,-1.0609053916455025
4,30,0,27,4,-1.0609703246008244
4,30,0,27,5,-1.0610436684034015
4,30,0,27,6,-1.0611262785013191
4,30,0,27,7,-1.0612188290763613
4,30,0,27,8,-1.061321899416953
4,30,0,27,9,-1.0614360005934977
4,30,0,27,10,-1.0615616922386077
4,30,0,27,11,-1.0616995399884483
4,30,0,27,12,-1.0618500679526384
4,30,0,27,32,-1.0661565763153358
4,30,0,28,0,-1.0606694978474713
4,30,0,28,1,-1.0607022732620934
4,30,0,28,2,-1.0607460412583924
4,30,0,28,3,-1.0607986871793187
4,30,0,28,4,-1.0608604670641195
4,30,0,28,5,-1.0609319007367615
4,30,0,28,6,-1.0610135533750265
4,30,0,28,7,-1.0611059840405543
4,30,0,28,8,-1.0612097491037598
4,30,0,28,9,-1.0613254051514118
4,30,0,28,10,-1.0614535345432472
4,30,0,28,11,-1.0615947351247665
4,30,0,28,12,-1.061749606736767
4,30,0,28,13,-1.0619187306523805
4,30,0,28,32,-1.0664733380963454
4,30,0,28,33,-1.0666440014313667
4,30,0,29,0,-1.0605871754940184
4,30,0,29,1,-1.06060833245826
4,30,0,29,2,-1.0606439374526808
4,30,0,29,3,-1.0606911868681212
4,30,0,29,4,-1.0607492970610077
4,30,0,29,5,-1.0608182578153478
4,30,0,29,6,-1.060898388446769
4,30,0,29,7,-1.0609901440615301
4,30,0,29,8,-1.061094052125442
4,30,0,29,9,-1.0612106833869748
4,30,0,29,10,-1.0613406478375058
4,30,0,29,11,-1.0614845956033903
4,30,0,29,12,-1.0616432311252544
4,30,0,29,13,-1.0618173245667248
4,30,0,29,31,-1.066588102329016
4,30,0,30,0,-1.0604920095860717
4,30,0,30,1,-1.0605082569029216
4,30,0,30,2,-1.0605385017518274
4,30,0,30,3,-1.0605811683849067
4,30,0,30,4,-1.0606356208483547
4,30,0,30,5,-1.0607017908211287
4,30,0,30,6,-1.060779939878614
4,30,0,30,7,-1.0608704960080442
4,30,0,30,8,-1.0609739830576863
4,30,0,30,9,-1.0610909828564858
4,30,0,30,10,-1.0612221265516912
4,30,0,30,11,-1.0613681097975591
4,30,0,30,12,-1.06152973983564
4,30,0,30,13,-1.0617080052674197
4,30,0,30,31,-1.066924047521424
4,30,0,31,0,-1.060388910616098
4,30,0,31,1,-1.0604024988307326
4,30,0,31,2,-1.0604289615444256
4,30,0,31,3,-1.0604677107350764
4,30,0,31,4,-1.0605185742966288
4,30,0,31,5,-1.0605816924676759
4,30,0,31,6,-1.060657428421459
4,30,0,31,7,-1.0607462658874152
4,30,0,31,8,-1.0608487586243287
4,30,0,31,9,-1.060965499849124
4,30,0,31,10,-1.0610971207243696
4,30,0,31,11,-1.0612443234304025
4,30,0,31,12,-1.0614079591321746
4,30,0,31,13,-1.0615891463192566
4,30,0,31,30,-1.066947038991412
4,30,0,32,0,-1.0602805383697216
4,30,0,32,1,-1.060292182865727
4,30,0,32,2,-1.0603154567575028
4,30,0,32,3,-1.0603504895012823
4,30,0,32,4,-1.0603976231518526
4,30,0,32,5,-1.0604573259131334
4,30,0,32,6,-1.0605301620520282
4,30,0,32,7,-1.0606167330845655
4,30,0,32,8,-1.0607176485245278
4,30,0,32,9,-1.0608335049805435
4,30,0,32,10,-1.0609648939916765
4,30,0,32,11,-1.0611124547435453
4,30,0,32,12,-1.061276976084023
4,30,0,32,13,-1.0614594853353025
4,30,0,32,14,-1.0616611890100673
4,30,0,32,30,-1.067286013719689
4,30,0,33,0,-1.0601688370347429
4,30,0,33,1,-1.0601785554411052
4,30,0,33,2,-1.060198519181919
4,30,0,33,3,-1.0602295222887093
4,30,0,33,4,-1.0602724559040329
4,30,0,33,5,-1.0603281775251603
4,30,0,33,6,-1.0603975094061924
4,30,0,33,7,-1.0604812112561182
4,30,0,33,8,-1.0605799644398686
4,30,0,33,9,-1.060694350681612
4,30,0,33,10,-1.0608248617722535
4,30,0,33,11,-1.0609719802900694
4,30,0,33,12,-1.0611363569963002
4,30,0,33,13,-1.0613189921921167
4,30,0,33,14,-1.0615213718811827
4,30,0,33,30,-1.0676662971964601
4,30,0,33,31,-1.068073056501716
4,30,0,33,32,-1.0684251391233053
4,30,0,33,33,-1.0687215992341887
4,30,0,34,0,-1.0600557329090303
4,30,0,34,1,-1.0600630015547685
4,30,0,34,2,-1.06007887164084
4,30,0,34,3,-1.0601049834015426
4,30,0,34,4,-1.06014285675857
4,30,0,34,5,-1.060193772687952
4,30,0,34,6,-1.0602588372613089
4,30,0,34,7,-1.060338995354678
4,30,0,34,8,-1.0604350169852759
4,30,0,34,9,-1.0605474484259447
4,30,0,34,10,-1.0606765927201285
4,30,0,34,11,-1.0608226062811696
4,30,0,34,12,-1.0609858338723073
4,30,0,34,13,-1.0611671185383633
4,30,0,34,14,-1.0613680363499902
4,30,0,34,15,-1.0615907011613845
4,30,0,34,30,-1.0680490448721165
4,30,0,34,31,-1.068472418419064
4,30,0,34,33,-1.0691302363015749
4,30,0,35,0,-1.0599436756407294
4,30,0,35,1,-1.0599471655173756
4,30,0,35,2,-1.0599573140017113
4,30,0,35,3,-1.0599770449711696
4,30,0,35,4,-1.0600085741052065
4,30,0,35,5,-1.0600535757363472
4,30,0,35,6,-1.060113424264876
4,30,0,35,7,-1.0601892745925532
4,30,0,35,8,-1.0602820304899787
4,30,0,35,9,-1.060392211890006
4,30,0,35,10,-1.0605198278023487
4,30,0,35,11,-1.0606643801802738
4,30,0,35,12,-1.0608256108680494
4,30,0,35,13,-1.0610039774547813
4,30,0,35,14,-1.0612013353317564
4,30,0,35,15,-1.0614199933373782
4,30,0,35,16,-1.0616640518145284
4,30,0,35,19,-1.0625698840852567
4,30,0,35,20,-1.0629405156787912
4,30,0,35,21,-1.0633525229687226
4,30,0,35,23,-1.0643247989206404
4,30,0,35,24,-1.0648761292804212
4,30,0,35,25,-1.065467638498539
4,30,0,35,33,-1.0695002825495294
4,30,0,36,0,-1.0598364435564553
4,30,0,36,1,-1.0598329900205679
4,30,0,36,2,-1.0598345063536758
4,30,0,36,3,-1.0598456722762832
4,30,0,36,4,-1.0598691802167568
4,30,0,36,5,-1.0599068914608893
4,30,0,36,6,-1.0599603653563259
4,30,0,36,7,-1.0600310088075207
4,30,0,36,8,-1.0601199892492896
4,30,0,36,9,-1.060227918699883
4,30,0,36,10,-1.0603545005215453
4,30,0,36,11,-1.06049784010287
4,30,0,36,12,-1.0606566121156094
4,30,0,36,13,-1.0608302131214664
4,30,0,36,14,-1.0610217171596825
4,30,0,36,15,-1.0612322800168867
4,30,0,36,16,-1.0614659547103313
4,30,0,36,17,-1.0617302186508988
4,30,0,36,18,-1.0620297826098566
4,30,0,36,22,-1.0636880970833658
4,30,0,36,23,-1.0642537158097576
4,30,0,36,26,-1.0662632558956298
4,30,0,36,27,-1.0669602561673903
4,30,0,36,32,-1.0695697379075135
4,30,0,36,33,-1.0698582840762538
4,30,0,37,0,-1.059740979402427
4,30,0,37,1,-1.0597221632413334
4,30,0,37,2,-1.0597103814911228
4,30,0,37,3,-1.059710321064144
4,30,0,37,4,-1.0597239445954625
4,30,0,37,5,-1.0597528066324977
4,30,0,37,6,-1.0597984973553112
4,30,0,37,7,-1.0598627698011363
4,30,0,37,8,-1.0599473695321135
4,30,0,37,9,-1.0600533480145502
4,30,0,37,10,-1.0601807879252874
4,30,0,37,11,-1.0603242329005307
4,30,0,37,12,-1.0604811471667508
4,30,0,37,13,-1.060646839956212
4,30,0,37,14,-1.0608216333295113
4,30,0,37,15,-1.061013682843641
4,30,0,37,16,-1.0612333191178587
4,30,0,37,17,-1.0614880850054205
4,30,0,37,28,-1.0678721671863334
4,30,0,37,29,-1.0685501442016219
4,30,0,37,30,-1.069123170204584
4,30,0,37,31,-1.0695832503179028
4,30,0,37,32,-1.0699389670816462
4,30,0,38,0,-1.05967264513898
4,30,0,38,1,-1.05961261993961
4,30,0,38,2,-1.0595828671828864
4,30,0,38,3,-1.0595696459995938
4,30,0,38,4,-1.0595718289859346
4,30,0,38,5,-1.0595902550799732
4,30,0,38,6,-1.0596264133931637
4,30,0,38,7,-1.059682571443135
4,30,0,38,8,-1.0597617416675058
4,30,0,38,9,-1.0598656871022676
4,30,0,38,10,-1.0599903803311401
4,30,0,38,11,-1.060127759101772
4,30,0,38,12,-1.0602774573500864
4,30,0,38,13,-1.060430867138026
4,30,0,38,14,-1.0605827670188128
4,30,0,38,15,-1.0607312646143743
4,30,0,39,1,-1.059481114599415
4,30,0,39,2,-1.0594471374357646
4,30,0,39,3,-1.0594218968527447
4,30,0,39,4,-1.0594118291005339
4,30,0,39,5,-1.0594183342905286
4,30,0,39,6,-1.0594426999818582
4,30,0,39,7,-1.0594877309941493
4,30,0,39,8,-1.0595530182797637
4,30,0,39,9,-1.0596363573732432
4,30,0,39,10,-1.0597438248611828
4,30,0,39,11,-1.059868720650129
4,30,0,39,12,-1.0600155954790915
4,30,0,39,13,-1.0601517957318343
4,30,0,40,1,-1.0593918968527183
4,30,0,40,2,-1.059310985518785
4,30,0,40,3,-1.0592673029439899
4,30,0,40,4,-1.0592436132275846
4,30,0,40,5,-1.059236914168337
4,30,0,40,6,-1.0592466912815455
4,30,0,40,7,-1.0592712537246387
4,30,0,40,8,-1.05929906496987
4,30,0,40,9,-1.059316092878113
4,30,0,40,10,-1.0592729736006825
4,30,0,40,11,-1.0593085631721704
4,30,0,41,2,-1.0591459124183416
4,30,0,41,3,-1.0591010292250875
4,30,0,41,4,-1.05906673402848
4,30,0,41,5,-1.0590453201169647
4,30,0,41,6,-1.0590311361604199
4,30,0,41,7,-1.059014702689022
4,30,0,41,8,-1.0589704700669211
4,30,0,41,9,-1.0586824504683254
4,30,0,42,2,-1.0590340296787044
4,30,0,42,3,-1.0589272182239027
4,30,0,42,4,-1.0588640485617749
4,30,0,42,5,-1.0588117707360023
4,30,0,42,6,-1.0587536162018238
4,30,0,42,7,-1.058653664262574
4,30,0,43,3,-1.0586777401914507
4,30,0,43,4,-1.058595721174417
4,30,0,43,5,-1.0584825674235312
4,30,0,43,6,-1.058278317628363
4,30,0,44,3,-1.0584672045898755
4,30,0,44,4,-1.0582380997570537
4,31,0,10,55,-1.0536683612209379
4,31,0,11,54,-1.053673362636662
4,31,0,12,9,-1.0523026745219897
4,31,0,12,53,-1.0536805150718902
4,31,0,13,9,-1.0522464892679657
4,31,0,13,52,-1.0536902322549158
4,31,0,14,10,-1.0522568071399694
4,31,0,14,11,-1.0523255474262416
4,31,0,14,12,-1.0523971370713385
4,31,0,14,13,-1.0524711843513126
4,31,0,14,14,-1.0525475523011412
4,31,0,14,15,-1.0526263288083364
4,31,0,14,52,-1.0536963198033238
4,31,0,15,16,-1.0526815857018155
4,31,0,15,45,-1.053816466875278
4,31,0,15,46,-1.0537920314446516
4,31,0,15,47,-1.0537705212789568
4,31,0,15,48,-1.053751611669279
4,31,0,15,49,-1.053735244029798
4,31,0,15,50,-1.0537214505279981
4,31,0,15,51,-1.0537105950040668
4,31,0,16,17,-1.052750503737658
4,31,0,16,18,-1.05284595409115
4,31,0,16,45,-1.0538381564069572
4,31,0,16,51,-1.0537193622865866
4,31,0,17,19,-1.0529395291755526
4,31,0,17,44,-1.0538969516259646
4,31,0,18,20,-1.0530503668046602
4,31,0,18,45,-1.0538806916245855
4,31,0,19,21,-1.0531804498415651
4,31,0,19,42,-1.0540667194149744
4,31,0,19,43,-1.0540015915108742
4,31,0,19,44,-1.0539457443457665
4,31,0,20,3,-1.051377316025248
4,31,0,20,22,-1.053331943936693
4,31,0,20,42,-1.0541056668792776
4,31,0,21,3,-1.0513108619095977
4,31,0,21,4,-1.0513560243716022
4,31,0,21,23,-1.0535072454667034
4,31,0,21,24,-1.0536488371033064
4,31,0,21,41,-1.0542501572636234
4,31,0,22,3,-1.0512074863506582
4,31,0,22,4,-1.0512514901450822
4,31,0,22,25,-1.0538623685476107
4,31,0,22,38,-1.0547562886242534
4,31,0,22,39,-1.0546910946913806
4,31,0,22,40,-1.0546176935794411
4,31,0,23,2,-1.0509816753812367
4,31,0,23,3,-1.0510683475375087
4,31,0,23,4,-1.051134983920099
4,31,0,23,5,-1.0512056134646064
4,31,0,23,26,-1.0541063242117288
4,31,0,23,37,-1.054997144494827
4,31,0,24,2,-1.0509032454716556
4,31,0,24,3,-1.0509574715680965
4,31,0,24,4,-1.051022709226138
4,31,0,24,5,-1.0510952426802678
4,31,0,24,6,-1.0511756856011933
4,31,0,24,7,-1.0512641615966682
4,31,0,24,27,-1.0543845270477765
4,31,0,24,28,-1.0545494574734886
4,31,0,24,35,-1.0552428941564738
4,31,0,24,36,-1.0552448341570846
4,31,0,25,1,-1.0506997114034533
4,31,0,25,2,-1.050778827440019
4,31,0,25,3,-1.0508438190044675
4,31,0,25,4,-1.0509113663287823
4,31,0,25,5,-1.050985208070785
4,31,0,25,6,-1.0510668360688555
4,31,0,25,7,-1.0511569941255041
4,31,0,25,8,-1.051256329307982
4,31,0,25,9,-1.0513645606171922
4,31,0,25,10,-1.051482481833856
4,31,0,25,29,-1.054875383948011
4,31,0,25,30,-1.0550342763554474
4,31,0,25,34,-1.0554615375109735
4,31,0,26,1,-1.0506288349318635
4,31,0,26,2,-1.050676758915002
4,31,0,26,3,-1.050735834455195
4,31,0,26,4,-1.0508019719418045
4,31,0,26,5,-1.0508756394386132
4,31,0,26,6,-1.0509577109268073
4,31,0,26,7,-1.0510488972210954
4,31,0,26,8,-1.051149766090911
4,31,0,26,9,-1.0512606585220972
4,31,0,26,10,-1.0513821430851455
4,31,0,26,11,-1.0515148005051909
4,31,0,26,12,-1.0516583845645726
4,31,0,26,31,-1.0554070852671706
4,31,0,26,32,-1.055547033562438
4,31,0,26,33,-1.0556620835992958
4,31,0,27,0,-1.050452762323778
4,31,0,27,1,-1.0505182701322855
4,31,0,27,2,-1.0505717716989453
4,31,0,27,3,-1.0506290141964525
4,31,0,27,4,-1.0506933054088514
4,31,0,27,5,-1.0507659270006409
4,31,0,27,6,-1.050847725852716
4,31,0,27,7,-1.050939369400148
4,31,0,27,8,-1.0510414311431566
4,31,0,27,9,-1.0511544170579246
4,31,0,27,10,-1.051278881240387
4,31,0,27,11,-1.0514153837550129
4,31,0,27,12,-1.0515644435535465
4,31,0,27,32,-1.0558289257820683
4,31,0,28,0,-1.0503954917650506
4,31,0,28,1,-1.0504279390182258
4,31,0,28,2,-1.0504712717154694
4,31,0,28,3,-1.0505233969125576
4,31,0,28,4,-1.0505845682476107
4,31,0,28,5,-1.050655300432077
4,31,0,28,6,-1.0507361530491284
4,31,0,28,7,-1.0508276796215879
4,31,0,28,8,-1.0509304310104195
4,31,0,28,9,-1.0510449583032042
4,31,0,28,10,-1.0511718381272237
4,31,0,28,11,-1.0513116624616854
4,31,0,28,12,-1.0514650252675533
4,31,0,28,13,-1.0516325021123527
4,31,0,28,32,-1.056142711215066
4,31,0,28,33,-1.0563117053497364
4,31,0,29,0,-1.0503140088532548
4,31,0,29,1,-1.050334955844388
4,31,0,29,2,-1.0503702090102849
4,31,0,29,3,-1.0504169933252558
4,31,0,29,4,-1.0504745332432373
4,31,0,29,5,-1.050542818804799
4,31,0,29,6,-1.0506221662391726
4,31,0,29,7,-1.0507130261962665
4,31,0,29,8,-1.0508159209623538
4,31,0,29,9,-1.050931415685678
4,31,0,29,10,-1.0510601143860394
4,31,0,29,11,-1.051202660840118
4,31,0,29,12,-1.051359752612526
4,31,0,29,13,-1.0515321523411167
4,31,0,29,31,-1.0562564719839898
4,31,0,30,0,-1.0502198143273922
4,31,0,30,1,-1.050235901743875
4,31,0,30,2,-1.0502658496604613
4,31,0,30,3,-1.050308098407793
4,31,0,30,4,-1.0503620185989255
4,31,0,30,5,-1.050427542748687
4,31,0,30,6,-1.0505049299397748
4,31,0,30,7,-1.0505946039992287
4,31,0,30,8,-1.0506970836626608
4,31,0,30,9,-1.0508129450825787
4,31,0,30,10,-1.0509428132604668
4,31,0,30,11,-1.051087377088479
4,31,0,30,12,-1.0512474359593786
4,31,0,30,13,-1.0514239688468765
4,31,0,30,31,-1.0565892551830414
4,31,0,31,0,-1.0501177685970269
4,31,0,31,1,-1.05013122410835
4,31,0,31,2,-1.0501574286851045
4,31,0,31,3,-1.050195800333915
4,31,0,31,4,-1.0502461687870939
4,31,0,31,5,-1.0503086729949214
4,31,0,31,6,-1.0503836726137687
4,31,0,31,7,-1.0504716466658788
4,31,0,31,8,-1.0505731435208772
4,31,0,31,9,-1.0506887506356088
4,31,0,31,10,-1.0508190930617305
4,31,0,31,11,-1.05096486619132
4,31,0,31,12,-1.0511269129466967
4,31,0,31,13,-1.051306340951129
4,31,0,31,30,-1.0566121314264556
4,31,0,32,0,-1.0500105042421894
4,31,0,32,1,-1.05002203594551
4,31,0,32,2,-1.0500450844131417
4,31,0,32,3,-1.050079777821797
4,31,0,32,4,-1.050126454826748
4,31,0,32,5,-1.0501855790091272
4,31,0,32,6,-1.050257709086564
4,31,0,32,7,-1.0503434406926533
4,31,0,32,8,-1.050443377413689
4,31,0,32,9,-1.0505581100935097
4,31,0,32,10,-1.0506882245900675
4,31,0,32,11,-1.0508343539637264
4,31,0,32,12,-1.050997279469228
4,31,0,32,13,-1.051178018473714
4,31,0,32,14,-1.0513777657301109
4,31,0,32,30,-1.056947916863904
4,31,0,33,0,-1.0498999455337292
4,31,0,33,1,-1.0499095708710804
4,31,0,33,2,-1.0499293430966403
4,31,0,33,3,-1.0499600481759555
4,31,0,33,4,-1.0500025682536376
4,31,0,33,5,-1.0500577522478103
4,31,0,33,6,-1.0501264142575626
4,31,0,33,7,-1.0502093065299867
4,31,0,33,8,-1.0503071038065124
4,31,0,33,9,-1.050420382229537
4,31,0,33,10,-1.0505496289437013
4,31,0,33,11,-1.0506953220012958
4,31,0,33,12,-1.0508581059782633
4,31,0,33,13,-1.0510389715241506
4,31,0,33,14,-1.0512393901788357
4,31,0,33,30,-1.0573246134522205
4,31,0,33,31,-1.0577274182497645
4,31,0,33,32,-1.0580760786940073
4,31,0,33,33,-1.0583696584935536
4,31,0,34,0,-1.0497879990422354
4,31,0,34,1,-1.0497951996865449
4,31,0,34,2,-1.0498109201237822
4,31,0,34,3,-1.0498367838580485
4,31,0,34,4,-1.0498742953953346
4,31,0,34,5,-1.049924722831724
4,31,0,34,6,-1.0499891612244212
4,31,0,34,7,-1.0500685461465344
4,31,0,34,8,-1.0501636401392227
4,31,0,34,9,-1.0502749842959151
4,31,0,34,10,-1.050402878950088
4,31,0,34,11,-1.0505474792864316
4,31,0,34,12,-1.0507091269577888
4,31,0,34,13,-1.0508886569449534
4,31,0,34,14,-1.0510876299754457
4,31,0,34,15,-1.0513081392282586
4,31,0,34,30,-1.057703749313648
4,31,0,34,31,-1.0581230039923812
4,31,0,34,33,-1.0587744224048883
4,31,0,35,0,-1.0496770893480327
4,31,0,35,1,-1.0496805498979453
4,31,0,35,2,-1.0496906072032577
4,31,0,35,3,-1.0497101552475359
4,31,0,35,4,-1.0497413871931134
4,31,0,35,5,-1.0497859605090483
4,31,0,35,6,-1.049845235894386
4,31,0,35,7,-1.0499203568750275
4,31,0,35,8,-1.0500122184625837
4,31,0,35,9,-1.0501213357481118
4,31,0,35,10,-1.0502477180462648
4,31,0,35,11,-1.050390872672506
4,31,0,35,12,-1.050550544372098
4,31,0,35,13,-1.0507271865150627
4,31,0,35,14,-1.0509226363855861
4,31,0,35,15,-1.0511391802665184
4,31,0,35,16,-1.0513808780135847
4,31,0,35,19,-1.0522779477742932
4,31,0,35,20,-1.052644990952891
4,31,0,35,21,-1.053053006804348
4,31,0,35,23,-1.054015850350155
4,31,0,35,24,-1.054561823941296
4,31,0,35,25,-1.0551475811027948
4,31,0,35,33,-1.0591409624137886
4,31,0,36,0,-1.0495709561063014
4,31,0,36,1,-1.0495675444018824
4,31,0,36,2,-1.0495690577819259
4,31,0,36,3,-1.0495801280722847
4,31,0,36,4,-1.0496034203487337
4,31,0,36,5,-1.049640777177175
4,31,0,36,6,-1.0496937423847632
4,31,0,36,7,-1.0497637090280125
4,31,0,36,8,-1.0498518332286206
4,31,0,36,9,-1.0499587213613146
4,31,0,36,10,-1.0500840802783746
4,31,0,36,11,-1.050226034789521
4,31,0,36,12,-1.05038327301701
4,31,0,36,13,-1.0505551978488403
4,31,0,36,14,-1.0507448530660362
4,31,0,36,15,-1.0509533836064375
4,31,0,36,16,-1.05118480353555
4,31,0,36,17,-1.0514465190007718
4,31,0,36,18,-1.0517431974200617
4,31,0,36,22,-1.0533854788410346
4,31,0,36,23,-1.0539456083699394
4,31,0,36,26,-1.0559355935801824
4,31,0,36,27,-1.056625802265487
4,31,0,36,32,-1.0592098409797266
4,31,0,36,33,-1.059495571718512
4,31,0,37,0,-1.0494764709107514
4,31,0,37,1,-1.049457854312111
4,31,0,37,2,-1.04944620558682
4,31,0,37,3,-1.0494461638506494
4,31,0,37,4,-1.0494596719844262
4,31,0,37,5,-1.0494882690230463
4,31,0,37,6,-1.0495335293818102
4,31,0,37,7,-1.0495971888417537
4,31,0,37,8,-1.0496809759784786
4,31,0,37,9,-1.0497859324103018
4,31,0,37,10,-1.049912140737063
4,31,0,37,11,-1.0500541999552244
4,31,0,37,12,-1.0502095993476466
4,31,0,37,13,-1.0503736951986744
4,31,0,37,14,-1.0505468086733183
4,31,0,37,15,-1.050737015554868
4,31,0,37,16,-1.0509545436720218
4,31,0,37,17,-1.0512068648651072
4,31,0,37,28,-1.0575289655180906
4,31,0,37,29,-1.0582003235510855
4,31,0,37,30,-1.0587677495695937
4,31,0,37,31,-1.059223331697294
4,31,0,37,32,-1.0595755716790147
4,31,0,38,0,-1.049408837996591
4,31,0,38,1,-1.0493494361476248
4,31,0,38,2,-1.0493200000454912
4,31,0,38,3,-1.0493069313378178
4,31,0,38,4,-1.049309114724038
4,31,0,38,5,-1.0493273809684067
4,31,0,38,6,-1.0493632044612828
4,31,0,38,7,-1.0494188303154477
4,31,0,38,8,-1.0494972414175996
4,31,0,38,9,-1.049600184145686
4,31,0,38,10,-1.0497236741259526
4,31,0,38,11,-1.0498597302842394
4,31,0,38,12,-1.050007988197527
4,31,0,38,13,-1.0501599278528915
4,31,0,38,14,-1.050310382703144
4,31,0,38,15,-1.0504574834707456
4,31,0,39,1,-1.0492192846275363
4,31,0,39,2,-1.049185665172152
4,31,0,39,3,-1.0491606986021473
4,31,0,39,4,-1.049150754923536
4,31,0,39,5,-1.049157220092803
4,31,0,39,6,-1.0491813688393692
4,31,0,39,7,-1.0492259780027822
4,31,0,39,8,-1.0492906444622063
4,31,0,39,9,-1.0493731905677184
4,31,0,39,10,-1.0494796355036287
4,31,0,39,11,-1.0496033408982324
4,31,0,39,12,-1.0497488066800276
4,31,0,39,13,-1.0498837146522548
4,31,0,40,1,-1.0491309849783843
4,31,0,40,2,-1.049050913768756
4,31,0,40,3,-1.0490076928471639
4,31,0,40,4,-1.0489842647337373
4,31,0,40,5,-1.048977658270537
4,31,0,40,6,-1.0489873642050083
4,31,0,40,7,-1.0490117101996754
4,31,0,40,8,-1.0490392816315621
4,31,0,40,9,-1.0490561958285587
4,31,0,40,10,-1.0490136057029014
4,31,0,40,11,-1.0490489269206695
4,31,0,41,2,-1.0488875416674968
4,31,0,41,3,-1.0488431292902853
4,31,0,41,4,-1.0488092020351423
4,31,0,41,5,-1.048788028866648
4,31,0,41,6,-1.0487740161571117
4,31,0,41,7,-1.048757783964801
4,31,0,41,8,-1.0487140498534149
4,31,0,41,9,-1.0484290669669485
4,31,0,42,2,-1.0487768111284976
4,31,0,42,3,-1.0486711074514907
4,31,0,42,4,-1.048608600840594
4,31,0,42,5,-1.048556879433506
4,31,0,42,6,-1.0484993464753964
4,31,0,42,7,-1.0484004535662141
4,31,0,43,3,-1.0484242023075188
4,31,0,43,4,-1.0483430382969516
4,31,0,43,5,-1.0482310679162479
4,31,0,43,6,-1.048028947111553
4,31,0,44,3,-1.0482158383551388
4,31,0,44,4,-1.0479891091388869
4,32,0,10,55,-1.0434677552909546
4,32,0,11,54,-1.043472710577884
4,32,0,12,9,-1.0421163122309431
4,32,0,12,53,-1.0434797986022006
4,32,0,13,9,-1.0420607006762443
4,32,0,13,52,-1.0434894297321717
4,32,0,14,10,-1.0420709249332478
4,32,0,14,11,-1.042138975487343
4,32,0,14,12,-1.042209848445166
4,32,0,14,13,-1.0422831557836394
4,32,0,14,14,-1.0423587617719694
4,32,0,14,15,-1.0424367533524117
4,32,0,14,52,-1.0434954598922084
4,32,0,15,16,-1.0424914920558395
4,32,0,15,45,-1.04361457761277
4,32,0,15,46,-1.0435903514171319
4,32,0,15,47,-1.0435690249040321
4,32,0,15,48,-1.0435502766120253
4,32,0,15,49,-1.0435340485527338
4,32,0,15,50,-1.0435203725612012
4,32,0,15,51,-1.0435096089049982
4,32,0,16,17,-1.0425597632068822
4,32,0,16,18,-1.0426542684949787
4,32,0,16,45,-1.0436360674740415
4,32,0,16,51,-1.043518293118025
4,32,0,17,19,-1.042746961943785
4,32,0,17,44,-1.0436943390357862
4,32,0,18,20,-1.042856754357259
4,32,0,18,45,-1.0436782096151516
4,32,0,19,21,-1.0429856094429366
4,32,0,19,42,-1.043862586329055
4,32,0,19,43,-1.0437980362100956
4,32,0,19,44,-1.0437426822075997
4,32,0,20,3,-1.0412003227918538
4,32,0,20,22,-1.0431356719281084
4,32,0,20,42,-1.0439011756631074
4,32,0,21,3,-1.0411345407846067
4,32,0,21,4,-1.041179252425768
4,32,0,21,23,-1.0433093150390245
4,32,0,21,24,-1.0434495152824015
4,32,0,21,41,-1.0440443603340295
4,32,0,22,3,-1.0410322108956584
4,32,0,22,4,-1.041075776587237
4,32,0,22,25,-1.043661021848985
4,32,0,22,38,-1.044545894622498
4,32,0,22,39,-1.0444812839133537
4,32,0,22,40,-1.0444085488646164
4,32,0,23,2,-1.0408086777420917
4,32,0,23,3,-1.0408944785988854
4,32,0,23,4,-1.040960450237202
4,32,0,23,5,-1.0410303793603612
4,32,0,23,26,-1.0439026619042195
4,32,0,23,37,-1.044784541519661
4,32,0,24,2,-1.0407310418525426
4,32,0,24,3,-1.0407847254713491
4,32,0,24,4,-1.0408493140027897
4,32,0,24,5,-1.0409211291438167
4,32,0,24,6,-1.041000778217745
4,32,0,24,7,-1.0410883832458555
4,32,0,24,27,-1.044178221559823
4,32,0,24,28,-1.0443415336643513
4,32,0,24,35,-1.0450280706682962
4,32,0,24,36,-1.0450299560348062
4,32,0,25,1,-1.040529563273359
4,32,0,25,2,-1.0406078830819698
4,32,0,25,3,-1.0406722251948353
4,32,0,25,4,-1.0407391016266618
4,32,0,25,5,-1.040812213325948
4,32,0,25,6,-1.0408930370235823
4,32,0,25,7,-1.0409823089186172
4,32,0,25,8,-1.0410806695527695
4,32,0,25,9,-1.0411878404651282
4,32,0,25,10,-1.0413046076200903
4,32,0,25,29,-1.0446643593731948
4,32,0,25,30,-1.0448216913600534
4,32,0,25,34,-1.045244715265695
4,32,0,26,1,-1.0404594057720291
4,32,0,26,2,-1.0405068499371148
4,32,0,26,3,-1.0405653372841104
4,32,0,26,4,-1.040630819624578
4,32,0,26,5,-1.0407037603625235
4,32,0,26,6,-1.0407850246805534
4,32,0,26,7,-1.04087531621864
4,32,0,26,8,-1.0409751970245955
4,32,0,26,9,-1.041085004612563
4,32,0,26,10,-1.0412053019181897
4,32,0,26,11,-1.0413366639430817
4,32,0,26,12,-1.0414788467663123
4,32,0,26,31,-1.0451909514968294
4,32,0,26,32,-1.0453295228688317
4,32,0,26,33,-1.0454434358916427
4,32,0,27,0,-1.0402851151477692
4,32,0,27,1,-1.0403499625423998
4,32,0,27,2,-1.0404029292883938
4,32,0,27,3,-1.0404596034997915
4,32,0,27,4,-1.0405232596453171
4,32,0,27,5,-1.0405951665394573
4,32,0,27,6,-1.0406761625850915
4,32,0,27,7,-1.0407669085407871
4,32,0,27,8,-1.040867972178822
4,32,0,27,9,-1.0409798544342252
4,32,0,27,10,-1.0411031039239296
4,32,0,27,11,-1.0412382751987055
4,32,0,27,12,-1.041385882106102
4,32,0,27,32,-1.0456087754630223
4,32,0,28,0,-1.040228427764311
4,32,0,28,1,-1.0402605502700293
4,32,0,28,2,-1.040303452196738
4,32,0,28,3,-1.0403550620871687
4,32,0,28,4,-1.0404156312032355
4,32,0,28,5,-1.0404856691971294
4,32,0,28,6,-1.0405657301156575
4,32,0,28,7,-1.040656362000472
4,32,0,28,8,-1.0407581102604542
4,32,0,28,9,-1.04087152054129
4,32,0,28,10,-1.0409971637975282
4,32,0,28,11,-1.0411356262031517
4,32,0,28,12,-1.041287495900475
4,32,0,28,13,-1.0414533428108015
4,32,0,28,32,-1.0459196155391501
4,32,0,28,33,-1.0460869578406737
4,32,0,29,0,-1.0401477755601398
4,32,0,29,1,-1.0401685147625626
4,32,0,29,2,-1.0402034197600645
4,32,0,29,3,-1.0402497438130864
4,32,0,29,4,-1.0403067193887543
4,32,0,29,5,-1.0403743367816112
4,32,0,29,6,-1.0404529091666446
4,32,0,29,7,-1.0405428827837955
4,32,0,29,8,-1.0406447747937428
4,32,0,29,9,-1.0407591448028553
4,32,0,29,10,-1.0408865909215772
4,32,0,29,11,-1.0410277506430112
4,32,0,29,12,-1.0411833147273126
4,32,0,29,13,-1.041354038364891
4,32,0,29,31,-1.0460323833062994
4,32,0,30,0,-1.0400545423092846
4,32,0,30,1,-1.0400704714888502
4,32,0,30,2,-1.0401001255621232
4,32,0,30,3,-1.0401419607710227
4,32,0,30,4,-1.0401953542270783
4,32,0,30,5,-1.0402602392723657
4,32,0,30,6,-1.0403368725228697
4,32,0,30,7,-1.0404256736887494
4,32,0,30,8,-1.0405271564462033
4,32,0,30,9,-1.0406418913304598
4,32,0,30,10,-1.0407704972612761
4,32,0,30,11,-1.0409136564391006
4,32,0,30,12,-1.0410721604895936
4,32,0,30,13,-1.0412469788588925
4,32,0,30,31,-1.046362037433617
4,32,0,31,0,-1.039953538859441
4,32,0,31,1,-1.0399668630479453
4,32,0,31,2,-1.0399928121731368
4,32,0,31,3,-1.0400308102076747
4,32,0,31,4,-1.0400806887030576
4,32,0,31,5,-1.0401425853347355
4,32,0,31,6,-1.0402168562788405
4,32,0,31,7,-1.0403039758994206
4,32,0,31,8,-1.0404044872330738
4,32,0,31,9,-1.040518972036586
4,32,0,31,10,-1.0406480493143895
4,32,0,31,11,-1.040792407740981
4,32,0,31,12,-1.0409528820818237
4,32,0,31,13,-1.0411305692069777
4,32,0,31,30,-1.0463847996638245
4,32,0,32,0,-1.0398473708680835
4,32,0,32,1,-1.0398587909520456
4,32,0,32,2,-1.0398816163405324
4,32,0,32,3,-1.039915973944095
4,32,0,32,4,-1.0399621990537988
4,32,0,32,5,-1.0400207506761758
4,32,0,32,6,-1.0400921820373588
4,32,0,32,7,-1.0401770829497357
4,32,0,32,8,-1.0402760511338445
4,32,0,32,9,-1.0403896717288055
4,32,0,32,10,-1.0405185249706792
4,32,0,32,11,-1.0406632378583498
4,32,0,32,12,-1.0408245841324573
4,32,0,32,13,-1.0410035713086916
4,32,0,32,14,-1.0412013825026507
4,32,0,32,30,-1.0467174290140453
4,32,0,33,0,-1.0397379428963303
4,32,0,33,1,-1.0397474761327594
4,32,0,33,2,-1.039767058835218
4,32,0,33,3,-1.0397974689872485
4,32,0,33,4,-1.0398395798290874
4,32,0,33,5,-1.0398942317890696
4,32,0,33,6,-1.0399622308961616
4,32,0,33,7,-1.0400443220132278
4,32,0,33,8,-1.0401411733271548
4,32,0,33,9,-1.0402533554567481
4,32,0,33,10,-1.0403813509488204
4,32,0,33,11,-1.040525633376827
4,32,0,33,12,-1.0406868411957901
4,32,0,33,13,-1.0408659555040773
4,32,0,33,14,-1.0410644335283479
4,32,0,33,30,-1.047090576055197
4,32,0,33,31,-1.0474894675024606
4,32,0,33,32,-1.047834741386546
4,32,0,33,33,-1.0481254708524521
4,32,0,34,0,-1.0396271419927585
4,32,0,34,1,-1.0396342753428607
4,32,0,34,2,-1.0396498476877354
4,32,0,34,3,-1.0396754659754188
4,32,0,34,4,-1.0397126194565602
4,32,0,34,5,-1.0397625634814165
4,32,0,34,6,-1.0398263822074236
4,32,0,34,7,-1.039905002001573
4,32,0,34,8,-1.0399991780067968
4,32,0,34,9,-1.0401094461910898
4,32,0,34,10,-1.0402361042062536
4,32,0,34,11,-1.0403793060211668
4,32,0,34,12,-1.0405393902106634
4,32,0,34,13,-1.0407171837754277
4,32,0,34,14,-1.0409142322595553
4,32,0,34,15,-1.0411326083820753
4,32,0,34,30,-1.0474661377020684
4,32,0,34,31,-1.0478813163814718
4,32,0,34,33,-1.0485264019295528
4,32,0,35,0,-1.039517367930731
4,32,0,35,1,-1.0395207994586397
4,32,0,35,2,-1.0395307665329072
4,32,0,35,3,-1.039550133554356
4,32,0,35,4,-1.0395810714024636
4,32,0,35,5,-1.0396252208583956
4,32,0,35,6,-1.0396839290625697
4,32,0,35,7,-1.039758328283408
4,32,0,35,8,-1.0398493048647002
4,32,0,35,9,-1.0399573691061592
4,32,0,35,10,-1.0400825306242958
4,32,0,35,11,-1.0402243020410338
4,32,0,35,12,-1.0403824309724612
4,32,0,35,13,-1.0405573666134247
4,32,0,35,14,-1.0407509283294725
4,32,0,35,15,-1.0409653800827052
4,32,0,35,16,-1.0412047416631374
4,32,0,35,19,-1.0420931400921385
4,32,0,35,20,-1.0424566321969282
4,32,0,35,21,-1.0428606981460928
4,32,0,35,23,-1.0438142074466135
4,32,0,35,24,-1.0443548800178668
4,32,0,35,25,-1.0449349449866392
4,32,0,35,33,-1.04888947220062
4,32,0,36,0,-1.0394123220964333
4,32,0,36,1,-1.0394089517876448
4,32,0,36,2,-1.0394104622444154
4,32,0,36,3,-1.0394214378964142
4,32,0,36,4,-1.0394445167514017
4,32,0,36,5,-1.039481522850285
4,32,0,36,6,-1.039533984661272
4,32,0,36,7,-1.0396032815370397
4,32,0,36,8,-1.0396905584039031
4,32,0,36,9,-1.0397964160518443
4,32,0,36,10,-1.0399205647869374
4,32,0,36,11,-1.0400611486380102
4,32,0,36,12,-1.040216869037885
4,32,0,36,13,-1.0403871351350227
4,32,0,36,14,-1.0405749607671233
4,32,0,36,15,-1.040781480136224
4,32,0,36,16,-1.0410106687615088
4,32,0,36,17,-1.041269862268519
4,32,0,36,18,-1.0415636851731171
4,32,0,36,22,-1.043190100385591
4,32,0,36,23,-1.0437447978433565
4,32,0,36,26,-1.0457154316964246
4,32,0,36,27,-1.0463989194811352
4,32,0,36,32,-1.0489577799840177
4,32,0,36,33,-1.0492407245967539
4,32,0,37,0,-1.0393188056715628
4,32,0,37,1,-1.0393003865579493
4,32,0,37,2,-1.039288869472198
4,32,0,37,3,-1.0392888462309429
4,32,0,37,4,-1.039302240166271
4,32,0,37,5,-1.0393305749620463
4,32,0,37,6,-1.039375409432893
4,32,0,37,7,-1.0394384622832222
4,32,0,37,8,-1.0395214452788621
4,32,0,37,9,-1.039625390292646
4,32,0,37,10,-1.0397503798482746
4,32,0,37,11,-1.0398910677264512
4,32,0,37,12,-1.0400449680057635
4,32,0,37,13,-1.0402074835330004
4,32,0,37,14,-1.0403789345867809
4,32,0,37,15,-1.040567318006887
4,32,0,37,16,-1.040782759901376
4,32,0,37,17,-1.0410326618366297
4,32,0,37,28,-1.0472934260165272
4,32,0,37,29,-1.0479582339590627
4,32,0,37,30,-1.0485201182796717
4,32,0,37,31,-1.0489712492387469
4,32,0,37,32,-1.0493200486264855
4,32,0,38,0,-1.0392518668077264
4,32,0,38,1,-1.039193081821108
4,32,0,38,2,-1.0391639590770736
4,32,0,38,3,-1.03915104125678
4,32,0,38,4,-1.0391532250369027
4,32,0,38,5,-1.0391713330929038
4,32,0,38,6,-1.039206825247283
4,32,0,38,7,-1.0392619244411412
4,32,0,38,8,-1.0393395843177478
4,32,0,38,9,-1.0394415347703587
4,32,0,38,10,-1.0395638340197528
4,32,0,38,11,-1.0396985813253277
4,32,0,38,12,-1.039845413888279
4,32,0,38,13,-1.039995898705715
4,32,0,38,14,-1.0401449235586007
4,32,0,38,15,-1.0402906420292928
4,32,0,39,1,-1.0390642700310289
4,32,0,39,2,-1.0390310045602273
4,32,0,39,3,-1.0390063091501378
4,32,0,39,4,-1.038996488252081
4,32,0,39,5,-1.0390029138148862
4,32,0,39,6,-1.0390268478718145
4,32,0,39,7,-1.0390710395735188
4,32,0,39,8,-1.0391350916641886
4,32,0,39,9,-1.0392168530300594
4,32,0,39,10,-1.0393222860503961
4,32,0,39,11,-1.0394448134336327
4,32,0,39,12,-1.0395888848270407
4,32,0,39,13,-1.0397225139621182
4,32,0,40,1,-1.03897687892407
4,32,0,40,2,-1.0388976390940308
4,32,0,40,3,-1.038854875019658
4,32,0,40,4,-1.0388317057848677
4,32,0,40,5,-1.0388251909518933
4,32,0,40,6,-1.0388348264458294
4,32,0,40,7,-1.0388589582416452
4,32,0,40,8,-1.0388862923520699
4,32,0,40,9,-1.0389030940158985
4,32,0,40,10,-1.0388610275270584
4,32,0,40,11,-1.0388960831765126
4,32,0,41,2,-1.038735950287606
4,32,0,41,3,-1.0386920038252334
4,32,0,41,4,-1.0386584406805592
4,32,0,41,5,-1.0386375057475072
4,32,0,41,6,-1.0386236625001946
4,32,0,41,7,-1.0386076294889026
4,32,0,41,8,-1.0385643886954077
4,32,0,41,9,-1.0382824109067106
4,32,0,42,2,-1.038626359956822
4,32,0,42,3,-1.0385217525265922
4,32,0,42,4,-1.0384599020643943
4,32,0,42,5,-1.0384087312828179
4,32,0,42,6,-1.0383518134289604
4,32,0,42,7,-1.0382539685240915
4,32,0,43,3,-1.0382773934908245
4,32,0,43,4,-1.038197075586385
4,32,0,43,5,-1.038086276257058
4,32,0,43,6,-1.0378862622808536
4,32,0,44,3,-1.0380711785836014
4,32,0,44,4,-1.0378468002558292
4,33,0,10,55,-1.0333733269430119
4,33,0,11,54,-1.0333782365816904
4,33,0,12,9,-1.0320359795513023
4,33,0,12,53,-1.033385260866317
4,33,0,13,9,-1.0319809357290453
4,33,0,13,52,-1.0333948068404817
4,33,0,14,10,-1.0319910673452524
4,33,0,14,11,-1.032058435341521
4,33,0,14,12,-1.0321285990667872
4,33,0,14,13,-1.0322011741603205
4,33,0,14,14,-1.032276026112717
4,33,0,14,15,-1.0323532409308143
4,33,0,14,52,-1.0334007802090617
4,33,0,15,16,-1.032407466836538
4,33,0,15,45,-1.0335188793268018
4,33,0,15,46,-1.0334948601813152
4,33,0,15,47,-1.033473715402878
4,33,0,15,48,-1.0334551267437462
4,33,0,15,49,-1.0334390368067885
4,33,0,15,50,-1.0334254770980917
4,33,0,15,51,-1.0334148043498022
4,33,0,16,17,-1.0324750978344601
4,33,0,16,18,-1.0325686678877921
4,33,0,16,45,-1.0335401715969725
4,33,0,16,51,-1.0334234063576155
4,33,0,17,19,-1.032660488875787
4,33,0,17,44,-1.0335979249614498
4,33,0,18,20,-1.0327692469509768
4,33,0,18,45,-1.0335819247547904
4,33,0,19,21,-1.0328968868647812
4,33,0,19,42,-1.0337646676094405
4,33,0,19,43,-1.0337006892504872
4,33,0,19,44,-1.0336458232670744
4,33,0,20,3,-1.0311292617035244
4,33,0,20,22,-1.0330455326391972
4,33,0,20,42,-1.0338029025434812
4,33,0,21,3,-1.0310641448114173
4,33,0,21,4,-1.0311084103224637
4,33,0,21,23,-1.0332175345910792
4,33,0,21,24,-1.033356357917042
4,33,0,21,41,-1.03394479510878
4,33,0,22,3,-1.030962849712188
4,33,0,22,4,-1.0310059818593889
4,33,0,22,25,-1.033565860680518
4,33,0,22,38,-1.034441780226033
4,33,0,22,39,-1.034377746661627
4,33,0,22,40,-1.0343056707357545
4,33,0,23,2,-1.0307415706734206
4,33,0,23,3,-1.0308265092967257
4,33,0,23,4,-1.0308918231074908
4,33,0,23,5,-1.0309610590972373
4,33,0,23,26,-1.033805209227862
4,33,0,23,37,-1.0346782411598392
4,33,0,24,2,-1.0306647205417852
4,33,0,24,3,-1.030717867327515
4,33,0,24,4,-1.0307818134865854
4,33,0,24,5,-1.0308529177886248
4,33,0,24,6,-1.0309317812756138
4,33,0,24,7,-1.0310185243988341
4,33,0,24,27,-1.0340781532139465
4,33,0,24,28,-1.0342398638354753
4,33,0,24,35,-1.034919572931169
4,33,0,24,36,-1.0349214042254296
4,33,0,25,1,-1.0304652760633222
4,33,0,25,2,-1.0305428079290255
4,33,0,25,3,-1.0306065073479918
4,33,0,25,4,-1.0306727198680548
4,33,0,25,5,-1.030745109120821
4,33,0,25,6,-1.0308251368868764
4,33,0,25,7,-1.0309135318409293
4,33,0,25,8,-1.0310109280670783
4,33,0,25,9,-1.0311170496161775
4,33,0,25,10,-1.0312326747176523
4,33,0,25,29,-1.0345596210531764
4,33,0,25,30,-1.0347154088552983
4,33,0,25,34,-1.035134239590757
4,33,0,26,1,-1.0303958300508111
4,33,0,26,2,-1.0304427993904954
4,33,0,26,3,-1.0305007046645562
4,33,0,26,4,-1.0305655386757728
4,33,0,26,5,-1.0306377602169017
4,33,0,26,6,-1.0307182257635117
4,33,0,26,7,-1.0308076318555088
4,33,0,26,8,-1.0309065348786322
4,33,0,26,9,-1.0310152689114591
4,33,0,26,10,-1.031134391313427
4,33,0,26,11,-1.0312644714222148
4,33,0,26,12,-1.031405267589751
4,33,0,26,31,-1.0350811571559535
4,33,0,26,32,-1.0352183659310306
4,33,0,26,33,-1.0353311537689895
4,33,0,27,0,-1.0302233028674534
4,33,0,27,1,-1.0302874967202291
4,33,0,27,2,-1.0303399342105506
4,33,0,27,3,-1.0303960460489552
4,33,0,27,4,-1.0304590737355876
4,33,0,27,5,-1.0305302733686386
4,33,0,27,6,-1.0306104749611917
4,33,0,27,7,-1.0307003326648114
4,33,0,27,8,-1.0308004085834512
4,33,0,27,9,-1.0309111986634443
4,33,0,27,10,-1.03103324609975
4,33,0,27,11,-1.0311670999868505
4,33,0,27,12,-1.0313132691212545
4,33,0,27,32,-1.0354950063821258
4,33,0,28,0,-1.0301671925906144
4,33,0,28,1,-1.0301989937280052
4,33,0,28,2,-1.030241469366439
4,33,0,28,3,-1.0302925693120337
4,33,0,28,4,-1.0303525424752948
4,33,0,28,5,-1.0304218935017952
4,33,0,28,6,-1.0305011709595941
4,33,0,28,7,-1.030590917466241
4,33,0,28,8,-1.0306916730352793
4,33,0,28,9,-1.0308039779271394
4,33,0,28,10,-1.0309283974826788
4,33,0,28,11,-1.0310655121310963
4,33,0,28,12,-1.0312159042566567
4,33,0,28,13,-1.0313801381932437
4,33,0,28,32,-1.0358029317659327
4,33,0,28,33,-1.0359686394233842
4,33,0,29,0,-1.0300873624494142
4,33,0,29,1,-1.0301078960252008
4,33,0,29,2,-1.0301424564770192
4,33,0,29,3,-1.030188325057123
4,33,0,29,4,-1.0302447421625203
4,33,0,29,5,-1.030311698339076
4,33,0,29,6,-1.0303895037393271
4,33,0,29,7,-1.0304786002391715
4,33,0,29,8,-1.0305794999270457
4,33,0,29,9,-1.0306927569251263
4,33,0,29,10,-1.030818963496001
4,33,0,29,11,-1.0309587509146276
4,33,0,29,12,-1.0311128032075592
4,33,0,29,13,-1.031281868195312
4,33,0,29,31,-1.0359147168781095
4,33,0,30,0,-1.0299950804700297
4,33,0,30,1,-1.0300108530591212
4,33,0,30,2,-1.0300402163464843
4,33,0,30,3,-1.0300816423197767
4,33,0,30,4,-1.03013451452145
4,33,0,30,5,-1.03019876711222
4,33,0,30,6,-1.0302746542670456
4,33,0,30,7,-1.0303625916220769
4,33,0,30,8,-1.030463087846768
4,33,0,30,9,-1.0305767079175325
4,33,0,30,10,-1.0307040647357046
4,33,0,30,11,-1.0308458338797013
4,33,0,30,12,-1.0310027992889574
4,33,0,30,13,-1.0311759209812394
4,33,0,30,31,-1.0362412745093479
4,33,0,31,0,-1.0298951084540147
4,33,0,31,1,-1.0299083026860691
4,33,0,31,2,-1.0299339990175829
4,33,0,31,3,-1.0299716273252073
4,33,0,31,4,-1.0300210209607679
4,33,0,31,5,-1.030082316338155
4,33,0,31,6,-1.0301558661894958
4,33,0,31,7,-1.0302421402691544
4,33,0,31,8,-1.0303416763362145
4,33,0,31,9,-1.030455050506738
4,33,0,31,10,-1.0305828758008724
4,33,0,31,11,-1.0307258342454828
4,33,0,31,12,-1.0308847525341098
4,33,0,31,13,-1.0310607168955657
4,33,0,31,30,-1.0362639239218954
4,33,0,32,0,-1.02979002541644
4,33,0,32,1,-1.0298013350423645
4,33,0,32,2,-1.0298239396727003
4,33,0,32,3,-1.0298579649650557
4,33,0,32,4,-1.029903742881374
4,33,0,32,5,-1.0299617279011983
4,33,0,32,6,-1.0300324678163342
4,33,0,32,7,-1.0301165466785707
4,33,0,32,8,-1.0302145564037535
4,33,0,32,9,-1.030327076485669
4,33,0,32,10,-1.0304546815970006
4,33,0,32,11,-1.0305979927382718
4,33,0,32,12,-1.0307577762142646
4,33,0,32,13,-1.0309350297917996
4,33,0,32,14,-1.0311309250703014
4,33,0,32,30,-1.0365934300404134
4,33,0,33,0,-1.029681716413797
4,33,0,33,1,-1.0296911585074913
4,33,0,33,2,-1.029710553658615
4,33,0,33,3,-1.0297406719518205
4,33,0,33,4,-1.029782377815714
4,33,0,33,5,-1.0298365032771952
4,33,0,33,6,-1.0299038463791124
4,33,0,33,7,-1.0299851446769732
4,33,0,33,8,-1.0300810598713672
4,33,0,33,9,-1.030192157114995
4,33,0,33,10,-1.030318914404706
4,33,0,33,11,-1.030461800881765
4,33,0,33,12,-1.0306214489440177
4,33,0,33,13,-1.0307988302381081
4,33,0,33,14,-1.0309953878264846
4,33,0,33,30,-1.0369630644848993
4,33,0,33,31,-1.0373580833126785
4,33,0,33,32,-1.037700005884567
4,33,0,33,33,-1.03798791468375
4,33,0,34,0,-1.029572049175809
4,33,0,34,1,-1.0295791159317118
4,33,0,34,2,-1.0295945417247976
4,33,0,34,3,-1.0296199171193885
4,33,0,34,4,-1.0296567162696344
4,33,0,34,5,-1.0297061819126065
4,33,0,34,6,-1.029769387419424
4,33,0,34,7,-1.029847250046805
4,33,0,34,8,-1.0299405176164658
4,33,0,34,9,-1.030049721024326
4,33,0,34,10,-1.0301751552684273
4,33,0,34,11,-1.0303169731145208
4,33,0,34,12,-1.030475510091504
4,33,0,34,13,-1.0306515853030582
4,33,0,34,14,-1.0308467292679218
4,33,0,34,15,-1.031062994458135
4,33,0,34,30,-1.0373350891238338
4,33,0,34,31,-1.0377462342281165
4,33,0,34,33,-1.0383850528263991
4,33,0,35,0,-1.029463398927051
4,33,0,35,1,-1.0294668017346342
4,33,0,35,2,-1.0294766795162202
4,33,0,35,3,-1.0294958673978276
4,33,0,35,4,-1.0295265142080587
4,33,0,35,5,-1.0295702442138486
4,33,0,35,6,-1.0296283911381077
4,33,0,35,7,-1.0297020761089675
4,33,0,35,8,-1.029792176892626
4,33,0,35,9,-1.0298991990473307
4,33,0,35,10,-1.030023152488315
4,33,0,35,11,-1.030163555088767
4,33,0,35,12,-1.0303201573057637
4,33,0,35,13,-1.0304934042024791
4,33,0,35,14,-1.0306850974123578
4,33,0,35,15,-1.0308974788090868
4,33,0,35,16,-1.0311345285339852
4,33,0,35,19,-1.0320143458711823
4,33,0,35,20,-1.0323743238583212
4,33,0,35,21,-1.0327744810127657
4,33,0,35,23,-1.0337187532145087
4,33,0,35,24,-1.0342541799378249
4,33,0,35,25,-1.034828611957891
4,33,0,35,33,-1.0387446894790928
4,33,0,36,0,-1.0293594291830066
4,33,0,36,1,-1.0293560998386166
4,33,0,36,2,-1.0293576074017918
4,33,0,36,3,-1.0293684893993438
4,33,0,36,4,-1.0293913570528082
4,33,0,36,5,-1.0294280160708746
4,33,0,36,6,-1.029479979722658
4,33,0,36,7,-1.029548613799639
4,33,0,36,8,-1.0296350521492854
4,33,0,36,9,-1.029739890034965
4,33,0,36,10,-1.0298628411806119
4,33,0,36,11,-1.0300020686341618
4,33,0,36,12,-1.030156287000533
4,33,0,36,13,-1.0303249116235398
4,33,0,36,14,-1.0305109267092272
4,33,0,36,15,-1.0307154558355898
4,33,0,36,16,-1.0309424363766633
4,33,0,36,17,-1.0311991341700677
4,33,0,36,18,-1.0314901312761104
4,33,0,36,22,-1.0331008454028108
4,33,0,36,23,-1.03365016732495
4,33,0,36,26,-1.035601651230795
4,33,0,36,27,-1.0362784880676599
4,33,0,36,32,-1.0388124324247818
4,33,0,36,33,-1.0390926199110404
4,33,0,37,0,-1.0292668714462028
4,33,0,37,1,-1.0292486477617941
4,33,0,37,2,-1.029237260944736
4,33,0,37,3,-1.029237256004836
4,33,0,37,4,-1.029250536928956
4,33,0,37,5,-1.0292786122096824
4,33,0,37,6,-1.0293230252233267
4,33,0,37,7,-1.0293854777754052
4,33,0,37,8,-1.0294676649969297
4,33,0,37,9,-1.0295706091166792
4,33,0,37,10,-1.0296943925830113
4,33,0,37,11,-1.029833723390745
4,33,0,37,12,-1.029986140156213
4,33,0,37,13,-1.0301470918041025
4,33,0,37,14,-1.0303168977358157
4,33,0,37,15,-1.030503476669212
4,33,0,37,16,-1.030716854050461
4,33,0,37,17,-1.0309643619033309
4,33,0,37,28,-1.0371644279893713
4,33,0,37,29,-1.037822754017955
4,33,0,37,30,-1.0383791543217742
4,33,0,37,31,-1.0388258804427606
4,33,0,37,32,-1.0391712750484812
4,33,0,38,0,-1.0292006194091683
4,33,0,38,1,-1.0291424448641437
4,33,0,38,2,-1.029113632216056
4,33,0,38,3,-1.0291008637116679
4,33,0,38,4,-1.0291030478802587
4,33,0,38,5,-1.0291209993927184
4,33,0,38,6,-1.0291561636552866
4,33,0,38,7,-1.0292107416681213
4,33,0,38,8,-1.0292876581354107
4,33,0,38,9,-1.0293886266372716
4,33,0,38,10,-1.0295097475456492
4,33,0,38,11,-1.0296431996175188
4,33,0,38,12,-1.0297886216615457
4,33,0,38,13,-1.0299376667792852
4,33,0,38,14,-1.0300852765143775
4,33,0,38,15,-1.0302296270710156
4,33,0,39,1,-1.0290149588599273
4,33,0,39,2,-1.0289820436887984
4,33,0,39,3,-1.028957616615388
4,33,0,39,4,-1.0289479172186788
4,33,0,39,5,-1.028954303585689
4,33,0,39,6,-1.0289780251856413
4,33,0,39,7,-1.0290218037684589
4,33,0,39,8,-1.0290852478822323
4,33,0,39,9,-1.029166232672982
4,33,0,39,10,-1.0292706643060565
4,33,0,39,11,-1.0293920259347777
4,33,0,39,12,-1.0295347174488092
4,33,0,39,13,-1.0296670810529747
4,33,0,40,1,-1.028928466838851
4,33,0,40,2,-1.0288500497345792
4,33,0,40,3,-1.0288077377515648
4,33,0,40,4,-1.028784824699734
4,33,0,40,5,-1.0287784005417735
4,33,0,40,6,-1.0287879663265818
4,33,0,40,7,-1.0288118861508753
4,33,0,40,8,-1.0288389854072555
4,33,0,40,9,-1.0288556757056477
4,33,0,40,10,-1.0288141273985747
4,33,0,40,11,-1.0288489202389712
4,33,0,41,2,-1.02869002670242
4,33,0,41,3,-1.0286465413047818
4,33,0,41,4,-1.028613338479697
4,33,0,41,5,-1.0285926393010487
4,33,0,41,6,-1.0285789637504772
4,33,0,41,7,-1.0285631278449632
4,33,0,41,8,-1.0285203752318774
4,33,0,41,9,-1.0282413712574978
4,33,0,42,2,-1.0285815647119736
4,33,0,42,3,-1.0284780421175304
4,33,0,42,4,-1.0284168409735297
4,33,0,42,5,-1.0283662150849426
4,33,0,42,6,-1.0283099059313778
4,33,0,42,7,-1.0282130981205855
4,33,0,43,3,-1.0282362026881617
4,33,0,43,4,-1.0281567220822885
4,33,0,43,5,-1.0280470816140075
4,33,0,43,6,-1.0278491525352604
4,33,0,44,3,-1.0280321144571578
4,33,0,44,4,-1.0278100625472493
4,34,0,10,55,-1.0233839710532309
4,34,0,11,54,-1.0233888355190721
4,34,0,12,9,-1.0220605727956207
4,34,0,12,53,-1.0233957967279965
4,34,0,13,9,-1.022006090799304
4,34,0,13,52,-1.0234052584337299
4,34,0,14,10,-1.0220161307388045
4,34,0,14,11,-1.022082823278718
4,34,0,14,12,-1.0221522851504294
4,34,0,14,13,-1.0222241356174349
4,34,0,14,14,-1.0222982413789967
4,34,0,14,15,-1.0223746875162776
4,34,0,14,52,-1.02341117560169
4,34,0,15,16,-1.0224284059610085
4,34,0,15,45,-1.023528266741271
4,34,0,15,46,-1.0235044524862729
4,34,0,15,47,-1.0234834875467402
4,34,0,15,48,-1.0234650568552106
4,34,0,15,49,-1.0234491035996691
4,34,0,15,50,-1.0234356589606683
4,34,0,15,51,-1.0234250761717298
4,34,0,16,17,-1.0224954034680178
4,34,0,16,18,-1.0225880480172516
4,34,0,16,45,-1.0235493634776487
4,34,0,16,51,-1.0234335968297292
4,34,0,17,19,-1.0226790056244919
4,34,0,17,44,-1.0236066040447207
4,34,0,18,20,-1.0227867401263422
4,34,0,18,45,-1.0235907317021418
4,34,0,19,21,-1.0229131775154494
4,34,0,19,42,-1.023771857724453
4,34,0,19,43,-1.0237084451669909
4,34,0,19,44,-1.0236540621163008
4,34,0,20,3,-1.0211630300670227
4,34,0,20,22,-1.023060421324065
4,34,0,20,42,-1.0238097419489887
4,34,0,21,3,-1.0210985713685956
4,34,0,21,4,-1.0211423953921002
4,34,0,21,23,-1.0232307991981509
4,34,0,21,24,-1.023368259934406
4,34,0,21,41,-1.0239503558688587
4,34,0,22,3,-1.0209983002905703
4,34,0,22,4,-1.021041003405037
4,34,0,22,25,-1.0235757797508265
4,34,0,22,38,-1.02444283919927
4,34,0,22,39,-1.0243793767668348
4,34,0,22,40,-1.0243079530983425
4,34,0,23,2,-1.0207792519090766
4,34,0,23,3,-1.0208633372717395
4,34,0,23,4,-1.0209280001006165
4,34,0,23,5,-1.0209965501700073
4,34,0,23,26,-1.0238128606411425
4,34,0,23,37,-1.0246771369341596
4,34,0,24,2,-1.0207031793582046
4,34,0,24,3,-1.0207557948974206
4,34,0,24,4,-1.0208191053689553
4,34,0,24,5,-1.0208895062293282
4,34,0,24,6,-1.02096759230456
4,34,0,24,7,-1.0210534824922586
4,34,0,24,27,-1.0240832161828946
4,34,0,24,28,-1.024243341986789
4,34,0,24,35,-1.0249162942150039
4,34,0,24,36,-1.0249180719954603
4,34,0,25,1,-1.020505747812134
4,34,0,25,2,-1.0205824999347952
4,34,0,25,3,-1.0206455633480962
4,34,0,25,4,-1.020711118865395
4,34,0,25,5,-1.0207827931897764
4,34,0,25,6,-1.0208620333071101
4,34,0,25,7,-1.0209495604460632
4,34,0,25,8,-1.0210460023003243
4,34,0,25,9,-1.0211510854063603
4,34,0,25,10,-1.0212655803391504
4,34,0,25,29,-1.0245600626523137
4,34,0,25,30,-1.0247143223388544
4,34,0,25,34,-1.0251290035342029
4,34,0,26,1,-1.0204370058840257
4,34,0,26,2,-1.0204835053396384
4,34,0,26,3,-1.0205408345981384
4,34,0,26,4,-1.020605027026948
4,34,0,26,5,-1.0206765368555957
4,34,0,26,6,-1.0207562119432205
4,34,0,26,7,-1.0208447418035564
4,34,0,26,8,-1.0209426772191952
4,34,0,26,9,-1.021050348868905
4,34,0,26,10,-1.0211683085939647
4,34,0,26,11,-1.0212971201270817
4,34,0,26,12,-1.021436544069396
4,34,0,26,31,-1.0250765953577552
4,34,0,26,32,-1.0252124557152698
4,34,0,26,33,-1.025324130076575
4,34,0,27,0,-1.0202662237895603
4,34,0,27,1,-1.0203297709017838
4,34,0,27,2,-1.0203816846442133
4,34,0,27,3,-1.0204372399619814
4,34,0,27,4,-1.0204996457297995
4,34,0,27,5,-1.0205701454618976
4,34,0,27,6,-1.020649560868889
4,34,0,27,7,-1.0207385395640924
4,34,0,27,8,-1.0208376380421365
4,34,0,27,9,-1.0209473473125823
4,34,0,27,10,-1.0210682052048523
4,34,0,27,11,-1.0212007554139428
4,34,0,27,12,-1.0213455017379238
4,34,0,27,32,-1.0254865112171572
4,34,0,28,0,-1.020210684613267
4,34,0,28,1,-1.0202421677267124
4,34,0,28,2,-1.0202842215130667
4,34,0,28,3,-1.0203348168205661
4,34,0,28,4,-1.0203942002328195
4,34,0,28,5,-1.0204628714408803
4,34,0,28,6,-1.0205413735910909
4,34,0,28,7,-1.0206302439333463
4,34,0,28,8,-1.0207300171420188
4,34,0,28,9,-1.0208412281483261
4,34,0,28,10,-1.0209644367378694
4,34,0,28,11,-1.0211002176548782
4,34,0,28,12,-1.0212491475855214
4,34,0,28,13,-1.0214117853344389
4,34,0,28,32,-1.025791552251668
4,34,0,28,33,-1.0259556422769156
4,34,0,29,0,-1.0201316679795782
4,34,0,29,1,-1.0201519980685871
4,34,0,29,2,-1.0201862175602259
4,34,0,29,3,-1.0202316354072596
4,34,0,29,4,-1.0202874998541043
4,34,0,29,5,-1.020353801695328
4,34,0,29,6,-1.0204308480924813
4,34,0,29,7,-1.0205190766028462
4,34,0,29,8,-1.0206189942954151
4,34,0,29,9,-1.0207311498652456
4,34,0,29,10,-1.0208561297879493
4,34,0,29,11,-1.020994559185072
4,34,0,29,12,-1.0211471154196805
4,34,0,29,13,-1.0213145390191263
4,34,0,29,31,-1.0259023649441068
4,34,0,30,0,-1.0200403273713927
4,34,0,30,1,-1.0200559449995485
4,34,0,30,2,-1.0200850205270227
4,34,0,30,3,-1.0201260415233575
4,34,0,30,4,-1.020178397895058
4,34,0,30,5,-1.0202420246129555
4,34,0,30,6,-1.020317173436396
4,34,0,30,7,-1.020404255969935
4,34,0,30,8,-1.020503775928405
4,34,0,30,9,-1.020616292787248
4,34,0,30,10,-1.0207424134920264
4,34,0,30,11,-1.0208828070680713
4,34,0,30,12,-1.0210382498486221
4,34,0,30,13,-1.0212096925212368
4,34,0,30,31,-1.0262258583139157
4,34,0,31,0,-1.0199413760545444
4,34,0,31,1,-1.0199544416825
4,34,0,31,2,-1.0199798878509634
4,34,0,31,3,-1.0200171502791464
4,34,0,31,4,-1.0200660641005244
4,34,0,31,5,-1.0201267644805507
4,34,0,31,6,-1.0201996007432084
4,34,0,31,7,-1.0202850380811685
4,34,0,31,8,-1.0203836090309373
4,34,0,31,9,-1.0204958841265546
4,34,0,31,10,-1.0206224704661766
4,34,0,31,11,-1.0207640434982406
4,34,0,31,12,-1.0209214219284186
4,34,0,31,13,-1.0210956814550645
4,34,0,31,30,-1.026248396088725
4,34,0,32,0,-1.019837366678966
4,34,0,32,1,-1.0198485669962747
4,34,0,32,2,-1.0198709531656776
4,34,0,32,3,-1.0199046496048922
4,34,0,32,4,-1.0199499849814486
4,34,0,32,5,-1.0200074092950082
4,34,0,32,6,-1.020077464959622
4,34,0,32,7,-1.020160730326461
4,34,0,32,8,-1.0202577915670974
4,34,0,32,9,-1.0203692225887349
4,34,0,32,10,-1.020495592558589
4,34,0,32,11,-1.0206375165412733
4,34,0,32,12,-1.0207957534831436
4,34,0,32,13,-1.0209712915036488
4,34,0,32,14,-1.021165290805928
4,34,0,32,30,-1.0265748114876245
4,34,0,33,0,-1.0197301649995087
4,34,0,33,1,-1.0197395168988608
4,34,0,33,2,-1.01975872645026
4,34,0,33,3,-1.0197885559216906
4,34,0,33,4,-1.0198298610218888
4,34,0,33,5,-1.019883465463758
4,34,0,33,6,-1.0199501593871616
4,34,0,33,7,-1.02003067311633
4,34,0,33,8,-1.020125661933063
4,34,0,33,9,-1.02023568558085
4,34,0,33,10,-1.020361217553937
4,34,0,33,11,-1.0205027226075438
4,34,0,33,12,-1.0206608271454216
4,34,0,33,13,-1.0208364934609027
4,34,0,33,14,-1.021031150599673
4,34,0,33,30,-1.0269409699000716
4,34,0,33,31,-1.0273321564162872
4,34,0,33,32,-1.02767076255796
4,34,0,33,33,-1.0279558800492583
4,34,0,34,0,-1.019621619628107
4,34,0,34,1,-1.0196286204827012
4,34,0,34,2,-1.0196439012488834
4,34,0,34,3,-1.0196690362777958
4,34,0,34,4,-1.0197054847842624
4,34,0,34,5,-1.0197544770234424
4,34,0,34,6,-1.019817075692417
4,34,0,34,7,-1.0198941890324649
4,34,0,34,8,-1.0199865576202978
4,34,0,34,9,-1.0200947073325437
4,34,0,34,10,-1.0202189305411102
4,34,0,34,11,-1.0203593788211602
4,34,0,34,12,-1.0205163846873977
4,34,0,34,13,-1.020690759428726
4,34,0,34,14,-1.0208840186949386
4,34,0,34,15,-1.0210981949218318
4,34,0,34,30,-1.027309494349367
4,34,0,34,31,-1.0277166478620856
4,34,0,34,33,-1.0283492647404382
4,34,0,35,0,-1.019514081496047
4,34,0,35,1,-1.0195174558819953
4,34,0,35,2,-1.0195272452998239
4,34,0,35,3,-1.0195462559054516
4,34,0,35,4,-1.0195766147061585
4,34,0,35,5,-1.0196199296265314
4,34,0,35,6,-1.0196775211116333
4,34,0,35,7,-1.0197504992652642
4,34,0,35,8,-1.0198397333653133
4,34,0,35,9,-1.0199457242779133
4,34,0,35,10,-1.0200684822139148
4,34,0,35,11,-1.0202075302431284
4,34,0,35,12,-1.0203626216340969
4,34,0,35,13,-1.020534197361359
4,34,0,35,14,-1.0207240415108287
4,34,0,35,15,-1.02093437409769
4,34,0,35,16,-1.0211691360272495
4,34,0,35,19,-1.022040461580305
4,34,0,35,20,-1.0223969620237197
4,34,0,35,21,-1.022793251065553
4,34,0,35,23,-1.0237283823085497
4,34,0,35,24,-1.0242586177837827
4,34,0,35,25,-1.024827475484556
4,34,0,35,33,-1.0287055035170745
4,34,0,36,0,-1.019411176642276
4,34,0,36,1,-1.0194078878356767
4,34,0,36,2,-1.0194093925349077
4,34,0,36,3,-1.0194201818521265
4,34,0,36,4,-1.0194428405014706
4,34,0,36,5,-1.0194791560502177
4,34,0,36,6,-1.0195306267265856
4,34,0,36,7,-1.0195986049020136
4,34,0,36,8,-1.0196842134604347
4,34,0,36,9,-1.019788042196122
4,34,0,36,10,-1.0199098082153035
4,34,0,36,11,-1.0200476933870959
4,34,0,36,12,-1.0202004253514532
4,34,0,36,13,-1.020367425583103
4,34,0,36,14,-1.0205516489648516
4,34,0,36,15,-1.0207542085612373
4,34,0,36,16,-1.0209790039981688
4,34,0,36,17,-1.0212332320516806
4,34,0,36,18,-1.0215214327684368
4,34,0,36,22,-1.0231166092233388
4,34,0,36,23,-1.0236606115592666
4,34,0,36,26,-1.0255931448376143
4,34,0,36,27,-1.026263399952965
4,34,0,36,32,-1.028772687506692
4,34,0,36,33,-1.0290501465645565
4,34,0,37,0,-1.0193195676153906
4,34,0,37,1,-1.0193015373258438
4,34,0,37,2,-1.01929027942114
4,34,0,37,3,-1.0192902925914404
4,34,0,37,4,-1.0193034616797727
4,34,0,37,5,-1.0193312801455514
4,34,0,37,6,-1.0193752760874586
4,34,0,37,7,-1.019437134588001
4,34,0,37,8,-1.019518534316507
4,34,0,37,9,-1.0196204879580808
4,34,0,37,10,-1.0197430778865233
4,34,0,37,11,-1.0198810657465327
4,34,0,37,12,-1.0200320144368542
4,34,0,37,13,-1.0201914184805243
4,34,0,37,14,-1.020359596410821
4,34,0,37,15,-1.0205443896367656
4,34,0,37,16,-1.0207557239903886
4,34,0,37,17,-1.0210008626766234
4,34,0,37,28,-1.0271408624279752
4,34,0,37,29,-1.0277927740105282
4,34,0,37,30,-1.0283437473789956
4,34,0,37,31,-1.0287861145106663
4,34,0,37,32,-1.0291281397739025
4,34,0,38,0,-1.0192539952565138
4,34,0,38,1,-1.0191964247991074
4,34,0,38,2,-1.0191679190189302
4,34,0,38,3,-1.0191552982756715
4,34,0,38,4,-1.0191574828278538
4,34,0,38,5,-1.0191752794251316
4,34,0,38,6,-1.0192101192075178
4,34,0,38,7,-1.0192641814625854
4,34,0,38,8,-1.019340362256627
4,34,0,38,9,-1.019440359026398
4,34,0,38,10,-1.0195603138562694
4,34,0,38,11,-1.0196924841734336
4,34,0,38,12,-1.0198365103773948
4,34,0,38,13,-1.0199841307779598
4,34,0,38,14,-1.0201303401218504
4,34,0,38,15,-1.0202733369995407
4,34,0,39,1,-1.0190702507813485
4,34,0,39,2,-1.0190376822634524
4,34,0,39,3,-1.0190135207331563
4,34,0,39,4,-1.0190039415723564
4,34,0,39,5,-1.0190102891505637
4,34,0,39,6,-1.0190338005037267
4,34,0,39,7,-1.0190771702662096
4,34,0,39,8,-1.019140012729549
4,34,0,39,9,-1.019220229026118
4,34,0,39,10,-1.0193236696923693
4,34,0,39,11,-1.0194438776976804
4,34,0,39,12,-1.0195852036921884
4,34,0,39,13,-1.0197163149350454
4,34,0,40,1,-1.018984648488013
4,34,0,40,2,-1.0189070455457743
4,34,0,40,3,-1.018865180947977
4,34,0,40,4,-1.0188425214118826
4,34,0,40,5,-1.018836186984213
4,34,0,40,6,-1.0188456837843645
4,34,0,40,7,-1.0188693938421185
4,34,0,40,8,-1.0188962606872458
4,34,0,40,9,-1.018912840777118
4,34,0,40,10,-1.0188718052552053
4,34,0,40,11,-1.0189063380189152
4,34,0,41,2,-1.0187486709493845
4,34,0,41,3,-1.018705641817025
4,34,0,41,4,-1.0186727955604487
4,34,0,41,5,-1.0186523296814674
4,34,0,41,6,-1.0186388200811163
4,34,0,41,7,-1.0186231792284777
4,34,0,41,8,-1.0185809097127467
4,34,0,41,9,-1.018304848596145
4,34,0,42,2,-1.018641325554736
4,34,0,42,3,-1.0185388765039427
4,34,0,42,4,-1.0184783179189996
4,34,0,42,5,-1.0184282312509658
4,34,0,42,6,-1.0183725244609114
4,34,0,42,7,-1.0182767429481208
4,34,0,43,3,-1.0182995304548106
4,34,0,43,4,-1.018220878431803
4,34,0,43,5,-1.018112384761472
4,34,0,43,6,-1.0179165188778658
4,34,0,44,3,-1.018097546763769
4,34,0,44,4,-1.0178777970559352
4,35,0,10,55,-1.0134962880430054
4,35,0,11,54,-1.0135010446614148
4,35,0,12,9,-1.0121934324365853
4,35,0,12,53,-1.0135078488985914
4,35,0,13,9,-1.0121393199880497
4,35,0,13,52,-1.0135171987913152
4,35,0,14,10,-1.012149191060735
4,35,0,14,11,-1.012215353130471
4,35,0,14,12,-1.0122842588810435
4,35,0,14,13,-1.0123555128958481
4,35,0,14,14,-1.0124289626843488
4,35,0,14,15,-1.012504674527359
4,35,0,14,52,-1.013523000654408
4,35,0,15,16,-1.012557500978655
4,35,0,15,45,-1.0136398306319656
4,35,0,15,46,-1.0136160208862193
4,35,0,15,47,-1.0135950052369558
4,35,0,15,48,-1.0135765374613175
4,35,0,15,49,-1.013560606839839
4,35,0,15,50,-1.0135472393994005
4,35,0,15,51,-1.01353673890853
4,35,0,16,17,-1.012623403170149
4,35,0,16,18,-1.0127150286627413
4,35,0,16,45,-1.0136606468487237
4,35,0,16,51,-1.0135451147900743
4,35,0,17,19,-1.0128045940296175
4,35,0,17,44,-1.0137173794201406
4,35,0,18,20,-1.0129107393519905
4,35,0,18,45,-1.0137014827654778
4,35,0,19,21,-1.0130353819491453
4,35,0,19,42,-1.0138810191586856
4,35,0,19,43,-1.0138181436020313
4,35,0,19,44,-1.0137642362535098
4,35,0,20,3,-1.0113018574505934
4,35,0,20,22,-1.0131806218930326
4,35,0,20,42,-1.013918499988922
4,35,0,21,3,-1.0112378392254013
4,35,0,21,4,-1.0112813195562669
4,35,0,21,23,-1.013348783043292
4,35,0,21,24,-1.013484732968654
4,35,0,21,41,-1.0140579206347744
4,35,0,22,3,-1.0111382694567268
4,35,0,22,4,-1.0111806131707726
4,35,0,22,25,-1.0136897267064833
4,35,0,22,38,-1.0145462369377272
4,35,0,22,39,-1.0144832347463337
4,35,0,22,40,-1.0144123939190417
4,35,0,23,2,-1.010920863403285
4,35,0,23,3,-1.0110042834242312
4,35,0,23,4,-1.0110683863474728
4,35,0,23,5,-1.0111363079107523
4,35,0,23,26,-1.0139240323737555
4,35,0,23,37,-1.0147782667246288
4,35,0,24,2,-1.0108453624663871
4,35,0,24,3,-1.010897513632302
4,35,0,24,4,-1.0109602260120858
4,35,0,24,5,-1.0110299557398335
4,35,0,24,6,-1.0111074098260164
4,35,0,24,7,-1.0111926329852734
4,35,0,24,27,-1.0141913181499722
4,35,0,24,28,-1.0143497584311834
4,35,0,24,35,-1.0150150550782608
4,35,0,24,36,-1.0150167867680187
4,35,0,25,1,-1.0106495059882756
4,35,0,25,2,-1.0107256188007028
4,35,0,25,3,-1.0107880832457812
4,35,0,25,4,-1.0108529300108409
4,35,0,25,5,-1.0109239458267516
4,35,0,25,6,-1.011002539518948
4,35,0,25,7,-1.0110893761287307
4,35,0,25,8,-1.01118502340893
4,35,0,25,9,-1.0112891728242708
4,35,0,25,10,-1.0114025544940344
4,35,0,25,29,-1.0146629722836422
4,35,0,25,30,-1.0148155660486455
4,35,0,25,34,-1.0152256189223603
4,35,0,26,1,-1.0105813057818345
4,35,0,26,2,-1.0106273645052302
4,35,0,26,3,-1.010684088005216
4,35,0,26,4,-1.010747553598409
4,35,0,26,5,-1.0108184118863717
4,35,0,26,6,-1.0108974306475433
4,35,0,26,7,-1.0109852428858823
4,35,0,26,8,-1.0110823675922471
4,35,0,26,9,-1.0111890910638501
4,35,0,26,10,-1.0113059122380863
4,35,0,26,11,-1.011433378684822
4,35,0,26,12,-1.0115712997303425
4,35,0,26,31,-1.015173941686139
4,35,0,26,32,-1.0153083358321136
4,35,0,26,33,-1.0154188095910943
4,35,0,27,0,-1.010411934694802
4,35,0,27,1,-1.0104749346245467
4,35,0,27,2,-1.0105263104621325
4,35,0,27,3,-1.010581164344975
4,35,0,27,4,-1.0106429108218034
4,35,0,27,5,-1.0107127660895967
4,35,0,27,6,-1.0107915124012665
4,35,0,27,7,-1.0108797521392692
4,35,0,27,8,-1.010978026165414
4,35,0,27,9,-1.011086776887765
4,35,0,27,10,-1.0112064772792961
4,35,0,27,11,-1.0113376452461273
4,35,0,27,12,-1.0114808256673837
4,35,0,27,32,-1.0155795854796013
4,35,0,28,0,-1.01035684215784
4,35,0,28,1,-1.0103880147422684
4,35,0,28,2,-1.0104295848738798
4,35,0,28,3,-1.010479481004955
4,35,0,28,4,-1.0105382375083078
4,35,0,28,5,-1.0106062684467991
4,35,0,28,6,-1.0106840893891416
4,35,0,28,7,-1.0107722048257528
4,35,0,28,8,-1.0108711435662883
4,35,0,28,9,-1.0109813896561055
4,35,0,28,10,-1.0111034278678135
4,35,0,28,11,-1.011237797303351
4,35,0,28,12,-1.0113851128329905
4,35,0,28,13,-1.0115460125423668
4,35,0,28,32,-1.015881534849745
4,35,0,28,33,-1.0160439727848218
4,35,0,29,0,-1.0102784604022081
4,35,0,29,1,-1.0102985580998127
4,35,0,29,2,-1.0103323435947613
4,35,0,29,3,-1.0103770934968586
4,35,0,29,4,-1.0104323523334153
4,35,0,29,5,-1.0104980173802725
4,35,0,29,6,-1.0105743730949173
4,35,0,29,7,-1.0106618346654268
4,35,0,29,8,-1.0107609111617426
4,35,0,29,9,-1.010872099574839
4,35,0,29,10,-1.010995902640646
4,35,0,29,11,-1.0111328996184703
4,35,0,29,12,-1.011283801282292
4,35,0,29,13,-1.0114494298446925
4,35,0,29,31,-1.0159912083543972
4,35,0,30,0,-1.0101878595068894
4,35,0,30,1,-1.01020327770721
4,35,0,30,2,-1.0102319551768906
4,35,0,30,3,-1.0102723430491787
4,35,0,30,4,-1.0103241153924258
4,35,0,30,5,-1.010387111905268
4,35,0,30,6,-1.0104615644444421
4,35,0,30,7,-1.0105478712962646
4,35,0,30,8,-1.0106465462159835
4,35,0,30,9,-1.0107580979679234
4,35,0,30,10,-1.0108830422585526
4,35,0,30,11,-1.0110219915994327
4,35,0,30,12,-1.0111757494081486
4,35,0,30,13,-1.011345349192481
4,35,0,30,31,-1.016311442947189
4,35,0,31,0,-1.0100897199833148
4,35,0,31,1,-1.0101026050206807
4,35,0,31,2,-1.0101276815474964
4,35,0,31,3,-1.0101643465839911
4,35,0,31,4,-1.0102127022749665
4,35,0,31,5,-1.0102727850168443
4,35,0,31,6,-1.0103449245513636
4,35,0,31,7,-1.0104295809582533
4,35,0,31,8,-1.0105273057634987
4,35,0,31,9,-1.010638622021727
4,35,0,31,10,-1.0107640395632724
4,35,0,31,11,-1.0109041665470642
4,35,0,31,12,-1.0110598414520986
4,35,0,31,13,-1.0112322238252982
4,35,0,31,30,-1.0163336998251655
4,35,0,32,0,-1.009986577102704
4,35,0,32,1,-1.0099976117705092
4,35,0,32,2,-1.01001965498579
4,35,0,32,3,-1.010052793353901
4,35,0,32,4,-1.0100976034887819
4,35,0,32,5,-1.0101544312406405
4,35,0,32,6,-1.0102237968466976
4,35,0,32,7,-1.0103062806322765
4,35,0,32,8,-1.0104024974734638
4,35,0,32,9,-1.0105129795436005
4,35,0,32,10,-1.010638194878313
4,35,0,32,11,-1.0107786811347568
4,35,0,32,12,-1.010935209388413
4,35,0,32,13,-1.011108853626865
4,35,0,32,14,-1.0113008562651433
4,35,0,32,30,-1.016656872142675
4,35,0,33,0,-1.009880283813274
4,35,0,33,1,-1.009889485896162
4,35,0,33,2,-1.0099083820199608
4,35,0,33,3,-1.0099376992329248
4,35,0,33,4,-1.0099785212497228
4,35,0,33,5,-1.010031561260652
4,35,0,33,6,-1.0100975818291213
4,35,0,33,7,-1.010177320221394
4,35,0,33,8,-1.0102714698436652
4,35,0,33,9,-1.0103805568129252
4,35,0,33,10,-1.010504952848812
4,35,0,33,11,-1.0106450371881344
4,35,0,33,12,-1.010801440735302
4,35,0,33,13,-1.010975211847077
4,35,0,33,14,-1.0111678669636672
4,35,0,33,30,-1.0170194305793734
4,35,0,33,31,-1.0174067870733472
4,35,0,33,32,-1.0177420962404495
4,35,0,33,33,-1.018024456657556
4,35,0,34,0,-1.0097726758005476
4,35,0,34,1,-1.0097795479472385
4,35,0,34,2,-1.0097945525267884
4,35,0,34,3,-1.0098192299469506
4,35,0,34,4,-1.009855248355383
4,35,0,34,5,-1.009903721402252
4,35,0,34,6,-1.009965677003169
4,35,0,34,7,-1.0100420318153713
4,35,0,34,8,-1.0101335714226074
4,35,0,34,9,-1.0102407975176415
4,35,0,34,10,-1.0103639044836952
4,35,0,34,11,-1.0105029546983901
4,35,0,34,12,-1.0106582797090264
4,35,0,34,13,-1.0108307771216385
4,35,0,34,14,-1.011022055361781
4,35,0,34,15,-1.0112341630413588
4,35,0,34,30,-1.0173843660278035
4,35,0,34,31,-1.01778751989299
4,35,0,34,33,-1.018413985005609
4,35,0,35,0,-1.0096660864758493
4,35,0,35,1,-1.0096693662361442
4,35,0,35,2,-1.0096789321306674
4,35,0,35,3,-1.0096975514529174
4,35,0,35,4,-1.0097275442033504
4,35,0,35,5,-1.0097703985608921
4,35,0,35,6,-1.0098273937506714
4,35,0,35,7,-1.0098996455676488
4,35,0,35,8,-1.0099880687956018
4,35,0,35,9,-1.010093148458966
4,35,0,35,10,-1.0102148056925924
4,35,0,35,11,-1.0103524785275444
4,35,0,35,12,-1.0105059191578412
4,35,0,35,13,-1.0106756566018213
4,35,0,35,14,-1.0108635689322225
4,35,0,35,15,-1.011071894328184
4,35,0,35,16,-1.0113044609972772
4,35,0,35,19,-1.0121672358897016
4,35,0,35,20,-1.0125201492407996
4,35,0,35,21,-1.0129124703478358
4,35,0,35,23,-1.013838379576744
4,35,0,35,24,-1.0143634754716828
4,35,0,35,25,-1.0149268353886955
4,35,0,35,33,-1.0187667406763408
4,35,0,36,0,-1.0095641115182965
4,35,0,36,1,-1.0095607934231339
4,35,0,36,2,-1.0095621567574165
4,35,0,36,3,-1.0095726386413506
4,35,0,36,4,-1.009595004128885
4,35,0,36,5,-1.0096309280253633
4,35,0,36,6,-1.0096818658157165
4,35,0,36,7,-1.0097491704475603
4,35,0,36,8,-1.009833998206934
4,35,0,36,9,-1.0099369264474
4,35,0,36,10,-1.010057596102428
4,35,0,36,11,-1.010194121081496
4,35,0,36,12,-1.0103452373061745
4,35,0,36,13,-1.0105104626033972
4,35,0,36,14,-1.0106928306091694
4,35,0,36,15,-1.0108934728343797
4,35,0,36,16,-1.0111161792004515
4,35,0,36,17,-1.0113679921014682
4,35,0,36,18,-1.0116533762373188
4,35,0,36,22,-1.0132326583048097
4,35,0,36,23,-1.0137713198755163
4,35,0,36,26,-1.0156851330294303
4,35,0,36,27,-1.0163488224828432
4,35,0,36,32,-1.018833306381908
4,35,0,36,33,-1.0191080399358914
4,35,0,37,0,-1.0094733510665672
4,35,0,37,1,-1.0094554388128114
4,35,0,37,2,-1.0094441736314674
4,35,0,37,3,-1.009443994198308
4,35,0,37,4,-1.0094569428564044
4,35,0,37,5,-1.0094844423226843
4,35,0,37,6,-1.0095279819741594
4,35,0,37,7,-1.0095892446804353
4,35,0,37,8,-1.0096699093667973
4,35,0,37,9,-1.009770971481963
4,35,0,37,10,-1.0098924466976833
4,35,0,37,11,-1.0100290703599037
4,35,0,37,12,-1.0101784327934822
4,35,0,37,13,-1.0103361596599034
4,35,0,37,14,-1.010502659336133
4,35,0,37,15,-1.0106857207262792
4,35,0,37,16,-1.010895108358987
4,35,0,37,17,-1.011137934026647
4,35,0,37,28,-1.0172177412558698
4,35,0,37,29,-1.0178632111748738
4,35,0,37,30,-1.0184087351859432
4,35,0,37,31,-1.0188467285301508
4,35,0,37,32,-1.019185356927043
4,35,0,38,0,-1.0094084001246313
4,35,0,38,1,-1.0093513387925506
4,35,0,38,2,-1.009323021865669
4,35,0,38,3,-1.0093103896446183
4,35,0,38,4,-1.0093123891762703
4,35,0,38,5,-1.0093299418088
4,35,0,38,6,-1.0093644191813564
4,35,0,38,7,-1.0094179841970852
4,35,0,38,8,-1.0094934925238277
4,35,0,38,9,-1.0095926081583984
4,35,0,38,10,-1.0097114637640916
4,35,0,38,11,-1.0098423352911758
4,35,0,38,12,-1.0099848620787426
4,35,0,38,13,-1.0101309390283117
4,35,0,38,14,-1.0102757010594825
4,35,0,38,15,-1.0104173892121306
4,35,0,39,1,-1.00922638385727
4,35,0,39,2,-1.009194076876425
4,35,0,39,3,-1.0091700425878776
4,35,0,39,4,-1.0091603803574705
4,35,0,39,5,-1.009166571829179
4,35,0,39,6,-1.009189831103426
4,35,0,39,7,-1.0092328165112832
4,35,0,39,8,-1.0092951279769948
4,35,0,39,9,-1.009374660048803
4,35,0,39,10,-1.0094771769356938
4,35,0,39,11,-1.0095962286020537
4,35,0,39,12,-1.0097361061389114
4,35,0,39,13,-1.0098658564197658
4,35,0,40,1,-1.0091416236575965
4,35,0,40,2,-1.0090647477452572
4,35,0,40,3,-1.0090232160585022
4,35,0,40,4,-1.0090006501511444
4,35,0,40,5,-1.008994215591231
4,35,0,40,6,-1.0090035820299952
4,35,0,40,7,-1.0090271042758043
4,35,0,40,8,-1.009053810396267
4,35,0,40,9,-1.0090703676094168
4,35,0,40,10,-1.0090299150733482
4,35,0,40,11,-1.0090641960446294
4,35,0,41,2,-1.0089079573293995
4,35,0,41,3,-1.0088653049086476
4,35,0,41,4,-1.0088326777988679
4,35,0,41,5,-1.0088122350989648
4,35,0,41,6,-1.0087987905809106
4,35,0,41,7,-1.0087833415333491
4,35,0,41,8,-1.0087416213441067
4,35,0,41,9,-1.0084686016717523
4,35,0,42,2,-1.008801701870676
4,35,0,42,3,-1.0087002555846762
4,35,0,42,4,-1.0086402264515362
4,35,0,42,5,-1.0085904983934766
4,35,0,42,6,-1.0085351853040663
4,35,0,42,7,-1.008440376478999
4,35,0,43,3,-1.0084633664089162
4,35,0,43,4,-1.0083854594881705
4,35,0,43,5,-1.0082779321278923
4,35,0,43,6,-1.00808384084625
4,35,0,44,3,-1.0082634687233496
4,35,0,44,4,-1.0080459443290344
4,36,0,10,55,-1.0037122972849335
4,36,0,11,54,-1.003717021057331
4,36,0,12,9,-1.0024266908545003
4,36,0,12,53,-1.0037237903305225
4,36,0,13,9,-1.0023730222221328
4,36,0,13,52,-1.003733052243189
4,36,0,14,10,-1.0023828130150236
4,36,0,14,11,-1.0024483986841843
4,36,0,14,12,-1.0025166769279739
4,36,0,14,13,-1.0025872598496397
4,36,0,14,14,-1.0026600006464241
4,36,0,14,15,-1.0027349721522394
4,36,0,14,52,-1.003738752580537
4,36,0,15,16,-1.0027871404900937
4,36,0,15,45,-1.0038549246626454
4,36,0,15,46,-1.0038312041853248
4,36,0,15,47,-1.0038102932536546
4,36,0,15,48,-1.0037919376567206
4,36,0,15,49,-1.0037761078728147
4,36,0,15,50,-1.0037628169454147
4,36,0,15,51,-1.0037523650523599
4,36,0,16,17,-1.002852238519244
4,36,0,16,18,-1.0029429381614545
4,36,0,16,45,-1.0038754944512764
4,36,0,16,51,-1.003760624856192
4,36,0,17,19,-1.0030314224254766
4,36,0,17,44,-1.0039318175603957
4,36,0,18,20,-1.0031362984341166
4,36,0,18,45,-1.0039158733084754
4,36,0,19,21,-1.0032594724867523
4,36,0,19,42,-1.0040941644980883
4,36,0,19,43,-1.0040317372969583
4,36,0,19,44,-1.0039781761560247
4,36,0,20,3,-1.0015425220831877
4,36,0,20,22,-1.0034030324921994
4,36,0,20,42,-1.004131268377576
4,36,0,21,3,-1.0014790478750317
4,36,0,21,4,-1.0015221583699094
4,36,0,21,23,-1.003569287759557
4,36,0,21,24,-1.0037038091538355
4,36,0,21,41,-1.004269477449243
4,36,0,22,3,-1.0013803268549097
4,36,0,22,4,-1.0014223051684898
4,36,0,22,25,-1.0039065421669657
4,36,0,22,38,-1.0047534272775764
4,36,0,22,39,-1.004690963255759
4,36,0,22,40,-1.0046207553840008
4,36,0,23,2,-1.0011647910521386
4,36,0,23,3,-1.0012474915711245
4,36,0,23,4,-1.0013110381130765
4,36,0,23,5,-1.001378371860408
4,36,0,23,26,-1.0041383159944122
4,36,0,23,37,-1.004983298109675
4,36,0,24,2,-1.0010899502123631
4,36,0,24,3,-1.0011416450266437
4,36,0,24,4,-1.0012038049699203
4,36,0,24,5,-1.0012729155739832
4,36,0,24,6,-1.0013496478316972
4,36,0,24,7,-1.0014340666176413
4,36,0,24,27,-1.0044027692782416
4,36,0,24,28,-1.004559562218132
4,36,0,24,35,-1.005217912143371
4,36,0,24,36,-1.0052195696444362
4,36,0,25,1,-1.0008958216361268
4,36,0,25,2,-1.0009712637033468
4,36,0,25,3,-1.0010331742074894
4,36,0,25,4,-1.0010974422179781
4,36,0,25,5,-1.001167797672721
4,36,0,25,6,-1.0012456530323632
4,36,0,25,7,-1.0013316735065219
4,36,0,25,8,-1.0014264105134025
4,36,0,25,9,-1.001529550268333
4,36,0,25,10,-1.0016418227274466
4,36,0,25,29,-1.0048695357132187
4,36,0,25,30,-1.0050205642905596
4,36,0,25,34,-1.0054264441869112
4,36,0,26,1,-1.000828234448749
4,36,0,26,2,-1.0008738828499362
4,36,0,26,3,-1.0009300935064607
4,36,0,26,4,-1.0009929707473828
4,36,0,26,5,-1.0010631527555807
4,36,0,26,6,-1.0011414275215997
4,36,0,26,7,-1.0012284185234657
4,36,0,26,8,-1.0013246203650634
4,36,0,26,9,-1.0014303055362836
4,36,0,26,10,-1.0015459776952393
4,36,0,26,11,-1.0016721964246058
4,36,0,26,12,-1.0018087822074018
4,36,0,26,31,-1.0053753258854001
4,36,0,26,32,-1.0055083732733845
4,36,0,26,33,-1.0056177448440646
4,36,0,27,0,-1.0006603844824074
4,36,0,27,1,-1.0007228261483918
4,36,0,27,2,-1.000773741178439
4,36,0,27,3,-1.0008280896118393
4,36,0,27,4,-1.0008892336735165
4,36,0,27,5,-1.0009584079519367
4,36,0,27,6,-1.0010364104630562
4,36,0,27,7,-1.0011238272110272
4,36,0,27,8,-1.0012211683807042
4,36,0,27,9,-1.0013288584265587
4,36,0,27,10,-1.0014473766323533
4,36,0,27,11,-1.0015772559223228
4,36,0,27,12,-1.0017190472020285
4,36,0,27,32,-1.0057769391307578
4,36,0,28,0,-1.0006057937693036
4,36,0,28,1,-1.0006366897524592
4,36,0,28,2,-1.0006778841089885
4,36,0,28,3,-1.0007273075653584
4,36,0,28,4,-1.0007854733138277
4,36,0,28,5,-1.0008528306505386
4,36,0,28,6,-1.0009299139176129
4,36,0,28,7,-1.0010172085455957
4,36,0,28,8,-1.0011152086986186
4,36,0,28,9,-1.0012243777432888
4,36,0,28,10,-1.0013452070705602
4,36,0,28,11,-1.0014782525751902
4,36,0,28,12,-1.0016241362978764
4,36,0,28,13,-1.0017834859676071
4,36,0,28,32,-1.0060759144745965
4,36,0,28,33,-1.006236755903057
4,36,0,29,0,-1.000528126066343
4,36,0,29,1,-1.0005480432241054
4,36,0,29,2,-1.0005815179185218
4,36,0,29,3,-1.0006258308285714
4,36,0,29,4,-1.00068052115914
4,36,0,29,5,-1.0007455278374222
4,36,0,29,6,-1.0008211572690717
4,36,0,29,7,-1.000907804646565
4,36,0,29,8,-1.0010059418479356
4,36,0,29,9,-1.0011160430381951
4,36,0,29,10,-1.0012386172549441
4,36,0,29,11,-1.0013742615436703
4,36,0,29,12,-1.0015236945916128
4,36,0,29,13,-1.0016877273171356
4,36,0,29,31,-1.0061845158753329
4,36,0,30,0,-1.000438353187812
4,36,0,30,1,-1.0004536307129517
4,36,0,30,2,-1.0004820390851854
4,36,0,30,3,-1.0005220210231671
4,36,0,30,4,-1.0005732498050885
4,36,0,30,5,-1.0006356075989424
4,36,0,30,6,-1.0007093496442423
4,36,0,30,7,-1.0007948535413147
4,36,0,30,8,-1.0008925939418882
4,36,0,30,9,-1.0010030548263833
4,36,0,30,10,-1.0011267575050886
4,36,0,30,11,-1.0012643328516448
4,36,0,30,12,-1.0014165928791952
4,36,0,30,13,-1.0015845588481112
4,36,0,30,31,-1.0065016100810613
4,36,0,31,0,-1.0003411157519049
4,36,0,31,1,-1.000353881670321
4,36,0,31,2,-1.0003787187330164
4,36,0,31,3,-1.0004150056683998
4,36,0,31,4,-1.000462844073456
4,36,0,31,5,-1.0005223110734747
4,36,0,31,6,-1.0005937599667176
4,36,0,31,7,-1.000677629439954
4,36,0,31,8,-1.0007744303552546
4,36,0,31,9,-1.0008846590324105
4,36,0,31,10,-1.0010088298943431
4,36,0,31,11,-1.0011475699297345
4,36,0,31,12,-1.0013017274485791
4,36,0,31,13,-1.0014724499763827
4,36,0,31,30,-1.00652365809775
4,36,0,32,0,-1.0002389278688442
4,36,0,32,1,-1.0002498597727776
4,36,0,32,2,-1.0002716897993806
4,36,0,32,3,-1.0003044787826514
4,36,0,32,4,-1.0003488009264823
4,36,0,32,5,-1.0004050398389788
4,36,0,32,6,-1.000473738922478
4,36,0,32,7,-1.000555456748488
4,36,0,32,8,-1.0006507664340636
4,36,0,32,9,-1.0007601714156587
4,36,0,32,10,-1.0008841429309692
4,36,0,32,11,-1.0010232379980544
4,36,0,32,12,-1.0011782398375457
4,36,0,32,13,-1.0013502132251364
4,36,0,32,14,-1.0015403747336697
4,36,0,32,30,-1.0068436742087852
4,36,0,33,0,-1.0001336265428218
4,36,0,33,1,-1.00014274313662
4,36,0,33,2,-1.000161455495557
4,36,0,33,3,-1.0001904579558845
4,36,0,33,4,-1.0002308274594771
4,36,0,33,5,-1.00028331110685
4,36,0,33,6,-1.0003486940939865
4,36,0,33,7,-1.0004276925398357
4,36,0,33,8,-1.0005209578159098
4,36,0,33,9,-1.0006289852659074
4,36,0,33,10,-1.0007521478843904
4,36,0,33,11,-1.0008908449010818
4,36,0,33,12,-1.0010457225609308
4,36,0,33,13,-1.001217822993256
4,36,0,33,14,-1.0014086352608451
4,36,0,33,30,-1.00720270020847
4,36,0,33,31,-1.0075862623254508
4,36,0,33,32,-1.0079182855509912
4,36,0,33,33,-1.008197869815995
4,36,0,34,0,-1.0000270305864924
4,36,0,34,1,-1.0000338403435478
4,36,0,34,2,-1.0000486999581142
4,36,0,34,3,-1.0000731090380508
4,36,0,34,4,-1.000108720766538
4,36,0,34,5,-1.0001566779597688
4,36,0,34,6,-1.0002180306338537
4,36,0,34,7,-1.0002936765393773
4,36,0,34,8,-1.000384360198656
4,36,0,34,9,-1.0004905505113963
4,36,0,34,10,-1.0006124405874022
4,36,0,34,11,-1.0007501140985415
4,36,0,34,12,-1.0009039229523553
4,36,0,34,13,-1.0010747636359472
4,36,0,34,14,-1.0012642179200837
4,36,0,34,15,-1.0014742951289775
4,36,0,34,30,-1.0075640847365646
4,36,0,34,31,-1.0079632857490786
4,36,0,34,33,-1.0085835951858135
4,36,0,35,0,-0.9999214508104739
4,36,0,35,1,-0.9999247044317466
4,36,0,35,2,-0.9999341813731202
4,36,0,35,3,-0.9999525973123566
4,36,0,35,4,-0.9999822445704867
4,36,0,35,5,-1.0000246349025552
4,36,0,35,6,-1.000081069025409
4,36,0,35,7,-1.0001526481526783
4,36,0,35,8,-1.000240248429411
4,36,0,35,9,-1.0003443200083548
4,36,0,35,10,-1.0004647795523312
4,36,0,35,11,-1.0006010899433684
4,36,0,35,12,-1.0007530319541396
4,36,0,35,13,-1.000921141608579
4,36,0,35,14,-1.001107269701434
4,36,0,35,15,-1.0013136112708045
4,36,0,35,16,-1.001543938820233
4,36,0,35,19,-1.002398296391698
4,36,0,35,20,-1.0027477650581336
4,36,0,35,21,-1.0031362640644632
4,36,0,35,23,-1.0040531376807864
4,36,0,35,24,-1.0045730738516612
4,36,0,35,25,-1.0051308704135955
4,36,0,35,33,-1.0089329166213807
4,36,0,36,0,-0.9998204474147416
4,36,0,36,1,-0.9998171692493552
4,36,0,36,2,-0.9998185282330936
4,36,0,36,3,-0.9998288969389475
4,36,0,36,4,-0.9998509987389621
4,36,0,36,5,-0.9998865258314469
4,36,0,36,6,-0.9999369542855346
4,36,0,36,7,-1.0000036287340204
4,36,0,36,8,-1.000087670018401
4,36,0,36,9,-1.0001896179059704
4,36,0,36,10,-1.0003091044868333
4,36,0,36,11,-1.0004442785376715
4,36,0,36,12,-1.0005939181365775
4,36,0,36,13,-1.0007575629989633
4,36,0,36,14,-1.0009382103526614
4,36,0,36,15,-1.0011369547664484
4,36,0,36,16,-1.0013575299940738
4,36,0,36,17,-1.0016069058140062
4,36,0,36,18,-1.00188951249311
4,36,0,36,22,-1.0034534286018124
4,36,0,36,23,-1.0039868351701513
4,36,0,36,26,-1.005881774799946
4,36,0,36,27,-1.006538889349315
4,36,0,36,32,-1.0089988678036854
4,36,0,36,33,-1.0092708998474547
4,36,0,37,0,-0.9997305557006868
4,36,0,37,1,-0.9997128273385636
4,36,0,37,2,-0.9997016856945579
4,36,0,37,3,-0.9997015107768885
4,36,0,37,4,-0.9997143022794552
4,36,0,37,5,-0.9997414918890195
4,36,0,37,6,-0.9997845884254298
4,36,0,37,7,-0.9998452735477873
4,36,0,37,8,-0.9999251918508651
4,36,0,37,9,-1.0000252964185197
4,36,0,37,10,-1.0001455839207674
4,36,0,37,11,-1.000280853419957
4,36,0,37,12,-1.0004287561582346
4,36,0,37,13,-1.0005849816134378
4,36,0,37,14,-1.0007499284654275
4,36,0,37,15,-1.0009312822759662
4,36,0,37,16,-1.0011386843024204
4,36,0,37,17,-1.0013791718423015
4,36,0,37,28,-1.0073993428660086
4,36,0,37,29,-1.0080384262275828
4,36,0,37,30,-1.0085785528891191
4,36,0,37,31,-1.009012213026086
4,36,0,37,32,-1.0093475050281593
4,36,0,38,0,-0.999666228451734
4,36,0,38,1,-0.9996097338254801
4,36,0,38,2,-0.9995817087611407
4,36,0,38,3,-0.9995692109785452
4,36,0,38,4,-0.9995711867396099
4,36,0,38,5,-0.9995885383830082
4,36,0,38,6,-0.9996226610932679
4,36,0,38,7,-0.9996757208139381
4,36,0,38,8,-0.9997505305166046
4,36,0,38,9,-0.9998487079493478
4,36,0,38,10,-0.9999664042053896
4,36,0,38,11,-1.0000959788090689
4,36,0,38,12,-1.0002371126579046
4,36,0,38,13,-1.0003818129642799
4,36,0,38,14,-1.0005252546977212
4,36,0,38,15,-1.0006656656400492
4,36,0,39,1,-0.9994860003223028
4,36,0,39,2,-0.9994540258631144
4,36,0,39,3,-0.9994302480397073
4,36,0,39,4,-0.9994206966341681
4,36,0,39,5,-0.9994268173216461
4,36,0,39,6,-0.9994498391090793
4,36,0,39,7,-0.9994924183277126
4,36,0,39,8,-0.9995541582533115
4,36,0,39,9,-0.9996329530000149
4,36,0,39,10,-0.9997344796724049
4,36,0,39,11,-0.9998523511693505
4,36,0,39,12,-0.9999908639776521
4,36,0,39,13,-1.0001194152381476
4,36,0,40,1,-0.9994020715136614
4,36,0,40,2,-0.9993259731658966
4,36,0,40,3,-0.9992848751360852
4,36,0,40,4,-0.9992625564406556
4,36,0,40,5,-0.9992562101590254
4,36,0,40,6,-0.9992654904075225
4,36,0,40,7,-0.999288800701139
4,36,0,40,8,-0.9993152916214451
4,36,0,40,9,-0.9993317482038151
4,36,0,40,10,-0.999291762666576
4,36,0,40,11,-0.9993257330265154
4,36,0,41,2,-0.9991707477095915
4,36,0,41,3,-0.9991285431366441
4,36,0,41,4,-0.9990962754612043
4,36,0,41,5,-0.999076086659329
4,36,0,41,6,-0.9990628094741076
4,36,0,41,7,-0.9990475519565394
4,36,0,41,8,-0.9990063047734283
4,36,0,41,9,-0.9987361463968942
4,36,0,42,2,-0.9990655577966833
4,36,0,42,3,-0.9989651600041571
4,36,0,42,4,-0.9989057726400156
4,36,0,42,5,-0.9988566054784848
4,36,0,42,6,-0.9988019386703375
4,36,0,42,7,-0.9987081469288539
4,36,0,43,3,-0.9987306894162075
4,36,0,43,4,-0.9986536095376869
4,36,0,43,5,-0.9985472521260228
4,36,0,43,6,-0.9983552772537098
4,36,0,44,3,-0.9985328395449549
4,36,0,44,4,-0.9983175831028968
4,37,0,10,55,-0.9940318849144296
4,37,0,11,54,-0.994036570233711
4,37,0,12,9,-0.992758661263289
4,37,0,12,53,-0.99404327071945
4,37,0,13,9,-0.9927055700119785
4,37,0,13,52,-0.9940523858208258
4,37,0,14,10,-0.9927152506969166
4,37,0,14,11,-0.9927801132424998
4,37,0,14,12,-0.9928476482370713
4,37,0,14,13,-0.992917481970787
4,37,0,14,14,-0.9929894745270462
4,37,0,14,15,-0.9930637019178216
4,37,0,14,52,-0.9940579673816906
4,37,0,15,16,-0.9931154510109684
4,37,0,15,45,-0.9941731018097617
4,37,0,15,46,-0.9941495483734709
4,37,0,15,47,-0.9941287926516923
4,37,0,15,48,-0.99411058311075
4,37,0,15,49,-0.9940948903140457
4,37,0,15,50,-0.9940817261115948
4,37,0,15,51,-0.9940713870253719
4,37,0,16,17,-0.9931800672563373
4,37,0,16,18,-0.9932699579258026
4,37,0,16,45,-0.9941934531837048
4,37,0,16,51,-0.9940795533784743
4,37,0,17,19,-0.9933578081959858
4,37,0,17,44,-0.9942493175829578
4,37,0,18,20,-0.9934619122942737
4,37,0,18,45,-0.9942334343660871
4,37,0,19,21,-0.9935841256719438
4,37,0,19,42,-0.9944103865697344
4,37,0,19,43,-0.9943484143054268
4,37,0,19,44,-0.9942952444297352
4,37,0,20,3,-0.9918840089587594
4,37,0,20,22,-0.9937264834104481
4,37,0,20,42,-0.9944471517542053
4,37,0,21,3,-0.9918211978065328
4,37,0,21,4,-0.9918638628642804
4,37,0,21,23,-0.9938912494812467
4,37,0,21,24,-0.9940244046618307
4,37,0,21,41,-0.9945842057054229
4,37,0,22,3,-0.9917235067714723
4,37,0,22,4,-0.9917650532003237
4,37,0,22,25,-0.9942251944745233
4,37,0,22,38,-0.9950638620591283
4,37,0,22,39,-0.9950019687828915
4,37,0,22,40,-0.9949323889995579
4,37,0,23,2,-0.9915102096324401
4,37,0,23,3,-0.9915920562812682
4,37,0,23,4,-0.9916549499632374
4,37,0,23,5,-0.991721594480565
4,37,0,23,26,-0.9944547245318042
4,37,0,23,37,-0.9952916131051203
4,37,0,24,2,-0.9914361483206724
4,37,0,24,3,-0.99148731327995
4,37,0,24,4,-0.9915488377164183
4,37,0,24,5,-0.991617237347472
4,37,0,24,6,-0.9916931660235756
4,37,0,24,7,-0.9917767039307265
4,37,0,24,27,-0.9947166392862995
4,37,0,24,28,-0.9948718743897285
4,37,0,24,35,-0.9955240471697174
4,37,0,24,36,-0.9955257062874442
4,37,0,25,1,-0.9912440305691249
4,37,0,25,2,-0.991318696719528
4,37,0,25,3,-0.9913799757397657
4,37,0,25,4,-0.9914435927099305
4,37,0,25,5,-0.9915132178596319
4,37,0,25,6,-0.9915902620856594
4,37,0,25,7,-0.9916753933273791
4,37,0,25,8,-0.9917691594350043
4,37,0,25,9,-0.9918712509306631
4,37,0,25,10,-0.9919823981010725
4,37,0,25,29,-0.995178956757894
4,37,0,25,30,-0.9953285490234196
4,37,0,25,34,-0.9957306672021284
4,37,0,26,1,-0.9911771476759199
4,37,0,26,2,-0.9912223322116452
4,37,0,26,3,-0.9912779755545587
4,37,0,26,4,-0.99134021430423
4,37,0,26,5,-0.9914096680343374
4,37,0,26,6,-0.9914871337677197
4,37,0,26,7,-0.991573234198037
4,37,0,26,8,-0.9916684568281028
4,37,0,26,9,-0.9917730758886546
4,37,0,26,10,-0.9918876010509063
4,37,0,26,11,-0.992012588833789
4,37,0,26,12,-0.9921478569188276
4,37,0,26,31,-0.9956800525167347
4,37,0,26,32,-0.9958118636166917
4,37,0,26,33,-0.9959202243906102
4,37,0,27,0,-0.9910110356266941
4,37,0,27,1,-0.9910728365913823
4,37,0,27,2,-0.9911232390783415
4,37,0,27,3,-0.9911770518420767
4,37,0,27,4,-0.9912375688188778
4,37,0,27,5,-0.9913060271485965
4,37,0,27,6,-0.9913832289257978
4,37,0,27,7,-0.9914697568860348
4,37,0,27,8,-0.9915661129554469
4,37,0,27,9,-0.9916727245062034
4,37,0,27,10,-0.9917900790761704
4,37,0,27,11,-0.9919187054481571
4,37,0,27,12,-0.9920591412958208
4,37,0,27,32,-0.9960779820478814
4,37,0,28,0,-0.9909570160969345
4,37,0,28,1,-0.9909876013544514
4,37,0,28,2,-0.9910283889533379
4,37,0,28,3,-0.9910773333512808
4,37,0,28,4,-0.9911349043296508
4,37,0,28,5,-0.9912015682919822
4,37,0,28,6,-0.9912778647863298
4,37,0,28,7,-0.9913642761418985
4,37,0,28,8,-0.9914612892464263
4,37,0,28,9,-0.991569372294526
4,37,0,28,10,-0.9916890259897653
4,37,0,28,11,-0.9918208005787972
4,37,0,28,12,-0.9919653011659278
4,37,0,28,13,-0.9921231414687434
4,37,0,28,32,-0.9963742189609763
4,37,0,28,33,-0.9965335529828082
4,37,0,29,0,-0.9908801621664944
4,37,0,29,1,-0.9908998845563581
4,37,0,29,2,-0.9909330363326729
4,37,0,29,3,-0.9909769281424534
4,37,0,29,4,-0.9910310636247062
4,37,0,29,5,-0.9910954052311027
4,37,0,29,6,-0.9911702662498544
4,37,0,29,7,-0.9912560399112869
4,37,0,29,8,-0.9913531924365172
4,37,0,29,9,-0.9914622047617355
4,37,0,29,10,-0.9915835959778878
4,37,0,29,11,-0.991717955957419
4,37,0,29,12,-0.9918659827749995
4,37,0,29,13,-0.9920284687475545
4,37,0,29,31,-0.9964818599798406
4,37,0,30,0,-0.9907913307469498
4,37,0,30,1,-0.9908064634606784
4,37,0,30,2,-0.9908346049918579
4,37,0,30,3,-0.9908742158629013
4,37,0,30,4,-0.990924929393465
4,37,0,30,5,-0.9909866526129912
4,37,0,30,6,-0.9910596478741855
4,37,0,30,7,-0.991144291551354
4,37,0,30,8,-0.9912410539506363
4,37,0,30,9,-0.9913504275536632
4,37,0,30,10,-0.9914729445891952
4,37,0,30,11,-0.9916092276476063
4,37,0,30,12,-0.9917600647775919
4,37,0,30,13,-0.991926453790195
4,37,0,30,31,-0.996796013438332
4,37,0,31,0,-0.9906951131647844
4,37,0,31,1,-0.9907077620483199
4,37,0,31,2,-0.9907323726550319
4,37,0,31,3,-0.9907683314354275
4,37,0,31,4,-0.9908156921250758
4,37,0,31,5,-0.9908745560532864
4,37,0,31,6,-0.9909452827331715
4,37,0,31,7,-0.9910283094913223
4,37,0,31,8,-0.9911241434282284
4,37,0,31,9,-0.9912332907557593
4,37,0,31,10,-0.9913562780892349
4,37,0,31,11,-0.9914937239523879
4,37,0,31,12,-0.9916464503389033
4,37,0,31,13,-0.9918155773214935
4,37,0,31,30,-0.996817907482072
4,37,0,32,0,-0.9905939960853634
4,37,0,32,1,-0.9906048315123703
4,37,0,32,2,-0.9906264690999298
4,37,0,32,3,-0.9906589693036898
4,37,0,32,4,-0.990702850505385
4,37,0,32,5,-0.9907585193607269
4,37,0,32,6,-0.9908265241757296
4,37,0,32,7,-0.9909074212473972
4,37,0,32,8,-0.9910017796326172
4,37,0,32,9,-0.9911101135300528
4,37,0,32,10,-0.9912329081498351
4,37,0,32,11,-0.9913707132616058
4,37,0,32,12,-0.9915242851415633
4,37,0,32,13,-0.9916946593282392
4,37,0,32,14,-0.9918830357679124
4,37,0,32,30,-0.9971349042169817
4,37,0,33,0,-0.9904897959346375
4,37,0,33,1,-0.9904988360464236
4,37,0,33,2,-0.9905173902128213
4,37,0,33,3,-0.990546144070525
4,37,0,33,4,-0.990586111417366
4,37,0,33,5,-0.9906380610894188
4,37,0,33,6,-0.9907027820570108
4,37,0,33,7,-0.9907809868944271
4,37,0,33,8,-0.9908733217408252
4,37,0,33,9,-0.9909802927306404
4,37,0,33,10,-0.9911022889182096
4,37,0,33,11,-0.9912397051918603
4,37,0,33,12,-0.9913931620511734
4,37,0,33,13,-0.9915636705764138
4,37,0,33,14,-0.9917526982262477
4,37,0,33,30,-0.9974905072591318
4,37,0,33,31,-0.9978703597341655
4,37,0,33,32,-0.9981991674968846
4,37,0,33,33,-0.9984760320278625
4,37,0,34,0,-0.9903843112114816
4,37,0,34,1,-0.9903910690334087
4,37,0,34,2,-0.9904058111644954
4,37,0,34,3,-0.9904300180562157
4,37,0,34,4,-0.990465272464443
4,37,0,34,5,-0.990512737286866
4,37,0,34,6,-0.9905734657723019
4,37,0,34,7,-0.9906483511711732
4,37,0,34,8,-0.9907381309780988
4,37,0,34,9,-0.9908432836661384
4,37,0,34,10,-0.9909640202997901
4,37,0,34,11,-0.9911004253752749
4,37,0,34,12,-0.9912528292663034
4,37,0,34,13,-0.9914220978179042
4,37,0,34,14,-0.9916097879537645
4,37,0,34,15,-0.9918178937046671
4,37,0,34,30,-0.9978484123125022
4,37,0,34,31,-0.9982437279186555
4,37,0,34,33,-0.9988579790402679
4,37,0,35,0,-0.9902798277712943
4,37,0,35,1,-0.9902830662782253
4,37,0,35,2,-0.9902924811737952
4,37,0,35,3,-0.9903107548870245
4,37,0,35,4,-0.9903401013194923
4,37,0,35,5,-0.990382050052506
4,37,0,35,6,-0.990437905193773
4,37,0,35,7,-0.9905087634595985
4,37,0,35,8,-0.9905954921641587
4,37,0,35,9,-0.9906985481987463
4,37,0,35,10,-0.9908178670226878
4,37,0,35,11,-0.9909529209300895
4,37,0,35,12,-0.9911034777007034
4,37,0,35,13,-0.9912700466554913
4,37,0,35,14,-0.9914544490072679
4,37,0,35,15,-0.9916588613986473
4,37,0,35,16,-0.9918870305956977
4,37,0,35,19,-0.9927332756769737
4,37,0,35,20,-0.9930793615582175
4,37,0,35,21,-0.9934640701280412
4,37,0,35,23,-0.9943719369295837
4,37,0,35,24,-0.994886752169994
4,37,0,35,25,-0.995439062324696
4,37,0,35,33,-0.9992038732513215
4,37,0,36,0,-0.9901798688432232
4,37,0,36,1,-0.9901766423955701
4,37,0,36,2,-0.9901780220454315
4,37,0,36,3,-0.9901883305710932
4,37,0,36,4,-0.9902102067741354
4,37,0,36,5,-0.9902453573788293
4,37,0,36,6,-0.9902952623846405
4,37,0,36,7,-0.9903612627217018
4,37,0,36,8,-0.990444469477004
4,37,0,36,9,-0.9905454242638346
4,37,0,36,10,-0.9906637763243312
4,37,0,36,11,-0.9907976993036437
4,37,0,36,12,-0.9909459726265566
4,37,0,36,13,-0.9911081212397512
4,37,0,36,14,-0.9912870991937489
4,37,0,36,15,-0.9914839980139876
4,37,0,36,16,-0.9917025205765448
4,37,0,36,17,-0.9919495673911163
4,37,0,36,18,-0.9922295136400838
4,37,0,36,22,-0.9937782770912604
4,37,0,36,23,-0.9943064375098283
4,37,0,36,26,-0.9961827178698848
4,37,0,36,27,-0.9968333736212069
4,37,0,36,32,-0.9992691912755882
4,37,0,36,33,-0.9995385533772473
4,37,0,37,0,-0.9900909033157017
4,37,0,37,1,-0.9900733744041474
4,37,0,37,2,-0.990062379716442
4,37,0,37,3,-0.9900622527329448
4,37,0,37,4,-0.9900749199993982
4,37,0,37,5,-0.9901018186611982
4,37,0,37,6,-0.9901444625401994
4,37,0,37,7,-0.9902045294632386
4,37,0,37,8,-0.990283654206791
4,37,0,37,9,-0.9903827833178861
4,37,0,37,10,-0.9905019218478629
4,37,0,37,11,-0.9906359281986288
4,37,0,37,12,-0.9907824725196399
4,37,0,37,13,-0.990937271905882
4,37,0,37,14,-0.9911007111377975
4,37,0,37,15,-0.991280402361531
4,37,0,37,16,-0.991485894587712
4,37,0,37,17,-0.9917241559093276
4,37,0,37,28,-0.9976854769249587
4,37,0,37,29,-0.9983182589278261
4,37,0,37,30,-0.9988530648996173
4,37,0,37,31,-0.99928245566452
4,37,0,37,32,-0.999614453404644
4,37,0,38,0,-0.9900272371096117
4,37,0,38,1,-0.9899713400440066
4,37,0,38,2,-0.9899436294104427
4,37,0,38,3,-0.989931294109379
4,37,0,38,4,-0.9899332822668406
4,37,0,38,5,-0.989950451613302
4,37,0,38,6,-0.9899842128152576
4,37,0,38,7,-0.9900367291629618
4,37,0,38,8,-0.9901107941693428
4,37,0,38,9,-0.9902080098557113
4,37,0,38,10,-0.9903245734900349
4,37,0,38,11,-0.9904529289120698
4,37,0,38,12,-0.9905927617024339
4,37,0,38,13,-0.9907361525237024
4,37,0,38,14,-0.9908783098945165
4,37,0,38,15,-0.9910174779572476
4,37,0,39,1,-0.9898488850670903
4,37,0,39,2,-0.9898172598229392
4,37,0,39,3,-0.9897937599335536
4,37,0,39,4,-0.9897843517470069
4,37,0,39,5,-0.9897904194431796
4,37,0,39,6,-0.9898131977063503
4,37,0,39,7,-0.9898553373994621
4,37,0,39,8,-0.9899164592098197
4,37,0,39,9,-0.9899944845990124
4,37,0,39,10,-0.9900950332709624
4,37,0,39,11,-0.9902117879504145
4,37,0,39,12,-0.9903490130918426
4,37,0,39,13,-0.9904764210127672
4,37,0,40,1,-0.9897658219814538
4,37,0,40,2,-0.9896905270908939
4,37,0,40,3,-0.9896498822163693
4,37,0,40,4,-0.9896278347371364
4,37,0,40,5,-0.9896215978706107
4,37,0,40,6,-0.9896307856852975
4,37,0,40,7,-0.9896538532880982
4,37,0,40,8,-0.9896800838191432
4,37,0,40,9,-0.989696400741774
4,37,0,40,10,-0.9896568724249889
4,37,0,40,11,-0.9896905658070555
4,37,0,41,2,-0.9895369094535547
4,37,0,41,3,-0.9894951637526455
4,37,0,41,4,-0.9894632718681997
4,37,0,41,5,-0.9894433519274556
4,37,0,41,6,-0.9894302345629259
4,37,0,41,7,-0.9894151401448321
4,37,0,41,8,-0.9893743237264451
4,37,0,41,9,-0.9891069661135456
4,37,0,42,2,-0.9894328037141176
4,37,0,42,3,-0.9893334605944217
4,37,0,42,4,-0.9892747232163631
4,37,0,42,5,-0.9892261222753727
4,37,0,42,6,-0.9891720926529919
4,37,0,42,7,-0.9890792906906661
4,37,0,43,3,-0.9891014070656271
4,37,0,43,4,-0.9890251518615214
4,37,0,43,5,-0.9889199589432357
4,37,0,43,6,-0.9887300783745258
4,37,0,44,3,-0.988905595177751
4,37,0,44,4,-0.9886925867109208
4,38,0,10,55,-0.9844514850150425
4,38,0,11,54,-0.9844561217621822
4,38,0,12,9,-0.9831923093230325
4,38,0,12,53,-0.9844627717522265
4,38,0,13,9,-0.983139730398292
4,38,0,13,52,-0.9844718752415944
4,38,0,14,10,-0.983149328053679
4,38,0,14,11,-0.9832135988707853
4,38,0,14,12,-0.9832805215458686
4,38,0,14,13,-0.9833497139732277
4,38,0,14,14,-0.9834210297133059
4,38,0,14,15,-0.9834945382901359
4,38,0,14,52,-0.9844774568207436
4,38,0,15,16,-0.9835457939655026
4,38,0,15,45,-0.9845918061478838
4,38,0,15,46,-0.9845684553000965
4,38,0,15,47,-0.9845478638533909
4,38,0,15,48,-0.9845297882599184
4,38,0,15,49,-0.984514203176887
4,38,0,15,50,-0.9845011211001234
4,38,0,15,51,-0.9844908325494999
4,38,0,16,17,-0.983609748867499
4,38,0,16,18,-0.9836987023757724
4,38,0,16,45,-0.9846119933723391
4,38,0,16,51,-0.984498925660041
4,38,0,17,19,-0.9837856145618572
4,38,0,17,44,-0.9846673428271864
4,38,0,18,20,-0.9838886120674554
4,38,0,18,45,-0.9846516163638759
4,38,0,19,21,-0.9840095588311443
4,38,0,19,42,-0.9848268399095317
4,38,0,19,43,-0.9847654869575909
4,38,0,19,44,-0.9847128386085426
4,38,0,20,3,-0.9823260677980135
4,38,0,20,22,-0.9841504967946675
4,38,0,20,42,-0.9848632626662056
4,38,0,21,3,-0.9822638737972866
4,38,0,21,4,-0.9823061223366548
4,38,0,21,23,-0.9843136856450182
4,38,0,21,24,-0.9844456010368786
4,38,0,21,41,-0.9849990210307459
4,38,0,22,3,-0.9821671449514103
4,38,0,22,4,-0.9822082878932247
4,38,0,22,25,-0.9846445457701029
4,38,0,22,38,-0.9854743251386469
4,38,0,22,39,-0.9854129537830669
4,38,0,22,40,-0.9853439977060339
4,38,0,23,2,-0.9819559498974129
4,38,0,23,3,-0.9820369880603815
4,38,0,23,4,-0.9820992683856071
4,38,0,23,5,-0.9821652719956417
4,38,0,23,26,-0.9848719618127014
4,38,0,23,37,-0.9857000133638641
4,38,0,24,2,-0.9818826203865753
4,38,0,24,3,-0.9819332809986729
4,38,0,24,4,-0.9819942050868429
4,38,0,24,5,-0.9820619540076406
4,38,0,24,6,-0.9821371941471073
4,38,0,24,7,-0.9822199821450917
4,38,0,24,27,-0.9851314196096015
4,38,0,24,28,-0.985285151289037
4,38,0,24,35,-0.9859304140719344
4,38,0,24,36,-0.985931966888485
4,38,0,25,1,-0.9816924053767672
4,38,0,25,2,-0.981766330558385
4,38,0,25,3,-0.9818270037166285
4,38,0,25,4,-0.9818899937059155
4,38,0,25,5,-0.9819589712335598
4,38,0,25,6,-0.982035318356437
4,38,0,25,7,-0.9821196832321493
4,38,0,25,8,-0.9822126015197068
4,38,0,25,9,-0.9823137600863862
4,38,0,25,10,-0.9824238714300787
4,38,0,25,29,-0.9855892418072298
4,38,0,25,30,-0.9857373111494812
4,38,0,25,34,-0.9861351431982336
4,38,0,26,1,-0.9816261859877301
4,38,0,26,2,-0.9816709203605622
4,38,0,26,3,-0.9817260104814682
4,38,0,26,4,-0.981787641558773
4,38,0,26,5,-0.9818564556955285
4,38,0,26,6,-0.9819332198596451
4,38,0,26,7,-0.9820185422933225
4,38,0,26,8,-0.982112903387452
4,38,0,26,9,-0.9822165644038372
4,38,0,26,10,-0.9823300151075629
4,38,0,26,11,-0.9824538042944104
4,38,0,26,12,-0.9825877598522306
4,38,0,26,31,-0.9860853234670641
4,38,0,26,32,-0.9862157549793592
4,38,0,26,33,-0.9863229667598283
4,38,0,27,0,-0.9814617260334937
4,38,0,27,1,-0.9815229108717509
4,38,0,27,2,-0.981572806922407
4,38,0,27,3,-0.9816260704806823
4,38,0,27,4,-0.981686013769339
4,38,0,27,5,-0.9817538461091502
4,38,0,27,6,-0.9818303485760895
4,38,0,27,7,-0.98191609382561
4,38,0,27,8,-0.9820115780223158
4,38,0,27,9,-0.9821172110850779
4,38,0,27,10,-0.9822334581558325
4,38,0,27,11,-0.9823608413518988
4,38,0,27,12,-0.9824999049351892
4,38,0,27,32,-0.9864792939120236
4,38,0,28,0,-0.9814082445448356
4,38,0,28,1,-0.9814385226182027
4,38,0,28,2,-0.981478896564274
4,38,0,28,3,-0.9815273365918833
4,38,0,28,4,-0.9815843674540208
4,38,0,28,5,-0.9816504238810059
4,38,0,28,6,-0.9817260297404856
4,38,0,28,7,-0.9818116600390927
4,38,0,28,8,-0.9819077957701104
4,38,0,28,9,-0.9820148848297161
4,38,0,28,10,-0.9821334035975959
4,38,0,28,11,-0.9822638961042263
4,38,0,28,12,-0.9824069761813017
4,38,0,28,13,-0.9825632651508436
4,38,0,28,32,-0.9867726589665891
4,38,0,28,33,-0.9869303655307011
4,38,0,29,0,-0.981332156499995
4,38,0,29,1,-0.9813516788383115
4,38,0,29,2,-0.9813844915110288
4,38,0,29,3,-0.9814279274639267
4,38,0,29,4,-0.9814815567869966
4,38,0,29,5,-0.9815453132666859
4,38,0,29,6,-0.9816194977892524
4,38,0,29,7,-0.9817044976397254
4,38,0,29,8,-0.9818007725367448
4,38,0,29,9,-0.9819087809475443
4,38,0,29,10,-0.9820290159974505
4,38,0,29,11,-0.9821620613915724
4,38,0,29,12,-0.98230862541265
4,38,0,29,13,-0.9824695092297481
4,38,0,29,31,-0.9868793527859001
4,38,0,30,0,-0.9812442106327244
4,38,0,30,1,-0.9812591883165247
4,38,0,30,2,-0.9812870394614605
4,38,0,30,3,-0.981326235300743
4,38,0,30,4,-0.9813764759587157
4,38,0,30,5,-0.9814376395505953
4,38,0,30,6,-0.981509977087303
4,38,0,30,7,-0.9815938593077038
4,38,0,30,8,-0.9816897493024354
4,38,0,30,9,-0.9817981152952227
4,38,0,30,10,-0.9819194619507083
4,38,0,30,11,-0.9820544054084256
4,38,0,30,12,-0.9822037450331991
4,38,0,30,13,-0.9823684884134896
4,38,0,30,31,-0.9871904811248489
4,38,0,31,0,-0.9811489527868237
4,38,0,31,1,-0.9811614707809645
4,38,0,31,2,-0.98118582508388
4,38,0,31,3,-0.9812214038311459
4,38,0,31,4,-0.9812683252097405
4,38,0,31,5,-0.9813266583521891
4,38,0,31,6,-0.9813967505444394
4,38,0,31,7,-0.9814790331434621
4,38,0,31,8,-0.9815740054989499
4,38,0,31,9,-0.9816821482113393
4,38,0,31,10,-0.981803958755868
4,38,0,31,11,-0.9819400486791786
4,38,0,31,12,-0.9820912524181621
4,38,0,31,13,-0.9822587014892697
4,38,0,31,30,-0.9872122853481925
4,38,0,32,0,-0.9810488454700144
4,38,0,32,1,-0.9810595675634123
4,38,0,32,2,-0.9810809776950844
4,38,0,32,3,-0.9811131322642033
4,38,0,32,4,-0.9811566107375157
4,38,0,32,5,-0.9812117824843448
4,38,0,32,6,-0.9812791811584574
4,38,0,32,7,-0.9813593564260877
4,38,0,32,8,-0.9814528695368893
4,38,0,32,9,-0.9815602084864365
4,38,0,32,10,-0.9816818280364483
4,38,0,32,11,-0.9818182703266296
4,38,0,32,12,-0.9819703054057556
4,38,0,32,13,-0.9821389837224821
4,38,0,32,14,-0.9823255039689365
4,38,0,32,30,-0.9875262805837501
4,38,0,33,0,-0.9809456879417525
4,38,0,33,1,-0.9809546323159225
4,38,0,33,2,-0.9809729896094338
4,38,0,33,3,-0.981001437026157
4,38,0,33,4,-0.9810410447153635
4,38,0,33,5,-0.9810925380907835
4,38,0,33,6,-0.9811566877153771
4,38,0,33,7,-0.981234198517894
4,38,0,33,8,-0.9813257094118084
4,38,0,33,9,-0.9814317009965946
4,38,0,33,10,-0.9815525314243061
4,38,0,33,11,-0.9816885873722271
4,38,0,33,12,-0.9818405040618965
4,38,0,33,13,-0.9820093098827156
4,38,0,33,14,-0.9821964712878579
4,38,0,33,30,-0.9878785369126482
4,38,0,33,31,-0.9882546595131958
4,38,0,33,32,-0.9885802431766092
4,38,0,33,33,-0.9888544042481622
4,38,0,34,0,-0.9808412618403356
4,38,0,34,1,-0.9808479467567747
4,38,0,34,2,-0.9808625306626256
4,38,0,34,3,-0.9808864800097545
4,38,0,34,4,-0.9809214276527767
4,38,0,34,5,-0.9809684865935557
4,38,0,34,6,-0.9810286867786057
4,38,0,34,7,-0.981102911987056
4,38,0,34,8,-0.9811918934181746
4,38,0,34,9,-0.9812960863663648
4,38,0,34,10,-0.9814156724442404
4,38,0,34,11,-0.981550728319474
4,38,0,34,12,-0.9817016002368106
4,38,0,34,13,-0.9818691740164681
4,38,0,34,14,-0.9820550074722537
4,38,0,34,15,-0.9822610721063388
4,38,0,34,30,-0.9882331016477695
4,38,0,34,31,-0.9886245472328226
4,38,0,34,33,-0.9892328027728878
4,38,0,35,0,-0.9807378310855702
4,38,0,35,1,-0.9807410324526361
4,38,0,35,2,-0.9807503436527174
4,38,0,35,3,-0.9807684229479472
4,38,0,35,4,-0.9807975277026518
4,38,0,35,5,-0.9808391323202383
4,38,0,35,6,-0.9808945122692854
4,38,0,35,7,-0.9809647514509416
4,38,0,35,8,-0.98105071099417
4,38,0,35,9,-0.9811528284602962
4,38,0,35,10,-0.9812710144055056
4,38,0,35,11,-0.9814047365008728
4,38,0,35,12,-0.9815537808724027
4,38,0,35,13,-0.9817186802873284
4,38,0,35,14,-0.9819012566584178
4,38,0,35,15,-0.9821036635534958
4,38,0,35,16,-0.9823295926693686
4,38,0,35,19,-0.9831675551439197
4,38,0,35,20,-0.9835102928306463
4,38,0,35,21,-0.9838913019989651
4,38,0,35,23,-0.9847904733619907
4,38,0,35,24,-0.9853003542900904
4,38,0,35,25,-0.985847349146729
4,38,0,35,33,-0.9895754874012846
4,38,0,36,0,-0.9806388838864506
4,38,0,36,1,-0.9806356865665751
4,38,0,36,2,-0.980637044968201
4,38,0,36,3,-0.9806472410500695
4,38,0,36,4,-0.9806689530723122
4,38,0,36,5,-0.9807038325140305
4,38,0,36,6,-0.9807533266303236
4,38,0,36,7,-0.9808187582809513
4,38,0,36,8,-0.9809012291826683
4,38,0,36,9,-0.9810012653573754
4,38,0,36,10,-0.9811184985565596
4,38,0,36,11,-0.9812511082224884
4,38,0,36,12,-0.9813978975270818
4,38,0,36,13,-0.9815584229798161
4,38,0,36,14,-0.9817356301188163
4,38,0,36,15,-0.9819305931763781
4,38,0,36,16,-0.9821469676486023
4,38,0,36,17,-0.9823915844025031
4,38,0,36,18,-0.9826687901721686
4,38,0,36,22,-0.9842026269314778
4,38,0,36,23,-0.9847257316860445
4,38,0,36,26,-0.9865839522465054
4,38,0,36,27,-0.9872282930221443
4,38,0,36,32,-0.989640326116525
4,38,0,36,33,-0.9899070480827025
4,38,0,37,0,-0.9805508231639352
4,38,0,37,1,-0.9805334705021709
4,38,0,37,2,-0.9805225824487634
4,38,0,37,3,-0.9805224490309477
4,38,0,37,4,-0.9805350375916749
4,38,0,37,5,-0.9805617463111282
4,38,0,37,6,-0.9806040545991757
4,38,0,37,7,-0.980663615380363
4,38,0,37,8,-0.9807420441437187
4,38,0,37,9,-0.9808402726100953
4,38,0,37,10,-0.9809582904750411
4,38,0,37,11,-0.9810909942915924
4,38,0,37,12,-0.9812360824458388
4,38,0,37,13,-0.981389337518839
4,38,0,37,14,-0.981551160987452
4,38,0,37,15,-0.9817290885610913
4,38,0,37,16,-0.9819325634628854
4,38,0,37,17,-0.9821684846850893
4,38,0,37,28,-0.9880722640943266
4,38,0,37,29,-0.9886988722032053
4,38,0,37,30,-0.989228438508672
4,38,0,37,31,-0.9896536122788847
4,38,0,37,32,-0.9899823438521396
4,38,0,38,0,-0.9804878076375223
4,38,0,38,1,-0.9804324811606153
4,38,0,38,2,-0.9804050531121176
4,38,0,38,3,-0.9803928481438146
4,38,0,38,4,-0.9803948340450912
4,38,0,38,5,-0.9804119002260905
4,38,0,38,6,-0.9804454128345891
4,38,0,38,7,-0.9804974987623156
4,38,0,38,8,-0.9805709182312834
4,38,0,38,9,-0.9806672549597698
4,38,0,38,10,-0.9807827345940595
4,38,0,38,11,-0.9809098623751953
4,38,0,38,12,-0.9810483219101184
4,38,0,38,13,-0.9811902899218323
4,38,0,38,14,-0.9813310479636126
4,38,0,38,15,-0.9814688655331182
4,38,0,39,1,-0.9803112791400266
4,38,0,39,2,-0.9802799769987589
4,38,0,39,3,-0.9802567180797452
4,38,0,39,4,-0.980247406439357
4,38,0,39,5,-0.9802534642571221
4,38,0,39,6,-0.9802760952806816
4,38,0,39,7,-0.9803179061772429
4,38,0,39,8,-0.9803785119951732
4,38,0,39,9,-0.9804558569003871
4,38,0,39,10,-0.9805555065720926
4,38,0,39,11,-0.9806711803535286
4,38,0,39,12,-0.9808070790846304
4,38,0,39,13,-0.9809332317043516
4,38,0,40,1,-0.9802290659844778
4,38,0,40,2,-0.9801545402473422
4,38,0,40,3,-0.9801143104873499
4,38,0,40,4,-0.980092488356516
4,38,0,40,5,-0.9800863237074222
4,38,0,40,6,-0.9800954846069655
4,38,0,40,7,-0.9801184081106915
4,38,0,40,8,-0.9801444735619628
4,38,0,40,9,-0.9801607468940612
4,38,0,40,10,-0.9801217832231383
4,38,0,40,11,-0.980155281226616
4,38,0,41,2,-0.9800024915552863
4,38,0,41,3,-0.9799611701833278
4,38,0,41,4,-0.9799295960955737
4,38,0,41,5,-0.9799098638476004
4,38,0,41,6,-0.9798969182447911
4,38,0,41,7,-0.9798820515396112
4,38,0,41,8,-0.9798417547159345
4,38,0,41,9,-0.9795772953656858
4,38,0,42,2,-0.9798994525685741
4,38,0,42,3,-0.9798011261531386
4,38,0,42,4,-0.979742981982829
4,38,0,42,5,-0.9796948596764082
4,38,0,42,6,-0.9796413622947089
4,38,0,42,7,-0.9795495608583509
4,38,0,43,3,-0.9795714590309704
4,38,0,43,4,-0.9794959791148726
4,38,0,43,5,-0.9793918363636657
4,38,0,43,6,-0.9792038434817422
4,38,0,44,3,-0.9793776642171239
4,38,0,44,4,-0.9791668478783662
4,39,0,10,55,-0.974971457152858
4,39,0,11,54,-0.9749760557022165
4,39,0,12,9,-0.9737249821723637
4,39,0,12,53,-0.9749826427468989
4,39,0,13,9,-0.97367295585311
4,39,0,13,52,-0.9749916117558461
4,39,0,14,10,-0.9736824687634968
4,39,0,14,11,-0.9737460578045631
4,39,0,14,12,-0.9738122688144663
4,39,0,14,13,-0.9738807332008745
4,39,0,14,14,-0.9739513118675861
4,39,0,14,15,-0.9740240784671909
4,39,0,14,52,-0.9749970955912473
4,39,0,15,16,-0.9740748579408808
4,39,0,15,45,-0.9751103467799697
4,39,0,15,46,-0.9750871801990253
4,39,0,15,47,-0.9750667636681976
4,39,0,15,48,-0.9750488524971402
4,39,0,15,49,-0.9750334175542069
4,39,0,15,50,-0.9750204687997887
4,39,0,15,51,-0.9750102948734194
4,39,0,16,17,-0.9741382547373733
4,39,0,16,18,-0.9742263716413941
4,39,0,16,45,-0.9751303271751086
4,39,0,16,51,-0.9750183070698013
4,39,0,17,19,-0.974312550322273
4,39,0,17,44,-0.975185212054195
4,39,0,18,20,-0.9744146722338958
4,39,0,18,45,-0.9751695732580885
4,39,0,19,21,-0.9745345618512767
4,39,0,19,42,-0.975343408986681
4,39,0,19,43,-0.9752825327859521
4,39,0,19,44,-0.975230294185551
4,39,0,20,3,-0.9728677337070096
4,39,0,20,22,-0.9746742200811535
4,39,0,20,42,-0.9753795020662581
4,39,0,21,3,-0.9728061750283197
4,39,0,21,4,-0.9728480006538653
4,39,0,21,23,-0.9748358713842675
4,39,0,21,24,-0.9749664347965764
4,39,0,21,41,-0.9755140964640256
4,39,0,22,3,-0.9727104333191184
4,39,0,22,4,-0.9727511641857259
4,39,0,22,25,-0.9751634394973723
4,39,0,22,38,-0.9759851369461654
4,39,0,22,39,-0.9759243312715032
4,39,0,22,40,-0.9758559994289384
4,39,0,23,2,-0.9725013841965368
4,39,0,23,3,-0.9725816050692262
4,39,0,23,4,-0.9726432603424622
4,39,0,23,5,-0.9727086034274305
4,39,0,23,26,-0.9753886433875002
4,39,0,23,37,-0.9762087568031381
4,39,0,24,2,-0.972428804476645
4,39,0,24,3,-0.9724789568788383
4,39,0,24,4,-0.972539270913612
4,39,0,24,5,-0.9726063349505019
4,39,0,24,6,-0.9726807911827069
4,39,0,24,7,-0.9727627150305529
4,39,0,24,27,-0.9756456146395243
4,39,0,24,28,-0.9757978282319171
4,39,0,24,35,-0.9764370400904245
4,39,0,24,36,-0.9764385893931602
4,39,0,25,1,-0.9722405245059366
4,39,0,25,2,-0.9723137035232621
4,39,0,25,3,-0.972373769319058
4,39,0,25,4,-0.9724361330458255
4,39,0,25,5,-0.9725043998486562
4,39,0,25,6,-0.9725799519301866
4,39,0,25,7,-0.9726634413914592
4,39,0,25,8,-0.9727554007649213
4,39,0,25,9,-0.9728555221543976
4,39,0,25,10,-0.9729645197356839
4,39,0,25,29,-0.9760990917442666
4,39,0,25,30,-0.9762457571310881
4,39,0,25,34,-0.9766399082077903
4,39,0,26,1,-0.9721749842922306
4,39,0,26,2,-0.9722192716969735
4,39,0,26,3,-0.9722738143578719
4,39,0,26,4,-0.9723348273295745
4,39,0,26,5,-0.9724029279347444
4,39,0,26,6,-0.972478896092903
4,39,0,26,7,-0.9725633392154007
4,39,0,26,8,-0.9726567305067628
4,39,0,26,9,-0.9727593334285715
4,39,0,26,10,-0.9728716451236429
4,39,0,26,11,-0.9729942132836413
4,39,0,26,12,-0.9731268633297548
4,39,0,26,31,-0.9765905877257002
4,39,0,26,32,-0.976719810624185
4,39,0,26,33,-0.9768260338631274
4,39,0,27,0,-0.9720122004787808
4,39,0,27,1,-0.9720727680605281
4,39,0,27,2,-0.9721221694300732
4,39,0,27,3,-0.9721749146498523
4,39,0,27,4,-0.972234243433419
4,39,0,27,5,-0.9723013702148944
4,39,0,27,6,-0.972377082287019
4,39,0,27,7,-0.9724619480121369
4,39,0,27,8,-0.9725564544542435
4,39,0,27,9,-0.9726610143314522
4,39,0,27,10,-0.9727761025155633
4,39,0,27,11,-0.9729022397258151
4,39,0,27,12,-0.9730399583677936
4,39,0,27,32,-0.9769809639016928
4,39,0,28,0,-0.9719592696779172
4,39,0,28,1,-0.971989247604698
4,39,0,28,2,-0.9720292275000681
4,39,0,28,3,-0.97207720104872
4,39,0,28,4,-0.972133644348361
4,39,0,28,5,-0.9721990140863801
4,39,0,28,6,-0.9722738412426198
4,39,0,28,7,-0.9723585960155783
4,39,0,28,8,-0.9724537504377685
4,39,0,28,9,-0.9725597565175811
4,39,0,28,10,-0.9726771015261954
4,39,0,28,11,-0.9728063273274503
4,39,0,28,12,-0.9729480330943429
4,39,0,28,13,-0.9731028249896208
4,39,0,28,32,-0.9772716624210371
4,39,0,28,33,-0.9774278957028625
4,39,0,29,0,-0.9718839658517373
4,39,0,29,1,-0.9719032987656665
4,39,0,29,2,-0.9719357962673469
4,39,0,29,3,-0.971978818412313
4,39,0,29,4,-0.9720318958381449
4,39,0,29,5,-0.9720949908808092
4,39,0,29,6,-0.9721684132620281
4,39,0,29,7,-0.9722525460680395
4,39,0,29,8,-0.9723478408777828
4,39,0,29,9,-0.9724547616074667
4,39,0,29,10,-0.9725738130539924
4,39,0,29,11,-0.9727055758974688
4,39,0,29,12,-0.9728507409860869
4,39,0,29,13,-0.9730100903955187
4,39,0,29,31,-0.9773774318697162
4,39,0,30,0,-0.9717969274233929
4,39,0,30,1,-0.971811762821229
4,39,0,30,2,-0.9718393508241038
4,39,0,30,3,-0.9718781779870161
4,39,0,30,4,-0.971927902742555
4,39,0,30,5,-0.9719884329035658
4,39,0,30,6,-0.9720600285928298
4,39,0,30,7,-0.9721430566234054
4,39,0,30,8,-0.9722379725315374
4,39,0,30,9,-0.9723452510985381
4,39,0,30,10,-0.9724654094630687
4,39,0,30,11,-0.9725990601915134
4,39,0,30,12,-0.9727469827438068
4,39,0,30,13,-0.9729101614905054
4,39,0,30,31,-0.9776857063797499
4,39,0,31,0,-0.9717026533250052
4,39,0,31,1,-0.971715054864233
4,39,0,31,2,-0.9717391830599349
4,39,0,31,3,-0.9717744317399304
4,39,0,31,4,-0.9718208717514971
4,39,0,31,5,-0.9718786009866248
4,39,0,31,6,-0.9719479749850249
4,39,0,31,7,-0.9720294206552259
4,39,0,31,8,-0.972123429743819
4,39,0,31,9,-0.9722304901672768
4,39,0,31,10,-0.9723511129522727
4,39,0,31,11,-0.9724859062987256
4,39,0,31,12,-0.9726356832053308
4,39,0,31,13,-0.9728015487277919
4,39,0,31,30,-0.9777073805397072
4,39,0,32,0,-0.9716035801867259
4,39,0,32,1,-0.9716142048377329
4,39,0,32,2,-0.9716354200549105
4,39,0,32,3,-0.9716672803101178
4,39,0,32,4,-0.9717103118259071
4,39,0,32,5,-0.9717649111969696
4,39,0,32,6,-0.9718316190502725
4,39,0,32,7,-0.9719109794086181
4,39,0,32,8,-0.9720035451262824
4,39,0,32,9,-0.9721098117779585
4,39,0,32,10,-0.9722302491121693
4,39,0,32,11,-0.9723653973331547
4,39,0,32,12,-0.9725160051087965
4,39,0,32,13,-0.9726830953877686
4,39,0,32,14,-0.9728678478423011
4,39,0,32,30,-0.9780184569738911
4,39,0,33,0,-0.9715014879230193
4,39,0,33,1,-0.9715103535598004
4,39,0,33,2,-0.971528547836863
4,39,0,33,3,-0.9715567382775028
4,39,0,33,4,-0.9715959361053955
4,39,0,33,5,-0.9716468921802959
4,39,0,33,6,-0.971710382905278
4,39,0,33,7,-0.9717871061450609
4,39,0,33,8,-0.9718776909510528
4,39,0,33,9,-0.9719826250236756
4,39,0,33,10,-0.9721022831220747
4,39,0,33,11,-0.9722370528300088
4,39,0,33,12,-0.9723875496638631
4,39,0,33,13,-0.9725547734237678
4,39,0,33,14,-0.9727401670842565
4,39,0,33,30,-0.978367408198759
4,39,0,33,31,-0.9787399283358621
4,39,0,33,32,-0.9790623916771106
4,39,0,33,33,-0.979333916950732
4,39,0,34,0,-0.9713981389056349
4,39,0,34,1,-0.9714047685296635
4,39,0,34,2,-0.9714192282382865
4,39,0,34,3,-0.971442965028734
4,39,0,34,4,-0.9714775466006916
4,39,0,34,5,-0.9715241092449312
4,39,0,34,6,-0.9715836881376696
4,39,0,34,7,-0.9716571590212452
4,39,0,34,8,-0.9717452413787573
4,39,0,34,9,-0.9718483960758969
4,39,0,34,10,-0.971966822721872
4,39,0,34,11,-0.9721006037201015
4,39,0,34,12,-0.9722500699983476
4,39,0,34,13,-0.972416079766615
4,39,0,34,14,-0.9726001646565149
4,39,0,34,15,-0.9728042782228639
4,39,0,34,30,-0.9787186210357307
4,39,0,34,31,-0.979106301709106
4,39,0,34,33,-0.9797086929511309
4,39,0,35,0,-0.9712957729914102
4,39,0,35,1,-0.9712989548312587
4,39,0,35,2,-0.9713081957292125
4,39,0,35,3,-0.97132612116145
4,39,0,35,4,-0.9713549157397385
4,39,0,35,5,-0.9713960744411827
4,39,0,35,6,-0.9714508779764991
4,39,0,35,7,-0.9715204023497276
4,39,0,35,8,-0.9716054952976647
4,39,0,35,9,-0.9717065970652105
4,39,0,35,10,-0.971823636639763
4,39,0,35,11,-0.9719560954472368
4,39,0,35,12,-0.9721037526665687
4,39,0,35,13,-0.9722671177062905
4,39,0,35,14,-0.9724479821392249
4,39,0,35,15,-0.9726484786226991
4,39,0,35,16,-0.9728722727940851
4,39,0,35,19,-0.9737022692866463
4,39,0,35,20,-0.9740417110299584
4,39,0,35,21,-0.9744190367795599
4,39,0,35,23,-0.975309467320442
4,39,0,35,24,-0.9758143768949037
4,39,0,35,25,-0.9763560426091282
4,39,0,35,33,-0.9800480968813178
4,39,0,36,0,-0.9711978422217838
4,39,0,36,1,-0.9711946907561736
4,39,0,36,2,-0.9711960600397996
4,39,0,36,3,-0.971206183383432
4,39,0,36,4,-0.9712276598863435
4,39,0,36,5,-0.9712621579592581
4,39,0,36,6,-0.9713111304305221
4,39,0,36,7,-0.971375893509557
4,39,0,36,8,-0.971457534697395
4,39,0,36,9,-0.9715565780117159
4,39,0,36,10,-0.9716726718098121
4,39,0,36,11,-0.9718040239838883
4,39,0,36,12,-0.971949444608767
4,39,0,36,13,-0.9721084786411229
4,39,0,36,14,-0.9722840285841182
4,39,0,36,15,-0.9724771618555599
4,39,0,36,16,-0.9726915039167402
4,39,0,36,17,-0.9729338211869412
4,39,0,36,18,-0.9732084120291639
4,39,0,36,22,-0.9747275006595748
4,39,0,36,23,-0.9752455150721485
4,39,0,36,26,-0.9770856136066698
4,39,0,36,27,-0.9777236876219035
4,39,0,36,32,-0.9801123512067393
4,39,0,36,33,-0.9803764955931009
4,39,0,37,0,-0.9711106841846853
4,39,0,37,1,-0.9710935219160224
4,39,0,37,2,-0.9710827689575217
4,39,0,37,3,-0.9710826698754437
4,39,0,37,4,-0.9710951231824746
4,39,0,37,5,-0.9711215348789541
4,39,0,37,6,-0.9711633906939025
4,39,0,37,7,-0.9712223379052555
4,39,0,37,8,-0.9712999774420252
4,39,0,37,9,-0.9713972311487304
4,39,0,37,10,-0.9715140966016034
4,39,0,37,11,-0.9716455321623917
4,39,0,37,12,-0.9717892601847723
4,39,0,37,13,-0.9719410928806174
4,39,0,37,14,-0.9721014169138873
4,39,0,37,15,-0.9722776932494233
4,39,0,37,16,-0.9724792747632103
4,39,0,37,17,-0.9727129957932559
4,39,0,37,28,-0.9785595847504851
4,39,0,37,29,-0.9791801007295758
4,39,0,37,30,-0.9797045263099472
4,39,0,37,31,-0.9801255776227125
4,39,0,37,32,-0.9804511300864718
4,39,0,38,0,-0.971048313461297
4,39,0,38,1,-0.9709935661417932
4,39,0,38,2,-0.9709664379138019
4,39,0,38,3,-0.9709543808228859
4,39,0,38,4,-0.97095636590845
4,39,0,38,5,-0.9709732418161239
4,39,0,38,6,-0.9710063910034918
4,39,0,38,7,-0.971057936474966
4,39,0,38,8,-0.9711306146589994
4,39,0,38,9,-0.9712259910351829
4,39,0,38,10,-0.971340335687338
4,39,0,38,11,-0.9714662395675373
4,39,0,38,12,-0.9716033959534274
4,39,0,38,13,-0.9717440560172993
4,39,0,38,14,-0.9718835336327537
4,39,0,38,15,-0.9720201116989794
4,39,0,39,1,-0.9708736110180598
4,39,0,39,2,-0.9708426446600275
4,39,0,39,3,-0.9708196479744565
4,39,0,39,4,-0.970810464280488
4,39,0,39,5,-0.9708164585366478
4,39,0,39,6,-0.9708388415308408
4,39,0,39,7,-0.9708802131564879
4,39,0,39,8,-0.9709402026783485
4,39,0,39,9,-0.9710167769162553
4,39,0,39,10,-0.9711154435164485
4,39,0,39,11,-0.9712299946703289
4,39,0,39,12,-0.9713646049899878
4,39,0,39,13,-0.971489613465868
4,39,0,40,1,-0.9707922431347502
4,39,0,40,2,-0.9707184977953937
4,39,0,40,3,-0.9706787029471862
4,39,0,40,4,-0.9706571345691763
4,39,0,40,5,-0.9706510651410991
4,39,0,40,6,-0.9706601256683574
4,39,0,40,7,-0.9706828028648924
4,39,0,40,8,-0.9707086031110604
4,39,0,40,9,-0.9707247239677653
4,39,0,40,10,-0.9706861843657721
4,39,0,40,11,-0.9707193851243465
4,39,0,41,2,-0.9705680196163119
4,39,0,41,3,-0.9705271413006573
4,39,0,41,4,-0.9704959247028081
4,39,0,41,5,-0.9704764445634974
4,39,0,41,6,-0.9704636456825746
4,39,0,41,7,-0.9704489301733358
4,39,0,41,8,-0.9704090453130707
4,39,0,41,9,-0.9701473138127965
4,39,0,42,2,-0.9704660416686558
4,39,0,42,3,-0.9703687435609698
4,39,0,42,4,-0.9703112275997218
4,39,0,42,5,-0.9702636499201148
4,39,0,42,6,-0.9702107665797789
4,39,0,42,7,-0.9701199257507485
4,39,0,43,3,-0.970141444989107
4,39,0,43,4,-0.970066767615387
4,39,0,43,5,-0.969963756991896
4,39,0,43,6,-0.969777806032092
4,39,0,44,3,-0.9699496481903961
4,39,0,44,4,-0.9697410304539238
4,40,0,10,55,-0.9655894696848857
4,40,0,11,54,-0.9655940227945776
4,40,0,12,9,-0.9643567235959765
4,40,0,12,53,-0.9656005524317948
4,40,0,13,9,-0.9643052015425188
4,40,0,13,52,-0.9656094864744384
4,40,0,14,10,-0.964314636819597
4,40,0,14,11,-0.9643776395516661
4,40,0,14,12,-0.9644432397514789
4,40,0,14,13,-0.9645110651637628
4,40,0,14,14,-0.9645809747109042
4,40,0,14,15,-0.9646530386808341
4,40,0,14,52,-0.9656149558716289
4,40,0,15,16,-0.964703347119181
4,40,0,15,45,-0.9657273771827848
4,40,0,15,46,-0.9657044153564333
4,40,0,15,47,-0.965684174123719
4,40,0,15,48,-0.9656664070254533
4,40,0,15,49,-0.965651083429251
4,40,0,15,50,-0.9656382155493429
4,40,0,15,51,-0.9656280933295366
4,40,0,16,17,-0.9647661194063475
4,40,0,16,18,-0.9648533374880386
4,40,0,16,45,-0.9657471889084137
4,40,0,16,51,-0.9656360333319238
4,40,0,17,19,-0.9649386288539072
4,40,0,17,44,-0.9658015809990387
4,40,0,18,20,-0.9650396981859723
4,40,0,18,45,-0.9657860816270951
4,40,0,19,21,-0.9651583720176817
4,40,0,19,42,-0.9659583135428049
4,40,0,19,43,-0.9658980073050856
4,40,0,19,44,-0.9658462482361785
4,40,0,20,3,-0.9635077512519891
4,40,0,20,22,-0.965296651493668
4,40,0,20,42,-0.9659940730953104
4,40,0,21,3,-0.9634467975226404
4,40,0,21,4,-0.963488216485121
4,40,0,21,23,-0.9654567523055825
4,40,0,21,24,-0.9655860804083458
4,40,0,21,41,-0.9661274226354077
4,40,0,22,3,-0.963351996670578
4,40,0,22,4,-0.9633923343225614
4,40,0,22,25,-0.9657812443830371
4,40,0,22,38,-0.9665942075063457
4,40,0,22,39,-0.9665339230516189
4,40,0,22,40,-0.9664662036833911
4,40,0,23,2,-0.9631449947509735
4,40,0,23,3,-0.9632244311244884
4,40,0,23,4,-0.9632854911019555
4,40,0,23,5,-0.9633502095287959
4,40,0,23,26,-0.966004337817928
4,40,0,23,37,-0.9668158066877709
4,40,0,24,2,-0.9630731268611253
4,40,0,24,3,-0.963122793143732
4,40,0,24,4,-0.9631825295362053
4,40,0,24,5,-0.9632489615575685
4,40,0,24,6,-0.9633227278701297
4,40,0,24,7,-0.9634038920999344
4,40,0,24,27,-0.9662588691031577
4,40,0,24,28,-0.9664095904663009
4,40,0,24,35,-0.9670421009246359
4,40,0,24,36,-0.9670435503928738
4,40,0,25,1,-0.9628866913190133
4,40,0,25,2,-0.9629591533042418
4,40,0,25,3,-0.9630186391811624
4,40,0,25,4,-0.9630804111754397
4,40,0,25,5,-0.9631480445770866
4,40,0,25,6,-0.9632228967959936
4,40,0,25,7,-0.9633056087430953
4,40,0,25,8,-0.9633967118569731
4,40,0,25,9,-0.9634959033442874
4,40,0,25,10,-0.9636038860308322
4,40,0,25,29,-0.9667079227636428
4,40,0,25,30,-0.9668531039483231
4,40,0,25,34,-0.9672431234040441
4,40,0,26,1,-0.9628217948522085
4,40,0,26,2,-0.9628656514500213
4,40,0,26,3,-0.9629196714203219
4,40,0,26,4,-0.9629801148177539
4,40,0,26,5,-0.9630475875963547
4,40,0,26,6,-0.9631228498989496
4,40,0,26,7,-0.9632065037153741
4,40,0,26,8,-0.9632990230179994
4,40,0,26,9,-0.9634006687467646
4,40,0,26,10,-0.9635119269141825
4,40,0,26,11,-0.9636333371816923
4,40,0,26,12,-0.9637647252793882
4,40,0,26,31,-0.9671945439572872
4,40,0,26,32,-0.9673224359537214
4,40,0,26,33,-0.9674275521026202
4,40,0,27,0,-0.9626606128873938
4,40,0,27,1,-0.9627205831394617
4,40,0,27,2,-0.9627695045195672
4,40,0,27,3,-0.9628217470227766
4,40,0,27,4,-0.9628805301085506
4,40,0,27,5,-0.9629470411105221
4,40,0,27,6,-0.9630220494160308
4,40,0,27,7,-0.9631061209684884
4,40,0,27,8,-0.9631997433130746
4,40,0,27,9,-0.9633033234705842
4,40,0,27,10,-0.9634173246836601
4,40,0,27,11,-0.9635422616029893
4,40,0,27,12,-0.9636786626916596
4,40,0,27,32,-0.9675810783378109
4,40,0,28,0,-0.9626082056099801
4,40,0,28,1,-0.9626378892079823
4,40,0,28,2,-0.9626774815261993
4,40,0,28,3,-0.9627250009879584
4,40,0,28,4,-0.9627809289093815
4,40,0,28,5,-0.9628457010534288
4,40,0,28,6,-0.9629198337350569
4,40,0,28,7,-0.9630037959295379
4,40,0,28,8,-0.9630980592170317
4,40,0,28,9,-0.9632030680639835
4,40,0,28,10,-0.963319297882682
4,40,0,28,11,-0.9634472859548793
4,40,0,28,12,-0.9635876292739125
4,40,0,28,13,-0.9637409269512557
4,40,0,28,32,-0.967868980714969
4,40,0,28,33,-0.9680236368280201
4,40,0,29,0,-0.962533649275083
4,40,0,29,1,-0.9625527933947811
4,40,0,29,2,-0.9625849769346783
4,40,0,29,3,-0.9626275933504398
4,40,0,29,4,-0.9626801885979348
4,40,0,29,5,-0.962742708964952
4,40,0,29,6,-0.9628154520088494
4,40,0,29,7,-0.9628987996872717
4,40,0,29,8,-0.9629932018681058
4,40,0,29,9,-0.9630991134594655
4,40,0,29,10,-0.9632170272875215
4,40,0,29,11,-0.9633475207181658
4,40,0,29,12,-0.9634912838780783
4,40,0,29,13,-0.9636490918111109
4,40,0,29,31,-0.9679738206438874
4,40,0,30,0,-0.962447477159061
4,40,0,30,1,-0.9624621679911961
4,40,0,30,2,-0.9624894896965892
4,40,0,30,3,-0.9625279507273214
4,40,0,30,4,-0.9625772259627059
4,40,0,30,5,-0.9626372074416273
4,40,0,30,6,-0.9627081436736914
4,40,0,30,7,-0.9627903994362286
4,40,0,30,8,-0.9628844270070881
4,40,0,30,9,-0.9629906907413108
4,40,0,30,10,-0.9631096956510542
4,40,0,30,11,-0.9632420521548927
4,40,0,30,12,-0.9633885404047963
4,40,0,30,13,-0.9635501375734594
4,40,0,30,31,-0.9682791460465607
4,40,0,31,0,-0.9623541436238222
4,40,0,31,1,-0.962366424154118
4,40,0,31,2,-0.9623903190347433
4,40,0,31,3,-0.9624252347066963
4,40,0,31,4,-0.9624712574844239
4,40,0,31,5,-0.9625284668631926
4,40,0,31,6,-0.9625972056660341
4,40,0,31,7,-0.9626778971389078
4,40,0,31,8,-0.9627710280814631
4,40,0,31,9,-0.9628770746227462
4,40,0,31,10,-0.9629965354651548
4,40,0,31,11,-0.9631300178380686
4,40,0,31,12,-0.9632783371776406
4,40,0,31,13,-0.9634425920019605
4,40,0,31,30,-0.9683007264890299
4,40,0,32,0,-0.9622560614617828
4,40,0,32,1,-0.9622665821496326
4,40,0,32,2,-0.9622875917136412
4,40,0,32,3,-0.9623191507174043
4,40,0,32,4,-0.9623617993690794
4,40,0,32,5,-0.9624159117442451
4,40,0,32,6,-0.9624820135029053
4,40,0,32,7,-0.962560642978769
4,40,0,32,8,-0.9626523465336784
4,40,0,32,9,-0.9627576069329193
4,40,0,32,10,-0.9628768815567725
4,40,0,32,11,-0.9630107109075138
4,40,0,32,12,-0.9631598483308011
4,40,0,32,13,-0.9633253127660413
4,40,0,32,14,-0.9635082679804242
4,40,0,32,30,-0.9686088667457664
4,40,0,33,0,-0.9621549934531939
4,40,0,33,1,-0.9621637722097529
4,40,0,33,2,-0.9621817900721947
4,40,0,33,3,-0.962209714955672
4,40,0,33,4,-0.9622485697583827
4,40,0,33,5,-0.9622990778540195
4,40,0,33,6,-0.9623619975255485
4,40,0,33,7,-0.9624380186283779
4,40,0,33,8,-0.962527762583576
4,40,0,33,9,-0.962631704079727
4,40,0,33,10,-0.9627502060701559
4,40,0,33,11,-0.9628836578589013
4,40,0,33,12,-0.9630326817372409
4,40,0,33,13,-0.9631982751123085
4,40,0,33,14,-0.9633818634884075
4,40,0,33,30,-0.968954539057873
4,40,0,33,31,-0.9693234167486953
4,40,0,33,32,-0.9696427296184646
4,40,0,33,33,-0.9699116121937463
4,40,0,34,0,-0.9620526849385356
4,40,0,34,1,-0.9620592498984497
4,40,0,34,2,-0.962073570261103
4,40,0,34,3,-0.9620970861803544
4,40,0,34,4,-0.9621313735503008
4,40,0,34,5,-0.962177535855836
4,40,0,34,6,-0.9622365862004467
4,40,0,34,7,-0.9623093894704772
4,40,0,34,8,-0.9623966567850792
4,40,0,34,9,-0.9624988371209364
4,40,0,34,10,-0.9626161202924965
4,40,0,34,11,-0.9627485926156851
4,40,0,34,12,-0.9628965941438404
4,40,0,34,13,-0.9630609827245213
4,40,0,34,14,-0.9632432727431592
4,40,0,34,15,-0.9634453919968795
4,40,0,34,30,-0.9693024722050915
4,40,0,34,31,-0.9696863715796408
4,40,0,34,33,-0.9702828981466134
4,40,0,35,0,-0.9619513536021798
4,40,0,35,1,-0.9619545056240444
4,40,0,35,2,-0.9619636597517047
4,40,0,35,3,-0.9619814229266805
4,40,0,35,4,-0.9620099840925627
4,40,0,35,5,-0.9620508008672864
4,40,0,35,6,-0.9621051275208036
4,40,0,35,7,-0.9621740252938031
4,40,0,35,8,-0.9622583326217431
4,40,0,35,9,-0.9623584803764911
4,40,0,35,10,-0.9624743921897885
4,40,0,35,11,-0.9626055578290398
4,40,0,35,12,-0.9627517689965819
4,40,0,35,13,-0.9629135376958597
4,40,0,35,14,-0.96309263679666
4,40,0,35,15,-0.9632911722289172
4,40,0,35,16,-0.9635127710394782
4,40,0,35,19,-0.964334699486236
4,40,0,35,20,-0.9646708759898166
4,40,0,35,21,-0.9650445809918508
4,40,0,35,23,-0.9659264662936947
4,40,0,35,24,-0.9664265174998257
4,40,0,35,25,-0.9669629558371137
4,40,0,35,33,-0.970619145507508
4,40,0,36,0,-0.9618544164836174
4,40,0,36,1,-0.9618512997751945
4,40,0,36,2,-0.9618526620078797
4,40,0,36,3,-0.9618627006145145
4,40,0,36,4,-0.9618840179239623
4,40,0,36,5,-0.9619182441736216
4,40,0,36,6,-0.961966802073852
4,40,0,36,7,-0.9620309875205515
4,40,0,36,8,-0.962111876066075
4,40,0,36,9,-0.9622099851074151
4,40,0,36,10,-0.9623249641896907
4,40,0,36,11,-0.9624550402039612
4,40,0,36,12,-0.9625990413036135
4,40,0,36,13,-0.962756522667564
4,40,0,36,14,-0.9629303590311912
4,40,0,36,15,-0.9631216001006337
4,40,0,36,16,-0.9633338389555535
4,40,0,36,17,-0.963573786800553
4,40,0,36,18,-0.9638457141918606
4,40,0,36,22,-0.965350216775772
4,40,0,36,23,-0.965863260282565
4,40,0,36,26,-0.9676856052103505
4,40,0,36,27,-0.9683174958319033
4,40,0,36,32,-0.9706829172990965
4,40,0,36,33,-0.9709444809426167
4,40,0,37,0,-0.9617681461239475
4,40,0,37,1,-0.9617511621095025
4,40,0,37,2,-0.9617405255224475
4,40,0,37,3,-0.9617404424194247
4,40,0,37,4,-0.961752822203723
4,40,0,37,5,-0.9617790426995267
4,40,0,37,6,-0.9618205577137675
4,40,0,37,7,-0.9618789866746689
4,40,0,37,8,-0.9619559120710761
4,40,0,37,9,-0.9620522495002413
4,40,0,37,10,-0.9621679984753722
4,40,0,37,11,-0.9622981678438016
4,40,0,37,12,-0.9624405012452026
4,40,0,37,13,-0.9625908548138311
4,40,0,37,14,-0.9627496150613845
4,40,0,37,15,-0.9629241680145322
4,40,0,37,16,-0.9631237764874451
4,40,0,37,17,-0.9633552199074406
4,40,0,37,28,-0.9691454352477626
4,40,0,37,29,-0.969759916009246
4,40,0,37,30,-0.9702792224381913
4,40,0,37,31,-0.9706961548917022
4,40,0,37,32,-0.9710185177401993
4,40,0,38,0,-0.9617064129813235
4,40,0,38,1,-0.9616522295511859
4,40,0,38,2,-0.9616253862780317
4,40,0,38,3,-0.9616134693107234
4,40,0,38,4,-0.9616154680731163
4,40,0,38,5,-0.9616322420114888
4,40,0,38,6,-0.9616651362224515
4,40,0,38,7,-0.9617162356648798
4,40,0,38,8,-0.9617882480585392
4,40,0,38,9,-0.961882729928147
4,40,0,38,10,-0.9619959934692535
4,40,0,38,11,-0.9621207012563906
4,40,0,38,12,-0.9622565404349143
4,40,0,38,13,-0.9623958377351678
4,40,0,38,14,-0.9625339619139874
4,40,0,38,15,-0.9626692218115429
4,40,0,39,1,-0.9615335037755997
4,40,0,39,2,-0.9615028598694911
4,40,0,39,3,-0.961480109760881
4,40,0,39,4,-0.9614710403175128
4,40,0,39,5,-0.961477029539058
4,40,0,39,6,-0.9614992591668792
4,40,0,39,7,-0.9615402851977543
4,40,0,39,8,-0.9615997361208031
4,40,0,39,9,-0.9616756097242283
4,40,0,39,10,-0.9617733723862204
4,40,0,39,11,-0.9618868655570183
4,40,0,39,12,-0.9620201984500373
4,40,0,39,13,-0.9621440044475569
4,40,0,40,1,-0.9614529701889784
4,40,0,40,2,-0.9613799850083837
4,40,0,40,3,-0.9613406059144094
4,40,0,40,4,-0.961319273180103
4,40,0,40,5,-0.9613132931558687
4,40,0,40,6,-0.961322322853574
4,40,0,40,7,-0.961344838464744
4,40,0,40,8,-0.9613704460259154
4,40,0,40,9,-0.9613864892939017
4,40,0,40,10,-0.9613484747072797
4,40,0,40,11,-0.961381476107634
4,40,0,41,2,-0.9612310498391091
4,40,0,41,3,-0.9611905946786925
4,40,0,41,4,-0.9611597036312324
4,40,0,41,5,-0.9611404310925075
4,40,0,41,6,-0.961127804018315
4,40,0,41,7,-0.9611132976434175
4,40,0,41,8,-0.9610738944771176
4,40,0,41,9,-0.9608149648374499
4,40,0,42,2,-0.9611301196659836
4,40,0,42,3,-0.9610338246057444
4,40,0,42,4,-0.9609769020622878
4,40,0,42,5,-0.9609298142002184
4,40,0,42,6,-0.960877473453601
4,40,0,42,7,-0.9607876085116462
4,40,0,43,3,-0.9608088669243156
4,40,0,43,4,-0.9607349581419028
4,40,0,43,5,-0.9606329975055993
4,40,0,43,6,-0.9604489289460457
4,40,0,44,3,-0.9606190463031328
4,40,0,44,4,-0.9604125821952101
4,41,0,10,55,-0.956306052403058
4,41,0,11,54,-0.9563105689630383
4,41,0,12,9,-0.9550850241575795
4,41,0,12,53,-0.9563170321222387
4,41,0,13,9,-0.9550340648743103
4,41,0,13,52,-0.9563258309173785
4,41,0,14,10,-0.955043402938223
4,41,0,14,11,-0.9551057099861165
4,41,0,14,12,-0.9551705921864118
4,41,0,14,13,-0.9552376892378556
4,41,0,14,14,-0.9553068659303879
4,41,0,14,15,-0.9553781947770436
4,41,0,14,52,-0.9563312007975452
4,41,0,15,16,-0.9554280559571116
4,41,0,15,45,-0.9564425166737355
4,41,0,15,46,-0.9564197438271101
4,41,0,15,47,-0.9563996727548777
4,41,0,15,48,-0.9563820631237235
4,41,0,15,49,-0.9563668874941803
4,41,0,15,50,-0.9563541569415387
4,41,0,15,51,-0.9563441555999797
4,41,0,16,17,-0.9554903122114986
4,41,0,16,18,-0.9555767183519466
4,41,0,16,45,-0.9564621311593888
4,41,0,16,51,-0.9563520140083708
4,41,0,17,19,-0.9556613443556983
4,41,0,17,44,-0.9565160539582298
4,41,0,18,20,-0.9557616202879331
4,41,0,18,45,-0.9565006597755308
4,41,0,19,21,-0.9558793298598766
4,41,0,19,42,-0.9566714900190801
4,41,0,19,43,-0.9566116603722163
4,41,0,19,44,-0.9565603192553859
4,41,0,20,3,-0.9542451920445689
4,41,0,20,22,-0.9560164299157692
4,41,0,20,42,-0.9567069302388295
4,41,0,21,3,-0.9541848788530647
4,41,0,21,4,-0.9542258712428725
4,41,0,21,23,-0.9561750977628489
4,41,0,21,24,-0.956303121303985
4,41,0,21,41,-0.9568391455551719
4,41,0,22,3,-0.9540910735937636
4,41,0,22,4,-0.9541309956826493
4,41,0,22,25,-0.9564964524244565
4,41,0,22,38,-0.9573017675192909
4,41,0,22,39,-0.9572420372843325
4,41,0,22,40,-0.9571749256544809
4,41,0,23,2,-0.9538862353615424
4,41,0,23,3,-0.9539648483676673
4,41,0,23,4,-0.9540252775694991
4,41,0,23,5,-0.9540893267965013
4,41,0,23,26,-0.9567174425793582
4,41,0,23,37,-0.9575213370345548
4,41,0,24,2,-0.9538151230353313
4,41,0,24,3,-0.9538642768689919
4,41,0,24,4,-0.9539233966308379
4,41,0,24,5,-0.9539891364992408
4,41,0,24,6,-0.9540621265755519
4,41,0,24,7,-0.954142441240734
4,41,0,24,27,-0.9569695989517211
4,41,0,24,28,-0.9571188541428045
4,41,0,24,35,-0.9577455434605225
4,41,0,24,36,-0.9577470043981052
4,41,0,25,1,-0.9536306341707924
4,41,0,25,2,-0.9537023469976351
4,41,0,25,3,-0.953761219837316
4,41,0,25,4,-0.9538223535170346
4,41,0,25,5,-0.9538892770000992
4,41,0,25,6,-0.9539633447507292
4,41,0,25,7,-0.9540451968084037
4,41,0,25,8,-0.95413535803193
4,41,0,25,9,-0.9542335294853598
4,41,0,25,10,-0.954340412731196
4,41,0,25,29,-0.957414476477294
4,41,0,25,30,-0.9575583007335798
4,41,0,25,34,-0.9579447606300422
4,41,0,26,1,-0.9535664201688905
4,41,0,26,2,-0.9536098271217229
4,41,0,26,3,-0.9536632934788344
4,41,0,26,4,-0.9537231094989013
4,41,0,26,5,-0.95378987502978
4,41,0,26,6,-0.9538643543283268
4,41,0,26,7,-0.9539471440806381
4,41,0,26,8,-0.9540387120234929
4,41,0,26,9,-0.9541393207695544
4,41,0,26,10,-0.9542494593118129
4,41,0,26,11,-0.9543696624421925
4,41,0,26,12,-0.9544997552423187
4,41,0,26,31,-0.957896678900765
4,41,0,26,32,-0.9580233987323812
4,41,0,26,33,-0.9581275555312898
4,41,0,27,0,-0.9534069187739349
4,41,0,27,1,-0.9534662714101325
4,41,0,27,2,-0.9535146940594352
4,41,0,27,3,-0.9535664057993792
4,41,0,27,4,-0.9536245754657542
4,41,0,27,5,-0.9536903914804088
4,41,0,27,6,-0.9537646238320487
4,41,0,27,7,-0.9538478311564944
4,41,0,27,8,-0.9539404956855627
4,41,0,27,9,-0.9540430274307626
4,41,0,27,10,-0.9541558938932004
4,41,0,27,11,-0.954279602994835
4,41,0,27,12,-0.9544146724668642
4,41,0,27,32,-0.9582797454822721
4,41,0,28,0,-0.9533550633259464
4,41,0,28,1,-0.9533844463158408
4,41,0,28,2,-0.9534236412016727
4,41,0,28,3,-0.9534706826352951
4,41,0,28,4,-0.9535260290979853
4,41,0,28,5,-0.9535901278047814
4,41,0,28,6,-0.9536634969359694
4,41,0,28,7,-0.9537465990745994
4,41,0,28,8,-0.9538399024090627
4,41,0,28,9,-0.9539438563343915
4,41,0,28,10,-0.9540589409103598
4,41,0,28,11,-0.9541856845695401
4,41,0,28,12,-0.9543246698923968
4,41,0,28,13,-0.9544764884524302
4,41,0,28,32,-0.9585650769160288
4,41,0,28,33,-0.9587182985023746
4,41,0,29,0,-0.9532812916767264
4,41,0,29,1,-0.9533002461544543
4,41,0,29,2,-0.9533321124019006
4,41,0,29,3,-0.953374306394443
4,41,0,29,4,-0.9534263587179259
4,41,0,29,5,-0.9534882324780615
4,41,0,29,6,-0.9535602287202434
4,41,0,29,7,-0.9536427247768083
4,41,0,29,8,-0.9537361692894015
4,41,0,29,9,-0.9538410240405555
4,41,0,29,10,-0.9539577867247367
4,41,0,29,11,-0.954087023786237
4,41,0,29,12,-0.9542294072227508
4,41,0,29,13,-0.9543857005300093
4,41,0,29,31,-0.9586690369313626
4,41,0,30,0,-0.953196026400733
4,41,0,30,1,-0.9532105753028912
4,41,0,30,2,-0.9532376333093314
4,41,0,30,3,-0.9532757202713715
4,41,0,30,4,-0.9533244908111324
4,41,0,30,5,-0.953383854742811
4,41,0,30,6,-0.95345406427717
4,41,0,30,7,-0.9535354808237342
4,41,0,30,8,-0.9536285572274867
4,41,0,30,9,-0.9537337665246464
4,41,0,30,10,-0.9538516190304578
4,41,0,30,11,-0.9539827125746648
4,41,0,30,12,-0.9541278056886521
4,41,0,30,13,-0.9542878596647603
4,41,0,30,31,-0.9589716035225839
4,41,0,31,0,-0.9531036746962567
4,41,0,31,1,-0.9531158397687591
4,41,0,31,2,-0.9531395095429844
4,41,0,31,3,-0.9531740928243688
4,41,0,31,4,-0.9532196473996589
4,41,0,31,5,-0.9532762695716466
4,41,0,31,6,-0.9533443048789606
4,41,0,31,7,-0.9534241735014085
4,41,0,31,8,-0.953516363912053
4,41,0,31,9,-0.9536213625335963
4,41,0,31,10,-0.9537396743081484
4,41,0,31,11,-0.9538718930919652
4,41,0,31,12,-0.9540188100570921
4,41,0,31,13,-0.954181504225844
4,41,0,31,30,-0.9589930722620592
4,41,0,32,0,-0.9530066231912295
4,41,0,32,1,-0.9530170479694979
4,41,0,32,2,-0.9530378649253145
4,41,0,32,3,-0.9530691299632214
4,41,0,32,4,-0.9531113464830057
4,41,0,32,5,-0.9531649038691299
4,41,0,32,6,-0.9532303289326962
4,41,0,32,7,-0.9533081563217363
4,41,0,32,8,-0.9533989343251869
4,41,0,32,9,-0.9535031572846286
4,41,0,32,10,-0.9536212904167372
4,41,0,32,11,-0.9537538614381502
4,41,0,32,12,-0.95390159831751
4,41,0,32,13,-0.9540654988764908
4,41,0,32,14,-0.95424671873808
4,41,0,32,30,-0.9592983817464282
4,41,0,33,0,-0.9529066151080965
4,41,0,33,1,-0.9529153169655503
4,41,0,33,2,-0.952933174942454
4,41,0,33,3,-0.9529608451293481
4,41,0,33,4,-0.9529993060646533
4,41,0,33,5,-0.9530492948013903
4,41,0,33,6,-0.9531115692001692
4,41,0,33,7,-0.9531868141853412
4,41,0,33,8,-0.9532756524074939
4,41,0,33,9,-0.9533785707722573
4,41,0,33,10,-0.9534959422406811
4,41,0,33,11,-0.9536281456716336
4,41,0,33,12,-0.9537757785184792
4,41,0,33,13,-0.9539398152363507
4,41,0,33,14,-0.9541216689637491
4,41,0,33,30,-0.9596408402539613
4,41,0,33,31,-0.9600062015502913
4,41,0,33,32,-0.9603224671714771
4,41,0,33,33,-0.9605887743722562
4,41,0,34,0,-0.9528053765022757
4,41,0,34,1,-0.9528118879820671
4,41,0,34,2,-0.9528260874055662
4,41,0,34,3,-0.9528493937809239
4,41,0,34,4,-0.9528833314155808
4,41,0,34,5,-0.9529290156653867
4,41,0,34,6,-0.9529874581231956
4,41,0,34,7,-0.9530595174044418
4,41,0,34,8,-0.9531459042259128
4,41,0,34,9,-0.9532470793021908
4,41,0,34,10,-0.9533632448375908
4,41,0,34,11,-0.9534944814981385
4,41,0,34,12,-0.9536411079067127
4,41,0,34,13,-0.9538039590354837
4,41,0,34,14,-0.9539845341889702
4,41,0,34,15,-0.954184751245456
4,41,0,34,30,-0.9599855077578786
4,41,0,34,31,-0.9603657278403985
4,41,0,34,33,-0.9609565206352526
4,41,0,35,0,-0.9527051012527809
4,41,0,35,1,-0.9527082351180698
4,41,0,35,2,-0.9527173214905202
4,41,0,35,3,-0.9527349329363102
4,41,0,35,4,-0.9527631993388802
4,41,0,35,5,-0.952803588159468
4,41,0,35,6,-0.952857351929321
4,41,0,35,7,-0.9529255448599628
4,41,0,35,8,-0.9530090026174336
4,41,0,35,9,-0.9531081656333469
4,41,0,35,10,-0.9532229717631892
4,41,0,35,11,-0.9533529136591418
4,41,0,35,12,-0.9534977692788804
4,41,0,35,13,-0.9536580310238216
4,41,0,35,14,-0.9538354523216728
4,41,0,35,15,-0.9540321268493068
4,41,0,35,16,-0.9542516542398373
4,41,0,35,19,-0.9550658229615143
4,41,0,35,20,-0.955398770843689
4,41,0,35,21,-0.9557688634486367
4,41,0,35,23,-0.9566421839069084
4,41,0,35,24,-0.9571373778333394
4,41,0,35,25,-0.9576686180957475
4,41,0,35,33,-0.9612895577251648
4,41,0,36,0,-0.952609170802205
4,41,0,36,1,-0.952606100331972
4,41,0,36,2,-0.9526074744811919
4,41,0,36,3,-0.9526174400035144
4,41,0,36,4,-0.9526385345489958
4,41,0,36,5,-0.9526723959587917
4,41,0,36,6,-0.9527204459263543
4,41,0,36,7,-0.9527839735242097
4,41,0,36,8,-0.9528640486304799
4,41,0,36,9,-0.9529611935941186
4,41,0,36,10,-0.9530750720286154
4,41,0,36,11,-0.953203929380678
4,41,0,36,12,-0.9533465936131531
4,41,0,36,13,-0.953502611158673
4,41,0,36,14,-0.9536748239007631
4,41,0,36,15,-0.9538642835870456
4,41,0,36,16,-0.954074551801854
4,41,0,36,17,-0.954312269395678
4,41,0,36,18,-0.9545816528083704
4,41,0,36,22,-0.9560717074982755
4,41,0,36,23,-0.9565797628677907
4,41,0,36,26,-0.9583844149718375
4,41,0,36,27,-0.959010189962935
4,41,0,36,32,-0.9613527585679368
4,41,0,36,33,-0.9616117964722165
4,41,0,37,0,-0.952523793313607
4,41,0,37,1,-0.952506998035879
4,41,0,37,2,-0.9524964955446612
4,41,0,37,3,-0.9524964435804256
4,41,0,37,4,-0.9525086959398057
4,41,0,37,5,-0.9525346326804875
4,41,0,37,6,-0.9525757084322874
4,41,0,37,7,-0.9526335364328276
4,41,0,37,8,-0.9527096892313445
4,41,0,37,9,-0.9528050789013822
4,41,0,37,10,-0.9529197120766808
4,41,0,37,11,-0.9530486505481068
4,41,0,37,12,-0.9531896548540169
4,41,0,37,13,-0.9533386125020364
4,41,0,37,14,-0.9534959040337672
4,41,0,37,15,-0.9536688498781463
4,41,0,37,16,-0.9538666242061341
4,41,0,37,17,-0.9540959362984852
4,41,0,37,28,-0.959830237724979
4,41,0,37,29,-0.9604387611202372
4,41,0,37,30,-0.9609530393713952
4,41,0,37,31,-0.9613659396885496
4,41,0,37,32,-0.9616851887256644
4,41,0,38,0,-0.9524626969436796
4,41,0,38,1,-0.9524090857320344
4,41,0,38,2,-0.9523825390688343
4,41,0,38,3,-0.9523707681397493
4,41,0,38,4,-0.952372764963727
4,41,0,38,5,-0.9523893569902064
4,41,0,38,6,-0.9524218996927696
4,41,0,38,7,-0.9524724727189815
4,41,0,38,8,-0.9525437614464853
4,41,0,38,9,-0.9526373086304671
4,41,0,38,10,-0.9527494709116864
4,41,0,38,11,-0.9528729898338141
4,41,0,38,12,-0.9530075553491815
4,41,0,38,13,-0.9531455678869011
4,41,0,38,14,-0.953282436377914
4,41,0,38,15,-0.9534164903832668
4,41,0,39,1,-0.9522915905609084
4,41,0,39,2,-0.9522612782220696
4,41,0,39,3,-0.9522387867648588
4,41,0,39,4,-0.9522298391556744
4,41,0,39,5,-0.9522357674499551
4,41,0,39,6,-0.9522577582828737
4,41,0,39,7,-0.9522983584881681
4,41,0,39,8,-0.9523572104764739
4,41,0,39,9,-0.9524323352428493
4,41,0,39,10,-0.9525291444620667
4,41,0,39,11,-0.9526415469795236
4,41,0,39,12,-0.9527736189781377
4,41,0,39,13,-0.952896298405006
4,41,0,40,1,-0.9522118901070338
4,41,0,40,2,-0.9521396739745541
4,41,0,40,3,-0.9521007234670829
4,41,0,40,4,-0.9520796393380769
4,41,0,40,5,-0.9520737474208881
4,41,0,40,6,-0.9520826805751309
4,41,0,40,7,-0.9521049605056677
4,41,0,40,8,-0.9521303163625275
4,41,0,40,9,-0.9521462197308147
4,41,0,40,10,-0.9521086323787232
4,41,0,40,11,-0.9521413478998535
4,41,0,41,2,-0.9519922851635801
4,41,0,41,3,-0.9519522657621501
4,41,0,41,4,-0.951921725356323
4,41,0,41,5,-0.9519026913194524
4,41,0,41,6,-0.9518902054777447
4,41,0,41,7,-0.9518758521409044
4,41,0,41,8,-0.9518368644076047
4,41,0,41,9,-0.9515806259201596
4,41,0,42,2,-0.951892397543616
4,41,0,42,3,-0.9517971112710457
4,41,0,42,4,-0.9517408043473337
4,41,0,42,5,-0.9516942440394252
4,41,0,42,6,-0.9516424924283204
4,41,0,42,7,-0.9515535705245922
4,41,0,43,3,-0.9515744748023925
4,41,0,43,4,-0.9515013509926924
4,41,0,43,5,-0.9514004920020396
4,41,0,43,6,-0.951218404912925
4,41,0,44,3,-0.9513866104121146
4,41,0,44,4,-0.9511822975159773
4,42,0,10,55,-0.9471183530155364
4,42,0,11,54,-0.9471228228145281
4,42,0,12,9,-0.9459108416248413
4,42,0,12,53,-0.9471292386690024
4,42,0,13,9,-0.9458603730117345
4,42,0,13,52,-0.94713802551657
4,42,0,14,10,-0.9458696331057578
4,42,0,14,11,-0.9459313727293758
4,42,0,14,12,-0.9459956659608036
4,42,0,14,13,-0.9460621452268552
4,42,0,14,14,-0.9461306696506633
4,42,0,14,15,-0.9462013060636529
4,42,0,14,52,-0.9471433991484606
4,42,0,15,16,-0.9462506884544656
4,42,0,15,45,-0.9472539268925586
4,42,0,15,46,-0.9472313550294956
4,42,0,15,47,-0.9472114497835854
4,42,0,15,48,-0.9471939763646152
4,42,0,15,49,-0.9471789097436478
4,42,0,15,50,-0.9471662617292674
4,42,0,15,51,-0.9471563121124794
4,42,0,16,17,-0.9463123036388016
4,42,0,16,18,-0.9463978063485513
4,42,0,16,45,-0.9472733866057155
4,42,0,16,51,-0.9471641045594554
4,42,0,17,19,-0.9464815237997309
4,42,0,17,44,-0.947326814753277
4,42,0,18,20,-0.9465807294198654
4,42,0,18,45,-0.9473115775848854
4,42,0,19,21,-0.9466972157650029
4,42,0,19,42,-0.9474807448556531
4,42,0,19,43,-0.9474215115398672
4,42,0,19,44,-0.9473706726941219
4,42,0,20,3,-0.9450790621235543
4,42,0,20,22,-0.9468329467468912
4,42,0,20,42,-0.947515858872529
4,42,0,21,3,-0.945019339931254
4,42,0,21,4,-0.9450599331754147
4,42,0,21,23,-0.9469900960992238
4,42,0,21,24,-0.947116926590537
4,42,0,21,41,-0.9476468291954296
4,42,0,22,3,-0.944926455872508
4,42,0,22,4,-0.9449659914213561
4,42,0,22,25,-0.947308485738898
4,42,0,22,38,-0.9481052736297019
4,42,0,22,39,-0.9480460460365955
4,42,0,22,40,-0.9479795338802053
4,42,0,23,2,-0.944723629967168
4,42,0,23,3,-0.9448014687932136
4,42,0,23,4,-0.9448613108048751
4,42,0,23,5,-0.9449247469096407
4,42,0,23,26,-0.9475274495237473
4,42,0,23,37,-0.9483228740950633
4,42,0,24,2,-0.9446532177965361
4,42,0,24,3,-0.944701889025091
4,42,0,24,4,-0.9447604347279063
4,42,0,24,5,-0.9448255520364848
4,42,0,24,6,-0.9448978786577374
4,42,0,24,7,-0.9449774688446667
4,42,0,24,27,-0.947777254789556
4,42,0,24,28,-0.9479250691800014
4,42,0,24,35,-0.9485451448224801
4,42,0,24,36,-0.9485465016887571
4,42,0,25,1,-0.9444705499172019
4,42,0,25,2,-0.9445415530348413
4,42,0,25,3,-0.9445998466966148
4,42,0,25,4,-0.944660383180867
4,42,0,25,5,-0.9447266853143509
4,42,0,25,6,-0.9448000807330023
4,42,0,25,7,-0.9448811922485784
4,42,0,25,8,-0.9449705348681855
4,42,0,25,9,-0.9450678071268636
4,42,0,25,10,-0.945173694570152
4,42,0,25,29,-0.9482178331543452
4,42,0,25,30,-0.9483602003459727
4,42,0,25,34,-0.9487425604228652
4,42,0,26,1,-0.9444069706539125
4,42,0,26,2,-0.9444499469516817
4,42,0,26,3,-0.9445028853383572
4,42,0,26,4,-0.9445621226056077
4,42,0,26,5,-0.9446282733458564
4,42,0,26,6,-0.9447020754444253
4,42,0,26,7,-0.944784113636716
4,42,0,26,8,-0.9448748494709002
4,42,0,26,9,-0.944974534163325
4,42,0,26,10,-0.9450836391796855
4,42,0,26,11,-0.9452026924263337
4,42,0,26,12,-0.9453315274538818
4,42,0,26,31,-0.9486952448944023
4,42,0,26,32,-0.9488206455439562
4,42,0,26,33,-0.9489237032920212
4,42,0,27,0,-0.9442490511434501
4,42,0,27,1,-0.9443078130374478
4,42,0,27,2,-0.9443557518099489
4,42,0,27,3,-0.9444069425379059
4,42,0,27,4,-0.9444645634679291
4,42,0,27,5,-0.9445297769209884
4,42,0,27,6,-0.9446033339935278
4,42,0,27,7,-0.9446857852769549
4,42,0,27,8,-0.9447776074309971
4,42,0,27,9,-0.94487919481432
4,42,0,27,10,-0.944990995419273
4,42,0,27,11,-0.9451135116462986
4,42,0,27,12,-0.9452472662736127
4,42,0,27,32,-0.9490745310934297
4,42,0,28,0,-0.9441977107153369
4,42,0,28,1,-0.9442267993662563
4,42,0,28,2,-0.9442655993286885
4,42,0,28,3,-0.944312163169287
4,42,0,28,4,-0.9443669920683924
4,42,0,28,5,-0.9444305055212212
4,42,0,28,6,-0.9445032076778827
4,42,0,28,7,-0.9445855553696542
4,42,0,28,8,-0.9446780107318571
4,42,0,28,9,-0.9447810048068837
4,42,0,28,10,-0.9448949966127892
4,42,0,28,11,-0.945020509815747
4,42,0,28,12,-0.9451581341888338
4,42,0,28,13,-0.9453084660010584
4,42,0,28,32,-0.9493571226587667
4,42,0,28,33,-0.9495087876295193
4,42,0,29,0,-0.9441246726591038
4,42,0,29,1,-0.9441434356135368
4,42,0,29,2,-0.944174978292164
4,42,0,29,3,-0.9442167408534257
4,42,0,29,4,-0.9442683077457596
4,42,0,29,5,-0.9443296176199256
4,42,0,29,6,-0.9444009605739654
4,42,0,29,7,-0.9444827092110469
4,42,0,29,8,-0.9445753052829634
4,42,0,29,9,-0.9446791901384309
4,42,0,29,10,-0.9447948391149732
4,42,0,29,11,-0.9449228142547801
4,42,0,29,12,-0.9450637963064299
4,42,0,29,13,-0.9452185545387952
4,42,0,29,31,-0.9494601843479518
4,42,0,30,0,-0.9440402559634654
4,42,0,30,1,-0.944054656453792
4,42,0,30,2,-0.9440814373574482
4,42,0,30,3,-0.9441191314893473
4,42,0,30,4,-0.944167448188226
4,42,0,30,5,-0.9442262726509661
4,42,0,30,6,-0.9442958471127793
4,42,0,30,7,-0.944376528280572
4,42,0,30,8,-0.9444687611686025
4,42,0,30,9,-0.9445729966101762
4,42,0,30,10,-0.9446897212474362
4,42,0,30,11,-0.9448195285606167
4,42,0,30,12,-0.9449631870776953
4,42,0,30,13,-0.9451216646654926
4,42,0,30,31,-0.9497598656036275
4,42,0,31,0,-0.943948824208977
4,42,0,31,1,-0.9439608639014234
4,42,0,31,2,-0.9439842889515506
4,42,0,31,3,-0.9440185123450681
4,42,0,31,4,-0.9440636448977785
4,42,0,31,5,-0.9441197552112901
4,42,0,31,6,-0.9441871779919604
4,42,0,31,7,-0.94426632813862
4,42,0,31,8,-0.9443576854869931
4,42,0,31,9,-0.9444617128334077
4,42,0,31,10,-0.9445788901075837
4,42,0,31,11,-0.944709806644977
4,42,0,31,12,-0.9448552649229667
4,42,0,31,13,-0.9450163520814043
4,42,0,31,30,-0.9497812560167191
4,42,0,32,0,-0.9438527408608582
4,42,0,32,1,-0.9438630569710512
4,42,0,32,2,-0.9438836565593034
4,42,0,32,3,-0.9439145940363531
4,42,0,32,4,-0.9439564231897656
4,42,0,32,5,-0.9440095009066829
4,42,0,32,6,-0.9440743408967871
4,42,0,32,7,-0.9441514716620022
4,42,0,32,8,-0.9442414324763345
4,42,0,32,9,-0.9443446932826831
4,42,0,32,10,-0.9444616931410821
4,42,0,32,11,-0.9445929549491171
4,42,0,32,12,-0.9447392195226613
4,42,0,32,13,-0.9449014961047578
4,42,0,32,14,-0.9450809361851912
4,42,0,32,30,-0.9500837028726462
4,42,0,33,0,-0.9437537326791307
4,42,0,33,1,-0.9437623426391508
4,42,0,33,2,-0.9437800123059198
4,42,0,33,3,-0.9438073918695871
4,42,0,33,4,-0.9438455062825515
4,42,0,33,5,-0.943895054303895
4,42,0,33,6,-0.943956777217398
4,42,0,33,7,-0.9440313526619657
4,42,0,33,8,-0.9441193945164081
4,42,0,33,9,-0.9442213656519981
4,42,0,33,10,-0.9443376124574115
4,42,0,33,11,-0.9444685087032444
4,42,0,33,12,-0.9446146658885731
4,42,0,33,13,-0.9447770722089942
4,42,0,33,14,-0.9449571366771391
4,42,0,33,30,-0.9504229690178625
4,42,0,33,31,-0.9507847667814758
4,42,0,33,32,-0.9510979530076954
4,42,0,33,33,-0.9513616789919963
4,42,0,34,0,-0.9436535095228422
4,42,0,34,1,-0.9436599509297722
4,42,0,34,2,-0.9436739989058429
4,42,0,34,3,-0.943697061009287
4,42,0,34,4,-0.9437307024238661
4,42,0,34,5,-0.9437759940607834
4,42,0,34,6,-0.9438339264088604
4,42,0,34,7,-0.9439053489917302
4,42,0,34,8,-0.9439909644215195
4,42,0,34,9,-0.9440912113265013
4,42,0,34,10,-0.9442062666236709
4,42,0,34,11,-0.9443362064539322
4,42,0,34,12,-0.9444813648594735
4,42,0,34,13,-0.944642593164584
4,42,0,34,14,-0.9448213881774858
4,42,0,34,15,-0.9450196450401486
4,42,0,34,30,-0.9507644511111852
4,42,0,34,31,-0.9511409759933779
4,42,0,34,33,-0.9517260462228404
4,42,0,35,0,-0.9435542441740687
4,42,0,35,1,-0.9435573422258492
4,42,0,35,2,-0.9435663293317728
4,42,0,35,3,-0.9435837567293164
4,42,0,35,4,-0.9436117890819973
4,42,0,35,5,-0.943651844307439
4,42,0,35,6,-0.943705148841274
4,42,0,35,7,-0.9437727446605326
4,42,0,35,8,-0.9438554594369347
4,42,0,35,9,-0.9439537149378232
4,42,0,35,10,-0.9440674278370196
4,42,0,35,11,-0.9441960893843122
4,42,0,35,12,-0.944339495526608
4,42,0,35,13,-0.9444981584223471
4,42,0,35,14,-0.9446738286960337
4,42,0,35,15,-0.9448685766144952
4,42,0,35,16,-0.9450859514782212
4,42,0,35,19,-0.94589218250153
4,42,0,35,20,-0.9462219280347723
4,42,0,35,21,-0.9465884835146445
4,42,0,35,23,-0.9474534889192499
4,42,0,35,24,-0.9479439622227913
4,42,0,35,25,-0.9484701170847525
4,42,0,35,33,-0.952056028244475
4,42,0,36,0,-0.9434592844163863
4,42,0,36,1,-0.943456241657726
4,42,0,36,2,-0.9434575955435016
4,42,0,36,3,-0.9434674555690679
4,42,0,36,4,-0.9434883905070968
4,42,0,36,5,-0.9435219882995851
4,42,0,36,6,-0.9435696405577354
4,42,0,36,7,-0.9436326191489427
4,42,0,36,8,-0.9437119833697669
4,42,0,36,9,-0.9438082403683112
4,42,0,36,10,-0.9439210392822397
4,42,0,36,11,-0.944048634020059
4,42,0,36,12,-0.9441898757587146
4,42,0,36,13,-0.9443443385421117
4,42,0,36,14,-0.9445148527072018
4,42,0,36,15,-0.9447024523875597
4,42,0,36,16,-0.9449106561268134
4,42,0,36,17,-0.9451460410271109
4,42,0,36,18,-0.9454127979273963
4,42,0,36,22,-0.946888576740027
4,42,0,36,23,-0.9473917973408673
4,42,0,36,26,-0.9491791714873123
4,42,0,36,27,-0.9497989100179697
4,42,0,36,32,-0.9521187772497349
4,42,0,36,33,-0.9523752986379131
4,42,0,37,0,-0.9433747751027455
4,42,0,37,1,-0.9433581486002618
4,42,0,37,2,-0.9433477483431973
4,42,0,37,3,-0.9433476923697195
4,42,0,37,4,-0.9433598678965917
4,42,0,37,5,-0.943385619434941
4,42,0,37,6,-0.943426369683745
4,42,0,37,7,-0.9434837079278284
4,42,0,37,8,-0.9435591878498585
4,42,0,37,9,-0.9436537071071837
4,42,0,37,10,-0.9437672594232025
4,42,0,37,11,-0.943894945825787
4,42,0,37,12,-0.9440345541850044
4,42,0,37,13,-0.9441820322500205
4,42,0,37,14,-0.9443377735501113
4,42,0,37,15,-0.9445090243332859
4,42,0,37,16,-0.944704859380345
4,42,0,37,17,-0.9449319247245493
4,42,0,37,28,-0.9506111939787012
4,42,0,37,29,-0.9512138247644331
4,42,0,37,30,-0.9517231043722231
4,42,0,37,31,-0.952131982959935
4,42,0,37,32,-0.9524481189523327
4,42,0,38,0,-0.9433143032234897
4,42,0,38,1,-0.9432612390150784
4,42,0,38,2,-0.9432349630148377
4,42,0,38,3,-0.9432233172485663
4,42,0,38,4,-0.9432253130022149
4,42,0,38,5,-0.9432418040441855
4,42,0,38,6,-0.9432741047044054
4,42,0,38,7,-0.9433242598217408
4,42,0,38,8,-0.9433949235687825
4,42,0,38,9,-0.9434876213399024
4,42,0,38,10,-0.9435987382711266
4,42,0,38,11,-0.9437210768279425
4,42,0,38,12,-0.9438543256249949
4,42,0,38,13,-0.9439909750383836
4,42,0,38,14,-0.9441265009659698
4,42,0,38,15,-0.9442592564443819
4,42,0,39,1,-0.9431449457151132
4,42,0,39,2,-0.9431149428512828
4,42,0,39,3,-0.9430926822488956
4,42,0,39,4,-0.9430838290387199
4,42,0,39,5,-0.9430897469209589
4,42,0,39,6,-0.9431115931534756
4,42,0,39,7,-0.9431518727991661
4,42,0,39,8,-0.9432102235115469
4,42,0,39,9,-0.9432846889964825
4,42,0,39,10,-0.9433806298784827
4,42,0,39,11,-0.943491992325411
4,42,0,39,12,-0.9436227923119246
4,42,0,39,13,-0.9437442694844376
4,42,0,40,1,-0.9430660607502456
4,42,0,40,2,-0.9429945819386643
4,42,0,40,3,-0.9429560291033507
4,42,0,40,4,-0.9429351613355721
4,42,0,40,5,-0.9429293402888718
4,42,0,40,6,-0.9429382451803973
4,42,0,40,7,-0.9429603816831493
4,42,0,40,8,-0.9429855721116889
4,42,0,40,9,-0.9430014259638757
4,42,0,40,10,-0.9429643727655977
4,42,0,40,11,-0.9429968975327951
4,42,0,41,2,-0.942848697980139
4,42,0,41,3,-0.942809085148382
4,42,0,41,4,-0.9427788494082647
4,42,0,41,5,-0.9427599979827526
4,42,0,41,6,-0.9427476760364062
4,42,0,41,7,-0.9427335365309285
4,42,0,41,8,-0.942695039336835
4,42,0,41,9,-0.9424415696879094
4,42,0,42,2,-0.9427498338703023
4,42,0,42,3,-0.9426555225656765
4,42,0,42,4,-0.9425997844114127
4,42,0,42,5,-0.9425536846679295
4,42,0,42,6,-0.9425024463182198
4,42,0,42,7,-0.9424144809796738
4,42,0,43,3,-0.9424351756401634
4,42,0,43,4,-0.9423627955105554
4,42,0,43,5,-0.9422629455741722
4,42,0,43,6,-0.942082674050104
4,42,0,44,3,-0.9422492466648301
4,42,0,44,4,-0.9420470365836666
4,43,0,10,55,-0.9380269831915045
4,43,0,11,54,-0.9380314165709834
4,43,0,12,9,-0.9368314839596789
4,43,0,12,53,-0.9380377711507903
4,43,0,13,9,-0.936781551290144
4,43,0,13,52,-0.9380464257606596
4,43,0,14,10,-0.9367907267545029
4,43,0,14,11,-0.9368518036705679
4,43,0,14,12,-0.9369154068046845
4,43,0,14,13,-0.9369811818266789
4,43,0,14,14,-0.9370489948682226
4,43,0,14,15,-0.9371189165367282
4,43,0,14,52,-0.938051703700616
4,43,0,15,16,-0.9371678465238263
4,43,0,15,45,-0.9381611601233953
4,43,0,15,46,-0.9381387669264974
4,43,0,15,47,-0.9381190300585017
4,43,0,15,48,-0.9381017150343963
4,43,0,15,49,-0.9380867944933842
4,43,0,15,50,-0.9380742779949964
4,43,0,15,51,-0.9380644426876175
4,43,0,16,17,-0.9372289351349071
4,43,0,16,18,-0.9373136383629431
4,43,0,16,45,-0.9381804225792605
4,43,0,16,51,-0.93807215812752
4,43,0,17,19,-0.9373966681628506
4,43,0,17,44,-0.9382334035591336
4,43,0,18,20,-0.9374950529612507
4,43,0,18,45,-0.9382182545984241
4,43,0,19,21,-0.9376105454270451
4,43,0,19,42,-0.9383860884291102
4,43,0,19,43,-0.9383273117085518
4,43,0,19,44,-0.938276867526125
4,43,0,20,3,-0.9360084206780656
4,43,0,20,22,-0.9377450680892845
4,43,0,20,42,-0.9384208882071152
4,43,0,21,3,-0.9359493123919411
4,43,0,21,4,-0.9359894967860183
4,43,0,21,23,-0.9379007594292283
4,43,0,21,24,-0.9380262937119643
4,43,0,21,41,-0.9385507474740571
4,43,0,22,3,-0.9358573822504836
4,43,0,22,4,-0.9358965194047241
4,43,0,22,25,-0.938216005256191
4,43,0,22,38,-0.939005113997156
4,43,0,22,39,-0.938946429005687
4,43,0,22,40,-0.9388805138897761
4,43,0,23,2,-0.9356566301121259
4,43,0,23,3,-0.9357336792171606
4,43,0,23,4,-0.9357929168956144
4,43,0,23,5,-0.9358557138451223
4,43,0,23,26,-0.9384328605247438
4,43,0,23,37,-0.939220734326327
4,43,0,24,2,-0.9355869423539481
4,43,0,24,3,-0.9356351223657738
4,43,0,24,4,-0.9356930779859642
4,43,0,24,5,-0.9357575324873942
4,43,0,24,6,-0.9358291025408172
4,43,0,24,7,-0.9359078598611279
4,43,0,24,27,-0.9386802962144878
4,43,0,24,28,-0.9388266593668867
4,43,0,24,35,-0.9394409749999652
4,43,0,24,36,-0.9394423331707528
4,43,0,25,1,-0.9354061434538858
4,43,0,25,2,-0.9354764261369932
4,43,0,25,3,-0.93553413265279
4,43,0,25,4,-0.9355940625055825
4,43,0,25,5,-0.9356596778088563
4,43,0,25,6,-0.9357323064383545
4,43,0,25,7,-0.9358125746280731
4,43,0,25,8,-0.9359009938248533
4,43,0,25,9,-0.9359972673533342
4,43,0,25,10,-0.9361020821928039
4,43,0,25,29,-0.9391167325574137
4,43,0,25,30,-0.9392577606476236
4,43,0,25,34,-0.9396366146665562
4,43,0,26,1,-0.9353432199576949
4,43,0,26,2,-0.9353857645413998
4,43,0,26,3,-0.9354381735350081
4,43,0,26,4,-0.9354968122156754
4,43,0,26,5,-0.9355622742144022
4,43,0,26,6,-0.9356353091674956
4,43,0,26,7,-0.9357165005099873
4,43,0,26,8,-0.935806302888455
4,43,0,26,9,-0.9359049696819617
4,43,0,26,10,-0.9360129791816733
4,43,0,26,11,-0.9361308577086253
4,43,0,26,12,-0.9362584366612778
4,43,0,26,31,-0.9395897768472411
4,43,0,26,32,-0.9397140251918481
4,43,0,26,33,-0.9398161405964965
4,43,0,27,0,-0.9351869181112145
4,43,0,27,1,-0.935245084497402
4,43,0,27,2,-0.9352925453608691
4,43,0,27,3,-0.9353432340510827
4,43,0,27,4,-0.9354002612852048
4,43,0,27,5,-0.9354647943748916
4,43,0,27,6,-0.9355375900711341
4,43,0,27,7,-0.9356191944695302
4,43,0,27,8,-0.9357100759399855
4,43,0,27,9,-0.9358106318321187
4,43,0,27,10,-0.9359213191214337
4,43,0,27,11,-0.9360426379822283
4,43,0,27,12,-0.9361750997130328
4,43,0,27,32,-0.9399656403109724
4,43,0,28,0,-0.9351361090446986
4,43,0,28,1,-0.9351649081093648
4,43,0,28,2,-0.9352033274529266
4,43,0,28,3,-0.9352494395337152
4,43,0,28,4,-0.9353037015671465
4,43,0,28,5,-0.9353665533694626
4,43,0,28,6,-0.9354385056182322
4,43,0,28,7,-0.9355200103876486
4,43,0,28,8,-0.9356115220259803
4,43,0,28,9,-0.9357134760493064
4,43,0,28,10,-0.9358263414805201
4,43,0,28,11,-0.9359506386995661
4,43,0,28,12,-0.9360869429947005
4,43,0,28,13,-0.936235837198497
4,43,0,28,32,-0.9402456926301362
4,43,0,28,33,-0.9403959506144974
4,43,0,29,0,-0.9350638274505919
4,43,0,29,1,-0.9350824077117066
4,43,0,29,2,-0.9351136461662585
4,43,0,29,3,-0.9351550084121926
4,43,0,29,4,-0.9352060434240861
4,43,0,29,5,-0.9352667163480585
4,43,0,29,6,-0.9353373254298779
4,43,0,29,7,-0.9354182393389778
4,43,0,29,8,-0.9355098931527608
4,43,0,29,9,-0.9356127341870013
4,43,0,29,10,-0.9357272484626921
4,43,0,29,11,-0.9358539936184074
4,43,0,29,12,-0.9359936329366451
4,43,0,29,13,-0.9361469183220475
4,43,0,29,31,-0.940347877465492
4,43,0,30,0,-0.934980285827427
4,43,0,30,1,-0.934994549241269
4,43,0,30,2,-0.9350210764771456
4,43,0,30,3,-0.9350584145513757
4,43,0,30,4,-0.9351062345693594
4,43,0,30,5,-0.9351644493237665
4,43,0,30,6,-0.9352333094437058
4,43,0,30,7,-0.9353131681857377
4,43,0,30,8,-0.9354044647488552
4,43,0,30,9,-0.9355076572139827
4,43,0,30,10,-0.9356232436445195
4,43,0,30,11,-0.9357518123291588
4,43,0,30,12,-0.9358941116386769
4,43,0,30,13,-0.9360510879397825
4,43,0,30,31,-0.9406448380917363
4,43,0,31,0,-0.9348898024294465
4,43,0,31,1,-0.934901730120065
4,43,0,31,2,-0.934924937594465
4,43,0,31,3,-0.9349588428625911
4,43,0,31,4,-0.9350035124361966
4,43,0,31,5,-0.9350590416577111
4,43,0,31,6,-0.9351257727835942
4,43,0,31,7,-0.9352041169460462
4,43,0,31,8,-0.9352945483850263
4,43,0,31,9,-0.9353975381018392
4,43,0,31,10,-0.9355135785016533
4,43,0,31,11,-0.935643253730628
4,43,0,31,12,-0.9357873443224909
4,43,0,31,13,-0.9359469126005355
4,43,0,31,30,-0.9406661087905221
4,43,0,32,0,-0.9347947156674872
4,43,0,32,1,-0.9348049382463242
4,43,0,32,2,-0.9348253506500485
4,43,0,32,3,-0.9348560050526965
4,43,0,32,4,-0.9348974046789418
4,43,0,32,5,-0.9349499317660146
4,43,0,32,6,-0.9350141063150388
4,43,0,32,7,-0.9350904520419162
4,43,0,32,8,-0.9351795020769947
4,43,0,32,9,-0.9352817350510533
4,43,0,32,10,-0.9353976039605636
4,43,0,32,11,-0.935527627725879
4,43,0,32,12,-0.9356725249869051
4,43,0,32,13,-0.9358332789453784
4,43,0,32,14,-0.9360110247294879
4,43,0,32,30,-0.9409657686084426
4,43,0,33,0,-0.9346967335587784
4,43,0,33,1,-0.9347052681016103
4,43,0,33,2,-0.9347227815272281
4,43,0,33,3,-0.9347499143734348
4,43,0,33,4,-0.9347876351176376
4,43,0,33,5,-0.9348366662795846
4,43,0,33,6,-0.9348977543192062
4,43,0,33,7,-0.9349715707786788
4,43,0,33,8,-0.9350587221083233
4,43,0,33,9,-0.9351596796053947
4,43,0,33,10,-0.9352748052933921
4,43,0,33,11,-0.935404471654459
4,43,0,33,12,-0.9355492693975368
4,43,0,33,13,-0.9357101593992514
4,43,0,33,14,-0.9358885299694322
4,43,0,33,30,-0.9413018755108228
4,43,0,33,31,-0.9416602270679688
4,43,0,33,32,-0.9419704282490593
4,43,0,33,33,-0.9422316322116852
4,43,0,34,0,-0.9345975473413166
4,43,0,34,1,-0.9346039359297195
4,43,0,34,2,-0.9346178651046486
4,43,0,34,3,-0.9346407233765227
4,43,0,34,4,-0.9346740132012448
4,43,0,34,5,-0.9347188273315498
4,43,0,34,6,-0.9347761608501491
4,43,0,34,7,-0.9348468562290275
4,43,0,34,8,-0.9349316068682555
4,43,0,34,9,-0.9350308584632612
4,43,0,34,10,-0.9351448050725447
4,43,0,34,11,-0.9352735262735545
4,43,0,34,12,-0.9354173394179756
4,43,0,34,13,-0.9355770692441912
4,43,0,34,14,-0.9357541891566786
4,43,0,34,15,-0.9359505788410303
4,43,0,34,30,-0.9416401512448611
4,43,0,34,31,-0.9420130735077419
4,43,0,34,33,-0.9425925319387611
4,43,0,35,0,-0.9344993066299694
4,43,0,35,1,-0.9345023862332266
4,43,0,35,2,-0.9345113063160814
4,43,0,35,3,-0.9345285862153272
4,43,0,35,4,-0.9345563204817738
4,43,0,35,5,-0.9345959464401216
4,43,0,35,6,-0.9346486952054353
4,43,0,35,7,-0.9347156017740748
4,43,0,35,8,-0.9347974828446705
4,43,0,35,9,-0.9348947644440518
4,43,0,35,10,-0.935007380946691
4,43,0,35,11,-0.9351348349625012
4,43,0,35,12,-0.9352769138205224
4,43,0,35,13,-0.9354341070317638
4,43,0,35,14,-0.9356081376854356
4,43,0,35,15,-0.9358010577944667
4,43,0,35,16,-0.9360163918899638
4,43,0,35,19,-0.9368150012197671
4,43,0,35,20,-0.9371415884421357
4,43,0,35,21,-0.9375046129363286
4,43,0,35,23,-0.9383612396727647
4,43,0,35,24,-0.9388469502377212
4,43,0,35,25,-0.9393680018883939
4,43,0,35,33,-0.9429193729507933
4,43,0,36,0,-0.9344053244757786
4,43,0,36,1,-0.9344023260488963
4,43,0,36,2,-0.9344036908150564
4,43,0,36,3,-0.9344134810715885
4,43,0,36,4,-0.9344341893308178
4,43,0,36,5,-0.9344674196104633
4,43,0,36,6,-0.9345145686869888
4,43,0,36,7,-0.9345769026055217
4,43,0,36,8,-0.9346554686006101
4,43,0,36,9,-0.9347507733717899
4,43,0,36,10,-0.9348624820571385
4,43,0,36,11,-0.9349888743705943
4,43,0,36,12,-0.9351288063807379
4,43,0,36,13,-0.9352818407860044
4,43,0,36,14,-0.9354507679142103
4,43,0,36,15,-0.9356366174259281
4,43,0,36,16,-0.9358428789395105
4,43,0,36,17,-0.9360760663295413
4,43,0,36,18,-0.9363403223470451
4,43,0,36,22,-0.937801968451184
4,43,0,36,23,-0.9383003093104959
4,43,0,36,26,-0.9400703253730374
4,43,0,36,27,-0.940684064057196
4,43,0,36,32,-0.9429815617079378
4,43,0,36,33,-0.943235616482383
4,43,0,37,0,-0.9343216830199351
4,43,0,37,1,-0.9343052396652104
4,43,0,37,2,-0.9342949695106498
4,43,0,37,3,-0.9342949464640065
4,43,0,37,4,-0.9343069913668597
4,43,0,37,5,-0.9343324561583277
4,43,0,37,6,-0.9343727696635895
4,43,0,37,7,-0.9344295163724388
4,43,0,37,8,-0.9345042371374227
4,43,0,37,9,-0.9345978212476711
4,43,0,37,10,-0.9347102700711473
4,43,0,37,11,-0.9348367428054722
4,43,0,37,12,-0.9349750490111681
4,43,0,37,13,-0.9351211647507767
4,43,0,37,14,-0.9352754704859132
4,43,0,37,15,-0.9354451423393615
4,43,0,37,16,-0.9356391686299859
4,43,0,37,17,-0.9358641320619485
4,43,0,37,28,-0.9414886176058985
4,43,0,37,29,-0.9420854163546123
4,43,0,37,30,-0.9425897760231898
4,43,0,37,31,-0.9429947101169488
4,43,0,37,32,-0.9433078042870972
4,43,0,38,0,-0.9342618308264161
4,43,0,38,1,-0.9342093232203017
4,43,0,38,2,-0.9341833354294669
4,43,0,38,3,-0.9341718316737055
4,43,0,38,4,-0.934173825945571
4,43,0,38,5,-0.9341901326527648
4,43,0,38,6,-0.9342220821932218
4,43,0,38,7,-0.9342717164143972
4,43,0,38,8,-0.934341667281199
4,43,0,38,9,-0.9344334432740354
4,43,0,38,10,-0.9345434724084134
4,43,0,38,11,-0.9346646387915524
4,43,0,38,12,-0.9347966393968475
4,43,0,38,13,-0.9349320359489058
4,43,0,38,14,-0.9350663362113597
4,43,0,38,15,-0.9351979072347458
4,43,0,39,1,-0.9340942279794944
4,43,0,39,2,-0.9340645477597896
4,43,0,39,3,-0.9340425390942522
4,43,0,39,4,-0.9340338082060292
4,43,0,39,5,-0.9340396635455854
4,43,0,39,6,-0.9340612696455581
4,43,0,39,7,-0.9341011257404251
4,43,0,39,8,-0.9341588836620649
4,43,0,39,9,-0.9342326090120396
4,43,0,39,10,-0.9343276067849905
4,43,0,39,11,-0.934437892925688
4,43,0,39,12,-0.9345674578495091
4,43,0,39,13,-0.9346878389177372
4,43,0,40,1,-0.9340161549693651
4,43,0,40,2,-0.9339454257290637
4,43,0,40,3,-0.9339072906595695
4,43,0,40,4,-0.9338866664519041
4,43,0,40,5,-0.933880935752503
4,43,0,40,6,-0.9338897424126019
4,43,0,40,7,-0.9339116407986261
4,43,0,40,8,-0.9339365756461689
4,43,0,40,9,-0.9339522823508922
4,43,0,40,10,-0.9339156348334537
4,43,0,40,11,-0.9339478731142246
4,43,0,41,2,-0.9338010499932929
4,43,0,41,3,-0.9337618626291052
4,43,0,41,4,-0.9337319702891295
4,43,0,41,5,-0.9337133600861407
4,43,0,41,6,-0.9337011773286206
4,43,0,41,7,-0.9336871814289357
4,43,0,41,8,-0.9336490785413366
4,43,0,41,9,-0.9333982246857997
4,43,0,42,2,-0.9337032043214676
4,43,0,42,3,-0.9336098797745184
4,43,0,42,4,-0.933554744635133
4,43,0,42,5,-0.9335091671612411
4,43,0,42,6,-0.9334585170016807
4,43,0,42,7,-0.9333714720420186
4,43,0,43,3,-0.9333918048899789
4,43,0,43,4,-0.9333201947166592
4,43,0,43,5,-0.9332214308352267
4,43,0,43,6,-0.9330431177933468
4,43,0,44,3,-0.9332077921997479
4,43,0,44,4,-0.9330076907679455
4,44,0,10,55,-0.9290295323322004
4,44,0,11,54,-0.9290339220657233
4,44,0,12,9,-0.9278472893053689
4,44,0,12,53,-0.9290402251174961
4,44,0,13,9,-0.9277978379231634
4,44,0,13,52,-0.9290488556508731
4,44,0,14,10,-0.9278069390009626
4,44,0,14,11,-0.9278674582837673
4,44,0,14,12,-0.9279304807381114
4,44,0,14,13,-0.927995646976884
4,44,0,14,14,-0.9280628200215132
4,44,0,14,15,-0.9281320665091363
4,44,0,14,52,-0.9290541265814432
4,44,0,15,16,-0.9281805373065117
4,44,0,15,45,-0.9291628041463098
4,44,0,15,46,-0.9291406070792937
4,44,0,15,47,-0.9291210361515323
4,44,0,15,48,-0.9291038571432791
4,44,0,15,49,-0.9290890421739042
4,44,0,15,50,-0.9290766024327868
4,44,0,15,51,-0.9290668147144484
4,44,0,16,17,-0.9282410141030646
4,44,0,16,18,-0.9283248457780596
4,44,0,16,45,-0.9291819087529002
4,44,0,16,51,-0.9290744617979133
4,44,0,17,19,-0.9284070063178396
4,44,0,17,44,-0.9292344142488128
4,44,0,18,20,-0.9285043627895935
4,44,0,18,45,-0.9292194045865749
4,44,0,19,21,-0.9286186732074881
4,44,0,19,42,-0.9293856726655726
4,44,0,19,43,-0.9293274545186461
4,44,0,19,44,-0.929277479793956
4,44,0,20,3,-0.9270321220370031
4,44,0,20,22,-0.9287518636813884
4,44,0,20,42,-0.929420152479731
4,44,0,21,3,-0.9269735923192157
4,44,0,21,4,-0.927013387504003
4,44,0,21,23,-0.9289060665385437
4,44,0,21,24,-0.9290304238800113
4,44,0,21,41,-0.9295488094740357
4,44,0,22,3,-0.926882562587744
4,44,0,22,4,-0.9269213232330339
4,44,0,22,25,-0.9292183810116275
4,44,0,22,38,-0.9299990950966799
4,44,0,22,39,-0.9299409057701498
4,44,0,22,40,-0.9298755770238323
4,44,0,23,2,-0.9266837716944848
4,44,0,23,3,-0.9267600684863961
4,44,0,23,4,-0.9268187354979199
4,44,0,23,5,-0.9268809344522462
4,44,0,23,26,-0.929433226060393
4,44,0,23,37,-0.9302127822935035
4,44,0,24,2,-0.9266147662128656
4,44,0,24,3,-0.9266624792475424
4,44,0,24,4,-0.9267198798863314
4,44,0,24,5,-0.9267837290218779
4,44,0,24,6,-0.9268546437134152
4,44,0,24,7,-0.9269326811433345
4,44,0,24,27,-0.9296783332981623
4,44,0,24,28,-0.9298232710668746
4,44,0,24,35,-0.9304311238147709
4,44,0,24,36,-0.9304323812685236
4,44,0,25,1,-0.926435736988727
4,44,0,25,2,-0.9265053313207798
4,44,0,25,3,-0.9265624796754154
4,44,0,25,4,-0.9266218380823539
4,44,0,25,5,-0.9266868478805033
4,44,0,25,6,-0.926758811900458
4,44,0,25,7,-0.9268383433139604
4,44,0,25,8,-0.9269259497275336
4,44,0,25,9,-0.9270213371340047
4,44,0,25,10,-0.9271251799334044
4,44,0,25,29,-0.9301105332103703
4,44,0,25,30,-0.9302501340001577
4,44,0,25,34,-0.9306249966889463
4,44,0,26,1,-0.9263734311029741
4,44,0,26,2,-0.9264155608619448
4,44,0,26,3,-0.9264674649302412
4,44,0,26,4,-0.9265255526246792
4,44,0,26,5,-0.9265904149244714
4,44,0,26,6,-0.9266627797347646
4,44,0,26,7,-0.9267432229175484
4,44,0,26,8,-0.9268321978463633
4,44,0,26,9,-0.9269299527034175
4,44,0,26,10,-0.9270369527538023
4,44,0,26,11,-0.9271537168958579
4,44,0,26,12,-0.9272800794409486
4,44,0,26,31,-0.9305788895004096
4,44,0,26,32,-0.9307018533764158
4,44,0,26,33,-0.9308028993121268
4,44,0,27,0,-0.9262186665065244
4,44,0,27,1,-0.9262762596159579
4,44,0,27,2,-0.9263232570194768
4,44,0,27,3,-0.9263734556033706
4,44,0,27,4,-0.9264299569921439
4,44,0,27,5,-0.9264939020933961
4,44,0,27,6,-0.92656602954421
4,44,0,27,7,-0.9266468810889683
4,44,0,27,8,-0.9267369238696181
4,44,0,27,9,-0.9268365465358578
4,44,0,27,10,-0.9269461920426405
4,44,0,27,11,-0.9270663549402715
4,44,0,27,12,-0.927197545742195
4,44,0,27,32,-0.9309510575392421
4,44,0,28,0,-0.9261683593932187
4,44,0,28,1,-0.9261968750309978
4,44,0,28,2,-0.926234918835355
4,44,0,28,3,-0.9262805859569414
4,44,0,28,4,-0.9263343516124976
4,44,0,28,5,-0.9263966326397309
4,44,0,28,6,-0.9264679252638507
4,44,0,28,7,-0.9265486786865855
4,44,0,28,8,-0.926639345206347
4,44,0,28,9,-0.926740349502024
4,44,0,28,10,-0.9268521459338936
4,44,0,28,11,-0.9269752505574452
4,44,0,28,12,-0.9271102398375197
4,44,0,28,13,-0.9272576935133827
4,44,0,28,32,-0.9312284255386681
4,44,0,28,33,-0.9313771643734173
4,44,0,29,0,-0.926096793929268
4,44,0,29,1,-0.9261151915511054
4,44,0,29,2,-0.9261461246222139
4,44,0,29,3,-0.9261870877034011
4,44,0,29,4,-0.9262376579131539
4,44,0,29,5,-0.9262977816170456
4,44,0,29,6,-0.9263677452205652
4,44,0,29,7,-0.926447914854756
4,44,0,29,8,-0.9265387223729642
4,44,0,29,9,-0.9266406025620464
4,44,0,29,10,-0.9267540262931819
4,44,0,29,11,-0.9268795479123035
4,44,0,29,12,-0.9270178334533891
4,44,0,29,13,-0.9271696321815036
4,44,0,29,31,-0.9313297236885882
4,44,0,30,0,-0.9260140817920599
4,44,0,30,1,-0.926028204789825
4,44,0,30,2,-0.926054472109424
4,44,0,30,3,-0.9260914487124421
4,44,0,30,4,-0.9261388349844227
4,44,0,30,5,-0.9261965250530114
4,44,0,30,6,-0.9262647583790085
4,44,0,30,7,-0.9263438850412542
4,44,0,30,8,-0.9264343396231264
4,44,0,30,9,-0.9265365661192176
4,44,0,30,10,-0.9266510469217896
4,44,0,30,11,-0.9267783678840611
4,44,0,30,12,-0.9269192815707181
4,44,0,30,13,-0.9270747319584738
4,44,0,30,31,-0.931623855718621
4,44,0,31,0,-0.925924498627739
4,44,0,31,1,-0.9259363083980974
4,44,0,31,2,-0.9259592874657012
4,44,0,31,3,-0.9259928629807619
4,44,0,31,4,-0.9260371297300618
4,44,0,31,5,-0.926092161680216
4,44,0,31,6,-0.9261582889311715
4,44,0,31,7,-0.9262359181452395
4,44,0,31,8,-0.9263255175235952
4,44,0,31,9,-0.9264275425785145
4,44,0,31,10,-0.9265424694755684
4,44,0,31,11,-0.9266708806984805
4,44,0,31,12,-0.9268135626410405
4,44,0,31,13,-0.926971576259833
4,44,0,31,30,-0.931645042539714
4,44,0,32,0,-0.9258303601337469
4,44,0,32,1,-0.9258404810871363
4,44,0,32,2,-0.9258606915866894
4,44,0,32,3,-0.9258910469246635
4,44,0,32,4,-0.9259320769548895
4,44,0,32,5,-0.9259841382940261
4,44,0,32,6,-0.926047736596434
4,44,0,32,7,-0.926123389477877
4,44,0,32,8,-0.9262116228639352
4,44,0,32,9,-0.9263128989389369
4,44,0,32,10,-0.9264276540411318
4,44,0,32,11,-0.9265564061894107
4,44,0,32,12,-0.9266998819198374
4,44,0,32,13,-0.9268590658575369
4,44,0,32,14,-0.9270350812521079
4,44,0,32,30,-0.9319418910374813
4,44,0,33,0,-0.9257333580630104
4,44,0,33,1,-0.9257418073407293
4,44,0,33,2,-0.9257591469710923
4,44,0,33,3,-0.9257860155307859
4,44,0,33,4,-0.9258234054838115
4,44,0,33,5,-0.9258720086077846
4,44,0,33,6,-0.925932553839563
4,44,0,33,7,-0.9260057047216084
4,44,0,33,8,-0.92609205983035
4,44,0,33,9,-0.926192073988489
4,44,0,33,10,-0.9263060927685274
4,44,0,33,11,-0.926434488581505
4,44,0,33,12,-0.9265778618228068
4,44,0,33,13,-0.9267371766629027
4,44,0,33,14,-0.9269138085766908
4,44,0,33,30,-0.9322748606612326
4,44,0,33,31,-0.932629719651032
4,44,0,33,32,-0.9329369006905749
4,44,0,33,33,-0.9331955720292019
4,44,0,34,0,-0.9256351675152894
4,44,0,34,1,-0.925641492151719
4,44,0,34,2,-0.9256552832370618
4,44,0,34,3,-0.9256779208813992
4,44,0,34,4,-0.9257109276018295
4,44,0,34,5,-0.9257553599456355
4,44,0,34,6,-0.9258121914185984
4,44,0,34,7,-0.9258822540334534
4,44,0,34,8,-0.9259662330735043
4,44,0,34,9,-0.9260645591515563
4,44,0,34,10,-0.9261774115934126
4,44,0,34,11,-0.9263048714570005
4,44,0,34,12,-0.9264472677258979
4,44,0,34,13,-0.9266054306285657
4,44,0,34,14,-0.9267808214635864
4,44,0,34,15,-0.9269752955282748
4,44,0,34,30,-0.9326100016647549
4,44,0,34,31,-0.9329793001774491
4,44,0,34,33,-0.9335531407380661
4,44,0,35,0,-0.9255379170472384
4,44,0,35,1,-0.9255409661579828
4,44,0,35,2,-0.9255497987956149
4,44,0,35,3,-0.9255669151675253
4,44,0,35,4,-0.9255944255427857
4,44,0,35,5,-0.9256337264295754
4,44,0,35,6,-0.9256860228757537
4,44,0,35,7,-0.9257523358234462
4,44,0,35,8,-0.9258334732962749
4,44,0,35,9,-0.92592984906817
4,44,0,35,10,-0.9260413870458379
4,44,0,35,11,-0.9261675950953683
4,44,0,35,12,-0.9263082751025875
4,44,0,35,13,-0.926463925062677
4,44,0,35,14,-0.9266362549894366
4,44,0,35,15,-0.9268272917028044
4,44,0,35,16,-0.9270405183785849
4,44,0,35,19,-0.9278313765764754
4,44,0,35,20,-0.9281548314286762
4,44,0,35,21,-0.9285143873539732
4,44,0,35,23,-0.9293628392379042
4,44,0,35,24,-0.9298439042333237
4,44,0,35,25,-0.9303599552231561
4,44,0,35,33,-0.9338769692855564
4,44,0,36,0,-0.9254448863158621
4,44,0,36,1,-0.9254419194076591
4,44,0,36,2,-0.9254432734742073
4,44,0,36,3,-0.9254529753124747
4,44,0,36,4,-0.9254735313877722
4,44,0,36,5,-0.9255065043015697
4,44,0,36,6,-0.9255532610535572
4,44,0,36,7,-0.9256150483842776
4,44,0,36,8,-0.9256929022415058
4,44,0,36,9,-0.9257873201153597
4,44,0,36,10,-0.9258979632375275
4,44,0,36,11,-0.9260231265049305
4,44,0,36,12,-0.9261616856239631
4,44,0,36,13,-0.9263132191368317
4,44,0,36,14,-0.9264804957686087
4,44,0,36,15,-0.9266645275529815
4,44,0,36,16,-0.9268687693434045
4,44,0,36,17,-0.9270996792900124
4,44,0,36,18,-0.9273613744473931
4,44,0,36,22,-0.9288090375799085
4,44,0,36,23,-0.9293026237839954
4,44,0,36,26,-0.9310556547409297
4,44,0,36,27,-0.9316634715486956
4,44,0,36,32,-0.9339387043891778
4,44,0,36,33,-0.934190287417999
4,44,0,37,0,-0.9253620951684903
4,44,0,37,1,-0.9253458210620971
4,44,0,37,2,-0.9253356590633701
4,44,0,37,3,-0.9253356450025504
4,44,0,37,4,-0.9253476192303389
4,44,0,37,5,-0.9253729036616465
4,44,0,37,6,-0.9254128955698873
4,44,0,37,7,-0.9254691530998574
4,44,0,37,8,-0.9255431987196356
4,44,0,37,9,-0.9256359131884523
4,44,0,37,10,-0.9257472951609792
4,44,0,37,11,-0.9258725491219639
4,44,0,37,12,-0.9260095073603527
4,44,0,37,13,-0.9261541938317257
4,44,0,37,14,-0.9263069931327632
4,44,0,37,15,-0.9264750090076093
4,44,0,37,16,-0.9266671397612201
4,44,0,37,17,-0.9268899126976392
4,44,0,37,28,-0.9324604061621241
4,44,0,37,29,-0.9330514246553228
4,44,0,37,30,-0.9335508806656458
4,44,0,37,31,-0.9339518690658866
4,44,0,37,32,-0.9342619076817201
4,44,0,38,0,-0.925302853954044
4,44,0,38,1,-0.9252508853881981
4,44,0,38,2,-0.9252251684389835
4,44,0,38,3,-0.9252137955864989
4,44,0,38,4,-0.9252157988891722
4,44,0,38,5,-0.9252320094428502
4,44,0,38,6,-0.9252637194032906
4,44,0,38,7,-0.9253129340745012
4,44,0,38,8,-0.9253822563863209
4,44,0,38,9,-0.9254731837374237
4,44,0,38,10,-0.9255821806409149
4,44,0,38,11,-0.9257021969902763
4,44,0,38,12,-0.9258329253135422
4,44,0,38,13,-0.9259670049571191
4,44,0,38,14,-0.9261000008516209
4,44,0,38,15,-0.9262303043900213
4,44,0,39,1,-0.9251369677845308
4,44,0,39,2,-0.9251075949588652
4,44,0,39,3,-0.9250858196952004
4,44,0,39,4,-0.9250771928878314
4,44,0,39,5,-0.9250830431186012
4,44,0,39,6,-0.9251045062144132
4,44,0,39,7,-0.9251440387412546
4,44,0,39,8,-0.9252012900798251
4,44,0,39,9,-0.9252743530876387
4,44,0,39,10,-0.9253684902304994
4,44,0,39,11,-0.9254777610630529
4,44,0,39,12,-0.925606094009514
4,44,0,39,13,-0.925725312845666
4,44,0,40,1,-0.9250596939075042
4,44,0,40,2,-0.9249896913948717
4,44,0,40,3,-0.924951952255697
4,44,0,40,4,-0.9249315497535051
4,44,0,40,5,-0.9249258998247195
4,44,0,40,6,-0.9249346793721458
4,44,0,40,7,-0.9249564297047638
4,44,0,40,8,-0.924981189087982
4,44,0,40,9,-0.924996831401273
4,44,0,40,10,-0.9249606955811789
4,44,0,40,11,-0.9249927451625043
4,44,0,41,2,-0.9248467929608903
4,44,0,41,3,-0.9248080090888098
4,44,0,41,4,-0.9247784246812922
4,44,0,41,5,-0.9247600067304309
4,44,0,41,6,-0.9247479884215345
4,44,0,41,7,-0.9247341978881676
4,44,0,41,8,-0.9246965653158287
4,44,0,41,9,-0.9244484093497045
4,44,0,42,2,-0.9247499509918218
4,44,0,42,3,-0.9246575861228957
4,44,0,42,4,-0.9246030163301843
4,44,0,42,5,-0.9245579024061027
4,44,0,42,6,-0.9245077661969644
4,44,0,42,7,-0.92442165876104
4,44,0,43,3,-0.9244417549554392
4,44,0,43,4,-0.9243708790457554
4,44,0,43,5,-0.9242731154718126
4,44,0,43,6,-0.9240965968654834
4,44,0,44,3,-0.9242596370918431
4,44,0,44,4,-0.9240615988765214
4,45,0,10,55,-0.9201266333480288
4,45,0,11,54,-0.9201309876170367
4,45,0,12,9,-0.9189556758548619
4,45,0,12,53,-0.9201372265309605
4,45,0,13,9,-0.9189067635154621
4,45,0,13,52,-0.9201457219504617
4,45,0,14,10,-0.918915772976474
4,45,0,14,11,-0.9189756241444956
4,45,0,14,12,-0.9190379558476525
4,45,0,14,13,-0.9191024215247201
4,45,0,14,14,-0.9191688906249518
4,45,0,14,15,-0.9192374326086945
4,45,0,14,52,-0.9201508941828669
4,45,0,15,16,-0.9192854751832554
4,45,0,15,45,-0.9202585017213306
4,45,0,15,46,-0.9202364839808631
4,45,0,15,47,-0.9202170770709164
4,45,0,15,48,-0.9202000509713208
4,45,0,15,49,-0.9201853795134597
4,45,0,15,50,-0.9201730727179677
4,45,0,15,51,-0.9201634028670052
4,45,0,16,17,-0.91934546019225
4,45,0,16,18,-0.9194285172343414
4,45,0,16,45,-0.9202774148308843
4,45,0,16,51,-0.9201709726745766
4,45,0,17,19,-0.9195100441880282
4,45,0,17,44,-0.9203294751742792
4,45,0,18,20,-0.9196066438453716
4,45,0,18,45,-0.9203145608680252
4,45,0,19,21,-0.9197200312517322
4,45,0,19,42,-0.9204795078072483
4,45,0,19,43,-0.920421738368709
4,45,0,19,44,-0.9203721566034629
4,45,0,20,3,-0.9181492675685077
4,45,0,20,22,-0.9198520880628136
4,45,0,20,42,-0.9205136819963757
4,45,0,21,3,-0.9180913510730102
4,45,0,21,4,-0.9181307377064352
4,45,0,21,23,-0.9200049087332209
4,45,0,21,24,-0.9201280057514567
4,45,0,21,41,-0.9206412574430582
4,45,0,22,3,-0.9180012742443133
4,45,0,22,4,-0.9180396369450925
4,45,0,22,25,-0.9203141908034754
4,45,0,22,38,-0.9210875566448942
4,45,0,22,39,-0.9210299006163143
4,45,0,22,40,-0.9209651550116231
4,45,0,23,2,-0.9178045540376547
4,45,0,23,3,-0.9178800627881547
4,45,0,23,4,-0.9179381261259327
4,45,0,23,5,-0.9179996850454515
4,45,0,23,26,-0.92052700475449
4,45,0,23,37,-0.9212993001590011
4,45,0,24,2,-0.9177362714064033
4,45,0,24,3,-0.9177834942476033
4,45,0,24,4,-0.9178403052449671
4,45,0,24,5,-0.9179034917384498
4,45,0,24,6,-0.9179736579354003
4,45,0,24,7,-0.918050874625976
4,45,0,24,27,-0.9207698242314297
4,45,0,24,28,-0.9209133514970106
4,45,0,24,35,-0.9215156409216937
4,45,0,24,36,-0.9215169108743639
4,45,0,25,1,-0.917559104832019
4,45,0,25,2,-0.9176279820328226
4,45,0,25,3,-0.9176845444578486
4,45,0,25,4,-0.9177432945283283
4,45,0,25,5,-0.9178076222550428
4,45,0,25,6,-0.9178788293354156
4,45,0,25,7,-0.9179575302637611
4,45,0,25,8,-0.9180442278800269
4,45,0,25,9,-0.9181386326143024
4,45,0,25,10,-0.9182414190311802
4,45,0,25,29,-0.9211980140675945
4,45,0,25,30,-0.92133631585685
4,45,0,25,34,-0.9217077828795012
4,45,0,26,1,-0.9174974519105321
4,45,0,26,2,-0.9175391517692377
4,45,0,26,3,-0.9175905275062477
4,45,0,26,4,-0.9176480167122295
4,45,0,26,5,-0.9177121981757548
4,45,0,26,6,-0.9177838071541219
4,45,0,26,7,-0.9178634163984077
4,45,0,26,8,-0.9179514734443566
4,45,0,26,9,-0.9180482289944722
4,45,0,26,10,-0.9181541532036983
4,45,0,26,11,-0.9182697611014272
4,45,0,26,12,-0.918394885182964
4,45,0,26,31,-0.9216621408590572
4,45,0,26,32,-0.9217839859648302
4,45,0,26,33,-0.9218841171040476
4,45,0,27,0,-0.9173442960132686
4,45,0,27,1,-0.9174012974980587
4,45,0,27,2,-0.9174478187335771
4,45,0,27,3,-0.9174975139110564
4,45,0,27,4,-0.9175534272033672
4,45,0,27,5,-0.9176167023243814
4,45,0,27,6,-0.9176880806268184
4,45,0,27,7,-0.9177680983507731
4,45,0,27,8,-0.9178572169662212
4,45,0,27,9,-0.9179558290474574
4,45,0,27,10,-0.9180643841142507
4,45,0,27,11,-0.9181833712858305
4,45,0,27,12,-0.9183132894384747
4,45,0,27,32,-0.9220309914813379
4,45,0,28,0,-0.9172945171908108
4,45,0,28,1,-0.9173227452039007
4,45,0,28,2,-0.9173604100685187
4,45,0,28,3,-0.9174056247255392
4,45,0,28,4,-0.9174588318533131
4,45,0,28,5,-0.917520463194645
4,45,0,28,6,-0.9175910186189346
4,45,0,28,7,-0.9176709423267667
4,45,0,28,8,-0.9177606824902015
4,45,0,28,9,-0.9178606696865172
4,45,0,28,10,-0.9179713655251085
4,45,0,28,11,-0.9180932787865942
4,45,0,28,12,-0.9182269706716915
4,45,0,28,13,-0.9183730110392774
4,45,0,28,32,-0.922305897295024
4,45,0,28,33,-0.9224532655783162
4,45,0,29,0,-0.9172237033364156
4,45,0,29,1,-0.9172419197936441
4,45,0,29,2,-0.9172725507078898
4,45,0,29,3,-0.9173131143814729
4,45,0,29,4,-0.9173631626427643
4,45,0,29,5,-0.9174226622959463
4,45,0,29,6,-0.9174919048740267
4,45,0,29,7,-0.9175712529539519
4,45,0,29,8,-0.9176611361828524
4,45,0,29,9,-0.9177619971983066
4,45,0,29,10,-0.917874314574409
4,45,0,29,11,-0.9179986335785598
4,45,0,29,12,-0.9181356013679395
4,45,0,29,13,-0.9182859532200338
4,45,0,29,31,-0.9224063495802938
4,45,0,30,0,-0.917141860127731
4,45,0,30,1,-0.9171558476860286
4,45,0,30,2,-0.917181864099266
4,45,0,30,3,-0.917218487304388
4,45,0,30,4,-0.9172653880309483
4,45,0,30,5,-0.9173224818700083
4,45,0,30,6,-0.9173900135735042
4,45,0,30,7,-0.9174683306803033
4,45,0,30,8,-0.917557867138625
4,45,0,30,9,-0.9176590765611659
4,45,0,30,10,-0.9177724496676792
4,45,0,30,11,-0.9178985618370235
4,45,0,30,12,-0.9180381434112201
4,45,0,30,13,-0.9181921199937364
4,45,0,30,31,-0.9226978379375093
4,45,0,31,0,-0.9170532179784413
4,45,0,31,1,-0.9170649176395153
4,45,0,31,2,-0.9170876826424931
4,45,0,31,3,-0.9171209443221171
4,45,0,31,4,-0.9171647601943516
4,45,0,31,5,-0.9172192248914848
4,45,0,31,6,-0.9172846728735028
4,45,0,31,7,-0.9173615083781949
4,45,0,31,8,-0.917450199840962
4,45,0,31,9,-0.9175512138986387
4,45,0,31,10,-0.9176650361221269
4,45,0,31,11,-0.9177922380065549
4,45,0,31,12,-0.9179335812533982
4,45,0,31,13,-0.918090104780338
4,45,0,31,30,-0.9227189141339539
4,45,0,32,0,-0.916960067463402
4,45,0,32,1,-0.9169700969968937
4,45,0,32,2,-0.9169901244221776
4,45,0,32,3,-0.9170202022872694
4,45,0,32,4,-0.917060815567841
4,45,0,32,5,-0.9171123402901848
4,45,0,32,6,-0.9171752850683439
4,45,0,32,7,-0.9172501643502952
4,45,0,32,8,-0.9173375042957095
4,45,0,32,9,-0.9174377793047175
4,45,0,32,10,-0.9175514367824074
4,45,0,32,11,-0.9176789845940786
4,45,0,32,12,-0.9178211236595104
4,45,0,32,13,-0.9179788148591186
4,45,0,32,14,-0.9181531707348018
4,45,0,32,30,-0.9230130468860074
4,45,0,33,0,-0.9168640815265487
4,45,0,33,1,-0.9168724575638882
4,45,0,33,2,-0.9168896453253949
4,45,0,33,3,-0.9169162735103633
4,45,0,33,4,-0.9169532828089008
4,45,0,33,5,-0.9170013830463983
4,45,0,33,6,-0.9170613048112387
4,45,0,33,7,-0.917133707207089
4,45,0,33,8,-0.9172191881088638
4,45,0,33,9,-0.9173182149109165
4,45,0,33,10,-0.9174311463636292
4,45,0,33,11,-0.917558347249035
4,45,0,33,12,-0.9177003930945159
4,45,0,33,13,-0.9178582224918572
4,45,0,33,14,-0.9180331958564314
4,45,0,33,30,-0.9233429322043483
4,45,0,33,31,-0.9236944217418034
4,45,0,33,32,-0.9239986831631625
4,45,0,33,33,-0.9242548866328252
4,45,0,34,0,-0.9167669166998617
4,45,0,34,1,-0.9167731905082322
4,45,0,34,2,-0.9167868669153262
4,45,0,34,3,-0.9168093069486908
4,45,0,34,4,-0.9168419746875123
4,45,0,34,5,-0.9168859431560232
4,45,0,34,6,-0.9169421867506706
4,45,0,34,7,-0.9170115318293846
4,45,0,34,8,-0.9170946612043469
4,45,0,34,9,-0.9171920172247623
4,45,0,34,10,-0.917303794525761
4,45,0,34,11,-0.9174300713726048
4,45,0,34,12,-0.9175711554610821
4,45,0,34,13,-0.9177278515440839
4,45,0,34,14,-0.917901602995078
4,45,0,34,15,-0.9180942545838907
4,45,0,34,30,-0.9236749377896756
4,45,0,34,31,-0.9240407103839193
4,45,0,34,33,-0.9246090561483746
4,45,0,35,0,-0.9166706786395591
4,45,0,35,1,-0.9166737107478135
4,45,0,35,2,-0.9166824795889478
4,45,0,35,3,-0.9166994534659296
4,45,0,35,4,-0.9167266770966246
4,45,0,35,5,-0.9167655615418134
4,45,0,35,6,-0.9168173127957271
4,45,0,35,7,-0.9168829456757278
4,45,0,35,8,-0.91696326349608
4,45,0,35,9,-0.9170586892450404
4,45,0,35,10,-0.9171691634761704
4,45,0,35,11,-0.9172941995810124
4,45,0,35,12,-0.9174335858866073
4,45,0,35,13,-0.9175877981982317
4,45,0,35,14,-0.9177585242310043
4,45,0,35,15,-0.9179477778112384
4,45,0,35,16,-0.9181590181359844
4,45,0,35,19,-0.9189424399664186
4,45,0,35,20,-0.9192628007251042
4,45,0,35,21,-0.9196188934412732
4,45,0,35,23,-0.9204591284242906
4,45,0,35,24,-0.9209355301609314
4,45,0,35,25,-0.9214465903123886
4,45,0,35,33,-0.9249298025520475
4,45,0,36,0,-0.9165786128434212
4,45,0,36,1,-0.9165756906085583
4,45,0,36,2,-0.9165770571761191
4,45,0,36,3,-0.9165866919607298
4,45,0,36,4,-0.9166070304059005
4,45,0,36,5,-0.9166396471233211
4,45,0,36,6,-0.9166859108371185
4,45,0,36,7,-0.916747062697211
4,45,0,36,8,-0.9168241317244873
4,45,0,36,9,-0.9169176198402207
4,45,0,36,10,-0.9170272040583956
4,45,0,36,11,-0.9171511998113359
4,45,0,36,12,-0.9172884825968133
4,45,0,36,13,-0.9174386194331744
4,45,0,36,14,-0.9176043438562944
4,45,0,36,15,-0.9177866690333467
4,45,0,36,16,-0.91798902137974
4,45,0,36,17,-0.9182177935547907
4,45,0,36,18,-0.9184770511138004
4,45,0,36,22,-0.9199108654468431
4,45,0,36,23,-0.9203996657316268
4,45,0,36,26,-0.9221357113429287
4,45,0,36,27,-0.9227376599995392
4,45,0,36,32,-0.9249909853906948
4,45,0,36,33,-0.92524014962577
4,45,0,37,0,-0.9164966775092842
4,45,0,37,1,-0.9164805845767076
4,45,0,37,2,-0.9164705520048729
4,45,0,37,3,-0.9164705708464361
4,45,0,37,4,-0.9164824200876769
4,45,0,37,5,-0.9165074266461078
4,45,0,37,6,-0.916546991121141
4,45,0,37,7,-0.9166026667655118
4,45,0,37,8,-0.9166759664747843
4,45,0,37,9,-0.9167677670861982
4,45,0,37,10,-0.9168780755728682
4,45,0,37,11,-0.917002149698618
4,45,0,37,12,-0.9171378382972857
4,45,0,37,13,-0.9172811926460304
4,45,0,37,14,-0.91743258828705
4,45,0,37,15,-0.9175990649941176
4,45,0,37,16,-0.9177894373685611
4,45,0,37,17,-0.9180101673741355
4,45,0,37,28,-0.9235270248732826
4,45,0,37,29,-0.924112331293869
4,45,0,37,30,-0.9246069680281815
4,45,0,37,31,-0.9250040926143916
4,45,0,37,32,-0.9253111491742163
4,45,0,38,0,-0.9164380467523823
4,45,0,38,1,-0.9163866268635428
4,45,0,38,2,-0.9163611946174876
4,45,0,38,3,-0.9163499625998175
4,45,0,38,4,-0.9163519651039688
4,45,0,38,5,-0.9163679969723809
4,45,0,38,6,-0.916399363758822
4,45,0,38,7,-0.9164480672819768
4,45,0,38,8,-0.9165166900471325
4,45,0,38,9,-0.916606715906336
4,45,0,38,10,-0.9167146528923514
4,45,0,38,11,-0.9168335286462942
4,45,0,38,12,-0.9169630394815296
4,45,0,38,13,-0.9170958935317253
4,45,0,38,14,-0.9172276905012456
4,45,0,38,15,-0.9173568400914285
4,45,0,39,1,-0.9162738889380082
4,45,0,39,2,-0.9162448342061984
4,45,0,39,3,-0.9162233076173939
4,45,0,39,4,-0.9162148003643751
4,45,0,39,5,-0.9162205900370113
4,45,0,39,6,-0.9162418187468466
4,45,0,39,7,-0.9162809364085363
4,45,0,39,8,-0.9163376069799306
4,45,0,39,9,-0.9164099461687067
4,45,0,39,10,-0.9165031638991297
4,45,0,39,11,-0.9166113866566156
4,45,0,39,12,-0.9167385133538265
4,45,0,39,13,-0.9168566587102278
4,45,0,40,1,-0.9161974139342801
4,45,0,40,2,-0.9161281490239377
4,45,0,40,3,-0.9160908213578047
4,45,0,40,4,-0.9160706586903689
4,45,0,40,5,-0.9160650957851524
4,45,0,40,6,-0.9160737791191027
4,45,0,40,7,-0.9160952970468146
4,45,0,40,8,-0.9161198078164388
4,45,0,40,9,-0.9161353086450286
4,45,0,40,10,-0.9160995749091069
4,45,0,40,11,-0.9161313468713168
4,45,0,41,2,-0.9159867334769114
4,45,0,41,3,-0.9159483679843223
4,45,0,41,4,-0.9159191213756417
4,45,0,41,5,-0.915900936956669
4,45,0,41,6,-0.9158890534775262
4,45,0,41,7,-0.9158754046341487
4,45,0,41,8,-0.9158381621936281
4,45,0,41,9,-0.9155925756238328
4,45,0,42,2,-0.9158908914017048
4,45,0,42,3,-0.9157994945274267
4,45,0,42,4,-0.915745516516285
4,45,0,42,5,-0.9157009125080937
4,45,0,42,6,-0.915651347378932
4,45,0,42,7,-0.9155661417999159
4,45,0,43,3,-0.9155858898487292
4,45,0,43,4,-0.9155157681659505
4,45,0,43,5,-0.9154190661002604
4,45,0,43,6,-0.9152444585791835
4,45,0,44,3,-0.9154056486333757
4,45,0,44,4,-0.9152096749642026
4,46,0,10,55,-0.9113155386326546
4,46,0,11,54,-0.9113198497740502
4,46,0,12,9,-0.9101575492205716
4,46,0,12,53,-0.9113260465288436
4,46,0,13,9,-0.9101091076877437
4,46,0,13,52,-0.911334537741201
4,46,0,14,10,-0.9101180420613931
4,46,0,14,11,-0.9101773503780811
4,46,0,14,12,-0.9102391188245925
4,46,0,14,13,-0.9103029928409087
4,46,0,14,14,-0.9103688359978762
4,46,0,14,15,-0.9104367120447086
4,46,0,14,52,-0.9113397176305423
4,46,0,15,16,-0.9104842919631868
4,46,0,15,45,-0.911446582844979
4,46,0,15,46,-0.9114247597693856
4,46,0,15,47,-0.9114055119368931
4,46,0,15,48,-0.9113886153016424
4,46,0,15,49,-0.911374046477551
4,46,0,15,50,-0.9113618161949539
4,46,0,15,51,-0.9113521922265829
4,46,0,16,17,-0.9105436559022968
4,46,0,16,18,-0.9106258411401571
4,46,0,16,45,-0.9114653505800533
4,46,0,16,51,-0.9113596976932844
4,46,0,17,19,-0.9107064887716052
4,46,0,17,44,-0.9115169338232388
4,46,0,18,20,-0.9108020551022262
4,46,0,18,45,-0.9115021737421846
4,46,0,19,21,-0.9109142662454025
4,46,0,19,42,-0.9116655094276244
4,46,0,19,43,-0.9116083184859409
4,46,0,19,44,-0.9115592236188397
4,46,0,20,3,-0.9093588599188511
4,46,0,20,22,-0.911045012862179
4,46,0,20,42,-0.9116993701781353
4,46,0,21,3,-0.9093015105241117
4,46,0,21,4,-0.9093405147742906
4,46,0,21,23,-0.9111963868000208
4,46,0,21,24,-0.9113183505116395
4,46,0,21,41,-0.9118257456918649
4,46,0,22,3,-0.9092123176475417
4,46,0,22,4,-0.9092503101761391
4,46,0,22,25,-0.9115028526400455
4,46,0,22,38,-0.9122680315017186
4,46,0,22,39,-0.9122108561015265
4,46,0,22,40,-0.9121466856724756
4,46,0,23,2,-0.9090175275932728
4,46,0,23,3,-0.90909229413069
4,46,0,23,4,-0.9091497949251706
4,46,0,23,5,-0.9092107664548994
4,46,0,23,26,-0.9117137388765149
4,46,0,23,37,-0.9124778863592433
4,46,0,24,2,-0.9089499168408672
4,46,0,24,3,-0.9089966771058731
4,46,0,24,4,-0.9090529380660839
4,46,0,24,5,-0.9091155288681225
4,46,0,24,6,-0.9091850639268891
4,46,0,24,7,-0.9092615922385353
4,46,0,24,27,-0.9119543143950639
4,46,0,24,28,-0.9120964635351024
4,46,0,24,35,-0.9126923759746148
4,46,0,24,36,-0.9126935415794754
4,46,0,25,1,-0.9087744970121702
4,46,0,25,2,-0.9088426938507981
4,46,0,25,3,-0.9088987009076803
4,46,0,25,4,-0.9089568776192666
4,46,0,25,5,-0.9090206127298096
4,46,0,25,6,-0.9090911808516398
4,46,0,25,7,-0.909169178171482
4,46,0,25,8,-0.9092550966666604
4,46,0,25,9,-0.909348643584438
4,46,0,25,10,-0.9094504771189229
4,46,0,25,29,-0.9123783843943314
4,46,0,25,30,-0.9125152849077367
4,46,0,25,34,-0.9128827933362793
4,46,0,26,1,-0.9087134532536612
4,46,0,26,2,-0.9087547401299747
4,46,0,26,3,-0.9088056092434234
4,46,0,26,4,-0.9088625433560322
4,46,0,26,5,-0.908926139599426
4,46,0,26,6,-0.9089971054266416
4,46,0,26,7,-0.9090760003791298
4,46,0,26,8,-0.9091632654721306
4,46,0,26,9,-0.9092591395501277
4,46,0,26,10,-0.9093640745713728
4,46,0,26,11,-0.9094785785913004
4,46,0,26,12,-0.9096024930542378
4,46,0,26,31,-0.9128379049164965
4,46,0,26,32,-0.9129584776441704
4,46,0,26,33,-0.9130575474299933
4,46,0,27,0,-0.9085618147013813
4,46,0,27,1,-0.9086182500218458
4,46,0,27,2,-0.9086643068552205
4,46,0,27,3,-0.9087135001131522
4,46,0,27,4,-0.9087688892067622
4,46,0,27,5,-0.908831591597504
4,46,0,27,6,-0.9089023288754409
4,46,0,27,7,-0.9089816280468906
4,46,0,27,8,-0.9090699450234946
4,46,0,27,9,-0.9091676562969703
4,46,0,27,10,-0.9092751910468442
4,46,0,27,11,-0.9093930326981958
4,46,0,27,12,-0.9095216859911341
4,46,0,27,32,-0.9132031199914815
4,46,0,28,0,-0.9085125301558357
4,46,0,28,1,-0.908540476035431
4,46,0,28,2,-0.908577761704046
4,46,0,28,3,-0.9086225158026843
4,46,0,28,4,-0.9086752293932492
4,46,0,28,5,-0.9087363049692488
4,46,0,28,6,-0.9088062274916553
4,46,0,28,7,-0.9088854342960397
4,46,0,28,8,-0.9089743676316197
4,46,0,28,9,-0.909073439280617
4,46,0,28,10,-0.9091830888819086
4,46,0,28,11,-0.9093038202242184
4,46,0,28,12,-0.9094362025866456
4,46,0,28,13,-0.9095808119660242
4,46,0,28,32,-0.9134753955655616
4,46,0,28,33,-0.9136212644772418
4,46,0,29,0,-0.9084424201750481
4,46,0,29,1,-0.9084604529960164
4,46,0,29,2,-0.9084907731417055
4,46,0,29,3,-0.9085309206312187
4,46,0,29,4,-0.908580506429167
4,46,0,29,5,-0.9086394709627013
4,46,0,29,6,-0.9087080938556957
4,46,0,29,7,-0.9087867318926321
4,46,0,29,8,-0.9088758080081472
4,46,0,29,9,-0.9089757439442553
4,46,0,29,10,-0.9090869949171136
4,46,0,29,11,-0.909210101521063
4,46,0,29,12,-0.9093457206079485
4,46,0,29,13,-0.9094945948381501
4,46,0,29,31,-0.9135749908927873
4,46,0,30,0,-0.9083613910478157
4,46,0,30,1,-0.9083752363045253
4,46,0,30,2,-0.9084009865665155
4,46,0,30,3,-0.9084372307625515
4,46,0,30,4,-0.9084836994879437
4,46,0,30,5,-0.9085402817279493
4,46,0,30,6,-0.9086072112821024
4,46,0,30,7,-0.9086848299866208
4,46,0,30,8,-0.9087735641920361
4,46,0,30,9,-0.9088738448445552
4,46,0,30,10,-0.9089861379257185
4,46,0,30,11,-0.9091110141355014
4,46,0,30,12,-0.9092492147900808
4,46,0,30,13,-0.9094016738383346
4,46,0,30,31,-0.9138637118742121
4,46,0,31,0,-0.9082736313821558
4,46,0,31,1,-0.9082852108551563
4,46,0,31,2,-0.9083077408428999
4,46,0,31,3,-0.9083406552981832
4,46,0,31,4,-0.9083840698977522
4,46,0,31,5,-0.908438049617436
4,46,0,31,6,-0.9085029171402659
4,46,0,31,7,-0.9085790705130257
4,46,0,31,8,-0.9086669698565162
4,46,0,31,9,-0.9087670577452956
4,46,0,31,10,-0.9088797936092082
4,46,0,31,11,-0.9090057440043595
4,46,0,31,12,-0.9091456829007116
4,46,0,31,13,-0.9093006592177947
4,46,0,31,30,-0.9138847186376475
4,46,0,32,0,-0.9081814095689146
4,46,0,32,1,-0.9081913349818127
4,46,0,32,2,-0.9082111537380885
4,46,0,32,3,-0.9082409156517702
4,46,0,32,4,-0.9082811612098478
4,46,0,32,5,-0.9083322320520081
4,46,0,32,6,-0.9083946227903262
4,46,0,32,7,-0.9084688409228621
4,46,0,32,8,-0.908555404041146
4,46,0,32,9,-0.9086547617730791
4,46,0,32,10,-0.9087673341757507
4,46,0,32,11,-0.9088936237476187
4,46,0,32,12,-0.9090343451355738
4,46,0,32,13,-0.9091904725409137
4,46,0,32,14,-0.9093631161832336
4,46,0,32,30,-0.9141761094694983
4,46,0,33,0,-0.9080863827932183
4,46,0,33,1,-0.9080946708452724
4,46,0,33,2,-0.9081116779457418
4,46,0,33,3,-0.908138025965024
4,46,0,33,4,-0.9081747071305867
4,46,0,33,5,-0.9082223911763802
4,46,0,33,6,-0.9082817912505864
4,46,0,33,7,-0.9083535584672838
4,46,0,33,8,-0.9084382825191236
4,46,0,33,9,-0.9085364064903942
4,46,0,33,10,-0.9086482613157174
4,46,0,33,11,-0.9087742059714033
4,46,0,33,12,-0.9089148307674603
4,46,0,33,13,-0.9090710899464969
4,46,0,33,14,-0.9092443418066672
4,46,0,33,30,-0.9145029383045075
4,46,0,33,31,-0.9148510091042606
4,46,0,33,32,-0.9151523157024197
4,46,0,33,33,-0.9154060423617211
4,46,0,34,0,-0.9079901920756943
4,46,0,34,1,-0.9079963988908926
4,46,0,34,2,-0.9080099301496027
4,46,0,34,3,-0.9080321348632087
4,46,0,34,4,-0.9080645231728077
4,46,0,34,5,-0.90810812199022
4,46,0,34,6,-0.9081638837765635
4,46,0,34,7,-0.9082326251636907
4,46,0,34,8,-0.9083150215742315
4,46,0,34,9,-0.9084114931205038
4,46,0,34,10,-0.908522207881902
4,46,0,34,11,-0.9086472386624319
4,46,0,34,12,-0.9087869090834609
4,46,0,34,13,-0.9089420420903682
4,46,0,34,14,-0.9091140806861615
4,46,0,34,15,-0.9093048482781283
4,46,0,34,30,-0.9148318955735939
4,46,0,34,31,-0.9151941240613853
4,46,0,34,33,-0.9157569801818776
4,46,0,35,0,-0.9078949228379947
4,46,0,35,1,-0.9078979208749995
4,46,0,35,2,-0.9079065947588655
4,46,0,35,3,-0.907923391358642
4,46,0,35,4,-0.9079503955257808
4,46,0,35,5,-0.9079889672905925
4,46,0,35,6,-0.9080402857767471
4,46,0,35,7,-0.9081053529774016
4,46,0,35,8,-0.908184964966925
4,46,0,35,9,-0.9082795260491121
4,46,0,35,10,-0.9083889543524674
4,46,0,35,11,-0.9085127606262842
4,46,0,35,12,-0.9086507513444181
4,46,0,35,13,-0.9088034237211855
4,46,0,35,14,-0.9089724649612636
4,46,0,35,15,-0.9091598669977989
4,46,0,35,16,-0.9093690392663245
4,46,0,35,19,-0.9101448371632339
4,46,0,35,20,-0.9104621253223266
4,46,0,35,21,-0.9108148266350226
4,46,0,35,23,-0.9116470957028396
4,46,0,35,24,-0.912118977297388
4,46,0,35,25,-0.9126251678229199
4,46,0,35,33,-0.916074803814205
4,46,0,36,0,-0.9078037882544975
4,46,0,36,1,-0.9078008929362948
4,46,0,36,2,-0.9078022404266323
4,46,0,36,3,-0.9078117733123409
4,46,0,36,4,-0.9078319636184263
4,46,0,36,5,-0.9078643348410982
4,46,0,36,6,-0.9079102249822668
4,46,0,36,7,-0.907970857509575
4,46,0,36,8,-0.9080472514492405
4,46,0,36,9,-0.9081398936190406
4,46,0,36,10,-0.9082484454294605
4,46,0,36,11,-0.908371229005595
4,46,0,36,12,-0.9085071427160637
4,46,0,36,13,-0.9086557823732276
4,46,0,36,14,-0.9088198727205468
4,46,0,36,15,-0.9090004101006701
4,46,0,36,16,-0.9092007786923972
4,46,0,36,17,-0.9094273092820176
4,46,0,36,18,-0.9096840433757338
4,46,0,36,22,-0.9111041644435807
4,46,0,36,23,-0.9115883334879478
4,46,0,36,26,-0.9133078326715188
4,46,0,36,27,-0.9139039981705155
4,46,0,36,32,-0.9161355592436993
4,46,0,36,33,-0.9163823082217226
4,46,0,37,0,-0.9077226857139786
4,46,0,37,1,-0.9077067550451144
4,46,0,37,2,-0.907696821007022
4,46,0,37,3,-0.907696835288123
4,46,0,37,4,-0.9077086148322313
4,46,0,37,5,-0.9077334505043263
4,46,0,37,6,-0.9077727105311015
4,46,0,37,7,-0.9078279241249917
4,46,0,37,8,-0.9079005854046343
4,46,0,37,9,-0.9079915570616379
4,46,0,37,10,-0.9081008324049565
4,46,0,37,11,-0.9082237053800999
4,46,0,37,12,-0.9083580512922732
4,46,0,37,13,-0.9084999812523133
4,46,0,37,14,-0.9086498853135692
4,46,0,37,15,-0.9088147324073005
4,46,0,37,16,-0.9090032410204814
4,46,0,37,17,-0.9092218117063386
4,46,0,37,28,-0.9146859243388215
4,46,0,37,29,-0.915265582240111
4,46,0,37,30,-0.9157554255539306
4,46,0,37,31,-0.9161486926083792
4,46,0,37,32,-0.916452761937725
4,46,0,38,0,-0.9076646538368618
4,46,0,38,1,-0.9076137589659116
4,46,0,38,2,-0.9075885870203294
4,46,0,38,3,-0.9075774758742409
4,46,0,38,4,-0.9075794783943852
4,46,0,38,5,-0.9075954187921275
4,46,0,38,6,-0.9076265607250232
4,46,0,38,7,-0.9076748713002957
4,46,0,38,8,-0.9077429019542242
4,46,0,38,9,-0.9078321195276996
4,46,0,38,10,-0.9079390583426362
4,46,0,38,11,-0.9080568030399645
4,46,0,38,12,-0.908185048277371
4,46,0,38,13,-0.9083165899820905
4,46,0,38,14,-0.9084470945207541
4,46,0,38,15,-0.9085749947767708
4,46,0,39,1,-0.9075021736174936
4,46,0,39,2,-0.9074734161757635
4,46,0,39,3,-0.9074521116753678
4,46,0,39,4,-0.9074436945650337
4,46,0,39,5,-0.9074494778063111
4,46,0,39,6,-0.9074705741957502
4,46,0,39,7,-0.9075093920771515
4,46,0,39,8,-0.9075655897067769
4,46,0,39,9,-0.907637303737939
4,46,0,39,10,-0.9077296946467215
4,46,0,39,11,-0.9078369226218035
4,46,0,39,12,-0.9079628277402669
4,46,0,39,13,-0.9080798150714483
4,46,0,40,1,-0.9074264803533819
4,46,0,40,2,-0.9073579227009612
4,46,0,40,3,-0.9073209768788107
4,46,0,40,4,-0.9073010219268332
4,46,0,40,5,-0.9072955268458112
4,46,0,40,6,-0.9073041878101562
4,46,0,40,7,-0.9073255753541754
4,46,0,40,8,-0.9073499356418758
4,46,0,40,9,-0.9073653973554543
4,46,0,40,10,-0.9073301839223593
4,46,0,40,11,-0.9073617771614488
4,46,0,41,2,-0.9072179496208608
4,46,0,41,3,-0.9071799741721916
4,46,0,41,4,-0.9071510195972929
4,46,0,41,5,-0.9071330082707766
4,46,0,41,6,-0.9071212842225335
4,46,0,41,7,-0.9071078462732655
4,46,0,41,8,-0.907071082776816
4,46,0,41,9,-0.9068281624840273
4,46,0,42,2,-0.9071230885205277
4,46,0,42,3,-0.9070326264505386
4,46,0,42,4,-0.9069791935909097
4,46,0,42,5,-0.9069350295894559
4,46,0,42,6,-0.9068859539746414
4,46,0,42,7,-0.9068016692959961
4,46,0,43,3,-0.9068212165628124
4,46,0,43,4,-0.90675180753562
4,46,0,43,5,-0.9066560705614286
4,46,0,43,6,-0.9064831978719217
4,46,0,44,3,-0.9066428305726522
4,46,0,44,4,-0.9064488727250858
4,47,0,10,55,-0.9025967062908372
4,47,0,11,54,-0.9026009811436719
4,47,0,12,9,-0.9014505390273975
4,47,0,12,53,-0.9026071184349672
4,47,0,13,9,-0.9014026023000232
4,47,0,13,52,-0.9026154859514037
4,47,0,14,10,-0.9014114590365795
4,47,0,14,11,-0.9014701440262034
4,47,0,14,12,-0.9015312608619628
4,47,0,14,13,-0.9015944675192499
4,47,0,14,14,-0.9016596344296913
4,47,0,14,15,-0.9017268291493082
4,47,0,14,52,-0.9026205774024899
4,47,0,15,16,-0.9017739684112321
4,47,0,15,45,-0.9027264383443612
4,47,0,15,46,-0.902704784674416
4,47,0,15,47,-0.9026856982713998
4,47,0,15,48,-0.9026689528690771
4,47,0,15,49,-0.902654521026739
4,47,0,15,50,-0.9026424115778447
4,47,0,15,51,-0.9026328915545383
4,47,0,16,17,-0.9018328140114742
4,47,0,16,18,-0.9019142274139837
4,47,0,16,45,-0.9027450158591951
4,47,0,16,51,-0.9026403237411474
4,47,0,17,19,-0.9019941916328733
4,47,0,17,44,-0.9027961735512586
4,47,0,18,20,-0.9020889422272774
4,47,0,18,45,-0.9027814931452798
4,47,0,19,21,-0.902200169764504
4,47,0,19,42,-0.9029435591283568
4,47,0,19,43,-0.9028868044931335
4,47,0,19,44,-0.902838084154706
4,47,0,20,3,-0.9006600702763916
4,47,0,20,22,-0.9023297279520947
4,47,0,20,42,-0.9029771172007287
4,47,0,21,3,-0.9006033022023593
4,47,0,21,4,-0.9006419187178185
4,47,0,21,23,-0.902479677031037
4,47,0,21,24,-0.9026003939201049
4,47,0,21,41,-0.9031024242523149
4,47,0,22,3,-0.9005150124603474
4,47,0,22,4,-0.9005526272496308
4,47,0,22,25,-0.9027831028004658
4,47,0,22,38,-0.9035407983713567
4,47,0,22,39,-0.903484141609027
4,47,0,22,40,-0.9034205440297077
4,47,0,23,2,-0.9003221861211504
4,47,0,23,3,-0.9003962043317696
4,47,0,23,4,-0.9004531325867335
4,47,0,23,5,-0.9005134989759356
4,47,0,23,26,-0.9029919468533685
4,47,0,23,37,-0.903748756635097
4,47,0,24,2,-0.9002552609831111
4,47,0,24,3,-0.9003015560608194
4,47,0,24,4,-0.9003572587401822
4,47,0,24,5,-0.900419222536764
4,47,0,24,6,-0.9004880374887476
4,47,0,24,7,-0.9005637706095266
4,47,0,24,27,-0.903230229181011
4,47,0,24,28,-0.9033709793449196
4,47,0,24,35,-0.9039613080234782
4,47,0,24,36,-0.9039624665534863
4,47,0,25,1,-0.9000816113057222
4,47,0,25,2,-0.9001491249175105
4,47,0,25,3,-0.9002045764735769
4,47,0,25,4,-0.90026218173648
4,47,0,25,5,-0.9003252657442241
4,47,0,25,6,-0.9003951029564115
4,47,0,25,7,-0.900472294096827
4,47,0,25,8,-0.9005573300485488
4,47,0,25,9,-0.9006499238815643
4,47,0,25,10,-0.9007507356604635
4,47,0,25,29,-0.9036502956643278
4,47,0,25,30,-0.90378590278734
4,47,0,25,34,-0.9041500171767635
4,47,0,26,1,-0.9000211884732647
4,47,0,26,2,-0.900062066343799
4,47,0,26,3,-0.9001124354016246
4,47,0,26,4,-0.9001688060821329
4,47,0,26,5,-0.9002317481121141
4,47,0,26,6,-0.9003019813762512
4,47,0,26,7,-0.9003800661838492
4,47,0,26,8,-0.9004664381970428
4,47,0,26,9,-0.9005613392448799
4,47,0,26,10,-0.9006652285373486
4,47,0,26,11,-0.9007786129708202
4,47,0,26,12,-0.9009013306625943
4,47,0,26,31,-0.9041055933879044
4,47,0,26,32,-0.9042250527407107
4,47,0,26,33,-0.9043232114369296
4,47,0,27,0,-0.8998710838461753
4,47,0,27,1,-0.899926953415922
4,47,0,27,2,-0.899972557930804
4,47,0,27,3,-0.9000212798552026
4,47,0,27,4,-0.9000761077715206
4,47,0,27,5,-0.900138162828903
4,47,0,27,6,-0.9002081722669832
4,47,0,27,7,-0.9002866607895896
4,47,0,27,8,-0.9003740768812336
4,47,0,27,9,-0.9004708005360165
4,47,0,27,10,-0.9005772705104276
4,47,0,27,11,-0.9006939690339287
4,47,0,27,12,-0.9008213889971041
4,47,0,27,32,-0.9044674999403197
4,47,0,28,0,-0.8998223030852244
4,47,0,28,1,-0.8998499738367921
4,47,0,28,2,-0.8998868992650965
4,47,0,28,3,-0.8999312299477884
4,47,0,28,4,-0.8999834065411854
4,47,0,28,5,-0.9000438518008208
4,47,0,28,6,-0.9001130570215509
4,47,0,28,7,-0.9001914566268889
4,47,0,28,8,-0.9002794853684913
4,47,0,28,9,-0.900377559710846
4,47,0,28,10,-0.9004861301000076
4,47,0,28,11,-0.9006056986546099
4,47,0,28,12,-0.9007368203625212
4,47,0,28,13,-0.9008800556344595
4,47,0,28,32,-0.9047373223427773
4,47,0,28,33,-0.9048818351366346
4,47,0,29,0,-0.8997529110146462
4,47,0,29,1,-0.8997707702111518
4,47,0,29,2,-0.8998008022734244
4,47,0,29,3,-0.8998405744199858
4,47,0,29,4,-0.8998896556298794
4,47,0,29,5,-0.8999480128609827
4,47,0,29,6,-0.9000159336154395
4,47,0,29,7,-0.9000937721359314
4,47,0,29,8,-0.9001819444340944
4,47,0,29,9,-0.9002808781246963
4,47,0,29,10,-0.9003910401003733
4,47,0,29,11,-0.9005129687354144
4,47,0,29,12,-0.9006473042000833
4,47,0,29,13,-0.9007947699420582
4,47,0,29,31,-0.9048360684680719
4,47,0,30,0,-0.8996727130206564
4,47,0,30,1,-0.8996864277887172
4,47,0,30,2,-0.8997119374408472
4,47,0,30,3,-0.8997478472682504
4,47,0,30,4,-0.8997938441567842
4,47,0,30,5,-0.8998498447107682
4,47,0,30,6,-0.8999160908230274
4,47,0,30,7,-0.8999929218358518
4,47,0,30,8,-0.9000807575174035
4,47,0,30,9,-0.90018003563825
4,47,0,30,10,-0.9002912347281031
4,47,0,30,11,-0.9004149230098474
4,47,0,30,12,-0.9005518230354301
4,47,0,30,13,-0.9007028457591227
4,47,0,30,31,-0.9051221648075155
4,47,0,31,0,-0.8995858547542561
4,47,0,31,1,-0.8995973273054148
4,47,0,31,2,-0.8996196503716791
4,47,0,31,3,-0.8996522653835295
4,47,0,31,4,-0.8996952395570427
4,47,0,31,5,-0.8997486646339636
4,47,0,31,6,-0.8998128705729613
4,47,0,31,7,-0.8998882522428956
4,47,0,31,8,-0.8999752629184452
4,47,0,31,9,-0.9000743525925197
4,47,0,31,10,-0.9001859943421441
4,47,0,31,11,-0.9003107527010594
4,47,0,31,12,-0.9004493816728996
4,47,0,31,13,-0.9006029042271596
4,47,0,31,30,-0.905143053475528
4,47,0,32,0,-0.8994945809285195
4,47,0,32,1,-0.8995044167346888
4,47,0,32,2,-0.8995240569051719
4,47,0,32,3,-0.899553551672239
4,47,0,32,4,-0.8995933881101723
4,47,0,32,5,-0.8996439332191827
4,47,0,32,6,-0.8997056877007519
4,47,0,32,7,-0.8997791545835603
4,47,0,32,8,-0.8998648436574643
4,47,0,32,9,-0.8999632120798955
4,47,0,32,10,-0.9000746949532114
4,47,0,32,11,-0.9001997942800664
4,47,0,32,12,-0.9003392050018981
4,47,0,32,13,-0.9004938744491154
4,47,0,32,14,-0.9006648934176374
4,47,0,32,30,-0.905431761327923
4,47,0,33,0,-0.899400531040654
4,47,0,33,1,-0.8994087465404041
4,47,0,33,2,-0.8994256040768103
4,47,0,33,3,-0.8994517187405047
4,47,0,33,4,-0.8994880245990846
4,47,0,33,5,-0.8995352151063578
4,47,0,33,6,-0.8995940084607835
4,47,0,33,7,-0.8996650498265775
4,47,0,33,8,-0.8997489195372484
4,47,0,33,9,-0.8998460676351286
4,47,0,33,10,-0.899956841640964
4,47,0,33,11,-0.9000816028335274
4,47,0,33,12,-0.9002209235341718
4,47,0,33,13,-0.9003757301405891
4,47,0,33,14,-0.9005473573141947
4,47,0,33,30,-0.9057555531833485
4,47,0,33,31,-0.9061003123760341
4,47,0,33,32,-0.9063987511756664
4,47,0,33,33,-0.9066500563773428
4,47,0,34,0,-0.8993053284755439
4,47,0,34,1,-0.8993114841755626
4,47,0,34,2,-0.899324901304415
4,47,0,34,3,-0.8993469130344688
4,47,0,34,4,-0.8993789660724233
4,47,0,34,5,-0.899422109045429
4,47,0,34,6,-0.899477298889825
4,47,0,34,7,-0.8995453452308827
4,47,0,34,8,-0.8996269122746935
4,47,0,34,9,-0.8997224255989438
4,47,0,34,10,-0.8998320711875453
4,47,0,34,11,-0.8999559286952181
4,47,0,34,12,-0.9000943078861481
4,47,0,34,13,-0.9002480047570951
4,47,0,34,14,-0.9004184361011239
4,47,0,34,15,-0.9006074079070381
4,47,0,34,30,-0.90608143174078
4,47,0,34,31,-0.906440200537479
4,47,0,34,33,-0.9069976696883555
4,47,0,35,0,-0.8992110365833028
4,47,0,35,1,-0.899214016290112
4,47,0,35,2,-0.8992226253820456
4,47,0,35,3,-0.8992392825678602
4,47,0,35,4,-0.8992660027162405
4,47,0,35,5,-0.8993041650356344
4,47,0,35,6,-0.8993549530605609
4,47,0,35,7,-0.8994193617141166
4,47,0,35,8,-0.8994981742713519
4,47,0,35,9,-0.8995917978670729
4,47,0,35,10,-0.8997001689981472
4,47,0,35,11,-0.8998228126326281
4,47,0,35,12,-0.8999595290424414
4,47,0,35,13,-0.9001107923393414
4,47,0,35,14,-0.9002782596417988
4,47,0,35,15,-0.9004639027219352
4,47,0,35,16,-0.9006711085761934
4,47,0,35,19,-0.9014395819130212
4,47,0,35,20,-0.9017538427663789
4,47,0,35,21,-0.9021031606972216
4,47,0,35,23,-0.9029273983511307
4,47,0,35,24,-0.903394710323036
4,47,0,35,25,-0.9038960018577488
4,47,0,35,33,-0.9073124833610218
4,47,0,36,0,-0.8991208353163048
4,47,0,36,1,-0.8991179816923071
4,47,0,36,2,-0.8991193388321689
4,47,0,36,3,-0.8991288065102074
4,47,0,36,4,-0.8991487813835193
4,47,0,36,5,-0.8991808027076259
4,47,0,36,6,-0.8992262130190538
4,47,0,36,7,-0.899286229532335
4,47,0,36,8,-0.8993618578838206
4,47,0,36,9,-0.8994535835856543
4,47,0,36,10,-0.8995610848526954
4,47,0,36,11,-0.8996827114084717
4,47,0,36,12,-0.8998173679027217
4,47,0,36,13,-0.8999646377567951
4,47,0,36,14,-0.9001272040754471
4,47,0,36,15,-0.9003060562415488
4,47,0,36,16,-0.9005045524685553
4,47,0,36,17,-0.9007289664084255
4,47,0,36,18,-0.9009832961766047
4,47,0,36,22,-0.9023898693882135
4,47,0,36,23,-0.9028693610692993
4,47,0,36,26,-0.9045722029501944
4,47,0,36,27,-0.9051626097139368
4,47,0,36,32,-0.9073727048764229
4,47,0,36,33,-0.90761708749016
4,47,0,37,0,-0.8990405620204358
4,47,0,37,1,-0.899024805852789
4,47,0,37,2,-0.8990149954536637
4,47,0,37,3,-0.8990150424310986
4,47,0,37,4,-0.8990266987350117
4,47,0,37,5,-0.8990512623760545
4,47,0,37,6,-0.8990901065515259
4,47,0,37,7,-0.8991447545163149
4,47,0,37,8,-0.8992166872301477
4,47,0,37,9,-0.8993067591382587
4,47,0,37,10,-0.8994149724219803
4,47,0,37,11,-0.899536679173682
4,47,0,37,12,-0.8996697760362713
4,47,0,37,13,-0.8998103994198621
4,47,0,37,14,-0.8999589240130788
4,47,0,37,15,-0.9001222497579402
4,47,0,37,16,-0.900309013645813
4,47,0,37,17,-0.9005255589464153
4,47,0,37,28,-0.9059371198222026
4,47,0,37,29,-0.9065111825023113
4,47,0,37,30,-0.9069963047688593
4,47,0,37,31,-0.9073857861205312
4,47,0,37,32,-0.9076869365045847
4,47,0,38,0,-0.8989831228226461
4,47,0,38,1,-0.898932759826558
4,47,0,38,2,-0.8989078628535978
4,47,0,38,3,-0.8988968876094143
4,47,0,38,4,-0.8988988907463024
4,47,0,38,5,-0.8989146575417046
4,47,0,38,6,-0.8989454656985943
4,47,0,38,7,-0.8989932775653471
4,47,0,38,8,-0.8990606235059458
4,47,0,38,9,-0.8991489548312188
4,47,0,38,10,-0.899254848177638
4,47,0,38,11,-0.8993714679755915
4,47,0,38,12,-0.8994985169112595
4,47,0,38,13,-0.8996288571976927
4,47,0,38,14,-0.8997581833712606
4,47,0,38,15,-0.8998849409725719
4,47,0,39,1,-0.8988223205849013
4,47,0,39,2,-0.8987938713179671
4,47,0,39,3,-0.8987728073948497
4,47,0,39,4,-0.8987645089719352
4,47,0,39,5,-0.8987702351194016
4,47,0,39,6,-0.8987911038774744
4,47,0,39,7,-0.8988295163124314
4,47,0,39,8,-0.8988851440183426
4,47,0,39,9,-0.8989561461066782
4,47,0,39,10,-0.8990476315935028
4,47,0,39,11,-0.8991538285786
4,47,0,39,12,-0.8992785513780808
4,47,0,39,13,-0.899394487754803
4,47,0,40,1,-0.8987474046186579
4,47,0,40,2,-0.8986795640903543
4,47,0,40,3,-0.8986430175679101
4,47,0,40,4,-0.898623295935199
4,47,0,40,5,-0.898617889696788
4,47,0,40,6,-0.898626458908966
4,47,0,40,7,-0.8986476185494751
4,47,0,40,8,-0.8986717315120683
4,47,0,40,9,-0.8986870494922853
4,47,0,40,10,-0.8986522250939939
4,47,0,40,11,-0.8986835474464772
4,47,0,41,2,-0.898541035205433
4,47,0,41,3,-0.8985034666626656
4,47,0,41,4,-0.8984748402382121
4,47,0,41,5,-0.8984570615619165
4,47,0,41,6,-0.8984454728808364
4,47,0,41,7,-0.8984321726124517
4,47,0,41,8,-0.8983957846852058
4,47,0,41,9,-0.8981553691736966
4,47,0,42,2,-0.8984471501948321
4,47,0,42,3,-0.8983576335211592
4,47,0,42,4,-0.8983047777699416
4,47,0,42,5,-0.8982611144968969
4,47,0,42,6,-0.898212603487259
4,47,0,42,7,-0.8981292011250359
4,47,0,43,3,-0.8981484024984714
4,47,0,43,4,-0.8980797310718501
4,47,0,43,5,-0.8979850345980765
4,47,0,43,6,-0.8978140388665112
4,47,0,44,3,-0.8979718546089492
4,47,0,44,4,-0.8977799185627252
4,48,0,10,55,-0.8939680932367504
4,48,0,11,54,-0.8939723266934352
4,48,0,12,9,-0.8928345654321355
4,48,0,12,53,-0.8939784097454715
4,48,0,13,9,-0.892787093284537
4,48,0,13,52,-0.8939867422779522
4,48,0,14,10,-0.8927958782861007
4,48,0,14,11,-0.8928540224368684
4,48,0,14,12,-0.8929145757027188
4,48,0,14,13,-0.8929771930754247
4,48,0,14,14,-0.8930417436006035
4,48,0,14,15,-0.8931082919533818
4,48,0,14,52,-0.8939918182387411
4,48,0,15,16,-0.8931549990889501
4,48,0,15,45,-0.8940969151671043
4,48,0,15,46,-0.8940754497809529
4,48,0,15,47,-0.8940565248642911
4,48,0,15,48,-0.894039911875837
4,48,0,15,49,-0.8940255818651588
4,48,0,15,50,-0.8940135460536287
4,48,0,15,51,-0.8940040733127745
4,48,0,16,17,-0.8932132730524448
4,48,0,16,18,-0.8932938619609626
4,48,0,16,45,-0.894115336455485
4,48,0,16,51,-0.8940114387312565
4,48,0,17,19,-0.8933730146718182
4,48,0,17,44,-0.8941660422571656
4,48,0,18,20,-0.8934668020656077
4,48,0,18,45,-0.8941514881003697
4,48,0,19,21,-0.8935769155750508
4,48,0,19,42,-0.8943120918079986
4,48,0,19,43,-0.8942558554925824
4,48,0,19,44,-0.8942075718709133
4,48,0,20,3,-0.8920517165744368
4,48,0,20,22,-0.8937052081728979
4,48,0,20,42,-0.8943453436914393
4,48,0,21,3,-0.8919955050497024
4,48,0,21,4,-0.8920337476534016
4,48,0,21,23,-0.8938537314365963
4,48,0,21,24,-0.8939733093660136
4,48,0,21,41,-0.8944695121737919
4,48,0,22,3,-0.8919080806457451
4,48,0,22,4,-0.8919453338653777
4,48,0,22,25,-0.8941543221646454
4,48,0,22,38,-0.8949039814366249
4,48,0,22,39,-0.8948478039664569
4,48,0,22,40,-0.8947847685092466
4,48,0,23,2,-0.8917171361803957
4,48,0,23,3,-0.8917904337473237
4,48,0,23,4,-0.8918468148529016
4,48,0,23,5,-0.8919066062474577
4,48,0,23,26,-0.8943612214892713
4,48,0,23,37,-0.8951100822694541
4,48,0,24,2,-0.8916508653377435
4,48,0,24,3,-0.8916967141483119
4,48,0,24,4,-0.8917518863669923
4,48,0,24,5,-0.8918132686750249
4,48,0,24,6,-0.8918814472187235
4,48,0,24,7,-0.8919564790563664
4,48,0,24,27,-0.894597257028479
4,48,0,24,28,-0.8947366329832536
4,48,0,24,35,-0.8953208054589985
4,48,0,24,36,-0.895321872760288
4,48,0,25,1,-0.8914789098615676
4,48,0,25,2,-0.8915457652168093
4,48,0,25,3,-0.891600684784339
4,48,0,25,4,-0.8916577475263406
4,48,0,25,5,-0.8917202487216538
4,48,0,25,6,-0.8917894403287732
4,48,0,25,7,-0.8918659134070444
4,48,0,25,8,-0.8919501588700854
4,48,0,25,9,-0.8920418955881083
4,48,0,25,10,-0.8921417737851842
4,48,0,25,29,-0.8950132548692471
4,48,0,25,30,-0.895147498221371
4,48,0,25,34,-0.8955078196533439
4,48,0,26,1,-0.8914190784390498
4,48,0,26,2,-0.8914595612995845
4,48,0,26,3,-0.8915094515739587
4,48,0,26,4,-0.8915653006196046
4,48,0,26,5,-0.8916276650486253
4,48,0,26,6,-0.8916972471318175
4,48,0,26,7,-0.8917746027741734
4,48,0,26,8,-0.8918601694623203
4,48,0,26,9,-0.8919541881175732
4,48,0,26,10,-0.89205710849077
4,48,0,26,11,-0.892169429639877
4,48,0,26,12,-0.8922909887834408
4,48,0,26,31,-0.8954640754199663
4,48,0,26,32,-0.8955823130939575
4,48,0,26,33,-0.8956794554902333
4,48,0,27,0,-0.8912704448642761
4,48,0,27,1,-0.8913257661104522
4,48,0,27,2,-0.8913709310012442
4,48,0,27,3,-0.891419193867246
4,48,0,27,4,-0.8914735216017935
4,48,0,27,5,-0.8915350102527895
4,48,0,27,6,-0.8916043704502292
4,48,0,27,7,-0.8916821251559615
4,48,0,27,8,-0.8917687244999147
4,48,0,27,9,-0.8918645448929508
4,48,0,27,10,-0.8919700153321779
4,48,0,27,11,-0.89208561197749
4,48,0,27,12,-0.8922118227320248
4,48,0,27,32,-0.8958224545307781
4,48,0,28,0,-0.8912221451540211
4,48,0,28,1,-0.8912495461360166
4,48,0,28,2,-0.8912861171307874
4,48,0,28,3,-0.8913300340683463
4,48,0,28,4,-0.891381738367843
4,48,0,28,5,-0.8914416341145215
4,48,0,28,6,-0.8915101987146067
4,48,0,28,7,-0.8915878658668769
4,48,0,28,8,-0.8916750711763332
4,48,0,28,9,-0.8917722260167003
4,48,0,28,10,-0.8918797710086338
4,48,0,28,11,-0.8919982035731719
4,48,0,28,12,-0.8921280752021471
4,48,0,28,13,-0.8922699385550162
4,48,0,28,32,-0.8960897088513042
4,48,0,28,33,-0.8962327729659987
4,48,0,29,0,-0.8911534401188966
4,48,0,29,1,-0.8911711266255573
4,48,0,29,2,-0.8912008720729029
4,48,0,29,3,-0.8912402752407408
4,48,0,29,4,-0.8912889148670202
4,48,0,29,5,-0.8913467438634858
4,48,0,29,6,-0.8914140380282913
4,48,0,29,7,-0.8914911509059436
4,48,0,29,8,-0.8915784982396903
4,48,0,29,9,-0.8916765013479708
4,48,0,29,10,-0.8917856173363674
4,48,0,29,11,-0.8919063810899367
4,48,0,29,12,-0.8920394305351707
4,48,0,29,13,-0.8921854812246706
4,48,0,29,31,-0.8961876010691556
4,48,0,30,0,-0.8910740385767522
4,48,0,30,1,-0.8910876213554761
4,48,0,30,2,-0.891112888300595
4,48,0,30,3,-0.891148465742214
4,48,0,30,4,-0.8911940512403892
4,48,0,30,5,-0.8912495476488234
4,48,0,30,6,-0.8913151855851675
4,48,0,30,7,-0.8913913027884468
4,48,0,30,8,-0.8914783173305033
4,48,0,30,9,-0.8915766594858971
4,48,0,30,10,-0.891686798000953
4,48,0,30,11,-0.8918092987636614
4,48,0,30,12,-0.891944883329085
4,48,0,30,13,-0.8920944544473466
4,48,0,30,31,-0.8964709880043265
4,48,0,31,0,-0.890988045216017
4,48,0,31,1,-0.8909994074591643
4,48,0,31,2,-0.8910215181913392
4,48,0,31,3,-0.8910538313592085
4,48,0,31,4,-0.8910964239083046
4,48,0,31,5,-0.891149371484149
4,48,0,31,6,-0.89121299170373
4,48,0,31,7,-0.8912876762341275
4,48,0,31,8,-0.8913738750460184
4,48,0,31,9,-0.8914720294534583
4,48,0,31,10,-0.8915826027290426
4,48,0,31,11,-0.8917061582804835
4,48,0,31,12,-0.8918434507005947
4,48,0,31,13,-0.891995495204678
4,48,0,31,30,-0.8964917905605531
4,48,0,32,0,-0.8908976828194745
4,48,0,32,1,-0.8909074240024076
4,48,0,32,2,-0.8909268772831246
4,48,0,32,3,-0.8909560993684154
4,48,0,32,4,-0.8909955857494594
4,48,0,32,5,-0.8910456836448021
4,48,0,32,6,-0.8911068793241
4,48,0,32,7,-0.8911796706073464
4,48,0,32,8,-0.8912645624462971
4,48,0,32,9,-0.8913620024094631
4,48,0,32,10,-0.8914724159321686
4,48,0,32,11,-0.8915963052332687
4,48,0,32,12,-0.8917343679195442
4,48,0,32,13,-0.8918875457313518
4,48,0,32,14,-0.8920569139194061
4,48,0,32,30,-0.896777799410851
4,48,0,33,0,-0.8908045750989665
4,48,0,33,1,-0.8908127116839382
4,48,0,33,2,-0.8908294091824817
4,48,0,33,3,-0.8908552838024854
4,48,0,33,4,-0.8908912760716581
4,48,0,33,5,-0.8909380552331746
4,48,0,33,6,-0.8909963221709392
4,48,0,33,7,-0.89106671452498
4,48,0,33,8,-0.8911498065696444
4,48,0,33,9,-0.8912460385541765
4,48,0,33,10,-0.891355749037588
4,48,0,33,11,-0.8914793010461252
4,48,0,33,12,-0.8916172715459688
4,48,0,33,13,-0.8917705826677791
4,48,0,33,14,-0.8919405518809387
4,48,0,33,30,-0.8970985763555813
4,48,0,33,31,-0.897439986927504
4,48,0,33,32,-0.8977355290014812
4,48,0,33,33,-0.8979844042411913
4,48,0,34,0,-0.8907103297308752
4,48,0,34,1,-0.8907164269339014
4,48,0,34,2,-0.890729718034814
4,48,0,34,3,-0.8907515304842752
4,48,0,34,4,-0.8907833145378854
4,48,0,34,5,-0.8908260898767963
4,48,0,34,6,-0.8908807925481569
4,48,0,34,7,-0.8909482218329157
4,48,0,34,8,-0.8910290349750171
4,48,0,34,9,-0.8911236487171981
4,48,0,34,10,-0.8912322421088892
4,48,0,34,11,-0.891354898824263
4,48,0,34,12,-0.8914919355130145
4,48,0,34,13,-0.8916441456123683
4,48,0,34,14,-0.8918129287227473
4,48,0,34,15,-0.8920000674482792
4,48,0,34,30,-0.8974214382429457
4,48,0,34,31,-0.8977767303649824
4,48,0,34,33,-0.8983288062540193
4,48,0,35,0,-0.890616989611962
4,48,0,35,1,-0.8906199428440147
4,48,0,35,2,-0.8906284741454068
4,48,0,35,3,-0.8906449855230183
4,48,0,35,4,-0.8906714922195489
4,48,0,35,5,-0.8907093404526203
4,48,0,35,6,-0.890759688949279
4,48,0,35,7,-0.8908235185074747
4,48,0,35,8,-0.8909016043268361
4,48,0,35,9,-0.8909943468915895
4,48,0,35,10,-0.8911016799808599
4,48,0,35,11,-0.8912231369111929
4,48,0,35,12,-0.8913585280500345
4,48,0,35,13,-0.8915083275216897
4,48,0,35,14,-0.8916741737302714
4,48,0,35,15,-0.8918580141959357
4,48,0,35,16,-0.8920632023207731
4,48,0,35,19,-0.8928242650259336
4,48,0,35,20,-0.8931355246737056
4,48,0,35,21,-0.8934815124720539
4,48,0,35,23,-0.8942978862091838
4,48,0,35,24,-0.8947607270308963
4,48,0,35,25,-0.8952572093493626
4,48,0,35,33,-0.8986407155134928
4,48,0,36,0,-0.8905277024300159
4,48,0,36,1,-0.8905248816817244
4,48,0,36,2,-0.8905262342046932
4,48,0,36,3,-0.8905356269165501
4,48,0,36,4,-0.8905554562657865
4,48,0,36,5,-0.8905872278039327
4,48,0,36,6,-0.8906322559889175
4,48,0,36,7,-0.8906917386775612
4,48,0,36,8,-0.8907666707862871
4,48,0,36,9,-0.8908575335447083
4,48,0,36,10,-0.8909640085250733
4,48,0,36,11,-0.8910844638115354
4,48,0,36,12,-0.8912178193042029
4,48,0,36,13,-0.8913636653350171
4,48,0,36,14,-0.8915246578731417
4,48,0,36,15,-0.891701770822135
4,48,0,36,16,-0.8918983343510828
4,48,0,36,17,-0.8921205723825185
4,48,0,36,18,-0.8923724568374839
4,48,0,36,22,-0.8937656192737283
4,48,0,36,23,-0.8942405360074632
4,48,0,36,26,-0.8959270444225589
4,48,0,36,27,-0.8965117657850977
4,48,0,36,32,-0.8987004924754404
4,48,0,36,33,-0.8989425016727914
4,48,0,37,0,-0.8904482456336679
4,48,0,37,1,-0.8904326542543789
4,48,0,37,2,-0.890422952537924
4,48,0,37,3,-0.8904230167315967
4,48,0,37,4,-0.8904346062844906
4,48,0,37,5,-0.8904589942608627
4,48,0,37,6,-0.8904975242417749
4,48,0,37,7,-0.8905516931645233
4,48,0,37,8,-0.8906229652292904
4,48,0,37,9,-0.8907121907710929
4,48,0,37,10,-0.8908193759860167
4,48,0,37,11,-0.8909399204301114
4,48,0,37,12,-0.8910717388533783
4,48,0,37,13,-0.8912110055989368
4,48,0,37,14,-0.8913580939126874
4,48,0,37,15,-0.8915198356367315
4,48,0,37,16,-0.8917047868223824
4,48,0,37,17,-0.8919192412812258
4,48,0,37,28,-0.8972789587138007
4,48,0,37,29,-0.8978474726188573
4,48,0,37,30,-0.8983278886167607
4,48,0,37,31,-0.8987135835223369
4,48,0,37,32,-0.8990118012507011
4,48,0,38,0,-0.8903913927428354
4,48,0,38,1,-0.8903415491333437
4,48,0,38,2,-0.8903169154448926
4,48,0,38,3,-0.8903060707313083
4,48,0,38,4,-0.8903080883543768
4,48,0,38,5,-0.8903237618048769
4,48,0,38,6,-0.8903543348023129
4,48,0,38,7,-0.8904017341511068
4,48,0,38,8,-0.8904684641002041
4,48,0,38,9,-0.8905559692046108
4,48,0,38,10,-0.8906608668222014
4,48,0,38,11,-0.8907763882986409
4,48,0,38,12,-0.8909022295024853
4,48,0,38,13,-0.8910313197490689
4,48,0,38,14,-0.8911594027499062
4,48,0,38,15,-0.8912849488747696
4,48,0,39,1,-0.8902322408587517
4,48,0,39,2,-0.8902040890897625
4,48,0,39,3,-0.8901832534539885
4,48,0,39,4,-0.8901750622871362
4,48,0,39,5,-0.8901807846024719
4,48,0,39,6,-0.8902015118631807
4,48,0,39,7,-0.8902396043817687
4,48,0,39,8,-0.8902947335112334
4,48,0,39,9,-0.8903650878485609
4,48,0,39,10,-0.8904557400892111
4,48,0,39,11,-0.8905609650083973
4,48,0,39,12,-0.8906845157494726
4,48,0,39,13,-0.8907993488456931
4,48,0,40,1,-0.8901580924121139
4,48,0,40,2,-0.8900909520722289
4,48,0,40,3,-0.8900547892845112
4,48,0,40,4,-0.8900352862949745
4,48,0,40,5,-0.8900299642085594
4,48,0,40,6,-0.89003850486042
4,48,0,40,7,-0.8900595143082379
4,48,0,40,8,-0.8900834476002301
4,48,0,40,9,-0.890098691341521
4,48,0,40,10,-0.8900643476703535
4,48,0,40,11,-0.890095486190665
4,48,0,41,2,-0.8899538432575881
4,48,0,41,3,-0.8899166650141178
4,48,0,41,4,-0.889888339907405
4,48,0,41,5,-0.889870754384576
4,48,0,41,6,-0.8898593240154974
4,48,0,41,7,-0.8898462152373459
4,48,0,41,8,-0.8898102687898911
4,48,0,41,9,-0.8895724282713385
4,48,0,42,2,-0.8898609222214278
4,48,0,42,3,-0.8897723290537138
4,48,0,42,4,-0.88972002071546
4,48,0,42,5,-0.889676810113572
4,48,0,42,6,-0.8896287997005028
4,48,0,42,7,-0.8895462948617365
4,48,0,43,3,-0.8895652512337855
4,48,0,43,4,-0.8894972878240068
4,48,0,43,5,-0.8894035591891059
4,48,0,43,6,-0.8892342972969964
4,48,0,44,3,-0.8893905206728949
4,48,0,44,4,-0.8892005660268398
4,49,0,10,55,-0.8854301222081619
4,49,0,11,54,-0.8854343218198406
4,49,0,12,9,-0.8843074150693955
4,49,0,12,53,-0.8854403436357429
4,49,0,13,9,-0.8842604594831137
4,49,0,13,52,-0.8854485547204911
4,49,0,14,10,-0.8842691544694047
4,49,0,14,11,-0.8843266607214819
4,49,0,14,12,-0.8843865559138359
4,49,0,14,13,-0.8844485054191248
4,49,0,14,14,-0.8845123833045001
4,49,0,14,15,-0.8845782559561214
4,49,0,14,52,-0.8854535412550577
4,49,0,15,16,-0.8846245508914814
4,49,0,15,45,-0.885557632824251
4,49,0,15,46,-0.8855363412565034
4,49,0,15,47,-0.8855175718253525
4,49,0,15,48,-0.8855011020364825
4,49,0,15,49,-0.8854869063150033
4,49,0,15,50,-0.8854749950149099
4,49,0,15,51,-0.8854656315017091
4,49,0,16,17,-0.8846823473645746
4,49,0,16,18,-0.8847621869005842
4,49,0,16,45,-0.885575873786971
4,49,0,16,51,-0.8854729217414467
4,49,0,17,19,-0.8848407226422449
4,49,0,17,44,-0.8856261470330333
4,49,0,18,20,-0.8849337748753977
4,49,0,18,45,-0.8856116909710923
4,49,0,19,21,-0.8850429968211799
4,49,0,19,42,-0.8857709992188134
4,49,0,19,43,-0.8857152037164862
4,49,0,19,44,-0.8856673066064285
4,49,0,20,3,-0.8835329566425353
4,49,0,20,22,-0.8851702019089327
4,49,0,20,42,-0.8858039573433527
4,49,0,21,3,-0.8834773335624098
4,49,0,21,4,-0.8835151840514179
4,49,0,21,23,-0.8853174071820851
4,49,0,21,24,-0.8854357884543677
4,49,0,21,41,-0.885927081415853
4,49,0,22,3,-0.8833908238700346
4,49,0,22,4,-0.8834276951140643
4,49,0,22,25,-0.8856151190401417
4,49,0,22,38,-0.886357725320424
4,49,0,22,39,-0.8863020556594476
4,49,0,22,40,-0.8862395782306772
4,49,0,23,2,-0.8832018676227581
4,49,0,23,3,-0.8832744084170762
4,49,0,23,4,-0.8833302097167434
4,49,0,23,5,-0.8833893858831285
4,49,0,23,26,-0.8858200876174478
4,49,0,23,37,-0.886561960875615
4,49,0,24,2,-0.8831362909698405
4,49,0,24,3,-0.88318166869659
4,49,0,24,4,-0.8832362740498797
4,49,0,24,5,-0.8832970204751182
4,49,0,24,6,-0.8833644876571782
4,49,0,24,7,-0.8834387412478668
4,49,0,24,27,-0.886053940997177
4,49,0,24,28,-0.8861919693174953
4,49,0,24,35,-0.8867707674002911
4,49,0,24,36,-0.8867718426180984
4,49,0,25,1,-0.8829661242901411
4,49,0,25,2,-0.8830322911100691
4,49,0,25,3,-0.8830866470437555
4,49,0,25,4,-0.8831431226048384
4,49,0,25,5,-0.883204972581707
4,49,0,25,6,-0.8832734453572167
4,49,0,25,7,-0.8833491304734195
4,49,0,25,8,-0.8834325125985791
4,49,0,25,9,-0.8835233140390607
4,49,0,25,10,-0.8836221832906722
4,49,0,25,29,-0.8864660963788279
4,49,0,25,30,-0.8865990892160259
4,49,0,25,34,-0.886956122252025
4,49,0,26,1,-0.8829069198424959
4,49,0,26,2,-0.8829469892629098
4,49,0,26,3,-0.8829963703616649
4,49,0,26,4,-0.8830516427198565
4,49,0,26,5,-0.8831133588258121
4,49,0,26,6,-0.8831822233396487
4,49,0,26,7,-0.8832587868614912
4,49,0,26,8,-0.8833434813751904
4,49,0,26,9,-0.8834365491169468
4,49,0,26,10,-0.8835384417618496
4,49,0,26,11,-0.8836496534995
4,49,0,26,12,-0.8837700211955082
4,49,0,26,31,-0.8869128447588518
4,49,0,26,32,-0.8870300004049778
4,49,0,26,33,-0.8871262565982548
4,49,0,27,0,-0.882759830474441
4,49,0,27,1,-0.882814584058221
4,49,0,27,2,-0.8828592901592445
4,49,0,27,3,-0.882907064112616
4,49,0,27,4,-0.88296082904705
4,49,0,27,5,-0.883021680916
4,49,0,27,6,-0.8830903299372672
4,49,0,27,7,-0.8831672921788805
4,49,0,27,8,-0.8832530133175954
4,49,0,27,9,-0.8833478722023156
4,49,0,27,10,-0.8834523007759105
4,49,0,27,11,-0.8835667686020815
4,49,0,27,12,-0.8836917540735008
4,49,0,27,32,-0.8872680277155465
4,49,0,28,0,-0.8827120377046729
4,49,0,28,1,-0.8827391621982182
4,49,0,28,2,-0.8827753673400237
4,49,0,28,3,-0.8828188437372744
4,49,0,28,4,-0.8828700149309043
4,49,0,28,5,-0.8829292937729584
4,49,0,28,6,-0.8829971585166266
4,49,0,28,7,-0.8830740369354031
4,49,0,28,8,-0.8831603620080868
4,49,0,28,9,-0.8832565492556544
4,49,0,28,10,-0.8833630425082086
4,49,0,28,11,-0.8834803306322734
4,49,0,28,12,-0.8836089523198756
4,49,0,28,13,-0.8837494540095001
4,49,0,28,32,-0.887532914510363
4,49,0,28,33,-0.8876746557973111
4,49,0,29,0,-0.8826440535149245
4,49,0,29,1,-0.8826615654472705
4,49,0,29,2,-0.8826910186346381
4,49,0,29,3,-0.882730032379916
4,49,0,29,4,-0.8827781743739428
4,49,0,29,5,-0.8828354111094809
4,49,0,29,6,-0.8829020207479789
4,49,0,29,7,-0.8829783525838739
4,49,0,29,8,-0.8830648217329087
4,49,0,29,9,-0.883161855389149
4,49,0,29,10,-0.883269914003042
4,49,0,29,11,-0.8833895219926451
4,49,0,29,12,-0.8835213011474903
4,49,0,29,13,-0.8836659572354663
4,49,0,29,31,-0.8876299983266229
4,49,0,30,0,-0.8825654850325968
4,49,0,30,1,-0.8825789370549318
4,49,0,30,2,-0.8826039609643012
4,49,0,30,3,-0.8826391934294575
4,49,0,30,4,-0.8826843164456012
4,49,0,30,5,-0.8827392472861769
4,49,0,30,6,-0.8828042191367459
4,49,0,30,7,-0.8828795666649207
4,49,0,30,8,-0.8829657089649875
4,49,0,30,9,-0.8830630838029233
4,49,0,30,10,-0.8831721636103892
4,49,0,30,11,-0.8832935022592863
4,49,0,30,12,-0.8834278020202462
4,49,0,30,13,-0.8835759519913169
4,49,0,30,31,-0.8879108457774141
4,49,0,31,0,-0.8824803936364116
4,49,0,31,1,-0.8824916494305312
4,49,0,31,2,-0.8825135525705952
4,49,0,31,3,-0.8825455590779232
4,49,0,31,4,-0.8825877227362073
4,49,0,31,5,-0.8826401326605439
4,49,0,31,6,-0.8827031081163025
4,49,0,31,7,-0.8827770379930826
4,49,0,31,8,-0.8828623743167265
4,49,0,31,9,-0.8829595673529534
4,49,0,31,10,-0.883069084864374
4,49,0,31,11,-0.8831914774865658
4,49,0,31,12,-0.8833274781361148
4,49,0,31,13,-0.8834780851587288
4,49,0,31,30,-0.8879315474871053
4,49,0,32,0,-0.8823909781035616
4,49,0,32,1,-0.882400630784484
4,49,0,32,2,-0.8824199063237226
4,49,0,32,3,-0.8824488571150271
4,49,0,32,4,-0.8824879478795542
4,49,0,32,5,-0.8825375378405771
4,49,0,32,6,-0.8825981134310947
4,49,0,32,7,-0.8826701691358387
4,49,0,32,8,-0.8827542122338825
4,49,0,32,9,-0.8828507004390431
4,49,0,32,10,-0.8829600650988552
4,49,0,32,11,-0.8830827961413767
4,49,0,32,12,-0.8832195684761258
4,49,0,32,13,-0.8833713055710141
4,49,0,32,14,-0.8835390759082685
4,49,0,32,30,-0.8882149527274011
4,49,0,33,0,-0.8822988442228974
4,49,0,33,1,-0.8823069097632902
4,49,0,33,2,-0.8823234595917374
4,49,0,33,3,-0.8823490991158863
4,49,0,33,4,-0.8823847311422179
4,49,0,33,5,-0.8824310353192927
4,49,0,33,6,-0.8824887111583231
4,49,0,33,7,-0.8825583918075156
4,49,0,33,8,-0.8826406532857116
4,49,0,33,9,-0.8827359466458014
4,49,0,33,10,-0.8828446183444177
4,49,0,33,11,-0.8829670211892195
4,49,0,33,12,-0.8831037098955101
4,49,0,33,13,-0.8832555866874974
4,49,0,33,14,-0.8834239584961514
4,49,0,33,30,-0.8885327748426031
4,49,0,33,31,-0.8888709495985542
4,49,0,33,32,-0.889163687659327
4,49,0,33,33,-0.8894101936157034
4,49,0,34,0,-0.8822055820040874
4,49,0,34,1,-0.8822116296799983
4,49,0,34,2,-0.8822248089162463
4,49,0,34,3,-0.8822464279012986
4,49,0,34,4,-0.882277892534098
4,49,0,34,5,-0.8823202311480568
4,49,0,34,6,-0.8823743772841784
4,49,0,34,7,-0.8824411244297468
4,49,0,34,8,-0.8825211301260515
4,49,0,34,9,-0.8826148216175236
4,49,0,34,10,-0.8827223881069376
4,49,0,34,11,-0.8828439073710159
4,49,0,34,12,-0.8829796768292768
4,49,0,34,13,-0.8831304700786735
4,49,0,34,14,-0.8832976737862164
4,49,0,34,15,-0.8834830615891491
4,49,0,34,30,-0.888852635419942
4,49,0,34,31,-0.8892045424589523
4,49,0,34,33,-0.8897513437785346
4,49,0,35,0,-0.8821132125134059
4,49,0,35,1,-0.8821161486913871
4,49,0,35,2,-0.8821246170254394
4,49,0,35,3,-0.8821409881532992
4,49,0,35,4,-0.8821672261775778
4,49,0,35,5,-0.8822046840729247
4,49,0,35,6,-0.882254517699789
4,49,0,35,7,-0.8823177012028447
4,49,0,35,8,-0.8823950078917738
4,49,0,35,9,-0.8824868469516851
4,49,0,35,10,-0.8825931641931075
4,49,0,35,11,-0.8827134948042006
4,49,0,35,12,-0.8828476368118644
4,49,0,35,13,-0.8829960474340091
4,49,0,35,14,-0.8831603482108014
4,49,0,35,15,-0.8833424756432978
4,49,0,35,16,-0.8835457572946187
4,49,0,35,19,-0.8842996799600285
4,49,0,35,20,-0.884607970121146
4,49,0,35,21,-0.8849506361769411
4,49,0,35,23,-0.885759136129075
4,49,0,35,24,-0.88621751237455
4,49,0,35,25,-0.8867092166798856
4,49,0,35,33,-0.8900603037883315
4,49,0,36,0,-0.8820248507374381
4,49,0,36,1,-0.8820220721576533
4,49,0,36,2,-0.8820234349676226
4,49,0,36,3,-0.8820327596501136
4,49,0,36,4,-0.8820523865110353
4,49,0,36,5,-0.8820838259520848
4,49,0,36,6,-0.8821283901260193
4,49,0,36,7,-0.8821872701801556
4,49,0,36,8,-0.8822614562953135
4,49,0,36,9,-0.8823514343893403
4,49,0,36,10,-0.882456898262566
4,49,0,36,11,-0.882576232229654
4,49,0,36,12,-0.8827083560717549
4,49,0,36,13,-0.8828528530442142
4,49,0,36,14,-0.8830123499808336
4,49,0,36,15,-0.8831878227578112
4,49,0,36,16,-0.8833825722580132
4,49,0,36,17,-0.8836027574762988
4,49,0,36,18,-0.8838523008208652
4,49,0,36,22,-0.8852321759363497
4,49,0,36,23,-0.8857025071819834
4,49,0,36,26,-0.8873727524511594
4,49,0,36,27,-0.8879518510272834
4,49,0,36,32,-0.8901195588739363
4,49,0,36,33,-0.8903592443071502
4,49,0,37,0,-0.8819462149057693
4,49,0,37,1,-0.8819307967752268
4,49,0,37,2,-0.8819212177474344
4,49,0,37,3,-0.8819213095970826
4,49,0,37,4,-0.8819327837894468
4,49,0,37,5,-0.8819569140785058
4,49,0,37,6,-0.8819950434138566
4,49,0,37,7,-0.8820486623617292
4,49,0,37,8,-0.8821192260336727
4,49,0,37,9,-0.8822075818640865
4,49,0,37,10,-0.8823137422630213
4,49,0,37,11,-0.8824331546831035
4,49,0,37,12,-0.8825637491029945
4,49,0,37,13,-0.8827017294553656
4,49,0,37,14,-0.882847464494852
4,49,0,37,15,-0.8830077260793028
4,49,0,37,16,-0.8831909885803025
4,49,0,37,17,-0.8834034811061818
4,49,0,37,28,-0.8887117880063417
4,49,0,37,29,-0.8892748234091652
4,49,0,37,30,-0.8897506145748184
4,49,0,37,31,-0.8901326004090884
4,49,0,37,32,-0.8904279531930492
4,49,0,38,0,-0.8818899475984973
4,49,0,38,1,-0.881840629968309
4,49,0,38,2,-0.8818162686548707
4,49,0,38,3,-0.8818055578790802
4,49,0,38,4,-0.8818075738121905
4,49,0,38,5,-0.8818230825982302
4,49,0,38,6,-0.8818533356253966
4,49,0,38,7,-0.8819002537440271
4,49,0,38,8,-0.881966320462572
4,49,0,38,9,-0.8820529680684586
4,49,0,38,10,-0.8821568546738737
4,49,0,38,11,-0.882271283532106
4,49,0,38,12,-0.8823959523656537
4,49,0,38,13,-0.8825238585347557
4,49,0,38,14,-0.882650783945638
4,49,0,38,15,-0.8827752187661929
4,49,0,39,1,-0.8817324533716328
4,49,0,39,2,-0.8817046062288233
4,49,0,39,3,-0.8816840079689939
4,49,0,39,4,-0.881675928023886
4,49,0,39,5,-0.8816815959206927
4,49,0,39,6,-0.8817021064908792
4,49,0,39,7,-0.8817398103831373
4,49,0,39,8,-0.8817943912542896
4,49,0,39,9,-0.8818640592327225
4,49,0,39,10,-0.8819538371963787
4,49,0,39,11,-0.8820580609545312
4,49,0,39,12,-0.8821804518026701
4,49,0,39,13,-0.8822942461919132
4,49,0,40,1,-0.881659071100259
4,49,0,40,2,-0.8815926377105356
4,49,0,40,3,-0.8815568685984684
4,49,0,40,4,-0.8815375935660383
4,49,0,40,5,-0.8815323518761728
4,49,0,40,6,-0.881540805827211
4,49,0,40,7,-0.8815616013815124
4,49,0,40,8,-0.8815853059086853
4,49,0,40,9,-0.8816004238779569
4,49,0,40,10,-0.8815664769884232
4,49,0,40,11,-0.8815973556288506
4,49,0,41,2,-0.8814569508463921
4,49,0,41,3,-0.8814201728865584
4,49,0,41,4,-0.8813921692726536
4,49,0,41,5,-0.8813748012025808
4,49,0,41,6,-0.8813635013208156
4,49,0,41,7,-0.8813505354242063
4,49,0,41,8,-0.8813149740972023
4,49,0,41,9,-0.8810796129679789
4,49,0,42,2,-0.8813649885965615
4,49,0,42,3,-0.8812773227464792
4,49,0,42,4,-0.8812255796363045
4,49,0,42,5,-0.8811828523019586
4,49,0,42,6,-0.8811353810029328
4,49,0,42,7,-0.8810537443813639
4,49,0,43,3,-0.8810723796155786
4,49,0,43,4,-0.8810051372583874
4,49,0,43,5,-0.880912419212581
4,49,0,43,6,-0.8807449744327945
4,49,0,44,3,-0.8808994480837529
4,49,0,44,4,-0.8807114710972309
4,50,0,10,55,-0.8769802049021718
4,50,0,11,54,-0.876984361084528
4,50,0,12,9,-0.8758699341626262
4,50,0,12,53,-0.8769903369418686
4,50,0,13,9,-0.8758234303719553
4,50,0,13,52,-0.8769985310810032
4,50,0,14,10,-0.8758320543953915
4,50,0,14,11,-0.8758890373074997
4,50,0,14,12,-0.8759483888232904
4,50,0,14,13,-0.8760097685575501
4,50,0,14,14,-0.8760730460547198
4,50,0,14,15,-0.8761382829119899
4,50,0,14,52,-0.877003517204885
4,50,0,15,16,-0.8761841407437679
4,50,0,15,45,-0.8771068749889098
4,50,0,15,46,-0.8770857672787618
4,50,0,15,47,-0.8770671510537724
4,50,0,15,48,-0.8770508076943694
4,50,0,15,49,-0.8770367131239601
4,50,0,15,50,-0.8770248785244074
4,50,0,15,51,-0.8770155641251263
4,50,0,16,17,-0.8762413535879463
4,50,0,16,18,-0.8763203670979819
4,50,0,16,45,-0.8771249711486351
4,50,0,16,51,-0.877022793855637
4,50,0,17,19,-0.8763980752268359
4,50,0,17,44,-0.8771747925774819
4,50,0,18,20,-0.8764901505660199
4,50,0,18,45,-0.8771604768355044
4,50,0,19,21,-0.8765982524562053
4,50,0,19,42,-0.877318275836154
4,50,0,19,43,-0.8772630205308293
4,50,0,19,44,-0.8772155785993075
4,50,0,20,3,-0.8751028899157132
4,50,0,20,22,-0.8767241989964382
4,50,0,20,42,-0.8773509345326108
4,50,0,21,3,-0.8750478104218123
4,50,0,21,4,-0.87508529384665
4,50,0,21,23,-0.8768700030113505
4,50,0,21,24,-0.8769872795923871
4,50,0,21,41,-0.8774729207391495
4,50,0,22,3,-0.8749621477606534
4,50,0,22,4,-0.8749986635104909
4,50,0,22,25,-0.8771649691914498
4,50,0,22,38,-0.8778997305863243
4,50,0,22,39,-0.8778445243202566
4,50,0,22,40,-0.8777825976544338
4,50,0,23,2,-0.874775041121374
4,50,0,23,3,-0.8748468706279677
4,50,0,23,4,-0.8749021322051702
4,50,0,23,5,-0.8749607443779746
4,50,0,23,26,-0.8773680622683596
4,50,0,23,37,-0.8781021556227468
4,50,0,24,2,-0.874710107861624
4,50,0,24,3,-0.8747550424862759
4,50,0,24,4,-0.8748091207188339
4,50,0,24,5,-0.8748692943426388
4,50,0,24,6,-0.874936147340002
4,50,0,24,7,-0.8750097291267669
4,50,0,24,27,-0.8775997442129685
4,50,0,24,28,-0.8777364432858962
4,50,0,24,35,-0.8783091798386655
4,50,0,24,36,-0.8783101618715046
4,50,0,25,1,-0.8745416139090505
4,50,0,25,2,-0.8746071289005904
4,50,0,25,3,-0.8746609535609287
4,50,0,25,4,-0.8747168823290951
4,50,0,25,5,-0.8747781593484674
4,50,0,25,6,-0.8748460093393012
4,50,0,25,7,-0.8749210075939726
4,50,0,25,8,-0.8750036314134212
4,50,0,25,9,-0.8750936020903476
4,50,0,25,10,-0.8751915545048599
4,50,0,25,29,-0.8780079410654267
4,50,0,25,30,-0.8781395961506476
4,50,0,25,34,-0.8784928771375853
4,50,0,26,1,-0.8744829925229628
4,50,0,26,2,-0.8745226669870481
4,50,0,26,3,-0.8745715646437694
4,50,0,26,4,-0.8746263072491559
4,50,0,26,5,-0.8746874557683898
4,50,0,26,6,-0.8747556926921756
4,50,0,26,7,-0.8748315591797251
4,50,0,26,8,-0.874915482648757
4,50,0,26,9,-0.8750076964400609
4,50,0,26,10,-0.8751086376154401
4,50,0,26,11,-0.875218794074942
4,50,0,26,12,-0.8753380090643246
4,50,0,26,31,-0.8784502921306017
4,50,0,26,32,-0.8785662398538371
4,50,0,26,33,-0.8786614904115888
4,50,0,27,0,-0.8743373561988212
4,50,0,27,1,-0.8743915671129934
4,50,0,27,2,-0.874435830108874
4,50,0,27,3,-0.8744831294199678
4,50,0,27,4,-0.874536390352795
4,50,0,27,5,-0.8745966854660812
4,50,0,27,6,-0.8746647085491305
4,50,0,27,7,-0.8747409695654919
4,50,0,27,8,-0.874825909931505
4,50,0,27,9,-0.8749198959071999
4,50,0,27,10,-0.875023343297384
4,50,0,27,11,-0.8751367167017675
4,50,0,27,12,-0.8752604975537065
4,50,0,27,32,-0.878802006407255
4,50,0,28,0,-0.8742900366376083
4,50,0,28,1,-0.8743168911714991
4,50,0,28,2,-0.8743527352538992
4,50,0,28,3,-0.8743957775623802
4,50,0,28,4,-0.8744464728670205
4,50,0,28,5,-0.8745052107585258
4,50,0,28,6,-0.8745724572220581
4,50,0,28,7,-0.8746486358127887
4,50,0,28,8,-0.8747341747171827
4,50,0,28,9,-0.8748294745594807
4,50,0,28,10,-0.8749349618566017
4,50,0,28,11,-0.8750511212943319
4,50,0,28,12,-0.8751784964468223
4,50,0,28,13,-0.875317635885571
4,50,0,28,32,-0.8790643760444237
4,50,0,28,33,-0.8792046903051078
4,50,0,29,0,-0.8742227267563707
4,50,0,29,1,-0.8742400633822602
4,50,0,29,2,-0.874269221212299
4,50,0,29,3,-0.8743078434100005
4,50,0,29,4,-0.8743555389883474
4,50,0,29,5,-0.8744122544847948
4,50,0,29,6,-0.8744782585240624
4,50,0,29,7,-0.8745538969678068
4,50,0,29,8,-0.8746395793197979
4,50,0,29,9,-0.8747357160956444
4,50,0,29,10,-0.8748427494287058
4,50,0,29,11,-0.8749612000073882
4,50,0,29,12,-0.8750916958577477
4,50,0,29,13,-0.8752349456418959
4,50,0,29,31,-0.8791606311490405
4,50,0,30,0,-0.8741449385220381
4,50,0,30,1,-0.8741582549058875
4,50,0,30,2,-0.8741830261802014
4,50,0,30,3,-0.8742179025419857
4,50,0,30,4,-0.8742626081651403
4,50,0,30,5,-0.8743170403024694
4,50,0,30,6,-0.8743814234284883
4,50,0,30,7,-0.8744560886624693
4,50,0,30,8,-0.8745414485457665
4,50,0,30,9,-0.8746379226230622
4,50,0,30,10,-0.8747459639955324
4,50,0,30,11,-0.8748661230089745
4,50,0,30,12,-0.8749991092883316
4,50,0,30,13,-0.8751458153527415
4,50,0,30,31,-0.8794388260336743
4,50,0,31,0,-0.8740606931937551
4,50,0,31,1,-0.8740718345169933
4,50,0,31,2,-0.8740935147412717
4,50,0,31,3,-0.8741251952860847
4,50,0,31,4,-0.8741669706904704
4,50,0,31,5,-0.8742189073176285
4,50,0,31,6,-0.8742813149049229
4,50,0,31,7,-0.8743545781062831
4,50,0,31,8,-0.8744391415236121
4,50,0,31,9,-0.8745354359199888
4,50,0,31,10,-0.874643908692087
4,50,0,31,11,-0.8747651069957046
4,50,0,31,12,-0.8748997723312559
4,50,0,31,13,-0.8750489076904042
4,50,0,31,30,-0.8794594521980118
4,50,0,32,0,-0.8739721682173829
4,50,0,32,1,-0.8739817217701122
4,50,0,32,2,-0.8740007994590832
4,50,0,32,3,-0.8740294537365
4,50,0,32,4,-0.8740681878522238
4,50,0,32,5,-0.8741173340200423
4,50,0,32,6,-0.8741773670859774
4,50,0,32,7,-0.8742487763295657
4,50,0,32,8,-0.8743320610671881
4,50,0,32,9,-0.874427658759203
4,50,0,32,10,-0.8745359795235527
4,50,0,32,11,-0.8746575097884958
4,50,0,32,12,-0.8747929345505088
4,50,0,32,13,-0.8749431847872211
4,50,0,32,14,-0.8751093230525857
4,50,0,32,30,-0.8797402227831063
4,50,0,33,0,-0.873880954194441
4,50,0,33,1,-0.8738889359959311
4,50,0,33,2,-0.8739053145707727
4,50,0,33,3,-0.8739306911327326
4,50,0,33,4,-0.8739660036545747
4,50,0,33,5,-0.8740118996276
4,50,0,33,6,-0.8740690638745398
4,50,0,33,7,-0.874138123119471
4,50,0,33,8,-0.87421964539868
4,50,0,33,9,-0.8743140617248936
4,50,0,33,10,-0.8744216970982045
4,50,0,33,11,-0.8745429008702129
4,50,0,33,12,-0.874678239091577
4,50,0,33,13,-0.874828623485189
4,50,0,33,14,-0.8749953547806673
4,50,0,33,30,-0.8800551055670985
4,50,0,33,31,-0.8803900039372193
4,50,0,33,32,-0.880679910657351
4,50,0,33,33,-0.8809240431427929
4,50,0,34,0,-0.8737886261739938
4,50,0,34,1,-0.8737946101421287
4,50,0,34,2,-0.8738076518762719
4,50,0,34,3,-0.8738290500176794
4,50,0,34,4,-0.8738602408857162
4,50,0,34,5,-0.8739022151758782
4,50,0,34,6,-0.8739558877310716
4,50,0,34,7,-0.8740220438251939
4,50,0,34,8,-0.8741013333772263
4,50,0,34,9,-0.874194165178299
4,50,0,34,10,-0.8743007082330186
4,50,0,34,11,-0.8744210376745866
4,50,0,34,12,-0.8745554637175408
4,50,0,34,13,-0.8747047717608117
4,50,0,34,14,-0.8748703435096847
4,50,0,34,15,-0.8750539312453199
4,50,0,34,30,-0.880372031604577
4,50,0,34,31,-0.8807205403861394
4,50,0,34,33,-0.8812620784800119
4,50,0,35,0,-0.8736971857463476
4,50,0,35,1,-0.8737000896770374
4,50,0,35,2,-0.8737084683438596
4,50,0,35,3,-0.8737246735293989
4,50,0,35,4,-0.8737506944783088
4,50,0,35,5,-0.8737878419359713
4,50,0,35,6,-0.8738372486403713
4,50,0,35,7,-0.8738998775832054
4,50,0,35,8,-0.8739764943857152
4,50,0,35,9,-0.8740674926692322
4,50,0,35,10,-0.8741728017645491
4,50,0,35,11,-0.8742919573359247
4,50,0,35,12,-0.8744247727825138
4,50,0,35,13,-0.8745717202116539
4,50,0,35,14,-0.874734415708544
4,50,0,35,15,-0.8749147737202186
4,50,0,35,16,-0.8751160777924828
4,50,0,35,19,-0.8758627107615897
4,50,0,35,20,-0.8761680573848685
4,50,0,35,21,-0.8765074693946637
4,50,0,35,23,-0.8773083127116665
4,50,0,35,24,-0.8777623403428326
4,50,0,35,25,-0.8782493609929495
4,50,0,35,33,-0.8815682226852115
4,50,0,36,0,-0.8736097168817821
4,50,0,36,1,-0.8736069644165703
4,50,0,36,2,-0.8736083100581313
4,50,0,36,3,-0.8736175407017157
4,50,0,36,4,-0.8736370187622495
4,50,0,36,5,-0.8736682119177686
4,50,0,36,6,-0.8737124056123918
4,50,0,36,7,-0.8737707752712169
4,50,0,36,8,-0.8738443010984132
4,50,0,36,9,-0.8739334563928038
4,50,0,36,10,-0.874037924420472
4,50,0,36,11,-0.874156099195981
4,50,0,36,12,-0.8742869208539702
4,50,0,36,13,-0.8744299947823143
4,50,0,36,14,-0.8745879342489604
4,50,0,36,15,-0.8747616990100415
4,50,0,36,16,-0.8749545522464806
4,50,0,36,17,-0.8751725958530309
4,50,0,36,18,-0.8754197282404204
4,50,0,36,22,-0.8767864757993389
4,50,0,36,23,-0.8772523545916576
4,50,0,36,26,-0.8789066883042104
4,50,0,36,27,-0.8794802315556347
4,50,0,36,32,-0.881627057735702
4,50,0,36,33,-0.8818644291251712
4,50,0,37,0,-0.8735318795655234
4,50,0,37,1,-0.8735166171946581
4,50,0,37,2,-0.8735071334108883
4,50,0,37,3,-0.8735072242283872
4,50,0,37,4,-0.8735186263295245
4,50,0,37,5,-0.8735425827732626
4,50,0,37,6,-0.873580408078802
4,50,0,37,7,-0.873633570816788
4,50,0,37,8,-0.873703509068839
4,50,0,37,9,-0.8737910581928015
4,50,0,37,10,-0.873896221191013
4,50,0,37,11,-0.8740144835562934
4,50,0,37,12,-0.8741437994819737
4,50,0,37,13,-0.8742804252092968
4,50,0,37,14,-0.8744247388931229
4,50,0,37,15,-0.8745834441953337
4,50,0,37,16,-0.8747649258894301
4,50,0,37,17,-0.8749753564201233
4,50,0,37,28,-0.8802330238067682
4,50,0,37,29,-0.8807906383277244
4,50,0,37,30,-0.8812618320561953
4,50,0,37,31,-0.8816401194679012
4,50,0,37,32,-0.8819326098817281
4,50,0,38,0,-0.8734761865833607
4,50,0,38,1,-0.8734273724805516
4,50,0,38,2,-0.8734032607902593
4,50,0,38,3,-0.873392666169395
4,50,0,38,4,-0.8733946822850266
4,50,0,38,5,-0.8734100956839251
4,50,0,38,6,-0.8734401216989872
4,50,0,38,7,-0.873486649480272
4,50,0,38,8,-0.8735521346207635
4,50,0,38,9,-0.8736379946430248
4,50,0,38,10,-0.8737409159543653
4,50,0,38,11,-0.8738542596739269
4,50,0,38,12,-0.8739777219115951
4,50,0,38,13,-0.874104380070158
4,50,0,38,14,-0.8742300749120355
4,50,0,38,15,-0.8743533181661512
4,50,0,39,1,-0.873320301508143
4,50,0,39,2,-0.8732927395376751
4,50,0,39,3,-0.8732723545631244
4,50,0,39,4,-0.8732643636682305
4,50,0,39,5,-0.8732700208536208
4,50,0,39,6,-0.8732903946900736
4,50,0,39,7,-0.873327797968848
4,50,0,39,8,-0.8733819109494141
4,50,0,39,9,-0.873450965861697
4,50,0,39,10,-0.8735399401336248
4,50,0,39,11,-0.8736432062907046
4,50,0,39,12,-0.8737644303698615
4,50,0,39,13,-0.8738771241933911
4,50,0,40,1,-0.8732476695689496
4,50,0,40,2,-0.8731819150973066
4,50,0,40,3,-0.8731465126614828
4,50,0,40,4,-0.873127438226965
4,50,0,40,5,-0.8731222637012177
4,50,0,40,6,-0.8731306890780655
4,50,0,40,7,-0.8731513475289193
4,50,0,40,8,-0.8731748933040218
4,50,0,40,9,-0.8731899585561479
4,50,0,40,10,-0.8731564964658821
4,50,0,40,11,-0.8731871967506838
4,50,0,41,2,-0.8730476133427048
4,50,0,41,3,-0.8730112102034231
4,50,0,41,4,-0.8729834885779637
4,50,0,41,5,-0.8729662918346865
4,50,0,41,6,-0.8729551420244395
4,50,0,41,7,-0.8729423689417501
4,50,0,41,8,-0.8729072525841781
4,50,0,41,9,-0.8726744298852657
4,50,0,42,2,-0.872956592991529
4,50,0,42,3,-0.87286982481202
4,50,0,42,4,-0.8728186064536549
4,50,0,42,5,-0.872776305788682
4,50,0,42,6,-0.8727293099226952
4,50,0,42,7,-0.8726485512570665
4,50,0,43,3,-0.8726669881460911
4,50,0,43,4,-0.8726004311134654
4,50,0,43,5,-0.8725086446714635
4,50,0,43,6,-0.872342876024299
4,50,0,44,3,-0.8724958369809142
4,50,0,44,4,-0.8723097950856243
4,51,0,10,55,-0.8686189860007684
4,51,0,11,54,-0.8686231094758079
4,51,0,12,9,-0.8675195187741931
4,51,0,12,53,-0.8686290283139947
4,51,0,13,9,-0.8674735156310369
4,51,0,13,52,-0.8686370975735378
4,51,0,14,10,-0.8674820584445602
4,51,0,14,11,-0.8675384215464368
4,51,0,14,12,-0.8675971298243778
4,51,0,14,13,-0.8676578552126524
4,51,0,14,14,-0.8677204736296729
4,51,0,14,15,-0.8677850499361061
4,51,0,14,52,-0.8686419925832441
4,51,0,15,16,-0.8678304980944218
4,51,0,15,45,-0.8687443486238652
4,51,0,15,46,-0.8687234069357137
4,51,0,15,47,-0.8687049454513525
4,51,0,15,48,-0.8686887477508647
4,51,0,15,49,-0.8686747892454849
4,51,0,15,50,-0.8686630791239658
4,51,0,15,51,-0.8686538739793976
4,51,0,16,17,-0.8678872384677367
4,51,0,16,18,-0.8679655211323324
4,51,0,16,45,-0.8687622640631697
4,51,0,16,51,-0.8686610321956508
4,51,0,17,19,-0.8680426174494793
4,51,0,17,44,-0.8688116716356119
4,51,0,18,20,-0.8681339622776587
4,51,0,18,45,-0.8687974408008645
4,51,0,19,21,-0.8682411759593243
4,51,0,19,42,-0.8689540085617994
4,51,0,19,43,-0.8688991731876176
4,51,0,19,44,-0.8688520966020719
4,51,0,20,3,-0.8667606083221111
4,51,0,20,22,-0.8683660362259504
4,51,0,20,42,-0.868986379493113
4,51,0,21,3,-0.866706099748973
4,51,0,21,4,-0.866743203302484
4,51,0,21,23,-0.8685105216328868
4,51,0,21,24,-0.8686266090410886
4,51,0,21,41,-0.8691073478235535
4,51,0,22,3,-0.8666213242627236
4,51,0,22,4,-0.8666574698335577
4,51,0,22,25,-0.8688026169717564
4,51,0,22,38,-0.8695304111764073
4,51,0,22,39,-0.8694757051285799
4,51,0,22,40,-0.8694143268473562
4,51,0,23,2,-0.8664361457850762
4,51,0,23,3,-0.8665072414716232
4,51,0,23,4,-0.8665619412888012
4,51,0,23,5,-0.8666199587311652
4,51,0,23,26,-0.8690037871351445
4,51,0,23,37,-0.8697310134928801
4,51,0,24,2,-0.8663718861853937
4,51,0,24,3,-0.8664163642570778
4,51,0,24,4,-0.866469893601947
4,51,0,24,5,-0.8665294504175476
4,51,0,24,6,-0.8665956027825312
4,51,0,24,7,-0.8666684150596388
4,51,0,24,27,-0.8692333065642468
4,51,0,24,28,-0.8693686764299248
4,51,0,24,35,-0.8699361641642783
4,51,0,24,36,-0.869937154062461
4,51,0,25,1,-0.8662051289935908
4,51,0,25,2,-0.8662699752121972
4,51,0,25,3,-0.8663232539327501
4,51,0,25,4,-0.8663786168436367
4,51,0,25,5,-0.8664392561806338
4,51,0,25,6,-0.8665063969141603
4,51,0,25,7,-0.8665806165828749
4,51,0,25,8,-0.8666623879276211
4,51,0,25,9,-0.8667514361264606
4,51,0,25,10,-0.8668483970069776
4,51,0,25,29,-0.8696377195070939
4,51,0,25,30,-0.8697681505348296
4,51,0,25,34,-0.870118232945152
4,51,0,26,1,-0.8661471169860587
4,51,0,26,2,-0.8661863905253816
4,51,0,26,3,-0.8662347956128177
4,51,0,26,4,-0.8662889800049833
4,51,0,26,5,-0.8663494902922189
4,51,0,26,6,-0.8664170185607203
4,51,0,26,7,-0.8664921034945645
4,51,0,26,8,-0.8665751658281124
4,51,0,26,9,-0.8666664406975912
4,51,0,26,10,-0.8667663708892862
4,51,0,26,11,-0.8668754422059632
4,51,0,26,12,-0.8669934964759682
4,51,0,26,31,-0.8700760826952874
4,51,0,26,32,-0.8701909774744016
4,51,0,26,33,-0.870285367317368
4,51,0,27,0,-0.866002982223616
4,51,0,27,1,-0.8660566410966478
4,51,0,27,2,-0.8661004600615657
4,51,0,27,3,-0.8661472905214582
4,51,0,27,4,-0.8661999998999577
4,51,0,27,5,-0.8662596655656517
4,51,0,27,6,-0.8663269859094728
4,51,0,27,7,-0.8664024655946325
4,51,0,27,8,-0.8664865387474845
4,51,0,27,9,-0.866579574470239
4,51,0,27,10,-0.8666819960877996
4,51,0,27,11,-0.8667942650382804
4,51,0,27,12,-0.8669168523875588
4,51,0,27,32,-0.8704246709603874
4,51,0,28,0,-0.865956155931214
4,51,0,28,1,-0.8659827421031827
4,51,0,28,2,-0.8660182326902014
4,51,0,28,3,-0.8660608529436266
4,51,0,28,4,-0.8661110227602704
4,51,0,28,5,-0.8661691492725038
4,51,0,28,6,-0.8662357039273243
4,51,0,28,7,-0.8663111050490576
4,51,0,28,8,-0.8663957744825028
4,51,0,28,9,-0.8664901173046069
4,51,0,28,10,-0.8665945683253432
4,51,0,28,11,-0.866709607666154
4,51,0,28,12,-0.86683576539678
4,51,0,28,13,-0.8669735795476033
4,51,0,28,32,-0.8706847203713702
4,51,0,28,33,-0.8708237460815034
4,51,0,29,0,-0.8658895478288953
4,51,0,29,1,-0.865906715285219
4,51,0,29,2,-0.8659355908518983
4,51,0,29,3,-0.8659738394990737
4,51,0,29,4,-0.8660210428055314
4,51,0,29,5,-0.8660771702820885
4,51,0,29,6,-0.8661424974786001
4,51,0,29,7,-0.8662173661092036
4,51,0,29,8,-0.8663021807710529
4,51,0,29,9,-0.8663973580407354
4,51,0,29,10,-0.8665033488368833
4,51,0,29,11,-0.8666206678612529
4,51,0,29,12,-0.8667499265100238
4,51,0,29,13,-0.8668918191466516
4,51,0,29,31,-0.8707801762187449
4,51,0,30,0,-0.8658125709760764
4,51,0,30,1,-0.8658257606690365
4,51,0,30,2,-0.8658502970402296
4,51,0,30,3,-0.8658848418344196
4,51,0,30,4,-0.8659290884583459
4,51,0,30,5,-0.8659829581312724
4,51,0,30,6,-0.8660466824674782
4,51,0,30,7,-0.8661205891889658
4,51,0,30,8,-0.8662050871044515
4,51,0,30,9,-0.8663006032493956
4,51,0,30,10,-0.8664076001063233
4,51,0,30,11,-0.8665266209480458
4,51,0,30,12,-0.866658355897826
4,51,0,30,13,-0.866803679191797
4,51,0,30,31,-0.8710558818873546
4,51,0,31,0,-0.8657292045149646
4,51,0,31,1,-0.8657402426069556
4,51,0,31,2,-0.865761721887016
4,51,0,31,3,-0.8657931069599283
4,51,0,31,4,-0.8658344551489388
4,51,0,31,5,-0.8658858560319935
4,51,0,31,6,-0.8659476256901968
4,51,0,31,7,-0.866020145351763
4,51,0,31,8,-0.8661038564467367
4,51,0,31,9,-0.8661991983914152
4,51,0,31,10,-0.8663066289183864
4,51,0,31,11,-0.8664266878007846
4,51,0,31,12,-0.8665600949943552
4,51,0,31,13,-0.8667078319413615
4,51,0,31,30,-0.8710764011360062
4,51,0,32,0,-0.8656416025514743
4,51,0,32,1,-0.8656510701811895
4,51,0,32,2,-0.8656699755263425
4,51,0,32,3,-0.8656983676204787
4,51,0,32,4,-0.8657367059328736
4,51,0,32,5,-0.8657853446852365
4,51,0,32,6,-0.8658447638676258
4,51,0,32,7,-0.8659154485879168
4,51,0,32,8,-0.8659978947933619
4,51,0,32,9,-0.866092549341182
4,51,0,32,10,-0.8661998340969363
4,51,0,32,11,-0.8663202289922367
4,51,0,32,12,-0.8664543968896483
4,51,0,32,13,-0.8666032458441661
4,51,0,32,14,-0.8667678261174313
4,51,0,32,30,-0.8713546169465627
4,51,0,33,0,-0.8655513382078488
4,51,0,33,1,-0.865559250993274
4,51,0,33,2,-0.8655754861853051
4,51,0,33,3,-0.8656006348081811
4,51,0,33,4,-0.8656355849574524
4,51,0,33,5,-0.8656810047866934
4,51,0,33,6,-0.8657375831868322
4,51,0,33,7,-0.8658059416010829
4,51,0,33,8,-0.8658866437198741
4,51,0,33,9,-0.8659801299863688
4,51,0,33,10,-0.8660867388623115
4,51,0,33,11,-0.8662068155730434
4,51,0,33,12,-0.8663409050063935
4,51,0,33,13,-0.8664898945293097
4,51,0,33,14,-0.8666550685643035
4,51,0,33,30,-0.8716666001663574
4,51,0,33,31,-0.8719983339983138
4,51,0,33,32,-0.8722854990633181
4,51,0,33,33,-0.8725273141394996
4,51,0,34,0,-0.8654599692195915
4,51,0,34,1,-0.8654659051298714
4,51,0,34,2,-0.8654788382482279
4,51,0,34,3,-0.8655000483816423
4,51,0,34,4,-0.8655309157843206
4,51,0,34,5,-0.8655724502121626
4,51,0,34,6,-0.8656255700261376
4,51,0,34,7,-0.8656910543400521
4,51,0,34,8,-0.865769547129167
4,51,0,34,9,-0.8658614655413545
4,51,0,34,10,-0.8659669936351918
4,51,0,34,11,-0.8660862068285224
4,51,0,34,12,-0.8662193977752528
4,51,0,34,13,-0.8663673279613063
4,51,0,34,14,-0.866531360222761
4,51,0,34,15,-0.8667132348248453
4,51,0,34,30,-0.8719805803476199
4,51,0,34,31,-0.8723257790714385
4,51,0,34,33,-0.8728621593505077
4,51,0,35,0,-0.865369475741566
4,51,0,35,1,-0.8653723633462941
4,51,0,35,2,-0.8653806812043779
4,51,0,35,3,-0.8653967503655077
4,51,0,35,4,-0.8654224970073514
4,51,0,35,5,-0.8654592489026793
4,51,0,35,6,-0.8655081424734196
4,51,0,35,7,-0.8655701345680189
4,51,0,35,8,-0.865645983064077
4,51,0,35,9,-0.8657360873468685
4,51,0,35,10,-0.8658403925095993
4,51,0,35,11,-0.8659584420462947
4,51,0,35,12,-0.8660900392509305
4,51,0,35,13,-0.8662356357855314
4,51,0,35,14,-0.8663968249366385
4,51,0,35,15,-0.8665755066427085
4,51,0,35,16,-0.8667749412753896
4,51,0,35,19,-0.8675145793752252
4,51,0,35,20,-0.8678170206200309
4,51,0,35,21,-0.8681531827377583
4,51,0,35,23,-0.8689463154141438
4,51,0,35,24,-0.8693959636004888
4,51,0,35,25,-0.8698782944246779
4,51,0,35,33,-0.8731654124456827
4,51,0,36,0,-0.8652829097136987
4,51,0,36,1,-0.8652801987915352
4,51,0,36,2,-0.8652815554014913
4,51,0,36,3,-0.8652907215119638
4,51,0,36,4,-0.8653099907028475
4,51,0,36,5,-0.8653408448588618
4,51,0,36,6,-0.8653845738035039
4,51,0,36,7,-0.8654423479189559
4,51,0,36,8,-0.8655151381944505
4,51,0,36,9,-0.8656034191074424
4,51,0,36,10,-0.8657068882335223
4,51,0,36,11,-0.8658239611367714
4,51,0,36,12,-0.8659535805557002
4,51,0,36,13,-0.8660953418123687
4,51,0,36,14,-0.8662518235542388
4,51,0,36,15,-0.8664239839008009
4,51,0,36,16,-0.8666150586903024
4,51,0,36,17,-0.866831089315453
4,51,0,36,18,-0.867075927627907
4,51,0,36,22,-0.8684296737421997
4,51,0,36,23,-0.8688910616433475
4,51,0,36,26,-0.8705294384171629
4,51,0,36,27,-0.8710974678115287
4,51,0,36,32,-0.8732237296974152
4,51,0,36,33,-0.8734588326288457
4,51,0,37,0,-0.8652058733361061
4,51,0,37,1,-0.8651907804453179
4,51,0,37,2,-0.8651814174710157
4,51,0,37,3,-0.8651815383571523
4,51,0,37,4,-0.8651928196650996
4,51,0,37,5,-0.8652165110509547
4,51,0,37,6,-0.8652539326848141
4,51,0,37,7,-0.865306549346712
4,51,0,37,8,-0.8653757883438374
4,51,0,37,9,-0.8654624784519973
4,51,0,37,10,-0.8655666293744515
4,51,0,37,11,-0.8656837783887357
4,51,0,37,12,-0.8658118983511255
4,51,0,37,13,-0.8659472721052097
4,51,0,37,14,-0.866090267734403
4,51,0,37,15,-0.8662475262451252
4,51,0,37,16,-0.8664273525491422
4,51,0,37,17,-0.8666358585664522
4,51,0,37,28,-0.8718431523573467
4,51,0,37,29,-0.8723954047347301
4,51,0,37,30,-0.8728620754033575
4,51,0,37,31,-0.8732367369289398
4,51,0,37,32,-0.8735264305232653
4,51,0,38,0,-0.8651507518117992
4,51,0,38,1,-0.8651024513935662
4,51,0,38,2,-0.8650786061031811
4,51,0,38,3,-0.8650681427046396
4,51,0,38,4,-0.8650701566047667
4,51,0,38,5,-0.8650853989016181
4,51,0,38,6,-0.8651151001233661
4,51,0,38,7,-0.8651611475298827
4,51,0,38,8,-0.8652259764529333
4,51,0,38,9,-0.8653109892492156
4,51,0,38,10,-0.86541291170834
4,51,0,38,11,-0.8655251790575488
4,51,0,38,12,-0.8656474941912458
4,51,0,38,13,-0.8657730007474422
4,51,0,38,14,-0.8658975704717847
4,51,0,38,15,-0.866019729307658
4,51,0,39,1,-0.8649964850493638
4,51,0,39,2,-0.8649692209688391
4,51,0,39,3,-0.8649490687525407
4,51,0,39,4,-0.8649411897880808
4,51,0,39,5,-0.8649467879461655
4,51,0,39,6,-0.8649669393116115
4,51,0,39,7,-0.8650039520104764
4,51,0,39,8,-0.865057519686207
4,51,0,39,9,-0.8651258943269691
4,51,0,39,10,-0.8652140017850738
4,51,0,39,11,-0.8653162782755408
4,51,0,39,12,-0.865436366116131
4,51,0,39,13,-0.8655480520623089
4,51,0,40,1,-0.864924601340017
4,51,0,40,2,-0.8648595379597849
4,51,0,40,3,-0.8648245210373535
4,51,0,40,4,-0.8648056711792753
4,51,0,40,5,-0.8648005784811658
4,51,0,40,6,-0.8648089119566695
4,51,0,40,7,-0.8648293507883796
4,51,0,40,8,-0.8648526622765478
4,51,0,40,9,-0.8648675932202512
4,51,0,40,10,-0.8648345043374498
4,51,0,40,11,-0.8648649391336106
4,51,0,41,2,-0.8647266257608743
4,51,0,41,3,-0.8646906149737181
4,51,0,41,4,-0.8646632103051943
4,51,0,41,5,-0.8646462345084809
4,51,0,41,6,-0.8646352113468732
4,51,0,41,7,-0.8646225701909048
4,51,0,41,8,-0.8645878180105904
4,51,0,41,9,-0.8643574037591595
4,51,0,42,2,-0.8646365429400213
4,51,0,42,3,-0.8645506832179294
4,51,0,42,4,-0.8645000205312878
4,51,0,42,5,-0.8644582002913858
4,51,0,42,6,-0.864411744426374
4,51,0,42,7,-0.8643318323575043
4,51,0,43,3,-0.8643499365411712
4,51,0,43,4,-0.8642840882608772
4,51,0,43,5,-0.864193301174804
4,51,0,43,6,-0.864029333626336
4,51,0,44,3,-0.8641805476100878
4,51,0,44,4,-0.8639964452877484
4,52,0,10,55,-0.8603440459739808
4,52,0,11,54,-0.8603481291649836
4,52,0,12,9,-0.8592567837481367
4,52,0,12,53,-0.8603540059598255
4,52,0,13,9,-0.8592112222719415
4,52,0,13,52,-0.8603620653836448
4,52,0,14,10,-0.8592196954529554
4,52,0,14,11,-0.8592755485308541
4,52,0,14,12,-0.859333726776317
4,52,0,14,13,-0.8593938955716869
4,52,0,14,14,-0.8594559262493372
4,52,0,14,15,-0.8595198789460365
4,52,0,14,52,-0.8603669628009509
4,52,0,15,16,-0.8595648968178834
4,52,0,15,45,-0.8604686184043969
4,52,0,15,46,-0.860447857893389
4,52,0,15,47,-0.8604295465061551
4,52,0,15,48,-0.860413471357798
4,52,0,15,49,-0.860399609139387
4,52,0,15,50,-0.860387969909649
4,52,0,15,51,-0.8603788074428524
4,52,0,16,17,-0.859621060667521
4,52,0,16,18,-0.8596985303824822
4,52,0,16,45,-0.8604863942556293
4,52,0,16,51,-0.8603859039582862
4,52,0,17,19,-0.8597748088809478
4,52,0,17,44,-0.8605353586352925
4,52,0,18,20,-0.8598651903606953
4,52,0,18,45,-0.8605212654217376
4,52,0,19,21,-0.8599713039913454
4,52,0,19,42,-0.8606763481865172
4,52,0,19,43,-0.8606220453093032
4,52,0,19,44,-0.8605754160510326
4,52,0,20,3,-0.8585051191347237
4,52,0,20,22,-0.8600949344669964
4,52,0,20,42,-0.8607084245161328
4,52,0,21,3,-0.8584511425574027
4,52,0,21,4,-0.8584878876665256
4,52,0,21,23,-0.8602380569033982
4,52,0,21,24,-0.8603530742334295
4,52,0,21,41,-0.8608282729433994
4,52,0,22,3,-0.8583671958392016
4,52,0,22,4,-0.8584029945499574
4,52,0,22,25,-0.8605274896641172
4,52,0,22,38,-0.8612475733926739
4,52,0,22,39,-0.861193319792797
4,52,0,22,40,-0.8611324811881129
4,52,0,23,2,-0.8581838254894265
4,52,0,23,3,-0.8582542264110761
4,52,0,23,4,-0.8583083996176392
4,52,0,23,5,-0.8583658667010705
4,52,0,23,26,-0.8607268352171398
4,52,0,23,37,-0.8614464009617578
4,52,0,24,2,-0.8581201951705417
4,52,0,24,3,-0.8581642408837582
4,52,0,24,4,-0.858217256338612
4,52,0,24,5,-0.8582762554513798
4,52,0,24,6,-0.8583418123225803
4,52,0,24,7,-0.85841397330181
4,52,0,24,27,-0.8609542339671574
4,52,0,24,28,-0.8610883028236117
4,52,0,24,35,-0.8616498113855647
4,52,0,24,36,-0.8616507042616283
4,52,0,25,1,-0.8579550728358355
4,52,0,25,2,-0.8580192825012309
4,52,0,25,3,-0.8580720429571207
4,52,0,25,4,-0.858126872586038
4,52,0,25,5,-0.858186955993006
4,52,0,25,6,-0.8582534934398414
4,52,0,25,7,-0.858327047105251
4,52,0,25,8,-0.8584080819223389
4,52,0,25,9,-0.8584963219327971
4,52,0,25,10,-0.858592388886941
4,52,0,25,29,-0.8613547652737492
4,52,0,25,30,-0.8614838802940314
4,52,0,25,34,-0.8618302582948272
4,52,0,26,1,-0.8578976311496084
4,52,0,26,2,-0.857936519292974
4,52,0,26,3,-0.8579844529806048
4,52,0,26,4,-0.8580381218272479
4,52,0,26,5,-0.8580980824575566
4,52,0,26,6,-0.8581650030176555
4,52,0,26,7,-0.8582394118065507
4,52,0,26,8,-0.8583217250972608
4,52,0,26,9,-0.8584121689573252
4,52,0,26,10,-0.858511170825218
4,52,0,26,11,-0.85861921003796
4,52,0,26,12,-0.8587361349388711
4,52,0,26,31,-0.8617888042912709
4,52,0,26,32,-0.8619025079898495
4,52,0,26,33,-0.8619959049348958
4,52,0,27,0,-0.8577549167299563
4,52,0,27,1,-0.8578080456958749
4,52,0,27,2,-0.8578514322584907
4,52,0,27,3,-0.8578977989905386
4,52,0,27,4,-0.8579500196324843
4,52,0,27,5,-0.8580091469331622
4,52,0,27,6,-0.8580758614443806
4,52,0,27,7,-0.8581506609181706
4,52,0,27,8,-0.8582339755203133
4,52,0,27,9,-0.8583261614951166
4,52,0,27,10,-0.8584276251930103
4,52,0,27,11,-0.8585388230268844
4,52,0,27,12,-0.8586602295866934
4,52,0,27,32,-0.8621339815299222
4,52,0,28,0,-0.8577085535073854
4,52,0,28,1,-0.857734876336799
4,52,0,28,2,-0.8577700147594576
4,52,0,28,3,-0.8578122109842634
4,52,0,28,4,-0.8578619201344226
4,52,0,28,5,-0.8579195240906774
4,52,0,28,6,-0.8579854806397906
4,52,0,28,7,-0.858060203084082
4,52,0,28,8,-0.8581441087399672
4,52,0,28,9,-0.858237587418321
4,52,0,28,10,-0.8583410557595027
4,52,0,28,11,-0.8584549897746685
4,52,0,28,12,-0.8585799251167124
4,52,0,28,13,-0.8587164024780128
4,52,0,28,32,-0.8623915599637435
4,52,0,28,33,-0.8625291806405772
4,52,0,29,0,-0.8576426052833389
4,52,0,29,1,-0.8576596019136873
4,52,0,29,2,-0.8576881895939498
4,52,0,29,3,-0.8577260559064208
4,52,0,29,4,-0.8577728275633704
4,52,0,29,5,-0.8578284519575216
4,52,0,29,6,-0.8578931936763656
4,52,0,29,7,-0.8579673901335676
4,52,0,29,8,-0.8580514404706373
4,52,0,29,9,-0.858145744117975
4,52,0,29,10,-0.8582507328260803
4,52,0,29,11,-0.8583669177721447
4,52,0,29,12,-0.8584949175009613
4,52,0,29,13,-0.8586354299835485
4,52,0,29,31,-0.8624862069862446
4,52,0,30,0,-0.8575663920345076
4,52,0,30,1,-0.8575794496888016
4,52,0,30,2,-0.8576037399725709
4,52,0,30,3,-0.857637937115773
4,52,0,30,4,-0.8576817805808592
4,52,0,30,5,-0.8577351693719999
4,52,0,30,6,-0.8577983249586515
4,52,0,30,7,-0.857871570575437
4,52,0,30,8,-0.8579553085314569
4,52,0,30,9,-0.8580499470852786
4,52,0,30,10,-0.8581559285394683
4,52,0,30,11,-0.8582737929642766
4,52,0,30,12,-0.8584042389464467
4,52,0,30,13,-0.8585481450413996
4,52,0,30,31,-0.8627593117517836
4,52,0,31,0,-0.8574838536915483
4,52,0,31,1,-0.8574947804571228
4,52,0,31,2,-0.8575160427361784
4,52,0,31,3,-0.8575471096429417
4,52,0,31,4,-0.8575880832996543
4,52,0,31,5,-0.8576390283278811
4,52,0,31,6,-0.8577002498573082
4,52,0,31,7,-0.8577721238913573
4,52,0,31,8,-0.8578550844227991
4,52,0,31,9,-0.8579495507415864
4,52,0,31,10,-0.858055959347969
4,52,0,31,11,-0.8581748469389798
4,52,0,31,12,-0.8583069433263418
4,52,0,31,13,-0.8584532356618308
4,52,0,31,30,-0.8627797615742149
4,52,0,32,0,-0.8573971235261422
4,52,0,32,1,-0.8574064948639318
4,52,0,32,2,-0.8574252077771342
4,52,0,32,3,-0.8574533105788142
4,52,0,32,4,-0.8574913054731295
4,52,0,32,5,-0.8575395174558246
4,52,0,32,6,-0.8575984135170778
4,52,0,32,7,-0.857668472547694
4,52,0,32,8,-0.8577501825055098
4,52,0,32,9,-0.8578439693388594
4,52,0,32,10,-0.8579502327812538
4,52,0,32,11,-0.8580694496884322
4,52,0,32,12,-0.8582022943829051
4,52,0,32,13,-0.8583496836095365
4,52,0,32,14,-0.8585126620424559
4,52,0,32,30,-0.8630553979155655
4,52,0,33,0,-0.8573077598181356
4,52,0,33,1,-0.8573155914190891
4,52,0,33,2,-0.8573316603041029
4,52,0,33,3,-0.8573565526268537
4,52,0,33,4,-0.8573911959851602
4,52,0,33,5,-0.8574362241502107
4,52,0,33,6,-0.8574923099027546
4,52,0,33,7,-0.8575600672414933
4,52,0,33,8,-0.8576400518940495
4,52,0,33,9,-0.8577326836401474
4,52,0,33,10,-0.857838278548054
4,52,0,33,11,-0.8579571787550319
4,52,0,33,12,-0.8580899418715937
4,52,0,33,13,-0.8582374660393999
4,52,0,33,14,-0.8584010299320503
4,52,0,33,30,-0.8633645048515005
4,52,0,33,31,-0.8636930269691219
4,52,0,33,32,-0.8639774156572337
4,52,0,33,33,-0.8642169031303744
4,52,0,34,0,-0.8572173056433536
4,52,0,34,1,-0.8572231800446576
4,52,0,34,2,-0.8572359800312364
4,52,0,34,3,-0.8572569752986061
4,52,0,34,4,-0.8572875809978342
4,52,0,34,5,-0.8573287670321975
4,52,0,34,6,-0.8573814316010306
4,52,0,34,7,-0.8574463445601511
4,52,0,34,8,-0.8575241423700386
4,52,0,34,9,-0.8576152232281642
4,52,0,34,10,-0.8577197500739772
4,52,0,34,11,-0.8578377959008127
4,52,0,34,12,-0.8579696674248608
4,52,0,34,13,-0.8581161392236851
4,52,0,34,14,-0.8582785697183578
4,52,0,34,15,-0.8584586778055252
4,52,0,34,30,-0.8636756147347691
4,52,0,34,31,-0.8640174830796639
4,52,0,34,33,-0.8645487032130124
4,52,0,35,0,-0.8571277220226238
4,52,0,35,1,-0.8571305789885599
4,52,0,35,2,-0.8571388106711307
4,52,0,35,3,-0.8571547188207007
4,52,0,35,4,-0.8571802594661971
4,52,0,35,5,-0.8572167159954506
4,52,0,35,6,-0.8572652001828287
4,52,0,35,7,-0.8573266566118227
4,52,0,35,8,-0.85740183563563
4,52,0,35,9,-0.8574911208091787
4,52,0,35,10,-0.8575944399670518
4,52,0,35,11,-0.8577113370326437
4,52,0,35,12,-0.8578416316401821
4,52,0,35,13,-0.8579857915175335
4,52,0,35,14,-0.8581454051795232
4,52,0,35,15,-0.8583223505863758
4,52,0,35,16,-0.8585198441178218
4,52,0,35,19,-0.8592523314497309
4,52,0,35,20,-0.859551888598671
4,52,0,35,21,-0.8598848640276208
4,52,0,35,23,-0.8606705030911753
4,52,0,35,24,-0.8611158965458643
4,52,0,35,25,-0.8615936445339001
4,52,0,35,33,-0.8648492021716863
4,52,0,36,0,-0.8570420304130926
4,52,0,36,1,-0.8570393460365668
4,52,0,36,2,-0.8570406875020886
4,52,0,36,3,-0.8570497628370749
4,52,0,36,4,-0.8570688927076593
4,52,0,36,5,-0.8570995143251852
4,52,0,36,6,-0.8571428892628679
4,52,0,36,7,-0.8572001709942795
4,52,0,36,8,-0.8572723205677572
4,52,0,36,9,-0.857359799882265
4,52,0,36,10,-0.8574622955315072
4,52,0,36,11,-0.8575782322937546
4,52,0,36,12,-0.857706573710507
4,52,0,36,13,-0.8578469380674142
4,52,0,36,14,-0.8580018915067843
4,52,0,36,15,-0.8581723756227355
4,52,0,36,16,-0.8583615890302329
4,52,0,36,17,-0.8585755175435879
4,52,0,36,18,-0.8588179903693907
4,52,0,36,22,-0.8601588760975079
4,52,0,36,23,-0.8606159067703176
4,52,0,36,26,-0.8622387142564073
4,52,0,36,27,-0.8628013062180147
4,52,0,36,32,-0.8649071122563102
4,52,0,36,33,-0.8651399449012266
4,52,0,37,0,-0.8569657758592151
4,52,0,37,1,-0.8569508364395987
4,52,0,37,2,-0.8569415683601765
4,52,0,37,3,-0.8569416892606493
4,52,0,37,4,-0.8569529053904316
4,52,0,37,5,-0.8569764346034239
4,52,0,37,6,-0.8570135671655429
4,52,0,37,7,-0.857065744743781
4,52,0,37,8,-0.8571343771772626
4,52,0,37,9,-0.8572202815887654
4,52,0,37,10,-0.8573234582871457
4,52,0,37,11,-0.8574394813607626
4,52,0,37,12,-0.8575663475695845
4,52,0,37,13,-0.8577003919586078
4,52,0,37,14,-0.8578419926460328
4,52,0,37,15,-0.857997723620942
4,52,0,37,16,-0.8581758018095021
4,52,0,37,17,-0.8583822839298856
4,52,0,37,28,-0.8635399964110251
4,52,0,37,29,-0.8640869392721884
4,52,0,37,30,-0.8645491045463057
4,52,0,37,31,-0.8649201403940068
4,52,0,37,32,-0.8652070264020524
4,52,0,38,0,-0.8569112164186281
4,52,0,38,1,-0.856863409858957
4,52,0,38,2,-0.8568398105752915
4,52,0,38,3,-0.8568294630598294
4,52,0,38,4,-0.856831479887776
4,52,0,38,5,-0.856846635615019
4,52,0,38,6,-0.8568761227449175
4,52,0,38,7,-0.8569217955477142
4,52,0,38,8,-0.856986061038014
4,52,0,38,9,-0.8570703074975387
4,52,0,38,10,-0.8571712883406293
4,52,0,38,11,-0.8572824948287785
4,52,0,38,12,-0.8574036277328707
4,52,0,38,13,-0.8575279095263421
4,52,0,38,14,-0.8576512709341962
4,52,0,38,15,-0.8577722594962993
4,52,0,39,1,-0.8567585258534409
4,52,0,39,2,-0.8567315421297886
4,52,0,39,3,-0.8567116005574192
4,52,0,39,4,-0.8567038101078194
4,52,0,39,5,-0.856709402926902
4,52,0,39,6,-0.8567294277953469
4,52,0,39,7,-0.8567661536303405
4,52,0,39,8,-0.8568192697526709
4,52,0,39,9,-0.8568870497348098
4,52,0,39,10,-0.8569743755325503
4,52,0,39,11,-0.8570757179341494
4,52,0,39,12,-0.8571946635535177
4,52,0,39,13,-0.8573052687210536
4,52,0,40,1,-0.8566873764039018
4,52,0,40,2,-0.85662297856271
4,52,0,40,3,-0.8565883221218622
4,52,0,40,4,-0.8565696704275688
4,52,0,40,5,-0.8565646452894724
4,52,0,40,6,-0.8565729567593195
4,52,0,40,7,-0.8565932686174998
4,52,0,40,8,-0.8566164318302967
4,52,0,40,9,-0.8566313181907227
4,52,0,40,10,-0.8565987118624483
4,52,0,40,11,-0.8566289771062474
4,52,0,41,2,-0.8564914221862392
4,52,0,41,3,-0.856455779345882
4,52,0,41,4,-0.8564286520644814
4,52,0,41,5,-0.8564118439813444
4,52,0,41,6,-0.8564009714733287
4,52,0,41,7,-0.8563885254106367
4,52,0,41,8,-0.8563542169879211
4,52,0,41,9,-0.8561262986726338
4,52,0,42,2,-0.856402261182217
4,52,0,42,3,-0.8563172809958804
4,52,0,42,4,-0.856267133091929
4,52,0,42,5,-0.8562257307889709
4,52,0,42,6,-0.8561797394429491
4,52,0,42,7,-0.8561006915695808
4,52,0,43,3,-0.856118596306215
4,52,0,43,4,-0.8560534194386865
4,52,0,43,5,-0.8559635435161802
4,52,0,43,6,-0.8558012126670498
4,52,0,44,3,-0.8559509497851417
4,52,0,44,4,-0.8557687421609913
