                                   MODFLOW 6
                U.S. GEOLOGICAL SURVEY MODULAR HYDROLOGIC MODEL
                            VERSION 6.3.0 03/04/2022

   MODFLOW 6 compiled Mar 07 2022 16:14:29 with Intel(R) Fortran Intel(R) 64
   Compiler Classic for applications running on Intel(R) 64, Version 2021.5.0
                             Build 20211109_000000

This software has been approved for release by the U.S. Geological 
Survey (USGS). Although the software has been subjected to rigorous 
review, the USGS reserves the right to update the software as needed 
pursuant to further analysis and review. No warranty, expressed or 
implied, is made by the USGS or the U.S. Government as to the 
functionality of the software and related material nor shall the 
fact of release constitute any such warranty. Furthermore, the 
software is released on condition that neither the USGS nor the U.S. 
Government shall be held liable for any damages resulting from its 
authorized or unauthorized use. Also refer to the USGS Water 
Resources Software User Rights Notice for complete use, copyright, 
and distribution information.


As a work of the United States Government, this USGS product is 
in the public domain within the United States. You can copy, 
modify, distribute, and perform the work, even for commercial 
purposes, all without asking permission. Additionally, USGS 
waives copyright and related rights in the work worldwide 
through CC0 1.0 Universal Public Domain Dedication 
(https://creativecommons.org/publicdomain/zero/1.0/).

The following GNU Lesser General Public License (LGPL) libraries
are used in this USGS product:

    SPARSKIT version 2.0
      ilut, luson, and qsplit 
      (https://www-users.cse.umn.edu/~saad/software/SPARSKIT/)

    RCM - Reverse Cuthill McKee Ordering
      (https://people.math.sc.edu/Burkardt/f_src/rcm/rcm.html)

    BLAS - Basic Linear Algebra Subprograms Level 1
      (https://people.math.sc.edu/Burkardt/f_src/blas1_d/blas1_d.html)

    SPARSEKIT - Sparse Matrix Utility Package
      amux, dperm, dvperm, rperm, and cperm
      (https://people.sc.fsu.edu/~jburkardt/f77_src/sparsekit/sparsekit.html)

The following BSD-3 License libraries are used in this USGS product:

    Modern Fortran DAG Library
      Copyright (c) 2018, Jacob Williams
      All rights reserved.
      (https://github.com/jacobwilliams/daglib)

MODFLOW 6 compiler options: /O2 /heap-arrays:0 /fpe:0 /traceback /nologo /fpp
/c /module:win64\mod_temp\ /object:win64\obj_temp\

System command used to initiate simulation:
C:\Users\tfo46\e_Python\e_projects\pakipaki_01\models\local_run25\local_run25\mf6.exe

MODFLOW was compiled using uniform precision.

Real Variables
  KIND: 8
  TINY (smallest non-zero value):    2.225074-308
  HUGE (largest value):    1.797693+308
  PRECISION: 15
  BIT SIZE: 64

Integer Variables
  KIND: 4
  HUGE (largest value): 2147483647
  BIT SIZE: 32

Long Integer Variables
  KIND: 8
  HUGE (largest value): 9223372036854775807
  BIT SIZE: 64

Logical Variables
  KIND: 4
  BIT SIZE: 32
 

 OPENED mfsim.nam
 FILE TYPE:NAM   UNIT 1001   STATUS:OLD                 
 FORMAT:FORMATTED              ACCESS:SEQUENTIAL          
 ACTION:READ                

 # File generated by Flopy version 3.9.3 on 11/05/2025 at 22:14:29.

 READING SIMULATION OPTIONS
 END OF SIMULATION OPTIONS

 READING SIMULATION TIMING

 OPENED local_run25.tdis
 FILE TYPE:TDIS   UNIT 1002   STATUS:OLD                 
 FORMAT:FORMATTED              ACCESS:SEQUENTIAL          
 ACTION:READ                


 TDIS -- TEMPORAL DISCRETIZATION PACKAGE,
 VERSION 1 : 11/13/2014 - INPUT READ FROM UNIT 1002
 # File generated by Flopy version 3.9.3 on 11/05/2025 at 22:14:29.
 PROCESSING TDIS OPTIONS
    SIMULATION TIME UNIT IS DAYS
    SIMULATION STARTING DATE AND TIME IS 2023-12-06                    
 END OF TDIS OPTIONS
 PROCESSING TDIS DIMENSIONS
    4 STRESS PERIOD(S) IN SIMULATION
 END OF TDIS DIMENSIONS
 PROCESSING TDIS PERIODDATA


 STRESS PERIOD     LENGTH       TIME STEPS     MULTIPLIER FOR DELT
 ----------------------------------------------------------------------------
        1         1.000000          1                    1.000
        2         52.00000         52                    1.000
        3         1.000000          1                    1.000
        4         52.00000         52                    1.000
 END OF TDIS PERIODDATA
 END OF SIMULATION TIMING

 READING SIMULATION MODELS
    GWF6 model LOCAL_RUN25 will be created as model 1
 END OF SIMULATION MODELS

 READING SIMULATION EXCHANGES
 END OF SIMULATION EXCHANGES

 READING SOLUTIONGROUP

 Creating solution: SLN_1           

 OPENED local_run25.ims
 FILE TYPE:IMS   UNIT 1015   STATUS:OLD                 
 FORMAT:FORMATTED              ACCESS:SEQUENTIAL          
 ACTION:READ                

 END OF SIMULATION SOLUTIONGROUP

PROCESSING MODEL CONNECTIONS

 IMS -- ITERATIVE MODEL SOLUTION PACKAGE, VERSION 6, 4/28/2017
         INPUT READ FROM UNIT 1015
 # File generated by Flopy version 3.9.3 on 11/05/2025 at 22:14:29.

 PROCESSING IMS OPTIONS
 COMPLEX OPTION:
 DEFAULT SOLVER INPUT VALUES REFLECT STRONGLY NONLINEAR MODEL
 END OF IMS OPTIONS
 **UNDER-RELAXATION WILL BE USED***
 
 ***IMS LINEAR SOLVER WILL BE USED***

 IMSLINEAR -- UNSTRUCTURED LINEAR SOLUTION PACKAGE, VERSION 8, 04/28/2017
 
 An asymmetric matrix will be solved

 OUTER ITERATION CONVERGENCE CRITERION    (DVCLOSE) =    0.100000E+00
 MAXIMUM NUMBER OF OUTER ITERATIONS        (MXITER) = 100
 SOLVER PRINTOUT INDEX                     (IPRIMS) = 2
 NONLINEAR ITERATION METHOD            (NONLINMETH) = 3
 LINEAR SOLUTION METHOD                   (LINMETH) = 1
 UNDER-RELAXATION WEIGHT REDUCTION FACTOR   (THETA) =    0.800000E+00
 UNDER-RELAXATION WEIGHT INCREASE INCREMENT (KAPPA) =    0.100000E-03
 UNDER-RELAXATION PREVIOUS HISTORY FACTOR   (GAMMA) =    0.000000E+00
 UNDER-RELAXATION MOMENTUM TERM         (AMOMENTUM) =    0.000000E+00
 MAXIMUM NUMBER OF BACKTRACKS            (NUMTRACK) = 20
 BACKTRACKING TOLERANCE FACTOR               (BTOL) =    0.105000E+01
 BACKTRACKING REDUCTION FACTOR             (BREDUC) =    0.100000E+00
 BACKTRACKING RESIDUAL LIMIT              (RES_LIM) =    0.200000E-02

       SOLUTION BY THE BICONJUGATE-GRADIENT STABILIZED METHOD
 ------------------------------------------------------------------
 MAXIMUM OF 100 CALLS OF SOLUTION ROUTINE
 MAXIMUM OF 500 INTERNAL ITERATIONS PER CALL TO SOLUTION ROUTINE
 LINEAR ACCELERATION METHOD            = BCGS      
 MATRIX PRECONDITIONING TYPE           = INCOMPLETE LUT      
 MATRIX SCALING APPROACH               = NO SCALING          
 MATRIX REORDERING APPROACH            = ORIGINAL ORDERING        
 NUMBER OF ORTHOGONALIZATIONS          = 2
 HEAD CHANGE CRITERION FOR CLOSURE     =    0.10000E+00
 RESIDUAL CHANGE CRITERION FOR CLOSURE =    0.10000E+00
 RESIDUAL CONVERGENCE OPTION           = 0
 RESIDUAL CONVERGENCE NORM             = INFINITY NORM   
 RELAXATION FACTOR                     =    0.00000E+00
 NUMBER OF LEVELS                      =              5
 DROP TOLERANCE                        =    0.10000E-03


 
    Solving:  Stress period:     1    Time step:     1
 
1
                            STRESS PERIOD NO. 1, LENGTH =   1.000000    
                            -----------------------------------------------
                            NUMBER OF TIME STEPS = 1
                            MULTIPLIER FOR DELT =     1.000
                            INITIAL TIME STEP SIZE =   1.000000    

 SLN_1 OUTER ITERATION SUMMARY
 ----------------------------------------------------------------------------------------------------------------------------------------------------------------
                                OUTER      INNER  BACKTRACK  BACKTRACK        INCOMING        OUTGOING                    STEP   MAXIMUM CHANGE MODEL-(CELLID) OR
 OUTER ITERATION STEP       ITERATION  ITERATION       FLAG ITERATIONS        RESIDUAL        RESIDUAL  MAXIMUM CHANGE SUCCESS             MODEL-PACKAGE-(NUMBER)
 ----------------------------------------------------------------------------------------------------------------------------------------------------------------
 Backtracking                       1                     0          0       3121.2418       3121.2418                       *                                   
 Model                              1         10                                                            -2.1291849                            1_GWF-(1,31,38)
 Backtracking                       2                     0          0      0.65515077      0.65515077                       *                                   
 Model                              2          1                                                       -1.05821810E-03       *                     1_GWF-(1,5,22)
 ----------------------------------------------------------------------------------------------------------------------------------------------------------------


 2 CALLS TO NUMERICAL SOLUTION IN TIME STEP 1 STRESS PERIOD 1
 11 TOTAL ITERATIONS

 SLN_1 INNER ITERATION SUMMARY
 --------------------------------------------------------------------------------------------------------------------------------------
      TOTAL      OUTER      INNER                                                            MAXIMUM                                   
  ITERATION  ITERATION  ITERATION  MAXIMUM CHANGE      MAXIMUM CHANGE MODEL-(CELLID)        RESIDUAL    MAXIMUM RESIDUAL MODEL-(CELLID)
 --------------------------------------------------------------------------------------------------------------------------------------
          1          1          1      -1.1428538                    1_GWF-(1,30,38)       80.834752                    1_GWF-(1,33,31)
          2          1          2     -0.85434895                    1_GWF-(1,41,31)       15.500794                    1_GWF-(1,28,24)
          3          1          3     -0.37779619                    1_GWF-(1,30,23)       10.452756                    1_GWF-(1,14,12)
          4          1          4     -0.19463885                    1_GWF-(1,29,14)       10.489820                     1_GWF-(1,3,28)
          5          1          5     -0.25167360                     1_GWF-(1,27,5)       8.6882759                     1_GWF-(1,7,19)
          6          1          6     -0.27846732                     1_GWF-(1,26,5)       5.3748546                     1_GWF-(1,7,19)
          7          1          7     -0.21661445                     1_GWF-(1,6,20)       1.5835472                     1_GWF-(1,7,19)
          8          1          8 -2.40606131E-02                     1_GWF-(1,7,19)      0.62995006                    1_GWF-(1,10,16)
          9          1          9 -2.17171776E-02                     1_GWF-(1,5,23)      0.14806414                     1_GWF-(1,5,22)
         10          1         10 -5.70137666E-03                     1_GWF-(1,5,22)  7.88655857E-02                     1_GWF-(1,5,22)
         11          2          1 -1.05821810E-03                     1_GWF-(1,5,22)  3.79170601E-02                     1_GWF-(1,5,22)
 --------------------------------------------------------------------------------------------------------------------------------------


 
    Solving:  Stress period:     2    Time step:     1
 
1
                            STRESS PERIOD NO. 2, LENGTH =   52.00000    
                            -----------------------------------------------
                            NUMBER OF TIME STEPS = 52
                            MULTIPLIER FOR DELT =     1.000
                            INITIAL TIME STEP SIZE =   1.000000    

 SLN_1 OUTER ITERATION SUMMARY
 ----------------------------------------------------------------------------------------------------------------------------------------------------------------
                                OUTER      INNER  BACKTRACK  BACKTRACK        INCOMING        OUTGOING                    STEP   MAXIMUM CHANGE MODEL-(CELLID) OR
 OUTER ITERATION STEP       ITERATION  ITERATION       FLAG ITERATIONS        RESIDUAL        RESIDUAL  MAXIMUM CHANGE SUCCESS             MODEL-PACKAGE-(NUMBER)
 ----------------------------------------------------------------------------------------------------------------------------------------------------------------
 Backtracking                       1                     0          0       90.877537       90.877537                       *                                   
 Model                              1          1                                                       -4.21100447E-02       *                    1_GWF-(1,41,15)
 ----------------------------------------------------------------------------------------------------------------------------------------------------------------


 1 CALLS TO NUMERICAL SOLUTION IN TIME STEP 1 STRESS PERIOD 2
 1 TOTAL ITERATIONS

 SLN_1 INNER ITERATION SUMMARY
 --------------------------------------------------------------------------------------------------------------------------------------
      TOTAL      OUTER      INNER                                                            MAXIMUM                                   
  ITERATION  ITERATION  ITERATION  MAXIMUM CHANGE      MAXIMUM CHANGE MODEL-(CELLID)        RESIDUAL    MAXIMUM RESIDUAL MODEL-(CELLID)
 --------------------------------------------------------------------------------------------------------------------------------------
          1          1          1 -4.21100447E-02                    1_GWF-(1,41,15) -1.81836927E-02                    1_GWF-(1,44,36)
 --------------------------------------------------------------------------------------------------------------------------------------


 
    Solving:  Stress period:     2    Time step:     2
 

 SLN_1 OUTER ITERATION SUMMARY
 ----------------------------------------------------------------------------------------------------------------------------------------------------------------
                                OUTER      INNER  BACKTRACK  BACKTRACK        INCOMING        OUTGOING                    STEP   MAXIMUM CHANGE MODEL-(CELLID) OR
 OUTER ITERATION STEP       ITERATION  ITERATION       FLAG ITERATIONS        RESIDUAL        RESIDUAL  MAXIMUM CHANGE SUCCESS             MODEL-PACKAGE-(NUMBER)
 ----------------------------------------------------------------------------------------------------------------------------------------------------------------
 Backtracking                       1                     0          0       90.354998       90.354998                       *                                   
 Model                              1          1                                                       -2.20073124E-02       *                     1_GWF-(1,47,5)
 ----------------------------------------------------------------------------------------------------------------------------------------------------------------


 1 CALLS TO NUMERICAL SOLUTION IN TIME STEP 2 STRESS PERIOD 2
 1 TOTAL ITERATIONS

 SLN_1 INNER ITERATION SUMMARY
 --------------------------------------------------------------------------------------------------------------------------------------
      TOTAL      OUTER      INNER                                                            MAXIMUM                                   
  ITERATION  ITERATION  ITERATION  MAXIMUM CHANGE      MAXIMUM CHANGE MODEL-(CELLID)        RESIDUAL    MAXIMUM RESIDUAL MODEL-(CELLID)
 --------------------------------------------------------------------------------------------------------------------------------------
          1          1          1 -2.20073124E-02                     1_GWF-(1,47,5) -9.94449860E-03                     1_GWF-(1,42,6)
 --------------------------------------------------------------------------------------------------------------------------------------


 
    Solving:  Stress period:     2    Time step:     3
 

 SLN_1 OUTER ITERATION SUMMARY
 ----------------------------------------------------------------------------------------------------------------------------------------------------------------
                                OUTER      INNER  BACKTRACK  BACKTRACK        INCOMING        OUTGOING                    STEP   MAXIMUM CHANGE MODEL-(CELLID) OR
 OUTER ITERATION STEP       ITERATION  ITERATION       FLAG ITERATIONS        RESIDUAL        RESIDUAL  MAXIMUM CHANGE SUCCESS             MODEL-PACKAGE-(NUMBER)
 ----------------------------------------------------------------------------------------------------------------------------------------------------------------
 Backtracking                       1                     0          0       92.520336       92.520336                       *                                   
 Model                              1          1                                                       -1.68145736E-02       *                     1_GWF-(1,47,5)
 ----------------------------------------------------------------------------------------------------------------------------------------------------------------


 1 CALLS TO NUMERICAL SOLUTION IN TIME STEP 3 STRESS PERIOD 2
 1 TOTAL ITERATIONS

 SLN_1 INNER ITERATION SUMMARY
 --------------------------------------------------------------------------------------------------------------------------------------
      TOTAL      OUTER      INNER                                                            MAXIMUM                                   
  ITERATION  ITERATION  ITERATION  MAXIMUM CHANGE      MAXIMUM CHANGE MODEL-(CELLID)        RESIDUAL    MAXIMUM RESIDUAL MODEL-(CELLID)
 --------------------------------------------------------------------------------------------------------------------------------------
          1          1          1 -1.68145736E-02                     1_GWF-(1,47,5) -1.02759193E-02                     1_GWF-(1,42,6)
 --------------------------------------------------------------------------------------------------------------------------------------


 
    Solving:  Stress period:     2    Time step:     4
 

 SLN_1 OUTER ITERATION SUMMARY
 ----------------------------------------------------------------------------------------------------------------------------------------------------------------
                                OUTER      INNER  BACKTRACK  BACKTRACK        INCOMING        OUTGOING                    STEP   MAXIMUM CHANGE MODEL-(CELLID) OR
 OUTER ITERATION STEP       ITERATION  ITERATION       FLAG ITERATIONS        RESIDUAL        RESIDUAL  MAXIMUM CHANGE SUCCESS             MODEL-PACKAGE-(NUMBER)
 ----------------------------------------------------------------------------------------------------------------------------------------------------------------
 Backtracking                       1                     0          0       94.843248       94.843248                       *                                   
 Model                              1          1                                                       -1.29516384E-02       *                     1_GWF-(1,47,5)
 ----------------------------------------------------------------------------------------------------------------------------------------------------------------


 1 CALLS TO NUMERICAL SOLUTION IN TIME STEP 4 STRESS PERIOD 2
 1 TOTAL ITERATIONS

 SLN_1 INNER ITERATION SUMMARY
 --------------------------------------------------------------------------------------------------------------------------------------
      TOTAL      OUTER      INNER                                                            MAXIMUM                                   
  ITERATION  ITERATION  ITERATION  MAXIMUM CHANGE      MAXIMUM CHANGE MODEL-(CELLID)        RESIDUAL    MAXIMUM RESIDUAL MODEL-(CELLID)
 --------------------------------------------------------------------------------------------------------------------------------------
          1          1          1 -1.29516384E-02                     1_GWF-(1,47,5) -1.04672300E-02                     1_GWF-(1,42,6)
 --------------------------------------------------------------------------------------------------------------------------------------


 
    Solving:  Stress period:     2    Time step:     5
 

 SLN_1 OUTER ITERATION SUMMARY
 ----------------------------------------------------------------------------------------------------------------------------------------------------------------
                                OUTER      INNER  BACKTRACK  BACKTRACK        INCOMING        OUTGOING                    STEP   MAXIMUM CHANGE MODEL-(CELLID) OR
 OUTER ITERATION STEP       ITERATION  ITERATION       FLAG ITERATIONS        RESIDUAL        RESIDUAL  MAXIMUM CHANGE SUCCESS             MODEL-PACKAGE-(NUMBER)
 ----------------------------------------------------------------------------------------------------------------------------------------------------------------
 Backtracking                       1                     0          0       98.447407       98.447407                       *                                   
 Model                              1          1                                                       -1.02669076E-02       *                     1_GWF-(1,47,5)
 ----------------------------------------------------------------------------------------------------------------------------------------------------------------


 1 CALLS TO NUMERICAL SOLUTION IN TIME STEP 5 STRESS PERIOD 2
 1 TOTAL ITERATIONS

 SLN_1 INNER ITERATION SUMMARY
 --------------------------------------------------------------------------------------------------------------------------------------
      TOTAL      OUTER      INNER                                                            MAXIMUM                                   
  ITERATION  ITERATION  ITERATION  MAXIMUM CHANGE      MAXIMUM CHANGE MODEL-(CELLID)        RESIDUAL    MAXIMUM RESIDUAL MODEL-(CELLID)
 --------------------------------------------------------------------------------------------------------------------------------------
          1          1          1 -1.02669076E-02                     1_GWF-(1,47,5) -1.08942419E-02                     1_GWF-(1,42,6)
 --------------------------------------------------------------------------------------------------------------------------------------


 
    Solving:  Stress period:     2    Time step:     6
 

 SLN_1 OUTER ITERATION SUMMARY
 ----------------------------------------------------------------------------------------------------------------------------------------------------------------
                                OUTER      INNER  BACKTRACK  BACKTRACK        INCOMING        OUTGOING                    STEP   MAXIMUM CHANGE MODEL-(CELLID) OR
 OUTER ITERATION STEP       ITERATION  ITERATION       FLAG ITERATIONS        RESIDUAL        RESIDUAL  MAXIMUM CHANGE SUCCESS             MODEL-PACKAGE-(NUMBER)
 ----------------------------------------------------------------------------------------------------------------------------------------------------------------
 Backtracking                       1                     0          0       101.91274       101.91274                       *                                   
 Model                              1          1                                                       -8.43685255E-03       *                     1_GWF-(1,47,5)
 ----------------------------------------------------------------------------------------------------------------------------------------------------------------


 1 CALLS TO NUMERICAL SOLUTION IN TIME STEP 6 STRESS PERIOD 2
 1 TOTAL ITERATIONS

 SLN_1 INNER ITERATION SUMMARY
 --------------------------------------------------------------------------------------------------------------------------------------
      TOTAL      OUTER      INNER                                                            MAXIMUM                                   
  ITERATION  ITERATION  ITERATION  MAXIMUM CHANGE      MAXIMUM CHANGE MODEL-(CELLID)        RESIDUAL    MAXIMUM RESIDUAL MODEL-(CELLID)
 --------------------------------------------------------------------------------------------------------------------------------------
          1          1          1 -8.43685255E-03                     1_GWF-(1,47,5) -1.11703475E-02                     1_GWF-(1,42,6)
 --------------------------------------------------------------------------------------------------------------------------------------


 
    Solving:  Stress period:     2    Time step:     7
 

 SLN_1 OUTER ITERATION SUMMARY
 ----------------------------------------------------------------------------------------------------------------------------------------------------------------
                                OUTER      INNER  BACKTRACK  BACKTRACK        INCOMING        OUTGOING                    STEP   MAXIMUM CHANGE MODEL-(CELLID) OR
 OUTER ITERATION STEP       ITERATION  ITERATION       FLAG ITERATIONS        RESIDUAL        RESIDUAL  MAXIMUM CHANGE SUCCESS             MODEL-PACKAGE-(NUMBER)
 ----------------------------------------------------------------------------------------------------------------------------------------------------------------
 Backtracking                       1                     0          0       104.84439       104.84439                       *                                   
 Model                              1          1                                                       -7.18030216E-03       *                     1_GWF-(1,47,5)
 ----------------------------------------------------------------------------------------------------------------------------------------------------------------


 1 CALLS TO NUMERICAL SOLUTION IN TIME STEP 7 STRESS PERIOD 2
 1 TOTAL ITERATIONS

 SLN_1 INNER ITERATION SUMMARY
 --------------------------------------------------------------------------------------------------------------------------------------
      TOTAL      OUTER      INNER                                                            MAXIMUM                                   
  ITERATION  ITERATION  ITERATION  MAXIMUM CHANGE      MAXIMUM CHANGE MODEL-(CELLID)        RESIDUAL    MAXIMUM RESIDUAL MODEL-(CELLID)
 --------------------------------------------------------------------------------------------------------------------------------------
          1          1          1 -7.18030216E-03                     1_GWF-(1,47,5) -1.13296540E-02                     1_GWF-(1,42,6)
 --------------------------------------------------------------------------------------------------------------------------------------


 
    Solving:  Stress period:     2    Time step:     8
 

 SLN_1 OUTER ITERATION SUMMARY
 ----------------------------------------------------------------------------------------------------------------------------------------------------------------
                                OUTER      INNER  BACKTRACK  BACKTRACK        INCOMING        OUTGOING                    STEP   MAXIMUM CHANGE MODEL-(CELLID) OR
 OUTER ITERATION STEP       ITERATION  ITERATION       FLAG ITERATIONS        RESIDUAL        RESIDUAL  MAXIMUM CHANGE SUCCESS             MODEL-PACKAGE-(NUMBER)
 ----------------------------------------------------------------------------------------------------------------------------------------------------------------
 Backtracking                       1                     0          0       107.61653       107.61653                       *                                   
 Model                              1          1                                                       -6.31651070E-03       *                     1_GWF-(1,47,5)
 ----------------------------------------------------------------------------------------------------------------------------------------------------------------


 1 CALLS TO NUMERICAL SOLUTION IN TIME STEP 8 STRESS PERIOD 2
 1 TOTAL ITERATIONS

 SLN_1 INNER ITERATION SUMMARY
 --------------------------------------------------------------------------------------------------------------------------------------
      TOTAL      OUTER      INNER                                                            MAXIMUM                                   
  ITERATION  ITERATION  ITERATION  MAXIMUM CHANGE      MAXIMUM CHANGE MODEL-(CELLID)        RESIDUAL    MAXIMUM RESIDUAL MODEL-(CELLID)
 --------------------------------------------------------------------------------------------------------------------------------------
          1          1          1 -6.31651070E-03                     1_GWF-(1,47,5) -1.14660079E-02                     1_GWF-(1,42,6)
 --------------------------------------------------------------------------------------------------------------------------------------


 
    Solving:  Stress period:     2    Time step:     9
 

 SLN_1 OUTER ITERATION SUMMARY
 ----------------------------------------------------------------------------------------------------------------------------------------------------------------
                                OUTER      INNER  BACKTRACK  BACKTRACK        INCOMING        OUTGOING                    STEP   MAXIMUM CHANGE MODEL-(CELLID) OR
 OUTER ITERATION STEP       ITERATION  ITERATION       FLAG ITERATIONS        RESIDUAL        RESIDUAL  MAXIMUM CHANGE SUCCESS             MODEL-PACKAGE-(NUMBER)
 ----------------------------------------------------------------------------------------------------------------------------------------------------------------
 Backtracking                       1                     0          0       109.77511       109.77511                       *                                   
 Model                              1          1                                                       -5.68030265E-03       *                     1_GWF-(1,47,5)
 ----------------------------------------------------------------------------------------------------------------------------------------------------------------


 1 CALLS TO NUMERICAL SOLUTION IN TIME STEP 9 STRESS PERIOD 2
 1 TOTAL ITERATIONS

 SLN_1 INNER ITERATION SUMMARY
 --------------------------------------------------------------------------------------------------------------------------------------
      TOTAL      OUTER      INNER                                                            MAXIMUM                                   
  ITERATION  ITERATION  ITERATION  MAXIMUM CHANGE      MAXIMUM CHANGE MODEL-(CELLID)        RESIDUAL    MAXIMUM RESIDUAL MODEL-(CELLID)
 --------------------------------------------------------------------------------------------------------------------------------------
          1          1          1 -5.68030265E-03                     1_GWF-(1,47,5) -1.13851775E-02                     1_GWF-(1,42,6)
 --------------------------------------------------------------------------------------------------------------------------------------


 
    Solving:  Stress period:     2    Time step:    10
 

 SLN_1 OUTER ITERATION SUMMARY
 ----------------------------------------------------------------------------------------------------------------------------------------------------------------
                                OUTER      INNER  BACKTRACK  BACKTRACK        INCOMING        OUTGOING                    STEP   MAXIMUM CHANGE MODEL-(CELLID) OR
 OUTER ITERATION STEP       ITERATION  ITERATION       FLAG ITERATIONS        RESIDUAL        RESIDUAL  MAXIMUM CHANGE SUCCESS             MODEL-PACKAGE-(NUMBER)
 ----------------------------------------------------------------------------------------------------------------------------------------------------------------
 Backtracking                       1                     0          0       111.35495       111.35495                       *                                   
 Model                              1          1                                                       -5.16477380E-03       *                     1_GWF-(1,47,5)
 ----------------------------------------------------------------------------------------------------------------------------------------------------------------


 1 CALLS TO NUMERICAL SOLUTION IN TIME STEP 10 STRESS PERIOD 2
 1 TOTAL ITERATIONS

 SLN_1 INNER ITERATION SUMMARY
 --------------------------------------------------------------------------------------------------------------------------------------
      TOTAL      OUTER      INNER                                                            MAXIMUM                                   
  ITERATION  ITERATION  ITERATION  MAXIMUM CHANGE      MAXIMUM CHANGE MODEL-(CELLID)        RESIDUAL    MAXIMUM RESIDUAL MODEL-(CELLID)
 --------------------------------------------------------------------------------------------------------------------------------------
          1          1          1 -5.16477380E-03                     1_GWF-(1,47,5) -1.11598275E-02                     1_GWF-(1,42,6)
 --------------------------------------------------------------------------------------------------------------------------------------


 
    Solving:  Stress period:     2    Time step:    11
 

 SLN_1 OUTER ITERATION SUMMARY
 ----------------------------------------------------------------------------------------------------------------------------------------------------------------
                                OUTER      INNER  BACKTRACK  BACKTRACK        INCOMING        OUTGOING                    STEP   MAXIMUM CHANGE MODEL-(CELLID) OR
 OUTER ITERATION STEP       ITERATION  ITERATION       FLAG ITERATIONS        RESIDUAL        RESIDUAL  MAXIMUM CHANGE SUCCESS             MODEL-PACKAGE-(NUMBER)
 ----------------------------------------------------------------------------------------------------------------------------------------------------------------
 Backtracking                       1                     0          0       113.68640       113.68640                       *                                   
 Model                              1          1                                                       -4.80770495E-03       *                     1_GWF-(1,47,5)
 ----------------------------------------------------------------------------------------------------------------------------------------------------------------


 1 CALLS TO NUMERICAL SOLUTION IN TIME STEP 11 STRESS PERIOD 2
 1 TOTAL ITERATIONS

 SLN_1 INNER ITERATION SUMMARY
 --------------------------------------------------------------------------------------------------------------------------------------
      TOTAL      OUTER      INNER                                                            MAXIMUM                                   
  ITERATION  ITERATION  ITERATION  MAXIMUM CHANGE      MAXIMUM CHANGE MODEL-(CELLID)        RESIDUAL    MAXIMUM RESIDUAL MODEL-(CELLID)
 --------------------------------------------------------------------------------------------------------------------------------------
          1          1          1 -4.80770495E-03                     1_GWF-(1,47,5) -1.12240528E-02                     1_GWF-(1,42,6)
 --------------------------------------------------------------------------------------------------------------------------------------


 
    Solving:  Stress period:     2    Time step:    12
 

 SLN_1 OUTER ITERATION SUMMARY
 ----------------------------------------------------------------------------------------------------------------------------------------------------------------
                                OUTER      INNER  BACKTRACK  BACKTRACK        INCOMING        OUTGOING                    STEP   MAXIMUM CHANGE MODEL-(CELLID) OR
 OUTER ITERATION STEP       ITERATION  ITERATION       FLAG ITERATIONS        RESIDUAL        RESIDUAL  MAXIMUM CHANGE SUCCESS             MODEL-PACKAGE-(NUMBER)
 ----------------------------------------------------------------------------------------------------------------------------------------------------------------
 Backtracking                       1                     0          0       117.42888       117.42888                       *                                   
 Model                              1          1                                                       -4.66010390E-03       *                     1_GWF-(1,47,5)
 ----------------------------------------------------------------------------------------------------------------------------------------------------------------


 1 CALLS TO NUMERICAL SOLUTION IN TIME STEP 12 STRESS PERIOD 2
 1 TOTAL ITERATIONS

 SLN_1 INNER ITERATION SUMMARY
 --------------------------------------------------------------------------------------------------------------------------------------
      TOTAL      OUTER      INNER                                                            MAXIMUM                                   
  ITERATION  ITERATION  ITERATION  MAXIMUM CHANGE      MAXIMUM CHANGE MODEL-(CELLID)        RESIDUAL    MAXIMUM RESIDUAL MODEL-(CELLID)
 --------------------------------------------------------------------------------------------------------------------------------------
          1          1          1 -4.66010390E-03                     1_GWF-(1,47,5) -1.16003552E-02                     1_GWF-(1,42,6)
 --------------------------------------------------------------------------------------------------------------------------------------


 
    Solving:  Stress period:     2    Time step:    13
 

 SLN_1 OUTER ITERATION SUMMARY
 ----------------------------------------------------------------------------------------------------------------------------------------------------------------
                                OUTER      INNER  BACKTRACK  BACKTRACK        INCOMING        OUTGOING                    STEP   MAXIMUM CHANGE MODEL-(CELLID) OR
 OUTER ITERATION STEP       ITERATION  ITERATION       FLAG ITERATIONS        RESIDUAL        RESIDUAL  MAXIMUM CHANGE SUCCESS             MODEL-PACKAGE-(NUMBER)
 ----------------------------------------------------------------------------------------------------------------------------------------------------------------
 Backtracking                       1                     0          0       120.09246       120.09246                       *                                   
 Model                              1          1                                                       -4.57226185E-03       *                     1_GWF-(1,47,5)
 ----------------------------------------------------------------------------------------------------------------------------------------------------------------


 1 CALLS TO NUMERICAL SOLUTION IN TIME STEP 13 STRESS PERIOD 2
 1 TOTAL ITERATIONS

 SLN_1 INNER ITERATION SUMMARY
 --------------------------------------------------------------------------------------------------------------------------------------
      TOTAL      OUTER      INNER                                                            MAXIMUM                                   
  ITERATION  ITERATION  ITERATION  MAXIMUM CHANGE      MAXIMUM CHANGE MODEL-(CELLID)        RESIDUAL    MAXIMUM RESIDUAL MODEL-(CELLID)
 --------------------------------------------------------------------------------------------------------------------------------------
          1          1          1 -4.57226185E-03                     1_GWF-(1,47,5) -1.16461450E-02                     1_GWF-(1,42,6)
 --------------------------------------------------------------------------------------------------------------------------------------


 
    Solving:  Stress period:     2    Time step:    14
 

 SLN_1 OUTER ITERATION SUMMARY
 ----------------------------------------------------------------------------------------------------------------------------------------------------------------
                                OUTER      INNER  BACKTRACK  BACKTRACK        INCOMING        OUTGOING                    STEP   MAXIMUM CHANGE MODEL-(CELLID) OR
 OUTER ITERATION STEP       ITERATION  ITERATION       FLAG ITERATIONS        RESIDUAL        RESIDUAL  MAXIMUM CHANGE SUCCESS             MODEL-PACKAGE-(NUMBER)
 ----------------------------------------------------------------------------------------------------------------------------------------------------------------
 Backtracking                       1                     0          0       121.97443       121.97443                       *                                   
 Model                              1          1                                                       -4.47857515E-03       *                     1_GWF-(1,47,5)
 ----------------------------------------------------------------------------------------------------------------------------------------------------------------


 1 CALLS TO NUMERICAL SOLUTION IN TIME STEP 14 STRESS PERIOD 2
 1 TOTAL ITERATIONS

 SLN_1 INNER ITERATION SUMMARY
 --------------------------------------------------------------------------------------------------------------------------------------
      TOTAL      OUTER      INNER                                                            MAXIMUM                                   
  ITERATION  ITERATION  ITERATION  MAXIMUM CHANGE      MAXIMUM CHANGE MODEL-(CELLID)        RESIDUAL    MAXIMUM RESIDUAL MODEL-(CELLID)
 --------------------------------------------------------------------------------------------------------------------------------------
          1          1          1 -4.47857515E-03                     1_GWF-(1,47,5) -1.16400946E-02                     1_GWF-(1,42,6)
 --------------------------------------------------------------------------------------------------------------------------------------


 
    Solving:  Stress period:     2    Time step:    15
 

 SLN_1 OUTER ITERATION SUMMARY
 ----------------------------------------------------------------------------------------------------------------------------------------------------------------
                                OUTER      INNER  BACKTRACK  BACKTRACK        INCOMING        OUTGOING                    STEP   MAXIMUM CHANGE MODEL-(CELLID) OR
 OUTER ITERATION STEP       ITERATION  ITERATION       FLAG ITERATIONS        RESIDUAL        RESIDUAL  MAXIMUM CHANGE SUCCESS             MODEL-PACKAGE-(NUMBER)
 ----------------------------------------------------------------------------------------------------------------------------------------------------------------
 Backtracking                       1                     0          0       124.15830       124.15830                       *                                   
 Model                              1          1                                                       -4.41204163E-03       *                     1_GWF-(1,47,5)
 ----------------------------------------------------------------------------------------------------------------------------------------------------------------


 1 CALLS TO NUMERICAL SOLUTION IN TIME STEP 15 STRESS PERIOD 2
 1 TOTAL ITERATIONS

 SLN_1 INNER ITERATION SUMMARY
 --------------------------------------------------------------------------------------------------------------------------------------
      TOTAL      OUTER      INNER                                                            MAXIMUM                                   
  ITERATION  ITERATION  ITERATION  MAXIMUM CHANGE      MAXIMUM CHANGE MODEL-(CELLID)        RESIDUAL    MAXIMUM RESIDUAL MODEL-(CELLID)
 --------------------------------------------------------------------------------------------------------------------------------------
          1          1          1 -4.41204163E-03                     1_GWF-(1,47,5) -1.17719477E-02                     1_GWF-(1,42,6)
 --------------------------------------------------------------------------------------------------------------------------------------


 
    Solving:  Stress period:     2    Time step:    16
 

 SLN_1 OUTER ITERATION SUMMARY
 ----------------------------------------------------------------------------------------------------------------------------------------------------------------
                                OUTER      INNER  BACKTRACK  BACKTRACK        INCOMING        OUTGOING                    STEP   MAXIMUM CHANGE MODEL-(CELLID) OR
 OUTER ITERATION STEP       ITERATION  ITERATION       FLAG ITERATIONS        RESIDUAL        RESIDUAL  MAXIMUM CHANGE SUCCESS             MODEL-PACKAGE-(NUMBER)
 ----------------------------------------------------------------------------------------------------------------------------------------------------------------
 Backtracking                       1                     0          0       128.26682       128.26682                       *                                   
 Model                              1          1                                                       -4.87697903E-03       *                     1_GWF-(1,45,5)
 ----------------------------------------------------------------------------------------------------------------------------------------------------------------


 1 CALLS TO NUMERICAL SOLUTION IN TIME STEP 16 STRESS PERIOD 2
 1 TOTAL ITERATIONS

 SLN_1 INNER ITERATION SUMMARY
 --------------------------------------------------------------------------------------------------------------------------------------
      TOTAL      OUTER      INNER                                                            MAXIMUM                                   
  ITERATION  ITERATION  ITERATION  MAXIMUM CHANGE      MAXIMUM CHANGE MODEL-(CELLID)        RESIDUAL    MAXIMUM RESIDUAL MODEL-(CELLID)
 --------------------------------------------------------------------------------------------------------------------------------------
          1          1          1 -4.87697903E-03                     1_GWF-(1,45,5) -1.23536309E-02                     1_GWF-(1,42,6)
 --------------------------------------------------------------------------------------------------------------------------------------


 
    Solving:  Stress period:     2    Time step:    17
 

 SLN_1 OUTER ITERATION SUMMARY
 ----------------------------------------------------------------------------------------------------------------------------------------------------------------
                                OUTER      INNER  BACKTRACK  BACKTRACK        INCOMING        OUTGOING                    STEP   MAXIMUM CHANGE MODEL-(CELLID) OR
 OUTER ITERATION STEP       ITERATION  ITERATION       FLAG ITERATIONS        RESIDUAL        RESIDUAL  MAXIMUM CHANGE SUCCESS             MODEL-PACKAGE-(NUMBER)
 ----------------------------------------------------------------------------------------------------------------------------------------------------------------
 Backtracking                       1                     0          0       131.76688       131.76688                       *                                   
 Model                              1          1                                                       -5.08687845E-03       *                     1_GWF-(1,45,5)
 ----------------------------------------------------------------------------------------------------------------------------------------------------------------


 1 CALLS TO NUMERICAL SOLUTION IN TIME STEP 17 STRESS PERIOD 2
 1 TOTAL ITERATIONS

 SLN_1 INNER ITERATION SUMMARY
 --------------------------------------------------------------------------------------------------------------------------------------
      TOTAL      OUTER      INNER                                                            MAXIMUM                                   
  ITERATION  ITERATION  ITERATION  MAXIMUM CHANGE      MAXIMUM CHANGE MODEL-(CELLID)        RESIDUAL    MAXIMUM RESIDUAL MODEL-(CELLID)
 --------------------------------------------------------------------------------------------------------------------------------------
          1          1          1 -5.08687845E-03                     1_GWF-(1,45,5) -1.26794178E-02                     1_GWF-(1,42,6)
 --------------------------------------------------------------------------------------------------------------------------------------


 
    Solving:  Stress period:     2    Time step:    18
 

 SLN_1 OUTER ITERATION SUMMARY
 ----------------------------------------------------------------------------------------------------------------------------------------------------------------
                                OUTER      INNER  BACKTRACK  BACKTRACK        INCOMING        OUTGOING                    STEP   MAXIMUM CHANGE MODEL-(CELLID) OR
 OUTER ITERATION STEP       ITERATION  ITERATION       FLAG ITERATIONS        RESIDUAL        RESIDUAL  MAXIMUM CHANGE SUCCESS             MODEL-PACKAGE-(NUMBER)
 ----------------------------------------------------------------------------------------------------------------------------------------------------------------
 Backtracking                       1                     0          0       134.75404       134.75404                       *                                   
 Model                              1          1                                                       -5.12933367E-03       *                     1_GWF-(1,45,5)
 ----------------------------------------------------------------------------------------------------------------------------------------------------------------


 1 CALLS TO NUMERICAL SOLUTION IN TIME STEP 18 STRESS PERIOD 2
 1 TOTAL ITERATIONS

 SLN_1 INNER ITERATION SUMMARY
 --------------------------------------------------------------------------------------------------------------------------------------
      TOTAL      OUTER      INNER                                                            MAXIMUM                                   
  ITERATION  ITERATION  ITERATION  MAXIMUM CHANGE      MAXIMUM CHANGE MODEL-(CELLID)        RESIDUAL    MAXIMUM RESIDUAL MODEL-(CELLID)
 --------------------------------------------------------------------------------------------------------------------------------------
          1          1          1 -5.12933367E-03                     1_GWF-(1,45,5) -1.29101393E-02                     1_GWF-(1,42,6)
 --------------------------------------------------------------------------------------------------------------------------------------


 
    Solving:  Stress period:     2    Time step:    19
 

 SLN_1 OUTER ITERATION SUMMARY
 ----------------------------------------------------------------------------------------------------------------------------------------------------------------
                                OUTER      INNER  BACKTRACK  BACKTRACK        INCOMING        OUTGOING                    STEP   MAXIMUM CHANGE MODEL-(CELLID) OR
 OUTER ITERATION STEP       ITERATION  ITERATION       FLAG ITERATIONS        RESIDUAL        RESIDUAL  MAXIMUM CHANGE SUCCESS             MODEL-PACKAGE-(NUMBER)
 ----------------------------------------------------------------------------------------------------------------------------------------------------------------
 Backtracking                       1                     0          0       137.99429       137.99429                       *                                   
 Model                              1          1                                                       -5.26141214E-03       *                     1_GWF-(1,45,5)
 ----------------------------------------------------------------------------------------------------------------------------------------------------------------


 1 CALLS TO NUMERICAL SOLUTION IN TIME STEP 19 STRESS PERIOD 2
 1 TOTAL ITERATIONS

 SLN_1 INNER ITERATION SUMMARY
 --------------------------------------------------------------------------------------------------------------------------------------
      TOTAL      OUTER      INNER                                                            MAXIMUM                                   
  ITERATION  ITERATION  ITERATION  MAXIMUM CHANGE      MAXIMUM CHANGE MODEL-(CELLID)        RESIDUAL    MAXIMUM RESIDUAL MODEL-(CELLID)
 --------------------------------------------------------------------------------------------------------------------------------------
          1          1          1 -5.26141214E-03                     1_GWF-(1,45,5) -1.32190934E-02                     1_GWF-(1,42,6)
 --------------------------------------------------------------------------------------------------------------------------------------


 
    Solving:  Stress period:     2    Time step:    20
 

 SLN_1 OUTER ITERATION SUMMARY
 ----------------------------------------------------------------------------------------------------------------------------------------------------------------
                                OUTER      INNER  BACKTRACK  BACKTRACK        INCOMING        OUTGOING                    STEP   MAXIMUM CHANGE MODEL-(CELLID) OR
 OUTER ITERATION STEP       ITERATION  ITERATION       FLAG ITERATIONS        RESIDUAL        RESIDUAL  MAXIMUM CHANGE SUCCESS             MODEL-PACKAGE-(NUMBER)
 ----------------------------------------------------------------------------------------------------------------------------------------------------------------
 Backtracking                       1                     0          0       140.88847       140.88847                       *                                   
 Model                              1          1                                                       -5.29500869E-03       *                     1_GWF-(1,45,5)
 ----------------------------------------------------------------------------------------------------------------------------------------------------------------


 1 CALLS TO NUMERICAL SOLUTION IN TIME STEP 20 STRESS PERIOD 2
 1 TOTAL ITERATIONS

 SLN_1 INNER ITERATION SUMMARY
 --------------------------------------------------------------------------------------------------------------------------------------
      TOTAL      OUTER      INNER                                                            MAXIMUM                                   
  ITERATION  ITERATION  ITERATION  MAXIMUM CHANGE      MAXIMUM CHANGE MODEL-(CELLID)        RESIDUAL    MAXIMUM RESIDUAL MODEL-(CELLID)
 --------------------------------------------------------------------------------------------------------------------------------------
          1          1          1 -5.29500869E-03                     1_GWF-(1,45,5) -1.34454077E-02                     1_GWF-(1,42,6)
 --------------------------------------------------------------------------------------------------------------------------------------


 
    Solving:  Stress period:     2    Time step:    21
 

 SLN_1 OUTER ITERATION SUMMARY
 ----------------------------------------------------------------------------------------------------------------------------------------------------------------
                                OUTER      INNER  BACKTRACK  BACKTRACK        INCOMING        OUTGOING                    STEP   MAXIMUM CHANGE MODEL-(CELLID) OR
 OUTER ITERATION STEP       ITERATION  ITERATION       FLAG ITERATIONS        RESIDUAL        RESIDUAL  MAXIMUM CHANGE SUCCESS             MODEL-PACKAGE-(NUMBER)
 ----------------------------------------------------------------------------------------------------------------------------------------------------------------
 Backtracking                       1                     0          0       143.85599       143.85599                       *                                   
 Model                              1          1                                                       -5.35538078E-03       *                     1_GWF-(1,45,5)
 ----------------------------------------------------------------------------------------------------------------------------------------------------------------


 1 CALLS TO NUMERICAL SOLUTION IN TIME STEP 21 STRESS PERIOD 2
 1 TOTAL ITERATIONS

 SLN_1 INNER ITERATION SUMMARY
 --------------------------------------------------------------------------------------------------------------------------------------
      TOTAL      OUTER      INNER                                                            MAXIMUM                                   
  ITERATION  ITERATION  ITERATION  MAXIMUM CHANGE      MAXIMUM CHANGE MODEL-(CELLID)        RESIDUAL    MAXIMUM RESIDUAL MODEL-(CELLID)
 --------------------------------------------------------------------------------------------------------------------------------------
          1          1          1 -5.35538078E-03                     1_GWF-(1,45,5) -1.36853571E-02                     1_GWF-(1,42,6)
 --------------------------------------------------------------------------------------------------------------------------------------


 
    Solving:  Stress period:     2    Time step:    22
 

 SLN_1 OUTER ITERATION SUMMARY
 ----------------------------------------------------------------------------------------------------------------------------------------------------------------
                                OUTER      INNER  BACKTRACK  BACKTRACK        INCOMING        OUTGOING                    STEP   MAXIMUM CHANGE MODEL-(CELLID) OR
 OUTER ITERATION STEP       ITERATION  ITERATION       FLAG ITERATIONS        RESIDUAL        RESIDUAL  MAXIMUM CHANGE SUCCESS             MODEL-PACKAGE-(NUMBER)
 ----------------------------------------------------------------------------------------------------------------------------------------------------------------
 Backtracking                       1                     0          0       145.72340       145.72340                       *                                   
 Model                              1          1                                                       -5.12330627E-03       *                     1_GWF-(1,45,5)
 ----------------------------------------------------------------------------------------------------------------------------------------------------------------


 1 CALLS TO NUMERICAL SOLUTION IN TIME STEP 22 STRESS PERIOD 2
 1 TOTAL ITERATIONS

 SLN_1 INNER ITERATION SUMMARY
 --------------------------------------------------------------------------------------------------------------------------------------
      TOTAL      OUTER      INNER                                                            MAXIMUM                                   
  ITERATION  ITERATION  ITERATION  MAXIMUM CHANGE      MAXIMUM CHANGE MODEL-(CELLID)        RESIDUAL    MAXIMUM RESIDUAL MODEL-(CELLID)
 --------------------------------------------------------------------------------------------------------------------------------------
          1          1          1 -5.12330627E-03                     1_GWF-(1,45,5) -1.37782389E-02                    1_GWF-(1,23,54)
 --------------------------------------------------------------------------------------------------------------------------------------


 
    Solving:  Stress period:     2    Time step:    23
 

 SLN_1 OUTER ITERATION SUMMARY
 ----------------------------------------------------------------------------------------------------------------------------------------------------------------
                                OUTER      INNER  BACKTRACK  BACKTRACK        INCOMING        OUTGOING                    STEP   MAXIMUM CHANGE MODEL-(CELLID) OR
 OUTER ITERATION STEP       ITERATION  ITERATION       FLAG ITERATIONS        RESIDUAL        RESIDUAL  MAXIMUM CHANGE SUCCESS             MODEL-PACKAGE-(NUMBER)
 ----------------------------------------------------------------------------------------------------------------------------------------------------------------
 Backtracking                       1                     0          0       147.71899       147.71899                       *                                   
 Model                              1          1                                                       -5.05317182E-03       *                     1_GWF-(1,47,5)
 ----------------------------------------------------------------------------------------------------------------------------------------------------------------


 1 CALLS TO NUMERICAL SOLUTION IN TIME STEP 23 STRESS PERIOD 2
 1 TOTAL ITERATIONS

 SLN_1 INNER ITERATION SUMMARY
 --------------------------------------------------------------------------------------------------------------------------------------
      TOTAL      OUTER      INNER                                                            MAXIMUM                                   
  ITERATION  ITERATION  ITERATION  MAXIMUM CHANGE      MAXIMUM CHANGE MODEL-(CELLID)        RESIDUAL    MAXIMUM RESIDUAL MODEL-(CELLID)
 --------------------------------------------------------------------------------------------------------------------------------------
          1          1          1 -5.05317182E-03                     1_GWF-(1,47,5) -1.41449348E-02                    1_GWF-(1,23,54)
 --------------------------------------------------------------------------------------------------------------------------------------


 
    Solving:  Stress period:     2    Time step:    24
 

 SLN_1 OUTER ITERATION SUMMARY
 ----------------------------------------------------------------------------------------------------------------------------------------------------------------
                                OUTER      INNER  BACKTRACK  BACKTRACK        INCOMING        OUTGOING                    STEP   MAXIMUM CHANGE MODEL-(CELLID) OR
 OUTER ITERATION STEP       ITERATION  ITERATION       FLAG ITERATIONS        RESIDUAL        RESIDUAL  MAXIMUM CHANGE SUCCESS             MODEL-PACKAGE-(NUMBER)
 ----------------------------------------------------------------------------------------------------------------------------------------------------------------
 Backtracking                       1                     0          0       149.56059       149.56059                       *                                   
 Model                              1          1                                                       -5.00446384E-03       *                     1_GWF-(1,47,5)
 ----------------------------------------------------------------------------------------------------------------------------------------------------------------


 1 CALLS TO NUMERICAL SOLUTION IN TIME STEP 24 STRESS PERIOD 2
 1 TOTAL ITERATIONS

 SLN_1 INNER ITERATION SUMMARY
 --------------------------------------------------------------------------------------------------------------------------------------
      TOTAL      OUTER      INNER                                                            MAXIMUM                                   
  ITERATION  ITERATION  ITERATION  MAXIMUM CHANGE      MAXIMUM CHANGE MODEL-(CELLID)        RESIDUAL    MAXIMUM RESIDUAL MODEL-(CELLID)
 --------------------------------------------------------------------------------------------------------------------------------------
          1          1          1 -5.00446384E-03                     1_GWF-(1,47,5) -1.45124291E-02                    1_GWF-(1,23,54)
 --------------------------------------------------------------------------------------------------------------------------------------


 
    Solving:  Stress period:     2    Time step:    25
 

 SLN_1 OUTER ITERATION SUMMARY
 ----------------------------------------------------------------------------------------------------------------------------------------------------------------
                                OUTER      INNER  BACKTRACK  BACKTRACK        INCOMING        OUTGOING                    STEP   MAXIMUM CHANGE MODEL-(CELLID) OR
 OUTER ITERATION STEP       ITERATION  ITERATION       FLAG ITERATIONS        RESIDUAL        RESIDUAL  MAXIMUM CHANGE SUCCESS             MODEL-PACKAGE-(NUMBER)
 ----------------------------------------------------------------------------------------------------------------------------------------------------------------
 Backtracking                       1                     0          0       151.25841       151.25841                       *                                   
 Model                              1          1                                                       -4.97003950E-03       *                    1_GWF-(1,18,44)
 ----------------------------------------------------------------------------------------------------------------------------------------------------------------


 1 CALLS TO NUMERICAL SOLUTION IN TIME STEP 25 STRESS PERIOD 2
 1 TOTAL ITERATIONS

 SLN_1 INNER ITERATION SUMMARY
 --------------------------------------------------------------------------------------------------------------------------------------
      TOTAL      OUTER      INNER                                                            MAXIMUM                                   
  ITERATION  ITERATION  ITERATION  MAXIMUM CHANGE      MAXIMUM CHANGE MODEL-(CELLID)        RESIDUAL    MAXIMUM RESIDUAL MODEL-(CELLID)
 --------------------------------------------------------------------------------------------------------------------------------------
          1          1          1 -4.97003950E-03                    1_GWF-(1,18,44) -1.48751400E-02                    1_GWF-(1,23,54)
 --------------------------------------------------------------------------------------------------------------------------------------


 
    Solving:  Stress period:     2    Time step:    26
 

 SLN_1 OUTER ITERATION SUMMARY
 ----------------------------------------------------------------------------------------------------------------------------------------------------------------
                                OUTER      INNER  BACKTRACK  BACKTRACK        INCOMING        OUTGOING                    STEP   MAXIMUM CHANGE MODEL-(CELLID) OR
 OUTER ITERATION STEP       ITERATION  ITERATION       FLAG ITERATIONS        RESIDUAL        RESIDUAL  MAXIMUM CHANGE SUCCESS             MODEL-PACKAGE-(NUMBER)
 ----------------------------------------------------------------------------------------------------------------------------------------------------------------
 Backtracking                       1                     0          0       152.77496       152.77496                       *                                   
 Model                              1          1                                                       -4.95376509E-03       *                    1_GWF-(1,16,45)
 ----------------------------------------------------------------------------------------------------------------------------------------------------------------


 1 CALLS TO NUMERICAL SOLUTION IN TIME STEP 26 STRESS PERIOD 2
 1 TOTAL ITERATIONS

 SLN_1 INNER ITERATION SUMMARY
 --------------------------------------------------------------------------------------------------------------------------------------
      TOTAL      OUTER      INNER                                                            MAXIMUM                                   
  ITERATION  ITERATION  ITERATION  MAXIMUM CHANGE      MAXIMUM CHANGE MODEL-(CELLID)        RESIDUAL    MAXIMUM RESIDUAL MODEL-(CELLID)
 --------------------------------------------------------------------------------------------------------------------------------------
          1          1          1 -4.95376509E-03                    1_GWF-(1,16,45) -1.52319074E-02                    1_GWF-(1,23,54)
 --------------------------------------------------------------------------------------------------------------------------------------


 
    Solving:  Stress period:     2    Time step:    27
 

 SLN_1 OUTER ITERATION SUMMARY
 ----------------------------------------------------------------------------------------------------------------------------------------------------------------
                                OUTER      INNER  BACKTRACK  BACKTRACK        INCOMING        OUTGOING                    STEP   MAXIMUM CHANGE MODEL-(CELLID) OR
 OUTER ITERATION STEP       ITERATION  ITERATION       FLAG ITERATIONS        RESIDUAL        RESIDUAL  MAXIMUM CHANGE SUCCESS             MODEL-PACKAGE-(NUMBER)
 ----------------------------------------------------------------------------------------------------------------------------------------------------------------
 Backtracking                       1                     0          0       154.40962       154.40962                       *                                   
 Model                              1          1                                                       -4.95163423E-03       *                    1_GWF-(1,10,55)
 ----------------------------------------------------------------------------------------------------------------------------------------------------------------


 1 CALLS TO NUMERICAL SOLUTION IN TIME STEP 27 STRESS PERIOD 2
 1 TOTAL ITERATIONS

 SLN_1 INNER ITERATION SUMMARY
 --------------------------------------------------------------------------------------------------------------------------------------
      TOTAL      OUTER      INNER                                                            MAXIMUM                                   
  ITERATION  ITERATION  ITERATION  MAXIMUM CHANGE      MAXIMUM CHANGE MODEL-(CELLID)        RESIDUAL    MAXIMUM RESIDUAL MODEL-(CELLID)
 --------------------------------------------------------------------------------------------------------------------------------------
          1          1          1 -4.95163423E-03                    1_GWF-(1,10,55) -1.55716310E-02                    1_GWF-(1,23,54)
 --------------------------------------------------------------------------------------------------------------------------------------


 
    Solving:  Stress period:     2    Time step:    28
 

 SLN_1 OUTER ITERATION SUMMARY
 ----------------------------------------------------------------------------------------------------------------------------------------------------------------
                                OUTER      INNER  BACKTRACK  BACKTRACK        INCOMING        OUTGOING                    STEP   MAXIMUM CHANGE MODEL-(CELLID) OR
 OUTER ITERATION STEP       ITERATION  ITERATION       FLAG ITERATIONS        RESIDUAL        RESIDUAL  MAXIMUM CHANGE SUCCESS             MODEL-PACKAGE-(NUMBER)
 ----------------------------------------------------------------------------------------------------------------------------------------------------------------
 Backtracking                       1                     0          0       155.85224       155.85224                       *                                   
 Model                              1          1                                                       -4.96239636E-03       *                    1_GWF-(1,11,56)
 ----------------------------------------------------------------------------------------------------------------------------------------------------------------


 1 CALLS TO NUMERICAL SOLUTION IN TIME STEP 28 STRESS PERIOD 2
 1 TOTAL ITERATIONS

 SLN_1 INNER ITERATION SUMMARY
 --------------------------------------------------------------------------------------------------------------------------------------
      TOTAL      OUTER      INNER                                                            MAXIMUM                                   
  ITERATION  ITERATION  ITERATION  MAXIMUM CHANGE      MAXIMUM CHANGE MODEL-(CELLID)        RESIDUAL    MAXIMUM RESIDUAL MODEL-(CELLID)
 --------------------------------------------------------------------------------------------------------------------------------------
          1          1          1 -4.96239636E-03                    1_GWF-(1,11,56) -1.59058069E-02                    1_GWF-(1,23,54)
 --------------------------------------------------------------------------------------------------------------------------------------


 
    Solving:  Stress period:     2    Time step:    29
 

 SLN_1 OUTER ITERATION SUMMARY
 ----------------------------------------------------------------------------------------------------------------------------------------------------------------
                                OUTER      INNER  BACKTRACK  BACKTRACK        INCOMING        OUTGOING                    STEP   MAXIMUM CHANGE MODEL-(CELLID) OR
 OUTER ITERATION STEP       ITERATION  ITERATION       FLAG ITERATIONS        RESIDUAL        RESIDUAL  MAXIMUM CHANGE SUCCESS             MODEL-PACKAGE-(NUMBER)
 ----------------------------------------------------------------------------------------------------------------------------------------------------------------
 Backtracking                       1                     0          0       157.39289       157.39289                       *                                   
 Model                              1          1                                                       -4.97944462E-03       *                    1_GWF-(1,11,56)
 ----------------------------------------------------------------------------------------------------------------------------------------------------------------


 1 CALLS TO NUMERICAL SOLUTION IN TIME STEP 29 STRESS PERIOD 2
 1 TOTAL ITERATIONS

 SLN_1 INNER ITERATION SUMMARY
 --------------------------------------------------------------------------------------------------------------------------------------
      TOTAL      OUTER      INNER                                                            MAXIMUM                                   
  ITERATION  ITERATION  ITERATION  MAXIMUM CHANGE      MAXIMUM CHANGE MODEL-(CELLID)        RESIDUAL    MAXIMUM RESIDUAL MODEL-(CELLID)
 --------------------------------------------------------------------------------------------------------------------------------------
          1          1          1 -4.97944462E-03                    1_GWF-(1,11,56) -1.62303893E-02                    1_GWF-(1,23,54)
 --------------------------------------------------------------------------------------------------------------------------------------


 
    Solving:  Stress period:     2    Time step:    30
 

 SLN_1 OUTER ITERATION SUMMARY
 ----------------------------------------------------------------------------------------------------------------------------------------------------------------
                                OUTER      INNER  BACKTRACK  BACKTRACK        INCOMING        OUTGOING                    STEP   MAXIMUM CHANGE MODEL-(CELLID) OR
 OUTER ITERATION STEP       ITERATION  ITERATION       FLAG ITERATIONS        RESIDUAL        RESIDUAL  MAXIMUM CHANGE SUCCESS             MODEL-PACKAGE-(NUMBER)
 ----------------------------------------------------------------------------------------------------------------------------------------------------------------
 Backtracking                       1                     0          0       159.30541       159.30541                       *                                   
 Model                              1          1                                                       -5.03853672E-03       *                     1_GWF-(1,9,55)
 ----------------------------------------------------------------------------------------------------------------------------------------------------------------


 1 CALLS TO NUMERICAL SOLUTION IN TIME STEP 30 STRESS PERIOD 2
 1 TOTAL ITERATIONS

 SLN_1 INNER ITERATION SUMMARY
 --------------------------------------------------------------------------------------------------------------------------------------
      TOTAL      OUTER      INNER                                                            MAXIMUM                                   
  ITERATION  ITERATION  ITERATION  MAXIMUM CHANGE      MAXIMUM CHANGE MODEL-(CELLID)        RESIDUAL    MAXIMUM RESIDUAL MODEL-(CELLID)
 --------------------------------------------------------------------------------------------------------------------------------------
          1          1          1 -5.03853672E-03                     1_GWF-(1,9,55) -1.65364986E-02                    1_GWF-(1,23,54)
 --------------------------------------------------------------------------------------------------------------------------------------


 
    Solving:  Stress period:     2    Time step:    31
 

 SLN_1 OUTER ITERATION SUMMARY
 ----------------------------------------------------------------------------------------------------------------------------------------------------------------
                                OUTER      INNER  BACKTRACK  BACKTRACK        INCOMING        OUTGOING                    STEP   MAXIMUM CHANGE MODEL-(CELLID) OR
 OUTER ITERATION STEP       ITERATION  ITERATION       FLAG ITERATIONS        RESIDUAL        RESIDUAL  MAXIMUM CHANGE SUCCESS             MODEL-PACKAGE-(NUMBER)
 ----------------------------------------------------------------------------------------------------------------------------------------------------------------
 Backtracking                       1                     0          0       161.56540       161.56540                       *                                   
 Model                              1          1                                                       -5.13227012E-03       *                     1_GWF-(1,9,55)
 ----------------------------------------------------------------------------------------------------------------------------------------------------------------


 1 CALLS TO NUMERICAL SOLUTION IN TIME STEP 31 STRESS PERIOD 2
 1 TOTAL ITERATIONS

 SLN_1 INNER ITERATION SUMMARY
 --------------------------------------------------------------------------------------------------------------------------------------
      TOTAL      OUTER      INNER                                                            MAXIMUM                                   
  ITERATION  ITERATION  ITERATION  MAXIMUM CHANGE      MAXIMUM CHANGE MODEL-(CELLID)        RESIDUAL    MAXIMUM RESIDUAL MODEL-(CELLID)
 --------------------------------------------------------------------------------------------------------------------------------------
          1          1          1 -5.13227012E-03                     1_GWF-(1,9,55) -1.68262886E-02                    1_GWF-(1,23,54)
 --------------------------------------------------------------------------------------------------------------------------------------


 
    Solving:  Stress period:     2    Time step:    32
 

 SLN_1 OUTER ITERATION SUMMARY
 ----------------------------------------------------------------------------------------------------------------------------------------------------------------
                                OUTER      INNER  BACKTRACK  BACKTRACK        INCOMING        OUTGOING                    STEP   MAXIMUM CHANGE MODEL-(CELLID) OR
 OUTER ITERATION STEP       ITERATION  ITERATION       FLAG ITERATIONS        RESIDUAL        RESIDUAL  MAXIMUM CHANGE SUCCESS             MODEL-PACKAGE-(NUMBER)
 ----------------------------------------------------------------------------------------------------------------------------------------------------------------
 Backtracking                       1                     0          0       162.74793       162.74793                       *                                   
 Model                              1          1                                                       -5.09583242E-03       *                    1_GWF-(1,10,55)
 ----------------------------------------------------------------------------------------------------------------------------------------------------------------


 1 CALLS TO NUMERICAL SOLUTION IN TIME STEP 32 STRESS PERIOD 2
 1 TOTAL ITERATIONS

 SLN_1 INNER ITERATION SUMMARY
 --------------------------------------------------------------------------------------------------------------------------------------
      TOTAL      OUTER      INNER                                                            MAXIMUM                                   
  ITERATION  ITERATION  ITERATION  MAXIMUM CHANGE      MAXIMUM CHANGE MODEL-(CELLID)        RESIDUAL    MAXIMUM RESIDUAL MODEL-(CELLID)
 --------------------------------------------------------------------------------------------------------------------------------------
          1          1          1 -5.09583242E-03                    1_GWF-(1,10,55) -1.71326333E-02                    1_GWF-(1,23,54)
 --------------------------------------------------------------------------------------------------------------------------------------


 
    Solving:  Stress period:     2    Time step:    33
 

 SLN_1 OUTER ITERATION SUMMARY
 ----------------------------------------------------------------------------------------------------------------------------------------------------------------
                                OUTER      INNER  BACKTRACK  BACKTRACK        INCOMING        OUTGOING                    STEP   MAXIMUM CHANGE MODEL-(CELLID) OR
 OUTER ITERATION STEP       ITERATION  ITERATION       FLAG ITERATIONS        RESIDUAL        RESIDUAL  MAXIMUM CHANGE SUCCESS             MODEL-PACKAGE-(NUMBER)
 ----------------------------------------------------------------------------------------------------------------------------------------------------------------
 Backtracking                       1                     0          0       164.11578       164.11578                       *                                   
 Model                              1          1                                                       -5.11669723E-03       *                     1_GWF-(1,8,54)
 ----------------------------------------------------------------------------------------------------------------------------------------------------------------


 1 CALLS TO NUMERICAL SOLUTION IN TIME STEP 33 STRESS PERIOD 2
 1 TOTAL ITERATIONS

 SLN_1 INNER ITERATION SUMMARY
 --------------------------------------------------------------------------------------------------------------------------------------
      TOTAL      OUTER      INNER                                                            MAXIMUM                                   
  ITERATION  ITERATION  ITERATION  MAXIMUM CHANGE      MAXIMUM CHANGE MODEL-(CELLID)        RESIDUAL    MAXIMUM RESIDUAL MODEL-(CELLID)
 --------------------------------------------------------------------------------------------------------------------------------------
          1          1          1 -5.11669723E-03                     1_GWF-(1,8,54) -1.74151443E-02                    1_GWF-(1,23,54)
 --------------------------------------------------------------------------------------------------------------------------------------


 
    Solving:  Stress period:     2    Time step:    34
 

 SLN_1 OUTER ITERATION SUMMARY
 ----------------------------------------------------------------------------------------------------------------------------------------------------------------
                                OUTER      INNER  BACKTRACK  BACKTRACK        INCOMING        OUTGOING                    STEP   MAXIMUM CHANGE MODEL-(CELLID) OR
 OUTER ITERATION STEP       ITERATION  ITERATION       FLAG ITERATIONS        RESIDUAL        RESIDUAL  MAXIMUM CHANGE SUCCESS             MODEL-PACKAGE-(NUMBER)
 ----------------------------------------------------------------------------------------------------------------------------------------------------------------
 Backtracking                       1                     0          0       166.14851       166.14851                       *                                   
 Model                              1          1                                                       -5.17995218E-03       *                     1_GWF-(1,9,55)
 ----------------------------------------------------------------------------------------------------------------------------------------------------------------


 1 CALLS TO NUMERICAL SOLUTION IN TIME STEP 34 STRESS PERIOD 2
 1 TOTAL ITERATIONS

 SLN_1 INNER ITERATION SUMMARY
 --------------------------------------------------------------------------------------------------------------------------------------
      TOTAL      OUTER      INNER                                                            MAXIMUM                                   
  ITERATION  ITERATION  ITERATION  MAXIMUM CHANGE      MAXIMUM CHANGE MODEL-(CELLID)        RESIDUAL    MAXIMUM RESIDUAL MODEL-(CELLID)
 --------------------------------------------------------------------------------------------------------------------------------------
          1          1          1 -5.17995218E-03                     1_GWF-(1,9,55) -1.76736798E-02                    1_GWF-(1,23,54)
 --------------------------------------------------------------------------------------------------------------------------------------


 
    Solving:  Stress period:     2    Time step:    35
 

 SLN_1 OUTER ITERATION SUMMARY
 ----------------------------------------------------------------------------------------------------------------------------------------------------------------
                                OUTER      INNER  BACKTRACK  BACKTRACK        INCOMING        OUTGOING                    STEP   MAXIMUM CHANGE MODEL-(CELLID) OR
 OUTER ITERATION STEP       ITERATION  ITERATION       FLAG ITERATIONS        RESIDUAL        RESIDUAL  MAXIMUM CHANGE SUCCESS             MODEL-PACKAGE-(NUMBER)
 ----------------------------------------------------------------------------------------------------------------------------------------------------------------
 Backtracking                       1                     0          0       168.17468       168.17468                       *                                   
 Model                              1          1                                                       -5.24517135E-03       *                     1_GWF-(1,9,55)
 ----------------------------------------------------------------------------------------------------------------------------------------------------------------


 1 CALLS TO NUMERICAL SOLUTION IN TIME STEP 35 STRESS PERIOD 2
 1 TOTAL ITERATIONS

 SLN_1 INNER ITERATION SUMMARY
 --------------------------------------------------------------------------------------------------------------------------------------
      TOTAL      OUTER      INNER                                                            MAXIMUM                                   
  ITERATION  ITERATION  ITERATION  MAXIMUM CHANGE      MAXIMUM CHANGE MODEL-(CELLID)        RESIDUAL    MAXIMUM RESIDUAL MODEL-(CELLID)
 --------------------------------------------------------------------------------------------------------------------------------------
          1          1          1 -5.24517135E-03                     1_GWF-(1,9,55) -1.79290076E-02                    1_GWF-(1,23,54)
 --------------------------------------------------------------------------------------------------------------------------------------


 
    Solving:  Stress period:     2    Time step:    36
 

 SLN_1 OUTER ITERATION SUMMARY
 ----------------------------------------------------------------------------------------------------------------------------------------------------------------
                                OUTER      INNER  BACKTRACK  BACKTRACK        INCOMING        OUTGOING                    STEP   MAXIMUM CHANGE MODEL-(CELLID) OR
 OUTER ITERATION STEP       ITERATION  ITERATION       FLAG ITERATIONS        RESIDUAL        RESIDUAL  MAXIMUM CHANGE SUCCESS             MODEL-PACKAGE-(NUMBER)
 ----------------------------------------------------------------------------------------------------------------------------------------------------------------
 Backtracking                       1                     0          0       169.96744       169.96744                       *                                   
 Model                              1          1                                                       -5.28772991E-03       *                     1_GWF-(1,9,55)
 ----------------------------------------------------------------------------------------------------------------------------------------------------------------


 1 CALLS TO NUMERICAL SOLUTION IN TIME STEP 36 STRESS PERIOD 2
 1 TOTAL ITERATIONS

 SLN_1 INNER ITERATION SUMMARY
 --------------------------------------------------------------------------------------------------------------------------------------
      TOTAL      OUTER      INNER                                                            MAXIMUM                                   
  ITERATION  ITERATION  ITERATION  MAXIMUM CHANGE      MAXIMUM CHANGE MODEL-(CELLID)        RESIDUAL    MAXIMUM RESIDUAL MODEL-(CELLID)
 --------------------------------------------------------------------------------------------------------------------------------------
          1          1          1 -5.28772991E-03                     1_GWF-(1,9,55) -1.81872144E-02                    1_GWF-(1,23,54)
 --------------------------------------------------------------------------------------------------------------------------------------


 
    Solving:  Stress period:     2    Time step:    37
 

 SLN_1 OUTER ITERATION SUMMARY
 ----------------------------------------------------------------------------------------------------------------------------------------------------------------
                                OUTER      INNER  BACKTRACK  BACKTRACK        INCOMING        OUTGOING                    STEP   MAXIMUM CHANGE MODEL-(CELLID) OR
 OUTER ITERATION STEP       ITERATION  ITERATION       FLAG ITERATIONS        RESIDUAL        RESIDUAL  MAXIMUM CHANGE SUCCESS             MODEL-PACKAGE-(NUMBER)
 ----------------------------------------------------------------------------------------------------------------------------------------------------------------
 Backtracking                       1                     0          0       171.58068       171.58068                       *                                   
 Model                              1          1                                                       -5.31007482E-03       *                     1_GWF-(1,9,55)
 ----------------------------------------------------------------------------------------------------------------------------------------------------------------


 1 CALLS TO NUMERICAL SOLUTION IN TIME STEP 37 STRESS PERIOD 2
 1 TOTAL ITERATIONS

 SLN_1 INNER ITERATION SUMMARY
 --------------------------------------------------------------------------------------------------------------------------------------
      TOTAL      OUTER      INNER                                                            MAXIMUM                                   
  ITERATION  ITERATION  ITERATION  MAXIMUM CHANGE      MAXIMUM CHANGE MODEL-(CELLID)        RESIDUAL    MAXIMUM RESIDUAL MODEL-(CELLID)
 --------------------------------------------------------------------------------------------------------------------------------------
          1          1          1 -5.31007482E-03                     1_GWF-(1,9,55) -1.84371292E-02                    1_GWF-(1,23,54)
 --------------------------------------------------------------------------------------------------------------------------------------


 
    Solving:  Stress period:     2    Time step:    38
 

 SLN_1 OUTER ITERATION SUMMARY
 ----------------------------------------------------------------------------------------------------------------------------------------------------------------
                                OUTER      INNER  BACKTRACK  BACKTRACK        INCOMING        OUTGOING                    STEP   MAXIMUM CHANGE MODEL-(CELLID) OR
 OUTER ITERATION STEP       ITERATION  ITERATION       FLAG ITERATIONS        RESIDUAL        RESIDUAL  MAXIMUM CHANGE SUCCESS             MODEL-PACKAGE-(NUMBER)
 ----------------------------------------------------------------------------------------------------------------------------------------------------------------
 Backtracking                       1                     0          0       172.77648       172.77648                       *                                   
 Model                              1          1                                                       -5.31088968E-03       *                    1_GWF-(1,11,56)
 ----------------------------------------------------------------------------------------------------------------------------------------------------------------


 1 CALLS TO NUMERICAL SOLUTION IN TIME STEP 38 STRESS PERIOD 2
 1 TOTAL ITERATIONS

 SLN_1 INNER ITERATION SUMMARY
 --------------------------------------------------------------------------------------------------------------------------------------
      TOTAL      OUTER      INNER                                                            MAXIMUM                                   
  ITERATION  ITERATION  ITERATION  MAXIMUM CHANGE      MAXIMUM CHANGE MODEL-(CELLID)        RESIDUAL    MAXIMUM RESIDUAL MODEL-(CELLID)
 --------------------------------------------------------------------------------------------------------------------------------------
          1          1          1 -5.31088968E-03                    1_GWF-(1,11,56) -1.86606447E-02                    1_GWF-(1,23,54)
 --------------------------------------------------------------------------------------------------------------------------------------


 
    Solving:  Stress period:     2    Time step:    39
 

 SLN_1 OUTER ITERATION SUMMARY
 ----------------------------------------------------------------------------------------------------------------------------------------------------------------
                                OUTER      INNER  BACKTRACK  BACKTRACK        INCOMING        OUTGOING                    STEP   MAXIMUM CHANGE MODEL-(CELLID) OR
 OUTER ITERATION STEP       ITERATION  ITERATION       FLAG ITERATIONS        RESIDUAL        RESIDUAL  MAXIMUM CHANGE SUCCESS             MODEL-PACKAGE-(NUMBER)
 ----------------------------------------------------------------------------------------------------------------------------------------------------------------
 Backtracking                       1                     0          0       173.74581       173.74581                       *                                   
 Model                              1          1                                                       -5.32264205E-03       *                    1_GWF-(1,11,56)
 ----------------------------------------------------------------------------------------------------------------------------------------------------------------


 1 CALLS TO NUMERICAL SOLUTION IN TIME STEP 39 STRESS PERIOD 2
 1 TOTAL ITERATIONS

 SLN_1 INNER ITERATION SUMMARY
 --------------------------------------------------------------------------------------------------------------------------------------
      TOTAL      OUTER      INNER                                                            MAXIMUM                                   
  ITERATION  ITERATION  ITERATION  MAXIMUM CHANGE      MAXIMUM CHANGE MODEL-(CELLID)        RESIDUAL    MAXIMUM RESIDUAL MODEL-(CELLID)
 --------------------------------------------------------------------------------------------------------------------------------------
          1          1          1 -5.32264205E-03                    1_GWF-(1,11,56) -1.88825127E-02                    1_GWF-(1,23,54)
 --------------------------------------------------------------------------------------------------------------------------------------


 
    Solving:  Stress period:     2    Time step:    40
 

 SLN_1 OUTER ITERATION SUMMARY
 ----------------------------------------------------------------------------------------------------------------------------------------------------------------
                                OUTER      INNER  BACKTRACK  BACKTRACK        INCOMING        OUTGOING                    STEP   MAXIMUM CHANGE MODEL-(CELLID) OR
 OUTER ITERATION STEP       ITERATION  ITERATION       FLAG ITERATIONS        RESIDUAL        RESIDUAL  MAXIMUM CHANGE SUCCESS             MODEL-PACKAGE-(NUMBER)
 ----------------------------------------------------------------------------------------------------------------------------------------------------------------
 Backtracking                       1                     0          0       174.29463       174.29463                       *                                   
 Model                              1          1                                                       -5.32895324E-03       *                     1_GWF-(1,7,53)
 ----------------------------------------------------------------------------------------------------------------------------------------------------------------


 1 CALLS TO NUMERICAL SOLUTION IN TIME STEP 40 STRESS PERIOD 2
 1 TOTAL ITERATIONS

 SLN_1 INNER ITERATION SUMMARY
 --------------------------------------------------------------------------------------------------------------------------------------
      TOTAL      OUTER      INNER                                                            MAXIMUM                                   
  ITERATION  ITERATION  ITERATION  MAXIMUM CHANGE      MAXIMUM CHANGE MODEL-(CELLID)        RESIDUAL    MAXIMUM RESIDUAL MODEL-(CELLID)
 --------------------------------------------------------------------------------------------------------------------------------------
          1          1          1 -5.32895324E-03                     1_GWF-(1,7,53) -1.90946171E-02                    1_GWF-(1,23,54)
 --------------------------------------------------------------------------------------------------------------------------------------


 
    Solving:  Stress period:     2    Time step:    41
 

 SLN_1 OUTER ITERATION SUMMARY
 ----------------------------------------------------------------------------------------------------------------------------------------------------------------
                                OUTER      INNER  BACKTRACK  BACKTRACK        INCOMING        OUTGOING                    STEP   MAXIMUM CHANGE MODEL-(CELLID) OR
 OUTER ITERATION STEP       ITERATION  ITERATION       FLAG ITERATIONS        RESIDUAL        RESIDUAL  MAXIMUM CHANGE SUCCESS             MODEL-PACKAGE-(NUMBER)
 ----------------------------------------------------------------------------------------------------------------------------------------------------------------
 Backtracking                       1                     0          0       174.72695       174.72695                       *                                   
 Model                              1          1                                                       -5.33057490E-03       *                     1_GWF-(1,7,53)
 ----------------------------------------------------------------------------------------------------------------------------------------------------------------


 1 CALLS TO NUMERICAL SOLUTION IN TIME STEP 41 STRESS PERIOD 2
 1 TOTAL ITERATIONS

 SLN_1 INNER ITERATION SUMMARY
 --------------------------------------------------------------------------------------------------------------------------------------
      TOTAL      OUTER      INNER                                                            MAXIMUM                                   
  ITERATION  ITERATION  ITERATION  MAXIMUM CHANGE      MAXIMUM CHANGE MODEL-(CELLID)        RESIDUAL    MAXIMUM RESIDUAL MODEL-(CELLID)
 --------------------------------------------------------------------------------------------------------------------------------------
          1          1          1 -5.33057490E-03                     1_GWF-(1,7,53) -1.92967793E-02                    1_GWF-(1,23,54)
 --------------------------------------------------------------------------------------------------------------------------------------


 
    Solving:  Stress period:     2    Time step:    42
 

 SLN_1 OUTER ITERATION SUMMARY
 ----------------------------------------------------------------------------------------------------------------------------------------------------------------
                                OUTER      INNER  BACKTRACK  BACKTRACK        INCOMING        OUTGOING                    STEP   MAXIMUM CHANGE MODEL-(CELLID) OR
 OUTER ITERATION STEP       ITERATION  ITERATION       FLAG ITERATIONS        RESIDUAL        RESIDUAL  MAXIMUM CHANGE SUCCESS             MODEL-PACKAGE-(NUMBER)
 ----------------------------------------------------------------------------------------------------------------------------------------------------------------
 Backtracking                       1                     0          0       175.37534       175.37534                       *                                   
 Model                              1          1                                                       -5.33529081E-03       *                     1_GWF-(1,6,52)
 ----------------------------------------------------------------------------------------------------------------------------------------------------------------


 1 CALLS TO NUMERICAL SOLUTION IN TIME STEP 42 STRESS PERIOD 2
 1 TOTAL ITERATIONS

 SLN_1 INNER ITERATION SUMMARY
 --------------------------------------------------------------------------------------------------------------------------------------
      TOTAL      OUTER      INNER                                                            MAXIMUM                                   
  ITERATION  ITERATION  ITERATION  MAXIMUM CHANGE      MAXIMUM CHANGE MODEL-(CELLID)        RESIDUAL    MAXIMUM RESIDUAL MODEL-(CELLID)
 --------------------------------------------------------------------------------------------------------------------------------------
          1          1          1 -5.33529081E-03                     1_GWF-(1,6,52) -1.94887697E-02                    1_GWF-(1,23,54)
 --------------------------------------------------------------------------------------------------------------------------------------


 
    Solving:  Stress period:     2    Time step:    43
 

 SLN_1 OUTER ITERATION SUMMARY
 ----------------------------------------------------------------------------------------------------------------------------------------------------------------
                                OUTER      INNER  BACKTRACK  BACKTRACK        INCOMING        OUTGOING                    STEP   MAXIMUM CHANGE MODEL-(CELLID) OR
 OUTER ITERATION STEP       ITERATION  ITERATION       FLAG ITERATIONS        RESIDUAL        RESIDUAL  MAXIMUM CHANGE SUCCESS             MODEL-PACKAGE-(NUMBER)
 ----------------------------------------------------------------------------------------------------------------------------------------------------------------
 Backtracking                       1                     0          0       176.07223       176.07223                       *                                   
 Model                              1          1                                                       -5.33652286E-03       *                     1_GWF-(1,6,52)
 ----------------------------------------------------------------------------------------------------------------------------------------------------------------


 1 CALLS TO NUMERICAL SOLUTION IN TIME STEP 43 STRESS PERIOD 2
 1 TOTAL ITERATIONS

 SLN_1 INNER ITERATION SUMMARY
 --------------------------------------------------------------------------------------------------------------------------------------
      TOTAL      OUTER      INNER                                                            MAXIMUM                                   
  ITERATION  ITERATION  ITERATION  MAXIMUM CHANGE      MAXIMUM CHANGE MODEL-(CELLID)        RESIDUAL    MAXIMUM RESIDUAL MODEL-(CELLID)
 --------------------------------------------------------------------------------------------------------------------------------------
          1          1          1 -5.33652286E-03                     1_GWF-(1,6,52) -1.96722108E-02                    1_GWF-(1,23,54)
 --------------------------------------------------------------------------------------------------------------------------------------


 
    Solving:  Stress period:     2    Time step:    44
 

 SLN_1 OUTER ITERATION SUMMARY
 ----------------------------------------------------------------------------------------------------------------------------------------------------------------
                                OUTER      INNER  BACKTRACK  BACKTRACK        INCOMING        OUTGOING                    STEP   MAXIMUM CHANGE MODEL-(CELLID) OR
 OUTER ITERATION STEP       ITERATION  ITERATION       FLAG ITERATIONS        RESIDUAL        RESIDUAL  MAXIMUM CHANGE SUCCESS             MODEL-PACKAGE-(NUMBER)
 ----------------------------------------------------------------------------------------------------------------------------------------------------------------
 Backtracking                       1                     0          0       176.78053       176.78053                       *                                   
 Model                              1          1                                                       -5.33547621E-03       *                     1_GWF-(1,6,52)
 ----------------------------------------------------------------------------------------------------------------------------------------------------------------


 1 CALLS TO NUMERICAL SOLUTION IN TIME STEP 44 STRESS PERIOD 2
 1 TOTAL ITERATIONS

 SLN_1 INNER ITERATION SUMMARY
 --------------------------------------------------------------------------------------------------------------------------------------
      TOTAL      OUTER      INNER                                                            MAXIMUM                                   
  ITERATION  ITERATION  ITERATION  MAXIMUM CHANGE      MAXIMUM CHANGE MODEL-(CELLID)        RESIDUAL    MAXIMUM RESIDUAL MODEL-(CELLID)
 --------------------------------------------------------------------------------------------------------------------------------------
          1          1          1 -5.33547621E-03                     1_GWF-(1,6,52) -1.98403935E-02                    1_GWF-(1,23,54)
 --------------------------------------------------------------------------------------------------------------------------------------


 
    Solving:  Stress period:     2    Time step:    45
 

 SLN_1 OUTER ITERATION SUMMARY
 ----------------------------------------------------------------------------------------------------------------------------------------------------------------
                                OUTER      INNER  BACKTRACK  BACKTRACK        INCOMING        OUTGOING                    STEP   MAXIMUM CHANGE MODEL-(CELLID) OR
 OUTER ITERATION STEP       ITERATION  ITERATION       FLAG ITERATIONS        RESIDUAL        RESIDUAL  MAXIMUM CHANGE SUCCESS             MODEL-PACKAGE-(NUMBER)
 ----------------------------------------------------------------------------------------------------------------------------------------------------------------
 Backtracking                       1                     0          0       177.58820       177.58820                       *                                   
 Model                              1          1                                                       -5.34553370E-03       *                    1_GWF-(1,20,56)
 ----------------------------------------------------------------------------------------------------------------------------------------------------------------


 1 CALLS TO NUMERICAL SOLUTION IN TIME STEP 45 STRESS PERIOD 2
 1 TOTAL ITERATIONS

 SLN_1 INNER ITERATION SUMMARY
 --------------------------------------------------------------------------------------------------------------------------------------
      TOTAL      OUTER      INNER                                                            MAXIMUM                                   
  ITERATION  ITERATION  ITERATION  MAXIMUM CHANGE      MAXIMUM CHANGE MODEL-(CELLID)        RESIDUAL    MAXIMUM RESIDUAL MODEL-(CELLID)
 --------------------------------------------------------------------------------------------------------------------------------------
          1          1          1 -5.34553370E-03                    1_GWF-(1,20,56) -2.00007964E-02                    1_GWF-(1,23,54)
 --------------------------------------------------------------------------------------------------------------------------------------


 
    Solving:  Stress period:     2    Time step:    46
 

 SLN_1 OUTER ITERATION SUMMARY
 ----------------------------------------------------------------------------------------------------------------------------------------------------------------
                                OUTER      INNER  BACKTRACK  BACKTRACK        INCOMING        OUTGOING                    STEP   MAXIMUM CHANGE MODEL-(CELLID) OR
 OUTER ITERATION STEP       ITERATION  ITERATION       FLAG ITERATIONS        RESIDUAL        RESIDUAL  MAXIMUM CHANGE SUCCESS             MODEL-PACKAGE-(NUMBER)
 ----------------------------------------------------------------------------------------------------------------------------------------------------------------
 Backtracking                       1                     0          0       178.48566       178.48566                       *                                   
 Model                              1          1                                                       -5.37785691E-03       *                    1_GWF-(1,21,56)
 ----------------------------------------------------------------------------------------------------------------------------------------------------------------


 1 CALLS TO NUMERICAL SOLUTION IN TIME STEP 46 STRESS PERIOD 2
 1 TOTAL ITERATIONS

 SLN_1 INNER ITERATION SUMMARY
 --------------------------------------------------------------------------------------------------------------------------------------
      TOTAL      OUTER      INNER                                                            MAXIMUM                                   
  ITERATION  ITERATION  ITERATION  MAXIMUM CHANGE      MAXIMUM CHANGE MODEL-(CELLID)        RESIDUAL    MAXIMUM RESIDUAL MODEL-(CELLID)
 --------------------------------------------------------------------------------------------------------------------------------------
          1          1          1 -5.37785691E-03                    1_GWF-(1,21,56) -2.01495559E-02                    1_GWF-(1,23,54)
 --------------------------------------------------------------------------------------------------------------------------------------


 
    Solving:  Stress period:     2    Time step:    47
 

 SLN_1 OUTER ITERATION SUMMARY
 ----------------------------------------------------------------------------------------------------------------------------------------------------------------
                                OUTER      INNER  BACKTRACK  BACKTRACK        INCOMING        OUTGOING                    STEP   MAXIMUM CHANGE MODEL-(CELLID) OR
 OUTER ITERATION STEP       ITERATION  ITERATION       FLAG ITERATIONS        RESIDUAL        RESIDUAL  MAXIMUM CHANGE SUCCESS             MODEL-PACKAGE-(NUMBER)
 ----------------------------------------------------------------------------------------------------------------------------------------------------------------
 Backtracking                       1                     0          0       178.67011       178.67011                       *                                   
 Model                              1          1                                                       -5.41153175E-03       *                    1_GWF-(1,22,56)
 ----------------------------------------------------------------------------------------------------------------------------------------------------------------


 1 CALLS TO NUMERICAL SOLUTION IN TIME STEP 47 STRESS PERIOD 2
 1 TOTAL ITERATIONS

 SLN_1 INNER ITERATION SUMMARY
 --------------------------------------------------------------------------------------------------------------------------------------
      TOTAL      OUTER      INNER                                                            MAXIMUM                                   
  ITERATION  ITERATION  ITERATION  MAXIMUM CHANGE      MAXIMUM CHANGE MODEL-(CELLID)        RESIDUAL    MAXIMUM RESIDUAL MODEL-(CELLID)
 --------------------------------------------------------------------------------------------------------------------------------------
          1          1          1 -5.41153175E-03                    1_GWF-(1,22,56) -2.02886072E-02                    1_GWF-(1,23,54)
 --------------------------------------------------------------------------------------------------------------------------------------


 
    Solving:  Stress period:     2    Time step:    48
 

 SLN_1 OUTER ITERATION SUMMARY
 ----------------------------------------------------------------------------------------------------------------------------------------------------------------
                                OUTER      INNER  BACKTRACK  BACKTRACK        INCOMING        OUTGOING                    STEP   MAXIMUM CHANGE MODEL-(CELLID) OR
 OUTER ITERATION STEP       ITERATION  ITERATION       FLAG ITERATIONS        RESIDUAL        RESIDUAL  MAXIMUM CHANGE SUCCESS             MODEL-PACKAGE-(NUMBER)
 ----------------------------------------------------------------------------------------------------------------------------------------------------------------
 Backtracking                       1                     0          0       178.62626       178.62626                       *                                   
 Model                              1          1                                                       -5.44549355E-03       *                    1_GWF-(1,23,56)
 ----------------------------------------------------------------------------------------------------------------------------------------------------------------


 1 CALLS TO NUMERICAL SOLUTION IN TIME STEP 48 STRESS PERIOD 2
 1 TOTAL ITERATIONS

 SLN_1 INNER ITERATION SUMMARY
 --------------------------------------------------------------------------------------------------------------------------------------
      TOTAL      OUTER      INNER                                                            MAXIMUM                                   
  ITERATION  ITERATION  ITERATION  MAXIMUM CHANGE      MAXIMUM CHANGE MODEL-(CELLID)        RESIDUAL    MAXIMUM RESIDUAL MODEL-(CELLID)
 --------------------------------------------------------------------------------------------------------------------------------------
          1          1          1 -5.44549355E-03                    1_GWF-(1,23,56) -2.04119481E-02                    1_GWF-(1,23,54)
 --------------------------------------------------------------------------------------------------------------------------------------


 
    Solving:  Stress period:     2    Time step:    49
 

 SLN_1 OUTER ITERATION SUMMARY
 ----------------------------------------------------------------------------------------------------------------------------------------------------------------
                                OUTER      INNER  BACKTRACK  BACKTRACK        INCOMING        OUTGOING                    STEP   MAXIMUM CHANGE MODEL-(CELLID) OR
 OUTER ITERATION STEP       ITERATION  ITERATION       FLAG ITERATIONS        RESIDUAL        RESIDUAL  MAXIMUM CHANGE SUCCESS             MODEL-PACKAGE-(NUMBER)
 ----------------------------------------------------------------------------------------------------------------------------------------------------------------
 Backtracking                       1                     0          0       178.76000       178.76000                       *                                   
 Model                              1          1                                                       -5.47850844E-03       *                    1_GWF-(1,24,56)
 ----------------------------------------------------------------------------------------------------------------------------------------------------------------


 1 CALLS TO NUMERICAL SOLUTION IN TIME STEP 49 STRESS PERIOD 2
 1 TOTAL ITERATIONS

 SLN_1 INNER ITERATION SUMMARY
 --------------------------------------------------------------------------------------------------------------------------------------
      TOTAL      OUTER      INNER                                                            MAXIMUM                                   
  ITERATION  ITERATION  ITERATION  MAXIMUM CHANGE      MAXIMUM CHANGE MODEL-(CELLID)        RESIDUAL    MAXIMUM RESIDUAL MODEL-(CELLID)
 --------------------------------------------------------------------------------------------------------------------------------------
          1          1          1 -5.47850844E-03                    1_GWF-(1,24,56) -2.05302345E-02                    1_GWF-(1,23,54)
 --------------------------------------------------------------------------------------------------------------------------------------


 
    Solving:  Stress period:     2    Time step:    50
 

 SLN_1 OUTER ITERATION SUMMARY
 ----------------------------------------------------------------------------------------------------------------------------------------------------------------
                                OUTER      INNER  BACKTRACK  BACKTRACK        INCOMING        OUTGOING                    STEP   MAXIMUM CHANGE MODEL-(CELLID) OR
 OUTER ITERATION STEP       ITERATION  ITERATION       FLAG ITERATIONS        RESIDUAL        RESIDUAL  MAXIMUM CHANGE SUCCESS             MODEL-PACKAGE-(NUMBER)
 ----------------------------------------------------------------------------------------------------------------------------------------------------------------
 Backtracking                       1                     0          0       178.57091       178.57091                       *                                   
 Model                              1          1                                                       -5.50892309E-03       *                    1_GWF-(1,24,56)
 ----------------------------------------------------------------------------------------------------------------------------------------------------------------


 1 CALLS TO NUMERICAL SOLUTION IN TIME STEP 50 STRESS PERIOD 2
 1 TOTAL ITERATIONS

 SLN_1 INNER ITERATION SUMMARY
 --------------------------------------------------------------------------------------------------------------------------------------
      TOTAL      OUTER      INNER                                                            MAXIMUM                                   
  ITERATION  ITERATION  ITERATION  MAXIMUM CHANGE      MAXIMUM CHANGE MODEL-(CELLID)        RESIDUAL    MAXIMUM RESIDUAL MODEL-(CELLID)
 --------------------------------------------------------------------------------------------------------------------------------------
          1          1          1 -5.50892309E-03                    1_GWF-(1,24,56) -2.06282829E-02                    1_GWF-(1,23,54)
 --------------------------------------------------------------------------------------------------------------------------------------


 
    Solving:  Stress period:     2    Time step:    51
 

 SLN_1 OUTER ITERATION SUMMARY
 ----------------------------------------------------------------------------------------------------------------------------------------------------------------
                                OUTER      INNER  BACKTRACK  BACKTRACK        INCOMING        OUTGOING                    STEP   MAXIMUM CHANGE MODEL-(CELLID) OR
 OUTER ITERATION STEP       ITERATION  ITERATION       FLAG ITERATIONS        RESIDUAL        RESIDUAL  MAXIMUM CHANGE SUCCESS             MODEL-PACKAGE-(NUMBER)
 ----------------------------------------------------------------------------------------------------------------------------------------------------------------
 Backtracking                       1                     0          0       178.33948       178.33948                       *                                   
 Model                              1          1                                                       -5.53612503E-03       *                    1_GWF-(1,24,56)
 ----------------------------------------------------------------------------------------------------------------------------------------------------------------


 1 CALLS TO NUMERICAL SOLUTION IN TIME STEP 51 STRESS PERIOD 2
 1 TOTAL ITERATIONS

 SLN_1 INNER ITERATION SUMMARY
 --------------------------------------------------------------------------------------------------------------------------------------
      TOTAL      OUTER      INNER                                                            MAXIMUM                                   
  ITERATION  ITERATION  ITERATION  MAXIMUM CHANGE      MAXIMUM CHANGE MODEL-(CELLID)        RESIDUAL    MAXIMUM RESIDUAL MODEL-(CELLID)
 --------------------------------------------------------------------------------------------------------------------------------------
          1          1          1 -5.53612503E-03                    1_GWF-(1,24,56) -2.07154558E-02                    1_GWF-(1,23,54)
 --------------------------------------------------------------------------------------------------------------------------------------


 
    Solving:  Stress period:     2    Time step:    52
 

 SLN_1 OUTER ITERATION SUMMARY
 ----------------------------------------------------------------------------------------------------------------------------------------------------------------
                                OUTER      INNER  BACKTRACK  BACKTRACK        INCOMING        OUTGOING                    STEP   MAXIMUM CHANGE MODEL-(CELLID) OR
 OUTER ITERATION STEP       ITERATION  ITERATION       FLAG ITERATIONS        RESIDUAL        RESIDUAL  MAXIMUM CHANGE SUCCESS             MODEL-PACKAGE-(NUMBER)
 ----------------------------------------------------------------------------------------------------------------------------------------------------------------
 Backtracking                       1                     0          0       178.32594       178.32594                       *                                   
 Model                              1          1                                                       -5.55992402E-03       *                    1_GWF-(1,24,56)
 ----------------------------------------------------------------------------------------------------------------------------------------------------------------


 1 CALLS TO NUMERICAL SOLUTION IN TIME STEP 52 STRESS PERIOD 2
 1 TOTAL ITERATIONS

 SLN_1 INNER ITERATION SUMMARY
 --------------------------------------------------------------------------------------------------------------------------------------
      TOTAL      OUTER      INNER                                                            MAXIMUM                                   
  ITERATION  ITERATION  ITERATION  MAXIMUM CHANGE      MAXIMUM CHANGE MODEL-(CELLID)        RESIDUAL    MAXIMUM RESIDUAL MODEL-(CELLID)
 --------------------------------------------------------------------------------------------------------------------------------------
          1          1          1 -5.55992402E-03                    1_GWF-(1,24,56) -2.07984486E-02                    1_GWF-(1,23,54)
 --------------------------------------------------------------------------------------------------------------------------------------


 
    Solving:  Stress period:     3    Time step:     1
 
1
                            STRESS PERIOD NO. 3, LENGTH =   1.000000    
                            -----------------------------------------------
                            NUMBER OF TIME STEPS = 1
                            MULTIPLIER FOR DELT =     1.000
                            INITIAL TIME STEP SIZE =   1.000000    

 SLN_1 OUTER ITERATION SUMMARY
 ----------------------------------------------------------------------------------------------------------------------------------------------------------------
                                OUTER      INNER  BACKTRACK  BACKTRACK        INCOMING        OUTGOING                    STEP   MAXIMUM CHANGE MODEL-(CELLID) OR
 OUTER ITERATION STEP       ITERATION  ITERATION       FLAG ITERATIONS        RESIDUAL        RESIDUAL  MAXIMUM CHANGE SUCCESS             MODEL-PACKAGE-(NUMBER)
 ----------------------------------------------------------------------------------------------------------------------------------------------------------------
 Backtracking                       1                     0          0       2737.4318       2737.4318                       *                                   
 Model                              1         11                                                             1.9898484                            1_GWF-(1,26,40)
 Backtracking                       2                     0          0      0.65556981      0.65556981                       *                                   
 Model                              2          1                                                        1.47813345E-03       *                     1_GWF-(1,6,49)
 ----------------------------------------------------------------------------------------------------------------------------------------------------------------


 2 CALLS TO NUMERICAL SOLUTION IN TIME STEP 1 STRESS PERIOD 3
 12 TOTAL ITERATIONS

 SLN_1 INNER ITERATION SUMMARY
 --------------------------------------------------------------------------------------------------------------------------------------
      TOTAL      OUTER      INNER                                                            MAXIMUM                                   
  ITERATION  ITERATION  ITERATION  MAXIMUM CHANGE      MAXIMUM CHANGE MODEL-(CELLID)        RESIDUAL    MAXIMUM RESIDUAL MODEL-(CELLID)
 --------------------------------------------------------------------------------------------------------------------------------------
          1          1          1       1.4782141                     1_GWF-(1,47,5)      -44.716305                    1_GWF-(1,29,34)
          2          1          2      0.59191879                    1_GWF-(1,32,22)      -22.859184                    1_GWF-(1,27,34)
          3          1          3      0.42643105                    1_GWF-(1,27,24)      -14.081255                     1_GWF-(1,3,28)
          4          1          4      0.44679813                     1_GWF-(1,4,28)      -11.517488                     1_GWF-(1,3,28)
          5          1          5      0.22654275                     1_GWF-(1,2,32)      -7.1965869                     1_GWF-(1,3,38)
          6          1          6      0.27729104                     1_GWF-(1,3,35)      -3.7297539                     1_GWF-(1,3,38)
          7          1          7      0.20841676                     1_GWF-(1,3,37)      -1.3417997                     1_GWF-(1,3,39)
          8          1          8 -1.34440424E-02                     1_GWF-(1,3,28)      -1.5782074                     1_GWF-(1,4,42)
          9          1          9  9.71201397E-02                     1_GWF-(1,3,41)     -0.36680646                     1_GWF-(1,4,43)
         10          1         10  1.46835639E-02                     1_GWF-(1,4,43)     -0.12984930                     1_GWF-(1,4,44)
         11          1         11  5.59744422E-03                     1_GWF-(1,4,45) -5.17967236E-02                     1_GWF-(1,7,49)
         12          2          1  1.47813345E-03                     1_GWF-(1,6,49) -2.57767905E-02                     1_GWF-(1,4,44)
 --------------------------------------------------------------------------------------------------------------------------------------


 
    Solving:  Stress period:     4    Time step:     1
 
1
                            STRESS PERIOD NO. 4, LENGTH =   52.00000    
                            -----------------------------------------------
                            NUMBER OF TIME STEPS = 52
                            MULTIPLIER FOR DELT =     1.000
                            INITIAL TIME STEP SIZE =   1.000000    

 SLN_1 OUTER ITERATION SUMMARY
 ----------------------------------------------------------------------------------------------------------------------------------------------------------------
                                OUTER      INNER  BACKTRACK  BACKTRACK        INCOMING        OUTGOING                    STEP   MAXIMUM CHANGE MODEL-(CELLID) OR
 OUTER ITERATION STEP       ITERATION  ITERATION       FLAG ITERATIONS        RESIDUAL        RESIDUAL  MAXIMUM CHANGE SUCCESS             MODEL-PACKAGE-(NUMBER)
 ----------------------------------------------------------------------------------------------------------------------------------------------------------------
 Backtracking                       1                     0          0       110.16634       110.16634                       *                                   
 Model                              1          1                                                       -4.33981561E-02       *                    1_GWF-(1,41,15)
 ----------------------------------------------------------------------------------------------------------------------------------------------------------------


 1 CALLS TO NUMERICAL SOLUTION IN TIME STEP 1 STRESS PERIOD 4
 1 TOTAL ITERATIONS

 SLN_1 INNER ITERATION SUMMARY
 --------------------------------------------------------------------------------------------------------------------------------------
      TOTAL      OUTER      INNER                                                            MAXIMUM                                   
  ITERATION  ITERATION  ITERATION  MAXIMUM CHANGE      MAXIMUM CHANGE MODEL-(CELLID)        RESIDUAL    MAXIMUM RESIDUAL MODEL-(CELLID)
 --------------------------------------------------------------------------------------------------------------------------------------
          1          1          1 -4.33981561E-02                    1_GWF-(1,41,15) -1.72806306E-02                    1_GWF-(1,44,36)
 --------------------------------------------------------------------------------------------------------------------------------------


 
    Solving:  Stress period:     4    Time step:     2
 

 SLN_1 OUTER ITERATION SUMMARY
 ----------------------------------------------------------------------------------------------------------------------------------------------------------------
                                OUTER      INNER  BACKTRACK  BACKTRACK        INCOMING        OUTGOING                    STEP   MAXIMUM CHANGE MODEL-(CELLID) OR
 OUTER ITERATION STEP       ITERATION  ITERATION       FLAG ITERATIONS        RESIDUAL        RESIDUAL  MAXIMUM CHANGE SUCCESS             MODEL-PACKAGE-(NUMBER)
 ----------------------------------------------------------------------------------------------------------------------------------------------------------------
 Backtracking                       1                     0          0       110.18040       110.18040                       *                                   
 Model                              1          1                                                       -2.27241630E-02       *                     1_GWF-(1,47,5)
 ----------------------------------------------------------------------------------------------------------------------------------------------------------------


 1 CALLS TO NUMERICAL SOLUTION IN TIME STEP 2 STRESS PERIOD 4
 1 TOTAL ITERATIONS

 SLN_1 INNER ITERATION SUMMARY
 --------------------------------------------------------------------------------------------------------------------------------------
      TOTAL      OUTER      INNER                                                            MAXIMUM                                   
  ITERATION  ITERATION  ITERATION  MAXIMUM CHANGE      MAXIMUM CHANGE MODEL-(CELLID)        RESIDUAL    MAXIMUM RESIDUAL MODEL-(CELLID)
 --------------------------------------------------------------------------------------------------------------------------------------
          1          1          1 -2.27241630E-02                     1_GWF-(1,47,5) -1.51049479E-02                     1_GWF-(1,42,6)
 --------------------------------------------------------------------------------------------------------------------------------------


 
    Solving:  Stress period:     4    Time step:     3
 

 SLN_1 OUTER ITERATION SUMMARY
 ----------------------------------------------------------------------------------------------------------------------------------------------------------------
                                OUTER      INNER  BACKTRACK  BACKTRACK        INCOMING        OUTGOING                    STEP   MAXIMUM CHANGE MODEL-(CELLID) OR
 OUTER ITERATION STEP       ITERATION  ITERATION       FLAG ITERATIONS        RESIDUAL        RESIDUAL  MAXIMUM CHANGE SUCCESS             MODEL-PACKAGE-(NUMBER)
 ----------------------------------------------------------------------------------------------------------------------------------------------------------------
 Backtracking                       1                     0          0       111.62801       111.62801                       *                                   
 Model                              1          1                                                       -1.78063570E-02       *                     1_GWF-(1,47,5)
 ----------------------------------------------------------------------------------------------------------------------------------------------------------------


 1 CALLS TO NUMERICAL SOLUTION IN TIME STEP 3 STRESS PERIOD 4
 1 TOTAL ITERATIONS

 SLN_1 INNER ITERATION SUMMARY
 --------------------------------------------------------------------------------------------------------------------------------------
      TOTAL      OUTER      INNER                                                            MAXIMUM                                   
  ITERATION  ITERATION  ITERATION  MAXIMUM CHANGE      MAXIMUM CHANGE MODEL-(CELLID)        RESIDUAL    MAXIMUM RESIDUAL MODEL-(CELLID)
 --------------------------------------------------------------------------------------------------------------------------------------
          1          1          1 -1.78063570E-02                     1_GWF-(1,47,5) -1.50565971E-02                     1_GWF-(1,42,6)
 --------------------------------------------------------------------------------------------------------------------------------------


 
    Solving:  Stress period:     4    Time step:     4
 

 SLN_1 OUTER ITERATION SUMMARY
 ----------------------------------------------------------------------------------------------------------------------------------------------------------------
                                OUTER      INNER  BACKTRACK  BACKTRACK        INCOMING        OUTGOING                    STEP   MAXIMUM CHANGE MODEL-(CELLID) OR
 OUTER ITERATION STEP       ITERATION  ITERATION       FLAG ITERATIONS        RESIDUAL        RESIDUAL  MAXIMUM CHANGE SUCCESS             MODEL-PACKAGE-(NUMBER)
 ----------------------------------------------------------------------------------------------------------------------------------------------------------------
 Backtracking                       1                     0          0       113.02965       113.02965                       *                                   
 Model                              1          1                                                       -1.41252880E-02       *                     1_GWF-(1,47,5)
 ----------------------------------------------------------------------------------------------------------------------------------------------------------------


 1 CALLS TO NUMERICAL SOLUTION IN TIME STEP 4 STRESS PERIOD 4
 1 TOTAL ITERATIONS

 SLN_1 INNER ITERATION SUMMARY
 --------------------------------------------------------------------------------------------------------------------------------------
      TOTAL      OUTER      INNER                                                            MAXIMUM                                   
  ITERATION  ITERATION  ITERATION  MAXIMUM CHANGE      MAXIMUM CHANGE MODEL-(CELLID)        RESIDUAL    MAXIMUM RESIDUAL MODEL-(CELLID)
 --------------------------------------------------------------------------------------------------------------------------------------
          1          1          1 -1.41252880E-02                     1_GWF-(1,47,5) -1.49831593E-02                     1_GWF-(1,42,6)
 --------------------------------------------------------------------------------------------------------------------------------------


 
    Solving:  Stress period:     4    Time step:     5
 

 SLN_1 OUTER ITERATION SUMMARY
 ----------------------------------------------------------------------------------------------------------------------------------------------------------------
                                OUTER      INNER  BACKTRACK  BACKTRACK        INCOMING        OUTGOING                    STEP   MAXIMUM CHANGE MODEL-(CELLID) OR
 OUTER ITERATION STEP       ITERATION  ITERATION       FLAG ITERATIONS        RESIDUAL        RESIDUAL  MAXIMUM CHANGE SUCCESS             MODEL-PACKAGE-(NUMBER)
 ----------------------------------------------------------------------------------------------------------------------------------------------------------------
 Backtracking                       1                     0          0       118.78786       118.78786                       *                                   
 Model                              1          1                                                       -1.16060484E-02       *                     1_GWF-(1,47,5)
 ----------------------------------------------------------------------------------------------------------------------------------------------------------------


 1 CALLS TO NUMERICAL SOLUTION IN TIME STEP 5 STRESS PERIOD 4
 1 TOTAL ITERATIONS

 SLN_1 INNER ITERATION SUMMARY
 --------------------------------------------------------------------------------------------------------------------------------------
      TOTAL      OUTER      INNER                                                            MAXIMUM                                   
  ITERATION  ITERATION  ITERATION  MAXIMUM CHANGE      MAXIMUM CHANGE MODEL-(CELLID)        RESIDUAL    MAXIMUM RESIDUAL MODEL-(CELLID)
 --------------------------------------------------------------------------------------------------------------------------------------
          1          1          1 -1.16060484E-02                     1_GWF-(1,47,5) -1.57526160E-02                     1_GWF-(1,42,6)
 --------------------------------------------------------------------------------------------------------------------------------------


 
    Solving:  Stress period:     4    Time step:     6
 

 SLN_1 OUTER ITERATION SUMMARY
 ----------------------------------------------------------------------------------------------------------------------------------------------------------------
                                OUTER      INNER  BACKTRACK  BACKTRACK        INCOMING        OUTGOING                    STEP   MAXIMUM CHANGE MODEL-(CELLID) OR
 OUTER ITERATION STEP       ITERATION  ITERATION       FLAG ITERATIONS        RESIDUAL        RESIDUAL  MAXIMUM CHANGE SUCCESS             MODEL-PACKAGE-(NUMBER)
 ----------------------------------------------------------------------------------------------------------------------------------------------------------------
 Backtracking                       1                     0          0       124.33759       124.33759                       *                                   
 Model                              1          1                                                       -9.94864720E-03       *                     1_GWF-(1,47,5)
 ----------------------------------------------------------------------------------------------------------------------------------------------------------------


 1 CALLS TO NUMERICAL SOLUTION IN TIME STEP 6 STRESS PERIOD 4
 1 TOTAL ITERATIONS

 SLN_1 INNER ITERATION SUMMARY
 --------------------------------------------------------------------------------------------------------------------------------------
      TOTAL      OUTER      INNER                                                            MAXIMUM                                   
  ITERATION  ITERATION  ITERATION  MAXIMUM CHANGE      MAXIMUM CHANGE MODEL-(CELLID)        RESIDUAL    MAXIMUM RESIDUAL MODEL-(CELLID)
 --------------------------------------------------------------------------------------------------------------------------------------
          1          1          1 -9.94864720E-03                     1_GWF-(1,47,5) -1.64773603E-02                     1_GWF-(1,42,6)
 --------------------------------------------------------------------------------------------------------------------------------------


 
    Solving:  Stress period:     4    Time step:     7
 

 SLN_1 OUTER ITERATION SUMMARY
 ----------------------------------------------------------------------------------------------------------------------------------------------------------------
                                OUTER      INNER  BACKTRACK  BACKTRACK        INCOMING        OUTGOING                    STEP   MAXIMUM CHANGE MODEL-(CELLID) OR
 OUTER ITERATION STEP       ITERATION  ITERATION       FLAG ITERATIONS        RESIDUAL        RESIDUAL  MAXIMUM CHANGE SUCCESS             MODEL-PACKAGE-(NUMBER)
 ----------------------------------------------------------------------------------------------------------------------------------------------------------------
 Backtracking                       1                     0          0       128.34786       128.34786                       *                                   
 Model                              1          1                                                       -8.85771902E-03       *                     1_GWF-(1,47,5)
 ----------------------------------------------------------------------------------------------------------------------------------------------------------------


 1 CALLS TO NUMERICAL SOLUTION IN TIME STEP 7 STRESS PERIOD 4
 1 TOTAL ITERATIONS

 SLN_1 INNER ITERATION SUMMARY
 --------------------------------------------------------------------------------------------------------------------------------------
      TOTAL      OUTER      INNER                                                            MAXIMUM                                   
  ITERATION  ITERATION  ITERATION  MAXIMUM CHANGE      MAXIMUM CHANGE MODEL-(CELLID)        RESIDUAL    MAXIMUM RESIDUAL MODEL-(CELLID)
 --------------------------------------------------------------------------------------------------------------------------------------
          1          1          1 -8.85771902E-03                     1_GWF-(1,47,5) -1.69244334E-02                     1_GWF-(1,42,6)
 --------------------------------------------------------------------------------------------------------------------------------------


 
    Solving:  Stress period:     4    Time step:     8
 

 SLN_1 OUTER ITERATION SUMMARY
 ----------------------------------------------------------------------------------------------------------------------------------------------------------------
                                OUTER      INNER  BACKTRACK  BACKTRACK        INCOMING        OUTGOING                    STEP   MAXIMUM CHANGE MODEL-(CELLID) OR
 OUTER ITERATION STEP       ITERATION  ITERATION       FLAG ITERATIONS        RESIDUAL        RESIDUAL  MAXIMUM CHANGE SUCCESS             MODEL-PACKAGE-(NUMBER)
 ----------------------------------------------------------------------------------------------------------------------------------------------------------------
 Backtracking                       1                     0          0       131.66942       131.66942                       *                                   
 Model                              1          1                                                       -8.14079861E-03       *                     1_GWF-(1,47,5)
 ----------------------------------------------------------------------------------------------------------------------------------------------------------------


 1 CALLS TO NUMERICAL SOLUTION IN TIME STEP 8 STRESS PERIOD 4
 1 TOTAL ITERATIONS

 SLN_1 INNER ITERATION SUMMARY
 --------------------------------------------------------------------------------------------------------------------------------------
      TOTAL      OUTER      INNER                                                            MAXIMUM                                   
  ITERATION  ITERATION  ITERATION  MAXIMUM CHANGE      MAXIMUM CHANGE MODEL-(CELLID)        RESIDUAL    MAXIMUM RESIDUAL MODEL-(CELLID)
 --------------------------------------------------------------------------------------------------------------------------------------
          1          1          1 -8.14079861E-03                     1_GWF-(1,47,5) -1.72465403E-02                     1_GWF-(1,42,6)
 --------------------------------------------------------------------------------------------------------------------------------------


 
    Solving:  Stress period:     4    Time step:     9
 

 SLN_1 OUTER ITERATION SUMMARY
 ----------------------------------------------------------------------------------------------------------------------------------------------------------------
                                OUTER      INNER  BACKTRACK  BACKTRACK        INCOMING        OUTGOING                    STEP   MAXIMUM CHANGE MODEL-(CELLID) OR
 OUTER ITERATION STEP       ITERATION  ITERATION       FLAG ITERATIONS        RESIDUAL        RESIDUAL  MAXIMUM CHANGE SUCCESS             MODEL-PACKAGE-(NUMBER)
 ----------------------------------------------------------------------------------------------------------------------------------------------------------------
 Backtracking                       1                     0          0       132.28935       132.28935                       *                                   
 Model                              1          1                                                       -7.60163521E-03       *                     1_GWF-(1,47,5)
 ----------------------------------------------------------------------------------------------------------------------------------------------------------------


 1 CALLS TO NUMERICAL SOLUTION IN TIME STEP 9 STRESS PERIOD 4
 1 TOTAL ITERATIONS

 SLN_1 INNER ITERATION SUMMARY
 --------------------------------------------------------------------------------------------------------------------------------------
      TOTAL      OUTER      INNER                                                            MAXIMUM                                   
  ITERATION  ITERATION  ITERATION  MAXIMUM CHANGE      MAXIMUM CHANGE MODEL-(CELLID)        RESIDUAL    MAXIMUM RESIDUAL MODEL-(CELLID)
 --------------------------------------------------------------------------------------------------------------------------------------
          1          1          1 -7.60163521E-03                     1_GWF-(1,47,5) -1.70753940E-02                     1_GWF-(1,42,6)
 --------------------------------------------------------------------------------------------------------------------------------------


 
    Solving:  Stress period:     4    Time step:    10
 

 SLN_1 OUTER ITERATION SUMMARY
 ----------------------------------------------------------------------------------------------------------------------------------------------------------------
                                OUTER      INNER  BACKTRACK  BACKTRACK        INCOMING        OUTGOING                    STEP   MAXIMUM CHANGE MODEL-(CELLID) OR
 OUTER ITERATION STEP       ITERATION  ITERATION       FLAG ITERATIONS        RESIDUAL        RESIDUAL  MAXIMUM CHANGE SUCCESS             MODEL-PACKAGE-(NUMBER)
 ----------------------------------------------------------------------------------------------------------------------------------------------------------------
 Backtracking                       1                     0          0       130.31902       130.31902                       *                                   
 Model                              1          1                                                       -7.10377007E-03       *                     1_GWF-(1,47,5)
 ----------------------------------------------------------------------------------------------------------------------------------------------------------------


 1 CALLS TO NUMERICAL SOLUTION IN TIME STEP 10 STRESS PERIOD 4
 1 TOTAL ITERATIONS

 SLN_1 INNER ITERATION SUMMARY
 --------------------------------------------------------------------------------------------------------------------------------------
      TOTAL      OUTER      INNER                                                            MAXIMUM                                   
  ITERATION  ITERATION  ITERATION  MAXIMUM CHANGE      MAXIMUM CHANGE MODEL-(CELLID)        RESIDUAL    MAXIMUM RESIDUAL MODEL-(CELLID)
 --------------------------------------------------------------------------------------------------------------------------------------
          1          1          1 -7.10377007E-03                     1_GWF-(1,47,5) -1.63892471E-02                     1_GWF-(1,42,6)
 --------------------------------------------------------------------------------------------------------------------------------------


 
    Solving:  Stress period:     4    Time step:    11
 

 SLN_1 OUTER ITERATION SUMMARY
 ----------------------------------------------------------------------------------------------------------------------------------------------------------------
                                OUTER      INNER  BACKTRACK  BACKTRACK        INCOMING        OUTGOING                    STEP   MAXIMUM CHANGE MODEL-(CELLID) OR
 OUTER ITERATION STEP       ITERATION  ITERATION       FLAG ITERATIONS        RESIDUAL        RESIDUAL  MAXIMUM CHANGE SUCCESS             MODEL-PACKAGE-(NUMBER)
 ----------------------------------------------------------------------------------------------------------------------------------------------------------------
 Backtracking                       1                     0          0       131.04499       131.04499                       *                                   
 Model                              1          1                                                       -6.72617941E-03       *                     1_GWF-(1,47,5)
 ----------------------------------------------------------------------------------------------------------------------------------------------------------------


 1 CALLS TO NUMERICAL SOLUTION IN TIME STEP 11 STRESS PERIOD 4
 1 TOTAL ITERATIONS

 SLN_1 INNER ITERATION SUMMARY
 --------------------------------------------------------------------------------------------------------------------------------------
      TOTAL      OUTER      INNER                                                            MAXIMUM                                   
  ITERATION  ITERATION  ITERATION  MAXIMUM CHANGE      MAXIMUM CHANGE MODEL-(CELLID)        RESIDUAL    MAXIMUM RESIDUAL MODEL-(CELLID)
 --------------------------------------------------------------------------------------------------------------------------------------
          1          1          1 -6.72617941E-03                     1_GWF-(1,47,5) -1.62676984E-02                     1_GWF-(1,42,6)
 --------------------------------------------------------------------------------------------------------------------------------------


 
    Solving:  Stress period:     4    Time step:    12
 

 SLN_1 OUTER ITERATION SUMMARY
 ----------------------------------------------------------------------------------------------------------------------------------------------------------------
                                OUTER      INNER  BACKTRACK  BACKTRACK        INCOMING        OUTGOING                    STEP   MAXIMUM CHANGE MODEL-(CELLID) OR
 OUTER ITERATION STEP       ITERATION  ITERATION       FLAG ITERATIONS        RESIDUAL        RESIDUAL  MAXIMUM CHANGE SUCCESS             MODEL-PACKAGE-(NUMBER)
 ----------------------------------------------------------------------------------------------------------------------------------------------------------------
 Backtracking                       1                     0          0       136.64503       136.64503                       *                                   
 Model                              1          1                                                       -6.59893137E-03       *                     1_GWF-(1,47,5)
 ----------------------------------------------------------------------------------------------------------------------------------------------------------------


 1 CALLS TO NUMERICAL SOLUTION IN TIME STEP 12 STRESS PERIOD 4
 1 TOTAL ITERATIONS

 SLN_1 INNER ITERATION SUMMARY
 --------------------------------------------------------------------------------------------------------------------------------------
      TOTAL      OUTER      INNER                                                            MAXIMUM                                   
  ITERATION  ITERATION  ITERATION  MAXIMUM CHANGE      MAXIMUM CHANGE MODEL-(CELLID)        RESIDUAL    MAXIMUM RESIDUAL MODEL-(CELLID)
 --------------------------------------------------------------------------------------------------------------------------------------
          1          1          1 -6.59893137E-03                     1_GWF-(1,47,5) -1.71216670E-02                     1_GWF-(1,42,6)
 --------------------------------------------------------------------------------------------------------------------------------------


 
    Solving:  Stress period:     4    Time step:    13
 

 SLN_1 OUTER ITERATION SUMMARY
 ----------------------------------------------------------------------------------------------------------------------------------------------------------------
                                OUTER      INNER  BACKTRACK  BACKTRACK        INCOMING        OUTGOING                    STEP   MAXIMUM CHANGE MODEL-(CELLID) OR
 OUTER ITERATION STEP       ITERATION  ITERATION       FLAG ITERATIONS        RESIDUAL        RESIDUAL  MAXIMUM CHANGE SUCCESS             MODEL-PACKAGE-(NUMBER)
 ----------------------------------------------------------------------------------------------------------------------------------------------------------------
 Backtracking                       1                     0          0       138.98586       138.98586                       *                                   
 Model                              1          1                                                       -6.54667094E-03       *                     1_GWF-(1,47,5)
 ----------------------------------------------------------------------------------------------------------------------------------------------------------------


 1 CALLS TO NUMERICAL SOLUTION IN TIME STEP 13 STRESS PERIOD 4
 1 TOTAL ITERATIONS

 SLN_1 INNER ITERATION SUMMARY
 --------------------------------------------------------------------------------------------------------------------------------------
      TOTAL      OUTER      INNER                                                            MAXIMUM                                   
  ITERATION  ITERATION  ITERATION  MAXIMUM CHANGE      MAXIMUM CHANGE MODEL-(CELLID)        RESIDUAL    MAXIMUM RESIDUAL MODEL-(CELLID)
 --------------------------------------------------------------------------------------------------------------------------------------
          1          1          1 -6.54667094E-03                     1_GWF-(1,47,5) -1.73372331E-02                     1_GWF-(1,42,6)
 --------------------------------------------------------------------------------------------------------------------------------------


 
    Solving:  Stress period:     4    Time step:    14
 

 SLN_1 OUTER ITERATION SUMMARY
 ----------------------------------------------------------------------------------------------------------------------------------------------------------------
                                OUTER      INNER  BACKTRACK  BACKTRACK        INCOMING        OUTGOING                    STEP   MAXIMUM CHANGE MODEL-(CELLID) OR
 OUTER ITERATION STEP       ITERATION  ITERATION       FLAG ITERATIONS        RESIDUAL        RESIDUAL  MAXIMUM CHANGE SUCCESS             MODEL-PACKAGE-(NUMBER)
 ----------------------------------------------------------------------------------------------------------------------------------------------------------------
 Backtracking                       1                     0          0       139.06527       139.06527                       *                                   
 Model                              1          1                                                       -6.46396888E-03       *                     1_GWF-(1,47,5)
 ----------------------------------------------------------------------------------------------------------------------------------------------------------------


 1 CALLS TO NUMERICAL SOLUTION IN TIME STEP 14 STRESS PERIOD 4
 1 TOTAL ITERATIONS

 SLN_1 INNER ITERATION SUMMARY
 --------------------------------------------------------------------------------------------------------------------------------------
      TOTAL      OUTER      INNER                                                            MAXIMUM                                   
  ITERATION  ITERATION  ITERATION  MAXIMUM CHANGE      MAXIMUM CHANGE MODEL-(CELLID)        RESIDUAL    MAXIMUM RESIDUAL MODEL-(CELLID)
 --------------------------------------------------------------------------------------------------------------------------------------
          1          1          1 -6.46396888E-03                     1_GWF-(1,47,5) -1.71018100E-02                     1_GWF-(1,42,6)
 --------------------------------------------------------------------------------------------------------------------------------------


 
    Solving:  Stress period:     4    Time step:    15
 

 SLN_1 OUTER ITERATION SUMMARY
 ----------------------------------------------------------------------------------------------------------------------------------------------------------------
                                OUTER      INNER  BACKTRACK  BACKTRACK        INCOMING        OUTGOING                    STEP   MAXIMUM CHANGE MODEL-(CELLID) OR
 OUTER ITERATION STEP       ITERATION  ITERATION       FLAG ITERATIONS        RESIDUAL        RESIDUAL  MAXIMUM CHANGE SUCCESS             MODEL-PACKAGE-(NUMBER)
 ----------------------------------------------------------------------------------------------------------------------------------------------------------------
 Backtracking                       1                     0          0       140.12475       140.12475                       *                                   
 Model                              1          1                                                       -6.38961202E-03       *                     1_GWF-(1,47,5)
 ----------------------------------------------------------------------------------------------------------------------------------------------------------------


 1 CALLS TO NUMERICAL SOLUTION IN TIME STEP 15 STRESS PERIOD 4
 1 TOTAL ITERATIONS

 SLN_1 INNER ITERATION SUMMARY
 --------------------------------------------------------------------------------------------------------------------------------------
      TOTAL      OUTER      INNER                                                            MAXIMUM                                   
  ITERATION  ITERATION  ITERATION  MAXIMUM CHANGE      MAXIMUM CHANGE MODEL-(CELLID)        RESIDUAL    MAXIMUM RESIDUAL MODEL-(CELLID)
 --------------------------------------------------------------------------------------------------------------------------------------
          1          1          1 -6.38961202E-03                     1_GWF-(1,47,5) -1.70760971E-02                     1_GWF-(1,42,6)
 --------------------------------------------------------------------------------------------------------------------------------------


 
    Solving:  Stress period:     4    Time step:    16
 

 SLN_1 OUTER ITERATION SUMMARY
 ----------------------------------------------------------------------------------------------------------------------------------------------------------------
                                OUTER      INNER  BACKTRACK  BACKTRACK        INCOMING        OUTGOING                    STEP   MAXIMUM CHANGE MODEL-(CELLID) OR
 OUTER ITERATION STEP       ITERATION  ITERATION       FLAG ITERATIONS        RESIDUAL        RESIDUAL  MAXIMUM CHANGE SUCCESS             MODEL-PACKAGE-(NUMBER)
 ----------------------------------------------------------------------------------------------------------------------------------------------------------------
 Backtracking                       1                     0          0       147.73824       147.73824                       *                                   
 Model                              1          1                                                       -7.28568519E-03       *                    1_GWF-(1,42,10)
 ----------------------------------------------------------------------------------------------------------------------------------------------------------------


 1 CALLS TO NUMERICAL SOLUTION IN TIME STEP 16 STRESS PERIOD 4
 1 TOTAL ITERATIONS

 SLN_1 INNER ITERATION SUMMARY
 --------------------------------------------------------------------------------------------------------------------------------------
      TOTAL      OUTER      INNER                                                            MAXIMUM                                   
  ITERATION  ITERATION  ITERATION  MAXIMUM CHANGE      MAXIMUM CHANGE MODEL-(CELLID)        RESIDUAL    MAXIMUM RESIDUAL MODEL-(CELLID)
 --------------------------------------------------------------------------------------------------------------------------------------
          1          1          1 -7.28568519E-03                    1_GWF-(1,42,10) -1.83486865E-02                     1_GWF-(1,42,6)
 --------------------------------------------------------------------------------------------------------------------------------------


 
    Solving:  Stress period:     4    Time step:    17
 

 SLN_1 OUTER ITERATION SUMMARY
 ----------------------------------------------------------------------------------------------------------------------------------------------------------------
                                OUTER      INNER  BACKTRACK  BACKTRACK        INCOMING        OUTGOING                    STEP   MAXIMUM CHANGE MODEL-(CELLID) OR
 OUTER ITERATION STEP       ITERATION  ITERATION       FLAG ITERATIONS        RESIDUAL        RESIDUAL  MAXIMUM CHANGE SUCCESS             MODEL-PACKAGE-(NUMBER)
 ----------------------------------------------------------------------------------------------------------------------------------------------------------------
 Backtracking                       1                     0          0       153.80777       153.80777                       *                                   
 Model                              1          1                                                       -7.70562960E-03       *                    1_GWF-(1,42,10)
 ----------------------------------------------------------------------------------------------------------------------------------------------------------------


 1 CALLS TO NUMERICAL SOLUTION IN TIME STEP 17 STRESS PERIOD 4
 1 TOTAL ITERATIONS

 SLN_1 INNER ITERATION SUMMARY
 --------------------------------------------------------------------------------------------------------------------------------------
      TOTAL      OUTER      INNER                                                            MAXIMUM                                   
  ITERATION  ITERATION  ITERATION  MAXIMUM CHANGE      MAXIMUM CHANGE MODEL-(CELLID)        RESIDUAL    MAXIMUM RESIDUAL MODEL-(CELLID)
 --------------------------------------------------------------------------------------------------------------------------------------
          1          1          1 -7.70562960E-03                    1_GWF-(1,42,10) -1.92940037E-02                     1_GWF-(1,42,6)
 --------------------------------------------------------------------------------------------------------------------------------------


 
    Solving:  Stress period:     4    Time step:    18
 

 SLN_1 OUTER ITERATION SUMMARY
 ----------------------------------------------------------------------------------------------------------------------------------------------------------------
                                OUTER      INNER  BACKTRACK  BACKTRACK        INCOMING        OUTGOING                    STEP   MAXIMUM CHANGE MODEL-(CELLID) OR
 OUTER ITERATION STEP       ITERATION  ITERATION       FLAG ITERATIONS        RESIDUAL        RESIDUAL  MAXIMUM CHANGE SUCCESS             MODEL-PACKAGE-(NUMBER)
 ----------------------------------------------------------------------------------------------------------------------------------------------------------------
 Backtracking                       1                     0          0       158.05846       158.05846                       *                                   
 Model                              1          1                                                       -7.79286161E-03       *                    1_GWF-(1,42,10)
 ----------------------------------------------------------------------------------------------------------------------------------------------------------------


 1 CALLS TO NUMERICAL SOLUTION IN TIME STEP 18 STRESS PERIOD 4
 1 TOTAL ITERATIONS

 SLN_1 INNER ITERATION SUMMARY
 --------------------------------------------------------------------------------------------------------------------------------------
      TOTAL      OUTER      INNER                                                            MAXIMUM                                   
  ITERATION  ITERATION  ITERATION  MAXIMUM CHANGE      MAXIMUM CHANGE MODEL-(CELLID)        RESIDUAL    MAXIMUM RESIDUAL MODEL-(CELLID)
 --------------------------------------------------------------------------------------------------------------------------------------
          1          1          1 -7.79286161E-03                    1_GWF-(1,42,10) -1.98850834E-02                     1_GWF-(1,42,6)
 --------------------------------------------------------------------------------------------------------------------------------------


 
    Solving:  Stress period:     4    Time step:    19
 

 SLN_1 OUTER ITERATION SUMMARY
 ----------------------------------------------------------------------------------------------------------------------------------------------------------------
                                OUTER      INNER  BACKTRACK  BACKTRACK        INCOMING        OUTGOING                    STEP   MAXIMUM CHANGE MODEL-(CELLID) OR
 OUTER ITERATION STEP       ITERATION  ITERATION       FLAG ITERATIONS        RESIDUAL        RESIDUAL  MAXIMUM CHANGE SUCCESS             MODEL-PACKAGE-(NUMBER)
 ----------------------------------------------------------------------------------------------------------------------------------------------------------------
 Backtracking                       1                     0          0       162.85304       162.85304                       *                                   
 Model                              1          1                                                       -8.07993894E-03       *                    1_GWF-(1,42,10)
 ----------------------------------------------------------------------------------------------------------------------------------------------------------------


 1 CALLS TO NUMERICAL SOLUTION IN TIME STEP 19 STRESS PERIOD 4
 1 TOTAL ITERATIONS

 SLN_1 INNER ITERATION SUMMARY
 --------------------------------------------------------------------------------------------------------------------------------------
      TOTAL      OUTER      INNER                                                            MAXIMUM                                   
  ITERATION  ITERATION  ITERATION  MAXIMUM CHANGE      MAXIMUM CHANGE MODEL-(CELLID)        RESIDUAL    MAXIMUM RESIDUAL MODEL-(CELLID)
 --------------------------------------------------------------------------------------------------------------------------------------
          1          1          1 -8.07993894E-03                    1_GWF-(1,42,10) -2.05615569E-02                     1_GWF-(1,42,6)
 --------------------------------------------------------------------------------------------------------------------------------------


 
    Solving:  Stress period:     4    Time step:    20
 

 SLN_1 OUTER ITERATION SUMMARY
 ----------------------------------------------------------------------------------------------------------------------------------------------------------------
                                OUTER      INNER  BACKTRACK  BACKTRACK        INCOMING        OUTGOING                    STEP   MAXIMUM CHANGE MODEL-(CELLID) OR
 OUTER ITERATION STEP       ITERATION  ITERATION       FLAG ITERATIONS        RESIDUAL        RESIDUAL  MAXIMUM CHANGE SUCCESS             MODEL-PACKAGE-(NUMBER)
 ----------------------------------------------------------------------------------------------------------------------------------------------------------------
 Backtracking                       1                     0          0       166.45655       166.45655                       *                                   
 Model                              1          1                                                       -8.13989076E-03       *                    1_GWF-(1,42,10)
 ----------------------------------------------------------------------------------------------------------------------------------------------------------------


 1 CALLS TO NUMERICAL SOLUTION IN TIME STEP 20 STRESS PERIOD 4
 1 TOTAL ITERATIONS

 SLN_1 INNER ITERATION SUMMARY
 --------------------------------------------------------------------------------------------------------------------------------------
      TOTAL      OUTER      INNER                                                            MAXIMUM                                   
  ITERATION  ITERATION  ITERATION  MAXIMUM CHANGE      MAXIMUM CHANGE MODEL-(CELLID)        RESIDUAL    MAXIMUM RESIDUAL MODEL-(CELLID)
 --------------------------------------------------------------------------------------------------------------------------------------
          1          1          1 -8.13989076E-03                    1_GWF-(1,42,10) -2.10150621E-02                     1_GWF-(1,42,6)
 --------------------------------------------------------------------------------------------------------------------------------------


 
    Solving:  Stress period:     4    Time step:    21
 

 SLN_1 OUTER ITERATION SUMMARY
 ----------------------------------------------------------------------------------------------------------------------------------------------------------------
                                OUTER      INNER  BACKTRACK  BACKTRACK        INCOMING        OUTGOING                    STEP   MAXIMUM CHANGE MODEL-(CELLID) OR
 OUTER ITERATION STEP       ITERATION  ITERATION       FLAG ITERATIONS        RESIDUAL        RESIDUAL  MAXIMUM CHANGE SUCCESS             MODEL-PACKAGE-(NUMBER)
 ----------------------------------------------------------------------------------------------------------------------------------------------------------------
 Backtracking                       1                     0          0       169.93460       169.93460                       *                                   
 Model                              1          1                                                       -8.25253607E-03       *                    1_GWF-(1,42,10)
 ----------------------------------------------------------------------------------------------------------------------------------------------------------------


 1 CALLS TO NUMERICAL SOLUTION IN TIME STEP 21 STRESS PERIOD 4
 1 TOTAL ITERATIONS

 SLN_1 INNER ITERATION SUMMARY
 --------------------------------------------------------------------------------------------------------------------------------------
      TOTAL      OUTER      INNER                                                            MAXIMUM                                   
  ITERATION  ITERATION  ITERATION  MAXIMUM CHANGE      MAXIMUM CHANGE MODEL-(CELLID)        RESIDUAL    MAXIMUM RESIDUAL MODEL-(CELLID)
 --------------------------------------------------------------------------------------------------------------------------------------
          1          1          1 -8.25253607E-03                    1_GWF-(1,42,10) -2.14386225E-02                     1_GWF-(1,42,6)
 --------------------------------------------------------------------------------------------------------------------------------------


 
    Solving:  Stress period:     4    Time step:    22
 

 SLN_1 OUTER ITERATION SUMMARY
 ----------------------------------------------------------------------------------------------------------------------------------------------------------------
                                OUTER      INNER  BACKTRACK  BACKTRACK        INCOMING        OUTGOING                    STEP   MAXIMUM CHANGE MODEL-(CELLID) OR
 OUTER ITERATION STEP       ITERATION  ITERATION       FLAG ITERATIONS        RESIDUAL        RESIDUAL  MAXIMUM CHANGE SUCCESS             MODEL-PACKAGE-(NUMBER)
 ----------------------------------------------------------------------------------------------------------------------------------------------------------------
 Backtracking                       1                     0          0       169.59884       169.59884                       *                                   
 Model                              1          1                                                       -7.94209102E-03       *                     1_GWF-(1,45,8)
 ----------------------------------------------------------------------------------------------------------------------------------------------------------------


 1 CALLS TO NUMERICAL SOLUTION IN TIME STEP 22 STRESS PERIOD 4
 1 TOTAL ITERATIONS

 SLN_1 INNER ITERATION SUMMARY
 --------------------------------------------------------------------------------------------------------------------------------------
      TOTAL      OUTER      INNER                                                            MAXIMUM                                   
  ITERATION  ITERATION  ITERATION  MAXIMUM CHANGE      MAXIMUM CHANGE MODEL-(CELLID)        RESIDUAL    MAXIMUM RESIDUAL MODEL-(CELLID)
 --------------------------------------------------------------------------------------------------------------------------------------
          1          1          1 -7.94209102E-03                     1_GWF-(1,45,8) -2.11408208E-02                     1_GWF-(1,42,6)
 --------------------------------------------------------------------------------------------------------------------------------------


 
    Solving:  Stress period:     4    Time step:    23
 

 SLN_1 OUTER ITERATION SUMMARY
 ----------------------------------------------------------------------------------------------------------------------------------------------------------------
                                OUTER      INNER  BACKTRACK  BACKTRACK        INCOMING        OUTGOING                    STEP   MAXIMUM CHANGE MODEL-(CELLID) OR
 OUTER ITERATION STEP       ITERATION  ITERATION       FLAG ITERATIONS        RESIDUAL        RESIDUAL  MAXIMUM CHANGE SUCCESS             MODEL-PACKAGE-(NUMBER)
 ----------------------------------------------------------------------------------------------------------------------------------------------------------------
 Backtracking                       1                     0          0       169.29333       169.29333                       *                                   
 Model                              1          1                                                       -7.80052409E-03       *                     1_GWF-(1,46,7)
 ----------------------------------------------------------------------------------------------------------------------------------------------------------------


 1 CALLS TO NUMERICAL SOLUTION IN TIME STEP 23 STRESS PERIOD 4
 1 TOTAL ITERATIONS

 SLN_1 INNER ITERATION SUMMARY
 --------------------------------------------------------------------------------------------------------------------------------------
      TOTAL      OUTER      INNER                                                            MAXIMUM                                   
  ITERATION  ITERATION  ITERATION  MAXIMUM CHANGE      MAXIMUM CHANGE MODEL-(CELLID)        RESIDUAL    MAXIMUM RESIDUAL MODEL-(CELLID)
 --------------------------------------------------------------------------------------------------------------------------------------
          1          1          1 -7.80052409E-03                     1_GWF-(1,46,7) -2.08398047E-02                     1_GWF-(1,42,6)
 --------------------------------------------------------------------------------------------------------------------------------------


 
    Solving:  Stress period:     4    Time step:    24
 

 SLN_1 OUTER ITERATION SUMMARY
 ----------------------------------------------------------------------------------------------------------------------------------------------------------------
                                OUTER      INNER  BACKTRACK  BACKTRACK        INCOMING        OUTGOING                    STEP   MAXIMUM CHANGE MODEL-(CELLID) OR
 OUTER ITERATION STEP       ITERATION  ITERATION       FLAG ITERATIONS        RESIDUAL        RESIDUAL  MAXIMUM CHANGE SUCCESS             MODEL-PACKAGE-(NUMBER)
 ----------------------------------------------------------------------------------------------------------------------------------------------------------------
 Backtracking                       1                     0          0       168.44340       168.44340                       *                                   
 Model                              1          1                                                       -7.67306935E-03       *                     1_GWF-(1,47,5)
 ----------------------------------------------------------------------------------------------------------------------------------------------------------------


 1 CALLS TO NUMERICAL SOLUTION IN TIME STEP 24 STRESS PERIOD 4
 1 TOTAL ITERATIONS

 SLN_1 INNER ITERATION SUMMARY
 --------------------------------------------------------------------------------------------------------------------------------------
      TOTAL      OUTER      INNER                                                            MAXIMUM                                   
  ITERATION  ITERATION  ITERATION  MAXIMUM CHANGE      MAXIMUM CHANGE MODEL-(CELLID)        RESIDUAL    MAXIMUM RESIDUAL MODEL-(CELLID)
 --------------------------------------------------------------------------------------------------------------------------------------
          1          1          1 -7.67306935E-03                     1_GWF-(1,47,5) -2.04285329E-02                     1_GWF-(1,42,6)
 --------------------------------------------------------------------------------------------------------------------------------------


 
    Solving:  Stress period:     4    Time step:    25
 

 SLN_1 OUTER ITERATION SUMMARY
 ----------------------------------------------------------------------------------------------------------------------------------------------------------------
                                OUTER      INNER  BACKTRACK  BACKTRACK        INCOMING        OUTGOING                    STEP   MAXIMUM CHANGE MODEL-(CELLID) OR
 OUTER ITERATION STEP       ITERATION  ITERATION       FLAG ITERATIONS        RESIDUAL        RESIDUAL  MAXIMUM CHANGE SUCCESS             MODEL-PACKAGE-(NUMBER)
 ----------------------------------------------------------------------------------------------------------------------------------------------------------------
 Backtracking                       1                     0          0       167.05102       167.05102                       *                                   
 Model                              1          1                                                       -7.50842922E-03       *                     1_GWF-(1,47,5)
 ----------------------------------------------------------------------------------------------------------------------------------------------------------------


 1 CALLS TO NUMERICAL SOLUTION IN TIME STEP 25 STRESS PERIOD 4
 1 TOTAL ITERATIONS

 SLN_1 INNER ITERATION SUMMARY
 --------------------------------------------------------------------------------------------------------------------------------------
      TOTAL      OUTER      INNER                                                            MAXIMUM                                   
  ITERATION  ITERATION  ITERATION  MAXIMUM CHANGE      MAXIMUM CHANGE MODEL-(CELLID)        RESIDUAL    MAXIMUM RESIDUAL MODEL-(CELLID)
 --------------------------------------------------------------------------------------------------------------------------------------
          1          1          1 -7.50842922E-03                     1_GWF-(1,47,5) -1.99015350E-02                     1_GWF-(1,42,6)
 --------------------------------------------------------------------------------------------------------------------------------------


 
    Solving:  Stress period:     4    Time step:    26
 

 SLN_1 OUTER ITERATION SUMMARY
 ----------------------------------------------------------------------------------------------------------------------------------------------------------------
                                OUTER      INNER  BACKTRACK  BACKTRACK        INCOMING        OUTGOING                    STEP   MAXIMUM CHANGE MODEL-(CELLID) OR
 OUTER ITERATION STEP       ITERATION  ITERATION       FLAG ITERATIONS        RESIDUAL        RESIDUAL  MAXIMUM CHANGE SUCCESS             MODEL-PACKAGE-(NUMBER)
 ----------------------------------------------------------------------------------------------------------------------------------------------------------------
 Backtracking                       1                     0          0       165.18291       165.18291                       *                                   
 Model                              1          1                                                       -7.29034876E-03       *                     1_GWF-(1,47,5)
 ----------------------------------------------------------------------------------------------------------------------------------------------------------------


 1 CALLS TO NUMERICAL SOLUTION IN TIME STEP 26 STRESS PERIOD 4
 1 TOTAL ITERATIONS

 SLN_1 INNER ITERATION SUMMARY
 --------------------------------------------------------------------------------------------------------------------------------------
      TOTAL      OUTER      INNER                                                            MAXIMUM                                   
  ITERATION  ITERATION  ITERATION  MAXIMUM CHANGE      MAXIMUM CHANGE MODEL-(CELLID)        RESIDUAL    MAXIMUM RESIDUAL MODEL-(CELLID)
 --------------------------------------------------------------------------------------------------------------------------------------
          1          1          1 -7.29034876E-03                     1_GWF-(1,47,5) -1.92676963E-02                     1_GWF-(1,42,6)
 --------------------------------------------------------------------------------------------------------------------------------------


 
    Solving:  Stress period:     4    Time step:    27
 

 SLN_1 OUTER ITERATION SUMMARY
 ----------------------------------------------------------------------------------------------------------------------------------------------------------------
                                OUTER      INNER  BACKTRACK  BACKTRACK        INCOMING        OUTGOING                    STEP   MAXIMUM CHANGE MODEL-(CELLID) OR
 OUTER ITERATION STEP       ITERATION  ITERATION       FLAG ITERATIONS        RESIDUAL        RESIDUAL  MAXIMUM CHANGE SUCCESS             MODEL-PACKAGE-(NUMBER)
 ----------------------------------------------------------------------------------------------------------------------------------------------------------------
 Backtracking                       1                     0          0       163.65965       163.65965                       *                                   
 Model                              1          1                                                       -7.05213269E-03       *                     1_GWF-(1,47,5)
 ----------------------------------------------------------------------------------------------------------------------------------------------------------------


 1 CALLS TO NUMERICAL SOLUTION IN TIME STEP 27 STRESS PERIOD 4
 1 TOTAL ITERATIONS

 SLN_1 INNER ITERATION SUMMARY
 --------------------------------------------------------------------------------------------------------------------------------------
      TOTAL      OUTER      INNER                                                            MAXIMUM                                   
  ITERATION  ITERATION  ITERATION  MAXIMUM CHANGE      MAXIMUM CHANGE MODEL-(CELLID)        RESIDUAL    MAXIMUM RESIDUAL MODEL-(CELLID)
 --------------------------------------------------------------------------------------------------------------------------------------
          1          1          1 -7.05213269E-03                     1_GWF-(1,47,5) -1.87107261E-02                     1_GWF-(1,42,6)
 --------------------------------------------------------------------------------------------------------------------------------------


 
    Solving:  Stress period:     4    Time step:    28
 

 SLN_1 OUTER ITERATION SUMMARY
 ----------------------------------------------------------------------------------------------------------------------------------------------------------------
                                OUTER      INNER  BACKTRACK  BACKTRACK        INCOMING        OUTGOING                    STEP   MAXIMUM CHANGE MODEL-(CELLID) OR
 OUTER ITERATION STEP       ITERATION  ITERATION       FLAG ITERATIONS        RESIDUAL        RESIDUAL  MAXIMUM CHANGE SUCCESS             MODEL-PACKAGE-(NUMBER)
 ----------------------------------------------------------------------------------------------------------------------------------------------------------------
 Backtracking                       1                     0          0       161.72668       161.72668                       *                                   
 Model                              1          1                                                       -6.79100908E-03       *                     1_GWF-(1,47,5)
 ----------------------------------------------------------------------------------------------------------------------------------------------------------------


 1 CALLS TO NUMERICAL SOLUTION IN TIME STEP 28 STRESS PERIOD 4
 1 TOTAL ITERATIONS

 SLN_1 INNER ITERATION SUMMARY
 --------------------------------------------------------------------------------------------------------------------------------------
      TOTAL      OUTER      INNER                                                            MAXIMUM                                   
  ITERATION  ITERATION  ITERATION  MAXIMUM CHANGE      MAXIMUM CHANGE MODEL-(CELLID)        RESIDUAL    MAXIMUM RESIDUAL MODEL-(CELLID)
 --------------------------------------------------------------------------------------------------------------------------------------
          1          1          1 -6.79100908E-03                     1_GWF-(1,47,5) -1.80516827E-02                     1_GWF-(1,42,6)
 --------------------------------------------------------------------------------------------------------------------------------------


 
    Solving:  Stress period:     4    Time step:    29
 

 SLN_1 OUTER ITERATION SUMMARY
 ----------------------------------------------------------------------------------------------------------------------------------------------------------------
                                OUTER      INNER  BACKTRACK  BACKTRACK        INCOMING        OUTGOING                    STEP   MAXIMUM CHANGE MODEL-(CELLID) OR
 OUTER ITERATION STEP       ITERATION  ITERATION       FLAG ITERATIONS        RESIDUAL        RESIDUAL  MAXIMUM CHANGE SUCCESS             MODEL-PACKAGE-(NUMBER)
 ----------------------------------------------------------------------------------------------------------------------------------------------------------------
 Backtracking                       1                     0          0       160.68393       160.68393                       *                                   
 Model                              1          1                                                       -6.54834145E-03       *                     1_GWF-(1,47,5)
 ----------------------------------------------------------------------------------------------------------------------------------------------------------------


 1 CALLS TO NUMERICAL SOLUTION IN TIME STEP 29 STRESS PERIOD 4
 1 TOTAL ITERATIONS

 SLN_1 INNER ITERATION SUMMARY
 --------------------------------------------------------------------------------------------------------------------------------------
      TOTAL      OUTER      INNER                                                            MAXIMUM                                   
  ITERATION  ITERATION  ITERATION  MAXIMUM CHANGE      MAXIMUM CHANGE MODEL-(CELLID)        RESIDUAL    MAXIMUM RESIDUAL MODEL-(CELLID)
 --------------------------------------------------------------------------------------------------------------------------------------
          1          1          1 -6.54834145E-03                     1_GWF-(1,47,5) -1.76095871E-02                     1_GWF-(1,42,6)
 --------------------------------------------------------------------------------------------------------------------------------------


 
    Solving:  Stress period:     4    Time step:    30
 

 SLN_1 OUTER ITERATION SUMMARY
 ----------------------------------------------------------------------------------------------------------------------------------------------------------------
                                OUTER      INNER  BACKTRACK  BACKTRACK        INCOMING        OUTGOING                    STEP   MAXIMUM CHANGE MODEL-(CELLID) OR
 OUTER ITERATION STEP       ITERATION  ITERATION       FLAG ITERATIONS        RESIDUAL        RESIDUAL  MAXIMUM CHANGE SUCCESS             MODEL-PACKAGE-(NUMBER)
 ----------------------------------------------------------------------------------------------------------------------------------------------------------------
 Backtracking                       1                     0          0       161.13040       161.13040                       *                                   
 Model                              1          1                                                       -6.37519528E-03       *                     1_GWF-(1,47,5)
 ----------------------------------------------------------------------------------------------------------------------------------------------------------------


 1 CALLS TO NUMERICAL SOLUTION IN TIME STEP 30 STRESS PERIOD 4
 1 TOTAL ITERATIONS

 SLN_1 INNER ITERATION SUMMARY
 --------------------------------------------------------------------------------------------------------------------------------------
      TOTAL      OUTER      INNER                                                            MAXIMUM                                   
  ITERATION  ITERATION  ITERATION  MAXIMUM CHANGE      MAXIMUM CHANGE MODEL-(CELLID)        RESIDUAL    MAXIMUM RESIDUAL MODEL-(CELLID)
 --------------------------------------------------------------------------------------------------------------------------------------
          1          1          1 -6.37519528E-03                     1_GWF-(1,47,5) -1.75342748E-02                     1_GWF-(1,42,6)
 --------------------------------------------------------------------------------------------------------------------------------------


 
    Solving:  Stress period:     4    Time step:    31
 

 SLN_1 OUTER ITERATION SUMMARY
 ----------------------------------------------------------------------------------------------------------------------------------------------------------------
                                OUTER      INNER  BACKTRACK  BACKTRACK        INCOMING        OUTGOING                    STEP   MAXIMUM CHANGE MODEL-(CELLID) OR
 OUTER ITERATION STEP       ITERATION  ITERATION       FLAG ITERATIONS        RESIDUAL        RESIDUAL  MAXIMUM CHANGE SUCCESS             MODEL-PACKAGE-(NUMBER)
 ----------------------------------------------------------------------------------------------------------------------------------------------------------------
 Backtracking                       1                     0          0       162.72793       162.72793                       *                                   
 Model                              1          1                                                       -6.31082376E-03       *                     1_GWF-(1,39,1)
 ----------------------------------------------------------------------------------------------------------------------------------------------------------------


 1 CALLS TO NUMERICAL SOLUTION IN TIME STEP 31 STRESS PERIOD 4
 1 TOTAL ITERATIONS

 SLN_1 INNER ITERATION SUMMARY
 --------------------------------------------------------------------------------------------------------------------------------------
      TOTAL      OUTER      INNER                                                            MAXIMUM                                   
  ITERATION  ITERATION  ITERATION  MAXIMUM CHANGE      MAXIMUM CHANGE MODEL-(CELLID)        RESIDUAL    MAXIMUM RESIDUAL MODEL-(CELLID)
 --------------------------------------------------------------------------------------------------------------------------------------
          1          1          1 -6.31082376E-03                     1_GWF-(1,39,1) -1.77334100E-02                     1_GWF-(1,42,6)
 --------------------------------------------------------------------------------------------------------------------------------------


 
    Solving:  Stress period:     4    Time step:    32
 

 SLN_1 OUTER ITERATION SUMMARY
 ----------------------------------------------------------------------------------------------------------------------------------------------------------------
                                OUTER      INNER  BACKTRACK  BACKTRACK        INCOMING        OUTGOING                    STEP   MAXIMUM CHANGE MODEL-(CELLID) OR
 OUTER ITERATION STEP       ITERATION  ITERATION       FLAG ITERATIONS        RESIDUAL        RESIDUAL  MAXIMUM CHANGE SUCCESS             MODEL-PACKAGE-(NUMBER)
 ----------------------------------------------------------------------------------------------------------------------------------------------------------------
 Backtracking                       1                     0          0       160.92715       160.92715                       *                                   
 Model                              1          1                                                       -6.14828364E-03       *                     1_GWF-(1,47,5)
 ----------------------------------------------------------------------------------------------------------------------------------------------------------------


 1 CALLS TO NUMERICAL SOLUTION IN TIME STEP 32 STRESS PERIOD 4
 1 TOTAL ITERATIONS

 SLN_1 INNER ITERATION SUMMARY
 --------------------------------------------------------------------------------------------------------------------------------------
      TOTAL      OUTER      INNER                                                            MAXIMUM                                   
  ITERATION  ITERATION  ITERATION  MAXIMUM CHANGE      MAXIMUM CHANGE MODEL-(CELLID)        RESIDUAL    MAXIMUM RESIDUAL MODEL-(CELLID)
 --------------------------------------------------------------------------------------------------------------------------------------
          1          1          1 -6.14828364E-03                     1_GWF-(1,47,5) -1.70740248E-02                     1_GWF-(1,42,6)
 --------------------------------------------------------------------------------------------------------------------------------------


 
    Solving:  Stress period:     4    Time step:    33
 

 SLN_1 OUTER ITERATION SUMMARY
 ----------------------------------------------------------------------------------------------------------------------------------------------------------------
                                OUTER      INNER  BACKTRACK  BACKTRACK        INCOMING        OUTGOING                    STEP   MAXIMUM CHANGE MODEL-(CELLID) OR
 OUTER ITERATION STEP       ITERATION  ITERATION       FLAG ITERATIONS        RESIDUAL        RESIDUAL  MAXIMUM CHANGE SUCCESS             MODEL-PACKAGE-(NUMBER)
 ----------------------------------------------------------------------------------------------------------------------------------------------------------------
 Backtracking                       1                     0          0       160.05631       160.05631                       *                                   
 Model                              1          1                                                       -5.98923536E-03       *                     1_GWF-(1,47,5)
 ----------------------------------------------------------------------------------------------------------------------------------------------------------------


 1 CALLS TO NUMERICAL SOLUTION IN TIME STEP 33 STRESS PERIOD 4
 1 TOTAL ITERATIONS

 SLN_1 INNER ITERATION SUMMARY
 --------------------------------------------------------------------------------------------------------------------------------------
      TOTAL      OUTER      INNER                                                            MAXIMUM                                   
  ITERATION  ITERATION  ITERATION  MAXIMUM CHANGE      MAXIMUM CHANGE MODEL-(CELLID)        RESIDUAL    MAXIMUM RESIDUAL MODEL-(CELLID)
 --------------------------------------------------------------------------------------------------------------------------------------
          1          1          1 -5.98923536E-03                     1_GWF-(1,47,5) -1.66670065E-02                     1_GWF-(1,42,6)
 --------------------------------------------------------------------------------------------------------------------------------------


 
    Solving:  Stress period:     4    Time step:    34
 

 SLN_1 OUTER ITERATION SUMMARY
 ----------------------------------------------------------------------------------------------------------------------------------------------------------------
                                OUTER      INNER  BACKTRACK  BACKTRACK        INCOMING        OUTGOING                    STEP   MAXIMUM CHANGE MODEL-(CELLID) OR
 OUTER ITERATION STEP       ITERATION  ITERATION       FLAG ITERATIONS        RESIDUAL        RESIDUAL  MAXIMUM CHANGE SUCCESS             MODEL-PACKAGE-(NUMBER)
 ----------------------------------------------------------------------------------------------------------------------------------------------------------------
 Backtracking                       1                     0          0       161.24696       161.24696                       *                                   
 Model                              1          1                                                       -5.91404393E-03       *                     1_GWF-(1,39,1)
 ----------------------------------------------------------------------------------------------------------------------------------------------------------------


 1 CALLS TO NUMERICAL SOLUTION IN TIME STEP 34 STRESS PERIOD 4
 1 TOTAL ITERATIONS

 SLN_1 INNER ITERATION SUMMARY
 --------------------------------------------------------------------------------------------------------------------------------------
      TOTAL      OUTER      INNER                                                            MAXIMUM                                   
  ITERATION  ITERATION  ITERATION  MAXIMUM CHANGE      MAXIMUM CHANGE MODEL-(CELLID)        RESIDUAL    MAXIMUM RESIDUAL MODEL-(CELLID)
 --------------------------------------------------------------------------------------------------------------------------------------
          1          1          1 -5.91404393E-03                     1_GWF-(1,39,1) -1.68082529E-02                     1_GWF-(1,42,6)
 --------------------------------------------------------------------------------------------------------------------------------------


 
    Solving:  Stress period:     4    Time step:    35
 

 SLN_1 OUTER ITERATION SUMMARY
 ----------------------------------------------------------------------------------------------------------------------------------------------------------------
                                OUTER      INNER  BACKTRACK  BACKTRACK        INCOMING        OUTGOING                    STEP   MAXIMUM CHANGE MODEL-(CELLID) OR
 OUTER ITERATION STEP       ITERATION  ITERATION       FLAG ITERATIONS        RESIDUAL        RESIDUAL  MAXIMUM CHANGE SUCCESS             MODEL-PACKAGE-(NUMBER)
 ----------------------------------------------------------------------------------------------------------------------------------------------------------------
 Backtracking                       1                     0          0       162.47818       162.47818                       *                                   
 Model                              1          1                                                       -5.93380004E-03       *                     1_GWF-(1,39,1)
 ----------------------------------------------------------------------------------------------------------------------------------------------------------------


 1 CALLS TO NUMERICAL SOLUTION IN TIME STEP 35 STRESS PERIOD 4
 1 TOTAL ITERATIONS

 SLN_1 INNER ITERATION SUMMARY
 --------------------------------------------------------------------------------------------------------------------------------------
      TOTAL      OUTER      INNER                                                            MAXIMUM                                   
  ITERATION  ITERATION  ITERATION  MAXIMUM CHANGE      MAXIMUM CHANGE MODEL-(CELLID)        RESIDUAL    MAXIMUM RESIDUAL MODEL-(CELLID)
 --------------------------------------------------------------------------------------------------------------------------------------
          1          1          1 -5.93380004E-03                     1_GWF-(1,39,1) -1.69437521E-02                     1_GWF-(1,42,6)
 --------------------------------------------------------------------------------------------------------------------------------------


 
    Solving:  Stress period:     4    Time step:    36
 

 SLN_1 OUTER ITERATION SUMMARY
 ----------------------------------------------------------------------------------------------------------------------------------------------------------------
                                OUTER      INNER  BACKTRACK  BACKTRACK        INCOMING        OUTGOING                    STEP   MAXIMUM CHANGE MODEL-(CELLID) OR
 OUTER ITERATION STEP       ITERATION  ITERATION       FLAG ITERATIONS        RESIDUAL        RESIDUAL  MAXIMUM CHANGE SUCCESS             MODEL-PACKAGE-(NUMBER)
 ----------------------------------------------------------------------------------------------------------------------------------------------------------------
 Backtracking                       1                     0          0       163.32838       163.32838                       *                                   
 Model                              1          1                                                       -5.92530610E-03       *                     1_GWF-(1,39,1)
 ----------------------------------------------------------------------------------------------------------------------------------------------------------------


 1 CALLS TO NUMERICAL SOLUTION IN TIME STEP 36 STRESS PERIOD 4
 1 TOTAL ITERATIONS

 SLN_1 INNER ITERATION SUMMARY
 --------------------------------------------------------------------------------------------------------------------------------------
      TOTAL      OUTER      INNER                                                            MAXIMUM                                   
  ITERATION  ITERATION  ITERATION  MAXIMUM CHANGE      MAXIMUM CHANGE MODEL-(CELLID)        RESIDUAL    MAXIMUM RESIDUAL MODEL-(CELLID)
 --------------------------------------------------------------------------------------------------------------------------------------
          1          1          1 -5.92530610E-03                     1_GWF-(1,39,1) -1.69742877E-02                     1_GWF-(1,42,6)
 --------------------------------------------------------------------------------------------------------------------------------------


 
    Solving:  Stress period:     4    Time step:    37
 

 SLN_1 OUTER ITERATION SUMMARY
 ----------------------------------------------------------------------------------------------------------------------------------------------------------------
                                OUTER      INNER  BACKTRACK  BACKTRACK        INCOMING        OUTGOING                    STEP   MAXIMUM CHANGE MODEL-(CELLID) OR
 OUTER ITERATION STEP       ITERATION  ITERATION       FLAG ITERATIONS        RESIDUAL        RESIDUAL  MAXIMUM CHANGE SUCCESS             MODEL-PACKAGE-(NUMBER)
 ----------------------------------------------------------------------------------------------------------------------------------------------------------------
 Backtracking                       1                     0          0       163.62985       163.62985                       *                                   
 Model                              1          1                                                       -5.87286797E-03       *                     1_GWF-(1,39,1)
 ----------------------------------------------------------------------------------------------------------------------------------------------------------------


 1 CALLS TO NUMERICAL SOLUTION IN TIME STEP 37 STRESS PERIOD 4
 1 TOTAL ITERATIONS

 SLN_1 INNER ITERATION SUMMARY
 --------------------------------------------------------------------------------------------------------------------------------------
      TOTAL      OUTER      INNER                                                            MAXIMUM                                   
  ITERATION  ITERATION  ITERATION  MAXIMUM CHANGE      MAXIMUM CHANGE MODEL-(CELLID)        RESIDUAL    MAXIMUM RESIDUAL MODEL-(CELLID)
 --------------------------------------------------------------------------------------------------------------------------------------
          1          1          1 -5.87286797E-03                     1_GWF-(1,39,1) -1.68612678E-02                     1_GWF-(1,42,6)
 --------------------------------------------------------------------------------------------------------------------------------------


 
    Solving:  Stress period:     4    Time step:    38
 

 SLN_1 OUTER ITERATION SUMMARY
 ----------------------------------------------------------------------------------------------------------------------------------------------------------------
                                OUTER      INNER  BACKTRACK  BACKTRACK        INCOMING        OUTGOING                    STEP   MAXIMUM CHANGE MODEL-(CELLID) OR
 OUTER ITERATION STEP       ITERATION  ITERATION       FLAG ITERATIONS        RESIDUAL        RESIDUAL  MAXIMUM CHANGE SUCCESS             MODEL-PACKAGE-(NUMBER)
 ----------------------------------------------------------------------------------------------------------------------------------------------------------------
 Backtracking                       1                     0          0       162.74738       162.74738                       *                                   
 Model                              1          1                                                       -5.74132898E-03       *                     1_GWF-(1,47,5)
 ----------------------------------------------------------------------------------------------------------------------------------------------------------------


 1 CALLS TO NUMERICAL SOLUTION IN TIME STEP 38 STRESS PERIOD 4
 1 TOTAL ITERATIONS

 SLN_1 INNER ITERATION SUMMARY
 --------------------------------------------------------------------------------------------------------------------------------------
      TOTAL      OUTER      INNER                                                            MAXIMUM                                   
  ITERATION  ITERATION  ITERATION  MAXIMUM CHANGE      MAXIMUM CHANGE MODEL-(CELLID)        RESIDUAL    MAXIMUM RESIDUAL MODEL-(CELLID)
 --------------------------------------------------------------------------------------------------------------------------------------
          1          1          1 -5.74132898E-03                     1_GWF-(1,47,5) -1.64438760E-02                     1_GWF-(1,42,6)
 --------------------------------------------------------------------------------------------------------------------------------------


 
    Solving:  Stress period:     4    Time step:    39
 

 SLN_1 OUTER ITERATION SUMMARY
 ----------------------------------------------------------------------------------------------------------------------------------------------------------------
                                OUTER      INNER  BACKTRACK  BACKTRACK        INCOMING        OUTGOING                    STEP   MAXIMUM CHANGE MODEL-(CELLID) OR
 OUTER ITERATION STEP       ITERATION  ITERATION       FLAG ITERATIONS        RESIDUAL        RESIDUAL  MAXIMUM CHANGE SUCCESS             MODEL-PACKAGE-(NUMBER)
 ----------------------------------------------------------------------------------------------------------------------------------------------------------------
 Backtracking                       1                     0          0       161.62475       161.62475                       *                                   
 Model                              1          1                                                       -5.61928979E-03       *                     1_GWF-(1,47,5)
 ----------------------------------------------------------------------------------------------------------------------------------------------------------------


 1 CALLS TO NUMERICAL SOLUTION IN TIME STEP 39 STRESS PERIOD 4
 1 TOTAL ITERATIONS

 SLN_1 INNER ITERATION SUMMARY
 --------------------------------------------------------------------------------------------------------------------------------------
      TOTAL      OUTER      INNER                                                            MAXIMUM                                   
  ITERATION  ITERATION  ITERATION  MAXIMUM CHANGE      MAXIMUM CHANGE MODEL-(CELLID)        RESIDUAL    MAXIMUM RESIDUAL MODEL-(CELLID)
 --------------------------------------------------------------------------------------------------------------------------------------
          1          1          1 -5.61928979E-03                     1_GWF-(1,47,5) -1.59677499E-02                     1_GWF-(1,42,6)
 --------------------------------------------------------------------------------------------------------------------------------------


 
    Solving:  Stress period:     4    Time step:    40
 

 SLN_1 OUTER ITERATION SUMMARY
 ----------------------------------------------------------------------------------------------------------------------------------------------------------------
                                OUTER      INNER  BACKTRACK  BACKTRACK        INCOMING        OUTGOING                    STEP   MAXIMUM CHANGE MODEL-(CELLID) OR
 OUTER ITERATION STEP       ITERATION  ITERATION       FLAG ITERATIONS        RESIDUAL        RESIDUAL  MAXIMUM CHANGE SUCCESS             MODEL-PACKAGE-(NUMBER)
 ----------------------------------------------------------------------------------------------------------------------------------------------------------------
 Backtracking                       1                     0          0       159.16636       159.16636                       *                                   
 Model                              1          1                                                       -5.41760691E-03       *                     1_GWF-(1,47,5)
 ----------------------------------------------------------------------------------------------------------------------------------------------------------------


 1 CALLS TO NUMERICAL SOLUTION IN TIME STEP 40 STRESS PERIOD 4
 1 TOTAL ITERATIONS

 SLN_1 INNER ITERATION SUMMARY
 --------------------------------------------------------------------------------------------------------------------------------------
      TOTAL      OUTER      INNER                                                            MAXIMUM                                   
  ITERATION  ITERATION  ITERATION  MAXIMUM CHANGE      MAXIMUM CHANGE MODEL-(CELLID)        RESIDUAL    MAXIMUM RESIDUAL MODEL-(CELLID)
 --------------------------------------------------------------------------------------------------------------------------------------
          1          1          1 -5.41760691E-03                     1_GWF-(1,47,5) -1.51003745E-02                     1_GWF-(1,42,6)
 --------------------------------------------------------------------------------------------------------------------------------------


 
    Solving:  Stress period:     4    Time step:    41
 

 SLN_1 OUTER ITERATION SUMMARY
 ----------------------------------------------------------------------------------------------------------------------------------------------------------------
                                OUTER      INNER  BACKTRACK  BACKTRACK        INCOMING        OUTGOING                    STEP   MAXIMUM CHANGE MODEL-(CELLID) OR
 OUTER ITERATION STEP       ITERATION  ITERATION       FLAG ITERATIONS        RESIDUAL        RESIDUAL  MAXIMUM CHANGE SUCCESS             MODEL-PACKAGE-(NUMBER)
 ----------------------------------------------------------------------------------------------------------------------------------------------------------------
 Backtracking                       1                     0          0       156.62188       156.62188                       *                                   
 Model                              1          1                                                       -5.15912723E-03       *                     1_GWF-(1,47,5)
 ----------------------------------------------------------------------------------------------------------------------------------------------------------------


 1 CALLS TO NUMERICAL SOLUTION IN TIME STEP 41 STRESS PERIOD 4
 1 TOTAL ITERATIONS

 SLN_1 INNER ITERATION SUMMARY
 --------------------------------------------------------------------------------------------------------------------------------------
      TOTAL      OUTER      INNER                                                            MAXIMUM                                   
  ITERATION  ITERATION  ITERATION  MAXIMUM CHANGE      MAXIMUM CHANGE MODEL-(CELLID)        RESIDUAL    MAXIMUM RESIDUAL MODEL-(CELLID)
 --------------------------------------------------------------------------------------------------------------------------------------
          1          1          1 -5.15912723E-03                     1_GWF-(1,47,5) -1.42043320E-02                     1_GWF-(1,42,6)
 --------------------------------------------------------------------------------------------------------------------------------------


 
    Solving:  Stress period:     4    Time step:    42
 

 SLN_1 OUTER ITERATION SUMMARY
 ----------------------------------------------------------------------------------------------------------------------------------------------------------------
                                OUTER      INNER  BACKTRACK  BACKTRACK        INCOMING        OUTGOING                    STEP   MAXIMUM CHANGE MODEL-(CELLID) OR
 OUTER ITERATION STEP       ITERATION  ITERATION       FLAG ITERATIONS        RESIDUAL        RESIDUAL  MAXIMUM CHANGE SUCCESS             MODEL-PACKAGE-(NUMBER)
 ----------------------------------------------------------------------------------------------------------------------------------------------------------------
 Backtracking                       1                     0          0       154.98495       154.98495                       *                                   
 Model                              1          1                                                       -5.00259374E-03       *                    1_GWF-(1,32,18)
 ----------------------------------------------------------------------------------------------------------------------------------------------------------------


 1 CALLS TO NUMERICAL SOLUTION IN TIME STEP 42 STRESS PERIOD 4
 1 TOTAL ITERATIONS

 SLN_1 INNER ITERATION SUMMARY
 --------------------------------------------------------------------------------------------------------------------------------------
      TOTAL      OUTER      INNER                                                            MAXIMUM                                   
  ITERATION  ITERATION  ITERATION  MAXIMUM CHANGE      MAXIMUM CHANGE MODEL-(CELLID)        RESIDUAL    MAXIMUM RESIDUAL MODEL-(CELLID)
 --------------------------------------------------------------------------------------------------------------------------------------
          1          1          1 -5.00259374E-03                    1_GWF-(1,32,18) -1.36005342E-02                     1_GWF-(1,42,6)
 --------------------------------------------------------------------------------------------------------------------------------------


 
    Solving:  Stress period:     4    Time step:    43
 

 SLN_1 OUTER ITERATION SUMMARY
 ----------------------------------------------------------------------------------------------------------------------------------------------------------------
                                OUTER      INNER  BACKTRACK  BACKTRACK        INCOMING        OUTGOING                    STEP   MAXIMUM CHANGE MODEL-(CELLID) OR
 OUTER ITERATION STEP       ITERATION  ITERATION       FLAG ITERATIONS        RESIDUAL        RESIDUAL  MAXIMUM CHANGE SUCCESS             MODEL-PACKAGE-(NUMBER)
 ----------------------------------------------------------------------------------------------------------------------------------------------------------------
 Backtracking                       1                     0          0       153.88094       153.88094                       *                                   
 Model                              1          1                                                       -4.93907344E-03       *                    1_GWF-(1,32,18)
 ----------------------------------------------------------------------------------------------------------------------------------------------------------------


 1 CALLS TO NUMERICAL SOLUTION IN TIME STEP 43 STRESS PERIOD 4
 1 TOTAL ITERATIONS

 SLN_1 INNER ITERATION SUMMARY
 --------------------------------------------------------------------------------------------------------------------------------------
      TOTAL      OUTER      INNER                                                            MAXIMUM                                   
  ITERATION  ITERATION  ITERATION  MAXIMUM CHANGE      MAXIMUM CHANGE MODEL-(CELLID)        RESIDUAL    MAXIMUM RESIDUAL MODEL-(CELLID)
 --------------------------------------------------------------------------------------------------------------------------------------
          1          1          1 -4.93907344E-03                    1_GWF-(1,32,18) -1.33977131E-02                    1_GWF-(1,23,54)
 --------------------------------------------------------------------------------------------------------------------------------------


 
    Solving:  Stress period:     4    Time step:    44
 

 SLN_1 OUTER ITERATION SUMMARY
 ----------------------------------------------------------------------------------------------------------------------------------------------------------------
                                OUTER      INNER  BACKTRACK  BACKTRACK        INCOMING        OUTGOING                    STEP   MAXIMUM CHANGE MODEL-(CELLID) OR
 OUTER ITERATION STEP       ITERATION  ITERATION       FLAG ITERATIONS        RESIDUAL        RESIDUAL  MAXIMUM CHANGE SUCCESS             MODEL-PACKAGE-(NUMBER)
 ----------------------------------------------------------------------------------------------------------------------------------------------------------------
 Backtracking                       1                     0          0       152.65881       152.65881                       *                                   
 Model                              1          1                                                       -4.88158233E-03       *                    1_GWF-(1,31,18)
 ----------------------------------------------------------------------------------------------------------------------------------------------------------------


 1 CALLS TO NUMERICAL SOLUTION IN TIME STEP 44 STRESS PERIOD 4
 1 TOTAL ITERATIONS

 SLN_1 INNER ITERATION SUMMARY
 --------------------------------------------------------------------------------------------------------------------------------------
      TOTAL      OUTER      INNER                                                            MAXIMUM                                   
  ITERATION  ITERATION  ITERATION  MAXIMUM CHANGE      MAXIMUM CHANGE MODEL-(CELLID)        RESIDUAL    MAXIMUM RESIDUAL MODEL-(CELLID)
 --------------------------------------------------------------------------------------------------------------------------------------
          1          1          1 -4.88158233E-03                    1_GWF-(1,31,18) -1.35126175E-02                    1_GWF-(1,23,54)
 --------------------------------------------------------------------------------------------------------------------------------------


 
    Solving:  Stress period:     4    Time step:    45
 

 SLN_1 OUTER ITERATION SUMMARY
 ----------------------------------------------------------------------------------------------------------------------------------------------------------------
                                OUTER      INNER  BACKTRACK  BACKTRACK        INCOMING        OUTGOING                    STEP   MAXIMUM CHANGE MODEL-(CELLID) OR
 OUTER ITERATION STEP       ITERATION  ITERATION       FLAG ITERATIONS        RESIDUAL        RESIDUAL  MAXIMUM CHANGE SUCCESS             MODEL-PACKAGE-(NUMBER)
 ----------------------------------------------------------------------------------------------------------------------------------------------------------------
 Backtracking                       1                     0          0       152.05709       152.05709                       *                                   
 Model                              1          1                                                       -4.83649590E-03       *                    1_GWF-(1,31,19)
 ----------------------------------------------------------------------------------------------------------------------------------------------------------------


 1 CALLS TO NUMERICAL SOLUTION IN TIME STEP 45 STRESS PERIOD 4
 1 TOTAL ITERATIONS

 SLN_1 INNER ITERATION SUMMARY
 --------------------------------------------------------------------------------------------------------------------------------------
      TOTAL      OUTER      INNER                                                            MAXIMUM                                   
  ITERATION  ITERATION  ITERATION  MAXIMUM CHANGE      MAXIMUM CHANGE MODEL-(CELLID)        RESIDUAL    MAXIMUM RESIDUAL MODEL-(CELLID)
 --------------------------------------------------------------------------------------------------------------------------------------
          1          1          1 -4.83649590E-03                    1_GWF-(1,31,19) -1.36020251E-02                    1_GWF-(1,23,54)
 --------------------------------------------------------------------------------------------------------------------------------------


 
    Solving:  Stress period:     4    Time step:    46
 

 SLN_1 OUTER ITERATION SUMMARY
 ----------------------------------------------------------------------------------------------------------------------------------------------------------------
                                OUTER      INNER  BACKTRACK  BACKTRACK        INCOMING        OUTGOING                    STEP   MAXIMUM CHANGE MODEL-(CELLID) OR
 OUTER ITERATION STEP       ITERATION  ITERATION       FLAG ITERATIONS        RESIDUAL        RESIDUAL  MAXIMUM CHANGE SUCCESS             MODEL-PACKAGE-(NUMBER)
 ----------------------------------------------------------------------------------------------------------------------------------------------------------------
 Backtracking                       1                     0          0       152.02487       152.02487                       *                                   
 Model                              1          1                                                       -4.79456027E-03       *                    1_GWF-(1,31,19)
 ----------------------------------------------------------------------------------------------------------------------------------------------------------------


 1 CALLS TO NUMERICAL SOLUTION IN TIME STEP 46 STRESS PERIOD 4
 1 TOTAL ITERATIONS

 SLN_1 INNER ITERATION SUMMARY
 --------------------------------------------------------------------------------------------------------------------------------------
      TOTAL      OUTER      INNER                                                            MAXIMUM                                   
  ITERATION  ITERATION  ITERATION  MAXIMUM CHANGE      MAXIMUM CHANGE MODEL-(CELLID)        RESIDUAL    MAXIMUM RESIDUAL MODEL-(CELLID)
 --------------------------------------------------------------------------------------------------------------------------------------
          1          1          1 -4.79456027E-03                    1_GWF-(1,31,19) -1.36685406E-02                    1_GWF-(1,23,54)
 --------------------------------------------------------------------------------------------------------------------------------------


 
    Solving:  Stress period:     4    Time step:    47
 

 SLN_1 OUTER ITERATION SUMMARY
 ----------------------------------------------------------------------------------------------------------------------------------------------------------------
                                OUTER      INNER  BACKTRACK  BACKTRACK        INCOMING        OUTGOING                    STEP   MAXIMUM CHANGE MODEL-(CELLID) OR
 OUTER ITERATION STEP       ITERATION  ITERATION       FLAG ITERATIONS        RESIDUAL        RESIDUAL  MAXIMUM CHANGE SUCCESS             MODEL-PACKAGE-(NUMBER)
 ----------------------------------------------------------------------------------------------------------------------------------------------------------------
 Backtracking                       1                     0          0       149.85041       149.85041                       *                                   
 Model                              1          1                                                       -4.75467872E-03       *                    1_GWF-(1,30,19)
 ----------------------------------------------------------------------------------------------------------------------------------------------------------------


 1 CALLS TO NUMERICAL SOLUTION IN TIME STEP 47 STRESS PERIOD 4
 1 TOTAL ITERATIONS

 SLN_1 INNER ITERATION SUMMARY
 --------------------------------------------------------------------------------------------------------------------------------------
      TOTAL      OUTER      INNER                                                            MAXIMUM                                   
  ITERATION  ITERATION  ITERATION  MAXIMUM CHANGE      MAXIMUM CHANGE MODEL-(CELLID)        RESIDUAL    MAXIMUM RESIDUAL MODEL-(CELLID)
 --------------------------------------------------------------------------------------------------------------------------------------
          1          1          1 -4.75467872E-03                    1_GWF-(1,30,19) -1.37894370E-02                    1_GWF-(1,23,54)
 --------------------------------------------------------------------------------------------------------------------------------------


 
    Solving:  Stress period:     4    Time step:    48
 

 SLN_1 OUTER ITERATION SUMMARY
 ----------------------------------------------------------------------------------------------------------------------------------------------------------------
                                OUTER      INNER  BACKTRACK  BACKTRACK        INCOMING        OUTGOING                    STEP   MAXIMUM CHANGE MODEL-(CELLID) OR
 OUTER ITERATION STEP       ITERATION  ITERATION       FLAG ITERATIONS        RESIDUAL        RESIDUAL  MAXIMUM CHANGE SUCCESS             MODEL-PACKAGE-(NUMBER)
 ----------------------------------------------------------------------------------------------------------------------------------------------------------------
 Backtracking                       1                     0          0       146.97506       146.97506                       *                                   
 Model                              1          1                                                       -4.71415526E-03       *                    1_GWF-(1,30,20)
 ----------------------------------------------------------------------------------------------------------------------------------------------------------------


 1 CALLS TO NUMERICAL SOLUTION IN TIME STEP 48 STRESS PERIOD 4
 1 TOTAL ITERATIONS

 SLN_1 INNER ITERATION SUMMARY
 --------------------------------------------------------------------------------------------------------------------------------------
      TOTAL      OUTER      INNER                                                            MAXIMUM                                   
  ITERATION  ITERATION  ITERATION  MAXIMUM CHANGE      MAXIMUM CHANGE MODEL-(CELLID)        RESIDUAL    MAXIMUM RESIDUAL MODEL-(CELLID)
 --------------------------------------------------------------------------------------------------------------------------------------
          1          1          1 -4.71415526E-03                    1_GWF-(1,30,20) -1.39183268E-02                    1_GWF-(1,23,54)
 --------------------------------------------------------------------------------------------------------------------------------------


 
    Solving:  Stress period:     4    Time step:    49
 

 SLN_1 OUTER ITERATION SUMMARY
 ----------------------------------------------------------------------------------------------------------------------------------------------------------------
                                OUTER      INNER  BACKTRACK  BACKTRACK        INCOMING        OUTGOING                    STEP   MAXIMUM CHANGE MODEL-(CELLID) OR
 OUTER ITERATION STEP       ITERATION  ITERATION       FLAG ITERATIONS        RESIDUAL        RESIDUAL  MAXIMUM CHANGE SUCCESS             MODEL-PACKAGE-(NUMBER)
 ----------------------------------------------------------------------------------------------------------------------------------------------------------------
 Backtracking                       1                     0          0       144.92794       144.92794                       *                                   
 Model                              1          1                                                       -4.67169161E-03       *                    1_GWF-(1,30,20)
 ----------------------------------------------------------------------------------------------------------------------------------------------------------------


 1 CALLS TO NUMERICAL SOLUTION IN TIME STEP 49 STRESS PERIOD 4
 1 TOTAL ITERATIONS

 SLN_1 INNER ITERATION SUMMARY
 --------------------------------------------------------------------------------------------------------------------------------------
      TOTAL      OUTER      INNER                                                            MAXIMUM                                   
  ITERATION  ITERATION  ITERATION  MAXIMUM CHANGE      MAXIMUM CHANGE MODEL-(CELLID)        RESIDUAL    MAXIMUM RESIDUAL MODEL-(CELLID)
 --------------------------------------------------------------------------------------------------------------------------------------
          1          1          1 -4.67169161E-03                    1_GWF-(1,30,20) -1.40189268E-02                    1_GWF-(1,23,54)
 --------------------------------------------------------------------------------------------------------------------------------------


 
    Solving:  Stress period:     4    Time step:    50
 

 SLN_1 OUTER ITERATION SUMMARY
 ----------------------------------------------------------------------------------------------------------------------------------------------------------------
                                OUTER      INNER  BACKTRACK  BACKTRACK        INCOMING        OUTGOING                    STEP   MAXIMUM CHANGE MODEL-(CELLID) OR
 OUTER ITERATION STEP       ITERATION  ITERATION       FLAG ITERATIONS        RESIDUAL        RESIDUAL  MAXIMUM CHANGE SUCCESS             MODEL-PACKAGE-(NUMBER)
 ----------------------------------------------------------------------------------------------------------------------------------------------------------------
 Backtracking                       1                     0          0       142.08780       142.08780                       *                                   
 Model                              1          1                                                       -4.62918733E-03       *                    1_GWF-(1,29,20)
 ----------------------------------------------------------------------------------------------------------------------------------------------------------------


 1 CALLS TO NUMERICAL SOLUTION IN TIME STEP 50 STRESS PERIOD 4
 1 TOTAL ITERATIONS

 SLN_1 INNER ITERATION SUMMARY
 --------------------------------------------------------------------------------------------------------------------------------------
      TOTAL      OUTER      INNER                                                            MAXIMUM                                   
  ITERATION  ITERATION  ITERATION  MAXIMUM CHANGE      MAXIMUM CHANGE MODEL-(CELLID)        RESIDUAL    MAXIMUM RESIDUAL MODEL-(CELLID)
 --------------------------------------------------------------------------------------------------------------------------------------
          1          1          1 -4.62918733E-03                    1_GWF-(1,29,20) -1.41267861E-02                    1_GWF-(1,23,54)
 --------------------------------------------------------------------------------------------------------------------------------------


 
    Solving:  Stress period:     4    Time step:    51
 

 SLN_1 OUTER ITERATION SUMMARY
 ----------------------------------------------------------------------------------------------------------------------------------------------------------------
                                OUTER      INNER  BACKTRACK  BACKTRACK        INCOMING        OUTGOING                    STEP   MAXIMUM CHANGE MODEL-(CELLID) OR
 OUTER ITERATION STEP       ITERATION  ITERATION       FLAG ITERATIONS        RESIDUAL        RESIDUAL  MAXIMUM CHANGE SUCCESS             MODEL-PACKAGE-(NUMBER)
 ----------------------------------------------------------------------------------------------------------------------------------------------------------------
 Backtracking                       1                     0          0       139.37798       139.37798                       *                                   
 Model                              1          1                                                       -4.58312924E-03       *                    1_GWF-(1,29,21)
 ----------------------------------------------------------------------------------------------------------------------------------------------------------------


 1 CALLS TO NUMERICAL SOLUTION IN TIME STEP 51 STRESS PERIOD 4
 1 TOTAL ITERATIONS

 SLN_1 INNER ITERATION SUMMARY
 --------------------------------------------------------------------------------------------------------------------------------------
      TOTAL      OUTER      INNER                                                            MAXIMUM                                   
  ITERATION  ITERATION  ITERATION  MAXIMUM CHANGE      MAXIMUM CHANGE MODEL-(CELLID)        RESIDUAL    MAXIMUM RESIDUAL MODEL-(CELLID)
 --------------------------------------------------------------------------------------------------------------------------------------
          1          1          1 -4.58312924E-03                    1_GWF-(1,29,21) -1.42192257E-02                    1_GWF-(1,23,54)
 --------------------------------------------------------------------------------------------------------------------------------------


 
    Solving:  Stress period:     4    Time step:    52
 

 SLN_1 OUTER ITERATION SUMMARY
 ----------------------------------------------------------------------------------------------------------------------------------------------------------------
                                OUTER      INNER  BACKTRACK  BACKTRACK        INCOMING        OUTGOING                    STEP   MAXIMUM CHANGE MODEL-(CELLID) OR
 OUTER ITERATION STEP       ITERATION  ITERATION       FLAG ITERATIONS        RESIDUAL        RESIDUAL  MAXIMUM CHANGE SUCCESS             MODEL-PACKAGE-(NUMBER)
 ----------------------------------------------------------------------------------------------------------------------------------------------------------------
 Backtracking                       1                     0          0       137.46036       137.46036                       *                                   
 Model                              1          1                                                       -4.53533916E-03       *                    1_GWF-(1,29,21)
 ----------------------------------------------------------------------------------------------------------------------------------------------------------------


 1 CALLS TO NUMERICAL SOLUTION IN TIME STEP 52 STRESS PERIOD 4
 1 TOTAL ITERATIONS

 SLN_1 INNER ITERATION SUMMARY
 --------------------------------------------------------------------------------------------------------------------------------------
      TOTAL      OUTER      INNER                                                            MAXIMUM                                   
  ITERATION  ITERATION  ITERATION  MAXIMUM CHANGE      MAXIMUM CHANGE MODEL-(CELLID)        RESIDUAL    MAXIMUM RESIDUAL MODEL-(CELLID)
 --------------------------------------------------------------------------------------------------------------------------------------
          1          1          1 -4.53533916E-03                    1_GWF-(1,29,21) -1.42829800E-02                    1_GWF-(1,23,54)
 --------------------------------------------------------------------------------------------------------------------------------------



 MEMORY MANAGER TOTAL STORAGE BY DATA TYPE, IN MEGABYTES
 -------------------------------
                    ALLOCATED   
 DATA TYPE           MEMORY     
 -------------------------------
 Character        3.03300000E-03
 Logical          4.40000000E-05
 Integer          1.1109240     
 Real             1.8685440     
 -------------------------------
 Total            2.9825450     
 -------------------------------


 
 Run end date and time (yyyy/mm/dd hh:mm:ss): 2025/11/05 22:14:42
 Elapsed run time: 11.470 Seconds
 Normal termination of simulation.
