                                   MODFLOW 6
                U.S. GEOLOGICAL SURVEY MODULAR HYDROLOGIC MODEL
                   VERSION 6.3.0 release candidate 02/06/2022
                               ***DEVELOP MODE***

   MODFLOW 6 compiled Feb 06 2022 02:35:51 with Intel(R) Fortran Intel(R) 64
   Compiler Classic for applications running on Intel(R) 64, Version 2021.5.0
                             Build 20211109_000000

This software is preliminary or provisional and is subject to 
revision. It is being provided to meet the need for timely best 
science. The software has not received final approval by the U.S. 
Geological Survey (USGS). No warranty, expressed or implied, is made 
by the USGS or the U.S. Government as to the functionality of the 
software and related material nor shall the fact of release 
constitute any such warranty. The software is provided on the 
condition that neither the USGS nor the U.S. Government shall be held 
liable for any damages resulting from the authorized or unauthorized 
use of the software.


As a work of the United States Government, this USGS product is 
in the public domain within the United States. You can copy, 
modify, distribute, and perform the work, even for commercial 
purposes, all without asking permission. Additionally, USGS 
waives copyright and related rights in the work worldwide 
through CC0 1.0 Universal Public Domain Dedication 
(https://creativecommons.org/publicdomain/zero/1.0/).

The following GNU Lesser General Public License (LGPL) libraries
are used in this USGS product:

    SPARSKIT version 2.0
      ilut, luson, and qsplit 
      (https://www-users.cse.umn.edu/~saad/software/SPARSKIT/)

    RCM - Reverse Cuthill McKee Ordering
      (https://people.math.sc.edu/Burkardt/f_src/rcm/rcm.html)

    BLAS - Basic Linear Algebra Subprograms Level 1
      (https://people.math.sc.edu/Burkardt/f_src/blas1_d/blas1_d.html)

    SPARSEKIT - Sparse Matrix Utility Package
      amux, dperm, dvperm, rperm, and cperm
      (https://people.sc.fsu.edu/~jburkardt/f77_src/sparsekit/sparsekit.html)

The following BSD-3 License libraries are used in this USGS product:

    Modern Fortran DAG Library
      Copyright (c) 2018, Jacob Williams
      All rights reserved.
      (https://github.com/jacobwilliams/daglib)

MODFLOW 6 compiler options: /O2 /heap-arrays:0 /fpe:0 /traceback /nologo /fpp
/c /module:.\mod_temp\ /object:.\obj_temp\

System command used to initiate simulation:
C:\Users\tfo46\e_Python\e_projects\pakipaki_01\models\local_run14\local_run14\mf6.exe

MODFLOW was compiled using uniform precision.

Real Variables
  KIND: 8
  TINY (smallest non-zero value):    2.225074-308
  HUGE (largest value):    1.797693+308
  PRECISION: 15
  BIT SIZE: 64

Integer Variables
  KIND: 4
  HUGE (largest value): 2147483647
  BIT SIZE: 32

Long Integer Variables
  KIND: 8
  HUGE (largest value): 9223372036854775807
  BIT SIZE: 64

Logical Variables
  KIND: 4
  BIT SIZE: 32
 

 OPENED mfsim.nam
 FILE TYPE:NAM   UNIT 1001   STATUS:OLD                 
 FORMAT:FORMATTED              ACCESS:SEQUENTIAL          
 ACTION:READ                

 # File generated by Flopy version 3.9.3 on 11/02/2025 at 08:07:39.

 READING SIMULATION OPTIONS
 END OF SIMULATION OPTIONS

 READING SIMULATION TIMING

 OPENED local_run14.tdis
 FILE TYPE:TDIS   UNIT 1002   STATUS:OLD                 
 FORMAT:FORMATTED              ACCESS:SEQUENTIAL          
 ACTION:READ                


 TDIS -- TEMPORAL DISCRETIZATION PACKAGE,
 VERSION 1 : 11/13/2014 - INPUT READ FROM UNIT 1002
 # File generated by Flopy version 3.9.3 on 11/02/2025 at 08:07:39.
 PROCESSING TDIS OPTIONS
    SIMULATION TIME UNIT IS DAYS
    SIMULATION STARTING DATE AND TIME IS 2023-12-06                    
 END OF TDIS OPTIONS
 PROCESSING TDIS DIMENSIONS
    4 STRESS PERIOD(S) IN SIMULATION
 END OF TDIS DIMENSIONS
 PROCESSING TDIS PERIODDATA


 STRESS PERIOD     LENGTH       TIME STEPS     MULTIPLIER FOR DELT
 ----------------------------------------------------------------------------
        1         1.000000          1                    1.000
        2         52.00000         52                    1.000
        3         1.000000          1                    1.000
        4         52.00000         52                    1.000
 END OF TDIS PERIODDATA
 END OF SIMULATION TIMING

 READING SIMULATION MODELS
    GWF6 model LOCAL_RUN14 will be created as model 1
 END OF SIMULATION MODELS

 READING SIMULATION EXCHANGES
 END OF SIMULATION EXCHANGES

 READING SOLUTIONGROUP

 Creating solution: SLN_1           

 OPENED local_run14.ims
 FILE TYPE:IMS   UNIT 1015   STATUS:OLD                 
 FORMAT:FORMATTED              ACCESS:SEQUENTIAL          
 ACTION:READ                

 END OF SIMULATION SOLUTIONGROUP

PROCESSING MODEL CONNECTIONS

 IMS -- ITERATIVE MODEL SOLUTION PACKAGE, VERSION 6, 4/28/2017
         INPUT READ FROM UNIT 1015
 # File generated by Flopy version 3.9.3 on 11/02/2025 at 08:07:39.

 PROCESSING IMS OPTIONS
 COMPLEX OPTION:
 DEFAULT SOLVER INPUT VALUES REFLECT STRONGLY NONLINEAR MODEL
 END OF IMS OPTIONS
 **UNDER-RELAXATION WILL BE USED***
 
 ***IMS LINEAR SOLVER WILL BE USED***

 IMSLINEAR -- UNSTRUCTURED LINEAR SOLUTION PACKAGE, VERSION 8, 04/28/2017
 
 An asymmetric matrix will be solved

 OUTER ITERATION CONVERGENCE CRITERION    (DVCLOSE) =    0.100000E+00
 MAXIMUM NUMBER OF OUTER ITERATIONS        (MXITER) = 100
 SOLVER PRINTOUT INDEX                     (IPRIMS) = 2
 NONLINEAR ITERATION METHOD            (NONLINMETH) = 3
 LINEAR SOLUTION METHOD                   (LINMETH) = 1
 UNDER-RELAXATION WEIGHT REDUCTION FACTOR   (THETA) =    0.800000E+00
 UNDER-RELAXATION WEIGHT INCREASE INCREMENT (KAPPA) =    0.100000E-03
 UNDER-RELAXATION PREVIOUS HISTORY FACTOR   (GAMMA) =    0.000000E+00
 UNDER-RELAXATION MOMENTUM TERM         (AMOMENTUM) =    0.000000E+00
 MAXIMUM NUMBER OF BACKTRACKS            (NUMTRACK) = 20
 BACKTRACKING TOLERANCE FACTOR               (BTOL) =    0.105000E+01
 BACKTRACKING REDUCTION FACTOR             (BREDUC) =    0.100000E+00
 BACKTRACKING RESIDUAL LIMIT              (RES_LIM) =    0.200000E-02

       SOLUTION BY THE BICONJUGATE-GRADIENT STABILIZED METHOD
 ------------------------------------------------------------------
 MAXIMUM OF 100 CALLS OF SOLUTION ROUTINE
 MAXIMUM OF 500 INTERNAL ITERATIONS PER CALL TO SOLUTION ROUTINE
 LINEAR ACCELERATION METHOD            = BCGS      
 MATRIX PRECONDITIONING TYPE           = INCOMPLETE LUT      
 MATRIX SCALING APPROACH               = NO SCALING          
 MATRIX REORDERING APPROACH            = ORIGINAL ORDERING        
 NUMBER OF ORTHOGONALIZATIONS          = 2
 HEAD CHANGE CRITERION FOR CLOSURE     =    0.10000E+00
 RESIDUAL CHANGE CRITERION FOR CLOSURE =    0.10000E+00
 RESIDUAL CONVERGENCE OPTION           = 0
 RESIDUAL CONVERGENCE NORM             = INFINITY NORM   
 RELAXATION FACTOR                     =    0.00000E+00
 NUMBER OF LEVELS                      =              5
 DROP TOLERANCE                        =    0.10000E-03


 
    Solving:  Stress period:     1    Time step:     1
 
1
                            STRESS PERIOD NO. 1, LENGTH =   1.000000    
                            -----------------------------------------------
                            NUMBER OF TIME STEPS = 1
                            MULTIPLIER FOR DELT =     1.000
                            INITIAL TIME STEP SIZE =   1.000000    

 SLN_1 OUTER ITERATION SUMMARY
 ----------------------------------------------------------------------------------------------------------------------------------------------------------------
                                OUTER      INNER  BACKTRACK  BACKTRACK        INCOMING        OUTGOING                    STEP   MAXIMUM CHANGE MODEL-(CELLID) OR
 OUTER ITERATION STEP       ITERATION  ITERATION       FLAG ITERATIONS        RESIDUAL        RESIDUAL  MAXIMUM CHANGE SUCCESS             MODEL-PACKAGE-(NUMBER)
 ----------------------------------------------------------------------------------------------------------------------------------------------------------------
 Backtracking                       1                     0          0       3124.2046       3124.2046                       *                                   
 Model                              1          6                                                            -2.7805901                            1_GWF-(1,24,41)
 Backtracking                       2                     0          0      0.63373597      0.63373597                       *                                   
 Model                              2          1                                                        1.16171905E-02       *                     1_GWF-(1,4,25)
 ----------------------------------------------------------------------------------------------------------------------------------------------------------------


 2 CALLS TO NUMERICAL SOLUTION IN TIME STEP 1 STRESS PERIOD 1
 7 TOTAL ITERATIONS

 SLN_1 INNER ITERATION SUMMARY
 --------------------------------------------------------------------------------------------------------------------------------------
      TOTAL      OUTER      INNER                                                            MAXIMUM                                   
  ITERATION  ITERATION  ITERATION  MAXIMUM CHANGE      MAXIMUM CHANGE MODEL-(CELLID)        RESIDUAL    MAXIMUM RESIDUAL MODEL-(CELLID)
 --------------------------------------------------------------------------------------------------------------------------------------
          1          1          1      -2.7206771                    1_GWF-(1,24,41)       11.768657                    1_GWF-(1,33,31)
          2          1          2      0.59234477                     1_GWF-(1,3,29)      -4.3803491                     1_GWF-(1,3,28)
          3          1          3      0.33924367                     1_GWF-(1,3,30)      -2.0677988                     1_GWF-(1,3,28)
          4          1          4      0.22129894                     1_GWF-(1,3,29)     -0.85568832                     1_GWF-(1,3,28)
          5          1          5      0.10370543                     1_GWF-(1,3,28)     -0.35522478                     1_GWF-(1,3,28)
          6          1          6  6.08691145E-02                     1_GWF-(1,3,28) -7.11163387E-02                     1_GWF-(1,5,22)
          7          2          1  1.16171905E-02                     1_GWF-(1,4,25) -1.73706502E-02                     1_GWF-(1,3,28)
 --------------------------------------------------------------------------------------------------------------------------------------


 
    Solving:  Stress period:     2    Time step:     1
 
1
                            STRESS PERIOD NO. 2, LENGTH =   52.00000    
                            -----------------------------------------------
                            NUMBER OF TIME STEPS = 52
                            MULTIPLIER FOR DELT =     1.000
                            INITIAL TIME STEP SIZE =   1.000000    

 SLN_1 OUTER ITERATION SUMMARY
 ----------------------------------------------------------------------------------------------------------------------------------------------------------------
                                OUTER      INNER  BACKTRACK  BACKTRACK        INCOMING        OUTGOING                    STEP   MAXIMUM CHANGE MODEL-(CELLID) OR
 OUTER ITERATION STEP       ITERATION  ITERATION       FLAG ITERATIONS        RESIDUAL        RESIDUAL  MAXIMUM CHANGE SUCCESS             MODEL-PACKAGE-(NUMBER)
 ----------------------------------------------------------------------------------------------------------------------------------------------------------------
 Backtracking                       1                     0          0       9956.1009       9956.1009                       *                                   
 Model                              1          2                                                            -7.0653829                            1_GWF-(1,29,39)
 Backtracking                       2                     0          0  9.41033018E-03  9.41033018E-03                       *                                   
 Model                              2          1                                                       -5.15273773E-06       *                    1_GWF-(1,18,30)
 ----------------------------------------------------------------------------------------------------------------------------------------------------------------


 2 CALLS TO NUMERICAL SOLUTION IN TIME STEP 1 STRESS PERIOD 2
 3 TOTAL ITERATIONS

 SLN_1 INNER ITERATION SUMMARY
 --------------------------------------------------------------------------------------------------------------------------------------
      TOTAL      OUTER      INNER                                                            MAXIMUM                                   
  ITERATION  ITERATION  ITERATION  MAXIMUM CHANGE      MAXIMUM CHANGE MODEL-(CELLID)        RESIDUAL    MAXIMUM RESIDUAL MODEL-(CELLID)
 --------------------------------------------------------------------------------------------------------------------------------------
          1          1          1      -7.0627949                    1_GWF-(1,29,39)      0.78726379                    1_GWF-(1,13,43)
          2          1          2 -3.21592953E-03                    1_GWF-(1,19,36)  7.59476228E-04                    1_GWF-(1,16,37)
          3          2          1 -5.15273773E-06                    1_GWF-(1,18,30)  1.41068061E-06                    1_GWF-(1,14,38)
 --------------------------------------------------------------------------------------------------------------------------------------


 
    Solving:  Stress period:     2    Time step:     2
 

 SLN_1 OUTER ITERATION SUMMARY
 ----------------------------------------------------------------------------------------------------------------------------------------------------------------
                                OUTER      INNER  BACKTRACK  BACKTRACK        INCOMING        OUTGOING                    STEP   MAXIMUM CHANGE MODEL-(CELLID) OR
 OUTER ITERATION STEP       ITERATION  ITERATION       FLAG ITERATIONS        RESIDUAL        RESIDUAL  MAXIMUM CHANGE SUCCESS             MODEL-PACKAGE-(NUMBER)
 ----------------------------------------------------------------------------------------------------------------------------------------------------------------
 Backtracking                       1                     0          0       3665.4245       3665.4245                       *                                   
 Model                              1          2                                                            -1.6153104                            1_GWF-(1,14,44)
 Backtracking                       2                     0          0  4.99162766E-03  4.99162766E-03                       *                                   
 Model                              2          1                                                       -2.28392004E-06       *                    1_GWF-(1,14,37)
 ----------------------------------------------------------------------------------------------------------------------------------------------------------------


 2 CALLS TO NUMERICAL SOLUTION IN TIME STEP 2 STRESS PERIOD 2
 3 TOTAL ITERATIONS

 SLN_1 INNER ITERATION SUMMARY
 --------------------------------------------------------------------------------------------------------------------------------------
      TOTAL      OUTER      INNER                                                            MAXIMUM                                   
  ITERATION  ITERATION  ITERATION  MAXIMUM CHANGE      MAXIMUM CHANGE MODEL-(CELLID)        RESIDUAL    MAXIMUM RESIDUAL MODEL-(CELLID)
 --------------------------------------------------------------------------------------------------------------------------------------
          1          1          1      -1.6142821                    1_GWF-(1,14,44)      0.33133434                    1_GWF-(1,12,43)
          2          1          2 -1.85310624E-03                    1_GWF-(1,19,35) -4.64355327E-04                    1_GWF-(1,43,36)
          3          2          1 -2.28392004E-06                    1_GWF-(1,14,37)  9.39534019E-07                    1_GWF-(1,16,37)
 --------------------------------------------------------------------------------------------------------------------------------------


 
    Solving:  Stress period:     2    Time step:     3
 

 SLN_1 OUTER ITERATION SUMMARY
 ----------------------------------------------------------------------------------------------------------------------------------------------------------------
                                OUTER      INNER  BACKTRACK  BACKTRACK        INCOMING        OUTGOING                    STEP   MAXIMUM CHANGE MODEL-(CELLID) OR
 OUTER ITERATION STEP       ITERATION  ITERATION       FLAG ITERATIONS        RESIDUAL        RESIDUAL  MAXIMUM CHANGE SUCCESS             MODEL-PACKAGE-(NUMBER)
 ----------------------------------------------------------------------------------------------------------------------------------------------------------------
 Backtracking                       1                     0          0       2516.4547       2516.4547                       *                                   
 Model                              1          2                                                            -1.1295536                            1_GWF-(1,16,45)
 Backtracking                       2                     0          0  3.25765329E-03  3.25765329E-03                       *                                   
 Model                              2          1                                                       -1.28200185E-06       *                    1_GWF-(1,15,28)
 ----------------------------------------------------------------------------------------------------------------------------------------------------------------


 2 CALLS TO NUMERICAL SOLUTION IN TIME STEP 3 STRESS PERIOD 2
 3 TOTAL ITERATIONS

 SLN_1 INNER ITERATION SUMMARY
 --------------------------------------------------------------------------------------------------------------------------------------
      TOTAL      OUTER      INNER                                                            MAXIMUM                                   
  ITERATION  ITERATION  ITERATION  MAXIMUM CHANGE      MAXIMUM CHANGE MODEL-(CELLID)        RESIDUAL    MAXIMUM RESIDUAL MODEL-(CELLID)
 --------------------------------------------------------------------------------------------------------------------------------------
          1          1          1      -1.1293416                    1_GWF-(1,16,45)     -0.19719201                    1_GWF-(1,43,36)
          2          1          2 -1.15395295E-03                    1_GWF-(1,18,34) -3.69341169E-04                    1_GWF-(1,43,36)
          3          2          1 -1.28200185E-06                    1_GWF-(1,15,28)  5.96624032E-07                    1_GWF-(1,40,38)
 --------------------------------------------------------------------------------------------------------------------------------------


 
    Solving:  Stress period:     2    Time step:     4
 

 SLN_1 OUTER ITERATION SUMMARY
 ----------------------------------------------------------------------------------------------------------------------------------------------------------------
                                OUTER      INNER  BACKTRACK  BACKTRACK        INCOMING        OUTGOING                    STEP   MAXIMUM CHANGE MODEL-(CELLID) OR
 OUTER ITERATION STEP       ITERATION  ITERATION       FLAG ITERATIONS        RESIDUAL        RESIDUAL  MAXIMUM CHANGE SUCCESS             MODEL-PACKAGE-(NUMBER)
 ----------------------------------------------------------------------------------------------------------------------------------------------------------------
 Backtracking                       1                     0          0       2009.0217       2009.0217                       *                                   
 Model                              1          2                                                           -0.88437907                            1_GWF-(1,12,46)
 Backtracking                       2                     0          0  2.63866681E-03  2.63866681E-03                       *                                   
 Model                              2          1                                                       -1.11737161E-06       *                     1_GWF-(1,3,36)
 ----------------------------------------------------------------------------------------------------------------------------------------------------------------


 2 CALLS TO NUMERICAL SOLUTION IN TIME STEP 4 STRESS PERIOD 2
 3 TOTAL ITERATIONS

 SLN_1 INNER ITERATION SUMMARY
 --------------------------------------------------------------------------------------------------------------------------------------
      TOTAL      OUTER      INNER                                                            MAXIMUM                                   
  ITERATION  ITERATION  ITERATION  MAXIMUM CHANGE      MAXIMUM CHANGE MODEL-(CELLID)        RESIDUAL    MAXIMUM RESIDUAL MODEL-(CELLID)
 --------------------------------------------------------------------------------------------------------------------------------------
          1          1          1     -0.88410030                    1_GWF-(1,12,46)     -0.13380757                    1_GWF-(1,12,54)
          2          1          2 -9.45028118E-04                     1_GWF-(1,47,5) -2.37386480E-04                    1_GWF-(1,12,54)
          3          2          1 -1.11737161E-06                     1_GWF-(1,3,36)  4.31614402E-07                     1_GWF-(1,3,37)
 --------------------------------------------------------------------------------------------------------------------------------------


 
    Solving:  Stress period:     2    Time step:     5
 

 SLN_1 OUTER ITERATION SUMMARY
 ----------------------------------------------------------------------------------------------------------------------------------------------------------------
                                OUTER      INNER  BACKTRACK  BACKTRACK        INCOMING        OUTGOING                    STEP   MAXIMUM CHANGE MODEL-(CELLID) OR
 OUTER ITERATION STEP       ITERATION  ITERATION       FLAG ITERATIONS        RESIDUAL        RESIDUAL  MAXIMUM CHANGE SUCCESS             MODEL-PACKAGE-(NUMBER)
 ----------------------------------------------------------------------------------------------------------------------------------------------------------------
 Backtracking                       1                     0          0       1691.2629       1691.2629                       *                                   
 Model                              1          2                                                           -0.74584755                            1_GWF-(1,10,47)
 Backtracking                       2                     0          0  2.26056032E-03  2.26056032E-03                       *                                   
 Model                              2          1                                                       -1.04763901E-06       *                     1_GWF-(1,3,36)
 ----------------------------------------------------------------------------------------------------------------------------------------------------------------


 2 CALLS TO NUMERICAL SOLUTION IN TIME STEP 5 STRESS PERIOD 2
 3 TOTAL ITERATIONS

 SLN_1 INNER ITERATION SUMMARY
 --------------------------------------------------------------------------------------------------------------------------------------
      TOTAL      OUTER      INNER                                                            MAXIMUM                                   
  ITERATION  ITERATION  ITERATION  MAXIMUM CHANGE      MAXIMUM CHANGE MODEL-(CELLID)        RESIDUAL    MAXIMUM RESIDUAL MODEL-(CELLID)
 --------------------------------------------------------------------------------------------------------------------------------------
          1          1          1     -0.74563201                    1_GWF-(1,10,47)     -0.12106215                    1_GWF-(1,12,54)
          2          1          2 -7.07885677E-04                     1_GWF-(1,47,5) -1.97701958E-04                     1_GWF-(1,8,51)
          3          2          1 -1.04763901E-06                     1_GWF-(1,3,36)  4.05705943E-07                     1_GWF-(1,3,37)
 --------------------------------------------------------------------------------------------------------------------------------------


 
    Solving:  Stress period:     2    Time step:     6
 

 SLN_1 OUTER ITERATION SUMMARY
 ----------------------------------------------------------------------------------------------------------------------------------------------------------------
                                OUTER      INNER  BACKTRACK  BACKTRACK        INCOMING        OUTGOING                    STEP   MAXIMUM CHANGE MODEL-(CELLID) OR
 OUTER ITERATION STEP       ITERATION  ITERATION       FLAG ITERATIONS        RESIDUAL        RESIDUAL  MAXIMUM CHANGE SUCCESS             MODEL-PACKAGE-(NUMBER)
 ----------------------------------------------------------------------------------------------------------------------------------------------------------------
 Backtracking                       1                     0          0       1466.3354       1466.3354                       *                                   
 Model                              1          2                                                           -0.66282817                             1_GWF-(1,6,51)
 Backtracking                       2                     0          0  1.96553236E-03  1.96553236E-03                       *                                   
 Model                              2          1                                                       -9.56740113E-07       *                     1_GWF-(1,3,36)
 ----------------------------------------------------------------------------------------------------------------------------------------------------------------


 2 CALLS TO NUMERICAL SOLUTION IN TIME STEP 6 STRESS PERIOD 2
 3 TOTAL ITERATIONS

 SLN_1 INNER ITERATION SUMMARY
 --------------------------------------------------------------------------------------------------------------------------------------
      TOTAL      OUTER      INNER                                                            MAXIMUM                                   
  ITERATION  ITERATION  ITERATION  MAXIMUM CHANGE      MAXIMUM CHANGE MODEL-(CELLID)        RESIDUAL    MAXIMUM RESIDUAL MODEL-(CELLID)
 --------------------------------------------------------------------------------------------------------------------------------------
          1          1          1     -0.66256473                     1_GWF-(1,6,51)     -0.10595327                    1_GWF-(1,12,54)
          2          1          2 -5.78125548E-04                    1_GWF-(1,16,32) -1.77931512E-04                     1_GWF-(1,7,50)
          3          2          1 -9.56740113E-07                     1_GWF-(1,3,36)  3.70147402E-07                     1_GWF-(1,3,37)
 --------------------------------------------------------------------------------------------------------------------------------------


 
    Solving:  Stress period:     2    Time step:     7
 

 SLN_1 OUTER ITERATION SUMMARY
 ----------------------------------------------------------------------------------------------------------------------------------------------------------------
                                OUTER      INNER  BACKTRACK  BACKTRACK        INCOMING        OUTGOING                    STEP   MAXIMUM CHANGE MODEL-(CELLID) OR
 OUTER ITERATION STEP       ITERATION  ITERATION       FLAG ITERATIONS        RESIDUAL        RESIDUAL  MAXIMUM CHANGE SUCCESS             MODEL-PACKAGE-(NUMBER)
 ----------------------------------------------------------------------------------------------------------------------------------------------------------------
 Backtracking                       1                     0          0       1297.2545       1297.2545                       *                                   
 Model                              1          2                                                           -0.62366310                             1_GWF-(1,6,52)
 Backtracking                       2                     0          0  1.72315289E-03  1.72315289E-03                       *                                   
 Model                              2          1                                                       -8.71300637E-07       *                     1_GWF-(1,3,35)
 ----------------------------------------------------------------------------------------------------------------------------------------------------------------


 2 CALLS TO NUMERICAL SOLUTION IN TIME STEP 7 STRESS PERIOD 2
 3 TOTAL ITERATIONS

 SLN_1 INNER ITERATION SUMMARY
 --------------------------------------------------------------------------------------------------------------------------------------
      TOTAL      OUTER      INNER                                                            MAXIMUM                                   
  ITERATION  ITERATION  ITERATION  MAXIMUM CHANGE      MAXIMUM CHANGE MODEL-(CELLID)        RESIDUAL    MAXIMUM RESIDUAL MODEL-(CELLID)
 --------------------------------------------------------------------------------------------------------------------------------------
          1          1          1     -0.62333446                     1_GWF-(1,6,52) -9.36023474E-02                    1_GWF-(1,41,36)
          2          1          2 -4.98838843E-04                    1_GWF-(1,15,32) -1.64052183E-04                     1_GWF-(1,7,50)
          3          2          1 -8.71300637E-07                     1_GWF-(1,3,35)  3.34085984E-07                     1_GWF-(1,3,37)
 --------------------------------------------------------------------------------------------------------------------------------------


 
    Solving:  Stress period:     2    Time step:     8
 

 SLN_1 OUTER ITERATION SUMMARY
 ----------------------------------------------------------------------------------------------------------------------------------------------------------------
                                OUTER      INNER  BACKTRACK  BACKTRACK        INCOMING        OUTGOING                    STEP   MAXIMUM CHANGE MODEL-(CELLID) OR
 OUTER ITERATION STEP       ITERATION  ITERATION       FLAG ITERATIONS        RESIDUAL        RESIDUAL  MAXIMUM CHANGE SUCCESS             MODEL-PACKAGE-(NUMBER)
 ----------------------------------------------------------------------------------------------------------------------------------------------------------------
 Backtracking                       1                     0          0       1165.2606       1165.2606                       *                                   
 Model                              1          2                                                           -0.57622367                             1_GWF-(1,6,52)
 Backtracking                       2                     0          0  1.52278562E-03  1.52278562E-03                       *                                   
 Model                              2          1                                                       -7.96930532E-07       *                     1_GWF-(1,3,35)
 ----------------------------------------------------------------------------------------------------------------------------------------------------------------


 2 CALLS TO NUMERICAL SOLUTION IN TIME STEP 8 STRESS PERIOD 2
 3 TOTAL ITERATIONS

 SLN_1 INNER ITERATION SUMMARY
 --------------------------------------------------------------------------------------------------------------------------------------
      TOTAL      OUTER      INNER                                                            MAXIMUM                                   
  ITERATION  ITERATION  ITERATION  MAXIMUM CHANGE      MAXIMUM CHANGE MODEL-(CELLID)        RESIDUAL    MAXIMUM RESIDUAL MODEL-(CELLID)
 --------------------------------------------------------------------------------------------------------------------------------------
          1          1          1     -0.57594332                     1_GWF-(1,6,52) -9.07091051E-02                    1_GWF-(1,41,36)
          2          1          2  4.81321441E-04                    1_GWF-(1,41,36) -1.49425790E-04                     1_GWF-(1,7,50)
          3          2          1 -7.96930533E-07                     1_GWF-(1,3,35)  3.01107612E-07                     1_GWF-(1,3,37)
 --------------------------------------------------------------------------------------------------------------------------------------


 
    Solving:  Stress period:     2    Time step:     9
 

 SLN_1 OUTER ITERATION SUMMARY
 ----------------------------------------------------------------------------------------------------------------------------------------------------------------
                                OUTER      INNER  BACKTRACK  BACKTRACK        INCOMING        OUTGOING                    STEP   MAXIMUM CHANGE MODEL-(CELLID) OR
 OUTER ITERATION STEP       ITERATION  ITERATION       FLAG ITERATIONS        RESIDUAL        RESIDUAL  MAXIMUM CHANGE SUCCESS             MODEL-PACKAGE-(NUMBER)
 ----------------------------------------------------------------------------------------------------------------------------------------------------------------
 Backtracking                       1                     0          0       1059.3561       1059.3561                       *                                   
 Model                              1          2                                                           -0.52506755                             1_GWF-(1,6,52)
 Backtracking                       2                     0          0  1.35613221E-03  1.35613221E-03                       *                                   
 Model                              2          1                                                       -7.29320865E-07       *                     1_GWF-(1,3,35)
 ----------------------------------------------------------------------------------------------------------------------------------------------------------------


 2 CALLS TO NUMERICAL SOLUTION IN TIME STEP 9 STRESS PERIOD 2
 3 TOTAL ITERATIONS

 SLN_1 INNER ITERATION SUMMARY
 --------------------------------------------------------------------------------------------------------------------------------------
      TOTAL      OUTER      INNER                                                            MAXIMUM                                   
  ITERATION  ITERATION  ITERATION  MAXIMUM CHANGE      MAXIMUM CHANGE MODEL-(CELLID)        RESIDUAL    MAXIMUM RESIDUAL MODEL-(CELLID)
 --------------------------------------------------------------------------------------------------------------------------------------
          1          1          1     -0.52483310                     1_GWF-(1,6,52) -8.61038985E-02                    1_GWF-(1,41,36)
          2          1          2  4.59215346E-04                    1_GWF-(1,41,36) -1.34577090E-04                     1_GWF-(1,7,50)
          3          2          1 -7.29320866E-07                     1_GWF-(1,3,35)  2.72133537E-07                     1_GWF-(1,3,37)
 --------------------------------------------------------------------------------------------------------------------------------------


 
    Solving:  Stress period:     2    Time step:    10
 

 SLN_1 OUTER ITERATION SUMMARY
 ----------------------------------------------------------------------------------------------------------------------------------------------------------------
                                OUTER      INNER  BACKTRACK  BACKTRACK        INCOMING        OUTGOING                    STEP   MAXIMUM CHANGE MODEL-(CELLID) OR
 OUTER ITERATION STEP       ITERATION  ITERATION       FLAG ITERATIONS        RESIDUAL        RESIDUAL  MAXIMUM CHANGE SUCCESS             MODEL-PACKAGE-(NUMBER)
 ----------------------------------------------------------------------------------------------------------------------------------------------------------------
 Backtracking                       1                     0          0       972.53115       972.53115                       *                                   
 Model                              1          2                                                           -0.47387821                             1_GWF-(1,6,52)
 Backtracking                       2                     0          0  1.21626745E-03  1.21626745E-03                       *                                   
 Model                              2          1                                                       -6.72859496E-07       *                     1_GWF-(1,3,34)
 ----------------------------------------------------------------------------------------------------------------------------------------------------------------


 2 CALLS TO NUMERICAL SOLUTION IN TIME STEP 10 STRESS PERIOD 2
 3 TOTAL ITERATIONS

 SLN_1 INNER ITERATION SUMMARY
 --------------------------------------------------------------------------------------------------------------------------------------
      TOTAL      OUTER      INNER                                                            MAXIMUM                                   
  ITERATION  ITERATION  ITERATION  MAXIMUM CHANGE      MAXIMUM CHANGE MODEL-(CELLID)        RESIDUAL    MAXIMUM RESIDUAL MODEL-(CELLID)
 --------------------------------------------------------------------------------------------------------------------------------------
          1          1          1     -0.47368537                     1_GWF-(1,6,52) -8.72243600E-02                    1_GWF-(1,23,54)
          2          1          2  4.31772877E-04                    1_GWF-(1,41,36) -1.20072725E-04                     1_GWF-(1,7,50)
          3          2          1 -6.72859496E-07                     1_GWF-(1,3,34)  2.47023743E-07                     1_GWF-(1,3,28)
 --------------------------------------------------------------------------------------------------------------------------------------


 
    Solving:  Stress period:     2    Time step:    11
 

 SLN_1 OUTER ITERATION SUMMARY
 ----------------------------------------------------------------------------------------------------------------------------------------------------------------
                                OUTER      INNER  BACKTRACK  BACKTRACK        INCOMING        OUTGOING                    STEP   MAXIMUM CHANGE MODEL-(CELLID) OR
 OUTER ITERATION STEP       ITERATION  ITERATION       FLAG ITERATIONS        RESIDUAL        RESIDUAL  MAXIMUM CHANGE SUCCESS             MODEL-PACKAGE-(NUMBER)
 ----------------------------------------------------------------------------------------------------------------------------------------------------------------
 Backtracking                       1                     0          0       900.06486       900.06486                       *                                   
 Model                              1          2                                                           -0.42479369                             1_GWF-(1,6,52)
 Backtracking                       2                     0          0  1.09776508E-03  1.09776508E-03                       *                                   
 Model                              2          1                                                       -6.21953042E-07       *                     1_GWF-(1,3,33)
 ----------------------------------------------------------------------------------------------------------------------------------------------------------------


 2 CALLS TO NUMERICAL SOLUTION IN TIME STEP 11 STRESS PERIOD 2
 3 TOTAL ITERATIONS

 SLN_1 INNER ITERATION SUMMARY
 --------------------------------------------------------------------------------------------------------------------------------------
      TOTAL      OUTER      INNER                                                            MAXIMUM                                   
  ITERATION  ITERATION  ITERATION  MAXIMUM CHANGE      MAXIMUM CHANGE MODEL-(CELLID)        RESIDUAL    MAXIMUM RESIDUAL MODEL-(CELLID)
 --------------------------------------------------------------------------------------------------------------------------------------
          1          1          1     -0.42463730                     1_GWF-(1,6,52) -8.97634290E-02                    1_GWF-(1,23,54)
          2          1          2  4.28591273E-04                    1_GWF-(1,22,53) -1.06313795E-04                     1_GWF-(1,7,50)
          3          2          1 -6.21953041E-07                     1_GWF-(1,3,33)  2.31291937E-07                     1_GWF-(1,3,28)
 --------------------------------------------------------------------------------------------------------------------------------------


 
    Solving:  Stress period:     2    Time step:    12
 

 SLN_1 OUTER ITERATION SUMMARY
 ----------------------------------------------------------------------------------------------------------------------------------------------------------------
                                OUTER      INNER  BACKTRACK  BACKTRACK        INCOMING        OUTGOING                    STEP   MAXIMUM CHANGE MODEL-(CELLID) OR
 OUTER ITERATION STEP       ITERATION  ITERATION       FLAG ITERATIONS        RESIDUAL        RESIDUAL  MAXIMUM CHANGE SUCCESS             MODEL-PACKAGE-(NUMBER)
 ----------------------------------------------------------------------------------------------------------------------------------------------------------------
 Backtracking                       1                     0          0       838.64870       838.64870                       *                                   
 Model                              1          2                                                           -0.37897095                             1_GWF-(1,6,52)
 Backtracking                       2                     0          0  9.96494470E-04  9.96494470E-04                       *                                   
 Model                              2          1                                                       -5.77638012E-07       *                     1_GWF-(1,3,33)
 ----------------------------------------------------------------------------------------------------------------------------------------------------------------


 2 CALLS TO NUMERICAL SOLUTION IN TIME STEP 12 STRESS PERIOD 2
 3 TOTAL ITERATIONS

 SLN_1 INNER ITERATION SUMMARY
 --------------------------------------------------------------------------------------------------------------------------------------
      TOTAL      OUTER      INNER                                                            MAXIMUM                                   
  ITERATION  ITERATION  ITERATION  MAXIMUM CHANGE      MAXIMUM CHANGE MODEL-(CELLID)        RESIDUAL    MAXIMUM RESIDUAL MODEL-(CELLID)
 --------------------------------------------------------------------------------------------------------------------------------------
          1          1          1     -0.37884567                     1_GWF-(1,6,52) -9.12115660E-02                    1_GWF-(1,23,54)
          2          1          2  4.33946870E-04                    1_GWF-(1,22,53) -9.35404238E-05                     1_GWF-(1,7,50)
          3          2          1 -5.77638011E-07                     1_GWF-(1,3,33)  2.16718146E-07                     1_GWF-(1,3,28)
 --------------------------------------------------------------------------------------------------------------------------------------


 
    Solving:  Stress period:     2    Time step:    13
 

 SLN_1 OUTER ITERATION SUMMARY
 ----------------------------------------------------------------------------------------------------------------------------------------------------------------
                                OUTER      INNER  BACKTRACK  BACKTRACK        INCOMING        OUTGOING                    STEP   MAXIMUM CHANGE MODEL-(CELLID) OR
 OUTER ITERATION STEP       ITERATION  ITERATION       FLAG ITERATIONS        RESIDUAL        RESIDUAL  MAXIMUM CHANGE SUCCESS             MODEL-PACKAGE-(NUMBER)
 ----------------------------------------------------------------------------------------------------------------------------------------------------------------
 Backtracking                       1                     0          0       785.89232       785.89232                       *                                   
 Model                              1          2                                                           -0.33695266                             1_GWF-(1,6,52)
 Backtracking                       2                     0          0  9.09315519E-04  9.09315519E-04                       *                                   
 Model                              2          1                                                       -5.37061934E-07       *                     1_GWF-(1,3,33)
 ----------------------------------------------------------------------------------------------------------------------------------------------------------------


 2 CALLS TO NUMERICAL SOLUTION IN TIME STEP 13 STRESS PERIOD 2
 3 TOTAL ITERATIONS

 SLN_1 INNER ITERATION SUMMARY
 --------------------------------------------------------------------------------------------------------------------------------------
      TOTAL      OUTER      INNER                                                            MAXIMUM                                   
  ITERATION  ITERATION  ITERATION  MAXIMUM CHANGE      MAXIMUM CHANGE MODEL-(CELLID)        RESIDUAL    MAXIMUM RESIDUAL MODEL-(CELLID)
 --------------------------------------------------------------------------------------------------------------------------------------
          1          1          1     -0.33685339                     1_GWF-(1,6,52) -9.17085534E-02                    1_GWF-(1,23,54)
          2          1          2  4.34876347E-04                    1_GWF-(1,22,53) -8.62396210E-05                    1_GWF-(1,23,54)
          3          2          1 -5.37061935E-07                     1_GWF-(1,3,33)  2.03118635E-07                     1_GWF-(1,3,28)
 --------------------------------------------------------------------------------------------------------------------------------------


 
    Solving:  Stress period:     2    Time step:    14
 

 SLN_1 OUTER ITERATION SUMMARY
 ----------------------------------------------------------------------------------------------------------------------------------------------------------------
                                OUTER      INNER  BACKTRACK  BACKTRACK        INCOMING        OUTGOING                    STEP   MAXIMUM CHANGE MODEL-(CELLID) OR
 OUTER ITERATION STEP       ITERATION  ITERATION       FLAG ITERATIONS        RESIDUAL        RESIDUAL  MAXIMUM CHANGE SUCCESS             MODEL-PACKAGE-(NUMBER)
 ----------------------------------------------------------------------------------------------------------------------------------------------------------------
 Backtracking                       1                     0          0       740.02661       740.02661                       *                                   
 Model                              1          2                                                           -0.29890225                             1_GWF-(1,6,52)
 Backtracking                       2                     0          0  8.33811553E-04  8.33811553E-04                       *                                   
 Model                              2          1                                                       -5.00047014E-07       *                     1_GWF-(1,3,33)
 ----------------------------------------------------------------------------------------------------------------------------------------------------------------


 2 CALLS TO NUMERICAL SOLUTION IN TIME STEP 14 STRESS PERIOD 2
 3 TOTAL ITERATIONS

 SLN_1 INNER ITERATION SUMMARY
 --------------------------------------------------------------------------------------------------------------------------------------
      TOTAL      OUTER      INNER                                                            MAXIMUM                                   
  ITERATION  ITERATION  ITERATION  MAXIMUM CHANGE      MAXIMUM CHANGE MODEL-(CELLID)        RESIDUAL    MAXIMUM RESIDUAL MODEL-(CELLID)
 --------------------------------------------------------------------------------------------------------------------------------------
          1          1          1     -0.29882432                     1_GWF-(1,6,52) -9.13959784E-02                    1_GWF-(1,23,54)
          2          1          2  4.32187247E-04                    1_GWF-(1,22,53) -8.27668450E-05                    1_GWF-(1,23,54)
          3          2          1 -5.00047014E-07                     1_GWF-(1,3,33)  1.90400113E-07                     1_GWF-(1,3,28)
 --------------------------------------------------------------------------------------------------------------------------------------


 
    Solving:  Stress period:     2    Time step:    15
 

 SLN_1 OUTER ITERATION SUMMARY
 ----------------------------------------------------------------------------------------------------------------------------------------------------------------
                                OUTER      INNER  BACKTRACK  BACKTRACK        INCOMING        OUTGOING                    STEP   MAXIMUM CHANGE MODEL-(CELLID) OR
 OUTER ITERATION STEP       ITERATION  ITERATION       FLAG ITERATIONS        RESIDUAL        RESIDUAL  MAXIMUM CHANGE SUCCESS             MODEL-PACKAGE-(NUMBER)
 ----------------------------------------------------------------------------------------------------------------------------------------------------------------
 Backtracking                       1                     0          0       699.71634       699.71634                       *                                   
 Model                              1          2                                                           -0.26632300                            1_GWF-(1,24,52)
 Backtracking                       2                     0          0  7.68088245E-04  7.68088245E-04                       *                                   
 Model                              2          1                                                       -4.66399365E-07       *                     1_GWF-(1,3,33)
 ----------------------------------------------------------------------------------------------------------------------------------------------------------------


 2 CALLS TO NUMERICAL SOLUTION IN TIME STEP 15 STRESS PERIOD 2
 3 TOTAL ITERATIONS

 SLN_1 INNER ITERATION SUMMARY
 --------------------------------------------------------------------------------------------------------------------------------------
      TOTAL      OUTER      INNER                                                            MAXIMUM                                   
  ITERATION  ITERATION  ITERATION  MAXIMUM CHANGE      MAXIMUM CHANGE MODEL-(CELLID)        RESIDUAL    MAXIMUM RESIDUAL MODEL-(CELLID)
 --------------------------------------------------------------------------------------------------------------------------------------
          1          1          1     -0.26640323                    1_GWF-(1,24,52) -9.04088484E-02                    1_GWF-(1,23,54)
          2          1          2  4.26557391E-04                    1_GWF-(1,22,53) -7.87980839E-05                    1_GWF-(1,23,54)
          3          2          1 -4.66399365E-07                     1_GWF-(1,3,33)  1.78526668E-07                     1_GWF-(1,3,28)
 --------------------------------------------------------------------------------------------------------------------------------------


 
    Solving:  Stress period:     2    Time step:    16
 

 SLN_1 OUTER ITERATION SUMMARY
 ----------------------------------------------------------------------------------------------------------------------------------------------------------------
                                OUTER      INNER  BACKTRACK  BACKTRACK        INCOMING        OUTGOING                    STEP   MAXIMUM CHANGE MODEL-(CELLID) OR
 OUTER ITERATION STEP       ITERATION  ITERATION       FLAG ITERATIONS        RESIDUAL        RESIDUAL  MAXIMUM CHANGE SUCCESS             MODEL-PACKAGE-(NUMBER)
 ----------------------------------------------------------------------------------------------------------------------------------------------------------------
 Backtracking                       1                     0          0       663.93744       663.93744                       *                                   
 Model                              1          2                                                           -0.26116259                            1_GWF-(1,25,54)
 Backtracking                       2                     0          0  7.10630025E-04  7.10630025E-04                       *                                   
 Model                              2          1                                                       -4.35902766E-07       *                     1_GWF-(1,3,33)
 ----------------------------------------------------------------------------------------------------------------------------------------------------------------


 2 CALLS TO NUMERICAL SOLUTION IN TIME STEP 16 STRESS PERIOD 2
 3 TOTAL ITERATIONS

 SLN_1 INNER ITERATION SUMMARY
 --------------------------------------------------------------------------------------------------------------------------------------
      TOTAL      OUTER      INNER                                                            MAXIMUM                                   
  ITERATION  ITERATION  ITERATION  MAXIMUM CHANGE      MAXIMUM CHANGE MODEL-(CELLID)        RESIDUAL    MAXIMUM RESIDUAL MODEL-(CELLID)
 --------------------------------------------------------------------------------------------------------------------------------------
          1          1          1     -0.26113827                    1_GWF-(1,25,54) -8.88711625E-02                    1_GWF-(1,23,54)
          2          1          2  4.18562169E-04                    1_GWF-(1,22,53) -7.45081533E-05                    1_GWF-(1,23,54)
          3          2          1 -4.35902767E-07                     1_GWF-(1,3,33)  1.67487493E-07                     1_GWF-(1,3,28)
 --------------------------------------------------------------------------------------------------------------------------------------


 
    Solving:  Stress period:     2    Time step:    17
 

 SLN_1 OUTER ITERATION SUMMARY
 ----------------------------------------------------------------------------------------------------------------------------------------------------------------
                                OUTER      INNER  BACKTRACK  BACKTRACK        INCOMING        OUTGOING                    STEP   MAXIMUM CHANGE MODEL-(CELLID) OR
 OUTER ITERATION STEP       ITERATION  ITERATION       FLAG ITERATIONS        RESIDUAL        RESIDUAL  MAXIMUM CHANGE SUCCESS             MODEL-PACKAGE-(NUMBER)
 ----------------------------------------------------------------------------------------------------------------------------------------------------------------
 Backtracking                       1                     0          0       631.89381       631.89381                       *                                   
 Model                              1          2                                                           -0.25589855                            1_GWF-(1,25,54)
 Backtracking                       2                     0          0  6.60200022E-04  6.60200022E-04                       *                                   
 Model                              2          1                                                       -4.08319762E-07       *                     1_GWF-(1,3,33)
 ----------------------------------------------------------------------------------------------------------------------------------------------------------------


 2 CALLS TO NUMERICAL SOLUTION IN TIME STEP 17 STRESS PERIOD 2
 3 TOTAL ITERATIONS

 SLN_1 INNER ITERATION SUMMARY
 --------------------------------------------------------------------------------------------------------------------------------------
      TOTAL      OUTER      INNER                                                            MAXIMUM                                   
  ITERATION  ITERATION  ITERATION  MAXIMUM CHANGE      MAXIMUM CHANGE MODEL-(CELLID)        RESIDUAL    MAXIMUM RESIDUAL MODEL-(CELLID)
 --------------------------------------------------------------------------------------------------------------------------------------
          1          1          1     -0.25588166                    1_GWF-(1,25,54) -8.68938998E-02                    1_GWF-(1,23,54)
          2          1          2  4.08693760E-04                    1_GWF-(1,22,53) -7.00518426E-05                    1_GWF-(1,23,54)
          3          2          1 -4.08319763E-07                     1_GWF-(1,3,33)  1.57273691E-07                     1_GWF-(1,3,28)
 --------------------------------------------------------------------------------------------------------------------------------------


 
    Solving:  Stress period:     2    Time step:    18
 

 SLN_1 OUTER ITERATION SUMMARY
 ----------------------------------------------------------------------------------------------------------------------------------------------------------------
                                OUTER      INNER  BACKTRACK  BACKTRACK        INCOMING        OUTGOING                    STEP   MAXIMUM CHANGE MODEL-(CELLID) OR
 OUTER ITERATION STEP       ITERATION  ITERATION       FLAG ITERATIONS        RESIDUAL        RESIDUAL  MAXIMUM CHANGE SUCCESS             MODEL-PACKAGE-(NUMBER)
 ----------------------------------------------------------------------------------------------------------------------------------------------------------------
 Backtracking                       1                     0          0       602.95941       602.95941                       *                                   
 Model                              1          2                                                           -0.24954597                            1_GWF-(1,25,54)
 Backtracking                       2                     0          0  6.15771425E-04  6.15771425E-04                       *                                   
 Model                              2          1                                                       -3.83398341E-07       *                     1_GWF-(1,3,33)
 ----------------------------------------------------------------------------------------------------------------------------------------------------------------


 2 CALLS TO NUMERICAL SOLUTION IN TIME STEP 18 STRESS PERIOD 2
 3 TOTAL ITERATIONS

 SLN_1 INNER ITERATION SUMMARY
 --------------------------------------------------------------------------------------------------------------------------------------
      TOTAL      OUTER      INNER                                                            MAXIMUM                                   
  ITERATION  ITERATION  ITERATION  MAXIMUM CHANGE      MAXIMUM CHANGE MODEL-(CELLID)        RESIDUAL    MAXIMUM RESIDUAL MODEL-(CELLID)
 --------------------------------------------------------------------------------------------------------------------------------------
          1          1          1     -0.24953580                    1_GWF-(1,25,54) -8.45744644E-02                    1_GWF-(1,23,54)
          2          1          2  3.97374340E-04                    1_GWF-(1,22,53) -6.55596817E-05                    1_GWF-(1,23,54)
          3          2          1 -3.83398341E-07                     1_GWF-(1,3,33)  1.47865749E-07                     1_GWF-(1,3,28)
 --------------------------------------------------------------------------------------------------------------------------------------


 
    Solving:  Stress period:     2    Time step:    19
 

 SLN_1 OUTER ITERATION SUMMARY
 ----------------------------------------------------------------------------------------------------------------------------------------------------------------
                                OUTER      INNER  BACKTRACK  BACKTRACK        INCOMING        OUTGOING                    STEP   MAXIMUM CHANGE MODEL-(CELLID) OR
 OUTER ITERATION STEP       ITERATION  ITERATION       FLAG ITERATIONS        RESIDUAL        RESIDUAL  MAXIMUM CHANGE SUCCESS             MODEL-PACKAGE-(NUMBER)
 ----------------------------------------------------------------------------------------------------------------------------------------------------------------
 Backtracking                       1                     0          0       576.63701       576.63701                       *                                   
 Model                              1          2                                                           -0.24235474                            1_GWF-(1,25,54)
 Backtracking                       2                     0          0  5.76480724E-04  5.76480724E-04                       *                                   
 Model                              2          1                                                       -3.60881225E-07       *                     1_GWF-(1,3,33)
 ----------------------------------------------------------------------------------------------------------------------------------------------------------------


 2 CALLS TO NUMERICAL SOLUTION IN TIME STEP 19 STRESS PERIOD 2
 3 TOTAL ITERATIONS

 SLN_1 INNER ITERATION SUMMARY
 --------------------------------------------------------------------------------------------------------------------------------------
      TOTAL      OUTER      INNER                                                            MAXIMUM                                   
  ITERATION  ITERATION  ITERATION  MAXIMUM CHANGE      MAXIMUM CHANGE MODEL-(CELLID)        RESIDUAL    MAXIMUM RESIDUAL MODEL-(CELLID)
 --------------------------------------------------------------------------------------------------------------------------------------
          1          1          1     -0.24235051                    1_GWF-(1,25,54) -8.19969993E-02                    1_GWF-(1,23,54)
          2          1          2  3.84965395E-04                    1_GWF-(1,22,53) -6.11356928E-05                    1_GWF-(1,23,54)
          3          2          1 -3.60881226E-07                     1_GWF-(1,3,33)  1.39229634E-07                     1_GWF-(1,3,28)
 --------------------------------------------------------------------------------------------------------------------------------------


 
    Solving:  Stress period:     2    Time step:    20
 

 SLN_1 OUTER ITERATION SUMMARY
 ----------------------------------------------------------------------------------------------------------------------------------------------------------------
                                OUTER      INNER  BACKTRACK  BACKTRACK        INCOMING        OUTGOING                    STEP   MAXIMUM CHANGE MODEL-(CELLID) OR
 OUTER ITERATION STEP       ITERATION  ITERATION       FLAG ITERATIONS        RESIDUAL        RESIDUAL  MAXIMUM CHANGE SUCCESS             MODEL-PACKAGE-(NUMBER)
 ----------------------------------------------------------------------------------------------------------------------------------------------------------------
 Backtracking                       1                     0          0       552.52818       552.52818                       *                                   
 Model                              1          2                                                           -0.23466979                            1_GWF-(1,25,55)
 Backtracking                       2                     0          0  5.41595647E-04  5.41595647E-04                       *                                   
 Model                              2          1                                                       -3.40515284E-07       *                     1_GWF-(1,3,33)
 ----------------------------------------------------------------------------------------------------------------------------------------------------------------


 2 CALLS TO NUMERICAL SOLUTION IN TIME STEP 20 STRESS PERIOD 2
 3 TOTAL ITERATIONS

 SLN_1 INNER ITERATION SUMMARY
 --------------------------------------------------------------------------------------------------------------------------------------
      TOTAL      OUTER      INNER                                                            MAXIMUM                                   
  ITERATION  ITERATION  ITERATION  MAXIMUM CHANGE      MAXIMUM CHANGE MODEL-(CELLID)        RESIDUAL    MAXIMUM RESIDUAL MODEL-(CELLID)
 --------------------------------------------------------------------------------------------------------------------------------------
          1          1          1     -0.23465381                    1_GWF-(1,25,55) -7.92332001E-02                    1_GWF-(1,23,54)
          2          1          2  3.71774758E-04                    1_GWF-(1,22,53) -5.68575782E-05                    1_GWF-(1,23,54)
          3          2          1 -3.40515284E-07                     1_GWF-(1,3,33)  1.31318411E-07                     1_GWF-(1,3,28)
 --------------------------------------------------------------------------------------------------------------------------------------


 
    Solving:  Stress period:     2    Time step:    21
 

 SLN_1 OUTER ITERATION SUMMARY
 ----------------------------------------------------------------------------------------------------------------------------------------------------------------
                                OUTER      INNER  BACKTRACK  BACKTRACK        INCOMING        OUTGOING                    STEP   MAXIMUM CHANGE MODEL-(CELLID) OR
 OUTER ITERATION STEP       ITERATION  ITERATION       FLAG ITERATIONS        RESIDUAL        RESIDUAL  MAXIMUM CHANGE SUCCESS             MODEL-PACKAGE-(NUMBER)
 ----------------------------------------------------------------------------------------------------------------------------------------------------------------
 Backtracking                       1                     0          0       530.31107       530.31107                       *                                   
 Model                              1          2                                                           -0.22654141                            1_GWF-(1,25,55)
 Backtracking                       2                     0          0  5.10492443E-04  5.10492443E-04                       *                                   
 Model                              2          1                                                       -3.22059480E-07       *                     1_GWF-(1,3,33)
 ----------------------------------------------------------------------------------------------------------------------------------------------------------------


 2 CALLS TO NUMERICAL SOLUTION IN TIME STEP 21 STRESS PERIOD 2
 3 TOTAL ITERATIONS

 SLN_1 INNER ITERATION SUMMARY
 --------------------------------------------------------------------------------------------------------------------------------------
      TOTAL      OUTER      INNER                                                            MAXIMUM                                   
  ITERATION  ITERATION  ITERATION  MAXIMUM CHANGE      MAXIMUM CHANGE MODEL-(CELLID)        RESIDUAL    MAXIMUM RESIDUAL MODEL-(CELLID)
 --------------------------------------------------------------------------------------------------------------------------------------
          1          1          1     -0.22653049                    1_GWF-(1,25,55) -7.63433976E-02                    1_GWF-(1,23,54)
          2          1          2  3.58062457E-04                    1_GWF-(1,22,53) -5.27789887E-05                    1_GWF-(1,23,54)
          3          2          1 -3.22059479E-07                     1_GWF-(1,3,33)  1.24076378E-07                     1_GWF-(1,3,28)
 --------------------------------------------------------------------------------------------------------------------------------------


 
    Solving:  Stress period:     2    Time step:    22
 

 SLN_1 OUTER ITERATION SUMMARY
 ----------------------------------------------------------------------------------------------------------------------------------------------------------------
                                OUTER      INNER  BACKTRACK  BACKTRACK        INCOMING        OUTGOING                    STEP   MAXIMUM CHANGE MODEL-(CELLID) OR
 OUTER ITERATION STEP       ITERATION  ITERATION       FLAG ITERATIONS        RESIDUAL        RESIDUAL  MAXIMUM CHANGE SUCCESS             MODEL-PACKAGE-(NUMBER)
 ----------------------------------------------------------------------------------------------------------------------------------------------------------------
 Backtracking                       1                     0          0       509.72379       509.72379                       *                                   
 Model                              1          2                                                           -0.21810897                            1_GWF-(1,25,55)
 Backtracking                       2                     0          0  4.82639026E-04  4.82639026E-04                       *                                   
 Model                              2          1                                                       -3.05290506E-07       *                     1_GWF-(1,3,33)
 ----------------------------------------------------------------------------------------------------------------------------------------------------------------


 2 CALLS TO NUMERICAL SOLUTION IN TIME STEP 22 STRESS PERIOD 2
 3 TOTAL ITERATIONS

 SLN_1 INNER ITERATION SUMMARY
 --------------------------------------------------------------------------------------------------------------------------------------
      TOTAL      OUTER      INNER                                                            MAXIMUM                                   
  ITERATION  ITERATION  ITERATION  MAXIMUM CHANGE      MAXIMUM CHANGE MODEL-(CELLID)        RESIDUAL    MAXIMUM RESIDUAL MODEL-(CELLID)
 --------------------------------------------------------------------------------------------------------------------------------------
          1          1          1     -0.21810241                    1_GWF-(1,25,55) -7.33777607E-02                    1_GWF-(1,23,54)
          2          1          2  3.44045949E-04                    1_GWF-(1,22,53) -4.89331165E-05                    1_GWF-(1,23,54)
          3          2          1 -3.05290506E-07                     1_GWF-(1,3,33)  1.17443689E-07                     1_GWF-(1,3,28)
 --------------------------------------------------------------------------------------------------------------------------------------


 
    Solving:  Stress period:     2    Time step:    23
 

 SLN_1 OUTER ITERATION SUMMARY
 ----------------------------------------------------------------------------------------------------------------------------------------------------------------
                                OUTER      INNER  BACKTRACK  BACKTRACK        INCOMING        OUTGOING                    STEP   MAXIMUM CHANGE MODEL-(CELLID) OR
 OUTER ITERATION STEP       ITERATION  ITERATION       FLAG ITERATIONS        RESIDUAL        RESIDUAL  MAXIMUM CHANGE SUCCESS             MODEL-PACKAGE-(NUMBER)
 ----------------------------------------------------------------------------------------------------------------------------------------------------------------
 Backtracking                       1                     0          0       490.55173       490.55173                       *                                   
 Model                              1          2                                                           -0.20950535                            1_GWF-(1,25,55)
 Backtracking                       2                     0          0  4.57581639E-04  4.57581639E-04                       *                                   
 Model                              2          1                                                       -2.90006017E-07       *                     1_GWF-(1,3,33)
 ----------------------------------------------------------------------------------------------------------------------------------------------------------------


 2 CALLS TO NUMERICAL SOLUTION IN TIME STEP 23 STRESS PERIOD 2
 3 TOTAL ITERATIONS

 SLN_1 INNER ITERATION SUMMARY
 --------------------------------------------------------------------------------------------------------------------------------------
      TOTAL      OUTER      INNER                                                            MAXIMUM                                   
  ITERATION  ITERATION  ITERATION  MAXIMUM CHANGE      MAXIMUM CHANGE MODEL-(CELLID)        RESIDUAL    MAXIMUM RESIDUAL MODEL-(CELLID)
 --------------------------------------------------------------------------------------------------------------------------------------
          1          1          1     -0.20950249                    1_GWF-(1,25,55) -7.03775207E-02                    1_GWF-(1,23,54)
          2          1          2  3.29905038E-04                    1_GWF-(1,22,53) -4.53368199E-05                    1_GWF-(1,23,54)
          3          2          1 -2.90006017E-07                     1_GWF-(1,3,33)  1.11360300E-07                     1_GWF-(1,3,28)
 --------------------------------------------------------------------------------------------------------------------------------------


 
    Solving:  Stress period:     2    Time step:    24
 

 SLN_1 OUTER ITERATION SUMMARY
 ----------------------------------------------------------------------------------------------------------------------------------------------------------------
                                OUTER      INNER  BACKTRACK  BACKTRACK        INCOMING        OUTGOING                    STEP   MAXIMUM CHANGE MODEL-(CELLID) OR
 OUTER ITERATION STEP       ITERATION  ITERATION       FLAG ITERATIONS        RESIDUAL        RESIDUAL  MAXIMUM CHANGE SUCCESS             MODEL-PACKAGE-(NUMBER)
 ----------------------------------------------------------------------------------------------------------------------------------------------------------------
 Backtracking                       1                     0          0       472.61787       472.61787                       *                                   
 Model                              1          2                                                           -0.20083967                            1_GWF-(1,25,55)
 Backtracking                       2                     0          0  4.34933784E-04  4.34933784E-04                       *                                   
 Model                              2          1                                                       -2.76025880E-07       *                     1_GWF-(1,3,33)
 ----------------------------------------------------------------------------------------------------------------------------------------------------------------


 2 CALLS TO NUMERICAL SOLUTION IN TIME STEP 24 STRESS PERIOD 2
 3 TOTAL ITERATIONS

 SLN_1 INNER ITERATION SUMMARY
 --------------------------------------------------------------------------------------------------------------------------------------
      TOTAL      OUTER      INNER                                                            MAXIMUM                                   
  ITERATION  ITERATION  ITERATION  MAXIMUM CHANGE      MAXIMUM CHANGE MODEL-(CELLID)        RESIDUAL    MAXIMUM RESIDUAL MODEL-(CELLID)
 --------------------------------------------------------------------------------------------------------------------------------------
          1          1          1     -0.20083991                    1_GWF-(1,25,55) -6.73761559E-02                    1_GWF-(1,23,54)
          2          1          2  3.15786534E-04                    1_GWF-(1,22,53)  4.21823107E-05                    1_GWF-(1,22,51)
          3          2          1 -2.76025881E-07                     1_GWF-(1,3,33)  1.05768796E-07                     1_GWF-(1,3,28)
 --------------------------------------------------------------------------------------------------------------------------------------


 
    Solving:  Stress period:     2    Time step:    25
 

 SLN_1 OUTER ITERATION SUMMARY
 ----------------------------------------------------------------------------------------------------------------------------------------------------------------
                                OUTER      INNER  BACKTRACK  BACKTRACK        INCOMING        OUTGOING                    STEP   MAXIMUM CHANGE MODEL-(CELLID) OR
 OUTER ITERATION STEP       ITERATION  ITERATION       FLAG ITERATIONS        RESIDUAL        RESIDUAL  MAXIMUM CHANGE SUCCESS             MODEL-PACKAGE-(NUMBER)
 ----------------------------------------------------------------------------------------------------------------------------------------------------------------
 Backtracking                       1                     0          0       455.77523       455.77523                       *                                   
 Model                              1          2                                                           -0.19220034                            1_GWF-(1,25,55)
 Backtracking                       2                     0          0  4.14366715E-04  4.14366715E-04                       *                                   
 Model                              2          1                                                       -2.63191888E-07       *                     1_GWF-(1,3,33)
 ----------------------------------------------------------------------------------------------------------------------------------------------------------------


 2 CALLS TO NUMERICAL SOLUTION IN TIME STEP 25 STRESS PERIOD 2
 3 TOTAL ITERATIONS

 SLN_1 INNER ITERATION SUMMARY
 --------------------------------------------------------------------------------------------------------------------------------------
      TOTAL      OUTER      INNER                                                            MAXIMUM                                   
  ITERATION  ITERATION  ITERATION  MAXIMUM CHANGE      MAXIMUM CHANGE MODEL-(CELLID)        RESIDUAL    MAXIMUM RESIDUAL MODEL-(CELLID)
 --------------------------------------------------------------------------------------------------------------------------------------
          1          1          1     -0.19220314                    1_GWF-(1,25,55) -6.44004976E-02                    1_GWF-(1,23,54)
          2          1          2  3.01808646E-04                    1_GWF-(1,22,53)  4.00376992E-05                    1_GWF-(1,22,51)
          3          2          1 -2.63191888E-07                     1_GWF-(1,3,33)  1.00616136E-07                     1_GWF-(1,3,28)
 --------------------------------------------------------------------------------------------------------------------------------------


 
    Solving:  Stress period:     2    Time step:    26
 

 SLN_1 OUTER ITERATION SUMMARY
 ----------------------------------------------------------------------------------------------------------------------------------------------------------------
                                OUTER      INNER  BACKTRACK  BACKTRACK        INCOMING        OUTGOING                    STEP   MAXIMUM CHANGE MODEL-(CELLID) OR
 OUTER ITERATION STEP       ITERATION  ITERATION       FLAG ITERATIONS        RESIDUAL        RESIDUAL  MAXIMUM CHANGE SUCCESS             MODEL-PACKAGE-(NUMBER)
 ----------------------------------------------------------------------------------------------------------------------------------------------------------------
 Backtracking                       1                     0          0       439.90103       439.90103                       *                                   
 Model                              1          2                                                           -0.18365799                            1_GWF-(1,25,55)
 Backtracking                       2                     0          0  3.95601124E-04  3.95601124E-04                       *                                   
 Model                              2          1                                                       -2.51366412E-07       *                     1_GWF-(1,3,33)
 ----------------------------------------------------------------------------------------------------------------------------------------------------------------


 2 CALLS TO NUMERICAL SOLUTION IN TIME STEP 26 STRESS PERIOD 2
 3 TOTAL ITERATIONS

 SLN_1 INNER ITERATION SUMMARY
 --------------------------------------------------------------------------------------------------------------------------------------
      TOTAL      OUTER      INNER                                                            MAXIMUM                                   
  ITERATION  ITERATION  ITERATION  MAXIMUM CHANGE      MAXIMUM CHANGE MODEL-(CELLID)        RESIDUAL    MAXIMUM RESIDUAL MODEL-(CELLID)
 --------------------------------------------------------------------------------------------------------------------------------------
          1          1          1     -0.18366290                    1_GWF-(1,25,55) -6.14717363E-02                    1_GWF-(1,23,54)
          2          1          2  2.88065059E-04                    1_GWF-(1,22,53)  3.79884344E-05                    1_GWF-(1,22,51)
          3          2          1 -2.51366412E-07                     1_GWF-(1,3,33)  9.58544963E-08                     1_GWF-(1,3,28)
 --------------------------------------------------------------------------------------------------------------------------------------


 
    Solving:  Stress period:     2    Time step:    27
 

 SLN_1 OUTER ITERATION SUMMARY
 ----------------------------------------------------------------------------------------------------------------------------------------------------------------
                                OUTER      INNER  BACKTRACK  BACKTRACK        INCOMING        OUTGOING                    STEP   MAXIMUM CHANGE MODEL-(CELLID) OR
 OUTER ITERATION STEP       ITERATION  ITERATION       FLAG ITERATIONS        RESIDUAL        RESIDUAL  MAXIMUM CHANGE SUCCESS             MODEL-PACKAGE-(NUMBER)
 ----------------------------------------------------------------------------------------------------------------------------------------------------------------
 Backtracking                       1                     0          0       424.89204       424.89204                       *                                   
 Model                              1          2                                                           -0.17526819                            1_GWF-(1,25,55)
 Backtracking                       2                     0          0  3.78399879E-04  3.78399879E-04                       *                                   
 Model                              2          1                                                       -2.40430561E-07       *                     1_GWF-(1,3,33)
 ----------------------------------------------------------------------------------------------------------------------------------------------------------------


 2 CALLS TO NUMERICAL SOLUTION IN TIME STEP 27 STRESS PERIOD 2
 3 TOTAL ITERATIONS

 SLN_1 INNER ITERATION SUMMARY
 --------------------------------------------------------------------------------------------------------------------------------------
      TOTAL      OUTER      INNER                                                            MAXIMUM                                   
  ITERATION  ITERATION  ITERATION  MAXIMUM CHANGE      MAXIMUM CHANGE MODEL-(CELLID)        RESIDUAL    MAXIMUM RESIDUAL MODEL-(CELLID)
 --------------------------------------------------------------------------------------------------------------------------------------
          1          1          1     -0.17527479                    1_GWF-(1,25,55) -5.86063182E-02                    1_GWF-(1,23,54)
          2          1          2  2.74628645E-04                    1_GWF-(1,22,53)  3.60343504E-05                    1_GWF-(1,22,51)
          3          2          1 -2.40430561E-07                     1_GWF-(1,3,33)  9.14414762E-08                     1_GWF-(1,3,28)
 --------------------------------------------------------------------------------------------------------------------------------------


 
    Solving:  Stress period:     2    Time step:    28
 

 SLN_1 OUTER ITERATION SUMMARY
 ----------------------------------------------------------------------------------------------------------------------------------------------------------------
                                OUTER      INNER  BACKTRACK  BACKTRACK        INCOMING        OUTGOING                    STEP   MAXIMUM CHANGE MODEL-(CELLID) OR
 OUTER ITERATION STEP       ITERATION  ITERATION       FLAG ITERATIONS        RESIDUAL        RESIDUAL  MAXIMUM CHANGE SUCCESS             MODEL-PACKAGE-(NUMBER)
 ----------------------------------------------------------------------------------------------------------------------------------------------------------------
 Backtracking                       1                     0          0       410.66098       410.66098                       *                                   
 Model                              1          2                                                           -0.16707378                            1_GWF-(1,25,55)
 Backtracking                       2                     0          0  3.62561686E-04  3.62561686E-04                       *                                   
 Model                              2          1                                                       -2.30282040E-07       *                     1_GWF-(1,3,33)
 ----------------------------------------------------------------------------------------------------------------------------------------------------------------


 2 CALLS TO NUMERICAL SOLUTION IN TIME STEP 28 STRESS PERIOD 2
 3 TOTAL ITERATIONS

 SLN_1 INNER ITERATION SUMMARY
 --------------------------------------------------------------------------------------------------------------------------------------
      TOTAL      OUTER      INNER                                                            MAXIMUM                                   
  ITERATION  ITERATION  ITERATION  MAXIMUM CHANGE      MAXIMUM CHANGE MODEL-(CELLID)        RESIDUAL    MAXIMUM RESIDUAL MODEL-(CELLID)
 --------------------------------------------------------------------------------------------------------------------------------------
          1          1          1     -0.16708173                    1_GWF-(1,25,55) -5.58167325E-02                    1_GWF-(1,23,54)
          2          1          2  2.61554787E-04                    1_GWF-(1,22,53)  3.42868997E-05                     1_GWF-(1,3,28)
          3          2          1 -2.30282040E-07                     1_GWF-(1,3,33)  8.73398767E-08                     1_GWF-(1,3,28)
 --------------------------------------------------------------------------------------------------------------------------------------


 
    Solving:  Stress period:     2    Time step:    29
 

 SLN_1 OUTER ITERATION SUMMARY
 ----------------------------------------------------------------------------------------------------------------------------------------------------------------
                                OUTER      INNER  BACKTRACK  BACKTRACK        INCOMING        OUTGOING                    STEP   MAXIMUM CHANGE MODEL-(CELLID) OR
 OUTER ITERATION STEP       ITERATION  ITERATION       FLAG ITERATIONS        RESIDUAL        RESIDUAL  MAXIMUM CHANGE SUCCESS             MODEL-PACKAGE-(NUMBER)
 ----------------------------------------------------------------------------------------------------------------------------------------------------------------
 Backtracking                       1                     0          0       397.13356       397.13356                       *                                   
 Model                              1          2                                                           -0.16147012                             1_GWF-(1,2,34)
 Backtracking                       2                     0          0  3.47915584E-04  3.47915584E-04                       *                                   
 Model                              2          1                                                       -2.20832977E-07       *                     1_GWF-(1,3,33)
 ----------------------------------------------------------------------------------------------------------------------------------------------------------------


 2 CALLS TO NUMERICAL SOLUTION IN TIME STEP 29 STRESS PERIOD 2
 3 TOTAL ITERATIONS

 SLN_1 INNER ITERATION SUMMARY
 --------------------------------------------------------------------------------------------------------------------------------------
      TOTAL      OUTER      INNER                                                            MAXIMUM                                   
  ITERATION  ITERATION  ITERATION  MAXIMUM CHANGE      MAXIMUM CHANGE MODEL-(CELLID)        RESIDUAL    MAXIMUM RESIDUAL MODEL-(CELLID)
 --------------------------------------------------------------------------------------------------------------------------------------
          1          1          1     -0.16130428                     1_GWF-(1,2,34) -5.31121924E-02                    1_GWF-(1,23,54)
          2          1          2  2.48884304E-04                    1_GWF-(1,22,53)  3.28748579E-05                     1_GWF-(1,3,28)
          3          2          1 -2.20832977E-07                     1_GWF-(1,3,33)  8.35172921E-08                     1_GWF-(1,3,28)
 --------------------------------------------------------------------------------------------------------------------------------------


 
    Solving:  Stress period:     2    Time step:    30
 

 SLN_1 OUTER ITERATION SUMMARY
 ----------------------------------------------------------------------------------------------------------------------------------------------------------------
                                OUTER      INNER  BACKTRACK  BACKTRACK        INCOMING        OUTGOING                    STEP   MAXIMUM CHANGE MODEL-(CELLID) OR
 OUTER ITERATION STEP       ITERATION  ITERATION       FLAG ITERATIONS        RESIDUAL        RESIDUAL  MAXIMUM CHANGE SUCCESS             MODEL-PACKAGE-(NUMBER)
 ----------------------------------------------------------------------------------------------------------------------------------------------------------------
 Backtracking                       1                     0          0       384.24619       384.24619                       *                                   
 Model                              1          2                                                           -0.15854217                             1_GWF-(1,2,33)
 Backtracking                       2                     0          0  3.34316242E-04  3.34316242E-04                       *                                   
 Model                              2          1                                                       -2.12063592E-07       *                     1_GWF-(1,3,34)
 ----------------------------------------------------------------------------------------------------------------------------------------------------------------


 2 CALLS TO NUMERICAL SOLUTION IN TIME STEP 30 STRESS PERIOD 2
 3 TOTAL ITERATIONS

 SLN_1 INNER ITERATION SUMMARY
 --------------------------------------------------------------------------------------------------------------------------------------
      TOTAL      OUTER      INNER                                                            MAXIMUM                                   
  ITERATION  ITERATION  ITERATION  MAXIMUM CHANGE      MAXIMUM CHANGE MODEL-(CELLID)        RESIDUAL    MAXIMUM RESIDUAL MODEL-(CELLID)
 --------------------------------------------------------------------------------------------------------------------------------------
          1          1          1     -0.15839126                     1_GWF-(1,2,33) -5.04992184E-02                    1_GWF-(1,23,54)
          2          1          2  2.36645994E-04                    1_GWF-(1,22,53) -3.19420234E-05                     1_GWF-(1,27,5)
          3          2          1 -2.12063591E-07                     1_GWF-(1,3,34)  7.99455571E-08                     1_GWF-(1,3,28)
 --------------------------------------------------------------------------------------------------------------------------------------


 
    Solving:  Stress period:     2    Time step:    31
 

 SLN_1 OUTER ITERATION SUMMARY
 ----------------------------------------------------------------------------------------------------------------------------------------------------------------
                                OUTER      INNER  BACKTRACK  BACKTRACK        INCOMING        OUTGOING                    STEP   MAXIMUM CHANGE MODEL-(CELLID) OR
 OUTER ITERATION STEP       ITERATION  ITERATION       FLAG ITERATIONS        RESIDUAL        RESIDUAL  MAXIMUM CHANGE SUCCESS             MODEL-PACKAGE-(NUMBER)
 ----------------------------------------------------------------------------------------------------------------------------------------------------------------
 Backtracking                       1                     0          0       371.94415       371.94415                       *                                   
 Model                              1          2                                                           -0.15577824                             1_GWF-(1,2,32)
 Backtracking                       2                     0          0  3.21639930E-04  3.21639930E-04                       *                                   
 Model                              2          1                                                       -2.04137838E-07       *                     1_GWF-(1,3,34)
 ----------------------------------------------------------------------------------------------------------------------------------------------------------------


 2 CALLS TO NUMERICAL SOLUTION IN TIME STEP 31 STRESS PERIOD 2
 3 TOTAL ITERATIONS

 SLN_1 INNER ITERATION SUMMARY
 --------------------------------------------------------------------------------------------------------------------------------------
      TOTAL      OUTER      INNER                                                            MAXIMUM                                   
  ITERATION  ITERATION  ITERATION  MAXIMUM CHANGE      MAXIMUM CHANGE MODEL-(CELLID)        RESIDUAL    MAXIMUM RESIDUAL MODEL-(CELLID)
 --------------------------------------------------------------------------------------------------------------------------------------
          1          1          1     -0.15564513                     1_GWF-(1,2,32) -4.79821342E-02                    1_GWF-(1,23,54)
          2          1          2  2.24858806E-04                    1_GWF-(1,22,53) -3.13542289E-05                     1_GWF-(1,27,5)
          3          2          1 -2.04137838E-07                     1_GWF-(1,3,34)  7.66002233E-08                     1_GWF-(1,3,28)
 --------------------------------------------------------------------------------------------------------------------------------------


 
    Solving:  Stress period:     2    Time step:    32
 

 SLN_1 OUTER ITERATION SUMMARY
 ----------------------------------------------------------------------------------------------------------------------------------------------------------------
                                OUTER      INNER  BACKTRACK  BACKTRACK        INCOMING        OUTGOING                    STEP   MAXIMUM CHANGE MODEL-(CELLID) OR
 OUTER ITERATION STEP       ITERATION  ITERATION       FLAG ITERATIONS        RESIDUAL        RESIDUAL  MAXIMUM CHANGE SUCCESS             MODEL-PACKAGE-(NUMBER)
 ----------------------------------------------------------------------------------------------------------------------------------------------------------------
 Backtracking                       1                     0          0       360.18000       360.18000                       *                                   
 Model                              1          2                                                           -0.15315685                             1_GWF-(1,2,31)
 Backtracking                       2                     0          0  3.09781100E-04  3.09781100E-04                       *                                   
 Model                              2          1                                                       -1.96685174E-07       *                     1_GWF-(1,3,34)
 ----------------------------------------------------------------------------------------------------------------------------------------------------------------


 2 CALLS TO NUMERICAL SOLUTION IN TIME STEP 32 STRESS PERIOD 2
 3 TOTAL ITERATIONS

 SLN_1 INNER ITERATION SUMMARY
 --------------------------------------------------------------------------------------------------------------------------------------
      TOTAL      OUTER      INNER                                                            MAXIMUM                                   
  ITERATION  ITERATION  ITERATION  MAXIMUM CHANGE      MAXIMUM CHANGE MODEL-(CELLID)        RESIDUAL    MAXIMUM RESIDUAL MODEL-(CELLID)
 --------------------------------------------------------------------------------------------------------------------------------------
          1          1          1     -0.15303872                     1_GWF-(1,2,31) -4.55634834E-02                    1_GWF-(1,23,54)
          2          1          2  2.13533700E-04                    1_GWF-(1,22,53) -3.07516758E-05                     1_GWF-(1,27,5)
          3          2          1 -1.96685174E-07                     1_GWF-(1,3,34)  7.34600067E-08                     1_GWF-(1,3,28)
 --------------------------------------------------------------------------------------------------------------------------------------


 
    Solving:  Stress period:     2    Time step:    33
 

 SLN_1 OUTER ITERATION SUMMARY
 ----------------------------------------------------------------------------------------------------------------------------------------------------------------
                                OUTER      INNER  BACKTRACK  BACKTRACK        INCOMING        OUTGOING                    STEP   MAXIMUM CHANGE MODEL-(CELLID) OR
 OUTER ITERATION STEP       ITERATION  ITERATION       FLAG ITERATIONS        RESIDUAL        RESIDUAL  MAXIMUM CHANGE SUCCESS             MODEL-PACKAGE-(NUMBER)
 ----------------------------------------------------------------------------------------------------------------------------------------------------------------
 Backtracking                       1                     0          0       348.91246       348.91246                       *                                   
 Model                              1          2                                                           -0.15071124                             1_GWF-(1,2,31)
 Backtracking                       2                     0          0  2.98649516E-04  2.98649516E-04                       *                                   
 Model                              2          1                                                       -1.89657910E-07       *                     1_GWF-(1,3,34)
 ----------------------------------------------------------------------------------------------------------------------------------------------------------------


 2 CALLS TO NUMERICAL SOLUTION IN TIME STEP 33 STRESS PERIOD 2
 3 TOTAL ITERATIONS

 SLN_1 INNER ITERATION SUMMARY
 --------------------------------------------------------------------------------------------------------------------------------------
      TOTAL      OUTER      INNER                                                            MAXIMUM                                   
  ITERATION  ITERATION  ITERATION  MAXIMUM CHANGE      MAXIMUM CHANGE MODEL-(CELLID)        RESIDUAL    MAXIMUM RESIDUAL MODEL-(CELLID)
 --------------------------------------------------------------------------------------------------------------------------------------
          1          1          1     -0.15059686                     1_GWF-(1,2,31) -4.32443792E-02                    1_GWF-(1,23,54)
          2          1          2  2.02675197E-04                    1_GWF-(1,22,53) -3.01383372E-05                     1_GWF-(1,27,5)
          3          2          1 -1.89657910E-07                     1_GWF-(1,3,34)  7.05063431E-08                     1_GWF-(1,3,28)
 --------------------------------------------------------------------------------------------------------------------------------------


 
    Solving:  Stress period:     2    Time step:    34
 

 SLN_1 OUTER ITERATION SUMMARY
 ----------------------------------------------------------------------------------------------------------------------------------------------------------------
                                OUTER      INNER  BACKTRACK  BACKTRACK        INCOMING        OUTGOING                    STEP   MAXIMUM CHANGE MODEL-(CELLID) OR
 OUTER ITERATION STEP       ITERATION  ITERATION       FLAG ITERATIONS        RESIDUAL        RESIDUAL  MAXIMUM CHANGE SUCCESS             MODEL-PACKAGE-(NUMBER)
 ----------------------------------------------------------------------------------------------------------------------------------------------------------------
 Backtracking                       1                     0          0       338.10536       338.10536                       *                                   
 Model                              1          2                                                           -0.14830614                             1_GWF-(1,2,30)
 Backtracking                       2                     0          0  2.88167828E-04  2.88167828E-04                       *                                   
 Model                              2          1                                                       -1.83014986E-07       *                     1_GWF-(1,3,34)
 ----------------------------------------------------------------------------------------------------------------------------------------------------------------


 2 CALLS TO NUMERICAL SOLUTION IN TIME STEP 34 STRESS PERIOD 2
 3 TOTAL ITERATIONS

 SLN_1 INNER ITERATION SUMMARY
 --------------------------------------------------------------------------------------------------------------------------------------
      TOTAL      OUTER      INNER                                                            MAXIMUM                                   
  ITERATION  ITERATION  ITERATION  MAXIMUM CHANGE      MAXIMUM CHANGE MODEL-(CELLID)        RESIDUAL    MAXIMUM RESIDUAL MODEL-(CELLID)
 --------------------------------------------------------------------------------------------------------------------------------------
          1          1          1     -0.14820649                     1_GWF-(1,2,30) -4.10247953E-02                    1_GWF-(1,23,54)
          2          1          2  1.92282687E-04                    1_GWF-(1,22,53) -2.95175806E-05                     1_GWF-(1,27,5)
          3          2          1 -1.83014986E-07                     1_GWF-(1,3,34)  6.77229635E-08                     1_GWF-(1,3,28)
 --------------------------------------------------------------------------------------------------------------------------------------


 
    Solving:  Stress period:     2    Time step:    35
 

 SLN_1 OUTER ITERATION SUMMARY
 ----------------------------------------------------------------------------------------------------------------------------------------------------------------
                                OUTER      INNER  BACKTRACK  BACKTRACK        INCOMING        OUTGOING                    STEP   MAXIMUM CHANGE MODEL-(CELLID) OR
 OUTER ITERATION STEP       ITERATION  ITERATION       FLAG ITERATIONS        RESIDUAL        RESIDUAL  MAXIMUM CHANGE SUCCESS             MODEL-PACKAGE-(NUMBER)
 ----------------------------------------------------------------------------------------------------------------------------------------------------------------
 Backtracking                       1                     0          0       327.72684       327.72684                       *                                   
 Model                              1          2                                                           -0.14589596                             1_GWF-(1,2,29)
 Backtracking                       2                     0          0  2.78269542E-04  2.78269542E-04                       *                                   
 Model                              2          1                                                       -1.76720942E-07       *                     1_GWF-(1,3,34)
 ----------------------------------------------------------------------------------------------------------------------------------------------------------------


 2 CALLS TO NUMERICAL SOLUTION IN TIME STEP 35 STRESS PERIOD 2
 3 TOTAL ITERATIONS

 SLN_1 INNER ITERATION SUMMARY
 --------------------------------------------------------------------------------------------------------------------------------------
      TOTAL      OUTER      INNER                                                            MAXIMUM                                   
  ITERATION  ITERATION  ITERATION  MAXIMUM CHANGE      MAXIMUM CHANGE MODEL-(CELLID)        RESIDUAL    MAXIMUM RESIDUAL MODEL-(CELLID)
 --------------------------------------------------------------------------------------------------------------------------------------
          1          1          1     -0.14580396                     1_GWF-(1,2,29) -3.89038067E-02                    1_GWF-(1,23,54)
          2          1          2  1.82351510E-04                    1_GWF-(1,22,53) -2.88922768E-05                     1_GWF-(1,27,5)
          3          2          1 -1.76720942E-07                     1_GWF-(1,3,34)  6.50955448E-08                     1_GWF-(1,3,28)
 --------------------------------------------------------------------------------------------------------------------------------------


 
    Solving:  Stress period:     2    Time step:    36
 

 SLN_1 OUTER ITERATION SUMMARY
 ----------------------------------------------------------------------------------------------------------------------------------------------------------------
                                OUTER      INNER  BACKTRACK  BACKTRACK        INCOMING        OUTGOING                    STEP   MAXIMUM CHANGE MODEL-(CELLID) OR
 OUTER ITERATION STEP       ITERATION  ITERATION       FLAG ITERATIONS        RESIDUAL        RESIDUAL  MAXIMUM CHANGE SUCCESS             MODEL-PACKAGE-(NUMBER)
 ----------------------------------------------------------------------------------------------------------------------------------------------------------------
 Backtracking                       1                     0          0       317.74868       317.74868                       *                                   
 Model                              1          2                                                           -0.14352181                             1_GWF-(1,2,29)
 Backtracking                       2                     0          0  2.68897320E-04  2.68897320E-04                       *                                   
 Model                              2          1                                                       -1.70744963E-07       *                     1_GWF-(1,3,34)
 ----------------------------------------------------------------------------------------------------------------------------------------------------------------


 2 CALLS TO NUMERICAL SOLUTION IN TIME STEP 36 STRESS PERIOD 2
 3 TOTAL ITERATIONS

 SLN_1 INNER ITERATION SUMMARY
 --------------------------------------------------------------------------------------------------------------------------------------
      TOTAL      OUTER      INNER                                                            MAXIMUM                                   
  ITERATION  ITERATION  ITERATION  MAXIMUM CHANGE      MAXIMUM CHANGE MODEL-(CELLID)        RESIDUAL    MAXIMUM RESIDUAL MODEL-(CELLID)
 --------------------------------------------------------------------------------------------------------------------------------------
          1          1          1     -0.14343257                     1_GWF-(1,2,29) -3.68797883E-02                    1_GWF-(1,23,54)
          2          1          2  1.72873846E-04                    1_GWF-(1,22,53) -2.82648828E-05                     1_GWF-(1,27,5)
          3          2          1 -1.70744963E-07                     1_GWF-(1,3,34)  6.26114196E-08                     1_GWF-(1,3,28)
 --------------------------------------------------------------------------------------------------------------------------------------


 
    Solving:  Stress period:     2    Time step:    37
 

 SLN_1 OUTER ITERATION SUMMARY
 ----------------------------------------------------------------------------------------------------------------------------------------------------------------
                                OUTER      INNER  BACKTRACK  BACKTRACK        INCOMING        OUTGOING                    STEP   MAXIMUM CHANGE MODEL-(CELLID) OR
 OUTER ITERATION STEP       ITERATION  ITERATION       FLAG ITERATIONS        RESIDUAL        RESIDUAL  MAXIMUM CHANGE SUCCESS             MODEL-PACKAGE-(NUMBER)
 ----------------------------------------------------------------------------------------------------------------------------------------------------------------
 Backtracking                       1                     0          0       308.14578       308.14578                       *                                   
 Model                              1          2                                                           -0.14108478                             1_GWF-(1,2,28)
 Backtracking                       2                     0          0  2.60001562E-04  2.60001562E-04                       *                                   
 Model                              2          1                                                       -1.65060167E-07       *                     1_GWF-(1,3,34)
 ----------------------------------------------------------------------------------------------------------------------------------------------------------------


 2 CALLS TO NUMERICAL SOLUTION IN TIME STEP 37 STRESS PERIOD 2
 3 TOTAL ITERATIONS

 SLN_1 INNER ITERATION SUMMARY
 --------------------------------------------------------------------------------------------------------------------------------------
      TOTAL      OUTER      INNER                                                            MAXIMUM                                   
  ITERATION  ITERATION  ITERATION  MAXIMUM CHANGE      MAXIMUM CHANGE MODEL-(CELLID)        RESIDUAL    MAXIMUM RESIDUAL MODEL-(CELLID)
 --------------------------------------------------------------------------------------------------------------------------------------
          1          1          1     -0.14100158                     1_GWF-(1,2,28) -3.49505788E-02                    1_GWF-(1,23,54)
          2          1          2  1.63839459E-04                    1_GWF-(1,22,53) -2.76375084E-05                     1_GWF-(1,27,5)
          3          2          1 -1.65060168E-07                     1_GWF-(1,3,34)  6.02593212E-08                     1_GWF-(1,3,28)
 --------------------------------------------------------------------------------------------------------------------------------------


 
    Solving:  Stress period:     2    Time step:    38
 

 SLN_1 OUTER ITERATION SUMMARY
 ----------------------------------------------------------------------------------------------------------------------------------------------------------------
                                OUTER      INNER  BACKTRACK  BACKTRACK        INCOMING        OUTGOING                    STEP   MAXIMUM CHANGE MODEL-(CELLID) OR
 OUTER ITERATION STEP       ITERATION  ITERATION       FLAG ITERATIONS        RESIDUAL        RESIDUAL  MAXIMUM CHANGE SUCCESS             MODEL-PACKAGE-(NUMBER)
 ----------------------------------------------------------------------------------------------------------------------------------------------------------------
 Backtracking                       1                     0          0       298.89568       298.89568                       *                                   
 Model                              1          2                                                           -0.13863844                             1_GWF-(1,2,28)
 Backtracking                       2                     0          0  2.51539213E-04  2.51539213E-04                       *                                   
 Model                              2          1                                                       -1.59642986E-07       *                     1_GWF-(1,3,34)
 ----------------------------------------------------------------------------------------------------------------------------------------------------------------


 2 CALLS TO NUMERICAL SOLUTION IN TIME STEP 38 STRESS PERIOD 2
 3 TOTAL ITERATIONS

 SLN_1 INNER ITERATION SUMMARY
 --------------------------------------------------------------------------------------------------------------------------------------
      TOTAL      OUTER      INNER                                                            MAXIMUM                                   
  ITERATION  ITERATION  ITERATION  MAXIMUM CHANGE      MAXIMUM CHANGE MODEL-(CELLID)        RESIDUAL    MAXIMUM RESIDUAL MODEL-(CELLID)
 --------------------------------------------------------------------------------------------------------------------------------------
          1          1          1     -0.13855772                     1_GWF-(1,2,28) -3.31136140E-02                    1_GWF-(1,23,54)
          2          1          2  1.55236294E-04                    1_GWF-(1,22,53) -2.70119672E-05                     1_GWF-(1,27,5)
          3          2          1 -1.59642986E-07                     1_GWF-(1,3,34)  5.80291949E-08                     1_GWF-(1,3,28)
 --------------------------------------------------------------------------------------------------------------------------------------


 
    Solving:  Stress period:     2    Time step:    39
 

 SLN_1 OUTER ITERATION SUMMARY
 ----------------------------------------------------------------------------------------------------------------------------------------------------------------
                                OUTER      INNER  BACKTRACK  BACKTRACK        INCOMING        OUTGOING                    STEP   MAXIMUM CHANGE MODEL-(CELLID) OR
 OUTER ITERATION STEP       ITERATION  ITERATION       FLAG ITERATIONS        RESIDUAL        RESIDUAL  MAXIMUM CHANGE SUCCESS             MODEL-PACKAGE-(NUMBER)
 ----------------------------------------------------------------------------------------------------------------------------------------------------------------
 Backtracking                       1                     0          0       289.97818       289.97818                       *                                   
 Model                              1          2                                                           -0.13613712                             1_GWF-(1,2,28)
 Backtracking                       2                     0          0  2.43472768E-04  2.43472768E-04                       *                                   
 Model                              2          1                                                       -1.54472634E-07       *                     1_GWF-(1,3,34)
 ----------------------------------------------------------------------------------------------------------------------------------------------------------------


 2 CALLS TO NUMERICAL SOLUTION IN TIME STEP 39 STRESS PERIOD 2
 3 TOTAL ITERATIONS

 SLN_1 INNER ITERATION SUMMARY
 --------------------------------------------------------------------------------------------------------------------------------------
      TOTAL      OUTER      INNER                                                            MAXIMUM                                   
  ITERATION  ITERATION  ITERATION  MAXIMUM CHANGE      MAXIMUM CHANGE MODEL-(CELLID)        RESIDUAL    MAXIMUM RESIDUAL MODEL-(CELLID)
 --------------------------------------------------------------------------------------------------------------------------------------
          1          1          1     -0.13605878                     1_GWF-(1,2,28) -3.13660356E-02                    1_GWF-(1,23,54)
          2          1          2  1.47050967E-04                    1_GWF-(1,22,53) -2.63898188E-05                     1_GWF-(1,27,5)
          3          2          1 -1.54472634E-07                     1_GWF-(1,3,34)  5.59120090E-08                     1_GWF-(1,3,28)
 --------------------------------------------------------------------------------------------------------------------------------------


 
    Solving:  Stress period:     2    Time step:    40
 

 SLN_1 OUTER ITERATION SUMMARY
 ----------------------------------------------------------------------------------------------------------------------------------------------------------------
                                OUTER      INNER  BACKTRACK  BACKTRACK        INCOMING        OUTGOING                    STEP   MAXIMUM CHANGE MODEL-(CELLID) OR
 OUTER ITERATION STEP       ITERATION  ITERATION       FLAG ITERATIONS        RESIDUAL        RESIDUAL  MAXIMUM CHANGE SUCCESS             MODEL-PACKAGE-(NUMBER)
 ----------------------------------------------------------------------------------------------------------------------------------------------------------------
 Backtracking                       1                     0          0       281.37504       281.37504                       *                                   
 Model                              1          2                                                           -0.13359206                             1_GWF-(1,2,28)
 Backtracking                       2                     0          0  2.35769448E-04  2.35769448E-04                       *                                   
 Model                              2          1                                                       -1.49530708E-07       *                     1_GWF-(1,3,34)
 ----------------------------------------------------------------------------------------------------------------------------------------------------------------


 2 CALLS TO NUMERICAL SOLUTION IN TIME STEP 40 STRESS PERIOD 2
 3 TOTAL ITERATIONS

 SLN_1 INNER ITERATION SUMMARY
 --------------------------------------------------------------------------------------------------------------------------------------
      TOTAL      OUTER      INNER                                                            MAXIMUM                                   
  ITERATION  ITERATION  ITERATION  MAXIMUM CHANGE      MAXIMUM CHANGE MODEL-(CELLID)        RESIDUAL    MAXIMUM RESIDUAL MODEL-(CELLID)
 --------------------------------------------------------------------------------------------------------------------------------------
          1          1          1     -0.13351601                     1_GWF-(1,2,28) -2.97047800E-02                    1_GWF-(1,23,54)
          2          1          2 -1.42253682E-04                     1_GWF-(1,3,34) -2.57724018E-05                     1_GWF-(1,27,5)
          3          2          1 -1.49530708E-07                     1_GWF-(1,3,34)  5.38996338E-08                     1_GWF-(1,3,28)
 --------------------------------------------------------------------------------------------------------------------------------------


 
    Solving:  Stress period:     2    Time step:    41
 

 SLN_1 OUTER ITERATION SUMMARY
 ----------------------------------------------------------------------------------------------------------------------------------------------------------------
                                OUTER      INNER  BACKTRACK  BACKTRACK        INCOMING        OUTGOING                    STEP   MAXIMUM CHANGE MODEL-(CELLID) OR
 OUTER ITERATION STEP       ITERATION  ITERATION       FLAG ITERATIONS        RESIDUAL        RESIDUAL  MAXIMUM CHANGE SUCCESS             MODEL-PACKAGE-(NUMBER)
 ----------------------------------------------------------------------------------------------------------------------------------------------------------------
 Backtracking                       1                     0          0       273.06974       273.06974                       *                                   
 Model                              1          2                                                           -0.13101357                             1_GWF-(1,2,28)
 Backtracking                       2                     0          0  2.28400487E-04  2.28400487E-04                       *                                   
 Model                              2          1                                                       -1.44800838E-07       *                     1_GWF-(1,3,34)
 ----------------------------------------------------------------------------------------------------------------------------------------------------------------


 2 CALLS TO NUMERICAL SOLUTION IN TIME STEP 41 STRESS PERIOD 2
 3 TOTAL ITERATIONS

 SLN_1 INNER ITERATION SUMMARY
 --------------------------------------------------------------------------------------------------------------------------------------
      TOTAL      OUTER      INNER                                                            MAXIMUM                                   
  ITERATION  ITERATION  ITERATION  MAXIMUM CHANGE      MAXIMUM CHANGE MODEL-(CELLID)        RESIDUAL    MAXIMUM RESIDUAL MODEL-(CELLID)
 --------------------------------------------------------------------------------------------------------------------------------------
          1          1          1     -0.13093973                     1_GWF-(1,2,28) -2.81266496E-02                    1_GWF-(1,23,54)
          2          1          2 -1.38551880E-04                     1_GWF-(1,3,34) -2.51608628E-05                     1_GWF-(1,27,5)
          3          2          1 -1.44800838E-07                     1_GWF-(1,3,34)  5.19847170E-08                     1_GWF-(1,3,28)
 --------------------------------------------------------------------------------------------------------------------------------------


 
    Solving:  Stress period:     2    Time step:    42
 

 SLN_1 OUTER ITERATION SUMMARY
 ----------------------------------------------------------------------------------------------------------------------------------------------------------------
                                OUTER      INNER  BACKTRACK  BACKTRACK        INCOMING        OUTGOING                    STEP   MAXIMUM CHANGE MODEL-(CELLID) OR
 OUTER ITERATION STEP       ITERATION  ITERATION       FLAG ITERATIONS        RESIDUAL        RESIDUAL  MAXIMUM CHANGE SUCCESS             MODEL-PACKAGE-(NUMBER)
 ----------------------------------------------------------------------------------------------------------------------------------------------------------------
 Backtracking                       1                     0          0       265.04718       265.04718                       *                                   
 Model                              1          2                                                           -0.12841106                             1_GWF-(1,2,28)
 Backtracking                       2                     0          0  2.21340559E-04  2.21340559E-04                       *                                   
 Model                              2          1                                                       -1.40268392E-07       *                     1_GWF-(1,3,34)
 ----------------------------------------------------------------------------------------------------------------------------------------------------------------


 2 CALLS TO NUMERICAL SOLUTION IN TIME STEP 42 STRESS PERIOD 2
 3 TOTAL ITERATIONS

 SLN_1 INNER ITERATION SUMMARY
 --------------------------------------------------------------------------------------------------------------------------------------
      TOTAL      OUTER      INNER                                                            MAXIMUM                                   
  ITERATION  ITERATION  ITERATION  MAXIMUM CHANGE      MAXIMUM CHANGE MODEL-(CELLID)        RESIDUAL    MAXIMUM RESIDUAL MODEL-(CELLID)
 --------------------------------------------------------------------------------------------------------------------------------------
          1          1          1     -0.12833935                     1_GWF-(1,2,28) -2.66283703E-02                    1_GWF-(1,23,54)
          2          1          2 -1.34948783E-04                     1_GWF-(1,3,34) -2.45561798E-05                     1_GWF-(1,27,5)
          3          2          1 -1.40268392E-07                     1_GWF-(1,3,34)  5.01605830E-08                     1_GWF-(1,3,28)
 --------------------------------------------------------------------------------------------------------------------------------------


 
    Solving:  Stress period:     2    Time step:    43
 

 SLN_1 OUTER ITERATION SUMMARY
 ----------------------------------------------------------------------------------------------------------------------------------------------------------------
                                OUTER      INNER  BACKTRACK  BACKTRACK        INCOMING        OUTGOING                    STEP   MAXIMUM CHANGE MODEL-(CELLID) OR
 OUTER ITERATION STEP       ITERATION  ITERATION       FLAG ITERATIONS        RESIDUAL        RESIDUAL  MAXIMUM CHANGE SUCCESS             MODEL-PACKAGE-(NUMBER)
 ----------------------------------------------------------------------------------------------------------------------------------------------------------------
 Backtracking                       1                     0          0       257.29359       257.29359                       *                                   
 Model                              1          2                                                           -0.12579308                             1_GWF-(1,2,28)
 Backtracking                       2                     0          0  2.14567279E-04  2.14567279E-04                       *                                   
 Model                              2          1                                                       -1.35920242E-07       *                     1_GWF-(1,3,34)
 ----------------------------------------------------------------------------------------------------------------------------------------------------------------


 2 CALLS TO NUMERICAL SOLUTION IN TIME STEP 43 STRESS PERIOD 2
 3 TOTAL ITERATIONS

 SLN_1 INNER ITERATION SUMMARY
 --------------------------------------------------------------------------------------------------------------------------------------
      TOTAL      OUTER      INNER                                                            MAXIMUM                                   
  ITERATION  ITERATION  ITERATION  MAXIMUM CHANGE      MAXIMUM CHANGE MODEL-(CELLID)        RESIDUAL    MAXIMUM RESIDUAL MODEL-(CELLID)
 --------------------------------------------------------------------------------------------------------------------------------------
          1          1          1     -0.12572343                     1_GWF-(1,2,28) -2.52066371E-02                    1_GWF-(1,23,54)
          2          1          2 -1.31440237E-04                     1_GWF-(1,3,34) -2.39591821E-05                     1_GWF-(1,27,5)
          3          2          1 -1.35920242E-07                     1_GWF-(1,3,34) -4.86031299E-08                     1_GWF-(1,30,6)
 --------------------------------------------------------------------------------------------------------------------------------------


 
    Solving:  Stress period:     2    Time step:    44
 

 SLN_1 OUTER ITERATION SUMMARY
 ----------------------------------------------------------------------------------------------------------------------------------------------------------------
                                OUTER      INNER  BACKTRACK  BACKTRACK        INCOMING        OUTGOING                    STEP   MAXIMUM CHANGE MODEL-(CELLID) OR
 OUTER ITERATION STEP       ITERATION  ITERATION       FLAG ITERATIONS        RESIDUAL        RESIDUAL  MAXIMUM CHANGE SUCCESS             MODEL-PACKAGE-(NUMBER)
 ----------------------------------------------------------------------------------------------------------------------------------------------------------------
 Backtracking                       1                     0          0       249.79631       249.79631                       *                                   
 Model                              1          2                                                           -0.12316738                             1_GWF-(1,2,28)
 Backtracking                       2                     0          0  2.08060790E-04  2.08060790E-04                       *                                   
 Model                              2          1                                                       -1.31744560E-07       *                     1_GWF-(1,3,34)
 ----------------------------------------------------------------------------------------------------------------------------------------------------------------


 2 CALLS TO NUMERICAL SOLUTION IN TIME STEP 44 STRESS PERIOD 2
 3 TOTAL ITERATIONS

 SLN_1 INNER ITERATION SUMMARY
 --------------------------------------------------------------------------------------------------------------------------------------
      TOTAL      OUTER      INNER                                                            MAXIMUM                                   
  ITERATION  ITERATION  ITERATION  MAXIMUM CHANGE      MAXIMUM CHANGE MODEL-(CELLID)        RESIDUAL    MAXIMUM RESIDUAL MODEL-(CELLID)
 --------------------------------------------------------------------------------------------------------------------------------------
          1          1          1     -0.12309972                     1_GWF-(1,2,28) -2.39593777E-02                     1_GWF-(1,28,4)
          2          1          2 -1.28022518E-04                     1_GWF-(1,3,34) -2.33705686E-05                     1_GWF-(1,27,5)
          3          2          1 -1.31744560E-07                     1_GWF-(1,3,34) -4.73656438E-08                     1_GWF-(1,30,6)
 --------------------------------------------------------------------------------------------------------------------------------------


 
    Solving:  Stress period:     2    Time step:    45
 

 SLN_1 OUTER ITERATION SUMMARY
 ----------------------------------------------------------------------------------------------------------------------------------------------------------------
                                OUTER      INNER  BACKTRACK  BACKTRACK        INCOMING        OUTGOING                    STEP   MAXIMUM CHANGE MODEL-(CELLID) OR
 OUTER ITERATION STEP       ITERATION  ITERATION       FLAG ITERATIONS        RESIDUAL        RESIDUAL  MAXIMUM CHANGE SUCCESS             MODEL-PACKAGE-(NUMBER)
 ----------------------------------------------------------------------------------------------------------------------------------------------------------------
 Backtracking                       1                     0          0       242.54366       242.54366                       *                                   
 Model                              1          2                                                           -0.12054094                             1_GWF-(1,2,28)
 Backtracking                       2                     0          0  2.01803412E-04  2.01803412E-04                       *                                   
 Model                              2          1                                                       -1.27730661E-07       *                     1_GWF-(1,3,34)
 ----------------------------------------------------------------------------------------------------------------------------------------------------------------


 2 CALLS TO NUMERICAL SOLUTION IN TIME STEP 45 STRESS PERIOD 2
 3 TOTAL ITERATIONS

 SLN_1 INNER ITERATION SUMMARY
 --------------------------------------------------------------------------------------------------------------------------------------
      TOTAL      OUTER      INNER                                                            MAXIMUM                                   
  ITERATION  ITERATION  ITERATION  MAXIMUM CHANGE      MAXIMUM CHANGE MODEL-(CELLID)        RESIDUAL    MAXIMUM RESIDUAL MODEL-(CELLID)
 --------------------------------------------------------------------------------------------------------------------------------------
          1          1          1     -0.12047519                     1_GWF-(1,2,28) -2.34352832E-02                     1_GWF-(1,28,4)
          2          1          2 -1.24692268E-04                     1_GWF-(1,3,34) -2.27909227E-05                     1_GWF-(1,27,5)
          3          2          1 -1.27730661E-07                     1_GWF-(1,3,34) -4.61515655E-08                     1_GWF-(1,30,6)
 --------------------------------------------------------------------------------------------------------------------------------------


 
    Solving:  Stress period:     2    Time step:    46
 

 SLN_1 OUTER ITERATION SUMMARY
 ----------------------------------------------------------------------------------------------------------------------------------------------------------------
                                OUTER      INNER  BACKTRACK  BACKTRACK        INCOMING        OUTGOING                    STEP   MAXIMUM CHANGE MODEL-(CELLID) OR
 OUTER ITERATION STEP       ITERATION  ITERATION       FLAG ITERATIONS        RESIDUAL        RESIDUAL  MAXIMUM CHANGE SUCCESS             MODEL-PACKAGE-(NUMBER)
 ----------------------------------------------------------------------------------------------------------------------------------------------------------------
 Backtracking                       1                     0          0       235.52485       235.52485                       *                                   
 Model                              1          2                                                           -0.11792000                             1_GWF-(1,2,28)
 Backtracking                       2                     0          0  1.95779345E-04  1.95779345E-04                       *                                   
 Model                              2          1                                                       -1.23868847E-07       *                     1_GWF-(1,3,34)
 ----------------------------------------------------------------------------------------------------------------------------------------------------------------


 2 CALLS TO NUMERICAL SOLUTION IN TIME STEP 46 STRESS PERIOD 2
 3 TOTAL ITERATIONS

 SLN_1 INNER ITERATION SUMMARY
 --------------------------------------------------------------------------------------------------------------------------------------
      TOTAL      OUTER      INNER                                                            MAXIMUM                                   
  ITERATION  ITERATION  ITERATION  MAXIMUM CHANGE      MAXIMUM CHANGE MODEL-(CELLID)        RESIDUAL    MAXIMUM RESIDUAL MODEL-(CELLID)
 --------------------------------------------------------------------------------------------------------------------------------------
          1          1          1     -0.11785611                     1_GWF-(1,2,28) -2.29134451E-02                     1_GWF-(1,28,4)
          2          1          2 -1.21446443E-04                     1_GWF-(1,3,34) -2.22207262E-05                     1_GWF-(1,27,5)
          3          2          1 -1.23868846E-07                     1_GWF-(1,3,34) -4.49613983E-08                     1_GWF-(1,30,6)
 --------------------------------------------------------------------------------------------------------------------------------------


 
    Solving:  Stress period:     2    Time step:    47
 

 SLN_1 OUTER ITERATION SUMMARY
 ----------------------------------------------------------------------------------------------------------------------------------------------------------------
                                OUTER      INNER  BACKTRACK  BACKTRACK        INCOMING        OUTGOING                    STEP   MAXIMUM CHANGE MODEL-(CELLID) OR
 OUTER ITERATION STEP       ITERATION  ITERATION       FLAG ITERATIONS        RESIDUAL        RESIDUAL  MAXIMUM CHANGE SUCCESS             MODEL-PACKAGE-(NUMBER)
 ----------------------------------------------------------------------------------------------------------------------------------------------------------------
 Backtracking                       1                     0          0       228.72987       228.72987                       *                                   
 Model                              1          2                                                           -0.11531018                             1_GWF-(1,2,28)
 Backtracking                       2                     0          0  1.89974419E-04  1.89974419E-04                       *                                   
 Model                              2          1                                                       -1.20150304E-07       *                     1_GWF-(1,3,34)
 ----------------------------------------------------------------------------------------------------------------------------------------------------------------


 2 CALLS TO NUMERICAL SOLUTION IN TIME STEP 47 STRESS PERIOD 2
 3 TOTAL ITERATIONS

 SLN_1 INNER ITERATION SUMMARY
 --------------------------------------------------------------------------------------------------------------------------------------
      TOTAL      OUTER      INNER                                                            MAXIMUM                                   
  ITERATION  ITERATION  ITERATION  MAXIMUM CHANGE      MAXIMUM CHANGE MODEL-(CELLID)        RESIDUAL    MAXIMUM RESIDUAL MODEL-(CELLID)
 --------------------------------------------------------------------------------------------------------------------------------------
          1          1          1     -0.11524808                     1_GWF-(1,2,28) -2.23948876E-02                     1_GWF-(1,28,4)
          2          1          2 -1.18282272E-04                     1_GWF-(1,3,34) -2.16603710E-05                     1_GWF-(1,27,5)
          3          2          1 -1.20150304E-07                     1_GWF-(1,3,34) -4.37954969E-08                     1_GWF-(1,30,6)
 --------------------------------------------------------------------------------------------------------------------------------------


 
    Solving:  Stress period:     2    Time step:    48
 

 SLN_1 OUTER ITERATION SUMMARY
 ----------------------------------------------------------------------------------------------------------------------------------------------------------------
                                OUTER      INNER  BACKTRACK  BACKTRACK        INCOMING        OUTGOING                    STEP   MAXIMUM CHANGE MODEL-(CELLID) OR
 OUTER ITERATION STEP       ITERATION  ITERATION       FLAG ITERATIONS        RESIDUAL        RESIDUAL  MAXIMUM CHANGE SUCCESS             MODEL-PACKAGE-(NUMBER)
 ----------------------------------------------------------------------------------------------------------------------------------------------------------------
 Backtracking                       1                     0          0       222.14940       222.14940                       *                                   
 Model                              1          2                                                           -0.11271645                             1_GWF-(1,2,28)
 Backtracking                       2                     0          0  1.84375878E-04  1.84375878E-04                       *                                   
 Model                              2          1                                                       -1.16566985E-07       *                     1_GWF-(1,3,34)
 ----------------------------------------------------------------------------------------------------------------------------------------------------------------


 2 CALLS TO NUMERICAL SOLUTION IN TIME STEP 48 STRESS PERIOD 2
 3 TOTAL ITERATIONS

 SLN_1 INNER ITERATION SUMMARY
 --------------------------------------------------------------------------------------------------------------------------------------
      TOTAL      OUTER      INNER                                                            MAXIMUM                                   
  ITERATION  ITERATION  ITERATION  MAXIMUM CHANGE      MAXIMUM CHANGE MODEL-(CELLID)        RESIDUAL    MAXIMUM RESIDUAL MODEL-(CELLID)
 --------------------------------------------------------------------------------------------------------------------------------------
          1          1          1     -0.11265609                     1_GWF-(1,2,28) -2.18805074E-02                     1_GWF-(1,28,4)
          2          1          2 -1.15197214E-04                     1_GWF-(1,3,34) -2.11101699E-05                     1_GWF-(1,27,5)
          3          2          1 -1.16566985E-07                     1_GWF-(1,3,34) -4.26540904E-08                     1_GWF-(1,30,6)
 --------------------------------------------------------------------------------------------------------------------------------------


 
    Solving:  Stress period:     2    Time step:    49
 

 SLN_1 OUTER ITERATION SUMMARY
 ----------------------------------------------------------------------------------------------------------------------------------------------------------------
                                OUTER      INNER  BACKTRACK  BACKTRACK        INCOMING        OUTGOING                    STEP   MAXIMUM CHANGE MODEL-(CELLID) OR
 OUTER ITERATION STEP       ITERATION  ITERATION       FLAG ITERATIONS        RESIDUAL        RESIDUAL  MAXIMUM CHANGE SUCCESS             MODEL-PACKAGE-(NUMBER)
 ----------------------------------------------------------------------------------------------------------------------------------------------------------------
 Backtracking                       1                     0          0       215.77473       215.77473                       *                                   
 Model                              1          2                                                           -0.11014323                             1_GWF-(1,2,28)
 Backtracking                       2                     0          0  1.78972201E-04  1.78972201E-04                       *                                   
 Model                              2          1                                                       -1.13111529E-07       *                     1_GWF-(1,3,34)
 ----------------------------------------------------------------------------------------------------------------------------------------------------------------


 2 CALLS TO NUMERICAL SOLUTION IN TIME STEP 49 STRESS PERIOD 2
 3 TOTAL ITERATIONS

 SLN_1 INNER ITERATION SUMMARY
 --------------------------------------------------------------------------------------------------------------------------------------
      TOTAL      OUTER      INNER                                                            MAXIMUM                                   
  ITERATION  ITERATION  ITERATION  MAXIMUM CHANGE      MAXIMUM CHANGE MODEL-(CELLID)        RESIDUAL    MAXIMUM RESIDUAL MODEL-(CELLID)
 --------------------------------------------------------------------------------------------------------------------------------------
          1          1          1     -0.11008454                     1_GWF-(1,2,28) -2.13710862E-02                     1_GWF-(1,28,4)
          2          1          2 -1.12188929E-04                     1_GWF-(1,3,34) -2.05703664E-05                     1_GWF-(1,27,5)
          3          2          1 -1.13111529E-07                     1_GWF-(1,3,34) -4.15372955E-08                     1_GWF-(1,30,6)
 --------------------------------------------------------------------------------------------------------------------------------------


 
    Solving:  Stress period:     2    Time step:    50
 

 SLN_1 OUTER ITERATION SUMMARY
 ----------------------------------------------------------------------------------------------------------------------------------------------------------------
                                OUTER      INNER  BACKTRACK  BACKTRACK        INCOMING        OUTGOING                    STEP   MAXIMUM CHANGE MODEL-(CELLID) OR
 OUTER ITERATION STEP       ITERATION  ITERATION       FLAG ITERATIONS        RESIDUAL        RESIDUAL  MAXIMUM CHANGE SUCCESS             MODEL-PACKAGE-(NUMBER)
 ----------------------------------------------------------------------------------------------------------------------------------------------------------------
 Backtracking                       1                     0          0       209.59772       209.59772                       *                                   
 Model                              1          2                                                           -0.10759439                             1_GWF-(1,2,28)
 Backtracking                       2                     0          0  1.73752944E-04  1.73752944E-04                       *                                   
 Model                              2          1                                                       -1.09777186E-07       *                     1_GWF-(1,3,34)
 ----------------------------------------------------------------------------------------------------------------------------------------------------------------


 2 CALLS TO NUMERICAL SOLUTION IN TIME STEP 50 STRESS PERIOD 2
 3 TOTAL ITERATIONS

 SLN_1 INNER ITERATION SUMMARY
 --------------------------------------------------------------------------------------------------------------------------------------
      TOTAL      OUTER      INNER                                                            MAXIMUM                                   
  ITERATION  ITERATION  ITERATION  MAXIMUM CHANGE      MAXIMUM CHANGE MODEL-(CELLID)        RESIDUAL    MAXIMUM RESIDUAL MODEL-(CELLID)
 --------------------------------------------------------------------------------------------------------------------------------------
          1          1          1     -0.10753734                     1_GWF-(1,2,28) -2.08673032E-02                     1_GWF-(1,28,4)
          2          1          2 -1.09255246E-04                     1_GWF-(1,3,34) -2.00411427E-05                     1_GWF-(1,27,5)
          3          2          1 -1.09777187E-07                     1_GWF-(1,3,34) -4.04451364E-08                     1_GWF-(1,30,6)
 --------------------------------------------------------------------------------------------------------------------------------------


 
    Solving:  Stress period:     2    Time step:    51
 

 SLN_1 OUTER ITERATION SUMMARY
 ----------------------------------------------------------------------------------------------------------------------------------------------------------------
                                OUTER      INNER  BACKTRACK  BACKTRACK        INCOMING        OUTGOING                    STEP   MAXIMUM CHANGE MODEL-(CELLID) OR
 OUTER ITERATION STEP       ITERATION  ITERATION       FLAG ITERATIONS        RESIDUAL        RESIDUAL  MAXIMUM CHANGE SUCCESS             MODEL-PACKAGE-(NUMBER)
 ----------------------------------------------------------------------------------------------------------------------------------------------------------------
 Backtracking                       1                     0          0       203.61072       203.61072                       *                                   
 Model                              1          2                                                           -0.10507336                             1_GWF-(1,2,28)
 Backtracking                       2                     0          0  1.68708601E-04  1.68708601E-04                       *                                   
 Model                              2          1                                                       -1.06557752E-07       *                     1_GWF-(1,3,34)
 ----------------------------------------------------------------------------------------------------------------------------------------------------------------


 2 CALLS TO NUMERICAL SOLUTION IN TIME STEP 51 STRESS PERIOD 2
 3 TOTAL ITERATIONS

 SLN_1 INNER ITERATION SUMMARY
 --------------------------------------------------------------------------------------------------------------------------------------
      TOTAL      OUTER      INNER                                                            MAXIMUM                                   
  ITERATION  ITERATION  ITERATION  MAXIMUM CHANGE      MAXIMUM CHANGE MODEL-(CELLID)        RESIDUAL    MAXIMUM RESIDUAL MODEL-(CELLID)
 --------------------------------------------------------------------------------------------------------------------------------------
          1          1          1     -0.10501789                     1_GWF-(1,2,28) -2.03697447E-02                     1_GWF-(1,28,4)
          2          1          2 -1.06394144E-04                     1_GWF-(1,3,34) -1.95226274E-05                     1_GWF-(1,27,5)
          3          2          1 -1.06557752E-07                     1_GWF-(1,3,34) -3.93775567E-08                     1_GWF-(1,30,6)
 --------------------------------------------------------------------------------------------------------------------------------------


 
    Solving:  Stress period:     2    Time step:    52
 

 SLN_1 OUTER ITERATION SUMMARY
 ----------------------------------------------------------------------------------------------------------------------------------------------------------------
                                OUTER      INNER  BACKTRACK  BACKTRACK        INCOMING        OUTGOING                    STEP   MAXIMUM CHANGE MODEL-(CELLID) OR
 OUTER ITERATION STEP       ITERATION  ITERATION       FLAG ITERATIONS        RESIDUAL        RESIDUAL  MAXIMUM CHANGE SUCCESS             MODEL-PACKAGE-(NUMBER)
 ----------------------------------------------------------------------------------------------------------------------------------------------------------------
 Backtracking                       1                     0          0       197.80655       197.80655                       *                                   
 Model                              1          2                                                           -0.10258310                             1_GWF-(1,2,28)
 Backtracking                       2                     0          0  1.63830506E-04  1.63830506E-04                       *                                   
 Model                              2          1                                                       -1.03447510E-07       *                     1_GWF-(1,3,34)
 ----------------------------------------------------------------------------------------------------------------------------------------------------------------


 2 CALLS TO NUMERICAL SOLUTION IN TIME STEP 52 STRESS PERIOD 2
 3 TOTAL ITERATIONS

 SLN_1 INNER ITERATION SUMMARY
 --------------------------------------------------------------------------------------------------------------------------------------
      TOTAL      OUTER      INNER                                                            MAXIMUM                                   
  ITERATION  ITERATION  ITERATION  MAXIMUM CHANGE      MAXIMUM CHANGE MODEL-(CELLID)        RESIDUAL    MAXIMUM RESIDUAL MODEL-(CELLID)
 --------------------------------------------------------------------------------------------------------------------------------------
          1          1          1     -0.10252916                     1_GWF-(1,2,28) -1.98789140E-02                     1_GWF-(1,28,4)
          2          1          2 -1.03603724E-04                     1_GWF-(1,3,34) -1.90149025E-05                     1_GWF-(1,27,5)
          3          2          1 -1.03447509E-07                     1_GWF-(1,3,34) -3.83344306E-08                     1_GWF-(1,30,6)
 --------------------------------------------------------------------------------------------------------------------------------------


 
    Solving:  Stress period:     3    Time step:     1
 
1
                            STRESS PERIOD NO. 3, LENGTH =   1.000000    
                            -----------------------------------------------
                            NUMBER OF TIME STEPS = 1
                            MULTIPLIER FOR DELT =     1.000
                            INITIAL TIME STEP SIZE =   1.000000    

 SLN_1 OUTER ITERATION SUMMARY
 ----------------------------------------------------------------------------------------------------------------------------------------------------------------
                                OUTER      INNER  BACKTRACK  BACKTRACK        INCOMING        OUTGOING                    STEP   MAXIMUM CHANGE MODEL-(CELLID) OR
 OUTER ITERATION STEP       ITERATION  ITERATION       FLAG ITERATIONS        RESIDUAL        RESIDUAL  MAXIMUM CHANGE SUCCESS             MODEL-PACKAGE-(NUMBER)
 ----------------------------------------------------------------------------------------------------------------------------------------------------------------
 Backtracking                       1                     0          0       14390.856       14390.856                       *                                   
 Model                              1          7                                                             11.834135                             1_GWF-(1,3,47)
 Backtracking                       2                     0          0      0.14500384      0.14500384                       *                                   
 Model                              2          1                                                       -2.29693063E-03       *                     1_GWF-(1,4,45)
 ----------------------------------------------------------------------------------------------------------------------------------------------------------------


 2 CALLS TO NUMERICAL SOLUTION IN TIME STEP 1 STRESS PERIOD 3
 8 TOTAL ITERATIONS

 SLN_1 INNER ITERATION SUMMARY
 --------------------------------------------------------------------------------------------------------------------------------------
      TOTAL      OUTER      INNER                                                            MAXIMUM                                   
  ITERATION  ITERATION  ITERATION  MAXIMUM CHANGE      MAXIMUM CHANGE MODEL-(CELLID)        RESIDUAL    MAXIMUM RESIDUAL MODEL-(CELLID)
 --------------------------------------------------------------------------------------------------------------------------------------
          1          1          1       9.0466298                    1_GWF-(1,41,11)      -53.809000                    1_GWF-(1,31,32)
          2          1          2       3.8756217                    1_GWF-(1,29,23)      -19.727996                     1_GWF-(1,4,44)
          3          1          3       3.7312989                     1_GWF-(1,4,40)      -13.267817                     1_GWF-(1,3,28)
          4          1          4       1.5275272                     1_GWF-(1,3,33)      -6.3933312                     1_GWF-(1,3,28)
          5          1          5       1.3092978                     1_GWF-(1,3,32)     -0.97108168                     1_GWF-(1,4,25)
          6          1          6      0.28424935                     1_GWF-(1,3,33) -9.32364855E-02                     1_GWF-(1,7,19)
          7          1          7  2.77349315E-02                     1_GWF-(1,6,32)  1.81010575E-02                     1_GWF-(1,4,45)
          8          2          1 -2.29693063E-03                     1_GWF-(1,4,45)  3.67291696E-03                     1_GWF-(1,3,38)
 --------------------------------------------------------------------------------------------------------------------------------------


 
    Solving:  Stress period:     4    Time step:     1
 
1
                            STRESS PERIOD NO. 4, LENGTH =   52.00000    
                            -----------------------------------------------
                            NUMBER OF TIME STEPS = 52
                            MULTIPLIER FOR DELT =     1.000
                            INITIAL TIME STEP SIZE =   1.000000    

 SLN_1 OUTER ITERATION SUMMARY
 ----------------------------------------------------------------------------------------------------------------------------------------------------------------
                                OUTER      INNER  BACKTRACK  BACKTRACK        INCOMING        OUTGOING                    STEP   MAXIMUM CHANGE MODEL-(CELLID) OR
 OUTER ITERATION STEP       ITERATION  ITERATION       FLAG ITERATIONS        RESIDUAL        RESIDUAL  MAXIMUM CHANGE SUCCESS             MODEL-PACKAGE-(NUMBER)
 ----------------------------------------------------------------------------------------------------------------------------------------------------------------
 Backtracking                       1                     0          0       18109.116       18109.116                       *                                   
 Model                              1          2                                                            -7.8041686                            1_GWF-(1,42,10)
 Backtracking                       2                     0          0  1.20209992E-02  1.20209992E-02                       *                                   
 Model                              2          1                                                       -5.45481206E-06       *                    1_GWF-(1,30,27)
 ----------------------------------------------------------------------------------------------------------------------------------------------------------------


 2 CALLS TO NUMERICAL SOLUTION IN TIME STEP 1 STRESS PERIOD 4
 3 TOTAL ITERATIONS

 SLN_1 INNER ITERATION SUMMARY
 --------------------------------------------------------------------------------------------------------------------------------------
      TOTAL      OUTER      INNER                                                            MAXIMUM                                   
  ITERATION  ITERATION  ITERATION  MAXIMUM CHANGE      MAXIMUM CHANGE MODEL-(CELLID)        RESIDUAL    MAXIMUM RESIDUAL MODEL-(CELLID)
 --------------------------------------------------------------------------------------------------------------------------------------
          1          1          1      -7.8023798                    1_GWF-(1,42,10)      0.78006153                    1_GWF-(1,36,25)
          2          1          2 -4.89737366E-03                    1_GWF-(1,34,25)  1.13355268E-03                    1_GWF-(1,31,32)
          3          2          1 -5.45481206E-06                    1_GWF-(1,30,27)  2.34065363E-06                    1_GWF-(1,31,27)
 --------------------------------------------------------------------------------------------------------------------------------------


 
    Solving:  Stress period:     4    Time step:     2
 

 SLN_1 OUTER ITERATION SUMMARY
 ----------------------------------------------------------------------------------------------------------------------------------------------------------------
                                OUTER      INNER  BACKTRACK  BACKTRACK        INCOMING        OUTGOING                    STEP   MAXIMUM CHANGE MODEL-(CELLID) OR
 OUTER ITERATION STEP       ITERATION  ITERATION       FLAG ITERATIONS        RESIDUAL        RESIDUAL  MAXIMUM CHANGE SUCCESS             MODEL-PACKAGE-(NUMBER)
 ----------------------------------------------------------------------------------------------------------------------------------------------------------------
 Backtracking                       1                     0          0       7920.0324       7920.0324                       *                                   
 Model                              1          2                                                            -2.8138580                             1_GWF-(1,44,9)
 Backtracking                       2                     0          0  5.79643592E-03  5.79643592E-03                       *                                   
 Model                              2          1                                                       -3.01445402E-06       *                    1_GWF-(1,27,21)
 ----------------------------------------------------------------------------------------------------------------------------------------------------------------


 2 CALLS TO NUMERICAL SOLUTION IN TIME STEP 2 STRESS PERIOD 4
 3 TOTAL ITERATIONS

 SLN_1 INNER ITERATION SUMMARY
 --------------------------------------------------------------------------------------------------------------------------------------
      TOTAL      OUTER      INNER                                                            MAXIMUM                                   
  ITERATION  ITERATION  ITERATION  MAXIMUM CHANGE      MAXIMUM CHANGE MODEL-(CELLID)        RESIDUAL    MAXIMUM RESIDUAL MODEL-(CELLID)
 --------------------------------------------------------------------------------------------------------------------------------------
          1          1          1      -2.8123654                     1_GWF-(1,44,9)      0.41167773                     1_GWF-(1,43,3)
          2          1          2 -2.52070508E-03                    1_GWF-(1,32,24)  4.66209594E-04                     1_GWF-(1,22,6)
          3          2          1 -3.01445402E-06                    1_GWF-(1,27,21)  6.66001784E-07                     1_GWF-(1,22,6)
 --------------------------------------------------------------------------------------------------------------------------------------


 
    Solving:  Stress period:     4    Time step:     3
 

 SLN_1 OUTER ITERATION SUMMARY
 ----------------------------------------------------------------------------------------------------------------------------------------------------------------
                                OUTER      INNER  BACKTRACK  BACKTRACK        INCOMING        OUTGOING                    STEP   MAXIMUM CHANGE MODEL-(CELLID) OR
 OUTER ITERATION STEP       ITERATION  ITERATION       FLAG ITERATIONS        RESIDUAL        RESIDUAL  MAXIMUM CHANGE SUCCESS             MODEL-PACKAGE-(NUMBER)
 ----------------------------------------------------------------------------------------------------------------------------------------------------------------
 Backtracking                       1                     0          0       4134.4252       4134.4252                       *                                   
 Model                              1          2                                                            -1.8680649                            1_GWF-(1,41,17)
 Backtracking                       2                     0          0  2.78133625E-03  2.78133625E-03                       *                                   
 Model                              2          1                                                       -1.49726458E-06       *                    1_GWF-(1,17,32)
 ----------------------------------------------------------------------------------------------------------------------------------------------------------------


 2 CALLS TO NUMERICAL SOLUTION IN TIME STEP 3 STRESS PERIOD 4
 3 TOTAL ITERATIONS

 SLN_1 INNER ITERATION SUMMARY
 --------------------------------------------------------------------------------------------------------------------------------------
      TOTAL      OUTER      INNER                                                            MAXIMUM                                   
  ITERATION  ITERATION  ITERATION  MAXIMUM CHANGE      MAXIMUM CHANGE MODEL-(CELLID)        RESIDUAL    MAXIMUM RESIDUAL MODEL-(CELLID)
 --------------------------------------------------------------------------------------------------------------------------------------
          1          1          1      -1.8665876                    1_GWF-(1,41,17)      0.30071481                     1_GWF-(1,28,1)
          2          1          2 -2.19932168E-03                     1_GWF-(1,47,5)  1.93468852E-04                     1_GWF-(1,22,6)
          3          2          1 -1.49726458E-06                    1_GWF-(1,17,32)  2.72310292E-07                     1_GWF-(1,20,7)
 --------------------------------------------------------------------------------------------------------------------------------------


 
    Solving:  Stress period:     4    Time step:     4
 

 SLN_1 OUTER ITERATION SUMMARY
 ----------------------------------------------------------------------------------------------------------------------------------------------------------------
                                OUTER      INNER  BACKTRACK  BACKTRACK        INCOMING        OUTGOING                    STEP   MAXIMUM CHANGE MODEL-(CELLID) OR
 OUTER ITERATION STEP       ITERATION  ITERATION       FLAG ITERATIONS        RESIDUAL        RESIDUAL  MAXIMUM CHANGE SUCCESS             MODEL-PACKAGE-(NUMBER)
 ----------------------------------------------------------------------------------------------------------------------------------------------------------------
 Backtracking                       1                     0          0       2523.3710       2523.3710                       *                                   
 Model                              1          2                                                            -1.3048258                             1_GWF-(1,47,5)
 Backtracking                       2                     0          0  2.13055200E-03  2.13055200E-03                       *                                   
 Model                              2          1                                                       -1.21639474E-06       *                    1_GWF-(1,16,32)
 ----------------------------------------------------------------------------------------------------------------------------------------------------------------


 2 CALLS TO NUMERICAL SOLUTION IN TIME STEP 4 STRESS PERIOD 4
 3 TOTAL ITERATIONS

 SLN_1 INNER ITERATION SUMMARY
 --------------------------------------------------------------------------------------------------------------------------------------
      TOTAL      OUTER      INNER                                                            MAXIMUM                                   
  ITERATION  ITERATION  ITERATION  MAXIMUM CHANGE      MAXIMUM CHANGE MODEL-(CELLID)        RESIDUAL    MAXIMUM RESIDUAL MODEL-(CELLID)
 --------------------------------------------------------------------------------------------------------------------------------------
          1          1          1      -1.3028348                     1_GWF-(1,47,5)      0.16800665                     1_GWF-(1,28,1)
          2          1          2 -1.99105121E-03                     1_GWF-(1,47,5)  1.25737298E-04                    1_GWF-(1,17,32)
          3          2          1 -1.21639474E-06                    1_GWF-(1,16,32)  2.19959640E-07                     1_GWF-(1,3,28)
 --------------------------------------------------------------------------------------------------------------------------------------


 
    Solving:  Stress period:     4    Time step:     5
 

 SLN_1 OUTER ITERATION SUMMARY
 ----------------------------------------------------------------------------------------------------------------------------------------------------------------
                                OUTER      INNER  BACKTRACK  BACKTRACK        INCOMING        OUTGOING                    STEP   MAXIMUM CHANGE MODEL-(CELLID) OR
 OUTER ITERATION STEP       ITERATION  ITERATION       FLAG ITERATIONS        RESIDUAL        RESIDUAL  MAXIMUM CHANGE SUCCESS             MODEL-PACKAGE-(NUMBER)
 ----------------------------------------------------------------------------------------------------------------------------------------------------------------
 Backtracking                       1                     0          0       1839.8971       1839.8971                       *                                   
 Model                              1          2                                                           -0.95040617                             1_GWF-(1,47,5)
 Backtracking                       2                     0          0  1.95071710E-03  1.95071710E-03                       *                                   
 Model                              2          1                                                       -1.06218942E-06       *                    1_GWF-(1,15,33)
 ----------------------------------------------------------------------------------------------------------------------------------------------------------------


 2 CALLS TO NUMERICAL SOLUTION IN TIME STEP 5 STRESS PERIOD 4
 3 TOTAL ITERATIONS

 SLN_1 INNER ITERATION SUMMARY
 --------------------------------------------------------------------------------------------------------------------------------------
      TOTAL      OUTER      INNER                                                            MAXIMUM                                   
  ITERATION  ITERATION  ITERATION  MAXIMUM CHANGE      MAXIMUM CHANGE MODEL-(CELLID)        RESIDUAL    MAXIMUM RESIDUAL MODEL-(CELLID)
 --------------------------------------------------------------------------------------------------------------------------------------
          1          1          1     -0.94912680                     1_GWF-(1,47,5)     -0.11549978                     1_GWF-(1,17,9)
          2          1          2 -1.27936911E-03                     1_GWF-(1,47,5) -1.41516274E-04                     1_GWF-(1,17,9)
          3          2          1 -1.06218942E-06                    1_GWF-(1,15,33)  2.44928383E-07                     1_GWF-(1,3,37)
 --------------------------------------------------------------------------------------------------------------------------------------


 
    Solving:  Stress period:     4    Time step:     6
 

 SLN_1 OUTER ITERATION SUMMARY
 ----------------------------------------------------------------------------------------------------------------------------------------------------------------
                                OUTER      INNER  BACKTRACK  BACKTRACK        INCOMING        OUTGOING                    STEP   MAXIMUM CHANGE MODEL-(CELLID) OR
 OUTER ITERATION STEP       ITERATION  ITERATION       FLAG ITERATIONS        RESIDUAL        RESIDUAL  MAXIMUM CHANGE SUCCESS             MODEL-PACKAGE-(NUMBER)
 ----------------------------------------------------------------------------------------------------------------------------------------------------------------
 Backtracking                       1                     0          0       1524.6209       1524.6209                       *                                   
 Model                              1          2                                                           -0.75377091                            1_GWF-(1,40,22)
 Backtracking                       2                     0          0  1.74204541E-03  1.74204541E-03                       *                                   
 Model                              2          1                                                       -8.57050111E-07       *                    1_GWF-(1,14,34)
 ----------------------------------------------------------------------------------------------------------------------------------------------------------------


 2 CALLS TO NUMERICAL SOLUTION IN TIME STEP 6 STRESS PERIOD 4
 3 TOTAL ITERATIONS

 SLN_1 INNER ITERATION SUMMARY
 --------------------------------------------------------------------------------------------------------------------------------------
      TOTAL      OUTER      INNER                                                            MAXIMUM                                   
  ITERATION  ITERATION  ITERATION  MAXIMUM CHANGE      MAXIMUM CHANGE MODEL-(CELLID)        RESIDUAL    MAXIMUM RESIDUAL MODEL-(CELLID)
 --------------------------------------------------------------------------------------------------------------------------------------
          1          1          1     -0.75348068                    1_GWF-(1,40,22)     -0.11734731                     1_GWF-(1,17,9)
          2          1          2 -6.69639134E-04                     1_GWF-(1,47,5) -1.64511118E-04                     1_GWF-(1,17,9)
          3          2          1 -8.57050111E-07                    1_GWF-(1,14,34) -2.78842516E-07                    1_GWF-(1,16,10)
 --------------------------------------------------------------------------------------------------------------------------------------


 
    Solving:  Stress period:     4    Time step:     7
 

 SLN_1 OUTER ITERATION SUMMARY
 ----------------------------------------------------------------------------------------------------------------------------------------------------------------
                                OUTER      INNER  BACKTRACK  BACKTRACK        INCOMING        OUTGOING                    STEP   MAXIMUM CHANGE MODEL-(CELLID) OR
 OUTER ITERATION STEP       ITERATION  ITERATION       FLAG ITERATIONS        RESIDUAL        RESIDUAL  MAXIMUM CHANGE SUCCESS             MODEL-PACKAGE-(NUMBER)
 ----------------------------------------------------------------------------------------------------------------------------------------------------------------
 Backtracking                       1                     0          0       1346.2181       1346.2181                       *                                   
 Model                              1          2                                                           -0.60204720                            1_GWF-(1,29,39)
 Backtracking                       2                     0          0  1.52480966E-03  1.52480966E-03                       *                                   
 Model                              2          1                                                       -6.83929169E-07       *                    1_GWF-(1,13,34)
 ----------------------------------------------------------------------------------------------------------------------------------------------------------------


 2 CALLS TO NUMERICAL SOLUTION IN TIME STEP 7 STRESS PERIOD 4
 3 TOTAL ITERATIONS

 SLN_1 INNER ITERATION SUMMARY
 --------------------------------------------------------------------------------------------------------------------------------------
      TOTAL      OUTER      INNER                                                            MAXIMUM                                   
  ITERATION  ITERATION  ITERATION  MAXIMUM CHANGE      MAXIMUM CHANGE MODEL-(CELLID)        RESIDUAL    MAXIMUM RESIDUAL MODEL-(CELLID)
 --------------------------------------------------------------------------------------------------------------------------------------
          1          1          1     -0.60193108                    1_GWF-(1,29,39)     -0.11428491                     1_GWF-(1,17,9)
          2          1          2 -4.84320393E-04                    1_GWF-(1,17,35) -1.63053740E-04                    1_GWF-(1,16,10)
          3          2          1 -6.83929169E-07                    1_GWF-(1,13,34) -2.98947681E-07                    1_GWF-(1,16,10)
 --------------------------------------------------------------------------------------------------------------------------------------


 
    Solving:  Stress period:     4    Time step:     8
 

 SLN_1 OUTER ITERATION SUMMARY
 ----------------------------------------------------------------------------------------------------------------------------------------------------------------
                                OUTER      INNER  BACKTRACK  BACKTRACK        INCOMING        OUTGOING                    STEP   MAXIMUM CHANGE MODEL-(CELLID) OR
 OUTER ITERATION STEP       ITERATION  ITERATION       FLAG ITERATIONS        RESIDUAL        RESIDUAL  MAXIMUM CHANGE SUCCESS             MODEL-PACKAGE-(NUMBER)
 ----------------------------------------------------------------------------------------------------------------------------------------------------------------
 Backtracking                       1                     0          0       1222.4424       1222.4424                       *                                   
 Model                              1          2                                                           -0.54882631                            1_GWF-(1,31,38)
 Backtracking                       2                     0          0  1.35665393E-03  1.35665393E-03                       *                                   
 Model                              2          1                                                       -5.76243091E-07       *                    1_GWF-(1,12,34)
 ----------------------------------------------------------------------------------------------------------------------------------------------------------------


 2 CALLS TO NUMERICAL SOLUTION IN TIME STEP 8 STRESS PERIOD 4
 3 TOTAL ITERATIONS

 SLN_1 INNER ITERATION SUMMARY
 --------------------------------------------------------------------------------------------------------------------------------------
      TOTAL      OUTER      INNER                                                            MAXIMUM                                   
  ITERATION  ITERATION  ITERATION  MAXIMUM CHANGE      MAXIMUM CHANGE MODEL-(CELLID)        RESIDUAL    MAXIMUM RESIDUAL MODEL-(CELLID)
 --------------------------------------------------------------------------------------------------------------------------------------
          1          1          1     -0.54869964                    1_GWF-(1,31,38)     -0.10916502                     1_GWF-(1,17,9)
          2          1          2  4.93339219E-04                    1_GWF-(1,22,53) -1.57931939E-04                    1_GWF-(1,16,10)
          3          2          1 -5.76243091E-07                    1_GWF-(1,12,34) -2.84624553E-07                    1_GWF-(1,16,10)
 --------------------------------------------------------------------------------------------------------------------------------------


 
    Solving:  Stress period:     4    Time step:     9
 

 SLN_1 OUTER ITERATION SUMMARY
 ----------------------------------------------------------------------------------------------------------------------------------------------------------------
                                OUTER      INNER  BACKTRACK  BACKTRACK        INCOMING        OUTGOING                    STEP   MAXIMUM CHANGE MODEL-(CELLID) OR
 OUTER ITERATION STEP       ITERATION  ITERATION       FLAG ITERATIONS        RESIDUAL        RESIDUAL  MAXIMUM CHANGE SUCCESS             MODEL-PACKAGE-(NUMBER)
 ----------------------------------------------------------------------------------------------------------------------------------------------------------------
 Backtracking                       1                     0          0       1125.0513       1125.0513                       *                                   
 Model                              1          2                                                           -0.50171620                            1_GWF-(1,32,38)
 Backtracking                       2                     0          0  1.23438641E-03  1.23438641E-03                       *                                   
 Model                              2          1                                                       -5.14892061E-07       *                     1_GWF-(1,3,35)
 ----------------------------------------------------------------------------------------------------------------------------------------------------------------


 2 CALLS TO NUMERICAL SOLUTION IN TIME STEP 9 STRESS PERIOD 4
 3 TOTAL ITERATIONS

 SLN_1 INNER ITERATION SUMMARY
 --------------------------------------------------------------------------------------------------------------------------------------
      TOTAL      OUTER      INNER                                                            MAXIMUM                                   
  ITERATION  ITERATION  ITERATION  MAXIMUM CHANGE      MAXIMUM CHANGE MODEL-(CELLID)        RESIDUAL    MAXIMUM RESIDUAL MODEL-(CELLID)
 --------------------------------------------------------------------------------------------------------------------------------------
          1          1          1     -0.50158950                    1_GWF-(1,32,38)     -0.10317216                     1_GWF-(1,17,9)
          2          1          2  5.07568433E-04                    1_GWF-(1,22,53) -1.49268014E-04                    1_GWF-(1,16,10)
          3          2          1 -5.14892061E-07                     1_GWF-(1,3,35) -2.65839348E-07                    1_GWF-(1,16,10)
 --------------------------------------------------------------------------------------------------------------------------------------


 
    Solving:  Stress period:     4    Time step:    10
 

 SLN_1 OUTER ITERATION SUMMARY
 ----------------------------------------------------------------------------------------------------------------------------------------------------------------
                                OUTER      INNER  BACKTRACK  BACKTRACK        INCOMING        OUTGOING                    STEP   MAXIMUM CHANGE MODEL-(CELLID) OR
 OUTER ITERATION STEP       ITERATION  ITERATION       FLAG ITERATIONS        RESIDUAL        RESIDUAL  MAXIMUM CHANGE SUCCESS             MODEL-PACKAGE-(NUMBER)
 ----------------------------------------------------------------------------------------------------------------------------------------------------------------
 Backtracking                       1                     0          0       1043.3701       1043.3701                       *                                   
 Model                              1          2                                                           -0.45485973                            1_GWF-(1,32,38)
 Backtracking                       2                     0          0  1.14017376E-03  1.14017376E-03                       *                                   
 Model                              2          1                                                       -4.98794803E-07       *                     1_GWF-(1,3,35)
 ----------------------------------------------------------------------------------------------------------------------------------------------------------------


 2 CALLS TO NUMERICAL SOLUTION IN TIME STEP 10 STRESS PERIOD 4
 3 TOTAL ITERATIONS

 SLN_1 INNER ITERATION SUMMARY
 --------------------------------------------------------------------------------------------------------------------------------------
      TOTAL      OUTER      INNER                                                            MAXIMUM                                   
  ITERATION  ITERATION  ITERATION  MAXIMUM CHANGE      MAXIMUM CHANGE MODEL-(CELLID)        RESIDUAL    MAXIMUM RESIDUAL MODEL-(CELLID)
 --------------------------------------------------------------------------------------------------------------------------------------
          1          1          1     -0.45474690                    1_GWF-(1,32,38)     -0.10261075                    1_GWF-(1,23,54)
          2          1          2  5.10255559E-04                    1_GWF-(1,22,53) -1.39848825E-04                    1_GWF-(1,16,10)
          3          2          1 -4.98794803E-07                     1_GWF-(1,3,35)  2.52171322E-07                    1_GWF-(1,22,51)
 --------------------------------------------------------------------------------------------------------------------------------------


 
    Solving:  Stress period:     4    Time step:    11
 

 SLN_1 OUTER ITERATION SUMMARY
 ----------------------------------------------------------------------------------------------------------------------------------------------------------------
                                OUTER      INNER  BACKTRACK  BACKTRACK        INCOMING        OUTGOING                    STEP   MAXIMUM CHANGE MODEL-(CELLID) OR
 OUTER ITERATION STEP       ITERATION  ITERATION       FLAG ITERATIONS        RESIDUAL        RESIDUAL  MAXIMUM CHANGE SUCCESS             MODEL-PACKAGE-(NUMBER)
 ----------------------------------------------------------------------------------------------------------------------------------------------------------------
 Backtracking                       1                     0          0       972.60321       972.60321                       *                                   
 Model                              1          2                                                           -0.42639752                            1_GWF-(1,30,23)
 Backtracking                       2                     0          0  1.06232825E-03  1.06232825E-03                       *                                   
 Model                              2          1                                                       -4.86956312E-07       *                     1_GWF-(1,3,35)
 ----------------------------------------------------------------------------------------------------------------------------------------------------------------


 2 CALLS TO NUMERICAL SOLUTION IN TIME STEP 11 STRESS PERIOD 4
 3 TOTAL ITERATIONS

 SLN_1 INNER ITERATION SUMMARY
 --------------------------------------------------------------------------------------------------------------------------------------
      TOTAL      OUTER      INNER                                                            MAXIMUM                                   
  ITERATION  ITERATION  ITERATION  MAXIMUM CHANGE      MAXIMUM CHANGE MODEL-(CELLID)        RESIDUAL    MAXIMUM RESIDUAL MODEL-(CELLID)
 --------------------------------------------------------------------------------------------------------------------------------------
          1          1          1     -0.42623577                    1_GWF-(1,30,23)     -0.10372842                    1_GWF-(1,23,54)
          2          1          2  5.05662115E-04                    1_GWF-(1,22,53) -1.30359247E-04                    1_GWF-(1,16,10)
          3          2          1 -4.86956312E-07                     1_GWF-(1,3,35)  2.46389207E-07                    1_GWF-(1,22,51)
 --------------------------------------------------------------------------------------------------------------------------------------


 
    Solving:  Stress period:     4    Time step:    12
 

 SLN_1 OUTER ITERATION SUMMARY
 ----------------------------------------------------------------------------------------------------------------------------------------------------------------
                                OUTER      INNER  BACKTRACK  BACKTRACK        INCOMING        OUTGOING                    STEP   MAXIMUM CHANGE MODEL-(CELLID) OR
 OUTER ITERATION STEP       ITERATION  ITERATION       FLAG ITERATIONS        RESIDUAL        RESIDUAL  MAXIMUM CHANGE SUCCESS             MODEL-PACKAGE-(NUMBER)
 ----------------------------------------------------------------------------------------------------------------------------------------------------------------
 Backtracking                       1                     0          0       910.16586       910.16586                       *                                   
 Model                              1          2                                                           -0.40282349                            1_GWF-(1,29,22)
 Backtracking                       2                     0          0  9.94767363E-04  9.94767363E-04                       *                                   
 Model                              2          1                                                       -4.76446189E-07       *                     1_GWF-(1,3,35)
 ----------------------------------------------------------------------------------------------------------------------------------------------------------------


 2 CALLS TO NUMERICAL SOLUTION IN TIME STEP 12 STRESS PERIOD 4
 3 TOTAL ITERATIONS

 SLN_1 INNER ITERATION SUMMARY
 --------------------------------------------------------------------------------------------------------------------------------------
      TOTAL      OUTER      INNER                                                            MAXIMUM                                   
  ITERATION  ITERATION  ITERATION  MAXIMUM CHANGE      MAXIMUM CHANGE MODEL-(CELLID)        RESIDUAL    MAXIMUM RESIDUAL MODEL-(CELLID)
 --------------------------------------------------------------------------------------------------------------------------------------
          1          1          1     -0.40267521                    1_GWF-(1,29,22)     -0.10367605                    1_GWF-(1,23,54)
          2          1          2  4.96362379E-04                    1_GWF-(1,22,53) -1.21054743E-04                    1_GWF-(1,16,10)
          3          2          1 -4.76446189E-07                     1_GWF-(1,3,35)  2.39293583E-07                    1_GWF-(1,22,51)
 --------------------------------------------------------------------------------------------------------------------------------------


 
    Solving:  Stress period:     4    Time step:    13
 

 SLN_1 OUTER ITERATION SUMMARY
 ----------------------------------------------------------------------------------------------------------------------------------------------------------------
                                OUTER      INNER  BACKTRACK  BACKTRACK        INCOMING        OUTGOING                    STEP   MAXIMUM CHANGE MODEL-(CELLID) OR
 OUTER ITERATION STEP       ITERATION  ITERATION       FLAG ITERATIONS        RESIDUAL        RESIDUAL  MAXIMUM CHANGE SUCCESS             MODEL-PACKAGE-(NUMBER)
 ----------------------------------------------------------------------------------------------------------------------------------------------------------------
 Backtracking                       1                     0          0       854.44501       854.44501                       *                                   
 Model                              1          2                                                           -0.37983028                            1_GWF-(1,29,22)
 Backtracking                       2                     0          0  9.34352445E-04  9.34352445E-04                       *                                   
 Model                              2          1                                                       -4.65968450E-07       *                     1_GWF-(1,3,35)
 ----------------------------------------------------------------------------------------------------------------------------------------------------------------


 2 CALLS TO NUMERICAL SOLUTION IN TIME STEP 13 STRESS PERIOD 4
 3 TOTAL ITERATIONS

 SLN_1 INNER ITERATION SUMMARY
 --------------------------------------------------------------------------------------------------------------------------------------
      TOTAL      OUTER      INNER                                                            MAXIMUM                                   
  ITERATION  ITERATION  ITERATION  MAXIMUM CHANGE      MAXIMUM CHANGE MODEL-(CELLID)        RESIDUAL    MAXIMUM RESIDUAL MODEL-(CELLID)
 --------------------------------------------------------------------------------------------------------------------------------------
          1          1          1     -0.37970617                    1_GWF-(1,29,22)     -0.10270431                    1_GWF-(1,23,54)
          2          1          2  4.84009600E-04                    1_GWF-(1,22,53) -1.12088134E-04                    1_GWF-(1,16,10)
          3          2          1 -4.65968450E-07                     1_GWF-(1,3,35)  2.31227226E-07                    1_GWF-(1,22,51)
 --------------------------------------------------------------------------------------------------------------------------------------


 
    Solving:  Stress period:     4    Time step:    14
 

 SLN_1 OUTER ITERATION SUMMARY
 ----------------------------------------------------------------------------------------------------------------------------------------------------------------
                                OUTER      INNER  BACKTRACK  BACKTRACK        INCOMING        OUTGOING                    STEP   MAXIMUM CHANGE MODEL-(CELLID) OR
 OUTER ITERATION STEP       ITERATION  ITERATION       FLAG ITERATIONS        RESIDUAL        RESIDUAL  MAXIMUM CHANGE SUCCESS             MODEL-PACKAGE-(NUMBER)
 ----------------------------------------------------------------------------------------------------------------------------------------------------------------
 Backtracking                       1                     0          0       804.32541       804.32541                       *                                   
 Model                              1          2                                                           -0.35646568                            1_GWF-(1,29,22)
 Backtracking                       2                     0          0  8.79359009E-04  8.79359009E-04                       *                                   
 Model                              2          1                                                       -4.55001301E-07       *                     1_GWF-(1,3,35)
 ----------------------------------------------------------------------------------------------------------------------------------------------------------------


 2 CALLS TO NUMERICAL SOLUTION IN TIME STEP 14 STRESS PERIOD 4
 3 TOTAL ITERATIONS

 SLN_1 INNER ITERATION SUMMARY
 --------------------------------------------------------------------------------------------------------------------------------------
      TOTAL      OUTER      INNER                                                            MAXIMUM                                   
  ITERATION  ITERATION  ITERATION  MAXIMUM CHANGE      MAXIMUM CHANGE MODEL-(CELLID)        RESIDUAL    MAXIMUM RESIDUAL MODEL-(CELLID)
 --------------------------------------------------------------------------------------------------------------------------------------
          1          1          1     -0.35636136                    1_GWF-(1,29,22)     -0.10102485                    1_GWF-(1,23,54)
          2          1          2  4.69712511E-04                    1_GWF-(1,22,53) -1.07154972E-04                    1_GWF-(1,23,54)
          3          2          1 -4.55001300E-07                     1_GWF-(1,3,35)  2.22501640E-07                    1_GWF-(1,22,51)
 --------------------------------------------------------------------------------------------------------------------------------------


 
    Solving:  Stress period:     4    Time step:    15
 

 SLN_1 OUTER ITERATION SUMMARY
 ----------------------------------------------------------------------------------------------------------------------------------------------------------------
                                OUTER      INNER  BACKTRACK  BACKTRACK        INCOMING        OUTGOING                    STEP   MAXIMUM CHANGE MODEL-(CELLID) OR
 OUTER ITERATION STEP       ITERATION  ITERATION       FLAG ITERATIONS        RESIDUAL        RESIDUAL  MAXIMUM CHANGE SUCCESS             MODEL-PACKAGE-(NUMBER)
 ----------------------------------------------------------------------------------------------------------------------------------------------------------------
 Backtracking                       1                     0          0       758.98033       758.98033                       *                                   
 Model                              1          2                                                           -0.33408142                            1_GWF-(1,28,22)
 Backtracking                       2                     0          0  8.28752020E-04  8.28752020E-04                       *                                   
 Model                              2          1                                                       -4.43386259E-07       *                     1_GWF-(1,3,35)
 ----------------------------------------------------------------------------------------------------------------------------------------------------------------


 2 CALLS TO NUMERICAL SOLUTION IN TIME STEP 15 STRESS PERIOD 4
 3 TOTAL ITERATIONS

 SLN_1 INNER ITERATION SUMMARY
 --------------------------------------------------------------------------------------------------------------------------------------
      TOTAL      OUTER      INNER                                                            MAXIMUM                                   
  ITERATION  ITERATION  ITERATION  MAXIMUM CHANGE      MAXIMUM CHANGE MODEL-(CELLID)        RESIDUAL    MAXIMUM RESIDUAL MODEL-(CELLID)
 --------------------------------------------------------------------------------------------------------------------------------------
          1          1          1     -0.33398907                    1_GWF-(1,28,22) -9.88126449E-02                    1_GWF-(1,23,54)
          2          1          2  4.54234919E-04                    1_GWF-(1,22,53) -1.04624844E-04                    1_GWF-(1,23,54)
          3          2          1 -4.43386260E-07                     1_GWF-(1,3,35)  2.13374341E-07                    1_GWF-(1,22,51)
 --------------------------------------------------------------------------------------------------------------------------------------


 
    Solving:  Stress period:     4    Time step:    16
 

 SLN_1 OUTER ITERATION SUMMARY
 ----------------------------------------------------------------------------------------------------------------------------------------------------------------
                                OUTER      INNER  BACKTRACK  BACKTRACK        INCOMING        OUTGOING                    STEP   MAXIMUM CHANGE MODEL-(CELLID) OR
 OUTER ITERATION STEP       ITERATION  ITERATION       FLAG ITERATIONS        RESIDUAL        RESIDUAL  MAXIMUM CHANGE SUCCESS             MODEL-PACKAGE-(NUMBER)
 ----------------------------------------------------------------------------------------------------------------------------------------------------------------
 Backtracking                       1                     0          0       717.76664       717.76664                       *                                   
 Model                              1          2                                                           -0.31283487                            1_GWF-(1,28,22)
 Backtracking                       2                     0          0  7.81851492E-04  7.81851492E-04                       *                                   
 Model                              2          1                                                       -4.31131602E-07       *                     1_GWF-(1,3,35)
 ----------------------------------------------------------------------------------------------------------------------------------------------------------------


 2 CALLS TO NUMERICAL SOLUTION IN TIME STEP 16 STRESS PERIOD 4
 3 TOTAL ITERATIONS

 SLN_1 INNER ITERATION SUMMARY
 --------------------------------------------------------------------------------------------------------------------------------------
      TOTAL      OUTER      INNER                                                            MAXIMUM                                   
  ITERATION  ITERATION  ITERATION  MAXIMUM CHANGE      MAXIMUM CHANGE MODEL-(CELLID)        RESIDUAL    MAXIMUM RESIDUAL MODEL-(CELLID)
 --------------------------------------------------------------------------------------------------------------------------------------
          1          1          1     -0.31275648                    1_GWF-(1,28,22) -9.62100245E-02                    1_GWF-(1,23,54)
          2          1          2  4.38111744E-04                    1_GWF-(1,22,53) -1.01621107E-04                    1_GWF-(1,23,54)
          3          2          1 -4.31131601E-07                     1_GWF-(1,3,35)  2.04045375E-07                    1_GWF-(1,22,51)
 --------------------------------------------------------------------------------------------------------------------------------------


 
    Solving:  Stress period:     4    Time step:    17
 

 SLN_1 OUTER ITERATION SUMMARY
 ----------------------------------------------------------------------------------------------------------------------------------------------------------------
                                OUTER      INNER  BACKTRACK  BACKTRACK        INCOMING        OUTGOING                    STEP   MAXIMUM CHANGE MODEL-(CELLID) OR
 OUTER ITERATION STEP       ITERATION  ITERATION       FLAG ITERATIONS        RESIDUAL        RESIDUAL  MAXIMUM CHANGE SUCCESS             MODEL-PACKAGE-(NUMBER)
 ----------------------------------------------------------------------------------------------------------------------------------------------------------------
 Backtracking                       1                     0          0       680.16651       680.16651                       *                                   
 Model                              1          2                                                           -0.29228249                            1_GWF-(1,28,22)
 Backtracking                       2                     0          0  7.38174700E-04  7.38174700E-04                       *                                   
 Model                              2          1                                                       -4.18317887E-07       *                     1_GWF-(1,3,35)
 ----------------------------------------------------------------------------------------------------------------------------------------------------------------


 2 CALLS TO NUMERICAL SOLUTION IN TIME STEP 17 STRESS PERIOD 4
 3 TOTAL ITERATIONS

 SLN_1 INNER ITERATION SUMMARY
 --------------------------------------------------------------------------------------------------------------------------------------
      TOTAL      OUTER      INNER                                                            MAXIMUM                                   
  ITERATION  ITERATION  ITERATION  MAXIMUM CHANGE      MAXIMUM CHANGE MODEL-(CELLID)        RESIDUAL    MAXIMUM RESIDUAL MODEL-(CELLID)
 --------------------------------------------------------------------------------------------------------------------------------------
          1          1          1     -0.29221593                    1_GWF-(1,28,22) -9.33313666E-02                    1_GWF-(1,23,54)
          2          1          2  4.21721073E-04                    1_GWF-(1,22,53) -9.82624130E-05                    1_GWF-(1,23,54)
          3          2          1 -4.18317888E-07                     1_GWF-(1,3,35)  1.94665807E-07                    1_GWF-(1,22,51)
 --------------------------------------------------------------------------------------------------------------------------------------


 
    Solving:  Stress period:     4    Time step:    18
 

 SLN_1 OUTER ITERATION SUMMARY
 ----------------------------------------------------------------------------------------------------------------------------------------------------------------
                                OUTER      INNER  BACKTRACK  BACKTRACK        INCOMING        OUTGOING                    STEP   MAXIMUM CHANGE MODEL-(CELLID) OR
 OUTER ITERATION STEP       ITERATION  ITERATION       FLAG ITERATIONS        RESIDUAL        RESIDUAL  MAXIMUM CHANGE SUCCESS             MODEL-PACKAGE-(NUMBER)
 ----------------------------------------------------------------------------------------------------------------------------------------------------------------
 Backtracking                       1                     0          0       645.75228       645.75228                       *                                   
 Model                              1          2                                                           -0.27572460                            1_GWF-(1,25,55)
 Backtracking                       2                     0          0  6.97358146E-04  6.97358146E-04                       *                                   
 Model                              2          1                                                       -4.05052921E-07       *                     1_GWF-(1,3,35)
 ----------------------------------------------------------------------------------------------------------------------------------------------------------------


 2 CALLS TO NUMERICAL SOLUTION IN TIME STEP 18 STRESS PERIOD 4
 3 TOTAL ITERATIONS

 SLN_1 INNER ITERATION SUMMARY
 --------------------------------------------------------------------------------------------------------------------------------------
      TOTAL      OUTER      INNER                                                            MAXIMUM                                   
  ITERATION  ITERATION  ITERATION  MAXIMUM CHANGE      MAXIMUM CHANGE MODEL-(CELLID)        RESIDUAL    MAXIMUM RESIDUAL MODEL-(CELLID)
 --------------------------------------------------------------------------------------------------------------------------------------
          1          1          1     -0.27566116                    1_GWF-(1,25,55) -9.02676846E-02                    1_GWF-(1,23,54)
          2          1          2  4.05330865E-04                    1_GWF-(1,22,53) -9.46500616E-05                    1_GWF-(1,23,54)
          3          2          1 -4.05052921E-07                     1_GWF-(1,3,35)  1.85348732E-07                    1_GWF-(1,22,51)
 --------------------------------------------------------------------------------------------------------------------------------------


 
    Solving:  Stress period:     4    Time step:    19
 

 SLN_1 OUTER ITERATION SUMMARY
 ----------------------------------------------------------------------------------------------------------------------------------------------------------------
                                OUTER      INNER  BACKTRACK  BACKTRACK        INCOMING        OUTGOING                    STEP   MAXIMUM CHANGE MODEL-(CELLID) OR
 OUTER ITERATION STEP       ITERATION  ITERATION       FLAG ITERATIONS        RESIDUAL        RESIDUAL  MAXIMUM CHANGE SUCCESS             MODEL-PACKAGE-(NUMBER)
 ----------------------------------------------------------------------------------------------------------------------------------------------------------------
 Backtracking                       1                     0          0       614.16406       614.16406                       *                                   
 Model                              1          2                                                           -0.26660031                            1_GWF-(1,25,55)
 Backtracking                       2                     0          0  6.59116323E-04  6.59116323E-04                       *                                   
 Model                              2          1                                                       -3.91450758E-07       *                     1_GWF-(1,3,35)
 ----------------------------------------------------------------------------------------------------------------------------------------------------------------


 2 CALLS TO NUMERICAL SOLUTION IN TIME STEP 19 STRESS PERIOD 4
 3 TOTAL ITERATIONS

 SLN_1 INNER ITERATION SUMMARY
 --------------------------------------------------------------------------------------------------------------------------------------
      TOTAL      OUTER      INNER                                                            MAXIMUM                                   
  ITERATION  ITERATION  ITERATION  MAXIMUM CHANGE      MAXIMUM CHANGE MODEL-(CELLID)        RESIDUAL    MAXIMUM RESIDUAL MODEL-(CELLID)
 --------------------------------------------------------------------------------------------------------------------------------------
          1          1          1     -0.26653618                    1_GWF-(1,25,55) -8.70907693E-02                    1_GWF-(1,23,54)
          2          1          2  3.89130238E-04                    1_GWF-(1,22,53) -9.08692012E-05                    1_GWF-(1,23,54)
          3          2          1 -3.91450758E-07                     1_GWF-(1,3,35)  1.76178700E-07                    1_GWF-(1,22,51)
 --------------------------------------------------------------------------------------------------------------------------------------


 
    Solving:  Stress period:     4    Time step:    20
 

 SLN_1 OUTER ITERATION SUMMARY
 ----------------------------------------------------------------------------------------------------------------------------------------------------------------
                                OUTER      INNER  BACKTRACK  BACKTRACK        INCOMING        OUTGOING                    STEP   MAXIMUM CHANGE MODEL-(CELLID) OR
 OUTER ITERATION STEP       ITERATION  ITERATION       FLAG ITERATIONS        RESIDUAL        RESIDUAL  MAXIMUM CHANGE SUCCESS             MODEL-PACKAGE-(NUMBER)
 ----------------------------------------------------------------------------------------------------------------------------------------------------------------
 Backtracking                       1                     0          0       585.09454       585.09454                       *                                   
 Model                              1          2                                                           -0.25703825                            1_GWF-(1,25,55)
 Backtracking                       2                     0          0  6.23218095E-04  6.23218095E-04                       *                                   
 Model                              2          1                                                       -3.77622211E-07       *                     1_GWF-(1,3,35)
 ----------------------------------------------------------------------------------------------------------------------------------------------------------------


 2 CALLS TO NUMERICAL SOLUTION IN TIME STEP 20 STRESS PERIOD 4
 3 TOTAL ITERATIONS

 SLN_1 INNER ITERATION SUMMARY
 --------------------------------------------------------------------------------------------------------------------------------------
      TOTAL      OUTER      INNER                                                            MAXIMUM                                   
  ITERATION  ITERATION  ITERATION  MAXIMUM CHANGE      MAXIMUM CHANGE MODEL-(CELLID)        RESIDUAL    MAXIMUM RESIDUAL MODEL-(CELLID)
 --------------------------------------------------------------------------------------------------------------------------------------
          1          1          1     -0.25697419                    1_GWF-(1,25,55) -8.38567678E-02                    1_GWF-(1,23,54)
          2          1          2  3.73251021E-04                    1_GWF-(1,22,53) -8.69905655E-05                    1_GWF-(1,23,54)
          3          2          1 -3.77622211E-07                     1_GWF-(1,3,35)  1.67218778E-07                    1_GWF-(1,22,51)
 --------------------------------------------------------------------------------------------------------------------------------------


 
    Solving:  Stress period:     4    Time step:    21
 

 SLN_1 OUTER ITERATION SUMMARY
 ----------------------------------------------------------------------------------------------------------------------------------------------------------------
                                OUTER      INNER  BACKTRACK  BACKTRACK        INCOMING        OUTGOING                    STEP   MAXIMUM CHANGE MODEL-(CELLID) OR
 OUTER ITERATION STEP       ITERATION  ITERATION       FLAG ITERATIONS        RESIDUAL        RESIDUAL  MAXIMUM CHANGE SUCCESS             MODEL-PACKAGE-(NUMBER)
 ----------------------------------------------------------------------------------------------------------------------------------------------------------------
 Backtracking                       1                     0          0       558.27836       558.27836                       *                                   
 Model                              1          2                                                           -0.24722371                            1_GWF-(1,25,55)
 Backtracking                       2                     0          0  5.89471971E-04  5.89471971E-04                       *                                   
 Model                              2          1                                                       -3.63670853E-07       *                     1_GWF-(1,3,35)
 ----------------------------------------------------------------------------------------------------------------------------------------------------------------


 2 CALLS TO NUMERICAL SOLUTION IN TIME STEP 21 STRESS PERIOD 4
 3 TOTAL ITERATIONS

 SLN_1 INNER ITERATION SUMMARY
 --------------------------------------------------------------------------------------------------------------------------------------
      TOTAL      OUTER      INNER                                                            MAXIMUM                                   
  ITERATION  ITERATION  ITERATION  MAXIMUM CHANGE      MAXIMUM CHANGE MODEL-(CELLID)        RESIDUAL    MAXIMUM RESIDUAL MODEL-(CELLID)
 --------------------------------------------------------------------------------------------------------------------------------------
          1          1          1     -0.24716038                    1_GWF-(1,25,55) -8.06091968E-02                    1_GWF-(1,23,54)
          2          1          2  3.57783007E-04                    1_GWF-(1,22,53) -8.30722378E-05                    1_GWF-(1,23,54)
          3          2          1 -3.63670854E-07                     1_GWF-(1,3,35)  1.58515567E-07                    1_GWF-(1,22,51)
 --------------------------------------------------------------------------------------------------------------------------------------


 
    Solving:  Stress period:     4    Time step:    22
 

 SLN_1 OUTER ITERATION SUMMARY
 ----------------------------------------------------------------------------------------------------------------------------------------------------------------
                                OUTER      INNER  BACKTRACK  BACKTRACK        INCOMING        OUTGOING                    STEP   MAXIMUM CHANGE MODEL-(CELLID) OR
 OUTER ITERATION STEP       ITERATION  ITERATION       FLAG ITERATIONS        RESIDUAL        RESIDUAL  MAXIMUM CHANGE SUCCESS             MODEL-PACKAGE-(NUMBER)
 ----------------------------------------------------------------------------------------------------------------------------------------------------------------
 Backtracking                       1                     0          0       533.48441       533.48441                       *                                   
 Model                              1          2                                                           -0.23730529                            1_GWF-(1,25,55)
 Backtracking                       2                     0          0  5.57716197E-04  5.57716197E-04                       *                                   
 Model                              2          1                                                       -3.49691383E-07       *                     1_GWF-(1,3,35)
 ----------------------------------------------------------------------------------------------------------------------------------------------------------------


 2 CALLS TO NUMERICAL SOLUTION IN TIME STEP 22 STRESS PERIOD 4
 3 TOTAL ITERATIONS

 SLN_1 INNER ITERATION SUMMARY
 --------------------------------------------------------------------------------------------------------------------------------------
      TOTAL      OUTER      INNER                                                            MAXIMUM                                   
  ITERATION  ITERATION  ITERATION  MAXIMUM CHANGE      MAXIMUM CHANGE MODEL-(CELLID)        RESIDUAL    MAXIMUM RESIDUAL MODEL-(CELLID)
 --------------------------------------------------------------------------------------------------------------------------------------
          1          1          1     -0.23724325                    1_GWF-(1,25,55) -7.73814377E-02                    1_GWF-(1,23,54)
          2          1          2  3.42784981E-04                    1_GWF-(1,22,53) -7.91612949E-05                    1_GWF-(1,23,54)
          3          2          1 -3.49691384E-07                     1_GWF-(1,3,35)  1.50102773E-07                    1_GWF-(1,22,51)
 --------------------------------------------------------------------------------------------------------------------------------------


 
    Solving:  Stress period:     4    Time step:    23
 

 SLN_1 OUTER ITERATION SUMMARY
 ----------------------------------------------------------------------------------------------------------------------------------------------------------------
                                OUTER      INNER  BACKTRACK  BACKTRACK        INCOMING        OUTGOING                    STEP   MAXIMUM CHANGE MODEL-(CELLID) OR
 OUTER ITERATION STEP       ITERATION  ITERATION       FLAG ITERATIONS        RESIDUAL        RESIDUAL  MAXIMUM CHANGE SUCCESS             MODEL-PACKAGE-(NUMBER)
 ----------------------------------------------------------------------------------------------------------------------------------------------------------------
 Backtracking                       1                     0          0       510.50993       510.50993                       *                                   
 Model                              1          2                                                           -0.22740055                            1_GWF-(1,25,55)
 Backtracking                       2                     0          0  5.27811712E-04  5.27811712E-04                       *                                   
 Model                              2          1                                                       -3.35769137E-07       *                     1_GWF-(1,3,35)
 ----------------------------------------------------------------------------------------------------------------------------------------------------------------


 2 CALLS TO NUMERICAL SOLUTION IN TIME STEP 23 STRESS PERIOD 4
 3 TOTAL ITERATIONS

 SLN_1 INNER ITERATION SUMMARY
 --------------------------------------------------------------------------------------------------------------------------------------
      TOTAL      OUTER      INNER                                                            MAXIMUM                                   
  ITERATION  ITERATION  ITERATION  MAXIMUM CHANGE      MAXIMUM CHANGE MODEL-(CELLID)        RESIDUAL    MAXIMUM RESIDUAL MODEL-(CELLID)
 --------------------------------------------------------------------------------------------------------------------------------------
          1          1          1     -0.22734026                    1_GWF-(1,25,55) -7.41987830E-02                    1_GWF-(1,23,54)
          2          1          2  3.28292854E-04                    1_GWF-(1,22,53) -7.52953051E-05                    1_GWF-(1,23,54)
          3          2          1 -3.35769138E-07                     1_GWF-(1,3,35)  1.42003798E-07                    1_GWF-(1,22,51)
 --------------------------------------------------------------------------------------------------------------------------------------


 
    Solving:  Stress period:     4    Time step:    24
 

 SLN_1 OUTER ITERATION SUMMARY
 ----------------------------------------------------------------------------------------------------------------------------------------------------------------
                                OUTER      INNER  BACKTRACK  BACKTRACK        INCOMING        OUTGOING                    STEP   MAXIMUM CHANGE MODEL-(CELLID) OR
 OUTER ITERATION STEP       ITERATION  ITERATION       FLAG ITERATIONS        RESIDUAL        RESIDUAL  MAXIMUM CHANGE SUCCESS             MODEL-PACKAGE-(NUMBER)
 ----------------------------------------------------------------------------------------------------------------------------------------------------------------
 Backtracking                       1                     0          0       489.17614       489.17614                       *                                   
 Model                              1          2                                                           -0.21760119                            1_GWF-(1,25,55)
 Backtracking                       2                     0          0  4.99636958E-04  4.99636958E-04                       *                                   
 Model                              2          1                                                       -3.21979945E-07       *                     1_GWF-(1,3,35)
 ----------------------------------------------------------------------------------------------------------------------------------------------------------------


 2 CALLS TO NUMERICAL SOLUTION IN TIME STEP 24 STRESS PERIOD 4
 3 TOTAL ITERATIONS

 SLN_1 INNER ITERATION SUMMARY
 --------------------------------------------------------------------------------------------------------------------------------------
      TOTAL      OUTER      INNER                                                            MAXIMUM                                   
  ITERATION  ITERATION  ITERATION  MAXIMUM CHANGE      MAXIMUM CHANGE MODEL-(CELLID)        RESIDUAL    MAXIMUM RESIDUAL MODEL-(CELLID)
 --------------------------------------------------------------------------------------------------------------------------------------
          1          1          1     -0.21754303                    1_GWF-(1,25,55) -7.10800990E-02                    1_GWF-(1,23,54)
          2          1          2  3.14325732E-04                    1_GWF-(1,22,53) -7.15036875E-05                    1_GWF-(1,23,54)
          3          2          1 -3.21979944E-07                     1_GWF-(1,3,35)  1.34233739E-07                    1_GWF-(1,22,51)
 --------------------------------------------------------------------------------------------------------------------------------------


 
    Solving:  Stress period:     4    Time step:    25
 

 SLN_1 OUTER ITERATION SUMMARY
 ----------------------------------------------------------------------------------------------------------------------------------------------------------------
                                OUTER      INNER  BACKTRACK  BACKTRACK        INCOMING        OUTGOING                    STEP   MAXIMUM CHANGE MODEL-(CELLID) OR
 OUTER ITERATION STEP       ITERATION  ITERATION       FLAG ITERATIONS        RESIDUAL        RESIDUAL  MAXIMUM CHANGE SUCCESS             MODEL-PACKAGE-(NUMBER)
 ----------------------------------------------------------------------------------------------------------------------------------------------------------------
 Backtracking                       1                     0          0       469.32464       469.32464                       *                                   
 Model                              1          2                                                           -0.20797760                            1_GWF-(1,25,55)
 Backtracking                       2                     0          0  4.73083982E-04  4.73083982E-04                       *                                   
 Model                              2          1                                                       -3.08390280E-07       *                     1_GWF-(1,3,35)
 ----------------------------------------------------------------------------------------------------------------------------------------------------------------


 2 CALLS TO NUMERICAL SOLUTION IN TIME STEP 25 STRESS PERIOD 4
 3 TOTAL ITERATIONS

 SLN_1 INNER ITERATION SUMMARY
 --------------------------------------------------------------------------------------------------------------------------------------
      TOTAL      OUTER      INNER                                                            MAXIMUM                                   
  ITERATION  ITERATION  ITERATION  MAXIMUM CHANGE      MAXIMUM CHANGE MODEL-(CELLID)        RESIDUAL    MAXIMUM RESIDUAL MODEL-(CELLID)
 --------------------------------------------------------------------------------------------------------------------------------------
          1          1          1     -0.20792185                    1_GWF-(1,25,55) -6.80391706E-02                    1_GWF-(1,23,54)
          2          1          2  3.00890495E-04                    1_GWF-(1,22,53) -6.78089409E-05                    1_GWF-(1,23,54)
          3          2          1 -3.08390280E-07                     1_GWF-(1,3,35)  1.26800956E-07                    1_GWF-(1,22,51)
 --------------------------------------------------------------------------------------------------------------------------------------


 
    Solving:  Stress period:     4    Time step:    26
 

 SLN_1 OUTER ITERATION SUMMARY
 ----------------------------------------------------------------------------------------------------------------------------------------------------------------
                                OUTER      INNER  BACKTRACK  BACKTRACK        INCOMING        OUTGOING                    STEP   MAXIMUM CHANGE MODEL-(CELLID) OR
 OUTER ITERATION STEP       ITERATION  ITERATION       FLAG ITERATIONS        RESIDUAL        RESIDUAL  MAXIMUM CHANGE SUCCESS             MODEL-PACKAGE-(NUMBER)
 ----------------------------------------------------------------------------------------------------------------------------------------------------------------
 Backtracking                       1                     0          0       450.81462       450.81462                       *                                   
 Model                              1          2                                                           -0.19858273                            1_GWF-(1,25,55)
 Backtracking                       2                     0          0  4.48055490E-04  4.48055490E-04                       *                                   
 Model                              2          1                                                       -2.95057486E-07       *                     1_GWF-(1,3,35)
 ----------------------------------------------------------------------------------------------------------------------------------------------------------------


 2 CALLS TO NUMERICAL SOLUTION IN TIME STEP 26 STRESS PERIOD 4
 3 TOTAL ITERATIONS

 SLN_1 INNER ITERATION SUMMARY
 --------------------------------------------------------------------------------------------------------------------------------------
      TOTAL      OUTER      INNER                                                            MAXIMUM                                   
  ITERATION  ITERATION  ITERATION  MAXIMUM CHANGE      MAXIMUM CHANGE MODEL-(CELLID)        RESIDUAL    MAXIMUM RESIDUAL MODEL-(CELLID)
 --------------------------------------------------------------------------------------------------------------------------------------
          1          1          1     -0.19852961                    1_GWF-(1,25,55) -6.50857830E-02                    1_GWF-(1,23,54)
          2          1          2  2.87985249E-04                    1_GWF-(1,22,53) -6.42277496E-05                    1_GWF-(1,23,54)
          3          2          1 -2.95057486E-07                     1_GWF-(1,3,35)  1.19708377E-07                    1_GWF-(1,22,51)
 --------------------------------------------------------------------------------------------------------------------------------------


 
    Solving:  Stress period:     4    Time step:    27
 

 SLN_1 OUTER ITERATION SUMMARY
 ----------------------------------------------------------------------------------------------------------------------------------------------------------------
                                OUTER      INNER  BACKTRACK  BACKTRACK        INCOMING        OUTGOING                    STEP   MAXIMUM CHANGE MODEL-(CELLID) OR
 OUTER ITERATION STEP       ITERATION  ITERATION       FLAG ITERATIONS        RESIDUAL        RESIDUAL  MAXIMUM CHANGE SUCCESS             MODEL-PACKAGE-(NUMBER)
 ----------------------------------------------------------------------------------------------------------------------------------------------------------------
 Backtracking                       1                     0          0       433.52058       433.52058                       *                                   
 Model                              1          2                                                           -0.18945540                            1_GWF-(1,25,55)
 Backtracking                       2                     0          0  4.24462641E-04  4.24462641E-04                       *                                   
 Model                              2          1                                                       -2.82030081E-07       *                     1_GWF-(1,3,35)
 ----------------------------------------------------------------------------------------------------------------------------------------------------------------


 2 CALLS TO NUMERICAL SOLUTION IN TIME STEP 27 STRESS PERIOD 4
 3 TOTAL ITERATIONS

 SLN_1 INNER ITERATION SUMMARY
 --------------------------------------------------------------------------------------------------------------------------------------
      TOTAL      OUTER      INNER                                                            MAXIMUM                                   
  ITERATION  ITERATION  ITERATION  MAXIMUM CHANGE      MAXIMUM CHANGE MODEL-(CELLID)        RESIDUAL    MAXIMUM RESIDUAL MODEL-(CELLID)
 --------------------------------------------------------------------------------------------------------------------------------------
          1          1          1     -0.18940506                    1_GWF-(1,25,55) -6.22265871E-02                    1_GWF-(1,23,54)
          2          1          2  2.75601945E-04                    1_GWF-(1,22,53) -6.07719687E-05                    1_GWF-(1,23,54)
          3          2          1 -2.82030080E-07                     1_GWF-(1,3,35)  1.12954601E-07                    1_GWF-(1,22,51)
 --------------------------------------------------------------------------------------------------------------------------------------


 
    Solving:  Stress period:     4    Time step:    28
 

 SLN_1 OUTER ITERATION SUMMARY
 ----------------------------------------------------------------------------------------------------------------------------------------------------------------
                                OUTER      INNER  BACKTRACK  BACKTRACK        INCOMING        OUTGOING                    STEP   MAXIMUM CHANGE MODEL-(CELLID) OR
 OUTER ITERATION STEP       ITERATION  ITERATION       FLAG ITERATIONS        RESIDUAL        RESIDUAL  MAXIMUM CHANGE SUCCESS             MODEL-PACKAGE-(NUMBER)
 ----------------------------------------------------------------------------------------------------------------------------------------------------------------
 Backtracking                       1                     0          0       417.33039       417.33039                       *                                   
 Model                              1          2                                                           -0.18062308                            1_GWF-(1,25,55)
 Backtracking                       2                     0          0  4.02223390E-04  4.02223390E-04                       *                                   
 Model                              2          1                                                       -2.69348183E-07       *                     1_GWF-(1,3,35)
 ----------------------------------------------------------------------------------------------------------------------------------------------------------------


 2 CALLS TO NUMERICAL SOLUTION IN TIME STEP 28 STRESS PERIOD 4
 3 TOTAL ITERATIONS

 SLN_1 INNER ITERATION SUMMARY
 --------------------------------------------------------------------------------------------------------------------------------------
      TOTAL      OUTER      INNER                                                            MAXIMUM                                   
  ITERATION  ITERATION  ITERATION  MAXIMUM CHANGE      MAXIMUM CHANGE MODEL-(CELLID)        RESIDUAL    MAXIMUM RESIDUAL MODEL-(CELLID)
 --------------------------------------------------------------------------------------------------------------------------------------
          1          1          1     -0.18057561                    1_GWF-(1,25,55) -5.94657911E-02                    1_GWF-(1,23,54)
          2          1          2  2.63728341E-04                    1_GWF-(1,22,53) -5.74494926E-05                    1_GWF-(1,23,54)
          3          2          1 -2.69348182E-07                     1_GWF-(1,3,35)  1.06534820E-07                    1_GWF-(1,22,51)
 --------------------------------------------------------------------------------------------------------------------------------------


 
    Solving:  Stress period:     4    Time step:    29
 

 SLN_1 OUTER ITERATION SUMMARY
 ----------------------------------------------------------------------------------------------------------------------------------------------------------------
                                OUTER      INNER  BACKTRACK  BACKTRACK        INCOMING        OUTGOING                    STEP   MAXIMUM CHANGE MODEL-(CELLID) OR
 OUTER ITERATION STEP       ITERATION  ITERATION       FLAG ITERATIONS        RESIDUAL        RESIDUAL  MAXIMUM CHANGE SUCCESS             MODEL-PACKAGE-(NUMBER)
 ----------------------------------------------------------------------------------------------------------------------------------------------------------------
 Backtracking                       1                     0          0       402.14368       402.14368                       *                                   
 Model                              1          2                                                           -0.17210411                            1_GWF-(1,25,55)
 Backtracking                       2                     0          0  3.81261281E-04  3.81261281E-04                       *                                   
 Model                              2          1                                                       -2.57044038E-07       *                     1_GWF-(1,3,35)
 ----------------------------------------------------------------------------------------------------------------------------------------------------------------


 2 CALLS TO NUMERICAL SOLUTION IN TIME STEP 29 STRESS PERIOD 4
 3 TOTAL ITERATIONS

 SLN_1 INNER ITERATION SUMMARY
 --------------------------------------------------------------------------------------------------------------------------------------
      TOTAL      OUTER      INNER                                                            MAXIMUM                                   
  ITERATION  ITERATION  ITERATION  MAXIMUM CHANGE      MAXIMUM CHANGE MODEL-(CELLID)        RESIDUAL    MAXIMUM RESIDUAL MODEL-(CELLID)
 --------------------------------------------------------------------------------------------------------------------------------------
          1          1          1     -0.17205956                    1_GWF-(1,25,55) -5.68057095E-02                    1_GWF-(1,23,54)
          2          1          2  2.52766421E-04                    1_GWF-(1,42,36) -5.42650105E-05                    1_GWF-(1,23,54)
          3          2          1 -2.57044037E-07                     1_GWF-(1,3,35)  1.00441624E-07                    1_GWF-(1,22,51)
 --------------------------------------------------------------------------------------------------------------------------------------


 
    Solving:  Stress period:     4    Time step:    30
 

 SLN_1 OUTER ITERATION SUMMARY
 ----------------------------------------------------------------------------------------------------------------------------------------------------------------
                                OUTER      INNER  BACKTRACK  BACKTRACK        INCOMING        OUTGOING                    STEP   MAXIMUM CHANGE MODEL-(CELLID) OR
 OUTER ITERATION STEP       ITERATION  ITERATION       FLAG ITERATIONS        RESIDUAL        RESIDUAL  MAXIMUM CHANGE SUCCESS             MODEL-PACKAGE-(NUMBER)
 ----------------------------------------------------------------------------------------------------------------------------------------------------------------
 Backtracking                       1                     0          0       387.87052       387.87052                       *                                   
 Model                              1          2                                                           -0.16549181                            1_GWF-(1,47,37)
 Backtracking                       2                     0          0  3.61504541E-04  3.61504541E-04                       *                                   
 Model                              2          1                                                       -2.45142569E-07       *                     1_GWF-(1,3,35)
 ----------------------------------------------------------------------------------------------------------------------------------------------------------------


 2 CALLS TO NUMERICAL SOLUTION IN TIME STEP 30 STRESS PERIOD 4
 3 TOTAL ITERATIONS

 SLN_1 INNER ITERATION SUMMARY
 --------------------------------------------------------------------------------------------------------------------------------------
      TOTAL      OUTER      INNER                                                            MAXIMUM                                   
  ITERATION  ITERATION  ITERATION  MAXIMUM CHANGE      MAXIMUM CHANGE MODEL-(CELLID)        RESIDUAL    MAXIMUM RESIDUAL MODEL-(CELLID)
 --------------------------------------------------------------------------------------------------------------------------------------
          1          1          1     -0.16542832                    1_GWF-(1,47,37) -5.42471979E-02                    1_GWF-(1,23,54)
          2          1          2  2.45742617E-04                    1_GWF-(1,42,36) -5.12206557E-05                    1_GWF-(1,23,54)
          3          2          1 -2.45142569E-07                     1_GWF-(1,3,35)  9.46656572E-08                    1_GWF-(1,22,51)
 --------------------------------------------------------------------------------------------------------------------------------------


 
    Solving:  Stress period:     4    Time step:    31
 

 SLN_1 OUTER ITERATION SUMMARY
 ----------------------------------------------------------------------------------------------------------------------------------------------------------------
                                OUTER      INNER  BACKTRACK  BACKTRACK        INCOMING        OUTGOING                    STEP   MAXIMUM CHANGE MODEL-(CELLID) OR
 OUTER ITERATION STEP       ITERATION  ITERATION       FLAG ITERATIONS        RESIDUAL        RESIDUAL  MAXIMUM CHANGE SUCCESS             MODEL-PACKAGE-(NUMBER)
 ----------------------------------------------------------------------------------------------------------------------------------------------------------------
 Backtracking                       1                     0          0       374.43021       374.43021                       *                                   
 Model                              1          2                                                           -0.16094648                            1_GWF-(1,47,37)
 Backtracking                       2                     0          0  3.42885456E-04  3.42885456E-04                       *                                   
 Model                              2          1                                                       -2.33662066E-07       *                     1_GWF-(1,3,35)
 ----------------------------------------------------------------------------------------------------------------------------------------------------------------


 2 CALLS TO NUMERICAL SOLUTION IN TIME STEP 31 STRESS PERIOD 4
 3 TOTAL ITERATIONS

 SLN_1 INNER ITERATION SUMMARY
 --------------------------------------------------------------------------------------------------------------------------------------
      TOTAL      OUTER      INNER                                                            MAXIMUM                                   
  ITERATION  ITERATION  ITERATION  MAXIMUM CHANGE      MAXIMUM CHANGE MODEL-(CELLID)        RESIDUAL    MAXIMUM RESIDUAL MODEL-(CELLID)
 --------------------------------------------------------------------------------------------------------------------------------------
          1          1          1     -0.16088550                    1_GWF-(1,47,37) -5.17899973E-02                    1_GWF-(1,23,54)
          2          1          2  2.38872931E-04                    1_GWF-(1,42,36) -4.83165548E-05                    1_GWF-(1,23,54)
          3          2          1 -2.33662065E-07                     1_GWF-(1,3,35)  8.91961915E-08                    1_GWF-(1,22,51)
 --------------------------------------------------------------------------------------------------------------------------------------


 
    Solving:  Stress period:     4    Time step:    32
 

 SLN_1 OUTER ITERATION SUMMARY
 ----------------------------------------------------------------------------------------------------------------------------------------------------------------
                                OUTER      INNER  BACKTRACK  BACKTRACK        INCOMING        OUTGOING                    STEP   MAXIMUM CHANGE MODEL-(CELLID) OR
 OUTER ITERATION STEP       ITERATION  ITERATION       FLAG ITERATIONS        RESIDUAL        RESIDUAL  MAXIMUM CHANGE SUCCESS             MODEL-PACKAGE-(NUMBER)
 ----------------------------------------------------------------------------------------------------------------------------------------------------------------
 Backtracking                       1                     0          0       361.75028       361.75028                       *                                   
 Model                              1          2                                                           -0.15639147                            1_GWF-(1,47,37)
 Backtracking                       2                     0          0  3.25339892E-04  3.25339892E-04                       *                                   
 Model                              2          1                                                       -2.22614814E-07       *                     1_GWF-(1,3,35)
 ----------------------------------------------------------------------------------------------------------------------------------------------------------------


 2 CALLS TO NUMERICAL SOLUTION IN TIME STEP 32 STRESS PERIOD 4
 3 TOTAL ITERATIONS

 SLN_1 INNER ITERATION SUMMARY
 --------------------------------------------------------------------------------------------------------------------------------------
      TOTAL      OUTER      INNER                                                            MAXIMUM                                   
  ITERATION  ITERATION  ITERATION  MAXIMUM CHANGE      MAXIMUM CHANGE MODEL-(CELLID)        RESIDUAL    MAXIMUM RESIDUAL MODEL-(CELLID)
 --------------------------------------------------------------------------------------------------------------------------------------
          1          1          1     -0.15633310                    1_GWF-(1,47,37) -4.94330043E-02                    1_GWF-(1,23,54)
          2          1          2  2.32154630E-04                    1_GWF-(1,42,36) -4.55512877E-05                    1_GWF-(1,23,54)
          3          2          1 -2.22614814E-07                     1_GWF-(1,3,35)  8.40215751E-08                    1_GWF-(1,22,51)
 --------------------------------------------------------------------------------------------------------------------------------------


 
    Solving:  Stress period:     4    Time step:    33
 

 SLN_1 OUTER ITERATION SUMMARY
 ----------------------------------------------------------------------------------------------------------------------------------------------------------------
                                OUTER      INNER  BACKTRACK  BACKTRACK        INCOMING        OUTGOING                    STEP   MAXIMUM CHANGE MODEL-(CELLID) OR
 OUTER ITERATION STEP       ITERATION  ITERATION       FLAG ITERATIONS        RESIDUAL        RESIDUAL  MAXIMUM CHANGE SUCCESS             MODEL-PACKAGE-(NUMBER)
 ----------------------------------------------------------------------------------------------------------------------------------------------------------------
 Backtracking                       1                     0          0       349.76560       349.76560                       *                                   
 Model                              1          2                                                           -0.15184911                            1_GWF-(1,47,37)
 Backtracking                       2                     0          0  3.08806980E-04  3.08806980E-04                       *                                   
 Model                              2          1                                                       -2.12007810E-07       *                     1_GWF-(1,3,35)
 ----------------------------------------------------------------------------------------------------------------------------------------------------------------


 2 CALLS TO NUMERICAL SOLUTION IN TIME STEP 33 STRESS PERIOD 4
 3 TOTAL ITERATIONS

 SLN_1 INNER ITERATION SUMMARY
 --------------------------------------------------------------------------------------------------------------------------------------
      TOTAL      OUTER      INNER                                                            MAXIMUM                                   
  ITERATION  ITERATION  ITERATION  MAXIMUM CHANGE      MAXIMUM CHANGE MODEL-(CELLID)        RESIDUAL    MAXIMUM RESIDUAL MODEL-(CELLID)
 --------------------------------------------------------------------------------------------------------------------------------------
          1          1          1     -0.15179339                    1_GWF-(1,47,37) -4.71744839E-02                    1_GWF-(1,23,54)
          2          1          2  2.25584883E-04                    1_GWF-(1,42,36) -4.29222667E-05                    1_GWF-(1,23,54)
          3          2          1 -2.12007811E-07                     1_GWF-(1,3,35)  7.91296104E-08                    1_GWF-(1,22,51)
 --------------------------------------------------------------------------------------------------------------------------------------


 
    Solving:  Stress period:     4    Time step:    34
 

 SLN_1 OUTER ITERATION SUMMARY
 ----------------------------------------------------------------------------------------------------------------------------------------------------------------
                                OUTER      INNER  BACKTRACK  BACKTRACK        INCOMING        OUTGOING                    STEP   MAXIMUM CHANGE MODEL-(CELLID) OR
 OUTER ITERATION STEP       ITERATION  ITERATION       FLAG ITERATIONS        RESIDUAL        RESIDUAL  MAXIMUM CHANGE SUCCESS             MODEL-PACKAGE-(NUMBER)
 ----------------------------------------------------------------------------------------------------------------------------------------------------------------
 Backtracking                       1                     0          0       338.41760       338.41760                       *                                   
 Model                              1          2                                                           -0.14733808                            1_GWF-(1,47,37)
 Backtracking                       2                     0          0  2.93228872E-04  2.93228872E-04                       *                                   
 Model                              2          1                                                       -2.01843449E-07       *                     1_GWF-(1,3,35)
 ----------------------------------------------------------------------------------------------------------------------------------------------------------------


 2 CALLS TO NUMERICAL SOLUTION IN TIME STEP 34 STRESS PERIOD 4
 3 TOTAL ITERATIONS

 SLN_1 INNER ITERATION SUMMARY
 --------------------------------------------------------------------------------------------------------------------------------------
      TOTAL      OUTER      INNER                                                            MAXIMUM                                   
  ITERATION  ITERATION  ITERATION  MAXIMUM CHANGE      MAXIMUM CHANGE MODEL-(CELLID)        RESIDUAL    MAXIMUM RESIDUAL MODEL-(CELLID)
 --------------------------------------------------------------------------------------------------------------------------------------
          1          1          1     -0.14728503                    1_GWF-(1,47,37) -4.50122354E-02                    1_GWF-(1,23,54)
          2          1          2  2.19160885E-04                    1_GWF-(1,42,36) -4.04260455E-05                    1_GWF-(1,23,54)
          3          2          1 -2.01843449E-07                     1_GWF-(1,3,35)  7.45078483E-08                    1_GWF-(1,22,51)
 --------------------------------------------------------------------------------------------------------------------------------------


 
    Solving:  Stress period:     4    Time step:    35
 

 SLN_1 OUTER ITERATION SUMMARY
 ----------------------------------------------------------------------------------------------------------------------------------------------------------------
                                OUTER      INNER  BACKTRACK  BACKTRACK        INCOMING        OUTGOING                    STEP   MAXIMUM CHANGE MODEL-(CELLID) OR
 OUTER ITERATION STEP       ITERATION  ITERATION       FLAG ITERATIONS        RESIDUAL        RESIDUAL  MAXIMUM CHANGE SUCCESS             MODEL-PACKAGE-(NUMBER)
 ----------------------------------------------------------------------------------------------------------------------------------------------------------------
 Backtracking                       1                     0          0       327.65358       327.65358                       *                                   
 Model                              1          2                                                           -0.14287390                            1_GWF-(1,47,37)
 Backtracking                       2                     0          0  2.78550570E-04  2.78550570E-04                       *                                   
 Model                              2          1                                                       -1.92120158E-07       *                     1_GWF-(1,3,35)
 ----------------------------------------------------------------------------------------------------------------------------------------------------------------


 2 CALLS TO NUMERICAL SOLUTION IN TIME STEP 35 STRESS PERIOD 4
 3 TOTAL ITERATIONS

 SLN_1 INNER ITERATION SUMMARY
 --------------------------------------------------------------------------------------------------------------------------------------
      TOTAL      OUTER      INNER                                                            MAXIMUM                                   
  ITERATION  ITERATION  ITERATION  MAXIMUM CHANGE      MAXIMUM CHANGE MODEL-(CELLID)        RESIDUAL    MAXIMUM RESIDUAL MODEL-(CELLID)
 --------------------------------------------------------------------------------------------------------------------------------------
          1          1          1     -0.14282353                    1_GWF-(1,47,37) -4.29437222E-02                    1_GWF-(1,23,54)
          2          1          2  2.12879950E-04                    1_GWF-(1,42,36) -3.80585675E-05                    1_GWF-(1,23,54)
          3          2          1 -1.92120158E-07                     1_GWF-(1,3,35)  7.01438184E-08                    1_GWF-(1,22,51)
 --------------------------------------------------------------------------------------------------------------------------------------


 
    Solving:  Stress period:     4    Time step:    36
 

 SLN_1 OUTER ITERATION SUMMARY
 ----------------------------------------------------------------------------------------------------------------------------------------------------------------
                                OUTER      INNER  BACKTRACK  BACKTRACK        INCOMING        OUTGOING                    STEP   MAXIMUM CHANGE MODEL-(CELLID) OR
 OUTER ITERATION STEP       ITERATION  ITERATION       FLAG ITERATIONS        RESIDUAL        RESIDUAL  MAXIMUM CHANGE SUCCESS             MODEL-PACKAGE-(NUMBER)
 ----------------------------------------------------------------------------------------------------------------------------------------------------------------
 Backtracking                       1                     0          0       317.42611       317.42611                       *                                   
 Model                              1          2                                                           -0.13970167                             1_GWF-(1,3,25)
 Backtracking                       2                     0          0  2.64719798E-04  2.64719798E-04                       *                                   
 Model                              2          1                                                       -1.82833071E-07       *                     1_GWF-(1,3,35)
 ----------------------------------------------------------------------------------------------------------------------------------------------------------------


 2 CALLS TO NUMERICAL SOLUTION IN TIME STEP 36 STRESS PERIOD 4
 3 TOTAL ITERATIONS

 SLN_1 INNER ITERATION SUMMARY
 --------------------------------------------------------------------------------------------------------------------------------------
      TOTAL      OUTER      INNER                                                            MAXIMUM                                   
  ITERATION  ITERATION  ITERATION  MAXIMUM CHANGE      MAXIMUM CHANGE MODEL-(CELLID)        RESIDUAL    MAXIMUM RESIDUAL MODEL-(CELLID)
 --------------------------------------------------------------------------------------------------------------------------------------
          1          1          1     -0.13960594                     1_GWF-(1,3,25) -4.09661733E-02                    1_GWF-(1,23,54)
          2          1          2  2.06739553E-04                    1_GWF-(1,42,36) -3.65516248E-05                     1_GWF-(1,4,46)
          3          2          1 -1.82833072E-07                     1_GWF-(1,3,35)  6.60252008E-08                    1_GWF-(1,22,51)
 --------------------------------------------------------------------------------------------------------------------------------------


 
    Solving:  Stress period:     4    Time step:    37
 

 SLN_1 OUTER ITERATION SUMMARY
 ----------------------------------------------------------------------------------------------------------------------------------------------------------------
                                OUTER      INNER  BACKTRACK  BACKTRACK        INCOMING        OUTGOING                    STEP   MAXIMUM CHANGE MODEL-(CELLID) OR
 OUTER ITERATION STEP       ITERATION  ITERATION       FLAG ITERATIONS        RESIDUAL        RESIDUAL  MAXIMUM CHANGE SUCCESS             MODEL-PACKAGE-(NUMBER)
 ----------------------------------------------------------------------------------------------------------------------------------------------------------------
 Backtracking                       1                     0          0       307.69245       307.69245                       *                                   
 Model                              1          2                                                           -0.13781680                             1_GWF-(1,3,25)
 Backtracking                       2                     0          0  2.51686897E-04  2.51686897E-04                       *                                   
 Model                              2          1                                                       -1.73974568E-07       *                     1_GWF-(1,3,35)
 ----------------------------------------------------------------------------------------------------------------------------------------------------------------


 2 CALLS TO NUMERICAL SOLUTION IN TIME STEP 37 STRESS PERIOD 4
 3 TOTAL ITERATIONS

 SLN_1 INNER ITERATION SUMMARY
 --------------------------------------------------------------------------------------------------------------------------------------
      TOTAL      OUTER      INNER                                                            MAXIMUM                                   
  ITERATION  ITERATION  ITERATION  MAXIMUM CHANGE      MAXIMUM CHANGE MODEL-(CELLID)        RESIDUAL    MAXIMUM RESIDUAL MODEL-(CELLID)
 --------------------------------------------------------------------------------------------------------------------------------------
          1          1          1     -0.13772413                     1_GWF-(1,3,25) -3.90766613E-02                    1_GWF-(1,23,54)
          2          1          2  2.00737358E-04                    1_GWF-(1,42,36) -3.55509423E-05                     1_GWF-(1,4,46)
          3          2          1 -1.73974568E-07                     1_GWF-(1,3,35)  6.27424964E-08                     1_GWF-(1,4,43)
 --------------------------------------------------------------------------------------------------------------------------------------


 
    Solving:  Stress period:     4    Time step:    38
 

 SLN_1 OUTER ITERATION SUMMARY
 ----------------------------------------------------------------------------------------------------------------------------------------------------------------
                                OUTER      INNER  BACKTRACK  BACKTRACK        INCOMING        OUTGOING                    STEP   MAXIMUM CHANGE MODEL-(CELLID) OR
 OUTER ITERATION STEP       ITERATION  ITERATION       FLAG ITERATIONS        RESIDUAL        RESIDUAL  MAXIMUM CHANGE SUCCESS             MODEL-PACKAGE-(NUMBER)
 ----------------------------------------------------------------------------------------------------------------------------------------------------------------
 Backtracking                       1                     0          0       298.41408       298.41408                       *                                   
 Model                              1          2                                                           -0.13592821                             1_GWF-(1,3,26)
 Backtracking                       2                     0          0  2.39404727E-04  2.39404727E-04                       *                                   
 Model                              2          1                                                       -1.65534783E-07       *                     1_GWF-(1,3,35)
 ----------------------------------------------------------------------------------------------------------------------------------------------------------------


 2 CALLS TO NUMERICAL SOLUTION IN TIME STEP 38 STRESS PERIOD 4
 3 TOTAL ITERATIONS

 SLN_1 INNER ITERATION SUMMARY
 --------------------------------------------------------------------------------------------------------------------------------------
      TOTAL      OUTER      INNER                                                            MAXIMUM                                   
  ITERATION  ITERATION  ITERATION  MAXIMUM CHANGE      MAXIMUM CHANGE MODEL-(CELLID)        RESIDUAL    MAXIMUM RESIDUAL MODEL-(CELLID)
 --------------------------------------------------------------------------------------------------------------------------------------
          1          1          1     -0.13583360                     1_GWF-(1,3,26) -3.72721632E-02                    1_GWF-(1,23,54)
          2          1          2  1.94871215E-04                    1_GWF-(1,42,36) -3.45640619E-05                     1_GWF-(1,4,46)
          3          2          1 -1.65534783E-07                     1_GWF-(1,3,35)  6.02620422E-08                     1_GWF-(1,4,43)
 --------------------------------------------------------------------------------------------------------------------------------------


 
    Solving:  Stress period:     4    Time step:    39
 

 SLN_1 OUTER ITERATION SUMMARY
 ----------------------------------------------------------------------------------------------------------------------------------------------------------------
                                OUTER      INNER  BACKTRACK  BACKTRACK        INCOMING        OUTGOING                    STEP   MAXIMUM CHANGE MODEL-(CELLID) OR
 OUTER ITERATION STEP       ITERATION  ITERATION       FLAG ITERATIONS        RESIDUAL        RESIDUAL  MAXIMUM CHANGE SUCCESS             MODEL-PACKAGE-(NUMBER)
 ----------------------------------------------------------------------------------------------------------------------------------------------------------------
 Backtracking                       1                     0          0       289.55629       289.55629                       *                                   
 Model                              1          2                                                           -0.13415677                             1_GWF-(1,2,28)
 Backtracking                       2                     0          0  2.27828597E-04  2.27828597E-04                       *                                   
 Model                              2          1                                                       -1.57502127E-07       *                     1_GWF-(1,3,35)
 ----------------------------------------------------------------------------------------------------------------------------------------------------------------


 2 CALLS TO NUMERICAL SOLUTION IN TIME STEP 39 STRESS PERIOD 4
 3 TOTAL ITERATIONS

 SLN_1 INNER ITERATION SUMMARY
 --------------------------------------------------------------------------------------------------------------------------------------
      TOTAL      OUTER      INNER                                                            MAXIMUM                                   
  ITERATION  ITERATION  ITERATION  MAXIMUM CHANGE      MAXIMUM CHANGE MODEL-(CELLID)        RESIDUAL    MAXIMUM RESIDUAL MODEL-(CELLID)
 --------------------------------------------------------------------------------------------------------------------------------------
          1          1          1     -0.13406107                     1_GWF-(1,2,28) -3.55496070E-02                    1_GWF-(1,23,54)
          2          1          2  1.89139152E-04                    1_GWF-(1,42,36) -3.35923601E-05                     1_GWF-(1,4,46)
          3          2          1 -1.57502127E-07                     1_GWF-(1,3,35)  5.78950994E-08                     1_GWF-(1,4,43)
 --------------------------------------------------------------------------------------------------------------------------------------


 
    Solving:  Stress period:     4    Time step:    40
 

 SLN_1 OUTER ITERATION SUMMARY
 ----------------------------------------------------------------------------------------------------------------------------------------------------------------
                                OUTER      INNER  BACKTRACK  BACKTRACK        INCOMING        OUTGOING                    STEP   MAXIMUM CHANGE MODEL-(CELLID) OR
 OUTER ITERATION STEP       ITERATION  ITERATION       FLAG ITERATIONS        RESIDUAL        RESIDUAL  MAXIMUM CHANGE SUCCESS             MODEL-PACKAGE-(NUMBER)
 ----------------------------------------------------------------------------------------------------------------------------------------------------------------
 Backtracking                       1                     0          0       281.08772       281.08772                       *                                   
 Model                              1          2                                                           -0.13255267                             1_GWF-(1,2,28)
 Backtracking                       2                     0          0  2.16916178E-04  2.16916178E-04                       *                                   
 Model                              2          1                                                       -1.49863667E-07       *                     1_GWF-(1,3,35)
 ----------------------------------------------------------------------------------------------------------------------------------------------------------------


 2 CALLS TO NUMERICAL SOLUTION IN TIME STEP 40 STRESS PERIOD 4
 3 TOTAL ITERATIONS

 SLN_1 INNER ITERATION SUMMARY
 --------------------------------------------------------------------------------------------------------------------------------------
      TOTAL      OUTER      INNER                                                            MAXIMUM                                   
  ITERATION  ITERATION  ITERATION  MAXIMUM CHANGE      MAXIMUM CHANGE MODEL-(CELLID)        RESIDUAL    MAXIMUM RESIDUAL MODEL-(CELLID)
 --------------------------------------------------------------------------------------------------------------------------------------
          1          1          1     -0.13245999                     1_GWF-(1,2,28) -3.39059080E-02                    1_GWF-(1,23,54)
          2          1          2  1.83539353E-04                    1_GWF-(1,42,36) -3.26369652E-05                     1_GWF-(1,4,46)
          3          2          1 -1.49863667E-07                     1_GWF-(1,3,35)  5.56368924E-08                     1_GWF-(1,4,43)
 --------------------------------------------------------------------------------------------------------------------------------------


 
    Solving:  Stress period:     4    Time step:    41
 

 SLN_1 OUTER ITERATION SUMMARY
 ----------------------------------------------------------------------------------------------------------------------------------------------------------------
                                OUTER      INNER  BACKTRACK  BACKTRACK        INCOMING        OUTGOING                    STEP   MAXIMUM CHANGE MODEL-(CELLID) OR
 OUTER ITERATION STEP       ITERATION  ITERATION       FLAG ITERATIONS        RESIDUAL        RESIDUAL  MAXIMUM CHANGE SUCCESS             MODEL-PACKAGE-(NUMBER)
 ----------------------------------------------------------------------------------------------------------------------------------------------------------------
 Backtracking                       1                     0          0       272.98010       272.98010                       *                                   
 Model                              1          2                                                           -0.13091213                             1_GWF-(1,2,29)
 Backtracking                       2                     0          0  2.06627430E-04  2.06627430E-04                       *                                   
 Model                              2          1                                                       -1.42605473E-07       *                     1_GWF-(1,3,35)
 ----------------------------------------------------------------------------------------------------------------------------------------------------------------


 2 CALLS TO NUMERICAL SOLUTION IN TIME STEP 41 STRESS PERIOD 4
 3 TOTAL ITERATIONS

 SLN_1 INNER ITERATION SUMMARY
 --------------------------------------------------------------------------------------------------------------------------------------
      TOTAL      OUTER      INNER                                                            MAXIMUM                                   
  ITERATION  ITERATION  ITERATION  MAXIMUM CHANGE      MAXIMUM CHANGE MODEL-(CELLID)        RESIDUAL    MAXIMUM RESIDUAL MODEL-(CELLID)
 --------------------------------------------------------------------------------------------------------------------------------------
          1          1          1     -0.13081944                     1_GWF-(1,2,29) -3.23379962E-02                    1_GWF-(1,23,54)
          2          1          2  1.78070130E-04                    1_GWF-(1,42,36) -3.16987979E-05                     1_GWF-(1,4,46)
          3          2          1 -1.42605473E-07                     1_GWF-(1,3,35)  5.34825980E-08                     1_GWF-(1,4,43)
 --------------------------------------------------------------------------------------------------------------------------------------


 
    Solving:  Stress period:     4    Time step:    42
 

 SLN_1 OUTER ITERATION SUMMARY
 ----------------------------------------------------------------------------------------------------------------------------------------------------------------
                                OUTER      INNER  BACKTRACK  BACKTRACK        INCOMING        OUTGOING                    STEP   MAXIMUM CHANGE MODEL-(CELLID) OR
 OUTER ITERATION STEP       ITERATION  ITERATION       FLAG ITERATIONS        RESIDUAL        RESIDUAL  MAXIMUM CHANGE SUCCESS             MODEL-PACKAGE-(NUMBER)
 ----------------------------------------------------------------------------------------------------------------------------------------------------------------
 Backtracking                       1                     0          0       265.20784       265.20784                       *                                   
 Model                              1          2                                                           -0.12925267                             1_GWF-(1,2,30)
 Backtracking                       2                     0          0  1.96924517E-04  1.96924517E-04                       *                                   
 Model                              2          1                                                       -1.35712964E-07       *                     1_GWF-(1,3,35)
 ----------------------------------------------------------------------------------------------------------------------------------------------------------------


 2 CALLS TO NUMERICAL SOLUTION IN TIME STEP 42 STRESS PERIOD 4
 3 TOTAL ITERATIONS

 SLN_1 INNER ITERATION SUMMARY
 --------------------------------------------------------------------------------------------------------------------------------------
      TOTAL      OUTER      INNER                                                            MAXIMUM                                   
  ITERATION  ITERATION  ITERATION  MAXIMUM CHANGE      MAXIMUM CHANGE MODEL-(CELLID)        RESIDUAL    MAXIMUM RESIDUAL MODEL-(CELLID)
 --------------------------------------------------------------------------------------------------------------------------------------
          1          1          1     -0.12916078                     1_GWF-(1,2,30) -3.08428372E-02                    1_GWF-(1,23,54)
          2          1          2  1.72729903E-04                    1_GWF-(1,42,36) -3.07786037E-05                     1_GWF-(1,4,46)
          3          2          1 -1.35712963E-07                     1_GWF-(1,3,35)  5.14274071E-08                     1_GWF-(1,4,43)
 --------------------------------------------------------------------------------------------------------------------------------------


 
    Solving:  Stress period:     4    Time step:    43
 

 SLN_1 OUTER ITERATION SUMMARY
 ----------------------------------------------------------------------------------------------------------------------------------------------------------------
                                OUTER      INNER  BACKTRACK  BACKTRACK        INCOMING        OUTGOING                    STEP   MAXIMUM CHANGE MODEL-(CELLID) OR
 OUTER ITERATION STEP       ITERATION  ITERATION       FLAG ITERATIONS        RESIDUAL        RESIDUAL  MAXIMUM CHANGE SUCCESS             MODEL-PACKAGE-(NUMBER)
 ----------------------------------------------------------------------------------------------------------------------------------------------------------------
 Backtracking                       1                     0          0       257.74782       257.74782                       *                                   
 Model                              1          2                                                           -0.12754955                             1_GWF-(1,2,30)
 Backtracking                       2                     0          0  1.87771734E-04  1.87771734E-04                       *                                   
 Model                              2          1                                                       -1.29171131E-07       *                     1_GWF-(1,3,35)
 ----------------------------------------------------------------------------------------------------------------------------------------------------------------


 2 CALLS TO NUMERICAL SOLUTION IN TIME STEP 43 STRESS PERIOD 4
 3 TOTAL ITERATIONS

 SLN_1 INNER ITERATION SUMMARY
 --------------------------------------------------------------------------------------------------------------------------------------
      TOTAL      OUTER      INNER                                                            MAXIMUM                                   
  ITERATION  ITERATION  ITERATION  MAXIMUM CHANGE      MAXIMUM CHANGE MODEL-(CELLID)        RESIDUAL    MAXIMUM RESIDUAL MODEL-(CELLID)
 --------------------------------------------------------------------------------------------------------------------------------------
          1          1          1     -0.12746068                     1_GWF-(1,2,30) -2.94174478E-02                    1_GWF-(1,23,54)
          2          1          2  1.67517164E-04                    1_GWF-(1,42,36) -2.98769800E-05                     1_GWF-(1,4,46)
          3          2          1 -1.29171131E-07                     1_GWF-(1,3,35)  4.94665891E-08                     1_GWF-(1,4,43)
 --------------------------------------------------------------------------------------------------------------------------------------


 
    Solving:  Stress period:     4    Time step:    44
 

 SLN_1 OUTER ITERATION SUMMARY
 ----------------------------------------------------------------------------------------------------------------------------------------------------------------
                                OUTER      INNER  BACKTRACK  BACKTRACK        INCOMING        OUTGOING                    STEP   MAXIMUM CHANGE MODEL-(CELLID) OR
 OUTER ITERATION STEP       ITERATION  ITERATION       FLAG ITERATIONS        RESIDUAL        RESIDUAL  MAXIMUM CHANGE SUCCESS             MODEL-PACKAGE-(NUMBER)
 ----------------------------------------------------------------------------------------------------------------------------------------------------------------
 Backtracking                       1                     0          0       250.57909       250.57909                       *                                   
 Model                              1          2                                                           -0.12582051                             1_GWF-(1,2,31)
 Backtracking                       2                     0          0  1.79135414E-04  1.79135414E-04                       *                                   
 Model                              2          1                                                       -1.22964787E-07       *                     1_GWF-(1,3,35)
 ----------------------------------------------------------------------------------------------------------------------------------------------------------------


 2 CALLS TO NUMERICAL SOLUTION IN TIME STEP 44 STRESS PERIOD 4
 3 TOTAL ITERATIONS

 SLN_1 INNER ITERATION SUMMARY
 --------------------------------------------------------------------------------------------------------------------------------------
      TOTAL      OUTER      INNER                                                            MAXIMUM                                   
  ITERATION  ITERATION  ITERATION  MAXIMUM CHANGE      MAXIMUM CHANGE MODEL-(CELLID)        RESIDUAL    MAXIMUM RESIDUAL MODEL-(CELLID)
 --------------------------------------------------------------------------------------------------------------------------------------
          1          1          1     -0.12573182                     1_GWF-(1,2,31) -2.80589084E-02                    1_GWF-(1,23,54)
          2          1          2  1.62430459E-04                    1_GWF-(1,42,36) -2.89943975E-05                     1_GWF-(1,4,46)
          3          2          1 -1.22964786E-07                     1_GWF-(1,3,35)  4.75955310E-08                     1_GWF-(1,4,43)
 --------------------------------------------------------------------------------------------------------------------------------------


 
    Solving:  Stress period:     4    Time step:    45
 

 SLN_1 OUTER ITERATION SUMMARY
 ----------------------------------------------------------------------------------------------------------------------------------------------------------------
                                OUTER      INNER  BACKTRACK  BACKTRACK        INCOMING        OUTGOING                    STEP   MAXIMUM CHANGE MODEL-(CELLID) OR
 OUTER ITERATION STEP       ITERATION  ITERATION       FLAG ITERATIONS        RESIDUAL        RESIDUAL  MAXIMUM CHANGE SUCCESS             MODEL-PACKAGE-(NUMBER)
 ----------------------------------------------------------------------------------------------------------------------------------------------------------------
 Backtracking                       1                     0          0       243.68269       243.68269                       *                                   
 Model                              1          2                                                           -0.12405081                             1_GWF-(1,2,31)
 Backtracking                       2                     0          0  1.70983848E-04  1.70983848E-04                       *                                   
 Model                              2          1                                                       -1.17078713E-07       *                     1_GWF-(1,3,35)
 ----------------------------------------------------------------------------------------------------------------------------------------------------------------


 2 CALLS TO NUMERICAL SOLUTION IN TIME STEP 45 STRESS PERIOD 4
 3 TOTAL ITERATIONS

 SLN_1 INNER ITERATION SUMMARY
 --------------------------------------------------------------------------------------------------------------------------------------
      TOTAL      OUTER      INNER                                                            MAXIMUM                                   
  ITERATION  ITERATION  ITERATION  MAXIMUM CHANGE      MAXIMUM CHANGE MODEL-(CELLID)        RESIDUAL    MAXIMUM RESIDUAL MODEL-(CELLID)
 --------------------------------------------------------------------------------------------------------------------------------------
          1          1          1     -0.12396514                     1_GWF-(1,2,31) -2.67643712E-02                    1_GWF-(1,23,54)
          2          1          2  1.57468356E-04                    1_GWF-(1,42,36) -2.81312178E-05                     1_GWF-(1,4,46)
          3          2          1 -1.17078713E-07                     1_GWF-(1,3,35)  4.58097629E-08                     1_GWF-(1,4,43)
 --------------------------------------------------------------------------------------------------------------------------------------


 
    Solving:  Stress period:     4    Time step:    46
 

 SLN_1 OUTER ITERATION SUMMARY
 ----------------------------------------------------------------------------------------------------------------------------------------------------------------
                                OUTER      INNER  BACKTRACK  BACKTRACK        INCOMING        OUTGOING                    STEP   MAXIMUM CHANGE MODEL-(CELLID) OR
 OUTER ITERATION STEP       ITERATION  ITERATION       FLAG ITERATIONS        RESIDUAL        RESIDUAL  MAXIMUM CHANGE SUCCESS             MODEL-PACKAGE-(NUMBER)
 ----------------------------------------------------------------------------------------------------------------------------------------------------------------
 Backtracking                       1                     0          0       237.04139       237.04139                       *                                   
 Model                              1          2                                                           -0.12224457                             1_GWF-(1,2,31)
 Backtracking                       2                     0          0  1.63287203E-04  1.63287203E-04                       *                                   
 Model                              2          1                                                       -1.11497837E-07       *                     1_GWF-(1,3,35)
 ----------------------------------------------------------------------------------------------------------------------------------------------------------------


 2 CALLS TO NUMERICAL SOLUTION IN TIME STEP 46 STRESS PERIOD 4
 3 TOTAL ITERATIONS

 SLN_1 INNER ITERATION SUMMARY
 --------------------------------------------------------------------------------------------------------------------------------------
      TOTAL      OUTER      INNER                                                            MAXIMUM                                   
  ITERATION  ITERATION  ITERATION  MAXIMUM CHANGE      MAXIMUM CHANGE MODEL-(CELLID)        RESIDUAL    MAXIMUM RESIDUAL MODEL-(CELLID)
 --------------------------------------------------------------------------------------------------------------------------------------
          1          1          1     -0.12216183                     1_GWF-(1,2,31) -2.55310666E-02                    1_GWF-(1,23,54)
          2          1          2  1.52629432E-04                    1_GWF-(1,42,36) -2.72877074E-05                     1_GWF-(1,4,46)
          3          2          1 -1.11497837E-07                     1_GWF-(1,3,35)  4.41049823E-08                     1_GWF-(1,4,43)
 --------------------------------------------------------------------------------------------------------------------------------------


 
    Solving:  Stress period:     4    Time step:    47
 

 SLN_1 OUTER ITERATION SUMMARY
 ----------------------------------------------------------------------------------------------------------------------------------------------------------------
                                OUTER      INNER  BACKTRACK  BACKTRACK        INCOMING        OUTGOING                    STEP   MAXIMUM CHANGE MODEL-(CELLID) OR
 OUTER ITERATION STEP       ITERATION  ITERATION       FLAG ITERATIONS        RESIDUAL        RESIDUAL  MAXIMUM CHANGE SUCCESS             MODEL-PACKAGE-(NUMBER)
 ----------------------------------------------------------------------------------------------------------------------------------------------------------------
 Backtracking                       1                     0          0       230.63954       230.63954                       *                                   
 Model                              1          2                                                           -0.12040713                             1_GWF-(1,2,31)
 Backtracking                       2                     0          0  1.56017428E-04  1.56017428E-04                       *                                   
 Model                              2          1                                                       -1.06207332E-07       *                     1_GWF-(1,3,35)
 ----------------------------------------------------------------------------------------------------------------------------------------------------------------


 2 CALLS TO NUMERICAL SOLUTION IN TIME STEP 47 STRESS PERIOD 4
 3 TOTAL ITERATIONS

 SLN_1 INNER ITERATION SUMMARY
 --------------------------------------------------------------------------------------------------------------------------------------
      TOTAL      OUTER      INNER                                                            MAXIMUM                                   
  ITERATION  ITERATION  ITERATION  MAXIMUM CHANGE      MAXIMUM CHANGE MODEL-(CELLID)        RESIDUAL    MAXIMUM RESIDUAL MODEL-(CELLID)
 --------------------------------------------------------------------------------------------------------------------------------------
          1          1          1     -0.12032723                     1_GWF-(1,2,31) -2.43563082E-02                    1_GWF-(1,23,54)
          2          1          2  1.47912252E-04                    1_GWF-(1,42,36) -2.64640500E-05                     1_GWF-(1,4,46)
          3          2          1 -1.06207332E-07                     1_GWF-(1,3,35)  4.24770749E-08                     1_GWF-(1,4,43)
 --------------------------------------------------------------------------------------------------------------------------------------


 
    Solving:  Stress period:     4    Time step:    48
 

 SLN_1 OUTER ITERATION SUMMARY
 ----------------------------------------------------------------------------------------------------------------------------------------------------------------
                                OUTER      INNER  BACKTRACK  BACKTRACK        INCOMING        OUTGOING                    STEP   MAXIMUM CHANGE MODEL-(CELLID) OR
 OUTER ITERATION STEP       ITERATION  ITERATION       FLAG ITERATIONS        RESIDUAL        RESIDUAL  MAXIMUM CHANGE SUCCESS             MODEL-PACKAGE-(NUMBER)
 ----------------------------------------------------------------------------------------------------------------------------------------------------------------
 Backtracking                       1                     0          0       224.46291       224.46291                       *                                   
 Model                              1          2                                                           -0.11854355                             1_GWF-(1,2,31)
 Backtracking                       2                     0          0  1.49148172E-04  1.49148172E-04                       *                                   
 Model                              2          1                                                       -1.01333693E-07       *                     1_GWF-(1,2,34)
 ----------------------------------------------------------------------------------------------------------------------------------------------------------------


 2 CALLS TO NUMERICAL SOLUTION IN TIME STEP 48 STRESS PERIOD 4
 3 TOTAL ITERATIONS

 SLN_1 INNER ITERATION SUMMARY
 --------------------------------------------------------------------------------------------------------------------------------------
      TOTAL      OUTER      INNER                                                            MAXIMUM                                   
  ITERATION  ITERATION  ITERATION  MAXIMUM CHANGE      MAXIMUM CHANGE MODEL-(CELLID)        RESIDUAL    MAXIMUM RESIDUAL MODEL-(CELLID)
 --------------------------------------------------------------------------------------------------------------------------------------
          1          1          1     -0.11846639                     1_GWF-(1,2,31) -2.33860972E-02                    1_GWF-(1,42,37)
          2          1          2  1.43315352E-04                    1_GWF-(1,42,36) -2.56603563E-05                     1_GWF-(1,4,46)
          3          2          1 -1.01333692E-07                     1_GWF-(1,2,34)  4.09221055E-08                     1_GWF-(1,4,43)
 --------------------------------------------------------------------------------------------------------------------------------------


 
    Solving:  Stress period:     4    Time step:    49
 

 SLN_1 OUTER ITERATION SUMMARY
 ----------------------------------------------------------------------------------------------------------------------------------------------------------------
                                OUTER      INNER  BACKTRACK  BACKTRACK        INCOMING        OUTGOING                    STEP   MAXIMUM CHANGE MODEL-(CELLID) OR
 OUTER ITERATION STEP       ITERATION  ITERATION       FLAG ITERATIONS        RESIDUAL        RESIDUAL  MAXIMUM CHANGE SUCCESS             MODEL-PACKAGE-(NUMBER)
 ----------------------------------------------------------------------------------------------------------------------------------------------------------------
 Backtracking                       1                     0          0       218.49854       218.49854                       *                                   
 Model                              1          2                                                           -0.11665855                             1_GWF-(1,2,31)
 Backtracking                       2                     0          0  1.42654699E-04  1.42654699E-04                       *                                   
 Model                              2          1                                                       -9.70455565E-08       *                     1_GWF-(1,2,34)
 ----------------------------------------------------------------------------------------------------------------------------------------------------------------


 2 CALLS TO NUMERICAL SOLUTION IN TIME STEP 49 STRESS PERIOD 4
 3 TOTAL ITERATIONS

 SLN_1 INNER ITERATION SUMMARY
 --------------------------------------------------------------------------------------------------------------------------------------
      TOTAL      OUTER      INNER                                                            MAXIMUM                                   
  ITERATION  ITERATION  ITERATION  MAXIMUM CHANGE      MAXIMUM CHANGE MODEL-(CELLID)        RESIDUAL    MAXIMUM RESIDUAL MODEL-(CELLID)
 --------------------------------------------------------------------------------------------------------------------------------------
          1          1          1     -0.11658406                     1_GWF-(1,2,31) -2.26218853E-02                    1_GWF-(1,42,37)
          2          1          2  1.38837236E-04                    1_GWF-(1,42,36) -2.48766716E-05                     1_GWF-(1,4,46)
          3          2          1 -9.70455567E-08                     1_GWF-(1,2,34)  3.94363374E-08                     1_GWF-(1,4,43)
 --------------------------------------------------------------------------------------------------------------------------------------


 
    Solving:  Stress period:     4    Time step:    50
 

 SLN_1 OUTER ITERATION SUMMARY
 ----------------------------------------------------------------------------------------------------------------------------------------------------------------
                                OUTER      INNER  BACKTRACK  BACKTRACK        INCOMING        OUTGOING                    STEP   MAXIMUM CHANGE MODEL-(CELLID) OR
 OUTER ITERATION STEP       ITERATION  ITERATION       FLAG ITERATIONS        RESIDUAL        RESIDUAL  MAXIMUM CHANGE SUCCESS             MODEL-PACKAGE-(NUMBER)
 ----------------------------------------------------------------------------------------------------------------------------------------------------------------
 Backtracking                       1                     0          0       212.73457       212.73457                       *                                   
 Model                              1          2                                                           -0.11475660                             1_GWF-(1,2,31)
 Backtracking                       2                     0          0  1.36513801E-04  1.36513801E-04                       *                                   
 Model                              2          1                                                       -9.29607795E-08       *                     1_GWF-(1,2,34)
 ----------------------------------------------------------------------------------------------------------------------------------------------------------------


 2 CALLS TO NUMERICAL SOLUTION IN TIME STEP 50 STRESS PERIOD 4
 3 TOTAL ITERATIONS

 SLN_1 INNER ITERATION SUMMARY
 --------------------------------------------------------------------------------------------------------------------------------------
      TOTAL      OUTER      INNER                                                            MAXIMUM                                   
  ITERATION  ITERATION  ITERATION  MAXIMUM CHANGE      MAXIMUM CHANGE MODEL-(CELLID)        RESIDUAL    MAXIMUM RESIDUAL MODEL-(CELLID)
 --------------------------------------------------------------------------------------------------------------------------------------
          1          1          1     -0.11468468                     1_GWF-(1,2,31) -2.18795125E-02                    1_GWF-(1,42,37)
          2          1          2  1.34476357E-04                    1_GWF-(1,42,36) -2.41129838E-05                     1_GWF-(1,4,46)
          3          2          1 -9.29607795E-08                     1_GWF-(1,2,34)  3.80162178E-08                     1_GWF-(1,4,43)
 --------------------------------------------------------------------------------------------------------------------------------------


 
    Solving:  Stress period:     4    Time step:    51
 

 SLN_1 OUTER ITERATION SUMMARY
 ----------------------------------------------------------------------------------------------------------------------------------------------------------------
                                OUTER      INNER  BACKTRACK  BACKTRACK        INCOMING        OUTGOING                    STEP   MAXIMUM CHANGE MODEL-(CELLID) OR
 OUTER ITERATION STEP       ITERATION  ITERATION       FLAG ITERATIONS        RESIDUAL        RESIDUAL  MAXIMUM CHANGE SUCCESS             MODEL-PACKAGE-(NUMBER)
 ----------------------------------------------------------------------------------------------------------------------------------------------------------------
 Backtracking                       1                     0          0       207.16020       207.16020                       *                                   
 Model                              1          2                                                           -0.11284676                             1_GWF-(1,2,32)
 Backtracking                       2                     0          0  1.30703721E-04  1.30703721E-04                       *                                   
 Model                              2          1                                                       -8.90697462E-08       *                     1_GWF-(1,2,34)
 ----------------------------------------------------------------------------------------------------------------------------------------------------------------


 2 CALLS TO NUMERICAL SOLUTION IN TIME STEP 51 STRESS PERIOD 4
 3 TOTAL ITERATIONS

 SLN_1 INNER ITERATION SUMMARY
 --------------------------------------------------------------------------------------------------------------------------------------
      TOTAL      OUTER      INNER                                                            MAXIMUM                                   
  ITERATION  ITERATION  ITERATION  MAXIMUM CHANGE      MAXIMUM CHANGE MODEL-(CELLID)        RESIDUAL    MAXIMUM RESIDUAL MODEL-(CELLID)
 --------------------------------------------------------------------------------------------------------------------------------------
          1          1          1     -0.11277241                     1_GWF-(1,2,31) -2.11586133E-02                    1_GWF-(1,42,37)
          2          1          2  1.30231122E-04                    1_GWF-(1,42,36) -2.33692287E-05                     1_GWF-(1,4,46)
          3          2          1 -8.90697462E-08                     1_GWF-(1,2,34)  3.66583831E-08                     1_GWF-(1,4,43)
 --------------------------------------------------------------------------------------------------------------------------------------


 
    Solving:  Stress period:     4    Time step:    52
 

 SLN_1 OUTER ITERATION SUMMARY
 ----------------------------------------------------------------------------------------------------------------------------------------------------------------
                                OUTER      INNER  BACKTRACK  BACKTRACK        INCOMING        OUTGOING                    STEP   MAXIMUM CHANGE MODEL-(CELLID) OR
 OUTER ITERATION STEP       ITERATION  ITERATION       FLAG ITERATIONS        RESIDUAL        RESIDUAL  MAXIMUM CHANGE SUCCESS             MODEL-PACKAGE-(NUMBER)
 ----------------------------------------------------------------------------------------------------------------------------------------------------------------
 Backtracking                       1                     0          0       201.76552       201.76552                       *                                   
 Model                              1          2                                                           -0.11093069                             1_GWF-(1,2,32)
 Backtracking                       2                     0          0  1.25204068E-04  1.25204068E-04                       *                                   
 Model                              2          1                                                       -8.53631246E-08       *                     1_GWF-(1,2,34)
 ----------------------------------------------------------------------------------------------------------------------------------------------------------------


 2 CALLS TO NUMERICAL SOLUTION IN TIME STEP 52 STRESS PERIOD 4
 3 TOTAL ITERATIONS

 SLN_1 INNER ITERATION SUMMARY
 --------------------------------------------------------------------------------------------------------------------------------------
      TOTAL      OUTER      INNER                                                            MAXIMUM                                   
  ITERATION  ITERATION  ITERATION  MAXIMUM CHANGE      MAXIMUM CHANGE MODEL-(CELLID)        RESIDUAL    MAXIMUM RESIDUAL MODEL-(CELLID)
 --------------------------------------------------------------------------------------------------------------------------------------
          1          1          1     -0.11085509                     1_GWF-(1,2,32) -2.04588050E-02                    1_GWF-(1,42,37)
          2          1          2  1.26099880E-04                    1_GWF-(1,42,36) -2.26452956E-05                     1_GWF-(1,4,46)
          3          2          1 -8.53631248E-08                     1_GWF-(1,2,34)  3.53596453E-08                     1_GWF-(1,4,43)
 --------------------------------------------------------------------------------------------------------------------------------------




 Solution SLN_1 summary
 ----------------------------------------------------------------------
 Total formulate time:  .1562500000000000E-01 seconds
 Total solution time:   .1562500000000000E-01 seconds


 MEMORY MANAGER TOTAL STORAGE BY DATA TYPE, IN MEGABYTES
 -------------------------------
                    ALLOCATED   
 DATA TYPE           MEMORY     
 -------------------------------
 Character        3.03300000E-03
 Logical          4.40000000E-05
 Integer          1.1109720     
 Real             1.8690240     
 -------------------------------
 Total            2.9830730     
 -------------------------------


 
 Run end date and time (yyyy/mm/dd hh:mm:ss): 2025/11/02  8:07:43
 Elapsed run time:  3.376 Seconds
 Normal termination of simulation.
