totim,chd,chd2,drn,in-out,percent-discrepancy,rcha,total,wel,wel2,wel3
1.0,-392.82166,184.77571,-2636.267,-258.4432,-5.97,99.87,-258.44336,2324.0,846.0,-684.0
