   1.000000E+30    1.000000E+30    1.000000E+30    1.000000E+30    1.000000E+30    1.000000E+30    1.000000E+30    1.000000E+30    1.000000E+30    1.000000E+30    1.000000E+30    1.000000E+30    1.000000E+30    1.000000E+30    1.000000E+30    1.000000E+30    1.000000E+30    1.000000E+30    1.000000E+30    1.000000E+30    1.000000E+30    1.000000E+30    1.000000E+30    1.000000E+30    1.000000E+30    1.000000E+30    1.000000E+30    1.000000E+30    1.000000E+30    1.000000E+30    1.000000E+30    1.000000E+30    1.000000E+30    1.000000E+30    1.000000E+30    1.000000E+30    1.000000E+30    1.000000E+30    1.000000E+30    1.000000E+30    1.000000E+30    1.000000E+30    1.000000E+30    1.000000E+30    1.000000E+30    1.000000E+30    1.000000E+30    1.000000E+30    1.000000E+30    1.000000E+30    1.000000E+30    1.000000E+30    1.000000E+30    1.000000E+30    1.000000E+30    1.000000E+30    1.000000E+30    1.000000E+30    1.000000E+30    1.285949E+01    1.284668E+01    1.282753E+01    1.280434E+01    1.277811E+01    1.274919E+01    1.271743E+01    1.268262E+01    1.264466E+01    1.260336E+01    1.255848E+01    1.250976E+01    1.245665E+01    1.239879E+01    1.233620E+01    1.226835E+01    1.219444E+01    1.211381E+01    1.202585E+01    1.192934E+01    1.182555E+01    1.171986E+01    1.163123E+01    1.000000E+30    1.000000E+30    1.000000E+30    1.000000E+30    1.000000E+30    1.000000E+30    1.000000E+30    1.000000E+30    1.000000E+30    1.000000E+30    1.000000E+30    1.000000E+30    1.000000E+30    1.000000E+30    1.000000E+30    1.000000E+30    1.000000E+30    1.000000E+30    1.000000E+30    1.000000E+30    1.000000E+30    1.000000E+30    1.000000E+30    1.000000E+30    1.000000E+30    1.000000E+30    1.000000E+30    1.000000E+30    1.000000E+30    1.000000E+30    1.000000E+30    1.000000E+30    1.000000E+30    1.000000E+30    1.000000E+30    1.000000E+30    1.000000E+30    1.000000E+30    1.000000E+30    1.000000E+30    1.000000E+30    1.000000E+30    1.000000E+30    1.000000E+30    1.000000E+30    1.000000E+30    1.000000E+30    1.000000E+30    1.000000E+30    1.000000E+30    1.000000E+30    1.000000E+30    1.000000E+30    1.000000E+30    1.000000E+30    1.000000E+30    1.000000E+30    1.000000E+30    1.000000E+30    1.000000E+30    1.000000E+30    1.000000E+30    1.000000E+30    1.000000E+30    1.000000E+30    1.000000E+30    1.000000E+30    1.000000E+30    1.000000E+30
   1.000000E+30    1.000000E+30    1.000000E+30    1.000000E+30    1.000000E+30    1.000000E+30    1.000000E+30    1.000000E+30    1.000000E+30    1.000000E+30    1.000000E+30    1.000000E+30    1.000000E+30    1.000000E+30    1.000000E+30    1.000000E+30    1.000000E+30    1.000000E+30    1.000000E+30    1.000000E+30    1.000000E+30    1.000000E+30    1.000000E+30    1.000000E+30    1.000000E+30    1.000000E+30    1.000000E+30    1.000000E+30    1.000000E+30    1.000000E+30    1.000000E+30    1.000000E+30    1.000000E+30    1.000000E+30    1.000000E+30    1.000000E+30    1.000000E+30    1.000000E+30    1.000000E+30    1.000000E+30    1.000000E+30    1.000000E+30    1.000000E+30    1.000000E+30    1.000000E+30    1.000000E+30    1.000000E+30    1.000000E+30    1.000000E+30    1.000000E+30    1.000000E+30    1.000000E+30    1.000000E+30    1.000000E+30    1.000000E+30    1.000000E+30    1.000000E+30    1.000000E+30    1.279665E+01    1.277734E+01    1.275824E+01    1.273670E+01    1.271252E+01    1.268583E+01    1.265645E+01    1.262426E+01    1.258928E+01    1.255137E+01    1.251032E+01    1.246585E+01    1.241740E+01    1.236462E+01    1.230768E+01    1.224616E+01    1.217921E+01    1.210566E+01    1.202524E+01    1.193689E+01    1.183929E+01    1.173066E+01    1.160565E+01    1.144512E+01    1.116833E+01    1.096538E+01    1.080263E+01    1.066546E+01    1.054675E+01    1.044145E+01    1.034551E+01    1.025757E+01    1.017628E+01    1.010153E+01    1.003253E+01    9.968515E+00    9.909163E+00    9.853942E+00    9.802049E+00    9.752775E+00    9.705580E+00    9.661028E+00    9.618989E+00    9.579160E+00    9.541028E+00    9.504123E+00    9.468600E+00    9.434617E+00    9.401756E+00    9.369125E+00    9.336722E+00    9.304890E+00    9.273192E+00    9.242417E+00    9.212678E+00    9.183947E+00    9.156068E+00    9.130096E+00    9.107273E+00    9.089509E+00    1.000000E+30    1.000000E+30    1.000000E+30    1.000000E+30    1.000000E+30    1.000000E+30    1.000000E+30    1.000000E+30    1.000000E+30    1.000000E+30    1.000000E+30    1.000000E+30    1.000000E+30    1.000000E+30    1.000000E+30    1.000000E+30    1.000000E+30    1.000000E+30    1.000000E+30    1.000000E+30    1.000000E+30    1.000000E+30    1.000000E+30    1.000000E+30    1.000000E+30    1.000000E+30    1.000000E+30    1.000000E+30    1.000000E+30    1.000000E+30    1.000000E+30    1.000000E+30    1.000000E+30
   1.000000E+30    1.000000E+30    1.000000E+30    1.000000E+30    1.000000E+30    1.000000E+30    1.000000E+30    1.000000E+30    1.000000E+30    1.000000E+30    1.000000E+30    1.000000E+30    1.000000E+30    1.000000E+30    1.000000E+30    1.000000E+30    1.000000E+30    1.000000E+30    1.000000E+30    1.000000E+30    1.000000E+30    1.000000E+30    1.000000E+30    1.000000E+30    1.000000E+30    1.000000E+30    1.000000E+30    1.000000E+30    1.000000E+30    1.000000E+30    1.000000E+30    1.000000E+30    1.000000E+30    1.000000E+30    1.000000E+30    1.000000E+30    1.000000E+30    1.000000E+30    1.000000E+30    1.000000E+30    1.000000E+30    1.000000E+30    1.000000E+30    1.000000E+30    1.000000E+30    1.000000E+30    1.000000E+30    1.000000E+30    1.000000E+30    1.000000E+30    1.000000E+30    1.000000E+30    1.000000E+30    1.000000E+30    1.000000E+30    1.000000E+30    1.276783E+01    1.275018E+01    1.272061E+01    1.269653E+01    1.267380E+01    1.265024E+01    1.262501E+01    1.259759E+01    1.256772E+01    1.253534E+01    1.250047E+01    1.246295E+01    1.242244E+01    1.237834E+01    1.233033E+01    1.227879E+01    1.222330E+01    1.216292E+01    1.209650E+01    1.202384E+01    1.194453E+01    1.185716E+01    1.176045E+01    1.165182E+01    1.152616E+01    1.137534E+01    1.118966E+01    1.102027E+01    1.087283E+01    1.074297E+01    1.062764E+01    1.052463E+01    1.043109E+01    1.034503E+01    1.026571E+01    1.019231E+01    1.012465E+01    1.006180E+01    1.000312E+01    9.948231E+00    9.896766E+00    9.848344E+00    9.802176E+00    9.757977E+00    9.716277E+00    9.676394E+00    9.638307E+00    9.601851E+00    9.566784E+00    9.533038E+00    9.500469E+00    9.468667E+00    9.436964E+00    9.405573E+00    9.374636E+00    9.343989E+00    9.314147E+00    9.285087E+00    9.256901E+00    9.228408E+00    9.198070E+00    9.164742E+00    9.117398E+00    9.075462E+00    9.030977E+00    8.981560E+00    8.932606E+00    8.883763E+00    8.834614E+00    8.784828E+00    8.733814E+00    8.682006E+00    8.629679E+00    8.577371E+00    8.524647E+00    8.471148E+00    8.416323E+00    8.361063E+00    8.304756E+00    8.246466E+00    8.186710E+00    8.125555E+00    8.062786E+00    7.998533E+00    7.932433E+00    7.863377E+00    7.791164E+00    7.716574E+00    7.640799E+00    7.564770E+00    7.488438E+00    7.413046E+00    7.343178E+00    7.291081E+00    1.000000E+30
   1.000000E+30    1.000000E+30    1.000000E+30    1.000000E+30    1.000000E+30    1.000000E+30    1.000000E+30    1.000000E+30    1.000000E+30    1.000000E+30    1.000000E+30    1.000000E+30    1.000000E+30    1.000000E+30    1.000000E+30    1.000000E+30    1.000000E+30    1.000000E+30    1.000000E+30    1.000000E+30    1.000000E+30    1.000000E+30    1.000000E+30    1.000000E+30    1.000000E+30    1.000000E+30    1.000000E+30    1.000000E+30    1.000000E+30    1.000000E+30    1.000000E+30    1.000000E+30    1.000000E+30    1.000000E+30    1.000000E+30    1.000000E+30    1.000000E+30    1.000000E+30    1.000000E+30    1.000000E+30    1.000000E+30    1.000000E+30    1.000000E+30    1.000000E+30    1.000000E+30    1.000000E+30    1.000000E+30    1.000000E+30    1.000000E+30    1.000000E+30    1.000000E+30    1.000000E+30    1.000000E+30    1.000000E+30    1.000000E+30    1.271197E+01    1.268891E+01    1.266617E+01    1.264076E+01    1.261622E+01    1.259205E+01    1.256728E+01    1.254115E+01    1.251313E+01    1.248303E+01    1.245081E+01    1.241636E+01    1.237935E+01    1.233927E+01    1.229573E+01    1.224915E+01    1.219912E+01    1.214473E+01    1.208515E+01    1.201983E+01    1.194921E+01    1.187217E+01    1.178732E+01    1.169351E+01    1.158937E+01    1.147212E+01    1.134012E+01    1.119500E+01    1.105322E+01    1.092266E+01    1.080388E+01    1.069540E+01    1.059649E+01    1.050628E+01    1.042317E+01    1.034628E+01    1.027503E+01    1.020891E+01    1.014751E+01    1.009030E+01    1.003646E+01    9.985680E+00    9.937482E+00    9.892228E+00    9.848905E+00    9.807251E+00    9.767775E+00    9.730334E+00    9.694507E+00    9.659816E+00    9.626409E+00    9.594302E+00    9.563170E+00    9.532083E+00    9.501189E+00    9.470752E+00    9.440364E+00    9.410271E+00    9.381045E+00    9.351520E+00    9.319714E+00    9.286109E+00    9.250168E+00    9.211155E+00    9.168689E+00    9.125810E+00    9.081094E+00    9.034150E+00    8.986934E+00    8.938524E+00    8.889219E+00    8.838328E+00    8.786755E+00    8.734166E+00    8.682096E+00    8.629966E+00    8.577334E+00    8.523335E+00    8.467435E+00    8.410871E+00    8.352879E+00    8.293099E+00    8.231958E+00    8.169251E+00    8.104732E+00    8.038506E+00    7.969948E+00    7.898520E+00    7.823891E+00    7.746783E+00    7.668632E+00    7.590054E+00    7.510318E+00    7.429133E+00    7.343398E+00    1.000000E+30
   1.000000E+30    1.000000E+30    1.000000E+30    1.000000E+30    1.000000E+30    1.000000E+30    1.000000E+30    1.000000E+30    1.000000E+30    1.000000E+30    1.000000E+30    1.000000E+30    1.000000E+30    1.000000E+30    1.000000E+30    1.000000E+30    1.000000E+30    1.000000E+30    1.000000E+30    1.000000E+30    1.000000E+30    1.000000E+30    1.000000E+30    1.000000E+30    1.000000E+30    1.000000E+30    1.000000E+30    1.000000E+30    1.000000E+30    1.000000E+30    1.000000E+30    1.000000E+30    1.000000E+30    1.000000E+30    1.000000E+30    1.000000E+30    1.000000E+30    1.000000E+30    1.000000E+30    1.000000E+30    1.000000E+30    1.000000E+30    1.000000E+30    1.000000E+30    1.000000E+30    1.000000E+30    1.000000E+30    1.000000E+30    1.000000E+30    1.000000E+30    1.000000E+30    1.000000E+30    1.000000E+30    1.269033E+01    1.267111E+01    1.263826E+01    1.261155E+01    1.258684E+01    1.256205E+01    1.253738E+01    1.251255E+01    1.248713E+01    1.246050E+01    1.243228E+01    1.240227E+01    1.237048E+01    1.233656E+01    1.230006E+01    1.226064E+01    1.221857E+01    1.217344E+01    1.212442E+01    1.207104E+01    1.201278E+01    1.194978E+01    1.188183E+01    1.180767E+01    1.172657E+01    1.163766E+01    1.153999E+01    1.143306E+01    1.131743E+01    1.119600E+01    1.107498E+01    1.095930E+01    1.085165E+01    1.075127E+01    1.065801E+01    1.057201E+01    1.049237E+01    1.041839E+01    1.034967E+01    1.028562E+01    1.022593E+01    1.017030E+01    1.011800E+01    1.006828E+01    1.002107E+01    9.976334E+00    9.933758E+00    9.892944E+00    9.854115E+00    9.817065E+00    9.781684E+00    9.747448E+00    9.714349E+00    9.682491E+00    9.652320E+00    9.621860E+00    9.591584E+00    9.561470E+00    9.531503E+00    9.501686E+00    9.471597E+00    9.439722E+00    9.406468E+00    9.372681E+00    9.337708E+00    9.299918E+00    9.259812E+00    9.218543E+00    9.175730E+00    9.130782E+00    9.084706E+00    9.037101E+00    8.988180E+00    8.938015E+00    8.886264E+00    8.834623E+00    8.783108E+00    8.731516E+00    8.679069E+00    8.625855E+00    8.570461E+00    8.513914E+00    8.456086E+00    8.396417E+00    8.335159E+00    8.272309E+00    8.207862E+00    8.141496E+00    8.072549E+00    8.001010E+00    7.926207E+00    7.848199E+00    7.767707E+00    7.685714E+00    7.601106E+00    7.512085E+00    7.414777E+00    1.000000E+30
   1.000000E+30    1.000000E+30    1.000000E+30    1.000000E+30    1.000000E+30    1.000000E+30    1.000000E+30    1.000000E+30    1.000000E+30    1.000000E+30    1.000000E+30    1.000000E+30    1.000000E+30    1.000000E+30    1.000000E+30    1.000000E+30    1.000000E+30    1.000000E+30    1.000000E+30    1.000000E+30    1.000000E+30    1.000000E+30    1.000000E+30    1.000000E+30    1.000000E+30    1.000000E+30    1.000000E+30    1.000000E+30    1.000000E+30    1.000000E+30    1.000000E+30    1.000000E+30    1.000000E+30    1.000000E+30    1.000000E+30    1.000000E+30    1.000000E+30    1.000000E+30    1.000000E+30    1.000000E+30    1.000000E+30    1.000000E+30    1.000000E+30    1.000000E+30    1.000000E+30    1.000000E+30    1.000000E+30    1.000000E+30    1.000000E+30    1.000000E+30    1.000000E+30    1.000000E+30    1.263622E+01    1.261167E+01    1.258752E+01    1.256037E+01    1.253446E+01    1.250959E+01    1.248494E+01    1.246022E+01    1.243525E+01    1.240963E+01    1.238291E+01    1.235483E+01    1.232525E+01    1.229397E+01    1.226057E+01    1.222490E+01    1.218689E+01    1.214620E+01    1.210203E+01    1.205416E+01    1.200231E+01    1.194631E+01    1.188599E+01    1.182085E+01    1.175019E+01    1.167348E+01    1.159029E+01    1.150013E+01    1.140312E+01    1.130079E+01    1.119532E+01    1.108953E+01    1.098714E+01    1.088977E+01    1.079728E+01    1.071029E+01    1.062922E+01    1.055343E+01    1.048273E+01    1.041680E+01    1.035508E+01    1.029730E+01    1.024332E+01    1.019282E+01    1.014467E+01    1.009875E+01    1.005504E+01    1.001333E+01    9.973657E+00    9.935706E+00    9.899071E+00    9.863904E+00    9.830079E+00    9.797259E+00    9.765414E+00    9.735223E+00    9.706462E+00    9.676793E+00    9.646965E+00    9.617476E+00    9.587754E+00    9.556079E+00    9.523307E+00    9.490526E+00    9.457430E+00    9.424346E+00    9.386029E+00    9.346969E+00    9.307590E+00    9.265859E+00    9.222626E+00    9.177919E+00    9.131156E+00    9.082648E+00    9.032657E+00    8.981757E+00    8.930965E+00    8.880079E+00    8.828757E+00    8.776790E+00    8.723885E+00    8.669558E+00    8.613168E+00    8.555570E+00    8.496128E+00    8.434833E+00    8.371872E+00    8.307110E+00    8.240613E+00    8.171681E+00    8.099542E+00    8.024252E+00    7.945265E+00    7.862993E+00    7.778043E+00    7.688869E+00    7.594157E+00    7.493059E+00    1.000000E+30
   1.000000E+30    1.000000E+30    1.000000E+30    1.000000E+30    1.000000E+30    1.000000E+30    1.000000E+30    1.000000E+30    1.000000E+30    1.000000E+30    1.000000E+30    1.000000E+30    1.000000E+30    1.000000E+30    1.000000E+30    1.000000E+30    1.000000E+30    1.000000E+30    1.000000E+30    1.000000E+30    1.000000E+30    1.000000E+30    1.000000E+30    1.000000E+30    1.000000E+30    1.000000E+30    1.000000E+30    1.000000E+30    1.000000E+30    1.000000E+30    1.000000E+30    1.000000E+30    1.000000E+30    1.000000E+30    1.000000E+30    1.000000E+30    1.000000E+30    1.000000E+30    1.000000E+30    1.000000E+30    1.000000E+30    1.000000E+30    1.000000E+30    1.000000E+30    1.000000E+30    1.000000E+30    1.000000E+30    1.000000E+30    1.000000E+30    1.000000E+30    1.261866E+01    1.259790E+01    1.256306E+01    1.253502E+01    1.250924E+01    1.248356E+01    1.245851E+01    1.243392E+01    1.240948E+01    1.238500E+01    1.236021E+01    1.233467E+01    1.230820E+01    1.228060E+01    1.225162E+01    1.222088E+01    1.218845E+01    1.215412E+01    1.211739E+01    1.207761E+01    1.203464E+01    1.198834E+01    1.193861E+01    1.188509E+01    1.182751E+01    1.176557E+01    1.169869E+01    1.162656E+01    1.154931E+01    1.146669E+01    1.137894E+01    1.128704E+01    1.119345E+01    1.110013E+01    1.100864E+01    1.092027E+01    1.083547E+01    1.075487E+01    1.067886E+01    1.060709E+01    1.053984E+01    1.047688E+01    1.041761E+01    1.036188E+01    1.030986E+01    1.026103E+01    1.021501E+01    1.017088E+01    1.012847E+01    1.008794E+01    1.004922E+01    1.001216E+01    9.976468E+00    9.941777E+00    9.908368E+00    9.875981E+00    9.844574E+00    9.813840E+00    9.785288E+00    9.756881E+00    9.727557E+00    9.698435E+00    9.667666E+00    9.635617E+00    9.603841E+00    9.572053E+00    9.540116E+00    9.506137E+00    9.469235E+00    9.430709E+00    9.392086E+00    9.351734E+00    9.309870E+00    9.266588E+00    9.220790E+00    9.172895E+00    9.123656E+00    9.073763E+00    9.023209E+00    8.973308E+00    8.922514E+00    8.870845E+00    8.818257E+00    8.764725E+00    8.708940E+00    8.651598E+00    8.592440E+00    8.531359E+00    8.468456E+00    8.403564E+00    8.336509E+00    8.267363E+00    8.195072E+00    8.119173E+00    8.039316E+00    7.954973E+00    7.866874E+00    7.774867E+00    7.676684E+00    7.572153E+00    1.000000E+30
   1.000000E+30    1.000000E+30    1.000000E+30    1.000000E+30    1.000000E+30    1.000000E+30    1.000000E+30    1.000000E+30    1.000000E+30    1.000000E+30    1.000000E+30    1.000000E+30    1.000000E+30    1.000000E+30    1.000000E+30    1.000000E+30    1.000000E+30    1.000000E+30    1.000000E+30    1.000000E+30    1.000000E+30    1.000000E+30    1.000000E+30    1.000000E+30    1.000000E+30    1.000000E+30    1.000000E+30    1.000000E+30    1.000000E+30    1.000000E+30    1.000000E+30    1.000000E+30    1.000000E+30    1.000000E+30    1.000000E+30    1.000000E+30    1.000000E+30    1.000000E+30    1.000000E+30    1.000000E+30    1.000000E+30    1.000000E+30    1.000000E+30    1.000000E+30    1.000000E+30    1.000000E+30    1.000000E+30    1.000000E+30    1.259271E+01    1.257387E+01    1.254168E+01    1.251465E+01    1.248582E+01    1.245886E+01    1.243329E+01    1.240847E+01    1.238410E+01    1.235996E+01    1.233595E+01    1.231186E+01    1.228736E+01    1.226225E+01    1.223637E+01    1.220938E+01    1.218100E+01    1.215139E+01    1.212034E+01    1.208712E+01    1.205126E+01    1.201270E+01    1.197128E+01    1.192691E+01    1.187945E+01    1.182852E+01    1.177380E+01    1.171509E+01    1.165217E+01    1.158494E+01    1.151353E+01    1.143776E+01    1.135822E+01    1.127555E+01    1.119114E+01    1.110729E+01    1.102505E+01    1.094487E+01    1.086722E+01    1.079262E+01    1.072186E+01    1.065436E+01    1.059052E+01    1.053059E+01    1.047384E+01    1.042017E+01    1.037038E+01    1.032374E+01    1.027946E+01    1.023721E+01    1.019659E+01    1.015750E+01    1.011974E+01    1.008356E+01    1.004882E+01    1.001504E+01    9.982294E+00    9.950682E+00    9.919870E+00    9.889697E+00    9.860263E+00    9.831981E+00    9.803817E+00    9.773860E+00    9.742782E+00    9.711631E+00    9.681357E+00    9.650639E+00    9.619225E+00    9.584180E+00    9.548742E+00    9.511462E+00    9.473230E+00    9.433917E+00    9.393124E+00    9.351069E+00    9.306149E+00    9.259066E+00    9.210789E+00    9.161298E+00    9.112190E+00    9.062930E+00    9.012846E+00    8.961655E+00    8.909401E+00    8.856221E+00    8.801520E+00    8.744802E+00    8.686144E+00    8.625242E+00    8.562350E+00    8.497552E+00    8.430401E+00    8.360710E+00    8.288173E+00    8.211311E+00    8.129976E+00    8.044601E+00    7.954371E+00    7.859281E+00    7.758636E+00    7.652201E+00    1.000000E+30
   1.000000E+30    1.000000E+30    1.000000E+30    1.000000E+30    1.000000E+30    1.000000E+30    1.000000E+30    1.000000E+30    1.000000E+30    1.000000E+30    1.000000E+30    1.000000E+30    1.000000E+30    1.000000E+30    1.000000E+30    1.000000E+30    1.000000E+30    1.000000E+30    1.000000E+30    1.000000E+30    1.000000E+30    1.000000E+30    1.000000E+30    1.000000E+30    1.000000E+30    1.000000E+30    1.000000E+30    1.000000E+30    1.000000E+30    1.000000E+30    1.000000E+30    1.000000E+30    1.000000E+30    1.000000E+30    1.000000E+30    1.000000E+30    1.000000E+30    1.000000E+30    1.000000E+30    1.000000E+30    1.000000E+30    1.000000E+30    1.000000E+30    1.000000E+30    1.000000E+30    1.000000E+30    1.000000E+30    1.253945E+01    1.251433E+01    1.248982E+01    1.246260E+01    1.243611E+01    1.240960E+01    1.238391E+01    1.235916E+01    1.233508E+01    1.231134E+01    1.228787E+01    1.226444E+01    1.224085E+01    1.221694E+01    1.219251E+01    1.216723E+01    1.214084E+01    1.211371E+01    1.208554E+01    1.205546E+01    1.202310E+01    1.198842E+01    1.195135E+01    1.191173E+01    1.186946E+01    1.182435E+01    1.177597E+01    1.172404E+01    1.166875E+01    1.161000E+01    1.154769E+01    1.148168E+01    1.141223E+01    1.133975E+01    1.126487E+01    1.118871E+01    1.111258E+01    1.103776E+01    1.096473E+01    1.089353E+01    1.082453E+01    1.075900E+01    1.069609E+01    1.063568E+01    1.057888E+01    1.052505E+01    1.047364E+01    1.042549E+01    1.038133E+01    1.033920E+01    1.029846E+01    1.025944E+01    1.022193E+01    1.018546E+01    1.015024E+01    1.011634E+01    1.008358E+01    1.005168E+01    1.002078E+01    9.990683E+00    9.961179E+00    9.932001E+00    9.903759E+00    9.875138E+00    9.844854E+00    9.814793E+00    9.785009E+00    9.755169E+00    9.726157E+00    9.693962E+00    9.659824E+00    9.624988E+00    9.589044E+00    9.550986E+00    9.512366E+00    9.472345E+00    9.430981E+00    9.387437E+00    9.341508E+00    9.293876E+00    9.245913E+00    9.197996E+00    9.149419E+00    9.099939E+00    9.049489E+00    8.997652E+00    8.944914E+00    8.890921E+00    8.834971E+00    8.777056E+00    8.716788E+00    8.654011E+00    8.589183E+00    8.522087E+00    8.451687E+00    8.378209E+00    8.301359E+00    8.219357E+00    8.132519E+00    8.040763E+00    7.943591E+00    7.840727E+00    7.732555E+00    1.000000E+30
   1.000000E+30    1.000000E+30    1.000000E+30    1.000000E+30    1.000000E+30    1.000000E+30    1.000000E+30    1.000000E+30    1.000000E+30    1.000000E+30    1.000000E+30    1.000000E+30    1.000000E+30    1.000000E+30    1.000000E+30    1.000000E+30    1.000000E+30    1.000000E+30    1.000000E+30    1.000000E+30    1.000000E+30    1.000000E+30    1.000000E+30    1.000000E+30    1.000000E+30    1.000000E+30    1.000000E+30    1.000000E+30    1.000000E+30    1.000000E+30    1.000000E+30    1.000000E+30    1.000000E+30    1.000000E+30    1.000000E+30    1.000000E+30    1.000000E+30    1.000000E+30    1.000000E+30    1.000000E+30    1.000000E+30    1.000000E+30    1.000000E+30    1.000000E+30    1.000000E+30    1.252540E+01    1.250395E+01    1.246755E+01    1.243847E+01    1.241210E+01    1.238606E+01    1.236044E+01    1.233525E+01    1.231073E+01    1.228691E+01    1.226353E+01    1.224048E+01    1.221774E+01    1.219505E+01    1.217226E+01    1.214909E+01    1.212526E+01    1.210066E+01    1.207559E+01    1.204980E+01    1.202245E+01    1.199320E+01    1.196198E+01    1.192873E+01    1.189332E+01    1.185566E+01    1.181553E+01    1.177273E+01    1.172681E+01    1.167785E+01    1.162616E+01    1.157146E+01    1.151375E+01    1.145286E+01    1.138918E+01    1.132298E+01    1.125487E+01    1.118580E+01    1.111646E+01    1.104787E+01    1.098091E+01    1.091553E+01    1.085181E+01    1.079097E+01    1.073272E+01    1.067617E+01    1.062241E+01    1.057150E+01    1.052277E+01    1.047634E+01    1.043360E+01    1.039386E+01    1.035501E+01    1.031754E+01    1.028162E+01    1.024677E+01    1.021273E+01    1.017980E+01    1.014792E+01    1.011686E+01    1.008668E+01    1.005724E+01    1.002828E+01    9.999891E+00    9.971482E+00    9.942021E+00    9.912573E+00    9.883937E+00    9.854922E+00    9.825908E+00    9.796352E+00    9.765154E+00    9.732473E+00    9.698260E+00    9.663391E+00    9.626064E+00    9.587608E+00    9.548239E+00    9.507667E+00    9.465181E+00    9.420374E+00    9.374373E+00    9.327973E+00    9.281130E+00    9.233480E+00    9.184783E+00    9.135044E+00    9.083746E+00    9.031385E+00    8.977822E+00    8.922545E+00    8.865035E+00    8.805447E+00    8.743381E+00    8.678319E+00    8.610868E+00    8.540621E+00    8.466799E+00    8.389454E+00    8.307621E+00    8.220483E+00    8.127571E+00    8.028437E+00    7.923444E+00    7.813116E+00    1.000000E+30
   1.000000E+30    1.000000E+30    1.000000E+30    1.000000E+30    1.000000E+30    1.000000E+30    1.000000E+30    1.000000E+30    1.000000E+30    1.000000E+30    1.000000E+30    1.000000E+30    1.000000E+30    1.000000E+30    1.000000E+30    1.000000E+30    1.000000E+30    1.000000E+30    1.000000E+30    1.000000E+30    1.000000E+30    1.000000E+30    1.000000E+30    1.000000E+30    1.000000E+30    1.000000E+30    1.000000E+30    1.000000E+30    1.000000E+30    1.000000E+30    1.000000E+30    1.000000E+30    1.000000E+30    1.000000E+30    1.000000E+30    1.000000E+30    1.000000E+30    1.000000E+30    1.000000E+30    1.000000E+30    1.000000E+30    1.000000E+30    1.000000E+30    1.000000E+30    1.247845E+01    1.244974E+01    1.242223E+01    1.239207E+01    1.236392E+01    1.233766E+01    1.231216E+01    1.228732E+01    1.226312E+01    1.223959E+01    1.221657E+01    1.219388E+01    1.217160E+01    1.214968E+01    1.212793E+01    1.210596E+01    1.208344E+01    1.206044E+01    1.203721E+01    1.201341E+01    1.198829E+01    1.196167E+01    1.193352E+01    1.190369E+01    1.187207E+01    1.183848E+01    1.180277E+01    1.176473E+01    1.172411E+01    1.168076E+01    1.163504E+01    1.158688E+01    1.153617E+01    1.148260E+01    1.142644E+01    1.136794E+01    1.130732E+01    1.124530E+01    1.118247E+01    1.111909E+01    1.105613E+01    1.099436E+01    1.093411E+01    1.087559E+01    1.081907E+01    1.076464E+01    1.071189E+01    1.066141E+01    1.061333E+01    1.056723E+01    1.052286E+01    1.048125E+01    1.044317E+01    1.040659E+01    1.037080E+01    1.033669E+01    1.030359E+01    1.027107E+01    1.023938E+01    1.020844E+01    1.017822E+01    1.014883E+01    1.012009E+01    1.009176E+01    1.006379E+01    1.003478E+01    1.000581E+01    9.977616E+00    9.949787E+00    9.921342E+00    9.893122E+00    9.862574E+00    9.832347E+00    9.801656E+00    9.769032E+00    9.734894E+00    9.698861E+00    9.661296E+00    9.622777E+00    9.583045E+00    9.541474E+00    9.498401E+00    9.453661E+00    9.408438E+00    9.362530E+00    9.315714E+00    9.267877E+00    9.218833E+00    9.168262E+00    9.116177E+00    9.062799E+00    9.008089E+00    8.951232E+00    8.891643E+00    8.829864E+00    8.765374E+00    8.697946E+00    8.627643E+00    8.554139E+00    8.477089E+00    8.395581E+00    8.308507E+00    8.215169E+00    8.114880E+00    8.008237E+00    7.895590E+00    1.000000E+30
   1.000000E+30    1.000000E+30    1.000000E+30    1.000000E+30    1.000000E+30    1.000000E+30    1.000000E+30    1.000000E+30    1.000000E+30    1.000000E+30    1.000000E+30    1.000000E+30    1.000000E+30    1.000000E+30    1.000000E+30    1.000000E+30    1.000000E+30    1.000000E+30    1.000000E+30    1.000000E+30    1.000000E+30    1.000000E+30    1.000000E+30    1.000000E+30    1.000000E+30    1.000000E+30    1.000000E+30    1.000000E+30    1.000000E+30    1.000000E+30    1.000000E+30    1.000000E+30    1.000000E+30    1.000000E+30    1.000000E+30    1.000000E+30    1.000000E+30    1.000000E+30    1.000000E+30    1.000000E+30    1.000000E+30    1.000000E+30    1.247643E+01    1.245211E+01    1.241060E+01    1.237739E+01    1.234760E+01    1.231874E+01    1.229153E+01    1.226576E+01    1.224087E+01    1.221669E+01    1.219324E+01    1.217049E+01    1.214816E+01    1.212625E+01    1.210485E+01    1.208386E+01    1.206288E+01    1.204157E+01    1.202004E+01    1.199842E+01    1.197637E+01    1.195322E+01    1.192883E+01    1.190326E+01    1.187646E+01    1.184821E+01    1.181825E+01    1.178646E+01    1.175266E+01    1.171663E+01    1.167828E+01    1.163784E+01    1.159529E+01    1.155055E+01    1.150334E+01    1.145367E+01    1.140179E+01    1.134797E+01    1.129253E+01    1.123592E+01    1.117821E+01    1.112017E+01    1.106280E+01    1.100611E+01    1.095030E+01    1.089608E+01    1.084361E+01    1.079272E+01    1.074362E+01    1.069638E+01    1.065099E+01    1.060751E+01    1.056548E+01    1.052554E+01    1.048853E+01    1.045387E+01    1.041998E+01    1.038745E+01    1.035606E+01    1.032542E+01    1.029513E+01    1.026539E+01    1.023608E+01    1.020741E+01    1.017932E+01    1.015186E+01    1.012348E+01    1.009487E+01    1.006692E+01    1.003969E+01    1.001233E+01    9.985832E+00    9.957070E+00    9.927768E+00    9.897867E+00    9.867713E+00    9.836760E+00    9.803190E+00    9.768843E+00    9.733281E+00    9.696170E+00    9.657660E+00    9.617289E+00    9.575565E+00    9.532383E+00    9.488495E+00    9.443496E+00    9.396979E+00    9.349390E+00    9.300916E+00    9.251076E+00    9.199674E+00    9.146758E+00    9.092047E+00    9.035623E+00    8.976880E+00    8.915293E+00    8.851135E+00    8.784219E+00    8.714247E+00    8.640820E+00    8.563894E+00    8.482762E+00    8.396189E+00    8.302956E+00    8.202486E+00    8.094955E+00    7.981247E+00    1.000000E+30
   1.000000E+30    1.000000E+30    1.000000E+30    1.000000E+30    1.000000E+30    1.000000E+30    1.000000E+30    1.000000E+30    1.000000E+30    1.000000E+30    1.000000E+30    1.000000E+30    1.000000E+30    1.000000E+30    1.000000E+30    1.000000E+30    1.000000E+30    1.000000E+30    1.000000E+30    1.000000E+30    1.000000E+30    1.000000E+30    1.000000E+30    1.000000E+30    1.000000E+30    1.000000E+30    1.000000E+30    1.000000E+30    1.000000E+30    1.000000E+30    1.000000E+30    1.000000E+30    1.000000E+30    1.000000E+30    1.000000E+30    1.000000E+30    1.000000E+30    1.000000E+30    1.000000E+30    1.000000E+30    1.000000E+30    1.243756E+01    1.240509E+01    1.237361E+01    1.233872E+01    1.230650E+01    1.227653E+01    1.224825E+01    1.222163E+01    1.219635E+01    1.217199E+01    1.214839E+01    1.212559E+01    1.210351E+01    1.208191E+01    1.206085E+01    1.204036E+01    1.202012E+01    1.199976E+01    1.197953E+01    1.195938E+01    1.193879E+01    1.191735E+01    1.189490E+01    1.187155E+01    1.184731E+01    1.182200E+01    1.179527E+01    1.176693E+01    1.173692E+01    1.170500E+01    1.167107E+01    1.163529E+01    1.159769E+01    1.155814E+01    1.151636E+01    1.147239E+01    1.142638E+01    1.137852E+01    1.132910E+01    1.127836E+01    1.122618E+01    1.117309E+01    1.112008E+01    1.106778E+01    1.101594E+01    1.096444E+01    1.091392E+01    1.086496E+01    1.081765E+01    1.077183E+01    1.072758E+01    1.068496E+01    1.064414E+01    1.060468E+01    1.056692E+01    1.053138E+01    1.049795E+01    1.046584E+01    1.043481E+01    1.040483E+01    1.037586E+01    1.034732E+01    1.031888E+01    1.029060E+01    1.026266E+01    1.023561E+01    1.020813E+01    1.018024E+01    1.015240E+01    1.012533E+01    1.009883E+01    1.007210E+01    1.004679E+01    1.001899E+01    9.991230E+00    9.962345E+00    9.932498E+00    9.901838E+00    9.869376E+00    9.836146E+00    9.802202E+00    9.767037E+00    9.730502E+00    9.692109E+00    9.652095E+00    9.610911E+00    9.568280E+00    9.524332E+00    9.478326E+00    9.430466E+00    9.381868E+00    9.332645E+00    9.281642E+00    9.229463E+00    9.175606E+00    9.119437E+00    9.061273E+00    9.000745E+00    8.937679E+00    8.871163E+00    8.801379E+00    8.727988E+00    8.651086E+00    8.570135E+00    8.483828E+00    8.390708E+00    8.290290E+00    8.183145E+00    8.069292E+00    1.000000E+30
   1.000000E+30    1.000000E+30    1.000000E+30    1.000000E+30    1.000000E+30    1.000000E+30    1.000000E+30    1.000000E+30    1.000000E+30    1.000000E+30    1.000000E+30    1.000000E+30    1.000000E+30    1.000000E+30    1.000000E+30    1.000000E+30    1.000000E+30    1.000000E+30    1.000000E+30    1.000000E+30    1.000000E+30    1.000000E+30    1.000000E+30    1.000000E+30    1.000000E+30    1.000000E+30    1.000000E+30    1.000000E+30    1.000000E+30    1.000000E+30    1.000000E+30    1.000000E+30    1.000000E+30    1.000000E+30    1.000000E+30    1.000000E+30    1.000000E+30    1.000000E+30    1.000000E+30    1.245019E+01    1.242210E+01    1.237471E+01    1.233688E+01    1.230267E+01    1.226942E+01    1.223809E+01    1.220843E+01    1.218071E+01    1.215438E+01    1.212936E+01    1.210546E+01    1.208245E+01    1.206027E+01    1.203879E+01    1.201797E+01    1.199782E+01    1.197810E+01    1.195850E+01    1.193922E+01    1.192025E+01    1.190094E+01    1.188096E+01    1.186023E+01    1.183878E+01    1.181671E+01    1.179383E+01    1.176994E+01    1.174467E+01    1.171796E+01    1.168966E+01    1.165965E+01    1.162807E+01    1.159481E+01    1.155985E+01    1.152288E+01    1.148388E+01    1.144302E+01    1.140048E+01    1.135648E+01    1.131115E+01    1.126424E+01    1.121609E+01    1.116769E+01    1.111932E+01    1.107129E+01    1.102373E+01    1.097642E+01    1.092966E+01    1.088391E+01    1.083973E+01    1.079709E+01    1.075567E+01    1.071580E+01    1.067753E+01    1.064057E+01    1.060512E+01    1.057147E+01    1.053944E+01    1.050882E+01    1.047930E+01    1.045079E+01    1.042292E+01    1.039576E+01    1.036888E+01    1.034191E+01    1.031517E+01    1.028880E+01    1.026164E+01    1.023468E+01    1.020811E+01    1.018171E+01    1.015596E+01    1.013010E+01    1.010418E+01    1.007864E+01    1.005208E+01    1.002449E+01    9.995749E+00    9.965631E+00    9.934092E+00    9.901882E+00    9.869074E+00    9.835237E+00    9.800306E+00    9.763817E+00    9.725531E+00    9.685932E+00    9.644809E+00    9.602108E+00    9.557545E+00    9.510794E+00    9.462006E+00    9.412348E+00    9.362475E+00    9.311060E+00    9.258438E+00    9.204035E+00    9.146766E+00    9.087150E+00    9.024866E+00    8.959250E+00    8.889982E+00    8.816822E+00    8.739923E+00    8.658808E+00    8.572150E+00    8.478843E+00    8.378825E+00    8.272037E+00    8.159545E+00    1.000000E+30
   1.000000E+30    1.000000E+30    1.000000E+30    1.000000E+30    1.000000E+30    1.000000E+30    1.000000E+30    1.000000E+30    1.000000E+30    1.000000E+30    1.000000E+30    1.000000E+30    1.000000E+30    1.000000E+30    1.000000E+30    1.000000E+30    1.000000E+30    1.000000E+30    1.000000E+30    1.000000E+30    1.000000E+30    1.000000E+30    1.000000E+30    1.000000E+30    1.000000E+30    1.000000E+30    1.000000E+30    1.000000E+30    1.000000E+30    1.000000E+30    1.000000E+30    1.000000E+30    1.000000E+30    1.000000E+30    1.000000E+30    1.000000E+30    1.000000E+30    1.000000E+30    1.242089E+01    1.238291E+01    1.234653E+01    1.230663E+01    1.226947E+01    1.223509E+01    1.220271E+01    1.217195E+01    1.214319E+01    1.211592E+01    1.208968E+01    1.206489E+01    1.204140E+01    1.201894E+01    1.199731E+01    1.197656E+01    1.195657E+01    1.193717E+01    1.191810E+01    1.189955E+01    1.188135E+01    1.186298E+01    1.184410E+01    1.182488E+01    1.180513E+01    1.178494E+01    1.176417E+01    1.174264E+01    1.172009E+01    1.169626E+01    1.167116E+01    1.164462E+01    1.161671E+01    1.158734E+01    1.155642E+01    1.152372E+01    1.148919E+01    1.145290E+01    1.141507E+01    1.137592E+01    1.133554E+01    1.129356E+01    1.125011E+01    1.120608E+01    1.116189E+01    1.111761E+01    1.107349E+01    1.102984E+01    1.098646E+01    1.094335E+01    1.090098E+01    1.085959E+01    1.081962E+01    1.078102E+01    1.074371E+01    1.070799E+01    1.067343E+01    1.064009E+01    1.060846E+01    1.057817E+01    1.054918E+01    1.052121E+01    1.049414E+01    1.046766E+01    1.044173E+01    1.041616E+01    1.039042E+01    1.036514E+01    1.033910E+01    1.031331E+01    1.028743E+01    1.026201E+01    1.023641E+01    1.021101E+01    1.018607E+01    1.016052E+01    1.013640E+01    1.011090E+01    1.008439E+01    1.005694E+01    1.002753E+01    9.997369E+00    9.966429E+00    9.934622E+00    9.901895E+00    9.868180E+00    9.832845E+00    9.795851E+00    9.757263E+00    9.717348E+00    9.676025E+00    9.632670E+00    9.587371E+00    9.540592E+00    9.492251E+00    9.443012E+00    9.393041E+00    9.341788E+00    9.288672E+00    9.232802E+00    9.174264E+00    9.112547E+00    9.047660E+00    8.979008E+00    8.906155E+00    8.829142E+00    8.747704E+00    8.660321E+00    8.566053E+00    8.464322E+00    8.356768E+00    8.246911E+00    1.000000E+30
   1.000000E+30    1.000000E+30    1.000000E+30    1.000000E+30    1.000000E+30    1.000000E+30    1.000000E+30    1.000000E+30    1.000000E+30    1.000000E+30    1.000000E+30    1.000000E+30    1.000000E+30    1.000000E+30    1.000000E+30    1.000000E+30    1.000000E+30    1.000000E+30    1.000000E+30    1.000000E+30    1.000000E+30    1.000000E+30    1.000000E+30    1.000000E+30    1.000000E+30    1.000000E+30    1.000000E+30    1.000000E+30    1.000000E+30    1.000000E+30    1.000000E+30    1.000000E+30    1.000000E+30    1.000000E+30    1.000000E+30    1.000000E+30    1.245413E+01    1.242046E+01    1.236398E+01    1.231923E+01    1.227911E+01    1.224043E+01    1.220419E+01    1.217044E+01    1.213860E+01    1.210869E+01    1.208044E+01    1.205339E+01    1.202775E+01    1.200322E+01    1.198006E+01    1.195793E+01    1.193693E+01    1.191688E+01    1.189755E+01    1.187879E+01    1.186075E+01    1.184304E+01    1.182530E+01    1.180736E+01    1.178919E+01    1.177083E+01    1.175221E+01    1.173328E+01    1.171380E+01    1.169356E+01    1.167225E+01    1.164993E+01    1.162647E+01    1.160183E+01    1.157585E+01    1.154851E+01    1.151958E+01    1.148907E+01    1.145694E+01    1.142335E+01    1.138848E+01    1.135256E+01    1.131516E+01    1.127608E+01    1.123631E+01    1.119617E+01    1.115569E+01    1.111503E+01    1.107449E+01    1.103432E+01    1.099452E+01    1.095508E+01    1.091611E+01    1.087772E+01    1.084015E+01    1.080395E+01    1.076900E+01    1.073535E+01    1.070319E+01    1.067206E+01    1.064221E+01    1.061385E+01    1.058662E+01    1.056043E+01    1.053503E+01    1.051017E+01    1.048584E+01    1.046122E+01    1.043702E+01    1.041224E+01    1.038749E+01    1.036280E+01    1.033835E+01    1.031379E+01    1.028902E+01    1.026427E+01    1.023997E+01    1.021588E+01    1.019253E+01    1.016789E+01    1.014253E+01    1.011606E+01    1.008835E+01    1.005955E+01    1.002997E+01    9.999328E+00    9.967575E+00    9.934791E+00    9.900785E+00    9.865080E+00    9.827761E+00    9.788675E+00    9.748379E+00    9.706910E+00    9.663597E+00    9.618752E+00    9.572597E+00    9.524751E+00    9.475502E+00    9.425232E+00    9.373114E+00    9.317901E+00    9.259848E+00    9.198827E+00    9.134455E+00    9.065480E+00    8.992164E+00    8.913956E+00    8.830892E+00    8.742195E+00    8.646891E+00    8.545672E+00    8.438245E+00    8.324577E+00    1.000000E+30
   1.000000E+30    1.000000E+30    1.000000E+30    1.000000E+30    1.000000E+30    1.000000E+30    1.000000E+30    1.000000E+30    1.000000E+30    1.000000E+30    1.000000E+30    1.000000E+30    1.000000E+30    1.000000E+30    1.000000E+30    1.000000E+30    1.000000E+30    1.000000E+30    1.000000E+30    1.000000E+30    1.000000E+30    1.000000E+30    1.000000E+30    1.000000E+30    1.000000E+30    1.000000E+30    1.000000E+30    1.000000E+30    1.000000E+30    1.000000E+30    1.000000E+30    1.000000E+30    1.000000E+30    1.000000E+30    1.000000E+30    1.243906E+01    1.239258E+01    1.234854E+01    1.230066E+01    1.225633E+01    1.221555E+01    1.217738E+01    1.214187E+01    1.210877E+01    1.207768E+01    1.204809E+01    1.201997E+01    1.199328E+01    1.196804E+01    1.194406E+01    1.192143E+01    1.189976E+01    1.187937E+01    1.185983E+01    1.184104E+01    1.182319E+01    1.180579E+01    1.178842E+01    1.177118E+01    1.175391E+01    1.173661E+01    1.171919E+01    1.170168E+01    1.168392E+01    1.166566E+01    1.164664E+01    1.162662E+01    1.160576E+01    1.158387E+01    1.156092E+01    1.153678E+01    1.151117E+01    1.148420E+01    1.145582E+01    1.142609E+01    1.139515E+01    1.136313E+01    1.132989E+01    1.129491E+01    1.125911E+01    1.122298E+01    1.118624E+01    1.114904E+01    1.111168E+01    1.107446E+01    1.103751E+01    1.100087E+01    1.096475E+01    1.092917E+01    1.089380E+01    1.085904E+01    1.082514E+01    1.079226E+01    1.076063E+01    1.073032E+01    1.070134E+01    1.067327E+01    1.064654E+01    1.062123E+01    1.059696E+01    1.057333E+01    1.054988E+01    1.052673E+01    1.050399E+01    1.048085E+01    1.045733E+01    1.043393E+01    1.041039E+01    1.038712E+01    1.036338E+01    1.033985E+01    1.031618E+01    1.029323E+01    1.026989E+01    1.024711E+01    1.022359E+01    1.019954E+01    1.017430E+01    1.014824E+01    1.012112E+01    1.009295E+01    1.006349E+01    1.003297E+01    1.000125E+01    9.968439E+00    9.933807E+00    9.897722E+00    9.860573E+00    9.822181E+00    9.782638E+00    9.741753E+00    9.698871E+00    9.653838E+00    9.607198E+00    9.558837E+00    9.508886E+00    9.456702E+00    9.400417E+00    9.340172E+00    9.278128E+00    9.213594E+00    9.144508E+00    9.071200E+00    8.993588E+00    8.911379E+00    8.824806E+00    8.731680E+00    8.630508E+00    8.521793E+00    8.404158E+00    1.000000E+30
   1.000000E+30    1.000000E+30    1.000000E+30    1.000000E+30    1.000000E+30    1.000000E+30    1.000000E+30    1.000000E+30    1.000000E+30    1.000000E+30    1.000000E+30    1.000000E+30    1.000000E+30    1.000000E+30    1.000000E+30    1.000000E+30    1.000000E+30    1.000000E+30    1.000000E+30    1.000000E+30    1.000000E+30    1.000000E+30    1.000000E+30    1.000000E+30    1.000000E+30    1.000000E+30    1.000000E+30    1.000000E+30    1.000000E+30    1.000000E+30    1.000000E+30    1.000000E+30    1.000000E+30    1.250414E+01    1.246082E+01    1.239032E+01    1.233519E+01    1.228637E+01    1.223964E+01    1.219592E+01    1.215535E+01    1.211788E+01    1.208301E+01    1.205027E+01    1.201915E+01    1.198960E+01    1.196168E+01    1.193539E+01    1.191050E+01    1.188705E+01    1.186503E+01    1.184413E+01    1.182433E+01    1.180558E+01    1.178737E+01    1.177005E+01    1.175293E+01    1.173604E+01    1.171933E+01    1.170279E+01    1.168636E+01    1.166993E+01    1.165344E+01    1.163678E+01    1.161957E+01    1.160184E+01    1.158314E+01    1.156355E+01    1.154324E+01    1.152176E+01    1.149908E+01    1.147526E+01    1.145023E+01    1.142398E+01    1.139660E+01    1.136817E+01    1.133861E+01    1.130745E+01    1.127527E+01    1.124280E+01    1.120986E+01    1.117618E+01    1.114192E+01    1.110772E+01    1.107353E+01    1.103938E+01    1.100593E+01    1.097306E+01    1.094035E+01    1.090761E+01    1.087553E+01    1.084445E+01    1.081370E+01    1.078389E+01    1.075562E+01    1.072856E+01    1.070247E+01    1.067733E+01    1.065351E+01    1.063078E+01    1.060856E+01    1.058657E+01    1.056506E+01    1.054384E+01    1.052222E+01    1.050045E+01    1.047831E+01    1.045642E+01    1.043409E+01    1.041167E+01    1.038936E+01    1.036665E+01    1.034500E+01    1.032320E+01    1.030091E+01    1.027889E+01    1.025602E+01    1.023229E+01    1.020779E+01    1.018218E+01    1.015538E+01    1.012732E+01    1.009811E+01    1.006750E+01    1.003599E+01    1.000339E+01    9.969446E+00    9.934472E+00    9.898476E+00    9.860930E+00    9.821372E+00    9.779678E+00    9.735904E+00    9.690241E+00    9.642430E+00    9.590920E+00    9.536559E+00    9.479392E+00    9.419679E+00    9.357654E+00    9.293674E+00    9.226331E+00    9.154512E+00    9.078702E+00    8.998119E+00    8.912696E+00    8.822257E+00    8.724169E+00    8.616727E+00    8.498710E+00    1.000000E+30
   1.000000E+30    1.000000E+30    1.000000E+30    1.000000E+30    1.000000E+30    1.000000E+30    1.000000E+30    1.000000E+30    1.000000E+30    1.000000E+30    1.000000E+30    1.000000E+30    1.000000E+30    1.000000E+30    1.000000E+30    1.000000E+30    1.000000E+30    1.000000E+30    1.000000E+30    1.000000E+30    1.000000E+30    1.000000E+30    1.000000E+30    1.000000E+30    1.000000E+30    1.000000E+30    1.000000E+30    1.000000E+30    1.000000E+30    1.000000E+30    1.000000E+30    1.257296E+01    1.252676E+01    1.245271E+01    1.239374E+01    1.233333E+01    1.227866E+01    1.222881E+01    1.218225E+01    1.213896E+01    1.209913E+01    1.206219E+01    1.202726E+01    1.199424E+01    1.196281E+01    1.193336E+01    1.190567E+01    1.187966E+01    1.185521E+01    1.183241E+01    1.181097E+01    1.179069E+01    1.177155E+01    1.175344E+01    1.173583E+01    1.171879E+01    1.170212E+01    1.168584E+01    1.166976E+01    1.165398E+01    1.163838E+01    1.162287E+01    1.160736E+01    1.159148E+01    1.157539E+01    1.155864E+01    1.154116E+01    1.152293E+01    1.150388E+01    1.148382E+01    1.146276E+01    1.144072E+01    1.141761E+01    1.139344E+01    1.136829E+01    1.134210E+01    1.131440E+01    1.128562E+01    1.125654E+01    1.122695E+01    1.119675E+01    1.116587E+01    1.113457E+01    1.110334E+01    1.107188E+01    1.104053E+01    1.101000E+01    1.097999E+01    1.094991E+01    1.091988E+01    1.089051E+01    1.086160E+01    1.083301E+01    1.080521E+01    1.077880E+01    1.075376E+01    1.072958E+01    1.070609E+01    1.068365E+01    1.066227E+01    1.064163E+01    1.062142E+01    1.060157E+01    1.058154E+01    1.056163E+01    1.054176E+01    1.052118E+01    1.050061E+01    1.047980E+01    1.045894E+01    1.043807E+01    1.041654E+01    1.039565E+01    1.037513E+01    1.035416E+01    1.033356E+01    1.031246E+01    1.029046E+01    1.026739E+01    1.024314E+01    1.021763E+01    1.019089E+01    1.016316E+01    1.013467E+01    1.010551E+01    1.007540E+01    1.004409E+01    1.001111E+01    9.976290E+00    9.939661E+00    9.901094E+00    9.860641E+00    9.817856E+00    9.771595E+00    9.722406E+00    9.670847E+00    9.618035E+00    9.563467E+00    9.506486E+00    9.447354E+00    9.385251E+00    9.319713E+00    9.249569E+00    9.174820E+00    9.094842E+00    9.009308E+00    8.918702E+00    8.821509E+00    8.716293E+00    8.601742E+00    1.000000E+30
   1.000000E+30    1.000000E+30    1.000000E+30    1.000000E+30    1.000000E+30    1.000000E+30    1.000000E+30    1.000000E+30    1.000000E+30    1.000000E+30    1.000000E+30    1.000000E+30    1.000000E+30    1.000000E+30    1.000000E+30    1.000000E+30    1.000000E+30    1.000000E+30    1.000000E+30    1.000000E+30    1.000000E+30    1.000000E+30    1.000000E+30    1.000000E+30    1.000000E+30    1.000000E+30    1.000000E+30    1.000000E+30    1.000000E+30    1.000000E+30    1.258784E+01    1.252012E+01    1.245942E+01    1.239539E+01    1.233569E+01    1.227823E+01    1.222467E+01    1.217497E+01    1.212882E+01    1.208614E+01    1.204657E+01    1.200936E+01    1.197455E+01    1.194130E+01    1.190953E+01    1.187984E+01    1.185230E+01    1.182651E+01    1.180255E+01    1.178031E+01    1.175924E+01    1.173943E+01    1.172080E+01    1.170298E+01    1.168576E+01    1.166917E+01    1.165306E+01    1.163749E+01    1.162230E+01    1.160729E+01    1.159240E+01    1.157781E+01    1.156309E+01    1.154792E+01    1.153257E+01    1.151679E+01    1.150050E+01    1.148350E+01    1.146576E+01    1.144723E+01    1.142781E+01    1.140750E+01    1.138624E+01    1.136407E+01    1.134098E+01    1.131650E+01    1.129083E+01    1.126481E+01    1.123838E+01    1.121135E+01    1.118372E+01    1.115561E+01    1.112721E+01    1.109869E+01    1.106990E+01    1.104108E+01    1.101310E+01    1.098588E+01    1.095847E+01    1.093084E+01    1.090362E+01    1.087702E+01    1.085080E+01    1.082509E+01    1.080032E+01    1.077700E+01    1.075490E+01    1.073347E+01    1.071272E+01    1.069274E+01    1.067353E+01    1.065519E+01    1.063645E+01    1.061805E+01    1.059979E+01    1.058148E+01    1.056290E+01    1.054350E+01    1.052428E+01    1.050507E+01    1.048582E+01    1.046604E+01    1.044631E+01    1.042700E+01    1.040745E+01    1.038875E+01    1.036902E+01    1.034843E+01    1.032687E+01    1.030388E+01    1.027989E+01    1.025522E+01    1.022981E+01    1.020403E+01    1.017758E+01    1.014986E+01    1.012011E+01    1.008816E+01    1.005424E+01    1.001843E+01    9.980752E+00    9.940344E+00    9.896620E+00    9.850258E+00    9.802518E+00    9.754573E+00    9.705906E+00    9.656396E+00    9.603698E+00    9.547189E+00    9.486281E+00    9.420632E+00    9.350519E+00    9.275307E+00    9.193913E+00    9.105547E+00    9.011345E+00    8.912001E+00    8.807767E+00    8.701528E+00    1.000000E+30
   1.000000E+30    1.000000E+30    1.000000E+30    1.000000E+30    1.000000E+30    1.000000E+30    1.000000E+30    1.000000E+30    1.000000E+30    1.000000E+30    1.000000E+30    1.000000E+30    1.000000E+30    1.000000E+30    1.000000E+30    1.000000E+30    1.000000E+30    1.000000E+30    1.000000E+30    1.000000E+30    1.000000E+30    1.000000E+30    1.000000E+30    1.000000E+30    1.000000E+30    1.000000E+30    1.000000E+30    1.000000E+30    1.269122E+01    1.264062E+01    1.254905E+01    1.247152E+01    1.240466E+01    1.234255E+01    1.228343E+01    1.222726E+01    1.217443E+01    1.212527E+01    1.207951E+01    1.203651E+01    1.199640E+01    1.195975E+01    1.192507E+01    1.189138E+01    1.185906E+01    1.182912E+01    1.180163E+01    1.177608E+01    1.175243E+01    1.173028E+01    1.170963E+01    1.169030E+01    1.167182E+01    1.165405E+01    1.163720E+01    1.162115E+01    1.160574E+01    1.159090E+01    1.157650E+01    1.156231E+01    1.154826E+01    1.153424E+01    1.152005E+01    1.150567E+01    1.149124E+01    1.147651E+01    1.146131E+01    1.144551E+01    1.142911E+01    1.141204E+01    1.139419E+01    1.137552E+01    1.135603E+01    1.133576E+01    1.131423E+01    1.129151E+01    1.126832E+01    1.124476E+01    1.122064E+01    1.119602E+01    1.117096E+01    1.114547E+01    1.111971E+01    1.109386E+01    1.106780E+01    1.104163E+01    1.101570E+01    1.099066E+01    1.096580E+01    1.094047E+01    1.091556E+01    1.089114E+01    1.086714E+01    1.084357E+01    1.082063E+01    1.079870E+01    1.077827E+01    1.075889E+01    1.074013E+01    1.072197E+01    1.070442E+01    1.068700E+01    1.066992E+01    1.065305E+01    1.063648E+01    1.062009E+01    1.060305E+01    1.058532E+01    1.056778E+01    1.055030E+01    1.053264E+01    1.051498E+01    1.049679E+01    1.047897E+01    1.046157E+01    1.044424E+01    1.042580E+01    1.040630E+01    1.038628E+01    1.036553E+01    1.034379E+01    1.032143E+01    1.029871E+01    1.027522E+01    1.025033E+01    1.022411E+01    1.019594E+01    1.016523E+01    1.013242E+01    1.009732E+01    1.005898E+01    1.001802E+01    9.975270E+00    9.932731E+00    9.890060E+00    9.847160E+00    9.802595E+00    9.754294E+00    9.701119E+00    9.643617E+00    9.581665E+00    9.514643E+00    9.443305E+00    9.366691E+00    9.284352E+00    9.195578E+00    9.100480E+00    8.999863E+00    8.893618E+00    8.782852E+00    1.000000E+30
   1.000000E+30    1.000000E+30    1.000000E+30    1.000000E+30    1.000000E+30    1.000000E+30    1.000000E+30    1.000000E+30    1.000000E+30    1.000000E+30    1.000000E+30    1.000000E+30    1.000000E+30    1.000000E+30    1.000000E+30    1.000000E+30    1.000000E+30    1.000000E+30    1.000000E+30    1.000000E+30    1.000000E+30    1.000000E+30    1.000000E+30    1.000000E+30    1.000000E+30    1.000000E+30    1.000000E+30    1.271521E+01    1.264697E+01    1.257921E+01    1.250210E+01    1.242871E+01    1.235948E+01    1.229437E+01    1.223524E+01    1.218038E+01    1.212846E+01    1.207937E+01    1.203289E+01    1.198940E+01    1.194949E+01    1.191218E+01    1.187590E+01    1.184143E+01    1.181001E+01    1.178107E+01    1.175369E+01    1.172831E+01    1.170474E+01    1.168291E+01    1.166253E+01    1.164323E+01    1.162473E+01    1.160715E+01    1.159062E+01    1.157502E+01    1.156026E+01    1.154609E+01    1.153228E+01    1.151874E+01    1.150532E+01    1.149192E+01    1.147849E+01    1.146508E+01    1.145161E+01    1.143782E+01    1.142364E+01    1.140902E+01    1.139393E+01    1.137825E+01    1.136185E+01    1.134473E+01    1.132698E+01    1.130814E+01    1.128809E+01    1.126757E+01    1.124668E+01    1.122529E+01    1.120339E+01    1.118110E+01    1.115844E+01    1.113542E+01    1.111221E+01    1.108889E+01    1.106522E+01    1.104144E+01    1.101797E+01    1.099490E+01    1.097199E+01    1.094907E+01    1.092647E+01    1.090419E+01    1.088225E+01    1.086077E+01    1.083982E+01    1.081943E+01    1.080015E+01    1.078232E+01    1.076537E+01    1.074882E+01    1.073280E+01    1.071722E+01    1.070188E+01    1.068664E+01    1.067162E+01    1.065709E+01    1.064232E+01    1.062666E+01    1.061084E+01    1.059520E+01    1.057896E+01    1.056333E+01    1.054703E+01    1.053124E+01    1.051596E+01    1.049950E+01    1.048260E+01    1.046539E+01    1.044752E+01    1.042938E+01    1.041049E+01    1.039035E+01    1.036929E+01    1.034730E+01    1.032365E+01    1.029850E+01    1.027172E+01    1.024271E+01    1.021016E+01    1.017448E+01    1.013695E+01    1.009938E+01    1.006185E+01    1.002471E+01    9.986994E+00    9.945923E+00    9.900295E+00    9.849844E+00    9.794954E+00    9.735858E+00    9.672277E+00    9.603752E+00    9.530783E+00    9.454387E+00    9.372384E+00    9.284005E+00    9.189805E+00    9.090071E+00    8.983509E+00    8.869637E+00    1.000000E+30
   1.000000E+30    1.000000E+30    1.000000E+30    1.000000E+30    1.000000E+30    1.000000E+30    1.000000E+30    1.000000E+30    1.000000E+30    1.000000E+30    1.000000E+30    1.000000E+30    1.000000E+30    1.000000E+30    1.000000E+30    1.000000E+30    1.000000E+30    1.000000E+30    1.000000E+30    1.000000E+30    1.000000E+30    1.000000E+30    1.000000E+30    1.000000E+30    1.000000E+30    1.284246E+01    1.278590E+01    1.268856E+01    1.260900E+01    1.253490E+01    1.246091E+01    1.238920E+01    1.232068E+01    1.225642E+01    1.219563E+01    1.213801E+01    1.208436E+01    1.203507E+01    1.198911E+01    1.194578E+01    1.190487E+01    1.186588E+01    1.182887E+01    1.179432E+01    1.176355E+01    1.173555E+01    1.170864E+01    1.168356E+01    1.166016E+01    1.163841E+01    1.161787E+01    1.159834E+01    1.157980E+01    1.156242E+01    1.154618E+01    1.153097E+01    1.151663E+01    1.150292E+01    1.148961E+01    1.147659E+01    1.146377E+01    1.145117E+01    1.143868E+01    1.142622E+01    1.141362E+01    1.140071E+01    1.138753E+01    1.137406E+01    1.136017E+01    1.134576E+01    1.133072E+01    1.131514E+01    1.129880E+01    1.128113E+01    1.126303E+01    1.124466E+01    1.122576E+01    1.120641E+01    1.118666E+01    1.116655E+01    1.114609E+01    1.112542E+01    1.110467E+01    1.108359E+01    1.106217E+01    1.104067E+01    1.101933E+01    1.099835E+01    1.097754E+01    1.095692E+01    1.093654E+01    1.091636E+01    1.089647E+01    1.087697E+01    1.085794E+01    1.083939E+01    1.082140E+01    1.080461E+01    1.078922E+01    1.077444E+01    1.076008E+01    1.074629E+01    1.073256E+01    1.071878E+01    1.070543E+01    1.069279E+01    1.068071E+01    1.066764E+01    1.065373E+01    1.063964E+01    1.062529E+01    1.061090E+01    1.059656E+01    1.058287E+01    1.056924E+01    1.055473E+01    1.054032E+01    1.052612E+01    1.051125E+01    1.049611E+01    1.047926E+01    1.046112E+01    1.044172E+01    1.042102E+01    1.039875E+01    1.037489E+01    1.034858E+01    1.031923E+01    1.028720E+01    1.025426E+01    1.022188E+01    1.019048E+01    1.015885E+01    1.012458E+01    1.008682E+01    1.004410E+01    9.996519E+00    9.944247E+00    9.888280E+00    9.829508E+00    9.767086E+00    9.699397E+00    9.626423E+00    9.549922E+00    9.468582E+00    9.381707E+00    9.288402E+00    9.188540E+00    9.081102E+00    8.965309E+00    1.000000E+30
   1.000000E+30    1.000000E+30    1.000000E+30    1.000000E+30    1.000000E+30    1.000000E+30    1.000000E+30    1.000000E+30    1.000000E+30    1.000000E+30    1.000000E+30    1.000000E+30    1.000000E+30    1.000000E+30    1.000000E+30    1.000000E+30    1.000000E+30    1.000000E+30    1.000000E+30    1.000000E+30    1.000000E+30    1.000000E+30    1.000000E+30    1.000000E+30    1.287501E+01    1.280304E+01    1.273131E+01    1.265017E+01    1.257235E+01    1.249775E+01    1.242516E+01    1.235494E+01    1.228754E+01    1.222342E+01    1.216225E+01    1.210448E+01    1.205019E+01    1.199857E+01    1.194992E+01    1.190470E+01    1.186306E+01    1.182441E+01    1.178793E+01    1.175375E+01    1.172252E+01    1.169369E+01    1.166727E+01    1.164240E+01    1.161867E+01    1.159650E+01    1.157564E+01    1.155587E+01    1.153727E+01    1.152003E+01    1.150410E+01    1.148915E+01    1.147501E+01    1.146153E+01    1.144862E+01    1.143615E+01    1.142404E+01    1.141219E+01    1.140051E+01    1.138889E+01    1.137712E+01    1.136516E+01    1.135300E+01    1.134054E+01    1.132773E+01    1.131445E+01    1.130065E+01    1.128642E+01    1.127129E+01    1.125524E+01    1.123912E+01    1.122257E+01    1.120552E+01    1.118816E+01    1.117043E+01    1.115233E+01    1.113395E+01    1.111551E+01    1.109691E+01    1.107790E+01    1.105875E+01    1.103951E+01    1.102028E+01    1.100123E+01    1.098244E+01    1.096401E+01    1.094580E+01    1.092775E+01    1.090995E+01    1.089246E+01    1.087534E+01    1.085862E+01    1.084233E+01    1.082662E+01    1.081235E+01    1.079918E+01    1.078632E+01    1.077405E+01    1.076218E+01    1.075033E+01    1.073880E+01    1.072772E+01    1.071728E+01    1.070640E+01    1.069472E+01    1.068249E+01    1.067034E+01    1.065761E+01    1.064519E+01    1.063379E+01    1.062237E+01    1.061104E+01    1.059985E+01    1.058838E+01    1.057636E+01    1.056376E+01    1.054932E+01    1.053344E+01    1.051603E+01    1.049699E+01    1.047593E+01    1.045198E+01    1.042539E+01    1.039742E+01    1.037022E+01    1.034386E+01    1.031810E+01    1.029139E+01    1.026004E+01    1.022435E+01    1.018473E+01    1.014067E+01    1.009256E+01    1.004173E+01    9.987374E+00    9.929540E+00    9.868234E+00    9.801903E+00    9.729929E+00    9.653143E+00    9.571213E+00    9.484136E+00    9.390773E+00    9.290327E+00    9.182233E+00    9.065823E+00    1.000000E+30
   1.000000E+30    1.000000E+30    1.000000E+30    1.000000E+30    1.000000E+30    1.000000E+30    1.000000E+30    1.000000E+30    1.000000E+30    1.000000E+30    1.000000E+30    1.000000E+30    1.000000E+30    1.000000E+30    1.000000E+30    1.000000E+30    1.000000E+30    1.000000E+30    1.000000E+30    1.000000E+30    1.000000E+30    1.000000E+30    1.300647E+01    1.294979E+01    1.285092E+01    1.276901E+01    1.269206E+01    1.261467E+01    1.253895E+01    1.246543E+01    1.239412E+01    1.232528E+01    1.225925E+01    1.219601E+01    1.213518E+01    1.207710E+01    1.202178E+01    1.196920E+01    1.191986E+01    1.187333E+01    1.182949E+01    1.178853E+01    1.175082E+01    1.171647E+01    1.168519E+01    1.165601E+01    1.162939E+01    1.160398E+01    1.158015E+01    1.155772E+01    1.153644E+01    1.151644E+01    1.149778E+01    1.148051E+01    1.146458E+01    1.144968E+01    1.143560E+01    1.142228E+01    1.140967E+01    1.139774E+01    1.138624E+01    1.137495E+01    1.136394E+01    1.135304E+01    1.134208E+01    1.133109E+01    1.131989E+01    1.130834E+01    1.129650E+01    1.128426E+01    1.127170E+01    1.125867E+01    1.124493E+01    1.123070E+01    1.121623E+01    1.120130E+01    1.118604E+01    1.117056E+01    1.115468E+01    1.113846E+01    1.112205E+01    1.110567E+01    1.108913E+01    1.107227E+01    1.105518E+01    1.103802E+01    1.102087E+01    1.100383E+01    1.098701E+01    1.097055E+01    1.095441E+01    1.093850E+01    1.092283E+01    1.090739E+01    1.089225E+01    1.087743E+01    1.086296E+01    1.084883E+01    1.083561E+01    1.082395E+01    1.081265E+01    1.080180E+01    1.079160E+01    1.078175E+01    1.077195E+01    1.076235E+01    1.075296E+01    1.074354E+01    1.073378E+01    1.072379E+01    1.071404E+01    1.070377E+01    1.069412E+01    1.068599E+01    1.067796E+01    1.066990E+01    1.066135E+01    1.065240E+01    1.064297E+01    1.063237E+01    1.062089E+01    1.060737E+01    1.059138E+01    1.057291E+01    1.055199E+01    1.052932E+01    1.050703E+01    1.048577E+01    1.046560E+01    1.044483E+01    1.042073E+01    1.039270E+01    1.036012E+01    1.032274E+01    1.028204E+01    1.023929E+01    1.019333E+01    1.014401E+01    1.009114E+01    1.003420E+01    9.973344E+00    9.907972E+00    9.836720E+00    9.759909E+00    9.677648E+00    9.589950E+00    9.496232E+00    9.395218E+00    9.286633E+00    9.170023E+00    1.000000E+30
   1.000000E+30    1.000000E+30    1.000000E+30    1.000000E+30    1.000000E+30    1.000000E+30    1.000000E+30    1.000000E+30    1.000000E+30    1.000000E+30    1.000000E+30    1.000000E+30    1.000000E+30    1.000000E+30    1.000000E+30    1.000000E+30    1.000000E+30    1.000000E+30    1.000000E+30    1.000000E+30    1.000000E+30    1.303571E+01    1.296699E+01    1.289660E+01    1.281516E+01    1.273595E+01    1.265917E+01    1.258361E+01    1.250959E+01    1.243737E+01    1.236728E+01    1.229966E+01    1.223480E+01    1.217236E+01    1.211200E+01    1.205412E+01    1.199866E+01    1.194583E+01    1.189566E+01    1.184796E+01    1.180289E+01    1.176097E+01    1.172234E+01    1.168634E+01    1.165236E+01    1.162129E+01    1.159312E+01    1.156768E+01    1.154423E+01    1.152190E+01    1.150050E+01    1.148030E+01    1.146134E+01    1.144376E+01    1.142756E+01    1.141256E+01    1.139853E+01    1.138537E+01    1.137307E+01    1.136149E+01    1.135032E+01    1.133952E+01    1.132907E+01    1.131878E+01    1.130861E+01    1.129843E+01    1.128801E+01    1.127736E+01    1.126655E+01    1.125548E+01    1.124412E+01    1.123228E+01    1.121986E+01    1.120726E+01    1.119422E+01    1.118085E+01    1.116736E+01    1.115359E+01    1.113950E+01    1.112515E+01    1.111061E+01    1.109602E+01    1.108141E+01    1.106663E+01    1.105158E+01    1.103641E+01    1.102128E+01    1.100625E+01    1.099137E+01    1.097682E+01    1.096265E+01    1.094881E+01    1.093526E+01    1.092193E+01    1.090884E+01    1.089603E+01    1.088348E+01    1.087127E+01    1.085950E+01    1.084913E+01    1.083969E+01    1.083041E+01    1.082175E+01    1.081368E+01    1.080562E+01    1.079751E+01    1.078946E+01    1.078156E+01    1.077362E+01    1.076591E+01    1.075900E+01    1.075160E+01    1.074566E+01    1.074097E+01    1.073642E+01    1.073154E+01    1.072572E+01    1.071888E+01    1.071092E+01    1.070141E+01    1.069108E+01    1.067870E+01    1.066448E+01    1.064878E+01    1.063241E+01    1.061653E+01    1.060191E+01    1.058741E+01    1.057026E+01    1.054908E+01    1.052360E+01    1.049311E+01    1.045980E+01    1.042347E+01    1.038455E+01    1.034324E+01    1.029871E+01    1.025008E+01    1.019793E+01    1.014163E+01    1.008124E+01    1.001621E+01    9.945772E+00    9.869200E+00    9.786928E+00    9.698675E+00    9.604349E+00    9.502840E+00    9.393847E+00    9.277197E+00    1.000000E+30
   1.000000E+30    1.000000E+30    1.000000E+30    1.000000E+30    1.000000E+30    1.000000E+30    1.000000E+30    1.000000E+30    1.000000E+30    1.000000E+30    1.000000E+30    1.000000E+30    1.000000E+30    1.000000E+30    1.000000E+30    1.000000E+30    1.000000E+30    1.000000E+30    1.000000E+30    1.000000E+30    1.308435E+01    1.300861E+01    1.293436E+01    1.285981E+01    1.278276E+01    1.270614E+01    1.263068E+01    1.255651E+01    1.248388E+01    1.241284E+01    1.234389E+01    1.227745E+01    1.221362E+01    1.215191E+01    1.209215E+01    1.203452E+01    1.197903E+01    1.192616E+01    1.187595E+01    1.182798E+01    1.178233E+01    1.173972E+01    1.169984E+01    1.166226E+01    1.162706E+01    1.159470E+01    1.156447E+01    1.153630E+01    1.151107E+01    1.148823E+01    1.146693E+01    1.144663E+01    1.142730E+01    1.140969E+01    1.139325E+01    1.137811E+01    1.136406E+01    1.135101E+01    1.133886E+01    1.132734E+01    1.131638E+01    1.130597E+01    1.129596E+01    1.128627E+01    1.127675E+01    1.126719E+01    1.125752E+01    1.124784E+01    1.123806E+01    1.122807E+01    1.121774E+01    1.120706E+01    1.119593E+01    1.118465E+01    1.117307E+01    1.116133E+01    1.114946E+01    1.113735E+01    1.112500E+01    1.111235E+01    1.109956E+01    1.108672E+01    1.107390E+01    1.106098E+01    1.104792E+01    1.103477E+01    1.102162E+01    1.100855E+01    1.099564E+01    1.098300E+01    1.097073E+01    1.095888E+01    1.094740E+01    1.093620E+01    1.092523E+01    1.091449E+01    1.090403E+01    1.089386E+01    1.088403E+01    1.087505E+01    1.086759E+01    1.086011E+01    1.085323E+01    1.084673E+01    1.084041E+01    1.083413E+01    1.082801E+01    1.082215E+01    1.081652E+01    1.081134E+01    1.080690E+01    1.080265E+01    1.080055E+01    1.079854E+01    1.079617E+01    1.079306E+01    1.078892E+01    1.078375E+01    1.077768E+01    1.077089E+01    1.076350E+01    1.075538E+01    1.074651E+01    1.073736E+01    1.072867E+01    1.072008E+01    1.070923E+01    1.069501E+01    1.067652E+01    1.065341E+01    1.062647E+01    1.059703E+01    1.056535E+01    1.053049E+01    1.049251E+01    1.045158E+01    1.040752E+01    1.035939E+01    1.030750E+01    1.025154E+01    1.019126E+01    1.012649E+01    1.005657E+01    9.980507E+00    9.898379E+00    9.810007E+00    9.715287E+00    9.613410E+00    9.503954E+00    9.387143E+00    1.000000E+30
   1.000000E+30    1.000000E+30    1.000000E+30    1.000000E+30    1.000000E+30    1.000000E+30    1.000000E+30    1.000000E+30    1.000000E+30    1.000000E+30    1.000000E+30    1.000000E+30    1.000000E+30    1.000000E+30    1.000000E+30    1.000000E+30    1.000000E+30    1.000000E+30    1.000000E+30    1.314797E+01    1.306454E+01    1.298465E+01    1.290725E+01    1.283103E+01    1.275503E+01    1.267982E+01    1.260564E+01    1.253270E+01    1.246123E+01    1.239133E+01    1.232356E+01    1.225831E+01    1.219536E+01    1.213425E+01    1.207514E+01    1.201788E+01    1.196258E+01    1.190974E+01    1.185950E+01    1.181141E+01    1.176569E+01    1.172268E+01    1.168206E+01    1.164375E+01    1.160771E+01    1.157398E+01    1.154226E+01    1.151277E+01    1.148583E+01    1.146028E+01    1.143668E+01    1.141543E+01    1.139637E+01    1.137877E+01    1.136215E+01    1.134673E+01    1.133242E+01    1.131922E+01    1.130693E+01    1.129535E+01    1.128455E+01    1.127443E+01    1.126482E+01    1.125556E+01    1.124650E+01    1.123752E+01    1.122867E+01    1.121984E+01    1.121090E+01    1.120183E+01    1.119250E+01    1.118294E+01    1.117312E+01    1.116307E+01    1.115296E+01    1.114271E+01    1.113239E+01    1.112188E+01    1.111105E+01    1.110001E+01    1.108886E+01    1.107770E+01    1.106663E+01    1.105553E+01    1.104435E+01    1.103316E+01    1.102197E+01    1.101083E+01    1.099987E+01    1.098919E+01    1.097886E+01    1.096895E+01    1.095943E+01    1.095031E+01    1.094147E+01    1.093290E+01    1.092463E+01    1.091664E+01    1.090900E+01    1.090184E+01    1.089615E+01    1.089071E+01    1.088570E+01    1.088106E+01    1.087673E+01    1.087269E+01    1.086894E+01    1.086548E+01    1.086239E+01    1.085977E+01    1.085696E+01    1.085584E+01    1.085531E+01    1.085487E+01    1.085448E+01    1.085407E+01    1.085387E+01    1.085373E+01    1.085354E+01    1.085329E+01    1.085256E+01    1.085103E+01    1.084870E+01    1.084495E+01    1.083936E+01    1.083111E+01    1.081906E+01    1.080312E+01    1.078311E+01    1.076027E+01    1.073477E+01    1.070675E+01    1.067600E+01    1.064199E+01    1.060471E+01    1.056410E+01    1.052018E+01    1.047237E+01    1.042050E+01    1.036472E+01    1.030443E+01    1.023963E+01    1.016984E+01    1.009421E+01    1.001222E+01    9.923956E+00    9.829212E+00    9.727363E+00    9.617709E+00    9.500481E+00    1.000000E+30
   1.000000E+30    1.000000E+30    1.000000E+30    1.000000E+30    1.000000E+30    1.000000E+30    1.000000E+30    1.000000E+30    1.000000E+30    1.000000E+30    1.000000E+30    1.000000E+30    1.000000E+30    1.000000E+30    1.000000E+30    1.000000E+30    1.000000E+30    1.000000E+30    1.000000E+30    1.313464E+01    1.304593E+01    1.296314E+01    1.288386E+01    1.280674E+01    1.273106E+01    1.265669E+01    1.258361E+01    1.251185E+01    1.244148E+01    1.237274E+01    1.230601E+01    1.224170E+01    1.217954E+01    1.211916E+01    1.206060E+01    1.200377E+01    1.194885E+01    1.189616E+01    1.184592E+01    1.179793E+01    1.175229E+01    1.170892E+01    1.166775E+01    1.162883E+01    1.159202E+01    1.155751E+01    1.152506E+01    1.149455E+01    1.146593E+01    1.143892E+01    1.141378E+01    1.139039E+01    1.136918E+01    1.135059E+01    1.133407E+01    1.131842E+01    1.130372E+01    1.128999E+01    1.127737E+01    1.126570E+01    1.125495E+01    1.124500E+01    1.123564E+01    1.122670E+01    1.121807E+01    1.120968E+01    1.120148E+01    1.119330E+01    1.118516E+01    1.117693E+01    1.116856E+01    1.116006E+01    1.115142E+01    1.114261E+01    1.113377E+01    1.112493E+01    1.111608E+01    1.110695E+01    1.109756E+01    1.108808E+01    1.107858E+01    1.106912E+01    1.105972E+01    1.105031E+01    1.104092E+01    1.103159E+01    1.102242E+01    1.101329E+01    1.100421E+01    1.099547E+01    1.098713E+01    1.097921E+01    1.097165E+01    1.096453E+01    1.095781E+01    1.095146E+01    1.094543E+01    1.093974E+01    1.093444E+01    1.092952E+01    1.092542E+01    1.092225E+01    1.091926E+01    1.091673E+01    1.091476E+01    1.091317E+01    1.091178E+01    1.091069E+01    1.090976E+01    1.090887E+01    1.090749E+01    1.090801E+01    1.090953E+01    1.091396E+01    1.092020E+01    1.092718E+01    1.093430E+01    1.094147E+01    1.094855E+01    1.095498E+01    1.095935E+01    1.096107E+01    1.096060E+01    1.095732E+01    1.095117E+01    1.094158E+01    1.092842E+01    1.091250E+01    1.089423E+01    1.087318E+01    1.084882E+01    1.082128E+01    1.079089E+01    1.075744E+01    1.072072E+01    1.068059E+01    1.063693E+01    1.058944E+01    1.053756E+01    1.048169E+01    1.042150E+01    1.035652E+01    1.028665E+01    1.021123E+01    1.012938E+01    1.004123E+01    9.946653E+00    9.845074E+00    9.735686E+00    9.618367E+00    1.000000E+30
   1.000000E+30    1.000000E+30    1.000000E+30    1.000000E+30    1.000000E+30    1.000000E+30    1.000000E+30    1.000000E+30    1.000000E+30    1.000000E+30    1.000000E+30    1.000000E+30    1.000000E+30    1.000000E+30    1.000000E+30    1.000000E+30    1.000000E+30    1.000000E+30    1.319960E+01    1.311274E+01    1.302601E+01    1.294297E+01    1.286311E+01    1.278574E+01    1.271027E+01    1.263648E+01    1.256437E+01    1.249373E+01    1.242435E+01    1.235660E+01    1.229083E+01    1.222741E+01    1.216601E+01    1.210635E+01    1.204832E+01    1.199190E+01    1.193740E+01    1.188500E+01    1.183492E+01    1.178717E+01    1.174163E+01    1.169798E+01    1.165642E+01    1.161705E+01    1.157960E+01    1.154433E+01    1.151111E+01    1.147971E+01    1.145018E+01    1.142226E+01    1.139580E+01    1.137109E+01    1.134817E+01    1.132691E+01    1.130845E+01    1.129256E+01    1.127771E+01    1.126364E+01    1.125053E+01    1.123861E+01    1.122770E+01    1.121775E+01    1.120856E+01    1.119990E+01    1.119160E+01    1.118364E+01    1.117590E+01    1.116834E+01    1.116089E+01    1.115342E+01    1.114595E+01    1.113844E+01    1.113086E+01    1.112322E+01    1.111558E+01    1.110805E+01    1.110045E+01    1.109259E+01    1.108468E+01    1.107674E+01    1.106883E+01    1.106097E+01    1.105319E+01    1.104546E+01    1.103783E+01    1.103034E+01    1.102302E+01    1.101584E+01    1.100875E+01    1.100193E+01    1.099558E+01    1.098972E+01    1.098424E+01    1.097916E+01    1.097456E+01    1.097045E+01    1.096674E+01    1.096342E+01    1.096048E+01    1.095793E+01    1.095581E+01    1.095498E+01    1.095417E+01    1.095389E+01    1.095432E+01    1.095515E+01    1.095616E+01    1.095712E+01    1.095820E+01    1.095896E+01    1.095996E+01    1.096432E+01    1.097409E+01    1.098788E+01    1.100314E+01    1.101784E+01    1.103113E+01    1.104309E+01    1.105352E+01    1.106199E+01    1.106773E+01    1.107057E+01    1.107017E+01    1.106714E+01    1.106147E+01    1.105299E+01    1.104218E+01    1.102830E+01    1.101126E+01    1.099109E+01    1.096775E+01    1.094086E+01    1.091075E+01    1.087757E+01    1.084121E+01    1.080134E+01    1.075783E+01    1.071060E+01    1.065899E+01    1.060307E+01    1.054279E+01    1.047778E+01    1.040769E+01    1.033223E+01    1.025053E+01    1.016245E+01    1.006791E+01    9.966537E+00    9.857504E+00    9.740742E+00    1.000000E+30
   1.000000E+30    1.000000E+30    1.000000E+30    1.000000E+30    1.000000E+30    1.000000E+30    1.000000E+30    1.000000E+30    1.000000E+30    1.000000E+30    1.000000E+30    1.000000E+30    1.000000E+30    1.000000E+30    1.000000E+30    1.000000E+30    1.000000E+30    1.000000E+30    1.318779E+01    1.309506E+01    1.300754E+01    1.292432E+01    1.284443E+01    1.276733E+01    1.269228E+01    1.261903E+01    1.254769E+01    1.247792E+01    1.240949E+01    1.234268E+01    1.227781E+01    1.221524E+01    1.215459E+01    1.209559E+01    1.203806E+01    1.198214E+01    1.192806E+01    1.187600E+01    1.182617E+01    1.177865E+01    1.173326E+01    1.168950E+01    1.164765E+01    1.160785E+01    1.156989E+01    1.153401E+01    1.150006E+01    1.146788E+01    1.143753E+01    1.140880E+01    1.138157E+01    1.135583E+01    1.133160E+01    1.130920E+01    1.128871E+01    1.127027E+01    1.125421E+01    1.123984E+01    1.122657E+01    1.121430E+01    1.120300E+01    1.119298E+01    1.118381E+01    1.117517E+01    1.116703E+01    1.115933E+01    1.115199E+01    1.114494E+01    1.113804E+01    1.113129E+01    1.112464E+01    1.111803E+01    1.111143E+01    1.110486E+01    1.109835E+01    1.109194E+01    1.108546E+01    1.107894E+01    1.107247E+01    1.106603E+01    1.105965E+01    1.105337E+01    1.104722E+01    1.104115E+01    1.103522E+01    1.102949E+01    1.102398E+01    1.101864E+01    1.101351E+01    1.100872E+01    1.100437E+01    1.100053E+01    1.099720E+01    1.099433E+01    1.099190E+01    1.099005E+01    1.098871E+01    1.098780E+01    1.098727E+01    1.098714E+01    1.098750E+01    1.098906E+01    1.099067E+01    1.099269E+01    1.099542E+01    1.099863E+01    1.100196E+01    1.100525E+01    1.100902E+01    1.101238E+01    1.101846E+01    1.103208E+01    1.105248E+01    1.107431E+01    1.109475E+01    1.111309E+01    1.112928E+01    1.114350E+01    1.115544E+01    1.116492E+01    1.117225E+01    1.117744E+01    1.118006E+01    1.118037E+01    1.117808E+01    1.117254E+01    1.116332E+01    1.115050E+01    1.113430E+01    1.111478E+01    1.109195E+01    1.106579E+01    1.103636E+01    1.100357E+01    1.096741E+01    1.092771E+01    1.088424E+01    1.083693E+01    1.078560E+01    1.072980E+01    1.066956E+01    1.060450E+01    1.053400E+01    1.045830E+01    1.037648E+01    1.028807E+01    1.019318E+01    1.009147E+01    9.982514E+00    9.866094E+00    1.000000E+30
   1.000000E+30    1.000000E+30    1.000000E+30    1.000000E+30    1.000000E+30    1.000000E+30    1.000000E+30    1.000000E+30    1.000000E+30    1.000000E+30    1.000000E+30    1.000000E+30    1.000000E+30    1.000000E+30    1.000000E+30    1.000000E+30    1.000000E+30    1.000000E+30    1.316947E+01    1.307704E+01    1.298998E+01    1.290708E+01    1.282763E+01    1.275107E+01    1.267664E+01    1.260403E+01    1.253333E+01    1.246431E+01    1.239674E+01    1.233081E+01    1.226675E+01    1.220489E+01    1.214500E+01    1.208666E+01    1.202965E+01    1.197426E+01    1.192063E+01    1.186891E+01    1.181934E+01    1.177205E+01    1.172679E+01    1.168311E+01    1.164114E+01    1.160092E+01    1.156251E+01    1.152611E+01    1.149159E+01    1.145884E+01    1.142781E+01    1.139838E+01    1.137042E+01    1.134386E+01    1.131878E+01    1.129536E+01    1.127368E+01    1.125382E+01    1.123527E+01    1.121896E+01    1.120515E+01    1.119241E+01    1.118093E+01    1.117072E+01    1.116127E+01    1.115249E+01    1.114440E+01    1.113688E+01    1.112982E+01    1.112313E+01    1.111674E+01    1.111062E+01    1.110466E+01    1.109884E+01    1.109313E+01    1.108755E+01    1.108209E+01    1.107674E+01    1.107139E+01    1.106615E+01    1.106102E+01    1.105601E+01    1.105112E+01    1.104640E+01    1.104183E+01    1.103739E+01    1.103314E+01    1.102915E+01    1.102542E+01    1.102193E+01    1.101875E+01    1.101599E+01    1.101370E+01    1.101194E+01    1.101077E+01    1.101011E+01    1.101000E+01    1.101049E+01    1.101154E+01    1.101305E+01    1.101502E+01    1.101759E+01    1.102076E+01    1.102487E+01    1.102895E+01    1.103324E+01    1.103821E+01    1.104373E+01    1.104966E+01    1.105582E+01    1.106240E+01    1.106997E+01    1.108390E+01    1.110664E+01    1.113501E+01    1.116131E+01    1.118369E+01    1.120396E+01    1.122257E+01    1.123981E+01    1.125573E+01    1.127008E+01    1.128280E+01    1.129320E+01    1.130035E+01    1.130394E+01    1.130358E+01    1.129927E+01    1.129091E+01    1.127906E+01    1.126354E+01    1.124462E+01    1.122223E+01    1.119658E+01    1.116785E+01    1.113568E+01    1.109986E+01    1.106033E+01    1.101694E+01    1.096948E+01    1.091807E+01    1.086204E+01    1.080137E+01    1.073599E+01    1.066524E+01    1.058900E+01    1.050684E+01    1.041781E+01    1.032239E+01    1.022041E+01    1.011146E+01    9.995032E+00    1.000000E+30
   1.000000E+30    1.000000E+30    1.000000E+30    1.000000E+30    1.000000E+30    1.000000E+30    1.000000E+30    1.000000E+30    1.000000E+30    1.000000E+30    1.000000E+30    1.000000E+30    1.000000E+30    1.000000E+30    1.000000E+30    1.000000E+30    1.000000E+30    1.323259E+01    1.314582E+01    1.305843E+01    1.297340E+01    1.289130E+01    1.281257E+01    1.273665E+01    1.266279E+01    1.259093E+01    1.252099E+01    1.245265E+01    1.238588E+01    1.232081E+01    1.225748E+01    1.219630E+01    1.213705E+01    1.207927E+01    1.202291E+01    1.196808E+01    1.191489E+01    1.186354E+01    1.181426E+01    1.176716E+01    1.172203E+01    1.167851E+01    1.163660E+01    1.159616E+01    1.155734E+01    1.152046E+01    1.148544E+01    1.145217E+01    1.142063E+01    1.139064E+01    1.136206E+01    1.133484E+01    1.130902E+01    1.128473E+01    1.126203E+01    1.124097E+01    1.122141E+01    1.120328E+01    1.118698E+01    1.117347E+01    1.116168E+01    1.115090E+01    1.114105E+01    1.113206E+01    1.112387E+01    1.111640E+01    1.110952E+01    1.110310E+01    1.109713E+01    1.109149E+01    1.108611E+01    1.108097E+01    1.107607E+01    1.107141E+01    1.106690E+01    1.106257E+01    1.105836E+01    1.105432E+01    1.105046E+01    1.104679E+01    1.104334E+01    1.104012E+01    1.103709E+01    1.103425E+01    1.103167E+01    1.102942E+01    1.102746E+01    1.102586E+01    1.102467E+01    1.102395E+01    1.102375E+01    1.102416E+01    1.102518E+01    1.102681E+01    1.102912E+01    1.103202E+01    1.103548E+01    1.103954E+01    1.104430E+01    1.104980E+01    1.105597E+01    1.106274E+01    1.106935E+01    1.107597E+01    1.108327E+01    1.109117E+01    1.109969E+01    1.110905E+01    1.111858E+01    1.113181E+01    1.115359E+01    1.118342E+01    1.121703E+01    1.124451E+01    1.126998E+01    1.129510E+01    1.131994E+01    1.134377E+01    1.136614E+01    1.138627E+01    1.140413E+01    1.141922E+01    1.142978E+01    1.143558E+01    1.143657E+01    1.143301E+01    1.142554E+01    1.141423E+01    1.139917E+01    1.138067E+01    1.135901E+01    1.133401E+01    1.130567E+01    1.127395E+01    1.123834E+01    1.119883E+01    1.115527E+01    1.110734E+01    1.105518E+01    1.099859E+01    1.093701E+01    1.087066E+01    1.079947E+01    1.072266E+01    1.064003E+01    1.055069E+01    1.045460E+01    1.035221E+01    1.024355E+01    1.012802E+01    1.000000E+30
   1.000000E+30    1.000000E+30    1.000000E+30    1.000000E+30    1.000000E+30    1.000000E+30    1.000000E+30    1.000000E+30    1.000000E+30    1.000000E+30    1.000000E+30    1.000000E+30    1.000000E+30    1.000000E+30    1.000000E+30    1.000000E+30    1.000000E+30    1.322053E+01    1.312922E+01    1.304194E+01    1.295758E+01    1.287628E+01    1.279845E+01    1.272353E+01    1.265049E+01    1.257943E+01    1.251028E+01    1.244265E+01    1.237661E+01    1.231236E+01    1.224978E+01    1.218917E+01    1.213051E+01    1.207334E+01    1.201765E+01    1.196336E+01    1.191065E+01    1.185974E+01    1.181081E+01    1.176392E+01    1.171890E+01    1.167554E+01    1.163371E+01    1.159324E+01    1.155420E+01    1.151689E+01    1.148134E+01    1.144760E+01    1.141564E+01    1.138522E+01    1.135615E+01    1.132835E+01    1.130188E+01    1.127685E+01    1.125332E+01    1.123134E+01    1.121081E+01    1.119179E+01    1.117405E+01    1.115806E+01    1.114523E+01    1.113384E+01    1.112340E+01    1.111402E+01    1.110562E+01    1.109805E+01    1.109119E+01    1.108493E+01    1.107922E+01    1.107393E+01    1.106903E+01    1.106449E+01    1.106033E+01    1.105646E+01    1.105281E+01    1.104944E+01    1.104634E+01    1.104349E+01    1.104085E+01    1.103849E+01    1.103645E+01    1.103463E+01    1.103309E+01    1.103184E+01    1.103093E+01    1.103040E+01    1.103023E+01    1.103053E+01    1.103135E+01    1.103274E+01    1.103475E+01    1.103738E+01    1.104069E+01    1.104475E+01    1.104949E+01    1.105486E+01    1.106099E+01    1.106800E+01    1.107586E+01    1.108438E+01    1.109367E+01    1.110314E+01    1.111213E+01    1.112099E+01    1.113050E+01    1.114077E+01    1.115220E+01    1.116465E+01    1.117792E+01    1.119684E+01    1.122496E+01    1.126161E+01    1.129863E+01    1.133038E+01    1.136250E+01    1.139492E+01    1.142724E+01    1.145838E+01    1.148740E+01    1.151335E+01    1.153561E+01    1.155403E+01    1.156742E+01    1.157502E+01    1.157731E+01    1.157479E+01    1.156808E+01    1.155712E+01    1.154250E+01    1.152468E+01    1.150362E+01    1.147888E+01    1.145058E+01    1.141870E+01    1.138286E+01    1.134261E+01    1.129808E+01    1.124907E+01    1.119557E+01    1.113783E+01    1.107521E+01    1.100787E+01    1.093581E+01    1.085840E+01    1.077535E+01    1.068605E+01    1.058984E+01    1.048701E+01    1.037812E+01    1.026328E+01    1.000000E+30
   1.000000E+30    1.000000E+30    1.000000E+30    1.000000E+30    1.000000E+30    1.000000E+30    1.000000E+30    1.000000E+30    1.000000E+30    1.000000E+30    1.000000E+30    1.000000E+30    1.000000E+30    1.000000E+30    1.000000E+30    1.000000E+30    1.329147E+01    1.320151E+01    1.311265E+01    1.302673E+01    1.294339E+01    1.286290E+01    1.278556E+01    1.271138E+01    1.263936E+01    1.256912E+01    1.250076E+01    1.243394E+01    1.236867E+01    1.230523E+01    1.224340E+01    1.218341E+01    1.212520E+01    1.206857E+01    1.201360E+01    1.195995E+01    1.190778E+01    1.185732E+01    1.180879E+01    1.176219E+01    1.171733E+01    1.167406E+01    1.163228E+01    1.159188E+01    1.155282E+01    1.151526E+01    1.147925E+01    1.144504E+01    1.141265E+01    1.138181E+01    1.135233E+01    1.132409E+01    1.129709E+01    1.127146E+01    1.124727E+01    1.122450E+01    1.120311E+01    1.118308E+01    1.116449E+01    1.114724E+01    1.113181E+01    1.111939E+01    1.110842E+01    1.109848E+01    1.108967E+01    1.108187E+01    1.107489E+01    1.106865E+01    1.106304E+01    1.105800E+01    1.105347E+01    1.104947E+01    1.104595E+01    1.104276E+01    1.103993E+01    1.103748E+01    1.103539E+01    1.103367E+01    1.103224E+01    1.103116E+01    1.103041E+01    1.102998E+01    1.102993E+01    1.103028E+01    1.103105E+01    1.103223E+01    1.103388E+01    1.103611E+01    1.103896E+01    1.104248E+01    1.104674E+01    1.105173E+01    1.105750E+01    1.106403E+01    1.107134E+01    1.107947E+01    1.108865E+01    1.109884E+01    1.110992E+01    1.112173E+01    1.113425E+01    1.114647E+01    1.115766E+01    1.116851E+01    1.117984E+01    1.119294E+01    1.120714E+01    1.122194E+01    1.123952E+01    1.126383E+01    1.129800E+01    1.134124E+01    1.138302E+01    1.142179E+01    1.146203E+01    1.150340E+01    1.154447E+01    1.158346E+01    1.161894E+01    1.165028E+01    1.167669E+01    1.169789E+01    1.171406E+01    1.172341E+01    1.172716E+01    1.172584E+01    1.171983E+01    1.170944E+01    1.169522E+01    1.167752E+01    1.165614E+01    1.163090E+01    1.160154E+01    1.156810E+01    1.153095E+01    1.148940E+01    1.144333E+01    1.139300E+01    1.133831E+01    1.127941E+01    1.121583E+01    1.114750E+01    1.107469E+01    1.099688E+01    1.091350E+01    1.082426E+01    1.072829E+01    1.062553E+01    1.051630E+01    1.040161E+01    1.000000E+30
   1.000000E+30    1.000000E+30    1.000000E+30    1.000000E+30    1.000000E+30    1.000000E+30    1.000000E+30    1.000000E+30    1.000000E+30    1.000000E+30    1.000000E+30    1.000000E+30    1.000000E+30    1.000000E+30    1.000000E+30    1.000000E+30    1.328063E+01    1.318702E+01    1.309811E+01    1.301258E+01    1.293019E+01    1.285065E+01    1.277381E+01    1.270030E+01    1.262928E+01    1.255984E+01    1.249229E+01    1.242630E+01    1.236190E+01    1.229917E+01    1.223795E+01    1.217864E+01    1.212113E+01    1.206511E+01    1.201069E+01    1.195767E+01    1.190609E+01    1.185616E+01    1.180802E+01    1.176169E+01    1.171708E+01    1.167397E+01    1.163230E+01    1.159197E+01    1.155296E+01    1.151531E+01    1.147901E+01    1.144437E+01    1.141151E+01    1.138026E+01    1.135042E+01    1.132181E+01    1.129439E+01    1.126828E+01    1.124352E+01    1.122009E+01    1.119798E+01    1.117709E+01    1.115743E+01    1.113926E+01    1.112285E+01    1.110804E+01    1.109597E+01    1.108538E+01    1.107604E+01    1.106784E+01    1.106061E+01    1.105425E+01    1.104865E+01    1.104376E+01    1.103954E+01    1.103597E+01    1.103296E+01    1.103040E+01    1.102834E+01    1.102676E+01    1.102563E+01    1.102495E+01    1.102467E+01    1.102478E+01    1.102528E+01    1.102626E+01    1.102771E+01    1.102965E+01    1.103208E+01    1.103498E+01    1.103852E+01    1.104275E+01    1.104767E+01    1.105340E+01    1.105996E+01    1.106740E+01    1.107571E+01    1.108490E+01    1.109509E+01    1.110635E+01    1.111868E+01    1.113209E+01    1.114653E+01    1.116191E+01    1.117794E+01    1.119310E+01    1.120649E+01    1.121912E+01    1.123288E+01    1.124820E+01    1.126433E+01    1.128097E+01    1.130249E+01    1.133145E+01    1.137198E+01    1.142241E+01    1.147112E+01    1.151885E+01    1.156942E+01    1.162140E+01    1.167187E+01    1.171845E+01    1.176005E+01    1.179644E+01    1.182738E+01    1.185229E+01    1.187082E+01    1.188251E+01    1.188802E+01    1.188795E+01    1.188240E+01    1.187195E+01    1.185712E+01    1.183795E+01    1.181483E+01    1.178793E+01    1.175646E+01    1.172060E+01    1.168107E+01    1.163787E+01    1.159053E+01    1.153909E+01    1.148360E+01    1.142391E+01    1.135992E+01    1.129117E+01    1.121758E+01    1.113928E+01    1.105563E+01    1.096621E+01    1.087055E+01    1.076796E+01    1.065856E+01    1.054350E+01    1.000000E+30
   1.000000E+30    1.000000E+30    1.000000E+30    1.000000E+30    1.000000E+30    1.000000E+30    1.000000E+30    1.000000E+30    1.000000E+30    1.000000E+30    1.000000E+30    1.000000E+30    1.000000E+30    1.000000E+30    1.000000E+30    1.335533E+01    1.326342E+01    1.317258E+01    1.308458E+01    1.299962E+01    1.291810E+01    1.283937E+01    1.276311E+01    1.269033E+01    1.262016E+01    1.255150E+01    1.248471E+01    1.241957E+01    1.235604E+01    1.229401E+01    1.223347E+01    1.217490E+01    1.211803E+01    1.206267E+01    1.200885E+01    1.195642E+01    1.190542E+01    1.185604E+01    1.180831E+01    1.176226E+01    1.171798E+01    1.167523E+01    1.163378E+01    1.159348E+01    1.155447E+01    1.151681E+01    1.148036E+01    1.144536E+01    1.141210E+01    1.138049E+01    1.135031E+01    1.132136E+01    1.129359E+01    1.126708E+01    1.124186E+01    1.121790E+01    1.119514E+01    1.117351E+01    1.115299E+01    1.113382E+01    1.111650E+01    1.110100E+01    1.108670E+01    1.107483E+01    1.106472E+01    1.105601E+01    1.104837E+01    1.104176E+01    1.103607E+01    1.103126E+01    1.102729E+01    1.102406E+01    1.102145E+01    1.101949E+01    1.101813E+01    1.101733E+01    1.101707E+01    1.101736E+01    1.101816E+01    1.101944E+01    1.102122E+01    1.102356E+01    1.102649E+01    1.103001E+01    1.103411E+01    1.103879E+01    1.104426E+01    1.105053E+01    1.105764E+01    1.106566E+01    1.107462E+01    1.108457E+01    1.109556E+01    1.110777E+01    1.112114E+01    1.113565E+01    1.115129E+01    1.116805E+01    1.118599E+01    1.120519E+01    1.122530E+01    1.124393E+01    1.125957E+01    1.127394E+01    1.129019E+01    1.130708E+01    1.132434E+01    1.134249E+01    1.136617E+01    1.139850E+01    1.144606E+01    1.150456E+01    1.156277E+01    1.162238E+01    1.168573E+01    1.174944E+01    1.180944E+01    1.186346E+01    1.191150E+01    1.195348E+01    1.198959E+01    1.201820E+01    1.203947E+01    1.205381E+01    1.206085E+01    1.206104E+01    1.205490E+01    1.204313E+01    1.202598E+01    1.200399E+01    1.197782E+01    1.194788E+01    1.191408E+01    1.187589E+01    1.183414E+01    1.178914E+01    1.174076E+01    1.168851E+01    1.163236E+01    1.157191E+01    1.150721E+01    1.143805E+01    1.136406E+01    1.128537E+01    1.120168E+01    1.111214E+01    1.101671E+01    1.091438E+01    1.080520E+01    1.068966E+01    1.000000E+30
   1.000000E+30    1.000000E+30    1.000000E+30    1.000000E+30    1.000000E+30    1.000000E+30    1.000000E+30    1.000000E+30    1.000000E+30    1.000000E+30    1.000000E+30    1.000000E+30    1.000000E+30    1.000000E+30    1.000000E+30    1.334693E+01    1.325025E+01    1.315902E+01    1.307145E+01    1.298738E+01    1.290681E+01    1.282898E+01    1.275363E+01    1.268130E+01    1.261174E+01    1.254405E+01    1.247798E+01    1.241367E+01    1.235094E+01    1.228961E+01    1.222981E+01    1.217206E+01    1.211588E+01    1.206107E+01    1.200784E+01    1.195607E+01    1.190569E+01    1.185684E+01    1.180953E+01    1.176370E+01    1.171976E+01    1.167750E+01    1.163658E+01    1.159646E+01    1.155731E+01    1.151958E+01    1.148311E+01    1.144793E+01    1.141434E+01    1.138237E+01    1.135186E+01    1.132259E+01    1.129450E+01    1.126764E+01    1.124204E+01    1.121765E+01    1.119436E+01    1.117214E+01    1.115092E+01    1.113089E+01    1.111263E+01    1.109639E+01    1.108122E+01    1.106708E+01    1.105581E+01    1.104649E+01    1.103834E+01    1.103132E+01    1.102541E+01    1.102059E+01    1.101675E+01    1.101379E+01    1.101157E+01    1.101009E+01    1.100934E+01    1.100928E+01    1.100987E+01    1.101105E+01    1.101284E+01    1.101525E+01    1.101829E+01    1.102197E+01    1.102636E+01    1.103146E+01    1.103726E+01    1.104380E+01    1.105119E+01    1.105956E+01    1.106893E+01    1.107932E+01    1.109073E+01    1.110334E+01    1.111743E+01    1.113287E+01    1.114955E+01    1.116751E+01    1.118688E+01    1.120725E+01    1.122892E+01    1.125209E+01    1.127746E+01    1.130060E+01    1.131811E+01    1.133338E+01    1.135175E+01    1.137070E+01    1.138736E+01    1.140586E+01    1.142910E+01    1.146404E+01    1.151851E+01    1.158621E+01    1.165695E+01    1.173226E+01    1.181139E+01    1.188835E+01    1.195832E+01    1.202021E+01    1.207491E+01    1.212333E+01    1.216554E+01    1.219836E+01    1.222268E+01    1.223843E+01    1.224506E+01    1.224350E+01    1.223493E+01    1.222021E+01    1.219986E+01    1.217443E+01    1.214482E+01    1.211148E+01    1.207499E+01    1.203486E+01    1.199134E+01    1.194493E+01    1.189534E+01    1.184211E+01    1.178477E+01    1.172325E+01    1.165749E+01    1.158740E+01    1.151287E+01    1.143385E+01    1.135012E+01    1.126085E+01    1.116579E+01    1.106405E+01    1.095554E+01    1.084049E+01    1.000000E+30
   1.000000E+30    1.000000E+30    1.000000E+30    1.000000E+30    1.000000E+30    1.000000E+30    1.000000E+30    1.000000E+30    1.000000E+30    1.000000E+30    1.000000E+30    1.000000E+30    1.000000E+30    1.000000E+30    1.343364E+01    1.333354E+01    1.323740E+01    1.314594E+01    1.305887E+01    1.297589E+01    1.289621E+01    1.281911E+01    1.274468E+01    1.267295E+01    1.260414E+01    1.253742E+01    1.247206E+01    1.240851E+01    1.234650E+01    1.228594E+01    1.222700E+01    1.216995E+01    1.211447E+01    1.206031E+01    1.200764E+01    1.195650E+01    1.190670E+01    1.185847E+01    1.181188E+01    1.176657E+01    1.172273E+01    1.168057E+01    1.163989E+01    1.160002E+01    1.156103E+01    1.152339E+01    1.148709E+01    1.145196E+01    1.141812E+01    1.138575E+01    1.135493E+01    1.132543E+01    1.129706E+01    1.126987E+01    1.124392E+01    1.121917E+01    1.119548E+01    1.117279E+01    1.115105E+01    1.113040E+01    1.111136E+01    1.109410E+01    1.107828E+01    1.106285E+01    1.104980E+01    1.103943E+01    1.103065E+01    1.102308E+01    1.101683E+01    1.101186E+01    1.100801E+01    1.100521E+01    1.100333E+01    1.100230E+01    1.100209E+01    1.100268E+01    1.100405E+01    1.100609E+01    1.100884E+01    1.101233E+01    1.101659E+01    1.102162E+01    1.102746E+01    1.103415E+01    1.104165E+01    1.105004E+01    1.105944E+01    1.106999E+01    1.108164E+01    1.109440E+01    1.110849E+01    1.112420E+01    1.114152E+01    1.116026E+01    1.118047E+01    1.120226E+01    1.122557E+01    1.125025E+01    1.127720E+01    1.130763E+01    1.133966E+01    1.136595E+01    1.138588E+01    1.140545E+01    1.142585E+01    1.144233E+01    1.145587E+01    1.147133E+01    1.149015E+01    1.152599E+01    1.158591E+01    1.166412E+01    1.175109E+01    1.184956E+01    1.194961E+01    1.204165E+01    1.212170E+01    1.219077E+01    1.225124E+01    1.230597E+01    1.235365E+01    1.239013E+01    1.241664E+01    1.243226E+01    1.243653E+01    1.243191E+01    1.242053E+01    1.240270E+01    1.237919E+01    1.235063E+01    1.231798E+01    1.228169E+01    1.224209E+01    1.219976E+01    1.215437E+01    1.210617E+01    1.205470E+01    1.199996E+01    1.194131E+01    1.187842E+01    1.181138E+01    1.174030E+01    1.166505E+01    1.158546E+01    1.150149E+01    1.141223E+01    1.131736E+01    1.121638E+01    1.110868E+01    1.099461E+01    1.000000E+30
   1.000000E+30    1.000000E+30    1.000000E+30    1.000000E+30    1.000000E+30    1.000000E+30    1.000000E+30    1.000000E+30    1.000000E+30    1.000000E+30    1.000000E+30    1.000000E+30    1.000000E+30    1.000000E+30    1.342690E+01    1.332309E+01    1.322582E+01    1.313387E+01    1.304703E+01    1.296448E+01    1.288546E+01    1.280941E+01    1.273613E+01    1.266537E+01    1.259732E+01    1.253133E+01    1.246674E+01    1.240397E+01    1.234271E+01    1.228294E+01    1.222486E+01    1.216854E+01    1.211380E+01    1.206028E+01    1.200818E+01    1.195774E+01    1.190854E+01    1.186086E+01    1.181484E+01    1.176997E+01    1.172642E+01    1.168450E+01    1.164406E+01    1.160451E+01    1.156582E+01    1.152829E+01    1.149216E+01    1.145720E+01    1.142326E+01    1.139054E+01    1.135937E+01    1.132969E+01    1.130107E+01    1.127361E+01    1.124743E+01    1.122238E+01    1.119835E+01    1.117532E+01    1.115323E+01    1.113212E+01    1.111239E+01    1.109421E+01    1.107748E+01    1.106209E+01    1.104739E+01    1.103511E+01    1.102533E+01    1.101718E+01    1.101045E+01    1.100517E+01    1.100120E+01    1.099842E+01    1.099674E+01    1.099607E+01    1.099637E+01    1.099758E+01    1.099964E+01    1.100253E+01    1.100624E+01    1.101080E+01    1.101624E+01    1.102258E+01    1.102985E+01    1.103810E+01    1.104732E+01    1.105762E+01    1.106911E+01    1.108182E+01    1.109581E+01    1.111126E+01    1.112834E+01    1.114725E+01    1.116789E+01    1.119018E+01    1.121420E+01    1.124008E+01    1.126805E+01    1.129989E+01    1.133694E+01    1.137666E+01    1.141155E+01    1.144008E+01    1.146711E+01    1.149653E+01    1.152042E+01    1.153298E+01    1.154197E+01    1.154789E+01    1.155026E+01    1.158021E+01    1.164236E+01    1.173061E+01    1.184000E+01    1.197855E+01    1.210641E+01    1.221440E+01    1.230343E+01    1.237726E+01    1.243910E+01    1.249278E+01    1.254974E+01    1.258803E+01    1.260939E+01    1.262123E+01    1.262481E+01    1.262039E+01    1.260862E+01    1.258946E+01    1.256364E+01    1.253305E+01    1.249796E+01    1.245937E+01    1.241734E+01    1.237226E+01    1.232411E+01    1.227307E+01    1.221905E+01    1.216208E+01    1.210196E+01    1.203794E+01    1.196963E+01    1.189755E+01    1.182166E+01    1.174148E+01    1.165717E+01    1.156808E+01    1.147335E+01    1.137264E+01    1.126532E+01    1.115201E+01    1.000000E+30
   1.000000E+30    1.000000E+30    1.000000E+30    1.000000E+30    1.000000E+30    1.000000E+30    1.000000E+30    1.000000E+30    1.000000E+30    1.000000E+30    1.000000E+30    1.000000E+30    1.000000E+30    1.000000E+30    1.341552E+01    1.331185E+01    1.321464E+01    1.312275E+01    1.303589E+01    1.295360E+01    1.287528E+01    1.280006E+01    1.272765E+01    1.265816E+01    1.259100E+01    1.252564E+01    1.246192E+01    1.239993E+01    1.233954E+01    1.228062E+01    1.222330E+01    1.216772E+01    1.211371E+01    1.206093E+01    1.200955E+01    1.195966E+01    1.191109E+01    1.186392E+01    1.181821E+01    1.177377E+01    1.173064E+01    1.168906E+01    1.164893E+01    1.160989E+01    1.157163E+01    1.153423E+01    1.149823E+01    1.146342E+01    1.142954E+01    1.139665E+01    1.136513E+01    1.133523E+01    1.130646E+01    1.127875E+01    1.125236E+01    1.122714E+01    1.120286E+01    1.117957E+01    1.115723E+01    1.113580E+01    1.111560E+01    1.109670E+01    1.107915E+01    1.106315E+01    1.104849E+01    1.103498E+01    1.102335E+01    1.101369E+01    1.100627E+01    1.100069E+01    1.099648E+01    1.099359E+01    1.099196E+01    1.099154E+01    1.099226E+01    1.099402E+01    1.099677E+01    1.100045E+01    1.100509E+01    1.101071E+01    1.101731E+01    1.102494E+01    1.103365E+01    1.104347E+01    1.105444E+01    1.106664E+01    1.108019E+01    1.109519E+01    1.111182E+01    1.113016E+01    1.115040E+01    1.117261E+01    1.119673E+01    1.122279E+01    1.125084E+01    1.128159E+01    1.131764E+01    1.136035E+01    1.140637E+01    1.144814E+01    1.148545E+01    1.152020E+01    1.155579E+01    1.159362E+01    1.162450E+01    1.164346E+01    1.165272E+01    1.164829E+01    1.160008E+01    1.161517E+01    1.167631E+01    1.177223E+01    1.190989E+01    1.213224E+01    1.229197E+01    1.241251E+01    1.250671E+01    1.258099E+01    1.263577E+01    1.266531E+01    1.000000E+30    1.000000E+30    1.278859E+01    1.278965E+01    1.279173E+01    1.279104E+01    1.278444E+01    1.277017E+01    1.274710E+01    1.271723E+01    1.268144E+01    1.264124E+01    1.259812E+01    1.255152E+01    1.250088E+01    1.244702E+01    1.239018E+01    1.233029E+01    1.226759E+01    1.220204E+01    1.213267E+01    1.205969E+01    1.198321E+01    1.190275E+01    1.181808E+01    1.172897E+01    1.163455E+01    1.153414E+01    1.142701E+01    1.131378E+01    1.000000E+30
   1.000000E+30    1.000000E+30    1.000000E+30    1.000000E+30    1.000000E+30    1.000000E+30    1.000000E+30    1.000000E+30    1.000000E+30    1.000000E+30    1.000000E+30    1.000000E+30    1.000000E+30    1.350062E+01    1.339901E+01    1.329903E+01    1.320327E+01    1.311197E+01    1.302536E+01    1.294341E+01    1.286575E+01    1.279136E+01    1.271991E+01    1.265131E+01    1.258480E+01    1.252037E+01    1.245768E+01    1.239642E+01    1.233688E+01    1.227882E+01    1.222227E+01    1.216742E+01    1.211408E+01    1.206208E+01    1.201144E+01    1.196218E+01    1.191424E+01    1.186746E+01    1.182209E+01    1.177814E+01    1.173548E+01    1.169431E+01    1.165449E+01    1.161582E+01    1.157812E+01    1.154109E+01    1.150526E+01    1.147061E+01    1.143688E+01    1.140404E+01    1.137229E+01    1.134206E+01    1.131307E+01    1.128513E+01    1.125855E+01    1.123339E+01    1.120908E+01    1.118547E+01    1.116289E+01    1.114129E+01    1.112076E+01    1.110133E+01    1.108315E+01    1.106645E+01    1.105124E+01    1.103780E+01    1.102599E+01    1.101527E+01    1.100580E+01    1.099880E+01    1.099404E+01    1.099090E+01    1.098925E+01    1.098900E+01    1.099001E+01    1.099222E+01    1.099553E+01    1.099993E+01    1.100545E+01    1.101209E+01    1.101985E+01    1.102878E+01    1.103893E+01    1.105032E+01    1.106303E+01    1.107716E+01    1.109288E+01    1.111036E+01    1.112971E+01    1.115106E+01    1.117454E+01    1.120020E+01    1.122797E+01    1.125790E+01    1.129070E+01    1.133029E+01    1.137751E+01    1.142799E+01    1.147475E+01    1.151836E+01    1.156220E+01    1.160403E+01    1.164680E+01    1.169182E+01    1.172988E+01    1.176106E+01    1.178947E+01    1.180738E+01    1.000000E+30    1.000000E+30    1.000000E+30    1.000000E+30    1.000000E+30    1.000000E+30    1.000000E+30    1.000000E+30    1.000000E+30    1.000000E+30    1.000000E+30    1.000000E+30    1.000000E+30    1.000000E+30    1.000000E+30    1.000000E+30    1.000000E+30    1.293122E+01    1.292992E+01    1.292570E+01    1.291478E+01    1.289415E+01    1.286361E+01    1.282460E+01    1.278203E+01    1.273521E+01    1.268333E+01    1.262797E+01    1.256895E+01    1.250619E+01    1.244091E+01    1.237307E+01    1.230216E+01    1.222782E+01    1.215029E+01    1.206936E+01    1.198445E+01    1.189526E+01    1.180116E+01    1.170140E+01    1.159495E+01    1.148144E+01    1.000000E+30
   1.000000E+30    1.000000E+30    1.000000E+30    1.000000E+30    1.000000E+30    1.000000E+30    1.000000E+30    1.000000E+30    1.000000E+30    1.000000E+30    1.000000E+30    1.000000E+30    1.000000E+30    1.349107E+01    1.338590E+01    1.328669E+01    1.319211E+01    1.310157E+01    1.301536E+01    1.293382E+01    1.285673E+01    1.278321E+01    1.271269E+01    1.264497E+01    1.257925E+01    1.251568E+01    1.245397E+01    1.239350E+01    1.233465E+01    1.227735E+01    1.222165E+01    1.216753E+01    1.211486E+01    1.206362E+01    1.201375E+01    1.196516E+01    1.191776E+01    1.187151E+01    1.182658E+01    1.178309E+01    1.174090E+01    1.170015E+01    1.166071E+01    1.162238E+01    1.158517E+01    1.154863E+01    1.151308E+01    1.147867E+01    1.144513E+01    1.141245E+01    1.138078E+01    1.135032E+01    1.132101E+01    1.129291E+01    1.126616E+01    1.124076E+01    1.121637E+01    1.119279E+01    1.117013E+01    1.114842E+01    1.112776E+01    1.110802E+01    1.108943E+01    1.107225E+01    1.105654E+01    1.104244E+01    1.102996E+01    1.101895E+01    1.100936E+01    1.100092E+01    1.099440E+01    1.099059E+01    1.098880E+01    1.098860E+01    1.098983E+01    1.099238E+01    1.099616E+01    1.100117E+01    1.100746E+01    1.101504E+01    1.102392E+01    1.103414E+01    1.104573E+01    1.105870E+01    1.107319E+01    1.108934E+01    1.110736E+01    1.112736E+01    1.114954E+01    1.117401E+01    1.120085E+01    1.123004E+01    1.126156E+01    1.129611E+01    1.133843E+01    1.138941E+01    1.144324E+01    1.149434E+01    1.154253E+01    1.159256E+01    1.164293E+01    1.169220E+01    1.174413E+01    1.179813E+01    1.184524E+01    1.189498E+01    1.195137E+01    1.198120E+01    1.000000E+30    1.000000E+30    1.000000E+30    1.000000E+30    1.000000E+30    1.000000E+30    1.000000E+30    1.000000E+30    1.000000E+30    1.000000E+30    1.000000E+30    1.000000E+30    1.000000E+30    1.000000E+30    1.000000E+30    1.000000E+30    1.000000E+30    1.000000E+30    1.000000E+30    1.000000E+30    1.305563E+01    1.305165E+01    1.303798E+01    1.300603E+01    1.296917E+01    1.292380E+01    1.286978E+01    1.281372E+01    1.275376E+01    1.268906E+01    1.262177E+01    1.255178E+01    1.247877E+01    1.240261E+01    1.232346E+01    1.224145E+01    1.215613E+01    1.206682E+01    1.197283E+01    1.187374E+01    1.176850E+01    1.165595E+01    1.000000E+30
   1.000000E+30    1.000000E+30    1.000000E+30    1.000000E+30    1.000000E+30    1.000000E+30    1.000000E+30    1.000000E+30    1.000000E+30    1.000000E+30    1.000000E+30    1.000000E+30    1.357630E+01    1.347397E+01    1.337229E+01    1.327468E+01    1.318126E+01    1.309152E+01    1.300585E+01    1.292492E+01    1.284851E+01    1.277582E+01    1.270605E+01    1.263895E+01    1.257414E+01    1.251150E+01    1.245065E+01    1.239101E+01    1.233288E+01    1.227637E+01    1.222147E+01    1.216799E+01    1.211595E+01    1.206545E+01    1.201632E+01    1.196844E+01    1.192166E+01    1.187601E+01    1.183160E+01    1.178854E+01    1.174681E+01    1.170648E+01    1.166749E+01    1.162958E+01    1.159278E+01    1.155678E+01    1.152162E+01    1.148752E+01    1.145422E+01    1.142174E+01    1.139029E+01    1.135990E+01    1.133047E+01    1.130215E+01    1.127517E+01    1.124956E+01    1.122498E+01    1.120139E+01    1.117873E+01    1.115699E+01    1.113635E+01    1.111650E+01    1.109767E+01    1.108021E+01    1.106412E+01    1.104949E+01    1.103638E+01    1.102481E+01    1.101477E+01    1.100631E+01    1.099891E+01    1.099341E+01    1.099089E+01    1.099054E+01    1.099183E+01    1.099460E+01    1.099875E+01    1.100431E+01    1.101130E+01    1.101975E+01    1.102967E+01    1.104112E+01    1.105413E+01    1.106871E+01    1.108500E+01    1.110326E+01    1.112364E+01    1.114632E+01    1.117141E+01    1.119902E+01    1.122919E+01    1.126229E+01    1.129843E+01    1.134253E+01    1.139631E+01    1.145233E+01    1.150629E+01    1.155842E+01    1.161311E+01    1.166995E+01    1.172723E+01    1.178482E+01    1.184809E+01    1.191205E+01    1.197365E+01    1.205595E+01    1.214093E+01    1.216670E+01    1.000000E+30    1.000000E+30    1.000000E+30    1.000000E+30    1.000000E+30    1.000000E+30    1.000000E+30    1.000000E+30    1.000000E+30    1.000000E+30    1.000000E+30    1.000000E+30    1.000000E+30    1.000000E+30    1.000000E+30    1.000000E+30    1.000000E+30    1.000000E+30    1.000000E+30    1.000000E+30    1.000000E+30    1.000000E+30    1.000000E+30    1.317224E+01    1.315353E+01    1.311592E+01    1.305663E+01    1.300313E+01    1.294309E+01    1.287514E+01    1.280678E+01    1.273482E+01    1.265878E+01    1.258075E+01    1.250022E+01    1.241683E+01    1.233083E+01    1.224153E+01    1.214799E+01    1.204948E+01    1.194541E+01    1.183498E+01    1.000000E+30
   1.000000E+30    1.000000E+30    1.000000E+30    1.000000E+30    1.000000E+30    1.000000E+30    1.000000E+30    1.000000E+30    1.000000E+30    1.000000E+30    1.000000E+30    1.000000E+30    1.356501E+01    1.345998E+01    1.335955E+01    1.326333E+01    1.317102E+01    1.308209E+01    1.299705E+01    1.291674E+01    1.284097E+01    1.276894E+01    1.269991E+01    1.263355E+01    1.256948E+01    1.250765E+01    1.244773E+01    1.238899E+01    1.233163E+01    1.227585E+01    1.222168E+01    1.216888E+01    1.211746E+01    1.206757E+01    1.201910E+01    1.197194E+01    1.192581E+01    1.188075E+01    1.183698E+01    1.179446E+01    1.175321E+01    1.171332E+01    1.167477E+01    1.163736E+01    1.160098E+01    1.156552E+01    1.153083E+01    1.149711E+01    1.146412E+01    1.143188E+01    1.140067E+01    1.137048E+01    1.134115E+01    1.131279E+01    1.128565E+01    1.125984E+01    1.123514E+01    1.121148E+01    1.118879E+01    1.116699E+01    1.114636E+01    1.112660E+01    1.110765E+01    1.108999E+01    1.107367E+01    1.105872E+01    1.104518E+01    1.103316E+01    1.102268E+01    1.101380E+01    1.100654E+01    1.100057E+01    1.099634E+01    1.099507E+01    1.099610E+01    1.099893E+01    1.100337E+01    1.100939E+01    1.101701E+01    1.102627E+01    1.103718E+01    1.104981E+01    1.106419E+01    1.108040E+01    1.109860E+01    1.111907E+01    1.114190E+01    1.116729E+01    1.119529E+01    1.122590E+01    1.125975E+01    1.129750E+01    1.134280E+01    1.139833E+01    1.145600E+01    1.151151E+01    1.156657E+01    1.162472E+01    1.168619E+01    1.174985E+01    1.181439E+01    1.188158E+01    1.195668E+01    1.203000E+01    1.211621E+01    1.223690E+01    1.236870E+01    1.000000E+30    1.000000E+30    1.000000E+30    1.000000E+30    1.000000E+30    1.000000E+30    1.000000E+30    1.000000E+30    1.000000E+30    1.000000E+30    1.000000E+30    1.000000E+30    1.000000E+30    1.000000E+30    1.000000E+30    1.000000E+30    1.000000E+30    1.000000E+30    1.000000E+30    1.000000E+30    1.000000E+30    1.000000E+30    1.000000E+30    1.000000E+30    1.000000E+30    1.000000E+30    1.000000E+30    1.322986E+01    1.319599E+01    1.313936E+01    1.306001E+01    1.299388E+01    1.292117E+01    1.283959E+01    1.275962E+01    1.267823E+01    1.259480E+01    1.250830E+01    1.241888E+01    1.232617E+01    1.222884E+01    1.212622E+01    1.201748E+01    1.000000E+30
   1.000000E+30    1.000000E+30    1.000000E+30    1.000000E+30    1.000000E+30    1.000000E+30    1.000000E+30    1.000000E+30    1.000000E+30    1.000000E+30    1.000000E+30    1.364574E+01    1.354572E+01    1.344476E+01    1.334665E+01    1.325224E+01    1.316135E+01    1.307343E+01    1.298913E+01    1.290945E+01    1.283426E+01    1.276278E+01    1.269436E+01    1.262872E+01    1.256537E+01    1.250418E+01    1.244513E+01    1.238739E+01    1.233078E+01    1.227573E+01    1.222228E+01    1.217010E+01    1.211929E+01    1.207003E+01    1.202220E+01    1.197567E+01    1.193019E+01    1.188576E+01    1.184257E+01    1.180069E+01    1.176001E+01    1.172061E+01    1.168251E+01    1.164556E+01    1.160968E+01    1.157478E+01    1.154071E+01    1.150741E+01    1.147476E+01    1.144283E+01    1.141188E+01    1.138191E+01    1.135279E+01    1.132459E+01    1.129746E+01    1.127155E+01    1.124675E+01    1.122305E+01    1.120037E+01    1.117861E+01    1.115796E+01    1.113826E+01    1.111931E+01    1.110150E+01    1.108502E+01    1.106993E+01    1.105610E+01    1.104374E+01    1.103293E+01    1.102373E+01    1.101615E+01    1.101029E+01    1.100587E+01    1.100302E+01    1.100297E+01    1.100545E+01    1.101005E+01    1.101647E+01    1.102467E+01    1.103468E+01    1.104654E+01    1.106026E+01    1.107598E+01    1.109389E+01    1.111416E+01    1.113693E+01    1.116214E+01    1.119016E+01    1.122098E+01    1.125472E+01    1.129339E+01    1.134017E+01    1.139646E+01    1.145496E+01    1.151151E+01    1.156863E+01    1.162906E+01    1.169338E+01    1.176142E+01    1.183187E+01    1.190388E+01    1.198206E+01    1.206652E+01    1.215147E+01    1.226679E+01    1.239888E+01    1.249064E+01    1.000000E+30    1.000000E+30    1.000000E+30    1.000000E+30    1.000000E+30    1.000000E+30    1.000000E+30    1.000000E+30    1.000000E+30    1.000000E+30    1.000000E+30    1.000000E+30    1.000000E+30    1.000000E+30    1.000000E+30    1.000000E+30    1.000000E+30    1.000000E+30    1.000000E+30    1.000000E+30    1.000000E+30    1.000000E+30    1.000000E+30    1.000000E+30    1.000000E+30    1.000000E+30    1.000000E+30    1.000000E+30    1.000000E+30    1.000000E+30    1.322874E+01    1.318460E+01    1.311487E+01    1.301907E+01    1.294014E+01    1.285729E+01    1.277564E+01    1.269018E+01    1.260036E+01    1.250860E+01    1.241312E+01    1.231229E+01    1.220534E+01    1.000000E+30
   1.000000E+30    1.000000E+30    1.000000E+30    1.000000E+30    1.000000E+30    1.000000E+30    1.000000E+30    1.000000E+30    1.000000E+30    1.000000E+30    1.000000E+30    1.363346E+01    1.353001E+01    1.343035E+01    1.333410E+01    1.324142E+01    1.315201E+01    1.306542E+01    1.298213E+01    1.290311E+01    1.282848E+01    1.275750E+01    1.268962E+01    1.262456E+01    1.256178E+01    1.250118E+01    1.244285E+01    1.238604E+01    1.233035E+01    1.227605E+01    1.222318E+01    1.217155E+01    1.212134E+01    1.207273E+01    1.202557E+01    1.197967E+01    1.193484E+01    1.189110E+01    1.184852E+01    1.180722E+01    1.176713E+01    1.172824E+01    1.169064E+01    1.165419E+01    1.161878E+01    1.158431E+01    1.155085E+01    1.151826E+01    1.148611E+01    1.145454E+01    1.142388E+01    1.139416E+01    1.136526E+01    1.133731E+01    1.131036E+01    1.128451E+01    1.125971E+01    1.123601E+01    1.121339E+01    1.119171E+01    1.117120E+01    1.115158E+01    1.113268E+01    1.111478E+01    1.109816E+01    1.108297E+01    1.106903E+01    1.105645E+01    1.104538E+01    1.103595E+01    1.102813E+01    1.102201E+01    1.101762E+01    1.101490E+01    1.101353E+01    1.101479E+01    1.101902E+01    1.102574E+01    1.103448E+01    1.104517E+01    1.105785E+01    1.107259E+01    1.108972E+01    1.110950E+01    1.113183E+01    1.115666E+01    1.118423E+01    1.121485E+01    1.124847E+01    1.128711E+01    1.133503E+01    1.139180E+01    1.145020E+01    1.150743E+01    1.156591E+01    1.162776E+01    1.169340E+01    1.176398E+01    1.183865E+01    1.191543E+01    1.199565E+01    1.208457E+01    1.217554E+01    1.228017E+01    1.242421E+01    1.257901E+01    1.000000E+30    1.000000E+30    1.000000E+30    1.000000E+30    1.000000E+30    1.000000E+30    1.000000E+30    1.000000E+30    1.000000E+30    1.000000E+30    1.000000E+30    1.000000E+30    1.000000E+30    1.000000E+30    1.000000E+30    1.000000E+30    1.000000E+30    1.000000E+30    1.000000E+30    1.000000E+30    1.000000E+30    1.000000E+30    1.000000E+30    1.000000E+30    1.000000E+30    1.000000E+30    1.000000E+30    1.000000E+30    1.000000E+30    1.000000E+30    1.000000E+30    1.000000E+30    1.000000E+30    1.000000E+30    1.318077E+01    1.312552E+01    1.303642E+01    1.296021E+01    1.287731E+01    1.278545E+01    1.269525E+01    1.260266E+01    1.250428E+01    1.239982E+01    1.000000E+30
   1.000000E+30    1.000000E+30    1.000000E+30    1.000000E+30    1.000000E+30    1.000000E+30    1.000000E+30    1.000000E+30    1.000000E+30    1.000000E+30    1.371017E+01    1.361244E+01    1.351319E+01    1.341620E+01    1.332211E+01    1.323111E+01    1.314314E+01    1.305795E+01    1.297583E+01    1.289771E+01    1.282378E+01    1.275329E+01    1.268578E+01    1.262107E+01    1.255881E+01    1.249894E+01    1.244114E+01    1.238499E+01    1.233018E+01    1.227654E+01    1.222416E+01    1.217311E+01    1.212355E+01    1.207560E+01    1.202910E+01    1.198387E+01    1.193977E+01    1.189675E+01    1.185486E+01    1.181419E+01    1.177473E+01    1.173643E+01    1.169929E+01    1.166324E+01    1.162827E+01    1.159426E+01    1.156124E+01    1.152923E+01    1.149785E+01    1.146691E+01    1.143667E+01    1.140722E+01    1.137856E+01    1.135085E+01    1.132417E+01    1.129848E+01    1.127383E+01    1.125025E+01    1.122769E+01    1.120612E+01    1.118574E+01    1.116634E+01    1.114764E+01    1.112984E+01    1.111315E+01    1.109776E+01    1.108373E+01    1.107107E+01    1.105985E+01    1.105020E+01    1.104221E+01    1.103590E+01    1.103133E+01    1.102870E+01    1.102785E+01    1.102835E+01    1.103119E+01    1.103754E+01    1.104661E+01    1.105780E+01    1.107122E+01    1.108712E+01    1.110586E+01    1.112728E+01    1.115137E+01    1.117837E+01    1.120837E+01    1.124139E+01    1.127902E+01    1.132669E+01    1.138413E+01    1.144261E+01    1.150009E+01    1.155956E+01    1.162197E+01    1.168811E+01    1.175921E+01    1.183642E+01    1.191708E+01    1.200005E+01    1.208943E+01    1.218668E+01    1.228570E+01    1.241410E+01    1.256443E+01    1.267908E+01    1.000000E+30    1.000000E+30    1.000000E+30    1.000000E+30    1.000000E+30    1.000000E+30    1.000000E+30    1.000000E+30    1.000000E+30    1.000000E+30    1.000000E+30    1.000000E+30    1.000000E+30    1.000000E+30    1.000000E+30    1.000000E+30    1.000000E+30    1.000000E+30    1.000000E+30    1.000000E+30    1.000000E+30    1.000000E+30    1.000000E+30    1.000000E+30    1.000000E+30    1.000000E+30    1.000000E+30    1.000000E+30    1.000000E+30    1.000000E+30    1.000000E+30    1.000000E+30    1.000000E+30    1.000000E+30    1.000000E+30    1.000000E+30    1.320343E+01    1.315262E+01    1.307418E+01    1.297079E+01    1.288662E+01    1.279866E+01    1.270315E+01    1.260379E+01    1.000000E+30
   1.000000E+30    1.000000E+30    1.000000E+30    1.000000E+30    1.000000E+30    1.000000E+30    1.000000E+30    1.000000E+30    1.000000E+30    1.000000E+30    1.369831E+01    1.359579E+01    1.349736E+01    1.340235E+01    1.331038E+01    1.322130E+01    1.313489E+01    1.305098E+01    1.297000E+01    1.289292E+01    1.281989E+01    1.275010E+01    1.268302E+01    1.261858E+01    1.255670E+01    1.249736E+01    1.244014E+01    1.238450E+01    1.233016E+01    1.227698E+01    1.222516E+01    1.217483E+01    1.212597E+01    1.207861E+01    1.203272E+01    1.198820E+01    1.194487E+01    1.190258E+01    1.186144E+01    1.182148E+01    1.178274E+01    1.174514E+01    1.170853E+01    1.167299E+01    1.163841E+01    1.160477E+01    1.157216E+01    1.154054E+01    1.150980E+01    1.147962E+01    1.145004E+01    1.142103E+01    1.139265E+01    1.136520E+01    1.133881E+01    1.131336E+01    1.128890E+01    1.126553E+01    1.124313E+01    1.122166E+01    1.120137E+01    1.118217E+01    1.116375E+01    1.114623E+01    1.112975E+01    1.111434E+01    1.110017E+01    1.108743E+01    1.107618E+01    1.106646E+01    1.105833E+01    1.105186E+01    1.104717E+01    1.104440E+01    1.104364E+01    1.104479E+01    1.104749E+01    1.105251E+01    1.106142E+01    1.107266E+01    1.108688E+01    1.110405E+01    1.112420E+01    1.114726E+01    1.117329E+01    1.120235E+01    1.123455E+01    1.127043E+01    1.131554E+01    1.137272E+01    1.143206E+01    1.148978E+01    1.154989E+01    1.161258E+01    1.167883E+01    1.174970E+01    1.182708E+01    1.191036E+01    1.199590E+01    1.208542E+01    1.218414E+01    1.228719E+01    1.239888E+01    1.255156E+01    1.271903E+01    1.000000E+30    1.000000E+30    1.000000E+30    1.000000E+30    1.000000E+30    1.000000E+30    1.000000E+30    1.000000E+30    1.000000E+30    1.000000E+30    1.000000E+30    1.000000E+30    1.000000E+30    1.000000E+30    1.000000E+30    1.000000E+30    1.000000E+30    1.000000E+30    1.000000E+30    1.000000E+30    1.000000E+30    1.000000E+30    1.000000E+30    1.000000E+30    1.000000E+30    1.000000E+30    1.000000E+30    1.000000E+30    1.000000E+30    1.000000E+30    1.000000E+30    1.000000E+30    1.000000E+30    1.000000E+30    1.000000E+30    1.000000E+30    1.000000E+30    1.000000E+30    1.000000E+30    1.000000E+30    1.313696E+01    1.308297E+01    1.300353E+01    1.290748E+01    1.282352E+01    1.000000E+30
   1.000000E+30    1.000000E+30    1.000000E+30    1.000000E+30    1.000000E+30    1.000000E+30    1.000000E+30    1.000000E+30    1.000000E+30    1.000000E+30    1.368032E+01    1.357854E+01    1.348171E+01    1.338866E+01    1.329881E+01    1.321173E+01    1.312692E+01    1.304415E+01    1.296425E+01    1.288841E+01    1.281652E+01    1.274763E+01    1.268114E+01    1.261710E+01    1.255553E+01    1.249636E+01    1.243952E+01    1.238429E+01    1.233035E+01    1.227786E+01    1.222670E+01    1.217695E+01    1.212861E+01    1.208181E+01    1.203656E+01    1.199278E+01    1.195017E+01    1.190860E+01    1.186818E+01    1.182900E+01    1.179099E+01    1.175409E+01    1.171823E+01    1.168326E+01    1.164919E+01    1.161600E+01    1.158380E+01    1.155253E+01    1.152225E+01    1.149272E+01    1.146371E+01    1.143532E+01    1.140746E+01    1.138036E+01    1.135428E+01    1.132911E+01    1.130486E+01    1.128172E+01    1.125957E+01    1.123827E+01    1.121809E+01    1.119903E+01    1.118087E+01    1.116362E+01    1.114747E+01    1.113237E+01    1.111832E+01    1.110559E+01    1.109434E+01    1.108463E+01    1.107645E+01    1.106988E+01    1.106512E+01    1.106226E+01    1.106140E+01    1.106264E+01    1.106599E+01    1.107134E+01    1.107899E+01    1.108989E+01    1.110502E+01    1.112330E+01    1.114479E+01    1.116948E+01    1.119735E+01    1.122847E+01    1.126294E+01    1.130364E+01    1.135730E+01    1.141824E+01    1.147700E+01    1.153715E+01    1.160021E+01    1.166649E+01    1.173689E+01    1.181303E+01    1.189649E+01    1.198448E+01    1.207480E+01    1.217204E+01    1.227890E+01    1.238562E+01    1.251752E+01    1.267892E+01    1.280862E+01    1.000000E+30    1.000000E+30    1.000000E+30    1.000000E+30    1.000000E+30    1.000000E+30    1.000000E+30    1.000000E+30    1.000000E+30    1.000000E+30    1.000000E+30    1.000000E+30    1.000000E+30    1.000000E+30    1.000000E+30    1.000000E+30    1.000000E+30    1.000000E+30    1.000000E+30    1.000000E+30    1.000000E+30    1.000000E+30    1.000000E+30    1.000000E+30    1.000000E+30    1.000000E+30    1.000000E+30    1.000000E+30    1.000000E+30    1.000000E+30    1.000000E+30    1.000000E+30    1.000000E+30    1.000000E+30    1.000000E+30    1.000000E+30    1.000000E+30    1.000000E+30    1.000000E+30    1.000000E+30    1.000000E+30    1.000000E+30    1.000000E+30    1.309888E+01    1.307141E+01    1.000000E+30
   1.000000E+30    1.000000E+30    1.000000E+30    1.000000E+30    1.000000E+30    1.000000E+30    1.000000E+30    1.000000E+30    1.000000E+30    1.375020E+01    1.365614E+01    1.355981E+01    1.346587E+01    1.337514E+01    1.328738E+01    1.320211E+01    1.311874E+01    1.303724E+01    1.295867E+01    1.288415E+01    1.281340E+01    1.274547E+01    1.267980E+01    1.261637E+01    1.255525E+01    1.249640E+01    1.243984E+01    1.238484E+01    1.233120E+01    1.227924E+01    1.222870E+01    1.217945E+01    1.213153E+01    1.208513E+01    1.204039E+01    1.199738E+01    1.195561E+01    1.191474E+01    1.187499E+01    1.183653E+01    1.179937E+01    1.176331E+01    1.172827E+01    1.169392E+01    1.166036E+01    1.162776E+01    1.159605E+01    1.156530E+01    1.153550E+01    1.150646E+01    1.147793E+01    1.145006E+01    1.142282E+01    1.139625E+01    1.137053E+01    1.134572E+01    1.132181E+01    1.129892E+01    1.127703E+01    1.125604E+01    1.123606E+01    1.121713E+01    1.119919E+01    1.118225E+01    1.116640E+01    1.115166E+01    1.113795E+01    1.112540E+01    1.111426E+01    1.110463E+01    1.109653E+01    1.109001E+01    1.108524E+01    1.108233E+01    1.108146E+01    1.108271E+01    1.108620E+01    1.109195E+01    1.109961E+01    1.111060E+01    1.112590E+01    1.114476E+01    1.116747E+01    1.119382E+01    1.122352E+01    1.125687E+01    1.129407E+01    1.134048E+01    1.140006E+01    1.146248E+01    1.152241E+01    1.158545E+01    1.165165E+01    1.172156E+01    1.179621E+01    1.187772E+01    1.196679E+01    1.205891E+01    1.215504E+01    1.226149E+01    1.237312E+01    1.248907E+01    1.264521E+01    1.282280E+01    1.000000E+30    1.000000E+30    1.000000E+30    1.000000E+30    1.000000E+30    1.000000E+30    1.000000E+30    1.000000E+30    1.000000E+30    1.000000E+30    1.000000E+30    1.000000E+30    1.000000E+30    1.000000E+30    1.000000E+30    1.000000E+30    1.000000E+30    1.000000E+30    1.000000E+30    1.000000E+30    1.000000E+30    1.000000E+30    1.000000E+30    1.000000E+30    1.000000E+30    1.000000E+30    1.000000E+30    1.000000E+30    1.000000E+30    1.000000E+30    1.000000E+30    1.000000E+30    1.000000E+30    1.000000E+30    1.000000E+30    1.000000E+30    1.000000E+30    1.000000E+30    1.000000E+30    1.000000E+30    1.000000E+30    1.000000E+30    1.000000E+30    1.000000E+30    1.000000E+30    1.000000E+30    1.000000E+30
   1.000000E+30    1.000000E+30    1.000000E+30    1.000000E+30    1.000000E+30    1.000000E+30    1.000000E+30    1.000000E+30    1.000000E+30    1.373633E+01    1.363741E+01    1.354237E+01    1.345049E+01    1.336178E+01    1.327592E+01    1.319241E+01    1.311058E+01    1.303060E+01    1.295358E+01    1.288030E+01    1.281047E+01    1.274336E+01    1.267856E+01    1.261595E+01    1.255526E+01    1.249680E+01    1.244078E+01    1.238632E+01    1.233314E+01    1.228157E+01    1.223145E+01    1.218266E+01    1.213518E+01    1.208917E+01    1.204474E+01    1.200213E+01    1.196108E+01    1.192110E+01    1.188218E+01    1.184449E+01    1.180804E+01    1.177269E+01    1.173837E+01    1.170481E+01    1.167187E+01    1.163983E+01    1.160868E+01    1.157851E+01    1.154933E+01    1.152092E+01    1.149292E+01    1.146549E+01    1.143882E+01    1.141287E+01    1.138766E+01    1.136324E+01    1.133970E+01    1.131716E+01    1.129559E+01    1.127491E+01    1.125528E+01    1.123657E+01    1.121885E+01    1.120221E+01    1.118671E+01    1.117228E+01    1.115889E+01    1.114665E+01    1.113570E+01    1.112629E+01    1.111841E+01    1.111208E+01    1.110743E+01    1.110465E+01    1.110389E+01    1.110533E+01    1.110892E+01    1.111480E+01    1.112357E+01    1.113556E+01    1.115049E+01    1.116968E+01    1.119329E+01    1.122063E+01    1.125184E+01    1.128751E+01    1.132828E+01    1.138042E+01    1.144310E+01    1.150664E+01    1.156899E+01    1.163493E+01    1.170442E+01    1.177788E+01    1.185679E+01    1.194419E+01    1.203785E+01    1.213421E+01    1.223801E+01    1.235261E+01    1.246620E+01    1.259928E+01    1.276562E+01    1.290722E+01    1.000000E+30    1.000000E+30    1.000000E+30    1.000000E+30    1.000000E+30    1.000000E+30    1.000000E+30    1.000000E+30    1.000000E+30    1.000000E+30    1.000000E+30    1.000000E+30    1.000000E+30    1.000000E+30    1.000000E+30    1.000000E+30    1.000000E+30    1.000000E+30    1.000000E+30    1.000000E+30    1.000000E+30    1.000000E+30    1.000000E+30    1.000000E+30    1.000000E+30    1.000000E+30    1.000000E+30    1.000000E+30    1.000000E+30    1.000000E+30    1.000000E+30    1.000000E+30    1.000000E+30    1.000000E+30    1.000000E+30    1.000000E+30    1.000000E+30    1.000000E+30    1.000000E+30    1.000000E+30    1.000000E+30    1.000000E+30    1.000000E+30    1.000000E+30    1.000000E+30    1.000000E+30    1.000000E+30
   1.000000E+30    1.000000E+30    1.000000E+30    1.000000E+30    1.000000E+30    1.000000E+30    1.000000E+30    1.000000E+30    1.380722E+01    1.371326E+01    1.361828E+01    1.352551E+01    1.343557E+01    1.334860E+01    1.326445E+01    1.318266E+01    1.310266E+01    1.302455E+01    1.294907E+01    1.287683E+01    1.280775E+01    1.274134E+01    1.267735E+01    1.261562E+01    1.255561E+01    1.249751E+01    1.244199E+01    1.238835E+01    1.233594E+01    1.228490E+01    1.223519E+01    1.218683E+01    1.213972E+01    1.209398E+01    1.204985E+01    1.200751E+01    1.196689E+01    1.192773E+01    1.188975E+01    1.185285E+01    1.181715E+01    1.178262E+01    1.174898E+01    1.171605E+01    1.168379E+01    1.165236E+01    1.162181E+01    1.159230E+01    1.156375E+01    1.153592E+01    1.150858E+01    1.148170E+01    1.145555E+01    1.143021E+01    1.140565E+01    1.138181E+01    1.135871E+01    1.133648E+01    1.131520E+01    1.129486E+01    1.127559E+01    1.125722E+01    1.123977E+01    1.122338E+01    1.120817E+01    1.119404E+01    1.118097E+01    1.116905E+01    1.115840E+01    1.114928E+01    1.114173E+01    1.113573E+01    1.113139E+01    1.112892E+01    1.112842E+01    1.113004E+01    1.113380E+01    1.114032E+01    1.115009E+01    1.116323E+01    1.117950E+01    1.119928E+01    1.122311E+01    1.125137E+01    1.128447E+01    1.132232E+01    1.136736E+01    1.142307E+01    1.148670E+01    1.155181E+01    1.161695E+01    1.168602E+01    1.175868E+01    1.183549E+01    1.191915E+01    1.201215E+01    1.210934E+01    1.221093E+01    1.232397E+01    1.244381E+01    1.256404E+01    1.272071E+01    1.290395E+01    1.000000E+30    1.000000E+30    1.000000E+30    1.000000E+30    1.000000E+30    1.000000E+30    1.000000E+30    1.000000E+30    1.000000E+30    1.000000E+30    1.000000E+30    1.000000E+30    1.000000E+30    1.000000E+30    1.000000E+30    1.000000E+30    1.000000E+30    1.000000E+30    1.000000E+30    1.000000E+30    1.000000E+30    1.000000E+30    1.000000E+30    1.000000E+30    1.000000E+30    1.000000E+30    1.000000E+30    1.000000E+30    1.000000E+30    1.000000E+30    1.000000E+30    1.000000E+30    1.000000E+30    1.000000E+30    1.000000E+30    1.000000E+30    1.000000E+30    1.000000E+30    1.000000E+30    1.000000E+30    1.000000E+30    1.000000E+30    1.000000E+30    1.000000E+30    1.000000E+30    1.000000E+30    1.000000E+30    1.000000E+30
   1.000000E+30    1.000000E+30    1.000000E+30    1.000000E+30    1.000000E+30    1.000000E+30    1.000000E+30    1.000000E+30    1.379323E+01    1.369482E+01    1.360066E+01    1.350952E+01    1.342127E+01    1.333588E+01    1.325321E+01    1.317296E+01    1.309477E+01    1.301861E+01    1.294478E+01    1.287364E+01    1.280528E+01    1.273954E+01    1.267631E+01    1.261545E+01    1.255643E+01    1.249894E+01    1.244382E+01    1.239089E+01    1.233931E+01    1.228898E+01    1.223983E+01    1.219187E+01    1.214511E+01    1.209966E+01    1.205588E+01    1.201387E+01    1.197352E+01    1.193485E+01    1.189765E+01    1.186165E+01    1.182676E+01    1.179297E+01    1.176003E+01    1.172777E+01    1.169619E+01    1.166540E+01    1.163551E+01    1.160670E+01    1.157880E+01    1.155149E+01    1.152479E+01    1.149862E+01    1.147309E+01    1.144833E+01    1.142440E+01    1.140124E+01    1.137876E+01    1.135701E+01    1.133605E+01    1.131606E+01    1.129709E+01    1.127911E+01    1.126195E+01    1.124583E+01    1.123082E+01    1.121692E+01    1.120417E+01    1.119260E+01    1.118236E+01    1.117351E+01    1.116627E+01    1.116059E+01    1.115664E+01    1.115455E+01    1.115449E+01    1.115639E+01    1.116080E+01    1.116807E+01    1.117854E+01    1.119241E+01    1.121000E+01    1.123183E+01    1.125741E+01    1.128712E+01    1.132195E+01    1.136266E+01    1.141097E+01    1.146663E+01    1.153057E+01    1.159862E+01    1.166709E+01    1.173904E+01    1.181426E+01    1.189424E+01    1.198320E+01    1.208070E+01    1.218117E+01    1.228953E+01    1.241135E+01    1.253352E+01    1.266698E+01    1.283881E+01    1.298513E+01    1.000000E+30    1.000000E+30    1.000000E+30    1.000000E+30    1.000000E+30    1.000000E+30    1.000000E+30    1.000000E+30    1.000000E+30    1.000000E+30    1.000000E+30    1.000000E+30    1.000000E+30    1.000000E+30    1.000000E+30    1.000000E+30    1.000000E+30    1.000000E+30    1.000000E+30    1.000000E+30    1.000000E+30    1.000000E+30    1.000000E+30    1.000000E+30    1.000000E+30    1.000000E+30    1.000000E+30    1.000000E+30    1.000000E+30    1.000000E+30    1.000000E+30    1.000000E+30    1.000000E+30    1.000000E+30    1.000000E+30    1.000000E+30    1.000000E+30    1.000000E+30    1.000000E+30    1.000000E+30    1.000000E+30    1.000000E+30    1.000000E+30    1.000000E+30    1.000000E+30    1.000000E+30    1.000000E+30    1.000000E+30
   1.000000E+30    1.000000E+30    1.000000E+30    1.000000E+30    1.000000E+30    1.000000E+30    1.000000E+30    1.386421E+01    1.377052E+01    1.367591E+01    1.358371E+01    1.349427E+01    1.340758E+01    1.332368E+01    1.324244E+01    1.316359E+01    1.308694E+01    1.301245E+01    1.294021E+01    1.287035E+01    1.280298E+01    1.273815E+01    1.267576E+01    1.261580E+01    1.255783E+01    1.250133E+01    1.244668E+01    1.239415E+01    1.234328E+01    1.229364E+01    1.224509E+01    1.219758E+01    1.215113E+01    1.210601E+01    1.206265E+01    1.202112E+01    1.198118E+01    1.194280E+01    1.190611E+01    1.187096E+01    1.183692E+01    1.180389E+01    1.177164E+01    1.174001E+01    1.170913E+01    1.167909E+01    1.164994E+01    1.162180E+01    1.159449E+01    1.156771E+01    1.154160E+01    1.151615E+01    1.149132E+01    1.146721E+01    1.144389E+01    1.142139E+01    1.139960E+01    1.137846E+01    1.135802E+01    1.133849E+01    1.131992E+01    1.130229E+01    1.128548E+01    1.126969E+01    1.125492E+01    1.124128E+01    1.122882E+01    1.121757E+01    1.120767E+01    1.119913E+01    1.119206E+01    1.118671E+01    1.118314E+01    1.118152E+01    1.118198E+01    1.118461E+01    1.118979E+01    1.119761E+01    1.120863E+01    1.122330E+01    1.124209E+01    1.126524E+01    1.129216E+01    1.132418E+01    1.136167E+01    1.140471E+01    1.145330E+01    1.150892E+01    1.157516E+01    1.164808E+01    1.171927E+01    1.179311E+01    1.187069E+01    1.195467E+01    1.204879E+01    1.214914E+01    1.225328E+01    1.236976E+01    1.249753E+01    1.262253E+01    1.278131E+01    1.298453E+01    1.000000E+30    1.000000E+30    1.000000E+30    1.000000E+30    1.000000E+30    1.000000E+30    1.000000E+30    1.000000E+30    1.000000E+30    1.000000E+30    1.000000E+30    1.000000E+30    1.000000E+30    1.000000E+30    1.000000E+30    1.000000E+30    1.000000E+30    1.000000E+30    1.000000E+30    1.000000E+30    1.000000E+30    1.000000E+30    1.000000E+30    1.000000E+30    1.000000E+30    1.000000E+30    1.000000E+30    1.000000E+30    1.000000E+30    1.000000E+30    1.000000E+30    1.000000E+30    1.000000E+30    1.000000E+30    1.000000E+30    1.000000E+30    1.000000E+30    1.000000E+30    1.000000E+30    1.000000E+30    1.000000E+30    1.000000E+30    1.000000E+30    1.000000E+30    1.000000E+30    1.000000E+30    1.000000E+30    1.000000E+30    1.000000E+30
   1.000000E+30    1.000000E+30    1.000000E+30    1.000000E+30    1.000000E+30    1.000000E+30    1.000000E+30    1.385083E+01    1.375252E+01    1.365854E+01    1.356776E+01    1.347986E+01    1.339464E+01    1.331212E+01    1.323223E+01    1.315475E+01    1.307950E+01    1.300646E+01    1.293562E+01    1.286708E+01    1.280088E+01    1.273705E+01    1.267561E+01    1.261648E+01    1.255950E+01    1.250433E+01    1.245044E+01    1.239825E+01    1.234788E+01    1.229881E+01    1.225098E+01    1.220390E+01    1.215765E+01    1.211284E+01    1.206983E+01    1.202892E+01    1.198980E+01    1.195187E+01    1.191550E+01    1.188099E+01    1.184772E+01    1.181539E+01    1.178384E+01    1.175291E+01    1.172279E+01    1.169350E+01    1.166513E+01    1.163761E+01    1.161091E+01    1.158476E+01    1.155925E+01    1.153445E+01    1.151032E+01    1.148689E+01    1.146420E+01    1.144231E+01    1.142119E+01    1.140073E+01    1.138091E+01    1.136195E+01    1.134391E+01    1.132674E+01    1.131034E+01    1.129496E+01    1.128054E+01    1.126722E+01    1.125510E+01    1.124416E+01    1.123454E+01    1.122631E+01    1.121945E+01    1.121444E+01    1.121140E+01    1.121030E+01    1.121116E+01    1.121447E+01    1.122007E+01    1.122847E+01    1.124018E+01    1.125587E+01    1.127592E+01    1.129988E+01    1.132803E+01    1.136108E+01    1.139950E+01    1.144375E+01    1.149407E+01    1.155263E+01    1.162374E+01    1.169950E+01    1.177250E+01    1.184784E+01    1.192813E+01    1.201653E+01    1.211480E+01    1.221721E+01    1.232579E+01    1.244905E+01    1.257786E+01    1.271289E+01    1.289037E+01    1.309878E+01    1.000000E+30    1.000000E+30    1.000000E+30    1.000000E+30    1.000000E+30    1.000000E+30    1.000000E+30    1.000000E+30    1.000000E+30    1.000000E+30    1.000000E+30    1.000000E+30    1.000000E+30    1.000000E+30    1.000000E+30    1.000000E+30    1.000000E+30    1.000000E+30    1.000000E+30    1.000000E+30    1.000000E+30    1.000000E+30    1.000000E+30    1.000000E+30    1.000000E+30    1.000000E+30    1.000000E+30    1.000000E+30    1.000000E+30    1.000000E+30    1.000000E+30    1.000000E+30    1.000000E+30    1.000000E+30    1.000000E+30    1.000000E+30    1.000000E+30    1.000000E+30    1.000000E+30    1.000000E+30    1.000000E+30    1.000000E+30    1.000000E+30    1.000000E+30    1.000000E+30    1.000000E+30    1.000000E+30    1.000000E+30    1.000000E+30
   1.000000E+30    1.000000E+30    1.000000E+30    1.000000E+30    1.000000E+30    1.000000E+30    1.392340E+01    1.382910E+01    1.373422E+01    1.364198E+01    1.355270E+01    1.346627E+01    1.338246E+01    1.330126E+01    1.322265E+01    1.314649E+01    1.307259E+01    1.300087E+01    1.293133E+01    1.286409E+01    1.279909E+01    1.273633E+01    1.267587E+01    1.261763E+01    1.256150E+01    1.250739E+01    1.245446E+01    1.240284E+01    1.235298E+01    1.230455E+01    1.225747E+01    1.221099E+01    1.216504E+01    1.212045E+01    1.207766E+01    1.203721E+01    1.199890E+01    1.196165E+01    1.192574E+01    1.189183E+01    1.185929E+01    1.182765E+01    1.179685E+01    1.176674E+01    1.173741E+01    1.170887E+01    1.168128E+01    1.165444E+01    1.162826E+01    1.160273E+01    1.157787E+01    1.155371E+01    1.153024E+01    1.150750E+01    1.148549E+01    1.146424E+01    1.144375E+01    1.142395E+01    1.140481E+01    1.138646E+01    1.136899E+01    1.135235E+01    1.133646E+01    1.132150E+01    1.130757E+01    1.129464E+01    1.128289E+01    1.127233E+01    1.126305E+01    1.125512E+01    1.124863E+01    1.124396E+01    1.124128E+01    1.124067E+01    1.124197E+01    1.124570E+01    1.125191E+01    1.126107E+01    1.127388E+01    1.129055E+01    1.131116E+01    1.133555E+01    1.136442E+01    1.139817E+01    1.143784E+01    1.148356E+01    1.153739E+01    1.160254E+01    1.167732E+01    1.175167E+01    1.182540E+01    1.190291E+01    1.198673E+01    1.207964E+01    1.218101E+01    1.228545E+01    1.239887E+01    1.252504E+01    1.265722E+01    1.281494E+01    1.300293E+01    1.317759E+01    1.000000E+30    1.000000E+30    1.000000E+30    1.000000E+30    1.000000E+30    1.000000E+30    1.000000E+30    1.000000E+30    1.000000E+30    1.000000E+30    1.000000E+30    1.000000E+30    1.000000E+30    1.000000E+30    1.000000E+30    1.000000E+30    1.000000E+30    1.000000E+30    1.000000E+30    1.000000E+30    1.000000E+30    1.000000E+30    1.000000E+30    1.000000E+30    1.000000E+30    1.000000E+30    1.000000E+30    1.000000E+30    1.000000E+30    1.000000E+30    1.000000E+30    1.000000E+30    1.000000E+30    1.000000E+30    1.000000E+30    1.000000E+30    1.000000E+30    1.000000E+30    1.000000E+30    1.000000E+30    1.000000E+30    1.000000E+30    1.000000E+30    1.000000E+30    1.000000E+30    1.000000E+30    1.000000E+30    1.000000E+30    1.000000E+30
   1.000000E+30    1.000000E+30    1.000000E+30    1.000000E+30    1.000000E+30    1.000000E+30    1.391069E+01    1.381211E+01    1.371770E+01    1.362661E+01    1.353864E+01    1.345352E+01    1.337100E+01    1.329106E+01    1.321373E+01    1.313883E+01    1.306619E+01    1.299575E+01    1.292750E+01    1.286150E+01    1.279771E+01    1.273609E+01    1.267669E+01    1.261937E+01    1.256403E+01    1.251061E+01    1.245852E+01    1.240762E+01    1.235838E+01    1.231068E+01    1.226425E+01    1.221865E+01    1.217359E+01    1.212949E+01    1.208703E+01    1.204679E+01    1.200867E+01    1.197191E+01    1.193660E+01    1.190334E+01    1.187156E+01    1.184069E+01    1.181071E+01    1.178148E+01    1.175301E+01    1.172529E+01    1.169846E+01    1.167237E+01    1.164686E+01    1.162195E+01    1.159773E+01    1.157422E+01    1.155141E+01    1.152934E+01    1.150802E+01    1.148746E+01    1.146763E+01    1.144847E+01    1.142996E+01    1.141219E+01    1.139524E+01    1.137911E+01    1.136380E+01    1.134936E+01    1.133598E+01    1.132352E+01    1.131211E+01    1.130194E+01    1.129300E+01    1.128551E+01    1.127956E+01    1.127520E+01    1.127273E+01    1.127249E+01    1.127442E+01    1.127879E+01    1.128601E+01    1.129587E+01    1.130948E+01    1.132662E+01    1.134749E+01    1.137253E+01    1.140193E+01    1.143661E+01    1.147765E+01    1.152809E+01    1.158977E+01    1.165820E+01    1.172944E+01    1.180249E+01    1.187843E+01    1.195894E+01    1.204657E+01    1.214406E+01    1.224795E+01    1.235515E+01    1.247263E+01    1.260319E+01    1.275226E+01    1.293323E+01    1.314413E+01    1.000000E+30    1.000000E+30    1.000000E+30    1.000000E+30    1.000000E+30    1.000000E+30    1.000000E+30    1.000000E+30    1.000000E+30    1.000000E+30    1.000000E+30    1.000000E+30    1.000000E+30    1.000000E+30    1.000000E+30    1.000000E+30    1.000000E+30    1.000000E+30    1.000000E+30    1.000000E+30    1.000000E+30    1.000000E+30    1.000000E+30    1.000000E+30    1.000000E+30    1.000000E+30    1.000000E+30    1.000000E+30    1.000000E+30    1.000000E+30    1.000000E+30    1.000000E+30    1.000000E+30    1.000000E+30    1.000000E+30    1.000000E+30    1.000000E+30    1.000000E+30    1.000000E+30    1.000000E+30    1.000000E+30    1.000000E+30    1.000000E+30    1.000000E+30    1.000000E+30    1.000000E+30    1.000000E+30    1.000000E+30    1.000000E+30    1.000000E+30
   1.000000E+30    1.000000E+30    1.000000E+30    1.000000E+30    1.000000E+30    1.398615E+01    1.389073E+01    1.379495E+01    1.370206E+01    1.361219E+01    1.352542E+01    1.344163E+01    1.336042E+01    1.328167E+01    1.320553E+01    1.313183E+01    1.306039E+01    1.299118E+01    1.292414E+01    1.285932E+01    1.279675E+01    1.273637E+01    1.267800E+01    1.262158E+01    1.256716E+01    1.251438E+01    1.246286E+01    1.241268E+01    1.236407E+01    1.231709E+01    1.227139E+01    1.222665E+01    1.218275E+01    1.213965E+01    1.209759E+01    1.205761E+01    1.201975E+01    1.198334E+01    1.194848E+01    1.191572E+01    1.188469E+01    1.185461E+01    1.182549E+01    1.179719E+01    1.176958E+01    1.174270E+01    1.171666E+01    1.169134E+01    1.166659E+01    1.164247E+01    1.161898E+01    1.159617E+01    1.157409E+01    1.155275E+01    1.153213E+01    1.151226E+01    1.149311E+01    1.147463E+01    1.145678E+01    1.143958E+01    1.142313E+01    1.140745E+01    1.139263E+01    1.137869E+01    1.136581E+01    1.135390E+01    1.134295E+01    1.133316E+01    1.132456E+01    1.131752E+01    1.131209E+01    1.130811E+01    1.130596E+01    1.130607E+01    1.130868E+01    1.131391E+01    1.132187E+01    1.133236E+01    1.134632E+01    1.136398E+01    1.138572E+01    1.141164E+01    1.144151E+01    1.147700E+01    1.152349E+01    1.158120E+01    1.164379E+01    1.170863E+01    1.177894E+01    1.185369E+01    1.193222E+01    1.201603E+01    1.210777E+01    1.220961E+01    1.231655E+01    1.242882E+01    1.255430E+01    1.269246E+01    1.285082E+01    1.303789E+01    1.325059E+01    1.000000E+30    1.000000E+30    1.000000E+30    1.000000E+30    1.000000E+30    1.000000E+30    1.000000E+30    1.000000E+30    1.000000E+30    1.000000E+30    1.000000E+30    1.000000E+30    1.000000E+30    1.000000E+30    1.000000E+30    1.000000E+30    1.000000E+30    1.000000E+30    1.000000E+30    1.000000E+30    1.000000E+30    1.000000E+30    1.000000E+30    1.000000E+30    1.000000E+30    1.000000E+30    1.000000E+30    1.000000E+30    1.000000E+30    1.000000E+30    1.000000E+30    1.000000E+30    1.000000E+30    1.000000E+30    1.000000E+30    1.000000E+30    1.000000E+30    1.000000E+30    1.000000E+30    1.000000E+30    1.000000E+30    1.000000E+30    1.000000E+30    1.000000E+30    1.000000E+30    1.000000E+30    1.000000E+30    1.000000E+30    1.000000E+30    1.000000E+30
   1.000000E+30    1.000000E+30    1.000000E+30    1.000000E+30    1.000000E+30    1.397560E+01    1.387543E+01    1.377959E+01    1.368758E+01    1.359881E+01    1.351312E+01    1.343052E+01    1.335060E+01    1.327307E+01    1.319798E+01    1.312538E+01    1.305514E+01    1.298712E+01    1.292128E+01    1.285771E+01    1.279635E+01    1.273715E+01    1.267980E+01    1.262426E+01    1.257072E+01    1.251875E+01    1.246795E+01    1.241843E+01    1.237048E+01    1.232412E+01    1.227910E+01    1.223522E+01    1.219231E+01    1.215015E+01    1.210882E+01    1.206936E+01    1.203192E+01    1.199593E+01    1.196154E+01    1.192918E+01    1.189884E+01    1.186959E+01    1.184129E+01    1.181391E+01    1.178721E+01    1.176122E+01    1.173599E+01    1.171144E+01    1.168746E+01    1.166418E+01    1.164153E+01    1.161955E+01    1.159824E+01    1.157764E+01    1.155776E+01    1.153860E+01    1.152015E+01    1.150238E+01    1.148527E+01    1.146875E+01    1.145291E+01    1.143780E+01    1.142347E+01    1.141003E+01    1.139757E+01    1.138614E+01    1.137573E+01    1.136639E+01    1.135827E+01    1.135156E+01    1.134645E+01    1.134295E+01    1.134121E+01    1.134162E+01    1.134474E+01    1.135051E+01    1.135887E+01    1.137017E+01    1.138494E+01    1.140386E+01    1.142617E+01    1.145235E+01    1.148301E+01    1.152262E+01    1.157578E+01    1.163256E+01    1.169207E+01    1.175769E+01    1.182924E+01    1.190579E+01    1.198700E+01    1.207400E+01    1.217005E+01    1.227607E+01    1.238731E+01    1.250822E+01    1.264182E+01    1.278009E+01    1.294116E+01    1.313250E+01    1.332058E+01    1.000000E+30    1.000000E+30    1.000000E+30    1.000000E+30    1.000000E+30    1.000000E+30    1.000000E+30    1.000000E+30    1.000000E+30    1.000000E+30    1.000000E+30    1.000000E+30    1.000000E+30    1.000000E+30    1.000000E+30    1.000000E+30    1.000000E+30    1.000000E+30    1.000000E+30    1.000000E+30    1.000000E+30    1.000000E+30    1.000000E+30    1.000000E+30    1.000000E+30    1.000000E+30    1.000000E+30    1.000000E+30    1.000000E+30    1.000000E+30    1.000000E+30    1.000000E+30    1.000000E+30    1.000000E+30    1.000000E+30    1.000000E+30    1.000000E+30    1.000000E+30    1.000000E+30    1.000000E+30    1.000000E+30    1.000000E+30    1.000000E+30    1.000000E+30    1.000000E+30    1.000000E+30    1.000000E+30    1.000000E+30    1.000000E+30    1.000000E+30
   1.000000E+30    1.000000E+30    1.000000E+30    1.000000E+30    1.000000E+30    1.395990E+01    1.386001E+01    1.376501E+01    1.367399E+01    1.358634E+01    1.350172E+01    1.342025E+01    1.334162E+01    1.326532E+01    1.319127E+01    1.311961E+01    1.305039E+01    1.298345E+01    1.291880E+01    1.285653E+01    1.279645E+01    1.273842E+01    1.268221E+01    1.262766E+01    1.257490E+01    1.252360E+01    1.247354E+01    1.242489E+01    1.237776E+01    1.233208E+01    1.228773E+01    1.224465E+01    1.220266E+01    1.216138E+01    1.212079E+01    1.208203E+01    1.204509E+01    1.200952E+01    1.197571E+01    1.194386E+01    1.191411E+01    1.188570E+01    1.185828E+01    1.183175E+01    1.180590E+01    1.178081E+01    1.175641E+01    1.173270E+01    1.170960E+01    1.168721E+01    1.166545E+01    1.164432E+01    1.162382E+01    1.160398E+01    1.158483E+01    1.156641E+01    1.154866E+01    1.153159E+01    1.151521E+01    1.149947E+01    1.148435E+01    1.146989E+01    1.145621E+01    1.144340E+01    1.143148E+01    1.142050E+01    1.141058E+01    1.140176E+01    1.139412E+01    1.138777E+01    1.138290E+01    1.137972E+01    1.137832E+01    1.137895E+01    1.138244E+01    1.138869E+01    1.139764E+01    1.140997E+01    1.142581E+01    1.144529E+01    1.146770E+01    1.149460E+01    1.152765E+01    1.157114E+01    1.162501E+01    1.168016E+01    1.174068E+01    1.180752E+01    1.188049E+01    1.195903E+01    1.204265E+01    1.213293E+01    1.223303E+01    1.234266E+01    1.245857E+01    1.258821E+01    1.272610E+01    1.286316E+01    1.303144E+01    1.324461E+01    1.000000E+30    1.000000E+30    1.000000E+30    1.000000E+30    1.000000E+30    1.000000E+30    1.000000E+30    1.000000E+30    1.000000E+30    1.000000E+30    1.000000E+30    1.000000E+30    1.000000E+30    1.000000E+30    1.000000E+30    1.000000E+30    1.000000E+30    1.000000E+30    1.000000E+30    1.000000E+30    1.000000E+30    1.000000E+30    1.000000E+30    1.000000E+30    1.000000E+30    1.000000E+30    1.000000E+30    1.000000E+30    1.000000E+30    1.000000E+30    1.000000E+30    1.000000E+30    1.000000E+30    1.000000E+30    1.000000E+30    1.000000E+30    1.000000E+30    1.000000E+30    1.000000E+30    1.000000E+30    1.000000E+30    1.000000E+30    1.000000E+30    1.000000E+30    1.000000E+30    1.000000E+30    1.000000E+30    1.000000E+30    1.000000E+30    1.000000E+30    1.000000E+30
   1.000000E+30    1.000000E+30    1.000000E+30    1.000000E+30    1.403302E+01    1.393920E+01    1.384385E+01    1.375089E+01    1.366117E+01    1.357466E+01    1.349119E+01    1.341100E+01    1.333361E+01    1.325837E+01    1.318536E+01    1.311467E+01    1.304642E+01    1.298051E+01    1.291689E+01    1.285580E+01    1.279694E+01    1.274016E+01    1.268518E+01    1.263174E+01    1.257986E+01    1.252913E+01    1.247973E+01    1.243200E+01    1.238580E+01    1.234092E+01    1.229730E+01    1.225506E+01    1.221402E+01    1.217382E+01    1.213406E+01    1.209571E+01    1.205930E+01    1.202431E+01    1.199114E+01    1.195989E+01    1.193074E+01    1.190314E+01    1.187656E+01    1.185092E+01    1.182595E+01    1.180174E+01    1.177821E+01    1.175538E+01    1.173319E+01    1.171173E+01    1.169094E+01    1.167074E+01    1.165112E+01    1.163210E+01    1.161372E+01    1.159603E+01    1.157902E+01    1.156267E+01    1.154701E+01    1.153202E+01    1.151765E+01    1.150391E+01    1.149092E+01    1.147876E+01    1.146746E+01    1.145703E+01    1.144759E+01    1.143924E+01    1.143209E+01    1.142623E+01    1.142171E+01    1.141873E+01    1.141750E+01    1.141841E+01    1.142234E+01    1.142960E+01    1.143930E+01    1.145213E+01    1.146852E+01    1.148782E+01    1.151116E+01    1.153973E+01    1.157476E+01    1.161946E+01    1.167319E+01    1.172925E+01    1.179055E+01    1.185844E+01    1.193293E+01    1.201302E+01    1.209893E+01    1.219229E+01    1.229555E+01    1.240851E+01    1.252919E+01    1.266527E+01    1.280577E+01    1.294307E+01    1.311710E+01    1.331426E+01    1.000000E+30    1.000000E+30    1.000000E+30    1.000000E+30    1.000000E+30    1.000000E+30    1.000000E+30    1.000000E+30    1.000000E+30    1.000000E+30    1.000000E+30    1.000000E+30    1.000000E+30    1.000000E+30    1.000000E+30    1.000000E+30    1.000000E+30    1.000000E+30    1.000000E+30    1.000000E+30    1.000000E+30    1.000000E+30    1.000000E+30    1.000000E+30    1.000000E+30    1.000000E+30    1.000000E+30    1.000000E+30    1.000000E+30    1.000000E+30    1.000000E+30    1.000000E+30    1.000000E+30    1.000000E+30    1.000000E+30    1.000000E+30    1.000000E+30    1.000000E+30    1.000000E+30    1.000000E+30    1.000000E+30    1.000000E+30    1.000000E+30    1.000000E+30    1.000000E+30    1.000000E+30    1.000000E+30    1.000000E+30    1.000000E+30    1.000000E+30    1.000000E+30
   1.000000E+30    1.000000E+30    1.000000E+30    1.000000E+30    1.402225E+01    1.392425E+01    1.382968E+01    1.373795E+01    1.364930E+01    1.356390E+01    1.348169E+01    1.340278E+01    1.332650E+01    1.325227E+01    1.318031E+01    1.311064E+01    1.304335E+01    1.297845E+01    1.291593E+01    1.285590E+01    1.279804E+01    1.274223E+01    1.268834E+01    1.263614E+01    1.258548E+01    1.253562E+01    1.248688E+01    1.243990E+01    1.239455E+01    1.235052E+01    1.230776E+01    1.226643E+01    1.222639E+01    1.218736E+01    1.214878E+01    1.211092E+01    1.207485E+01    1.204049E+01    1.200801E+01    1.197745E+01    1.194898E+01    1.192228E+01    1.189655E+01    1.187173E+01    1.184768E+01    1.182441E+01    1.180178E+01    1.177982E+01    1.175859E+01    1.173804E+01    1.171818E+01    1.169894E+01    1.168030E+01    1.166225E+01    1.164478E+01    1.162794E+01    1.161175E+01    1.159618E+01    1.158127E+01    1.156700E+01    1.155331E+01    1.154026E+01    1.152791E+01    1.151634E+01    1.150565E+01    1.149584E+01    1.148693E+01    1.147908E+01    1.147243E+01    1.146704E+01    1.146299E+01    1.146041E+01    1.145952E+01    1.146088E+01    1.146520E+01    1.147302E+01    1.148342E+01    1.149670E+01    1.151325E+01    1.153293E+01    1.155742E+01    1.158758E+01    1.162376E+01    1.166854E+01    1.172303E+01    1.177939E+01    1.184144E+01    1.191052E+01    1.198597E+01    1.206719E+01    1.215524E+01    1.225092E+01    1.235707E+01    1.247346E+01    1.259865E+01    1.273918E+01    1.288142E+01    1.302198E+01    1.319393E+01    1.334821E+01    1.000000E+30    1.000000E+30    1.000000E+30    1.000000E+30    1.000000E+30    1.000000E+30    1.000000E+30    1.000000E+30    1.000000E+30    1.000000E+30    1.000000E+30    1.000000E+30    1.000000E+30    1.000000E+30    1.000000E+30    1.000000E+30    1.000000E+30    1.000000E+30    1.000000E+30    1.000000E+30    1.000000E+30    1.000000E+30    1.000000E+30    1.000000E+30    1.000000E+30    1.000000E+30    1.000000E+30    1.000000E+30    1.000000E+30    1.000000E+30    1.000000E+30    1.000000E+30    1.000000E+30    1.000000E+30    1.000000E+30    1.000000E+30    1.000000E+30    1.000000E+30    1.000000E+30    1.000000E+30    1.000000E+30    1.000000E+30    1.000000E+30    1.000000E+30    1.000000E+30    1.000000E+30    1.000000E+30    1.000000E+30    1.000000E+30    1.000000E+30    1.000000E+30
   1.000000E+30    1.000000E+30    1.000000E+30    1.410113E+01    1.400559E+01    1.391014E+01    1.381691E+01    1.372625E+01    1.363864E+01    1.355428E+01    1.347325E+01    1.339546E+01    1.332014E+01    1.324696E+01    1.317614E+01    1.310757E+01    1.304127E+01    1.297739E+01    1.291602E+01    1.285704E+01    1.280010E+01    1.274519E+01    1.269220E+01    1.264101E+01    1.259134E+01    1.254257E+01    1.249489E+01    1.244878E+01    1.240424E+01    1.236106E+01    1.231921E+01    1.227880E+01    1.223969E+01    1.220177E+01    1.216462E+01    1.212786E+01    1.209210E+01    1.205823E+01    1.202646E+01    1.199664E+01    1.196894E+01    1.194315E+01    1.191838E+01    1.189449E+01    1.187137E+01    1.184903E+01    1.182734E+01    1.180625E+01    1.178593E+01    1.176636E+01    1.174747E+01    1.172921E+01    1.171158E+01    1.169454E+01    1.167807E+01    1.166218E+01    1.164688E+01    1.163218E+01    1.161807E+01    1.160452E+01    1.159153E+01    1.157919E+01    1.156750E+01    1.155653E+01    1.154643E+01    1.153725E+01    1.152894E+01    1.152168E+01    1.151556E+01    1.151061E+01    1.150697E+01    1.150482E+01    1.150446E+01    1.150646E+01    1.151128E+01    1.151914E+01    1.153027E+01    1.154394E+01    1.156062E+01    1.158094E+01    1.160612E+01    1.163707E+01    1.167340E+01    1.171908E+01    1.177374E+01    1.183004E+01    1.189313E+01    1.196294E+01    1.203887E+01    1.212127E+01    1.221106E+01    1.230878E+01    1.241788E+01    1.253724E+01    1.266645E+01    1.281003E+01    1.295441E+01    1.310120E+01    1.328415E+01    1.000000E+30    1.000000E+30    1.000000E+30    1.000000E+30    1.000000E+30    1.000000E+30    1.000000E+30    1.000000E+30    1.000000E+30    1.000000E+30    1.000000E+30    1.000000E+30    1.000000E+30    1.000000E+30    1.000000E+30    1.000000E+30    1.000000E+30    1.000000E+30    1.000000E+30    1.000000E+30    1.000000E+30    1.000000E+30    1.000000E+30    1.000000E+30    1.000000E+30    1.000000E+30    1.000000E+30    1.000000E+30    1.000000E+30    1.000000E+30    1.000000E+30    1.000000E+30    1.000000E+30    1.000000E+30    1.000000E+30    1.000000E+30    1.000000E+30    1.000000E+30    1.000000E+30    1.000000E+30    1.000000E+30    1.000000E+30    1.000000E+30    1.000000E+30    1.000000E+30    1.000000E+30    1.000000E+30    1.000000E+30    1.000000E+30    1.000000E+30    1.000000E+30    1.000000E+30
   1.000000E+30    1.000000E+30    1.000000E+30    1.409257E+01    1.399355E+01    1.389828E+01    1.380578E+01    1.371603E+01    1.362935E+01    1.354595E+01    1.346593E+01    1.338901E+01    1.331452E+01    1.324241E+01    1.317281E+01    1.310546E+01    1.304025E+01    1.297746E+01    1.291722E+01    1.285919E+01    1.280315E+01    1.274916E+01    1.269705E+01    1.264679E+01    1.259797E+01    1.255016E+01    1.250365E+01    1.245867E+01    1.241513E+01    1.237285E+01    1.233190E+01    1.229239E+01    1.225422E+01    1.221733E+01    1.218137E+01    1.214609E+01    1.211127E+01    1.207772E+01    1.204660E+01    1.201768E+01    1.199080E+01    1.196586E+01    1.194206E+01    1.191912E+01    1.189700E+01    1.187564E+01    1.185495E+01    1.183486E+01    1.181550E+01    1.179691E+01    1.177904E+01    1.176183E+01    1.174523E+01    1.172920E+01    1.171370E+01    1.169872E+01    1.168432E+01    1.167052E+01    1.165728E+01    1.164456E+01    1.163241E+01    1.162090E+01    1.160999E+01    1.159975E+01    1.159032E+01    1.158174E+01    1.157406E+01    1.156739E+01    1.156179E+01    1.155730E+01    1.155406E+01    1.155229E+01    1.155249E+01    1.155521E+01    1.156063E+01    1.156875E+01    1.158012E+01    1.159411E+01    1.161078E+01    1.163118E+01    1.165652E+01    1.168764E+01    1.172366E+01    1.177183E+01    1.182493E+01    1.188182E+01    1.194521E+01    1.201523E+01    1.209185E+01    1.217524E+01    1.226598E+01    1.236581E+01    1.247782E+01    1.259933E+01    1.273176E+01    1.287732E+01    1.302338E+01    1.317438E+01    1.335431E+01    1.000000E+30    1.000000E+30    1.000000E+30    1.000000E+30    1.000000E+30    1.000000E+30    1.000000E+30    1.000000E+30    1.000000E+30    1.000000E+30    1.000000E+30    1.000000E+30    1.000000E+30    1.000000E+30    1.000000E+30    1.000000E+30    1.000000E+30    1.000000E+30    1.000000E+30    1.000000E+30    1.000000E+30    1.000000E+30    1.000000E+30    1.000000E+30    1.000000E+30    1.000000E+30    1.000000E+30    1.000000E+30    1.000000E+30    1.000000E+30    1.000000E+30    1.000000E+30    1.000000E+30    1.000000E+30    1.000000E+30    1.000000E+30    1.000000E+30    1.000000E+30    1.000000E+30    1.000000E+30    1.000000E+30    1.000000E+30    1.000000E+30    1.000000E+30    1.000000E+30    1.000000E+30    1.000000E+30    1.000000E+30    1.000000E+30    1.000000E+30    1.000000E+30    1.000000E+30
   1.000000E+30    1.000000E+30    1.417736E+01    1.407964E+01    1.398250E+01    1.388803E+01    1.379620E+01    1.370725E+01    1.362141E+01    1.353889E+01    1.345972E+01    1.338356E+01    1.330991E+01    1.323881E+01    1.317039E+01    1.310430E+01    1.304029E+01    1.297863E+01    1.291951E+01    1.286246E+01    1.280727E+01    1.275418E+01    1.270300E+01    1.265370E+01    1.260575E+01    1.255887E+01    1.251344E+01    1.246960E+01    1.242725E+01    1.238607E+01    1.234611E+01    1.230752E+01    1.227029E+01    1.223440E+01    1.219955E+01    1.216546E+01    1.213209E+01    1.209943E+01    1.206874E+01    1.204067E+01    1.201469E+01    1.199054E+01    1.196775E+01    1.194585E+01    1.192478E+01    1.190448E+01    1.188489E+01    1.186587E+01    1.184756E+01    1.182999E+01    1.181316E+01    1.179700E+01    1.178144E+01    1.176643E+01    1.175193E+01    1.173792E+01    1.172447E+01    1.171161E+01    1.169929E+01    1.168751E+01    1.167630E+01    1.166564E+01    1.165556E+01    1.164615E+01    1.163751E+01    1.162966E+01    1.162263E+01    1.161646E+01    1.161127E+01    1.160723E+01    1.160449E+01    1.160333E+01    1.160420E+01    1.160757E+01    1.161353E+01    1.162201E+01    1.163321E+01    1.164740E+01    1.166403E+01    1.168411E+01    1.170898E+01    1.173885E+01    1.177831E+01    1.182766E+01    1.187813E+01    1.193470E+01    1.199744E+01    1.206739E+01    1.214467E+01    1.222896E+01    1.232069E+01    1.242266E+01    1.253671E+01    1.265973E+01    1.279404E+01    1.294005E+01    1.308607E+01    1.323827E+01    1.341446E+01    1.000000E+30    1.000000E+30    1.000000E+30    1.000000E+30    1.000000E+30    1.000000E+30    1.000000E+30    1.000000E+30    1.000000E+30    1.000000E+30    1.000000E+30    1.000000E+30    1.000000E+30    1.000000E+30    1.000000E+30    1.000000E+30    1.000000E+30    1.000000E+30    1.000000E+30    1.000000E+30    1.000000E+30    1.000000E+30    1.000000E+30    1.000000E+30    1.000000E+30    1.000000E+30    1.000000E+30    1.000000E+30    1.000000E+30    1.000000E+30    1.000000E+30    1.000000E+30    1.000000E+30    1.000000E+30    1.000000E+30    1.000000E+30    1.000000E+30    1.000000E+30    1.000000E+30    1.000000E+30    1.000000E+30    1.000000E+30    1.000000E+30    1.000000E+30    1.000000E+30    1.000000E+30    1.000000E+30    1.000000E+30    1.000000E+30    1.000000E+30    1.000000E+30    1.000000E+30
   1.000000E+30    1.000000E+30    1.417213E+01    1.407092E+01    1.397359E+01    1.387949E+01    1.378818E+01    1.369988E+01    1.361483E+01    1.353310E+01    1.345465E+01    1.337920E+01    1.330637E+01    1.323628E+01    1.316900E+01    1.310409E+01    1.304131E+01    1.298089E+01    1.292289E+01    1.286688E+01    1.281269E+01    1.276049E+01    1.271025E+01    1.266193E+01    1.261489E+01    1.256894E+01    1.252459E+01    1.248184E+01    1.244062E+01    1.240070E+01    1.236193E+01    1.232442E+01    1.228817E+01    1.225321E+01    1.221945E+01    1.218650E+01    1.215437E+01    1.212319E+01    1.209330E+01    1.206595E+01    1.204077E+01    1.201741E+01    1.199561E+01    1.197489E+01    1.195505E+01    1.193589E+01    1.191747E+01    1.189966E+01    1.188248E+01    1.186597E+01    1.185019E+01    1.183509E+01    1.182057E+01    1.180662E+01    1.179321E+01    1.178030E+01    1.176790E+01    1.175607E+01    1.174474E+01    1.173392E+01    1.172362E+01    1.171380E+01    1.170453E+01    1.169593E+01    1.168805E+01    1.168093E+01    1.167454E+01    1.166887E+01    1.166409E+01    1.166059E+01    1.165860E+01    1.165829E+01    1.165995E+01    1.166390E+01    1.167029E+01    1.167904E+01    1.169021E+01    1.170436E+01    1.172121E+01    1.174066E+01    1.176394E+01    1.179586E+01    1.183912E+01    1.188421E+01    1.193355E+01    1.198864E+01    1.205018E+01    1.212010E+01    1.219832E+01    1.228395E+01    1.237657E+01    1.247905E+01    1.259400E+01    1.271795E+01    1.285247E+01    1.299780E+01    1.314302E+01    1.329466E+01    1.347479E+01    1.000000E+30    1.000000E+30    1.000000E+30    1.000000E+30    1.000000E+30    1.000000E+30    1.000000E+30    1.000000E+30    1.000000E+30    1.000000E+30    1.000000E+30    1.000000E+30    1.000000E+30    1.000000E+30    1.000000E+30    1.000000E+30    1.000000E+30    1.000000E+30    1.000000E+30    1.000000E+30    1.000000E+30    1.000000E+30    1.000000E+30    1.000000E+30    1.000000E+30    1.000000E+30    1.000000E+30    1.000000E+30    1.000000E+30    1.000000E+30    1.000000E+30    1.000000E+30    1.000000E+30    1.000000E+30    1.000000E+30    1.000000E+30    1.000000E+30    1.000000E+30    1.000000E+30    1.000000E+30    1.000000E+30    1.000000E+30    1.000000E+30    1.000000E+30    1.000000E+30    1.000000E+30    1.000000E+30    1.000000E+30    1.000000E+30    1.000000E+30    1.000000E+30    1.000000E+30
   1.000000E+30    1.000000E+30    1.416545E+01    1.406353E+01    1.396617E+01    1.387242E+01    1.378167E+01    1.369398E+01    1.360966E+01    1.352862E+01    1.345086E+01    1.337603E+01    1.330394E+01    1.323480E+01    1.316850E+01    1.310471E+01    1.304328E+01    1.298421E+01    1.292743E+01    1.287259E+01    1.281952E+01    1.276834E+01    1.271913E+01    1.267174E+01    1.262561E+01    1.258067E+01    1.253736E+01    1.249570E+01    1.245558E+01    1.241682E+01    1.237932E+01    1.234312E+01    1.230810E+01    1.227411E+01    1.224139E+01    1.220968E+01    1.217869E+01    1.214889E+01    1.212027E+01    1.209382E+01    1.206943E+01    1.204680E+01    1.202602E+01    1.200653E+01    1.198801E+01    1.197018E+01    1.195302E+01    1.193648E+01    1.192051E+01    1.190516E+01    1.189049E+01    1.187645E+01    1.186302E+01    1.185017E+01    1.183788E+01    1.182612E+01    1.181484E+01    1.180403E+01    1.179370E+01    1.178385E+01    1.177445E+01    1.176551E+01    1.175715E+01    1.174936E+01    1.174217E+01    1.173569E+01    1.172992E+01    1.172485E+01    1.172066E+01    1.171780E+01    1.171659E+01    1.171711E+01    1.171964E+01    1.172438E+01    1.173128E+01    1.174027E+01    1.175152E+01    1.176564E+01    1.178290E+01    1.180245E+01    1.182692E+01    1.186105E+01    1.190094E+01    1.194335E+01    1.199110E+01    1.204427E+01    1.210448E+01    1.217403E+01    1.225268E+01    1.233930E+01    1.243251E+01    1.253474E+01    1.264987E+01    1.277390E+01    1.290756E+01    1.305204E+01    1.319713E+01    1.334807E+01    1.353315E+01    1.000000E+30    1.000000E+30    1.000000E+30    1.000000E+30    1.000000E+30    1.000000E+30    1.000000E+30    1.000000E+30    1.000000E+30    1.000000E+30    1.000000E+30    1.000000E+30    1.000000E+30    1.000000E+30    1.000000E+30    1.000000E+30    1.000000E+30    1.000000E+30    1.000000E+30    1.000000E+30    1.000000E+30    1.000000E+30    1.000000E+30    1.000000E+30    1.000000E+30    1.000000E+30    1.000000E+30    1.000000E+30    1.000000E+30    1.000000E+30    1.000000E+30    1.000000E+30    1.000000E+30    1.000000E+30    1.000000E+30    1.000000E+30    1.000000E+30    1.000000E+30    1.000000E+30    1.000000E+30    1.000000E+30    1.000000E+30    1.000000E+30    1.000000E+30    1.000000E+30    1.000000E+30    1.000000E+30    1.000000E+30    1.000000E+30    1.000000E+30    1.000000E+30    1.000000E+30
   1.000000E+30    1.000000E+30    1.415814E+01    1.405684E+01    1.395996E+01    1.386673E+01    1.377669E+01    1.368964E+01    1.360587E+01    1.352550E+01    1.344841E+01    1.337414E+01    1.330267E+01    1.323436E+01    1.316902E+01    1.310628E+01    1.304611E+01    1.298846E+01    1.293305E+01    1.287949E+01    1.282772E+01    1.277779E+01    1.272977E+01    1.268339E+01    1.263821E+01    1.259432E+01    1.255209E+01    1.251151E+01    1.247244E+01    1.243482E+01    1.239858E+01    1.236370E+01    1.233012E+01    1.229741E+01    1.226581E+01    1.223538E+01    1.220576E+01    1.217719E+01    1.214993E+01    1.212456E+01    1.210105E+01    1.207914E+01    1.205933E+01    1.204115E+01    1.202396E+01    1.200753E+01    1.199178E+01    1.197662E+01    1.196197E+01    1.194787E+01    1.193439E+01    1.192148E+01    1.190916E+01    1.189740E+01    1.188618E+01    1.187551E+01    1.186528E+01    1.185545E+01    1.184608E+01    1.183723E+01    1.182879E+01    1.182081E+01    1.181343E+01    1.180658E+01    1.180017E+01    1.179438E+01    1.178928E+01    1.178490E+01    1.178145E+01    1.177934E+01    1.177884E+01    1.178014E+01    1.178357E+01    1.178909E+01    1.179652E+01    1.180572E+01    1.181688E+01    1.183120E+01    1.185056E+01    1.187375E+01    1.190091E+01    1.193134E+01    1.196566E+01    1.200633E+01    1.205171E+01    1.210292E+01    1.216180E+01    1.223163E+01    1.231007E+01    1.239613E+01    1.248913E+01    1.259146E+01    1.270594E+01    1.282799E+01    1.295909E+01    1.310211E+01    1.324769E+01    1.339980E+01    1.358818E+01    1.000000E+30    1.000000E+30    1.000000E+30    1.000000E+30    1.000000E+30    1.000000E+30    1.000000E+30    1.000000E+30    1.000000E+30    1.000000E+30    1.000000E+30    1.000000E+30    1.000000E+30    1.000000E+30    1.000000E+30    1.000000E+30    1.000000E+30    1.000000E+30    1.000000E+30    1.000000E+30    1.000000E+30    1.000000E+30    1.000000E+30    1.000000E+30    1.000000E+30    1.000000E+30    1.000000E+30    1.000000E+30    1.000000E+30    1.000000E+30    1.000000E+30    1.000000E+30    1.000000E+30    1.000000E+30    1.000000E+30    1.000000E+30    1.000000E+30    1.000000E+30    1.000000E+30    1.000000E+30    1.000000E+30    1.000000E+30    1.000000E+30    1.000000E+30    1.000000E+30    1.000000E+30    1.000000E+30    1.000000E+30    1.000000E+30    1.000000E+30    1.000000E+30    1.000000E+30
   1.000000E+30    1.425036E+01    1.415001E+01    1.405087E+01    1.395506E+01    1.386252E+01    1.377323E+01    1.368689E+01    1.360366E+01    1.352383E+01    1.344732E+01    1.337364E+01    1.330280E+01    1.323524E+01    1.317076E+01    1.310895E+01    1.304991E+01    1.299366E+01    1.293966E+01    1.288741E+01    1.283708E+01    1.278869E+01    1.274205E+01    1.269676E+01    1.265266E+01    1.260999E+01    1.256893E+01    1.252948E+01    1.249152E+01    1.245505E+01    1.242005E+01    1.238644E+01    1.235425E+01    1.232304E+01    1.229285E+01    1.226380E+01    1.223578E+01    1.220861E+01    1.218268E+01    1.215856E+01    1.213603E+01    1.211494E+01    1.209601E+01    1.207909E+01    1.206334E+01    1.204837E+01    1.203406E+01    1.202039E+01    1.200721E+01    1.199446E+01    1.198220E+01    1.197048E+01    1.195929E+01    1.194859E+01    1.193840E+01    1.192873E+01    1.191946E+01    1.191059E+01    1.190224E+01    1.189445E+01    1.188710E+01    1.188012E+01    1.187371E+01    1.186783E+01    1.186237E+01    1.185741E+01    1.185305E+01    1.184947E+01    1.184696E+01    1.184585E+01    1.184620E+01    1.184823E+01    1.185257E+01    1.185856E+01    1.186613E+01    1.187662E+01    1.188985E+01    1.190732E+01    1.192838E+01    1.195216E+01    1.197800E+01    1.200590E+01    1.203664E+01    1.207403E+01    1.211723E+01    1.216791E+01    1.222904E+01    1.229774E+01    1.237098E+01    1.245410E+01    1.254904E+01    1.265178E+01    1.276126E+01    1.287907E+01    1.300661E+01    1.314830E+01    1.329641E+01    1.345066E+01    1.363978E+01    1.000000E+30    1.000000E+30    1.000000E+30    1.000000E+30    1.000000E+30    1.000000E+30    1.000000E+30    1.000000E+30    1.000000E+30    1.000000E+30    1.000000E+30    1.000000E+30    1.000000E+30    1.000000E+30    1.000000E+30    1.000000E+30    1.000000E+30    1.000000E+30    1.000000E+30    1.000000E+30    1.000000E+30    1.000000E+30    1.000000E+30    1.000000E+30    1.000000E+30    1.000000E+30    1.000000E+30    1.000000E+30    1.000000E+30    1.000000E+30    1.000000E+30    1.000000E+30    1.000000E+30    1.000000E+30    1.000000E+30    1.000000E+30    1.000000E+30    1.000000E+30    1.000000E+30    1.000000E+30    1.000000E+30    1.000000E+30    1.000000E+30    1.000000E+30    1.000000E+30    1.000000E+30    1.000000E+30    1.000000E+30    1.000000E+30    1.000000E+30    1.000000E+30    1.000000E+30
   1.000000E+30    1.424873E+01    1.414610E+01    1.404709E+01    1.395188E+01    1.385998E+01    1.377140E+01    1.368573E+01    1.360299E+01    1.352364E+01    1.344767E+01    1.337464E+01    1.330453E+01    1.323767E+01    1.317391E+01    1.311305E+01    1.305514E+01    1.300006E+01    1.294724E+01    1.289630E+01    1.284743E+01    1.280058E+01    1.275551E+01    1.271158E+01    1.266874E+01    1.262746E+01    1.258776E+01    1.254960E+01    1.251293E+01    1.247772E+01    1.244401E+01    1.241173E+01    1.238086E+01    1.235113E+01    1.232244E+01    1.229495E+01    1.226861E+01    1.224326E+01    1.221890E+01    1.219611E+01    1.217476E+01    1.215469E+01    1.213657E+01    1.212077E+01    1.210654E+01    1.209316E+01    1.208046E+01    1.206831E+01    1.205667E+01    1.204540E+01    1.203443E+01    1.202387E+01    1.201379E+01    1.200416E+01    1.199501E+01    1.198632E+01    1.197804E+01    1.197022E+01    1.196297E+01    1.195626E+01    1.195005E+01    1.194416E+01    1.193871E+01    1.193377E+01    1.192936E+01    1.192534E+01    1.192186E+01    1.191938E+01    1.191817E+01    1.191835E+01    1.191941E+01    1.192201E+01    1.192794E+01    1.193635E+01    1.194768E+01    1.196127E+01    1.197685E+01    1.199410E+01    1.201119E+01    1.203088E+01    1.205504E+01    1.208316E+01    1.211426E+01    1.214959E+01    1.219195E+01    1.224237E+01    1.230134E+01    1.236468E+01    1.243464E+01    1.251442E+01    1.260825E+01    1.270975E+01    1.281375E+01    1.292793E+01    1.305267E+01    1.319300E+01    1.334269E+01    1.349784E+01    1.368471E+01    1.000000E+30    1.000000E+30    1.000000E+30    1.000000E+30    1.000000E+30    1.000000E+30    1.000000E+30    1.000000E+30    1.000000E+30    1.000000E+30    1.000000E+30    1.000000E+30    1.000000E+30    1.000000E+30    1.000000E+30    1.000000E+30    1.000000E+30    1.000000E+30    1.000000E+30    1.000000E+30    1.000000E+30    1.000000E+30    1.000000E+30    1.000000E+30    1.000000E+30    1.000000E+30    1.000000E+30    1.000000E+30    1.000000E+30    1.000000E+30    1.000000E+30    1.000000E+30    1.000000E+30    1.000000E+30    1.000000E+30    1.000000E+30    1.000000E+30    1.000000E+30    1.000000E+30    1.000000E+30    1.000000E+30    1.000000E+30    1.000000E+30    1.000000E+30    1.000000E+30    1.000000E+30    1.000000E+30    1.000000E+30    1.000000E+30    1.000000E+30    1.000000E+30    1.000000E+30
   1.000000E+30    1.424769E+01    1.414446E+01    1.404546E+01    1.395051E+01    1.385910E+01    1.377117E+01    1.368617E+01    1.360394E+01    1.352508E+01    1.344962E+01    1.337720E+01    1.330786E+01    1.324177E+01    1.317877E+01    1.311882E+01    1.306198E+01    1.300797E+01    1.295622E+01    1.290655E+01    1.285914E+01    1.281376E+01    1.277005E+01    1.272756E+01    1.268622E+01    1.264648E+01    1.260833E+01    1.257169E+01    1.253655E+01    1.250284E+01    1.247058E+01    1.243977E+01    1.241035E+01    1.238221E+01    1.235515E+01    1.232928E+01    1.230460E+01    1.228112E+01    1.225872E+01    1.223757E+01    1.221779E+01    1.219908E+01    1.218186E+01    1.216690E+01    1.215412E+01    1.214247E+01    1.213149E+01    1.212093E+01    1.211086E+01    1.210113E+01    1.209157E+01    1.208224E+01    1.207332E+01    1.206484E+01    1.205681E+01    1.204920E+01    1.204193E+01    1.203514E+01    1.202904E+01    1.202349E+01    1.201840E+01    1.201375E+01    1.200940E+01    1.200549E+01    1.200204E+01    1.199906E+01    1.199655E+01    1.199549E+01    1.199567E+01    1.199698E+01    1.200053E+01    1.200702E+01    1.201692E+01    1.202903E+01    1.204238E+01    1.205511E+01    1.206788E+01    1.208085E+01    1.209582E+01    1.211412E+01    1.213658E+01    1.216328E+01    1.219479E+01    1.222994E+01    1.227046E+01    1.231747E+01    1.237105E+01    1.243107E+01    1.249771E+01    1.257427E+01    1.266540E+01    1.276461E+01    1.286443E+01    1.297515E+01    1.309724E+01    1.323494E+01    1.338455E+01    1.353955E+01    1.372224E+01    1.000000E+30    1.000000E+30    1.000000E+30    1.000000E+30    1.000000E+30    1.000000E+30    1.000000E+30    1.000000E+30    1.000000E+30    1.000000E+30    1.000000E+30    1.000000E+30    1.000000E+30    1.000000E+30    1.000000E+30    1.000000E+30    1.000000E+30    1.000000E+30    1.000000E+30    1.000000E+30    1.000000E+30    1.000000E+30    1.000000E+30    1.000000E+30    1.000000E+30    1.000000E+30    1.000000E+30    1.000000E+30    1.000000E+30    1.000000E+30    1.000000E+30    1.000000E+30    1.000000E+30    1.000000E+30    1.000000E+30    1.000000E+30    1.000000E+30    1.000000E+30    1.000000E+30    1.000000E+30    1.000000E+30    1.000000E+30    1.000000E+30    1.000000E+30    1.000000E+30    1.000000E+30    1.000000E+30    1.000000E+30    1.000000E+30    1.000000E+30    1.000000E+30    1.000000E+30
   1.000000E+30    1.424799E+01    1.414477E+01    1.404582E+01    1.395099E+01    1.385996E+01    1.377250E+01    1.368808E+01    1.360649E+01    1.352823E+01    1.345331E+01    1.338149E+01    1.331289E+01    1.324762E+01    1.318550E+01    1.312641E+01    1.307052E+01    1.301762E+01    1.296711E+01    1.291866E+01    1.287238E+01    1.282844E+01    1.278620E+01    1.274509E+01    1.270528E+01    1.266714E+01    1.263066E+01    1.259569E+01    1.256223E+01    1.253026E+01    1.249968E+01    1.247053E+01    1.244277E+01    1.241629E+01    1.239112E+01    1.236717E+01    1.234440E+01    1.232283E+01    1.230247E+01    1.228330E+01    1.226557E+01    1.224886E+01    1.223324E+01    1.221903E+01    1.220727E+01    1.219731E+01    1.218806E+01    1.217918E+01    1.217064E+01    1.216233E+01    1.215414E+01    1.214622E+01    1.213861E+01    1.213136E+01    1.212459E+01    1.211839E+01    1.211218E+01    1.210635E+01    1.210147E+01    1.209717E+01    1.209336E+01    1.209000E+01    1.208692E+01    1.208406E+01    1.208150E+01    1.207986E+01    1.207869E+01    1.207993E+01    1.208310E+01    1.208879E+01    1.209704E+01    1.210669E+01    1.211715E+01    1.212759E+01    1.213688E+01    1.214708E+01    1.215827E+01    1.217087E+01    1.218500E+01    1.220194E+01    1.222239E+01    1.224686E+01    1.227557E+01    1.230915E+01    1.234838E+01    1.239272E+01    1.244268E+01    1.249891E+01    1.256198E+01    1.263408E+01    1.272144E+01    1.281822E+01    1.291437E+01    1.302175E+01    1.314007E+01    1.327339E+01    1.342077E+01    1.357385E+01    1.375424E+01    1.000000E+30    1.000000E+30    1.000000E+30    1.000000E+30    1.000000E+30    1.000000E+30    1.000000E+30    1.000000E+30    1.000000E+30    1.000000E+30    1.000000E+30    1.000000E+30    1.000000E+30    1.000000E+30    1.000000E+30    1.000000E+30    1.000000E+30    1.000000E+30    1.000000E+30    1.000000E+30    1.000000E+30    1.000000E+30    1.000000E+30    1.000000E+30    1.000000E+30    1.000000E+30    1.000000E+30    1.000000E+30    1.000000E+30    1.000000E+30    1.000000E+30    1.000000E+30    1.000000E+30    1.000000E+30    1.000000E+30    1.000000E+30    1.000000E+30    1.000000E+30    1.000000E+30    1.000000E+30    1.000000E+30    1.000000E+30    1.000000E+30    1.000000E+30    1.000000E+30    1.000000E+30    1.000000E+30    1.000000E+30    1.000000E+30    1.000000E+30    1.000000E+30    1.000000E+30
   1.000000E+30    1.424992E+01    1.414695E+01    1.404811E+01    1.395329E+01    1.386250E+01    1.377542E+01    1.369160E+01    1.361077E+01    1.353325E+01    1.345895E+01    1.338766E+01    1.331974E+01    1.325530E+01    1.319410E+01    1.313589E+01    1.308093E+01    1.302914E+01    1.297991E+01    1.293280E+01    1.288769E+01    1.284502E+01    1.280425E+01    1.276469E+01    1.272646E+01    1.268987E+01    1.265503E+01    1.262182E+01    1.259013E+01    1.256002E+01    1.253132E+01    1.250410E+01    1.247815E+01    1.245355E+01    1.243036E+01    1.240858E+01    1.238808E+01    1.236888E+01    1.235091E+01    1.233396E+01    1.231832E+01    1.230397E+01    1.229090E+01    1.227866E+01    1.226771E+01    1.225889E+01    1.225138E+01    1.224432E+01    1.223750E+01    1.223047E+01    1.222359E+01    1.221723E+01    1.221122E+01    1.220534E+01    1.220029E+01    1.219550E+01    1.219046E+01    1.218611E+01    1.218198E+01    1.217881E+01    1.217676E+01    1.217469E+01    1.217279E+01    1.217105E+01    1.217052E+01    1.217222E+01    1.217619E+01    1.218194E+01    1.218810E+01    1.219505E+01    1.220160E+01    1.220806E+01    1.221581E+01    1.222428E+01    1.223324E+01    1.224350E+01    1.225423E+01    1.226573E+01    1.227904E+01    1.229473E+01    1.231343E+01    1.233587E+01    1.236260E+01    1.239387E+01    1.242992E+01    1.247045E+01    1.251614E+01    1.256800E+01    1.262629E+01    1.269425E+01    1.277883E+01    1.287203E+01    1.296407E+01    1.306744E+01    1.318116E+01    1.330814E+01    1.345116E+01    1.360237E+01    1.377646E+01    1.399222E+01    1.000000E+30    1.000000E+30    1.000000E+30    1.000000E+30    1.000000E+30    1.000000E+30    1.000000E+30    1.000000E+30    1.000000E+30    1.000000E+30    1.000000E+30    1.000000E+30    1.000000E+30    1.000000E+30    1.000000E+30    1.000000E+30    1.000000E+30    1.000000E+30    1.000000E+30    1.000000E+30    1.000000E+30    1.000000E+30    1.000000E+30    1.000000E+30    1.000000E+30    1.000000E+30    1.000000E+30    1.000000E+30    1.000000E+30    1.000000E+30    1.000000E+30    1.000000E+30    1.000000E+30    1.000000E+30    1.000000E+30    1.000000E+30    1.000000E+30    1.000000E+30    1.000000E+30    1.000000E+30    1.000000E+30    1.000000E+30    1.000000E+30    1.000000E+30    1.000000E+30    1.000000E+30    1.000000E+30    1.000000E+30    1.000000E+30    1.000000E+30    1.000000E+30
   1.000000E+30    1.425364E+01    1.415103E+01    1.405229E+01    1.395746E+01    1.386684E+01    1.378010E+01    1.369677E+01    1.361680E+01    1.354019E+01    1.346657E+01    1.339589E+01    1.332870E+01    1.326507E+01    1.320476E+01    1.314750E+01    1.309343E+01    1.304269E+01    1.299483E+01    1.294914E+01    1.290528E+01    1.286394E+01    1.282463E+01    1.278663E+01    1.275011E+01    1.271521E+01    1.268206E+01    1.265060E+01    1.262076E+01    1.259254E+01    1.256582E+01    1.254069E+01    1.251675E+01    1.249434E+01    1.247344E+01    1.245405E+01    1.243599E+01    1.241935E+01    1.240403E+01    1.238984E+01    1.237666E+01    1.236465E+01    1.235421E+01    1.234505E+01    1.233600E+01    1.232842E+01    1.232224E+01    1.231715E+01    1.231272E+01    1.230737E+01    1.230223E+01    1.229794E+01    1.229413E+01    1.229051E+01    1.228756E+01    1.228449E+01    1.228122E+01    1.227827E+01    1.227487E+01    1.227197E+01    1.227095E+01    1.226991E+01    1.227040E+01    1.227319E+01    1.227877E+01    1.228464E+01    1.229107E+01    1.229586E+01    1.229934E+01    1.230132E+01    1.230431E+01    1.230995E+01    1.231771E+01    1.232585E+01    1.233504E+01    1.234486E+01    1.235429E+01    1.236535E+01    1.237824E+01    1.239292E+01    1.240978E+01    1.242959E+01    1.245388E+01    1.248237E+01    1.251465E+01    1.255075E+01    1.259173E+01    1.263775E+01    1.269115E+01    1.275756E+01    1.283940E+01    1.292657E+01    1.301397E+01    1.311273E+01    1.322093E+01    1.333992E+01    1.347748E+01    1.362587E+01    1.379062E+01    1.400023E+01    1.000000E+30    1.000000E+30    1.000000E+30    1.000000E+30    1.000000E+30    1.000000E+30    1.000000E+30    1.000000E+30    1.000000E+30    1.000000E+30    1.000000E+30    1.000000E+30    1.000000E+30    1.000000E+30    1.000000E+30    1.000000E+30    1.000000E+30    1.000000E+30    1.000000E+30    1.000000E+30    1.000000E+30    1.000000E+30    1.000000E+30    1.000000E+30    1.000000E+30    1.000000E+30    1.000000E+30    1.000000E+30    1.000000E+30    1.000000E+30    1.000000E+30    1.000000E+30    1.000000E+30    1.000000E+30    1.000000E+30    1.000000E+30    1.000000E+30    1.000000E+30    1.000000E+30    1.000000E+30    1.000000E+30    1.000000E+30    1.000000E+30    1.000000E+30    1.000000E+30    1.000000E+30    1.000000E+30    1.000000E+30    1.000000E+30    1.000000E+30    1.000000E+30
   1.000000E+30    1.425939E+01    1.415701E+01    1.405831E+01    1.396355E+01    1.387313E+01    1.378667E+01    1.370380E+01    1.362469E+01    1.354902E+01    1.347616E+01    1.340627E+01    1.333985E+01    1.327693E+01    1.321751E+01    1.316139E+01    1.310832E+01    1.305851E+01    1.301196E+01    1.296779E+01    1.292552E+01    1.288561E+01    1.284773E+01    1.281130E+01    1.277650E+01    1.274337E+01    1.271205E+01    1.268249E+01    1.265459E+01    1.262834E+01    1.260378E+01    1.258081E+01    1.255915E+01    1.253910E+01    1.252072E+01    1.250393E+01    1.248860E+01    1.247476E+01    1.246217E+01    1.245093E+01    1.244074E+01    1.243167E+01    1.242420E+01    1.241856E+01    1.241314E+01    1.240816E+01    1.240356E+01    1.239988E+01    1.239695E+01    1.239395E+01    1.239161E+01    1.239007E+01    1.238858E+01    1.238734E+01    1.238586E+01    1.238447E+01    1.238351E+01    1.238219E+01    1.238123E+01    1.238030E+01    1.238035E+01    1.238287E+01    1.238791E+01    1.239461E+01    1.240083E+01    1.240480E+01    1.240692E+01    1.240780E+01    1.240947E+01    1.241206E+01    1.241603E+01    1.242119E+01    1.242702E+01    1.243378E+01    1.244217E+01    1.245010E+01    1.245871E+01    1.246966E+01    1.248151E+01    1.249511E+01    1.251020E+01    1.252790E+01    1.254914E+01    1.257406E+01    1.260226E+01    1.263395E+01    1.267005E+01    1.271077E+01    1.276454E+01    1.282978E+01    1.290475E+01    1.298270E+01    1.306478E+01    1.315839E+01    1.326012E+01    1.337035E+01    1.350052E+01    1.364453E+01    1.380081E+01    1.400380E+01    1.000000E+30    1.000000E+30    1.000000E+30    1.000000E+30    1.000000E+30    1.000000E+30    1.000000E+30    1.000000E+30    1.000000E+30    1.000000E+30    1.000000E+30    1.000000E+30    1.000000E+30    1.000000E+30    1.000000E+30    1.000000E+30    1.000000E+30    1.000000E+30    1.000000E+30    1.000000E+30    1.000000E+30    1.000000E+30    1.000000E+30    1.000000E+30    1.000000E+30    1.000000E+30    1.000000E+30    1.000000E+30    1.000000E+30    1.000000E+30    1.000000E+30    1.000000E+30    1.000000E+30    1.000000E+30    1.000000E+30    1.000000E+30    1.000000E+30    1.000000E+30    1.000000E+30    1.000000E+30    1.000000E+30    1.000000E+30    1.000000E+30    1.000000E+30    1.000000E+30    1.000000E+30    1.000000E+30    1.000000E+30    1.000000E+30    1.000000E+30    1.000000E+30
   1.000000E+30    1.426739E+01    1.416493E+01    1.406628E+01    1.397169E+01    1.388145E+01    1.379531E+01    1.371296E+01    1.363463E+01    1.355980E+01    1.348780E+01    1.341887E+01    1.335330E+01    1.329116E+01    1.323257E+01    1.317754E+01    1.312568E+01    1.307691E+01    1.303155E+01    1.298883E+01    1.294826E+01    1.290997E+01    1.287367E+01    1.283893E+01    1.280592E+01    1.277463E+01    1.274524E+01    1.271773E+01    1.269193E+01    1.266788E+01    1.264567E+01    1.262495E+01    1.260585E+01    1.258839E+01    1.257271E+01    1.255876E+01    1.254642E+01    1.253552E+01    1.252590E+01    1.251769E+01    1.251097E+01    1.250541E+01    1.250122E+01    1.249891E+01    1.249739E+01    1.249612E+01    1.249519E+01    1.249443E+01    1.249374E+01    1.249477E+01    1.249700E+01    1.249925E+01    1.250065E+01    1.250174E+01    1.250238E+01    1.250260E+01    1.250338E+01    1.250434E+01    1.250583E+01    1.250786E+01    1.250965E+01    1.251347E+01    1.251710E+01    1.251986E+01    1.252097E+01    1.252259E+01    1.252518E+01    1.252805E+01    1.253111E+01    1.253449E+01    1.253770E+01    1.254049E+01    1.254395E+01    1.254904E+01    1.255452E+01    1.256033E+01    1.256816E+01    1.257688E+01    1.258690E+01    1.259913E+01    1.261318E+01    1.262975E+01    1.264851E+01    1.266918E+01    1.269346E+01    1.272146E+01    1.275385E+01    1.279380E+01    1.284861E+01    1.290903E+01    1.297499E+01    1.304329E+01    1.311889E+01    1.320557E+01    1.329883E+01    1.339982E+01    1.352006E+01    1.365671E+01    1.380516E+01    1.399745E+01    1.000000E+30    1.000000E+30    1.000000E+30    1.000000E+30    1.000000E+30    1.000000E+30    1.000000E+30    1.000000E+30    1.000000E+30    1.000000E+30    1.000000E+30    1.000000E+30    1.000000E+30    1.000000E+30    1.000000E+30    1.000000E+30    1.000000E+30    1.000000E+30    1.000000E+30    1.000000E+30    1.000000E+30    1.000000E+30    1.000000E+30    1.000000E+30    1.000000E+30    1.000000E+30    1.000000E+30    1.000000E+30    1.000000E+30    1.000000E+30    1.000000E+30    1.000000E+30    1.000000E+30    1.000000E+30    1.000000E+30    1.000000E+30    1.000000E+30    1.000000E+30    1.000000E+30    1.000000E+30    1.000000E+30    1.000000E+30    1.000000E+30    1.000000E+30    1.000000E+30    1.000000E+30    1.000000E+30    1.000000E+30    1.000000E+30    1.000000E+30    1.000000E+30
   1.000000E+30    1.427755E+01    1.417500E+01    1.407640E+01    1.398197E+01    1.389195E+01    1.380623E+01    1.372444E+01    1.364673E+01    1.357270E+01    1.350168E+01    1.343382E+01    1.336924E+01    1.330796E+01    1.325028E+01    1.319630E+01    1.314568E+01    1.309807E+01    1.305389E+01    1.301265E+01    1.297374E+01    1.293712E+01    1.290250E+01    1.286961E+01    1.283857E+01    1.280927E+01    1.278193E+01    1.275657E+01    1.273306E+01    1.271144E+01    1.269173E+01    1.267350E+01    1.265719E+01    1.264265E+01    1.262998E+01    1.261914E+01    1.261004E+01    1.260231E+01    1.259605E+01    1.259111E+01    1.258757E+01    1.258736E+01    1.259039E+01    1.259366E+01    1.259689E+01    1.259992E+01    1.260340E+01    1.260673E+01    1.260945E+01    1.261299E+01    1.261702E+01    1.261998E+01    1.262289E+01    1.262599E+01    1.262896E+01    1.263160E+01    1.263461E+01    1.263829E+01    1.264229E+01    1.264628E+01    1.264972E+01    1.265196E+01    1.265314E+01    1.265469E+01    1.265657E+01    1.265893E+01    1.266155E+01    1.266411E+01    1.266617E+01    1.266775E+01    1.266857E+01    1.266878E+01    1.266858E+01    1.267100E+01    1.267345E+01    1.267716E+01    1.268170E+01    1.268695E+01    1.269449E+01    1.270489E+01    1.271811E+01    1.273344E+01    1.275109E+01    1.276902E+01    1.278963E+01    1.281425E+01    1.284295E+01    1.288390E+01    1.293664E+01    1.299176E+01    1.304793E+01    1.310632E+01    1.317239E+01    1.324992E+01    1.333514E+01    1.342710E+01    1.353586E+01    1.366225E+01    1.380059E+01    1.397558E+01    1.000000E+30    1.000000E+30    1.000000E+30    1.000000E+30    1.000000E+30    1.000000E+30    1.000000E+30    1.000000E+30    1.000000E+30    1.000000E+30    1.000000E+30    1.000000E+30    1.000000E+30    1.000000E+30    1.000000E+30    1.000000E+30    1.000000E+30    1.000000E+30    1.000000E+30    1.000000E+30    1.000000E+30    1.000000E+30    1.000000E+30    1.000000E+30    1.000000E+30    1.000000E+30    1.000000E+30    1.000000E+30    1.000000E+30    1.000000E+30    1.000000E+30    1.000000E+30    1.000000E+30    1.000000E+30    1.000000E+30    1.000000E+30    1.000000E+30    1.000000E+30    1.000000E+30    1.000000E+30    1.000000E+30    1.000000E+30    1.000000E+30    1.000000E+30    1.000000E+30    1.000000E+30    1.000000E+30    1.000000E+30    1.000000E+30    1.000000E+30    1.000000E+30
   1.000000E+30    1.429018E+01    1.418737E+01    1.408875E+01    1.399453E+01    1.390482E+01    1.381951E+01    1.373828E+01    1.366124E+01    1.358803E+01    1.351800E+01    1.345124E+01    1.338774E+01    1.332750E+01    1.327086E+01    1.321799E+01    1.316860E+01    1.312222E+01    1.307912E+01    1.303941E+01    1.300230E+01    1.296741E+01    1.293454E+01    1.290356E+01    1.287456E+01    1.284743E+01    1.282229E+01    1.279924E+01    1.277827E+01    1.275925E+01    1.274234E+01    1.272710E+01    1.271385E+01    1.270251E+01    1.269319E+01    1.268578E+01    1.268019E+01    1.267615E+01    1.267319E+01    1.267211E+01    1.267605E+01    1.268501E+01    1.269504E+01    1.270308E+01    1.271005E+01    1.271575E+01    1.272123E+01    1.272633E+01    1.273018E+01    1.273373E+01    1.273778E+01    1.274266E+01    1.274869E+01    1.275522E+01    1.276169E+01    1.276862E+01    1.277596E+01    1.278349E+01    1.279073E+01    1.279762E+01    1.280358E+01    1.280924E+01    1.281402E+01    1.281768E+01    1.282052E+01    1.282266E+01    1.282429E+01    1.282526E+01    1.282543E+01    1.282457E+01    1.282254E+01    1.281954E+01    1.281445E+01    1.280916E+01    1.280460E+01    1.280095E+01    1.279922E+01    1.280103E+01    1.280588E+01    1.281393E+01    1.282548E+01    1.283941E+01    1.285622E+01    1.287305E+01    1.288985E+01    1.291192E+01    1.293822E+01    1.297922E+01    1.302525E+01    1.306932E+01    1.311494E+01    1.316577E+01    1.322525E+01    1.329442E+01    1.337046E+01    1.345254E+01    1.354819E+01    1.366156E+01    1.378589E+01    1.392959E+01    1.410404E+01    1.000000E+30    1.000000E+30    1.000000E+30    1.000000E+30    1.000000E+30    1.000000E+30    1.000000E+30    1.000000E+30    1.000000E+30    1.000000E+30    1.000000E+30    1.000000E+30    1.000000E+30    1.000000E+30    1.000000E+30    1.000000E+30    1.000000E+30    1.000000E+30    1.000000E+30    1.000000E+30    1.000000E+30    1.000000E+30    1.000000E+30    1.000000E+30    1.000000E+30    1.000000E+30    1.000000E+30    1.000000E+30    1.000000E+30    1.000000E+30    1.000000E+30    1.000000E+30    1.000000E+30    1.000000E+30    1.000000E+30    1.000000E+30    1.000000E+30    1.000000E+30    1.000000E+30    1.000000E+30    1.000000E+30    1.000000E+30    1.000000E+30    1.000000E+30    1.000000E+30    1.000000E+30    1.000000E+30    1.000000E+30    1.000000E+30    1.000000E+30
   1.000000E+30    1.430535E+01    1.420229E+01    1.410362E+01    1.400962E+01    1.392024E+01    1.383535E+01    1.375471E+01    1.367836E+01    1.360596E+01    1.353699E+01    1.347130E+01    1.340890E+01    1.334987E+01    1.329448E+01    1.324283E+01    1.319468E+01    1.314969E+01    1.310788E+01    1.306942E+01    1.303406E+01    1.300100E+01    1.297008E+01    1.294121E+01    1.291439E+01    1.288955E+01    1.286679E+01    1.284627E+01    1.282801E+01    1.281180E+01    1.279792E+01    1.278608E+01    1.277634E+01    1.276863E+01    1.276312E+01    1.275958E+01    1.275785E+01    1.275744E+01    1.275951E+01    1.276780E+01    1.278174E+01    1.279512E+01    1.280447E+01    1.281297E+01    1.282167E+01    1.282962E+01    1.283748E+01    1.284565E+01    1.285524E+01    1.286556E+01    1.287635E+01    1.288844E+01    1.290065E+01    1.291245E+01    1.292389E+01    1.293545E+01    1.294665E+01    1.295695E+01    1.296659E+01    1.297524E+01    1.298328E+01    1.299048E+01    1.299659E+01    1.300154E+01    1.300540E+01    1.300820E+01    1.300997E+01    1.301060E+01    1.300991E+01    1.300766E+01    1.300360E+01    1.299746E+01    1.298848E+01    1.297552E+01    1.296258E+01    1.294986E+01    1.293967E+01    1.293237E+01    1.292867E+01    1.292897E+01    1.293571E+01    1.294689E+01    1.296087E+01    1.297702E+01    1.299449E+01    1.301551E+01    1.304102E+01    1.307516E+01    1.311001E+01    1.314486E+01    1.318388E+01    1.322848E+01    1.328057E+01    1.334012E+01    1.340617E+01    1.347765E+01    1.355937E+01    1.365715E+01    1.376696E+01    1.389103E+01    1.406236E+01    1.000000E+30    1.000000E+30    1.000000E+30    1.000000E+30    1.000000E+30    1.000000E+30    1.000000E+30    1.000000E+30    1.000000E+30    1.000000E+30    1.000000E+30    1.000000E+30    1.000000E+30    1.000000E+30    1.000000E+30    1.000000E+30    1.000000E+30    1.000000E+30    1.000000E+30    1.000000E+30    1.000000E+30    1.000000E+30    1.000000E+30    1.000000E+30    1.000000E+30    1.000000E+30    1.000000E+30    1.000000E+30    1.000000E+30    1.000000E+30    1.000000E+30    1.000000E+30    1.000000E+30    1.000000E+30    1.000000E+30    1.000000E+30    1.000000E+30    1.000000E+30    1.000000E+30    1.000000E+30    1.000000E+30    1.000000E+30    1.000000E+30    1.000000E+30    1.000000E+30    1.000000E+30    1.000000E+30    1.000000E+30    1.000000E+30    1.000000E+30
   1.000000E+30    1.432333E+01    1.421998E+01    1.412127E+01    1.402752E+01    1.393848E+01    1.385394E+01    1.377390E+01    1.369829E+01    1.362671E+01    1.355872E+01    1.349423E+01    1.343309E+01    1.337533E+01    1.332127E+01    1.327099E+01    1.322427E+01    1.318080E+01    1.314056E+01    1.310340E+01    1.306957E+01    1.303839E+01    1.300950E+01    1.298289E+01    1.295844E+01    1.293614E+01    1.291606E+01    1.289829E+01    1.288289E+01    1.286981E+01    1.285919E+01    1.285103E+01    1.284511E+01    1.284146E+01    1.284027E+01    1.284097E+01    1.284329E+01    1.284961E+01    1.286293E+01    1.288081E+01    1.289663E+01    1.290927E+01    1.292091E+01    1.293290E+01    1.294579E+01    1.295984E+01    1.297518E+01    1.299122E+01    1.300902E+01    1.302727E+01    1.304478E+01    1.306117E+01    1.307684E+01    1.309173E+01    1.310594E+01    1.311975E+01    1.313319E+01    1.314623E+01    1.315817E+01    1.316920E+01    1.317917E+01    1.318787E+01    1.319520E+01    1.320112E+01    1.320566E+01    1.320883E+01    1.321059E+01    1.321082E+01    1.320929E+01    1.320573E+01    1.319980E+01    1.319112E+01    1.317925E+01    1.316407E+01    1.314672E+01    1.312824E+01    1.310985E+01    1.309138E+01    1.307591E+01    1.306457E+01    1.305963E+01    1.306198E+01    1.307219E+01    1.308806E+01    1.310649E+01    1.312410E+01    1.314572E+01    1.316895E+01    1.319434E+01    1.322289E+01    1.325592E+01    1.329437E+01    1.333834E+01    1.338800E+01    1.344370E+01    1.350407E+01    1.357145E+01    1.365079E+01    1.374070E+01    1.383999E+01    1.398140E+01    1.000000E+30    1.000000E+30    1.000000E+30    1.000000E+30    1.000000E+30    1.000000E+30    1.000000E+30    1.000000E+30    1.000000E+30    1.000000E+30    1.000000E+30    1.000000E+30    1.000000E+30    1.000000E+30    1.000000E+30    1.000000E+30    1.000000E+30    1.000000E+30    1.000000E+30    1.000000E+30    1.000000E+30    1.000000E+30    1.000000E+30    1.000000E+30    1.000000E+30    1.000000E+30    1.000000E+30    1.000000E+30    1.000000E+30    1.000000E+30    1.000000E+30    1.000000E+30    1.000000E+30    1.000000E+30    1.000000E+30    1.000000E+30    1.000000E+30    1.000000E+30    1.000000E+30    1.000000E+30    1.000000E+30    1.000000E+30    1.000000E+30    1.000000E+30    1.000000E+30    1.000000E+30    1.000000E+30    1.000000E+30    1.000000E+30    1.000000E+30
   1.000000E+30    1.434435E+01    1.424074E+01    1.414213E+01    1.404861E+01    1.395984E+01    1.387558E+01    1.379608E+01    1.372118E+01    1.365046E+01    1.358356E+01    1.352027E+01    1.346045E+01    1.340410E+01    1.335147E+01    1.330264E+01    1.325745E+01    1.321572E+01    1.317725E+01    1.314185E+01    1.310966E+01    1.308036E+01    1.305364E+01    1.302936E+01    1.300741E+01    1.298791E+01    1.297072E+01    1.295590E+01    1.294373E+01    1.293407E+01    1.292710E+01    1.292297E+01    1.292124E+01    1.292212E+01    1.292574E+01    1.293141E+01    1.294294E+01    1.296096E+01    1.298228E+01    1.300094E+01    1.301834E+01    1.303564E+01    1.305391E+01    1.307323E+01    1.309374E+01    1.311644E+01    1.314024E+01    1.316384E+01    1.318610E+01    1.320775E+01    1.322881E+01    1.324912E+01    1.326830E+01    1.328618E+01    1.330295E+01    1.331910E+01    1.333532E+01    1.335150E+01    1.336662E+01    1.338017E+01    1.339194E+01    1.340191E+01    1.341015E+01    1.341673E+01    1.342169E+01    1.342504E+01    1.342671E+01    1.342654E+01    1.342429E+01    1.341961E+01    1.341207E+01    1.340120E+01    1.338648E+01    1.336759E+01    1.334468E+01    1.331866E+01    1.329238E+01    1.326681E+01    1.324372E+01    1.322398E+01    1.320732E+01    1.319815E+01    1.320026E+01    1.321137E+01    1.322487E+01    1.323656E+01    1.324960E+01    1.326457E+01    1.328256E+01    1.330476E+01    1.333179E+01    1.336355E+01    1.339911E+01    1.343932E+01    1.348443E+01    1.353367E+01    1.358697E+01    1.364706E+01    1.371274E+01    1.377549E+01    1.382933E+01    1.000000E+30    1.000000E+30    1.000000E+30    1.000000E+30    1.000000E+30    1.000000E+30    1.000000E+30    1.000000E+30    1.000000E+30    1.000000E+30    1.000000E+30    1.000000E+30    1.000000E+30    1.000000E+30    1.000000E+30    1.000000E+30    1.000000E+30    1.000000E+30    1.000000E+30    1.000000E+30    1.000000E+30    1.000000E+30    1.000000E+30    1.000000E+30    1.000000E+30    1.000000E+30    1.000000E+30    1.000000E+30    1.000000E+30    1.000000E+30    1.000000E+30    1.000000E+30    1.000000E+30    1.000000E+30    1.000000E+30    1.000000E+30    1.000000E+30    1.000000E+30    1.000000E+30    1.000000E+30    1.000000E+30    1.000000E+30    1.000000E+30    1.000000E+30    1.000000E+30    1.000000E+30    1.000000E+30    1.000000E+30    1.000000E+30    1.000000E+30
   1.000000E+30    1.436858E+01    1.426496E+01    1.416641E+01    1.407309E+01    1.398463E+01    1.390072E+01    1.382173E+01    1.374745E+01    1.367749E+01    1.361171E+01    1.354981E+01    1.349142E+01    1.343651E+01    1.338541E+01    1.333814E+01    1.329452E+01    1.325458E+01    1.321805E+01    1.318474E+01    1.315462E+01    1.312746E+01    1.310315E+01    1.308151E+01    1.306235E+01    1.304576E+01    1.303157E+01    1.302005E+01    1.301136E+01    1.300542E+01    1.300243E+01    1.300247E+01    1.300562E+01    1.301131E+01    1.302271E+01    1.303931E+01    1.306292E+01    1.308841E+01    1.311242E+01    1.313675E+01    1.316125E+01    1.318660E+01    1.321347E+01    1.324111E+01    1.326910E+01    1.329748E+01    1.332546E+01    1.335262E+01    1.337852E+01    1.340355E+01    1.342827E+01    1.345289E+01    1.347576E+01    1.349649E+01    1.351546E+01    1.353376E+01    1.355258E+01    1.357396E+01    1.359280E+01    1.360872E+01    1.362195E+01    1.363288E+01    1.364176E+01    1.364878E+01    1.365399E+01    1.365743E+01    1.365900E+01    1.365853E+01    1.365573E+01    1.365022E+01    1.364148E+01    1.362884E+01    1.361150E+01    1.358845E+01    1.355860E+01    1.352199E+01    1.348690E+01    1.345243E+01    1.342094E+01    1.339317E+01    1.336922E+01    1.335036E+01    1.333767E+01    1.333831E+01    1.334628E+01    1.335260E+01    1.335771E+01    1.336502E+01    1.337566E+01    1.339144E+01    1.341164E+01    1.343595E+01    1.346366E+01    1.349481E+01    1.352981E+01    1.356840E+01    1.360886E+01    1.365240E+01    1.369756E+01    1.373628E+01    1.375974E+01    1.000000E+30    1.000000E+30    1.000000E+30    1.000000E+30    1.000000E+30    1.000000E+30    1.000000E+30    1.000000E+30    1.000000E+30    1.000000E+30    1.000000E+30    1.000000E+30    1.000000E+30    1.000000E+30    1.000000E+30    1.000000E+30    1.000000E+30    1.000000E+30    1.000000E+30    1.000000E+30    1.000000E+30    1.000000E+30    1.000000E+30    1.000000E+30    1.000000E+30    1.000000E+30    1.000000E+30    1.000000E+30    1.000000E+30    1.000000E+30    1.000000E+30    1.000000E+30    1.000000E+30    1.000000E+30    1.000000E+30    1.000000E+30    1.000000E+30    1.000000E+30    1.000000E+30    1.000000E+30    1.000000E+30    1.000000E+30    1.000000E+30    1.000000E+30    1.000000E+30    1.000000E+30    1.000000E+30    1.000000E+30    1.000000E+30    1.000000E+30
   1.000000E+30    1.439612E+01    1.429281E+01    1.419454E+01    1.410139E+01    1.401309E+01    1.392948E+01    1.385104E+01    1.377738E+01    1.370816E+01    1.364354E+01    1.358311E+01    1.352621E+01    1.347290E+01    1.342349E+01    1.337795E+01    1.333609E+01    1.329796E+01    1.326350E+01    1.323252E+01    1.320459E+01    1.317987E+01    1.315837E+01    1.313990E+01    1.312385E+01    1.311022E+01    1.309935E+01    1.309134E+01    1.308636E+01    1.308449E+01    1.308558E+01    1.308987E+01    1.310052E+01    1.311705E+01    1.314049E+01    1.317024E+01    1.320115E+01    1.323278E+01    1.326544E+01    1.329893E+01    1.333290E+01    1.336640E+01    1.339885E+01    1.343066E+01    1.346226E+01    1.349426E+01    1.352675E+01    1.355779E+01    1.358689E+01    1.361472E+01    1.364289E+01    1.367343E+01    1.370046E+01    1.372380E+01    1.374442E+01    1.376341E+01    1.378392E+01    1.381525E+01    1.383796E+01    1.385554E+01    1.386963E+01    1.388108E+01    1.389030E+01    1.389754E+01    1.390290E+01    1.390638E+01    1.390790E+01    1.390726E+01    1.390418E+01    1.389822E+01    1.388881E+01    1.387514E+01    1.385604E+01    1.382962E+01    1.379235E+01    1.373703E+01    1.369393E+01    1.364817E+01    1.360757E+01    1.357167E+01    1.353927E+01    1.351054E+01    1.348521E+01    1.347079E+01    1.346956E+01    1.347074E+01    1.347039E+01    1.347022E+01    1.347359E+01    1.348223E+01    1.349509E+01    1.351214E+01    1.353238E+01    1.355527E+01    1.358108E+01    1.360985E+01    1.363935E+01    1.366985E+01    1.370006E+01    1.372376E+01    1.373488E+01    1.372875E+01    1.000000E+30    1.000000E+30    1.000000E+30    1.000000E+30    1.000000E+30    1.000000E+30    1.000000E+30    1.000000E+30    1.000000E+30    1.000000E+30    1.000000E+30    1.000000E+30    1.000000E+30    1.000000E+30    1.000000E+30    1.000000E+30    1.000000E+30    1.000000E+30    1.000000E+30    1.000000E+30    1.000000E+30    1.000000E+30    1.000000E+30    1.000000E+30    1.000000E+30    1.000000E+30    1.000000E+30    1.000000E+30    1.000000E+30    1.000000E+30    1.000000E+30    1.000000E+30    1.000000E+30    1.000000E+30    1.000000E+30    1.000000E+30    1.000000E+30    1.000000E+30    1.000000E+30    1.000000E+30    1.000000E+30    1.000000E+30    1.000000E+30    1.000000E+30    1.000000E+30    1.000000E+30    1.000000E+30    1.000000E+30    1.000000E+30
   1.000000E+30    1.442746E+01    1.432451E+01    1.422666E+01    1.413389E+01    1.404577E+01    1.396231E+01    1.388420E+01    1.381118E+01    1.374280E+01    1.367928E+01    1.362033E+01    1.356515E+01    1.351359E+01    1.346598E+01    1.342235E+01    1.338248E+01    1.334641E+01    1.331408E+01    1.328555E+01    1.326001E+01    1.323798E+01    1.321984E+01    1.320523E+01    1.319183E+01    1.318164E+01    1.317448E+01    1.317012E+01    1.316920E+01    1.317172E+01    1.317849E+01    1.319275E+01    1.321530E+01    1.324608E+01    1.328071E+01    1.331924E+01    1.335969E+01    1.340037E+01    1.344098E+01    1.348201E+01    1.352376E+01    1.356371E+01    1.360112E+01    1.363648E+01    1.367089E+01    1.370632E+01    1.374514E+01    1.378052E+01    1.381210E+01    1.384107E+01    1.387065E+01    1.391268E+01    1.394423E+01    1.396955E+01    1.399067E+01    1.400826E+01    1.402095E+01    1.000000E+30    1.000000E+30    1.000000E+30    1.000000E+30    1.000000E+30    1.000000E+30    1.000000E+30    1.000000E+30    1.000000E+30    1.000000E+30    1.000000E+30    1.000000E+30    1.000000E+30    1.000000E+30    1.000000E+30    1.000000E+30    1.000000E+30    1.000000E+30    1.395288E+01    1.391691E+01    1.385236E+01    1.380303E+01    1.376024E+01    1.371926E+01    1.368101E+01    1.364547E+01    1.361496E+01    1.360032E+01    1.359409E+01    1.358723E+01    1.358035E+01    1.357643E+01    1.357716E+01    1.358294E+01    1.359277E+01    1.360581E+01    1.362125E+01    1.363887E+01    1.365904E+01    1.367957E+01    1.370002E+01    1.371956E+01    1.373428E+01    1.374146E+01    1.373981E+01    1.000000E+30    1.000000E+30    1.000000E+30    1.000000E+30    1.000000E+30    1.000000E+30    1.000000E+30    1.000000E+30    1.000000E+30    1.000000E+30    1.000000E+30    1.000000E+30    1.000000E+30    1.000000E+30    1.000000E+30    1.000000E+30    1.000000E+30    1.000000E+30    1.000000E+30    1.000000E+30    1.000000E+30    1.000000E+30    1.000000E+30    1.000000E+30    1.000000E+30    1.000000E+30    1.000000E+30    1.000000E+30    1.000000E+30    1.000000E+30    1.000000E+30    1.000000E+30    1.000000E+30    1.000000E+30    1.000000E+30    1.000000E+30    1.000000E+30    1.000000E+30    1.000000E+30    1.000000E+30    1.000000E+30    1.000000E+30    1.000000E+30    1.000000E+30    1.000000E+30    1.000000E+30    1.000000E+30    1.000000E+30    1.000000E+30
   1.000000E+30    1.446299E+01    1.436031E+01    1.426284E+01    1.417066E+01    1.408312E+01    1.400006E+01    1.392196E+01    1.384923E+01    1.378178E+01    1.371938E+01    1.366177E+01    1.360836E+01    1.355882E+01    1.351326E+01    1.347172E+01    1.343401E+01    1.340017E+01    1.337015E+01    1.334414E+01    1.332122E+01    1.330183E+01    1.328634E+01    1.327473E+01    1.326555E+01    1.325994E+01    1.325702E+01    1.325676E+01    1.326014E+01    1.327054E+01    1.328913E+01    1.331729E+01    1.335114E+01    1.339113E+01    1.343616E+01    1.348498E+01    1.353624E+01    1.358596E+01    1.363372E+01    1.368174E+01    1.373353E+01    1.378044E+01    1.382215E+01    1.385977E+01    1.389492E+01    1.393127E+01    1.398282E+01    1.402287E+01    1.405570E+01    1.408256E+01    1.410135E+01    1.000000E+30    1.000000E+30    1.000000E+30    1.000000E+30    1.000000E+30    1.000000E+30    1.000000E+30    1.000000E+30    1.000000E+30    1.000000E+30    1.000000E+30    1.000000E+30    1.000000E+30    1.000000E+30    1.000000E+30    1.000000E+30    1.000000E+30    1.000000E+30    1.000000E+30    1.000000E+30    1.000000E+30    1.000000E+30    1.000000E+30    1.000000E+30    1.000000E+30    1.000000E+30    1.405477E+01    1.400603E+01    1.396102E+01    1.391055E+01    1.386287E+01    1.381618E+01    1.377251E+01    1.374150E+01    1.372399E+01    1.370919E+01    1.369568E+01    1.368433E+01    1.367734E+01    1.367569E+01    1.367833E+01    1.368424E+01    1.369294E+01    1.370366E+01    1.371648E+01    1.372977E+01    1.374253E+01    1.375425E+01    1.376319E+01    1.376809E+01    1.376733E+01    1.000000E+30    1.000000E+30    1.000000E+30    1.000000E+30    1.000000E+30    1.000000E+30    1.000000E+30    1.000000E+30    1.000000E+30    1.000000E+30    1.000000E+30    1.000000E+30    1.000000E+30    1.000000E+30    1.000000E+30    1.000000E+30    1.000000E+30    1.000000E+30    1.000000E+30    1.000000E+30    1.000000E+30    1.000000E+30    1.000000E+30    1.000000E+30    1.000000E+30    1.000000E+30    1.000000E+30    1.000000E+30    1.000000E+30    1.000000E+30    1.000000E+30    1.000000E+30    1.000000E+30    1.000000E+30    1.000000E+30    1.000000E+30    1.000000E+30    1.000000E+30    1.000000E+30    1.000000E+30    1.000000E+30    1.000000E+30    1.000000E+30    1.000000E+30    1.000000E+30    1.000000E+30    1.000000E+30    1.000000E+30    1.000000E+30
   1.000000E+30    1.450331E+01    1.440079E+01    1.430355E+01    1.421166E+01    1.412480E+01    1.404265E+01    1.396496E+01    1.389206E+01    1.382526E+01    1.376404E+01    1.370785E+01    1.365632E+01    1.360899E+01    1.356570E+01    1.352648E+01    1.349110E+01    1.345969E+01    1.343228E+01    1.340903E+01    1.338907E+01    1.337270E+01    1.335969E+01    1.335040E+01    1.334638E+01    1.334561E+01    1.334715E+01    1.335219E+01    1.336552E+01    1.338855E+01    1.341985E+01    1.345717E+01    1.350061E+01    1.355071E+01    1.360704E+01    1.366712E+01    1.373287E+01    1.379182E+01    1.384424E+01    1.389552E+01    1.396545E+01    1.401947E+01    1.406414E+01    1.410231E+01    1.413438E+01    1.415721E+01    1.000000E+30    1.000000E+30    1.000000E+30    1.000000E+30    1.000000E+30    1.000000E+30    1.000000E+30    1.000000E+30    1.000000E+30    1.000000E+30    1.000000E+30    1.000000E+30    1.000000E+30    1.000000E+30    1.000000E+30    1.000000E+30    1.000000E+30    1.000000E+30    1.000000E+30    1.000000E+30    1.000000E+30    1.000000E+30    1.000000E+30    1.000000E+30    1.000000E+30    1.000000E+30    1.000000E+30    1.000000E+30    1.000000E+30    1.000000E+30    1.000000E+30    1.000000E+30    1.421923E+01    1.418149E+01    1.411361E+01    1.405831E+01    1.399850E+01    1.394246E+01    1.389290E+01    1.386082E+01    1.383746E+01    1.381657E+01    1.379771E+01    1.378319E+01    1.377374E+01    1.376919E+01    1.376842E+01    1.377086E+01    1.377568E+01    1.378230E+01    1.378981E+01    1.379676E+01    1.380267E+01    1.380757E+01    1.381094E+01    1.381052E+01    1.000000E+30    1.000000E+30    1.000000E+30    1.000000E+30    1.000000E+30    1.000000E+30    1.000000E+30    1.000000E+30    1.000000E+30    1.000000E+30    1.000000E+30    1.000000E+30    1.000000E+30    1.000000E+30    1.000000E+30    1.000000E+30    1.000000E+30    1.000000E+30    1.000000E+30    1.000000E+30    1.000000E+30    1.000000E+30    1.000000E+30    1.000000E+30    1.000000E+30    1.000000E+30    1.000000E+30    1.000000E+30    1.000000E+30    1.000000E+30    1.000000E+30    1.000000E+30    1.000000E+30    1.000000E+30    1.000000E+30    1.000000E+30    1.000000E+30    1.000000E+30    1.000000E+30    1.000000E+30    1.000000E+30    1.000000E+30    1.000000E+30    1.000000E+30    1.000000E+30    1.000000E+30    1.000000E+30    1.000000E+30    1.000000E+30
   1.000000E+30    1.454912E+01    1.444678E+01    1.434968E+01    1.425790E+01    1.417140E+01    1.409003E+01    1.401322E+01    1.394064E+01    1.387385E+01    1.381349E+01    1.375885E+01    1.370918E+01    1.366426E+01    1.362350E+01    1.358688E+01    1.355396E+01    1.352528E+01    1.350079E+01    1.348043E+01    1.346385E+01    1.345134E+01    1.344270E+01    1.343767E+01    1.343715E+01    1.344023E+01    1.344729E+01    1.346403E+01    1.349151E+01    1.352535E+01    1.356536E+01    1.361128E+01    1.366338E+01    1.372378E+01    1.379364E+01    1.386283E+01    1.395495E+01    1.402266E+01    1.407417E+01    1.410846E+01    1.000000E+30    1.000000E+30    1.000000E+30    1.000000E+30    1.000000E+30    1.000000E+30    1.000000E+30    1.000000E+30    1.000000E+30    1.000000E+30    1.000000E+30    1.000000E+30    1.000000E+30    1.000000E+30    1.000000E+30    1.000000E+30    1.000000E+30    1.000000E+30    1.000000E+30    1.000000E+30    1.000000E+30    1.000000E+30    1.000000E+30    1.000000E+30    1.000000E+30    1.000000E+30    1.000000E+30    1.000000E+30    1.000000E+30    1.000000E+30    1.000000E+30    1.000000E+30    1.000000E+30    1.000000E+30    1.000000E+30    1.000000E+30    1.000000E+30    1.000000E+30    1.000000E+30    1.000000E+30    1.431851E+01    1.427303E+01    1.419221E+01    1.412558E+01    1.405543E+01    1.400563E+01    1.397240E+01    1.394304E+01    1.391673E+01    1.389439E+01    1.387738E+01    1.386576E+01    1.385908E+01    1.385577E+01    1.385508E+01    1.385648E+01    1.385931E+01    1.386182E+01    1.386335E+01    1.386525E+01    1.386730E+01    1.386707E+01    1.000000E+30    1.000000E+30    1.000000E+30    1.000000E+30    1.000000E+30    1.000000E+30    1.000000E+30    1.000000E+30    1.000000E+30    1.000000E+30    1.000000E+30    1.000000E+30    1.000000E+30    1.000000E+30    1.000000E+30    1.000000E+30    1.000000E+30    1.000000E+30    1.000000E+30    1.000000E+30    1.000000E+30    1.000000E+30    1.000000E+30    1.000000E+30    1.000000E+30    1.000000E+30    1.000000E+30    1.000000E+30    1.000000E+30    1.000000E+30    1.000000E+30    1.000000E+30    1.000000E+30    1.000000E+30    1.000000E+30    1.000000E+30    1.000000E+30    1.000000E+30    1.000000E+30    1.000000E+30    1.000000E+30    1.000000E+30    1.000000E+30    1.000000E+30    1.000000E+30    1.000000E+30    1.000000E+30    1.000000E+30    1.000000E+30
   1.000000E+30    1.460123E+01    1.449874E+01    1.440157E+01    1.431022E+01    1.422420E+01    1.414318E+01    1.406738E+01    1.399571E+01    1.392903E+01    1.386865E+01    1.381504E+01    1.376729E+01    1.372481E+01    1.368673E+01    1.365277E+01    1.362285E+01    1.359715E+01    1.357602E+01    1.355892E+01    1.354607E+01    1.353779E+01    1.353384E+01    1.353348E+01    1.353722E+01    1.354616E+01    1.356566E+01    1.359711E+01    1.363445E+01    1.367753E+01    1.372593E+01    1.377975E+01    1.383813E+01    1.390750E+01    1.400045E+01    1.405465E+01    1.000000E+30    1.000000E+30    1.000000E+30    1.000000E+30    1.000000E+30    1.000000E+30    1.000000E+30    1.000000E+30    1.000000E+30    1.000000E+30    1.000000E+30    1.000000E+30    1.000000E+30    1.000000E+30    1.000000E+30    1.000000E+30    1.000000E+30    1.000000E+30    1.000000E+30    1.000000E+30    1.000000E+30    1.000000E+30    1.000000E+30    1.000000E+30    1.000000E+30    1.000000E+30    1.000000E+30    1.000000E+30    1.000000E+30    1.000000E+30    1.000000E+30    1.000000E+30    1.000000E+30    1.000000E+30    1.000000E+30    1.000000E+30    1.000000E+30    1.000000E+30    1.000000E+30    1.000000E+30    1.000000E+30    1.000000E+30    1.000000E+30    1.000000E+30    1.000000E+30    1.000000E+30    1.438675E+01    1.433147E+01    1.423318E+01    1.416277E+01    1.411186E+01    1.407383E+01    1.404014E+01    1.401089E+01    1.398677E+01    1.396847E+01    1.395611E+01    1.394773E+01    1.394192E+01    1.393887E+01    1.393791E+01    1.393694E+01    1.393523E+01    1.393491E+01    1.393579E+01    1.393599E+01    1.000000E+30    1.000000E+30    1.000000E+30    1.000000E+30    1.000000E+30    1.000000E+30    1.000000E+30    1.000000E+30    1.000000E+30    1.000000E+30    1.000000E+30    1.000000E+30    1.000000E+30    1.000000E+30    1.000000E+30    1.000000E+30    1.000000E+30    1.000000E+30    1.000000E+30    1.000000E+30    1.000000E+30    1.000000E+30    1.000000E+30    1.000000E+30    1.000000E+30    1.000000E+30    1.000000E+30    1.000000E+30    1.000000E+30    1.000000E+30    1.000000E+30    1.000000E+30    1.000000E+30    1.000000E+30    1.000000E+30    1.000000E+30    1.000000E+30    1.000000E+30    1.000000E+30    1.000000E+30    1.000000E+30    1.000000E+30    1.000000E+30    1.000000E+30    1.000000E+30    1.000000E+30    1.000000E+30    1.000000E+30    1.000000E+30
   1.000000E+30    1.466075E+01    1.455827E+01    1.446097E+01    1.436948E+01    1.428387E+01    1.420365E+01    1.412825E+01    1.405773E+01    1.399256E+01    1.393201E+01    1.387850E+01    1.383224E+01    1.379201E+01    1.375661E+01    1.372535E+01    1.369861E+01    1.367613E+01    1.365881E+01    1.364555E+01    1.363687E+01    1.363309E+01    1.363367E+01    1.363825E+01    1.364938E+01    1.367100E+01    1.370519E+01    1.374630E+01    1.379323E+01    1.384580E+01    1.390224E+01    1.396455E+01    1.402260E+01    1.408749E+01    1.000000E+30    1.000000E+30    1.000000E+30    1.000000E+30    1.000000E+30    1.000000E+30    1.000000E+30    1.000000E+30    1.000000E+30    1.000000E+30    1.000000E+30    1.000000E+30    1.000000E+30    1.000000E+30    1.000000E+30    1.000000E+30    1.000000E+30    1.000000E+30    1.000000E+30    1.000000E+30    1.000000E+30    1.000000E+30    1.000000E+30    1.000000E+30    1.000000E+30    1.000000E+30    1.000000E+30    1.000000E+30    1.000000E+30    1.000000E+30    1.000000E+30    1.000000E+30    1.000000E+30    1.000000E+30    1.000000E+30    1.000000E+30    1.000000E+30    1.000000E+30    1.000000E+30    1.000000E+30    1.000000E+30    1.000000E+30    1.000000E+30    1.000000E+30    1.000000E+30    1.000000E+30    1.000000E+30    1.000000E+30    1.000000E+30    1.000000E+30    1.441397E+01    1.434688E+01    1.426427E+01    1.420795E+01    1.416663E+01    1.413125E+01    1.410125E+01    1.407731E+01    1.405889E+01    1.404577E+01    1.403614E+01    1.402936E+01    1.402525E+01    1.402152E+01    1.401737E+01    1.401551E+01    1.401630E+01    1.401922E+01    1.000000E+30    1.000000E+30    1.000000E+30    1.000000E+30    1.000000E+30    1.000000E+30    1.000000E+30    1.000000E+30    1.000000E+30    1.000000E+30    1.000000E+30    1.000000E+30    1.000000E+30    1.000000E+30    1.000000E+30    1.000000E+30    1.000000E+30    1.000000E+30    1.000000E+30    1.000000E+30    1.000000E+30    1.000000E+30    1.000000E+30    1.000000E+30    1.000000E+30    1.000000E+30    1.000000E+30    1.000000E+30    1.000000E+30    1.000000E+30    1.000000E+30    1.000000E+30    1.000000E+30    1.000000E+30    1.000000E+30    1.000000E+30    1.000000E+30    1.000000E+30    1.000000E+30    1.000000E+30    1.000000E+30    1.000000E+30    1.000000E+30    1.000000E+30    1.000000E+30    1.000000E+30    1.000000E+30    1.000000E+30    1.000000E+30
   1.000000E+30    1.472904E+01    1.462611E+01    1.452858E+01    1.443717E+01    1.435181E+01    1.427225E+01    1.419778E+01    1.412840E+01    1.406464E+01    1.400532E+01    1.395200E+01    1.390640E+01    1.386797E+01    1.383496E+01    1.380661E+01    1.378257E+01    1.376335E+01    1.374953E+01    1.374084E+01    1.373690E+01    1.373757E+01    1.374249E+01    1.375640E+01    1.378078E+01    1.381657E+01    1.386046E+01    1.391186E+01    1.396825E+01    1.403187E+01    1.409421E+01    1.417457E+01    1.422085E+01    1.000000E+30    1.000000E+30    1.000000E+30    1.000000E+30    1.000000E+30    1.000000E+30    1.000000E+30    1.000000E+30    1.000000E+30    1.000000E+30    1.000000E+30    1.000000E+30    1.000000E+30    1.000000E+30    1.000000E+30    1.000000E+30    1.000000E+30    1.000000E+30    1.000000E+30    1.000000E+30    1.000000E+30    1.000000E+30    1.000000E+30    1.000000E+30    1.000000E+30    1.000000E+30    1.000000E+30    1.000000E+30    1.000000E+30    1.000000E+30    1.000000E+30    1.000000E+30    1.000000E+30    1.000000E+30    1.000000E+30    1.000000E+30    1.000000E+30    1.000000E+30    1.000000E+30    1.000000E+30    1.000000E+30    1.000000E+30    1.000000E+30    1.000000E+30    1.000000E+30    1.000000E+30    1.000000E+30    1.000000E+30    1.000000E+30    1.000000E+30    1.000000E+30    1.000000E+30    1.458293E+01    1.443944E+01    1.434936E+01    1.429501E+01    1.425477E+01    1.422066E+01    1.419219E+01    1.416882E+01    1.415088E+01    1.413814E+01    1.412814E+01    1.412107E+01    1.411493E+01    1.410893E+01    1.410560E+01    1.410700E+01    1.411832E+01    1.415594E+01    1.000000E+30    1.000000E+30    1.000000E+30    1.000000E+30    1.000000E+30    1.000000E+30    1.000000E+30    1.000000E+30    1.000000E+30    1.000000E+30    1.000000E+30    1.000000E+30    1.000000E+30    1.000000E+30    1.000000E+30    1.000000E+30    1.000000E+30    1.000000E+30    1.000000E+30    1.000000E+30    1.000000E+30    1.000000E+30    1.000000E+30    1.000000E+30    1.000000E+30    1.000000E+30    1.000000E+30    1.000000E+30    1.000000E+30    1.000000E+30    1.000000E+30    1.000000E+30    1.000000E+30    1.000000E+30    1.000000E+30    1.000000E+30    1.000000E+30    1.000000E+30    1.000000E+30    1.000000E+30    1.000000E+30    1.000000E+30    1.000000E+30    1.000000E+30    1.000000E+30    1.000000E+30    1.000000E+30    1.000000E+30
   1.000000E+30    1.480722E+01    1.470333E+01    1.460515E+01    1.451347E+01    1.442836E+01    1.434944E+01    1.427616E+01    1.420839E+01    1.414583E+01    1.408836E+01    1.403646E+01    1.399107E+01    1.395366E+01    1.392271E+01    1.389669E+01    1.387530E+01    1.385878E+01    1.384847E+01    1.384383E+01    1.384501E+01    1.385306E+01    1.386905E+01    1.389653E+01    1.393326E+01    1.397743E+01    1.403112E+01    1.409496E+01    1.415833E+01    1.424100E+01    1.428947E+01    1.000000E+30    1.000000E+30    1.000000E+30    1.000000E+30    1.000000E+30    1.000000E+30    1.000000E+30    1.000000E+30    1.000000E+30    1.000000E+30    1.000000E+30    1.000000E+30    1.000000E+30    1.000000E+30    1.000000E+30    1.000000E+30    1.000000E+30    1.000000E+30    1.000000E+30    1.000000E+30    1.000000E+30    1.000000E+30    1.000000E+30    1.000000E+30    1.000000E+30    1.000000E+30    1.000000E+30    1.000000E+30    1.000000E+30    1.000000E+30    1.000000E+30    1.000000E+30    1.000000E+30    1.000000E+30    1.000000E+30    1.000000E+30    1.000000E+30    1.000000E+30    1.000000E+30    1.000000E+30    1.000000E+30    1.000000E+30    1.000000E+30    1.000000E+30    1.000000E+30    1.000000E+30    1.000000E+30    1.000000E+30    1.000000E+30    1.000000E+30    1.000000E+30    1.000000E+30    1.000000E+30    1.000000E+30    1.471438E+01    1.459786E+01    1.450064E+01    1.442937E+01    1.438189E+01    1.434507E+01    1.431308E+01    1.428679E+01    1.426500E+01    1.424843E+01    1.423546E+01    1.422506E+01    1.421642E+01    1.420864E+01    1.420226E+01    1.420022E+01    1.420407E+01    1.421337E+01    1.000000E+30    1.000000E+30    1.000000E+30    1.000000E+30    1.000000E+30    1.000000E+30    1.000000E+30    1.000000E+30    1.000000E+30    1.000000E+30    1.000000E+30    1.000000E+30    1.000000E+30    1.000000E+30    1.000000E+30    1.000000E+30    1.000000E+30    1.000000E+30    1.000000E+30    1.000000E+30    1.000000E+30    1.000000E+30    1.000000E+30    1.000000E+30    1.000000E+30    1.000000E+30    1.000000E+30    1.000000E+30    1.000000E+30    1.000000E+30    1.000000E+30    1.000000E+30    1.000000E+30    1.000000E+30    1.000000E+30    1.000000E+30    1.000000E+30    1.000000E+30    1.000000E+30    1.000000E+30    1.000000E+30    1.000000E+30    1.000000E+30    1.000000E+30    1.000000E+30    1.000000E+30    1.000000E+30    1.000000E+30
   1.000000E+30    1.489601E+01    1.479096E+01    1.469180E+01    1.459945E+01    1.451413E+01    1.443572E+01    1.436338E+01    1.429731E+01    1.423691E+01    1.418150E+01    1.413178E+01    1.408720E+01    1.404966E+01    1.402050E+01    1.399665E+01    1.397728E+01    1.396327E+01    1.395664E+01    1.395889E+01    1.396991E+01    1.399013E+01    1.402073E+01    1.405763E+01    1.410178E+01    1.415219E+01    1.421479E+01    1.430116E+01    1.435121E+01    1.000000E+30    1.000000E+30    1.000000E+30    1.000000E+30    1.000000E+30    1.000000E+30    1.000000E+30    1.000000E+30    1.000000E+30    1.000000E+30    1.000000E+30    1.000000E+30    1.000000E+30    1.000000E+30    1.000000E+30    1.000000E+30    1.000000E+30    1.000000E+30    1.000000E+30    1.000000E+30    1.000000E+30    1.000000E+30    1.000000E+30    1.000000E+30    1.000000E+30    1.000000E+30    1.000000E+30    1.000000E+30    1.000000E+30    1.000000E+30    1.000000E+30    1.000000E+30    1.000000E+30    1.000000E+30    1.000000E+30    1.000000E+30    1.000000E+30    1.000000E+30    1.000000E+30    1.000000E+30    1.000000E+30    1.000000E+30    1.000000E+30    1.000000E+30    1.000000E+30    1.000000E+30    1.000000E+30    1.000000E+30    1.000000E+30    1.000000E+30    1.000000E+30    1.000000E+30    1.000000E+30    1.000000E+30    1.000000E+30    1.000000E+30    1.000000E+30    1.475425E+01    1.466340E+01    1.458328E+01    1.452061E+01    1.447432E+01    1.443952E+01    1.441064E+01    1.438702E+01    1.436712E+01    1.435086E+01    1.433684E+01    1.432538E+01    1.431545E+01    1.430570E+01    1.429812E+01    1.429423E+01    1.429269E+01    1.000000E+30    1.000000E+30    1.000000E+30    1.000000E+30    1.000000E+30    1.000000E+30    1.000000E+30    1.000000E+30    1.000000E+30    1.000000E+30    1.000000E+30    1.000000E+30    1.000000E+30    1.000000E+30    1.000000E+30    1.000000E+30    1.000000E+30    1.000000E+30    1.000000E+30    1.000000E+30    1.000000E+30    1.000000E+30    1.000000E+30    1.000000E+30    1.000000E+30    1.000000E+30    1.000000E+30    1.000000E+30    1.000000E+30    1.000000E+30    1.000000E+30    1.000000E+30    1.000000E+30    1.000000E+30    1.000000E+30    1.000000E+30    1.000000E+30    1.000000E+30    1.000000E+30    1.000000E+30    1.000000E+30    1.000000E+30    1.000000E+30    1.000000E+30    1.000000E+30    1.000000E+30    1.000000E+30    1.000000E+30
   1.000000E+30    1.499633E+01    1.488990E+01    1.478946E+01    1.469628E+01    1.461074E+01    1.453254E+01    1.446098E+01    1.439593E+01    1.433754E+01    1.428482E+01    1.423781E+01    1.419557E+01    1.415831E+01    1.412992E+01    1.410774E+01    1.409096E+01    1.408277E+01    1.408436E+01    1.409739E+01    1.412059E+01    1.415172E+01    1.419077E+01    1.423560E+01    1.428792E+01    1.433850E+01    1.439755E+01    1.000000E+30    1.000000E+30    1.000000E+30    1.000000E+30    1.000000E+30    1.000000E+30    1.000000E+30    1.000000E+30    1.000000E+30    1.000000E+30    1.000000E+30    1.000000E+30    1.000000E+30    1.000000E+30    1.000000E+30    1.000000E+30    1.000000E+30    1.000000E+30    1.000000E+30    1.000000E+30    1.000000E+30    1.000000E+30    1.000000E+30    1.000000E+30    1.000000E+30    1.000000E+30    1.000000E+30    1.000000E+30    1.000000E+30    1.000000E+30    1.000000E+30    1.000000E+30    1.000000E+30    1.000000E+30    1.000000E+30    1.000000E+30    1.000000E+30    1.000000E+30    1.000000E+30    1.000000E+30    1.000000E+30    1.000000E+30    1.000000E+30    1.000000E+30    1.000000E+30    1.000000E+30    1.000000E+30    1.000000E+30    1.000000E+30    1.000000E+30    1.000000E+30    1.000000E+30    1.000000E+30    1.000000E+30    1.000000E+30    1.000000E+30    1.000000E+30    1.000000E+30    1.000000E+30    1.000000E+30    1.483324E+01    1.475644E+01    1.468606E+01    1.462002E+01    1.457132E+01    1.453935E+01    1.451395E+01    1.449231E+01    1.447310E+01    1.445611E+01    1.444152E+01    1.442813E+01    1.441470E+01    1.440146E+01    1.439019E+01    1.438145E+01    1.000000E+30    1.000000E+30    1.000000E+30    1.000000E+30    1.000000E+30    1.000000E+30    1.000000E+30    1.000000E+30    1.000000E+30    1.000000E+30    1.000000E+30    1.000000E+30    1.000000E+30    1.000000E+30    1.000000E+30    1.000000E+30    1.000000E+30    1.000000E+30    1.000000E+30    1.000000E+30    1.000000E+30    1.000000E+30    1.000000E+30    1.000000E+30    1.000000E+30    1.000000E+30    1.000000E+30    1.000000E+30    1.000000E+30    1.000000E+30    1.000000E+30    1.000000E+30    1.000000E+30    1.000000E+30    1.000000E+30    1.000000E+30    1.000000E+30    1.000000E+30    1.000000E+30    1.000000E+30    1.000000E+30    1.000000E+30    1.000000E+30    1.000000E+30    1.000000E+30    1.000000E+30    1.000000E+30    1.000000E+30
   1.000000E+30    1.510946E+01    1.499905E+01    1.489668E+01    1.480311E+01    1.471795E+01    1.464027E+01    1.456963E+01    1.450546E+01    1.444846E+01    1.439814E+01    1.435347E+01    1.431425E+01    1.427971E+01    1.425163E+01    1.423158E+01    1.422186E+01    1.422380E+01    1.423630E+01    1.425841E+01    1.429062E+01    1.433062E+01    1.437989E+01    1.443068E+01    1.449982E+01    1.453988E+01    1.000000E+30    1.000000E+30    1.000000E+30    1.000000E+30    1.000000E+30    1.000000E+30    1.000000E+30    1.000000E+30    1.000000E+30    1.000000E+30    1.000000E+30    1.000000E+30    1.000000E+30    1.000000E+30    1.000000E+30    1.000000E+30    1.000000E+30    1.000000E+30    1.000000E+30    1.000000E+30    1.000000E+30    1.000000E+30    1.000000E+30    1.000000E+30    1.000000E+30    1.000000E+30    1.000000E+30    1.000000E+30    1.000000E+30    1.000000E+30    1.000000E+30    1.000000E+30    1.000000E+30    1.000000E+30    1.000000E+30    1.000000E+30    1.000000E+30    1.000000E+30    1.000000E+30    1.000000E+30    1.000000E+30    1.000000E+30    1.000000E+30    1.000000E+30    1.000000E+30    1.000000E+30    1.000000E+30    1.000000E+30    1.000000E+30    1.000000E+30    1.000000E+30    1.000000E+30    1.000000E+30    1.000000E+30    1.000000E+30    1.000000E+30    1.000000E+30    1.000000E+30    1.000000E+30    1.000000E+30    1.000000E+30    1.000000E+30    1.494170E+01    1.488113E+01    1.479390E+01    1.472006E+01    1.467260E+01    1.464546E+01    1.462276E+01    1.460203E+01    1.458324E+01    1.456577E+01    1.454841E+01    1.453046E+01    1.451406E+01    1.449872E+01    1.448724E+01    1.000000E+30    1.000000E+30    1.000000E+30    1.000000E+30    1.000000E+30    1.000000E+30    1.000000E+30    1.000000E+30    1.000000E+30    1.000000E+30    1.000000E+30    1.000000E+30    1.000000E+30    1.000000E+30    1.000000E+30    1.000000E+30    1.000000E+30    1.000000E+30    1.000000E+30    1.000000E+30    1.000000E+30    1.000000E+30    1.000000E+30    1.000000E+30    1.000000E+30    1.000000E+30    1.000000E+30    1.000000E+30    1.000000E+30    1.000000E+30    1.000000E+30    1.000000E+30    1.000000E+30    1.000000E+30    1.000000E+30    1.000000E+30    1.000000E+30    1.000000E+30    1.000000E+30    1.000000E+30    1.000000E+30    1.000000E+30    1.000000E+30    1.000000E+30    1.000000E+30    1.000000E+30    1.000000E+30    1.000000E+30
   1.543684E+01    1.525595E+01    1.512664E+01    1.501877E+01    1.492322E+01    1.483688E+01    1.475848E+01    1.468761E+01    1.462388E+01    1.456755E+01    1.451859E+01    1.447658E+01    1.444100E+01    1.441075E+01    1.438608E+01    1.437333E+01    1.437402E+01    1.438443E+01    1.440448E+01    1.443606E+01    1.447957E+01    1.452640E+01    1.459269E+01    1.463190E+01    1.000000E+30    1.000000E+30    1.000000E+30    1.000000E+30    1.000000E+30    1.000000E+30    1.000000E+30    1.000000E+30    1.000000E+30    1.000000E+30    1.000000E+30    1.000000E+30    1.000000E+30    1.000000E+30    1.000000E+30    1.000000E+30    1.000000E+30    1.000000E+30    1.000000E+30    1.000000E+30    1.000000E+30    1.000000E+30    1.000000E+30    1.000000E+30    1.000000E+30    1.000000E+30    1.000000E+30    1.000000E+30    1.000000E+30    1.000000E+30    1.000000E+30    1.000000E+30    1.000000E+30    1.000000E+30    1.000000E+30    1.000000E+30    1.000000E+30    1.000000E+30    1.000000E+30    1.000000E+30    1.000000E+30    1.000000E+30    1.000000E+30    1.000000E+30    1.000000E+30    1.000000E+30    1.000000E+30    1.000000E+30    1.000000E+30    1.000000E+30    1.000000E+30    1.000000E+30    1.000000E+30    1.000000E+30    1.000000E+30    1.000000E+30    1.000000E+30    1.000000E+30    1.000000E+30    1.000000E+30    1.000000E+30    1.000000E+30    1.000000E+30    1.000000E+30    1.000000E+30    1.512229E+01    1.498350E+01    1.488993E+01    1.482199E+01    1.478439E+01    1.476189E+01    1.474003E+01    1.471944E+01    1.469952E+01    1.467910E+01    1.465795E+01    1.463936E+01    1.462238E+01    1.461021E+01    1.000000E+30    1.000000E+30    1.000000E+30    1.000000E+30    1.000000E+30    1.000000E+30    1.000000E+30    1.000000E+30    1.000000E+30    1.000000E+30    1.000000E+30    1.000000E+30    1.000000E+30    1.000000E+30    1.000000E+30    1.000000E+30    1.000000E+30    1.000000E+30    1.000000E+30    1.000000E+30    1.000000E+30    1.000000E+30    1.000000E+30    1.000000E+30    1.000000E+30    1.000000E+30    1.000000E+30    1.000000E+30    1.000000E+30    1.000000E+30    1.000000E+30    1.000000E+30    1.000000E+30    1.000000E+30    1.000000E+30    1.000000E+30    1.000000E+30    1.000000E+30    1.000000E+30    1.000000E+30    1.000000E+30    1.000000E+30    1.000000E+30    1.000000E+30    1.000000E+30    1.000000E+30    1.000000E+30    1.000000E+30
   1.551251E+01    1.538276E+01    1.526354E+01    1.515745E+01    1.506285E+01    1.497728E+01    1.489917E+01    1.482800E+01    1.476412E+01    1.470734E+01    1.465755E+01    1.461505E+01    1.458023E+01    1.455382E+01    1.453873E+01    1.453700E+01    1.454501E+01    1.456227E+01    1.458891E+01    1.462936E+01    1.469224E+01    1.472899E+01    1.000000E+30    1.000000E+30    1.000000E+30    1.000000E+30    1.000000E+30    1.000000E+30    1.000000E+30    1.000000E+30    1.000000E+30    1.000000E+30    1.000000E+30    1.000000E+30    1.000000E+30    1.000000E+30    1.000000E+30    1.000000E+30    1.000000E+30    1.000000E+30    1.000000E+30    1.000000E+30    1.000000E+30    1.000000E+30    1.000000E+30    1.000000E+30    1.000000E+30    1.000000E+30    1.000000E+30    1.000000E+30    1.000000E+30    1.000000E+30    1.000000E+30    1.000000E+30    1.000000E+30    1.000000E+30    1.000000E+30    1.000000E+30    1.000000E+30    1.000000E+30    1.000000E+30    1.000000E+30    1.000000E+30    1.000000E+30    1.000000E+30    1.000000E+30    1.000000E+30    1.000000E+30    1.000000E+30    1.000000E+30    1.000000E+30    1.000000E+30    1.000000E+30    1.000000E+30    1.000000E+30    1.000000E+30    1.000000E+30    1.000000E+30    1.000000E+30    1.000000E+30    1.000000E+30    1.000000E+30    1.000000E+30    1.000000E+30    1.000000E+30    1.000000E+30    1.000000E+30    1.000000E+30    1.000000E+30    1.525763E+01    1.514861E+01    1.506068E+01    1.499044E+01    1.493864E+01    1.491379E+01    1.489001E+01    1.486645E+01    1.484369E+01    1.482038E+01    1.479637E+01    1.477544E+01    1.475739E+01    1.474394E+01    1.000000E+30    1.000000E+30    1.000000E+30    1.000000E+30    1.000000E+30    1.000000E+30    1.000000E+30    1.000000E+30    1.000000E+30    1.000000E+30    1.000000E+30    1.000000E+30    1.000000E+30    1.000000E+30    1.000000E+30    1.000000E+30    1.000000E+30    1.000000E+30    1.000000E+30    1.000000E+30    1.000000E+30    1.000000E+30    1.000000E+30    1.000000E+30    1.000000E+30    1.000000E+30    1.000000E+30    1.000000E+30    1.000000E+30    1.000000E+30    1.000000E+30    1.000000E+30    1.000000E+30    1.000000E+30    1.000000E+30    1.000000E+30    1.000000E+30    1.000000E+30    1.000000E+30    1.000000E+30    1.000000E+30    1.000000E+30    1.000000E+30    1.000000E+30    1.000000E+30    1.000000E+30    1.000000E+30    1.000000E+30
   1.562965E+01    1.551131E+01    1.540029E+01    1.529849E+01    1.520726E+01    1.512544E+01    1.505099E+01    1.498242E+01    1.492015E+01    1.486464E+01    1.481602E+01    1.477399E+01    1.473992E+01    1.471932E+01    1.471442E+01    1.471996E+01    1.473461E+01    1.475924E+01    1.478769E+01    1.482748E+01    1.000000E+30    1.000000E+30    1.000000E+30    1.000000E+30    1.000000E+30    1.000000E+30    1.000000E+30    1.000000E+30    1.000000E+30    1.000000E+30    1.000000E+30    1.000000E+30    1.000000E+30    1.000000E+30    1.000000E+30    1.000000E+30    1.000000E+30    1.000000E+30    1.000000E+30    1.000000E+30    1.000000E+30    1.000000E+30    1.000000E+30    1.000000E+30    1.000000E+30    1.000000E+30    1.000000E+30    1.000000E+30    1.000000E+30    1.000000E+30    1.000000E+30    1.000000E+30    1.000000E+30    1.000000E+30    1.000000E+30    1.000000E+30    1.000000E+30    1.000000E+30    1.000000E+30    1.000000E+30    1.000000E+30    1.000000E+30    1.000000E+30    1.000000E+30    1.000000E+30    1.000000E+30    1.000000E+30    1.000000E+30    1.000000E+30    1.000000E+30    1.000000E+30    1.000000E+30    1.000000E+30    1.000000E+30    1.000000E+30    1.000000E+30    1.000000E+30    1.000000E+30    1.000000E+30    1.000000E+30    1.000000E+30    1.000000E+30    1.000000E+30    1.000000E+30    1.000000E+30    1.000000E+30    1.000000E+30    1.000000E+30    1.000000E+30    1.000000E+30    1.531376E+01    1.523570E+01    1.517011E+01    1.511447E+01    1.507863E+01    1.505335E+01    1.502574E+01    1.499882E+01    1.497217E+01    1.494506E+01    1.492106E+01    1.490151E+01    1.488726E+01    1.000000E+30    1.000000E+30    1.000000E+30    1.000000E+30    1.000000E+30    1.000000E+30    1.000000E+30    1.000000E+30    1.000000E+30    1.000000E+30    1.000000E+30    1.000000E+30    1.000000E+30    1.000000E+30    1.000000E+30    1.000000E+30    1.000000E+30    1.000000E+30    1.000000E+30    1.000000E+30    1.000000E+30    1.000000E+30    1.000000E+30    1.000000E+30    1.000000E+30    1.000000E+30    1.000000E+30    1.000000E+30    1.000000E+30    1.000000E+30    1.000000E+30    1.000000E+30    1.000000E+30    1.000000E+30    1.000000E+30    1.000000E+30    1.000000E+30    1.000000E+30    1.000000E+30    1.000000E+30    1.000000E+30    1.000000E+30    1.000000E+30    1.000000E+30    1.000000E+30    1.000000E+30    1.000000E+30    1.000000E+30
   1.577883E+01    1.566522E+01    1.555870E+01    1.545881E+01    1.536615E+01    1.528180E+01    1.520528E+01    1.513580E+01    1.507373E+01    1.501906E+01    1.497380E+01    1.493898E+01    1.491652E+01    1.490708E+01    1.490938E+01    1.492321E+01    1.494368E+01    1.498092E+01    1.500299E+01    1.000000E+30    1.000000E+30    1.000000E+30    1.000000E+30    1.000000E+30    1.000000E+30    1.000000E+30    1.000000E+30    1.000000E+30    1.000000E+30    1.000000E+30    1.000000E+30    1.000000E+30    1.000000E+30    1.000000E+30    1.000000E+30    1.000000E+30    1.000000E+30    1.000000E+30    1.000000E+30    1.000000E+30    1.000000E+30    1.000000E+30    1.000000E+30    1.000000E+30    1.000000E+30    1.000000E+30    1.000000E+30    1.000000E+30    1.000000E+30    1.000000E+30    1.000000E+30    1.000000E+30    1.000000E+30    1.000000E+30    1.000000E+30    1.000000E+30    1.000000E+30    1.000000E+30    1.000000E+30    1.000000E+30    1.000000E+30    1.000000E+30    1.000000E+30    1.000000E+30    1.000000E+30    1.000000E+30    1.000000E+30    1.000000E+30    1.000000E+30    1.000000E+30    1.000000E+30    1.000000E+30    1.000000E+30    1.000000E+30    1.000000E+30    1.000000E+30    1.000000E+30    1.000000E+30    1.000000E+30    1.000000E+30    1.000000E+30    1.000000E+30    1.000000E+30    1.000000E+30    1.000000E+30    1.000000E+30    1.000000E+30    1.000000E+30    1.000000E+30    1.000000E+30    1.000000E+30    1.542037E+01    1.536298E+01    1.531302E+01    1.526374E+01    1.523233E+01    1.519792E+01    1.516481E+01    1.513354E+01    1.510293E+01    1.507544E+01    1.505393E+01    1.503940E+01    1.000000E+30    1.000000E+30    1.000000E+30    1.000000E+30    1.000000E+30    1.000000E+30    1.000000E+30    1.000000E+30    1.000000E+30    1.000000E+30    1.000000E+30    1.000000E+30    1.000000E+30    1.000000E+30    1.000000E+30    1.000000E+30    1.000000E+30    1.000000E+30    1.000000E+30    1.000000E+30    1.000000E+30    1.000000E+30    1.000000E+30    1.000000E+30    1.000000E+30    1.000000E+30    1.000000E+30    1.000000E+30    1.000000E+30    1.000000E+30    1.000000E+30    1.000000E+30    1.000000E+30    1.000000E+30    1.000000E+30    1.000000E+30    1.000000E+30    1.000000E+30    1.000000E+30    1.000000E+30    1.000000E+30    1.000000E+30    1.000000E+30    1.000000E+30    1.000000E+30    1.000000E+30    1.000000E+30    1.000000E+30
   1.594722E+01    1.583725E+01    1.573239E+01    1.563369E+01    1.554022E+01    1.545390E+01    1.537585E+01    1.530485E+01    1.524318E+01    1.519189E+01    1.515266E+01    1.512623E+01    1.511376E+01    1.511184E+01    1.512191E+01    1.514874E+01    1.516458E+01    1.000000E+30    1.000000E+30    1.000000E+30    1.000000E+30    1.000000E+30    1.000000E+30    1.000000E+30    1.000000E+30    1.000000E+30    1.000000E+30    1.000000E+30    1.000000E+30    1.000000E+30    1.000000E+30    1.000000E+30    1.000000E+30    1.000000E+30    1.000000E+30    1.000000E+30    1.000000E+30    1.000000E+30    1.000000E+30    1.000000E+30    1.000000E+30    1.000000E+30    1.000000E+30    1.000000E+30    1.000000E+30    1.000000E+30    1.000000E+30    1.000000E+30    1.000000E+30    1.000000E+30    1.000000E+30    1.000000E+30    1.000000E+30    1.000000E+30    1.000000E+30    1.000000E+30    1.000000E+30    1.000000E+30    1.000000E+30    1.000000E+30    1.000000E+30    1.000000E+30    1.000000E+30    1.000000E+30    1.000000E+30    1.000000E+30    1.000000E+30    1.000000E+30    1.000000E+30    1.000000E+30    1.000000E+30    1.000000E+30    1.000000E+30    1.000000E+30    1.000000E+30    1.000000E+30    1.000000E+30    1.000000E+30    1.000000E+30    1.000000E+30    1.000000E+30    1.000000E+30    1.000000E+30    1.000000E+30    1.000000E+30    1.000000E+30    1.000000E+30    1.000000E+30    1.000000E+30    1.000000E+30    1.000000E+30    1.000000E+30    1.557184E+01    1.554016E+01    1.547522E+01    1.542929E+01    1.538277E+01    1.534102E+01    1.530367E+01    1.526839E+01    1.523728E+01    1.521389E+01    1.519933E+01    1.000000E+30    1.000000E+30    1.000000E+30    1.000000E+30    1.000000E+30    1.000000E+30    1.000000E+30    1.000000E+30    1.000000E+30    1.000000E+30    1.000000E+30    1.000000E+30    1.000000E+30    1.000000E+30    1.000000E+30    1.000000E+30    1.000000E+30    1.000000E+30    1.000000E+30    1.000000E+30    1.000000E+30    1.000000E+30    1.000000E+30    1.000000E+30    1.000000E+30    1.000000E+30    1.000000E+30    1.000000E+30    1.000000E+30    1.000000E+30    1.000000E+30    1.000000E+30    1.000000E+30    1.000000E+30    1.000000E+30    1.000000E+30    1.000000E+30    1.000000E+30    1.000000E+30    1.000000E+30    1.000000E+30    1.000000E+30    1.000000E+30    1.000000E+30    1.000000E+30    1.000000E+30    1.000000E+30    1.000000E+30
   1.613124E+01    1.602146E+01    1.591586E+01    1.581576E+01    1.572146E+01    1.563412E+01    1.555636E+01    1.548827E+01    1.543226E+01    1.538923E+01    1.535918E+01    1.534104E+01    1.533290E+01    1.533341E+01    1.534603E+01    1.000000E+30    1.000000E+30    1.000000E+30    1.000000E+30    1.000000E+30    1.000000E+30    1.000000E+30    1.000000E+30    1.000000E+30    1.000000E+30    1.000000E+30    1.000000E+30    1.000000E+30    1.000000E+30    1.000000E+30    1.000000E+30    1.000000E+30    1.000000E+30    1.000000E+30    1.000000E+30    1.000000E+30    1.000000E+30    1.000000E+30    1.000000E+30    1.000000E+30    1.000000E+30    1.000000E+30    1.000000E+30    1.000000E+30    1.000000E+30    1.000000E+30    1.000000E+30    1.000000E+30    1.000000E+30    1.000000E+30    1.000000E+30    1.000000E+30    1.000000E+30    1.000000E+30    1.000000E+30    1.000000E+30    1.000000E+30    1.000000E+30    1.000000E+30    1.000000E+30    1.000000E+30    1.000000E+30    1.000000E+30    1.000000E+30    1.000000E+30    1.000000E+30    1.000000E+30    1.000000E+30    1.000000E+30    1.000000E+30    1.000000E+30    1.000000E+30    1.000000E+30    1.000000E+30    1.000000E+30    1.000000E+30    1.000000E+30    1.000000E+30    1.000000E+30    1.000000E+30    1.000000E+30    1.000000E+30    1.000000E+30    1.000000E+30    1.000000E+30    1.000000E+30    1.000000E+30    1.000000E+30    1.000000E+30    1.000000E+30    1.000000E+30    1.000000E+30    1.000000E+30    1.582983E+01    1.571033E+01    1.563916E+01    1.557867E+01    1.552604E+01    1.548143E+01    1.544096E+01    1.540580E+01    1.538054E+01    1.536666E+01    1.000000E+30    1.000000E+30    1.000000E+30    1.000000E+30    1.000000E+30    1.000000E+30    1.000000E+30    1.000000E+30    1.000000E+30    1.000000E+30    1.000000E+30    1.000000E+30    1.000000E+30    1.000000E+30    1.000000E+30    1.000000E+30    1.000000E+30    1.000000E+30    1.000000E+30    1.000000E+30    1.000000E+30    1.000000E+30    1.000000E+30    1.000000E+30    1.000000E+30    1.000000E+30    1.000000E+30    1.000000E+30    1.000000E+30    1.000000E+30    1.000000E+30    1.000000E+30    1.000000E+30    1.000000E+30    1.000000E+30    1.000000E+30    1.000000E+30    1.000000E+30    1.000000E+30    1.000000E+30    1.000000E+30    1.000000E+30    1.000000E+30    1.000000E+30    1.000000E+30    1.000000E+30    1.000000E+30    1.000000E+30
   1.632892E+01    1.621772E+01    1.611135E+01    1.600910E+01    1.591409E+01    1.582857E+01    1.575532E+01    1.569564E+01    1.564873E+01    1.561380E+01    1.558862E+01    1.557422E+01    1.557173E+01    1.557112E+01    1.000000E+30    1.000000E+30    1.000000E+30    1.000000E+30    1.000000E+30    1.000000E+30    1.000000E+30    1.000000E+30    1.000000E+30    1.000000E+30    1.000000E+30    1.000000E+30    1.000000E+30    1.000000E+30    1.000000E+30    1.000000E+30    1.000000E+30    1.000000E+30    1.000000E+30    1.000000E+30    1.000000E+30    1.000000E+30    1.000000E+30    1.000000E+30    1.000000E+30    1.000000E+30    1.000000E+30    1.000000E+30    1.000000E+30    1.000000E+30    1.000000E+30    1.000000E+30    1.000000E+30    1.000000E+30    1.000000E+30    1.000000E+30    1.000000E+30    1.000000E+30    1.000000E+30    1.000000E+30    1.000000E+30    1.000000E+30    1.000000E+30    1.000000E+30    1.000000E+30    1.000000E+30    1.000000E+30    1.000000E+30    1.000000E+30    1.000000E+30    1.000000E+30    1.000000E+30    1.000000E+30    1.000000E+30    1.000000E+30    1.000000E+30    1.000000E+30    1.000000E+30    1.000000E+30    1.000000E+30    1.000000E+30    1.000000E+30    1.000000E+30    1.000000E+30    1.000000E+30    1.000000E+30    1.000000E+30    1.000000E+30    1.000000E+30    1.000000E+30    1.000000E+30    1.000000E+30    1.000000E+30    1.000000E+30    1.000000E+30    1.000000E+30    1.000000E+30    1.000000E+30    1.000000E+30    1.600498E+01    1.594436E+01    1.585572E+01    1.578232E+01    1.571792E+01    1.566543E+01    1.561990E+01    1.558000E+01    1.555219E+01    1.553806E+01    1.000000E+30    1.000000E+30    1.000000E+30    1.000000E+30    1.000000E+30    1.000000E+30    1.000000E+30    1.000000E+30    1.000000E+30    1.000000E+30    1.000000E+30    1.000000E+30    1.000000E+30    1.000000E+30    1.000000E+30    1.000000E+30    1.000000E+30    1.000000E+30    1.000000E+30    1.000000E+30    1.000000E+30    1.000000E+30    1.000000E+30    1.000000E+30    1.000000E+30    1.000000E+30    1.000000E+30    1.000000E+30    1.000000E+30    1.000000E+30    1.000000E+30    1.000000E+30    1.000000E+30    1.000000E+30    1.000000E+30    1.000000E+30    1.000000E+30    1.000000E+30    1.000000E+30    1.000000E+30    1.000000E+30    1.000000E+30    1.000000E+30    1.000000E+30    1.000000E+30    1.000000E+30    1.000000E+30    1.000000E+30
   1.653842E+01    1.642737E+01    1.631993E+01    1.621856E+01    1.612577E+01    1.604690E+01    1.598204E+01    1.593037E+01    1.588760E+01    1.585682E+01    1.583532E+01    1.582343E+01    1.000000E+30    1.000000E+30    1.000000E+30    1.000000E+30    1.000000E+30    1.000000E+30    1.000000E+30    1.000000E+30    1.000000E+30    1.000000E+30    1.000000E+30    1.000000E+30    1.000000E+30    1.000000E+30    1.000000E+30    1.000000E+30    1.000000E+30    1.000000E+30    1.000000E+30    1.000000E+30    1.000000E+30    1.000000E+30    1.000000E+30    1.000000E+30    1.000000E+30    1.000000E+30    1.000000E+30    1.000000E+30    1.000000E+30    1.000000E+30    1.000000E+30    1.000000E+30    1.000000E+30    1.000000E+30    1.000000E+30    1.000000E+30    1.000000E+30    1.000000E+30    1.000000E+30    1.000000E+30    1.000000E+30    1.000000E+30    1.000000E+30    1.000000E+30    1.000000E+30    1.000000E+30    1.000000E+30    1.000000E+30    1.000000E+30    1.000000E+30    1.000000E+30    1.000000E+30    1.000000E+30    1.000000E+30    1.000000E+30    1.000000E+30    1.000000E+30    1.000000E+30    1.000000E+30    1.000000E+30    1.000000E+30    1.000000E+30    1.000000E+30    1.000000E+30    1.000000E+30    1.000000E+30    1.000000E+30    1.000000E+30    1.000000E+30    1.000000E+30    1.000000E+30    1.000000E+30    1.000000E+30    1.000000E+30    1.000000E+30    1.000000E+30    1.000000E+30    1.000000E+30    1.000000E+30    1.000000E+30    1.000000E+30    1.000000E+30    1.624220E+01    1.608855E+01    1.599202E+01    1.591429E+01    1.585356E+01    1.580340E+01    1.575903E+01    1.572754E+01    1.571158E+01    1.000000E+30    1.000000E+30    1.000000E+30    1.000000E+30    1.000000E+30    1.000000E+30    1.000000E+30    1.000000E+30    1.000000E+30    1.000000E+30    1.000000E+30    1.000000E+30    1.000000E+30    1.000000E+30    1.000000E+30    1.000000E+30    1.000000E+30    1.000000E+30    1.000000E+30    1.000000E+30    1.000000E+30    1.000000E+30    1.000000E+30    1.000000E+30    1.000000E+30    1.000000E+30    1.000000E+30    1.000000E+30    1.000000E+30    1.000000E+30    1.000000E+30    1.000000E+30    1.000000E+30    1.000000E+30    1.000000E+30    1.000000E+30    1.000000E+30    1.000000E+30    1.000000E+30    1.000000E+30    1.000000E+30    1.000000E+30    1.000000E+30    1.000000E+30    1.000000E+30    1.000000E+30    1.000000E+30    1.000000E+30
   1.676662E+01    1.665556E+01    1.654709E+01    1.644945E+01    1.636360E+01    1.629119E+01    1.623219E+01    1.618441E+01    1.614248E+01    1.611832E+01    1.000000E+30    1.000000E+30    1.000000E+30    1.000000E+30    1.000000E+30    1.000000E+30    1.000000E+30    1.000000E+30    1.000000E+30    1.000000E+30    1.000000E+30    1.000000E+30    1.000000E+30    1.000000E+30    1.000000E+30    1.000000E+30    1.000000E+30    1.000000E+30    1.000000E+30    1.000000E+30    1.000000E+30    1.000000E+30    1.000000E+30    1.000000E+30    1.000000E+30    1.000000E+30    1.000000E+30    1.000000E+30    1.000000E+30    1.000000E+30    1.000000E+30    1.000000E+30    1.000000E+30    1.000000E+30    1.000000E+30    1.000000E+30    1.000000E+30    1.000000E+30    1.000000E+30    1.000000E+30    1.000000E+30    1.000000E+30    1.000000E+30    1.000000E+30    1.000000E+30    1.000000E+30    1.000000E+30    1.000000E+30    1.000000E+30    1.000000E+30    1.000000E+30    1.000000E+30    1.000000E+30    1.000000E+30    1.000000E+30    1.000000E+30    1.000000E+30    1.000000E+30    1.000000E+30    1.000000E+30    1.000000E+30    1.000000E+30    1.000000E+30    1.000000E+30    1.000000E+30    1.000000E+30    1.000000E+30    1.000000E+30    1.000000E+30    1.000000E+30    1.000000E+30    1.000000E+30    1.000000E+30    1.000000E+30    1.000000E+30    1.000000E+30    1.000000E+30    1.000000E+30    1.000000E+30    1.000000E+30    1.000000E+30    1.000000E+30    1.000000E+30    1.000000E+30    1.648704E+01    1.631146E+01    1.619901E+01    1.611164E+01    1.604370E+01    1.598860E+01    1.594145E+01    1.590583E+01    1.588621E+01    1.000000E+30    1.000000E+30    1.000000E+30    1.000000E+30    1.000000E+30    1.000000E+30    1.000000E+30    1.000000E+30    1.000000E+30    1.000000E+30    1.000000E+30    1.000000E+30    1.000000E+30    1.000000E+30    1.000000E+30    1.000000E+30    1.000000E+30    1.000000E+30    1.000000E+30    1.000000E+30    1.000000E+30    1.000000E+30    1.000000E+30    1.000000E+30    1.000000E+30    1.000000E+30    1.000000E+30    1.000000E+30    1.000000E+30    1.000000E+30    1.000000E+30    1.000000E+30    1.000000E+30    1.000000E+30    1.000000E+30    1.000000E+30    1.000000E+30    1.000000E+30    1.000000E+30    1.000000E+30    1.000000E+30    1.000000E+30    1.000000E+30    1.000000E+30    1.000000E+30    1.000000E+30    1.000000E+30    1.000000E+30
   1.703037E+01    1.691368E+01    1.680518E+01    1.670802E+01    1.662524E+01    1.655316E+01    1.649959E+01    1.646044E+01    1.000000E+30    1.000000E+30    1.000000E+30    1.000000E+30    1.000000E+30    1.000000E+30    1.000000E+30    1.000000E+30    1.000000E+30    1.000000E+30    1.000000E+30    1.000000E+30    1.000000E+30    1.000000E+30    1.000000E+30    1.000000E+30    1.000000E+30    1.000000E+30    1.000000E+30    1.000000E+30    1.000000E+30    1.000000E+30    1.000000E+30    1.000000E+30    1.000000E+30    1.000000E+30    1.000000E+30    1.000000E+30    1.000000E+30    1.000000E+30    1.000000E+30    1.000000E+30    1.000000E+30    1.000000E+30    1.000000E+30    1.000000E+30    1.000000E+30    1.000000E+30    1.000000E+30    1.000000E+30    1.000000E+30    1.000000E+30    1.000000E+30    1.000000E+30    1.000000E+30    1.000000E+30    1.000000E+30    1.000000E+30    1.000000E+30    1.000000E+30    1.000000E+30    1.000000E+30    1.000000E+30    1.000000E+30    1.000000E+30    1.000000E+30    1.000000E+30    1.000000E+30    1.000000E+30    1.000000E+30    1.000000E+30    1.000000E+30    1.000000E+30    1.000000E+30    1.000000E+30    1.000000E+30    1.000000E+30    1.000000E+30    1.000000E+30    1.000000E+30    1.000000E+30    1.000000E+30    1.000000E+30    1.000000E+30    1.000000E+30    1.000000E+30    1.000000E+30    1.000000E+30    1.000000E+30    1.000000E+30    1.000000E+30    1.000000E+30    1.000000E+30    1.000000E+30    1.000000E+30    1.000000E+30    1.670615E+01    1.652228E+01    1.640032E+01    1.630854E+01    1.623534E+01    1.617555E+01    1.612542E+01    1.608639E+01    1.606282E+01    1.000000E+30    1.000000E+30    1.000000E+30    1.000000E+30    1.000000E+30    1.000000E+30    1.000000E+30    1.000000E+30    1.000000E+30    1.000000E+30    1.000000E+30    1.000000E+30    1.000000E+30    1.000000E+30    1.000000E+30    1.000000E+30    1.000000E+30    1.000000E+30    1.000000E+30    1.000000E+30    1.000000E+30    1.000000E+30    1.000000E+30    1.000000E+30    1.000000E+30    1.000000E+30    1.000000E+30    1.000000E+30    1.000000E+30    1.000000E+30    1.000000E+30    1.000000E+30    1.000000E+30    1.000000E+30    1.000000E+30    1.000000E+30    1.000000E+30    1.000000E+30    1.000000E+30    1.000000E+30    1.000000E+30    1.000000E+30    1.000000E+30    1.000000E+30    1.000000E+30    1.000000E+30    1.000000E+30    1.000000E+30
   1.734327E+01    1.720942E+01    1.709327E+01    1.698897E+01    1.690512E+01    1.682514E+01    1.678075E+01    1.000000E+30    1.000000E+30    1.000000E+30    1.000000E+30    1.000000E+30    1.000000E+30    1.000000E+30    1.000000E+30    1.000000E+30    1.000000E+30    1.000000E+30    1.000000E+30    1.000000E+30    1.000000E+30    1.000000E+30    1.000000E+30    1.000000E+30    1.000000E+30    1.000000E+30    1.000000E+30    1.000000E+30    1.000000E+30    1.000000E+30    1.000000E+30    1.000000E+30    1.000000E+30    1.000000E+30    1.000000E+30    1.000000E+30    1.000000E+30    1.000000E+30    1.000000E+30    1.000000E+30    1.000000E+30    1.000000E+30    1.000000E+30    1.000000E+30    1.000000E+30    1.000000E+30    1.000000E+30    1.000000E+30    1.000000E+30    1.000000E+30    1.000000E+30    1.000000E+30    1.000000E+30    1.000000E+30    1.000000E+30    1.000000E+30    1.000000E+30    1.000000E+30    1.000000E+30    1.000000E+30    1.000000E+30    1.000000E+30    1.000000E+30    1.000000E+30    1.000000E+30    1.000000E+30    1.000000E+30    1.000000E+30    1.000000E+30    1.000000E+30    1.000000E+30    1.000000E+30    1.000000E+30    1.000000E+30    1.000000E+30    1.000000E+30    1.000000E+30    1.000000E+30    1.000000E+30    1.000000E+30    1.000000E+30    1.000000E+30    1.000000E+30    1.000000E+30    1.000000E+30    1.000000E+30    1.000000E+30    1.000000E+30    1.000000E+30    1.000000E+30    1.000000E+30    1.000000E+30    1.000000E+30    1.000000E+30    1.690508E+01    1.672369E+01    1.659810E+01    1.650573E+01    1.642906E+01    1.636498E+01    1.631045E+01    1.626840E+01    1.624193E+01    1.000000E+30    1.000000E+30    1.000000E+30    1.000000E+30    1.000000E+30    1.000000E+30    1.000000E+30    1.000000E+30    1.000000E+30    1.000000E+30    1.000000E+30    1.000000E+30    1.000000E+30    1.000000E+30    1.000000E+30    1.000000E+30    1.000000E+30    1.000000E+30    1.000000E+30    1.000000E+30    1.000000E+30    1.000000E+30    1.000000E+30    1.000000E+30    1.000000E+30    1.000000E+30    1.000000E+30    1.000000E+30    1.000000E+30    1.000000E+30    1.000000E+30    1.000000E+30    1.000000E+30    1.000000E+30    1.000000E+30    1.000000E+30    1.000000E+30    1.000000E+30    1.000000E+30    1.000000E+30    1.000000E+30    1.000000E+30    1.000000E+30    1.000000E+30    1.000000E+30    1.000000E+30    1.000000E+30    1.000000E+30
   1.770348E+01    1.752965E+01    1.740179E+01    1.727874E+01    1.720994E+01    1.000000E+30    1.000000E+30    1.000000E+30    1.000000E+30    1.000000E+30    1.000000E+30    1.000000E+30    1.000000E+30    1.000000E+30    1.000000E+30    1.000000E+30    1.000000E+30    1.000000E+30    1.000000E+30    1.000000E+30    1.000000E+30    1.000000E+30    1.000000E+30    1.000000E+30    1.000000E+30    1.000000E+30    1.000000E+30    1.000000E+30    1.000000E+30    1.000000E+30    1.000000E+30    1.000000E+30    1.000000E+30    1.000000E+30    1.000000E+30    1.000000E+30    1.000000E+30    1.000000E+30    1.000000E+30    1.000000E+30    1.000000E+30    1.000000E+30    1.000000E+30    1.000000E+30    1.000000E+30    1.000000E+30    1.000000E+30    1.000000E+30    1.000000E+30    1.000000E+30    1.000000E+30    1.000000E+30    1.000000E+30    1.000000E+30    1.000000E+30    1.000000E+30    1.000000E+30    1.000000E+30    1.000000E+30    1.000000E+30    1.000000E+30    1.000000E+30    1.000000E+30    1.000000E+30    1.000000E+30    1.000000E+30    1.000000E+30    1.000000E+30    1.000000E+30    1.000000E+30    1.000000E+30    1.000000E+30    1.000000E+30    1.000000E+30    1.000000E+30    1.000000E+30    1.000000E+30    1.000000E+30    1.000000E+30    1.000000E+30    1.000000E+30    1.000000E+30    1.000000E+30    1.000000E+30    1.000000E+30    1.000000E+30    1.000000E+30    1.000000E+30    1.000000E+30    1.000000E+30    1.000000E+30    1.000000E+30    1.000000E+30    1.000000E+30    1.707502E+01    1.692005E+01    1.679971E+01    1.670699E+01    1.662670E+01    1.655774E+01    1.649836E+01    1.645192E+01    1.642277E+01    1.000000E+30    1.000000E+30    1.000000E+30    1.000000E+30    1.000000E+30    1.000000E+30    1.000000E+30    1.000000E+30    1.000000E+30    1.000000E+30    1.000000E+30    1.000000E+30    1.000000E+30    1.000000E+30    1.000000E+30    1.000000E+30    1.000000E+30    1.000000E+30    1.000000E+30    1.000000E+30    1.000000E+30    1.000000E+30    1.000000E+30    1.000000E+30    1.000000E+30    1.000000E+30    1.000000E+30    1.000000E+30    1.000000E+30    1.000000E+30    1.000000E+30    1.000000E+30    1.000000E+30    1.000000E+30    1.000000E+30    1.000000E+30    1.000000E+30    1.000000E+30    1.000000E+30    1.000000E+30    1.000000E+30    1.000000E+30    1.000000E+30    1.000000E+30    1.000000E+30    1.000000E+30    1.000000E+30    1.000000E+30
   1.800289E+01    1.783413E+01    1.773535E+01    1.000000E+30    1.000000E+30    1.000000E+30    1.000000E+30    1.000000E+30    1.000000E+30    1.000000E+30    1.000000E+30    1.000000E+30    1.000000E+30    1.000000E+30    1.000000E+30    1.000000E+30    1.000000E+30    1.000000E+30    1.000000E+30    1.000000E+30    1.000000E+30    1.000000E+30    1.000000E+30    1.000000E+30    1.000000E+30    1.000000E+30    1.000000E+30    1.000000E+30    1.000000E+30    1.000000E+30    1.000000E+30    1.000000E+30    1.000000E+30    1.000000E+30    1.000000E+30    1.000000E+30    1.000000E+30    1.000000E+30    1.000000E+30    1.000000E+30    1.000000E+30    1.000000E+30    1.000000E+30    1.000000E+30    1.000000E+30    1.000000E+30    1.000000E+30    1.000000E+30    1.000000E+30    1.000000E+30    1.000000E+30    1.000000E+30    1.000000E+30    1.000000E+30    1.000000E+30    1.000000E+30    1.000000E+30    1.000000E+30    1.000000E+30    1.000000E+30    1.000000E+30    1.000000E+30    1.000000E+30    1.000000E+30    1.000000E+30    1.000000E+30    1.000000E+30    1.000000E+30    1.000000E+30    1.000000E+30    1.000000E+30    1.000000E+30    1.000000E+30    1.000000E+30    1.000000E+30    1.000000E+30    1.000000E+30    1.000000E+30    1.000000E+30    1.000000E+30    1.000000E+30    1.000000E+30    1.000000E+30    1.000000E+30    1.000000E+30    1.000000E+30    1.000000E+30    1.000000E+30    1.000000E+30    1.000000E+30    1.000000E+30    1.000000E+30    1.000000E+30    1.000000E+30    1.719758E+01    1.712547E+01    1.701501E+01    1.691758E+01    1.683061E+01    1.675485E+01    1.668907E+01    1.663677E+01    1.660451E+01    1.000000E+30    1.000000E+30    1.000000E+30    1.000000E+30    1.000000E+30    1.000000E+30    1.000000E+30    1.000000E+30    1.000000E+30    1.000000E+30    1.000000E+30    1.000000E+30    1.000000E+30    1.000000E+30    1.000000E+30    1.000000E+30    1.000000E+30    1.000000E+30    1.000000E+30    1.000000E+30    1.000000E+30    1.000000E+30    1.000000E+30    1.000000E+30    1.000000E+30    1.000000E+30    1.000000E+30    1.000000E+30    1.000000E+30    1.000000E+30    1.000000E+30    1.000000E+30    1.000000E+30    1.000000E+30    1.000000E+30    1.000000E+30    1.000000E+30    1.000000E+30    1.000000E+30    1.000000E+30    1.000000E+30    1.000000E+30    1.000000E+30    1.000000E+30    1.000000E+30    1.000000E+30    1.000000E+30    1.000000E+30
   1.823667E+01    1.000000E+30    1.000000E+30    1.000000E+30    1.000000E+30    1.000000E+30    1.000000E+30    1.000000E+30    1.000000E+30    1.000000E+30    1.000000E+30    1.000000E+30    1.000000E+30    1.000000E+30    1.000000E+30    1.000000E+30    1.000000E+30    1.000000E+30    1.000000E+30    1.000000E+30    1.000000E+30    1.000000E+30    1.000000E+30    1.000000E+30    1.000000E+30    1.000000E+30    1.000000E+30    1.000000E+30    1.000000E+30    1.000000E+30    1.000000E+30    1.000000E+30    1.000000E+30    1.000000E+30    1.000000E+30    1.000000E+30    1.000000E+30    1.000000E+30    1.000000E+30    1.000000E+30    1.000000E+30    1.000000E+30    1.000000E+30    1.000000E+30    1.000000E+30    1.000000E+30    1.000000E+30    1.000000E+30    1.000000E+30    1.000000E+30    1.000000E+30    1.000000E+30    1.000000E+30    1.000000E+30    1.000000E+30    1.000000E+30    1.000000E+30    1.000000E+30    1.000000E+30    1.000000E+30    1.000000E+30    1.000000E+30    1.000000E+30    1.000000E+30    1.000000E+30    1.000000E+30    1.000000E+30    1.000000E+30    1.000000E+30    1.000000E+30    1.000000E+30    1.000000E+30    1.000000E+30    1.000000E+30    1.000000E+30    1.000000E+30    1.000000E+30    1.000000E+30    1.000000E+30    1.000000E+30    1.000000E+30    1.000000E+30    1.000000E+30    1.000000E+30    1.000000E+30    1.000000E+30    1.000000E+30    1.000000E+30    1.000000E+30    1.000000E+30    1.000000E+30    1.000000E+30    1.000000E+30    1.000000E+30    1.000000E+30    1.741841E+01    1.725556E+01    1.713997E+01    1.704204E+01    1.695733E+01    1.688270E+01    1.682282E+01    1.678801E+01    1.000000E+30    1.000000E+30    1.000000E+30    1.000000E+30    1.000000E+30    1.000000E+30    1.000000E+30    1.000000E+30    1.000000E+30    1.000000E+30    1.000000E+30    1.000000E+30    1.000000E+30    1.000000E+30    1.000000E+30    1.000000E+30    1.000000E+30    1.000000E+30    1.000000E+30    1.000000E+30    1.000000E+30    1.000000E+30    1.000000E+30    1.000000E+30    1.000000E+30    1.000000E+30    1.000000E+30    1.000000E+30    1.000000E+30    1.000000E+30    1.000000E+30    1.000000E+30    1.000000E+30    1.000000E+30    1.000000E+30    1.000000E+30    1.000000E+30    1.000000E+30    1.000000E+30    1.000000E+30    1.000000E+30    1.000000E+30    1.000000E+30    1.000000E+30    1.000000E+30    1.000000E+30    1.000000E+30    1.000000E+30
   1.000000E+30    1.000000E+30    1.000000E+30    1.000000E+30    1.000000E+30    1.000000E+30    1.000000E+30    1.000000E+30    1.000000E+30    1.000000E+30    1.000000E+30    1.000000E+30    1.000000E+30    1.000000E+30    1.000000E+30    1.000000E+30    1.000000E+30    1.000000E+30    1.000000E+30    1.000000E+30    1.000000E+30    1.000000E+30    1.000000E+30    1.000000E+30    1.000000E+30    1.000000E+30    1.000000E+30    1.000000E+30    1.000000E+30    1.000000E+30    1.000000E+30    1.000000E+30    1.000000E+30    1.000000E+30    1.000000E+30    1.000000E+30    1.000000E+30    1.000000E+30    1.000000E+30    1.000000E+30    1.000000E+30    1.000000E+30    1.000000E+30    1.000000E+30    1.000000E+30    1.000000E+30    1.000000E+30    1.000000E+30    1.000000E+30    1.000000E+30    1.000000E+30    1.000000E+30    1.000000E+30    1.000000E+30    1.000000E+30    1.000000E+30    1.000000E+30    1.000000E+30    1.000000E+30    1.000000E+30    1.000000E+30    1.000000E+30    1.000000E+30    1.000000E+30    1.000000E+30    1.000000E+30    1.000000E+30    1.000000E+30    1.000000E+30    1.000000E+30    1.000000E+30    1.000000E+30    1.000000E+30    1.000000E+30    1.000000E+30    1.000000E+30    1.000000E+30    1.000000E+30    1.000000E+30    1.000000E+30    1.000000E+30    1.000000E+30    1.000000E+30    1.000000E+30    1.000000E+30    1.000000E+30    1.000000E+30    1.000000E+30    1.000000E+30    1.000000E+30    1.000000E+30    1.000000E+30    1.000000E+30    1.000000E+30    1.000000E+30    1.767469E+01    1.749508E+01    1.736749E+01    1.725977E+01    1.716627E+01    1.708221E+01    1.701143E+01    1.697241E+01    1.000000E+30    1.000000E+30    1.000000E+30    1.000000E+30    1.000000E+30    1.000000E+30    1.000000E+30    1.000000E+30    1.000000E+30    1.000000E+30    1.000000E+30    1.000000E+30    1.000000E+30    1.000000E+30    1.000000E+30    1.000000E+30    1.000000E+30    1.000000E+30    1.000000E+30    1.000000E+30    1.000000E+30    1.000000E+30    1.000000E+30    1.000000E+30    1.000000E+30    1.000000E+30    1.000000E+30    1.000000E+30    1.000000E+30    1.000000E+30    1.000000E+30    1.000000E+30    1.000000E+30    1.000000E+30    1.000000E+30    1.000000E+30    1.000000E+30    1.000000E+30    1.000000E+30    1.000000E+30    1.000000E+30    1.000000E+30    1.000000E+30    1.000000E+30    1.000000E+30    1.000000E+30    1.000000E+30    1.000000E+30
   1.000000E+30    1.000000E+30    1.000000E+30    1.000000E+30    1.000000E+30    1.000000E+30    1.000000E+30    1.000000E+30    1.000000E+30    1.000000E+30    1.000000E+30    1.000000E+30    1.000000E+30    1.000000E+30    1.000000E+30    1.000000E+30    1.000000E+30    1.000000E+30    1.000000E+30    1.000000E+30    1.000000E+30    1.000000E+30    1.000000E+30    1.000000E+30    1.000000E+30    1.000000E+30    1.000000E+30    1.000000E+30    1.000000E+30    1.000000E+30    1.000000E+30    1.000000E+30    1.000000E+30    1.000000E+30    1.000000E+30    1.000000E+30    1.000000E+30    1.000000E+30    1.000000E+30    1.000000E+30    1.000000E+30    1.000000E+30    1.000000E+30    1.000000E+30    1.000000E+30    1.000000E+30    1.000000E+30    1.000000E+30    1.000000E+30    1.000000E+30    1.000000E+30    1.000000E+30    1.000000E+30    1.000000E+30    1.000000E+30    1.000000E+30    1.000000E+30    1.000000E+30    1.000000E+30    1.000000E+30    1.000000E+30    1.000000E+30    1.000000E+30    1.000000E+30    1.000000E+30    1.000000E+30    1.000000E+30    1.000000E+30    1.000000E+30    1.000000E+30    1.000000E+30    1.000000E+30    1.000000E+30    1.000000E+30    1.000000E+30    1.000000E+30    1.000000E+30    1.000000E+30    1.000000E+30    1.000000E+30    1.000000E+30    1.000000E+30    1.000000E+30    1.000000E+30    1.000000E+30    1.000000E+30    1.000000E+30    1.000000E+30    1.000000E+30    1.000000E+30    1.000000E+30    1.000000E+30    1.000000E+30    1.000000E+30    1.000000E+30    1.791589E+01    1.773089E+01    1.759764E+01    1.748336E+01    1.738318E+01    1.729028E+01    1.720546E+01    1.714086E+01    1.000000E+30    1.000000E+30    1.000000E+30    1.000000E+30    1.000000E+30    1.000000E+30    1.000000E+30    1.000000E+30    1.000000E+30    1.000000E+30    1.000000E+30    1.000000E+30    1.000000E+30    1.000000E+30    1.000000E+30    1.000000E+30    1.000000E+30    1.000000E+30    1.000000E+30    1.000000E+30    1.000000E+30    1.000000E+30    1.000000E+30    1.000000E+30    1.000000E+30    1.000000E+30    1.000000E+30    1.000000E+30    1.000000E+30    1.000000E+30    1.000000E+30    1.000000E+30    1.000000E+30    1.000000E+30    1.000000E+30    1.000000E+30    1.000000E+30    1.000000E+30    1.000000E+30    1.000000E+30    1.000000E+30    1.000000E+30    1.000000E+30    1.000000E+30    1.000000E+30    1.000000E+30    1.000000E+30    1.000000E+30
   1.000000E+30    1.000000E+30    1.000000E+30    1.000000E+30    1.000000E+30    1.000000E+30    1.000000E+30    1.000000E+30    1.000000E+30    1.000000E+30    1.000000E+30    1.000000E+30    1.000000E+30    1.000000E+30    1.000000E+30    1.000000E+30    1.000000E+30    1.000000E+30    1.000000E+30    1.000000E+30    1.000000E+30    1.000000E+30    1.000000E+30    1.000000E+30    1.000000E+30    1.000000E+30    1.000000E+30    1.000000E+30    1.000000E+30    1.000000E+30    1.000000E+30    1.000000E+30    1.000000E+30    1.000000E+30    1.000000E+30    1.000000E+30    1.000000E+30    1.000000E+30    1.000000E+30    1.000000E+30    1.000000E+30    1.000000E+30    1.000000E+30    1.000000E+30    1.000000E+30    1.000000E+30    1.000000E+30    1.000000E+30    1.000000E+30    1.000000E+30    1.000000E+30    1.000000E+30    1.000000E+30    1.000000E+30    1.000000E+30    1.000000E+30    1.000000E+30    1.000000E+30    1.000000E+30    1.000000E+30    1.000000E+30    1.000000E+30    1.000000E+30    1.000000E+30    1.000000E+30    1.000000E+30    1.000000E+30    1.000000E+30    1.000000E+30    1.000000E+30    1.000000E+30    1.000000E+30    1.000000E+30    1.000000E+30    1.000000E+30    1.000000E+30    1.000000E+30    1.000000E+30    1.000000E+30    1.000000E+30    1.000000E+30    1.000000E+30    1.000000E+30    1.000000E+30    1.000000E+30    1.000000E+30    1.000000E+30    1.000000E+30    1.000000E+30    1.000000E+30    1.000000E+30    1.000000E+30    1.000000E+30    1.000000E+30    1.000000E+30    1.815115E+01    1.796469E+01    1.782974E+01    1.771297E+01    1.760986E+01    1.751183E+01    1.741566E+01    1.726342E+01    1.000000E+30    1.000000E+30    1.000000E+30    1.000000E+30    1.000000E+30    1.000000E+30    1.000000E+30    1.000000E+30    1.000000E+30    1.000000E+30    1.000000E+30    1.000000E+30    1.000000E+30    1.000000E+30    1.000000E+30    1.000000E+30    1.000000E+30    1.000000E+30    1.000000E+30    1.000000E+30    1.000000E+30    1.000000E+30    1.000000E+30    1.000000E+30    1.000000E+30    1.000000E+30    1.000000E+30    1.000000E+30    1.000000E+30    1.000000E+30    1.000000E+30    1.000000E+30    1.000000E+30    1.000000E+30    1.000000E+30    1.000000E+30    1.000000E+30    1.000000E+30    1.000000E+30    1.000000E+30    1.000000E+30    1.000000E+30    1.000000E+30    1.000000E+30    1.000000E+30    1.000000E+30    1.000000E+30    1.000000E+30
   1.000000E+30    1.000000E+30    1.000000E+30    1.000000E+30    1.000000E+30    1.000000E+30    1.000000E+30    1.000000E+30    1.000000E+30    1.000000E+30    1.000000E+30    1.000000E+30    1.000000E+30    1.000000E+30    1.000000E+30    1.000000E+30    1.000000E+30    1.000000E+30    1.000000E+30    1.000000E+30    1.000000E+30    1.000000E+30    1.000000E+30    1.000000E+30    1.000000E+30    1.000000E+30    1.000000E+30    1.000000E+30    1.000000E+30    1.000000E+30    1.000000E+30    1.000000E+30    1.000000E+30    1.000000E+30    1.000000E+30    1.000000E+30    1.000000E+30    1.000000E+30    1.000000E+30    1.000000E+30    1.000000E+30    1.000000E+30    1.000000E+30    1.000000E+30    1.000000E+30    1.000000E+30    1.000000E+30    1.000000E+30    1.000000E+30    1.000000E+30    1.000000E+30    1.000000E+30    1.000000E+30    1.000000E+30    1.000000E+30    1.000000E+30    1.000000E+30    1.000000E+30    1.000000E+30    1.000000E+30    1.000000E+30    1.000000E+30    1.000000E+30    1.000000E+30    1.000000E+30    1.000000E+30    1.000000E+30    1.000000E+30    1.000000E+30    1.000000E+30    1.000000E+30    1.000000E+30    1.000000E+30    1.000000E+30    1.000000E+30    1.000000E+30    1.000000E+30    1.000000E+30    1.000000E+30    1.000000E+30    1.000000E+30    1.000000E+30    1.000000E+30    1.000000E+30    1.000000E+30    1.000000E+30    1.000000E+30    1.000000E+30    1.000000E+30    1.000000E+30    1.000000E+30    1.000000E+30    1.000000E+30    1.000000E+30    1.000000E+30    1.838445E+01    1.819819E+01    1.806422E+01    1.794892E+01    1.784885E+01    1.776090E+01    1.770931E+01    1.000000E+30    1.000000E+30    1.000000E+30    1.000000E+30    1.000000E+30    1.000000E+30    1.000000E+30    1.000000E+30    1.000000E+30    1.000000E+30    1.000000E+30    1.000000E+30    1.000000E+30    1.000000E+30    1.000000E+30    1.000000E+30    1.000000E+30    1.000000E+30    1.000000E+30    1.000000E+30    1.000000E+30    1.000000E+30    1.000000E+30    1.000000E+30    1.000000E+30    1.000000E+30    1.000000E+30    1.000000E+30    1.000000E+30    1.000000E+30    1.000000E+30    1.000000E+30    1.000000E+30    1.000000E+30    1.000000E+30    1.000000E+30    1.000000E+30    1.000000E+30    1.000000E+30    1.000000E+30    1.000000E+30    1.000000E+30    1.000000E+30    1.000000E+30    1.000000E+30    1.000000E+30    1.000000E+30    1.000000E+30    1.000000E+30
   1.000000E+30    1.000000E+30    1.000000E+30    1.000000E+30    1.000000E+30    1.000000E+30    1.000000E+30    1.000000E+30    1.000000E+30    1.000000E+30    1.000000E+30    1.000000E+30    1.000000E+30    1.000000E+30    1.000000E+30    1.000000E+30    1.000000E+30    1.000000E+30    1.000000E+30    1.000000E+30    1.000000E+30    1.000000E+30    1.000000E+30    1.000000E+30    1.000000E+30    1.000000E+30    1.000000E+30    1.000000E+30    1.000000E+30    1.000000E+30    1.000000E+30    1.000000E+30    1.000000E+30    1.000000E+30    1.000000E+30    1.000000E+30    1.000000E+30    1.000000E+30    1.000000E+30    1.000000E+30    1.000000E+30    1.000000E+30    1.000000E+30    1.000000E+30    1.000000E+30    1.000000E+30    1.000000E+30    1.000000E+30    1.000000E+30    1.000000E+30    1.000000E+30    1.000000E+30    1.000000E+30    1.000000E+30    1.000000E+30    1.000000E+30    1.000000E+30    1.000000E+30    1.000000E+30    1.000000E+30    1.000000E+30    1.000000E+30    1.000000E+30    1.000000E+30    1.000000E+30    1.000000E+30    1.000000E+30    1.000000E+30    1.000000E+30    1.000000E+30    1.000000E+30    1.000000E+30    1.000000E+30    1.000000E+30    1.000000E+30    1.000000E+30    1.000000E+30    1.000000E+30    1.000000E+30    1.000000E+30    1.000000E+30    1.000000E+30    1.000000E+30    1.000000E+30    1.000000E+30    1.000000E+30    1.000000E+30    1.000000E+30    1.000000E+30    1.000000E+30    1.000000E+30    1.000000E+30    1.000000E+30    1.000000E+30    1.000000E+30    1.861787E+01    1.843249E+01    1.830067E+01    1.818868E+01    1.809292E+01    1.801151E+01    1.796752E+01    1.000000E+30    1.000000E+30    1.000000E+30    1.000000E+30    1.000000E+30    1.000000E+30    1.000000E+30    1.000000E+30    1.000000E+30    1.000000E+30    1.000000E+30    1.000000E+30    1.000000E+30    1.000000E+30    1.000000E+30    1.000000E+30    1.000000E+30    1.000000E+30    1.000000E+30    1.000000E+30    1.000000E+30    1.000000E+30    1.000000E+30    1.000000E+30    1.000000E+30    1.000000E+30    1.000000E+30    1.000000E+30    1.000000E+30    1.000000E+30    1.000000E+30    1.000000E+30    1.000000E+30    1.000000E+30    1.000000E+30    1.000000E+30    1.000000E+30    1.000000E+30    1.000000E+30    1.000000E+30    1.000000E+30    1.000000E+30    1.000000E+30    1.000000E+30    1.000000E+30    1.000000E+30    1.000000E+30    1.000000E+30    1.000000E+30
   1.000000E+30    1.000000E+30    1.000000E+30    1.000000E+30    1.000000E+30    1.000000E+30    1.000000E+30    1.000000E+30    1.000000E+30    1.000000E+30    1.000000E+30    1.000000E+30    1.000000E+30    1.000000E+30    1.000000E+30    1.000000E+30    1.000000E+30    1.000000E+30    1.000000E+30    1.000000E+30    1.000000E+30    1.000000E+30    1.000000E+30    1.000000E+30    1.000000E+30    1.000000E+30    1.000000E+30    1.000000E+30    1.000000E+30    1.000000E+30    1.000000E+30    1.000000E+30    1.000000E+30    1.000000E+30    1.000000E+30    1.000000E+30    1.000000E+30    1.000000E+30    1.000000E+30    1.000000E+30    1.000000E+30    1.000000E+30    1.000000E+30    1.000000E+30    1.000000E+30    1.000000E+30    1.000000E+30    1.000000E+30    1.000000E+30    1.000000E+30    1.000000E+30    1.000000E+30    1.000000E+30    1.000000E+30    1.000000E+30    1.000000E+30    1.000000E+30    1.000000E+30    1.000000E+30    1.000000E+30    1.000000E+30    1.000000E+30    1.000000E+30    1.000000E+30    1.000000E+30    1.000000E+30    1.000000E+30    1.000000E+30    1.000000E+30    1.000000E+30    1.000000E+30    1.000000E+30    1.000000E+30    1.000000E+30    1.000000E+30    1.000000E+30    1.000000E+30    1.000000E+30    1.000000E+30    1.000000E+30    1.000000E+30    1.000000E+30    1.000000E+30    1.000000E+30    1.000000E+30    1.000000E+30    1.000000E+30    1.000000E+30    1.000000E+30    1.000000E+30    1.000000E+30    1.000000E+30    1.000000E+30    1.000000E+30    1.000000E+30    1.885145E+01    1.866796E+01    1.853917E+01    1.843112E+01    1.833837E+01    1.825665E+01    1.820470E+01    1.000000E+30    1.000000E+30    1.000000E+30    1.000000E+30    1.000000E+30    1.000000E+30    1.000000E+30    1.000000E+30    1.000000E+30    1.000000E+30    1.000000E+30    1.000000E+30    1.000000E+30    1.000000E+30    1.000000E+30    1.000000E+30    1.000000E+30    1.000000E+30    1.000000E+30    1.000000E+30    1.000000E+30    1.000000E+30    1.000000E+30    1.000000E+30    1.000000E+30    1.000000E+30    1.000000E+30    1.000000E+30    1.000000E+30    1.000000E+30    1.000000E+30    1.000000E+30    1.000000E+30    1.000000E+30    1.000000E+30    1.000000E+30    1.000000E+30    1.000000E+30    1.000000E+30    1.000000E+30    1.000000E+30    1.000000E+30    1.000000E+30    1.000000E+30    1.000000E+30    1.000000E+30    1.000000E+30    1.000000E+30    1.000000E+30
   1.000000E+30    1.000000E+30    1.000000E+30    1.000000E+30    1.000000E+30    1.000000E+30    1.000000E+30    1.000000E+30    1.000000E+30    1.000000E+30    1.000000E+30    1.000000E+30    1.000000E+30    1.000000E+30    1.000000E+30    1.000000E+30    1.000000E+30    1.000000E+30    1.000000E+30    1.000000E+30    1.000000E+30    1.000000E+30    1.000000E+30    1.000000E+30    1.000000E+30    1.000000E+30    1.000000E+30    1.000000E+30    1.000000E+30    1.000000E+30    1.000000E+30    1.000000E+30    1.000000E+30    1.000000E+30    1.000000E+30    1.000000E+30    1.000000E+30    1.000000E+30    1.000000E+30    1.000000E+30    1.000000E+30    1.000000E+30    1.000000E+30    1.000000E+30    1.000000E+30    1.000000E+30    1.000000E+30    1.000000E+30    1.000000E+30    1.000000E+30    1.000000E+30    1.000000E+30    1.000000E+30    1.000000E+30    1.000000E+30    1.000000E+30    1.000000E+30    1.000000E+30    1.000000E+30    1.000000E+30    1.000000E+30    1.000000E+30    1.000000E+30    1.000000E+30    1.000000E+30    1.000000E+30    1.000000E+30    1.000000E+30    1.000000E+30    1.000000E+30    1.000000E+30    1.000000E+30    1.000000E+30    1.000000E+30    1.000000E+30    1.000000E+30    1.000000E+30    1.000000E+30    1.000000E+30    1.000000E+30    1.000000E+30    1.000000E+30    1.000000E+30    1.000000E+30    1.000000E+30    1.000000E+30    1.000000E+30    1.000000E+30    1.000000E+30    1.000000E+30    1.000000E+30    1.000000E+30    1.000000E+30    1.000000E+30    1.000000E+30    1.908138E+01    1.890259E+01    1.877919E+01    1.867818E+01    1.859011E+01    1.850272E+01    1.841842E+01    1.000000E+30    1.000000E+30    1.000000E+30    1.000000E+30    1.000000E+30    1.000000E+30    1.000000E+30    1.000000E+30    1.000000E+30    1.000000E+30    1.000000E+30    1.000000E+30    1.000000E+30    1.000000E+30    1.000000E+30    1.000000E+30    1.000000E+30    1.000000E+30    1.000000E+30    1.000000E+30    1.000000E+30    1.000000E+30    1.000000E+30    1.000000E+30    1.000000E+30    1.000000E+30    1.000000E+30    1.000000E+30    1.000000E+30    1.000000E+30    1.000000E+30    1.000000E+30    1.000000E+30    1.000000E+30    1.000000E+30    1.000000E+30    1.000000E+30    1.000000E+30    1.000000E+30    1.000000E+30    1.000000E+30    1.000000E+30    1.000000E+30    1.000000E+30    1.000000E+30    1.000000E+30    1.000000E+30    1.000000E+30    1.000000E+30
   1.000000E+30    1.000000E+30    1.000000E+30    1.000000E+30    1.000000E+30    1.000000E+30    1.000000E+30    1.000000E+30    1.000000E+30    1.000000E+30    1.000000E+30    1.000000E+30    1.000000E+30    1.000000E+30    1.000000E+30    1.000000E+30    1.000000E+30    1.000000E+30    1.000000E+30    1.000000E+30    1.000000E+30    1.000000E+30    1.000000E+30    1.000000E+30    1.000000E+30    1.000000E+30    1.000000E+30    1.000000E+30    1.000000E+30    1.000000E+30    1.000000E+30    1.000000E+30    1.000000E+30    1.000000E+30    1.000000E+30    1.000000E+30    1.000000E+30    1.000000E+30    1.000000E+30    1.000000E+30    1.000000E+30    1.000000E+30    1.000000E+30    1.000000E+30    1.000000E+30    1.000000E+30    1.000000E+30    1.000000E+30    1.000000E+30    1.000000E+30    1.000000E+30    1.000000E+30    1.000000E+30    1.000000E+30    1.000000E+30    1.000000E+30    1.000000E+30    1.000000E+30    1.000000E+30    1.000000E+30    1.000000E+30    1.000000E+30    1.000000E+30    1.000000E+30    1.000000E+30    1.000000E+30    1.000000E+30    1.000000E+30    1.000000E+30    1.000000E+30    1.000000E+30    1.000000E+30    1.000000E+30    1.000000E+30    1.000000E+30    1.000000E+30    1.000000E+30    1.000000E+30    1.000000E+30    1.000000E+30    1.000000E+30    1.000000E+30    1.000000E+30    1.000000E+30    1.000000E+30    1.000000E+30    1.000000E+30    1.000000E+30    1.000000E+30    1.000000E+30    1.000000E+30    1.000000E+30    1.000000E+30    1.000000E+30    1.000000E+30    1.930303E+01    1.913195E+01    1.901862E+01    1.893215E+01    1.886129E+01    1.878090E+01    1.857965E+01    1.000000E+30    1.000000E+30    1.000000E+30    1.000000E+30    1.000000E+30    1.000000E+30    1.000000E+30    1.000000E+30    1.000000E+30    1.000000E+30    1.000000E+30    1.000000E+30    1.000000E+30    1.000000E+30    1.000000E+30    1.000000E+30    1.000000E+30    1.000000E+30    1.000000E+30    1.000000E+30    1.000000E+30    1.000000E+30    1.000000E+30    1.000000E+30    1.000000E+30    1.000000E+30    1.000000E+30    1.000000E+30    1.000000E+30    1.000000E+30    1.000000E+30    1.000000E+30    1.000000E+30    1.000000E+30    1.000000E+30    1.000000E+30    1.000000E+30    1.000000E+30    1.000000E+30    1.000000E+30    1.000000E+30    1.000000E+30    1.000000E+30    1.000000E+30    1.000000E+30    1.000000E+30    1.000000E+30    1.000000E+30    1.000000E+30
   1.000000E+30    1.000000E+30    1.000000E+30    1.000000E+30    1.000000E+30    1.000000E+30    1.000000E+30    1.000000E+30    1.000000E+30    1.000000E+30    1.000000E+30    1.000000E+30    1.000000E+30    1.000000E+30    1.000000E+30    1.000000E+30    1.000000E+30    1.000000E+30    1.000000E+30    1.000000E+30    1.000000E+30    1.000000E+30    1.000000E+30    1.000000E+30    1.000000E+30    1.000000E+30    1.000000E+30    1.000000E+30    1.000000E+30    1.000000E+30    1.000000E+30    1.000000E+30    1.000000E+30    1.000000E+30    1.000000E+30    1.000000E+30    1.000000E+30    1.000000E+30    1.000000E+30    1.000000E+30    1.000000E+30    1.000000E+30    1.000000E+30    1.000000E+30    1.000000E+30    1.000000E+30    1.000000E+30    1.000000E+30    1.000000E+30    1.000000E+30    1.000000E+30    1.000000E+30    1.000000E+30    1.000000E+30    1.000000E+30    1.000000E+30    1.000000E+30    1.000000E+30    1.000000E+30    1.000000E+30    1.000000E+30    1.000000E+30    1.000000E+30    1.000000E+30    1.000000E+30    1.000000E+30    1.000000E+30    1.000000E+30    1.000000E+30    1.000000E+30    1.000000E+30    1.000000E+30    1.000000E+30    1.000000E+30    1.000000E+30    1.000000E+30    1.000000E+30    1.000000E+30    1.000000E+30    1.000000E+30    1.000000E+30    1.000000E+30    1.000000E+30    1.000000E+30    1.000000E+30    1.000000E+30    1.000000E+30    1.000000E+30    1.000000E+30    1.000000E+30    1.000000E+30    1.000000E+30    1.000000E+30    1.000000E+30    1.000000E+30    1.951203E+01    1.935147E+01    1.925283E+01    1.919053E+01    1.916806E+01    1.922342E+01    1.000000E+30    1.000000E+30    1.000000E+30    1.000000E+30    1.000000E+30    1.000000E+30    1.000000E+30    1.000000E+30    1.000000E+30    1.000000E+30    1.000000E+30    1.000000E+30    1.000000E+30    1.000000E+30    1.000000E+30    1.000000E+30    1.000000E+30    1.000000E+30    1.000000E+30    1.000000E+30    1.000000E+30    1.000000E+30    1.000000E+30    1.000000E+30    1.000000E+30    1.000000E+30    1.000000E+30    1.000000E+30    1.000000E+30    1.000000E+30    1.000000E+30    1.000000E+30    1.000000E+30    1.000000E+30    1.000000E+30    1.000000E+30    1.000000E+30    1.000000E+30    1.000000E+30    1.000000E+30    1.000000E+30    1.000000E+30    1.000000E+30    1.000000E+30    1.000000E+30    1.000000E+30    1.000000E+30    1.000000E+30    1.000000E+30    1.000000E+30
   1.000000E+30    1.000000E+30    1.000000E+30    1.000000E+30    1.000000E+30    1.000000E+30    1.000000E+30    1.000000E+30    1.000000E+30    1.000000E+30    1.000000E+30    1.000000E+30    1.000000E+30    1.000000E+30    1.000000E+30    1.000000E+30    1.000000E+30    1.000000E+30    1.000000E+30    1.000000E+30    1.000000E+30    1.000000E+30    1.000000E+30    1.000000E+30    1.000000E+30    1.000000E+30    1.000000E+30    1.000000E+30    1.000000E+30    1.000000E+30    1.000000E+30    1.000000E+30    1.000000E+30    1.000000E+30    1.000000E+30    1.000000E+30    1.000000E+30    1.000000E+30    1.000000E+30    1.000000E+30    1.000000E+30    1.000000E+30    1.000000E+30    1.000000E+30    1.000000E+30    1.000000E+30    1.000000E+30    1.000000E+30    1.000000E+30    1.000000E+30    1.000000E+30    1.000000E+30    1.000000E+30    1.000000E+30    1.000000E+30    1.000000E+30    1.000000E+30    1.000000E+30    1.000000E+30    1.000000E+30    1.000000E+30    1.000000E+30    1.000000E+30    1.000000E+30    1.000000E+30    1.000000E+30    1.000000E+30    1.000000E+30    1.000000E+30    1.000000E+30    1.000000E+30    1.000000E+30    1.000000E+30    1.000000E+30    1.000000E+30    1.000000E+30    1.000000E+30    1.000000E+30    1.000000E+30    1.000000E+30    1.000000E+30    1.000000E+30    1.000000E+30    1.000000E+30    1.000000E+30    1.000000E+30    1.000000E+30    1.000000E+30    1.000000E+30    1.000000E+30    1.000000E+30    1.000000E+30    1.000000E+30    1.000000E+30    1.000000E+30    1.970593E+01    1.955513E+01    1.947305E+01    1.943129E+01    1.943915E+01    1.953699E+01    1.000000E+30    1.000000E+30    1.000000E+30    1.000000E+30    1.000000E+30    1.000000E+30    1.000000E+30    1.000000E+30    1.000000E+30    1.000000E+30    1.000000E+30    1.000000E+30    1.000000E+30    1.000000E+30    1.000000E+30    1.000000E+30    1.000000E+30    1.000000E+30    1.000000E+30    1.000000E+30    1.000000E+30    1.000000E+30    1.000000E+30    1.000000E+30    1.000000E+30    1.000000E+30    1.000000E+30    1.000000E+30    1.000000E+30    1.000000E+30    1.000000E+30    1.000000E+30    1.000000E+30    1.000000E+30    1.000000E+30    1.000000E+30    1.000000E+30    1.000000E+30    1.000000E+30    1.000000E+30    1.000000E+30    1.000000E+30    1.000000E+30    1.000000E+30    1.000000E+30    1.000000E+30    1.000000E+30    1.000000E+30    1.000000E+30    1.000000E+30
   1.000000E+30    1.000000E+30    1.000000E+30    1.000000E+30    1.000000E+30    1.000000E+30    1.000000E+30    1.000000E+30    1.000000E+30    1.000000E+30    1.000000E+30    1.000000E+30    1.000000E+30    1.000000E+30    1.000000E+30    1.000000E+30    1.000000E+30    1.000000E+30    1.000000E+30    1.000000E+30    1.000000E+30    1.000000E+30    1.000000E+30    1.000000E+30    1.000000E+30    1.000000E+30    1.000000E+30    1.000000E+30    1.000000E+30    1.000000E+30    1.000000E+30    1.000000E+30    1.000000E+30    1.000000E+30    1.000000E+30    1.000000E+30    1.000000E+30    1.000000E+30    1.000000E+30    1.000000E+30    1.000000E+30    1.000000E+30    1.000000E+30    1.000000E+30    1.000000E+30    1.000000E+30    1.000000E+30    1.000000E+30    1.000000E+30    1.000000E+30    1.000000E+30    1.000000E+30    1.000000E+30    1.000000E+30    1.000000E+30    1.000000E+30    1.000000E+30    1.000000E+30    1.000000E+30    1.000000E+30    1.000000E+30    1.000000E+30    1.000000E+30    1.000000E+30    1.000000E+30    1.000000E+30    1.000000E+30    1.000000E+30    1.000000E+30    1.000000E+30    1.000000E+30    1.000000E+30    1.000000E+30    1.000000E+30    1.000000E+30    1.000000E+30    1.000000E+30    1.000000E+30    1.000000E+30    1.000000E+30    1.000000E+30    1.000000E+30    1.000000E+30    1.000000E+30    1.000000E+30    1.000000E+30    1.000000E+30    1.000000E+30    1.000000E+30    1.000000E+30    1.000000E+30    1.000000E+30    1.000000E+30    1.000000E+30    1.000000E+30    1.987685E+01    1.974147E+01    1.967554E+01    1.964763E+01    1.966746E+01    1.976428E+01    1.000000E+30    1.000000E+30    1.000000E+30    1.000000E+30    1.000000E+30    1.000000E+30    1.000000E+30    1.000000E+30    1.000000E+30    1.000000E+30    1.000000E+30    1.000000E+30    1.000000E+30    1.000000E+30    1.000000E+30    1.000000E+30    1.000000E+30    1.000000E+30    1.000000E+30    1.000000E+30    1.000000E+30    1.000000E+30    1.000000E+30    1.000000E+30    1.000000E+30    1.000000E+30    1.000000E+30    1.000000E+30    1.000000E+30    1.000000E+30    1.000000E+30    1.000000E+30    1.000000E+30    1.000000E+30    1.000000E+30    1.000000E+30    1.000000E+30    1.000000E+30    1.000000E+30    1.000000E+30    1.000000E+30    1.000000E+30    1.000000E+30    1.000000E+30    1.000000E+30    1.000000E+30    1.000000E+30    1.000000E+30    1.000000E+30    1.000000E+30
   1.000000E+30    1.000000E+30    1.000000E+30    1.000000E+30    1.000000E+30    1.000000E+30    1.000000E+30    1.000000E+30    1.000000E+30    1.000000E+30    1.000000E+30    1.000000E+30    1.000000E+30    1.000000E+30    1.000000E+30    1.000000E+30    1.000000E+30    1.000000E+30    1.000000E+30    1.000000E+30    1.000000E+30    1.000000E+30    1.000000E+30    1.000000E+30    1.000000E+30    1.000000E+30    1.000000E+30    1.000000E+30    1.000000E+30    1.000000E+30    1.000000E+30    1.000000E+30    1.000000E+30    1.000000E+30    1.000000E+30    1.000000E+30    1.000000E+30    1.000000E+30    1.000000E+30    1.000000E+30    1.000000E+30    1.000000E+30    1.000000E+30    1.000000E+30    1.000000E+30    1.000000E+30    1.000000E+30    1.000000E+30    1.000000E+30    1.000000E+30    1.000000E+30    1.000000E+30    1.000000E+30    1.000000E+30    1.000000E+30    1.000000E+30    1.000000E+30    1.000000E+30    1.000000E+30    1.000000E+30    1.000000E+30    1.000000E+30    1.000000E+30    1.000000E+30    1.000000E+30    1.000000E+30    1.000000E+30    1.000000E+30    1.000000E+30    1.000000E+30    1.000000E+30    1.000000E+30    1.000000E+30    1.000000E+30    1.000000E+30    1.000000E+30    1.000000E+30    1.000000E+30    1.000000E+30    1.000000E+30    1.000000E+30    1.000000E+30    1.000000E+30    1.000000E+30    1.000000E+30    1.000000E+30    1.000000E+30    1.000000E+30    1.000000E+30    1.000000E+30    1.000000E+30    1.000000E+30    1.000000E+30    1.000000E+30    1.000000E+30    1.999758E+01    1.991667E+01    1.986359E+01    1.984319E+01    1.986363E+01    1.990556E+01    1.000000E+30    1.000000E+30    1.000000E+30    1.000000E+30    1.000000E+30    1.000000E+30    1.000000E+30    1.000000E+30    1.000000E+30    1.000000E+30    1.000000E+30    1.000000E+30    1.000000E+30    1.000000E+30    1.000000E+30    1.000000E+30    1.000000E+30    1.000000E+30    1.000000E+30    1.000000E+30    1.000000E+30    1.000000E+30    1.000000E+30    1.000000E+30    1.000000E+30    1.000000E+30    1.000000E+30    1.000000E+30    1.000000E+30    1.000000E+30    1.000000E+30    1.000000E+30    1.000000E+30    1.000000E+30    1.000000E+30    1.000000E+30    1.000000E+30    1.000000E+30    1.000000E+30    1.000000E+30    1.000000E+30    1.000000E+30    1.000000E+30    1.000000E+30    1.000000E+30    1.000000E+30    1.000000E+30    1.000000E+30    1.000000E+30    1.000000E+30
