   1.000000E+30    1.000000E+30    1.000000E+30    1.000000E+30    1.000000E+30    1.000000E+30    1.000000E+30    1.000000E+30    1.000000E+30    1.000000E+30    1.000000E+30    1.000000E+30    1.000000E+30    1.000000E+30    1.000000E+30    1.000000E+30    1.000000E+30    1.000000E+30    1.000000E+30    1.000000E+30    1.000000E+30    1.000000E+30    1.000000E+30    1.000000E+30    1.000000E+30    1.000000E+30    1.000000E+30    1.000000E+30    1.000000E+30    1.000000E+30    1.000000E+30    1.000000E+30    1.000000E+30    1.000000E+30    1.000000E+30    1.000000E+30    1.000000E+30    1.000000E+30    1.000000E+30    1.000000E+30    1.000000E+30    1.000000E+30    1.000000E+30    1.000000E+30    1.000000E+30    1.000000E+30    1.000000E+30    1.000000E+30    1.000000E+30    1.000000E+30    1.000000E+30    1.000000E+30    1.000000E+30    1.000000E+30    1.000000E+30    1.000000E+30    1.000000E+30    1.000000E+30    1.000000E+30    1.285962E+01    1.284681E+01    1.282766E+01    1.280446E+01    1.277824E+01    1.274932E+01    1.271756E+01    1.268275E+01    1.264479E+01    1.260349E+01    1.255861E+01    1.250989E+01    1.245678E+01    1.239891E+01    1.233632E+01    1.226847E+01    1.219455E+01    1.211393E+01    1.202595E+01    1.192944E+01    1.182565E+01    1.171996E+01    1.163133E+01    1.000000E+30    1.000000E+30    1.000000E+30    1.000000E+30    1.000000E+30    1.000000E+30    1.000000E+30    1.000000E+30    1.000000E+30    1.000000E+30    1.000000E+30    1.000000E+30    1.000000E+30    1.000000E+30    1.000000E+30    1.000000E+30    1.000000E+30    1.000000E+30    1.000000E+30    1.000000E+30    1.000000E+30    1.000000E+30    1.000000E+30    1.000000E+30    1.000000E+30    1.000000E+30    1.000000E+30    1.000000E+30    1.000000E+30    1.000000E+30    1.000000E+30    1.000000E+30    1.000000E+30    1.000000E+30    1.000000E+30    1.000000E+30    1.000000E+30    1.000000E+30    1.000000E+30    1.000000E+30    1.000000E+30    1.000000E+30    1.000000E+30    1.000000E+30    1.000000E+30    1.000000E+30    1.000000E+30    1.000000E+30    1.000000E+30    1.000000E+30    1.000000E+30    1.000000E+30    1.000000E+30    1.000000E+30    1.000000E+30    1.000000E+30    1.000000E+30    1.000000E+30    1.000000E+30    1.000000E+30    1.000000E+30    1.000000E+30    1.000000E+30    1.000000E+30    1.000000E+30    1.000000E+30    1.000000E+30    1.000000E+30    1.000000E+30
   1.000000E+30    1.000000E+30    1.000000E+30    1.000000E+30    1.000000E+30    1.000000E+30    1.000000E+30    1.000000E+30    1.000000E+30    1.000000E+30    1.000000E+30    1.000000E+30    1.000000E+30    1.000000E+30    1.000000E+30    1.000000E+30    1.000000E+30    1.000000E+30    1.000000E+30    1.000000E+30    1.000000E+30    1.000000E+30    1.000000E+30    1.000000E+30    1.000000E+30    1.000000E+30    1.000000E+30    1.000000E+30    1.000000E+30    1.000000E+30    1.000000E+30    1.000000E+30    1.000000E+30    1.000000E+30    1.000000E+30    1.000000E+30    1.000000E+30    1.000000E+30    1.000000E+30    1.000000E+30    1.000000E+30    1.000000E+30    1.000000E+30    1.000000E+30    1.000000E+30    1.000000E+30    1.000000E+30    1.000000E+30    1.000000E+30    1.000000E+30    1.000000E+30    1.000000E+30    1.000000E+30    1.000000E+30    1.000000E+30    1.000000E+30    1.000000E+30    1.000000E+30    1.279677E+01    1.277724E+01    1.275814E+01    1.273660E+01    1.271242E+01    1.268573E+01    1.265635E+01    1.262416E+01    1.258919E+01    1.255127E+01    1.251022E+01    1.246575E+01    1.241730E+01    1.236451E+01    1.230758E+01    1.224605E+01    1.217910E+01    1.210555E+01    1.202513E+01    1.193677E+01    1.183917E+01    1.173054E+01    1.160552E+01    1.144498E+01    1.116796E+01    1.096500E+01    1.080224E+01    1.066507E+01    1.054635E+01    1.044105E+01    1.034511E+01    1.025716E+01    1.017588E+01    1.010112E+01    1.003212E+01    9.968105E+00    9.908750E+00    9.853525E+00    9.801630E+00    9.752356E+00    9.705160E+00    9.660606E+00    9.618565E+00    9.578732E+00    9.540594E+00    9.503688E+00    9.468163E+00    9.434177E+00    9.401313E+00    9.368681E+00    9.336278E+00    9.304443E+00    9.272746E+00    9.241967E+00    9.212225E+00    9.183490E+00    9.155609E+00    9.129638E+00    9.106797E+00    9.089023E+00    1.000000E+30    1.000000E+30    1.000000E+30    1.000000E+30    1.000000E+30    1.000000E+30    1.000000E+30    1.000000E+30    1.000000E+30    1.000000E+30    1.000000E+30    1.000000E+30    1.000000E+30    1.000000E+30    1.000000E+30    1.000000E+30    1.000000E+30    1.000000E+30    1.000000E+30    1.000000E+30    1.000000E+30    1.000000E+30    1.000000E+30    1.000000E+30    1.000000E+30    1.000000E+30    1.000000E+30    1.000000E+30    1.000000E+30    1.000000E+30    1.000000E+30    1.000000E+30    1.000000E+30
   1.000000E+30    1.000000E+30    1.000000E+30    1.000000E+30    1.000000E+30    1.000000E+30    1.000000E+30    1.000000E+30    1.000000E+30    1.000000E+30    1.000000E+30    1.000000E+30    1.000000E+30    1.000000E+30    1.000000E+30    1.000000E+30    1.000000E+30    1.000000E+30    1.000000E+30    1.000000E+30    1.000000E+30    1.000000E+30    1.000000E+30    1.000000E+30    1.000000E+30    1.000000E+30    1.000000E+30    1.000000E+30    1.000000E+30    1.000000E+30    1.000000E+30    1.000000E+30    1.000000E+30    1.000000E+30    1.000000E+30    1.000000E+30    1.000000E+30    1.000000E+30    1.000000E+30    1.000000E+30    1.000000E+30    1.000000E+30    1.000000E+30    1.000000E+30    1.000000E+30    1.000000E+30    1.000000E+30    1.000000E+30    1.000000E+30    1.000000E+30    1.000000E+30    1.000000E+30    1.000000E+30    1.000000E+30    1.000000E+30    1.000000E+30    1.276794E+01    1.275029E+01    1.272051E+01    1.269643E+01    1.267370E+01    1.265014E+01    1.262490E+01    1.259749E+01    1.256761E+01    1.253524E+01    1.250037E+01    1.246284E+01    1.242234E+01    1.237824E+01    1.233022E+01    1.227868E+01    1.222319E+01    1.216280E+01    1.209639E+01    1.202372E+01    1.194441E+01    1.185704E+01    1.176033E+01    1.165169E+01    1.152603E+01    1.137520E+01    1.118951E+01    1.102011E+01    1.087267E+01    1.074281E+01    1.062747E+01    1.052446E+01    1.043091E+01    1.034485E+01    1.026553E+01    1.019212E+01    1.012446E+01    1.006161E+01    1.000292E+01    9.948033E+00    9.896565E+00    9.848140E+00    9.801970E+00    9.757768E+00    9.716066E+00    9.676180E+00    9.638090E+00    9.601632E+00    9.566562E+00    9.532813E+00    9.500242E+00    9.468438E+00    9.436732E+00    9.405339E+00    9.374399E+00    9.343750E+00    9.313905E+00    9.284842E+00    9.256654E+00    9.228158E+00    9.197820E+00    9.164487E+00    9.116928E+00    9.074955E+00    9.030476E+00    8.981078E+00    8.932121E+00    8.883278E+00    8.834126E+00    8.784337E+00    8.733323E+00    8.681513E+00    8.629183E+00    8.576871E+00    8.524147E+00    8.470648E+00    8.415819E+00    8.360553E+00    8.304242E+00    8.245951E+00    8.186192E+00    8.125035E+00    8.062264E+00    7.998006E+00    7.931904E+00    7.862847E+00    7.790634E+00    7.716042E+00    7.640261E+00    7.564228E+00    7.487893E+00    7.412500E+00    7.342632E+00    7.290532E+00    1.000000E+30
   1.000000E+30    1.000000E+30    1.000000E+30    1.000000E+30    1.000000E+30    1.000000E+30    1.000000E+30    1.000000E+30    1.000000E+30    1.000000E+30    1.000000E+30    1.000000E+30    1.000000E+30    1.000000E+30    1.000000E+30    1.000000E+30    1.000000E+30    1.000000E+30    1.000000E+30    1.000000E+30    1.000000E+30    1.000000E+30    1.000000E+30    1.000000E+30    1.000000E+30    1.000000E+30    1.000000E+30    1.000000E+30    1.000000E+30    1.000000E+30    1.000000E+30    1.000000E+30    1.000000E+30    1.000000E+30    1.000000E+30    1.000000E+30    1.000000E+30    1.000000E+30    1.000000E+30    1.000000E+30    1.000000E+30    1.000000E+30    1.000000E+30    1.000000E+30    1.000000E+30    1.000000E+30    1.000000E+30    1.000000E+30    1.000000E+30    1.000000E+30    1.000000E+30    1.000000E+30    1.000000E+30    1.000000E+30    1.000000E+30    1.271207E+01    1.268880E+01    1.266606E+01    1.264065E+01    1.261611E+01    1.259195E+01    1.256717E+01    1.254104E+01    1.251302E+01    1.248292E+01    1.245071E+01    1.241626E+01    1.237924E+01    1.233916E+01    1.229563E+01    1.224904E+01    1.219900E+01    1.214462E+01    1.208504E+01    1.201972E+01    1.194909E+01    1.187205E+01    1.178720E+01    1.169338E+01    1.158924E+01    1.147199E+01    1.133998E+01    1.119486E+01    1.105307E+01    1.092250E+01    1.080372E+01    1.069523E+01    1.059633E+01    1.050611E+01    1.042299E+01    1.034611E+01    1.027485E+01    1.020873E+01    1.014732E+01    1.009011E+01    1.003627E+01    9.985484E+00    9.937283E+00    9.892027E+00    9.848701E+00    9.807045E+00    9.767566E+00    9.730123E+00    9.694293E+00    9.659599E+00    9.626189E+00    9.594080E+00    9.562946E+00    9.531857E+00    9.500960E+00    9.470520E+00    9.440129E+00    9.410033E+00    9.380805E+00    9.351278E+00    9.319469E+00    9.285863E+00    9.249919E+00    9.210898E+00    9.168429E+00    9.125549E+00    9.080829E+00    9.033881E+00    8.986662E+00    8.938251E+00    8.888943E+00    8.838052E+00    8.786480E+00    8.733862E+00    8.681795E+00    8.629666E+00    8.577033E+00    8.523032E+00    8.467128E+00    8.410560E+00    8.352566E+00    8.292783E+00    8.231638E+00    8.168929E+00    8.104407E+00    8.038178E+00    7.969618E+00    7.898188E+00    7.823556E+00    7.746446E+00    7.668292E+00    7.589711E+00    7.509973E+00    7.428785E+00    7.342853E+00    1.000000E+30
   1.000000E+30    1.000000E+30    1.000000E+30    1.000000E+30    1.000000E+30    1.000000E+30    1.000000E+30    1.000000E+30    1.000000E+30    1.000000E+30    1.000000E+30    1.000000E+30    1.000000E+30    1.000000E+30    1.000000E+30    1.000000E+30    1.000000E+30    1.000000E+30    1.000000E+30    1.000000E+30    1.000000E+30    1.000000E+30    1.000000E+30    1.000000E+30    1.000000E+30    1.000000E+30    1.000000E+30    1.000000E+30    1.000000E+30    1.000000E+30    1.000000E+30    1.000000E+30    1.000000E+30    1.000000E+30    1.000000E+30    1.000000E+30    1.000000E+30    1.000000E+30    1.000000E+30    1.000000E+30    1.000000E+30    1.000000E+30    1.000000E+30    1.000000E+30    1.000000E+30    1.000000E+30    1.000000E+30    1.000000E+30    1.000000E+30    1.000000E+30    1.000000E+30    1.000000E+30    1.000000E+30    1.269043E+01    1.267121E+01    1.263814E+01    1.261144E+01    1.258672E+01    1.256193E+01    1.253726E+01    1.251244E+01    1.248701E+01    1.246039E+01    1.243217E+01    1.240216E+01    1.237037E+01    1.233645E+01    1.229994E+01    1.226053E+01    1.221845E+01    1.217333E+01    1.212430E+01    1.207092E+01    1.201266E+01    1.194966E+01    1.188171E+01    1.180755E+01    1.172644E+01    1.163753E+01    1.153986E+01    1.143293E+01    1.131729E+01    1.119586E+01    1.107483E+01    1.095915E+01    1.085149E+01    1.075111E+01    1.065784E+01    1.057184E+01    1.049220E+01    1.041821E+01    1.034949E+01    1.028544E+01    1.022574E+01    1.017011E+01    1.011781E+01    1.006809E+01    1.002087E+01    9.976134E+00    9.933557E+00    9.892739E+00    9.853908E+00    9.816855E+00    9.781472E+00    9.747233E+00    9.714131E+00    9.682271E+00    9.652098E+00    9.621636E+00    9.591358E+00    9.561240E+00    9.531271E+00    9.501451E+00    9.471359E+00    9.439482E+00    9.406227E+00    9.372437E+00    9.337460E+00    9.299666E+00    9.259559E+00    9.218287E+00    9.175470E+00    9.130517E+00    9.084441E+00    9.036836E+00    8.987914E+00    8.937746E+00    8.885970E+00    8.834328E+00    8.782813E+00    8.731221E+00    8.678772E+00    8.625556E+00    8.570157E+00    8.513608E+00    8.455776E+00    8.396104E+00    8.334844E+00    8.271991E+00    8.207541E+00    8.141172E+00    8.072224E+00    8.000683E+00    7.925877E+00    7.847866E+00    7.767372E+00    7.685376E+00    7.600765E+00    7.511740E+00    7.414235E+00    1.000000E+30
   1.000000E+30    1.000000E+30    1.000000E+30    1.000000E+30    1.000000E+30    1.000000E+30    1.000000E+30    1.000000E+30    1.000000E+30    1.000000E+30    1.000000E+30    1.000000E+30    1.000000E+30    1.000000E+30    1.000000E+30    1.000000E+30    1.000000E+30    1.000000E+30    1.000000E+30    1.000000E+30    1.000000E+30    1.000000E+30    1.000000E+30    1.000000E+30    1.000000E+30    1.000000E+30    1.000000E+30    1.000000E+30    1.000000E+30    1.000000E+30    1.000000E+30    1.000000E+30    1.000000E+30    1.000000E+30    1.000000E+30    1.000000E+30    1.000000E+30    1.000000E+30    1.000000E+30    1.000000E+30    1.000000E+30    1.000000E+30    1.000000E+30    1.000000E+30    1.000000E+30    1.000000E+30    1.000000E+30    1.000000E+30    1.000000E+30    1.000000E+30    1.000000E+30    1.000000E+30    1.263630E+01    1.261155E+01    1.258740E+01    1.256025E+01    1.253433E+01    1.250947E+01    1.248482E+01    1.246011E+01    1.243513E+01    1.240951E+01    1.238280E+01    1.235472E+01    1.232514E+01    1.229386E+01    1.226045E+01    1.222478E+01    1.218677E+01    1.214608E+01    1.210191E+01    1.205404E+01    1.200219E+01    1.194619E+01    1.188587E+01    1.182072E+01    1.175006E+01    1.167335E+01    1.159016E+01    1.150000E+01    1.140298E+01    1.130065E+01    1.119517E+01    1.108938E+01    1.098698E+01    1.088961E+01    1.079712E+01    1.071012E+01    1.062905E+01    1.055326E+01    1.048256E+01    1.041662E+01    1.035490E+01    1.029712E+01    1.024314E+01    1.019263E+01    1.014448E+01    1.009855E+01    1.005485E+01    1.001313E+01    9.973454E+00    9.935501E+00    9.898863E+00    9.863693E+00    9.829866E+00    9.797043E+00    9.765196E+00    9.735003E+00    9.706240E+00    9.676568E+00    9.646738E+00    9.617246E+00    9.587520E+00    9.555843E+00    9.523070E+00    9.490286E+00    9.457185E+00    9.424099E+00    9.385780E+00    9.346719E+00    9.307335E+00    9.265600E+00    9.222366E+00    9.177659E+00    9.130892E+00    9.082381E+00    9.032386E+00    8.981472E+00    8.930674E+00    8.879788E+00    8.828464E+00    8.776496E+00    8.723587E+00    8.669257E+00    8.612864E+00    8.555262E+00    8.495817E+00    8.434520E+00    8.371556E+00    8.306792E+00    8.240292E+00    8.171357E+00    8.099217E+00    8.023924E+00    7.944934E+00    7.862660E+00    7.777707E+00    7.688531E+00    7.593815E+00    7.492512E+00    1.000000E+30
   1.000000E+30    1.000000E+30    1.000000E+30    1.000000E+30    1.000000E+30    1.000000E+30    1.000000E+30    1.000000E+30    1.000000E+30    1.000000E+30    1.000000E+30    1.000000E+30    1.000000E+30    1.000000E+30    1.000000E+30    1.000000E+30    1.000000E+30    1.000000E+30    1.000000E+30    1.000000E+30    1.000000E+30    1.000000E+30    1.000000E+30    1.000000E+30    1.000000E+30    1.000000E+30    1.000000E+30    1.000000E+30    1.000000E+30    1.000000E+30    1.000000E+30    1.000000E+30    1.000000E+30    1.000000E+30    1.000000E+30    1.000000E+30    1.000000E+30    1.000000E+30    1.000000E+30    1.000000E+30    1.000000E+30    1.000000E+30    1.000000E+30    1.000000E+30    1.000000E+30    1.000000E+30    1.000000E+30    1.000000E+30    1.000000E+30    1.000000E+30    1.261873E+01    1.259798E+01    1.256293E+01    1.253489E+01    1.250911E+01    1.248343E+01    1.245839E+01    1.243379E+01    1.240936E+01    1.238488E+01    1.236008E+01    1.233455E+01    1.230808E+01    1.228048E+01    1.225150E+01    1.222076E+01    1.218833E+01    1.215400E+01    1.211727E+01    1.207749E+01    1.203452E+01    1.198822E+01    1.193849E+01    1.188497E+01    1.182738E+01    1.176544E+01    1.169856E+01    1.162642E+01    1.154917E+01    1.146656E+01    1.137880E+01    1.128690E+01    1.119330E+01    1.109998E+01    1.100849E+01    1.092011E+01    1.083531E+01    1.075470E+01    1.067869E+01    1.060692E+01    1.053966E+01    1.047671E+01    1.041743E+01    1.036169E+01    1.030968E+01    1.026084E+01    1.021482E+01    1.017068E+01    1.012827E+01    1.008775E+01    1.004902E+01    1.001195E+01    9.976261E+00    9.941568E+00    9.908156E+00    9.875767E+00    9.844357E+00    9.813621E+00    9.785067E+00    9.756658E+00    9.727331E+00    9.698206E+00    9.667434E+00    9.635385E+00    9.603605E+00    9.571814E+00    9.539873E+00    9.505892E+00    9.468990E+00    9.430459E+00    9.391833E+00    9.351477E+00    9.309608E+00    9.266330E+00    9.220529E+00    9.172628E+00    9.123393E+00    9.073495E+00    9.022914E+00    8.973019E+00    8.922223E+00    8.870552E+00    8.817961E+00    8.764425E+00    8.708637E+00    8.651292E+00    8.592131E+00    8.531048E+00    8.468142E+00    8.403248E+00    8.336190E+00    8.267042E+00    8.194748E+00    8.118847E+00    8.038987E+00    7.954641E+00    7.866540E+00    7.774531E+00    7.676343E+00    7.571611E+00    1.000000E+30
   1.000000E+30    1.000000E+30    1.000000E+30    1.000000E+30    1.000000E+30    1.000000E+30    1.000000E+30    1.000000E+30    1.000000E+30    1.000000E+30    1.000000E+30    1.000000E+30    1.000000E+30    1.000000E+30    1.000000E+30    1.000000E+30    1.000000E+30    1.000000E+30    1.000000E+30    1.000000E+30    1.000000E+30    1.000000E+30    1.000000E+30    1.000000E+30    1.000000E+30    1.000000E+30    1.000000E+30    1.000000E+30    1.000000E+30    1.000000E+30    1.000000E+30    1.000000E+30    1.000000E+30    1.000000E+30    1.000000E+30    1.000000E+30    1.000000E+30    1.000000E+30    1.000000E+30    1.000000E+30    1.000000E+30    1.000000E+30    1.000000E+30    1.000000E+30    1.000000E+30    1.000000E+30    1.000000E+30    1.000000E+30    1.259278E+01    1.257393E+01    1.254154E+01    1.251450E+01    1.248568E+01    1.245872E+01    1.243315E+01    1.240833E+01    1.238397E+01    1.235983E+01    1.233582E+01    1.231173E+01    1.228723E+01    1.226212E+01    1.223625E+01    1.220925E+01    1.218087E+01    1.215126E+01    1.212022E+01    1.208700E+01    1.205114E+01    1.201257E+01    1.197115E+01    1.192679E+01    1.187933E+01    1.182839E+01    1.177367E+01    1.171496E+01    1.165204E+01    1.158480E+01    1.151339E+01    1.143762E+01    1.135808E+01    1.127541E+01    1.119099E+01    1.110713E+01    1.102489E+01    1.094471E+01    1.086706E+01    1.079246E+01    1.072169E+01    1.065419E+01    1.059035E+01    1.053042E+01    1.047366E+01    1.041999E+01    1.037020E+01    1.032355E+01    1.027927E+01    1.023701E+01    1.019640E+01    1.015731E+01    1.011954E+01    1.008335E+01    1.004861E+01    1.001483E+01    9.982084E+00    9.950470E+00    9.919655E+00    9.889479E+00    9.860043E+00    9.831759E+00    9.803592E+00    9.773631E+00    9.742552E+00    9.711400E+00    9.681123E+00    9.650401E+00    9.618984E+00    9.583938E+00    9.548499E+00    9.511214E+00    9.472977E+00    9.433662E+00    9.392865E+00    9.350813E+00    9.305888E+00    9.258806E+00    9.210527E+00    9.161009E+00    9.111903E+00    9.062643E+00    9.012557E+00    8.961363E+00    8.909106E+00    8.855923E+00    8.801218E+00    8.744498E+00    8.685836E+00    8.624932E+00    8.562038E+00    8.497237E+00    8.430084E+00    8.360391E+00    8.287852E+00    8.210987E+00    8.129649E+00    8.044272E+00    7.954039E+00    7.858946E+00    7.758297E+00    7.651663E+00    1.000000E+30
   1.000000E+30    1.000000E+30    1.000000E+30    1.000000E+30    1.000000E+30    1.000000E+30    1.000000E+30    1.000000E+30    1.000000E+30    1.000000E+30    1.000000E+30    1.000000E+30    1.000000E+30    1.000000E+30    1.000000E+30    1.000000E+30    1.000000E+30    1.000000E+30    1.000000E+30    1.000000E+30    1.000000E+30    1.000000E+30    1.000000E+30    1.000000E+30    1.000000E+30    1.000000E+30    1.000000E+30    1.000000E+30    1.000000E+30    1.000000E+30    1.000000E+30    1.000000E+30    1.000000E+30    1.000000E+30    1.000000E+30    1.000000E+30    1.000000E+30    1.000000E+30    1.000000E+30    1.000000E+30    1.000000E+30    1.000000E+30    1.000000E+30    1.000000E+30    1.000000E+30    1.000000E+30    1.000000E+30    1.253950E+01    1.251417E+01    1.248966E+01    1.246244E+01    1.243596E+01    1.240945E+01    1.238377E+01    1.235902E+01    1.233494E+01    1.231120E+01    1.228773E+01    1.226431E+01    1.224072E+01    1.221681E+01    1.219238E+01    1.216710E+01    1.214072E+01    1.211358E+01    1.208542E+01    1.205533E+01    1.202298E+01    1.198829E+01    1.195123E+01    1.191160E+01    1.186933E+01    1.182423E+01    1.177584E+01    1.172391E+01    1.166861E+01    1.160986E+01    1.154756E+01    1.148154E+01    1.141209E+01    1.133961E+01    1.126472E+01    1.118856E+01    1.111242E+01    1.103761E+01    1.096457E+01    1.089337E+01    1.082437E+01    1.075883E+01    1.069592E+01    1.063551E+01    1.057870E+01    1.052487E+01    1.047346E+01    1.042531E+01    1.038114E+01    1.033902E+01    1.029827E+01    1.025924E+01    1.022173E+01    1.018527E+01    1.015003E+01    1.011614E+01    1.008338E+01    1.005147E+01    1.002057E+01    9.990469E+00    9.960963E+00    9.931782E+00    9.903537E+00    9.874914E+00    9.844627E+00    9.814565E+00    9.784777E+00    9.754934E+00    9.725920E+00    9.693722E+00    9.659585E+00    9.624746E+00    9.588797E+00    9.550734E+00    9.512116E+00    9.472092E+00    9.430723E+00    9.387180E+00    9.341251E+00    9.293595E+00    9.245626E+00    9.197711E+00    9.149133E+00    9.099650E+00    9.049198E+00    8.997358E+00    8.944616E+00    8.890620E+00    8.834667E+00    8.776749E+00    8.716479E+00    8.653699E+00    8.588870E+00    8.521771E+00    8.451369E+00    8.377888E+00    8.301036E+00    8.219031E+00    8.132191E+00    8.040432E+00    7.943258E+00    7.840390E+00    7.732020E+00    1.000000E+30
   1.000000E+30    1.000000E+30    1.000000E+30    1.000000E+30    1.000000E+30    1.000000E+30    1.000000E+30    1.000000E+30    1.000000E+30    1.000000E+30    1.000000E+30    1.000000E+30    1.000000E+30    1.000000E+30    1.000000E+30    1.000000E+30    1.000000E+30    1.000000E+30    1.000000E+30    1.000000E+30    1.000000E+30    1.000000E+30    1.000000E+30    1.000000E+30    1.000000E+30    1.000000E+30    1.000000E+30    1.000000E+30    1.000000E+30    1.000000E+30    1.000000E+30    1.000000E+30    1.000000E+30    1.000000E+30    1.000000E+30    1.000000E+30    1.000000E+30    1.000000E+30    1.000000E+30    1.000000E+30    1.000000E+30    1.000000E+30    1.000000E+30    1.000000E+30    1.000000E+30    1.252544E+01    1.250399E+01    1.246738E+01    1.243831E+01    1.241194E+01    1.238590E+01    1.236028E+01    1.233510E+01    1.231058E+01    1.228677E+01    1.226338E+01    1.224033E+01    1.221760E+01    1.219491E+01    1.217212E+01    1.214896E+01    1.212513E+01    1.210052E+01    1.207546E+01    1.204967E+01    1.202231E+01    1.199307E+01    1.196185E+01    1.192860E+01    1.189319E+01    1.185553E+01    1.181540E+01    1.177260E+01    1.172668E+01    1.167772E+01    1.162603E+01    1.157132E+01    1.151361E+01    1.145272E+01    1.138903E+01    1.132283E+01    1.125472E+01    1.118565E+01    1.111631E+01    1.104772E+01    1.098075E+01    1.091537E+01    1.085165E+01    1.079080E+01    1.073255E+01    1.067599E+01    1.062224E+01    1.057132E+01    1.052259E+01    1.047616E+01    1.043341E+01    1.039367E+01    1.035482E+01    1.031735E+01    1.028143E+01    1.024657E+01    1.021253E+01    1.017959E+01    1.014772E+01    1.011665E+01    1.008647E+01    1.005703E+01    1.002806E+01    9.999673E+00    9.971260E+00    9.941798E+00    9.912348E+00    9.883709E+00    9.854691E+00    9.825673E+00    9.796115E+00    9.764919E+00    9.732235E+00    9.698017E+00    9.663144E+00    9.625813E+00    9.587348E+00    9.547976E+00    9.507415E+00    9.464919E+00    9.420098E+00    9.374088E+00    9.327688E+00    9.280845E+00    9.233195E+00    9.184494E+00    9.134751E+00    9.083450E+00    9.031087E+00    8.977521E+00    8.922242E+00    8.864729E+00    8.805138E+00    8.743070E+00    8.678005E+00    8.610553E+00    8.540304E+00    8.466479E+00    8.389131E+00    8.307296E+00    8.220156E+00    8.127241E+00    8.028104E+00    7.923107E+00    7.812585E+00    1.000000E+30
   1.000000E+30    1.000000E+30    1.000000E+30    1.000000E+30    1.000000E+30    1.000000E+30    1.000000E+30    1.000000E+30    1.000000E+30    1.000000E+30    1.000000E+30    1.000000E+30    1.000000E+30    1.000000E+30    1.000000E+30    1.000000E+30    1.000000E+30    1.000000E+30    1.000000E+30    1.000000E+30    1.000000E+30    1.000000E+30    1.000000E+30    1.000000E+30    1.000000E+30    1.000000E+30    1.000000E+30    1.000000E+30    1.000000E+30    1.000000E+30    1.000000E+30    1.000000E+30    1.000000E+30    1.000000E+30    1.000000E+30    1.000000E+30    1.000000E+30    1.000000E+30    1.000000E+30    1.000000E+30    1.000000E+30    1.000000E+30    1.000000E+30    1.000000E+30    1.247847E+01    1.244956E+01    1.242205E+01    1.239189E+01    1.236374E+01    1.233749E+01    1.231199E+01    1.228715E+01    1.226296E+01    1.223943E+01    1.221641E+01    1.219373E+01    1.217145E+01    1.214954E+01    1.212779E+01    1.210582E+01    1.208330E+01    1.206030E+01    1.203707E+01    1.201328E+01    1.198816E+01    1.196153E+01    1.193339E+01    1.190356E+01    1.187194E+01    1.183835E+01    1.180263E+01    1.176460E+01    1.172397E+01    1.168062E+01    1.163490E+01    1.158674E+01    1.153603E+01    1.148246E+01    1.142630E+01    1.136779E+01    1.130717E+01    1.124515E+01    1.118231E+01    1.111894E+01    1.105598E+01    1.099420E+01    1.093395E+01    1.087543E+01    1.081890E+01    1.076447E+01    1.071171E+01    1.066123E+01    1.061316E+01    1.056705E+01    1.052267E+01    1.048107E+01    1.044298E+01    1.040640E+01    1.037061E+01    1.033649E+01    1.030339E+01    1.027087E+01    1.023917E+01    1.020823E+01    1.017801E+01    1.014862E+01    1.011988E+01    1.009154E+01    1.006357E+01    1.003455E+01    1.000559E+01    9.977390E+00    9.949558E+00    9.921111E+00    9.892888E+00    9.862338E+00    9.832114E+00    9.801417E+00    9.768790E+00    9.734650E+00    9.698606E+00    9.661034E+00    9.622517E+00    9.582785E+00    9.541211E+00    9.498134E+00    9.453378E+00    9.408155E+00    9.362245E+00    9.315428E+00    9.267588E+00    9.218541E+00    9.167966E+00    9.115879E+00    9.062495E+00    9.007784E+00    8.950925E+00    8.891334E+00    8.829553E+00    8.765061E+00    8.697630E+00    8.627324E+00    8.553819E+00    8.476767E+00    8.395257E+00    8.308180E+00    8.214839E+00    8.114548E+00    8.007900E+00    7.895066E+00    1.000000E+30
   1.000000E+30    1.000000E+30    1.000000E+30    1.000000E+30    1.000000E+30    1.000000E+30    1.000000E+30    1.000000E+30    1.000000E+30    1.000000E+30    1.000000E+30    1.000000E+30    1.000000E+30    1.000000E+30    1.000000E+30    1.000000E+30    1.000000E+30    1.000000E+30    1.000000E+30    1.000000E+30    1.000000E+30    1.000000E+30    1.000000E+30    1.000000E+30    1.000000E+30    1.000000E+30    1.000000E+30    1.000000E+30    1.000000E+30    1.000000E+30    1.000000E+30    1.000000E+30    1.000000E+30    1.000000E+30    1.000000E+30    1.000000E+30    1.000000E+30    1.000000E+30    1.000000E+30    1.000000E+30    1.000000E+30    1.000000E+30    1.247644E+01    1.245212E+01    1.241040E+01    1.237719E+01    1.234740E+01    1.231855E+01    1.229134E+01    1.226558E+01    1.224069E+01    1.221652E+01    1.219308E+01    1.217033E+01    1.214800E+01    1.212609E+01    1.210469E+01    1.208370E+01    1.206273E+01    1.204142E+01    1.201990E+01    1.199828E+01    1.197623E+01    1.195308E+01    1.192869E+01    1.190312E+01    1.187632E+01    1.184807E+01    1.181811E+01    1.178632E+01    1.175252E+01    1.171650E+01    1.167814E+01    1.163769E+01    1.159515E+01    1.155041E+01    1.150320E+01    1.145352E+01    1.140165E+01    1.134782E+01    1.129238E+01    1.123577E+01    1.117806E+01    1.112001E+01    1.106264E+01    1.100595E+01    1.095014E+01    1.089592E+01    1.084344E+01    1.079255E+01    1.074345E+01    1.069620E+01    1.065081E+01    1.060733E+01    1.056530E+01    1.052535E+01    1.048834E+01    1.045368E+01    1.041979E+01    1.038725E+01    1.035586E+01    1.032522E+01    1.029493E+01    1.026519E+01    1.023587E+01    1.020720E+01    1.017911E+01    1.015164E+01    1.012326E+01    1.009466E+01    1.006670E+01    1.003947E+01    1.001210E+01    9.985601E+00    9.956834E+00    9.927535E+00    9.897632E+00    9.867468E+00    9.836519E+00    9.802935E+00    9.768585E+00    9.733023E+00    9.695907E+00    9.657397E+00    9.617021E+00    9.575292E+00    9.532105E+00    9.488215E+00    9.443215E+00    9.396695E+00    9.349102E+00    9.300626E+00    9.250778E+00    9.199376E+00    9.146453E+00    9.091738E+00    9.035314E+00    8.976569E+00    8.914980E+00    8.850819E+00    8.783901E+00    8.713927E+00    8.640498E+00    8.563570E+00    8.482438E+00    8.395863E+00    8.302627E+00    8.202154E+00    8.094618E+00    7.980727E+00    1.000000E+30
   1.000000E+30    1.000000E+30    1.000000E+30    1.000000E+30    1.000000E+30    1.000000E+30    1.000000E+30    1.000000E+30    1.000000E+30    1.000000E+30    1.000000E+30    1.000000E+30    1.000000E+30    1.000000E+30    1.000000E+30    1.000000E+30    1.000000E+30    1.000000E+30    1.000000E+30    1.000000E+30    1.000000E+30    1.000000E+30    1.000000E+30    1.000000E+30    1.000000E+30    1.000000E+30    1.000000E+30    1.000000E+30    1.000000E+30    1.000000E+30    1.000000E+30    1.000000E+30    1.000000E+30    1.000000E+30    1.000000E+30    1.000000E+30    1.000000E+30    1.000000E+30    1.000000E+30    1.000000E+30    1.000000E+30    1.243755E+01    1.240488E+01    1.237340E+01    1.233850E+01    1.230630E+01    1.227633E+01    1.224806E+01    1.222144E+01    1.219617E+01    1.217181E+01    1.214821E+01    1.212542E+01    1.210334E+01    1.208174E+01    1.206069E+01    1.204020E+01    1.201996E+01    1.199961E+01    1.197937E+01    1.195923E+01    1.193864E+01    1.191720E+01    1.189476E+01    1.187140E+01    1.184717E+01    1.182186E+01    1.179513E+01    1.176679E+01    1.173677E+01    1.170486E+01    1.167092E+01    1.163515E+01    1.159754E+01    1.155800E+01    1.151622E+01    1.147225E+01    1.142623E+01    1.137837E+01    1.132895E+01    1.127821E+01    1.122603E+01    1.117293E+01    1.111992E+01    1.106762E+01    1.101578E+01    1.096428E+01    1.091375E+01    1.086479E+01    1.081748E+01    1.077166E+01    1.072741E+01    1.068478E+01    1.064395E+01    1.060449E+01    1.056673E+01    1.053119E+01    1.049775E+01    1.046565E+01    1.043462E+01    1.040463E+01    1.037566E+01    1.034711E+01    1.031867E+01    1.029039E+01    1.026245E+01    1.023540E+01    1.020791E+01    1.018002E+01    1.015218E+01    1.012511E+01    1.009860E+01    1.007187E+01    1.004655E+01    1.001876E+01    9.990997E+00    9.962109E+00    9.932257E+00    9.901590E+00    9.869123E+00    9.835888E+00    9.801942E+00    9.766776E+00    9.730237E+00    9.691838E+00    9.651819E+00    9.610635E+00    9.568000E+00    9.524049E+00    9.478040E+00    9.430178E+00    9.381577E+00    9.332350E+00    9.281343E+00    9.229162E+00    9.175297E+00    9.119125E+00    9.060959E+00    9.000432E+00    8.937362E+00    8.870844E+00    8.801059E+00    8.727666E+00    8.650761E+00    8.569810E+00    8.483503E+00    8.390379E+00    8.289957E+00    8.182816E+00    8.068772E+00    1.000000E+30
   1.000000E+30    1.000000E+30    1.000000E+30    1.000000E+30    1.000000E+30    1.000000E+30    1.000000E+30    1.000000E+30    1.000000E+30    1.000000E+30    1.000000E+30    1.000000E+30    1.000000E+30    1.000000E+30    1.000000E+30    1.000000E+30    1.000000E+30    1.000000E+30    1.000000E+30    1.000000E+30    1.000000E+30    1.000000E+30    1.000000E+30    1.000000E+30    1.000000E+30    1.000000E+30    1.000000E+30    1.000000E+30    1.000000E+30    1.000000E+30    1.000000E+30    1.000000E+30    1.000000E+30    1.000000E+30    1.000000E+30    1.000000E+30    1.000000E+30    1.000000E+30    1.000000E+30    1.245017E+01    1.242207E+01    1.237448E+01    1.233666E+01    1.230245E+01    1.226920E+01    1.223788E+01    1.220822E+01    1.218051E+01    1.215418E+01    1.212917E+01    1.210527E+01    1.208226E+01    1.206009E+01    1.203862E+01    1.201780E+01    1.199765E+01    1.197793E+01    1.195833E+01    1.193906E+01    1.192010E+01    1.190078E+01    1.188081E+01    1.186008E+01    1.183863E+01    1.181656E+01    1.179368E+01    1.176979E+01    1.174452E+01    1.171781E+01    1.168952E+01    1.165950E+01    1.162792E+01    1.159467E+01    1.155971E+01    1.152273E+01    1.148373E+01    1.144287E+01    1.140033E+01    1.135633E+01    1.131100E+01    1.126409E+01    1.121593E+01    1.116753E+01    1.111916E+01    1.107113E+01    1.102357E+01    1.097625E+01    1.092950E+01    1.088374E+01    1.083956E+01    1.079691E+01    1.075549E+01    1.071562E+01    1.067735E+01    1.064039E+01    1.060493E+01    1.057128E+01    1.053925E+01    1.050862E+01    1.047910E+01    1.045059E+01    1.042271E+01    1.039556E+01    1.036868E+01    1.034170E+01    1.031495E+01    1.028858E+01    1.026142E+01    1.023446E+01    1.020788E+01    1.018148E+01    1.015573E+01    1.012987E+01    1.010394E+01    1.007841E+01    1.005184E+01    1.002425E+01    9.995508E+00    9.965388E+00    9.933835E+00    9.901623E+00    9.868813E+00    9.834974E+00    9.800039E+00    9.763548E+00    9.725258E+00    9.685654E+00    9.644528E+00    9.601825E+00    9.557258E+00    9.510503E+00    9.461712E+00    9.412051E+00    9.362174E+00    9.310753E+00    9.258125E+00    9.203721E+00    9.146448E+00    9.086837E+00    9.024551E+00    8.958933E+00    8.889663E+00    8.816501E+00    8.739601E+00    8.658484E+00    8.571825E+00    8.478512E+00    8.378498E+00    8.271707E+00    8.159026E+00    1.000000E+30
   1.000000E+30    1.000000E+30    1.000000E+30    1.000000E+30    1.000000E+30    1.000000E+30    1.000000E+30    1.000000E+30    1.000000E+30    1.000000E+30    1.000000E+30    1.000000E+30    1.000000E+30    1.000000E+30    1.000000E+30    1.000000E+30    1.000000E+30    1.000000E+30    1.000000E+30    1.000000E+30    1.000000E+30    1.000000E+30    1.000000E+30    1.000000E+30    1.000000E+30    1.000000E+30    1.000000E+30    1.000000E+30    1.000000E+30    1.000000E+30    1.000000E+30    1.000000E+30    1.000000E+30    1.000000E+30    1.000000E+30    1.000000E+30    1.000000E+30    1.000000E+30    1.242085E+01    1.238267E+01    1.234628E+01    1.230639E+01    1.226923E+01    1.223486E+01    1.220249E+01    1.217173E+01    1.214297E+01    1.211572E+01    1.208948E+01    1.206469E+01    1.204120E+01    1.201875E+01    1.199712E+01    1.197638E+01    1.195639E+01    1.193699E+01    1.191793E+01    1.189938E+01    1.188118E+01    1.186281E+01    1.184394E+01    1.182472E+01    1.180497E+01    1.178478E+01    1.176401E+01    1.174249E+01    1.171993E+01    1.169611E+01    1.167101E+01    1.164447E+01    1.161656E+01    1.158719E+01    1.155627E+01    1.152357E+01    1.148904E+01    1.145275E+01    1.141492E+01    1.137576E+01    1.133539E+01    1.129341E+01    1.124995E+01    1.120592E+01    1.116173E+01    1.111745E+01    1.107333E+01    1.102967E+01    1.098629E+01    1.094318E+01    1.090081E+01    1.085942E+01    1.081945E+01    1.078084E+01    1.074352E+01    1.070780E+01    1.067324E+01    1.063990E+01    1.060827E+01    1.057797E+01    1.054899E+01    1.052101E+01    1.049394E+01    1.046745E+01    1.044152E+01    1.041595E+01    1.039021E+01    1.036493E+01    1.033888E+01    1.031309E+01    1.028721E+01    1.026178E+01    1.023619E+01    1.021078E+01    1.018584E+01    1.016028E+01    1.013617E+01    1.011066E+01    1.008416E+01    1.005670E+01    1.002728E+01    9.997112E+00    9.966170E+00    9.934360E+00    9.901630E+00    9.867912E+00    9.832574E+00    9.795576E+00    9.756984E+00    9.717066E+00    9.675740E+00    9.632381E+00    9.587079E+00    9.540294E+00    9.491950E+00    9.442707E+00    9.392730E+00    9.341476E+00    9.288358E+00    9.232489E+00    9.173947E+00    9.112230E+00    9.047340E+00    8.978687E+00    8.905832E+00    8.828817E+00    8.747379E+00    8.659996E+00    8.565729E+00    8.463995E+00    8.356439E+00    8.246363E+00    1.000000E+30
   1.000000E+30    1.000000E+30    1.000000E+30    1.000000E+30    1.000000E+30    1.000000E+30    1.000000E+30    1.000000E+30    1.000000E+30    1.000000E+30    1.000000E+30    1.000000E+30    1.000000E+30    1.000000E+30    1.000000E+30    1.000000E+30    1.000000E+30    1.000000E+30    1.000000E+30    1.000000E+30    1.000000E+30    1.000000E+30    1.000000E+30    1.000000E+30    1.000000E+30    1.000000E+30    1.000000E+30    1.000000E+30    1.000000E+30    1.000000E+30    1.000000E+30    1.000000E+30    1.000000E+30    1.000000E+30    1.000000E+30    1.000000E+30    1.245406E+01    1.242040E+01    1.236371E+01    1.231897E+01    1.227885E+01    1.224019E+01    1.220394E+01    1.217020E+01    1.213836E+01    1.210846E+01    1.208023E+01    1.205318E+01    1.202754E+01    1.200301E+01    1.197985E+01    1.195772E+01    1.193674E+01    1.191669E+01    1.189736E+01    1.187860E+01    1.186057E+01    1.184286E+01    1.182512E+01    1.180718E+01    1.178902E+01    1.177066E+01    1.175205E+01    1.173312E+01    1.171364E+01    1.169340E+01    1.167210E+01    1.164977E+01    1.162632E+01    1.160168E+01    1.157569E+01    1.154835E+01    1.151942E+01    1.148892E+01    1.145679E+01    1.142320E+01    1.138833E+01    1.135240E+01    1.131500E+01    1.127593E+01    1.123616E+01    1.119601E+01    1.115553E+01    1.111486E+01    1.107433E+01    1.103415E+01    1.099435E+01    1.095491E+01    1.091593E+01    1.087754E+01    1.083997E+01    1.080377E+01    1.076881E+01    1.073517E+01    1.070300E+01    1.067187E+01    1.064202E+01    1.061366E+01    1.058642E+01    1.056023E+01    1.053482E+01    1.050997E+01    1.048564E+01    1.046101E+01    1.043681E+01    1.041202E+01    1.038728E+01    1.036258E+01    1.033813E+01    1.031356E+01    1.028879E+01    1.026403E+01    1.023973E+01    1.021565E+01    1.019229E+01    1.016765E+01    1.014228E+01    1.011581E+01    1.008809E+01    1.005929E+01    1.002970E+01    9.999063E+00    9.967307E+00    9.934519E+00    9.900510E+00    9.864801E+00    9.827477E+00    9.788387E+00    9.748088E+00    9.706616E+00    9.663298E+00    9.618450E+00    9.572292E+00    9.524442E+00    9.475190E+00    9.424917E+00    9.372799E+00    9.317585E+00    9.259529E+00    9.198504E+00    9.134133E+00    9.065154E+00    8.991837E+00    8.913629E+00    8.830567E+00    8.741870E+00    8.646566E+00    8.545343E+00    8.437912E+00    8.324049E+00    1.000000E+30
   1.000000E+30    1.000000E+30    1.000000E+30    1.000000E+30    1.000000E+30    1.000000E+30    1.000000E+30    1.000000E+30    1.000000E+30    1.000000E+30    1.000000E+30    1.000000E+30    1.000000E+30    1.000000E+30    1.000000E+30    1.000000E+30    1.000000E+30    1.000000E+30    1.000000E+30    1.000000E+30    1.000000E+30    1.000000E+30    1.000000E+30    1.000000E+30    1.000000E+30    1.000000E+30    1.000000E+30    1.000000E+30    1.000000E+30    1.000000E+30    1.000000E+30    1.000000E+30    1.000000E+30    1.000000E+30    1.000000E+30    1.243898E+01    1.239229E+01    1.234826E+01    1.230038E+01    1.225606E+01    1.221528E+01    1.217712E+01    1.214161E+01    1.210852E+01    1.207744E+01    1.204786E+01    1.201974E+01    1.199306E+01    1.196782E+01    1.194384E+01    1.192122E+01    1.189955E+01    1.187916E+01    1.185963E+01    1.184085E+01    1.182300E+01    1.180560E+01    1.178823E+01    1.177100E+01    1.175373E+01    1.173643E+01    1.171902E+01    1.170151E+01    1.168375E+01    1.166549E+01    1.164647E+01    1.162646E+01    1.160559E+01    1.158370E+01    1.156076E+01    1.153662E+01    1.151102E+01    1.148404E+01    1.145566E+01    1.142593E+01    1.139499E+01    1.136297E+01    1.132973E+01    1.129475E+01    1.125895E+01    1.122282E+01    1.118608E+01    1.114887E+01    1.111151E+01    1.107429E+01    1.103734E+01    1.100070E+01    1.096458E+01    1.092900E+01    1.089362E+01    1.085886E+01    1.082496E+01    1.079208E+01    1.076044E+01    1.073013E+01    1.070115E+01    1.067308E+01    1.064634E+01    1.062103E+01    1.059676E+01    1.057313E+01    1.054967E+01    1.052652E+01    1.050378E+01    1.048064E+01    1.045711E+01    1.043371E+01    1.041017E+01    1.038689E+01    1.036315E+01    1.033961E+01    1.031594E+01    1.029299E+01    1.026965E+01    1.024687E+01    1.022335E+01    1.019930E+01    1.017404E+01    1.014798E+01    1.012086E+01    1.009269E+01    1.006323E+01    1.003270E+01    1.000098E+01    9.968160E+00    9.933523E+00    9.897435E+00    9.860282E+00    9.821885E+00    9.782338E+00    9.741450E+00    9.698564E+00    9.653528E+00    9.606885E+00    9.558520E+00    9.508566E+00    9.456379E+00    9.400092E+00    9.339844E+00    9.277799E+00    9.213266E+00    9.144179E+00    9.070870E+00    8.993257E+00    8.911048E+00    8.824478E+00    8.731350E+00    8.630178E+00    8.521462E+00    8.403656E+00    1.000000E+30
   1.000000E+30    1.000000E+30    1.000000E+30    1.000000E+30    1.000000E+30    1.000000E+30    1.000000E+30    1.000000E+30    1.000000E+30    1.000000E+30    1.000000E+30    1.000000E+30    1.000000E+30    1.000000E+30    1.000000E+30    1.000000E+30    1.000000E+30    1.000000E+30    1.000000E+30    1.000000E+30    1.000000E+30    1.000000E+30    1.000000E+30    1.000000E+30    1.000000E+30    1.000000E+30    1.000000E+30    1.000000E+30    1.000000E+30    1.000000E+30    1.000000E+30    1.000000E+30    1.000000E+30    1.250403E+01    1.246071E+01    1.239001E+01    1.233488E+01    1.228608E+01    1.223935E+01    1.219563E+01    1.215507E+01    1.211761E+01    1.208274E+01    1.205002E+01    1.201890E+01    1.198936E+01    1.196144E+01    1.193516E+01    1.191027E+01    1.188683E+01    1.186481E+01    1.184392E+01    1.182412E+01    1.180538E+01    1.178716E+01    1.176985E+01    1.175273E+01    1.173584E+01    1.171914E+01    1.170260E+01    1.168617E+01    1.166975E+01    1.165327E+01    1.163660E+01    1.161939E+01    1.160167E+01    1.158297E+01    1.156338E+01    1.154308E+01    1.152160E+01    1.149892E+01    1.147510E+01    1.145007E+01    1.142382E+01    1.139644E+01    1.136801E+01    1.133845E+01    1.130729E+01    1.127511E+01    1.124263E+01    1.120969E+01    1.117602E+01    1.114176E+01    1.110755E+01    1.107336E+01    1.103921E+01    1.100575E+01    1.097288E+01    1.094018E+01    1.090743E+01    1.087534E+01    1.084426E+01    1.081351E+01    1.078370E+01    1.075543E+01    1.072836E+01    1.070227E+01    1.067713E+01    1.065330E+01    1.063058E+01    1.060836E+01    1.058636E+01    1.056485E+01    1.054362E+01    1.052201E+01    1.050024E+01    1.047809E+01    1.045620E+01    1.043386E+01    1.041143E+01    1.038912E+01    1.036641E+01    1.034475E+01    1.032295E+01    1.030066E+01    1.027864E+01    1.025576E+01    1.023203E+01    1.020752E+01    1.018192E+01    1.015511E+01    1.012705E+01    1.009783E+01    1.006722E+01    1.003571E+01    1.000310E+01    9.969154E+00    9.934176E+00    9.898176E+00    9.860626E+00    9.821063E+00    9.779366E+00    9.735588E+00    9.689922E+00    9.642106E+00    9.590593E+00    9.536231E+00    9.479057E+00    9.419342E+00    9.357315E+00    9.293337E+00    9.225996E+00    9.154178E+00    9.078368E+00    8.997785E+00    8.912364E+00    8.821927E+00    8.723839E+00    8.616397E+00    8.498210E+00    1.000000E+30
   1.000000E+30    1.000000E+30    1.000000E+30    1.000000E+30    1.000000E+30    1.000000E+30    1.000000E+30    1.000000E+30    1.000000E+30    1.000000E+30    1.000000E+30    1.000000E+30    1.000000E+30    1.000000E+30    1.000000E+30    1.000000E+30    1.000000E+30    1.000000E+30    1.000000E+30    1.000000E+30    1.000000E+30    1.000000E+30    1.000000E+30    1.000000E+30    1.000000E+30    1.000000E+30    1.000000E+30    1.000000E+30    1.000000E+30    1.000000E+30    1.000000E+30    1.257281E+01    1.252662E+01    1.245238E+01    1.239341E+01    1.233301E+01    1.227835E+01    1.222850E+01    1.218195E+01    1.213867E+01    1.209884E+01    1.206191E+01    1.202698E+01    1.199398E+01    1.196255E+01    1.193310E+01    1.190542E+01    1.187942E+01    1.185497E+01    1.183218E+01    1.181074E+01    1.179047E+01    1.177133E+01    1.175323E+01    1.173562E+01    1.171858E+01    1.170192E+01    1.168565E+01    1.166957E+01    1.165378E+01    1.163819E+01    1.162268E+01    1.160718E+01    1.159130E+01    1.157521E+01    1.155847E+01    1.154099E+01    1.152276E+01    1.150371E+01    1.148366E+01    1.146259E+01    1.144056E+01    1.141745E+01    1.139327E+01    1.136813E+01    1.134194E+01    1.131423E+01    1.128545E+01    1.125638E+01    1.122679E+01    1.119658E+01    1.116570E+01    1.113440E+01    1.110317E+01    1.107170E+01    1.104035E+01    1.100982E+01    1.097981E+01    1.094973E+01    1.091970E+01    1.089032E+01    1.086141E+01    1.083282E+01    1.080501E+01    1.077861E+01    1.075356E+01    1.072938E+01    1.070588E+01    1.068345E+01    1.066206E+01    1.064142E+01    1.062120E+01    1.060136E+01    1.058132E+01    1.056142E+01    1.054154E+01    1.052096E+01    1.050038E+01    1.047956E+01    1.045870E+01    1.043783E+01    1.041630E+01    1.039540E+01    1.037489E+01    1.035390E+01    1.033330E+01    1.031220E+01    1.029019E+01    1.026712E+01    1.024287E+01    1.021736E+01    1.019061E+01    1.016288E+01    1.013438E+01    1.010522E+01    1.007511E+01    1.004379E+01    1.001081E+01    9.975984E+00    9.939351E+00    9.900780E+00    9.860323E+00    9.817534E+00    9.771268E+00    9.722076E+00    9.670513E+00    9.617698E+00    9.563126E+00    9.506139E+00    9.447007E+00    9.384906E+00    9.319370E+00    9.249229E+00    9.174482E+00    9.094505E+00    9.008974E+00    8.918371E+00    8.821183E+00    8.715968E+00    8.601244E+00    1.000000E+30
   1.000000E+30    1.000000E+30    1.000000E+30    1.000000E+30    1.000000E+30    1.000000E+30    1.000000E+30    1.000000E+30    1.000000E+30    1.000000E+30    1.000000E+30    1.000000E+30    1.000000E+30    1.000000E+30    1.000000E+30    1.000000E+30    1.000000E+30    1.000000E+30    1.000000E+30    1.000000E+30    1.000000E+30    1.000000E+30    1.000000E+30    1.000000E+30    1.000000E+30    1.000000E+30    1.000000E+30    1.000000E+30    1.000000E+30    1.000000E+30    1.258764E+01    1.251976E+01    1.245907E+01    1.239504E+01    1.233535E+01    1.227790E+01    1.222435E+01    1.217465E+01    1.212851E+01    1.208584E+01    1.204627E+01    1.200907E+01    1.197427E+01    1.194102E+01    1.190926E+01    1.187958E+01    1.185204E+01    1.182626E+01    1.180230E+01    1.178007E+01    1.175901E+01    1.173920E+01    1.172057E+01    1.170275E+01    1.168554E+01    1.166896E+01    1.165285E+01    1.163729E+01    1.162210E+01    1.160709E+01    1.159220E+01    1.157762E+01    1.156291E+01    1.154773E+01    1.153239E+01    1.151662E+01    1.150032E+01    1.148333E+01    1.146559E+01    1.144705E+01    1.142764E+01    1.140733E+01    1.138607E+01    1.136390E+01    1.134081E+01    1.131633E+01    1.129066E+01    1.126464E+01    1.123821E+01    1.121118E+01    1.118355E+01    1.115544E+01    1.112703E+01    1.109852E+01    1.106973E+01    1.104090E+01    1.101293E+01    1.098570E+01    1.095828E+01    1.093065E+01    1.090343E+01    1.087683E+01    1.085061E+01    1.082489E+01    1.080013E+01    1.077680E+01    1.075470E+01    1.073326E+01    1.071251E+01    1.069253E+01    1.067332E+01    1.065498E+01    1.063623E+01    1.061783E+01    1.059957E+01    1.058126E+01    1.056267E+01    1.054327E+01    1.052405E+01    1.050483E+01    1.048558E+01    1.046579E+01    1.044605E+01    1.042675E+01    1.040719E+01    1.038848E+01    1.036875E+01    1.034816E+01    1.032660E+01    1.030361E+01    1.027961E+01    1.025494E+01    1.022953E+01    1.020374E+01    1.017729E+01    1.014956E+01    1.011980E+01    1.008785E+01    1.005393E+01    1.001812E+01    9.980431E+00    9.940018E+00    9.896290E+00    9.849926E+00    9.802183E+00    9.754232E+00    9.705558E+00    9.656048E+00    9.603358E+00    9.546853E+00    9.485948E+00    9.420301E+00    9.350190E+00    9.274981E+00    9.193588E+00    9.105223E+00    9.011024E+00    8.911683E+00    8.807446E+00    8.700979E+00    1.000000E+30
   1.000000E+30    1.000000E+30    1.000000E+30    1.000000E+30    1.000000E+30    1.000000E+30    1.000000E+30    1.000000E+30    1.000000E+30    1.000000E+30    1.000000E+30    1.000000E+30    1.000000E+30    1.000000E+30    1.000000E+30    1.000000E+30    1.000000E+30    1.000000E+30    1.000000E+30    1.000000E+30    1.000000E+30    1.000000E+30    1.000000E+30    1.000000E+30    1.000000E+30    1.000000E+30    1.000000E+30    1.000000E+30    1.269116E+01    1.264054E+01    1.254872E+01    1.247116E+01    1.240430E+01    1.234219E+01    1.228308E+01    1.222691E+01    1.217409E+01    1.212494E+01    1.207918E+01    1.203619E+01    1.199609E+01    1.195945E+01    1.192478E+01    1.189109E+01    1.185877E+01    1.182884E+01    1.180136E+01    1.177581E+01    1.175217E+01    1.173003E+01    1.170938E+01    1.169006E+01    1.167158E+01    1.165382E+01    1.163697E+01    1.162092E+01    1.160552E+01    1.159069E+01    1.157629E+01    1.156210E+01    1.154805E+01    1.153405E+01    1.151985E+01    1.150548E+01    1.149105E+01    1.147633E+01    1.146113E+01    1.144533E+01    1.142893E+01    1.141186E+01    1.139401E+01    1.137534E+01    1.135586E+01    1.133558E+01    1.131406E+01    1.129133E+01    1.126815E+01    1.124458E+01    1.122047E+01    1.119585E+01    1.117079E+01    1.114530E+01    1.111953E+01    1.109369E+01    1.106762E+01    1.104145E+01    1.101551E+01    1.099047E+01    1.096561E+01    1.094028E+01    1.091537E+01    1.089095E+01    1.086695E+01    1.084337E+01    1.082042E+01    1.079850E+01    1.077806E+01    1.075868E+01    1.073992E+01    1.072176E+01    1.070421E+01    1.068677E+01    1.066970E+01    1.065283E+01    1.063625E+01    1.061987E+01    1.060281E+01    1.058508E+01    1.056754E+01    1.055005E+01    1.053239E+01    1.051473E+01    1.049653E+01    1.047871E+01    1.046131E+01    1.044397E+01    1.042553E+01    1.040602E+01    1.038600E+01    1.036525E+01    1.034350E+01    1.032114E+01    1.029842E+01    1.027492E+01    1.025003E+01    1.022380E+01    1.019563E+01    1.016491E+01    1.013210E+01    1.009699E+01    1.005866E+01    1.001769E+01    9.974934E+00    9.932390E+00    9.889718E+00    9.846813E+00    9.802256E+00    9.753960E+00    9.700791E+00    9.643293E+00    9.581344E+00    9.514325E+00    9.442987E+00    9.366376E+00    9.284040E+00    9.195266E+00    9.100167E+00    8.999553E+00    8.893304E+00    8.782338E+00    1.000000E+30
   1.000000E+30    1.000000E+30    1.000000E+30    1.000000E+30    1.000000E+30    1.000000E+30    1.000000E+30    1.000000E+30    1.000000E+30    1.000000E+30    1.000000E+30    1.000000E+30    1.000000E+30    1.000000E+30    1.000000E+30    1.000000E+30    1.000000E+30    1.000000E+30    1.000000E+30    1.000000E+30    1.000000E+30    1.000000E+30    1.000000E+30    1.000000E+30    1.000000E+30    1.000000E+30    1.000000E+30    1.271517E+01    1.264671E+01    1.257892E+01    1.250178E+01    1.242838E+01    1.235911E+01    1.229400E+01    1.223487E+01    1.218002E+01    1.212811E+01    1.207902E+01    1.203255E+01    1.198907E+01    1.194917E+01    1.191186E+01    1.187559E+01    1.184113E+01    1.180971E+01    1.178078E+01    1.175340E+01    1.172803E+01    1.170447E+01    1.168264E+01    1.166227E+01    1.164297E+01    1.162448E+01    1.160691E+01    1.159038E+01    1.157479E+01    1.156003E+01    1.154587E+01    1.153206E+01    1.151853E+01    1.150511E+01    1.149172E+01    1.147829E+01    1.146489E+01    1.145141E+01    1.143763E+01    1.142345E+01    1.140883E+01    1.139374E+01    1.137807E+01    1.136167E+01    1.134455E+01    1.132680E+01    1.130797E+01    1.128792E+01    1.126739E+01    1.124651E+01    1.122511E+01    1.120321E+01    1.118092E+01    1.115826E+01    1.113524E+01    1.111203E+01    1.108871E+01    1.106503E+01    1.104125E+01    1.101778E+01    1.099471E+01    1.097180E+01    1.094888E+01    1.092627E+01    1.090399E+01    1.088206E+01    1.086057E+01    1.083962E+01    1.081922E+01    1.079994E+01    1.078211E+01    1.076516E+01    1.074861E+01    1.073258E+01    1.071700E+01    1.070165E+01    1.068641E+01    1.067139E+01    1.065685E+01    1.064208E+01    1.062641E+01    1.061060E+01    1.059495E+01    1.057871E+01    1.056307E+01    1.054677E+01    1.053097E+01    1.051569E+01    1.049923E+01    1.048232E+01    1.046511E+01    1.044723E+01    1.042909E+01    1.041020E+01    1.039006E+01    1.036899E+01    1.034700E+01    1.032334E+01    1.029819E+01    1.027140E+01    1.024239E+01    1.020983E+01    1.017415E+01    1.013661E+01    1.009904E+01    1.006151E+01    1.002436E+01    9.986645E+00    9.945586E+00    9.899967E+00    9.849522E+00    9.794638E+00    9.735544E+00    9.671965E+00    9.603444E+00    9.530467E+00    9.454079E+00    9.372079E+00    9.283696E+00    9.189496E+00    9.089766E+00    8.983201E+00    8.869146E+00    1.000000E+30
   1.000000E+30    1.000000E+30    1.000000E+30    1.000000E+30    1.000000E+30    1.000000E+30    1.000000E+30    1.000000E+30    1.000000E+30    1.000000E+30    1.000000E+30    1.000000E+30    1.000000E+30    1.000000E+30    1.000000E+30    1.000000E+30    1.000000E+30    1.000000E+30    1.000000E+30    1.000000E+30    1.000000E+30    1.000000E+30    1.000000E+30    1.000000E+30    1.000000E+30    1.284248E+01    1.278590E+01    1.268833E+01    1.260875E+01    1.253462E+01    1.246062E+01    1.238889E+01    1.232035E+01    1.225608E+01    1.219528E+01    1.213765E+01    1.208400E+01    1.203470E+01    1.198876E+01    1.194544E+01    1.190453E+01    1.186555E+01    1.182854E+01    1.179401E+01    1.176324E+01    1.173525E+01    1.170834E+01    1.168327E+01    1.165987E+01    1.163813E+01    1.161759E+01    1.159807E+01    1.157954E+01    1.156217E+01    1.154593E+01    1.153072E+01    1.151639E+01    1.150269E+01    1.148938E+01    1.147637E+01    1.146355E+01    1.145095E+01    1.143847E+01    1.142601E+01    1.141342E+01    1.140051E+01    1.138733E+01    1.137386E+01    1.135998E+01    1.134557E+01    1.133053E+01    1.131495E+01    1.129861E+01    1.128095E+01    1.126284E+01    1.124448E+01    1.122558E+01    1.120623E+01    1.118648E+01    1.116637E+01    1.114590E+01    1.112524E+01    1.110449E+01    1.108341E+01    1.106199E+01    1.104048E+01    1.101914E+01    1.099816E+01    1.097735E+01    1.095673E+01    1.093634E+01    1.091616E+01    1.089627E+01    1.087677E+01    1.085774E+01    1.083918E+01    1.082119E+01    1.080439E+01    1.078900E+01    1.077422E+01    1.075986E+01    1.074606E+01    1.073233E+01    1.071854E+01    1.070518E+01    1.069254E+01    1.068047E+01    1.066740E+01    1.065348E+01    1.063939E+01    1.062503E+01    1.061063E+01    1.059629E+01    1.058259E+01    1.056897E+01    1.055445E+01    1.054003E+01    1.052583E+01    1.051096E+01    1.049581E+01    1.047896E+01    1.046082E+01    1.044141E+01    1.042071E+01    1.039843E+01    1.037456E+01    1.034825E+01    1.031890E+01    1.028687E+01    1.025392E+01    1.022153E+01    1.019013E+01    1.015849E+01    1.012424E+01    1.008649E+01    1.004378E+01    9.996202E+00    9.943935E+00    9.887971E+00    9.829203E+00    9.766784E+00    9.699096E+00    9.626124E+00    9.549625E+00    9.468284E+00    9.381410E+00    9.288105E+00    9.188244E+00    9.080803E+00    8.964828E+00    1.000000E+30
   1.000000E+30    1.000000E+30    1.000000E+30    1.000000E+30    1.000000E+30    1.000000E+30    1.000000E+30    1.000000E+30    1.000000E+30    1.000000E+30    1.000000E+30    1.000000E+30    1.000000E+30    1.000000E+30    1.000000E+30    1.000000E+30    1.000000E+30    1.000000E+30    1.000000E+30    1.000000E+30    1.000000E+30    1.000000E+30    1.000000E+30    1.000000E+30    1.287504E+01    1.280284E+01    1.273110E+01    1.264994E+01    1.257210E+01    1.249749E+01    1.242489E+01    1.235465E+01    1.228723E+01    1.222311E+01    1.216193E+01    1.210415E+01    1.204985E+01    1.199823E+01    1.194956E+01    1.190434E+01    1.186270E+01    1.182406E+01    1.178759E+01    1.175342E+01    1.172220E+01    1.169337E+01    1.166696E+01    1.164210E+01    1.161837E+01    1.159621E+01    1.157535E+01    1.155559E+01    1.153700E+01    1.151976E+01    1.150384E+01    1.148890E+01    1.147476E+01    1.146129E+01    1.144839E+01    1.143592E+01    1.142381E+01    1.141197E+01    1.140029E+01    1.138868E+01    1.137692E+01    1.136495E+01    1.135280E+01    1.134034E+01    1.132753E+01    1.131426E+01    1.130046E+01    1.128623E+01    1.127110E+01    1.125506E+01    1.123894E+01    1.122238E+01    1.120534E+01    1.118797E+01    1.117025E+01    1.115214E+01    1.113376E+01    1.111532E+01    1.109672E+01    1.107771E+01    1.105856E+01    1.103932E+01    1.102009E+01    1.100103E+01    1.098225E+01    1.096381E+01    1.094560E+01    1.092755E+01    1.090975E+01    1.089226E+01    1.087513E+01    1.085841E+01    1.084212E+01    1.082641E+01    1.081213E+01    1.079896E+01    1.078609E+01    1.077381E+01    1.076193E+01    1.075009E+01    1.073856E+01    1.072747E+01    1.071703E+01    1.070615E+01    1.069446E+01    1.068223E+01    1.067007E+01    1.065734E+01    1.064491E+01    1.063351E+01    1.062209E+01    1.061076E+01    1.059956E+01    1.058808E+01    1.057605E+01    1.056346E+01    1.054901E+01    1.053313E+01    1.051571E+01    1.049666E+01    1.047560E+01    1.045165E+01    1.042505E+01    1.039708E+01    1.036987E+01    1.034351E+01    1.031774E+01    1.029104E+01    1.025971E+01    1.022402E+01    1.018441E+01    1.014036E+01    1.009225E+01    1.004143E+01    9.987076E+00    9.929245E+00    9.867942E+00    9.801613E+00    9.729641E+00    9.652856E+00    9.570925E+00    9.483849E+00    9.390485E+00    9.290039E+00    9.181942E+00    9.065350E+00    1.000000E+30
   1.000000E+30    1.000000E+30    1.000000E+30    1.000000E+30    1.000000E+30    1.000000E+30    1.000000E+30    1.000000E+30    1.000000E+30    1.000000E+30    1.000000E+30    1.000000E+30    1.000000E+30    1.000000E+30    1.000000E+30    1.000000E+30    1.000000E+30    1.000000E+30    1.000000E+30    1.000000E+30    1.000000E+30    1.000000E+30    1.300653E+01    1.294985E+01    1.285074E+01    1.276882E+01    1.269185E+01    1.261445E+01    1.253872E+01    1.246518E+01    1.239386E+01    1.232501E+01    1.225897E+01    1.219572E+01    1.213488E+01    1.207679E+01    1.202146E+01    1.196887E+01    1.191952E+01    1.187299E+01    1.182914E+01    1.178817E+01    1.175046E+01    1.171612E+01    1.168485E+01    1.165568E+01    1.162906E+01    1.160366E+01    1.157984E+01    1.155741E+01    1.153614E+01    1.151615E+01    1.149749E+01    1.148023E+01    1.146431E+01    1.144942E+01    1.143534E+01    1.142203E+01    1.140942E+01    1.139750E+01    1.138600E+01    1.137472E+01    1.136372E+01    1.135282E+01    1.134187E+01    1.133088E+01    1.131968E+01    1.130813E+01    1.129630E+01    1.128406E+01    1.127150E+01    1.125848E+01    1.124473E+01    1.123051E+01    1.121604E+01    1.120111E+01    1.118585E+01    1.117037E+01    1.115449E+01    1.113827E+01    1.112186E+01    1.110548E+01    1.108894E+01    1.107207E+01    1.105498E+01    1.103783E+01    1.102067E+01    1.100363E+01    1.098681E+01    1.097034E+01    1.095421E+01    1.093829E+01    1.092262E+01    1.090718E+01    1.089204E+01    1.087722E+01    1.086274E+01    1.084861E+01    1.083539E+01    1.082372E+01    1.081241E+01    1.080156E+01    1.079136E+01    1.078151E+01    1.077171E+01    1.076210E+01    1.075270E+01    1.074328E+01    1.073352E+01    1.072352E+01    1.071377E+01    1.070348E+01    1.069383E+01    1.068570E+01    1.067766E+01    1.066960E+01    1.066104E+01    1.065209E+01    1.064266E+01    1.063206E+01    1.062057E+01    1.060704E+01    1.059105E+01    1.057258E+01    1.055165E+01    1.052898E+01    1.050668E+01    1.048542E+01    1.046524E+01    1.044448E+01    1.042040E+01    1.039237E+01    1.035980E+01    1.032243E+01    1.028173E+01    1.023899E+01    1.019304E+01    1.014372E+01    1.009085E+01    1.003392E+01    9.973061E+00    9.907693E+00    9.836441E+00    9.759630E+00    9.677370E+00    9.589672E+00    9.495954E+00    9.394939E+00    9.286350E+00    9.169557E+00    1.000000E+30
   1.000000E+30    1.000000E+30    1.000000E+30    1.000000E+30    1.000000E+30    1.000000E+30    1.000000E+30    1.000000E+30    1.000000E+30    1.000000E+30    1.000000E+30    1.000000E+30    1.000000E+30    1.000000E+30    1.000000E+30    1.000000E+30    1.000000E+30    1.000000E+30    1.000000E+30    1.000000E+30    1.000000E+30    1.303578E+01    1.296684E+01    1.289643E+01    1.281499E+01    1.273577E+01    1.265898E+01    1.258340E+01    1.250937E+01    1.243713E+01    1.236704E+01    1.229941E+01    1.223454E+01    1.217209E+01    1.211171E+01    1.205383E+01    1.199836E+01    1.194552E+01    1.189534E+01    1.184764E+01    1.180257E+01    1.176063E+01    1.172200E+01    1.168600E+01    1.165201E+01    1.162093E+01    1.159276E+01    1.156734E+01    1.154390E+01    1.152158E+01    1.150018E+01    1.148000E+01    1.146105E+01    1.144347E+01    1.142728E+01    1.141229E+01    1.139826E+01    1.138511E+01    1.137281E+01    1.136124E+01    1.135008E+01    1.133928E+01    1.132884E+01    1.131856E+01    1.130838E+01    1.129821E+01    1.128780E+01    1.127715E+01    1.126634E+01    1.125528E+01    1.124391E+01    1.123208E+01    1.121966E+01    1.120706E+01    1.119402E+01    1.118066E+01    1.116716E+01    1.115339E+01    1.113930E+01    1.112496E+01    1.111042E+01    1.109583E+01    1.108121E+01    1.106643E+01    1.105138E+01    1.103622E+01    1.102108E+01    1.100605E+01    1.099117E+01    1.097661E+01    1.096244E+01    1.094860E+01    1.093504E+01    1.092172E+01    1.090862E+01    1.089581E+01    1.088326E+01    1.087104E+01    1.085927E+01    1.084889E+01    1.083945E+01    1.083016E+01    1.082151E+01    1.081343E+01    1.080537E+01    1.079725E+01    1.078920E+01    1.078129E+01    1.077334E+01    1.076563E+01    1.075872E+01    1.075130E+01    1.074536E+01    1.074067E+01    1.073611E+01    1.073123E+01    1.072541E+01    1.071856E+01    1.071059E+01    1.070109E+01    1.069075E+01    1.067837E+01    1.066414E+01    1.064844E+01    1.063206E+01    1.061618E+01    1.060155E+01    1.058705E+01    1.056992E+01    1.054875E+01    1.052328E+01    1.049279E+01    1.045950E+01    1.042316E+01    1.038425E+01    1.034295E+01    1.029842E+01    1.024980E+01    1.019765E+01    1.014136E+01    1.008097E+01    1.001594E+01    9.945503E+00    9.868931E+00    9.786659E+00    9.698406E+00    9.604080E+00    9.502568E+00    9.393573E+00    9.276740E+00    1.000000E+30
   1.000000E+30    1.000000E+30    1.000000E+30    1.000000E+30    1.000000E+30    1.000000E+30    1.000000E+30    1.000000E+30    1.000000E+30    1.000000E+30    1.000000E+30    1.000000E+30    1.000000E+30    1.000000E+30    1.000000E+30    1.000000E+30    1.000000E+30    1.000000E+30    1.000000E+30    1.000000E+30    1.308443E+01    1.300847E+01    1.293421E+01    1.285965E+01    1.278259E+01    1.270596E+01    1.263049E+01    1.255631E+01    1.248367E+01    1.241261E+01    1.234366E+01    1.227720E+01    1.221337E+01    1.215165E+01    1.209188E+01    1.203424E+01    1.197875E+01    1.192586E+01    1.187565E+01    1.182767E+01    1.178202E+01    1.173940E+01    1.169952E+01    1.166194E+01    1.162672E+01    1.159436E+01    1.156413E+01    1.153595E+01    1.151072E+01    1.148788E+01    1.146660E+01    1.144631E+01    1.142699E+01    1.140939E+01    1.139295E+01    1.137783E+01    1.136378E+01    1.135073E+01    1.133860E+01    1.132708E+01    1.131613E+01    1.130573E+01    1.129572E+01    1.128604E+01    1.127652E+01    1.126696E+01    1.125729E+01    1.124762E+01    1.123785E+01    1.122785E+01    1.121753E+01    1.120685E+01    1.119572E+01    1.118445E+01    1.117287E+01    1.116113E+01    1.114926E+01    1.113715E+01    1.112481E+01    1.111216E+01    1.109936E+01    1.108652E+01    1.107370E+01    1.106078E+01    1.104772E+01    1.103456E+01    1.102142E+01    1.100834E+01    1.099543E+01    1.098279E+01    1.097052E+01    1.095866E+01    1.094718E+01    1.093598E+01    1.092500E+01    1.091427E+01    1.090380E+01    1.089363E+01    1.088379E+01    1.087481E+01    1.086735E+01    1.085986E+01    1.085297E+01    1.084647E+01    1.084015E+01    1.083387E+01    1.082774E+01    1.082187E+01    1.081624E+01    1.081105E+01    1.080661E+01    1.080235E+01    1.080024E+01    1.079823E+01    1.079586E+01    1.079273E+01    1.078860E+01    1.078342E+01    1.077735E+01    1.077055E+01    1.076316E+01    1.075504E+01    1.074616E+01    1.073701E+01    1.072831E+01    1.071972E+01    1.070889E+01    1.069468E+01    1.067620E+01    1.065309E+01    1.062616E+01    1.059673E+01    1.056505E+01    1.053020E+01    1.049223E+01    1.045130E+01    1.040725E+01    1.035912E+01    1.030724E+01    1.025127E+01    1.019099E+01    1.012623E+01    1.005631E+01    9.980248E+00    9.898120E+00    9.809747E+00    9.715025E+00    9.613146E+00    9.503687E+00    9.386694E+00    1.000000E+30
   1.000000E+30    1.000000E+30    1.000000E+30    1.000000E+30    1.000000E+30    1.000000E+30    1.000000E+30    1.000000E+30    1.000000E+30    1.000000E+30    1.000000E+30    1.000000E+30    1.000000E+30    1.000000E+30    1.000000E+30    1.000000E+30    1.000000E+30    1.000000E+30    1.000000E+30    1.314806E+01    1.306441E+01    1.298451E+01    1.290711E+01    1.283088E+01    1.275487E+01    1.267965E+01    1.260546E+01    1.253251E+01    1.246103E+01    1.239112E+01    1.232334E+01    1.225808E+01    1.219512E+01    1.213401E+01    1.207488E+01    1.201762E+01    1.196231E+01    1.190946E+01    1.185921E+01    1.181112E+01    1.176540E+01    1.172238E+01    1.168175E+01    1.164344E+01    1.160739E+01    1.157365E+01    1.154193E+01    1.151244E+01    1.148550E+01    1.145994E+01    1.143633E+01    1.141509E+01    1.139604E+01    1.137845E+01    1.136184E+01    1.134643E+01    1.133213E+01    1.131893E+01    1.130665E+01    1.129508E+01    1.128429E+01    1.127417E+01    1.126457E+01    1.125532E+01    1.124627E+01    1.123729E+01    1.122844E+01    1.121961E+01    1.121068E+01    1.120161E+01    1.119228E+01    1.118273E+01    1.117291E+01    1.116286E+01    1.115275E+01    1.114250E+01    1.113218E+01    1.112167E+01    1.111085E+01    1.109981E+01    1.108866E+01    1.107750E+01    1.106642E+01    1.105532E+01    1.104414E+01    1.103295E+01    1.102176E+01    1.101062E+01    1.099966E+01    1.098898E+01    1.097865E+01    1.096873E+01    1.095920E+01    1.095008E+01    1.094125E+01    1.093267E+01    1.092439E+01    1.091640E+01    1.090876E+01    1.090159E+01    1.089590E+01    1.089045E+01    1.088544E+01    1.088079E+01    1.087647E+01    1.087242E+01    1.086866E+01    1.086519E+01    1.086209E+01    1.085947E+01    1.085665E+01    1.085552E+01    1.085499E+01    1.085455E+01    1.085415E+01    1.085374E+01    1.085353E+01    1.085338E+01    1.085319E+01    1.085294E+01    1.085220E+01    1.085067E+01    1.084833E+01    1.084459E+01    1.083902E+01    1.083077E+01    1.081873E+01    1.080280E+01    1.078279E+01    1.075996E+01    1.073447E+01    1.070647E+01    1.067572E+01    1.064172E+01    1.060443E+01    1.056384E+01    1.051992E+01    1.047211E+01    1.042025E+01    1.036446E+01    1.030418E+01    1.023938E+01    1.016959E+01    1.009396E+01    1.001197E+01    9.923704E+00    9.828959E+00    9.727108E+00    9.617451E+00    9.500042E+00    1.000000E+30
   1.000000E+30    1.000000E+30    1.000000E+30    1.000000E+30    1.000000E+30    1.000000E+30    1.000000E+30    1.000000E+30    1.000000E+30    1.000000E+30    1.000000E+30    1.000000E+30    1.000000E+30    1.000000E+30    1.000000E+30    1.000000E+30    1.000000E+30    1.000000E+30    1.000000E+30    1.313474E+01    1.304580E+01    1.296301E+01    1.288371E+01    1.280659E+01    1.273090E+01    1.265652E+01    1.258344E+01    1.251167E+01    1.244129E+01    1.237254E+01    1.230580E+01    1.224148E+01    1.217931E+01    1.211893E+01    1.206035E+01    1.200352E+01    1.194859E+01    1.189590E+01    1.184565E+01    1.179765E+01    1.175201E+01    1.170863E+01    1.166746E+01    1.162853E+01    1.159172E+01    1.155721E+01    1.152475E+01    1.149424E+01    1.146561E+01    1.143860E+01    1.141345E+01    1.139005E+01    1.136884E+01    1.135026E+01    1.133374E+01    1.131811E+01    1.130342E+01    1.128969E+01    1.127708E+01    1.126542E+01    1.125468E+01    1.124474E+01    1.123538E+01    1.122645E+01    1.121782E+01    1.120944E+01    1.120125E+01    1.119307E+01    1.118493E+01    1.117671E+01    1.116834E+01    1.115984E+01    1.115120E+01    1.114240E+01    1.113356E+01    1.112472E+01    1.111587E+01    1.110674E+01    1.109735E+01    1.108788E+01    1.107837E+01    1.106891E+01    1.105951E+01    1.105010E+01    1.104071E+01    1.103138E+01    1.102221E+01    1.101307E+01    1.100399E+01    1.099525E+01    1.098691E+01    1.097899E+01    1.097143E+01    1.096430E+01    1.095758E+01    1.095122E+01    1.094519E+01    1.093950E+01    1.093420E+01    1.092927E+01    1.092517E+01    1.092199E+01    1.091899E+01    1.091646E+01    1.091449E+01    1.091289E+01    1.091149E+01    1.091040E+01    1.090946E+01    1.090856E+01    1.090717E+01    1.090768E+01    1.090919E+01    1.091362E+01    1.091986E+01    1.092683E+01    1.093394E+01    1.094110E+01    1.094818E+01    1.095461E+01    1.095899E+01    1.096070E+01    1.096025E+01    1.095698E+01    1.095084E+01    1.094125E+01    1.092811E+01    1.091219E+01    1.089393E+01    1.087289E+01    1.084853E+01    1.082100E+01    1.079062E+01    1.075717E+01    1.072046E+01    1.068033E+01    1.063667E+01    1.058919E+01    1.053732E+01    1.048144E+01    1.042126E+01    1.035628E+01    1.028641E+01    1.021099E+01    1.012914E+01    1.004099E+01    9.946409E+00    9.844827E+00    9.735436E+00    9.617938E+00    1.000000E+30
   1.000000E+30    1.000000E+30    1.000000E+30    1.000000E+30    1.000000E+30    1.000000E+30    1.000000E+30    1.000000E+30    1.000000E+30    1.000000E+30    1.000000E+30    1.000000E+30    1.000000E+30    1.000000E+30    1.000000E+30    1.000000E+30    1.000000E+30    1.000000E+30    1.319971E+01    1.311263E+01    1.302588E+01    1.294284E+01    1.286297E+01    1.278560E+01    1.271011E+01    1.263632E+01    1.256420E+01    1.249356E+01    1.242417E+01    1.235641E+01    1.229063E+01    1.222720E+01    1.216579E+01    1.210612E+01    1.204808E+01    1.199166E+01    1.193716E+01    1.188475E+01    1.183466E+01    1.178690E+01    1.174136E+01    1.169771E+01    1.165614E+01    1.161677E+01    1.157931E+01    1.154404E+01    1.151081E+01    1.147941E+01    1.144988E+01    1.142194E+01    1.139548E+01    1.137077E+01    1.134784E+01    1.132657E+01    1.130811E+01    1.129223E+01    1.127739E+01    1.126333E+01    1.125023E+01    1.123831E+01    1.122742E+01    1.121747E+01    1.120829E+01    1.119964E+01    1.119135E+01    1.118339E+01    1.117566E+01    1.116811E+01    1.116066E+01    1.115319E+01    1.114573E+01    1.113822E+01    1.113064E+01    1.112300E+01    1.111536E+01    1.110784E+01    1.110023E+01    1.109238E+01    1.108447E+01    1.107653E+01    1.106862E+01    1.106076E+01    1.105298E+01    1.104525E+01    1.103761E+01    1.103012E+01    1.102280E+01    1.101562E+01    1.100853E+01    1.100170E+01    1.099535E+01    1.098949E+01    1.098401E+01    1.097893E+01    1.097432E+01    1.097021E+01    1.096649E+01    1.096317E+01    1.096022E+01    1.095767E+01    1.095555E+01    1.095472E+01    1.095390E+01    1.095361E+01    1.095404E+01    1.095486E+01    1.095587E+01    1.095682E+01    1.095790E+01    1.095865E+01    1.095963E+01    1.096398E+01    1.097373E+01    1.098752E+01    1.100280E+01    1.101749E+01    1.103078E+01    1.104275E+01    1.105317E+01    1.106165E+01    1.106739E+01    1.107024E+01    1.106984E+01    1.106682E+01    1.106116E+01    1.105268E+01    1.104188E+01    1.102801E+01    1.101097E+01    1.099081E+01    1.096748E+01    1.094060E+01    1.091049E+01    1.087732E+01    1.084096E+01    1.080109E+01    1.075759E+01    1.071036E+01    1.065875E+01    1.060284E+01    1.054256E+01    1.047755E+01    1.040746E+01    1.033200E+01    1.025029E+01    1.016222E+01    1.006768E+01    9.966299E+00    9.857263E+00    9.740319E+00    1.000000E+30
   1.000000E+30    1.000000E+30    1.000000E+30    1.000000E+30    1.000000E+30    1.000000E+30    1.000000E+30    1.000000E+30    1.000000E+30    1.000000E+30    1.000000E+30    1.000000E+30    1.000000E+30    1.000000E+30    1.000000E+30    1.000000E+30    1.000000E+30    1.000000E+30    1.318789E+01    1.309495E+01    1.300742E+01    1.292419E+01    1.284430E+01    1.276719E+01    1.269214E+01    1.261888E+01    1.254753E+01    1.247775E+01    1.240931E+01    1.234250E+01    1.227762E+01    1.221504E+01    1.215438E+01    1.209537E+01    1.203784E+01    1.198191E+01    1.192782E+01    1.187576E+01    1.182593E+01    1.177840E+01    1.173301E+01    1.168924E+01    1.164738E+01    1.160757E+01    1.156961E+01    1.153373E+01    1.149978E+01    1.146759E+01    1.143723E+01    1.140850E+01    1.138126E+01    1.135552E+01    1.133128E+01    1.130887E+01    1.128837E+01    1.126993E+01    1.125388E+01    1.123952E+01    1.122626E+01    1.121400E+01    1.120271E+01    1.119270E+01    1.118354E+01    1.117490E+01    1.116676E+01    1.115907E+01    1.115174E+01    1.114469E+01    1.113780E+01    1.113106E+01    1.112441E+01    1.111780E+01    1.111120E+01    1.110463E+01    1.109812E+01    1.109172E+01    1.108524E+01    1.107873E+01    1.107226E+01    1.106582E+01    1.105943E+01    1.105315E+01    1.104700E+01    1.104093E+01    1.103500E+01    1.102927E+01    1.102376E+01    1.101841E+01    1.101328E+01    1.100849E+01    1.100414E+01    1.100030E+01    1.099696E+01    1.099409E+01    1.099166E+01    1.098980E+01    1.098845E+01    1.098754E+01    1.098701E+01    1.098687E+01    1.098723E+01    1.098878E+01    1.099039E+01    1.099240E+01    1.099513E+01    1.099833E+01    1.100166E+01    1.100495E+01    1.100871E+01    1.101205E+01    1.101812E+01    1.103172E+01    1.105213E+01    1.107396E+01    1.109441E+01    1.111275E+01    1.112894E+01    1.114317E+01    1.115511E+01    1.116459E+01    1.117192E+01    1.117712E+01    1.117974E+01    1.118006E+01    1.117778E+01    1.117225E+01    1.116304E+01    1.115023E+01    1.113403E+01    1.111451E+01    1.109169E+01    1.106554E+01    1.103611E+01    1.100333E+01    1.096717E+01    1.092748E+01    1.088401E+01    1.083670E+01    1.078537E+01    1.072957E+01    1.066934E+01    1.060428E+01    1.053377E+01    1.045807E+01    1.037625E+01    1.028784E+01    1.019295E+01    1.009124E+01    9.982282E+00    9.865678E+00    1.000000E+30
   1.000000E+30    1.000000E+30    1.000000E+30    1.000000E+30    1.000000E+30    1.000000E+30    1.000000E+30    1.000000E+30    1.000000E+30    1.000000E+30    1.000000E+30    1.000000E+30    1.000000E+30    1.000000E+30    1.000000E+30    1.000000E+30    1.000000E+30    1.000000E+30    1.316958E+01    1.307693E+01    1.298986E+01    1.290696E+01    1.282750E+01    1.275093E+01    1.267650E+01    1.260388E+01    1.253317E+01    1.246415E+01    1.239657E+01    1.233063E+01    1.226656E+01    1.220470E+01    1.214480E+01    1.208645E+01    1.202944E+01    1.197404E+01    1.192040E+01    1.186868E+01    1.181911E+01    1.177181E+01    1.172655E+01    1.168286E+01    1.164089E+01    1.160066E+01    1.156225E+01    1.152584E+01    1.149131E+01    1.145855E+01    1.142753E+01    1.139809E+01    1.137012E+01    1.134356E+01    1.131847E+01    1.129505E+01    1.127336E+01    1.125349E+01    1.123494E+01    1.121862E+01    1.120483E+01    1.119210E+01    1.118063E+01    1.117042E+01    1.116098E+01    1.115222E+01    1.114413E+01    1.113661E+01    1.112957E+01    1.112287E+01    1.111649E+01    1.111037E+01    1.110441E+01    1.109860E+01    1.109290E+01    1.108732E+01    1.108186E+01    1.107652E+01    1.107116E+01    1.106592E+01    1.106079E+01    1.105579E+01    1.105089E+01    1.104617E+01    1.104161E+01    1.103717E+01    1.103291E+01    1.102893E+01    1.102519E+01    1.102170E+01    1.101852E+01    1.101576E+01    1.101346E+01    1.101170E+01    1.101052E+01    1.100986E+01    1.100975E+01    1.101023E+01    1.101128E+01    1.101279E+01    1.101475E+01    1.101732E+01    1.102048E+01    1.102459E+01    1.102866E+01    1.103295E+01    1.103792E+01    1.104343E+01    1.104936E+01    1.105550E+01    1.106208E+01    1.106964E+01    1.108356E+01    1.110628E+01    1.113466E+01    1.116096E+01    1.118335E+01    1.120363E+01    1.122224E+01    1.123949E+01    1.125541E+01    1.126976E+01    1.128249E+01    1.129289E+01    1.130006E+01    1.130365E+01    1.130329E+01    1.129899E+01    1.129064E+01    1.127880E+01    1.126328E+01    1.124437E+01    1.122198E+01    1.119634E+01    1.116762E+01    1.113545E+01    1.109963E+01    1.106011E+01    1.101672E+01    1.096926E+01    1.091785E+01    1.086183E+01    1.080116E+01    1.073578E+01    1.066503E+01    1.058879E+01    1.050663E+01    1.041759E+01    1.032217E+01    1.022019E+01    1.011123E+01    9.994626E+00    1.000000E+30
   1.000000E+30    1.000000E+30    1.000000E+30    1.000000E+30    1.000000E+30    1.000000E+30    1.000000E+30    1.000000E+30    1.000000E+30    1.000000E+30    1.000000E+30    1.000000E+30    1.000000E+30    1.000000E+30    1.000000E+30    1.000000E+30    1.000000E+30    1.323271E+01    1.314572E+01    1.305832E+01    1.297329E+01    1.289118E+01    1.281244E+01    1.273652E+01    1.266266E+01    1.259079E+01    1.252084E+01    1.245250E+01    1.238572E+01    1.232064E+01    1.225731E+01    1.219611E+01    1.213686E+01    1.207908E+01    1.202271E+01    1.196787E+01    1.191468E+01    1.186332E+01    1.181403E+01    1.176693E+01    1.172180E+01    1.167827E+01    1.163636E+01    1.159591E+01    1.155708E+01    1.152020E+01    1.148517E+01    1.145190E+01    1.142035E+01    1.139036E+01    1.136178E+01    1.133455E+01    1.130872E+01    1.128443E+01    1.126172E+01    1.124065E+01    1.122109E+01    1.120295E+01    1.118665E+01    1.117314E+01    1.116136E+01    1.115060E+01    1.114075E+01    1.113177E+01    1.112359E+01    1.111613E+01    1.110925E+01    1.110284E+01    1.109688E+01    1.109123E+01    1.108586E+01    1.108072E+01    1.107583E+01    1.107117E+01    1.106667E+01    1.106234E+01    1.105813E+01    1.105409E+01    1.105024E+01    1.104656E+01    1.104311E+01    1.103989E+01    1.103686E+01    1.103402E+01    1.103144E+01    1.102919E+01    1.102722E+01    1.102562E+01    1.102443E+01    1.102371E+01    1.102351E+01    1.102392E+01    1.102493E+01    1.102656E+01    1.102886E+01    1.103176E+01    1.103521E+01    1.103927E+01    1.104402E+01    1.104952E+01    1.105569E+01    1.106245E+01    1.106906E+01    1.107567E+01    1.108297E+01    1.109086E+01    1.109938E+01    1.110873E+01    1.111825E+01    1.113147E+01    1.115323E+01    1.118306E+01    1.121668E+01    1.124417E+01    1.126965E+01    1.129478E+01    1.131962E+01    1.134346E+01    1.136583E+01    1.138596E+01    1.140384E+01    1.141893E+01    1.142950E+01    1.143530E+01    1.143630E+01    1.143275E+01    1.142528E+01    1.141398E+01    1.139893E+01    1.138043E+01    1.135878E+01    1.133378E+01    1.130544E+01    1.127373E+01    1.123812E+01    1.119861E+01    1.115506E+01    1.110713E+01    1.105497E+01    1.099839E+01    1.093681E+01    1.087046E+01    1.079926E+01    1.072246E+01    1.063982E+01    1.055049E+01    1.045439E+01    1.035199E+01    1.024333E+01    1.012762E+01    1.000000E+30
   1.000000E+30    1.000000E+30    1.000000E+30    1.000000E+30    1.000000E+30    1.000000E+30    1.000000E+30    1.000000E+30    1.000000E+30    1.000000E+30    1.000000E+30    1.000000E+30    1.000000E+30    1.000000E+30    1.000000E+30    1.000000E+30    1.000000E+30    1.322066E+01    1.312912E+01    1.304184E+01    1.295747E+01    1.287616E+01    1.279833E+01    1.272340E+01    1.265036E+01    1.257929E+01    1.251013E+01    1.244250E+01    1.237645E+01    1.231220E+01    1.224961E+01    1.218899E+01    1.213032E+01    1.207315E+01    1.201745E+01    1.196316E+01    1.191044E+01    1.185952E+01    1.181060E+01    1.176370E+01    1.171868E+01    1.167531E+01    1.163348E+01    1.159300E+01    1.155395E+01    1.151664E+01    1.148109E+01    1.144734E+01    1.141538E+01    1.138495E+01    1.135587E+01    1.132807E+01    1.130159E+01    1.127655E+01    1.125302E+01    1.123103E+01    1.121050E+01    1.119147E+01    1.117372E+01    1.115772E+01    1.114491E+01    1.113353E+01    1.112309E+01    1.111373E+01    1.110533E+01    1.109777E+01    1.109092E+01    1.108466E+01    1.107896E+01    1.107367E+01    1.106877E+01    1.106423E+01    1.106009E+01    1.105621E+01    1.105257E+01    1.104920E+01    1.104610E+01    1.104325E+01    1.104061E+01    1.103826E+01    1.103621E+01    1.103440E+01    1.103285E+01    1.103161E+01    1.103070E+01    1.103016E+01    1.102999E+01    1.103029E+01    1.103111E+01    1.103249E+01    1.103450E+01    1.103713E+01    1.104043E+01    1.104448E+01    1.104923E+01    1.105459E+01    1.106071E+01    1.106772E+01    1.107558E+01    1.108409E+01    1.109338E+01    1.110285E+01    1.111183E+01    1.112068E+01    1.113019E+01    1.114046E+01    1.115188E+01    1.116433E+01    1.117759E+01    1.119649E+01    1.122460E+01    1.126125E+01    1.129829E+01    1.133005E+01    1.136217E+01    1.139460E+01    1.142693E+01    1.145807E+01    1.148710E+01    1.151306E+01    1.153533E+01    1.155375E+01    1.156714E+01    1.157475E+01    1.157705E+01    1.157453E+01    1.156784E+01    1.155688E+01    1.154227E+01    1.152445E+01    1.150340E+01    1.147866E+01    1.145036E+01    1.141849E+01    1.138265E+01    1.134241E+01    1.129788E+01    1.124887E+01    1.119537E+01    1.113763E+01    1.107501E+01    1.100767E+01    1.093562E+01    1.085820E+01    1.077515E+01    1.068585E+01    1.058964E+01    1.048681E+01    1.037792E+01    1.026289E+01    1.000000E+30
   1.000000E+30    1.000000E+30    1.000000E+30    1.000000E+30    1.000000E+30    1.000000E+30    1.000000E+30    1.000000E+30    1.000000E+30    1.000000E+30    1.000000E+30    1.000000E+30    1.000000E+30    1.000000E+30    1.000000E+30    1.000000E+30    1.329159E+01    1.320142E+01    1.311255E+01    1.302663E+01    1.294329E+01    1.286279E+01    1.278544E+01    1.271126E+01    1.263923E+01    1.256899E+01    1.250062E+01    1.243380E+01    1.236852E+01    1.230507E+01    1.224324E+01    1.218324E+01    1.212503E+01    1.206839E+01    1.201341E+01    1.195976E+01    1.190758E+01    1.185712E+01    1.180859E+01    1.176198E+01    1.171711E+01    1.167383E+01    1.163205E+01    1.159165E+01    1.155259E+01    1.151501E+01    1.147900E+01    1.144479E+01    1.141240E+01    1.138155E+01    1.135206E+01    1.132382E+01    1.129681E+01    1.127117E+01    1.124698E+01    1.122420E+01    1.120280E+01    1.118277E+01    1.116417E+01    1.114691E+01    1.113147E+01    1.111906E+01    1.110811E+01    1.109818E+01    1.108938E+01    1.108158E+01    1.107461E+01    1.106837E+01    1.106277E+01    1.105773E+01    1.105321E+01    1.104921E+01    1.104569E+01    1.104251E+01    1.103969E+01    1.103724E+01    1.103515E+01    1.103343E+01    1.103200E+01    1.103092E+01    1.103017E+01    1.102974E+01    1.102969E+01    1.103004E+01    1.103081E+01    1.103199E+01    1.103364E+01    1.103586E+01    1.103870E+01    1.104223E+01    1.104649E+01    1.105147E+01    1.105723E+01    1.106376E+01    1.107106E+01    1.107919E+01    1.108837E+01    1.109855E+01    1.110963E+01    1.112144E+01    1.113395E+01    1.114616E+01    1.115735E+01    1.116820E+01    1.117952E+01    1.119261E+01    1.120681E+01    1.122160E+01    1.123917E+01    1.126348E+01    1.129763E+01    1.134088E+01    1.138268E+01    1.142146E+01    1.146171E+01    1.150309E+01    1.154417E+01    1.158317E+01    1.161865E+01    1.165000E+01    1.167641E+01    1.169762E+01    1.171380E+01    1.172315E+01    1.172692E+01    1.172560E+01    1.171959E+01    1.170921E+01    1.169500E+01    1.167730E+01    1.165593E+01    1.163069E+01    1.160133E+01    1.156790E+01    1.153075E+01    1.148921E+01    1.144314E+01    1.139281E+01    1.133812E+01    1.127922E+01    1.121564E+01    1.114731E+01    1.107451E+01    1.099669E+01    1.091332E+01    1.082407E+01    1.072809E+01    1.062534E+01    1.051610E+01    1.040123E+01    1.000000E+30
   1.000000E+30    1.000000E+30    1.000000E+30    1.000000E+30    1.000000E+30    1.000000E+30    1.000000E+30    1.000000E+30    1.000000E+30    1.000000E+30    1.000000E+30    1.000000E+30    1.000000E+30    1.000000E+30    1.000000E+30    1.000000E+30    1.328077E+01    1.318693E+01    1.309802E+01    1.301249E+01    1.293009E+01    1.285054E+01    1.277370E+01    1.270018E+01    1.262916E+01    1.255971E+01    1.249215E+01    1.242616E+01    1.236175E+01    1.229901E+01    1.223779E+01    1.217848E+01    1.212096E+01    1.206493E+01    1.201051E+01    1.195749E+01    1.190590E+01    1.185596E+01    1.180782E+01    1.176149E+01    1.171687E+01    1.167375E+01    1.163208E+01    1.159174E+01    1.155273E+01    1.151508E+01    1.147877E+01    1.144412E+01    1.141126E+01    1.138000E+01    1.135016E+01    1.132155E+01    1.129412E+01    1.126801E+01    1.124324E+01    1.121980E+01    1.119768E+01    1.117679E+01    1.115712E+01    1.113895E+01    1.112253E+01    1.110770E+01    1.109565E+01    1.108507E+01    1.107574E+01    1.106754E+01    1.106032E+01    1.105396E+01    1.104837E+01    1.104348E+01    1.103927E+01    1.103571E+01    1.103270E+01    1.103014E+01    1.102809E+01    1.102651E+01    1.102538E+01    1.102470E+01    1.102443E+01    1.102453E+01    1.102503E+01    1.102601E+01    1.102747E+01    1.102940E+01    1.103183E+01    1.103473E+01    1.103827E+01    1.104249E+01    1.104741E+01    1.105314E+01    1.105969E+01    1.106713E+01    1.107544E+01    1.108462E+01    1.109481E+01    1.110606E+01    1.111839E+01    1.113179E+01    1.114622E+01    1.116160E+01    1.117763E+01    1.119278E+01    1.120617E+01    1.121880E+01    1.123255E+01    1.124787E+01    1.126399E+01    1.128063E+01    1.130214E+01    1.133109E+01    1.137161E+01    1.142205E+01    1.147078E+01    1.151852E+01    1.156910E+01    1.162109E+01    1.167157E+01    1.171816E+01    1.175977E+01    1.179617E+01    1.182711E+01    1.185204E+01    1.187057E+01    1.188227E+01    1.188778E+01    1.188772E+01    1.188217E+01    1.187173E+01    1.185691E+01    1.183774E+01    1.181463E+01    1.178773E+01    1.175627E+01    1.172041E+01    1.168089E+01    1.163769E+01    1.159035E+01    1.153891E+01    1.148342E+01    1.142373E+01    1.135974E+01    1.129099E+01    1.121740E+01    1.113910E+01    1.105545E+01    1.096602E+01    1.087037E+01    1.076777E+01    1.065837E+01    1.054312E+01    1.000000E+30
   1.000000E+30    1.000000E+30    1.000000E+30    1.000000E+30    1.000000E+30    1.000000E+30    1.000000E+30    1.000000E+30    1.000000E+30    1.000000E+30    1.000000E+30    1.000000E+30    1.000000E+30    1.000000E+30    1.000000E+30    1.335547E+01    1.326334E+01    1.317249E+01    1.308449E+01    1.299953E+01    1.291801E+01    1.283927E+01    1.276300E+01    1.269022E+01    1.262004E+01    1.255137E+01    1.248458E+01    1.241943E+01    1.235590E+01    1.229387E+01    1.223332E+01    1.217474E+01    1.211786E+01    1.206250E+01    1.200868E+01    1.195624E+01    1.190524E+01    1.185585E+01    1.180812E+01    1.176206E+01    1.171778E+01    1.167502E+01    1.163357E+01    1.159326E+01    1.155424E+01    1.151658E+01    1.148013E+01    1.144512E+01    1.141186E+01    1.138025E+01    1.135005E+01    1.132110E+01    1.129333E+01    1.126681E+01    1.124159E+01    1.121762E+01    1.119485E+01    1.117321E+01    1.115269E+01    1.113351E+01    1.111618E+01    1.110067E+01    1.108638E+01    1.107451E+01    1.106441E+01    1.105571E+01    1.104808E+01    1.104147E+01    1.103578E+01    1.103098E+01    1.102701E+01    1.102378E+01    1.102118E+01    1.101922E+01    1.101787E+01    1.101707E+01    1.101682E+01    1.101710E+01    1.101791E+01    1.101919E+01    1.102097E+01    1.102331E+01    1.102623E+01    1.102975E+01    1.103385E+01    1.103853E+01    1.104400E+01    1.105027E+01    1.105738E+01    1.106539E+01    1.107435E+01    1.108429E+01    1.109527E+01    1.110748E+01    1.112084E+01    1.113535E+01    1.115098E+01    1.116774E+01    1.118568E+01    1.120487E+01    1.122497E+01    1.124361E+01    1.125924E+01    1.127361E+01    1.128986E+01    1.130674E+01    1.132400E+01    1.134215E+01    1.136582E+01    1.139814E+01    1.144569E+01    1.150420E+01    1.156243E+01    1.162206E+01    1.168542E+01    1.174914E+01    1.180915E+01    1.186318E+01    1.191123E+01    1.195322E+01    1.198933E+01    1.201796E+01    1.203923E+01    1.205358E+01    1.206062E+01    1.206083E+01    1.205469E+01    1.204292E+01    1.202578E+01    1.200379E+01    1.197763E+01    1.194770E+01    1.191389E+01    1.187571E+01    1.183396E+01    1.178897E+01    1.174059E+01    1.168833E+01    1.163219E+01    1.157174E+01    1.150704E+01    1.143788E+01    1.136389E+01    1.128520E+01    1.120150E+01    1.111197E+01    1.101653E+01    1.091420E+01    1.080502E+01    1.068929E+01    1.000000E+30
   1.000000E+30    1.000000E+30    1.000000E+30    1.000000E+30    1.000000E+30    1.000000E+30    1.000000E+30    1.000000E+30    1.000000E+30    1.000000E+30    1.000000E+30    1.000000E+30    1.000000E+30    1.000000E+30    1.000000E+30    1.334707E+01    1.325018E+01    1.315894E+01    1.307137E+01    1.298729E+01    1.290672E+01    1.282888E+01    1.275353E+01    1.268119E+01    1.261162E+01    1.254393E+01    1.247786E+01    1.241354E+01    1.235080E+01    1.228947E+01    1.222966E+01    1.217190E+01    1.211573E+01    1.206091E+01    1.200767E+01    1.195590E+01    1.190551E+01    1.185666E+01    1.180934E+01    1.176351E+01    1.171956E+01    1.167730E+01    1.163637E+01    1.159625E+01    1.155709E+01    1.151936E+01    1.148289E+01    1.144770E+01    1.141411E+01    1.138213E+01    1.135162E+01    1.132234E+01    1.129424E+01    1.126738E+01    1.124177E+01    1.121738E+01    1.119408E+01    1.117186E+01    1.115063E+01    1.113059E+01    1.111232E+01    1.109607E+01    1.108088E+01    1.106675E+01    1.105549E+01    1.104617E+01    1.103803E+01    1.103101E+01    1.102512E+01    1.102030E+01    1.101646E+01    1.101351E+01    1.101129E+01    1.100982E+01    1.100907E+01    1.100901E+01    1.100961E+01    1.101079E+01    1.101258E+01    1.101499E+01    1.101803E+01    1.102172E+01    1.102610E+01    1.103120E+01    1.103700E+01    1.104354E+01    1.105093E+01    1.105929E+01    1.106866E+01    1.107904E+01    1.109044E+01    1.110305E+01    1.111714E+01    1.113258E+01    1.114924E+01    1.116720E+01    1.118656E+01    1.120692E+01    1.122859E+01    1.125175E+01    1.127712E+01    1.130026E+01    1.131777E+01    1.133303E+01    1.135140E+01    1.137036E+01    1.138701E+01    1.140551E+01    1.142875E+01    1.146368E+01    1.151814E+01    1.158586E+01    1.165662E+01    1.173194E+01    1.181108E+01    1.188806E+01    1.195804E+01    1.201994E+01    1.207465E+01    1.212308E+01    1.216529E+01    1.219812E+01    1.222246E+01    1.223821E+01    1.224484E+01    1.224329E+01    1.223473E+01    1.222001E+01    1.219967E+01    1.217425E+01    1.214463E+01    1.211130E+01    1.207482E+01    1.203469E+01    1.199117E+01    1.194476E+01    1.189518E+01    1.184195E+01    1.178460E+01    1.172309E+01    1.165732E+01    1.158724E+01    1.151270E+01    1.143369E+01    1.134995E+01    1.126069E+01    1.116562E+01    1.106388E+01    1.095537E+01    1.084013E+01    1.000000E+30
   1.000000E+30    1.000000E+30    1.000000E+30    1.000000E+30    1.000000E+30    1.000000E+30    1.000000E+30    1.000000E+30    1.000000E+30    1.000000E+30    1.000000E+30    1.000000E+30    1.000000E+30    1.000000E+30    1.343378E+01    1.333348E+01    1.323732E+01    1.314587E+01    1.305879E+01    1.297580E+01    1.289612E+01    1.281901E+01    1.274458E+01    1.267284E+01    1.260403E+01    1.253731E+01    1.247194E+01    1.240838E+01    1.234636E+01    1.228580E+01    1.222686E+01    1.216980E+01    1.211432E+01    1.206015E+01    1.200747E+01    1.195634E+01    1.190652E+01    1.185829E+01    1.181170E+01    1.176638E+01    1.172254E+01    1.168037E+01    1.163969E+01    1.159982E+01    1.156082E+01    1.152318E+01    1.148687E+01    1.145174E+01    1.141789E+01    1.138552E+01    1.135469E+01    1.132519E+01    1.129681E+01    1.126962E+01    1.124366E+01    1.121890E+01    1.119521E+01    1.117251E+01    1.115077E+01    1.113010E+01    1.111105E+01    1.109378E+01    1.107795E+01    1.106251E+01    1.104947E+01    1.103911E+01    1.103033E+01    1.102277E+01    1.101653E+01    1.101156E+01    1.100772E+01    1.100492E+01    1.100305E+01    1.100202E+01    1.100182E+01    1.100241E+01    1.100378E+01    1.100582E+01    1.100857E+01    1.101207E+01    1.101632E+01    1.102136E+01    1.102719E+01    1.103388E+01    1.104138E+01    1.104977E+01    1.105917E+01    1.106972E+01    1.108136E+01    1.109412E+01    1.110820E+01    1.112390E+01    1.114122E+01    1.115995E+01    1.118015E+01    1.120194E+01    1.122524E+01    1.124991E+01    1.127685E+01    1.130727E+01    1.133930E+01    1.136561E+01    1.138553E+01    1.140509E+01    1.142549E+01    1.144198E+01    1.145551E+01    1.147097E+01    1.148979E+01    1.152562E+01    1.158554E+01    1.166377E+01    1.175075E+01    1.184924E+01    1.194930E+01    1.204136E+01    1.212142E+01    1.219050E+01    1.225098E+01    1.230572E+01    1.235341E+01    1.238991E+01    1.241642E+01    1.243205E+01    1.243632E+01    1.243171E+01    1.242034E+01    1.240251E+01    1.237901E+01    1.235045E+01    1.231781E+01    1.228152E+01    1.224192E+01    1.219959E+01    1.215421E+01    1.210601E+01    1.205454E+01    1.199980E+01    1.194115E+01    1.187827E+01    1.181123E+01    1.174014E+01    1.166490E+01    1.158530E+01    1.150133E+01    1.141207E+01    1.131720E+01    1.121622E+01    1.110851E+01    1.099425E+01    1.000000E+30
   1.000000E+30    1.000000E+30    1.000000E+30    1.000000E+30    1.000000E+30    1.000000E+30    1.000000E+30    1.000000E+30    1.000000E+30    1.000000E+30    1.000000E+30    1.000000E+30    1.000000E+30    1.000000E+30    1.342703E+01    1.332303E+01    1.322575E+01    1.313380E+01    1.304695E+01    1.296440E+01    1.288537E+01    1.280932E+01    1.273603E+01    1.266527E+01    1.259722E+01    1.253122E+01    1.246662E+01    1.240385E+01    1.234259E+01    1.228281E+01    1.222473E+01    1.216839E+01    1.211365E+01    1.206012E+01    1.200803E+01    1.195757E+01    1.190837E+01    1.186069E+01    1.181466E+01    1.176979E+01    1.172624E+01    1.168431E+01    1.164386E+01    1.160431E+01    1.156561E+01    1.152808E+01    1.149194E+01    1.145699E+01    1.142304E+01    1.139032E+01    1.135914E+01    1.132945E+01    1.130083E+01    1.127336E+01    1.124718E+01    1.122212E+01    1.119809E+01    1.117505E+01    1.115295E+01    1.113183E+01    1.111210E+01    1.109391E+01    1.107716E+01    1.106176E+01    1.104705E+01    1.103478E+01    1.102501E+01    1.101685E+01    1.101014E+01    1.100486E+01    1.100090E+01    1.099812E+01    1.099645E+01    1.099578E+01    1.099609E+01    1.099730E+01    1.099937E+01    1.100225E+01    1.100596E+01    1.101053E+01    1.101597E+01    1.102231E+01    1.102958E+01    1.103782E+01    1.104704E+01    1.105734E+01    1.106883E+01    1.108154E+01    1.109553E+01    1.111097E+01    1.112804E+01    1.114695E+01    1.116758E+01    1.118986E+01    1.121387E+01    1.123974E+01    1.126771E+01    1.129954E+01    1.133658E+01    1.137630E+01    1.141120E+01    1.143973E+01    1.146677E+01    1.149618E+01    1.152006E+01    1.153261E+01    1.154160E+01    1.154752E+01    1.154988E+01    1.157984E+01    1.164198E+01    1.173026E+01    1.183967E+01    1.197824E+01    1.210612E+01    1.221412E+01    1.230316E+01    1.237700E+01    1.243886E+01    1.249254E+01    1.254991E+01    1.258821E+01    1.260919E+01    1.262104E+01    1.262462E+01    1.262020E+01    1.260844E+01    1.258928E+01    1.256346E+01    1.253288E+01    1.249780E+01    1.245921E+01    1.241718E+01    1.237210E+01    1.232395E+01    1.227292E+01    1.221890E+01    1.216193E+01    1.210181E+01    1.203779E+01    1.196948E+01    1.189741E+01    1.182151E+01    1.174133E+01    1.165702E+01    1.156793E+01    1.147320E+01    1.137248E+01    1.126516E+01    1.115166E+01    1.000000E+30
   1.000000E+30    1.000000E+30    1.000000E+30    1.000000E+30    1.000000E+30    1.000000E+30    1.000000E+30    1.000000E+30    1.000000E+30    1.000000E+30    1.000000E+30    1.000000E+30    1.000000E+30    1.000000E+30    1.341565E+01    1.331179E+01    1.321457E+01    1.312268E+01    1.303581E+01    1.295352E+01    1.287520E+01    1.279997E+01    1.272756E+01    1.265806E+01    1.259090E+01    1.252553E+01    1.246180E+01    1.239981E+01    1.233942E+01    1.228049E+01    1.222317E+01    1.216758E+01    1.211357E+01    1.206079E+01    1.200940E+01    1.195950E+01    1.191093E+01    1.186375E+01    1.181804E+01    1.177359E+01    1.173046E+01    1.168888E+01    1.164874E+01    1.160970E+01    1.157143E+01    1.153403E+01    1.149803E+01    1.146321E+01    1.142933E+01    1.139643E+01    1.136490E+01    1.133500E+01    1.130623E+01    1.127851E+01    1.125212E+01    1.122689E+01    1.120261E+01    1.117930E+01    1.115696E+01    1.113552E+01    1.111532E+01    1.109640E+01    1.107884E+01    1.106284E+01    1.104816E+01    1.103464E+01    1.102301E+01    1.101335E+01    1.100594E+01    1.100037E+01    1.099617E+01    1.099328E+01    1.099166E+01    1.099125E+01    1.099196E+01    1.099374E+01    1.099648E+01    1.100017E+01    1.100481E+01    1.101043E+01    1.101704E+01    1.102466E+01    1.103337E+01    1.104319E+01    1.105415E+01    1.106636E+01    1.107990E+01    1.109489E+01    1.111152E+01    1.112986E+01    1.115009E+01    1.117229E+01    1.119641E+01    1.122246E+01    1.125051E+01    1.128125E+01    1.131728E+01    1.135998E+01    1.140602E+01    1.144779E+01    1.148511E+01    1.151986E+01    1.155545E+01    1.159328E+01    1.162415E+01    1.164310E+01    1.165234E+01    1.164790E+01    1.159969E+01    1.161479E+01    1.167594E+01    1.177188E+01    1.190956E+01    1.213230E+01    1.229205E+01    1.241261E+01    1.250683E+01    1.258112E+01    1.263592E+01    1.266551E+01    1.000000E+30    1.000000E+30    1.278891E+01    1.279002E+01    1.279210E+01    1.279088E+01    1.278427E+01    1.277001E+01    1.274694E+01    1.271707E+01    1.268129E+01    1.264108E+01    1.259797E+01    1.255137E+01    1.250074E+01    1.244688E+01    1.239004E+01    1.233015E+01    1.226746E+01    1.220190E+01    1.213253E+01    1.205956E+01    1.198307E+01    1.190261E+01    1.181794E+01    1.172883E+01    1.163440E+01    1.153399E+01    1.142686E+01    1.131344E+01    1.000000E+30
   1.000000E+30    1.000000E+30    1.000000E+30    1.000000E+30    1.000000E+30    1.000000E+30    1.000000E+30    1.000000E+30    1.000000E+30    1.000000E+30    1.000000E+30    1.000000E+30    1.000000E+30    1.350077E+01    1.339896E+01    1.329897E+01    1.320321E+01    1.311190E+01    1.302528E+01    1.294333E+01    1.286566E+01    1.279128E+01    1.271981E+01    1.265122E+01    1.258469E+01    1.252026E+01    1.245757E+01    1.239630E+01    1.233676E+01    1.227869E+01    1.222214E+01    1.216728E+01    1.211394E+01    1.206194E+01    1.201129E+01    1.196203E+01    1.191409E+01    1.186730E+01    1.182192E+01    1.177797E+01    1.173531E+01    1.169413E+01    1.165430E+01    1.161563E+01    1.157793E+01    1.154089E+01    1.150506E+01    1.147041E+01    1.143667E+01    1.140382E+01    1.137207E+01    1.134183E+01    1.131284E+01    1.128489E+01    1.125831E+01    1.123314E+01    1.120883E+01    1.118521E+01    1.116263E+01    1.114102E+01    1.112048E+01    1.110104E+01    1.108285E+01    1.106614E+01    1.105092E+01    1.103748E+01    1.102566E+01    1.101493E+01    1.100546E+01    1.099847E+01    1.099371E+01    1.099059E+01    1.098894E+01    1.098869E+01    1.098971E+01    1.099192E+01    1.099523E+01    1.099964E+01    1.100516E+01    1.101181E+01    1.101956E+01    1.102849E+01    1.103865E+01    1.105003E+01    1.106274E+01    1.107687E+01    1.109258E+01    1.111006E+01    1.112941E+01    1.115075E+01    1.117423E+01    1.119988E+01    1.122764E+01    1.125756E+01    1.129035E+01    1.132993E+01    1.137716E+01    1.142764E+01    1.147440E+01    1.151802E+01    1.156187E+01    1.160370E+01    1.164647E+01    1.169149E+01    1.172955E+01    1.176072E+01    1.178912E+01    1.180699E+01    1.000000E+30    1.000000E+30    1.000000E+30    1.000000E+30    1.000000E+30    1.000000E+30    1.000000E+30    1.000000E+30    1.000000E+30    1.000000E+30    1.000000E+30    1.000000E+30    1.000000E+30    1.000000E+30    1.000000E+30    1.000000E+30    1.000000E+30    1.293172E+01    1.293041E+01    1.292614E+01    1.291465E+01    1.289400E+01    1.286346E+01    1.282445E+01    1.278189E+01    1.273507E+01    1.268320E+01    1.262783E+01    1.256881E+01    1.250606E+01    1.244078E+01    1.237293E+01    1.230203E+01    1.222769E+01    1.215016E+01    1.206923E+01    1.198431E+01    1.189512E+01    1.180102E+01    1.170126E+01    1.159481E+01    1.148111E+01    1.000000E+30
   1.000000E+30    1.000000E+30    1.000000E+30    1.000000E+30    1.000000E+30    1.000000E+30    1.000000E+30    1.000000E+30    1.000000E+30    1.000000E+30    1.000000E+30    1.000000E+30    1.000000E+30    1.349121E+01    1.338585E+01    1.328664E+01    1.319204E+01    1.310151E+01    1.301528E+01    1.293375E+01    1.285665E+01    1.278312E+01    1.271260E+01    1.264487E+01    1.257915E+01    1.251558E+01    1.245386E+01    1.239338E+01    1.233453E+01    1.227723E+01    1.222152E+01    1.216740E+01    1.211473E+01    1.206348E+01    1.201360E+01    1.196501E+01    1.191761E+01    1.187135E+01    1.182642E+01    1.178292E+01    1.174072E+01    1.169997E+01    1.166053E+01    1.162220E+01    1.158498E+01    1.154844E+01    1.151288E+01    1.147847E+01    1.144493E+01    1.141224E+01    1.138056E+01    1.135010E+01    1.132079E+01    1.129268E+01    1.126592E+01    1.124052E+01    1.121612E+01    1.119254E+01    1.116987E+01    1.114815E+01    1.112748E+01    1.110774E+01    1.108914E+01    1.107195E+01    1.105624E+01    1.104213E+01    1.102964E+01    1.101863E+01    1.100903E+01    1.100058E+01    1.099407E+01    1.099026E+01    1.098848E+01    1.098828E+01    1.098952E+01    1.099207E+01    1.099586E+01    1.100087E+01    1.100717E+01    1.101475E+01    1.102363E+01    1.103385E+01    1.104544E+01    1.105841E+01    1.107289E+01    1.108904E+01    1.110706E+01    1.112705E+01    1.114922E+01    1.117369E+01    1.120052E+01    1.122971E+01    1.126122E+01    1.129576E+01    1.133806E+01    1.138905E+01    1.144289E+01    1.149400E+01    1.154220E+01    1.159222E+01    1.164260E+01    1.169188E+01    1.174381E+01    1.179781E+01    1.184492E+01    1.189467E+01    1.195107E+01    1.198090E+01    1.000000E+30    1.000000E+30    1.000000E+30    1.000000E+30    1.000000E+30    1.000000E+30    1.000000E+30    1.000000E+30    1.000000E+30    1.000000E+30    1.000000E+30    1.000000E+30    1.000000E+30    1.000000E+30    1.000000E+30    1.000000E+30    1.000000E+30    1.000000E+30    1.000000E+30    1.000000E+30    1.305615E+01    1.305208E+01    1.303832E+01    1.300590E+01    1.296904E+01    1.292367E+01    1.286965E+01    1.281359E+01    1.275363E+01    1.268894E+01    1.262165E+01    1.255166E+01    1.247865E+01    1.240249E+01    1.232333E+01    1.224133E+01    1.215600E+01    1.206669E+01    1.197270E+01    1.187360E+01    1.176836E+01    1.165562E+01    1.000000E+30
   1.000000E+30    1.000000E+30    1.000000E+30    1.000000E+30    1.000000E+30    1.000000E+30    1.000000E+30    1.000000E+30    1.000000E+30    1.000000E+30    1.000000E+30    1.000000E+30    1.357645E+01    1.347392E+01    1.337224E+01    1.327463E+01    1.318120E+01    1.309146E+01    1.300578E+01    1.292485E+01    1.284844E+01    1.277574E+01    1.270596E+01    1.263886E+01    1.257404E+01    1.251140E+01    1.245054E+01    1.239090E+01    1.233277E+01    1.227625E+01    1.222135E+01    1.216786E+01    1.211582E+01    1.206531E+01    1.201618E+01    1.196829E+01    1.192151E+01    1.187585E+01    1.183144E+01    1.178837E+01    1.174664E+01    1.170631E+01    1.166732E+01    1.162939E+01    1.159260E+01    1.155659E+01    1.152143E+01    1.148732E+01    1.145401E+01    1.142154E+01    1.139008E+01    1.135968E+01    1.133025E+01    1.130193E+01    1.127494E+01    1.124932E+01    1.122474E+01    1.120115E+01    1.117848E+01    1.115673E+01    1.113608E+01    1.111623E+01    1.109738E+01    1.107992E+01    1.106382E+01    1.104919E+01    1.103607E+01    1.102450E+01    1.101444E+01    1.100598E+01    1.099856E+01    1.099306E+01    1.099056E+01    1.099022E+01    1.099151E+01    1.099428E+01    1.099844E+01    1.100401E+01    1.101100E+01    1.101945E+01    1.102937E+01    1.104082E+01    1.105383E+01    1.106841E+01    1.108470E+01    1.110296E+01    1.112333E+01    1.114601E+01    1.117109E+01    1.119869E+01    1.122886E+01    1.126195E+01    1.129808E+01    1.134216E+01    1.139595E+01    1.145198E+01    1.150595E+01    1.155808E+01    1.161278E+01    1.166962E+01    1.172691E+01    1.178450E+01    1.184778E+01    1.191175E+01    1.197335E+01    1.205567E+01    1.214067E+01    1.216693E+01    1.000000E+30    1.000000E+30    1.000000E+30    1.000000E+30    1.000000E+30    1.000000E+30    1.000000E+30    1.000000E+30    1.000000E+30    1.000000E+30    1.000000E+30    1.000000E+30    1.000000E+30    1.000000E+30    1.000000E+30    1.000000E+30    1.000000E+30    1.000000E+30    1.000000E+30    1.000000E+30    1.000000E+30    1.000000E+30    1.000000E+30    1.317261E+01    1.315386E+01    1.311620E+01    1.305652E+01    1.300301E+01    1.294298E+01    1.287502E+01    1.280666E+01    1.273470E+01    1.265866E+01    1.258063E+01    1.250010E+01    1.241671E+01    1.233071E+01    1.224141E+01    1.214787E+01    1.204936E+01    1.194528E+01    1.183466E+01    1.000000E+30
   1.000000E+30    1.000000E+30    1.000000E+30    1.000000E+30    1.000000E+30    1.000000E+30    1.000000E+30    1.000000E+30    1.000000E+30    1.000000E+30    1.000000E+30    1.000000E+30    1.356516E+01    1.345994E+01    1.335950E+01    1.326328E+01    1.317096E+01    1.308203E+01    1.299698E+01    1.291667E+01    1.284090E+01    1.276886E+01    1.269982E+01    1.263346E+01    1.256938E+01    1.250755E+01    1.244763E+01    1.238888E+01    1.233152E+01    1.227573E+01    1.222156E+01    1.216876E+01    1.211733E+01    1.206743E+01    1.201896E+01    1.197180E+01    1.192566E+01    1.188060E+01    1.183682E+01    1.179430E+01    1.175305E+01    1.171315E+01    1.167460E+01    1.163718E+01    1.160080E+01    1.156534E+01    1.153064E+01    1.149691E+01    1.146392E+01    1.143168E+01    1.140047E+01    1.137027E+01    1.134094E+01    1.131257E+01    1.128542E+01    1.125961E+01    1.123490E+01    1.121124E+01    1.118855E+01    1.116673E+01    1.114610E+01    1.112633E+01    1.110738E+01    1.108971E+01    1.107338E+01    1.105843E+01    1.104487E+01    1.103285E+01    1.102237E+01    1.101347E+01    1.100621E+01    1.100023E+01    1.099600E+01    1.099474E+01    1.099578E+01    1.099861E+01    1.100305E+01    1.100907E+01    1.101670E+01    1.102596E+01    1.103687E+01    1.104950E+01    1.106388E+01    1.108009E+01    1.109829E+01    1.111876E+01    1.114158E+01    1.116697E+01    1.119496E+01    1.122557E+01    1.125940E+01    1.129715E+01    1.134243E+01    1.139797E+01    1.145565E+01    1.151117E+01    1.156624E+01    1.162439E+01    1.168586E+01    1.174953E+01    1.181407E+01    1.188127E+01    1.195638E+01    1.202970E+01    1.211592E+01    1.223663E+01    1.236882E+01    1.000000E+30    1.000000E+30    1.000000E+30    1.000000E+30    1.000000E+30    1.000000E+30    1.000000E+30    1.000000E+30    1.000000E+30    1.000000E+30    1.000000E+30    1.000000E+30    1.000000E+30    1.000000E+30    1.000000E+30    1.000000E+30    1.000000E+30    1.000000E+30    1.000000E+30    1.000000E+30    1.000000E+30    1.000000E+30    1.000000E+30    1.000000E+30    1.000000E+30    1.000000E+30    1.000000E+30    1.323017E+01    1.319628E+01    1.313964E+01    1.305990E+01    1.299377E+01    1.292107E+01    1.283948E+01    1.275951E+01    1.267812E+01    1.259469E+01    1.250819E+01    1.241877E+01    1.232606E+01    1.222872E+01    1.212610E+01    1.201716E+01    1.000000E+30
   1.000000E+30    1.000000E+30    1.000000E+30    1.000000E+30    1.000000E+30    1.000000E+30    1.000000E+30    1.000000E+30    1.000000E+30    1.000000E+30    1.000000E+30    1.364590E+01    1.354568E+01    1.344472E+01    1.334660E+01    1.325219E+01    1.316129E+01    1.307337E+01    1.298906E+01    1.290937E+01    1.283418E+01    1.276270E+01    1.269427E+01    1.262863E+01    1.256528E+01    1.250408E+01    1.244503E+01    1.238728E+01    1.233067E+01    1.227562E+01    1.222216E+01    1.216998E+01    1.211916E+01    1.206989E+01    1.202206E+01    1.197553E+01    1.193004E+01    1.188561E+01    1.184242E+01    1.180054E+01    1.175984E+01    1.172045E+01    1.168234E+01    1.164538E+01    1.160951E+01    1.157459E+01    1.154053E+01    1.150722E+01    1.147456E+01    1.144263E+01    1.141167E+01    1.138170E+01    1.135258E+01    1.132437E+01    1.129724E+01    1.127132E+01    1.124652E+01    1.122281E+01    1.120013E+01    1.117836E+01    1.115771E+01    1.113800E+01    1.111905E+01    1.110122E+01    1.108474E+01    1.106964E+01    1.105581E+01    1.104344E+01    1.103262E+01    1.102342E+01    1.101583E+01    1.100996E+01    1.100554E+01    1.100268E+01    1.100264E+01    1.100512E+01    1.100972E+01    1.101614E+01    1.102435E+01    1.103436E+01    1.104622E+01    1.105995E+01    1.107566E+01    1.109357E+01    1.111385E+01    1.113660E+01    1.116182E+01    1.118983E+01    1.122064E+01    1.125437E+01    1.129303E+01    1.133981E+01    1.139611E+01    1.145461E+01    1.151117E+01    1.156830E+01    1.162873E+01    1.169306E+01    1.176110E+01    1.183156E+01    1.190357E+01    1.198175E+01    1.206622E+01    1.215118E+01    1.226651E+01    1.239863E+01    1.249085E+01    1.000000E+30    1.000000E+30    1.000000E+30    1.000000E+30    1.000000E+30    1.000000E+30    1.000000E+30    1.000000E+30    1.000000E+30    1.000000E+30    1.000000E+30    1.000000E+30    1.000000E+30    1.000000E+30    1.000000E+30    1.000000E+30    1.000000E+30    1.000000E+30    1.000000E+30    1.000000E+30    1.000000E+30    1.000000E+30    1.000000E+30    1.000000E+30    1.000000E+30    1.000000E+30    1.000000E+30    1.000000E+30    1.000000E+30    1.000000E+30    1.322904E+01    1.318490E+01    1.311516E+01    1.301898E+01    1.294004E+01    1.285718E+01    1.277554E+01    1.269008E+01    1.260025E+01    1.250849E+01    1.241301E+01    1.231218E+01    1.220503E+01    1.000000E+30
   1.000000E+30    1.000000E+30    1.000000E+30    1.000000E+30    1.000000E+30    1.000000E+30    1.000000E+30    1.000000E+30    1.000000E+30    1.000000E+30    1.000000E+30    1.363362E+01    1.352997E+01    1.343030E+01    1.333405E+01    1.324137E+01    1.315195E+01    1.306536E+01    1.298206E+01    1.290304E+01    1.282840E+01    1.275742E+01    1.268954E+01    1.262448E+01    1.256169E+01    1.250108E+01    1.244275E+01    1.238594E+01    1.233024E+01    1.227594E+01    1.222306E+01    1.217143E+01    1.212121E+01    1.207260E+01    1.202543E+01    1.197953E+01    1.193470E+01    1.189095E+01    1.184837E+01    1.180707E+01    1.176697E+01    1.172807E+01    1.169047E+01    1.165402E+01    1.161861E+01    1.158413E+01    1.155067E+01    1.151807E+01    1.148592E+01    1.145435E+01    1.142368E+01    1.139395E+01    1.136505E+01    1.133710E+01    1.131014E+01    1.128428E+01    1.125948E+01    1.123578E+01    1.121315E+01    1.119147E+01    1.117095E+01    1.115132E+01    1.113242E+01    1.111452E+01    1.109789E+01    1.108269E+01    1.106875E+01    1.105616E+01    1.104508E+01    1.103564E+01    1.102781E+01    1.102169E+01    1.101729E+01    1.101457E+01    1.101319E+01    1.101445E+01    1.101868E+01    1.102541E+01    1.103416E+01    1.104485E+01    1.105753E+01    1.107227E+01    1.108940E+01    1.110918E+01    1.113150E+01    1.115633E+01    1.118390E+01    1.121451E+01    1.124812E+01    1.128675E+01    1.133467E+01    1.139144E+01    1.144985E+01    1.150708E+01    1.156558E+01    1.162742E+01    1.169308E+01    1.176366E+01    1.183833E+01    1.191512E+01    1.199534E+01    1.208427E+01    1.217525E+01    1.227989E+01    1.242395E+01    1.257913E+01    1.000000E+30    1.000000E+30    1.000000E+30    1.000000E+30    1.000000E+30    1.000000E+30    1.000000E+30    1.000000E+30    1.000000E+30    1.000000E+30    1.000000E+30    1.000000E+30    1.000000E+30    1.000000E+30    1.000000E+30    1.000000E+30    1.000000E+30    1.000000E+30    1.000000E+30    1.000000E+30    1.000000E+30    1.000000E+30    1.000000E+30    1.000000E+30    1.000000E+30    1.000000E+30    1.000000E+30    1.000000E+30    1.000000E+30    1.000000E+30    1.000000E+30    1.000000E+30    1.000000E+30    1.000000E+30    1.318107E+01    1.312582E+01    1.303633E+01    1.296012E+01    1.287721E+01    1.278535E+01    1.269515E+01    1.260255E+01    1.250417E+01    1.239951E+01    1.000000E+30
   1.000000E+30    1.000000E+30    1.000000E+30    1.000000E+30    1.000000E+30    1.000000E+30    1.000000E+30    1.000000E+30    1.000000E+30    1.000000E+30    1.371033E+01    1.361241E+01    1.351315E+01    1.341616E+01    1.332206E+01    1.323106E+01    1.314309E+01    1.305789E+01    1.297577E+01    1.289764E+01    1.282370E+01    1.275321E+01    1.268570E+01    1.262098E+01    1.255872E+01    1.249884E+01    1.244105E+01    1.238488E+01    1.233007E+01    1.227643E+01    1.222405E+01    1.217299E+01    1.212343E+01    1.207548E+01    1.202897E+01    1.198373E+01    1.193963E+01    1.189661E+01    1.185471E+01    1.181403E+01    1.177457E+01    1.173627E+01    1.169913E+01    1.166307E+01    1.162809E+01    1.159408E+01    1.156106E+01    1.152905E+01    1.149766E+01    1.146672E+01    1.143648E+01    1.140702E+01    1.137835E+01    1.135064E+01    1.132395E+01    1.129826E+01    1.127361E+01    1.125002E+01    1.122746E+01    1.120588E+01    1.118549E+01    1.116609E+01    1.114738E+01    1.112958E+01    1.111288E+01    1.109749E+01    1.108346E+01    1.107079E+01    1.105956E+01    1.104991E+01    1.104190E+01    1.103559E+01    1.103102E+01    1.102838E+01    1.102752E+01    1.102801E+01    1.103084E+01    1.103720E+01    1.104628E+01    1.105747E+01    1.107089E+01    1.108679E+01    1.110553E+01    1.112695E+01    1.115104E+01    1.117804E+01    1.120803E+01    1.124105E+01    1.127867E+01    1.132632E+01    1.138377E+01    1.144226E+01    1.149974E+01    1.155921E+01    1.162163E+01    1.168778E+01    1.175889E+01    1.183610E+01    1.191676E+01    1.199974E+01    1.208912E+01    1.218638E+01    1.228541E+01    1.241382E+01    1.256418E+01    1.267928E+01    1.000000E+30    1.000000E+30    1.000000E+30    1.000000E+30    1.000000E+30    1.000000E+30    1.000000E+30    1.000000E+30    1.000000E+30    1.000000E+30    1.000000E+30    1.000000E+30    1.000000E+30    1.000000E+30    1.000000E+30    1.000000E+30    1.000000E+30    1.000000E+30    1.000000E+30    1.000000E+30    1.000000E+30    1.000000E+30    1.000000E+30    1.000000E+30    1.000000E+30    1.000000E+30    1.000000E+30    1.000000E+30    1.000000E+30    1.000000E+30    1.000000E+30    1.000000E+30    1.000000E+30    1.000000E+30    1.000000E+30    1.000000E+30    1.320374E+01    1.315293E+01    1.307447E+01    1.297070E+01    1.288653E+01    1.279857E+01    1.270305E+01    1.260349E+01    1.000000E+30
   1.000000E+30    1.000000E+30    1.000000E+30    1.000000E+30    1.000000E+30    1.000000E+30    1.000000E+30    1.000000E+30    1.000000E+30    1.000000E+30    1.369848E+01    1.359575E+01    1.349732E+01    1.340230E+01    1.331033E+01    1.322125E+01    1.313484E+01    1.305092E+01    1.296994E+01    1.289286E+01    1.281982E+01    1.275002E+01    1.268294E+01    1.261850E+01    1.255661E+01    1.249727E+01    1.244004E+01    1.238440E+01    1.233005E+01    1.227687E+01    1.222505E+01    1.217472E+01    1.212585E+01    1.207848E+01    1.203259E+01    1.198807E+01    1.194473E+01    1.190244E+01    1.186129E+01    1.182132E+01    1.178259E+01    1.174498E+01    1.170837E+01    1.167282E+01    1.163823E+01    1.160459E+01    1.157198E+01    1.154036E+01    1.150961E+01    1.147943E+01    1.144984E+01    1.142083E+01    1.139245E+01    1.136500E+01    1.133860E+01    1.131314E+01    1.128868E+01    1.126530E+01    1.124290E+01    1.122142E+01    1.120113E+01    1.118193E+01    1.116350E+01    1.114597E+01    1.112949E+01    1.111407E+01    1.109990E+01    1.108715E+01    1.107590E+01    1.106617E+01    1.105803E+01    1.105156E+01    1.104686E+01    1.104408E+01    1.104331E+01    1.104446E+01    1.104715E+01    1.105216E+01    1.106107E+01    1.107232E+01    1.108655E+01    1.110371E+01    1.112387E+01    1.114693E+01    1.117296E+01    1.120201E+01    1.123420E+01    1.127008E+01    1.131518E+01    1.137236E+01    1.143170E+01    1.148943E+01    1.154955E+01    1.161225E+01    1.167850E+01    1.174937E+01    1.182676E+01    1.191004E+01    1.199559E+01    1.208511E+01    1.218383E+01    1.228689E+01    1.239859E+01    1.255129E+01    1.271916E+01    1.000000E+30    1.000000E+30    1.000000E+30    1.000000E+30    1.000000E+30    1.000000E+30    1.000000E+30    1.000000E+30    1.000000E+30    1.000000E+30    1.000000E+30    1.000000E+30    1.000000E+30    1.000000E+30    1.000000E+30    1.000000E+30    1.000000E+30    1.000000E+30    1.000000E+30    1.000000E+30    1.000000E+30    1.000000E+30    1.000000E+30    1.000000E+30    1.000000E+30    1.000000E+30    1.000000E+30    1.000000E+30    1.000000E+30    1.000000E+30    1.000000E+30    1.000000E+30    1.000000E+30    1.000000E+30    1.000000E+30    1.000000E+30    1.000000E+30    1.000000E+30    1.000000E+30    1.000000E+30    1.313727E+01    1.308327E+01    1.300382E+01    1.290739E+01    1.282323E+01    1.000000E+30
   1.000000E+30    1.000000E+30    1.000000E+30    1.000000E+30    1.000000E+30    1.000000E+30    1.000000E+30    1.000000E+30    1.000000E+30    1.000000E+30    1.368048E+01    1.357851E+01    1.348167E+01    1.338861E+01    1.329876E+01    1.321168E+01    1.312687E+01    1.304409E+01    1.296419E+01    1.288834E+01    1.281645E+01    1.274755E+01    1.268106E+01    1.261701E+01    1.255545E+01    1.249627E+01    1.243943E+01    1.238419E+01    1.233025E+01    1.227775E+01    1.222659E+01    1.217683E+01    1.212849E+01    1.208168E+01    1.203643E+01    1.199264E+01    1.195004E+01    1.190846E+01    1.186804E+01    1.182885E+01    1.179084E+01    1.175393E+01    1.171807E+01    1.168309E+01    1.164902E+01    1.161583E+01    1.158362E+01    1.155235E+01    1.152207E+01    1.149253E+01    1.146352E+01    1.143512E+01    1.140726E+01    1.138016E+01    1.135407E+01    1.132889E+01    1.130464E+01    1.128149E+01    1.125935E+01    1.123804E+01    1.121785E+01    1.119879E+01    1.118062E+01    1.116337E+01    1.114721E+01    1.113210E+01    1.111805E+01    1.110532E+01    1.109406E+01    1.108434E+01    1.107615E+01    1.106959E+01    1.106481E+01    1.106194E+01    1.106108E+01    1.106232E+01    1.106565E+01    1.107100E+01    1.107864E+01    1.108955E+01    1.110468E+01    1.112296E+01    1.114445E+01    1.116914E+01    1.119700E+01    1.122812E+01    1.126258E+01    1.130328E+01    1.135693E+01    1.141788E+01    1.147664E+01    1.153681E+01    1.159987E+01    1.166616E+01    1.173656E+01    1.181271E+01    1.189617E+01    1.198416E+01    1.207448E+01    1.217173E+01    1.227859E+01    1.238532E+01    1.251723E+01    1.267865E+01    1.280879E+01    1.000000E+30    1.000000E+30    1.000000E+30    1.000000E+30    1.000000E+30    1.000000E+30    1.000000E+30    1.000000E+30    1.000000E+30    1.000000E+30    1.000000E+30    1.000000E+30    1.000000E+30    1.000000E+30    1.000000E+30    1.000000E+30    1.000000E+30    1.000000E+30    1.000000E+30    1.000000E+30    1.000000E+30    1.000000E+30    1.000000E+30    1.000000E+30    1.000000E+30    1.000000E+30    1.000000E+30    1.000000E+30    1.000000E+30    1.000000E+30    1.000000E+30    1.000000E+30    1.000000E+30    1.000000E+30    1.000000E+30    1.000000E+30    1.000000E+30    1.000000E+30    1.000000E+30    1.000000E+30    1.000000E+30    1.000000E+30    1.000000E+30    1.309919E+01    1.307171E+01    1.000000E+30
   1.000000E+30    1.000000E+30    1.000000E+30    1.000000E+30    1.000000E+30    1.000000E+30    1.000000E+30    1.000000E+30    1.000000E+30    1.375037E+01    1.365611E+01    1.355978E+01    1.346583E+01    1.337510E+01    1.328733E+01    1.320206E+01    1.311869E+01    1.303718E+01    1.295861E+01    1.288409E+01    1.281333E+01    1.274539E+01    1.267972E+01    1.261629E+01    1.255516E+01    1.249630E+01    1.243975E+01    1.238474E+01    1.233109E+01    1.227913E+01    1.222859E+01    1.217934E+01    1.213141E+01    1.208501E+01    1.204026E+01    1.199725E+01    1.195547E+01    1.191460E+01    1.187484E+01    1.183638E+01    1.179922E+01    1.176315E+01    1.172811E+01    1.169376E+01    1.166019E+01    1.162759E+01    1.159588E+01    1.156512E+01    1.153532E+01    1.150627E+01    1.147774E+01    1.144987E+01    1.142262E+01    1.139605E+01    1.137033E+01    1.134551E+01    1.132160E+01    1.129870E+01    1.127681E+01    1.125581E+01    1.123583E+01    1.121689E+01    1.119894E+01    1.118200E+01    1.116614E+01    1.115140E+01    1.113769E+01    1.112513E+01    1.111399E+01    1.110435E+01    1.109625E+01    1.108972E+01    1.108494E+01    1.108202E+01    1.108115E+01    1.108239E+01    1.108587E+01    1.109162E+01    1.109927E+01    1.111025E+01    1.112555E+01    1.114442E+01    1.116713E+01    1.119347E+01    1.122317E+01    1.125652E+01    1.129371E+01    1.134012E+01    1.139969E+01    1.146212E+01    1.152206E+01    1.158510E+01    1.165131E+01    1.172123E+01    1.179588E+01    1.187740E+01    1.196647E+01    1.205859E+01    1.215472E+01    1.226117E+01    1.237280E+01    1.248876E+01    1.264490E+01    1.282287E+01    1.000000E+30    1.000000E+30    1.000000E+30    1.000000E+30    1.000000E+30    1.000000E+30    1.000000E+30    1.000000E+30    1.000000E+30    1.000000E+30    1.000000E+30    1.000000E+30    1.000000E+30    1.000000E+30    1.000000E+30    1.000000E+30    1.000000E+30    1.000000E+30    1.000000E+30    1.000000E+30    1.000000E+30    1.000000E+30    1.000000E+30    1.000000E+30    1.000000E+30    1.000000E+30    1.000000E+30    1.000000E+30    1.000000E+30    1.000000E+30    1.000000E+30    1.000000E+30    1.000000E+30    1.000000E+30    1.000000E+30    1.000000E+30    1.000000E+30    1.000000E+30    1.000000E+30    1.000000E+30    1.000000E+30    1.000000E+30    1.000000E+30    1.000000E+30    1.000000E+30    1.000000E+30    1.000000E+30
   1.000000E+30    1.000000E+30    1.000000E+30    1.000000E+30    1.000000E+30    1.000000E+30    1.000000E+30    1.000000E+30    1.000000E+30    1.373650E+01    1.363738E+01    1.354234E+01    1.345045E+01    1.336174E+01    1.327588E+01    1.319236E+01    1.311053E+01    1.303055E+01    1.295352E+01    1.288023E+01    1.281040E+01    1.274329E+01    1.267849E+01    1.261586E+01    1.255517E+01    1.249671E+01    1.244068E+01    1.238622E+01    1.233304E+01    1.228146E+01    1.223134E+01    1.218255E+01    1.213506E+01    1.208905E+01    1.204462E+01    1.200200E+01    1.196094E+01    1.192096E+01    1.188204E+01    1.184435E+01    1.180789E+01    1.177254E+01    1.173821E+01    1.170464E+01    1.167171E+01    1.163966E+01    1.160851E+01    1.157834E+01    1.154914E+01    1.152074E+01    1.149273E+01    1.146530E+01    1.143862E+01    1.141267E+01    1.138745E+01    1.136303E+01    1.133949E+01    1.131694E+01    1.129537E+01    1.127468E+01    1.125504E+01    1.123633E+01    1.121861E+01    1.120196E+01    1.118646E+01    1.117202E+01    1.115863E+01    1.114638E+01    1.113543E+01    1.112602E+01    1.111812E+01    1.111179E+01    1.110714E+01    1.110435E+01    1.110358E+01    1.110501E+01    1.110860E+01    1.111447E+01    1.112324E+01    1.113521E+01    1.115014E+01    1.116932E+01    1.119294E+01    1.122028E+01    1.125149E+01    1.128715E+01    1.132791E+01    1.138005E+01    1.144273E+01    1.150628E+01    1.156864E+01    1.163459E+01    1.170408E+01    1.177755E+01    1.185646E+01    1.194387E+01    1.203753E+01    1.213389E+01    1.223769E+01    1.235229E+01    1.246588E+01    1.259896E+01    1.276531E+01    1.290736E+01    1.000000E+30    1.000000E+30    1.000000E+30    1.000000E+30    1.000000E+30    1.000000E+30    1.000000E+30    1.000000E+30    1.000000E+30    1.000000E+30    1.000000E+30    1.000000E+30    1.000000E+30    1.000000E+30    1.000000E+30    1.000000E+30    1.000000E+30    1.000000E+30    1.000000E+30    1.000000E+30    1.000000E+30    1.000000E+30    1.000000E+30    1.000000E+30    1.000000E+30    1.000000E+30    1.000000E+30    1.000000E+30    1.000000E+30    1.000000E+30    1.000000E+30    1.000000E+30    1.000000E+30    1.000000E+30    1.000000E+30    1.000000E+30    1.000000E+30    1.000000E+30    1.000000E+30    1.000000E+30    1.000000E+30    1.000000E+30    1.000000E+30    1.000000E+30    1.000000E+30    1.000000E+30    1.000000E+30
   1.000000E+30    1.000000E+30    1.000000E+30    1.000000E+30    1.000000E+30    1.000000E+30    1.000000E+30    1.000000E+30    1.380740E+01    1.371323E+01    1.361824E+01    1.352548E+01    1.343553E+01    1.334855E+01    1.326441E+01    1.318261E+01    1.310261E+01    1.302449E+01    1.294900E+01    1.287676E+01    1.280768E+01    1.274127E+01    1.267727E+01    1.261554E+01    1.255552E+01    1.249742E+01    1.244189E+01    1.238825E+01    1.233584E+01    1.228479E+01    1.223508E+01    1.218672E+01    1.213960E+01    1.209386E+01    1.204972E+01    1.200737E+01    1.196675E+01    1.192759E+01    1.188961E+01    1.185270E+01    1.181700E+01    1.178247E+01    1.174882E+01    1.171588E+01    1.168362E+01    1.165219E+01    1.162163E+01    1.159213E+01    1.156357E+01    1.153574E+01    1.150839E+01    1.148151E+01    1.145536E+01    1.143001E+01    1.140545E+01    1.138160E+01    1.135849E+01    1.133627E+01    1.131498E+01    1.129464E+01    1.127536E+01    1.125699E+01    1.123953E+01    1.122314E+01    1.120792E+01    1.119379E+01    1.118071E+01    1.116879E+01    1.115813E+01    1.114901E+01    1.114146E+01    1.113544E+01    1.113110E+01    1.112862E+01    1.112812E+01    1.112973E+01    1.113348E+01    1.114000E+01    1.114976E+01    1.116289E+01    1.117915E+01    1.119893E+01    1.122275E+01    1.125100E+01    1.128411E+01    1.132196E+01    1.136699E+01    1.142269E+01    1.148633E+01    1.155145E+01    1.161660E+01    1.168568E+01    1.175834E+01    1.183515E+01    1.191882E+01    1.201182E+01    1.210902E+01    1.221060E+01    1.232364E+01    1.244348E+01    1.256371E+01    1.272037E+01    1.290394E+01    1.000000E+30    1.000000E+30    1.000000E+30    1.000000E+30    1.000000E+30    1.000000E+30    1.000000E+30    1.000000E+30    1.000000E+30    1.000000E+30    1.000000E+30    1.000000E+30    1.000000E+30    1.000000E+30    1.000000E+30    1.000000E+30    1.000000E+30    1.000000E+30    1.000000E+30    1.000000E+30    1.000000E+30    1.000000E+30    1.000000E+30    1.000000E+30    1.000000E+30    1.000000E+30    1.000000E+30    1.000000E+30    1.000000E+30    1.000000E+30    1.000000E+30    1.000000E+30    1.000000E+30    1.000000E+30    1.000000E+30    1.000000E+30    1.000000E+30    1.000000E+30    1.000000E+30    1.000000E+30    1.000000E+30    1.000000E+30    1.000000E+30    1.000000E+30    1.000000E+30    1.000000E+30    1.000000E+30    1.000000E+30
   1.000000E+30    1.000000E+30    1.000000E+30    1.000000E+30    1.000000E+30    1.000000E+30    1.000000E+30    1.000000E+30    1.379341E+01    1.369479E+01    1.360063E+01    1.350949E+01    1.342123E+01    1.333584E+01    1.325316E+01    1.317291E+01    1.309472E+01    1.301855E+01    1.294472E+01    1.287357E+01    1.280521E+01    1.273947E+01    1.267623E+01    1.261536E+01    1.255635E+01    1.249885E+01    1.244372E+01    1.239079E+01    1.233920E+01    1.228887E+01    1.223972E+01    1.219176E+01    1.214500E+01    1.209954E+01    1.205576E+01    1.201374E+01    1.197339E+01    1.193471E+01    1.189751E+01    1.186151E+01    1.182661E+01    1.179281E+01    1.175987E+01    1.172761E+01    1.169603E+01    1.166523E+01    1.163534E+01    1.160653E+01    1.157861E+01    1.155130E+01    1.152460E+01    1.149843E+01    1.147290E+01    1.144813E+01    1.142420E+01    1.140104E+01    1.137855E+01    1.135679E+01    1.133583E+01    1.131583E+01    1.129686E+01    1.127888E+01    1.126172E+01    1.124559E+01    1.123057E+01    1.121667E+01    1.120391E+01    1.119234E+01    1.118209E+01    1.117324E+01    1.116600E+01    1.116031E+01    1.115635E+01    1.115426E+01    1.115419E+01    1.115608E+01    1.116048E+01    1.116775E+01    1.117821E+01    1.119208E+01    1.120966E+01    1.123148E+01    1.125706E+01    1.128676E+01    1.132159E+01    1.136229E+01    1.141059E+01    1.146625E+01    1.153020E+01    1.159826E+01    1.166674E+01    1.173870E+01    1.181393E+01    1.189391E+01    1.198287E+01    1.208038E+01    1.218085E+01    1.228920E+01    1.241103E+01    1.253319E+01    1.266664E+01    1.283848E+01    1.298526E+01    1.000000E+30    1.000000E+30    1.000000E+30    1.000000E+30    1.000000E+30    1.000000E+30    1.000000E+30    1.000000E+30    1.000000E+30    1.000000E+30    1.000000E+30    1.000000E+30    1.000000E+30    1.000000E+30    1.000000E+30    1.000000E+30    1.000000E+30    1.000000E+30    1.000000E+30    1.000000E+30    1.000000E+30    1.000000E+30    1.000000E+30    1.000000E+30    1.000000E+30    1.000000E+30    1.000000E+30    1.000000E+30    1.000000E+30    1.000000E+30    1.000000E+30    1.000000E+30    1.000000E+30    1.000000E+30    1.000000E+30    1.000000E+30    1.000000E+30    1.000000E+30    1.000000E+30    1.000000E+30    1.000000E+30    1.000000E+30    1.000000E+30    1.000000E+30    1.000000E+30    1.000000E+30    1.000000E+30    1.000000E+30
   1.000000E+30    1.000000E+30    1.000000E+30    1.000000E+30    1.000000E+30    1.000000E+30    1.000000E+30    1.386439E+01    1.377049E+01    1.367588E+01    1.358368E+01    1.349423E+01    1.340754E+01    1.332364E+01    1.324239E+01    1.316354E+01    1.308689E+01    1.301239E+01    1.294015E+01    1.287028E+01    1.280291E+01    1.273807E+01    1.267569E+01    1.261572E+01    1.255774E+01    1.250124E+01    1.244659E+01    1.239405E+01    1.234318E+01    1.229353E+01    1.224498E+01    1.219746E+01    1.215101E+01    1.210589E+01    1.206252E+01    1.202099E+01    1.198104E+01    1.194267E+01    1.190597E+01    1.187081E+01    1.183677E+01    1.180373E+01    1.177148E+01    1.173985E+01    1.170897E+01    1.167892E+01    1.164977E+01    1.162162E+01    1.159431E+01    1.156753E+01    1.154141E+01    1.151595E+01    1.149112E+01    1.146701E+01    1.144369E+01    1.142119E+01    1.139939E+01    1.137824E+01    1.135780E+01    1.133827E+01    1.131969E+01    1.130206E+01    1.128524E+01    1.126945E+01    1.125467E+01    1.124103E+01    1.122857E+01    1.121731E+01    1.120741E+01    1.119886E+01    1.119179E+01    1.118643E+01    1.118286E+01    1.118123E+01    1.118168E+01    1.118431E+01    1.118948E+01    1.119730E+01    1.120831E+01    1.122297E+01    1.124175E+01    1.126490E+01    1.129181E+01    1.132382E+01    1.136131E+01    1.140435E+01    1.145293E+01    1.150854E+01    1.157478E+01    1.164772E+01    1.171892E+01    1.179276E+01    1.187036E+01    1.195434E+01    1.204846E+01    1.214881E+01    1.225296E+01    1.236943E+01    1.249720E+01    1.262220E+01    1.278096E+01    1.298449E+01    1.000000E+30    1.000000E+30    1.000000E+30    1.000000E+30    1.000000E+30    1.000000E+30    1.000000E+30    1.000000E+30    1.000000E+30    1.000000E+30    1.000000E+30    1.000000E+30    1.000000E+30    1.000000E+30    1.000000E+30    1.000000E+30    1.000000E+30    1.000000E+30    1.000000E+30    1.000000E+30    1.000000E+30    1.000000E+30    1.000000E+30    1.000000E+30    1.000000E+30    1.000000E+30    1.000000E+30    1.000000E+30    1.000000E+30    1.000000E+30    1.000000E+30    1.000000E+30    1.000000E+30    1.000000E+30    1.000000E+30    1.000000E+30    1.000000E+30    1.000000E+30    1.000000E+30    1.000000E+30    1.000000E+30    1.000000E+30    1.000000E+30    1.000000E+30    1.000000E+30    1.000000E+30    1.000000E+30    1.000000E+30    1.000000E+30
   1.000000E+30    1.000000E+30    1.000000E+30    1.000000E+30    1.000000E+30    1.000000E+30    1.000000E+30    1.385101E+01    1.375250E+01    1.365851E+01    1.356773E+01    1.347982E+01    1.339460E+01    1.331208E+01    1.323218E+01    1.315469E+01    1.307945E+01    1.300640E+01    1.293556E+01    1.286701E+01    1.280081E+01    1.273698E+01    1.267553E+01    1.261640E+01    1.255941E+01    1.250424E+01    1.245034E+01    1.239815E+01    1.234777E+01    1.229870E+01    1.225087E+01    1.220379E+01    1.215754E+01    1.211272E+01    1.206970E+01    1.202879E+01    1.198967E+01    1.195173E+01    1.191535E+01    1.188085E+01    1.184757E+01    1.181524E+01    1.178368E+01    1.175275E+01    1.172262E+01    1.169333E+01    1.166495E+01    1.163743E+01    1.161073E+01    1.158458E+01    1.155907E+01    1.153426E+01    1.151013E+01    1.148669E+01    1.146400E+01    1.144211E+01    1.142098E+01    1.140052E+01    1.138069E+01    1.136172E+01    1.134369E+01    1.132651E+01    1.131011E+01    1.129472E+01    1.128030E+01    1.126697E+01    1.125485E+01    1.124390E+01    1.123428E+01    1.122604E+01    1.121917E+01    1.121416E+01    1.121111E+01    1.121001E+01    1.121086E+01    1.121417E+01    1.121976E+01    1.122816E+01    1.123986E+01    1.125555E+01    1.127558E+01    1.129954E+01    1.132768E+01    1.136072E+01    1.139914E+01    1.144338E+01    1.149370E+01    1.155225E+01    1.162337E+01    1.169914E+01    1.177215E+01    1.184749E+01    1.192779E+01    1.201620E+01    1.211447E+01    1.221689E+01    1.232546E+01    1.244873E+01    1.257753E+01    1.271256E+01    1.289004E+01    1.309879E+01    1.000000E+30    1.000000E+30    1.000000E+30    1.000000E+30    1.000000E+30    1.000000E+30    1.000000E+30    1.000000E+30    1.000000E+30    1.000000E+30    1.000000E+30    1.000000E+30    1.000000E+30    1.000000E+30    1.000000E+30    1.000000E+30    1.000000E+30    1.000000E+30    1.000000E+30    1.000000E+30    1.000000E+30    1.000000E+30    1.000000E+30    1.000000E+30    1.000000E+30    1.000000E+30    1.000000E+30    1.000000E+30    1.000000E+30    1.000000E+30    1.000000E+30    1.000000E+30    1.000000E+30    1.000000E+30    1.000000E+30    1.000000E+30    1.000000E+30    1.000000E+30    1.000000E+30    1.000000E+30    1.000000E+30    1.000000E+30    1.000000E+30    1.000000E+30    1.000000E+30    1.000000E+30    1.000000E+30    1.000000E+30    1.000000E+30
   1.000000E+30    1.000000E+30    1.000000E+30    1.000000E+30    1.000000E+30    1.000000E+30    1.392358E+01    1.382907E+01    1.373419E+01    1.364194E+01    1.355266E+01    1.346623E+01    1.338242E+01    1.330121E+01    1.322260E+01    1.314643E+01    1.307254E+01    1.300081E+01    1.293127E+01    1.286402E+01    1.279902E+01    1.273625E+01    1.267579E+01    1.261754E+01    1.256141E+01    1.250730E+01    1.245437E+01    1.240274E+01    1.235288E+01    1.230444E+01    1.225736E+01    1.221087E+01    1.216492E+01    1.212033E+01    1.207753E+01    1.203708E+01    1.199876E+01    1.196151E+01    1.192560E+01    1.189168E+01    1.185913E+01    1.182750E+01    1.179669E+01    1.176658E+01    1.173724E+01    1.170870E+01    1.168111E+01    1.165426E+01    1.162808E+01    1.160254E+01    1.157768E+01    1.155352E+01    1.153004E+01    1.150730E+01    1.148529E+01    1.146403E+01    1.144354E+01    1.142374E+01    1.140459E+01    1.138624E+01    1.136877E+01    1.135212E+01    1.133623E+01    1.132127E+01    1.130733E+01    1.129439E+01    1.128264E+01    1.127207E+01    1.126279E+01    1.125486E+01    1.124836E+01    1.124368E+01    1.124100E+01    1.124038E+01    1.124167E+01    1.124540E+01    1.125161E+01    1.126075E+01    1.127356E+01    1.129022E+01    1.131082E+01    1.133521E+01    1.136407E+01    1.139781E+01    1.143748E+01    1.148319E+01    1.153702E+01    1.160217E+01    1.167695E+01    1.175132E+01    1.182505E+01    1.190257E+01    1.198640E+01    1.207931E+01    1.218068E+01    1.228512E+01    1.239855E+01    1.252472E+01    1.265689E+01    1.281461E+01    1.300261E+01    1.317768E+01    1.000000E+30    1.000000E+30    1.000000E+30    1.000000E+30    1.000000E+30    1.000000E+30    1.000000E+30    1.000000E+30    1.000000E+30    1.000000E+30    1.000000E+30    1.000000E+30    1.000000E+30    1.000000E+30    1.000000E+30    1.000000E+30    1.000000E+30    1.000000E+30    1.000000E+30    1.000000E+30    1.000000E+30    1.000000E+30    1.000000E+30    1.000000E+30    1.000000E+30    1.000000E+30    1.000000E+30    1.000000E+30    1.000000E+30    1.000000E+30    1.000000E+30    1.000000E+30    1.000000E+30    1.000000E+30    1.000000E+30    1.000000E+30    1.000000E+30    1.000000E+30    1.000000E+30    1.000000E+30    1.000000E+30    1.000000E+30    1.000000E+30    1.000000E+30    1.000000E+30    1.000000E+30    1.000000E+30    1.000000E+30    1.000000E+30
   1.000000E+30    1.000000E+30    1.000000E+30    1.000000E+30    1.000000E+30    1.000000E+30    1.391087E+01    1.381208E+01    1.371766E+01    1.362657E+01    1.353861E+01    1.345348E+01    1.337095E+01    1.329101E+01    1.321368E+01    1.313878E+01    1.306613E+01    1.299569E+01    1.292743E+01    1.286143E+01    1.279764E+01    1.273602E+01    1.267660E+01    1.261928E+01    1.256394E+01    1.251051E+01    1.245842E+01    1.240752E+01    1.235828E+01    1.231057E+01    1.226414E+01    1.221854E+01    1.217347E+01    1.212937E+01    1.208690E+01    1.204665E+01    1.200853E+01    1.197177E+01    1.193645E+01    1.190319E+01    1.187140E+01    1.184053E+01    1.181055E+01    1.178132E+01    1.175284E+01    1.172512E+01    1.169829E+01    1.167220E+01    1.164668E+01    1.162176E+01    1.159754E+01    1.157402E+01    1.155121E+01    1.152914E+01    1.150782E+01    1.148725E+01    1.146742E+01    1.144825E+01    1.142974E+01    1.141197E+01    1.139501E+01    1.137888E+01    1.136356E+01    1.134912E+01    1.133574E+01    1.132327E+01    1.131186E+01    1.130168E+01    1.129273E+01    1.128524E+01    1.127929E+01    1.127492E+01    1.127245E+01    1.127221E+01    1.127412E+01    1.127849E+01    1.128571E+01    1.129556E+01    1.130916E+01    1.132629E+01    1.134716E+01    1.137219E+01    1.140158E+01    1.143625E+01    1.147728E+01    1.152772E+01    1.158940E+01    1.165783E+01    1.172908E+01    1.180214E+01    1.187808E+01    1.195860E+01    1.204623E+01    1.214373E+01    1.224762E+01    1.235483E+01    1.247231E+01    1.260287E+01    1.275193E+01    1.293289E+01    1.314407E+01    1.000000E+30    1.000000E+30    1.000000E+30    1.000000E+30    1.000000E+30    1.000000E+30    1.000000E+30    1.000000E+30    1.000000E+30    1.000000E+30    1.000000E+30    1.000000E+30    1.000000E+30    1.000000E+30    1.000000E+30    1.000000E+30    1.000000E+30    1.000000E+30    1.000000E+30    1.000000E+30    1.000000E+30    1.000000E+30    1.000000E+30    1.000000E+30    1.000000E+30    1.000000E+30    1.000000E+30    1.000000E+30    1.000000E+30    1.000000E+30    1.000000E+30    1.000000E+30    1.000000E+30    1.000000E+30    1.000000E+30    1.000000E+30    1.000000E+30    1.000000E+30    1.000000E+30    1.000000E+30    1.000000E+30    1.000000E+30    1.000000E+30    1.000000E+30    1.000000E+30    1.000000E+30    1.000000E+30    1.000000E+30    1.000000E+30    1.000000E+30
   1.000000E+30    1.000000E+30    1.000000E+30    1.000000E+30    1.000000E+30    1.398632E+01    1.389071E+01    1.379492E+01    1.370202E+01    1.361215E+01    1.352538E+01    1.344159E+01    1.336037E+01    1.328162E+01    1.320547E+01    1.313177E+01    1.306033E+01    1.299111E+01    1.292408E+01    1.285925E+01    1.279668E+01    1.273629E+01    1.267792E+01    1.262149E+01    1.256707E+01    1.251428E+01    1.246276E+01    1.241257E+01    1.236397E+01    1.231698E+01    1.227127E+01    1.222654E+01    1.218263E+01    1.213952E+01    1.209745E+01    1.205747E+01    1.201961E+01    1.198319E+01    1.194833E+01    1.191557E+01    1.188453E+01    1.185445E+01    1.182533E+01    1.179703E+01    1.176941E+01    1.174252E+01    1.171648E+01    1.169116E+01    1.166641E+01    1.164228E+01    1.161878E+01    1.159598E+01    1.157389E+01    1.155254E+01    1.153193E+01    1.151205E+01    1.149290E+01    1.147441E+01    1.145656E+01    1.143935E+01    1.142290E+01    1.140722E+01    1.139239E+01    1.137845E+01    1.136557E+01    1.135366E+01    1.134270E+01    1.133291E+01    1.132430E+01    1.131725E+01    1.131182E+01    1.130784E+01    1.130568E+01    1.130579E+01    1.130839E+01    1.131361E+01    1.132157E+01    1.133205E+01    1.134600E+01    1.136365E+01    1.138538E+01    1.141130E+01    1.144116E+01    1.147663E+01    1.152312E+01    1.158083E+01    1.164342E+01    1.170827E+01    1.177859E+01    1.185334E+01    1.193188E+01    1.201570E+01    1.210744E+01    1.220928E+01    1.231623E+01    1.242849E+01    1.255397E+01    1.269213E+01    1.285050E+01    1.303758E+01    1.325061E+01    1.000000E+30    1.000000E+30    1.000000E+30    1.000000E+30    1.000000E+30    1.000000E+30    1.000000E+30    1.000000E+30    1.000000E+30    1.000000E+30    1.000000E+30    1.000000E+30    1.000000E+30    1.000000E+30    1.000000E+30    1.000000E+30    1.000000E+30    1.000000E+30    1.000000E+30    1.000000E+30    1.000000E+30    1.000000E+30    1.000000E+30    1.000000E+30    1.000000E+30    1.000000E+30    1.000000E+30    1.000000E+30    1.000000E+30    1.000000E+30    1.000000E+30    1.000000E+30    1.000000E+30    1.000000E+30    1.000000E+30    1.000000E+30    1.000000E+30    1.000000E+30    1.000000E+30    1.000000E+30    1.000000E+30    1.000000E+30    1.000000E+30    1.000000E+30    1.000000E+30    1.000000E+30    1.000000E+30    1.000000E+30    1.000000E+30    1.000000E+30
   1.000000E+30    1.000000E+30    1.000000E+30    1.000000E+30    1.000000E+30    1.397578E+01    1.387541E+01    1.377956E+01    1.368754E+01    1.359877E+01    1.351308E+01    1.343047E+01    1.335056E+01    1.327302E+01    1.319793E+01    1.312532E+01    1.305508E+01    1.298705E+01    1.292121E+01    1.285764E+01    1.279627E+01    1.273707E+01    1.267972E+01    1.262417E+01    1.257063E+01    1.251865E+01    1.246785E+01    1.241833E+01    1.237037E+01    1.232401E+01    1.227899E+01    1.223510E+01    1.219218E+01    1.215003E+01    1.210869E+01    1.206923E+01    1.203178E+01    1.199578E+01    1.196139E+01    1.192903E+01    1.189868E+01    1.186943E+01    1.184113E+01    1.181374E+01    1.178703E+01    1.176104E+01    1.173581E+01    1.171126E+01    1.168728E+01    1.166399E+01    1.164134E+01    1.161935E+01    1.159804E+01    1.157743E+01    1.155755E+01    1.153839E+01    1.151994E+01    1.150217E+01    1.148505E+01    1.146853E+01    1.145268E+01    1.143756E+01    1.142323E+01    1.140979E+01    1.139732E+01    1.138589E+01    1.137548E+01    1.136613E+01    1.135800E+01    1.135129E+01    1.134617E+01    1.134268E+01    1.134093E+01    1.134133E+01    1.134445E+01    1.135021E+01    1.135856E+01    1.136986E+01    1.138462E+01    1.140354E+01    1.142583E+01    1.145200E+01    1.148265E+01    1.152225E+01    1.157541E+01    1.163219E+01    1.169171E+01    1.175734E+01    1.182889E+01    1.190545E+01    1.198666E+01    1.207367E+01    1.216971E+01    1.227574E+01    1.238698E+01    1.250789E+01    1.264150E+01    1.277976E+01    1.294085E+01    1.313222E+01    1.332077E+01    1.000000E+30    1.000000E+30    1.000000E+30    1.000000E+30    1.000000E+30    1.000000E+30    1.000000E+30    1.000000E+30    1.000000E+30    1.000000E+30    1.000000E+30    1.000000E+30    1.000000E+30    1.000000E+30    1.000000E+30    1.000000E+30    1.000000E+30    1.000000E+30    1.000000E+30    1.000000E+30    1.000000E+30    1.000000E+30    1.000000E+30    1.000000E+30    1.000000E+30    1.000000E+30    1.000000E+30    1.000000E+30    1.000000E+30    1.000000E+30    1.000000E+30    1.000000E+30    1.000000E+30    1.000000E+30    1.000000E+30    1.000000E+30    1.000000E+30    1.000000E+30    1.000000E+30    1.000000E+30    1.000000E+30    1.000000E+30    1.000000E+30    1.000000E+30    1.000000E+30    1.000000E+30    1.000000E+30    1.000000E+30    1.000000E+30    1.000000E+30
   1.000000E+30    1.000000E+30    1.000000E+30    1.000000E+30    1.000000E+30    1.396008E+01    1.385998E+01    1.376497E+01    1.367395E+01    1.358630E+01    1.350168E+01    1.342021E+01    1.334157E+01    1.326526E+01    1.319121E+01    1.311955E+01    1.305032E+01    1.298338E+01    1.291873E+01    1.285646E+01    1.279637E+01    1.273833E+01    1.268212E+01    1.262757E+01    1.257480E+01    1.252351E+01    1.247344E+01    1.242478E+01    1.237765E+01    1.233197E+01    1.228761E+01    1.224453E+01    1.220253E+01    1.216125E+01    1.212066E+01    1.208189E+01    1.204495E+01    1.200938E+01    1.197555E+01    1.194370E+01    1.191395E+01    1.188554E+01    1.185811E+01    1.183158E+01    1.180573E+01    1.178063E+01    1.175623E+01    1.173252E+01    1.170941E+01    1.168701E+01    1.166525E+01    1.164412E+01    1.162362E+01    1.160377E+01    1.158462E+01    1.156619E+01    1.154844E+01    1.153137E+01    1.151498E+01    1.149924E+01    1.148412E+01    1.146966E+01    1.145597E+01    1.144316E+01    1.143123E+01    1.142025E+01    1.141032E+01    1.140151E+01    1.139386E+01    1.138751E+01    1.138263E+01    1.137944E+01    1.137804E+01    1.137866E+01    1.138214E+01    1.138839E+01    1.139733E+01    1.140966E+01    1.142549E+01    1.144496E+01    1.146737E+01    1.149425E+01    1.152729E+01    1.157077E+01    1.162464E+01    1.167980E+01    1.174032E+01    1.180717E+01    1.188014E+01    1.195869E+01    1.204231E+01    1.213259E+01    1.223270E+01    1.234233E+01    1.245825E+01    1.258789E+01    1.272577E+01    1.286284E+01    1.303110E+01    1.324455E+01    1.000000E+30    1.000000E+30    1.000000E+30    1.000000E+30    1.000000E+30    1.000000E+30    1.000000E+30    1.000000E+30    1.000000E+30    1.000000E+30    1.000000E+30    1.000000E+30    1.000000E+30    1.000000E+30    1.000000E+30    1.000000E+30    1.000000E+30    1.000000E+30    1.000000E+30    1.000000E+30    1.000000E+30    1.000000E+30    1.000000E+30    1.000000E+30    1.000000E+30    1.000000E+30    1.000000E+30    1.000000E+30    1.000000E+30    1.000000E+30    1.000000E+30    1.000000E+30    1.000000E+30    1.000000E+30    1.000000E+30    1.000000E+30    1.000000E+30    1.000000E+30    1.000000E+30    1.000000E+30    1.000000E+30    1.000000E+30    1.000000E+30    1.000000E+30    1.000000E+30    1.000000E+30    1.000000E+30    1.000000E+30    1.000000E+30    1.000000E+30    1.000000E+30
   1.000000E+30    1.000000E+30    1.000000E+30    1.000000E+30    1.403319E+01    1.393918E+01    1.384381E+01    1.375085E+01    1.366113E+01    1.357462E+01    1.349114E+01    1.341095E+01    1.333355E+01    1.325832E+01    1.318531E+01    1.311460E+01    1.304635E+01    1.298044E+01    1.291682E+01    1.285572E+01    1.279686E+01    1.274007E+01    1.268509E+01    1.263165E+01    1.257976E+01    1.252903E+01    1.247962E+01    1.243189E+01    1.238569E+01    1.234080E+01    1.229718E+01    1.225493E+01    1.221389E+01    1.217369E+01    1.213392E+01    1.209557E+01    1.205915E+01    1.202416E+01    1.199099E+01    1.195974E+01    1.193058E+01    1.190297E+01    1.187638E+01    1.185075E+01    1.182577E+01    1.180156E+01    1.177803E+01    1.175519E+01    1.173300E+01    1.171154E+01    1.169074E+01    1.167053E+01    1.165091E+01    1.163189E+01    1.161351E+01    1.159582E+01    1.157880E+01    1.156245E+01    1.154678E+01    1.153179E+01    1.151741E+01    1.150367E+01    1.149068E+01    1.147852E+01    1.146721E+01    1.145678E+01    1.144733E+01    1.143898E+01    1.143183E+01    1.142596E+01    1.142144E+01    1.141845E+01    1.141721E+01    1.141812E+01    1.142205E+01    1.142930E+01    1.143899E+01    1.145181E+01    1.146820E+01    1.148749E+01    1.151081E+01    1.153938E+01    1.157439E+01    1.161909E+01    1.167281E+01    1.172888E+01    1.179019E+01    1.185809E+01    1.193258E+01    1.201268E+01    1.209859E+01    1.219195E+01    1.229522E+01    1.240818E+01    1.252886E+01    1.266494E+01    1.280544E+01    1.294275E+01    1.311680E+01    1.331442E+01    1.000000E+30    1.000000E+30    1.000000E+30    1.000000E+30    1.000000E+30    1.000000E+30    1.000000E+30    1.000000E+30    1.000000E+30    1.000000E+30    1.000000E+30    1.000000E+30    1.000000E+30    1.000000E+30    1.000000E+30    1.000000E+30    1.000000E+30    1.000000E+30    1.000000E+30    1.000000E+30    1.000000E+30    1.000000E+30    1.000000E+30    1.000000E+30    1.000000E+30    1.000000E+30    1.000000E+30    1.000000E+30    1.000000E+30    1.000000E+30    1.000000E+30    1.000000E+30    1.000000E+30    1.000000E+30    1.000000E+30    1.000000E+30    1.000000E+30    1.000000E+30    1.000000E+30    1.000000E+30    1.000000E+30    1.000000E+30    1.000000E+30    1.000000E+30    1.000000E+30    1.000000E+30    1.000000E+30    1.000000E+30    1.000000E+30    1.000000E+30    1.000000E+30
   1.000000E+30    1.000000E+30    1.000000E+30    1.000000E+30    1.402243E+01    1.392421E+01    1.382965E+01    1.373791E+01    1.364926E+01    1.356385E+01    1.348164E+01    1.340273E+01    1.332645E+01    1.325222E+01    1.318024E+01    1.311057E+01    1.304328E+01    1.297838E+01    1.291585E+01    1.285582E+01    1.279796E+01    1.274215E+01    1.268824E+01    1.263605E+01    1.258538E+01    1.253552E+01    1.248677E+01    1.243979E+01    1.239444E+01    1.235040E+01    1.230764E+01    1.226630E+01    1.222625E+01    1.218722E+01    1.214864E+01    1.211077E+01    1.207470E+01    1.204034E+01    1.200785E+01    1.197728E+01    1.194881E+01    1.192211E+01    1.189638E+01    1.187155E+01    1.184750E+01    1.182423E+01    1.180159E+01    1.177963E+01    1.175839E+01    1.173784E+01    1.171798E+01    1.169873E+01    1.168009E+01    1.166204E+01    1.164456E+01    1.162772E+01    1.161152E+01    1.159595E+01    1.158104E+01    1.156677E+01    1.155308E+01    1.154002E+01    1.152767E+01    1.151609E+01    1.150539E+01    1.149558E+01    1.148667E+01    1.147882E+01    1.147216E+01    1.146677E+01    1.146271E+01    1.146013E+01    1.145923E+01    1.146059E+01    1.146490E+01    1.147271E+01    1.148311E+01    1.149638E+01    1.151293E+01    1.153259E+01    1.155707E+01    1.158723E+01    1.162339E+01    1.166816E+01    1.172266E+01    1.177902E+01    1.184108E+01    1.191017E+01    1.198563E+01    1.206685E+01    1.215491E+01    1.225059E+01    1.235674E+01    1.247313E+01    1.259832E+01    1.273885E+01    1.288109E+01    1.302166E+01    1.319363E+01    1.334854E+01    1.000000E+30    1.000000E+30    1.000000E+30    1.000000E+30    1.000000E+30    1.000000E+30    1.000000E+30    1.000000E+30    1.000000E+30    1.000000E+30    1.000000E+30    1.000000E+30    1.000000E+30    1.000000E+30    1.000000E+30    1.000000E+30    1.000000E+30    1.000000E+30    1.000000E+30    1.000000E+30    1.000000E+30    1.000000E+30    1.000000E+30    1.000000E+30    1.000000E+30    1.000000E+30    1.000000E+30    1.000000E+30    1.000000E+30    1.000000E+30    1.000000E+30    1.000000E+30    1.000000E+30    1.000000E+30    1.000000E+30    1.000000E+30    1.000000E+30    1.000000E+30    1.000000E+30    1.000000E+30    1.000000E+30    1.000000E+30    1.000000E+30    1.000000E+30    1.000000E+30    1.000000E+30    1.000000E+30    1.000000E+30    1.000000E+30    1.000000E+30    1.000000E+30
   1.000000E+30    1.000000E+30    1.000000E+30    1.410131E+01    1.400556E+01    1.391011E+01    1.381687E+01    1.372621E+01    1.363860E+01    1.355424E+01    1.347320E+01    1.339540E+01    1.332008E+01    1.324690E+01    1.317608E+01    1.310750E+01    1.304120E+01    1.297731E+01    1.291594E+01    1.285695E+01    1.280001E+01    1.274510E+01    1.269210E+01    1.264091E+01    1.259124E+01    1.254247E+01    1.249478E+01    1.244866E+01    1.240412E+01    1.236093E+01    1.231908E+01    1.227866E+01    1.223956E+01    1.220163E+01    1.216447E+01    1.212771E+01    1.209195E+01    1.205807E+01    1.202630E+01    1.199648E+01    1.196877E+01    1.194297E+01    1.191821E+01    1.189431E+01    1.187118E+01    1.184884E+01    1.182715E+01    1.180606E+01    1.178573E+01    1.176615E+01    1.174726E+01    1.172900E+01    1.171137E+01    1.169432E+01    1.167785E+01    1.166195E+01    1.164665E+01    1.163195E+01    1.161784E+01    1.160428E+01    1.159128E+01    1.157894E+01    1.156725E+01    1.155627E+01    1.154617E+01    1.153699E+01    1.152867E+01    1.152141E+01    1.151529E+01    1.151033E+01    1.150669E+01    1.150454E+01    1.150417E+01    1.150616E+01    1.151097E+01    1.151883E+01    1.152995E+01    1.154361E+01    1.156028E+01    1.158060E+01    1.160577E+01    1.163671E+01    1.167303E+01    1.171870E+01    1.177337E+01    1.182967E+01    1.189278E+01    1.196259E+01    1.203852E+01    1.212093E+01    1.221072E+01    1.230844E+01    1.241754E+01    1.253691E+01    1.266612E+01    1.280969E+01    1.295407E+01    1.310086E+01    1.328415E+01    1.000000E+30    1.000000E+30    1.000000E+30    1.000000E+30    1.000000E+30    1.000000E+30    1.000000E+30    1.000000E+30    1.000000E+30    1.000000E+30    1.000000E+30    1.000000E+30    1.000000E+30    1.000000E+30    1.000000E+30    1.000000E+30    1.000000E+30    1.000000E+30    1.000000E+30    1.000000E+30    1.000000E+30    1.000000E+30    1.000000E+30    1.000000E+30    1.000000E+30    1.000000E+30    1.000000E+30    1.000000E+30    1.000000E+30    1.000000E+30    1.000000E+30    1.000000E+30    1.000000E+30    1.000000E+30    1.000000E+30    1.000000E+30    1.000000E+30    1.000000E+30    1.000000E+30    1.000000E+30    1.000000E+30    1.000000E+30    1.000000E+30    1.000000E+30    1.000000E+30    1.000000E+30    1.000000E+30    1.000000E+30    1.000000E+30    1.000000E+30    1.000000E+30    1.000000E+30
   1.000000E+30    1.000000E+30    1.000000E+30    1.409274E+01    1.399352E+01    1.389824E+01    1.380574E+01    1.371599E+01    1.362931E+01    1.354590E+01    1.346588E+01    1.338895E+01    1.331446E+01    1.324234E+01    1.317274E+01    1.310538E+01    1.304018E+01    1.297738E+01    1.291714E+01    1.285911E+01    1.280306E+01    1.274907E+01    1.269695E+01    1.264669E+01    1.259786E+01    1.255005E+01    1.250354E+01    1.245855E+01    1.241500E+01    1.237272E+01    1.233176E+01    1.229226E+01    1.225408E+01    1.221718E+01    1.218122E+01    1.214593E+01    1.211111E+01    1.207756E+01    1.204643E+01    1.201751E+01    1.199062E+01    1.196568E+01    1.194188E+01    1.191893E+01    1.189681E+01    1.187544E+01    1.185475E+01    1.183466E+01    1.181529E+01    1.179670E+01    1.177882E+01    1.176161E+01    1.174501E+01    1.172898E+01    1.171347E+01    1.169849E+01    1.168409E+01    1.167028E+01    1.165704E+01    1.164432E+01    1.163217E+01    1.162065E+01    1.160973E+01    1.159949E+01    1.159006E+01    1.158148E+01    1.157379E+01    1.156712E+01    1.156151E+01    1.155702E+01    1.155377E+01    1.155200E+01    1.155219E+01    1.155491E+01    1.156033E+01    1.156843E+01    1.157980E+01    1.159378E+01    1.161044E+01    1.163083E+01    1.165616E+01    1.168728E+01    1.172329E+01    1.177146E+01    1.182456E+01    1.188146E+01    1.194485E+01    1.201488E+01    1.209151E+01    1.217490E+01    1.226564E+01    1.236547E+01    1.247748E+01    1.259899E+01    1.273142E+01    1.287698E+01    1.302303E+01    1.317403E+01    1.335437E+01    1.000000E+30    1.000000E+30    1.000000E+30    1.000000E+30    1.000000E+30    1.000000E+30    1.000000E+30    1.000000E+30    1.000000E+30    1.000000E+30    1.000000E+30    1.000000E+30    1.000000E+30    1.000000E+30    1.000000E+30    1.000000E+30    1.000000E+30    1.000000E+30    1.000000E+30    1.000000E+30    1.000000E+30    1.000000E+30    1.000000E+30    1.000000E+30    1.000000E+30    1.000000E+30    1.000000E+30    1.000000E+30    1.000000E+30    1.000000E+30    1.000000E+30    1.000000E+30    1.000000E+30    1.000000E+30    1.000000E+30    1.000000E+30    1.000000E+30    1.000000E+30    1.000000E+30    1.000000E+30    1.000000E+30    1.000000E+30    1.000000E+30    1.000000E+30    1.000000E+30    1.000000E+30    1.000000E+30    1.000000E+30    1.000000E+30    1.000000E+30    1.000000E+30    1.000000E+30
   1.000000E+30    1.000000E+30    1.417753E+01    1.407960E+01    1.398246E+01    1.388799E+01    1.379615E+01    1.370720E+01    1.362136E+01    1.353884E+01    1.345966E+01    1.338350E+01    1.330985E+01    1.323874E+01    1.317032E+01    1.310423E+01    1.304021E+01    1.297855E+01    1.291943E+01    1.286237E+01    1.280718E+01    1.275408E+01    1.270290E+01    1.265359E+01    1.260564E+01    1.255875E+01    1.251332E+01    1.246948E+01    1.242712E+01    1.238594E+01    1.234597E+01    1.230738E+01    1.227015E+01    1.223425E+01    1.219940E+01    1.216530E+01    1.213192E+01    1.209926E+01    1.206856E+01    1.204049E+01    1.201450E+01    1.199035E+01    1.196756E+01    1.194565E+01    1.192459E+01    1.190428E+01    1.188468E+01    1.186566E+01    1.184735E+01    1.182978E+01    1.181294E+01    1.179678E+01    1.178121E+01    1.176620E+01    1.175170E+01    1.173768E+01    1.172423E+01    1.171137E+01    1.169904E+01    1.168726E+01    1.167604E+01    1.166539E+01    1.165530E+01    1.164589E+01    1.163725E+01    1.162939E+01    1.162235E+01    1.161618E+01    1.161099E+01    1.160694E+01    1.160420E+01    1.160303E+01    1.160390E+01    1.160726E+01    1.161322E+01    1.162169E+01    1.163289E+01    1.164707E+01    1.166369E+01    1.168376E+01    1.170862E+01    1.173848E+01    1.177793E+01    1.182729E+01    1.187776E+01    1.193434E+01    1.199708E+01    1.206704E+01    1.214433E+01    1.222862E+01    1.232035E+01    1.242232E+01    1.253637E+01    1.265939E+01    1.279370E+01    1.293971E+01    1.308572E+01    1.323792E+01    1.341455E+01    1.000000E+30    1.000000E+30    1.000000E+30    1.000000E+30    1.000000E+30    1.000000E+30    1.000000E+30    1.000000E+30    1.000000E+30    1.000000E+30    1.000000E+30    1.000000E+30    1.000000E+30    1.000000E+30    1.000000E+30    1.000000E+30    1.000000E+30    1.000000E+30    1.000000E+30    1.000000E+30    1.000000E+30    1.000000E+30    1.000000E+30    1.000000E+30    1.000000E+30    1.000000E+30    1.000000E+30    1.000000E+30    1.000000E+30    1.000000E+30    1.000000E+30    1.000000E+30    1.000000E+30    1.000000E+30    1.000000E+30    1.000000E+30    1.000000E+30    1.000000E+30    1.000000E+30    1.000000E+30    1.000000E+30    1.000000E+30    1.000000E+30    1.000000E+30    1.000000E+30    1.000000E+30    1.000000E+30    1.000000E+30    1.000000E+30    1.000000E+30    1.000000E+30    1.000000E+30
   1.000000E+30    1.000000E+30    1.417230E+01    1.407088E+01    1.397355E+01    1.387944E+01    1.378813E+01    1.369983E+01    1.361478E+01    1.353304E+01    1.345459E+01    1.337914E+01    1.330631E+01    1.323621E+01    1.316893E+01    1.310401E+01    1.304122E+01    1.298081E+01    1.292280E+01    1.286679E+01    1.281259E+01    1.276039E+01    1.271014E+01    1.266182E+01    1.261478E+01    1.256882E+01    1.252446E+01    1.248171E+01    1.244049E+01    1.240056E+01    1.236178E+01    1.232427E+01    1.228802E+01    1.225306E+01    1.221929E+01    1.218634E+01    1.215420E+01    1.212302E+01    1.209312E+01    1.206576E+01    1.204058E+01    1.201722E+01    1.199541E+01    1.197469E+01    1.195485E+01    1.193568E+01    1.191725E+01    1.189944E+01    1.188226E+01    1.186575E+01    1.184996E+01    1.183486E+01    1.182034E+01    1.180639E+01    1.179298E+01    1.178006E+01    1.176766E+01    1.175582E+01    1.174449E+01    1.173367E+01    1.172336E+01    1.171354E+01    1.170427E+01    1.169567E+01    1.168778E+01    1.168065E+01    1.167426E+01    1.166859E+01    1.166381E+01    1.166029E+01    1.165831E+01    1.165798E+01    1.165964E+01    1.166359E+01    1.166997E+01    1.167872E+01    1.168988E+01    1.170402E+01    1.172086E+01    1.174030E+01    1.176357E+01    1.179548E+01    1.183874E+01    1.188384E+01    1.193318E+01    1.198828E+01    1.204983E+01    1.211975E+01    1.219797E+01    1.228361E+01    1.237622E+01    1.247870E+01    1.259366E+01    1.271761E+01    1.285212E+01    1.299745E+01    1.314266E+01    1.329430E+01    1.347482E+01    1.000000E+30    1.000000E+30    1.000000E+30    1.000000E+30    1.000000E+30    1.000000E+30    1.000000E+30    1.000000E+30    1.000000E+30    1.000000E+30    1.000000E+30    1.000000E+30    1.000000E+30    1.000000E+30    1.000000E+30    1.000000E+30    1.000000E+30    1.000000E+30    1.000000E+30    1.000000E+30    1.000000E+30    1.000000E+30    1.000000E+30    1.000000E+30    1.000000E+30    1.000000E+30    1.000000E+30    1.000000E+30    1.000000E+30    1.000000E+30    1.000000E+30    1.000000E+30    1.000000E+30    1.000000E+30    1.000000E+30    1.000000E+30    1.000000E+30    1.000000E+30    1.000000E+30    1.000000E+30    1.000000E+30    1.000000E+30    1.000000E+30    1.000000E+30    1.000000E+30    1.000000E+30    1.000000E+30    1.000000E+30    1.000000E+30    1.000000E+30    1.000000E+30    1.000000E+30
   1.000000E+30    1.000000E+30    1.416562E+01    1.406349E+01    1.396612E+01    1.387237E+01    1.378162E+01    1.369393E+01    1.360960E+01    1.352856E+01    1.345080E+01    1.337596E+01    1.330387E+01    1.323472E+01    1.316842E+01    1.310463E+01    1.304319E+01    1.298412E+01    1.292733E+01    1.287249E+01    1.281942E+01    1.276823E+01    1.271902E+01    1.267162E+01    1.262549E+01    1.258055E+01    1.253723E+01    1.249557E+01    1.245544E+01    1.241668E+01    1.237917E+01    1.234297E+01    1.230794E+01    1.227395E+01    1.224122E+01    1.220951E+01    1.217851E+01    1.214871E+01    1.212009E+01    1.209363E+01    1.206924E+01    1.204660E+01    1.202581E+01    1.200632E+01    1.198780E+01    1.196996E+01    1.195280E+01    1.193626E+01    1.192029E+01    1.190493E+01    1.189025E+01    1.187622E+01    1.186278E+01    1.184993E+01    1.183763E+01    1.182587E+01    1.181459E+01    1.180378E+01    1.179344E+01    1.178359E+01    1.177418E+01    1.176525E+01    1.175688E+01    1.174908E+01    1.174189E+01    1.173541E+01    1.172963E+01    1.172456E+01    1.172036E+01    1.171751E+01    1.171628E+01    1.171681E+01    1.171933E+01    1.172406E+01    1.173096E+01    1.173994E+01    1.175119E+01    1.176529E+01    1.178254E+01    1.180209E+01    1.182654E+01    1.186066E+01    1.190057E+01    1.194298E+01    1.199074E+01    1.204391E+01    1.210412E+01    1.217367E+01    1.225233E+01    1.233896E+01    1.243217E+01    1.253440E+01    1.264952E+01    1.277355E+01    1.290722E+01    1.305169E+01    1.319678E+01    1.334771E+01    1.353316E+01    1.000000E+30    1.000000E+30    1.000000E+30    1.000000E+30    1.000000E+30    1.000000E+30    1.000000E+30    1.000000E+30    1.000000E+30    1.000000E+30    1.000000E+30    1.000000E+30    1.000000E+30    1.000000E+30    1.000000E+30    1.000000E+30    1.000000E+30    1.000000E+30    1.000000E+30    1.000000E+30    1.000000E+30    1.000000E+30    1.000000E+30    1.000000E+30    1.000000E+30    1.000000E+30    1.000000E+30    1.000000E+30    1.000000E+30    1.000000E+30    1.000000E+30    1.000000E+30    1.000000E+30    1.000000E+30    1.000000E+30    1.000000E+30    1.000000E+30    1.000000E+30    1.000000E+30    1.000000E+30    1.000000E+30    1.000000E+30    1.000000E+30    1.000000E+30    1.000000E+30    1.000000E+30    1.000000E+30    1.000000E+30    1.000000E+30    1.000000E+30    1.000000E+30    1.000000E+30
   1.000000E+30    1.000000E+30    1.415831E+01    1.405680E+01    1.395991E+01    1.386668E+01    1.377663E+01    1.368958E+01    1.360581E+01    1.352544E+01    1.344835E+01    1.337407E+01    1.330260E+01    1.323428E+01    1.316894E+01    1.310620E+01    1.304602E+01    1.298837E+01    1.293295E+01    1.287939E+01    1.282761E+01    1.277768E+01    1.272965E+01    1.268327E+01    1.263808E+01    1.259420E+01    1.255196E+01    1.251137E+01    1.247230E+01    1.243467E+01    1.239842E+01    1.236354E+01    1.232996E+01    1.229724E+01    1.226564E+01    1.223520E+01    1.220558E+01    1.217700E+01    1.214974E+01    1.212436E+01    1.210085E+01    1.207893E+01    1.205912E+01    1.204093E+01    1.202374E+01    1.200731E+01    1.199156E+01    1.197639E+01    1.196174E+01    1.194764E+01    1.193415E+01    1.192124E+01    1.190892E+01    1.189716E+01    1.188592E+01    1.187525E+01    1.186502E+01    1.185519E+01    1.184581E+01    1.183696E+01    1.182852E+01    1.182053E+01    1.181315E+01    1.180629E+01    1.179988E+01    1.179409E+01    1.178899E+01    1.178460E+01    1.178114E+01    1.177904E+01    1.177853E+01    1.177983E+01    1.178325E+01    1.178876E+01    1.179619E+01    1.180538E+01    1.181653E+01    1.183085E+01    1.185020E+01    1.187337E+01    1.190053E+01    1.193096E+01    1.196529E+01    1.200596E+01    1.205135E+01    1.210256E+01    1.216144E+01    1.223127E+01    1.230972E+01    1.239577E+01    1.248878E+01    1.259111E+01    1.270559E+01    1.282765E+01    1.295874E+01    1.310176E+01    1.324733E+01    1.339944E+01    1.358819E+01    1.000000E+30    1.000000E+30    1.000000E+30    1.000000E+30    1.000000E+30    1.000000E+30    1.000000E+30    1.000000E+30    1.000000E+30    1.000000E+30    1.000000E+30    1.000000E+30    1.000000E+30    1.000000E+30    1.000000E+30    1.000000E+30    1.000000E+30    1.000000E+30    1.000000E+30    1.000000E+30    1.000000E+30    1.000000E+30    1.000000E+30    1.000000E+30    1.000000E+30    1.000000E+30    1.000000E+30    1.000000E+30    1.000000E+30    1.000000E+30    1.000000E+30    1.000000E+30    1.000000E+30    1.000000E+30    1.000000E+30    1.000000E+30    1.000000E+30    1.000000E+30    1.000000E+30    1.000000E+30    1.000000E+30    1.000000E+30    1.000000E+30    1.000000E+30    1.000000E+30    1.000000E+30    1.000000E+30    1.000000E+30    1.000000E+30    1.000000E+30    1.000000E+30    1.000000E+30
   1.000000E+30    1.425052E+01    1.414997E+01    1.405082E+01    1.395501E+01    1.386246E+01    1.377317E+01    1.368683E+01    1.360360E+01    1.352376E+01    1.344725E+01    1.337357E+01    1.330272E+01    1.323516E+01    1.317067E+01    1.310886E+01    1.304982E+01    1.299356E+01    1.293955E+01    1.288730E+01    1.283696E+01    1.278858E+01    1.274193E+01    1.269663E+01    1.265253E+01    1.260985E+01    1.256879E+01    1.252934E+01    1.249137E+01    1.245489E+01    1.241989E+01    1.238627E+01    1.235408E+01    1.232286E+01    1.229267E+01    1.226362E+01    1.223559E+01    1.220841E+01    1.218248E+01    1.215836E+01    1.213582E+01    1.211473E+01    1.209579E+01    1.207886E+01    1.206312E+01    1.204814E+01    1.203383E+01    1.202015E+01    1.200697E+01    1.199422E+01    1.198195E+01    1.197023E+01    1.195903E+01    1.194833E+01    1.193814E+01    1.192846E+01    1.191920E+01    1.191032E+01    1.190197E+01    1.189417E+01    1.188682E+01    1.187984E+01    1.187343E+01    1.186754E+01    1.186207E+01    1.185711E+01    1.185275E+01    1.184917E+01    1.184665E+01    1.184554E+01    1.184588E+01    1.184791E+01    1.185224E+01    1.185823E+01    1.186579E+01    1.187627E+01    1.188950E+01    1.190697E+01    1.192802E+01    1.195180E+01    1.197764E+01    1.200554E+01    1.203628E+01    1.207367E+01    1.211687E+01    1.216755E+01    1.222868E+01    1.229738E+01    1.237063E+01    1.245374E+01    1.254869E+01    1.265143E+01    1.276091E+01    1.287872E+01    1.300626E+01    1.314795E+01    1.329606E+01    1.345030E+01    1.363978E+01    1.000000E+30    1.000000E+30    1.000000E+30    1.000000E+30    1.000000E+30    1.000000E+30    1.000000E+30    1.000000E+30    1.000000E+30    1.000000E+30    1.000000E+30    1.000000E+30    1.000000E+30    1.000000E+30    1.000000E+30    1.000000E+30    1.000000E+30    1.000000E+30    1.000000E+30    1.000000E+30    1.000000E+30    1.000000E+30    1.000000E+30    1.000000E+30    1.000000E+30    1.000000E+30    1.000000E+30    1.000000E+30    1.000000E+30    1.000000E+30    1.000000E+30    1.000000E+30    1.000000E+30    1.000000E+30    1.000000E+30    1.000000E+30    1.000000E+30    1.000000E+30    1.000000E+30    1.000000E+30    1.000000E+30    1.000000E+30    1.000000E+30    1.000000E+30    1.000000E+30    1.000000E+30    1.000000E+30    1.000000E+30    1.000000E+30    1.000000E+30    1.000000E+30    1.000000E+30
   1.000000E+30    1.424889E+01    1.414605E+01    1.404704E+01    1.395182E+01    1.385992E+01    1.377133E+01    1.368566E+01    1.360292E+01    1.352357E+01    1.344759E+01    1.337456E+01    1.330445E+01    1.323758E+01    1.317382E+01    1.311296E+01    1.305504E+01    1.299995E+01    1.294713E+01    1.289618E+01    1.284731E+01    1.280046E+01    1.275538E+01    1.271145E+01    1.266860E+01    1.262731E+01    1.258761E+01    1.254945E+01    1.251277E+01    1.247756E+01    1.244385E+01    1.241155E+01    1.238068E+01    1.235095E+01    1.232226E+01    1.229475E+01    1.226841E+01    1.224305E+01    1.221869E+01    1.219589E+01    1.217454E+01    1.215447E+01    1.213634E+01    1.212054E+01    1.210630E+01    1.209291E+01    1.208022E+01    1.206807E+01    1.205642E+01    1.204515E+01    1.203417E+01    1.202361E+01    1.201353E+01    1.200389E+01    1.199474E+01    1.198605E+01    1.197776E+01    1.196994E+01    1.196269E+01    1.195598E+01    1.194976E+01    1.194387E+01    1.193841E+01    1.193347E+01    1.192905E+01    1.192504E+01    1.192154E+01    1.191906E+01    1.191785E+01    1.191802E+01    1.191908E+01    1.192168E+01    1.192760E+01    1.193600E+01    1.194733E+01    1.196091E+01    1.197649E+01    1.199375E+01    1.201085E+01    1.203053E+01    1.205469E+01    1.208281E+01    1.211390E+01    1.214923E+01    1.219160E+01    1.224201E+01    1.230098E+01    1.236433E+01    1.243429E+01    1.251406E+01    1.260790E+01    1.270940E+01    1.281340E+01    1.292758E+01    1.305233E+01    1.319265E+01    1.334233E+01    1.349748E+01    1.368471E+01    1.000000E+30    1.000000E+30    1.000000E+30    1.000000E+30    1.000000E+30    1.000000E+30    1.000000E+30    1.000000E+30    1.000000E+30    1.000000E+30    1.000000E+30    1.000000E+30    1.000000E+30    1.000000E+30    1.000000E+30    1.000000E+30    1.000000E+30    1.000000E+30    1.000000E+30    1.000000E+30    1.000000E+30    1.000000E+30    1.000000E+30    1.000000E+30    1.000000E+30    1.000000E+30    1.000000E+30    1.000000E+30    1.000000E+30    1.000000E+30    1.000000E+30    1.000000E+30    1.000000E+30    1.000000E+30    1.000000E+30    1.000000E+30    1.000000E+30    1.000000E+30    1.000000E+30    1.000000E+30    1.000000E+30    1.000000E+30    1.000000E+30    1.000000E+30    1.000000E+30    1.000000E+30    1.000000E+30    1.000000E+30    1.000000E+30    1.000000E+30    1.000000E+30    1.000000E+30
   1.000000E+30    1.424785E+01    1.414440E+01    1.404541E+01    1.395045E+01    1.385904E+01    1.377110E+01    1.368610E+01    1.360387E+01    1.352500E+01    1.344954E+01    1.337711E+01    1.330777E+01    1.324168E+01    1.317867E+01    1.311872E+01    1.306188E+01    1.300786E+01    1.295611E+01    1.290643E+01    1.285902E+01    1.281363E+01    1.276992E+01    1.272743E+01    1.268608E+01    1.264633E+01    1.260818E+01    1.257153E+01    1.253638E+01    1.250267E+01    1.247040E+01    1.243959E+01    1.241016E+01    1.238201E+01    1.235495E+01    1.232907E+01    1.230439E+01    1.228090E+01    1.225850E+01    1.223735E+01    1.221756E+01    1.219884E+01    1.218163E+01    1.216665E+01    1.215387E+01    1.214222E+01    1.213124E+01    1.212067E+01    1.211059E+01    1.210087E+01    1.209130E+01    1.208196E+01    1.207305E+01    1.206456E+01    1.205653E+01    1.204892E+01    1.204164E+01    1.203486E+01    1.202875E+01    1.202320E+01    1.201810E+01    1.201345E+01    1.200909E+01    1.200518E+01    1.200172E+01    1.199874E+01    1.199623E+01    1.199516E+01    1.199534E+01    1.199664E+01    1.200019E+01    1.200668E+01    1.201656E+01    1.202868E+01    1.204203E+01    1.205477E+01    1.206754E+01    1.208051E+01    1.209549E+01    1.211378E+01    1.213625E+01    1.216294E+01    1.219445E+01    1.222959E+01    1.227012E+01    1.231712E+01    1.237070E+01    1.243072E+01    1.249736E+01    1.257392E+01    1.266504E+01    1.276426E+01    1.286408E+01    1.297481E+01    1.309689E+01    1.323459E+01    1.338420E+01    1.353919E+01    1.372227E+01    1.000000E+30    1.000000E+30    1.000000E+30    1.000000E+30    1.000000E+30    1.000000E+30    1.000000E+30    1.000000E+30    1.000000E+30    1.000000E+30    1.000000E+30    1.000000E+30    1.000000E+30    1.000000E+30    1.000000E+30    1.000000E+30    1.000000E+30    1.000000E+30    1.000000E+30    1.000000E+30    1.000000E+30    1.000000E+30    1.000000E+30    1.000000E+30    1.000000E+30    1.000000E+30    1.000000E+30    1.000000E+30    1.000000E+30    1.000000E+30    1.000000E+30    1.000000E+30    1.000000E+30    1.000000E+30    1.000000E+30    1.000000E+30    1.000000E+30    1.000000E+30    1.000000E+30    1.000000E+30    1.000000E+30    1.000000E+30    1.000000E+30    1.000000E+30    1.000000E+30    1.000000E+30    1.000000E+30    1.000000E+30    1.000000E+30    1.000000E+30    1.000000E+30    1.000000E+30
   1.000000E+30    1.424814E+01    1.414471E+01    1.404576E+01    1.395093E+01    1.385989E+01    1.377242E+01    1.368801E+01    1.360641E+01    1.352814E+01    1.345322E+01    1.338140E+01    1.331280E+01    1.324752E+01    1.318540E+01    1.312631E+01    1.307041E+01    1.301751E+01    1.296699E+01    1.291854E+01    1.287225E+01    1.282831E+01    1.278606E+01    1.274495E+01    1.270513E+01    1.266699E+01    1.263050E+01    1.259552E+01    1.256206E+01    1.253009E+01    1.249950E+01    1.247035E+01    1.244258E+01    1.241609E+01    1.239092E+01    1.236696E+01    1.234418E+01    1.232261E+01    1.230224E+01    1.228306E+01    1.226532E+01    1.224862E+01    1.223299E+01    1.221877E+01    1.220701E+01    1.219705E+01    1.218780E+01    1.217891E+01    1.217037E+01    1.216206E+01    1.215386E+01    1.214594E+01    1.213833E+01    1.213107E+01    1.212430E+01    1.211810E+01    1.211189E+01    1.210605E+01    1.210117E+01    1.209686E+01    1.209306E+01    1.208968E+01    1.208660E+01    1.208373E+01    1.208117E+01    1.207953E+01    1.207836E+01    1.207959E+01    1.208276E+01    1.208844E+01    1.209669E+01    1.210634E+01    1.211681E+01    1.212726E+01    1.213654E+01    1.214675E+01    1.215794E+01    1.217054E+01    1.218468E+01    1.220161E+01    1.222206E+01    1.224653E+01    1.227524E+01    1.230882E+01    1.234805E+01    1.239238E+01    1.244234E+01    1.249857E+01    1.256164E+01    1.263373E+01    1.272108E+01    1.281786E+01    1.291402E+01    1.302140E+01    1.313973E+01    1.327304E+01    1.342041E+01    1.357350E+01    1.375428E+01    1.000000E+30    1.000000E+30    1.000000E+30    1.000000E+30    1.000000E+30    1.000000E+30    1.000000E+30    1.000000E+30    1.000000E+30    1.000000E+30    1.000000E+30    1.000000E+30    1.000000E+30    1.000000E+30    1.000000E+30    1.000000E+30    1.000000E+30    1.000000E+30    1.000000E+30    1.000000E+30    1.000000E+30    1.000000E+30    1.000000E+30    1.000000E+30    1.000000E+30    1.000000E+30    1.000000E+30    1.000000E+30    1.000000E+30    1.000000E+30    1.000000E+30    1.000000E+30    1.000000E+30    1.000000E+30    1.000000E+30    1.000000E+30    1.000000E+30    1.000000E+30    1.000000E+30    1.000000E+30    1.000000E+30    1.000000E+30    1.000000E+30    1.000000E+30    1.000000E+30    1.000000E+30    1.000000E+30    1.000000E+30    1.000000E+30    1.000000E+30    1.000000E+30    1.000000E+30
   1.000000E+30    1.425006E+01    1.414689E+01    1.404804E+01    1.395322E+01    1.386243E+01    1.377535E+01    1.369152E+01    1.361069E+01    1.353317E+01    1.345886E+01    1.338757E+01    1.331964E+01    1.325520E+01    1.319399E+01    1.313578E+01    1.308081E+01    1.302902E+01    1.297979E+01    1.293267E+01    1.288755E+01    1.284488E+01    1.280410E+01    1.276454E+01    1.272630E+01    1.268971E+01    1.265486E+01    1.262164E+01    1.258995E+01    1.255983E+01    1.253113E+01    1.250390E+01    1.247795E+01    1.245334E+01    1.243015E+01    1.240836E+01    1.238785E+01    1.236864E+01    1.235066E+01    1.233371E+01    1.231807E+01    1.230371E+01    1.229064E+01    1.227840E+01    1.226744E+01    1.225861E+01    1.225110E+01    1.224404E+01    1.223721E+01    1.223018E+01    1.222330E+01    1.221693E+01    1.221092E+01    1.220504E+01    1.219998E+01    1.219519E+01    1.219015E+01    1.218580E+01    1.218167E+01    1.217850E+01    1.217644E+01    1.217436E+01    1.217246E+01    1.217071E+01    1.217018E+01    1.217188E+01    1.217584E+01    1.218159E+01    1.218775E+01    1.219471E+01    1.220127E+01    1.220773E+01    1.221548E+01    1.222396E+01    1.223292E+01    1.224319E+01    1.225392E+01    1.226541E+01    1.227873E+01    1.229442E+01    1.231311E+01    1.233555E+01    1.236228E+01    1.239355E+01    1.242959E+01    1.247012E+01    1.251580E+01    1.256766E+01    1.262594E+01    1.269390E+01    1.277846E+01    1.287167E+01    1.296372E+01    1.306709E+01    1.318082E+01    1.330779E+01    1.345081E+01    1.360201E+01    1.377610E+01    1.399221E+01    1.000000E+30    1.000000E+30    1.000000E+30    1.000000E+30    1.000000E+30    1.000000E+30    1.000000E+30    1.000000E+30    1.000000E+30    1.000000E+30    1.000000E+30    1.000000E+30    1.000000E+30    1.000000E+30    1.000000E+30    1.000000E+30    1.000000E+30    1.000000E+30    1.000000E+30    1.000000E+30    1.000000E+30    1.000000E+30    1.000000E+30    1.000000E+30    1.000000E+30    1.000000E+30    1.000000E+30    1.000000E+30    1.000000E+30    1.000000E+30    1.000000E+30    1.000000E+30    1.000000E+30    1.000000E+30    1.000000E+30    1.000000E+30    1.000000E+30    1.000000E+30    1.000000E+30    1.000000E+30    1.000000E+30    1.000000E+30    1.000000E+30    1.000000E+30    1.000000E+30    1.000000E+30    1.000000E+30    1.000000E+30    1.000000E+30    1.000000E+30    1.000000E+30
   1.000000E+30    1.425378E+01    1.415097E+01    1.405222E+01    1.395738E+01    1.386676E+01    1.378002E+01    1.369669E+01    1.361671E+01    1.354010E+01    1.346647E+01    1.339579E+01    1.332859E+01    1.326497E+01    1.320465E+01    1.314738E+01    1.309331E+01    1.304256E+01    1.299470E+01    1.294901E+01    1.290514E+01    1.286380E+01    1.282448E+01    1.278647E+01    1.274995E+01    1.271503E+01    1.268189E+01    1.265042E+01    1.262057E+01    1.259234E+01    1.256562E+01    1.254048E+01    1.251654E+01    1.249412E+01    1.247321E+01    1.245381E+01    1.243575E+01    1.241910E+01    1.240377E+01    1.238958E+01    1.237640E+01    1.236437E+01    1.235393E+01    1.234477E+01    1.233571E+01    1.232813E+01    1.232195E+01    1.231686E+01    1.231242E+01    1.230706E+01    1.230193E+01    1.229763E+01    1.229382E+01    1.229020E+01    1.228724E+01    1.228417E+01    1.228090E+01    1.227795E+01    1.227454E+01    1.227164E+01    1.227062E+01    1.226957E+01    1.227006E+01    1.227284E+01    1.227842E+01    1.228429E+01    1.229073E+01    1.229552E+01    1.229901E+01    1.230100E+01    1.230399E+01    1.230964E+01    1.231738E+01    1.232553E+01    1.233474E+01    1.234455E+01    1.235399E+01    1.236505E+01    1.237794E+01    1.239262E+01    1.240948E+01    1.242928E+01    1.245357E+01    1.248205E+01    1.251433E+01    1.255043E+01    1.259140E+01    1.263741E+01    1.269080E+01    1.275721E+01    1.283904E+01    1.292622E+01    1.301363E+01    1.311239E+01    1.322059E+01    1.333957E+01    1.347713E+01    1.362551E+01    1.379025E+01    1.400019E+01    1.000000E+30    1.000000E+30    1.000000E+30    1.000000E+30    1.000000E+30    1.000000E+30    1.000000E+30    1.000000E+30    1.000000E+30    1.000000E+30    1.000000E+30    1.000000E+30    1.000000E+30    1.000000E+30    1.000000E+30    1.000000E+30    1.000000E+30    1.000000E+30    1.000000E+30    1.000000E+30    1.000000E+30    1.000000E+30    1.000000E+30    1.000000E+30    1.000000E+30    1.000000E+30    1.000000E+30    1.000000E+30    1.000000E+30    1.000000E+30    1.000000E+30    1.000000E+30    1.000000E+30    1.000000E+30    1.000000E+30    1.000000E+30    1.000000E+30    1.000000E+30    1.000000E+30    1.000000E+30    1.000000E+30    1.000000E+30    1.000000E+30    1.000000E+30    1.000000E+30    1.000000E+30    1.000000E+30    1.000000E+30    1.000000E+30    1.000000E+30    1.000000E+30
   1.000000E+30    1.425953E+01    1.415693E+01    1.405824E+01    1.396347E+01    1.387304E+01    1.378658E+01    1.370371E+01    1.362459E+01    1.354892E+01    1.347606E+01    1.340617E+01    1.333974E+01    1.327682E+01    1.321739E+01    1.316127E+01    1.310819E+01    1.305838E+01    1.301182E+01    1.296765E+01    1.292537E+01    1.288545E+01    1.284757E+01    1.281113E+01    1.277632E+01    1.274319E+01    1.271187E+01    1.268230E+01    1.265439E+01    1.262814E+01    1.260357E+01    1.258059E+01    1.255892E+01    1.253887E+01    1.252048E+01    1.250368E+01    1.248834E+01    1.247450E+01    1.246190E+01    1.245065E+01    1.244045E+01    1.243138E+01    1.242390E+01    1.241826E+01    1.241283E+01    1.240785E+01    1.240326E+01    1.239957E+01    1.239663E+01    1.239363E+01    1.239128E+01    1.238974E+01    1.238825E+01    1.238701E+01    1.238552E+01    1.238414E+01    1.238317E+01    1.238185E+01    1.238089E+01    1.237995E+01    1.238001E+01    1.238251E+01    1.238756E+01    1.239426E+01    1.240050E+01    1.240447E+01    1.240660E+01    1.240748E+01    1.240916E+01    1.241175E+01    1.241572E+01    1.242088E+01    1.242671E+01    1.243348E+01    1.244188E+01    1.244981E+01    1.245842E+01    1.246937E+01    1.248122E+01    1.249482E+01    1.250991E+01    1.252760E+01    1.254884E+01    1.257376E+01    1.260195E+01    1.263363E+01    1.266973E+01    1.271043E+01    1.276419E+01    1.282943E+01    1.290440E+01    1.298236E+01    1.306444E+01    1.315806E+01    1.325978E+01    1.337001E+01    1.350018E+01    1.364418E+01    1.380044E+01    1.400374E+01    1.000000E+30    1.000000E+30    1.000000E+30    1.000000E+30    1.000000E+30    1.000000E+30    1.000000E+30    1.000000E+30    1.000000E+30    1.000000E+30    1.000000E+30    1.000000E+30    1.000000E+30    1.000000E+30    1.000000E+30    1.000000E+30    1.000000E+30    1.000000E+30    1.000000E+30    1.000000E+30    1.000000E+30    1.000000E+30    1.000000E+30    1.000000E+30    1.000000E+30    1.000000E+30    1.000000E+30    1.000000E+30    1.000000E+30    1.000000E+30    1.000000E+30    1.000000E+30    1.000000E+30    1.000000E+30    1.000000E+30    1.000000E+30    1.000000E+30    1.000000E+30    1.000000E+30    1.000000E+30    1.000000E+30    1.000000E+30    1.000000E+30    1.000000E+30    1.000000E+30    1.000000E+30    1.000000E+30    1.000000E+30    1.000000E+30    1.000000E+30    1.000000E+30
   1.000000E+30    1.426752E+01    1.416485E+01    1.406620E+01    1.397160E+01    1.388136E+01    1.379522E+01    1.371286E+01    1.363453E+01    1.355969E+01    1.348769E+01    1.341876E+01    1.335319E+01    1.329104E+01    1.323245E+01    1.317741E+01    1.312554E+01    1.307677E+01    1.303141E+01    1.298868E+01    1.294810E+01    1.290981E+01    1.287350E+01    1.283875E+01    1.280574E+01    1.277444E+01    1.274505E+01    1.271753E+01    1.269173E+01    1.266767E+01    1.264545E+01    1.262472E+01    1.260562E+01    1.258814E+01    1.257246E+01    1.255850E+01    1.254615E+01    1.253524E+01    1.252561E+01    1.251740E+01    1.251067E+01    1.250510E+01    1.250090E+01    1.249859E+01    1.249707E+01    1.249580E+01    1.249487E+01    1.249411E+01    1.249341E+01    1.249443E+01    1.249665E+01    1.249890E+01    1.250030E+01    1.250139E+01    1.250202E+01    1.250224E+01    1.250302E+01    1.250398E+01    1.250548E+01    1.250750E+01    1.250930E+01    1.251313E+01    1.251677E+01    1.251953E+01    1.252065E+01    1.252227E+01    1.252487E+01    1.252774E+01    1.253081E+01    1.253419E+01    1.253740E+01    1.254020E+01    1.254366E+01    1.254876E+01    1.255424E+01    1.256005E+01    1.256788E+01    1.257660E+01    1.258662E+01    1.259885E+01    1.261289E+01    1.262946E+01    1.264822E+01    1.266888E+01    1.269316E+01    1.272115E+01    1.275352E+01    1.279346E+01    1.284827E+01    1.290869E+01    1.297466E+01    1.304296E+01    1.311856E+01    1.320524E+01    1.329850E+01    1.339948E+01    1.351972E+01    1.365636E+01    1.380480E+01    1.399741E+01    1.000000E+30    1.000000E+30    1.000000E+30    1.000000E+30    1.000000E+30    1.000000E+30    1.000000E+30    1.000000E+30    1.000000E+30    1.000000E+30    1.000000E+30    1.000000E+30    1.000000E+30    1.000000E+30    1.000000E+30    1.000000E+30    1.000000E+30    1.000000E+30    1.000000E+30    1.000000E+30    1.000000E+30    1.000000E+30    1.000000E+30    1.000000E+30    1.000000E+30    1.000000E+30    1.000000E+30    1.000000E+30    1.000000E+30    1.000000E+30    1.000000E+30    1.000000E+30    1.000000E+30    1.000000E+30    1.000000E+30    1.000000E+30    1.000000E+30    1.000000E+30    1.000000E+30    1.000000E+30    1.000000E+30    1.000000E+30    1.000000E+30    1.000000E+30    1.000000E+30    1.000000E+30    1.000000E+30    1.000000E+30    1.000000E+30    1.000000E+30    1.000000E+30
   1.000000E+30    1.427768E+01    1.417491E+01    1.407631E+01    1.398188E+01    1.389186E+01    1.380613E+01    1.372434E+01    1.364662E+01    1.357259E+01    1.350156E+01    1.343370E+01    1.336912E+01    1.330783E+01    1.325014E+01    1.319617E+01    1.314554E+01    1.309792E+01    1.305374E+01    1.301249E+01    1.297357E+01    1.293695E+01    1.290232E+01    1.286943E+01    1.283838E+01    1.280907E+01    1.278173E+01    1.275636E+01    1.273284E+01    1.271121E+01    1.269150E+01    1.267326E+01    1.265695E+01    1.264239E+01    1.262972E+01    1.261887E+01    1.260976E+01    1.260202E+01    1.259575E+01    1.259080E+01    1.258725E+01    1.258702E+01    1.259004E+01    1.259331E+01    1.259654E+01    1.259957E+01    1.260308E+01    1.260641E+01    1.260912E+01    1.261266E+01    1.261669E+01    1.261965E+01    1.262255E+01    1.262565E+01    1.262863E+01    1.263127E+01    1.263428E+01    1.263795E+01    1.264195E+01    1.264595E+01    1.264939E+01    1.265164E+01    1.265282E+01    1.265438E+01    1.265626E+01    1.265863E+01    1.266125E+01    1.266382E+01    1.266589E+01    1.266747E+01    1.266829E+01    1.266851E+01    1.266830E+01    1.267072E+01    1.267318E+01    1.267688E+01    1.268143E+01    1.268668E+01    1.269422E+01    1.270462E+01    1.271783E+01    1.273316E+01    1.275080E+01    1.276873E+01    1.278933E+01    1.281394E+01    1.284263E+01    1.288356E+01    1.293631E+01    1.299143E+01    1.304760E+01    1.310600E+01    1.317207E+01    1.324959E+01    1.333482E+01    1.342677E+01    1.353551E+01    1.366189E+01    1.380023E+01    1.397556E+01    1.000000E+30    1.000000E+30    1.000000E+30    1.000000E+30    1.000000E+30    1.000000E+30    1.000000E+30    1.000000E+30    1.000000E+30    1.000000E+30    1.000000E+30    1.000000E+30    1.000000E+30    1.000000E+30    1.000000E+30    1.000000E+30    1.000000E+30    1.000000E+30    1.000000E+30    1.000000E+30    1.000000E+30    1.000000E+30    1.000000E+30    1.000000E+30    1.000000E+30    1.000000E+30    1.000000E+30    1.000000E+30    1.000000E+30    1.000000E+30    1.000000E+30    1.000000E+30    1.000000E+30    1.000000E+30    1.000000E+30    1.000000E+30    1.000000E+30    1.000000E+30    1.000000E+30    1.000000E+30    1.000000E+30    1.000000E+30    1.000000E+30    1.000000E+30    1.000000E+30    1.000000E+30    1.000000E+30    1.000000E+30    1.000000E+30    1.000000E+30    1.000000E+30
   1.000000E+30    1.429029E+01    1.418728E+01    1.408865E+01    1.399443E+01    1.390471E+01    1.381940E+01    1.373816E+01    1.366112E+01    1.358791E+01    1.351788E+01    1.345111E+01    1.338761E+01    1.332736E+01    1.327072E+01    1.321784E+01    1.316845E+01    1.312206E+01    1.307896E+01    1.303924E+01    1.300213E+01    1.296723E+01    1.293435E+01    1.290337E+01    1.287436E+01    1.284723E+01    1.282208E+01    1.279902E+01    1.277804E+01    1.275901E+01    1.274210E+01    1.272685E+01    1.271359E+01    1.270224E+01    1.269291E+01    1.268549E+01    1.267989E+01    1.267584E+01    1.267287E+01    1.267178E+01    1.267571E+01    1.268466E+01    1.269470E+01    1.270274E+01    1.270972E+01    1.271542E+01    1.272091E+01    1.272602E+01    1.272987E+01    1.273342E+01    1.273747E+01    1.274235E+01    1.274837E+01    1.275491E+01    1.276138E+01    1.276831E+01    1.277564E+01    1.278317E+01    1.279041E+01    1.279731E+01    1.280327E+01    1.280893E+01    1.281372E+01    1.281739E+01    1.282023E+01    1.282238E+01    1.282401E+01    1.282499E+01    1.282516E+01    1.282430E+01    1.282227E+01    1.281928E+01    1.281419E+01    1.280889E+01    1.280434E+01    1.280070E+01    1.279896E+01    1.280077E+01    1.280562E+01    1.281366E+01    1.282521E+01    1.283914E+01    1.285595E+01    1.287277E+01    1.288955E+01    1.291162E+01    1.293790E+01    1.297889E+01    1.302493E+01    1.306901E+01    1.311463E+01    1.316546E+01    1.322493E+01    1.329411E+01    1.337014E+01    1.345221E+01    1.354786E+01    1.366121E+01    1.378553E+01    1.392923E+01    1.410402E+01    1.000000E+30    1.000000E+30    1.000000E+30    1.000000E+30    1.000000E+30    1.000000E+30    1.000000E+30    1.000000E+30    1.000000E+30    1.000000E+30    1.000000E+30    1.000000E+30    1.000000E+30    1.000000E+30    1.000000E+30    1.000000E+30    1.000000E+30    1.000000E+30    1.000000E+30    1.000000E+30    1.000000E+30    1.000000E+30    1.000000E+30    1.000000E+30    1.000000E+30    1.000000E+30    1.000000E+30    1.000000E+30    1.000000E+30    1.000000E+30    1.000000E+30    1.000000E+30    1.000000E+30    1.000000E+30    1.000000E+30    1.000000E+30    1.000000E+30    1.000000E+30    1.000000E+30    1.000000E+30    1.000000E+30    1.000000E+30    1.000000E+30    1.000000E+30    1.000000E+30    1.000000E+30    1.000000E+30    1.000000E+30    1.000000E+30    1.000000E+30
   1.000000E+30    1.430546E+01    1.420219E+01    1.410351E+01    1.400951E+01    1.392012E+01    1.383523E+01    1.375459E+01    1.367824E+01    1.360584E+01    1.353686E+01    1.347116E+01    1.340876E+01    1.334972E+01    1.329433E+01    1.324267E+01    1.319452E+01    1.314952E+01    1.310770E+01    1.306924E+01    1.303388E+01    1.300082E+01    1.296988E+01    1.294101E+01    1.291418E+01    1.288934E+01    1.286657E+01    1.284604E+01    1.282777E+01    1.281155E+01    1.279766E+01    1.278582E+01    1.277607E+01    1.276834E+01    1.276282E+01    1.275928E+01    1.275754E+01    1.275711E+01    1.275917E+01    1.276745E+01    1.278139E+01    1.279478E+01    1.280414E+01    1.281264E+01    1.282135E+01    1.282931E+01    1.283718E+01    1.284535E+01    1.285494E+01    1.286526E+01    1.287606E+01    1.288815E+01    1.290035E+01    1.291215E+01    1.292360E+01    1.293515E+01    1.294635E+01    1.295665E+01    1.296630E+01    1.297495E+01    1.298299E+01    1.299019E+01    1.299631E+01    1.300126E+01    1.300513E+01    1.300793E+01    1.300970E+01    1.301034E+01    1.300965E+01    1.300740E+01    1.300335E+01    1.299721E+01    1.298823E+01    1.297528E+01    1.296233E+01    1.294962E+01    1.293942E+01    1.293212E+01    1.292842E+01    1.292872E+01    1.293545E+01    1.294663E+01    1.296060E+01    1.297674E+01    1.299421E+01    1.301521E+01    1.304070E+01    1.307485E+01    1.310970E+01    1.314455E+01    1.318357E+01    1.322817E+01    1.328026E+01    1.333981E+01    1.340585E+01    1.347733E+01    1.355904E+01    1.365681E+01    1.376661E+01    1.389067E+01    1.406234E+01    1.000000E+30    1.000000E+30    1.000000E+30    1.000000E+30    1.000000E+30    1.000000E+30    1.000000E+30    1.000000E+30    1.000000E+30    1.000000E+30    1.000000E+30    1.000000E+30    1.000000E+30    1.000000E+30    1.000000E+30    1.000000E+30    1.000000E+30    1.000000E+30    1.000000E+30    1.000000E+30    1.000000E+30    1.000000E+30    1.000000E+30    1.000000E+30    1.000000E+30    1.000000E+30    1.000000E+30    1.000000E+30    1.000000E+30    1.000000E+30    1.000000E+30    1.000000E+30    1.000000E+30    1.000000E+30    1.000000E+30    1.000000E+30    1.000000E+30    1.000000E+30    1.000000E+30    1.000000E+30    1.000000E+30    1.000000E+30    1.000000E+30    1.000000E+30    1.000000E+30    1.000000E+30    1.000000E+30    1.000000E+30    1.000000E+30    1.000000E+30
   1.000000E+30    1.432342E+01    1.421987E+01    1.412115E+01    1.402740E+01    1.393836E+01    1.385382E+01    1.377377E+01    1.369815E+01    1.362658E+01    1.355858E+01    1.349408E+01    1.343294E+01    1.337518E+01    1.332111E+01    1.327083E+01    1.322410E+01    1.318063E+01    1.314038E+01    1.310321E+01    1.306938E+01    1.303819E+01    1.300930E+01    1.298268E+01    1.295823E+01    1.293591E+01    1.291582E+01    1.289804E+01    1.288264E+01    1.286955E+01    1.285892E+01    1.285075E+01    1.284482E+01    1.284116E+01    1.283996E+01    1.284064E+01    1.284296E+01    1.284927E+01    1.286257E+01    1.288047E+01    1.289630E+01    1.290894E+01    1.292059E+01    1.293259E+01    1.294548E+01    1.295954E+01    1.297489E+01    1.299093E+01    1.300874E+01    1.302699E+01    1.304450E+01    1.306089E+01    1.307656E+01    1.309145E+01    1.310566E+01    1.311947E+01    1.313291E+01    1.314596E+01    1.315789E+01    1.316892E+01    1.317889E+01    1.318760E+01    1.319493E+01    1.320086E+01    1.320540E+01    1.320858E+01    1.321034E+01    1.321057E+01    1.320905E+01    1.320549E+01    1.319956E+01    1.319088E+01    1.317902E+01    1.316384E+01    1.314649E+01    1.312801E+01    1.310962E+01    1.309115E+01    1.307567E+01    1.306433E+01    1.305938E+01    1.306173E+01    1.307193E+01    1.308780E+01    1.310621E+01    1.312381E+01    1.314543E+01    1.316866E+01    1.319404E+01    1.322260E+01    1.325562E+01    1.329407E+01    1.333804E+01    1.338769E+01    1.344339E+01    1.350375E+01    1.357112E+01    1.365045E+01    1.374036E+01    1.383964E+01    1.398138E+01    1.000000E+30    1.000000E+30    1.000000E+30    1.000000E+30    1.000000E+30    1.000000E+30    1.000000E+30    1.000000E+30    1.000000E+30    1.000000E+30    1.000000E+30    1.000000E+30    1.000000E+30    1.000000E+30    1.000000E+30    1.000000E+30    1.000000E+30    1.000000E+30    1.000000E+30    1.000000E+30    1.000000E+30    1.000000E+30    1.000000E+30    1.000000E+30    1.000000E+30    1.000000E+30    1.000000E+30    1.000000E+30    1.000000E+30    1.000000E+30    1.000000E+30    1.000000E+30    1.000000E+30    1.000000E+30    1.000000E+30    1.000000E+30    1.000000E+30    1.000000E+30    1.000000E+30    1.000000E+30    1.000000E+30    1.000000E+30    1.000000E+30    1.000000E+30    1.000000E+30    1.000000E+30    1.000000E+30    1.000000E+30    1.000000E+30    1.000000E+30
   1.000000E+30    1.434443E+01    1.424062E+01    1.414201E+01    1.404848E+01    1.395971E+01    1.387545E+01    1.379594E+01    1.372104E+01    1.365032E+01    1.358341E+01    1.352012E+01    1.346030E+01    1.340393E+01    1.335130E+01    1.330247E+01    1.325727E+01    1.321554E+01    1.317706E+01    1.314166E+01    1.310946E+01    1.308015E+01    1.305342E+01    1.302914E+01    1.300718E+01    1.298768E+01    1.297047E+01    1.295565E+01    1.294347E+01    1.293380E+01    1.292682E+01    1.292267E+01    1.292094E+01    1.292180E+01    1.292542E+01    1.293107E+01    1.294259E+01    1.296060E+01    1.298193E+01    1.300061E+01    1.301801E+01    1.303532E+01    1.305360E+01    1.307293E+01    1.309345E+01    1.311615E+01    1.313996E+01    1.316356E+01    1.318582E+01    1.320748E+01    1.322854E+01    1.324885E+01    1.326804E+01    1.328592E+01    1.330269E+01    1.331883E+01    1.333506E+01    1.335123E+01    1.336636E+01    1.337991E+01    1.339168E+01    1.340166E+01    1.340990E+01    1.341648E+01    1.342144E+01    1.342480E+01    1.342647E+01    1.342631E+01    1.342406E+01    1.341938E+01    1.341185E+01    1.340097E+01    1.338626E+01    1.336737E+01    1.334446E+01    1.331843E+01    1.329216E+01    1.326658E+01    1.324349E+01    1.322375E+01    1.320708E+01    1.319791E+01    1.320001E+01    1.321112E+01    1.322461E+01    1.323629E+01    1.324933E+01    1.326429E+01    1.328228E+01    1.330448E+01    1.333150E+01    1.336326E+01    1.339882E+01    1.343902E+01    1.348412E+01    1.353336E+01    1.358665E+01    1.364673E+01    1.371240E+01    1.377514E+01    1.382897E+01    1.000000E+30    1.000000E+30    1.000000E+30    1.000000E+30    1.000000E+30    1.000000E+30    1.000000E+30    1.000000E+30    1.000000E+30    1.000000E+30    1.000000E+30    1.000000E+30    1.000000E+30    1.000000E+30    1.000000E+30    1.000000E+30    1.000000E+30    1.000000E+30    1.000000E+30    1.000000E+30    1.000000E+30    1.000000E+30    1.000000E+30    1.000000E+30    1.000000E+30    1.000000E+30    1.000000E+30    1.000000E+30    1.000000E+30    1.000000E+30    1.000000E+30    1.000000E+30    1.000000E+30    1.000000E+30    1.000000E+30    1.000000E+30    1.000000E+30    1.000000E+30    1.000000E+30    1.000000E+30    1.000000E+30    1.000000E+30    1.000000E+30    1.000000E+30    1.000000E+30    1.000000E+30    1.000000E+30    1.000000E+30    1.000000E+30    1.000000E+30
   1.000000E+30    1.436866E+01    1.426482E+01    1.416628E+01    1.407295E+01    1.398448E+01    1.390057E+01    1.382158E+01    1.374730E+01    1.367734E+01    1.361155E+01    1.354964E+01    1.349125E+01    1.343634E+01    1.338523E+01    1.333796E+01    1.329434E+01    1.325438E+01    1.321785E+01    1.318453E+01    1.315441E+01    1.312724E+01    1.310292E+01    1.308127E+01    1.306211E+01    1.304551E+01    1.303131E+01    1.301978E+01    1.301108E+01    1.300513E+01    1.300213E+01    1.300216E+01    1.300530E+01    1.301098E+01    1.302237E+01    1.303895E+01    1.306257E+01    1.308807E+01    1.311209E+01    1.313643E+01    1.316094E+01    1.318630E+01    1.321318E+01    1.324083E+01    1.326882E+01    1.329720E+01    1.332519E+01    1.335235E+01    1.337826E+01    1.340329E+01    1.342802E+01    1.345263E+01    1.347551E+01    1.349624E+01    1.351521E+01    1.353351E+01    1.355233E+01    1.357371E+01    1.359256E+01    1.360848E+01    1.362171E+01    1.363264E+01    1.364152E+01    1.364854E+01    1.365376E+01    1.365720E+01    1.365877E+01    1.365831E+01    1.365552E+01    1.365001E+01    1.364126E+01    1.362863E+01    1.361129E+01    1.358824E+01    1.355839E+01    1.352178E+01    1.348669E+01    1.345221E+01    1.342072E+01    1.339294E+01    1.336899E+01    1.335013E+01    1.333743E+01    1.333806E+01    1.334603E+01    1.335234E+01    1.335745E+01    1.336476E+01    1.337539E+01    1.339117E+01    1.341136E+01    1.343567E+01    1.346337E+01    1.349452E+01    1.352951E+01    1.356810E+01    1.360855E+01    1.365208E+01    1.369722E+01    1.373594E+01    1.375939E+01    1.000000E+30    1.000000E+30    1.000000E+30    1.000000E+30    1.000000E+30    1.000000E+30    1.000000E+30    1.000000E+30    1.000000E+30    1.000000E+30    1.000000E+30    1.000000E+30    1.000000E+30    1.000000E+30    1.000000E+30    1.000000E+30    1.000000E+30    1.000000E+30    1.000000E+30    1.000000E+30    1.000000E+30    1.000000E+30    1.000000E+30    1.000000E+30    1.000000E+30    1.000000E+30    1.000000E+30    1.000000E+30    1.000000E+30    1.000000E+30    1.000000E+30    1.000000E+30    1.000000E+30    1.000000E+30    1.000000E+30    1.000000E+30    1.000000E+30    1.000000E+30    1.000000E+30    1.000000E+30    1.000000E+30    1.000000E+30    1.000000E+30    1.000000E+30    1.000000E+30    1.000000E+30    1.000000E+30    1.000000E+30    1.000000E+30    1.000000E+30
   1.000000E+30    1.439618E+01    1.429267E+01    1.419439E+01    1.410124E+01    1.401293E+01    1.392933E+01    1.385088E+01    1.377722E+01    1.370799E+01    1.364336E+01    1.358294E+01    1.352603E+01    1.347272E+01    1.342331E+01    1.337776E+01    1.333589E+01    1.329776E+01    1.326329E+01    1.323230E+01    1.320436E+01    1.317964E+01    1.315813E+01    1.313965E+01    1.312359E+01    1.310996E+01    1.309908E+01    1.309106E+01    1.308607E+01    1.308419E+01    1.308527E+01    1.308954E+01    1.310019E+01    1.311670E+01    1.314013E+01    1.316989E+01    1.320081E+01    1.323245E+01    1.326513E+01    1.329862E+01    1.333260E+01    1.336611E+01    1.339857E+01    1.343039E+01    1.346199E+01    1.349400E+01    1.352649E+01    1.355754E+01    1.358664E+01    1.361447E+01    1.364264E+01    1.367319E+01    1.370022E+01    1.372356E+01    1.374419E+01    1.376317E+01    1.378368E+01    1.381535E+01    1.383805E+01    1.385564E+01    1.386973E+01    1.388118E+01    1.389041E+01    1.389765E+01    1.390301E+01    1.390649E+01    1.390801E+01    1.390738E+01    1.390430E+01    1.389835E+01    1.388893E+01    1.387526E+01    1.385617E+01    1.382975E+01    1.379248E+01    1.373683E+01    1.369372E+01    1.364797E+01    1.360736E+01    1.357146E+01    1.353906E+01    1.351032E+01    1.348498E+01    1.347055E+01    1.346932E+01    1.347049E+01    1.347014E+01    1.346996E+01    1.347333E+01    1.348196E+01    1.349481E+01    1.351186E+01    1.353210E+01    1.355499E+01    1.358079E+01    1.360955E+01    1.363904E+01    1.366953E+01    1.369973E+01    1.372342E+01    1.373453E+01    1.372839E+01    1.000000E+30    1.000000E+30    1.000000E+30    1.000000E+30    1.000000E+30    1.000000E+30    1.000000E+30    1.000000E+30    1.000000E+30    1.000000E+30    1.000000E+30    1.000000E+30    1.000000E+30    1.000000E+30    1.000000E+30    1.000000E+30    1.000000E+30    1.000000E+30    1.000000E+30    1.000000E+30    1.000000E+30    1.000000E+30    1.000000E+30    1.000000E+30    1.000000E+30    1.000000E+30    1.000000E+30    1.000000E+30    1.000000E+30    1.000000E+30    1.000000E+30    1.000000E+30    1.000000E+30    1.000000E+30    1.000000E+30    1.000000E+30    1.000000E+30    1.000000E+30    1.000000E+30    1.000000E+30    1.000000E+30    1.000000E+30    1.000000E+30    1.000000E+30    1.000000E+30    1.000000E+30    1.000000E+30    1.000000E+30    1.000000E+30
   1.000000E+30    1.442751E+01    1.432436E+01    1.422651E+01    1.413373E+01    1.404561E+01    1.396214E+01    1.388403E+01    1.381101E+01    1.374262E+01    1.367910E+01    1.362014E+01    1.356496E+01    1.351340E+01    1.346578E+01    1.342215E+01    1.338227E+01    1.334620E+01    1.331385E+01    1.328532E+01    1.325978E+01    1.323773E+01    1.321959E+01    1.320497E+01    1.319157E+01    1.318136E+01    1.317419E+01    1.316982E+01    1.316889E+01    1.317140E+01    1.317815E+01    1.319241E+01    1.321493E+01    1.324572E+01    1.328036E+01    1.331890E+01    1.335936E+01    1.340006E+01    1.344067E+01    1.348172E+01    1.352347E+01    1.356343E+01    1.360085E+01    1.363622E+01    1.367064E+01    1.370606E+01    1.374489E+01    1.378028E+01    1.381187E+01    1.384083E+01    1.387042E+01    1.391278E+01    1.394433E+01    1.396965E+01    1.399077E+01    1.400836E+01    1.402106E+01    1.000000E+30    1.000000E+30    1.000000E+30    1.000000E+30    1.000000E+30    1.000000E+30    1.000000E+30    1.000000E+30    1.000000E+30    1.000000E+30    1.000000E+30    1.000000E+30    1.000000E+30    1.000000E+30    1.000000E+30    1.000000E+30    1.000000E+30    1.000000E+30    1.395302E+01    1.391704E+01    1.385217E+01    1.380283E+01    1.376003E+01    1.371905E+01    1.368080E+01    1.364525E+01    1.361473E+01    1.360009E+01    1.359385E+01    1.358698E+01    1.358010E+01    1.357618E+01    1.357690E+01    1.358268E+01    1.359250E+01    1.360553E+01    1.362097E+01    1.363858E+01    1.365874E+01    1.367926E+01    1.369971E+01    1.371923E+01    1.373395E+01    1.374112E+01    1.373946E+01    1.000000E+30    1.000000E+30    1.000000E+30    1.000000E+30    1.000000E+30    1.000000E+30    1.000000E+30    1.000000E+30    1.000000E+30    1.000000E+30    1.000000E+30    1.000000E+30    1.000000E+30    1.000000E+30    1.000000E+30    1.000000E+30    1.000000E+30    1.000000E+30    1.000000E+30    1.000000E+30    1.000000E+30    1.000000E+30    1.000000E+30    1.000000E+30    1.000000E+30    1.000000E+30    1.000000E+30    1.000000E+30    1.000000E+30    1.000000E+30    1.000000E+30    1.000000E+30    1.000000E+30    1.000000E+30    1.000000E+30    1.000000E+30    1.000000E+30    1.000000E+30    1.000000E+30    1.000000E+30    1.000000E+30    1.000000E+30    1.000000E+30    1.000000E+30    1.000000E+30    1.000000E+30    1.000000E+30    1.000000E+30    1.000000E+30
   1.000000E+30    1.446303E+01    1.436015E+01    1.426267E+01    1.417048E+01    1.408294E+01    1.399988E+01    1.392178E+01    1.384905E+01    1.378159E+01    1.371919E+01    1.366158E+01    1.360816E+01    1.355861E+01    1.351305E+01    1.347151E+01    1.343379E+01    1.339994E+01    1.336992E+01    1.334390E+01    1.332097E+01    1.330157E+01    1.328608E+01    1.327445E+01    1.326527E+01    1.325964E+01    1.325672E+01    1.325645E+01    1.325982E+01    1.327020E+01    1.328878E+01    1.331692E+01    1.335078E+01    1.339078E+01    1.343583E+01    1.348465E+01    1.353592E+01    1.358566E+01    1.363343E+01    1.368146E+01    1.373326E+01    1.378018E+01    1.382189E+01    1.385952E+01    1.389467E+01    1.393103E+01    1.398291E+01    1.402297E+01    1.405581E+01    1.408266E+01    1.410145E+01    1.000000E+30    1.000000E+30    1.000000E+30    1.000000E+30    1.000000E+30    1.000000E+30    1.000000E+30    1.000000E+30    1.000000E+30    1.000000E+30    1.000000E+30    1.000000E+30    1.000000E+30    1.000000E+30    1.000000E+30    1.000000E+30    1.000000E+30    1.000000E+30    1.000000E+30    1.000000E+30    1.000000E+30    1.000000E+30    1.000000E+30    1.000000E+30    1.000000E+30    1.000000E+30    1.405490E+01    1.400584E+01    1.396082E+01    1.391035E+01    1.386267E+01    1.381597E+01    1.377229E+01    1.374127E+01    1.372376E+01    1.370896E+01    1.369544E+01    1.368409E+01    1.367709E+01    1.367543E+01    1.367807E+01    1.368397E+01    1.369266E+01    1.370338E+01    1.371618E+01    1.372947E+01    1.374222E+01    1.375393E+01    1.376286E+01    1.376775E+01    1.376697E+01    1.000000E+30    1.000000E+30    1.000000E+30    1.000000E+30    1.000000E+30    1.000000E+30    1.000000E+30    1.000000E+30    1.000000E+30    1.000000E+30    1.000000E+30    1.000000E+30    1.000000E+30    1.000000E+30    1.000000E+30    1.000000E+30    1.000000E+30    1.000000E+30    1.000000E+30    1.000000E+30    1.000000E+30    1.000000E+30    1.000000E+30    1.000000E+30    1.000000E+30    1.000000E+30    1.000000E+30    1.000000E+30    1.000000E+30    1.000000E+30    1.000000E+30    1.000000E+30    1.000000E+30    1.000000E+30    1.000000E+30    1.000000E+30    1.000000E+30    1.000000E+30    1.000000E+30    1.000000E+30    1.000000E+30    1.000000E+30    1.000000E+30    1.000000E+30    1.000000E+30    1.000000E+30    1.000000E+30    1.000000E+30    1.000000E+30
   1.000000E+30    1.450333E+01    1.440061E+01    1.430336E+01    1.421147E+01    1.412460E+01    1.404246E+01    1.396476E+01    1.389186E+01    1.382506E+01    1.376384E+01    1.370764E+01    1.365611E+01    1.360878E+01    1.356548E+01    1.352626E+01    1.349087E+01    1.345945E+01    1.343204E+01    1.340878E+01    1.338881E+01    1.337243E+01    1.335942E+01    1.335011E+01    1.334608E+01    1.334531E+01    1.334683E+01    1.335186E+01    1.336518E+01    1.338819E+01    1.341948E+01    1.345682E+01    1.350026E+01    1.355038E+01    1.360672E+01    1.366681E+01    1.373257E+01    1.379153E+01    1.384396E+01    1.389525E+01    1.396552E+01    1.401954E+01    1.406422E+01    1.410239E+01    1.413448E+01    1.415731E+01    1.000000E+30    1.000000E+30    1.000000E+30    1.000000E+30    1.000000E+30    1.000000E+30    1.000000E+30    1.000000E+30    1.000000E+30    1.000000E+30    1.000000E+30    1.000000E+30    1.000000E+30    1.000000E+30    1.000000E+30    1.000000E+30    1.000000E+30    1.000000E+30    1.000000E+30    1.000000E+30    1.000000E+30    1.000000E+30    1.000000E+30    1.000000E+30    1.000000E+30    1.000000E+30    1.000000E+30    1.000000E+30    1.000000E+30    1.000000E+30    1.000000E+30    1.000000E+30    1.421937E+01    1.418163E+01    1.411342E+01    1.405811E+01    1.399830E+01    1.394225E+01    1.389269E+01    1.386059E+01    1.383723E+01    1.381633E+01    1.379747E+01    1.378295E+01    1.377349E+01    1.376893E+01    1.376815E+01    1.377059E+01    1.377540E+01    1.378201E+01    1.378951E+01    1.379645E+01    1.380236E+01    1.380724E+01    1.381060E+01    1.381017E+01    1.000000E+30    1.000000E+30    1.000000E+30    1.000000E+30    1.000000E+30    1.000000E+30    1.000000E+30    1.000000E+30    1.000000E+30    1.000000E+30    1.000000E+30    1.000000E+30    1.000000E+30    1.000000E+30    1.000000E+30    1.000000E+30    1.000000E+30    1.000000E+30    1.000000E+30    1.000000E+30    1.000000E+30    1.000000E+30    1.000000E+30    1.000000E+30    1.000000E+30    1.000000E+30    1.000000E+30    1.000000E+30    1.000000E+30    1.000000E+30    1.000000E+30    1.000000E+30    1.000000E+30    1.000000E+30    1.000000E+30    1.000000E+30    1.000000E+30    1.000000E+30    1.000000E+30    1.000000E+30    1.000000E+30    1.000000E+30    1.000000E+30    1.000000E+30    1.000000E+30    1.000000E+30    1.000000E+30    1.000000E+30    1.000000E+30
   1.000000E+30    1.454913E+01    1.444658E+01    1.434948E+01    1.425769E+01    1.417119E+01    1.408982E+01    1.401300E+01    1.394042E+01    1.387364E+01    1.381326E+01    1.375863E+01    1.370896E+01    1.366403E+01    1.362327E+01    1.358664E+01    1.355371E+01    1.352502E+01    1.350053E+01    1.348016E+01    1.346358E+01    1.345106E+01    1.344240E+01    1.343736E+01    1.343684E+01    1.343991E+01    1.344696E+01    1.346368E+01    1.349113E+01    1.352498E+01    1.356500E+01    1.361093E+01    1.366304E+01    1.372346E+01    1.379333E+01    1.386253E+01    1.395498E+01    1.402271E+01    1.407422E+01    1.410852E+01    1.000000E+30    1.000000E+30    1.000000E+30    1.000000E+30    1.000000E+30    1.000000E+30    1.000000E+30    1.000000E+30    1.000000E+30    1.000000E+30    1.000000E+30    1.000000E+30    1.000000E+30    1.000000E+30    1.000000E+30    1.000000E+30    1.000000E+30    1.000000E+30    1.000000E+30    1.000000E+30    1.000000E+30    1.000000E+30    1.000000E+30    1.000000E+30    1.000000E+30    1.000000E+30    1.000000E+30    1.000000E+30    1.000000E+30    1.000000E+30    1.000000E+30    1.000000E+30    1.000000E+30    1.000000E+30    1.000000E+30    1.000000E+30    1.000000E+30    1.000000E+30    1.000000E+30    1.000000E+30    1.431866E+01    1.427317E+01    1.419202E+01    1.412538E+01    1.405522E+01    1.400541E+01    1.397218E+01    1.394281E+01    1.391649E+01    1.389415E+01    1.387714E+01    1.386551E+01    1.385882E+01    1.385550E+01    1.385481E+01    1.385619E+01    1.385902E+01    1.386151E+01    1.386303E+01    1.386492E+01    1.386696E+01    1.386671E+01    1.000000E+30    1.000000E+30    1.000000E+30    1.000000E+30    1.000000E+30    1.000000E+30    1.000000E+30    1.000000E+30    1.000000E+30    1.000000E+30    1.000000E+30    1.000000E+30    1.000000E+30    1.000000E+30    1.000000E+30    1.000000E+30    1.000000E+30    1.000000E+30    1.000000E+30    1.000000E+30    1.000000E+30    1.000000E+30    1.000000E+30    1.000000E+30    1.000000E+30    1.000000E+30    1.000000E+30    1.000000E+30    1.000000E+30    1.000000E+30    1.000000E+30    1.000000E+30    1.000000E+30    1.000000E+30    1.000000E+30    1.000000E+30    1.000000E+30    1.000000E+30    1.000000E+30    1.000000E+30    1.000000E+30    1.000000E+30    1.000000E+30    1.000000E+30    1.000000E+30    1.000000E+30    1.000000E+30    1.000000E+30    1.000000E+30
   1.000000E+30    1.460122E+01    1.449851E+01    1.440134E+01    1.431000E+01    1.422398E+01    1.414295E+01    1.406715E+01    1.399548E+01    1.392879E+01    1.386841E+01    1.381480E+01    1.376705E+01    1.372457E+01    1.368648E+01    1.365251E+01    1.362259E+01    1.359688E+01    1.357575E+01    1.355864E+01    1.354578E+01    1.353749E+01    1.353353E+01    1.353316E+01    1.353689E+01    1.354582E+01    1.356530E+01    1.359673E+01    1.363409E+01    1.367717E+01    1.372559E+01    1.377941E+01    1.383781E+01    1.390718E+01    1.400047E+01    1.405468E+01    1.000000E+30    1.000000E+30    1.000000E+30    1.000000E+30    1.000000E+30    1.000000E+30    1.000000E+30    1.000000E+30    1.000000E+30    1.000000E+30    1.000000E+30    1.000000E+30    1.000000E+30    1.000000E+30    1.000000E+30    1.000000E+30    1.000000E+30    1.000000E+30    1.000000E+30    1.000000E+30    1.000000E+30    1.000000E+30    1.000000E+30    1.000000E+30    1.000000E+30    1.000000E+30    1.000000E+30    1.000000E+30    1.000000E+30    1.000000E+30    1.000000E+30    1.000000E+30    1.000000E+30    1.000000E+30    1.000000E+30    1.000000E+30    1.000000E+30    1.000000E+30    1.000000E+30    1.000000E+30    1.000000E+30    1.000000E+30    1.000000E+30    1.000000E+30    1.000000E+30    1.000000E+30    1.438689E+01    1.433161E+01    1.423298E+01    1.416256E+01    1.411164E+01    1.407361E+01    1.403991E+01    1.401066E+01    1.398653E+01    1.396822E+01    1.395585E+01    1.394747E+01    1.394164E+01    1.393858E+01    1.393761E+01    1.393664E+01    1.393492E+01    1.393458E+01    1.393545E+01    1.393564E+01    1.000000E+30    1.000000E+30    1.000000E+30    1.000000E+30    1.000000E+30    1.000000E+30    1.000000E+30    1.000000E+30    1.000000E+30    1.000000E+30    1.000000E+30    1.000000E+30    1.000000E+30    1.000000E+30    1.000000E+30    1.000000E+30    1.000000E+30    1.000000E+30    1.000000E+30    1.000000E+30    1.000000E+30    1.000000E+30    1.000000E+30    1.000000E+30    1.000000E+30    1.000000E+30    1.000000E+30    1.000000E+30    1.000000E+30    1.000000E+30    1.000000E+30    1.000000E+30    1.000000E+30    1.000000E+30    1.000000E+30    1.000000E+30    1.000000E+30    1.000000E+30    1.000000E+30    1.000000E+30    1.000000E+30    1.000000E+30    1.000000E+30    1.000000E+30    1.000000E+30    1.000000E+30    1.000000E+30    1.000000E+30    1.000000E+30
   1.000000E+30    1.466073E+01    1.455803E+01    1.446073E+01    1.436924E+01    1.428362E+01    1.420341E+01    1.412800E+01    1.405747E+01    1.399230E+01    1.393176E+01    1.387824E+01    1.383198E+01    1.379175E+01    1.375634E+01    1.372508E+01    1.369833E+01    1.367585E+01    1.365853E+01    1.364525E+01    1.363656E+01    1.363278E+01    1.363334E+01    1.363791E+01    1.364903E+01    1.367064E+01    1.370481E+01    1.374593E+01    1.379288E+01    1.384545E+01    1.390191E+01    1.396423E+01    1.402229E+01    1.408750E+01    1.000000E+30    1.000000E+30    1.000000E+30    1.000000E+30    1.000000E+30    1.000000E+30    1.000000E+30    1.000000E+30    1.000000E+30    1.000000E+30    1.000000E+30    1.000000E+30    1.000000E+30    1.000000E+30    1.000000E+30    1.000000E+30    1.000000E+30    1.000000E+30    1.000000E+30    1.000000E+30    1.000000E+30    1.000000E+30    1.000000E+30    1.000000E+30    1.000000E+30    1.000000E+30    1.000000E+30    1.000000E+30    1.000000E+30    1.000000E+30    1.000000E+30    1.000000E+30    1.000000E+30    1.000000E+30    1.000000E+30    1.000000E+30    1.000000E+30    1.000000E+30    1.000000E+30    1.000000E+30    1.000000E+30    1.000000E+30    1.000000E+30    1.000000E+30    1.000000E+30    1.000000E+30    1.000000E+30    1.000000E+30    1.000000E+30    1.000000E+30    1.441410E+01    1.434668E+01    1.426406E+01    1.420773E+01    1.416640E+01    1.413102E+01    1.410102E+01    1.407706E+01    1.405864E+01    1.404551E+01    1.403587E+01    1.402908E+01    1.402496E+01    1.402122E+01    1.401706E+01    1.401519E+01    1.401596E+01    1.401886E+01    1.000000E+30    1.000000E+30    1.000000E+30    1.000000E+30    1.000000E+30    1.000000E+30    1.000000E+30    1.000000E+30    1.000000E+30    1.000000E+30    1.000000E+30    1.000000E+30    1.000000E+30    1.000000E+30    1.000000E+30    1.000000E+30    1.000000E+30    1.000000E+30    1.000000E+30    1.000000E+30    1.000000E+30    1.000000E+30    1.000000E+30    1.000000E+30    1.000000E+30    1.000000E+30    1.000000E+30    1.000000E+30    1.000000E+30    1.000000E+30    1.000000E+30    1.000000E+30    1.000000E+30    1.000000E+30    1.000000E+30    1.000000E+30    1.000000E+30    1.000000E+30    1.000000E+30    1.000000E+30    1.000000E+30    1.000000E+30    1.000000E+30    1.000000E+30    1.000000E+30    1.000000E+30    1.000000E+30    1.000000E+30    1.000000E+30
   1.000000E+30    1.472899E+01    1.462586E+01    1.452832E+01    1.443691E+01    1.435155E+01    1.427198E+01    1.419751E+01    1.412813E+01    1.406438E+01    1.400505E+01    1.395172E+01    1.390612E+01    1.386769E+01    1.383468E+01    1.380633E+01    1.378228E+01    1.376305E+01    1.374923E+01    1.374053E+01    1.373658E+01    1.373724E+01    1.374214E+01    1.375604E+01    1.378040E+01    1.381619E+01    1.386009E+01    1.391150E+01    1.396790E+01    1.403153E+01    1.409388E+01    1.417458E+01    1.422087E+01    1.000000E+30    1.000000E+30    1.000000E+30    1.000000E+30    1.000000E+30    1.000000E+30    1.000000E+30    1.000000E+30    1.000000E+30    1.000000E+30    1.000000E+30    1.000000E+30    1.000000E+30    1.000000E+30    1.000000E+30    1.000000E+30    1.000000E+30    1.000000E+30    1.000000E+30    1.000000E+30    1.000000E+30    1.000000E+30    1.000000E+30    1.000000E+30    1.000000E+30    1.000000E+30    1.000000E+30    1.000000E+30    1.000000E+30    1.000000E+30    1.000000E+30    1.000000E+30    1.000000E+30    1.000000E+30    1.000000E+30    1.000000E+30    1.000000E+30    1.000000E+30    1.000000E+30    1.000000E+30    1.000000E+30    1.000000E+30    1.000000E+30    1.000000E+30    1.000000E+30    1.000000E+30    1.000000E+30    1.000000E+30    1.000000E+30    1.000000E+30    1.000000E+30    1.000000E+30    1.458306E+01    1.443924E+01    1.434914E+01    1.429479E+01    1.425454E+01    1.422043E+01    1.419195E+01    1.416857E+01    1.415062E+01    1.413787E+01    1.412786E+01    1.412078E+01    1.411463E+01    1.410862E+01    1.410528E+01    1.410666E+01    1.411797E+01    1.415558E+01    1.000000E+30    1.000000E+30    1.000000E+30    1.000000E+30    1.000000E+30    1.000000E+30    1.000000E+30    1.000000E+30    1.000000E+30    1.000000E+30    1.000000E+30    1.000000E+30    1.000000E+30    1.000000E+30    1.000000E+30    1.000000E+30    1.000000E+30    1.000000E+30    1.000000E+30    1.000000E+30    1.000000E+30    1.000000E+30    1.000000E+30    1.000000E+30    1.000000E+30    1.000000E+30    1.000000E+30    1.000000E+30    1.000000E+30    1.000000E+30    1.000000E+30    1.000000E+30    1.000000E+30    1.000000E+30    1.000000E+30    1.000000E+30    1.000000E+30    1.000000E+30    1.000000E+30    1.000000E+30    1.000000E+30    1.000000E+30    1.000000E+30    1.000000E+30    1.000000E+30    1.000000E+30    1.000000E+30    1.000000E+30
   1.000000E+30    1.480715E+01    1.470304E+01    1.460486E+01    1.451318E+01    1.442808E+01    1.434915E+01    1.427587E+01    1.420810E+01    1.414555E+01    1.408807E+01    1.403618E+01    1.399078E+01    1.395336E+01    1.392241E+01    1.389639E+01    1.387500E+01    1.385846E+01    1.384815E+01    1.384350E+01    1.384467E+01    1.385271E+01    1.386869E+01    1.389615E+01    1.393289E+01    1.397707E+01    1.403076E+01    1.409462E+01    1.415799E+01    1.424100E+01    1.428948E+01    1.000000E+30    1.000000E+30    1.000000E+30    1.000000E+30    1.000000E+30    1.000000E+30    1.000000E+30    1.000000E+30    1.000000E+30    1.000000E+30    1.000000E+30    1.000000E+30    1.000000E+30    1.000000E+30    1.000000E+30    1.000000E+30    1.000000E+30    1.000000E+30    1.000000E+30    1.000000E+30    1.000000E+30    1.000000E+30    1.000000E+30    1.000000E+30    1.000000E+30    1.000000E+30    1.000000E+30    1.000000E+30    1.000000E+30    1.000000E+30    1.000000E+30    1.000000E+30    1.000000E+30    1.000000E+30    1.000000E+30    1.000000E+30    1.000000E+30    1.000000E+30    1.000000E+30    1.000000E+30    1.000000E+30    1.000000E+30    1.000000E+30    1.000000E+30    1.000000E+30    1.000000E+30    1.000000E+30    1.000000E+30    1.000000E+30    1.000000E+30    1.000000E+30    1.000000E+30    1.000000E+30    1.000000E+30    1.471452E+01    1.459766E+01    1.450043E+01    1.442916E+01    1.438167E+01    1.434484E+01    1.431284E+01    1.428654E+01    1.426475E+01    1.424817E+01    1.423518E+01    1.422477E+01    1.421612E+01    1.420832E+01    1.420194E+01    1.419988E+01    1.420372E+01    1.421301E+01    1.000000E+30    1.000000E+30    1.000000E+30    1.000000E+30    1.000000E+30    1.000000E+30    1.000000E+30    1.000000E+30    1.000000E+30    1.000000E+30    1.000000E+30    1.000000E+30    1.000000E+30    1.000000E+30    1.000000E+30    1.000000E+30    1.000000E+30    1.000000E+30    1.000000E+30    1.000000E+30    1.000000E+30    1.000000E+30    1.000000E+30    1.000000E+30    1.000000E+30    1.000000E+30    1.000000E+30    1.000000E+30    1.000000E+30    1.000000E+30    1.000000E+30    1.000000E+30    1.000000E+30    1.000000E+30    1.000000E+30    1.000000E+30    1.000000E+30    1.000000E+30    1.000000E+30    1.000000E+30    1.000000E+30    1.000000E+30    1.000000E+30    1.000000E+30    1.000000E+30    1.000000E+30    1.000000E+30    1.000000E+30
   1.000000E+30    1.489590E+01    1.479065E+01    1.469149E+01    1.459914E+01    1.451383E+01    1.443541E+01    1.436307E+01    1.429700E+01    1.423660E+01    1.418120E+01    1.413147E+01    1.408689E+01    1.404935E+01    1.402019E+01    1.399633E+01    1.397696E+01    1.396294E+01    1.395630E+01    1.395855E+01    1.396956E+01    1.398976E+01    1.402034E+01    1.405725E+01    1.410141E+01    1.415183E+01    1.421444E+01    1.430115E+01    1.435121E+01    1.000000E+30    1.000000E+30    1.000000E+30    1.000000E+30    1.000000E+30    1.000000E+30    1.000000E+30    1.000000E+30    1.000000E+30    1.000000E+30    1.000000E+30    1.000000E+30    1.000000E+30    1.000000E+30    1.000000E+30    1.000000E+30    1.000000E+30    1.000000E+30    1.000000E+30    1.000000E+30    1.000000E+30    1.000000E+30    1.000000E+30    1.000000E+30    1.000000E+30    1.000000E+30    1.000000E+30    1.000000E+30    1.000000E+30    1.000000E+30    1.000000E+30    1.000000E+30    1.000000E+30    1.000000E+30    1.000000E+30    1.000000E+30    1.000000E+30    1.000000E+30    1.000000E+30    1.000000E+30    1.000000E+30    1.000000E+30    1.000000E+30    1.000000E+30    1.000000E+30    1.000000E+30    1.000000E+30    1.000000E+30    1.000000E+30    1.000000E+30    1.000000E+30    1.000000E+30    1.000000E+30    1.000000E+30    1.000000E+30    1.000000E+30    1.000000E+30    1.475438E+01    1.466320E+01    1.458306E+01    1.452039E+01    1.447409E+01    1.443928E+01    1.441039E+01    1.438676E+01    1.436685E+01    1.435059E+01    1.433655E+01    1.432508E+01    1.431514E+01    1.430538E+01    1.429778E+01    1.429388E+01    1.429232E+01    1.000000E+30    1.000000E+30    1.000000E+30    1.000000E+30    1.000000E+30    1.000000E+30    1.000000E+30    1.000000E+30    1.000000E+30    1.000000E+30    1.000000E+30    1.000000E+30    1.000000E+30    1.000000E+30    1.000000E+30    1.000000E+30    1.000000E+30    1.000000E+30    1.000000E+30    1.000000E+30    1.000000E+30    1.000000E+30    1.000000E+30    1.000000E+30    1.000000E+30    1.000000E+30    1.000000E+30    1.000000E+30    1.000000E+30    1.000000E+30    1.000000E+30    1.000000E+30    1.000000E+30    1.000000E+30    1.000000E+30    1.000000E+30    1.000000E+30    1.000000E+30    1.000000E+30    1.000000E+30    1.000000E+30    1.000000E+30    1.000000E+30    1.000000E+30    1.000000E+30    1.000000E+30    1.000000E+30    1.000000E+30
   1.000000E+30    1.499619E+01    1.488957E+01    1.478912E+01    1.469595E+01    1.461041E+01    1.453220E+01    1.446065E+01    1.439560E+01    1.433721E+01    1.428449E+01    1.423748E+01    1.419524E+01    1.415798E+01    1.412959E+01    1.410741E+01    1.409062E+01    1.408243E+01    1.408401E+01    1.409702E+01    1.412021E+01    1.415133E+01    1.419040E+01    1.423523E+01    1.428756E+01    1.433815E+01    1.439753E+01    1.000000E+30    1.000000E+30    1.000000E+30    1.000000E+30    1.000000E+30    1.000000E+30    1.000000E+30    1.000000E+30    1.000000E+30    1.000000E+30    1.000000E+30    1.000000E+30    1.000000E+30    1.000000E+30    1.000000E+30    1.000000E+30    1.000000E+30    1.000000E+30    1.000000E+30    1.000000E+30    1.000000E+30    1.000000E+30    1.000000E+30    1.000000E+30    1.000000E+30    1.000000E+30    1.000000E+30    1.000000E+30    1.000000E+30    1.000000E+30    1.000000E+30    1.000000E+30    1.000000E+30    1.000000E+30    1.000000E+30    1.000000E+30    1.000000E+30    1.000000E+30    1.000000E+30    1.000000E+30    1.000000E+30    1.000000E+30    1.000000E+30    1.000000E+30    1.000000E+30    1.000000E+30    1.000000E+30    1.000000E+30    1.000000E+30    1.000000E+30    1.000000E+30    1.000000E+30    1.000000E+30    1.000000E+30    1.000000E+30    1.000000E+30    1.000000E+30    1.000000E+30    1.000000E+30    1.000000E+30    1.483337E+01    1.475623E+01    1.468584E+01    1.461979E+01    1.457109E+01    1.453910E+01    1.451369E+01    1.449204E+01    1.447282E+01    1.445582E+01    1.444122E+01    1.442782E+01    1.441437E+01    1.440112E+01    1.438983E+01    1.438108E+01    1.000000E+30    1.000000E+30    1.000000E+30    1.000000E+30    1.000000E+30    1.000000E+30    1.000000E+30    1.000000E+30    1.000000E+30    1.000000E+30    1.000000E+30    1.000000E+30    1.000000E+30    1.000000E+30    1.000000E+30    1.000000E+30    1.000000E+30    1.000000E+30    1.000000E+30    1.000000E+30    1.000000E+30    1.000000E+30    1.000000E+30    1.000000E+30    1.000000E+30    1.000000E+30    1.000000E+30    1.000000E+30    1.000000E+30    1.000000E+30    1.000000E+30    1.000000E+30    1.000000E+30    1.000000E+30    1.000000E+30    1.000000E+30    1.000000E+30    1.000000E+30    1.000000E+30    1.000000E+30    1.000000E+30    1.000000E+30    1.000000E+30    1.000000E+30    1.000000E+30    1.000000E+30    1.000000E+30    1.000000E+30
   1.000000E+30    1.510929E+01    1.499868E+01    1.489631E+01    1.480274E+01    1.471759E+01    1.463992E+01    1.456928E+01    1.450511E+01    1.444811E+01    1.439779E+01    1.435312E+01    1.431390E+01    1.427936E+01    1.425128E+01    1.423123E+01    1.422150E+01    1.422344E+01    1.423591E+01    1.425801E+01    1.429023E+01    1.433024E+01    1.437953E+01    1.443033E+01    1.449980E+01    1.453987E+01    1.000000E+30    1.000000E+30    1.000000E+30    1.000000E+30    1.000000E+30    1.000000E+30    1.000000E+30    1.000000E+30    1.000000E+30    1.000000E+30    1.000000E+30    1.000000E+30    1.000000E+30    1.000000E+30    1.000000E+30    1.000000E+30    1.000000E+30    1.000000E+30    1.000000E+30    1.000000E+30    1.000000E+30    1.000000E+30    1.000000E+30    1.000000E+30    1.000000E+30    1.000000E+30    1.000000E+30    1.000000E+30    1.000000E+30    1.000000E+30    1.000000E+30    1.000000E+30    1.000000E+30    1.000000E+30    1.000000E+30    1.000000E+30    1.000000E+30    1.000000E+30    1.000000E+30    1.000000E+30    1.000000E+30    1.000000E+30    1.000000E+30    1.000000E+30    1.000000E+30    1.000000E+30    1.000000E+30    1.000000E+30    1.000000E+30    1.000000E+30    1.000000E+30    1.000000E+30    1.000000E+30    1.000000E+30    1.000000E+30    1.000000E+30    1.000000E+30    1.000000E+30    1.000000E+30    1.000000E+30    1.000000E+30    1.000000E+30    1.494182E+01    1.488092E+01    1.479367E+01    1.471983E+01    1.467235E+01    1.464520E+01    1.462249E+01    1.460175E+01    1.458295E+01    1.456547E+01    1.454810E+01    1.453014E+01    1.451372E+01    1.449836E+01    1.448687E+01    1.000000E+30    1.000000E+30    1.000000E+30    1.000000E+30    1.000000E+30    1.000000E+30    1.000000E+30    1.000000E+30    1.000000E+30    1.000000E+30    1.000000E+30    1.000000E+30    1.000000E+30    1.000000E+30    1.000000E+30    1.000000E+30    1.000000E+30    1.000000E+30    1.000000E+30    1.000000E+30    1.000000E+30    1.000000E+30    1.000000E+30    1.000000E+30    1.000000E+30    1.000000E+30    1.000000E+30    1.000000E+30    1.000000E+30    1.000000E+30    1.000000E+30    1.000000E+30    1.000000E+30    1.000000E+30    1.000000E+30    1.000000E+30    1.000000E+30    1.000000E+30    1.000000E+30    1.000000E+30    1.000000E+30    1.000000E+30    1.000000E+30    1.000000E+30    1.000000E+30    1.000000E+30    1.000000E+30    1.000000E+30
   1.543659E+01    1.525554E+01    1.512623E+01    1.501836E+01    1.492283E+01    1.483649E+01    1.475810E+01    1.468723E+01    1.462350E+01    1.456718E+01    1.451821E+01    1.447621E+01    1.444062E+01    1.441038E+01    1.438571E+01    1.437296E+01    1.437365E+01    1.438404E+01    1.440407E+01    1.443566E+01    1.447919E+01    1.452603E+01    1.459265E+01    1.463188E+01    1.000000E+30    1.000000E+30    1.000000E+30    1.000000E+30    1.000000E+30    1.000000E+30    1.000000E+30    1.000000E+30    1.000000E+30    1.000000E+30    1.000000E+30    1.000000E+30    1.000000E+30    1.000000E+30    1.000000E+30    1.000000E+30    1.000000E+30    1.000000E+30    1.000000E+30    1.000000E+30    1.000000E+30    1.000000E+30    1.000000E+30    1.000000E+30    1.000000E+30    1.000000E+30    1.000000E+30    1.000000E+30    1.000000E+30    1.000000E+30    1.000000E+30    1.000000E+30    1.000000E+30    1.000000E+30    1.000000E+30    1.000000E+30    1.000000E+30    1.000000E+30    1.000000E+30    1.000000E+30    1.000000E+30    1.000000E+30    1.000000E+30    1.000000E+30    1.000000E+30    1.000000E+30    1.000000E+30    1.000000E+30    1.000000E+30    1.000000E+30    1.000000E+30    1.000000E+30    1.000000E+30    1.000000E+30    1.000000E+30    1.000000E+30    1.000000E+30    1.000000E+30    1.000000E+30    1.000000E+30    1.000000E+30    1.000000E+30    1.000000E+30    1.000000E+30    1.000000E+30    1.512241E+01    1.498328E+01    1.488970E+01    1.482174E+01    1.478413E+01    1.476162E+01    1.473975E+01    1.471914E+01    1.469922E+01    1.467879E+01    1.465762E+01    1.463901E+01    1.462202E+01    1.460983E+01    1.000000E+30    1.000000E+30    1.000000E+30    1.000000E+30    1.000000E+30    1.000000E+30    1.000000E+30    1.000000E+30    1.000000E+30    1.000000E+30    1.000000E+30    1.000000E+30    1.000000E+30    1.000000E+30    1.000000E+30    1.000000E+30    1.000000E+30    1.000000E+30    1.000000E+30    1.000000E+30    1.000000E+30    1.000000E+30    1.000000E+30    1.000000E+30    1.000000E+30    1.000000E+30    1.000000E+30    1.000000E+30    1.000000E+30    1.000000E+30    1.000000E+30    1.000000E+30    1.000000E+30    1.000000E+30    1.000000E+30    1.000000E+30    1.000000E+30    1.000000E+30    1.000000E+30    1.000000E+30    1.000000E+30    1.000000E+30    1.000000E+30    1.000000E+30    1.000000E+30    1.000000E+30    1.000000E+30    1.000000E+30
   1.551233E+01    1.538238E+01    1.526316E+01    1.515706E+01    1.506244E+01    1.497687E+01    1.489876E+01    1.482759E+01    1.476371E+01    1.470694E+01    1.465714E+01    1.461465E+01    1.457984E+01    1.455344E+01    1.453834E+01    1.453661E+01    1.454462E+01    1.456187E+01    1.458852E+01    1.462898E+01    1.469220E+01    1.472895E+01    1.000000E+30    1.000000E+30    1.000000E+30    1.000000E+30    1.000000E+30    1.000000E+30    1.000000E+30    1.000000E+30    1.000000E+30    1.000000E+30    1.000000E+30    1.000000E+30    1.000000E+30    1.000000E+30    1.000000E+30    1.000000E+30    1.000000E+30    1.000000E+30    1.000000E+30    1.000000E+30    1.000000E+30    1.000000E+30    1.000000E+30    1.000000E+30    1.000000E+30    1.000000E+30    1.000000E+30    1.000000E+30    1.000000E+30    1.000000E+30    1.000000E+30    1.000000E+30    1.000000E+30    1.000000E+30    1.000000E+30    1.000000E+30    1.000000E+30    1.000000E+30    1.000000E+30    1.000000E+30    1.000000E+30    1.000000E+30    1.000000E+30    1.000000E+30    1.000000E+30    1.000000E+30    1.000000E+30    1.000000E+30    1.000000E+30    1.000000E+30    1.000000E+30    1.000000E+30    1.000000E+30    1.000000E+30    1.000000E+30    1.000000E+30    1.000000E+30    1.000000E+30    1.000000E+30    1.000000E+30    1.000000E+30    1.000000E+30    1.000000E+30    1.000000E+30    1.000000E+30    1.000000E+30    1.000000E+30    1.525775E+01    1.514839E+01    1.506044E+01    1.499019E+01    1.493838E+01    1.491352E+01    1.488973E+01    1.486615E+01    1.484339E+01    1.482006E+01    1.479604E+01    1.477509E+01    1.475702E+01    1.474355E+01    1.000000E+30    1.000000E+30    1.000000E+30    1.000000E+30    1.000000E+30    1.000000E+30    1.000000E+30    1.000000E+30    1.000000E+30    1.000000E+30    1.000000E+30    1.000000E+30    1.000000E+30    1.000000E+30    1.000000E+30    1.000000E+30    1.000000E+30    1.000000E+30    1.000000E+30    1.000000E+30    1.000000E+30    1.000000E+30    1.000000E+30    1.000000E+30    1.000000E+30    1.000000E+30    1.000000E+30    1.000000E+30    1.000000E+30    1.000000E+30    1.000000E+30    1.000000E+30    1.000000E+30    1.000000E+30    1.000000E+30    1.000000E+30    1.000000E+30    1.000000E+30    1.000000E+30    1.000000E+30    1.000000E+30    1.000000E+30    1.000000E+30    1.000000E+30    1.000000E+30    1.000000E+30    1.000000E+30    1.000000E+30
   1.562949E+01    1.551095E+01    1.539993E+01    1.529813E+01    1.520689E+01    1.512506E+01    1.505061E+01    1.498204E+01    1.491977E+01    1.486425E+01    1.481563E+01    1.477360E+01    1.473952E+01    1.471891E+01    1.471401E+01    1.471955E+01    1.473420E+01    1.475885E+01    1.478731E+01    1.482743E+01    1.000000E+30    1.000000E+30    1.000000E+30    1.000000E+30    1.000000E+30    1.000000E+30    1.000000E+30    1.000000E+30    1.000000E+30    1.000000E+30    1.000000E+30    1.000000E+30    1.000000E+30    1.000000E+30    1.000000E+30    1.000000E+30    1.000000E+30    1.000000E+30    1.000000E+30    1.000000E+30    1.000000E+30    1.000000E+30    1.000000E+30    1.000000E+30    1.000000E+30    1.000000E+30    1.000000E+30    1.000000E+30    1.000000E+30    1.000000E+30    1.000000E+30    1.000000E+30    1.000000E+30    1.000000E+30    1.000000E+30    1.000000E+30    1.000000E+30    1.000000E+30    1.000000E+30    1.000000E+30    1.000000E+30    1.000000E+30    1.000000E+30    1.000000E+30    1.000000E+30    1.000000E+30    1.000000E+30    1.000000E+30    1.000000E+30    1.000000E+30    1.000000E+30    1.000000E+30    1.000000E+30    1.000000E+30    1.000000E+30    1.000000E+30    1.000000E+30    1.000000E+30    1.000000E+30    1.000000E+30    1.000000E+30    1.000000E+30    1.000000E+30    1.000000E+30    1.000000E+30    1.000000E+30    1.000000E+30    1.000000E+30    1.000000E+30    1.000000E+30    1.531386E+01    1.523547E+01    1.516987E+01    1.511421E+01    1.507836E+01    1.505307E+01    1.502545E+01    1.499851E+01    1.497185E+01    1.494473E+01    1.492071E+01    1.490114E+01    1.488687E+01    1.000000E+30    1.000000E+30    1.000000E+30    1.000000E+30    1.000000E+30    1.000000E+30    1.000000E+30    1.000000E+30    1.000000E+30    1.000000E+30    1.000000E+30    1.000000E+30    1.000000E+30    1.000000E+30    1.000000E+30    1.000000E+30    1.000000E+30    1.000000E+30    1.000000E+30    1.000000E+30    1.000000E+30    1.000000E+30    1.000000E+30    1.000000E+30    1.000000E+30    1.000000E+30    1.000000E+30    1.000000E+30    1.000000E+30    1.000000E+30    1.000000E+30    1.000000E+30    1.000000E+30    1.000000E+30    1.000000E+30    1.000000E+30    1.000000E+30    1.000000E+30    1.000000E+30    1.000000E+30    1.000000E+30    1.000000E+30    1.000000E+30    1.000000E+30    1.000000E+30    1.000000E+30    1.000000E+30    1.000000E+30
   1.577869E+01    1.566489E+01    1.555837E+01    1.545847E+01    1.536580E+01    1.528145E+01    1.520493E+01    1.513544E+01    1.507337E+01    1.501870E+01    1.497344E+01    1.493861E+01    1.491614E+01    1.490669E+01    1.490900E+01    1.492283E+01    1.494329E+01    1.498087E+01    1.500295E+01    1.000000E+30    1.000000E+30    1.000000E+30    1.000000E+30    1.000000E+30    1.000000E+30    1.000000E+30    1.000000E+30    1.000000E+30    1.000000E+30    1.000000E+30    1.000000E+30    1.000000E+30    1.000000E+30    1.000000E+30    1.000000E+30    1.000000E+30    1.000000E+30    1.000000E+30    1.000000E+30    1.000000E+30    1.000000E+30    1.000000E+30    1.000000E+30    1.000000E+30    1.000000E+30    1.000000E+30    1.000000E+30    1.000000E+30    1.000000E+30    1.000000E+30    1.000000E+30    1.000000E+30    1.000000E+30    1.000000E+30    1.000000E+30    1.000000E+30    1.000000E+30    1.000000E+30    1.000000E+30    1.000000E+30    1.000000E+30    1.000000E+30    1.000000E+30    1.000000E+30    1.000000E+30    1.000000E+30    1.000000E+30    1.000000E+30    1.000000E+30    1.000000E+30    1.000000E+30    1.000000E+30    1.000000E+30    1.000000E+30    1.000000E+30    1.000000E+30    1.000000E+30    1.000000E+30    1.000000E+30    1.000000E+30    1.000000E+30    1.000000E+30    1.000000E+30    1.000000E+30    1.000000E+30    1.000000E+30    1.000000E+30    1.000000E+30    1.000000E+30    1.000000E+30    1.000000E+30    1.542046E+01    1.536274E+01    1.531276E+01    1.526346E+01    1.523205E+01    1.519762E+01    1.516450E+01    1.513322E+01    1.510259E+01    1.507508E+01    1.505356E+01    1.503901E+01    1.000000E+30    1.000000E+30    1.000000E+30    1.000000E+30    1.000000E+30    1.000000E+30    1.000000E+30    1.000000E+30    1.000000E+30    1.000000E+30    1.000000E+30    1.000000E+30    1.000000E+30    1.000000E+30    1.000000E+30    1.000000E+30    1.000000E+30    1.000000E+30    1.000000E+30    1.000000E+30    1.000000E+30    1.000000E+30    1.000000E+30    1.000000E+30    1.000000E+30    1.000000E+30    1.000000E+30    1.000000E+30    1.000000E+30    1.000000E+30    1.000000E+30    1.000000E+30    1.000000E+30    1.000000E+30    1.000000E+30    1.000000E+30    1.000000E+30    1.000000E+30    1.000000E+30    1.000000E+30    1.000000E+30    1.000000E+30    1.000000E+30    1.000000E+30    1.000000E+30    1.000000E+30    1.000000E+30    1.000000E+30
   1.594710E+01    1.583695E+01    1.573208E+01    1.563337E+01    1.553990E+01    1.545357E+01    1.537552E+01    1.530452E+01    1.524285E+01    1.519155E+01    1.515231E+01    1.512587E+01    1.511340E+01    1.511148E+01    1.512154E+01    1.514870E+01    1.516453E+01    1.000000E+30    1.000000E+30    1.000000E+30    1.000000E+30    1.000000E+30    1.000000E+30    1.000000E+30    1.000000E+30    1.000000E+30    1.000000E+30    1.000000E+30    1.000000E+30    1.000000E+30    1.000000E+30    1.000000E+30    1.000000E+30    1.000000E+30    1.000000E+30    1.000000E+30    1.000000E+30    1.000000E+30    1.000000E+30    1.000000E+30    1.000000E+30    1.000000E+30    1.000000E+30    1.000000E+30    1.000000E+30    1.000000E+30    1.000000E+30    1.000000E+30    1.000000E+30    1.000000E+30    1.000000E+30    1.000000E+30    1.000000E+30    1.000000E+30    1.000000E+30    1.000000E+30    1.000000E+30    1.000000E+30    1.000000E+30    1.000000E+30    1.000000E+30    1.000000E+30    1.000000E+30    1.000000E+30    1.000000E+30    1.000000E+30    1.000000E+30    1.000000E+30    1.000000E+30    1.000000E+30    1.000000E+30    1.000000E+30    1.000000E+30    1.000000E+30    1.000000E+30    1.000000E+30    1.000000E+30    1.000000E+30    1.000000E+30    1.000000E+30    1.000000E+30    1.000000E+30    1.000000E+30    1.000000E+30    1.000000E+30    1.000000E+30    1.000000E+30    1.000000E+30    1.000000E+30    1.000000E+30    1.000000E+30    1.000000E+30    1.557192E+01    1.553990E+01    1.547494E+01    1.542900E+01    1.538247E+01    1.534071E+01    1.530335E+01    1.526805E+01    1.523692E+01    1.521352E+01    1.519893E+01    1.000000E+30    1.000000E+30    1.000000E+30    1.000000E+30    1.000000E+30    1.000000E+30    1.000000E+30    1.000000E+30    1.000000E+30    1.000000E+30    1.000000E+30    1.000000E+30    1.000000E+30    1.000000E+30    1.000000E+30    1.000000E+30    1.000000E+30    1.000000E+30    1.000000E+30    1.000000E+30    1.000000E+30    1.000000E+30    1.000000E+30    1.000000E+30    1.000000E+30    1.000000E+30    1.000000E+30    1.000000E+30    1.000000E+30    1.000000E+30    1.000000E+30    1.000000E+30    1.000000E+30    1.000000E+30    1.000000E+30    1.000000E+30    1.000000E+30    1.000000E+30    1.000000E+30    1.000000E+30    1.000000E+30    1.000000E+30    1.000000E+30    1.000000E+30    1.000000E+30    1.000000E+30    1.000000E+30    1.000000E+30
   1.613115E+01    1.602118E+01    1.591557E+01    1.581547E+01    1.572116E+01    1.563382E+01    1.555606E+01    1.548796E+01    1.543195E+01    1.538891E+01    1.535885E+01    1.534070E+01    1.533257E+01    1.533307E+01    1.534601E+01    1.000000E+30    1.000000E+30    1.000000E+30    1.000000E+30    1.000000E+30    1.000000E+30    1.000000E+30    1.000000E+30    1.000000E+30    1.000000E+30    1.000000E+30    1.000000E+30    1.000000E+30    1.000000E+30    1.000000E+30    1.000000E+30    1.000000E+30    1.000000E+30    1.000000E+30    1.000000E+30    1.000000E+30    1.000000E+30    1.000000E+30    1.000000E+30    1.000000E+30    1.000000E+30    1.000000E+30    1.000000E+30    1.000000E+30    1.000000E+30    1.000000E+30    1.000000E+30    1.000000E+30    1.000000E+30    1.000000E+30    1.000000E+30    1.000000E+30    1.000000E+30    1.000000E+30    1.000000E+30    1.000000E+30    1.000000E+30    1.000000E+30    1.000000E+30    1.000000E+30    1.000000E+30    1.000000E+30    1.000000E+30    1.000000E+30    1.000000E+30    1.000000E+30    1.000000E+30    1.000000E+30    1.000000E+30    1.000000E+30    1.000000E+30    1.000000E+30    1.000000E+30    1.000000E+30    1.000000E+30    1.000000E+30    1.000000E+30    1.000000E+30    1.000000E+30    1.000000E+30    1.000000E+30    1.000000E+30    1.000000E+30    1.000000E+30    1.000000E+30    1.000000E+30    1.000000E+30    1.000000E+30    1.000000E+30    1.000000E+30    1.000000E+30    1.000000E+30    1.000000E+30    1.582989E+01    1.571005E+01    1.563887E+01    1.557837E+01    1.552572E+01    1.548110E+01    1.544062E+01    1.540544E+01    1.538016E+01    1.536625E+01    1.000000E+30    1.000000E+30    1.000000E+30    1.000000E+30    1.000000E+30    1.000000E+30    1.000000E+30    1.000000E+30    1.000000E+30    1.000000E+30    1.000000E+30    1.000000E+30    1.000000E+30    1.000000E+30    1.000000E+30    1.000000E+30    1.000000E+30    1.000000E+30    1.000000E+30    1.000000E+30    1.000000E+30    1.000000E+30    1.000000E+30    1.000000E+30    1.000000E+30    1.000000E+30    1.000000E+30    1.000000E+30    1.000000E+30    1.000000E+30    1.000000E+30    1.000000E+30    1.000000E+30    1.000000E+30    1.000000E+30    1.000000E+30    1.000000E+30    1.000000E+30    1.000000E+30    1.000000E+30    1.000000E+30    1.000000E+30    1.000000E+30    1.000000E+30    1.000000E+30    1.000000E+30    1.000000E+30    1.000000E+30
   1.632886E+01    1.621746E+01    1.611108E+01    1.600883E+01    1.591382E+01    1.582828E+01    1.575504E+01    1.569534E+01    1.564843E+01    1.561350E+01    1.558831E+01    1.557391E+01    1.557174E+01    1.557113E+01    1.000000E+30    1.000000E+30    1.000000E+30    1.000000E+30    1.000000E+30    1.000000E+30    1.000000E+30    1.000000E+30    1.000000E+30    1.000000E+30    1.000000E+30    1.000000E+30    1.000000E+30    1.000000E+30    1.000000E+30    1.000000E+30    1.000000E+30    1.000000E+30    1.000000E+30    1.000000E+30    1.000000E+30    1.000000E+30    1.000000E+30    1.000000E+30    1.000000E+30    1.000000E+30    1.000000E+30    1.000000E+30    1.000000E+30    1.000000E+30    1.000000E+30    1.000000E+30    1.000000E+30    1.000000E+30    1.000000E+30    1.000000E+30    1.000000E+30    1.000000E+30    1.000000E+30    1.000000E+30    1.000000E+30    1.000000E+30    1.000000E+30    1.000000E+30    1.000000E+30    1.000000E+30    1.000000E+30    1.000000E+30    1.000000E+30    1.000000E+30    1.000000E+30    1.000000E+30    1.000000E+30    1.000000E+30    1.000000E+30    1.000000E+30    1.000000E+30    1.000000E+30    1.000000E+30    1.000000E+30    1.000000E+30    1.000000E+30    1.000000E+30    1.000000E+30    1.000000E+30    1.000000E+30    1.000000E+30    1.000000E+30    1.000000E+30    1.000000E+30    1.000000E+30    1.000000E+30    1.000000E+30    1.000000E+30    1.000000E+30    1.000000E+30    1.000000E+30    1.000000E+30    1.000000E+30    1.600504E+01    1.594408E+01    1.585542E+01    1.578201E+01    1.571760E+01    1.566510E+01    1.561955E+01    1.557964E+01    1.555180E+01    1.553765E+01    1.000000E+30    1.000000E+30    1.000000E+30    1.000000E+30    1.000000E+30    1.000000E+30    1.000000E+30    1.000000E+30    1.000000E+30    1.000000E+30    1.000000E+30    1.000000E+30    1.000000E+30    1.000000E+30    1.000000E+30    1.000000E+30    1.000000E+30    1.000000E+30    1.000000E+30    1.000000E+30    1.000000E+30    1.000000E+30    1.000000E+30    1.000000E+30    1.000000E+30    1.000000E+30    1.000000E+30    1.000000E+30    1.000000E+30    1.000000E+30    1.000000E+30    1.000000E+30    1.000000E+30    1.000000E+30    1.000000E+30    1.000000E+30    1.000000E+30    1.000000E+30    1.000000E+30    1.000000E+30    1.000000E+30    1.000000E+30    1.000000E+30    1.000000E+30    1.000000E+30    1.000000E+30    1.000000E+30    1.000000E+30
   1.653839E+01    1.642713E+01    1.631968E+01    1.621831E+01    1.612551E+01    1.604664E+01    1.598178E+01    1.593010E+01    1.588733E+01    1.585653E+01    1.583536E+01    1.582346E+01    1.000000E+30    1.000000E+30    1.000000E+30    1.000000E+30    1.000000E+30    1.000000E+30    1.000000E+30    1.000000E+30    1.000000E+30    1.000000E+30    1.000000E+30    1.000000E+30    1.000000E+30    1.000000E+30    1.000000E+30    1.000000E+30    1.000000E+30    1.000000E+30    1.000000E+30    1.000000E+30    1.000000E+30    1.000000E+30    1.000000E+30    1.000000E+30    1.000000E+30    1.000000E+30    1.000000E+30    1.000000E+30    1.000000E+30    1.000000E+30    1.000000E+30    1.000000E+30    1.000000E+30    1.000000E+30    1.000000E+30    1.000000E+30    1.000000E+30    1.000000E+30    1.000000E+30    1.000000E+30    1.000000E+30    1.000000E+30    1.000000E+30    1.000000E+30    1.000000E+30    1.000000E+30    1.000000E+30    1.000000E+30    1.000000E+30    1.000000E+30    1.000000E+30    1.000000E+30    1.000000E+30    1.000000E+30    1.000000E+30    1.000000E+30    1.000000E+30    1.000000E+30    1.000000E+30    1.000000E+30    1.000000E+30    1.000000E+30    1.000000E+30    1.000000E+30    1.000000E+30    1.000000E+30    1.000000E+30    1.000000E+30    1.000000E+30    1.000000E+30    1.000000E+30    1.000000E+30    1.000000E+30    1.000000E+30    1.000000E+30    1.000000E+30    1.000000E+30    1.000000E+30    1.000000E+30    1.000000E+30    1.000000E+30    1.000000E+30    1.624227E+01    1.608825E+01    1.599171E+01    1.591396E+01    1.585322E+01    1.580305E+01    1.575867E+01    1.572716E+01    1.571117E+01    1.000000E+30    1.000000E+30    1.000000E+30    1.000000E+30    1.000000E+30    1.000000E+30    1.000000E+30    1.000000E+30    1.000000E+30    1.000000E+30    1.000000E+30    1.000000E+30    1.000000E+30    1.000000E+30    1.000000E+30    1.000000E+30    1.000000E+30    1.000000E+30    1.000000E+30    1.000000E+30    1.000000E+30    1.000000E+30    1.000000E+30    1.000000E+30    1.000000E+30    1.000000E+30    1.000000E+30    1.000000E+30    1.000000E+30    1.000000E+30    1.000000E+30    1.000000E+30    1.000000E+30    1.000000E+30    1.000000E+30    1.000000E+30    1.000000E+30    1.000000E+30    1.000000E+30    1.000000E+30    1.000000E+30    1.000000E+30    1.000000E+30    1.000000E+30    1.000000E+30    1.000000E+30    1.000000E+30    1.000000E+30
   1.676660E+01    1.665534E+01    1.654686E+01    1.644922E+01    1.636337E+01    1.629095E+01    1.623194E+01    1.618416E+01    1.614255E+01    1.611839E+01    1.000000E+30    1.000000E+30    1.000000E+30    1.000000E+30    1.000000E+30    1.000000E+30    1.000000E+30    1.000000E+30    1.000000E+30    1.000000E+30    1.000000E+30    1.000000E+30    1.000000E+30    1.000000E+30    1.000000E+30    1.000000E+30    1.000000E+30    1.000000E+30    1.000000E+30    1.000000E+30    1.000000E+30    1.000000E+30    1.000000E+30    1.000000E+30    1.000000E+30    1.000000E+30    1.000000E+30    1.000000E+30    1.000000E+30    1.000000E+30    1.000000E+30    1.000000E+30    1.000000E+30    1.000000E+30    1.000000E+30    1.000000E+30    1.000000E+30    1.000000E+30    1.000000E+30    1.000000E+30    1.000000E+30    1.000000E+30    1.000000E+30    1.000000E+30    1.000000E+30    1.000000E+30    1.000000E+30    1.000000E+30    1.000000E+30    1.000000E+30    1.000000E+30    1.000000E+30    1.000000E+30    1.000000E+30    1.000000E+30    1.000000E+30    1.000000E+30    1.000000E+30    1.000000E+30    1.000000E+30    1.000000E+30    1.000000E+30    1.000000E+30    1.000000E+30    1.000000E+30    1.000000E+30    1.000000E+30    1.000000E+30    1.000000E+30    1.000000E+30    1.000000E+30    1.000000E+30    1.000000E+30    1.000000E+30    1.000000E+30    1.000000E+30    1.000000E+30    1.000000E+30    1.000000E+30    1.000000E+30    1.000000E+30    1.000000E+30    1.000000E+30    1.000000E+30    1.648712E+01    1.631116E+01    1.619869E+01    1.611131E+01    1.604336E+01    1.598824E+01    1.594108E+01    1.590545E+01    1.588581E+01    1.000000E+30    1.000000E+30    1.000000E+30    1.000000E+30    1.000000E+30    1.000000E+30    1.000000E+30    1.000000E+30    1.000000E+30    1.000000E+30    1.000000E+30    1.000000E+30    1.000000E+30    1.000000E+30    1.000000E+30    1.000000E+30    1.000000E+30    1.000000E+30    1.000000E+30    1.000000E+30    1.000000E+30    1.000000E+30    1.000000E+30    1.000000E+30    1.000000E+30    1.000000E+30    1.000000E+30    1.000000E+30    1.000000E+30    1.000000E+30    1.000000E+30    1.000000E+30    1.000000E+30    1.000000E+30    1.000000E+30    1.000000E+30    1.000000E+30    1.000000E+30    1.000000E+30    1.000000E+30    1.000000E+30    1.000000E+30    1.000000E+30    1.000000E+30    1.000000E+30    1.000000E+30    1.000000E+30    1.000000E+30
   1.703036E+01    1.691348E+01    1.680497E+01    1.670781E+01    1.662502E+01    1.655293E+01    1.649936E+01    1.646053E+01    1.000000E+30    1.000000E+30    1.000000E+30    1.000000E+30    1.000000E+30    1.000000E+30    1.000000E+30    1.000000E+30    1.000000E+30    1.000000E+30    1.000000E+30    1.000000E+30    1.000000E+30    1.000000E+30    1.000000E+30    1.000000E+30    1.000000E+30    1.000000E+30    1.000000E+30    1.000000E+30    1.000000E+30    1.000000E+30    1.000000E+30    1.000000E+30    1.000000E+30    1.000000E+30    1.000000E+30    1.000000E+30    1.000000E+30    1.000000E+30    1.000000E+30    1.000000E+30    1.000000E+30    1.000000E+30    1.000000E+30    1.000000E+30    1.000000E+30    1.000000E+30    1.000000E+30    1.000000E+30    1.000000E+30    1.000000E+30    1.000000E+30    1.000000E+30    1.000000E+30    1.000000E+30    1.000000E+30    1.000000E+30    1.000000E+30    1.000000E+30    1.000000E+30    1.000000E+30    1.000000E+30    1.000000E+30    1.000000E+30    1.000000E+30    1.000000E+30    1.000000E+30    1.000000E+30    1.000000E+30    1.000000E+30    1.000000E+30    1.000000E+30    1.000000E+30    1.000000E+30    1.000000E+30    1.000000E+30    1.000000E+30    1.000000E+30    1.000000E+30    1.000000E+30    1.000000E+30    1.000000E+30    1.000000E+30    1.000000E+30    1.000000E+30    1.000000E+30    1.000000E+30    1.000000E+30    1.000000E+30    1.000000E+30    1.000000E+30    1.000000E+30    1.000000E+30    1.000000E+30    1.000000E+30    1.670625E+01    1.652197E+01    1.639999E+01    1.630820E+01    1.623500E+01    1.617519E+01    1.612504E+01    1.608599E+01    1.606240E+01    1.000000E+30    1.000000E+30    1.000000E+30    1.000000E+30    1.000000E+30    1.000000E+30    1.000000E+30    1.000000E+30    1.000000E+30    1.000000E+30    1.000000E+30    1.000000E+30    1.000000E+30    1.000000E+30    1.000000E+30    1.000000E+30    1.000000E+30    1.000000E+30    1.000000E+30    1.000000E+30    1.000000E+30    1.000000E+30    1.000000E+30    1.000000E+30    1.000000E+30    1.000000E+30    1.000000E+30    1.000000E+30    1.000000E+30    1.000000E+30    1.000000E+30    1.000000E+30    1.000000E+30    1.000000E+30    1.000000E+30    1.000000E+30    1.000000E+30    1.000000E+30    1.000000E+30    1.000000E+30    1.000000E+30    1.000000E+30    1.000000E+30    1.000000E+30    1.000000E+30    1.000000E+30    1.000000E+30    1.000000E+30
   1.734325E+01    1.720923E+01    1.709308E+01    1.698877E+01    1.690492E+01    1.682526E+01    1.678086E+01    1.000000E+30    1.000000E+30    1.000000E+30    1.000000E+30    1.000000E+30    1.000000E+30    1.000000E+30    1.000000E+30    1.000000E+30    1.000000E+30    1.000000E+30    1.000000E+30    1.000000E+30    1.000000E+30    1.000000E+30    1.000000E+30    1.000000E+30    1.000000E+30    1.000000E+30    1.000000E+30    1.000000E+30    1.000000E+30    1.000000E+30    1.000000E+30    1.000000E+30    1.000000E+30    1.000000E+30    1.000000E+30    1.000000E+30    1.000000E+30    1.000000E+30    1.000000E+30    1.000000E+30    1.000000E+30    1.000000E+30    1.000000E+30    1.000000E+30    1.000000E+30    1.000000E+30    1.000000E+30    1.000000E+30    1.000000E+30    1.000000E+30    1.000000E+30    1.000000E+30    1.000000E+30    1.000000E+30    1.000000E+30    1.000000E+30    1.000000E+30    1.000000E+30    1.000000E+30    1.000000E+30    1.000000E+30    1.000000E+30    1.000000E+30    1.000000E+30    1.000000E+30    1.000000E+30    1.000000E+30    1.000000E+30    1.000000E+30    1.000000E+30    1.000000E+30    1.000000E+30    1.000000E+30    1.000000E+30    1.000000E+30    1.000000E+30    1.000000E+30    1.000000E+30    1.000000E+30    1.000000E+30    1.000000E+30    1.000000E+30    1.000000E+30    1.000000E+30    1.000000E+30    1.000000E+30    1.000000E+30    1.000000E+30    1.000000E+30    1.000000E+30    1.000000E+30    1.000000E+30    1.000000E+30    1.000000E+30    1.690519E+01    1.672338E+01    1.659777E+01    1.650539E+01    1.642871E+01    1.636461E+01    1.631007E+01    1.626800E+01    1.624150E+01    1.000000E+30    1.000000E+30    1.000000E+30    1.000000E+30    1.000000E+30    1.000000E+30    1.000000E+30    1.000000E+30    1.000000E+30    1.000000E+30    1.000000E+30    1.000000E+30    1.000000E+30    1.000000E+30    1.000000E+30    1.000000E+30    1.000000E+30    1.000000E+30    1.000000E+30    1.000000E+30    1.000000E+30    1.000000E+30    1.000000E+30    1.000000E+30    1.000000E+30    1.000000E+30    1.000000E+30    1.000000E+30    1.000000E+30    1.000000E+30    1.000000E+30    1.000000E+30    1.000000E+30    1.000000E+30    1.000000E+30    1.000000E+30    1.000000E+30    1.000000E+30    1.000000E+30    1.000000E+30    1.000000E+30    1.000000E+30    1.000000E+30    1.000000E+30    1.000000E+30    1.000000E+30    1.000000E+30    1.000000E+30
   1.770364E+01    1.752949E+01    1.740161E+01    1.727888E+01    1.721008E+01    1.000000E+30    1.000000E+30    1.000000E+30    1.000000E+30    1.000000E+30    1.000000E+30    1.000000E+30    1.000000E+30    1.000000E+30    1.000000E+30    1.000000E+30    1.000000E+30    1.000000E+30    1.000000E+30    1.000000E+30    1.000000E+30    1.000000E+30    1.000000E+30    1.000000E+30    1.000000E+30    1.000000E+30    1.000000E+30    1.000000E+30    1.000000E+30    1.000000E+30    1.000000E+30    1.000000E+30    1.000000E+30    1.000000E+30    1.000000E+30    1.000000E+30    1.000000E+30    1.000000E+30    1.000000E+30    1.000000E+30    1.000000E+30    1.000000E+30    1.000000E+30    1.000000E+30    1.000000E+30    1.000000E+30    1.000000E+30    1.000000E+30    1.000000E+30    1.000000E+30    1.000000E+30    1.000000E+30    1.000000E+30    1.000000E+30    1.000000E+30    1.000000E+30    1.000000E+30    1.000000E+30    1.000000E+30    1.000000E+30    1.000000E+30    1.000000E+30    1.000000E+30    1.000000E+30    1.000000E+30    1.000000E+30    1.000000E+30    1.000000E+30    1.000000E+30    1.000000E+30    1.000000E+30    1.000000E+30    1.000000E+30    1.000000E+30    1.000000E+30    1.000000E+30    1.000000E+30    1.000000E+30    1.000000E+30    1.000000E+30    1.000000E+30    1.000000E+30    1.000000E+30    1.000000E+30    1.000000E+30    1.000000E+30    1.000000E+30    1.000000E+30    1.000000E+30    1.000000E+30    1.000000E+30    1.000000E+30    1.000000E+30    1.000000E+30    1.707515E+01    1.691974E+01    1.679938E+01    1.670664E+01    1.662634E+01    1.655737E+01    1.649797E+01    1.645151E+01    1.642234E+01    1.000000E+30    1.000000E+30    1.000000E+30    1.000000E+30    1.000000E+30    1.000000E+30    1.000000E+30    1.000000E+30    1.000000E+30    1.000000E+30    1.000000E+30    1.000000E+30    1.000000E+30    1.000000E+30    1.000000E+30    1.000000E+30    1.000000E+30    1.000000E+30    1.000000E+30    1.000000E+30    1.000000E+30    1.000000E+30    1.000000E+30    1.000000E+30    1.000000E+30    1.000000E+30    1.000000E+30    1.000000E+30    1.000000E+30    1.000000E+30    1.000000E+30    1.000000E+30    1.000000E+30    1.000000E+30    1.000000E+30    1.000000E+30    1.000000E+30    1.000000E+30    1.000000E+30    1.000000E+30    1.000000E+30    1.000000E+30    1.000000E+30    1.000000E+30    1.000000E+30    1.000000E+30    1.000000E+30    1.000000E+30
   1.800308E+01    1.783431E+01    1.773552E+01    1.000000E+30    1.000000E+30    1.000000E+30    1.000000E+30    1.000000E+30    1.000000E+30    1.000000E+30    1.000000E+30    1.000000E+30    1.000000E+30    1.000000E+30    1.000000E+30    1.000000E+30    1.000000E+30    1.000000E+30    1.000000E+30    1.000000E+30    1.000000E+30    1.000000E+30    1.000000E+30    1.000000E+30    1.000000E+30    1.000000E+30    1.000000E+30    1.000000E+30    1.000000E+30    1.000000E+30    1.000000E+30    1.000000E+30    1.000000E+30    1.000000E+30    1.000000E+30    1.000000E+30    1.000000E+30    1.000000E+30    1.000000E+30    1.000000E+30    1.000000E+30    1.000000E+30    1.000000E+30    1.000000E+30    1.000000E+30    1.000000E+30    1.000000E+30    1.000000E+30    1.000000E+30    1.000000E+30    1.000000E+30    1.000000E+30    1.000000E+30    1.000000E+30    1.000000E+30    1.000000E+30    1.000000E+30    1.000000E+30    1.000000E+30    1.000000E+30    1.000000E+30    1.000000E+30    1.000000E+30    1.000000E+30    1.000000E+30    1.000000E+30    1.000000E+30    1.000000E+30    1.000000E+30    1.000000E+30    1.000000E+30    1.000000E+30    1.000000E+30    1.000000E+30    1.000000E+30    1.000000E+30    1.000000E+30    1.000000E+30    1.000000E+30    1.000000E+30    1.000000E+30    1.000000E+30    1.000000E+30    1.000000E+30    1.000000E+30    1.000000E+30    1.000000E+30    1.000000E+30    1.000000E+30    1.000000E+30    1.000000E+30    1.000000E+30    1.000000E+30    1.000000E+30    1.719768E+01    1.712515E+01    1.701467E+01    1.691723E+01    1.683025E+01    1.675447E+01    1.668868E+01    1.663636E+01    1.660406E+01    1.000000E+30    1.000000E+30    1.000000E+30    1.000000E+30    1.000000E+30    1.000000E+30    1.000000E+30    1.000000E+30    1.000000E+30    1.000000E+30    1.000000E+30    1.000000E+30    1.000000E+30    1.000000E+30    1.000000E+30    1.000000E+30    1.000000E+30    1.000000E+30    1.000000E+30    1.000000E+30    1.000000E+30    1.000000E+30    1.000000E+30    1.000000E+30    1.000000E+30    1.000000E+30    1.000000E+30    1.000000E+30    1.000000E+30    1.000000E+30    1.000000E+30    1.000000E+30    1.000000E+30    1.000000E+30    1.000000E+30    1.000000E+30    1.000000E+30    1.000000E+30    1.000000E+30    1.000000E+30    1.000000E+30    1.000000E+30    1.000000E+30    1.000000E+30    1.000000E+30    1.000000E+30    1.000000E+30    1.000000E+30
   1.823686E+01    1.000000E+30    1.000000E+30    1.000000E+30    1.000000E+30    1.000000E+30    1.000000E+30    1.000000E+30    1.000000E+30    1.000000E+30    1.000000E+30    1.000000E+30    1.000000E+30    1.000000E+30    1.000000E+30    1.000000E+30    1.000000E+30    1.000000E+30    1.000000E+30    1.000000E+30    1.000000E+30    1.000000E+30    1.000000E+30    1.000000E+30    1.000000E+30    1.000000E+30    1.000000E+30    1.000000E+30    1.000000E+30    1.000000E+30    1.000000E+30    1.000000E+30    1.000000E+30    1.000000E+30    1.000000E+30    1.000000E+30    1.000000E+30    1.000000E+30    1.000000E+30    1.000000E+30    1.000000E+30    1.000000E+30    1.000000E+30    1.000000E+30    1.000000E+30    1.000000E+30    1.000000E+30    1.000000E+30    1.000000E+30    1.000000E+30    1.000000E+30    1.000000E+30    1.000000E+30    1.000000E+30    1.000000E+30    1.000000E+30    1.000000E+30    1.000000E+30    1.000000E+30    1.000000E+30    1.000000E+30    1.000000E+30    1.000000E+30    1.000000E+30    1.000000E+30    1.000000E+30    1.000000E+30    1.000000E+30    1.000000E+30    1.000000E+30    1.000000E+30    1.000000E+30    1.000000E+30    1.000000E+30    1.000000E+30    1.000000E+30    1.000000E+30    1.000000E+30    1.000000E+30    1.000000E+30    1.000000E+30    1.000000E+30    1.000000E+30    1.000000E+30    1.000000E+30    1.000000E+30    1.000000E+30    1.000000E+30    1.000000E+30    1.000000E+30    1.000000E+30    1.000000E+30    1.000000E+30    1.000000E+30    1.000000E+30    1.741841E+01    1.725523E+01    1.713962E+01    1.704168E+01    1.695695E+01    1.688231E+01    1.682241E+01    1.678756E+01    1.000000E+30    1.000000E+30    1.000000E+30    1.000000E+30    1.000000E+30    1.000000E+30    1.000000E+30    1.000000E+30    1.000000E+30    1.000000E+30    1.000000E+30    1.000000E+30    1.000000E+30    1.000000E+30    1.000000E+30    1.000000E+30    1.000000E+30    1.000000E+30    1.000000E+30    1.000000E+30    1.000000E+30    1.000000E+30    1.000000E+30    1.000000E+30    1.000000E+30    1.000000E+30    1.000000E+30    1.000000E+30    1.000000E+30    1.000000E+30    1.000000E+30    1.000000E+30    1.000000E+30    1.000000E+30    1.000000E+30    1.000000E+30    1.000000E+30    1.000000E+30    1.000000E+30    1.000000E+30    1.000000E+30    1.000000E+30    1.000000E+30    1.000000E+30    1.000000E+30    1.000000E+30    1.000000E+30    1.000000E+30
   1.000000E+30    1.000000E+30    1.000000E+30    1.000000E+30    1.000000E+30    1.000000E+30    1.000000E+30    1.000000E+30    1.000000E+30    1.000000E+30    1.000000E+30    1.000000E+30    1.000000E+30    1.000000E+30    1.000000E+30    1.000000E+30    1.000000E+30    1.000000E+30    1.000000E+30    1.000000E+30    1.000000E+30    1.000000E+30    1.000000E+30    1.000000E+30    1.000000E+30    1.000000E+30    1.000000E+30    1.000000E+30    1.000000E+30    1.000000E+30    1.000000E+30    1.000000E+30    1.000000E+30    1.000000E+30    1.000000E+30    1.000000E+30    1.000000E+30    1.000000E+30    1.000000E+30    1.000000E+30    1.000000E+30    1.000000E+30    1.000000E+30    1.000000E+30    1.000000E+30    1.000000E+30    1.000000E+30    1.000000E+30    1.000000E+30    1.000000E+30    1.000000E+30    1.000000E+30    1.000000E+30    1.000000E+30    1.000000E+30    1.000000E+30    1.000000E+30    1.000000E+30    1.000000E+30    1.000000E+30    1.000000E+30    1.000000E+30    1.000000E+30    1.000000E+30    1.000000E+30    1.000000E+30    1.000000E+30    1.000000E+30    1.000000E+30    1.000000E+30    1.000000E+30    1.000000E+30    1.000000E+30    1.000000E+30    1.000000E+30    1.000000E+30    1.000000E+30    1.000000E+30    1.000000E+30    1.000000E+30    1.000000E+30    1.000000E+30    1.000000E+30    1.000000E+30    1.000000E+30    1.000000E+30    1.000000E+30    1.000000E+30    1.000000E+30    1.000000E+30    1.000000E+30    1.000000E+30    1.000000E+30    1.000000E+30    1.000000E+30    1.767469E+01    1.749474E+01    1.736714E+01    1.725940E+01    1.716589E+01    1.708181E+01    1.701101E+01    1.697196E+01    1.000000E+30    1.000000E+30    1.000000E+30    1.000000E+30    1.000000E+30    1.000000E+30    1.000000E+30    1.000000E+30    1.000000E+30    1.000000E+30    1.000000E+30    1.000000E+30    1.000000E+30    1.000000E+30    1.000000E+30    1.000000E+30    1.000000E+30    1.000000E+30    1.000000E+30    1.000000E+30    1.000000E+30    1.000000E+30    1.000000E+30    1.000000E+30    1.000000E+30    1.000000E+30    1.000000E+30    1.000000E+30    1.000000E+30    1.000000E+30    1.000000E+30    1.000000E+30    1.000000E+30    1.000000E+30    1.000000E+30    1.000000E+30    1.000000E+30    1.000000E+30    1.000000E+30    1.000000E+30    1.000000E+30    1.000000E+30    1.000000E+30    1.000000E+30    1.000000E+30    1.000000E+30    1.000000E+30    1.000000E+30
   1.000000E+30    1.000000E+30    1.000000E+30    1.000000E+30    1.000000E+30    1.000000E+30    1.000000E+30    1.000000E+30    1.000000E+30    1.000000E+30    1.000000E+30    1.000000E+30    1.000000E+30    1.000000E+30    1.000000E+30    1.000000E+30    1.000000E+30    1.000000E+30    1.000000E+30    1.000000E+30    1.000000E+30    1.000000E+30    1.000000E+30    1.000000E+30    1.000000E+30    1.000000E+30    1.000000E+30    1.000000E+30    1.000000E+30    1.000000E+30    1.000000E+30    1.000000E+30    1.000000E+30    1.000000E+30    1.000000E+30    1.000000E+30    1.000000E+30    1.000000E+30    1.000000E+30    1.000000E+30    1.000000E+30    1.000000E+30    1.000000E+30    1.000000E+30    1.000000E+30    1.000000E+30    1.000000E+30    1.000000E+30    1.000000E+30    1.000000E+30    1.000000E+30    1.000000E+30    1.000000E+30    1.000000E+30    1.000000E+30    1.000000E+30    1.000000E+30    1.000000E+30    1.000000E+30    1.000000E+30    1.000000E+30    1.000000E+30    1.000000E+30    1.000000E+30    1.000000E+30    1.000000E+30    1.000000E+30    1.000000E+30    1.000000E+30    1.000000E+30    1.000000E+30    1.000000E+30    1.000000E+30    1.000000E+30    1.000000E+30    1.000000E+30    1.000000E+30    1.000000E+30    1.000000E+30    1.000000E+30    1.000000E+30    1.000000E+30    1.000000E+30    1.000000E+30    1.000000E+30    1.000000E+30    1.000000E+30    1.000000E+30    1.000000E+30    1.000000E+30    1.000000E+30    1.000000E+30    1.000000E+30    1.000000E+30    1.000000E+30    1.791589E+01    1.773055E+01    1.759729E+01    1.748299E+01    1.738280E+01    1.728988E+01    1.720504E+01    1.714041E+01    1.000000E+30    1.000000E+30    1.000000E+30    1.000000E+30    1.000000E+30    1.000000E+30    1.000000E+30    1.000000E+30    1.000000E+30    1.000000E+30    1.000000E+30    1.000000E+30    1.000000E+30    1.000000E+30    1.000000E+30    1.000000E+30    1.000000E+30    1.000000E+30    1.000000E+30    1.000000E+30    1.000000E+30    1.000000E+30    1.000000E+30    1.000000E+30    1.000000E+30    1.000000E+30    1.000000E+30    1.000000E+30    1.000000E+30    1.000000E+30    1.000000E+30    1.000000E+30    1.000000E+30    1.000000E+30    1.000000E+30    1.000000E+30    1.000000E+30    1.000000E+30    1.000000E+30    1.000000E+30    1.000000E+30    1.000000E+30    1.000000E+30    1.000000E+30    1.000000E+30    1.000000E+30    1.000000E+30    1.000000E+30
   1.000000E+30    1.000000E+30    1.000000E+30    1.000000E+30    1.000000E+30    1.000000E+30    1.000000E+30    1.000000E+30    1.000000E+30    1.000000E+30    1.000000E+30    1.000000E+30    1.000000E+30    1.000000E+30    1.000000E+30    1.000000E+30    1.000000E+30    1.000000E+30    1.000000E+30    1.000000E+30    1.000000E+30    1.000000E+30    1.000000E+30    1.000000E+30    1.000000E+30    1.000000E+30    1.000000E+30    1.000000E+30    1.000000E+30    1.000000E+30    1.000000E+30    1.000000E+30    1.000000E+30    1.000000E+30    1.000000E+30    1.000000E+30    1.000000E+30    1.000000E+30    1.000000E+30    1.000000E+30    1.000000E+30    1.000000E+30    1.000000E+30    1.000000E+30    1.000000E+30    1.000000E+30    1.000000E+30    1.000000E+30    1.000000E+30    1.000000E+30    1.000000E+30    1.000000E+30    1.000000E+30    1.000000E+30    1.000000E+30    1.000000E+30    1.000000E+30    1.000000E+30    1.000000E+30    1.000000E+30    1.000000E+30    1.000000E+30    1.000000E+30    1.000000E+30    1.000000E+30    1.000000E+30    1.000000E+30    1.000000E+30    1.000000E+30    1.000000E+30    1.000000E+30    1.000000E+30    1.000000E+30    1.000000E+30    1.000000E+30    1.000000E+30    1.000000E+30    1.000000E+30    1.000000E+30    1.000000E+30    1.000000E+30    1.000000E+30    1.000000E+30    1.000000E+30    1.000000E+30    1.000000E+30    1.000000E+30    1.000000E+30    1.000000E+30    1.000000E+30    1.000000E+30    1.000000E+30    1.000000E+30    1.000000E+30    1.000000E+30    1.815114E+01    1.796434E+01    1.782938E+01    1.771259E+01    1.760947E+01    1.751143E+01    1.741525E+01    1.726308E+01    1.000000E+30    1.000000E+30    1.000000E+30    1.000000E+30    1.000000E+30    1.000000E+30    1.000000E+30    1.000000E+30    1.000000E+30    1.000000E+30    1.000000E+30    1.000000E+30    1.000000E+30    1.000000E+30    1.000000E+30    1.000000E+30    1.000000E+30    1.000000E+30    1.000000E+30    1.000000E+30    1.000000E+30    1.000000E+30    1.000000E+30    1.000000E+30    1.000000E+30    1.000000E+30    1.000000E+30    1.000000E+30    1.000000E+30    1.000000E+30    1.000000E+30    1.000000E+30    1.000000E+30    1.000000E+30    1.000000E+30    1.000000E+30    1.000000E+30    1.000000E+30    1.000000E+30    1.000000E+30    1.000000E+30    1.000000E+30    1.000000E+30    1.000000E+30    1.000000E+30    1.000000E+30    1.000000E+30    1.000000E+30
   1.000000E+30    1.000000E+30    1.000000E+30    1.000000E+30    1.000000E+30    1.000000E+30    1.000000E+30    1.000000E+30    1.000000E+30    1.000000E+30    1.000000E+30    1.000000E+30    1.000000E+30    1.000000E+30    1.000000E+30    1.000000E+30    1.000000E+30    1.000000E+30    1.000000E+30    1.000000E+30    1.000000E+30    1.000000E+30    1.000000E+30    1.000000E+30    1.000000E+30    1.000000E+30    1.000000E+30    1.000000E+30    1.000000E+30    1.000000E+30    1.000000E+30    1.000000E+30    1.000000E+30    1.000000E+30    1.000000E+30    1.000000E+30    1.000000E+30    1.000000E+30    1.000000E+30    1.000000E+30    1.000000E+30    1.000000E+30    1.000000E+30    1.000000E+30    1.000000E+30    1.000000E+30    1.000000E+30    1.000000E+30    1.000000E+30    1.000000E+30    1.000000E+30    1.000000E+30    1.000000E+30    1.000000E+30    1.000000E+30    1.000000E+30    1.000000E+30    1.000000E+30    1.000000E+30    1.000000E+30    1.000000E+30    1.000000E+30    1.000000E+30    1.000000E+30    1.000000E+30    1.000000E+30    1.000000E+30    1.000000E+30    1.000000E+30    1.000000E+30    1.000000E+30    1.000000E+30    1.000000E+30    1.000000E+30    1.000000E+30    1.000000E+30    1.000000E+30    1.000000E+30    1.000000E+30    1.000000E+30    1.000000E+30    1.000000E+30    1.000000E+30    1.000000E+30    1.000000E+30    1.000000E+30    1.000000E+30    1.000000E+30    1.000000E+30    1.000000E+30    1.000000E+30    1.000000E+30    1.000000E+30    1.000000E+30    1.000000E+30    1.838444E+01    1.819784E+01    1.806385E+01    1.794855E+01    1.784846E+01    1.776048E+01    1.770884E+01    1.000000E+30    1.000000E+30    1.000000E+30    1.000000E+30    1.000000E+30    1.000000E+30    1.000000E+30    1.000000E+30    1.000000E+30    1.000000E+30    1.000000E+30    1.000000E+30    1.000000E+30    1.000000E+30    1.000000E+30    1.000000E+30    1.000000E+30    1.000000E+30    1.000000E+30    1.000000E+30    1.000000E+30    1.000000E+30    1.000000E+30    1.000000E+30    1.000000E+30    1.000000E+30    1.000000E+30    1.000000E+30    1.000000E+30    1.000000E+30    1.000000E+30    1.000000E+30    1.000000E+30    1.000000E+30    1.000000E+30    1.000000E+30    1.000000E+30    1.000000E+30    1.000000E+30    1.000000E+30    1.000000E+30    1.000000E+30    1.000000E+30    1.000000E+30    1.000000E+30    1.000000E+30    1.000000E+30    1.000000E+30    1.000000E+30
   1.000000E+30    1.000000E+30    1.000000E+30    1.000000E+30    1.000000E+30    1.000000E+30    1.000000E+30    1.000000E+30    1.000000E+30    1.000000E+30    1.000000E+30    1.000000E+30    1.000000E+30    1.000000E+30    1.000000E+30    1.000000E+30    1.000000E+30    1.000000E+30    1.000000E+30    1.000000E+30    1.000000E+30    1.000000E+30    1.000000E+30    1.000000E+30    1.000000E+30    1.000000E+30    1.000000E+30    1.000000E+30    1.000000E+30    1.000000E+30    1.000000E+30    1.000000E+30    1.000000E+30    1.000000E+30    1.000000E+30    1.000000E+30    1.000000E+30    1.000000E+30    1.000000E+30    1.000000E+30    1.000000E+30    1.000000E+30    1.000000E+30    1.000000E+30    1.000000E+30    1.000000E+30    1.000000E+30    1.000000E+30    1.000000E+30    1.000000E+30    1.000000E+30    1.000000E+30    1.000000E+30    1.000000E+30    1.000000E+30    1.000000E+30    1.000000E+30    1.000000E+30    1.000000E+30    1.000000E+30    1.000000E+30    1.000000E+30    1.000000E+30    1.000000E+30    1.000000E+30    1.000000E+30    1.000000E+30    1.000000E+30    1.000000E+30    1.000000E+30    1.000000E+30    1.000000E+30    1.000000E+30    1.000000E+30    1.000000E+30    1.000000E+30    1.000000E+30    1.000000E+30    1.000000E+30    1.000000E+30    1.000000E+30    1.000000E+30    1.000000E+30    1.000000E+30    1.000000E+30    1.000000E+30    1.000000E+30    1.000000E+30    1.000000E+30    1.000000E+30    1.000000E+30    1.000000E+30    1.000000E+30    1.000000E+30    1.000000E+30    1.861785E+01    1.843213E+01    1.830030E+01    1.818830E+01    1.809253E+01    1.801111E+01    1.796711E+01    1.000000E+30    1.000000E+30    1.000000E+30    1.000000E+30    1.000000E+30    1.000000E+30    1.000000E+30    1.000000E+30    1.000000E+30    1.000000E+30    1.000000E+30    1.000000E+30    1.000000E+30    1.000000E+30    1.000000E+30    1.000000E+30    1.000000E+30    1.000000E+30    1.000000E+30    1.000000E+30    1.000000E+30    1.000000E+30    1.000000E+30    1.000000E+30    1.000000E+30    1.000000E+30    1.000000E+30    1.000000E+30    1.000000E+30    1.000000E+30    1.000000E+30    1.000000E+30    1.000000E+30    1.000000E+30    1.000000E+30    1.000000E+30    1.000000E+30    1.000000E+30    1.000000E+30    1.000000E+30    1.000000E+30    1.000000E+30    1.000000E+30    1.000000E+30    1.000000E+30    1.000000E+30    1.000000E+30    1.000000E+30    1.000000E+30
   1.000000E+30    1.000000E+30    1.000000E+30    1.000000E+30    1.000000E+30    1.000000E+30    1.000000E+30    1.000000E+30    1.000000E+30    1.000000E+30    1.000000E+30    1.000000E+30    1.000000E+30    1.000000E+30    1.000000E+30    1.000000E+30    1.000000E+30    1.000000E+30    1.000000E+30    1.000000E+30    1.000000E+30    1.000000E+30    1.000000E+30    1.000000E+30    1.000000E+30    1.000000E+30    1.000000E+30    1.000000E+30    1.000000E+30    1.000000E+30    1.000000E+30    1.000000E+30    1.000000E+30    1.000000E+30    1.000000E+30    1.000000E+30    1.000000E+30    1.000000E+30    1.000000E+30    1.000000E+30    1.000000E+30    1.000000E+30    1.000000E+30    1.000000E+30    1.000000E+30    1.000000E+30    1.000000E+30    1.000000E+30    1.000000E+30    1.000000E+30    1.000000E+30    1.000000E+30    1.000000E+30    1.000000E+30    1.000000E+30    1.000000E+30    1.000000E+30    1.000000E+30    1.000000E+30    1.000000E+30    1.000000E+30    1.000000E+30    1.000000E+30    1.000000E+30    1.000000E+30    1.000000E+30    1.000000E+30    1.000000E+30    1.000000E+30    1.000000E+30    1.000000E+30    1.000000E+30    1.000000E+30    1.000000E+30    1.000000E+30    1.000000E+30    1.000000E+30    1.000000E+30    1.000000E+30    1.000000E+30    1.000000E+30    1.000000E+30    1.000000E+30    1.000000E+30    1.000000E+30    1.000000E+30    1.000000E+30    1.000000E+30    1.000000E+30    1.000000E+30    1.000000E+30    1.000000E+30    1.000000E+30    1.000000E+30    1.000000E+30    1.885143E+01    1.866760E+01    1.853880E+01    1.843074E+01    1.833798E+01    1.825626E+01    1.820433E+01    1.000000E+30    1.000000E+30    1.000000E+30    1.000000E+30    1.000000E+30    1.000000E+30    1.000000E+30    1.000000E+30    1.000000E+30    1.000000E+30    1.000000E+30    1.000000E+30    1.000000E+30    1.000000E+30    1.000000E+30    1.000000E+30    1.000000E+30    1.000000E+30    1.000000E+30    1.000000E+30    1.000000E+30    1.000000E+30    1.000000E+30    1.000000E+30    1.000000E+30    1.000000E+30    1.000000E+30    1.000000E+30    1.000000E+30    1.000000E+30    1.000000E+30    1.000000E+30    1.000000E+30    1.000000E+30    1.000000E+30    1.000000E+30    1.000000E+30    1.000000E+30    1.000000E+30    1.000000E+30    1.000000E+30    1.000000E+30    1.000000E+30    1.000000E+30    1.000000E+30    1.000000E+30    1.000000E+30    1.000000E+30    1.000000E+30
   1.000000E+30    1.000000E+30    1.000000E+30    1.000000E+30    1.000000E+30    1.000000E+30    1.000000E+30    1.000000E+30    1.000000E+30    1.000000E+30    1.000000E+30    1.000000E+30    1.000000E+30    1.000000E+30    1.000000E+30    1.000000E+30    1.000000E+30    1.000000E+30    1.000000E+30    1.000000E+30    1.000000E+30    1.000000E+30    1.000000E+30    1.000000E+30    1.000000E+30    1.000000E+30    1.000000E+30    1.000000E+30    1.000000E+30    1.000000E+30    1.000000E+30    1.000000E+30    1.000000E+30    1.000000E+30    1.000000E+30    1.000000E+30    1.000000E+30    1.000000E+30    1.000000E+30    1.000000E+30    1.000000E+30    1.000000E+30    1.000000E+30    1.000000E+30    1.000000E+30    1.000000E+30    1.000000E+30    1.000000E+30    1.000000E+30    1.000000E+30    1.000000E+30    1.000000E+30    1.000000E+30    1.000000E+30    1.000000E+30    1.000000E+30    1.000000E+30    1.000000E+30    1.000000E+30    1.000000E+30    1.000000E+30    1.000000E+30    1.000000E+30    1.000000E+30    1.000000E+30    1.000000E+30    1.000000E+30    1.000000E+30    1.000000E+30    1.000000E+30    1.000000E+30    1.000000E+30    1.000000E+30    1.000000E+30    1.000000E+30    1.000000E+30    1.000000E+30    1.000000E+30    1.000000E+30    1.000000E+30    1.000000E+30    1.000000E+30    1.000000E+30    1.000000E+30    1.000000E+30    1.000000E+30    1.000000E+30    1.000000E+30    1.000000E+30    1.000000E+30    1.000000E+30    1.000000E+30    1.000000E+30    1.000000E+30    1.000000E+30    1.908136E+01    1.890223E+01    1.877882E+01    1.867779E+01    1.858972E+01    1.850233E+01    1.841804E+01    1.000000E+30    1.000000E+30    1.000000E+30    1.000000E+30    1.000000E+30    1.000000E+30    1.000000E+30    1.000000E+30    1.000000E+30    1.000000E+30    1.000000E+30    1.000000E+30    1.000000E+30    1.000000E+30    1.000000E+30    1.000000E+30    1.000000E+30    1.000000E+30    1.000000E+30    1.000000E+30    1.000000E+30    1.000000E+30    1.000000E+30    1.000000E+30    1.000000E+30    1.000000E+30    1.000000E+30    1.000000E+30    1.000000E+30    1.000000E+30    1.000000E+30    1.000000E+30    1.000000E+30    1.000000E+30    1.000000E+30    1.000000E+30    1.000000E+30    1.000000E+30    1.000000E+30    1.000000E+30    1.000000E+30    1.000000E+30    1.000000E+30    1.000000E+30    1.000000E+30    1.000000E+30    1.000000E+30    1.000000E+30    1.000000E+30
   1.000000E+30    1.000000E+30    1.000000E+30    1.000000E+30    1.000000E+30    1.000000E+30    1.000000E+30    1.000000E+30    1.000000E+30    1.000000E+30    1.000000E+30    1.000000E+30    1.000000E+30    1.000000E+30    1.000000E+30    1.000000E+30    1.000000E+30    1.000000E+30    1.000000E+30    1.000000E+30    1.000000E+30    1.000000E+30    1.000000E+30    1.000000E+30    1.000000E+30    1.000000E+30    1.000000E+30    1.000000E+30    1.000000E+30    1.000000E+30    1.000000E+30    1.000000E+30    1.000000E+30    1.000000E+30    1.000000E+30    1.000000E+30    1.000000E+30    1.000000E+30    1.000000E+30    1.000000E+30    1.000000E+30    1.000000E+30    1.000000E+30    1.000000E+30    1.000000E+30    1.000000E+30    1.000000E+30    1.000000E+30    1.000000E+30    1.000000E+30    1.000000E+30    1.000000E+30    1.000000E+30    1.000000E+30    1.000000E+30    1.000000E+30    1.000000E+30    1.000000E+30    1.000000E+30    1.000000E+30    1.000000E+30    1.000000E+30    1.000000E+30    1.000000E+30    1.000000E+30    1.000000E+30    1.000000E+30    1.000000E+30    1.000000E+30    1.000000E+30    1.000000E+30    1.000000E+30    1.000000E+30    1.000000E+30    1.000000E+30    1.000000E+30    1.000000E+30    1.000000E+30    1.000000E+30    1.000000E+30    1.000000E+30    1.000000E+30    1.000000E+30    1.000000E+30    1.000000E+30    1.000000E+30    1.000000E+30    1.000000E+30    1.000000E+30    1.000000E+30    1.000000E+30    1.000000E+30    1.000000E+30    1.000000E+30    1.000000E+30    1.930301E+01    1.913157E+01    1.901823E+01    1.893175E+01    1.886087E+01    1.878048E+01    1.857927E+01    1.000000E+30    1.000000E+30    1.000000E+30    1.000000E+30    1.000000E+30    1.000000E+30    1.000000E+30    1.000000E+30    1.000000E+30    1.000000E+30    1.000000E+30    1.000000E+30    1.000000E+30    1.000000E+30    1.000000E+30    1.000000E+30    1.000000E+30    1.000000E+30    1.000000E+30    1.000000E+30    1.000000E+30    1.000000E+30    1.000000E+30    1.000000E+30    1.000000E+30    1.000000E+30    1.000000E+30    1.000000E+30    1.000000E+30    1.000000E+30    1.000000E+30    1.000000E+30    1.000000E+30    1.000000E+30    1.000000E+30    1.000000E+30    1.000000E+30    1.000000E+30    1.000000E+30    1.000000E+30    1.000000E+30    1.000000E+30    1.000000E+30    1.000000E+30    1.000000E+30    1.000000E+30    1.000000E+30    1.000000E+30    1.000000E+30
   1.000000E+30    1.000000E+30    1.000000E+30    1.000000E+30    1.000000E+30    1.000000E+30    1.000000E+30    1.000000E+30    1.000000E+30    1.000000E+30    1.000000E+30    1.000000E+30    1.000000E+30    1.000000E+30    1.000000E+30    1.000000E+30    1.000000E+30    1.000000E+30    1.000000E+30    1.000000E+30    1.000000E+30    1.000000E+30    1.000000E+30    1.000000E+30    1.000000E+30    1.000000E+30    1.000000E+30    1.000000E+30    1.000000E+30    1.000000E+30    1.000000E+30    1.000000E+30    1.000000E+30    1.000000E+30    1.000000E+30    1.000000E+30    1.000000E+30    1.000000E+30    1.000000E+30    1.000000E+30    1.000000E+30    1.000000E+30    1.000000E+30    1.000000E+30    1.000000E+30    1.000000E+30    1.000000E+30    1.000000E+30    1.000000E+30    1.000000E+30    1.000000E+30    1.000000E+30    1.000000E+30    1.000000E+30    1.000000E+30    1.000000E+30    1.000000E+30    1.000000E+30    1.000000E+30    1.000000E+30    1.000000E+30    1.000000E+30    1.000000E+30    1.000000E+30    1.000000E+30    1.000000E+30    1.000000E+30    1.000000E+30    1.000000E+30    1.000000E+30    1.000000E+30    1.000000E+30    1.000000E+30    1.000000E+30    1.000000E+30    1.000000E+30    1.000000E+30    1.000000E+30    1.000000E+30    1.000000E+30    1.000000E+30    1.000000E+30    1.000000E+30    1.000000E+30    1.000000E+30    1.000000E+30    1.000000E+30    1.000000E+30    1.000000E+30    1.000000E+30    1.000000E+30    1.000000E+30    1.000000E+30    1.000000E+30    1.000000E+30    1.951202E+01    1.935109E+01    1.925243E+01    1.919011E+01    1.916761E+01    1.922328E+01    1.000000E+30    1.000000E+30    1.000000E+30    1.000000E+30    1.000000E+30    1.000000E+30    1.000000E+30    1.000000E+30    1.000000E+30    1.000000E+30    1.000000E+30    1.000000E+30    1.000000E+30    1.000000E+30    1.000000E+30    1.000000E+30    1.000000E+30    1.000000E+30    1.000000E+30    1.000000E+30    1.000000E+30    1.000000E+30    1.000000E+30    1.000000E+30    1.000000E+30    1.000000E+30    1.000000E+30    1.000000E+30    1.000000E+30    1.000000E+30    1.000000E+30    1.000000E+30    1.000000E+30    1.000000E+30    1.000000E+30    1.000000E+30    1.000000E+30    1.000000E+30    1.000000E+30    1.000000E+30    1.000000E+30    1.000000E+30    1.000000E+30    1.000000E+30    1.000000E+30    1.000000E+30    1.000000E+30    1.000000E+30    1.000000E+30    1.000000E+30
   1.000000E+30    1.000000E+30    1.000000E+30    1.000000E+30    1.000000E+30    1.000000E+30    1.000000E+30    1.000000E+30    1.000000E+30    1.000000E+30    1.000000E+30    1.000000E+30    1.000000E+30    1.000000E+30    1.000000E+30    1.000000E+30    1.000000E+30    1.000000E+30    1.000000E+30    1.000000E+30    1.000000E+30    1.000000E+30    1.000000E+30    1.000000E+30    1.000000E+30    1.000000E+30    1.000000E+30    1.000000E+30    1.000000E+30    1.000000E+30    1.000000E+30    1.000000E+30    1.000000E+30    1.000000E+30    1.000000E+30    1.000000E+30    1.000000E+30    1.000000E+30    1.000000E+30    1.000000E+30    1.000000E+30    1.000000E+30    1.000000E+30    1.000000E+30    1.000000E+30    1.000000E+30    1.000000E+30    1.000000E+30    1.000000E+30    1.000000E+30    1.000000E+30    1.000000E+30    1.000000E+30    1.000000E+30    1.000000E+30    1.000000E+30    1.000000E+30    1.000000E+30    1.000000E+30    1.000000E+30    1.000000E+30    1.000000E+30    1.000000E+30    1.000000E+30    1.000000E+30    1.000000E+30    1.000000E+30    1.000000E+30    1.000000E+30    1.000000E+30    1.000000E+30    1.000000E+30    1.000000E+30    1.000000E+30    1.000000E+30    1.000000E+30    1.000000E+30    1.000000E+30    1.000000E+30    1.000000E+30    1.000000E+30    1.000000E+30    1.000000E+30    1.000000E+30    1.000000E+30    1.000000E+30    1.000000E+30    1.000000E+30    1.000000E+30    1.000000E+30    1.000000E+30    1.000000E+30    1.000000E+30    1.000000E+30    1.000000E+30    1.970590E+01    1.955475E+01    1.947265E+01    1.943087E+01    1.943868E+01    1.953683E+01    1.000000E+30    1.000000E+30    1.000000E+30    1.000000E+30    1.000000E+30    1.000000E+30    1.000000E+30    1.000000E+30    1.000000E+30    1.000000E+30    1.000000E+30    1.000000E+30    1.000000E+30    1.000000E+30    1.000000E+30    1.000000E+30    1.000000E+30    1.000000E+30    1.000000E+30    1.000000E+30    1.000000E+30    1.000000E+30    1.000000E+30    1.000000E+30    1.000000E+30    1.000000E+30    1.000000E+30    1.000000E+30    1.000000E+30    1.000000E+30    1.000000E+30    1.000000E+30    1.000000E+30    1.000000E+30    1.000000E+30    1.000000E+30    1.000000E+30    1.000000E+30    1.000000E+30    1.000000E+30    1.000000E+30    1.000000E+30    1.000000E+30    1.000000E+30    1.000000E+30    1.000000E+30    1.000000E+30    1.000000E+30    1.000000E+30    1.000000E+30
   1.000000E+30    1.000000E+30    1.000000E+30    1.000000E+30    1.000000E+30    1.000000E+30    1.000000E+30    1.000000E+30    1.000000E+30    1.000000E+30    1.000000E+30    1.000000E+30    1.000000E+30    1.000000E+30    1.000000E+30    1.000000E+30    1.000000E+30    1.000000E+30    1.000000E+30    1.000000E+30    1.000000E+30    1.000000E+30    1.000000E+30    1.000000E+30    1.000000E+30    1.000000E+30    1.000000E+30    1.000000E+30    1.000000E+30    1.000000E+30    1.000000E+30    1.000000E+30    1.000000E+30    1.000000E+30    1.000000E+30    1.000000E+30    1.000000E+30    1.000000E+30    1.000000E+30    1.000000E+30    1.000000E+30    1.000000E+30    1.000000E+30    1.000000E+30    1.000000E+30    1.000000E+30    1.000000E+30    1.000000E+30    1.000000E+30    1.000000E+30    1.000000E+30    1.000000E+30    1.000000E+30    1.000000E+30    1.000000E+30    1.000000E+30    1.000000E+30    1.000000E+30    1.000000E+30    1.000000E+30    1.000000E+30    1.000000E+30    1.000000E+30    1.000000E+30    1.000000E+30    1.000000E+30    1.000000E+30    1.000000E+30    1.000000E+30    1.000000E+30    1.000000E+30    1.000000E+30    1.000000E+30    1.000000E+30    1.000000E+30    1.000000E+30    1.000000E+30    1.000000E+30    1.000000E+30    1.000000E+30    1.000000E+30    1.000000E+30    1.000000E+30    1.000000E+30    1.000000E+30    1.000000E+30    1.000000E+30    1.000000E+30    1.000000E+30    1.000000E+30    1.000000E+30    1.000000E+30    1.000000E+30    1.000000E+30    1.000000E+30    1.987682E+01    1.974110E+01    1.967515E+01    1.964722E+01    1.966697E+01    1.976412E+01    1.000000E+30    1.000000E+30    1.000000E+30    1.000000E+30    1.000000E+30    1.000000E+30    1.000000E+30    1.000000E+30    1.000000E+30    1.000000E+30    1.000000E+30    1.000000E+30    1.000000E+30    1.000000E+30    1.000000E+30    1.000000E+30    1.000000E+30    1.000000E+30    1.000000E+30    1.000000E+30    1.000000E+30    1.000000E+30    1.000000E+30    1.000000E+30    1.000000E+30    1.000000E+30    1.000000E+30    1.000000E+30    1.000000E+30    1.000000E+30    1.000000E+30    1.000000E+30    1.000000E+30    1.000000E+30    1.000000E+30    1.000000E+30    1.000000E+30    1.000000E+30    1.000000E+30    1.000000E+30    1.000000E+30    1.000000E+30    1.000000E+30    1.000000E+30    1.000000E+30    1.000000E+30    1.000000E+30    1.000000E+30    1.000000E+30    1.000000E+30
   1.000000E+30    1.000000E+30    1.000000E+30    1.000000E+30    1.000000E+30    1.000000E+30    1.000000E+30    1.000000E+30    1.000000E+30    1.000000E+30    1.000000E+30    1.000000E+30    1.000000E+30    1.000000E+30    1.000000E+30    1.000000E+30    1.000000E+30    1.000000E+30    1.000000E+30    1.000000E+30    1.000000E+30    1.000000E+30    1.000000E+30    1.000000E+30    1.000000E+30    1.000000E+30    1.000000E+30    1.000000E+30    1.000000E+30    1.000000E+30    1.000000E+30    1.000000E+30    1.000000E+30    1.000000E+30    1.000000E+30    1.000000E+30    1.000000E+30    1.000000E+30    1.000000E+30    1.000000E+30    1.000000E+30    1.000000E+30    1.000000E+30    1.000000E+30    1.000000E+30    1.000000E+30    1.000000E+30    1.000000E+30    1.000000E+30    1.000000E+30    1.000000E+30    1.000000E+30    1.000000E+30    1.000000E+30    1.000000E+30    1.000000E+30    1.000000E+30    1.000000E+30    1.000000E+30    1.000000E+30    1.000000E+30    1.000000E+30    1.000000E+30    1.000000E+30    1.000000E+30    1.000000E+30    1.000000E+30    1.000000E+30    1.000000E+30    1.000000E+30    1.000000E+30    1.000000E+30    1.000000E+30    1.000000E+30    1.000000E+30    1.000000E+30    1.000000E+30    1.000000E+30    1.000000E+30    1.000000E+30    1.000000E+30    1.000000E+30    1.000000E+30    1.000000E+30    1.000000E+30    1.000000E+30    1.000000E+30    1.000000E+30    1.000000E+30    1.000000E+30    1.000000E+30    1.000000E+30    1.000000E+30    1.000000E+30    1.000000E+30    1.999755E+01    1.991675E+01    1.986369E+01    1.984329E+01    1.986349E+01    1.990539E+01    1.000000E+30    1.000000E+30    1.000000E+30    1.000000E+30    1.000000E+30    1.000000E+30    1.000000E+30    1.000000E+30    1.000000E+30    1.000000E+30    1.000000E+30    1.000000E+30    1.000000E+30    1.000000E+30    1.000000E+30    1.000000E+30    1.000000E+30    1.000000E+30    1.000000E+30    1.000000E+30    1.000000E+30    1.000000E+30    1.000000E+30    1.000000E+30    1.000000E+30    1.000000E+30    1.000000E+30    1.000000E+30    1.000000E+30    1.000000E+30    1.000000E+30    1.000000E+30    1.000000E+30    1.000000E+30    1.000000E+30    1.000000E+30    1.000000E+30    1.000000E+30    1.000000E+30    1.000000E+30    1.000000E+30    1.000000E+30    1.000000E+30    1.000000E+30    1.000000E+30    1.000000E+30    1.000000E+30    1.000000E+30    1.000000E+30    1.000000E+30
