   1.000000E+30    1.000000E+30    1.000000E+30    1.000000E+30    1.000000E+30    1.000000E+30    1.000000E+30    1.000000E+30    1.000000E+30    1.000000E+30    1.000000E+30    1.000000E+30    1.000000E+30    1.000000E+30    1.000000E+30    1.000000E+30    1.000000E+30    1.000000E+30    1.000000E+30    1.000000E+30    1.000000E+30    1.000000E+30    1.000000E+30    1.000000E+30    1.000000E+30    1.000000E+30    1.000000E+30    1.000000E+30    1.000000E+30    1.000000E+30    1.000000E+30    1.000000E+30    1.000000E+30    1.000000E+30    1.000000E+30    1.000000E+30    1.000000E+30    1.000000E+30    1.000000E+30    1.000000E+30    1.000000E+30    1.000000E+30    1.000000E+30    1.000000E+30    1.000000E+30    1.000000E+30    1.000000E+30    1.000000E+30    1.000000E+30    1.000000E+30    1.000000E+30    1.000000E+30    1.000000E+30    1.000000E+30    1.000000E+30    1.000000E+30    1.000000E+30    1.000000E+30    1.000000E+30    1.285977E+01    1.284696E+01    1.282781E+01    1.280462E+01    1.277840E+01    1.274948E+01    1.271772E+01    1.268291E+01    1.264495E+01    1.260366E+01    1.255878E+01    1.251006E+01    1.245696E+01    1.239910E+01    1.233651E+01    1.226867E+01    1.219476E+01    1.211414E+01    1.202618E+01    1.192967E+01    1.182589E+01    1.172022E+01    1.163159E+01    1.000000E+30    1.000000E+30    1.000000E+30    1.000000E+30    1.000000E+30    1.000000E+30    1.000000E+30    1.000000E+30    1.000000E+30    1.000000E+30    1.000000E+30    1.000000E+30    1.000000E+30    1.000000E+30    1.000000E+30    1.000000E+30    1.000000E+30    1.000000E+30    1.000000E+30    1.000000E+30    1.000000E+30    1.000000E+30    1.000000E+30    1.000000E+30    1.000000E+30    1.000000E+30    1.000000E+30    1.000000E+30    1.000000E+30    1.000000E+30    1.000000E+30    1.000000E+30    1.000000E+30    1.000000E+30    1.000000E+30    1.000000E+30    1.000000E+30    1.000000E+30    1.000000E+30    1.000000E+30    1.000000E+30    1.000000E+30    1.000000E+30    1.000000E+30    1.000000E+30    1.000000E+30    1.000000E+30    1.000000E+30    1.000000E+30    1.000000E+30    1.000000E+30    1.000000E+30    1.000000E+30    1.000000E+30    1.000000E+30    1.000000E+30    1.000000E+30    1.000000E+30    1.000000E+30    1.000000E+30    1.000000E+30    1.000000E+30    1.000000E+30    1.000000E+30    1.000000E+30    1.000000E+30    1.000000E+30    1.000000E+30    1.000000E+30
   1.000000E+30    1.000000E+30    1.000000E+30    1.000000E+30    1.000000E+30    1.000000E+30    1.000000E+30    1.000000E+30    1.000000E+30    1.000000E+30    1.000000E+30    1.000000E+30    1.000000E+30    1.000000E+30    1.000000E+30    1.000000E+30    1.000000E+30    1.000000E+30    1.000000E+30    1.000000E+30    1.000000E+30    1.000000E+30    1.000000E+30    1.000000E+30    1.000000E+30    1.000000E+30    1.000000E+30    1.000000E+30    1.000000E+30    1.000000E+30    1.000000E+30    1.000000E+30    1.000000E+30    1.000000E+30    1.000000E+30    1.000000E+30    1.000000E+30    1.000000E+30    1.000000E+30    1.000000E+30    1.000000E+30    1.000000E+30    1.000000E+30    1.000000E+30    1.000000E+30    1.000000E+30    1.000000E+30    1.000000E+30    1.000000E+30    1.000000E+30    1.000000E+30    1.000000E+30    1.000000E+30    1.000000E+30    1.000000E+30    1.000000E+30    1.000000E+30    1.000000E+30    1.279693E+01    1.277741E+01    1.275831E+01    1.273676E+01    1.271259E+01    1.268590E+01    1.265652E+01    1.262433E+01    1.258936E+01    1.255145E+01    1.251040E+01    1.246594E+01    1.241748E+01    1.236470E+01    1.230777E+01    1.224626E+01    1.217931E+01    1.210577E+01    1.202535E+01    1.193700E+01    1.183942E+01    1.173078E+01    1.160578E+01    1.144526E+01    1.116827E+01    1.096533E+01    1.080259E+01    1.066543E+01    1.054672E+01    1.044143E+01    1.034550E+01    1.025757E+01    1.017629E+01    1.010155E+01    1.003255E+01    9.968546E+00    9.909198E+00    9.853981E+00    9.802093E+00    9.752826E+00    9.705636E+00    9.661088E+00    9.619053E+00    9.579227E+00    9.541096E+00    9.504196E+00    9.468677E+00    9.434697E+00    9.401839E+00    9.369213E+00    9.336815E+00    9.304987E+00    9.273296E+00    9.242523E+00    9.212787E+00    9.184057E+00    9.156182E+00    9.130217E+00    9.107380E+00    9.089606E+00    1.000000E+30    1.000000E+30    1.000000E+30    1.000000E+30    1.000000E+30    1.000000E+30    1.000000E+30    1.000000E+30    1.000000E+30    1.000000E+30    1.000000E+30    1.000000E+30    1.000000E+30    1.000000E+30    1.000000E+30    1.000000E+30    1.000000E+30    1.000000E+30    1.000000E+30    1.000000E+30    1.000000E+30    1.000000E+30    1.000000E+30    1.000000E+30    1.000000E+30    1.000000E+30    1.000000E+30    1.000000E+30    1.000000E+30    1.000000E+30    1.000000E+30    1.000000E+30    1.000000E+30
   1.000000E+30    1.000000E+30    1.000000E+30    1.000000E+30    1.000000E+30    1.000000E+30    1.000000E+30    1.000000E+30    1.000000E+30    1.000000E+30    1.000000E+30    1.000000E+30    1.000000E+30    1.000000E+30    1.000000E+30    1.000000E+30    1.000000E+30    1.000000E+30    1.000000E+30    1.000000E+30    1.000000E+30    1.000000E+30    1.000000E+30    1.000000E+30    1.000000E+30    1.000000E+30    1.000000E+30    1.000000E+30    1.000000E+30    1.000000E+30    1.000000E+30    1.000000E+30    1.000000E+30    1.000000E+30    1.000000E+30    1.000000E+30    1.000000E+30    1.000000E+30    1.000000E+30    1.000000E+30    1.000000E+30    1.000000E+30    1.000000E+30    1.000000E+30    1.000000E+30    1.000000E+30    1.000000E+30    1.000000E+30    1.000000E+30    1.000000E+30    1.000000E+30    1.000000E+30    1.000000E+30    1.000000E+30    1.000000E+30    1.000000E+30    1.276812E+01    1.275047E+01    1.272068E+01    1.269660E+01    1.267387E+01    1.265031E+01    1.262508E+01    1.259766E+01    1.256779E+01    1.253542E+01    1.250055E+01    1.246303E+01    1.242253E+01    1.237843E+01    1.233041E+01    1.227889E+01    1.222340E+01    1.216302E+01    1.209660E+01    1.202395E+01    1.194464E+01    1.185728E+01    1.176057E+01    1.165195E+01    1.152630E+01    1.137549E+01    1.118982E+01    1.102044E+01    1.087301E+01    1.074316E+01    1.062784E+01    1.052484E+01    1.043130E+01    1.034525E+01    1.026594E+01    1.019254E+01    1.012488E+01    1.006204E+01    1.000336E+01    9.948479E+00    9.897017E+00    9.848599E+00    9.802435E+00    9.758240E+00    9.716543E+00    9.676662E+00    9.638578E+00    9.602125E+00    9.567061E+00    9.533318E+00    9.500752E+00    9.468952E+00    9.437251E+00    9.405863E+00    9.374928E+00    9.344284E+00    9.314445E+00    9.285386E+00    9.257203E+00    9.228710E+00    9.198371E+00    9.165043E+00    9.117518E+00    9.075555E+00    9.031082E+00    8.981694E+00    8.932745E+00    8.883909E+00    8.834764E+00    8.784982E+00    8.733969E+00    8.682166E+00    8.629845E+00    8.577543E+00    8.524819E+00    8.471328E+00    8.416507E+00    8.361249E+00    8.304946E+00    8.246662E+00    8.186910E+00    8.125759E+00    8.062996E+00    7.998745E+00    7.932651E+00    7.863602E+00    7.791396E+00    7.716812E+00    7.641039E+00    7.565014E+00    7.488686E+00    7.413301E+00    7.343439E+00    7.291344E+00    1.000000E+30
   1.000000E+30    1.000000E+30    1.000000E+30    1.000000E+30    1.000000E+30    1.000000E+30    1.000000E+30    1.000000E+30    1.000000E+30    1.000000E+30    1.000000E+30    1.000000E+30    1.000000E+30    1.000000E+30    1.000000E+30    1.000000E+30    1.000000E+30    1.000000E+30    1.000000E+30    1.000000E+30    1.000000E+30    1.000000E+30    1.000000E+30    1.000000E+30    1.000000E+30    1.000000E+30    1.000000E+30    1.000000E+30    1.000000E+30    1.000000E+30    1.000000E+30    1.000000E+30    1.000000E+30    1.000000E+30    1.000000E+30    1.000000E+30    1.000000E+30    1.000000E+30    1.000000E+30    1.000000E+30    1.000000E+30    1.000000E+30    1.000000E+30    1.000000E+30    1.000000E+30    1.000000E+30    1.000000E+30    1.000000E+30    1.000000E+30    1.000000E+30    1.000000E+30    1.000000E+30    1.000000E+30    1.000000E+30    1.000000E+30    1.271226E+01    1.268898E+01    1.266625E+01    1.264083E+01    1.261630E+01    1.259213E+01    1.256736E+01    1.254123E+01    1.251321E+01    1.248311E+01    1.245090E+01    1.241645E+01    1.237943E+01    1.233936E+01    1.229583E+01    1.224924E+01    1.219921E+01    1.214483E+01    1.208526E+01    1.201994E+01    1.194933E+01    1.187229E+01    1.178745E+01    1.169364E+01    1.158950E+01    1.147227E+01    1.134027E+01    1.119516E+01    1.105339E+01    1.092284E+01    1.080407E+01    1.069559E+01    1.059670E+01    1.050649E+01    1.042338E+01    1.034651E+01    1.027526E+01    1.020914E+01    1.014774E+01    1.009054E+01    1.003670E+01    9.985928E+00    9.937734E+00    9.892483E+00    9.849164E+00    9.807513E+00    9.768038E+00    9.730601E+00    9.694777E+00    9.660089E+00    9.626685E+00    9.594580E+00    9.563449E+00    9.532365E+00    9.501473E+00    9.471039E+00    9.440653E+00    9.410564E+00    9.381340E+00    9.351815E+00    9.320011E+00    9.286406E+00    9.250470E+00    9.211462E+00    9.168996E+00    9.126114E+00    9.081407E+00    9.034470E+00    8.987256E+00    8.938845E+00    8.889546E+00    8.838657E+00    8.787080E+00    8.734542E+00    8.682467E+00    8.630334E+00    8.577701E+00    8.523706E+00    8.467811E+00    8.411251E+00    8.353264E+00    8.293490E+00    8.232354E+00    8.169651E+00    8.105137E+00    8.038915E+00    7.970361E+00    7.898938E+00    7.824313E+00    7.747210E+00    7.669065E+00    7.590491E+00    7.510760E+00    7.429578E+00    7.343659E+00    1.000000E+30
   1.000000E+30    1.000000E+30    1.000000E+30    1.000000E+30    1.000000E+30    1.000000E+30    1.000000E+30    1.000000E+30    1.000000E+30    1.000000E+30    1.000000E+30    1.000000E+30    1.000000E+30    1.000000E+30    1.000000E+30    1.000000E+30    1.000000E+30    1.000000E+30    1.000000E+30    1.000000E+30    1.000000E+30    1.000000E+30    1.000000E+30    1.000000E+30    1.000000E+30    1.000000E+30    1.000000E+30    1.000000E+30    1.000000E+30    1.000000E+30    1.000000E+30    1.000000E+30    1.000000E+30    1.000000E+30    1.000000E+30    1.000000E+30    1.000000E+30    1.000000E+30    1.000000E+30    1.000000E+30    1.000000E+30    1.000000E+30    1.000000E+30    1.000000E+30    1.000000E+30    1.000000E+30    1.000000E+30    1.000000E+30    1.000000E+30    1.000000E+30    1.000000E+30    1.000000E+30    1.000000E+30    1.269063E+01    1.267141E+01    1.263834E+01    1.261163E+01    1.258692E+01    1.256213E+01    1.253746E+01    1.251263E+01    1.248721E+01    1.246059E+01    1.243236E+01    1.240236E+01    1.237057E+01    1.233665E+01    1.230015E+01    1.226074E+01    1.221866E+01    1.217354E+01    1.212452E+01    1.207114E+01    1.201289E+01    1.194989E+01    1.188195E+01    1.180780E+01    1.172670E+01    1.163780E+01    1.154013E+01    1.143321E+01    1.131758E+01    1.119616E+01    1.107515E+01    1.095948E+01    1.085183E+01    1.075146E+01    1.065821E+01    1.057222E+01    1.049258E+01    1.041861E+01    1.034989E+01    1.028585E+01    1.022616E+01    1.017054E+01    1.011824E+01    1.006853E+01    1.002131E+01    9.976584E+00    9.934011E+00    9.893200E+00    9.854375E+00    9.817327E+00    9.781947E+00    9.747715E+00    9.714619E+00    9.682763E+00    9.652593E+00    9.622135E+00    9.591862E+00    9.561750E+00    9.531786E+00    9.501972E+00    9.471887E+00    9.440012E+00    9.406757E+00    9.372973E+00    9.338007E+00    9.300218E+00    9.260112E+00    9.218848E+00    9.176039E+00    9.131097E+00    9.085018E+00    9.037411E+00    8.988491E+00    8.938332E+00    8.886624E+00    8.834988E+00    8.783470E+00    8.731875E+00    8.679432E+00    8.626221E+00    8.570832E+00    8.514289E+00    8.456468E+00    8.396804E+00    8.335550E+00    8.272704E+00    8.208261E+00    8.141899E+00    8.072957E+00    8.001423E+00    7.926624E+00    7.848621E+00    7.768135E+00    7.686146E+00    7.601543E+00    7.512526E+00    7.415036E+00    1.000000E+30
   1.000000E+30    1.000000E+30    1.000000E+30    1.000000E+30    1.000000E+30    1.000000E+30    1.000000E+30    1.000000E+30    1.000000E+30    1.000000E+30    1.000000E+30    1.000000E+30    1.000000E+30    1.000000E+30    1.000000E+30    1.000000E+30    1.000000E+30    1.000000E+30    1.000000E+30    1.000000E+30    1.000000E+30    1.000000E+30    1.000000E+30    1.000000E+30    1.000000E+30    1.000000E+30    1.000000E+30    1.000000E+30    1.000000E+30    1.000000E+30    1.000000E+30    1.000000E+30    1.000000E+30    1.000000E+30    1.000000E+30    1.000000E+30    1.000000E+30    1.000000E+30    1.000000E+30    1.000000E+30    1.000000E+30    1.000000E+30    1.000000E+30    1.000000E+30    1.000000E+30    1.000000E+30    1.000000E+30    1.000000E+30    1.000000E+30    1.000000E+30    1.000000E+30    1.000000E+30    1.263651E+01    1.261176E+01    1.258761E+01    1.256046E+01    1.253454E+01    1.250967E+01    1.248503E+01    1.246031E+01    1.243534E+01    1.240972E+01    1.238300E+01    1.235492E+01    1.232534E+01    1.229407E+01    1.226066E+01    1.222499E+01    1.218699E+01    1.214630E+01    1.210214E+01    1.205426E+01    1.200242E+01    1.194642E+01    1.188611E+01    1.182098E+01    1.175032E+01    1.167361E+01    1.159042E+01    1.150027E+01    1.140326E+01    1.130095E+01    1.119548E+01    1.108970E+01    1.098731E+01    1.088995E+01    1.079747E+01    1.071048E+01    1.062942E+01    1.055364E+01    1.048295E+01    1.041702E+01    1.035530E+01    1.029753E+01    1.024355E+01    1.019305E+01    1.014491E+01    1.009899E+01    1.005529E+01    1.001358E+01    9.973908E+00    9.935959E+00    9.899329E+00    9.864164E+00    9.830341E+00    9.797524E+00    9.765681E+00    9.735491E+00    9.706732E+00    9.677066E+00    9.647241E+00    9.617754E+00    9.588034E+00    9.556362E+00    9.523588E+00    9.490810E+00    9.457721E+00    9.424638E+00    9.386323E+00    9.347263E+00    9.307891E+00    9.266163E+00    9.222931E+00    9.178221E+00    9.131462E+00    9.082963E+00    9.032980E+00    8.982100E+00    8.931318E+00    8.880433E+00    8.829113E+00    8.777145E+00    8.724244E+00    8.669923E+00    8.613537E+00    8.555946E+00    8.496508E+00    8.435218E+00    8.372260E+00    8.307503E+00    8.241009E+00    8.172082E+00    8.099948E+00    8.024662E+00    7.945681E+00    7.863414E+00    7.778469E+00    7.689301E+00    7.594593E+00    7.493305E+00    1.000000E+30
   1.000000E+30    1.000000E+30    1.000000E+30    1.000000E+30    1.000000E+30    1.000000E+30    1.000000E+30    1.000000E+30    1.000000E+30    1.000000E+30    1.000000E+30    1.000000E+30    1.000000E+30    1.000000E+30    1.000000E+30    1.000000E+30    1.000000E+30    1.000000E+30    1.000000E+30    1.000000E+30    1.000000E+30    1.000000E+30    1.000000E+30    1.000000E+30    1.000000E+30    1.000000E+30    1.000000E+30    1.000000E+30    1.000000E+30    1.000000E+30    1.000000E+30    1.000000E+30    1.000000E+30    1.000000E+30    1.000000E+30    1.000000E+30    1.000000E+30    1.000000E+30    1.000000E+30    1.000000E+30    1.000000E+30    1.000000E+30    1.000000E+30    1.000000E+30    1.000000E+30    1.000000E+30    1.000000E+30    1.000000E+30    1.000000E+30    1.000000E+30    1.261897E+01    1.259821E+01    1.256316E+01    1.253512E+01    1.250933E+01    1.248365E+01    1.245861E+01    1.243401E+01    1.240957E+01    1.238510E+01    1.236030E+01    1.233476E+01    1.230830E+01    1.228070E+01    1.225172E+01    1.222098E+01    1.218855E+01    1.215422E+01    1.211749E+01    1.207772E+01    1.203476E+01    1.198846E+01    1.193873E+01    1.188521E+01    1.182763E+01    1.176570E+01    1.169882E+01    1.162670E+01    1.154944E+01    1.146684E+01    1.137909E+01    1.128720E+01    1.119361E+01    1.110030E+01    1.100881E+01    1.092045E+01    1.083566E+01    1.075506E+01    1.067906E+01    1.060730E+01    1.054005E+01    1.047710E+01    1.041783E+01    1.036210E+01    1.031009E+01    1.026126E+01    1.021525E+01    1.017111E+01    1.012871E+01    1.008819E+01    1.004946E+01    1.001240E+01    9.976720E+00    9.942033E+00    9.908626E+00    9.876241E+00    9.844836E+00    9.814104E+00    9.785554E+00    9.757149E+00    9.727827E+00    9.698708E+00    9.667942E+00    9.635892E+00    9.604118E+00    9.572334E+00    9.540402E+00    9.506423E+00    9.469518E+00    9.430999E+00    9.392383E+00    9.352033E+00    9.310174E+00    9.266884E+00    9.221089E+00    9.173208E+00    9.123959E+00    9.074074E+00    9.023568E+00    8.973654E+00    8.922863E+00    8.871195E+00    8.818610E+00    8.765084E+00    8.709304E+00    8.651967E+00    8.592815E+00    8.531737E+00    8.468838E+00    8.403950E+00    8.336899E+00    8.267758E+00    8.195471E+00    8.119578E+00    8.039726E+00    7.955388E+00    7.867294E+00    7.775294E+00    7.677114E+00    7.572398E+00    1.000000E+30
   1.000000E+30    1.000000E+30    1.000000E+30    1.000000E+30    1.000000E+30    1.000000E+30    1.000000E+30    1.000000E+30    1.000000E+30    1.000000E+30    1.000000E+30    1.000000E+30    1.000000E+30    1.000000E+30    1.000000E+30    1.000000E+30    1.000000E+30    1.000000E+30    1.000000E+30    1.000000E+30    1.000000E+30    1.000000E+30    1.000000E+30    1.000000E+30    1.000000E+30    1.000000E+30    1.000000E+30    1.000000E+30    1.000000E+30    1.000000E+30    1.000000E+30    1.000000E+30    1.000000E+30    1.000000E+30    1.000000E+30    1.000000E+30    1.000000E+30    1.000000E+30    1.000000E+30    1.000000E+30    1.000000E+30    1.000000E+30    1.000000E+30    1.000000E+30    1.000000E+30    1.000000E+30    1.000000E+30    1.000000E+30    1.259303E+01    1.257418E+01    1.254179E+01    1.251475E+01    1.248592E+01    1.245896E+01    1.243339E+01    1.240857E+01    1.238420E+01    1.236006E+01    1.233605E+01    1.231196E+01    1.228746E+01    1.226235E+01    1.223647E+01    1.220948E+01    1.218110E+01    1.215149E+01    1.212045E+01    1.208723E+01    1.205138E+01    1.201281E+01    1.197139E+01    1.192703E+01    1.187957E+01    1.182864E+01    1.177392E+01    1.171523E+01    1.165231E+01    1.158508E+01    1.151366E+01    1.143790E+01    1.135837E+01    1.127571E+01    1.119130E+01    1.110745E+01    1.102522E+01    1.094505E+01    1.086741E+01    1.079282E+01    1.072206E+01    1.065456E+01    1.059073E+01    1.053080E+01    1.047405E+01    1.042039E+01    1.037061E+01    1.032396E+01    1.027969E+01    1.023744E+01    1.019683E+01    1.015774E+01    1.011998E+01    1.008380E+01    1.004907E+01    1.001529E+01    9.982547E+00    9.950937E+00    9.920127E+00    9.889958E+00    9.860526E+00    9.832246E+00    9.804083E+00    9.774129E+00    9.743051E+00    9.711901E+00    9.681631E+00    9.650917E+00    9.619505E+00    9.584459E+00    9.549017E+00    9.511748E+00    9.473525E+00    9.434209E+00    9.393421E+00    9.351358E+00    9.306447E+00    9.259360E+00    9.211088E+00    9.161645E+00    9.112533E+00    9.063270E+00    9.013187E+00    8.961999E+00    8.909750E+00    8.856575E+00    8.801879E+00    8.745166E+00    8.686512E+00    8.625615E+00    8.562726E+00    8.497932E+00    8.430785E+00    8.361099E+00    8.288567E+00    8.211710E+00    8.130380E+00    8.045011E+00    7.954786E+00    7.859701E+00    7.759061E+00    7.652444E+00    1.000000E+30
   1.000000E+30    1.000000E+30    1.000000E+30    1.000000E+30    1.000000E+30    1.000000E+30    1.000000E+30    1.000000E+30    1.000000E+30    1.000000E+30    1.000000E+30    1.000000E+30    1.000000E+30    1.000000E+30    1.000000E+30    1.000000E+30    1.000000E+30    1.000000E+30    1.000000E+30    1.000000E+30    1.000000E+30    1.000000E+30    1.000000E+30    1.000000E+30    1.000000E+30    1.000000E+30    1.000000E+30    1.000000E+30    1.000000E+30    1.000000E+30    1.000000E+30    1.000000E+30    1.000000E+30    1.000000E+30    1.000000E+30    1.000000E+30    1.000000E+30    1.000000E+30    1.000000E+30    1.000000E+30    1.000000E+30    1.000000E+30    1.000000E+30    1.000000E+30    1.000000E+30    1.000000E+30    1.000000E+30    1.253977E+01    1.251445E+01    1.248993E+01    1.246271E+01    1.243622E+01    1.240970E+01    1.238402E+01    1.235927E+01    1.233518E+01    1.231145E+01    1.228797E+01    1.226455E+01    1.224096E+01    1.221704E+01    1.219261E+01    1.216734E+01    1.214095E+01    1.211382E+01    1.208565E+01    1.205557E+01    1.202322E+01    1.198854E+01    1.195147E+01    1.191185E+01    1.186958E+01    1.182448E+01    1.177610E+01    1.172417E+01    1.166888E+01    1.161014E+01    1.154783E+01    1.148182E+01    1.141238E+01    1.133991E+01    1.126503E+01    1.118888E+01    1.111274E+01    1.103794E+01    1.096491E+01    1.089372E+01    1.082472E+01    1.075920E+01    1.069629E+01    1.063589E+01    1.057909E+01    1.052526E+01    1.047386E+01    1.042571E+01    1.038155E+01    1.033943E+01    1.029869E+01    1.025967E+01    1.022217E+01    1.018570E+01    1.015048E+01    1.011658E+01    1.008383E+01    1.005193E+01    1.002103E+01    9.990936E+00    9.961435E+00    9.932259E+00    9.904021E+00    9.875398E+00    9.845118E+00    9.815058E+00    9.785276E+00    9.755442E+00    9.726430E+00    9.694236E+00    9.660094E+00    9.625262E+00    9.589327E+00    9.551275E+00    9.512648E+00    9.472629E+00    9.431271E+00    9.387725E+00    9.341793E+00    9.294206E+00    9.246256E+00    9.198332E+00    9.149754E+00    9.100277E+00    9.049829E+00    8.997998E+00    8.945263E+00    8.891276E+00    8.835330E+00    8.777419E+00    8.717155E+00    8.654382E+00    8.589558E+00    8.522466E+00    8.452071E+00    8.378596E+00    8.301752E+00    8.219755E+00    8.132923E+00    8.041172E+00    7.944007E+00    7.841148E+00    7.732795E+00    1.000000E+30
   1.000000E+30    1.000000E+30    1.000000E+30    1.000000E+30    1.000000E+30    1.000000E+30    1.000000E+30    1.000000E+30    1.000000E+30    1.000000E+30    1.000000E+30    1.000000E+30    1.000000E+30    1.000000E+30    1.000000E+30    1.000000E+30    1.000000E+30    1.000000E+30    1.000000E+30    1.000000E+30    1.000000E+30    1.000000E+30    1.000000E+30    1.000000E+30    1.000000E+30    1.000000E+30    1.000000E+30    1.000000E+30    1.000000E+30    1.000000E+30    1.000000E+30    1.000000E+30    1.000000E+30    1.000000E+30    1.000000E+30    1.000000E+30    1.000000E+30    1.000000E+30    1.000000E+30    1.000000E+30    1.000000E+30    1.000000E+30    1.000000E+30    1.000000E+30    1.000000E+30    1.252573E+01    1.250428E+01    1.246767E+01    1.243859E+01    1.241222E+01    1.238617E+01    1.236055E+01    1.233537E+01    1.231085E+01    1.228703E+01    1.226364E+01    1.224059E+01    1.221785E+01    1.219517E+01    1.217237E+01    1.214920E+01    1.212537E+01    1.210077E+01    1.207570E+01    1.204991E+01    1.202256E+01    1.199332E+01    1.196210E+01    1.192885E+01    1.189344E+01    1.185578E+01    1.181566E+01    1.177286E+01    1.172694E+01    1.167799E+01    1.162630E+01    1.157161E+01    1.151389E+01    1.145300E+01    1.138933E+01    1.132313E+01    1.125503E+01    1.118597E+01    1.111663E+01    1.104805E+01    1.098108E+01    1.091572E+01    1.085200E+01    1.079116E+01    1.073292E+01    1.067637E+01    1.062262E+01    1.057171E+01    1.052298E+01    1.047656E+01    1.043382E+01    1.039408E+01    1.035523E+01    1.031777E+01    1.028185E+01    1.024701E+01    1.021297E+01    1.018004E+01    1.014817E+01    1.011710E+01    1.008693E+01    1.005749E+01    1.002853E+01    1.000014E+01    9.971738E+00    9.942277E+00    9.912831E+00    9.884199E+00    9.855187E+00    9.826176E+00    9.796621E+00    9.765417E+00    9.732738E+00    9.698536E+00    9.663670E+00    9.626348E+00    9.587905E+00    9.548538E+00    9.507945E+00    9.465478E+00    9.420691E+00    9.374705E+00    9.328307E+00    9.281459E+00    9.233810E+00    9.185118E+00    9.135383E+00    9.084088E+00    9.031732E+00    8.978172E+00    8.922899E+00    8.865392E+00    8.805808E+00    8.743746E+00    8.678689E+00    8.611241E+00    8.540999E+00    8.467183E+00    8.389842E+00    8.308015E+00    8.220882E+00    8.127977E+00    8.028848E+00    7.923860E+00    7.813354E+00    1.000000E+30
   1.000000E+30    1.000000E+30    1.000000E+30    1.000000E+30    1.000000E+30    1.000000E+30    1.000000E+30    1.000000E+30    1.000000E+30    1.000000E+30    1.000000E+30    1.000000E+30    1.000000E+30    1.000000E+30    1.000000E+30    1.000000E+30    1.000000E+30    1.000000E+30    1.000000E+30    1.000000E+30    1.000000E+30    1.000000E+30    1.000000E+30    1.000000E+30    1.000000E+30    1.000000E+30    1.000000E+30    1.000000E+30    1.000000E+30    1.000000E+30    1.000000E+30    1.000000E+30    1.000000E+30    1.000000E+30    1.000000E+30    1.000000E+30    1.000000E+30    1.000000E+30    1.000000E+30    1.000000E+30    1.000000E+30    1.000000E+30    1.000000E+30    1.000000E+30    1.247878E+01    1.244988E+01    1.242237E+01    1.239219E+01    1.236404E+01    1.233779E+01    1.231228E+01    1.228744E+01    1.226324E+01    1.223971E+01    1.221668E+01    1.219400E+01    1.217171E+01    1.214980E+01    1.212805E+01    1.210608E+01    1.208356E+01    1.206056E+01    1.203733E+01    1.201353E+01    1.198842E+01    1.196179E+01    1.193364E+01    1.190382E+01    1.187220E+01    1.183861E+01    1.180290E+01    1.176487E+01    1.172425E+01    1.168089E+01    1.163518E+01    1.158702E+01    1.153631E+01    1.148275E+01    1.142659E+01    1.136809E+01    1.130748E+01    1.124547E+01    1.118263E+01    1.111926E+01    1.105631E+01    1.099454E+01    1.093429E+01    1.087578E+01    1.081926E+01    1.076484E+01    1.071209E+01    1.066161E+01    1.061354E+01    1.056745E+01    1.052307E+01    1.048147E+01    1.044339E+01    1.040682E+01    1.037103E+01    1.033692E+01    1.030382E+01    1.027131E+01    1.023961E+01    1.020868E+01    1.017846E+01    1.014907E+01    1.012033E+01    1.009201E+01    1.006404E+01    1.003503E+01    1.000606E+01    9.977871E+00    9.950046E+00    9.921602E+00    9.893384E+00    9.862836E+00    9.832601E+00    9.801918E+00    9.769302E+00    9.735166E+00    9.699151E+00    9.661593E+00    9.623068E+00    9.583332E+00    9.541769E+00    9.498698E+00    9.453987E+00    9.408763E+00    9.362854E+00    9.316039E+00    9.268206E+00    9.219165E+00    9.168601E+00    9.116519E+00    9.063149E+00    9.008439E+00    8.951585E+00    8.892002E+00    8.830225E+00    8.765739E+00    8.698317E+00    8.628018E+00    8.554519E+00    8.477472E+00    8.395970E+00    8.308901E+00    8.215570E+00    8.115286E+00    8.008649E+00    7.895830E+00    1.000000E+30
   1.000000E+30    1.000000E+30    1.000000E+30    1.000000E+30    1.000000E+30    1.000000E+30    1.000000E+30    1.000000E+30    1.000000E+30    1.000000E+30    1.000000E+30    1.000000E+30    1.000000E+30    1.000000E+30    1.000000E+30    1.000000E+30    1.000000E+30    1.000000E+30    1.000000E+30    1.000000E+30    1.000000E+30    1.000000E+30    1.000000E+30    1.000000E+30    1.000000E+30    1.000000E+30    1.000000E+30    1.000000E+30    1.000000E+30    1.000000E+30    1.000000E+30    1.000000E+30    1.000000E+30    1.000000E+30    1.000000E+30    1.000000E+30    1.000000E+30    1.000000E+30    1.000000E+30    1.000000E+30    1.000000E+30    1.000000E+30    1.247678E+01    1.245245E+01    1.241073E+01    1.237753E+01    1.234773E+01    1.231887E+01    1.229166E+01    1.226589E+01    1.224099E+01    1.221681E+01    1.219337E+01    1.217062E+01    1.214829E+01    1.212637E+01    1.210497E+01    1.208398E+01    1.206300E+01    1.204169E+01    1.202017E+01    1.199855E+01    1.197649E+01    1.195334E+01    1.192896E+01    1.190339E+01    1.187658E+01    1.184834E+01    1.181838E+01    1.178659E+01    1.175280E+01    1.171677E+01    1.167841E+01    1.163798E+01    1.159544E+01    1.155069E+01    1.150348E+01    1.145381E+01    1.140195E+01    1.134812E+01    1.129269E+01    1.123609E+01    1.117838E+01    1.112034E+01    1.106297E+01    1.100629E+01    1.095049E+01    1.089627E+01    1.084380E+01    1.079292E+01    1.074382E+01    1.069658E+01    1.065120E+01    1.060772E+01    1.056569E+01    1.052575E+01    1.048875E+01    1.045409E+01    1.042021E+01    1.038768E+01    1.035629E+01    1.032566E+01    1.029536E+01    1.026563E+01    1.023632E+01    1.020766E+01    1.017956E+01    1.015211E+01    1.012373E+01    1.009512E+01    1.006717E+01    1.003995E+01    1.001258E+01    9.986089E+00    9.957329E+00    9.928021E+00    9.898123E+00    9.867986E+00    9.837023E+00    9.803476E+00    9.769135E+00    9.733568E+00    9.696461E+00    9.657951E+00    9.617586E+00    9.575870E+00    9.532695E+00    9.488808E+00    9.443810E+00    9.397295E+00    9.349711E+00    9.301239E+00    9.251410E+00    9.200009E+00    9.147105E+00    9.092399E+00    9.035973E+00    8.977234E+00    8.915652E+00    8.851499E+00    8.784587E+00    8.714619E+00    8.641197E+00    8.564277E+00    8.483147E+00    8.396580E+00    8.303353E+00    8.202891E+00    8.095365E+00    7.981485E+00    1.000000E+30
   1.000000E+30    1.000000E+30    1.000000E+30    1.000000E+30    1.000000E+30    1.000000E+30    1.000000E+30    1.000000E+30    1.000000E+30    1.000000E+30    1.000000E+30    1.000000E+30    1.000000E+30    1.000000E+30    1.000000E+30    1.000000E+30    1.000000E+30    1.000000E+30    1.000000E+30    1.000000E+30    1.000000E+30    1.000000E+30    1.000000E+30    1.000000E+30    1.000000E+30    1.000000E+30    1.000000E+30    1.000000E+30    1.000000E+30    1.000000E+30    1.000000E+30    1.000000E+30    1.000000E+30    1.000000E+30    1.000000E+30    1.000000E+30    1.000000E+30    1.000000E+30    1.000000E+30    1.000000E+30    1.000000E+30    1.243791E+01    1.240523E+01    1.237375E+01    1.233887E+01    1.230664E+01    1.227668E+01    1.224840E+01    1.222177E+01    1.219649E+01    1.217212E+01    1.214852E+01    1.212572E+01    1.210364E+01    1.208204E+01    1.206098E+01    1.204049E+01    1.202025E+01    1.199990E+01    1.197966E+01    1.195951E+01    1.193892E+01    1.191748E+01    1.189503E+01    1.187168E+01    1.184744E+01    1.182213E+01    1.179541E+01    1.176707E+01    1.173705E+01    1.170514E+01    1.167121E+01    1.163544E+01    1.159784E+01    1.155828E+01    1.151650E+01    1.147254E+01    1.142653E+01    1.137868E+01    1.132926E+01    1.127852E+01    1.122635E+01    1.117326E+01    1.112025E+01    1.106796E+01    1.101612E+01    1.096462E+01    1.091411E+01    1.086515E+01    1.081784E+01    1.077203E+01    1.072779E+01    1.068516E+01    1.064434E+01    1.060489E+01    1.056714E+01    1.053160E+01    1.049817E+01    1.046606E+01    1.043504E+01    1.040506E+01    1.037609E+01    1.034755E+01    1.031911E+01    1.029083E+01    1.026290E+01    1.023585E+01    1.020837E+01    1.018048E+01    1.015264E+01    1.012558E+01    1.009908E+01    1.007236E+01    1.004704E+01    1.001925E+01    9.991480E+00    9.962598E+00    9.932761E+00    9.902110E+00    9.869655E+00    9.836433E+00    9.802489E+00    9.767323E+00    9.730793E+00    9.692406E+00    9.652399E+00    9.611211E+00    9.568585E+00    9.524640E+00    9.478637E+00    9.430779E+00    9.382185E+00    9.332968E+00    9.281971E+00    9.229795E+00    9.175952E+00    9.119785E+00    9.061624E+00    9.001097E+00    8.938036E+00    8.871525E+00    8.801747E+00    8.728360E+00    8.651463E+00    8.570515E+00    8.484211E+00    8.391099E+00    8.290690E+00    8.183536E+00    8.069525E+00    1.000000E+30
   1.000000E+30    1.000000E+30    1.000000E+30    1.000000E+30    1.000000E+30    1.000000E+30    1.000000E+30    1.000000E+30    1.000000E+30    1.000000E+30    1.000000E+30    1.000000E+30    1.000000E+30    1.000000E+30    1.000000E+30    1.000000E+30    1.000000E+30    1.000000E+30    1.000000E+30    1.000000E+30    1.000000E+30    1.000000E+30    1.000000E+30    1.000000E+30    1.000000E+30    1.000000E+30    1.000000E+30    1.000000E+30    1.000000E+30    1.000000E+30    1.000000E+30    1.000000E+30    1.000000E+30    1.000000E+30    1.000000E+30    1.000000E+30    1.000000E+30    1.000000E+30    1.000000E+30    1.245056E+01    1.242246E+01    1.237486E+01    1.233703E+01    1.230282E+01    1.226956E+01    1.223823E+01    1.220859E+01    1.218086E+01    1.215453E+01    1.212951E+01    1.210560E+01    1.208259E+01    1.206041E+01    1.203893E+01    1.201811E+01    1.199796E+01    1.197824E+01    1.195864E+01    1.193936E+01    1.192039E+01    1.190108E+01    1.188110E+01    1.186037E+01    1.183892E+01    1.181685E+01    1.179397E+01    1.177008E+01    1.174481E+01    1.171810E+01    1.168981E+01    1.165980E+01    1.162821E+01    1.159496E+01    1.155999E+01    1.152302E+01    1.148403E+01    1.144317E+01    1.140063E+01    1.135664E+01    1.131131E+01    1.126440E+01    1.121626E+01    1.116786E+01    1.111949E+01    1.107146E+01    1.102391E+01    1.097660E+01    1.092985E+01    1.088410E+01    1.083993E+01    1.079728E+01    1.075587E+01    1.071600E+01    1.067774E+01    1.064078E+01    1.060533E+01    1.057169E+01    1.053966E+01    1.050904E+01    1.047952E+01    1.045101E+01    1.042315E+01    1.039599E+01    1.036912E+01    1.034214E+01    1.031540E+01    1.028903E+01    1.026189E+01    1.023491E+01    1.020835E+01    1.018196E+01    1.015621E+01    1.013035E+01    1.010443E+01    1.007889E+01    1.005233E+01    1.002474E+01    9.996007E+00    9.965890E+00    9.934373E+00    9.902163E+00    9.869356E+00    9.835521E+00    9.800592E+00    9.764106E+00    9.725822E+00    9.686229E+00    9.645109E+00    9.602412E+00    9.557852E+00    9.511105E+00    9.462322E+00    9.412667E+00    9.362802E+00    9.311397E+00    9.258784E+00    9.204380E+00    9.147118E+00    9.087493E+00    9.025215E+00    8.959605E+00    8.890340E+00    8.817184E+00    8.740290E+00    8.659182E+00    8.572528E+00    8.479234E+00    8.379209E+00    8.272427E+00    8.159773E+00    1.000000E+30
   1.000000E+30    1.000000E+30    1.000000E+30    1.000000E+30    1.000000E+30    1.000000E+30    1.000000E+30    1.000000E+30    1.000000E+30    1.000000E+30    1.000000E+30    1.000000E+30    1.000000E+30    1.000000E+30    1.000000E+30    1.000000E+30    1.000000E+30    1.000000E+30    1.000000E+30    1.000000E+30    1.000000E+30    1.000000E+30    1.000000E+30    1.000000E+30    1.000000E+30    1.000000E+30    1.000000E+30    1.000000E+30    1.000000E+30    1.000000E+30    1.000000E+30    1.000000E+30    1.000000E+30    1.000000E+30    1.000000E+30    1.000000E+30    1.000000E+30    1.000000E+30    1.242126E+01    1.238308E+01    1.234669E+01    1.230678E+01    1.226962E+01    1.223524E+01    1.220286E+01    1.217212E+01    1.214334E+01    1.211607E+01    1.208984E+01    1.206505E+01    1.204155E+01    1.201909E+01    1.199746E+01    1.197671E+01    1.195672E+01    1.193731E+01    1.191825E+01    1.189970E+01    1.188150E+01    1.186312E+01    1.184424E+01    1.182502E+01    1.180527E+01    1.178508E+01    1.176431E+01    1.174279E+01    1.172023E+01    1.169641E+01    1.167131E+01    1.164477E+01    1.161686E+01    1.158749E+01    1.155656E+01    1.152386E+01    1.148934E+01    1.145305E+01    1.141523E+01    1.137607E+01    1.133570E+01    1.129373E+01    1.125028E+01    1.120624E+01    1.116206E+01    1.111778E+01    1.107367E+01    1.103002E+01    1.098664E+01    1.094354E+01    1.090117E+01    1.085979E+01    1.081982E+01    1.078122E+01    1.074391E+01    1.070819E+01    1.067364E+01    1.064031E+01    1.060867E+01    1.057838E+01    1.054940E+01    1.052143E+01    1.049436E+01    1.046788E+01    1.044196E+01    1.041639E+01    1.039065E+01    1.036537E+01    1.033934E+01    1.031354E+01    1.028767E+01    1.026225E+01    1.023666E+01    1.021127E+01    1.018632E+01    1.016079E+01    1.013664E+01    1.011114E+01    1.008464E+01    1.005719E+01    1.002780E+01    9.997646E+00    9.966706E+00    9.934900E+00    9.902176E+00    9.868463E+00    9.833132E+00    9.796141E+00    9.757556E+00    9.717644E+00    9.676325E+00    9.632973E+00    9.587679E+00    9.540907E+00    9.492570E+00    9.443336E+00    9.393374E+00    9.342124E+00    9.289008E+00    9.233137E+00    9.174605E+00    9.112889E+00    9.048011E+00    8.979359E+00    8.906513E+00    8.829507E+00    8.748071E+00    8.660692E+00    8.566427E+00    8.464701E+00    8.357148E+00    8.247105E+00    1.000000E+30
   1.000000E+30    1.000000E+30    1.000000E+30    1.000000E+30    1.000000E+30    1.000000E+30    1.000000E+30    1.000000E+30    1.000000E+30    1.000000E+30    1.000000E+30    1.000000E+30    1.000000E+30    1.000000E+30    1.000000E+30    1.000000E+30    1.000000E+30    1.000000E+30    1.000000E+30    1.000000E+30    1.000000E+30    1.000000E+30    1.000000E+30    1.000000E+30    1.000000E+30    1.000000E+30    1.000000E+30    1.000000E+30    1.000000E+30    1.000000E+30    1.000000E+30    1.000000E+30    1.000000E+30    1.000000E+30    1.000000E+30    1.000000E+30    1.245451E+01    1.242084E+01    1.236415E+01    1.231940E+01    1.227927E+01    1.224060E+01    1.220435E+01    1.217060E+01    1.213877E+01    1.210885E+01    1.208059E+01    1.205355E+01    1.202791E+01    1.200339E+01    1.198022E+01    1.195809E+01    1.193709E+01    1.191704E+01    1.189771E+01    1.187894E+01    1.186090E+01    1.184319E+01    1.182545E+01    1.180751E+01    1.178934E+01    1.177098E+01    1.175236E+01    1.173343E+01    1.171396E+01    1.169371E+01    1.167241E+01    1.165008E+01    1.162663E+01    1.160198E+01    1.157600E+01    1.154865E+01    1.151972E+01    1.148922E+01    1.145709E+01    1.142351E+01    1.138864E+01    1.135272E+01    1.131532E+01    1.127625E+01    1.123648E+01    1.119634E+01    1.115586E+01    1.111520E+01    1.107467E+01    1.103450E+01    1.099470E+01    1.095527E+01    1.091630E+01    1.087791E+01    1.084035E+01    1.080415E+01    1.076920E+01    1.073556E+01    1.070340E+01    1.067227E+01    1.064243E+01    1.061407E+01    1.058684E+01    1.056065E+01    1.053525E+01    1.051040E+01    1.048607E+01    1.046145E+01    1.043725E+01    1.041248E+01    1.038772E+01    1.036303E+01    1.033859E+01    1.031402E+01    1.028927E+01    1.026452E+01    1.024023E+01    1.021612E+01    1.019276E+01    1.016813E+01    1.014278E+01    1.011632E+01    1.008862E+01    1.005982E+01    1.003024E+01    9.999604E+00    9.967854E+00    9.935073E+00    9.901071E+00    9.865370E+00    9.828057E+00    9.788974E+00    9.748682E+00    9.707215E+00    9.663908E+00    9.619066E+00    9.572915E+00    9.525074E+00    9.475829E+00    9.425561E+00    9.373443E+00    9.318231E+00    9.260183E+00    9.199168E+00    9.134799E+00    9.065831E+00    8.992521E+00    8.914316E+00    8.831254E+00    8.742560E+00    8.647259E+00    8.546052E+00    8.438629E+00    8.324787E+00    1.000000E+30
   1.000000E+30    1.000000E+30    1.000000E+30    1.000000E+30    1.000000E+30    1.000000E+30    1.000000E+30    1.000000E+30    1.000000E+30    1.000000E+30    1.000000E+30    1.000000E+30    1.000000E+30    1.000000E+30    1.000000E+30    1.000000E+30    1.000000E+30    1.000000E+30    1.000000E+30    1.000000E+30    1.000000E+30    1.000000E+30    1.000000E+30    1.000000E+30    1.000000E+30    1.000000E+30    1.000000E+30    1.000000E+30    1.000000E+30    1.000000E+30    1.000000E+30    1.000000E+30    1.000000E+30    1.000000E+30    1.000000E+30    1.243945E+01    1.239276E+01    1.234872E+01    1.230083E+01    1.225651E+01    1.221572E+01    1.217755E+01    1.214204E+01    1.210894E+01    1.207784E+01    1.204826E+01    1.202013E+01    1.199344E+01    1.196820E+01    1.194423E+01    1.192159E+01    1.189993E+01    1.187954E+01    1.186000E+01    1.184121E+01    1.182335E+01    1.180595E+01    1.178858E+01    1.177134E+01    1.175407E+01    1.173676E+01    1.171935E+01    1.170184E+01    1.168407E+01    1.166582E+01    1.164679E+01    1.162678E+01    1.160592E+01    1.158403E+01    1.156108E+01    1.153693E+01    1.151132E+01    1.148435E+01    1.145598E+01    1.142625E+01    1.139531E+01    1.136329E+01    1.133005E+01    1.129507E+01    1.125928E+01    1.122315E+01    1.118641E+01    1.114921E+01    1.111186E+01    1.107464E+01    1.103770E+01    1.100106E+01    1.096494E+01    1.092936E+01    1.089399E+01    1.085924E+01    1.082534E+01    1.079247E+01    1.076084E+01    1.073053E+01    1.070155E+01    1.067349E+01    1.064675E+01    1.062145E+01    1.059718E+01    1.057355E+01    1.055010E+01    1.052696E+01    1.050422E+01    1.048109E+01    1.045755E+01    1.043416E+01    1.041062E+01    1.038735E+01    1.036362E+01    1.034010E+01    1.031643E+01    1.029348E+01    1.027014E+01    1.024736E+01    1.022383E+01    1.019979E+01    1.017456E+01    1.014850E+01    1.012139E+01    1.009323E+01    1.006377E+01    1.003325E+01    1.000153E+01    9.968724E+00    9.934096E+00    9.898014E+00    9.860870E+00    9.822482E+00    9.782943E+00    9.742063E+00    9.699184E+00    9.654155E+00    9.607519E+00    9.559160E+00    9.509215E+00    9.457034E+00    9.400751E+00    9.340511E+00    9.278470E+00    9.213938E+00    9.144857E+00    9.071553E+00    8.993947E+00    8.911741E+00    8.825169E+00    8.732051E+00    8.630886E+00    8.522176E+00    8.404389E+00    1.000000E+30
   1.000000E+30    1.000000E+30    1.000000E+30    1.000000E+30    1.000000E+30    1.000000E+30    1.000000E+30    1.000000E+30    1.000000E+30    1.000000E+30    1.000000E+30    1.000000E+30    1.000000E+30    1.000000E+30    1.000000E+30    1.000000E+30    1.000000E+30    1.000000E+30    1.000000E+30    1.000000E+30    1.000000E+30    1.000000E+30    1.000000E+30    1.000000E+30    1.000000E+30    1.000000E+30    1.000000E+30    1.000000E+30    1.000000E+30    1.000000E+30    1.000000E+30    1.000000E+30    1.000000E+30    1.250454E+01    1.246122E+01    1.239051E+01    1.233537E+01    1.228656E+01    1.223982E+01    1.219610E+01    1.215553E+01    1.211806E+01    1.208319E+01    1.205045E+01    1.201932E+01    1.198977E+01    1.196185E+01    1.193556E+01    1.191067E+01    1.188722E+01    1.186519E+01    1.184430E+01    1.182449E+01    1.180574E+01    1.178754E+01    1.177021E+01    1.175310E+01    1.173620E+01    1.171949E+01    1.170296E+01    1.168652E+01    1.167010E+01    1.165361E+01    1.163694E+01    1.161973E+01    1.160199E+01    1.158329E+01    1.156371E+01    1.154340E+01    1.152191E+01    1.149923E+01    1.147542E+01    1.145039E+01    1.142414E+01    1.139677E+01    1.136833E+01    1.133878E+01    1.130762E+01    1.127544E+01    1.124297E+01    1.121003E+01    1.117636E+01    1.114210E+01    1.110790E+01    1.107371E+01    1.103957E+01    1.100611E+01    1.097325E+01    1.094055E+01    1.090781E+01    1.087572E+01    1.084465E+01    1.081390E+01    1.078410E+01    1.075583E+01    1.072877E+01    1.070268E+01    1.067754E+01    1.065372E+01    1.063100E+01    1.060878E+01    1.058679E+01    1.056529E+01    1.054406E+01    1.052245E+01    1.050068E+01    1.047853E+01    1.045665E+01    1.043433E+01    1.041191E+01    1.038960E+01    1.036690E+01    1.034525E+01    1.032345E+01    1.030116E+01    1.027913E+01    1.025628E+01    1.023256E+01    1.020805E+01    1.018245E+01    1.015565E+01    1.012760E+01    1.009839E+01    1.006778E+01    1.003628E+01    1.000368E+01    9.969738E+00    9.934769E+00    9.898777E+00    9.861235E+00    9.821679E+00    9.779989E+00    9.736218E+00    9.690561E+00    9.642755E+00    9.591247E+00    9.536888E+00    9.479729E+00    9.420022E+00    9.358000E+00    9.294019E+00    9.226680E+00    9.154864E+00    9.079060E+00    8.998479E+00    8.913060E+00    8.822624E+00    8.724542E+00    8.617105E+00    8.498935E+00    1.000000E+30
   1.000000E+30    1.000000E+30    1.000000E+30    1.000000E+30    1.000000E+30    1.000000E+30    1.000000E+30    1.000000E+30    1.000000E+30    1.000000E+30    1.000000E+30    1.000000E+30    1.000000E+30    1.000000E+30    1.000000E+30    1.000000E+30    1.000000E+30    1.000000E+30    1.000000E+30    1.000000E+30    1.000000E+30    1.000000E+30    1.000000E+30    1.000000E+30    1.000000E+30    1.000000E+30    1.000000E+30    1.000000E+30    1.000000E+30    1.000000E+30    1.000000E+30    1.257335E+01    1.252716E+01    1.245291E+01    1.239394E+01    1.233352E+01    1.227886E+01    1.222900E+01    1.218244E+01    1.213915E+01    1.209932E+01    1.206238E+01    1.202745E+01    1.199443E+01    1.196300E+01    1.193354E+01    1.190586E+01    1.187984E+01    1.185539E+01    1.183259E+01    1.181115E+01    1.179086E+01    1.177172E+01    1.175361E+01    1.173600E+01    1.171896E+01    1.170229E+01    1.168601E+01    1.166994E+01    1.165415E+01    1.163855E+01    1.162304E+01    1.160753E+01    1.159165E+01    1.157555E+01    1.155880E+01    1.154132E+01    1.152309E+01    1.150404E+01    1.148398E+01    1.146292E+01    1.144088E+01    1.141777E+01    1.139360E+01    1.136846E+01    1.134227E+01    1.131457E+01    1.128579E+01    1.125671E+01    1.122713E+01    1.119692E+01    1.116605E+01    1.113475E+01    1.110352E+01    1.107206E+01    1.104071E+01    1.101018E+01    1.098017E+01    1.095010E+01    1.092008E+01    1.089070E+01    1.086180E+01    1.083321E+01    1.080541E+01    1.077901E+01    1.075397E+01    1.072980E+01    1.070630E+01    1.068387E+01    1.066249E+01    1.064185E+01    1.062164E+01    1.060180E+01    1.058177E+01    1.056185E+01    1.054198E+01    1.052141E+01    1.050084E+01    1.048004E+01    1.045918E+01    1.043832E+01    1.041679E+01    1.039590E+01    1.037538E+01    1.035442E+01    1.033384E+01    1.031273E+01    1.029072E+01    1.026765E+01    1.024341E+01    1.021791E+01    1.019116E+01    1.016343E+01    1.013495E+01    1.010580E+01    1.007569E+01    1.004438E+01    1.001140E+01    9.976589E+00    9.939964E+00    9.901400E+00    9.860951E+00    9.818171E+00    9.771916E+00    9.722728E+00    9.671173E+00    9.618364E+00    9.563804E+00    9.506830E+00    9.447701E+00    9.385600E+00    9.320064E+00    9.249921E+00    9.175174E+00    9.095200E+00    9.009670E+00    8.919065E+00    8.821876E+00    8.716662E+00    8.601957E+00    1.000000E+30
   1.000000E+30    1.000000E+30    1.000000E+30    1.000000E+30    1.000000E+30    1.000000E+30    1.000000E+30    1.000000E+30    1.000000E+30    1.000000E+30    1.000000E+30    1.000000E+30    1.000000E+30    1.000000E+30    1.000000E+30    1.000000E+30    1.000000E+30    1.000000E+30    1.000000E+30    1.000000E+30    1.000000E+30    1.000000E+30    1.000000E+30    1.000000E+30    1.000000E+30    1.000000E+30    1.000000E+30    1.000000E+30    1.000000E+30    1.000000E+30    1.258821E+01    1.252033E+01    1.245962E+01    1.239560E+01    1.233590E+01    1.227844E+01    1.222488E+01    1.217517E+01    1.212902E+01    1.208634E+01    1.204677E+01    1.200956E+01    1.197475E+01    1.194149E+01    1.190973E+01    1.188003E+01    1.185249E+01    1.182670E+01    1.180274E+01    1.178049E+01    1.175942E+01    1.173961E+01    1.172098E+01    1.170315E+01    1.168594E+01    1.166934E+01    1.165323E+01    1.163766E+01    1.162247E+01    1.160746E+01    1.159258E+01    1.157798E+01    1.156326E+01    1.154809E+01    1.153273E+01    1.151696E+01    1.150067E+01    1.148367E+01    1.146593E+01    1.144739E+01    1.142798E+01    1.140767E+01    1.138640E+01    1.136424E+01    1.134114E+01    1.131667E+01    1.129100E+01    1.126498E+01    1.123855E+01    1.121152E+01    1.118390E+01    1.115579E+01    1.112739E+01    1.109887E+01    1.107009E+01    1.104127E+01    1.101329E+01    1.098607E+01    1.095866E+01    1.093104E+01    1.090382E+01    1.087722E+01    1.085101E+01    1.082529E+01    1.080053E+01    1.077721E+01    1.075511E+01    1.073368E+01    1.071293E+01    1.069296E+01    1.067375E+01    1.065541E+01    1.063668E+01    1.061827E+01    1.060002E+01    1.058171E+01    1.056312E+01    1.054374E+01    1.052452E+01    1.050531E+01    1.048606E+01    1.046629E+01    1.044655E+01    1.042725E+01    1.040772E+01    1.038901E+01    1.036928E+01    1.034869E+01    1.032713E+01    1.030415E+01    1.028016E+01    1.025549E+01    1.023009E+01    1.020431E+01    1.017787E+01    1.015015E+01    1.012040E+01    1.008845E+01    1.005454E+01    1.001874E+01    9.981059E+00    9.940656E+00    9.896934E+00    9.850575E+00    9.802838E+00    9.754899E+00    9.706241E+00    9.656732E+00    9.604034E+00    9.547525E+00    9.486619E+00    9.420972E+00    9.350861E+00    9.275653E+00    9.194261E+00    9.105898E+00    9.011698E+00    8.912355E+00    8.808125E+00    8.701679E+00    1.000000E+30
   1.000000E+30    1.000000E+30    1.000000E+30    1.000000E+30    1.000000E+30    1.000000E+30    1.000000E+30    1.000000E+30    1.000000E+30    1.000000E+30    1.000000E+30    1.000000E+30    1.000000E+30    1.000000E+30    1.000000E+30    1.000000E+30    1.000000E+30    1.000000E+30    1.000000E+30    1.000000E+30    1.000000E+30    1.000000E+30    1.000000E+30    1.000000E+30    1.000000E+30    1.000000E+30    1.000000E+30    1.000000E+30    1.269159E+01    1.264100E+01    1.254925E+01    1.247173E+01    1.240487E+01    1.234276E+01    1.228365E+01    1.222747E+01    1.217464E+01    1.212548E+01    1.207972E+01    1.203671E+01    1.199661E+01    1.195996E+01    1.192528E+01    1.189158E+01    1.185926E+01    1.182932E+01    1.180183E+01    1.177628E+01    1.175262E+01    1.173047E+01    1.170982E+01    1.169049E+01    1.167201E+01    1.165424E+01    1.163738E+01    1.162133E+01    1.160592E+01    1.159108E+01    1.157667E+01    1.156248E+01    1.154843E+01    1.153441E+01    1.152022E+01    1.150584E+01    1.149141E+01    1.147668E+01    1.146148E+01    1.144568E+01    1.142928E+01    1.141221E+01    1.139436E+01    1.137569E+01    1.135620E+01    1.133593E+01    1.131440E+01    1.129168E+01    1.126849E+01    1.124493E+01    1.122082E+01    1.119620E+01    1.117114E+01    1.114565E+01    1.111989E+01    1.109405E+01    1.106798E+01    1.104181E+01    1.101589E+01    1.099085E+01    1.096600E+01    1.094067E+01    1.091576E+01    1.089135E+01    1.086735E+01    1.084377E+01    1.082083E+01    1.079892E+01    1.077848E+01    1.075910E+01    1.074035E+01    1.072219E+01    1.070463E+01    1.068722E+01    1.067013E+01    1.065326E+01    1.063671E+01    1.062031E+01    1.060328E+01    1.058556E+01    1.056802E+01    1.055054E+01    1.053288E+01    1.051522E+01    1.049703E+01    1.047921E+01    1.046184E+01    1.044450E+01    1.042605E+01    1.040655E+01    1.038654E+01    1.036579E+01    1.034406E+01    1.032171E+01    1.029899E+01    1.027550E+01    1.025061E+01    1.022440E+01    1.019623E+01    1.016552E+01    1.013272E+01    1.009762E+01    1.005929E+01    1.001833E+01    9.975581E+00    9.933049E+00    9.890379E+00    9.847488E+00    9.802920E+00    9.754618E+00    9.701443E+00    9.643940E+00    9.581990E+00    9.514967E+00    9.443638E+00    9.367023E+00    9.284684E+00    9.195914E+00    9.100826E+00    9.000206E+00    8.893969E+00    8.783026E+00    1.000000E+30
   1.000000E+30    1.000000E+30    1.000000E+30    1.000000E+30    1.000000E+30    1.000000E+30    1.000000E+30    1.000000E+30    1.000000E+30    1.000000E+30    1.000000E+30    1.000000E+30    1.000000E+30    1.000000E+30    1.000000E+30    1.000000E+30    1.000000E+30    1.000000E+30    1.000000E+30    1.000000E+30    1.000000E+30    1.000000E+30    1.000000E+30    1.000000E+30    1.000000E+30    1.000000E+30    1.000000E+30    1.271556E+01    1.264714E+01    1.257938E+01    1.250228E+01    1.242891E+01    1.235969E+01    1.229459E+01    1.223547E+01    1.218060E+01    1.212868E+01    1.207959E+01    1.203311E+01    1.198962E+01    1.194971E+01    1.191240E+01    1.187611E+01    1.184164E+01    1.181022E+01    1.178128E+01    1.175390E+01    1.172851E+01    1.170495E+01    1.168311E+01    1.166273E+01    1.164342E+01    1.162492E+01    1.160734E+01    1.159081E+01    1.157521E+01    1.156045E+01    1.154628E+01    1.153247E+01    1.151892E+01    1.150550E+01    1.149210E+01    1.147867E+01    1.146526E+01    1.145178E+01    1.143800E+01    1.142381E+01    1.140919E+01    1.139410E+01    1.137843E+01    1.136203E+01    1.134491E+01    1.132715E+01    1.130832E+01    1.128827E+01    1.126774E+01    1.124686E+01    1.122546E+01    1.120357E+01    1.118128E+01    1.115862E+01    1.113560E+01    1.111240E+01    1.108907E+01    1.106540E+01    1.104163E+01    1.101816E+01    1.099509E+01    1.097219E+01    1.094927E+01    1.092667E+01    1.090439E+01    1.088246E+01    1.086098E+01    1.084003E+01    1.081964E+01    1.080037E+01    1.078254E+01    1.076558E+01    1.074904E+01    1.073302E+01    1.071744E+01    1.070210E+01    1.068686E+01    1.067184E+01    1.065734E+01    1.064256E+01    1.062689E+01    1.061108E+01    1.059544E+01    1.057921E+01    1.056358E+01    1.054728E+01    1.053149E+01    1.051621E+01    1.049976E+01    1.048286E+01    1.046565E+01    1.044778E+01    1.042965E+01    1.041076E+01    1.039063E+01    1.036957E+01    1.034758E+01    1.032393E+01    1.029878E+01    1.027201E+01    1.024301E+01    1.021046E+01    1.017478E+01    1.013726E+01    1.009969E+01    1.006216E+01    1.002503E+01    9.987315E+00    9.946239E+00    9.900608E+00    9.850157E+00    9.795266E+00    9.736170E+00    9.672594E+00    9.604066E+00    9.531117E+00    9.454711E+00    9.372712E+00    9.284346E+00    9.190151E+00    9.090412E+00    8.983857E+00    8.869820E+00    1.000000E+30
   1.000000E+30    1.000000E+30    1.000000E+30    1.000000E+30    1.000000E+30    1.000000E+30    1.000000E+30    1.000000E+30    1.000000E+30    1.000000E+30    1.000000E+30    1.000000E+30    1.000000E+30    1.000000E+30    1.000000E+30    1.000000E+30    1.000000E+30    1.000000E+30    1.000000E+30    1.000000E+30    1.000000E+30    1.000000E+30    1.000000E+30    1.000000E+30    1.000000E+30    1.284279E+01    1.278624E+01    1.268870E+01    1.260916E+01    1.253506E+01    1.246109E+01    1.238939E+01    1.232088E+01    1.225663E+01    1.219585E+01    1.213824E+01    1.208459E+01    1.203530E+01    1.198934E+01    1.194601E+01    1.190510E+01    1.186611E+01    1.182909E+01    1.179454E+01    1.176377E+01    1.173577E+01    1.170885E+01    1.168378E+01    1.166037E+01    1.163862E+01    1.161808E+01    1.159854E+01    1.158000E+01    1.156262E+01    1.154638E+01    1.153116E+01    1.151682E+01    1.150311E+01    1.148980E+01    1.147678E+01    1.146395E+01    1.145135E+01    1.143887E+01    1.142640E+01    1.141380E+01    1.140089E+01    1.138771E+01    1.137424E+01    1.136035E+01    1.134594E+01    1.133090E+01    1.131532E+01    1.129897E+01    1.128131E+01    1.126320E+01    1.124484E+01    1.122594E+01    1.120659E+01    1.118684E+01    1.116673E+01    1.114627E+01    1.112560E+01    1.110486E+01    1.108378E+01    1.106236E+01    1.104086E+01    1.101952E+01    1.099855E+01    1.097774E+01    1.095712E+01    1.093674E+01    1.091656E+01    1.089668E+01    1.087718E+01    1.085815E+01    1.083960E+01    1.082161E+01    1.080482E+01    1.078944E+01    1.077465E+01    1.076029E+01    1.074650E+01    1.073278E+01    1.071902E+01    1.070567E+01    1.069304E+01    1.068095E+01    1.066788E+01    1.065397E+01    1.063989E+01    1.062554E+01    1.061114E+01    1.059681E+01    1.058313E+01    1.056950E+01    1.055498E+01    1.054058E+01    1.052638E+01    1.051151E+01    1.049638E+01    1.047953E+01    1.046140E+01    1.044200E+01    1.042130E+01    1.039903E+01    1.037517E+01    1.034887E+01    1.031952E+01    1.028750E+01    1.025457E+01    1.022219E+01    1.019080E+01    1.015916E+01    1.012489E+01    1.008713E+01    1.004440E+01    9.996820E+00    9.944549E+00    9.888586E+00    9.829811E+00    9.767395E+00    9.699707E+00    9.626737E+00    9.550237E+00    9.468902E+00    9.382033E+00    9.288731E+00    9.188872E+00    9.081439E+00    8.965486E+00    1.000000E+30
   1.000000E+30    1.000000E+30    1.000000E+30    1.000000E+30    1.000000E+30    1.000000E+30    1.000000E+30    1.000000E+30    1.000000E+30    1.000000E+30    1.000000E+30    1.000000E+30    1.000000E+30    1.000000E+30    1.000000E+30    1.000000E+30    1.000000E+30    1.000000E+30    1.000000E+30    1.000000E+30    1.000000E+30    1.000000E+30    1.000000E+30    1.000000E+30    1.287533E+01    1.280316E+01    1.273144E+01    1.265031E+01    1.257250E+01    1.249791E+01    1.242533E+01    1.235512E+01    1.228773E+01    1.222362E+01    1.216246E+01    1.210470E+01    1.205041E+01    1.199880E+01    1.195016E+01    1.190493E+01    1.186330E+01    1.182464E+01    1.178816E+01    1.175398E+01    1.172275E+01    1.169392E+01    1.166750E+01    1.164263E+01    1.161889E+01    1.159672E+01    1.157585E+01    1.155608E+01    1.153749E+01    1.152024E+01    1.150431E+01    1.148936E+01    1.147521E+01    1.146173E+01    1.144882E+01    1.143634E+01    1.142423E+01    1.141238E+01    1.140070E+01    1.138908E+01    1.137731E+01    1.136534E+01    1.135319E+01    1.134072E+01    1.132791E+01    1.131463E+01    1.130084E+01    1.128660E+01    1.127147E+01    1.125543E+01    1.123930E+01    1.122275E+01    1.120571E+01    1.118834E+01    1.117062E+01    1.115251E+01    1.113413E+01    1.111570E+01    1.109709E+01    1.107809E+01    1.105894E+01    1.103970E+01    1.102047E+01    1.100142E+01    1.098264E+01    1.096421E+01    1.094600E+01    1.092796E+01    1.091016E+01    1.089267E+01    1.087555E+01    1.085884E+01    1.084255E+01    1.082684E+01    1.081257E+01    1.079940E+01    1.078654E+01    1.077428E+01    1.076241E+01    1.075057E+01    1.073904E+01    1.072796E+01    1.071751E+01    1.070664E+01    1.069496E+01    1.068273E+01    1.067059E+01    1.065786E+01    1.064544E+01    1.063405E+01    1.062263E+01    1.061130E+01    1.060011E+01    1.058864E+01    1.057662E+01    1.056403E+01    1.054960E+01    1.053372E+01    1.051631E+01    1.049727E+01    1.047622E+01    1.045227E+01    1.042568E+01    1.039772E+01    1.037052E+01    1.034417E+01    1.031841E+01    1.029169E+01    1.026035E+01    1.022464E+01    1.018502E+01    1.014096E+01    1.009285E+01    1.004203E+01    9.987668E+00    9.929835E+00    9.868532E+00    9.802205E+00    9.730231E+00    9.653449E+00    9.571523E+00    9.484451E+00    9.391091E+00    9.290651E+00    9.182562E+00    9.065991E+00    1.000000E+30
   1.000000E+30    1.000000E+30    1.000000E+30    1.000000E+30    1.000000E+30    1.000000E+30    1.000000E+30    1.000000E+30    1.000000E+30    1.000000E+30    1.000000E+30    1.000000E+30    1.000000E+30    1.000000E+30    1.000000E+30    1.000000E+30    1.000000E+30    1.000000E+30    1.000000E+30    1.000000E+30    1.000000E+30    1.000000E+30    1.300676E+01    1.295009E+01    1.285102E+01    1.276912E+01    1.269218E+01    1.261481E+01    1.253909E+01    1.246559E+01    1.239429E+01    1.232546E+01    1.225943E+01    1.219621E+01    1.213538E+01    1.207731E+01    1.202199E+01    1.196941E+01    1.192008E+01    1.187356E+01    1.182972E+01    1.178877E+01    1.175106E+01    1.171672E+01    1.168543E+01    1.165625E+01    1.162962E+01    1.160421E+01    1.158038E+01    1.155795E+01    1.153667E+01    1.151666E+01    1.149799E+01    1.148072E+01    1.146479E+01    1.144989E+01    1.143581E+01    1.142249E+01    1.140987E+01    1.139794E+01    1.138643E+01    1.137515E+01    1.136414E+01    1.135323E+01    1.134227E+01    1.133129E+01    1.132008E+01    1.130853E+01    1.129669E+01    1.128444E+01    1.127188E+01    1.125886E+01    1.124511E+01    1.123089E+01    1.121642E+01    1.120149E+01    1.118623E+01    1.117074E+01    1.115487E+01    1.113864E+01    1.112224E+01    1.110586E+01    1.108932E+01    1.107246E+01    1.105537E+01    1.103822E+01    1.102107E+01    1.100403E+01    1.098721E+01    1.097075E+01    1.095462E+01    1.093870E+01    1.092304E+01    1.090760E+01    1.089246E+01    1.087765E+01    1.086318E+01    1.084905E+01    1.083583E+01    1.082417E+01    1.081288E+01    1.080203E+01    1.079183E+01    1.078198E+01    1.077219E+01    1.076259E+01    1.075320E+01    1.074378E+01    1.073403E+01    1.072403E+01    1.071429E+01    1.070402E+01    1.069438E+01    1.068624E+01    1.067822E+01    1.067016E+01    1.066161E+01    1.065267E+01    1.064324E+01    1.063265E+01    1.062117E+01    1.060764E+01    1.059166E+01    1.057319E+01    1.055227E+01    1.052961E+01    1.050732E+01    1.048606E+01    1.046590E+01    1.044512E+01    1.042103E+01    1.039299E+01    1.036041E+01    1.032302E+01    1.028233E+01    1.023957E+01    1.019362E+01    1.014430E+01    1.009142E+01    1.003449E+01    9.973631E+00    9.908260E+00    9.837011E+00    9.760205E+00    9.677948E+00    9.590254E+00    9.496540E+00    9.395533E+00    9.286952E+00    9.170180E+00    1.000000E+30
   1.000000E+30    1.000000E+30    1.000000E+30    1.000000E+30    1.000000E+30    1.000000E+30    1.000000E+30    1.000000E+30    1.000000E+30    1.000000E+30    1.000000E+30    1.000000E+30    1.000000E+30    1.000000E+30    1.000000E+30    1.000000E+30    1.000000E+30    1.000000E+30    1.000000E+30    1.000000E+30    1.000000E+30    1.303600E+01    1.296708E+01    1.289669E+01    1.281526E+01    1.273606E+01    1.265929E+01    1.258374E+01    1.250973E+01    1.243752E+01    1.236744E+01    1.229983E+01    1.223498E+01    1.217255E+01    1.211219E+01    1.205432E+01    1.199887E+01    1.194604E+01    1.189587E+01    1.184818E+01    1.180312E+01    1.176120E+01    1.172258E+01    1.168658E+01    1.165261E+01    1.162153E+01    1.159336E+01    1.156793E+01    1.154447E+01    1.152214E+01    1.150073E+01    1.148054E+01    1.146157E+01    1.144399E+01    1.142778E+01    1.141278E+01    1.139875E+01    1.138558E+01    1.137328E+01    1.136169E+01    1.135052E+01    1.133972E+01    1.132927E+01    1.131898E+01    1.130880E+01    1.129862E+01    1.128821E+01    1.127756E+01    1.126674E+01    1.125567E+01    1.124431E+01    1.123247E+01    1.122005E+01    1.120745E+01    1.119441E+01    1.118104E+01    1.116755E+01    1.115378E+01    1.113969E+01    1.112535E+01    1.111081E+01    1.109621E+01    1.108160E+01    1.106682E+01    1.105178E+01    1.103661E+01    1.102148E+01    1.100645E+01    1.099157E+01    1.097702E+01    1.096285E+01    1.094901E+01    1.093547E+01    1.092214E+01    1.090905E+01    1.089624E+01    1.088370E+01    1.087149E+01    1.085973E+01    1.084935E+01    1.083992E+01    1.083064E+01    1.082199E+01    1.081391E+01    1.080586E+01    1.079775E+01    1.078970E+01    1.078180E+01    1.077387E+01    1.076616E+01    1.075926E+01    1.075186E+01    1.074592E+01    1.074123E+01    1.073668E+01    1.073180E+01    1.072599E+01    1.071915E+01    1.071119E+01    1.070169E+01    1.069135E+01    1.067898E+01    1.066476E+01    1.064907E+01    1.063270E+01    1.061682E+01    1.060220E+01    1.058771E+01    1.057055E+01    1.054936E+01    1.052388E+01    1.049338E+01    1.046008E+01    1.042374E+01    1.038482E+01    1.034351E+01    1.029898E+01    1.025036E+01    1.019820E+01    1.014191E+01    1.008151E+01    1.001649E+01    9.946054E+00    9.869486E+00    9.787218E+00    9.698971E+00    9.604648E+00    9.503145E+00    9.394157E+00    9.277345E+00    1.000000E+30
   1.000000E+30    1.000000E+30    1.000000E+30    1.000000E+30    1.000000E+30    1.000000E+30    1.000000E+30    1.000000E+30    1.000000E+30    1.000000E+30    1.000000E+30    1.000000E+30    1.000000E+30    1.000000E+30    1.000000E+30    1.000000E+30    1.000000E+30    1.000000E+30    1.000000E+30    1.000000E+30    1.308463E+01    1.300869E+01    1.293445E+01    1.285990E+01    1.278286E+01    1.270624E+01    1.263080E+01    1.255664E+01    1.248401E+01    1.241298E+01    1.234405E+01    1.227761E+01    1.221380E+01    1.215209E+01    1.209233E+01    1.203471E+01    1.197923E+01    1.192636E+01    1.187616E+01    1.182819E+01    1.178255E+01    1.173994E+01    1.170007E+01    1.166250E+01    1.162729E+01    1.159494E+01    1.156471E+01    1.153655E+01    1.151132E+01    1.148848E+01    1.146718E+01    1.144687E+01    1.142754E+01    1.140992E+01    1.139348E+01    1.137834E+01    1.136428E+01    1.135123E+01    1.133908E+01    1.132755E+01    1.131659E+01    1.130618E+01    1.129617E+01    1.128648E+01    1.127695E+01    1.126739E+01    1.125772E+01    1.124804E+01    1.123826E+01    1.122826E+01    1.121794E+01    1.120725E+01    1.119612E+01    1.118485E+01    1.117326E+01    1.116152E+01    1.114965E+01    1.113754E+01    1.112520E+01    1.111255E+01    1.109975E+01    1.108692E+01    1.107409E+01    1.106118E+01    1.104812E+01    1.103497E+01    1.102182E+01    1.100875E+01    1.099584E+01    1.098321E+01    1.097094E+01    1.095909E+01    1.094761E+01    1.093641E+01    1.092544E+01    1.091471E+01    1.090425E+01    1.089408E+01    1.088425E+01    1.087528E+01    1.086781E+01    1.086034E+01    1.085346E+01    1.084696E+01    1.084064E+01    1.083437E+01    1.082825E+01    1.082239E+01    1.081677E+01    1.081160E+01    1.080715E+01    1.080291E+01    1.080081E+01    1.079880E+01    1.079644E+01    1.079332E+01    1.078920E+01    1.078402E+01    1.077796E+01    1.077117E+01    1.076378E+01    1.075566E+01    1.074679E+01    1.073765E+01    1.072896E+01    1.072037E+01    1.070952E+01    1.069529E+01    1.067680E+01    1.065368E+01    1.062674E+01    1.059730E+01    1.056561E+01    1.053075E+01    1.049277E+01    1.045184E+01    1.040778E+01    1.035966E+01    1.030777E+01    1.025180E+01    1.019152E+01    1.012676E+01    1.005684E+01    9.980783E+00    9.898660E+00    9.810292E+00    9.715577E+00    9.613706E+00    9.504256E+00    9.387281E+00    1.000000E+30
   1.000000E+30    1.000000E+30    1.000000E+30    1.000000E+30    1.000000E+30    1.000000E+30    1.000000E+30    1.000000E+30    1.000000E+30    1.000000E+30    1.000000E+30    1.000000E+30    1.000000E+30    1.000000E+30    1.000000E+30    1.000000E+30    1.000000E+30    1.000000E+30    1.000000E+30    1.314824E+01    1.306461E+01    1.298472E+01    1.290734E+01    1.283113E+01    1.275513E+01    1.267993E+01    1.260576E+01    1.253282E+01    1.246136E+01    1.239147E+01    1.232371E+01    1.225847E+01    1.219552E+01    1.213443E+01    1.207532E+01    1.201807E+01    1.196278E+01    1.190994E+01    1.185970E+01    1.181162E+01    1.176590E+01    1.172289E+01    1.168228E+01    1.164398E+01    1.160794E+01    1.157421E+01    1.154250E+01    1.151301E+01    1.148607E+01    1.146052E+01    1.143693E+01    1.141568E+01    1.139661E+01    1.137901E+01    1.136239E+01    1.134696E+01    1.133266E+01    1.131944E+01    1.130715E+01    1.129557E+01    1.128477E+01    1.127464E+01    1.126504E+01    1.125577E+01    1.124671E+01    1.123773E+01    1.122888E+01    1.122004E+01    1.121110E+01    1.120203E+01    1.119270E+01    1.118314E+01    1.117332E+01    1.116327E+01    1.115315E+01    1.114290E+01    1.113258E+01    1.112207E+01    1.111125E+01    1.110021E+01    1.108906E+01    1.107790E+01    1.106682E+01    1.105573E+01    1.104455E+01    1.103336E+01    1.102217E+01    1.101103E+01    1.100008E+01    1.098940E+01    1.097907E+01    1.096916E+01    1.095964E+01    1.095052E+01    1.094169E+01    1.093312E+01    1.092485E+01    1.091686E+01    1.090923E+01    1.090207E+01    1.089638E+01    1.089094E+01    1.088593E+01    1.088129E+01    1.087697E+01    1.087294E+01    1.086919E+01    1.086573E+01    1.086264E+01    1.086002E+01    1.085721E+01    1.085610E+01    1.085557E+01    1.085513E+01    1.085475E+01    1.085435E+01    1.085414E+01    1.085401E+01    1.085381E+01    1.085357E+01    1.085284E+01    1.085131E+01    1.084898E+01    1.084524E+01    1.083964E+01    1.083138E+01    1.081933E+01    1.080338E+01    1.078337E+01    1.076053E+01    1.073503E+01    1.070701E+01    1.067625E+01    1.064224E+01    1.060496E+01    1.056436E+01    1.052043E+01    1.047262E+01    1.042076E+01    1.036497E+01    1.030469E+01    1.023990E+01    1.017010E+01    1.009447E+01    1.001249E+01    9.924232E+00    9.829494E+00    9.727650E+00    9.618002E+00    9.500611E+00    1.000000E+30
   1.000000E+30    1.000000E+30    1.000000E+30    1.000000E+30    1.000000E+30    1.000000E+30    1.000000E+30    1.000000E+30    1.000000E+30    1.000000E+30    1.000000E+30    1.000000E+30    1.000000E+30    1.000000E+30    1.000000E+30    1.000000E+30    1.000000E+30    1.000000E+30    1.000000E+30    1.313491E+01    1.304600E+01    1.296322E+01    1.288394E+01    1.280683E+01    1.273115E+01    1.265680E+01    1.258373E+01    1.251198E+01    1.244161E+01    1.237287E+01    1.230616E+01    1.224185E+01    1.217970E+01    1.211933E+01    1.206077E+01    1.200395E+01    1.194903E+01    1.189635E+01    1.184611E+01    1.179813E+01    1.175250E+01    1.170913E+01    1.166797E+01    1.162905E+01    1.159224E+01    1.155774E+01    1.152530E+01    1.149479E+01    1.146617E+01    1.143917E+01    1.141403E+01    1.139064E+01    1.136944E+01    1.135084E+01    1.133432E+01    1.131867E+01    1.130396E+01    1.129023E+01    1.127760E+01    1.126593E+01    1.125517E+01    1.124522E+01    1.123586E+01    1.122691E+01    1.121828E+01    1.120990E+01    1.120169E+01    1.119351E+01    1.118537E+01    1.117714E+01    1.116876E+01    1.116026E+01    1.115162E+01    1.114281E+01    1.113397E+01    1.112513E+01    1.111628E+01    1.110715E+01    1.109776E+01    1.108828E+01    1.107878E+01    1.106932E+01    1.105992E+01    1.105051E+01    1.104112E+01    1.103179E+01    1.102262E+01    1.101349E+01    1.100442E+01    1.099568E+01    1.098734E+01    1.097943E+01    1.097187E+01    1.096475E+01    1.095803E+01    1.095168E+01    1.094565E+01    1.093997E+01    1.093467E+01    1.092975E+01    1.092565E+01    1.092249E+01    1.091949E+01    1.091698E+01    1.091500E+01    1.091341E+01    1.091203E+01    1.091094E+01    1.091001E+01    1.090913E+01    1.090774E+01    1.090827E+01    1.090980E+01    1.091422E+01    1.092047E+01    1.092746E+01    1.093459E+01    1.094175E+01    1.094883E+01    1.095526E+01    1.095963E+01    1.096135E+01    1.096088E+01    1.095759E+01    1.095144E+01    1.094184E+01    1.092868E+01    1.091275E+01    1.089448E+01    1.087342E+01    1.084906E+01    1.082152E+01    1.079113E+01    1.075768E+01    1.072096E+01    1.068083E+01    1.063717E+01    1.058968E+01    1.053781E+01    1.048193E+01    1.042175E+01    1.035677E+01    1.028691E+01    1.021149E+01    1.012964E+01    1.004150E+01    9.946925E+00    9.845351E+00    9.735968E+00    9.618487E+00    1.000000E+30
   1.000000E+30    1.000000E+30    1.000000E+30    1.000000E+30    1.000000E+30    1.000000E+30    1.000000E+30    1.000000E+30    1.000000E+30    1.000000E+30    1.000000E+30    1.000000E+30    1.000000E+30    1.000000E+30    1.000000E+30    1.000000E+30    1.000000E+30    1.000000E+30    1.319986E+01    1.311281E+01    1.302607E+01    1.294304E+01    1.286319E+01    1.278583E+01    1.271036E+01    1.263658E+01    1.256448E+01    1.249385E+01    1.242448E+01    1.235673E+01    1.229097E+01    1.222756E+01    1.216617E+01    1.210651E+01    1.204848E+01    1.199208E+01    1.193758E+01    1.188519E+01    1.183511E+01    1.178736E+01    1.174183E+01    1.169819E+01    1.165663E+01    1.161726E+01    1.157982E+01    1.154456E+01    1.151133E+01    1.147995E+01    1.145042E+01    1.142249E+01    1.139604E+01    1.137134E+01    1.134842E+01    1.132717E+01    1.130871E+01    1.129281E+01    1.127796E+01    1.126388E+01    1.125077E+01    1.123884E+01    1.122793E+01    1.121798E+01    1.120878E+01    1.120012E+01    1.119182E+01    1.118385E+01    1.117611E+01    1.116856E+01    1.116110E+01    1.115363E+01    1.114616E+01    1.113865E+01    1.113107E+01    1.112342E+01    1.111578E+01    1.110826E+01    1.110065E+01    1.109280E+01    1.108488E+01    1.107695E+01    1.106903E+01    1.106118E+01    1.105340E+01    1.104567E+01    1.103803E+01    1.103055E+01    1.102323E+01    1.101605E+01    1.100896E+01    1.100214E+01    1.099579E+01    1.098993E+01    1.098446E+01    1.097938E+01    1.097478E+01    1.097068E+01    1.096696E+01    1.096365E+01    1.096070E+01    1.095816E+01    1.095604E+01    1.095521E+01    1.095441E+01    1.095413E+01    1.095457E+01    1.095540E+01    1.095640E+01    1.095736E+01    1.095845E+01    1.095922E+01    1.096022E+01    1.096459E+01    1.097437E+01    1.098816E+01    1.100341E+01    1.101811E+01    1.103140E+01    1.104336E+01    1.105379E+01    1.106226E+01    1.106800E+01    1.107084E+01    1.107043E+01    1.106739E+01    1.106172E+01    1.105323E+01    1.104242E+01    1.102854E+01    1.101149E+01    1.099132E+01    1.096798E+01    1.094110E+01    1.091098E+01    1.087780E+01    1.084144E+01    1.080157E+01    1.075806E+01    1.071083E+01    1.065922E+01    1.060330E+01    1.054303E+01    1.047802E+01    1.040794E+01    1.033248E+01    1.025078E+01    1.016271E+01    1.006817E+01    9.966803E+00    9.857776E+00    9.740849E+00    1.000000E+30
   1.000000E+30    1.000000E+30    1.000000E+30    1.000000E+30    1.000000E+30    1.000000E+30    1.000000E+30    1.000000E+30    1.000000E+30    1.000000E+30    1.000000E+30    1.000000E+30    1.000000E+30    1.000000E+30    1.000000E+30    1.000000E+30    1.000000E+30    1.000000E+30    1.318804E+01    1.309512E+01    1.300760E+01    1.292439E+01    1.284451E+01    1.276742E+01    1.269238E+01    1.261913E+01    1.254780E+01    1.247804E+01    1.240961E+01    1.234281E+01    1.227795E+01    1.221538E+01    1.215474E+01    1.209575E+01    1.203822E+01    1.198231E+01    1.192823E+01    1.187618E+01    1.182636E+01    1.177884E+01    1.173346E+01    1.168970E+01    1.164786E+01    1.160806E+01    1.157010E+01    1.153423E+01    1.150029E+01    1.146810E+01    1.143775E+01    1.140903E+01    1.138181E+01    1.135607E+01    1.133185E+01    1.130945E+01    1.128896E+01    1.127053E+01    1.125447E+01    1.124010E+01    1.122682E+01    1.121454E+01    1.120324E+01    1.119322E+01    1.118404E+01    1.117539E+01    1.116725E+01    1.115955E+01    1.115221E+01    1.114515E+01    1.113826E+01    1.113151E+01    1.112486E+01    1.111824E+01    1.111164E+01    1.110506E+01    1.109856E+01    1.109215E+01    1.108567E+01    1.107915E+01    1.107268E+01    1.106624E+01    1.105985E+01    1.105358E+01    1.104742E+01    1.104136E+01    1.103543E+01    1.102970E+01    1.102419E+01    1.101885E+01    1.101372E+01    1.100893E+01    1.100459E+01    1.100075E+01    1.099742E+01    1.099455E+01    1.099212E+01    1.099028E+01    1.098893E+01    1.098803E+01    1.098750E+01    1.098737E+01    1.098773E+01    1.098929E+01    1.099091E+01    1.099293E+01    1.099567E+01    1.099887E+01    1.100220E+01    1.100550E+01    1.100927E+01    1.101264E+01    1.101872E+01    1.103236E+01    1.105276E+01    1.107458E+01    1.109502E+01    1.111335E+01    1.112954E+01    1.114376E+01    1.115570E+01    1.116517E+01    1.117250E+01    1.117769E+01    1.118030E+01    1.118061E+01    1.117832E+01    1.117277E+01    1.116355E+01    1.115073E+01    1.113452E+01    1.111500E+01    1.109217E+01    1.106601E+01    1.103658E+01    1.100379E+01    1.096763E+01    1.092793E+01    1.088446E+01    1.083715E+01    1.078582E+01    1.073002E+01    1.066979E+01    1.060473E+01    1.053423E+01    1.045853E+01    1.037672E+01    1.028831E+01    1.019343E+01    1.009173E+01    9.982776E+00    9.866189E+00    1.000000E+30
   1.000000E+30    1.000000E+30    1.000000E+30    1.000000E+30    1.000000E+30    1.000000E+30    1.000000E+30    1.000000E+30    1.000000E+30    1.000000E+30    1.000000E+30    1.000000E+30    1.000000E+30    1.000000E+30    1.000000E+30    1.000000E+30    1.000000E+30    1.000000E+30    1.316972E+01    1.307710E+01    1.299004E+01    1.290715E+01    1.282771E+01    1.275115E+01    1.267673E+01    1.260413E+01    1.253343E+01    1.246443E+01    1.239686E+01    1.233094E+01    1.226688E+01    1.220504E+01    1.214515E+01    1.208681E+01    1.202981E+01    1.197443E+01    1.192080E+01    1.186909E+01    1.181952E+01    1.177224E+01    1.172699E+01    1.168331E+01    1.164134E+01    1.160113E+01    1.156272E+01    1.152632E+01    1.149181E+01    1.145906E+01    1.142804E+01    1.139861E+01    1.137065E+01    1.134410E+01    1.131902E+01    1.129561E+01    1.127393E+01    1.125407E+01    1.123553E+01    1.121921E+01    1.120541E+01    1.119266E+01    1.118118E+01    1.117096E+01    1.116151E+01    1.115273E+01    1.114463E+01    1.113710E+01    1.113005E+01    1.112335E+01    1.111696E+01    1.111084E+01    1.110487E+01    1.109905E+01    1.109335E+01    1.108777E+01    1.108230E+01    1.107695E+01    1.107160E+01    1.106635E+01    1.106123E+01    1.105622E+01    1.105133E+01    1.104661E+01    1.104204E+01    1.103760E+01    1.103335E+01    1.102936E+01    1.102563E+01    1.102214E+01    1.101897E+01    1.101621E+01    1.101391E+01    1.101216E+01    1.101099E+01    1.101033E+01    1.101022E+01    1.101071E+01    1.101176E+01    1.101328E+01    1.101525E+01    1.101783E+01    1.102100E+01    1.102511E+01    1.102919E+01    1.103348E+01    1.103846E+01    1.104398E+01    1.104991E+01    1.105607E+01    1.106266E+01    1.107023E+01    1.108417E+01    1.110692E+01    1.113528E+01    1.116157E+01    1.118395E+01    1.120421E+01    1.122282E+01    1.124006E+01    1.125598E+01    1.127032E+01    1.128304E+01    1.129343E+01    1.130059E+01    1.130417E+01    1.130380E+01    1.129949E+01    1.129113E+01    1.127928E+01    1.126375E+01    1.124483E+01    1.122244E+01    1.119679E+01    1.116806E+01    1.113589E+01    1.110007E+01    1.106054E+01    1.101715E+01    1.096969E+01    1.091828E+01    1.086225E+01    1.080159E+01    1.073621E+01    1.066546E+01    1.058923E+01    1.050707E+01    1.041804E+01    1.032263E+01    1.022065E+01    1.011171E+01    9.995118E+00    1.000000E+30
   1.000000E+30    1.000000E+30    1.000000E+30    1.000000E+30    1.000000E+30    1.000000E+30    1.000000E+30    1.000000E+30    1.000000E+30    1.000000E+30    1.000000E+30    1.000000E+30    1.000000E+30    1.000000E+30    1.000000E+30    1.000000E+30    1.000000E+30    1.323284E+01    1.314587E+01    1.305848E+01    1.297347E+01    1.289137E+01    1.281264E+01    1.273674E+01    1.266288E+01    1.259103E+01    1.252109E+01    1.245276E+01    1.238600E+01    1.232093E+01    1.225762E+01    1.219643E+01    1.213719E+01    1.207942E+01    1.202306E+01    1.196824E+01    1.191506E+01    1.186371E+01    1.181443E+01    1.176735E+01    1.172222E+01    1.167870E+01    1.163680E+01    1.159636E+01    1.155754E+01    1.152066E+01    1.148565E+01    1.145239E+01    1.142085E+01    1.139086E+01    1.136229E+01    1.133507E+01    1.130926E+01    1.128497E+01    1.126228E+01    1.124122E+01    1.122166E+01    1.120354E+01    1.118724E+01    1.117372E+01    1.116193E+01    1.115115E+01    1.114129E+01    1.113230E+01    1.112411E+01    1.111664E+01    1.110975E+01    1.110333E+01    1.109736E+01    1.109171E+01    1.108633E+01    1.108119E+01    1.107629E+01    1.107163E+01    1.106712E+01    1.106278E+01    1.105858E+01    1.105453E+01    1.105068E+01    1.104700E+01    1.104355E+01    1.104033E+01    1.103730E+01    1.103446E+01    1.103189E+01    1.102964E+01    1.102767E+01    1.102607E+01    1.102489E+01    1.102417E+01    1.102398E+01    1.102439E+01    1.102541E+01    1.102704E+01    1.102934E+01    1.103225E+01    1.103571E+01    1.103977E+01    1.104453E+01    1.105004E+01    1.105621E+01    1.106298E+01    1.106959E+01    1.107622E+01    1.108352E+01    1.109141E+01    1.109994E+01    1.110930E+01    1.111884E+01    1.113207E+01    1.115386E+01    1.118369E+01    1.121729E+01    1.124476E+01    1.127023E+01    1.129535E+01    1.132018E+01    1.134401E+01    1.136637E+01    1.138650E+01    1.140436E+01    1.141944E+01    1.143000E+01    1.143579E+01    1.143678E+01    1.143322E+01    1.142575E+01    1.141443E+01    1.139937E+01    1.138086E+01    1.135921E+01    1.133421E+01    1.130586E+01    1.127414E+01    1.123853E+01    1.119902E+01    1.115546E+01    1.110754E+01    1.105538E+01    1.099879E+01    1.093721E+01    1.087087E+01    1.079968E+01    1.072288E+01    1.064025E+01    1.055092E+01    1.045483E+01    1.035244E+01    1.024379E+01    1.012809E+01    1.000000E+30
   1.000000E+30    1.000000E+30    1.000000E+30    1.000000E+30    1.000000E+30    1.000000E+30    1.000000E+30    1.000000E+30    1.000000E+30    1.000000E+30    1.000000E+30    1.000000E+30    1.000000E+30    1.000000E+30    1.000000E+30    1.000000E+30    1.000000E+30    1.322078E+01    1.312927E+01    1.304200E+01    1.295764E+01    1.287635E+01    1.279852E+01    1.272361E+01    1.265058E+01    1.257952E+01    1.251038E+01    1.244276E+01    1.237672E+01    1.231249E+01    1.224991E+01    1.218930E+01    1.213065E+01    1.207348E+01    1.201780E+01    1.196351E+01    1.191081E+01    1.185990E+01    1.181099E+01    1.176410E+01    1.171909E+01    1.167573E+01    1.163390E+01    1.159343E+01    1.155439E+01    1.151709E+01    1.148155E+01    1.144781E+01    1.141586E+01    1.138544E+01    1.135637E+01    1.132858E+01    1.130211E+01    1.127708E+01    1.125356E+01    1.123158E+01    1.121106E+01    1.119204E+01    1.117431E+01    1.115832E+01    1.114549E+01    1.113410E+01    1.112364E+01    1.111427E+01    1.110586E+01    1.109829E+01    1.109143E+01    1.108516E+01    1.107945E+01    1.107416E+01    1.106925E+01    1.106471E+01    1.106056E+01    1.105668E+01    1.105303E+01    1.104965E+01    1.104656E+01    1.104370E+01    1.104106E+01    1.103871E+01    1.103666E+01    1.103485E+01    1.103330E+01    1.103206E+01    1.103115E+01    1.103061E+01    1.103045E+01    1.103075E+01    1.103157E+01    1.103296E+01    1.103497E+01    1.103761E+01    1.104092E+01    1.104497E+01    1.104972E+01    1.105510E+01    1.106122E+01    1.106823E+01    1.107610E+01    1.108462E+01    1.109391E+01    1.110338E+01    1.111237E+01    1.112124E+01    1.113075E+01    1.114102E+01    1.115245E+01    1.116491E+01    1.117818E+01    1.119710E+01    1.122523E+01    1.126188E+01    1.129889E+01    1.133063E+01    1.136274E+01    1.139515E+01    1.142747E+01    1.145860E+01    1.148762E+01    1.151357E+01    1.153582E+01    1.155424E+01    1.156762E+01    1.157522E+01    1.157751E+01    1.157498E+01    1.156827E+01    1.155731E+01    1.154269E+01    1.152486E+01    1.150381E+01    1.147906E+01    1.145076E+01    1.141888E+01    1.138304E+01    1.134280E+01    1.129826E+01    1.124926E+01    1.119576E+01    1.113801E+01    1.107540E+01    1.100806E+01    1.093601E+01    1.085860E+01    1.077556E+01    1.068626E+01    1.059006E+01    1.048724E+01    1.037835E+01    1.026334E+01    1.000000E+30
   1.000000E+30    1.000000E+30    1.000000E+30    1.000000E+30    1.000000E+30    1.000000E+30    1.000000E+30    1.000000E+30    1.000000E+30    1.000000E+30    1.000000E+30    1.000000E+30    1.000000E+30    1.000000E+30    1.000000E+30    1.000000E+30    1.329170E+01    1.320155E+01    1.311269E+01    1.302678E+01    1.294345E+01    1.286296E+01    1.278563E+01    1.271146E+01    1.263945E+01    1.256921E+01    1.250086E+01    1.243405E+01    1.236879E+01    1.230535E+01    1.224353E+01    1.218354E+01    1.212534E+01    1.206871E+01    1.201375E+01    1.196010E+01    1.190793E+01    1.185749E+01    1.180896E+01    1.176236E+01    1.171751E+01    1.167424E+01    1.163246E+01    1.159207E+01    1.155302E+01    1.151545E+01    1.147945E+01    1.144525E+01    1.141287E+01    1.138203E+01    1.135255E+01    1.132432E+01    1.129732E+01    1.127169E+01    1.124751E+01    1.122474E+01    1.120335E+01    1.118333E+01    1.116474E+01    1.114750E+01    1.113207E+01    1.111964E+01    1.110867E+01    1.109873E+01    1.108992E+01    1.108211E+01    1.107513E+01    1.106888E+01    1.106328E+01    1.105823E+01    1.105370E+01    1.104970E+01    1.104618E+01    1.104298E+01    1.104016E+01    1.103770E+01    1.103562E+01    1.103389E+01    1.103246E+01    1.103138E+01    1.103063E+01    1.103020E+01    1.103015E+01    1.103050E+01    1.103127E+01    1.103245E+01    1.103410E+01    1.103633E+01    1.103918E+01    1.104270E+01    1.104697E+01    1.105196E+01    1.105773E+01    1.106426E+01    1.107157E+01    1.107970E+01    1.108889E+01    1.109908E+01    1.111016E+01    1.112198E+01    1.113450E+01    1.114671E+01    1.115790E+01    1.116875E+01    1.118009E+01    1.119319E+01    1.120739E+01    1.122219E+01    1.123977E+01    1.126409E+01    1.129827E+01    1.134150E+01    1.138327E+01    1.142203E+01    1.146227E+01    1.150363E+01    1.154469E+01    1.158368E+01    1.161915E+01    1.165048E+01    1.167689E+01    1.169808E+01    1.171425E+01    1.172359E+01    1.172735E+01    1.172602E+01    1.172001E+01    1.170962E+01    1.169540E+01    1.167769E+01    1.165632E+01    1.163107E+01    1.160171E+01    1.156827E+01    1.153112E+01    1.148957E+01    1.144350E+01    1.139317E+01    1.133849E+01    1.127958E+01    1.121601E+01    1.114768E+01    1.107488E+01    1.099707E+01    1.091370E+01    1.082446E+01    1.072849E+01    1.062575E+01    1.051652E+01    1.040166E+01    1.000000E+30
   1.000000E+30    1.000000E+30    1.000000E+30    1.000000E+30    1.000000E+30    1.000000E+30    1.000000E+30    1.000000E+30    1.000000E+30    1.000000E+30    1.000000E+30    1.000000E+30    1.000000E+30    1.000000E+30    1.000000E+30    1.000000E+30    1.328087E+01    1.318706E+01    1.309815E+01    1.301264E+01    1.293025E+01    1.285072E+01    1.277389E+01    1.270038E+01    1.262937E+01    1.255993E+01    1.249239E+01    1.242641E+01    1.236201E+01    1.229928E+01    1.223807E+01    1.217877E+01    1.212127E+01    1.206525E+01    1.201084E+01    1.195782E+01    1.190624E+01    1.185632E+01    1.180818E+01    1.176186E+01    1.171726E+01    1.167415E+01    1.163248E+01    1.159216E+01    1.155315E+01    1.151551E+01    1.147921E+01    1.144457E+01    1.141172E+01    1.138047E+01    1.135064E+01    1.132203E+01    1.129461E+01    1.126851E+01    1.124376E+01    1.122033E+01    1.119822E+01    1.117734E+01    1.115768E+01    1.113952E+01    1.112311E+01    1.110830E+01    1.109623E+01    1.108563E+01    1.107629E+01    1.106808E+01    1.106085E+01    1.105449E+01    1.104889E+01    1.104399E+01    1.103978E+01    1.103620E+01    1.103319E+01    1.103063E+01    1.102857E+01    1.102699E+01    1.102586E+01    1.102517E+01    1.102490E+01    1.102500E+01    1.102550E+01    1.102648E+01    1.102794E+01    1.102987E+01    1.103230E+01    1.103521E+01    1.103875E+01    1.104297E+01    1.104789E+01    1.105363E+01    1.106019E+01    1.106763E+01    1.107594E+01    1.108513E+01    1.109533E+01    1.110659E+01    1.111892E+01    1.113233E+01    1.114677E+01    1.116215E+01    1.117819E+01    1.119334E+01    1.120674E+01    1.121937E+01    1.123313E+01    1.124845E+01    1.126458E+01    1.128123E+01    1.130274E+01    1.133171E+01    1.137224E+01    1.142266E+01    1.147137E+01    1.151908E+01    1.156965E+01    1.162162E+01    1.167208E+01    1.171865E+01    1.176025E+01    1.179664E+01    1.182756E+01    1.185248E+01    1.187099E+01    1.188269E+01    1.188819E+01    1.188811E+01    1.188256E+01    1.187211E+01    1.185728E+01    1.183811E+01    1.181499E+01    1.178809E+01    1.175662E+01    1.172076E+01    1.168123E+01    1.163803E+01    1.159069E+01    1.153925E+01    1.148376E+01    1.142407E+01    1.136009E+01    1.129134E+01    1.121775E+01    1.113946E+01    1.105582E+01    1.096640E+01    1.087075E+01    1.076816E+01    1.065877E+01    1.054353E+01    1.000000E+30
   1.000000E+30    1.000000E+30    1.000000E+30    1.000000E+30    1.000000E+30    1.000000E+30    1.000000E+30    1.000000E+30    1.000000E+30    1.000000E+30    1.000000E+30    1.000000E+30    1.000000E+30    1.000000E+30    1.000000E+30    1.335556E+01    1.326345E+01    1.317261E+01    1.308462E+01    1.299967E+01    1.291816E+01    1.283944E+01    1.276318E+01    1.269041E+01    1.262024E+01    1.255159E+01    1.248480E+01    1.241967E+01    1.235615E+01    1.229413E+01    1.223359E+01    1.217503E+01    1.211816E+01    1.206281E+01    1.200900E+01    1.195656E+01    1.190558E+01    1.185619E+01    1.180847E+01    1.176242E+01    1.171815E+01    1.167540E+01    1.163396E+01    1.159366E+01    1.155465E+01    1.151700E+01    1.148056E+01    1.144555E+01    1.141230E+01    1.138070E+01    1.135052E+01    1.132157E+01    1.129381E+01    1.126730E+01    1.124209E+01    1.121814E+01    1.119537E+01    1.117375E+01    1.115323E+01    1.113407E+01    1.111675E+01    1.110126E+01    1.108696E+01    1.107508E+01    1.106498E+01    1.105626E+01    1.104862E+01    1.104201E+01    1.103631E+01    1.103151E+01    1.102752E+01    1.102429E+01    1.102169E+01    1.101972E+01    1.101836E+01    1.101756E+01    1.101730E+01    1.101758E+01    1.101839E+01    1.101967E+01    1.102144E+01    1.102378E+01    1.102671E+01    1.103023E+01    1.103433E+01    1.103902E+01    1.104448E+01    1.105075E+01    1.105787E+01    1.106589E+01    1.107486E+01    1.108480E+01    1.109579E+01    1.110800E+01    1.112138E+01    1.113589E+01    1.115153E+01    1.116830E+01    1.118624E+01    1.120544E+01    1.122555E+01    1.124419E+01    1.125982E+01    1.127419E+01    1.129044E+01    1.130733E+01    1.132459E+01    1.134275E+01    1.136643E+01    1.139876E+01    1.144631E+01    1.150480E+01    1.156300E+01    1.162261E+01    1.168595E+01    1.174965E+01    1.180965E+01    1.186365E+01    1.191169E+01    1.195366E+01    1.198976E+01    1.201837E+01    1.203963E+01    1.205397E+01    1.206100E+01    1.206120E+01    1.205505E+01    1.204328E+01    1.202613E+01    1.200414E+01    1.197796E+01    1.194803E+01    1.191422E+01    1.187603E+01    1.183428E+01    1.178929E+01    1.174091E+01    1.168865E+01    1.163251E+01    1.157206E+01    1.150736E+01    1.143821E+01    1.136423E+01    1.128554E+01    1.120185E+01    1.111232E+01    1.101690E+01    1.091457E+01    1.080540E+01    1.068969E+01    1.000000E+30
   1.000000E+30    1.000000E+30    1.000000E+30    1.000000E+30    1.000000E+30    1.000000E+30    1.000000E+30    1.000000E+30    1.000000E+30    1.000000E+30    1.000000E+30    1.000000E+30    1.000000E+30    1.000000E+30    1.000000E+30    1.334715E+01    1.325029E+01    1.315905E+01    1.307150E+01    1.298743E+01    1.290687E+01    1.282904E+01    1.275370E+01    1.268138E+01    1.261182E+01    1.254414E+01    1.247808E+01    1.241377E+01    1.235105E+01    1.228973E+01    1.222993E+01    1.217218E+01    1.211601E+01    1.206121E+01    1.200798E+01    1.195621E+01    1.190583E+01    1.185700E+01    1.180969E+01    1.176387E+01    1.171993E+01    1.167767E+01    1.163675E+01    1.159664E+01    1.155749E+01    1.151977E+01    1.148331E+01    1.144813E+01    1.141454E+01    1.138257E+01    1.135207E+01    1.132281E+01    1.129471E+01    1.126786E+01    1.124227E+01    1.121788E+01    1.119460E+01    1.117238E+01    1.115116E+01    1.113114E+01    1.111288E+01    1.109665E+01    1.108148E+01    1.106734E+01    1.105607E+01    1.104674E+01    1.103859E+01    1.103157E+01    1.102566E+01    1.102084E+01    1.101699E+01    1.101403E+01    1.101181E+01    1.101033E+01    1.100957E+01    1.100951E+01    1.101010E+01    1.101128E+01    1.101307E+01    1.101548E+01    1.101852E+01    1.102220E+01    1.102659E+01    1.103169E+01    1.103749E+01    1.104403E+01    1.105142E+01    1.105979E+01    1.106916E+01    1.107955E+01    1.109096E+01    1.110358E+01    1.111767E+01    1.113312E+01    1.114979E+01    1.116776E+01    1.118713E+01    1.120750E+01    1.122917E+01    1.125234E+01    1.127772E+01    1.130085E+01    1.131836E+01    1.133363E+01    1.135200E+01    1.137096E+01    1.138761E+01    1.140611E+01    1.142936E+01    1.146429E+01    1.151876E+01    1.158645E+01    1.165718E+01    1.173248E+01    1.181160E+01    1.188856E+01    1.195852E+01    1.202039E+01    1.207509E+01    1.212350E+01    1.216570E+01    1.219851E+01    1.222284E+01    1.223857E+01    1.224520E+01    1.224364E+01    1.223507E+01    1.222034E+01    1.219999E+01    1.217457E+01    1.214495E+01    1.211161E+01    1.207512E+01    1.203499E+01    1.199147E+01    1.194507E+01    1.189548E+01    1.184225E+01    1.178491E+01    1.172340E+01    1.165763E+01    1.158755E+01    1.151302E+01    1.143401E+01    1.135028E+01    1.126102E+01    1.116596E+01    1.106423E+01    1.095573E+01    1.084051E+01    1.000000E+30
   1.000000E+30    1.000000E+30    1.000000E+30    1.000000E+30    1.000000E+30    1.000000E+30    1.000000E+30    1.000000E+30    1.000000E+30    1.000000E+30    1.000000E+30    1.000000E+30    1.000000E+30    1.000000E+30    1.343384E+01    1.333357E+01    1.323742E+01    1.314598E+01    1.305891E+01    1.297594E+01    1.289627E+01    1.281917E+01    1.274475E+01    1.267302E+01    1.260422E+01    1.253751E+01    1.247216E+01    1.240861E+01    1.234660E+01    1.228605E+01    1.222712E+01    1.217007E+01    1.211460E+01    1.206044E+01    1.200777E+01    1.195665E+01    1.190684E+01    1.185862E+01    1.181204E+01    1.176673E+01    1.172290E+01    1.168073E+01    1.164006E+01    1.160020E+01    1.156121E+01    1.152358E+01    1.148728E+01    1.145215E+01    1.141831E+01    1.138595E+01    1.135513E+01    1.132564E+01    1.129727E+01    1.127009E+01    1.124414E+01    1.121939E+01    1.119571E+01    1.117302E+01    1.115129E+01    1.113064E+01    1.111161E+01    1.109435E+01    1.107854E+01    1.106311E+01    1.105006E+01    1.103969E+01    1.103090E+01    1.102333E+01    1.101709E+01    1.101211E+01    1.100826E+01    1.100546E+01    1.100358E+01    1.100254E+01    1.100233E+01    1.100292E+01    1.100428E+01    1.100632E+01    1.100907E+01    1.101257E+01    1.101682E+01    1.102185E+01    1.102769E+01    1.103438E+01    1.104188E+01    1.105027E+01    1.105967E+01    1.107023E+01    1.108188E+01    1.109464E+01    1.110873E+01    1.112444E+01    1.114176E+01    1.116051E+01    1.118072E+01    1.120251E+01    1.122582E+01    1.125051E+01    1.127746E+01    1.130789E+01    1.133992E+01    1.136621E+01    1.138613E+01    1.140571E+01    1.142611E+01    1.144259E+01    1.145612E+01    1.147158E+01    1.149040E+01    1.152624E+01    1.158617E+01    1.166436E+01    1.175131E+01    1.184977E+01    1.194981E+01    1.204184E+01    1.212188E+01    1.219094E+01    1.225140E+01    1.230613E+01    1.235380E+01    1.239028E+01    1.241678E+01    1.243239E+01    1.243666E+01    1.243203E+01    1.242066E+01    1.240282E+01    1.237931E+01    1.235075E+01    1.231810E+01    1.228181E+01    1.224221E+01    1.219988E+01    1.215449E+01    1.210629E+01    1.205482E+01    1.200008E+01    1.194143E+01    1.187855E+01    1.181152E+01    1.174043E+01    1.166519E+01    1.158561E+01    1.150164E+01    1.141239E+01    1.131752E+01    1.121655E+01    1.110885E+01    1.099461E+01    1.000000E+30
   1.000000E+30    1.000000E+30    1.000000E+30    1.000000E+30    1.000000E+30    1.000000E+30    1.000000E+30    1.000000E+30    1.000000E+30    1.000000E+30    1.000000E+30    1.000000E+30    1.000000E+30    1.000000E+30    1.342710E+01    1.332312E+01    1.322585E+01    1.313391E+01    1.304707E+01    1.296453E+01    1.288551E+01    1.280948E+01    1.273620E+01    1.266544E+01    1.259740E+01    1.253142E+01    1.246683E+01    1.240407E+01    1.234282E+01    1.228305E+01    1.222498E+01    1.216866E+01    1.211393E+01    1.206041E+01    1.200832E+01    1.195787E+01    1.190868E+01    1.186101E+01    1.181499E+01    1.177013E+01    1.172658E+01    1.168467E+01    1.164423E+01    1.160468E+01    1.156599E+01    1.152847E+01    1.149234E+01    1.145739E+01    1.142345E+01    1.139074E+01    1.135958E+01    1.132989E+01    1.130128E+01    1.127382E+01    1.124765E+01    1.122260E+01    1.119858E+01    1.117555E+01    1.115346E+01    1.113236E+01    1.111264E+01    1.109447E+01    1.107774E+01    1.106235E+01    1.104766E+01    1.103538E+01    1.102560E+01    1.101744E+01    1.101071E+01    1.100543E+01    1.100145E+01    1.099867E+01    1.099699E+01    1.099632E+01    1.099662E+01    1.099782E+01    1.099988E+01    1.100276E+01    1.100647E+01    1.101104E+01    1.101648E+01    1.102281E+01    1.103008E+01    1.103833E+01    1.104755E+01    1.105785E+01    1.106934E+01    1.108206E+01    1.109605E+01    1.111150E+01    1.112858E+01    1.114750E+01    1.116814E+01    1.119043E+01    1.121445E+01    1.124033E+01    1.126831E+01    1.130015E+01    1.133721E+01    1.137692E+01    1.141180E+01    1.144033E+01    1.146736E+01    1.149678E+01    1.152067E+01    1.153324E+01    1.154222E+01    1.154815E+01    1.155051E+01    1.158047E+01    1.164261E+01    1.173085E+01    1.184022E+01    1.197876E+01    1.210661E+01    1.221459E+01    1.230361E+01    1.237742E+01    1.243926E+01    1.249293E+01    1.255028E+01    1.258856E+01    1.260952E+01    1.262136E+01    1.262493E+01    1.262050E+01    1.260873E+01    1.258956E+01    1.256374E+01    1.253315E+01    1.249807E+01    1.245947E+01    1.241745E+01    1.237236E+01    1.232421E+01    1.227318E+01    1.221916E+01    1.216219E+01    1.210207E+01    1.203805E+01    1.196975E+01    1.189768E+01    1.182178E+01    1.174161E+01    1.165731E+01    1.156823E+01    1.147350E+01    1.137279E+01    1.126548E+01    1.115200E+01    1.000000E+30
   1.000000E+30    1.000000E+30    1.000000E+30    1.000000E+30    1.000000E+30    1.000000E+30    1.000000E+30    1.000000E+30    1.000000E+30    1.000000E+30    1.000000E+30    1.000000E+30    1.000000E+30    1.000000E+30    1.341571E+01    1.331188E+01    1.321467E+01    1.312278E+01    1.303593E+01    1.295365E+01    1.287534E+01    1.280012E+01    1.272772E+01    1.265823E+01    1.259108E+01    1.252572E+01    1.246201E+01    1.240003E+01    1.233965E+01    1.228073E+01    1.222342E+01    1.216784E+01    1.211383E+01    1.206106E+01    1.200968E+01    1.195980E+01    1.191123E+01    1.186406E+01    1.181836E+01    1.177392E+01    1.173080E+01    1.168923E+01    1.164910E+01    1.161006E+01    1.157180E+01    1.153441E+01    1.149842E+01    1.146361E+01    1.142973E+01    1.139684E+01    1.136533E+01    1.133544E+01    1.130667E+01    1.127896E+01    1.125258E+01    1.122736E+01    1.120309E+01    1.117980E+01    1.115746E+01    1.113604E+01    1.111585E+01    1.109694E+01    1.107940E+01    1.106341E+01    1.104875E+01    1.103525E+01    1.102362E+01    1.101396E+01    1.100654E+01    1.100095E+01    1.099674E+01    1.099384E+01    1.099222E+01    1.099179E+01    1.099250E+01    1.099427E+01    1.099701E+01    1.100069E+01    1.100533E+01    1.101095E+01    1.101755E+01    1.102518E+01    1.103389E+01    1.104371E+01    1.105467E+01    1.106688E+01    1.108043E+01    1.109543E+01    1.111206E+01    1.113040E+01    1.115064E+01    1.117285E+01    1.119698E+01    1.122304E+01    1.125110E+01    1.128185E+01    1.131790E+01    1.136061E+01    1.140663E+01    1.144839E+01    1.148570E+01    1.152044E+01    1.155603E+01    1.159386E+01    1.162473E+01    1.164370E+01    1.165297E+01    1.164854E+01    1.160034E+01    1.161543E+01    1.167656E+01    1.177247E+01    1.191012E+01    1.213281E+01    1.229253E+01    1.241306E+01    1.250725E+01    1.258152E+01    1.263631E+01    1.266589E+01    1.000000E+30    1.000000E+30    1.278922E+01    1.279032E+01    1.279240E+01    1.279116E+01    1.278454E+01    1.277027E+01    1.274719E+01    1.271732E+01    1.268153E+01    1.264133E+01    1.259821E+01    1.255161E+01    1.250098E+01    1.244712E+01    1.239028E+01    1.233039E+01    1.226770E+01    1.220215E+01    1.213278E+01    1.205981E+01    1.198333E+01    1.190287E+01    1.181821E+01    1.172911E+01    1.163468E+01    1.153429E+01    1.142716E+01    1.131376E+01    1.000000E+30
   1.000000E+30    1.000000E+30    1.000000E+30    1.000000E+30    1.000000E+30    1.000000E+30    1.000000E+30    1.000000E+30    1.000000E+30    1.000000E+30    1.000000E+30    1.000000E+30    1.000000E+30    1.350081E+01    1.339902E+01    1.329904E+01    1.320330E+01    1.311200E+01    1.302540E+01    1.294345E+01    1.286580E+01    1.279142E+01    1.271997E+01    1.265139E+01    1.258487E+01    1.252045E+01    1.245777E+01    1.239651E+01    1.233698E+01    1.227892E+01    1.222238E+01    1.216753E+01    1.211420E+01    1.206221E+01    1.201157E+01    1.196232E+01    1.191438E+01    1.186760E+01    1.182223E+01    1.177829E+01    1.173564E+01    1.169447E+01    1.165465E+01    1.161599E+01    1.157829E+01    1.154127E+01    1.150544E+01    1.147080E+01    1.143707E+01    1.140423E+01    1.137249E+01    1.134225E+01    1.131327E+01    1.128533E+01    1.125876E+01    1.123360E+01    1.120930E+01    1.118569E+01    1.116312E+01    1.114152E+01    1.112099E+01    1.110157E+01    1.108340E+01    1.106670E+01    1.105149E+01    1.103806E+01    1.102625E+01    1.101553E+01    1.100607E+01    1.099907E+01    1.099430E+01    1.099116E+01    1.098951E+01    1.098925E+01    1.099027E+01    1.099247E+01    1.099578E+01    1.100017E+01    1.100569E+01    1.101233E+01    1.102009E+01    1.102902E+01    1.103917E+01    1.105056E+01    1.106327E+01    1.107741E+01    1.109312E+01    1.111060E+01    1.112996E+01    1.115131E+01    1.117479E+01    1.120045E+01    1.122823E+01    1.125815E+01    1.129096E+01    1.133056E+01    1.137777E+01    1.142824E+01    1.147500E+01    1.151860E+01    1.156244E+01    1.160426E+01    1.164703E+01    1.169204E+01    1.173011E+01    1.176128E+01    1.178971E+01    1.180763E+01    1.000000E+30    1.000000E+30    1.000000E+30    1.000000E+30    1.000000E+30    1.000000E+30    1.000000E+30    1.000000E+30    1.000000E+30    1.000000E+30    1.000000E+30    1.000000E+30    1.000000E+30    1.000000E+30    1.000000E+30    1.000000E+30    1.000000E+30    1.293198E+01    1.293067E+01    1.292639E+01    1.291488E+01    1.289423E+01    1.286369E+01    1.282468E+01    1.278211E+01    1.273529E+01    1.268342E+01    1.262805E+01    1.256903E+01    1.250628E+01    1.244100E+01    1.237316E+01    1.230226E+01    1.222792E+01    1.215040E+01    1.206947E+01    1.198456E+01    1.189538E+01    1.180129E+01    1.170153E+01    1.159509E+01    1.148140E+01    1.000000E+30
   1.000000E+30    1.000000E+30    1.000000E+30    1.000000E+30    1.000000E+30    1.000000E+30    1.000000E+30    1.000000E+30    1.000000E+30    1.000000E+30    1.000000E+30    1.000000E+30    1.000000E+30    1.349125E+01    1.338591E+01    1.328671E+01    1.319213E+01    1.310161E+01    1.301540E+01    1.293387E+01    1.285678E+01    1.278327E+01    1.271275E+01    1.264504E+01    1.257932E+01    1.251576E+01    1.245406E+01    1.239359E+01    1.233475E+01    1.227745E+01    1.222176E+01    1.216765E+01    1.211498E+01    1.206374E+01    1.201387E+01    1.196529E+01    1.191790E+01    1.187165E+01    1.182673E+01    1.178323E+01    1.174105E+01    1.170031E+01    1.166087E+01    1.162255E+01    1.158534E+01    1.154880E+01    1.151325E+01    1.147885E+01    1.144532E+01    1.141263E+01    1.138097E+01    1.135051E+01    1.132121E+01    1.129312E+01    1.126637E+01    1.124097E+01    1.121659E+01    1.119301E+01    1.117035E+01    1.114865E+01    1.112799E+01    1.110826E+01    1.108967E+01    1.107250E+01    1.105680E+01    1.104270E+01    1.103022E+01    1.101922E+01    1.100963E+01    1.100119E+01    1.099467E+01    1.099086E+01    1.098907E+01    1.098886E+01    1.099008E+01    1.099263E+01    1.099641E+01    1.100142E+01    1.100771E+01    1.101529E+01    1.102417E+01    1.103439E+01    1.104597E+01    1.105895E+01    1.107343E+01    1.108959E+01    1.110761E+01    1.112761E+01    1.114978E+01    1.117426E+01    1.120110E+01    1.123030E+01    1.126182E+01    1.129637E+01    1.133869E+01    1.138967E+01    1.144349E+01    1.149459E+01    1.154277E+01    1.159279E+01    1.164316E+01    1.169242E+01    1.174435E+01    1.179835E+01    1.184545E+01    1.189519E+01    1.195158E+01    1.198141E+01    1.000000E+30    1.000000E+30    1.000000E+30    1.000000E+30    1.000000E+30    1.000000E+30    1.000000E+30    1.000000E+30    1.000000E+30    1.000000E+30    1.000000E+30    1.000000E+30    1.000000E+30    1.000000E+30    1.000000E+30    1.000000E+30    1.000000E+30    1.000000E+30    1.000000E+30    1.000000E+30    1.305637E+01    1.305230E+01    1.303853E+01    1.300610E+01    1.296924E+01    1.292387E+01    1.286985E+01    1.281379E+01    1.275383E+01    1.268914E+01    1.262185E+01    1.255187E+01    1.247885E+01    1.240270E+01    1.232355E+01    1.224155E+01    1.215623E+01    1.206692E+01    1.197294E+01    1.187386E+01    1.176862E+01    1.165590E+01    1.000000E+30
   1.000000E+30    1.000000E+30    1.000000E+30    1.000000E+30    1.000000E+30    1.000000E+30    1.000000E+30    1.000000E+30    1.000000E+30    1.000000E+30    1.000000E+30    1.000000E+30    1.357648E+01    1.347397E+01    1.337230E+01    1.327470E+01    1.318128E+01    1.309156E+01    1.300589E+01    1.292497E+01    1.284857E+01    1.277588E+01    1.270611E+01    1.263902E+01    1.257421E+01    1.251158E+01    1.245074E+01    1.239110E+01    1.233298E+01    1.227648E+01    1.222158E+01    1.216810E+01    1.211607E+01    1.206557E+01    1.201645E+01    1.196857E+01    1.192179E+01    1.187615E+01    1.183174E+01    1.178869E+01    1.174696E+01    1.170664E+01    1.166765E+01    1.162974E+01    1.159295E+01    1.155695E+01    1.152179E+01    1.148770E+01    1.145440E+01    1.142193E+01    1.139048E+01    1.136009E+01    1.133067E+01    1.130235E+01    1.127538E+01    1.124977E+01    1.122520E+01    1.120161E+01    1.117895E+01    1.115721E+01    1.113658E+01    1.111673E+01    1.109790E+01    1.108045E+01    1.106437E+01    1.104974E+01    1.103663E+01    1.102507E+01    1.101503E+01    1.100658E+01    1.099918E+01    1.099368E+01    1.099116E+01    1.099081E+01    1.099209E+01    1.099485E+01    1.099901E+01    1.100456E+01    1.101155E+01    1.102000E+01    1.102992E+01    1.104137E+01    1.105438E+01    1.106896E+01    1.108525E+01    1.110351E+01    1.112389E+01    1.114657E+01    1.117166E+01    1.119927E+01    1.122945E+01    1.126255E+01    1.129869E+01    1.134279E+01    1.139657E+01    1.145258E+01    1.150653E+01    1.155866E+01    1.161335E+01    1.167018E+01    1.172745E+01    1.178504E+01    1.184831E+01    1.191226E+01    1.197385E+01    1.205614E+01    1.214111E+01    1.216726E+01    1.000000E+30    1.000000E+30    1.000000E+30    1.000000E+30    1.000000E+30    1.000000E+30    1.000000E+30    1.000000E+30    1.000000E+30    1.000000E+30    1.000000E+30    1.000000E+30    1.000000E+30    1.000000E+30    1.000000E+30    1.000000E+30    1.000000E+30    1.000000E+30    1.000000E+30    1.000000E+30    1.000000E+30    1.000000E+30    1.000000E+30    1.317280E+01    1.315404E+01    1.311639E+01    1.305669E+01    1.300319E+01    1.294315E+01    1.287520E+01    1.280684E+01    1.273489E+01    1.265885E+01    1.258082E+01    1.250030E+01    1.241692E+01    1.233092E+01    1.224163E+01    1.214809E+01    1.204959E+01    1.194552E+01    1.183492E+01    1.000000E+30
   1.000000E+30    1.000000E+30    1.000000E+30    1.000000E+30    1.000000E+30    1.000000E+30    1.000000E+30    1.000000E+30    1.000000E+30    1.000000E+30    1.000000E+30    1.000000E+30    1.356519E+01    1.345999E+01    1.335956E+01    1.326335E+01    1.317104E+01    1.308212E+01    1.299708E+01    1.291678E+01    1.284103E+01    1.276900E+01    1.269997E+01    1.263362E+01    1.256955E+01    1.250773E+01    1.244782E+01    1.238908E+01    1.233172E+01    1.227595E+01    1.222179E+01    1.216900E+01    1.211758E+01    1.206769E+01    1.201922E+01    1.197207E+01    1.192594E+01    1.188089E+01    1.183712E+01    1.179461E+01    1.175336E+01    1.171347E+01    1.167493E+01    1.163752E+01    1.160115E+01    1.156569E+01    1.153100E+01    1.149728E+01    1.146430E+01    1.143206E+01    1.140086E+01    1.137067E+01    1.134135E+01    1.131299E+01    1.128585E+01    1.126005E+01    1.123535E+01    1.121169E+01    1.118901E+01    1.116721E+01    1.114658E+01    1.112683E+01    1.110789E+01    1.109023E+01    1.107391E+01    1.105897E+01    1.104543E+01    1.103341E+01    1.102294E+01    1.101406E+01    1.100680E+01    1.100084E+01    1.099661E+01    1.099534E+01    1.099637E+01    1.099919E+01    1.100363E+01    1.100964E+01    1.101726E+01    1.102652E+01    1.103743E+01    1.105006E+01    1.106444E+01    1.108065E+01    1.109885E+01    1.111932E+01    1.114215E+01    1.116754E+01    1.119554E+01    1.122616E+01    1.126001E+01    1.129777E+01    1.134306E+01    1.139859E+01    1.145625E+01    1.151176E+01    1.156681E+01    1.162496E+01    1.168642E+01    1.175007E+01    1.181460E+01    1.188179E+01    1.195688E+01    1.203019E+01    1.211639E+01    1.223708E+01    1.236927E+01    1.000000E+30    1.000000E+30    1.000000E+30    1.000000E+30    1.000000E+30    1.000000E+30    1.000000E+30    1.000000E+30    1.000000E+30    1.000000E+30    1.000000E+30    1.000000E+30    1.000000E+30    1.000000E+30    1.000000E+30    1.000000E+30    1.000000E+30    1.000000E+30    1.000000E+30    1.000000E+30    1.000000E+30    1.000000E+30    1.000000E+30    1.000000E+30    1.000000E+30    1.000000E+30    1.000000E+30    1.323033E+01    1.319644E+01    1.313980E+01    1.306006E+01    1.299393E+01    1.292123E+01    1.283965E+01    1.275968E+01    1.267830E+01    1.259488E+01    1.250838E+01    1.241896E+01    1.232626E+01    1.222893E+01    1.212632E+01    1.201740E+01    1.000000E+30
   1.000000E+30    1.000000E+30    1.000000E+30    1.000000E+30    1.000000E+30    1.000000E+30    1.000000E+30    1.000000E+30    1.000000E+30    1.000000E+30    1.000000E+30    1.364592E+01    1.354572E+01    1.344477E+01    1.334666E+01    1.325226E+01    1.316137E+01    1.307346E+01    1.298916E+01    1.290949E+01    1.283431E+01    1.276284E+01    1.269442E+01    1.262879E+01    1.256544E+01    1.250426E+01    1.244522E+01    1.238748E+01    1.233087E+01    1.227583E+01    1.222238E+01    1.217021E+01    1.211941E+01    1.207014E+01    1.202232E+01    1.197580E+01    1.193032E+01    1.188589E+01    1.184271E+01    1.180084E+01    1.176015E+01    1.172076E+01    1.168266E+01    1.164571E+01    1.160985E+01    1.157494E+01    1.154088E+01    1.150758E+01    1.147493E+01    1.144301E+01    1.141206E+01    1.138209E+01    1.135298E+01    1.132479E+01    1.129766E+01    1.127175E+01    1.124696E+01    1.122326E+01    1.120059E+01    1.117883E+01    1.115819E+01    1.113849E+01    1.111954E+01    1.110173E+01    1.108526E+01    1.107017E+01    1.105635E+01    1.104399E+01    1.103318E+01    1.102399E+01    1.101641E+01    1.101055E+01    1.100614E+01    1.100329E+01    1.100324E+01    1.100571E+01    1.101031E+01    1.101673E+01    1.102492E+01    1.103494E+01    1.104679E+01    1.106052E+01    1.107623E+01    1.109414E+01    1.111442E+01    1.113718E+01    1.116240E+01    1.119042E+01    1.122124E+01    1.125498E+01    1.129365E+01    1.134044E+01    1.139672E+01    1.145522E+01    1.151176E+01    1.156887E+01    1.162929E+01    1.169361E+01    1.176164E+01    1.183209E+01    1.190409E+01    1.198226E+01    1.206671E+01    1.215166E+01    1.226696E+01    1.239905E+01    1.249119E+01    1.000000E+30    1.000000E+30    1.000000E+30    1.000000E+30    1.000000E+30    1.000000E+30    1.000000E+30    1.000000E+30    1.000000E+30    1.000000E+30    1.000000E+30    1.000000E+30    1.000000E+30    1.000000E+30    1.000000E+30    1.000000E+30    1.000000E+30    1.000000E+30    1.000000E+30    1.000000E+30    1.000000E+30    1.000000E+30    1.000000E+30    1.000000E+30    1.000000E+30    1.000000E+30    1.000000E+30    1.000000E+30    1.000000E+30    1.000000E+30    1.322919E+01    1.318504E+01    1.311531E+01    1.301912E+01    1.294019E+01    1.285734E+01    1.277570E+01    1.269025E+01    1.260043E+01    1.250868E+01    1.241320E+01    1.231238E+01    1.220525E+01    1.000000E+30
   1.000000E+30    1.000000E+30    1.000000E+30    1.000000E+30    1.000000E+30    1.000000E+30    1.000000E+30    1.000000E+30    1.000000E+30    1.000000E+30    1.000000E+30    1.363364E+01    1.353001E+01    1.343035E+01    1.333411E+01    1.324144E+01    1.315203E+01    1.306545E+01    1.298216E+01    1.290315E+01    1.282853E+01    1.275755E+01    1.268968E+01    1.262463E+01    1.256185E+01    1.250126E+01    1.244293E+01    1.238613E+01    1.233044E+01    1.227615E+01    1.222329E+01    1.217166E+01    1.212145E+01    1.207284E+01    1.202569E+01    1.197979E+01    1.193497E+01    1.189123E+01    1.184865E+01    1.180737E+01    1.176727E+01    1.172838E+01    1.169080E+01    1.165435E+01    1.161894E+01    1.158447E+01    1.155102E+01    1.151843E+01    1.148628E+01    1.145472E+01    1.142407E+01    1.139434E+01    1.136545E+01    1.133750E+01    1.131056E+01    1.128471E+01    1.125991E+01    1.123622E+01    1.121360E+01    1.119193E+01    1.117141E+01    1.115180E+01    1.113291E+01    1.111501E+01    1.109839E+01    1.108321E+01    1.106927E+01    1.105669E+01    1.104563E+01    1.103620E+01    1.102838E+01    1.102227E+01    1.101788E+01    1.101517E+01    1.101380E+01    1.101506E+01    1.101929E+01    1.102600E+01    1.103475E+01    1.104543E+01    1.105811E+01    1.107284E+01    1.108998E+01    1.110975E+01    1.113208E+01    1.115691E+01    1.118449E+01    1.121511E+01    1.124873E+01    1.128737E+01    1.133530E+01    1.139206E+01    1.145045E+01    1.150767E+01    1.156616E+01    1.162799E+01    1.169363E+01    1.176420E+01    1.183886E+01    1.191564E+01    1.199585E+01    1.208477E+01    1.217573E+01    1.228035E+01    1.242438E+01    1.257956E+01    1.000000E+30    1.000000E+30    1.000000E+30    1.000000E+30    1.000000E+30    1.000000E+30    1.000000E+30    1.000000E+30    1.000000E+30    1.000000E+30    1.000000E+30    1.000000E+30    1.000000E+30    1.000000E+30    1.000000E+30    1.000000E+30    1.000000E+30    1.000000E+30    1.000000E+30    1.000000E+30    1.000000E+30    1.000000E+30    1.000000E+30    1.000000E+30    1.000000E+30    1.000000E+30    1.000000E+30    1.000000E+30    1.000000E+30    1.000000E+30    1.000000E+30    1.000000E+30    1.000000E+30    1.000000E+30    1.318121E+01    1.312596E+01    1.303647E+01    1.296026E+01    1.287736E+01    1.278550E+01    1.269532E+01    1.260273E+01    1.250435E+01    1.239971E+01    1.000000E+30
   1.000000E+30    1.000000E+30    1.000000E+30    1.000000E+30    1.000000E+30    1.000000E+30    1.000000E+30    1.000000E+30    1.000000E+30    1.000000E+30    1.371034E+01    1.361244E+01    1.351319E+01    1.341621E+01    1.332212E+01    1.323113E+01    1.314317E+01    1.305798E+01    1.297587E+01    1.289775E+01    1.282383E+01    1.275335E+01    1.268584E+01    1.262113E+01    1.255888E+01    1.249902E+01    1.244123E+01    1.238508E+01    1.233027E+01    1.227664E+01    1.222427E+01    1.217322E+01    1.212366E+01    1.207572E+01    1.202922E+01    1.198399E+01    1.193990E+01    1.189689E+01    1.185500E+01    1.181433E+01    1.177487E+01    1.173658E+01    1.169944E+01    1.166340E+01    1.162842E+01    1.159442E+01    1.156141E+01    1.152940E+01    1.149802E+01    1.146709E+01    1.143685E+01    1.140740E+01    1.137874E+01    1.135104E+01    1.132436E+01    1.129868E+01    1.127404E+01    1.125045E+01    1.122790E+01    1.120634E+01    1.118595E+01    1.116656E+01    1.114786E+01    1.113007E+01    1.111338E+01    1.109800E+01    1.108397E+01    1.107132E+01    1.106010E+01    1.105045E+01    1.104246E+01    1.103615E+01    1.103159E+01    1.102896E+01    1.102811E+01    1.102862E+01    1.103146E+01    1.103781E+01    1.104688E+01    1.105806E+01    1.107148E+01    1.108738E+01    1.110612E+01    1.112754E+01    1.115163E+01    1.117863E+01    1.120862E+01    1.124166E+01    1.127929E+01    1.132696E+01    1.138439E+01    1.144287E+01    1.150033E+01    1.155980E+01    1.162220E+01    1.168834E+01    1.175944E+01    1.183663E+01    1.191729E+01    1.200025E+01    1.208962E+01    1.218687E+01    1.228588E+01    1.241427E+01    1.256459E+01    1.267961E+01    1.000000E+30    1.000000E+30    1.000000E+30    1.000000E+30    1.000000E+30    1.000000E+30    1.000000E+30    1.000000E+30    1.000000E+30    1.000000E+30    1.000000E+30    1.000000E+30    1.000000E+30    1.000000E+30    1.000000E+30    1.000000E+30    1.000000E+30    1.000000E+30    1.000000E+30    1.000000E+30    1.000000E+30    1.000000E+30    1.000000E+30    1.000000E+30    1.000000E+30    1.000000E+30    1.000000E+30    1.000000E+30    1.000000E+30    1.000000E+30    1.000000E+30    1.000000E+30    1.000000E+30    1.000000E+30    1.000000E+30    1.000000E+30    1.320387E+01    1.315306E+01    1.307461E+01    1.297084E+01    1.288667E+01    1.279872E+01    1.270321E+01    1.260367E+01    1.000000E+30
   1.000000E+30    1.000000E+30    1.000000E+30    1.000000E+30    1.000000E+30    1.000000E+30    1.000000E+30    1.000000E+30    1.000000E+30    1.000000E+30    1.369848E+01    1.359578E+01    1.349736E+01    1.340235E+01    1.331039E+01    1.322132E+01    1.313492E+01    1.305101E+01    1.297004E+01    1.289297E+01    1.281994E+01    1.275015E+01    1.268308E+01    1.261865E+01    1.255677E+01    1.249744E+01    1.244022E+01    1.238459E+01    1.233025E+01    1.227707E+01    1.222527E+01    1.217494E+01    1.212608E+01    1.207873E+01    1.203284E+01    1.198833E+01    1.194499E+01    1.190271E+01    1.186158E+01    1.182161E+01    1.178288E+01    1.174528E+01    1.170868E+01    1.167314E+01    1.163856E+01    1.160493E+01    1.157232E+01    1.154071E+01    1.150997E+01    1.147979E+01    1.145022E+01    1.142121E+01    1.139283E+01    1.136539E+01    1.133900E+01    1.131355E+01    1.128910E+01    1.126573E+01    1.124334E+01    1.122187E+01    1.120158E+01    1.118239E+01    1.116397E+01    1.114645E+01    1.112997E+01    1.111457E+01    1.110041E+01    1.108767E+01    1.107642E+01    1.106670E+01    1.105858E+01    1.105211E+01    1.104742E+01    1.104466E+01    1.104390E+01    1.104505E+01    1.104776E+01    1.105279E+01    1.106168E+01    1.107293E+01    1.108715E+01    1.110431E+01    1.112446E+01    1.114753E+01    1.117355E+01    1.120261E+01    1.123481E+01    1.127070E+01    1.131581E+01    1.137298E+01    1.143232E+01    1.149003E+01    1.155014E+01    1.161282E+01    1.167906E+01    1.174992E+01    1.182730E+01    1.191057E+01    1.199611E+01    1.208562E+01    1.218433E+01    1.228737E+01    1.239906E+01    1.255173E+01    1.271958E+01    1.000000E+30    1.000000E+30    1.000000E+30    1.000000E+30    1.000000E+30    1.000000E+30    1.000000E+30    1.000000E+30    1.000000E+30    1.000000E+30    1.000000E+30    1.000000E+30    1.000000E+30    1.000000E+30    1.000000E+30    1.000000E+30    1.000000E+30    1.000000E+30    1.000000E+30    1.000000E+30    1.000000E+30    1.000000E+30    1.000000E+30    1.000000E+30    1.000000E+30    1.000000E+30    1.000000E+30    1.000000E+30    1.000000E+30    1.000000E+30    1.000000E+30    1.000000E+30    1.000000E+30    1.000000E+30    1.000000E+30    1.000000E+30    1.000000E+30    1.000000E+30    1.000000E+30    1.000000E+30    1.313740E+01    1.308341E+01    1.300396E+01    1.290753E+01    1.282338E+01    1.000000E+30
   1.000000E+30    1.000000E+30    1.000000E+30    1.000000E+30    1.000000E+30    1.000000E+30    1.000000E+30    1.000000E+30    1.000000E+30    1.000000E+30    1.368049E+01    1.357854E+01    1.348171E+01    1.338866E+01    1.329882E+01    1.321175E+01    1.312695E+01    1.304418E+01    1.296428E+01    1.288845E+01    1.281657E+01    1.274768E+01    1.268120E+01    1.261716E+01    1.255561E+01    1.249644E+01    1.243960E+01    1.238438E+01    1.233044E+01    1.227795E+01    1.222680E+01    1.217705E+01    1.212872E+01    1.208192E+01    1.203668E+01    1.199290E+01    1.195030E+01    1.190873E+01    1.186831E+01    1.182914E+01    1.179113E+01    1.175423E+01    1.171838E+01    1.168341E+01    1.164934E+01    1.161616E+01    1.158396E+01    1.155270E+01    1.152242E+01    1.149289E+01    1.146389E+01    1.143549E+01    1.140764E+01    1.138055E+01    1.135447E+01    1.132930E+01    1.130506E+01    1.128192E+01    1.125978E+01    1.123848E+01    1.121830E+01    1.119925E+01    1.118108E+01    1.116384E+01    1.114769E+01    1.113259E+01    1.111855E+01    1.110582E+01    1.109458E+01    1.108487E+01    1.107669E+01    1.107013E+01    1.106537E+01    1.106251E+01    1.106165E+01    1.106290E+01    1.106625E+01    1.107161E+01    1.107926E+01    1.109016E+01    1.110529E+01    1.112356E+01    1.114505E+01    1.116975E+01    1.119761E+01    1.122873E+01    1.126320E+01    1.130391E+01    1.135757E+01    1.141850E+01    1.147725E+01    1.153740E+01    1.160045E+01    1.166673E+01    1.173712E+01    1.181326E+01    1.189670E+01    1.198469E+01    1.207500E+01    1.217224E+01    1.227909E+01    1.238580E+01    1.251769E+01    1.267908E+01    1.280914E+01    1.000000E+30    1.000000E+30    1.000000E+30    1.000000E+30    1.000000E+30    1.000000E+30    1.000000E+30    1.000000E+30    1.000000E+30    1.000000E+30    1.000000E+30    1.000000E+30    1.000000E+30    1.000000E+30    1.000000E+30    1.000000E+30    1.000000E+30    1.000000E+30    1.000000E+30    1.000000E+30    1.000000E+30    1.000000E+30    1.000000E+30    1.000000E+30    1.000000E+30    1.000000E+30    1.000000E+30    1.000000E+30    1.000000E+30    1.000000E+30    1.000000E+30    1.000000E+30    1.000000E+30    1.000000E+30    1.000000E+30    1.000000E+30    1.000000E+30    1.000000E+30    1.000000E+30    1.000000E+30    1.000000E+30    1.000000E+30    1.000000E+30    1.309932E+01    1.307184E+01    1.000000E+30
   1.000000E+30    1.000000E+30    1.000000E+30    1.000000E+30    1.000000E+30    1.000000E+30    1.000000E+30    1.000000E+30    1.000000E+30    1.375037E+01    1.365613E+01    1.355981E+01    1.346587E+01    1.337515E+01    1.328739E+01    1.320213E+01    1.311877E+01    1.303727E+01    1.295871E+01    1.288420E+01    1.281345E+01    1.274552E+01    1.267986E+01    1.261643E+01    1.255532E+01    1.249647E+01    1.243992E+01    1.238492E+01    1.233129E+01    1.227934E+01    1.222880E+01    1.217956E+01    1.213164E+01    1.208525E+01    1.204051E+01    1.199750E+01    1.195573E+01    1.191487E+01    1.187512E+01    1.183667E+01    1.179951E+01    1.176345E+01    1.172842E+01    1.169408E+01    1.166051E+01    1.162792E+01    1.159621E+01    1.156546E+01    1.153567E+01    1.150663E+01    1.147811E+01    1.145024E+01    1.142300E+01    1.139644E+01    1.137072E+01    1.134591E+01    1.132201E+01    1.129912E+01    1.127723E+01    1.125624E+01    1.123627E+01    1.121734E+01    1.119940E+01    1.118247E+01    1.116662E+01    1.115189E+01    1.113818E+01    1.112563E+01    1.111449E+01    1.110487E+01    1.109677E+01    1.109025E+01    1.108548E+01    1.108258E+01    1.108171E+01    1.108297E+01    1.108646E+01    1.109221E+01    1.109988E+01    1.111087E+01    1.112617E+01    1.114503E+01    1.116774E+01    1.119408E+01    1.122378E+01    1.125713E+01    1.129433E+01    1.134075E+01    1.140032E+01    1.146274E+01    1.152266E+01    1.158569E+01    1.165189E+01    1.172179E+01    1.179644E+01    1.187794E+01    1.196701E+01    1.205911E+01    1.215524E+01    1.226168E+01    1.237330E+01    1.248925E+01    1.264538E+01    1.282334E+01    1.000000E+30    1.000000E+30    1.000000E+30    1.000000E+30    1.000000E+30    1.000000E+30    1.000000E+30    1.000000E+30    1.000000E+30    1.000000E+30    1.000000E+30    1.000000E+30    1.000000E+30    1.000000E+30    1.000000E+30    1.000000E+30    1.000000E+30    1.000000E+30    1.000000E+30    1.000000E+30    1.000000E+30    1.000000E+30    1.000000E+30    1.000000E+30    1.000000E+30    1.000000E+30    1.000000E+30    1.000000E+30    1.000000E+30    1.000000E+30    1.000000E+30    1.000000E+30    1.000000E+30    1.000000E+30    1.000000E+30    1.000000E+30    1.000000E+30    1.000000E+30    1.000000E+30    1.000000E+30    1.000000E+30    1.000000E+30    1.000000E+30    1.000000E+30    1.000000E+30    1.000000E+30    1.000000E+30
   1.000000E+30    1.000000E+30    1.000000E+30    1.000000E+30    1.000000E+30    1.000000E+30    1.000000E+30    1.000000E+30    1.000000E+30    1.373650E+01    1.363740E+01    1.354237E+01    1.345049E+01    1.336179E+01    1.327594E+01    1.319243E+01    1.311061E+01    1.303064E+01    1.295362E+01    1.288034E+01    1.281052E+01    1.274342E+01    1.267862E+01    1.261601E+01    1.255533E+01    1.249687E+01    1.244086E+01    1.238640E+01    1.233323E+01    1.228166E+01    1.223155E+01    1.218277E+01    1.213529E+01    1.208929E+01    1.204486E+01    1.200225E+01    1.196120E+01    1.192123E+01    1.188232E+01    1.184463E+01    1.180818E+01    1.177284E+01    1.173852E+01    1.170496E+01    1.167203E+01    1.163999E+01    1.160884E+01    1.157868E+01    1.154949E+01    1.152109E+01    1.149310E+01    1.146567E+01    1.143900E+01    1.141305E+01    1.138784E+01    1.136343E+01    1.133989E+01    1.131736E+01    1.129579E+01    1.127511E+01    1.125548E+01    1.123678E+01    1.121906E+01    1.120243E+01    1.118693E+01    1.117250E+01    1.115912E+01    1.114688E+01    1.113593E+01    1.112653E+01    1.111864E+01    1.111232E+01    1.110768E+01    1.110489E+01    1.110414E+01    1.110558E+01    1.110918E+01    1.111506E+01    1.112384E+01    1.113582E+01    1.115076E+01    1.116995E+01    1.119356E+01    1.122090E+01    1.125211E+01    1.128778E+01    1.132854E+01    1.138069E+01    1.144336E+01    1.150689E+01    1.156924E+01    1.163517E+01    1.170465E+01    1.177811E+01    1.185701E+01    1.194441E+01    1.203806E+01    1.213441E+01    1.223821E+01    1.235280E+01    1.246639E+01    1.259946E+01    1.276579E+01    1.290775E+01    1.000000E+30    1.000000E+30    1.000000E+30    1.000000E+30    1.000000E+30    1.000000E+30    1.000000E+30    1.000000E+30    1.000000E+30    1.000000E+30    1.000000E+30    1.000000E+30    1.000000E+30    1.000000E+30    1.000000E+30    1.000000E+30    1.000000E+30    1.000000E+30    1.000000E+30    1.000000E+30    1.000000E+30    1.000000E+30    1.000000E+30    1.000000E+30    1.000000E+30    1.000000E+30    1.000000E+30    1.000000E+30    1.000000E+30    1.000000E+30    1.000000E+30    1.000000E+30    1.000000E+30    1.000000E+30    1.000000E+30    1.000000E+30    1.000000E+30    1.000000E+30    1.000000E+30    1.000000E+30    1.000000E+30    1.000000E+30    1.000000E+30    1.000000E+30    1.000000E+30    1.000000E+30    1.000000E+30
   1.000000E+30    1.000000E+30    1.000000E+30    1.000000E+30    1.000000E+30    1.000000E+30    1.000000E+30    1.000000E+30    1.380739E+01    1.371324E+01    1.361827E+01    1.352551E+01    1.343557E+01    1.334860E+01    1.326447E+01    1.318268E+01    1.310269E+01    1.302458E+01    1.294910E+01    1.287687E+01    1.280780E+01    1.274140E+01    1.267741E+01    1.261569E+01    1.255568E+01    1.249758E+01    1.244207E+01    1.238843E+01    1.233603E+01    1.228499E+01    1.223529E+01    1.218693E+01    1.213983E+01    1.209409E+01    1.204996E+01    1.200763E+01    1.196701E+01    1.192786E+01    1.188989E+01    1.185298E+01    1.181729E+01    1.178277E+01    1.174913E+01    1.171620E+01    1.168394E+01    1.165252E+01    1.162197E+01    1.159247E+01    1.156392E+01    1.153609E+01    1.150875E+01    1.148188E+01    1.145573E+01    1.143039E+01    1.140584E+01    1.138200E+01    1.135890E+01    1.133668E+01    1.131540E+01    1.129506E+01    1.127580E+01    1.125743E+01    1.123998E+01    1.122360E+01    1.120838E+01    1.119426E+01    1.118119E+01    1.116928E+01    1.115863E+01    1.114951E+01    1.114197E+01    1.113596E+01    1.113163E+01    1.112916E+01    1.112867E+01    1.113029E+01    1.113405E+01    1.114058E+01    1.115035E+01    1.116350E+01    1.117976E+01    1.119955E+01    1.122338E+01    1.125164E+01    1.128474E+01    1.132259E+01    1.136763E+01    1.142334E+01    1.148696E+01    1.155207E+01    1.161720E+01    1.168626E+01    1.175891E+01    1.183571E+01    1.191937E+01    1.201236E+01    1.210955E+01    1.221113E+01    1.232416E+01    1.244400E+01    1.256423E+01    1.272090E+01    1.290452E+01    1.000000E+30    1.000000E+30    1.000000E+30    1.000000E+30    1.000000E+30    1.000000E+30    1.000000E+30    1.000000E+30    1.000000E+30    1.000000E+30    1.000000E+30    1.000000E+30    1.000000E+30    1.000000E+30    1.000000E+30    1.000000E+30    1.000000E+30    1.000000E+30    1.000000E+30    1.000000E+30    1.000000E+30    1.000000E+30    1.000000E+30    1.000000E+30    1.000000E+30    1.000000E+30    1.000000E+30    1.000000E+30    1.000000E+30    1.000000E+30    1.000000E+30    1.000000E+30    1.000000E+30    1.000000E+30    1.000000E+30    1.000000E+30    1.000000E+30    1.000000E+30    1.000000E+30    1.000000E+30    1.000000E+30    1.000000E+30    1.000000E+30    1.000000E+30    1.000000E+30    1.000000E+30    1.000000E+30    1.000000E+30
   1.000000E+30    1.000000E+30    1.000000E+30    1.000000E+30    1.000000E+30    1.000000E+30    1.000000E+30    1.000000E+30    1.379340E+01    1.369481E+01    1.360065E+01    1.350952E+01    1.342128E+01    1.333589E+01    1.325323E+01    1.317299E+01    1.309480E+01    1.301864E+01    1.294482E+01    1.287368E+01    1.280532E+01    1.273960E+01    1.267637E+01    1.261551E+01    1.255650E+01    1.249902E+01    1.244390E+01    1.239097E+01    1.233939E+01    1.228907E+01    1.223993E+01    1.219198E+01    1.214522E+01    1.209977E+01    1.205600E+01    1.201399E+01    1.197364E+01    1.193497E+01    1.189778E+01    1.186179E+01    1.182690E+01    1.179311E+01    1.176017E+01    1.172792E+01    1.169634E+01    1.166555E+01    1.163567E+01    1.160686E+01    1.157896E+01    1.155165E+01    1.152496E+01    1.149880E+01    1.147327E+01    1.144851E+01    1.142458E+01    1.140143E+01    1.137895E+01    1.135720E+01    1.133625E+01    1.131625E+01    1.129729E+01    1.127931E+01    1.126216E+01    1.124604E+01    1.123103E+01    1.121714E+01    1.120439E+01    1.119282E+01    1.118258E+01    1.117374E+01    1.116650E+01    1.116083E+01    1.115688E+01    1.115480E+01    1.115473E+01    1.115663E+01    1.116105E+01    1.116833E+01    1.117879E+01    1.119267E+01    1.121026E+01    1.123209E+01    1.125768E+01    1.128739E+01    1.132222E+01    1.136293E+01    1.141123E+01    1.146689E+01    1.153083E+01    1.159887E+01    1.166733E+01    1.173927E+01    1.181449E+01    1.189446E+01    1.198342E+01    1.208091E+01    1.218137E+01    1.228972E+01    1.241154E+01    1.253371E+01    1.266716E+01    1.283899E+01    1.298566E+01    1.000000E+30    1.000000E+30    1.000000E+30    1.000000E+30    1.000000E+30    1.000000E+30    1.000000E+30    1.000000E+30    1.000000E+30    1.000000E+30    1.000000E+30    1.000000E+30    1.000000E+30    1.000000E+30    1.000000E+30    1.000000E+30    1.000000E+30    1.000000E+30    1.000000E+30    1.000000E+30    1.000000E+30    1.000000E+30    1.000000E+30    1.000000E+30    1.000000E+30    1.000000E+30    1.000000E+30    1.000000E+30    1.000000E+30    1.000000E+30    1.000000E+30    1.000000E+30    1.000000E+30    1.000000E+30    1.000000E+30    1.000000E+30    1.000000E+30    1.000000E+30    1.000000E+30    1.000000E+30    1.000000E+30    1.000000E+30    1.000000E+30    1.000000E+30    1.000000E+30    1.000000E+30    1.000000E+30    1.000000E+30
   1.000000E+30    1.000000E+30    1.000000E+30    1.000000E+30    1.000000E+30    1.000000E+30    1.000000E+30    1.386438E+01    1.377050E+01    1.367589E+01    1.358370E+01    1.349427E+01    1.340759E+01    1.332369E+01    1.324246E+01    1.316362E+01    1.308697E+01    1.301248E+01    1.294025E+01    1.287039E+01    1.280303E+01    1.273820E+01    1.267582E+01    1.261586E+01    1.255790E+01    1.250141E+01    1.244676E+01    1.239423E+01    1.234337E+01    1.229373E+01    1.224518E+01    1.219768E+01    1.215123E+01    1.210612E+01    1.206276E+01    1.202123E+01    1.198130E+01    1.194293E+01    1.190624E+01    1.187109E+01    1.183706E+01    1.180403E+01    1.177178E+01    1.174016E+01    1.170928E+01    1.167924E+01    1.165010E+01    1.162196E+01    1.159466E+01    1.156788E+01    1.154177E+01    1.151632E+01    1.149149E+01    1.146739E+01    1.144408E+01    1.142158E+01    1.139979E+01    1.137865E+01    1.135821E+01    1.133869E+01    1.132011E+01    1.130249E+01    1.128568E+01    1.126990E+01    1.125513E+01    1.124150E+01    1.122904E+01    1.121779E+01    1.120789E+01    1.119935E+01    1.119229E+01    1.118694E+01    1.118338E+01    1.118176E+01    1.118222E+01    1.118486E+01    1.119004E+01    1.119786E+01    1.120888E+01    1.122356E+01    1.124234E+01    1.126550E+01    1.129242E+01    1.132444E+01    1.136194E+01    1.140498E+01    1.145356E+01    1.150918E+01    1.157542E+01    1.164833E+01    1.171951E+01    1.179334E+01    1.187092E+01    1.195489E+01    1.204900E+01    1.214934E+01    1.225348E+01    1.236995E+01    1.249772E+01    1.262271E+01    1.278150E+01    1.298509E+01    1.000000E+30    1.000000E+30    1.000000E+30    1.000000E+30    1.000000E+30    1.000000E+30    1.000000E+30    1.000000E+30    1.000000E+30    1.000000E+30    1.000000E+30    1.000000E+30    1.000000E+30    1.000000E+30    1.000000E+30    1.000000E+30    1.000000E+30    1.000000E+30    1.000000E+30    1.000000E+30    1.000000E+30    1.000000E+30    1.000000E+30    1.000000E+30    1.000000E+30    1.000000E+30    1.000000E+30    1.000000E+30    1.000000E+30    1.000000E+30    1.000000E+30    1.000000E+30    1.000000E+30    1.000000E+30    1.000000E+30    1.000000E+30    1.000000E+30    1.000000E+30    1.000000E+30    1.000000E+30    1.000000E+30    1.000000E+30    1.000000E+30    1.000000E+30    1.000000E+30    1.000000E+30    1.000000E+30    1.000000E+30    1.000000E+30
   1.000000E+30    1.000000E+30    1.000000E+30    1.000000E+30    1.000000E+30    1.000000E+30    1.000000E+30    1.385100E+01    1.375251E+01    1.365853E+01    1.356776E+01    1.347986E+01    1.339465E+01    1.331214E+01    1.323225E+01    1.315477E+01    1.307953E+01    1.300649E+01    1.293566E+01    1.286712E+01    1.280094E+01    1.273711E+01    1.267567E+01    1.261655E+01    1.255957E+01    1.250440E+01    1.245052E+01    1.239833E+01    1.234797E+01    1.229890E+01    1.225107E+01    1.220401E+01    1.215776E+01    1.211295E+01    1.206994E+01    1.202904E+01    1.198993E+01    1.195199E+01    1.191563E+01    1.188113E+01    1.184786E+01    1.181553E+01    1.178398E+01    1.175306E+01    1.172294E+01    1.169366E+01    1.166528E+01    1.163777E+01    1.161107E+01    1.158493E+01    1.155942E+01    1.153462E+01    1.151050E+01    1.148707E+01    1.146438E+01    1.144250E+01    1.142138E+01    1.140092E+01    1.138110E+01    1.136214E+01    1.134411E+01    1.132694E+01    1.131055E+01    1.129517E+01    1.128075E+01    1.126743E+01    1.125532E+01    1.124438E+01    1.123476E+01    1.122653E+01    1.121967E+01    1.121467E+01    1.121163E+01    1.121053E+01    1.121139E+01    1.121471E+01    1.122032E+01    1.122872E+01    1.124043E+01    1.125613E+01    1.127617E+01    1.130014E+01    1.132829E+01    1.136134E+01    1.139976E+01    1.144401E+01    1.149433E+01    1.155289E+01    1.162400E+01    1.169974E+01    1.177273E+01    1.184806E+01    1.192835E+01    1.201674E+01    1.211501E+01    1.221742E+01    1.232598E+01    1.244924E+01    1.257804E+01    1.271307E+01    1.289054E+01    1.309926E+01    1.000000E+30    1.000000E+30    1.000000E+30    1.000000E+30    1.000000E+30    1.000000E+30    1.000000E+30    1.000000E+30    1.000000E+30    1.000000E+30    1.000000E+30    1.000000E+30    1.000000E+30    1.000000E+30    1.000000E+30    1.000000E+30    1.000000E+30    1.000000E+30    1.000000E+30    1.000000E+30    1.000000E+30    1.000000E+30    1.000000E+30    1.000000E+30    1.000000E+30    1.000000E+30    1.000000E+30    1.000000E+30    1.000000E+30    1.000000E+30    1.000000E+30    1.000000E+30    1.000000E+30    1.000000E+30    1.000000E+30    1.000000E+30    1.000000E+30    1.000000E+30    1.000000E+30    1.000000E+30    1.000000E+30    1.000000E+30    1.000000E+30    1.000000E+30    1.000000E+30    1.000000E+30    1.000000E+30    1.000000E+30    1.000000E+30
   1.000000E+30    1.000000E+30    1.000000E+30    1.000000E+30    1.000000E+30    1.000000E+30    1.392356E+01    1.382908E+01    1.373421E+01    1.364196E+01    1.355269E+01    1.346627E+01    1.338247E+01    1.330127E+01    1.322267E+01    1.314651E+01    1.307262E+01    1.300091E+01    1.293137E+01    1.286414E+01    1.279914E+01    1.273638E+01    1.267593E+01    1.261769E+01    1.256157E+01    1.250747E+01    1.245454E+01    1.240293E+01    1.235307E+01    1.230464E+01    1.225757E+01    1.221109E+01    1.216514E+01    1.212056E+01    1.207777E+01    1.203733E+01    1.199902E+01    1.196178E+01    1.192587E+01    1.189197E+01    1.185942E+01    1.182779E+01    1.179700E+01    1.176689E+01    1.173756E+01    1.170903E+01    1.168144E+01    1.165460E+01    1.162843E+01    1.160289E+01    1.157804E+01    1.155388E+01    1.153041E+01    1.150768E+01    1.148567E+01    1.146442E+01    1.144393E+01    1.142414E+01    1.140500E+01    1.138665E+01    1.136919E+01    1.135255E+01    1.133666E+01    1.132171E+01    1.130778E+01    1.129485E+01    1.128311E+01    1.127254E+01    1.126327E+01    1.125534E+01    1.124886E+01    1.124418E+01    1.124151E+01    1.124090E+01    1.124220E+01    1.124593E+01    1.125215E+01    1.126131E+01    1.127412E+01    1.129080E+01    1.131141E+01    1.133581E+01    1.136467E+01    1.139843E+01    1.143810E+01    1.148382E+01    1.153765E+01    1.160280E+01    1.167757E+01    1.175191E+01    1.182563E+01    1.190314E+01    1.198695E+01    1.207985E+01    1.218121E+01    1.228565E+01    1.239906E+01    1.252523E+01    1.265740E+01    1.281511E+01    1.300310E+01    1.317803E+01    1.000000E+30    1.000000E+30    1.000000E+30    1.000000E+30    1.000000E+30    1.000000E+30    1.000000E+30    1.000000E+30    1.000000E+30    1.000000E+30    1.000000E+30    1.000000E+30    1.000000E+30    1.000000E+30    1.000000E+30    1.000000E+30    1.000000E+30    1.000000E+30    1.000000E+30    1.000000E+30    1.000000E+30    1.000000E+30    1.000000E+30    1.000000E+30    1.000000E+30    1.000000E+30    1.000000E+30    1.000000E+30    1.000000E+30    1.000000E+30    1.000000E+30    1.000000E+30    1.000000E+30    1.000000E+30    1.000000E+30    1.000000E+30    1.000000E+30    1.000000E+30    1.000000E+30    1.000000E+30    1.000000E+30    1.000000E+30    1.000000E+30    1.000000E+30    1.000000E+30    1.000000E+30    1.000000E+30    1.000000E+30    1.000000E+30
   1.000000E+30    1.000000E+30    1.000000E+30    1.000000E+30    1.000000E+30    1.000000E+30    1.391085E+01    1.381209E+01    1.371768E+01    1.362660E+01    1.353864E+01    1.345352E+01    1.337101E+01    1.329107E+01    1.321375E+01    1.313886E+01    1.306622E+01    1.299579E+01    1.292754E+01    1.286154E+01    1.279776E+01    1.273615E+01    1.267675E+01    1.261943E+01    1.256410E+01    1.251068E+01    1.245860E+01    1.240771E+01    1.235847E+01    1.231077E+01    1.226435E+01    1.221875E+01    1.217370E+01    1.212960E+01    1.208714E+01    1.204691E+01    1.200879E+01    1.197203E+01    1.193673E+01    1.190347E+01    1.187170E+01    1.184083E+01    1.181086E+01    1.178163E+01    1.175316E+01    1.172544E+01    1.169862E+01    1.167253E+01    1.164702E+01    1.162212E+01    1.159790E+01    1.157439E+01    1.155158E+01    1.152952E+01    1.150820E+01    1.148764E+01    1.146781E+01    1.144865E+01    1.143015E+01    1.141238E+01    1.139544E+01    1.137931E+01    1.136400E+01    1.134956E+01    1.133618E+01    1.132373E+01    1.131233E+01    1.130216E+01    1.129321E+01    1.128573E+01    1.127978E+01    1.127542E+01    1.127296E+01    1.127272E+01    1.127465E+01    1.127902E+01    1.128625E+01    1.129611E+01    1.130973E+01    1.132686E+01    1.134774E+01    1.137279E+01    1.140218E+01    1.143687E+01    1.147791E+01    1.152836E+01    1.159003E+01    1.165846E+01    1.172969E+01    1.180272E+01    1.187866E+01    1.195916E+01    1.204678E+01    1.214427E+01    1.224815E+01    1.235535E+01    1.247282E+01    1.260337E+01    1.275243E+01    1.293341E+01    1.314464E+01    1.000000E+30    1.000000E+30    1.000000E+30    1.000000E+30    1.000000E+30    1.000000E+30    1.000000E+30    1.000000E+30    1.000000E+30    1.000000E+30    1.000000E+30    1.000000E+30    1.000000E+30    1.000000E+30    1.000000E+30    1.000000E+30    1.000000E+30    1.000000E+30    1.000000E+30    1.000000E+30    1.000000E+30    1.000000E+30    1.000000E+30    1.000000E+30    1.000000E+30    1.000000E+30    1.000000E+30    1.000000E+30    1.000000E+30    1.000000E+30    1.000000E+30    1.000000E+30    1.000000E+30    1.000000E+30    1.000000E+30    1.000000E+30    1.000000E+30    1.000000E+30    1.000000E+30    1.000000E+30    1.000000E+30    1.000000E+30    1.000000E+30    1.000000E+30    1.000000E+30    1.000000E+30    1.000000E+30    1.000000E+30    1.000000E+30    1.000000E+30
   1.000000E+30    1.000000E+30    1.000000E+30    1.000000E+30    1.000000E+30    1.398631E+01    1.389071E+01    1.379493E+01    1.370204E+01    1.361218E+01    1.352542E+01    1.344164E+01    1.336043E+01    1.328169E+01    1.320555E+01    1.313186E+01    1.306042E+01    1.299121E+01    1.292419E+01    1.285937E+01    1.279680E+01    1.273643E+01    1.267806E+01    1.262164E+01    1.256723E+01    1.251446E+01    1.246294E+01    1.241276E+01    1.236416E+01    1.231719E+01    1.227148E+01    1.222676E+01    1.218286E+01    1.213976E+01    1.209770E+01    1.205772E+01    1.201988E+01    1.198346E+01    1.194861E+01    1.191585E+01    1.188483E+01    1.185475E+01    1.182564E+01    1.179734E+01    1.176973E+01    1.174285E+01    1.171682E+01    1.169150E+01    1.166675E+01    1.164263E+01    1.161914E+01    1.159635E+01    1.157426E+01    1.155292E+01    1.153231E+01    1.151244E+01    1.149329E+01    1.147481E+01    1.145697E+01    1.143977E+01    1.142332E+01    1.140765E+01    1.139283E+01    1.137889E+01    1.136601E+01    1.135411E+01    1.134316E+01    1.133338E+01    1.132478E+01    1.131773E+01    1.131231E+01    1.130834E+01    1.130619E+01    1.130630E+01    1.130892E+01    1.131415E+01    1.132211E+01    1.133260E+01    1.134656E+01    1.136422E+01    1.138597E+01    1.141189E+01    1.144177E+01    1.147726E+01    1.152376E+01    1.158146E+01    1.164404E+01    1.170888E+01    1.177918E+01    1.185392E+01    1.193245E+01    1.201625E+01    1.210798E+01    1.220981E+01    1.231675E+01    1.242901E+01    1.255448E+01    1.269263E+01    1.285099E+01    1.303805E+01    1.325107E+01    1.000000E+30    1.000000E+30    1.000000E+30    1.000000E+30    1.000000E+30    1.000000E+30    1.000000E+30    1.000000E+30    1.000000E+30    1.000000E+30    1.000000E+30    1.000000E+30    1.000000E+30    1.000000E+30    1.000000E+30    1.000000E+30    1.000000E+30    1.000000E+30    1.000000E+30    1.000000E+30    1.000000E+30    1.000000E+30    1.000000E+30    1.000000E+30    1.000000E+30    1.000000E+30    1.000000E+30    1.000000E+30    1.000000E+30    1.000000E+30    1.000000E+30    1.000000E+30    1.000000E+30    1.000000E+30    1.000000E+30    1.000000E+30    1.000000E+30    1.000000E+30    1.000000E+30    1.000000E+30    1.000000E+30    1.000000E+30    1.000000E+30    1.000000E+30    1.000000E+30    1.000000E+30    1.000000E+30    1.000000E+30    1.000000E+30    1.000000E+30
   1.000000E+30    1.000000E+30    1.000000E+30    1.000000E+30    1.000000E+30    1.397577E+01    1.387541E+01    1.377957E+01    1.368757E+01    1.359880E+01    1.351312E+01    1.343052E+01    1.335062E+01    1.327309E+01    1.319801E+01    1.312540E+01    1.305517E+01    1.298716E+01    1.292132E+01    1.285776E+01    1.279640E+01    1.273721E+01    1.267987E+01    1.262432E+01    1.257079E+01    1.251883E+01    1.246803E+01    1.241852E+01    1.237057E+01    1.232422E+01    1.227920E+01    1.223533E+01    1.219241E+01    1.215026E+01    1.210894E+01    1.206948E+01    1.203204E+01    1.199605E+01    1.196167E+01    1.192931E+01    1.189898E+01    1.186973E+01    1.184144E+01    1.181405E+01    1.178736E+01    1.176137E+01    1.173614E+01    1.171160E+01    1.168763E+01    1.166434E+01    1.164170E+01    1.161972E+01    1.159842E+01    1.157781E+01    1.155794E+01    1.153879E+01    1.152033E+01    1.150257E+01    1.148546E+01    1.146895E+01    1.145311E+01    1.143799E+01    1.142367E+01    1.141023E+01    1.139777E+01    1.138635E+01    1.137594E+01    1.136660E+01    1.135848E+01    1.135178E+01    1.134667E+01    1.134318E+01    1.134144E+01    1.134185E+01    1.134497E+01    1.135074E+01    1.135911E+01    1.137041E+01    1.138518E+01    1.140411E+01    1.142642E+01    1.145260E+01    1.148327E+01    1.152288E+01    1.157604E+01    1.163282E+01    1.169232E+01    1.175794E+01    1.182948E+01    1.190602E+01    1.198722E+01    1.207422E+01    1.217025E+01    1.227627E+01    1.238750E+01    1.250840E+01    1.264200E+01    1.278026E+01    1.294132E+01    1.313264E+01    1.332096E+01    1.000000E+30    1.000000E+30    1.000000E+30    1.000000E+30    1.000000E+30    1.000000E+30    1.000000E+30    1.000000E+30    1.000000E+30    1.000000E+30    1.000000E+30    1.000000E+30    1.000000E+30    1.000000E+30    1.000000E+30    1.000000E+30    1.000000E+30    1.000000E+30    1.000000E+30    1.000000E+30    1.000000E+30    1.000000E+30    1.000000E+30    1.000000E+30    1.000000E+30    1.000000E+30    1.000000E+30    1.000000E+30    1.000000E+30    1.000000E+30    1.000000E+30    1.000000E+30    1.000000E+30    1.000000E+30    1.000000E+30    1.000000E+30    1.000000E+30    1.000000E+30    1.000000E+30    1.000000E+30    1.000000E+30    1.000000E+30    1.000000E+30    1.000000E+30    1.000000E+30    1.000000E+30    1.000000E+30    1.000000E+30    1.000000E+30    1.000000E+30
   1.000000E+30    1.000000E+30    1.000000E+30    1.000000E+30    1.000000E+30    1.396007E+01    1.385999E+01    1.376499E+01    1.367398E+01    1.358634E+01    1.350172E+01    1.342026E+01    1.334164E+01    1.326534E+01    1.319129E+01    1.311964E+01    1.305042E+01    1.298349E+01    1.291885E+01    1.285658E+01    1.279651E+01    1.273848E+01    1.268227E+01    1.262773E+01    1.257497E+01    1.252368E+01    1.247362E+01    1.242497E+01    1.237785E+01    1.233218E+01    1.228782E+01    1.224475E+01    1.220277E+01    1.216150E+01    1.212091E+01    1.208214E+01    1.204522E+01    1.200965E+01    1.197584E+01    1.194399E+01    1.191425E+01    1.188585E+01    1.185842E+01    1.183190E+01    1.180605E+01    1.178096E+01    1.175657E+01    1.173286E+01    1.170976E+01    1.168737E+01    1.166562E+01    1.164449E+01    1.162400E+01    1.160416E+01    1.158501E+01    1.156659E+01    1.154884E+01    1.153178E+01    1.151540E+01    1.149966E+01    1.148454E+01    1.147009E+01    1.145641E+01    1.144361E+01    1.143168E+01    1.142071E+01    1.141079E+01    1.140198E+01    1.139434E+01    1.138799E+01    1.138312E+01    1.137994E+01    1.137854E+01    1.137918E+01    1.138266E+01    1.138892E+01    1.139788E+01    1.141021E+01    1.142605E+01    1.144553E+01    1.146795E+01    1.149485E+01    1.152791E+01    1.157140E+01    1.162526E+01    1.168041E+01    1.174093E+01    1.180776E+01    1.188072E+01    1.195926E+01    1.204287E+01    1.213314E+01    1.223324E+01    1.234286E+01    1.245877E+01    1.258839E+01    1.272627E+01    1.286333E+01    1.303160E+01    1.324512E+01    1.000000E+30    1.000000E+30    1.000000E+30    1.000000E+30    1.000000E+30    1.000000E+30    1.000000E+30    1.000000E+30    1.000000E+30    1.000000E+30    1.000000E+30    1.000000E+30    1.000000E+30    1.000000E+30    1.000000E+30    1.000000E+30    1.000000E+30    1.000000E+30    1.000000E+30    1.000000E+30    1.000000E+30    1.000000E+30    1.000000E+30    1.000000E+30    1.000000E+30    1.000000E+30    1.000000E+30    1.000000E+30    1.000000E+30    1.000000E+30    1.000000E+30    1.000000E+30    1.000000E+30    1.000000E+30    1.000000E+30    1.000000E+30    1.000000E+30    1.000000E+30    1.000000E+30    1.000000E+30    1.000000E+30    1.000000E+30    1.000000E+30    1.000000E+30    1.000000E+30    1.000000E+30    1.000000E+30    1.000000E+30    1.000000E+30    1.000000E+30    1.000000E+30
   1.000000E+30    1.000000E+30    1.000000E+30    1.000000E+30    1.403318E+01    1.393918E+01    1.384383E+01    1.375087E+01    1.366116E+01    1.357466E+01    1.349119E+01    1.341101E+01    1.333362E+01    1.325839E+01    1.318539E+01    1.311470E+01    1.304645E+01    1.298055E+01    1.291694E+01    1.285585E+01    1.279700E+01    1.274022E+01    1.268525E+01    1.263181E+01    1.257994E+01    1.252921E+01    1.247981E+01    1.243209E+01    1.238589E+01    1.234102E+01    1.229740E+01    1.225516E+01    1.221413E+01    1.217393E+01    1.213417E+01    1.209583E+01    1.205942E+01    1.202444E+01    1.199127E+01    1.196003E+01    1.193088E+01    1.190328E+01    1.187670E+01    1.185107E+01    1.182610E+01    1.180190E+01    1.177837E+01    1.175554E+01    1.173335E+01    1.171190E+01    1.169111E+01    1.167091E+01    1.165129E+01    1.163228E+01    1.161390E+01    1.159621E+01    1.157921E+01    1.156286E+01    1.154720E+01    1.153221E+01    1.151784E+01    1.150411E+01    1.149112E+01    1.147896E+01    1.146766E+01    1.145724E+01    1.144780E+01    1.143945E+01    1.143231E+01    1.142645E+01    1.142193E+01    1.141895E+01    1.141772E+01    1.141864E+01    1.142257E+01    1.142983E+01    1.143953E+01    1.145237E+01    1.146876E+01    1.148807E+01    1.151140E+01    1.153998E+01    1.157501E+01    1.161971E+01    1.167344E+01    1.172950E+01    1.179079E+01    1.185868E+01    1.193316E+01    1.201324E+01    1.209915E+01    1.219250E+01    1.229576E+01    1.240870E+01    1.252938E+01    1.266545E+01    1.280594E+01    1.294324E+01    1.311726E+01    1.331483E+01    1.000000E+30    1.000000E+30    1.000000E+30    1.000000E+30    1.000000E+30    1.000000E+30    1.000000E+30    1.000000E+30    1.000000E+30    1.000000E+30    1.000000E+30    1.000000E+30    1.000000E+30    1.000000E+30    1.000000E+30    1.000000E+30    1.000000E+30    1.000000E+30    1.000000E+30    1.000000E+30    1.000000E+30    1.000000E+30    1.000000E+30    1.000000E+30    1.000000E+30    1.000000E+30    1.000000E+30    1.000000E+30    1.000000E+30    1.000000E+30    1.000000E+30    1.000000E+30    1.000000E+30    1.000000E+30    1.000000E+30    1.000000E+30    1.000000E+30    1.000000E+30    1.000000E+30    1.000000E+30    1.000000E+30    1.000000E+30    1.000000E+30    1.000000E+30    1.000000E+30    1.000000E+30    1.000000E+30    1.000000E+30    1.000000E+30    1.000000E+30    1.000000E+30
   1.000000E+30    1.000000E+30    1.000000E+30    1.000000E+30    1.402241E+01    1.392422E+01    1.382967E+01    1.373793E+01    1.364929E+01    1.356390E+01    1.348169E+01    1.340279E+01    1.332652E+01    1.325230E+01    1.318033E+01    1.311067E+01    1.304338E+01    1.297849E+01    1.291597E+01    1.285595E+01    1.279810E+01    1.274230E+01    1.268840E+01    1.263621E+01    1.258556E+01    1.253570E+01    1.248696E+01    1.243999E+01    1.239465E+01    1.235062E+01    1.230787E+01    1.226654E+01    1.222650E+01    1.218747E+01    1.214889E+01    1.211104E+01    1.207497E+01    1.204062E+01    1.200814E+01    1.197758E+01    1.194912E+01    1.192242E+01    1.189670E+01    1.187188E+01    1.184784E+01    1.182457E+01    1.180194E+01    1.177998E+01    1.175875E+01    1.173821E+01    1.171835E+01    1.169911E+01    1.168048E+01    1.166243E+01    1.164496E+01    1.162812E+01    1.161193E+01    1.159637E+01    1.158146E+01    1.156719E+01    1.155351E+01    1.154046E+01    1.152811E+01    1.151654E+01    1.150585E+01    1.149604E+01    1.148714E+01    1.147929E+01    1.147264E+01    1.146725E+01    1.146321E+01    1.146063E+01    1.145974E+01    1.146111E+01    1.146543E+01    1.147325E+01    1.148365E+01    1.149693E+01    1.151349E+01    1.153317E+01    1.155766E+01    1.158783E+01    1.162401E+01    1.166879E+01    1.172328E+01    1.177963E+01    1.184168E+01    1.191075E+01    1.198620E+01    1.206741E+01    1.215546E+01    1.225113E+01    1.235727E+01    1.247365E+01    1.259884E+01    1.273936E+01    1.288160E+01    1.302215E+01    1.319408E+01    1.334887E+01    1.000000E+30    1.000000E+30    1.000000E+30    1.000000E+30    1.000000E+30    1.000000E+30    1.000000E+30    1.000000E+30    1.000000E+30    1.000000E+30    1.000000E+30    1.000000E+30    1.000000E+30    1.000000E+30    1.000000E+30    1.000000E+30    1.000000E+30    1.000000E+30    1.000000E+30    1.000000E+30    1.000000E+30    1.000000E+30    1.000000E+30    1.000000E+30    1.000000E+30    1.000000E+30    1.000000E+30    1.000000E+30    1.000000E+30    1.000000E+30    1.000000E+30    1.000000E+30    1.000000E+30    1.000000E+30    1.000000E+30    1.000000E+30    1.000000E+30    1.000000E+30    1.000000E+30    1.000000E+30    1.000000E+30    1.000000E+30    1.000000E+30    1.000000E+30    1.000000E+30    1.000000E+30    1.000000E+30    1.000000E+30    1.000000E+30    1.000000E+30    1.000000E+30
   1.000000E+30    1.000000E+30    1.000000E+30    1.410130E+01    1.400556E+01    1.391012E+01    1.381689E+01    1.372624E+01    1.363864E+01    1.355429E+01    1.347326E+01    1.339547E+01    1.332015E+01    1.324698E+01    1.317617E+01    1.310760E+01    1.304131E+01    1.297743E+01    1.291606E+01    1.285709E+01    1.280016E+01    1.274525E+01    1.269227E+01    1.264108E+01    1.259142E+01    1.254265E+01    1.249497E+01    1.244887E+01    1.240434E+01    1.236116E+01    1.231931E+01    1.227890E+01    1.223980E+01    1.220188E+01    1.216474E+01    1.212798E+01    1.209223E+01    1.205836E+01    1.202660E+01    1.199678E+01    1.196909E+01    1.194329E+01    1.191853E+01    1.189464E+01    1.187152E+01    1.184919E+01    1.182750E+01    1.180641E+01    1.178610E+01    1.176653E+01    1.174764E+01    1.172938E+01    1.171176E+01    1.169472E+01    1.167825E+01    1.166236E+01    1.164706E+01    1.163237E+01    1.161826E+01    1.160471E+01    1.159172E+01    1.157938E+01    1.156770E+01    1.155673E+01    1.154663E+01    1.153745E+01    1.152915E+01    1.152189E+01    1.151578E+01    1.151082E+01    1.150719E+01    1.150504E+01    1.150468E+01    1.150668E+01    1.151150E+01    1.151937E+01    1.153050E+01    1.154417E+01    1.156085E+01    1.158118E+01    1.160636E+01    1.163732E+01    1.167366E+01    1.171933E+01    1.177399E+01    1.183028E+01    1.189337E+01    1.196317E+01    1.203909E+01    1.212148E+01    1.221127E+01    1.230898E+01    1.241808E+01    1.253744E+01    1.266664E+01    1.281021E+01    1.295458E+01    1.310138E+01    1.328470E+01    1.000000E+30    1.000000E+30    1.000000E+30    1.000000E+30    1.000000E+30    1.000000E+30    1.000000E+30    1.000000E+30    1.000000E+30    1.000000E+30    1.000000E+30    1.000000E+30    1.000000E+30    1.000000E+30    1.000000E+30    1.000000E+30    1.000000E+30    1.000000E+30    1.000000E+30    1.000000E+30    1.000000E+30    1.000000E+30    1.000000E+30    1.000000E+30    1.000000E+30    1.000000E+30    1.000000E+30    1.000000E+30    1.000000E+30    1.000000E+30    1.000000E+30    1.000000E+30    1.000000E+30    1.000000E+30    1.000000E+30    1.000000E+30    1.000000E+30    1.000000E+30    1.000000E+30    1.000000E+30    1.000000E+30    1.000000E+30    1.000000E+30    1.000000E+30    1.000000E+30    1.000000E+30    1.000000E+30    1.000000E+30    1.000000E+30    1.000000E+30    1.000000E+30    1.000000E+30
   1.000000E+30    1.000000E+30    1.000000E+30    1.409273E+01    1.399353E+01    1.389826E+01    1.380577E+01    1.371602E+01    1.362935E+01    1.354596E+01    1.346594E+01    1.338902E+01    1.331454E+01    1.324243E+01    1.317284E+01    1.310549E+01    1.304029E+01    1.297750E+01    1.291727E+01    1.285925E+01    1.280321E+01    1.274923E+01    1.269712E+01    1.264687E+01    1.259804E+01    1.255024E+01    1.250374E+01    1.245876E+01    1.241522E+01    1.237295E+01    1.233200E+01    1.229250E+01    1.225433E+01    1.221744E+01    1.218149E+01    1.214621E+01    1.211139E+01    1.207785E+01    1.204673E+01    1.201782E+01    1.199094E+01    1.196600E+01    1.194221E+01    1.191927E+01    1.189716E+01    1.187580E+01    1.185511E+01    1.183502E+01    1.181566E+01    1.179708E+01    1.177921E+01    1.176200E+01    1.174541E+01    1.172938E+01    1.171388E+01    1.169891E+01    1.168451E+01    1.167070E+01    1.165746E+01    1.164475E+01    1.163261E+01    1.162109E+01    1.161018E+01    1.159995E+01    1.159052E+01    1.158195E+01    1.157427E+01    1.156760E+01    1.156200E+01    1.155751E+01    1.155427E+01    1.155251E+01    1.155271E+01    1.155543E+01    1.156086E+01    1.156897E+01    1.158035E+01    1.159435E+01    1.161102E+01    1.163142E+01    1.165676E+01    1.168789E+01    1.172391E+01    1.177209E+01    1.182518E+01    1.188206E+01    1.194545E+01    1.201546E+01    1.209207E+01    1.217545E+01    1.226619E+01    1.236602E+01    1.247801E+01    1.259952E+01    1.273194E+01    1.287750E+01    1.302355E+01    1.317456E+01    1.335490E+01    1.000000E+30    1.000000E+30    1.000000E+30    1.000000E+30    1.000000E+30    1.000000E+30    1.000000E+30    1.000000E+30    1.000000E+30    1.000000E+30    1.000000E+30    1.000000E+30    1.000000E+30    1.000000E+30    1.000000E+30    1.000000E+30    1.000000E+30    1.000000E+30    1.000000E+30    1.000000E+30    1.000000E+30    1.000000E+30    1.000000E+30    1.000000E+30    1.000000E+30    1.000000E+30    1.000000E+30    1.000000E+30    1.000000E+30    1.000000E+30    1.000000E+30    1.000000E+30    1.000000E+30    1.000000E+30    1.000000E+30    1.000000E+30    1.000000E+30    1.000000E+30    1.000000E+30    1.000000E+30    1.000000E+30    1.000000E+30    1.000000E+30    1.000000E+30    1.000000E+30    1.000000E+30    1.000000E+30    1.000000E+30    1.000000E+30    1.000000E+30    1.000000E+30    1.000000E+30
   1.000000E+30    1.000000E+30    1.417752E+01    1.407961E+01    1.398247E+01    1.388801E+01    1.379618E+01    1.370724E+01    1.362141E+01    1.353889E+01    1.345973E+01    1.338358E+01    1.330994E+01    1.323884E+01    1.317043E+01    1.310434E+01    1.304033E+01    1.297868E+01    1.291956E+01    1.286251E+01    1.280733E+01    1.275424E+01    1.270307E+01    1.265377E+01    1.260583E+01    1.255895E+01    1.251352E+01    1.246970E+01    1.242734E+01    1.238617E+01    1.234621E+01    1.230763E+01    1.227041E+01    1.223451E+01    1.219967E+01    1.216558E+01    1.213222E+01    1.209956E+01    1.206887E+01    1.204081E+01    1.201483E+01    1.199068E+01    1.196790E+01    1.194600E+01    1.192494E+01    1.190464E+01    1.188505E+01    1.186603E+01    1.184772E+01    1.183016E+01    1.181333E+01    1.179718E+01    1.178161E+01    1.176661E+01    1.175211E+01    1.173810E+01    1.172466E+01    1.171180E+01    1.169948E+01    1.168770E+01    1.167649E+01    1.166584E+01    1.165575E+01    1.164636E+01    1.163772E+01    1.162986E+01    1.162283E+01    1.161667E+01    1.161148E+01    1.160744E+01    1.160471E+01    1.160354E+01    1.160442E+01    1.160779E+01    1.161376E+01    1.162224E+01    1.163345E+01    1.164763E+01    1.166427E+01    1.168435E+01    1.170923E+01    1.173910E+01    1.177856E+01    1.182792E+01    1.187837E+01    1.193494E+01    1.199767E+01    1.206761E+01    1.214489E+01    1.222918E+01    1.232090E+01    1.242286E+01    1.253691E+01    1.265992E+01    1.279423E+01    1.294023E+01    1.308624E+01    1.323844E+01    1.341507E+01    1.000000E+30    1.000000E+30    1.000000E+30    1.000000E+30    1.000000E+30    1.000000E+30    1.000000E+30    1.000000E+30    1.000000E+30    1.000000E+30    1.000000E+30    1.000000E+30    1.000000E+30    1.000000E+30    1.000000E+30    1.000000E+30    1.000000E+30    1.000000E+30    1.000000E+30    1.000000E+30    1.000000E+30    1.000000E+30    1.000000E+30    1.000000E+30    1.000000E+30    1.000000E+30    1.000000E+30    1.000000E+30    1.000000E+30    1.000000E+30    1.000000E+30    1.000000E+30    1.000000E+30    1.000000E+30    1.000000E+30    1.000000E+30    1.000000E+30    1.000000E+30    1.000000E+30    1.000000E+30    1.000000E+30    1.000000E+30    1.000000E+30    1.000000E+30    1.000000E+30    1.000000E+30    1.000000E+30    1.000000E+30    1.000000E+30    1.000000E+30    1.000000E+30    1.000000E+30
   1.000000E+30    1.000000E+30    1.417229E+01    1.407089E+01    1.397356E+01    1.387947E+01    1.378817E+01    1.369988E+01    1.361483E+01    1.353310E+01    1.345467E+01    1.337922E+01    1.330640E+01    1.323631E+01    1.316904E+01    1.310413E+01    1.304135E+01    1.298094E+01    1.292294E+01    1.286694E+01    1.281275E+01    1.276056E+01    1.271032E+01    1.266201E+01    1.261497E+01    1.256903E+01    1.252468E+01    1.248193E+01    1.244072E+01    1.240080E+01    1.236203E+01    1.232453E+01    1.228829E+01    1.225333E+01    1.221958E+01    1.218663E+01    1.215450E+01    1.212332E+01    1.209343E+01    1.206609E+01    1.204091E+01    1.201756E+01    1.199576E+01    1.197504E+01    1.195521E+01    1.193605E+01    1.191763E+01    1.189982E+01    1.188265E+01    1.186614E+01    1.185036E+01    1.183526E+01    1.182075E+01    1.180680E+01    1.179340E+01    1.178049E+01    1.176809E+01    1.175626E+01    1.174493E+01    1.173411E+01    1.172381E+01    1.171399E+01    1.170473E+01    1.169614E+01    1.168825E+01    1.168113E+01    1.167475E+01    1.166908E+01    1.166431E+01    1.166080E+01    1.165882E+01    1.165850E+01    1.166017E+01    1.166412E+01    1.167052E+01    1.167927E+01    1.169044E+01    1.170460E+01    1.172145E+01    1.174090E+01    1.176418E+01    1.179610E+01    1.183936E+01    1.188445E+01    1.193379E+01    1.198887E+01    1.205041E+01    1.212033E+01    1.219854E+01    1.228417E+01    1.237677E+01    1.247925E+01    1.259419E+01    1.271814E+01    1.285265E+01    1.299798E+01    1.314319E+01    1.329484E+01    1.347536E+01    1.000000E+30    1.000000E+30    1.000000E+30    1.000000E+30    1.000000E+30    1.000000E+30    1.000000E+30    1.000000E+30    1.000000E+30    1.000000E+30    1.000000E+30    1.000000E+30    1.000000E+30    1.000000E+30    1.000000E+30    1.000000E+30    1.000000E+30    1.000000E+30    1.000000E+30    1.000000E+30    1.000000E+30    1.000000E+30    1.000000E+30    1.000000E+30    1.000000E+30    1.000000E+30    1.000000E+30    1.000000E+30    1.000000E+30    1.000000E+30    1.000000E+30    1.000000E+30    1.000000E+30    1.000000E+30    1.000000E+30    1.000000E+30    1.000000E+30    1.000000E+30    1.000000E+30    1.000000E+30    1.000000E+30    1.000000E+30    1.000000E+30    1.000000E+30    1.000000E+30    1.000000E+30    1.000000E+30    1.000000E+30    1.000000E+30    1.000000E+30    1.000000E+30    1.000000E+30
   1.000000E+30    1.000000E+30    1.416561E+01    1.406351E+01    1.396615E+01    1.387240E+01    1.378166E+01    1.369398E+01    1.360966E+01    1.352863E+01    1.345087E+01    1.337605E+01    1.330396E+01    1.323483E+01    1.316853E+01    1.310475E+01    1.304333E+01    1.298426E+01    1.292748E+01    1.287265E+01    1.281959E+01    1.276840E+01    1.271920E+01    1.267182E+01    1.262569E+01    1.258076E+01    1.253745E+01    1.249580E+01    1.245568E+01    1.241692E+01    1.237943E+01    1.234324E+01    1.230822E+01    1.227423E+01    1.224151E+01    1.220981E+01    1.217882E+01    1.214903E+01    1.212041E+01    1.209397E+01    1.206958E+01    1.204695E+01    1.202617E+01    1.200668E+01    1.198817E+01    1.197034E+01    1.195318E+01    1.193665E+01    1.192068E+01    1.190533E+01    1.189066E+01    1.187663E+01    1.186320E+01    1.185035E+01    1.183806E+01    1.182631E+01    1.181503E+01    1.180422E+01    1.179389E+01    1.178404E+01    1.177464E+01    1.176571E+01    1.175735E+01    1.174956E+01    1.174237E+01    1.173589E+01    1.173013E+01    1.172506E+01    1.172087E+01    1.171802E+01    1.171680E+01    1.171733E+01    1.171986E+01    1.172460E+01    1.173151E+01    1.174050E+01    1.175176E+01    1.176587E+01    1.178314E+01    1.180270E+01    1.182717E+01    1.186129E+01    1.190118E+01    1.194359E+01    1.199133E+01    1.204450E+01    1.210470E+01    1.217424E+01    1.225289E+01    1.233951E+01    1.243272E+01    1.253494E+01    1.265006E+01    1.277408E+01    1.290774E+01    1.305221E+01    1.319730E+01    1.334824E+01    1.353370E+01    1.000000E+30    1.000000E+30    1.000000E+30    1.000000E+30    1.000000E+30    1.000000E+30    1.000000E+30    1.000000E+30    1.000000E+30    1.000000E+30    1.000000E+30    1.000000E+30    1.000000E+30    1.000000E+30    1.000000E+30    1.000000E+30    1.000000E+30    1.000000E+30    1.000000E+30    1.000000E+30    1.000000E+30    1.000000E+30    1.000000E+30    1.000000E+30    1.000000E+30    1.000000E+30    1.000000E+30    1.000000E+30    1.000000E+30    1.000000E+30    1.000000E+30    1.000000E+30    1.000000E+30    1.000000E+30    1.000000E+30    1.000000E+30    1.000000E+30    1.000000E+30    1.000000E+30    1.000000E+30    1.000000E+30    1.000000E+30    1.000000E+30    1.000000E+30    1.000000E+30    1.000000E+30    1.000000E+30    1.000000E+30    1.000000E+30    1.000000E+30    1.000000E+30    1.000000E+30
   1.000000E+30    1.000000E+30    1.415831E+01    1.405682E+01    1.395994E+01    1.386672E+01    1.377668E+01    1.368964E+01    1.360588E+01    1.352551E+01    1.344843E+01    1.337417E+01    1.330270E+01    1.323439E+01    1.316906E+01    1.310633E+01    1.304615E+01    1.298852E+01    1.293311E+01    1.287955E+01    1.282778E+01    1.277786E+01    1.272984E+01    1.268347E+01    1.263829E+01    1.259441E+01    1.255218E+01    1.251161E+01    1.247255E+01    1.243493E+01    1.239869E+01    1.236381E+01    1.233024E+01    1.229753E+01    1.226594E+01    1.223551E+01    1.220590E+01    1.217733E+01    1.215007E+01    1.212470E+01    1.210120E+01    1.207929E+01    1.205949E+01    1.204131E+01    1.202412E+01    1.200770E+01    1.199195E+01    1.197679E+01    1.196214E+01    1.194805E+01    1.193456E+01    1.192166E+01    1.190934E+01    1.189759E+01    1.188636E+01    1.187569E+01    1.186547E+01    1.185564E+01    1.184627E+01    1.183742E+01    1.182898E+01    1.182101E+01    1.181363E+01    1.180678E+01    1.180037E+01    1.179458E+01    1.178949E+01    1.178511E+01    1.178166E+01    1.177956E+01    1.177906E+01    1.178036E+01    1.178379E+01    1.178931E+01    1.179674E+01    1.180595E+01    1.181711E+01    1.183144E+01    1.185080E+01    1.187399E+01    1.190115E+01    1.193158E+01    1.196589E+01    1.200656E+01    1.205194E+01    1.210314E+01    1.216202E+01    1.223185E+01    1.231028E+01    1.239633E+01    1.248933E+01    1.259165E+01    1.270613E+01    1.282818E+01    1.295926E+01    1.310228E+01    1.324785E+01    1.339997E+01    1.358872E+01    1.000000E+30    1.000000E+30    1.000000E+30    1.000000E+30    1.000000E+30    1.000000E+30    1.000000E+30    1.000000E+30    1.000000E+30    1.000000E+30    1.000000E+30    1.000000E+30    1.000000E+30    1.000000E+30    1.000000E+30    1.000000E+30    1.000000E+30    1.000000E+30    1.000000E+30    1.000000E+30    1.000000E+30    1.000000E+30    1.000000E+30    1.000000E+30    1.000000E+30    1.000000E+30    1.000000E+30    1.000000E+30    1.000000E+30    1.000000E+30    1.000000E+30    1.000000E+30    1.000000E+30    1.000000E+30    1.000000E+30    1.000000E+30    1.000000E+30    1.000000E+30    1.000000E+30    1.000000E+30    1.000000E+30    1.000000E+30    1.000000E+30    1.000000E+30    1.000000E+30    1.000000E+30    1.000000E+30    1.000000E+30    1.000000E+30    1.000000E+30    1.000000E+30    1.000000E+30
   1.000000E+30    1.425052E+01    1.414999E+01    1.405085E+01    1.395504E+01    1.386251E+01    1.377322E+01    1.368689E+01    1.360367E+01    1.352384E+01    1.344734E+01    1.337367E+01    1.330283E+01    1.323527E+01    1.317080E+01    1.310899E+01    1.304996E+01    1.299371E+01    1.293972E+01    1.288747E+01    1.283714E+01    1.278877E+01    1.274213E+01    1.269684E+01    1.265274E+01    1.261008E+01    1.256902E+01    1.252958E+01    1.249163E+01    1.245515E+01    1.242016E+01    1.238656E+01    1.235437E+01    1.232316E+01    1.229298E+01    1.226393E+01    1.223592E+01    1.220875E+01    1.218282E+01    1.215871E+01    1.213618E+01    1.211510E+01    1.209617E+01    1.207925E+01    1.206351E+01    1.204853E+01    1.203423E+01    1.202056E+01    1.200739E+01    1.199464E+01    1.198238E+01    1.197066E+01    1.195947E+01    1.194877E+01    1.193859E+01    1.192892E+01    1.191965E+01    1.191078E+01    1.190244E+01    1.189464E+01    1.188730E+01    1.188032E+01    1.187392E+01    1.186803E+01    1.186257E+01    1.185762E+01    1.185326E+01    1.184969E+01    1.184717E+01    1.184607E+01    1.184642E+01    1.184845E+01    1.185280E+01    1.185879E+01    1.186635E+01    1.187685E+01    1.189008E+01    1.190756E+01    1.192861E+01    1.195239E+01    1.197823E+01    1.200613E+01    1.203687E+01    1.207426E+01    1.211745E+01    1.216813E+01    1.222926E+01    1.229795E+01    1.237119E+01    1.245430E+01    1.254924E+01    1.265197E+01    1.276144E+01    1.287925E+01    1.300678E+01    1.314847E+01    1.329658E+01    1.345083E+01    1.364031E+01    1.000000E+30    1.000000E+30    1.000000E+30    1.000000E+30    1.000000E+30    1.000000E+30    1.000000E+30    1.000000E+30    1.000000E+30    1.000000E+30    1.000000E+30    1.000000E+30    1.000000E+30    1.000000E+30    1.000000E+30    1.000000E+30    1.000000E+30    1.000000E+30    1.000000E+30    1.000000E+30    1.000000E+30    1.000000E+30    1.000000E+30    1.000000E+30    1.000000E+30    1.000000E+30    1.000000E+30    1.000000E+30    1.000000E+30    1.000000E+30    1.000000E+30    1.000000E+30    1.000000E+30    1.000000E+30    1.000000E+30    1.000000E+30    1.000000E+30    1.000000E+30    1.000000E+30    1.000000E+30    1.000000E+30    1.000000E+30    1.000000E+30    1.000000E+30    1.000000E+30    1.000000E+30    1.000000E+30    1.000000E+30    1.000000E+30    1.000000E+30    1.000000E+30    1.000000E+30
   1.000000E+30    1.424889E+01    1.414608E+01    1.404707E+01    1.395186E+01    1.385997E+01    1.377139E+01    1.368573E+01    1.360300E+01    1.352365E+01    1.344769E+01    1.337466E+01    1.330456E+01    1.323771E+01    1.317395E+01    1.311310E+01    1.305519E+01    1.300011E+01    1.294730E+01    1.289636E+01    1.284750E+01    1.280066E+01    1.275559E+01    1.271167E+01    1.266883E+01    1.262755E+01    1.258786E+01    1.254971E+01    1.251304E+01    1.247784E+01    1.244413E+01    1.241185E+01    1.238099E+01    1.235126E+01    1.232258E+01    1.229508E+01    1.226875E+01    1.224340E+01    1.221905E+01    1.219626E+01    1.217491E+01    1.215485E+01    1.213673E+01    1.212093E+01    1.210670E+01    1.209332E+01    1.208063E+01    1.206849E+01    1.205685E+01    1.204558E+01    1.203461E+01    1.202405E+01    1.201398E+01    1.200434E+01    1.199520E+01    1.198651E+01    1.197823E+01    1.197041E+01    1.196316E+01    1.195646E+01    1.195025E+01    1.194436E+01    1.193891E+01    1.193398E+01    1.192957E+01    1.192555E+01    1.192207E+01    1.191959E+01    1.191838E+01    1.191857E+01    1.191963E+01    1.192223E+01    1.192816E+01    1.193657E+01    1.194790E+01    1.196150E+01    1.197708E+01    1.199432E+01    1.201142E+01    1.203110E+01    1.205526E+01    1.208338E+01    1.211448E+01    1.214981E+01    1.219217E+01    1.224258E+01    1.230155E+01    1.236489E+01    1.243484E+01    1.251462E+01    1.260845E+01    1.270994E+01    1.281393E+01    1.292810E+01    1.305284E+01    1.319317E+01    1.334285E+01    1.349800E+01    1.368525E+01    1.000000E+30    1.000000E+30    1.000000E+30    1.000000E+30    1.000000E+30    1.000000E+30    1.000000E+30    1.000000E+30    1.000000E+30    1.000000E+30    1.000000E+30    1.000000E+30    1.000000E+30    1.000000E+30    1.000000E+30    1.000000E+30    1.000000E+30    1.000000E+30    1.000000E+30    1.000000E+30    1.000000E+30    1.000000E+30    1.000000E+30    1.000000E+30    1.000000E+30    1.000000E+30    1.000000E+30    1.000000E+30    1.000000E+30    1.000000E+30    1.000000E+30    1.000000E+30    1.000000E+30    1.000000E+30    1.000000E+30    1.000000E+30    1.000000E+30    1.000000E+30    1.000000E+30    1.000000E+30    1.000000E+30    1.000000E+30    1.000000E+30    1.000000E+30    1.000000E+30    1.000000E+30    1.000000E+30    1.000000E+30    1.000000E+30    1.000000E+30    1.000000E+30    1.000000E+30
   1.000000E+30    1.424786E+01    1.414443E+01    1.404544E+01    1.395050E+01    1.385910E+01    1.377117E+01    1.368617E+01    1.360396E+01    1.352509E+01    1.344965E+01    1.337722E+01    1.330789E+01    1.324181E+01    1.317881E+01    1.311887E+01    1.306203E+01    1.300803E+01    1.295629E+01    1.290661E+01    1.285922E+01    1.281384E+01    1.277013E+01    1.272765E+01    1.268631E+01    1.264658E+01    1.260843E+01    1.257179E+01    1.253666E+01    1.250295E+01    1.247070E+01    1.243989E+01    1.241048E+01    1.238234E+01    1.235528E+01    1.232941E+01    1.230474E+01    1.228126E+01    1.225887E+01    1.223773E+01    1.221795E+01    1.219924E+01    1.218203E+01    1.216706E+01    1.215428E+01    1.214264E+01    1.213167E+01    1.212111E+01    1.211103E+01    1.210131E+01    1.209175E+01    1.208242E+01    1.207351E+01    1.206503E+01    1.205700E+01    1.204939E+01    1.204212E+01    1.203534E+01    1.202924E+01    1.202369E+01    1.201860E+01    1.201395E+01    1.200960E+01    1.200570E+01    1.200225E+01    1.199927E+01    1.199677E+01    1.199570E+01    1.199589E+01    1.199719E+01    1.200075E+01    1.200724E+01    1.201714E+01    1.202926E+01    1.204261E+01    1.205533E+01    1.206809E+01    1.208107E+01    1.209604E+01    1.211433E+01    1.213679E+01    1.216349E+01    1.219500E+01    1.223015E+01    1.227067E+01    1.231767E+01    1.237125E+01    1.243127E+01    1.249792E+01    1.257447E+01    1.266559E+01    1.276480E+01    1.286461E+01    1.297533E+01    1.309741E+01    1.323510E+01    1.338471E+01    1.353971E+01    1.372279E+01    1.000000E+30    1.000000E+30    1.000000E+30    1.000000E+30    1.000000E+30    1.000000E+30    1.000000E+30    1.000000E+30    1.000000E+30    1.000000E+30    1.000000E+30    1.000000E+30    1.000000E+30    1.000000E+30    1.000000E+30    1.000000E+30    1.000000E+30    1.000000E+30    1.000000E+30    1.000000E+30    1.000000E+30    1.000000E+30    1.000000E+30    1.000000E+30    1.000000E+30    1.000000E+30    1.000000E+30    1.000000E+30    1.000000E+30    1.000000E+30    1.000000E+30    1.000000E+30    1.000000E+30    1.000000E+30    1.000000E+30    1.000000E+30    1.000000E+30    1.000000E+30    1.000000E+30    1.000000E+30    1.000000E+30    1.000000E+30    1.000000E+30    1.000000E+30    1.000000E+30    1.000000E+30    1.000000E+30    1.000000E+30    1.000000E+30    1.000000E+30    1.000000E+30    1.000000E+30
   1.000000E+30    1.424816E+01    1.414474E+01    1.404580E+01    1.395098E+01    1.385995E+01    1.377250E+01    1.368809E+01    1.360650E+01    1.352824E+01    1.345333E+01    1.338151E+01    1.331292E+01    1.324766E+01    1.318555E+01    1.312647E+01    1.307058E+01    1.301769E+01    1.296717E+01    1.291873E+01    1.287246E+01    1.282853E+01    1.278629E+01    1.274518E+01    1.270538E+01    1.266724E+01    1.263076E+01    1.259579E+01    1.256234E+01    1.253038E+01    1.249980E+01    1.247066E+01    1.244290E+01    1.241642E+01    1.239126E+01    1.236731E+01    1.234455E+01    1.232298E+01    1.230263E+01    1.228345E+01    1.226573E+01    1.224903E+01    1.223340E+01    1.221920E+01    1.220744E+01    1.219748E+01    1.218824E+01    1.217936E+01    1.217082E+01    1.216252E+01    1.215432E+01    1.214641E+01    1.213880E+01    1.213155E+01    1.212478E+01    1.211859E+01    1.211238E+01    1.210655E+01    1.210167E+01    1.209737E+01    1.209357E+01    1.209020E+01    1.208713E+01    1.208427E+01    1.208171E+01    1.208008E+01    1.207890E+01    1.208014E+01    1.208332E+01    1.208901E+01    1.209726E+01    1.210691E+01    1.211736E+01    1.212781E+01    1.213709E+01    1.214729E+01    1.215847E+01    1.217107E+01    1.218520E+01    1.220214E+01    1.222259E+01    1.224706E+01    1.227577E+01    1.230935E+01    1.234858E+01    1.239292E+01    1.244288E+01    1.249911E+01    1.256218E+01    1.263428E+01    1.272164E+01    1.281840E+01    1.291454E+01    1.302192E+01    1.314024E+01    1.327355E+01    1.342092E+01    1.357401E+01    1.375476E+01    1.000000E+30    1.000000E+30    1.000000E+30    1.000000E+30    1.000000E+30    1.000000E+30    1.000000E+30    1.000000E+30    1.000000E+30    1.000000E+30    1.000000E+30    1.000000E+30    1.000000E+30    1.000000E+30    1.000000E+30    1.000000E+30    1.000000E+30    1.000000E+30    1.000000E+30    1.000000E+30    1.000000E+30    1.000000E+30    1.000000E+30    1.000000E+30    1.000000E+30    1.000000E+30    1.000000E+30    1.000000E+30    1.000000E+30    1.000000E+30    1.000000E+30    1.000000E+30    1.000000E+30    1.000000E+30    1.000000E+30    1.000000E+30    1.000000E+30    1.000000E+30    1.000000E+30    1.000000E+30    1.000000E+30    1.000000E+30    1.000000E+30    1.000000E+30    1.000000E+30    1.000000E+30    1.000000E+30    1.000000E+30    1.000000E+30    1.000000E+30    1.000000E+30    1.000000E+30
   1.000000E+30    1.425009E+01    1.414693E+01    1.404809E+01    1.395328E+01    1.386250E+01    1.377543E+01    1.369161E+01    1.361079E+01    1.353327E+01    1.345898E+01    1.338770E+01    1.331978E+01    1.325535E+01    1.319415E+01    1.313594E+01    1.308098E+01    1.302920E+01    1.297998E+01    1.293287E+01    1.288777E+01    1.284510E+01    1.280434E+01    1.276478E+01    1.272656E+01    1.268997E+01    1.265513E+01    1.262193E+01    1.259025E+01    1.256014E+01    1.253144E+01    1.250423E+01    1.247828E+01    1.245369E+01    1.243050E+01    1.240873E+01    1.238823E+01    1.236903E+01    1.235106E+01    1.233412E+01    1.231849E+01    1.230414E+01    1.229107E+01    1.227884E+01    1.226789E+01    1.225907E+01    1.225156E+01    1.224451E+01    1.223768E+01    1.223066E+01    1.222378E+01    1.221742E+01    1.221141E+01    1.220554E+01    1.220048E+01    1.219570E+01    1.219066E+01    1.218631E+01    1.218218E+01    1.217901E+01    1.217697E+01    1.217489E+01    1.217300E+01    1.217126E+01    1.217073E+01    1.217244E+01    1.217641E+01    1.218215E+01    1.218831E+01    1.219526E+01    1.220181E+01    1.220827E+01    1.221601E+01    1.222448E+01    1.223343E+01    1.224370E+01    1.225442E+01    1.226592E+01    1.227923E+01    1.229493E+01    1.231362E+01    1.233606E+01    1.236279E+01    1.239407E+01    1.243011E+01    1.247065E+01    1.251633E+01    1.256820E+01    1.262648E+01    1.269445E+01    1.277902E+01    1.287221E+01    1.296425E+01    1.306761E+01    1.318132E+01    1.330830E+01    1.345131E+01    1.360252E+01    1.377661E+01    1.399275E+01    1.000000E+30    1.000000E+30    1.000000E+30    1.000000E+30    1.000000E+30    1.000000E+30    1.000000E+30    1.000000E+30    1.000000E+30    1.000000E+30    1.000000E+30    1.000000E+30    1.000000E+30    1.000000E+30    1.000000E+30    1.000000E+30    1.000000E+30    1.000000E+30    1.000000E+30    1.000000E+30    1.000000E+30    1.000000E+30    1.000000E+30    1.000000E+30    1.000000E+30    1.000000E+30    1.000000E+30    1.000000E+30    1.000000E+30    1.000000E+30    1.000000E+30    1.000000E+30    1.000000E+30    1.000000E+30    1.000000E+30    1.000000E+30    1.000000E+30    1.000000E+30    1.000000E+30    1.000000E+30    1.000000E+30    1.000000E+30    1.000000E+30    1.000000E+30    1.000000E+30    1.000000E+30    1.000000E+30    1.000000E+30    1.000000E+30    1.000000E+30    1.000000E+30
   1.000000E+30    1.425381E+01    1.415101E+01    1.405228E+01    1.395745E+01    1.386684E+01    1.378011E+01    1.369678E+01    1.361681E+01    1.354022E+01    1.346660E+01    1.339592E+01    1.332874E+01    1.326512E+01    1.320481E+01    1.314756E+01    1.309349E+01    1.304276E+01    1.299490E+01    1.294922E+01    1.290536E+01    1.286403E+01    1.282472E+01    1.278673E+01    1.275021E+01    1.271531E+01    1.268217E+01    1.265072E+01    1.262088E+01    1.259266E+01    1.256594E+01    1.254082E+01    1.251689E+01    1.249448E+01    1.247358E+01    1.245420E+01    1.243614E+01    1.241950E+01    1.240419E+01    1.239001E+01    1.237683E+01    1.236482E+01    1.235439E+01    1.234523E+01    1.233618E+01    1.232860E+01    1.232243E+01    1.231734E+01    1.231291E+01    1.230756E+01    1.230243E+01    1.229813E+01    1.229432E+01    1.229071E+01    1.228776E+01    1.228469E+01    1.228142E+01    1.227847E+01    1.227507E+01    1.227217E+01    1.227115E+01    1.227011E+01    1.227061E+01    1.227341E+01    1.227899E+01    1.228485E+01    1.229127E+01    1.229606E+01    1.229954E+01    1.230152E+01    1.230451E+01    1.231014E+01    1.231791E+01    1.232604E+01    1.233523E+01    1.234504E+01    1.235448E+01    1.236553E+01    1.237842E+01    1.239310E+01    1.240996E+01    1.242977E+01    1.245406E+01    1.248255E+01    1.251483E+01    1.255094E+01    1.259192E+01    1.263794E+01    1.269134E+01    1.275775E+01    1.283959E+01    1.292675E+01    1.301414E+01    1.311290E+01    1.322109E+01    1.334008E+01    1.347763E+01    1.362602E+01    1.379077E+01    1.400073E+01    1.000000E+30    1.000000E+30    1.000000E+30    1.000000E+30    1.000000E+30    1.000000E+30    1.000000E+30    1.000000E+30    1.000000E+30    1.000000E+30    1.000000E+30    1.000000E+30    1.000000E+30    1.000000E+30    1.000000E+30    1.000000E+30    1.000000E+30    1.000000E+30    1.000000E+30    1.000000E+30    1.000000E+30    1.000000E+30    1.000000E+30    1.000000E+30    1.000000E+30    1.000000E+30    1.000000E+30    1.000000E+30    1.000000E+30    1.000000E+30    1.000000E+30    1.000000E+30    1.000000E+30    1.000000E+30    1.000000E+30    1.000000E+30    1.000000E+30    1.000000E+30    1.000000E+30    1.000000E+30    1.000000E+30    1.000000E+30    1.000000E+30    1.000000E+30    1.000000E+30    1.000000E+30    1.000000E+30    1.000000E+30    1.000000E+30    1.000000E+30    1.000000E+30
   1.000000E+30    1.425957E+01    1.415699E+01    1.405830E+01    1.396355E+01    1.387313E+01    1.378668E+01    1.370381E+01    1.362471E+01    1.354904E+01    1.347619E+01    1.340631E+01    1.333990E+01    1.327698E+01    1.321756E+01    1.316145E+01    1.310838E+01    1.305858E+01    1.301203E+01    1.296787E+01    1.292561E+01    1.288570E+01    1.284782E+01    1.281140E+01    1.277660E+01    1.274347E+01    1.271216E+01    1.268260E+01    1.265471E+01    1.262846E+01    1.260391E+01    1.258094E+01    1.255928E+01    1.253925E+01    1.252087E+01    1.250408E+01    1.248876E+01    1.247492E+01    1.246233E+01    1.245110E+01    1.244091E+01    1.243185E+01    1.242438E+01    1.241875E+01    1.241332E+01    1.240834E+01    1.240375E+01    1.240007E+01    1.239714E+01    1.239415E+01    1.239180E+01    1.239026E+01    1.238878E+01    1.238754E+01    1.238606E+01    1.238467E+01    1.238371E+01    1.238239E+01    1.238143E+01    1.238050E+01    1.238056E+01    1.238308E+01    1.238812E+01    1.239481E+01    1.240103E+01    1.240499E+01    1.240711E+01    1.240799E+01    1.240966E+01    1.241225E+01    1.241622E+01    1.242137E+01    1.242721E+01    1.243396E+01    1.244234E+01    1.245027E+01    1.245888E+01    1.246983E+01    1.248168E+01    1.249528E+01    1.251038E+01    1.252807E+01    1.254931E+01    1.257424E+01    1.260244E+01    1.263412E+01    1.267023E+01    1.271095E+01    1.276472E+01    1.282997E+01    1.290493E+01    1.298288E+01    1.306494E+01    1.315855E+01    1.326027E+01    1.337050E+01    1.350067E+01    1.364468E+01    1.380096E+01    1.400428E+01    1.000000E+30    1.000000E+30    1.000000E+30    1.000000E+30    1.000000E+30    1.000000E+30    1.000000E+30    1.000000E+30    1.000000E+30    1.000000E+30    1.000000E+30    1.000000E+30    1.000000E+30    1.000000E+30    1.000000E+30    1.000000E+30    1.000000E+30    1.000000E+30    1.000000E+30    1.000000E+30    1.000000E+30    1.000000E+30    1.000000E+30    1.000000E+30    1.000000E+30    1.000000E+30    1.000000E+30    1.000000E+30    1.000000E+30    1.000000E+30    1.000000E+30    1.000000E+30    1.000000E+30    1.000000E+30    1.000000E+30    1.000000E+30    1.000000E+30    1.000000E+30    1.000000E+30    1.000000E+30    1.000000E+30    1.000000E+30    1.000000E+30    1.000000E+30    1.000000E+30    1.000000E+30    1.000000E+30    1.000000E+30    1.000000E+30    1.000000E+30    1.000000E+30
   1.000000E+30    1.426757E+01    1.416492E+01    1.406627E+01    1.397168E+01    1.388145E+01    1.379532E+01    1.371297E+01    1.363465E+01    1.355983E+01    1.348783E+01    1.341891E+01    1.335335E+01    1.329121E+01    1.323263E+01    1.317760E+01    1.312575E+01    1.307698E+01    1.303163E+01    1.298891E+01    1.294834E+01    1.291006E+01    1.287376E+01    1.283903E+01    1.280602E+01    1.277474E+01    1.274535E+01    1.271785E+01    1.269206E+01    1.266801E+01    1.264581E+01    1.262509E+01    1.260600E+01    1.258853E+01    1.257286E+01    1.255891E+01    1.254658E+01    1.253568E+01    1.252607E+01    1.251786E+01    1.251115E+01    1.250559E+01    1.250141E+01    1.249910E+01    1.249758E+01    1.249631E+01    1.249538E+01    1.249462E+01    1.249394E+01    1.249497E+01    1.249720E+01    1.249945E+01    1.250085E+01    1.250194E+01    1.250258E+01    1.250280E+01    1.250358E+01    1.250454E+01    1.250604E+01    1.250806E+01    1.250985E+01    1.251366E+01    1.251729E+01    1.252005E+01    1.252116E+01    1.252278E+01    1.252536E+01    1.252824E+01    1.253129E+01    1.253467E+01    1.253788E+01    1.254067E+01    1.254413E+01    1.254921E+01    1.255469E+01    1.256050E+01    1.256832E+01    1.257704E+01    1.258706E+01    1.259929E+01    1.261334E+01    1.262991E+01    1.264867E+01    1.266934E+01    1.269363E+01    1.272164E+01    1.275402E+01    1.279398E+01    1.284879E+01    1.290920E+01    1.297516E+01    1.304345E+01    1.311905E+01    1.320573E+01    1.329898E+01    1.339997E+01    1.352021E+01    1.365686E+01    1.380531E+01    1.399794E+01    1.000000E+30    1.000000E+30    1.000000E+30    1.000000E+30    1.000000E+30    1.000000E+30    1.000000E+30    1.000000E+30    1.000000E+30    1.000000E+30    1.000000E+30    1.000000E+30    1.000000E+30    1.000000E+30    1.000000E+30    1.000000E+30    1.000000E+30    1.000000E+30    1.000000E+30    1.000000E+30    1.000000E+30    1.000000E+30    1.000000E+30    1.000000E+30    1.000000E+30    1.000000E+30    1.000000E+30    1.000000E+30    1.000000E+30    1.000000E+30    1.000000E+30    1.000000E+30    1.000000E+30    1.000000E+30    1.000000E+30    1.000000E+30    1.000000E+30    1.000000E+30    1.000000E+30    1.000000E+30    1.000000E+30    1.000000E+30    1.000000E+30    1.000000E+30    1.000000E+30    1.000000E+30    1.000000E+30    1.000000E+30    1.000000E+30    1.000000E+30    1.000000E+30
   1.000000E+30    1.427774E+01    1.417499E+01    1.407639E+01    1.398197E+01    1.389196E+01    1.380625E+01    1.372446E+01    1.364676E+01    1.357273E+01    1.350171E+01    1.343386E+01    1.336929E+01    1.330801E+01    1.325033E+01    1.319637E+01    1.314575E+01    1.309815E+01    1.305397E+01    1.301273E+01    1.297383E+01    1.293721E+01    1.290259E+01    1.286971E+01    1.283867E+01    1.280938E+01    1.278205E+01    1.275669E+01    1.273318E+01    1.271157E+01    1.269187E+01    1.267364E+01    1.265734E+01    1.264280E+01    1.263013E+01    1.261930E+01    1.261021E+01    1.260248E+01    1.259623E+01    1.259129E+01    1.258775E+01    1.258754E+01    1.259059E+01    1.259386E+01    1.259708E+01    1.260011E+01    1.260359E+01    1.260691E+01    1.260963E+01    1.261317E+01    1.261720E+01    1.262017E+01    1.262307E+01    1.262617E+01    1.262915E+01    1.263179E+01    1.263480E+01    1.263847E+01    1.264247E+01    1.264646E+01    1.264990E+01    1.265214E+01    1.265332E+01    1.265486E+01    1.265675E+01    1.265910E+01    1.266172E+01    1.266427E+01    1.266634E+01    1.266791E+01    1.266873E+01    1.266894E+01    1.266874E+01    1.267116E+01    1.267361E+01    1.267731E+01    1.268185E+01    1.268710E+01    1.269464E+01    1.270504E+01    1.271826E+01    1.273359E+01    1.275124E+01    1.276917E+01    1.278979E+01    1.281441E+01    1.284312E+01    1.288408E+01    1.293681E+01    1.299192E+01    1.304809E+01    1.310648E+01    1.317255E+01    1.325007E+01    1.333529E+01    1.342725E+01    1.353600E+01    1.366239E+01    1.380074E+01    1.397609E+01    1.000000E+30    1.000000E+30    1.000000E+30    1.000000E+30    1.000000E+30    1.000000E+30    1.000000E+30    1.000000E+30    1.000000E+30    1.000000E+30    1.000000E+30    1.000000E+30    1.000000E+30    1.000000E+30    1.000000E+30    1.000000E+30    1.000000E+30    1.000000E+30    1.000000E+30    1.000000E+30    1.000000E+30    1.000000E+30    1.000000E+30    1.000000E+30    1.000000E+30    1.000000E+30    1.000000E+30    1.000000E+30    1.000000E+30    1.000000E+30    1.000000E+30    1.000000E+30    1.000000E+30    1.000000E+30    1.000000E+30    1.000000E+30    1.000000E+30    1.000000E+30    1.000000E+30    1.000000E+30    1.000000E+30    1.000000E+30    1.000000E+30    1.000000E+30    1.000000E+30    1.000000E+30    1.000000E+30    1.000000E+30    1.000000E+30    1.000000E+30    1.000000E+30
   1.000000E+30    1.429036E+01    1.418736E+01    1.408874E+01    1.399454E+01    1.390483E+01    1.381952E+01    1.373830E+01    1.366126E+01    1.358806E+01    1.351804E+01    1.345128E+01    1.338779E+01    1.332755E+01    1.327092E+01    1.321805E+01    1.316867E+01    1.312230E+01    1.307920E+01    1.303949E+01    1.300239E+01    1.296751E+01    1.293464E+01    1.290366E+01    1.287467E+01    1.284755E+01    1.282241E+01    1.279937E+01    1.277840E+01    1.275938E+01    1.274248E+01    1.272724E+01    1.271399E+01    1.270266E+01    1.269335E+01    1.268594E+01    1.268036E+01    1.267632E+01    1.267337E+01    1.267230E+01    1.267624E+01    1.268520E+01    1.269523E+01    1.270326E+01    1.271023E+01    1.271593E+01    1.272140E+01    1.272650E+01    1.273035E+01    1.273390E+01    1.273795E+01    1.274283E+01    1.274886E+01    1.275539E+01    1.276186E+01    1.276879E+01    1.277612E+01    1.278366E+01    1.279089E+01    1.279778E+01    1.280375E+01    1.280940E+01    1.281418E+01    1.281784E+01    1.282068E+01    1.282282E+01    1.282444E+01    1.282541E+01    1.282558E+01    1.282471E+01    1.282268E+01    1.281969E+01    1.281459E+01    1.280930E+01    1.280474E+01    1.280109E+01    1.279935E+01    1.280117E+01    1.280602E+01    1.281407E+01    1.282562E+01    1.283956E+01    1.285637E+01    1.287320E+01    1.289000E+01    1.291208E+01    1.293839E+01    1.297939E+01    1.302541E+01    1.306948E+01    1.311509E+01    1.316592E+01    1.322540E+01    1.329457E+01    1.337060E+01    1.345268E+01    1.354834E+01    1.366170E+01    1.378603E+01    1.392974E+01    1.410453E+01    1.000000E+30    1.000000E+30    1.000000E+30    1.000000E+30    1.000000E+30    1.000000E+30    1.000000E+30    1.000000E+30    1.000000E+30    1.000000E+30    1.000000E+30    1.000000E+30    1.000000E+30    1.000000E+30    1.000000E+30    1.000000E+30    1.000000E+30    1.000000E+30    1.000000E+30    1.000000E+30    1.000000E+30    1.000000E+30    1.000000E+30    1.000000E+30    1.000000E+30    1.000000E+30    1.000000E+30    1.000000E+30    1.000000E+30    1.000000E+30    1.000000E+30    1.000000E+30    1.000000E+30    1.000000E+30    1.000000E+30    1.000000E+30    1.000000E+30    1.000000E+30    1.000000E+30    1.000000E+30    1.000000E+30    1.000000E+30    1.000000E+30    1.000000E+30    1.000000E+30    1.000000E+30    1.000000E+30    1.000000E+30    1.000000E+30    1.000000E+30
   1.000000E+30    1.430554E+01    1.420229E+01    1.410362E+01    1.400962E+01    1.392025E+01    1.383537E+01    1.375473E+01    1.367839E+01    1.360600E+01    1.353703E+01    1.347134E+01    1.340895E+01    1.334993E+01    1.329454E+01    1.324289E+01    1.319475E+01    1.314977E+01    1.310796E+01    1.306951E+01    1.303415E+01    1.300110E+01    1.297018E+01    1.294132E+01    1.291450E+01    1.288967E+01    1.286691E+01    1.284640E+01    1.282814E+01    1.281193E+01    1.279806E+01    1.278623E+01    1.277650E+01    1.276878E+01    1.276328E+01    1.275975E+01    1.275802E+01    1.275761E+01    1.275969E+01    1.276799E+01    1.278193E+01    1.279530E+01    1.280465E+01    1.281314E+01    1.282184E+01    1.282979E+01    1.283765E+01    1.284581E+01    1.285540E+01    1.286572E+01    1.287651E+01    1.288860E+01    1.290081E+01    1.291260E+01    1.292405E+01    1.293560E+01    1.294680E+01    1.295710E+01    1.296673E+01    1.297540E+01    1.298343E+01    1.299063E+01    1.299674E+01    1.300168E+01    1.300554E+01    1.300834E+01    1.301010E+01    1.301073E+01    1.301004E+01    1.300779E+01    1.300373E+01    1.299759E+01    1.298861E+01    1.297565E+01    1.296271E+01    1.294999E+01    1.293979E+01    1.293250E+01    1.292880E+01    1.292910E+01    1.293584E+01    1.294703E+01    1.296100E+01    1.297716E+01    1.299463E+01    1.301566E+01    1.304118E+01    1.307531E+01    1.311016E+01    1.314500E+01    1.318402E+01    1.322862E+01    1.328071E+01    1.334026E+01    1.340631E+01    1.347779E+01    1.355951E+01    1.365729E+01    1.376710E+01    1.389117E+01    1.406286E+01    1.000000E+30    1.000000E+30    1.000000E+30    1.000000E+30    1.000000E+30    1.000000E+30    1.000000E+30    1.000000E+30    1.000000E+30    1.000000E+30    1.000000E+30    1.000000E+30    1.000000E+30    1.000000E+30    1.000000E+30    1.000000E+30    1.000000E+30    1.000000E+30    1.000000E+30    1.000000E+30    1.000000E+30    1.000000E+30    1.000000E+30    1.000000E+30    1.000000E+30    1.000000E+30    1.000000E+30    1.000000E+30    1.000000E+30    1.000000E+30    1.000000E+30    1.000000E+30    1.000000E+30    1.000000E+30    1.000000E+30    1.000000E+30    1.000000E+30    1.000000E+30    1.000000E+30    1.000000E+30    1.000000E+30    1.000000E+30    1.000000E+30    1.000000E+30    1.000000E+30    1.000000E+30    1.000000E+30    1.000000E+30    1.000000E+30    1.000000E+30
   1.000000E+30    1.432352E+01    1.421998E+01    1.412127E+01    1.402753E+01    1.393850E+01    1.385396E+01    1.377393E+01    1.369832E+01    1.362675E+01    1.355877E+01    1.349428E+01    1.343314E+01    1.337539E+01    1.332133E+01    1.327106E+01    1.322435E+01    1.318088E+01    1.314064E+01    1.310349E+01    1.306966E+01    1.303849E+01    1.300960E+01    1.298300E+01    1.295856E+01    1.293626E+01    1.291618E+01    1.289842E+01    1.288302E+01    1.286995E+01    1.285933E+01    1.285118E+01    1.284526E+01    1.284162E+01    1.284043E+01    1.284114E+01    1.284347E+01    1.284979E+01    1.286312E+01    1.288099E+01    1.289681E+01    1.290944E+01    1.292107E+01    1.293306E+01    1.294595E+01    1.295999E+01    1.297533E+01    1.299137E+01    1.300917E+01    1.302741E+01    1.304492E+01    1.306131E+01    1.307698E+01    1.309186E+01    1.310608E+01    1.311989E+01    1.313332E+01    1.314636E+01    1.315831E+01    1.316934E+01    1.317930E+01    1.318801E+01    1.319533E+01    1.320124E+01    1.320578E+01    1.320895E+01    1.321071E+01    1.321093E+01    1.320941E+01    1.320584E+01    1.319991E+01    1.319123E+01    1.317937E+01    1.316418E+01    1.314684E+01    1.312835E+01    1.310997E+01    1.309150E+01    1.307603E+01    1.306469E+01    1.305975E+01    1.306210E+01    1.307232E+01    1.308819E+01    1.310662E+01    1.312423E+01    1.314586E+01    1.316909E+01    1.319448E+01    1.322303E+01    1.325605E+01    1.329451E+01    1.333847E+01    1.338813E+01    1.344383E+01    1.350421E+01    1.357158E+01    1.365092E+01    1.374084E+01    1.384013E+01    1.398189E+01    1.000000E+30    1.000000E+30    1.000000E+30    1.000000E+30    1.000000E+30    1.000000E+30    1.000000E+30    1.000000E+30    1.000000E+30    1.000000E+30    1.000000E+30    1.000000E+30    1.000000E+30    1.000000E+30    1.000000E+30    1.000000E+30    1.000000E+30    1.000000E+30    1.000000E+30    1.000000E+30    1.000000E+30    1.000000E+30    1.000000E+30    1.000000E+30    1.000000E+30    1.000000E+30    1.000000E+30    1.000000E+30    1.000000E+30    1.000000E+30    1.000000E+30    1.000000E+30    1.000000E+30    1.000000E+30    1.000000E+30    1.000000E+30    1.000000E+30    1.000000E+30    1.000000E+30    1.000000E+30    1.000000E+30    1.000000E+30    1.000000E+30    1.000000E+30    1.000000E+30    1.000000E+30    1.000000E+30    1.000000E+30    1.000000E+30    1.000000E+30
   1.000000E+30    1.434454E+01    1.424074E+01    1.414214E+01    1.404862E+01    1.395986E+01    1.387561E+01    1.379611E+01    1.372122E+01    1.365051E+01    1.358361E+01    1.352033E+01    1.346051E+01    1.340416E+01    1.335153E+01    1.330271E+01    1.325753E+01    1.321580E+01    1.317733E+01    1.314194E+01    1.310976E+01    1.308046E+01    1.305374E+01    1.302947E+01    1.300753E+01    1.298804E+01    1.297085E+01    1.295603E+01    1.294387E+01    1.293421E+01    1.292725E+01    1.292312E+01    1.292140E+01    1.292228E+01    1.292591E+01    1.293158E+01    1.294313E+01    1.296114E+01    1.298245E+01    1.300111E+01    1.301850E+01    1.303579E+01    1.305406E+01    1.307337E+01    1.309389E+01    1.311658E+01    1.314038E+01    1.316397E+01    1.318623E+01    1.320788E+01    1.322893E+01    1.324924E+01    1.326842E+01    1.328630E+01    1.330307E+01    1.331921E+01    1.333543E+01    1.335162E+01    1.336675E+01    1.338029E+01    1.339205E+01    1.340202E+01    1.341026E+01    1.341683E+01    1.342179E+01    1.342514E+01    1.342681E+01    1.342664E+01    1.342438E+01    1.341970E+01    1.341217E+01    1.340130E+01    1.338658E+01    1.336769E+01    1.334478E+01    1.331875E+01    1.329248E+01    1.326691E+01    1.324383E+01    1.322409E+01    1.320743E+01    1.319826E+01    1.320038E+01    1.321149E+01    1.322499E+01    1.323668E+01    1.324973E+01    1.326470E+01    1.328269E+01    1.330489E+01    1.333192E+01    1.336368E+01    1.339924E+01    1.343944E+01    1.348456E+01    1.353380E+01    1.358710E+01    1.364720E+01    1.371287E+01    1.377563E+01    1.382947E+01    1.000000E+30    1.000000E+30    1.000000E+30    1.000000E+30    1.000000E+30    1.000000E+30    1.000000E+30    1.000000E+30    1.000000E+30    1.000000E+30    1.000000E+30    1.000000E+30    1.000000E+30    1.000000E+30    1.000000E+30    1.000000E+30    1.000000E+30    1.000000E+30    1.000000E+30    1.000000E+30    1.000000E+30    1.000000E+30    1.000000E+30    1.000000E+30    1.000000E+30    1.000000E+30    1.000000E+30    1.000000E+30    1.000000E+30    1.000000E+30    1.000000E+30    1.000000E+30    1.000000E+30    1.000000E+30    1.000000E+30    1.000000E+30    1.000000E+30    1.000000E+30    1.000000E+30    1.000000E+30    1.000000E+30    1.000000E+30    1.000000E+30    1.000000E+30    1.000000E+30    1.000000E+30    1.000000E+30    1.000000E+30    1.000000E+30    1.000000E+30
   1.000000E+30    1.436878E+01    1.426496E+01    1.416642E+01    1.407311E+01    1.398465E+01    1.390075E+01    1.382177E+01    1.374749E+01    1.367754E+01    1.361176E+01    1.354986E+01    1.349148E+01    1.343658E+01    1.338548E+01    1.333821E+01    1.329460E+01    1.325466E+01    1.321814E+01    1.318483E+01    1.315472E+01    1.312757E+01    1.310326E+01    1.308162E+01    1.306247E+01    1.304588E+01    1.303170E+01    1.302018E+01    1.301150E+01    1.300557E+01    1.300258E+01    1.300262E+01    1.300578E+01    1.301148E+01    1.302288E+01    1.303948E+01    1.306309E+01    1.308858E+01    1.311258E+01    1.313690E+01    1.316140E+01    1.318674E+01    1.321361E+01    1.324124E+01    1.326923E+01    1.329760E+01    1.332558E+01    1.335273E+01    1.337863E+01    1.340366E+01    1.342838E+01    1.345299E+01    1.347587E+01    1.349660E+01    1.351557E+01    1.353386E+01    1.355269E+01    1.357407E+01    1.359291E+01    1.360882E+01    1.362205E+01    1.363298E+01    1.364185E+01    1.364887E+01    1.365408E+01    1.365751E+01    1.365908E+01    1.365861E+01    1.365582E+01    1.365031E+01    1.364156E+01    1.362892E+01    1.361158E+01    1.358854E+01    1.355868E+01    1.352207E+01    1.348698E+01    1.345252E+01    1.342103E+01    1.339326E+01    1.336932E+01    1.335046E+01    1.333778E+01    1.333841E+01    1.334639E+01    1.335271E+01    1.335782E+01    1.336514E+01    1.337578E+01    1.339156E+01    1.341176E+01    1.343607E+01    1.346378E+01    1.349494E+01    1.352993E+01    1.356853E+01    1.360899E+01    1.365253E+01    1.369769E+01    1.373642E+01    1.375989E+01    1.000000E+30    1.000000E+30    1.000000E+30    1.000000E+30    1.000000E+30    1.000000E+30    1.000000E+30    1.000000E+30    1.000000E+30    1.000000E+30    1.000000E+30    1.000000E+30    1.000000E+30    1.000000E+30    1.000000E+30    1.000000E+30    1.000000E+30    1.000000E+30    1.000000E+30    1.000000E+30    1.000000E+30    1.000000E+30    1.000000E+30    1.000000E+30    1.000000E+30    1.000000E+30    1.000000E+30    1.000000E+30    1.000000E+30    1.000000E+30    1.000000E+30    1.000000E+30    1.000000E+30    1.000000E+30    1.000000E+30    1.000000E+30    1.000000E+30    1.000000E+30    1.000000E+30    1.000000E+30    1.000000E+30    1.000000E+30    1.000000E+30    1.000000E+30    1.000000E+30    1.000000E+30    1.000000E+30    1.000000E+30    1.000000E+30    1.000000E+30
   1.000000E+30    1.439632E+01    1.429283E+01    1.419456E+01    1.410141E+01    1.401311E+01    1.392952E+01    1.385108E+01    1.377743E+01    1.370821E+01    1.364359E+01    1.358317E+01    1.352627E+01    1.347297E+01    1.342357E+01    1.337803E+01    1.333618E+01    1.329805E+01    1.326360E+01    1.323262E+01    1.320469E+01    1.317998E+01    1.315848E+01    1.314002E+01    1.312397E+01    1.311035E+01    1.309949E+01    1.309148E+01    1.308650E+01    1.308464E+01    1.308574E+01    1.309003E+01    1.310069E+01    1.311722E+01    1.314067E+01    1.317040E+01    1.320131E+01    1.323293E+01    1.326559E+01    1.329907E+01    1.333304E+01    1.336652E+01    1.339897E+01    1.343078E+01    1.346237E+01    1.349437E+01    1.352685E+01    1.355790E+01    1.358699E+01    1.361481E+01    1.364298E+01    1.367352E+01    1.370055E+01    1.372389E+01    1.374451E+01    1.376350E+01    1.378402E+01    1.381566E+01    1.383837E+01    1.385595E+01    1.387004E+01    1.388148E+01    1.389070E+01    1.389794E+01    1.390330E+01    1.390677E+01    1.390829E+01    1.390766E+01    1.390457E+01    1.389862E+01    1.388920E+01    1.387553E+01    1.385643E+01    1.383001E+01    1.379274E+01    1.373710E+01    1.369400E+01    1.364825E+01    1.360764E+01    1.357175E+01    1.353936E+01    1.351063E+01    1.348530E+01    1.347089E+01    1.346966E+01    1.347084E+01    1.347049E+01    1.347032E+01    1.347370E+01    1.348234E+01    1.349520E+01    1.351225E+01    1.353249E+01    1.355539E+01    1.358120E+01    1.360997E+01    1.363947E+01    1.366997E+01    1.370018E+01    1.372390E+01    1.373502E+01    1.372889E+01    1.000000E+30    1.000000E+30    1.000000E+30    1.000000E+30    1.000000E+30    1.000000E+30    1.000000E+30    1.000000E+30    1.000000E+30    1.000000E+30    1.000000E+30    1.000000E+30    1.000000E+30    1.000000E+30    1.000000E+30    1.000000E+30    1.000000E+30    1.000000E+30    1.000000E+30    1.000000E+30    1.000000E+30    1.000000E+30    1.000000E+30    1.000000E+30    1.000000E+30    1.000000E+30    1.000000E+30    1.000000E+30    1.000000E+30    1.000000E+30    1.000000E+30    1.000000E+30    1.000000E+30    1.000000E+30    1.000000E+30    1.000000E+30    1.000000E+30    1.000000E+30    1.000000E+30    1.000000E+30    1.000000E+30    1.000000E+30    1.000000E+30    1.000000E+30    1.000000E+30    1.000000E+30    1.000000E+30    1.000000E+30    1.000000E+30
   1.000000E+30    1.442767E+01    1.432453E+01    1.422669E+01    1.413392E+01    1.404580E+01    1.396234E+01    1.388424E+01    1.381123E+01    1.374285E+01    1.367934E+01    1.362039E+01    1.356521E+01    1.351367E+01    1.346606E+01    1.342243E+01    1.338257E+01    1.334651E+01    1.331417E+01    1.328565E+01    1.326012E+01    1.323809E+01    1.321996E+01    1.320536E+01    1.319196E+01    1.318177E+01    1.317461E+01    1.317026E+01    1.316935E+01    1.317187E+01    1.317864E+01    1.319292E+01    1.321547E+01    1.324626E+01    1.328087E+01    1.331939E+01    1.335983E+01    1.340051E+01    1.344111E+01    1.348214E+01    1.352388E+01    1.356382E+01    1.360123E+01    1.363658E+01    1.367099E+01    1.370641E+01    1.374523E+01    1.378061E+01    1.381219E+01    1.384115E+01    1.387073E+01    1.391308E+01    1.394463E+01    1.396995E+01    1.399107E+01    1.400866E+01    1.402135E+01    1.000000E+30    1.000000E+30    1.000000E+30    1.000000E+30    1.000000E+30    1.000000E+30    1.000000E+30    1.000000E+30    1.000000E+30    1.000000E+30    1.000000E+30    1.000000E+30    1.000000E+30    1.000000E+30    1.000000E+30    1.000000E+30    1.000000E+30    1.000000E+30    1.395326E+01    1.391729E+01    1.385243E+01    1.380309E+01    1.376030E+01    1.371933E+01    1.368109E+01    1.364555E+01    1.361504E+01    1.360041E+01    1.359418E+01    1.358732E+01    1.358044E+01    1.357653E+01    1.357726E+01    1.358304E+01    1.359287E+01    1.360592E+01    1.362136E+01    1.363898E+01    1.365916E+01    1.367969E+01    1.370014E+01    1.371968E+01    1.373441E+01    1.374160E+01    1.373995E+01    1.000000E+30    1.000000E+30    1.000000E+30    1.000000E+30    1.000000E+30    1.000000E+30    1.000000E+30    1.000000E+30    1.000000E+30    1.000000E+30    1.000000E+30    1.000000E+30    1.000000E+30    1.000000E+30    1.000000E+30    1.000000E+30    1.000000E+30    1.000000E+30    1.000000E+30    1.000000E+30    1.000000E+30    1.000000E+30    1.000000E+30    1.000000E+30    1.000000E+30    1.000000E+30    1.000000E+30    1.000000E+30    1.000000E+30    1.000000E+30    1.000000E+30    1.000000E+30    1.000000E+30    1.000000E+30    1.000000E+30    1.000000E+30    1.000000E+30    1.000000E+30    1.000000E+30    1.000000E+30    1.000000E+30    1.000000E+30    1.000000E+30    1.000000E+30    1.000000E+30    1.000000E+30    1.000000E+30    1.000000E+30    1.000000E+30
   1.000000E+30    1.446320E+01    1.436033E+01    1.426287E+01    1.417069E+01    1.408315E+01    1.400011E+01    1.392201E+01    1.384929E+01    1.378183E+01    1.371944E+01    1.366184E+01    1.360843E+01    1.355890E+01    1.351334E+01    1.347181E+01    1.343411E+01    1.340026E+01    1.337025E+01    1.334424E+01    1.332133E+01    1.330194E+01    1.328646E+01    1.327485E+01    1.326568E+01    1.326007E+01    1.325716E+01    1.325691E+01    1.326030E+01    1.327070E+01    1.328930E+01    1.331745E+01    1.335130E+01    1.339129E+01    1.343631E+01    1.348512E+01    1.353637E+01    1.358609E+01    1.363384E+01    1.368185E+01    1.373364E+01    1.378054E+01    1.382224E+01    1.385986E+01    1.389500E+01    1.393135E+01    1.398322E+01    1.402327E+01    1.405610E+01    1.408295E+01    1.410174E+01    1.000000E+30    1.000000E+30    1.000000E+30    1.000000E+30    1.000000E+30    1.000000E+30    1.000000E+30    1.000000E+30    1.000000E+30    1.000000E+30    1.000000E+30    1.000000E+30    1.000000E+30    1.000000E+30    1.000000E+30    1.000000E+30    1.000000E+30    1.000000E+30    1.000000E+30    1.000000E+30    1.000000E+30    1.000000E+30    1.000000E+30    1.000000E+30    1.000000E+30    1.000000E+30    1.405514E+01    1.400608E+01    1.396107E+01    1.391061E+01    1.386293E+01    1.381625E+01    1.377258E+01    1.374157E+01    1.372407E+01    1.370927E+01    1.369577E+01    1.368442E+01    1.367744E+01    1.367578E+01    1.367843E+01    1.368434E+01    1.369304E+01    1.370377E+01    1.371659E+01    1.372989E+01    1.374265E+01    1.375437E+01    1.376332E+01    1.376822E+01    1.376747E+01    1.000000E+30    1.000000E+30    1.000000E+30    1.000000E+30    1.000000E+30    1.000000E+30    1.000000E+30    1.000000E+30    1.000000E+30    1.000000E+30    1.000000E+30    1.000000E+30    1.000000E+30    1.000000E+30    1.000000E+30    1.000000E+30    1.000000E+30    1.000000E+30    1.000000E+30    1.000000E+30    1.000000E+30    1.000000E+30    1.000000E+30    1.000000E+30    1.000000E+30    1.000000E+30    1.000000E+30    1.000000E+30    1.000000E+30    1.000000E+30    1.000000E+30    1.000000E+30    1.000000E+30    1.000000E+30    1.000000E+30    1.000000E+30    1.000000E+30    1.000000E+30    1.000000E+30    1.000000E+30    1.000000E+30    1.000000E+30    1.000000E+30    1.000000E+30    1.000000E+30    1.000000E+30    1.000000E+30    1.000000E+30    1.000000E+30
   1.000000E+30    1.450353E+01    1.440083E+01    1.430358E+01    1.421170E+01    1.412484E+01    1.404270E+01    1.396501E+01    1.389212E+01    1.382532E+01    1.376411E+01    1.370793E+01    1.365640E+01    1.360907E+01    1.356579E+01    1.352657E+01    1.349120E+01    1.345979E+01    1.343239E+01    1.340914E+01    1.338918E+01    1.337282E+01    1.335982E+01    1.335053E+01    1.334651E+01    1.334575E+01    1.334729E+01    1.335234E+01    1.336568E+01    1.338871E+01    1.342002E+01    1.345733E+01    1.350076E+01    1.355085E+01    1.360718E+01    1.366725E+01    1.373299E+01    1.379193E+01    1.384435E+01    1.389562E+01    1.396587E+01    1.401988E+01    1.406454E+01    1.410271E+01    1.413478E+01    1.415761E+01    1.000000E+30    1.000000E+30    1.000000E+30    1.000000E+30    1.000000E+30    1.000000E+30    1.000000E+30    1.000000E+30    1.000000E+30    1.000000E+30    1.000000E+30    1.000000E+30    1.000000E+30    1.000000E+30    1.000000E+30    1.000000E+30    1.000000E+30    1.000000E+30    1.000000E+30    1.000000E+30    1.000000E+30    1.000000E+30    1.000000E+30    1.000000E+30    1.000000E+30    1.000000E+30    1.000000E+30    1.000000E+30    1.000000E+30    1.000000E+30    1.000000E+30    1.000000E+30    1.421959E+01    1.418186E+01    1.411365E+01    1.405836E+01    1.399856E+01    1.394252E+01    1.389297E+01    1.386089E+01    1.383753E+01    1.381664E+01    1.379779E+01    1.378328E+01    1.377383E+01    1.376928E+01    1.376851E+01    1.377096E+01    1.377578E+01    1.378240E+01    1.378992E+01    1.379687E+01    1.380279E+01    1.380769E+01    1.381107E+01    1.381065E+01    1.000000E+30    1.000000E+30    1.000000E+30    1.000000E+30    1.000000E+30    1.000000E+30    1.000000E+30    1.000000E+30    1.000000E+30    1.000000E+30    1.000000E+30    1.000000E+30    1.000000E+30    1.000000E+30    1.000000E+30    1.000000E+30    1.000000E+30    1.000000E+30    1.000000E+30    1.000000E+30    1.000000E+30    1.000000E+30    1.000000E+30    1.000000E+30    1.000000E+30    1.000000E+30    1.000000E+30    1.000000E+30    1.000000E+30    1.000000E+30    1.000000E+30    1.000000E+30    1.000000E+30    1.000000E+30    1.000000E+30    1.000000E+30    1.000000E+30    1.000000E+30    1.000000E+30    1.000000E+30    1.000000E+30    1.000000E+30    1.000000E+30    1.000000E+30    1.000000E+30    1.000000E+30    1.000000E+30    1.000000E+30    1.000000E+30
   1.000000E+30    1.454935E+01    1.444681E+01    1.434971E+01    1.425794E+01    1.417144E+01    1.409009E+01    1.401327E+01    1.394069E+01    1.387391E+01    1.381357E+01    1.375892E+01    1.370926E+01    1.366434E+01    1.362359E+01    1.358697E+01    1.355405E+01    1.352538E+01    1.350089E+01    1.348054E+01    1.346397E+01    1.345146E+01    1.344283E+01    1.343780E+01    1.343729E+01    1.344038E+01    1.344744E+01    1.346419E+01    1.349167E+01    1.352551E+01    1.356551E+01    1.361142E+01    1.366352E+01    1.372391E+01    1.379376E+01    1.386295E+01    1.395538E+01    1.402308E+01    1.407459E+01    1.410888E+01    1.000000E+30    1.000000E+30    1.000000E+30    1.000000E+30    1.000000E+30    1.000000E+30    1.000000E+30    1.000000E+30    1.000000E+30    1.000000E+30    1.000000E+30    1.000000E+30    1.000000E+30    1.000000E+30    1.000000E+30    1.000000E+30    1.000000E+30    1.000000E+30    1.000000E+30    1.000000E+30    1.000000E+30    1.000000E+30    1.000000E+30    1.000000E+30    1.000000E+30    1.000000E+30    1.000000E+30    1.000000E+30    1.000000E+30    1.000000E+30    1.000000E+30    1.000000E+30    1.000000E+30    1.000000E+30    1.000000E+30    1.000000E+30    1.000000E+30    1.000000E+30    1.000000E+30    1.000000E+30    1.431887E+01    1.427339E+01    1.419226E+01    1.412563E+01    1.405548E+01    1.400568E+01    1.397247E+01    1.394311E+01    1.391680E+01    1.389446E+01    1.387746E+01    1.386584E+01    1.385917E+01    1.385586E+01    1.385518E+01    1.385658E+01    1.385942E+01    1.386193E+01    1.386346E+01    1.386537E+01    1.386743E+01    1.386720E+01    1.000000E+30    1.000000E+30    1.000000E+30    1.000000E+30    1.000000E+30    1.000000E+30    1.000000E+30    1.000000E+30    1.000000E+30    1.000000E+30    1.000000E+30    1.000000E+30    1.000000E+30    1.000000E+30    1.000000E+30    1.000000E+30    1.000000E+30    1.000000E+30    1.000000E+30    1.000000E+30    1.000000E+30    1.000000E+30    1.000000E+30    1.000000E+30    1.000000E+30    1.000000E+30    1.000000E+30    1.000000E+30    1.000000E+30    1.000000E+30    1.000000E+30    1.000000E+30    1.000000E+30    1.000000E+30    1.000000E+30    1.000000E+30    1.000000E+30    1.000000E+30    1.000000E+30    1.000000E+30    1.000000E+30    1.000000E+30    1.000000E+30    1.000000E+30    1.000000E+30    1.000000E+30    1.000000E+30    1.000000E+30    1.000000E+30
   1.000000E+30    1.460146E+01    1.449880E+01    1.440162E+01    1.431027E+01    1.422425E+01    1.414325E+01    1.406743E+01    1.399577E+01    1.392911E+01    1.386873E+01    1.381513E+01    1.376738E+01    1.372490E+01    1.368682E+01    1.365287E+01    1.362295E+01    1.359726E+01    1.357613E+01    1.355904E+01    1.354619E+01    1.353791E+01    1.353397E+01    1.353362E+01    1.353736E+01    1.354631E+01    1.356581E+01    1.359726E+01    1.363461E+01    1.367767E+01    1.372607E+01    1.377988E+01    1.383826E+01    1.390762E+01    1.400088E+01    1.405508E+01    1.000000E+30    1.000000E+30    1.000000E+30    1.000000E+30    1.000000E+30    1.000000E+30    1.000000E+30    1.000000E+30    1.000000E+30    1.000000E+30    1.000000E+30    1.000000E+30    1.000000E+30    1.000000E+30    1.000000E+30    1.000000E+30    1.000000E+30    1.000000E+30    1.000000E+30    1.000000E+30    1.000000E+30    1.000000E+30    1.000000E+30    1.000000E+30    1.000000E+30    1.000000E+30    1.000000E+30    1.000000E+30    1.000000E+30    1.000000E+30    1.000000E+30    1.000000E+30    1.000000E+30    1.000000E+30    1.000000E+30    1.000000E+30    1.000000E+30    1.000000E+30    1.000000E+30    1.000000E+30    1.000000E+30    1.000000E+30    1.000000E+30    1.000000E+30    1.000000E+30    1.000000E+30    1.438711E+01    1.433184E+01    1.423323E+01    1.416282E+01    1.411191E+01    1.407389E+01    1.404020E+01    1.401096E+01    1.398685E+01    1.396854E+01    1.395619E+01    1.394782E+01    1.394201E+01    1.393896E+01    1.393800E+01    1.393705E+01    1.393534E+01    1.393503E+01    1.393591E+01    1.393612E+01    1.000000E+30    1.000000E+30    1.000000E+30    1.000000E+30    1.000000E+30    1.000000E+30    1.000000E+30    1.000000E+30    1.000000E+30    1.000000E+30    1.000000E+30    1.000000E+30    1.000000E+30    1.000000E+30    1.000000E+30    1.000000E+30    1.000000E+30    1.000000E+30    1.000000E+30    1.000000E+30    1.000000E+30    1.000000E+30    1.000000E+30    1.000000E+30    1.000000E+30    1.000000E+30    1.000000E+30    1.000000E+30    1.000000E+30    1.000000E+30    1.000000E+30    1.000000E+30    1.000000E+30    1.000000E+30    1.000000E+30    1.000000E+30    1.000000E+30    1.000000E+30    1.000000E+30    1.000000E+30    1.000000E+30    1.000000E+30    1.000000E+30    1.000000E+30    1.000000E+30    1.000000E+30    1.000000E+30    1.000000E+30    1.000000E+30
   1.000000E+30    1.466099E+01    1.455833E+01    1.446104E+01    1.436955E+01    1.428393E+01    1.420372E+01    1.412834E+01    1.405781E+01    1.399264E+01    1.393209E+01    1.387859E+01    1.383233E+01    1.379211E+01    1.375671E+01    1.372546E+01    1.369871E+01    1.367624E+01    1.365892E+01    1.364566E+01    1.363699E+01    1.363322E+01    1.363380E+01    1.363839E+01    1.364953E+01    1.367115E+01    1.370534E+01    1.374644E+01    1.379337E+01    1.384593E+01    1.390237E+01    1.396467E+01    1.402272E+01    1.408792E+01    1.000000E+30    1.000000E+30    1.000000E+30    1.000000E+30    1.000000E+30    1.000000E+30    1.000000E+30    1.000000E+30    1.000000E+30    1.000000E+30    1.000000E+30    1.000000E+30    1.000000E+30    1.000000E+30    1.000000E+30    1.000000E+30    1.000000E+30    1.000000E+30    1.000000E+30    1.000000E+30    1.000000E+30    1.000000E+30    1.000000E+30    1.000000E+30    1.000000E+30    1.000000E+30    1.000000E+30    1.000000E+30    1.000000E+30    1.000000E+30    1.000000E+30    1.000000E+30    1.000000E+30    1.000000E+30    1.000000E+30    1.000000E+30    1.000000E+30    1.000000E+30    1.000000E+30    1.000000E+30    1.000000E+30    1.000000E+30    1.000000E+30    1.000000E+30    1.000000E+30    1.000000E+30    1.000000E+30    1.000000E+30    1.000000E+30    1.000000E+30    1.441432E+01    1.434692E+01    1.426432E+01    1.420800E+01    1.416668E+01    1.413131E+01    1.410132E+01    1.407738E+01    1.405896E+01    1.404585E+01    1.403622E+01    1.402945E+01    1.402535E+01    1.402162E+01    1.401748E+01    1.401563E+01    1.401642E+01    1.401935E+01    1.000000E+30    1.000000E+30    1.000000E+30    1.000000E+30    1.000000E+30    1.000000E+30    1.000000E+30    1.000000E+30    1.000000E+30    1.000000E+30    1.000000E+30    1.000000E+30    1.000000E+30    1.000000E+30    1.000000E+30    1.000000E+30    1.000000E+30    1.000000E+30    1.000000E+30    1.000000E+30    1.000000E+30    1.000000E+30    1.000000E+30    1.000000E+30    1.000000E+30    1.000000E+30    1.000000E+30    1.000000E+30    1.000000E+30    1.000000E+30    1.000000E+30    1.000000E+30    1.000000E+30    1.000000E+30    1.000000E+30    1.000000E+30    1.000000E+30    1.000000E+30    1.000000E+30    1.000000E+30    1.000000E+30    1.000000E+30    1.000000E+30    1.000000E+30    1.000000E+30    1.000000E+30    1.000000E+30    1.000000E+30    1.000000E+30
   1.000000E+30    1.472928E+01    1.462617E+01    1.452864E+01    1.443723E+01    1.435188E+01    1.427232E+01    1.419786E+01    1.412848E+01    1.406473E+01    1.400541E+01    1.395209E+01    1.390650E+01    1.386807E+01    1.383507E+01    1.380672E+01    1.378268E+01    1.376346E+01    1.374966E+01    1.374096E+01    1.373703E+01    1.373770E+01    1.374263E+01    1.375655E+01    1.378093E+01    1.381672E+01    1.386060E+01    1.391199E+01    1.396837E+01    1.403199E+01    1.409433E+01    1.417501E+01    1.422128E+01    1.000000E+30    1.000000E+30    1.000000E+30    1.000000E+30    1.000000E+30    1.000000E+30    1.000000E+30    1.000000E+30    1.000000E+30    1.000000E+30    1.000000E+30    1.000000E+30    1.000000E+30    1.000000E+30    1.000000E+30    1.000000E+30    1.000000E+30    1.000000E+30    1.000000E+30    1.000000E+30    1.000000E+30    1.000000E+30    1.000000E+30    1.000000E+30    1.000000E+30    1.000000E+30    1.000000E+30    1.000000E+30    1.000000E+30    1.000000E+30    1.000000E+30    1.000000E+30    1.000000E+30    1.000000E+30    1.000000E+30    1.000000E+30    1.000000E+30    1.000000E+30    1.000000E+30    1.000000E+30    1.000000E+30    1.000000E+30    1.000000E+30    1.000000E+30    1.000000E+30    1.000000E+30    1.000000E+30    1.000000E+30    1.000000E+30    1.000000E+30    1.000000E+30    1.000000E+30    1.458328E+01    1.443948E+01    1.434939E+01    1.429506E+01    1.425482E+01    1.422072E+01    1.419225E+01    1.416889E+01    1.415095E+01    1.413822E+01    1.412822E+01    1.412115E+01    1.411502E+01    1.410903E+01    1.410571E+01    1.410712E+01    1.411844E+01    1.415607E+01    1.000000E+30    1.000000E+30    1.000000E+30    1.000000E+30    1.000000E+30    1.000000E+30    1.000000E+30    1.000000E+30    1.000000E+30    1.000000E+30    1.000000E+30    1.000000E+30    1.000000E+30    1.000000E+30    1.000000E+30    1.000000E+30    1.000000E+30    1.000000E+30    1.000000E+30    1.000000E+30    1.000000E+30    1.000000E+30    1.000000E+30    1.000000E+30    1.000000E+30    1.000000E+30    1.000000E+30    1.000000E+30    1.000000E+30    1.000000E+30    1.000000E+30    1.000000E+30    1.000000E+30    1.000000E+30    1.000000E+30    1.000000E+30    1.000000E+30    1.000000E+30    1.000000E+30    1.000000E+30    1.000000E+30    1.000000E+30    1.000000E+30    1.000000E+30    1.000000E+30    1.000000E+30    1.000000E+30    1.000000E+30
   1.000000E+30    1.480747E+01    1.470339E+01    1.460521E+01    1.451354E+01    1.442843E+01    1.434952E+01    1.427624E+01    1.420847E+01    1.414592E+01    1.408846E+01    1.403656E+01    1.399117E+01    1.395376E+01    1.392282E+01    1.389680E+01    1.387542E+01    1.385890E+01    1.384858E+01    1.384395E+01    1.384515E+01    1.385319E+01    1.386919E+01    1.389667E+01    1.393340E+01    1.397757E+01    1.403125E+01    1.409509E+01    1.415845E+01    1.424144E+01    1.428990E+01    1.000000E+30    1.000000E+30    1.000000E+30    1.000000E+30    1.000000E+30    1.000000E+30    1.000000E+30    1.000000E+30    1.000000E+30    1.000000E+30    1.000000E+30    1.000000E+30    1.000000E+30    1.000000E+30    1.000000E+30    1.000000E+30    1.000000E+30    1.000000E+30    1.000000E+30    1.000000E+30    1.000000E+30    1.000000E+30    1.000000E+30    1.000000E+30    1.000000E+30    1.000000E+30    1.000000E+30    1.000000E+30    1.000000E+30    1.000000E+30    1.000000E+30    1.000000E+30    1.000000E+30    1.000000E+30    1.000000E+30    1.000000E+30    1.000000E+30    1.000000E+30    1.000000E+30    1.000000E+30    1.000000E+30    1.000000E+30    1.000000E+30    1.000000E+30    1.000000E+30    1.000000E+30    1.000000E+30    1.000000E+30    1.000000E+30    1.000000E+30    1.000000E+30    1.000000E+30    1.000000E+30    1.000000E+30    1.471473E+01    1.459788E+01    1.450067E+01    1.442941E+01    1.438193E+01    1.434512E+01    1.431314E+01    1.428685E+01    1.426507E+01    1.424851E+01    1.423554E+01    1.422514E+01    1.421651E+01    1.420873E+01    1.420237E+01    1.420033E+01    1.420419E+01    1.421350E+01    1.000000E+30    1.000000E+30    1.000000E+30    1.000000E+30    1.000000E+30    1.000000E+30    1.000000E+30    1.000000E+30    1.000000E+30    1.000000E+30    1.000000E+30    1.000000E+30    1.000000E+30    1.000000E+30    1.000000E+30    1.000000E+30    1.000000E+30    1.000000E+30    1.000000E+30    1.000000E+30    1.000000E+30    1.000000E+30    1.000000E+30    1.000000E+30    1.000000E+30    1.000000E+30    1.000000E+30    1.000000E+30    1.000000E+30    1.000000E+30    1.000000E+30    1.000000E+30    1.000000E+30    1.000000E+30    1.000000E+30    1.000000E+30    1.000000E+30    1.000000E+30    1.000000E+30    1.000000E+30    1.000000E+30    1.000000E+30    1.000000E+30    1.000000E+30    1.000000E+30    1.000000E+30    1.000000E+30    1.000000E+30
   1.000000E+30    1.489627E+01    1.479103E+01    1.469188E+01    1.459953E+01    1.451421E+01    1.443580E+01    1.436346E+01    1.429740E+01    1.423700E+01    1.418160E+01    1.413188E+01    1.408730E+01    1.404977E+01    1.402062E+01    1.399677E+01    1.397741E+01    1.396339E+01    1.395677E+01    1.395903E+01    1.397004E+01    1.399027E+01    1.402087E+01    1.405776E+01    1.410191E+01    1.415231E+01    1.421490E+01    1.430159E+01    1.435164E+01    1.000000E+30    1.000000E+30    1.000000E+30    1.000000E+30    1.000000E+30    1.000000E+30    1.000000E+30    1.000000E+30    1.000000E+30    1.000000E+30    1.000000E+30    1.000000E+30    1.000000E+30    1.000000E+30    1.000000E+30    1.000000E+30    1.000000E+30    1.000000E+30    1.000000E+30    1.000000E+30    1.000000E+30    1.000000E+30    1.000000E+30    1.000000E+30    1.000000E+30    1.000000E+30    1.000000E+30    1.000000E+30    1.000000E+30    1.000000E+30    1.000000E+30    1.000000E+30    1.000000E+30    1.000000E+30    1.000000E+30    1.000000E+30    1.000000E+30    1.000000E+30    1.000000E+30    1.000000E+30    1.000000E+30    1.000000E+30    1.000000E+30    1.000000E+30    1.000000E+30    1.000000E+30    1.000000E+30    1.000000E+30    1.000000E+30    1.000000E+30    1.000000E+30    1.000000E+30    1.000000E+30    1.000000E+30    1.000000E+30    1.000000E+30    1.000000E+30    1.475459E+01    1.466342E+01    1.458331E+01    1.452064E+01    1.447436E+01    1.443957E+01    1.441069E+01    1.438707E+01    1.436718E+01    1.435093E+01    1.433692E+01    1.432546E+01    1.431555E+01    1.430580E+01    1.429823E+01    1.429435E+01    1.429281E+01    1.000000E+30    1.000000E+30    1.000000E+30    1.000000E+30    1.000000E+30    1.000000E+30    1.000000E+30    1.000000E+30    1.000000E+30    1.000000E+30    1.000000E+30    1.000000E+30    1.000000E+30    1.000000E+30    1.000000E+30    1.000000E+30    1.000000E+30    1.000000E+30    1.000000E+30    1.000000E+30    1.000000E+30    1.000000E+30    1.000000E+30    1.000000E+30    1.000000E+30    1.000000E+30    1.000000E+30    1.000000E+30    1.000000E+30    1.000000E+30    1.000000E+30    1.000000E+30    1.000000E+30    1.000000E+30    1.000000E+30    1.000000E+30    1.000000E+30    1.000000E+30    1.000000E+30    1.000000E+30    1.000000E+30    1.000000E+30    1.000000E+30    1.000000E+30    1.000000E+30    1.000000E+30    1.000000E+30    1.000000E+30
   1.000000E+30    1.499660E+01    1.488998E+01    1.478954E+01    1.469636E+01    1.461083E+01    1.453263E+01    1.446108E+01    1.439603E+01    1.433764E+01    1.428492E+01    1.423792E+01    1.419568E+01    1.415842E+01    1.413004E+01    1.410786E+01    1.409108E+01    1.408290E+01    1.408449E+01    1.409752E+01    1.412073E+01    1.415186E+01    1.419090E+01    1.423572E+01    1.428803E+01    1.433861E+01    1.439798E+01    1.000000E+30    1.000000E+30    1.000000E+30    1.000000E+30    1.000000E+30    1.000000E+30    1.000000E+30    1.000000E+30    1.000000E+30    1.000000E+30    1.000000E+30    1.000000E+30    1.000000E+30    1.000000E+30    1.000000E+30    1.000000E+30    1.000000E+30    1.000000E+30    1.000000E+30    1.000000E+30    1.000000E+30    1.000000E+30    1.000000E+30    1.000000E+30    1.000000E+30    1.000000E+30    1.000000E+30    1.000000E+30    1.000000E+30    1.000000E+30    1.000000E+30    1.000000E+30    1.000000E+30    1.000000E+30    1.000000E+30    1.000000E+30    1.000000E+30    1.000000E+30    1.000000E+30    1.000000E+30    1.000000E+30    1.000000E+30    1.000000E+30    1.000000E+30    1.000000E+30    1.000000E+30    1.000000E+30    1.000000E+30    1.000000E+30    1.000000E+30    1.000000E+30    1.000000E+30    1.000000E+30    1.000000E+30    1.000000E+30    1.000000E+30    1.000000E+30    1.000000E+30    1.000000E+30    1.000000E+30    1.483358E+01    1.475646E+01    1.468608E+01    1.462005E+01    1.457136E+01    1.453939E+01    1.451400E+01    1.449237E+01    1.447316E+01    1.445618E+01    1.444160E+01    1.442822E+01    1.441479E+01    1.440156E+01    1.439029E+01    1.438157E+01    1.000000E+30    1.000000E+30    1.000000E+30    1.000000E+30    1.000000E+30    1.000000E+30    1.000000E+30    1.000000E+30    1.000000E+30    1.000000E+30    1.000000E+30    1.000000E+30    1.000000E+30    1.000000E+30    1.000000E+30    1.000000E+30    1.000000E+30    1.000000E+30    1.000000E+30    1.000000E+30    1.000000E+30    1.000000E+30    1.000000E+30    1.000000E+30    1.000000E+30    1.000000E+30    1.000000E+30    1.000000E+30    1.000000E+30    1.000000E+30    1.000000E+30    1.000000E+30    1.000000E+30    1.000000E+30    1.000000E+30    1.000000E+30    1.000000E+30    1.000000E+30    1.000000E+30    1.000000E+30    1.000000E+30    1.000000E+30    1.000000E+30    1.000000E+30    1.000000E+30    1.000000E+30    1.000000E+30    1.000000E+30
   1.000000E+30    1.510974E+01    1.499914E+01    1.489677E+01    1.480320E+01    1.471804E+01    1.464037E+01    1.456973E+01    1.450557E+01    1.444857E+01    1.439825E+01    1.435358E+01    1.431436E+01    1.427983E+01    1.425175E+01    1.423170E+01    1.422198E+01    1.422393E+01    1.423643E+01    1.425855E+01    1.429076E+01    1.433075E+01    1.438001E+01    1.443080E+01    1.450025E+01    1.454031E+01    1.000000E+30    1.000000E+30    1.000000E+30    1.000000E+30    1.000000E+30    1.000000E+30    1.000000E+30    1.000000E+30    1.000000E+30    1.000000E+30    1.000000E+30    1.000000E+30    1.000000E+30    1.000000E+30    1.000000E+30    1.000000E+30    1.000000E+30    1.000000E+30    1.000000E+30    1.000000E+30    1.000000E+30    1.000000E+30    1.000000E+30    1.000000E+30    1.000000E+30    1.000000E+30    1.000000E+30    1.000000E+30    1.000000E+30    1.000000E+30    1.000000E+30    1.000000E+30    1.000000E+30    1.000000E+30    1.000000E+30    1.000000E+30    1.000000E+30    1.000000E+30    1.000000E+30    1.000000E+30    1.000000E+30    1.000000E+30    1.000000E+30    1.000000E+30    1.000000E+30    1.000000E+30    1.000000E+30    1.000000E+30    1.000000E+30    1.000000E+30    1.000000E+30    1.000000E+30    1.000000E+30    1.000000E+30    1.000000E+30    1.000000E+30    1.000000E+30    1.000000E+30    1.000000E+30    1.000000E+30    1.000000E+30    1.000000E+30    1.494204E+01    1.488115E+01    1.479392E+01    1.472009E+01    1.467264E+01    1.464550E+01    1.462281E+01    1.460209E+01    1.458330E+01    1.456584E+01    1.454849E+01    1.453055E+01    1.451416E+01    1.449882E+01    1.448736E+01    1.000000E+30    1.000000E+30    1.000000E+30    1.000000E+30    1.000000E+30    1.000000E+30    1.000000E+30    1.000000E+30    1.000000E+30    1.000000E+30    1.000000E+30    1.000000E+30    1.000000E+30    1.000000E+30    1.000000E+30    1.000000E+30    1.000000E+30    1.000000E+30    1.000000E+30    1.000000E+30    1.000000E+30    1.000000E+30    1.000000E+30    1.000000E+30    1.000000E+30    1.000000E+30    1.000000E+30    1.000000E+30    1.000000E+30    1.000000E+30    1.000000E+30    1.000000E+30    1.000000E+30    1.000000E+30    1.000000E+30    1.000000E+30    1.000000E+30    1.000000E+30    1.000000E+30    1.000000E+30    1.000000E+30    1.000000E+30    1.000000E+30    1.000000E+30    1.000000E+30    1.000000E+30    1.000000E+30    1.000000E+30
   1.543710E+01    1.525605E+01    1.512674E+01    1.501887E+01    1.492332E+01    1.483698E+01    1.475858E+01    1.468772E+01    1.462399E+01    1.456767E+01    1.451870E+01    1.447670E+01    1.444111E+01    1.441087E+01    1.438620E+01    1.437345E+01    1.437414E+01    1.438456E+01    1.440461E+01    1.443619E+01    1.447970E+01    1.452652E+01    1.459312E+01    1.463233E+01    1.000000E+30    1.000000E+30    1.000000E+30    1.000000E+30    1.000000E+30    1.000000E+30    1.000000E+30    1.000000E+30    1.000000E+30    1.000000E+30    1.000000E+30    1.000000E+30    1.000000E+30    1.000000E+30    1.000000E+30    1.000000E+30    1.000000E+30    1.000000E+30    1.000000E+30    1.000000E+30    1.000000E+30    1.000000E+30    1.000000E+30    1.000000E+30    1.000000E+30    1.000000E+30    1.000000E+30    1.000000E+30    1.000000E+30    1.000000E+30    1.000000E+30    1.000000E+30    1.000000E+30    1.000000E+30    1.000000E+30    1.000000E+30    1.000000E+30    1.000000E+30    1.000000E+30    1.000000E+30    1.000000E+30    1.000000E+30    1.000000E+30    1.000000E+30    1.000000E+30    1.000000E+30    1.000000E+30    1.000000E+30    1.000000E+30    1.000000E+30    1.000000E+30    1.000000E+30    1.000000E+30    1.000000E+30    1.000000E+30    1.000000E+30    1.000000E+30    1.000000E+30    1.000000E+30    1.000000E+30    1.000000E+30    1.000000E+30    1.000000E+30    1.000000E+30    1.000000E+30    1.512262E+01    1.498352E+01    1.488995E+01    1.482202E+01    1.478443E+01    1.476193E+01    1.474008E+01    1.471950E+01    1.469959E+01    1.467917E+01    1.465803E+01    1.463945E+01    1.462248E+01    1.461032E+01    1.000000E+30    1.000000E+30    1.000000E+30    1.000000E+30    1.000000E+30    1.000000E+30    1.000000E+30    1.000000E+30    1.000000E+30    1.000000E+30    1.000000E+30    1.000000E+30    1.000000E+30    1.000000E+30    1.000000E+30    1.000000E+30    1.000000E+30    1.000000E+30    1.000000E+30    1.000000E+30    1.000000E+30    1.000000E+30    1.000000E+30    1.000000E+30    1.000000E+30    1.000000E+30    1.000000E+30    1.000000E+30    1.000000E+30    1.000000E+30    1.000000E+30    1.000000E+30    1.000000E+30    1.000000E+30    1.000000E+30    1.000000E+30    1.000000E+30    1.000000E+30    1.000000E+30    1.000000E+30    1.000000E+30    1.000000E+30    1.000000E+30    1.000000E+30    1.000000E+30    1.000000E+30    1.000000E+30    1.000000E+30
   1.551279E+01    1.538284E+01    1.526363E+01    1.515754E+01    1.506295E+01    1.497739E+01    1.489928E+01    1.482811E+01    1.476424E+01    1.470746E+01    1.465767E+01    1.461517E+01    1.458035E+01    1.455394E+01    1.453885E+01    1.453712E+01    1.454514E+01    1.456240E+01    1.458904E+01    1.462948E+01    1.469267E+01    1.472942E+01    1.000000E+30    1.000000E+30    1.000000E+30    1.000000E+30    1.000000E+30    1.000000E+30    1.000000E+30    1.000000E+30    1.000000E+30    1.000000E+30    1.000000E+30    1.000000E+30    1.000000E+30    1.000000E+30    1.000000E+30    1.000000E+30    1.000000E+30    1.000000E+30    1.000000E+30    1.000000E+30    1.000000E+30    1.000000E+30    1.000000E+30    1.000000E+30    1.000000E+30    1.000000E+30    1.000000E+30    1.000000E+30    1.000000E+30    1.000000E+30    1.000000E+30    1.000000E+30    1.000000E+30    1.000000E+30    1.000000E+30    1.000000E+30    1.000000E+30    1.000000E+30    1.000000E+30    1.000000E+30    1.000000E+30    1.000000E+30    1.000000E+30    1.000000E+30    1.000000E+30    1.000000E+30    1.000000E+30    1.000000E+30    1.000000E+30    1.000000E+30    1.000000E+30    1.000000E+30    1.000000E+30    1.000000E+30    1.000000E+30    1.000000E+30    1.000000E+30    1.000000E+30    1.000000E+30    1.000000E+30    1.000000E+30    1.000000E+30    1.000000E+30    1.000000E+30    1.000000E+30    1.000000E+30    1.000000E+30    1.525796E+01    1.514862E+01    1.506069E+01    1.499046E+01    1.493867E+01    1.491383E+01    1.489006E+01    1.486650E+01    1.484375E+01    1.482044E+01    1.479644E+01    1.477552E+01    1.475748E+01    1.474404E+01    1.000000E+30    1.000000E+30    1.000000E+30    1.000000E+30    1.000000E+30    1.000000E+30    1.000000E+30    1.000000E+30    1.000000E+30    1.000000E+30    1.000000E+30    1.000000E+30    1.000000E+30    1.000000E+30    1.000000E+30    1.000000E+30    1.000000E+30    1.000000E+30    1.000000E+30    1.000000E+30    1.000000E+30    1.000000E+30    1.000000E+30    1.000000E+30    1.000000E+30    1.000000E+30    1.000000E+30    1.000000E+30    1.000000E+30    1.000000E+30    1.000000E+30    1.000000E+30    1.000000E+30    1.000000E+30    1.000000E+30    1.000000E+30    1.000000E+30    1.000000E+30    1.000000E+30    1.000000E+30    1.000000E+30    1.000000E+30    1.000000E+30    1.000000E+30    1.000000E+30    1.000000E+30    1.000000E+30    1.000000E+30
   1.562989E+01    1.551137E+01    1.540035E+01    1.529856E+01    1.520734E+01    1.512552E+01    1.505108E+01    1.498252E+01    1.492025E+01    1.486474E+01    1.481612E+01    1.477410E+01    1.474004E+01    1.471944E+01    1.471454E+01    1.472009E+01    1.473473E+01    1.475936E+01    1.478780E+01    1.482791E+01    1.000000E+30    1.000000E+30    1.000000E+30    1.000000E+30    1.000000E+30    1.000000E+30    1.000000E+30    1.000000E+30    1.000000E+30    1.000000E+30    1.000000E+30    1.000000E+30    1.000000E+30    1.000000E+30    1.000000E+30    1.000000E+30    1.000000E+30    1.000000E+30    1.000000E+30    1.000000E+30    1.000000E+30    1.000000E+30    1.000000E+30    1.000000E+30    1.000000E+30    1.000000E+30    1.000000E+30    1.000000E+30    1.000000E+30    1.000000E+30    1.000000E+30    1.000000E+30    1.000000E+30    1.000000E+30    1.000000E+30    1.000000E+30    1.000000E+30    1.000000E+30    1.000000E+30    1.000000E+30    1.000000E+30    1.000000E+30    1.000000E+30    1.000000E+30    1.000000E+30    1.000000E+30    1.000000E+30    1.000000E+30    1.000000E+30    1.000000E+30    1.000000E+30    1.000000E+30    1.000000E+30    1.000000E+30    1.000000E+30    1.000000E+30    1.000000E+30    1.000000E+30    1.000000E+30    1.000000E+30    1.000000E+30    1.000000E+30    1.000000E+30    1.000000E+30    1.000000E+30    1.000000E+30    1.000000E+30    1.000000E+30    1.000000E+30    1.000000E+30    1.531408E+01    1.523571E+01    1.517013E+01    1.511450E+01    1.507866E+01    1.505339E+01    1.502579E+01    1.499887E+01    1.497223E+01    1.494513E+01    1.492114E+01    1.490160E+01    1.488736E+01    1.000000E+30    1.000000E+30    1.000000E+30    1.000000E+30    1.000000E+30    1.000000E+30    1.000000E+30    1.000000E+30    1.000000E+30    1.000000E+30    1.000000E+30    1.000000E+30    1.000000E+30    1.000000E+30    1.000000E+30    1.000000E+30    1.000000E+30    1.000000E+30    1.000000E+30    1.000000E+30    1.000000E+30    1.000000E+30    1.000000E+30    1.000000E+30    1.000000E+30    1.000000E+30    1.000000E+30    1.000000E+30    1.000000E+30    1.000000E+30    1.000000E+30    1.000000E+30    1.000000E+30    1.000000E+30    1.000000E+30    1.000000E+30    1.000000E+30    1.000000E+30    1.000000E+30    1.000000E+30    1.000000E+30    1.000000E+30    1.000000E+30    1.000000E+30    1.000000E+30    1.000000E+30    1.000000E+30    1.000000E+30
   1.577904E+01    1.566525E+01    1.555874E+01    1.545885E+01    1.536620E+01    1.528187E+01    1.520534E+01    1.513587E+01    1.507380E+01    1.501914E+01    1.497389E+01    1.493907E+01    1.491662E+01    1.490718E+01    1.490948E+01    1.492332E+01    1.494378E+01    1.498134E+01    1.500342E+01    1.000000E+30    1.000000E+30    1.000000E+30    1.000000E+30    1.000000E+30    1.000000E+30    1.000000E+30    1.000000E+30    1.000000E+30    1.000000E+30    1.000000E+30    1.000000E+30    1.000000E+30    1.000000E+30    1.000000E+30    1.000000E+30    1.000000E+30    1.000000E+30    1.000000E+30    1.000000E+30    1.000000E+30    1.000000E+30    1.000000E+30    1.000000E+30    1.000000E+30    1.000000E+30    1.000000E+30    1.000000E+30    1.000000E+30    1.000000E+30    1.000000E+30    1.000000E+30    1.000000E+30    1.000000E+30    1.000000E+30    1.000000E+30    1.000000E+30    1.000000E+30    1.000000E+30    1.000000E+30    1.000000E+30    1.000000E+30    1.000000E+30    1.000000E+30    1.000000E+30    1.000000E+30    1.000000E+30    1.000000E+30    1.000000E+30    1.000000E+30    1.000000E+30    1.000000E+30    1.000000E+30    1.000000E+30    1.000000E+30    1.000000E+30    1.000000E+30    1.000000E+30    1.000000E+30    1.000000E+30    1.000000E+30    1.000000E+30    1.000000E+30    1.000000E+30    1.000000E+30    1.000000E+30    1.000000E+30    1.000000E+30    1.000000E+30    1.000000E+30    1.000000E+30    1.000000E+30    1.542069E+01    1.536299E+01    1.531304E+01    1.526376E+01    1.523236E+01    1.519796E+01    1.516486E+01    1.513360E+01    1.510299E+01    1.507551E+01    1.505401E+01    1.503949E+01    1.000000E+30    1.000000E+30    1.000000E+30    1.000000E+30    1.000000E+30    1.000000E+30    1.000000E+30    1.000000E+30    1.000000E+30    1.000000E+30    1.000000E+30    1.000000E+30    1.000000E+30    1.000000E+30    1.000000E+30    1.000000E+30    1.000000E+30    1.000000E+30    1.000000E+30    1.000000E+30    1.000000E+30    1.000000E+30    1.000000E+30    1.000000E+30    1.000000E+30    1.000000E+30    1.000000E+30    1.000000E+30    1.000000E+30    1.000000E+30    1.000000E+30    1.000000E+30    1.000000E+30    1.000000E+30    1.000000E+30    1.000000E+30    1.000000E+30    1.000000E+30    1.000000E+30    1.000000E+30    1.000000E+30    1.000000E+30    1.000000E+30    1.000000E+30    1.000000E+30    1.000000E+30    1.000000E+30    1.000000E+30
   1.594741E+01    1.583726E+01    1.573241E+01    1.563371E+01    1.554025E+01    1.545394E+01    1.537590E+01    1.530491E+01    1.524324E+01    1.519195E+01    1.515273E+01    1.512630E+01    1.511384E+01    1.511192E+01    1.512199E+01    1.514915E+01    1.516499E+01    1.000000E+30    1.000000E+30    1.000000E+30    1.000000E+30    1.000000E+30    1.000000E+30    1.000000E+30    1.000000E+30    1.000000E+30    1.000000E+30    1.000000E+30    1.000000E+30    1.000000E+30    1.000000E+30    1.000000E+30    1.000000E+30    1.000000E+30    1.000000E+30    1.000000E+30    1.000000E+30    1.000000E+30    1.000000E+30    1.000000E+30    1.000000E+30    1.000000E+30    1.000000E+30    1.000000E+30    1.000000E+30    1.000000E+30    1.000000E+30    1.000000E+30    1.000000E+30    1.000000E+30    1.000000E+30    1.000000E+30    1.000000E+30    1.000000E+30    1.000000E+30    1.000000E+30    1.000000E+30    1.000000E+30    1.000000E+30    1.000000E+30    1.000000E+30    1.000000E+30    1.000000E+30    1.000000E+30    1.000000E+30    1.000000E+30    1.000000E+30    1.000000E+30    1.000000E+30    1.000000E+30    1.000000E+30    1.000000E+30    1.000000E+30    1.000000E+30    1.000000E+30    1.000000E+30    1.000000E+30    1.000000E+30    1.000000E+30    1.000000E+30    1.000000E+30    1.000000E+30    1.000000E+30    1.000000E+30    1.000000E+30    1.000000E+30    1.000000E+30    1.000000E+30    1.000000E+30    1.000000E+30    1.000000E+30    1.000000E+30    1.557217E+01    1.554017E+01    1.547523E+01    1.542931E+01    1.538280E+01    1.534106E+01    1.530372E+01    1.526844E+01    1.523735E+01    1.521397E+01    1.519942E+01    1.000000E+30    1.000000E+30    1.000000E+30    1.000000E+30    1.000000E+30    1.000000E+30    1.000000E+30    1.000000E+30    1.000000E+30    1.000000E+30    1.000000E+30    1.000000E+30    1.000000E+30    1.000000E+30    1.000000E+30    1.000000E+30    1.000000E+30    1.000000E+30    1.000000E+30    1.000000E+30    1.000000E+30    1.000000E+30    1.000000E+30    1.000000E+30    1.000000E+30    1.000000E+30    1.000000E+30    1.000000E+30    1.000000E+30    1.000000E+30    1.000000E+30    1.000000E+30    1.000000E+30    1.000000E+30    1.000000E+30    1.000000E+30    1.000000E+30    1.000000E+30    1.000000E+30    1.000000E+30    1.000000E+30    1.000000E+30    1.000000E+30    1.000000E+30    1.000000E+30    1.000000E+30    1.000000E+30    1.000000E+30
   1.613141E+01    1.602145E+01    1.591586E+01    1.581576E+01    1.572147E+01    1.563414E+01    1.555639E+01    1.548830E+01    1.543230E+01    1.538927E+01    1.535923E+01    1.534109E+01    1.533296E+01    1.533348E+01    1.534642E+01    1.000000E+30    1.000000E+30    1.000000E+30    1.000000E+30    1.000000E+30    1.000000E+30    1.000000E+30    1.000000E+30    1.000000E+30    1.000000E+30    1.000000E+30    1.000000E+30    1.000000E+30    1.000000E+30    1.000000E+30    1.000000E+30    1.000000E+30    1.000000E+30    1.000000E+30    1.000000E+30    1.000000E+30    1.000000E+30    1.000000E+30    1.000000E+30    1.000000E+30    1.000000E+30    1.000000E+30    1.000000E+30    1.000000E+30    1.000000E+30    1.000000E+30    1.000000E+30    1.000000E+30    1.000000E+30    1.000000E+30    1.000000E+30    1.000000E+30    1.000000E+30    1.000000E+30    1.000000E+30    1.000000E+30    1.000000E+30    1.000000E+30    1.000000E+30    1.000000E+30    1.000000E+30    1.000000E+30    1.000000E+30    1.000000E+30    1.000000E+30    1.000000E+30    1.000000E+30    1.000000E+30    1.000000E+30    1.000000E+30    1.000000E+30    1.000000E+30    1.000000E+30    1.000000E+30    1.000000E+30    1.000000E+30    1.000000E+30    1.000000E+30    1.000000E+30    1.000000E+30    1.000000E+30    1.000000E+30    1.000000E+30    1.000000E+30    1.000000E+30    1.000000E+30    1.000000E+30    1.000000E+30    1.000000E+30    1.000000E+30    1.000000E+30    1.000000E+30    1.000000E+30    1.583015E+01    1.571034E+01    1.563918E+01    1.557870E+01    1.552607E+01    1.548147E+01    1.544101E+01    1.540586E+01    1.538061E+01    1.536674E+01    1.000000E+30    1.000000E+30    1.000000E+30    1.000000E+30    1.000000E+30    1.000000E+30    1.000000E+30    1.000000E+30    1.000000E+30    1.000000E+30    1.000000E+30    1.000000E+30    1.000000E+30    1.000000E+30    1.000000E+30    1.000000E+30    1.000000E+30    1.000000E+30    1.000000E+30    1.000000E+30    1.000000E+30    1.000000E+30    1.000000E+30    1.000000E+30    1.000000E+30    1.000000E+30    1.000000E+30    1.000000E+30    1.000000E+30    1.000000E+30    1.000000E+30    1.000000E+30    1.000000E+30    1.000000E+30    1.000000E+30    1.000000E+30    1.000000E+30    1.000000E+30    1.000000E+30    1.000000E+30    1.000000E+30    1.000000E+30    1.000000E+30    1.000000E+30    1.000000E+30    1.000000E+30    1.000000E+30    1.000000E+30
   1.632908E+01    1.621770E+01    1.611133E+01    1.600909E+01    1.591408E+01    1.582857E+01    1.575533E+01    1.569565E+01    1.564874E+01    1.561382E+01    1.558865E+01    1.557426E+01    1.557210E+01    1.557149E+01    1.000000E+30    1.000000E+30    1.000000E+30    1.000000E+30    1.000000E+30    1.000000E+30    1.000000E+30    1.000000E+30    1.000000E+30    1.000000E+30    1.000000E+30    1.000000E+30    1.000000E+30    1.000000E+30    1.000000E+30    1.000000E+30    1.000000E+30    1.000000E+30    1.000000E+30    1.000000E+30    1.000000E+30    1.000000E+30    1.000000E+30    1.000000E+30    1.000000E+30    1.000000E+30    1.000000E+30    1.000000E+30    1.000000E+30    1.000000E+30    1.000000E+30    1.000000E+30    1.000000E+30    1.000000E+30    1.000000E+30    1.000000E+30    1.000000E+30    1.000000E+30    1.000000E+30    1.000000E+30    1.000000E+30    1.000000E+30    1.000000E+30    1.000000E+30    1.000000E+30    1.000000E+30    1.000000E+30    1.000000E+30    1.000000E+30    1.000000E+30    1.000000E+30    1.000000E+30    1.000000E+30    1.000000E+30    1.000000E+30    1.000000E+30    1.000000E+30    1.000000E+30    1.000000E+30    1.000000E+30    1.000000E+30    1.000000E+30    1.000000E+30    1.000000E+30    1.000000E+30    1.000000E+30    1.000000E+30    1.000000E+30    1.000000E+30    1.000000E+30    1.000000E+30    1.000000E+30    1.000000E+30    1.000000E+30    1.000000E+30    1.000000E+30    1.000000E+30    1.000000E+30    1.000000E+30    1.600530E+01    1.594436E+01    1.585573E+01    1.578233E+01    1.571795E+01    1.566547E+01    1.561994E+01    1.558006E+01    1.555225E+01    1.553814E+01    1.000000E+30    1.000000E+30    1.000000E+30    1.000000E+30    1.000000E+30    1.000000E+30    1.000000E+30    1.000000E+30    1.000000E+30    1.000000E+30    1.000000E+30    1.000000E+30    1.000000E+30    1.000000E+30    1.000000E+30    1.000000E+30    1.000000E+30    1.000000E+30    1.000000E+30    1.000000E+30    1.000000E+30    1.000000E+30    1.000000E+30    1.000000E+30    1.000000E+30    1.000000E+30    1.000000E+30    1.000000E+30    1.000000E+30    1.000000E+30    1.000000E+30    1.000000E+30    1.000000E+30    1.000000E+30    1.000000E+30    1.000000E+30    1.000000E+30    1.000000E+30    1.000000E+30    1.000000E+30    1.000000E+30    1.000000E+30    1.000000E+30    1.000000E+30    1.000000E+30    1.000000E+30    1.000000E+30    1.000000E+30
   1.653857E+01    1.642733E+01    1.631989E+01    1.621853E+01    1.612574E+01    1.604688E+01    1.598203E+01    1.593036E+01    1.588760E+01    1.585682E+01    1.583566E+01    1.582377E+01    1.000000E+30    1.000000E+30    1.000000E+30    1.000000E+30    1.000000E+30    1.000000E+30    1.000000E+30    1.000000E+30    1.000000E+30    1.000000E+30    1.000000E+30    1.000000E+30    1.000000E+30    1.000000E+30    1.000000E+30    1.000000E+30    1.000000E+30    1.000000E+30    1.000000E+30    1.000000E+30    1.000000E+30    1.000000E+30    1.000000E+30    1.000000E+30    1.000000E+30    1.000000E+30    1.000000E+30    1.000000E+30    1.000000E+30    1.000000E+30    1.000000E+30    1.000000E+30    1.000000E+30    1.000000E+30    1.000000E+30    1.000000E+30    1.000000E+30    1.000000E+30    1.000000E+30    1.000000E+30    1.000000E+30    1.000000E+30    1.000000E+30    1.000000E+30    1.000000E+30    1.000000E+30    1.000000E+30    1.000000E+30    1.000000E+30    1.000000E+30    1.000000E+30    1.000000E+30    1.000000E+30    1.000000E+30    1.000000E+30    1.000000E+30    1.000000E+30    1.000000E+30    1.000000E+30    1.000000E+30    1.000000E+30    1.000000E+30    1.000000E+30    1.000000E+30    1.000000E+30    1.000000E+30    1.000000E+30    1.000000E+30    1.000000E+30    1.000000E+30    1.000000E+30    1.000000E+30    1.000000E+30    1.000000E+30    1.000000E+30    1.000000E+30    1.000000E+30    1.000000E+30    1.000000E+30    1.000000E+30    1.000000E+30    1.000000E+30    1.624255E+01    1.608855E+01    1.599203E+01    1.591431E+01    1.585358E+01    1.580343E+01    1.575908E+01    1.572760E+01    1.571164E+01    1.000000E+30    1.000000E+30    1.000000E+30    1.000000E+30    1.000000E+30    1.000000E+30    1.000000E+30    1.000000E+30    1.000000E+30    1.000000E+30    1.000000E+30    1.000000E+30    1.000000E+30    1.000000E+30    1.000000E+30    1.000000E+30    1.000000E+30    1.000000E+30    1.000000E+30    1.000000E+30    1.000000E+30    1.000000E+30    1.000000E+30    1.000000E+30    1.000000E+30    1.000000E+30    1.000000E+30    1.000000E+30    1.000000E+30    1.000000E+30    1.000000E+30    1.000000E+30    1.000000E+30    1.000000E+30    1.000000E+30    1.000000E+30    1.000000E+30    1.000000E+30    1.000000E+30    1.000000E+30    1.000000E+30    1.000000E+30    1.000000E+30    1.000000E+30    1.000000E+30    1.000000E+30    1.000000E+30    1.000000E+30
   1.676674E+01    1.665549E+01    1.654703E+01    1.644940E+01    1.636356E+01    1.629115E+01    1.623216E+01    1.618439E+01    1.614279E+01    1.611864E+01    1.000000E+30    1.000000E+30    1.000000E+30    1.000000E+30    1.000000E+30    1.000000E+30    1.000000E+30    1.000000E+30    1.000000E+30    1.000000E+30    1.000000E+30    1.000000E+30    1.000000E+30    1.000000E+30    1.000000E+30    1.000000E+30    1.000000E+30    1.000000E+30    1.000000E+30    1.000000E+30    1.000000E+30    1.000000E+30    1.000000E+30    1.000000E+30    1.000000E+30    1.000000E+30    1.000000E+30    1.000000E+30    1.000000E+30    1.000000E+30    1.000000E+30    1.000000E+30    1.000000E+30    1.000000E+30    1.000000E+30    1.000000E+30    1.000000E+30    1.000000E+30    1.000000E+30    1.000000E+30    1.000000E+30    1.000000E+30    1.000000E+30    1.000000E+30    1.000000E+30    1.000000E+30    1.000000E+30    1.000000E+30    1.000000E+30    1.000000E+30    1.000000E+30    1.000000E+30    1.000000E+30    1.000000E+30    1.000000E+30    1.000000E+30    1.000000E+30    1.000000E+30    1.000000E+30    1.000000E+30    1.000000E+30    1.000000E+30    1.000000E+30    1.000000E+30    1.000000E+30    1.000000E+30    1.000000E+30    1.000000E+30    1.000000E+30    1.000000E+30    1.000000E+30    1.000000E+30    1.000000E+30    1.000000E+30    1.000000E+30    1.000000E+30    1.000000E+30    1.000000E+30    1.000000E+30    1.000000E+30    1.000000E+30    1.000000E+30    1.000000E+30    1.000000E+30    1.648740E+01    1.631146E+01    1.619901E+01    1.611165E+01    1.604372E+01    1.598863E+01    1.594150E+01    1.590588E+01    1.588626E+01    1.000000E+30    1.000000E+30    1.000000E+30    1.000000E+30    1.000000E+30    1.000000E+30    1.000000E+30    1.000000E+30    1.000000E+30    1.000000E+30    1.000000E+30    1.000000E+30    1.000000E+30    1.000000E+30    1.000000E+30    1.000000E+30    1.000000E+30    1.000000E+30    1.000000E+30    1.000000E+30    1.000000E+30    1.000000E+30    1.000000E+30    1.000000E+30    1.000000E+30    1.000000E+30    1.000000E+30    1.000000E+30    1.000000E+30    1.000000E+30    1.000000E+30    1.000000E+30    1.000000E+30    1.000000E+30    1.000000E+30    1.000000E+30    1.000000E+30    1.000000E+30    1.000000E+30    1.000000E+30    1.000000E+30    1.000000E+30    1.000000E+30    1.000000E+30    1.000000E+30    1.000000E+30    1.000000E+30    1.000000E+30
   1.703046E+01    1.691359E+01    1.680509E+01    1.670795E+01    1.662517E+01    1.655310E+01    1.649954E+01    1.646072E+01    1.000000E+30    1.000000E+30    1.000000E+30    1.000000E+30    1.000000E+30    1.000000E+30    1.000000E+30    1.000000E+30    1.000000E+30    1.000000E+30    1.000000E+30    1.000000E+30    1.000000E+30    1.000000E+30    1.000000E+30    1.000000E+30    1.000000E+30    1.000000E+30    1.000000E+30    1.000000E+30    1.000000E+30    1.000000E+30    1.000000E+30    1.000000E+30    1.000000E+30    1.000000E+30    1.000000E+30    1.000000E+30    1.000000E+30    1.000000E+30    1.000000E+30    1.000000E+30    1.000000E+30    1.000000E+30    1.000000E+30    1.000000E+30    1.000000E+30    1.000000E+30    1.000000E+30    1.000000E+30    1.000000E+30    1.000000E+30    1.000000E+30    1.000000E+30    1.000000E+30    1.000000E+30    1.000000E+30    1.000000E+30    1.000000E+30    1.000000E+30    1.000000E+30    1.000000E+30    1.000000E+30    1.000000E+30    1.000000E+30    1.000000E+30    1.000000E+30    1.000000E+30    1.000000E+30    1.000000E+30    1.000000E+30    1.000000E+30    1.000000E+30    1.000000E+30    1.000000E+30    1.000000E+30    1.000000E+30    1.000000E+30    1.000000E+30    1.000000E+30    1.000000E+30    1.000000E+30    1.000000E+30    1.000000E+30    1.000000E+30    1.000000E+30    1.000000E+30    1.000000E+30    1.000000E+30    1.000000E+30    1.000000E+30    1.000000E+30    1.000000E+30    1.000000E+30    1.000000E+30    1.000000E+30    1.670651E+01    1.652226E+01    1.640031E+01    1.630854E+01    1.623536E+01    1.617557E+01    1.612545E+01    1.608643E+01    1.606287E+01    1.000000E+30    1.000000E+30    1.000000E+30    1.000000E+30    1.000000E+30    1.000000E+30    1.000000E+30    1.000000E+30    1.000000E+30    1.000000E+30    1.000000E+30    1.000000E+30    1.000000E+30    1.000000E+30    1.000000E+30    1.000000E+30    1.000000E+30    1.000000E+30    1.000000E+30    1.000000E+30    1.000000E+30    1.000000E+30    1.000000E+30    1.000000E+30    1.000000E+30    1.000000E+30    1.000000E+30    1.000000E+30    1.000000E+30    1.000000E+30    1.000000E+30    1.000000E+30    1.000000E+30    1.000000E+30    1.000000E+30    1.000000E+30    1.000000E+30    1.000000E+30    1.000000E+30    1.000000E+30    1.000000E+30    1.000000E+30    1.000000E+30    1.000000E+30    1.000000E+30    1.000000E+30    1.000000E+30    1.000000E+30
   1.734331E+01    1.720930E+01    1.709317E+01    1.698887E+01    1.690504E+01    1.682538E+01    1.678100E+01    1.000000E+30    1.000000E+30    1.000000E+30    1.000000E+30    1.000000E+30    1.000000E+30    1.000000E+30    1.000000E+30    1.000000E+30    1.000000E+30    1.000000E+30    1.000000E+30    1.000000E+30    1.000000E+30    1.000000E+30    1.000000E+30    1.000000E+30    1.000000E+30    1.000000E+30    1.000000E+30    1.000000E+30    1.000000E+30    1.000000E+30    1.000000E+30    1.000000E+30    1.000000E+30    1.000000E+30    1.000000E+30    1.000000E+30    1.000000E+30    1.000000E+30    1.000000E+30    1.000000E+30    1.000000E+30    1.000000E+30    1.000000E+30    1.000000E+30    1.000000E+30    1.000000E+30    1.000000E+30    1.000000E+30    1.000000E+30    1.000000E+30    1.000000E+30    1.000000E+30    1.000000E+30    1.000000E+30    1.000000E+30    1.000000E+30    1.000000E+30    1.000000E+30    1.000000E+30    1.000000E+30    1.000000E+30    1.000000E+30    1.000000E+30    1.000000E+30    1.000000E+30    1.000000E+30    1.000000E+30    1.000000E+30    1.000000E+30    1.000000E+30    1.000000E+30    1.000000E+30    1.000000E+30    1.000000E+30    1.000000E+30    1.000000E+30    1.000000E+30    1.000000E+30    1.000000E+30    1.000000E+30    1.000000E+30    1.000000E+30    1.000000E+30    1.000000E+30    1.000000E+30    1.000000E+30    1.000000E+30    1.000000E+30    1.000000E+30    1.000000E+30    1.000000E+30    1.000000E+30    1.000000E+30    1.000000E+30    1.690545E+01    1.672366E+01    1.659808E+01    1.650572E+01    1.642907E+01    1.636499E+01    1.631048E+01    1.626844E+01    1.624198E+01    1.000000E+30    1.000000E+30    1.000000E+30    1.000000E+30    1.000000E+30    1.000000E+30    1.000000E+30    1.000000E+30    1.000000E+30    1.000000E+30    1.000000E+30    1.000000E+30    1.000000E+30    1.000000E+30    1.000000E+30    1.000000E+30    1.000000E+30    1.000000E+30    1.000000E+30    1.000000E+30    1.000000E+30    1.000000E+30    1.000000E+30    1.000000E+30    1.000000E+30    1.000000E+30    1.000000E+30    1.000000E+30    1.000000E+30    1.000000E+30    1.000000E+30    1.000000E+30    1.000000E+30    1.000000E+30    1.000000E+30    1.000000E+30    1.000000E+30    1.000000E+30    1.000000E+30    1.000000E+30    1.000000E+30    1.000000E+30    1.000000E+30    1.000000E+30    1.000000E+30    1.000000E+30    1.000000E+30    1.000000E+30
   1.770366E+01    1.752952E+01    1.740166E+01    1.727895E+01    1.721016E+01    1.000000E+30    1.000000E+30    1.000000E+30    1.000000E+30    1.000000E+30    1.000000E+30    1.000000E+30    1.000000E+30    1.000000E+30    1.000000E+30    1.000000E+30    1.000000E+30    1.000000E+30    1.000000E+30    1.000000E+30    1.000000E+30    1.000000E+30    1.000000E+30    1.000000E+30    1.000000E+30    1.000000E+30    1.000000E+30    1.000000E+30    1.000000E+30    1.000000E+30    1.000000E+30    1.000000E+30    1.000000E+30    1.000000E+30    1.000000E+30    1.000000E+30    1.000000E+30    1.000000E+30    1.000000E+30    1.000000E+30    1.000000E+30    1.000000E+30    1.000000E+30    1.000000E+30    1.000000E+30    1.000000E+30    1.000000E+30    1.000000E+30    1.000000E+30    1.000000E+30    1.000000E+30    1.000000E+30    1.000000E+30    1.000000E+30    1.000000E+30    1.000000E+30    1.000000E+30    1.000000E+30    1.000000E+30    1.000000E+30    1.000000E+30    1.000000E+30    1.000000E+30    1.000000E+30    1.000000E+30    1.000000E+30    1.000000E+30    1.000000E+30    1.000000E+30    1.000000E+30    1.000000E+30    1.000000E+30    1.000000E+30    1.000000E+30    1.000000E+30    1.000000E+30    1.000000E+30    1.000000E+30    1.000000E+30    1.000000E+30    1.000000E+30    1.000000E+30    1.000000E+30    1.000000E+30    1.000000E+30    1.000000E+30    1.000000E+30    1.000000E+30    1.000000E+30    1.000000E+30    1.000000E+30    1.000000E+30    1.000000E+30    1.000000E+30    1.707541E+01    1.692002E+01    1.679968E+01    1.670697E+01    1.662669E+01    1.655775E+01    1.649838E+01    1.645195E+01    1.642282E+01    1.000000E+30    1.000000E+30    1.000000E+30    1.000000E+30    1.000000E+30    1.000000E+30    1.000000E+30    1.000000E+30    1.000000E+30    1.000000E+30    1.000000E+30    1.000000E+30    1.000000E+30    1.000000E+30    1.000000E+30    1.000000E+30    1.000000E+30    1.000000E+30    1.000000E+30    1.000000E+30    1.000000E+30    1.000000E+30    1.000000E+30    1.000000E+30    1.000000E+30    1.000000E+30    1.000000E+30    1.000000E+30    1.000000E+30    1.000000E+30    1.000000E+30    1.000000E+30    1.000000E+30    1.000000E+30    1.000000E+30    1.000000E+30    1.000000E+30    1.000000E+30    1.000000E+30    1.000000E+30    1.000000E+30    1.000000E+30    1.000000E+30    1.000000E+30    1.000000E+30    1.000000E+30    1.000000E+30    1.000000E+30
   1.800305E+01    1.783430E+01    1.773553E+01    1.000000E+30    1.000000E+30    1.000000E+30    1.000000E+30    1.000000E+30    1.000000E+30    1.000000E+30    1.000000E+30    1.000000E+30    1.000000E+30    1.000000E+30    1.000000E+30    1.000000E+30    1.000000E+30    1.000000E+30    1.000000E+30    1.000000E+30    1.000000E+30    1.000000E+30    1.000000E+30    1.000000E+30    1.000000E+30    1.000000E+30    1.000000E+30    1.000000E+30    1.000000E+30    1.000000E+30    1.000000E+30    1.000000E+30    1.000000E+30    1.000000E+30    1.000000E+30    1.000000E+30    1.000000E+30    1.000000E+30    1.000000E+30    1.000000E+30    1.000000E+30    1.000000E+30    1.000000E+30    1.000000E+30    1.000000E+30    1.000000E+30    1.000000E+30    1.000000E+30    1.000000E+30    1.000000E+30    1.000000E+30    1.000000E+30    1.000000E+30    1.000000E+30    1.000000E+30    1.000000E+30    1.000000E+30    1.000000E+30    1.000000E+30    1.000000E+30    1.000000E+30    1.000000E+30    1.000000E+30    1.000000E+30    1.000000E+30    1.000000E+30    1.000000E+30    1.000000E+30    1.000000E+30    1.000000E+30    1.000000E+30    1.000000E+30    1.000000E+30    1.000000E+30    1.000000E+30    1.000000E+30    1.000000E+30    1.000000E+30    1.000000E+30    1.000000E+30    1.000000E+30    1.000000E+30    1.000000E+30    1.000000E+30    1.000000E+30    1.000000E+30    1.000000E+30    1.000000E+30    1.000000E+30    1.000000E+30    1.000000E+30    1.000000E+30    1.000000E+30    1.000000E+30    1.719793E+01    1.712543E+01    1.701497E+01    1.691756E+01    1.683060E+01    1.675485E+01    1.668908E+01    1.663680E+01    1.660455E+01    1.000000E+30    1.000000E+30    1.000000E+30    1.000000E+30    1.000000E+30    1.000000E+30    1.000000E+30    1.000000E+30    1.000000E+30    1.000000E+30    1.000000E+30    1.000000E+30    1.000000E+30    1.000000E+30    1.000000E+30    1.000000E+30    1.000000E+30    1.000000E+30    1.000000E+30    1.000000E+30    1.000000E+30    1.000000E+30    1.000000E+30    1.000000E+30    1.000000E+30    1.000000E+30    1.000000E+30    1.000000E+30    1.000000E+30    1.000000E+30    1.000000E+30    1.000000E+30    1.000000E+30    1.000000E+30    1.000000E+30    1.000000E+30    1.000000E+30    1.000000E+30    1.000000E+30    1.000000E+30    1.000000E+30    1.000000E+30    1.000000E+30    1.000000E+30    1.000000E+30    1.000000E+30    1.000000E+30    1.000000E+30
   1.823681E+01    1.000000E+30    1.000000E+30    1.000000E+30    1.000000E+30    1.000000E+30    1.000000E+30    1.000000E+30    1.000000E+30    1.000000E+30    1.000000E+30    1.000000E+30    1.000000E+30    1.000000E+30    1.000000E+30    1.000000E+30    1.000000E+30    1.000000E+30    1.000000E+30    1.000000E+30    1.000000E+30    1.000000E+30    1.000000E+30    1.000000E+30    1.000000E+30    1.000000E+30    1.000000E+30    1.000000E+30    1.000000E+30    1.000000E+30    1.000000E+30    1.000000E+30    1.000000E+30    1.000000E+30    1.000000E+30    1.000000E+30    1.000000E+30    1.000000E+30    1.000000E+30    1.000000E+30    1.000000E+30    1.000000E+30    1.000000E+30    1.000000E+30    1.000000E+30    1.000000E+30    1.000000E+30    1.000000E+30    1.000000E+30    1.000000E+30    1.000000E+30    1.000000E+30    1.000000E+30    1.000000E+30    1.000000E+30    1.000000E+30    1.000000E+30    1.000000E+30    1.000000E+30    1.000000E+30    1.000000E+30    1.000000E+30    1.000000E+30    1.000000E+30    1.000000E+30    1.000000E+30    1.000000E+30    1.000000E+30    1.000000E+30    1.000000E+30    1.000000E+30    1.000000E+30    1.000000E+30    1.000000E+30    1.000000E+30    1.000000E+30    1.000000E+30    1.000000E+30    1.000000E+30    1.000000E+30    1.000000E+30    1.000000E+30    1.000000E+30    1.000000E+30    1.000000E+30    1.000000E+30    1.000000E+30    1.000000E+30    1.000000E+30    1.000000E+30    1.000000E+30    1.000000E+30    1.000000E+30    1.000000E+30    1.000000E+30    1.741869E+01    1.725552E+01    1.713993E+01    1.704202E+01    1.695732E+01    1.688271E+01    1.682284E+01    1.678804E+01    1.000000E+30    1.000000E+30    1.000000E+30    1.000000E+30    1.000000E+30    1.000000E+30    1.000000E+30    1.000000E+30    1.000000E+30    1.000000E+30    1.000000E+30    1.000000E+30    1.000000E+30    1.000000E+30    1.000000E+30    1.000000E+30    1.000000E+30    1.000000E+30    1.000000E+30    1.000000E+30    1.000000E+30    1.000000E+30    1.000000E+30    1.000000E+30    1.000000E+30    1.000000E+30    1.000000E+30    1.000000E+30    1.000000E+30    1.000000E+30    1.000000E+30    1.000000E+30    1.000000E+30    1.000000E+30    1.000000E+30    1.000000E+30    1.000000E+30    1.000000E+30    1.000000E+30    1.000000E+30    1.000000E+30    1.000000E+30    1.000000E+30    1.000000E+30    1.000000E+30    1.000000E+30    1.000000E+30    1.000000E+30
   1.000000E+30    1.000000E+30    1.000000E+30    1.000000E+30    1.000000E+30    1.000000E+30    1.000000E+30    1.000000E+30    1.000000E+30    1.000000E+30    1.000000E+30    1.000000E+30    1.000000E+30    1.000000E+30    1.000000E+30    1.000000E+30    1.000000E+30    1.000000E+30    1.000000E+30    1.000000E+30    1.000000E+30    1.000000E+30    1.000000E+30    1.000000E+30    1.000000E+30    1.000000E+30    1.000000E+30    1.000000E+30    1.000000E+30    1.000000E+30    1.000000E+30    1.000000E+30    1.000000E+30    1.000000E+30    1.000000E+30    1.000000E+30    1.000000E+30    1.000000E+30    1.000000E+30    1.000000E+30    1.000000E+30    1.000000E+30    1.000000E+30    1.000000E+30    1.000000E+30    1.000000E+30    1.000000E+30    1.000000E+30    1.000000E+30    1.000000E+30    1.000000E+30    1.000000E+30    1.000000E+30    1.000000E+30    1.000000E+30    1.000000E+30    1.000000E+30    1.000000E+30    1.000000E+30    1.000000E+30    1.000000E+30    1.000000E+30    1.000000E+30    1.000000E+30    1.000000E+30    1.000000E+30    1.000000E+30    1.000000E+30    1.000000E+30    1.000000E+30    1.000000E+30    1.000000E+30    1.000000E+30    1.000000E+30    1.000000E+30    1.000000E+30    1.000000E+30    1.000000E+30    1.000000E+30    1.000000E+30    1.000000E+30    1.000000E+30    1.000000E+30    1.000000E+30    1.000000E+30    1.000000E+30    1.000000E+30    1.000000E+30    1.000000E+30    1.000000E+30    1.000000E+30    1.000000E+30    1.000000E+30    1.000000E+30    1.000000E+30    1.767496E+01    1.749503E+01    1.736745E+01    1.725974E+01    1.716625E+01    1.708220E+01    1.701144E+01    1.697244E+01    1.000000E+30    1.000000E+30    1.000000E+30    1.000000E+30    1.000000E+30    1.000000E+30    1.000000E+30    1.000000E+30    1.000000E+30    1.000000E+30    1.000000E+30    1.000000E+30    1.000000E+30    1.000000E+30    1.000000E+30    1.000000E+30    1.000000E+30    1.000000E+30    1.000000E+30    1.000000E+30    1.000000E+30    1.000000E+30    1.000000E+30    1.000000E+30    1.000000E+30    1.000000E+30    1.000000E+30    1.000000E+30    1.000000E+30    1.000000E+30    1.000000E+30    1.000000E+30    1.000000E+30    1.000000E+30    1.000000E+30    1.000000E+30    1.000000E+30    1.000000E+30    1.000000E+30    1.000000E+30    1.000000E+30    1.000000E+30    1.000000E+30    1.000000E+30    1.000000E+30    1.000000E+30    1.000000E+30    1.000000E+30
   1.000000E+30    1.000000E+30    1.000000E+30    1.000000E+30    1.000000E+30    1.000000E+30    1.000000E+30    1.000000E+30    1.000000E+30    1.000000E+30    1.000000E+30    1.000000E+30    1.000000E+30    1.000000E+30    1.000000E+30    1.000000E+30    1.000000E+30    1.000000E+30    1.000000E+30    1.000000E+30    1.000000E+30    1.000000E+30    1.000000E+30    1.000000E+30    1.000000E+30    1.000000E+30    1.000000E+30    1.000000E+30    1.000000E+30    1.000000E+30    1.000000E+30    1.000000E+30    1.000000E+30    1.000000E+30    1.000000E+30    1.000000E+30    1.000000E+30    1.000000E+30    1.000000E+30    1.000000E+30    1.000000E+30    1.000000E+30    1.000000E+30    1.000000E+30    1.000000E+30    1.000000E+30    1.000000E+30    1.000000E+30    1.000000E+30    1.000000E+30    1.000000E+30    1.000000E+30    1.000000E+30    1.000000E+30    1.000000E+30    1.000000E+30    1.000000E+30    1.000000E+30    1.000000E+30    1.000000E+30    1.000000E+30    1.000000E+30    1.000000E+30    1.000000E+30    1.000000E+30    1.000000E+30    1.000000E+30    1.000000E+30    1.000000E+30    1.000000E+30    1.000000E+30    1.000000E+30    1.000000E+30    1.000000E+30    1.000000E+30    1.000000E+30    1.000000E+30    1.000000E+30    1.000000E+30    1.000000E+30    1.000000E+30    1.000000E+30    1.000000E+30    1.000000E+30    1.000000E+30    1.000000E+30    1.000000E+30    1.000000E+30    1.000000E+30    1.000000E+30    1.000000E+30    1.000000E+30    1.000000E+30    1.000000E+30    1.000000E+30    1.791615E+01    1.773084E+01    1.759759E+01    1.748332E+01    1.738315E+01    1.729026E+01    1.720546E+01    1.714088E+01    1.000000E+30    1.000000E+30    1.000000E+30    1.000000E+30    1.000000E+30    1.000000E+30    1.000000E+30    1.000000E+30    1.000000E+30    1.000000E+30    1.000000E+30    1.000000E+30    1.000000E+30    1.000000E+30    1.000000E+30    1.000000E+30    1.000000E+30    1.000000E+30    1.000000E+30    1.000000E+30    1.000000E+30    1.000000E+30    1.000000E+30    1.000000E+30    1.000000E+30    1.000000E+30    1.000000E+30    1.000000E+30    1.000000E+30    1.000000E+30    1.000000E+30    1.000000E+30    1.000000E+30    1.000000E+30    1.000000E+30    1.000000E+30    1.000000E+30    1.000000E+30    1.000000E+30    1.000000E+30    1.000000E+30    1.000000E+30    1.000000E+30    1.000000E+30    1.000000E+30    1.000000E+30    1.000000E+30    1.000000E+30
   1.000000E+30    1.000000E+30    1.000000E+30    1.000000E+30    1.000000E+30    1.000000E+30    1.000000E+30    1.000000E+30    1.000000E+30    1.000000E+30    1.000000E+30    1.000000E+30    1.000000E+30    1.000000E+30    1.000000E+30    1.000000E+30    1.000000E+30    1.000000E+30    1.000000E+30    1.000000E+30    1.000000E+30    1.000000E+30    1.000000E+30    1.000000E+30    1.000000E+30    1.000000E+30    1.000000E+30    1.000000E+30    1.000000E+30    1.000000E+30    1.000000E+30    1.000000E+30    1.000000E+30    1.000000E+30    1.000000E+30    1.000000E+30    1.000000E+30    1.000000E+30    1.000000E+30    1.000000E+30    1.000000E+30    1.000000E+30    1.000000E+30    1.000000E+30    1.000000E+30    1.000000E+30    1.000000E+30    1.000000E+30    1.000000E+30    1.000000E+30    1.000000E+30    1.000000E+30    1.000000E+30    1.000000E+30    1.000000E+30    1.000000E+30    1.000000E+30    1.000000E+30    1.000000E+30    1.000000E+30    1.000000E+30    1.000000E+30    1.000000E+30    1.000000E+30    1.000000E+30    1.000000E+30    1.000000E+30    1.000000E+30    1.000000E+30    1.000000E+30    1.000000E+30    1.000000E+30    1.000000E+30    1.000000E+30    1.000000E+30    1.000000E+30    1.000000E+30    1.000000E+30    1.000000E+30    1.000000E+30    1.000000E+30    1.000000E+30    1.000000E+30    1.000000E+30    1.000000E+30    1.000000E+30    1.000000E+30    1.000000E+30    1.000000E+30    1.000000E+30    1.000000E+30    1.000000E+30    1.000000E+30    1.000000E+30    1.000000E+30    1.815139E+01    1.796462E+01    1.782968E+01    1.771292E+01    1.760982E+01    1.751180E+01    1.741564E+01    1.726338E+01    1.000000E+30    1.000000E+30    1.000000E+30    1.000000E+30    1.000000E+30    1.000000E+30    1.000000E+30    1.000000E+30    1.000000E+30    1.000000E+30    1.000000E+30    1.000000E+30    1.000000E+30    1.000000E+30    1.000000E+30    1.000000E+30    1.000000E+30    1.000000E+30    1.000000E+30    1.000000E+30    1.000000E+30    1.000000E+30    1.000000E+30    1.000000E+30    1.000000E+30    1.000000E+30    1.000000E+30    1.000000E+30    1.000000E+30    1.000000E+30    1.000000E+30    1.000000E+30    1.000000E+30    1.000000E+30    1.000000E+30    1.000000E+30    1.000000E+30    1.000000E+30    1.000000E+30    1.000000E+30    1.000000E+30    1.000000E+30    1.000000E+30    1.000000E+30    1.000000E+30    1.000000E+30    1.000000E+30    1.000000E+30
   1.000000E+30    1.000000E+30    1.000000E+30    1.000000E+30    1.000000E+30    1.000000E+30    1.000000E+30    1.000000E+30    1.000000E+30    1.000000E+30    1.000000E+30    1.000000E+30    1.000000E+30    1.000000E+30    1.000000E+30    1.000000E+30    1.000000E+30    1.000000E+30    1.000000E+30    1.000000E+30    1.000000E+30    1.000000E+30    1.000000E+30    1.000000E+30    1.000000E+30    1.000000E+30    1.000000E+30    1.000000E+30    1.000000E+30    1.000000E+30    1.000000E+30    1.000000E+30    1.000000E+30    1.000000E+30    1.000000E+30    1.000000E+30    1.000000E+30    1.000000E+30    1.000000E+30    1.000000E+30    1.000000E+30    1.000000E+30    1.000000E+30    1.000000E+30    1.000000E+30    1.000000E+30    1.000000E+30    1.000000E+30    1.000000E+30    1.000000E+30    1.000000E+30    1.000000E+30    1.000000E+30    1.000000E+30    1.000000E+30    1.000000E+30    1.000000E+30    1.000000E+30    1.000000E+30    1.000000E+30    1.000000E+30    1.000000E+30    1.000000E+30    1.000000E+30    1.000000E+30    1.000000E+30    1.000000E+30    1.000000E+30    1.000000E+30    1.000000E+30    1.000000E+30    1.000000E+30    1.000000E+30    1.000000E+30    1.000000E+30    1.000000E+30    1.000000E+30    1.000000E+30    1.000000E+30    1.000000E+30    1.000000E+30    1.000000E+30    1.000000E+30    1.000000E+30    1.000000E+30    1.000000E+30    1.000000E+30    1.000000E+30    1.000000E+30    1.000000E+30    1.000000E+30    1.000000E+30    1.000000E+30    1.000000E+30    1.000000E+30    1.838469E+01    1.819811E+01    1.806415E+01    1.794886E+01    1.784880E+01    1.776087E+01    1.770931E+01    1.000000E+30    1.000000E+30    1.000000E+30    1.000000E+30    1.000000E+30    1.000000E+30    1.000000E+30    1.000000E+30    1.000000E+30    1.000000E+30    1.000000E+30    1.000000E+30    1.000000E+30    1.000000E+30    1.000000E+30    1.000000E+30    1.000000E+30    1.000000E+30    1.000000E+30    1.000000E+30    1.000000E+30    1.000000E+30    1.000000E+30    1.000000E+30    1.000000E+30    1.000000E+30    1.000000E+30    1.000000E+30    1.000000E+30    1.000000E+30    1.000000E+30    1.000000E+30    1.000000E+30    1.000000E+30    1.000000E+30    1.000000E+30    1.000000E+30    1.000000E+30    1.000000E+30    1.000000E+30    1.000000E+30    1.000000E+30    1.000000E+30    1.000000E+30    1.000000E+30    1.000000E+30    1.000000E+30    1.000000E+30    1.000000E+30
   1.000000E+30    1.000000E+30    1.000000E+30    1.000000E+30    1.000000E+30    1.000000E+30    1.000000E+30    1.000000E+30    1.000000E+30    1.000000E+30    1.000000E+30    1.000000E+30    1.000000E+30    1.000000E+30    1.000000E+30    1.000000E+30    1.000000E+30    1.000000E+30    1.000000E+30    1.000000E+30    1.000000E+30    1.000000E+30    1.000000E+30    1.000000E+30    1.000000E+30    1.000000E+30    1.000000E+30    1.000000E+30    1.000000E+30    1.000000E+30    1.000000E+30    1.000000E+30    1.000000E+30    1.000000E+30    1.000000E+30    1.000000E+30    1.000000E+30    1.000000E+30    1.000000E+30    1.000000E+30    1.000000E+30    1.000000E+30    1.000000E+30    1.000000E+30    1.000000E+30    1.000000E+30    1.000000E+30    1.000000E+30    1.000000E+30    1.000000E+30    1.000000E+30    1.000000E+30    1.000000E+30    1.000000E+30    1.000000E+30    1.000000E+30    1.000000E+30    1.000000E+30    1.000000E+30    1.000000E+30    1.000000E+30    1.000000E+30    1.000000E+30    1.000000E+30    1.000000E+30    1.000000E+30    1.000000E+30    1.000000E+30    1.000000E+30    1.000000E+30    1.000000E+30    1.000000E+30    1.000000E+30    1.000000E+30    1.000000E+30    1.000000E+30    1.000000E+30    1.000000E+30    1.000000E+30    1.000000E+30    1.000000E+30    1.000000E+30    1.000000E+30    1.000000E+30    1.000000E+30    1.000000E+30    1.000000E+30    1.000000E+30    1.000000E+30    1.000000E+30    1.000000E+30    1.000000E+30    1.000000E+30    1.000000E+30    1.000000E+30    1.861809E+01    1.843240E+01    1.830059E+01    1.818861E+01    1.809286E+01    1.801146E+01    1.796748E+01    1.000000E+30    1.000000E+30    1.000000E+30    1.000000E+30    1.000000E+30    1.000000E+30    1.000000E+30    1.000000E+30    1.000000E+30    1.000000E+30    1.000000E+30    1.000000E+30    1.000000E+30    1.000000E+30    1.000000E+30    1.000000E+30    1.000000E+30    1.000000E+30    1.000000E+30    1.000000E+30    1.000000E+30    1.000000E+30    1.000000E+30    1.000000E+30    1.000000E+30    1.000000E+30    1.000000E+30    1.000000E+30    1.000000E+30    1.000000E+30    1.000000E+30    1.000000E+30    1.000000E+30    1.000000E+30    1.000000E+30    1.000000E+30    1.000000E+30    1.000000E+30    1.000000E+30    1.000000E+30    1.000000E+30    1.000000E+30    1.000000E+30    1.000000E+30    1.000000E+30    1.000000E+30    1.000000E+30    1.000000E+30    1.000000E+30
   1.000000E+30    1.000000E+30    1.000000E+30    1.000000E+30    1.000000E+30    1.000000E+30    1.000000E+30    1.000000E+30    1.000000E+30    1.000000E+30    1.000000E+30    1.000000E+30    1.000000E+30    1.000000E+30    1.000000E+30    1.000000E+30    1.000000E+30    1.000000E+30    1.000000E+30    1.000000E+30    1.000000E+30    1.000000E+30    1.000000E+30    1.000000E+30    1.000000E+30    1.000000E+30    1.000000E+30    1.000000E+30    1.000000E+30    1.000000E+30    1.000000E+30    1.000000E+30    1.000000E+30    1.000000E+30    1.000000E+30    1.000000E+30    1.000000E+30    1.000000E+30    1.000000E+30    1.000000E+30    1.000000E+30    1.000000E+30    1.000000E+30    1.000000E+30    1.000000E+30    1.000000E+30    1.000000E+30    1.000000E+30    1.000000E+30    1.000000E+30    1.000000E+30    1.000000E+30    1.000000E+30    1.000000E+30    1.000000E+30    1.000000E+30    1.000000E+30    1.000000E+30    1.000000E+30    1.000000E+30    1.000000E+30    1.000000E+30    1.000000E+30    1.000000E+30    1.000000E+30    1.000000E+30    1.000000E+30    1.000000E+30    1.000000E+30    1.000000E+30    1.000000E+30    1.000000E+30    1.000000E+30    1.000000E+30    1.000000E+30    1.000000E+30    1.000000E+30    1.000000E+30    1.000000E+30    1.000000E+30    1.000000E+30    1.000000E+30    1.000000E+30    1.000000E+30    1.000000E+30    1.000000E+30    1.000000E+30    1.000000E+30    1.000000E+30    1.000000E+30    1.000000E+30    1.000000E+30    1.000000E+30    1.000000E+30    1.000000E+30    1.885167E+01    1.866786E+01    1.853908E+01    1.843104E+01    1.833830E+01    1.825658E+01    1.820463E+01    1.000000E+30    1.000000E+30    1.000000E+30    1.000000E+30    1.000000E+30    1.000000E+30    1.000000E+30    1.000000E+30    1.000000E+30    1.000000E+30    1.000000E+30    1.000000E+30    1.000000E+30    1.000000E+30    1.000000E+30    1.000000E+30    1.000000E+30    1.000000E+30    1.000000E+30    1.000000E+30    1.000000E+30    1.000000E+30    1.000000E+30    1.000000E+30    1.000000E+30    1.000000E+30    1.000000E+30    1.000000E+30    1.000000E+30    1.000000E+30    1.000000E+30    1.000000E+30    1.000000E+30    1.000000E+30    1.000000E+30    1.000000E+30    1.000000E+30    1.000000E+30    1.000000E+30    1.000000E+30    1.000000E+30    1.000000E+30    1.000000E+30    1.000000E+30    1.000000E+30    1.000000E+30    1.000000E+30    1.000000E+30    1.000000E+30
   1.000000E+30    1.000000E+30    1.000000E+30    1.000000E+30    1.000000E+30    1.000000E+30    1.000000E+30    1.000000E+30    1.000000E+30    1.000000E+30    1.000000E+30    1.000000E+30    1.000000E+30    1.000000E+30    1.000000E+30    1.000000E+30    1.000000E+30    1.000000E+30    1.000000E+30    1.000000E+30    1.000000E+30    1.000000E+30    1.000000E+30    1.000000E+30    1.000000E+30    1.000000E+30    1.000000E+30    1.000000E+30    1.000000E+30    1.000000E+30    1.000000E+30    1.000000E+30    1.000000E+30    1.000000E+30    1.000000E+30    1.000000E+30    1.000000E+30    1.000000E+30    1.000000E+30    1.000000E+30    1.000000E+30    1.000000E+30    1.000000E+30    1.000000E+30    1.000000E+30    1.000000E+30    1.000000E+30    1.000000E+30    1.000000E+30    1.000000E+30    1.000000E+30    1.000000E+30    1.000000E+30    1.000000E+30    1.000000E+30    1.000000E+30    1.000000E+30    1.000000E+30    1.000000E+30    1.000000E+30    1.000000E+30    1.000000E+30    1.000000E+30    1.000000E+30    1.000000E+30    1.000000E+30    1.000000E+30    1.000000E+30    1.000000E+30    1.000000E+30    1.000000E+30    1.000000E+30    1.000000E+30    1.000000E+30    1.000000E+30    1.000000E+30    1.000000E+30    1.000000E+30    1.000000E+30    1.000000E+30    1.000000E+30    1.000000E+30    1.000000E+30    1.000000E+30    1.000000E+30    1.000000E+30    1.000000E+30    1.000000E+30    1.000000E+30    1.000000E+30    1.000000E+30    1.000000E+30    1.000000E+30    1.000000E+30    1.000000E+30    1.908160E+01    1.890248E+01    1.877910E+01    1.867809E+01    1.859003E+01    1.850265E+01    1.841834E+01    1.000000E+30    1.000000E+30    1.000000E+30    1.000000E+30    1.000000E+30    1.000000E+30    1.000000E+30    1.000000E+30    1.000000E+30    1.000000E+30    1.000000E+30    1.000000E+30    1.000000E+30    1.000000E+30    1.000000E+30    1.000000E+30    1.000000E+30    1.000000E+30    1.000000E+30    1.000000E+30    1.000000E+30    1.000000E+30    1.000000E+30    1.000000E+30    1.000000E+30    1.000000E+30    1.000000E+30    1.000000E+30    1.000000E+30    1.000000E+30    1.000000E+30    1.000000E+30    1.000000E+30    1.000000E+30    1.000000E+30    1.000000E+30    1.000000E+30    1.000000E+30    1.000000E+30    1.000000E+30    1.000000E+30    1.000000E+30    1.000000E+30    1.000000E+30    1.000000E+30    1.000000E+30    1.000000E+30    1.000000E+30    1.000000E+30
   1.000000E+30    1.000000E+30    1.000000E+30    1.000000E+30    1.000000E+30    1.000000E+30    1.000000E+30    1.000000E+30    1.000000E+30    1.000000E+30    1.000000E+30    1.000000E+30    1.000000E+30    1.000000E+30    1.000000E+30    1.000000E+30    1.000000E+30    1.000000E+30    1.000000E+30    1.000000E+30    1.000000E+30    1.000000E+30    1.000000E+30    1.000000E+30    1.000000E+30    1.000000E+30    1.000000E+30    1.000000E+30    1.000000E+30    1.000000E+30    1.000000E+30    1.000000E+30    1.000000E+30    1.000000E+30    1.000000E+30    1.000000E+30    1.000000E+30    1.000000E+30    1.000000E+30    1.000000E+30    1.000000E+30    1.000000E+30    1.000000E+30    1.000000E+30    1.000000E+30    1.000000E+30    1.000000E+30    1.000000E+30    1.000000E+30    1.000000E+30    1.000000E+30    1.000000E+30    1.000000E+30    1.000000E+30    1.000000E+30    1.000000E+30    1.000000E+30    1.000000E+30    1.000000E+30    1.000000E+30    1.000000E+30    1.000000E+30    1.000000E+30    1.000000E+30    1.000000E+30    1.000000E+30    1.000000E+30    1.000000E+30    1.000000E+30    1.000000E+30    1.000000E+30    1.000000E+30    1.000000E+30    1.000000E+30    1.000000E+30    1.000000E+30    1.000000E+30    1.000000E+30    1.000000E+30    1.000000E+30    1.000000E+30    1.000000E+30    1.000000E+30    1.000000E+30    1.000000E+30    1.000000E+30    1.000000E+30    1.000000E+30    1.000000E+30    1.000000E+30    1.000000E+30    1.000000E+30    1.000000E+30    1.000000E+30    1.000000E+30    1.930324E+01    1.913183E+01    1.901851E+01    1.893205E+01    1.886120E+01    1.878083E+01    1.857956E+01    1.000000E+30    1.000000E+30    1.000000E+30    1.000000E+30    1.000000E+30    1.000000E+30    1.000000E+30    1.000000E+30    1.000000E+30    1.000000E+30    1.000000E+30    1.000000E+30    1.000000E+30    1.000000E+30    1.000000E+30    1.000000E+30    1.000000E+30    1.000000E+30    1.000000E+30    1.000000E+30    1.000000E+30    1.000000E+30    1.000000E+30    1.000000E+30    1.000000E+30    1.000000E+30    1.000000E+30    1.000000E+30    1.000000E+30    1.000000E+30    1.000000E+30    1.000000E+30    1.000000E+30    1.000000E+30    1.000000E+30    1.000000E+30    1.000000E+30    1.000000E+30    1.000000E+30    1.000000E+30    1.000000E+30    1.000000E+30    1.000000E+30    1.000000E+30    1.000000E+30    1.000000E+30    1.000000E+30    1.000000E+30    1.000000E+30
   1.000000E+30    1.000000E+30    1.000000E+30    1.000000E+30    1.000000E+30    1.000000E+30    1.000000E+30    1.000000E+30    1.000000E+30    1.000000E+30    1.000000E+30    1.000000E+30    1.000000E+30    1.000000E+30    1.000000E+30    1.000000E+30    1.000000E+30    1.000000E+30    1.000000E+30    1.000000E+30    1.000000E+30    1.000000E+30    1.000000E+30    1.000000E+30    1.000000E+30    1.000000E+30    1.000000E+30    1.000000E+30    1.000000E+30    1.000000E+30    1.000000E+30    1.000000E+30    1.000000E+30    1.000000E+30    1.000000E+30    1.000000E+30    1.000000E+30    1.000000E+30    1.000000E+30    1.000000E+30    1.000000E+30    1.000000E+30    1.000000E+30    1.000000E+30    1.000000E+30    1.000000E+30    1.000000E+30    1.000000E+30    1.000000E+30    1.000000E+30    1.000000E+30    1.000000E+30    1.000000E+30    1.000000E+30    1.000000E+30    1.000000E+30    1.000000E+30    1.000000E+30    1.000000E+30    1.000000E+30    1.000000E+30    1.000000E+30    1.000000E+30    1.000000E+30    1.000000E+30    1.000000E+30    1.000000E+30    1.000000E+30    1.000000E+30    1.000000E+30    1.000000E+30    1.000000E+30    1.000000E+30    1.000000E+30    1.000000E+30    1.000000E+30    1.000000E+30    1.000000E+30    1.000000E+30    1.000000E+30    1.000000E+30    1.000000E+30    1.000000E+30    1.000000E+30    1.000000E+30    1.000000E+30    1.000000E+30    1.000000E+30    1.000000E+30    1.000000E+30    1.000000E+30    1.000000E+30    1.000000E+30    1.000000E+30    1.000000E+30    1.951225E+01    1.935134E+01    1.925271E+01    1.919043E+01    1.916799E+01    1.922375E+01    1.000000E+30    1.000000E+30    1.000000E+30    1.000000E+30    1.000000E+30    1.000000E+30    1.000000E+30    1.000000E+30    1.000000E+30    1.000000E+30    1.000000E+30    1.000000E+30    1.000000E+30    1.000000E+30    1.000000E+30    1.000000E+30    1.000000E+30    1.000000E+30    1.000000E+30    1.000000E+30    1.000000E+30    1.000000E+30    1.000000E+30    1.000000E+30    1.000000E+30    1.000000E+30    1.000000E+30    1.000000E+30    1.000000E+30    1.000000E+30    1.000000E+30    1.000000E+30    1.000000E+30    1.000000E+30    1.000000E+30    1.000000E+30    1.000000E+30    1.000000E+30    1.000000E+30    1.000000E+30    1.000000E+30    1.000000E+30    1.000000E+30    1.000000E+30    1.000000E+30    1.000000E+30    1.000000E+30    1.000000E+30    1.000000E+30    1.000000E+30
   1.000000E+30    1.000000E+30    1.000000E+30    1.000000E+30    1.000000E+30    1.000000E+30    1.000000E+30    1.000000E+30    1.000000E+30    1.000000E+30    1.000000E+30    1.000000E+30    1.000000E+30    1.000000E+30    1.000000E+30    1.000000E+30    1.000000E+30    1.000000E+30    1.000000E+30    1.000000E+30    1.000000E+30    1.000000E+30    1.000000E+30    1.000000E+30    1.000000E+30    1.000000E+30    1.000000E+30    1.000000E+30    1.000000E+30    1.000000E+30    1.000000E+30    1.000000E+30    1.000000E+30    1.000000E+30    1.000000E+30    1.000000E+30    1.000000E+30    1.000000E+30    1.000000E+30    1.000000E+30    1.000000E+30    1.000000E+30    1.000000E+30    1.000000E+30    1.000000E+30    1.000000E+30    1.000000E+30    1.000000E+30    1.000000E+30    1.000000E+30    1.000000E+30    1.000000E+30    1.000000E+30    1.000000E+30    1.000000E+30    1.000000E+30    1.000000E+30    1.000000E+30    1.000000E+30    1.000000E+30    1.000000E+30    1.000000E+30    1.000000E+30    1.000000E+30    1.000000E+30    1.000000E+30    1.000000E+30    1.000000E+30    1.000000E+30    1.000000E+30    1.000000E+30    1.000000E+30    1.000000E+30    1.000000E+30    1.000000E+30    1.000000E+30    1.000000E+30    1.000000E+30    1.000000E+30    1.000000E+30    1.000000E+30    1.000000E+30    1.000000E+30    1.000000E+30    1.000000E+30    1.000000E+30    1.000000E+30    1.000000E+30    1.000000E+30    1.000000E+30    1.000000E+30    1.000000E+30    1.000000E+30    1.000000E+30    1.000000E+30    1.970612E+01    1.955499E+01    1.947293E+01    1.943119E+01    1.943907E+01    1.953731E+01    1.000000E+30    1.000000E+30    1.000000E+30    1.000000E+30    1.000000E+30    1.000000E+30    1.000000E+30    1.000000E+30    1.000000E+30    1.000000E+30    1.000000E+30    1.000000E+30    1.000000E+30    1.000000E+30    1.000000E+30    1.000000E+30    1.000000E+30    1.000000E+30    1.000000E+30    1.000000E+30    1.000000E+30    1.000000E+30    1.000000E+30    1.000000E+30    1.000000E+30    1.000000E+30    1.000000E+30    1.000000E+30    1.000000E+30    1.000000E+30    1.000000E+30    1.000000E+30    1.000000E+30    1.000000E+30    1.000000E+30    1.000000E+30    1.000000E+30    1.000000E+30    1.000000E+30    1.000000E+30    1.000000E+30    1.000000E+30    1.000000E+30    1.000000E+30    1.000000E+30    1.000000E+30    1.000000E+30    1.000000E+30    1.000000E+30    1.000000E+30
   1.000000E+30    1.000000E+30    1.000000E+30    1.000000E+30    1.000000E+30    1.000000E+30    1.000000E+30    1.000000E+30    1.000000E+30    1.000000E+30    1.000000E+30    1.000000E+30    1.000000E+30    1.000000E+30    1.000000E+30    1.000000E+30    1.000000E+30    1.000000E+30    1.000000E+30    1.000000E+30    1.000000E+30    1.000000E+30    1.000000E+30    1.000000E+30    1.000000E+30    1.000000E+30    1.000000E+30    1.000000E+30    1.000000E+30    1.000000E+30    1.000000E+30    1.000000E+30    1.000000E+30    1.000000E+30    1.000000E+30    1.000000E+30    1.000000E+30    1.000000E+30    1.000000E+30    1.000000E+30    1.000000E+30    1.000000E+30    1.000000E+30    1.000000E+30    1.000000E+30    1.000000E+30    1.000000E+30    1.000000E+30    1.000000E+30    1.000000E+30    1.000000E+30    1.000000E+30    1.000000E+30    1.000000E+30    1.000000E+30    1.000000E+30    1.000000E+30    1.000000E+30    1.000000E+30    1.000000E+30    1.000000E+30    1.000000E+30    1.000000E+30    1.000000E+30    1.000000E+30    1.000000E+30    1.000000E+30    1.000000E+30    1.000000E+30    1.000000E+30    1.000000E+30    1.000000E+30    1.000000E+30    1.000000E+30    1.000000E+30    1.000000E+30    1.000000E+30    1.000000E+30    1.000000E+30    1.000000E+30    1.000000E+30    1.000000E+30    1.000000E+30    1.000000E+30    1.000000E+30    1.000000E+30    1.000000E+30    1.000000E+30    1.000000E+30    1.000000E+30    1.000000E+30    1.000000E+30    1.000000E+30    1.000000E+30    1.000000E+30    1.987702E+01    1.974133E+01    1.967541E+01    1.964752E+01    1.966738E+01    1.976460E+01    1.000000E+30    1.000000E+30    1.000000E+30    1.000000E+30    1.000000E+30    1.000000E+30    1.000000E+30    1.000000E+30    1.000000E+30    1.000000E+30    1.000000E+30    1.000000E+30    1.000000E+30    1.000000E+30    1.000000E+30    1.000000E+30    1.000000E+30    1.000000E+30    1.000000E+30    1.000000E+30    1.000000E+30    1.000000E+30    1.000000E+30    1.000000E+30    1.000000E+30    1.000000E+30    1.000000E+30    1.000000E+30    1.000000E+30    1.000000E+30    1.000000E+30    1.000000E+30    1.000000E+30    1.000000E+30    1.000000E+30    1.000000E+30    1.000000E+30    1.000000E+30    1.000000E+30    1.000000E+30    1.000000E+30    1.000000E+30    1.000000E+30    1.000000E+30    1.000000E+30    1.000000E+30    1.000000E+30    1.000000E+30    1.000000E+30    1.000000E+30
   1.000000E+30    1.000000E+30    1.000000E+30    1.000000E+30    1.000000E+30    1.000000E+30    1.000000E+30    1.000000E+30    1.000000E+30    1.000000E+30    1.000000E+30    1.000000E+30    1.000000E+30    1.000000E+30    1.000000E+30    1.000000E+30    1.000000E+30    1.000000E+30    1.000000E+30    1.000000E+30    1.000000E+30    1.000000E+30    1.000000E+30    1.000000E+30    1.000000E+30    1.000000E+30    1.000000E+30    1.000000E+30    1.000000E+30    1.000000E+30    1.000000E+30    1.000000E+30    1.000000E+30    1.000000E+30    1.000000E+30    1.000000E+30    1.000000E+30    1.000000E+30    1.000000E+30    1.000000E+30    1.000000E+30    1.000000E+30    1.000000E+30    1.000000E+30    1.000000E+30    1.000000E+30    1.000000E+30    1.000000E+30    1.000000E+30    1.000000E+30    1.000000E+30    1.000000E+30    1.000000E+30    1.000000E+30    1.000000E+30    1.000000E+30    1.000000E+30    1.000000E+30    1.000000E+30    1.000000E+30    1.000000E+30    1.000000E+30    1.000000E+30    1.000000E+30    1.000000E+30    1.000000E+30    1.000000E+30    1.000000E+30    1.000000E+30    1.000000E+30    1.000000E+30    1.000000E+30    1.000000E+30    1.000000E+30    1.000000E+30    1.000000E+30    1.000000E+30    1.000000E+30    1.000000E+30    1.000000E+30    1.000000E+30    1.000000E+30    1.000000E+30    1.000000E+30    1.000000E+30    1.000000E+30    1.000000E+30    1.000000E+30    1.000000E+30    1.000000E+30    1.000000E+30    1.000000E+30    1.000000E+30    1.000000E+30    1.000000E+30    1.999774E+01    1.991696E+01    1.986391E+01    1.984352E+01    1.986396E+01    1.990587E+01    1.000000E+30    1.000000E+30    1.000000E+30    1.000000E+30    1.000000E+30    1.000000E+30    1.000000E+30    1.000000E+30    1.000000E+30    1.000000E+30    1.000000E+30    1.000000E+30    1.000000E+30    1.000000E+30    1.000000E+30    1.000000E+30    1.000000E+30    1.000000E+30    1.000000E+30    1.000000E+30    1.000000E+30    1.000000E+30    1.000000E+30    1.000000E+30    1.000000E+30    1.000000E+30    1.000000E+30    1.000000E+30    1.000000E+30    1.000000E+30    1.000000E+30    1.000000E+30    1.000000E+30    1.000000E+30    1.000000E+30    1.000000E+30    1.000000E+30    1.000000E+30    1.000000E+30    1.000000E+30    1.000000E+30    1.000000E+30    1.000000E+30    1.000000E+30    1.000000E+30    1.000000E+30    1.000000E+30    1.000000E+30    1.000000E+30    1.000000E+30
