1 1 60 13.500000 100
1 1 61 13.500000 100
1 1 62 13.500000 100
1 1 63 13.500000 100
1 1 64 13.500000 100
1 1 65 13.500000 100
1 1 66 13.500000 100
1 1 67 13.500000 100
1 1 68 13.500000 100
1 1 69 13.500000 100
1 1 70 13.500000 100
1 1 71 13.500000 100
1 1 72 13.500000 100
1 1 73 13.500000 100
1 1 74 13.500000 100
1 1 75 13.500000 100
1 1 76 13.500000 100
1 1 77 13.500000 100
1 1 78 13.500000 100
1 1 79 13.500000 100
1 1 80 13.500000 100
1 1 81 13.500000 100
1 1 82 13.500000 100
1 2 59 13.500000 100
1 2 60 13.500000 100
1 2 61 13.500000 100
1 2 62 13.500000 100
1 2 63 13.500000 100
1 2 64 13.500000 100
1 2 65 13.500000 100
1 2 66 13.500000 100
1 2 67 13.500000 100
1 2 68 13.500000 100
1 2 69 13.500000 100
1 2 70 13.500000 100
1 2 71 13.500000 100
1 2 72 13.500000 100
1 2 73 13.500000 100
1 2 74 13.500000 100
1 2 75 13.500000 100
1 2 76 13.500000 100
1 2 77 13.500000 100
1 2 78 13.500000 100
1 2 79 13.500000 100
1 2 80 13.500000 100
1 2 81 13.500000 100
1 2 82 13.500000 100
1 2 83 13.500000 100
1 2 84 13.500000 100
1 2 85 13.500000 100
1 2 86 13.500000 100
1 2 87 13.500000 100
1 2 88 13.500000 100
1 2 89 13.500000 100
1 2 90 13.500000 100
1 2 91 13.500000 100
1 2 92 13.500000 100
1 2 93 13.500000 100
1 2 94 13.500000 100
1 2 95 13.500000 100
1 2 96 13.500000 100
1 2 97 13.500000 100
1 2 98 13.500000 100
1 2 99 13.500000 100
1 2 100 13.500000 100
1 2 101 13.500000 100
1 2 102 13.500000 100
1 2 103 13.500000 100
1 2 104 13.500000 100
1 2 105 13.500000 100
1 2 106 13.500000 100
1 2 107 13.500000 100
1 2 108 13.500000 100
1 2 109 13.500000 100
1 2 110 13.500000 100
1 2 111 13.500000 100
1 2 112 13.500000 100
1 2 113 13.500000 100
1 2 114 13.500000 100
1 2 115 13.500000 100
1 2 116 13.500000 100
1 2 117 13.500000 100
1 2 118 13.500000 100
1 3 57 13.500000 100
1 3 58 13.500000 100
1 3 59 13.500000 100
1 3 60 13.500000 100
1 3 61 13.500000 100
1 3 62 13.500000 100
1 3 63 13.500000 100
1 3 64 13.500000 100
1 3 65 13.500000 100
1 3 66 13.500000 100
1 3 67 13.500000 100
1 3 68 13.500000 100
1 3 69 13.500000 100
1 3 70 13.500000 100
1 3 71 13.500000 100
1 3 72 13.500000 100
1 3 73 13.500000 100
1 3 74 13.500000 100
1 3 75 13.500000 100
1 3 76 13.500000 100
1 3 77 13.500000 100
1 3 78 13.500000 100
1 3 79 13.500000 100
1 3 80 13.500000 100
1 3 81 13.500000 100
1 3 82 13.500000 100
1 3 83 13.500000 100
1 3 84 13.500000 100
1 3 85 13.500000 100
1 3 86 13.500000 100
1 3 87 13.500000 100
1 3 88 13.500000 100
1 3 89 13.500000 100
1 3 90 13.500000 100
1 3 91 13.500000 100
1 3 92 13.500000 100
1 3 93 13.500000 100
1 3 94 13.500000 100
1 3 95 13.500000 100
1 3 96 13.500000 100
1 3 97 13.500000 100
1 3 98 13.500000 100
1 3 99 13.500000 100
1 3 100 13.500000 100
1 3 101 13.500000 100
1 3 102 13.500000 100
1 3 103 13.500000 100
1 3 104 13.500000 100
1 3 105 13.500000 100
1 3 106 13.500000 100
1 3 107 13.500000 100
1 3 108 13.500000 100
1 3 109 13.500000 100
1 3 110 13.500000 100
1 3 111 13.500000 100
1 3 112 13.500000 100
1 3 113 13.500000 100
1 3 114 13.500000 100
1 3 115 13.500000 100
1 3 116 13.500000 100
1 3 117 13.500000 100
1 3 118 13.500000 100
1 3 119 13.500000 100
1 3 120 13.500000 100
1 3 121 13.500000 100
1 3 122 13.500000 100
1 3 123 13.500000 100
1 3 124 13.500000 100
1 3 125 13.500000 100
1 3 126 13.500000 100
1 3 127 13.500000 100
1 3 128 13.500000 100
1 3 129 13.500000 100
1 3 130 13.500000 100
1 3 131 13.500000 100
1 3 132 13.500000 100
1 3 133 13.500000 100
1 3 134 13.500000 100
1 3 135 13.500000 100
1 3 136 13.500000 100
1 3 137 13.500000 100
1 3 138 13.500000 100
1 3 139 13.500000 100
1 3 140 13.500000 100
1 3 141 13.500000 100
1 3 142 13.500000 100
1 3 143 13.500000 100
1 3 144 13.500000 100
1 3 145 13.500000 100
1 3 146 13.500000 100
1 3 147 13.500000 100
1 3 148 13.500000 100
1 3 149 13.500000 100
1 3 150 13.500000 100
1 4 56 13.500000 100
1 4 57 13.500000 100
1 4 58 13.500000 100
1 4 59 13.500000 100
1 4 60 13.500000 100
1 4 61 13.500000 100
1 4 62 13.500000 100
1 4 63 13.500000 100
1 4 64 13.500000 100
1 4 65 13.500000 100
1 4 66 13.500000 100
1 4 67 13.500000 100
1 4 68 13.500000 100
1 4 69 13.500000 100
1 4 70 13.500000 100
1 4 71 13.500000 100
1 4 72 13.500000 100
1 4 73 13.500000 100
1 4 74 13.500000 100
1 4 75 13.500000 100
1 4 76 13.500000 100
1 4 77 13.500000 100
1 4 78 13.500000 100
1 4 79 13.500000 100
1 4 80 13.500000 100
1 4 81 13.500000 100
1 4 82 13.500000 100
1 4 83 13.500000 100
1 4 84 13.500000 100
1 4 85 13.500000 100
1 4 86 13.500000 100
1 4 87 13.500000 100
1 4 88 13.500000 100
1 4 89 13.500000 100
1 4 90 13.500000 100
1 4 91 13.500000 100
1 4 92 13.500000 100
1 4 93 13.500000 100
1 4 94 13.500000 100
1 4 95 13.500000 100
1 4 96 13.500000 100
1 4 97 13.500000 100
1 4 98 13.500000 100
1 4 99 13.500000 100
1 4 100 13.500000 100
1 4 101 13.500000 100
1 4 102 13.500000 100
1 4 103 13.500000 100
1 4 104 13.500000 100
1 4 105 13.500000 100
1 4 106 13.500000 100
1 4 107 13.500000 100
1 4 108 13.500000 100
1 4 109 13.500000 100
1 4 110 13.500000 100
1 4 111 13.500000 100
1 4 112 13.500000 100
1 4 113 13.500000 100
1 4 114 13.500000 100
1 4 115 13.500000 100
1 4 116 13.500000 100
1 4 117 13.500000 100
1 4 118 13.500000 100
1 4 119 13.500000 100
1 4 120 13.500000 100
1 4 121 13.500000 100
1 4 122 13.500000 100
1 4 123 13.500000 100
1 4 124 13.500000 100
1 4 125 13.500000 100
1 4 126 13.500000 100
1 4 127 13.500000 100
1 4 128 13.500000 100
1 4 129 13.500000 100
1 4 130 13.500000 100
1 4 131 13.500000 100
1 4 132 13.500000 100
1 4 133 13.500000 100
1 4 134 13.500000 100
1 4 135 13.500000 100
1 4 136 13.500000 100
1 4 137 13.500000 100
1 4 138 13.500000 100
1 4 139 13.500000 100
1 4 140 13.500000 100
1 4 141 13.500000 100
1 4 142 13.500000 100
1 4 143 13.500000 100
1 4 144 13.500000 100
1 4 145 13.500000 100
1 4 146 13.500000 100
1 4 147 13.500000 100
1 4 148 13.500000 100
1 4 149 13.500000 100
1 4 150 13.500000 100
1 5 54 13.500000 100
1 5 55 13.500000 100
1 5 56 13.500000 100
1 5 57 13.500000 100
1 5 58 13.500000 100
1 5 59 13.500000 100
1 5 60 13.500000 100
1 5 61 13.500000 100
1 5 62 13.500000 100
1 5 63 13.500000 100
1 5 64 13.500000 100
1 5 65 13.500000 100
1 5 66 13.500000 100
1 5 67 13.500000 100
1 5 68 13.500000 100
1 5 69 13.500000 100
1 5 70 13.500000 100
1 5 71 13.500000 100
1 5 72 13.500000 100
1 5 73 13.500000 100
1 5 74 13.500000 100
1 5 75 13.500000 100
1 5 76 13.500000 100
1 5 77 13.500000 100
1 5 78 13.500000 100
1 5 79 13.500000 100
1 5 80 13.500000 100
1 5 81 13.500000 100
1 5 82 13.500000 100
1 5 83 13.500000 100
1 5 84 13.500000 100
1 5 85 13.500000 100
1 5 86 13.500000 100
1 5 87 13.500000 100
1 5 88 13.500000 100
1 5 89 13.500000 100
1 5 90 13.500000 100
1 5 91 13.500000 100
1 5 92 13.500000 100
1 5 93 13.500000 100
1 5 94 13.500000 100
1 5 95 13.500000 100
1 5 96 13.500000 100
1 5 97 13.500000 100
1 5 98 13.500000 100
1 5 99 13.500000 100
1 5 100 13.500000 100
1 5 101 13.500000 100
1 5 102 13.500000 100
1 5 103 13.500000 100
1 5 104 13.500000 100
1 5 105 13.500000 100
1 5 106 13.500000 100
1 5 107 13.500000 100
1 5 108 13.500000 100
1 5 109 13.500000 100
1 5 110 13.500000 100
1 5 111 13.500000 100
1 5 112 13.500000 100
1 5 113 13.500000 100
1 5 114 13.500000 100
1 5 115 13.500000 100
1 5 116 13.500000 100
1 5 117 13.500000 100
1 5 118 13.500000 100
1 5 119 13.500000 100
1 5 120 13.500000 100
1 5 121 13.500000 100
1 5 122 13.500000 100
1 5 123 13.500000 100
1 5 124 13.500000 100
1 5 125 13.500000 100
1 5 126 13.500000 100
1 5 127 13.500000 100
1 5 128 13.500000 100
1 5 129 13.500000 100
1 5 130 13.500000 100
1 5 131 13.500000 100
1 5 132 13.500000 100
1 5 133 13.500000 100
1 5 134 13.500000 100
1 5 135 13.500000 100
1 5 136 13.500000 100
1 5 137 13.500000 100
1 5 138 13.500000 100
1 5 139 13.500000 100
1 5 140 13.500000 100
1 5 141 13.500000 100
1 5 142 13.500000 100
1 5 143 13.500000 100
1 5 144 13.500000 100
1 5 145 13.500000 100
1 5 146 13.500000 100
1 5 147 13.500000 100
1 5 148 13.500000 100
1 5 149 13.500000 100
1 5 150 13.500000 100
1 6 53 13.500000 100
1 6 54 13.500000 100
1 6 55 13.500000 100
1 6 56 13.500000 100
1 6 57 13.500000 100
1 6 58 13.500000 100
1 6 59 13.500000 100
1 6 60 13.500000 100
1 6 61 13.500000 100
1 6 62 13.500000 100
1 6 63 13.500000 100
1 6 64 13.500000 100
1 6 65 13.500000 100
1 6 66 13.500000 100
1 6 67 13.500000 100
1 6 68 13.500000 100
1 6 69 13.500000 100
1 6 70 13.500000 100
1 6 71 13.500000 100
1 6 72 13.500000 100
1 6 73 13.500000 100
1 6 74 13.500000 100
1 6 75 13.500000 100
1 6 76 13.500000 100
1 6 77 13.500000 100
1 6 78 13.500000 100
1 6 79 13.500000 100
1 6 80 13.500000 100
1 6 81 13.500000 100
1 6 82 13.500000 100
1 6 83 13.500000 100
1 6 84 13.500000 100
1 6 85 13.500000 100
1 6 86 13.500000 100
1 6 87 13.500000 100
1 6 88 13.500000 100
1 6 89 13.500000 100
1 6 90 13.500000 100
1 6 91 13.500000 100
1 6 92 13.500000 100
1 6 93 13.500000 100
1 6 94 13.500000 100
1 6 95 13.500000 100
1 6 96 13.500000 100
1 6 97 13.500000 100
1 6 98 13.500000 100
1 6 99 13.500000 100
1 6 100 13.500000 100
1 6 101 13.500000 100
1 6 102 13.500000 100
1 6 103 13.500000 100
1 6 104 13.500000 100
1 6 105 13.500000 100
1 6 106 13.500000 100
1 6 107 13.500000 100
1 6 108 13.500000 100
1 6 109 13.500000 100
1 6 110 13.500000 100
1 6 111 13.500000 100
1 6 112 13.500000 100
1 6 113 13.500000 100
1 6 114 13.500000 100
1 6 115 13.500000 100
1 6 116 13.500000 100
1 6 117 13.500000 100
1 6 118 13.500000 100
1 6 119 13.500000 100
1 6 120 13.500000 100
1 6 121 13.500000 100
1 6 122 13.500000 100
1 6 123 13.500000 100
1 6 124 13.500000 100
1 6 125 13.500000 100
1 6 126 13.500000 100
1 6 127 13.500000 100
1 6 128 13.500000 100
1 6 129 13.500000 100
1 6 130 13.500000 100
1 6 131 13.500000 100
1 6 132 13.500000 100
1 6 133 13.500000 100
1 6 134 13.500000 100
1 6 135 13.500000 100
1 6 136 13.500000 100
1 6 137 13.500000 100
1 6 138 13.500000 100
1 6 139 13.500000 100
1 6 140 13.500000 100
1 6 141 13.500000 100
1 6 142 13.500000 100
1 6 143 13.500000 100
1 6 144 13.500000 100
1 6 145 13.500000 100
1 6 146 13.500000 100
1 6 147 13.500000 100
1 6 148 13.500000 100
1 6 149 13.500000 100
1 6 150 13.500000 100
1 7 51 13.500000 100
1 7 52 13.500000 100
1 7 53 13.500000 100
1 7 54 13.500000 100
1 7 55 13.500000 100
1 7 56 13.500000 100
1 7 57 13.500000 100
1 7 58 13.500000 100
1 7 59 13.500000 100
1 7 60 13.500000 100
1 7 61 13.500000 100
1 7 62 13.500000 100
1 7 63 13.500000 100
1 7 64 13.500000 100
1 7 65 13.500000 100
1 7 66 13.500000 100
1 7 67 13.500000 100
1 7 68 13.500000 100
1 7 69 13.500000 100
1 7 70 13.500000 100
1 7 71 13.500000 100
1 7 72 13.500000 100
1 7 73 13.500000 100
1 7 74 13.500000 100
1 7 75 13.500000 100
1 7 76 13.500000 100
1 7 77 13.500000 100
1 7 78 13.500000 100
1 7 79 13.500000 100
1 7 80 13.500000 100
1 7 81 13.500000 100
1 7 82 13.500000 100
1 7 83 13.500000 100
1 7 84 13.500000 100
1 7 85 13.500000 100
1 7 86 13.500000 100
1 7 87 13.500000 100
1 7 88 13.500000 100
1 7 89 13.500000 100
1 7 90 13.500000 100
1 7 91 13.500000 100
1 7 92 13.500000 100
1 7 93 13.500000 100
1 7 94 13.500000 100
1 7 95 13.500000 100
1 7 96 13.500000 100
1 7 97 13.500000 100
1 7 98 13.500000 100
1 7 99 13.500000 100
1 7 100 13.500000 100
1 7 101 13.500000 100
1 7 102 13.500000 100
1 7 103 13.500000 100
1 7 104 13.500000 100
1 7 105 13.500000 100
1 7 106 13.500000 100
1 7 107 13.500000 100
1 7 108 13.500000 100
1 7 109 13.500000 100
1 7 110 13.500000 100
1 7 111 13.500000 100
1 7 112 13.500000 100
1 7 113 13.500000 100
1 7 114 13.500000 100
1 7 115 13.500000 100
1 7 116 13.500000 100
1 7 117 13.500000 100
1 7 118 13.500000 100
1 7 119 13.500000 100
1 7 120 13.500000 100
1 7 121 13.500000 100
1 7 122 13.500000 100
1 7 123 13.500000 100
1 7 124 13.500000 100
1 7 125 13.500000 100
1 7 126 13.500000 100
1 7 127 13.500000 100
1 7 128 13.500000 100
1 7 129 13.500000 100
1 7 130 13.500000 100
1 7 131 13.500000 100
1 7 132 13.500000 100
1 7 133 13.500000 100
1 7 134 13.500000 100
1 7 135 13.500000 100
1 7 136 13.500000 100
1 7 137 13.500000 100
1 7 138 13.500000 100
1 7 139 13.500000 100
1 7 140 13.500000 100
1 7 141 13.500000 100
1 7 142 13.500000 100
1 7 143 13.500000 100
1 7 144 13.500000 100
1 7 145 13.500000 100
1 7 146 13.500000 100
1 7 147 13.500000 100
1 7 148 13.500000 100
1 7 149 13.500000 100
1 7 150 13.500000 100
1 8 49 13.500000 100
1 8 50 13.500000 100
1 8 51 13.500000 100
1 8 52 13.500000 100
1 8 53 13.500000 100
1 8 54 13.500000 100
1 8 55 13.500000 100
1 8 56 13.500000 100
1 8 57 13.500000 100
1 8 58 13.500000 100
1 8 59 13.500000 100
1 8 60 13.500000 100
1 8 61 13.500000 100
1 8 62 13.500000 100
1 8 63 13.500000 100
1 8 64 13.500000 100
1 8 65 13.500000 100
1 8 66 13.500000 100
1 8 67 13.500000 100
1 8 68 13.500000 100
1 8 69 13.500000 100
1 8 70 13.500000 100
1 8 71 13.500000 100
1 8 72 13.500000 100
1 8 73 13.500000 100
1 8 74 13.500000 100
1 8 75 13.500000 100
1 8 76 13.500000 100
1 8 77 13.500000 100
1 8 78 13.500000 100
1 8 79 13.500000 100
1 8 80 13.500000 100
1 8 81 13.500000 100
1 8 82 13.500000 100
1 8 83 13.500000 100
1 8 84 13.500000 100
1 8 85 13.500000 100
1 8 86 13.500000 100
1 8 87 13.500000 100
1 8 88 13.500000 100
1 8 89 13.500000 100
1 8 90 13.500000 100
1 8 91 13.500000 100
1 8 92 13.500000 100
1 8 93 13.500000 100
1 8 94 13.500000 100
1 8 95 13.500000 100
1 8 96 13.500000 100
1 8 97 13.500000 100
1 8 98 13.500000 100
1 8 99 13.500000 100
1 8 100 13.500000 100
1 8 101 13.500000 100
1 8 102 13.500000 100
1 8 103 13.500000 100
1 8 104 13.500000 100
1 8 105 13.500000 100
1 8 106 13.500000 100
1 8 107 13.500000 100
1 8 108 13.500000 100
1 8 109 13.500000 100
1 8 110 13.500000 100
1 8 111 13.500000 100
1 8 112 13.500000 100
1 8 113 13.500000 100
1 8 114 13.500000 100
1 8 115 13.500000 100
1 8 116 13.500000 100
1 8 117 13.500000 100
1 8 118 13.500000 100
1 8 119 13.500000 100
1 8 120 13.500000 100
1 8 121 13.500000 100
1 8 122 13.500000 100
1 8 123 13.500000 100
1 8 124 13.500000 100
1 8 125 13.500000 100
1 8 126 13.500000 100
1 8 127 13.500000 100
1 8 128 13.500000 100
1 8 129 13.500000 100
1 8 130 13.500000 100
1 8 131 13.500000 100
1 8 132 13.500000 100
1 8 133 13.500000 100
1 8 134 13.500000 100
1 8 135 13.500000 100
1 8 136 13.500000 100
1 8 137 13.500000 100
1 8 138 13.500000 100
1 8 139 13.500000 100
1 8 140 13.500000 100
1 8 141 13.500000 100
1 8 142 13.500000 100
1 8 143 13.500000 100
1 8 144 13.500000 100
1 8 145 13.500000 100
1 8 146 13.500000 100
1 8 147 13.500000 100
1 8 148 13.500000 100
1 8 149 13.500000 100
1 8 150 13.500000 100
1 9 48 13.500000 100
1 9 49 13.500000 100
1 9 50 13.500000 100
1 9 51 13.500000 100
1 9 52 13.500000 100
1 9 53 13.500000 100
1 9 54 13.500000 100
1 9 55 13.500000 100
1 9 56 13.500000 100
1 9 57 13.500000 100
1 9 58 13.500000 100
1 9 59 13.500000 100
1 9 60 13.500000 100
1 9 61 13.500000 100
1 9 62 13.500000 100
1 9 63 13.500000 100
1 9 64 13.500000 100
1 9 65 13.500000 100
1 9 66 13.500000 100
1 9 67 13.500000 100
1 9 68 13.500000 100
1 9 69 13.500000 100
1 9 70 13.500000 100
1 9 71 13.500000 100
1 9 72 13.500000 100
1 9 73 13.500000 100
1 9 74 13.500000 100
1 9 75 13.500000 100
1 9 76 13.500000 100
1 9 77 13.500000 100
1 9 78 13.500000 100
1 9 79 13.500000 100
1 9 80 13.500000 100
1 9 81 13.500000 100
1 9 82 13.500000 100
1 9 83 13.500000 100
1 9 84 13.500000 100
1 9 85 13.500000 100
1 9 86 13.500000 100
1 9 87 13.500000 100
1 9 88 13.500000 100
1 9 89 13.500000 100
1 9 90 13.500000 100
1 9 91 13.500000 100
1 9 92 13.500000 100
1 9 93 13.500000 100
1 9 94 13.500000 100
1 9 95 13.500000 100
1 9 96 13.500000 100
1 9 97 13.500000 100
1 9 98 13.500000 100
1 9 99 13.500000 100
1 9 100 13.500000 100
1 9 101 13.500000 100
1 9 102 13.500000 100
1 9 103 13.500000 100
1 9 104 13.500000 100
1 9 105 13.500000 100
1 9 106 13.500000 100
1 9 107 13.500000 100
1 9 108 13.500000 100
1 9 109 13.500000 100
1 9 110 13.500000 100
1 9 111 13.500000 100
1 9 112 13.500000 100
1 9 113 13.500000 100
1 9 114 13.500000 100
1 9 115 13.500000 100
1 9 116 13.500000 100
1 9 117 13.500000 100
1 9 118 13.500000 100
1 9 119 13.500000 100
1 9 120 13.500000 100
1 9 121 13.500000 100
1 9 122 13.500000 100
1 9 123 13.500000 100
1 9 124 13.500000 100
1 9 125 13.500000 100
1 9 126 13.500000 100
1 9 127 13.500000 100
1 9 128 13.500000 100
1 9 129 13.500000 100
1 9 130 13.500000 100
1 9 131 13.500000 100
1 9 132 13.500000 100
1 9 133 13.500000 100
1 9 134 13.500000 100
1 9 135 13.500000 100
1 9 136 13.500000 100
1 9 137 13.500000 100
1 9 138 13.500000 100
1 9 139 13.500000 100
1 9 140 13.500000 100
1 9 141 13.500000 100
1 9 142 13.500000 100
1 9 143 13.500000 100
1 9 144 13.500000 100
1 9 145 13.500000 100
1 9 146 13.500000 100
1 9 147 13.500000 100
1 9 148 13.500000 100
1 9 149 13.500000 100
1 9 150 13.500000 100
1 10 46 13.500000 100
1 10 47 13.500000 100
1 10 48 13.500000 100
1 10 49 13.500000 100
1 10 50 13.500000 100
1 10 51 13.500000 100
1 10 52 13.500000 100
1 10 53 13.500000 100
1 10 54 13.500000 100
1 10 55 13.500000 100
1 10 56 13.500000 100
1 10 57 13.500000 100
1 10 58 13.500000 100
1 10 59 13.500000 100
1 10 60 13.500000 100
1 10 61 13.500000 100
1 10 62 13.500000 100
1 10 63 13.500000 100
1 10 64 13.500000 100
1 10 65 13.500000 100
1 10 66 13.500000 100
1 10 67 13.500000 100
1 10 68 13.500000 100
1 10 69 13.500000 100
1 10 70 13.500000 100
1 10 71 13.500000 100
1 10 72 13.500000 100
1 10 73 13.500000 100
1 10 74 13.500000 100
1 10 75 13.500000 100
1 10 76 13.500000 100
1 10 77 13.500000 100
1 10 78 13.500000 100
1 10 79 13.500000 100
1 10 80 13.500000 100
1 10 81 13.500000 100
1 10 82 13.500000 100
1 10 83 13.500000 100
1 10 84 13.500000 100
1 10 85 13.500000 100
1 10 86 13.500000 100
1 10 87 13.500000 100
1 10 88 13.500000 100
1 10 89 13.500000 100
1 10 90 13.500000 100
1 10 91 13.500000 100
1 10 92 13.500000 100
1 10 93 13.500000 100
1 10 94 13.500000 100
1 10 95 13.500000 100
1 10 96 13.500000 100
1 10 97 13.500000 100
1 10 98 13.500000 100
1 10 99 13.500000 100
1 10 100 13.500000 100
1 10 101 13.500000 100
1 10 102 13.500000 100
1 10 103 13.500000 100
1 10 104 13.500000 100
1 10 105 13.500000 100
1 10 106 13.500000 100
1 10 107 13.500000 100
1 10 108 13.500000 100
1 10 109 13.500000 100
1 10 110 13.500000 100
1 10 111 13.500000 100
1 10 112 13.500000 100
1 10 113 13.500000 100
1 10 114 13.500000 100
1 10 115 13.500000 100
1 10 116 13.500000 100
1 10 117 13.500000 100
1 10 118 13.500000 100
1 10 119 13.500000 100
1 10 120 13.500000 100
1 10 121 13.500000 100
1 10 122 13.500000 100
1 10 123 13.500000 100
1 10 124 13.500000 100
1 10 125 13.500000 100
1 10 126 13.500000 100
1 10 127 13.500000 100
1 10 128 13.500000 100
1 10 129 13.500000 100
1 10 130 13.500000 100
1 10 131 13.500000 100
1 10 132 13.500000 100
1 10 133 13.500000 100
1 10 134 13.500000 100
1 10 135 13.500000 100
1 10 136 13.500000 100
1 10 137 13.500000 100
1 10 138 13.500000 100
1 10 139 13.500000 100
1 10 140 13.500000 100
1 10 141 13.500000 100
1 10 142 13.500000 100
1 10 143 13.500000 100
1 10 144 13.500000 100
1 10 145 13.500000 100
1 10 146 13.500000 100
1 10 147 13.500000 100
1 10 148 13.500000 100
1 10 149 13.500000 100
1 10 150 13.500000 100
1 11 45 13.500000 100
1 11 46 13.500000 100
1 11 47 13.500000 100
1 11 48 13.500000 100
1 11 49 13.500000 100
1 11 50 13.500000 100
1 11 51 13.500000 100
1 11 52 13.500000 100
1 11 53 13.500000 100
1 11 54 13.500000 100
1 11 55 13.500000 100
1 11 56 13.500000 100
1 11 57 13.500000 100
1 11 58 13.500000 100
1 11 59 13.500000 100
1 11 60 13.500000 100
1 11 61 13.500000 100
1 11 62 13.500000 100
1 11 63 13.500000 100
1 11 64 13.500000 100
1 11 65 13.500000 100
1 11 66 13.500000 100
1 11 67 13.500000 100
1 11 68 13.500000 100
1 11 69 13.500000 100
1 11 70 13.500000 100
1 11 71 13.500000 100
1 11 72 13.500000 100
1 11 73 13.500000 100
1 11 74 13.500000 100
1 11 75 13.500000 100
1 11 76 13.500000 100
1 11 77 13.500000 100
1 11 78 13.500000 100
1 11 79 13.500000 100
1 11 80 13.500000 100
1 11 81 13.500000 100
1 11 82 13.500000 100
1 11 83 13.500000 100
1 11 84 13.500000 100
1 11 85 13.500000 100
1 11 86 13.500000 100
1 11 87 13.500000 100
1 11 88 13.500000 100
1 11 89 13.500000 100
1 11 90 13.500000 100
1 11 91 13.500000 100
1 11 92 13.500000 100
1 11 93 13.500000 100
1 11 94 13.500000 100
1 11 95 13.500000 100
1 11 96 13.500000 100
1 11 97 13.500000 100
1 11 98 13.500000 100
1 11 99 13.500000 100
1 11 100 13.500000 100
1 11 101 13.500000 100
1 11 102 13.500000 100
1 11 103 13.500000 100
1 11 104 13.500000 100
1 11 105 13.500000 100
1 11 106 13.500000 100
1 11 107 13.500000 100
1 11 108 13.500000 100
1 11 109 13.500000 100
1 11 110 13.500000 100
1 11 111 13.500000 100
1 11 112 13.500000 100
1 11 113 13.500000 100
1 11 114 13.500000 100
1 11 115 13.500000 100
1 11 116 13.500000 100
1 11 117 13.500000 100
1 11 118 13.500000 100
1 11 119 13.500000 100
1 11 120 13.500000 100
1 11 121 13.500000 100
1 11 122 13.500000 100
1 11 123 13.500000 100
1 11 124 13.500000 100
1 11 125 13.500000 100
1 11 126 13.500000 100
1 11 127 13.500000 100
1 11 128 13.500000 100
1 11 129 13.500000 100
1 11 130 13.500000 100
1 11 131 13.500000 100
1 11 132 13.500000 100
1 11 133 13.500000 100
1 11 134 13.500000 100
1 11 135 13.500000 100
1 11 136 13.500000 100
1 11 137 13.500000 100
1 11 138 13.500000 100
1 11 139 13.500000 100
1 11 140 13.500000 100
1 11 141 13.500000 100
1 11 142 13.500000 100
1 11 143 13.500000 100
1 11 144 13.500000 100
1 11 145 13.500000 100
1 11 146 13.500000 100
1 11 147 13.500000 100
1 11 148 13.500000 100
1 11 149 13.500000 100
1 11 150 13.500000 100
1 12 43 13.500000 100
1 12 44 13.500000 100
1 12 45 13.500000 100
1 12 46 13.500000 100
1 12 47 13.500000 100
1 12 48 13.500000 100
1 12 49 13.500000 100
1 12 50 13.500000 100
1 12 51 13.500000 100
1 12 52 13.500000 100
1 12 53 13.500000 100
1 12 54 13.500000 100
1 12 55 13.500000 100
1 12 56 13.500000 100
1 12 57 13.500000 100
1 12 58 13.500000 100
1 12 59 13.500000 100
1 12 60 13.500000 100
1 12 61 13.500000 100
1 12 62 13.500000 100
1 12 63 13.500000 100
1 12 64 13.500000 100
1 12 65 13.500000 100
1 12 66 13.500000 100
1 12 67 13.500000 100
1 12 68 13.500000 100
1 12 69 13.500000 100
1 12 70 13.500000 100
1 12 71 13.500000 100
1 12 72 13.500000 100
1 12 73 13.500000 100
1 12 74 13.500000 100
1 12 75 13.500000 100
1 12 76 13.500000 100
1 12 77 13.500000 100
1 12 78 13.500000 100
1 12 79 13.500000 100
1 12 80 13.500000 100
1 12 81 13.500000 100
1 12 82 13.500000 100
1 12 83 13.500000 100
1 12 84 13.500000 100
1 12 85 13.500000 100
1 12 86 13.500000 100
1 12 87 13.500000 100
1 12 88 13.500000 100
1 12 89 13.500000 100
1 12 90 13.500000 100
1 12 91 13.500000 100
1 12 92 13.500000 100
1 12 93 13.500000 100
1 12 94 13.500000 100
1 12 95 13.500000 100
1 12 96 13.500000 100
1 12 97 13.500000 100
1 12 98 13.500000 100
1 12 99 13.500000 100
1 12 100 13.500000 100
1 12 101 13.500000 100
1 12 102 13.500000 100
1 12 103 13.500000 100
1 12 104 13.500000 100
1 12 105 13.500000 100
1 12 106 13.500000 100
1 12 107 13.500000 100
1 12 108 13.500000 100
1 12 109 13.500000 100
1 12 110 13.500000 100
1 12 111 13.500000 100
1 12 112 13.500000 100
1 12 113 13.500000 100
1 12 114 13.500000 100
1 12 115 13.500000 100
1 12 116 13.500000 100
1 12 117 13.500000 100
1 12 118 13.500000 100
1 12 119 13.500000 100
1 12 120 13.500000 100
1 12 121 13.500000 100
1 12 122 13.500000 100
1 12 123 13.500000 100
1 12 124 13.500000 100
1 12 125 13.500000 100
1 12 126 13.500000 100
1 12 127 13.500000 100
1 12 128 13.500000 100
1 12 129 13.500000 100
1 12 130 13.500000 100
1 12 131 13.500000 100
1 12 132 13.500000 100
1 12 133 13.500000 100
1 12 134 13.500000 100
1 12 135 13.500000 100
1 12 136 13.500000 100
1 12 137 13.500000 100
1 12 138 13.500000 100
1 12 139 13.500000 100
1 12 140 13.500000 100
1 12 141 13.500000 100
1 12 142 13.500000 100
1 12 143 13.500000 100
1 12 144 13.500000 100
1 12 145 13.500000 100
1 12 146 13.500000 100
1 12 147 13.500000 100
1 12 148 13.500000 100
1 12 149 13.500000 100
1 12 150 13.500000 100
1 13 42 13.500000 100
1 13 43 13.500000 100
1 13 44 13.500000 100
1 13 45 13.500000 100
1 13 46 13.500000 100
1 13 47 13.500000 100
1 13 48 13.500000 100
1 13 49 13.500000 100
1 13 50 13.500000 100
1 13 51 13.500000 100
1 13 52 13.500000 100
1 13 53 13.500000 100
1 13 54 13.500000 100
1 13 55 13.500000 100
1 13 56 13.500000 100
1 13 57 13.500000 100
1 13 58 13.500000 100
1 13 59 13.500000 100
1 13 60 13.500000 100
1 13 61 13.500000 100
1 13 62 13.500000 100
1 13 63 13.500000 100
1 13 64 13.500000 100
1 13 65 13.500000 100
1 13 66 13.500000 100
1 13 67 13.500000 100
1 13 68 13.500000 100
1 13 69 13.500000 100
1 13 70 13.500000 100
1 13 71 13.500000 100
1 13 72 13.500000 100
1 13 73 13.500000 100
1 13 74 13.500000 100
1 13 75 13.500000 100
1 13 76 13.500000 100
1 13 77 13.500000 100
1 13 78 13.500000 100
1 13 79 13.500000 100
1 13 80 13.500000 100
1 13 81 13.500000 100
1 13 82 13.500000 100
1 13 83 13.500000 100
1 13 84 13.500000 100
1 13 85 13.500000 100
1 13 86 13.500000 100
1 13 87 13.500000 100
1 13 88 13.500000 100
1 13 89 13.500000 100
1 13 90 13.500000 100
1 13 91 13.500000 100
1 13 92 13.500000 100
1 13 93 13.500000 100
1 13 94 13.500000 100
1 13 95 13.500000 100
1 13 96 13.500000 100
1 13 97 13.500000 100
1 13 98 13.500000 100
1 13 99 13.500000 100
1 13 100 13.500000 100
1 13 101 13.500000 100
1 13 102 13.500000 100
1 13 103 13.500000 100
1 13 104 13.500000 100
1 13 105 13.500000 100
1 13 106 13.500000 100
1 13 107 13.500000 100
1 13 108 13.500000 100
1 13 109 13.500000 100
1 13 110 13.500000 100
1 13 111 13.500000 100
1 13 112 13.500000 100
1 13 113 13.500000 100
1 13 114 13.500000 100
1 13 115 13.500000 100
1 13 116 13.500000 100
1 13 117 13.500000 100
1 13 118 13.500000 100
1 13 119 13.500000 100
1 13 120 13.500000 100
1 13 121 13.500000 100
1 13 122 13.500000 100
1 13 123 13.500000 100
1 13 124 13.500000 100
1 13 125 13.500000 100
1 13 126 13.500000 100
1 13 127 13.500000 100
1 13 128 13.500000 100
1 13 129 13.500000 100
1 13 130 13.500000 100
1 13 131 13.500000 100
1 13 132 13.500000 100
1 13 133 13.500000 100
1 13 134 13.500000 100
1 13 135 13.500000 100
1 13 136 13.500000 100
1 13 137 13.500000 100
1 13 138 13.500000 100
1 13 139 13.500000 100
1 13 140 13.500000 100
1 13 141 13.500000 100
1 13 142 13.500000 100
1 13 143 13.500000 100
1 13 144 13.500000 100
1 13 145 13.500000 100
1 13 146 13.500000 100
1 13 147 13.500000 100
1 13 148 13.500000 100
1 13 149 13.500000 100
1 13 150 13.500000 100
1 14 40 13.500000 100
1 14 41 13.500000 100
1 14 42 13.500000 100
1 14 43 13.500000 100
1 14 44 13.500000 100
1 14 45 13.500000 100
1 14 46 13.500000 100
1 14 47 13.500000 100
1 14 48 13.500000 100
1 14 49 13.500000 100
1 14 50 13.500000 100
1 14 51 13.500000 100
1 14 52 13.500000 100
1 14 53 13.500000 100
1 14 54 13.500000 100
1 14 55 13.500000 100
1 14 56 13.500000 100
1 14 57 13.500000 100
1 14 58 13.500000 100
1 14 59 13.500000 100
1 14 60 13.500000 100
1 14 61 13.500000 100
1 14 62 13.500000 100
1 14 63 13.500000 100
1 14 64 13.500000 100
1 14 65 13.500000 100
1 14 66 13.500000 100
1 14 67 13.500000 100
1 14 68 13.500000 100
1 14 69 13.500000 100
1 14 70 13.500000 100
1 14 71 13.500000 100
1 14 72 13.500000 100
1 14 73 13.500000 100
1 14 74 13.500000 100
1 14 75 13.500000 100
1 14 76 13.500000 100
1 14 77 13.500000 100
1 14 78 13.500000 100
1 14 79 13.500000 100
1 14 80 13.500000 100
1 14 81 13.500000 100
1 14 82 13.500000 100
1 14 83 13.500000 100
1 14 84 13.500000 100
1 14 85 13.500000 100
1 14 86 13.500000 100
1 14 87 13.500000 100
1 14 88 13.500000 100
1 14 89 13.500000 100
1 14 90 13.500000 100
1 14 91 13.500000 100
1 14 92 13.500000 100
1 14 93 13.500000 100
1 14 94 13.500000 100
1 14 95 13.500000 100
1 14 96 13.500000 100
1 14 97 13.500000 100
1 14 98 13.500000 100
1 14 99 13.500000 100
1 14 100 13.500000 100
1 14 101 13.500000 100
1 14 102 13.500000 100
1 14 103 13.500000 100
1 14 104 13.500000 100
1 14 105 13.500000 100
1 14 106 13.500000 100
1 14 107 13.500000 100
1 14 108 13.500000 100
1 14 109 13.500000 100
1 14 110 13.500000 100
1 14 111 13.500000 100
1 14 112 13.500000 100
1 14 113 13.500000 100
1 14 114 13.500000 100
1 14 115 13.500000 100
1 14 116 13.500000 100
1 14 117 13.500000 100
1 14 118 13.500000 100
1 14 119 13.500000 100
1 14 120 13.500000 100
1 14 121 13.500000 100
1 14 122 13.500000 100
1 14 123 13.500000 100
1 14 124 13.500000 100
1 14 125 13.500000 100
1 14 126 13.500000 100
1 14 127 13.500000 100
1 14 128 13.500000 100
1 14 129 13.500000 100
1 14 130 13.500000 100
1 14 131 13.500000 100
1 14 132 13.500000 100
1 14 133 13.500000 100
1 14 134 13.500000 100
1 14 135 13.500000 100
1 14 136 13.500000 100
1 14 137 13.500000 100
1 14 138 13.500000 100
1 14 139 13.500000 100
1 14 140 13.500000 100
1 14 141 13.500000 100
1 14 142 13.500000 100
1 14 143 13.500000 100
1 14 144 13.500000 100
1 14 145 13.500000 100
1 14 146 13.500000 100
1 14 147 13.500000 100
1 14 148 13.500000 100
1 14 149 13.500000 100
1 14 150 13.500000 100
1 15 39 13.500000 100
1 15 40 13.500000 100
1 15 41 13.500000 100
1 15 42 13.500000 100
1 15 43 13.500000 100
1 15 44 13.500000 100
1 15 45 13.500000 100
1 15 46 13.500000 100
1 15 47 13.500000 100
1 15 48 13.500000 100
1 15 49 13.500000 100
1 15 50 13.500000 100
1 15 51 13.500000 100
1 15 52 13.500000 100
1 15 53 13.500000 100
1 15 54 13.500000 100
1 15 55 13.500000 100
1 15 56 13.500000 100
1 15 57 13.500000 100
1 15 58 13.500000 100
1 15 59 13.500000 100
1 15 60 13.500000 100
1 15 61 13.500000 100
1 15 62 13.500000 100
1 15 63 13.500000 100
1 15 64 13.500000 100
1 15 65 13.500000 100
1 15 66 13.500000 100
1 15 67 13.500000 100
1 15 68 13.500000 100
1 15 69 13.500000 100
1 15 70 13.500000 100
1 15 71 13.500000 100
1 15 72 13.500000 100
1 15 73 13.500000 100
1 15 74 13.500000 100
1 15 75 13.500000 100
1 15 76 13.500000 100
1 15 77 13.500000 100
1 15 78 13.500000 100
1 15 79 13.500000 100
1 15 80 13.500000 100
1 15 81 13.500000 100
1 15 82 13.500000 100
1 15 83 13.500000 100
1 15 84 13.500000 100
1 15 85 13.500000 100
1 15 86 13.500000 100
1 15 87 13.500000 100
1 15 88 13.500000 100
1 15 89 13.500000 100
1 15 90 13.500000 100
1 15 91 13.500000 100
1 15 92 13.500000 100
1 15 93 13.500000 100
1 15 94 13.500000 100
1 15 95 13.500000 100
1 15 96 13.500000 100
1 15 97 13.500000 100
1 15 98 13.500000 100
1 15 99 13.500000 100
1 15 100 13.500000 100
1 15 101 13.500000 100
1 15 102 13.500000 100
1 15 103 13.500000 100
1 15 104 13.500000 100
1 15 105 13.500000 100
1 15 106 13.500000 100
1 15 107 13.500000 100
1 15 108 13.500000 100
1 15 109 13.500000 100
1 15 110 13.500000 100
1 15 111 13.500000 100
1 15 112 13.500000 100
1 15 113 13.500000 100
1 15 114 13.500000 100
1 15 115 13.500000 100
1 15 116 13.500000 100
1 15 117 13.500000 100
1 15 118 13.500000 100
1 15 119 13.500000 100
1 15 120 13.500000 100
1 15 121 13.500000 100
1 15 122 13.500000 100
1 15 123 13.500000 100
1 15 124 13.500000 100
1 15 125 13.500000 100
1 15 126 13.500000 100
1 15 127 13.500000 100
1 15 128 13.500000 100
1 15 129 13.500000 100
1 15 130 13.500000 100
1 15 131 13.500000 100
1 15 132 13.500000 100
1 15 133 13.500000 100
1 15 134 13.500000 100
1 15 135 13.500000 100
1 15 136 13.500000 100
1 15 137 13.500000 100
1 15 138 13.500000 100
1 15 139 13.500000 100
1 15 140 13.500000 100
1 15 141 13.500000 100
1 15 142 13.500000 100
1 15 143 13.500000 100
1 15 144 13.500000 100
1 15 145 13.500000 100
1 15 146 13.500000 100
1 15 147 13.500000 100
1 15 148 13.500000 100
1 15 149 13.500000 100
1 15 150 13.500000 100
1 16 37 13.500000 100
1 16 38 13.500000 100
1 16 39 13.500000 100
1 16 40 13.500000 100
1 16 41 13.500000 100
1 16 42 13.500000 100
1 16 43 13.500000 100
1 16 44 13.500000 100
1 16 45 13.500000 100
1 16 46 13.500000 100
1 16 47 13.500000 100
1 16 48 13.500000 100
1 16 49 13.500000 100
1 16 50 13.500000 100
1 16 51 13.500000 100
1 16 52 13.500000 100
1 16 53 13.500000 100
1 16 54 13.500000 100
1 16 55 13.500000 100
1 16 56 13.500000 100
1 16 57 13.500000 100
1 16 58 13.500000 100
1 16 59 13.500000 100
1 16 60 13.500000 100
1 16 61 13.500000 100
1 16 62 13.500000 100
1 16 63 13.500000 100
1 16 64 13.500000 100
1 16 65 13.500000 100
1 16 66 13.500000 100
1 16 67 13.500000 100
1 16 68 13.500000 100
1 16 69 13.500000 100
1 16 70 13.500000 100
1 16 71 13.500000 100
1 16 72 13.500000 100
1 16 73 13.500000 100
1 16 74 13.500000 100
1 16 75 13.500000 100
1 16 76 13.500000 100
1 16 77 13.500000 100
1 16 78 13.500000 100
1 16 79 13.500000 100
1 16 80 13.500000 100
1 16 81 13.500000 100
1 16 82 13.500000 100
1 16 83 13.500000 100
1 16 84 13.500000 100
1 16 85 13.500000 100
1 16 86 13.500000 100
1 16 87 13.500000 100
1 16 88 13.500000 100
1 16 89 13.500000 100
1 16 90 13.500000 100
1 16 91 13.500000 100
1 16 92 13.500000 100
1 16 93 13.500000 100
1 16 94 13.500000 100
1 16 95 13.500000 100
1 16 96 13.500000 100
1 16 97 13.500000 100
1 16 98 13.500000 100
1 16 99 13.500000 100
1 16 100 13.500000 100
1 16 101 13.500000 100
1 16 102 13.500000 100
1 16 103 13.500000 100
1 16 104 13.500000 100
1 16 105 13.500000 100
1 16 106 13.500000 100
1 16 107 13.500000 100
1 16 108 13.500000 100
1 16 109 13.500000 100
1 16 110 13.500000 100
1 16 111 13.500000 100
1 16 112 13.500000 100
1 16 113 13.500000 100
1 16 114 13.500000 100
1 16 115 13.500000 100
1 16 116 13.500000 100
1 16 117 13.500000 100
1 16 118 13.500000 100
1 16 119 13.500000 100
1 16 120 13.500000 100
1 16 121 13.500000 100
1 16 122 13.500000 100
1 16 123 13.500000 100
1 16 124 13.500000 100
1 16 125 13.500000 100
1 16 126 13.500000 100
1 16 127 13.500000 100
1 16 128 13.500000 100
1 16 129 13.500000 100
1 16 130 13.500000 100
1 16 131 13.500000 100
1 16 132 13.500000 100
1 16 133 13.500000 100
1 16 134 13.500000 100
1 16 135 13.500000 100
1 16 136 13.500000 100
1 16 137 13.500000 100
1 16 138 13.500000 100
1 16 139 13.500000 100
1 16 140 13.500000 100
1 16 141 13.500000 100
1 16 142 13.500000 100
1 16 143 13.500000 100
1 16 144 13.500000 100
1 16 145 13.500000 100
1 16 146 13.500000 100
1 16 147 13.500000 100
1 16 148 13.500000 100
1 16 149 13.500000 100
1 16 150 13.500000 100
1 17 36 13.500000 100
1 17 37 13.500000 100
1 17 38 13.500000 100
1 17 39 13.500000 100
1 17 40 13.500000 100
1 17 41 13.500000 100
1 17 42 13.500000 100
1 17 43 13.500000 100
1 17 44 13.500000 100
1 17 45 13.500000 100
1 17 46 13.500000 100
1 17 47 13.500000 100
1 17 48 13.500000 100
1 17 49 13.500000 100
1 17 50 13.500000 100
1 17 51 13.500000 100
1 17 52 13.500000 100
1 17 53 13.500000 100
1 17 54 13.500000 100
1 17 55 13.500000 100
1 17 56 13.500000 100
1 17 57 13.500000 100
1 17 58 13.500000 100
1 17 59 13.500000 100
1 17 60 13.500000 100
1 17 61 13.500000 100
1 17 62 13.500000 100
1 17 63 13.500000 100
1 17 64 13.500000 100
1 17 65 13.500000 100
1 17 66 13.500000 100
1 17 67 13.500000 100
1 17 68 13.500000 100
1 17 69 13.500000 100
1 17 70 13.500000 100
1 17 71 13.500000 100
1 17 72 13.500000 100
1 17 73 13.500000 100
1 17 74 13.500000 100
1 17 75 13.500000 100
1 17 76 13.500000 100
1 17 77 13.500000 100
1 17 78 13.500000 100
1 17 79 13.500000 100
1 17 80 13.500000 100
1 17 81 13.500000 100
1 17 82 13.500000 100
1 17 83 13.500000 100
1 17 84 13.500000 100
1 17 85 13.500000 100
1 17 86 13.500000 100
1 17 87 13.500000 100
1 17 88 13.500000 100
1 17 89 13.500000 100
1 17 90 13.500000 100
1 17 91 13.500000 100
1 17 92 13.500000 100
1 17 93 13.500000 100
1 17 94 13.500000 100
1 17 95 13.500000 100
1 17 96 13.500000 100
1 17 97 13.500000 100
1 17 98 13.500000 100
1 17 99 13.500000 100
1 17 100 13.500000 100
1 17 101 13.500000 100
1 17 102 13.500000 100
1 17 103 13.500000 100
1 17 104 13.500000 100
1 17 105 13.500000 100
1 17 106 13.500000 100
1 17 107 13.500000 100
1 17 108 13.500000 100
1 17 109 13.500000 100
1 17 110 13.500000 100
1 17 111 13.500000 100
1 17 112 13.500000 100
1 17 113 13.500000 100
1 17 114 13.500000 100
1 17 115 13.500000 100
1 17 116 13.500000 100
1 17 117 13.500000 100
1 17 118 13.500000 100
1 17 119 13.500000 100
1 17 120 13.500000 100
1 17 121 13.500000 100
1 17 122 13.500000 100
1 17 123 13.500000 100
1 17 124 13.500000 100
1 17 125 13.500000 100
1 17 126 13.500000 100
1 17 127 13.500000 100
1 17 128 13.500000 100
1 17 129 13.500000 100
1 17 130 13.500000 100
1 17 131 13.500000 100
1 17 132 13.500000 100
1 17 133 13.500000 100
1 17 134 13.500000 100
1 17 135 13.500000 100
1 17 136 13.500000 100
1 17 137 13.500000 100
1 17 138 13.500000 100
1 17 139 13.500000 100
1 17 140 13.500000 100
1 17 141 13.500000 100
1 17 142 13.500000 100
1 17 143 13.500000 100
1 17 144 13.500000 100
1 17 145 13.500000 100
1 17 146 13.500000 100
1 17 147 13.500000 100
1 17 148 13.500000 100
1 17 149 13.500000 100
1 17 150 13.500000 100
1 18 34 13.500000 100
1 18 35 13.500000 100
1 18 36 13.500000 100
1 18 37 13.500000 100
1 18 38 13.500000 100
1 18 39 13.500000 100
1 18 40 13.500000 100
1 18 41 13.500000 100
1 18 42 13.500000 100
1 18 43 13.500000 100
1 18 44 13.500000 100
1 18 45 13.500000 100
1 18 46 13.500000 100
1 18 47 13.500000 100
1 18 48 13.500000 100
1 18 49 13.500000 100
1 18 50 13.500000 100
1 18 51 13.500000 100
1 18 52 13.500000 100
1 18 53 13.500000 100
1 18 54 13.500000 100
1 18 55 13.500000 100
1 18 56 13.500000 100
1 18 57 13.500000 100
1 18 58 13.500000 100
1 18 59 13.500000 100
1 18 60 13.500000 100
1 18 61 13.500000 100
1 18 62 13.500000 100
1 18 63 13.500000 100
1 18 64 13.500000 100
1 18 65 13.500000 100
1 18 66 13.500000 100
1 18 67 13.500000 100
1 18 68 13.500000 100
1 18 69 13.500000 100
1 18 70 13.500000 100
1 18 71 13.500000 100
1 18 72 13.500000 100
1 18 73 13.500000 100
1 18 74 13.500000 100
1 18 75 13.500000 100
1 18 76 13.500000 100
1 18 77 13.500000 100
1 18 78 13.500000 100
1 18 79 13.500000 100
1 18 80 13.500000 100
1 18 81 13.500000 100
1 18 82 13.500000 100
1 18 83 13.500000 100
1 18 84 13.500000 100
1 18 85 13.500000 100
1 18 86 13.500000 100
1 18 87 13.500000 100
1 18 88 13.500000 100
1 18 89 13.500000 100
1 18 90 13.500000 100
1 18 91 13.500000 100
1 18 92 13.500000 100
1 18 93 13.500000 100
1 18 94 13.500000 100
1 18 95 13.500000 100
1 18 96 13.500000 100
1 18 97 13.500000 100
1 18 98 13.500000 100
1 18 99 13.500000 100
1 18 100 13.500000 100
1 18 101 13.500000 100
1 18 102 13.500000 100
1 18 103 13.500000 100
1 18 104 13.500000 100
1 18 105 13.500000 100
1 18 106 13.500000 100
1 18 107 13.500000 100
1 18 108 13.500000 100
1 18 109 13.500000 100
1 18 110 13.500000 100
1 18 111 13.500000 100
1 18 112 13.500000 100
1 18 113 13.500000 100
1 18 114 13.500000 100
1 18 115 13.500000 100
1 18 116 13.500000 100
1 18 117 13.500000 100
1 18 118 13.500000 100
1 18 119 13.500000 100
1 18 120 13.500000 100
1 18 121 13.500000 100
1 18 122 13.500000 100
1 18 123 13.500000 100
1 18 124 13.500000 100
1 18 125 13.500000 100
1 18 126 13.500000 100
1 18 127 13.500000 100
1 18 128 13.500000 100
1 18 129 13.500000 100
1 18 130 13.500000 100
1 18 131 13.500000 100
1 18 132 13.500000 100
1 18 133 13.500000 100
1 18 134 13.500000 100
1 18 135 13.500000 100
1 18 136 13.500000 100
1 18 137 13.500000 100
1 18 138 13.500000 100
1 18 139 13.500000 100
1 18 140 13.500000 100
1 18 141 13.500000 100
1 18 142 13.500000 100
1 18 143 13.500000 100
1 18 144 13.500000 100
1 18 145 13.500000 100
1 18 146 13.500000 100
1 18 147 13.500000 100
1 18 148 13.500000 100
1 18 149 13.500000 100
1 18 150 13.500000 100
1 19 32 13.500000 100
1 19 33 13.500000 100
1 19 34 13.500000 100
1 19 35 13.500000 100
1 19 36 13.500000 100
1 19 37 13.500000 100
1 19 38 13.500000 100
1 19 39 13.500000 100
1 19 40 13.500000 100
1 19 41 13.500000 100
1 19 42 13.500000 100
1 19 43 13.500000 100
1 19 44 13.500000 100
1 19 45 13.500000 100
1 19 46 13.500000 100
1 19 47 13.500000 100
1 19 48 13.500000 100
1 19 49 13.500000 100
1 19 50 13.500000 100
1 19 51 13.500000 100
1 19 52 13.500000 100
1 19 53 13.500000 100
1 19 54 13.500000 100
1 19 55 13.500000 100
1 19 56 13.500000 100
1 19 57 13.500000 100
1 19 58 13.500000 100
1 19 59 13.500000 100
1 19 60 13.500000 100
1 19 61 13.500000 100
1 19 62 13.500000 100
1 19 63 13.500000 100
1 19 64 13.500000 100
1 19 65 13.500000 100
1 19 66 13.500000 100
1 19 67 13.500000 100
1 19 68 13.500000 100
1 19 69 13.500000 100
1 19 70 13.500000 100
1 19 71 13.500000 100
1 19 72 13.500000 100
1 19 73 13.500000 100
1 19 74 13.500000 100
1 19 75 13.500000 100
1 19 76 13.500000 100
1 19 77 13.500000 100
1 19 78 13.500000 100
1 19 79 13.500000 100
1 19 80 13.500000 100
1 19 81 13.500000 100
1 19 82 13.500000 100
1 19 83 13.500000 100
1 19 84 13.500000 100
1 19 85 13.500000 100
1 19 86 13.500000 100
1 19 87 13.500000 100
1 19 88 13.500000 100
1 19 89 13.500000 100
1 19 90 13.500000 100
1 19 91 13.500000 100
1 19 92 13.500000 100
1 19 93 13.500000 100
1 19 94 13.500000 100
1 19 95 13.500000 100
1 19 96 13.500000 100
1 19 97 13.500000 100
1 19 98 13.500000 100
1 19 99 13.500000 100
1 19 100 13.500000 100
1 19 101 13.500000 100
1 19 102 13.500000 100
1 19 103 13.500000 100
1 19 104 13.500000 100
1 19 105 13.500000 100
1 19 106 13.500000 100
1 19 107 13.500000 100
1 19 108 13.500000 100
1 19 109 13.500000 100
1 19 110 13.500000 100
1 19 111 13.500000 100
1 19 112 13.500000 100
1 19 113 13.500000 100
1 19 114 13.500000 100
1 19 115 13.500000 100
1 19 116 13.500000 100
1 19 117 13.500000 100
1 19 118 13.500000 100
1 19 119 13.500000 100
1 19 120 13.500000 100
1 19 121 13.500000 100
1 19 122 13.500000 100
1 19 123 13.500000 100
1 19 124 13.500000 100
1 19 125 13.500000 100
1 19 126 13.500000 100
1 19 127 13.500000 100
1 19 128 13.500000 100
1 19 129 13.500000 100
1 19 130 13.500000 100
1 19 131 13.500000 100
1 19 132 13.500000 100
1 19 133 13.500000 100
1 19 134 13.500000 100
1 19 135 13.500000 100
1 19 136 13.500000 100
1 19 137 13.500000 100
1 19 138 13.500000 100
1 19 139 13.500000 100
1 19 140 13.500000 100
1 19 141 13.500000 100
1 19 142 13.500000 100
1 19 143 13.500000 100
1 19 144 13.500000 100
1 19 145 13.500000 100
1 19 146 13.500000 100
1 19 147 13.500000 100
1 19 148 13.500000 100
1 19 149 13.500000 100
1 19 150 13.500000 100
1 20 31 13.500000 100
1 20 32 13.500000 100
1 20 33 13.500000 100
1 20 34 13.500000 100
1 20 35 13.500000 100
1 20 36 13.500000 100
1 20 37 13.500000 100
1 20 38 13.500000 100
1 20 39 13.500000 100
1 20 40 13.500000 100
1 20 41 13.500000 100
1 20 42 13.500000 100
1 20 43 13.500000 100
1 20 44 13.500000 100
1 20 45 13.500000 100
1 20 46 13.500000 100
1 20 47 13.500000 100
1 20 48 13.500000 100
1 20 49 13.500000 100
1 20 50 13.500000 100
1 20 51 13.500000 100
1 20 52 13.500000 100
1 20 53 13.500000 100
1 20 54 13.500000 100
1 20 55 13.500000 100
1 20 56 13.500000 100
1 20 57 13.500000 100
1 20 58 13.500000 100
1 20 59 13.500000 100
1 20 60 13.500000 100
1 20 61 13.500000 100
1 20 62 13.500000 100
1 20 63 13.500000 100
1 20 64 13.500000 100
1 20 65 13.500000 100
1 20 66 13.500000 100
1 20 67 13.500000 100
1 20 68 13.500000 100
1 20 69 13.500000 100
1 20 70 13.500000 100
1 20 71 13.500000 100
1 20 72 13.500000 100
1 20 73 13.500000 100
1 20 74 13.500000 100
1 20 75 13.500000 100
1 20 76 13.500000 100
1 20 77 13.500000 100
1 20 78 13.500000 100
1 20 79 13.500000 100
1 20 80 13.500000 100
1 20 81 13.500000 100
1 20 82 13.500000 100
1 20 83 13.500000 100
1 20 84 13.500000 100
1 20 85 13.500000 100
1 20 86 13.500000 100
1 20 87 13.500000 100
1 20 88 13.500000 100
1 20 89 13.500000 100
1 20 90 13.500000 100
1 20 91 13.500000 100
1 20 92 13.500000 100
1 20 93 13.500000 100
1 20 94 13.500000 100
1 20 95 13.500000 100
1 20 96 13.500000 100
1 20 97 13.500000 100
1 20 98 13.500000 100
1 20 99 13.500000 100
1 20 100 13.500000 100
1 20 101 13.500000 100
1 20 102 13.500000 100
1 20 103 13.500000 100
1 20 104 13.500000 100
1 20 105 13.500000 100
1 20 106 13.500000 100
1 20 107 13.500000 100
1 20 108 13.500000 100
1 20 109 13.500000 100
1 20 110 13.500000 100
1 20 111 13.500000 100
1 20 112 13.500000 100
1 20 113 13.500000 100
1 20 114 13.500000 100
1 20 115 13.500000 100
1 20 116 13.500000 100
1 20 117 13.500000 100
1 20 118 13.500000 100
1 20 119 13.500000 100
1 20 120 13.500000 100
1 20 121 13.500000 100
1 20 122 13.500000 100
1 20 123 13.500000 100
1 20 124 13.500000 100
1 20 125 13.500000 100
1 20 126 13.500000 100
1 20 127 13.500000 100
1 20 128 13.500000 100
1 20 129 13.500000 100
1 20 130 13.500000 100
1 20 131 13.500000 100
1 20 132 13.500000 100
1 20 133 13.500000 100
1 20 134 13.500000 100
1 20 135 13.500000 100
1 20 136 13.500000 100
1 20 137 13.500000 100
1 20 138 13.500000 100
1 20 139 13.500000 100
1 20 140 13.500000 100
1 20 141 13.500000 100
1 20 142 13.500000 100
1 20 143 13.500000 100
1 20 144 13.500000 100
1 20 145 13.500000 100
1 20 146 13.500000 100
1 20 147 13.500000 100
1 20 148 13.500000 100
1 20 149 13.500000 100
1 20 150 13.500000 100
1 21 29 13.500000 100
1 21 30 13.500000 100
1 21 31 13.500000 100
1 21 32 13.500000 100
1 21 33 13.500000 100
1 21 34 13.500000 100
1 21 35 13.500000 100
1 21 36 13.500000 100
1 21 37 13.500000 100
1 21 38 13.500000 100
1 21 39 13.500000 100
1 21 40 13.500000 100
1 21 41 13.500000 100
1 21 42 13.500000 100
1 21 43 13.500000 100
1 21 44 13.500000 100
1 21 45 13.500000 100
1 21 46 13.500000 100
1 21 47 13.500000 100
1 21 48 13.500000 100
1 21 49 13.500000 100
1 21 50 13.500000 100
1 21 51 13.500000 100
1 21 52 13.500000 100
1 21 53 13.500000 100
1 21 54 13.500000 100
1 21 55 13.500000 100
1 21 56 13.500000 100
1 21 57 13.500000 100
1 21 58 13.500000 100
1 21 59 13.500000 100
1 21 60 13.500000 100
1 21 61 13.500000 100
1 21 62 13.500000 100
1 21 63 13.500000 100
1 21 64 13.500000 100
1 21 65 13.500000 100
1 21 66 13.500000 100
1 21 67 13.500000 100
1 21 68 13.500000 100
1 21 69 13.500000 100
1 21 70 13.500000 100
1 21 71 13.500000 100
1 21 72 13.500000 100
1 21 73 13.500000 100
1 21 74 13.500000 100
1 21 75 13.500000 100
1 21 76 13.500000 100
1 21 77 13.500000 100
1 21 78 13.500000 100
1 21 79 13.500000 100
1 21 80 13.500000 100
1 21 81 13.500000 100
1 21 82 13.500000 100
1 21 83 13.500000 100
1 21 84 13.500000 100
1 21 85 13.500000 100
1 21 86 13.500000 100
1 21 87 13.500000 100
1 21 88 13.500000 100
1 21 89 13.500000 100
1 21 90 13.500000 100
1 21 91 13.500000 100
1 21 92 13.500000 100
1 21 93 13.500000 100
1 21 94 13.500000 100
1 21 95 13.500000 100
1 21 96 13.500000 100
1 21 97 13.500000 100
1 21 98 13.500000 100
1 21 99 13.500000 100
1 21 100 13.500000 100
1 21 101 13.500000 100
1 21 102 13.500000 100
1 21 103 13.500000 100
1 21 104 13.500000 100
1 21 105 13.500000 100
1 21 106 13.500000 100
1 21 107 13.500000 100
1 21 108 13.500000 100
1 21 109 13.500000 100
1 21 110 13.500000 100
1 21 111 13.500000 100
1 21 112 13.500000 100
1 21 113 13.500000 100
1 21 114 13.500000 100
1 21 115 13.500000 100
1 21 116 13.500000 100
1 21 117 13.500000 100
1 21 118 13.500000 100
1 21 119 13.500000 100
1 21 120 13.500000 100
1 21 121 13.500000 100
1 21 122 13.500000 100
1 21 123 13.500000 100
1 21 124 13.500000 100
1 21 125 13.500000 100
1 21 126 13.500000 100
1 21 127 13.500000 100
1 21 128 13.500000 100
1 21 129 13.500000 100
1 21 130 13.500000 100
1 21 131 13.500000 100
1 21 132 13.500000 100
1 21 133 13.500000 100
1 21 134 13.500000 100
1 21 135 13.500000 100
1 21 136 13.500000 100
1 21 137 13.500000 100
1 21 138 13.500000 100
1 21 139 13.500000 100
1 21 140 13.500000 100
1 21 141 13.500000 100
1 21 142 13.500000 100
1 21 143 13.500000 100
1 21 144 13.500000 100
1 21 145 13.500000 100
1 21 146 13.500000 100
1 21 147 13.500000 100
1 21 148 13.500000 100
1 21 149 13.500000 100
1 21 150 13.500000 100
1 22 28 13.500000 100
1 22 29 13.500000 100
1 22 30 13.500000 100
1 22 31 13.500000 100
1 22 32 13.500000 100
1 22 33 13.500000 100
1 22 34 13.500000 100
1 22 35 13.500000 100
1 22 36 13.500000 100
1 22 37 13.500000 100
1 22 38 13.500000 100
1 22 39 13.500000 100
1 22 40 13.500000 100
1 22 41 13.500000 100
1 22 42 13.500000 100
1 22 43 13.500000 100
1 22 44 13.500000 100
1 22 45 13.500000 100
1 22 46 13.500000 100
1 22 47 13.500000 100
1 22 48 13.500000 100
1 22 49 13.500000 100
1 22 50 13.500000 100
1 22 51 13.500000 100
1 22 52 13.500000 100
1 22 53 13.500000 100
1 22 54 13.500000 100
1 22 55 13.500000 100
1 22 56 13.500000 100
1 22 57 13.500000 100
1 22 58 13.500000 100
1 22 59 13.500000 100
1 22 60 13.500000 100
1 22 61 13.500000 100
1 22 62 13.500000 100
1 22 63 13.500000 100
1 22 64 13.500000 100
1 22 65 13.500000 100
1 22 66 13.500000 100
1 22 67 13.500000 100
1 22 68 13.500000 100
1 22 69 13.500000 100
1 22 70 13.500000 100
1 22 71 13.500000 100
1 22 72 13.500000 100
1 22 73 13.500000 100
1 22 74 13.500000 100
1 22 75 13.500000 100
1 22 76 13.500000 100
1 22 77 13.500000 100
1 22 78 13.500000 100
1 22 79 13.500000 100
1 22 80 13.500000 100
1 22 81 13.500000 100
1 22 82 13.500000 100
1 22 83 13.500000 100
1 22 84 13.500000 100
1 22 85 13.500000 100
1 22 86 13.500000 100
1 22 87 13.500000 100
1 22 88 13.500000 100
1 22 89 13.500000 100
1 22 90 13.500000 100
1 22 91 13.500000 100
1 22 92 13.500000 100
1 22 93 13.500000 100
1 22 94 13.500000 100
1 22 95 13.500000 100
1 22 96 13.500000 100
1 22 97 13.500000 100
1 22 98 13.500000 100
1 22 99 13.500000 100
1 22 100 13.500000 100
1 22 101 13.500000 100
1 22 102 13.500000 100
1 22 103 13.500000 100
1 22 104 13.500000 100
1 22 105 13.500000 100
1 22 106 13.500000 100
1 22 107 13.500000 100
1 22 108 13.500000 100
1 22 109 13.500000 100
1 22 110 13.500000 100
1 22 111 13.500000 100
1 22 112 13.500000 100
1 22 113 13.500000 100
1 22 114 13.500000 100
1 22 115 13.500000 100
1 22 116 13.500000 100
1 22 117 13.500000 100
1 22 118 13.500000 100
1 22 119 13.500000 100
1 22 120 13.500000 100
1 22 121 13.500000 100
1 22 122 13.500000 100
1 22 123 13.500000 100
1 22 124 13.500000 100
1 22 125 13.500000 100
1 22 126 13.500000 100
1 22 127 13.500000 100
1 22 128 13.500000 100
1 22 129 13.500000 100
1 22 130 13.500000 100
1 22 131 13.500000 100
1 22 132 13.500000 100
1 22 133 13.500000 100
1 22 134 13.500000 100
1 22 135 13.500000 100
1 22 136 13.500000 100
1 22 137 13.500000 100
1 22 138 13.500000 100
1 22 139 13.500000 100
1 22 140 13.500000 100
1 22 141 13.500000 100
1 22 142 13.500000 100
1 22 143 13.500000 100
1 22 144 13.500000 100
1 22 145 13.500000 100
1 22 146 13.500000 100
1 22 147 13.500000 100
1 22 148 13.500000 100
1 22 149 13.500000 100
1 22 150 13.500000 100
1 23 26 13.500000 100
1 23 27 13.500000 100
1 23 28 13.500000 100
1 23 29 13.500000 100
1 23 30 13.500000 100
1 23 31 13.500000 100
1 23 32 13.500000 100
1 23 33 13.500000 100
1 23 34 13.500000 100
1 23 35 13.500000 100
1 23 36 13.500000 100
1 23 37 13.500000 100
1 23 38 13.500000 100
1 23 39 13.500000 100
1 23 40 13.500000 100
1 23 41 13.500000 100
1 23 42 13.500000 100
1 23 43 13.500000 100
1 23 44 13.500000 100
1 23 45 13.500000 100
1 23 46 13.500000 100
1 23 47 13.500000 100
1 23 48 13.500000 100
1 23 49 13.500000 100
1 23 50 13.500000 100
1 23 51 13.500000 100
1 23 52 13.500000 100
1 23 53 13.500000 100
1 23 54 13.500000 100
1 23 55 13.500000 100
1 23 56 13.500000 100
1 23 57 13.500000 100
1 23 58 13.500000 100
1 23 59 13.500000 100
1 23 60 13.500000 100
1 23 61 13.500000 100
1 23 62 13.500000 100
1 23 63 13.500000 100
1 23 64 13.500000 100
1 23 65 13.500000 100
1 23 66 13.500000 100
1 23 67 13.500000 100
1 23 68 13.500000 100
1 23 69 13.500000 100
1 23 70 13.500000 100
1 23 71 13.500000 100
1 23 72 13.500000 100
1 23 73 13.500000 100
1 23 74 13.500000 100
1 23 75 13.500000 100
1 23 76 13.500000 100
1 23 77 13.500000 100
1 23 78 13.500000 100
1 23 79 13.500000 100
1 23 80 13.500000 100
1 23 81 13.500000 100
1 23 82 13.500000 100
1 23 83 13.500000 100
1 23 84 13.500000 100
1 23 85 13.500000 100
1 23 86 13.500000 100
1 23 87 13.500000 100
1 23 88 13.500000 100
1 23 89 13.500000 100
1 23 90 13.500000 100
1 23 91 13.500000 100
1 23 92 13.500000 100
1 23 93 13.500000 100
1 23 94 13.500000 100
1 23 95 13.500000 100
1 23 96 13.500000 100
1 23 97 13.500000 100
1 23 98 13.500000 100
1 23 99 13.500000 100
1 23 100 13.500000 100
1 23 101 13.500000 100
1 23 102 13.500000 100
1 23 103 13.500000 100
1 23 104 13.500000 100
1 23 105 13.500000 100
1 23 106 13.500000 100
1 23 107 13.500000 100
1 23 108 13.500000 100
1 23 109 13.500000 100
1 23 110 13.500000 100
1 23 111 13.500000 100
1 23 112 13.500000 100
1 23 113 13.500000 100
1 23 114 13.500000 100
1 23 115 13.500000 100
1 23 116 13.500000 100
1 23 117 13.500000 100
1 23 118 13.500000 100
1 23 119 13.500000 100
1 23 120 13.500000 100
1 23 121 13.500000 100
1 23 122 13.500000 100
1 23 123 13.500000 100
1 23 124 13.500000 100
1 23 125 13.500000 100
1 23 126 13.500000 100
1 23 127 13.500000 100
1 23 128 13.500000 100
1 23 129 13.500000 100
1 23 130 13.500000 100
1 23 131 13.500000 100
1 23 132 13.500000 100
1 23 133 13.500000 100
1 23 134 13.500000 100
1 23 135 13.500000 100
1 23 136 13.500000 100
1 23 137 13.500000 100
1 23 138 13.500000 100
1 23 139 13.500000 100
1 23 140 13.500000 100
1 23 141 13.500000 100
1 23 142 13.500000 100
1 23 143 13.500000 100
1 23 144 13.500000 100
1 23 145 13.500000 100
1 23 146 13.500000 100
1 23 147 13.500000 100
1 23 148 13.500000 100
1 23 149 13.500000 100
1 23 150 13.500000 100
1 24 25 13.500000 100
1 24 26 13.500000 100
1 24 27 13.500000 100
1 24 28 13.500000 100
1 24 29 13.500000 100
1 24 30 13.500000 100
1 24 31 13.500000 100
1 24 32 13.500000 100
1 24 33 13.500000 100
1 24 34 13.500000 100
1 24 35 13.500000 100
1 24 36 13.500000 100
1 24 37 13.500000 100
1 24 38 13.500000 100
1 24 39 13.500000 100
1 24 40 13.500000 100
1 24 41 13.500000 100
1 24 42 13.500000 100
1 24 43 13.500000 100
1 24 44 13.500000 100
1 24 45 13.500000 100
1 24 46 13.500000 100
1 24 47 13.500000 100
1 24 48 13.500000 100
1 24 49 13.500000 100
1 24 50 13.500000 100
1 24 51 13.500000 100
1 24 52 13.500000 100
1 24 53 13.500000 100
1 24 54 13.500000 100
1 24 55 13.500000 100
1 24 56 13.500000 100
1 24 57 13.500000 100
1 24 58 13.500000 100
1 24 59 13.500000 100
1 24 60 13.500000 100
1 24 61 13.500000 100
1 24 62 13.500000 100
1 24 63 13.500000 100
1 24 64 13.500000 100
1 24 65 13.500000 100
1 24 66 13.500000 100
1 24 67 13.500000 100
1 24 68 13.500000 100
1 24 69 13.500000 100
1 24 70 13.500000 100
1 24 71 13.500000 100
1 24 72 13.500000 100
1 24 73 13.500000 100
1 24 74 13.500000 100
1 24 75 13.500000 100
1 24 76 13.500000 100
1 24 77 13.500000 100
1 24 78 13.500000 100
1 24 79 13.500000 100
1 24 80 13.500000 100
1 24 81 13.500000 100
1 24 82 13.500000 100
1 24 83 13.500000 100
1 24 84 13.500000 100
1 24 85 13.500000 100
1 24 86 13.500000 100
1 24 87 13.500000 100
1 24 88 13.500000 100
1 24 89 13.500000 100
1 24 90 13.500000 100
1 24 91 13.500000 100
1 24 92 13.500000 100
1 24 93 13.500000 100
1 24 94 13.500000 100
1 24 95 13.500000 100
1 24 96 13.500000 100
1 24 97 13.500000 100
1 24 98 13.500000 100
1 24 99 13.500000 100
1 24 100 13.500000 100
1 24 101 13.500000 100
1 24 102 13.500000 100
1 24 103 13.500000 100
1 24 104 13.500000 100
1 24 105 13.500000 100
1 24 106 13.500000 100
1 24 107 13.500000 100
1 24 108 13.500000 100
1 24 109 13.500000 100
1 24 110 13.500000 100
1 24 111 13.500000 100
1 24 112 13.500000 100
1 24 113 13.500000 100
1 24 114 13.500000 100
1 24 115 13.500000 100
1 24 116 13.500000 100
1 24 117 13.500000 100
1 24 118 13.500000 100
1 24 119 13.500000 100
1 24 120 13.500000 100
1 24 121 13.500000 100
1 24 122 13.500000 100
1 24 123 13.500000 100
1 24 124 13.500000 100
1 24 125 13.500000 100
1 24 126 13.500000 100
1 24 127 13.500000 100
1 24 128 13.500000 100
1 24 129 13.500000 100
1 24 130 13.500000 100
1 24 131 13.500000 100
1 24 132 13.500000 100
1 24 133 13.500000 100
1 24 134 13.500000 100
1 24 135 13.500000 100
1 24 136 13.500000 100
1 24 137 13.500000 100
1 24 138 13.500000 100
1 24 139 13.500000 100
1 24 140 13.500000 100
1 24 141 13.500000 100
1 24 142 13.500000 100
1 24 143 13.500000 100
1 24 144 13.500000 100
1 24 145 13.500000 100
1 24 146 13.500000 100
1 24 147 13.500000 100
1 24 148 13.500000 100
1 24 149 13.500000 100
1 24 150 13.500000 100
1 25 23 13.500000 100
1 25 24 13.500000 100
1 25 25 13.500000 100
1 25 26 13.500000 100
1 25 27 13.500000 100
1 25 28 13.500000 100
1 25 29 13.500000 100
1 25 30 13.500000 100
1 25 31 13.500000 100
1 25 32 13.500000 100
1 25 33 13.500000 100
1 25 34 13.500000 100
1 25 35 13.500000 100
1 25 36 13.500000 100
1 25 37 13.500000 100
1 25 38 13.500000 100
1 25 39 13.500000 100
1 25 40 13.500000 100
1 25 41 13.500000 100
1 25 42 13.500000 100
1 25 43 13.500000 100
1 25 44 13.500000 100
1 25 45 13.500000 100
1 25 46 13.500000 100
1 25 47 13.500000 100
1 25 48 13.500000 100
1 25 49 13.500000 100
1 25 50 13.500000 100
1 25 51 13.500000 100
1 25 52 13.500000 100
1 25 53 13.500000 100
1 25 54 13.500000 100
1 25 55 13.500000 100
1 25 56 13.500000 100
1 25 57 13.500000 100
1 25 58 13.500000 100
1 25 59 13.500000 100
1 25 60 13.500000 100
1 25 61 13.500000 100
1 25 62 13.500000 100
1 25 63 13.500000 100
1 25 64 13.500000 100
1 25 65 13.500000 100
1 25 66 13.500000 100
1 25 67 13.500000 100
1 25 68 13.500000 100
1 25 69 13.500000 100
1 25 70 13.500000 100
1 25 71 13.500000 100
1 25 72 13.500000 100
1 25 73 13.500000 100
1 25 74 13.500000 100
1 25 75 13.500000 100
1 25 76 13.500000 100
1 25 77 13.500000 100
1 25 78 13.500000 100
1 25 79 13.500000 100
1 25 80 13.500000 100
1 25 81 13.500000 100
1 25 82 13.500000 100
1 25 83 13.500000 100
1 25 84 13.500000 100
1 25 85 13.500000 100
1 25 86 13.500000 100
1 25 87 13.500000 100
1 25 88 13.500000 100
1 25 89 13.500000 100
1 25 90 13.500000 100
1 25 91 13.500000 100
1 25 92 13.500000 100
1 25 93 13.500000 100
1 25 94 13.500000 100
1 25 95 13.500000 100
1 25 96 13.500000 100
1 25 97 13.500000 100
1 25 98 13.500000 100
1 25 99 13.500000 100
1 25 100 13.500000 100
1 25 101 13.500000 100
1 25 102 13.500000 100
1 25 103 13.500000 100
1 25 104 13.500000 100
1 25 105 13.500000 100
1 25 106 13.500000 100
1 25 107 13.500000 100
1 25 108 13.500000 100
1 25 109 13.500000 100
1 25 110 13.500000 100
1 25 111 13.500000 100
1 25 112 13.500000 100
1 25 113 13.500000 100
1 25 114 13.500000 100
1 25 115 13.500000 100
1 25 116 13.500000 100
1 25 117 13.500000 100
1 25 118 13.500000 100
1 25 119 13.500000 100
1 25 120 13.500000 100
1 25 121 13.500000 100
1 25 122 13.500000 100
1 25 123 13.500000 100
1 25 124 13.500000 100
1 25 125 13.500000 100
1 25 126 13.500000 100
1 25 127 13.500000 100
1 25 128 13.500000 100
1 25 129 13.500000 100
1 25 130 13.500000 100
1 25 131 13.500000 100
1 25 132 13.500000 100
1 25 133 13.500000 100
1 25 134 13.500000 100
1 25 135 13.500000 100
1 25 136 13.500000 100
1 25 137 13.500000 100
1 25 138 13.500000 100
1 25 139 13.500000 100
1 25 140 13.500000 100
1 25 141 13.500000 100
1 25 142 13.500000 100
1 25 143 13.500000 100
1 25 144 13.500000 100
1 25 145 13.500000 100
1 25 146 13.500000 100
1 25 147 13.500000 100
1 25 148 13.500000 100
1 25 149 13.500000 100
1 25 150 13.500000 100
1 26 22 13.500000 100
1 26 23 13.500000 100
1 26 24 13.500000 100
1 26 25 13.500000 100
1 26 26 13.500000 100
1 26 27 13.500000 100
1 26 28 13.500000 100
1 26 29 13.500000 100
1 26 30 13.500000 100
1 26 31 13.500000 100
1 26 32 13.500000 100
1 26 33 13.500000 100
1 26 34 13.500000 100
1 26 35 13.500000 100
1 26 36 13.500000 100
1 26 37 13.500000 100
1 26 38 13.500000 100
1 26 39 13.500000 100
1 26 40 13.500000 100
1 26 41 13.500000 100
1 26 42 13.500000 100
1 26 43 13.500000 100
1 26 44 13.500000 100
1 26 45 13.500000 100
1 26 46 13.500000 100
1 26 47 13.500000 100
1 26 48 13.500000 100
1 26 49 13.500000 100
1 26 50 13.500000 100
1 26 51 13.500000 100
1 26 52 13.500000 100
1 26 53 13.500000 100
1 26 54 13.500000 100
1 26 55 13.500000 100
1 26 56 13.500000 100
1 26 57 13.500000 100
1 26 58 13.500000 100
1 26 59 13.500000 100
1 26 60 13.500000 100
1 26 61 13.500000 100
1 26 62 13.500000 100
1 26 63 13.500000 100
1 26 64 13.500000 100
1 26 65 13.500000 100
1 26 66 13.500000 100
1 26 67 13.500000 100
1 26 68 13.500000 100
1 26 69 13.500000 100
1 26 70 13.500000 100
1 26 71 13.500000 100
1 26 72 13.500000 100
1 26 73 13.500000 100
1 26 74 13.500000 100
1 26 75 13.500000 100
1 26 76 13.500000 100
1 26 77 13.500000 100
1 26 78 13.500000 100
1 26 79 13.500000 100
1 26 80 13.500000 100
1 26 81 13.500000 100
1 26 82 13.500000 100
1 26 83 13.500000 100
1 26 84 13.500000 100
1 26 85 13.500000 100
1 26 86 13.500000 100
1 26 87 13.500000 100
1 26 88 13.500000 100
1 26 89 13.500000 100
1 26 90 13.500000 100
1 26 91 13.500000 100
1 26 92 13.500000 100
1 26 93 13.500000 100
1 26 94 13.500000 100
1 26 95 13.500000 100
1 26 96 13.500000 100
1 26 97 13.500000 100
1 26 98 13.500000 100
1 26 99 13.500000 100
1 26 100 13.500000 100
1 26 101 13.500000 100
1 26 102 13.500000 100
1 26 103 13.500000 100
1 26 104 13.500000 100
1 26 105 13.500000 100
1 26 106 13.500000 100
1 26 107 13.500000 100
1 26 108 13.500000 100
1 26 109 13.500000 100
1 26 110 13.500000 100
1 26 111 13.500000 100
1 26 112 13.500000 100
1 26 113 13.500000 100
1 26 114 13.500000 100
1 26 115 13.500000 100
1 26 116 13.500000 100
1 26 117 13.500000 100
1 26 118 13.500000 100
1 26 119 13.500000 100
1 26 120 13.500000 100
1 26 121 13.500000 100
1 26 122 13.500000 100
1 26 123 13.500000 100
1 26 124 13.500000 100
1 26 125 13.500000 100
1 26 126 13.500000 100
1 26 127 13.500000 100
1 26 128 13.500000 100
1 26 129 13.500000 100
1 26 130 13.500000 100
1 26 131 13.500000 100
1 26 132 13.500000 100
1 26 133 13.500000 100
1 26 134 13.500000 100
1 26 135 13.500000 100
1 26 136 13.500000 100
1 26 137 13.500000 100
1 26 138 13.500000 100
1 26 139 13.500000 100
1 26 140 13.500000 100
1 26 141 13.500000 100
1 26 142 13.500000 100
1 26 143 13.500000 100
1 26 144 13.500000 100
1 26 145 13.500000 100
1 26 146 13.500000 100
1 26 147 13.500000 100
1 26 148 13.500000 100
1 26 149 13.500000 100
1 26 150 13.500000 100
1 27 21 13.500000 100
1 27 22 13.500000 100
1 27 23 13.500000 100
1 27 24 13.500000 100
1 27 25 13.500000 100
1 27 26 13.500000 100
1 27 27 13.500000 100
1 27 28 13.500000 100
1 27 29 13.500000 100
1 27 30 13.500000 100
1 27 31 13.500000 100
1 27 32 13.500000 100
1 27 33 13.500000 100
1 27 34 13.500000 100
1 27 35 13.500000 100
1 27 36 13.500000 100
1 27 37 13.500000 100
1 27 38 13.500000 100
1 27 39 13.500000 100
1 27 40 13.500000 100
1 27 41 13.500000 100
1 27 42 13.500000 100
1 27 43 13.500000 100
1 27 44 13.500000 100
1 27 45 13.500000 100
1 27 46 13.500000 100
1 27 47 13.500000 100
1 27 48 13.500000 100
1 27 49 13.500000 100
1 27 50 13.500000 100
1 27 51 13.500000 100
1 27 52 13.500000 100
1 27 53 13.500000 100
1 27 54 13.500000 100
1 27 55 13.500000 100
1 27 56 13.500000 100
1 27 57 13.500000 100
1 27 58 13.500000 100
1 27 59 13.500000 100
1 27 60 13.500000 100
1 27 61 13.500000 100
1 27 62 13.500000 100
1 27 63 13.500000 100
1 27 64 13.500000 100
1 27 65 13.500000 100
1 27 66 13.500000 100
1 27 67 13.500000 100
1 27 68 13.500000 100
1 27 69 13.500000 100
1 27 70 13.500000 100
1 27 71 13.500000 100
1 27 72 13.500000 100
1 27 73 13.500000 100
1 27 74 13.500000 100
1 27 75 13.500000 100
1 27 76 13.500000 100
1 27 77 13.500000 100
1 27 78 13.500000 100
1 27 79 13.500000 100
1 27 80 13.500000 100
1 27 81 13.500000 100
1 27 82 13.500000 100
1 27 83 13.500000 100
1 27 84 13.500000 100
1 27 85 13.500000 100
1 27 86 13.500000 100
1 27 87 13.500000 100
1 27 88 13.500000 100
1 27 89 13.500000 100
1 27 90 13.500000 100
1 27 91 13.500000 100
1 27 92 13.500000 100
1 27 93 13.500000 100
1 27 94 13.500000 100
1 27 95 13.500000 100
1 27 96 13.500000 100
1 27 97 13.500000 100
1 27 98 13.500000 100
1 27 99 13.500000 100
1 27 100 13.500000 100
1 27 101 13.500000 100
1 27 102 13.500000 100
1 27 103 13.500000 100
1 27 104 13.500000 100
1 27 105 13.500000 100
1 27 106 13.500000 100
1 27 107 13.500000 100
1 27 108 13.500000 100
1 27 109 13.500000 100
1 27 110 13.500000 100
1 27 111 13.500000 100
1 27 112 13.500000 100
1 27 113 13.500000 100
1 27 114 13.500000 100
1 27 115 13.500000 100
1 27 116 13.500000 100
1 27 117 13.500000 100
1 27 118 13.500000 100
1 27 119 13.500000 100
1 27 120 13.500000 100
1 27 121 13.500000 100
1 27 122 13.500000 100
1 27 123 13.500000 100
1 27 124 13.500000 100
1 27 125 13.500000 100
1 27 126 13.500000 100
1 27 127 13.500000 100
1 27 128 13.500000 100
1 27 129 13.500000 100
1 27 130 13.500000 100
1 27 131 13.500000 100
1 27 132 13.500000 100
1 27 133 13.500000 100
1 27 134 13.500000 100
1 27 135 13.500000 100
1 27 136 13.500000 100
1 27 137 13.500000 100
1 27 138 13.500000 100
1 27 139 13.500000 100
1 27 140 13.500000 100
1 27 141 13.500000 100
1 27 142 13.500000 100
1 27 143 13.500000 100
1 27 144 13.500000 100
1 27 145 13.500000 100
1 27 146 13.500000 100
1 27 147 13.500000 100
1 27 148 13.500000 100
1 27 149 13.500000 100
1 27 150 13.500000 100
1 28 20 13.500000 100
1 28 21 13.500000 100
1 28 22 13.500000 100
1 28 23 13.500000 100
1 28 24 13.500000 100
1 28 25 13.500000 100
1 28 26 13.500000 100
1 28 27 13.500000 100
1 28 28 13.500000 100
1 28 29 13.500000 100
1 28 30 13.500000 100
1 28 31 13.500000 100
1 28 32 13.500000 100
1 28 33 13.500000 100
1 28 34 13.500000 100
1 28 35 13.500000 100
1 28 36 13.500000 100
1 28 37 13.500000 100
1 28 38 13.500000 100
1 28 39 13.500000 100
1 28 40 13.500000 100
1 28 41 13.500000 100
1 28 42 13.500000 100
1 28 43 13.500000 100
1 28 44 13.500000 100
1 28 45 13.500000 100
1 28 46 13.500000 100
1 28 47 13.500000 100
1 28 48 13.500000 100
1 28 49 13.500000 100
1 28 50 13.500000 100
1 28 51 13.500000 100
1 28 52 13.500000 100
1 28 53 13.500000 100
1 28 54 13.500000 100
1 28 55 13.500000 100
1 28 56 13.500000 100
1 28 57 13.500000 100
1 28 58 13.500000 100
1 28 59 13.500000 100
1 28 60 13.500000 100
1 28 61 13.500000 100
1 28 62 13.500000 100
1 28 63 13.500000 100
1 28 64 13.500000 100
1 28 65 13.500000 100
1 28 66 13.500000 100
1 28 67 13.500000 100
1 28 68 13.500000 100
1 28 69 13.500000 100
1 28 70 13.500000 100
1 28 71 13.500000 100
1 28 72 13.500000 100
1 28 73 13.500000 100
1 28 74 13.500000 100
1 28 75 13.500000 100
1 28 76 13.500000 100
1 28 77 13.500000 100
1 28 78 13.500000 100
1 28 79 13.500000 100
1 28 80 13.500000 100
1 28 81 13.500000 100
1 28 82 13.500000 100
1 28 83 13.500000 100
1 28 84 13.500000 100
1 28 85 13.500000 100
1 28 86 13.500000 100
1 28 87 13.500000 100
1 28 88 13.500000 100
1 28 89 13.500000 100
1 28 90 13.500000 100
1 28 91 13.500000 100
1 28 92 13.500000 100
1 28 93 13.500000 100
1 28 94 13.500000 100
1 28 95 13.500000 100
1 28 96 13.500000 100
1 28 97 13.500000 100
1 28 98 13.500000 100
1 28 99 13.500000 100
1 28 100 13.500000 100
1 28 101 13.500000 100
1 28 102 13.500000 100
1 28 103 13.500000 100
1 28 104 13.500000 100
1 28 105 13.500000 100
1 28 106 13.500000 100
1 28 107 13.500000 100
1 28 108 13.500000 100
1 28 109 13.500000 100
1 28 110 13.500000 100
1 28 111 13.500000 100
1 28 112 13.500000 100
1 28 113 13.500000 100
1 28 114 13.500000 100
1 28 115 13.500000 100
1 28 116 13.500000 100
1 28 117 13.500000 100
1 28 118 13.500000 100
1 28 119 13.500000 100
1 28 120 13.500000 100
1 28 121 13.500000 100
1 28 122 13.500000 100
1 28 123 13.500000 100
1 28 124 13.500000 100
1 28 125 13.500000 100
1 28 126 13.500000 100
1 28 127 13.500000 100
1 28 128 13.500000 100
1 28 129 13.500000 100
1 28 130 13.500000 100
1 28 131 13.500000 100
1 28 132 13.500000 100
1 28 133 13.500000 100
1 28 134 13.500000 100
1 28 135 13.500000 100
1 28 136 13.500000 100
1 28 137 13.500000 100
1 28 138 13.500000 100
1 28 139 13.500000 100
1 28 140 13.500000 100
1 28 141 13.500000 100
1 28 142 13.500000 100
1 28 143 13.500000 100
1 28 144 13.500000 100
1 28 145 13.500000 100
1 28 146 13.500000 100
1 28 147 13.500000 100
1 28 148 13.500000 100
1 28 149 13.500000 100
1 28 150 13.500000 100
1 29 20 13.500000 100
1 29 21 13.500000 100
1 29 22 13.500000 100
1 29 23 13.500000 100
1 29 24 13.500000 100
1 29 25 13.500000 100
1 29 26 13.500000 100
1 29 27 13.500000 100
1 29 28 13.500000 100
1 29 29 13.500000 100
1 29 30 13.500000 100
1 29 31 13.500000 100
1 29 32 13.500000 100
1 29 33 13.500000 100
1 29 34 13.500000 100
1 29 35 13.500000 100
1 29 36 13.500000 100
1 29 37 13.500000 100
1 29 38 13.500000 100
1 29 39 13.500000 100
1 29 40 13.500000 100
1 29 41 13.500000 100
1 29 42 13.500000 100
1 29 43 13.500000 100
1 29 44 13.500000 100
1 29 45 13.500000 100
1 29 46 13.500000 100
1 29 47 13.500000 100
1 29 48 13.500000 100
1 29 49 13.500000 100
1 29 50 13.500000 100
1 29 51 13.500000 100
1 29 52 13.500000 100
1 29 53 13.500000 100
1 29 54 13.500000 100
1 29 55 13.500000 100
1 29 56 13.500000 100
1 29 57 13.500000 100
1 29 58 13.500000 100
1 29 59 13.500000 100
1 29 60 13.500000 100
1 29 61 13.500000 100
1 29 62 13.500000 100
1 29 63 13.500000 100
1 29 64 13.500000 100
1 29 65 13.500000 100
1 29 66 13.500000 100
1 29 67 13.500000 100
1 29 68 13.500000 100
1 29 69 13.500000 100
1 29 70 13.500000 100
1 29 71 13.500000 100
1 29 72 13.500000 100
1 29 73 13.500000 100
1 29 74 13.500000 100
1 29 75 13.500000 100
1 29 76 13.500000 100
1 29 77 13.500000 100
1 29 78 13.500000 100
1 29 79 13.500000 100
1 29 80 13.500000 100
1 29 81 13.500000 100
1 29 82 13.500000 100
1 29 83 13.500000 100
1 29 84 13.500000 100
1 29 85 13.500000 100
1 29 86 13.500000 100
1 29 87 13.500000 100
1 29 88 13.500000 100
1 29 89 13.500000 100
1 29 90 13.500000 100
1 29 91 13.500000 100
1 29 92 13.500000 100
1 29 93 13.500000 100
1 29 94 13.500000 100
1 29 95 13.500000 100
1 29 96 13.500000 100
1 29 97 13.500000 100
1 29 98 13.500000 100
1 29 99 13.500000 100
1 29 100 13.500000 100
1 29 101 13.500000 100
1 29 102 13.500000 100
1 29 103 13.500000 100
1 29 104 13.500000 100
1 29 105 13.500000 100
1 29 106 13.500000 100
1 29 107 13.500000 100
1 29 108 13.500000 100
1 29 109 13.500000 100
1 29 110 13.500000 100
1 29 111 13.500000 100
1 29 112 13.500000 100
1 29 113 13.500000 100
1 29 114 13.500000 100
1 29 115 13.500000 100
1 29 116 13.500000 100
1 29 117 13.500000 100
1 29 118 13.500000 100
1 29 119 13.500000 100
1 29 120 13.500000 100
1 29 121 13.500000 100
1 29 122 13.500000 100
1 29 123 13.500000 100
1 29 124 13.500000 100
1 29 125 13.500000 100
1 29 126 13.500000 100
1 29 127 13.500000 100
1 29 128 13.500000 100
1 29 129 13.500000 100
1 29 130 13.500000 100
1 29 131 13.500000 100
1 29 132 13.500000 100
1 29 133 13.500000 100
1 29 134 13.500000 100
1 29 135 13.500000 100
1 29 136 13.500000 100
1 29 137 13.500000 100
1 29 138 13.500000 100
1 29 139 13.500000 100
1 29 140 13.500000 100
1 29 141 13.500000 100
1 29 142 13.500000 100
1 29 143 13.500000 100
1 29 144 13.500000 100
1 29 145 13.500000 100
1 29 146 13.500000 100
1 29 147 13.500000 100
1 29 148 13.500000 100
1 29 149 13.500000 100
1 29 150 13.500000 100
1 30 19 13.500000 100
1 30 20 13.500000 100
1 30 21 13.500000 100
1 30 22 13.500000 100
1 30 23 13.500000 100
1 30 24 13.500000 100
1 30 25 13.500000 100
1 30 26 13.500000 100
1 30 27 13.500000 100
1 30 28 13.500000 100
1 30 29 13.500000 100
1 30 30 13.500000 100
1 30 31 13.500000 100
1 30 32 13.500000 100
1 30 33 13.500000 100
1 30 34 13.500000 100
1 30 35 13.500000 100
1 30 36 13.500000 100
1 30 37 13.500000 100
1 30 38 13.500000 100
1 30 39 13.500000 100
1 30 40 13.500000 100
1 30 41 13.500000 100
1 30 42 13.500000 100
1 30 43 13.500000 100
1 30 44 13.500000 100
1 30 45 13.500000 100
1 30 46 13.500000 100
1 30 47 13.500000 100
1 30 48 13.500000 100
1 30 49 13.500000 100
1 30 50 13.500000 100
1 30 51 13.500000 100
1 30 52 13.500000 100
1 30 53 13.500000 100
1 30 54 13.500000 100
1 30 55 13.500000 100
1 30 56 13.500000 100
1 30 57 13.500000 100
1 30 58 13.500000 100
1 30 59 13.500000 100
1 30 60 13.500000 100
1 30 61 13.500000 100
1 30 62 13.500000 100
1 30 63 13.500000 100
1 30 64 13.500000 100
1 30 65 13.500000 100
1 30 66 13.500000 100
1 30 67 13.500000 100
1 30 68 13.500000 100
1 30 69 13.500000 100
1 30 70 13.500000 100
1 30 71 13.500000 100
1 30 72 13.500000 100
1 30 73 13.500000 100
1 30 74 13.500000 100
1 30 75 13.500000 100
1 30 76 13.500000 100
1 30 77 13.500000 100
1 30 78 13.500000 100
1 30 79 13.500000 100
1 30 80 13.500000 100
1 30 81 13.500000 100
1 30 82 13.500000 100
1 30 83 13.500000 100
1 30 84 13.500000 100
1 30 85 13.500000 100
1 30 86 13.500000 100
1 30 87 13.500000 100
1 30 88 13.500000 100
1 30 89 13.500000 100
1 30 90 13.500000 100
1 30 91 13.500000 100
1 30 92 13.500000 100
1 30 93 13.500000 100
1 30 94 13.500000 100
1 30 95 13.500000 100
1 30 96 13.500000 100
1 30 97 13.500000 100
1 30 98 13.500000 100
1 30 99 13.500000 100
1 30 100 13.500000 100
1 30 101 13.500000 100
1 30 102 13.500000 100
1 30 103 13.500000 100
1 30 104 13.500000 100
1 30 105 13.500000 100
1 30 106 13.500000 100
1 30 107 13.500000 100
1 30 108 13.500000 100
1 30 109 13.500000 100
1 30 110 13.500000 100
1 30 111 13.500000 100
1 30 112 13.500000 100
1 30 113 13.500000 100
1 30 114 13.500000 100
1 30 115 13.500000 100
1 30 116 13.500000 100
1 30 117 13.500000 100
1 30 118 13.500000 100
1 30 119 13.500000 100
1 30 120 13.500000 100
1 30 121 13.500000 100
1 30 122 13.500000 100
1 30 123 13.500000 100
1 30 124 13.500000 100
1 30 125 13.500000 100
1 30 126 13.500000 100
1 30 127 13.500000 100
1 30 128 13.500000 100
1 30 129 13.500000 100
1 30 130 13.500000 100
1 30 131 13.500000 100
1 30 132 13.500000 100
1 30 133 13.500000 100
1 30 134 13.500000 100
1 30 135 13.500000 100
1 30 136 13.500000 100
1 30 137 13.500000 100
1 30 138 13.500000 100
1 30 139 13.500000 100
1 30 140 13.500000 100
1 30 141 13.500000 100
1 30 142 13.500000 100
1 30 143 13.500000 100
1 30 144 13.500000 100
1 30 145 13.500000 100
1 30 146 13.500000 100
1 30 147 13.500000 100
1 30 148 13.500000 100
1 30 149 13.500000 100
1 30 150 13.500000 100
1 31 19 13.500000 100
1 31 20 13.500000 100
1 31 21 13.500000 100
1 31 22 13.500000 100
1 31 23 13.500000 100
1 31 24 13.500000 100
1 31 25 13.500000 100
1 31 26 13.500000 100
1 31 27 13.500000 100
1 31 28 13.500000 100
1 31 29 13.500000 100
1 31 30 13.500000 100
1 31 31 13.500000 100
1 31 32 13.500000 100
1 31 33 13.500000 100
1 31 34 13.500000 100
1 31 35 13.500000 100
1 31 36 13.500000 100
1 31 37 13.500000 100
1 31 38 13.500000 100
1 31 39 13.500000 100
1 31 40 13.500000 100
1 31 41 13.500000 100
1 31 42 13.500000 100
1 31 43 13.500000 100
1 31 44 13.500000 100
1 31 45 13.500000 100
1 31 46 13.500000 100
1 31 47 13.500000 100
1 31 48 13.500000 100
1 31 49 13.500000 100
1 31 50 13.500000 100
1 31 51 13.500000 100
1 31 52 13.500000 100
1 31 53 13.500000 100
1 31 54 13.500000 100
1 31 55 13.500000 100
1 31 56 13.500000 100
1 31 57 13.500000 100
1 31 58 13.500000 100
1 31 59 13.500000 100
1 31 60 13.500000 100
1 31 61 13.500000 100
1 31 62 13.500000 100
1 31 63 13.500000 100
1 31 64 13.500000 100
1 31 65 13.500000 100
1 31 66 13.500000 100
1 31 67 13.500000 100
1 31 68 13.500000 100
1 31 69 13.500000 100
1 31 70 13.500000 100
1 31 71 13.500000 100
1 31 72 13.500000 100
1 31 73 13.500000 100
1 31 74 13.500000 100
1 31 75 13.500000 100
1 31 76 13.500000 100
1 31 77 13.500000 100
1 31 78 13.500000 100
1 31 79 13.500000 100
1 31 80 13.500000 100
1 31 81 13.500000 100
1 31 82 13.500000 100
1 31 83 13.500000 100
1 31 84 13.500000 100
1 31 85 13.500000 100
1 31 86 13.500000 100
1 31 87 13.500000 100
1 31 88 13.500000 100
1 31 89 13.500000 100
1 31 90 13.500000 100
1 31 91 13.500000 100
1 31 92 13.500000 100
1 31 93 13.500000 100
1 31 94 13.500000 100
1 31 95 13.500000 100
1 31 96 13.500000 100
1 31 97 13.500000 100
1 31 98 13.500000 100
1 31 99 13.500000 100
1 31 100 13.500000 100
1 31 101 13.500000 100
1 31 102 13.500000 100
1 31 103 13.500000 100
1 31 104 13.500000 100
1 31 105 13.500000 100
1 31 106 13.500000 100
1 31 107 13.500000 100
1 31 108 13.500000 100
1 31 109 13.500000 100
1 31 110 13.500000 100
1 31 111 13.500000 100
1 31 112 13.500000 100
1 31 113 13.500000 100
1 31 114 13.500000 100
1 31 115 13.500000 100
1 31 116 13.500000 100
1 31 117 13.500000 100
1 31 118 13.500000 100
1 31 119 13.500000 100
1 31 120 13.500000 100
1 31 121 13.500000 100
1 31 122 13.500000 100
1 31 123 13.500000 100
1 31 124 13.500000 100
1 31 125 13.500000 100
1 31 126 13.500000 100
1 31 127 13.500000 100
1 31 128 13.500000 100
1 31 129 13.500000 100
1 31 130 13.500000 100
1 31 131 13.500000 100
1 31 132 13.500000 100
1 31 133 13.500000 100
1 31 134 13.500000 100
1 31 135 13.500000 100
1 31 136 13.500000 100
1 31 137 13.500000 100
1 31 138 13.500000 100
1 31 139 13.500000 100
1 31 140 13.500000 100
1 31 141 13.500000 100
1 31 142 13.500000 100
1 31 143 13.500000 100
1 31 144 13.500000 100
1 31 145 13.500000 100
1 31 146 13.500000 100
1 31 147 13.500000 100
1 31 148 13.500000 100
1 31 149 13.500000 100
1 31 150 13.500000 100
1 32 19 13.500000 100
1 32 20 13.500000 100
1 32 21 13.500000 100
1 32 22 13.500000 100
1 32 23 13.500000 100
1 32 24 13.500000 100
1 32 25 13.500000 100
1 32 26 13.500000 100
1 32 27 13.500000 100
1 32 28 13.500000 100
1 32 29 13.500000 100
1 32 30 13.500000 100
1 32 31 13.500000 100
1 32 32 13.500000 100
1 32 33 13.500000 100
1 32 34 13.500000 100
1 32 35 13.500000 100
1 32 36 13.500000 100
1 32 37 13.500000 100
1 32 38 13.500000 100
1 32 39 13.500000 100
1 32 40 13.500000 100
1 32 41 13.500000 100
1 32 42 13.500000 100
1 32 43 13.500000 100
1 32 44 13.500000 100
1 32 45 13.500000 100
1 32 46 13.500000 100
1 32 47 13.500000 100
1 32 48 13.500000 100
1 32 49 13.500000 100
1 32 50 13.500000 100
1 32 51 13.500000 100
1 32 52 13.500000 100
1 32 53 13.500000 100
1 32 54 13.500000 100
1 32 55 13.500000 100
1 32 56 13.500000 100
1 32 57 13.500000 100
1 32 58 13.500000 100
1 32 59 13.500000 100
1 32 60 13.500000 100
1 32 61 13.500000 100
1 32 62 13.500000 100
1 32 63 13.500000 100
1 32 64 13.500000 100
1 32 65 13.500000 100
1 32 66 13.500000 100
1 32 67 13.500000 100
1 32 68 13.500000 100
1 32 69 13.500000 100
1 32 70 13.500000 100
1 32 71 13.500000 100
1 32 72 13.500000 100
1 32 73 13.500000 100
1 32 74 13.500000 100
1 32 75 13.500000 100
1 32 76 13.500000 100
1 32 77 13.500000 100
1 32 78 13.500000 100
1 32 79 13.500000 100
1 32 80 13.500000 100
1 32 81 13.500000 100
1 32 82 13.500000 100
1 32 83 13.500000 100
1 32 84 13.500000 100
1 32 85 13.500000 100
1 32 86 13.500000 100
1 32 87 13.500000 100
1 32 88 13.500000 100
1 32 89 13.500000 100
1 32 90 13.500000 100
1 32 91 13.500000 100
1 32 92 13.500000 100
1 32 93 13.500000 100
1 32 94 13.500000 100
1 32 95 13.500000 100
1 32 96 13.500000 100
1 32 97 13.500000 100
1 32 98 13.500000 100
1 32 99 13.500000 100
1 32 100 13.500000 100
1 32 101 13.500000 100
1 32 102 13.500000 100
1 32 103 13.500000 100
1 32 104 13.500000 100
1 32 105 13.500000 100
1 32 106 13.500000 100
1 32 107 13.500000 100
1 32 108 13.500000 100
1 32 109 13.500000 100
1 32 110 13.500000 100
1 32 111 13.500000 100
1 32 112 13.500000 100
1 32 113 13.500000 100
1 32 114 13.500000 100
1 32 115 13.500000 100
1 32 116 13.500000 100
1 32 117 13.500000 100
1 32 118 13.500000 100
1 32 119 13.500000 100
1 32 120 13.500000 100
1 32 121 13.500000 100
1 32 122 13.500000 100
1 32 123 13.500000 100
1 32 124 13.500000 100
1 32 125 13.500000 100
1 32 126 13.500000 100
1 32 127 13.500000 100
1 32 128 13.500000 100
1 32 129 13.500000 100
1 32 130 13.500000 100
1 32 131 13.500000 100
1 32 132 13.500000 100
1 32 133 13.500000 100
1 32 134 13.500000 100
1 32 135 13.500000 100
1 32 136 13.500000 100
1 32 137 13.500000 100
1 32 138 13.500000 100
1 32 139 13.500000 100
1 32 140 13.500000 100
1 32 141 13.500000 100
1 32 142 13.500000 100
1 32 143 13.500000 100
1 32 144 13.500000 100
1 32 145 13.500000 100
1 32 146 13.500000 100
1 32 147 13.500000 100
1 32 148 13.500000 100
1 32 149 13.500000 100
1 32 150 13.500000 100
1 33 18 13.500000 100
1 33 19 13.500000 100
1 33 20 13.500000 100
1 33 21 13.500000 100
1 33 22 13.500000 100
1 33 23 13.500000 100
1 33 24 13.500000 100
1 33 25 13.500000 100
1 33 26 13.500000 100
1 33 27 13.500000 100
1 33 28 13.500000 100
1 33 29 13.500000 100
1 33 30 13.500000 100
1 33 31 13.500000 100
1 33 32 13.500000 100
1 33 33 13.500000 100
1 33 34 13.500000 100
1 33 35 13.500000 100
1 33 36 13.500000 100
1 33 37 13.500000 100
1 33 38 13.500000 100
1 33 39 13.500000 100
1 33 40 13.500000 100
1 33 41 13.500000 100
1 33 42 13.500000 100
1 33 43 13.500000 100
1 33 44 13.500000 100
1 33 45 13.500000 100
1 33 46 13.500000 100
1 33 47 13.500000 100
1 33 48 13.500000 100
1 33 49 13.500000 100
1 33 50 13.500000 100
1 33 51 13.500000 100
1 33 52 13.500000 100
1 33 53 13.500000 100
1 33 54 13.500000 100
1 33 55 13.500000 100
1 33 56 13.500000 100
1 33 57 13.500000 100
1 33 58 13.500000 100
1 33 59 13.500000 100
1 33 60 13.500000 100
1 33 61 13.500000 100
1 33 62 13.500000 100
1 33 63 13.500000 100
1 33 64 13.500000 100
1 33 65 13.500000 100
1 33 66 13.500000 100
1 33 67 13.500000 100
1 33 68 13.500000 100
1 33 69 13.500000 100
1 33 70 13.500000 100
1 33 71 13.500000 100
1 33 72 13.500000 100
1 33 73 13.500000 100
1 33 74 13.500000 100
1 33 75 13.500000 100
1 33 76 13.500000 100
1 33 77 13.500000 100
1 33 78 13.500000 100
1 33 79 13.500000 100
1 33 80 13.500000 100
1 33 81 13.500000 100
1 33 82 13.500000 100
1 33 83 13.500000 100
1 33 84 13.500000 100
1 33 85 13.500000 100
1 33 86 13.500000 100
1 33 87 13.500000 100
1 33 88 13.500000 100
1 33 89 13.500000 100
1 33 90 13.500000 100
1 33 91 13.500000 100
1 33 92 13.500000 100
1 33 93 13.500000 100
1 33 94 13.500000 100
1 33 95 13.500000 100
1 33 96 13.500000 100
1 33 97 13.500000 100
1 33 98 13.500000 100
1 33 99 13.500000 100
1 33 100 13.500000 100
1 33 101 13.500000 100
1 33 102 13.500000 100
1 33 103 13.500000 100
1 33 104 13.500000 100
1 33 105 13.500000 100
1 33 106 13.500000 100
1 33 107 13.500000 100
1 33 108 13.500000 100
1 33 109 13.500000 100
1 33 110 13.500000 100
1 33 111 13.500000 100
1 33 112 13.500000 100
1 33 113 13.500000 100
1 33 114 13.500000 100
1 33 115 13.500000 100
1 33 116 13.500000 100
1 33 117 13.500000 100
1 33 118 13.500000 100
1 33 119 13.500000 100
1 33 120 13.500000 100
1 33 121 13.500000 100
1 33 122 13.500000 100
1 33 123 13.500000 100
1 33 124 13.500000 100
1 33 125 13.500000 100
1 33 126 13.500000 100
1 33 127 13.500000 100
1 33 128 13.500000 100
1 33 129 13.500000 100
1 33 130 13.500000 100
1 33 131 13.500000 100
1 33 132 13.500000 100
1 33 133 13.500000 100
1 33 134 13.500000 100
1 33 135 13.500000 100
1 33 136 13.500000 100
1 33 137 13.500000 100
1 33 138 13.500000 100
1 33 139 13.500000 100
1 33 140 13.500000 100
1 33 141 13.500000 100
1 33 142 13.500000 100
1 33 143 13.500000 100
1 33 144 13.500000 100
1 33 145 13.500000 100
1 33 146 13.500000 100
1 33 147 13.500000 100
1 33 148 13.500000 100
1 33 149 13.500000 100
1 33 150 13.500000 100
1 34 18 13.500000 100
1 34 19 13.500000 100
1 34 20 13.500000 100
1 34 21 13.500000 100
1 34 22 13.500000 100
1 34 23 13.500000 100
1 34 24 13.500000 100
1 34 25 13.500000 100
1 34 26 13.500000 100
1 34 27 13.500000 100
1 34 28 13.500000 100
1 34 29 13.500000 100
1 34 30 13.500000 100
1 34 31 13.500000 100
1 34 32 13.500000 100
1 34 33 13.500000 100
1 34 34 13.500000 100
1 34 35 13.500000 100
1 34 36 13.500000 100
1 34 37 13.500000 100
1 34 38 13.500000 100
1 34 39 13.500000 100
1 34 40 13.500000 100
1 34 41 13.500000 100
1 34 42 13.500000 100
1 34 43 13.500000 100
1 34 44 13.500000 100
1 34 45 13.500000 100
1 34 46 13.500000 100
1 34 47 13.500000 100
1 34 48 13.500000 100
1 34 49 13.500000 100
1 34 50 13.500000 100
1 34 51 13.500000 100
1 34 52 13.500000 100
1 34 53 13.500000 100
1 34 54 13.500000 100
1 34 55 13.500000 100
1 34 56 13.500000 100
1 34 57 13.500000 100
1 34 58 13.500000 100
1 34 59 13.500000 100
1 34 60 13.500000 100
1 34 61 13.500000 100
1 34 62 13.500000 100
1 34 63 13.500000 100
1 34 64 13.500000 100
1 34 65 13.500000 100
1 34 66 13.500000 100
1 34 67 13.500000 100
1 34 68 13.500000 100
1 34 69 13.500000 100
1 34 70 13.500000 100
1 34 71 13.500000 100
1 34 72 13.500000 100
1 34 73 13.500000 100
1 34 74 13.500000 100
1 34 75 13.500000 100
1 34 76 13.500000 100
1 34 77 13.500000 100
1 34 78 13.500000 100
1 34 79 13.500000 100
1 34 80 13.500000 100
1 34 81 13.500000 100
1 34 82 13.500000 100
1 34 83 13.500000 100
1 34 84 13.500000 100
1 34 85 13.500000 100
1 34 86 13.500000 100
1 34 87 13.500000 100
1 34 88 13.500000 100
1 34 89 13.500000 100
1 34 90 13.500000 100
1 34 91 13.500000 100
1 34 92 13.500000 100
1 34 93 13.500000 100
1 34 94 13.500000 100
1 34 95 13.500000 100
1 34 96 13.500000 100
1 34 97 13.500000 100
1 34 98 13.500000 100
1 34 99 13.500000 100
1 34 100 13.500000 100
1 34 101 13.500000 100
1 34 102 13.500000 100
1 34 103 13.500000 100
1 34 104 13.500000 100
1 34 105 13.500000 100
1 34 106 13.500000 100
1 34 107 13.500000 100
1 34 108 13.500000 100
1 34 109 13.500000 100
1 34 110 13.500000 100
1 34 111 13.500000 100
1 34 112 13.500000 100
1 34 113 13.500000 100
1 34 114 13.500000 100
1 34 115 13.500000 100
1 34 116 13.500000 100
1 34 117 13.500000 100
1 34 118 13.500000 100
1 34 119 13.500000 100
1 34 120 13.500000 100
1 34 121 13.500000 100
1 34 122 13.500000 100
1 34 123 13.500000 100
1 34 124 13.500000 100
1 34 125 13.500000 100
1 34 126 13.500000 100
1 34 127 13.500000 100
1 34 128 13.500000 100
1 34 129 13.500000 100
1 34 130 13.500000 100
1 34 131 13.500000 100
1 34 132 13.500000 100
1 34 133 13.500000 100
1 34 134 13.500000 100
1 34 135 13.500000 100
1 34 136 13.500000 100
1 34 137 13.500000 100
1 34 138 13.500000 100
1 34 139 13.500000 100
1 34 140 13.500000 100
1 34 141 13.500000 100
1 34 142 13.500000 100
1 34 143 13.500000 100
1 34 144 13.500000 100
1 34 145 13.500000 100
1 34 146 13.500000 100
1 34 147 13.500000 100
1 34 148 13.500000 100
1 34 149 13.500000 100
1 34 150 13.500000 100
1 35 17 13.500000 100
1 35 18 13.500000 100
1 35 19 13.500000 100
1 35 20 13.500000 100
1 35 21 13.500000 100
1 35 22 13.500000 100
1 35 23 13.500000 100
1 35 24 13.500000 100
1 35 25 13.500000 100
1 35 26 13.500000 100
1 35 27 13.500000 100
1 35 28 13.500000 100
1 35 29 13.500000 100
1 35 30 13.500000 100
1 35 31 13.500000 100
1 35 32 13.500000 100
1 35 33 13.500000 100
1 35 34 13.500000 100
1 35 35 13.500000 100
1 35 36 13.500000 100
1 35 37 13.500000 100
1 35 38 13.500000 100
1 35 39 13.500000 100
1 35 40 13.500000 100
1 35 41 13.500000 100
1 35 42 13.500000 100
1 35 43 13.500000 100
1 35 44 13.500000 100
1 35 45 13.500000 100
1 35 46 13.500000 100
1 35 47 13.500000 100
1 35 48 13.500000 100
1 35 49 13.500000 100
1 35 50 13.500000 100
1 35 51 13.500000 100
1 35 52 13.500000 100
1 35 53 13.500000 100
1 35 54 13.500000 100
1 35 55 13.500000 100
1 35 56 13.500000 100
1 35 57 13.500000 100
1 35 58 13.500000 100
1 35 59 13.500000 100
1 35 60 13.500000 100
1 35 61 13.500000 100
1 35 62 13.500000 100
1 35 63 13.500000 100
1 35 64 13.500000 100
1 35 65 13.500000 100
1 35 66 13.500000 100
1 35 67 13.500000 100
1 35 68 13.500000 100
1 35 69 13.500000 100
1 35 70 13.500000 100
1 35 71 13.500000 100
1 35 72 13.500000 100
1 35 73 13.500000 100
1 35 74 13.500000 100
1 35 75 13.500000 100
1 35 76 13.500000 100
1 35 77 13.500000 100
1 35 78 13.500000 100
1 35 79 13.500000 100
1 35 80 13.500000 100
1 35 81 13.500000 100
1 35 82 13.500000 100
1 35 83 13.500000 100
1 35 84 13.500000 100
1 35 85 13.500000 100
1 35 86 13.500000 100
1 35 87 13.500000 100
1 35 88 13.500000 100
1 35 89 13.500000 100
1 35 90 13.500000 100
1 35 91 13.500000 100
1 35 92 13.500000 100
1 35 93 13.500000 100
1 35 94 13.500000 100
1 35 95 13.500000 100
1 35 96 13.500000 100
1 35 97 13.500000 100
1 35 98 13.500000 100
1 35 99 13.500000 100
1 35 100 13.500000 100
1 35 101 13.500000 100
1 35 102 13.500000 100
1 35 103 13.500000 100
1 35 104 13.500000 100
1 35 105 13.500000 100
1 35 106 13.500000 100
1 35 107 13.500000 100
1 35 108 13.500000 100
1 35 109 13.500000 100
1 35 110 13.500000 100
1 35 111 13.500000 100
1 35 112 13.500000 100
1 35 113 13.500000 100
1 35 114 13.500000 100
1 35 115 13.500000 100
1 35 116 13.500000 100
1 35 117 13.500000 100
1 35 118 13.500000 100
1 35 119 13.500000 100
1 35 120 13.500000 100
1 35 121 13.500000 100
1 35 122 13.500000 100
1 35 123 13.500000 100
1 35 124 13.500000 100
1 35 125 13.500000 100
1 35 126 13.500000 100
1 35 127 13.500000 100
1 35 128 13.500000 100
1 35 129 13.500000 100
1 35 130 13.500000 100
1 35 131 13.500000 100
1 35 132 13.500000 100
1 35 133 13.500000 100
1 35 134 13.500000 100
1 35 135 13.500000 100
1 35 136 13.500000 100
1 35 137 13.500000 100
1 35 138 13.500000 100
1 35 139 13.500000 100
1 35 140 13.500000 100
1 35 141 13.500000 100
1 35 142 13.500000 100
1 35 143 13.500000 100
1 35 144 13.500000 100
1 35 145 13.500000 100
1 35 146 13.500000 100
1 35 147 13.500000 100
1 35 148 13.500000 100
1 35 149 13.500000 100
1 35 150 13.500000 100
1 36 17 13.500000 100
1 36 18 13.500000 100
1 36 19 13.500000 100
1 36 20 13.500000 100
1 36 21 13.500000 100
1 36 22 13.500000 100
1 36 23 13.500000 100
1 36 24 13.500000 100
1 36 25 13.500000 100
1 36 26 13.500000 100
1 36 27 13.500000 100
1 36 28 13.500000 100
1 36 29 13.500000 100
1 36 30 13.500000 100
1 36 31 13.500000 100
1 36 32 13.500000 100
1 36 33 13.500000 100
1 36 34 13.500000 100
1 36 35 13.500000 100
1 36 36 13.500000 100
1 36 37 13.500000 100
1 36 38 13.500000 100
1 36 39 13.500000 100
1 36 40 13.500000 100
1 36 41 13.500000 100
1 36 42 13.500000 100
1 36 43 13.500000 100
1 36 44 13.500000 100
1 36 45 13.500000 100
1 36 46 13.500000 100
1 36 47 13.500000 100
1 36 48 13.500000 100
1 36 49 13.500000 100
1 36 50 13.500000 100
1 36 51 13.500000 100
1 36 52 13.500000 100
1 36 53 13.500000 100
1 36 54 13.500000 100
1 36 55 13.500000 100
1 36 56 13.500000 100
1 36 57 13.500000 100
1 36 58 13.500000 100
1 36 59 13.500000 100
1 36 60 13.500000 100
1 36 61 13.500000 100
1 36 62 13.500000 100
1 36 63 13.500000 100
1 36 64 13.500000 100
1 36 65 13.500000 100
1 36 66 13.500000 100
1 36 67 13.500000 100
1 36 68 13.500000 100
1 36 69 13.500000 100
1 36 70 13.500000 100
1 36 71 13.500000 100
1 36 72 13.500000 100
1 36 73 13.500000 100
1 36 74 13.500000 100
1 36 75 13.500000 100
1 36 76 13.500000 100
1 36 77 13.500000 100
1 36 78 13.500000 100
1 36 79 13.500000 100
1 36 80 13.500000 100
1 36 81 13.500000 100
1 36 82 13.500000 100
1 36 83 13.500000 100
1 36 84 13.500000 100
1 36 85 13.500000 100
1 36 86 13.500000 100
1 36 87 13.500000 100
1 36 88 13.500000 100
1 36 89 13.500000 100
1 36 90 13.500000 100
1 36 91 13.500000 100
1 36 92 13.500000 100
1 36 93 13.500000 100
1 36 94 13.500000 100
1 36 95 13.500000 100
1 36 96 13.500000 100
1 36 97 13.500000 100
1 36 98 13.500000 100
1 36 99 13.500000 100
1 36 100 13.500000 100
1 36 101 13.500000 100
1 36 102 13.500000 100
1 36 103 13.500000 100
1 36 104 13.500000 100
1 36 105 13.500000 100
1 36 106 13.500000 100
1 36 107 13.500000 100
1 36 108 13.500000 100
1 36 109 13.500000 100
1 36 110 13.500000 100
1 36 111 13.500000 100
1 36 112 13.500000 100
1 36 113 13.500000 100
1 36 114 13.500000 100
1 36 115 13.500000 100
1 36 116 13.500000 100
1 36 117 13.500000 100
1 36 118 13.500000 100
1 36 119 13.500000 100
1 36 120 13.500000 100
1 36 121 13.500000 100
1 36 122 13.500000 100
1 36 123 13.500000 100
1 36 124 13.500000 100
1 36 125 13.500000 100
1 36 126 13.500000 100
1 36 127 13.500000 100
1 36 128 13.500000 100
1 36 129 13.500000 100
1 36 130 13.500000 100
1 36 131 13.500000 100
1 36 132 13.500000 100
1 36 133 13.500000 100
1 36 134 13.500000 100
1 36 135 13.500000 100
1 36 136 13.500000 100
1 36 137 13.500000 100
1 36 138 13.500000 100
1 36 139 13.500000 100
1 36 140 13.500000 100
1 36 141 13.500000 100
1 36 142 13.500000 100
1 36 143 13.500000 100
1 36 144 13.500000 100
1 36 145 13.500000 100
1 36 146 13.500000 100
1 36 147 13.500000 100
1 36 148 13.500000 100
1 36 149 13.500000 100
1 36 150 13.500000 100
1 37 16 13.500000 100
1 37 17 13.500000 100
1 37 18 13.500000 100
1 37 19 13.500000 100
1 37 20 13.500000 100
1 37 21 13.500000 100
1 37 22 13.500000 100
1 37 23 13.500000 100
1 37 24 13.500000 100
1 37 25 13.500000 100
1 37 26 13.500000 100
1 37 27 13.500000 100
1 37 28 13.500000 100
1 37 29 13.500000 100
1 37 30 13.500000 100
1 37 31 13.500000 100
1 37 32 13.500000 100
1 37 33 13.500000 100
1 37 34 13.500000 100
1 37 35 13.500000 100
1 37 36 13.500000 100
1 37 37 13.500000 100
1 37 38 13.500000 100
1 37 39 13.500000 100
1 37 40 13.500000 100
1 37 41 13.500000 100
1 37 42 13.500000 100
1 37 43 13.500000 100
1 37 44 13.500000 100
1 37 45 13.500000 100
1 37 46 13.500000 100
1 37 47 13.500000 100
1 37 48 13.500000 100
1 37 49 13.500000 100
1 37 50 13.500000 100
1 37 51 13.500000 100
1 37 52 13.500000 100
1 37 53 13.500000 100
1 37 54 13.500000 100
1 37 55 13.500000 100
1 37 56 13.500000 100
1 37 57 13.500000 100
1 37 58 13.500000 100
1 37 59 13.500000 100
1 37 60 13.500000 100
1 37 61 13.500000 100
1 37 62 13.500000 100
1 37 63 13.500000 100
1 37 64 13.500000 100
1 37 65 13.500000 100
1 37 66 13.500000 100
1 37 67 13.500000 100
1 37 68 13.500000 100
1 37 69 13.500000 100
1 37 70 13.500000 100
1 37 71 13.500000 100
1 37 72 13.500000 100
1 37 73 13.500000 100
1 37 74 13.500000 100
1 37 75 13.500000 100
1 37 76 13.500000 100
1 37 77 13.500000 100
1 37 78 13.500000 100
1 37 79 13.500000 100
1 37 80 13.500000 100
1 37 81 13.500000 100
1 37 82 13.500000 100
1 37 83 13.500000 100
1 37 84 13.500000 100
1 37 85 13.500000 100
1 37 86 13.500000 100
1 37 87 13.500000 100
1 37 88 13.500000 100
1 37 89 13.500000 100
1 37 90 13.500000 100
1 37 91 13.500000 100
1 37 92 13.500000 100
1 37 93 13.500000 100
1 37 94 13.500000 100
1 37 95 13.500000 100
1 37 96 13.500000 100
1 37 97 13.500000 100
1 37 98 13.500000 100
1 37 99 13.500000 100
1 37 100 13.500000 100
1 37 101 13.500000 100
1 37 102 13.500000 100
1 37 103 13.500000 100
1 37 104 13.500000 100
1 37 105 13.500000 100
1 37 106 13.500000 100
1 37 107 13.500000 100
1 37 108 13.500000 100
1 37 109 13.500000 100
1 37 110 13.500000 100
1 37 111 13.500000 100
1 37 112 13.500000 100
1 37 113 13.500000 100
1 37 114 13.500000 100
1 37 115 13.500000 100
1 37 116 13.500000 100
1 37 117 13.500000 100
1 37 118 13.500000 100
1 37 119 13.500000 100
1 37 120 13.500000 100
1 37 121 13.500000 100
1 37 122 13.500000 100
1 37 123 13.500000 100
1 37 124 13.500000 100
1 37 125 13.500000 100
1 37 126 13.500000 100
1 37 127 13.500000 100
1 37 128 13.500000 100
1 37 129 13.500000 100
1 37 130 13.500000 100
1 37 131 13.500000 100
1 37 132 13.500000 100
1 37 133 13.500000 100
1 37 134 13.500000 100
1 37 135 13.500000 100
1 37 136 13.500000 100
1 37 137 13.500000 100
1 37 138 13.500000 100
1 37 139 13.500000 100
1 37 140 13.500000 100
1 37 141 13.500000 100
1 37 142 13.500000 100
1 37 143 13.500000 100
1 37 144 13.500000 100
1 37 145 13.500000 100
1 37 146 13.500000 100
1 37 147 13.500000 100
1 37 148 13.500000 100
1 37 149 13.500000 100
1 37 150 13.500000 100
1 38 16 13.500000 100
1 38 17 13.500000 100
1 38 18 13.500000 100
1 38 19 13.500000 100
1 38 20 13.500000 100
1 38 21 13.500000 100
1 38 22 13.500000 100
1 38 23 13.500000 100
1 38 24 13.500000 100
1 38 25 13.500000 100
1 38 26 13.500000 100
1 38 27 13.500000 100
1 38 28 13.500000 100
1 38 29 13.500000 100
1 38 30 13.500000 100
1 38 31 13.500000 100
1 38 32 13.500000 100
1 38 33 13.500000 100
1 38 34 13.500000 100
1 38 35 13.500000 100
1 38 36 13.500000 100
1 38 37 13.500000 100
1 38 38 13.500000 100
1 38 39 13.500000 100
1 38 40 13.500000 100
1 38 41 13.500000 100
1 38 42 13.500000 100
1 38 43 13.500000 100
1 38 44 13.500000 100
1 38 45 13.500000 100
1 38 46 13.500000 100
1 38 47 13.500000 100
1 38 48 13.500000 100
1 38 49 13.500000 100
1 38 50 13.500000 100
1 38 51 13.500000 100
1 38 52 13.500000 100
1 38 53 13.500000 100
1 38 54 13.500000 100
1 38 55 13.500000 100
1 38 56 13.500000 100
1 38 57 13.500000 100
1 38 58 13.500000 100
1 38 59 13.500000 100
1 38 60 13.500000 100
1 38 61 13.500000 100
1 38 62 13.500000 100
1 38 63 13.500000 100
1 38 64 13.500000 100
1 38 65 13.500000 100
1 38 66 13.500000 100
1 38 67 13.500000 100
1 38 68 13.500000 100
1 38 69 13.500000 100
1 38 70 13.500000 100
1 38 71 13.500000 100
1 38 72 13.500000 100
1 38 73 13.500000 100
1 38 74 13.500000 100
1 38 75 13.500000 100
1 38 76 13.500000 100
1 38 77 13.500000 100
1 38 78 13.500000 100
1 38 79 13.500000 100
1 38 80 13.500000 100
1 38 81 13.500000 100
1 38 82 13.500000 100
1 38 83 13.500000 100
1 38 84 13.500000 100
1 38 85 13.500000 100
1 38 86 13.500000 100
1 38 87 13.500000 100
1 38 88 13.500000 100
1 38 89 13.500000 100
1 38 90 13.500000 100
1 38 91 13.500000 100
1 38 92 13.500000 100
1 38 93 13.500000 100
1 38 94 13.500000 100
1 38 95 13.500000 100
1 38 96 13.500000 100
1 38 97 13.500000 100
1 38 98 13.500000 100
1 38 99 13.500000 100
1 38 100 13.500000 100
1 38 101 13.500000 100
1 38 102 13.500000 100
1 38 103 13.500000 100
1 38 104 13.500000 100
1 38 105 13.500000 100
1 38 106 13.500000 100
1 38 107 13.500000 100
1 38 108 13.500000 100
1 38 109 13.500000 100
1 38 110 13.500000 100
1 38 111 13.500000 100
1 38 112 13.500000 100
1 38 113 13.500000 100
1 38 114 13.500000 100
1 38 115 13.500000 100
1 38 116 13.500000 100
1 38 117 13.500000 100
1 38 118 13.500000 100
1 38 119 13.500000 100
1 38 120 13.500000 100
1 38 121 13.500000 100
1 38 122 13.500000 100
1 38 123 13.500000 100
1 38 124 13.500000 100
1 38 125 13.500000 100
1 38 126 13.500000 100
1 38 127 13.500000 100
1 38 128 13.500000 100
1 38 129 13.500000 100
1 38 130 13.500000 100
1 38 131 13.500000 100
1 38 132 13.500000 100
1 38 133 13.500000 100
1 38 134 13.500000 100
1 38 135 13.500000 100
1 38 136 13.500000 100
1 38 137 13.500000 100
1 38 138 13.500000 100
1 38 139 13.500000 100
1 38 140 13.500000 100
1 38 141 13.500000 100
1 38 142 13.500000 100
1 38 143 13.500000 100
1 38 144 13.500000 100
1 38 145 13.500000 100
1 38 146 13.500000 100
1 38 147 13.500000 100
1 38 148 13.500000 100
1 38 149 13.500000 100
1 38 150 13.500000 100
1 39 15 13.500000 100
1 39 16 13.500000 100
1 39 17 13.500000 100
1 39 18 13.500000 100
1 39 19 13.500000 100
1 39 20 13.500000 100
1 39 21 13.500000 100
1 39 22 13.500000 100
1 39 23 13.500000 100
1 39 24 13.500000 100
1 39 25 13.500000 100
1 39 26 13.500000 100
1 39 27 13.500000 100
1 39 28 13.500000 100
1 39 29 13.500000 100
1 39 30 13.500000 100
1 39 31 13.500000 100
1 39 32 13.500000 100
1 39 33 13.500000 100
1 39 34 13.500000 100
1 39 35 13.500000 100
1 39 36 13.500000 100
1 39 37 13.500000 100
1 39 38 13.500000 100
1 39 39 13.500000 100
1 39 40 13.500000 100
1 39 41 13.500000 100
1 39 42 13.500000 100
1 39 43 13.500000 100
1 39 44 13.500000 100
1 39 45 13.500000 100
1 39 46 13.500000 100
1 39 47 13.500000 100
1 39 48 13.500000 100
1 39 49 13.500000 100
1 39 50 13.500000 100
1 39 51 13.500000 100
1 39 52 13.500000 100
1 39 53 13.500000 100
1 39 54 13.500000 100
1 39 55 13.500000 100
1 39 56 13.500000 100
1 39 57 13.500000 100
1 39 58 13.500000 100
1 39 59 13.500000 100
1 39 60 13.500000 100
1 39 61 13.500000 100
1 39 62 13.500000 100
1 39 63 13.500000 100
1 39 64 13.500000 100
1 39 65 13.500000 100
1 39 66 13.500000 100
1 39 67 13.500000 100
1 39 68 13.500000 100
1 39 69 13.500000 100
1 39 70 13.500000 100
1 39 71 13.500000 100
1 39 72 13.500000 100
1 39 73 13.500000 100
1 39 74 13.500000 100
1 39 75 13.500000 100
1 39 76 13.500000 100
1 39 77 13.500000 100
1 39 78 13.500000 100
1 39 79 13.500000 100
1 39 80 13.500000 100
1 39 81 13.500000 100
1 39 82 13.500000 100
1 39 83 13.500000 100
1 39 84 13.500000 100
1 39 85 13.500000 100
1 39 86 13.500000 100
1 39 87 13.500000 100
1 39 88 13.500000 100
1 39 89 13.500000 100
1 39 90 13.500000 100
1 39 91 13.500000 100
1 39 92 13.500000 100
1 39 93 13.500000 100
1 39 94 13.500000 100
1 39 95 13.500000 100
1 39 96 13.500000 100
1 39 97 13.500000 100
1 39 98 13.500000 100
1 39 99 13.500000 100
1 39 100 13.500000 100
1 39 101 13.500000 100
1 39 102 13.500000 100
1 39 103 13.500000 100
1 39 104 13.500000 100
1 39 105 13.500000 100
1 39 106 13.500000 100
1 39 107 13.500000 100
1 39 108 13.500000 100
1 39 109 13.500000 100
1 39 110 13.500000 100
1 39 111 13.500000 100
1 39 112 13.500000 100
1 39 113 13.500000 100
1 39 114 13.500000 100
1 39 115 13.500000 100
1 39 116 13.500000 100
1 39 117 13.500000 100
1 39 118 13.500000 100
1 39 119 13.500000 100
1 39 120 13.500000 100
1 39 121 13.500000 100
1 39 122 13.500000 100
1 39 123 13.500000 100
1 39 124 13.500000 100
1 39 125 13.500000 100
1 39 126 13.500000 100
1 39 127 13.500000 100
1 39 128 13.500000 100
1 39 129 13.500000 100
1 39 130 13.500000 100
1 39 131 13.500000 100
1 39 132 13.500000 100
1 39 133 13.500000 100
1 39 134 13.500000 100
1 39 135 13.500000 100
1 39 136 13.500000 100
1 39 137 13.500000 100
1 39 138 13.500000 100
1 39 139 13.500000 100
1 39 140 13.500000 100
1 39 141 13.500000 100
1 39 142 13.500000 100
1 39 143 13.500000 100
1 39 144 13.500000 100
1 39 145 13.500000 100
1 39 146 13.500000 100
1 39 147 13.500000 100
1 39 148 13.500000 100
1 39 149 13.500000 100
1 39 150 13.500000 100
1 40 15 13.500000 100
1 40 16 13.500000 100
1 40 17 13.500000 100
1 40 18 13.500000 100
1 40 19 13.500000 100
1 40 20 13.500000 100
1 40 21 13.500000 100
1 40 22 13.500000 100
1 40 23 13.500000 100
1 40 24 13.500000 100
1 40 25 13.500000 100
1 40 26 13.500000 100
1 40 27 13.500000 100
1 40 28 13.500000 100
1 40 29 13.500000 100
1 40 30 13.500000 100
1 40 31 13.500000 100
1 40 32 13.500000 100
1 40 33 13.500000 100
1 40 34 13.500000 100
1 40 35 13.500000 100
1 40 36 13.500000 100
1 40 37 13.500000 100
1 40 38 13.500000 100
1 40 39 13.500000 100
1 40 40 13.500000 100
1 40 41 13.500000 100
1 40 42 13.500000 100
1 40 43 13.500000 100
1 40 44 13.500000 100
1 40 45 13.500000 100
1 40 46 13.500000 100
1 40 47 13.500000 100
1 40 48 13.500000 100
1 40 49 13.500000 100
1 40 50 13.500000 100
1 40 51 13.500000 100
1 40 52 13.500000 100
1 40 53 13.500000 100
1 40 54 13.500000 100
1 40 55 13.500000 100
1 40 56 13.500000 100
1 40 57 13.500000 100
1 40 58 13.500000 100
1 40 59 13.500000 100
1 40 60 13.500000 100
1 40 61 13.500000 100
1 40 62 13.500000 100
1 40 63 13.500000 100
1 40 64 13.500000 100
1 40 65 13.500000 100
1 40 66 13.500000 100
1 40 67 13.500000 100
1 40 68 13.500000 100
1 40 69 13.500000 100
1 40 70 13.500000 100
1 40 71 13.500000 100
1 40 72 13.500000 100
1 40 73 13.500000 100
1 40 74 13.500000 100
1 40 75 13.500000 100
1 40 76 13.500000 100
1 40 77 13.500000 100
1 40 78 13.500000 100
1 40 79 13.500000 100
1 40 80 13.500000 100
1 40 81 13.500000 100
1 40 82 13.500000 100
1 40 83 13.500000 100
1 40 84 13.500000 100
1 40 85 13.500000 100
1 40 86 13.500000 100
1 40 87 13.500000 100
1 40 88 13.500000 100
1 40 89 13.500000 100
1 40 90 13.500000 100
1 40 91 13.500000 100
1 40 92 13.500000 100
1 40 93 13.500000 100
1 40 94 13.500000 100
1 40 95 13.500000 100
1 40 96 13.500000 100
1 40 97 13.500000 100
1 40 98 13.500000 100
1 40 99 13.500000 100
1 40 100 13.500000 100
1 40 101 13.500000 100
1 40 102 13.500000 100
1 40 103 13.500000 100
1 40 104 13.500000 100
1 40 105 13.500000 100
1 40 106 13.500000 100
1 40 107 13.500000 100
1 40 108 13.500000 100
1 40 109 13.500000 100
1 40 110 13.500000 100
1 40 111 13.500000 100
1 40 112 13.500000 100
1 40 113 13.500000 100
1 40 114 13.500000 100
1 40 115 13.500000 100
1 40 116 13.500000 100
1 40 117 13.500000 100
1 40 118 13.500000 100
1 40 119 13.500000 100
1 40 120 13.500000 100
1 40 121 13.500000 100
1 40 122 13.500000 100
1 40 123 13.500000 100
1 40 124 13.500000 100
1 40 125 13.500000 100
1 40 126 13.500000 100
1 40 127 13.500000 100
1 40 128 13.500000 100
1 40 129 13.500000 100
1 40 130 13.500000 100
1 40 131 13.500000 100
1 40 132 13.500000 100
1 40 133 13.500000 100
1 40 134 13.500000 100
1 40 135 13.500000 100
1 40 136 13.500000 100
1 40 137 13.500000 100
1 40 138 13.500000 100
1 40 139 13.500000 100
1 40 140 13.500000 100
1 40 141 13.500000 100
1 40 142 13.500000 100
1 40 143 13.500000 100
1 40 144 13.500000 100
1 40 145 13.500000 100
1 40 146 13.500000 100
1 40 147 13.500000 100
1 40 148 13.500000 100
1 40 149 13.500000 100
1 40 150 13.500000 100
1 41 15 13.500000 100
1 41 16 13.500000 100
1 41 17 13.500000 100
1 41 18 13.500000 100
1 41 19 13.500000 100
1 41 20 13.500000 100
1 41 21 13.500000 100
1 41 22 13.500000 100
1 41 23 13.500000 100
1 41 24 13.500000 100
1 41 25 13.500000 100
1 41 26 13.500000 100
1 41 27 13.500000 100
1 41 28 13.500000 100
1 41 29 13.500000 100
1 41 30 13.500000 100
1 41 31 13.500000 100
1 41 32 13.500000 100
1 41 33 13.500000 100
1 41 34 13.500000 100
1 41 35 13.500000 100
1 41 36 13.500000 100
1 41 37 13.500000 100
1 41 38 13.500000 100
1 41 39 13.500000 100
1 41 40 13.500000 100
1 41 41 13.500000 100
1 41 42 13.500000 100
1 41 43 13.500000 100
1 41 44 13.500000 100
1 41 45 13.500000 100
1 41 46 13.500000 100
1 41 47 13.500000 100
1 41 48 13.500000 100
1 41 49 13.500000 100
1 41 50 13.500000 100
1 41 51 13.500000 100
1 41 52 13.500000 100
1 41 53 13.500000 100
1 41 54 13.500000 100
1 41 55 13.500000 100
1 41 56 13.500000 100
1 41 57 13.500000 100
1 41 58 13.500000 100
1 41 59 13.500000 100
1 41 60 13.500000 100
1 41 61 13.500000 100
1 41 62 13.500000 100
1 41 63 13.500000 100
1 41 64 13.500000 100
1 41 65 13.500000 100
1 41 66 13.500000 100
1 41 67 13.500000 100
1 41 68 13.500000 100
1 41 69 13.500000 100
1 41 70 13.500000 100
1 41 71 13.500000 100
1 41 72 13.500000 100
1 41 73 13.500000 100
1 41 74 13.500000 100
1 41 75 13.500000 100
1 41 76 13.500000 100
1 41 77 13.500000 100
1 41 78 13.500000 100
1 41 79 13.500000 100
1 41 80 13.500000 100
1 41 81 13.500000 100
1 41 82 13.500000 100
1 41 83 13.500000 100
1 41 84 13.500000 100
1 41 85 13.500000 100
1 41 86 13.500000 100
1 41 87 13.500000 100
1 41 88 13.500000 100
1 41 89 13.500000 100
1 41 90 13.500000 100
1 41 91 13.500000 100
1 41 92 13.500000 100
1 41 93 13.500000 100
1 41 94 13.500000 100
1 41 95 13.500000 100
1 41 96 13.500000 100
1 41 97 13.500000 100
1 41 98 13.500000 100
1 41 99 13.500000 100
1 41 100 13.500000 100
1 41 101 13.500000 100
1 41 102 13.500000 100
1 41 103 13.500000 100
1 41 104 13.500000 100
1 41 105 13.500000 100
1 41 106 13.500000 100
1 41 107 13.500000 100
1 41 108 13.500000 100
1 41 109 13.500000 100
1 41 110 13.500000 100
1 41 111 13.500000 100
1 41 112 13.500000 100
1 41 113 13.500000 100
1 41 114 13.500000 100
1 41 115 13.500000 100
1 41 116 13.500000 100
1 41 117 13.500000 100
1 41 118 13.500000 100
1 41 119 13.500000 100
1 41 120 13.500000 100
1 41 123 13.500000 100
1 41 124 13.500000 100
1 41 125 13.500000 100
1 41 126 13.500000 100
1 41 127 13.500000 100
1 41 128 13.500000 100
1 41 129 13.500000 100
1 41 130 13.500000 100
1 41 131 13.500000 100
1 41 132 13.500000 100
1 41 133 13.500000 100
1 41 134 13.500000 100
1 41 135 13.500000 100
1 41 136 13.500000 100
1 41 137 13.500000 100
1 41 138 13.500000 100
1 41 139 13.500000 100
1 41 140 13.500000 100
1 41 141 13.500000 100
1 41 142 13.500000 100
1 41 143 13.500000 100
1 41 144 13.500000 100
1 41 145 13.500000 100
1 41 146 13.500000 100
1 41 147 13.500000 100
1 41 148 13.500000 100
1 41 149 13.500000 100
1 41 150 13.500000 100
1 42 14 13.500000 100
1 42 15 13.500000 100
1 42 16 13.500000 100
1 42 17 13.500000 100
1 42 18 13.500000 100
1 42 19 13.500000 100
1 42 20 13.500000 100
1 42 21 13.500000 100
1 42 22 13.500000 100
1 42 23 13.500000 100
1 42 24 13.500000 100
1 42 25 13.500000 100
1 42 26 13.500000 100
1 42 27 13.500000 100
1 42 28 13.500000 100
1 42 29 13.500000 100
1 42 30 13.500000 100
1 42 31 13.500000 100
1 42 32 13.500000 100
1 42 33 13.500000 100
1 42 34 13.500000 100
1 42 35 13.500000 100
1 42 36 13.500000 100
1 42 37 13.500000 100
1 42 38 13.500000 100
1 42 39 13.500000 100
1 42 40 13.500000 100
1 42 41 13.500000 100
1 42 42 13.500000 100
1 42 43 13.500000 100
1 42 44 13.500000 100
1 42 45 13.500000 100
1 42 46 13.500000 100
1 42 47 13.500000 100
1 42 48 13.500000 100
1 42 49 13.500000 100
1 42 50 13.500000 100
1 42 51 13.500000 100
1 42 52 13.500000 100
1 42 53 13.500000 100
1 42 54 13.500000 100
1 42 55 13.500000 100
1 42 56 13.500000 100
1 42 57 13.500000 100
1 42 58 13.500000 100
1 42 59 13.500000 100
1 42 60 13.500000 100
1 42 61 13.500000 100
1 42 62 13.500000 100
1 42 63 13.500000 100
1 42 64 13.500000 100
1 42 65 13.500000 100
1 42 66 13.500000 100
1 42 67 13.500000 100
1 42 68 13.500000 100
1 42 69 13.500000 100
1 42 70 13.500000 100
1 42 71 13.500000 100
1 42 72 13.500000 100
1 42 73 13.500000 100
1 42 74 13.500000 100
1 42 75 13.500000 100
1 42 76 13.500000 100
1 42 77 13.500000 100
1 42 78 13.500000 100
1 42 79 13.500000 100
1 42 80 13.500000 100
1 42 81 13.500000 100
1 42 82 13.500000 100
1 42 83 13.500000 100
1 42 84 13.500000 100
1 42 85 13.500000 100
1 42 86 13.500000 100
1 42 87 13.500000 100
1 42 88 13.500000 100
1 42 89 13.500000 100
1 42 90 13.500000 100
1 42 91 13.500000 100
1 42 92 13.500000 100
1 42 93 13.500000 100
1 42 94 13.500000 100
1 42 95 13.500000 100
1 42 96 13.500000 100
1 42 97 13.500000 100
1 42 98 13.500000 100
1 42 99 13.500000 100
1 42 100 13.500000 100
1 42 101 13.500000 100
1 42 102 13.500000 100
1 42 103 13.500000 100
1 42 104 13.500000 100
1 42 105 13.500000 100
1 42 106 13.500000 100
1 42 107 13.500000 100
1 42 108 13.500000 100
1 42 126 13.500000 100
1 42 127 13.500000 100
1 42 128 13.500000 100
1 42 129 13.500000 100
1 42 130 13.500000 100
1 42 131 13.500000 100
1 42 132 13.500000 100
1 42 133 13.500000 100
1 42 134 13.500000 100
1 42 135 13.500000 100
1 42 136 13.500000 100
1 42 137 13.500000 100
1 42 138 13.500000 100
1 42 139 13.500000 100
1 42 140 13.500000 100
1 42 141 13.500000 100
1 42 142 13.500000 100
1 42 143 13.500000 100
1 42 144 13.500000 100
1 42 145 13.500000 100
1 42 146 13.500000 100
1 42 147 13.500000 100
1 42 148 13.500000 100
1 42 149 13.500000 100
1 42 150 13.500000 100
1 43 14 13.500000 100
1 43 15 13.500000 100
1 43 16 13.500000 100
1 43 17 13.500000 100
1 43 18 13.500000 100
1 43 19 13.500000 100
1 43 20 13.500000 100
1 43 21 13.500000 100
1 43 22 13.500000 100
1 43 23 13.500000 100
1 43 24 13.500000 100
1 43 25 13.500000 100
1 43 26 13.500000 100
1 43 27 13.500000 100
1 43 28 13.500000 100
1 43 29 13.500000 100
1 43 30 13.500000 100
1 43 31 13.500000 100
1 43 32 13.500000 100
1 43 33 13.500000 100
1 43 34 13.500000 100
1 43 35 13.500000 100
1 43 36 13.500000 100
1 43 37 13.500000 100
1 43 38 13.500000 100
1 43 39 13.500000 100
1 43 40 13.500000 100
1 43 41 13.500000 100
1 43 42 13.500000 100
1 43 43 13.500000 100
1 43 44 13.500000 100
1 43 45 13.500000 100
1 43 46 13.500000 100
1 43 47 13.500000 100
1 43 48 13.500000 100
1 43 49 13.500000 100
1 43 50 13.500000 100
1 43 51 13.500000 100
1 43 52 13.500000 100
1 43 53 13.500000 100
1 43 54 13.500000 100
1 43 55 13.500000 100
1 43 56 13.500000 100
1 43 57 13.500000 100
1 43 58 13.500000 100
1 43 59 13.500000 100
1 43 60 13.500000 100
1 43 61 13.500000 100
1 43 62 13.500000 100
1 43 63 13.500000 100
1 43 64 13.500000 100
1 43 65 13.500000 100
1 43 66 13.500000 100
1 43 67 13.500000 100
1 43 68 13.500000 100
1 43 69 13.500000 100
1 43 70 13.500000 100
1 43 71 13.500000 100
1 43 72 13.500000 100
1 43 73 13.500000 100
1 43 74 13.500000 100
1 43 75 13.500000 100
1 43 76 13.500000 100
1 43 77 13.500000 100
1 43 78 13.500000 100
1 43 79 13.500000 100
1 43 80 13.500000 100
1 43 81 13.500000 100
1 43 82 13.500000 100
1 43 83 13.500000 100
1 43 84 13.500000 100
1 43 85 13.500000 100
1 43 86 13.500000 100
1 43 87 13.500000 100
1 43 88 13.500000 100
1 43 89 13.500000 100
1 43 90 13.500000 100
1 43 91 13.500000 100
1 43 92 13.500000 100
1 43 93 13.500000 100
1 43 94 13.500000 100
1 43 95 13.500000 100
1 43 96 13.500000 100
1 43 97 13.500000 100
1 43 98 13.500000 100
1 43 99 13.500000 100
1 43 100 13.500000 100
1 43 101 13.500000 100
1 43 102 13.500000 100
1 43 103 13.500000 100
1 43 104 13.500000 100
1 43 105 13.500000 100
1 43 106 13.500000 100
1 43 107 13.500000 100
1 43 108 13.500000 100
1 43 129 13.500000 100
1 43 130 13.500000 100
1 43 131 13.500000 100
1 43 132 13.500000 100
1 43 133 13.500000 100
1 43 134 13.500000 100
1 43 135 13.500000 100
1 43 136 13.500000 100
1 43 137 13.500000 100
1 43 138 13.500000 100
1 43 139 13.500000 100
1 43 140 13.500000 100
1 43 141 13.500000 100
1 43 142 13.500000 100
1 43 143 13.500000 100
1 43 144 13.500000 100
1 43 145 13.500000 100
1 43 146 13.500000 100
1 43 147 13.500000 100
1 43 148 13.500000 100
1 43 149 13.500000 100
1 43 150 13.500000 100
1 44 13 13.500000 100
1 44 14 13.500000 100
1 44 15 13.500000 100
1 44 16 13.500000 100
1 44 17 13.500000 100
1 44 18 13.500000 100
1 44 19 13.500000 100
1 44 20 13.500000 100
1 44 21 13.500000 100
1 44 22 13.500000 100
1 44 23 13.500000 100
1 44 24 13.500000 100
1 44 25 13.500000 100
1 44 26 13.500000 100
1 44 27 13.500000 100
1 44 28 13.500000 100
1 44 29 13.500000 100
1 44 30 13.500000 100
1 44 31 13.500000 100
1 44 32 13.500000 100
1 44 33 13.500000 100
1 44 34 13.500000 100
1 44 35 13.500000 100
1 44 36 13.500000 100
1 44 37 13.500000 100
1 44 38 13.500000 100
1 44 39 13.500000 100
1 44 40 13.500000 100
1 44 41 13.500000 100
1 44 42 13.500000 100
1 44 43 13.500000 100
1 44 44 13.500000 100
1 44 45 13.500000 100
1 44 46 13.500000 100
1 44 47 13.500000 100
1 44 48 13.500000 100
1 44 49 13.500000 100
1 44 50 13.500000 100
1 44 51 13.500000 100
1 44 52 13.500000 100
1 44 53 13.500000 100
1 44 54 13.500000 100
1 44 55 13.500000 100
1 44 56 13.500000 100
1 44 57 13.500000 100
1 44 58 13.500000 100
1 44 59 13.500000 100
1 44 60 13.500000 100
1 44 61 13.500000 100
1 44 62 13.500000 100
1 44 63 13.500000 100
1 44 64 13.500000 100
1 44 65 13.500000 100
1 44 66 13.500000 100
1 44 67 13.500000 100
1 44 68 13.500000 100
1 44 69 13.500000 100
1 44 70 13.500000 100
1 44 71 13.500000 100
1 44 72 13.500000 100
1 44 73 13.500000 100
1 44 74 13.500000 100
1 44 75 13.500000 100
1 44 76 13.500000 100
1 44 77 13.500000 100
1 44 78 13.500000 100
1 44 79 13.500000 100
1 44 80 13.500000 100
1 44 81 13.500000 100
1 44 82 13.500000 100
1 44 83 13.500000 100
1 44 84 13.500000 100
1 44 85 13.500000 100
1 44 86 13.500000 100
1 44 87 13.500000 100
1 44 88 13.500000 100
1 44 89 13.500000 100
1 44 90 13.500000 100
1 44 91 13.500000 100
1 44 92 13.500000 100
1 44 93 13.500000 100
1 44 94 13.500000 100
1 44 95 13.500000 100
1 44 96 13.500000 100
1 44 97 13.500000 100
1 44 98 13.500000 100
1 44 99 13.500000 100
1 44 100 13.500000 100
1 44 101 13.500000 100
1 44 102 13.500000 100
1 44 103 13.500000 100
1 44 104 13.500000 100
1 44 105 13.500000 100
1 44 106 13.500000 100
1 44 107 13.500000 100
1 44 108 13.500000 100
1 44 132 13.500000 100
1 44 133 13.500000 100
1 44 134 13.500000 100
1 44 135 13.500000 100
1 44 136 13.500000 100
1 44 137 13.500000 100
1 44 138 13.500000 100
1 44 139 13.500000 100
1 44 140 13.500000 100
1 44 141 13.500000 100
1 44 142 13.500000 100
1 44 143 13.500000 100
1 44 144 13.500000 100
1 44 145 13.500000 100
1 44 146 13.500000 100
1 44 147 13.500000 100
1 44 148 13.500000 100
1 44 149 13.500000 100
1 44 150 13.500000 100
1 45 13 13.500000 100
1 45 14 13.500000 100
1 45 15 13.500000 100
1 45 16 13.500000 100
1 45 17 13.500000 100
1 45 18 13.500000 100
1 45 19 13.500000 100
1 45 20 13.500000 100
1 45 21 13.500000 100
1 45 22 13.500000 100
1 45 23 13.500000 100
1 45 24 13.500000 100
1 45 25 13.500000 100
1 45 26 13.500000 100
1 45 27 13.500000 100
1 45 28 13.500000 100
1 45 29 13.500000 100
1 45 30 13.500000 100
1 45 31 13.500000 100
1 45 32 13.500000 100
1 45 33 13.500000 100
1 45 34 13.500000 100
1 45 35 13.500000 100
1 45 36 13.500000 100
1 45 37 13.500000 100
1 45 38 13.500000 100
1 45 39 13.500000 100
1 45 40 13.500000 100
1 45 41 13.500000 100
1 45 42 13.500000 100
1 45 43 13.500000 100
1 45 44 13.500000 100
1 45 45 13.500000 100
1 45 46 13.500000 100
1 45 47 13.500000 100
1 45 48 13.500000 100
1 45 49 13.500000 100
1 45 50 13.500000 100
1 45 51 13.500000 100
1 45 52 13.500000 100
1 45 53 13.500000 100
1 45 54 13.500000 100
1 45 55 13.500000 100
1 45 56 13.500000 100
1 45 57 13.500000 100
1 45 58 13.500000 100
1 45 59 13.500000 100
1 45 60 13.500000 100
1 45 61 13.500000 100
1 45 62 13.500000 100
1 45 63 13.500000 100
1 45 64 13.500000 100
1 45 65 13.500000 100
1 45 66 13.500000 100
1 45 67 13.500000 100
1 45 68 13.500000 100
1 45 69 13.500000 100
1 45 70 13.500000 100
1 45 71 13.500000 100
1 45 72 13.500000 100
1 45 73 13.500000 100
1 45 74 13.500000 100
1 45 75 13.500000 100
1 45 76 13.500000 100
1 45 77 13.500000 100
1 45 78 13.500000 100
1 45 79 13.500000 100
1 45 80 13.500000 100
1 45 81 13.500000 100
1 45 82 13.500000 100
1 45 83 13.500000 100
1 45 84 13.500000 100
1 45 85 13.500000 100
1 45 86 13.500000 100
1 45 87 13.500000 100
1 45 88 13.500000 100
1 45 89 13.500000 100
1 45 90 13.500000 100
1 45 91 13.500000 100
1 45 92 13.500000 100
1 45 93 13.500000 100
1 45 94 13.500000 100
1 45 95 13.500000 100
1 45 96 13.500000 100
1 45 97 13.500000 100
1 45 98 13.500000 100
1 45 99 13.500000 100
1 45 100 13.500000 100
1 45 101 13.500000 100
1 45 102 13.500000 100
1 45 103 13.500000 100
1 45 104 13.500000 100
1 45 105 13.500000 100
1 45 106 13.500000 100
1 45 107 13.500000 100
1 45 135 13.500000 100
1 45 136 13.500000 100
1 45 137 13.500000 100
1 45 138 13.500000 100
1 45 139 13.500000 100
1 45 140 13.500000 100
1 45 141 13.500000 100
1 45 142 13.500000 100
1 45 143 13.500000 100
1 45 144 13.500000 100
1 45 145 13.500000 100
1 45 146 13.500000 100
1 45 147 13.500000 100
1 45 148 13.500000 100
1 45 149 13.500000 100
1 45 150 13.500000 100
1 46 12 13.500000 100
1 46 13 13.500000 100
1 46 14 13.500000 100
1 46 15 13.500000 100
1 46 16 13.500000 100
1 46 17 13.500000 100
1 46 18 13.500000 100
1 46 19 13.500000 100
1 46 20 13.500000 100
1 46 21 13.500000 100
1 46 22 13.500000 100
1 46 23 13.500000 100
1 46 24 13.500000 100
1 46 25 13.500000 100
1 46 26 13.500000 100
1 46 27 13.500000 100
1 46 28 13.500000 100
1 46 29 13.500000 100
1 46 30 13.500000 100
1 46 31 13.500000 100
1 46 32 13.500000 100
1 46 33 13.500000 100
1 46 34 13.500000 100
1 46 35 13.500000 100
1 46 36 13.500000 100
1 46 37 13.500000 100
1 46 38 13.500000 100
1 46 39 13.500000 100
1 46 40 13.500000 100
1 46 41 13.500000 100
1 46 42 13.500000 100
1 46 43 13.500000 100
1 46 44 13.500000 100
1 46 45 13.500000 100
1 46 46 13.500000 100
1 46 47 13.500000 100
1 46 48 13.500000 100
1 46 49 13.500000 100
1 46 50 13.500000 100
1 46 51 13.500000 100
1 46 52 13.500000 100
1 46 53 13.500000 100
1 46 54 13.500000 100
1 46 55 13.500000 100
1 46 56 13.500000 100
1 46 57 13.500000 100
1 46 58 13.500000 100
1 46 59 13.500000 100
1 46 60 13.500000 100
1 46 61 13.500000 100
1 46 62 13.500000 100
1 46 63 13.500000 100
1 46 64 13.500000 100
1 46 65 13.500000 100
1 46 66 13.500000 100
1 46 67 13.500000 100
1 46 68 13.500000 100
1 46 69 13.500000 100
1 46 70 13.500000 100
1 46 71 13.500000 100
1 46 72 13.500000 100
1 46 73 13.500000 100
1 46 74 13.500000 100
1 46 75 13.500000 100
1 46 76 13.500000 100
1 46 77 13.500000 100
1 46 78 13.500000 100
1 46 79 13.500000 100
1 46 80 13.500000 100
1 46 81 13.500000 100
1 46 82 13.500000 100
1 46 83 13.500000 100
1 46 84 13.500000 100
1 46 85 13.500000 100
1 46 86 13.500000 100
1 46 87 13.500000 100
1 46 88 13.500000 100
1 46 89 13.500000 100
1 46 90 13.500000 100
1 46 91 13.500000 100
1 46 92 13.500000 100
1 46 93 13.500000 100
1 46 94 13.500000 100
1 46 95 13.500000 100
1 46 96 13.500000 100
1 46 97 13.500000 100
1 46 98 13.500000 100
1 46 99 13.500000 100
1 46 100 13.500000 100
1 46 101 13.500000 100
1 46 102 13.500000 100
1 46 103 13.500000 100
1 46 104 13.500000 100
1 46 105 13.500000 100
1 46 106 13.500000 100
1 46 107 13.500000 100
1 46 138 13.500000 100
1 46 139 13.500000 100
1 46 140 13.500000 100
1 46 141 13.500000 100
1 46 142 13.500000 100
1 46 143 13.500000 100
1 46 144 13.500000 100
1 46 145 13.500000 100
1 46 146 13.500000 100
1 46 147 13.500000 100
1 46 148 13.500000 100
1 46 149 13.500000 100
1 46 150 13.500000 100
1 47 12 13.500000 100
1 47 13 13.500000 100
1 47 14 13.500000 100
1 47 15 13.500000 100
1 47 16 13.500000 100
1 47 17 13.500000 100
1 47 18 13.500000 100
1 47 19 13.500000 100
1 47 20 13.500000 100
1 47 21 13.500000 100
1 47 22 13.500000 100
1 47 23 13.500000 100
1 47 24 13.500000 100
1 47 25 13.500000 100
1 47 26 13.500000 100
1 47 27 13.500000 100
1 47 28 13.500000 100
1 47 29 13.500000 100
1 47 30 13.500000 100
1 47 31 13.500000 100
1 47 32 13.500000 100
1 47 33 13.500000 100
1 47 34 13.500000 100
1 47 35 13.500000 100
1 47 36 13.500000 100
1 47 37 13.500000 100
1 47 38 13.500000 100
1 47 39 13.500000 100
1 47 40 13.500000 100
1 47 41 13.500000 100
1 47 42 13.500000 100
1 47 43 13.500000 100
1 47 44 13.500000 100
1 47 45 13.500000 100
1 47 46 13.500000 100
1 47 47 13.500000 100
1 47 48 13.500000 100
1 47 49 13.500000 100
1 47 50 13.500000 100
1 47 51 13.500000 100
1 47 52 13.500000 100
1 47 53 13.500000 100
1 47 54 13.500000 100
1 47 55 13.500000 100
1 47 56 13.500000 100
1 47 57 13.500000 100
1 47 58 13.500000 100
1 47 59 13.500000 100
1 47 60 13.500000 100
1 47 61 13.500000 100
1 47 62 13.500000 100
1 47 63 13.500000 100
1 47 64 13.500000 100
1 47 65 13.500000 100
1 47 66 13.500000 100
1 47 67 13.500000 100
1 47 68 13.500000 100
1 47 69 13.500000 100
1 47 70 13.500000 100
1 47 71 13.500000 100
1 47 72 13.500000 100
1 47 73 13.500000 100
1 47 74 13.500000 100
1 47 75 13.500000 100
1 47 76 13.500000 100
1 47 77 13.500000 100
1 47 78 13.500000 100
1 47 79 13.500000 100
1 47 80 13.500000 100
1 47 81 13.500000 100
1 47 82 13.500000 100
1 47 83 13.500000 100
1 47 84 13.500000 100
1 47 85 13.500000 100
1 47 86 13.500000 100
1 47 87 13.500000 100
1 47 88 13.500000 100
1 47 89 13.500000 100
1 47 90 13.500000 100
1 47 91 13.500000 100
1 47 92 13.500000 100
1 47 93 13.500000 100
1 47 94 13.500000 100
1 47 95 13.500000 100
1 47 96 13.500000 100
1 47 97 13.500000 100
1 47 98 13.500000 100
1 47 99 13.500000 100
1 47 100 13.500000 100
1 47 101 13.500000 100
1 47 102 13.500000 100
1 47 103 13.500000 100
1 47 104 13.500000 100
1 47 105 13.500000 100
1 47 106 13.500000 100
1 47 141 13.500000 100
1 47 142 13.500000 100
1 47 143 13.500000 100
1 47 144 13.500000 100
1 47 145 13.500000 100
1 47 146 13.500000 100
1 47 147 13.500000 100
1 47 148 13.500000 100
1 47 149 13.500000 100
1 47 150 13.500000 100
1 48 11 13.500000 100
1 48 12 13.500000 100
1 48 13 13.500000 100
1 48 14 13.500000 100
1 48 15 13.500000 100
1 48 16 13.500000 100
1 48 17 13.500000 100
1 48 18 13.500000 100
1 48 19 13.500000 100
1 48 20 13.500000 100
1 48 21 13.500000 100
1 48 22 13.500000 100
1 48 23 13.500000 100
1 48 24 13.500000 100
1 48 25 13.500000 100
1 48 26 13.500000 100
1 48 27 13.500000 100
1 48 28 13.500000 100
1 48 29 13.500000 100
1 48 30 13.500000 100
1 48 31 13.500000 100
1 48 32 13.500000 100
1 48 33 13.500000 100
1 48 34 13.500000 100
1 48 35 13.500000 100
1 48 36 13.500000 100
1 48 37 13.500000 100
1 48 38 13.500000 100
1 48 39 13.500000 100
1 48 40 13.500000 100
1 48 41 13.500000 100
1 48 42 13.500000 100
1 48 43 13.500000 100
1 48 44 13.500000 100
1 48 45 13.500000 100
1 48 46 13.500000 100
1 48 47 13.500000 100
1 48 48 13.500000 100
1 48 49 13.500000 100
1 48 50 13.500000 100
1 48 51 13.500000 100
1 48 52 13.500000 100
1 48 53 13.500000 100
1 48 54 13.500000 100
1 48 55 13.500000 100
1 48 56 13.500000 100
1 48 57 13.500000 100
1 48 58 13.500000 100
1 48 59 13.500000 100
1 48 60 13.500000 100
1 48 61 13.500000 100
1 48 62 13.500000 100
1 48 63 13.500000 100
1 48 64 13.500000 100
1 48 65 13.500000 100
1 48 66 13.500000 100
1 48 67 13.500000 100
1 48 68 13.500000 100
1 48 69 13.500000 100
1 48 70 13.500000 100
1 48 71 13.500000 100
1 48 72 13.500000 100
1 48 73 13.500000 100
1 48 74 13.500000 100
1 48 75 13.500000 100
1 48 76 13.500000 100
1 48 77 13.500000 100
1 48 78 13.500000 100
1 48 79 13.500000 100
1 48 80 13.500000 100
1 48 81 13.500000 100
1 48 82 13.500000 100
1 48 83 13.500000 100
1 48 84 13.500000 100
1 48 85 13.500000 100
1 48 86 13.500000 100
1 48 87 13.500000 100
1 48 88 13.500000 100
1 48 89 13.500000 100
1 48 90 13.500000 100
1 48 91 13.500000 100
1 48 92 13.500000 100
1 48 93 13.500000 100
1 48 94 13.500000 100
1 48 95 13.500000 100
1 48 96 13.500000 100
1 48 97 13.500000 100
1 48 98 13.500000 100
1 48 99 13.500000 100
1 48 100 13.500000 100
1 48 101 13.500000 100
1 48 102 13.500000 100
1 48 103 13.500000 100
1 48 104 13.500000 100
1 48 105 13.500000 100
1 48 106 13.500000 100
1 48 143 13.500000 100
1 48 144 13.500000 100
1 48 145 13.500000 100
1 48 146 13.500000 100
1 48 147 13.500000 100
1 48 148 13.500000 100
1 48 149 13.500000 100
1 48 150 13.500000 100
1 49 11 13.500000 100
1 49 12 13.500000 100
1 49 13 13.500000 100
1 49 14 13.500000 100
1 49 15 13.500000 100
1 49 16 13.500000 100
1 49 17 13.500000 100
1 49 18 13.500000 100
1 49 19 13.500000 100
1 49 20 13.500000 100
1 49 21 13.500000 100
1 49 22 13.500000 100
1 49 23 13.500000 100
1 49 24 13.500000 100
1 49 25 13.500000 100
1 49 26 13.500000 100
1 49 27 13.500000 100
1 49 28 13.500000 100
1 49 29 13.500000 100
1 49 30 13.500000 100
1 49 31 13.500000 100
1 49 32 13.500000 100
1 49 33 13.500000 100
1 49 34 13.500000 100
1 49 35 13.500000 100
1 49 36 13.500000 100
1 49 37 13.500000 100
1 49 38 13.500000 100
1 49 39 13.500000 100
1 49 40 13.500000 100
1 49 41 13.500000 100
1 49 42 13.500000 100
1 49 43 13.500000 100
1 49 44 13.500000 100
1 49 45 13.500000 100
1 49 46 13.500000 100
1 49 47 13.500000 100
1 49 48 13.500000 100
1 49 49 13.500000 100
1 49 50 13.500000 100
1 49 51 13.500000 100
1 49 52 13.500000 100
1 49 53 13.500000 100
1 49 54 13.500000 100
1 49 55 13.500000 100
1 49 56 13.500000 100
1 49 57 13.500000 100
1 49 58 13.500000 100
1 49 59 13.500000 100
1 49 60 13.500000 100
1 49 61 13.500000 100
1 49 62 13.500000 100
1 49 63 13.500000 100
1 49 64 13.500000 100
1 49 65 13.500000 100
1 49 66 13.500000 100
1 49 67 13.500000 100
1 49 68 13.500000 100
1 49 69 13.500000 100
1 49 70 13.500000 100
1 49 71 13.500000 100
1 49 72 13.500000 100
1 49 73 13.500000 100
1 49 74 13.500000 100
1 49 75 13.500000 100
1 49 76 13.500000 100
1 49 77 13.500000 100
1 49 78 13.500000 100
1 49 79 13.500000 100
1 49 80 13.500000 100
1 49 81 13.500000 100
1 49 82 13.500000 100
1 49 83 13.500000 100
1 49 84 13.500000 100
1 49 85 13.500000 100
1 49 86 13.500000 100
1 49 87 13.500000 100
1 49 88 13.500000 100
1 49 89 13.500000 100
1 49 90 13.500000 100
1 49 91 13.500000 100
1 49 92 13.500000 100
1 49 93 13.500000 100
1 49 94 13.500000 100
1 49 95 13.500000 100
1 49 96 13.500000 100
1 49 97 13.500000 100
1 49 98 13.500000 100
1 49 99 13.500000 100
1 49 100 13.500000 100
1 49 101 13.500000 100
1 49 102 13.500000 100
1 49 103 13.500000 100
1 49 104 13.500000 100
1 49 105 13.500000 100
1 49 146 13.500000 100
1 49 147 13.500000 100
1 49 148 13.500000 100
1 49 149 13.500000 100
1 49 150 13.500000 100
1 50 11 13.500000 100
1 50 12 13.500000 100
1 50 13 13.500000 100
1 50 14 13.500000 100
1 50 15 13.500000 100
1 50 16 13.500000 100
1 50 17 13.500000 100
1 50 18 13.500000 100
1 50 19 13.500000 100
1 50 20 13.500000 100
1 50 21 13.500000 100
1 50 22 13.500000 100
1 50 23 13.500000 100
1 50 24 13.500000 100
1 50 25 13.500000 100
1 50 26 13.500000 100
1 50 27 13.500000 100
1 50 28 13.500000 100
1 50 29 13.500000 100
1 50 30 13.500000 100
1 50 31 13.500000 100
1 50 32 13.500000 100
1 50 33 13.500000 100
1 50 34 13.500000 100
1 50 35 13.500000 100
1 50 36 13.500000 100
1 50 37 13.500000 100
1 50 38 13.500000 100
1 50 39 13.500000 100
1 50 40 13.500000 100
1 50 41 13.500000 100
1 50 42 13.500000 100
1 50 43 13.500000 100
1 50 44 13.500000 100
1 50 45 13.500000 100
1 50 46 13.500000 100
1 50 47 13.500000 100
1 50 48 13.500000 100
1 50 49 13.500000 100
1 50 50 13.500000 100
1 50 51 13.500000 100
1 50 52 13.500000 100
1 50 53 13.500000 100
1 50 54 13.500000 100
1 50 55 13.500000 100
1 50 56 13.500000 100
1 50 57 13.500000 100
1 50 58 13.500000 100
1 50 59 13.500000 100
1 50 60 13.500000 100
1 50 61 13.500000 100
1 50 62 13.500000 100
1 50 63 13.500000 100
1 50 64 13.500000 100
1 50 65 13.500000 100
1 50 66 13.500000 100
1 50 67 13.500000 100
1 50 68 13.500000 100
1 50 69 13.500000 100
1 50 70 13.500000 100
1 50 71 13.500000 100
1 50 72 13.500000 100
1 50 73 13.500000 100
1 50 74 13.500000 100
1 50 75 13.500000 100
1 50 76 13.500000 100
1 50 77 13.500000 100
1 50 78 13.500000 100
1 50 79 13.500000 100
1 50 80 13.500000 100
1 50 81 13.500000 100
1 50 82 13.500000 100
1 50 83 13.500000 100
1 50 84 13.500000 100
1 50 85 13.500000 100
1 50 86 13.500000 100
1 50 87 13.500000 100
1 50 88 13.500000 100
1 50 89 13.500000 100
1 50 90 13.500000 100
1 50 91 13.500000 100
1 50 92 13.500000 100
1 50 93 13.500000 100
1 50 94 13.500000 100
1 50 95 13.500000 100
1 50 96 13.500000 100
1 50 97 13.500000 100
1 50 98 13.500000 100
1 50 99 13.500000 100
1 50 100 13.500000 100
1 50 101 13.500000 100
1 50 102 13.500000 100
1 50 103 13.500000 100
1 50 104 13.500000 100
1 50 105 13.500000 100
1 50 149 13.500000 100
1 50 150 13.500000 100
1 51 10 13.500000 100
1 51 11 13.500000 100
1 51 12 13.500000 100
1 51 13 13.500000 100
1 51 14 13.500000 100
1 51 15 13.500000 100
1 51 16 13.500000 100
1 51 17 13.500000 100
1 51 18 13.500000 100
1 51 19 13.500000 100
1 51 20 13.500000 100
1 51 21 13.500000 100
1 51 22 13.500000 100
1 51 23 13.500000 100
1 51 24 13.500000 100
1 51 25 13.500000 100
1 51 26 13.500000 100
1 51 27 13.500000 100
1 51 28 13.500000 100
1 51 29 13.500000 100
1 51 30 13.500000 100
1 51 31 13.500000 100
1 51 32 13.500000 100
1 51 33 13.500000 100
1 51 34 13.500000 100
1 51 35 13.500000 100
1 51 36 13.500000 100
1 51 37 13.500000 100
1 51 38 13.500000 100
1 51 39 13.500000 100
1 51 40 13.500000 100
1 51 41 13.500000 100
1 51 42 13.500000 100
1 51 43 13.500000 100
1 51 44 13.500000 100
1 51 45 13.500000 100
1 51 46 13.500000 100
1 51 47 13.500000 100
1 51 48 13.500000 100
1 51 49 13.500000 100
1 51 50 13.500000 100
1 51 51 13.500000 100
1 51 52 13.500000 100
1 51 53 13.500000 100
1 51 54 13.500000 100
1 51 55 13.500000 100
1 51 56 13.500000 100
1 51 57 13.500000 100
1 51 58 13.500000 100
1 51 59 13.500000 100
1 51 60 13.500000 100
1 51 61 13.500000 100
1 51 62 13.500000 100
1 51 63 13.500000 100
1 51 64 13.500000 100
1 51 65 13.500000 100
1 51 66 13.500000 100
1 51 67 13.500000 100
1 51 68 13.500000 100
1 51 69 13.500000 100
1 51 70 13.500000 100
1 51 71 13.500000 100
1 51 72 13.500000 100
1 51 73 13.500000 100
1 51 74 13.500000 100
1 51 75 13.500000 100
1 51 76 13.500000 100
1 51 77 13.500000 100
1 51 78 13.500000 100
1 51 79 13.500000 100
1 51 80 13.500000 100
1 51 81 13.500000 100
1 51 82 13.500000 100
1 51 83 13.500000 100
1 51 84 13.500000 100
1 51 85 13.500000 100
1 51 86 13.500000 100
1 51 87 13.500000 100
1 51 88 13.500000 100
1 51 89 13.500000 100
1 51 90 13.500000 100
1 51 91 13.500000 100
1 51 92 13.500000 100
1 51 93 13.500000 100
1 51 94 13.500000 100
1 51 95 13.500000 100
1 51 96 13.500000 100
1 51 97 13.500000 100
1 51 98 13.500000 100
1 51 99 13.500000 100
1 51 100 13.500000 100
1 51 101 13.500000 100
1 51 102 13.500000 100
1 51 103 13.500000 100
1 51 104 13.500000 100
1 52 10 13.500000 100
1 52 11 13.500000 100
1 52 12 13.500000 100
1 52 13 13.500000 100
1 52 14 13.500000 100
1 52 15 13.500000 100
1 52 16 13.500000 100
1 52 17 13.500000 100
1 52 18 13.500000 100
1 52 19 13.500000 100
1 52 20 13.500000 100
1 52 21 13.500000 100
1 52 22 13.500000 100
1 52 23 13.500000 100
1 52 24 13.500000 100
1 52 25 13.500000 100
1 52 26 13.500000 100
1 52 27 13.500000 100
1 52 28 13.500000 100
1 52 29 13.500000 100
1 52 30 13.500000 100
1 52 31 13.500000 100
1 52 32 13.500000 100
1 52 33 13.500000 100
1 52 34 13.500000 100
1 52 35 13.500000 100
1 52 36 13.500000 100
1 52 37 13.500000 100
1 52 38 13.500000 100
1 52 39 13.500000 100
1 52 40 13.500000 100
1 52 41 13.500000 100
1 52 42 13.500000 100
1 52 43 13.500000 100
1 52 44 13.500000 100
1 52 45 13.500000 100
1 52 46 13.500000 100
1 52 47 13.500000 100
1 52 48 13.500000 100
1 52 49 13.500000 100
1 52 50 13.500000 100
1 52 51 13.500000 100
1 52 52 13.500000 100
1 52 53 13.500000 100
1 52 54 13.500000 100
1 52 55 13.500000 100
1 52 56 13.500000 100
1 52 57 13.500000 100
1 52 58 13.500000 100
1 52 59 13.500000 100
1 52 60 13.500000 100
1 52 61 13.500000 100
1 52 62 13.500000 100
1 52 63 13.500000 100
1 52 64 13.500000 100
1 52 65 13.500000 100
1 52 66 13.500000 100
1 52 67 13.500000 100
1 52 68 13.500000 100
1 52 69 13.500000 100
1 52 70 13.500000 100
1 52 71 13.500000 100
1 52 72 13.500000 100
1 52 73 13.500000 100
1 52 74 13.500000 100
1 52 75 13.500000 100
1 52 76 13.500000 100
1 52 77 13.500000 100
1 52 78 13.500000 100
1 52 79 13.500000 100
1 52 80 13.500000 100
1 52 81 13.500000 100
1 52 82 13.500000 100
1 52 83 13.500000 100
1 52 84 13.500000 100
1 52 85 13.500000 100
1 52 86 13.500000 100
1 52 87 13.500000 100
1 52 88 13.500000 100
1 52 89 13.500000 100
1 52 90 13.500000 100
1 52 91 13.500000 100
1 52 92 13.500000 100
1 52 93 13.500000 100
1 52 94 13.500000 100
1 52 95 13.500000 100
1 52 96 13.500000 100
1 52 97 13.500000 100
1 52 98 13.500000 100
1 52 99 13.500000 100
1 52 100 13.500000 100
1 52 101 13.500000 100
1 52 102 13.500000 100
1 52 103 13.500000 100
1 52 104 13.500000 100
1 53 9 13.500000 100
1 53 10 13.500000 100
1 53 11 13.500000 100
1 53 12 13.500000 100
1 53 13 13.500000 100
1 53 14 13.500000 100
1 53 15 13.500000 100
1 53 16 13.500000 100
1 53 17 13.500000 100
1 53 18 13.500000 100
1 53 19 13.500000 100
1 53 20 13.500000 100
1 53 21 13.500000 100
1 53 22 13.500000 100
1 53 23 13.500000 100
1 53 24 13.500000 100
1 53 25 13.500000 100
1 53 26 13.500000 100
1 53 27 13.500000 100
1 53 28 13.500000 100
1 53 29 13.500000 100
1 53 30 13.500000 100
1 53 31 13.500000 100
1 53 32 13.500000 100
1 53 33 13.500000 100
1 53 34 13.500000 100
1 53 35 13.500000 100
1 53 36 13.500000 100
1 53 37 13.500000 100
1 53 38 13.500000 100
1 53 39 13.500000 100
1 53 40 13.500000 100
1 53 41 13.500000 100
1 53 42 13.500000 100
1 53 43 13.500000 100
1 53 44 13.500000 100
1 53 45 13.500000 100
1 53 46 13.500000 100
1 53 47 13.500000 100
1 53 48 13.500000 100
1 53 49 13.500000 100
1 53 50 13.500000 100
1 53 51 13.500000 100
1 53 52 13.500000 100
1 53 53 13.500000 100
1 53 54 13.500000 100
1 53 55 13.500000 100
1 53 56 13.500000 100
1 53 57 13.500000 100
1 53 58 13.500000 100
1 53 59 13.500000 100
1 53 60 13.500000 100
1 53 61 13.500000 100
1 53 62 13.500000 100
1 53 63 13.500000 100
1 53 64 13.500000 100
1 53 65 13.500000 100
1 53 66 13.500000 100
1 53 67 13.500000 100
1 53 68 13.500000 100
1 53 69 13.500000 100
1 53 70 13.500000 100
1 53 71 13.500000 100
1 53 72 13.500000 100
1 53 73 13.500000 100
1 53 74 13.500000 100
1 53 75 13.500000 100
1 53 76 13.500000 100
1 53 77 13.500000 100
1 53 78 13.500000 100
1 53 79 13.500000 100
1 53 80 13.500000 100
1 53 81 13.500000 100
1 53 82 13.500000 100
1 53 83 13.500000 100
1 53 84 13.500000 100
1 53 85 13.500000 100
1 53 86 13.500000 100
1 53 87 13.500000 100
1 53 88 13.500000 100
1 53 89 13.500000 100
1 53 90 13.500000 100
1 53 91 13.500000 100
1 53 92 13.500000 100
1 53 93 13.500000 100
1 53 94 13.500000 100
1 53 95 13.500000 100
1 53 96 13.500000 100
1 53 97 13.500000 100
1 53 98 13.500000 100
1 53 99 13.500000 100
1 53 100 13.500000 100
1 53 101 13.500000 100
1 53 102 13.500000 100
1 53 103 13.500000 100
1 54 9 13.500000 100
1 54 10 13.500000 100
1 54 11 13.500000 100
1 54 12 13.500000 100
1 54 13 13.500000 100
1 54 14 13.500000 100
1 54 15 13.500000 100
1 54 16 13.500000 100
1 54 17 13.500000 100
1 54 18 13.500000 100
1 54 19 13.500000 100
1 54 20 13.500000 100
1 54 21 13.500000 100
1 54 22 13.500000 100
1 54 23 13.500000 100
1 54 24 13.500000 100
1 54 25 13.500000 100
1 54 26 13.500000 100
1 54 27 13.500000 100
1 54 28 13.500000 100
1 54 29 13.500000 100
1 54 30 13.500000 100
1 54 31 13.500000 100
1 54 32 13.500000 100
1 54 33 13.500000 100
1 54 34 13.500000 100
1 54 35 13.500000 100
1 54 36 13.500000 100
1 54 37 13.500000 100
1 54 38 13.500000 100
1 54 39 13.500000 100
1 54 40 13.500000 100
1 54 41 13.500000 100
1 54 42 13.500000 100
1 54 43 13.500000 100
1 54 44 13.500000 100
1 54 45 13.500000 100
1 54 46 13.500000 100
1 54 47 13.500000 100
1 54 48 13.500000 100
1 54 49 13.500000 100
1 54 50 13.500000 100
1 54 51 13.500000 100
1 54 52 13.500000 100
1 54 53 13.500000 100
1 54 54 13.500000 100
1 54 55 13.500000 100
1 54 56 13.500000 100
1 54 57 13.500000 100
1 54 58 13.500000 100
1 54 59 13.500000 100
1 54 60 13.500000 100
1 54 61 13.500000 100
1 54 62 13.500000 100
1 54 63 13.500000 100
1 54 64 13.500000 100
1 54 65 13.500000 100
1 54 66 13.500000 100
1 54 67 13.500000 100
1 54 68 13.500000 100
1 54 69 13.500000 100
1 54 70 13.500000 100
1 54 71 13.500000 100
1 54 72 13.500000 100
1 54 73 13.500000 100
1 54 74 13.500000 100
1 54 75 13.500000 100
1 54 76 13.500000 100
1 54 77 13.500000 100
1 54 78 13.500000 100
1 54 79 13.500000 100
1 54 80 13.500000 100
1 54 81 13.500000 100
1 54 82 13.500000 100
1 54 83 13.500000 100
1 54 84 13.500000 100
1 54 85 13.500000 100
1 54 86 13.500000 100
1 54 87 13.500000 100
1 54 88 13.500000 100
1 54 89 13.500000 100
1 54 90 13.500000 100
1 54 91 13.500000 100
1 54 92 13.500000 100
1 54 93 13.500000 100
1 54 94 13.500000 100
1 54 95 13.500000 100
1 54 96 13.500000 100
1 54 97 13.500000 100
1 54 98 13.500000 100
1 54 99 13.500000 100
1 54 100 13.500000 100
1 54 101 13.500000 100
1 54 102 13.500000 100
1 54 103 13.500000 100
1 55 8 13.500000 100
1 55 9 13.500000 100
1 55 10 13.500000 100
1 55 11 13.500000 100
1 55 12 13.500000 100
1 55 13 13.500000 100
1 55 14 13.500000 100
1 55 15 13.500000 100
1 55 16 13.500000 100
1 55 17 13.500000 100
1 55 18 13.500000 100
1 55 19 13.500000 100
1 55 20 13.500000 100
1 55 21 13.500000 100
1 55 22 13.500000 100
1 55 23 13.500000 100
1 55 24 13.500000 100
1 55 25 13.500000 100
1 55 26 13.500000 100
1 55 27 13.500000 100
1 55 28 13.500000 100
1 55 29 13.500000 100
1 55 30 13.500000 100
1 55 31 13.500000 100
1 55 32 13.500000 100
1 55 33 13.500000 100
1 55 34 13.500000 100
1 55 35 13.500000 100
1 55 36 13.500000 100
1 55 37 13.500000 100
1 55 38 13.500000 100
1 55 39 13.500000 100
1 55 40 13.500000 100
1 55 41 13.500000 100
1 55 42 13.500000 100
1 55 43 13.500000 100
1 55 44 13.500000 100
1 55 45 13.500000 100
1 55 46 13.500000 100
1 55 47 13.500000 100
1 55 48 13.500000 100
1 55 49 13.500000 100
1 55 50 13.500000 100
1 55 51 13.500000 100
1 55 52 13.500000 100
1 55 53 13.500000 100
1 55 54 13.500000 100
1 55 55 13.500000 100
1 55 56 13.500000 100
1 55 57 13.500000 100
1 55 58 13.500000 100
1 55 59 13.500000 100
1 55 60 13.500000 100
1 55 61 13.500000 100
1 55 62 13.500000 100
1 55 63 13.500000 100
1 55 64 13.500000 100
1 55 65 13.500000 100
1 55 66 13.500000 100
1 55 67 13.500000 100
1 55 68 13.500000 100
1 55 69 13.500000 100
1 55 70 13.500000 100
1 55 71 13.500000 100
1 55 72 13.500000 100
1 55 73 13.500000 100
1 55 74 13.500000 100
1 55 75 13.500000 100
1 55 76 13.500000 100
1 55 77 13.500000 100
1 55 78 13.500000 100
1 55 79 13.500000 100
1 55 80 13.500000 100
1 55 81 13.500000 100
1 55 82 13.500000 100
1 55 83 13.500000 100
1 55 84 13.500000 100
1 55 85 13.500000 100
1 55 86 13.500000 100
1 55 87 13.500000 100
1 55 88 13.500000 100
1 55 89 13.500000 100
1 55 90 13.500000 100
1 55 91 13.500000 100
1 55 92 13.500000 100
1 55 93 13.500000 100
1 55 94 13.500000 100
1 55 95 13.500000 100
1 55 96 13.500000 100
1 55 97 13.500000 100
1 55 98 13.500000 100
1 55 99 13.500000 100
1 55 100 13.500000 100
1 55 101 13.500000 100
1 55 102 13.500000 100
1 56 8 13.500000 100
1 56 9 13.500000 100
1 56 10 13.500000 100
1 56 11 13.500000 100
1 56 12 13.500000 100
1 56 13 13.500000 100
1 56 14 13.500000 100
1 56 15 13.500000 100
1 56 16 13.500000 100
1 56 17 13.500000 100
1 56 18 13.500000 100
1 56 19 13.500000 100
1 56 20 13.500000 100
1 56 21 13.500000 100
1 56 22 13.500000 100
1 56 23 13.500000 100
1 56 24 13.500000 100
1 56 25 13.500000 100
1 56 26 13.500000 100
1 56 27 13.500000 100
1 56 28 13.500000 100
1 56 29 13.500000 100
1 56 30 13.500000 100
1 56 31 13.500000 100
1 56 32 13.500000 100
1 56 33 13.500000 100
1 56 34 13.500000 100
1 56 35 13.500000 100
1 56 36 13.500000 100
1 56 37 13.500000 100
1 56 38 13.500000 100
1 56 39 13.500000 100
1 56 40 13.500000 100
1 56 41 13.500000 100
1 56 42 13.500000 100
1 56 43 13.500000 100
1 56 44 13.500000 100
1 56 45 13.500000 100
1 56 46 13.500000 100
1 56 47 13.500000 100
1 56 48 13.500000 100
1 56 49 13.500000 100
1 56 50 13.500000 100
1 56 51 13.500000 100
1 56 52 13.500000 100
1 56 53 13.500000 100
1 56 54 13.500000 100
1 56 55 13.500000 100
1 56 56 13.500000 100
1 56 57 13.500000 100
1 56 58 13.500000 100
1 56 59 13.500000 100
1 56 60 13.500000 100
1 56 61 13.500000 100
1 56 62 13.500000 100
1 56 63 13.500000 100
1 56 64 13.500000 100
1 56 65 13.500000 100
1 56 66 13.500000 100
1 56 67 13.500000 100
1 56 68 13.500000 100
1 56 69 13.500000 100
1 56 70 13.500000 100
1 56 71 13.500000 100
1 56 72 13.500000 100
1 56 73 13.500000 100
1 56 74 13.500000 100
1 56 75 13.500000 100
1 56 76 13.500000 100
1 56 77 13.500000 100
1 56 78 13.500000 100
1 56 79 13.500000 100
1 56 80 13.500000 100
1 56 81 13.500000 100
1 56 82 13.500000 100
1 56 83 13.500000 100
1 56 84 13.500000 100
1 56 85 13.500000 100
1 56 86 13.500000 100
1 56 87 13.500000 100
1 56 88 13.500000 100
1 56 89 13.500000 100
1 56 90 13.500000 100
1 56 91 13.500000 100
1 56 92 13.500000 100
1 56 93 13.500000 100
1 56 94 13.500000 100
1 56 95 13.500000 100
1 56 96 13.500000 100
1 56 97 13.500000 100
1 56 98 13.500000 100
1 56 99 13.500000 100
1 56 100 13.500000 100
1 56 101 13.500000 100
1 56 102 13.500000 100
1 57 7 13.500000 100
1 57 8 13.500000 100
1 57 9 13.500000 100
1 57 10 13.500000 100
1 57 11 13.500000 100
1 57 12 13.500000 100
1 57 13 13.500000 100
1 57 14 13.500000 100
1 57 15 13.500000 100
1 57 16 13.500000 100
1 57 17 13.500000 100
1 57 18 13.500000 100
1 57 19 13.500000 100
1 57 20 13.500000 100
1 57 21 13.500000 100
1 57 22 13.500000 100
1 57 23 13.500000 100
1 57 24 13.500000 100
1 57 25 13.500000 100
1 57 26 13.500000 100
1 57 27 13.500000 100
1 57 28 13.500000 100
1 57 29 13.500000 100
1 57 30 13.500000 100
1 57 31 13.500000 100
1 57 32 13.500000 100
1 57 33 13.500000 100
1 57 34 13.500000 100
1 57 35 13.500000 100
1 57 36 13.500000 100
1 57 37 13.500000 100
1 57 38 13.500000 100
1 57 39 13.500000 100
1 57 40 13.500000 100
1 57 41 13.500000 100
1 57 42 13.500000 100
1 57 43 13.500000 100
1 57 44 13.500000 100
1 57 45 13.500000 100
1 57 46 13.500000 100
1 57 47 13.500000 100
1 57 48 13.500000 100
1 57 49 13.500000 100
1 57 50 13.500000 100
1 57 51 13.500000 100
1 57 52 13.500000 100
1 57 53 13.500000 100
1 57 54 13.500000 100
1 57 55 13.500000 100
1 57 56 13.500000 100
1 57 57 13.500000 100
1 57 58 13.500000 100
1 57 59 13.500000 100
1 57 60 13.500000 100
1 57 61 13.500000 100
1 57 62 13.500000 100
1 57 63 13.500000 100
1 57 64 13.500000 100
1 57 65 13.500000 100
1 57 66 13.500000 100
1 57 67 13.500000 100
1 57 68 13.500000 100
1 57 69 13.500000 100
1 57 70 13.500000 100
1 57 71 13.500000 100
1 57 72 13.500000 100
1 57 73 13.500000 100
1 57 74 13.500000 100
1 57 75 13.500000 100
1 57 76 13.500000 100
1 57 77 13.500000 100
1 57 78 13.500000 100
1 57 79 13.500000 100
1 57 80 13.500000 100
1 57 81 13.500000 100
1 57 82 13.500000 100
1 57 83 13.500000 100
1 57 84 13.500000 100
1 57 85 13.500000 100
1 57 86 13.500000 100
1 57 87 13.500000 100
1 57 88 13.500000 100
1 57 89 13.500000 100
1 57 90 13.500000 100
1 57 91 13.500000 100
1 57 92 13.500000 100
1 57 93 13.500000 100
1 57 94 13.500000 100
1 57 95 13.500000 100
1 57 96 13.500000 100
1 57 97 13.500000 100
1 57 98 13.500000 100
1 57 99 13.500000 100
1 57 100 13.500000 100
1 57 101 13.500000 100
1 57 102 13.500000 100
1 58 7 13.500000 100
1 58 8 13.500000 100
1 58 9 13.500000 100
1 58 10 13.500000 100
1 58 11 13.500000 100
1 58 12 13.500000 100
1 58 13 13.500000 100
1 58 14 13.500000 100
1 58 15 13.500000 100
1 58 16 13.500000 100
1 58 17 13.500000 100
1 58 18 13.500000 100
1 58 19 13.500000 100
1 58 20 13.500000 100
1 58 21 13.500000 100
1 58 22 13.500000 100
1 58 23 13.500000 100
1 58 24 13.500000 100
1 58 25 13.500000 100
1 58 26 13.500000 100
1 58 27 13.500000 100
1 58 28 13.500000 100
1 58 29 13.500000 100
1 58 30 13.500000 100
1 58 31 13.500000 100
1 58 32 13.500000 100
1 58 33 13.500000 100
1 58 34 13.500000 100
1 58 35 13.500000 100
1 58 36 13.500000 100
1 58 37 13.500000 100
1 58 38 13.500000 100
1 58 39 13.500000 100
1 58 40 13.500000 100
1 58 41 13.500000 100
1 58 42 13.500000 100
1 58 43 13.500000 100
1 58 44 13.500000 100
1 58 45 13.500000 100
1 58 46 13.500000 100
1 58 47 13.500000 100
1 58 48 13.500000 100
1 58 49 13.500000 100
1 58 50 13.500000 100
1 58 51 13.500000 100
1 58 52 13.500000 100
1 58 53 13.500000 100
1 58 54 13.500000 100
1 58 55 13.500000 100
1 58 56 13.500000 100
1 58 57 13.500000 100
1 58 58 13.500000 100
1 58 59 13.500000 100
1 58 60 13.500000 100
1 58 61 13.500000 100
1 58 62 13.500000 100
1 58 63 13.500000 100
1 58 64 13.500000 100
1 58 65 13.500000 100
1 58 66 13.500000 100
1 58 67 13.500000 100
1 58 68 13.500000 100
1 58 69 13.500000 100
1 58 70 13.500000 100
1 58 71 13.500000 100
1 58 72 13.500000 100
1 58 73 13.500000 100
1 58 74 13.500000 100
1 58 75 13.500000 100
1 58 76 13.500000 100
1 58 77 13.500000 100
1 58 78 13.500000 100
1 58 79 13.500000 100
1 58 80 13.500000 100
1 58 81 13.500000 100
1 58 82 13.500000 100
1 58 83 13.500000 100
1 58 84 13.500000 100
1 58 85 13.500000 100
1 58 86 13.500000 100
1 58 87 13.500000 100
1 58 88 13.500000 100
1 58 89 13.500000 100
1 58 90 13.500000 100
1 58 91 13.500000 100
1 58 92 13.500000 100
1 58 93 13.500000 100
1 58 94 13.500000 100
1 58 95 13.500000 100
1 58 96 13.500000 100
1 58 97 13.500000 100
1 58 98 13.500000 100
1 58 99 13.500000 100
1 58 100 13.500000 100
1 58 101 13.500000 100
1 59 6 13.500000 100
1 59 7 13.500000 100
1 59 8 13.500000 100
1 59 9 13.500000 100
1 59 10 13.500000 100
1 59 11 13.500000 100
1 59 12 13.500000 100
1 59 13 13.500000 100
1 59 14 13.500000 100
1 59 15 13.500000 100
1 59 16 13.500000 100
1 59 17 13.500000 100
1 59 18 13.500000 100
1 59 19 13.500000 100
1 59 20 13.500000 100
1 59 21 13.500000 100
1 59 22 13.500000 100
1 59 23 13.500000 100
1 59 24 13.500000 100
1 59 25 13.500000 100
1 59 26 13.500000 100
1 59 27 13.500000 100
1 59 28 13.500000 100
1 59 29 13.500000 100
1 59 30 13.500000 100
1 59 31 13.500000 100
1 59 32 13.500000 100
1 59 33 13.500000 100
1 59 34 13.500000 100
1 59 35 13.500000 100
1 59 36 13.500000 100
1 59 37 13.500000 100
1 59 38 13.500000 100
1 59 39 13.500000 100
1 59 40 13.500000 100
1 59 41 13.500000 100
1 59 42 13.500000 100
1 59 43 13.500000 100
1 59 44 13.500000 100
1 59 45 13.500000 100
1 59 46 13.500000 100
1 59 47 13.500000 100
1 59 48 13.500000 100
1 59 49 13.500000 100
1 59 50 13.500000 100
1 59 51 13.500000 100
1 59 52 13.500000 100
1 59 53 13.500000 100
1 59 54 13.500000 100
1 59 55 13.500000 100
1 59 56 13.500000 100
1 59 57 13.500000 100
1 59 58 13.500000 100
1 59 59 13.500000 100
1 59 60 13.500000 100
1 59 61 13.500000 100
1 59 62 13.500000 100
1 59 63 13.500000 100
1 59 64 13.500000 100
1 59 65 13.500000 100
1 59 66 13.500000 100
1 59 67 13.500000 100
1 59 68 13.500000 100
1 59 69 13.500000 100
1 59 70 13.500000 100
1 59 71 13.500000 100
1 59 72 13.500000 100
1 59 73 13.500000 100
1 59 74 13.500000 100
1 59 75 13.500000 100
1 59 76 13.500000 100
1 59 77 13.500000 100
1 59 78 13.500000 100
1 59 79 13.500000 100
1 59 80 13.500000 100
1 59 81 13.500000 100
1 59 82 13.500000 100
1 59 83 13.500000 100
1 59 84 13.500000 100
1 59 85 13.500000 100
1 59 86 13.500000 100
1 59 87 13.500000 100
1 59 88 13.500000 100
1 59 89 13.500000 100
1 59 90 13.500000 100
1 59 91 13.500000 100
1 59 92 13.500000 100
1 59 93 13.500000 100
1 59 94 13.500000 100
1 59 95 13.500000 100
1 59 96 13.500000 100
1 59 97 13.500000 100
1 59 98 13.500000 100
1 59 99 13.500000 100
1 59 100 13.500000 100
1 59 101 13.500000 100
1 60 6 13.500000 100
1 60 7 13.500000 100
1 60 8 13.500000 100
1 60 9 13.500000 100
1 60 10 13.500000 100
1 60 11 13.500000 100
1 60 12 13.500000 100
1 60 13 13.500000 100
1 60 14 13.500000 100
1 60 15 13.500000 100
1 60 16 13.500000 100
1 60 17 13.500000 100
1 60 18 13.500000 100
1 60 19 13.500000 100
1 60 20 13.500000 100
1 60 21 13.500000 100
1 60 22 13.500000 100
1 60 23 13.500000 100
1 60 24 13.500000 100
1 60 25 13.500000 100
1 60 26 13.500000 100
1 60 27 13.500000 100
1 60 28 13.500000 100
1 60 29 13.500000 100
1 60 30 13.500000 100
1 60 31 13.500000 100
1 60 32 13.500000 100
1 60 33 13.500000 100
1 60 34 13.500000 100
1 60 35 13.500000 100
1 60 36 13.500000 100
1 60 37 13.500000 100
1 60 38 13.500000 100
1 60 39 13.500000 100
1 60 40 13.500000 100
1 60 41 13.500000 100
1 60 42 13.500000 100
1 60 43 13.500000 100
1 60 44 13.500000 100
1 60 45 13.500000 100
1 60 46 13.500000 100
1 60 47 13.500000 100
1 60 48 13.500000 100
1 60 49 13.500000 100
1 60 50 13.500000 100
1 60 51 13.500000 100
1 60 52 13.500000 100
1 60 53 13.500000 100
1 60 54 13.500000 100
1 60 55 13.500000 100
1 60 56 13.500000 100
1 60 57 13.500000 100
1 60 58 13.500000 100
1 60 59 13.500000 100
1 60 60 13.500000 100
1 60 61 13.500000 100
1 60 62 13.500000 100
1 60 63 13.500000 100
1 60 64 13.500000 100
1 60 65 13.500000 100
1 60 66 13.500000 100
1 60 67 13.500000 100
1 60 68 13.500000 100
1 60 69 13.500000 100
1 60 70 13.500000 100
1 60 71 13.500000 100
1 60 72 13.500000 100
1 60 73 13.500000 100
1 60 74 13.500000 100
1 60 75 13.500000 100
1 60 76 13.500000 100
1 60 77 13.500000 100
1 60 78 13.500000 100
1 60 79 13.500000 100
1 60 80 13.500000 100
1 60 81 13.500000 100
1 60 82 13.500000 100
1 60 83 13.500000 100
1 60 84 13.500000 100
1 60 85 13.500000 100
1 60 86 13.500000 100
1 60 87 13.500000 100
1 60 88 13.500000 100
1 60 89 13.500000 100
1 60 90 13.500000 100
1 60 91 13.500000 100
1 60 92 13.500000 100
1 60 93 13.500000 100
1 60 94 13.500000 100
1 60 95 13.500000 100
1 60 96 13.500000 100
1 60 97 13.500000 100
1 60 98 13.500000 100
1 60 99 13.500000 100
1 60 100 13.500000 100
1 60 101 13.500000 100
1 61 6 13.500000 100
1 61 7 13.500000 100
1 61 8 13.500000 100
1 61 9 13.500000 100
1 61 10 13.500000 100
1 61 11 13.500000 100
1 61 12 13.500000 100
1 61 13 13.500000 100
1 61 14 13.500000 100
1 61 15 13.500000 100
1 61 16 13.500000 100
1 61 17 13.500000 100
1 61 18 13.500000 100
1 61 19 13.500000 100
1 61 20 13.500000 100
1 61 21 13.500000 100
1 61 22 13.500000 100
1 61 23 13.500000 100
1 61 24 13.500000 100
1 61 25 13.500000 100
1 61 26 13.500000 100
1 61 27 13.500000 100
1 61 28 13.500000 100
1 61 29 13.500000 100
1 61 30 13.500000 100
1 61 31 13.500000 100
1 61 32 13.500000 100
1 61 33 13.500000 100
1 61 34 13.500000 100
1 61 35 13.500000 100
1 61 36 13.500000 100
1 61 37 13.500000 100
1 61 38 13.500000 100
1 61 39 13.500000 100
1 61 40 13.500000 100
1 61 41 13.500000 100
1 61 42 13.500000 100
1 61 43 13.500000 100
1 61 44 13.500000 100
1 61 45 13.500000 100
1 61 46 13.500000 100
1 61 47 13.500000 100
1 61 48 13.500000 100
1 61 49 13.500000 100
1 61 50 13.500000 100
1 61 51 13.500000 100
1 61 52 13.500000 100
1 61 53 13.500000 100
1 61 54 13.500000 100
1 61 55 13.500000 100
1 61 56 13.500000 100
1 61 57 13.500000 100
1 61 58 13.500000 100
1 61 59 13.500000 100
1 61 60 13.500000 100
1 61 61 13.500000 100
1 61 62 13.500000 100
1 61 63 13.500000 100
1 61 64 13.500000 100
1 61 65 13.500000 100
1 61 66 13.500000 100
1 61 67 13.500000 100
1 61 68 13.500000 100
1 61 69 13.500000 100
1 61 70 13.500000 100
1 61 71 13.500000 100
1 61 72 13.500000 100
1 61 73 13.500000 100
1 61 74 13.500000 100
1 61 75 13.500000 100
1 61 76 13.500000 100
1 61 77 13.500000 100
1 61 78 13.500000 100
1 61 79 13.500000 100
1 61 80 13.500000 100
1 61 81 13.500000 100
1 61 82 13.500000 100
1 61 83 13.500000 100
1 61 84 13.500000 100
1 61 85 13.500000 100
1 61 86 13.500000 100
1 61 87 13.500000 100
1 61 88 13.500000 100
1 61 89 13.500000 100
1 61 90 13.500000 100
1 61 91 13.500000 100
1 61 92 13.500000 100
1 61 93 13.500000 100
1 61 94 13.500000 100
1 61 95 13.500000 100
1 61 96 13.500000 100
1 61 97 13.500000 100
1 61 98 13.500000 100
1 61 99 13.500000 100
1 61 100 13.500000 100
1 62 5 13.500000 100
1 62 6 13.500000 100
1 62 7 13.500000 100
1 62 8 13.500000 100
1 62 9 13.500000 100
1 62 10 13.500000 100
1 62 11 13.500000 100
1 62 12 13.500000 100
1 62 13 13.500000 100
1 62 14 13.500000 100
1 62 15 13.500000 100
1 62 16 13.500000 100
1 62 17 13.500000 100
1 62 18 13.500000 100
1 62 19 13.500000 100
1 62 20 13.500000 100
1 62 21 13.500000 100
1 62 22 13.500000 100
1 62 23 13.500000 100
1 62 24 13.500000 100
1 62 25 13.500000 100
1 62 26 13.500000 100
1 62 27 13.500000 100
1 62 28 13.500000 100
1 62 29 13.500000 100
1 62 30 13.500000 100
1 62 31 13.500000 100
1 62 32 13.500000 100
1 62 33 13.500000 100
1 62 34 13.500000 100
1 62 35 13.500000 100
1 62 36 13.500000 100
1 62 37 13.500000 100
1 62 38 13.500000 100
1 62 39 13.500000 100
1 62 40 13.500000 100
1 62 41 13.500000 100
1 62 42 13.500000 100
1 62 43 13.500000 100
1 62 44 13.500000 100
1 62 45 13.500000 100
1 62 46 13.500000 100
1 62 47 13.500000 100
1 62 48 13.500000 100
1 62 49 13.500000 100
1 62 50 13.500000 100
1 62 51 13.500000 100
1 62 52 13.500000 100
1 62 53 13.500000 100
1 62 54 13.500000 100
1 62 55 13.500000 100
1 62 56 13.500000 100
1 62 57 13.500000 100
1 62 58 13.500000 100
1 62 59 13.500000 100
1 62 60 13.500000 100
1 62 61 13.500000 100
1 62 62 13.500000 100
1 62 63 13.500000 100
1 62 64 13.500000 100
1 62 65 13.500000 100
1 62 66 13.500000 100
1 62 67 13.500000 100
1 62 68 13.500000 100
1 62 69 13.500000 100
1 62 70 13.500000 100
1 62 71 13.500000 100
1 62 72 13.500000 100
1 62 73 13.500000 100
1 62 74 13.500000 100
1 62 75 13.500000 100
1 62 76 13.500000 100
1 62 77 13.500000 100
1 62 78 13.500000 100
1 62 79 13.500000 100
1 62 80 13.500000 100
1 62 81 13.500000 100
1 62 82 13.500000 100
1 62 83 13.500000 100
1 62 84 13.500000 100
1 62 85 13.500000 100
1 62 86 13.500000 100
1 62 87 13.500000 100
1 62 88 13.500000 100
1 62 89 13.500000 100
1 62 90 13.500000 100
1 62 91 13.500000 100
1 62 92 13.500000 100
1 62 93 13.500000 100
1 62 94 13.500000 100
1 62 95 13.500000 100
1 62 96 13.500000 100
1 62 97 13.500000 100
1 62 98 13.500000 100
1 62 99 13.500000 100
1 62 100 13.500000 100
1 63 5 13.500000 100
1 63 6 13.500000 100
1 63 7 13.500000 100
1 63 8 13.500000 100
1 63 9 13.500000 100
1 63 10 13.500000 100
1 63 11 13.500000 100
1 63 12 13.500000 100
1 63 13 13.500000 100
1 63 14 13.500000 100
1 63 15 13.500000 100
1 63 16 13.500000 100
1 63 17 13.500000 100
1 63 18 13.500000 100
1 63 19 13.500000 100
1 63 20 13.500000 100
1 63 21 13.500000 100
1 63 22 13.500000 100
1 63 23 13.500000 100
1 63 24 13.500000 100
1 63 25 13.500000 100
1 63 26 13.500000 100
1 63 27 13.500000 100
1 63 28 13.500000 100
1 63 29 13.500000 100
1 63 30 13.500000 100
1 63 31 13.500000 100
1 63 32 13.500000 100
1 63 33 13.500000 100
1 63 34 13.500000 100
1 63 35 13.500000 100
1 63 36 13.500000 100
1 63 37 13.500000 100
1 63 38 13.500000 100
1 63 39 13.500000 100
1 63 40 13.500000 100
1 63 41 13.500000 100
1 63 42 13.500000 100
1 63 43 13.500000 100
1 63 44 13.500000 100
1 63 45 13.500000 100
1 63 46 13.500000 100
1 63 47 13.500000 100
1 63 48 13.500000 100
1 63 49 13.500000 100
1 63 50 13.500000 100
1 63 51 13.500000 100
1 63 52 13.500000 100
1 63 53 13.500000 100
1 63 54 13.500000 100
1 63 55 13.500000 100
1 63 56 13.500000 100
1 63 57 13.500000 100
1 63 58 13.500000 100
1 63 59 13.500000 100
1 63 60 13.500000 100
1 63 61 13.500000 100
1 63 62 13.500000 100
1 63 63 13.500000 100
1 63 64 13.500000 100
1 63 65 13.500000 100
1 63 66 13.500000 100
1 63 67 13.500000 100
1 63 68 13.500000 100
1 63 69 13.500000 100
1 63 70 13.500000 100
1 63 71 13.500000 100
1 63 72 13.500000 100
1 63 73 13.500000 100
1 63 74 13.500000 100
1 63 75 13.500000 100
1 63 76 13.500000 100
1 63 77 13.500000 100
1 63 78 13.500000 100
1 63 79 13.500000 100
1 63 80 13.500000 100
1 63 81 13.500000 100
1 63 82 13.500000 100
1 63 83 13.500000 100
1 63 84 13.500000 100
1 63 85 13.500000 100
1 63 86 13.500000 100
1 63 87 13.500000 100
1 63 88 13.500000 100
1 63 89 13.500000 100
1 63 90 13.500000 100
1 63 91 13.500000 100
1 63 92 13.500000 100
1 63 93 13.500000 100
1 63 94 13.500000 100
1 63 95 13.500000 100
1 63 96 13.500000 100
1 63 97 13.500000 100
1 63 98 13.500000 100
1 63 99 13.500000 100
1 63 100 13.500000 100
1 64 4 13.500000 100
1 64 5 13.500000 100
1 64 6 13.500000 100
1 64 7 13.500000 100
1 64 8 13.500000 100
1 64 9 13.500000 100
1 64 10 13.500000 100
1 64 11 13.500000 100
1 64 12 13.500000 100
1 64 13 13.500000 100
1 64 14 13.500000 100
1 64 15 13.500000 100
1 64 16 13.500000 100
1 64 17 13.500000 100
1 64 18 13.500000 100
1 64 19 13.500000 100
1 64 20 13.500000 100
1 64 21 13.500000 100
1 64 22 13.500000 100
1 64 23 13.500000 100
1 64 24 13.500000 100
1 64 25 13.500000 100
1 64 26 13.500000 100
1 64 27 13.500000 100
1 64 28 13.500000 100
1 64 29 13.500000 100
1 64 30 13.500000 100
1 64 31 13.500000 100
1 64 32 13.500000 100
1 64 33 13.500000 100
1 64 34 13.500000 100
1 64 35 13.500000 100
1 64 36 13.500000 100
1 64 37 13.500000 100
1 64 38 13.500000 100
1 64 39 13.500000 100
1 64 40 13.500000 100
1 64 41 13.500000 100
1 64 42 13.500000 100
1 64 43 13.500000 100
1 64 44 13.500000 100
1 64 45 13.500000 100
1 64 46 13.500000 100
1 64 47 13.500000 100
1 64 48 13.500000 100
1 64 49 13.500000 100
1 64 50 13.500000 100
1 64 51 13.500000 100
1 64 52 13.500000 100
1 64 53 13.500000 100
1 64 54 13.500000 100
1 64 55 13.500000 100
1 64 56 13.500000 100
1 64 57 13.500000 100
1 64 58 13.500000 100
1 64 59 13.500000 100
1 64 60 13.500000 100
1 64 61 13.500000 100
1 64 62 13.500000 100
1 64 63 13.500000 100
1 64 64 13.500000 100
1 64 65 13.500000 100
1 64 66 13.500000 100
1 64 67 13.500000 100
1 64 68 13.500000 100
1 64 69 13.500000 100
1 64 70 13.500000 100
1 64 71 13.500000 100
1 64 72 13.500000 100
1 64 73 13.500000 100
1 64 74 13.500000 100
1 64 75 13.500000 100
1 64 76 13.500000 100
1 64 77 13.500000 100
1 64 78 13.500000 100
1 64 79 13.500000 100
1 64 80 13.500000 100
1 64 81 13.500000 100
1 64 82 13.500000 100
1 64 83 13.500000 100
1 64 84 13.500000 100
1 64 85 13.500000 100
1 64 86 13.500000 100
1 64 87 13.500000 100
1 64 88 13.500000 100
1 64 89 13.500000 100
1 64 90 13.500000 100
1 64 91 13.500000 100
1 64 92 13.500000 100
1 64 93 13.500000 100
1 64 94 13.500000 100
1 64 95 13.500000 100
1 64 96 13.500000 100
1 64 97 13.500000 100
1 64 98 13.500000 100
1 64 99 13.500000 100
1 65 4 13.500000 100
1 65 5 13.500000 100
1 65 6 13.500000 100
1 65 7 13.500000 100
1 65 8 13.500000 100
1 65 9 13.500000 100
1 65 10 13.500000 100
1 65 11 13.500000 100
1 65 12 13.500000 100
1 65 13 13.500000 100
1 65 14 13.500000 100
1 65 15 13.500000 100
1 65 16 13.500000 100
1 65 17 13.500000 100
1 65 18 13.500000 100
1 65 19 13.500000 100
1 65 20 13.500000 100
1 65 21 13.500000 100
1 65 22 13.500000 100
1 65 23 13.500000 100
1 65 24 13.500000 100
1 65 25 13.500000 100
1 65 26 13.500000 100
1 65 27 13.500000 100
1 65 28 13.500000 100
1 65 29 13.500000 100
1 65 30 13.500000 100
1 65 31 13.500000 100
1 65 32 13.500000 100
1 65 33 13.500000 100
1 65 34 13.500000 100
1 65 35 13.500000 100
1 65 36 13.500000 100
1 65 37 13.500000 100
1 65 38 13.500000 100
1 65 39 13.500000 100
1 65 40 13.500000 100
1 65 41 13.500000 100
1 65 42 13.500000 100
1 65 43 13.500000 100
1 65 44 13.500000 100
1 65 45 13.500000 100
1 65 46 13.500000 100
1 65 47 13.500000 100
1 65 48 13.500000 100
1 65 49 13.500000 100
1 65 50 13.500000 100
1 65 51 13.500000 100
1 65 52 13.500000 100
1 65 53 13.500000 100
1 65 54 13.500000 100
1 65 55 13.500000 100
1 65 56 13.500000 100
1 65 57 13.500000 100
1 65 58 13.500000 100
1 65 59 13.500000 100
1 65 60 13.500000 100
1 65 61 13.500000 100
1 65 62 13.500000 100
1 65 63 13.500000 100
1 65 64 13.500000 100
1 65 65 13.500000 100
1 65 66 13.500000 100
1 65 67 13.500000 100
1 65 68 13.500000 100
1 65 69 13.500000 100
1 65 70 13.500000 100
1 65 71 13.500000 100
1 65 72 13.500000 100
1 65 73 13.500000 100
1 65 74 13.500000 100
1 65 75 13.500000 100
1 65 76 13.500000 100
1 65 77 13.500000 100
1 65 78 13.500000 100
1 65 79 13.500000 100
1 65 80 13.500000 100
1 65 81 13.500000 100
1 65 82 13.500000 100
1 65 83 13.500000 100
1 65 84 13.500000 100
1 65 85 13.500000 100
1 65 86 13.500000 100
1 65 87 13.500000 100
1 65 88 13.500000 100
1 65 89 13.500000 100
1 65 90 13.500000 100
1 65 91 13.500000 100
1 65 92 13.500000 100
1 65 93 13.500000 100
1 65 94 13.500000 100
1 65 95 13.500000 100
1 65 96 13.500000 100
1 65 97 13.500000 100
1 65 98 13.500000 100
1 65 99 13.500000 100
1 66 3 13.500000 100
1 66 4 13.500000 100
1 66 5 13.500000 100
1 66 6 13.500000 100
1 66 7 13.500000 100
1 66 8 13.500000 100
1 66 9 13.500000 100
1 66 10 13.500000 100
1 66 11 13.500000 100
1 66 12 13.500000 100
1 66 13 13.500000 100
1 66 14 13.500000 100
1 66 15 13.500000 100
1 66 16 13.500000 100
1 66 17 13.500000 100
1 66 18 13.500000 100
1 66 19 13.500000 100
1 66 20 13.500000 100
1 66 21 13.500000 100
1 66 22 13.500000 100
1 66 23 13.500000 100
1 66 24 13.500000 100
1 66 25 13.500000 100
1 66 26 13.500000 100
1 66 27 13.500000 100
1 66 28 13.500000 100
1 66 29 13.500000 100
1 66 30 13.500000 100
1 66 31 13.500000 100
1 66 32 13.500000 100
1 66 33 13.500000 100
1 66 34 13.500000 100
1 66 35 13.500000 100
1 66 36 13.500000 100
1 66 37 13.500000 100
1 66 38 13.500000 100
1 66 39 13.500000 100
1 66 40 13.500000 100
1 66 41 13.500000 100
1 66 42 13.500000 100
1 66 43 13.500000 100
1 66 44 13.500000 100
1 66 45 13.500000 100
1 66 46 13.500000 100
1 66 47 13.500000 100
1 66 48 13.500000 100
1 66 49 13.500000 100
1 66 50 13.500000 100
1 66 51 13.500000 100
1 66 52 13.500000 100
1 66 53 13.500000 100
1 66 54 13.500000 100
1 66 55 13.500000 100
1 66 56 13.500000 100
1 66 57 13.500000 100
1 66 58 13.500000 100
1 66 59 13.500000 100
1 66 60 13.500000 100
1 66 61 13.500000 100
1 66 62 13.500000 100
1 66 63 13.500000 100
1 66 64 13.500000 100
1 66 65 13.500000 100
1 66 66 13.500000 100
1 66 67 13.500000 100
1 66 68 13.500000 100
1 66 69 13.500000 100
1 66 70 13.500000 100
1 66 71 13.500000 100
1 66 72 13.500000 100
1 66 73 13.500000 100
1 66 74 13.500000 100
1 66 75 13.500000 100
1 66 76 13.500000 100
1 66 77 13.500000 100
1 66 78 13.500000 100
1 66 79 13.500000 100
1 66 80 13.500000 100
1 66 81 13.500000 100
1 66 82 13.500000 100
1 66 83 13.500000 100
1 66 84 13.500000 100
1 66 85 13.500000 100
1 66 86 13.500000 100
1 66 87 13.500000 100
1 66 88 13.500000 100
1 66 89 13.500000 100
1 66 90 13.500000 100
1 66 91 13.500000 100
1 66 92 13.500000 100
1 66 93 13.500000 100
1 66 94 13.500000 100
1 66 95 13.500000 100
1 66 96 13.500000 100
1 66 97 13.500000 100
1 66 98 13.500000 100
1 66 99 13.500000 100
1 67 3 13.500000 100
1 67 4 13.500000 100
1 67 5 13.500000 100
1 67 6 13.500000 100
1 67 7 13.500000 100
1 67 8 13.500000 100
1 67 9 13.500000 100
1 67 10 13.500000 100
1 67 11 13.500000 100
1 67 12 13.500000 100
1 67 13 13.500000 100
1 67 14 13.500000 100
1 67 15 13.500000 100
1 67 16 13.500000 100
1 67 17 13.500000 100
1 67 18 13.500000 100
1 67 19 13.500000 100
1 67 20 13.500000 100
1 67 21 13.500000 100
1 67 22 13.500000 100
1 67 23 13.500000 100
1 67 24 13.500000 100
1 67 25 13.500000 100
1 67 26 13.500000 100
1 67 27 13.500000 100
1 67 28 13.500000 100
1 67 29 13.500000 100
1 67 30 13.500000 100
1 67 31 13.500000 100
1 67 32 13.500000 100
1 67 33 13.500000 100
1 67 34 13.500000 100
1 67 35 13.500000 100
1 67 36 13.500000 100
1 67 37 13.500000 100
1 67 38 13.500000 100
1 67 39 13.500000 100
1 67 40 13.500000 100
1 67 41 13.500000 100
1 67 42 13.500000 100
1 67 43 13.500000 100
1 67 44 13.500000 100
1 67 45 13.500000 100
1 67 46 13.500000 100
1 67 47 13.500000 100
1 67 48 13.500000 100
1 67 49 13.500000 100
1 67 50 13.500000 100
1 67 51 13.500000 100
1 67 52 13.500000 100
1 67 53 13.500000 100
1 67 54 13.500000 100
1 67 55 13.500000 100
1 67 56 13.500000 100
1 67 57 13.500000 100
1 67 58 13.500000 100
1 67 59 13.500000 100
1 67 60 13.500000 100
1 67 61 13.500000 100
1 67 62 13.500000 100
1 67 63 13.500000 100
1 67 64 13.500000 100
1 67 65 13.500000 100
1 67 66 13.500000 100
1 67 67 13.500000 100
1 67 68 13.500000 100
1 67 69 13.500000 100
1 67 70 13.500000 100
1 67 71 13.500000 100
1 67 72 13.500000 100
1 67 73 13.500000 100
1 67 74 13.500000 100
1 67 75 13.500000 100
1 67 76 13.500000 100
1 67 77 13.500000 100
1 67 78 13.500000 100
1 67 79 13.500000 100
1 67 80 13.500000 100
1 67 81 13.500000 100
1 67 82 13.500000 100
1 67 83 13.500000 100
1 67 84 13.500000 100
1 67 85 13.500000 100
1 67 86 13.500000 100
1 67 87 13.500000 100
1 67 88 13.500000 100
1 67 89 13.500000 100
1 67 90 13.500000 100
1 67 91 13.500000 100
1 67 92 13.500000 100
1 67 93 13.500000 100
1 67 94 13.500000 100
1 67 95 13.500000 100
1 67 96 13.500000 100
1 67 97 13.500000 100
1 67 98 13.500000 100
1 67 99 13.500000 100
1 68 3 13.500000 100
1 68 4 13.500000 100
1 68 5 13.500000 100
1 68 6 13.500000 100
1 68 7 13.500000 100
1 68 8 13.500000 100
1 68 9 13.500000 100
1 68 10 13.500000 100
1 68 11 13.500000 100
1 68 12 13.500000 100
1 68 13 13.500000 100
1 68 14 13.500000 100
1 68 15 13.500000 100
1 68 16 13.500000 100
1 68 17 13.500000 100
1 68 18 13.500000 100
1 68 19 13.500000 100
1 68 20 13.500000 100
1 68 21 13.500000 100
1 68 22 13.500000 100
1 68 23 13.500000 100
1 68 24 13.500000 100
1 68 25 13.500000 100
1 68 26 13.500000 100
1 68 27 13.500000 100
1 68 28 13.500000 100
1 68 29 13.500000 100
1 68 30 13.500000 100
1 68 31 13.500000 100
1 68 32 13.500000 100
1 68 33 13.500000 100
1 68 34 13.500000 100
1 68 35 13.500000 100
1 68 36 13.500000 100
1 68 37 13.500000 100
1 68 38 13.500000 100
1 68 39 13.500000 100
1 68 40 13.500000 100
1 68 41 13.500000 100
1 68 42 13.500000 100
1 68 43 13.500000 100
1 68 44 13.500000 100
1 68 45 13.500000 100
1 68 46 13.500000 100
1 68 47 13.500000 100
1 68 48 13.500000 100
1 68 49 13.500000 100
1 68 50 13.500000 100
1 68 51 13.500000 100
1 68 52 13.500000 100
1 68 53 13.500000 100
1 68 54 13.500000 100
1 68 55 13.500000 100
1 68 56 13.500000 100
1 68 57 13.500000 100
1 68 58 13.500000 100
1 68 59 13.500000 100
1 68 60 13.500000 100
1 68 61 13.500000 100
1 68 62 13.500000 100
1 68 63 13.500000 100
1 68 64 13.500000 100
1 68 65 13.500000 100
1 68 66 13.500000 100
1 68 67 13.500000 100
1 68 68 13.500000 100
1 68 69 13.500000 100
1 68 70 13.500000 100
1 68 71 13.500000 100
1 68 72 13.500000 100
1 68 73 13.500000 100
1 68 74 13.500000 100
1 68 75 13.500000 100
1 68 76 13.500000 100
1 68 77 13.500000 100
1 68 78 13.500000 100
1 68 79 13.500000 100
1 68 80 13.500000 100
1 68 81 13.500000 100
1 68 82 13.500000 100
1 68 83 13.500000 100
1 68 84 13.500000 100
1 68 85 13.500000 100
1 68 86 13.500000 100
1 68 87 13.500000 100
1 68 88 13.500000 100
1 68 89 13.500000 100
1 68 90 13.500000 100
1 68 91 13.500000 100
1 68 92 13.500000 100
1 68 93 13.500000 100
1 68 94 13.500000 100
1 68 95 13.500000 100
1 68 96 13.500000 100
1 68 97 13.500000 100
1 68 98 13.500000 100
1 69 3 13.500000 100
1 69 4 13.500000 100
1 69 5 13.500000 100
1 69 6 13.500000 100
1 69 7 13.500000 100
1 69 8 13.500000 100
1 69 9 13.500000 100
1 69 10 13.500000 100
1 69 11 13.500000 100
1 69 12 13.500000 100
1 69 13 13.500000 100
1 69 14 13.500000 100
1 69 15 13.500000 100
1 69 16 13.500000 100
1 69 17 13.500000 100
1 69 18 13.500000 100
1 69 19 13.500000 100
1 69 20 13.500000 100
1 69 21 13.500000 100
1 69 22 13.500000 100
1 69 23 13.500000 100
1 69 24 13.500000 100
1 69 25 13.500000 100
1 69 26 13.500000 100
1 69 27 13.500000 100
1 69 28 13.500000 100
1 69 29 13.500000 100
1 69 30 13.500000 100
1 69 31 13.500000 100
1 69 32 13.500000 100
1 69 33 13.500000 100
1 69 34 13.500000 100
1 69 35 13.500000 100
1 69 36 13.500000 100
1 69 37 13.500000 100
1 69 38 13.500000 100
1 69 39 13.500000 100
1 69 40 13.500000 100
1 69 41 13.500000 100
1 69 42 13.500000 100
1 69 43 13.500000 100
1 69 44 13.500000 100
1 69 45 13.500000 100
1 69 46 13.500000 100
1 69 47 13.500000 100
1 69 48 13.500000 100
1 69 49 13.500000 100
1 69 50 13.500000 100
1 69 51 13.500000 100
1 69 52 13.500000 100
1 69 53 13.500000 100
1 69 54 13.500000 100
1 69 55 13.500000 100
1 69 56 13.500000 100
1 69 57 13.500000 100
1 69 58 13.500000 100
1 69 59 13.500000 100
1 69 60 13.500000 100
1 69 61 13.500000 100
1 69 62 13.500000 100
1 69 63 13.500000 100
1 69 64 13.500000 100
1 69 65 13.500000 100
1 69 66 13.500000 100
1 69 67 13.500000 100
1 69 68 13.500000 100
1 69 69 13.500000 100
1 69 70 13.500000 100
1 69 71 13.500000 100
1 69 72 13.500000 100
1 69 73 13.500000 100
1 69 74 13.500000 100
1 69 75 13.500000 100
1 69 76 13.500000 100
1 69 77 13.500000 100
1 69 78 13.500000 100
1 69 79 13.500000 100
1 69 80 13.500000 100
1 69 81 13.500000 100
1 69 82 13.500000 100
1 69 83 13.500000 100
1 69 84 13.500000 100
1 69 85 13.500000 100
1 69 86 13.500000 100
1 69 87 13.500000 100
1 69 88 13.500000 100
1 69 89 13.500000 100
1 69 90 13.500000 100
1 69 91 13.500000 100
1 69 92 13.500000 100
1 69 93 13.500000 100
1 69 94 13.500000 100
1 69 95 13.500000 100
1 69 96 13.500000 100
1 70 2 13.500000 100
1 70 3 13.500000 100
1 70 4 13.500000 100
1 70 5 13.500000 100
1 70 6 13.500000 100
1 70 7 13.500000 100
1 70 8 13.500000 100
1 70 9 13.500000 100
1 70 10 13.500000 100
1 70 11 13.500000 100
1 70 12 13.500000 100
1 70 13 13.500000 100
1 70 14 13.500000 100
1 70 15 13.500000 100
1 70 16 13.500000 100
1 70 17 13.500000 100
1 70 18 13.500000 100
1 70 19 13.500000 100
1 70 20 13.500000 100
1 70 21 13.500000 100
1 70 22 13.500000 100
1 70 23 13.500000 100
1 70 24 13.500000 100
1 70 25 13.500000 100
1 70 26 13.500000 100
1 70 27 13.500000 100
1 70 28 13.500000 100
1 70 29 13.500000 100
1 70 30 13.500000 100
1 70 31 13.500000 100
1 70 32 13.500000 100
1 70 33 13.500000 100
1 70 34 13.500000 100
1 70 35 13.500000 100
1 70 36 13.500000 100
1 70 37 13.500000 100
1 70 38 13.500000 100
1 70 39 13.500000 100
1 70 40 13.500000 100
1 70 41 13.500000 100
1 70 42 13.500000 100
1 70 43 13.500000 100
1 70 44 13.500000 100
1 70 45 13.500000 100
1 70 46 13.500000 100
1 70 47 13.500000 100
1 70 48 13.500000 100
1 70 49 13.500000 100
1 70 50 13.500000 100
1 70 51 13.500000 100
1 70 52 13.500000 100
1 70 53 13.500000 100
1 70 54 13.500000 100
1 70 55 13.500000 100
1 70 56 13.500000 100
1 70 57 13.500000 100
1 70 58 13.500000 100
1 70 59 13.500000 100
1 70 60 13.500000 100
1 70 61 13.500000 100
1 70 62 13.500000 100
1 70 63 13.500000 100
1 70 64 13.500000 100
1 70 65 13.500000 100
1 70 66 13.500000 100
1 70 67 13.500000 100
1 70 68 13.500000 100
1 70 69 13.500000 100
1 70 70 13.500000 100
1 70 71 13.500000 100
1 70 72 13.500000 100
1 70 73 13.500000 100
1 70 74 13.500000 100
1 70 75 13.500000 100
1 70 76 13.500000 100
1 70 77 13.500000 100
1 70 78 13.500000 100
1 70 79 13.500000 100
1 70 80 13.500000 100
1 70 81 13.500000 100
1 70 82 13.500000 100
1 70 83 13.500000 100
1 70 84 13.500000 100
1 70 85 13.500000 100
1 70 86 13.500000 100
1 70 87 13.500000 100
1 70 88 13.500000 100
1 70 89 13.500000 100
1 70 90 13.500000 100
1 70 91 13.500000 100
1 70 92 13.500000 100
1 70 93 13.500000 100
1 70 94 13.500000 100
1 70 95 13.500000 100
1 71 2 13.500000 100
1 71 3 13.500000 100
1 71 4 13.500000 100
1 71 5 13.500000 100
1 71 6 13.500000 100
1 71 7 13.500000 100
1 71 8 13.500000 100
1 71 9 13.500000 100
1 71 10 13.500000 100
1 71 11 13.500000 100
1 71 12 13.500000 100
1 71 13 13.500000 100
1 71 14 13.500000 100
1 71 15 13.500000 100
1 71 16 13.500000 100
1 71 17 13.500000 100
1 71 18 13.500000 100
1 71 19 13.500000 100
1 71 20 13.500000 100
1 71 21 13.500000 100
1 71 22 13.500000 100
1 71 23 13.500000 100
1 71 24 13.500000 100
1 71 25 13.500000 100
1 71 26 13.500000 100
1 71 27 13.500000 100
1 71 28 13.500000 100
1 71 29 13.500000 100
1 71 30 13.500000 100
1 71 31 13.500000 100
1 71 32 13.500000 100
1 71 33 13.500000 100
1 71 34 13.500000 100
1 71 35 13.500000 100
1 71 36 13.500000 100
1 71 37 13.500000 100
1 71 38 13.500000 100
1 71 39 13.500000 100
1 71 40 13.500000 100
1 71 41 13.500000 100
1 71 42 13.500000 100
1 71 43 13.500000 100
1 71 44 13.500000 100
1 71 45 13.500000 100
1 71 46 13.500000 100
1 71 47 13.500000 100
1 71 48 13.500000 100
1 71 49 13.500000 100
1 71 50 13.500000 100
1 71 51 13.500000 100
1 71 52 13.500000 100
1 71 53 13.500000 100
1 71 54 13.500000 100
1 71 55 13.500000 100
1 71 56 13.500000 100
1 71 57 13.500000 100
1 71 58 13.500000 100
1 71 59 13.500000 100
1 71 60 13.500000 100
1 71 61 13.500000 100
1 71 62 13.500000 100
1 71 63 13.500000 100
1 71 64 13.500000 100
1 71 65 13.500000 100
1 71 66 13.500000 100
1 71 67 13.500000 100
1 71 68 13.500000 100
1 71 69 13.500000 100
1 71 70 13.500000 100
1 71 71 13.500000 100
1 71 72 13.500000 100
1 71 73 13.500000 100
1 71 74 13.500000 100
1 71 75 13.500000 100
1 71 76 13.500000 100
1 71 77 13.500000 100
1 71 78 13.500000 100
1 71 79 13.500000 100
1 71 80 13.500000 100
1 71 81 13.500000 100
1 71 82 13.500000 100
1 71 83 13.500000 100
1 71 84 13.500000 100
1 71 85 13.500000 100
1 71 86 13.500000 100
1 71 87 13.500000 100
1 71 88 13.500000 100
1 71 89 13.500000 100
1 71 90 13.500000 100
1 71 91 13.500000 100
1 71 92 13.500000 100
1 71 93 13.500000 100
1 71 94 13.500000 100
1 72 2 13.500000 100
1 72 3 13.500000 100
1 72 4 13.500000 100
1 72 5 13.500000 100
1 72 6 13.500000 100
1 72 7 13.500000 100
1 72 8 13.500000 100
1 72 9 13.500000 100
1 72 10 13.500000 100
1 72 11 13.500000 100
1 72 12 13.500000 100
1 72 13 13.500000 100
1 72 14 13.500000 100
1 72 15 13.500000 100
1 72 16 13.500000 100
1 72 17 13.500000 100
1 72 18 13.500000 100
1 72 19 13.500000 100
1 72 20 13.500000 100
1 72 21 13.500000 100
1 72 22 13.500000 100
1 72 23 13.500000 100
1 72 24 13.500000 100
1 72 25 13.500000 100
1 72 26 13.500000 100
1 72 27 13.500000 100
1 72 28 13.500000 100
1 72 29 13.500000 100
1 72 30 13.500000 100
1 72 31 13.500000 100
1 72 32 13.500000 100
1 72 33 13.500000 100
1 72 34 13.500000 100
1 72 35 13.500000 100
1 72 36 13.500000 100
1 72 37 13.500000 100
1 72 38 13.500000 100
1 72 39 13.500000 100
1 72 40 13.500000 100
1 72 41 13.500000 100
1 72 42 13.500000 100
1 72 43 13.500000 100
1 72 44 13.500000 100
1 72 45 13.500000 100
1 72 46 13.500000 100
1 72 47 13.500000 100
1 72 48 13.500000 100
1 72 49 13.500000 100
1 72 50 13.500000 100
1 72 51 13.500000 100
1 72 52 13.500000 100
1 72 53 13.500000 100
1 72 54 13.500000 100
1 72 55 13.500000 100
1 72 56 13.500000 100
1 72 57 13.500000 100
1 72 58 13.500000 100
1 72 59 13.500000 100
1 72 60 13.500000 100
1 72 61 13.500000 100
1 72 62 13.500000 100
1 72 63 13.500000 100
1 72 64 13.500000 100
1 72 65 13.500000 100
1 72 66 13.500000 100
1 72 67 13.500000 100
1 72 68 13.500000 100
1 72 69 13.500000 100
1 72 70 13.500000 100
1 72 71 13.500000 100
1 72 72 13.500000 100
1 72 73 13.500000 100
1 72 74 13.500000 100
1 72 75 13.500000 100
1 72 76 13.500000 100
1 72 77 13.500000 100
1 72 78 13.500000 100
1 72 79 13.500000 100
1 72 80 13.500000 100
1 72 81 13.500000 100
1 72 82 13.500000 100
1 72 83 13.500000 100
1 72 84 13.500000 100
1 72 85 13.500000 100
1 72 86 13.500000 100
1 72 87 13.500000 100
1 72 88 13.500000 100
1 72 89 13.500000 100
1 72 90 13.500000 100
1 72 91 13.500000 100
1 72 92 13.500000 100
1 73 2 13.500000 100
1 73 3 13.500000 100
1 73 4 13.500000 100
1 73 5 13.500000 100
1 73 6 13.500000 100
1 73 7 13.500000 100
1 73 8 13.500000 100
1 73 9 13.500000 100
1 73 10 13.500000 100
1 73 11 13.500000 100
1 73 12 13.500000 100
1 73 13 13.500000 100
1 73 14 13.500000 100
1 73 15 13.500000 100
1 73 16 13.500000 100
1 73 17 13.500000 100
1 73 18 13.500000 100
1 73 19 13.500000 100
1 73 20 13.500000 100
1 73 21 13.500000 100
1 73 22 13.500000 100
1 73 23 13.500000 100
1 73 24 13.500000 100
1 73 25 13.500000 100
1 73 26 13.500000 100
1 73 27 13.500000 100
1 73 28 13.500000 100
1 73 29 13.500000 100
1 73 30 13.500000 100
1 73 31 13.500000 100
1 73 32 13.500000 100
1 73 33 13.500000 100
1 73 34 13.500000 100
1 73 35 13.500000 100
1 73 36 13.500000 100
1 73 37 13.500000 100
1 73 38 13.500000 100
1 73 39 13.500000 100
1 73 40 13.500000 100
1 73 41 13.500000 100
1 73 42 13.500000 100
1 73 43 13.500000 100
1 73 44 13.500000 100
1 73 45 13.500000 100
1 73 46 13.500000 100
1 73 47 13.500000 100
1 73 48 13.500000 100
1 73 49 13.500000 100
1 73 50 13.500000 100
1 73 51 13.500000 100
1 73 52 13.500000 100
1 73 53 13.500000 100
1 73 54 13.500000 100
1 73 55 13.500000 100
1 73 56 13.500000 100
1 73 57 13.500000 100
1 73 58 13.500000 100
1 73 59 13.500000 100
1 73 60 13.500000 100
1 73 61 13.500000 100
1 73 62 13.500000 100
1 73 63 13.500000 100
1 73 64 13.500000 100
1 73 65 13.500000 100
1 73 66 13.500000 100
1 73 67 13.500000 100
1 73 68 13.500000 100
1 73 69 13.500000 100
1 73 70 13.500000 100
1 73 71 13.500000 100
1 73 72 13.500000 100
1 73 73 13.500000 100
1 73 74 13.500000 100
1 73 75 13.500000 100
1 73 76 13.500000 100
1 73 77 13.500000 100
1 73 78 13.500000 100
1 73 79 13.500000 100
1 73 80 13.500000 100
1 73 81 13.500000 100
1 73 82 13.500000 100
1 73 83 13.500000 100
1 73 84 13.500000 100
1 73 85 13.500000 100
1 73 86 13.500000 100
1 73 87 13.500000 100
1 73 88 13.500000 100
1 73 89 13.500000 100
1 73 90 13.500000 100
1 73 91 13.500000 100
1 74 2 13.500000 100
1 74 3 13.500000 100
1 74 4 13.500000 100
1 74 5 13.500000 100
1 74 6 13.500000 100
1 74 7 13.500000 100
1 74 8 13.500000 100
1 74 9 13.500000 100
1 74 10 13.500000 100
1 74 11 13.500000 100
1 74 12 13.500000 100
1 74 13 13.500000 100
1 74 14 13.500000 100
1 74 15 13.500000 100
1 74 16 13.500000 100
1 74 17 13.500000 100
1 74 18 13.500000 100
1 74 19 13.500000 100
1 74 20 13.500000 100
1 74 21 13.500000 100
1 74 22 13.500000 100
1 74 23 13.500000 100
1 74 24 13.500000 100
1 74 25 13.500000 100
1 74 26 13.500000 100
1 74 27 13.500000 100
1 74 28 13.500000 100
1 74 29 13.500000 100
1 74 30 13.500000 100
1 74 31 13.500000 100
1 74 32 13.500000 100
1 74 33 13.500000 100
1 74 34 13.500000 100
1 74 35 13.500000 100
1 74 36 13.500000 100
1 74 37 13.500000 100
1 74 38 13.500000 100
1 74 39 13.500000 100
1 74 40 13.500000 100
1 74 41 13.500000 100
1 74 42 13.500000 100
1 74 43 13.500000 100
1 74 44 13.500000 100
1 74 45 13.500000 100
1 74 46 13.500000 100
1 74 47 13.500000 100
1 74 48 13.500000 100
1 74 49 13.500000 100
1 74 50 13.500000 100
1 74 51 13.500000 100
1 74 52 13.500000 100
1 74 53 13.500000 100
1 74 54 13.500000 100
1 74 55 13.500000 100
1 74 56 13.500000 100
1 74 57 13.500000 100
1 74 58 13.500000 100
1 74 59 13.500000 100
1 74 60 13.500000 100
1 74 61 13.500000 100
1 74 62 13.500000 100
1 74 63 13.500000 100
1 74 64 13.500000 100
1 74 65 13.500000 100
1 74 66 13.500000 100
1 74 67 13.500000 100
1 74 68 13.500000 100
1 74 69 13.500000 100
1 74 70 13.500000 100
1 74 71 13.500000 100
1 74 72 13.500000 100
1 74 73 13.500000 100
1 74 74 13.500000 100
1 74 75 13.500000 100
1 74 76 13.500000 100
1 74 77 13.500000 100
1 74 78 13.500000 100
1 74 79 13.500000 100
1 74 80 13.500000 100
1 74 81 13.500000 100
1 74 82 13.500000 100
1 74 83 13.500000 100
1 74 84 13.500000 100
1 74 85 13.500000 100
1 74 86 13.500000 100
1 74 87 13.500000 100
1 74 88 13.500000 100
1 74 89 13.500000 100
1 74 90 13.500000 100
1 75 2 13.500000 100
1 75 3 13.500000 100
1 75 4 13.500000 100
1 75 5 13.500000 100
1 75 6 13.500000 100
1 75 7 13.500000 100
1 75 8 13.500000 100
1 75 9 13.500000 100
1 75 10 13.500000 100
1 75 11 13.500000 100
1 75 12 13.500000 100
1 75 13 13.500000 100
1 75 14 13.500000 100
1 75 15 13.500000 100
1 75 16 13.500000 100
1 75 17 13.500000 100
1 75 18 13.500000 100
1 75 19 13.500000 100
1 75 20 13.500000 100
1 75 21 13.500000 100
1 75 22 13.500000 100
1 75 23 13.500000 100
1 75 24 13.500000 100
1 75 25 13.500000 100
1 75 26 13.500000 100
1 75 27 13.500000 100
1 75 28 13.500000 100
1 75 29 13.500000 100
1 75 30 13.500000 100
1 75 31 13.500000 100
1 75 32 13.500000 100
1 75 33 13.500000 100
1 75 34 13.500000 100
1 75 35 13.500000 100
1 75 36 13.500000 100
1 75 37 13.500000 100
1 75 38 13.500000 100
1 75 39 13.500000 100
1 75 40 13.500000 100
1 75 41 13.500000 100
1 75 42 13.500000 100
1 75 43 13.500000 100
1 75 44 13.500000 100
1 75 45 13.500000 100
1 75 46 13.500000 100
1 75 47 13.500000 100
1 75 48 13.500000 100
1 75 49 13.500000 100
1 75 50 13.500000 100
1 75 51 13.500000 100
1 75 52 13.500000 100
1 75 53 13.500000 100
1 75 54 13.500000 100
1 75 55 13.500000 100
1 75 56 13.500000 100
1 75 57 13.500000 100
1 75 58 13.500000 100
1 75 59 13.500000 100
1 75 60 13.500000 100
1 75 61 13.500000 100
1 75 62 13.500000 100
1 75 63 13.500000 100
1 75 64 13.500000 100
1 75 65 13.500000 100
1 75 66 13.500000 100
1 75 67 13.500000 100
1 75 68 13.500000 100
1 75 69 13.500000 100
1 75 70 13.500000 100
1 75 71 13.500000 100
1 75 72 13.500000 100
1 75 73 13.500000 100
1 75 74 13.500000 100
1 75 75 13.500000 100
1 75 76 13.500000 100
1 75 77 13.500000 100
1 75 78 13.500000 100
1 75 79 13.500000 100
1 75 80 13.500000 100
1 75 81 13.500000 100
1 75 82 13.500000 100
1 75 83 13.500000 100
1 75 84 13.500000 100
1 75 85 13.500000 100
1 75 86 13.500000 100
1 75 87 13.500000 100
1 75 88 13.500000 100
1 76 2 13.500000 100
1 76 3 13.500000 100
1 76 4 13.500000 100
1 76 5 13.500000 100
1 76 6 13.500000 100
1 76 7 13.500000 100
1 76 8 13.500000 100
1 76 9 13.500000 100
1 76 10 13.500000 100
1 76 11 13.500000 100
1 76 12 13.500000 100
1 76 13 13.500000 100
1 76 14 13.500000 100
1 76 15 13.500000 100
1 76 16 13.500000 100
1 76 17 13.500000 100
1 76 18 13.500000 100
1 76 19 13.500000 100
1 76 20 13.500000 100
1 76 21 13.500000 100
1 76 22 13.500000 100
1 76 23 13.500000 100
1 76 24 13.500000 100
1 76 25 13.500000 100
1 76 26 13.500000 100
1 76 27 13.500000 100
1 76 28 13.500000 100
1 76 29 13.500000 100
1 76 30 13.500000 100
1 76 31 13.500000 100
1 76 32 13.500000 100
1 76 33 13.500000 100
1 76 34 13.500000 100
1 76 35 13.500000 100
1 76 36 13.500000 100
1 76 37 13.500000 100
1 76 38 13.500000 100
1 76 39 13.500000 100
1 76 40 13.500000 100
1 76 41 13.500000 100
1 76 42 13.500000 100
1 76 43 13.500000 100
1 76 44 13.500000 100
1 76 45 13.500000 100
1 76 46 13.500000 100
1 76 47 13.500000 100
1 76 48 13.500000 100
1 76 49 13.500000 100
1 76 50 13.500000 100
1 76 51 13.500000 100
1 76 52 13.500000 100
1 76 53 13.500000 100
1 76 54 13.500000 100
1 76 55 13.500000 100
1 76 56 13.500000 100
1 76 57 13.500000 100
1 76 58 13.500000 100
1 76 59 13.500000 100
1 76 60 13.500000 100
1 76 61 13.500000 100
1 76 62 13.500000 100
1 76 63 13.500000 100
1 76 64 13.500000 100
1 76 65 13.500000 100
1 76 66 13.500000 100
1 76 67 13.500000 100
1 76 68 13.500000 100
1 76 69 13.500000 100
1 76 70 13.500000 100
1 76 71 13.500000 100
1 76 72 13.500000 100
1 76 73 13.500000 100
1 76 74 13.500000 100
1 76 75 13.500000 100
1 76 76 13.500000 100
1 76 77 13.500000 100
1 76 78 13.500000 100
1 76 79 13.500000 100
1 76 80 13.500000 100
1 76 81 13.500000 100
1 76 82 13.500000 100
1 76 83 13.500000 100
1 76 84 13.500000 100
1 76 85 13.500000 100
1 76 86 13.500000 100
1 76 87 13.500000 100
1 77 2 13.500000 100
1 77 3 13.500000 100
1 77 4 13.500000 100
1 77 5 13.500000 100
1 77 6 13.500000 100
1 77 7 13.500000 100
1 77 8 13.500000 100
1 77 9 13.500000 100
1 77 10 13.500000 100
1 77 11 13.500000 100
1 77 12 13.500000 100
1 77 13 13.500000 100
1 77 14 13.500000 100
1 77 15 13.500000 100
1 77 16 13.500000 100
1 77 17 13.500000 100
1 77 18 13.500000 100
1 77 19 13.500000 100
1 77 20 13.500000 100
1 77 21 13.500000 100
1 77 22 13.500000 100
1 77 23 13.500000 100
1 77 24 13.500000 100
1 77 25 13.500000 100
1 77 26 13.500000 100
1 77 27 13.500000 100
1 77 28 13.500000 100
1 77 29 13.500000 100
1 77 30 13.500000 100
1 77 31 13.500000 100
1 77 32 13.500000 100
1 77 33 13.500000 100
1 77 34 13.500000 100
1 77 35 13.500000 100
1 77 36 13.500000 100
1 77 37 13.500000 100
1 77 38 13.500000 100
1 77 39 13.500000 100
1 77 40 13.500000 100
1 77 41 13.500000 100
1 77 42 13.500000 100
1 77 43 13.500000 100
1 77 44 13.500000 100
1 77 45 13.500000 100
1 77 46 13.500000 100
1 77 47 13.500000 100
1 77 48 13.500000 100
1 77 49 13.500000 100
1 77 50 13.500000 100
1 77 51 13.500000 100
1 77 52 13.500000 100
1 77 53 13.500000 100
1 77 54 13.500000 100
1 77 55 13.500000 100
1 77 56 13.500000 100
1 77 57 13.500000 100
1 77 58 13.500000 100
1 77 59 13.500000 100
1 77 60 13.500000 100
1 77 61 13.500000 100
1 77 62 13.500000 100
1 77 63 13.500000 100
1 77 64 13.500000 100
1 77 65 13.500000 100
1 77 66 13.500000 100
1 77 67 13.500000 100
1 77 68 13.500000 100
1 77 69 13.500000 100
1 77 70 13.500000 100
1 77 71 13.500000 100
1 77 72 13.500000 100
1 77 73 13.500000 100
1 77 74 13.500000 100
1 77 75 13.500000 100
1 77 76 13.500000 100
1 77 77 13.500000 100
1 77 78 13.500000 100
1 77 79 13.500000 100
1 77 80 13.500000 100
1 77 81 13.500000 100
1 77 82 13.500000 100
1 77 83 13.500000 100
1 77 84 13.500000 100
1 77 85 13.500000 100
1 77 86 13.500000 100
1 78 2 13.500000 100
1 78 3 13.500000 100
1 78 4 13.500000 100
1 78 5 13.500000 100
1 78 6 13.500000 100
1 78 7 13.500000 100
1 78 8 13.500000 100
1 78 9 13.500000 100
1 78 10 13.500000 100
1 78 11 13.500000 100
1 78 12 13.500000 100
1 78 13 13.500000 100
1 78 14 13.500000 100
1 78 15 13.500000 100
1 78 16 13.500000 100
1 78 17 13.500000 100
1 78 18 13.500000 100
1 78 19 13.500000 100
1 78 20 13.500000 100
1 78 21 13.500000 100
1 78 22 13.500000 100
1 78 23 13.500000 100
1 78 24 13.500000 100
1 78 25 13.500000 100
1 78 26 13.500000 100
1 78 27 13.500000 100
1 78 28 13.500000 100
1 78 29 13.500000 100
1 78 30 13.500000 100
1 78 31 13.500000 100
1 78 32 13.500000 100
1 78 33 13.500000 100
1 78 34 13.500000 100
1 78 35 13.500000 100
1 78 36 13.500000 100
1 78 37 13.500000 100
1 78 38 13.500000 100
1 78 39 13.500000 100
1 78 40 13.500000 100
1 78 41 13.500000 100
1 78 42 13.500000 100
1 78 43 13.500000 100
1 78 44 13.500000 100
1 78 45 13.500000 100
1 78 46 13.500000 100
1 78 47 13.500000 100
1 78 48 13.500000 100
1 78 49 13.500000 100
1 78 50 13.500000 100
1 78 51 13.500000 100
1 78 52 13.500000 100
1 78 53 13.500000 100
1 78 54 13.500000 100
1 78 55 13.500000 100
1 78 56 13.500000 100
1 78 57 13.500000 100
1 78 58 13.500000 100
1 78 59 13.500000 100
1 78 60 13.500000 100
1 78 61 13.500000 100
1 78 62 13.500000 100
1 78 63 13.500000 100
1 78 64 13.500000 100
1 78 65 13.500000 100
1 78 66 13.500000 100
1 78 67 13.500000 100
1 78 68 13.500000 100
1 78 69 13.500000 100
1 78 70 13.500000 100
1 78 71 13.500000 100
1 78 72 13.500000 100
1 78 73 13.500000 100
1 78 74 13.500000 100
1 78 75 13.500000 100
1 78 76 13.500000 100
1 78 77 13.500000 100
1 78 78 13.500000 100
1 78 79 13.500000 100
1 78 80 13.500000 100
1 78 81 13.500000 100
1 78 82 13.500000 100
1 78 83 13.500000 100
1 78 84 13.500000 100
1 78 85 13.500000 100
1 79 2 13.500000 100
1 79 3 13.500000 100
1 79 4 13.500000 100
1 79 5 13.500000 100
1 79 6 13.500000 100
1 79 7 13.500000 100
1 79 8 13.500000 100
1 79 9 13.500000 100
1 79 10 13.500000 100
1 79 11 13.500000 100
1 79 12 13.500000 100
1 79 13 13.500000 100
1 79 14 13.500000 100
1 79 15 13.500000 100
1 79 16 13.500000 100
1 79 17 13.500000 100
1 79 18 13.500000 100
1 79 19 13.500000 100
1 79 20 13.500000 100
1 79 21 13.500000 100
1 79 22 13.500000 100
1 79 23 13.500000 100
1 79 24 13.500000 100
1 79 25 13.500000 100
1 79 26 13.500000 100
1 79 27 13.500000 100
1 79 28 13.500000 100
1 79 29 13.500000 100
1 79 30 13.500000 100
1 79 31 13.500000 100
1 79 32 13.500000 100
1 79 33 13.500000 100
1 79 34 13.500000 100
1 79 35 13.500000 100
1 79 36 13.500000 100
1 79 37 13.500000 100
1 79 38 13.500000 100
1 79 39 13.500000 100
1 79 40 13.500000 100
1 79 41 13.500000 100
1 79 42 13.500000 100
1 79 43 13.500000 100
1 79 44 13.500000 100
1 79 45 13.500000 100
1 79 46 13.500000 100
1 79 47 13.500000 100
1 79 48 13.500000 100
1 79 49 13.500000 100
1 79 50 13.500000 100
1 79 51 13.500000 100
1 79 52 13.500000 100
1 79 53 13.500000 100
1 79 54 13.500000 100
1 79 55 13.500000 100
1 79 56 13.500000 100
1 79 57 13.500000 100
1 79 58 13.500000 100
1 79 59 13.500000 100
1 79 60 13.500000 100
1 79 61 13.500000 100
1 79 62 13.500000 100
1 79 63 13.500000 100
1 79 64 13.500000 100
1 79 65 13.500000 100
1 79 66 13.500000 100
1 79 67 13.500000 100
1 79 68 13.500000 100
1 79 69 13.500000 100
1 79 70 13.500000 100
1 79 71 13.500000 100
1 79 72 13.500000 100
1 79 73 13.500000 100
1 79 74 13.500000 100
1 79 75 13.500000 100
1 79 76 13.500000 100
1 79 77 13.500000 100
1 79 78 13.500000 100
1 79 79 13.500000 100
1 79 80 13.500000 100
1 79 81 13.500000 100
1 79 82 13.500000 100
1 79 83 13.500000 100
1 80 2 13.500000 100
1 80 3 13.500000 100
1 80 4 13.500000 100
1 80 5 13.500000 100
1 80 6 13.500000 100
1 80 7 13.500000 100
1 80 8 13.500000 100
1 80 9 13.500000 100
1 80 10 13.500000 100
1 80 11 13.500000 100
1 80 12 13.500000 100
1 80 13 13.500000 100
1 80 14 13.500000 100
1 80 15 13.500000 100
1 80 16 13.500000 100
1 80 17 13.500000 100
1 80 18 13.500000 100
1 80 19 13.500000 100
1 80 20 13.500000 100
1 80 21 13.500000 100
1 80 22 13.500000 100
1 80 23 13.500000 100
1 80 24 13.500000 100
1 80 25 13.500000 100
1 80 26 13.500000 100
1 80 27 13.500000 100
1 80 28 13.500000 100
1 80 29 13.500000 100
1 80 30 13.500000 100
1 80 31 13.500000 100
1 80 32 13.500000 100
1 80 33 13.500000 100
1 80 34 13.500000 100
1 80 35 13.500000 100
1 80 36 13.500000 100
1 80 37 13.500000 100
1 80 38 13.500000 100
1 80 39 13.500000 100
1 80 40 13.500000 100
1 80 41 13.500000 100
1 80 42 13.500000 100
1 80 43 13.500000 100
1 80 44 13.500000 100
1 80 45 13.500000 100
1 80 46 13.500000 100
1 80 47 13.500000 100
1 80 48 13.500000 100
1 80 49 13.500000 100
1 80 50 13.500000 100
1 80 51 13.500000 100
1 80 52 13.500000 100
1 80 53 13.500000 100
1 80 54 13.500000 100
1 80 55 13.500000 100
1 80 56 13.500000 100
1 80 57 13.500000 100
1 80 58 13.500000 100
1 80 59 13.500000 100
1 80 60 13.500000 100
1 80 61 13.500000 100
1 80 62 13.500000 100
1 80 63 13.500000 100
1 80 64 13.500000 100
1 80 65 13.500000 100
1 80 66 13.500000 100
1 80 67 13.500000 100
1 80 68 13.500000 100
1 80 69 13.500000 100
1 80 70 13.500000 100
1 80 71 13.500000 100
1 80 72 13.500000 100
1 80 73 13.500000 100
1 80 74 13.500000 100
1 80 75 13.500000 100
1 80 76 13.500000 100
1 80 77 13.500000 100
1 80 78 13.500000 100
1 80 79 13.500000 100
1 80 80 13.500000 100
1 80 81 13.500000 100
1 80 82 13.500000 100
1 81 2 13.500000 100
1 81 3 13.500000 100
1 81 4 13.500000 100
1 81 5 13.500000 100
1 81 6 13.500000 100
1 81 7 13.500000 100
1 81 8 13.500000 100
1 81 9 13.500000 100
1 81 10 13.500000 100
1 81 11 13.500000 100
1 81 12 13.500000 100
1 81 13 13.500000 100
1 81 14 13.500000 100
1 81 15 13.500000 100
1 81 16 13.500000 100
1 81 17 13.500000 100
1 81 18 13.500000 100
1 81 19 13.500000 100
1 81 20 13.500000 100
1 81 21 13.500000 100
1 81 22 13.500000 100
1 81 23 13.500000 100
1 81 24 13.500000 100
1 81 25 13.500000 100
1 81 26 13.500000 100
1 81 27 13.500000 100
1 81 28 13.500000 100
1 81 29 13.500000 100
1 81 30 13.500000 100
1 81 31 13.500000 100
1 81 32 13.500000 100
1 81 33 13.500000 100
1 81 34 13.500000 100
1 81 35 13.500000 100
1 81 36 13.500000 100
1 81 37 13.500000 100
1 81 38 13.500000 100
1 81 39 13.500000 100
1 81 40 13.500000 100
1 81 41 13.500000 100
1 81 42 13.500000 100
1 81 43 13.500000 100
1 81 44 13.500000 100
1 81 45 13.500000 100
1 81 46 13.500000 100
1 81 47 13.500000 100
1 81 48 13.500000 100
1 81 49 13.500000 100
1 81 50 13.500000 100
1 81 51 13.500000 100
1 81 52 13.500000 100
1 81 53 13.500000 100
1 81 54 13.500000 100
1 81 55 13.500000 100
1 81 56 13.500000 100
1 81 57 13.500000 100
1 81 58 13.500000 100
1 81 59 13.500000 100
1 81 60 13.500000 100
1 81 61 13.500000 100
1 81 62 13.500000 100
1 81 63 13.500000 100
1 81 64 13.500000 100
1 81 65 13.500000 100
1 81 66 13.500000 100
1 81 67 13.500000 100
1 81 68 13.500000 100
1 81 69 13.500000 100
1 81 70 13.500000 100
1 81 71 13.500000 100
1 81 72 13.500000 100
1 81 73 13.500000 100
1 81 74 13.500000 100
1 81 75 13.500000 100
1 81 76 13.500000 100
1 81 77 13.500000 100
1 81 78 13.500000 100
1 81 79 13.500000 100
1 81 80 13.500000 100
1 81 81 13.500000 100
1 82 2 13.500000 100
1 82 3 13.500000 100
1 82 4 13.500000 100
1 82 5 13.500000 100
1 82 6 13.500000 100
1 82 7 13.500000 100
1 82 8 13.500000 100
1 82 9 13.500000 100
1 82 10 13.500000 100
1 82 11 13.500000 100
1 82 12 13.500000 100
1 82 13 13.500000 100
1 82 14 13.500000 100
1 82 15 13.500000 100
1 82 16 13.500000 100
1 82 17 13.500000 100
1 82 18 13.500000 100
1 82 19 13.500000 100
1 82 20 13.500000 100
1 82 21 13.500000 100
1 82 22 13.500000 100
1 82 23 13.500000 100
1 82 24 13.500000 100
1 82 25 13.500000 100
1 82 26 13.500000 100
1 82 27 13.500000 100
1 82 28 13.500000 100
1 82 29 13.500000 100
1 82 30 13.500000 100
1 82 31 13.500000 100
1 82 32 13.500000 100
1 82 33 13.500000 100
1 82 34 13.500000 100
1 82 35 13.500000 100
1 82 36 13.500000 100
1 82 37 13.500000 100
1 82 38 13.500000 100
1 82 39 13.500000 100
1 82 40 13.500000 100
1 82 41 13.500000 100
1 82 42 13.500000 100
1 82 43 13.500000 100
1 82 44 13.500000 100
1 82 45 13.500000 100
1 82 46 13.500000 100
1 82 47 13.500000 100
1 82 48 13.500000 100
1 82 49 13.500000 100
1 82 50 13.500000 100
1 82 51 13.500000 100
1 82 52 13.500000 100
1 82 53 13.500000 100
1 82 54 13.500000 100
1 82 55 13.500000 100
1 82 56 13.500000 100
1 82 57 13.500000 100
1 82 58 13.500000 100
1 82 59 13.500000 100
1 82 60 13.500000 100
1 82 61 13.500000 100
1 82 62 13.500000 100
1 82 63 13.500000 100
1 82 64 13.500000 100
1 82 65 13.500000 100
1 82 66 13.500000 100
1 82 67 13.500000 100
1 82 68 13.500000 100
1 82 69 13.500000 100
1 82 70 13.500000 100
1 82 71 13.500000 100
1 82 72 13.500000 100
1 82 73 13.500000 100
1 82 74 13.500000 100
1 82 75 13.500000 100
1 82 76 13.500000 100
1 82 77 13.500000 100
1 82 78 13.500000 100
1 82 79 13.500000 100
1 83 2 13.500000 100
1 83 3 13.500000 100
1 83 4 13.500000 100
1 83 5 13.500000 100
1 83 6 13.500000 100
1 83 7 13.500000 100
1 83 8 13.500000 100
1 83 9 13.500000 100
1 83 10 13.500000 100
1 83 11 13.500000 100
1 83 12 13.500000 100
1 83 13 13.500000 100
1 83 14 13.500000 100
1 83 15 13.500000 100
1 83 16 13.500000 100
1 83 17 13.500000 100
1 83 18 13.500000 100
1 83 19 13.500000 100
1 83 20 13.500000 100
1 83 21 13.500000 100
1 83 22 13.500000 100
1 83 23 13.500000 100
1 83 24 13.500000 100
1 83 25 13.500000 100
1 83 26 13.500000 100
1 83 27 13.500000 100
1 83 28 13.500000 100
1 83 29 13.500000 100
1 83 30 13.500000 100
1 83 31 13.500000 100
1 83 32 13.500000 100
1 83 33 13.500000 100
1 83 34 13.500000 100
1 83 35 13.500000 100
1 83 36 13.500000 100
1 83 37 13.500000 100
1 83 38 13.500000 100
1 83 39 13.500000 100
1 83 40 13.500000 100
1 83 41 13.500000 100
1 83 42 13.500000 100
1 83 43 13.500000 100
1 83 44 13.500000 100
1 83 45 13.500000 100
1 83 46 13.500000 100
1 83 47 13.500000 100
1 83 48 13.500000 100
1 83 49 13.500000 100
1 83 50 13.500000 100
1 83 51 13.500000 100
1 83 52 13.500000 100
1 83 53 13.500000 100
1 83 54 13.500000 100
1 83 55 13.500000 100
1 83 56 13.500000 100
1 83 57 13.500000 100
1 83 58 13.500000 100
1 83 59 13.500000 100
1 83 60 13.500000 100
1 83 61 13.500000 100
1 83 62 13.500000 100
1 83 63 13.500000 100
1 83 64 13.500000 100
1 83 65 13.500000 100
1 83 66 13.500000 100
1 83 67 13.500000 100
1 83 68 13.500000 100
1 83 69 13.500000 100
1 83 70 13.500000 100
1 83 71 13.500000 100
1 83 72 13.500000 100
1 83 73 13.500000 100
1 83 74 13.500000 100
1 83 75 13.500000 100
1 83 76 13.500000 100
1 83 77 13.500000 100
1 83 78 13.500000 100
1 84 2 13.500000 100
1 84 3 13.500000 100
1 84 4 13.500000 100
1 84 5 13.500000 100
1 84 6 13.500000 100
1 84 7 13.500000 100
1 84 8 13.500000 100
1 84 9 13.500000 100
1 84 10 13.500000 100
1 84 11 13.500000 100
1 84 12 13.500000 100
1 84 13 13.500000 100
1 84 14 13.500000 100
1 84 15 13.500000 100
1 84 16 13.500000 100
1 84 17 13.500000 100
1 84 18 13.500000 100
1 84 19 13.500000 100
1 84 20 13.500000 100
1 84 21 13.500000 100
1 84 22 13.500000 100
1 84 23 13.500000 100
1 84 24 13.500000 100
1 84 25 13.500000 100
1 84 26 13.500000 100
1 84 27 13.500000 100
1 84 28 13.500000 100
1 84 29 13.500000 100
1 84 30 13.500000 100
1 84 31 13.500000 100
1 84 32 13.500000 100
1 84 33 13.500000 100
1 84 34 13.500000 100
1 84 35 13.500000 100
1 84 36 13.500000 100
1 84 37 13.500000 100
1 84 38 13.500000 100
1 84 39 13.500000 100
1 84 40 13.500000 100
1 84 41 13.500000 100
1 84 42 13.500000 100
1 84 43 13.500000 100
1 84 44 13.500000 100
1 84 45 13.500000 100
1 84 46 13.500000 100
1 84 47 13.500000 100
1 84 48 13.500000 100
1 84 49 13.500000 100
1 84 50 13.500000 100
1 84 51 13.500000 100
1 84 52 13.500000 100
1 84 53 13.500000 100
1 84 54 13.500000 100
1 84 55 13.500000 100
1 84 56 13.500000 100
1 84 57 13.500000 100
1 84 58 13.500000 100
1 84 59 13.500000 100
1 84 60 13.500000 100
1 84 61 13.500000 100
1 84 62 13.500000 100
1 84 63 13.500000 100
1 84 64 13.500000 100
1 84 65 13.500000 100
1 84 66 13.500000 100
1 84 67 13.500000 100
1 84 68 13.500000 100
1 84 69 13.500000 100
1 84 70 13.500000 100
1 84 71 13.500000 100
1 84 72 13.500000 100
1 84 73 13.500000 100
1 84 74 13.500000 100
1 84 75 13.500000 100
1 84 76 13.500000 100
1 84 77 13.500000 100
1 85 2 13.500000 100
1 85 3 13.500000 100
1 85 4 13.500000 100
1 85 5 13.500000 100
1 85 6 13.500000 100
1 85 7 13.500000 100
1 85 8 13.500000 100
1 85 9 13.500000 100
1 85 10 13.500000 100
1 85 11 13.500000 100
1 85 12 13.500000 100
1 85 13 13.500000 100
1 85 14 13.500000 100
1 85 15 13.500000 100
1 85 16 13.500000 100
1 85 17 13.500000 100
1 85 18 13.500000 100
1 85 19 13.500000 100
1 85 20 13.500000 100
1 85 21 13.500000 100
1 85 22 13.500000 100
1 85 23 13.500000 100
1 85 24 13.500000 100
1 85 25 13.500000 100
1 85 26 13.500000 100
1 85 27 13.500000 100
1 85 28 13.500000 100
1 85 29 13.500000 100
1 85 30 13.500000 100
1 85 31 13.500000 100
1 85 32 13.500000 100
1 85 33 13.500000 100
1 85 34 13.500000 100
1 85 35 13.500000 100
1 85 36 13.500000 100
1 85 37 13.500000 100
1 85 38 13.500000 100
1 85 39 13.500000 100
1 85 40 13.500000 100
1 85 41 13.500000 100
1 85 42 13.500000 100
1 85 43 13.500000 100
1 85 44 13.500000 100
1 85 45 13.500000 100
1 85 46 13.500000 100
1 85 47 13.500000 100
1 85 48 13.500000 100
1 85 49 13.500000 100
1 85 50 13.500000 100
1 85 51 13.500000 100
1 85 52 13.500000 100
1 85 53 13.500000 100
1 85 54 13.500000 100
1 85 55 13.500000 100
1 85 56 13.500000 100
1 85 57 13.500000 100
1 86 2 13.500000 100
1 86 3 13.500000 100
1 86 4 13.500000 100
1 86 5 13.500000 100
1 86 6 13.500000 100
1 86 7 13.500000 100
1 86 8 13.500000 100
1 86 9 13.500000 100
1 86 10 13.500000 100
1 86 11 13.500000 100
1 86 12 13.500000 100
1 86 13 13.500000 100
1 86 14 13.500000 100
1 86 15 13.500000 100
1 86 16 13.500000 100
1 86 17 13.500000 100
1 86 18 13.500000 100
1 86 19 13.500000 100
1 86 20 13.500000 100
1 86 21 13.500000 100
1 86 22 13.500000 100
1 86 23 13.500000 100
1 86 24 13.500000 100
1 86 25 13.500000 100
1 86 26 13.500000 100
1 86 27 13.500000 100
1 86 28 13.500000 100
1 86 29 13.500000 100
1 86 30 13.500000 100
1 86 31 13.500000 100
1 86 32 13.500000 100
1 86 33 13.500000 100
1 86 34 13.500000 100
1 86 35 13.500000 100
1 86 36 13.500000 100
1 86 37 13.500000 100
1 86 38 13.500000 100
1 86 39 13.500000 100
1 86 40 13.500000 100
1 86 41 13.500000 100
1 86 42 13.500000 100
1 86 43 13.500000 100
1 86 44 13.500000 100
1 86 45 13.500000 100
1 86 46 13.500000 100
1 86 47 13.500000 100
1 86 48 13.500000 100
1 86 49 13.500000 100
1 86 50 13.500000 100
1 86 51 13.500000 100
1 87 2 13.500000 100
1 87 3 13.500000 100
1 87 4 13.500000 100
1 87 5 13.500000 100
1 87 6 13.500000 100
1 87 7 13.500000 100
1 87 8 13.500000 100
1 87 9 13.500000 100
1 87 10 13.500000 100
1 87 11 13.500000 100
1 87 12 13.500000 100
1 87 13 13.500000 100
1 87 14 13.500000 100
1 87 15 13.500000 100
1 87 16 13.500000 100
1 87 17 13.500000 100
1 87 18 13.500000 100
1 87 19 13.500000 100
1 87 20 13.500000 100
1 87 21 13.500000 100
1 87 22 13.500000 100
1 87 23 13.500000 100
1 87 24 13.500000 100
1 87 25 13.500000 100
1 87 26 13.500000 100
1 87 27 13.500000 100
1 87 28 13.500000 100
1 87 29 13.500000 100
1 87 30 13.500000 100
1 87 31 13.500000 100
1 87 32 13.500000 100
1 87 33 13.500000 100
1 87 34 13.500000 100
1 87 35 13.500000 100
1 87 36 13.500000 100
1 87 37 13.500000 100
1 87 38 13.500000 100
1 87 39 13.500000 100
1 87 40 13.500000 100
1 87 41 13.500000 100
1 87 42 13.500000 100
1 87 43 13.500000 100
1 87 44 13.500000 100
1 87 45 13.500000 100
1 87 46 13.500000 100
1 88 2 13.500000 100
1 88 3 13.500000 100
1 88 4 13.500000 100
1 88 5 13.500000 100
1 88 6 13.500000 100
1 88 7 13.500000 100
1 88 8 13.500000 100
1 88 9 13.500000 100
1 88 10 13.500000 100
1 88 11 13.500000 100
1 88 12 13.500000 100
1 88 13 13.500000 100
1 88 14 13.500000 100
1 88 15 13.500000 100
1 88 16 13.500000 100
1 88 17 13.500000 100
1 88 18 13.500000 100
1 88 19 13.500000 100
1 88 20 13.500000 100
1 88 21 13.500000 100
1 88 22 13.500000 100
1 88 23 13.500000 100
1 88 24 13.500000 100
1 88 25 13.500000 100
1 88 26 13.500000 100
1 88 27 13.500000 100
1 88 28 13.500000 100
1 88 29 13.500000 100
1 88 30 13.500000 100
1 88 31 13.500000 100
1 88 32 13.500000 100
1 88 33 13.500000 100
1 88 34 13.500000 100
1 88 35 13.500000 100
1 88 36 13.500000 100
1 88 37 13.500000 100
1 88 38 13.500000 100
1 88 39 13.500000 100
1 88 40 13.500000 100
1 89 2 13.500000 100
1 89 3 13.500000 100
1 89 4 13.500000 100
1 89 5 13.500000 100
1 89 6 13.500000 100
1 89 7 13.500000 100
1 89 8 13.500000 100
1 89 9 13.500000 100
1 89 10 13.500000 100
1 89 11 13.500000 100
1 89 12 13.500000 100
1 89 13 13.500000 100
1 89 14 13.500000 100
1 89 15 13.500000 100
1 89 16 13.500000 100
1 89 17 13.500000 100
1 89 18 13.500000 100
1 89 19 13.500000 100
1 89 20 13.500000 100
1 89 21 13.500000 100
1 89 22 13.500000 100
1 89 23 13.500000 100
1 89 24 13.500000 100
1 89 25 13.500000 100
1 89 26 13.500000 100
1 89 27 13.500000 100
1 89 28 13.500000 100
1 89 29 13.500000 100
1 89 30 13.500000 100
1 89 31 13.500000 100
1 89 32 13.500000 100
1 89 33 13.500000 100
1 89 34 13.500000 100
1 89 35 13.500000 100
1 89 36 13.500000 100
1 90 2 13.500000 100
1 90 3 13.500000 100
1 90 4 13.500000 100
1 90 5 13.500000 100
1 90 6 13.500000 100
1 90 7 13.500000 100
1 90 8 13.500000 100
1 90 9 13.500000 100
1 90 10 13.500000 100
1 90 11 13.500000 100
1 90 12 13.500000 100
1 90 13 13.500000 100
1 90 14 13.500000 100
1 90 15 13.500000 100
1 90 16 13.500000 100
1 90 17 13.500000 100
1 90 18 13.500000 100
1 90 19 13.500000 100
1 90 20 13.500000 100
1 90 21 13.500000 100
1 90 22 13.500000 100
1 90 23 13.500000 100
1 90 24 13.500000 100
1 90 25 13.500000 100
1 90 26 13.500000 100
1 90 27 13.500000 100
1 90 28 13.500000 100
1 90 29 13.500000 100
1 90 30 13.500000 100
1 90 31 13.500000 100
1 90 32 13.500000 100
1 90 33 13.500000 100
1 90 34 13.500000 100
1 91 2 13.500000 100
1 91 3 13.500000 100
1 91 4 13.500000 100
1 91 5 13.500000 100
1 91 6 13.500000 100
1 91 7 13.500000 100
1 91 8 13.500000 100
1 91 9 13.500000 100
1 91 10 13.500000 100
1 91 11 13.500000 100
1 91 12 13.500000 100
1 91 13 13.500000 100
1 91 14 13.500000 100
1 91 15 13.500000 100
1 91 16 13.500000 100
1 91 17 13.500000 100
1 91 18 13.500000 100
1 91 19 13.500000 100
1 91 20 13.500000 100
1 91 21 13.500000 100
1 91 22 13.500000 100
1 91 23 13.500000 100
1 91 24 13.500000 100
1 91 25 13.500000 100
1 91 26 13.500000 100
1 91 27 13.500000 100
1 91 28 13.500000 100
1 91 29 13.500000 100
1 91 30 13.500000 100
1 91 31 13.500000 100
1 91 32 13.500000 100
1 91 33 13.500000 100
1 92 2 13.500000 100
1 92 3 13.500000 100
1 92 4 13.500000 100
1 92 5 13.500000 100
1 92 6 13.500000 100
1 92 7 13.500000 100
1 92 8 13.500000 100
1 92 9 13.500000 100
1 92 10 13.500000 100
1 92 11 13.500000 100
1 92 12 13.500000 100
1 92 13 13.500000 100
1 92 14 13.500000 100
1 92 15 13.500000 100
1 92 16 13.500000 100
1 92 17 13.500000 100
1 92 18 13.500000 100
1 92 19 13.500000 100
1 92 20 13.500000 100
1 92 21 13.500000 100
1 92 22 13.500000 100
1 92 23 13.500000 100
1 92 24 13.500000 100
1 92 25 13.500000 100
1 92 26 13.500000 100
1 92 27 13.500000 100
1 92 28 13.500000 100
1 92 29 13.500000 100
1 92 30 13.500000 100
1 92 31 13.500000 100
1 93 2 13.500000 100
1 93 3 13.500000 100
1 93 4 13.500000 100
1 93 5 13.500000 100
1 93 6 13.500000 100
1 93 7 13.500000 100
1 93 8 13.500000 100
1 93 9 13.500000 100
1 93 10 13.500000 100
1 93 11 13.500000 100
1 93 12 13.500000 100
1 93 13 13.500000 100
1 93 14 13.500000 100
1 93 15 13.500000 100
1 93 16 13.500000 100
1 93 17 13.500000 100
1 93 18 13.500000 100
1 93 19 13.500000 100
1 93 20 13.500000 100
1 93 21 13.500000 100
1 93 22 13.500000 100
1 93 23 13.500000 100
1 93 24 13.500000 100
1 93 25 13.500000 100
1 93 26 13.500000 100
1 93 27 13.500000 100
1 93 28 13.500000 100
1 93 29 13.500000 100
1 94 2 13.500000 100
1 94 3 13.500000 100
1 94 4 13.500000 100
1 94 5 13.500000 100
1 94 6 13.500000 100
1 94 7 13.500000 100
1 94 8 13.500000 100
1 94 9 13.500000 100
1 94 10 13.500000 100
1 94 11 13.500000 100
1 94 12 13.500000 100
1 94 13 13.500000 100
1 94 14 13.500000 100
1 94 15 13.500000 100
1 94 16 13.500000 100
1 94 17 13.500000 100
1 94 18 13.500000 100
1 94 19 13.500000 100
1 94 20 13.500000 100
1 94 21 13.500000 100
1 94 22 13.500000 100
1 94 23 13.500000 100
1 94 24 13.500000 100
1 94 25 13.500000 100
1 94 26 13.500000 100
1 94 27 13.500000 100
1 95 2 13.500000 100
1 95 3 13.500000 100
1 95 4 13.500000 100
1 95 5 13.500000 100
1 95 6 13.500000 100
1 95 7 13.500000 100
1 95 8 13.500000 100
1 95 9 13.500000 100
1 95 10 13.500000 100
1 95 11 13.500000 100
1 95 12 13.500000 100
1 95 13 13.500000 100
1 95 14 13.500000 100
1 95 15 13.500000 100
1 95 16 13.500000 100
1 95 17 13.500000 100
1 95 18 13.500000 100
1 95 19 13.500000 100
1 95 20 13.500000 100
1 95 21 13.500000 100
1 95 22 13.500000 100
1 95 23 13.500000 100
1 95 24 13.500000 100
1 95 25 13.500000 100
1 95 26 13.500000 100
1 96 1 13.500000 100
1 96 2 13.500000 100
1 96 3 13.500000 100
1 96 4 13.500000 100
1 96 5 13.500000 100
1 96 6 13.500000 100
1 96 7 13.500000 100
1 96 8 13.500000 100
1 96 9 13.500000 100
1 96 10 13.500000 100
1 96 11 13.500000 100
1 96 12 13.500000 100
1 96 13 13.500000 100
1 96 14 13.500000 100
1 96 15 13.500000 100
1 96 16 13.500000 100
1 96 17 13.500000 100
1 96 18 13.500000 100
1 96 19 13.500000 100
1 96 20 13.500000 100
1 96 21 13.500000 100
1 96 22 13.500000 100
1 96 23 13.500000 100
1 96 24 13.500000 100
1 97 1 13.500000 100
1 97 2 13.500000 100
1 97 3 13.500000 100
1 97 4 13.500000 100
1 97 5 13.500000 100
1 97 6 13.500000 100
1 97 7 13.500000 100
1 97 8 13.500000 100
1 97 9 13.500000 100
1 97 10 13.500000 100
1 97 11 13.500000 100
1 97 12 13.500000 100
1 97 13 13.500000 100
1 97 14 13.500000 100
1 97 15 13.500000 100
1 97 16 13.500000 100
1 97 17 13.500000 100
1 97 18 13.500000 100
1 97 19 13.500000 100
1 97 20 13.500000 100
1 97 21 13.500000 100
1 97 22 13.500000 100
1 98 1 13.500000 100
1 98 2 13.500000 100
1 98 3 13.500000 100
1 98 4 13.500000 100
1 98 5 13.500000 100
1 98 6 13.500000 100
1 98 7 13.500000 100
1 98 8 13.500000 100
1 98 9 13.500000 100
1 98 10 13.500000 100
1 98 11 13.500000 100
1 98 12 13.500000 100
1 98 13 13.500000 100
1 98 14 13.500000 100
1 98 15 13.500000 100
1 98 16 13.500000 100
1 98 17 13.500000 100
1 98 18 13.500000 100
1 98 19 13.500000 100
1 98 20 13.500000 100
1 99 1 13.500000 100
1 99 2 13.500000 100
1 99 3 13.500000 100
1 99 4 13.500000 100
1 99 5 13.500000 100
1 99 6 13.500000 100
1 99 7 13.500000 100
1 99 8 13.500000 100
1 99 9 13.500000 100
1 99 10 13.500000 100
1 99 11 13.500000 100
1 99 12 13.500000 100
1 99 13 13.500000 100
1 99 14 13.500000 100
1 99 15 13.500000 100
1 99 16 13.500000 100
1 99 17 13.500000 100
1 99 18 13.500000 100
1 99 19 13.500000 100
1 100 1 13.500000 100
1 100 2 13.500000 100
1 100 3 13.500000 100
1 100 4 13.500000 100
1 100 5 13.500000 100
1 100 6 13.500000 100
1 100 7 13.500000 100
1 100 8 13.500000 100
1 100 9 13.500000 100
1 100 10 13.500000 100
1 100 11 13.500000 100
1 100 12 13.500000 100
1 100 13 13.500000 100
1 100 14 13.500000 100
1 100 15 13.500000 100
1 100 16 13.500000 100
1 100 17 13.500000 100
1 101 1 13.500000 100
1 101 2 13.500000 100
1 101 3 13.500000 100
1 101 4 13.500000 100
1 101 5 13.500000 100
1 101 6 13.500000 100
1 101 7 13.500000 100
1 101 8 13.500000 100
1 101 9 13.500000 100
1 101 10 13.500000 100
1 101 11 13.500000 100
1 101 12 13.500000 100
1 101 13 13.500000 100
1 101 14 13.500000 100
1 101 15 13.500000 100
1 102 1 13.500000 100
1 102 2 13.500000 100
1 102 3 13.500000 100
1 102 4 13.500000 100
1 102 5 13.500000 100
1 102 6 13.500000 100
1 102 7 13.500000 100
1 102 8 13.500000 100
1 102 9 13.500000 100
1 102 10 13.500000 100
1 102 11 13.500000 100
1 102 12 13.500000 100
1 102 13 13.500000 100
1 102 14 13.500000 100
1 103 1 13.500000 100
1 103 2 13.500000 100
1 103 3 13.500000 100
1 103 4 13.500000 100
1 103 5 13.500000 100
1 103 6 13.500000 100
1 103 7 13.500000 100
1 103 8 13.500000 100
1 103 9 13.500000 100
1 103 10 13.500000 100
1 103 11 13.500000 100
1 103 12 13.500000 100
1 104 1 13.500000 100
1 104 2 13.500000 100
1 104 3 13.500000 100
1 104 4 13.500000 100
1 104 5 13.500000 100
1 104 6 13.500000 100
1 104 7 13.500000 100
1 104 8 13.500000 100
1 104 9 13.500000 100
1 104 10 13.500000 100
1 105 1 13.500000 100
1 105 2 13.500000 100
1 105 3 13.500000 100
1 105 4 13.500000 100
1 105 5 13.500000 100
1 105 6 13.500000 100
1 105 7 13.500000 100
1 105 8 13.500000 100
1 106 1 13.500000 100
1 106 2 13.500000 100
1 106 3 13.500000 100
1 106 4 13.500000 100
1 106 5 13.500000 100
1 106 6 13.500000 100
1 106 7 13.500000 100
1 107 1 13.500000 100
1 107 2 13.500000 100
1 107 3 13.500000 100
1 107 4 13.500000 100
1 107 5 13.500000 100
1 108 1 13.500000 100
1 108 2 13.500000 100
1 108 3 13.500000 100
1 109 1 13.500000 100
