   1.000000E+30    1.000000E+30    1.000000E+30    1.000000E+30    1.000000E+30    1.000000E+30    1.000000E+30    1.000000E+30    1.000000E+30    1.000000E+30    1.000000E+30    1.000000E+30    1.000000E+30    1.000000E+30    1.000000E+30    1.000000E+30    1.000000E+30    1.000000E+30    1.000000E+30    1.000000E+30    1.000000E+30    1.000000E+30    1.000000E+30    1.000000E+30    1.000000E+30    1.000000E+30    1.000000E+30    1.000000E+30    1.000000E+30    1.000000E+30    1.000000E+30    1.000000E+30    1.000000E+30    1.000000E+30    1.000000E+30    1.000000E+30    1.000000E+30    1.000000E+30    1.000000E+30    1.000000E+30    1.000000E+30    1.000000E+30    1.000000E+30    1.000000E+30    1.000000E+30    1.000000E+30    1.000000E+30    1.000000E+30    1.000000E+30    1.000000E+30    1.000000E+30    1.000000E+30    1.000000E+30    1.000000E+30    1.000000E+30    1.000000E+30    1.000000E+30    1.000000E+30    1.000000E+30    1.300009E+01    1.300009E+01    1.300009E+01    1.300008E+01    1.300008E+01    1.300008E+01    1.300008E+01    1.300008E+01    1.300008E+01    1.300008E+01    1.300008E+01    1.300008E+01    1.300008E+01    1.300008E+01    1.300008E+01    1.300008E+01    1.300008E+01    1.300008E+01    1.300008E+01    1.300008E+01    1.300007E+01    1.300007E+01    1.300006E+01    1.000000E+30    1.000000E+30    1.000000E+30    1.000000E+30    1.000000E+30    1.000000E+30    1.000000E+30    1.000000E+30    1.000000E+30    1.000000E+30    1.000000E+30    1.000000E+30    1.000000E+30    1.000000E+30    1.000000E+30    1.000000E+30    1.000000E+30    1.000000E+30    1.000000E+30    1.000000E+30    1.000000E+30    1.000000E+30    1.000000E+30    1.000000E+30    1.000000E+30    1.000000E+30    1.000000E+30    1.000000E+30    1.000000E+30    1.000000E+30    1.000000E+30    1.000000E+30    1.000000E+30    1.000000E+30    1.000000E+30    1.000000E+30    1.000000E+30    1.000000E+30    1.000000E+30    1.000000E+30    1.000000E+30    1.000000E+30    1.000000E+30    1.000000E+30    1.000000E+30    1.000000E+30    1.000000E+30    1.000000E+30    1.000000E+30    1.000000E+30    1.000000E+30    1.000000E+30    1.000000E+30    1.000000E+30    1.000000E+30    1.000000E+30    1.000000E+30    1.000000E+30    1.000000E+30    1.000000E+30    1.000000E+30    1.000000E+30    1.000000E+30    1.000000E+30    1.000000E+30    1.000000E+30    1.000000E+30    1.000000E+30    1.000000E+30
   1.000000E+30    1.000000E+30    1.000000E+30    1.000000E+30    1.000000E+30    1.000000E+30    1.000000E+30    1.000000E+30    1.000000E+30    1.000000E+30    1.000000E+30    1.000000E+30    1.000000E+30    1.000000E+30    1.000000E+30    1.000000E+30    1.000000E+30    1.000000E+30    1.000000E+30    1.000000E+30    1.000000E+30    1.000000E+30    1.000000E+30    1.000000E+30    1.000000E+30    1.000000E+30    1.000000E+30    1.000000E+30    1.000000E+30    1.000000E+30    1.000000E+30    1.000000E+30    1.000000E+30    1.000000E+30    1.000000E+30    1.000000E+30    1.000000E+30    1.000000E+30    1.000000E+30    1.000000E+30    1.000000E+30    1.000000E+30    1.000000E+30    1.000000E+30    1.000000E+30    1.000000E+30    1.000000E+30    1.000000E+30    1.000000E+30    1.000000E+30    1.000000E+30    1.000000E+30    1.000000E+30    1.000000E+30    1.000000E+30    1.000000E+30    1.000000E+30    1.000000E+30    1.300007E+01    1.300005E+01    1.300004E+01    1.300004E+01    1.300004E+01    1.300004E+01    1.300004E+01    1.300003E+01    1.300003E+01    1.300003E+01    1.300003E+01    1.300003E+01    1.300003E+01    1.300003E+01    1.300003E+01    1.300003E+01    1.300003E+01    1.300003E+01    1.300003E+01    1.300003E+01    1.300003E+01    1.300003E+01    1.300002E+01    1.300000E+01    1.299994E+01    1.299991E+01    1.299990E+01    1.299990E+01    1.299990E+01    1.299990E+01    1.299990E+01    1.299989E+01    1.299989E+01    1.299989E+01    1.299989E+01    1.299989E+01    1.299989E+01    1.299989E+01    1.299989E+01    1.299989E+01    1.299989E+01    1.299989E+01    1.299989E+01    1.299989E+01    1.299989E+01    1.299989E+01    1.299989E+01    1.299989E+01    1.299989E+01    1.299989E+01    1.299989E+01    1.299988E+01    1.299988E+01    1.299988E+01    1.299988E+01    1.299988E+01    1.299988E+01    1.299988E+01    1.299988E+01    1.299988E+01    1.000000E+30    1.000000E+30    1.000000E+30    1.000000E+30    1.000000E+30    1.000000E+30    1.000000E+30    1.000000E+30    1.000000E+30    1.000000E+30    1.000000E+30    1.000000E+30    1.000000E+30    1.000000E+30    1.000000E+30    1.000000E+30    1.000000E+30    1.000000E+30    1.000000E+30    1.000000E+30    1.000000E+30    1.000000E+30    1.000000E+30    1.000000E+30    1.000000E+30    1.000000E+30    1.000000E+30    1.000000E+30    1.000000E+30    1.000000E+30    1.000000E+30    1.000000E+30    1.000000E+30
   1.000000E+30    1.000000E+30    1.000000E+30    1.000000E+30    1.000000E+30    1.000000E+30    1.000000E+30    1.000000E+30    1.000000E+30    1.000000E+30    1.000000E+30    1.000000E+30    1.000000E+30    1.000000E+30    1.000000E+30    1.000000E+30    1.000000E+30    1.000000E+30    1.000000E+30    1.000000E+30    1.000000E+30    1.000000E+30    1.000000E+30    1.000000E+30    1.000000E+30    1.000000E+30    1.000000E+30    1.000000E+30    1.000000E+30    1.000000E+30    1.000000E+30    1.000000E+30    1.000000E+30    1.000000E+30    1.000000E+30    1.000000E+30    1.000000E+30    1.000000E+30    1.000000E+30    1.000000E+30    1.000000E+30    1.000000E+30    1.000000E+30    1.000000E+30    1.000000E+30    1.000000E+30    1.000000E+30    1.000000E+30    1.000000E+30    1.000000E+30    1.000000E+30    1.000000E+30    1.000000E+30    1.000000E+30    1.000000E+30    1.000000E+30    1.300008E+01    1.300007E+01    1.300004E+01    1.300002E+01    1.300002E+01    1.300001E+01    1.300001E+01    1.300001E+01    1.300001E+01    1.300001E+01    1.300001E+01    1.300001E+01    1.300001E+01    1.300001E+01    1.300001E+01    1.300001E+01    1.300001E+01    1.300001E+01    1.300001E+01    1.300001E+01    1.300001E+01    1.300001E+01    1.300001E+01    1.300000E+01    1.300000E+01    1.299999E+01    1.299997E+01    1.299996E+01    1.299995E+01    1.299995E+01    1.299995E+01    1.299994E+01    1.299994E+01    1.299994E+01    1.299994E+01    1.299994E+01    1.299994E+01    1.299994E+01    1.299994E+01    1.299994E+01    1.299994E+01    1.299994E+01    1.299994E+01    1.299994E+01    1.299994E+01    1.299994E+01    1.299994E+01    1.299994E+01    1.299994E+01    1.299994E+01    1.299994E+01    1.299993E+01    1.299993E+01    1.299993E+01    1.299993E+01    1.299993E+01    1.299993E+01    1.299993E+01    1.299993E+01    1.299993E+01    1.299993E+01    1.299992E+01    1.299990E+01    1.299989E+01    1.299989E+01    1.299988E+01    1.299988E+01    1.299988E+01    1.299988E+01    1.299988E+01    1.299988E+01    1.299988E+01    1.299988E+01    1.299988E+01    1.299988E+01    1.299988E+01    1.299988E+01    1.299988E+01    1.299988E+01    1.299987E+01    1.299987E+01    1.299987E+01    1.299987E+01    1.299987E+01    1.299987E+01    1.299987E+01    1.299987E+01    1.299987E+01    1.299987E+01    1.299987E+01    1.299986E+01    1.299986E+01    1.299985E+01    1.299983E+01    1.000000E+30
   1.000000E+30    1.000000E+30    1.000000E+30    1.000000E+30    1.000000E+30    1.000000E+30    1.000000E+30    1.000000E+30    1.000000E+30    1.000000E+30    1.000000E+30    1.000000E+30    1.000000E+30    1.000000E+30    1.000000E+30    1.000000E+30    1.000000E+30    1.000000E+30    1.000000E+30    1.000000E+30    1.000000E+30    1.000000E+30    1.000000E+30    1.000000E+30    1.000000E+30    1.000000E+30    1.000000E+30    1.000000E+30    1.000000E+30    1.000000E+30    1.000000E+30    1.000000E+30    1.000000E+30    1.000000E+30    1.000000E+30    1.000000E+30    1.000000E+30    1.000000E+30    1.000000E+30    1.000000E+30    1.000000E+30    1.000000E+30    1.000000E+30    1.000000E+30    1.000000E+30    1.000000E+30    1.000000E+30    1.000000E+30    1.000000E+30    1.000000E+30    1.000000E+30    1.000000E+30    1.000000E+30    1.000000E+30    1.000000E+30    1.300007E+01    1.300004E+01    1.300003E+01    1.300002E+01    1.300001E+01    1.300001E+01    1.300000E+01    1.300000E+01    1.300000E+01    1.300000E+01    1.300000E+01    1.300000E+01    1.300000E+01    1.300000E+01    1.300000E+01    1.300000E+01    1.300000E+01    1.300000E+01    1.300000E+01    1.300000E+01    1.300000E+01    1.300000E+01    1.300000E+01    1.300000E+01    1.299999E+01    1.299999E+01    1.299999E+01    1.299998E+01    1.299997E+01    1.299997E+01    1.299997E+01    1.299997E+01    1.299997E+01    1.299997E+01    1.299997E+01    1.299996E+01    1.299996E+01    1.299996E+01    1.299996E+01    1.299996E+01    1.299996E+01    1.299996E+01    1.299996E+01    1.299996E+01    1.299996E+01    1.299996E+01    1.299996E+01    1.299996E+01    1.299996E+01    1.299996E+01    1.299996E+01    1.299996E+01    1.299996E+01    1.299996E+01    1.299996E+01    1.299996E+01    1.299996E+01    1.299996E+01    1.299996E+01    1.299996E+01    1.299996E+01    1.299995E+01    1.299995E+01    1.299994E+01    1.299994E+01    1.299993E+01    1.299993E+01    1.299993E+01    1.299993E+01    1.299993E+01    1.299993E+01    1.299993E+01    1.299993E+01    1.299993E+01    1.299993E+01    1.299993E+01    1.299993E+01    1.299993E+01    1.299992E+01    1.299992E+01    1.299992E+01    1.299992E+01    1.299992E+01    1.299992E+01    1.299992E+01    1.299992E+01    1.299992E+01    1.299992E+01    1.299992E+01    1.299992E+01    1.299992E+01    1.299991E+01    1.299991E+01    1.299989E+01    1.299985E+01    1.000000E+30
   1.000000E+30    1.000000E+30    1.000000E+30    1.000000E+30    1.000000E+30    1.000000E+30    1.000000E+30    1.000000E+30    1.000000E+30    1.000000E+30    1.000000E+30    1.000000E+30    1.000000E+30    1.000000E+30    1.000000E+30    1.000000E+30    1.000000E+30    1.000000E+30    1.000000E+30    1.000000E+30    1.000000E+30    1.000000E+30    1.000000E+30    1.000000E+30    1.000000E+30    1.000000E+30    1.000000E+30    1.000000E+30    1.000000E+30    1.000000E+30    1.000000E+30    1.000000E+30    1.000000E+30    1.000000E+30    1.000000E+30    1.000000E+30    1.000000E+30    1.000000E+30    1.000000E+30    1.000000E+30    1.000000E+30    1.000000E+30    1.000000E+30    1.000000E+30    1.000000E+30    1.000000E+30    1.000000E+30    1.000000E+30    1.000000E+30    1.000000E+30    1.000000E+30    1.000000E+30    1.000000E+30    1.300008E+01    1.300007E+01    1.300004E+01    1.300002E+01    1.300001E+01    1.300001E+01    1.300000E+01    1.300000E+01    1.300000E+01    1.300000E+01    1.300000E+01    1.300000E+01    1.300000E+01    1.300000E+01    1.300000E+01    1.300000E+01    1.300000E+01    1.300000E+01    1.300000E+01    1.300000E+01    1.300000E+01    1.299999E+01    1.299999E+01    1.299999E+01    1.299999E+01    1.299999E+01    1.299999E+01    1.299999E+01    1.299999E+01    1.299998E+01    1.299998E+01    1.299998E+01    1.299998E+01    1.299998E+01    1.299998E+01    1.299998E+01    1.299998E+01    1.299997E+01    1.299997E+01    1.299997E+01    1.299997E+01    1.299997E+01    1.299997E+01    1.299997E+01    1.299997E+01    1.299997E+01    1.299997E+01    1.299997E+01    1.299997E+01    1.299997E+01    1.299997E+01    1.299997E+01    1.299997E+01    1.299997E+01    1.299997E+01    1.299997E+01    1.299997E+01    1.299997E+01    1.299997E+01    1.299997E+01    1.299997E+01    1.299997E+01    1.299997E+01    1.299997E+01    1.299996E+01    1.299996E+01    1.299996E+01    1.299996E+01    1.299995E+01    1.299995E+01    1.299995E+01    1.299995E+01    1.299995E+01    1.299995E+01    1.299995E+01    1.299995E+01    1.299995E+01    1.299995E+01    1.299995E+01    1.299995E+01    1.299995E+01    1.299995E+01    1.299995E+01    1.299995E+01    1.299995E+01    1.299995E+01    1.299994E+01    1.299994E+01    1.299994E+01    1.299994E+01    1.299994E+01    1.299994E+01    1.299994E+01    1.299994E+01    1.299993E+01    1.299991E+01    1.299986E+01    1.000000E+30
   1.000000E+30    1.000000E+30    1.000000E+30    1.000000E+30    1.000000E+30    1.000000E+30    1.000000E+30    1.000000E+30    1.000000E+30    1.000000E+30    1.000000E+30    1.000000E+30    1.000000E+30    1.000000E+30    1.000000E+30    1.000000E+30    1.000000E+30    1.000000E+30    1.000000E+30    1.000000E+30    1.000000E+30    1.000000E+30    1.000000E+30    1.000000E+30    1.000000E+30    1.000000E+30    1.000000E+30    1.000000E+30    1.000000E+30    1.000000E+30    1.000000E+30    1.000000E+30    1.000000E+30    1.000000E+30    1.000000E+30    1.000000E+30    1.000000E+30    1.000000E+30    1.000000E+30    1.000000E+30    1.000000E+30    1.000000E+30    1.000000E+30    1.000000E+30    1.000000E+30    1.000000E+30    1.000000E+30    1.000000E+30    1.000000E+30    1.000000E+30    1.000000E+30    1.000000E+30    1.300007E+01    1.300004E+01    1.300003E+01    1.300002E+01    1.300001E+01    1.300000E+01    1.300000E+01    1.300000E+01    1.300000E+01    1.300000E+01    1.300000E+01    1.300000E+01    1.300000E+01    1.300000E+01    1.300000E+01    1.300000E+01    1.300000E+01    1.299999E+01    1.299999E+01    1.299999E+01    1.299999E+01    1.299999E+01    1.299999E+01    1.299999E+01    1.299999E+01    1.299999E+01    1.299999E+01    1.299999E+01    1.299999E+01    1.299999E+01    1.299999E+01    1.299998E+01    1.299998E+01    1.299998E+01    1.299998E+01    1.299998E+01    1.299998E+01    1.299998E+01    1.299998E+01    1.299998E+01    1.299998E+01    1.299998E+01    1.299998E+01    1.299998E+01    1.299998E+01    1.299998E+01    1.299997E+01    1.299997E+01    1.299997E+01    1.299997E+01    1.299997E+01    1.299997E+01    1.299997E+01    1.299997E+01    1.299997E+01    1.299997E+01    1.299997E+01    1.299997E+01    1.299997E+01    1.299997E+01    1.299997E+01    1.299997E+01    1.299997E+01    1.299997E+01    1.299997E+01    1.299997E+01    1.299997E+01    1.299997E+01    1.299997E+01    1.299996E+01    1.299996E+01    1.299996E+01    1.299996E+01    1.299996E+01    1.299996E+01    1.299996E+01    1.299996E+01    1.299996E+01    1.299996E+01    1.299996E+01    1.299996E+01    1.299996E+01    1.299996E+01    1.299996E+01    1.299996E+01    1.299996E+01    1.299996E+01    1.299995E+01    1.299995E+01    1.299995E+01    1.299995E+01    1.299995E+01    1.299995E+01    1.299995E+01    1.299994E+01    1.299994E+01    1.299991E+01    1.299986E+01    1.000000E+30
   1.000000E+30    1.000000E+30    1.000000E+30    1.000000E+30    1.000000E+30    1.000000E+30    1.000000E+30    1.000000E+30    1.000000E+30    1.000000E+30    1.000000E+30    1.000000E+30    1.000000E+30    1.000000E+30    1.000000E+30    1.000000E+30    1.000000E+30    1.000000E+30    1.000000E+30    1.000000E+30    1.000000E+30    1.000000E+30    1.000000E+30    1.000000E+30    1.000000E+30    1.000000E+30    1.000000E+30    1.000000E+30    1.000000E+30    1.000000E+30    1.000000E+30    1.000000E+30    1.000000E+30    1.000000E+30    1.000000E+30    1.000000E+30    1.000000E+30    1.000000E+30    1.000000E+30    1.000000E+30    1.000000E+30    1.000000E+30    1.000000E+30    1.000000E+30    1.000000E+30    1.000000E+30    1.000000E+30    1.000000E+30    1.000000E+30    1.000000E+30    1.300008E+01    1.300007E+01    1.300004E+01    1.300002E+01    1.300001E+01    1.300000E+01    1.300000E+01    1.300000E+01    1.300000E+01    1.300000E+01    1.300000E+01    1.300000E+01    1.300000E+01    1.300000E+01    1.299999E+01    1.299999E+01    1.299999E+01    1.299999E+01    1.299999E+01    1.299999E+01    1.299999E+01    1.299999E+01    1.299999E+01    1.299999E+01    1.299999E+01    1.299999E+01    1.299999E+01    1.299999E+01    1.299999E+01    1.299999E+01    1.299999E+01    1.299999E+01    1.299999E+01    1.299999E+01    1.299998E+01    1.299998E+01    1.299998E+01    1.299998E+01    1.299998E+01    1.299998E+01    1.299998E+01    1.299998E+01    1.299998E+01    1.299998E+01    1.299998E+01    1.299998E+01    1.299998E+01    1.299998E+01    1.299998E+01    1.299998E+01    1.299998E+01    1.299998E+01    1.299998E+01    1.299998E+01    1.299997E+01    1.299997E+01    1.299997E+01    1.299997E+01    1.299997E+01    1.299997E+01    1.299997E+01    1.299997E+01    1.299997E+01    1.299997E+01    1.299997E+01    1.299997E+01    1.299997E+01    1.299997E+01    1.299997E+01    1.299997E+01    1.299997E+01    1.299997E+01    1.299997E+01    1.299997E+01    1.299997E+01    1.299997E+01    1.299997E+01    1.299997E+01    1.299996E+01    1.299996E+01    1.299996E+01    1.299996E+01    1.299996E+01    1.299996E+01    1.299996E+01    1.299996E+01    1.299996E+01    1.299996E+01    1.299996E+01    1.299996E+01    1.299996E+01    1.299996E+01    1.299996E+01    1.299996E+01    1.299995E+01    1.299995E+01    1.299995E+01    1.299994E+01    1.299992E+01    1.299987E+01    1.000000E+30
   1.000000E+30    1.000000E+30    1.000000E+30    1.000000E+30    1.000000E+30    1.000000E+30    1.000000E+30    1.000000E+30    1.000000E+30    1.000000E+30    1.000000E+30    1.000000E+30    1.000000E+30    1.000000E+30    1.000000E+30    1.000000E+30    1.000000E+30    1.000000E+30    1.000000E+30    1.000000E+30    1.000000E+30    1.000000E+30    1.000000E+30    1.000000E+30    1.000000E+30    1.000000E+30    1.000000E+30    1.000000E+30    1.000000E+30    1.000000E+30    1.000000E+30    1.000000E+30    1.000000E+30    1.000000E+30    1.000000E+30    1.000000E+30    1.000000E+30    1.000000E+30    1.000000E+30    1.000000E+30    1.000000E+30    1.000000E+30    1.000000E+30    1.000000E+30    1.000000E+30    1.000000E+30    1.000000E+30    1.000000E+30    1.300008E+01    1.300007E+01    1.300004E+01    1.300003E+01    1.300002E+01    1.300001E+01    1.300000E+01    1.300000E+01    1.300000E+01    1.300000E+01    1.300000E+01    1.300000E+01    1.300000E+01    1.299999E+01    1.299999E+01    1.299999E+01    1.299999E+01    1.299999E+01    1.299999E+01    1.299999E+01    1.299999E+01    1.299999E+01    1.299999E+01    1.299999E+01    1.299999E+01    1.299999E+01    1.299999E+01    1.299999E+01    1.299999E+01    1.299999E+01    1.299999E+01    1.299999E+01    1.299999E+01    1.299999E+01    1.299999E+01    1.299999E+01    1.299999E+01    1.299998E+01    1.299998E+01    1.299998E+01    1.299998E+01    1.299998E+01    1.299998E+01    1.299998E+01    1.299998E+01    1.299998E+01    1.299998E+01    1.299998E+01    1.299998E+01    1.299998E+01    1.299998E+01    1.299998E+01    1.299998E+01    1.299998E+01    1.299998E+01    1.299998E+01    1.299998E+01    1.299998E+01    1.299998E+01    1.299998E+01    1.299998E+01    1.299998E+01    1.299998E+01    1.299998E+01    1.299998E+01    1.299998E+01    1.299997E+01    1.299997E+01    1.299997E+01    1.299997E+01    1.299997E+01    1.299997E+01    1.299997E+01    1.299997E+01    1.299997E+01    1.299997E+01    1.299997E+01    1.299997E+01    1.299997E+01    1.299997E+01    1.299997E+01    1.299997E+01    1.299997E+01    1.299997E+01    1.299997E+01    1.299996E+01    1.299996E+01    1.299996E+01    1.299996E+01    1.299996E+01    1.299996E+01    1.299996E+01    1.299996E+01    1.299996E+01    1.299996E+01    1.299996E+01    1.299996E+01    1.299996E+01    1.299995E+01    1.299994E+01    1.299992E+01    1.299987E+01    1.000000E+30
   1.000000E+30    1.000000E+30    1.000000E+30    1.000000E+30    1.000000E+30    1.000000E+30    1.000000E+30    1.000000E+30    1.000000E+30    1.000000E+30    1.000000E+30    1.000000E+30    1.000000E+30    1.000000E+30    1.000000E+30    1.000000E+30    1.000000E+30    1.000000E+30    1.000000E+30    1.000000E+30    1.000000E+30    1.000000E+30    1.000000E+30    1.000000E+30    1.000000E+30    1.000000E+30    1.000000E+30    1.000000E+30    1.000000E+30    1.000000E+30    1.000000E+30    1.000000E+30    1.000000E+30    1.000000E+30    1.000000E+30    1.000000E+30    1.000000E+30    1.000000E+30    1.000000E+30    1.000000E+30    1.000000E+30    1.000000E+30    1.000000E+30    1.000000E+30    1.000000E+30    1.000000E+30    1.000000E+30    1.300007E+01    1.300004E+01    1.300003E+01    1.300002E+01    1.300001E+01    1.300000E+01    1.300000E+01    1.300000E+01    1.300000E+01    1.300000E+01    1.300000E+01    1.299999E+01    1.299999E+01    1.299999E+01    1.299999E+01    1.299999E+01    1.299999E+01    1.299999E+01    1.299999E+01    1.299999E+01    1.299999E+01    1.299999E+01    1.299999E+01    1.299999E+01    1.299999E+01    1.299999E+01    1.299999E+01    1.299999E+01    1.299999E+01    1.299999E+01    1.299999E+01    1.299999E+01    1.299999E+01    1.299999E+01    1.299999E+01    1.299999E+01    1.299999E+01    1.299999E+01    1.299999E+01    1.299998E+01    1.299998E+01    1.299998E+01    1.299998E+01    1.299998E+01    1.299998E+01    1.299998E+01    1.299998E+01    1.299998E+01    1.299998E+01    1.299998E+01    1.299998E+01    1.299998E+01    1.299998E+01    1.299998E+01    1.299998E+01    1.299998E+01    1.299998E+01    1.299998E+01    1.299998E+01    1.299998E+01    1.299998E+01    1.299998E+01    1.299998E+01    1.299998E+01    1.299998E+01    1.299998E+01    1.299998E+01    1.299998E+01    1.299998E+01    1.299998E+01    1.299998E+01    1.299997E+01    1.299997E+01    1.299997E+01    1.299997E+01    1.299997E+01    1.299997E+01    1.299997E+01    1.299997E+01    1.299997E+01    1.299997E+01    1.299997E+01    1.299997E+01    1.299997E+01    1.299997E+01    1.299997E+01    1.299997E+01    1.299997E+01    1.299997E+01    1.299996E+01    1.299996E+01    1.299996E+01    1.299996E+01    1.299996E+01    1.299996E+01    1.299996E+01    1.299996E+01    1.299996E+01    1.299996E+01    1.299995E+01    1.299994E+01    1.299992E+01    1.299987E+01    1.000000E+30
   1.000000E+30    1.000000E+30    1.000000E+30    1.000000E+30    1.000000E+30    1.000000E+30    1.000000E+30    1.000000E+30    1.000000E+30    1.000000E+30    1.000000E+30    1.000000E+30    1.000000E+30    1.000000E+30    1.000000E+30    1.000000E+30    1.000000E+30    1.000000E+30    1.000000E+30    1.000000E+30    1.000000E+30    1.000000E+30    1.000000E+30    1.000000E+30    1.000000E+30    1.000000E+30    1.000000E+30    1.000000E+30    1.000000E+30    1.000000E+30    1.000000E+30    1.000000E+30    1.000000E+30    1.000000E+30    1.000000E+30    1.000000E+30    1.000000E+30    1.000000E+30    1.000000E+30    1.000000E+30    1.000000E+30    1.000000E+30    1.000000E+30    1.000000E+30    1.000000E+30    1.300008E+01    1.300007E+01    1.300004E+01    1.300002E+01    1.300001E+01    1.300000E+01    1.300000E+01    1.300000E+01    1.300000E+01    1.300000E+01    1.300000E+01    1.299999E+01    1.299999E+01    1.299999E+01    1.299999E+01    1.299999E+01    1.299999E+01    1.299999E+01    1.299999E+01    1.299999E+01    1.299999E+01    1.299999E+01    1.299999E+01    1.299999E+01    1.299999E+01    1.299999E+01    1.299999E+01    1.299999E+01    1.299999E+01    1.299999E+01    1.299999E+01    1.299999E+01    1.299999E+01    1.299999E+01    1.299999E+01    1.299999E+01    1.299999E+01    1.299999E+01    1.299999E+01    1.299999E+01    1.299999E+01    1.299998E+01    1.299998E+01    1.299998E+01    1.299998E+01    1.299998E+01    1.299998E+01    1.299998E+01    1.299998E+01    1.299998E+01    1.299998E+01    1.299998E+01    1.299998E+01    1.299998E+01    1.299998E+01    1.299998E+01    1.299998E+01    1.299998E+01    1.299998E+01    1.299998E+01    1.299998E+01    1.299998E+01    1.299998E+01    1.299998E+01    1.299998E+01    1.299998E+01    1.299998E+01    1.299998E+01    1.299998E+01    1.299998E+01    1.299998E+01    1.299998E+01    1.299998E+01    1.299997E+01    1.299997E+01    1.299997E+01    1.299997E+01    1.299997E+01    1.299997E+01    1.299997E+01    1.299997E+01    1.299997E+01    1.299997E+01    1.299997E+01    1.299997E+01    1.299997E+01    1.299997E+01    1.299997E+01    1.299997E+01    1.299997E+01    1.299997E+01    1.299997E+01    1.299996E+01    1.299996E+01    1.299996E+01    1.299996E+01    1.299996E+01    1.299996E+01    1.299996E+01    1.299996E+01    1.299996E+01    1.299995E+01    1.299994E+01    1.299992E+01    1.299987E+01    1.000000E+30
   1.000000E+30    1.000000E+30    1.000000E+30    1.000000E+30    1.000000E+30    1.000000E+30    1.000000E+30    1.000000E+30    1.000000E+30    1.000000E+30    1.000000E+30    1.000000E+30    1.000000E+30    1.000000E+30    1.000000E+30    1.000000E+30    1.000000E+30    1.000000E+30    1.000000E+30    1.000000E+30    1.000000E+30    1.000000E+30    1.000000E+30    1.000000E+30    1.000000E+30    1.000000E+30    1.000000E+30    1.000000E+30    1.000000E+30    1.000000E+30    1.000000E+30    1.000000E+30    1.000000E+30    1.000000E+30    1.000000E+30    1.000000E+30    1.000000E+30    1.000000E+30    1.000000E+30    1.000000E+30    1.000000E+30    1.000000E+30    1.000000E+30    1.000000E+30    1.300007E+01    1.300004E+01    1.300003E+01    1.300001E+01    1.300001E+01    1.300000E+01    1.300000E+01    1.300000E+01    1.300000E+01    1.300000E+01    1.299999E+01    1.299999E+01    1.299999E+01    1.299999E+01    1.299999E+01    1.299999E+01    1.299999E+01    1.299999E+01    1.299999E+01    1.299999E+01    1.299999E+01    1.299999E+01    1.299999E+01    1.299999E+01    1.299999E+01    1.299999E+01    1.299999E+01    1.299999E+01    1.299999E+01    1.299999E+01    1.299999E+01    1.299999E+01    1.299999E+01    1.299999E+01    1.299999E+01    1.299999E+01    1.299999E+01    1.299999E+01    1.299999E+01    1.299999E+01    1.299999E+01    1.299999E+01    1.299998E+01    1.299998E+01    1.299998E+01    1.299998E+01    1.299998E+01    1.299998E+01    1.299998E+01    1.299998E+01    1.299998E+01    1.299998E+01    1.299998E+01    1.299998E+01    1.299998E+01    1.299998E+01    1.299998E+01    1.299998E+01    1.299998E+01    1.299998E+01    1.299998E+01    1.299998E+01    1.299998E+01    1.299998E+01    1.299998E+01    1.299998E+01    1.299998E+01    1.299998E+01    1.299998E+01    1.299998E+01    1.299998E+01    1.299998E+01    1.299998E+01    1.299998E+01    1.299997E+01    1.299997E+01    1.299997E+01    1.299997E+01    1.299997E+01    1.299997E+01    1.299997E+01    1.299997E+01    1.299997E+01    1.299997E+01    1.299997E+01    1.299997E+01    1.299997E+01    1.299997E+01    1.299997E+01    1.299997E+01    1.299997E+01    1.299997E+01    1.299997E+01    1.299997E+01    1.299997E+01    1.299996E+01    1.299996E+01    1.299996E+01    1.299996E+01    1.299996E+01    1.299996E+01    1.299996E+01    1.299995E+01    1.299994E+01    1.299992E+01    1.299987E+01    1.000000E+30
   1.000000E+30    1.000000E+30    1.000000E+30    1.000000E+30    1.000000E+30    1.000000E+30    1.000000E+30    1.000000E+30    1.000000E+30    1.000000E+30    1.000000E+30    1.000000E+30    1.000000E+30    1.000000E+30    1.000000E+30    1.000000E+30    1.000000E+30    1.000000E+30    1.000000E+30    1.000000E+30    1.000000E+30    1.000000E+30    1.000000E+30    1.000000E+30    1.000000E+30    1.000000E+30    1.000000E+30    1.000000E+30    1.000000E+30    1.000000E+30    1.000000E+30    1.000000E+30    1.000000E+30    1.000000E+30    1.000000E+30    1.000000E+30    1.000000E+30    1.000000E+30    1.000000E+30    1.000000E+30    1.000000E+30    1.000000E+30    1.300008E+01    1.300007E+01    1.300004E+01    1.300002E+01    1.300001E+01    1.300000E+01    1.300000E+01    1.300000E+01    1.300000E+01    1.300000E+01    1.299999E+01    1.299999E+01    1.299999E+01    1.299999E+01    1.299999E+01    1.299999E+01    1.299999E+01    1.299999E+01    1.299999E+01    1.299999E+01    1.299999E+01    1.299999E+01    1.299999E+01    1.299999E+01    1.299999E+01    1.299999E+01    1.299999E+01    1.299999E+01    1.299999E+01    1.299999E+01    1.299999E+01    1.299999E+01    1.299999E+01    1.299999E+01    1.299999E+01    1.299999E+01    1.299999E+01    1.299999E+01    1.299999E+01    1.299999E+01    1.299999E+01    1.299999E+01    1.299999E+01    1.299999E+01    1.299998E+01    1.299998E+01    1.299998E+01    1.299998E+01    1.299998E+01    1.299998E+01    1.299998E+01    1.299998E+01    1.299998E+01    1.299998E+01    1.299998E+01    1.299998E+01    1.299998E+01    1.299998E+01    1.299998E+01    1.299998E+01    1.299998E+01    1.299998E+01    1.299998E+01    1.299998E+01    1.299998E+01    1.299998E+01    1.299998E+01    1.299998E+01    1.299998E+01    1.299998E+01    1.299998E+01    1.299998E+01    1.299998E+01    1.299998E+01    1.299998E+01    1.299998E+01    1.299998E+01    1.299997E+01    1.299997E+01    1.299997E+01    1.299997E+01    1.299997E+01    1.299997E+01    1.299997E+01    1.299997E+01    1.299997E+01    1.299997E+01    1.299997E+01    1.299997E+01    1.299997E+01    1.299997E+01    1.299997E+01    1.299997E+01    1.299997E+01    1.299997E+01    1.299997E+01    1.299997E+01    1.299997E+01    1.299996E+01    1.299996E+01    1.299996E+01    1.299996E+01    1.299996E+01    1.299996E+01    1.299995E+01    1.299994E+01    1.299992E+01    1.299987E+01    1.000000E+30
   1.000000E+30    1.000000E+30    1.000000E+30    1.000000E+30    1.000000E+30    1.000000E+30    1.000000E+30    1.000000E+30    1.000000E+30    1.000000E+30    1.000000E+30    1.000000E+30    1.000000E+30    1.000000E+30    1.000000E+30    1.000000E+30    1.000000E+30    1.000000E+30    1.000000E+30    1.000000E+30    1.000000E+30    1.000000E+30    1.000000E+30    1.000000E+30    1.000000E+30    1.000000E+30    1.000000E+30    1.000000E+30    1.000000E+30    1.000000E+30    1.000000E+30    1.000000E+30    1.000000E+30    1.000000E+30    1.000000E+30    1.000000E+30    1.000000E+30    1.000000E+30    1.000000E+30    1.000000E+30    1.000000E+30    1.300007E+01    1.300004E+01    1.300003E+01    1.300001E+01    1.300001E+01    1.300000E+01    1.300000E+01    1.300000E+01    1.300000E+01    1.299999E+01    1.299999E+01    1.299999E+01    1.299999E+01    1.299999E+01    1.299999E+01    1.299999E+01    1.299999E+01    1.299999E+01    1.299999E+01    1.299999E+01    1.299999E+01    1.299999E+01    1.299999E+01    1.299999E+01    1.299999E+01    1.299999E+01    1.299999E+01    1.299999E+01    1.299999E+01    1.299999E+01    1.299999E+01    1.299999E+01    1.299999E+01    1.299999E+01    1.299999E+01    1.299999E+01    1.299999E+01    1.299999E+01    1.299999E+01    1.299999E+01    1.299999E+01    1.299999E+01    1.299999E+01    1.299999E+01    1.299999E+01    1.299998E+01    1.299998E+01    1.299998E+01    1.299998E+01    1.299998E+01    1.299998E+01    1.299998E+01    1.299998E+01    1.299998E+01    1.299998E+01    1.299998E+01    1.299998E+01    1.299998E+01    1.299998E+01    1.299998E+01    1.299998E+01    1.299998E+01    1.299998E+01    1.299998E+01    1.299998E+01    1.299998E+01    1.299998E+01    1.299998E+01    1.299998E+01    1.299998E+01    1.299998E+01    1.299998E+01    1.299998E+01    1.299998E+01    1.299998E+01    1.299998E+01    1.299998E+01    1.299998E+01    1.299997E+01    1.299997E+01    1.299997E+01    1.299997E+01    1.299997E+01    1.299997E+01    1.299997E+01    1.299997E+01    1.299997E+01    1.299997E+01    1.299997E+01    1.299997E+01    1.299997E+01    1.299997E+01    1.299997E+01    1.299997E+01    1.299997E+01    1.299997E+01    1.299997E+01    1.299997E+01    1.299997E+01    1.299996E+01    1.299996E+01    1.299996E+01    1.299996E+01    1.299996E+01    1.299996E+01    1.299995E+01    1.299994E+01    1.299992E+01    1.299987E+01    1.000000E+30
   1.000000E+30    1.000000E+30    1.000000E+30    1.000000E+30    1.000000E+30    1.000000E+30    1.000000E+30    1.000000E+30    1.000000E+30    1.000000E+30    1.000000E+30    1.000000E+30    1.000000E+30    1.000000E+30    1.000000E+30    1.000000E+30    1.000000E+30    1.000000E+30    1.000000E+30    1.000000E+30    1.000000E+30    1.000000E+30    1.000000E+30    1.000000E+30    1.000000E+30    1.000000E+30    1.000000E+30    1.000000E+30    1.000000E+30    1.000000E+30    1.000000E+30    1.000000E+30    1.000000E+30    1.000000E+30    1.000000E+30    1.000000E+30    1.000000E+30    1.000000E+30    1.000000E+30    1.300008E+01    1.300007E+01    1.300004E+01    1.300002E+01    1.300001E+01    1.300000E+01    1.300000E+01    1.300000E+01    1.300000E+01    1.299999E+01    1.299999E+01    1.299999E+01    1.299999E+01    1.299999E+01    1.299999E+01    1.299999E+01    1.299999E+01    1.299999E+01    1.299999E+01    1.299999E+01    1.299999E+01    1.299999E+01    1.299999E+01    1.299999E+01    1.299999E+01    1.299999E+01    1.299999E+01    1.299999E+01    1.299999E+01    1.299999E+01    1.299999E+01    1.299999E+01    1.299999E+01    1.299999E+01    1.299999E+01    1.299999E+01    1.299999E+01    1.299999E+01    1.299999E+01    1.299999E+01    1.299999E+01    1.299999E+01    1.299999E+01    1.299999E+01    1.299999E+01    1.299999E+01    1.299999E+01    1.299998E+01    1.299998E+01    1.299998E+01    1.299998E+01    1.299998E+01    1.299998E+01    1.299998E+01    1.299998E+01    1.299998E+01    1.299998E+01    1.299998E+01    1.299998E+01    1.299998E+01    1.299998E+01    1.299998E+01    1.299998E+01    1.299998E+01    1.299998E+01    1.299998E+01    1.299998E+01    1.299998E+01    1.299998E+01    1.299998E+01    1.299998E+01    1.299998E+01    1.299998E+01    1.299998E+01    1.299998E+01    1.299998E+01    1.299998E+01    1.299998E+01    1.299998E+01    1.299998E+01    1.299998E+01    1.299997E+01    1.299997E+01    1.299997E+01    1.299997E+01    1.299997E+01    1.299997E+01    1.299997E+01    1.299997E+01    1.299997E+01    1.299997E+01    1.299997E+01    1.299997E+01    1.299997E+01    1.299997E+01    1.299997E+01    1.299997E+01    1.299997E+01    1.299997E+01    1.299997E+01    1.299997E+01    1.299996E+01    1.299996E+01    1.299996E+01    1.299996E+01    1.299996E+01    1.299996E+01    1.299995E+01    1.299994E+01    1.299992E+01    1.299987E+01    1.000000E+30
   1.000000E+30    1.000000E+30    1.000000E+30    1.000000E+30    1.000000E+30    1.000000E+30    1.000000E+30    1.000000E+30    1.000000E+30    1.000000E+30    1.000000E+30    1.000000E+30    1.000000E+30    1.000000E+30    1.000000E+30    1.000000E+30    1.000000E+30    1.000000E+30    1.000000E+30    1.000000E+30    1.000000E+30    1.000000E+30    1.000000E+30    1.000000E+30    1.000000E+30    1.000000E+30    1.000000E+30    1.000000E+30    1.000000E+30    1.000000E+30    1.000000E+30    1.000000E+30    1.000000E+30    1.000000E+30    1.000000E+30    1.000000E+30    1.000000E+30    1.000000E+30    1.300007E+01    1.300004E+01    1.300003E+01    1.300001E+01    1.300001E+01    1.300000E+01    1.300000E+01    1.300000E+01    1.300000E+01    1.299999E+01    1.299999E+01    1.299999E+01    1.299999E+01    1.299999E+01    1.299999E+01    1.299999E+01    1.299999E+01    1.299999E+01    1.299999E+01    1.299999E+01    1.299999E+01    1.299999E+01    1.299999E+01    1.299999E+01    1.299999E+01    1.299999E+01    1.299999E+01    1.299999E+01    1.299999E+01    1.299999E+01    1.299999E+01    1.299999E+01    1.299999E+01    1.299999E+01    1.299999E+01    1.299999E+01    1.299999E+01    1.299999E+01    1.299999E+01    1.299999E+01    1.299999E+01    1.299999E+01    1.299999E+01    1.299999E+01    1.299999E+01    1.299999E+01    1.299999E+01    1.299999E+01    1.299998E+01    1.299998E+01    1.299998E+01    1.299998E+01    1.299998E+01    1.299998E+01    1.299998E+01    1.299998E+01    1.299998E+01    1.299998E+01    1.299998E+01    1.299998E+01    1.299998E+01    1.299998E+01    1.299998E+01    1.299998E+01    1.299998E+01    1.299998E+01    1.299998E+01    1.299998E+01    1.299998E+01    1.299998E+01    1.299998E+01    1.299998E+01    1.299998E+01    1.299998E+01    1.299998E+01    1.299998E+01    1.299998E+01    1.299998E+01    1.299998E+01    1.299998E+01    1.299998E+01    1.299998E+01    1.299998E+01    1.299998E+01    1.299997E+01    1.299997E+01    1.299997E+01    1.299997E+01    1.299997E+01    1.299997E+01    1.299997E+01    1.299997E+01    1.299997E+01    1.299997E+01    1.299997E+01    1.299997E+01    1.299997E+01    1.299997E+01    1.299997E+01    1.299997E+01    1.299997E+01    1.299997E+01    1.299997E+01    1.299996E+01    1.299996E+01    1.299996E+01    1.299996E+01    1.299996E+01    1.299995E+01    1.299994E+01    1.299992E+01    1.299987E+01    1.000000E+30
   1.000000E+30    1.000000E+30    1.000000E+30    1.000000E+30    1.000000E+30    1.000000E+30    1.000000E+30    1.000000E+30    1.000000E+30    1.000000E+30    1.000000E+30    1.000000E+30    1.000000E+30    1.000000E+30    1.000000E+30    1.000000E+30    1.000000E+30    1.000000E+30    1.000000E+30    1.000000E+30    1.000000E+30    1.000000E+30    1.000000E+30    1.000000E+30    1.000000E+30    1.000000E+30    1.000000E+30    1.000000E+30    1.000000E+30    1.000000E+30    1.000000E+30    1.000000E+30    1.000000E+30    1.000000E+30    1.000000E+30    1.000000E+30    1.300008E+01    1.300007E+01    1.300004E+01    1.300002E+01    1.300001E+01    1.300000E+01    1.300000E+01    1.300000E+01    1.300000E+01    1.299999E+01    1.299999E+01    1.299999E+01    1.299999E+01    1.299999E+01    1.299999E+01    1.299999E+01    1.299999E+01    1.299999E+01    1.299999E+01    1.299999E+01    1.299999E+01    1.299999E+01    1.299999E+01    1.299999E+01    1.299999E+01    1.299999E+01    1.299999E+01    1.299999E+01    1.299999E+01    1.299999E+01    1.299999E+01    1.299999E+01    1.299999E+01    1.299999E+01    1.299999E+01    1.299999E+01    1.299999E+01    1.299999E+01    1.299999E+01    1.299999E+01    1.299999E+01    1.299999E+01    1.299999E+01    1.299999E+01    1.299999E+01    1.299999E+01    1.299999E+01    1.299999E+01    1.299999E+01    1.299999E+01    1.299999E+01    1.299998E+01    1.299998E+01    1.299998E+01    1.299998E+01    1.299998E+01    1.299998E+01    1.299998E+01    1.299998E+01    1.299998E+01    1.299998E+01    1.299998E+01    1.299998E+01    1.299998E+01    1.299998E+01    1.299998E+01    1.299998E+01    1.299998E+01    1.299998E+01    1.299998E+01    1.299998E+01    1.299998E+01    1.299998E+01    1.299998E+01    1.299998E+01    1.299998E+01    1.299998E+01    1.299998E+01    1.299998E+01    1.299998E+01    1.299998E+01    1.299998E+01    1.299998E+01    1.299998E+01    1.299998E+01    1.299998E+01    1.299998E+01    1.299997E+01    1.299997E+01    1.299997E+01    1.299997E+01    1.299997E+01    1.299997E+01    1.299997E+01    1.299997E+01    1.299997E+01    1.299997E+01    1.299997E+01    1.299997E+01    1.299997E+01    1.299997E+01    1.299997E+01    1.299997E+01    1.299997E+01    1.299997E+01    1.299997E+01    1.299997E+01    1.299996E+01    1.299996E+01    1.299996E+01    1.299996E+01    1.299995E+01    1.299992E+01    1.299987E+01    1.000000E+30
   1.000000E+30    1.000000E+30    1.000000E+30    1.000000E+30    1.000000E+30    1.000000E+30    1.000000E+30    1.000000E+30    1.000000E+30    1.000000E+30    1.000000E+30    1.000000E+30    1.000000E+30    1.000000E+30    1.000000E+30    1.000000E+30    1.000000E+30    1.000000E+30    1.000000E+30    1.000000E+30    1.000000E+30    1.000000E+30    1.000000E+30    1.000000E+30    1.000000E+30    1.000000E+30    1.000000E+30    1.000000E+30    1.000000E+30    1.000000E+30    1.000000E+30    1.000000E+30    1.000000E+30    1.000000E+30    1.000000E+30    1.300007E+01    1.300004E+01    1.300003E+01    1.300001E+01    1.300001E+01    1.300000E+01    1.300000E+01    1.300000E+01    1.299999E+01    1.299999E+01    1.299999E+01    1.299999E+01    1.299999E+01    1.299999E+01    1.299999E+01    1.299999E+01    1.299999E+01    1.299999E+01    1.299999E+01    1.299999E+01    1.299999E+01    1.299999E+01    1.299999E+01    1.299999E+01    1.299999E+01    1.299999E+01    1.299999E+01    1.299999E+01    1.299999E+01    1.299999E+01    1.299999E+01    1.299999E+01    1.299999E+01    1.299999E+01    1.299999E+01    1.299999E+01    1.299999E+01    1.299999E+01    1.299999E+01    1.299999E+01    1.299999E+01    1.299999E+01    1.299999E+01    1.299999E+01    1.299999E+01    1.299999E+01    1.299999E+01    1.299999E+01    1.299999E+01    1.299999E+01    1.299999E+01    1.299999E+01    1.299998E+01    1.299998E+01    1.299998E+01    1.299998E+01    1.299998E+01    1.299998E+01    1.299998E+01    1.299998E+01    1.299998E+01    1.299998E+01    1.299998E+01    1.299998E+01    1.299998E+01    1.299998E+01    1.299998E+01    1.299998E+01    1.299998E+01    1.299998E+01    1.299998E+01    1.299998E+01    1.299998E+01    1.299998E+01    1.299998E+01    1.299998E+01    1.299998E+01    1.299998E+01    1.299998E+01    1.299998E+01    1.299998E+01    1.299998E+01    1.299998E+01    1.299998E+01    1.299998E+01    1.299998E+01    1.299998E+01    1.299998E+01    1.299998E+01    1.299997E+01    1.299997E+01    1.299997E+01    1.299997E+01    1.299997E+01    1.299997E+01    1.299997E+01    1.299997E+01    1.299997E+01    1.299997E+01    1.299997E+01    1.299997E+01    1.299997E+01    1.299997E+01    1.299997E+01    1.299997E+01    1.299997E+01    1.299997E+01    1.299997E+01    1.299997E+01    1.299996E+01    1.299996E+01    1.299996E+01    1.299995E+01    1.299992E+01    1.299987E+01    1.000000E+30
   1.000000E+30    1.000000E+30    1.000000E+30    1.000000E+30    1.000000E+30    1.000000E+30    1.000000E+30    1.000000E+30    1.000000E+30    1.000000E+30    1.000000E+30    1.000000E+30    1.000000E+30    1.000000E+30    1.000000E+30    1.000000E+30    1.000000E+30    1.000000E+30    1.000000E+30    1.000000E+30    1.000000E+30    1.000000E+30    1.000000E+30    1.000000E+30    1.000000E+30    1.000000E+30    1.000000E+30    1.000000E+30    1.000000E+30    1.000000E+30    1.000000E+30    1.000000E+30    1.000000E+30    1.300008E+01    1.300007E+01    1.300004E+01    1.300002E+01    1.300001E+01    1.300000E+01    1.300000E+01    1.300000E+01    1.300000E+01    1.299999E+01    1.299999E+01    1.299999E+01    1.299999E+01    1.299999E+01    1.299999E+01    1.299999E+01    1.299999E+01    1.299999E+01    1.299999E+01    1.299999E+01    1.299999E+01    1.299999E+01    1.299999E+01    1.299999E+01    1.299999E+01    1.299999E+01    1.299999E+01    1.299999E+01    1.299999E+01    1.299999E+01    1.299999E+01    1.299999E+01    1.299999E+01    1.299999E+01    1.299999E+01    1.299999E+01    1.299999E+01    1.299999E+01    1.299999E+01    1.299999E+01    1.299999E+01    1.299999E+01    1.299999E+01    1.299999E+01    1.299999E+01    1.299999E+01    1.299999E+01    1.299999E+01    1.299999E+01    1.299999E+01    1.299999E+01    1.299999E+01    1.299999E+01    1.299999E+01    1.299999E+01    1.299998E+01    1.299998E+01    1.299998E+01    1.299998E+01    1.299998E+01    1.299998E+01    1.299998E+01    1.299998E+01    1.299998E+01    1.299998E+01    1.299998E+01    1.299998E+01    1.299998E+01    1.299998E+01    1.299998E+01    1.299998E+01    1.299998E+01    1.299998E+01    1.299998E+01    1.299998E+01    1.299998E+01    1.299998E+01    1.299998E+01    1.299998E+01    1.299998E+01    1.299998E+01    1.299998E+01    1.299998E+01    1.299998E+01    1.299998E+01    1.299998E+01    1.299998E+01    1.299998E+01    1.299998E+01    1.299998E+01    1.299998E+01    1.299998E+01    1.299997E+01    1.299997E+01    1.299997E+01    1.299997E+01    1.299997E+01    1.299997E+01    1.299997E+01    1.299997E+01    1.299997E+01    1.299997E+01    1.299997E+01    1.299997E+01    1.299997E+01    1.299997E+01    1.299997E+01    1.299997E+01    1.299997E+01    1.299997E+01    1.299996E+01    1.299996E+01    1.299996E+01    1.299996E+01    1.299995E+01    1.299992E+01    1.299987E+01    1.000000E+30
   1.000000E+30    1.000000E+30    1.000000E+30    1.000000E+30    1.000000E+30    1.000000E+30    1.000000E+30    1.000000E+30    1.000000E+30    1.000000E+30    1.000000E+30    1.000000E+30    1.000000E+30    1.000000E+30    1.000000E+30    1.000000E+30    1.000000E+30    1.000000E+30    1.000000E+30    1.000000E+30    1.000000E+30    1.000000E+30    1.000000E+30    1.000000E+30    1.000000E+30    1.000000E+30    1.000000E+30    1.000000E+30    1.000000E+30    1.000000E+30    1.000000E+30    1.300008E+01    1.300007E+01    1.300004E+01    1.300003E+01    1.300001E+01    1.300001E+01    1.300000E+01    1.300000E+01    1.300000E+01    1.299999E+01    1.299999E+01    1.299999E+01    1.299999E+01    1.299999E+01    1.299999E+01    1.299999E+01    1.299999E+01    1.299999E+01    1.299999E+01    1.299999E+01    1.299999E+01    1.299999E+01    1.299999E+01    1.299999E+01    1.299999E+01    1.299999E+01    1.299999E+01    1.299999E+01    1.299999E+01    1.299999E+01    1.299999E+01    1.299999E+01    1.299999E+01    1.299999E+01    1.299999E+01    1.299999E+01    1.299999E+01    1.299999E+01    1.299999E+01    1.299999E+01    1.299999E+01    1.299999E+01    1.299999E+01    1.299999E+01    1.299999E+01    1.299999E+01    1.299999E+01    1.299999E+01    1.299999E+01    1.299999E+01    1.299999E+01    1.299999E+01    1.299999E+01    1.299999E+01    1.299999E+01    1.299999E+01    1.299999E+01    1.299999E+01    1.299998E+01    1.299998E+01    1.299998E+01    1.299998E+01    1.299998E+01    1.299998E+01    1.299998E+01    1.299998E+01    1.299998E+01    1.299998E+01    1.299998E+01    1.299998E+01    1.299998E+01    1.299998E+01    1.299998E+01    1.299998E+01    1.299998E+01    1.299998E+01    1.299998E+01    1.299998E+01    1.299998E+01    1.299998E+01    1.299998E+01    1.299998E+01    1.299998E+01    1.299998E+01    1.299998E+01    1.299998E+01    1.299998E+01    1.299998E+01    1.299998E+01    1.299998E+01    1.299998E+01    1.299998E+01    1.299998E+01    1.299997E+01    1.299997E+01    1.299997E+01    1.299997E+01    1.299997E+01    1.299997E+01    1.299997E+01    1.299997E+01    1.299997E+01    1.299997E+01    1.299997E+01    1.299997E+01    1.299997E+01    1.299997E+01    1.299997E+01    1.299997E+01    1.299997E+01    1.299997E+01    1.299997E+01    1.299996E+01    1.299996E+01    1.299996E+01    1.299996E+01    1.299995E+01    1.299992E+01    1.299987E+01    1.000000E+30
   1.000000E+30    1.000000E+30    1.000000E+30    1.000000E+30    1.000000E+30    1.000000E+30    1.000000E+30    1.000000E+30    1.000000E+30    1.000000E+30    1.000000E+30    1.000000E+30    1.000000E+30    1.000000E+30    1.000000E+30    1.000000E+30    1.000000E+30    1.000000E+30    1.000000E+30    1.000000E+30    1.000000E+30    1.000000E+30    1.000000E+30    1.000000E+30    1.000000E+30    1.000000E+30    1.000000E+30    1.000000E+30    1.000000E+30    1.000000E+30    1.300007E+01    1.300004E+01    1.300003E+01    1.300002E+01    1.300001E+01    1.300000E+01    1.300000E+01    1.300000E+01    1.300000E+01    1.299999E+01    1.299999E+01    1.299999E+01    1.299999E+01    1.299999E+01    1.299999E+01    1.299999E+01    1.299999E+01    1.299999E+01    1.299999E+01    1.299999E+01    1.299999E+01    1.299999E+01    1.299999E+01    1.299999E+01    1.299999E+01    1.299999E+01    1.299999E+01    1.299999E+01    1.299999E+01    1.299999E+01    1.299999E+01    1.299999E+01    1.299999E+01    1.299999E+01    1.299999E+01    1.299999E+01    1.299999E+01    1.299999E+01    1.299999E+01    1.299999E+01    1.299999E+01    1.299999E+01    1.299999E+01    1.299999E+01    1.299999E+01    1.299999E+01    1.299999E+01    1.299999E+01    1.299999E+01    1.299999E+01    1.299999E+01    1.299999E+01    1.299999E+01    1.299999E+01    1.299999E+01    1.299999E+01    1.299999E+01    1.299999E+01    1.299999E+01    1.299998E+01    1.299998E+01    1.299998E+01    1.299998E+01    1.299998E+01    1.299998E+01    1.299998E+01    1.299998E+01    1.299998E+01    1.299998E+01    1.299998E+01    1.299998E+01    1.299998E+01    1.299998E+01    1.299998E+01    1.299998E+01    1.299998E+01    1.299998E+01    1.299998E+01    1.299998E+01    1.299998E+01    1.299998E+01    1.299998E+01    1.299998E+01    1.299998E+01    1.299998E+01    1.299998E+01    1.299998E+01    1.299998E+01    1.299998E+01    1.299998E+01    1.299998E+01    1.299998E+01    1.299998E+01    1.299998E+01    1.299998E+01    1.299997E+01    1.299997E+01    1.299997E+01    1.299997E+01    1.299997E+01    1.299997E+01    1.299997E+01    1.299997E+01    1.299997E+01    1.299997E+01    1.299997E+01    1.299997E+01    1.299997E+01    1.299997E+01    1.299997E+01    1.299997E+01    1.299997E+01    1.299997E+01    1.299997E+01    1.299996E+01    1.299996E+01    1.299996E+01    1.299995E+01    1.299993E+01    1.299988E+01    1.000000E+30
   1.000000E+30    1.000000E+30    1.000000E+30    1.000000E+30    1.000000E+30    1.000000E+30    1.000000E+30    1.000000E+30    1.000000E+30    1.000000E+30    1.000000E+30    1.000000E+30    1.000000E+30    1.000000E+30    1.000000E+30    1.000000E+30    1.000000E+30    1.000000E+30    1.000000E+30    1.000000E+30    1.000000E+30    1.000000E+30    1.000000E+30    1.000000E+30    1.000000E+30    1.000000E+30    1.000000E+30    1.000000E+30    1.300008E+01    1.300007E+01    1.300004E+01    1.300002E+01    1.300001E+01    1.300000E+01    1.300000E+01    1.300000E+01    1.300000E+01    1.299999E+01    1.299999E+01    1.299999E+01    1.299999E+01    1.299999E+01    1.299999E+01    1.299999E+01    1.299999E+01    1.299999E+01    1.299999E+01    1.299999E+01    1.299999E+01    1.299999E+01    1.299999E+01    1.299999E+01    1.299999E+01    1.299999E+01    1.299999E+01    1.299999E+01    1.299999E+01    1.299999E+01    1.299999E+01    1.299999E+01    1.299999E+01    1.299999E+01    1.299999E+01    1.299999E+01    1.299999E+01    1.299999E+01    1.299999E+01    1.299999E+01    1.299999E+01    1.299999E+01    1.299999E+01    1.299999E+01    1.299999E+01    1.299999E+01    1.299999E+01    1.299999E+01    1.299999E+01    1.299999E+01    1.299999E+01    1.299999E+01    1.299999E+01    1.299999E+01    1.299999E+01    1.299999E+01    1.299999E+01    1.299999E+01    1.299999E+01    1.299999E+01    1.299998E+01    1.299998E+01    1.299998E+01    1.299998E+01    1.299998E+01    1.299998E+01    1.299998E+01    1.299998E+01    1.299998E+01    1.299998E+01    1.299998E+01    1.299998E+01    1.299998E+01    1.299998E+01    1.299998E+01    1.299998E+01    1.299998E+01    1.299998E+01    1.299998E+01    1.299998E+01    1.299998E+01    1.299998E+01    1.299998E+01    1.299998E+01    1.299998E+01    1.299998E+01    1.299998E+01    1.299998E+01    1.299998E+01    1.299998E+01    1.299998E+01    1.299998E+01    1.299998E+01    1.299998E+01    1.299998E+01    1.299998E+01    1.299998E+01    1.299998E+01    1.299998E+01    1.299998E+01    1.299998E+01    1.299998E+01    1.299998E+01    1.299998E+01    1.299997E+01    1.299997E+01    1.299997E+01    1.299997E+01    1.299997E+01    1.299997E+01    1.299997E+01    1.299997E+01    1.299997E+01    1.299997E+01    1.299997E+01    1.299997E+01    1.299997E+01    1.299997E+01    1.299996E+01    1.299995E+01    1.299993E+01    1.299988E+01    1.000000E+30
   1.000000E+30    1.000000E+30    1.000000E+30    1.000000E+30    1.000000E+30    1.000000E+30    1.000000E+30    1.000000E+30    1.000000E+30    1.000000E+30    1.000000E+30    1.000000E+30    1.000000E+30    1.000000E+30    1.000000E+30    1.000000E+30    1.000000E+30    1.000000E+30    1.000000E+30    1.000000E+30    1.000000E+30    1.000000E+30    1.000000E+30    1.000000E+30    1.000000E+30    1.000000E+30    1.000000E+30    1.300007E+01    1.300004E+01    1.300003E+01    1.300001E+01    1.300001E+01    1.300000E+01    1.300000E+01    1.300000E+01    1.299999E+01    1.299999E+01    1.299999E+01    1.299999E+01    1.299999E+01    1.299999E+01    1.299999E+01    1.299999E+01    1.299999E+01    1.299999E+01    1.299999E+01    1.299999E+01    1.299999E+01    1.299999E+01    1.299999E+01    1.299999E+01    1.299999E+01    1.299999E+01    1.299999E+01    1.299999E+01    1.299999E+01    1.299999E+01    1.299999E+01    1.299999E+01    1.299999E+01    1.299999E+01    1.299999E+01    1.299999E+01    1.299999E+01    1.299999E+01    1.299999E+01    1.299999E+01    1.299999E+01    1.299999E+01    1.299999E+01    1.299999E+01    1.299999E+01    1.299999E+01    1.299999E+01    1.299999E+01    1.299999E+01    1.299999E+01    1.299999E+01    1.299999E+01    1.299999E+01    1.299999E+01    1.299999E+01    1.299999E+01    1.299999E+01    1.299999E+01    1.299999E+01    1.299999E+01    1.299998E+01    1.299998E+01    1.299998E+01    1.299998E+01    1.299998E+01    1.299998E+01    1.299998E+01    1.299998E+01    1.299998E+01    1.299998E+01    1.299998E+01    1.299998E+01    1.299998E+01    1.299998E+01    1.299998E+01    1.299998E+01    1.299998E+01    1.299998E+01    1.299998E+01    1.299998E+01    1.299998E+01    1.299998E+01    1.299998E+01    1.299998E+01    1.299998E+01    1.299998E+01    1.299998E+01    1.299998E+01    1.299998E+01    1.299998E+01    1.299998E+01    1.299998E+01    1.299998E+01    1.299998E+01    1.299998E+01    1.299998E+01    1.299998E+01    1.299998E+01    1.299998E+01    1.299998E+01    1.299998E+01    1.299998E+01    1.299998E+01    1.299998E+01    1.299998E+01    1.299997E+01    1.299997E+01    1.299997E+01    1.299997E+01    1.299997E+01    1.299997E+01    1.299997E+01    1.299997E+01    1.299997E+01    1.299997E+01    1.299997E+01    1.299997E+01    1.299997E+01    1.299997E+01    1.299996E+01    1.299995E+01    1.299993E+01    1.299988E+01    1.000000E+30
   1.000000E+30    1.000000E+30    1.000000E+30    1.000000E+30    1.000000E+30    1.000000E+30    1.000000E+30    1.000000E+30    1.000000E+30    1.000000E+30    1.000000E+30    1.000000E+30    1.000000E+30    1.000000E+30    1.000000E+30    1.000000E+30    1.000000E+30    1.000000E+30    1.000000E+30    1.000000E+30    1.000000E+30    1.000000E+30    1.000000E+30    1.000000E+30    1.000000E+30    1.300008E+01    1.300007E+01    1.300004E+01    1.300002E+01    1.300001E+01    1.300000E+01    1.300000E+01    1.300000E+01    1.300000E+01    1.299999E+01    1.299999E+01    1.299999E+01    1.299999E+01    1.299999E+01    1.299999E+01    1.299999E+01    1.299999E+01    1.299999E+01    1.299999E+01    1.299999E+01    1.299999E+01    1.299999E+01    1.299999E+01    1.299999E+01    1.299999E+01    1.299999E+01    1.299999E+01    1.299999E+01    1.299999E+01    1.299999E+01    1.299999E+01    1.299999E+01    1.299999E+01    1.299999E+01    1.299999E+01    1.299999E+01    1.299999E+01    1.299999E+01    1.299999E+01    1.299999E+01    1.299999E+01    1.299999E+01    1.299999E+01    1.299999E+01    1.299999E+01    1.299999E+01    1.299999E+01    1.299999E+01    1.299999E+01    1.299999E+01    1.299999E+01    1.299999E+01    1.299999E+01    1.299999E+01    1.299999E+01    1.299999E+01    1.299999E+01    1.299999E+01    1.299999E+01    1.299999E+01    1.299999E+01    1.299998E+01    1.299998E+01    1.299998E+01    1.299998E+01    1.299998E+01    1.299998E+01    1.299998E+01    1.299998E+01    1.299998E+01    1.299998E+01    1.299998E+01    1.299998E+01    1.299998E+01    1.299998E+01    1.299999E+01    1.299999E+01    1.299999E+01    1.299998E+01    1.299998E+01    1.299998E+01    1.299998E+01    1.299998E+01    1.299998E+01    1.299998E+01    1.299998E+01    1.299998E+01    1.299998E+01    1.299998E+01    1.299998E+01    1.299998E+01    1.299998E+01    1.299998E+01    1.299998E+01    1.299998E+01    1.299998E+01    1.299998E+01    1.299998E+01    1.299998E+01    1.299998E+01    1.299998E+01    1.299998E+01    1.299998E+01    1.299998E+01    1.299998E+01    1.299998E+01    1.299997E+01    1.299997E+01    1.299997E+01    1.299997E+01    1.299997E+01    1.299997E+01    1.299997E+01    1.299997E+01    1.299997E+01    1.299997E+01    1.299997E+01    1.299997E+01    1.299997E+01    1.299997E+01    1.299997E+01    1.299996E+01    1.299995E+01    1.299993E+01    1.299988E+01    1.000000E+30
   1.000000E+30    1.000000E+30    1.000000E+30    1.000000E+30    1.000000E+30    1.000000E+30    1.000000E+30    1.000000E+30    1.000000E+30    1.000000E+30    1.000000E+30    1.000000E+30    1.000000E+30    1.000000E+30    1.000000E+30    1.000000E+30    1.000000E+30    1.000000E+30    1.000000E+30    1.000000E+30    1.000000E+30    1.000000E+30    1.000000E+30    1.000000E+30    1.300007E+01    1.300004E+01    1.300003E+01    1.300002E+01    1.300001E+01    1.300000E+01    1.300000E+01    1.300000E+01    1.300000E+01    1.299999E+01    1.299999E+01    1.299999E+01    1.299999E+01    1.299999E+01    1.299999E+01    1.299999E+01    1.299999E+01    1.299999E+01    1.299999E+01    1.299999E+01    1.299999E+01    1.299999E+01    1.299999E+01    1.299999E+01    1.299999E+01    1.299999E+01    1.299999E+01    1.299999E+01    1.299999E+01    1.299999E+01    1.299999E+01    1.299999E+01    1.299999E+01    1.299999E+01    1.299999E+01    1.299999E+01    1.299999E+01    1.299999E+01    1.299999E+01    1.299999E+01    1.299999E+01    1.299999E+01    1.299999E+01    1.299999E+01    1.299999E+01    1.299999E+01    1.299999E+01    1.299999E+01    1.299999E+01    1.299999E+01    1.299999E+01    1.299999E+01    1.299999E+01    1.299999E+01    1.299999E+01    1.299999E+01    1.299999E+01    1.299999E+01    1.299999E+01    1.299999E+01    1.299999E+01    1.299999E+01    1.299998E+01    1.299998E+01    1.299998E+01    1.299998E+01    1.299998E+01    1.299998E+01    1.299998E+01    1.299998E+01    1.299998E+01    1.299998E+01    1.299998E+01    1.299998E+01    1.299998E+01    1.299999E+01    1.299999E+01    1.299999E+01    1.299999E+01    1.299999E+01    1.299998E+01    1.299998E+01    1.299998E+01    1.299998E+01    1.299998E+01    1.299998E+01    1.299998E+01    1.299998E+01    1.299998E+01    1.299998E+01    1.299998E+01    1.299998E+01    1.299998E+01    1.299998E+01    1.299998E+01    1.299998E+01    1.299998E+01    1.299998E+01    1.299998E+01    1.299998E+01    1.299998E+01    1.299998E+01    1.299998E+01    1.299998E+01    1.299998E+01    1.299998E+01    1.299998E+01    1.299998E+01    1.299998E+01    1.299998E+01    1.299998E+01    1.299998E+01    1.299998E+01    1.299997E+01    1.299997E+01    1.299997E+01    1.299997E+01    1.299997E+01    1.299997E+01    1.299997E+01    1.299997E+01    1.299997E+01    1.299996E+01    1.299995E+01    1.299993E+01    1.299988E+01    1.000000E+30
   1.000000E+30    1.000000E+30    1.000000E+30    1.000000E+30    1.000000E+30    1.000000E+30    1.000000E+30    1.000000E+30    1.000000E+30    1.000000E+30    1.000000E+30    1.000000E+30    1.000000E+30    1.000000E+30    1.000000E+30    1.000000E+30    1.000000E+30    1.000000E+30    1.000000E+30    1.000000E+30    1.000000E+30    1.000000E+30    1.300008E+01    1.300007E+01    1.300004E+01    1.300002E+01    1.300001E+01    1.300001E+01    1.300000E+01    1.300000E+01    1.300000E+01    1.300000E+01    1.300000E+01    1.299999E+01    1.299999E+01    1.299999E+01    1.299999E+01    1.299999E+01    1.299999E+01    1.299999E+01    1.299999E+01    1.299999E+01    1.299999E+01    1.299999E+01    1.299999E+01    1.299999E+01    1.299999E+01    1.299999E+01    1.299999E+01    1.299999E+01    1.299999E+01    1.299999E+01    1.299999E+01    1.299999E+01    1.299999E+01    1.299999E+01    1.299999E+01    1.299999E+01    1.299999E+01    1.299999E+01    1.299999E+01    1.299999E+01    1.299999E+01    1.299999E+01    1.299999E+01    1.299999E+01    1.299999E+01    1.299999E+01    1.299999E+01    1.299999E+01    1.299999E+01    1.299999E+01    1.299999E+01    1.299999E+01    1.299999E+01    1.299999E+01    1.299999E+01    1.299999E+01    1.299999E+01    1.299999E+01    1.299999E+01    1.299999E+01    1.299999E+01    1.299999E+01    1.299999E+01    1.299998E+01    1.299998E+01    1.299998E+01    1.299998E+01    1.299998E+01    1.299998E+01    1.299998E+01    1.299998E+01    1.299998E+01    1.299998E+01    1.299998E+01    1.299998E+01    1.299998E+01    1.299998E+01    1.299999E+01    1.299999E+01    1.299999E+01    1.299999E+01    1.299999E+01    1.299999E+01    1.299998E+01    1.299998E+01    1.299998E+01    1.299998E+01    1.299998E+01    1.299998E+01    1.299998E+01    1.299998E+01    1.299998E+01    1.299998E+01    1.299998E+01    1.299998E+01    1.299998E+01    1.299998E+01    1.299998E+01    1.299998E+01    1.299998E+01    1.299998E+01    1.299998E+01    1.299998E+01    1.299998E+01    1.299998E+01    1.299998E+01    1.299998E+01    1.299998E+01    1.299998E+01    1.299998E+01    1.299998E+01    1.299998E+01    1.299998E+01    1.299998E+01    1.299998E+01    1.299998E+01    1.299997E+01    1.299997E+01    1.299997E+01    1.299997E+01    1.299997E+01    1.299997E+01    1.299997E+01    1.299997E+01    1.299996E+01    1.299995E+01    1.299993E+01    1.299988E+01    1.000000E+30
   1.000000E+30    1.000000E+30    1.000000E+30    1.000000E+30    1.000000E+30    1.000000E+30    1.000000E+30    1.000000E+30    1.000000E+30    1.000000E+30    1.000000E+30    1.000000E+30    1.000000E+30    1.000000E+30    1.000000E+30    1.000000E+30    1.000000E+30    1.000000E+30    1.000000E+30    1.000000E+30    1.000000E+30    1.300007E+01    1.300005E+01    1.300003E+01    1.300002E+01    1.300001E+01    1.300000E+01    1.300000E+01    1.300000E+01    1.300000E+01    1.300000E+01    1.300000E+01    1.299999E+01    1.299999E+01    1.299999E+01    1.299999E+01    1.299999E+01    1.299999E+01    1.299999E+01    1.299999E+01    1.299999E+01    1.299999E+01    1.299999E+01    1.299999E+01    1.299999E+01    1.299999E+01    1.299999E+01    1.299999E+01    1.299999E+01    1.299999E+01    1.299999E+01    1.299999E+01    1.299999E+01    1.299999E+01    1.299999E+01    1.299999E+01    1.299999E+01    1.299999E+01    1.299999E+01    1.299999E+01    1.299999E+01    1.299999E+01    1.299999E+01    1.299999E+01    1.299999E+01    1.299999E+01    1.299999E+01    1.299999E+01    1.299999E+01    1.299999E+01    1.299999E+01    1.299999E+01    1.299999E+01    1.299999E+01    1.299999E+01    1.299999E+01    1.299999E+01    1.299999E+01    1.299999E+01    1.299999E+01    1.299999E+01    1.299999E+01    1.299999E+01    1.299999E+01    1.299999E+01    1.299998E+01    1.299998E+01    1.299998E+01    1.299998E+01    1.299998E+01    1.299998E+01    1.299998E+01    1.299998E+01    1.299998E+01    1.299998E+01    1.299998E+01    1.299998E+01    1.299998E+01    1.299998E+01    1.299998E+01    1.299999E+01    1.299999E+01    1.299999E+01    1.299999E+01    1.299999E+01    1.299998E+01    1.299998E+01    1.299998E+01    1.299998E+01    1.299998E+01    1.299998E+01    1.299998E+01    1.299998E+01    1.299998E+01    1.299998E+01    1.299998E+01    1.299998E+01    1.299998E+01    1.299998E+01    1.299998E+01    1.299998E+01    1.299998E+01    1.299998E+01    1.299998E+01    1.299998E+01    1.299998E+01    1.299998E+01    1.299998E+01    1.299998E+01    1.299998E+01    1.299998E+01    1.299998E+01    1.299998E+01    1.299998E+01    1.299998E+01    1.299998E+01    1.299998E+01    1.299998E+01    1.299998E+01    1.299997E+01    1.299997E+01    1.299997E+01    1.299997E+01    1.299997E+01    1.299997E+01    1.299997E+01    1.299996E+01    1.299995E+01    1.299993E+01    1.299988E+01    1.000000E+30
   1.000000E+30    1.000000E+30    1.000000E+30    1.000000E+30    1.000000E+30    1.000000E+30    1.000000E+30    1.000000E+30    1.000000E+30    1.000000E+30    1.000000E+30    1.000000E+30    1.000000E+30    1.000000E+30    1.000000E+30    1.000000E+30    1.000000E+30    1.000000E+30    1.000000E+30    1.000000E+30    1.300007E+01    1.300004E+01    1.300002E+01    1.300001E+01    1.300001E+01    1.300000E+01    1.300000E+01    1.300000E+01    1.300000E+01    1.300000E+01    1.300000E+01    1.299999E+01    1.299999E+01    1.299999E+01    1.299999E+01    1.299999E+01    1.299999E+01    1.299999E+01    1.299999E+01    1.299999E+01    1.299999E+01    1.299999E+01    1.299999E+01    1.299999E+01    1.299999E+01    1.299999E+01    1.299999E+01    1.299999E+01    1.299999E+01    1.299999E+01    1.299999E+01    1.299999E+01    1.299999E+01    1.299999E+01    1.299999E+01    1.299999E+01    1.299999E+01    1.299999E+01    1.299999E+01    1.299999E+01    1.299999E+01    1.299999E+01    1.299999E+01    1.299999E+01    1.299999E+01    1.299999E+01    1.299999E+01    1.299999E+01    1.299999E+01    1.299999E+01    1.299999E+01    1.299999E+01    1.299999E+01    1.299999E+01    1.299999E+01    1.299999E+01    1.299999E+01    1.299999E+01    1.299999E+01    1.299999E+01    1.299999E+01    1.299999E+01    1.299999E+01    1.299999E+01    1.299999E+01    1.299999E+01    1.299998E+01    1.299998E+01    1.299998E+01    1.299998E+01    1.299998E+01    1.299998E+01    1.299998E+01    1.299998E+01    1.299998E+01    1.299998E+01    1.299998E+01    1.299998E+01    1.299998E+01    1.299998E+01    1.299999E+01    1.299999E+01    1.299999E+01    1.299999E+01    1.299999E+01    1.299998E+01    1.299998E+01    1.299998E+01    1.299998E+01    1.299998E+01    1.299998E+01    1.299998E+01    1.299998E+01    1.299998E+01    1.299998E+01    1.299998E+01    1.299998E+01    1.299998E+01    1.299998E+01    1.299998E+01    1.299998E+01    1.299998E+01    1.299998E+01    1.299998E+01    1.299998E+01    1.299998E+01    1.299998E+01    1.299998E+01    1.299998E+01    1.299998E+01    1.299998E+01    1.299998E+01    1.299998E+01    1.299998E+01    1.299998E+01    1.299998E+01    1.299998E+01    1.299998E+01    1.299998E+01    1.299998E+01    1.299998E+01    1.299997E+01    1.299997E+01    1.299997E+01    1.299997E+01    1.299997E+01    1.299996E+01    1.299995E+01    1.299993E+01    1.299988E+01    1.000000E+30
   1.000000E+30    1.000000E+30    1.000000E+30    1.000000E+30    1.000000E+30    1.000000E+30    1.000000E+30    1.000000E+30    1.000000E+30    1.000000E+30    1.000000E+30    1.000000E+30    1.000000E+30    1.000000E+30    1.000000E+30    1.000000E+30    1.000000E+30    1.000000E+30    1.000000E+30    1.300009E+01    1.300005E+01    1.300002E+01    1.300001E+01    1.300001E+01    1.300000E+01    1.300000E+01    1.300000E+01    1.300000E+01    1.300000E+01    1.300000E+01    1.300000E+01    1.299999E+01    1.299999E+01    1.299999E+01    1.299999E+01    1.299999E+01    1.299999E+01    1.299999E+01    1.299999E+01    1.299999E+01    1.299999E+01    1.299999E+01    1.299999E+01    1.299999E+01    1.299999E+01    1.299999E+01    1.299999E+01    1.299999E+01    1.299999E+01    1.299999E+01    1.299999E+01    1.299999E+01    1.299999E+01    1.299999E+01    1.299999E+01    1.299999E+01    1.299999E+01    1.299999E+01    1.299999E+01    1.299999E+01    1.299999E+01    1.299999E+01    1.299999E+01    1.299999E+01    1.299999E+01    1.299999E+01    1.299999E+01    1.299999E+01    1.299999E+01    1.299999E+01    1.299999E+01    1.299999E+01    1.299999E+01    1.299999E+01    1.299999E+01    1.299999E+01    1.299999E+01    1.299999E+01    1.299999E+01    1.299999E+01    1.299999E+01    1.299999E+01    1.299999E+01    1.299999E+01    1.299999E+01    1.299999E+01    1.299998E+01    1.299998E+01    1.299998E+01    1.299998E+01    1.299998E+01    1.299998E+01    1.299998E+01    1.299998E+01    1.299998E+01    1.299998E+01    1.299998E+01    1.299998E+01    1.299998E+01    1.299998E+01    1.299999E+01    1.299999E+01    1.299999E+01    1.299999E+01    1.299999E+01    1.299998E+01    1.299998E+01    1.299998E+01    1.299998E+01    1.299998E+01    1.299998E+01    1.299998E+01    1.299998E+01    1.299998E+01    1.299998E+01    1.299998E+01    1.299998E+01    1.299998E+01    1.299998E+01    1.299998E+01    1.299998E+01    1.299998E+01    1.299998E+01    1.299998E+01    1.299998E+01    1.299998E+01    1.299998E+01    1.299998E+01    1.299998E+01    1.299998E+01    1.299998E+01    1.299998E+01    1.299998E+01    1.299998E+01    1.299998E+01    1.299998E+01    1.299998E+01    1.299998E+01    1.299998E+01    1.299998E+01    1.299998E+01    1.299998E+01    1.299997E+01    1.299997E+01    1.299997E+01    1.299997E+01    1.299996E+01    1.299995E+01    1.299993E+01    1.299988E+01    1.000000E+30
   1.000000E+30    1.000000E+30    1.000000E+30    1.000000E+30    1.000000E+30    1.000000E+30    1.000000E+30    1.000000E+30    1.000000E+30    1.000000E+30    1.000000E+30    1.000000E+30    1.000000E+30    1.000000E+30    1.000000E+30    1.000000E+30    1.000000E+30    1.000000E+30    1.000000E+30    1.300007E+01    1.300003E+01    1.300002E+01    1.300001E+01    1.300000E+01    1.300000E+01    1.300000E+01    1.300000E+01    1.300000E+01    1.300000E+01    1.300000E+01    1.300000E+01    1.299999E+01    1.299999E+01    1.299999E+01    1.299999E+01    1.299999E+01    1.299999E+01    1.299999E+01    1.299999E+01    1.299999E+01    1.299999E+01    1.299999E+01    1.299999E+01    1.299999E+01    1.299999E+01    1.299999E+01    1.299999E+01    1.299999E+01    1.299999E+01    1.299999E+01    1.299999E+01    1.299999E+01    1.299999E+01    1.299999E+01    1.299999E+01    1.299999E+01    1.299999E+01    1.299999E+01    1.299999E+01    1.299999E+01    1.299999E+01    1.299999E+01    1.299999E+01    1.299999E+01    1.299999E+01    1.299999E+01    1.299999E+01    1.299999E+01    1.299999E+01    1.299999E+01    1.299999E+01    1.299999E+01    1.299999E+01    1.299999E+01    1.299999E+01    1.299999E+01    1.299999E+01    1.299999E+01    1.299999E+01    1.299999E+01    1.299999E+01    1.299999E+01    1.299999E+01    1.299999E+01    1.299999E+01    1.299999E+01    1.299999E+01    1.299998E+01    1.299998E+01    1.299998E+01    1.299998E+01    1.299998E+01    1.299998E+01    1.299998E+01    1.299998E+01    1.299998E+01    1.299998E+01    1.299998E+01    1.299998E+01    1.299998E+01    1.299999E+01    1.299999E+01    1.299999E+01    1.299999E+01    1.299999E+01    1.299998E+01    1.299998E+01    1.299998E+01    1.299998E+01    1.299998E+01    1.299998E+01    1.299998E+01    1.299998E+01    1.299998E+01    1.299998E+01    1.299998E+01    1.299998E+01    1.299998E+01    1.299998E+01    1.299998E+01    1.299998E+01    1.299998E+01    1.299998E+01    1.299998E+01    1.299998E+01    1.299998E+01    1.299998E+01    1.299998E+01    1.299998E+01    1.299998E+01    1.299998E+01    1.299998E+01    1.299998E+01    1.299998E+01    1.299998E+01    1.299998E+01    1.299998E+01    1.299998E+01    1.299998E+01    1.299998E+01    1.299998E+01    1.299998E+01    1.299998E+01    1.299997E+01    1.299997E+01    1.299997E+01    1.299997E+01    1.299996E+01    1.299993E+01    1.299988E+01    1.000000E+30
   1.000000E+30    1.000000E+30    1.000000E+30    1.000000E+30    1.000000E+30    1.000000E+30    1.000000E+30    1.000000E+30    1.000000E+30    1.000000E+30    1.000000E+30    1.000000E+30    1.000000E+30    1.000000E+30    1.000000E+30    1.000000E+30    1.000000E+30    1.000000E+30    1.300009E+01    1.300005E+01    1.300002E+01    1.300001E+01    1.300000E+01    1.300000E+01    1.300000E+01    1.300000E+01    1.300000E+01    1.300000E+01    1.300000E+01    1.300000E+01    1.299999E+01    1.299999E+01    1.299999E+01    1.299999E+01    1.299999E+01    1.299999E+01    1.299999E+01    1.299999E+01    1.299999E+01    1.299999E+01    1.299999E+01    1.299999E+01    1.299999E+01    1.299999E+01    1.299999E+01    1.299999E+01    1.299999E+01    1.299999E+01    1.299999E+01    1.299999E+01    1.299999E+01    1.299999E+01    1.299999E+01    1.299999E+01    1.299999E+01    1.299999E+01    1.299999E+01    1.299999E+01    1.299999E+01    1.299999E+01    1.299999E+01    1.299999E+01    1.299999E+01    1.299999E+01    1.299999E+01    1.299999E+01    1.299999E+01    1.299999E+01    1.299999E+01    1.299999E+01    1.299999E+01    1.299999E+01    1.299999E+01    1.299999E+01    1.299999E+01    1.299999E+01    1.299999E+01    1.299999E+01    1.299999E+01    1.299999E+01    1.299999E+01    1.299999E+01    1.299999E+01    1.299999E+01    1.299999E+01    1.299999E+01    1.299999E+01    1.299999E+01    1.299998E+01    1.299998E+01    1.299998E+01    1.299998E+01    1.299998E+01    1.299998E+01    1.299998E+01    1.299998E+01    1.299998E+01    1.299998E+01    1.299998E+01    1.299998E+01    1.299999E+01    1.299999E+01    1.299999E+01    1.299999E+01    1.299999E+01    1.299999E+01    1.299999E+01    1.299998E+01    1.299998E+01    1.299998E+01    1.299998E+01    1.299998E+01    1.299998E+01    1.299998E+01    1.299998E+01    1.299998E+01    1.299998E+01    1.299998E+01    1.299998E+01    1.299998E+01    1.299998E+01    1.299998E+01    1.299998E+01    1.299998E+01    1.299998E+01    1.299998E+01    1.299998E+01    1.299998E+01    1.299998E+01    1.299998E+01    1.299998E+01    1.299998E+01    1.299998E+01    1.299998E+01    1.299998E+01    1.299998E+01    1.299998E+01    1.299998E+01    1.299998E+01    1.299998E+01    1.299998E+01    1.299998E+01    1.299998E+01    1.299998E+01    1.299997E+01    1.299997E+01    1.299997E+01    1.299996E+01    1.299993E+01    1.299988E+01    1.000000E+30
   1.000000E+30    1.000000E+30    1.000000E+30    1.000000E+30    1.000000E+30    1.000000E+30    1.000000E+30    1.000000E+30    1.000000E+30    1.000000E+30    1.000000E+30    1.000000E+30    1.000000E+30    1.000000E+30    1.000000E+30    1.000000E+30    1.000000E+30    1.000000E+30    1.300008E+01    1.300004E+01    1.300002E+01    1.300001E+01    1.300000E+01    1.300000E+01    1.300000E+01    1.300000E+01    1.300000E+01    1.300000E+01    1.300000E+01    1.300000E+01    1.299999E+01    1.299999E+01    1.299999E+01    1.299999E+01    1.299999E+01    1.299999E+01    1.299999E+01    1.299999E+01    1.299999E+01    1.299999E+01    1.299999E+01    1.299999E+01    1.299999E+01    1.299999E+01    1.299999E+01    1.299999E+01    1.299999E+01    1.299999E+01    1.299999E+01    1.299999E+01    1.299999E+01    1.299999E+01    1.299999E+01    1.299999E+01    1.299999E+01    1.299998E+01    1.299998E+01    1.299999E+01    1.299999E+01    1.299999E+01    1.299999E+01    1.299999E+01    1.299999E+01    1.299999E+01    1.299999E+01    1.299999E+01    1.299999E+01    1.299999E+01    1.299999E+01    1.299999E+01    1.299999E+01    1.299999E+01    1.299999E+01    1.299999E+01    1.299999E+01    1.299999E+01    1.299999E+01    1.299999E+01    1.299999E+01    1.299999E+01    1.299999E+01    1.299999E+01    1.299999E+01    1.299999E+01    1.299999E+01    1.299999E+01    1.299999E+01    1.299999E+01    1.299998E+01    1.299998E+01    1.299998E+01    1.299998E+01    1.299998E+01    1.299998E+01    1.299998E+01    1.299998E+01    1.299998E+01    1.299998E+01    1.299998E+01    1.299998E+01    1.299999E+01    1.299999E+01    1.299999E+01    1.299999E+01    1.299999E+01    1.299999E+01    1.299999E+01    1.299999E+01    1.299998E+01    1.299998E+01    1.299998E+01    1.299998E+01    1.299998E+01    1.299998E+01    1.299998E+01    1.299998E+01    1.299998E+01    1.299998E+01    1.299998E+01    1.299998E+01    1.299998E+01    1.299998E+01    1.299998E+01    1.299998E+01    1.299998E+01    1.299998E+01    1.299998E+01    1.299998E+01    1.299998E+01    1.299998E+01    1.299998E+01    1.299998E+01    1.299998E+01    1.299998E+01    1.299998E+01    1.299998E+01    1.299998E+01    1.299998E+01    1.299998E+01    1.299998E+01    1.299998E+01    1.299998E+01    1.299998E+01    1.299998E+01    1.299997E+01    1.299997E+01    1.299997E+01    1.299996E+01    1.299993E+01    1.299988E+01    1.000000E+30
   1.000000E+30    1.000000E+30    1.000000E+30    1.000000E+30    1.000000E+30    1.000000E+30    1.000000E+30    1.000000E+30    1.000000E+30    1.000000E+30    1.000000E+30    1.000000E+30    1.000000E+30    1.000000E+30    1.000000E+30    1.000000E+30    1.000000E+30    1.000000E+30    1.300007E+01    1.300003E+01    1.300001E+01    1.300000E+01    1.300000E+01    1.300000E+01    1.300000E+01    1.300000E+01    1.300000E+01    1.300000E+01    1.300000E+01    1.300000E+01    1.299999E+01    1.299999E+01    1.299999E+01    1.299999E+01    1.299999E+01    1.299999E+01    1.299999E+01    1.299999E+01    1.299999E+01    1.299999E+01    1.299999E+01    1.299999E+01    1.299999E+01    1.299999E+01    1.299999E+01    1.299999E+01    1.299999E+01    1.299999E+01    1.299999E+01    1.299999E+01    1.299999E+01    1.299999E+01    1.299999E+01    1.299999E+01    1.299999E+01    1.299999E+01    1.299998E+01    1.299998E+01    1.299998E+01    1.299999E+01    1.299999E+01    1.299999E+01    1.299999E+01    1.299999E+01    1.299999E+01    1.299999E+01    1.299999E+01    1.299999E+01    1.299999E+01    1.299999E+01    1.299999E+01    1.299999E+01    1.299999E+01    1.299999E+01    1.299999E+01    1.299999E+01    1.299999E+01    1.299999E+01    1.299999E+01    1.299999E+01    1.299999E+01    1.299999E+01    1.299999E+01    1.299999E+01    1.299999E+01    1.299999E+01    1.299999E+01    1.299998E+01    1.299998E+01    1.299998E+01    1.299998E+01    1.299998E+01    1.299998E+01    1.299998E+01    1.299998E+01    1.299998E+01    1.299998E+01    1.299998E+01    1.299998E+01    1.299999E+01    1.299999E+01    1.299999E+01    1.299999E+01    1.299999E+01    1.299999E+01    1.299999E+01    1.299999E+01    1.299999E+01    1.299999E+01    1.299998E+01    1.299998E+01    1.299998E+01    1.299998E+01    1.299998E+01    1.299998E+01    1.299998E+01    1.299999E+01    1.299999E+01    1.299999E+01    1.299999E+01    1.299999E+01    1.299999E+01    1.299999E+01    1.299999E+01    1.299999E+01    1.299999E+01    1.299999E+01    1.299999E+01    1.299999E+01    1.299998E+01    1.299998E+01    1.299998E+01    1.299998E+01    1.299998E+01    1.299998E+01    1.299998E+01    1.299998E+01    1.299998E+01    1.299998E+01    1.299998E+01    1.299998E+01    1.299998E+01    1.299998E+01    1.299998E+01    1.299998E+01    1.299997E+01    1.299997E+01    1.299996E+01    1.299994E+01    1.299989E+01    1.000000E+30
   1.000000E+30    1.000000E+30    1.000000E+30    1.000000E+30    1.000000E+30    1.000000E+30    1.000000E+30    1.000000E+30    1.000000E+30    1.000000E+30    1.000000E+30    1.000000E+30    1.000000E+30    1.000000E+30    1.000000E+30    1.000000E+30    1.000000E+30    1.300009E+01    1.300005E+01    1.300002E+01    1.300001E+01    1.300000E+01    1.300000E+01    1.300000E+01    1.300000E+01    1.300000E+01    1.300000E+01    1.300000E+01    1.300000E+01    1.300000E+01    1.299999E+01    1.299999E+01    1.299999E+01    1.299999E+01    1.299999E+01    1.299999E+01    1.299999E+01    1.299999E+01    1.299999E+01    1.299999E+01    1.299999E+01    1.299999E+01    1.299999E+01    1.299999E+01    1.299999E+01    1.299999E+01    1.299999E+01    1.299999E+01    1.299999E+01    1.299999E+01    1.299999E+01    1.299999E+01    1.299999E+01    1.299999E+01    1.299999E+01    1.299999E+01    1.299999E+01    1.299998E+01    1.299998E+01    1.299998E+01    1.299999E+01    1.299999E+01    1.299999E+01    1.299999E+01    1.299999E+01    1.299999E+01    1.299999E+01    1.299999E+01    1.299999E+01    1.299999E+01    1.299999E+01    1.299999E+01    1.299999E+01    1.299999E+01    1.299999E+01    1.299999E+01    1.299999E+01    1.299999E+01    1.299999E+01    1.299999E+01    1.299999E+01    1.299999E+01    1.299999E+01    1.299999E+01    1.299999E+01    1.299999E+01    1.299998E+01    1.299998E+01    1.299998E+01    1.299998E+01    1.299998E+01    1.299998E+01    1.299998E+01    1.299998E+01    1.299998E+01    1.299998E+01    1.299998E+01    1.299998E+01    1.299998E+01    1.299999E+01    1.299999E+01    1.299999E+01    1.299999E+01    1.299999E+01    1.299999E+01    1.299999E+01    1.299999E+01    1.299999E+01    1.299999E+01    1.299998E+01    1.299998E+01    1.299998E+01    1.299998E+01    1.299999E+01    1.299999E+01    1.299999E+01    1.299999E+01    1.299999E+01    1.299999E+01    1.299999E+01    1.299999E+01    1.299999E+01    1.299999E+01    1.299999E+01    1.299999E+01    1.299999E+01    1.299999E+01    1.299999E+01    1.299999E+01    1.299999E+01    1.299999E+01    1.299999E+01    1.299998E+01    1.299998E+01    1.299998E+01    1.299998E+01    1.299998E+01    1.299998E+01    1.299998E+01    1.299998E+01    1.299998E+01    1.299998E+01    1.299998E+01    1.299998E+01    1.299998E+01    1.299998E+01    1.299997E+01    1.299996E+01    1.299994E+01    1.299989E+01    1.000000E+30
   1.000000E+30    1.000000E+30    1.000000E+30    1.000000E+30    1.000000E+30    1.000000E+30    1.000000E+30    1.000000E+30    1.000000E+30    1.000000E+30    1.000000E+30    1.000000E+30    1.000000E+30    1.000000E+30    1.000000E+30    1.000000E+30    1.000000E+30    1.300007E+01    1.300003E+01    1.300001E+01    1.300001E+01    1.300000E+01    1.300000E+01    1.300000E+01    1.300000E+01    1.300000E+01    1.300000E+01    1.300000E+01    1.300000E+01    1.299999E+01    1.299999E+01    1.299999E+01    1.299999E+01    1.299999E+01    1.299999E+01    1.299999E+01    1.299999E+01    1.299999E+01    1.299999E+01    1.299999E+01    1.299999E+01    1.299999E+01    1.299999E+01    1.299999E+01    1.299999E+01    1.299999E+01    1.299999E+01    1.299999E+01    1.299999E+01    1.299999E+01    1.299999E+01    1.299999E+01    1.299999E+01    1.299999E+01    1.299999E+01    1.299999E+01    1.299999E+01    1.299999E+01    1.299998E+01    1.299998E+01    1.299998E+01    1.299999E+01    1.299999E+01    1.299999E+01    1.299999E+01    1.299999E+01    1.299999E+01    1.299999E+01    1.299999E+01    1.299999E+01    1.299999E+01    1.299999E+01    1.299999E+01    1.299999E+01    1.299999E+01    1.299999E+01    1.299999E+01    1.299999E+01    1.299999E+01    1.299999E+01    1.299999E+01    1.299999E+01    1.299999E+01    1.299999E+01    1.299998E+01    1.299999E+01    1.299998E+01    1.299998E+01    1.299998E+01    1.299998E+01    1.299998E+01    1.299998E+01    1.299998E+01    1.299998E+01    1.299998E+01    1.299998E+01    1.299998E+01    1.299998E+01    1.299998E+01    1.299999E+01    1.299999E+01    1.299999E+01    1.299999E+01    1.299999E+01    1.299999E+01    1.299999E+01    1.299999E+01    1.299999E+01    1.299999E+01    1.299998E+01    1.299998E+01    1.299998E+01    1.299999E+01    1.299999E+01    1.299999E+01    1.299999E+01    1.299999E+01    1.299999E+01    1.299999E+01    1.299999E+01    1.299999E+01    1.299999E+01    1.299999E+01    1.299999E+01    1.299999E+01    1.299999E+01    1.299999E+01    1.299999E+01    1.299999E+01    1.299999E+01    1.299999E+01    1.299999E+01    1.299999E+01    1.299999E+01    1.299999E+01    1.299999E+01    1.299998E+01    1.299998E+01    1.299998E+01    1.299998E+01    1.299998E+01    1.299998E+01    1.299998E+01    1.299998E+01    1.299998E+01    1.299998E+01    1.299997E+01    1.299996E+01    1.299994E+01    1.299989E+01    1.000000E+30
   1.000000E+30    1.000000E+30    1.000000E+30    1.000000E+30    1.000000E+30    1.000000E+30    1.000000E+30    1.000000E+30    1.000000E+30    1.000000E+30    1.000000E+30    1.000000E+30    1.000000E+30    1.000000E+30    1.000000E+30    1.000000E+30    1.300009E+01    1.300005E+01    1.300002E+01    1.300001E+01    1.300000E+01    1.300000E+01    1.300000E+01    1.300000E+01    1.300000E+01    1.300000E+01    1.300000E+01    1.300000E+01    1.300000E+01    1.299999E+01    1.299999E+01    1.299999E+01    1.299999E+01    1.299999E+01    1.299999E+01    1.299999E+01    1.299999E+01    1.299999E+01    1.299999E+01    1.299999E+01    1.299999E+01    1.299999E+01    1.299999E+01    1.299999E+01    1.299999E+01    1.299999E+01    1.299999E+01    1.299999E+01    1.299999E+01    1.299999E+01    1.299999E+01    1.299999E+01    1.299999E+01    1.299999E+01    1.299999E+01    1.299999E+01    1.299999E+01    1.299999E+01    1.299999E+01    1.299998E+01    1.299998E+01    1.299998E+01    1.299999E+01    1.299999E+01    1.299999E+01    1.299999E+01    1.299999E+01    1.299999E+01    1.299999E+01    1.299999E+01    1.299999E+01    1.299999E+01    1.299999E+01    1.299999E+01    1.299999E+01    1.299999E+01    1.299999E+01    1.299999E+01    1.299999E+01    1.299999E+01    1.299999E+01    1.299998E+01    1.299999E+01    1.299998E+01    1.299999E+01    1.299999E+01    1.299998E+01    1.299998E+01    1.299998E+01    1.299998E+01    1.299998E+01    1.299998E+01    1.299998E+01    1.299998E+01    1.299998E+01    1.299998E+01    1.299998E+01    1.299998E+01    1.299999E+01    1.299999E+01    1.299999E+01    1.299999E+01    1.299999E+01    1.299999E+01    1.299999E+01    1.299999E+01    1.299999E+01    1.299999E+01    1.299999E+01    1.299999E+01    1.299998E+01    1.299999E+01    1.299999E+01    1.299999E+01    1.299999E+01    1.299999E+01    1.299999E+01    1.299999E+01    1.299999E+01    1.299999E+01    1.299999E+01    1.299999E+01    1.299999E+01    1.299999E+01    1.299999E+01    1.299999E+01    1.299999E+01    1.299999E+01    1.299999E+01    1.299999E+01    1.299999E+01    1.299999E+01    1.299999E+01    1.299999E+01    1.299999E+01    1.299999E+01    1.299999E+01    1.299999E+01    1.299999E+01    1.299998E+01    1.299998E+01    1.299998E+01    1.299998E+01    1.299998E+01    1.299998E+01    1.299998E+01    1.299997E+01    1.299996E+01    1.299994E+01    1.299989E+01    1.000000E+30
   1.000000E+30    1.000000E+30    1.000000E+30    1.000000E+30    1.000000E+30    1.000000E+30    1.000000E+30    1.000000E+30    1.000000E+30    1.000000E+30    1.000000E+30    1.000000E+30    1.000000E+30    1.000000E+30    1.000000E+30    1.000000E+30    1.300007E+01    1.300003E+01    1.300002E+01    1.300001E+01    1.300000E+01    1.300000E+01    1.300000E+01    1.300000E+01    1.300000E+01    1.300000E+01    1.300000E+01    1.300000E+01    1.300000E+01    1.299999E+01    1.299999E+01    1.299999E+01    1.299999E+01    1.299999E+01    1.299999E+01    1.299999E+01    1.299999E+01    1.299999E+01    1.299999E+01    1.299999E+01    1.299999E+01    1.299999E+01    1.299999E+01    1.299999E+01    1.299999E+01    1.299999E+01    1.299999E+01    1.299999E+01    1.299999E+01    1.299999E+01    1.299999E+01    1.299999E+01    1.299999E+01    1.299999E+01    1.299999E+01    1.299999E+01    1.299999E+01    1.299999E+01    1.299999E+01    1.299998E+01    1.299998E+01    1.299998E+01    1.299998E+01    1.299998E+01    1.299999E+01    1.299999E+01    1.299999E+01    1.299999E+01    1.299999E+01    1.299999E+01    1.299999E+01    1.299999E+01    1.299999E+01    1.299998E+01    1.299998E+01    1.299998E+01    1.299998E+01    1.299998E+01    1.299999E+01    1.299998E+01    1.299998E+01    1.299998E+01    1.299998E+01    1.299998E+01    1.299999E+01    1.299998E+01    1.299998E+01    1.299998E+01    1.299998E+01    1.299998E+01    1.299998E+01    1.299998E+01    1.299998E+01    1.299998E+01    1.299998E+01    1.299998E+01    1.299998E+01    1.299999E+01    1.299999E+01    1.299999E+01    1.299999E+01    1.299999E+01    1.299999E+01    1.299999E+01    1.299999E+01    1.299999E+01    1.299999E+01    1.299999E+01    1.299999E+01    1.299999E+01    1.299999E+01    1.299999E+01    1.299999E+01    1.299999E+01    1.299999E+01    1.299999E+01    1.299999E+01    1.299999E+01    1.299999E+01    1.299999E+01    1.299999E+01    1.299999E+01    1.299999E+01    1.299999E+01    1.299999E+01    1.299999E+01    1.299999E+01    1.299999E+01    1.299999E+01    1.299999E+01    1.299999E+01    1.299999E+01    1.299999E+01    1.299999E+01    1.299999E+01    1.299999E+01    1.299999E+01    1.299999E+01    1.299999E+01    1.299999E+01    1.299999E+01    1.299998E+01    1.299998E+01    1.299998E+01    1.299998E+01    1.299998E+01    1.299997E+01    1.299996E+01    1.299994E+01    1.299989E+01    1.000000E+30
   1.000000E+30    1.000000E+30    1.000000E+30    1.000000E+30    1.000000E+30    1.000000E+30    1.000000E+30    1.000000E+30    1.000000E+30    1.000000E+30    1.000000E+30    1.000000E+30    1.000000E+30    1.000000E+30    1.000000E+30    1.300009E+01    1.300005E+01    1.300002E+01    1.300001E+01    1.300000E+01    1.300000E+01    1.300000E+01    1.300000E+01    1.300000E+01    1.300000E+01    1.300000E+01    1.300000E+01    1.300000E+01    1.300000E+01    1.299999E+01    1.299999E+01    1.299999E+01    1.299999E+01    1.299999E+01    1.299999E+01    1.299999E+01    1.299999E+01    1.299999E+01    1.299999E+01    1.299999E+01    1.299999E+01    1.299999E+01    1.299999E+01    1.299999E+01    1.299999E+01    1.299999E+01    1.299999E+01    1.299999E+01    1.299999E+01    1.299999E+01    1.299999E+01    1.299999E+01    1.299999E+01    1.299999E+01    1.299999E+01    1.299999E+01    1.299999E+01    1.299999E+01    1.299999E+01    1.299999E+01    1.299998E+01    1.299998E+01    1.299998E+01    1.299998E+01    1.299998E+01    1.299998E+01    1.299998E+01    1.299998E+01    1.299998E+01    1.299998E+01    1.299998E+01    1.299999E+01    1.299998E+01    1.299998E+01    1.299998E+01    1.299998E+01    1.299998E+01    1.299998E+01    1.299998E+01    1.299998E+01    1.299998E+01    1.299998E+01    1.299998E+01    1.299998E+01    1.299999E+01    1.299998E+01    1.299998E+01    1.299998E+01    1.299998E+01    1.299998E+01    1.299998E+01    1.299998E+01    1.299998E+01    1.299998E+01    1.299998E+01    1.299999E+01    1.299999E+01    1.299999E+01    1.299999E+01    1.299999E+01    1.299999E+01    1.299999E+01    1.299999E+01    1.299999E+01    1.299999E+01    1.299999E+01    1.299999E+01    1.299999E+01    1.299999E+01    1.299999E+01    1.299999E+01    1.299999E+01    1.299999E+01    1.299999E+01    1.299999E+01    1.299999E+01    1.299999E+01    1.300000E+01    1.300000E+01    1.300000E+01    1.300000E+01    1.300000E+01    1.300000E+01    1.300000E+01    1.300000E+01    1.300000E+01    1.299999E+01    1.299999E+01    1.299999E+01    1.299999E+01    1.299999E+01    1.299999E+01    1.299999E+01    1.299999E+01    1.299999E+01    1.299999E+01    1.299999E+01    1.299999E+01    1.299999E+01    1.299999E+01    1.299999E+01    1.299999E+01    1.299999E+01    1.299998E+01    1.299998E+01    1.299998E+01    1.299998E+01    1.299997E+01    1.299994E+01    1.299989E+01    1.000000E+30
   1.000000E+30    1.000000E+30    1.000000E+30    1.000000E+30    1.000000E+30    1.000000E+30    1.000000E+30    1.000000E+30    1.000000E+30    1.000000E+30    1.000000E+30    1.000000E+30    1.000000E+30    1.000000E+30    1.000000E+30    1.300008E+01    1.300004E+01    1.300002E+01    1.300001E+01    1.300000E+01    1.300000E+01    1.300000E+01    1.300000E+01    1.300000E+01    1.300000E+01    1.300000E+01    1.300000E+01    1.300000E+01    1.300000E+01    1.299999E+01    1.299999E+01    1.299999E+01    1.299999E+01    1.299999E+01    1.299999E+01    1.299999E+01    1.299999E+01    1.299999E+01    1.299999E+01    1.299999E+01    1.299999E+01    1.299999E+01    1.299999E+01    1.299999E+01    1.299999E+01    1.299999E+01    1.299999E+01    1.299999E+01    1.299999E+01    1.299999E+01    1.299999E+01    1.299999E+01    1.299999E+01    1.299999E+01    1.299999E+01    1.299999E+01    1.299999E+01    1.299999E+01    1.299999E+01    1.299999E+01    1.299999E+01    1.299998E+01    1.299998E+01    1.299998E+01    1.299998E+01    1.299998E+01    1.299998E+01    1.299998E+01    1.299998E+01    1.299998E+01    1.299998E+01    1.299998E+01    1.299998E+01    1.299998E+01    1.299998E+01    1.299998E+01    1.299998E+01    1.299998E+01    1.299998E+01    1.299998E+01    1.299998E+01    1.299998E+01    1.299998E+01    1.299998E+01    1.299998E+01    1.299998E+01    1.299998E+01    1.299998E+01    1.299998E+01    1.299998E+01    1.299999E+01    1.299999E+01    1.299999E+01    1.299999E+01    1.299999E+01    1.299999E+01    1.299999E+01    1.299999E+01    1.299999E+01    1.299999E+01    1.299999E+01    1.299999E+01    1.299999E+01    1.299999E+01    1.299999E+01    1.299999E+01    1.299999E+01    1.299999E+01    1.299999E+01    1.299999E+01    1.299999E+01    1.299999E+01    1.299999E+01    1.300000E+01    1.300000E+01    1.300000E+01    1.300000E+01    1.300000E+01    1.300001E+01    1.300001E+01    1.300001E+01    1.300001E+01    1.300001E+01    1.300001E+01    1.300000E+01    1.300000E+01    1.300000E+01    1.300000E+01    1.300000E+01    1.300000E+01    1.299999E+01    1.299999E+01    1.299999E+01    1.299999E+01    1.299999E+01    1.299999E+01    1.299999E+01    1.299999E+01    1.299999E+01    1.299999E+01    1.299999E+01    1.299999E+01    1.299999E+01    1.299999E+01    1.299998E+01    1.299998E+01    1.299998E+01    1.299997E+01    1.299994E+01    1.299989E+01    1.000000E+30
   1.000000E+30    1.000000E+30    1.000000E+30    1.000000E+30    1.000000E+30    1.000000E+30    1.000000E+30    1.000000E+30    1.000000E+30    1.000000E+30    1.000000E+30    1.000000E+30    1.000000E+30    1.000000E+30    1.300009E+01    1.300005E+01    1.300002E+01    1.300001E+01    1.300000E+01    1.300000E+01    1.300000E+01    1.300000E+01    1.300000E+01    1.300000E+01    1.300000E+01    1.300000E+01    1.300000E+01    1.300000E+01    1.300000E+01    1.299999E+01    1.299999E+01    1.299999E+01    1.299999E+01    1.299999E+01    1.299999E+01    1.299999E+01    1.299999E+01    1.299999E+01    1.299999E+01    1.299999E+01    1.299999E+01    1.299999E+01    1.299999E+01    1.299999E+01    1.299999E+01    1.299999E+01    1.299999E+01    1.299999E+01    1.299999E+01    1.299999E+01    1.299999E+01    1.299999E+01    1.299999E+01    1.299999E+01    1.299999E+01    1.299999E+01    1.299999E+01    1.299999E+01    1.299999E+01    1.299999E+01    1.299999E+01    1.299998E+01    1.299998E+01    1.299998E+01    1.299998E+01    1.299998E+01    1.299998E+01    1.299998E+01    1.299998E+01    1.299998E+01    1.299998E+01    1.299998E+01    1.299998E+01    1.299998E+01    1.299998E+01    1.299998E+01    1.299998E+01    1.299998E+01    1.299998E+01    1.299998E+01    1.299998E+01    1.299998E+01    1.299998E+01    1.299998E+01    1.299998E+01    1.299998E+01    1.299998E+01    1.299998E+01    1.299999E+01    1.299999E+01    1.299999E+01    1.299999E+01    1.299999E+01    1.299999E+01    1.299999E+01    1.299999E+01    1.299999E+01    1.299999E+01    1.299999E+01    1.299999E+01    1.299999E+01    1.299999E+01    1.299999E+01    1.299999E+01    1.299999E+01    1.299999E+01    1.299999E+01    1.299999E+01    1.299999E+01    1.299999E+01    1.299999E+01    1.299999E+01    1.300000E+01    1.300001E+01    1.300002E+01    1.300002E+01    1.300002E+01    1.300002E+01    1.300003E+01    1.300004E+01    1.300005E+01    1.300005E+01    1.300004E+01    1.300003E+01    1.300002E+01    1.300001E+01    1.300001E+01    1.300001E+01    1.300000E+01    1.300000E+01    1.300000E+01    1.300000E+01    1.300000E+01    1.299999E+01    1.299999E+01    1.299999E+01    1.299999E+01    1.299999E+01    1.299999E+01    1.299999E+01    1.299999E+01    1.299999E+01    1.299999E+01    1.299999E+01    1.299999E+01    1.299998E+01    1.299998E+01    1.299997E+01    1.299995E+01    1.299990E+01    1.000000E+30
   1.000000E+30    1.000000E+30    1.000000E+30    1.000000E+30    1.000000E+30    1.000000E+30    1.000000E+30    1.000000E+30    1.000000E+30    1.000000E+30    1.000000E+30    1.000000E+30    1.000000E+30    1.000000E+30    1.300009E+01    1.300004E+01    1.300002E+01    1.300001E+01    1.300000E+01    1.300000E+01    1.300000E+01    1.300000E+01    1.300000E+01    1.300000E+01    1.300000E+01    1.300000E+01    1.300000E+01    1.300000E+01    1.300000E+01    1.299999E+01    1.299999E+01    1.299999E+01    1.299999E+01    1.299999E+01    1.299999E+01    1.299999E+01    1.299999E+01    1.299999E+01    1.299999E+01    1.299999E+01    1.299999E+01    1.299999E+01    1.299999E+01    1.299999E+01    1.299999E+01    1.299999E+01    1.299999E+01    1.299999E+01    1.299999E+01    1.299999E+01    1.299999E+01    1.299999E+01    1.299999E+01    1.299999E+01    1.299999E+01    1.299999E+01    1.299999E+01    1.299999E+01    1.299999E+01    1.299999E+01    1.299999E+01    1.299999E+01    1.299998E+01    1.299998E+01    1.299998E+01    1.299998E+01    1.299998E+01    1.299998E+01    1.299998E+01    1.299998E+01    1.299998E+01    1.299998E+01    1.299998E+01    1.299998E+01    1.299998E+01    1.299998E+01    1.299998E+01    1.299998E+01    1.299998E+01    1.299998E+01    1.299998E+01    1.299998E+01    1.299998E+01    1.299998E+01    1.299998E+01    1.299998E+01    1.299998E+01    1.299999E+01    1.299999E+01    1.299999E+01    1.299999E+01    1.299999E+01    1.299999E+01    1.299999E+01    1.299999E+01    1.299999E+01    1.299999E+01    1.299999E+01    1.299999E+01    1.299999E+01    1.299999E+01    1.299999E+01    1.299999E+01    1.299999E+01    1.299999E+01    1.299999E+01    1.299999E+01    1.299999E+01    1.299999E+01    1.299999E+01    1.299999E+01    1.300000E+01    1.300001E+01    1.300004E+01    1.300006E+01    1.300006E+01    1.300007E+01    1.300007E+01    1.300008E+01    1.300009E+01    1.300013E+01    1.300013E+01    1.300009E+01    1.300007E+01    1.300006E+01    1.300004E+01    1.300003E+01    1.300002E+01    1.300002E+01    1.300001E+01    1.300001E+01    1.300000E+01    1.300000E+01    1.300000E+01    1.300000E+01    1.300000E+01    1.300000E+01    1.299999E+01    1.299999E+01    1.299999E+01    1.299999E+01    1.299999E+01    1.299999E+01    1.299999E+01    1.299999E+01    1.299999E+01    1.299998E+01    1.299997E+01    1.299995E+01    1.299990E+01    1.000000E+30
   1.000000E+30    1.000000E+30    1.000000E+30    1.000000E+30    1.000000E+30    1.000000E+30    1.000000E+30    1.000000E+30    1.000000E+30    1.000000E+30    1.000000E+30    1.000000E+30    1.000000E+30    1.000000E+30    1.300007E+01    1.300003E+01    1.300001E+01    1.300001E+01    1.300000E+01    1.300000E+01    1.300000E+01    1.300000E+01    1.300000E+01    1.300000E+01    1.300000E+01    1.300000E+01    1.300000E+01    1.300000E+01    1.300000E+01    1.299999E+01    1.299999E+01    1.299999E+01    1.299999E+01    1.299999E+01    1.299999E+01    1.299999E+01    1.299999E+01    1.299999E+01    1.299999E+01    1.299999E+01    1.299999E+01    1.299999E+01    1.299999E+01    1.299999E+01    1.299999E+01    1.299999E+01    1.299999E+01    1.299999E+01    1.299999E+01    1.299999E+01    1.299999E+01    1.299999E+01    1.299999E+01    1.299999E+01    1.299999E+01    1.299999E+01    1.299999E+01    1.299999E+01    1.299999E+01    1.299999E+01    1.299999E+01    1.299999E+01    1.299998E+01    1.299998E+01    1.299998E+01    1.299998E+01    1.299998E+01    1.299998E+01    1.299998E+01    1.299998E+01    1.299998E+01    1.299998E+01    1.299998E+01    1.299998E+01    1.299998E+01    1.299998E+01    1.299998E+01    1.299998E+01    1.299998E+01    1.299998E+01    1.299998E+01    1.299998E+01    1.299998E+01    1.299998E+01    1.299998E+01    1.299998E+01    1.299999E+01    1.299999E+01    1.299999E+01    1.299999E+01    1.299999E+01    1.299999E+01    1.299999E+01    1.299999E+01    1.299999E+01    1.299999E+01    1.299999E+01    1.299999E+01    1.299999E+01    1.299999E+01    1.299999E+01    1.299999E+01    1.299999E+01    1.299999E+01    1.299999E+01    1.299999E+01    1.299999E+01    1.299999E+01    1.299999E+01    1.299999E+01    1.299999E+01    1.300001E+01    1.300004E+01    1.300012E+01    1.300015E+01    1.300016E+01    1.300017E+01    1.300017E+01    1.300017E+01    1.300018E+01    1.000000E+30    1.000000E+30    1.300017E+01    1.300016E+01    1.300014E+01    1.300010E+01    1.300008E+01    1.300006E+01    1.300004E+01    1.300003E+01    1.300002E+01    1.300002E+01    1.300001E+01    1.300001E+01    1.300000E+01    1.300000E+01    1.300000E+01    1.300000E+01    1.300000E+01    1.300000E+01    1.299999E+01    1.299999E+01    1.299999E+01    1.299999E+01    1.299999E+01    1.299999E+01    1.299998E+01    1.299997E+01    1.299995E+01    1.299990E+01    1.000000E+30
   1.000000E+30    1.000000E+30    1.000000E+30    1.000000E+30    1.000000E+30    1.000000E+30    1.000000E+30    1.000000E+30    1.000000E+30    1.000000E+30    1.000000E+30    1.000000E+30    1.000000E+30    1.300009E+01    1.300005E+01    1.300002E+01    1.300001E+01    1.300000E+01    1.300000E+01    1.300000E+01    1.300000E+01    1.300000E+01    1.300000E+01    1.300000E+01    1.300000E+01    1.300000E+01    1.300000E+01    1.300000E+01    1.300000E+01    1.299999E+01    1.299999E+01    1.299999E+01    1.299999E+01    1.299999E+01    1.299999E+01    1.299999E+01    1.299999E+01    1.299999E+01    1.299999E+01    1.299999E+01    1.299999E+01    1.299999E+01    1.299999E+01    1.299999E+01    1.299999E+01    1.299999E+01    1.299999E+01    1.299999E+01    1.299999E+01    1.299999E+01    1.299999E+01    1.299999E+01    1.299999E+01    1.299999E+01    1.299999E+01    1.299999E+01    1.299999E+01    1.299999E+01    1.299999E+01    1.299999E+01    1.299999E+01    1.299999E+01    1.299998E+01    1.299998E+01    1.299998E+01    1.299998E+01    1.299998E+01    1.299998E+01    1.299998E+01    1.299998E+01    1.299998E+01    1.299998E+01    1.299998E+01    1.299998E+01    1.299998E+01    1.299998E+01    1.299998E+01    1.299998E+01    1.299998E+01    1.299998E+01    1.299998E+01    1.299998E+01    1.299998E+01    1.299998E+01    1.299998E+01    1.299998E+01    1.299999E+01    1.299999E+01    1.299999E+01    1.299999E+01    1.299999E+01    1.299999E+01    1.299999E+01    1.299999E+01    1.299999E+01    1.299999E+01    1.299999E+01    1.299999E+01    1.299999E+01    1.299999E+01    1.299999E+01    1.299999E+01    1.299999E+01    1.299999E+01    1.299999E+01    1.300000E+01    1.300000E+01    1.300001E+01    1.000000E+30    1.000000E+30    1.000000E+30    1.000000E+30    1.000000E+30    1.000000E+30    1.000000E+30    1.000000E+30    1.000000E+30    1.000000E+30    1.000000E+30    1.000000E+30    1.000000E+30    1.000000E+30    1.000000E+30    1.000000E+30    1.000000E+30    1.300017E+01    1.300016E+01    1.300014E+01    1.300010E+01    1.300008E+01    1.300006E+01    1.300004E+01    1.300003E+01    1.300002E+01    1.300002E+01    1.300001E+01    1.300001E+01    1.300000E+01    1.300000E+01    1.300000E+01    1.300000E+01    1.300000E+01    1.299999E+01    1.299999E+01    1.299999E+01    1.299999E+01    1.299998E+01    1.299997E+01    1.299995E+01    1.299990E+01    1.000000E+30
   1.000000E+30    1.000000E+30    1.000000E+30    1.000000E+30    1.000000E+30    1.000000E+30    1.000000E+30    1.000000E+30    1.000000E+30    1.000000E+30    1.000000E+30    1.000000E+30    1.000000E+30    1.300008E+01    1.300004E+01    1.300002E+01    1.300001E+01    1.300000E+01    1.300000E+01    1.300000E+01    1.300000E+01    1.300000E+01    1.300000E+01    1.300000E+01    1.300000E+01    1.300000E+01    1.300000E+01    1.300000E+01    1.300000E+01    1.299999E+01    1.299999E+01    1.299999E+01    1.299999E+01    1.299999E+01    1.299999E+01    1.299999E+01    1.299999E+01    1.299999E+01    1.299999E+01    1.299999E+01    1.299999E+01    1.299999E+01    1.299999E+01    1.299999E+01    1.299999E+01    1.299999E+01    1.299999E+01    1.299999E+01    1.299999E+01    1.299999E+01    1.299999E+01    1.299999E+01    1.299999E+01    1.299999E+01    1.299999E+01    1.299999E+01    1.299999E+01    1.299999E+01    1.299999E+01    1.299999E+01    1.299999E+01    1.299999E+01    1.299999E+01    1.299998E+01    1.299998E+01    1.299998E+01    1.299998E+01    1.299998E+01    1.299998E+01    1.299998E+01    1.299998E+01    1.299998E+01    1.299998E+01    1.299998E+01    1.299998E+01    1.299998E+01    1.299998E+01    1.299998E+01    1.299998E+01    1.299998E+01    1.299998E+01    1.299998E+01    1.299998E+01    1.299998E+01    1.299998E+01    1.299999E+01    1.299999E+01    1.299999E+01    1.299999E+01    1.299999E+01    1.299999E+01    1.299999E+01    1.299999E+01    1.299999E+01    1.299999E+01    1.299999E+01    1.299999E+01    1.299999E+01    1.299999E+01    1.299999E+01    1.299999E+01    1.299999E+01    1.299999E+01    1.299999E+01    1.300000E+01    1.300001E+01    1.300002E+01    1.300004E+01    1.000000E+30    1.000000E+30    1.000000E+30    1.000000E+30    1.000000E+30    1.000000E+30    1.000000E+30    1.000000E+30    1.000000E+30    1.000000E+30    1.000000E+30    1.000000E+30    1.000000E+30    1.000000E+30    1.000000E+30    1.000000E+30    1.000000E+30    1.000000E+30    1.000000E+30    1.000000E+30    1.300017E+01    1.300016E+01    1.300014E+01    1.300010E+01    1.300008E+01    1.300006E+01    1.300004E+01    1.300003E+01    1.300002E+01    1.300002E+01    1.300001E+01    1.300001E+01    1.300000E+01    1.300000E+01    1.300000E+01    1.300000E+01    1.299999E+01    1.299999E+01    1.299999E+01    1.299998E+01    1.299995E+01    1.299990E+01    1.000000E+30
   1.000000E+30    1.000000E+30    1.000000E+30    1.000000E+30    1.000000E+30    1.000000E+30    1.000000E+30    1.000000E+30    1.000000E+30    1.000000E+30    1.000000E+30    1.000000E+30    1.300009E+01    1.300005E+01    1.300002E+01    1.300001E+01    1.300001E+01    1.300000E+01    1.300000E+01    1.300000E+01    1.300000E+01    1.300000E+01    1.300000E+01    1.300000E+01    1.300000E+01    1.300000E+01    1.300000E+01    1.300000E+01    1.300000E+01    1.299999E+01    1.299999E+01    1.299999E+01    1.299999E+01    1.299999E+01    1.299999E+01    1.299999E+01    1.299999E+01    1.299999E+01    1.299999E+01    1.299999E+01    1.299999E+01    1.299999E+01    1.299999E+01    1.299999E+01    1.299999E+01    1.299999E+01    1.299999E+01    1.299999E+01    1.299999E+01    1.299999E+01    1.299999E+01    1.299999E+01    1.299999E+01    1.299999E+01    1.299999E+01    1.299999E+01    1.299999E+01    1.299999E+01    1.299999E+01    1.299999E+01    1.299999E+01    1.299999E+01    1.299999E+01    1.299998E+01    1.299998E+01    1.299998E+01    1.299998E+01    1.299998E+01    1.299998E+01    1.299998E+01    1.299998E+01    1.299998E+01    1.299998E+01    1.299998E+01    1.299998E+01    1.299998E+01    1.299998E+01    1.299998E+01    1.299998E+01    1.299998E+01    1.299998E+01    1.299998E+01    1.299998E+01    1.299998E+01    1.299998E+01    1.299999E+01    1.299999E+01    1.299999E+01    1.299999E+01    1.299999E+01    1.299999E+01    1.299999E+01    1.299999E+01    1.299999E+01    1.299999E+01    1.299999E+01    1.299999E+01    1.299999E+01    1.299999E+01    1.299999E+01    1.299999E+01    1.299999E+01    1.299999E+01    1.300000E+01    1.300001E+01    1.300003E+01    1.300006E+01    1.300012E+01    1.000000E+30    1.000000E+30    1.000000E+30    1.000000E+30    1.000000E+30    1.000000E+30    1.000000E+30    1.000000E+30    1.000000E+30    1.000000E+30    1.000000E+30    1.000000E+30    1.000000E+30    1.000000E+30    1.000000E+30    1.000000E+30    1.000000E+30    1.000000E+30    1.000000E+30    1.000000E+30    1.000000E+30    1.000000E+30    1.000000E+30    1.300018E+01    1.300017E+01    1.300014E+01    1.300010E+01    1.300008E+01    1.300006E+01    1.300004E+01    1.300003E+01    1.300003E+01    1.300002E+01    1.300001E+01    1.300001E+01    1.300000E+01    1.300000E+01    1.299999E+01    1.299999E+01    1.299998E+01    1.299996E+01    1.299991E+01    1.000000E+30
   1.000000E+30    1.000000E+30    1.000000E+30    1.000000E+30    1.000000E+30    1.000000E+30    1.000000E+30    1.000000E+30    1.000000E+30    1.000000E+30    1.000000E+30    1.000000E+30    1.300008E+01    1.300004E+01    1.300002E+01    1.300001E+01    1.300000E+01    1.300000E+01    1.300000E+01    1.300000E+01    1.300000E+01    1.300000E+01    1.300000E+01    1.300000E+01    1.300000E+01    1.300000E+01    1.300000E+01    1.300000E+01    1.300000E+01    1.299999E+01    1.299999E+01    1.299999E+01    1.299999E+01    1.299999E+01    1.299999E+01    1.299999E+01    1.299999E+01    1.299999E+01    1.299999E+01    1.299999E+01    1.299999E+01    1.299999E+01    1.299999E+01    1.299999E+01    1.299999E+01    1.299999E+01    1.299999E+01    1.299999E+01    1.299999E+01    1.299999E+01    1.299999E+01    1.299999E+01    1.299999E+01    1.299999E+01    1.299999E+01    1.299999E+01    1.299999E+01    1.299999E+01    1.299999E+01    1.299999E+01    1.299999E+01    1.299999E+01    1.299999E+01    1.299998E+01    1.299998E+01    1.299998E+01    1.299998E+01    1.299998E+01    1.299998E+01    1.299998E+01    1.299998E+01    1.299998E+01    1.299998E+01    1.299998E+01    1.299998E+01    1.299998E+01    1.299998E+01    1.299998E+01    1.299998E+01    1.299998E+01    1.299998E+01    1.299998E+01    1.299998E+01    1.299998E+01    1.299998E+01    1.299999E+01    1.299999E+01    1.299999E+01    1.299999E+01    1.299999E+01    1.299999E+01    1.299999E+01    1.299999E+01    1.299999E+01    1.299999E+01    1.299999E+01    1.299999E+01    1.299999E+01    1.299999E+01    1.299999E+01    1.299999E+01    1.299999E+01    1.300000E+01    1.300000E+01    1.300002E+01    1.300005E+01    1.300013E+01    1.000000E+30    1.000000E+30    1.000000E+30    1.000000E+30    1.000000E+30    1.000000E+30    1.000000E+30    1.000000E+30    1.000000E+30    1.000000E+30    1.000000E+30    1.000000E+30    1.000000E+30    1.000000E+30    1.000000E+30    1.000000E+30    1.000000E+30    1.000000E+30    1.000000E+30    1.000000E+30    1.000000E+30    1.000000E+30    1.000000E+30    1.000000E+30    1.000000E+30    1.000000E+30    1.000000E+30    1.300018E+01    1.300017E+01    1.300014E+01    1.300009E+01    1.300008E+01    1.300007E+01    1.300005E+01    1.300004E+01    1.300003E+01    1.300001E+01    1.300001E+01    1.300000E+01    1.299999E+01    1.299998E+01    1.299996E+01    1.299991E+01    1.000000E+30
   1.000000E+30    1.000000E+30    1.000000E+30    1.000000E+30    1.000000E+30    1.000000E+30    1.000000E+30    1.000000E+30    1.000000E+30    1.000000E+30    1.000000E+30    1.300009E+01    1.300005E+01    1.300002E+01    1.300001E+01    1.300001E+01    1.300000E+01    1.300000E+01    1.300000E+01    1.300000E+01    1.300000E+01    1.300000E+01    1.300000E+01    1.300000E+01    1.300000E+01    1.300000E+01    1.300000E+01    1.300000E+01    1.300000E+01    1.299999E+01    1.299999E+01    1.299999E+01    1.299999E+01    1.299999E+01    1.299999E+01    1.299999E+01    1.299999E+01    1.299999E+01    1.299999E+01    1.299999E+01    1.299999E+01    1.299999E+01    1.299999E+01    1.299999E+01    1.299999E+01    1.299999E+01    1.299999E+01    1.299999E+01    1.299999E+01    1.299999E+01    1.299999E+01    1.299999E+01    1.299999E+01    1.299999E+01    1.299999E+01    1.299999E+01    1.299999E+01    1.299999E+01    1.299999E+01    1.299999E+01    1.299999E+01    1.299999E+01    1.299999E+01    1.299998E+01    1.299998E+01    1.299998E+01    1.299998E+01    1.299998E+01    1.299998E+01    1.299998E+01    1.299998E+01    1.299998E+01    1.299998E+01    1.299998E+01    1.299998E+01    1.299998E+01    1.299998E+01    1.299998E+01    1.299998E+01    1.299998E+01    1.299998E+01    1.299998E+01    1.299998E+01    1.299998E+01    1.299998E+01    1.299999E+01    1.299999E+01    1.299999E+01    1.299999E+01    1.299999E+01    1.299999E+01    1.299999E+01    1.299999E+01    1.299999E+01    1.299999E+01    1.299999E+01    1.299999E+01    1.299999E+01    1.299999E+01    1.299999E+01    1.299999E+01    1.300000E+01    1.300000E+01    1.300001E+01    1.300003E+01    1.300008E+01    1.300016E+01    1.000000E+30    1.000000E+30    1.000000E+30    1.000000E+30    1.000000E+30    1.000000E+30    1.000000E+30    1.000000E+30    1.000000E+30    1.000000E+30    1.000000E+30    1.000000E+30    1.000000E+30    1.000000E+30    1.000000E+30    1.000000E+30    1.000000E+30    1.000000E+30    1.000000E+30    1.000000E+30    1.000000E+30    1.000000E+30    1.000000E+30    1.000000E+30    1.000000E+30    1.000000E+30    1.000000E+30    1.000000E+30    1.000000E+30    1.000000E+30    1.300017E+01    1.300016E+01    1.300016E+01    1.300014E+01    1.300011E+01    1.300006E+01    1.300004E+01    1.300003E+01    1.300001E+01    1.300000E+01    1.299999E+01    1.299997E+01    1.299992E+01    1.000000E+30
   1.000000E+30    1.000000E+30    1.000000E+30    1.000000E+30    1.000000E+30    1.000000E+30    1.000000E+30    1.000000E+30    1.000000E+30    1.000000E+30    1.000000E+30    1.300008E+01    1.300004E+01    1.300002E+01    1.300001E+01    1.300000E+01    1.300000E+01    1.300000E+01    1.300000E+01    1.300000E+01    1.300000E+01    1.300000E+01    1.300000E+01    1.300000E+01    1.300000E+01    1.300000E+01    1.300000E+01    1.300000E+01    1.300000E+01    1.299999E+01    1.299999E+01    1.299999E+01    1.299999E+01    1.299999E+01    1.299999E+01    1.299999E+01    1.299999E+01    1.299999E+01    1.299999E+01    1.299999E+01    1.299999E+01    1.299999E+01    1.299999E+01    1.299999E+01    1.299999E+01    1.299999E+01    1.299999E+01    1.299999E+01    1.299999E+01    1.299999E+01    1.299999E+01    1.299999E+01    1.299999E+01    1.299999E+01    1.299999E+01    1.299999E+01    1.299999E+01    1.299999E+01    1.299999E+01    1.299999E+01    1.299999E+01    1.299999E+01    1.299999E+01    1.299998E+01    1.299998E+01    1.299998E+01    1.299998E+01    1.299998E+01    1.299998E+01    1.299998E+01    1.299998E+01    1.299998E+01    1.299998E+01    1.299998E+01    1.299998E+01    1.299998E+01    1.299998E+01    1.299998E+01    1.299998E+01    1.299998E+01    1.299998E+01    1.299998E+01    1.299998E+01    1.299998E+01    1.299999E+01    1.299999E+01    1.299999E+01    1.299999E+01    1.299999E+01    1.299999E+01    1.299999E+01    1.299999E+01    1.299999E+01    1.299999E+01    1.299999E+01    1.299999E+01    1.299999E+01    1.299999E+01    1.299999E+01    1.299999E+01    1.300000E+01    1.300000E+01    1.300001E+01    1.300002E+01    1.300006E+01    1.300014E+01    1.000000E+30    1.000000E+30    1.000000E+30    1.000000E+30    1.000000E+30    1.000000E+30    1.000000E+30    1.000000E+30    1.000000E+30    1.000000E+30    1.000000E+30    1.000000E+30    1.000000E+30    1.000000E+30    1.000000E+30    1.000000E+30    1.000000E+30    1.000000E+30    1.000000E+30    1.000000E+30    1.000000E+30    1.000000E+30    1.000000E+30    1.000000E+30    1.000000E+30    1.000000E+30    1.000000E+30    1.000000E+30    1.000000E+30    1.000000E+30    1.000000E+30    1.000000E+30    1.000000E+30    1.000000E+30    1.300036E+01    1.300028E+01    1.300014E+01    1.300009E+01    1.300006E+01    1.300004E+01    1.300002E+01    1.300001E+01    1.299998E+01    1.299993E+01    1.000000E+30
   1.000000E+30    1.000000E+30    1.000000E+30    1.000000E+30    1.000000E+30    1.000000E+30    1.000000E+30    1.000000E+30    1.000000E+30    1.000000E+30    1.300009E+01    1.300005E+01    1.300003E+01    1.300001E+01    1.300001E+01    1.300000E+01    1.300000E+01    1.300000E+01    1.300000E+01    1.300000E+01    1.300000E+01    1.300000E+01    1.300000E+01    1.300000E+01    1.300000E+01    1.300000E+01    1.300000E+01    1.300000E+01    1.300000E+01    1.299999E+01    1.299999E+01    1.299999E+01    1.299999E+01    1.299999E+01    1.299999E+01    1.299999E+01    1.299999E+01    1.299999E+01    1.299999E+01    1.299999E+01    1.299999E+01    1.299999E+01    1.299999E+01    1.299999E+01    1.299999E+01    1.299999E+01    1.299999E+01    1.299999E+01    1.299999E+01    1.299999E+01    1.299999E+01    1.299999E+01    1.299999E+01    1.299999E+01    1.299999E+01    1.299999E+01    1.299999E+01    1.299999E+01    1.299999E+01    1.299999E+01    1.299999E+01    1.299999E+01    1.299999E+01    1.299999E+01    1.299998E+01    1.299998E+01    1.299998E+01    1.299998E+01    1.299998E+01    1.299998E+01    1.299998E+01    1.299998E+01    1.299998E+01    1.299998E+01    1.299998E+01    1.299998E+01    1.299998E+01    1.299998E+01    1.299998E+01    1.299998E+01    1.299998E+01    1.299998E+01    1.299998E+01    1.299998E+01    1.299999E+01    1.299999E+01    1.299999E+01    1.299999E+01    1.299999E+01    1.299999E+01    1.299999E+01    1.299999E+01    1.299999E+01    1.299999E+01    1.299999E+01    1.299999E+01    1.299999E+01    1.299999E+01    1.299999E+01    1.300000E+01    1.300000E+01    1.300000E+01    1.300001E+01    1.300003E+01    1.300008E+01    1.300015E+01    1.000000E+30    1.000000E+30    1.000000E+30    1.000000E+30    1.000000E+30    1.000000E+30    1.000000E+30    1.000000E+30    1.000000E+30    1.000000E+30    1.000000E+30    1.000000E+30    1.000000E+30    1.000000E+30    1.000000E+30    1.000000E+30    1.000000E+30    1.000000E+30    1.000000E+30    1.000000E+30    1.000000E+30    1.000000E+30    1.000000E+30    1.000000E+30    1.000000E+30    1.000000E+30    1.000000E+30    1.000000E+30    1.000000E+30    1.000000E+30    1.000000E+30    1.000000E+30    1.000000E+30    1.000000E+30    1.000000E+30    1.000000E+30    1.300050E+01    1.300018E+01    1.300015E+01    1.300009E+01    1.300007E+01    1.300005E+01    1.300001E+01    1.299996E+01    1.000000E+30
   1.000000E+30    1.000000E+30    1.000000E+30    1.000000E+30    1.000000E+30    1.000000E+30    1.000000E+30    1.000000E+30    1.000000E+30    1.000000E+30    1.300009E+01    1.300004E+01    1.300002E+01    1.300001E+01    1.300001E+01    1.300000E+01    1.300000E+01    1.300000E+01    1.300000E+01    1.300000E+01    1.300000E+01    1.300000E+01    1.300000E+01    1.300000E+01    1.300000E+01    1.300000E+01    1.300000E+01    1.300000E+01    1.299999E+01    1.299999E+01    1.299999E+01    1.299999E+01    1.299999E+01    1.299999E+01    1.299999E+01    1.299999E+01    1.299999E+01    1.299999E+01    1.299999E+01    1.299999E+01    1.299999E+01    1.299999E+01    1.299999E+01    1.299999E+01    1.299999E+01    1.299999E+01    1.299999E+01    1.299999E+01    1.299999E+01    1.299999E+01    1.299999E+01    1.299999E+01    1.299999E+01    1.299999E+01    1.299999E+01    1.299999E+01    1.299999E+01    1.299999E+01    1.299999E+01    1.299999E+01    1.299999E+01    1.299999E+01    1.299999E+01    1.299999E+01    1.299999E+01    1.299998E+01    1.299998E+01    1.299998E+01    1.299998E+01    1.299998E+01    1.299998E+01    1.299998E+01    1.299998E+01    1.299998E+01    1.299998E+01    1.299998E+01    1.299998E+01    1.299998E+01    1.299998E+01    1.299998E+01    1.299998E+01    1.299998E+01    1.299999E+01    1.299999E+01    1.299999E+01    1.299999E+01    1.299999E+01    1.299999E+01    1.299999E+01    1.299999E+01    1.299999E+01    1.299999E+01    1.299999E+01    1.299999E+01    1.299999E+01    1.299999E+01    1.299999E+01    1.299999E+01    1.300000E+01    1.300000E+01    1.300000E+01    1.300001E+01    1.300003E+01    1.300006E+01    1.300013E+01    1.000000E+30    1.000000E+30    1.000000E+30    1.000000E+30    1.000000E+30    1.000000E+30    1.000000E+30    1.000000E+30    1.000000E+30    1.000000E+30    1.000000E+30    1.000000E+30    1.000000E+30    1.000000E+30    1.000000E+30    1.000000E+30    1.000000E+30    1.000000E+30    1.000000E+30    1.000000E+30    1.000000E+30    1.000000E+30    1.000000E+30    1.000000E+30    1.000000E+30    1.000000E+30    1.000000E+30    1.000000E+30    1.000000E+30    1.000000E+30    1.000000E+30    1.000000E+30    1.000000E+30    1.000000E+30    1.000000E+30    1.000000E+30    1.000000E+30    1.000000E+30    1.000000E+30    1.000000E+30    1.300018E+01    1.300016E+01    1.300013E+01    1.300007E+01    1.300002E+01    1.000000E+30
   1.000000E+30    1.000000E+30    1.000000E+30    1.000000E+30    1.000000E+30    1.000000E+30    1.000000E+30    1.000000E+30    1.000000E+30    1.000000E+30    1.300008E+01    1.300004E+01    1.300002E+01    1.300001E+01    1.300000E+01    1.300000E+01    1.300000E+01    1.300000E+01    1.300000E+01    1.300000E+01    1.300000E+01    1.300000E+01    1.300000E+01    1.300000E+01    1.300000E+01    1.300000E+01    1.300000E+01    1.300000E+01    1.299999E+01    1.299999E+01    1.299999E+01    1.299999E+01    1.299999E+01    1.299999E+01    1.299999E+01    1.299999E+01    1.299999E+01    1.299999E+01    1.299999E+01    1.299999E+01    1.299999E+01    1.299999E+01    1.299999E+01    1.299999E+01    1.299999E+01    1.299999E+01    1.299999E+01    1.299999E+01    1.299999E+01    1.299999E+01    1.299999E+01    1.299999E+01    1.299999E+01    1.299999E+01    1.299999E+01    1.299999E+01    1.299999E+01    1.299999E+01    1.299999E+01    1.299999E+01    1.299999E+01    1.299999E+01    1.299999E+01    1.299999E+01    1.299999E+01    1.299999E+01    1.299998E+01    1.299998E+01    1.299998E+01    1.299998E+01    1.299998E+01    1.299998E+01    1.299998E+01    1.299998E+01    1.299998E+01    1.299998E+01    1.299998E+01    1.299998E+01    1.299998E+01    1.299998E+01    1.299999E+01    1.299999E+01    1.299999E+01    1.299999E+01    1.299999E+01    1.299999E+01    1.299999E+01    1.299999E+01    1.299999E+01    1.299999E+01    1.299999E+01    1.299999E+01    1.299999E+01    1.299999E+01    1.299999E+01    1.299999E+01    1.300000E+01    1.300000E+01    1.300000E+01    1.300001E+01    1.300002E+01    1.300003E+01    1.300005E+01    1.300009E+01    1.300014E+01    1.000000E+30    1.000000E+30    1.000000E+30    1.000000E+30    1.000000E+30    1.000000E+30    1.000000E+30    1.000000E+30    1.000000E+30    1.000000E+30    1.000000E+30    1.000000E+30    1.000000E+30    1.000000E+30    1.000000E+30    1.000000E+30    1.000000E+30    1.000000E+30    1.000000E+30    1.000000E+30    1.000000E+30    1.000000E+30    1.000000E+30    1.000000E+30    1.000000E+30    1.000000E+30    1.000000E+30    1.000000E+30    1.000000E+30    1.000000E+30    1.000000E+30    1.000000E+30    1.000000E+30    1.000000E+30    1.000000E+30    1.000000E+30    1.000000E+30    1.000000E+30    1.000000E+30    1.000000E+30    1.000000E+30    1.000000E+30    1.000000E+30    1.300016E+01    1.300015E+01    1.000000E+30
   1.000000E+30    1.000000E+30    1.000000E+30    1.000000E+30    1.000000E+30    1.000000E+30    1.000000E+30    1.000000E+30    1.000000E+30    1.300009E+01    1.300005E+01    1.300002E+01    1.300001E+01    1.300001E+01    1.300000E+01    1.300000E+01    1.300000E+01    1.300000E+01    1.300000E+01    1.300000E+01    1.300000E+01    1.300000E+01    1.300000E+01    1.300000E+01    1.300000E+01    1.300000E+01    1.300000E+01    1.300000E+01    1.299999E+01    1.299999E+01    1.299999E+01    1.299999E+01    1.299999E+01    1.299999E+01    1.299999E+01    1.299999E+01    1.299999E+01    1.299999E+01    1.299999E+01    1.299999E+01    1.299999E+01    1.299999E+01    1.299999E+01    1.299999E+01    1.299999E+01    1.299999E+01    1.299999E+01    1.299999E+01    1.299999E+01    1.299999E+01    1.299999E+01    1.299999E+01    1.299999E+01    1.299999E+01    1.299999E+01    1.299999E+01    1.299999E+01    1.299999E+01    1.299999E+01    1.299999E+01    1.299999E+01    1.299999E+01    1.299999E+01    1.299999E+01    1.299999E+01    1.299999E+01    1.299999E+01    1.299998E+01    1.299998E+01    1.299998E+01    1.299998E+01    1.299998E+01    1.299998E+01    1.299998E+01    1.299999E+01    1.299999E+01    1.299999E+01    1.299999E+01    1.299999E+01    1.299998E+01    1.299999E+01    1.299999E+01    1.299999E+01    1.299999E+01    1.299999E+01    1.299999E+01    1.299999E+01    1.299999E+01    1.299999E+01    1.299999E+01    1.299999E+01    1.299999E+01    1.299999E+01    1.299999E+01    1.299999E+01    1.300000E+01    1.300000E+01    1.300001E+01    1.300002E+01    1.300003E+01    1.300005E+01    1.300006E+01    1.300010E+01    1.300017E+01    1.000000E+30    1.000000E+30    1.000000E+30    1.000000E+30    1.000000E+30    1.000000E+30    1.000000E+30    1.000000E+30    1.000000E+30    1.000000E+30    1.000000E+30    1.000000E+30    1.000000E+30    1.000000E+30    1.000000E+30    1.000000E+30    1.000000E+30    1.000000E+30    1.000000E+30    1.000000E+30    1.000000E+30    1.000000E+30    1.000000E+30    1.000000E+30    1.000000E+30    1.000000E+30    1.000000E+30    1.000000E+30    1.000000E+30    1.000000E+30    1.000000E+30    1.000000E+30    1.000000E+30    1.000000E+30    1.000000E+30    1.000000E+30    1.000000E+30    1.000000E+30    1.000000E+30    1.000000E+30    1.000000E+30    1.000000E+30    1.000000E+30    1.000000E+30    1.000000E+30    1.000000E+30    1.000000E+30
   1.000000E+30    1.000000E+30    1.000000E+30    1.000000E+30    1.000000E+30    1.000000E+30    1.000000E+30    1.000000E+30    1.000000E+30    1.300008E+01    1.300004E+01    1.300002E+01    1.300001E+01    1.300001E+01    1.300000E+01    1.300000E+01    1.300000E+01    1.300000E+01    1.300000E+01    1.300000E+01    1.300000E+01    1.300000E+01    1.300000E+01    1.300000E+01    1.300000E+01    1.300000E+01    1.300000E+01    1.299999E+01    1.299999E+01    1.299999E+01    1.299999E+01    1.299999E+01    1.299999E+01    1.299999E+01    1.299999E+01    1.299999E+01    1.299999E+01    1.299999E+01    1.299999E+01    1.299999E+01    1.299999E+01    1.299999E+01    1.299999E+01    1.299999E+01    1.299999E+01    1.299999E+01    1.299999E+01    1.299999E+01    1.299999E+01    1.299999E+01    1.299999E+01    1.299999E+01    1.299999E+01    1.299999E+01    1.299999E+01    1.299999E+01    1.299999E+01    1.299999E+01    1.299999E+01    1.299999E+01    1.299999E+01    1.299999E+01    1.299999E+01    1.299999E+01    1.299999E+01    1.299999E+01    1.299999E+01    1.299999E+01    1.299999E+01    1.299999E+01    1.299999E+01    1.299999E+01    1.299999E+01    1.299999E+01    1.299999E+01    1.299999E+01    1.299999E+01    1.299999E+01    1.299999E+01    1.299999E+01    1.299999E+01    1.299999E+01    1.299999E+01    1.299999E+01    1.299999E+01    1.299999E+01    1.299999E+01    1.299999E+01    1.299999E+01    1.299999E+01    1.299999E+01    1.299999E+01    1.299999E+01    1.300000E+01    1.300000E+01    1.300001E+01    1.300002E+01    1.300003E+01    1.300005E+01    1.300008E+01    1.300012E+01    1.300015E+01    1.300021E+01    1.300032E+01    1.000000E+30    1.000000E+30    1.000000E+30    1.000000E+30    1.000000E+30    1.000000E+30    1.000000E+30    1.000000E+30    1.000000E+30    1.000000E+30    1.000000E+30    1.000000E+30    1.000000E+30    1.000000E+30    1.000000E+30    1.000000E+30    1.000000E+30    1.000000E+30    1.000000E+30    1.000000E+30    1.000000E+30    1.000000E+30    1.000000E+30    1.000000E+30    1.000000E+30    1.000000E+30    1.000000E+30    1.000000E+30    1.000000E+30    1.000000E+30    1.000000E+30    1.000000E+30    1.000000E+30    1.000000E+30    1.000000E+30    1.000000E+30    1.000000E+30    1.000000E+30    1.000000E+30    1.000000E+30    1.000000E+30    1.000000E+30    1.000000E+30    1.000000E+30    1.000000E+30    1.000000E+30    1.000000E+30
   1.000000E+30    1.000000E+30    1.000000E+30    1.000000E+30    1.000000E+30    1.000000E+30    1.000000E+30    1.000000E+30    1.300009E+01    1.300005E+01    1.300003E+01    1.300001E+01    1.300001E+01    1.300000E+01    1.300000E+01    1.300000E+01    1.300000E+01    1.300000E+01    1.300000E+01    1.300000E+01    1.300000E+01    1.300000E+01    1.300000E+01    1.300000E+01    1.300000E+01    1.300000E+01    1.300000E+01    1.299999E+01    1.299999E+01    1.299999E+01    1.299999E+01    1.299999E+01    1.299999E+01    1.299999E+01    1.299999E+01    1.299999E+01    1.299999E+01    1.299999E+01    1.299999E+01    1.299999E+01    1.299999E+01    1.299999E+01    1.299999E+01    1.299999E+01    1.299999E+01    1.299999E+01    1.299999E+01    1.299999E+01    1.299999E+01    1.299999E+01    1.299999E+01    1.299999E+01    1.299999E+01    1.299999E+01    1.299999E+01    1.299999E+01    1.299999E+01    1.299999E+01    1.299999E+01    1.299999E+01    1.299999E+01    1.299999E+01    1.299999E+01    1.299999E+01    1.299999E+01    1.299999E+01    1.299999E+01    1.299999E+01    1.299999E+01    1.299999E+01    1.299999E+01    1.299999E+01    1.299999E+01    1.299999E+01    1.299999E+01    1.299999E+01    1.299999E+01    1.299999E+01    1.299999E+01    1.299999E+01    1.299999E+01    1.299999E+01    1.299999E+01    1.299999E+01    1.299999E+01    1.299999E+01    1.299999E+01    1.299999E+01    1.299999E+01    1.299999E+01    1.299999E+01    1.299999E+01    1.300000E+01    1.300000E+01    1.300001E+01    1.300002E+01    1.300005E+01    1.300008E+01    1.300012E+01    1.300025E+01    1.300035E+01    1.300046E+01    1.300059E+01    1.000000E+30    1.000000E+30    1.000000E+30    1.000000E+30    1.000000E+30    1.000000E+30    1.000000E+30    1.000000E+30    1.000000E+30    1.000000E+30    1.000000E+30    1.000000E+30    1.000000E+30    1.000000E+30    1.000000E+30    1.000000E+30    1.000000E+30    1.000000E+30    1.000000E+30    1.000000E+30    1.000000E+30    1.000000E+30    1.000000E+30    1.000000E+30    1.000000E+30    1.000000E+30    1.000000E+30    1.000000E+30    1.000000E+30    1.000000E+30    1.000000E+30    1.000000E+30    1.000000E+30    1.000000E+30    1.000000E+30    1.000000E+30    1.000000E+30    1.000000E+30    1.000000E+30    1.000000E+30    1.000000E+30    1.000000E+30    1.000000E+30    1.000000E+30    1.000000E+30    1.000000E+30    1.000000E+30    1.000000E+30
   1.000000E+30    1.000000E+30    1.000000E+30    1.000000E+30    1.000000E+30    1.000000E+30    1.000000E+30    1.000000E+30    1.300008E+01    1.300004E+01    1.300002E+01    1.300001E+01    1.300001E+01    1.300000E+01    1.300000E+01    1.300000E+01    1.300000E+01    1.300000E+01    1.300000E+01    1.300000E+01    1.300000E+01    1.300000E+01    1.300000E+01    1.300000E+01    1.300000E+01    1.300000E+01    1.300000E+01    1.299999E+01    1.299999E+01    1.299999E+01    1.299999E+01    1.299999E+01    1.299999E+01    1.299999E+01    1.299999E+01    1.299999E+01    1.299999E+01    1.299999E+01    1.299999E+01    1.299999E+01    1.299999E+01    1.299999E+01    1.299999E+01    1.299999E+01    1.299999E+01    1.299999E+01    1.299999E+01    1.299999E+01    1.299999E+01    1.299999E+01    1.299999E+01    1.299999E+01    1.299999E+01    1.299999E+01    1.299999E+01    1.299999E+01    1.299999E+01    1.299999E+01    1.299999E+01    1.299999E+01    1.299999E+01    1.299999E+01    1.299999E+01    1.299999E+01    1.299999E+01    1.299999E+01    1.299999E+01    1.299999E+01    1.299999E+01    1.299999E+01    1.299999E+01    1.299999E+01    1.299999E+01    1.299999E+01    1.299999E+01    1.299999E+01    1.299999E+01    1.299999E+01    1.299999E+01    1.299999E+01    1.299999E+01    1.299999E+01    1.299999E+01    1.299999E+01    1.299999E+01    1.299999E+01    1.299999E+01    1.299999E+01    1.299999E+01    1.299999E+01    1.300000E+01    1.300000E+01    1.300001E+01    1.300002E+01    1.300004E+01    1.300007E+01    1.300015E+01    1.300022E+01    1.300032E+01    1.300046E+01    1.300064E+01    1.300085E+01    1.300097E+01    1.000000E+30    1.000000E+30    1.000000E+30    1.000000E+30    1.000000E+30    1.000000E+30    1.000000E+30    1.000000E+30    1.000000E+30    1.000000E+30    1.000000E+30    1.000000E+30    1.000000E+30    1.000000E+30    1.000000E+30    1.000000E+30    1.000000E+30    1.000000E+30    1.000000E+30    1.000000E+30    1.000000E+30    1.000000E+30    1.000000E+30    1.000000E+30    1.000000E+30    1.000000E+30    1.000000E+30    1.000000E+30    1.000000E+30    1.000000E+30    1.000000E+30    1.000000E+30    1.000000E+30    1.000000E+30    1.000000E+30    1.000000E+30    1.000000E+30    1.000000E+30    1.000000E+30    1.000000E+30    1.000000E+30    1.000000E+30    1.000000E+30    1.000000E+30    1.000000E+30    1.000000E+30    1.000000E+30    1.000000E+30
   1.000000E+30    1.000000E+30    1.000000E+30    1.000000E+30    1.000000E+30    1.000000E+30    1.000000E+30    1.300009E+01    1.300005E+01    1.300003E+01    1.300001E+01    1.300001E+01    1.300001E+01    1.300000E+01    1.300000E+01    1.300000E+01    1.300000E+01    1.300000E+01    1.300000E+01    1.300000E+01    1.300000E+01    1.300000E+01    1.300000E+01    1.300000E+01    1.300000E+01    1.300000E+01    1.300000E+01    1.299999E+01    1.299999E+01    1.299999E+01    1.299999E+01    1.299999E+01    1.299999E+01    1.299999E+01    1.299999E+01    1.299999E+01    1.299999E+01    1.299999E+01    1.299999E+01    1.299999E+01    1.299999E+01    1.299999E+01    1.299999E+01    1.299999E+01    1.299999E+01    1.299999E+01    1.299999E+01    1.299999E+01    1.299999E+01    1.299999E+01    1.299999E+01    1.299999E+01    1.299999E+01    1.299999E+01    1.299999E+01    1.299999E+01    1.299999E+01    1.299999E+01    1.299999E+01    1.299999E+01    1.299999E+01    1.299999E+01    1.299999E+01    1.299999E+01    1.299999E+01    1.299999E+01    1.299999E+01    1.299999E+01    1.299999E+01    1.299999E+01    1.299999E+01    1.299999E+01    1.299999E+01    1.299999E+01    1.299999E+01    1.299999E+01    1.299999E+01    1.299999E+01    1.299999E+01    1.299999E+01    1.299999E+01    1.299999E+01    1.299999E+01    1.299999E+01    1.299999E+01    1.299999E+01    1.299999E+01    1.299999E+01    1.299999E+01    1.300000E+01    1.300000E+01    1.300001E+01    1.300002E+01    1.300005E+01    1.300012E+01    1.300018E+01    1.300027E+01    1.300039E+01    1.300055E+01    1.300077E+01    1.300118E+01    1.300199E+01    1.000000E+30    1.000000E+30    1.000000E+30    1.000000E+30    1.000000E+30    1.000000E+30    1.000000E+30    1.000000E+30    1.000000E+30    1.000000E+30    1.000000E+30    1.000000E+30    1.000000E+30    1.000000E+30    1.000000E+30    1.000000E+30    1.000000E+30    1.000000E+30    1.000000E+30    1.000000E+30    1.000000E+30    1.000000E+30    1.000000E+30    1.000000E+30    1.000000E+30    1.000000E+30    1.000000E+30    1.000000E+30    1.000000E+30    1.000000E+30    1.000000E+30    1.000000E+30    1.000000E+30    1.000000E+30    1.000000E+30    1.000000E+30    1.000000E+30    1.000000E+30    1.000000E+30    1.000000E+30    1.000000E+30    1.000000E+30    1.000000E+30    1.000000E+30    1.000000E+30    1.000000E+30    1.000000E+30    1.000000E+30    1.000000E+30
   1.000000E+30    1.000000E+30    1.000000E+30    1.000000E+30    1.000000E+30    1.000000E+30    1.000000E+30    1.300008E+01    1.300004E+01    1.300002E+01    1.300001E+01    1.300001E+01    1.300000E+01    1.300000E+01    1.300000E+01    1.300000E+01    1.300000E+01    1.300000E+01    1.300000E+01    1.300000E+01    1.300000E+01    1.300000E+01    1.300000E+01    1.300000E+01    1.300000E+01    1.300000E+01    1.300000E+01    1.299999E+01    1.299999E+01    1.299999E+01    1.299999E+01    1.299999E+01    1.299999E+01    1.299999E+01    1.299999E+01    1.299999E+01    1.299999E+01    1.299999E+01    1.299999E+01    1.299999E+01    1.299999E+01    1.299999E+01    1.299999E+01    1.299999E+01    1.299999E+01    1.299999E+01    1.299999E+01    1.299999E+01    1.299999E+01    1.299999E+01    1.299999E+01    1.299999E+01    1.299999E+01    1.299999E+01    1.299999E+01    1.299999E+01    1.299999E+01    1.299999E+01    1.299999E+01    1.299999E+01    1.299999E+01    1.299999E+01    1.299999E+01    1.299999E+01    1.299999E+01    1.299999E+01    1.299999E+01    1.299999E+01    1.299999E+01    1.299999E+01    1.299999E+01    1.299999E+01    1.299999E+01    1.299999E+01    1.299999E+01    1.299999E+01    1.299999E+01    1.299999E+01    1.299999E+01    1.299999E+01    1.299999E+01    1.299999E+01    1.299999E+01    1.299999E+01    1.299999E+01    1.299999E+01    1.300000E+01    1.300000E+01    1.300000E+01    1.300001E+01    1.300001E+01    1.300003E+01    1.300006E+01    1.300013E+01    1.300021E+01    1.300030E+01    1.300042E+01    1.300062E+01    1.300092E+01    1.000000E+30    1.000000E+30    1.000000E+30    1.000000E+30    1.000000E+30    1.000000E+30    1.000000E+30    1.000000E+30    1.000000E+30    1.000000E+30    1.000000E+30    1.000000E+30    1.000000E+30    1.000000E+30    1.000000E+30    1.000000E+30    1.000000E+30    1.000000E+30    1.000000E+30    1.000000E+30    1.000000E+30    1.000000E+30    1.000000E+30    1.000000E+30    1.000000E+30    1.000000E+30    1.000000E+30    1.000000E+30    1.000000E+30    1.000000E+30    1.000000E+30    1.000000E+30    1.000000E+30    1.000000E+30    1.000000E+30    1.000000E+30    1.000000E+30    1.000000E+30    1.000000E+30    1.000000E+30    1.000000E+30    1.000000E+30    1.000000E+30    1.000000E+30    1.000000E+30    1.000000E+30    1.000000E+30    1.000000E+30    1.000000E+30    1.000000E+30    1.000000E+30    1.000000E+30
   1.000000E+30    1.000000E+30    1.000000E+30    1.000000E+30    1.000000E+30    1.000000E+30    1.300009E+01    1.300005E+01    1.300003E+01    1.300001E+01    1.300001E+01    1.300001E+01    1.300000E+01    1.300000E+01    1.300000E+01    1.300000E+01    1.300000E+01    1.300000E+01    1.300000E+01    1.300000E+01    1.300000E+01    1.300000E+01    1.300000E+01    1.300000E+01    1.300000E+01    1.300000E+01    1.300000E+01    1.300000E+01    1.299999E+01    1.299999E+01    1.299999E+01    1.299999E+01    1.299999E+01    1.299999E+01    1.299999E+01    1.299999E+01    1.299999E+01    1.299999E+01    1.299999E+01    1.299999E+01    1.299999E+01    1.299999E+01    1.299999E+01    1.299999E+01    1.299999E+01    1.299999E+01    1.299999E+01    1.299999E+01    1.299999E+01    1.299999E+01    1.299999E+01    1.299999E+01    1.299999E+01    1.299999E+01    1.299999E+01    1.299999E+01    1.299999E+01    1.299999E+01    1.299999E+01    1.299999E+01    1.299999E+01    1.299999E+01    1.299999E+01    1.299999E+01    1.299999E+01    1.299999E+01    1.299999E+01    1.299999E+01    1.299999E+01    1.299999E+01    1.299999E+01    1.299999E+01    1.299999E+01    1.299999E+01    1.299999E+01    1.299999E+01    1.299999E+01    1.299999E+01    1.299999E+01    1.299999E+01    1.299999E+01    1.299999E+01    1.299999E+01    1.299999E+01    1.299999E+01    1.300000E+01    1.300000E+01    1.300001E+01    1.300002E+01    1.300003E+01    1.300005E+01    1.300007E+01    1.300015E+01    1.300023E+01    1.300032E+01    1.300043E+01    1.300062E+01    1.300107E+01    1.000000E+30    1.000000E+30    1.000000E+30    1.000000E+30    1.000000E+30    1.000000E+30    1.000000E+30    1.000000E+30    1.000000E+30    1.000000E+30    1.000000E+30    1.000000E+30    1.000000E+30    1.000000E+30    1.000000E+30    1.000000E+30    1.000000E+30    1.000000E+30    1.000000E+30    1.000000E+30    1.000000E+30    1.000000E+30    1.000000E+30    1.000000E+30    1.000000E+30    1.000000E+30    1.000000E+30    1.000000E+30    1.000000E+30    1.000000E+30    1.000000E+30    1.000000E+30    1.000000E+30    1.000000E+30    1.000000E+30    1.000000E+30    1.000000E+30    1.000000E+30    1.000000E+30    1.000000E+30    1.000000E+30    1.000000E+30    1.000000E+30    1.000000E+30    1.000000E+30    1.000000E+30    1.000000E+30    1.000000E+30    1.000000E+30    1.000000E+30    1.000000E+30    1.000000E+30    1.000000E+30
   1.000000E+30    1.000000E+30    1.000000E+30    1.000000E+30    1.000000E+30    1.000000E+30    1.300008E+01    1.300004E+01    1.300002E+01    1.300001E+01    1.300001E+01    1.300001E+01    1.300000E+01    1.300000E+01    1.300000E+01    1.300000E+01    1.300000E+01    1.300000E+01    1.300000E+01    1.300000E+01    1.300000E+01    1.300000E+01    1.300000E+01    1.300000E+01    1.300000E+01    1.300000E+01    1.300000E+01    1.300000E+01    1.299999E+01    1.299999E+01    1.299999E+01    1.299999E+01    1.299999E+01    1.299999E+01    1.299999E+01    1.299999E+01    1.299999E+01    1.299999E+01    1.299999E+01    1.299999E+01    1.299999E+01    1.299999E+01    1.299999E+01    1.299999E+01    1.299999E+01    1.299999E+01    1.299999E+01    1.299999E+01    1.299999E+01    1.299999E+01    1.299999E+01    1.299999E+01    1.299999E+01    1.299999E+01    1.299999E+01    1.299999E+01    1.299999E+01    1.299999E+01    1.299999E+01    1.299999E+01    1.299999E+01    1.299999E+01    1.299999E+01    1.299999E+01    1.299999E+01    1.299999E+01    1.299999E+01    1.299999E+01    1.299999E+01    1.299999E+01    1.299999E+01    1.299999E+01    1.299999E+01    1.299999E+01    1.299999E+01    1.299999E+01    1.299999E+01    1.299999E+01    1.299999E+01    1.299999E+01    1.299999E+01    1.299998E+01    1.299998E+01    1.299999E+01    1.300000E+01    1.300001E+01    1.300002E+01    1.300005E+01    1.300007E+01    1.300010E+01    1.300014E+01    1.300019E+01    1.300026E+01    1.300035E+01    1.300046E+01    1.300063E+01    1.000000E+30    1.000000E+30    1.000000E+30    1.000000E+30    1.000000E+30    1.000000E+30    1.000000E+30    1.000000E+30    1.000000E+30    1.000000E+30    1.000000E+30    1.000000E+30    1.000000E+30    1.000000E+30    1.000000E+30    1.000000E+30    1.000000E+30    1.000000E+30    1.000000E+30    1.000000E+30    1.000000E+30    1.000000E+30    1.000000E+30    1.000000E+30    1.000000E+30    1.000000E+30    1.000000E+30    1.000000E+30    1.000000E+30    1.000000E+30    1.000000E+30    1.000000E+30    1.000000E+30    1.000000E+30    1.000000E+30    1.000000E+30    1.000000E+30    1.000000E+30    1.000000E+30    1.000000E+30    1.000000E+30    1.000000E+30    1.000000E+30    1.000000E+30    1.000000E+30    1.000000E+30    1.000000E+30    1.000000E+30    1.000000E+30    1.000000E+30    1.000000E+30    1.000000E+30    1.000000E+30    1.000000E+30    1.000000E+30
   1.000000E+30    1.000000E+30    1.000000E+30    1.000000E+30    1.000000E+30    1.300010E+01    1.300006E+01    1.300003E+01    1.300002E+01    1.300001E+01    1.300001E+01    1.300000E+01    1.300000E+01    1.300000E+01    1.300000E+01    1.300000E+01    1.300000E+01    1.300000E+01    1.300000E+01    1.300000E+01    1.300000E+01    1.300000E+01    1.300000E+01    1.300000E+01    1.300000E+01    1.300000E+01    1.300000E+01    1.300000E+01    1.299999E+01    1.299999E+01    1.299999E+01    1.299999E+01    1.299999E+01    1.299999E+01    1.299999E+01    1.299999E+01    1.299999E+01    1.299999E+01    1.299999E+01    1.299999E+01    1.299999E+01    1.299999E+01    1.299999E+01    1.299999E+01    1.299999E+01    1.299999E+01    1.299999E+01    1.299999E+01    1.299999E+01    1.299999E+01    1.299999E+01    1.299999E+01    1.299999E+01    1.299999E+01    1.299999E+01    1.299999E+01    1.299999E+01    1.299999E+01    1.299999E+01    1.299999E+01    1.299999E+01    1.299999E+01    1.299999E+01    1.299999E+01    1.299999E+01    1.299999E+01    1.299999E+01    1.299999E+01    1.299999E+01    1.299999E+01    1.299999E+01    1.299999E+01    1.299999E+01    1.299999E+01    1.299999E+01    1.299999E+01    1.299999E+01    1.299999E+01    1.299999E+01    1.299998E+01    1.299998E+01    1.299998E+01    1.299998E+01    1.299999E+01    1.300001E+01    1.300003E+01    1.300005E+01    1.300009E+01    1.300013E+01    1.300017E+01    1.300023E+01    1.300030E+01    1.300039E+01    1.300050E+01    1.300066E+01    1.300091E+01    1.000000E+30    1.000000E+30    1.000000E+30    1.000000E+30    1.000000E+30    1.000000E+30    1.000000E+30    1.000000E+30    1.000000E+30    1.000000E+30    1.000000E+30    1.000000E+30    1.000000E+30    1.000000E+30    1.000000E+30    1.000000E+30    1.000000E+30    1.000000E+30    1.000000E+30    1.000000E+30    1.000000E+30    1.000000E+30    1.000000E+30    1.000000E+30    1.000000E+30    1.000000E+30    1.000000E+30    1.000000E+30    1.000000E+30    1.000000E+30    1.000000E+30    1.000000E+30    1.000000E+30    1.000000E+30    1.000000E+30    1.000000E+30    1.000000E+30    1.000000E+30    1.000000E+30    1.000000E+30    1.000000E+30    1.000000E+30    1.000000E+30    1.000000E+30    1.000000E+30    1.000000E+30    1.000000E+30    1.000000E+30    1.000000E+30    1.000000E+30    1.000000E+30    1.000000E+30    1.000000E+30    1.000000E+30    1.000000E+30
   1.000000E+30    1.000000E+30    1.000000E+30    1.000000E+30    1.000000E+30    1.300009E+01    1.300005E+01    1.300002E+01    1.300001E+01    1.300001E+01    1.300001E+01    1.300000E+01    1.300000E+01    1.300000E+01    1.300000E+01    1.300000E+01    1.300000E+01    1.300000E+01    1.300000E+01    1.300000E+01    1.300000E+01    1.300000E+01    1.300000E+01    1.300000E+01    1.300000E+01    1.300000E+01    1.300000E+01    1.300000E+01    1.299999E+01    1.299999E+01    1.299999E+01    1.299999E+01    1.299999E+01    1.299999E+01    1.299999E+01    1.299999E+01    1.299999E+01    1.299999E+01    1.299999E+01    1.299999E+01    1.299999E+01    1.299999E+01    1.299999E+01    1.299999E+01    1.299999E+01    1.299999E+01    1.299999E+01    1.299999E+01    1.299999E+01    1.299999E+01    1.299999E+01    1.299999E+01    1.299999E+01    1.299999E+01    1.299999E+01    1.299999E+01    1.299999E+01    1.299999E+01    1.299999E+01    1.299999E+01    1.299999E+01    1.299999E+01    1.299999E+01    1.299999E+01    1.299999E+01    1.299999E+01    1.299999E+01    1.299999E+01    1.299999E+01    1.299999E+01    1.299999E+01    1.299999E+01    1.299999E+01    1.299999E+01    1.299999E+01    1.299999E+01    1.299999E+01    1.299999E+01    1.299998E+01    1.299998E+01    1.299998E+01    1.299999E+01    1.299999E+01    1.300001E+01    1.300003E+01    1.300005E+01    1.300009E+01    1.300013E+01    1.300019E+01    1.300025E+01    1.300033E+01    1.300042E+01    1.300052E+01    1.300067E+01    1.300088E+01    1.300119E+01    1.000000E+30    1.000000E+30    1.000000E+30    1.000000E+30    1.000000E+30    1.000000E+30    1.000000E+30    1.000000E+30    1.000000E+30    1.000000E+30    1.000000E+30    1.000000E+30    1.000000E+30    1.000000E+30    1.000000E+30    1.000000E+30    1.000000E+30    1.000000E+30    1.000000E+30    1.000000E+30    1.000000E+30    1.000000E+30    1.000000E+30    1.000000E+30    1.000000E+30    1.000000E+30    1.000000E+30    1.000000E+30    1.000000E+30    1.000000E+30    1.000000E+30    1.000000E+30    1.000000E+30    1.000000E+30    1.000000E+30    1.000000E+30    1.000000E+30    1.000000E+30    1.000000E+30    1.000000E+30    1.000000E+30    1.000000E+30    1.000000E+30    1.000000E+30    1.000000E+30    1.000000E+30    1.000000E+30    1.000000E+30    1.000000E+30    1.000000E+30    1.000000E+30    1.000000E+30    1.000000E+30    1.000000E+30    1.000000E+30
   1.000000E+30    1.000000E+30    1.000000E+30    1.000000E+30    1.000000E+30    1.300008E+01    1.300004E+01    1.300002E+01    1.300001E+01    1.300001E+01    1.300001E+01    1.300000E+01    1.300000E+01    1.300000E+01    1.300000E+01    1.300000E+01    1.300000E+01    1.300000E+01    1.300000E+01    1.300000E+01    1.300000E+01    1.300000E+01    1.300000E+01    1.300000E+01    1.300000E+01    1.300000E+01    1.300000E+01    1.300000E+01    1.299999E+01    1.299999E+01    1.299999E+01    1.299999E+01    1.299999E+01    1.299999E+01    1.299999E+01    1.299999E+01    1.299999E+01    1.299999E+01    1.299999E+01    1.299999E+01    1.299999E+01    1.299999E+01    1.299999E+01    1.299999E+01    1.299999E+01    1.299999E+01    1.299999E+01    1.299999E+01    1.299999E+01    1.299999E+01    1.299999E+01    1.299999E+01    1.299999E+01    1.299999E+01    1.299999E+01    1.299999E+01    1.299999E+01    1.299999E+01    1.299999E+01    1.299999E+01    1.299999E+01    1.299999E+01    1.299999E+01    1.299999E+01    1.299999E+01    1.299999E+01    1.299999E+01    1.300000E+01    1.300000E+01    1.300000E+01    1.300000E+01    1.300000E+01    1.300000E+01    1.300000E+01    1.300000E+01    1.300000E+01    1.300000E+01    1.300000E+01    1.299999E+01    1.299999E+01    1.299999E+01    1.300000E+01    1.300001E+01    1.300003E+01    1.300005E+01    1.300009E+01    1.300013E+01    1.300018E+01    1.300025E+01    1.300033E+01    1.300042E+01    1.300053E+01    1.300066E+01    1.300085E+01    1.300110E+01    1.300145E+01    1.000000E+30    1.000000E+30    1.000000E+30    1.000000E+30    1.000000E+30    1.000000E+30    1.000000E+30    1.000000E+30    1.000000E+30    1.000000E+30    1.000000E+30    1.000000E+30    1.000000E+30    1.000000E+30    1.000000E+30    1.000000E+30    1.000000E+30    1.000000E+30    1.000000E+30    1.000000E+30    1.000000E+30    1.000000E+30    1.000000E+30    1.000000E+30    1.000000E+30    1.000000E+30    1.000000E+30    1.000000E+30    1.000000E+30    1.000000E+30    1.000000E+30    1.000000E+30    1.000000E+30    1.000000E+30    1.000000E+30    1.000000E+30    1.000000E+30    1.000000E+30    1.000000E+30    1.000000E+30    1.000000E+30    1.000000E+30    1.000000E+30    1.000000E+30    1.000000E+30    1.000000E+30    1.000000E+30    1.000000E+30    1.000000E+30    1.000000E+30    1.000000E+30    1.000000E+30    1.000000E+30    1.000000E+30    1.000000E+30
   1.000000E+30    1.000000E+30    1.000000E+30    1.000000E+30    1.300009E+01    1.300005E+01    1.300003E+01    1.300001E+01    1.300001E+01    1.300001E+01    1.300000E+01    1.300000E+01    1.300000E+01    1.300000E+01    1.300000E+01    1.300000E+01    1.300000E+01    1.300000E+01    1.300000E+01    1.300000E+01    1.300000E+01    1.300000E+01    1.300000E+01    1.300000E+01    1.300000E+01    1.300000E+01    1.300000E+01    1.300000E+01    1.299999E+01    1.299999E+01    1.299999E+01    1.299999E+01    1.299999E+01    1.299999E+01    1.299999E+01    1.299999E+01    1.299999E+01    1.299999E+01    1.299999E+01    1.299999E+01    1.299999E+01    1.299999E+01    1.299999E+01    1.299999E+01    1.299999E+01    1.299999E+01    1.299999E+01    1.299999E+01    1.299999E+01    1.299999E+01    1.299999E+01    1.299999E+01    1.299999E+01    1.299999E+01    1.299999E+01    1.299999E+01    1.299999E+01    1.299999E+01    1.299999E+01    1.299999E+01    1.299999E+01    1.300000E+01    1.300000E+01    1.300000E+01    1.300000E+01    1.300000E+01    1.300000E+01    1.300000E+01    1.300000E+01    1.300001E+01    1.300001E+01    1.300001E+01    1.300001E+01    1.300002E+01    1.300002E+01    1.300002E+01    1.300002E+01    1.300001E+01    1.300001E+01    1.300001E+01    1.300002E+01    1.300002E+01    1.300004E+01    1.300006E+01    1.300009E+01    1.300013E+01    1.300017E+01    1.300024E+01    1.300031E+01    1.300040E+01    1.300051E+01    1.300064E+01    1.300080E+01    1.300102E+01    1.300132E+01    1.300175E+01    1.300246E+01    1.000000E+30    1.000000E+30    1.000000E+30    1.000000E+30    1.000000E+30    1.000000E+30    1.000000E+30    1.000000E+30    1.000000E+30    1.000000E+30    1.000000E+30    1.000000E+30    1.000000E+30    1.000000E+30    1.000000E+30    1.000000E+30    1.000000E+30    1.000000E+30    1.000000E+30    1.000000E+30    1.000000E+30    1.000000E+30    1.000000E+30    1.000000E+30    1.000000E+30    1.000000E+30    1.000000E+30    1.000000E+30    1.000000E+30    1.000000E+30    1.000000E+30    1.000000E+30    1.000000E+30    1.000000E+30    1.000000E+30    1.000000E+30    1.000000E+30    1.000000E+30    1.000000E+30    1.000000E+30    1.000000E+30    1.000000E+30    1.000000E+30    1.000000E+30    1.000000E+30    1.000000E+30    1.000000E+30    1.000000E+30    1.000000E+30    1.000000E+30    1.000000E+30    1.000000E+30    1.000000E+30    1.000000E+30
   1.000000E+30    1.000000E+30    1.000000E+30    1.000000E+30    1.300008E+01    1.300004E+01    1.300002E+01    1.300001E+01    1.300001E+01    1.300001E+01    1.300000E+01    1.300000E+01    1.300000E+01    1.300000E+01    1.300000E+01    1.300000E+01    1.300000E+01    1.300000E+01    1.300000E+01    1.300000E+01    1.300000E+01    1.300000E+01    1.300000E+01    1.300000E+01    1.300000E+01    1.300000E+01    1.300000E+01    1.300000E+01    1.299999E+01    1.299999E+01    1.299999E+01    1.299999E+01    1.299999E+01    1.299999E+01    1.299999E+01    1.299999E+01    1.299999E+01    1.299999E+01    1.299999E+01    1.299999E+01    1.299999E+01    1.299999E+01    1.299999E+01    1.299999E+01    1.299999E+01    1.299999E+01    1.299999E+01    1.299999E+01    1.299999E+01    1.299999E+01    1.299999E+01    1.299999E+01    1.299999E+01    1.299999E+01    1.299999E+01    1.299999E+01    1.299999E+01    1.299999E+01    1.300000E+01    1.300000E+01    1.300000E+01    1.300000E+01    1.300000E+01    1.300001E+01    1.300001E+01    1.300002E+01    1.300002E+01    1.300002E+01    1.300003E+01    1.300005E+01    1.300005E+01    1.300005E+01    1.300005E+01    1.300006E+01    1.300005E+01    1.300005E+01    1.300005E+01    1.300005E+01    1.300004E+01    1.300004E+01    1.300005E+01    1.300006E+01    1.300007E+01    1.300009E+01    1.300012E+01    1.300017E+01    1.300022E+01    1.300029E+01    1.300037E+01    1.300048E+01    1.300060E+01    1.300075E+01    1.300093E+01    1.300118E+01    1.300150E+01    1.300196E+01    1.300258E+01    1.300346E+01    1.000000E+30    1.000000E+30    1.000000E+30    1.000000E+30    1.000000E+30    1.000000E+30    1.000000E+30    1.000000E+30    1.000000E+30    1.000000E+30    1.000000E+30    1.000000E+30    1.000000E+30    1.000000E+30    1.000000E+30    1.000000E+30    1.000000E+30    1.000000E+30    1.000000E+30    1.000000E+30    1.000000E+30    1.000000E+30    1.000000E+30    1.000000E+30    1.000000E+30    1.000000E+30    1.000000E+30    1.000000E+30    1.000000E+30    1.000000E+30    1.000000E+30    1.000000E+30    1.000000E+30    1.000000E+30    1.000000E+30    1.000000E+30    1.000000E+30    1.000000E+30    1.000000E+30    1.000000E+30    1.000000E+30    1.000000E+30    1.000000E+30    1.000000E+30    1.000000E+30    1.000000E+30    1.000000E+30    1.000000E+30    1.000000E+30    1.000000E+30    1.000000E+30    1.000000E+30    1.000000E+30
   1.000000E+30    1.000000E+30    1.000000E+30    1.300009E+01    1.300005E+01    1.300003E+01    1.300002E+01    1.300001E+01    1.300001E+01    1.300001E+01    1.300000E+01    1.300000E+01    1.300000E+01    1.300000E+01    1.300000E+01    1.300000E+01    1.300000E+01    1.300000E+01    1.300000E+01    1.300000E+01    1.300000E+01    1.300000E+01    1.300000E+01    1.300000E+01    1.300000E+01    1.300000E+01    1.300000E+01    1.300000E+01    1.300000E+01    1.299999E+01    1.299999E+01    1.299999E+01    1.299999E+01    1.299999E+01    1.299999E+01    1.299999E+01    1.299999E+01    1.299999E+01    1.299999E+01    1.299999E+01    1.299999E+01    1.299999E+01    1.299999E+01    1.299999E+01    1.299999E+01    1.299999E+01    1.299999E+01    1.299999E+01    1.299999E+01    1.299999E+01    1.299999E+01    1.299999E+01    1.299999E+01    1.300000E+01    1.300000E+01    1.300000E+01    1.300000E+01    1.300000E+01    1.300000E+01    1.300001E+01    1.300001E+01    1.300002E+01    1.300003E+01    1.300003E+01    1.300004E+01    1.300007E+01    1.300008E+01    1.300009E+01    1.300010E+01    1.300011E+01    1.300011E+01    1.300011E+01    1.300011E+01    1.300011E+01    1.300010E+01    1.300010E+01    1.300010E+01    1.300009E+01    1.300009E+01    1.300009E+01    1.300009E+01    1.300010E+01    1.300011E+01    1.300014E+01    1.300017E+01    1.300021E+01    1.300027E+01    1.300034E+01    1.300043E+01    1.300054E+01    1.300068E+01    1.300084E+01    1.300105E+01    1.300131E+01    1.300165E+01    1.300209E+01    1.300264E+01    1.300335E+01    1.300431E+01    1.000000E+30    1.000000E+30    1.000000E+30    1.000000E+30    1.000000E+30    1.000000E+30    1.000000E+30    1.000000E+30    1.000000E+30    1.000000E+30    1.000000E+30    1.000000E+30    1.000000E+30    1.000000E+30    1.000000E+30    1.000000E+30    1.000000E+30    1.000000E+30    1.000000E+30    1.000000E+30    1.000000E+30    1.000000E+30    1.000000E+30    1.000000E+30    1.000000E+30    1.000000E+30    1.000000E+30    1.000000E+30    1.000000E+30    1.000000E+30    1.000000E+30    1.000000E+30    1.000000E+30    1.000000E+30    1.000000E+30    1.000000E+30    1.000000E+30    1.000000E+30    1.000000E+30    1.000000E+30    1.000000E+30    1.000000E+30    1.000000E+30    1.000000E+30    1.000000E+30    1.000000E+30    1.000000E+30    1.000000E+30    1.000000E+30    1.000000E+30    1.000000E+30    1.000000E+30
   1.000000E+30    1.000000E+30    1.000000E+30    1.300008E+01    1.300004E+01    1.300002E+01    1.300001E+01    1.300001E+01    1.300001E+01    1.300001E+01    1.300000E+01    1.300000E+01    1.300000E+01    1.300000E+01    1.300000E+01    1.300000E+01    1.300000E+01    1.300000E+01    1.300000E+01    1.300000E+01    1.300000E+01    1.300000E+01    1.300000E+01    1.300000E+01    1.300000E+01    1.300000E+01    1.300000E+01    1.300000E+01    1.300000E+01    1.299999E+01    1.299999E+01    1.299999E+01    1.299999E+01    1.299999E+01    1.299999E+01    1.299999E+01    1.299999E+01    1.299999E+01    1.299999E+01    1.299999E+01    1.299999E+01    1.299999E+01    1.299999E+01    1.299999E+01    1.299999E+01    1.299999E+01    1.299999E+01    1.299999E+01    1.299999E+01    1.299999E+01    1.300000E+01    1.300000E+01    1.300000E+01    1.300000E+01    1.300000E+01    1.300001E+01    1.300001E+01    1.300001E+01    1.300002E+01    1.300003E+01    1.300005E+01    1.300009E+01    1.300011E+01    1.300012E+01    1.300013E+01    1.300015E+01    1.300016E+01    1.300017E+01    1.300018E+01    1.300018E+01    1.300018E+01    1.300018E+01    1.300018E+01    1.300018E+01    1.300017E+01    1.300017E+01    1.300016E+01    1.300016E+01    1.300015E+01    1.300015E+01    1.300015E+01    1.300015E+01    1.300017E+01    1.300019E+01    1.300022E+01    1.300027E+01    1.300032E+01    1.300040E+01    1.300049E+01    1.300061E+01    1.300075E+01    1.300092E+01    1.300114E+01    1.300141E+01    1.300175E+01    1.300215E+01    1.300264E+01    1.300321E+01    1.300388E+01    1.000000E+30    1.000000E+30    1.000000E+30    1.000000E+30    1.000000E+30    1.000000E+30    1.000000E+30    1.000000E+30    1.000000E+30    1.000000E+30    1.000000E+30    1.000000E+30    1.000000E+30    1.000000E+30    1.000000E+30    1.000000E+30    1.000000E+30    1.000000E+30    1.000000E+30    1.000000E+30    1.000000E+30    1.000000E+30    1.000000E+30    1.000000E+30    1.000000E+30    1.000000E+30    1.000000E+30    1.000000E+30    1.000000E+30    1.000000E+30    1.000000E+30    1.000000E+30    1.000000E+30    1.000000E+30    1.000000E+30    1.000000E+30    1.000000E+30    1.000000E+30    1.000000E+30    1.000000E+30    1.000000E+30    1.000000E+30    1.000000E+30    1.000000E+30    1.000000E+30    1.000000E+30    1.000000E+30    1.000000E+30    1.000000E+30    1.000000E+30    1.000000E+30    1.000000E+30
   1.000000E+30    1.000000E+30    1.300010E+01    1.300006E+01    1.300003E+01    1.300002E+01    1.300001E+01    1.300001E+01    1.300001E+01    1.300000E+01    1.300000E+01    1.300000E+01    1.300000E+01    1.300000E+01    1.300000E+01    1.300000E+01    1.300000E+01    1.300000E+01    1.300000E+01    1.300000E+01    1.300000E+01    1.300000E+01    1.300000E+01    1.300000E+01    1.300000E+01    1.300000E+01    1.300000E+01    1.300000E+01    1.300000E+01    1.299999E+01    1.299999E+01    1.299999E+01    1.299999E+01    1.299999E+01    1.299999E+01    1.299999E+01    1.299999E+01    1.299999E+01    1.299999E+01    1.299999E+01    1.299999E+01    1.299999E+01    1.299999E+01    1.299999E+01    1.299999E+01    1.299999E+01    1.299999E+01    1.300000E+01    1.300000E+01    1.300000E+01    1.300000E+01    1.300001E+01    1.300001E+01    1.300001E+01    1.300002E+01    1.300003E+01    1.300004E+01    1.300005E+01    1.300007E+01    1.300012E+01    1.300015E+01    1.300018E+01    1.300020E+01    1.300022E+01    1.300024E+01    1.300025E+01    1.300026E+01    1.300027E+01    1.300027E+01    1.300028E+01    1.300028E+01    1.300028E+01    1.300027E+01    1.300027E+01    1.300026E+01    1.300025E+01    1.300024E+01    1.300024E+01    1.300023E+01    1.300022E+01    1.300022E+01    1.300022E+01    1.300023E+01    1.300025E+01    1.300028E+01    1.300032E+01    1.300038E+01    1.300045E+01    1.300055E+01    1.300066E+01    1.300081E+01    1.300099E+01    1.300121E+01    1.300148E+01    1.300180E+01    1.300216E+01    1.300258E+01    1.300305E+01    1.300355E+01    1.000000E+30    1.000000E+30    1.000000E+30    1.000000E+30    1.000000E+30    1.000000E+30    1.000000E+30    1.000000E+30    1.000000E+30    1.000000E+30    1.000000E+30    1.000000E+30    1.000000E+30    1.000000E+30    1.000000E+30    1.000000E+30    1.000000E+30    1.000000E+30    1.000000E+30    1.000000E+30    1.000000E+30    1.000000E+30    1.000000E+30    1.000000E+30    1.000000E+30    1.000000E+30    1.000000E+30    1.000000E+30    1.000000E+30    1.000000E+30    1.000000E+30    1.000000E+30    1.000000E+30    1.000000E+30    1.000000E+30    1.000000E+30    1.000000E+30    1.000000E+30    1.000000E+30    1.000000E+30    1.000000E+30    1.000000E+30    1.000000E+30    1.000000E+30    1.000000E+30    1.000000E+30    1.000000E+30    1.000000E+30    1.000000E+30    1.000000E+30    1.000000E+30    1.000000E+30
   1.000000E+30    1.000000E+30    1.300010E+01    1.300005E+01    1.300003E+01    1.300001E+01    1.300001E+01    1.300001E+01    1.300001E+01    1.300000E+01    1.300000E+01    1.300000E+01    1.300000E+01    1.300000E+01    1.300000E+01    1.300000E+01    1.300000E+01    1.300000E+01    1.300000E+01    1.300000E+01    1.300000E+01    1.300000E+01    1.300000E+01    1.300000E+01    1.300000E+01    1.300000E+01    1.300000E+01    1.300000E+01    1.300000E+01    1.300000E+01    1.299999E+01    1.299999E+01    1.299999E+01    1.299999E+01    1.299999E+01    1.299999E+01    1.299999E+01    1.299999E+01    1.299999E+01    1.299999E+01    1.299999E+01    1.299999E+01    1.299999E+01    1.299999E+01    1.299999E+01    1.300000E+01    1.300000E+01    1.300000E+01    1.300000E+01    1.300001E+01    1.300002E+01    1.300003E+01    1.300004E+01    1.300005E+01    1.300007E+01    1.300013E+01    1.300016E+01    1.300018E+01    1.300020E+01    1.300024E+01    1.300027E+01    1.300029E+01    1.300032E+01    1.300034E+01    1.300035E+01    1.300037E+01    1.300038E+01    1.300039E+01    1.300039E+01    1.300040E+01    1.300040E+01    1.300039E+01    1.300039E+01    1.300038E+01    1.300037E+01    1.300036E+01    1.300035E+01    1.300034E+01    1.300033E+01    1.300032E+01    1.300031E+01    1.300031E+01    1.300031E+01    1.300033E+01    1.300035E+01    1.300039E+01    1.300044E+01    1.300051E+01    1.300060E+01    1.300071E+01    1.300085E+01    1.300103E+01    1.300125E+01    1.300151E+01    1.300179E+01    1.300212E+01    1.300247E+01    1.300286E+01    1.300327E+01    1.000000E+30    1.000000E+30    1.000000E+30    1.000000E+30    1.000000E+30    1.000000E+30    1.000000E+30    1.000000E+30    1.000000E+30    1.000000E+30    1.000000E+30    1.000000E+30    1.000000E+30    1.000000E+30    1.000000E+30    1.000000E+30    1.000000E+30    1.000000E+30    1.000000E+30    1.000000E+30    1.000000E+30    1.000000E+30    1.000000E+30    1.000000E+30    1.000000E+30    1.000000E+30    1.000000E+30    1.000000E+30    1.000000E+30    1.000000E+30    1.000000E+30    1.000000E+30    1.000000E+30    1.000000E+30    1.000000E+30    1.000000E+30    1.000000E+30    1.000000E+30    1.000000E+30    1.000000E+30    1.000000E+30    1.000000E+30    1.000000E+30    1.000000E+30    1.000000E+30    1.000000E+30    1.000000E+30    1.000000E+30    1.000000E+30    1.000000E+30    1.000000E+30    1.000000E+30
   1.000000E+30    1.000000E+30    1.300009E+01    1.300004E+01    1.300002E+01    1.300001E+01    1.300001E+01    1.300001E+01    1.300001E+01    1.300000E+01    1.300000E+01    1.300000E+01    1.300000E+01    1.300000E+01    1.300000E+01    1.300000E+01    1.300000E+01    1.300000E+01    1.300000E+01    1.300000E+01    1.300000E+01    1.300000E+01    1.300000E+01    1.300000E+01    1.300000E+01    1.300000E+01    1.300000E+01    1.300000E+01    1.300000E+01    1.300000E+01    1.299999E+01    1.299999E+01    1.299999E+01    1.299999E+01    1.299999E+01    1.299999E+01    1.299999E+01    1.299999E+01    1.299999E+01    1.299999E+01    1.299999E+01    1.299999E+01    1.299999E+01    1.300000E+01    1.300000E+01    1.300000E+01    1.300000E+01    1.300001E+01    1.300002E+01    1.300003E+01    1.300006E+01    1.300012E+01    1.300015E+01    1.300018E+01    1.300021E+01    1.300025E+01    1.300028E+01    1.300031E+01    1.300034E+01    1.300037E+01    1.300040E+01    1.300043E+01    1.300046E+01    1.300048E+01    1.300050E+01    1.300051E+01    1.300053E+01    1.300054E+01    1.300054E+01    1.300054E+01    1.300054E+01    1.300054E+01    1.300053E+01    1.300052E+01    1.300051E+01    1.300050E+01    1.300048E+01    1.300047E+01    1.300045E+01    1.300044E+01    1.300042E+01    1.300041E+01    1.300042E+01    1.300042E+01    1.300044E+01    1.300047E+01    1.300051E+01    1.300057E+01    1.300064E+01    1.300075E+01    1.300088E+01    1.300105E+01    1.300125E+01    1.300149E+01    1.300174E+01    1.300202E+01    1.300232E+01    1.300265E+01    1.300299E+01    1.000000E+30    1.000000E+30    1.000000E+30    1.000000E+30    1.000000E+30    1.000000E+30    1.000000E+30    1.000000E+30    1.000000E+30    1.000000E+30    1.000000E+30    1.000000E+30    1.000000E+30    1.000000E+30    1.000000E+30    1.000000E+30    1.000000E+30    1.000000E+30    1.000000E+30    1.000000E+30    1.000000E+30    1.000000E+30    1.000000E+30    1.000000E+30    1.000000E+30    1.000000E+30    1.000000E+30    1.000000E+30    1.000000E+30    1.000000E+30    1.000000E+30    1.000000E+30    1.000000E+30    1.000000E+30    1.000000E+30    1.000000E+30    1.000000E+30    1.000000E+30    1.000000E+30    1.000000E+30    1.000000E+30    1.000000E+30    1.000000E+30    1.000000E+30    1.000000E+30    1.000000E+30    1.000000E+30    1.000000E+30    1.000000E+30    1.000000E+30    1.000000E+30    1.000000E+30
   1.000000E+30    1.000000E+30    1.300008E+01    1.300004E+01    1.300002E+01    1.300001E+01    1.300001E+01    1.300001E+01    1.300001E+01    1.300000E+01    1.300000E+01    1.300000E+01    1.300000E+01    1.300000E+01    1.300000E+01    1.300000E+01    1.300000E+01    1.300000E+01    1.300000E+01    1.300000E+01    1.300000E+01    1.300000E+01    1.300000E+01    1.300000E+01    1.300000E+01    1.300000E+01    1.300000E+01    1.300000E+01    1.300000E+01    1.300000E+01    1.300000E+01    1.299999E+01    1.299999E+01    1.299999E+01    1.299999E+01    1.299999E+01    1.299999E+01    1.299999E+01    1.299999E+01    1.299999E+01    1.300000E+01    1.300000E+01    1.300000E+01    1.300000E+01    1.300000E+01    1.300001E+01    1.300002E+01    1.300003E+01    1.300006E+01    1.300009E+01    1.300017E+01    1.300023E+01    1.300028E+01    1.300032E+01    1.300036E+01    1.300040E+01    1.300043E+01    1.300047E+01    1.300050E+01    1.300053E+01    1.300056E+01    1.300059E+01    1.300062E+01    1.300065E+01    1.300067E+01    1.300069E+01    1.300070E+01    1.300071E+01    1.300072E+01    1.300072E+01    1.300072E+01    1.300071E+01    1.300070E+01    1.300069E+01    1.300068E+01    1.300066E+01    1.300064E+01    1.300062E+01    1.300060E+01    1.300058E+01    1.300057E+01    1.300055E+01    1.300054E+01    1.300053E+01    1.300054E+01    1.300056E+01    1.300058E+01    1.300063E+01    1.300069E+01    1.300078E+01    1.300089E+01    1.300104E+01    1.300121E+01    1.300142E+01    1.300163E+01    1.300187E+01    1.300213E+01    1.300241E+01    1.300271E+01    1.000000E+30    1.000000E+30    1.000000E+30    1.000000E+30    1.000000E+30    1.000000E+30    1.000000E+30    1.000000E+30    1.000000E+30    1.000000E+30    1.000000E+30    1.000000E+30    1.000000E+30    1.000000E+30    1.000000E+30    1.000000E+30    1.000000E+30    1.000000E+30    1.000000E+30    1.000000E+30    1.000000E+30    1.000000E+30    1.000000E+30    1.000000E+30    1.000000E+30    1.000000E+30    1.000000E+30    1.000000E+30    1.000000E+30    1.000000E+30    1.000000E+30    1.000000E+30    1.000000E+30    1.000000E+30    1.000000E+30    1.000000E+30    1.000000E+30    1.000000E+30    1.000000E+30    1.000000E+30    1.000000E+30    1.000000E+30    1.000000E+30    1.000000E+30    1.000000E+30    1.000000E+30    1.000000E+30    1.000000E+30    1.000000E+30    1.000000E+30    1.000000E+30    1.000000E+30
   1.000000E+30    1.300010E+01    1.300006E+01    1.300003E+01    1.300002E+01    1.300001E+01    1.300001E+01    1.300001E+01    1.300001E+01    1.300000E+01    1.300000E+01    1.300000E+01    1.300000E+01    1.300000E+01    1.300000E+01    1.300000E+01    1.300000E+01    1.300000E+01    1.300000E+01    1.300000E+01    1.300000E+01    1.300000E+01    1.300000E+01    1.300000E+01    1.300000E+01    1.300000E+01    1.300000E+01    1.300000E+01    1.300000E+01    1.300000E+01    1.300000E+01    1.300000E+01    1.299999E+01    1.299999E+01    1.299999E+01    1.299999E+01    1.299999E+01    1.299999E+01    1.300000E+01    1.300000E+01    1.300000E+01    1.300000E+01    1.300000E+01    1.300001E+01    1.300002E+01    1.300003E+01    1.300006E+01    1.300009E+01    1.300018E+01    1.300024E+01    1.300031E+01    1.300037E+01    1.300043E+01    1.300048E+01    1.300053E+01    1.300057E+01    1.300062E+01    1.300065E+01    1.300069E+01    1.300073E+01    1.300076E+01    1.300079E+01    1.300082E+01    1.300085E+01    1.300087E+01    1.300090E+01    1.300091E+01    1.300093E+01    1.300093E+01    1.300094E+01    1.300093E+01    1.300092E+01    1.300091E+01    1.300090E+01    1.300088E+01    1.300086E+01    1.300084E+01    1.300081E+01    1.300078E+01    1.300076E+01    1.300073E+01    1.300070E+01    1.300067E+01    1.300066E+01    1.300065E+01    1.300065E+01    1.300066E+01    1.300069E+01    1.300073E+01    1.300080E+01    1.300089E+01    1.300100E+01    1.300114E+01    1.300130E+01    1.300148E+01    1.300168E+01    1.300190E+01    1.300214E+01    1.300240E+01    1.000000E+30    1.000000E+30    1.000000E+30    1.000000E+30    1.000000E+30    1.000000E+30    1.000000E+30    1.000000E+30    1.000000E+30    1.000000E+30    1.000000E+30    1.000000E+30    1.000000E+30    1.000000E+30    1.000000E+30    1.000000E+30    1.000000E+30    1.000000E+30    1.000000E+30    1.000000E+30    1.000000E+30    1.000000E+30    1.000000E+30    1.000000E+30    1.000000E+30    1.000000E+30    1.000000E+30    1.000000E+30    1.000000E+30    1.000000E+30    1.000000E+30    1.000000E+30    1.000000E+30    1.000000E+30    1.000000E+30    1.000000E+30    1.000000E+30    1.000000E+30    1.000000E+30    1.000000E+30    1.000000E+30    1.000000E+30    1.000000E+30    1.000000E+30    1.000000E+30    1.000000E+30    1.000000E+30    1.000000E+30    1.000000E+30    1.000000E+30    1.000000E+30    1.000000E+30
   1.000000E+30    1.300010E+01    1.300005E+01    1.300003E+01    1.300002E+01    1.300001E+01    1.300001E+01    1.300001E+01    1.300001E+01    1.300000E+01    1.300000E+01    1.300000E+01    1.300000E+01    1.300000E+01    1.300000E+01    1.300000E+01    1.300000E+01    1.300000E+01    1.300000E+01    1.300000E+01    1.300000E+01    1.300000E+01    1.300000E+01    1.300000E+01    1.300000E+01    1.300000E+01    1.300000E+01    1.300000E+01    1.300000E+01    1.300000E+01    1.300000E+01    1.300000E+01    1.300000E+01    1.300000E+01    1.300000E+01    1.300000E+01    1.300000E+01    1.300000E+01    1.300000E+01    1.300000E+01    1.300000E+01    1.300001E+01    1.300001E+01    1.300003E+01    1.300005E+01    1.300009E+01    1.300019E+01    1.300027E+01    1.300034E+01    1.300041E+01    1.300048E+01    1.300055E+01    1.300061E+01    1.300067E+01    1.300073E+01    1.300078E+01    1.300083E+01    1.300088E+01    1.300092E+01    1.300096E+01    1.300099E+01    1.300103E+01    1.300106E+01    1.300109E+01    1.300112E+01    1.300115E+01    1.300117E+01    1.300119E+01    1.300120E+01    1.300120E+01    1.300119E+01    1.300118E+01    1.300116E+01    1.300115E+01    1.300113E+01    1.300110E+01    1.300106E+01    1.300103E+01    1.300099E+01    1.300094E+01    1.300090E+01    1.300086E+01    1.300082E+01    1.300078E+01    1.300076E+01    1.300074E+01    1.300074E+01    1.300074E+01    1.300077E+01    1.300081E+01    1.300086E+01    1.300095E+01    1.300105E+01    1.300117E+01    1.300131E+01    1.300146E+01    1.300164E+01    1.300184E+01    1.300207E+01    1.000000E+30    1.000000E+30    1.000000E+30    1.000000E+30    1.000000E+30    1.000000E+30    1.000000E+30    1.000000E+30    1.000000E+30    1.000000E+30    1.000000E+30    1.000000E+30    1.000000E+30    1.000000E+30    1.000000E+30    1.000000E+30    1.000000E+30    1.000000E+30    1.000000E+30    1.000000E+30    1.000000E+30    1.000000E+30    1.000000E+30    1.000000E+30    1.000000E+30    1.000000E+30    1.000000E+30    1.000000E+30    1.000000E+30    1.000000E+30    1.000000E+30    1.000000E+30    1.000000E+30    1.000000E+30    1.000000E+30    1.000000E+30    1.000000E+30    1.000000E+30    1.000000E+30    1.000000E+30    1.000000E+30    1.000000E+30    1.000000E+30    1.000000E+30    1.000000E+30    1.000000E+30    1.000000E+30    1.000000E+30    1.000000E+30    1.000000E+30    1.000000E+30    1.000000E+30
   1.000000E+30    1.300010E+01    1.300005E+01    1.300002E+01    1.300001E+01    1.300001E+01    1.300001E+01    1.300001E+01    1.300001E+01    1.300000E+01    1.300000E+01    1.300000E+01    1.300000E+01    1.300000E+01    1.300000E+01    1.300000E+01    1.300000E+01    1.300000E+01    1.300000E+01    1.300000E+01    1.300000E+01    1.300000E+01    1.300000E+01    1.300000E+01    1.300000E+01    1.300000E+01    1.300000E+01    1.300000E+01    1.300000E+01    1.300000E+01    1.300000E+01    1.300000E+01    1.300000E+01    1.300000E+01    1.300000E+01    1.300000E+01    1.300000E+01    1.300000E+01    1.300000E+01    1.300001E+01    1.300001E+01    1.300003E+01    1.300005E+01    1.300008E+01    1.300013E+01    1.300026E+01    1.300036E+01    1.300045E+01    1.300053E+01    1.300061E+01    1.300069E+01    1.300076E+01    1.300084E+01    1.300091E+01    1.300098E+01    1.300104E+01    1.300109E+01    1.300115E+01    1.300119E+01    1.300124E+01    1.300128E+01    1.300132E+01    1.300136E+01    1.300139E+01    1.300143E+01    1.300146E+01    1.300148E+01    1.300150E+01    1.300152E+01    1.300151E+01    1.300150E+01    1.300149E+01    1.300147E+01    1.300145E+01    1.300142E+01    1.300138E+01    1.300133E+01    1.300127E+01    1.300121E+01    1.300115E+01    1.300109E+01    1.300103E+01    1.300097E+01    1.300092E+01    1.300087E+01    1.300083E+01    1.300081E+01    1.300079E+01    1.300079E+01    1.300080E+01    1.300083E+01    1.300088E+01    1.300094E+01    1.300102E+01    1.300112E+01    1.300123E+01    1.300136E+01    1.300150E+01    1.300168E+01    1.000000E+30    1.000000E+30    1.000000E+30    1.000000E+30    1.000000E+30    1.000000E+30    1.000000E+30    1.000000E+30    1.000000E+30    1.000000E+30    1.000000E+30    1.000000E+30    1.000000E+30    1.000000E+30    1.000000E+30    1.000000E+30    1.000000E+30    1.000000E+30    1.000000E+30    1.000000E+30    1.000000E+30    1.000000E+30    1.000000E+30    1.000000E+30    1.000000E+30    1.000000E+30    1.000000E+30    1.000000E+30    1.000000E+30    1.000000E+30    1.000000E+30    1.000000E+30    1.000000E+30    1.000000E+30    1.000000E+30    1.000000E+30    1.000000E+30    1.000000E+30    1.000000E+30    1.000000E+30    1.000000E+30    1.000000E+30    1.000000E+30    1.000000E+30    1.000000E+30    1.000000E+30    1.000000E+30    1.000000E+30    1.000000E+30    1.000000E+30    1.000000E+30    1.000000E+30
   1.000000E+30    1.300010E+01    1.300005E+01    1.300002E+01    1.300001E+01    1.300001E+01    1.300001E+01    1.300001E+01    1.300001E+01    1.300000E+01    1.300000E+01    1.300000E+01    1.300000E+01    1.300000E+01    1.300000E+01    1.300000E+01    1.300000E+01    1.300000E+01    1.300000E+01    1.300000E+01    1.300000E+01    1.300000E+01    1.300000E+01    1.300000E+01    1.300000E+01    1.300000E+01    1.300000E+01    1.300000E+01    1.300000E+01    1.300000E+01    1.300000E+01    1.300000E+01    1.300000E+01    1.300000E+01    1.300000E+01    1.300000E+01    1.300000E+01    1.300001E+01    1.300001E+01    1.300003E+01    1.300005E+01    1.300009E+01    1.300013E+01    1.300026E+01    1.300036E+01    1.300046E+01    1.300056E+01    1.300066E+01    1.300075E+01    1.300085E+01    1.300093E+01    1.300102E+01    1.300111E+01    1.300120E+01    1.300128E+01    1.300135E+01    1.300142E+01    1.300148E+01    1.300154E+01    1.300158E+01    1.300163E+01    1.300168E+01    1.300173E+01    1.300177E+01    1.300181E+01    1.300185E+01    1.300188E+01    1.300190E+01    1.300192E+01    1.300192E+01    1.300190E+01    1.300188E+01    1.300185E+01    1.300181E+01    1.300176E+01    1.300170E+01    1.300163E+01    1.300155E+01    1.300147E+01    1.300138E+01    1.300129E+01    1.300121E+01    1.300112E+01    1.300105E+01    1.300098E+01    1.300092E+01    1.300087E+01    1.300083E+01    1.300080E+01    1.300079E+01    1.300079E+01    1.300080E+01    1.300083E+01    1.300087E+01    1.300092E+01    1.300098E+01    1.300105E+01    1.300113E+01    1.300123E+01    1.000000E+30    1.000000E+30    1.000000E+30    1.000000E+30    1.000000E+30    1.000000E+30    1.000000E+30    1.000000E+30    1.000000E+30    1.000000E+30    1.000000E+30    1.000000E+30    1.000000E+30    1.000000E+30    1.000000E+30    1.000000E+30    1.000000E+30    1.000000E+30    1.000000E+30    1.000000E+30    1.000000E+30    1.000000E+30    1.000000E+30    1.000000E+30    1.000000E+30    1.000000E+30    1.000000E+30    1.000000E+30    1.000000E+30    1.000000E+30    1.000000E+30    1.000000E+30    1.000000E+30    1.000000E+30    1.000000E+30    1.000000E+30    1.000000E+30    1.000000E+30    1.000000E+30    1.000000E+30    1.000000E+30    1.000000E+30    1.000000E+30    1.000000E+30    1.000000E+30    1.000000E+30    1.000000E+30    1.000000E+30    1.000000E+30    1.000000E+30    1.000000E+30    1.000000E+30
   1.000000E+30    1.300010E+01    1.300005E+01    1.300002E+01    1.300001E+01    1.300001E+01    1.300001E+01    1.300001E+01    1.300001E+01    1.300000E+01    1.300000E+01    1.300000E+01    1.300000E+01    1.300000E+01    1.300000E+01    1.300000E+01    1.300000E+01    1.300000E+01    1.300000E+01    1.300000E+01    1.300000E+01    1.300000E+01    1.300000E+01    1.300000E+01    1.300000E+01    1.300000E+01    1.300000E+01    1.300000E+01    1.300000E+01    1.300000E+01    1.300000E+01    1.300000E+01    1.300000E+01    1.300000E+01    1.300000E+01    1.300000E+01    1.300001E+01    1.300002E+01    1.300005E+01    1.300009E+01    1.300014E+01    1.300027E+01    1.300037E+01    1.300048E+01    1.300059E+01    1.300070E+01    1.300081E+01    1.300092E+01    1.300102E+01    1.300113E+01    1.300123E+01    1.300134E+01    1.300145E+01    1.300155E+01    1.300165E+01    1.300174E+01    1.300183E+01    1.300191E+01    1.300198E+01    1.300202E+01    1.300208E+01    1.300215E+01    1.300221E+01    1.300226E+01    1.300230E+01    1.300234E+01    1.300239E+01    1.300244E+01    1.300245E+01    1.300243E+01    1.300239E+01    1.300234E+01    1.300229E+01    1.300223E+01    1.300215E+01    1.300207E+01    1.300197E+01    1.300186E+01    1.300175E+01    1.300163E+01    1.300151E+01    1.300140E+01    1.300129E+01    1.300118E+01    1.300109E+01    1.300100E+01    1.300092E+01    1.300086E+01    1.300081E+01    1.300077E+01    1.300074E+01    1.300072E+01    1.300071E+01    1.300072E+01    1.300073E+01    1.300074E+01    1.300075E+01    1.300073E+01    1.300064E+01    1.300032E+01    1.000000E+30    1.000000E+30    1.000000E+30    1.000000E+30    1.000000E+30    1.000000E+30    1.000000E+30    1.000000E+30    1.000000E+30    1.000000E+30    1.000000E+30    1.000000E+30    1.000000E+30    1.000000E+30    1.000000E+30    1.000000E+30    1.000000E+30    1.000000E+30    1.000000E+30    1.000000E+30    1.000000E+30    1.000000E+30    1.000000E+30    1.000000E+30    1.000000E+30    1.000000E+30    1.000000E+30    1.000000E+30    1.000000E+30    1.000000E+30    1.000000E+30    1.000000E+30    1.000000E+30    1.000000E+30    1.000000E+30    1.000000E+30    1.000000E+30    1.000000E+30    1.000000E+30    1.000000E+30    1.000000E+30    1.000000E+30    1.000000E+30    1.000000E+30    1.000000E+30    1.000000E+30    1.000000E+30    1.000000E+30    1.000000E+30    1.000000E+30    1.000000E+30
   1.000000E+30    1.300010E+01    1.300005E+01    1.300002E+01    1.300001E+01    1.300001E+01    1.300001E+01    1.300001E+01    1.300001E+01    1.300000E+01    1.300000E+01    1.300000E+01    1.300000E+01    1.300000E+01    1.300000E+01    1.300000E+01    1.300000E+01    1.300000E+01    1.300000E+01    1.300000E+01    1.300000E+01    1.300000E+01    1.300000E+01    1.300000E+01    1.300000E+01    1.300000E+01    1.300000E+01    1.300000E+01    1.300000E+01    1.300000E+01    1.300000E+01    1.300000E+01    1.300000E+01    1.300000E+01    1.300001E+01    1.300002E+01    1.300003E+01    1.300006E+01    1.300013E+01    1.300027E+01    1.300037E+01    1.300049E+01    1.300061E+01    1.300073E+01    1.300085E+01    1.300097E+01    1.300110E+01    1.300123E+01    1.300135E+01    1.300148E+01    1.300160E+01    1.300173E+01    1.300188E+01    1.300202E+01    1.300215E+01    1.300226E+01    1.300238E+01    1.300250E+01    1.300259E+01    1.300260E+01    1.300269E+01    1.300280E+01    1.300288E+01    1.300295E+01    1.300301E+01    1.300304E+01    1.300307E+01    1.300317E+01    1.300314E+01    1.300307E+01    1.300298E+01    1.300289E+01    1.300282E+01    1.300273E+01    1.300262E+01    1.300250E+01    1.300236E+01    1.300221E+01    1.300206E+01    1.300191E+01    1.300175E+01    1.300160E+01    1.300146E+01    1.300132E+01    1.300119E+01    1.300108E+01    1.300098E+01    1.300089E+01    1.300081E+01    1.300074E+01    1.300068E+01    1.300064E+01    1.300060E+01    1.300057E+01    1.300055E+01    1.300052E+01    1.300049E+01    1.300041E+01    1.300026E+01    1.300023E+01    1.000000E+30    1.000000E+30    1.000000E+30    1.000000E+30    1.000000E+30    1.000000E+30    1.000000E+30    1.000000E+30    1.000000E+30    1.000000E+30    1.000000E+30    1.000000E+30    1.000000E+30    1.000000E+30    1.000000E+30    1.000000E+30    1.000000E+30    1.000000E+30    1.000000E+30    1.000000E+30    1.000000E+30    1.000000E+30    1.000000E+30    1.000000E+30    1.000000E+30    1.000000E+30    1.000000E+30    1.000000E+30    1.000000E+30    1.000000E+30    1.000000E+30    1.000000E+30    1.000000E+30    1.000000E+30    1.000000E+30    1.000000E+30    1.000000E+30    1.000000E+30    1.000000E+30    1.000000E+30    1.000000E+30    1.000000E+30    1.000000E+30    1.000000E+30    1.000000E+30    1.000000E+30    1.000000E+30    1.000000E+30    1.000000E+30    1.000000E+30    1.000000E+30
   1.000000E+30    1.300010E+01    1.300005E+01    1.300002E+01    1.300001E+01    1.300001E+01    1.300001E+01    1.300001E+01    1.300001E+01    1.300000E+01    1.300000E+01    1.300000E+01    1.300000E+01    1.300000E+01    1.300000E+01    1.300000E+01    1.300000E+01    1.300000E+01    1.300000E+01    1.300000E+01    1.300000E+01    1.300000E+01    1.300000E+01    1.300000E+01    1.300000E+01    1.300000E+01    1.300000E+01    1.300000E+01    1.300000E+01    1.300000E+01    1.300000E+01    1.300001E+01    1.300001E+01    1.300002E+01    1.300003E+01    1.300005E+01    1.300010E+01    1.300016E+01    1.300033E+01    1.300048E+01    1.300061E+01    1.300074E+01    1.300088E+01    1.300102E+01    1.300116E+01    1.300130E+01    1.300145E+01    1.300160E+01    1.300176E+01    1.300191E+01    1.300208E+01    1.300224E+01    1.300245E+01    1.300266E+01    1.300284E+01    1.300294E+01    1.300313E+01    1.300335E+01    1.300360E+01    1.000000E+30    1.000000E+30    1.000000E+30    1.000000E+30    1.000000E+30    1.000000E+30    1.000000E+30    1.000000E+30    1.300426E+01    1.300407E+01    1.300390E+01    1.300373E+01    1.300357E+01    1.300350E+01    1.300335E+01    1.300319E+01    1.300301E+01    1.300281E+01    1.300261E+01    1.300241E+01    1.300221E+01    1.300201E+01    1.300181E+01    1.300163E+01    1.300146E+01    1.300130E+01    1.300116E+01    1.300102E+01    1.300091E+01    1.300080E+01    1.300071E+01    1.300062E+01    1.300055E+01    1.300049E+01    1.300044E+01    1.300038E+01    1.300032E+01    1.300027E+01    1.300016E+01    1.300013E+01    1.300017E+01    1.000000E+30    1.000000E+30    1.000000E+30    1.000000E+30    1.000000E+30    1.000000E+30    1.000000E+30    1.000000E+30    1.000000E+30    1.000000E+30    1.000000E+30    1.000000E+30    1.000000E+30    1.000000E+30    1.000000E+30    1.000000E+30    1.000000E+30    1.000000E+30    1.000000E+30    1.000000E+30    1.000000E+30    1.000000E+30    1.000000E+30    1.000000E+30    1.000000E+30    1.000000E+30    1.000000E+30    1.000000E+30    1.000000E+30    1.000000E+30    1.000000E+30    1.000000E+30    1.000000E+30    1.000000E+30    1.000000E+30    1.000000E+30    1.000000E+30    1.000000E+30    1.000000E+30    1.000000E+30    1.000000E+30    1.000000E+30    1.000000E+30    1.000000E+30    1.000000E+30    1.000000E+30    1.000000E+30    1.000000E+30    1.000000E+30    1.000000E+30    1.000000E+30
   1.000000E+30    1.300010E+01    1.300005E+01    1.300002E+01    1.300001E+01    1.300001E+01    1.300001E+01    1.300001E+01    1.300001E+01    1.300000E+01    1.300000E+01    1.300000E+01    1.300000E+01    1.300000E+01    1.300000E+01    1.300000E+01    1.300000E+01    1.300000E+01    1.300000E+01    1.300000E+01    1.300000E+01    1.300000E+01    1.300000E+01    1.300000E+01    1.300000E+01    1.300000E+01    1.300000E+01    1.300000E+01    1.300000E+01    1.300001E+01    1.300001E+01    1.300002E+01    1.300003E+01    1.300004E+01    1.300007E+01    1.300014E+01    1.300030E+01    1.300042E+01    1.300057E+01    1.300072E+01    1.300088E+01    1.300103E+01    1.300119E+01    1.300135E+01    1.300152E+01    1.300169E+01    1.300187E+01    1.300207E+01    1.300227E+01    1.300248E+01    1.300271E+01    1.300292E+01    1.300326E+01    1.300363E+01    1.300401E+01    1.000000E+30    1.000000E+30    1.000000E+30    1.000000E+30    1.000000E+30    1.000000E+30    1.000000E+30    1.000000E+30    1.000000E+30    1.000000E+30    1.000000E+30    1.000000E+30    1.000000E+30    1.000000E+30    1.000000E+30    1.000000E+30    1.000000E+30    1.300443E+01    1.300411E+01    1.300389E+01    1.300361E+01    1.300333E+01    1.300305E+01    1.300279E+01    1.300253E+01    1.300228E+01    1.300204E+01    1.300181E+01    1.300160E+01    1.300140E+01    1.300123E+01    1.300107E+01    1.300092E+01    1.300079E+01    1.300067E+01    1.300057E+01    1.300047E+01    1.300039E+01    1.300031E+01    1.300023E+01    1.300012E+01    1.300009E+01    1.300007E+01    1.300008E+01    1.300015E+01    1.000000E+30    1.000000E+30    1.000000E+30    1.000000E+30    1.000000E+30    1.000000E+30    1.000000E+30    1.000000E+30    1.000000E+30    1.000000E+30    1.000000E+30    1.000000E+30    1.000000E+30    1.000000E+30    1.000000E+30    1.000000E+30    1.000000E+30    1.000000E+30    1.000000E+30    1.000000E+30    1.000000E+30    1.000000E+30    1.000000E+30    1.000000E+30    1.000000E+30    1.000000E+30    1.000000E+30    1.000000E+30    1.000000E+30    1.000000E+30    1.000000E+30    1.000000E+30    1.000000E+30    1.000000E+30    1.000000E+30    1.000000E+30    1.000000E+30    1.000000E+30    1.000000E+30    1.000000E+30    1.000000E+30    1.000000E+30    1.000000E+30    1.000000E+30    1.000000E+30    1.000000E+30    1.000000E+30    1.000000E+30    1.000000E+30    1.000000E+30    1.000000E+30
   1.000000E+30    1.300010E+01    1.300005E+01    1.300002E+01    1.300001E+01    1.300001E+01    1.300001E+01    1.300001E+01    1.300001E+01    1.300000E+01    1.300000E+01    1.300000E+01    1.300000E+01    1.300000E+01    1.300000E+01    1.300000E+01    1.300000E+01    1.300000E+01    1.300000E+01    1.300000E+01    1.300000E+01    1.300000E+01    1.300000E+01    1.300000E+01    1.300000E+01    1.300000E+01    1.300001E+01    1.300001E+01    1.300002E+01    1.300003E+01    1.300004E+01    1.300005E+01    1.300009E+01    1.300012E+01    1.300018E+01    1.300036E+01    1.300052E+01    1.300068E+01    1.300084E+01    1.300101E+01    1.300118E+01    1.300137E+01    1.300156E+01    1.300175E+01    1.300196E+01    1.300217E+01    1.300240E+01    1.300267E+01    1.300296E+01    1.300323E+01    1.300368E+01    1.000000E+30    1.000000E+30    1.000000E+30    1.000000E+30    1.000000E+30    1.000000E+30    1.000000E+30    1.000000E+30    1.000000E+30    1.000000E+30    1.000000E+30    1.000000E+30    1.000000E+30    1.000000E+30    1.000000E+30    1.000000E+30    1.000000E+30    1.000000E+30    1.000000E+30    1.000000E+30    1.000000E+30    1.000000E+30    1.000000E+30    1.300480E+01    1.300434E+01    1.300391E+01    1.300352E+01    1.300321E+01    1.300288E+01    1.300256E+01    1.300227E+01    1.300199E+01    1.300173E+01    1.300150E+01    1.300129E+01    1.300111E+01    1.300093E+01    1.300078E+01    1.300063E+01    1.300051E+01    1.300040E+01    1.300029E+01    1.300020E+01    1.300009E+01    1.300005E+01    1.300004E+01    1.300003E+01    1.300005E+01    1.300012E+01    1.000000E+30    1.000000E+30    1.000000E+30    1.000000E+30    1.000000E+30    1.000000E+30    1.000000E+30    1.000000E+30    1.000000E+30    1.000000E+30    1.000000E+30    1.000000E+30    1.000000E+30    1.000000E+30    1.000000E+30    1.000000E+30    1.000000E+30    1.000000E+30    1.000000E+30    1.000000E+30    1.000000E+30    1.000000E+30    1.000000E+30    1.000000E+30    1.000000E+30    1.000000E+30    1.000000E+30    1.000000E+30    1.000000E+30    1.000000E+30    1.000000E+30    1.000000E+30    1.000000E+30    1.000000E+30    1.000000E+30    1.000000E+30    1.000000E+30    1.000000E+30    1.000000E+30    1.000000E+30    1.000000E+30    1.000000E+30    1.000000E+30    1.000000E+30    1.000000E+30    1.000000E+30    1.000000E+30    1.000000E+30    1.000000E+30    1.000000E+30    1.000000E+30
   1.000000E+30    1.300010E+01    1.300005E+01    1.300002E+01    1.300001E+01    1.300001E+01    1.300001E+01    1.300001E+01    1.300001E+01    1.300000E+01    1.300000E+01    1.300000E+01    1.300000E+01    1.300000E+01    1.300000E+01    1.300000E+01    1.300000E+01    1.300000E+01    1.300000E+01    1.300000E+01    1.300000E+01    1.300000E+01    1.300000E+01    1.300000E+01    1.300001E+01    1.300001E+01    1.300002E+01    1.300003E+01    1.300005E+01    1.300007E+01    1.300010E+01    1.300014E+01    1.300027E+01    1.300037E+01    1.300047E+01    1.300063E+01    1.300079E+01    1.300097E+01    1.300115E+01    1.300134E+01    1.300155E+01    1.300178E+01    1.300201E+01    1.300225E+01    1.300252E+01    1.300281E+01    1.300308E+01    1.300351E+01    1.300406E+01    1.000000E+30    1.000000E+30    1.000000E+30    1.000000E+30    1.000000E+30    1.000000E+30    1.000000E+30    1.000000E+30    1.000000E+30    1.000000E+30    1.000000E+30    1.000000E+30    1.000000E+30    1.000000E+30    1.000000E+30    1.000000E+30    1.000000E+30    1.000000E+30    1.000000E+30    1.000000E+30    1.000000E+30    1.000000E+30    1.000000E+30    1.000000E+30    1.000000E+30    1.000000E+30    1.000000E+30    1.000000E+30    1.000000E+30    1.300382E+01    1.300333E+01    1.300289E+01    1.300253E+01    1.300218E+01    1.300188E+01    1.300160E+01    1.300136E+01    1.300114E+01    1.300094E+01    1.300076E+01    1.300060E+01    1.300045E+01    1.300032E+01    1.300020E+01    1.300009E+01    1.300004E+01    1.300002E+01    1.300002E+01    1.300002E+01    1.300004E+01    1.300008E+01    1.300016E+01    1.000000E+30    1.000000E+30    1.000000E+30    1.000000E+30    1.000000E+30    1.000000E+30    1.000000E+30    1.000000E+30    1.000000E+30    1.000000E+30    1.000000E+30    1.000000E+30    1.000000E+30    1.000000E+30    1.000000E+30    1.000000E+30    1.000000E+30    1.000000E+30    1.000000E+30    1.000000E+30    1.000000E+30    1.000000E+30    1.000000E+30    1.000000E+30    1.000000E+30    1.000000E+30    1.000000E+30    1.000000E+30    1.000000E+30    1.000000E+30    1.000000E+30    1.000000E+30    1.000000E+30    1.000000E+30    1.000000E+30    1.000000E+30    1.000000E+30    1.000000E+30    1.000000E+30    1.000000E+30    1.000000E+30    1.000000E+30    1.000000E+30    1.000000E+30    1.000000E+30    1.000000E+30    1.000000E+30    1.000000E+30    1.000000E+30    1.000000E+30
   1.000000E+30    1.300010E+01    1.300005E+01    1.300002E+01    1.300001E+01    1.300001E+01    1.300001E+01    1.300001E+01    1.300001E+01    1.300001E+01    1.300000E+01    1.300000E+01    1.300000E+01    1.300000E+01    1.300000E+01    1.300000E+01    1.300000E+01    1.300000E+01    1.300000E+01    1.300000E+01    1.300000E+01    1.300000E+01    1.300001E+01    1.300001E+01    1.300002E+01    1.300003E+01    1.300005E+01    1.300008E+01    1.300012E+01    1.300023E+01    1.300031E+01    1.300039E+01    1.300050E+01    1.300063E+01    1.300077E+01    1.300093E+01    1.300112E+01    1.300133E+01    1.300155E+01    1.300178E+01    1.300205E+01    1.300235E+01    1.300265E+01    1.300292E+01    1.300335E+01    1.300389E+01    1.000000E+30    1.000000E+30    1.000000E+30    1.000000E+30    1.000000E+30    1.000000E+30    1.000000E+30    1.000000E+30    1.000000E+30    1.000000E+30    1.000000E+30    1.000000E+30    1.000000E+30    1.000000E+30    1.000000E+30    1.000000E+30    1.000000E+30    1.000000E+30    1.000000E+30    1.000000E+30    1.000000E+30    1.000000E+30    1.000000E+30    1.000000E+30    1.000000E+30    1.000000E+30    1.000000E+30    1.000000E+30    1.000000E+30    1.000000E+30    1.000000E+30    1.000000E+30    1.000000E+30    1.000000E+30    1.000000E+30    1.300296E+01    1.300245E+01    1.300205E+01    1.300172E+01    1.300143E+01    1.300117E+01    1.300094E+01    1.300074E+01    1.300055E+01    1.300039E+01    1.300023E+01    1.300009E+01    1.300004E+01    1.300002E+01    1.300001E+01    1.300001E+01    1.300001E+01    1.300003E+01    1.300006E+01    1.300015E+01    1.000000E+30    1.000000E+30    1.000000E+30    1.000000E+30    1.000000E+30    1.000000E+30    1.000000E+30    1.000000E+30    1.000000E+30    1.000000E+30    1.000000E+30    1.000000E+30    1.000000E+30    1.000000E+30    1.000000E+30    1.000000E+30    1.000000E+30    1.000000E+30    1.000000E+30    1.000000E+30    1.000000E+30    1.000000E+30    1.000000E+30    1.000000E+30    1.000000E+30    1.000000E+30    1.000000E+30    1.000000E+30    1.000000E+30    1.000000E+30    1.000000E+30    1.000000E+30    1.000000E+30    1.000000E+30    1.000000E+30    1.000000E+30    1.000000E+30    1.000000E+30    1.000000E+30    1.000000E+30    1.000000E+30    1.000000E+30    1.000000E+30    1.000000E+30    1.000000E+30    1.000000E+30    1.000000E+30    1.000000E+30    1.000000E+30    1.000000E+30
   1.000000E+30    1.300010E+01    1.300005E+01    1.300002E+01    1.300001E+01    1.300001E+01    1.300001E+01    1.300001E+01    1.300001E+01    1.300001E+01    1.300000E+01    1.300000E+01    1.300000E+01    1.300000E+01    1.300000E+01    1.300000E+01    1.300000E+01    1.300000E+01    1.300000E+01    1.300001E+01    1.300001E+01    1.300001E+01    1.300002E+01    1.300003E+01    1.300005E+01    1.300009E+01    1.300013E+01    1.300025E+01    1.300034E+01    1.300044E+01    1.300054E+01    1.300065E+01    1.300079E+01    1.300096E+01    1.300113E+01    1.300133E+01    1.300156E+01    1.300183E+01    1.300213E+01    1.300238E+01    1.300278E+01    1.300325E+01    1.300380E+01    1.000000E+30    1.000000E+30    1.000000E+30    1.000000E+30    1.000000E+30    1.000000E+30    1.000000E+30    1.000000E+30    1.000000E+30    1.000000E+30    1.000000E+30    1.000000E+30    1.000000E+30    1.000000E+30    1.000000E+30    1.000000E+30    1.000000E+30    1.000000E+30    1.000000E+30    1.000000E+30    1.000000E+30    1.000000E+30    1.000000E+30    1.000000E+30    1.000000E+30    1.000000E+30    1.000000E+30    1.000000E+30    1.000000E+30    1.000000E+30    1.000000E+30    1.000000E+30    1.000000E+30    1.000000E+30    1.000000E+30    1.000000E+30    1.000000E+30    1.000000E+30    1.000000E+30    1.000000E+30    1.300228E+01    1.300187E+01    1.300152E+01    1.300122E+01    1.300095E+01    1.300072E+01    1.300051E+01    1.300032E+01    1.300012E+01    1.300005E+01    1.300002E+01    1.300001E+01    1.300001E+01    1.300001E+01    1.300001E+01    1.300002E+01    1.300005E+01    1.300012E+01    1.000000E+30    1.000000E+30    1.000000E+30    1.000000E+30    1.000000E+30    1.000000E+30    1.000000E+30    1.000000E+30    1.000000E+30    1.000000E+30    1.000000E+30    1.000000E+30    1.000000E+30    1.000000E+30    1.000000E+30    1.000000E+30    1.000000E+30    1.000000E+30    1.000000E+30    1.000000E+30    1.000000E+30    1.000000E+30    1.000000E+30    1.000000E+30    1.000000E+30    1.000000E+30    1.000000E+30    1.000000E+30    1.000000E+30    1.000000E+30    1.000000E+30    1.000000E+30    1.000000E+30    1.000000E+30    1.000000E+30    1.000000E+30    1.000000E+30    1.000000E+30    1.000000E+30    1.000000E+30    1.000000E+30    1.000000E+30    1.000000E+30    1.000000E+30    1.000000E+30    1.000000E+30    1.000000E+30    1.000000E+30    1.000000E+30    1.000000E+30
   1.000000E+30    1.300010E+01    1.300005E+01    1.300002E+01    1.300001E+01    1.300001E+01    1.300001E+01    1.300001E+01    1.300001E+01    1.300001E+01    1.300001E+01    1.300000E+01    1.300000E+01    1.300000E+01    1.300000E+01    1.300001E+01    1.300001E+01    1.300001E+01    1.300001E+01    1.300001E+01    1.300002E+01    1.300003E+01    1.300005E+01    1.300007E+01    1.300013E+01    1.300027E+01    1.300036E+01    1.300047E+01    1.300058E+01    1.300069E+01    1.300083E+01    1.300098E+01    1.300118E+01    1.300141E+01    1.300166E+01    1.300187E+01    1.300223E+01    1.300268E+01    1.300324E+01    1.000000E+30    1.000000E+30    1.000000E+30    1.000000E+30    1.000000E+30    1.000000E+30    1.000000E+30    1.000000E+30    1.000000E+30    1.000000E+30    1.000000E+30    1.000000E+30    1.000000E+30    1.000000E+30    1.000000E+30    1.000000E+30    1.000000E+30    1.000000E+30    1.000000E+30    1.000000E+30    1.000000E+30    1.000000E+30    1.000000E+30    1.000000E+30    1.000000E+30    1.000000E+30    1.000000E+30    1.000000E+30    1.000000E+30    1.000000E+30    1.000000E+30    1.000000E+30    1.000000E+30    1.000000E+30    1.000000E+30    1.000000E+30    1.000000E+30    1.000000E+30    1.000000E+30    1.000000E+30    1.000000E+30    1.000000E+30    1.000000E+30    1.000000E+30    1.000000E+30    1.300209E+01    1.300164E+01    1.300128E+01    1.300097E+01    1.300071E+01    1.300047E+01    1.300026E+01    1.300009E+01    1.300003E+01    1.300002E+01    1.300001E+01    1.300001E+01    1.300001E+01    1.300001E+01    1.300001E+01    1.300003E+01    1.300005E+01    1.000000E+30    1.000000E+30    1.000000E+30    1.000000E+30    1.000000E+30    1.000000E+30    1.000000E+30    1.000000E+30    1.000000E+30    1.000000E+30    1.000000E+30    1.000000E+30    1.000000E+30    1.000000E+30    1.000000E+30    1.000000E+30    1.000000E+30    1.000000E+30    1.000000E+30    1.000000E+30    1.000000E+30    1.000000E+30    1.000000E+30    1.000000E+30    1.000000E+30    1.000000E+30    1.000000E+30    1.000000E+30    1.000000E+30    1.000000E+30    1.000000E+30    1.000000E+30    1.000000E+30    1.000000E+30    1.000000E+30    1.000000E+30    1.000000E+30    1.000000E+30    1.000000E+30    1.000000E+30    1.000000E+30    1.000000E+30    1.000000E+30    1.000000E+30    1.000000E+30    1.000000E+30    1.000000E+30    1.000000E+30    1.000000E+30    1.000000E+30
   1.000000E+30    1.300010E+01    1.300005E+01    1.300002E+01    1.300001E+01    1.300001E+01    1.300001E+01    1.300001E+01    1.300001E+01    1.300001E+01    1.300001E+01    1.300001E+01    1.300001E+01    1.300001E+01    1.300001E+01    1.300001E+01    1.300001E+01    1.300002E+01    1.300002E+01    1.300003E+01    1.300005E+01    1.300008E+01    1.300013E+01    1.300019E+01    1.300036E+01    1.300049E+01    1.300061E+01    1.300074E+01    1.300087E+01    1.300103E+01    1.300122E+01    1.300144E+01    1.300179E+01    1.300220E+01    1.300271E+01    1.000000E+30    1.000000E+30    1.000000E+30    1.000000E+30    1.000000E+30    1.000000E+30    1.000000E+30    1.000000E+30    1.000000E+30    1.000000E+30    1.000000E+30    1.000000E+30    1.000000E+30    1.000000E+30    1.000000E+30    1.000000E+30    1.000000E+30    1.000000E+30    1.000000E+30    1.000000E+30    1.000000E+30    1.000000E+30    1.000000E+30    1.000000E+30    1.000000E+30    1.000000E+30    1.000000E+30    1.000000E+30    1.000000E+30    1.000000E+30    1.000000E+30    1.000000E+30    1.000000E+30    1.000000E+30    1.000000E+30    1.000000E+30    1.000000E+30    1.000000E+30    1.000000E+30    1.000000E+30    1.000000E+30    1.000000E+30    1.000000E+30    1.000000E+30    1.000000E+30    1.000000E+30    1.000000E+30    1.000000E+30    1.000000E+30    1.300253E+01    1.300183E+01    1.300137E+01    1.300101E+01    1.300071E+01    1.300044E+01    1.300016E+01    1.300006E+01    1.300003E+01    1.300001E+01    1.300001E+01    1.300001E+01    1.300001E+01    1.300001E+01    1.300001E+01    1.300001E+01    1.300002E+01    1.000000E+30    1.000000E+30    1.000000E+30    1.000000E+30    1.000000E+30    1.000000E+30    1.000000E+30    1.000000E+30    1.000000E+30    1.000000E+30    1.000000E+30    1.000000E+30    1.000000E+30    1.000000E+30    1.000000E+30    1.000000E+30    1.000000E+30    1.000000E+30    1.000000E+30    1.000000E+30    1.000000E+30    1.000000E+30    1.000000E+30    1.000000E+30    1.000000E+30    1.000000E+30    1.000000E+30    1.000000E+30    1.000000E+30    1.000000E+30    1.000000E+30    1.000000E+30    1.000000E+30    1.000000E+30    1.000000E+30    1.000000E+30    1.000000E+30    1.000000E+30    1.000000E+30    1.000000E+30    1.000000E+30    1.000000E+30    1.000000E+30    1.000000E+30    1.000000E+30    1.000000E+30    1.000000E+30    1.000000E+30    1.000000E+30    1.000000E+30
   1.000000E+30    1.300010E+01    1.300005E+01    1.300002E+01    1.300002E+01    1.300001E+01    1.300001E+01    1.300001E+01    1.300001E+01    1.300001E+01    1.300001E+01    1.300001E+01    1.300001E+01    1.300001E+01    1.300002E+01    1.300002E+01    1.300003E+01    1.300004E+01    1.300006E+01    1.300008E+01    1.300014E+01    1.300021E+01    1.300038E+01    1.300050E+01    1.300064E+01    1.300078E+01    1.300093E+01    1.300109E+01    1.300127E+01    1.300149E+01    1.300190E+01    1.000000E+30    1.000000E+30    1.000000E+30    1.000000E+30    1.000000E+30    1.000000E+30    1.000000E+30    1.000000E+30    1.000000E+30    1.000000E+30    1.000000E+30    1.000000E+30    1.000000E+30    1.000000E+30    1.000000E+30    1.000000E+30    1.000000E+30    1.000000E+30    1.000000E+30    1.000000E+30    1.000000E+30    1.000000E+30    1.000000E+30    1.000000E+30    1.000000E+30    1.000000E+30    1.000000E+30    1.000000E+30    1.000000E+30    1.000000E+30    1.000000E+30    1.000000E+30    1.000000E+30    1.000000E+30    1.000000E+30    1.000000E+30    1.000000E+30    1.000000E+30    1.000000E+30    1.000000E+30    1.000000E+30    1.000000E+30    1.000000E+30    1.000000E+30    1.000000E+30    1.000000E+30    1.000000E+30    1.000000E+30    1.000000E+30    1.000000E+30    1.000000E+30    1.000000E+30    1.000000E+30    1.000000E+30    1.300206E+01    1.300148E+01    1.300106E+01    1.300073E+01    1.300043E+01    1.300014E+01    1.300005E+01    1.300002E+01    1.300001E+01    1.300001E+01    1.300001E+01    1.300001E+01    1.300001E+01    1.300001E+01    1.300001E+01    1.300001E+01    1.300001E+01    1.000000E+30    1.000000E+30    1.000000E+30    1.000000E+30    1.000000E+30    1.000000E+30    1.000000E+30    1.000000E+30    1.000000E+30    1.000000E+30    1.000000E+30    1.000000E+30    1.000000E+30    1.000000E+30    1.000000E+30    1.000000E+30    1.000000E+30    1.000000E+30    1.000000E+30    1.000000E+30    1.000000E+30    1.000000E+30    1.000000E+30    1.000000E+30    1.000000E+30    1.000000E+30    1.000000E+30    1.000000E+30    1.000000E+30    1.000000E+30    1.000000E+30    1.000000E+30    1.000000E+30    1.000000E+30    1.000000E+30    1.000000E+30    1.000000E+30    1.000000E+30    1.000000E+30    1.000000E+30    1.000000E+30    1.000000E+30    1.000000E+30    1.000000E+30    1.000000E+30    1.000000E+30    1.000000E+30    1.000000E+30    1.000000E+30
   1.000000E+30    1.300010E+01    1.300005E+01    1.300002E+01    1.300002E+01    1.300001E+01    1.300001E+01    1.300001E+01    1.300001E+01    1.300001E+01    1.300001E+01    1.300002E+01    1.300002E+01    1.300003E+01    1.300004E+01    1.300006E+01    1.300008E+01    1.300012E+01    1.300017E+01    1.300023E+01    1.300042E+01    1.300055E+01    1.300069E+01    1.300082E+01    1.300097E+01    1.300114E+01    1.300133E+01    1.300156E+01    1.300186E+01    1.000000E+30    1.000000E+30    1.000000E+30    1.000000E+30    1.000000E+30    1.000000E+30    1.000000E+30    1.000000E+30    1.000000E+30    1.000000E+30    1.000000E+30    1.000000E+30    1.000000E+30    1.000000E+30    1.000000E+30    1.000000E+30    1.000000E+30    1.000000E+30    1.000000E+30    1.000000E+30    1.000000E+30    1.000000E+30    1.000000E+30    1.000000E+30    1.000000E+30    1.000000E+30    1.000000E+30    1.000000E+30    1.000000E+30    1.000000E+30    1.000000E+30    1.000000E+30    1.000000E+30    1.000000E+30    1.000000E+30    1.000000E+30    1.000000E+30    1.000000E+30    1.000000E+30    1.000000E+30    1.000000E+30    1.000000E+30    1.000000E+30    1.000000E+30    1.000000E+30    1.000000E+30    1.000000E+30    1.000000E+30    1.000000E+30    1.000000E+30    1.000000E+30    1.000000E+30    1.000000E+30    1.000000E+30    1.000000E+30    1.000000E+30    1.300248E+01    1.300164E+01    1.300114E+01    1.300077E+01    1.300045E+01    1.300015E+01    1.300006E+01    1.300002E+01    1.300001E+01    1.300001E+01    1.300001E+01    1.300001E+01    1.300001E+01    1.300001E+01    1.300001E+01    1.300001E+01    1.300001E+01    1.000000E+30    1.000000E+30    1.000000E+30    1.000000E+30    1.000000E+30    1.000000E+30    1.000000E+30    1.000000E+30    1.000000E+30    1.000000E+30    1.000000E+30    1.000000E+30    1.000000E+30    1.000000E+30    1.000000E+30    1.000000E+30    1.000000E+30    1.000000E+30    1.000000E+30    1.000000E+30    1.000000E+30    1.000000E+30    1.000000E+30    1.000000E+30    1.000000E+30    1.000000E+30    1.000000E+30    1.000000E+30    1.000000E+30    1.000000E+30    1.000000E+30    1.000000E+30    1.000000E+30    1.000000E+30    1.000000E+30    1.000000E+30    1.000000E+30    1.000000E+30    1.000000E+30    1.000000E+30    1.000000E+30    1.000000E+30    1.000000E+30    1.000000E+30    1.000000E+30    1.000000E+30    1.000000E+30    1.000000E+30    1.000000E+30
   1.000000E+30    1.300009E+01    1.300005E+01    1.300002E+01    1.300002E+01    1.300001E+01    1.300001E+01    1.300001E+01    1.300002E+01    1.300002E+01    1.300003E+01    1.300005E+01    1.300006E+01    1.300008E+01    1.300013E+01    1.300016E+01    1.300022E+01    1.300039E+01    1.300050E+01    1.300061E+01    1.300076E+01    1.300090E+01    1.300105E+01    1.300120E+01    1.300138E+01    1.300160E+01    1.300188E+01    1.300229E+01    1.000000E+30    1.000000E+30    1.000000E+30    1.000000E+30    1.000000E+30    1.000000E+30    1.000000E+30    1.000000E+30    1.000000E+30    1.000000E+30    1.000000E+30    1.000000E+30    1.000000E+30    1.000000E+30    1.000000E+30    1.000000E+30    1.000000E+30    1.000000E+30    1.000000E+30    1.000000E+30    1.000000E+30    1.000000E+30    1.000000E+30    1.000000E+30    1.000000E+30    1.000000E+30    1.000000E+30    1.000000E+30    1.000000E+30    1.000000E+30    1.000000E+30    1.000000E+30    1.000000E+30    1.000000E+30    1.000000E+30    1.000000E+30    1.000000E+30    1.000000E+30    1.000000E+30    1.000000E+30    1.000000E+30    1.000000E+30    1.000000E+30    1.000000E+30    1.000000E+30    1.000000E+30    1.000000E+30    1.000000E+30    1.000000E+30    1.000000E+30    1.000000E+30    1.000000E+30    1.000000E+30    1.000000E+30    1.000000E+30    1.000000E+30    1.000000E+30    1.000000E+30    1.300180E+01    1.300125E+01    1.300083E+01    1.300049E+01    1.300016E+01    1.300006E+01    1.300003E+01    1.300001E+01    1.300001E+01    1.300001E+01    1.300001E+01    1.300001E+01    1.300001E+01    1.300001E+01    1.300001E+01    1.300001E+01    1.000000E+30    1.000000E+30    1.000000E+30    1.000000E+30    1.000000E+30    1.000000E+30    1.000000E+30    1.000000E+30    1.000000E+30    1.000000E+30    1.000000E+30    1.000000E+30    1.000000E+30    1.000000E+30    1.000000E+30    1.000000E+30    1.000000E+30    1.000000E+30    1.000000E+30    1.000000E+30    1.000000E+30    1.000000E+30    1.000000E+30    1.000000E+30    1.000000E+30    1.000000E+30    1.000000E+30    1.000000E+30    1.000000E+30    1.000000E+30    1.000000E+30    1.000000E+30    1.000000E+30    1.000000E+30    1.000000E+30    1.000000E+30    1.000000E+30    1.000000E+30    1.000000E+30    1.000000E+30    1.000000E+30    1.000000E+30    1.000000E+30    1.000000E+30    1.000000E+30    1.000000E+30    1.000000E+30    1.000000E+30    1.000000E+30
   1.000000E+30    1.300009E+01    1.300005E+01    1.300002E+01    1.300002E+01    1.300002E+01    1.300002E+01    1.300002E+01    1.300003E+01    1.300005E+01    1.300008E+01    1.300013E+01    1.300017E+01    1.300023E+01    1.300040E+01    1.300050E+01    1.300060E+01    1.300073E+01    1.300085E+01    1.300098E+01    1.300113E+01    1.300129E+01    1.300145E+01    1.300165E+01    1.300189E+01    1.300222E+01    1.300274E+01    1.000000E+30    1.000000E+30    1.000000E+30    1.000000E+30    1.000000E+30    1.000000E+30    1.000000E+30    1.000000E+30    1.000000E+30    1.000000E+30    1.000000E+30    1.000000E+30    1.000000E+30    1.000000E+30    1.000000E+30    1.000000E+30    1.000000E+30    1.000000E+30    1.000000E+30    1.000000E+30    1.000000E+30    1.000000E+30    1.000000E+30    1.000000E+30    1.000000E+30    1.000000E+30    1.000000E+30    1.000000E+30    1.000000E+30    1.000000E+30    1.000000E+30    1.000000E+30    1.000000E+30    1.000000E+30    1.000000E+30    1.000000E+30    1.000000E+30    1.000000E+30    1.000000E+30    1.000000E+30    1.000000E+30    1.000000E+30    1.000000E+30    1.000000E+30    1.000000E+30    1.000000E+30    1.000000E+30    1.000000E+30    1.000000E+30    1.000000E+30    1.000000E+30    1.000000E+30    1.000000E+30    1.000000E+30    1.000000E+30    1.000000E+30    1.000000E+30    1.000000E+30    1.000000E+30    1.300211E+01    1.300140E+01    1.300092E+01    1.300054E+01    1.300019E+01    1.300007E+01    1.300003E+01    1.300002E+01    1.300001E+01    1.300001E+01    1.300001E+01    1.300001E+01    1.300001E+01    1.300001E+01    1.300001E+01    1.300001E+01    1.000000E+30    1.000000E+30    1.000000E+30    1.000000E+30    1.000000E+30    1.000000E+30    1.000000E+30    1.000000E+30    1.000000E+30    1.000000E+30    1.000000E+30    1.000000E+30    1.000000E+30    1.000000E+30    1.000000E+30    1.000000E+30    1.000000E+30    1.000000E+30    1.000000E+30    1.000000E+30    1.000000E+30    1.000000E+30    1.000000E+30    1.000000E+30    1.000000E+30    1.000000E+30    1.000000E+30    1.000000E+30    1.000000E+30    1.000000E+30    1.000000E+30    1.000000E+30    1.000000E+30    1.000000E+30    1.000000E+30    1.000000E+30    1.000000E+30    1.000000E+30    1.000000E+30    1.000000E+30    1.000000E+30    1.000000E+30    1.000000E+30    1.000000E+30    1.000000E+30    1.000000E+30    1.000000E+30    1.000000E+30    1.000000E+30
   1.000000E+30    1.300009E+01    1.300005E+01    1.300003E+01    1.300002E+01    1.300003E+01    1.300004E+01    1.300005E+01    1.300008E+01    1.300012E+01    1.300021E+01    1.300041E+01    1.300052E+01    1.300063E+01    1.300075E+01    1.300086E+01    1.300097E+01    1.300109E+01    1.300123E+01    1.300138E+01    1.300155E+01    1.300173E+01    1.300193E+01    1.300218E+01    1.300257E+01    1.300317E+01    1.000000E+30    1.000000E+30    1.000000E+30    1.000000E+30    1.000000E+30    1.000000E+30    1.000000E+30    1.000000E+30    1.000000E+30    1.000000E+30    1.000000E+30    1.000000E+30    1.000000E+30    1.000000E+30    1.000000E+30    1.000000E+30    1.000000E+30    1.000000E+30    1.000000E+30    1.000000E+30    1.000000E+30    1.000000E+30    1.000000E+30    1.000000E+30    1.000000E+30    1.000000E+30    1.000000E+30    1.000000E+30    1.000000E+30    1.000000E+30    1.000000E+30    1.000000E+30    1.000000E+30    1.000000E+30    1.000000E+30    1.000000E+30    1.000000E+30    1.000000E+30    1.000000E+30    1.000000E+30    1.000000E+30    1.000000E+30    1.000000E+30    1.000000E+30    1.000000E+30    1.000000E+30    1.000000E+30    1.000000E+30    1.000000E+30    1.000000E+30    1.000000E+30    1.000000E+30    1.000000E+30    1.000000E+30    1.000000E+30    1.000000E+30    1.000000E+30    1.000000E+30    1.000000E+30    1.000000E+30    1.300255E+01    1.300158E+01    1.300103E+01    1.300062E+01    1.300022E+01    1.300009E+01    1.300004E+01    1.300002E+01    1.300001E+01    1.300001E+01    1.300001E+01    1.300001E+01    1.300001E+01    1.300001E+01    1.300001E+01    1.300001E+01    1.000000E+30    1.000000E+30    1.000000E+30    1.000000E+30    1.000000E+30    1.000000E+30    1.000000E+30    1.000000E+30    1.000000E+30    1.000000E+30    1.000000E+30    1.000000E+30    1.000000E+30    1.000000E+30    1.000000E+30    1.000000E+30    1.000000E+30    1.000000E+30    1.000000E+30    1.000000E+30    1.000000E+30    1.000000E+30    1.000000E+30    1.000000E+30    1.000000E+30    1.000000E+30    1.000000E+30    1.000000E+30    1.000000E+30    1.000000E+30    1.000000E+30    1.000000E+30    1.000000E+30    1.000000E+30    1.000000E+30    1.000000E+30    1.000000E+30    1.000000E+30    1.000000E+30    1.000000E+30    1.000000E+30    1.000000E+30    1.000000E+30    1.000000E+30    1.000000E+30    1.000000E+30    1.000000E+30    1.000000E+30    1.000000E+30
   1.000000E+30    1.300010E+01    1.300005E+01    1.300004E+01    1.300004E+01    1.300006E+01    1.300009E+01    1.300013E+01    1.300021E+01    1.300031E+01    1.300058E+01    1.300076E+01    1.300090E+01    1.300102E+01    1.300113E+01    1.300125E+01    1.300137E+01    1.300150E+01    1.300165E+01    1.300183E+01    1.300203E+01    1.300226E+01    1.300251E+01    1.300286E+01    1.300365E+01    1.000000E+30    1.000000E+30    1.000000E+30    1.000000E+30    1.000000E+30    1.000000E+30    1.000000E+30    1.000000E+30    1.000000E+30    1.000000E+30    1.000000E+30    1.000000E+30    1.000000E+30    1.000000E+30    1.000000E+30    1.000000E+30    1.000000E+30    1.000000E+30    1.000000E+30    1.000000E+30    1.000000E+30    1.000000E+30    1.000000E+30    1.000000E+30    1.000000E+30    1.000000E+30    1.000000E+30    1.000000E+30    1.000000E+30    1.000000E+30    1.000000E+30    1.000000E+30    1.000000E+30    1.000000E+30    1.000000E+30    1.000000E+30    1.000000E+30    1.000000E+30    1.000000E+30    1.000000E+30    1.000000E+30    1.000000E+30    1.000000E+30    1.000000E+30    1.000000E+30    1.000000E+30    1.000000E+30    1.000000E+30    1.000000E+30    1.000000E+30    1.000000E+30    1.000000E+30    1.000000E+30    1.000000E+30    1.000000E+30    1.000000E+30    1.000000E+30    1.000000E+30    1.000000E+30    1.000000E+30    1.000000E+30    1.000000E+30    1.300179E+01    1.300118E+01    1.300072E+01    1.300029E+01    1.300013E+01    1.300006E+01    1.300003E+01    1.300002E+01    1.300001E+01    1.300001E+01    1.300001E+01    1.300001E+01    1.300001E+01    1.300001E+01    1.300001E+01    1.000000E+30    1.000000E+30    1.000000E+30    1.000000E+30    1.000000E+30    1.000000E+30    1.000000E+30    1.000000E+30    1.000000E+30    1.000000E+30    1.000000E+30    1.000000E+30    1.000000E+30    1.000000E+30    1.000000E+30    1.000000E+30    1.000000E+30    1.000000E+30    1.000000E+30    1.000000E+30    1.000000E+30    1.000000E+30    1.000000E+30    1.000000E+30    1.000000E+30    1.000000E+30    1.000000E+30    1.000000E+30    1.000000E+30    1.000000E+30    1.000000E+30    1.000000E+30    1.000000E+30    1.000000E+30    1.000000E+30    1.000000E+30    1.000000E+30    1.000000E+30    1.000000E+30    1.000000E+30    1.000000E+30    1.000000E+30    1.000000E+30    1.000000E+30    1.000000E+30    1.000000E+30    1.000000E+30    1.000000E+30    1.000000E+30
   1.000000E+30    1.300012E+01    1.300008E+01    1.300007E+01    1.300010E+01    1.300015E+01    1.300024E+01    1.300036E+01    1.300065E+01    1.300083E+01    1.300102E+01    1.300119E+01    1.300133E+01    1.300145E+01    1.300157E+01    1.300170E+01    1.300183E+01    1.300198E+01    1.300216E+01    1.300237E+01    1.300264E+01    1.300297E+01    1.300333E+01    1.000000E+30    1.000000E+30    1.000000E+30    1.000000E+30    1.000000E+30    1.000000E+30    1.000000E+30    1.000000E+30    1.000000E+30    1.000000E+30    1.000000E+30    1.000000E+30    1.000000E+30    1.000000E+30    1.000000E+30    1.000000E+30    1.000000E+30    1.000000E+30    1.000000E+30    1.000000E+30    1.000000E+30    1.000000E+30    1.000000E+30    1.000000E+30    1.000000E+30    1.000000E+30    1.000000E+30    1.000000E+30    1.000000E+30    1.000000E+30    1.000000E+30    1.000000E+30    1.000000E+30    1.000000E+30    1.000000E+30    1.000000E+30    1.000000E+30    1.000000E+30    1.000000E+30    1.000000E+30    1.000000E+30    1.000000E+30    1.000000E+30    1.000000E+30    1.000000E+30    1.000000E+30    1.000000E+30    1.000000E+30    1.000000E+30    1.000000E+30    1.000000E+30    1.000000E+30    1.000000E+30    1.000000E+30    1.000000E+30    1.000000E+30    1.000000E+30    1.000000E+30    1.000000E+30    1.000000E+30    1.000000E+30    1.000000E+30    1.000000E+30    1.000000E+30    1.000000E+30    1.300142E+01    1.300092E+01    1.300052E+01    1.300022E+01    1.300010E+01    1.300005E+01    1.300003E+01    1.300002E+01    1.300001E+01    1.300001E+01    1.300001E+01    1.300001E+01    1.300001E+01    1.300001E+01    1.000000E+30    1.000000E+30    1.000000E+30    1.000000E+30    1.000000E+30    1.000000E+30    1.000000E+30    1.000000E+30    1.000000E+30    1.000000E+30    1.000000E+30    1.000000E+30    1.000000E+30    1.000000E+30    1.000000E+30    1.000000E+30    1.000000E+30    1.000000E+30    1.000000E+30    1.000000E+30    1.000000E+30    1.000000E+30    1.000000E+30    1.000000E+30    1.000000E+30    1.000000E+30    1.000000E+30    1.000000E+30    1.000000E+30    1.000000E+30    1.000000E+30    1.000000E+30    1.000000E+30    1.000000E+30    1.000000E+30    1.000000E+30    1.000000E+30    1.000000E+30    1.000000E+30    1.000000E+30    1.000000E+30    1.000000E+30    1.000000E+30    1.000000E+30    1.000000E+30    1.000000E+30    1.000000E+30    1.000000E+30    1.000000E+30
   1.000000E+30    1.300017E+01    1.300015E+01    1.300017E+01    1.300023E+01    1.300040E+01    1.300075E+01    1.300097E+01    1.300118E+01    1.300137E+01    1.300154E+01    1.300169E+01    1.300183E+01    1.300196E+01    1.300209E+01    1.300223E+01    1.300238E+01    1.300256E+01    1.300280E+01    1.300305E+01    1.300352E+01    1.300417E+01    1.000000E+30    1.000000E+30    1.000000E+30    1.000000E+30    1.000000E+30    1.000000E+30    1.000000E+30    1.000000E+30    1.000000E+30    1.000000E+30    1.000000E+30    1.000000E+30    1.000000E+30    1.000000E+30    1.000000E+30    1.000000E+30    1.000000E+30    1.000000E+30    1.000000E+30    1.000000E+30    1.000000E+30    1.000000E+30    1.000000E+30    1.000000E+30    1.000000E+30    1.000000E+30    1.000000E+30    1.000000E+30    1.000000E+30    1.000000E+30    1.000000E+30    1.000000E+30    1.000000E+30    1.000000E+30    1.000000E+30    1.000000E+30    1.000000E+30    1.000000E+30    1.000000E+30    1.000000E+30    1.000000E+30    1.000000E+30    1.000000E+30    1.000000E+30    1.000000E+30    1.000000E+30    1.000000E+30    1.000000E+30    1.000000E+30    1.000000E+30    1.000000E+30    1.000000E+30    1.000000E+30    1.000000E+30    1.000000E+30    1.000000E+30    1.000000E+30    1.000000E+30    1.000000E+30    1.000000E+30    1.000000E+30    1.000000E+30    1.000000E+30    1.000000E+30    1.000000E+30    1.000000E+30    1.300213E+01    1.300125E+01    1.300077E+01    1.300044E+01    1.300019E+01    1.300011E+01    1.300006E+01    1.300003E+01    1.300002E+01    1.300001E+01    1.300001E+01    1.300001E+01    1.300001E+01    1.300001E+01    1.300001E+01    1.000000E+30    1.000000E+30    1.000000E+30    1.000000E+30    1.000000E+30    1.000000E+30    1.000000E+30    1.000000E+30    1.000000E+30    1.000000E+30    1.000000E+30    1.000000E+30    1.000000E+30    1.000000E+30    1.000000E+30    1.000000E+30    1.000000E+30    1.000000E+30    1.000000E+30    1.000000E+30    1.000000E+30    1.000000E+30    1.000000E+30    1.000000E+30    1.000000E+30    1.000000E+30    1.000000E+30    1.000000E+30    1.000000E+30    1.000000E+30    1.000000E+30    1.000000E+30    1.000000E+30    1.000000E+30    1.000000E+30    1.000000E+30    1.000000E+30    1.000000E+30    1.000000E+30    1.000000E+30    1.000000E+30    1.000000E+30    1.000000E+30    1.000000E+30    1.000000E+30    1.000000E+30    1.000000E+30    1.000000E+30
   1.000000E+30    1.300035E+01    1.300035E+01    1.300046E+01    1.300061E+01    1.300107E+01    1.300138E+01    1.300160E+01    1.300180E+01    1.300197E+01    1.300213E+01    1.300228E+01    1.300241E+01    1.300255E+01    1.300269E+01    1.300287E+01    1.300307E+01    1.300330E+01    1.300378E+01    1.000000E+30    1.000000E+30    1.000000E+30    1.000000E+30    1.000000E+30    1.000000E+30    1.000000E+30    1.000000E+30    1.000000E+30    1.000000E+30    1.000000E+30    1.000000E+30    1.000000E+30    1.000000E+30    1.000000E+30    1.000000E+30    1.000000E+30    1.000000E+30    1.000000E+30    1.000000E+30    1.000000E+30    1.000000E+30    1.000000E+30    1.000000E+30    1.000000E+30    1.000000E+30    1.000000E+30    1.000000E+30    1.000000E+30    1.000000E+30    1.000000E+30    1.000000E+30    1.000000E+30    1.000000E+30    1.000000E+30    1.000000E+30    1.000000E+30    1.000000E+30    1.000000E+30    1.000000E+30    1.000000E+30    1.000000E+30    1.000000E+30    1.000000E+30    1.000000E+30    1.000000E+30    1.000000E+30    1.000000E+30    1.000000E+30    1.000000E+30    1.000000E+30    1.000000E+30    1.000000E+30    1.000000E+30    1.000000E+30    1.000000E+30    1.000000E+30    1.000000E+30    1.000000E+30    1.000000E+30    1.000000E+30    1.000000E+30    1.000000E+30    1.000000E+30    1.000000E+30    1.000000E+30    1.000000E+30    1.000000E+30    1.000000E+30    1.000000E+30    1.300194E+01    1.300110E+01    1.300069E+01    1.300043E+01    1.300027E+01    1.300012E+01    1.300005E+01    1.300003E+01    1.300002E+01    1.300001E+01    1.300001E+01    1.300001E+01    1.300001E+01    1.300001E+01    1.000000E+30    1.000000E+30    1.000000E+30    1.000000E+30    1.000000E+30    1.000000E+30    1.000000E+30    1.000000E+30    1.000000E+30    1.000000E+30    1.000000E+30    1.000000E+30    1.000000E+30    1.000000E+30    1.000000E+30    1.000000E+30    1.000000E+30    1.000000E+30    1.000000E+30    1.000000E+30    1.000000E+30    1.000000E+30    1.000000E+30    1.000000E+30    1.000000E+30    1.000000E+30    1.000000E+30    1.000000E+30    1.000000E+30    1.000000E+30    1.000000E+30    1.000000E+30    1.000000E+30    1.000000E+30    1.000000E+30    1.000000E+30    1.000000E+30    1.000000E+30    1.000000E+30    1.000000E+30    1.000000E+30    1.000000E+30    1.000000E+30    1.000000E+30    1.000000E+30    1.000000E+30    1.000000E+30    1.000000E+30
   1.000000E+30    1.300087E+01    1.300091E+01    1.300141E+01    1.300165E+01    1.300191E+01    1.300214E+01    1.300233E+01    1.300250E+01    1.300266E+01    1.300281E+01    1.300295E+01    1.300309E+01    1.300324E+01    1.300343E+01    1.300371E+01    1.300405E+01    1.000000E+30    1.000000E+30    1.000000E+30    1.000000E+30    1.000000E+30    1.000000E+30    1.000000E+30    1.000000E+30    1.000000E+30    1.000000E+30    1.000000E+30    1.000000E+30    1.000000E+30    1.000000E+30    1.000000E+30    1.000000E+30    1.000000E+30    1.000000E+30    1.000000E+30    1.000000E+30    1.000000E+30    1.000000E+30    1.000000E+30    1.000000E+30    1.000000E+30    1.000000E+30    1.000000E+30    1.000000E+30    1.000000E+30    1.000000E+30    1.000000E+30    1.000000E+30    1.000000E+30    1.000000E+30    1.000000E+30    1.000000E+30    1.000000E+30    1.000000E+30    1.000000E+30    1.000000E+30    1.000000E+30    1.000000E+30    1.000000E+30    1.000000E+30    1.000000E+30    1.000000E+30    1.000000E+30    1.000000E+30    1.000000E+30    1.000000E+30    1.000000E+30    1.000000E+30    1.000000E+30    1.000000E+30    1.000000E+30    1.000000E+30    1.000000E+30    1.000000E+30    1.000000E+30    1.000000E+30    1.000000E+30    1.000000E+30    1.000000E+30    1.000000E+30    1.000000E+30    1.000000E+30    1.000000E+30    1.000000E+30    1.000000E+30    1.000000E+30    1.000000E+30    1.000000E+30    1.000000E+30    1.000000E+30    1.300102E+01    1.300067E+01    1.300043E+01    1.300024E+01    1.300009E+01    1.300004E+01    1.300002E+01    1.300002E+01    1.300001E+01    1.300001E+01    1.300001E+01    1.300001E+01    1.000000E+30    1.000000E+30    1.000000E+30    1.000000E+30    1.000000E+30    1.000000E+30    1.000000E+30    1.000000E+30    1.000000E+30    1.000000E+30    1.000000E+30    1.000000E+30    1.000000E+30    1.000000E+30    1.000000E+30    1.000000E+30    1.000000E+30    1.000000E+30    1.000000E+30    1.000000E+30    1.000000E+30    1.000000E+30    1.000000E+30    1.000000E+30    1.000000E+30    1.000000E+30    1.000000E+30    1.000000E+30    1.000000E+30    1.000000E+30    1.000000E+30    1.000000E+30    1.000000E+30    1.000000E+30    1.000000E+30    1.000000E+30    1.000000E+30    1.000000E+30    1.000000E+30    1.000000E+30    1.000000E+30    1.000000E+30    1.000000E+30    1.000000E+30    1.000000E+30    1.000000E+30    1.000000E+30    1.000000E+30
   1.000000E+30    1.300253E+01    1.300249E+01    1.300261E+01    1.300272E+01    1.300287E+01    1.300301E+01    1.300316E+01    1.300330E+01    1.300344E+01    1.300359E+01    1.300374E+01    1.300390E+01    1.300408E+01    1.300434E+01    1.300495E+01    1.000000E+30    1.000000E+30    1.000000E+30    1.000000E+30    1.000000E+30    1.000000E+30    1.000000E+30    1.000000E+30    1.000000E+30    1.000000E+30    1.000000E+30    1.000000E+30    1.000000E+30    1.000000E+30    1.000000E+30    1.000000E+30    1.000000E+30    1.000000E+30    1.000000E+30    1.000000E+30    1.000000E+30    1.000000E+30    1.000000E+30    1.000000E+30    1.000000E+30    1.000000E+30    1.000000E+30    1.000000E+30    1.000000E+30    1.000000E+30    1.000000E+30    1.000000E+30    1.000000E+30    1.000000E+30    1.000000E+30    1.000000E+30    1.000000E+30    1.000000E+30    1.000000E+30    1.000000E+30    1.000000E+30    1.000000E+30    1.000000E+30    1.000000E+30    1.000000E+30    1.000000E+30    1.000000E+30    1.000000E+30    1.000000E+30    1.000000E+30    1.000000E+30    1.000000E+30    1.000000E+30    1.000000E+30    1.000000E+30    1.000000E+30    1.000000E+30    1.000000E+30    1.000000E+30    1.000000E+30    1.000000E+30    1.000000E+30    1.000000E+30    1.000000E+30    1.000000E+30    1.000000E+30    1.000000E+30    1.000000E+30    1.000000E+30    1.000000E+30    1.000000E+30    1.000000E+30    1.000000E+30    1.000000E+30    1.000000E+30    1.000000E+30    1.300099E+01    1.300061E+01    1.300035E+01    1.300014E+01    1.300006E+01    1.300003E+01    1.300002E+01    1.300001E+01    1.300001E+01    1.300001E+01    1.300001E+01    1.000000E+30    1.000000E+30    1.000000E+30    1.000000E+30    1.000000E+30    1.000000E+30    1.000000E+30    1.000000E+30    1.000000E+30    1.000000E+30    1.000000E+30    1.000000E+30    1.000000E+30    1.000000E+30    1.000000E+30    1.000000E+30    1.000000E+30    1.000000E+30    1.000000E+30    1.000000E+30    1.000000E+30    1.000000E+30    1.000000E+30    1.000000E+30    1.000000E+30    1.000000E+30    1.000000E+30    1.000000E+30    1.000000E+30    1.000000E+30    1.000000E+30    1.000000E+30    1.000000E+30    1.000000E+30    1.000000E+30    1.000000E+30    1.000000E+30    1.000000E+30    1.000000E+30    1.000000E+30    1.000000E+30    1.000000E+30    1.000000E+30    1.000000E+30    1.000000E+30    1.000000E+30    1.000000E+30    1.000000E+30
   1.000000E+30    1.300412E+01    1.300395E+01    1.300388E+01    1.300387E+01    1.300392E+01    1.300399E+01    1.300409E+01    1.300420E+01    1.300433E+01    1.300449E+01    1.300467E+01    1.300487E+01    1.300514E+01    1.000000E+30    1.000000E+30    1.000000E+30    1.000000E+30    1.000000E+30    1.000000E+30    1.000000E+30    1.000000E+30    1.000000E+30    1.000000E+30    1.000000E+30    1.000000E+30    1.000000E+30    1.000000E+30    1.000000E+30    1.000000E+30    1.000000E+30    1.000000E+30    1.000000E+30    1.000000E+30    1.000000E+30    1.000000E+30    1.000000E+30    1.000000E+30    1.000000E+30    1.000000E+30    1.000000E+30    1.000000E+30    1.000000E+30    1.000000E+30    1.000000E+30    1.000000E+30    1.000000E+30    1.000000E+30    1.000000E+30    1.000000E+30    1.000000E+30    1.000000E+30    1.000000E+30    1.000000E+30    1.000000E+30    1.000000E+30    1.000000E+30    1.000000E+30    1.000000E+30    1.000000E+30    1.000000E+30    1.000000E+30    1.000000E+30    1.000000E+30    1.000000E+30    1.000000E+30    1.000000E+30    1.000000E+30    1.000000E+30    1.000000E+30    1.000000E+30    1.000000E+30    1.000000E+30    1.000000E+30    1.000000E+30    1.000000E+30    1.000000E+30    1.000000E+30    1.000000E+30    1.000000E+30    1.000000E+30    1.000000E+30    1.000000E+30    1.000000E+30    1.000000E+30    1.000000E+30    1.000000E+30    1.000000E+30    1.000000E+30    1.000000E+30    1.000000E+30    1.000000E+30    1.000000E+30    1.300086E+01    1.300050E+01    1.300027E+01    1.300009E+01    1.300004E+01    1.300002E+01    1.300002E+01    1.300001E+01    1.300001E+01    1.300001E+01    1.000000E+30    1.000000E+30    1.000000E+30    1.000000E+30    1.000000E+30    1.000000E+30    1.000000E+30    1.000000E+30    1.000000E+30    1.000000E+30    1.000000E+30    1.000000E+30    1.000000E+30    1.000000E+30    1.000000E+30    1.000000E+30    1.000000E+30    1.000000E+30    1.000000E+30    1.000000E+30    1.000000E+30    1.000000E+30    1.000000E+30    1.000000E+30    1.000000E+30    1.000000E+30    1.000000E+30    1.000000E+30    1.000000E+30    1.000000E+30    1.000000E+30    1.000000E+30    1.000000E+30    1.000000E+30    1.000000E+30    1.000000E+30    1.000000E+30    1.000000E+30    1.000000E+30    1.000000E+30    1.000000E+30    1.000000E+30    1.000000E+30    1.000000E+30    1.000000E+30    1.000000E+30    1.000000E+30    1.000000E+30
   1.300679E+01    1.300584E+01    1.300542E+01    1.300520E+01    1.300509E+01    1.300505E+01    1.300507E+01    1.300512E+01    1.300522E+01    1.300535E+01    1.300554E+01    1.300577E+01    1.300607E+01    1.000000E+30    1.000000E+30    1.000000E+30    1.000000E+30    1.000000E+30    1.000000E+30    1.000000E+30    1.000000E+30    1.000000E+30    1.000000E+30    1.000000E+30    1.000000E+30    1.000000E+30    1.000000E+30    1.000000E+30    1.000000E+30    1.000000E+30    1.000000E+30    1.000000E+30    1.000000E+30    1.000000E+30    1.000000E+30    1.000000E+30    1.000000E+30    1.000000E+30    1.000000E+30    1.000000E+30    1.000000E+30    1.000000E+30    1.000000E+30    1.000000E+30    1.000000E+30    1.000000E+30    1.000000E+30    1.000000E+30    1.000000E+30    1.000000E+30    1.000000E+30    1.000000E+30    1.000000E+30    1.000000E+30    1.000000E+30    1.000000E+30    1.000000E+30    1.000000E+30    1.000000E+30    1.000000E+30    1.000000E+30    1.000000E+30    1.000000E+30    1.000000E+30    1.000000E+30    1.000000E+30    1.000000E+30    1.000000E+30    1.000000E+30    1.000000E+30    1.000000E+30    1.000000E+30    1.000000E+30    1.000000E+30    1.000000E+30    1.000000E+30    1.000000E+30    1.000000E+30    1.000000E+30    1.000000E+30    1.000000E+30    1.000000E+30    1.000000E+30    1.000000E+30    1.000000E+30    1.000000E+30    1.000000E+30    1.000000E+30    1.000000E+30    1.000000E+30    1.000000E+30    1.000000E+30    1.000000E+30    1.000000E+30    1.300068E+01    1.300037E+01    1.300014E+01    1.300006E+01    1.300003E+01    1.300002E+01    1.300002E+01    1.300001E+01    1.300001E+01    1.000000E+30    1.000000E+30    1.000000E+30    1.000000E+30    1.000000E+30    1.000000E+30    1.000000E+30    1.000000E+30    1.000000E+30    1.000000E+30    1.000000E+30    1.000000E+30    1.000000E+30    1.000000E+30    1.000000E+30    1.000000E+30    1.000000E+30    1.000000E+30    1.000000E+30    1.000000E+30    1.000000E+30    1.000000E+30    1.000000E+30    1.000000E+30    1.000000E+30    1.000000E+30    1.000000E+30    1.000000E+30    1.000000E+30    1.000000E+30    1.000000E+30    1.000000E+30    1.000000E+30    1.000000E+30    1.000000E+30    1.000000E+30    1.000000E+30    1.000000E+30    1.000000E+30    1.000000E+30    1.000000E+30    1.000000E+30    1.000000E+30    1.000000E+30    1.000000E+30    1.000000E+30    1.000000E+30    1.000000E+30
   1.300759E+01    1.300715E+01    1.300679E+01    1.300654E+01    1.300637E+01    1.300628E+01    1.300626E+01    1.300629E+01    1.300639E+01    1.300655E+01    1.300683E+01    1.300714E+01    1.000000E+30    1.000000E+30    1.000000E+30    1.000000E+30    1.000000E+30    1.000000E+30    1.000000E+30    1.000000E+30    1.000000E+30    1.000000E+30    1.000000E+30    1.000000E+30    1.000000E+30    1.000000E+30    1.000000E+30    1.000000E+30    1.000000E+30    1.000000E+30    1.000000E+30    1.000000E+30    1.000000E+30    1.000000E+30    1.000000E+30    1.000000E+30    1.000000E+30    1.000000E+30    1.000000E+30    1.000000E+30    1.000000E+30    1.000000E+30    1.000000E+30    1.000000E+30    1.000000E+30    1.000000E+30    1.000000E+30    1.000000E+30    1.000000E+30    1.000000E+30    1.000000E+30    1.000000E+30    1.000000E+30    1.000000E+30    1.000000E+30    1.000000E+30    1.000000E+30    1.000000E+30    1.000000E+30    1.000000E+30    1.000000E+30    1.000000E+30    1.000000E+30    1.000000E+30    1.000000E+30    1.000000E+30    1.000000E+30    1.000000E+30    1.000000E+30    1.000000E+30    1.000000E+30    1.000000E+30    1.000000E+30    1.000000E+30    1.000000E+30    1.000000E+30    1.000000E+30    1.000000E+30    1.000000E+30    1.000000E+30    1.000000E+30    1.000000E+30    1.000000E+30    1.000000E+30    1.000000E+30    1.000000E+30    1.000000E+30    1.000000E+30    1.000000E+30    1.000000E+30    1.000000E+30    1.000000E+30    1.000000E+30    1.000000E+30    1.300103E+01    1.300052E+01    1.300026E+01    1.300009E+01    1.300004E+01    1.300003E+01    1.300002E+01    1.300002E+01    1.300002E+01    1.000000E+30    1.000000E+30    1.000000E+30    1.000000E+30    1.000000E+30    1.000000E+30    1.000000E+30    1.000000E+30    1.000000E+30    1.000000E+30    1.000000E+30    1.000000E+30    1.000000E+30    1.000000E+30    1.000000E+30    1.000000E+30    1.000000E+30    1.000000E+30    1.000000E+30    1.000000E+30    1.000000E+30    1.000000E+30    1.000000E+30    1.000000E+30    1.000000E+30    1.000000E+30    1.000000E+30    1.000000E+30    1.000000E+30    1.000000E+30    1.000000E+30    1.000000E+30    1.000000E+30    1.000000E+30    1.000000E+30    1.000000E+30    1.000000E+30    1.000000E+30    1.000000E+30    1.000000E+30    1.000000E+30    1.000000E+30    1.000000E+30    1.000000E+30    1.000000E+30    1.000000E+30    1.000000E+30    1.000000E+30
   1.300876E+01    1.300847E+01    1.300817E+01    1.300792E+01    1.300773E+01    1.300761E+01    1.300756E+01    1.300759E+01    1.300775E+01    1.300794E+01    1.300852E+01    1.000000E+30    1.000000E+30    1.000000E+30    1.000000E+30    1.000000E+30    1.000000E+30    1.000000E+30    1.000000E+30    1.000000E+30    1.000000E+30    1.000000E+30    1.000000E+30    1.000000E+30    1.000000E+30    1.000000E+30    1.000000E+30    1.000000E+30    1.000000E+30    1.000000E+30    1.000000E+30    1.000000E+30    1.000000E+30    1.000000E+30    1.000000E+30    1.000000E+30    1.000000E+30    1.000000E+30    1.000000E+30    1.000000E+30    1.000000E+30    1.000000E+30    1.000000E+30    1.000000E+30    1.000000E+30    1.000000E+30    1.000000E+30    1.000000E+30    1.000000E+30    1.000000E+30    1.000000E+30    1.000000E+30    1.000000E+30    1.000000E+30    1.000000E+30    1.000000E+30    1.000000E+30    1.000000E+30    1.000000E+30    1.000000E+30    1.000000E+30    1.000000E+30    1.000000E+30    1.000000E+30    1.000000E+30    1.000000E+30    1.000000E+30    1.000000E+30    1.000000E+30    1.000000E+30    1.000000E+30    1.000000E+30    1.000000E+30    1.000000E+30    1.000000E+30    1.000000E+30    1.000000E+30    1.000000E+30    1.000000E+30    1.000000E+30    1.000000E+30    1.000000E+30    1.000000E+30    1.000000E+30    1.000000E+30    1.000000E+30    1.000000E+30    1.000000E+30    1.000000E+30    1.000000E+30    1.000000E+30    1.000000E+30    1.000000E+30    1.000000E+30    1.000000E+30    1.300066E+01    1.300034E+01    1.300012E+01    1.300005E+01    1.300003E+01    1.300002E+01    1.300002E+01    1.300002E+01    1.000000E+30    1.000000E+30    1.000000E+30    1.000000E+30    1.000000E+30    1.000000E+30    1.000000E+30    1.000000E+30    1.000000E+30    1.000000E+30    1.000000E+30    1.000000E+30    1.000000E+30    1.000000E+30    1.000000E+30    1.000000E+30    1.000000E+30    1.000000E+30    1.000000E+30    1.000000E+30    1.000000E+30    1.000000E+30    1.000000E+30    1.000000E+30    1.000000E+30    1.000000E+30    1.000000E+30    1.000000E+30    1.000000E+30    1.000000E+30    1.000000E+30    1.000000E+30    1.000000E+30    1.000000E+30    1.000000E+30    1.000000E+30    1.000000E+30    1.000000E+30    1.000000E+30    1.000000E+30    1.000000E+30    1.000000E+30    1.000000E+30    1.000000E+30    1.000000E+30    1.000000E+30    1.000000E+30    1.000000E+30
   1.301021E+01    1.300996E+01    1.300968E+01    1.300942E+01    1.300922E+01    1.300907E+01    1.300906E+01    1.300907E+01    1.300950E+01    1.000000E+30    1.000000E+30    1.000000E+30    1.000000E+30    1.000000E+30    1.000000E+30    1.000000E+30    1.000000E+30    1.000000E+30    1.000000E+30    1.000000E+30    1.000000E+30    1.000000E+30    1.000000E+30    1.000000E+30    1.000000E+30    1.000000E+30    1.000000E+30    1.000000E+30    1.000000E+30    1.000000E+30    1.000000E+30    1.000000E+30    1.000000E+30    1.000000E+30    1.000000E+30    1.000000E+30    1.000000E+30    1.000000E+30    1.000000E+30    1.000000E+30    1.000000E+30    1.000000E+30    1.000000E+30    1.000000E+30    1.000000E+30    1.000000E+30    1.000000E+30    1.000000E+30    1.000000E+30    1.000000E+30    1.000000E+30    1.000000E+30    1.000000E+30    1.000000E+30    1.000000E+30    1.000000E+30    1.000000E+30    1.000000E+30    1.000000E+30    1.000000E+30    1.000000E+30    1.000000E+30    1.000000E+30    1.000000E+30    1.000000E+30    1.000000E+30    1.000000E+30    1.000000E+30    1.000000E+30    1.000000E+30    1.000000E+30    1.000000E+30    1.000000E+30    1.000000E+30    1.000000E+30    1.000000E+30    1.000000E+30    1.000000E+30    1.000000E+30    1.000000E+30    1.000000E+30    1.000000E+30    1.000000E+30    1.000000E+30    1.000000E+30    1.000000E+30    1.000000E+30    1.000000E+30    1.000000E+30    1.000000E+30    1.000000E+30    1.000000E+30    1.000000E+30    1.000000E+30    1.000000E+30    1.300090E+01    1.300044E+01    1.300014E+01    1.300007E+01    1.300004E+01    1.300003E+01    1.300002E+01    1.300002E+01    1.000000E+30    1.000000E+30    1.000000E+30    1.000000E+30    1.000000E+30    1.000000E+30    1.000000E+30    1.000000E+30    1.000000E+30    1.000000E+30    1.000000E+30    1.000000E+30    1.000000E+30    1.000000E+30    1.000000E+30    1.000000E+30    1.000000E+30    1.000000E+30    1.000000E+30    1.000000E+30    1.000000E+30    1.000000E+30    1.000000E+30    1.000000E+30    1.000000E+30    1.000000E+30    1.000000E+30    1.000000E+30    1.000000E+30    1.000000E+30    1.000000E+30    1.000000E+30    1.000000E+30    1.000000E+30    1.000000E+30    1.000000E+30    1.000000E+30    1.000000E+30    1.000000E+30    1.000000E+30    1.000000E+30    1.000000E+30    1.000000E+30    1.000000E+30    1.000000E+30    1.000000E+30    1.000000E+30    1.000000E+30
   1.301195E+01    1.301169E+01    1.301143E+01    1.301115E+01    1.301099E+01    1.301081E+01    1.301113E+01    1.000000E+30    1.000000E+30    1.000000E+30    1.000000E+30    1.000000E+30    1.000000E+30    1.000000E+30    1.000000E+30    1.000000E+30    1.000000E+30    1.000000E+30    1.000000E+30    1.000000E+30    1.000000E+30    1.000000E+30    1.000000E+30    1.000000E+30    1.000000E+30    1.000000E+30    1.000000E+30    1.000000E+30    1.000000E+30    1.000000E+30    1.000000E+30    1.000000E+30    1.000000E+30    1.000000E+30    1.000000E+30    1.000000E+30    1.000000E+30    1.000000E+30    1.000000E+30    1.000000E+30    1.000000E+30    1.000000E+30    1.000000E+30    1.000000E+30    1.000000E+30    1.000000E+30    1.000000E+30    1.000000E+30    1.000000E+30    1.000000E+30    1.000000E+30    1.000000E+30    1.000000E+30    1.000000E+30    1.000000E+30    1.000000E+30    1.000000E+30    1.000000E+30    1.000000E+30    1.000000E+30    1.000000E+30    1.000000E+30    1.000000E+30    1.000000E+30    1.000000E+30    1.000000E+30    1.000000E+30    1.000000E+30    1.000000E+30    1.000000E+30    1.000000E+30    1.000000E+30    1.000000E+30    1.000000E+30    1.000000E+30    1.000000E+30    1.000000E+30    1.000000E+30    1.000000E+30    1.000000E+30    1.000000E+30    1.000000E+30    1.000000E+30    1.000000E+30    1.000000E+30    1.000000E+30    1.000000E+30    1.000000E+30    1.000000E+30    1.000000E+30    1.000000E+30    1.000000E+30    1.000000E+30    1.000000E+30    1.000000E+30    1.300121E+01    1.300055E+01    1.300019E+01    1.300009E+01    1.300005E+01    1.300003E+01    1.300002E+01    1.300002E+01    1.000000E+30    1.000000E+30    1.000000E+30    1.000000E+30    1.000000E+30    1.000000E+30    1.000000E+30    1.000000E+30    1.000000E+30    1.000000E+30    1.000000E+30    1.000000E+30    1.000000E+30    1.000000E+30    1.000000E+30    1.000000E+30    1.000000E+30    1.000000E+30    1.000000E+30    1.000000E+30    1.000000E+30    1.000000E+30    1.000000E+30    1.000000E+30    1.000000E+30    1.000000E+30    1.000000E+30    1.000000E+30    1.000000E+30    1.000000E+30    1.000000E+30    1.000000E+30    1.000000E+30    1.000000E+30    1.000000E+30    1.000000E+30    1.000000E+30    1.000000E+30    1.000000E+30    1.000000E+30    1.000000E+30    1.000000E+30    1.000000E+30    1.000000E+30    1.000000E+30    1.000000E+30    1.000000E+30    1.000000E+30
   1.301406E+01    1.301380E+01    1.301357E+01    1.301321E+01    1.301341E+01    1.000000E+30    1.000000E+30    1.000000E+30    1.000000E+30    1.000000E+30    1.000000E+30    1.000000E+30    1.000000E+30    1.000000E+30    1.000000E+30    1.000000E+30    1.000000E+30    1.000000E+30    1.000000E+30    1.000000E+30    1.000000E+30    1.000000E+30    1.000000E+30    1.000000E+30    1.000000E+30    1.000000E+30    1.000000E+30    1.000000E+30    1.000000E+30    1.000000E+30    1.000000E+30    1.000000E+30    1.000000E+30    1.000000E+30    1.000000E+30    1.000000E+30    1.000000E+30    1.000000E+30    1.000000E+30    1.000000E+30    1.000000E+30    1.000000E+30    1.000000E+30    1.000000E+30    1.000000E+30    1.000000E+30    1.000000E+30    1.000000E+30    1.000000E+30    1.000000E+30    1.000000E+30    1.000000E+30    1.000000E+30    1.000000E+30    1.000000E+30    1.000000E+30    1.000000E+30    1.000000E+30    1.000000E+30    1.000000E+30    1.000000E+30    1.000000E+30    1.000000E+30    1.000000E+30    1.000000E+30    1.000000E+30    1.000000E+30    1.000000E+30    1.000000E+30    1.000000E+30    1.000000E+30    1.000000E+30    1.000000E+30    1.000000E+30    1.000000E+30    1.000000E+30    1.000000E+30    1.000000E+30    1.000000E+30    1.000000E+30    1.000000E+30    1.000000E+30    1.000000E+30    1.000000E+30    1.000000E+30    1.000000E+30    1.000000E+30    1.000000E+30    1.000000E+30    1.000000E+30    1.000000E+30    1.000000E+30    1.000000E+30    1.000000E+30    1.000000E+30    1.300164E+01    1.300069E+01    1.300034E+01    1.300013E+01    1.300006E+01    1.300004E+01    1.300003E+01    1.300002E+01    1.000000E+30    1.000000E+30    1.000000E+30    1.000000E+30    1.000000E+30    1.000000E+30    1.000000E+30    1.000000E+30    1.000000E+30    1.000000E+30    1.000000E+30    1.000000E+30    1.000000E+30    1.000000E+30    1.000000E+30    1.000000E+30    1.000000E+30    1.000000E+30    1.000000E+30    1.000000E+30    1.000000E+30    1.000000E+30    1.000000E+30    1.000000E+30    1.000000E+30    1.000000E+30    1.000000E+30    1.000000E+30    1.000000E+30    1.000000E+30    1.000000E+30    1.000000E+30    1.000000E+30    1.000000E+30    1.000000E+30    1.000000E+30    1.000000E+30    1.000000E+30    1.000000E+30    1.000000E+30    1.000000E+30    1.000000E+30    1.000000E+30    1.000000E+30    1.000000E+30    1.000000E+30    1.000000E+30    1.000000E+30
   1.301666E+01    1.301645E+01    1.301655E+01    1.000000E+30    1.000000E+30    1.000000E+30    1.000000E+30    1.000000E+30    1.000000E+30    1.000000E+30    1.000000E+30    1.000000E+30    1.000000E+30    1.000000E+30    1.000000E+30    1.000000E+30    1.000000E+30    1.000000E+30    1.000000E+30    1.000000E+30    1.000000E+30    1.000000E+30    1.000000E+30    1.000000E+30    1.000000E+30    1.000000E+30    1.000000E+30    1.000000E+30    1.000000E+30    1.000000E+30    1.000000E+30    1.000000E+30    1.000000E+30    1.000000E+30    1.000000E+30    1.000000E+30    1.000000E+30    1.000000E+30    1.000000E+30    1.000000E+30    1.000000E+30    1.000000E+30    1.000000E+30    1.000000E+30    1.000000E+30    1.000000E+30    1.000000E+30    1.000000E+30    1.000000E+30    1.000000E+30    1.000000E+30    1.000000E+30    1.000000E+30    1.000000E+30    1.000000E+30    1.000000E+30    1.000000E+30    1.000000E+30    1.000000E+30    1.000000E+30    1.000000E+30    1.000000E+30    1.000000E+30    1.000000E+30    1.000000E+30    1.000000E+30    1.000000E+30    1.000000E+30    1.000000E+30    1.000000E+30    1.000000E+30    1.000000E+30    1.000000E+30    1.000000E+30    1.000000E+30    1.000000E+30    1.000000E+30    1.000000E+30    1.000000E+30    1.000000E+30    1.000000E+30    1.000000E+30    1.000000E+30    1.000000E+30    1.000000E+30    1.000000E+30    1.000000E+30    1.000000E+30    1.000000E+30    1.000000E+30    1.000000E+30    1.000000E+30    1.000000E+30    1.000000E+30    1.000000E+30    1.000000E+30    1.300077E+01    1.300042E+01    1.300015E+01    1.300007E+01    1.300004E+01    1.300003E+01    1.300003E+01    1.000000E+30    1.000000E+30    1.000000E+30    1.000000E+30    1.000000E+30    1.000000E+30    1.000000E+30    1.000000E+30    1.000000E+30    1.000000E+30    1.000000E+30    1.000000E+30    1.000000E+30    1.000000E+30    1.000000E+30    1.000000E+30    1.000000E+30    1.000000E+30    1.000000E+30    1.000000E+30    1.000000E+30    1.000000E+30    1.000000E+30    1.000000E+30    1.000000E+30    1.000000E+30    1.000000E+30    1.000000E+30    1.000000E+30    1.000000E+30    1.000000E+30    1.000000E+30    1.000000E+30    1.000000E+30    1.000000E+30    1.000000E+30    1.000000E+30    1.000000E+30    1.000000E+30    1.000000E+30    1.000000E+30    1.000000E+30    1.000000E+30    1.000000E+30    1.000000E+30    1.000000E+30    1.000000E+30    1.000000E+30
   1.000000E+30    1.000000E+30    1.000000E+30    1.000000E+30    1.000000E+30    1.000000E+30    1.000000E+30    1.000000E+30    1.000000E+30    1.000000E+30    1.000000E+30    1.000000E+30    1.000000E+30    1.000000E+30    1.000000E+30    1.000000E+30    1.000000E+30    1.000000E+30    1.000000E+30    1.000000E+30    1.000000E+30    1.000000E+30    1.000000E+30    1.000000E+30    1.000000E+30    1.000000E+30    1.000000E+30    1.000000E+30    1.000000E+30    1.000000E+30    1.000000E+30    1.000000E+30    1.000000E+30    1.000000E+30    1.000000E+30    1.000000E+30    1.000000E+30    1.000000E+30    1.000000E+30    1.000000E+30    1.000000E+30    1.000000E+30    1.000000E+30    1.000000E+30    1.000000E+30    1.000000E+30    1.000000E+30    1.000000E+30    1.000000E+30    1.000000E+30    1.000000E+30    1.000000E+30    1.000000E+30    1.000000E+30    1.000000E+30    1.000000E+30    1.000000E+30    1.000000E+30    1.000000E+30    1.000000E+30    1.000000E+30    1.000000E+30    1.000000E+30    1.000000E+30    1.000000E+30    1.000000E+30    1.000000E+30    1.000000E+30    1.000000E+30    1.000000E+30    1.000000E+30    1.000000E+30    1.000000E+30    1.000000E+30    1.000000E+30    1.000000E+30    1.000000E+30    1.000000E+30    1.000000E+30    1.000000E+30    1.000000E+30    1.000000E+30    1.000000E+30    1.000000E+30    1.000000E+30    1.000000E+30    1.000000E+30    1.000000E+30    1.000000E+30    1.000000E+30    1.000000E+30    1.000000E+30    1.000000E+30    1.000000E+30    1.000000E+30    1.000000E+30    1.300091E+01    1.300047E+01    1.300017E+01    1.300008E+01    1.300004E+01    1.300003E+01    1.300003E+01    1.000000E+30    1.000000E+30    1.000000E+30    1.000000E+30    1.000000E+30    1.000000E+30    1.000000E+30    1.000000E+30    1.000000E+30    1.000000E+30    1.000000E+30    1.000000E+30    1.000000E+30    1.000000E+30    1.000000E+30    1.000000E+30    1.000000E+30    1.000000E+30    1.000000E+30    1.000000E+30    1.000000E+30    1.000000E+30    1.000000E+30    1.000000E+30    1.000000E+30    1.000000E+30    1.000000E+30    1.000000E+30    1.000000E+30    1.000000E+30    1.000000E+30    1.000000E+30    1.000000E+30    1.000000E+30    1.000000E+30    1.000000E+30    1.000000E+30    1.000000E+30    1.000000E+30    1.000000E+30    1.000000E+30    1.000000E+30    1.000000E+30    1.000000E+30    1.000000E+30    1.000000E+30    1.000000E+30    1.000000E+30
   1.000000E+30    1.000000E+30    1.000000E+30    1.000000E+30    1.000000E+30    1.000000E+30    1.000000E+30    1.000000E+30    1.000000E+30    1.000000E+30    1.000000E+30    1.000000E+30    1.000000E+30    1.000000E+30    1.000000E+30    1.000000E+30    1.000000E+30    1.000000E+30    1.000000E+30    1.000000E+30    1.000000E+30    1.000000E+30    1.000000E+30    1.000000E+30    1.000000E+30    1.000000E+30    1.000000E+30    1.000000E+30    1.000000E+30    1.000000E+30    1.000000E+30    1.000000E+30    1.000000E+30    1.000000E+30    1.000000E+30    1.000000E+30    1.000000E+30    1.000000E+30    1.000000E+30    1.000000E+30    1.000000E+30    1.000000E+30    1.000000E+30    1.000000E+30    1.000000E+30    1.000000E+30    1.000000E+30    1.000000E+30    1.000000E+30    1.000000E+30    1.000000E+30    1.000000E+30    1.000000E+30    1.000000E+30    1.000000E+30    1.000000E+30    1.000000E+30    1.000000E+30    1.000000E+30    1.000000E+30    1.000000E+30    1.000000E+30    1.000000E+30    1.000000E+30    1.000000E+30    1.000000E+30    1.000000E+30    1.000000E+30    1.000000E+30    1.000000E+30    1.000000E+30    1.000000E+30    1.000000E+30    1.000000E+30    1.000000E+30    1.000000E+30    1.000000E+30    1.000000E+30    1.000000E+30    1.000000E+30    1.000000E+30    1.000000E+30    1.000000E+30    1.000000E+30    1.000000E+30    1.000000E+30    1.000000E+30    1.000000E+30    1.000000E+30    1.000000E+30    1.000000E+30    1.000000E+30    1.000000E+30    1.000000E+30    1.000000E+30    1.000000E+30    1.300106E+01    1.300053E+01    1.300018E+01    1.300008E+01    1.300005E+01    1.300003E+01    1.300003E+01    1.000000E+30    1.000000E+30    1.000000E+30    1.000000E+30    1.000000E+30    1.000000E+30    1.000000E+30    1.000000E+30    1.000000E+30    1.000000E+30    1.000000E+30    1.000000E+30    1.000000E+30    1.000000E+30    1.000000E+30    1.000000E+30    1.000000E+30    1.000000E+30    1.000000E+30    1.000000E+30    1.000000E+30    1.000000E+30    1.000000E+30    1.000000E+30    1.000000E+30    1.000000E+30    1.000000E+30    1.000000E+30    1.000000E+30    1.000000E+30    1.000000E+30    1.000000E+30    1.000000E+30    1.000000E+30    1.000000E+30    1.000000E+30    1.000000E+30    1.000000E+30    1.000000E+30    1.000000E+30    1.000000E+30    1.000000E+30    1.000000E+30    1.000000E+30    1.000000E+30    1.000000E+30    1.000000E+30    1.000000E+30
   1.000000E+30    1.000000E+30    1.000000E+30    1.000000E+30    1.000000E+30    1.000000E+30    1.000000E+30    1.000000E+30    1.000000E+30    1.000000E+30    1.000000E+30    1.000000E+30    1.000000E+30    1.000000E+30    1.000000E+30    1.000000E+30    1.000000E+30    1.000000E+30    1.000000E+30    1.000000E+30    1.000000E+30    1.000000E+30    1.000000E+30    1.000000E+30    1.000000E+30    1.000000E+30    1.000000E+30    1.000000E+30    1.000000E+30    1.000000E+30    1.000000E+30    1.000000E+30    1.000000E+30    1.000000E+30    1.000000E+30    1.000000E+30    1.000000E+30    1.000000E+30    1.000000E+30    1.000000E+30    1.000000E+30    1.000000E+30    1.000000E+30    1.000000E+30    1.000000E+30    1.000000E+30    1.000000E+30    1.000000E+30    1.000000E+30    1.000000E+30    1.000000E+30    1.000000E+30    1.000000E+30    1.000000E+30    1.000000E+30    1.000000E+30    1.000000E+30    1.000000E+30    1.000000E+30    1.000000E+30    1.000000E+30    1.000000E+30    1.000000E+30    1.000000E+30    1.000000E+30    1.000000E+30    1.000000E+30    1.000000E+30    1.000000E+30    1.000000E+30    1.000000E+30    1.000000E+30    1.000000E+30    1.000000E+30    1.000000E+30    1.000000E+30    1.000000E+30    1.000000E+30    1.000000E+30    1.000000E+30    1.000000E+30    1.000000E+30    1.000000E+30    1.000000E+30    1.000000E+30    1.000000E+30    1.000000E+30    1.000000E+30    1.000000E+30    1.000000E+30    1.000000E+30    1.000000E+30    1.000000E+30    1.000000E+30    1.000000E+30    1.000000E+30    1.300123E+01    1.300057E+01    1.300019E+01    1.300009E+01    1.300005E+01    1.300003E+01    1.300003E+01    1.000000E+30    1.000000E+30    1.000000E+30    1.000000E+30    1.000000E+30    1.000000E+30    1.000000E+30    1.000000E+30    1.000000E+30    1.000000E+30    1.000000E+30    1.000000E+30    1.000000E+30    1.000000E+30    1.000000E+30    1.000000E+30    1.000000E+30    1.000000E+30    1.000000E+30    1.000000E+30    1.000000E+30    1.000000E+30    1.000000E+30    1.000000E+30    1.000000E+30    1.000000E+30    1.000000E+30    1.000000E+30    1.000000E+30    1.000000E+30    1.000000E+30    1.000000E+30    1.000000E+30    1.000000E+30    1.000000E+30    1.000000E+30    1.000000E+30    1.000000E+30    1.000000E+30    1.000000E+30    1.000000E+30    1.000000E+30    1.000000E+30    1.000000E+30    1.000000E+30    1.000000E+30    1.000000E+30    1.000000E+30
   1.000000E+30    1.000000E+30    1.000000E+30    1.000000E+30    1.000000E+30    1.000000E+30    1.000000E+30    1.000000E+30    1.000000E+30    1.000000E+30    1.000000E+30    1.000000E+30    1.000000E+30    1.000000E+30    1.000000E+30    1.000000E+30    1.000000E+30    1.000000E+30    1.000000E+30    1.000000E+30    1.000000E+30    1.000000E+30    1.000000E+30    1.000000E+30    1.000000E+30    1.000000E+30    1.000000E+30    1.000000E+30    1.000000E+30    1.000000E+30    1.000000E+30    1.000000E+30    1.000000E+30    1.000000E+30    1.000000E+30    1.000000E+30    1.000000E+30    1.000000E+30    1.000000E+30    1.000000E+30    1.000000E+30    1.000000E+30    1.000000E+30    1.000000E+30    1.000000E+30    1.000000E+30    1.000000E+30    1.000000E+30    1.000000E+30    1.000000E+30    1.000000E+30    1.000000E+30    1.000000E+30    1.000000E+30    1.000000E+30    1.000000E+30    1.000000E+30    1.000000E+30    1.000000E+30    1.000000E+30    1.000000E+30    1.000000E+30    1.000000E+30    1.000000E+30    1.000000E+30    1.000000E+30    1.000000E+30    1.000000E+30    1.000000E+30    1.000000E+30    1.000000E+30    1.000000E+30    1.000000E+30    1.000000E+30    1.000000E+30    1.000000E+30    1.000000E+30    1.000000E+30    1.000000E+30    1.000000E+30    1.000000E+30    1.000000E+30    1.000000E+30    1.000000E+30    1.000000E+30    1.000000E+30    1.000000E+30    1.000000E+30    1.000000E+30    1.000000E+30    1.000000E+30    1.000000E+30    1.000000E+30    1.000000E+30    1.000000E+30    1.000000E+30    1.300145E+01    1.300061E+01    1.300019E+01    1.300009E+01    1.300005E+01    1.300004E+01    1.300003E+01    1.000000E+30    1.000000E+30    1.000000E+30    1.000000E+30    1.000000E+30    1.000000E+30    1.000000E+30    1.000000E+30    1.000000E+30    1.000000E+30    1.000000E+30    1.000000E+30    1.000000E+30    1.000000E+30    1.000000E+30    1.000000E+30    1.000000E+30    1.000000E+30    1.000000E+30    1.000000E+30    1.000000E+30    1.000000E+30    1.000000E+30    1.000000E+30    1.000000E+30    1.000000E+30    1.000000E+30    1.000000E+30    1.000000E+30    1.000000E+30    1.000000E+30    1.000000E+30    1.000000E+30    1.000000E+30    1.000000E+30    1.000000E+30    1.000000E+30    1.000000E+30    1.000000E+30    1.000000E+30    1.000000E+30    1.000000E+30    1.000000E+30    1.000000E+30    1.000000E+30    1.000000E+30    1.000000E+30    1.000000E+30
   1.000000E+30    1.000000E+30    1.000000E+30    1.000000E+30    1.000000E+30    1.000000E+30    1.000000E+30    1.000000E+30    1.000000E+30    1.000000E+30    1.000000E+30    1.000000E+30    1.000000E+30    1.000000E+30    1.000000E+30    1.000000E+30    1.000000E+30    1.000000E+30    1.000000E+30    1.000000E+30    1.000000E+30    1.000000E+30    1.000000E+30    1.000000E+30    1.000000E+30    1.000000E+30    1.000000E+30    1.000000E+30    1.000000E+30    1.000000E+30    1.000000E+30    1.000000E+30    1.000000E+30    1.000000E+30    1.000000E+30    1.000000E+30    1.000000E+30    1.000000E+30    1.000000E+30    1.000000E+30    1.000000E+30    1.000000E+30    1.000000E+30    1.000000E+30    1.000000E+30    1.000000E+30    1.000000E+30    1.000000E+30    1.000000E+30    1.000000E+30    1.000000E+30    1.000000E+30    1.000000E+30    1.000000E+30    1.000000E+30    1.000000E+30    1.000000E+30    1.000000E+30    1.000000E+30    1.000000E+30    1.000000E+30    1.000000E+30    1.000000E+30    1.000000E+30    1.000000E+30    1.000000E+30    1.000000E+30    1.000000E+30    1.000000E+30    1.000000E+30    1.000000E+30    1.000000E+30    1.000000E+30    1.000000E+30    1.000000E+30    1.000000E+30    1.000000E+30    1.000000E+30    1.000000E+30    1.000000E+30    1.000000E+30    1.000000E+30    1.000000E+30    1.000000E+30    1.000000E+30    1.000000E+30    1.000000E+30    1.000000E+30    1.000000E+30    1.000000E+30    1.000000E+30    1.000000E+30    1.000000E+30    1.000000E+30    1.000000E+30    1.000000E+30    1.300175E+01    1.300063E+01    1.300019E+01    1.300009E+01    1.300005E+01    1.300004E+01    1.300003E+01    1.000000E+30    1.000000E+30    1.000000E+30    1.000000E+30    1.000000E+30    1.000000E+30    1.000000E+30    1.000000E+30    1.000000E+30    1.000000E+30    1.000000E+30    1.000000E+30    1.000000E+30    1.000000E+30    1.000000E+30    1.000000E+30    1.000000E+30    1.000000E+30    1.000000E+30    1.000000E+30    1.000000E+30    1.000000E+30    1.000000E+30    1.000000E+30    1.000000E+30    1.000000E+30    1.000000E+30    1.000000E+30    1.000000E+30    1.000000E+30    1.000000E+30    1.000000E+30    1.000000E+30    1.000000E+30    1.000000E+30    1.000000E+30    1.000000E+30    1.000000E+30    1.000000E+30    1.000000E+30    1.000000E+30    1.000000E+30    1.000000E+30    1.000000E+30    1.000000E+30    1.000000E+30    1.000000E+30    1.000000E+30
   1.000000E+30    1.000000E+30    1.000000E+30    1.000000E+30    1.000000E+30    1.000000E+30    1.000000E+30    1.000000E+30    1.000000E+30    1.000000E+30    1.000000E+30    1.000000E+30    1.000000E+30    1.000000E+30    1.000000E+30    1.000000E+30    1.000000E+30    1.000000E+30    1.000000E+30    1.000000E+30    1.000000E+30    1.000000E+30    1.000000E+30    1.000000E+30    1.000000E+30    1.000000E+30    1.000000E+30    1.000000E+30    1.000000E+30    1.000000E+30    1.000000E+30    1.000000E+30    1.000000E+30    1.000000E+30    1.000000E+30    1.000000E+30    1.000000E+30    1.000000E+30    1.000000E+30    1.000000E+30    1.000000E+30    1.000000E+30    1.000000E+30    1.000000E+30    1.000000E+30    1.000000E+30    1.000000E+30    1.000000E+30    1.000000E+30    1.000000E+30    1.000000E+30    1.000000E+30    1.000000E+30    1.000000E+30    1.000000E+30    1.000000E+30    1.000000E+30    1.000000E+30    1.000000E+30    1.000000E+30    1.000000E+30    1.000000E+30    1.000000E+30    1.000000E+30    1.000000E+30    1.000000E+30    1.000000E+30    1.000000E+30    1.000000E+30    1.000000E+30    1.000000E+30    1.000000E+30    1.000000E+30    1.000000E+30    1.000000E+30    1.000000E+30    1.000000E+30    1.000000E+30    1.000000E+30    1.000000E+30    1.000000E+30    1.000000E+30    1.000000E+30    1.000000E+30    1.000000E+30    1.000000E+30    1.000000E+30    1.000000E+30    1.000000E+30    1.000000E+30    1.000000E+30    1.000000E+30    1.000000E+30    1.000000E+30    1.000000E+30    1.000000E+30    1.000000E+30    1.300061E+01    1.300020E+01    1.300010E+01    1.300006E+01    1.300004E+01    1.300004E+01    1.000000E+30    1.000000E+30    1.000000E+30    1.000000E+30    1.000000E+30    1.000000E+30    1.000000E+30    1.000000E+30    1.000000E+30    1.000000E+30    1.000000E+30    1.000000E+30    1.000000E+30    1.000000E+30    1.000000E+30    1.000000E+30    1.000000E+30    1.000000E+30    1.000000E+30    1.000000E+30    1.000000E+30    1.000000E+30    1.000000E+30    1.000000E+30    1.000000E+30    1.000000E+30    1.000000E+30    1.000000E+30    1.000000E+30    1.000000E+30    1.000000E+30    1.000000E+30    1.000000E+30    1.000000E+30    1.000000E+30    1.000000E+30    1.000000E+30    1.000000E+30    1.000000E+30    1.000000E+30    1.000000E+30    1.000000E+30    1.000000E+30    1.000000E+30    1.000000E+30    1.000000E+30    1.000000E+30    1.000000E+30
   1.000000E+30    1.000000E+30    1.000000E+30    1.000000E+30    1.000000E+30    1.000000E+30    1.000000E+30    1.000000E+30    1.000000E+30    1.000000E+30    1.000000E+30    1.000000E+30    1.000000E+30    1.000000E+30    1.000000E+30    1.000000E+30    1.000000E+30    1.000000E+30    1.000000E+30    1.000000E+30    1.000000E+30    1.000000E+30    1.000000E+30    1.000000E+30    1.000000E+30    1.000000E+30    1.000000E+30    1.000000E+30    1.000000E+30    1.000000E+30    1.000000E+30    1.000000E+30    1.000000E+30    1.000000E+30    1.000000E+30    1.000000E+30    1.000000E+30    1.000000E+30    1.000000E+30    1.000000E+30    1.000000E+30    1.000000E+30    1.000000E+30    1.000000E+30    1.000000E+30    1.000000E+30    1.000000E+30    1.000000E+30    1.000000E+30    1.000000E+30    1.000000E+30    1.000000E+30    1.000000E+30    1.000000E+30    1.000000E+30    1.000000E+30    1.000000E+30    1.000000E+30    1.000000E+30    1.000000E+30    1.000000E+30    1.000000E+30    1.000000E+30    1.000000E+30    1.000000E+30    1.000000E+30    1.000000E+30    1.000000E+30    1.000000E+30    1.000000E+30    1.000000E+30    1.000000E+30    1.000000E+30    1.000000E+30    1.000000E+30    1.000000E+30    1.000000E+30    1.000000E+30    1.000000E+30    1.000000E+30    1.000000E+30    1.000000E+30    1.000000E+30    1.000000E+30    1.000000E+30    1.000000E+30    1.000000E+30    1.000000E+30    1.000000E+30    1.000000E+30    1.000000E+30    1.000000E+30    1.000000E+30    1.000000E+30    1.000000E+30    1.000000E+30    1.000000E+30    1.300070E+01    1.300024E+01    1.300012E+01    1.300007E+01    1.300005E+01    1.300004E+01    1.000000E+30    1.000000E+30    1.000000E+30    1.000000E+30    1.000000E+30    1.000000E+30    1.000000E+30    1.000000E+30    1.000000E+30    1.000000E+30    1.000000E+30    1.000000E+30    1.000000E+30    1.000000E+30    1.000000E+30    1.000000E+30    1.000000E+30    1.000000E+30    1.000000E+30    1.000000E+30    1.000000E+30    1.000000E+30    1.000000E+30    1.000000E+30    1.000000E+30    1.000000E+30    1.000000E+30    1.000000E+30    1.000000E+30    1.000000E+30    1.000000E+30    1.000000E+30    1.000000E+30    1.000000E+30    1.000000E+30    1.000000E+30    1.000000E+30    1.000000E+30    1.000000E+30    1.000000E+30    1.000000E+30    1.000000E+30    1.000000E+30    1.000000E+30    1.000000E+30    1.000000E+30    1.000000E+30    1.000000E+30
   1.000000E+30    1.000000E+30    1.000000E+30    1.000000E+30    1.000000E+30    1.000000E+30    1.000000E+30    1.000000E+30    1.000000E+30    1.000000E+30    1.000000E+30    1.000000E+30    1.000000E+30    1.000000E+30    1.000000E+30    1.000000E+30    1.000000E+30    1.000000E+30    1.000000E+30    1.000000E+30    1.000000E+30    1.000000E+30    1.000000E+30    1.000000E+30    1.000000E+30    1.000000E+30    1.000000E+30    1.000000E+30    1.000000E+30    1.000000E+30    1.000000E+30    1.000000E+30    1.000000E+30    1.000000E+30    1.000000E+30    1.000000E+30    1.000000E+30    1.000000E+30    1.000000E+30    1.000000E+30    1.000000E+30    1.000000E+30    1.000000E+30    1.000000E+30    1.000000E+30    1.000000E+30    1.000000E+30    1.000000E+30    1.000000E+30    1.000000E+30    1.000000E+30    1.000000E+30    1.000000E+30    1.000000E+30    1.000000E+30    1.000000E+30    1.000000E+30    1.000000E+30    1.000000E+30    1.000000E+30    1.000000E+30    1.000000E+30    1.000000E+30    1.000000E+30    1.000000E+30    1.000000E+30    1.000000E+30    1.000000E+30    1.000000E+30    1.000000E+30    1.000000E+30    1.000000E+30    1.000000E+30    1.000000E+30    1.000000E+30    1.000000E+30    1.000000E+30    1.000000E+30    1.000000E+30    1.000000E+30    1.000000E+30    1.000000E+30    1.000000E+30    1.000000E+30    1.000000E+30    1.000000E+30    1.000000E+30    1.000000E+30    1.000000E+30    1.000000E+30    1.000000E+30    1.000000E+30    1.000000E+30    1.000000E+30    1.000000E+30    1.000000E+30    1.000000E+30    1.300084E+01    1.300043E+01    1.300017E+01    1.300009E+01    1.300006E+01    1.300005E+01    1.000000E+30    1.000000E+30    1.000000E+30    1.000000E+30    1.000000E+30    1.000000E+30    1.000000E+30    1.000000E+30    1.000000E+30    1.000000E+30    1.000000E+30    1.000000E+30    1.000000E+30    1.000000E+30    1.000000E+30    1.000000E+30    1.000000E+30    1.000000E+30    1.000000E+30    1.000000E+30    1.000000E+30    1.000000E+30    1.000000E+30    1.000000E+30    1.000000E+30    1.000000E+30    1.000000E+30    1.000000E+30    1.000000E+30    1.000000E+30    1.000000E+30    1.000000E+30    1.000000E+30    1.000000E+30    1.000000E+30    1.000000E+30    1.000000E+30    1.000000E+30    1.000000E+30    1.000000E+30    1.000000E+30    1.000000E+30    1.000000E+30    1.000000E+30    1.000000E+30    1.000000E+30    1.000000E+30    1.000000E+30
   1.000000E+30    1.000000E+30    1.000000E+30    1.000000E+30    1.000000E+30    1.000000E+30    1.000000E+30    1.000000E+30    1.000000E+30    1.000000E+30    1.000000E+30    1.000000E+30    1.000000E+30    1.000000E+30    1.000000E+30    1.000000E+30    1.000000E+30    1.000000E+30    1.000000E+30    1.000000E+30    1.000000E+30    1.000000E+30    1.000000E+30    1.000000E+30    1.000000E+30    1.000000E+30    1.000000E+30    1.000000E+30    1.000000E+30    1.000000E+30    1.000000E+30    1.000000E+30    1.000000E+30    1.000000E+30    1.000000E+30    1.000000E+30    1.000000E+30    1.000000E+30    1.000000E+30    1.000000E+30    1.000000E+30    1.000000E+30    1.000000E+30    1.000000E+30    1.000000E+30    1.000000E+30    1.000000E+30    1.000000E+30    1.000000E+30    1.000000E+30    1.000000E+30    1.000000E+30    1.000000E+30    1.000000E+30    1.000000E+30    1.000000E+30    1.000000E+30    1.000000E+30    1.000000E+30    1.000000E+30    1.000000E+30    1.000000E+30    1.000000E+30    1.000000E+30    1.000000E+30    1.000000E+30    1.000000E+30    1.000000E+30    1.000000E+30    1.000000E+30    1.000000E+30    1.000000E+30    1.000000E+30    1.000000E+30    1.000000E+30    1.000000E+30    1.000000E+30    1.000000E+30    1.000000E+30    1.000000E+30    1.000000E+30    1.000000E+30    1.000000E+30    1.000000E+30    1.000000E+30    1.000000E+30    1.000000E+30    1.000000E+30    1.000000E+30    1.000000E+30    1.000000E+30    1.000000E+30    1.000000E+30    1.000000E+30    1.000000E+30    1.000000E+30    1.000000E+30    1.300096E+01    1.300053E+01    1.300021E+01    1.300011E+01    1.300007E+01    1.300005E+01    1.000000E+30    1.000000E+30    1.000000E+30    1.000000E+30    1.000000E+30    1.000000E+30    1.000000E+30    1.000000E+30    1.000000E+30    1.000000E+30    1.000000E+30    1.000000E+30    1.000000E+30    1.000000E+30    1.000000E+30    1.000000E+30    1.000000E+30    1.000000E+30    1.000000E+30    1.000000E+30    1.000000E+30    1.000000E+30    1.000000E+30    1.000000E+30    1.000000E+30    1.000000E+30    1.000000E+30    1.000000E+30    1.000000E+30    1.000000E+30    1.000000E+30    1.000000E+30    1.000000E+30    1.000000E+30    1.000000E+30    1.000000E+30    1.000000E+30    1.000000E+30    1.000000E+30    1.000000E+30    1.000000E+30    1.000000E+30    1.000000E+30    1.000000E+30    1.000000E+30    1.000000E+30    1.000000E+30    1.000000E+30
   1.000000E+30    1.000000E+30    1.000000E+30    1.000000E+30    1.000000E+30    1.000000E+30    1.000000E+30    1.000000E+30    1.000000E+30    1.000000E+30    1.000000E+30    1.000000E+30    1.000000E+30    1.000000E+30    1.000000E+30    1.000000E+30    1.000000E+30    1.000000E+30    1.000000E+30    1.000000E+30    1.000000E+30    1.000000E+30    1.000000E+30    1.000000E+30    1.000000E+30    1.000000E+30    1.000000E+30    1.000000E+30    1.000000E+30    1.000000E+30    1.000000E+30    1.000000E+30    1.000000E+30    1.000000E+30    1.000000E+30    1.000000E+30    1.000000E+30    1.000000E+30    1.000000E+30    1.000000E+30    1.000000E+30    1.000000E+30    1.000000E+30    1.000000E+30    1.000000E+30    1.000000E+30    1.000000E+30    1.000000E+30    1.000000E+30    1.000000E+30    1.000000E+30    1.000000E+30    1.000000E+30    1.000000E+30    1.000000E+30    1.000000E+30    1.000000E+30    1.000000E+30    1.000000E+30    1.000000E+30    1.000000E+30    1.000000E+30    1.000000E+30    1.000000E+30    1.000000E+30    1.000000E+30    1.000000E+30    1.000000E+30    1.000000E+30    1.000000E+30    1.000000E+30    1.000000E+30    1.000000E+30    1.000000E+30    1.000000E+30    1.000000E+30    1.000000E+30    1.000000E+30    1.000000E+30    1.000000E+30    1.000000E+30    1.000000E+30    1.000000E+30    1.000000E+30    1.000000E+30    1.000000E+30    1.000000E+30    1.000000E+30    1.000000E+30    1.000000E+30    1.000000E+30    1.000000E+30    1.000000E+30    1.000000E+30    1.000000E+30    1.000000E+30    1.000000E+30    1.300104E+01    1.300060E+01    1.300024E+01    1.300012E+01    1.300007E+01    1.300005E+01    1.000000E+30    1.000000E+30    1.000000E+30    1.000000E+30    1.000000E+30    1.000000E+30    1.000000E+30    1.000000E+30    1.000000E+30    1.000000E+30    1.000000E+30    1.000000E+30    1.000000E+30    1.000000E+30    1.000000E+30    1.000000E+30    1.000000E+30    1.000000E+30    1.000000E+30    1.000000E+30    1.000000E+30    1.000000E+30    1.000000E+30    1.000000E+30    1.000000E+30    1.000000E+30    1.000000E+30    1.000000E+30    1.000000E+30    1.000000E+30    1.000000E+30    1.000000E+30    1.000000E+30    1.000000E+30    1.000000E+30    1.000000E+30    1.000000E+30    1.000000E+30    1.000000E+30    1.000000E+30    1.000000E+30    1.000000E+30    1.000000E+30    1.000000E+30    1.000000E+30    1.000000E+30    1.000000E+30    1.000000E+30
   1.000000E+30    1.000000E+30    1.000000E+30    1.000000E+30    1.000000E+30    1.000000E+30    1.000000E+30    1.000000E+30    1.000000E+30    1.000000E+30    1.000000E+30    1.000000E+30    1.000000E+30    1.000000E+30    1.000000E+30    1.000000E+30    1.000000E+30    1.000000E+30    1.000000E+30    1.000000E+30    1.000000E+30    1.000000E+30    1.000000E+30    1.000000E+30    1.000000E+30    1.000000E+30    1.000000E+30    1.000000E+30    1.000000E+30    1.000000E+30    1.000000E+30    1.000000E+30    1.000000E+30    1.000000E+30    1.000000E+30    1.000000E+30    1.000000E+30    1.000000E+30    1.000000E+30    1.000000E+30    1.000000E+30    1.000000E+30    1.000000E+30    1.000000E+30    1.000000E+30    1.000000E+30    1.000000E+30    1.000000E+30    1.000000E+30    1.000000E+30    1.000000E+30    1.000000E+30    1.000000E+30    1.000000E+30    1.000000E+30    1.000000E+30    1.000000E+30    1.000000E+30    1.000000E+30    1.000000E+30    1.000000E+30    1.000000E+30    1.000000E+30    1.000000E+30    1.000000E+30    1.000000E+30    1.000000E+30    1.000000E+30    1.000000E+30    1.000000E+30    1.000000E+30    1.000000E+30    1.000000E+30    1.000000E+30    1.000000E+30    1.000000E+30    1.000000E+30    1.000000E+30    1.000000E+30    1.000000E+30    1.000000E+30    1.000000E+30    1.000000E+30    1.000000E+30    1.000000E+30    1.000000E+30    1.000000E+30    1.000000E+30    1.000000E+30    1.000000E+30    1.000000E+30    1.000000E+30    1.000000E+30    1.000000E+30    1.000000E+30    1.000000E+30    1.000000E+30    1.300111E+01    1.300064E+01    1.300026E+01    1.300013E+01    1.300008E+01    1.000000E+30    1.000000E+30    1.000000E+30    1.000000E+30    1.000000E+30    1.000000E+30    1.000000E+30    1.000000E+30    1.000000E+30    1.000000E+30    1.000000E+30    1.000000E+30    1.000000E+30    1.000000E+30    1.000000E+30    1.000000E+30    1.000000E+30    1.000000E+30    1.000000E+30    1.000000E+30    1.000000E+30    1.000000E+30    1.000000E+30    1.000000E+30    1.000000E+30    1.000000E+30    1.000000E+30    1.000000E+30    1.000000E+30    1.000000E+30    1.000000E+30    1.000000E+30    1.000000E+30    1.000000E+30    1.000000E+30    1.000000E+30    1.000000E+30    1.000000E+30    1.000000E+30    1.000000E+30    1.000000E+30    1.000000E+30    1.000000E+30    1.000000E+30    1.000000E+30    1.000000E+30    1.000000E+30    1.000000E+30    1.000000E+30
   1.000000E+30    1.000000E+30    1.000000E+30    1.000000E+30    1.000000E+30    1.000000E+30    1.000000E+30    1.000000E+30    1.000000E+30    1.000000E+30    1.000000E+30    1.000000E+30    1.000000E+30    1.000000E+30    1.000000E+30    1.000000E+30    1.000000E+30    1.000000E+30    1.000000E+30    1.000000E+30    1.000000E+30    1.000000E+30    1.000000E+30    1.000000E+30    1.000000E+30    1.000000E+30    1.000000E+30    1.000000E+30    1.000000E+30    1.000000E+30    1.000000E+30    1.000000E+30    1.000000E+30    1.000000E+30    1.000000E+30    1.000000E+30    1.000000E+30    1.000000E+30    1.000000E+30    1.000000E+30    1.000000E+30    1.000000E+30    1.000000E+30    1.000000E+30    1.000000E+30    1.000000E+30    1.000000E+30    1.000000E+30    1.000000E+30    1.000000E+30    1.000000E+30    1.000000E+30    1.000000E+30    1.000000E+30    1.000000E+30    1.000000E+30    1.000000E+30    1.000000E+30    1.000000E+30    1.000000E+30    1.000000E+30    1.000000E+30    1.000000E+30    1.000000E+30    1.000000E+30    1.000000E+30    1.000000E+30    1.000000E+30    1.000000E+30    1.000000E+30    1.000000E+30    1.000000E+30    1.000000E+30    1.000000E+30    1.000000E+30    1.000000E+30    1.000000E+30    1.000000E+30    1.000000E+30    1.000000E+30    1.000000E+30    1.000000E+30    1.000000E+30    1.000000E+30    1.000000E+30    1.000000E+30    1.000000E+30    1.000000E+30    1.000000E+30    1.000000E+30    1.000000E+30    1.000000E+30    1.000000E+30    1.000000E+30    1.000000E+30    1.000000E+30    1.000000E+30    1.300117E+01    1.300068E+01    1.300027E+01    1.300014E+01    1.300009E+01    1.000000E+30    1.000000E+30    1.000000E+30    1.000000E+30    1.000000E+30    1.000000E+30    1.000000E+30    1.000000E+30    1.000000E+30    1.000000E+30    1.000000E+30    1.000000E+30    1.000000E+30    1.000000E+30    1.000000E+30    1.000000E+30    1.000000E+30    1.000000E+30    1.000000E+30    1.000000E+30    1.000000E+30    1.000000E+30    1.000000E+30    1.000000E+30    1.000000E+30    1.000000E+30    1.000000E+30    1.000000E+30    1.000000E+30    1.000000E+30    1.000000E+30    1.000000E+30    1.000000E+30    1.000000E+30    1.000000E+30    1.000000E+30    1.000000E+30    1.000000E+30    1.000000E+30    1.000000E+30    1.000000E+30    1.000000E+30    1.000000E+30    1.000000E+30    1.000000E+30    1.000000E+30    1.000000E+30    1.000000E+30    1.000000E+30
   1.000000E+30    1.000000E+30    1.000000E+30    1.000000E+30    1.000000E+30    1.000000E+30    1.000000E+30    1.000000E+30    1.000000E+30    1.000000E+30    1.000000E+30    1.000000E+30    1.000000E+30    1.000000E+30    1.000000E+30    1.000000E+30    1.000000E+30    1.000000E+30    1.000000E+30    1.000000E+30    1.000000E+30    1.000000E+30    1.000000E+30    1.000000E+30    1.000000E+30    1.000000E+30    1.000000E+30    1.000000E+30    1.000000E+30    1.000000E+30    1.000000E+30    1.000000E+30    1.000000E+30    1.000000E+30    1.000000E+30    1.000000E+30    1.000000E+30    1.000000E+30    1.000000E+30    1.000000E+30    1.000000E+30    1.000000E+30    1.000000E+30    1.000000E+30    1.000000E+30    1.000000E+30    1.000000E+30    1.000000E+30    1.000000E+30    1.000000E+30    1.000000E+30    1.000000E+30    1.000000E+30    1.000000E+30    1.000000E+30    1.000000E+30    1.000000E+30    1.000000E+30    1.000000E+30    1.000000E+30    1.000000E+30    1.000000E+30    1.000000E+30    1.000000E+30    1.000000E+30    1.000000E+30    1.000000E+30    1.000000E+30    1.000000E+30    1.000000E+30    1.000000E+30    1.000000E+30    1.000000E+30    1.000000E+30    1.000000E+30    1.000000E+30    1.000000E+30    1.000000E+30    1.000000E+30    1.000000E+30    1.000000E+30    1.000000E+30    1.000000E+30    1.000000E+30    1.000000E+30    1.000000E+30    1.000000E+30    1.000000E+30    1.000000E+30    1.000000E+30    1.000000E+30    1.000000E+30    1.000000E+30    1.000000E+30    1.000000E+30    1.000000E+30    1.000000E+30    1.300123E+01    1.300072E+01    1.300029E+01    1.300015E+01    1.300010E+01    1.000000E+30    1.000000E+30    1.000000E+30    1.000000E+30    1.000000E+30    1.000000E+30    1.000000E+30    1.000000E+30    1.000000E+30    1.000000E+30    1.000000E+30    1.000000E+30    1.000000E+30    1.000000E+30    1.000000E+30    1.000000E+30    1.000000E+30    1.000000E+30    1.000000E+30    1.000000E+30    1.000000E+30    1.000000E+30    1.000000E+30    1.000000E+30    1.000000E+30    1.000000E+30    1.000000E+30    1.000000E+30    1.000000E+30    1.000000E+30    1.000000E+30    1.000000E+30    1.000000E+30    1.000000E+30    1.000000E+30    1.000000E+30    1.000000E+30    1.000000E+30    1.000000E+30    1.000000E+30    1.000000E+30    1.000000E+30    1.000000E+30    1.000000E+30    1.000000E+30    1.000000E+30    1.000000E+30    1.000000E+30    1.000000E+30
   1.000000E+30    1.000000E+30    1.000000E+30    1.000000E+30    1.000000E+30    1.000000E+30    1.000000E+30    1.000000E+30    1.000000E+30    1.000000E+30    1.000000E+30    1.000000E+30    1.000000E+30    1.000000E+30    1.000000E+30    1.000000E+30    1.000000E+30    1.000000E+30    1.000000E+30    1.000000E+30    1.000000E+30    1.000000E+30    1.000000E+30    1.000000E+30    1.000000E+30    1.000000E+30    1.000000E+30    1.000000E+30    1.000000E+30    1.000000E+30    1.000000E+30    1.000000E+30    1.000000E+30    1.000000E+30    1.000000E+30    1.000000E+30    1.000000E+30    1.000000E+30    1.000000E+30    1.000000E+30    1.000000E+30    1.000000E+30    1.000000E+30    1.000000E+30    1.000000E+30    1.000000E+30    1.000000E+30    1.000000E+30    1.000000E+30    1.000000E+30    1.000000E+30    1.000000E+30    1.000000E+30    1.000000E+30    1.000000E+30    1.000000E+30    1.000000E+30    1.000000E+30    1.000000E+30    1.000000E+30    1.000000E+30    1.000000E+30    1.000000E+30    1.000000E+30    1.000000E+30    1.000000E+30    1.000000E+30    1.000000E+30    1.000000E+30    1.000000E+30    1.000000E+30    1.000000E+30    1.000000E+30    1.000000E+30    1.000000E+30    1.000000E+30    1.000000E+30    1.000000E+30    1.000000E+30    1.000000E+30    1.000000E+30    1.000000E+30    1.000000E+30    1.000000E+30    1.000000E+30    1.000000E+30    1.000000E+30    1.000000E+30    1.000000E+30    1.000000E+30    1.000000E+30    1.000000E+30    1.000000E+30    1.000000E+30    1.000000E+30    1.000000E+30    1.000000E+30    1.300129E+01    1.300076E+01    1.300031E+01    1.300017E+01    1.300011E+01    1.000000E+30    1.000000E+30    1.000000E+30    1.000000E+30    1.000000E+30    1.000000E+30    1.000000E+30    1.000000E+30    1.000000E+30    1.000000E+30    1.000000E+30    1.000000E+30    1.000000E+30    1.000000E+30    1.000000E+30    1.000000E+30    1.000000E+30    1.000000E+30    1.000000E+30    1.000000E+30    1.000000E+30    1.000000E+30    1.000000E+30    1.000000E+30    1.000000E+30    1.000000E+30    1.000000E+30    1.000000E+30    1.000000E+30    1.000000E+30    1.000000E+30    1.000000E+30    1.000000E+30    1.000000E+30    1.000000E+30    1.000000E+30    1.000000E+30    1.000000E+30    1.000000E+30    1.000000E+30    1.000000E+30    1.000000E+30    1.000000E+30    1.000000E+30    1.000000E+30    1.000000E+30    1.000000E+30    1.000000E+30    1.000000E+30
   1.000000E+30    1.000000E+30    1.000000E+30    1.000000E+30    1.000000E+30    1.000000E+30    1.000000E+30    1.000000E+30    1.000000E+30    1.000000E+30    1.000000E+30    1.000000E+30    1.000000E+30    1.000000E+30    1.000000E+30    1.000000E+30    1.000000E+30    1.000000E+30    1.000000E+30    1.000000E+30    1.000000E+30    1.000000E+30    1.000000E+30    1.000000E+30    1.000000E+30    1.000000E+30    1.000000E+30    1.000000E+30    1.000000E+30    1.000000E+30    1.000000E+30    1.000000E+30    1.000000E+30    1.000000E+30    1.000000E+30    1.000000E+30    1.000000E+30    1.000000E+30    1.000000E+30    1.000000E+30    1.000000E+30    1.000000E+30    1.000000E+30    1.000000E+30    1.000000E+30    1.000000E+30    1.000000E+30    1.000000E+30    1.000000E+30    1.000000E+30    1.000000E+30    1.000000E+30    1.000000E+30    1.000000E+30    1.000000E+30    1.000000E+30    1.000000E+30    1.000000E+30    1.000000E+30    1.000000E+30    1.000000E+30    1.000000E+30    1.000000E+30    1.000000E+30    1.000000E+30    1.000000E+30    1.000000E+30    1.000000E+30    1.000000E+30    1.000000E+30    1.000000E+30    1.000000E+30    1.000000E+30    1.000000E+30    1.000000E+30    1.000000E+30    1.000000E+30    1.000000E+30    1.000000E+30    1.000000E+30    1.000000E+30    1.000000E+30    1.000000E+30    1.000000E+30    1.000000E+30    1.000000E+30    1.000000E+30    1.000000E+30    1.000000E+30    1.000000E+30    1.000000E+30    1.000000E+30    1.000000E+30    1.000000E+30    1.000000E+30    1.000000E+30    1.000000E+30    1.300138E+01    1.300082E+01    1.300034E+01    1.300021E+01    1.300012E+01    1.000000E+30    1.000000E+30    1.000000E+30    1.000000E+30    1.000000E+30    1.000000E+30    1.000000E+30    1.000000E+30    1.000000E+30    1.000000E+30    1.000000E+30    1.000000E+30    1.000000E+30    1.000000E+30    1.000000E+30    1.000000E+30    1.000000E+30    1.000000E+30    1.000000E+30    1.000000E+30    1.000000E+30    1.000000E+30    1.000000E+30    1.000000E+30    1.000000E+30    1.000000E+30    1.000000E+30    1.000000E+30    1.000000E+30    1.000000E+30    1.000000E+30    1.000000E+30    1.000000E+30    1.000000E+30    1.000000E+30    1.000000E+30    1.000000E+30    1.000000E+30    1.000000E+30    1.000000E+30    1.000000E+30    1.000000E+30    1.000000E+30    1.000000E+30    1.000000E+30    1.000000E+30    1.000000E+30    1.000000E+30    1.000000E+30
   1.000000E+30    1.000000E+30    1.000000E+30    1.000000E+30    1.000000E+30    1.000000E+30    1.000000E+30    1.000000E+30    1.000000E+30    1.000000E+30    1.000000E+30    1.000000E+30    1.000000E+30    1.000000E+30    1.000000E+30    1.000000E+30    1.000000E+30    1.000000E+30    1.000000E+30    1.000000E+30    1.000000E+30    1.000000E+30    1.000000E+30    1.000000E+30    1.000000E+30    1.000000E+30    1.000000E+30    1.000000E+30    1.000000E+30    1.000000E+30    1.000000E+30    1.000000E+30    1.000000E+30    1.000000E+30    1.000000E+30    1.000000E+30    1.000000E+30    1.000000E+30    1.000000E+30    1.000000E+30    1.000000E+30    1.000000E+30    1.000000E+30    1.000000E+30    1.000000E+30    1.000000E+30    1.000000E+30    1.000000E+30    1.000000E+30    1.000000E+30    1.000000E+30    1.000000E+30    1.000000E+30    1.000000E+30    1.000000E+30    1.000000E+30    1.000000E+30    1.000000E+30    1.000000E+30    1.000000E+30    1.000000E+30    1.000000E+30    1.000000E+30    1.000000E+30    1.000000E+30    1.000000E+30    1.000000E+30    1.000000E+30    1.000000E+30    1.000000E+30    1.000000E+30    1.000000E+30    1.000000E+30    1.000000E+30    1.000000E+30    1.000000E+30    1.000000E+30    1.000000E+30    1.000000E+30    1.000000E+30    1.000000E+30    1.000000E+30    1.000000E+30    1.000000E+30    1.000000E+30    1.000000E+30    1.000000E+30    1.000000E+30    1.000000E+30    1.000000E+30    1.000000E+30    1.000000E+30    1.000000E+30    1.000000E+30    1.000000E+30    1.000000E+30    1.000000E+30    1.300149E+01    1.300090E+01    1.300040E+01    1.300032E+01    1.000000E+30    1.000000E+30    1.000000E+30    1.000000E+30    1.000000E+30    1.000000E+30    1.000000E+30    1.000000E+30    1.000000E+30    1.000000E+30    1.000000E+30    1.000000E+30    1.000000E+30    1.000000E+30    1.000000E+30    1.000000E+30    1.000000E+30    1.000000E+30    1.000000E+30    1.000000E+30    1.000000E+30    1.000000E+30    1.000000E+30    1.000000E+30    1.000000E+30    1.000000E+30    1.000000E+30    1.000000E+30    1.000000E+30    1.000000E+30    1.000000E+30    1.000000E+30    1.000000E+30    1.000000E+30    1.000000E+30    1.000000E+30    1.000000E+30    1.000000E+30    1.000000E+30    1.000000E+30    1.000000E+30    1.000000E+30    1.000000E+30    1.000000E+30    1.000000E+30    1.000000E+30    1.000000E+30    1.000000E+30    1.000000E+30    1.000000E+30
   1.000000E+30    1.000000E+30    1.000000E+30    1.000000E+30    1.000000E+30    1.000000E+30    1.000000E+30    1.000000E+30    1.000000E+30    1.000000E+30    1.000000E+30    1.000000E+30    1.000000E+30    1.000000E+30    1.000000E+30    1.000000E+30    1.000000E+30    1.000000E+30    1.000000E+30    1.000000E+30    1.000000E+30    1.000000E+30    1.000000E+30    1.000000E+30    1.000000E+30    1.000000E+30    1.000000E+30    1.000000E+30    1.000000E+30    1.000000E+30    1.000000E+30    1.000000E+30    1.000000E+30    1.000000E+30    1.000000E+30    1.000000E+30    1.000000E+30    1.000000E+30    1.000000E+30    1.000000E+30    1.000000E+30    1.000000E+30    1.000000E+30    1.000000E+30    1.000000E+30    1.000000E+30    1.000000E+30    1.000000E+30    1.000000E+30    1.000000E+30    1.000000E+30    1.000000E+30    1.000000E+30    1.000000E+30    1.000000E+30    1.000000E+30    1.000000E+30    1.000000E+30    1.000000E+30    1.000000E+30    1.000000E+30    1.000000E+30    1.000000E+30    1.000000E+30    1.000000E+30    1.000000E+30    1.000000E+30    1.000000E+30    1.000000E+30    1.000000E+30    1.000000E+30    1.000000E+30    1.000000E+30    1.000000E+30    1.000000E+30    1.000000E+30    1.000000E+30    1.000000E+30    1.000000E+30    1.000000E+30    1.000000E+30    1.000000E+30    1.000000E+30    1.000000E+30    1.000000E+30    1.000000E+30    1.000000E+30    1.000000E+30    1.000000E+30    1.000000E+30    1.000000E+30    1.000000E+30    1.000000E+30    1.000000E+30    1.000000E+30    1.000000E+30    1.000000E+30    1.300167E+01    1.300100E+01    1.300044E+01    1.300037E+01    1.000000E+30    1.000000E+30    1.000000E+30    1.000000E+30    1.000000E+30    1.000000E+30    1.000000E+30    1.000000E+30    1.000000E+30    1.000000E+30    1.000000E+30    1.000000E+30    1.000000E+30    1.000000E+30    1.000000E+30    1.000000E+30    1.000000E+30    1.000000E+30    1.000000E+30    1.000000E+30    1.000000E+30    1.000000E+30    1.000000E+30    1.000000E+30    1.000000E+30    1.000000E+30    1.000000E+30    1.000000E+30    1.000000E+30    1.000000E+30    1.000000E+30    1.000000E+30    1.000000E+30    1.000000E+30    1.000000E+30    1.000000E+30    1.000000E+30    1.000000E+30    1.000000E+30    1.000000E+30    1.000000E+30    1.000000E+30    1.000000E+30    1.000000E+30    1.000000E+30    1.000000E+30    1.000000E+30    1.000000E+30    1.000000E+30    1.000000E+30
   1.000000E+30    1.000000E+30    1.000000E+30    1.000000E+30    1.000000E+30    1.000000E+30    1.000000E+30    1.000000E+30    1.000000E+30    1.000000E+30    1.000000E+30    1.000000E+30    1.000000E+30    1.000000E+30    1.000000E+30    1.000000E+30    1.000000E+30    1.000000E+30    1.000000E+30    1.000000E+30    1.000000E+30    1.000000E+30    1.000000E+30    1.000000E+30    1.000000E+30    1.000000E+30    1.000000E+30    1.000000E+30    1.000000E+30    1.000000E+30    1.000000E+30    1.000000E+30    1.000000E+30    1.000000E+30    1.000000E+30    1.000000E+30    1.000000E+30    1.000000E+30    1.000000E+30    1.000000E+30    1.000000E+30    1.000000E+30    1.000000E+30    1.000000E+30    1.000000E+30    1.000000E+30    1.000000E+30    1.000000E+30    1.000000E+30    1.000000E+30    1.000000E+30    1.000000E+30    1.000000E+30    1.000000E+30    1.000000E+30    1.000000E+30    1.000000E+30    1.000000E+30    1.000000E+30    1.000000E+30    1.000000E+30    1.000000E+30    1.000000E+30    1.000000E+30    1.000000E+30    1.000000E+30    1.000000E+30    1.000000E+30    1.000000E+30    1.000000E+30    1.000000E+30    1.000000E+30    1.000000E+30    1.000000E+30    1.000000E+30    1.000000E+30    1.000000E+30    1.000000E+30    1.000000E+30    1.000000E+30    1.000000E+30    1.000000E+30    1.000000E+30    1.000000E+30    1.000000E+30    1.000000E+30    1.000000E+30    1.000000E+30    1.000000E+30    1.000000E+30    1.000000E+30    1.000000E+30    1.000000E+30    1.000000E+30    1.000000E+30    1.000000E+30    1.000000E+30    1.300194E+01    1.300114E+01    1.300049E+01    1.300040E+01    1.000000E+30    1.000000E+30    1.000000E+30    1.000000E+30    1.000000E+30    1.000000E+30    1.000000E+30    1.000000E+30    1.000000E+30    1.000000E+30    1.000000E+30    1.000000E+30    1.000000E+30    1.000000E+30    1.000000E+30    1.000000E+30    1.000000E+30    1.000000E+30    1.000000E+30    1.000000E+30    1.000000E+30    1.000000E+30    1.000000E+30    1.000000E+30    1.000000E+30    1.000000E+30    1.000000E+30    1.000000E+30    1.000000E+30    1.000000E+30    1.000000E+30    1.000000E+30    1.000000E+30    1.000000E+30    1.000000E+30    1.000000E+30    1.000000E+30    1.000000E+30    1.000000E+30    1.000000E+30    1.000000E+30    1.000000E+30    1.000000E+30    1.000000E+30    1.000000E+30    1.000000E+30    1.000000E+30    1.000000E+30    1.000000E+30    1.000000E+30
   1.000000E+30    1.000000E+30    1.000000E+30    1.000000E+30    1.000000E+30    1.000000E+30    1.000000E+30    1.000000E+30    1.000000E+30    1.000000E+30    1.000000E+30    1.000000E+30    1.000000E+30    1.000000E+30    1.000000E+30    1.000000E+30    1.000000E+30    1.000000E+30    1.000000E+30    1.000000E+30    1.000000E+30    1.000000E+30    1.000000E+30    1.000000E+30    1.000000E+30    1.000000E+30    1.000000E+30    1.000000E+30    1.000000E+30    1.000000E+30    1.000000E+30    1.000000E+30    1.000000E+30    1.000000E+30    1.000000E+30    1.000000E+30    1.000000E+30    1.000000E+30    1.000000E+30    1.000000E+30    1.000000E+30    1.000000E+30    1.000000E+30    1.000000E+30    1.000000E+30    1.000000E+30    1.000000E+30    1.000000E+30    1.000000E+30    1.000000E+30    1.000000E+30    1.000000E+30    1.000000E+30    1.000000E+30    1.000000E+30    1.000000E+30    1.000000E+30    1.000000E+30    1.000000E+30    1.000000E+30    1.000000E+30    1.000000E+30    1.000000E+30    1.000000E+30    1.000000E+30    1.000000E+30    1.000000E+30    1.000000E+30    1.000000E+30    1.000000E+30    1.000000E+30    1.000000E+30    1.000000E+30    1.000000E+30    1.000000E+30    1.000000E+30    1.000000E+30    1.000000E+30    1.000000E+30    1.000000E+30    1.000000E+30    1.000000E+30    1.000000E+30    1.000000E+30    1.000000E+30    1.000000E+30    1.000000E+30    1.000000E+30    1.000000E+30    1.000000E+30    1.000000E+30    1.000000E+30    1.000000E+30    1.000000E+30    1.000000E+30    1.000000E+30    1.000000E+30    1.300234E+01    1.300133E+01    1.300057E+01    1.300043E+01    1.000000E+30    1.000000E+30    1.000000E+30    1.000000E+30    1.000000E+30    1.000000E+30    1.000000E+30    1.000000E+30    1.000000E+30    1.000000E+30    1.000000E+30    1.000000E+30    1.000000E+30    1.000000E+30    1.000000E+30    1.000000E+30    1.000000E+30    1.000000E+30    1.000000E+30    1.000000E+30    1.000000E+30    1.000000E+30    1.000000E+30    1.000000E+30    1.000000E+30    1.000000E+30    1.000000E+30    1.000000E+30    1.000000E+30    1.000000E+30    1.000000E+30    1.000000E+30    1.000000E+30    1.000000E+30    1.000000E+30    1.000000E+30    1.000000E+30    1.000000E+30    1.000000E+30    1.000000E+30    1.000000E+30    1.000000E+30    1.000000E+30    1.000000E+30    1.000000E+30    1.000000E+30    1.000000E+30    1.000000E+30    1.000000E+30    1.000000E+30
