   1.000000E+30    1.000000E+30    1.000000E+30    1.000000E+30    1.000000E+30    1.000000E+30    1.000000E+30    1.000000E+30    1.000000E+30    1.000000E+30    1.000000E+30    1.000000E+30    1.000000E+30    1.000000E+30    1.000000E+30    1.000000E+30    1.000000E+30    1.000000E+30    1.000000E+30    1.000000E+30    1.000000E+30    1.000000E+30    1.000000E+30    1.000000E+30    1.000000E+30    1.000000E+30    1.000000E+30    1.000000E+30    1.000000E+30    1.000000E+30    1.000000E+30    1.000000E+30    1.000000E+30    1.000000E+30    1.000000E+30    1.000000E+30    1.000000E+30    1.000000E+30    1.000000E+30    1.000000E+30    1.000000E+30    1.000000E+30    1.000000E+30    1.000000E+30    1.000000E+30    1.000000E+30    1.000000E+30    1.000000E+30    1.000000E+30    1.000000E+30    1.000000E+30    1.000000E+30    1.000000E+30    1.000000E+30    1.000000E+30    1.000000E+30    1.000000E+30    1.000000E+30    1.000000E+30    1.300017E+01    1.300016E+01    1.300016E+01    1.300016E+01    1.300016E+01    1.300016E+01    1.300016E+01    1.300016E+01    1.300016E+01    1.300016E+01    1.300016E+01    1.300016E+01    1.300016E+01    1.300015E+01    1.300015E+01    1.300015E+01    1.300015E+01    1.300015E+01    1.300015E+01    1.300015E+01    1.300015E+01    1.300014E+01    1.300013E+01    1.000000E+30    1.000000E+30    1.000000E+30    1.000000E+30    1.000000E+30    1.000000E+30    1.000000E+30    1.000000E+30    1.000000E+30    1.000000E+30    1.000000E+30    1.000000E+30    1.000000E+30    1.000000E+30    1.000000E+30    1.000000E+30    1.000000E+30    1.000000E+30    1.000000E+30    1.000000E+30    1.000000E+30    1.000000E+30    1.000000E+30    1.000000E+30    1.000000E+30    1.000000E+30    1.000000E+30    1.000000E+30    1.000000E+30    1.000000E+30    1.000000E+30    1.000000E+30    1.000000E+30    1.000000E+30    1.000000E+30    1.000000E+30    1.000000E+30    1.000000E+30    1.000000E+30    1.000000E+30    1.000000E+30    1.000000E+30    1.000000E+30    1.000000E+30    1.000000E+30    1.000000E+30    1.000000E+30    1.000000E+30    1.000000E+30    1.000000E+30    1.000000E+30    1.000000E+30    1.000000E+30    1.000000E+30    1.000000E+30    1.000000E+30    1.000000E+30    1.000000E+30    1.000000E+30    1.000000E+30    1.000000E+30    1.000000E+30    1.000000E+30    1.000000E+30    1.000000E+30    1.000000E+30    1.000000E+30    1.000000E+30    1.000000E+30
   1.000000E+30    1.000000E+30    1.000000E+30    1.000000E+30    1.000000E+30    1.000000E+30    1.000000E+30    1.000000E+30    1.000000E+30    1.000000E+30    1.000000E+30    1.000000E+30    1.000000E+30    1.000000E+30    1.000000E+30    1.000000E+30    1.000000E+30    1.000000E+30    1.000000E+30    1.000000E+30    1.000000E+30    1.000000E+30    1.000000E+30    1.000000E+30    1.000000E+30    1.000000E+30    1.000000E+30    1.000000E+30    1.000000E+30    1.000000E+30    1.000000E+30    1.000000E+30    1.000000E+30    1.000000E+30    1.000000E+30    1.000000E+30    1.000000E+30    1.000000E+30    1.000000E+30    1.000000E+30    1.000000E+30    1.000000E+30    1.000000E+30    1.000000E+30    1.000000E+30    1.000000E+30    1.000000E+30    1.000000E+30    1.000000E+30    1.000000E+30    1.000000E+30    1.000000E+30    1.000000E+30    1.000000E+30    1.000000E+30    1.000000E+30    1.000000E+30    1.000000E+30    1.300014E+01    1.300006E+01    1.300005E+01    1.300004E+01    1.300004E+01    1.300004E+01    1.300004E+01    1.300004E+01    1.300004E+01    1.300004E+01    1.300004E+01    1.300004E+01    1.300004E+01    1.300004E+01    1.300004E+01    1.300004E+01    1.300004E+01    1.300003E+01    1.300003E+01    1.300003E+01    1.300003E+01    1.300003E+01    1.300002E+01    1.299999E+01    1.299986E+01    1.299983E+01    1.299982E+01    1.299981E+01    1.299981E+01    1.299981E+01    1.299981E+01    1.299981E+01    1.299981E+01    1.299980E+01    1.299980E+01    1.299980E+01    1.299980E+01    1.299980E+01    1.299980E+01    1.299980E+01    1.299980E+01    1.299980E+01    1.299980E+01    1.299980E+01    1.299980E+01    1.299980E+01    1.299980E+01    1.299979E+01    1.299979E+01    1.299979E+01    1.299979E+01    1.299979E+01    1.299979E+01    1.299979E+01    1.299979E+01    1.299979E+01    1.299979E+01    1.299979E+01    1.299979E+01    1.299979E+01    1.000000E+30    1.000000E+30    1.000000E+30    1.000000E+30    1.000000E+30    1.000000E+30    1.000000E+30    1.000000E+30    1.000000E+30    1.000000E+30    1.000000E+30    1.000000E+30    1.000000E+30    1.000000E+30    1.000000E+30    1.000000E+30    1.000000E+30    1.000000E+30    1.000000E+30    1.000000E+30    1.000000E+30    1.000000E+30    1.000000E+30    1.000000E+30    1.000000E+30    1.000000E+30    1.000000E+30    1.000000E+30    1.000000E+30    1.000000E+30    1.000000E+30    1.000000E+30    1.000000E+30
   1.000000E+30    1.000000E+30    1.000000E+30    1.000000E+30    1.000000E+30    1.000000E+30    1.000000E+30    1.000000E+30    1.000000E+30    1.000000E+30    1.000000E+30    1.000000E+30    1.000000E+30    1.000000E+30    1.000000E+30    1.000000E+30    1.000000E+30    1.000000E+30    1.000000E+30    1.000000E+30    1.000000E+30    1.000000E+30    1.000000E+30    1.000000E+30    1.000000E+30    1.000000E+30    1.000000E+30    1.000000E+30    1.000000E+30    1.000000E+30    1.000000E+30    1.000000E+30    1.000000E+30    1.000000E+30    1.000000E+30    1.000000E+30    1.000000E+30    1.000000E+30    1.000000E+30    1.000000E+30    1.000000E+30    1.000000E+30    1.000000E+30    1.000000E+30    1.000000E+30    1.000000E+30    1.000000E+30    1.000000E+30    1.000000E+30    1.000000E+30    1.000000E+30    1.000000E+30    1.000000E+30    1.000000E+30    1.000000E+30    1.000000E+30    1.300016E+01    1.300014E+01    1.300005E+01    1.300002E+01    1.300002E+01    1.300001E+01    1.300001E+01    1.300001E+01    1.300001E+01    1.300001E+01    1.300001E+01    1.300001E+01    1.300001E+01    1.300001E+01    1.300001E+01    1.300001E+01    1.300001E+01    1.300001E+01    1.300001E+01    1.300001E+01    1.300000E+01    1.300000E+01    1.300000E+01    1.300000E+01    1.299999E+01    1.299998E+01    1.299995E+01    1.299994E+01    1.299993E+01    1.299993E+01    1.299993E+01    1.299993E+01    1.299993E+01    1.299992E+01    1.299992E+01    1.299992E+01    1.299992E+01    1.299992E+01    1.299992E+01    1.299992E+01    1.299992E+01    1.299992E+01    1.299992E+01    1.299992E+01    1.299992E+01    1.299992E+01    1.299992E+01    1.299991E+01    1.299991E+01    1.299991E+01    1.299991E+01    1.299991E+01    1.299991E+01    1.299991E+01    1.299991E+01    1.299991E+01    1.299991E+01    1.299991E+01    1.299991E+01    1.299991E+01    1.299991E+01    1.299990E+01    1.299981E+01    1.299980E+01    1.299979E+01    1.299979E+01    1.299979E+01    1.299979E+01    1.299979E+01    1.299978E+01    1.299978E+01    1.299978E+01    1.299978E+01    1.299978E+01    1.299978E+01    1.299978E+01    1.299978E+01    1.299978E+01    1.299978E+01    1.299978E+01    1.299978E+01    1.299977E+01    1.299977E+01    1.299977E+01    1.299977E+01    1.299977E+01    1.299977E+01    1.299977E+01    1.299977E+01    1.299977E+01    1.299976E+01    1.299976E+01    1.299975E+01    1.299973E+01    1.000000E+30
   1.000000E+30    1.000000E+30    1.000000E+30    1.000000E+30    1.000000E+30    1.000000E+30    1.000000E+30    1.000000E+30    1.000000E+30    1.000000E+30    1.000000E+30    1.000000E+30    1.000000E+30    1.000000E+30    1.000000E+30    1.000000E+30    1.000000E+30    1.000000E+30    1.000000E+30    1.000000E+30    1.000000E+30    1.000000E+30    1.000000E+30    1.000000E+30    1.000000E+30    1.000000E+30    1.000000E+30    1.000000E+30    1.000000E+30    1.000000E+30    1.000000E+30    1.000000E+30    1.000000E+30    1.000000E+30    1.000000E+30    1.000000E+30    1.000000E+30    1.000000E+30    1.000000E+30    1.000000E+30    1.000000E+30    1.000000E+30    1.000000E+30    1.000000E+30    1.000000E+30    1.000000E+30    1.000000E+30    1.000000E+30    1.000000E+30    1.000000E+30    1.000000E+30    1.000000E+30    1.000000E+30    1.000000E+30    1.000000E+30    1.300014E+01    1.300005E+01    1.300003E+01    1.300002E+01    1.300001E+01    1.300000E+01    1.300000E+01    1.300000E+01    1.300000E+01    1.300000E+01    1.300000E+01    1.300000E+01    1.300000E+01    1.300000E+01    1.300000E+01    1.300000E+01    1.300000E+01    1.300000E+01    1.300000E+01    1.300000E+01    1.299999E+01    1.299999E+01    1.299999E+01    1.299999E+01    1.299999E+01    1.299999E+01    1.299998E+01    1.299997E+01    1.299997E+01    1.299996E+01    1.299996E+01    1.299996E+01    1.299996E+01    1.299995E+01    1.299995E+01    1.299995E+01    1.299995E+01    1.299995E+01    1.299995E+01    1.299995E+01    1.299995E+01    1.299995E+01    1.299995E+01    1.299995E+01    1.299995E+01    1.299994E+01    1.299994E+01    1.299994E+01    1.299994E+01    1.299994E+01    1.299994E+01    1.299994E+01    1.299994E+01    1.299994E+01    1.299994E+01    1.299994E+01    1.299994E+01    1.299994E+01    1.299994E+01    1.299994E+01    1.299994E+01    1.299994E+01    1.299993E+01    1.299992E+01    1.299991E+01    1.299991E+01    1.299991E+01    1.299991E+01    1.299991E+01    1.299990E+01    1.299990E+01    1.299990E+01    1.299990E+01    1.299990E+01    1.299990E+01    1.299990E+01    1.299990E+01    1.299990E+01    1.299990E+01    1.299990E+01    1.299990E+01    1.299990E+01    1.299989E+01    1.299989E+01    1.299989E+01    1.299989E+01    1.299989E+01    1.299989E+01    1.299989E+01    1.299989E+01    1.299989E+01    1.299988E+01    1.299987E+01    1.299985E+01    1.299975E+01    1.000000E+30
   1.000000E+30    1.000000E+30    1.000000E+30    1.000000E+30    1.000000E+30    1.000000E+30    1.000000E+30    1.000000E+30    1.000000E+30    1.000000E+30    1.000000E+30    1.000000E+30    1.000000E+30    1.000000E+30    1.000000E+30    1.000000E+30    1.000000E+30    1.000000E+30    1.000000E+30    1.000000E+30    1.000000E+30    1.000000E+30    1.000000E+30    1.000000E+30    1.000000E+30    1.000000E+30    1.000000E+30    1.000000E+30    1.000000E+30    1.000000E+30    1.000000E+30    1.000000E+30    1.000000E+30    1.000000E+30    1.000000E+30    1.000000E+30    1.000000E+30    1.000000E+30    1.000000E+30    1.000000E+30    1.000000E+30    1.000000E+30    1.000000E+30    1.000000E+30    1.000000E+30    1.000000E+30    1.000000E+30    1.000000E+30    1.000000E+30    1.000000E+30    1.000000E+30    1.000000E+30    1.000000E+30    1.300015E+01    1.300014E+01    1.300005E+01    1.300002E+01    1.300001E+01    1.300000E+01    1.300000E+01    1.300000E+01    1.300000E+01    1.300000E+01    1.300000E+01    1.300000E+01    1.300000E+01    1.300000E+01    1.299999E+01    1.299999E+01    1.299999E+01    1.299999E+01    1.299999E+01    1.299999E+01    1.299999E+01    1.299999E+01    1.299999E+01    1.299999E+01    1.299999E+01    1.299999E+01    1.299999E+01    1.299998E+01    1.299998E+01    1.299998E+01    1.299997E+01    1.299997E+01    1.299997E+01    1.299997E+01    1.299997E+01    1.299997E+01    1.299996E+01    1.299996E+01    1.299996E+01    1.299996E+01    1.299996E+01    1.299996E+01    1.299996E+01    1.299996E+01    1.299996E+01    1.299996E+01    1.299996E+01    1.299996E+01    1.299996E+01    1.299995E+01    1.299995E+01    1.299995E+01    1.299995E+01    1.299995E+01    1.299995E+01    1.299995E+01    1.299995E+01    1.299995E+01    1.299995E+01    1.299995E+01    1.299995E+01    1.299995E+01    1.299995E+01    1.299995E+01    1.299995E+01    1.299994E+01    1.299994E+01    1.299994E+01    1.299994E+01    1.299993E+01    1.299993E+01    1.299993E+01    1.299993E+01    1.299993E+01    1.299993E+01    1.299993E+01    1.299993E+01    1.299993E+01    1.299993E+01    1.299993E+01    1.299993E+01    1.299993E+01    1.299992E+01    1.299992E+01    1.299992E+01    1.299992E+01    1.299992E+01    1.299992E+01    1.299992E+01    1.299992E+01    1.299992E+01    1.299992E+01    1.299991E+01    1.299991E+01    1.299990E+01    1.299987E+01    1.299976E+01    1.000000E+30
   1.000000E+30    1.000000E+30    1.000000E+30    1.000000E+30    1.000000E+30    1.000000E+30    1.000000E+30    1.000000E+30    1.000000E+30    1.000000E+30    1.000000E+30    1.000000E+30    1.000000E+30    1.000000E+30    1.000000E+30    1.000000E+30    1.000000E+30    1.000000E+30    1.000000E+30    1.000000E+30    1.000000E+30    1.000000E+30    1.000000E+30    1.000000E+30    1.000000E+30    1.000000E+30    1.000000E+30    1.000000E+30    1.000000E+30    1.000000E+30    1.000000E+30    1.000000E+30    1.000000E+30    1.000000E+30    1.000000E+30    1.000000E+30    1.000000E+30    1.000000E+30    1.000000E+30    1.000000E+30    1.000000E+30    1.000000E+30    1.000000E+30    1.000000E+30    1.000000E+30    1.000000E+30    1.000000E+30    1.000000E+30    1.000000E+30    1.000000E+30    1.000000E+30    1.000000E+30    1.300014E+01    1.300005E+01    1.300003E+01    1.300002E+01    1.300001E+01    1.300000E+01    1.300000E+01    1.300000E+01    1.300000E+01    1.299999E+01    1.299999E+01    1.299999E+01    1.299999E+01    1.299999E+01    1.299999E+01    1.299999E+01    1.299999E+01    1.299999E+01    1.299999E+01    1.299999E+01    1.299999E+01    1.299999E+01    1.299999E+01    1.299999E+01    1.299999E+01    1.299999E+01    1.299998E+01    1.299998E+01    1.299998E+01    1.299998E+01    1.299998E+01    1.299998E+01    1.299997E+01    1.299997E+01    1.299997E+01    1.299997E+01    1.299997E+01    1.299997E+01    1.299997E+01    1.299997E+01    1.299997E+01    1.299997E+01    1.299997E+01    1.299996E+01    1.299996E+01    1.299996E+01    1.299996E+01    1.299996E+01    1.299996E+01    1.299996E+01    1.299996E+01    1.299996E+01    1.299996E+01    1.299996E+01    1.299996E+01    1.299996E+01    1.299996E+01    1.299996E+01    1.299996E+01    1.299996E+01    1.299996E+01    1.299996E+01    1.299996E+01    1.299996E+01    1.299995E+01    1.299995E+01    1.299995E+01    1.299995E+01    1.299995E+01    1.299995E+01    1.299995E+01    1.299994E+01    1.299994E+01    1.299994E+01    1.299994E+01    1.299994E+01    1.299994E+01    1.299994E+01    1.299994E+01    1.299994E+01    1.299994E+01    1.299994E+01    1.299994E+01    1.299994E+01    1.299993E+01    1.299993E+01    1.299993E+01    1.299993E+01    1.299993E+01    1.299993E+01    1.299993E+01    1.299993E+01    1.299993E+01    1.299992E+01    1.299992E+01    1.299991E+01    1.299988E+01    1.299976E+01    1.000000E+30
   1.000000E+30    1.000000E+30    1.000000E+30    1.000000E+30    1.000000E+30    1.000000E+30    1.000000E+30    1.000000E+30    1.000000E+30    1.000000E+30    1.000000E+30    1.000000E+30    1.000000E+30    1.000000E+30    1.000000E+30    1.000000E+30    1.000000E+30    1.000000E+30    1.000000E+30    1.000000E+30    1.000000E+30    1.000000E+30    1.000000E+30    1.000000E+30    1.000000E+30    1.000000E+30    1.000000E+30    1.000000E+30    1.000000E+30    1.000000E+30    1.000000E+30    1.000000E+30    1.000000E+30    1.000000E+30    1.000000E+30    1.000000E+30    1.000000E+30    1.000000E+30    1.000000E+30    1.000000E+30    1.000000E+30    1.000000E+30    1.000000E+30    1.000000E+30    1.000000E+30    1.000000E+30    1.000000E+30    1.000000E+30    1.000000E+30    1.000000E+30    1.300015E+01    1.300014E+01    1.300004E+01    1.300002E+01    1.300001E+01    1.300000E+01    1.300000E+01    1.300000E+01    1.300000E+01    1.299999E+01    1.299999E+01    1.299999E+01    1.299999E+01    1.299999E+01    1.299999E+01    1.299999E+01    1.299999E+01    1.299999E+01    1.299999E+01    1.299999E+01    1.299999E+01    1.299999E+01    1.299999E+01    1.299999E+01    1.299999E+01    1.299999E+01    1.299999E+01    1.299998E+01    1.299998E+01    1.299998E+01    1.299998E+01    1.299998E+01    1.299998E+01    1.299998E+01    1.299998E+01    1.299998E+01    1.299997E+01    1.299997E+01    1.299997E+01    1.299997E+01    1.299997E+01    1.299997E+01    1.299997E+01    1.299997E+01    1.299997E+01    1.299997E+01    1.299997E+01    1.299997E+01    1.299996E+01    1.299996E+01    1.299996E+01    1.299996E+01    1.299996E+01    1.299996E+01    1.299996E+01    1.299996E+01    1.299996E+01    1.299996E+01    1.299996E+01    1.299996E+01    1.299996E+01    1.299996E+01    1.299996E+01    1.299996E+01    1.299996E+01    1.299996E+01    1.299996E+01    1.299996E+01    1.299996E+01    1.299996E+01    1.299995E+01    1.299995E+01    1.299995E+01    1.299995E+01    1.299995E+01    1.299995E+01    1.299995E+01    1.299995E+01    1.299995E+01    1.299995E+01    1.299994E+01    1.299994E+01    1.299994E+01    1.299994E+01    1.299994E+01    1.299994E+01    1.299994E+01    1.299994E+01    1.299994E+01    1.299994E+01    1.299994E+01    1.299994E+01    1.299993E+01    1.299993E+01    1.299993E+01    1.299993E+01    1.299992E+01    1.299991E+01    1.299988E+01    1.299977E+01    1.000000E+30
   1.000000E+30    1.000000E+30    1.000000E+30    1.000000E+30    1.000000E+30    1.000000E+30    1.000000E+30    1.000000E+30    1.000000E+30    1.000000E+30    1.000000E+30    1.000000E+30    1.000000E+30    1.000000E+30    1.000000E+30    1.000000E+30    1.000000E+30    1.000000E+30    1.000000E+30    1.000000E+30    1.000000E+30    1.000000E+30    1.000000E+30    1.000000E+30    1.000000E+30    1.000000E+30    1.000000E+30    1.000000E+30    1.000000E+30    1.000000E+30    1.000000E+30    1.000000E+30    1.000000E+30    1.000000E+30    1.000000E+30    1.000000E+30    1.000000E+30    1.000000E+30    1.000000E+30    1.000000E+30    1.000000E+30    1.000000E+30    1.000000E+30    1.000000E+30    1.000000E+30    1.000000E+30    1.000000E+30    1.000000E+30    1.300015E+01    1.300014E+01    1.300005E+01    1.300003E+01    1.300001E+01    1.300001E+01    1.300000E+01    1.300000E+01    1.300000E+01    1.299999E+01    1.299999E+01    1.299999E+01    1.299999E+01    1.299999E+01    1.299999E+01    1.299999E+01    1.299999E+01    1.299999E+01    1.299999E+01    1.299999E+01    1.299999E+01    1.299999E+01    1.299999E+01    1.299999E+01    1.299999E+01    1.299999E+01    1.299999E+01    1.299999E+01    1.299998E+01    1.299998E+01    1.299998E+01    1.299998E+01    1.299998E+01    1.299998E+01    1.299998E+01    1.299998E+01    1.299998E+01    1.299998E+01    1.299997E+01    1.299997E+01    1.299997E+01    1.299997E+01    1.299997E+01    1.299997E+01    1.299997E+01    1.299997E+01    1.299997E+01    1.299997E+01    1.299997E+01    1.299997E+01    1.299997E+01    1.299997E+01    1.299996E+01    1.299996E+01    1.299996E+01    1.299996E+01    1.299996E+01    1.299996E+01    1.299996E+01    1.299996E+01    1.299996E+01    1.299996E+01    1.299996E+01    1.299996E+01    1.299996E+01    1.299996E+01    1.299996E+01    1.299996E+01    1.299996E+01    1.299996E+01    1.299996E+01    1.299996E+01    1.299995E+01    1.299995E+01    1.299995E+01    1.299995E+01    1.299995E+01    1.299995E+01    1.299995E+01    1.299995E+01    1.299995E+01    1.299995E+01    1.299995E+01    1.299995E+01    1.299995E+01    1.299995E+01    1.299994E+01    1.299994E+01    1.299994E+01    1.299994E+01    1.299994E+01    1.299994E+01    1.299994E+01    1.299994E+01    1.299994E+01    1.299994E+01    1.299993E+01    1.299993E+01    1.299993E+01    1.299991E+01    1.299989E+01    1.299977E+01    1.000000E+30
   1.000000E+30    1.000000E+30    1.000000E+30    1.000000E+30    1.000000E+30    1.000000E+30    1.000000E+30    1.000000E+30    1.000000E+30    1.000000E+30    1.000000E+30    1.000000E+30    1.000000E+30    1.000000E+30    1.000000E+30    1.000000E+30    1.000000E+30    1.000000E+30    1.000000E+30    1.000000E+30    1.000000E+30    1.000000E+30    1.000000E+30    1.000000E+30    1.000000E+30    1.000000E+30    1.000000E+30    1.000000E+30    1.000000E+30    1.000000E+30    1.000000E+30    1.000000E+30    1.000000E+30    1.000000E+30    1.000000E+30    1.000000E+30    1.000000E+30    1.000000E+30    1.000000E+30    1.000000E+30    1.000000E+30    1.000000E+30    1.000000E+30    1.000000E+30    1.000000E+30    1.000000E+30    1.000000E+30    1.300014E+01    1.300005E+01    1.300003E+01    1.300002E+01    1.300001E+01    1.300000E+01    1.300000E+01    1.300000E+01    1.299999E+01    1.299999E+01    1.299999E+01    1.299999E+01    1.299999E+01    1.299999E+01    1.299999E+01    1.299999E+01    1.299999E+01    1.299999E+01    1.299999E+01    1.299999E+01    1.299999E+01    1.299999E+01    1.299999E+01    1.299999E+01    1.299999E+01    1.299999E+01    1.299999E+01    1.299999E+01    1.299998E+01    1.299998E+01    1.299998E+01    1.299998E+01    1.299998E+01    1.299998E+01    1.299998E+01    1.299998E+01    1.299998E+01    1.299998E+01    1.299998E+01    1.299998E+01    1.299997E+01    1.299997E+01    1.299997E+01    1.299997E+01    1.299997E+01    1.299997E+01    1.299997E+01    1.299997E+01    1.299997E+01    1.299997E+01    1.299997E+01    1.299997E+01    1.299997E+01    1.299997E+01    1.299997E+01    1.299997E+01    1.299996E+01    1.299996E+01    1.299996E+01    1.299996E+01    1.299996E+01    1.299996E+01    1.299996E+01    1.299996E+01    1.299996E+01    1.299996E+01    1.299996E+01    1.299996E+01    1.299996E+01    1.299996E+01    1.299996E+01    1.299996E+01    1.299996E+01    1.299996E+01    1.299996E+01    1.299995E+01    1.299995E+01    1.299995E+01    1.299995E+01    1.299995E+01    1.299995E+01    1.299995E+01    1.299995E+01    1.299995E+01    1.299995E+01    1.299995E+01    1.299995E+01    1.299995E+01    1.299995E+01    1.299994E+01    1.299994E+01    1.299994E+01    1.299994E+01    1.299994E+01    1.299994E+01    1.299994E+01    1.299994E+01    1.299994E+01    1.299993E+01    1.299993E+01    1.299992E+01    1.299989E+01    1.299977E+01    1.000000E+30
   1.000000E+30    1.000000E+30    1.000000E+30    1.000000E+30    1.000000E+30    1.000000E+30    1.000000E+30    1.000000E+30    1.000000E+30    1.000000E+30    1.000000E+30    1.000000E+30    1.000000E+30    1.000000E+30    1.000000E+30    1.000000E+30    1.000000E+30    1.000000E+30    1.000000E+30    1.000000E+30    1.000000E+30    1.000000E+30    1.000000E+30    1.000000E+30    1.000000E+30    1.000000E+30    1.000000E+30    1.000000E+30    1.000000E+30    1.000000E+30    1.000000E+30    1.000000E+30    1.000000E+30    1.000000E+30    1.000000E+30    1.000000E+30    1.000000E+30    1.000000E+30    1.000000E+30    1.000000E+30    1.000000E+30    1.000000E+30    1.000000E+30    1.000000E+30    1.000000E+30    1.300015E+01    1.300014E+01    1.300004E+01    1.300002E+01    1.300001E+01    1.300000E+01    1.300000E+01    1.300000E+01    1.299999E+01    1.299999E+01    1.299999E+01    1.299999E+01    1.299999E+01    1.299999E+01    1.299999E+01    1.299999E+01    1.299999E+01    1.299999E+01    1.299999E+01    1.299999E+01    1.299999E+01    1.299999E+01    1.299999E+01    1.299999E+01    1.299999E+01    1.299999E+01    1.299999E+01    1.299999E+01    1.299999E+01    1.299998E+01    1.299998E+01    1.299998E+01    1.299998E+01    1.299998E+01    1.299998E+01    1.299998E+01    1.299998E+01    1.299998E+01    1.299998E+01    1.299998E+01    1.299998E+01    1.299998E+01    1.299998E+01    1.299997E+01    1.299997E+01    1.299997E+01    1.299997E+01    1.299997E+01    1.299997E+01    1.299997E+01    1.299997E+01    1.299997E+01    1.299997E+01    1.299997E+01    1.299997E+01    1.299997E+01    1.299997E+01    1.299997E+01    1.299997E+01    1.299996E+01    1.299996E+01    1.299996E+01    1.299996E+01    1.299996E+01    1.299996E+01    1.299997E+01    1.299996E+01    1.299996E+01    1.299996E+01    1.299996E+01    1.299996E+01    1.299996E+01    1.299996E+01    1.299996E+01    1.299996E+01    1.299996E+01    1.299996E+01    1.299996E+01    1.299996E+01    1.299995E+01    1.299995E+01    1.299995E+01    1.299995E+01    1.299995E+01    1.299995E+01    1.299995E+01    1.299995E+01    1.299995E+01    1.299995E+01    1.299995E+01    1.299995E+01    1.299995E+01    1.299995E+01    1.299994E+01    1.299994E+01    1.299994E+01    1.299994E+01    1.299994E+01    1.299994E+01    1.299994E+01    1.299993E+01    1.299993E+01    1.299992E+01    1.299989E+01    1.299977E+01    1.000000E+30
   1.000000E+30    1.000000E+30    1.000000E+30    1.000000E+30    1.000000E+30    1.000000E+30    1.000000E+30    1.000000E+30    1.000000E+30    1.000000E+30    1.000000E+30    1.000000E+30    1.000000E+30    1.000000E+30    1.000000E+30    1.000000E+30    1.000000E+30    1.000000E+30    1.000000E+30    1.000000E+30    1.000000E+30    1.000000E+30    1.000000E+30    1.000000E+30    1.000000E+30    1.000000E+30    1.000000E+30    1.000000E+30    1.000000E+30    1.000000E+30    1.000000E+30    1.000000E+30    1.000000E+30    1.000000E+30    1.000000E+30    1.000000E+30    1.000000E+30    1.000000E+30    1.000000E+30    1.000000E+30    1.000000E+30    1.000000E+30    1.000000E+30    1.000000E+30    1.300014E+01    1.300005E+01    1.300003E+01    1.300001E+01    1.300000E+01    1.300000E+01    1.300000E+01    1.299999E+01    1.299999E+01    1.299999E+01    1.299999E+01    1.299999E+01    1.299999E+01    1.299999E+01    1.299999E+01    1.299999E+01    1.299999E+01    1.299999E+01    1.299999E+01    1.299999E+01    1.299999E+01    1.299999E+01    1.299999E+01    1.299999E+01    1.299999E+01    1.299999E+01    1.299999E+01    1.299999E+01    1.299999E+01    1.299998E+01    1.299998E+01    1.299998E+01    1.299998E+01    1.299998E+01    1.299998E+01    1.299998E+01    1.299998E+01    1.299998E+01    1.299998E+01    1.299998E+01    1.299998E+01    1.299998E+01    1.299998E+01    1.299998E+01    1.299997E+01    1.299997E+01    1.299997E+01    1.299997E+01    1.299997E+01    1.299997E+01    1.299997E+01    1.299997E+01    1.299997E+01    1.299997E+01    1.299997E+01    1.299997E+01    1.299997E+01    1.299997E+01    1.299997E+01    1.299997E+01    1.299997E+01    1.299997E+01    1.299997E+01    1.299997E+01    1.299997E+01    1.299997E+01    1.299997E+01    1.299996E+01    1.299996E+01    1.299996E+01    1.299996E+01    1.299997E+01    1.299997E+01    1.299996E+01    1.299996E+01    1.299996E+01    1.299996E+01    1.299996E+01    1.299996E+01    1.299996E+01    1.299996E+01    1.299995E+01    1.299995E+01    1.299995E+01    1.299995E+01    1.299995E+01    1.299995E+01    1.299995E+01    1.299995E+01    1.299995E+01    1.299995E+01    1.299995E+01    1.299995E+01    1.299995E+01    1.299995E+01    1.299995E+01    1.299994E+01    1.299994E+01    1.299994E+01    1.299994E+01    1.299994E+01    1.299993E+01    1.299993E+01    1.299991E+01    1.299989E+01    1.299977E+01    1.000000E+30
   1.000000E+30    1.000000E+30    1.000000E+30    1.000000E+30    1.000000E+30    1.000000E+30    1.000000E+30    1.000000E+30    1.000000E+30    1.000000E+30    1.000000E+30    1.000000E+30    1.000000E+30    1.000000E+30    1.000000E+30    1.000000E+30    1.000000E+30    1.000000E+30    1.000000E+30    1.000000E+30    1.000000E+30    1.000000E+30    1.000000E+30    1.000000E+30    1.000000E+30    1.000000E+30    1.000000E+30    1.000000E+30    1.000000E+30    1.000000E+30    1.000000E+30    1.000000E+30    1.000000E+30    1.000000E+30    1.000000E+30    1.000000E+30    1.000000E+30    1.000000E+30    1.000000E+30    1.000000E+30    1.000000E+30    1.000000E+30    1.300015E+01    1.300013E+01    1.300004E+01    1.300002E+01    1.300001E+01    1.300000E+01    1.300000E+01    1.299999E+01    1.299999E+01    1.299999E+01    1.299999E+01    1.299999E+01    1.299999E+01    1.299999E+01    1.299999E+01    1.299999E+01    1.299999E+01    1.299999E+01    1.299999E+01    1.299999E+01    1.299999E+01    1.299999E+01    1.299999E+01    1.299999E+01    1.299999E+01    1.299999E+01    1.299999E+01    1.299999E+01    1.299999E+01    1.299999E+01    1.299998E+01    1.299998E+01    1.299998E+01    1.299998E+01    1.299998E+01    1.299998E+01    1.299998E+01    1.299998E+01    1.299998E+01    1.299998E+01    1.299998E+01    1.299998E+01    1.299998E+01    1.299998E+01    1.299998E+01    1.299998E+01    1.299998E+01    1.299997E+01    1.299997E+01    1.299997E+01    1.299997E+01    1.299997E+01    1.299997E+01    1.299997E+01    1.299997E+01    1.299997E+01    1.299997E+01    1.299997E+01    1.299997E+01    1.299997E+01    1.299997E+01    1.299997E+01    1.299997E+01    1.299997E+01    1.299997E+01    1.299997E+01    1.299997E+01    1.299997E+01    1.299997E+01    1.299997E+01    1.299997E+01    1.299996E+01    1.299997E+01    1.299997E+01    1.299997E+01    1.299996E+01    1.299996E+01    1.299996E+01    1.299996E+01    1.299996E+01    1.299996E+01    1.299996E+01    1.299996E+01    1.299996E+01    1.299995E+01    1.299995E+01    1.299995E+01    1.299995E+01    1.299995E+01    1.299995E+01    1.299995E+01    1.299995E+01    1.299995E+01    1.299995E+01    1.299995E+01    1.299995E+01    1.299995E+01    1.299995E+01    1.299994E+01    1.299994E+01    1.299994E+01    1.299994E+01    1.299994E+01    1.299993E+01    1.299993E+01    1.299992E+01    1.299989E+01    1.299977E+01    1.000000E+30
   1.000000E+30    1.000000E+30    1.000000E+30    1.000000E+30    1.000000E+30    1.000000E+30    1.000000E+30    1.000000E+30    1.000000E+30    1.000000E+30    1.000000E+30    1.000000E+30    1.000000E+30    1.000000E+30    1.000000E+30    1.000000E+30    1.000000E+30    1.000000E+30    1.000000E+30    1.000000E+30    1.000000E+30    1.000000E+30    1.000000E+30    1.000000E+30    1.000000E+30    1.000000E+30    1.000000E+30    1.000000E+30    1.000000E+30    1.000000E+30    1.000000E+30    1.000000E+30    1.000000E+30    1.000000E+30    1.000000E+30    1.000000E+30    1.000000E+30    1.000000E+30    1.000000E+30    1.000000E+30    1.000000E+30    1.300013E+01    1.300005E+01    1.300003E+01    1.300001E+01    1.300000E+01    1.300000E+01    1.300000E+01    1.299999E+01    1.299999E+01    1.299999E+01    1.299999E+01    1.299999E+01    1.299999E+01    1.299999E+01    1.299999E+01    1.299999E+01    1.299999E+01    1.299999E+01    1.299999E+01    1.299999E+01    1.299999E+01    1.299999E+01    1.299999E+01    1.299999E+01    1.299999E+01    1.299999E+01    1.299999E+01    1.299999E+01    1.299999E+01    1.299998E+01    1.299998E+01    1.299998E+01    1.299998E+01    1.299998E+01    1.299998E+01    1.299998E+01    1.299998E+01    1.299998E+01    1.299998E+01    1.299998E+01    1.299998E+01    1.299998E+01    1.299998E+01    1.299998E+01    1.299998E+01    1.299998E+01    1.299998E+01    1.299998E+01    1.299997E+01    1.299997E+01    1.299997E+01    1.299997E+01    1.299997E+01    1.299997E+01    1.299997E+01    1.299997E+01    1.299997E+01    1.299997E+01    1.299997E+01    1.299997E+01    1.299997E+01    1.299997E+01    1.299997E+01    1.299997E+01    1.299997E+01    1.299997E+01    1.299997E+01    1.299997E+01    1.299997E+01    1.299997E+01    1.299997E+01    1.299997E+01    1.299997E+01    1.299997E+01    1.299997E+01    1.299997E+01    1.299996E+01    1.299996E+01    1.299996E+01    1.299996E+01    1.299996E+01    1.299996E+01    1.299996E+01    1.299996E+01    1.299996E+01    1.299995E+01    1.299995E+01    1.299995E+01    1.299995E+01    1.299995E+01    1.299995E+01    1.299995E+01    1.299995E+01    1.299995E+01    1.299995E+01    1.299995E+01    1.299995E+01    1.299995E+01    1.299995E+01    1.299994E+01    1.299994E+01    1.299994E+01    1.299994E+01    1.299994E+01    1.299993E+01    1.299993E+01    1.299992E+01    1.299989E+01    1.299977E+01    1.000000E+30
   1.000000E+30    1.000000E+30    1.000000E+30    1.000000E+30    1.000000E+30    1.000000E+30    1.000000E+30    1.000000E+30    1.000000E+30    1.000000E+30    1.000000E+30    1.000000E+30    1.000000E+30    1.000000E+30    1.000000E+30    1.000000E+30    1.000000E+30    1.000000E+30    1.000000E+30    1.000000E+30    1.000000E+30    1.000000E+30    1.000000E+30    1.000000E+30    1.000000E+30    1.000000E+30    1.000000E+30    1.000000E+30    1.000000E+30    1.000000E+30    1.000000E+30    1.000000E+30    1.000000E+30    1.000000E+30    1.000000E+30    1.000000E+30    1.000000E+30    1.000000E+30    1.000000E+30    1.300015E+01    1.300013E+01    1.300004E+01    1.300002E+01    1.300001E+01    1.300000E+01    1.300000E+01    1.299999E+01    1.299999E+01    1.299999E+01    1.299999E+01    1.299999E+01    1.299999E+01    1.299999E+01    1.299999E+01    1.299999E+01    1.299999E+01    1.299999E+01    1.299999E+01    1.299999E+01    1.299999E+01    1.299999E+01    1.299999E+01    1.299999E+01    1.299999E+01    1.299999E+01    1.299999E+01    1.299999E+01    1.299999E+01    1.299999E+01    1.299998E+01    1.299998E+01    1.299998E+01    1.299998E+01    1.299998E+01    1.299998E+01    1.299998E+01    1.299998E+01    1.299998E+01    1.299998E+01    1.299998E+01    1.299998E+01    1.299998E+01    1.299998E+01    1.299998E+01    1.299998E+01    1.299998E+01    1.299998E+01    1.299998E+01    1.299998E+01    1.299997E+01    1.299997E+01    1.299997E+01    1.299997E+01    1.299997E+01    1.299997E+01    1.299997E+01    1.299997E+01    1.299997E+01    1.299997E+01    1.299997E+01    1.299997E+01    1.299997E+01    1.299997E+01    1.299997E+01    1.299997E+01    1.299997E+01    1.299997E+01    1.299997E+01    1.299997E+01    1.299997E+01    1.299997E+01    1.299997E+01    1.299997E+01    1.299997E+01    1.299997E+01    1.299997E+01    1.299997E+01    1.299996E+01    1.299996E+01    1.299996E+01    1.299996E+01    1.299996E+01    1.299996E+01    1.299996E+01    1.299996E+01    1.299996E+01    1.299996E+01    1.299996E+01    1.299996E+01    1.299995E+01    1.299995E+01    1.299995E+01    1.299995E+01    1.299995E+01    1.299995E+01    1.299995E+01    1.299995E+01    1.299995E+01    1.299995E+01    1.299995E+01    1.299994E+01    1.299994E+01    1.299994E+01    1.299994E+01    1.299994E+01    1.299993E+01    1.299993E+01    1.299992E+01    1.299989E+01    1.299977E+01    1.000000E+30
   1.000000E+30    1.000000E+30    1.000000E+30    1.000000E+30    1.000000E+30    1.000000E+30    1.000000E+30    1.000000E+30    1.000000E+30    1.000000E+30    1.000000E+30    1.000000E+30    1.000000E+30    1.000000E+30    1.000000E+30    1.000000E+30    1.000000E+30    1.000000E+30    1.000000E+30    1.000000E+30    1.000000E+30    1.000000E+30    1.000000E+30    1.000000E+30    1.000000E+30    1.000000E+30    1.000000E+30    1.000000E+30    1.000000E+30    1.000000E+30    1.000000E+30    1.000000E+30    1.000000E+30    1.000000E+30    1.000000E+30    1.000000E+30    1.000000E+30    1.000000E+30    1.300013E+01    1.300005E+01    1.300003E+01    1.300001E+01    1.300000E+01    1.300000E+01    1.299999E+01    1.299999E+01    1.299999E+01    1.299999E+01    1.299999E+01    1.299999E+01    1.299999E+01    1.299999E+01    1.299999E+01    1.299999E+01    1.299999E+01    1.299999E+01    1.299999E+01    1.299999E+01    1.299999E+01    1.299999E+01    1.299999E+01    1.299999E+01    1.299999E+01    1.299999E+01    1.299999E+01    1.299999E+01    1.299999E+01    1.299998E+01    1.299998E+01    1.299998E+01    1.299998E+01    1.299998E+01    1.299998E+01    1.299998E+01    1.299998E+01    1.299998E+01    1.299998E+01    1.299998E+01    1.299998E+01    1.299998E+01    1.299998E+01    1.299998E+01    1.299998E+01    1.299998E+01    1.299998E+01    1.299998E+01    1.299998E+01    1.299998E+01    1.299998E+01    1.299997E+01    1.299997E+01    1.299997E+01    1.299997E+01    1.299997E+01    1.299997E+01    1.299997E+01    1.299997E+01    1.299997E+01    1.299997E+01    1.299997E+01    1.299997E+01    1.299997E+01    1.299997E+01    1.299997E+01    1.299997E+01    1.299997E+01    1.299997E+01    1.299997E+01    1.299997E+01    1.299997E+01    1.299997E+01    1.299997E+01    1.299997E+01    1.299997E+01    1.299997E+01    1.299997E+01    1.299997E+01    1.299996E+01    1.299996E+01    1.299996E+01    1.299996E+01    1.299996E+01    1.299996E+01    1.299996E+01    1.299996E+01    1.299996E+01    1.299996E+01    1.299996E+01    1.299996E+01    1.299996E+01    1.299996E+01    1.299995E+01    1.299995E+01    1.299995E+01    1.299995E+01    1.299995E+01    1.299995E+01    1.299995E+01    1.299995E+01    1.299995E+01    1.299995E+01    1.299994E+01    1.299994E+01    1.299994E+01    1.299994E+01    1.299994E+01    1.299993E+01    1.299992E+01    1.299989E+01    1.299978E+01    1.000000E+30
   1.000000E+30    1.000000E+30    1.000000E+30    1.000000E+30    1.000000E+30    1.000000E+30    1.000000E+30    1.000000E+30    1.000000E+30    1.000000E+30    1.000000E+30    1.000000E+30    1.000000E+30    1.000000E+30    1.000000E+30    1.000000E+30    1.000000E+30    1.000000E+30    1.000000E+30    1.000000E+30    1.000000E+30    1.000000E+30    1.000000E+30    1.000000E+30    1.000000E+30    1.000000E+30    1.000000E+30    1.000000E+30    1.000000E+30    1.000000E+30    1.000000E+30    1.000000E+30    1.000000E+30    1.000000E+30    1.000000E+30    1.000000E+30    1.300015E+01    1.300013E+01    1.300004E+01    1.300002E+01    1.300001E+01    1.300000E+01    1.300000E+01    1.299999E+01    1.299999E+01    1.299999E+01    1.299999E+01    1.299999E+01    1.299999E+01    1.299999E+01    1.299999E+01    1.299999E+01    1.299999E+01    1.299999E+01    1.299999E+01    1.299999E+01    1.299999E+01    1.299999E+01    1.299999E+01    1.299999E+01    1.299999E+01    1.299999E+01    1.299999E+01    1.299999E+01    1.299999E+01    1.299998E+01    1.299998E+01    1.299998E+01    1.299998E+01    1.299998E+01    1.299998E+01    1.299998E+01    1.299998E+01    1.299998E+01    1.299998E+01    1.299998E+01    1.299998E+01    1.299998E+01    1.299998E+01    1.299998E+01    1.299998E+01    1.299998E+01    1.299998E+01    1.299998E+01    1.299998E+01    1.299998E+01    1.299998E+01    1.299998E+01    1.299998E+01    1.299997E+01    1.299997E+01    1.299997E+01    1.299997E+01    1.299997E+01    1.299997E+01    1.299997E+01    1.299997E+01    1.299997E+01    1.299997E+01    1.299997E+01    1.299997E+01    1.299997E+01    1.299997E+01    1.299997E+01    1.299997E+01    1.299997E+01    1.299997E+01    1.299997E+01    1.299997E+01    1.299997E+01    1.299997E+01    1.299997E+01    1.299997E+01    1.299997E+01    1.299997E+01    1.299997E+01    1.299997E+01    1.299996E+01    1.299996E+01    1.299996E+01    1.299996E+01    1.299996E+01    1.299996E+01    1.299996E+01    1.299996E+01    1.299996E+01    1.299996E+01    1.299996E+01    1.299996E+01    1.299996E+01    1.299995E+01    1.299995E+01    1.299995E+01    1.299995E+01    1.299995E+01    1.299995E+01    1.299995E+01    1.299995E+01    1.299995E+01    1.299995E+01    1.299995E+01    1.299995E+01    1.299995E+01    1.299995E+01    1.299994E+01    1.299994E+01    1.299994E+01    1.299993E+01    1.299990E+01    1.299978E+01    1.000000E+30
   1.000000E+30    1.000000E+30    1.000000E+30    1.000000E+30    1.000000E+30    1.000000E+30    1.000000E+30    1.000000E+30    1.000000E+30    1.000000E+30    1.000000E+30    1.000000E+30    1.000000E+30    1.000000E+30    1.000000E+30    1.000000E+30    1.000000E+30    1.000000E+30    1.000000E+30    1.000000E+30    1.000000E+30    1.000000E+30    1.000000E+30    1.000000E+30    1.000000E+30    1.000000E+30    1.000000E+30    1.000000E+30    1.000000E+30    1.000000E+30    1.000000E+30    1.000000E+30    1.000000E+30    1.000000E+30    1.000000E+30    1.300013E+01    1.300005E+01    1.300003E+01    1.300001E+01    1.300000E+01    1.300000E+01    1.299999E+01    1.299999E+01    1.299999E+01    1.299999E+01    1.299999E+01    1.299999E+01    1.299999E+01    1.299999E+01    1.299999E+01    1.299999E+01    1.299999E+01    1.299999E+01    1.299999E+01    1.299999E+01    1.299999E+01    1.299999E+01    1.299999E+01    1.299999E+01    1.299999E+01    1.299999E+01    1.299998E+01    1.299998E+01    1.299998E+01    1.299998E+01    1.299998E+01    1.299998E+01    1.299998E+01    1.299998E+01    1.299998E+01    1.299998E+01    1.299998E+01    1.299998E+01    1.299998E+01    1.299998E+01    1.299998E+01    1.299998E+01    1.299998E+01    1.299998E+01    1.299998E+01    1.299998E+01    1.299998E+01    1.299998E+01    1.299998E+01    1.299998E+01    1.299998E+01    1.299998E+01    1.299998E+01    1.299998E+01    1.299998E+01    1.299997E+01    1.299997E+01    1.299997E+01    1.299997E+01    1.299997E+01    1.299997E+01    1.299997E+01    1.299997E+01    1.299997E+01    1.299997E+01    1.299997E+01    1.299997E+01    1.299997E+01    1.299997E+01    1.299997E+01    1.299997E+01    1.299997E+01    1.299997E+01    1.299997E+01    1.299997E+01    1.299997E+01    1.299997E+01    1.299997E+01    1.299997E+01    1.299997E+01    1.299997E+01    1.299997E+01    1.299996E+01    1.299996E+01    1.299996E+01    1.299996E+01    1.299996E+01    1.299996E+01    1.299996E+01    1.299996E+01    1.299996E+01    1.299996E+01    1.299996E+01    1.299996E+01    1.299996E+01    1.299995E+01    1.299995E+01    1.299995E+01    1.299995E+01    1.299995E+01    1.299995E+01    1.299995E+01    1.299995E+01    1.299995E+01    1.299995E+01    1.299995E+01    1.299995E+01    1.299995E+01    1.299995E+01    1.299995E+01    1.299994E+01    1.299993E+01    1.299992E+01    1.299990E+01    1.299978E+01    1.000000E+30
   1.000000E+30    1.000000E+30    1.000000E+30    1.000000E+30    1.000000E+30    1.000000E+30    1.000000E+30    1.000000E+30    1.000000E+30    1.000000E+30    1.000000E+30    1.000000E+30    1.000000E+30    1.000000E+30    1.000000E+30    1.000000E+30    1.000000E+30    1.000000E+30    1.000000E+30    1.000000E+30    1.000000E+30    1.000000E+30    1.000000E+30    1.000000E+30    1.000000E+30    1.000000E+30    1.000000E+30    1.000000E+30    1.000000E+30    1.000000E+30    1.000000E+30    1.000000E+30    1.000000E+30    1.300015E+01    1.300013E+01    1.300004E+01    1.300002E+01    1.300001E+01    1.300000E+01    1.300000E+01    1.299999E+01    1.299999E+01    1.299999E+01    1.299999E+01    1.299999E+01    1.299999E+01    1.299999E+01    1.299999E+01    1.299999E+01    1.299999E+01    1.299999E+01    1.299999E+01    1.299999E+01    1.299999E+01    1.299999E+01    1.299999E+01    1.299999E+01    1.299999E+01    1.299998E+01    1.299998E+01    1.299998E+01    1.299998E+01    1.299998E+01    1.299998E+01    1.299998E+01    1.299998E+01    1.299998E+01    1.299998E+01    1.299998E+01    1.299998E+01    1.299998E+01    1.299998E+01    1.299998E+01    1.299998E+01    1.299998E+01    1.299998E+01    1.299998E+01    1.299998E+01    1.299998E+01    1.299998E+01    1.299998E+01    1.299998E+01    1.299998E+01    1.299998E+01    1.299998E+01    1.299998E+01    1.299998E+01    1.299998E+01    1.299998E+01    1.299998E+01    1.299998E+01    1.299998E+01    1.299997E+01    1.299997E+01    1.299997E+01    1.299997E+01    1.299997E+01    1.299997E+01    1.299997E+01    1.299997E+01    1.299997E+01    1.299997E+01    1.299997E+01    1.299997E+01    1.299997E+01    1.299997E+01    1.299997E+01    1.299997E+01    1.299997E+01    1.299997E+01    1.299997E+01    1.299997E+01    1.299997E+01    1.299997E+01    1.299997E+01    1.299997E+01    1.299997E+01    1.299996E+01    1.299996E+01    1.299996E+01    1.299996E+01    1.299996E+01    1.299996E+01    1.299996E+01    1.299996E+01    1.299996E+01    1.299996E+01    1.299996E+01    1.299996E+01    1.299996E+01    1.299996E+01    1.299996E+01    1.299996E+01    1.299995E+01    1.299996E+01    1.299996E+01    1.299996E+01    1.299996E+01    1.299995E+01    1.299995E+01    1.299995E+01    1.299995E+01    1.299995E+01    1.299994E+01    1.299994E+01    1.299994E+01    1.299994E+01    1.299993E+01    1.299990E+01    1.299978E+01    1.000000E+30
   1.000000E+30    1.000000E+30    1.000000E+30    1.000000E+30    1.000000E+30    1.000000E+30    1.000000E+30    1.000000E+30    1.000000E+30    1.000000E+30    1.000000E+30    1.000000E+30    1.000000E+30    1.000000E+30    1.000000E+30    1.000000E+30    1.000000E+30    1.000000E+30    1.000000E+30    1.000000E+30    1.000000E+30    1.000000E+30    1.000000E+30    1.000000E+30    1.000000E+30    1.000000E+30    1.000000E+30    1.000000E+30    1.000000E+30    1.000000E+30    1.000000E+30    1.300015E+01    1.300014E+01    1.300005E+01    1.300003E+01    1.300001E+01    1.300000E+01    1.300000E+01    1.299999E+01    1.299999E+01    1.299999E+01    1.299999E+01    1.299999E+01    1.299999E+01    1.299999E+01    1.299999E+01    1.299999E+01    1.299999E+01    1.299999E+01    1.299999E+01    1.299999E+01    1.299999E+01    1.299999E+01    1.299999E+01    1.299999E+01    1.299998E+01    1.299998E+01    1.299998E+01    1.299998E+01    1.299998E+01    1.299998E+01    1.299998E+01    1.299998E+01    1.299998E+01    1.299998E+01    1.299998E+01    1.299998E+01    1.299998E+01    1.299998E+01    1.299998E+01    1.299998E+01    1.299998E+01    1.299998E+01    1.299998E+01    1.299998E+01    1.299998E+01    1.299998E+01    1.299998E+01    1.299998E+01    1.299998E+01    1.299998E+01    1.299998E+01    1.299998E+01    1.299998E+01    1.299998E+01    1.299998E+01    1.299998E+01    1.299998E+01    1.299998E+01    1.299998E+01    1.299998E+01    1.299997E+01    1.299997E+01    1.299997E+01    1.299997E+01    1.299997E+01    1.299997E+01    1.299997E+01    1.299997E+01    1.299997E+01    1.299997E+01    1.299997E+01    1.299997E+01    1.299997E+01    1.299997E+01    1.299997E+01    1.299997E+01    1.299997E+01    1.299997E+01    1.299997E+01    1.299997E+01    1.299997E+01    1.299997E+01    1.299997E+01    1.299997E+01    1.299997E+01    1.299997E+01    1.299997E+01    1.299997E+01    1.299996E+01    1.299996E+01    1.299996E+01    1.299996E+01    1.299996E+01    1.299996E+01    1.299996E+01    1.299996E+01    1.299996E+01    1.299996E+01    1.299996E+01    1.299996E+01    1.299996E+01    1.299996E+01    1.299996E+01    1.299996E+01    1.299996E+01    1.299996E+01    1.299995E+01    1.299995E+01    1.299995E+01    1.299995E+01    1.299995E+01    1.299995E+01    1.299995E+01    1.299995E+01    1.299994E+01    1.299994E+01    1.299993E+01    1.299990E+01    1.299977E+01    1.000000E+30
   1.000000E+30    1.000000E+30    1.000000E+30    1.000000E+30    1.000000E+30    1.000000E+30    1.000000E+30    1.000000E+30    1.000000E+30    1.000000E+30    1.000000E+30    1.000000E+30    1.000000E+30    1.000000E+30    1.000000E+30    1.000000E+30    1.000000E+30    1.000000E+30    1.000000E+30    1.000000E+30    1.000000E+30    1.000000E+30    1.000000E+30    1.000000E+30    1.000000E+30    1.000000E+30    1.000000E+30    1.000000E+30    1.000000E+30    1.000000E+30    1.300014E+01    1.300005E+01    1.300003E+01    1.300002E+01    1.300001E+01    1.300000E+01    1.300000E+01    1.299999E+01    1.299999E+01    1.299999E+01    1.299999E+01    1.299999E+01    1.299999E+01    1.299999E+01    1.299999E+01    1.299999E+01    1.299999E+01    1.299999E+01    1.299999E+01    1.299999E+01    1.299999E+01    1.299999E+01    1.299998E+01    1.299998E+01    1.299998E+01    1.299998E+01    1.299998E+01    1.299998E+01    1.299998E+01    1.299998E+01    1.299998E+01    1.299998E+01    1.299998E+01    1.299998E+01    1.299998E+01    1.299998E+01    1.299998E+01    1.299998E+01    1.299998E+01    1.299998E+01    1.299998E+01    1.299998E+01    1.299998E+01    1.299998E+01    1.299998E+01    1.299998E+01    1.299998E+01    1.299998E+01    1.299998E+01    1.299998E+01    1.299998E+01    1.299998E+01    1.299998E+01    1.299998E+01    1.299998E+01    1.299998E+01    1.299998E+01    1.299998E+01    1.299998E+01    1.299998E+01    1.299998E+01    1.299997E+01    1.299997E+01    1.299997E+01    1.299997E+01    1.299997E+01    1.299997E+01    1.299997E+01    1.299997E+01    1.299997E+01    1.299997E+01    1.299997E+01    1.299997E+01    1.299997E+01    1.299997E+01    1.299997E+01    1.299997E+01    1.299997E+01    1.299997E+01    1.299997E+01    1.299997E+01    1.299997E+01    1.299997E+01    1.299997E+01    1.299997E+01    1.299997E+01    1.299997E+01    1.299997E+01    1.299997E+01    1.299997E+01    1.299996E+01    1.299996E+01    1.299996E+01    1.299996E+01    1.299996E+01    1.299996E+01    1.299996E+01    1.299996E+01    1.299996E+01    1.299996E+01    1.299996E+01    1.299996E+01    1.299996E+01    1.299996E+01    1.299996E+01    1.299996E+01    1.299995E+01    1.299995E+01    1.299995E+01    1.299995E+01    1.299995E+01    1.299995E+01    1.299995E+01    1.299995E+01    1.299994E+01    1.299994E+01    1.299994E+01    1.299993E+01    1.299990E+01    1.299978E+01    1.000000E+30
   1.000000E+30    1.000000E+30    1.000000E+30    1.000000E+30    1.000000E+30    1.000000E+30    1.000000E+30    1.000000E+30    1.000000E+30    1.000000E+30    1.000000E+30    1.000000E+30    1.000000E+30    1.000000E+30    1.000000E+30    1.000000E+30    1.000000E+30    1.000000E+30    1.000000E+30    1.000000E+30    1.000000E+30    1.000000E+30    1.000000E+30    1.000000E+30    1.000000E+30    1.000000E+30    1.000000E+30    1.000000E+30    1.300016E+01    1.300014E+01    1.300004E+01    1.300002E+01    1.300001E+01    1.300000E+01    1.300000E+01    1.299999E+01    1.299999E+01    1.299999E+01    1.299999E+01    1.299999E+01    1.299999E+01    1.299999E+01    1.299999E+01    1.299999E+01    1.299999E+01    1.299999E+01    1.299999E+01    1.299999E+01    1.299999E+01    1.299998E+01    1.299998E+01    1.299998E+01    1.299998E+01    1.299998E+01    1.299998E+01    1.299998E+01    1.299998E+01    1.299998E+01    1.299998E+01    1.299998E+01    1.299998E+01    1.299998E+01    1.299998E+01    1.299998E+01    1.299998E+01    1.299998E+01    1.299998E+01    1.299998E+01    1.299998E+01    1.299998E+01    1.299998E+01    1.299998E+01    1.299998E+01    1.299998E+01    1.299998E+01    1.299998E+01    1.299998E+01    1.299998E+01    1.299998E+01    1.299998E+01    1.299998E+01    1.299998E+01    1.299998E+01    1.299998E+01    1.299998E+01    1.299998E+01    1.299998E+01    1.299998E+01    1.299998E+01    1.299998E+01    1.299998E+01    1.299997E+01    1.299997E+01    1.299997E+01    1.299997E+01    1.299997E+01    1.299997E+01    1.299997E+01    1.299997E+01    1.299997E+01    1.299998E+01    1.299998E+01    1.299998E+01    1.299998E+01    1.299997E+01    1.299997E+01    1.299997E+01    1.299997E+01    1.299997E+01    1.299997E+01    1.299997E+01    1.299997E+01    1.299997E+01    1.299997E+01    1.299997E+01    1.299997E+01    1.299997E+01    1.299997E+01    1.299997E+01    1.299997E+01    1.299996E+01    1.299996E+01    1.299996E+01    1.299996E+01    1.299996E+01    1.299996E+01    1.299996E+01    1.299996E+01    1.299996E+01    1.299996E+01    1.299996E+01    1.299996E+01    1.299996E+01    1.299996E+01    1.299996E+01    1.299996E+01    1.299995E+01    1.299995E+01    1.299995E+01    1.299995E+01    1.299995E+01    1.299995E+01    1.299995E+01    1.299995E+01    1.299995E+01    1.299995E+01    1.299994E+01    1.299993E+01    1.299990E+01    1.299978E+01    1.000000E+30
   1.000000E+30    1.000000E+30    1.000000E+30    1.000000E+30    1.000000E+30    1.000000E+30    1.000000E+30    1.000000E+30    1.000000E+30    1.000000E+30    1.000000E+30    1.000000E+30    1.000000E+30    1.000000E+30    1.000000E+30    1.000000E+30    1.000000E+30    1.000000E+30    1.000000E+30    1.000000E+30    1.000000E+30    1.000000E+30    1.000000E+30    1.000000E+30    1.000000E+30    1.000000E+30    1.000000E+30    1.300014E+01    1.300005E+01    1.300003E+01    1.300001E+01    1.300000E+01    1.300000E+01    1.299999E+01    1.299999E+01    1.299999E+01    1.299999E+01    1.299999E+01    1.299999E+01    1.299999E+01    1.299999E+01    1.299999E+01    1.299999E+01    1.299998E+01    1.299999E+01    1.299999E+01    1.299999E+01    1.299998E+01    1.299998E+01    1.299998E+01    1.299998E+01    1.299998E+01    1.299998E+01    1.299998E+01    1.299998E+01    1.299998E+01    1.299998E+01    1.299998E+01    1.299998E+01    1.299998E+01    1.299998E+01    1.299998E+01    1.299998E+01    1.299998E+01    1.299998E+01    1.299998E+01    1.299998E+01    1.299998E+01    1.299998E+01    1.299998E+01    1.299998E+01    1.299998E+01    1.299998E+01    1.299998E+01    1.299998E+01    1.299998E+01    1.299998E+01    1.299998E+01    1.299998E+01    1.299998E+01    1.299998E+01    1.299998E+01    1.299998E+01    1.299998E+01    1.299998E+01    1.299998E+01    1.299998E+01    1.299998E+01    1.299998E+01    1.299998E+01    1.299998E+01    1.299997E+01    1.299997E+01    1.299997E+01    1.299997E+01    1.299997E+01    1.299997E+01    1.299998E+01    1.299998E+01    1.299998E+01    1.299998E+01    1.299998E+01    1.299998E+01    1.299998E+01    1.299998E+01    1.299997E+01    1.299997E+01    1.299997E+01    1.299997E+01    1.299997E+01    1.299997E+01    1.299997E+01    1.299997E+01    1.299997E+01    1.299997E+01    1.299997E+01    1.299997E+01    1.299997E+01    1.299997E+01    1.299997E+01    1.299996E+01    1.299996E+01    1.299996E+01    1.299996E+01    1.299996E+01    1.299996E+01    1.299996E+01    1.299996E+01    1.299996E+01    1.299996E+01    1.299996E+01    1.299996E+01    1.299996E+01    1.299996E+01    1.299996E+01    1.299996E+01    1.299996E+01    1.299996E+01    1.299996E+01    1.299996E+01    1.299996E+01    1.299996E+01    1.299995E+01    1.299995E+01    1.299995E+01    1.299995E+01    1.299994E+01    1.299993E+01    1.299990E+01    1.299978E+01    1.000000E+30
   1.000000E+30    1.000000E+30    1.000000E+30    1.000000E+30    1.000000E+30    1.000000E+30    1.000000E+30    1.000000E+30    1.000000E+30    1.000000E+30    1.000000E+30    1.000000E+30    1.000000E+30    1.000000E+30    1.000000E+30    1.000000E+30    1.000000E+30    1.000000E+30    1.000000E+30    1.000000E+30    1.000000E+30    1.000000E+30    1.000000E+30    1.000000E+30    1.000000E+30    1.300016E+01    1.300014E+01    1.300005E+01    1.300002E+01    1.300001E+01    1.300000E+01    1.300000E+01    1.299999E+01    1.299999E+01    1.299999E+01    1.299999E+01    1.299999E+01    1.299999E+01    1.299999E+01    1.299999E+01    1.299999E+01    1.299999E+01    1.299998E+01    1.299998E+01    1.299998E+01    1.299998E+01    1.299998E+01    1.299998E+01    1.299998E+01    1.299998E+01    1.299998E+01    1.299998E+01    1.299998E+01    1.299998E+01    1.299998E+01    1.299998E+01    1.299998E+01    1.299998E+01    1.299998E+01    1.299998E+01    1.299998E+01    1.299998E+01    1.299998E+01    1.299998E+01    1.299998E+01    1.299998E+01    1.299998E+01    1.299998E+01    1.299998E+01    1.299998E+01    1.299998E+01    1.299998E+01    1.299998E+01    1.299998E+01    1.299998E+01    1.299998E+01    1.299998E+01    1.299998E+01    1.299998E+01    1.299998E+01    1.299998E+01    1.299998E+01    1.299998E+01    1.299998E+01    1.299998E+01    1.299998E+01    1.299998E+01    1.299998E+01    1.299998E+01    1.299998E+01    1.299998E+01    1.299997E+01    1.299997E+01    1.299997E+01    1.299997E+01    1.299997E+01    1.299997E+01    1.299998E+01    1.299998E+01    1.299998E+01    1.299998E+01    1.299998E+01    1.299998E+01    1.299998E+01    1.299998E+01    1.299998E+01    1.299997E+01    1.299997E+01    1.299997E+01    1.299997E+01    1.299997E+01    1.299997E+01    1.299997E+01    1.299997E+01    1.299997E+01    1.299997E+01    1.299997E+01    1.299997E+01    1.299997E+01    1.299997E+01    1.299997E+01    1.299997E+01    1.299997E+01    1.299997E+01    1.299997E+01    1.299997E+01    1.299997E+01    1.299997E+01    1.299997E+01    1.299996E+01    1.299996E+01    1.299996E+01    1.299996E+01    1.299996E+01    1.299996E+01    1.299996E+01    1.299996E+01    1.299996E+01    1.299996E+01    1.299996E+01    1.299996E+01    1.299996E+01    1.299995E+01    1.299995E+01    1.299995E+01    1.299995E+01    1.299994E+01    1.299993E+01    1.299990E+01    1.299978E+01    1.000000E+30
   1.000000E+30    1.000000E+30    1.000000E+30    1.000000E+30    1.000000E+30    1.000000E+30    1.000000E+30    1.000000E+30    1.000000E+30    1.000000E+30    1.000000E+30    1.000000E+30    1.000000E+30    1.000000E+30    1.000000E+30    1.000000E+30    1.000000E+30    1.000000E+30    1.000000E+30    1.000000E+30    1.000000E+30    1.000000E+30    1.000000E+30    1.000000E+30    1.300014E+01    1.300005E+01    1.300004E+01    1.300002E+01    1.300001E+01    1.300000E+01    1.300000E+01    1.299999E+01    1.299999E+01    1.299999E+01    1.299999E+01    1.299999E+01    1.299999E+01    1.299999E+01    1.299999E+01    1.299998E+01    1.299998E+01    1.299998E+01    1.299998E+01    1.299998E+01    1.299998E+01    1.299998E+01    1.299998E+01    1.299998E+01    1.299998E+01    1.299998E+01    1.299998E+01    1.299998E+01    1.299998E+01    1.299998E+01    1.299998E+01    1.299998E+01    1.299998E+01    1.299998E+01    1.299998E+01    1.299998E+01    1.299998E+01    1.299998E+01    1.299998E+01    1.299998E+01    1.299998E+01    1.299998E+01    1.299998E+01    1.299998E+01    1.299998E+01    1.299998E+01    1.299998E+01    1.299998E+01    1.299998E+01    1.299998E+01    1.299998E+01    1.299998E+01    1.299998E+01    1.299998E+01    1.299998E+01    1.299998E+01    1.299998E+01    1.299998E+01    1.299998E+01    1.299998E+01    1.299998E+01    1.299998E+01    1.299998E+01    1.299998E+01    1.299998E+01    1.299998E+01    1.299998E+01    1.299998E+01    1.299997E+01    1.299997E+01    1.299997E+01    1.299997E+01    1.299997E+01    1.299998E+01    1.299998E+01    1.299998E+01    1.299998E+01    1.299998E+01    1.299998E+01    1.299998E+01    1.299998E+01    1.299998E+01    1.299998E+01    1.299997E+01    1.299997E+01    1.299997E+01    1.299997E+01    1.299997E+01    1.299997E+01    1.299997E+01    1.299997E+01    1.299997E+01    1.299997E+01    1.299997E+01    1.299997E+01    1.299997E+01    1.299997E+01    1.299997E+01    1.299997E+01    1.299997E+01    1.299997E+01    1.299997E+01    1.299997E+01    1.299997E+01    1.299996E+01    1.299996E+01    1.299996E+01    1.299996E+01    1.299996E+01    1.299996E+01    1.299996E+01    1.299996E+01    1.299996E+01    1.299996E+01    1.299996E+01    1.299996E+01    1.299996E+01    1.299996E+01    1.299995E+01    1.299995E+01    1.299995E+01    1.299995E+01    1.299994E+01    1.299993E+01    1.299990E+01    1.299978E+01    1.000000E+30
   1.000000E+30    1.000000E+30    1.000000E+30    1.000000E+30    1.000000E+30    1.000000E+30    1.000000E+30    1.000000E+30    1.000000E+30    1.000000E+30    1.000000E+30    1.000000E+30    1.000000E+30    1.000000E+30    1.000000E+30    1.000000E+30    1.000000E+30    1.000000E+30    1.000000E+30    1.000000E+30    1.000000E+30    1.000000E+30    1.300016E+01    1.300014E+01    1.300005E+01    1.300002E+01    1.300001E+01    1.300000E+01    1.300000E+01    1.300000E+01    1.299999E+01    1.299999E+01    1.299999E+01    1.299999E+01    1.299999E+01    1.299999E+01    1.299999E+01    1.299999E+01    1.299999E+01    1.299998E+01    1.299998E+01    1.299998E+01    1.299998E+01    1.299998E+01    1.299998E+01    1.299998E+01    1.299998E+01    1.299998E+01    1.299998E+01    1.299998E+01    1.299998E+01    1.299998E+01    1.299998E+01    1.299998E+01    1.299998E+01    1.299998E+01    1.299998E+01    1.299998E+01    1.299998E+01    1.299998E+01    1.299998E+01    1.299998E+01    1.299998E+01    1.299998E+01    1.299998E+01    1.299998E+01    1.299998E+01    1.299998E+01    1.299998E+01    1.299998E+01    1.299998E+01    1.299998E+01    1.299998E+01    1.299998E+01    1.299998E+01    1.299998E+01    1.299998E+01    1.299998E+01    1.299998E+01    1.299998E+01    1.299998E+01    1.299998E+01    1.299998E+01    1.299998E+01    1.299998E+01    1.299998E+01    1.299998E+01    1.299998E+01    1.299998E+01    1.299998E+01    1.299998E+01    1.299998E+01    1.299998E+01    1.299997E+01    1.299997E+01    1.299997E+01    1.299997E+01    1.299997E+01    1.299998E+01    1.299998E+01    1.299998E+01    1.299998E+01    1.299998E+01    1.299998E+01    1.299998E+01    1.299998E+01    1.299998E+01    1.299998E+01    1.299998E+01    1.299997E+01    1.299997E+01    1.299997E+01    1.299997E+01    1.299997E+01    1.299997E+01    1.299997E+01    1.299997E+01    1.299997E+01    1.299997E+01    1.299997E+01    1.299997E+01    1.299997E+01    1.299997E+01    1.299997E+01    1.299997E+01    1.299997E+01    1.299997E+01    1.299996E+01    1.299996E+01    1.299996E+01    1.299996E+01    1.299996E+01    1.299996E+01    1.299996E+01    1.299996E+01    1.299996E+01    1.299996E+01    1.299996E+01    1.299996E+01    1.299996E+01    1.299996E+01    1.299996E+01    1.299996E+01    1.299995E+01    1.299995E+01    1.299995E+01    1.299994E+01    1.299993E+01    1.299990E+01    1.299978E+01    1.000000E+30
   1.000000E+30    1.000000E+30    1.000000E+30    1.000000E+30    1.000000E+30    1.000000E+30    1.000000E+30    1.000000E+30    1.000000E+30    1.000000E+30    1.000000E+30    1.000000E+30    1.000000E+30    1.000000E+30    1.000000E+30    1.000000E+30    1.000000E+30    1.000000E+30    1.000000E+30    1.000000E+30    1.000000E+30    1.300014E+01    1.300006E+01    1.300004E+01    1.300002E+01    1.300001E+01    1.300000E+01    1.300000E+01    1.300000E+01    1.300000E+01    1.299999E+01    1.299999E+01    1.299999E+01    1.299999E+01    1.299999E+01    1.299999E+01    1.299999E+01    1.299999E+01    1.299999E+01    1.299999E+01    1.299998E+01    1.299998E+01    1.299998E+01    1.299998E+01    1.299998E+01    1.299998E+01    1.299998E+01    1.299998E+01    1.299998E+01    1.299998E+01    1.299998E+01    1.299998E+01    1.299998E+01    1.299998E+01    1.299998E+01    1.299998E+01    1.299998E+01    1.299998E+01    1.299998E+01    1.299998E+01    1.299998E+01    1.299998E+01    1.299998E+01    1.299998E+01    1.299998E+01    1.299998E+01    1.299998E+01    1.299998E+01    1.299998E+01    1.299998E+01    1.299998E+01    1.299998E+01    1.299998E+01    1.299998E+01    1.299998E+01    1.299998E+01    1.299998E+01    1.299998E+01    1.299998E+01    1.299998E+01    1.299998E+01    1.299998E+01    1.299998E+01    1.299998E+01    1.299998E+01    1.299998E+01    1.299998E+01    1.299998E+01    1.299998E+01    1.299998E+01    1.299998E+01    1.299998E+01    1.299998E+01    1.299998E+01    1.299997E+01    1.299997E+01    1.299997E+01    1.299997E+01    1.299998E+01    1.299998E+01    1.299998E+01    1.299998E+01    1.299998E+01    1.299998E+01    1.299998E+01    1.299998E+01    1.299998E+01    1.299998E+01    1.299998E+01    1.299997E+01    1.299997E+01    1.299997E+01    1.299997E+01    1.299997E+01    1.299997E+01    1.299997E+01    1.299997E+01    1.299997E+01    1.299997E+01    1.299997E+01    1.299997E+01    1.299997E+01    1.299997E+01    1.299997E+01    1.299997E+01    1.299997E+01    1.299997E+01    1.299997E+01    1.299996E+01    1.299997E+01    1.299997E+01    1.299997E+01    1.299997E+01    1.299997E+01    1.299997E+01    1.299996E+01    1.299996E+01    1.299996E+01    1.299996E+01    1.299996E+01    1.299996E+01    1.299996E+01    1.299996E+01    1.299996E+01    1.299995E+01    1.299995E+01    1.299995E+01    1.299993E+01    1.299991E+01    1.299978E+01    1.000000E+30
   1.000000E+30    1.000000E+30    1.000000E+30    1.000000E+30    1.000000E+30    1.000000E+30    1.000000E+30    1.000000E+30    1.000000E+30    1.000000E+30    1.000000E+30    1.000000E+30    1.000000E+30    1.000000E+30    1.000000E+30    1.000000E+30    1.000000E+30    1.000000E+30    1.000000E+30    1.000000E+30    1.300014E+01    1.300005E+01    1.300003E+01    1.300001E+01    1.300001E+01    1.300000E+01    1.300000E+01    1.300000E+01    1.300000E+01    1.299999E+01    1.299999E+01    1.299999E+01    1.299999E+01    1.299999E+01    1.299999E+01    1.299999E+01    1.299999E+01    1.299999E+01    1.299999E+01    1.299999E+01    1.299998E+01    1.299998E+01    1.299998E+01    1.299998E+01    1.299998E+01    1.299998E+01    1.299998E+01    1.299998E+01    1.299998E+01    1.299998E+01    1.299998E+01    1.299998E+01    1.299998E+01    1.299998E+01    1.299998E+01    1.299998E+01    1.299998E+01    1.299998E+01    1.299998E+01    1.299998E+01    1.299998E+01    1.299998E+01    1.299998E+01    1.299998E+01    1.299998E+01    1.299998E+01    1.299998E+01    1.299998E+01    1.299998E+01    1.299998E+01    1.299998E+01    1.299998E+01    1.299998E+01    1.299998E+01    1.299998E+01    1.299998E+01    1.299998E+01    1.299998E+01    1.299998E+01    1.299998E+01    1.299998E+01    1.299998E+01    1.299998E+01    1.299998E+01    1.299998E+01    1.299998E+01    1.299998E+01    1.299998E+01    1.299998E+01    1.299998E+01    1.299998E+01    1.299998E+01    1.299998E+01    1.299998E+01    1.299998E+01    1.299998E+01    1.299997E+01    1.299997E+01    1.299998E+01    1.299998E+01    1.299998E+01    1.299998E+01    1.299998E+01    1.299998E+01    1.299998E+01    1.299998E+01    1.299998E+01    1.299998E+01    1.299997E+01    1.299997E+01    1.299997E+01    1.299997E+01    1.299997E+01    1.299997E+01    1.299997E+01    1.299997E+01    1.299997E+01    1.299997E+01    1.299997E+01    1.299997E+01    1.299997E+01    1.299997E+01    1.299997E+01    1.299997E+01    1.299997E+01    1.299997E+01    1.299997E+01    1.299997E+01    1.299997E+01    1.299997E+01    1.299997E+01    1.299997E+01    1.299997E+01    1.299997E+01    1.299997E+01    1.299997E+01    1.299996E+01    1.299996E+01    1.299996E+01    1.299996E+01    1.299996E+01    1.299996E+01    1.299996E+01    1.299996E+01    1.299995E+01    1.299995E+01    1.299995E+01    1.299994E+01    1.299991E+01    1.299979E+01    1.000000E+30
   1.000000E+30    1.000000E+30    1.000000E+30    1.000000E+30    1.000000E+30    1.000000E+30    1.000000E+30    1.000000E+30    1.000000E+30    1.000000E+30    1.000000E+30    1.000000E+30    1.000000E+30    1.000000E+30    1.000000E+30    1.000000E+30    1.000000E+30    1.000000E+30    1.000000E+30    1.300016E+01    1.300006E+01    1.300003E+01    1.300001E+01    1.300001E+01    1.300000E+01    1.300000E+01    1.300000E+01    1.300000E+01    1.299999E+01    1.299999E+01    1.299999E+01    1.299999E+01    1.299999E+01    1.299999E+01    1.299999E+01    1.299999E+01    1.299999E+01    1.299999E+01    1.299999E+01    1.299999E+01    1.299998E+01    1.299998E+01    1.299998E+01    1.299998E+01    1.299998E+01    1.299998E+01    1.299998E+01    1.299998E+01    1.299998E+01    1.299998E+01    1.299998E+01    1.299998E+01    1.299998E+01    1.299998E+01    1.299998E+01    1.299998E+01    1.299998E+01    1.299998E+01    1.299998E+01    1.299998E+01    1.299998E+01    1.299998E+01    1.299998E+01    1.299998E+01    1.299998E+01    1.299998E+01    1.299998E+01    1.299998E+01    1.299998E+01    1.299998E+01    1.299998E+01    1.299998E+01    1.299998E+01    1.299998E+01    1.299998E+01    1.299998E+01    1.299998E+01    1.299998E+01    1.299998E+01    1.299998E+01    1.299998E+01    1.299998E+01    1.299998E+01    1.299998E+01    1.299998E+01    1.299998E+01    1.299998E+01    1.299998E+01    1.299998E+01    1.299998E+01    1.299998E+01    1.299998E+01    1.299998E+01    1.299998E+01    1.299998E+01    1.299998E+01    1.299998E+01    1.299998E+01    1.299998E+01    1.299998E+01    1.299998E+01    1.299998E+01    1.299998E+01    1.299998E+01    1.299998E+01    1.299998E+01    1.299998E+01    1.299998E+01    1.299997E+01    1.299997E+01    1.299998E+01    1.299997E+01    1.299997E+01    1.299997E+01    1.299997E+01    1.299997E+01    1.299997E+01    1.299997E+01    1.299997E+01    1.299997E+01    1.299997E+01    1.299997E+01    1.299997E+01    1.299997E+01    1.299997E+01    1.299997E+01    1.299997E+01    1.299997E+01    1.299997E+01    1.299997E+01    1.299997E+01    1.299997E+01    1.299997E+01    1.299997E+01    1.299997E+01    1.299997E+01    1.299997E+01    1.299997E+01    1.299996E+01    1.299996E+01    1.299996E+01    1.299996E+01    1.299996E+01    1.299996E+01    1.299996E+01    1.299995E+01    1.299995E+01    1.299994E+01    1.299991E+01    1.299979E+01    1.000000E+30
   1.000000E+30    1.000000E+30    1.000000E+30    1.000000E+30    1.000000E+30    1.000000E+30    1.000000E+30    1.000000E+30    1.000000E+30    1.000000E+30    1.000000E+30    1.000000E+30    1.000000E+30    1.000000E+30    1.000000E+30    1.000000E+30    1.000000E+30    1.000000E+30    1.000000E+30    1.300015E+01    1.300004E+01    1.300002E+01    1.300001E+01    1.300000E+01    1.300000E+01    1.300000E+01    1.300000E+01    1.299999E+01    1.299999E+01    1.299999E+01    1.299999E+01    1.299999E+01    1.299999E+01    1.299999E+01    1.299999E+01    1.299999E+01    1.299999E+01    1.299999E+01    1.299999E+01    1.299999E+01    1.299998E+01    1.299998E+01    1.299998E+01    1.299998E+01    1.299998E+01    1.299998E+01    1.299998E+01    1.299998E+01    1.299998E+01    1.299998E+01    1.299998E+01    1.299998E+01    1.299998E+01    1.299998E+01    1.299998E+01    1.299998E+01    1.299998E+01    1.299998E+01    1.299998E+01    1.299998E+01    1.299998E+01    1.299998E+01    1.299998E+01    1.299998E+01    1.299998E+01    1.299998E+01    1.299998E+01    1.299998E+01    1.299998E+01    1.299998E+01    1.299998E+01    1.299998E+01    1.299998E+01    1.299998E+01    1.299998E+01    1.299998E+01    1.299998E+01    1.299998E+01    1.299998E+01    1.299998E+01    1.299998E+01    1.299998E+01    1.299998E+01    1.299998E+01    1.299998E+01    1.299998E+01    1.299998E+01    1.299998E+01    1.299998E+01    1.299998E+01    1.299998E+01    1.299998E+01    1.299998E+01    1.299998E+01    1.299998E+01    1.299998E+01    1.299998E+01    1.299998E+01    1.299998E+01    1.299998E+01    1.299998E+01    1.299998E+01    1.299998E+01    1.299998E+01    1.299998E+01    1.299998E+01    1.299998E+01    1.299998E+01    1.299998E+01    1.299998E+01    1.299998E+01    1.299998E+01    1.299997E+01    1.299997E+01    1.299997E+01    1.299997E+01    1.299997E+01    1.299997E+01    1.299997E+01    1.299997E+01    1.299997E+01    1.299997E+01    1.299997E+01    1.299997E+01    1.299997E+01    1.299997E+01    1.299997E+01    1.299997E+01    1.299997E+01    1.299997E+01    1.299997E+01    1.299997E+01    1.299997E+01    1.299997E+01    1.299997E+01    1.299997E+01    1.299997E+01    1.299997E+01    1.299997E+01    1.299997E+01    1.299996E+01    1.299996E+01    1.299996E+01    1.299996E+01    1.299996E+01    1.299996E+01    1.299995E+01    1.299994E+01    1.299991E+01    1.299979E+01    1.000000E+30
   1.000000E+30    1.000000E+30    1.000000E+30    1.000000E+30    1.000000E+30    1.000000E+30    1.000000E+30    1.000000E+30    1.000000E+30    1.000000E+30    1.000000E+30    1.000000E+30    1.000000E+30    1.000000E+30    1.000000E+30    1.000000E+30    1.000000E+30    1.000000E+30    1.300017E+01    1.300006E+01    1.300003E+01    1.300001E+01    1.300000E+01    1.300000E+01    1.300000E+01    1.300000E+01    1.300000E+01    1.299999E+01    1.299999E+01    1.299999E+01    1.299999E+01    1.299999E+01    1.299999E+01    1.299999E+01    1.299999E+01    1.299999E+01    1.299999E+01    1.299999E+01    1.299999E+01    1.299999E+01    1.299998E+01    1.299998E+01    1.299998E+01    1.299998E+01    1.299998E+01    1.299998E+01    1.299998E+01    1.299998E+01    1.299998E+01    1.299998E+01    1.299998E+01    1.299998E+01    1.299998E+01    1.299998E+01    1.299998E+01    1.299998E+01    1.299998E+01    1.299998E+01    1.299998E+01    1.299998E+01    1.299998E+01    1.299998E+01    1.299998E+01    1.299998E+01    1.299998E+01    1.299998E+01    1.299998E+01    1.299998E+01    1.299998E+01    1.299998E+01    1.299998E+01    1.299998E+01    1.299998E+01    1.299998E+01    1.299998E+01    1.299998E+01    1.299998E+01    1.299998E+01    1.299998E+01    1.299998E+01    1.299998E+01    1.299998E+01    1.299998E+01    1.299998E+01    1.299998E+01    1.299998E+01    1.299998E+01    1.299998E+01    1.299998E+01    1.299998E+01    1.299998E+01    1.299998E+01    1.299998E+01    1.299998E+01    1.299998E+01    1.299998E+01    1.299998E+01    1.299998E+01    1.299998E+01    1.299998E+01    1.299998E+01    1.299998E+01    1.299998E+01    1.299998E+01    1.299998E+01    1.299998E+01    1.299998E+01    1.299998E+01    1.299998E+01    1.299998E+01    1.299997E+01    1.299997E+01    1.299997E+01    1.299997E+01    1.299997E+01    1.299997E+01    1.299997E+01    1.299997E+01    1.299997E+01    1.299997E+01    1.299997E+01    1.299997E+01    1.299997E+01    1.299997E+01    1.299997E+01    1.299997E+01    1.299997E+01    1.299997E+01    1.299997E+01    1.299997E+01    1.299997E+01    1.299997E+01    1.299997E+01    1.299997E+01    1.299997E+01    1.299997E+01    1.299997E+01    1.299997E+01    1.299997E+01    1.299997E+01    1.299997E+01    1.299996E+01    1.299996E+01    1.299996E+01    1.299996E+01    1.299996E+01    1.299995E+01    1.299994E+01    1.299991E+01    1.299979E+01    1.000000E+30
   1.000000E+30    1.000000E+30    1.000000E+30    1.000000E+30    1.000000E+30    1.000000E+30    1.000000E+30    1.000000E+30    1.000000E+30    1.000000E+30    1.000000E+30    1.000000E+30    1.000000E+30    1.000000E+30    1.000000E+30    1.000000E+30    1.000000E+30    1.000000E+30    1.300016E+01    1.300005E+01    1.300002E+01    1.300001E+01    1.300000E+01    1.300000E+01    1.300000E+01    1.300000E+01    1.300000E+01    1.299999E+01    1.299999E+01    1.299999E+01    1.299999E+01    1.299999E+01    1.299999E+01    1.299999E+01    1.299999E+01    1.299999E+01    1.299999E+01    1.299999E+01    1.299999E+01    1.299999E+01    1.299998E+01    1.299998E+01    1.299998E+01    1.299998E+01    1.299998E+01    1.299998E+01    1.299998E+01    1.299998E+01    1.299998E+01    1.299998E+01    1.299998E+01    1.299998E+01    1.299998E+01    1.299998E+01    1.299998E+01    1.299998E+01    1.299998E+01    1.299998E+01    1.299998E+01    1.299998E+01    1.299998E+01    1.299998E+01    1.299998E+01    1.299998E+01    1.299998E+01    1.299998E+01    1.299998E+01    1.299998E+01    1.299998E+01    1.299998E+01    1.299998E+01    1.299998E+01    1.299998E+01    1.299998E+01    1.299998E+01    1.299998E+01    1.299998E+01    1.299998E+01    1.299998E+01    1.299998E+01    1.299998E+01    1.299998E+01    1.299998E+01    1.299998E+01    1.299998E+01    1.299998E+01    1.299998E+01    1.299998E+01    1.299998E+01    1.299998E+01    1.299998E+01    1.299998E+01    1.299998E+01    1.299998E+01    1.299998E+01    1.299998E+01    1.299998E+01    1.299998E+01    1.299998E+01    1.299998E+01    1.299998E+01    1.299998E+01    1.299998E+01    1.299998E+01    1.299998E+01    1.299998E+01    1.299998E+01    1.299998E+01    1.299998E+01    1.299998E+01    1.299997E+01    1.299997E+01    1.299997E+01    1.299997E+01    1.299997E+01    1.299997E+01    1.299997E+01    1.299998E+01    1.299998E+01    1.299998E+01    1.299998E+01    1.299998E+01    1.299998E+01    1.299998E+01    1.299998E+01    1.299998E+01    1.299998E+01    1.299998E+01    1.299998E+01    1.299997E+01    1.299997E+01    1.299997E+01    1.299997E+01    1.299997E+01    1.299997E+01    1.299997E+01    1.299997E+01    1.299997E+01    1.299997E+01    1.299997E+01    1.299997E+01    1.299997E+01    1.299996E+01    1.299996E+01    1.299996E+01    1.299996E+01    1.299995E+01    1.299994E+01    1.299991E+01    1.299979E+01    1.000000E+30
   1.000000E+30    1.000000E+30    1.000000E+30    1.000000E+30    1.000000E+30    1.000000E+30    1.000000E+30    1.000000E+30    1.000000E+30    1.000000E+30    1.000000E+30    1.000000E+30    1.000000E+30    1.000000E+30    1.000000E+30    1.000000E+30    1.000000E+30    1.000000E+30    1.300014E+01    1.300004E+01    1.300001E+01    1.300000E+01    1.300000E+01    1.300000E+01    1.300000E+01    1.300000E+01    1.299999E+01    1.299999E+01    1.299999E+01    1.299999E+01    1.299999E+01    1.299999E+01    1.299999E+01    1.299999E+01    1.299999E+01    1.299999E+01    1.299999E+01    1.299999E+01    1.299999E+01    1.299999E+01    1.299998E+01    1.299998E+01    1.299998E+01    1.299998E+01    1.299998E+01    1.299998E+01    1.299998E+01    1.299998E+01    1.299998E+01    1.299998E+01    1.299998E+01    1.299998E+01    1.299998E+01    1.299998E+01    1.299998E+01    1.299998E+01    1.299998E+01    1.299998E+01    1.299998E+01    1.299998E+01    1.299998E+01    1.299998E+01    1.299998E+01    1.299998E+01    1.299998E+01    1.299998E+01    1.299998E+01    1.299998E+01    1.299998E+01    1.299998E+01    1.299998E+01    1.299998E+01    1.299998E+01    1.299998E+01    1.299998E+01    1.299998E+01    1.299998E+01    1.299998E+01    1.299998E+01    1.299998E+01    1.299998E+01    1.299998E+01    1.299998E+01    1.299998E+01    1.299998E+01    1.299998E+01    1.299998E+01    1.299998E+01    1.299998E+01    1.299998E+01    1.299998E+01    1.299998E+01    1.299998E+01    1.299998E+01    1.299998E+01    1.299998E+01    1.299998E+01    1.299998E+01    1.299998E+01    1.299998E+01    1.299998E+01    1.299998E+01    1.299998E+01    1.299998E+01    1.299998E+01    1.299998E+01    1.299998E+01    1.299998E+01    1.299998E+01    1.299998E+01    1.299997E+01    1.299997E+01    1.299997E+01    1.299998E+01    1.299998E+01    1.299998E+01    1.299998E+01    1.299998E+01    1.299998E+01    1.299998E+01    1.299998E+01    1.299998E+01    1.299998E+01    1.299998E+01    1.299998E+01    1.299998E+01    1.299998E+01    1.299998E+01    1.299998E+01    1.299998E+01    1.299998E+01    1.299998E+01    1.299997E+01    1.299997E+01    1.299997E+01    1.299997E+01    1.299997E+01    1.299997E+01    1.299997E+01    1.299997E+01    1.299997E+01    1.299997E+01    1.299997E+01    1.299997E+01    1.299996E+01    1.299996E+01    1.299996E+01    1.299994E+01    1.299992E+01    1.299979E+01    1.000000E+30
   1.000000E+30    1.000000E+30    1.000000E+30    1.000000E+30    1.000000E+30    1.000000E+30    1.000000E+30    1.000000E+30    1.000000E+30    1.000000E+30    1.000000E+30    1.000000E+30    1.000000E+30    1.000000E+30    1.000000E+30    1.000000E+30    1.000000E+30    1.300016E+01    1.300006E+01    1.300002E+01    1.300001E+01    1.300000E+01    1.300000E+01    1.300000E+01    1.300000E+01    1.300000E+01    1.299999E+01    1.299999E+01    1.299999E+01    1.299999E+01    1.299999E+01    1.299999E+01    1.299999E+01    1.299999E+01    1.299999E+01    1.299999E+01    1.299999E+01    1.299999E+01    1.299999E+01    1.299999E+01    1.299998E+01    1.299998E+01    1.299998E+01    1.299998E+01    1.299998E+01    1.299998E+01    1.299998E+01    1.299998E+01    1.299998E+01    1.299998E+01    1.299998E+01    1.299998E+01    1.299998E+01    1.299998E+01    1.299998E+01    1.299998E+01    1.299998E+01    1.299998E+01    1.299997E+01    1.299998E+01    1.299998E+01    1.299998E+01    1.299998E+01    1.299998E+01    1.299998E+01    1.299998E+01    1.299998E+01    1.299998E+01    1.299998E+01    1.299998E+01    1.299998E+01    1.299998E+01    1.299998E+01    1.299998E+01    1.299998E+01    1.299998E+01    1.299998E+01    1.299998E+01    1.299998E+01    1.299998E+01    1.299998E+01    1.299998E+01    1.299998E+01    1.299998E+01    1.299998E+01    1.299998E+01    1.299998E+01    1.299998E+01    1.299998E+01    1.299998E+01    1.299998E+01    1.299998E+01    1.299998E+01    1.299998E+01    1.299998E+01    1.299998E+01    1.299998E+01    1.299998E+01    1.299998E+01    1.299998E+01    1.299998E+01    1.299998E+01    1.299998E+01    1.299998E+01    1.299998E+01    1.299998E+01    1.299998E+01    1.299998E+01    1.299998E+01    1.299998E+01    1.299997E+01    1.299997E+01    1.299998E+01    1.299998E+01    1.299998E+01    1.299998E+01    1.299998E+01    1.299998E+01    1.299998E+01    1.299998E+01    1.299998E+01    1.299998E+01    1.299998E+01    1.299998E+01    1.299998E+01    1.299998E+01    1.299998E+01    1.299998E+01    1.299998E+01    1.299998E+01    1.299998E+01    1.299998E+01    1.299998E+01    1.299998E+01    1.299998E+01    1.299997E+01    1.299997E+01    1.299997E+01    1.299997E+01    1.299997E+01    1.299997E+01    1.299997E+01    1.299997E+01    1.299997E+01    1.299997E+01    1.299996E+01    1.299996E+01    1.299995E+01    1.299992E+01    1.299980E+01    1.000000E+30
   1.000000E+30    1.000000E+30    1.000000E+30    1.000000E+30    1.000000E+30    1.000000E+30    1.000000E+30    1.000000E+30    1.000000E+30    1.000000E+30    1.000000E+30    1.000000E+30    1.000000E+30    1.000000E+30    1.000000E+30    1.000000E+30    1.000000E+30    1.300015E+01    1.300004E+01    1.300002E+01    1.300001E+01    1.300000E+01    1.300000E+01    1.300000E+01    1.300000E+01    1.300000E+01    1.299999E+01    1.299999E+01    1.299999E+01    1.299999E+01    1.299999E+01    1.299999E+01    1.299999E+01    1.299999E+01    1.299999E+01    1.299999E+01    1.299999E+01    1.299999E+01    1.299999E+01    1.299999E+01    1.299998E+01    1.299998E+01    1.299998E+01    1.299998E+01    1.299998E+01    1.299998E+01    1.299998E+01    1.299998E+01    1.299998E+01    1.299998E+01    1.299998E+01    1.299998E+01    1.299998E+01    1.299998E+01    1.299998E+01    1.299998E+01    1.299998E+01    1.299998E+01    1.299998E+01    1.299997E+01    1.299998E+01    1.299998E+01    1.299998E+01    1.299998E+01    1.299998E+01    1.299998E+01    1.299998E+01    1.299998E+01    1.299998E+01    1.299998E+01    1.299998E+01    1.299998E+01    1.299998E+01    1.299998E+01    1.299998E+01    1.299998E+01    1.299998E+01    1.299998E+01    1.299998E+01    1.299998E+01    1.299998E+01    1.299998E+01    1.299998E+01    1.299998E+01    1.299998E+01    1.299998E+01    1.299998E+01    1.299998E+01    1.299998E+01    1.299998E+01    1.299998E+01    1.299998E+01    1.299998E+01    1.299998E+01    1.299998E+01    1.299998E+01    1.299998E+01    1.299998E+01    1.299998E+01    1.299998E+01    1.299998E+01    1.299998E+01    1.299998E+01    1.299998E+01    1.299998E+01    1.299998E+01    1.299998E+01    1.299998E+01    1.299998E+01    1.299998E+01    1.299998E+01    1.299998E+01    1.299998E+01    1.299998E+01    1.299998E+01    1.299998E+01    1.299998E+01    1.299998E+01    1.299998E+01    1.299998E+01    1.299998E+01    1.299998E+01    1.299998E+01    1.299998E+01    1.299998E+01    1.299998E+01    1.299998E+01    1.299998E+01    1.299998E+01    1.299998E+01    1.299998E+01    1.299998E+01    1.299998E+01    1.299998E+01    1.299998E+01    1.299998E+01    1.299998E+01    1.299998E+01    1.299997E+01    1.299997E+01    1.299997E+01    1.299997E+01    1.299997E+01    1.299997E+01    1.299997E+01    1.299996E+01    1.299996E+01    1.299995E+01    1.299992E+01    1.299980E+01    1.000000E+30
   1.000000E+30    1.000000E+30    1.000000E+30    1.000000E+30    1.000000E+30    1.000000E+30    1.000000E+30    1.000000E+30    1.000000E+30    1.000000E+30    1.000000E+30    1.000000E+30    1.000000E+30    1.000000E+30    1.000000E+30    1.000000E+30    1.300016E+01    1.300006E+01    1.300002E+01    1.300001E+01    1.300000E+01    1.300000E+01    1.300000E+01    1.300000E+01    1.300000E+01    1.300000E+01    1.299999E+01    1.299999E+01    1.299999E+01    1.299999E+01    1.299999E+01    1.299999E+01    1.299999E+01    1.299999E+01    1.299999E+01    1.299999E+01    1.299999E+01    1.299999E+01    1.299999E+01    1.299999E+01    1.299998E+01    1.299998E+01    1.299998E+01    1.299998E+01    1.299998E+01    1.299998E+01    1.299998E+01    1.299998E+01    1.299998E+01    1.299998E+01    1.299998E+01    1.299998E+01    1.299998E+01    1.299998E+01    1.299998E+01    1.299998E+01    1.299998E+01    1.299998E+01    1.299998E+01    1.299998E+01    1.299997E+01    1.299998E+01    1.299998E+01    1.299998E+01    1.299998E+01    1.299998E+01    1.299998E+01    1.299998E+01    1.299998E+01    1.299998E+01    1.299998E+01    1.299998E+01    1.299998E+01    1.299998E+01    1.299998E+01    1.299998E+01    1.299998E+01    1.299998E+01    1.299998E+01    1.299998E+01    1.299998E+01    1.299998E+01    1.299998E+01    1.299998E+01    1.299998E+01    1.299998E+01    1.299998E+01    1.299998E+01    1.299998E+01    1.299998E+01    1.299998E+01    1.299998E+01    1.299998E+01    1.299998E+01    1.299998E+01    1.299998E+01    1.299998E+01    1.299998E+01    1.299998E+01    1.299998E+01    1.299998E+01    1.299998E+01    1.299998E+01    1.299998E+01    1.299998E+01    1.299998E+01    1.299998E+01    1.299998E+01    1.299998E+01    1.299998E+01    1.299998E+01    1.299998E+01    1.299998E+01    1.299998E+01    1.299998E+01    1.299998E+01    1.299998E+01    1.299998E+01    1.299998E+01    1.299998E+01    1.299998E+01    1.299998E+01    1.299998E+01    1.299998E+01    1.299998E+01    1.299998E+01    1.299998E+01    1.299998E+01    1.299998E+01    1.299998E+01    1.299998E+01    1.299998E+01    1.299998E+01    1.299998E+01    1.299998E+01    1.299998E+01    1.299998E+01    1.299998E+01    1.299998E+01    1.299998E+01    1.299998E+01    1.299997E+01    1.299997E+01    1.299997E+01    1.299997E+01    1.299997E+01    1.299996E+01    1.299995E+01    1.299992E+01    1.299980E+01    1.000000E+30
   1.000000E+30    1.000000E+30    1.000000E+30    1.000000E+30    1.000000E+30    1.000000E+30    1.000000E+30    1.000000E+30    1.000000E+30    1.000000E+30    1.000000E+30    1.000000E+30    1.000000E+30    1.000000E+30    1.000000E+30    1.000000E+30    1.300015E+01    1.300004E+01    1.300002E+01    1.300001E+01    1.300000E+01    1.300000E+01    1.300000E+01    1.300000E+01    1.300000E+01    1.300000E+01    1.299999E+01    1.299999E+01    1.299999E+01    1.299999E+01    1.299999E+01    1.299999E+01    1.299999E+01    1.299999E+01    1.299999E+01    1.299999E+01    1.299999E+01    1.299999E+01    1.299999E+01    1.299999E+01    1.299998E+01    1.299998E+01    1.299998E+01    1.299998E+01    1.299998E+01    1.299998E+01    1.299998E+01    1.299998E+01    1.299998E+01    1.299998E+01    1.299998E+01    1.299998E+01    1.299998E+01    1.299998E+01    1.299998E+01    1.299998E+01    1.299998E+01    1.299998E+01    1.299998E+01    1.299998E+01    1.299998E+01    1.299997E+01    1.299998E+01    1.299998E+01    1.299998E+01    1.299998E+01    1.299998E+01    1.299998E+01    1.299998E+01    1.299998E+01    1.299998E+01    1.299998E+01    1.299998E+01    1.299998E+01    1.299998E+01    1.299998E+01    1.299998E+01    1.299998E+01    1.299998E+01    1.299998E+01    1.299998E+01    1.299998E+01    1.299998E+01    1.299998E+01    1.299998E+01    1.299998E+01    1.299998E+01    1.299998E+01    1.299998E+01    1.299998E+01    1.299998E+01    1.299998E+01    1.299998E+01    1.299998E+01    1.299998E+01    1.299998E+01    1.299998E+01    1.299998E+01    1.299998E+01    1.299998E+01    1.299998E+01    1.299998E+01    1.299998E+01    1.299998E+01    1.299998E+01    1.299998E+01    1.299998E+01    1.299998E+01    1.299998E+01    1.299998E+01    1.299998E+01    1.299998E+01    1.299998E+01    1.299998E+01    1.299998E+01    1.299998E+01    1.299998E+01    1.299998E+01    1.299999E+01    1.299999E+01    1.299999E+01    1.299999E+01    1.299999E+01    1.299999E+01    1.299999E+01    1.299999E+01    1.299999E+01    1.299999E+01    1.299998E+01    1.299998E+01    1.299998E+01    1.299998E+01    1.299998E+01    1.299998E+01    1.299998E+01    1.299998E+01    1.299998E+01    1.299998E+01    1.299998E+01    1.299998E+01    1.299998E+01    1.299998E+01    1.299998E+01    1.299997E+01    1.299997E+01    1.299997E+01    1.299996E+01    1.299995E+01    1.299992E+01    1.299980E+01    1.000000E+30
   1.000000E+30    1.000000E+30    1.000000E+30    1.000000E+30    1.000000E+30    1.000000E+30    1.000000E+30    1.000000E+30    1.000000E+30    1.000000E+30    1.000000E+30    1.000000E+30    1.000000E+30    1.000000E+30    1.000000E+30    1.300016E+01    1.300006E+01    1.300003E+01    1.300001E+01    1.300000E+01    1.300000E+01    1.300000E+01    1.300000E+01    1.300000E+01    1.300000E+01    1.299999E+01    1.299999E+01    1.299999E+01    1.299999E+01    1.299999E+01    1.299999E+01    1.299999E+01    1.299999E+01    1.299999E+01    1.299999E+01    1.299999E+01    1.299999E+01    1.299999E+01    1.299999E+01    1.299999E+01    1.299998E+01    1.299998E+01    1.299998E+01    1.299998E+01    1.299998E+01    1.299998E+01    1.299998E+01    1.299998E+01    1.299998E+01    1.299998E+01    1.299998E+01    1.299998E+01    1.299998E+01    1.299998E+01    1.299998E+01    1.299998E+01    1.299998E+01    1.299998E+01    1.299998E+01    1.299998E+01    1.299998E+01    1.299998E+01    1.299997E+01    1.299998E+01    1.299998E+01    1.299998E+01    1.299998E+01    1.299998E+01    1.299998E+01    1.299998E+01    1.299998E+01    1.299998E+01    1.299998E+01    1.299998E+01    1.299998E+01    1.299998E+01    1.299998E+01    1.299998E+01    1.299998E+01    1.299998E+01    1.299998E+01    1.299998E+01    1.299998E+01    1.299998E+01    1.299998E+01    1.299998E+01    1.299998E+01    1.299998E+01    1.299998E+01    1.299998E+01    1.299998E+01    1.299998E+01    1.299998E+01    1.299998E+01    1.299998E+01    1.299998E+01    1.299998E+01    1.299998E+01    1.299998E+01    1.299998E+01    1.299998E+01    1.299998E+01    1.299998E+01    1.299998E+01    1.299998E+01    1.299998E+01    1.299998E+01    1.299998E+01    1.299998E+01    1.299998E+01    1.299998E+01    1.299998E+01    1.299998E+01    1.299999E+01    1.299999E+01    1.299999E+01    1.299999E+01    1.299999E+01    1.299999E+01    1.299999E+01    1.299999E+01    1.299999E+01    1.299999E+01    1.299999E+01    1.299999E+01    1.299999E+01    1.299999E+01    1.299999E+01    1.299999E+01    1.299999E+01    1.299999E+01    1.299999E+01    1.299999E+01    1.299999E+01    1.299998E+01    1.299998E+01    1.299998E+01    1.299998E+01    1.299998E+01    1.299998E+01    1.299998E+01    1.299998E+01    1.299998E+01    1.299998E+01    1.299997E+01    1.299997E+01    1.299997E+01    1.299995E+01    1.299993E+01    1.299981E+01    1.000000E+30
   1.000000E+30    1.000000E+30    1.000000E+30    1.000000E+30    1.000000E+30    1.000000E+30    1.000000E+30    1.000000E+30    1.000000E+30    1.000000E+30    1.000000E+30    1.000000E+30    1.000000E+30    1.000000E+30    1.000000E+30    1.300015E+01    1.300004E+01    1.300002E+01    1.300001E+01    1.300000E+01    1.300000E+01    1.300000E+01    1.300000E+01    1.300000E+01    1.300000E+01    1.299999E+01    1.299999E+01    1.299999E+01    1.299999E+01    1.299999E+01    1.299999E+01    1.299999E+01    1.299999E+01    1.299999E+01    1.299999E+01    1.299999E+01    1.299999E+01    1.299999E+01    1.299999E+01    1.299999E+01    1.299999E+01    1.299998E+01    1.299998E+01    1.299998E+01    1.299998E+01    1.299998E+01    1.299998E+01    1.299998E+01    1.299998E+01    1.299998E+01    1.299998E+01    1.299998E+01    1.299998E+01    1.299998E+01    1.299998E+01    1.299998E+01    1.299998E+01    1.299998E+01    1.299998E+01    1.299998E+01    1.299998E+01    1.299998E+01    1.299998E+01    1.299997E+01    1.299998E+01    1.299998E+01    1.299998E+01    1.299998E+01    1.299998E+01    1.299998E+01    1.299998E+01    1.299998E+01    1.299998E+01    1.299998E+01    1.299998E+01    1.299998E+01    1.299998E+01    1.299998E+01    1.299998E+01    1.299998E+01    1.299998E+01    1.299998E+01    1.299998E+01    1.299998E+01    1.299998E+01    1.299998E+01    1.299998E+01    1.299998E+01    1.299998E+01    1.299998E+01    1.299998E+01    1.299998E+01    1.299998E+01    1.299998E+01    1.299998E+01    1.299998E+01    1.299998E+01    1.299998E+01    1.299998E+01    1.299998E+01    1.299998E+01    1.299998E+01    1.299998E+01    1.299998E+01    1.299998E+01    1.299998E+01    1.299998E+01    1.299998E+01    1.299998E+01    1.299998E+01    1.299998E+01    1.299998E+01    1.299999E+01    1.299999E+01    1.299999E+01    1.300000E+01    1.300000E+01    1.300000E+01    1.300000E+01    1.300001E+01    1.300001E+01    1.300001E+01    1.300001E+01    1.300000E+01    1.300000E+01    1.300000E+01    1.300000E+01    1.299999E+01    1.299999E+01    1.299999E+01    1.299999E+01    1.299999E+01    1.299999E+01    1.299999E+01    1.299999E+01    1.299999E+01    1.299999E+01    1.299998E+01    1.299998E+01    1.299998E+01    1.299998E+01    1.299998E+01    1.299998E+01    1.299998E+01    1.299998E+01    1.299997E+01    1.299997E+01    1.299996E+01    1.299993E+01    1.299981E+01    1.000000E+30
   1.000000E+30    1.000000E+30    1.000000E+30    1.000000E+30    1.000000E+30    1.000000E+30    1.000000E+30    1.000000E+30    1.000000E+30    1.000000E+30    1.000000E+30    1.000000E+30    1.000000E+30    1.000000E+30    1.300017E+01    1.300006E+01    1.300003E+01    1.300001E+01    1.300001E+01    1.300000E+01    1.300000E+01    1.300000E+01    1.300000E+01    1.300000E+01    1.300000E+01    1.299999E+01    1.299999E+01    1.299999E+01    1.299999E+01    1.299999E+01    1.299999E+01    1.299999E+01    1.299999E+01    1.299999E+01    1.299999E+01    1.299999E+01    1.299999E+01    1.299999E+01    1.299999E+01    1.299999E+01    1.299998E+01    1.299998E+01    1.299998E+01    1.299998E+01    1.299998E+01    1.299998E+01    1.299998E+01    1.299998E+01    1.299998E+01    1.299998E+01    1.299998E+01    1.299998E+01    1.299998E+01    1.299998E+01    1.299998E+01    1.299998E+01    1.299998E+01    1.299998E+01    1.299998E+01    1.299998E+01    1.299998E+01    1.299998E+01    1.299998E+01    1.299997E+01    1.299997E+01    1.299998E+01    1.299998E+01    1.299998E+01    1.299998E+01    1.299998E+01    1.299998E+01    1.299998E+01    1.299998E+01    1.299998E+01    1.299998E+01    1.299998E+01    1.299998E+01    1.299998E+01    1.299998E+01    1.299998E+01    1.299998E+01    1.299998E+01    1.299998E+01    1.299998E+01    1.299998E+01    1.299998E+01    1.299998E+01    1.299998E+01    1.299998E+01    1.299998E+01    1.299998E+01    1.299998E+01    1.299998E+01    1.299998E+01    1.299998E+01    1.299998E+01    1.299998E+01    1.299998E+01    1.299998E+01    1.299998E+01    1.299998E+01    1.299998E+01    1.299998E+01    1.299998E+01    1.299998E+01    1.299998E+01    1.299998E+01    1.299998E+01    1.299998E+01    1.299998E+01    1.299998E+01    1.299999E+01    1.300000E+01    1.300001E+01    1.300001E+01    1.300002E+01    1.300002E+01    1.300002E+01    1.300003E+01    1.300004E+01    1.300005E+01    1.300006E+01    1.300004E+01    1.300003E+01    1.300002E+01    1.300001E+01    1.300001E+01    1.300000E+01    1.300000E+01    1.300000E+01    1.300000E+01    1.299999E+01    1.299999E+01    1.299999E+01    1.299999E+01    1.299999E+01    1.299999E+01    1.299999E+01    1.299999E+01    1.299999E+01    1.299998E+01    1.299998E+01    1.299998E+01    1.299998E+01    1.299998E+01    1.299998E+01    1.299997E+01    1.299996E+01    1.299993E+01    1.299981E+01    1.000000E+30
   1.000000E+30    1.000000E+30    1.000000E+30    1.000000E+30    1.000000E+30    1.000000E+30    1.000000E+30    1.000000E+30    1.000000E+30    1.000000E+30    1.000000E+30    1.000000E+30    1.000000E+30    1.000000E+30    1.300016E+01    1.300005E+01    1.300002E+01    1.300001E+01    1.300000E+01    1.300000E+01    1.300000E+01    1.300000E+01    1.300000E+01    1.300000E+01    1.300000E+01    1.299999E+01    1.299999E+01    1.299999E+01    1.299999E+01    1.299999E+01    1.299999E+01    1.299999E+01    1.299999E+01    1.299999E+01    1.299999E+01    1.299999E+01    1.299999E+01    1.299999E+01    1.299999E+01    1.299999E+01    1.299998E+01    1.299998E+01    1.299998E+01    1.299998E+01    1.299998E+01    1.299998E+01    1.299998E+01    1.299998E+01    1.299998E+01    1.299998E+01    1.299998E+01    1.299998E+01    1.299998E+01    1.299998E+01    1.299998E+01    1.299998E+01    1.299998E+01    1.299998E+01    1.299998E+01    1.299998E+01    1.299998E+01    1.299998E+01    1.299998E+01    1.299998E+01    1.299997E+01    1.299997E+01    1.299997E+01    1.299997E+01    1.299998E+01    1.299998E+01    1.299998E+01    1.299998E+01    1.299998E+01    1.299998E+01    1.299998E+01    1.299998E+01    1.299998E+01    1.299998E+01    1.299998E+01    1.299998E+01    1.299998E+01    1.299998E+01    1.299998E+01    1.299998E+01    1.299998E+01    1.299998E+01    1.299998E+01    1.299998E+01    1.299998E+01    1.299998E+01    1.299998E+01    1.299998E+01    1.299998E+01    1.299998E+01    1.299998E+01    1.299998E+01    1.299998E+01    1.299998E+01    1.299998E+01    1.299998E+01    1.299998E+01    1.299998E+01    1.299998E+01    1.299998E+01    1.299998E+01    1.299998E+01    1.299998E+01    1.299998E+01    1.299998E+01    1.299998E+01    1.299999E+01    1.299999E+01    1.300001E+01    1.300005E+01    1.300006E+01    1.300007E+01    1.300008E+01    1.300008E+01    1.300009E+01    1.300011E+01    1.300027E+01    1.300027E+01    1.300011E+01    1.300009E+01    1.300007E+01    1.300004E+01    1.300003E+01    1.300002E+01    1.300001E+01    1.300001E+01    1.300000E+01    1.300000E+01    1.300000E+01    1.300000E+01    1.299999E+01    1.299999E+01    1.299999E+01    1.299999E+01    1.299999E+01    1.299999E+01    1.299999E+01    1.299999E+01    1.299998E+01    1.299998E+01    1.299998E+01    1.299998E+01    1.299997E+01    1.299996E+01    1.299993E+01    1.299981E+01    1.000000E+30
   1.000000E+30    1.000000E+30    1.000000E+30    1.000000E+30    1.000000E+30    1.000000E+30    1.000000E+30    1.000000E+30    1.000000E+30    1.000000E+30    1.000000E+30    1.000000E+30    1.000000E+30    1.000000E+30    1.300015E+01    1.300004E+01    1.300002E+01    1.300001E+01    1.300000E+01    1.300000E+01    1.300000E+01    1.300000E+01    1.300000E+01    1.300000E+01    1.300000E+01    1.299999E+01    1.299999E+01    1.299999E+01    1.299999E+01    1.299999E+01    1.299999E+01    1.299999E+01    1.299999E+01    1.299999E+01    1.299999E+01    1.299999E+01    1.299999E+01    1.299999E+01    1.299999E+01    1.299999E+01    1.299998E+01    1.299998E+01    1.299998E+01    1.299998E+01    1.299998E+01    1.299998E+01    1.299998E+01    1.299998E+01    1.299998E+01    1.299998E+01    1.299998E+01    1.299998E+01    1.299998E+01    1.299998E+01    1.299998E+01    1.299998E+01    1.299998E+01    1.299998E+01    1.299998E+01    1.299998E+01    1.299998E+01    1.299998E+01    1.299998E+01    1.299998E+01    1.299998E+01    1.299997E+01    1.299997E+01    1.299997E+01    1.299997E+01    1.299997E+01    1.299998E+01    1.299998E+01    1.299998E+01    1.299998E+01    1.299998E+01    1.299998E+01    1.299998E+01    1.299998E+01    1.299998E+01    1.299998E+01    1.299998E+01    1.299998E+01    1.299998E+01    1.299998E+01    1.299998E+01    1.299998E+01    1.299998E+01    1.299998E+01    1.299998E+01    1.299998E+01    1.299998E+01    1.299998E+01    1.299998E+01    1.299998E+01    1.299998E+01    1.299998E+01    1.299998E+01    1.299998E+01    1.299998E+01    1.299998E+01    1.299998E+01    1.299998E+01    1.299998E+01    1.299998E+01    1.299998E+01    1.299998E+01    1.299999E+01    1.299999E+01    1.299998E+01    1.299998E+01    1.299999E+01    1.300000E+01    1.300004E+01    1.300026E+01    1.300030E+01    1.300031E+01    1.300032E+01    1.300032E+01    1.300032E+01    1.300033E+01    1.000000E+30    1.000000E+30    1.300032E+01    1.300031E+01    1.300028E+01    1.300012E+01    1.300009E+01    1.300008E+01    1.300005E+01    1.300003E+01    1.300002E+01    1.300002E+01    1.300001E+01    1.300001E+01    1.300000E+01    1.300000E+01    1.300000E+01    1.299999E+01    1.299999E+01    1.299999E+01    1.299999E+01    1.299999E+01    1.299999E+01    1.299999E+01    1.299998E+01    1.299998E+01    1.299998E+01    1.299996E+01    1.299994E+01    1.299981E+01    1.000000E+30
   1.000000E+30    1.000000E+30    1.000000E+30    1.000000E+30    1.000000E+30    1.000000E+30    1.000000E+30    1.000000E+30    1.000000E+30    1.000000E+30    1.000000E+30    1.000000E+30    1.000000E+30    1.300017E+01    1.300006E+01    1.300003E+01    1.300001E+01    1.300001E+01    1.300000E+01    1.300000E+01    1.300000E+01    1.300000E+01    1.300000E+01    1.300000E+01    1.300000E+01    1.299999E+01    1.299999E+01    1.299999E+01    1.299999E+01    1.299999E+01    1.299999E+01    1.299999E+01    1.299999E+01    1.299999E+01    1.299999E+01    1.299999E+01    1.299999E+01    1.299999E+01    1.299999E+01    1.299999E+01    1.299999E+01    1.299998E+01    1.299998E+01    1.299998E+01    1.299998E+01    1.299998E+01    1.299998E+01    1.299998E+01    1.299998E+01    1.299998E+01    1.299998E+01    1.299998E+01    1.299998E+01    1.299998E+01    1.299998E+01    1.299998E+01    1.299998E+01    1.299998E+01    1.299998E+01    1.299998E+01    1.299998E+01    1.299998E+01    1.299998E+01    1.299998E+01    1.299998E+01    1.299998E+01    1.299998E+01    1.299997E+01    1.299997E+01    1.299997E+01    1.299997E+01    1.299997E+01    1.299997E+01    1.299998E+01    1.299998E+01    1.299998E+01    1.299998E+01    1.299998E+01    1.299998E+01    1.299998E+01    1.299998E+01    1.299998E+01    1.299998E+01    1.299998E+01    1.299998E+01    1.299998E+01    1.299998E+01    1.299998E+01    1.299998E+01    1.299998E+01    1.299998E+01    1.299998E+01    1.299998E+01    1.299998E+01    1.299998E+01    1.299998E+01    1.299998E+01    1.299998E+01    1.299998E+01    1.299998E+01    1.299998E+01    1.299998E+01    1.299998E+01    1.299999E+01    1.299999E+01    1.299999E+01    1.300000E+01    1.300000E+01    1.000000E+30    1.000000E+30    1.000000E+30    1.000000E+30    1.000000E+30    1.000000E+30    1.000000E+30    1.000000E+30    1.000000E+30    1.000000E+30    1.000000E+30    1.000000E+30    1.000000E+30    1.000000E+30    1.000000E+30    1.000000E+30    1.000000E+30    1.300033E+01    1.300032E+01    1.300028E+01    1.300013E+01    1.300009E+01    1.300007E+01    1.300005E+01    1.300003E+01    1.300002E+01    1.300002E+01    1.300001E+01    1.300001E+01    1.300000E+01    1.300000E+01    1.300000E+01    1.299999E+01    1.299999E+01    1.299999E+01    1.299999E+01    1.299999E+01    1.299998E+01    1.299998E+01    1.299997E+01    1.299994E+01    1.299982E+01    1.000000E+30
   1.000000E+30    1.000000E+30    1.000000E+30    1.000000E+30    1.000000E+30    1.000000E+30    1.000000E+30    1.000000E+30    1.000000E+30    1.000000E+30    1.000000E+30    1.000000E+30    1.000000E+30    1.300015E+01    1.300004E+01    1.300002E+01    1.300001E+01    1.300000E+01    1.300000E+01    1.300000E+01    1.300000E+01    1.300000E+01    1.300000E+01    1.300000E+01    1.300000E+01    1.299999E+01    1.299999E+01    1.299999E+01    1.299999E+01    1.299999E+01    1.299999E+01    1.299999E+01    1.299999E+01    1.299999E+01    1.299999E+01    1.299999E+01    1.299999E+01    1.299999E+01    1.299999E+01    1.299999E+01    1.299999E+01    1.299998E+01    1.299998E+01    1.299998E+01    1.299998E+01    1.299998E+01    1.299998E+01    1.299998E+01    1.299998E+01    1.299998E+01    1.299998E+01    1.299998E+01    1.299998E+01    1.299998E+01    1.299998E+01    1.299998E+01    1.299998E+01    1.299998E+01    1.299998E+01    1.299998E+01    1.299998E+01    1.299998E+01    1.299998E+01    1.299998E+01    1.299998E+01    1.299998E+01    1.299998E+01    1.299998E+01    1.299997E+01    1.299997E+01    1.299997E+01    1.299997E+01    1.299997E+01    1.299997E+01    1.299998E+01    1.299998E+01    1.299998E+01    1.299998E+01    1.299998E+01    1.299998E+01    1.299998E+01    1.299998E+01    1.299998E+01    1.299998E+01    1.299998E+01    1.299998E+01    1.299998E+01    1.299998E+01    1.299998E+01    1.299998E+01    1.299998E+01    1.299998E+01    1.299998E+01    1.299998E+01    1.299998E+01    1.299998E+01    1.299998E+01    1.299998E+01    1.299998E+01    1.299998E+01    1.299998E+01    1.299999E+01    1.299999E+01    1.299999E+01    1.299999E+01    1.300000E+01    1.300002E+01    1.300004E+01    1.000000E+30    1.000000E+30    1.000000E+30    1.000000E+30    1.000000E+30    1.000000E+30    1.000000E+30    1.000000E+30    1.000000E+30    1.000000E+30    1.000000E+30    1.000000E+30    1.000000E+30    1.000000E+30    1.000000E+30    1.000000E+30    1.000000E+30    1.000000E+30    1.000000E+30    1.000000E+30    1.300033E+01    1.300032E+01    1.300029E+01    1.300012E+01    1.300009E+01    1.300007E+01    1.300004E+01    1.300003E+01    1.300002E+01    1.300002E+01    1.300001E+01    1.300001E+01    1.300000E+01    1.300000E+01    1.300000E+01    1.299999E+01    1.299999E+01    1.299999E+01    1.299998E+01    1.299997E+01    1.299994E+01    1.299982E+01    1.000000E+30
   1.000000E+30    1.000000E+30    1.000000E+30    1.000000E+30    1.000000E+30    1.000000E+30    1.000000E+30    1.000000E+30    1.000000E+30    1.000000E+30    1.000000E+30    1.000000E+30    1.300017E+01    1.300006E+01    1.300003E+01    1.300001E+01    1.300001E+01    1.300000E+01    1.300000E+01    1.300000E+01    1.300000E+01    1.300000E+01    1.300000E+01    1.300000E+01    1.300000E+01    1.299999E+01    1.299999E+01    1.299999E+01    1.299999E+01    1.299999E+01    1.299999E+01    1.299999E+01    1.299999E+01    1.299999E+01    1.299999E+01    1.299999E+01    1.299999E+01    1.299999E+01    1.299999E+01    1.299999E+01    1.299999E+01    1.299998E+01    1.299998E+01    1.299998E+01    1.299998E+01    1.299998E+01    1.299998E+01    1.299998E+01    1.299998E+01    1.299998E+01    1.299998E+01    1.299998E+01    1.299998E+01    1.299998E+01    1.299998E+01    1.299998E+01    1.299998E+01    1.299998E+01    1.299998E+01    1.299998E+01    1.299998E+01    1.299998E+01    1.299998E+01    1.299998E+01    1.299998E+01    1.299998E+01    1.299998E+01    1.299998E+01    1.299998E+01    1.299997E+01    1.299997E+01    1.299997E+01    1.299997E+01    1.299997E+01    1.299997E+01    1.299998E+01    1.299998E+01    1.299998E+01    1.299998E+01    1.299998E+01    1.299998E+01    1.299998E+01    1.299998E+01    1.299998E+01    1.299998E+01    1.299998E+01    1.299998E+01    1.299998E+01    1.299998E+01    1.299998E+01    1.299998E+01    1.299998E+01    1.299998E+01    1.299998E+01    1.299998E+01    1.299998E+01    1.299998E+01    1.299998E+01    1.299998E+01    1.299998E+01    1.299999E+01    1.299999E+01    1.299999E+01    1.299999E+01    1.300000E+01    1.300002E+01    1.300008E+01    1.300025E+01    1.000000E+30    1.000000E+30    1.000000E+30    1.000000E+30    1.000000E+30    1.000000E+30    1.000000E+30    1.000000E+30    1.000000E+30    1.000000E+30    1.000000E+30    1.000000E+30    1.000000E+30    1.000000E+30    1.000000E+30    1.000000E+30    1.000000E+30    1.000000E+30    1.000000E+30    1.000000E+30    1.000000E+30    1.000000E+30    1.000000E+30    1.300033E+01    1.300032E+01    1.300029E+01    1.300012E+01    1.300009E+01    1.300007E+01    1.300004E+01    1.300003E+01    1.300003E+01    1.300002E+01    1.300001E+01    1.300001E+01    1.300000E+01    1.300000E+01    1.299999E+01    1.299998E+01    1.299997E+01    1.299994E+01    1.299982E+01    1.000000E+30
   1.000000E+30    1.000000E+30    1.000000E+30    1.000000E+30    1.000000E+30    1.000000E+30    1.000000E+30    1.000000E+30    1.000000E+30    1.000000E+30    1.000000E+30    1.000000E+30    1.300015E+01    1.300004E+01    1.300002E+01    1.300001E+01    1.300001E+01    1.300000E+01    1.300000E+01    1.300000E+01    1.300000E+01    1.300000E+01    1.300000E+01    1.300000E+01    1.300000E+01    1.299999E+01    1.299999E+01    1.299999E+01    1.299999E+01    1.299999E+01    1.299999E+01    1.299999E+01    1.299999E+01    1.299999E+01    1.299999E+01    1.299999E+01    1.299999E+01    1.299999E+01    1.299999E+01    1.299999E+01    1.299999E+01    1.299998E+01    1.299998E+01    1.299998E+01    1.299998E+01    1.299998E+01    1.299998E+01    1.299998E+01    1.299998E+01    1.299998E+01    1.299998E+01    1.299998E+01    1.299998E+01    1.299998E+01    1.299998E+01    1.299998E+01    1.299998E+01    1.299998E+01    1.299998E+01    1.299998E+01    1.299998E+01    1.299998E+01    1.299998E+01    1.299998E+01    1.299998E+01    1.299998E+01    1.299998E+01    1.299998E+01    1.299998E+01    1.299997E+01    1.299997E+01    1.299997E+01    1.299997E+01    1.299997E+01    1.299997E+01    1.299998E+01    1.299998E+01    1.299998E+01    1.299998E+01    1.299998E+01    1.299998E+01    1.299998E+01    1.299998E+01    1.299998E+01    1.299998E+01    1.299998E+01    1.299998E+01    1.299998E+01    1.299998E+01    1.299998E+01    1.299998E+01    1.299998E+01    1.299998E+01    1.299998E+01    1.299998E+01    1.299998E+01    1.299998E+01    1.299998E+01    1.299998E+01    1.299999E+01    1.299999E+01    1.299999E+01    1.299999E+01    1.300000E+01    1.300002E+01    1.300006E+01    1.300028E+01    1.000000E+30    1.000000E+30    1.000000E+30    1.000000E+30    1.000000E+30    1.000000E+30    1.000000E+30    1.000000E+30    1.000000E+30    1.000000E+30    1.000000E+30    1.000000E+30    1.000000E+30    1.000000E+30    1.000000E+30    1.000000E+30    1.000000E+30    1.000000E+30    1.000000E+30    1.000000E+30    1.000000E+30    1.000000E+30    1.000000E+30    1.000000E+30    1.000000E+30    1.000000E+30    1.000000E+30    1.300033E+01    1.300032E+01    1.300029E+01    1.300011E+01    1.300009E+01    1.300008E+01    1.300006E+01    1.300004E+01    1.300003E+01    1.300001E+01    1.300001E+01    1.300000E+01    1.299999E+01    1.299998E+01    1.299995E+01    1.299983E+01    1.000000E+30
   1.000000E+30    1.000000E+30    1.000000E+30    1.000000E+30    1.000000E+30    1.000000E+30    1.000000E+30    1.000000E+30    1.000000E+30    1.000000E+30    1.000000E+30    1.300017E+01    1.300006E+01    1.300003E+01    1.300001E+01    1.300001E+01    1.300000E+01    1.300000E+01    1.300000E+01    1.300000E+01    1.300000E+01    1.300000E+01    1.300000E+01    1.300000E+01    1.299999E+01    1.299999E+01    1.299999E+01    1.299999E+01    1.299999E+01    1.299999E+01    1.299999E+01    1.299999E+01    1.299999E+01    1.299999E+01    1.299999E+01    1.299999E+01    1.299999E+01    1.299999E+01    1.299999E+01    1.299999E+01    1.299999E+01    1.299998E+01    1.299998E+01    1.299998E+01    1.299998E+01    1.299998E+01    1.299998E+01    1.299998E+01    1.299998E+01    1.299998E+01    1.299998E+01    1.299998E+01    1.299998E+01    1.299998E+01    1.299998E+01    1.299998E+01    1.299998E+01    1.299998E+01    1.299998E+01    1.299998E+01    1.299998E+01    1.299998E+01    1.299998E+01    1.299998E+01    1.299998E+01    1.299998E+01    1.299998E+01    1.299998E+01    1.299998E+01    1.299998E+01    1.299997E+01    1.299997E+01    1.299997E+01    1.299997E+01    1.299997E+01    1.299997E+01    1.299998E+01    1.299998E+01    1.299998E+01    1.299998E+01    1.299998E+01    1.299998E+01    1.299998E+01    1.299998E+01    1.299998E+01    1.299998E+01    1.299998E+01    1.299998E+01    1.299998E+01    1.299998E+01    1.299998E+01    1.299998E+01    1.299998E+01    1.299998E+01    1.299998E+01    1.299998E+01    1.299998E+01    1.299998E+01    1.299999E+01    1.299999E+01    1.299999E+01    1.299999E+01    1.300000E+01    1.300001E+01    1.300003E+01    1.300010E+01    1.300031E+01    1.000000E+30    1.000000E+30    1.000000E+30    1.000000E+30    1.000000E+30    1.000000E+30    1.000000E+30    1.000000E+30    1.000000E+30    1.000000E+30    1.000000E+30    1.000000E+30    1.000000E+30    1.000000E+30    1.000000E+30    1.000000E+30    1.000000E+30    1.000000E+30    1.000000E+30    1.000000E+30    1.000000E+30    1.000000E+30    1.000000E+30    1.000000E+30    1.000000E+30    1.000000E+30    1.000000E+30    1.000000E+30    1.000000E+30    1.000000E+30    1.300032E+01    1.300032E+01    1.300030E+01    1.300016E+01    1.300012E+01    1.300007E+01    1.300004E+01    1.300003E+01    1.300001E+01    1.300000E+01    1.299999E+01    1.299996E+01    1.299984E+01    1.000000E+30
   1.000000E+30    1.000000E+30    1.000000E+30    1.000000E+30    1.000000E+30    1.000000E+30    1.000000E+30    1.000000E+30    1.000000E+30    1.000000E+30    1.000000E+30    1.300015E+01    1.300005E+01    1.300002E+01    1.300001E+01    1.300001E+01    1.300000E+01    1.300000E+01    1.300000E+01    1.300000E+01    1.300000E+01    1.300000E+01    1.300000E+01    1.300000E+01    1.299999E+01    1.299999E+01    1.299999E+01    1.299999E+01    1.299999E+01    1.299999E+01    1.299999E+01    1.299999E+01    1.299999E+01    1.299999E+01    1.299999E+01    1.299999E+01    1.299999E+01    1.299999E+01    1.299999E+01    1.299999E+01    1.299999E+01    1.299998E+01    1.299998E+01    1.299998E+01    1.299998E+01    1.299998E+01    1.299998E+01    1.299998E+01    1.299998E+01    1.299998E+01    1.299998E+01    1.299998E+01    1.299998E+01    1.299998E+01    1.299998E+01    1.299998E+01    1.299998E+01    1.299998E+01    1.299998E+01    1.299998E+01    1.299998E+01    1.299998E+01    1.299998E+01    1.299998E+01    1.299998E+01    1.299998E+01    1.299998E+01    1.299998E+01    1.299998E+01    1.299998E+01    1.299998E+01    1.299997E+01    1.299997E+01    1.299997E+01    1.299997E+01    1.299997E+01    1.299997E+01    1.299998E+01    1.299998E+01    1.299998E+01    1.299998E+01    1.299998E+01    1.299998E+01    1.299998E+01    1.299998E+01    1.299998E+01    1.299998E+01    1.299998E+01    1.299998E+01    1.299998E+01    1.299998E+01    1.299998E+01    1.299998E+01    1.299998E+01    1.299998E+01    1.299998E+01    1.299998E+01    1.299999E+01    1.299999E+01    1.299999E+01    1.299999E+01    1.300000E+01    1.300000E+01    1.300002E+01    1.300006E+01    1.300028E+01    1.000000E+30    1.000000E+30    1.000000E+30    1.000000E+30    1.000000E+30    1.000000E+30    1.000000E+30    1.000000E+30    1.000000E+30    1.000000E+30    1.000000E+30    1.000000E+30    1.000000E+30    1.000000E+30    1.000000E+30    1.000000E+30    1.000000E+30    1.000000E+30    1.000000E+30    1.000000E+30    1.000000E+30    1.000000E+30    1.000000E+30    1.000000E+30    1.000000E+30    1.000000E+30    1.000000E+30    1.000000E+30    1.000000E+30    1.000000E+30    1.000000E+30    1.000000E+30    1.000000E+30    1.000000E+30    1.300047E+01    1.300041E+01    1.300017E+01    1.300010E+01    1.300008E+01    1.300004E+01    1.300003E+01    1.300001E+01    1.299997E+01    1.299985E+01    1.000000E+30
   1.000000E+30    1.000000E+30    1.000000E+30    1.000000E+30    1.000000E+30    1.000000E+30    1.000000E+30    1.000000E+30    1.000000E+30    1.000000E+30    1.300017E+01    1.300007E+01    1.300003E+01    1.300002E+01    1.300001E+01    1.300001E+01    1.300000E+01    1.300000E+01    1.300000E+01    1.300000E+01    1.300000E+01    1.300000E+01    1.300000E+01    1.300000E+01    1.299999E+01    1.299999E+01    1.299999E+01    1.299999E+01    1.299999E+01    1.299999E+01    1.299999E+01    1.299999E+01    1.299999E+01    1.299999E+01    1.299999E+01    1.299999E+01    1.299999E+01    1.299999E+01    1.299999E+01    1.299999E+01    1.299999E+01    1.299998E+01    1.299998E+01    1.299998E+01    1.299998E+01    1.299998E+01    1.299998E+01    1.299998E+01    1.299998E+01    1.299998E+01    1.299998E+01    1.299998E+01    1.299998E+01    1.299998E+01    1.299998E+01    1.299998E+01    1.299998E+01    1.299998E+01    1.299998E+01    1.299998E+01    1.299998E+01    1.299998E+01    1.299998E+01    1.299998E+01    1.299998E+01    1.299998E+01    1.299998E+01    1.299998E+01    1.299998E+01    1.299998E+01    1.299998E+01    1.299998E+01    1.299998E+01    1.299997E+01    1.299997E+01    1.299997E+01    1.299997E+01    1.299997E+01    1.299998E+01    1.299998E+01    1.299998E+01    1.299998E+01    1.299998E+01    1.299998E+01    1.299998E+01    1.299998E+01    1.299998E+01    1.299998E+01    1.299998E+01    1.299998E+01    1.299998E+01    1.299998E+01    1.299998E+01    1.299998E+01    1.299998E+01    1.299998E+01    1.299999E+01    1.299999E+01    1.299999E+01    1.299999E+01    1.299999E+01    1.300000E+01    1.300001E+01    1.300003E+01    1.300010E+01    1.300031E+01    1.000000E+30    1.000000E+30    1.000000E+30    1.000000E+30    1.000000E+30    1.000000E+30    1.000000E+30    1.000000E+30    1.000000E+30    1.000000E+30    1.000000E+30    1.000000E+30    1.000000E+30    1.000000E+30    1.000000E+30    1.000000E+30    1.000000E+30    1.000000E+30    1.000000E+30    1.000000E+30    1.000000E+30    1.000000E+30    1.000000E+30    1.000000E+30    1.000000E+30    1.000000E+30    1.000000E+30    1.000000E+30    1.000000E+30    1.000000E+30    1.000000E+30    1.000000E+30    1.000000E+30    1.000000E+30    1.000000E+30    1.000000E+30    1.300054E+01    1.300034E+01    1.300029E+01    1.300011E+01    1.300008E+01    1.300006E+01    1.300001E+01    1.299988E+01    1.000000E+30
   1.000000E+30    1.000000E+30    1.000000E+30    1.000000E+30    1.000000E+30    1.000000E+30    1.000000E+30    1.000000E+30    1.000000E+30    1.000000E+30    1.300017E+01    1.300005E+01    1.300002E+01    1.300001E+01    1.300001E+01    1.300000E+01    1.300000E+01    1.300000E+01    1.300000E+01    1.300000E+01    1.300000E+01    1.300000E+01    1.300000E+01    1.300000E+01    1.299999E+01    1.299999E+01    1.299999E+01    1.299999E+01    1.299999E+01    1.299999E+01    1.299999E+01    1.299999E+01    1.299999E+01    1.299999E+01    1.299999E+01    1.299999E+01    1.299999E+01    1.299999E+01    1.299999E+01    1.299999E+01    1.299999E+01    1.299999E+01    1.299998E+01    1.299998E+01    1.299998E+01    1.299998E+01    1.299998E+01    1.299998E+01    1.299998E+01    1.299998E+01    1.299998E+01    1.299998E+01    1.299998E+01    1.299998E+01    1.299998E+01    1.299998E+01    1.299998E+01    1.299998E+01    1.299998E+01    1.299998E+01    1.299998E+01    1.299998E+01    1.299998E+01    1.299998E+01    1.299998E+01    1.299998E+01    1.299998E+01    1.299998E+01    1.299998E+01    1.299998E+01    1.299998E+01    1.299998E+01    1.299998E+01    1.299998E+01    1.299998E+01    1.299997E+01    1.299997E+01    1.299997E+01    1.299997E+01    1.299998E+01    1.299998E+01    1.299998E+01    1.299998E+01    1.299998E+01    1.299998E+01    1.299998E+01    1.299998E+01    1.299998E+01    1.299998E+01    1.299998E+01    1.299998E+01    1.299998E+01    1.299998E+01    1.299998E+01    1.299998E+01    1.299999E+01    1.299999E+01    1.299999E+01    1.299999E+01    1.300000E+01    1.300000E+01    1.300001E+01    1.300002E+01    1.300007E+01    1.300027E+01    1.000000E+30    1.000000E+30    1.000000E+30    1.000000E+30    1.000000E+30    1.000000E+30    1.000000E+30    1.000000E+30    1.000000E+30    1.000000E+30    1.000000E+30    1.000000E+30    1.000000E+30    1.000000E+30    1.000000E+30    1.000000E+30    1.000000E+30    1.000000E+30    1.000000E+30    1.000000E+30    1.000000E+30    1.000000E+30    1.000000E+30    1.000000E+30    1.000000E+30    1.000000E+30    1.000000E+30    1.000000E+30    1.000000E+30    1.000000E+30    1.000000E+30    1.000000E+30    1.000000E+30    1.000000E+30    1.000000E+30    1.000000E+30    1.000000E+30    1.000000E+30    1.000000E+30    1.000000E+30    1.300033E+01    1.300031E+01    1.300028E+01    1.300008E+01    1.299996E+01    1.000000E+30
   1.000000E+30    1.000000E+30    1.000000E+30    1.000000E+30    1.000000E+30    1.000000E+30    1.000000E+30    1.000000E+30    1.000000E+30    1.000000E+30    1.300015E+01    1.300004E+01    1.300002E+01    1.300001E+01    1.300001E+01    1.300000E+01    1.300000E+01    1.300000E+01    1.300000E+01    1.300000E+01    1.300000E+01    1.300000E+01    1.300000E+01    1.300000E+01    1.299999E+01    1.299999E+01    1.299999E+01    1.299999E+01    1.299999E+01    1.299999E+01    1.299999E+01    1.299999E+01    1.299999E+01    1.299999E+01    1.299999E+01    1.299999E+01    1.299999E+01    1.299999E+01    1.299999E+01    1.299999E+01    1.299999E+01    1.299999E+01    1.299998E+01    1.299998E+01    1.299998E+01    1.299998E+01    1.299998E+01    1.299998E+01    1.299998E+01    1.299998E+01    1.299998E+01    1.299998E+01    1.299998E+01    1.299998E+01    1.299998E+01    1.299998E+01    1.299998E+01    1.299998E+01    1.299998E+01    1.299998E+01    1.299998E+01    1.299998E+01    1.299998E+01    1.299998E+01    1.299998E+01    1.299998E+01    1.299998E+01    1.299998E+01    1.299998E+01    1.299998E+01    1.299998E+01    1.299998E+01    1.299998E+01    1.299998E+01    1.299998E+01    1.299998E+01    1.299998E+01    1.299997E+01    1.299998E+01    1.299998E+01    1.299998E+01    1.299998E+01    1.299998E+01    1.299998E+01    1.299998E+01    1.299998E+01    1.299998E+01    1.299998E+01    1.299998E+01    1.299998E+01    1.299998E+01    1.299998E+01    1.299998E+01    1.299999E+01    1.299999E+01    1.299999E+01    1.299999E+01    1.299999E+01    1.300000E+01    1.300001E+01    1.300002E+01    1.300003E+01    1.300005E+01    1.300011E+01    1.300029E+01    1.000000E+30    1.000000E+30    1.000000E+30    1.000000E+30    1.000000E+30    1.000000E+30    1.000000E+30    1.000000E+30    1.000000E+30    1.000000E+30    1.000000E+30    1.000000E+30    1.000000E+30    1.000000E+30    1.000000E+30    1.000000E+30    1.000000E+30    1.000000E+30    1.000000E+30    1.000000E+30    1.000000E+30    1.000000E+30    1.000000E+30    1.000000E+30    1.000000E+30    1.000000E+30    1.000000E+30    1.000000E+30    1.000000E+30    1.000000E+30    1.000000E+30    1.000000E+30    1.000000E+30    1.000000E+30    1.000000E+30    1.000000E+30    1.000000E+30    1.000000E+30    1.000000E+30    1.000000E+30    1.000000E+30    1.000000E+30    1.000000E+30    1.300031E+01    1.300029E+01    1.000000E+30
   1.000000E+30    1.000000E+30    1.000000E+30    1.000000E+30    1.000000E+30    1.000000E+30    1.000000E+30    1.000000E+30    1.000000E+30    1.300017E+01    1.300006E+01    1.300003E+01    1.300002E+01    1.300001E+01    1.300001E+01    1.300000E+01    1.300000E+01    1.300000E+01    1.300000E+01    1.300000E+01    1.300000E+01    1.300000E+01    1.300000E+01    1.300000E+01    1.299999E+01    1.299999E+01    1.299999E+01    1.299999E+01    1.299999E+01    1.299999E+01    1.299999E+01    1.299999E+01    1.299999E+01    1.299999E+01    1.299999E+01    1.299999E+01    1.299999E+01    1.299999E+01    1.299999E+01    1.299999E+01    1.299999E+01    1.299999E+01    1.299999E+01    1.299998E+01    1.299998E+01    1.299998E+01    1.299998E+01    1.299998E+01    1.299998E+01    1.299998E+01    1.299998E+01    1.299998E+01    1.299998E+01    1.299998E+01    1.299998E+01    1.299998E+01    1.299998E+01    1.299998E+01    1.299998E+01    1.299998E+01    1.299998E+01    1.299998E+01    1.299998E+01    1.299998E+01    1.299998E+01    1.299998E+01    1.299998E+01    1.299998E+01    1.299998E+01    1.299998E+01    1.299998E+01    1.299998E+01    1.299998E+01    1.299998E+01    1.299998E+01    1.299998E+01    1.299998E+01    1.299998E+01    1.299998E+01    1.299998E+01    1.299998E+01    1.299998E+01    1.299998E+01    1.299998E+01    1.299998E+01    1.299998E+01    1.299998E+01    1.299998E+01    1.299998E+01    1.299998E+01    1.299998E+01    1.299998E+01    1.299999E+01    1.299999E+01    1.299999E+01    1.299999E+01    1.300000E+01    1.300000E+01    1.300001E+01    1.300003E+01    1.300005E+01    1.300007E+01    1.300011E+01    1.300032E+01    1.000000E+30    1.000000E+30    1.000000E+30    1.000000E+30    1.000000E+30    1.000000E+30    1.000000E+30    1.000000E+30    1.000000E+30    1.000000E+30    1.000000E+30    1.000000E+30    1.000000E+30    1.000000E+30    1.000000E+30    1.000000E+30    1.000000E+30    1.000000E+30    1.000000E+30    1.000000E+30    1.000000E+30    1.000000E+30    1.000000E+30    1.000000E+30    1.000000E+30    1.000000E+30    1.000000E+30    1.000000E+30    1.000000E+30    1.000000E+30    1.000000E+30    1.000000E+30    1.000000E+30    1.000000E+30    1.000000E+30    1.000000E+30    1.000000E+30    1.000000E+30    1.000000E+30    1.000000E+30    1.000000E+30    1.000000E+30    1.000000E+30    1.000000E+30    1.000000E+30    1.000000E+30    1.000000E+30
   1.000000E+30    1.000000E+30    1.000000E+30    1.000000E+30    1.000000E+30    1.000000E+30    1.000000E+30    1.000000E+30    1.000000E+30    1.300015E+01    1.300005E+01    1.300002E+01    1.300001E+01    1.300001E+01    1.300000E+01    1.300000E+01    1.300000E+01    1.300000E+01    1.300000E+01    1.300000E+01    1.300000E+01    1.300000E+01    1.300000E+01    1.299999E+01    1.299999E+01    1.299999E+01    1.299999E+01    1.299999E+01    1.299999E+01    1.299999E+01    1.299999E+01    1.299999E+01    1.299999E+01    1.299999E+01    1.299999E+01    1.299999E+01    1.299999E+01    1.299999E+01    1.299999E+01    1.299999E+01    1.299999E+01    1.299999E+01    1.299999E+01    1.299998E+01    1.299998E+01    1.299998E+01    1.299998E+01    1.299998E+01    1.299998E+01    1.299998E+01    1.299998E+01    1.299998E+01    1.299998E+01    1.299998E+01    1.299998E+01    1.299998E+01    1.299998E+01    1.299998E+01    1.299998E+01    1.299998E+01    1.299998E+01    1.299998E+01    1.299998E+01    1.299998E+01    1.299998E+01    1.299998E+01    1.299998E+01    1.299998E+01    1.299998E+01    1.299998E+01    1.299998E+01    1.299998E+01    1.299998E+01    1.299998E+01    1.299998E+01    1.299998E+01    1.299998E+01    1.299998E+01    1.299998E+01    1.299998E+01    1.299998E+01    1.299998E+01    1.299998E+01    1.299998E+01    1.299998E+01    1.299998E+01    1.299998E+01    1.299998E+01    1.299998E+01    1.299998E+01    1.299998E+01    1.299999E+01    1.299999E+01    1.299999E+01    1.300000E+01    1.300000E+01    1.300001E+01    1.300003E+01    1.300005E+01    1.300009E+01    1.300013E+01    1.300016E+01    1.300024E+01    1.300046E+01    1.000000E+30    1.000000E+30    1.000000E+30    1.000000E+30    1.000000E+30    1.000000E+30    1.000000E+30    1.000000E+30    1.000000E+30    1.000000E+30    1.000000E+30    1.000000E+30    1.000000E+30    1.000000E+30    1.000000E+30    1.000000E+30    1.000000E+30    1.000000E+30    1.000000E+30    1.000000E+30    1.000000E+30    1.000000E+30    1.000000E+30    1.000000E+30    1.000000E+30    1.000000E+30    1.000000E+30    1.000000E+30    1.000000E+30    1.000000E+30    1.000000E+30    1.000000E+30    1.000000E+30    1.000000E+30    1.000000E+30    1.000000E+30    1.000000E+30    1.000000E+30    1.000000E+30    1.000000E+30    1.000000E+30    1.000000E+30    1.000000E+30    1.000000E+30    1.000000E+30    1.000000E+30    1.000000E+30
   1.000000E+30    1.000000E+30    1.000000E+30    1.000000E+30    1.000000E+30    1.000000E+30    1.000000E+30    1.000000E+30    1.300017E+01    1.300006E+01    1.300003E+01    1.300002E+01    1.300001E+01    1.300001E+01    1.300000E+01    1.300000E+01    1.300000E+01    1.300000E+01    1.300000E+01    1.300000E+01    1.300000E+01    1.300000E+01    1.300000E+01    1.299999E+01    1.299999E+01    1.299999E+01    1.299999E+01    1.299999E+01    1.299999E+01    1.299999E+01    1.299999E+01    1.299999E+01    1.299999E+01    1.299999E+01    1.299999E+01    1.299999E+01    1.299999E+01    1.299999E+01    1.299999E+01    1.299999E+01    1.299999E+01    1.299999E+01    1.299999E+01    1.299998E+01    1.299998E+01    1.299998E+01    1.299998E+01    1.299998E+01    1.299998E+01    1.299998E+01    1.299998E+01    1.299998E+01    1.299998E+01    1.299998E+01    1.299998E+01    1.299998E+01    1.299998E+01    1.299998E+01    1.299998E+01    1.299998E+01    1.299998E+01    1.299998E+01    1.299998E+01    1.299998E+01    1.299998E+01    1.299998E+01    1.299998E+01    1.299998E+01    1.299998E+01    1.299998E+01    1.299998E+01    1.299998E+01    1.299998E+01    1.299998E+01    1.299998E+01    1.299998E+01    1.299998E+01    1.299998E+01    1.299998E+01    1.299998E+01    1.299998E+01    1.299998E+01    1.299998E+01    1.299998E+01    1.299998E+01    1.299998E+01    1.299998E+01    1.299998E+01    1.299998E+01    1.299998E+01    1.299999E+01    1.299999E+01    1.299999E+01    1.300000E+01    1.300001E+01    1.300002E+01    1.300005E+01    1.300008E+01    1.300013E+01    1.300025E+01    1.300035E+01    1.300047E+01    1.300071E+01    1.000000E+30    1.000000E+30    1.000000E+30    1.000000E+30    1.000000E+30    1.000000E+30    1.000000E+30    1.000000E+30    1.000000E+30    1.000000E+30    1.000000E+30    1.000000E+30    1.000000E+30    1.000000E+30    1.000000E+30    1.000000E+30    1.000000E+30    1.000000E+30    1.000000E+30    1.000000E+30    1.000000E+30    1.000000E+30    1.000000E+30    1.000000E+30    1.000000E+30    1.000000E+30    1.000000E+30    1.000000E+30    1.000000E+30    1.000000E+30    1.000000E+30    1.000000E+30    1.000000E+30    1.000000E+30    1.000000E+30    1.000000E+30    1.000000E+30    1.000000E+30    1.000000E+30    1.000000E+30    1.000000E+30    1.000000E+30    1.000000E+30    1.000000E+30    1.000000E+30    1.000000E+30    1.000000E+30    1.000000E+30
   1.000000E+30    1.000000E+30    1.000000E+30    1.000000E+30    1.000000E+30    1.000000E+30    1.000000E+30    1.000000E+30    1.300015E+01    1.300005E+01    1.300002E+01    1.300001E+01    1.300001E+01    1.300001E+01    1.300000E+01    1.300000E+01    1.300000E+01    1.300000E+01    1.300000E+01    1.300000E+01    1.300000E+01    1.300000E+01    1.300000E+01    1.299999E+01    1.299999E+01    1.299999E+01    1.299999E+01    1.299999E+01    1.299999E+01    1.299999E+01    1.299999E+01    1.299999E+01    1.299999E+01    1.299999E+01    1.299999E+01    1.299999E+01    1.299999E+01    1.299999E+01    1.299999E+01    1.299999E+01    1.299999E+01    1.299999E+01    1.299999E+01    1.299998E+01    1.299998E+01    1.299998E+01    1.299998E+01    1.299998E+01    1.299998E+01    1.299998E+01    1.299998E+01    1.299998E+01    1.299998E+01    1.299998E+01    1.299998E+01    1.299998E+01    1.299998E+01    1.299998E+01    1.299998E+01    1.299998E+01    1.299998E+01    1.299998E+01    1.299998E+01    1.299998E+01    1.299998E+01    1.299998E+01    1.299998E+01    1.299998E+01    1.299998E+01    1.299998E+01    1.299998E+01    1.299998E+01    1.299998E+01    1.299998E+01    1.299998E+01    1.299998E+01    1.299998E+01    1.299998E+01    1.299998E+01    1.299998E+01    1.299998E+01    1.299998E+01    1.299998E+01    1.299998E+01    1.299998E+01    1.299998E+01    1.299998E+01    1.299998E+01    1.299998E+01    1.299999E+01    1.299999E+01    1.299999E+01    1.300000E+01    1.300001E+01    1.300004E+01    1.300007E+01    1.300015E+01    1.300022E+01    1.300033E+01    1.300047E+01    1.300065E+01    1.300087E+01    1.300103E+01    1.000000E+30    1.000000E+30    1.000000E+30    1.000000E+30    1.000000E+30    1.000000E+30    1.000000E+30    1.000000E+30    1.000000E+30    1.000000E+30    1.000000E+30    1.000000E+30    1.000000E+30    1.000000E+30    1.000000E+30    1.000000E+30    1.000000E+30    1.000000E+30    1.000000E+30    1.000000E+30    1.000000E+30    1.000000E+30    1.000000E+30    1.000000E+30    1.000000E+30    1.000000E+30    1.000000E+30    1.000000E+30    1.000000E+30    1.000000E+30    1.000000E+30    1.000000E+30    1.000000E+30    1.000000E+30    1.000000E+30    1.000000E+30    1.000000E+30    1.000000E+30    1.000000E+30    1.000000E+30    1.000000E+30    1.000000E+30    1.000000E+30    1.000000E+30    1.000000E+30    1.000000E+30    1.000000E+30    1.000000E+30
   1.000000E+30    1.000000E+30    1.000000E+30    1.000000E+30    1.000000E+30    1.000000E+30    1.000000E+30    1.300017E+01    1.300007E+01    1.300003E+01    1.300002E+01    1.300001E+01    1.300001E+01    1.300001E+01    1.300000E+01    1.300000E+01    1.300000E+01    1.300000E+01    1.300000E+01    1.300000E+01    1.300000E+01    1.300000E+01    1.300000E+01    1.299999E+01    1.299999E+01    1.299999E+01    1.299999E+01    1.299999E+01    1.299999E+01    1.299999E+01    1.299999E+01    1.299999E+01    1.299999E+01    1.299999E+01    1.299999E+01    1.299999E+01    1.299999E+01    1.299999E+01    1.299999E+01    1.299999E+01    1.299999E+01    1.299999E+01    1.299999E+01    1.299999E+01    1.299998E+01    1.299998E+01    1.299998E+01    1.299998E+01    1.299998E+01    1.299998E+01    1.299998E+01    1.299998E+01    1.299998E+01    1.299998E+01    1.299998E+01    1.299998E+01    1.299998E+01    1.299998E+01    1.299998E+01    1.299998E+01    1.299998E+01    1.299998E+01    1.299998E+01    1.299998E+01    1.299998E+01    1.299998E+01    1.299998E+01    1.299998E+01    1.299998E+01    1.299998E+01    1.299998E+01    1.299998E+01    1.299998E+01    1.299998E+01    1.299998E+01    1.299998E+01    1.299998E+01    1.299998E+01    1.299998E+01    1.299998E+01    1.299998E+01    1.299998E+01    1.299998E+01    1.299998E+01    1.299998E+01    1.299998E+01    1.299998E+01    1.299999E+01    1.299999E+01    1.299999E+01    1.300000E+01    1.300000E+01    1.300002E+01    1.300005E+01    1.300011E+01    1.300018E+01    1.300027E+01    1.300039E+01    1.300056E+01    1.300081E+01    1.300122E+01    1.300204E+01    1.000000E+30    1.000000E+30    1.000000E+30    1.000000E+30    1.000000E+30    1.000000E+30    1.000000E+30    1.000000E+30    1.000000E+30    1.000000E+30    1.000000E+30    1.000000E+30    1.000000E+30    1.000000E+30    1.000000E+30    1.000000E+30    1.000000E+30    1.000000E+30    1.000000E+30    1.000000E+30    1.000000E+30    1.000000E+30    1.000000E+30    1.000000E+30    1.000000E+30    1.000000E+30    1.000000E+30    1.000000E+30    1.000000E+30    1.000000E+30    1.000000E+30    1.000000E+30    1.000000E+30    1.000000E+30    1.000000E+30    1.000000E+30    1.000000E+30    1.000000E+30    1.000000E+30    1.000000E+30    1.000000E+30    1.000000E+30    1.000000E+30    1.000000E+30    1.000000E+30    1.000000E+30    1.000000E+30    1.000000E+30    1.000000E+30
   1.000000E+30    1.000000E+30    1.000000E+30    1.000000E+30    1.000000E+30    1.000000E+30    1.000000E+30    1.300016E+01    1.300005E+01    1.300002E+01    1.300001E+01    1.300001E+01    1.300001E+01    1.300000E+01    1.300000E+01    1.300000E+01    1.300000E+01    1.300000E+01    1.300000E+01    1.300000E+01    1.300000E+01    1.300000E+01    1.300000E+01    1.300000E+01    1.299999E+01    1.299999E+01    1.299999E+01    1.299999E+01    1.299999E+01    1.299999E+01    1.299999E+01    1.299999E+01    1.299999E+01    1.299999E+01    1.299999E+01    1.299999E+01    1.299999E+01    1.299999E+01    1.299999E+01    1.299999E+01    1.299999E+01    1.299999E+01    1.299999E+01    1.299999E+01    1.299998E+01    1.299998E+01    1.299998E+01    1.299998E+01    1.299998E+01    1.299998E+01    1.299998E+01    1.299998E+01    1.299998E+01    1.299998E+01    1.299998E+01    1.299998E+01    1.299998E+01    1.299998E+01    1.299998E+01    1.299998E+01    1.299998E+01    1.299998E+01    1.299998E+01    1.299998E+01    1.299998E+01    1.299998E+01    1.299998E+01    1.299998E+01    1.299998E+01    1.299998E+01    1.299998E+01    1.299998E+01    1.299998E+01    1.299998E+01    1.299998E+01    1.299998E+01    1.299998E+01    1.299998E+01    1.299998E+01    1.299998E+01    1.299998E+01    1.299998E+01    1.299998E+01    1.299998E+01    1.299998E+01    1.299999E+01    1.299999E+01    1.299999E+01    1.299999E+01    1.300000E+01    1.300001E+01    1.300003E+01    1.300006E+01    1.300013E+01    1.300021E+01    1.300030E+01    1.300043E+01    1.300063E+01    1.300096E+01    1.300205E+01    1.300333E+01    1.300494E+01    1.000000E+30    1.000000E+30    1.000000E+30    1.000000E+30    1.000000E+30    1.000000E+30    1.000000E+30    1.000000E+30    1.000000E+30    1.000000E+30    1.000000E+30    1.000000E+30    1.000000E+30    1.000000E+30    1.000000E+30    1.000000E+30    1.000000E+30    1.000000E+30    1.000000E+30    1.000000E+30    1.000000E+30    1.000000E+30    1.000000E+30    1.000000E+30    1.000000E+30    1.000000E+30    1.000000E+30    1.000000E+30    1.000000E+30    1.000000E+30    1.000000E+30    1.000000E+30    1.000000E+30    1.000000E+30    1.000000E+30    1.000000E+30    1.000000E+30    1.000000E+30    1.000000E+30    1.000000E+30    1.000000E+30    1.000000E+30    1.000000E+30    1.000000E+30    1.000000E+30    1.000000E+30    1.000000E+30    1.000000E+30    1.000000E+30
   1.000000E+30    1.000000E+30    1.000000E+30    1.000000E+30    1.000000E+30    1.000000E+30    1.300017E+01    1.300007E+01    1.300003E+01    1.300002E+01    1.300001E+01    1.300001E+01    1.300001E+01    1.300000E+01    1.300000E+01    1.300000E+01    1.300000E+01    1.300000E+01    1.300000E+01    1.300000E+01    1.300000E+01    1.300000E+01    1.300000E+01    1.300000E+01    1.299999E+01    1.299999E+01    1.299999E+01    1.299999E+01    1.299999E+01    1.299999E+01    1.299999E+01    1.299999E+01    1.299999E+01    1.299999E+01    1.299999E+01    1.299999E+01    1.299999E+01    1.299999E+01    1.299999E+01    1.299999E+01    1.299999E+01    1.299999E+01    1.299999E+01    1.299999E+01    1.299998E+01    1.299998E+01    1.299998E+01    1.299998E+01    1.299998E+01    1.299998E+01    1.299998E+01    1.299998E+01    1.299998E+01    1.299998E+01    1.299998E+01    1.299998E+01    1.299998E+01    1.299998E+01    1.299998E+01    1.299998E+01    1.299998E+01    1.299998E+01    1.299998E+01    1.299998E+01    1.299998E+01    1.299998E+01    1.299998E+01    1.299998E+01    1.299998E+01    1.299998E+01    1.299998E+01    1.299998E+01    1.299998E+01    1.299998E+01    1.299998E+01    1.299998E+01    1.299998E+01    1.299998E+01    1.299998E+01    1.299998E+01    1.299998E+01    1.299998E+01    1.299998E+01    1.299998E+01    1.299999E+01    1.299999E+01    1.300000E+01    1.300000E+01    1.300001E+01    1.300003E+01    1.300005E+01    1.300008E+01    1.300015E+01    1.300023E+01    1.300032E+01    1.300044E+01    1.300064E+01    1.300109E+01    1.300218E+01    1.300359E+01    1.300524E+01    1.300660E+01    1.000000E+30    1.000000E+30    1.000000E+30    1.000000E+30    1.000000E+30    1.000000E+30    1.000000E+30    1.000000E+30    1.000000E+30    1.000000E+30    1.000000E+30    1.000000E+30    1.000000E+30    1.000000E+30    1.000000E+30    1.000000E+30    1.000000E+30    1.000000E+30    1.000000E+30    1.000000E+30    1.000000E+30    1.000000E+30    1.000000E+30    1.000000E+30    1.000000E+30    1.000000E+30    1.000000E+30    1.000000E+30    1.000000E+30    1.000000E+30    1.000000E+30    1.000000E+30    1.000000E+30    1.000000E+30    1.000000E+30    1.000000E+30    1.000000E+30    1.000000E+30    1.000000E+30    1.000000E+30    1.000000E+30    1.000000E+30    1.000000E+30    1.000000E+30    1.000000E+30    1.000000E+30    1.000000E+30    1.000000E+30    1.000000E+30
   1.000000E+30    1.000000E+30    1.000000E+30    1.000000E+30    1.000000E+30    1.000000E+30    1.300016E+01    1.300005E+01    1.300002E+01    1.300001E+01    1.300001E+01    1.300001E+01    1.300001E+01    1.300000E+01    1.300000E+01    1.300000E+01    1.300000E+01    1.300000E+01    1.300000E+01    1.300000E+01    1.300000E+01    1.300000E+01    1.300000E+01    1.300000E+01    1.299999E+01    1.299999E+01    1.299999E+01    1.299999E+01    1.299999E+01    1.299999E+01    1.299999E+01    1.299999E+01    1.299999E+01    1.299999E+01    1.299999E+01    1.299999E+01    1.299999E+01    1.299999E+01    1.299999E+01    1.299999E+01    1.299999E+01    1.299999E+01    1.299999E+01    1.299999E+01    1.299999E+01    1.299998E+01    1.299998E+01    1.299998E+01    1.299998E+01    1.299998E+01    1.299998E+01    1.299998E+01    1.299998E+01    1.299998E+01    1.299998E+01    1.299998E+01    1.299998E+01    1.299998E+01    1.299998E+01    1.299998E+01    1.299998E+01    1.299998E+01    1.299998E+01    1.299998E+01    1.299998E+01    1.299998E+01    1.299998E+01    1.299998E+01    1.299998E+01    1.299998E+01    1.299998E+01    1.299998E+01    1.299998E+01    1.299998E+01    1.299998E+01    1.299998E+01    1.299998E+01    1.299998E+01    1.299998E+01    1.299998E+01    1.299998E+01    1.299997E+01    1.299998E+01    1.299998E+01    1.299999E+01    1.300000E+01    1.300002E+01    1.300004E+01    1.300007E+01    1.300010E+01    1.300014E+01    1.300019E+01    1.300026E+01    1.300035E+01    1.300047E+01    1.300064E+01    1.300129E+01    1.300216E+01    1.300346E+01    1.300525E+01    1.300745E+01    1.000000E+30    1.000000E+30    1.000000E+30    1.000000E+30    1.000000E+30    1.000000E+30    1.000000E+30    1.000000E+30    1.000000E+30    1.000000E+30    1.000000E+30    1.000000E+30    1.000000E+30    1.000000E+30    1.000000E+30    1.000000E+30    1.000000E+30    1.000000E+30    1.000000E+30    1.000000E+30    1.000000E+30    1.000000E+30    1.000000E+30    1.000000E+30    1.000000E+30    1.000000E+30    1.000000E+30    1.000000E+30    1.000000E+30    1.000000E+30    1.000000E+30    1.000000E+30    1.000000E+30    1.000000E+30    1.000000E+30    1.000000E+30    1.000000E+30    1.000000E+30    1.000000E+30    1.000000E+30    1.000000E+30    1.000000E+30    1.000000E+30    1.000000E+30    1.000000E+30    1.000000E+30    1.000000E+30    1.000000E+30    1.000000E+30    1.000000E+30
   1.000000E+30    1.000000E+30    1.000000E+30    1.000000E+30    1.000000E+30    1.300018E+01    1.300007E+01    1.300003E+01    1.300002E+01    1.300001E+01    1.300001E+01    1.300001E+01    1.300001E+01    1.300000E+01    1.300000E+01    1.300000E+01    1.300000E+01    1.300000E+01    1.300000E+01    1.300000E+01    1.300000E+01    1.300000E+01    1.300000E+01    1.300000E+01    1.299999E+01    1.299999E+01    1.299999E+01    1.299999E+01    1.299999E+01    1.299999E+01    1.299999E+01    1.299999E+01    1.299999E+01    1.299999E+01    1.299999E+01    1.299999E+01    1.299999E+01    1.299999E+01    1.299999E+01    1.299999E+01    1.299999E+01    1.299999E+01    1.299999E+01    1.299999E+01    1.299999E+01    1.299998E+01    1.299998E+01    1.299998E+01    1.299998E+01    1.299998E+01    1.299998E+01    1.299998E+01    1.299998E+01    1.299998E+01    1.299998E+01    1.299998E+01    1.299998E+01    1.299998E+01    1.299998E+01    1.299998E+01    1.299998E+01    1.299998E+01    1.299998E+01    1.299998E+01    1.299998E+01    1.299998E+01    1.299998E+01    1.299998E+01    1.299998E+01    1.299998E+01    1.299998E+01    1.299998E+01    1.299998E+01    1.299998E+01    1.299998E+01    1.299998E+01    1.299998E+01    1.299998E+01    1.299998E+01    1.299997E+01    1.299997E+01    1.299997E+01    1.299998E+01    1.299999E+01    1.300000E+01    1.300002E+01    1.300005E+01    1.300008E+01    1.300012E+01    1.300017E+01    1.300023E+01    1.300030E+01    1.300039E+01    1.300050E+01    1.300066E+01    1.300092E+01    1.300184E+01    1.300299E+01    1.300452E+01    1.300650E+01    1.300886E+01    1.000000E+30    1.000000E+30    1.000000E+30    1.000000E+30    1.000000E+30    1.000000E+30    1.000000E+30    1.000000E+30    1.000000E+30    1.000000E+30    1.000000E+30    1.000000E+30    1.000000E+30    1.000000E+30    1.000000E+30    1.000000E+30    1.000000E+30    1.000000E+30    1.000000E+30    1.000000E+30    1.000000E+30    1.000000E+30    1.000000E+30    1.000000E+30    1.000000E+30    1.000000E+30    1.000000E+30    1.000000E+30    1.000000E+30    1.000000E+30    1.000000E+30    1.000000E+30    1.000000E+30    1.000000E+30    1.000000E+30    1.000000E+30    1.000000E+30    1.000000E+30    1.000000E+30    1.000000E+30    1.000000E+30    1.000000E+30    1.000000E+30    1.000000E+30    1.000000E+30    1.000000E+30    1.000000E+30    1.000000E+30    1.000000E+30    1.000000E+30
   1.000000E+30    1.000000E+30    1.000000E+30    1.000000E+30    1.000000E+30    1.300017E+01    1.300006E+01    1.300003E+01    1.300002E+01    1.300001E+01    1.300001E+01    1.300001E+01    1.300000E+01    1.300000E+01    1.300000E+01    1.300000E+01    1.300000E+01    1.300000E+01    1.300000E+01    1.300000E+01    1.300000E+01    1.300000E+01    1.300000E+01    1.300000E+01    1.299999E+01    1.299999E+01    1.299999E+01    1.299999E+01    1.299999E+01    1.299999E+01    1.299999E+01    1.299999E+01    1.299999E+01    1.299999E+01    1.299999E+01    1.299999E+01    1.299999E+01    1.299999E+01    1.299999E+01    1.299999E+01    1.299999E+01    1.299999E+01    1.299999E+01    1.299999E+01    1.299999E+01    1.299999E+01    1.299998E+01    1.299998E+01    1.299998E+01    1.299998E+01    1.299998E+01    1.299998E+01    1.299998E+01    1.299998E+01    1.299998E+01    1.299998E+01    1.299998E+01    1.299998E+01    1.299998E+01    1.299998E+01    1.299998E+01    1.299998E+01    1.299998E+01    1.299998E+01    1.299998E+01    1.299998E+01    1.299998E+01    1.299998E+01    1.299999E+01    1.299999E+01    1.299999E+01    1.299999E+01    1.299999E+01    1.299999E+01    1.299999E+01    1.299999E+01    1.299999E+01    1.299998E+01    1.299998E+01    1.299998E+01    1.299998E+01    1.299998E+01    1.299999E+01    1.300000E+01    1.300002E+01    1.300005E+01    1.300009E+01    1.300013E+01    1.300018E+01    1.300025E+01    1.300032E+01    1.300041E+01    1.300052E+01    1.300067E+01    1.300088E+01    1.300121E+01    1.300227E+01    1.300353E+01    1.300521E+01    1.300734E+01    1.300962E+01    1.000000E+30    1.000000E+30    1.000000E+30    1.000000E+30    1.000000E+30    1.000000E+30    1.000000E+30    1.000000E+30    1.000000E+30    1.000000E+30    1.000000E+30    1.000000E+30    1.000000E+30    1.000000E+30    1.000000E+30    1.000000E+30    1.000000E+30    1.000000E+30    1.000000E+30    1.000000E+30    1.000000E+30    1.000000E+30    1.000000E+30    1.000000E+30    1.000000E+30    1.000000E+30    1.000000E+30    1.000000E+30    1.000000E+30    1.000000E+30    1.000000E+30    1.000000E+30    1.000000E+30    1.000000E+30    1.000000E+30    1.000000E+30    1.000000E+30    1.000000E+30    1.000000E+30    1.000000E+30    1.000000E+30    1.000000E+30    1.000000E+30    1.000000E+30    1.000000E+30    1.000000E+30    1.000000E+30    1.000000E+30    1.000000E+30    1.000000E+30
   1.000000E+30    1.000000E+30    1.000000E+30    1.000000E+30    1.000000E+30    1.300016E+01    1.300005E+01    1.300002E+01    1.300001E+01    1.300001E+01    1.300001E+01    1.300001E+01    1.300000E+01    1.300000E+01    1.300000E+01    1.300000E+01    1.300000E+01    1.300000E+01    1.300000E+01    1.300000E+01    1.300000E+01    1.300000E+01    1.300000E+01    1.300000E+01    1.299999E+01    1.299999E+01    1.299999E+01    1.299999E+01    1.299999E+01    1.299999E+01    1.299999E+01    1.299999E+01    1.299999E+01    1.299999E+01    1.299999E+01    1.299999E+01    1.299999E+01    1.299999E+01    1.299999E+01    1.299999E+01    1.299999E+01    1.299999E+01    1.299999E+01    1.299999E+01    1.299999E+01    1.299999E+01    1.299999E+01    1.299998E+01    1.299998E+01    1.299998E+01    1.299998E+01    1.299998E+01    1.299998E+01    1.299998E+01    1.299998E+01    1.299998E+01    1.299998E+01    1.299998E+01    1.299998E+01    1.299999E+01    1.299999E+01    1.299999E+01    1.299999E+01    1.299999E+01    1.299999E+01    1.299999E+01    1.299999E+01    1.299999E+01    1.299999E+01    1.299999E+01    1.299999E+01    1.299999E+01    1.299999E+01    1.299999E+01    1.299999E+01    1.299999E+01    1.299999E+01    1.299999E+01    1.299999E+01    1.299999E+01    1.299999E+01    1.299999E+01    1.300000E+01    1.300002E+01    1.300005E+01    1.300008E+01    1.300013E+01    1.300018E+01    1.300024E+01    1.300032E+01    1.300042E+01    1.300053E+01    1.300066E+01    1.300085E+01    1.300110E+01    1.300147E+01    1.300252E+01    1.300379E+01    1.300562E+01    1.300802E+01    1.000000E+30    1.000000E+30    1.000000E+30    1.000000E+30    1.000000E+30    1.000000E+30    1.000000E+30    1.000000E+30    1.000000E+30    1.000000E+30    1.000000E+30    1.000000E+30    1.000000E+30    1.000000E+30    1.000000E+30    1.000000E+30    1.000000E+30    1.000000E+30    1.000000E+30    1.000000E+30    1.000000E+30    1.000000E+30    1.000000E+30    1.000000E+30    1.000000E+30    1.000000E+30    1.000000E+30    1.000000E+30    1.000000E+30    1.000000E+30    1.000000E+30    1.000000E+30    1.000000E+30    1.000000E+30    1.000000E+30    1.000000E+30    1.000000E+30    1.000000E+30    1.000000E+30    1.000000E+30    1.000000E+30    1.000000E+30    1.000000E+30    1.000000E+30    1.000000E+30    1.000000E+30    1.000000E+30    1.000000E+30    1.000000E+30    1.000000E+30    1.000000E+30
   1.000000E+30    1.000000E+30    1.000000E+30    1.000000E+30    1.300017E+01    1.300007E+01    1.300003E+01    1.300002E+01    1.300001E+01    1.300001E+01    1.300001E+01    1.300001E+01    1.300000E+01    1.300000E+01    1.300000E+01    1.300000E+01    1.300000E+01    1.300000E+01    1.300000E+01    1.300000E+01    1.300000E+01    1.300000E+01    1.300000E+01    1.300000E+01    1.299999E+01    1.299999E+01    1.299999E+01    1.299999E+01    1.299999E+01    1.299999E+01    1.299999E+01    1.299999E+01    1.299999E+01    1.299999E+01    1.299999E+01    1.299999E+01    1.299999E+01    1.299999E+01    1.299999E+01    1.299999E+01    1.299999E+01    1.299999E+01    1.299999E+01    1.299999E+01    1.299999E+01    1.299999E+01    1.299999E+01    1.299999E+01    1.299999E+01    1.299999E+01    1.299999E+01    1.299999E+01    1.299999E+01    1.299999E+01    1.299999E+01    1.299999E+01    1.299999E+01    1.299999E+01    1.299999E+01    1.299999E+01    1.299999E+01    1.299999E+01    1.299999E+01    1.299999E+01    1.299999E+01    1.299999E+01    1.300000E+01    1.300000E+01    1.300000E+01    1.300000E+01    1.300000E+01    1.300001E+01    1.300001E+01    1.300001E+01    1.300001E+01    1.300001E+01    1.300001E+01    1.300001E+01    1.300001E+01    1.300001E+01    1.300001E+01    1.300002E+01    1.300003E+01    1.300005E+01    1.300008E+01    1.300012E+01    1.300017E+01    1.300023E+01    1.300031E+01    1.300040E+01    1.300051E+01    1.300064E+01    1.300080E+01    1.300102E+01    1.300132E+01    1.300176E+01    1.300248E+01    1.300378E+01    1.300572E+01    1.300807E+01    1.000000E+30    1.000000E+30    1.000000E+30    1.000000E+30    1.000000E+30    1.000000E+30    1.000000E+30    1.000000E+30    1.000000E+30    1.000000E+30    1.000000E+30    1.000000E+30    1.000000E+30    1.000000E+30    1.000000E+30    1.000000E+30    1.000000E+30    1.000000E+30    1.000000E+30    1.000000E+30    1.000000E+30    1.000000E+30    1.000000E+30    1.000000E+30    1.000000E+30    1.000000E+30    1.000000E+30    1.000000E+30    1.000000E+30    1.000000E+30    1.000000E+30    1.000000E+30    1.000000E+30    1.000000E+30    1.000000E+30    1.000000E+30    1.000000E+30    1.000000E+30    1.000000E+30    1.000000E+30    1.000000E+30    1.000000E+30    1.000000E+30    1.000000E+30    1.000000E+30    1.000000E+30    1.000000E+30    1.000000E+30    1.000000E+30    1.000000E+30    1.000000E+30
   1.000000E+30    1.000000E+30    1.000000E+30    1.000000E+30    1.300016E+01    1.300005E+01    1.300003E+01    1.300002E+01    1.300001E+01    1.300001E+01    1.300001E+01    1.300001E+01    1.300000E+01    1.300000E+01    1.300000E+01    1.300000E+01    1.300000E+01    1.300000E+01    1.300000E+01    1.300000E+01    1.300000E+01    1.300000E+01    1.300000E+01    1.300000E+01    1.299999E+01    1.299999E+01    1.299999E+01    1.299999E+01    1.299999E+01    1.299999E+01    1.299999E+01    1.299999E+01    1.299999E+01    1.299999E+01    1.299999E+01    1.299999E+01    1.299999E+01    1.299999E+01    1.299999E+01    1.299999E+01    1.299999E+01    1.299999E+01    1.299999E+01    1.299999E+01    1.299999E+01    1.299999E+01    1.299999E+01    1.299999E+01    1.299999E+01    1.299999E+01    1.299999E+01    1.299999E+01    1.299999E+01    1.299999E+01    1.299999E+01    1.299999E+01    1.299999E+01    1.299999E+01    1.299999E+01    1.299999E+01    1.299999E+01    1.300000E+01    1.300000E+01    1.300000E+01    1.300000E+01    1.300001E+01    1.300002E+01    1.300002E+01    1.300002E+01    1.300004E+01    1.300005E+01    1.300005E+01    1.300005E+01    1.300005E+01    1.300005E+01    1.300005E+01    1.300004E+01    1.300004E+01    1.300004E+01    1.300004E+01    1.300004E+01    1.300005E+01    1.300007E+01    1.300009E+01    1.300012E+01    1.300016E+01    1.300022E+01    1.300029E+01    1.300037E+01    1.300047E+01    1.300060E+01    1.300075E+01    1.300093E+01    1.300118E+01    1.300151E+01    1.300196E+01    1.300259E+01    1.300347E+01    1.300542E+01    1.300788E+01    1.000000E+30    1.000000E+30    1.000000E+30    1.000000E+30    1.000000E+30    1.000000E+30    1.000000E+30    1.000000E+30    1.000000E+30    1.000000E+30    1.000000E+30    1.000000E+30    1.000000E+30    1.000000E+30    1.000000E+30    1.000000E+30    1.000000E+30    1.000000E+30    1.000000E+30    1.000000E+30    1.000000E+30    1.000000E+30    1.000000E+30    1.000000E+30    1.000000E+30    1.000000E+30    1.000000E+30    1.000000E+30    1.000000E+30    1.000000E+30    1.000000E+30    1.000000E+30    1.000000E+30    1.000000E+30    1.000000E+30    1.000000E+30    1.000000E+30    1.000000E+30    1.000000E+30    1.000000E+30    1.000000E+30    1.000000E+30    1.000000E+30    1.000000E+30    1.000000E+30    1.000000E+30    1.000000E+30    1.000000E+30    1.000000E+30    1.000000E+30    1.000000E+30
   1.000000E+30    1.000000E+30    1.000000E+30    1.300017E+01    1.300007E+01    1.300003E+01    1.300002E+01    1.300001E+01    1.300001E+01    1.300001E+01    1.300001E+01    1.300001E+01    1.300000E+01    1.300000E+01    1.300000E+01    1.300000E+01    1.300000E+01    1.300000E+01    1.300000E+01    1.300000E+01    1.300000E+01    1.300000E+01    1.300000E+01    1.300000E+01    1.299999E+01    1.299999E+01    1.299999E+01    1.299999E+01    1.299999E+01    1.299999E+01    1.299999E+01    1.299999E+01    1.299999E+01    1.299999E+01    1.299999E+01    1.299999E+01    1.299999E+01    1.299999E+01    1.299999E+01    1.299999E+01    1.299999E+01    1.299999E+01    1.299999E+01    1.299999E+01    1.299999E+01    1.299999E+01    1.299999E+01    1.299999E+01    1.299999E+01    1.299999E+01    1.299999E+01    1.299999E+01    1.299999E+01    1.299999E+01    1.299999E+01    1.299999E+01    1.299999E+01    1.299999E+01    1.300000E+01    1.300000E+01    1.300001E+01    1.300002E+01    1.300003E+01    1.300003E+01    1.300004E+01    1.300007E+01    1.300008E+01    1.300009E+01    1.300009E+01    1.300010E+01    1.300010E+01    1.300010E+01    1.300010E+01    1.300010E+01    1.300010E+01    1.300010E+01    1.300009E+01    1.300009E+01    1.300009E+01    1.300008E+01    1.300009E+01    1.300010E+01    1.300011E+01    1.300013E+01    1.300017E+01    1.300021E+01    1.300027E+01    1.300034E+01    1.300043E+01    1.300054E+01    1.300068E+01    1.300084E+01    1.300105E+01    1.300131E+01    1.300165E+01    1.300209E+01    1.300265E+01    1.300335E+01    1.300435E+01    1.000000E+30    1.000000E+30    1.000000E+30    1.000000E+30    1.000000E+30    1.000000E+30    1.000000E+30    1.000000E+30    1.000000E+30    1.000000E+30    1.000000E+30    1.000000E+30    1.000000E+30    1.000000E+30    1.000000E+30    1.000000E+30    1.000000E+30    1.000000E+30    1.000000E+30    1.000000E+30    1.000000E+30    1.000000E+30    1.000000E+30    1.000000E+30    1.000000E+30    1.000000E+30    1.000000E+30    1.000000E+30    1.000000E+30    1.000000E+30    1.000000E+30    1.000000E+30    1.000000E+30    1.000000E+30    1.000000E+30    1.000000E+30    1.000000E+30    1.000000E+30    1.000000E+30    1.000000E+30    1.000000E+30    1.000000E+30    1.000000E+30    1.000000E+30    1.000000E+30    1.000000E+30    1.000000E+30    1.000000E+30    1.000000E+30    1.000000E+30    1.000000E+30    1.000000E+30
   1.000000E+30    1.000000E+30    1.000000E+30    1.300016E+01    1.300005E+01    1.300003E+01    1.300002E+01    1.300001E+01    1.300001E+01    1.300001E+01    1.300001E+01    1.300001E+01    1.300000E+01    1.300000E+01    1.300000E+01    1.300000E+01    1.300000E+01    1.300000E+01    1.300000E+01    1.300000E+01    1.300000E+01    1.300000E+01    1.300000E+01    1.300000E+01    1.299999E+01    1.299999E+01    1.299999E+01    1.299999E+01    1.299999E+01    1.299999E+01    1.299999E+01    1.299999E+01    1.299999E+01    1.299999E+01    1.299999E+01    1.299999E+01    1.299999E+01    1.299999E+01    1.299999E+01    1.299999E+01    1.299999E+01    1.299999E+01    1.299999E+01    1.299999E+01    1.299999E+01    1.299999E+01    1.299999E+01    1.299999E+01    1.299999E+01    1.299999E+01    1.299999E+01    1.299999E+01    1.299999E+01    1.300000E+01    1.300000E+01    1.300000E+01    1.300001E+01    1.300001E+01    1.300002E+01    1.300003E+01    1.300005E+01    1.300008E+01    1.300010E+01    1.300012E+01    1.300013E+01    1.300015E+01    1.300016E+01    1.300017E+01    1.300017E+01    1.300018E+01    1.300018E+01    1.300018E+01    1.300017E+01    1.300017E+01    1.300017E+01    1.300016E+01    1.300016E+01    1.300015E+01    1.300015E+01    1.300014E+01    1.300014E+01    1.300015E+01    1.300016E+01    1.300019E+01    1.300022E+01    1.300026E+01    1.300032E+01    1.300040E+01    1.300049E+01    1.300061E+01    1.300075E+01    1.300092E+01    1.300114E+01    1.300141E+01    1.300175E+01    1.300216E+01    1.300264E+01    1.300321E+01    1.300392E+01    1.000000E+30    1.000000E+30    1.000000E+30    1.000000E+30    1.000000E+30    1.000000E+30    1.000000E+30    1.000000E+30    1.000000E+30    1.000000E+30    1.000000E+30    1.000000E+30    1.000000E+30    1.000000E+30    1.000000E+30    1.000000E+30    1.000000E+30    1.000000E+30    1.000000E+30    1.000000E+30    1.000000E+30    1.000000E+30    1.000000E+30    1.000000E+30    1.000000E+30    1.000000E+30    1.000000E+30    1.000000E+30    1.000000E+30    1.000000E+30    1.000000E+30    1.000000E+30    1.000000E+30    1.000000E+30    1.000000E+30    1.000000E+30    1.000000E+30    1.000000E+30    1.000000E+30    1.000000E+30    1.000000E+30    1.000000E+30    1.000000E+30    1.000000E+30    1.000000E+30    1.000000E+30    1.000000E+30    1.000000E+30    1.000000E+30    1.000000E+30    1.000000E+30    1.000000E+30
   1.000000E+30    1.000000E+30    1.300018E+01    1.300007E+01    1.300004E+01    1.300002E+01    1.300001E+01    1.300001E+01    1.300001E+01    1.300001E+01    1.300001E+01    1.300000E+01    1.300000E+01    1.300000E+01    1.300000E+01    1.300000E+01    1.300000E+01    1.300000E+01    1.300000E+01    1.300000E+01    1.300000E+01    1.300000E+01    1.300000E+01    1.300000E+01    1.299999E+01    1.299999E+01    1.299999E+01    1.299999E+01    1.299999E+01    1.299999E+01    1.299999E+01    1.299999E+01    1.299999E+01    1.299999E+01    1.299999E+01    1.299999E+01    1.299999E+01    1.299999E+01    1.299999E+01    1.299999E+01    1.299999E+01    1.299999E+01    1.299999E+01    1.299999E+01    1.299999E+01    1.299999E+01    1.299999E+01    1.299999E+01    1.299999E+01    1.299999E+01    1.300000E+01    1.300000E+01    1.300001E+01    1.300001E+01    1.300002E+01    1.300003E+01    1.300004E+01    1.300005E+01    1.300007E+01    1.300012E+01    1.300015E+01    1.300018E+01    1.300020E+01    1.300022E+01    1.300023E+01    1.300024E+01    1.300026E+01    1.300026E+01    1.300027E+01    1.300027E+01    1.300027E+01    1.300027E+01    1.300027E+01    1.300026E+01    1.300025E+01    1.300025E+01    1.300024E+01    1.300023E+01    1.300023E+01    1.300022E+01    1.300022E+01    1.300022E+01    1.300023E+01    1.300025E+01    1.300028E+01    1.300032E+01    1.300038E+01    1.300045E+01    1.300054E+01    1.300066E+01    1.300081E+01    1.300099E+01    1.300121E+01    1.300148E+01    1.300180E+01    1.300216E+01    1.300258E+01    1.300305E+01    1.300361E+01    1.000000E+30    1.000000E+30    1.000000E+30    1.000000E+30    1.000000E+30    1.000000E+30    1.000000E+30    1.000000E+30    1.000000E+30    1.000000E+30    1.000000E+30    1.000000E+30    1.000000E+30    1.000000E+30    1.000000E+30    1.000000E+30    1.000000E+30    1.000000E+30    1.000000E+30    1.000000E+30    1.000000E+30    1.000000E+30    1.000000E+30    1.000000E+30    1.000000E+30    1.000000E+30    1.000000E+30    1.000000E+30    1.000000E+30    1.000000E+30    1.000000E+30    1.000000E+30    1.000000E+30    1.000000E+30    1.000000E+30    1.000000E+30    1.000000E+30    1.000000E+30    1.000000E+30    1.000000E+30    1.000000E+30    1.000000E+30    1.000000E+30    1.000000E+30    1.000000E+30    1.000000E+30    1.000000E+30    1.000000E+30    1.000000E+30    1.000000E+30    1.000000E+30    1.000000E+30
   1.000000E+30    1.000000E+30    1.300018E+01    1.300006E+01    1.300003E+01    1.300002E+01    1.300001E+01    1.300001E+01    1.300001E+01    1.300001E+01    1.300001E+01    1.300000E+01    1.300000E+01    1.300000E+01    1.300000E+01    1.300000E+01    1.300000E+01    1.300000E+01    1.300000E+01    1.300000E+01    1.300000E+01    1.300000E+01    1.300000E+01    1.300000E+01    1.300000E+01    1.299999E+01    1.299999E+01    1.299999E+01    1.299999E+01    1.299999E+01    1.299999E+01    1.299999E+01    1.299999E+01    1.299999E+01    1.299999E+01    1.299999E+01    1.299999E+01    1.299999E+01    1.299999E+01    1.299999E+01    1.299999E+01    1.299999E+01    1.299999E+01    1.299999E+01    1.299999E+01    1.299999E+01    1.299999E+01    1.299999E+01    1.300000E+01    1.300000E+01    1.300001E+01    1.300003E+01    1.300004E+01    1.300006E+01    1.300007E+01    1.300012E+01    1.300015E+01    1.300017E+01    1.300020E+01    1.300023E+01    1.300026E+01    1.300029E+01    1.300031E+01    1.300033E+01    1.300035E+01    1.300036E+01    1.300038E+01    1.300039E+01    1.300039E+01    1.300039E+01    1.300039E+01    1.300039E+01    1.300038E+01    1.300037E+01    1.300037E+01    1.300036E+01    1.300035E+01    1.300034E+01    1.300032E+01    1.300031E+01    1.300031E+01    1.300030E+01    1.300031E+01    1.300033E+01    1.300035E+01    1.300039E+01    1.300044E+01    1.300051E+01    1.300059E+01    1.300071E+01    1.300085E+01    1.300103E+01    1.300125E+01    1.300151E+01    1.300179E+01    1.300212E+01    1.300247E+01    1.300286E+01    1.300335E+01    1.000000E+30    1.000000E+30    1.000000E+30    1.000000E+30    1.000000E+30    1.000000E+30    1.000000E+30    1.000000E+30    1.000000E+30    1.000000E+30    1.000000E+30    1.000000E+30    1.000000E+30    1.000000E+30    1.000000E+30    1.000000E+30    1.000000E+30    1.000000E+30    1.000000E+30    1.000000E+30    1.000000E+30    1.000000E+30    1.000000E+30    1.000000E+30    1.000000E+30    1.000000E+30    1.000000E+30    1.000000E+30    1.000000E+30    1.000000E+30    1.000000E+30    1.000000E+30    1.000000E+30    1.000000E+30    1.000000E+30    1.000000E+30    1.000000E+30    1.000000E+30    1.000000E+30    1.000000E+30    1.000000E+30    1.000000E+30    1.000000E+30    1.000000E+30    1.000000E+30    1.000000E+30    1.000000E+30    1.000000E+30    1.000000E+30    1.000000E+30    1.000000E+30    1.000000E+30
   1.000000E+30    1.000000E+30    1.300017E+01    1.300006E+01    1.300003E+01    1.300002E+01    1.300001E+01    1.300001E+01    1.300001E+01    1.300001E+01    1.300001E+01    1.300000E+01    1.300000E+01    1.300000E+01    1.300000E+01    1.300000E+01    1.300000E+01    1.300000E+01    1.300000E+01    1.300000E+01    1.300000E+01    1.300000E+01    1.300000E+01    1.300000E+01    1.300000E+01    1.299999E+01    1.299999E+01    1.299999E+01    1.299999E+01    1.299999E+01    1.299999E+01    1.299999E+01    1.299999E+01    1.299999E+01    1.299999E+01    1.299999E+01    1.299999E+01    1.299999E+01    1.299999E+01    1.299999E+01    1.299999E+01    1.299999E+01    1.299999E+01    1.299999E+01    1.299999E+01    1.300000E+01    1.300000E+01    1.300000E+01    1.300001E+01    1.300003E+01    1.300006E+01    1.300011E+01    1.300015E+01    1.300018E+01    1.300021E+01    1.300025E+01    1.300028E+01    1.300031E+01    1.300034E+01    1.300037E+01    1.300040E+01    1.300043E+01    1.300045E+01    1.300047E+01    1.300049E+01    1.300051E+01    1.300052E+01    1.300053E+01    1.300054E+01    1.300054E+01    1.300054E+01    1.300053E+01    1.300053E+01    1.300052E+01    1.300051E+01    1.300049E+01    1.300048E+01    1.300046E+01    1.300045E+01    1.300043E+01    1.300042E+01    1.300041E+01    1.300041E+01    1.300042E+01    1.300044E+01    1.300047E+01    1.300051E+01    1.300057E+01    1.300064E+01    1.300075E+01    1.300088E+01    1.300105E+01    1.300125E+01    1.300149E+01    1.300174E+01    1.300202E+01    1.300232E+01    1.300265E+01    1.300309E+01    1.000000E+30    1.000000E+30    1.000000E+30    1.000000E+30    1.000000E+30    1.000000E+30    1.000000E+30    1.000000E+30    1.000000E+30    1.000000E+30    1.000000E+30    1.000000E+30    1.000000E+30    1.000000E+30    1.000000E+30    1.000000E+30    1.000000E+30    1.000000E+30    1.000000E+30    1.000000E+30    1.000000E+30    1.000000E+30    1.000000E+30    1.000000E+30    1.000000E+30    1.000000E+30    1.000000E+30    1.000000E+30    1.000000E+30    1.000000E+30    1.000000E+30    1.000000E+30    1.000000E+30    1.000000E+30    1.000000E+30    1.000000E+30    1.000000E+30    1.000000E+30    1.000000E+30    1.000000E+30    1.000000E+30    1.000000E+30    1.000000E+30    1.000000E+30    1.000000E+30    1.000000E+30    1.000000E+30    1.000000E+30    1.000000E+30    1.000000E+30    1.000000E+30    1.000000E+30
   1.000000E+30    1.000000E+30    1.300016E+01    1.300005E+01    1.300003E+01    1.300002E+01    1.300001E+01    1.300001E+01    1.300001E+01    1.300001E+01    1.300001E+01    1.300000E+01    1.300000E+01    1.300000E+01    1.300000E+01    1.300000E+01    1.300000E+01    1.300000E+01    1.300000E+01    1.300000E+01    1.300000E+01    1.300000E+01    1.300000E+01    1.300000E+01    1.300000E+01    1.299999E+01    1.299999E+01    1.299999E+01    1.299999E+01    1.299999E+01    1.299999E+01    1.299999E+01    1.299999E+01    1.299999E+01    1.299999E+01    1.299999E+01    1.299999E+01    1.299999E+01    1.299999E+01    1.299999E+01    1.299999E+01    1.299999E+01    1.299999E+01    1.300000E+01    1.300000E+01    1.300001E+01    1.300002E+01    1.300003E+01    1.300006E+01    1.300009E+01    1.300017E+01    1.300023E+01    1.300027E+01    1.300032E+01    1.300035E+01    1.300039E+01    1.300043E+01    1.300047E+01    1.300050E+01    1.300053E+01    1.300056E+01    1.300059E+01    1.300062E+01    1.300064E+01    1.300067E+01    1.300068E+01    1.300070E+01    1.300071E+01    1.300072E+01    1.300072E+01    1.300072E+01    1.300071E+01    1.300070E+01    1.300069E+01    1.300068E+01    1.300066E+01    1.300064E+01    1.300062E+01    1.300060E+01    1.300058E+01    1.300056E+01    1.300055E+01    1.300054E+01    1.300053E+01    1.300054E+01    1.300055E+01    1.300058E+01    1.300063E+01    1.300069E+01    1.300078E+01    1.300089E+01    1.300103E+01    1.300121E+01    1.300141E+01    1.300163E+01    1.300187E+01    1.300213E+01    1.300242E+01    1.300282E+01    1.000000E+30    1.000000E+30    1.000000E+30    1.000000E+30    1.000000E+30    1.000000E+30    1.000000E+30    1.000000E+30    1.000000E+30    1.000000E+30    1.000000E+30    1.000000E+30    1.000000E+30    1.000000E+30    1.000000E+30    1.000000E+30    1.000000E+30    1.000000E+30    1.000000E+30    1.000000E+30    1.000000E+30    1.000000E+30    1.000000E+30    1.000000E+30    1.000000E+30    1.000000E+30    1.000000E+30    1.000000E+30    1.000000E+30    1.000000E+30    1.000000E+30    1.000000E+30    1.000000E+30    1.000000E+30    1.000000E+30    1.000000E+30    1.000000E+30    1.000000E+30    1.000000E+30    1.000000E+30    1.000000E+30    1.000000E+30    1.000000E+30    1.000000E+30    1.000000E+30    1.000000E+30    1.000000E+30    1.000000E+30    1.000000E+30    1.000000E+30    1.000000E+30    1.000000E+30
   1.000000E+30    1.300018E+01    1.300007E+01    1.300004E+01    1.300002E+01    1.300002E+01    1.300001E+01    1.300001E+01    1.300001E+01    1.300001E+01    1.300001E+01    1.300000E+01    1.300000E+01    1.300000E+01    1.300000E+01    1.300000E+01    1.300000E+01    1.300000E+01    1.300000E+01    1.300000E+01    1.300000E+01    1.300000E+01    1.300000E+01    1.300000E+01    1.300000E+01    1.300000E+01    1.299999E+01    1.299999E+01    1.299999E+01    1.299999E+01    1.299999E+01    1.299999E+01    1.299999E+01    1.299999E+01    1.299999E+01    1.299999E+01    1.299999E+01    1.299999E+01    1.299999E+01    1.299999E+01    1.299999E+01    1.300000E+01    1.300000E+01    1.300000E+01    1.300001E+01    1.300003E+01    1.300006E+01    1.300010E+01    1.300018E+01    1.300024E+01    1.300031E+01    1.300037E+01    1.300043E+01    1.300048E+01    1.300053E+01    1.300057E+01    1.300061E+01    1.300065E+01    1.300069E+01    1.300072E+01    1.300076E+01    1.300079E+01    1.300082E+01    1.300085E+01    1.300087E+01    1.300089E+01    1.300091E+01    1.300092E+01    1.300093E+01    1.300093E+01    1.300093E+01    1.300092E+01    1.300091E+01    1.300090E+01    1.300088E+01    1.300086E+01    1.300083E+01    1.300081E+01    1.300078E+01    1.300075E+01    1.300073E+01    1.300070E+01    1.300067E+01    1.300065E+01    1.300065E+01    1.300065E+01    1.300066E+01    1.300069E+01    1.300073E+01    1.300080E+01    1.300089E+01    1.300100E+01    1.300114E+01    1.300130E+01    1.300148E+01    1.300168E+01    1.300190E+01    1.300215E+01    1.300252E+01    1.000000E+30    1.000000E+30    1.000000E+30    1.000000E+30    1.000000E+30    1.000000E+30    1.000000E+30    1.000000E+30    1.000000E+30    1.000000E+30    1.000000E+30    1.000000E+30    1.000000E+30    1.000000E+30    1.000000E+30    1.000000E+30    1.000000E+30    1.000000E+30    1.000000E+30    1.000000E+30    1.000000E+30    1.000000E+30    1.000000E+30    1.000000E+30    1.000000E+30    1.000000E+30    1.000000E+30    1.000000E+30    1.000000E+30    1.000000E+30    1.000000E+30    1.000000E+30    1.000000E+30    1.000000E+30    1.000000E+30    1.000000E+30    1.000000E+30    1.000000E+30    1.000000E+30    1.000000E+30    1.000000E+30    1.000000E+30    1.000000E+30    1.000000E+30    1.000000E+30    1.000000E+30    1.000000E+30    1.000000E+30    1.000000E+30    1.000000E+30    1.000000E+30    1.000000E+30
   1.000000E+30    1.300018E+01    1.300006E+01    1.300003E+01    1.300002E+01    1.300001E+01    1.300001E+01    1.300001E+01    1.300001E+01    1.300001E+01    1.300001E+01    1.300000E+01    1.300000E+01    1.300000E+01    1.300000E+01    1.300000E+01    1.300000E+01    1.300000E+01    1.300000E+01    1.300000E+01    1.300000E+01    1.300000E+01    1.300000E+01    1.300000E+01    1.300000E+01    1.300000E+01    1.299999E+01    1.299999E+01    1.299999E+01    1.299999E+01    1.299999E+01    1.299999E+01    1.299999E+01    1.299999E+01    1.299999E+01    1.299999E+01    1.299999E+01    1.299999E+01    1.299999E+01    1.300000E+01    1.300000E+01    1.300000E+01    1.300001E+01    1.300003E+01    1.300005E+01    1.300010E+01    1.300019E+01    1.300026E+01    1.300034E+01    1.300041E+01    1.300048E+01    1.300055E+01    1.300061E+01    1.300067E+01    1.300073E+01    1.300078E+01    1.300083E+01    1.300088E+01    1.300092E+01    1.300095E+01    1.300099E+01    1.300103E+01    1.300106E+01    1.300109E+01    1.300112E+01    1.300115E+01    1.300117E+01    1.300119E+01    1.300119E+01    1.300120E+01    1.300119E+01    1.300118E+01    1.300116E+01    1.300114E+01    1.300112E+01    1.300110E+01    1.300106E+01    1.300103E+01    1.300099E+01    1.300094E+01    1.300090E+01    1.300086E+01    1.300082E+01    1.300078E+01    1.300076E+01    1.300074E+01    1.300074E+01    1.300074E+01    1.300077E+01    1.300080E+01    1.300086E+01    1.300095E+01    1.300105E+01    1.300117E+01    1.300131E+01    1.300147E+01    1.300164E+01    1.300185E+01    1.300219E+01    1.000000E+30    1.000000E+30    1.000000E+30    1.000000E+30    1.000000E+30    1.000000E+30    1.000000E+30    1.000000E+30    1.000000E+30    1.000000E+30    1.000000E+30    1.000000E+30    1.000000E+30    1.000000E+30    1.000000E+30    1.000000E+30    1.000000E+30    1.000000E+30    1.000000E+30    1.000000E+30    1.000000E+30    1.000000E+30    1.000000E+30    1.000000E+30    1.000000E+30    1.000000E+30    1.000000E+30    1.000000E+30    1.000000E+30    1.000000E+30    1.000000E+30    1.000000E+30    1.000000E+30    1.000000E+30    1.000000E+30    1.000000E+30    1.000000E+30    1.000000E+30    1.000000E+30    1.000000E+30    1.000000E+30    1.000000E+30    1.000000E+30    1.000000E+30    1.000000E+30    1.000000E+30    1.000000E+30    1.000000E+30    1.000000E+30    1.000000E+30    1.000000E+30    1.000000E+30
   1.000000E+30    1.300018E+01    1.300006E+01    1.300003E+01    1.300002E+01    1.300001E+01    1.300001E+01    1.300001E+01    1.300001E+01    1.300001E+01    1.300001E+01    1.300000E+01    1.300000E+01    1.300000E+01    1.300000E+01    1.300000E+01    1.300000E+01    1.300000E+01    1.300000E+01    1.300000E+01    1.300000E+01    1.300000E+01    1.300000E+01    1.300000E+01    1.300000E+01    1.300000E+01    1.300000E+01    1.299999E+01    1.299999E+01    1.299999E+01    1.299999E+01    1.299999E+01    1.299999E+01    1.299999E+01    1.299999E+01    1.299999E+01    1.299999E+01    1.300000E+01    1.300000E+01    1.300001E+01    1.300001E+01    1.300003E+01    1.300005E+01    1.300009E+01    1.300014E+01    1.300026E+01    1.300036E+01    1.300045E+01    1.300053E+01    1.300061E+01    1.300069E+01    1.300076E+01    1.300084E+01    1.300091E+01    1.300098E+01    1.300104E+01    1.300109E+01    1.300115E+01    1.300119E+01    1.300124E+01    1.300128E+01    1.300132E+01    1.300136E+01    1.300139E+01    1.300143E+01    1.300146E+01    1.300148E+01    1.300150E+01    1.300151E+01    1.300151E+01    1.300150E+01    1.300149E+01    1.300147E+01    1.300145E+01    1.300142E+01    1.300138E+01    1.300133E+01    1.300127E+01    1.300121E+01    1.300115E+01    1.300109E+01    1.300103E+01    1.300097E+01    1.300091E+01    1.300087E+01    1.300083E+01    1.300080E+01    1.300079E+01    1.300079E+01    1.300080E+01    1.300083E+01    1.300088E+01    1.300094E+01    1.300102E+01    1.300112E+01    1.300123E+01    1.300136E+01    1.300151E+01    1.300182E+01    1.000000E+30    1.000000E+30    1.000000E+30    1.000000E+30    1.000000E+30    1.000000E+30    1.000000E+30    1.000000E+30    1.000000E+30    1.000000E+30    1.000000E+30    1.000000E+30    1.000000E+30    1.000000E+30    1.000000E+30    1.000000E+30    1.000000E+30    1.000000E+30    1.000000E+30    1.000000E+30    1.000000E+30    1.000000E+30    1.000000E+30    1.000000E+30    1.000000E+30    1.000000E+30    1.000000E+30    1.000000E+30    1.000000E+30    1.000000E+30    1.000000E+30    1.000000E+30    1.000000E+30    1.000000E+30    1.000000E+30    1.000000E+30    1.000000E+30    1.000000E+30    1.000000E+30    1.000000E+30    1.000000E+30    1.000000E+30    1.000000E+30    1.000000E+30    1.000000E+30    1.000000E+30    1.000000E+30    1.000000E+30    1.000000E+30    1.000000E+30    1.000000E+30    1.000000E+30
   1.000000E+30    1.300018E+01    1.300006E+01    1.300003E+01    1.300002E+01    1.300001E+01    1.300001E+01    1.300001E+01    1.300001E+01    1.300001E+01    1.300001E+01    1.300000E+01    1.300000E+01    1.300000E+01    1.300000E+01    1.300000E+01    1.300000E+01    1.300000E+01    1.300000E+01    1.300000E+01    1.300000E+01    1.300000E+01    1.300000E+01    1.300000E+01    1.300000E+01    1.300000E+01    1.300000E+01    1.300000E+01    1.299999E+01    1.299999E+01    1.299999E+01    1.299999E+01    1.299999E+01    1.299999E+01    1.300000E+01    1.300000E+01    1.300000E+01    1.300000E+01    1.300001E+01    1.300003E+01    1.300005E+01    1.300009E+01    1.300014E+01    1.300026E+01    1.300035E+01    1.300046E+01    1.300056E+01    1.300066E+01    1.300075E+01    1.300084E+01    1.300093E+01    1.300102E+01    1.300111E+01    1.300120E+01    1.300128E+01    1.300135E+01    1.300142E+01    1.300148E+01    1.300154E+01    1.300158E+01    1.300163E+01    1.300168E+01    1.300173E+01    1.300177E+01    1.300181E+01    1.300185E+01    1.300188E+01    1.300190E+01    1.300192E+01    1.300192E+01    1.300190E+01    1.300188E+01    1.300185E+01    1.300181E+01    1.300176E+01    1.300170E+01    1.300163E+01    1.300155E+01    1.300147E+01    1.300138E+01    1.300129E+01    1.300121E+01    1.300112E+01    1.300105E+01    1.300098E+01    1.300092E+01    1.300087E+01    1.300083E+01    1.300080E+01    1.300079E+01    1.300079E+01    1.300080E+01    1.300083E+01    1.300087E+01    1.300092E+01    1.300099E+01    1.300106E+01    1.300114E+01    1.300137E+01    1.000000E+30    1.000000E+30    1.000000E+30    1.000000E+30    1.000000E+30    1.000000E+30    1.000000E+30    1.000000E+30    1.000000E+30    1.000000E+30    1.000000E+30    1.000000E+30    1.000000E+30    1.000000E+30    1.000000E+30    1.000000E+30    1.000000E+30    1.000000E+30    1.000000E+30    1.000000E+30    1.000000E+30    1.000000E+30    1.000000E+30    1.000000E+30    1.000000E+30    1.000000E+30    1.000000E+30    1.000000E+30    1.000000E+30    1.000000E+30    1.000000E+30    1.000000E+30    1.000000E+30    1.000000E+30    1.000000E+30    1.000000E+30    1.000000E+30    1.000000E+30    1.000000E+30    1.000000E+30    1.000000E+30    1.000000E+30    1.000000E+30    1.000000E+30    1.000000E+30    1.000000E+30    1.000000E+30    1.000000E+30    1.000000E+30    1.000000E+30    1.000000E+30    1.000000E+30
   1.000000E+30    1.300018E+01    1.300006E+01    1.300003E+01    1.300002E+01    1.300001E+01    1.300001E+01    1.300001E+01    1.300001E+01    1.300001E+01    1.300001E+01    1.300001E+01    1.300000E+01    1.300000E+01    1.300000E+01    1.300000E+01    1.300000E+01    1.300000E+01    1.300000E+01    1.300000E+01    1.300000E+01    1.300000E+01    1.300000E+01    1.300000E+01    1.300000E+01    1.300000E+01    1.300000E+01    1.300000E+01    1.300000E+01    1.300000E+01    1.300000E+01    1.300000E+01    1.300000E+01    1.300000E+01    1.300000E+01    1.300000E+01    1.300001E+01    1.300002E+01    1.300005E+01    1.300009E+01    1.300015E+01    1.300027E+01    1.300037E+01    1.300048E+01    1.300058E+01    1.300070E+01    1.300081E+01    1.300092E+01    1.300103E+01    1.300113E+01    1.300123E+01    1.300134E+01    1.300145E+01    1.300155E+01    1.300166E+01    1.300175E+01    1.300183E+01    1.300191E+01    1.300198E+01    1.300203E+01    1.300209E+01    1.300215E+01    1.300221E+01    1.300226E+01    1.300230E+01    1.300234E+01    1.300239E+01    1.300244E+01    1.300245E+01    1.300243E+01    1.300239E+01    1.300234E+01    1.300229E+01    1.300223E+01    1.300215E+01    1.300207E+01    1.300197E+01    1.300186E+01    1.300175E+01    1.300163E+01    1.300151E+01    1.300140E+01    1.300129E+01    1.300118E+01    1.300109E+01    1.300100E+01    1.300092E+01    1.300086E+01    1.300081E+01    1.300076E+01    1.300074E+01    1.300072E+01    1.300072E+01    1.300072E+01    1.300073E+01    1.300075E+01    1.300076E+01    1.300074E+01    1.300066E+01    1.300050E+01    1.000000E+30    1.000000E+30    1.000000E+30    1.000000E+30    1.000000E+30    1.000000E+30    1.000000E+30    1.000000E+30    1.000000E+30    1.000000E+30    1.000000E+30    1.000000E+30    1.000000E+30    1.000000E+30    1.000000E+30    1.000000E+30    1.000000E+30    1.000000E+30    1.000000E+30    1.000000E+30    1.000000E+30    1.000000E+30    1.000000E+30    1.000000E+30    1.000000E+30    1.000000E+30    1.000000E+30    1.000000E+30    1.000000E+30    1.000000E+30    1.000000E+30    1.000000E+30    1.000000E+30    1.000000E+30    1.000000E+30    1.000000E+30    1.000000E+30    1.000000E+30    1.000000E+30    1.000000E+30    1.000000E+30    1.000000E+30    1.000000E+30    1.000000E+30    1.000000E+30    1.000000E+30    1.000000E+30    1.000000E+30    1.000000E+30    1.000000E+30    1.000000E+30
   1.000000E+30    1.300018E+01    1.300006E+01    1.300003E+01    1.300002E+01    1.300001E+01    1.300001E+01    1.300001E+01    1.300001E+01    1.300001E+01    1.300001E+01    1.300001E+01    1.300000E+01    1.300000E+01    1.300000E+01    1.300000E+01    1.300000E+01    1.300000E+01    1.300000E+01    1.300000E+01    1.300000E+01    1.300000E+01    1.300000E+01    1.300000E+01    1.300000E+01    1.300000E+01    1.300000E+01    1.300000E+01    1.300000E+01    1.300000E+01    1.300000E+01    1.300000E+01    1.300000E+01    1.300000E+01    1.300001E+01    1.300002E+01    1.300004E+01    1.300007E+01    1.300014E+01    1.300026E+01    1.300037E+01    1.300049E+01    1.300061E+01    1.300073E+01    1.300085E+01    1.300097E+01    1.300110E+01    1.300123E+01    1.300135E+01    1.300148E+01    1.300161E+01    1.300174E+01    1.300188E+01    1.300202E+01    1.300215E+01    1.300226E+01    1.300238E+01    1.300250E+01    1.300260E+01    1.300262E+01    1.300272E+01    1.300282E+01    1.300290E+01    1.300296E+01    1.300302E+01    1.300305E+01    1.300308E+01    1.300318E+01    1.300314E+01    1.300307E+01    1.300298E+01    1.300289E+01    1.300282E+01    1.300273E+01    1.300262E+01    1.300250E+01    1.300236E+01    1.300221E+01    1.300206E+01    1.300191E+01    1.300175E+01    1.300160E+01    1.300146E+01    1.300132E+01    1.300119E+01    1.300108E+01    1.300098E+01    1.300088E+01    1.300081E+01    1.300074E+01    1.300068E+01    1.300064E+01    1.300060E+01    1.300057E+01    1.300055E+01    1.300052E+01    1.300049E+01    1.300042E+01    1.300029E+01    1.300039E+01    1.000000E+30    1.000000E+30    1.000000E+30    1.000000E+30    1.000000E+30    1.000000E+30    1.000000E+30    1.000000E+30    1.000000E+30    1.000000E+30    1.000000E+30    1.000000E+30    1.000000E+30    1.000000E+30    1.000000E+30    1.000000E+30    1.000000E+30    1.000000E+30    1.000000E+30    1.000000E+30    1.000000E+30    1.000000E+30    1.000000E+30    1.000000E+30    1.000000E+30    1.000000E+30    1.000000E+30    1.000000E+30    1.000000E+30    1.000000E+30    1.000000E+30    1.000000E+30    1.000000E+30    1.000000E+30    1.000000E+30    1.000000E+30    1.000000E+30    1.000000E+30    1.000000E+30    1.000000E+30    1.000000E+30    1.000000E+30    1.000000E+30    1.000000E+30    1.000000E+30    1.000000E+30    1.000000E+30    1.000000E+30    1.000000E+30    1.000000E+30    1.000000E+30
   1.000000E+30    1.300018E+01    1.300006E+01    1.300003E+01    1.300002E+01    1.300001E+01    1.300001E+01    1.300001E+01    1.300001E+01    1.300001E+01    1.300001E+01    1.300001E+01    1.300000E+01    1.300000E+01    1.300000E+01    1.300000E+01    1.300000E+01    1.300000E+01    1.300000E+01    1.300000E+01    1.300000E+01    1.300000E+01    1.300000E+01    1.300000E+01    1.300000E+01    1.300000E+01    1.300000E+01    1.300000E+01    1.300000E+01    1.300000E+01    1.300000E+01    1.300000E+01    1.300001E+01    1.300001E+01    1.300003E+01    1.300005E+01    1.300011E+01    1.300018E+01    1.300033E+01    1.300048E+01    1.300061E+01    1.300074E+01    1.300088E+01    1.300102E+01    1.300116E+01    1.300130E+01    1.300145E+01    1.300160E+01    1.300176E+01    1.300191E+01    1.300208E+01    1.300225E+01    1.300245E+01    1.300266E+01    1.300285E+01    1.300296E+01    1.300315E+01    1.300337E+01    1.300362E+01    1.300430E+01    1.300461E+01    1.300483E+01    1.300499E+01    1.300509E+01    1.300511E+01    1.300503E+01    1.300480E+01    1.300428E+01    1.300409E+01    1.300392E+01    1.300375E+01    1.300359E+01    1.300350E+01    1.300335E+01    1.300319E+01    1.300301E+01    1.300281E+01    1.300261E+01    1.300241E+01    1.300221E+01    1.300201E+01    1.300181E+01    1.300163E+01    1.300146E+01    1.300130E+01    1.300115E+01    1.300102E+01    1.300091E+01    1.300080E+01    1.300071E+01    1.300062E+01    1.300055E+01    1.300049E+01    1.300044E+01    1.300038E+01    1.300033E+01    1.300027E+01    1.300018E+01    1.300015E+01    1.300033E+01    1.000000E+30    1.000000E+30    1.000000E+30    1.000000E+30    1.000000E+30    1.000000E+30    1.000000E+30    1.000000E+30    1.000000E+30    1.000000E+30    1.000000E+30    1.000000E+30    1.000000E+30    1.000000E+30    1.000000E+30    1.000000E+30    1.000000E+30    1.000000E+30    1.000000E+30    1.000000E+30    1.000000E+30    1.000000E+30    1.000000E+30    1.000000E+30    1.000000E+30    1.000000E+30    1.000000E+30    1.000000E+30    1.000000E+30    1.000000E+30    1.000000E+30    1.000000E+30    1.000000E+30    1.000000E+30    1.000000E+30    1.000000E+30    1.000000E+30    1.000000E+30    1.000000E+30    1.000000E+30    1.000000E+30    1.000000E+30    1.000000E+30    1.000000E+30    1.000000E+30    1.000000E+30    1.000000E+30    1.000000E+30    1.000000E+30    1.000000E+30    1.000000E+30
   1.000000E+30    1.300018E+01    1.300006E+01    1.300003E+01    1.300002E+01    1.300001E+01    1.300001E+01    1.300001E+01    1.300001E+01    1.300001E+01    1.300001E+01    1.300001E+01    1.300000E+01    1.300000E+01    1.300000E+01    1.300000E+01    1.300000E+01    1.300000E+01    1.300000E+01    1.300000E+01    1.300000E+01    1.300000E+01    1.300000E+01    1.300000E+01    1.300000E+01    1.300000E+01    1.300000E+01    1.300000E+01    1.300000E+01    1.300001E+01    1.300001E+01    1.300002E+01    1.300003E+01    1.300005E+01    1.300008E+01    1.300015E+01    1.300030E+01    1.300042E+01    1.300057E+01    1.300072E+01    1.300088E+01    1.300103E+01    1.300119E+01    1.300135E+01    1.300152E+01    1.300169E+01    1.300188E+01    1.300207E+01    1.300227E+01    1.300248E+01    1.300272E+01    1.300294E+01    1.300328E+01    1.300364E+01    1.300403E+01    1.300489E+01    1.300537E+01    1.300574E+01    1.300611E+01    1.300655E+01    1.300685E+01    1.300707E+01    1.300718E+01    1.300720E+01    1.300711E+01    1.300697E+01    1.300675E+01    1.300643E+01    1.300617E+01    1.300591E+01    1.300559E+01    1.300515E+01    1.300445E+01    1.300412E+01    1.300389E+01    1.300361E+01    1.300333E+01    1.300305E+01    1.300279E+01    1.300253E+01    1.300228E+01    1.300204E+01    1.300181E+01    1.300160E+01    1.300140E+01    1.300123E+01    1.300107E+01    1.300092E+01    1.300079E+01    1.300067E+01    1.300057E+01    1.300047E+01    1.300039E+01    1.300031E+01    1.300023E+01    1.300014E+01    1.300010E+01    1.300008E+01    1.300010E+01    1.300030E+01    1.000000E+30    1.000000E+30    1.000000E+30    1.000000E+30    1.000000E+30    1.000000E+30    1.000000E+30    1.000000E+30    1.000000E+30    1.000000E+30    1.000000E+30    1.000000E+30    1.000000E+30    1.000000E+30    1.000000E+30    1.000000E+30    1.000000E+30    1.000000E+30    1.000000E+30    1.000000E+30    1.000000E+30    1.000000E+30    1.000000E+30    1.000000E+30    1.000000E+30    1.000000E+30    1.000000E+30    1.000000E+30    1.000000E+30    1.000000E+30    1.000000E+30    1.000000E+30    1.000000E+30    1.000000E+30    1.000000E+30    1.000000E+30    1.000000E+30    1.000000E+30    1.000000E+30    1.000000E+30    1.000000E+30    1.000000E+30    1.000000E+30    1.000000E+30    1.000000E+30    1.000000E+30    1.000000E+30    1.000000E+30    1.000000E+30    1.000000E+30    1.000000E+30
   1.000000E+30    1.300018E+01    1.300006E+01    1.300003E+01    1.300002E+01    1.300001E+01    1.300001E+01    1.300001E+01    1.300001E+01    1.300001E+01    1.300001E+01    1.300001E+01    1.300000E+01    1.300000E+01    1.300000E+01    1.300000E+01    1.300000E+01    1.300000E+01    1.300000E+01    1.300000E+01    1.300000E+01    1.300000E+01    1.300000E+01    1.300000E+01    1.300000E+01    1.300000E+01    1.300001E+01    1.300001E+01    1.300002E+01    1.300003E+01    1.300004E+01    1.300006E+01    1.300009E+01    1.300013E+01    1.300020E+01    1.300036E+01    1.300053E+01    1.300068E+01    1.300084E+01    1.300101E+01    1.300118E+01    1.300137E+01    1.300156E+01    1.300175E+01    1.300196E+01    1.300218E+01    1.300240E+01    1.300267E+01    1.300297E+01    1.300325E+01    1.300371E+01    1.300480E+01    1.300547E+01    1.300602E+01    1.300656E+01    1.300717E+01    1.300768E+01    1.300812E+01    1.300853E+01    1.300890E+01    1.300919E+01    1.300936E+01    1.300942E+01    1.300941E+01    1.300933E+01    1.300918E+01    1.300896E+01    1.300867E+01    1.300836E+01    1.300800E+01    1.300757E+01    1.300704E+01    1.300637E+01    1.300573E+01    1.300482E+01    1.300436E+01    1.300393E+01    1.300354E+01    1.300321E+01    1.300288E+01    1.300257E+01    1.300227E+01    1.300199E+01    1.300173E+01    1.300150E+01    1.300130E+01    1.300111E+01    1.300093E+01    1.300078E+01    1.300063E+01    1.300051E+01    1.300040E+01    1.300029E+01    1.300020E+01    1.300010E+01    1.300006E+01    1.300004E+01    1.300004E+01    1.300007E+01    1.300027E+01    1.000000E+30    1.000000E+30    1.000000E+30    1.000000E+30    1.000000E+30    1.000000E+30    1.000000E+30    1.000000E+30    1.000000E+30    1.000000E+30    1.000000E+30    1.000000E+30    1.000000E+30    1.000000E+30    1.000000E+30    1.000000E+30    1.000000E+30    1.000000E+30    1.000000E+30    1.000000E+30    1.000000E+30    1.000000E+30    1.000000E+30    1.000000E+30    1.000000E+30    1.000000E+30    1.000000E+30    1.000000E+30    1.000000E+30    1.000000E+30    1.000000E+30    1.000000E+30    1.000000E+30    1.000000E+30    1.000000E+30    1.000000E+30    1.000000E+30    1.000000E+30    1.000000E+30    1.000000E+30    1.000000E+30    1.000000E+30    1.000000E+30    1.000000E+30    1.000000E+30    1.000000E+30    1.000000E+30    1.000000E+30    1.000000E+30    1.000000E+30    1.000000E+30
   1.000000E+30    1.300018E+01    1.300006E+01    1.300003E+01    1.300002E+01    1.300001E+01    1.300001E+01    1.300001E+01    1.300001E+01    1.300001E+01    1.300001E+01    1.300001E+01    1.300001E+01    1.300000E+01    1.300000E+01    1.300000E+01    1.300000E+01    1.300000E+01    1.300000E+01    1.300000E+01    1.300000E+01    1.300000E+01    1.300000E+01    1.300000E+01    1.300001E+01    1.300001E+01    1.300002E+01    1.300003E+01    1.300005E+01    1.300008E+01    1.300011E+01    1.300016E+01    1.300027E+01    1.300037E+01    1.300048E+01    1.300063E+01    1.300079E+01    1.300097E+01    1.300115E+01    1.300134E+01    1.300156E+01    1.300179E+01    1.300202E+01    1.300226E+01    1.300253E+01    1.300282E+01    1.300311E+01    1.300355E+01    1.300409E+01    1.300525E+01    1.300607E+01    1.300693E+01    1.300768E+01    1.300833E+01    1.300894E+01    1.300955E+01    1.301010E+01    1.301059E+01    1.301102E+01    1.301139E+01    1.301168E+01    1.301187E+01    1.301197E+01    1.301198E+01    1.301190E+01    1.301174E+01    1.301150E+01    1.301120E+01    1.301083E+01    1.301040E+01    1.300989E+01    1.300928E+01    1.300855E+01    1.300775E+01    1.300691E+01    1.300619E+01    1.300551E+01    1.300480E+01    1.300385E+01    1.300335E+01    1.300291E+01    1.300253E+01    1.300219E+01    1.300188E+01    1.300161E+01    1.300136E+01    1.300114E+01    1.300094E+01    1.300076E+01    1.300060E+01    1.300045E+01    1.300032E+01    1.300020E+01    1.300009E+01    1.300005E+01    1.300003E+01    1.300002E+01    1.300002E+01    1.300004E+01    1.300010E+01    1.300031E+01    1.000000E+30    1.000000E+30    1.000000E+30    1.000000E+30    1.000000E+30    1.000000E+30    1.000000E+30    1.000000E+30    1.000000E+30    1.000000E+30    1.000000E+30    1.000000E+30    1.000000E+30    1.000000E+30    1.000000E+30    1.000000E+30    1.000000E+30    1.000000E+30    1.000000E+30    1.000000E+30    1.000000E+30    1.000000E+30    1.000000E+30    1.000000E+30    1.000000E+30    1.000000E+30    1.000000E+30    1.000000E+30    1.000000E+30    1.000000E+30    1.000000E+30    1.000000E+30    1.000000E+30    1.000000E+30    1.000000E+30    1.000000E+30    1.000000E+30    1.000000E+30    1.000000E+30    1.000000E+30    1.000000E+30    1.000000E+30    1.000000E+30    1.000000E+30    1.000000E+30    1.000000E+30    1.000000E+30    1.000000E+30    1.000000E+30    1.000000E+30
   1.000000E+30    1.300018E+01    1.300006E+01    1.300003E+01    1.300002E+01    1.300001E+01    1.300001E+01    1.300001E+01    1.300001E+01    1.300001E+01    1.300001E+01    1.300001E+01    1.300001E+01    1.300000E+01    1.300000E+01    1.300000E+01    1.300000E+01    1.300000E+01    1.300000E+01    1.300000E+01    1.300000E+01    1.300001E+01    1.300001E+01    1.300001E+01    1.300002E+01    1.300003E+01    1.300005E+01    1.300009E+01    1.300014E+01    1.300023E+01    1.300031E+01    1.300039E+01    1.300051E+01    1.300063E+01    1.300077E+01    1.300094E+01    1.300113E+01    1.300133E+01    1.300155E+01    1.300178E+01    1.300206E+01    1.300236E+01    1.300267E+01    1.300295E+01    1.300338E+01    1.300392E+01    1.300510E+01    1.300590E+01    1.300671E+01    1.300768E+01    1.300859E+01    1.300948E+01    1.301028E+01    1.301101E+01    1.301167E+01    1.301230E+01    1.301287E+01    1.301337E+01    1.301380E+01    1.301416E+01    1.301443E+01    1.301463E+01    1.301473E+01    1.301474E+01    1.301467E+01    1.301451E+01    1.301427E+01    1.301395E+01    1.301356E+01    1.301308E+01    1.301252E+01    1.301185E+01    1.301107E+01    1.301018E+01    1.300925E+01    1.300832E+01    1.300741E+01    1.300648E+01    1.300553E+01    1.300470E+01    1.300392E+01    1.300298E+01    1.300246E+01    1.300206E+01    1.300172E+01    1.300143E+01    1.300118E+01    1.300094E+01    1.300074E+01    1.300055E+01    1.300039E+01    1.300023E+01    1.300010E+01    1.300005E+01    1.300002E+01    1.300002E+01    1.300001E+01    1.300002E+01    1.300003E+01    1.300008E+01    1.300030E+01    1.000000E+30    1.000000E+30    1.000000E+30    1.000000E+30    1.000000E+30    1.000000E+30    1.000000E+30    1.000000E+30    1.000000E+30    1.000000E+30    1.000000E+30    1.000000E+30    1.000000E+30    1.000000E+30    1.000000E+30    1.000000E+30    1.000000E+30    1.000000E+30    1.000000E+30    1.000000E+30    1.000000E+30    1.000000E+30    1.000000E+30    1.000000E+30    1.000000E+30    1.000000E+30    1.000000E+30    1.000000E+30    1.000000E+30    1.000000E+30    1.000000E+30    1.000000E+30    1.000000E+30    1.000000E+30    1.000000E+30    1.000000E+30    1.000000E+30    1.000000E+30    1.000000E+30    1.000000E+30    1.000000E+30    1.000000E+30    1.000000E+30    1.000000E+30    1.000000E+30    1.000000E+30    1.000000E+30    1.000000E+30    1.000000E+30    1.000000E+30
   1.000000E+30    1.300018E+01    1.300006E+01    1.300003E+01    1.300002E+01    1.300001E+01    1.300001E+01    1.300001E+01    1.300001E+01    1.300001E+01    1.300001E+01    1.300001E+01    1.300001E+01    1.300001E+01    1.300000E+01    1.300000E+01    1.300000E+01    1.300000E+01    1.300001E+01    1.300001E+01    1.300001E+01    1.300001E+01    1.300002E+01    1.300003E+01    1.300006E+01    1.300010E+01    1.300015E+01    1.300025E+01    1.300034E+01    1.300044E+01    1.300054E+01    1.300066E+01    1.300080E+01    1.300096E+01    1.300114E+01    1.300133E+01    1.300157E+01    1.300184E+01    1.300214E+01    1.300242E+01    1.300282E+01    1.300328E+01    1.300384E+01    1.300505E+01    1.300587E+01    1.300669E+01    1.300768E+01    1.300862E+01    1.300957E+01    1.301054E+01    1.301147E+01    1.301234E+01    1.301314E+01    1.301387E+01    1.301455E+01    1.301517E+01    1.301573E+01    1.301622E+01    1.301665E+01    1.301701E+01    1.301728E+01    1.301747E+01    1.301758E+01    1.301759E+01    1.301752E+01    1.301736E+01    1.301711E+01    1.301678E+01    1.301637E+01    1.301586E+01    1.301525E+01    1.301454E+01    1.301371E+01    1.301278E+01    1.301178E+01    1.301073E+01    1.300966E+01    1.300854E+01    1.300741E+01    1.300631E+01    1.300523E+01    1.300418E+01    1.300328E+01    1.300231E+01    1.300187E+01    1.300152E+01    1.300122E+01    1.300096E+01    1.300072E+01    1.300051E+01    1.300032E+01    1.300014E+01    1.300006E+01    1.300003E+01    1.300001E+01    1.300001E+01    1.300001E+01    1.300001E+01    1.300003E+01    1.300006E+01    1.300027E+01    1.000000E+30    1.000000E+30    1.000000E+30    1.000000E+30    1.000000E+30    1.000000E+30    1.000000E+30    1.000000E+30    1.000000E+30    1.000000E+30    1.000000E+30    1.000000E+30    1.000000E+30    1.000000E+30    1.000000E+30    1.000000E+30    1.000000E+30    1.000000E+30    1.000000E+30    1.000000E+30    1.000000E+30    1.000000E+30    1.000000E+30    1.000000E+30    1.000000E+30    1.000000E+30    1.000000E+30    1.000000E+30    1.000000E+30    1.000000E+30    1.000000E+30    1.000000E+30    1.000000E+30    1.000000E+30    1.000000E+30    1.000000E+30    1.000000E+30    1.000000E+30    1.000000E+30    1.000000E+30    1.000000E+30    1.000000E+30    1.000000E+30    1.000000E+30    1.000000E+30    1.000000E+30    1.000000E+30    1.000000E+30    1.000000E+30    1.000000E+30
   1.000000E+30    1.300018E+01    1.300006E+01    1.300003E+01    1.300002E+01    1.300001E+01    1.300001E+01    1.300001E+01    1.300001E+01    1.300001E+01    1.300001E+01    1.300001E+01    1.300001E+01    1.300001E+01    1.300001E+01    1.300001E+01    1.300001E+01    1.300001E+01    1.300001E+01    1.300001E+01    1.300002E+01    1.300003E+01    1.300005E+01    1.300008E+01    1.300015E+01    1.300027E+01    1.300036E+01    1.300047E+01    1.300058E+01    1.300070E+01    1.300083E+01    1.300099E+01    1.300119E+01    1.300142E+01    1.300167E+01    1.300190E+01    1.300226E+01    1.300271E+01    1.300327E+01    1.300454E+01    1.300530E+01    1.300599E+01    1.300675E+01    1.300773E+01    1.300867E+01    1.300963E+01    1.301064E+01    1.301163E+01    1.301258E+01    1.301351E+01    1.301441E+01    1.301526E+01    1.301606E+01    1.301679E+01    1.301747E+01    1.301808E+01    1.301863E+01    1.301913E+01    1.301957E+01    1.301993E+01    1.302020E+01    1.302039E+01    1.302050E+01    1.302051E+01    1.302044E+01    1.302028E+01    1.302002E+01    1.301968E+01    1.301925E+01    1.301871E+01    1.301807E+01    1.301732E+01    1.301645E+01    1.301545E+01    1.301435E+01    1.301316E+01    1.301194E+01    1.301069E+01    1.300942E+01    1.300815E+01    1.300684E+01    1.300552E+01    1.300429E+01    1.300316E+01    1.300211E+01    1.300165E+01    1.300128E+01    1.300098E+01    1.300071E+01    1.300048E+01    1.300026E+01    1.300010E+01    1.300004E+01    1.300002E+01    1.300001E+01    1.300001E+01    1.300001E+01    1.300001E+01    1.300002E+01    1.300003E+01    1.300006E+01    1.000000E+30    1.000000E+30    1.000000E+30    1.000000E+30    1.000000E+30    1.000000E+30    1.000000E+30    1.000000E+30    1.000000E+30    1.000000E+30    1.000000E+30    1.000000E+30    1.000000E+30    1.000000E+30    1.000000E+30    1.000000E+30    1.000000E+30    1.000000E+30    1.000000E+30    1.000000E+30    1.000000E+30    1.000000E+30    1.000000E+30    1.000000E+30    1.000000E+30    1.000000E+30    1.000000E+30    1.000000E+30    1.000000E+30    1.000000E+30    1.000000E+30    1.000000E+30    1.000000E+30    1.000000E+30    1.000000E+30    1.000000E+30    1.000000E+30    1.000000E+30    1.000000E+30    1.000000E+30    1.000000E+30    1.000000E+30    1.000000E+30    1.000000E+30    1.000000E+30    1.000000E+30    1.000000E+30    1.000000E+30    1.000000E+30    1.000000E+30
   1.000000E+30    1.300018E+01    1.300006E+01    1.300003E+01    1.300002E+01    1.300002E+01    1.300001E+01    1.300001E+01    1.300001E+01    1.300001E+01    1.300001E+01    1.300001E+01    1.300001E+01    1.300001E+01    1.300001E+01    1.300001E+01    1.300001E+01    1.300002E+01    1.300003E+01    1.300004E+01    1.300006E+01    1.300009E+01    1.300014E+01    1.300020E+01    1.300036E+01    1.300049E+01    1.300062E+01    1.300074E+01    1.300088E+01    1.300104E+01    1.300123E+01    1.300147E+01    1.300181E+01    1.300222E+01    1.300273E+01    1.300390E+01    1.300475E+01    1.300550E+01    1.300624E+01    1.300718E+01    1.300804E+01    1.300889E+01    1.300978E+01    1.301076E+01    1.301174E+01    1.301272E+01    1.301370E+01    1.301466E+01    1.301559E+01    1.301650E+01    1.301737E+01    1.301822E+01    1.301902E+01    1.301975E+01    1.302042E+01    1.302101E+01    1.302156E+01    1.302208E+01    1.302253E+01    1.302289E+01    1.302317E+01    1.302336E+01    1.302347E+01    1.302348E+01    1.302341E+01    1.302324E+01    1.302299E+01    1.302264E+01    1.302219E+01    1.302164E+01    1.302097E+01    1.302018E+01    1.301926E+01    1.301819E+01    1.301696E+01    1.301558E+01    1.301423E+01    1.301283E+01    1.301143E+01    1.301000E+01    1.300853E+01    1.300699E+01    1.300542E+01    1.300398E+01    1.300255E+01    1.300184E+01    1.300137E+01    1.300101E+01    1.300071E+01    1.300044E+01    1.300018E+01    1.300007E+01    1.300003E+01    1.300001E+01    1.300001E+01    1.300001E+01    1.300001E+01    1.300001E+01    1.300001E+01    1.300002E+01    1.300002E+01    1.000000E+30    1.000000E+30    1.000000E+30    1.000000E+30    1.000000E+30    1.000000E+30    1.000000E+30    1.000000E+30    1.000000E+30    1.000000E+30    1.000000E+30    1.000000E+30    1.000000E+30    1.000000E+30    1.000000E+30    1.000000E+30    1.000000E+30    1.000000E+30    1.000000E+30    1.000000E+30    1.000000E+30    1.000000E+30    1.000000E+30    1.000000E+30    1.000000E+30    1.000000E+30    1.000000E+30    1.000000E+30    1.000000E+30    1.000000E+30    1.000000E+30    1.000000E+30    1.000000E+30    1.000000E+30    1.000000E+30    1.000000E+30    1.000000E+30    1.000000E+30    1.000000E+30    1.000000E+30    1.000000E+30    1.000000E+30    1.000000E+30    1.000000E+30    1.000000E+30    1.000000E+30    1.000000E+30    1.000000E+30    1.000000E+30    1.000000E+30
   1.000000E+30    1.300018E+01    1.300006E+01    1.300003E+01    1.300002E+01    1.300002E+01    1.300001E+01    1.300001E+01    1.300001E+01    1.300001E+01    1.300001E+01    1.300001E+01    1.300001E+01    1.300002E+01    1.300002E+01    1.300003E+01    1.300004E+01    1.300005E+01    1.300007E+01    1.300009E+01    1.300015E+01    1.300023E+01    1.300038E+01    1.300050E+01    1.300064E+01    1.300078E+01    1.300093E+01    1.300109E+01    1.300128E+01    1.300152E+01    1.300193E+01    1.300300E+01    1.300378E+01    1.300456E+01    1.300542E+01    1.300648E+01    1.300742E+01    1.300829E+01    1.300917E+01    1.301011E+01    1.301106E+01    1.301199E+01    1.301292E+01    1.301387E+01    1.301482E+01    1.301578E+01    1.301675E+01    1.301769E+01    1.301860E+01    1.301947E+01    1.302032E+01    1.302119E+01    1.302200E+01    1.302273E+01    1.302338E+01    1.302395E+01    1.302446E+01    1.302504E+01    1.302551E+01    1.302588E+01    1.302616E+01    1.302636E+01    1.302646E+01    1.302648E+01    1.302640E+01    1.302623E+01    1.302598E+01    1.302562E+01    1.302517E+01    1.302460E+01    1.302393E+01    1.302312E+01    1.302217E+01    1.302104E+01    1.301967E+01    1.301794E+01    1.301650E+01    1.301494E+01    1.301341E+01    1.301186E+01    1.301024E+01    1.300854E+01    1.300672E+01    1.300496E+01    1.300343E+01    1.300209E+01    1.300149E+01    1.300107E+01    1.300073E+01    1.300044E+01    1.300016E+01    1.300006E+01    1.300003E+01    1.300001E+01    1.300001E+01    1.300001E+01    1.300001E+01    1.300001E+01    1.300001E+01    1.300001E+01    1.300001E+01    1.300001E+01    1.000000E+30    1.000000E+30    1.000000E+30    1.000000E+30    1.000000E+30    1.000000E+30    1.000000E+30    1.000000E+30    1.000000E+30    1.000000E+30    1.000000E+30    1.000000E+30    1.000000E+30    1.000000E+30    1.000000E+30    1.000000E+30    1.000000E+30    1.000000E+30    1.000000E+30    1.000000E+30    1.000000E+30    1.000000E+30    1.000000E+30    1.000000E+30    1.000000E+30    1.000000E+30    1.000000E+30    1.000000E+30    1.000000E+30    1.000000E+30    1.000000E+30    1.000000E+30    1.000000E+30    1.000000E+30    1.000000E+30    1.000000E+30    1.000000E+30    1.000000E+30    1.000000E+30    1.000000E+30    1.000000E+30    1.000000E+30    1.000000E+30    1.000000E+30    1.000000E+30    1.000000E+30    1.000000E+30    1.000000E+30    1.000000E+30
   1.000000E+30    1.300018E+01    1.300006E+01    1.300003E+01    1.300002E+01    1.300002E+01    1.300001E+01    1.300001E+01    1.300001E+01    1.300002E+01    1.300002E+01    1.300002E+01    1.300003E+01    1.300004E+01    1.300005E+01    1.300007E+01    1.300009E+01    1.300014E+01    1.300018E+01    1.300025E+01    1.300042E+01    1.300055E+01    1.300069E+01    1.300083E+01    1.300098E+01    1.300115E+01    1.300134E+01    1.300157E+01    1.300190E+01    1.300304E+01    1.300394E+01    1.300501E+01    1.300606E+01    1.300710E+01    1.300812E+01    1.300917E+01    1.301019E+01    1.301116E+01    1.301212E+01    1.301309E+01    1.301408E+01    1.301505E+01    1.301601E+01    1.301694E+01    1.301786E+01    1.301879E+01    1.301976E+01    1.302071E+01    1.302159E+01    1.302240E+01    1.302319E+01    1.302415E+01    1.302499E+01    1.302572E+01    1.302636E+01    1.302687E+01    1.302722E+01    1.000000E+30    1.000000E+30    1.000000E+30    1.000000E+30    1.000000E+30    1.000000E+30    1.000000E+30    1.000000E+30    1.000000E+30    1.000000E+30    1.000000E+30    1.000000E+30    1.000000E+30    1.000000E+30    1.000000E+30    1.000000E+30    1.000000E+30    1.000000E+30    1.301993E+01    1.301882E+01    1.301696E+01    1.301535E+01    1.301374E+01    1.301200E+01    1.301015E+01    1.300816E+01    1.300610E+01    1.300425E+01    1.300251E+01    1.300165E+01    1.300115E+01    1.300077E+01    1.300046E+01    1.300017E+01    1.300006E+01    1.300003E+01    1.300002E+01    1.300001E+01    1.300001E+01    1.300001E+01    1.300001E+01    1.300001E+01    1.300001E+01    1.300001E+01    1.300001E+01    1.000000E+30    1.000000E+30    1.000000E+30    1.000000E+30    1.000000E+30    1.000000E+30    1.000000E+30    1.000000E+30    1.000000E+30    1.000000E+30    1.000000E+30    1.000000E+30    1.000000E+30    1.000000E+30    1.000000E+30    1.000000E+30    1.000000E+30    1.000000E+30    1.000000E+30    1.000000E+30    1.000000E+30    1.000000E+30    1.000000E+30    1.000000E+30    1.000000E+30    1.000000E+30    1.000000E+30    1.000000E+30    1.000000E+30    1.000000E+30    1.000000E+30    1.000000E+30    1.000000E+30    1.000000E+30    1.000000E+30    1.000000E+30    1.000000E+30    1.000000E+30    1.000000E+30    1.000000E+30    1.000000E+30    1.000000E+30    1.000000E+30    1.000000E+30    1.000000E+30    1.000000E+30    1.000000E+30    1.000000E+30    1.000000E+30
   1.000000E+30    1.300018E+01    1.300006E+01    1.300003E+01    1.300002E+01    1.300002E+01    1.300002E+01    1.300002E+01    1.300002E+01    1.300003E+01    1.300004E+01    1.300005E+01    1.300007E+01    1.300009E+01    1.300014E+01    1.300018E+01    1.300024E+01    1.300040E+01    1.300051E+01    1.300062E+01    1.300076E+01    1.300090E+01    1.300105E+01    1.300121E+01    1.300139E+01    1.300161E+01    1.300190E+01    1.300233E+01    1.300363E+01    1.300488E+01    1.300610E+01    1.300734E+01    1.300851E+01    1.300964E+01    1.301075E+01    1.301187E+01    1.301297E+01    1.301402E+01    1.301502E+01    1.301602E+01    1.301707E+01    1.301809E+01    1.301905E+01    1.301996E+01    1.302082E+01    1.302167E+01    1.302274E+01    1.302370E+01    1.302456E+01    1.302528E+01    1.302579E+01    1.000000E+30    1.000000E+30    1.000000E+30    1.000000E+30    1.000000E+30    1.000000E+30    1.000000E+30    1.000000E+30    1.000000E+30    1.000000E+30    1.000000E+30    1.000000E+30    1.000000E+30    1.000000E+30    1.000000E+30    1.000000E+30    1.000000E+30    1.000000E+30    1.000000E+30    1.000000E+30    1.000000E+30    1.000000E+30    1.000000E+30    1.000000E+30    1.000000E+30    1.000000E+30    1.301863E+01    1.301721E+01    1.301567E+01    1.301380E+01    1.301183E+01    1.300968E+01    1.300740E+01    1.300526E+01    1.300344E+01    1.300184E+01    1.300126E+01    1.300084E+01    1.300049E+01    1.300018E+01    1.300007E+01    1.300003E+01    1.300002E+01    1.300001E+01    1.300001E+01    1.300001E+01    1.300001E+01    1.300001E+01    1.300001E+01    1.300001E+01    1.300001E+01    1.000000E+30    1.000000E+30    1.000000E+30    1.000000E+30    1.000000E+30    1.000000E+30    1.000000E+30    1.000000E+30    1.000000E+30    1.000000E+30    1.000000E+30    1.000000E+30    1.000000E+30    1.000000E+30    1.000000E+30    1.000000E+30    1.000000E+30    1.000000E+30    1.000000E+30    1.000000E+30    1.000000E+30    1.000000E+30    1.000000E+30    1.000000E+30    1.000000E+30    1.000000E+30    1.000000E+30    1.000000E+30    1.000000E+30    1.000000E+30    1.000000E+30    1.000000E+30    1.000000E+30    1.000000E+30    1.000000E+30    1.000000E+30    1.000000E+30    1.000000E+30    1.000000E+30    1.000000E+30    1.000000E+30    1.000000E+30    1.000000E+30    1.000000E+30    1.000000E+30    1.000000E+30    1.000000E+30    1.000000E+30    1.000000E+30
   1.000000E+30    1.300018E+01    1.300006E+01    1.300003E+01    1.300002E+01    1.300002E+01    1.300002E+01    1.300003E+01    1.300004E+01    1.300006E+01    1.300009E+01    1.300014E+01    1.300019E+01    1.300025E+01    1.300041E+01    1.300051E+01    1.300061E+01    1.300073E+01    1.300086E+01    1.300099E+01    1.300113E+01    1.300129E+01    1.300146E+01    1.300165E+01    1.300190E+01    1.300224E+01    1.300277E+01    1.300419E+01    1.300563E+01    1.300707E+01    1.300844E+01    1.300973E+01    1.301096E+01    1.301216E+01    1.301335E+01    1.301453E+01    1.301574E+01    1.301686E+01    1.301786E+01    1.301882E+01    1.302002E+01    1.302109E+01    1.302206E+01    1.302294E+01    1.302371E+01    1.302424E+01    1.000000E+30    1.000000E+30    1.000000E+30    1.000000E+30    1.000000E+30    1.000000E+30    1.000000E+30    1.000000E+30    1.000000E+30    1.000000E+30    1.000000E+30    1.000000E+30    1.000000E+30    1.000000E+30    1.000000E+30    1.000000E+30    1.000000E+30    1.000000E+30    1.000000E+30    1.000000E+30    1.000000E+30    1.000000E+30    1.000000E+30    1.000000E+30    1.000000E+30    1.000000E+30    1.000000E+30    1.000000E+30    1.000000E+30    1.000000E+30    1.000000E+30    1.000000E+30    1.301907E+01    1.301782E+01    1.301562E+01    1.301359E+01    1.301125E+01    1.300880E+01    1.300635E+01    1.300422E+01    1.300215E+01    1.300141E+01    1.300093E+01    1.300055E+01    1.300021E+01    1.300008E+01    1.300004E+01    1.300002E+01    1.300001E+01    1.300001E+01    1.300001E+01    1.300001E+01    1.300001E+01    1.300001E+01    1.300001E+01    1.300001E+01    1.000000E+30    1.000000E+30    1.000000E+30    1.000000E+30    1.000000E+30    1.000000E+30    1.000000E+30    1.000000E+30    1.000000E+30    1.000000E+30    1.000000E+30    1.000000E+30    1.000000E+30    1.000000E+30    1.000000E+30    1.000000E+30    1.000000E+30    1.000000E+30    1.000000E+30    1.000000E+30    1.000000E+30    1.000000E+30    1.000000E+30    1.000000E+30    1.000000E+30    1.000000E+30    1.000000E+30    1.000000E+30    1.000000E+30    1.000000E+30    1.000000E+30    1.000000E+30    1.000000E+30    1.000000E+30    1.000000E+30    1.000000E+30    1.000000E+30    1.000000E+30    1.000000E+30    1.000000E+30    1.000000E+30    1.000000E+30    1.000000E+30    1.000000E+30    1.000000E+30    1.000000E+30    1.000000E+30    1.000000E+30    1.000000E+30
   1.000000E+30    1.300018E+01    1.300006E+01    1.300004E+01    1.300003E+01    1.300004E+01    1.300005E+01    1.300006E+01    1.300009E+01    1.300014E+01    1.300024E+01    1.300041E+01    1.300053E+01    1.300063E+01    1.300075E+01    1.300086E+01    1.300097E+01    1.300110E+01    1.300123E+01    1.300138E+01    1.300155E+01    1.300174E+01    1.300194E+01    1.300220E+01    1.300258E+01    1.300320E+01    1.300474E+01    1.300633E+01    1.300794E+01    1.300943E+01    1.301083E+01    1.301214E+01    1.301339E+01    1.301463E+01    1.301590E+01    1.301710E+01    1.301855E+01    1.301972E+01    1.302066E+01    1.302129E+01    1.000000E+30    1.000000E+30    1.000000E+30    1.000000E+30    1.000000E+30    1.000000E+30    1.000000E+30    1.000000E+30    1.000000E+30    1.000000E+30    1.000000E+30    1.000000E+30    1.000000E+30    1.000000E+30    1.000000E+30    1.000000E+30    1.000000E+30    1.000000E+30    1.000000E+30    1.000000E+30    1.000000E+30    1.000000E+30    1.000000E+30    1.000000E+30    1.000000E+30    1.000000E+30    1.000000E+30    1.000000E+30    1.000000E+30    1.000000E+30    1.000000E+30    1.000000E+30    1.000000E+30    1.000000E+30    1.000000E+30    1.000000E+30    1.000000E+30    1.000000E+30    1.000000E+30    1.000000E+30    1.301716E+01    1.301557E+01    1.301283E+01    1.301032E+01    1.300757E+01    1.300509E+01    1.300260E+01    1.300161E+01    1.300105E+01    1.300063E+01    1.300025E+01    1.300011E+01    1.300005E+01    1.300003E+01    1.300002E+01    1.300001E+01    1.300001E+01    1.300001E+01    1.300001E+01    1.300001E+01    1.300001E+01    1.300001E+01    1.000000E+30    1.000000E+30    1.000000E+30    1.000000E+30    1.000000E+30    1.000000E+30    1.000000E+30    1.000000E+30    1.000000E+30    1.000000E+30    1.000000E+30    1.000000E+30    1.000000E+30    1.000000E+30    1.000000E+30    1.000000E+30    1.000000E+30    1.000000E+30    1.000000E+30    1.000000E+30    1.000000E+30    1.000000E+30    1.000000E+30    1.000000E+30    1.000000E+30    1.000000E+30    1.000000E+30    1.000000E+30    1.000000E+30    1.000000E+30    1.000000E+30    1.000000E+30    1.000000E+30    1.000000E+30    1.000000E+30    1.000000E+30    1.000000E+30    1.000000E+30    1.000000E+30    1.000000E+30    1.000000E+30    1.000000E+30    1.000000E+30    1.000000E+30    1.000000E+30    1.000000E+30    1.000000E+30    1.000000E+30    1.000000E+30
   1.000000E+30    1.300018E+01    1.300007E+01    1.300005E+01    1.300005E+01    1.300007E+01    1.300010E+01    1.300015E+01    1.300023E+01    1.300034E+01    1.300058E+01    1.300077E+01    1.300090E+01    1.300102E+01    1.300114E+01    1.300125E+01    1.300138E+01    1.300151E+01    1.300166E+01    1.300183E+01    1.300204E+01    1.300227E+01    1.300253E+01    1.300290E+01    1.300368E+01    1.300536E+01    1.300705E+01    1.300876E+01    1.301035E+01    1.301184E+01    1.301323E+01    1.301455E+01    1.301577E+01    1.301701E+01    1.301844E+01    1.301932E+01    1.000000E+30    1.000000E+30    1.000000E+30    1.000000E+30    1.000000E+30    1.000000E+30    1.000000E+30    1.000000E+30    1.000000E+30    1.000000E+30    1.000000E+30    1.000000E+30    1.000000E+30    1.000000E+30    1.000000E+30    1.000000E+30    1.000000E+30    1.000000E+30    1.000000E+30    1.000000E+30    1.000000E+30    1.000000E+30    1.000000E+30    1.000000E+30    1.000000E+30    1.000000E+30    1.000000E+30    1.000000E+30    1.000000E+30    1.000000E+30    1.000000E+30    1.000000E+30    1.000000E+30    1.000000E+30    1.000000E+30    1.000000E+30    1.000000E+30    1.000000E+30    1.000000E+30    1.000000E+30    1.000000E+30    1.000000E+30    1.000000E+30    1.000000E+30    1.000000E+30    1.000000E+30    1.301404E+01    1.301213E+01    1.300891E+01    1.300628E+01    1.300395E+01    1.300187E+01    1.300120E+01    1.300073E+01    1.300032E+01    1.300014E+01    1.300007E+01    1.300004E+01    1.300002E+01    1.300002E+01    1.300001E+01    1.300001E+01    1.300001E+01    1.300001E+01    1.300001E+01    1.300001E+01    1.000000E+30    1.000000E+30    1.000000E+30    1.000000E+30    1.000000E+30    1.000000E+30    1.000000E+30    1.000000E+30    1.000000E+30    1.000000E+30    1.000000E+30    1.000000E+30    1.000000E+30    1.000000E+30    1.000000E+30    1.000000E+30    1.000000E+30    1.000000E+30    1.000000E+30    1.000000E+30    1.000000E+30    1.000000E+30    1.000000E+30    1.000000E+30    1.000000E+30    1.000000E+30    1.000000E+30    1.000000E+30    1.000000E+30    1.000000E+30    1.000000E+30    1.000000E+30    1.000000E+30    1.000000E+30    1.000000E+30    1.000000E+30    1.000000E+30    1.000000E+30    1.000000E+30    1.000000E+30    1.000000E+30    1.000000E+30    1.000000E+30    1.000000E+30    1.000000E+30    1.000000E+30    1.000000E+30    1.000000E+30    1.000000E+30
   1.000000E+30    1.300020E+01    1.300010E+01    1.300009E+01    1.300011E+01    1.300017E+01    1.300027E+01    1.300039E+01    1.300065E+01    1.300084E+01    1.300103E+01    1.300119E+01    1.300134E+01    1.300146E+01    1.300158E+01    1.300170E+01    1.300184E+01    1.300199E+01    1.300217E+01    1.300237E+01    1.300265E+01    1.300298E+01    1.300339E+01    1.300496E+01    1.300629E+01    1.300790E+01    1.300962E+01    1.301126E+01    1.301281E+01    1.301428E+01    1.301565E+01    1.301696E+01    1.301807E+01    1.301909E+01    1.000000E+30    1.000000E+30    1.000000E+30    1.000000E+30    1.000000E+30    1.000000E+30    1.000000E+30    1.000000E+30    1.000000E+30    1.000000E+30    1.000000E+30    1.000000E+30    1.000000E+30    1.000000E+30    1.000000E+30    1.000000E+30    1.000000E+30    1.000000E+30    1.000000E+30    1.000000E+30    1.000000E+30    1.000000E+30    1.000000E+30    1.000000E+30    1.000000E+30    1.000000E+30    1.000000E+30    1.000000E+30    1.000000E+30    1.000000E+30    1.000000E+30    1.000000E+30    1.000000E+30    1.000000E+30    1.000000E+30    1.000000E+30    1.000000E+30    1.000000E+30    1.000000E+30    1.000000E+30    1.000000E+30    1.000000E+30    1.000000E+30    1.000000E+30    1.000000E+30    1.000000E+30    1.000000E+30    1.000000E+30    1.000000E+30    1.000000E+30    1.300984E+01    1.300763E+01    1.300527E+01    1.300321E+01    1.300148E+01    1.300093E+01    1.300054E+01    1.300024E+01    1.300012E+01    1.300006E+01    1.300004E+01    1.300002E+01    1.300002E+01    1.300001E+01    1.300001E+01    1.300001E+01    1.300001E+01    1.300001E+01    1.000000E+30    1.000000E+30    1.000000E+30    1.000000E+30    1.000000E+30    1.000000E+30    1.000000E+30    1.000000E+30    1.000000E+30    1.000000E+30    1.000000E+30    1.000000E+30    1.000000E+30    1.000000E+30    1.000000E+30    1.000000E+30    1.000000E+30    1.000000E+30    1.000000E+30    1.000000E+30    1.000000E+30    1.000000E+30    1.000000E+30    1.000000E+30    1.000000E+30    1.000000E+30    1.000000E+30    1.000000E+30    1.000000E+30    1.000000E+30    1.000000E+30    1.000000E+30    1.000000E+30    1.000000E+30    1.000000E+30    1.000000E+30    1.000000E+30    1.000000E+30    1.000000E+30    1.000000E+30    1.000000E+30    1.000000E+30    1.000000E+30    1.000000E+30    1.000000E+30    1.000000E+30    1.000000E+30    1.000000E+30    1.000000E+30
   1.000000E+30    1.300027E+01    1.300017E+01    1.300020E+01    1.300026E+01    1.300044E+01    1.300076E+01    1.300098E+01    1.300119E+01    1.300137E+01    1.300154E+01    1.300170E+01    1.300184E+01    1.300197E+01    1.300209E+01    1.300223E+01    1.300239E+01    1.300257E+01    1.300281E+01    1.300309E+01    1.300356E+01    1.300421E+01    1.300582E+01    1.300738E+01    1.300894E+01    1.301058E+01    1.301219E+01    1.301377E+01    1.301527E+01    1.301674E+01    1.301805E+01    1.301949E+01    1.302033E+01    1.000000E+30    1.000000E+30    1.000000E+30    1.000000E+30    1.000000E+30    1.000000E+30    1.000000E+30    1.000000E+30    1.000000E+30    1.000000E+30    1.000000E+30    1.000000E+30    1.000000E+30    1.000000E+30    1.000000E+30    1.000000E+30    1.000000E+30    1.000000E+30    1.000000E+30    1.000000E+30    1.000000E+30    1.000000E+30    1.000000E+30    1.000000E+30    1.000000E+30    1.000000E+30    1.000000E+30    1.000000E+30    1.000000E+30    1.000000E+30    1.000000E+30    1.000000E+30    1.000000E+30    1.000000E+30    1.000000E+30    1.000000E+30    1.000000E+30    1.000000E+30    1.000000E+30    1.000000E+30    1.000000E+30    1.000000E+30    1.000000E+30    1.000000E+30    1.000000E+30    1.000000E+30    1.000000E+30    1.000000E+30    1.000000E+30    1.000000E+30    1.000000E+30    1.000000E+30    1.300927E+01    1.300674E+01    1.300440E+01    1.300217E+01    1.300128E+01    1.300079E+01    1.300046E+01    1.300022E+01    1.300012E+01    1.300007E+01    1.300004E+01    1.300002E+01    1.300002E+01    1.300002E+01    1.300001E+01    1.300001E+01    1.300001E+01    1.300002E+01    1.000000E+30    1.000000E+30    1.000000E+30    1.000000E+30    1.000000E+30    1.000000E+30    1.000000E+30    1.000000E+30    1.000000E+30    1.000000E+30    1.000000E+30    1.000000E+30    1.000000E+30    1.000000E+30    1.000000E+30    1.000000E+30    1.000000E+30    1.000000E+30    1.000000E+30    1.000000E+30    1.000000E+30    1.000000E+30    1.000000E+30    1.000000E+30    1.000000E+30    1.000000E+30    1.000000E+30    1.000000E+30    1.000000E+30    1.000000E+30    1.000000E+30    1.000000E+30    1.000000E+30    1.000000E+30    1.000000E+30    1.000000E+30    1.000000E+30    1.000000E+30    1.000000E+30    1.000000E+30    1.000000E+30    1.000000E+30    1.000000E+30    1.000000E+30    1.000000E+30    1.000000E+30    1.000000E+30    1.000000E+30
   1.000000E+30    1.300046E+01    1.300039E+01    1.300051E+01    1.300067E+01    1.300108E+01    1.300139E+01    1.300161E+01    1.300181E+01    1.300198E+01    1.300214E+01    1.300228E+01    1.300242E+01    1.300255E+01    1.300270E+01    1.300288E+01    1.300308E+01    1.300334E+01    1.300383E+01    1.300517E+01    1.300615E+01    1.300718E+01    1.300859E+01    1.301014E+01    1.301168E+01    1.301320E+01    1.301472E+01    1.301626E+01    1.301767E+01    1.301924E+01    1.302021E+01    1.000000E+30    1.000000E+30    1.000000E+30    1.000000E+30    1.000000E+30    1.000000E+30    1.000000E+30    1.000000E+30    1.000000E+30    1.000000E+30    1.000000E+30    1.000000E+30    1.000000E+30    1.000000E+30    1.000000E+30    1.000000E+30    1.000000E+30    1.000000E+30    1.000000E+30    1.000000E+30    1.000000E+30    1.000000E+30    1.000000E+30    1.000000E+30    1.000000E+30    1.000000E+30    1.000000E+30    1.000000E+30    1.000000E+30    1.000000E+30    1.000000E+30    1.000000E+30    1.000000E+30    1.000000E+30    1.000000E+30    1.000000E+30    1.000000E+30    1.000000E+30    1.000000E+30    1.000000E+30    1.000000E+30    1.000000E+30    1.000000E+30    1.000000E+30    1.000000E+30    1.000000E+30    1.000000E+30    1.000000E+30    1.000000E+30    1.000000E+30    1.000000E+30    1.000000E+30    1.000000E+30    1.000000E+30    1.301030E+01    1.300815E+01    1.300595E+01    1.300383E+01    1.300197E+01    1.300115E+01    1.300071E+01    1.300044E+01    1.300027E+01    1.300013E+01    1.300006E+01    1.300003E+01    1.300002E+01    1.300002E+01    1.300002E+01    1.300001E+01    1.300001E+01    1.300002E+01    1.000000E+30    1.000000E+30    1.000000E+30    1.000000E+30    1.000000E+30    1.000000E+30    1.000000E+30    1.000000E+30    1.000000E+30    1.000000E+30    1.000000E+30    1.000000E+30    1.000000E+30    1.000000E+30    1.000000E+30    1.000000E+30    1.000000E+30    1.000000E+30    1.000000E+30    1.000000E+30    1.000000E+30    1.000000E+30    1.000000E+30    1.000000E+30    1.000000E+30    1.000000E+30    1.000000E+30    1.000000E+30    1.000000E+30    1.000000E+30    1.000000E+30    1.000000E+30    1.000000E+30    1.000000E+30    1.000000E+30    1.000000E+30    1.000000E+30    1.000000E+30    1.000000E+30    1.000000E+30    1.000000E+30    1.000000E+30    1.000000E+30    1.000000E+30    1.000000E+30    1.000000E+30    1.000000E+30    1.000000E+30
   1.000000E+30    1.300103E+01    1.300101E+01    1.300142E+01    1.300167E+01    1.300193E+01    1.300215E+01    1.300234E+01    1.300251E+01    1.300267E+01    1.300282E+01    1.300296E+01    1.300310E+01    1.300325E+01    1.300344E+01    1.300372E+01    1.300409E+01    1.300541E+01    1.300644E+01    1.300764E+01    1.300884E+01    1.301010E+01    1.301152E+01    1.301295E+01    1.301436E+01    1.301573E+01    1.301713E+01    1.301877E+01    1.301978E+01    1.000000E+30    1.000000E+30    1.000000E+30    1.000000E+30    1.000000E+30    1.000000E+30    1.000000E+30    1.000000E+30    1.000000E+30    1.000000E+30    1.000000E+30    1.000000E+30    1.000000E+30    1.000000E+30    1.000000E+30    1.000000E+30    1.000000E+30    1.000000E+30    1.000000E+30    1.000000E+30    1.000000E+30    1.000000E+30    1.000000E+30    1.000000E+30    1.000000E+30    1.000000E+30    1.000000E+30    1.000000E+30    1.000000E+30    1.000000E+30    1.000000E+30    1.000000E+30    1.000000E+30    1.000000E+30    1.000000E+30    1.000000E+30    1.000000E+30    1.000000E+30    1.000000E+30    1.000000E+30    1.000000E+30    1.000000E+30    1.000000E+30    1.000000E+30    1.000000E+30    1.000000E+30    1.000000E+30    1.000000E+30    1.000000E+30    1.000000E+30    1.000000E+30    1.000000E+30    1.000000E+30    1.000000E+30    1.000000E+30    1.000000E+30    1.000000E+30    1.300946E+01    1.300760E+01    1.300568E+01    1.300390E+01    1.300252E+01    1.300108E+01    1.300068E+01    1.300044E+01    1.300025E+01    1.300010E+01    1.300005E+01    1.300003E+01    1.300002E+01    1.300002E+01    1.300002E+01    1.300002E+01    1.300002E+01    1.000000E+30    1.000000E+30    1.000000E+30    1.000000E+30    1.000000E+30    1.000000E+30    1.000000E+30    1.000000E+30    1.000000E+30    1.000000E+30    1.000000E+30    1.000000E+30    1.000000E+30    1.000000E+30    1.000000E+30    1.000000E+30    1.000000E+30    1.000000E+30    1.000000E+30    1.000000E+30    1.000000E+30    1.000000E+30    1.000000E+30    1.000000E+30    1.000000E+30    1.000000E+30    1.000000E+30    1.000000E+30    1.000000E+30    1.000000E+30    1.000000E+30    1.000000E+30    1.000000E+30    1.000000E+30    1.000000E+30    1.000000E+30    1.000000E+30    1.000000E+30    1.000000E+30    1.000000E+30    1.000000E+30    1.000000E+30    1.000000E+30    1.000000E+30    1.000000E+30    1.000000E+30    1.000000E+30    1.000000E+30
   1.000000E+30    1.300262E+01    1.300252E+01    1.300262E+01    1.300274E+01    1.300288E+01    1.300302E+01    1.300317E+01    1.300331E+01    1.300345E+01    1.300360E+01    1.300375E+01    1.300391E+01    1.300409E+01    1.300437E+01    1.300498E+01    1.300647E+01    1.300784E+01    1.300911E+01    1.301042E+01    1.301172E+01    1.301302E+01    1.301435E+01    1.301566E+01    1.301697E+01    1.301812E+01    1.301919E+01    1.000000E+30    1.000000E+30    1.000000E+30    1.000000E+30    1.000000E+30    1.000000E+30    1.000000E+30    1.000000E+30    1.000000E+30    1.000000E+30    1.000000E+30    1.000000E+30    1.000000E+30    1.000000E+30    1.000000E+30    1.000000E+30    1.000000E+30    1.000000E+30    1.000000E+30    1.000000E+30    1.000000E+30    1.000000E+30    1.000000E+30    1.000000E+30    1.000000E+30    1.000000E+30    1.000000E+30    1.000000E+30    1.000000E+30    1.000000E+30    1.000000E+30    1.000000E+30    1.000000E+30    1.000000E+30    1.000000E+30    1.000000E+30    1.000000E+30    1.000000E+30    1.000000E+30    1.000000E+30    1.000000E+30    1.000000E+30    1.000000E+30    1.000000E+30    1.000000E+30    1.000000E+30    1.000000E+30    1.000000E+30    1.000000E+30    1.000000E+30    1.000000E+30    1.000000E+30    1.000000E+30    1.000000E+30    1.000000E+30    1.000000E+30    1.000000E+30    1.000000E+30    1.000000E+30    1.000000E+30    1.300915E+01    1.300751E+01    1.300581E+01    1.300411E+01    1.300250E+01    1.300105E+01    1.300063E+01    1.300037E+01    1.300016E+01    1.300007E+01    1.300004E+01    1.300003E+01    1.300002E+01    1.300002E+01    1.300002E+01    1.300002E+01    1.000000E+30    1.000000E+30    1.000000E+30    1.000000E+30    1.000000E+30    1.000000E+30    1.000000E+30    1.000000E+30    1.000000E+30    1.000000E+30    1.000000E+30    1.000000E+30    1.000000E+30    1.000000E+30    1.000000E+30    1.000000E+30    1.000000E+30    1.000000E+30    1.000000E+30    1.000000E+30    1.000000E+30    1.000000E+30    1.000000E+30    1.000000E+30    1.000000E+30    1.000000E+30    1.000000E+30    1.000000E+30    1.000000E+30    1.000000E+30    1.000000E+30    1.000000E+30    1.000000E+30    1.000000E+30    1.000000E+30    1.000000E+30    1.000000E+30    1.000000E+30    1.000000E+30    1.000000E+30    1.000000E+30    1.000000E+30    1.000000E+30    1.000000E+30    1.000000E+30    1.000000E+30    1.000000E+30    1.000000E+30
   1.000000E+30    1.300419E+01    1.300396E+01    1.300389E+01    1.300388E+01    1.300393E+01    1.300400E+01    1.300410E+01    1.300421E+01    1.300434E+01    1.300450E+01    1.300468E+01    1.300488E+01    1.300519E+01    1.300665E+01    1.300779E+01    1.300916E+01    1.301058E+01    1.301194E+01    1.301324E+01    1.301453E+01    1.301579E+01    1.301707E+01    1.301827E+01    1.301960E+01    1.302043E+01    1.000000E+30    1.000000E+30    1.000000E+30    1.000000E+30    1.000000E+30    1.000000E+30    1.000000E+30    1.000000E+30    1.000000E+30    1.000000E+30    1.000000E+30    1.000000E+30    1.000000E+30    1.000000E+30    1.000000E+30    1.000000E+30    1.000000E+30    1.000000E+30    1.000000E+30    1.000000E+30    1.000000E+30    1.000000E+30    1.000000E+30    1.000000E+30    1.000000E+30    1.000000E+30    1.000000E+30    1.000000E+30    1.000000E+30    1.000000E+30    1.000000E+30    1.000000E+30    1.000000E+30    1.000000E+30    1.000000E+30    1.000000E+30    1.000000E+30    1.000000E+30    1.000000E+30    1.000000E+30    1.000000E+30    1.000000E+30    1.000000E+30    1.000000E+30    1.000000E+30    1.000000E+30    1.000000E+30    1.000000E+30    1.000000E+30    1.000000E+30    1.000000E+30    1.000000E+30    1.000000E+30    1.000000E+30    1.000000E+30    1.000000E+30    1.000000E+30    1.000000E+30    1.000000E+30    1.000000E+30    1.000000E+30    1.000000E+30    1.300924E+01    1.300777E+01    1.300591E+01    1.300401E+01    1.300233E+01    1.300092E+01    1.300052E+01    1.300028E+01    1.300011E+01    1.300005E+01    1.300003E+01    1.300002E+01    1.300002E+01    1.300002E+01    1.300002E+01    1.000000E+30    1.000000E+30    1.000000E+30    1.000000E+30    1.000000E+30    1.000000E+30    1.000000E+30    1.000000E+30    1.000000E+30    1.000000E+30    1.000000E+30    1.000000E+30    1.000000E+30    1.000000E+30    1.000000E+30    1.000000E+30    1.000000E+30    1.000000E+30    1.000000E+30    1.000000E+30    1.000000E+30    1.000000E+30    1.000000E+30    1.000000E+30    1.000000E+30    1.000000E+30    1.000000E+30    1.000000E+30    1.000000E+30    1.000000E+30    1.000000E+30    1.000000E+30    1.000000E+30    1.000000E+30    1.000000E+30    1.000000E+30    1.000000E+30    1.000000E+30    1.000000E+30    1.000000E+30    1.000000E+30    1.000000E+30    1.000000E+30    1.000000E+30    1.000000E+30    1.000000E+30    1.000000E+30    1.000000E+30
   1.300687E+01    1.300586E+01    1.300543E+01    1.300521E+01    1.300510E+01    1.300506E+01    1.300508E+01    1.300513E+01    1.300522E+01    1.300536E+01    1.300555E+01    1.300578E+01    1.300612E+01    1.300776E+01    1.300919E+01    1.301057E+01    1.301201E+01    1.301339E+01    1.301470E+01    1.301597E+01    1.301724E+01    1.301842E+01    1.301974E+01    1.302058E+01    1.000000E+30    1.000000E+30    1.000000E+30    1.000000E+30    1.000000E+30    1.000000E+30    1.000000E+30    1.000000E+30    1.000000E+30    1.000000E+30    1.000000E+30    1.000000E+30    1.000000E+30    1.000000E+30    1.000000E+30    1.000000E+30    1.000000E+30    1.000000E+30    1.000000E+30    1.000000E+30    1.000000E+30    1.000000E+30    1.000000E+30    1.000000E+30    1.000000E+30    1.000000E+30    1.000000E+30    1.000000E+30    1.000000E+30    1.000000E+30    1.000000E+30    1.000000E+30    1.000000E+30    1.000000E+30    1.000000E+30    1.000000E+30    1.000000E+30    1.000000E+30    1.000000E+30    1.000000E+30    1.000000E+30    1.000000E+30    1.000000E+30    1.000000E+30    1.000000E+30    1.000000E+30    1.000000E+30    1.000000E+30    1.000000E+30    1.000000E+30    1.000000E+30    1.000000E+30    1.000000E+30    1.000000E+30    1.000000E+30    1.000000E+30    1.000000E+30    1.000000E+30    1.000000E+30    1.000000E+30    1.000000E+30    1.000000E+30    1.000000E+30    1.000000E+30    1.000000E+30    1.300993E+01    1.300769E+01    1.300563E+01    1.300366E+01    1.300201E+01    1.300073E+01    1.300039E+01    1.300016E+01    1.300007E+01    1.300004E+01    1.300003E+01    1.300002E+01    1.300002E+01    1.300002E+01    1.000000E+30    1.000000E+30    1.000000E+30    1.000000E+30    1.000000E+30    1.000000E+30    1.000000E+30    1.000000E+30    1.000000E+30    1.000000E+30    1.000000E+30    1.000000E+30    1.000000E+30    1.000000E+30    1.000000E+30    1.000000E+30    1.000000E+30    1.000000E+30    1.000000E+30    1.000000E+30    1.000000E+30    1.000000E+30    1.000000E+30    1.000000E+30    1.000000E+30    1.000000E+30    1.000000E+30    1.000000E+30    1.000000E+30    1.000000E+30    1.000000E+30    1.000000E+30    1.000000E+30    1.000000E+30    1.000000E+30    1.000000E+30    1.000000E+30    1.000000E+30    1.000000E+30    1.000000E+30    1.000000E+30    1.000000E+30    1.000000E+30    1.000000E+30    1.000000E+30    1.000000E+30    1.000000E+30    1.000000E+30
   1.300766E+01    1.300717E+01    1.300681E+01    1.300655E+01    1.300639E+01    1.300630E+01    1.300627E+01    1.300630E+01    1.300640E+01    1.300656E+01    1.300684E+01    1.300719E+01    1.300891E+01    1.301046E+01    1.301198E+01    1.301346E+01    1.301484E+01    1.301614E+01    1.301735E+01    1.301854E+01    1.301989E+01    1.302074E+01    1.000000E+30    1.000000E+30    1.000000E+30    1.000000E+30    1.000000E+30    1.000000E+30    1.000000E+30    1.000000E+30    1.000000E+30    1.000000E+30    1.000000E+30    1.000000E+30    1.000000E+30    1.000000E+30    1.000000E+30    1.000000E+30    1.000000E+30    1.000000E+30    1.000000E+30    1.000000E+30    1.000000E+30    1.000000E+30    1.000000E+30    1.000000E+30    1.000000E+30    1.000000E+30    1.000000E+30    1.000000E+30    1.000000E+30    1.000000E+30    1.000000E+30    1.000000E+30    1.000000E+30    1.000000E+30    1.000000E+30    1.000000E+30    1.000000E+30    1.000000E+30    1.000000E+30    1.000000E+30    1.000000E+30    1.000000E+30    1.000000E+30    1.000000E+30    1.000000E+30    1.000000E+30    1.000000E+30    1.000000E+30    1.000000E+30    1.000000E+30    1.000000E+30    1.000000E+30    1.000000E+30    1.000000E+30    1.000000E+30    1.000000E+30    1.000000E+30    1.000000E+30    1.000000E+30    1.000000E+30    1.000000E+30    1.000000E+30    1.000000E+30    1.000000E+30    1.000000E+30    1.000000E+30    1.000000E+30    1.301113E+01    1.300910E+01    1.300705E+01    1.300496E+01    1.300293E+01    1.300108E+01    1.300054E+01    1.300027E+01    1.300011E+01    1.300005E+01    1.300003E+01    1.300003E+01    1.300002E+01    1.300003E+01    1.000000E+30    1.000000E+30    1.000000E+30    1.000000E+30    1.000000E+30    1.000000E+30    1.000000E+30    1.000000E+30    1.000000E+30    1.000000E+30    1.000000E+30    1.000000E+30    1.000000E+30    1.000000E+30    1.000000E+30    1.000000E+30    1.000000E+30    1.000000E+30    1.000000E+30    1.000000E+30    1.000000E+30    1.000000E+30    1.000000E+30    1.000000E+30    1.000000E+30    1.000000E+30    1.000000E+30    1.000000E+30    1.000000E+30    1.000000E+30    1.000000E+30    1.000000E+30    1.000000E+30    1.000000E+30    1.000000E+30    1.000000E+30    1.000000E+30    1.000000E+30    1.000000E+30    1.000000E+30    1.000000E+30    1.000000E+30    1.000000E+30    1.000000E+30    1.000000E+30    1.000000E+30    1.000000E+30    1.000000E+30
   1.300883E+01    1.300848E+01    1.300818E+01    1.300793E+01    1.300774E+01    1.300762E+01    1.300758E+01    1.300761E+01    1.300777E+01    1.300798E+01    1.300857E+01    1.301033E+01    1.301188E+01    1.301341E+01    1.301492E+01    1.301632E+01    1.301762E+01    1.301883E+01    1.301986E+01    1.302079E+01    1.000000E+30    1.000000E+30    1.000000E+30    1.000000E+30    1.000000E+30    1.000000E+30    1.000000E+30    1.000000E+30    1.000000E+30    1.000000E+30    1.000000E+30    1.000000E+30    1.000000E+30    1.000000E+30    1.000000E+30    1.000000E+30    1.000000E+30    1.000000E+30    1.000000E+30    1.000000E+30    1.000000E+30    1.000000E+30    1.000000E+30    1.000000E+30    1.000000E+30    1.000000E+30    1.000000E+30    1.000000E+30    1.000000E+30    1.000000E+30    1.000000E+30    1.000000E+30    1.000000E+30    1.000000E+30    1.000000E+30    1.000000E+30    1.000000E+30    1.000000E+30    1.000000E+30    1.000000E+30    1.000000E+30    1.000000E+30    1.000000E+30    1.000000E+30    1.000000E+30    1.000000E+30    1.000000E+30    1.000000E+30    1.000000E+30    1.000000E+30    1.000000E+30    1.000000E+30    1.000000E+30    1.000000E+30    1.000000E+30    1.000000E+30    1.000000E+30    1.000000E+30    1.000000E+30    1.000000E+30    1.000000E+30    1.000000E+30    1.000000E+30    1.000000E+30    1.000000E+30    1.000000E+30    1.000000E+30    1.000000E+30    1.000000E+30    1.000000E+30    1.301031E+01    1.300829E+01    1.300619E+01    1.300401E+01    1.300209E+01    1.300071E+01    1.300036E+01    1.300014E+01    1.300007E+01    1.300004E+01    1.300003E+01    1.300003E+01    1.300003E+01    1.000000E+30    1.000000E+30    1.000000E+30    1.000000E+30    1.000000E+30    1.000000E+30    1.000000E+30    1.000000E+30    1.000000E+30    1.000000E+30    1.000000E+30    1.000000E+30    1.000000E+30    1.000000E+30    1.000000E+30    1.000000E+30    1.000000E+30    1.000000E+30    1.000000E+30    1.000000E+30    1.000000E+30    1.000000E+30    1.000000E+30    1.000000E+30    1.000000E+30    1.000000E+30    1.000000E+30    1.000000E+30    1.000000E+30    1.000000E+30    1.000000E+30    1.000000E+30    1.000000E+30    1.000000E+30    1.000000E+30    1.000000E+30    1.000000E+30    1.000000E+30    1.000000E+30    1.000000E+30    1.000000E+30    1.000000E+30    1.000000E+30    1.000000E+30    1.000000E+30    1.000000E+30    1.000000E+30    1.000000E+30
   1.301027E+01    1.300997E+01    1.300970E+01    1.300944E+01    1.300923E+01    1.300909E+01    1.300908E+01    1.300912E+01    1.300955E+01    1.301106E+01    1.301218E+01    1.301354E+01    1.301500E+01    1.301645E+01    1.301782E+01    1.301912E+01    1.302029E+01    1.302154E+01    1.302230E+01    1.000000E+30    1.000000E+30    1.000000E+30    1.000000E+30    1.000000E+30    1.000000E+30    1.000000E+30    1.000000E+30    1.000000E+30    1.000000E+30    1.000000E+30    1.000000E+30    1.000000E+30    1.000000E+30    1.000000E+30    1.000000E+30    1.000000E+30    1.000000E+30    1.000000E+30    1.000000E+30    1.000000E+30    1.000000E+30    1.000000E+30    1.000000E+30    1.000000E+30    1.000000E+30    1.000000E+30    1.000000E+30    1.000000E+30    1.000000E+30    1.000000E+30    1.000000E+30    1.000000E+30    1.000000E+30    1.000000E+30    1.000000E+30    1.000000E+30    1.000000E+30    1.000000E+30    1.000000E+30    1.000000E+30    1.000000E+30    1.000000E+30    1.000000E+30    1.000000E+30    1.000000E+30    1.000000E+30    1.000000E+30    1.000000E+30    1.000000E+30    1.000000E+30    1.000000E+30    1.000000E+30    1.000000E+30    1.000000E+30    1.000000E+30    1.000000E+30    1.000000E+30    1.000000E+30    1.000000E+30    1.000000E+30    1.000000E+30    1.000000E+30    1.000000E+30    1.000000E+30    1.000000E+30    1.000000E+30    1.000000E+30    1.000000E+30    1.000000E+30    1.000000E+30    1.000000E+30    1.300940E+01    1.300727E+01    1.300502E+01    1.300282E+01    1.300094E+01    1.300046E+01    1.300017E+01    1.300008E+01    1.300005E+01    1.300003E+01    1.300003E+01    1.300003E+01    1.000000E+30    1.000000E+30    1.000000E+30    1.000000E+30    1.000000E+30    1.000000E+30    1.000000E+30    1.000000E+30    1.000000E+30    1.000000E+30    1.000000E+30    1.000000E+30    1.000000E+30    1.000000E+30    1.000000E+30    1.000000E+30    1.000000E+30    1.000000E+30    1.000000E+30    1.000000E+30    1.000000E+30    1.000000E+30    1.000000E+30    1.000000E+30    1.000000E+30    1.000000E+30    1.000000E+30    1.000000E+30    1.000000E+30    1.000000E+30    1.000000E+30    1.000000E+30    1.000000E+30    1.000000E+30    1.000000E+30    1.000000E+30    1.000000E+30    1.000000E+30    1.000000E+30    1.000000E+30    1.000000E+30    1.000000E+30    1.000000E+30    1.000000E+30    1.000000E+30    1.000000E+30    1.000000E+30    1.000000E+30
   1.301200E+01    1.301172E+01    1.301145E+01    1.301117E+01    1.301101E+01    1.301087E+01    1.301118E+01    1.301255E+01    1.301346E+01    1.301456E+01    1.301568E+01    1.301692E+01    1.301820E+01    1.301942E+01    1.302058E+01    1.302187E+01    1.302268E+01    1.000000E+30    1.000000E+30    1.000000E+30    1.000000E+30    1.000000E+30    1.000000E+30    1.000000E+30    1.000000E+30    1.000000E+30    1.000000E+30    1.000000E+30    1.000000E+30    1.000000E+30    1.000000E+30    1.000000E+30    1.000000E+30    1.000000E+30    1.000000E+30    1.000000E+30    1.000000E+30    1.000000E+30    1.000000E+30    1.000000E+30    1.000000E+30    1.000000E+30    1.000000E+30    1.000000E+30    1.000000E+30    1.000000E+30    1.000000E+30    1.000000E+30    1.000000E+30    1.000000E+30    1.000000E+30    1.000000E+30    1.000000E+30    1.000000E+30    1.000000E+30    1.000000E+30    1.000000E+30    1.000000E+30    1.000000E+30    1.000000E+30    1.000000E+30    1.000000E+30    1.000000E+30    1.000000E+30    1.000000E+30    1.000000E+30    1.000000E+30    1.000000E+30    1.000000E+30    1.000000E+30    1.000000E+30    1.000000E+30    1.000000E+30    1.000000E+30    1.000000E+30    1.000000E+30    1.000000E+30    1.000000E+30    1.000000E+30    1.000000E+30    1.000000E+30    1.000000E+30    1.000000E+30    1.000000E+30    1.000000E+30    1.000000E+30    1.000000E+30    1.000000E+30    1.000000E+30    1.000000E+30    1.000000E+30    1.000000E+30    1.300824E+01    1.300596E+01    1.300349E+01    1.300125E+01    1.300058E+01    1.300023E+01    1.300011E+01    1.300006E+01    1.300004E+01    1.300003E+01    1.300003E+01    1.000000E+30    1.000000E+30    1.000000E+30    1.000000E+30    1.000000E+30    1.000000E+30    1.000000E+30    1.000000E+30    1.000000E+30    1.000000E+30    1.000000E+30    1.000000E+30    1.000000E+30    1.000000E+30    1.000000E+30    1.000000E+30    1.000000E+30    1.000000E+30    1.000000E+30    1.000000E+30    1.000000E+30    1.000000E+30    1.000000E+30    1.000000E+30    1.000000E+30    1.000000E+30    1.000000E+30    1.000000E+30    1.000000E+30    1.000000E+30    1.000000E+30    1.000000E+30    1.000000E+30    1.000000E+30    1.000000E+30    1.000000E+30    1.000000E+30    1.000000E+30    1.000000E+30    1.000000E+30    1.000000E+30    1.000000E+30    1.000000E+30    1.000000E+30    1.000000E+30    1.000000E+30    1.000000E+30    1.000000E+30
   1.301411E+01    1.301382E+01    1.301359E+01    1.301328E+01    1.301347E+01    1.301476E+01    1.301550E+01    1.301640E+01    1.301730E+01    1.301829E+01    1.301930E+01    1.302033E+01    1.302133E+01    1.302223E+01    1.302302E+01    1.000000E+30    1.000000E+30    1.000000E+30    1.000000E+30    1.000000E+30    1.000000E+30    1.000000E+30    1.000000E+30    1.000000E+30    1.000000E+30    1.000000E+30    1.000000E+30    1.000000E+30    1.000000E+30    1.000000E+30    1.000000E+30    1.000000E+30    1.000000E+30    1.000000E+30    1.000000E+30    1.000000E+30    1.000000E+30    1.000000E+30    1.000000E+30    1.000000E+30    1.000000E+30    1.000000E+30    1.000000E+30    1.000000E+30    1.000000E+30    1.000000E+30    1.000000E+30    1.000000E+30    1.000000E+30    1.000000E+30    1.000000E+30    1.000000E+30    1.000000E+30    1.000000E+30    1.000000E+30    1.000000E+30    1.000000E+30    1.000000E+30    1.000000E+30    1.000000E+30    1.000000E+30    1.000000E+30    1.000000E+30    1.000000E+30    1.000000E+30    1.000000E+30    1.000000E+30    1.000000E+30    1.000000E+30    1.000000E+30    1.000000E+30    1.000000E+30    1.000000E+30    1.000000E+30    1.000000E+30    1.000000E+30    1.000000E+30    1.000000E+30    1.000000E+30    1.000000E+30    1.000000E+30    1.000000E+30    1.000000E+30    1.000000E+30    1.000000E+30    1.000000E+30    1.000000E+30    1.000000E+30    1.000000E+30    1.000000E+30    1.000000E+30    1.000000E+30    1.000000E+30    1.300697E+01    1.300420E+01    1.300168E+01    1.300072E+01    1.300036E+01    1.300015E+01    1.300007E+01    1.300005E+01    1.300004E+01    1.300004E+01    1.000000E+30    1.000000E+30    1.000000E+30    1.000000E+30    1.000000E+30    1.000000E+30    1.000000E+30    1.000000E+30    1.000000E+30    1.000000E+30    1.000000E+30    1.000000E+30    1.000000E+30    1.000000E+30    1.000000E+30    1.000000E+30    1.000000E+30    1.000000E+30    1.000000E+30    1.000000E+30    1.000000E+30    1.000000E+30    1.000000E+30    1.000000E+30    1.000000E+30    1.000000E+30    1.000000E+30    1.000000E+30    1.000000E+30    1.000000E+30    1.000000E+30    1.000000E+30    1.000000E+30    1.000000E+30    1.000000E+30    1.000000E+30    1.000000E+30    1.000000E+30    1.000000E+30    1.000000E+30    1.000000E+30    1.000000E+30    1.000000E+30    1.000000E+30    1.000000E+30    1.000000E+30    1.000000E+30    1.000000E+30
   1.301678E+01    1.301654E+01    1.301663E+01    1.301790E+01    1.301845E+01    1.301914E+01    1.301979E+01    1.302053E+01    1.302128E+01    1.302203E+01    1.302278E+01    1.302353E+01    1.302434E+01    1.302491E+01    1.000000E+30    1.000000E+30    1.000000E+30    1.000000E+30    1.000000E+30    1.000000E+30    1.000000E+30    1.000000E+30    1.000000E+30    1.000000E+30    1.000000E+30    1.000000E+30    1.000000E+30    1.000000E+30    1.000000E+30    1.000000E+30    1.000000E+30    1.000000E+30    1.000000E+30    1.000000E+30    1.000000E+30    1.000000E+30    1.000000E+30    1.000000E+30    1.000000E+30    1.000000E+30    1.000000E+30    1.000000E+30    1.000000E+30    1.000000E+30    1.000000E+30    1.000000E+30    1.000000E+30    1.000000E+30    1.000000E+30    1.000000E+30    1.000000E+30    1.000000E+30    1.000000E+30    1.000000E+30    1.000000E+30    1.000000E+30    1.000000E+30    1.000000E+30    1.000000E+30    1.000000E+30    1.000000E+30    1.000000E+30    1.000000E+30    1.000000E+30    1.000000E+30    1.000000E+30    1.000000E+30    1.000000E+30    1.000000E+30    1.000000E+30    1.000000E+30    1.000000E+30    1.000000E+30    1.000000E+30    1.000000E+30    1.000000E+30    1.000000E+30    1.000000E+30    1.000000E+30    1.000000E+30    1.000000E+30    1.000000E+30    1.000000E+30    1.000000E+30    1.000000E+30    1.000000E+30    1.000000E+30    1.000000E+30    1.000000E+30    1.000000E+30    1.000000E+30    1.000000E+30    1.000000E+30    1.300758E+01    1.300496E+01    1.300260E+01    1.300084E+01    1.300044E+01    1.300018E+01    1.300009E+01    1.300005E+01    1.300004E+01    1.300004E+01    1.000000E+30    1.000000E+30    1.000000E+30    1.000000E+30    1.000000E+30    1.000000E+30    1.000000E+30    1.000000E+30    1.000000E+30    1.000000E+30    1.000000E+30    1.000000E+30    1.000000E+30    1.000000E+30    1.000000E+30    1.000000E+30    1.000000E+30    1.000000E+30    1.000000E+30    1.000000E+30    1.000000E+30    1.000000E+30    1.000000E+30    1.000000E+30    1.000000E+30    1.000000E+30    1.000000E+30    1.000000E+30    1.000000E+30    1.000000E+30    1.000000E+30    1.000000E+30    1.000000E+30    1.000000E+30    1.000000E+30    1.000000E+30    1.000000E+30    1.000000E+30    1.000000E+30    1.000000E+30    1.000000E+30    1.000000E+30    1.000000E+30    1.000000E+30    1.000000E+30    1.000000E+30    1.000000E+30    1.000000E+30
   1.302399E+01    1.302326E+01    1.302295E+01    1.302317E+01    1.302342E+01    1.302383E+01    1.302427E+01    1.302471E+01    1.302510E+01    1.302553E+01    1.302600E+01    1.302640E+01    1.000000E+30    1.000000E+30    1.000000E+30    1.000000E+30    1.000000E+30    1.000000E+30    1.000000E+30    1.000000E+30    1.000000E+30    1.000000E+30    1.000000E+30    1.000000E+30    1.000000E+30    1.000000E+30    1.000000E+30    1.000000E+30    1.000000E+30    1.000000E+30    1.000000E+30    1.000000E+30    1.000000E+30    1.000000E+30    1.000000E+30    1.000000E+30    1.000000E+30    1.000000E+30    1.000000E+30    1.000000E+30    1.000000E+30    1.000000E+30    1.000000E+30    1.000000E+30    1.000000E+30    1.000000E+30    1.000000E+30    1.000000E+30    1.000000E+30    1.000000E+30    1.000000E+30    1.000000E+30    1.000000E+30    1.000000E+30    1.000000E+30    1.000000E+30    1.000000E+30    1.000000E+30    1.000000E+30    1.000000E+30    1.000000E+30    1.000000E+30    1.000000E+30    1.000000E+30    1.000000E+30    1.000000E+30    1.000000E+30    1.000000E+30    1.000000E+30    1.000000E+30    1.000000E+30    1.000000E+30    1.000000E+30    1.000000E+30    1.000000E+30    1.000000E+30    1.000000E+30    1.000000E+30    1.000000E+30    1.000000E+30    1.000000E+30    1.000000E+30    1.000000E+30    1.000000E+30    1.000000E+30    1.000000E+30    1.000000E+30    1.000000E+30    1.000000E+30    1.000000E+30    1.000000E+30    1.000000E+30    1.000000E+30    1.000000E+30    1.300568E+01    1.300317E+01    1.300098E+01    1.300050E+01    1.300020E+01    1.300010E+01    1.300006E+01    1.300004E+01    1.300004E+01    1.000000E+30    1.000000E+30    1.000000E+30    1.000000E+30    1.000000E+30    1.000000E+30    1.000000E+30    1.000000E+30    1.000000E+30    1.000000E+30    1.000000E+30    1.000000E+30    1.000000E+30    1.000000E+30    1.000000E+30    1.000000E+30    1.000000E+30    1.000000E+30    1.000000E+30    1.000000E+30    1.000000E+30    1.000000E+30    1.000000E+30    1.000000E+30    1.000000E+30    1.000000E+30    1.000000E+30    1.000000E+30    1.000000E+30    1.000000E+30    1.000000E+30    1.000000E+30    1.000000E+30    1.000000E+30    1.000000E+30    1.000000E+30    1.000000E+30    1.000000E+30    1.000000E+30    1.000000E+30    1.000000E+30    1.000000E+30    1.000000E+30    1.000000E+30    1.000000E+30    1.000000E+30    1.000000E+30    1.000000E+30
   1.303033E+01    1.302940E+01    1.302877E+01    1.302855E+01    1.302852E+01    1.302857E+01    1.302863E+01    1.302865E+01    1.302859E+01    1.302872E+01    1.000000E+30    1.000000E+30    1.000000E+30    1.000000E+30    1.000000E+30    1.000000E+30    1.000000E+30    1.000000E+30    1.000000E+30    1.000000E+30    1.000000E+30    1.000000E+30    1.000000E+30    1.000000E+30    1.000000E+30    1.000000E+30    1.000000E+30    1.000000E+30    1.000000E+30    1.000000E+30    1.000000E+30    1.000000E+30    1.000000E+30    1.000000E+30    1.000000E+30    1.000000E+30    1.000000E+30    1.000000E+30    1.000000E+30    1.000000E+30    1.000000E+30    1.000000E+30    1.000000E+30    1.000000E+30    1.000000E+30    1.000000E+30    1.000000E+30    1.000000E+30    1.000000E+30    1.000000E+30    1.000000E+30    1.000000E+30    1.000000E+30    1.000000E+30    1.000000E+30    1.000000E+30    1.000000E+30    1.000000E+30    1.000000E+30    1.000000E+30    1.000000E+30    1.000000E+30    1.000000E+30    1.000000E+30    1.000000E+30    1.000000E+30    1.000000E+30    1.000000E+30    1.000000E+30    1.000000E+30    1.000000E+30    1.000000E+30    1.000000E+30    1.000000E+30    1.000000E+30    1.000000E+30    1.000000E+30    1.000000E+30    1.000000E+30    1.000000E+30    1.000000E+30    1.000000E+30    1.000000E+30    1.000000E+30    1.000000E+30    1.000000E+30    1.000000E+30    1.000000E+30    1.000000E+30    1.000000E+30    1.000000E+30    1.000000E+30    1.000000E+30    1.000000E+30    1.300623E+01    1.300360E+01    1.300113E+01    1.300055E+01    1.300021E+01    1.300010E+01    1.300006E+01    1.300005E+01    1.300004E+01    1.000000E+30    1.000000E+30    1.000000E+30    1.000000E+30    1.000000E+30    1.000000E+30    1.000000E+30    1.000000E+30    1.000000E+30    1.000000E+30    1.000000E+30    1.000000E+30    1.000000E+30    1.000000E+30    1.000000E+30    1.000000E+30    1.000000E+30    1.000000E+30    1.000000E+30    1.000000E+30    1.000000E+30    1.000000E+30    1.000000E+30    1.000000E+30    1.000000E+30    1.000000E+30    1.000000E+30    1.000000E+30    1.000000E+30    1.000000E+30    1.000000E+30    1.000000E+30    1.000000E+30    1.000000E+30    1.000000E+30    1.000000E+30    1.000000E+30    1.000000E+30    1.000000E+30    1.000000E+30    1.000000E+30    1.000000E+30    1.000000E+30    1.000000E+30    1.000000E+30    1.000000E+30    1.000000E+30    1.000000E+30
   1.303647E+01    1.303535E+01    1.303450E+01    1.303389E+01    1.303344E+01    1.303302E+01    1.303272E+01    1.303236E+01    1.000000E+30    1.000000E+30    1.000000E+30    1.000000E+30    1.000000E+30    1.000000E+30    1.000000E+30    1.000000E+30    1.000000E+30    1.000000E+30    1.000000E+30    1.000000E+30    1.000000E+30    1.000000E+30    1.000000E+30    1.000000E+30    1.000000E+30    1.000000E+30    1.000000E+30    1.000000E+30    1.000000E+30    1.000000E+30    1.000000E+30    1.000000E+30    1.000000E+30    1.000000E+30    1.000000E+30    1.000000E+30    1.000000E+30    1.000000E+30    1.000000E+30    1.000000E+30    1.000000E+30    1.000000E+30    1.000000E+30    1.000000E+30    1.000000E+30    1.000000E+30    1.000000E+30    1.000000E+30    1.000000E+30    1.000000E+30    1.000000E+30    1.000000E+30    1.000000E+30    1.000000E+30    1.000000E+30    1.000000E+30    1.000000E+30    1.000000E+30    1.000000E+30    1.000000E+30    1.000000E+30    1.000000E+30    1.000000E+30    1.000000E+30    1.000000E+30    1.000000E+30    1.000000E+30    1.000000E+30    1.000000E+30    1.000000E+30    1.000000E+30    1.000000E+30    1.000000E+30    1.000000E+30    1.000000E+30    1.000000E+30    1.000000E+30    1.000000E+30    1.000000E+30    1.000000E+30    1.000000E+30    1.000000E+30    1.000000E+30    1.000000E+30    1.000000E+30    1.000000E+30    1.000000E+30    1.000000E+30    1.000000E+30    1.000000E+30    1.000000E+30    1.000000E+30    1.000000E+30    1.000000E+30    1.300673E+01    1.300399E+01    1.300130E+01    1.300060E+01    1.300022E+01    1.300011E+01    1.300006E+01    1.300005E+01    1.300004E+01    1.000000E+30    1.000000E+30    1.000000E+30    1.000000E+30    1.000000E+30    1.000000E+30    1.000000E+30    1.000000E+30    1.000000E+30    1.000000E+30    1.000000E+30    1.000000E+30    1.000000E+30    1.000000E+30    1.000000E+30    1.000000E+30    1.000000E+30    1.000000E+30    1.000000E+30    1.000000E+30    1.000000E+30    1.000000E+30    1.000000E+30    1.000000E+30    1.000000E+30    1.000000E+30    1.000000E+30    1.000000E+30    1.000000E+30    1.000000E+30    1.000000E+30    1.000000E+30    1.000000E+30    1.000000E+30    1.000000E+30    1.000000E+30    1.000000E+30    1.000000E+30    1.000000E+30    1.000000E+30    1.000000E+30    1.000000E+30    1.000000E+30    1.000000E+30    1.000000E+30    1.000000E+30    1.000000E+30    1.000000E+30
   1.304267E+01    1.304120E+01    1.303998E+01    1.303887E+01    1.303800E+01    1.303697E+01    1.303653E+01    1.000000E+30    1.000000E+30    1.000000E+30    1.000000E+30    1.000000E+30    1.000000E+30    1.000000E+30    1.000000E+30    1.000000E+30    1.000000E+30    1.000000E+30    1.000000E+30    1.000000E+30    1.000000E+30    1.000000E+30    1.000000E+30    1.000000E+30    1.000000E+30    1.000000E+30    1.000000E+30    1.000000E+30    1.000000E+30    1.000000E+30    1.000000E+30    1.000000E+30    1.000000E+30    1.000000E+30    1.000000E+30    1.000000E+30    1.000000E+30    1.000000E+30    1.000000E+30    1.000000E+30    1.000000E+30    1.000000E+30    1.000000E+30    1.000000E+30    1.000000E+30    1.000000E+30    1.000000E+30    1.000000E+30    1.000000E+30    1.000000E+30    1.000000E+30    1.000000E+30    1.000000E+30    1.000000E+30    1.000000E+30    1.000000E+30    1.000000E+30    1.000000E+30    1.000000E+30    1.000000E+30    1.000000E+30    1.000000E+30    1.000000E+30    1.000000E+30    1.000000E+30    1.000000E+30    1.000000E+30    1.000000E+30    1.000000E+30    1.000000E+30    1.000000E+30    1.000000E+30    1.000000E+30    1.000000E+30    1.000000E+30    1.000000E+30    1.000000E+30    1.000000E+30    1.000000E+30    1.000000E+30    1.000000E+30    1.000000E+30    1.000000E+30    1.000000E+30    1.000000E+30    1.000000E+30    1.000000E+30    1.000000E+30    1.000000E+30    1.000000E+30    1.000000E+30    1.000000E+30    1.000000E+30    1.000000E+30    1.300721E+01    1.300440E+01    1.300150E+01    1.300065E+01    1.300023E+01    1.300011E+01    1.300007E+01    1.300005E+01    1.300005E+01    1.000000E+30    1.000000E+30    1.000000E+30    1.000000E+30    1.000000E+30    1.000000E+30    1.000000E+30    1.000000E+30    1.000000E+30    1.000000E+30    1.000000E+30    1.000000E+30    1.000000E+30    1.000000E+30    1.000000E+30    1.000000E+30    1.000000E+30    1.000000E+30    1.000000E+30    1.000000E+30    1.000000E+30    1.000000E+30    1.000000E+30    1.000000E+30    1.000000E+30    1.000000E+30    1.000000E+30    1.000000E+30    1.000000E+30    1.000000E+30    1.000000E+30    1.000000E+30    1.000000E+30    1.000000E+30    1.000000E+30    1.000000E+30    1.000000E+30    1.000000E+30    1.000000E+30    1.000000E+30    1.000000E+30    1.000000E+30    1.000000E+30    1.000000E+30    1.000000E+30    1.000000E+30    1.000000E+30    1.000000E+30
   1.304872E+01    1.304662E+01    1.304501E+01    1.304320E+01    1.304230E+01    1.000000E+30    1.000000E+30    1.000000E+30    1.000000E+30    1.000000E+30    1.000000E+30    1.000000E+30    1.000000E+30    1.000000E+30    1.000000E+30    1.000000E+30    1.000000E+30    1.000000E+30    1.000000E+30    1.000000E+30    1.000000E+30    1.000000E+30    1.000000E+30    1.000000E+30    1.000000E+30    1.000000E+30    1.000000E+30    1.000000E+30    1.000000E+30    1.000000E+30    1.000000E+30    1.000000E+30    1.000000E+30    1.000000E+30    1.000000E+30    1.000000E+30    1.000000E+30    1.000000E+30    1.000000E+30    1.000000E+30    1.000000E+30    1.000000E+30    1.000000E+30    1.000000E+30    1.000000E+30    1.000000E+30    1.000000E+30    1.000000E+30    1.000000E+30    1.000000E+30    1.000000E+30    1.000000E+30    1.000000E+30    1.000000E+30    1.000000E+30    1.000000E+30    1.000000E+30    1.000000E+30    1.000000E+30    1.000000E+30    1.000000E+30    1.000000E+30    1.000000E+30    1.000000E+30    1.000000E+30    1.000000E+30    1.000000E+30    1.000000E+30    1.000000E+30    1.000000E+30    1.000000E+30    1.000000E+30    1.000000E+30    1.000000E+30    1.000000E+30    1.000000E+30    1.000000E+30    1.000000E+30    1.000000E+30    1.000000E+30    1.000000E+30    1.000000E+30    1.000000E+30    1.000000E+30    1.000000E+30    1.000000E+30    1.000000E+30    1.000000E+30    1.000000E+30    1.000000E+30    1.000000E+30    1.000000E+30    1.000000E+30    1.000000E+30    1.300766E+01    1.300488E+01    1.300180E+01    1.300068E+01    1.300024E+01    1.300011E+01    1.300007E+01    1.300006E+01    1.300005E+01    1.000000E+30    1.000000E+30    1.000000E+30    1.000000E+30    1.000000E+30    1.000000E+30    1.000000E+30    1.000000E+30    1.000000E+30    1.000000E+30    1.000000E+30    1.000000E+30    1.000000E+30    1.000000E+30    1.000000E+30    1.000000E+30    1.000000E+30    1.000000E+30    1.000000E+30    1.000000E+30    1.000000E+30    1.000000E+30    1.000000E+30    1.000000E+30    1.000000E+30    1.000000E+30    1.000000E+30    1.000000E+30    1.000000E+30    1.000000E+30    1.000000E+30    1.000000E+30    1.000000E+30    1.000000E+30    1.000000E+30    1.000000E+30    1.000000E+30    1.000000E+30    1.000000E+30    1.000000E+30    1.000000E+30    1.000000E+30    1.000000E+30    1.000000E+30    1.000000E+30    1.000000E+30    1.000000E+30    1.000000E+30
   1.305342E+01    1.305110E+01    1.304979E+01    1.000000E+30    1.000000E+30    1.000000E+30    1.000000E+30    1.000000E+30    1.000000E+30    1.000000E+30    1.000000E+30    1.000000E+30    1.000000E+30    1.000000E+30    1.000000E+30    1.000000E+30    1.000000E+30    1.000000E+30    1.000000E+30    1.000000E+30    1.000000E+30    1.000000E+30    1.000000E+30    1.000000E+30    1.000000E+30    1.000000E+30    1.000000E+30    1.000000E+30    1.000000E+30    1.000000E+30    1.000000E+30    1.000000E+30    1.000000E+30    1.000000E+30    1.000000E+30    1.000000E+30    1.000000E+30    1.000000E+30    1.000000E+30    1.000000E+30    1.000000E+30    1.000000E+30    1.000000E+30    1.000000E+30    1.000000E+30    1.000000E+30    1.000000E+30    1.000000E+30    1.000000E+30    1.000000E+30    1.000000E+30    1.000000E+30    1.000000E+30    1.000000E+30    1.000000E+30    1.000000E+30    1.000000E+30    1.000000E+30    1.000000E+30    1.000000E+30    1.000000E+30    1.000000E+30    1.000000E+30    1.000000E+30    1.000000E+30    1.000000E+30    1.000000E+30    1.000000E+30    1.000000E+30    1.000000E+30    1.000000E+30    1.000000E+30    1.000000E+30    1.000000E+30    1.000000E+30    1.000000E+30    1.000000E+30    1.000000E+30    1.000000E+30    1.000000E+30    1.000000E+30    1.000000E+30    1.000000E+30    1.000000E+30    1.000000E+30    1.000000E+30    1.000000E+30    1.000000E+30    1.000000E+30    1.000000E+30    1.000000E+30    1.000000E+30    1.000000E+30    1.000000E+30    1.300803E+01    1.300545E+01    1.300270E+01    1.300071E+01    1.300024E+01    1.300012E+01    1.300008E+01    1.300006E+01    1.300006E+01    1.000000E+30    1.000000E+30    1.000000E+30    1.000000E+30    1.000000E+30    1.000000E+30    1.000000E+30    1.000000E+30    1.000000E+30    1.000000E+30    1.000000E+30    1.000000E+30    1.000000E+30    1.000000E+30    1.000000E+30    1.000000E+30    1.000000E+30    1.000000E+30    1.000000E+30    1.000000E+30    1.000000E+30    1.000000E+30    1.000000E+30    1.000000E+30    1.000000E+30    1.000000E+30    1.000000E+30    1.000000E+30    1.000000E+30    1.000000E+30    1.000000E+30    1.000000E+30    1.000000E+30    1.000000E+30    1.000000E+30    1.000000E+30    1.000000E+30    1.000000E+30    1.000000E+30    1.000000E+30    1.000000E+30    1.000000E+30    1.000000E+30    1.000000E+30    1.000000E+30    1.000000E+30    1.000000E+30    1.000000E+30
   1.305694E+01    1.000000E+30    1.000000E+30    1.000000E+30    1.000000E+30    1.000000E+30    1.000000E+30    1.000000E+30    1.000000E+30    1.000000E+30    1.000000E+30    1.000000E+30    1.000000E+30    1.000000E+30    1.000000E+30    1.000000E+30    1.000000E+30    1.000000E+30    1.000000E+30    1.000000E+30    1.000000E+30    1.000000E+30    1.000000E+30    1.000000E+30    1.000000E+30    1.000000E+30    1.000000E+30    1.000000E+30    1.000000E+30    1.000000E+30    1.000000E+30    1.000000E+30    1.000000E+30    1.000000E+30    1.000000E+30    1.000000E+30    1.000000E+30    1.000000E+30    1.000000E+30    1.000000E+30    1.000000E+30    1.000000E+30    1.000000E+30    1.000000E+30    1.000000E+30    1.000000E+30    1.000000E+30    1.000000E+30    1.000000E+30    1.000000E+30    1.000000E+30    1.000000E+30    1.000000E+30    1.000000E+30    1.000000E+30    1.000000E+30    1.000000E+30    1.000000E+30    1.000000E+30    1.000000E+30    1.000000E+30    1.000000E+30    1.000000E+30    1.000000E+30    1.000000E+30    1.000000E+30    1.000000E+30    1.000000E+30    1.000000E+30    1.000000E+30    1.000000E+30    1.000000E+30    1.000000E+30    1.000000E+30    1.000000E+30    1.000000E+30    1.000000E+30    1.000000E+30    1.000000E+30    1.000000E+30    1.000000E+30    1.000000E+30    1.000000E+30    1.000000E+30    1.000000E+30    1.000000E+30    1.000000E+30    1.000000E+30    1.000000E+30    1.000000E+30    1.000000E+30    1.000000E+30    1.000000E+30    1.000000E+30    1.000000E+30    1.300595E+01    1.300315E+01    1.300080E+01    1.300030E+01    1.300015E+01    1.300009E+01    1.300007E+01    1.300006E+01    1.000000E+30    1.000000E+30    1.000000E+30    1.000000E+30    1.000000E+30    1.000000E+30    1.000000E+30    1.000000E+30    1.000000E+30    1.000000E+30    1.000000E+30    1.000000E+30    1.000000E+30    1.000000E+30    1.000000E+30    1.000000E+30    1.000000E+30    1.000000E+30    1.000000E+30    1.000000E+30    1.000000E+30    1.000000E+30    1.000000E+30    1.000000E+30    1.000000E+30    1.000000E+30    1.000000E+30    1.000000E+30    1.000000E+30    1.000000E+30    1.000000E+30    1.000000E+30    1.000000E+30    1.000000E+30    1.000000E+30    1.000000E+30    1.000000E+30    1.000000E+30    1.000000E+30    1.000000E+30    1.000000E+30    1.000000E+30    1.000000E+30    1.000000E+30    1.000000E+30    1.000000E+30    1.000000E+30    1.000000E+30
   1.000000E+30    1.000000E+30    1.000000E+30    1.000000E+30    1.000000E+30    1.000000E+30    1.000000E+30    1.000000E+30    1.000000E+30    1.000000E+30    1.000000E+30    1.000000E+30    1.000000E+30    1.000000E+30    1.000000E+30    1.000000E+30    1.000000E+30    1.000000E+30    1.000000E+30    1.000000E+30    1.000000E+30    1.000000E+30    1.000000E+30    1.000000E+30    1.000000E+30    1.000000E+30    1.000000E+30    1.000000E+30    1.000000E+30    1.000000E+30    1.000000E+30    1.000000E+30    1.000000E+30    1.000000E+30    1.000000E+30    1.000000E+30    1.000000E+30    1.000000E+30    1.000000E+30    1.000000E+30    1.000000E+30    1.000000E+30    1.000000E+30    1.000000E+30    1.000000E+30    1.000000E+30    1.000000E+30    1.000000E+30    1.000000E+30    1.000000E+30    1.000000E+30    1.000000E+30    1.000000E+30    1.000000E+30    1.000000E+30    1.000000E+30    1.000000E+30    1.000000E+30    1.000000E+30    1.000000E+30    1.000000E+30    1.000000E+30    1.000000E+30    1.000000E+30    1.000000E+30    1.000000E+30    1.000000E+30    1.000000E+30    1.000000E+30    1.000000E+30    1.000000E+30    1.000000E+30    1.000000E+30    1.000000E+30    1.000000E+30    1.000000E+30    1.000000E+30    1.000000E+30    1.000000E+30    1.000000E+30    1.000000E+30    1.000000E+30    1.000000E+30    1.000000E+30    1.000000E+30    1.000000E+30    1.000000E+30    1.000000E+30    1.000000E+30    1.000000E+30    1.000000E+30    1.000000E+30    1.000000E+30    1.000000E+30    1.000000E+30    1.300629E+01    1.300343E+01    1.300095E+01    1.300046E+01    1.300020E+01    1.300011E+01    1.300008E+01    1.300007E+01    1.000000E+30    1.000000E+30    1.000000E+30    1.000000E+30    1.000000E+30    1.000000E+30    1.000000E+30    1.000000E+30    1.000000E+30    1.000000E+30    1.000000E+30    1.000000E+30    1.000000E+30    1.000000E+30    1.000000E+30    1.000000E+30    1.000000E+30    1.000000E+30    1.000000E+30    1.000000E+30    1.000000E+30    1.000000E+30    1.000000E+30    1.000000E+30    1.000000E+30    1.000000E+30    1.000000E+30    1.000000E+30    1.000000E+30    1.000000E+30    1.000000E+30    1.000000E+30    1.000000E+30    1.000000E+30    1.000000E+30    1.000000E+30    1.000000E+30    1.000000E+30    1.000000E+30    1.000000E+30    1.000000E+30    1.000000E+30    1.000000E+30    1.000000E+30    1.000000E+30    1.000000E+30    1.000000E+30    1.000000E+30
   1.000000E+30    1.000000E+30    1.000000E+30    1.000000E+30    1.000000E+30    1.000000E+30    1.000000E+30    1.000000E+30    1.000000E+30    1.000000E+30    1.000000E+30    1.000000E+30    1.000000E+30    1.000000E+30    1.000000E+30    1.000000E+30    1.000000E+30    1.000000E+30    1.000000E+30    1.000000E+30    1.000000E+30    1.000000E+30    1.000000E+30    1.000000E+30    1.000000E+30    1.000000E+30    1.000000E+30    1.000000E+30    1.000000E+30    1.000000E+30    1.000000E+30    1.000000E+30    1.000000E+30    1.000000E+30    1.000000E+30    1.000000E+30    1.000000E+30    1.000000E+30    1.000000E+30    1.000000E+30    1.000000E+30    1.000000E+30    1.000000E+30    1.000000E+30    1.000000E+30    1.000000E+30    1.000000E+30    1.000000E+30    1.000000E+30    1.000000E+30    1.000000E+30    1.000000E+30    1.000000E+30    1.000000E+30    1.000000E+30    1.000000E+30    1.000000E+30    1.000000E+30    1.000000E+30    1.000000E+30    1.000000E+30    1.000000E+30    1.000000E+30    1.000000E+30    1.000000E+30    1.000000E+30    1.000000E+30    1.000000E+30    1.000000E+30    1.000000E+30    1.000000E+30    1.000000E+30    1.000000E+30    1.000000E+30    1.000000E+30    1.000000E+30    1.000000E+30    1.000000E+30    1.000000E+30    1.000000E+30    1.000000E+30    1.000000E+30    1.000000E+30    1.000000E+30    1.000000E+30    1.000000E+30    1.000000E+30    1.000000E+30    1.000000E+30    1.000000E+30    1.000000E+30    1.000000E+30    1.000000E+30    1.000000E+30    1.000000E+30    1.300652E+01    1.300362E+01    1.300107E+01    1.300056E+01    1.300024E+01    1.300013E+01    1.300009E+01    1.300007E+01    1.000000E+30    1.000000E+30    1.000000E+30    1.000000E+30    1.000000E+30    1.000000E+30    1.000000E+30    1.000000E+30    1.000000E+30    1.000000E+30    1.000000E+30    1.000000E+30    1.000000E+30    1.000000E+30    1.000000E+30    1.000000E+30    1.000000E+30    1.000000E+30    1.000000E+30    1.000000E+30    1.000000E+30    1.000000E+30    1.000000E+30    1.000000E+30    1.000000E+30    1.000000E+30    1.000000E+30    1.000000E+30    1.000000E+30    1.000000E+30    1.000000E+30    1.000000E+30    1.000000E+30    1.000000E+30    1.000000E+30    1.000000E+30    1.000000E+30    1.000000E+30    1.000000E+30    1.000000E+30    1.000000E+30    1.000000E+30    1.000000E+30    1.000000E+30    1.000000E+30    1.000000E+30    1.000000E+30    1.000000E+30
   1.000000E+30    1.000000E+30    1.000000E+30    1.000000E+30    1.000000E+30    1.000000E+30    1.000000E+30    1.000000E+30    1.000000E+30    1.000000E+30    1.000000E+30    1.000000E+30    1.000000E+30    1.000000E+30    1.000000E+30    1.000000E+30    1.000000E+30    1.000000E+30    1.000000E+30    1.000000E+30    1.000000E+30    1.000000E+30    1.000000E+30    1.000000E+30    1.000000E+30    1.000000E+30    1.000000E+30    1.000000E+30    1.000000E+30    1.000000E+30    1.000000E+30    1.000000E+30    1.000000E+30    1.000000E+30    1.000000E+30    1.000000E+30    1.000000E+30    1.000000E+30    1.000000E+30    1.000000E+30    1.000000E+30    1.000000E+30    1.000000E+30    1.000000E+30    1.000000E+30    1.000000E+30    1.000000E+30    1.000000E+30    1.000000E+30    1.000000E+30    1.000000E+30    1.000000E+30    1.000000E+30    1.000000E+30    1.000000E+30    1.000000E+30    1.000000E+30    1.000000E+30    1.000000E+30    1.000000E+30    1.000000E+30    1.000000E+30    1.000000E+30    1.000000E+30    1.000000E+30    1.000000E+30    1.000000E+30    1.000000E+30    1.000000E+30    1.000000E+30    1.000000E+30    1.000000E+30    1.000000E+30    1.000000E+30    1.000000E+30    1.000000E+30    1.000000E+30    1.000000E+30    1.000000E+30    1.000000E+30    1.000000E+30    1.000000E+30    1.000000E+30    1.000000E+30    1.000000E+30    1.000000E+30    1.000000E+30    1.000000E+30    1.000000E+30    1.000000E+30    1.000000E+30    1.000000E+30    1.000000E+30    1.000000E+30    1.000000E+30    1.300669E+01    1.300376E+01    1.300116E+01    1.300063E+01    1.300027E+01    1.300014E+01    1.300010E+01    1.300007E+01    1.000000E+30    1.000000E+30    1.000000E+30    1.000000E+30    1.000000E+30    1.000000E+30    1.000000E+30    1.000000E+30    1.000000E+30    1.000000E+30    1.000000E+30    1.000000E+30    1.000000E+30    1.000000E+30    1.000000E+30    1.000000E+30    1.000000E+30    1.000000E+30    1.000000E+30    1.000000E+30    1.000000E+30    1.000000E+30    1.000000E+30    1.000000E+30    1.000000E+30    1.000000E+30    1.000000E+30    1.000000E+30    1.000000E+30    1.000000E+30    1.000000E+30    1.000000E+30    1.000000E+30    1.000000E+30    1.000000E+30    1.000000E+30    1.000000E+30    1.000000E+30    1.000000E+30    1.000000E+30    1.000000E+30    1.000000E+30    1.000000E+30    1.000000E+30    1.000000E+30    1.000000E+30    1.000000E+30    1.000000E+30
   1.000000E+30    1.000000E+30    1.000000E+30    1.000000E+30    1.000000E+30    1.000000E+30    1.000000E+30    1.000000E+30    1.000000E+30    1.000000E+30    1.000000E+30    1.000000E+30    1.000000E+30    1.000000E+30    1.000000E+30    1.000000E+30    1.000000E+30    1.000000E+30    1.000000E+30    1.000000E+30    1.000000E+30    1.000000E+30    1.000000E+30    1.000000E+30    1.000000E+30    1.000000E+30    1.000000E+30    1.000000E+30    1.000000E+30    1.000000E+30    1.000000E+30    1.000000E+30    1.000000E+30    1.000000E+30    1.000000E+30    1.000000E+30    1.000000E+30    1.000000E+30    1.000000E+30    1.000000E+30    1.000000E+30    1.000000E+30    1.000000E+30    1.000000E+30    1.000000E+30    1.000000E+30    1.000000E+30    1.000000E+30    1.000000E+30    1.000000E+30    1.000000E+30    1.000000E+30    1.000000E+30    1.000000E+30    1.000000E+30    1.000000E+30    1.000000E+30    1.000000E+30    1.000000E+30    1.000000E+30    1.000000E+30    1.000000E+30    1.000000E+30    1.000000E+30    1.000000E+30    1.000000E+30    1.000000E+30    1.000000E+30    1.000000E+30    1.000000E+30    1.000000E+30    1.000000E+30    1.000000E+30    1.000000E+30    1.000000E+30    1.000000E+30    1.000000E+30    1.000000E+30    1.000000E+30    1.000000E+30    1.000000E+30    1.000000E+30    1.000000E+30    1.000000E+30    1.000000E+30    1.000000E+30    1.000000E+30    1.000000E+30    1.000000E+30    1.000000E+30    1.000000E+30    1.000000E+30    1.000000E+30    1.000000E+30    1.000000E+30    1.300683E+01    1.300388E+01    1.300123E+01    1.300068E+01    1.300030E+01    1.300016E+01    1.300011E+01    1.000000E+30    1.000000E+30    1.000000E+30    1.000000E+30    1.000000E+30    1.000000E+30    1.000000E+30    1.000000E+30    1.000000E+30    1.000000E+30    1.000000E+30    1.000000E+30    1.000000E+30    1.000000E+30    1.000000E+30    1.000000E+30    1.000000E+30    1.000000E+30    1.000000E+30    1.000000E+30    1.000000E+30    1.000000E+30    1.000000E+30    1.000000E+30    1.000000E+30    1.000000E+30    1.000000E+30    1.000000E+30    1.000000E+30    1.000000E+30    1.000000E+30    1.000000E+30    1.000000E+30    1.000000E+30    1.000000E+30    1.000000E+30    1.000000E+30    1.000000E+30    1.000000E+30    1.000000E+30    1.000000E+30    1.000000E+30    1.000000E+30    1.000000E+30    1.000000E+30    1.000000E+30    1.000000E+30    1.000000E+30    1.000000E+30
   1.000000E+30    1.000000E+30    1.000000E+30    1.000000E+30    1.000000E+30    1.000000E+30    1.000000E+30    1.000000E+30    1.000000E+30    1.000000E+30    1.000000E+30    1.000000E+30    1.000000E+30    1.000000E+30    1.000000E+30    1.000000E+30    1.000000E+30    1.000000E+30    1.000000E+30    1.000000E+30    1.000000E+30    1.000000E+30    1.000000E+30    1.000000E+30    1.000000E+30    1.000000E+30    1.000000E+30    1.000000E+30    1.000000E+30    1.000000E+30    1.000000E+30    1.000000E+30    1.000000E+30    1.000000E+30    1.000000E+30    1.000000E+30    1.000000E+30    1.000000E+30    1.000000E+30    1.000000E+30    1.000000E+30    1.000000E+30    1.000000E+30    1.000000E+30    1.000000E+30    1.000000E+30    1.000000E+30    1.000000E+30    1.000000E+30    1.000000E+30    1.000000E+30    1.000000E+30    1.000000E+30    1.000000E+30    1.000000E+30    1.000000E+30    1.000000E+30    1.000000E+30    1.000000E+30    1.000000E+30    1.000000E+30    1.000000E+30    1.000000E+30    1.000000E+30    1.000000E+30    1.000000E+30    1.000000E+30    1.000000E+30    1.000000E+30    1.000000E+30    1.000000E+30    1.000000E+30    1.000000E+30    1.000000E+30    1.000000E+30    1.000000E+30    1.000000E+30    1.000000E+30    1.000000E+30    1.000000E+30    1.000000E+30    1.000000E+30    1.000000E+30    1.000000E+30    1.000000E+30    1.000000E+30    1.000000E+30    1.000000E+30    1.000000E+30    1.000000E+30    1.000000E+30    1.000000E+30    1.000000E+30    1.000000E+30    1.000000E+30    1.300696E+01    1.300398E+01    1.300129E+01    1.300071E+01    1.300031E+01    1.300017E+01    1.300012E+01    1.000000E+30    1.000000E+30    1.000000E+30    1.000000E+30    1.000000E+30    1.000000E+30    1.000000E+30    1.000000E+30    1.000000E+30    1.000000E+30    1.000000E+30    1.000000E+30    1.000000E+30    1.000000E+30    1.000000E+30    1.000000E+30    1.000000E+30    1.000000E+30    1.000000E+30    1.000000E+30    1.000000E+30    1.000000E+30    1.000000E+30    1.000000E+30    1.000000E+30    1.000000E+30    1.000000E+30    1.000000E+30    1.000000E+30    1.000000E+30    1.000000E+30    1.000000E+30    1.000000E+30    1.000000E+30    1.000000E+30    1.000000E+30    1.000000E+30    1.000000E+30    1.000000E+30    1.000000E+30    1.000000E+30    1.000000E+30    1.000000E+30    1.000000E+30    1.000000E+30    1.000000E+30    1.000000E+30    1.000000E+30    1.000000E+30
   1.000000E+30    1.000000E+30    1.000000E+30    1.000000E+30    1.000000E+30    1.000000E+30    1.000000E+30    1.000000E+30    1.000000E+30    1.000000E+30    1.000000E+30    1.000000E+30    1.000000E+30    1.000000E+30    1.000000E+30    1.000000E+30    1.000000E+30    1.000000E+30    1.000000E+30    1.000000E+30    1.000000E+30    1.000000E+30    1.000000E+30    1.000000E+30    1.000000E+30    1.000000E+30    1.000000E+30    1.000000E+30    1.000000E+30    1.000000E+30    1.000000E+30    1.000000E+30    1.000000E+30    1.000000E+30    1.000000E+30    1.000000E+30    1.000000E+30    1.000000E+30    1.000000E+30    1.000000E+30    1.000000E+30    1.000000E+30    1.000000E+30    1.000000E+30    1.000000E+30    1.000000E+30    1.000000E+30    1.000000E+30    1.000000E+30    1.000000E+30    1.000000E+30    1.000000E+30    1.000000E+30    1.000000E+30    1.000000E+30    1.000000E+30    1.000000E+30    1.000000E+30    1.000000E+30    1.000000E+30    1.000000E+30    1.000000E+30    1.000000E+30    1.000000E+30    1.000000E+30    1.000000E+30    1.000000E+30    1.000000E+30    1.000000E+30    1.000000E+30    1.000000E+30    1.000000E+30    1.000000E+30    1.000000E+30    1.000000E+30    1.000000E+30    1.000000E+30    1.000000E+30    1.000000E+30    1.000000E+30    1.000000E+30    1.000000E+30    1.000000E+30    1.000000E+30    1.000000E+30    1.000000E+30    1.000000E+30    1.000000E+30    1.000000E+30    1.000000E+30    1.000000E+30    1.000000E+30    1.000000E+30    1.000000E+30    1.000000E+30    1.300709E+01    1.300409E+01    1.300135E+01    1.300075E+01    1.300033E+01    1.300018E+01    1.300013E+01    1.000000E+30    1.000000E+30    1.000000E+30    1.000000E+30    1.000000E+30    1.000000E+30    1.000000E+30    1.000000E+30    1.000000E+30    1.000000E+30    1.000000E+30    1.000000E+30    1.000000E+30    1.000000E+30    1.000000E+30    1.000000E+30    1.000000E+30    1.000000E+30    1.000000E+30    1.000000E+30    1.000000E+30    1.000000E+30    1.000000E+30    1.000000E+30    1.000000E+30    1.000000E+30    1.000000E+30    1.000000E+30    1.000000E+30    1.000000E+30    1.000000E+30    1.000000E+30    1.000000E+30    1.000000E+30    1.000000E+30    1.000000E+30    1.000000E+30    1.000000E+30    1.000000E+30    1.000000E+30    1.000000E+30    1.000000E+30    1.000000E+30    1.000000E+30    1.000000E+30    1.000000E+30    1.000000E+30    1.000000E+30    1.000000E+30
   1.000000E+30    1.000000E+30    1.000000E+30    1.000000E+30    1.000000E+30    1.000000E+30    1.000000E+30    1.000000E+30    1.000000E+30    1.000000E+30    1.000000E+30    1.000000E+30    1.000000E+30    1.000000E+30    1.000000E+30    1.000000E+30    1.000000E+30    1.000000E+30    1.000000E+30    1.000000E+30    1.000000E+30    1.000000E+30    1.000000E+30    1.000000E+30    1.000000E+30    1.000000E+30    1.000000E+30    1.000000E+30    1.000000E+30    1.000000E+30    1.000000E+30    1.000000E+30    1.000000E+30    1.000000E+30    1.000000E+30    1.000000E+30    1.000000E+30    1.000000E+30    1.000000E+30    1.000000E+30    1.000000E+30    1.000000E+30    1.000000E+30    1.000000E+30    1.000000E+30    1.000000E+30    1.000000E+30    1.000000E+30    1.000000E+30    1.000000E+30    1.000000E+30    1.000000E+30    1.000000E+30    1.000000E+30    1.000000E+30    1.000000E+30    1.000000E+30    1.000000E+30    1.000000E+30    1.000000E+30    1.000000E+30    1.000000E+30    1.000000E+30    1.000000E+30    1.000000E+30    1.000000E+30    1.000000E+30    1.000000E+30    1.000000E+30    1.000000E+30    1.000000E+30    1.000000E+30    1.000000E+30    1.000000E+30    1.000000E+30    1.000000E+30    1.000000E+30    1.000000E+30    1.000000E+30    1.000000E+30    1.000000E+30    1.000000E+30    1.000000E+30    1.000000E+30    1.000000E+30    1.000000E+30    1.000000E+30    1.000000E+30    1.000000E+30    1.000000E+30    1.000000E+30    1.000000E+30    1.000000E+30    1.000000E+30    1.000000E+30    1.300720E+01    1.300421E+01    1.300142E+01    1.300080E+01    1.300036E+01    1.300020E+01    1.300014E+01    1.000000E+30    1.000000E+30    1.000000E+30    1.000000E+30    1.000000E+30    1.000000E+30    1.000000E+30    1.000000E+30    1.000000E+30    1.000000E+30    1.000000E+30    1.000000E+30    1.000000E+30    1.000000E+30    1.000000E+30    1.000000E+30    1.000000E+30    1.000000E+30    1.000000E+30    1.000000E+30    1.000000E+30    1.000000E+30    1.000000E+30    1.000000E+30    1.000000E+30    1.000000E+30    1.000000E+30    1.000000E+30    1.000000E+30    1.000000E+30    1.000000E+30    1.000000E+30    1.000000E+30    1.000000E+30    1.000000E+30    1.000000E+30    1.000000E+30    1.000000E+30    1.000000E+30    1.000000E+30    1.000000E+30    1.000000E+30    1.000000E+30    1.000000E+30    1.000000E+30    1.000000E+30    1.000000E+30    1.000000E+30    1.000000E+30
   1.000000E+30    1.000000E+30    1.000000E+30    1.000000E+30    1.000000E+30    1.000000E+30    1.000000E+30    1.000000E+30    1.000000E+30    1.000000E+30    1.000000E+30    1.000000E+30    1.000000E+30    1.000000E+30    1.000000E+30    1.000000E+30    1.000000E+30    1.000000E+30    1.000000E+30    1.000000E+30    1.000000E+30    1.000000E+30    1.000000E+30    1.000000E+30    1.000000E+30    1.000000E+30    1.000000E+30    1.000000E+30    1.000000E+30    1.000000E+30    1.000000E+30    1.000000E+30    1.000000E+30    1.000000E+30    1.000000E+30    1.000000E+30    1.000000E+30    1.000000E+30    1.000000E+30    1.000000E+30    1.000000E+30    1.000000E+30    1.000000E+30    1.000000E+30    1.000000E+30    1.000000E+30    1.000000E+30    1.000000E+30    1.000000E+30    1.000000E+30    1.000000E+30    1.000000E+30    1.000000E+30    1.000000E+30    1.000000E+30    1.000000E+30    1.000000E+30    1.000000E+30    1.000000E+30    1.000000E+30    1.000000E+30    1.000000E+30    1.000000E+30    1.000000E+30    1.000000E+30    1.000000E+30    1.000000E+30    1.000000E+30    1.000000E+30    1.000000E+30    1.000000E+30    1.000000E+30    1.000000E+30    1.000000E+30    1.000000E+30    1.000000E+30    1.000000E+30    1.000000E+30    1.000000E+30    1.000000E+30    1.000000E+30    1.000000E+30    1.000000E+30    1.000000E+30    1.000000E+30    1.000000E+30    1.000000E+30    1.000000E+30    1.000000E+30    1.000000E+30    1.000000E+30    1.000000E+30    1.000000E+30    1.000000E+30    1.000000E+30    1.300734E+01    1.300436E+01    1.300150E+01    1.300086E+01    1.300040E+01    1.300025E+01    1.300015E+01    1.000000E+30    1.000000E+30    1.000000E+30    1.000000E+30    1.000000E+30    1.000000E+30    1.000000E+30    1.000000E+30    1.000000E+30    1.000000E+30    1.000000E+30    1.000000E+30    1.000000E+30    1.000000E+30    1.000000E+30    1.000000E+30    1.000000E+30    1.000000E+30    1.000000E+30    1.000000E+30    1.000000E+30    1.000000E+30    1.000000E+30    1.000000E+30    1.000000E+30    1.000000E+30    1.000000E+30    1.000000E+30    1.000000E+30    1.000000E+30    1.000000E+30    1.000000E+30    1.000000E+30    1.000000E+30    1.000000E+30    1.000000E+30    1.000000E+30    1.000000E+30    1.000000E+30    1.000000E+30    1.000000E+30    1.000000E+30    1.000000E+30    1.000000E+30    1.000000E+30    1.000000E+30    1.000000E+30    1.000000E+30    1.000000E+30
   1.000000E+30    1.000000E+30    1.000000E+30    1.000000E+30    1.000000E+30    1.000000E+30    1.000000E+30    1.000000E+30    1.000000E+30    1.000000E+30    1.000000E+30    1.000000E+30    1.000000E+30    1.000000E+30    1.000000E+30    1.000000E+30    1.000000E+30    1.000000E+30    1.000000E+30    1.000000E+30    1.000000E+30    1.000000E+30    1.000000E+30    1.000000E+30    1.000000E+30    1.000000E+30    1.000000E+30    1.000000E+30    1.000000E+30    1.000000E+30    1.000000E+30    1.000000E+30    1.000000E+30    1.000000E+30    1.000000E+30    1.000000E+30    1.000000E+30    1.000000E+30    1.000000E+30    1.000000E+30    1.000000E+30    1.000000E+30    1.000000E+30    1.000000E+30    1.000000E+30    1.000000E+30    1.000000E+30    1.000000E+30    1.000000E+30    1.000000E+30    1.000000E+30    1.000000E+30    1.000000E+30    1.000000E+30    1.000000E+30    1.000000E+30    1.000000E+30    1.000000E+30    1.000000E+30    1.000000E+30    1.000000E+30    1.000000E+30    1.000000E+30    1.000000E+30    1.000000E+30    1.000000E+30    1.000000E+30    1.000000E+30    1.000000E+30    1.000000E+30    1.000000E+30    1.000000E+30    1.000000E+30    1.000000E+30    1.000000E+30    1.000000E+30    1.000000E+30    1.000000E+30    1.000000E+30    1.000000E+30    1.000000E+30    1.000000E+30    1.000000E+30    1.000000E+30    1.000000E+30    1.000000E+30    1.000000E+30    1.000000E+30    1.000000E+30    1.000000E+30    1.000000E+30    1.000000E+30    1.000000E+30    1.000000E+30    1.000000E+30    1.300757E+01    1.300457E+01    1.300162E+01    1.300095E+01    1.300046E+01    1.300050E+01    1.000000E+30    1.000000E+30    1.000000E+30    1.000000E+30    1.000000E+30    1.000000E+30    1.000000E+30    1.000000E+30    1.000000E+30    1.000000E+30    1.000000E+30    1.000000E+30    1.000000E+30    1.000000E+30    1.000000E+30    1.000000E+30    1.000000E+30    1.000000E+30    1.000000E+30    1.000000E+30    1.000000E+30    1.000000E+30    1.000000E+30    1.000000E+30    1.000000E+30    1.000000E+30    1.000000E+30    1.000000E+30    1.000000E+30    1.000000E+30    1.000000E+30    1.000000E+30    1.000000E+30    1.000000E+30    1.000000E+30    1.000000E+30    1.000000E+30    1.000000E+30    1.000000E+30    1.000000E+30    1.000000E+30    1.000000E+30    1.000000E+30    1.000000E+30    1.000000E+30    1.000000E+30    1.000000E+30    1.000000E+30    1.000000E+30    1.000000E+30
   1.000000E+30    1.000000E+30    1.000000E+30    1.000000E+30    1.000000E+30    1.000000E+30    1.000000E+30    1.000000E+30    1.000000E+30    1.000000E+30    1.000000E+30    1.000000E+30    1.000000E+30    1.000000E+30    1.000000E+30    1.000000E+30    1.000000E+30    1.000000E+30    1.000000E+30    1.000000E+30    1.000000E+30    1.000000E+30    1.000000E+30    1.000000E+30    1.000000E+30    1.000000E+30    1.000000E+30    1.000000E+30    1.000000E+30    1.000000E+30    1.000000E+30    1.000000E+30    1.000000E+30    1.000000E+30    1.000000E+30    1.000000E+30    1.000000E+30    1.000000E+30    1.000000E+30    1.000000E+30    1.000000E+30    1.000000E+30    1.000000E+30    1.000000E+30    1.000000E+30    1.000000E+30    1.000000E+30    1.000000E+30    1.000000E+30    1.000000E+30    1.000000E+30    1.000000E+30    1.000000E+30    1.000000E+30    1.000000E+30    1.000000E+30    1.000000E+30    1.000000E+30    1.000000E+30    1.000000E+30    1.000000E+30    1.000000E+30    1.000000E+30    1.000000E+30    1.000000E+30    1.000000E+30    1.000000E+30    1.000000E+30    1.000000E+30    1.000000E+30    1.000000E+30    1.000000E+30    1.000000E+30    1.000000E+30    1.000000E+30    1.000000E+30    1.000000E+30    1.000000E+30    1.000000E+30    1.000000E+30    1.000000E+30    1.000000E+30    1.000000E+30    1.000000E+30    1.000000E+30    1.000000E+30    1.000000E+30    1.000000E+30    1.000000E+30    1.000000E+30    1.000000E+30    1.000000E+30    1.000000E+30    1.000000E+30    1.000000E+30    1.300794E+01    1.300486E+01    1.300180E+01    1.300105E+01    1.300052E+01    1.300057E+01    1.000000E+30    1.000000E+30    1.000000E+30    1.000000E+30    1.000000E+30    1.000000E+30    1.000000E+30    1.000000E+30    1.000000E+30    1.000000E+30    1.000000E+30    1.000000E+30    1.000000E+30    1.000000E+30    1.000000E+30    1.000000E+30    1.000000E+30    1.000000E+30    1.000000E+30    1.000000E+30    1.000000E+30    1.000000E+30    1.000000E+30    1.000000E+30    1.000000E+30    1.000000E+30    1.000000E+30    1.000000E+30    1.000000E+30    1.000000E+30    1.000000E+30    1.000000E+30    1.000000E+30    1.000000E+30    1.000000E+30    1.000000E+30    1.000000E+30    1.000000E+30    1.000000E+30    1.000000E+30    1.000000E+30    1.000000E+30    1.000000E+30    1.000000E+30    1.000000E+30    1.000000E+30    1.000000E+30    1.000000E+30    1.000000E+30    1.000000E+30
   1.000000E+30    1.000000E+30    1.000000E+30    1.000000E+30    1.000000E+30    1.000000E+30    1.000000E+30    1.000000E+30    1.000000E+30    1.000000E+30    1.000000E+30    1.000000E+30    1.000000E+30    1.000000E+30    1.000000E+30    1.000000E+30    1.000000E+30    1.000000E+30    1.000000E+30    1.000000E+30    1.000000E+30    1.000000E+30    1.000000E+30    1.000000E+30    1.000000E+30    1.000000E+30    1.000000E+30    1.000000E+30    1.000000E+30    1.000000E+30    1.000000E+30    1.000000E+30    1.000000E+30    1.000000E+30    1.000000E+30    1.000000E+30    1.000000E+30    1.000000E+30    1.000000E+30    1.000000E+30    1.000000E+30    1.000000E+30    1.000000E+30    1.000000E+30    1.000000E+30    1.000000E+30    1.000000E+30    1.000000E+30    1.000000E+30    1.000000E+30    1.000000E+30    1.000000E+30    1.000000E+30    1.000000E+30    1.000000E+30    1.000000E+30    1.000000E+30    1.000000E+30    1.000000E+30    1.000000E+30    1.000000E+30    1.000000E+30    1.000000E+30    1.000000E+30    1.000000E+30    1.000000E+30    1.000000E+30    1.000000E+30    1.000000E+30    1.000000E+30    1.000000E+30    1.000000E+30    1.000000E+30    1.000000E+30    1.000000E+30    1.000000E+30    1.000000E+30    1.000000E+30    1.000000E+30    1.000000E+30    1.000000E+30    1.000000E+30    1.000000E+30    1.000000E+30    1.000000E+30    1.000000E+30    1.000000E+30    1.000000E+30    1.000000E+30    1.000000E+30    1.000000E+30    1.000000E+30    1.000000E+30    1.000000E+30    1.000000E+30    1.300847E+01    1.300535E+01    1.300206E+01    1.300120E+01    1.300058E+01    1.300060E+01    1.000000E+30    1.000000E+30    1.000000E+30    1.000000E+30    1.000000E+30    1.000000E+30    1.000000E+30    1.000000E+30    1.000000E+30    1.000000E+30    1.000000E+30    1.000000E+30    1.000000E+30    1.000000E+30    1.000000E+30    1.000000E+30    1.000000E+30    1.000000E+30    1.000000E+30    1.000000E+30    1.000000E+30    1.000000E+30    1.000000E+30    1.000000E+30    1.000000E+30    1.000000E+30    1.000000E+30    1.000000E+30    1.000000E+30    1.000000E+30    1.000000E+30    1.000000E+30    1.000000E+30    1.000000E+30    1.000000E+30    1.000000E+30    1.000000E+30    1.000000E+30    1.000000E+30    1.000000E+30    1.000000E+30    1.000000E+30    1.000000E+30    1.000000E+30    1.000000E+30    1.000000E+30    1.000000E+30    1.000000E+30    1.000000E+30    1.000000E+30
   1.000000E+30    1.000000E+30    1.000000E+30    1.000000E+30    1.000000E+30    1.000000E+30    1.000000E+30    1.000000E+30    1.000000E+30    1.000000E+30    1.000000E+30    1.000000E+30    1.000000E+30    1.000000E+30    1.000000E+30    1.000000E+30    1.000000E+30    1.000000E+30    1.000000E+30    1.000000E+30    1.000000E+30    1.000000E+30    1.000000E+30    1.000000E+30    1.000000E+30    1.000000E+30    1.000000E+30    1.000000E+30    1.000000E+30    1.000000E+30    1.000000E+30    1.000000E+30    1.000000E+30    1.000000E+30    1.000000E+30    1.000000E+30    1.000000E+30    1.000000E+30    1.000000E+30    1.000000E+30    1.000000E+30    1.000000E+30    1.000000E+30    1.000000E+30    1.000000E+30    1.000000E+30    1.000000E+30    1.000000E+30    1.000000E+30    1.000000E+30    1.000000E+30    1.000000E+30    1.000000E+30    1.000000E+30    1.000000E+30    1.000000E+30    1.000000E+30    1.000000E+30    1.000000E+30    1.000000E+30    1.000000E+30    1.000000E+30    1.000000E+30    1.000000E+30    1.000000E+30    1.000000E+30    1.000000E+30    1.000000E+30    1.000000E+30    1.000000E+30    1.000000E+30    1.000000E+30    1.000000E+30    1.000000E+30    1.000000E+30    1.000000E+30    1.000000E+30    1.000000E+30    1.000000E+30    1.000000E+30    1.000000E+30    1.000000E+30    1.000000E+30    1.000000E+30    1.000000E+30    1.000000E+30    1.000000E+30    1.000000E+30    1.000000E+30    1.000000E+30    1.000000E+30    1.000000E+30    1.000000E+30    1.000000E+30    1.000000E+30    1.300903E+01    1.300630E+01    1.300251E+01    1.300151E+01    1.300080E+01    1.300064E+01    1.000000E+30    1.000000E+30    1.000000E+30    1.000000E+30    1.000000E+30    1.000000E+30    1.000000E+30    1.000000E+30    1.000000E+30    1.000000E+30    1.000000E+30    1.000000E+30    1.000000E+30    1.000000E+30    1.000000E+30    1.000000E+30    1.000000E+30    1.000000E+30    1.000000E+30    1.000000E+30    1.000000E+30    1.000000E+30    1.000000E+30    1.000000E+30    1.000000E+30    1.000000E+30    1.000000E+30    1.000000E+30    1.000000E+30    1.000000E+30    1.000000E+30    1.000000E+30    1.000000E+30    1.000000E+30    1.000000E+30    1.000000E+30    1.000000E+30    1.000000E+30    1.000000E+30    1.000000E+30    1.000000E+30    1.000000E+30    1.000000E+30    1.000000E+30    1.000000E+30    1.000000E+30    1.000000E+30    1.000000E+30    1.000000E+30    1.000000E+30
