8 1 60 12.881357145958376
8 1 61 12.960644699503524
8 1 62 12.935045574175243
8 1 63 12.926154266477205
8 1 64 13.037697045654689
8 1 65 12.79927180174574
8 1 66 12.790548955598945
8 1 67 12.681588058292158
8 1 68 12.905567165700004
8 1 69 12.771839679790784
8 1 70 12.818719723808519
8 1 71 12.649442069683795
8 1 72 13.010323443397358
8 1 73 12.876248237933913
8 1 74 12.865709048192635
8 1 75 12.743346460752175
8 1 76 12.822494354744194
8 1 77 12.916615906857086
8 1 78 12.77908962236292
8 1 79 12.753974472064693
8 1 80 12.798993650627631
8 1 81 12.782258034763103
8 1 82 12.891236262207743
8 2 59 12.960807587435465
8 2 60 12.805102200331376
8 2 61 12.812018998682698
8 2 62 12.711578210817363
8 2 63 13.141512952608402
8 2 64 12.815736631845184
8 2 65 12.697352585809528
8 2 66 12.900294229690363
8 2 67 12.829031107281564
8 2 68 12.690727932537824
8 2 69 13.000992223691604
8 2 70 12.776653812834143
8 2 71 12.848256889694094
8 2 72 12.95343465672679
8 2 73 12.737678716882714
8 2 74 12.644024545817206
8 2 75 13.022739756019206
8 2 76 12.798536991172387
8 2 77 13.024469408832813
8 2 78 12.867182415518814
8 2 79 13.011404453974913
8 2 80 12.841495573635838
8 2 81 12.9892252228823
8 2 82 12.948255339007284
8 2 83 12.696177616718394
8 2 84 12.886869562335493
8 2 85 12.834919492230133
8 2 86 12.888244110707518
8 2 87 12.877495485380567
8 2 88 12.684238615117412
8 2 89 12.887834055771751
8 2 90 13.015079750685432
8 2 91 12.671798618998054
8 2 92 12.778920492416521
8 2 93 12.955390695502034
8 2 94 12.858006548795666
8 2 95 12.826707537198235
8 2 96 13.055609117548538
8 2 97 12.8620469986588
8 2 98 12.715488876983633
8 2 99 13.052788902422977
8 2 100 12.636250635908576
8 2 101 12.755801897085709
8 2 102 13.119377367858789
8 2 103 13.011002977089223
8 2 104 13.013170363141647
8 2 105 12.880369245794197
8 2 106 12.718159320706324
8 2 107 12.821132848801227
8 2 108 13.005654561523432
8 2 109 12.732016513627793
8 2 110 12.926626301052465
8 2 111 12.810270748544458
8 2 112 12.860632288921277
8 2 113 12.844844745505803
8 2 114 12.754592970549623
8 2 115 12.929112164096077
8 2 116 12.614456304307161
8 2 117 12.810908969600272
8 2 118 12.989252474865474
8 3 57 12.936273301187553
8 3 58 12.978683060178874
8 3 59 13.01224391503297
8 3 60 12.589171790181144
8 3 61 12.86858440335178
8 3 62 12.86892361965463
8 3 63 12.853489476393785
8 3 64 12.837319277219047
8 3 65 13.041279909578515
8 3 66 12.66156199037723
8 3 67 12.875512812676341
8 3 68 12.846105234173491
8 3 69 12.988654499638399
8 3 70 12.81087732672474
8 3 71 12.6283443084849
8 3 72 12.799711240681486
8 3 73 12.841483721871995
8 3 74 12.786540448628802
8 3 75 12.812275405209062
8 3 76 12.771629241452466
8 3 77 12.77073926498314
8 3 78 12.767539476319936
8 3 79 12.720067663280606
8 3 80 12.862689966195138
8 3 81 12.68507419442006
8 3 82 12.835138360084834
8 3 83 12.792216982206906
8 3 84 12.931007691293223
8 3 85 12.69241746236166
8 3 86 12.88281914858694
8 3 87 12.998350746249557
8 3 88 12.895891742796149
8 3 89 13.003543255519277
8 3 90 12.828351474445363
8 3 91 12.620235907025057
8 3 92 13.141444828394192
8 3 93 13.043350965177515
8 3 94 12.945393651030583
8 3 95 12.881669793142624
8 3 96 12.813168841381609
8 3 97 12.931111219771813
8 3 98 12.873435731776437
8 3 99 12.90174826429933
8 3 100 12.69496505207779
8 3 101 12.69456717503486
8 3 102 12.91246316715349
8 3 103 12.523660282298207
8 3 104 12.830460566019818
8 3 105 12.963805871488475
8 3 106 12.980567343962907
8 3 107 12.71978939735895
8 3 108 12.890411752846774
8 3 109 12.942315276646381
8 3 110 13.089585696918212
8 3 111 12.616549369923563
8 3 112 12.773605902898321
8 3 113 12.951781720489613
8 3 114 12.79854313345491
8 3 115 12.770397482123256
8 3 116 12.85855241150035
8 3 117 12.856968447881961
8 3 118 12.745345565472673
8 3 119 12.941928199262959
8 3 120 13.09707319047219
8 3 121 12.854075486040314
8 3 122 12.722877999233983
8 3 123 12.92511613672397
8 3 124 12.798629540511582
8 3 125 12.803710747732476
8 3 126 13.032781276505567
8 3 127 12.691322528997855
8 3 128 12.792896523390688
8 3 129 13.122872729215961
8 3 130 12.85869310302147
8 3 131 12.892610994330584
8 3 132 12.94377441451869
8 3 133 12.921512308731371
8 3 134 12.795061693494615
8 3 135 12.702755441418567
8 3 136 12.833645647399507
8 3 137 12.81196341647544
8 3 138 12.752955992372563
8 3 139 12.852949073948214
8 3 140 12.661576884346767
8 3 141 12.545587049812644
8 3 142 12.901959327195328
8 3 143 12.979039536234454
8 3 144 12.88233554315405
8 3 145 12.811718800859637
8 3 146 12.843338922615041
8 3 147 12.882109889109563
8 3 148 12.826316139814823
8 3 149 12.870404572458979
8 3 150 12.833002058911836
8 4 56 12.831794930751142
8 4 57 12.876833007686129
8 4 58 12.66528914745412
8 4 59 12.810745640764855
8 4 60 12.900454225105952
8 4 61 12.873428679085066
8 4 62 12.918196457554279
8 4 63 12.807859670086803
8 4 64 12.857115495514405
8 4 65 12.78090444053286
8 4 66 12.896893433141896
8 4 67 12.985986781608288
8 4 68 13.071836294669835
8 4 69 12.78331674150351
8 4 70 12.733229491705874
8 4 71 12.85473370169226
8 4 72 12.6928992054907
8 4 73 12.698371360233637
8 4 74 12.88096153009546
8 4 75 13.008554343491191
8 4 76 12.820663829137516
8 4 77 12.890685533935377
8 4 78 12.915193576716701
8 4 79 12.856494568203797
8 4 80 12.99410780177536
8 4 81 12.925640532404614
8 4 82 12.89145838695156
8 4 83 12.879303897187174
8 4 84 12.816422894304301
8 4 85 12.946135732655748
8 4 86 12.754792203364273
8 4 87 12.884382486808024
8 4 88 12.743948260302918
8 4 89 12.726093498363543
8 4 90 12.73745171969725
8 4 91 12.861169269626142
8 4 92 12.563099560621348
8 4 93 12.893778296503031
8 4 94 12.792209895890144
8 4 95 12.691942520892326
8 4 96 12.931403968874568
8 4 97 12.989643746494437
8 4 98 12.989140576325118
8 4 99 12.909422507420341
8 4 100 12.989154280970586
8 4 101 12.803316000185704
8 4 102 12.887691745221632
8 4 103 12.930028284553327
8 4 104 12.939462702760935
8 4 105 13.057265990013798
8 4 106 12.927567712730239
8 4 107 12.765272731073122
8 4 108 12.890821188249253
8 4 109 12.994504246520098
8 4 110 13.111732719191327
8 4 111 12.78073106300899
8 4 112 12.659666202957926
8 4 113 12.90489624277115
8 4 114 12.795256445680174
8 4 115 12.96101691734675
8 4 116 12.926162466098042
8 4 117 12.576317607988457
8 4 118 12.713776576633197
8 4 119 12.956911136965495
8 4 120 12.729060973729023
8 4 121 12.879306911031094
8 4 122 12.885002904692026
8 4 123 12.939011053806317
8 4 124 12.809530662293646
8 4 125 12.933789003037829
8 4 126 12.757504912163974
8 4 127 12.806816249879821
8 4 128 12.693270028169094
8 4 129 12.935151788205273
8 4 130 12.855961885063072
8 4 131 12.731581994348959
8 4 132 12.67896861248116
8 4 133 12.63559801599321
8 4 134 13.078781031307418
8 4 135 12.758906880045178
8 4 136 12.995210828334717
8 4 137 12.926024788299657
8 4 138 12.830298582535901
8 4 139 12.978470260897573
8 4 140 12.808150706199571
8 4 141 12.721708102724621
8 4 142 12.751057037533622
8 4 143 12.64498285491039
8 4 144 12.685577409154536
8 4 145 12.886497417962115
8 4 146 12.825774939802136
8 4 147 12.846846807348962
8 4 148 12.893809924506277
8 4 149 12.882780308444966
8 4 150 12.782462954850441
8 5 54 12.822697000727336
8 5 55 13.124192151745596
8 5 56 12.93784216886866
8 5 57 12.794214619382258
8 5 58 12.809950336418042
8 5 59 12.9124626492381
8 5 60 12.992107605540111
8 5 61 12.81251370349662
8 5 62 12.81630304542148
8 5 63 13.006663032480525
8 5 64 12.822817129941056
8 5 65 12.6570277139166
8 5 66 12.737979770202713
8 5 67 12.630727025676341
8 5 68 12.747311636267524
8 5 69 12.807309753360636
8 5 70 12.786314324648663
8 5 71 12.952918007156446
8 5 72 12.784556154143317
8 5 73 12.679523317761923
8 5 74 13.00206279389999
8 5 75 12.796193378122531
8 5 76 12.74976804846935
8 5 77 12.80463132577147
8 5 78 12.844263323725526
8 5 79 13.009015404937097
8 5 80 12.797041194956964
8 5 81 12.925016692718794
8 5 82 12.811164088873225
8 5 83 12.664945693486462
8 5 84 12.943633895491786
8 5 85 12.686751043310013
8 5 86 12.770769968417563
8 5 87 12.894103753892239
8 5 88 12.601170689603611
8 5 89 12.809793655277081
8 5 90 12.728808225262775
8 5 91 12.616079206231545
8 5 92 12.684056898843732
8 5 93 12.873180529221727
8 5 94 12.96176163865813
8 5 95 12.817678011763688
8 5 96 12.72251883833537
8 5 97 12.783219517681692
8 5 98 12.780615011938034
8 5 99 12.924388524137786
8 5 100 12.680360952134404
8 5 101 13.024803414305081
8 5 102 12.91684080089004
8 5 103 12.852380316145512
8 5 104 12.660096498434912
8 5 105 12.95981411010403
8 5 106 12.89726899759843
8 5 107 13.011384725761575
8 5 108 12.80062955463947
8 5 109 12.715084154315173
8 5 110 12.858414455132928
8 5 111 12.770727034577938
8 5 112 12.688803591090716
8 5 113 12.78114785346715
8 5 114 12.950547111647875
8 5 115 12.939766614688285
8 5 116 12.925044344194598
8 5 117 12.979650349575337
8 5 118 12.978657192353017
8 5 119 12.982169044252919
8 5 120 12.804002782710679
8 5 121 13.092074746178834
8 5 122 12.800315133583167
8 5 123 12.851749690551626
8 5 124 12.797699569681745
8 5 125 12.819087122386168
8 5 126 12.930747597136744
8 5 127 13.025478690917534
8 5 128 12.773230812034958
8 5 129 12.80923036821741
8 5 130 12.752760115572837
8 5 131 13.145173379046517
8 5 132 12.797031403284615
8 5 133 12.93127890192607
8 5 134 13.02038193404884
8 5 135 12.686867375343853
8 5 136 12.817307250262031
8 5 137 12.805400916018488
8 5 138 12.830323874298708
8 5 139 12.75112150397534
8 5 140 12.991359210166378
8 5 141 12.800320123316373
8 5 142 12.963321129715743
8 5 143 12.792629513586496
8 5 144 12.709487476246224
8 5 145 12.835195576988587
8 5 146 12.985255812386898
8 5 147 13.077838712738698
8 5 148 13.000715487293235
8 5 149 12.919166656992338
8 5 150 12.742395013538879
8 6 53 13.005801372369397
8 6 54 12.848941106475886
8 6 55 12.970192417607707
8 6 56 12.813851647565794
8 6 57 13.059398349166466
8 6 58 12.883950111735102
8 6 59 13.054441661548326
8 6 60 13.037017256065088
8 6 61 12.76137125252763
8 6 62 12.792275374609948
8 6 63 12.83106708980765
8 6 64 12.756943304303112
8 6 65 12.788049325488764
8 6 66 12.981255332992781
8 6 67 12.958006978406708
8 6 68 12.976021713047475
8 6 69 12.817367087065591
8 6 70 12.917278915476308
8 6 71 13.032585988617775
8 6 72 12.999979451285435
8 6 73 12.790917340001048
8 6 74 13.003116836321626
8 6 75 12.978508693816588
8 6 76 12.820717296627214
8 6 77 12.966148368257617
8 6 78 12.836850185987316
8 6 79 12.787494369363133
8 6 80 12.754970826707114
8 6 81 12.522760510415527
8 6 82 12.96548691499855
8 6 83 12.81506882986337
8 6 84 12.813713723118525
8 6 85 13.0844243312645
8 6 86 12.932974850534242
8 6 87 12.88246339202612
8 6 88 12.698505765701057
8 6 89 12.835578379991286
8 6 90 12.922117768590516
8 6 91 12.728968374328772
8 6 92 12.893220791946847
8 6 93 12.899712965644207
8 6 94 12.866172660650568
8 6 95 12.98116540246552
8 6 96 12.901650232997259
8 6 97 12.910484836919716
8 6 98 12.844408158957727
8 6 99 12.876783490429084
8 6 100 12.807758045123816
8 6 101 12.81632890750697
8 6 102 12.947436750155767
8 6 103 12.941936584181368
8 6 104 12.792456745358706
8 6 105 12.958512778881742
8 6 106 12.622926427254251
8 6 107 12.848779582464383
8 6 108 12.958324851405315
8 6 109 12.7829616391055
8 6 110 13.000005069809193
8 6 111 12.792718578870707
8 6 112 12.686736349566212
8 6 113 13.05805470677091
8 6 114 12.734986019144609
8 6 115 12.739024253556057
8 6 116 12.80906912541465
8 6 117 12.724900750244705
8 6 118 12.859582215442115
8 6 119 13.10695016548864
8 6 120 12.664266628029775
8 6 121 12.799894062499312
8 6 122 12.881033148350225
8 6 123 12.795256785071576
8 6 124 12.83236581986755
8 6 125 12.921439975418604
8 6 126 12.796159399543525
8 6 127 12.955025394215399
8 6 128 12.816161062531755
8 6 129 12.942344751163702
8 6 130 12.947214863179077
8 6 131 12.758127796026262
8 6 132 13.013792726668084
8 6 133 12.882679185923186
8 6 134 12.835613460195507
8 6 135 12.801980645016563
8 6 136 12.89832171283268
8 6 137 12.842148594889101
8 6 138 12.840195180948593
8 6 139 12.958477670598324
8 6 140 12.82027726946397
8 6 141 12.758985810475458
8 6 142 12.898543905841303
8 6 143 12.87792895714937
8 6 144 12.779519884402404
8 6 145 12.948111371639392
8 6 146 12.849414119163859
8 6 147 12.82795763257259
8 6 148 13.00985482223837
8 6 149 12.81995812962047
8 6 150 12.907553538406015
8 7 51 12.963793330578577
8 7 52 12.820481198024194
8 7 53 12.946506418529241
8 7 54 12.863922239503864
8 7 55 12.85300075112648
8 7 56 12.683384285082159
8 7 57 12.721918285356894
8 7 58 13.066044712494097
8 7 59 12.662856913776492
8 7 60 12.633852403454284
8 7 61 12.83667772383872
8 7 62 12.858620981407547
8 7 63 12.691113415409504
8 7 64 12.955677742575357
8 7 65 12.872748475686238
8 7 66 12.963278391451027
8 7 67 13.12003364373301
8 7 68 12.968411031735943
8 7 69 12.903910455586988
8 7 70 12.906781408161594
8 7 71 12.744155000954276
8 7 72 12.91708965802045
8 7 73 12.82494728330942
8 7 74 12.895175325764002
8 7 75 13.091625224946455
8 7 76 12.793546577462687
8 7 77 13.101555942765536
8 7 78 12.940273309892644
8 7 79 12.78903583047709
8 7 80 12.761086499622396
8 7 81 12.824126642137156
8 7 82 12.595637808857019
8 7 83 13.07782822357262
8 7 84 12.862199509091376
8 7 85 12.998303122639046
8 7 86 12.92757247921881
8 7 87 13.015188420694752
8 7 88 12.894613493024604
8 7 89 12.90169451370758
8 7 90 12.81476945655382
8 7 91 12.892598635703964
8 7 92 12.673105086932583
8 7 93 12.803755028127066
8 7 94 12.72463185863263
8 7 95 13.119234506543552
8 7 96 12.735788868152683
8 7 97 12.97651837481066
8 7 98 12.921530395419143
8 7 99 12.820454678166387
8 7 100 12.727995253684126
8 7 101 12.692554321616498
8 7 102 12.82207774229954
8 7 103 12.701794409690574
8 7 104 12.788312198357596
8 7 105 12.91580241923634
8 7 106 12.880636492652974
8 7 107 12.748450991012804
8 7 108 12.791232000563104
8 7 109 12.810000261129005
8 7 110 12.692582192442092
8 7 111 13.116722689561554
8 7 112 12.760718995741053
8 7 113 12.873201700984046
8 7 114 12.82365468463981
8 7 115 12.939008207431547
8 7 116 13.060639051670853
8 7 117 12.744536532034717
8 7 118 12.826167178985687
8 7 119 12.628152474629498
8 7 120 12.858927920687554
8 7 121 12.942009691742642
8 7 122 12.928202603411362
8 7 123 12.836889383563692
8 7 124 12.761810159660776
8 7 125 13.04474309026522
8 7 126 12.931989113007937
8 7 127 13.076125841169864
8 7 128 12.943974446804523
8 7 129 12.910589865029573
8 7 130 12.687533818123379
8 7 131 12.935235490577309
8 7 132 12.865372715271823
8 7 133 12.774087925943222
8 7 134 12.773511467963749
8 7 135 12.837151751626314
8 7 136 12.744646197113871
8 7 137 12.985040614188623
8 7 138 12.835291798737398
8 7 139 12.754647824165103
8 7 140 13.056160634043215
8 7 141 12.843854573054404
8 7 142 13.003136293613677
8 7 143 12.674182404203874
8 7 144 12.930334768048251
8 7 145 12.75808640199457
8 7 146 12.722486612934897
8 7 147 12.768966681004366
8 7 148 12.79516405607332
8 7 149 12.724019631264222
8 7 150 12.946948391944312
8 8 49 12.94213279390052
8 8 50 13.011878578823941
8 8 51 12.799098552092705
8 8 52 12.806013318663705
8 8 53 13.053034576437817
8 8 54 12.93146198494238
8 8 55 12.933488983088779
8 8 56 12.890858517161833
8 8 57 12.879310000995611
8 8 58 12.895054263685335
8 8 59 12.966694347049048
8 8 60 12.9920597869558
8 8 61 12.714361857780512
8 8 62 12.928138610687128
8 8 63 12.877783164384178
8 8 64 12.723234638670379
8 8 65 13.116373671501616
8 8 66 12.980403020356803
8 8 67 12.765938398939673
8 8 68 12.842547914572274
8 8 69 12.93229100186153
8 8 70 12.966908710765473
8 8 71 12.806619992830164
8 8 72 12.833560397142726
8 8 73 12.620735154851104
8 8 74 12.816957249487233
8 8 75 12.889727318865868
8 8 76 12.758248262536172
8 8 77 12.78303732554216
8 8 78 12.883986479517812
8 8 79 12.83711186185875
8 8 80 12.996542568986015
8 8 81 12.968691511826815
8 8 82 13.098134738480548
8 8 83 12.81365092646134
8 8 84 12.908107120153518
8 8 85 13.010620424869893
8 8 86 12.897578038661791
8 8 87 12.755405907148438
8 8 88 12.77846571649726
8 8 89 13.015704241741444
8 8 90 13.018677092840404
8 8 91 12.92274432288944
8 8 92 12.752961531974428
8 8 93 12.75809375283717
8 8 94 13.061845586206884
8 8 95 12.843796222081885
8 8 96 12.976494413143923
8 8 97 12.786795757959599
8 8 98 12.780001060489536
8 8 99 12.791705508387558
8 8 100 12.812592753524694
8 8 101 12.825190722407102
8 8 102 12.739606460390306
8 8 103 12.80411476830189
8 8 104 12.668593411411308
8 8 105 12.804000637608125
8 8 106 12.897726460938742
8 8 107 12.840153719357026
8 8 108 12.920216744994667
8 8 109 12.839937839210135
8 8 110 12.666248921778665
8 8 111 12.822661548412409
8 8 112 13.031364656990128
8 8 113 12.896880108643304
8 8 114 12.761265158453128
8 8 115 12.93402191765746
8 8 116 13.133433960020527
8 8 117 13.113995873692444
8 8 118 12.892817216680847
8 8 119 12.881406798328857
8 8 120 12.884268946410021
8 8 121 12.662734929954041
8 8 122 12.90739290432874
8 8 123 13.005914140483316
8 8 124 12.708495440176044
8 8 125 12.739233976469936
8 8 126 12.911077992138017
8 8 127 12.761054401637194
8 8 128 13.061007352361989
8 8 129 12.9145530119754
8 8 130 12.953778388987523
8 8 131 12.859793375677246
8 8 132 12.89151562102849
8 8 133 12.815046792562358
8 8 134 12.82288846460973
8 8 135 12.883020511747878
8 8 136 12.820082068199635
8 8 137 13.012257108381014
8 8 138 12.746087008513179
8 8 139 12.776387609532414
8 8 140 12.840012295883687
8 8 141 12.8561493410793
8 8 142 12.877096022721092
8 8 143 12.944291952628532
8 8 144 12.891798125275812
8 8 145 12.64928740045805
8 8 146 12.781678637431646
8 8 147 12.744792471435858
8 8 148 13.092903199294652
8 8 149 12.557755188559886
8 8 150 12.719972116110345
8 9 48 12.86629711968743
8 9 49 12.78985897880662
8 9 50 12.69685491572133
8 9 51 12.86061508351397
8 9 52 12.846907525679976
8 9 53 12.909256261562538
8 9 54 12.73246504293124
8 9 55 12.862952661223561
8 9 56 12.795185252268025
8 9 57 12.965515624300961
8 9 58 12.868141567462045
8 9 59 12.912142834248055
8 9 60 12.763029092643249
8 9 61 12.894671330702545
8 9 62 12.832862713373112
8 9 63 12.811510516138526
8 9 64 12.81569713045536
8 9 65 12.92895586412607
8 9 66 12.55764942384634
8 9 67 12.875003450824423
8 9 68 12.994351958318044
8 9 69 12.771594151116611
8 9 70 13.060418545108202
8 9 71 13.0076989148973
8 9 72 13.007414662779157
8 9 73 12.826102307430682
8 9 74 12.87285527453525
8 9 75 12.732395544324888
8 9 76 12.844826229625207
8 9 77 12.938831891475598
8 9 78 12.698056894843578
8 9 79 12.677764286553257
8 9 80 12.789079284250446
8 9 81 12.79420316614354
8 9 82 13.0672826848031
8 9 83 12.730429560006405
8 9 84 12.814114784220754
8 9 85 12.817396444158103
8 9 86 12.828232698131739
8 9 87 12.916620113907799
8 9 88 12.819748269936245
8 9 89 12.792326690345536
8 9 90 12.847896657559234
8 9 91 12.952916310589345
8 9 92 12.837668696893065
8 9 93 12.91377315773733
8 9 94 12.820823768799547
8 9 95 12.618842790895366
8 9 96 13.028734542100748
8 9 97 12.838530828537056
8 9 98 12.96719454075056
8 9 99 13.049305937597154
8 9 100 12.770685898337733
8 9 101 12.912212500559612
8 9 102 12.91625883034157
8 9 103 12.874900110932478
8 9 104 12.821967654535232
8 9 105 13.031213601479863
8 9 106 12.891954117113295
8 9 107 12.820559846938968
8 9 108 12.67725968573927
8 9 109 12.959005520561208
8 9 110 12.802404180211266
8 9 111 12.69767614883725
8 9 112 12.952444586619759
8 9 113 12.939852435192831
8 9 114 12.894697376542982
8 9 115 12.752391659969593
8 9 116 12.822269497939283
8 9 117 12.939087321935816
8 9 118 12.999646981116468
8 9 119 12.891244422519645
8 9 120 12.830965911902213
8 9 121 12.830353819249158
8 9 122 12.906783611501277
8 9 123 12.815501895065132
8 9 124 12.729954875302528
8 9 125 12.765338412057513
8 9 126 13.00693751341792
8 9 127 12.87241287712254
8 9 128 12.798286999487313
8 9 129 12.880609424905655
8 9 130 12.824518008393222
8 9 131 12.942095475316796
8 9 132 12.726109668213226
8 9 133 12.889298299713353
8 9 134 13.033183626941327
8 9 135 12.928901272574095
8 9 136 13.081002723229172
8 9 137 12.950849133356368
8 9 138 13.001827878855858
8 9 139 12.889558960748221
8 9 140 12.893476104495429
8 9 141 12.9196438260798
8 9 142 12.63939435392976
8 9 143 12.9047991754501
8 9 144 12.859196379805205
8 9 145 12.898852102975772
8 9 146 12.649079042026885
8 9 147 12.881061785346576
8 9 148 12.985457874605839
8 9 149 12.60376252151513
8 9 150 12.976987934237641
8 10 46 12.79371531599228
8 10 47 12.772099093179177
8 10 48 12.829076472073496
8 10 49 13.002873823342423
8 10 50 12.992674729923941
8 10 51 12.950586188801454
8 10 52 12.936366620132949
8 10 53 12.8659454949573
8 10 54 12.710513627888965
8 10 55 12.737348159414736
8 10 56 12.928541202551465
8 10 57 12.866707196696332
8 10 58 13.035863249723224
8 10 59 12.830061765539243
8 10 60 12.667478757690176
8 10 61 13.005160252445485
8 10 62 12.875118667788474
8 10 63 13.072353448368421
8 10 64 12.669308562354786
8 10 65 12.752154417230267
8 10 66 13.011540170479801
8 10 67 12.832215469548885
8 10 68 12.653392738188465
8 10 69 12.794690927144453
8 10 70 12.967570813536106
8 10 71 12.925252858609156
8 10 72 12.943446123209148
8 10 73 12.984229987609334
8 10 74 13.0088836825388
8 10 75 12.993359135588653
8 10 76 12.910894292972902
8 10 77 12.687283936222705
8 10 78 12.803813971280299
8 10 79 12.94257560383838
8 10 80 12.816405923086558
8 10 81 12.86401244444941
8 10 82 12.911569232862972
8 10 83 13.004291872016722
8 10 84 12.956078179435023
8 10 85 12.815010310077783
8 10 86 12.900930685712362
8 10 87 12.74098733382771
8 10 88 12.93395542578958
8 10 89 12.910034859950956
8 10 90 13.08244192342027
8 10 91 12.830017250823111
8 10 92 13.095820081607304
8 10 93 12.791729733734453
8 10 94 12.75782871911504
8 10 95 12.995715286031814
8 10 96 12.91895972836614
8 10 97 12.625809825334759
8 10 98 12.867330323303076
8 10 99 12.89691539911421
8 10 100 12.852572797411966
8 10 101 12.961383624553688
8 10 102 12.904617434959729
8 10 103 12.909009548967965
8 10 104 13.061168628946843
8 10 105 12.804346974079492
8 10 106 12.722321912017962
8 10 107 12.906169005333005
8 10 108 12.864961816560163
8 10 109 12.933707556678257
8 10 110 12.862445649111056
8 10 111 12.972170368850819
8 10 112 12.769251397295728
8 10 113 12.966551340192494
8 10 114 12.982059140620525
8 10 115 12.851185761523002
8 10 116 12.998316393029153
8 10 117 12.675399891566173
8 10 118 12.863070384475645
8 10 119 12.607724527544333
8 10 120 12.99488341017051
8 10 121 12.767199538042894
8 10 122 12.968289892025334
8 10 123 12.995077905382972
8 10 124 13.092403833287724
8 10 125 12.575479723014558
8 10 126 12.962058885696512
8 10 127 12.920961278900903
8 10 128 12.673814309588264
8 10 129 12.75047564119182
8 10 130 13.00969733822894
8 10 131 13.078245781380225
8 10 132 13.005783541885325
8 10 133 12.883096738858027
8 10 134 13.015619063171059
8 10 135 12.497461826493597
8 10 136 12.76579612621297
8 10 137 12.622443382996591
8 10 138 12.748477518207105
8 10 139 12.757517141407027
8 10 140 12.634555239029137
8 10 141 12.458794074333737
8 10 142 13.052027324406131
8 10 143 12.80931291417201
8 10 144 12.745184015464378
8 10 145 12.891782898652938
8 10 146 13.002062984965988
8 10 147 12.982072233889532
8 10 148 12.892914444066319
8 10 149 13.023527784088786
8 10 150 12.779638856126372
8 11 45 12.872914928513024
8 11 46 12.80049965546347
8 11 47 12.94232370543328
8 11 48 12.879330128692313
8 11 49 12.816420367937932
8 11 50 12.921068809792729
8 11 51 12.903336465439507
8 11 52 12.959923026592056
8 11 53 12.947859410813319
8 11 54 12.700185528066314
8 11 55 12.797770422974633
8 11 56 12.87810964418475
8 11 57 12.855192481686375
8 11 58 12.897949450631591
8 11 59 12.795181165383047
8 11 60 12.647278351538812
8 11 61 12.796015408790627
8 11 62 12.910082388203781
8 11 63 12.83757563338399
8 11 64 12.981795931650844
8 11 65 12.905371957973564
8 11 66 12.821552410863212
8 11 67 12.863658146473897
8 11 68 12.969536905285294
8 11 69 12.846831490236953
8 11 70 12.955323079888595
8 11 71 12.642092242833094
8 11 72 12.818332964391008
8 11 73 12.786010762574437
8 11 74 13.001155974208961
8 11 75 12.80638450451342
8 11 76 12.90718532725217
8 11 77 12.834245447162605
8 11 78 12.981078593235736
8 11 79 12.868168898572748
8 11 80 12.985702880628015
8 11 81 12.948723903875035
8 11 82 12.731326879473956
8 11 83 12.755562906282973
8 11 84 12.964759513189554
8 11 85 12.75187110777528
8 11 86 12.576509685551581
8 11 87 12.788692582149169
8 11 88 13.092129444767822
8 11 89 12.772578705180607
8 11 90 12.96092389928604
8 11 91 12.75308582027363
8 11 92 12.628742139794628
8 11 93 12.762191865068896
8 11 94 12.865248010880252
8 11 95 12.84922688703699
8 11 96 12.74106839689348
8 11 97 12.804012560440686
8 11 98 12.833067974690618
8 11 99 12.718686541443546
8 11 100 12.725827566622542
8 11 101 12.774448533416402
8 11 102 12.701411833128537
8 11 103 12.783580102456945
8 11 104 12.71043819968867
8 11 105 12.907578989595356
8 11 106 12.856892460845582
8 11 107 12.929080953060481
8 11 108 12.81483484832401
8 11 109 12.620660436191352
8 11 110 12.737910726157333
8 11 111 13.010926008151815
8 11 112 12.863803886845432
8 11 113 12.834999300742991
8 11 114 13.055535890391512
8 11 115 12.715238224588841
8 11 116 12.857567564440844
8 11 117 12.726460933032762
8 11 118 13.006061737334026
8 11 119 12.78928090966613
8 11 120 12.748652176453271
8 11 121 12.814214325665597
8 11 122 13.03728861022182
8 11 123 12.919376997853675
8 11 124 12.8466873917304
8 11 125 12.831685952482717
8 11 126 12.903263111904925
8 11 127 12.764511047800355
8 11 128 12.905236761910995
8 11 129 13.1288090389759
8 11 130 12.882174203785041
8 11 131 13.02672950766262
8 11 132 12.881945683392509
8 11 133 12.830834926937928
8 11 134 12.797080862610823
8 11 135 12.653908930683322
8 11 136 12.922501137511615
8 11 137 12.726502624556089
8 11 138 12.782478744427854
8 11 139 12.77148135397378
8 11 140 13.07333591736793
8 11 141 12.765477592043654
8 11 142 12.843656737142577
8 11 143 12.832394445864193
8 11 144 12.924715327919175
8 11 145 12.98696678076979
8 11 146 12.920445779729338
8 11 147 12.758970392740316
8 11 148 12.767670774338633
8 11 149 12.82496135788055
8 11 150 12.89364078770814
8 12 43 12.833330799702885
8 12 44 12.919851922996086
8 12 45 13.056008913903915
8 12 46 12.966999558002913
8 12 47 12.805658088465085
8 12 48 12.770300852465533
8 12 49 12.87099758848574
8 12 50 12.824139504535694
8 12 51 12.79400065105723
8 12 52 12.902347885862318
8 12 53 12.878684001259114
8 12 54 12.86013961324676
8 12 55 12.54493442283369
8 12 56 12.850627231167259
8 12 57 12.729687829166954
8 12 58 12.931153843305532
8 12 59 12.609913868587263
8 12 60 12.850289795070275
8 12 61 12.765381969511015
8 12 62 12.725396134730696
8 12 63 13.080867686102206
8 12 64 12.788155721907025
8 12 65 12.950271774911885
8 12 66 12.859531568956806
8 12 67 12.887590690477907
8 12 68 12.938669728406914
8 12 69 12.90294520160732
8 12 70 12.874372659947916
8 12 71 12.835625008173736
8 12 72 12.886143739633745
8 12 73 12.771544147730555
8 12 74 12.823064190692046
8 12 75 12.781825866828264
8 12 76 12.897328333810353
8 12 77 12.872183240796891
8 12 78 12.957687434422127
8 12 79 12.955434744065311
8 12 80 12.947003464151097
8 12 81 12.891410828387588
8 12 82 13.037980776041014
8 12 83 12.8713145523382
8 12 84 13.025657051610708
8 12 85 12.738634005804771
8 12 86 12.953501014398139
8 12 87 12.907867477834744
8 12 88 12.831470214517944
8 12 89 12.762347721321662
8 12 90 13.119486808313765
8 12 91 12.638576413526293
8 12 92 12.960085571578
8 12 93 12.702419443185924
8 12 94 12.752924325121915
8 12 95 12.805097282208765
8 12 96 12.7749839688907
8 12 97 13.079137877486236
8 12 98 13.085397706967477
8 12 99 12.912184864405804
8 12 100 12.893395923130297
8 12 101 12.966636472953196
8 12 102 12.653000941298616
8 12 103 13.102099337121844
8 12 104 12.732555150824993
8 12 105 13.074399386050628
8 12 106 12.91035714852719
8 12 107 12.852707463414859
8 12 108 12.756510232155962
8 12 109 12.560664834961
8 12 110 12.87297540516084
8 12 111 12.835935319133778
8 12 112 12.808914604681386
8 12 113 12.901330953679548
8 12 114 13.054063415131674
8 12 115 12.900917477352655
8 12 116 12.771744716931055
8 12 117 12.858104910527516
8 12 118 12.836635991517394
8 12 119 13.003471282182284
8 12 120 12.712404829096577
8 12 121 13.081242427347625
8 12 122 12.820279453907805
8 12 123 12.872734528629202
8 12 124 12.953455322339373
8 12 125 12.99258064241582
8 12 126 12.813290788366562
8 12 127 12.6315371429339
8 12 128 12.91918403465235
8 12 129 13.008085205176611
8 12 130 12.835898864456352
8 12 131 12.991690343882825
8 12 132 12.836877222395549
8 12 133 12.770146242485255
8 12 134 13.091018214322446
8 12 135 12.796107225439378
8 12 136 12.571188458429285
8 12 137 12.958728883316375
8 12 138 12.790405708531406
8 12 139 12.766682361494913
8 12 140 12.896376102296154
8 12 141 12.76277214338511
8 12 142 12.947244479995613
8 12 143 12.804244474460752
8 12 144 12.710926815018668
8 12 145 12.998606207622611
8 12 146 12.834308155443532
8 12 147 12.79301719794984
8 12 148 12.981426621610414
8 12 149 12.732218890601992
8 12 150 12.936951448825061
8 13 42 12.772492087056056
8 13 43 13.02509420969497
8 13 44 12.85180993751246
8 13 45 12.76168076408094
8 13 46 12.798370980661145
8 13 47 12.812240438887361
8 13 48 12.793809431700264
8 13 49 12.864464938770046
8 13 50 12.608961046134477
8 13 51 13.163970351733187
8 13 52 12.878648304495718
8 13 53 12.783885842852017
8 13 54 12.869151706994135
8 13 55 13.04421086253352
8 13 56 12.804321318245345
8 13 57 12.679466271851453
8 13 58 12.785028437164941
8 13 59 12.894597790237937
8 13 60 12.86822340468731
8 13 61 12.707754359068995
8 13 62 12.760640601406031
8 13 63 12.942924418795346
8 13 64 12.807204928857981
8 13 65 12.80779720239873
8 13 66 12.81025640614718
8 13 67 12.70375497942208
8 13 68 12.705823139453477
8 13 69 12.964385247062994
8 13 70 12.920480501937533
8 13 71 12.98238264107483
8 13 72 13.1013580711095
8 13 73 12.843313544756517
8 13 74 12.677201809235799
8 13 75 12.632493250440799
8 13 76 12.778596477107262
8 13 77 12.866957282708503
8 13 78 12.924116896564874
8 13 79 13.061989806906714
8 13 80 12.853153779688567
8 13 81 13.032803092484064
8 13 82 12.73695904492201
8 13 83 12.89400953548022
8 13 84 12.843572259082974
8 13 85 12.934529034839427
8 13 86 12.825614590680695
8 13 87 12.843395687247224
8 13 88 12.857468511288273
8 13 89 12.805783846850991
8 13 90 12.836482987867502
8 13 91 12.589744966575406
8 13 92 12.829368282622488
8 13 93 12.705610261628093
8 13 94 12.72641288149646
8 13 95 12.74126189637816
8 13 96 13.024043166763041
8 13 97 12.798634841478144
8 13 98 12.970600050801517
8 13 99 12.639373704241565
8 13 100 12.808965104333597
8 13 101 12.796638052029408
8 13 102 12.836279224487694
8 13 103 12.828150473924696
8 13 104 12.94260543005978
8 13 105 12.87602264810422
8 13 106 12.847619235442632
8 13 107 13.046351083839049
8 13 108 13.007726518311333
8 13 109 12.795748593706511
8 13 110 12.912329314185
8 13 111 12.726222050021208
8 13 112 12.679590387972596
8 13 113 12.699384284954856
8 13 114 12.983514358555938
8 13 115 12.818622630660164
8 13 116 12.799832018662128
8 13 117 12.74018871136605
8 13 118 12.558197632026058
8 13 119 12.859073383569855
8 13 120 12.94631404653919
8 13 121 12.72412606499118
8 13 122 12.778929646822894
8 13 123 12.772415823596853
8 13 124 12.93451672954188
8 13 125 13.136138285865512
8 13 126 12.837186082067937
8 13 127 12.505770058330105
8 13 128 12.726758808273123
8 13 129 12.75360248796928
8 13 130 12.78950371540878
8 13 131 12.90223008915471
8 13 132 12.87172399843794
8 13 133 12.936196245298953
8 13 134 12.55035434548613
8 13 135 12.868768627766602
8 13 136 12.782893218823702
8 13 137 13.005701967661276
8 13 138 12.749230372664558
8 13 139 12.634249041971007
8 13 140 13.11550874356085
8 13 141 13.079468731114062
8 13 142 12.90891117002513
8 13 143 12.82517630560367
8 13 144 12.844745495750118
8 13 145 12.999515147350449
8 13 146 12.87021761888105
8 13 147 12.792228144234485
8 13 148 12.764148076232011
8 13 149 12.58613699023459
8 13 150 12.849395715869498
8 14 40 12.779225242752704
8 14 41 12.79484796270691
8 14 42 12.675569670533877
8 14 43 12.721698735700215
8 14 44 12.856653376734904
8 14 45 12.832024262323772
8 14 46 12.756014729811215
8 14 47 12.98717869944629
8 14 48 12.733361493854648
8 14 49 13.027330486238121
8 14 50 12.686878918353282
8 14 51 12.941264734670078
8 14 52 12.762128334356554
8 14 53 12.830199966110959
8 14 54 12.832800623052812
8 14 55 13.055878159160045
8 14 56 12.734751553878574
8 14 57 12.707925428910205
8 14 58 12.891068736787268
8 14 59 13.105229940442397
8 14 60 12.975232741842985
8 14 61 12.663077437145771
8 14 62 12.898089652215091
8 14 63 12.923365045295428
8 14 64 12.778885857793865
8 14 65 12.979716946977003
8 14 66 12.830358749874286
8 14 67 12.646884332761966
8 14 68 13.043133491912913
8 14 69 12.986442976695294
8 14 70 12.901589650137609
8 14 71 12.99076175279081
8 14 72 12.744783141055985
8 14 73 12.89176836515852
8 14 74 12.75887999109104
8 14 75 12.842716687233416
8 14 76 12.767267597753621
8 14 77 12.751643732826468
8 14 78 13.004099729859643
8 14 79 12.66257805476357
8 14 80 12.853710791299074
8 14 81 12.75227757325177
8 14 82 13.016089264705153
8 14 83 12.848395292871489
8 14 84 12.899973447294903
8 14 85 13.07388614344722
8 14 86 12.796327365546396
8 14 87 12.910148426973146
8 14 88 12.860371092679875
8 14 89 12.830242843652043
8 14 90 12.877125235665286
8 14 91 12.615149157278966
8 14 92 13.022679101420282
8 14 93 12.680694583685924
8 14 94 12.872386887773057
8 14 95 12.770354156772147
8 14 96 12.993628372293164
8 14 97 12.878005564402459
8 14 98 12.592296385201646
8 14 99 12.935176564265568
8 14 100 12.665443540155813
8 14 101 12.84831055862533
8 14 102 12.905372859852164
8 14 103 12.859873079766691
8 14 104 13.185685849862283
8 14 105 12.673934734107807
8 14 106 12.931690819778938
8 14 107 12.85341235245326
8 14 108 13.002002076455621
8 14 109 12.798904516193538
8 14 110 12.774358909361581
8 14 111 12.714710990727308
8 14 112 12.678806713408877
8 14 113 12.79922049349998
8 14 114 12.913635508080942
8 14 115 12.891993244333468
8 14 116 12.979710576464859
8 14 117 12.953099284135128
8 14 118 12.879373978175673
8 14 119 12.836633201149002
8 14 120 12.837735028765522
8 14 121 12.739289470351954
8 14 122 12.79109277720646
8 14 123 12.66389106388805
8 14 124 12.872713120708502
8 14 125 12.875925166918961
8 14 126 13.109687516888739
8 14 127 12.960745533599464
8 14 128 12.715718263093533
8 14 129 12.93236058065937
8 14 130 12.670870011532426
8 14 131 12.77403861653022
8 14 132 12.801196312063874
8 14 133 12.938800171740384
8 14 134 12.723408236817502
8 14 135 12.855301606943653
8 14 136 12.919664343344714
8 14 137 13.001752135566107
8 14 138 12.888301800797233
8 14 139 12.911078130584254
8 14 140 12.901287007052941
8 14 141 12.827444110790337
8 14 142 12.61371578266029
8 14 143 12.840510297030464
8 14 144 12.88360971602583
8 14 145 12.692796686858683
8 14 146 12.926333214262407
8 14 147 12.590230454728022
8 14 148 12.7935851427069
8 14 149 12.808027902224225
8 14 150 12.808108743381798
8 15 39 12.836504214361735
8 15 40 12.685343564122476
8 15 41 12.883441782839602
8 15 42 12.719412395362184
8 15 43 12.781941554517992
8 15 44 12.787807240987883
8 15 45 12.773353163719042
8 15 46 12.901447933774406
8 15 47 13.014689136185526
8 15 48 12.855729430617842
8 15 49 12.626449785341295
8 15 50 12.717764118535412
8 15 51 12.83230044866527
8 15 52 12.80098738187027
8 15 53 12.946139571622993
8 15 54 12.830192062315888
8 15 55 12.923228814991365
8 15 56 12.775810697733217
8 15 57 12.659081441804927
8 15 58 12.932420894004322
8 15 59 12.75600750360676
8 15 60 12.872914160720015
8 15 61 13.006040566349778
8 15 62 12.732292538024646
8 15 63 12.879813871478495
8 15 64 12.89985269736642
8 15 65 12.714988918755292
8 15 66 12.648479151169573
8 15 67 12.88892979398144
8 15 68 12.637759665472526
8 15 69 12.721292386481503
8 15 70 12.737398035069699
8 15 71 12.697079852694532
8 15 72 12.98254057211211
8 15 73 12.87120812513351
8 15 74 12.942790721358776
8 15 75 12.943639534273691
8 15 76 12.771621901232885
8 15 77 12.997483011376596
8 15 78 12.962391283448754
8 15 79 12.921800417407265
8 15 80 12.755540913971753
8 15 81 12.735956992617885
8 15 82 12.947456460699781
8 15 83 12.928295664552966
8 15 84 12.785122136699728
8 15 85 13.100172320772993
8 15 86 13.026204163063225
8 15 87 12.696230517287214
8 15 88 12.75714000819318
8 15 89 12.58695878161313
8 15 90 12.614596478278067
8 15 91 12.966197905871706
8 15 92 12.929013352441752
8 15 93 13.098058879351512
8 15 94 12.959631567020505
8 15 95 12.938270590649314
8 15 96 12.901235653059631
8 15 97 12.798128793757614
8 15 98 12.739355215728109
8 15 99 12.986199034594856
8 15 100 12.813122383268793
8 15 101 12.747196931526231
8 15 102 12.932957635040228
8 15 103 12.700728217117815
8 15 104 12.795095933152474
8 15 105 12.891505400188539
8 15 106 12.792294783308716
8 15 107 12.926590173015951
8 15 108 12.847806436501234
8 15 109 12.849820242163279
8 15 110 12.715410064642104
8 15 111 12.564270775494819
8 15 112 12.929807175255576
8 15 113 12.739515800240003
8 15 114 12.842356732622102
8 15 115 12.829441818799392
8 15 116 12.835058046058537
8 15 117 12.79294640285095
8 15 118 12.691670524101905
8 15 119 12.956823818556073
8 15 120 12.856562253008962
8 15 121 12.947355599139197
8 15 122 12.943701553065551
8 15 123 12.983664228261118
8 15 124 12.8186281960255
8 15 125 12.824561219598605
8 15 126 12.858634626900189
8 15 127 12.948136936179376
8 15 128 12.937578348103557
8 15 129 12.94992418537453
8 15 130 12.843696208123959
8 15 131 12.760042649407204
8 15 132 12.626689136622955
8 15 133 12.806331324860372
8 15 134 12.860820496338476
8 15 135 12.936477240292987
8 15 136 13.017222736304209
8 15 137 12.856701247831875
8 15 138 12.881954367832078
8 15 139 12.845568207030404
8 15 140 12.99499846322278
8 15 141 12.811366278462677
8 15 142 13.018198778650765
8 15 143 13.106652942850706
8 15 144 12.939074771363423
8 15 145 12.810724753154341
8 15 146 12.764001723542169
8 15 147 12.817522465861227
8 15 148 12.77593940422941
8 15 149 12.945399481538477
8 15 150 12.941526949392433
8 16 37 12.71222927575597
8 16 38 12.794563437113174
8 16 39 12.88648682250485
8 16 40 13.081453254916745
8 16 41 12.799734944399603
8 16 42 12.847731438669964
8 16 43 12.938901000872987
8 16 44 12.826358834222475
8 16 45 12.846926987266666
8 16 46 12.766884871648758
8 16 47 12.816104339195732
8 16 48 12.828891180346432
8 16 49 12.890029176267266
8 16 50 12.841417433983189
8 16 51 12.722147179185527
8 16 52 12.853700470773978
8 16 53 12.72487011006693
8 16 54 12.959532531555755
8 16 55 12.801108947097884
8 16 56 12.803946883626523
8 16 57 12.836451984319584
8 16 58 12.858695355588157
8 16 59 12.763722752862547
8 16 60 12.858839546433769
8 16 61 13.083082398459249
8 16 62 12.666208836630396
8 16 63 12.655356113422883
8 16 64 12.834272440667412
8 16 65 12.787918384485687
8 16 66 12.887698007056466
8 16 67 12.829723944878557
8 16 68 12.798596382205538
8 16 69 12.660073567339964
8 16 70 12.706515834277276
8 16 71 12.92053449834819
8 16 72 12.945562684970051
8 16 73 12.941889172504538
8 16 74 12.6761101653589
8 16 75 13.05867532675362
8 16 76 12.788208869321439
8 16 77 12.872534225286454
8 16 78 12.758381515459703
8 16 79 12.915998985719693
8 16 80 12.853526180143128
8 16 81 13.067399730814781
8 16 82 12.974549299932535
8 16 83 12.931538314558882
8 16 84 12.988322716201184
8 16 85 12.822784083552014
8 16 86 12.866862339262683
8 16 87 12.97313770169266
8 16 88 12.758896439410002
8 16 89 12.61474705115607
8 16 90 12.795688338055815
8 16 91 12.922996012102793
8 16 92 12.565279939353111
8 16 93 12.788148044225096
8 16 94 12.868839953177172
8 16 95 12.805313459161228
8 16 96 12.9857199505842
8 16 97 12.84948385395738
8 16 98 13.127693229799677
8 16 99 13.116418243315627
8 16 100 12.905894850397706
8 16 101 12.979151873959884
8 16 102 12.855970402072977
8 16 103 13.06859099292911
8 16 104 12.779702279764063
8 16 105 13.126215892484321
8 16 106 12.639328805814866
8 16 107 12.49806325241376
8 16 108 12.767401576298655
8 16 109 12.730644544348708
8 16 110 12.95678989996428
8 16 111 13.006573823473877
8 16 112 12.815758502491596
8 16 113 12.758897142564386
8 16 114 12.803113319269098
8 16 115 12.697355862865397
8 16 116 12.93552597605675
8 16 117 13.024719399649948
8 16 118 12.836541302897148
8 16 119 12.831624441740894
8 16 120 12.744891465669212
8 16 121 12.709450739640301
8 16 122 12.917849572879874
8 16 123 12.728242516234417
8 16 124 12.892009580590155
8 16 125 12.793335960697153
8 16 126 12.751745551128968
8 16 127 12.795027247698698
8 16 128 13.015196248203731
8 16 129 12.704887546040267
8 16 130 12.79674333777822
8 16 131 12.633168726211622
8 16 132 12.827182577874662
8 16 133 12.942164928788518
8 16 134 12.951543086168389
8 16 135 12.601719501613845
8 16 136 12.944637844366447
8 16 137 12.888831539714882
8 16 138 12.983781889954672
8 16 139 13.025578536355765
8 16 140 12.79578487524795
8 16 141 12.811879011445821
8 16 142 12.872996314993092
8 16 143 12.843559318822543
8 16 144 12.910181051673053
8 16 145 12.999331261161533
8 16 146 12.617440596041169
8 16 147 12.822039028738464
8 16 148 12.54247621143468
8 16 149 12.997820980595156
8 16 150 12.739781861235695
8 17 36 12.827014445918024
8 17 37 12.80135878985292
8 17 38 12.848053926272327
8 17 39 12.703802476863318
8 17 40 12.881032835757471
8 17 41 13.13870734895091
8 17 42 13.07294745471086
8 17 43 12.96235336219979
8 17 44 12.909644608008703
8 17 45 12.841560603815722
8 17 46 12.937320514257433
8 17 47 13.07795081419823
8 17 48 12.928952600054997
8 17 49 12.725358351910574
8 17 50 12.823172104381863
8 17 51 12.796083183065472
8 17 52 12.847808632531505
8 17 53 12.808027980511156
8 17 54 12.668323526297149
8 17 55 12.966388055647943
8 17 56 12.868851712933358
8 17 57 12.837179290568438
8 17 58 12.882035424530095
8 17 59 12.754976108315212
8 17 60 12.798082485941144
8 17 61 12.639500079740706
8 17 62 12.866725817196771
8 17 63 13.008014547352904
8 17 64 12.853346340438751
8 17 65 12.608459162466087
8 17 66 12.934881153057686
8 17 67 12.730888911646879
8 17 68 12.892089782868622
8 17 69 12.80495761828217
8 17 70 12.78771624786932
8 17 71 12.96791691978931
8 17 72 12.56666823068879
8 17 73 12.806328123813657
8 17 74 12.819848594585812
8 17 75 12.885520555465465
8 17 76 12.738624746222323
8 17 77 12.706066339199758
8 17 78 12.88547100643616
8 17 79 12.87316594983648
8 17 80 12.929111835991296
8 17 81 13.046447317664922
8 17 82 12.910891105407652
8 17 83 12.86909687322143
8 17 84 12.812505164644781
8 17 85 12.732616426438309
8 17 86 13.067509359979713
8 17 87 12.857973197606517
8 17 88 12.967428210256116
8 17 89 13.168430661787708
8 17 90 12.792717375349921
8 17 91 12.744140216077955
8 17 92 12.823731093585124
8 17 93 12.803581036512147
8 17 94 12.968518362310123
8 17 95 12.71748197972428
8 17 96 12.729855220296075
8 17 97 12.790336711961947
8 17 98 12.965466019220974
8 17 99 13.150332409121638
8 17 100 12.838550149451926
8 17 101 12.751394496306686
8 17 102 12.779093869262201
8 17 103 12.88107704463291
8 17 104 12.787210367275103
8 17 105 12.626058713248208
8 17 106 12.799029435944865
8 17 107 12.830267056207
8 17 108 12.863466896541274
8 17 109 13.089140214101201
8 17 110 12.974228192146558
8 17 111 12.829656576238813
8 17 112 12.700655565497536
8 17 113 12.766839383162582
8 17 114 12.875748887470172
8 17 115 12.854825230572951
8 17 116 12.849875724514144
8 17 117 12.856827380257384
8 17 118 12.808632883178818
8 17 119 12.99951361207218
8 17 120 12.80098385394206
8 17 121 12.984655407423533
8 17 122 12.759174728870825
8 17 123 12.609581980906077
8 17 124 12.693442269434517
8 17 125 12.784490095144516
8 17 126 12.907526620362123
8 17 127 12.700112902088872
8 17 128 12.90390039172034
8 17 129 12.806260823122726
8 17 130 12.760166457664699
8 17 131 13.034335370245511
8 17 132 12.826591541148233
8 17 133 12.703393404276419
8 17 134 12.834222533128374
8 17 135 12.700587990739791
8 17 136 13.07224822726124
8 17 137 12.678866044388876
8 17 138 12.924206623605942
8 17 139 12.842888878984526
8 17 140 12.818159761760732
8 17 141 12.68575099000064
8 17 142 12.885007985987896
8 17 143 12.77957966707506
8 17 144 12.915129084980519
8 17 145 12.828161076604404
8 17 146 12.732302978483537
8 17 147 12.827098978316224
8 17 148 13.037159704628245
8 17 149 12.820138270451835
8 17 150 12.856567690231977
8 18 34 12.62690348697393
8 18 35 12.790246572944312
8 18 36 12.921173998197297
8 18 37 12.762172257458706
8 18 38 13.039089480504733
8 18 39 12.844106293414153
8 18 40 12.849998728175674
8 18 41 12.812135457060338
8 18 42 12.819869226033934
8 18 43 12.966854698743553
8 18 44 12.909175422547841
8 18 45 12.819444559793927
8 18 46 12.772593344013442
8 18 47 12.893653727461242
8 18 48 12.754907918153478
8 18 49 12.958802470455417
8 18 50 12.968188229182076
8 18 51 12.92263989241115
8 18 52 12.887635462613638
8 18 53 12.926751554667305
8 18 54 12.929768774723085
8 18 55 13.204973302759615
8 18 56 12.883561342120528
8 18 57 12.830010892527252
8 18 58 12.789367094173594
8 18 59 12.86553471994497
8 18 60 13.094434120775604
8 18 61 12.928248429441451
8 18 62 12.938485303254602
8 18 63 12.675674163374646
8 18 64 12.81965789501271
8 18 65 12.726187969679634
8 18 66 12.673994442678042
8 18 67 12.67188407541771
8 18 68 12.965296250178907
8 18 69 12.950492593044586
8 18 70 12.886668970152098
8 18 71 12.776099897411196
8 18 72 12.83944391006967
8 18 73 12.817703929494378
8 18 74 12.720932142545124
8 18 75 12.674647587072075
8 18 76 12.815978335012598
8 18 77 13.016825840297642
8 18 78 12.881229395387129
8 18 79 12.887538697358531
8 18 80 12.55041661711152
8 18 81 13.033040746012938
8 18 82 12.608233186631912
8 18 83 13.03482716844859
8 18 84 12.819118412142515
8 18 85 12.610824613984272
8 18 86 12.769559252843894
8 18 87 12.764596749765852
8 18 88 12.883034408250136
8 18 89 12.912940011250669
8 18 90 13.046483642785498
8 18 91 12.85443940003123
8 18 92 12.766980523386051
8 18 93 12.7629662606754
8 18 94 12.615738908930426
8 18 95 12.847053271093396
8 18 96 12.963348171839426
8 18 97 12.886954342462731
8 18 98 12.769152081435841
8 18 99 12.983153123336402
8 18 100 12.79387375750403
8 18 101 12.574421111825307
8 18 102 12.759537486998568
8 18 103 12.851333519106625
8 18 104 12.888858737221767
8 18 105 12.78370864665857
8 18 106 12.784657383544321
8 18 107 12.850655238702037
8 18 108 12.703085761995977
8 18 109 12.791660972218338
8 18 110 12.778497879874857
8 18 111 12.770889275218616
8 18 112 12.917472610801624
8 18 113 12.928774537084873
8 18 114 12.849909238177558
8 18 115 12.906838889697733
8 18 116 12.779828592599142
8 18 117 12.79852733809833
8 18 118 12.895555781367797
8 18 119 12.901143927973823
8 18 120 12.939264114881155
8 18 121 12.829374869332842
8 18 122 12.905620481060929
8 18 123 13.056416456294722
8 18 124 12.804875936931914
8 18 125 12.774092121811412
8 18 126 12.779769723790023
8 18 127 12.85323634012446
8 18 128 12.91025917774257
8 18 129 12.679010011598086
8 18 130 12.8271906657235
8 18 131 12.977043235171273
8 18 132 12.675683347107938
8 18 133 12.781842484125596
8 18 134 12.787985775038793
8 18 135 12.705089054187946
8 18 136 12.899157084321136
8 18 137 12.76887399343521
8 18 138 12.886670165634296
8 18 139 12.76501926493317
8 18 140 12.667558208998598
8 18 141 12.787107423995838
8 18 142 12.83688686263006
8 18 143 13.013171463596418
8 18 144 12.744646754453575
8 18 145 12.579646754631241
8 18 146 12.75997972691503
8 18 147 12.871852936211992
8 18 148 12.846276472419962
8 18 149 13.019399026510442
8 18 150 12.911631067140576
8 19 32 12.904078808655473
8 19 33 13.10850134365935
8 19 34 12.91890385608494
8 19 35 12.843984998717909
8 19 36 12.78452909195945
8 19 37 12.69055440793739
8 19 38 12.85667520549191
8 19 39 12.812130558295767
8 19 40 12.77433318756797
8 19 41 12.83272432778552
8 19 42 12.574620573900656
8 19 43 12.764356281514942
8 19 44 12.87560845091316
8 19 45 12.741642705082052
8 19 46 12.712288083633172
8 19 47 12.89979478024347
8 19 48 12.736542204557198
8 19 49 13.017360099561943
8 19 50 12.834315872955802
8 19 51 12.585488668833365
8 19 52 12.95200412938646
8 19 53 12.9793271264323
8 19 54 12.831309132831423
8 19 55 12.809960977555502
8 19 56 13.073403893177238
8 19 57 12.90755367927598
8 19 58 12.697228303159203
8 19 59 13.057250452533887
8 19 60 12.82770465622597
8 19 61 12.797487313727556
8 19 62 12.793866956630142
8 19 63 12.89600617701801
8 19 64 12.830199986795625
8 19 65 12.904700700747714
8 19 66 12.783784215791622
8 19 67 12.978508099680017
8 19 68 12.782287158225115
8 19 69 12.888982291925638
8 19 70 12.879852658418201
8 19 71 12.753928622412376
8 19 72 12.72286507927665
8 19 73 12.69419396429891
8 19 74 12.966472315135695
8 19 75 12.866998555317807
8 19 76 13.024499129909499
8 19 77 12.714778508155089
8 19 78 12.861595489463497
8 19 79 12.75660455955558
8 19 80 12.698356791114783
8 19 81 12.787235027991791
8 19 82 12.628990806255473
8 19 83 13.037160700073265
8 19 84 12.916593328147815
8 19 85 12.926211405106114
8 19 86 12.818684667617267
8 19 87 12.918396504851538
8 19 88 12.914879163210344
8 19 89 12.957447233051383
8 19 90 13.104947156189963
8 19 91 12.686626910602525
8 19 92 12.766782766733494
8 19 93 12.653696382823064
8 19 94 12.789008099423429
8 19 95 12.776278866653573
8 19 96 13.12100397702074
8 19 97 12.778716006085563
8 19 98 12.69018776496221
8 19 99 12.921595965296813
8 19 100 12.896217967038034
8 19 101 12.794431102771874
8 19 102 12.818902222372783
8 19 103 12.794795192445777
8 19 104 12.588787850951634
8 19 105 12.715237153252923
8 19 106 12.786807579756175
8 19 107 12.931124344431337
8 19 108 12.808666839109621
8 19 109 13.000402597555798
8 19 110 12.984162955768335
8 19 111 12.823134251996755
8 19 112 12.943648485932687
8 19 113 12.915513890928299
8 19 114 12.885170966240247
8 19 115 12.594071598936521
8 19 116 12.996198705185813
8 19 117 12.897961201813914
8 19 118 12.749972027679613
8 19 119 12.899234147428956
8 19 120 12.581992358162417
8 19 121 12.841111577178525
8 19 122 12.91753793714751
8 19 123 12.731009556783219
8 19 124 12.8434101716499
8 19 125 12.872872374750436
8 19 126 12.98361676792023
8 19 127 12.738072780948027
8 19 128 12.622137336004316
8 19 129 12.731675834071787
8 19 130 12.884401507411006
8 19 131 12.85124210484553
8 19 132 12.80238941311569
8 19 133 12.74549129424408
8 19 134 12.786677675602775
8 19 135 12.739169669065419
8 19 136 12.863528273514863
8 19 137 12.702610553949041
8 19 138 12.890143249650585
8 19 139 12.99900539505444
8 19 140 12.6477533862469
8 19 141 12.643974149140679
8 19 142 12.725971625180922
8 19 143 12.690996895492209
8 19 144 12.942067651056222
8 19 145 12.549404987805909
8 19 146 12.821087690521269
8 19 147 12.972250773273032
8 19 148 12.78752891416974
8 19 149 12.991976922433809
8 19 150 12.759562567902455
8 20 31 12.876832669453972
8 20 32 12.894436353127341
8 20 33 12.784312369078672
8 20 34 12.818407819870808
8 20 35 13.22934902937514
8 20 36 12.759817505025742
8 20 37 12.827042549945757
8 20 38 12.736487896152259
8 20 39 13.006149846037802
8 20 40 12.69183666462773
8 20 41 12.96666154999992
8 20 42 12.717024255383674
8 20 43 12.78742930959747
8 20 44 12.876528064491822
8 20 45 12.92482337765858
8 20 46 12.640841723357205
8 20 47 12.863476498976798
8 20 48 12.871163426644413
8 20 49 12.914006224610656
8 20 50 12.902430318666598
8 20 51 12.82788421134494
8 20 52 12.929688743711619
8 20 53 12.864607925107993
8 20 54 13.004996212381986
8 20 55 12.64663963268258
8 20 56 12.820902216055158
8 20 57 13.002749741294627
8 20 58 12.810006719986509
8 20 59 12.77582409285204
8 20 60 12.600847570478901
8 20 61 12.876874215184255
8 20 62 12.887811457354067
8 20 63 12.955058499221423
8 20 64 12.555125107032266
8 20 65 12.81837936943153
8 20 66 12.638327637073495
8 20 67 12.9107743287506
8 20 68 12.716583223594178
8 20 69 12.836951503347713
8 20 70 12.868822183422195
8 20 71 12.757599204265944
8 20 72 12.816605676122421
8 20 73 12.751799432441452
8 20 74 12.817046514669125
8 20 75 12.998093834324788
8 20 76 12.982584191785469
8 20 77 12.946461543557747
8 20 78 12.589510631282735
8 20 79 12.887419231673801
8 20 80 12.640609023586485
8 20 81 12.814872200259126
8 20 82 12.75334150837566
8 20 83 12.715722175604315
8 20 84 12.850727874782034
8 20 85 12.854810071036974
8 20 86 12.895991080491237
8 20 87 12.952388584026439
8 20 88 12.73742540218495
8 20 89 12.758741202890565
8 20 90 12.659496799414022
8 20 91 12.80533250212813
8 20 92 12.766574936188926
8 20 93 12.79427742021294
8 20 94 12.710722254581592
8 20 95 12.997418135497602
8 20 96 12.63544179005617
8 20 97 13.076340715229218
8 20 98 12.799490484493509
8 20 99 13.002999695104362
8 20 100 12.652059419642237
8 20 101 12.954843931201241
8 20 102 12.801472285212565
8 20 103 12.849698510199808
8 20 104 12.743493222544238
8 20 105 12.68941957112932
8 20 106 12.857157581367769
8 20 107 12.697040099592517
8 20 108 12.721771732933952
8 20 109 12.977483039397146
8 20 110 12.843804389793334
8 20 111 12.83210757842003
8 20 112 12.964836417160582
8 20 113 12.961985254629916
8 20 114 12.735166037138429
8 20 115 12.89644086526393
8 20 116 12.799145293920592
8 20 117 12.55927566274183
8 20 118 12.79020910001302
8 20 119 13.058073443896282
8 20 120 12.811737521270194
8 20 121 12.726908344732909
8 20 122 12.813090515923005
8 20 123 12.858177621038916
8 20 124 12.742049292446747
8 20 125 12.872258760408352
8 20 126 13.035650915557298
8 20 127 12.566704628260974
8 20 128 12.929557108013174
8 20 129 12.919570730504207
8 20 130 12.814479895890704
8 20 131 12.942697191454036
8 20 132 12.957382309892052
8 20 133 12.921954040780447
8 20 134 12.979382459420478
8 20 135 12.937658759060637
8 20 136 12.832371774926134
8 20 137 12.876479611386882
8 20 138 12.864260531362419
8 20 139 12.842736557882667
8 20 140 13.079682778749792
8 20 141 12.879785074858287
8 20 142 12.759379566920634
8 20 143 12.624728715481922
8 20 144 12.834894586834919
8 20 145 12.860795706759824
8 20 146 12.648548154543189
8 20 147 12.84389387166174
8 20 148 12.93272255744092
8 20 149 12.842590504860745
8 20 150 12.770266083714908
8 21 29 12.795568534930457
8 21 30 12.739136149625356
8 21 31 12.719236813139588
8 21 32 12.827428599707316
8 21 33 12.812647341163274
8 21 34 12.916709755684291
8 21 35 12.801530752014234
8 21 36 12.982805972069942
8 21 37 12.998501693962599
8 21 38 12.858861731768624
8 21 39 12.691900474283505
8 21 40 12.748994425614919
8 21 41 13.04513830266146
8 21 42 12.823617174554222
8 21 43 12.658748206406804
8 21 44 12.687006386989692
8 21 45 12.696797890862353
8 21 46 12.827534098480928
8 21 47 12.944078294898635
8 21 48 12.998696428825363
8 21 49 12.846401087719688
8 21 50 12.796249787897242
8 21 51 13.041699052354794
8 21 52 13.152643443341384
8 21 53 12.569047827768198
8 21 54 12.883881245547608
8 21 55 12.928801682630555
8 21 56 12.802478607523812
8 21 57 12.847885877746126
8 21 58 13.165795466082061
8 21 59 12.931524245855238
8 21 60 13.081746360037299
8 21 61 12.737988452607333
8 21 62 13.093695027658338
8 21 63 12.838342528785924
8 21 64 12.994443569623932
8 21 65 12.992954111197303
8 21 66 13.045843107938703
8 21 67 12.731854609095313
8 21 68 13.076835683048554
8 21 69 12.969346221300322
8 21 70 12.968389715925644
8 21 71 12.679184449574853
8 21 72 12.79370200443226
8 21 73 12.700762288990603
8 21 74 12.96539715385183
8 21 75 12.986751496631213
8 21 76 12.892559798931092
8 21 77 13.007738229217349
8 21 78 12.973423106234504
8 21 79 12.819020708970188
8 21 80 12.560786869535066
8 21 81 12.952303721903412
8 21 82 12.85661172719881
8 21 83 12.876265136183227
8 21 84 12.951245157889158
8 21 85 12.77196578509753
8 21 86 12.889767347540014
8 21 87 12.933152169773596
8 21 88 12.97456344481565
8 21 89 12.703204811524019
8 21 90 12.743050652468414
8 21 91 12.841970811254653
8 21 92 12.851391314620532
8 21 93 12.769005583373184
8 21 94 12.597371536500104
8 21 95 12.968718794748245
8 21 96 12.874760340524151
8 21 97 13.034632879534511
8 21 98 13.04260152820671
8 21 99 12.790915723540957
8 21 100 12.884533249618448
8 21 101 12.980186151778971
8 21 102 12.855890991219239
8 21 103 12.676821548843396
8 21 104 12.785560067902095
8 21 105 12.82592932141773
8 21 106 12.717335376300547
8 21 107 12.918118373307323
8 21 108 12.839598602986499
8 21 109 12.746444888815315
8 21 110 12.889516106867195
8 21 111 13.105765283910483
8 21 112 12.689210223946134
8 21 113 12.962201106292099
8 21 114 12.886353000796538
8 21 115 12.75343202314789
8 21 116 12.861482522046833
8 21 117 13.019534809404833
8 21 118 12.799510538467045
8 21 119 13.00098929120092
8 21 120 12.825665588468896
8 21 121 12.865309327750214
8 21 122 12.92753142353889
8 21 123 12.891199307913524
8 21 124 12.923474101972793
8 21 125 12.891568753791786
8 21 126 13.000661857933407
8 21 127 12.869323667829304
8 21 128 12.92336870450432
8 21 129 12.918300507846489
8 21 130 13.002715954547032
8 21 131 12.922227335860825
8 21 132 12.84304032949067
8 21 133 12.971967955096405
8 21 134 12.708862787660609
8 21 135 12.734716431440566
8 21 136 12.719247806319876
8 21 137 13.040329475825049
8 21 138 12.706635968930689
8 21 139 12.97322982888726
8 21 140 12.769752442556962
8 21 141 12.896066445544218
8 21 142 12.81498956813586
8 21 143 12.993884334942017
8 21 144 12.865004383117643
8 21 145 12.769908479219103
8 21 146 12.682760975818526
8 21 147 13.018331900676293
8 21 148 12.929028592810567
8 21 149 12.736156209334434
8 21 150 12.820875986826097
8 22 28 12.987123297391705
8 22 29 12.796343585622536
8 22 30 12.900171906733847
8 22 31 12.92473853176901
8 22 32 12.707515038828673
8 22 33 12.987041627287907
8 22 34 12.825716564294478
8 22 35 12.986881441055564
8 22 36 12.822426996113963
8 22 37 12.926464841676738
8 22 38 13.048467902041086
8 22 39 12.799007302559916
8 22 40 13.01953571279527
8 22 41 12.950528778071883
8 22 42 12.981849930355049
8 22 43 12.803885327331983
8 22 44 12.872063667252105
8 22 45 12.895385687622106
8 22 46 12.94717384536189
8 22 47 12.824385689897424
8 22 48 12.845429817686268
8 22 49 12.847857169616159
8 22 50 12.873207309608185
8 22 51 12.846004467768712
8 22 52 12.937421566695258
8 22 53 13.010306324440043
8 22 54 13.087937137736038
8 22 55 12.772955478542007
8 22 56 12.720496918081473
8 22 57 12.836198965211407
8 22 58 12.908258084402467
8 22 59 13.019877370488237
8 22 60 12.817784812054596
8 22 61 12.682737392349786
8 22 62 12.976472514538758
8 22 63 12.974214112619086
8 22 64 12.930369105482063
8 22 65 12.963217063676971
8 22 66 12.883858080066915
8 22 67 12.794418145785107
8 22 68 13.023201429094552
8 22 69 12.783814251522953
8 22 70 12.874042720330424
8 22 71 12.761980767999985
8 22 72 12.827809728059812
8 22 73 12.712477485008659
8 22 74 12.71558553461001
8 22 75 12.877050817906742
8 22 76 12.846470092292208
8 22 77 12.771749912636704
8 22 78 12.829497765703268
8 22 79 12.884158246506015
8 22 80 12.904910355736469
8 22 81 12.738891915262288
8 22 82 12.5907258373376
8 22 83 13.136670275425534
8 22 84 12.842540069570196
8 22 85 13.005002377333795
8 22 86 12.779210429775226
8 22 87 12.954485462017674
8 22 88 12.72769662858319
8 22 89 13.123210773369344
8 22 90 12.849566344849995
8 22 91 13.023109706515935
8 22 92 12.886630154478407
8 22 93 12.917046663284058
8 22 94 12.85707618719023
8 22 95 12.676320501998168
8 22 96 13.054422416651068
8 22 97 12.829102653992434
8 22 98 12.676874650532893
8 22 99 12.665718074275276
8 22 100 13.05500943902588
8 22 101 12.799381263132489
8 22 102 12.865429258981
8 22 103 12.768241084080561
8 22 104 12.909020702386856
8 22 105 12.898296421943726
8 22 106 12.821228406914894
8 22 107 12.646974143886993
8 22 108 12.93324350446123
8 22 109 12.824171960773484
8 22 110 12.805504685859345
8 22 111 12.837927433522365
8 22 112 12.831161374492977
8 22 113 12.972032149839816
8 22 114 12.926878702744249
8 22 115 12.718855596593901
8 22 116 13.060696968281247
8 22 117 13.058564479353382
8 22 118 12.893759037160638
8 22 119 12.712041818132267
8 22 120 12.688713106095806
8 22 121 12.973187101648469
8 22 122 12.945646049623775
8 22 123 12.59915537298435
8 22 124 12.878290737154998
8 22 125 12.77895686286706
8 22 126 12.685751322859625
8 22 127 12.784937553381628
8 22 128 12.778146642197967
8 22 129 12.806786955320746
8 22 130 12.88266571925473
8 22 131 12.79331793576805
8 22 132 12.905151647891678
8 22 133 12.865244008627243
8 22 134 12.840142874196964
8 22 135 12.782109632699447
8 22 136 12.942383123962548
8 22 137 12.897848257504716
8 22 138 12.78678794756786
8 22 139 12.927721270580724
8 22 140 12.96806243391659
8 22 141 12.940260821627232
8 22 142 12.972072341919949
8 22 143 12.875725956881453
8 22 144 12.889108141007503
8 22 145 12.874177243416618
8 22 146 12.921514493079215
8 22 147 12.776081018349686
8 22 148 12.670819407714529
8 22 149 12.96399859226812
8 22 150 13.057017349913844
8 23 26 13.037981753796036
8 23 27 12.819328807434582
8 23 28 13.037412322555285
8 23 29 12.723296005590754
8 23 30 12.889877019769182
8 23 31 12.854710118843194
8 23 32 12.539001758751548
8 23 33 13.033581862273383
8 23 34 12.764684205515973
8 23 35 12.790759462763404
8 23 36 12.841016663382263
8 23 37 12.750671445178149
8 23 38 12.777558976185418
8 23 39 12.750262112982
8 23 40 12.778017130508703
8 23 41 12.937329144663043
8 23 42 12.660323189482442
8 23 43 12.861602693434483
8 23 44 13.004257351821236
8 23 45 12.958444984715985
8 23 46 12.771647312685284
8 23 47 12.760734292865406
8 23 48 12.870709308952051
8 23 49 12.905990550536641
8 23 50 12.76632443117677
8 23 51 12.88514074788265
8 23 52 12.796452196750787
8 23 53 12.946765979658947
8 23 54 12.757132139608903
8 23 55 12.706231837992755
8 23 56 12.635907531176306
8 23 57 12.63458623465117
8 23 58 12.884068060628563
8 23 59 12.825366546175362
8 23 60 12.784533073541446
8 23 61 12.919612799417676
8 23 62 12.689880338537536
8 23 63 12.763150266750879
8 23 64 13.092099322192599
8 23 65 13.072584110579381
8 23 66 12.844954370448255
8 23 67 12.857048883725222
8 23 68 12.992172993037963
8 23 69 12.8214597739802
8 23 70 12.96212698083678
8 23 71 12.869379905649064
8 23 72 12.763489131855922
8 23 73 12.728032193759377
8 23 74 12.714728860434814
8 23 75 12.861058901758359
8 23 76 12.960474551671423
8 23 77 12.841467203975647
8 23 78 12.803491186656013
8 23 79 12.977485484363008
8 23 80 12.771613908555908
8 23 81 12.913619702391646
8 23 82 12.998641978872097
8 23 83 12.837028841364948
8 23 84 12.941185627491077
8 23 85 12.784774443381934
8 23 86 12.619588660524004
8 23 87 12.711651257301387
8 23 88 12.848708451865663
8 23 89 12.72431345316064
8 23 90 12.872828139153782
8 23 91 13.085969190490665
8 23 92 12.895064360004628
8 23 93 12.755684312646405
8 23 94 12.932425022876648
8 23 95 12.912742426757312
8 23 96 12.956941528691654
8 23 97 12.983081808876507
8 23 98 12.919909941318101
8 23 99 12.943124270289841
8 23 100 12.711311919279337
8 23 101 12.797266467358465
8 23 102 12.895373129134281
8 23 103 12.820231635499546
8 23 104 12.719933479633266
8 23 105 12.914746781652303
8 23 106 12.661910414339658
8 23 107 12.675979853104888
8 23 108 12.783310473139892
8 23 109 12.858785898173101
8 23 110 12.913250458361613
8 23 111 12.815083263169246
8 23 112 12.85149015573373
8 23 113 12.861531974209099
8 23 114 12.72920067921826
8 23 115 12.904855449049808
8 23 116 12.824455883814002
8 23 117 12.949835314641033
8 23 118 12.789377717679722
8 23 119 12.984014510656658
8 23 120 12.640248130044315
8 23 121 12.841751329467513
8 23 122 13.09599093530425
8 23 123 13.022486393757834
8 23 124 12.78546715656994
8 23 125 12.988265663658149
8 23 126 12.849671952286348
8 23 127 12.814597485241533
8 23 128 12.69488505844452
8 23 129 13.004705040544277
8 23 130 12.952162123954226
8 23 131 12.885957518937827
8 23 132 12.785423853350805
8 23 133 12.918971660754597
8 23 134 12.79153266005114
8 23 135 12.795186936596368
8 23 136 13.064480835693544
8 23 137 12.578617952964485
8 23 138 12.903419545689369
8 23 139 12.843431786287544
8 23 140 12.871031617309141
8 23 141 13.177603759535655
8 23 142 12.800214443278653
8 23 143 12.816935026891656
8 23 144 12.785225174339498
8 23 145 12.781134831486872
8 23 146 13.049671058444964
8 23 147 13.159185522441595
8 23 148 12.842263485194007
8 23 149 12.830472401777504
8 23 150 12.849140683531576
8 24 25 12.921520921782696
8 24 26 12.941685411796431
8 24 27 12.723931255041574
8 24 28 12.951035425471794
8 24 29 12.575587408917247
8 24 30 12.952934261933196
8 24 31 12.885567797398348
8 24 32 12.87853484030928
8 24 33 13.073785603555546
8 24 34 12.839521032091026
8 24 35 13.001362638862863
8 24 36 12.948669666728406
8 24 37 12.792784951877287
8 24 38 12.936352081156274
8 24 39 12.764180566129038
8 24 40 12.697740087536733
8 24 41 12.603489196204439
8 24 42 12.667438220297981
8 24 43 12.86952039093858
8 24 44 12.832841514998933
8 24 45 12.914467799804143
8 24 46 12.754255470890621
8 24 47 12.81340542417105
8 24 48 12.789409946019585
8 24 49 12.900891009564845
8 24 50 12.96230774113836
8 24 51 12.854735282364048
8 24 52 12.7601597738227
8 24 53 12.91997429225674
8 24 54 12.962736606114689
8 24 55 12.968208980470186
8 24 56 12.935733769683598
8 24 57 13.010739388165014
8 24 58 12.820143611915572
8 24 59 12.752165606467624
8 24 60 12.835802840538198
8 24 61 12.86301663663072
8 24 62 12.759482380208233
8 24 63 12.919153628781434
8 24 64 12.575862665089971
8 24 65 12.888525146855724
8 24 66 12.833675496309287
8 24 67 12.676448633349745
8 24 68 12.980944686800912
8 24 69 12.779412423864041
8 24 70 12.791529581478239
8 24 71 12.804869779247502
8 24 72 12.914513567740936
8 24 73 13.051661960104534
8 24 74 12.826453576630154
8 24 75 12.825390812144432
8 24 76 12.826238915126657
8 24 77 12.816625733029248
8 24 78 12.68284112387517
8 24 79 12.748647723981415
8 24 80 12.722313637952391
8 24 81 12.789745358246229
8 24 82 13.10107468954962
8 24 83 12.88204512139848
8 24 84 12.891845166378546
8 24 85 12.894878255300826
8 24 86 12.833080904516326
8 24 87 12.917998611782702
8 24 88 12.67393595984062
8 24 89 12.844326932206078
8 24 90 12.838356434915363
8 24 91 12.636740215374305
8 24 92 12.877855706625263
8 24 93 13.031415498169817
8 24 94 12.919819826127124
8 24 95 12.898869784944475
8 24 96 12.907330187470434
8 24 97 12.819894580373475
8 24 98 12.853371585917829
8 24 99 12.888448597564688
8 24 100 12.929182630415694
8 24 101 13.039686993252172
8 24 102 12.916331220777955
8 24 103 12.892644291218623
8 24 104 12.87802401358164
8 24 105 13.021549860021114
8 24 106 12.769828519531927
8 24 107 12.753752650787149
8 24 108 12.947067268241092
8 24 109 12.777490386489607
8 24 110 12.80979580502799
8 24 111 12.992927961236983
8 24 112 13.046104610020226
8 24 113 12.78480687346382
8 24 114 12.691415777934807
8 24 115 12.887980849660222
8 24 116 12.990667288029346
8 24 117 12.967288911842703
8 24 118 12.7726995913457
8 24 119 12.847924173929638
8 24 120 12.775679857219231
8 24 121 12.924430632449905
8 24 122 12.985294860776843
8 24 123 12.688771256328444
8 24 124 13.009656340456525
8 24 125 13.0166075644045
8 24 126 12.72111059320065
8 24 127 12.956769766898692
8 24 128 12.625366457270719
8 24 129 12.813527955093846
8 24 130 12.871520764063575
8 24 131 12.822738303887911
8 24 132 13.159086742287904
8 24 133 12.62404937885579
8 24 134 12.66807644646699
8 24 135 12.93977942839486
8 24 136 12.92864261777706
8 24 137 12.948254070488481
8 24 138 12.82014596608127
8 24 139 12.780603669787196
8 24 140 13.03817896120599
8 24 141 12.674847201640743
8 24 142 12.951363640199556
8 24 143 12.893350943729013
8 24 144 12.996506709941618
8 24 145 12.78314489042412
8 24 146 12.694078499289997
8 24 147 12.99315401222963
8 24 148 12.779636282205615
8 24 149 12.743754699542729
8 24 150 12.8983629178011
8 25 23 12.776507532982539
8 25 24 12.792325364193614
8 25 25 12.85248223919577
8 25 26 12.819263546928443
8 25 27 12.905945116610912
8 25 28 12.672527205613326
8 25 29 13.105252241154721
8 25 30 12.848437896102292
8 25 31 12.864047274723111
8 25 32 12.791426329190648
8 25 33 12.890575495612968
8 25 34 12.89374495006939
8 25 35 12.81510889170039
8 25 36 12.80889872141961
8 25 37 12.875317212598397
8 25 38 12.856529841914345
8 25 39 12.913526570372218
8 25 40 12.931322546075789
8 25 41 12.667170513653017
8 25 42 12.821676904081913
8 25 43 12.861374349170486
8 25 44 12.875671197694754
8 25 45 12.707084425142321
8 25 46 12.69634708326781
8 25 47 12.717776488651456
8 25 48 12.743179556507808
8 25 49 12.821268078885774
8 25 50 12.655262752039267
8 25 51 12.881442113188276
8 25 52 12.840399173946533
8 25 53 13.048462019507634
8 25 54 12.897751579265654
8 25 55 12.801466777177444
8 25 56 12.905347944742314
8 25 57 12.77109464908389
8 25 58 12.641374746863805
8 25 59 12.630795485237677
8 25 60 12.847002180754538
8 25 61 12.79632050295601
8 25 62 12.947818066204677
8 25 63 12.766833151305695
8 25 64 12.84482006008601
8 25 65 12.726900875106391
8 25 66 12.64154145499793
8 25 67 13.063819022501255
8 25 68 12.72321941992777
8 25 69 12.783847117112922
8 25 70 12.940518953001316
8 25 71 12.714894493878717
8 25 72 12.921182396268604
8 25 73 12.774574749694276
8 25 74 12.90136788385079
8 25 75 12.749729595240929
8 25 76 12.800112552364077
8 25 77 12.65989280728322
8 25 78 12.986543910994738
8 25 79 12.783486791231914
8 25 80 12.751468328886348
8 25 81 12.979289928152252
8 25 82 12.975650737245982
8 25 83 12.96883963314893
8 25 84 12.897154255158458
8 25 85 12.805744800848657
8 25 86 12.753528711568846
8 25 87 12.83628073653307
8 25 88 12.84833731244609
8 25 89 12.77963756139441
8 25 90 12.733159611549503
8 25 91 12.93588041747485
8 25 92 12.871466760396455
8 25 93 12.899189387227347
8 25 94 12.75544667524433
8 25 95 12.87942994736187
8 25 96 12.753801505074648
8 25 97 13.00214991150568
8 25 98 12.970170447761616
8 25 99 12.891000626002038
8 25 100 12.917732144054483
8 25 101 12.873640490432228
8 25 102 12.652788776579026
8 25 103 12.768161879209222
8 25 104 12.88085961828899
8 25 105 12.992263059730599
8 25 106 12.915977791621097
8 25 107 12.783647615881467
8 25 108 12.85619741878648
8 25 109 12.742359335194756
8 25 110 12.878538769538716
8 25 111 12.888848991165855
8 25 112 12.845070557045606
8 25 113 12.912200083430667
8 25 114 12.668839360525928
8 25 115 12.6910621800478
8 25 116 12.86718169832834
8 25 117 12.75953733702515
8 25 118 12.846025222553365
8 25 119 12.710686311973648
8 25 120 12.989864394411041
8 25 121 12.946275621427361
8 25 122 12.775488491439662
8 25 123 12.711545013740782
8 25 124 12.930769839979769
8 25 125 13.005171033191587
8 25 126 12.79142008458612
8 25 127 12.741331644914043
8 25 128 12.874286344547416
8 25 129 12.84590060966826
8 25 130 12.933145012751735
8 25 131 12.627419680696365
8 25 132 12.965707950110259
8 25 133 12.733149912948756
8 25 134 12.856872915787733
8 25 135 12.855194781425894
8 25 136 12.7062162868746
8 25 137 12.947323879090554
8 25 138 12.750217407361557
8 25 139 12.955115490802521
8 25 140 12.779176319018628
8 25 141 12.687121707320495
8 25 142 12.698960031242631
8 25 143 13.021866558336063
8 25 144 13.008393991698199
8 25 145 12.922104186610756
8 25 146 13.060477435013265
8 25 147 12.720410839550643
8 25 148 12.916500664358496
8 25 149 12.568921386604911
8 25 150 12.802327865580077
8 26 22 13.00263031125535
8 26 23 12.779239186716161
8 26 24 12.651544315321402
8 26 25 12.8282932156777
8 26 26 12.954129430297293
8 26 27 12.82149784060925
8 26 28 12.755768619776617
8 26 29 13.05062701908796
8 26 30 12.816491456313958
8 26 31 12.958475815453923
8 26 32 12.890584817373842
8 26 33 12.7110215222266
8 26 34 12.880130366626176
8 26 35 12.869699232595645
8 26 36 12.869214952802142
8 26 37 12.979367401820955
8 26 38 12.87347213026099
8 26 39 12.71953494050245
8 26 40 12.783459478047646
8 26 41 12.80958444026592
8 26 42 12.84789250711795
8 26 43 13.182163254461196
8 26 44 12.711715357360283
8 26 45 12.812840318615402
8 26 46 13.019679285915863
8 26 47 12.929255211924405
8 26 48 12.801768300873656
8 26 49 12.734223182108572
8 26 50 13.02235879075899
8 26 51 12.825497541566959
8 26 52 12.915063283534215
8 26 53 12.833829563162569
8 26 54 12.861609500114552
8 26 55 12.876980804647301
8 26 56 12.943336585586689
8 26 57 12.922023308175238
8 26 58 12.67944612941284
8 26 59 12.76149044766648
8 26 60 12.823139563886178
8 26 61 12.99327157077199
8 26 62 12.79563534647472
8 26 63 12.657857035820138
8 26 64 13.031494015789335
8 26 65 12.81063863507973
8 26 66 12.8606953594453
8 26 67 12.92357127671815
8 26 68 12.813647659043417
8 26 69 12.800911915515165
8 26 70 12.955900176531909
8 26 71 12.816162083775929
8 26 72 12.811170273198615
8 26 73 12.792645290221884
8 26 74 12.571343677356001
8 26 75 12.773106152831147
8 26 76 12.73686757077823
8 26 77 12.769154695748249
8 26 78 12.662437770776934
8 26 79 12.873977498388248
8 26 80 12.631019489792433
8 26 81 12.818702271490443
8 26 82 12.772035355133022
8 26 83 13.037844294283788
8 26 84 12.690593809159783
8 26 85 12.83379333732542
8 26 86 12.770776235746462
8 26 87 12.804428060440108
8 26 88 12.971849583245726
8 26 89 12.794427773208284
8 26 90 12.7451057142826
8 26 91 13.114419738253593
8 26 92 12.742612996410571
8 26 93 12.768657482216131
8 26 94 12.91449880258214
8 26 95 12.697694798976714
8 26 96 13.05706062970099
8 26 97 12.792784351864759
8 26 98 12.844015918242597
8 26 99 12.770765282661218
8 26 100 12.907013150808963
8 26 101 12.791516900830192
8 26 102 12.797949796207458
8 26 103 12.840986764155431
8 26 104 12.755438186462868
8 26 105 12.618477178353896
8 26 106 12.484824302515005
8 26 107 12.72736597715259
8 26 108 12.790067892548452
8 26 109 12.883034190420071
8 26 110 12.709087756524934
8 26 111 12.70002336206619
8 26 112 12.773605755576252
8 26 113 12.935159360048447
8 26 114 12.985632983775412
8 26 115 12.668854116241775
8 26 116 13.063788228707553
8 26 117 12.762588962747476
8 26 118 13.012568589371662
8 26 119 12.756515159052299
8 26 120 12.930611584398479
8 26 121 12.75888280840545
8 26 122 12.813059478355928
8 26 123 12.96402774700879
8 26 124 12.671734027586202
8 26 125 12.686132152648087
8 26 126 12.901807184132448
8 26 127 12.71467226436196
8 26 128 12.942230004286692
8 26 129 12.627643545943144
8 26 130 13.011617270374739
8 26 131 12.817536967322207
8 26 132 12.863660711824144
8 26 133 13.087332188228164
8 26 134 12.730420086845802
8 26 135 12.815629379605923
8 26 136 12.715964219747935
8 26 137 12.882208593704966
8 26 138 13.14469281315294
8 26 139 12.85772894224573
8 26 140 12.742344199192273
8 26 141 13.017083927312203
8 26 142 12.973362851991087
8 26 143 12.94132167660099
8 26 144 13.294618120383436
8 26 145 12.840296349296112
8 26 146 12.867856246152762
8 26 147 12.844592741813992
8 26 148 13.219927847035784
8 26 149 12.739780437926145
8 26 150 12.84246630408269
8 27 21 12.848214054936642
8 27 22 12.894170067051235
8 27 23 12.891852484236766
8 27 24 12.733581903177093
8 27 25 12.900439489824839
8 27 26 13.034444110146126
8 27 27 12.76356297574493
8 27 28 13.066870582558929
8 27 29 12.892516149966815
8 27 30 12.773663729600681
8 27 31 12.907584652286817
8 27 32 12.73728951079305
8 27 33 12.817175271985422
8 27 34 13.175171947867373
8 27 35 12.818174532764417
8 27 36 12.811875958187297
8 27 37 12.836042261887762
8 27 38 12.807617571914918
8 27 39 12.945293844034516
8 27 40 12.662696492566463
8 27 41 12.753881367652896
8 27 42 12.79488700847566
8 27 43 12.813860532305053
8 27 44 12.815361284643949
8 27 45 12.68178296403888
8 27 46 12.880966960568875
8 27 47 12.805428033764166
8 27 48 12.799565075001821
8 27 49 12.805885785490993
8 27 50 12.673430120491442
8 27 51 12.935940504913104
8 27 52 12.805241374549459
8 27 53 12.847917652341343
8 27 54 12.97005506768404
8 27 55 12.723280015997657
8 27 56 12.885951577787463
8 27 57 12.72201364275105
8 27 58 12.876865468146047
8 27 59 12.7176086353703
8 27 60 12.751251850833324
8 27 61 12.875671372643339
8 27 62 12.929613163495208
8 27 63 12.80278845888713
8 27 64 12.852176913964872
8 27 65 12.834900482821658
8 27 66 12.744716051932443
8 27 67 12.808894774371744
8 27 68 12.553243511016053
8 27 69 12.92338146672362
8 27 70 12.836976940885856
8 27 71 13.061672266285594
8 27 72 12.630494198229602
8 27 73 12.922844377214217
8 27 74 12.957373009461898
8 27 75 13.02654728226337
8 27 76 12.710252228384139
8 27 77 12.824106558192765
8 27 78 12.919273231556812
8 27 79 12.930664111861805
8 27 80 12.801082072342822
8 27 81 12.670293632350752
8 27 82 12.679770357956597
8 27 83 12.770065736064291
8 27 84 13.07972680877346
8 27 85 12.960069530346333
8 27 86 12.96644916283367
8 27 87 13.023725519079452
8 27 88 12.799070586354201
8 27 89 12.625390981966545
8 27 90 12.943078203120862
8 27 91 12.68714300327556
8 27 92 12.899032876668928
8 27 93 12.757735520323855
8 27 94 12.929312891983216
8 27 95 12.832907212886054
8 27 96 12.875200971868107
8 27 97 12.83377980680307
8 27 98 12.778731969555698
8 27 99 12.778165178993916
8 27 100 13.059725049723921
8 27 101 12.88866603437931
8 27 102 12.967960795107384
8 27 103 12.709132767698152
8 27 104 12.923853786271431
8 27 105 12.95371843649798
8 27 106 12.811943559017356
8 27 107 12.85285559869297
8 27 108 12.816231941067816
8 27 109 12.742436334508207
8 27 110 12.949674801780759
8 27 111 12.844563387081532
8 27 112 12.762387189414362
8 27 113 12.983650451445323
8 27 114 12.754401346466926
8 27 115 12.809616840221624
8 27 116 12.882586502694748
8 27 117 13.041396123739398
8 27 118 12.764228885758698
8 27 119 12.85894886883167
8 27 120 12.887912494499783
8 27 121 12.764925279946711
8 27 122 12.788903725097184
8 27 123 12.86154738054238
8 27 124 12.812642861347243
8 27 125 12.799645203846673
8 27 126 12.89665183068199
8 27 127 12.960333037986274
8 27 128 12.94391487005101
8 27 129 12.805241490114433
8 27 130 12.847958285642381
8 27 131 12.924623132671215
8 27 132 12.826939180455346
8 27 133 12.833425131945697
8 27 134 12.89154806714801
8 27 135 12.864610091414198
8 27 136 12.859720411924531
8 27 137 12.84771747634336
8 27 138 13.130624476700692
8 27 139 12.859445027224464
8 27 140 12.71844612240982
8 27 141 12.620297543572825
8 27 142 12.773055843343817
8 27 143 12.896452480755073
8 27 144 12.668062020715867
8 27 145 12.584907064866178
8 27 146 12.817577045925335
8 27 147 13.107805842534704
8 27 148 12.665794229578307
8 27 149 12.928426807543591
8 27 150 12.855675715195948
8 28 20 13.029819952314433
8 28 21 12.805144140015756
8 28 22 12.665843349608625
8 28 23 13.055318264161977
8 28 24 12.702940413602256
8 28 25 12.687334885515018
8 28 26 12.732971963166902
8 28 27 12.834569275601627
8 28 28 12.836304463967982
8 28 29 12.940419744946013
8 28 30 12.811419627293287
8 28 31 12.901068276630316
8 28 32 12.800200396882698
8 28 33 12.748171751626291
8 28 34 12.753934466914794
8 28 35 13.017804733341055
8 28 36 12.728982900563468
8 28 37 12.764450772368319
8 28 38 12.77782743602603
8 28 39 12.843344927166415
8 28 40 12.957187481092548
8 28 41 12.918552679491988
8 28 42 12.926199621721526
8 28 43 12.807351898757258
8 28 44 12.916636217626982
8 28 45 12.922423357415237
8 28 46 12.978358955268751
8 28 47 13.020017432922392
8 28 48 12.782857008029886
8 28 49 12.737121639950214
8 28 50 12.717192549011816
8 28 51 12.796470361208469
8 28 52 12.827452508126617
8 28 53 12.999048577452944
8 28 54 12.829893532413356
8 28 55 12.955963159432214
8 28 56 12.814294846584378
8 28 57 12.88628518620742
8 28 58 12.784945893647421
8 28 59 12.67993445560181
8 28 60 12.796382192401651
8 28 61 12.741716894672253
8 28 62 12.754594825698778
8 28 63 12.682500019459344
8 28 64 12.893275203157396
8 28 65 12.994234714571654
8 28 66 12.612833799344067
8 28 67 12.836250829094139
8 28 68 12.771055103898526
8 28 69 12.942350931673346
8 28 70 12.901674185869954
8 28 71 12.881513965885777
8 28 72 12.7025405186054
8 28 73 12.659025448917461
8 28 74 12.845553089966854
8 28 75 12.761521405658138
8 28 76 12.650376418238215
8 28 77 12.86170551291766
8 28 78 12.910074147553123
8 28 79 12.758069144137952
8 28 80 12.89757245641968
8 28 81 12.772117972199958
8 28 82 12.706949222341668
8 28 83 12.824922745454266
8 28 84 12.735841862461342
8 28 85 12.726321719522893
8 28 86 12.728140225994709
8 28 87 12.989117670130948
8 28 88 12.62838891654548
8 28 89 12.759541131013735
8 28 90 12.879199637052704
8 28 91 12.927707568768549
8 28 92 12.830523438373087
8 28 93 12.878270253426349
8 28 94 12.765497579565364
8 28 95 12.90170579561673
8 28 96 12.742757325066203
8 28 97 12.746335966212474
8 28 98 12.846283965209288
8 28 99 12.755909862405495
8 28 100 12.68931740693197
8 28 101 13.061820604619728
8 28 102 12.850346434998977
8 28 103 12.721613338684515
8 28 104 12.822630784901884
8 28 105 12.805113815320254
8 28 106 12.94297673150026
8 28 107 13.156246187833009
8 28 108 13.011697774558579
8 28 109 12.670661958213346
8 28 110 12.783014575064016
8 28 111 12.920564765048022
8 28 112 12.925885874751705
8 28 113 12.92835071547775
8 28 114 12.85731248590149
8 28 115 12.481928323232928
8 28 116 12.87086137419696
8 28 117 12.710076511148541
8 28 118 12.760460632084424
8 28 119 12.944062693237274
8 28 120 12.790880052589204
8 28 121 12.804742838203344
8 28 122 12.733371600213472
8 28 123 12.786063112360324
8 28 124 12.82151069800159
8 28 125 13.204799780824342
8 28 126 12.937047365726322
8 28 127 12.76335983636677
8 28 128 12.96565912259533
8 28 129 12.925222479232449
8 28 130 12.973166410775107
8 28 131 12.872311559769118
8 28 132 12.992165360760184
8 28 133 12.973681396407699
8 28 134 12.919919409051266
8 28 135 12.843057457666582
8 28 136 12.868950905958892
8 28 137 12.97468208860178
8 28 138 12.776820142944675
8 28 139 12.80576641214171
8 28 140 12.898925571395473
8 28 141 12.836102645994245
8 28 142 12.89200989608284
8 28 143 12.629646214213674
8 28 144 12.689935336036903
8 28 145 12.888893504527768
8 28 146 13.058718673490343
8 28 147 12.937324776026673
8 28 148 13.016230818674995
8 28 149 12.759161788614964
8 28 150 12.923389357735035
8 29 20 12.926045939314172
8 29 21 12.936480354930893
8 29 22 12.731761389087364
8 29 23 12.733444112081793
8 29 24 12.856454423784406
8 29 25 12.84281007078058
8 29 26 12.642825848613468
8 29 27 12.989500826145772
8 29 28 12.767364776851343
8 29 29 12.778820179459043
8 29 30 12.672883267986563
8 29 31 12.862691108896016
8 29 32 12.860285844995047
8 29 33 12.749200057398161
8 29 34 12.880281005894412
8 29 35 12.895793299643257
8 29 36 12.823957181992537
8 29 37 12.98877191469783
8 29 38 12.832320879977647
8 29 39 12.686305898675
8 29 40 12.82407838735552
8 29 41 12.930441163652443
8 29 42 12.604355045417389
8 29 43 12.755148374737356
8 29 44 13.012749189962966
8 29 45 12.908061990234403
8 29 46 12.906630387266866
8 29 47 12.900132484719428
8 29 48 12.831082874452377
8 29 49 12.972872825758131
8 29 50 12.93955537960931
8 29 51 12.946482894171666
8 29 52 12.786000086200424
8 29 53 12.89517173007432
8 29 54 12.698898628153518
8 29 55 12.770683854026787
8 29 56 12.74943015783605
8 29 57 12.835781168187955
8 29 58 12.973392159799303
8 29 59 12.696342078448751
8 29 60 13.068909694795291
8 29 61 13.017320038187632
8 29 62 12.863861327291502
8 29 63 12.84685512807702
8 29 64 12.539786683297832
8 29 65 12.791547094083292
8 29 66 12.75647205820483
8 29 67 12.79702160747687
8 29 68 12.843138200677503
8 29 69 12.79978480403579
8 29 70 12.706690147043494
8 29 71 12.717341873787618
8 29 72 12.912137125207899
8 29 73 12.743573791451718
8 29 74 12.597461307695045
8 29 75 12.793692861924526
8 29 76 12.694829110702571
8 29 77 12.87183441763783
8 29 78 12.794121843665394
8 29 79 12.958606961237093
8 29 80 12.88928615821275
8 29 81 12.731811927723356
8 29 82 12.783888118981722
8 29 83 12.878968948150165
8 29 84 13.015953981720246
8 29 85 12.92894059505161
8 29 86 13.143940529713825
8 29 87 12.730422335633124
8 29 88 12.931655954425056
8 29 89 12.853486590037125
8 29 90 12.888242009958638
8 29 91 12.930863721476845
8 29 92 12.870638309611955
8 29 93 12.901681451126626
8 29 94 12.80654202387408
8 29 95 13.004728964796536
8 29 96 12.775508768171582
8 29 97 12.790349660607143
8 29 98 13.03702185098499
8 29 99 12.757443817808339
8 29 100 12.666337131175547
8 29 101 12.81611152660114
8 29 102 12.725248774618287
8 29 103 12.786016840481093
8 29 104 12.829022067878483
8 29 105 12.863266392587034
8 29 106 12.67218059872993
8 29 107 12.889543885676948
8 29 108 12.860466950141166
8 29 109 12.771252488486107
8 29 110 12.85372496716369
8 29 111 12.793965843129346
8 29 112 12.892535607665472
8 29 113 12.986562517913198
8 29 114 12.723706871582827
8 29 115 12.687760198009649
8 29 116 12.802258306187188
8 29 117 12.918082734917837
8 29 118 12.826929959564389
8 29 119 12.809994711579154
8 29 120 12.570544185044023
8 29 121 12.881635503823901
8 29 122 12.899519771107508
8 29 123 12.707521400607387
8 29 124 12.864175146480406
8 29 125 12.705039050312463
8 29 126 12.677191408658329
8 29 127 12.879773205935926
8 29 128 13.152602301369448
8 29 129 12.802651305304673
8 29 130 12.86315530805726
8 29 131 13.001408814593649
8 29 132 12.84061733969551
8 29 133 12.924305562735059
8 29 134 12.955596531272732
8 29 135 12.837461774818214
8 29 136 12.800580584483178
8 29 137 12.764373412565899
8 29 138 12.664308981178735
8 29 139 12.967344120293715
8 29 140 12.885819376768676
8 29 141 12.932491458493116
8 29 142 12.675177395147978
8 29 143 12.781530113527372
8 29 144 12.77560446516574
8 29 145 12.994950701760802
8 29 146 12.707649096222555
8 29 147 12.763822291997666
8 29 148 12.817191966235637
8 29 149 12.917023330122467
8 29 150 12.95157749006346
8 30 19 12.715371306190026
8 30 20 12.680530064582438
8 30 21 12.748558832728547
8 30 22 12.794849862153855
8 30 23 12.751769907015522
8 30 24 12.818210687522797
8 30 25 12.755053544697766
8 30 26 12.928292150395599
8 30 27 12.884181974038755
8 30 28 12.835280609033974
8 30 29 12.815199218625724
8 30 30 12.722912096712228
8 30 31 12.887819583305797
8 30 32 12.90720686926109
8 30 33 12.80831253010915
8 30 34 12.830152105282693
8 30 35 12.785976828824818
8 30 36 12.829128608426473
8 30 37 13.194946713600874
8 30 38 12.78146613863153
8 30 39 12.896343191237692
8 30 40 12.802423272648955
8 30 41 12.669657669606204
8 30 42 12.822791270309153
8 30 43 13.03286092946945
8 30 44 12.814041860676046
8 30 45 12.78611457409018
8 30 46 12.976483098496363
8 30 47 12.94685196988287
8 30 48 12.878061886186856
8 30 49 12.853653744656746
8 30 50 12.959791226298266
8 30 51 12.754141211380109
8 30 52 12.810465105600363
8 30 53 12.853198992090432
8 30 54 12.826417686883564
8 30 55 12.795332329751824
8 30 56 12.852278413074474
8 30 57 12.757728656164364
8 30 58 12.762164474666605
8 30 59 12.912721089907395
8 30 60 13.099054110151915
8 30 61 12.837216551620294
8 30 62 12.97622190682347
8 30 63 12.720982500195401
8 30 64 12.818197468320841
8 30 65 12.924606431419052
8 30 66 12.787014922503296
8 30 67 12.737061615945262
8 30 68 12.700724629933635
8 30 69 12.877143507215898
8 30 70 12.97132066784032
8 30 71 12.909030524132193
8 30 72 13.000893430559751
8 30 73 12.572420600368675
8 30 74 12.87288251597993
8 30 75 12.796488489641105
8 30 76 12.774533325360743
8 30 77 12.889694372435754
8 30 78 13.012357696708191
8 30 79 12.939052638609775
8 30 80 12.849829137027577
8 30 81 12.803165273202861
8 30 82 12.998873483500569
8 30 83 12.960304786271402
8 30 84 12.710012582265092
8 30 85 12.808839070671644
8 30 86 12.731256600449663
8 30 87 12.823116507643501
8 30 88 12.766182124967562
8 30 89 12.725934034563094
8 30 90 12.985401571339498
8 30 91 12.757055390130686
8 30 92 12.850325858610631
8 30 93 12.868558126348747
8 30 94 12.97440890839044
8 30 95 12.869846041788993
8 30 96 12.932119318572447
8 30 97 13.039433445856364
8 30 98 12.974358130789089
8 30 99 12.981604424083248
8 30 100 12.931077140421664
8 30 101 12.794914288691492
8 30 102 12.55972161009573
8 30 103 12.748733581677756
8 30 104 12.823890123823036
8 30 105 12.987874329175293
8 30 106 12.978418819197215
8 30 107 12.758672822424854
8 30 108 12.857733726609817
8 30 109 13.02001284789479
8 30 110 12.864470718642385
8 30 111 12.702994708423036
8 30 112 13.116723755791522
8 30 113 12.724990221165596
8 30 114 12.867574654580517
8 30 115 12.731621738480403
8 30 116 12.97186737185225
8 30 117 13.122987980289986
8 30 118 12.876174815020809
8 30 119 12.647925969214256
8 30 120 12.891078030747408
8 30 121 12.933098784198322
8 30 122 13.069896850142156
8 30 123 12.892101985294271
8 30 124 12.826981149821586
8 30 125 12.542265570733205
8 30 126 12.70426368615522
8 30 127 12.783032966638208
8 30 128 12.987083488827588
8 30 129 12.6846096609174
8 30 130 12.794049283543306
8 30 131 12.95585881602877
8 30 132 12.794690389094884
8 30 133 12.712024634543184
8 30 134 12.83681277287321
8 30 135 12.841297759463304
8 30 136 12.979830307023024
8 30 137 13.023217124929023
8 30 138 13.131079046232978
8 30 139 12.767754273561652
8 30 140 12.854134154469577
8 30 141 12.92317620150444
8 30 142 12.931496802456174
8 30 143 12.98146318413872
8 30 144 12.774892445826618
8 30 145 12.768599302021382
8 30 146 12.891909667509935
8 30 147 12.810259442128842
8 30 148 12.699070933650486
8 30 149 12.93097292598442
8 30 150 12.989962739163579
8 31 19 12.912081986857187
8 31 20 12.825644883944712
8 31 21 12.722705646703282
8 31 22 12.70069991489396
8 31 23 12.628629283363258
8 31 24 12.895638350636066
8 31 25 12.707377631880036
8 31 26 13.116792265684941
8 31 27 12.788420266821015
8 31 28 12.855623982401271
8 31 29 12.87130064286557
8 31 30 12.986914130602418
8 31 31 12.876385663863326
8 31 32 13.077353730955394
8 31 33 13.108633585407244
8 31 34 12.766638616040964
8 31 35 12.984877079266134
8 31 36 12.693600816534495
8 31 37 12.986899822026984
8 31 38 12.808085886877707
8 31 39 12.59550759094041
8 31 40 12.968051422009625
8 31 41 12.866924877200345
8 31 42 12.704319855458891
8 31 43 12.713297746572989
8 31 44 12.848179744029157
8 31 45 13.007495459707714
8 31 46 12.890227341208675
8 31 47 12.910644612949726
8 31 48 12.77319720639922
8 31 49 12.790435232049354
8 31 50 13.002216558547065
8 31 51 12.809155317302189
8 31 52 13.009711437175437
8 31 53 13.007615493136385
8 31 54 12.803028995194902
8 31 55 12.802597276610301
8 31 56 13.10138172824893
8 31 57 12.82756351831617
8 31 58 12.955986486766854
8 31 59 12.836790277157546
8 31 60 12.686394923366802
8 31 61 12.64924328504415
8 31 62 12.980986666534475
8 31 63 12.725134013886084
8 31 64 12.824023210968695
8 31 65 12.775840341046576
8 31 66 12.770914159006805
8 31 67 12.862650477294885
8 31 68 12.840419040418666
8 31 69 12.70515379559318
8 31 70 12.960697861296849
8 31 71 12.72213085695004
8 31 72 12.844374549491684
8 31 73 13.026989367385113
8 31 74 12.823868550283521
8 31 75 13.00006078396731
8 31 76 13.000440730903597
8 31 77 12.866905169189058
8 31 78 12.736728508843928
8 31 79 12.75329481080873
8 31 80 12.73843323114632
8 31 81 12.800019221458777
8 31 82 12.72336432899144
8 31 83 12.783786430827398
8 31 84 12.865829541949616
8 31 85 12.764979165705412
8 31 86 12.713134950296563
8 31 87 12.864270388898737
8 31 88 12.96451961755478
8 31 89 12.824488914920758
8 31 90 12.886396289647138
8 31 91 12.73214881365159
8 31 92 12.722347666493967
8 31 93 12.680507052764778
8 31 94 13.01189265308157
8 31 95 12.787179864663361
8 31 96 12.733148683955912
8 31 97 12.880690534537225
8 31 98 12.966527083430538
8 31 99 12.787836814581684
8 31 100 12.949932029874212
8 31 101 12.958100646675362
8 31 102 12.689935919865702
8 31 103 12.976890187203136
8 31 104 12.901409311344766
8 31 105 12.945515697177955
8 31 106 12.739789546395498
8 31 107 12.830139671160818
8 31 108 12.841526369964075
8 31 109 12.656870381002957
8 31 110 12.612276362073946
8 31 111 12.839248957748586
8 31 112 12.968643273665638
8 31 113 12.939138297788089
8 31 114 12.801006030515511
8 31 115 12.599973634361493
8 31 116 12.962301675027119
8 31 117 12.84884451353345
8 31 118 12.850939915570905
8 31 119 12.590770048202126
8 31 120 12.854808153495844
8 31 121 12.940709687561197
8 31 122 12.868247773606303
8 31 123 12.78712251351669
8 31 124 12.752539078154292
8 31 125 12.929096659690943
8 31 126 12.960436755466437
8 31 127 12.999148298697953
8 31 128 12.908569642611399
8 31 129 12.828831785774533
8 31 130 12.970616487932672
8 31 131 12.922107786226539
8 31 132 12.860094227304998
8 31 133 13.057782540646503
8 31 134 12.64645225605235
8 31 135 12.893637074082115
8 31 136 12.646983042637316
8 31 137 12.799553781860574
8 31 138 12.763845783381234
8 31 139 12.955550837110898
8 31 140 12.829173499983282
8 31 141 12.951247310399161
8 31 142 13.01501678628309
8 31 143 12.934540581999334
8 31 144 13.077924638191035
8 31 145 12.820402737763542
8 31 146 12.827154350965397
8 31 147 12.735706724703663
8 31 148 12.703542045774432
8 31 149 12.781776722261458
8 31 150 12.772691419273968
8 32 19 12.883190809335526
8 32 20 12.667377289528613
8 32 21 12.732315476188072
8 32 22 12.918130678598184
8 32 23 12.913811330308455
8 32 24 12.721781675434721
8 32 25 12.98512181600698
8 32 26 12.689120110076262
8 32 27 12.640450974474799
8 32 28 12.992243788567366
8 32 29 12.975638123008384
8 32 30 12.863698072251205
8 32 31 12.653653099653956
8 32 32 13.01277847370258
8 32 33 12.873816841394763
8 32 34 12.87477008266301
8 32 35 12.976777983979295
8 32 36 12.72727549162238
8 32 37 12.781652727160244
8 32 38 12.993689543947164
8 32 39 12.908623224193871
8 32 40 12.822630296169855
8 32 41 12.700436086868063
8 32 42 12.761929210905707
8 32 43 12.77807414522446
8 32 44 12.81506377683842
8 32 45 12.905416562905666
8 32 46 12.776025599392103
8 32 47 12.978316370231418
8 32 48 12.881118626447726
8 32 49 12.854736454422412
8 32 50 12.609894299192243
8 32 51 12.879859403920381
8 32 52 12.862369785965152
8 32 53 12.731617906684681
8 32 54 12.83776915717953
8 32 55 12.930354663977722
8 32 56 12.967790531944747
8 32 57 12.96596961583051
8 32 58 12.90666590962078
8 32 59 12.723529618533458
8 32 60 12.906029508996955
8 32 61 12.608807022440795
8 32 62 12.6083770646267
8 32 63 12.6154593235295
8 32 64 12.937879328719138
8 32 65 12.836673184457634
8 32 66 12.980693838296727
8 32 67 12.942326510215645
8 32 68 12.675047115611664
8 32 69 12.74421013715285
8 32 70 13.039113911211707
8 32 71 12.94708151456844
8 32 72 12.991525059023473
8 32 73 12.851789781842033
8 32 74 12.669081179712432
8 32 75 12.974139789648138
8 32 76 12.785301341211577
8 32 77 12.842228313398673
8 32 78 12.863309799321868
8 32 79 13.04216254953555
8 32 80 12.863767059828529
8 32 81 12.824921375381516
8 32 82 12.756263713224124
8 32 83 12.861367628293612
8 32 84 12.673900560192417
8 32 85 12.759859652997747
8 32 86 12.831806261372417
8 32 87 12.930059751447649
8 32 88 12.79837963554407
8 32 89 12.977081472961878
8 32 90 12.737968264979337
8 32 91 12.851525887837562
8 32 92 12.768018221252714
8 32 93 12.831876252047174
8 32 94 12.75689929667372
8 32 95 13.001992651631708
8 32 96 12.71572312969415
8 32 97 12.961439179309949
8 32 98 12.804742760455452
8 32 99 12.972210769259132
8 32 100 13.004877105332831
8 32 101 13.222560060209533
8 32 102 12.838340192372351
8 32 103 12.784244858240243
8 32 104 12.806074946379814
8 32 105 12.79605188619031
8 32 106 12.850466290922617
8 32 107 12.871213214733684
8 32 108 12.96806274915042
8 32 109 12.94688813223169
8 32 110 12.659754418816268
8 32 111 12.999719937216433
8 32 112 12.948033901070751
8 32 113 13.032040174160242
8 32 114 12.96069341936168
8 32 115 12.900079187719447
8 32 116 13.026167418769164
8 32 117 12.902724992466718
8 32 118 12.756314113322956
8 32 119 12.745521351986497
8 32 120 12.720237138966226
8 32 121 13.219487896340453
8 32 122 12.87538000671999
8 32 123 12.944386759066138
8 32 124 12.919637345769708
8 32 125 12.827541136477521
8 32 126 12.73095341371546
8 32 127 12.846777729702664
8 32 128 13.00754786484807
8 32 129 12.676351789345276
8 32 130 12.741071145597365
8 32 131 12.863539863169246
8 32 132 12.832170953707761
8 32 133 12.865494348619709
8 32 134 12.785870392661746
8 32 135 12.8594852628682
8 32 136 12.833614767531456
8 32 137 12.793690060528064
8 32 138 12.95712139839266
8 32 139 12.86024863061926
8 32 140 12.729386090366647
8 32 141 12.797529291713312
8 32 142 12.77708859179922
8 32 143 12.788007944126424
8 32 144 12.753461965528906
8 32 145 12.802967449260963
8 32 146 12.607695174935337
8 32 147 12.532079575433249
8 32 148 12.810352461904328
8 32 149 12.84800607823532
8 32 150 12.812602582027178
8 33 18 13.026917168144601
8 33 19 13.007768892302396
8 33 20 13.03112833490956
8 33 21 12.836409075906317
8 33 22 12.933206303218945
8 33 23 12.941341464378768
8 33 24 12.807030659412295
8 33 25 12.739259325195832
8 33 26 12.913262295995512
8 33 27 12.901777600535413
8 33 28 12.719819217497482
8 33 29 12.910084487058636
8 33 30 12.767242519536481
8 33 31 12.966861598573235
8 33 32 12.935390484689748
8 33 33 12.850481670809279
8 33 34 12.849564631220344
8 33 35 12.931885252817116
8 33 36 12.751564034826835
8 33 37 12.770038114436204
8 33 38 12.958235318872127
8 33 39 12.666465635752997
8 33 40 12.894070261964591
8 33 41 12.911110499745698
8 33 42 13.055656334642766
8 33 43 12.991805322058323
8 33 44 12.718306553357122
8 33 45 12.714967439307312
8 33 46 12.693973272069597
8 33 47 12.768578789645652
8 33 48 12.887176675742221
8 33 49 12.641993430255356
8 33 50 12.876144030575366
8 33 51 12.826075426056502
8 33 52 12.856513391114724
8 33 53 12.592745979213163
8 33 54 12.710393888230648
8 33 55 13.009055480474089
8 33 56 12.881133420206108
8 33 57 12.689048833071011
8 33 58 12.708157839435131
8 33 59 12.97487531678078
8 33 60 12.926905020719598
8 33 61 12.8539658721258
8 33 62 12.78459336286208
8 33 63 13.044016168123612
8 33 64 12.69612508817397
8 33 65 12.734841104251892
8 33 66 12.821741939408064
8 33 67 12.719626189913868
8 33 68 12.859545827927334
8 33 69 12.701403265281483
8 33 70 12.773005615182601
8 33 71 12.817685450743442
8 33 72 12.839752376737126
8 33 73 12.706413368069036
8 33 74 12.959141719304913
8 33 75 12.635089450407607
8 33 76 12.754405428474152
8 33 77 12.890023550000787
8 33 78 12.945663877122094
8 33 79 12.874903875923533
8 33 80 12.932068540184098
8 33 81 12.864493358169847
8 33 82 12.878082534834862
8 33 83 13.00651401497847
8 33 84 12.59629629092943
8 33 85 12.93591051592042
8 33 86 12.874780616406412
8 33 87 12.810268350208911
8 33 88 12.831876445949076
8 33 89 12.624136263546415
8 33 90 12.938476555562824
8 33 91 12.705272598251172
8 33 92 12.981626664851827
8 33 93 12.757286450661008
8 33 94 12.657345554909737
8 33 95 12.825154610928115
8 33 96 12.823669226812731
8 33 97 12.872551220848123
8 33 98 12.952038491774841
8 33 99 13.033411797567448
8 33 100 12.983583417658028
8 33 101 12.798688283536633
8 33 102 12.990444049911137
8 33 103 12.686644036349007
8 33 104 13.08378284627771
8 33 105 12.907755179463932
8 33 106 12.797776625092181
8 33 107 12.76101870256419
8 33 108 12.790242586802515
8 33 109 13.045465338978765
8 33 110 12.778505981628008
8 33 111 12.891837748253801
8 33 112 12.68866174003985
8 33 113 12.993306947806811
8 33 114 13.097449916330444
8 33 115 12.813227172951818
8 33 116 12.898901530854001
8 33 117 12.886797572093858
8 33 118 13.026518369847524
8 33 119 12.760820448952256
8 33 120 12.866358747113985
8 33 121 12.72703709481169
8 33 122 12.763209170278703
8 33 123 12.676941512030941
8 33 124 12.719734556473844
8 33 125 12.91550158733732
8 33 126 12.84978458829451
8 33 127 13.028178785163075
8 33 128 12.926190621051866
8 33 129 12.769573769991002
8 33 130 12.951403803906718
8 33 131 13.052172791744841
8 33 132 13.090277941454177
8 33 133 12.886284906450463
8 33 134 12.886194035391885
8 33 135 12.867657201561581
8 33 136 12.664123899465002
8 33 137 12.808760452069272
8 33 138 13.033577277517088
8 33 139 12.85337392966431
8 33 140 12.611420823811233
8 33 141 12.906310601211521
8 33 142 12.855898949185946
8 33 143 12.845477601377889
8 33 144 12.624163137645876
8 33 145 12.970053252468977
8 33 146 12.655871272230597
8 33 147 12.939496613301408
8 33 148 12.917674202037286
8 33 149 13.070607219332445
8 33 150 12.884622772584418
8 34 18 12.546696762247162
8 34 19 13.053800176805545
8 34 20 12.973387487714142
8 34 21 12.809637967294494
8 34 22 12.940905825627947
8 34 23 12.967171682953015
8 34 24 12.83501249530927
8 34 25 12.895809786606502
8 34 26 12.788755180381342
8 34 27 12.634796322399962
8 34 28 12.59981168871511
8 34 29 12.734518064130901
8 34 30 13.075825595434651
8 34 31 12.773386223657937
8 34 32 12.70271202002666
8 34 33 12.75599818052713
8 34 34 12.701049368148093
8 34 35 12.684911008604328
8 34 36 12.765420451712664
8 34 37 12.7646976392594
8 34 38 13.050955226611805
8 34 39 12.941524442366507
8 34 40 12.732098755682472
8 34 41 12.897767319832957
8 34 42 12.89901661715275
8 34 43 13.047484968916258
8 34 44 13.057521254273265
8 34 45 12.70556395263765
8 34 46 13.098642688039588
8 34 47 12.866722315711717
8 34 48 12.944990746303215
8 34 49 12.638932819581864
8 34 50 12.708838196918526
8 34 51 13.027041770516949
8 34 52 12.74038966093059
8 34 53 12.816843546328364
8 34 54 12.891415720628851
8 34 55 12.846617428772246
8 34 56 12.719638368358494
8 34 57 12.969271633196636
8 34 58 13.0764034299529
8 34 59 12.841258291731954
8 34 60 12.80700278412942
8 34 61 13.00713144032606
8 34 62 12.829991839746944
8 34 63 12.553678275533818
8 34 64 12.77393144013573
8 34 65 12.835384939687996
8 34 66 12.84155254699253
8 34 67 12.80979549109844
8 34 68 12.816554975867598
8 34 69 13.071861388405342
8 34 70 12.834590395241875
8 34 71 12.885451649865438
8 34 72 12.87127812951135
8 34 73 12.73267145768276
8 34 74 12.795413184169254
8 34 75 12.684830709221067
8 34 76 13.111553366083644
8 34 77 12.78131846188334
8 34 78 12.832333614859353
8 34 79 12.93395044168878
8 34 80 12.758024837565175
8 34 81 12.806785639274834
8 34 82 13.041046572689952
8 34 83 12.799565970460007
8 34 84 12.786562364893774
8 34 85 12.710036077076891
8 34 86 12.916417647910476
8 34 87 12.953852372491928
8 34 88 13.009260324021419
8 34 89 12.772480692389353
8 34 90 12.80110635055983
8 34 91 12.929429919644129
8 34 92 12.761054675036723
8 34 93 12.8237123051203
8 34 94 12.646424535395985
8 34 95 12.76454742205627
8 34 96 12.899762922854775
8 34 97 12.698329471791443
8 34 98 12.794396743459354
8 34 99 12.856059599275543
8 34 100 13.008744600193506
8 34 101 12.767464149308744
8 34 102 12.854279620165453
8 34 103 12.967386489628698
8 34 104 12.808849527082668
8 34 105 12.86916098399502
8 34 106 12.742506893417655
8 34 107 12.86444122070576
8 34 108 12.895619995856508
8 34 109 12.70430430305877
8 34 110 12.917141075131209
8 34 111 12.728121965076044
8 34 112 12.950787180362962
8 34 113 12.8771014444515
8 34 114 12.710957704740673
8 34 115 12.764869832481233
8 34 116 12.861910256251868
8 34 117 12.613042233720579
8 34 118 12.802792454029213
8 34 119 12.8599595018793
8 34 120 12.754455889416061
8 34 121 12.828279746972814
8 34 122 12.983031292870887
8 34 123 12.75263420816113
8 34 124 12.9145829647745
8 34 125 12.877103292240891
8 34 126 12.810435622637335
8 34 127 13.001764413780236
8 34 128 12.945063306405144
8 34 129 13.099923987441823
8 34 130 12.94299135210268
8 34 131 12.815793425638415
8 34 132 12.908584379940761
8 34 133 12.943217257236757
8 34 134 12.782141751745813
8 34 135 12.768652346058563
8 34 136 12.783562461854386
8 34 137 13.074099692015395
8 34 138 12.891152543880422
8 34 139 12.713574299184907
8 34 140 12.990630666494859
8 34 141 12.723255279497033
8 34 142 12.967856168521624
8 34 143 12.830552986664918
8 34 144 12.95587315167992
8 34 145 12.932102483249169
8 34 146 12.78759562427551
8 34 147 12.911223918261005
8 34 148 12.579079361908057
8 34 149 12.886236637646721
8 34 150 12.67339799296712
8 35 17 12.855811482571703
8 35 18 12.718957212316298
8 35 19 12.884989322127907
8 35 20 12.85551220749856
8 35 21 12.699833648741906
8 35 22 12.91489054229779
8 35 23 13.049730850417497
8 35 24 13.019868193613059
8 35 25 12.868548709925133
8 35 26 12.92034014118628
8 35 27 12.617690916062385
8 35 28 12.733169437716036
8 35 29 12.788799236634734
8 35 30 12.880549804493011
8 35 31 12.897575998929463
8 35 32 12.79094071542757
8 35 33 13.057490157301205
8 35 34 12.991221996450108
8 35 35 12.887110078099074
8 35 36 12.73248165201175
8 35 37 13.0686138734423
8 35 38 12.742854616902301
8 35 39 12.727957758845843
8 35 40 12.818414064547326
8 35 41 12.81971260898689
8 35 42 12.77416967178961
8 35 43 12.923437384733258
8 35 44 12.696414120864553
8 35 45 12.804964374742962
8 35 46 12.955149435066536
8 35 47 12.952608583195456
8 35 48 12.843811271484201
8 35 49 12.797072103392148
8 35 50 12.925201235306435
8 35 51 12.933003555135798
8 35 52 13.141346540080859
8 35 53 13.129280653734126
8 35 54 12.891972086575322
8 35 55 12.798122928070715
8 35 56 12.853781799098053
8 35 57 12.879206475862386
8 35 58 12.983822497419592
8 35 59 12.893777820823225
8 35 60 12.95364320033996
8 35 61 13.170439505715416
8 35 62 12.816155542852064
8 35 63 12.930620329887162
8 35 64 12.943455170905672
8 35 65 12.768130973643485
8 35 66 12.714405211775986
8 35 67 12.894147913977347
8 35 68 12.99024316168239
8 35 69 12.792669071474887
8 35 70 13.03432963998972
8 35 71 12.738044576402134
8 35 72 12.872341356396172
8 35 73 12.690021923158778
8 35 74 12.740674830416209
8 35 75 12.865746397473936
8 35 76 13.026291704356943
8 35 77 12.961420446046878
8 35 78 12.788868296342962
8 35 79 12.804457891057769
8 35 80 13.09988238807513
8 35 81 12.966759153200966
8 35 82 12.993614547685247
8 35 83 12.845994055447838
8 35 84 12.933162382590465
8 35 85 12.827067566293108
8 35 86 12.932187105836444
8 35 87 12.825498901678953
8 35 88 12.938921655817259
8 35 89 12.949496964628533
8 35 90 12.865684732657037
8 35 91 12.8907186043868
8 35 92 12.97081134115338
8 35 93 12.778454949408665
8 35 94 13.080954602287003
8 35 95 13.065662924977518
8 35 96 12.795593278140002
8 35 97 12.687538394949492
8 35 98 12.801272941466697
8 35 99 12.697199361386263
8 35 100 12.99108890891254
8 35 101 12.790387342373968
8 35 102 12.883358554381783
8 35 103 12.733404396915137
8 35 104 12.761685661725819
8 35 105 12.90271568287957
8 35 106 13.067505574472744
8 35 107 12.821671148113243
8 35 108 13.006866475949243
8 35 109 12.804671414585382
8 35 110 12.879720266716825
8 35 111 12.93049880771386
8 35 112 12.65788774497247
8 35 113 12.662822097910485
8 35 114 12.880612396738057
8 35 115 13.01310595908075
8 35 116 12.68598777747158
8 35 117 12.936068428697116
8 35 118 12.854894823553199
8 35 119 12.771531329469266
8 35 120 12.736738390595066
8 35 121 13.01065606897653
8 35 122 12.902381415604731
8 35 123 12.87656565432935
8 35 124 12.890988044211523
8 35 125 12.95466153548665
8 35 126 12.960731991729105
8 35 127 12.837335270595384
8 35 128 12.80904819928261
8 35 129 13.111918186944548
8 35 130 12.8255473937912
8 35 131 12.872351772745077
8 35 132 12.77273306844791
8 35 133 12.795086289547225
8 35 134 12.825538551869485
8 35 135 12.98649145553842
8 35 136 12.889276831036522
8 35 137 12.752852714538378
8 35 138 12.94208987438108
8 35 139 12.886210621754561
8 35 140 12.577439102830501
8 35 141 12.95508206826414
8 35 142 12.891561698034424
8 35 143 12.98520556124308
8 35 144 12.921709697708966
8 35 145 12.766140171131074
8 35 146 12.930580363053352
8 35 147 12.874540470098482
8 35 148 12.810158029570513
8 35 149 12.83919252738316
8 35 150 12.731076186348476
8 36 17 12.609443338306292
8 36 18 12.847623162355326
8 36 19 12.781522516168506
8 36 20 12.700656844515867
8 36 21 13.070836208051967
8 36 22 12.95026581533858
8 36 23 12.89251475700588
8 36 24 12.580878476504832
8 36 25 12.94455015059866
8 36 26 12.907379425246004
8 36 27 12.765543152765392
8 36 28 12.975507992396714
8 36 29 12.85836628838093
8 36 30 12.748245514809314
8 36 31 12.78366171358681
8 36 32 12.960989548904337
8 36 33 12.998759141783792
8 36 34 12.890212031312167
8 36 35 12.85200409185709
8 36 36 12.740522607945438
8 36 37 12.800682771095449
8 36 38 12.78464790722719
8 36 39 12.788253677794193
8 36 40 12.930056594544912
8 36 41 12.75662144528125
8 36 42 12.844547715214016
8 36 43 12.920102088477776
8 36 44 12.805017694935723
8 36 45 12.796630517136117
8 36 46 13.012452641891251
8 36 47 12.847587535372396
8 36 48 13.06182987256459
8 36 49 12.856510758577018
8 36 50 12.76382706503347
8 36 51 12.681426955553867
8 36 52 12.72616581762639
8 36 53 13.09173405864971
8 36 54 12.863074085768607
8 36 55 12.824935757109907
8 36 56 13.014265463957173
8 36 57 12.785656991494053
8 36 58 12.697267866600269
8 36 59 12.736388162671242
8 36 60 12.881911755680115
8 36 61 12.926116313575262
8 36 62 12.91934890744986
8 36 63 12.990386347323973
8 36 64 12.963794934755143
8 36 65 12.872392168663055
8 36 66 12.607294482860608
8 36 67 12.964530872666614
8 36 68 12.858826235904253
8 36 69 12.790100847630253
8 36 70 12.774816510552583
8 36 71 12.851182699255784
8 36 72 13.016342440340987
8 36 73 12.927658366390435
8 36 74 12.982219602126511
8 36 75 12.690368951748015
8 36 76 12.829415297545424
8 36 77 12.602719301473277
8 36 78 13.030071708450752
8 36 79 12.945944229067953
8 36 80 12.821895689713951
8 36 81 13.027539514696215
8 36 82 12.948861935997272
8 36 83 12.850440629921433
8 36 84 12.97460619119453
8 36 85 13.099666592303375
8 36 86 12.779867618387756
8 36 87 13.068194817965418
8 36 88 12.746562323794121
8 36 89 12.72940873259169
8 36 90 12.759823993002383
8 36 91 12.884172319375693
8 36 92 13.124888139529515
8 36 93 12.980538053837913
8 36 94 12.860104743045836
8 36 95 12.828646447303369
8 36 96 12.750178136859667
8 36 97 12.874414962953429
8 36 98 12.797816177740437
8 36 99 12.884730528932371
8 36 100 12.876377595941163
8 36 101 13.036454803750638
8 36 102 13.029529848612752
8 36 103 12.97671403925394
8 36 104 12.86272099573974
8 36 105 12.772010163768432
8 36 106 12.779998622182006
8 36 107 12.678039247792944
8 36 108 12.739622354173619
8 36 109 12.899914317162967
8 36 110 13.187974260599011
8 36 111 12.946711421364444
8 36 112 12.816229907179128
8 36 113 12.975628126420762
8 36 114 13.078254445678747
8 36 115 12.755234418708223
8 36 116 13.007303021821167
8 36 117 13.070991496893539
8 36 118 12.862468112415733
8 36 119 12.743021073793198
8 36 120 12.869144061101629
8 36 121 12.568425886370454
8 36 122 12.87388087438797
8 36 123 12.872741787917086
8 36 124 12.874004107652517
8 36 125 12.744591510247687
8 36 126 12.848094359876205
8 36 127 13.038650977770914
8 36 128 13.170552689337487
8 36 129 12.840286036821164
8 36 130 12.585431985655283
8 36 131 12.734745754016002
8 36 132 12.746417065266597
8 36 133 12.824730945602154
8 36 134 13.011791076485695
8 36 135 13.058374661828761
8 36 136 12.91083629988146
8 36 137 12.63101451638247
8 36 138 12.705673604514745
8 36 139 12.936333104135356
8 36 140 12.702647119101952
8 36 141 12.938951665797878
8 36 142 12.95955415338103
8 36 143 12.705830248012392
8 36 144 13.041523897307014
8 36 145 12.742748764670463
8 36 146 12.742386069470092
8 36 147 12.753712553444318
8 36 148 12.870063595717822
8 36 149 12.669838180277665
8 36 150 13.040620502348709
8 37 16 12.859331833064292
8 37 17 12.81440283113747
8 37 18 12.98591017932753
8 37 19 12.933500793415941
8 37 20 12.824389173735808
8 37 21 12.992991510355658
8 37 22 12.750349222585006
8 37 23 12.814883609070606
8 37 24 12.894791106298886
8 37 25 12.973460520858888
8 37 26 12.770265674254413
8 37 27 12.749640564207715
8 37 28 12.920836798031162
8 37 29 12.818126096087896
8 37 30 12.800061389596433
8 37 31 12.935802851642672
8 37 32 12.727036579911095
8 37 33 12.853765451355377
8 37 34 12.867917603756768
8 37 35 12.935925183981483
8 37 36 12.849713806184303
8 37 37 12.983280696620268
8 37 38 12.956981219436052
8 37 39 12.936621152473327
8 37 40 12.83401565567872
8 37 41 12.894441944041755
8 37 42 12.857859522877922
8 37 43 12.888896875625374
8 37 44 12.952153519932342
8 37 45 12.92078797957393
8 37 46 12.748203466692832
8 37 47 12.792923509197571
8 37 48 12.798477025048504
8 37 49 12.76096175813036
8 37 50 12.958758066213678
8 37 51 12.837261896053572
8 37 52 12.712582788870714
8 37 53 12.920902089012884
8 37 54 12.553698391615903
8 37 55 12.807498087659802
8 37 56 12.800877963204316
8 37 57 13.1545985135816
8 37 58 12.71744347120464
8 37 59 12.835300345123175
8 37 60 12.788651027781553
8 37 61 12.642247134005089
8 37 62 12.695760376465062
8 37 63 12.592929815292502
8 37 64 12.831262753306717
8 37 65 12.664141909732763
8 37 66 12.859589217419947
8 37 67 12.734931039080013
8 37 68 12.755869960176954
8 37 69 12.899036109108753
8 37 70 12.797426102754999
8 37 71 12.815599687142507
8 37 72 12.84721959995276
8 37 73 12.751024571390799
8 37 74 12.767911572744381
8 37 75 13.002776934336767
8 37 76 12.962964557665702
8 37 77 12.750272222633365
8 37 78 12.730238852041635
8 37 79 12.771492203924563
8 37 80 12.875861109897931
8 37 81 12.822863456971767
8 37 82 12.831623117484746
8 37 83 12.796612358955585
8 37 84 12.734493234560588
8 37 85 12.905502166662885
8 37 86 12.803095745236337
8 37 87 12.807343226857759
8 37 88 12.968048925370779
8 37 89 12.697349485279146
8 37 90 12.99730678760131
8 37 91 12.821902772243872
8 37 92 12.975338197331668
8 37 93 12.996712469929719
8 37 94 12.92848565802793
8 37 95 12.761264104222722
8 37 96 12.80617416729672
8 37 97 12.911678893208466
8 37 98 12.803706698314118
8 37 99 12.603272864576214
8 37 100 12.886410778874943
8 37 101 12.925790262267178
8 37 102 12.562654973140267
8 37 103 12.745023145238026
8 37 104 12.739128525397394
8 37 105 12.762528385667714
8 37 106 13.007122817426993
8 37 107 12.857397569389228
8 37 108 12.912836933689618
8 37 109 12.849652841945893
8 37 110 12.717894123379224
8 37 111 12.865035246682213
8 37 112 12.88710766325626
8 37 113 12.997695057719133
8 37 114 12.973531210900763
8 37 115 12.764172884580367
8 37 116 12.963328265021666
8 37 117 12.664466467370197
8 37 118 12.731588390414347
8 37 119 12.750974980146863
8 37 120 12.893263515658887
8 37 121 12.90655894127253
8 37 122 12.831368700045566
8 37 123 12.790600492957331
8 37 124 12.811061847995099
8 37 125 12.900793888232316
8 37 126 12.737359816824066
8 37 127 12.787645657457874
8 37 128 12.706067101908193
8 37 129 12.731746279140147
8 37 130 12.931055342614522
8 37 131 12.968315729388161
8 37 132 13.027321509077552
8 37 133 12.737545477359799
8 37 134 12.766065945479797
8 37 135 12.824993445957563
8 37 136 12.904300581167846
8 37 137 13.0291504615545
8 37 138 12.951187149348396
8 37 139 12.830612422012498
8 37 140 12.729736614479027
8 37 141 12.794008455161842
8 37 142 12.925418695354391
8 37 143 12.946151689393655
8 37 144 13.004032495498624
8 37 145 12.887376509019317
8 37 146 12.636815021260842
8 37 147 12.84000216753467
8 37 148 12.53562349115759
8 37 149 12.713430780169162
8 37 150 12.837643231494102
8 38 16 12.990800750202531
8 38 17 12.723911376629493
8 38 18 12.824893344688128
8 38 19 12.585011850710615
8 38 20 12.931735858739824
8 38 21 13.039016243054487
8 38 22 12.888293498935225
8 38 23 12.78301209964307
8 38 24 13.025098557778772
8 38 25 12.784952975027428
8 38 26 12.792632211013503
8 38 27 12.896986579646095
8 38 28 12.716774857122935
8 38 29 12.774829010931528
8 38 30 12.650348919189245
8 38 31 12.867900916610527
8 38 32 12.908560825943024
8 38 33 13.027629849718574
8 38 34 12.787786524067812
8 38 35 12.916693213538602
8 38 36 12.816389681757299
8 38 37 12.944806821706091
8 38 38 12.707706924257103
8 38 39 12.999132665401307
8 38 40 12.892887351351359
8 38 41 12.72358565220156
8 38 42 12.885246141037557
8 38 43 12.833051833456041
8 38 44 12.785065116543176
8 38 45 13.165812295248715
8 38 46 12.93892884876371
8 38 47 13.033142055812965
8 38 48 12.6713588496986
8 38 49 12.73069826083263
8 38 50 12.734041545562517
8 38 51 12.98914339489382
8 38 52 12.878237397486682
8 38 53 12.97699815653762
8 38 54 12.838218247651595
8 38 55 12.686319739372996
8 38 56 12.905492116472546
8 38 57 12.899531140218556
8 38 58 12.869409094926436
8 38 59 12.871123252916368
8 38 60 12.874724177193979
8 38 61 12.941437212884498
8 38 62 12.91805426584333
8 38 63 12.824893869450518
8 38 64 12.881549030398165
8 38 65 12.840717881748045
8 38 66 12.89810218496063
8 38 67 12.96113161483078
8 38 68 12.954117890361877
8 38 69 12.599448229992406
8 38 70 12.988758349421161
8 38 71 12.685732544488484
8 38 72 12.84048286917199
8 38 73 12.715951459035606
8 38 74 12.906174646464521
8 38 75 12.914943425759795
8 38 76 12.840582376351982
8 38 77 12.848742248740772
8 38 78 12.852232277647722
8 38 79 12.703652145865997
8 38 80 12.961841981538734
8 38 81 12.91713180352349
8 38 82 12.838297767480695
8 38 83 12.846904609286534
8 38 84 12.834786805923494
8 38 85 12.756150821055721
8 38 86 12.955198334804809
8 38 87 12.764639342681143
8 38 88 12.893075808973254
8 38 89 12.747919404980617
8 38 90 12.725400191736423
8 38 91 13.084513791385191
8 38 92 12.931245465833399
8 38 93 12.96065536301944
8 38 94 12.901550410883276
8 38 95 12.96272385748875
8 38 96 12.821504339314291
8 38 97 12.992444857158977
8 38 98 12.799057395642631
8 38 99 12.740732614708449
8 38 100 12.967020617827615
8 38 101 12.50067293571336
8 38 102 12.919820482041917
8 38 103 12.82417762290999
8 38 104 12.847485808465093
8 38 105 12.749060197799444
8 38 106 12.580227870810877
8 38 107 12.923208620251447
8 38 108 12.670048921212063
8 38 109 12.878412408609528
8 38 110 12.886370230671462
8 38 111 13.107168434583137
8 38 112 12.833233413644379
8 38 113 12.82887868559994
8 38 114 12.92864803795718
8 38 115 12.869350108294675
8 38 116 12.688687587062818
8 38 117 12.762870465650055
8 38 118 12.803280824424283
8 38 119 12.96002543285005
8 38 120 12.788013085935205
8 38 121 12.820989690789597
8 38 122 12.754638406653985
8 38 123 12.821574019053417
8 38 124 12.827961309887732
8 38 125 12.719966695051655
8 38 126 12.75151757264155
8 38 127 13.076891041766086
8 38 128 12.889889702061497
8 38 129 12.647341648470727
8 38 130 12.733929394270243
8 38 131 12.5986133771017
8 38 132 13.04830484080769
8 38 133 12.880272990474019
8 38 134 12.837621728034573
8 38 135 12.985779978842933
8 38 136 12.731299512757165
8 38 137 12.933017227788268
8 38 138 12.758052587101522
8 38 139 12.978055388293333
8 38 140 12.913077818489652
8 38 141 13.019706452912745
8 38 142 12.853533781280312
8 38 143 12.7554066571384
8 38 144 12.61811353904063
8 38 145 12.875888944335237
8 38 146 13.048928441892784
8 38 147 12.634972976740546
8 38 148 13.025111066322673
8 38 149 13.045882188070411
8 38 150 12.878816549622517
8 39 15 12.912160361789384
8 39 16 12.869885495601098
8 39 17 12.867042647233715
8 39 18 12.868569212278047
8 39 19 12.830425713504953
8 39 20 12.939592978410271
8 39 21 12.724137254638785
8 39 22 12.91686602839337
8 39 23 12.79682996153337
8 39 24 12.814719488010383
8 39 25 12.895761963487283
8 39 26 12.828847039594185
8 39 27 13.139750939652451
8 39 28 12.861484015680908
8 39 29 12.723276398574821
8 39 30 12.803178642231682
8 39 31 12.936282496852618
8 39 32 12.957691490986498
8 39 33 13.056461233217993
8 39 34 13.003361865629012
8 39 35 13.069490716501404
8 39 36 12.803891962626222
8 39 37 12.973447584816409
8 39 38 12.934715795073704
8 39 39 12.858760164022247
8 39 40 12.570088439833194
8 39 41 12.753808778165153
8 39 42 12.666991269505319
8 39 43 12.884484333665444
8 39 44 12.768531962188103
8 39 45 12.742731337909083
8 39 46 12.88637881842534
8 39 47 12.941479826295462
8 39 48 12.75322251304302
8 39 49 12.716729912981236
8 39 50 12.697432610457051
8 39 51 12.805620561857465
8 39 52 13.012498983678755
8 39 53 12.871887913536053
8 39 54 12.743113830423002
8 39 55 12.99804678784488
8 39 56 12.937442321873583
8 39 57 12.71099634652195
8 39 58 12.864891300636113
8 39 59 12.802140300274798
8 39 60 12.854046537024592
8 39 61 12.846091961316944
8 39 62 12.703452224578152
8 39 63 12.920110412445858
8 39 64 13.09671964983111
8 39 65 12.783029130860177
8 39 66 12.751572741489428
8 39 67 12.926396042623077
8 39 68 12.639489477302872
8 39 69 12.739353049600881
8 39 70 13.005939576202929
8 39 71 12.966167629839926
8 39 72 12.747390318378404
8 39 73 12.766210127553508
8 39 74 12.799887901939526
8 39 75 12.665859416100457
8 39 76 12.925382016325205
8 39 77 12.656942565972791
8 39 78 12.689682515527334
8 39 79 12.801113893682338
8 39 80 12.759079957824559
8 39 81 12.714297328152718
8 39 82 12.819052371499634
8 39 83 12.795169525186672
8 39 84 12.862103688453777
8 39 85 12.940254399161098
8 39 86 12.949343274485795
8 39 87 12.902997133129027
8 39 88 13.016604287653589
8 39 89 12.696331934338389
8 39 90 12.834918573883366
8 39 91 12.542763534547355
8 39 92 12.713503485214522
8 39 93 12.981892486260781
8 39 94 12.859607122331886
8 39 95 12.90624335734914
8 39 96 13.049021595591572
8 39 97 12.843842235816867
8 39 98 12.862604566548123
8 39 99 12.744104900120936
8 39 100 12.903941108049994
8 39 101 12.778160604831154
8 39 102 12.847916041932358
8 39 103 12.683689231479217
8 39 104 13.08992335122475
8 39 105 12.947155802892922
8 39 106 13.11227825785381
8 39 107 12.80090297215732
8 39 108 12.817308387006346
8 39 109 12.799414797879233
8 39 110 12.896992438263322
8 39 111 12.714096752786336
8 39 112 12.898018704494817
8 39 113 12.724985205439063
8 39 114 12.588950612805725
8 39 115 12.91087201877212
8 39 116 13.002012904086238
8 39 117 12.770239139668549
8 39 118 12.50583897265713
8 39 119 12.596658636943028
8 39 120 12.90532533035719
8 39 121 12.85993646494006
8 39 122 12.948837473670183
8 39 123 12.879392831894519
8 39 124 12.979103045946358
8 39 125 12.730506067185202
8 39 126 12.773968690200435
8 39 127 12.5221524822594
8 39 128 12.929364167329075
8 39 129 12.849030056662407
8 39 130 12.849789651291914
8 39 131 12.938784488452423
8 39 132 12.773797067461413
8 39 133 12.66444719698047
8 39 134 12.754051149642045
8 39 135 12.732191951081123
8 39 136 12.99021054105448
8 39 137 12.967441724045624
8 39 138 12.787396344133391
8 39 139 12.941254648861204
8 39 140 12.746568743277845
8 39 141 12.78885225419996
8 39 142 12.918670900524411
8 39 143 12.85414444177163
8 39 144 12.879260542900555
8 39 145 13.009567546778895
8 39 146 12.64207761079109
8 39 147 13.054491696806828
8 39 148 12.805796655142247
8 39 149 12.802542363197743
8 39 150 12.906545867742187
8 40 15 12.887363890568347
8 40 16 13.156391197933198
8 40 17 12.810725104821083
8 40 18 12.881373673734837
8 40 19 13.010556393728624
8 40 20 12.92990653170602
8 40 21 12.732313927630978
8 40 22 12.795317083620724
8 40 23 12.836349826348053
8 40 24 12.965856682515005
8 40 25 12.94317730764794
8 40 26 12.716931530797547
8 40 27 12.8818134803238
8 40 28 12.755930286978561
8 40 29 12.827199651154436
8 40 30 12.957246130544632
8 40 31 12.849458206188588
8 40 32 12.811012350754787
8 40 33 12.728847094058567
8 40 34 12.881990366901707
8 40 35 12.71653180838714
8 40 36 12.887164685916936
8 40 37 12.868152841553005
8 40 38 12.604834027986922
8 40 39 12.931723879005562
8 40 40 12.682007865204366
8 40 41 12.77393103571838
8 40 42 12.767239621223242
8 40 43 12.787538186271528
8 40 44 13.027686886779572
8 40 45 12.760490218270254
8 40 46 12.698273200045037
8 40 47 12.937961046451369
8 40 48 12.792918628712767
8 40 49 12.938180699432776
8 40 50 12.650169927853652
8 40 51 12.827177302492263
8 40 52 12.994924627256692
8 40 53 12.693993217330359
8 40 54 12.942870788865982
8 40 55 12.899778613786571
8 40 56 12.803384195370676
8 40 57 12.84509351981061
8 40 58 13.087306640261511
8 40 59 12.739631866289683
8 40 60 12.891291285568055
8 40 61 12.89091979370955
8 40 62 12.847133336019109
8 40 63 12.582776552725125
8 40 64 12.908449139384297
8 40 65 12.795053230625317
8 40 66 13.083035208456428
8 40 67 12.772774770809567
8 40 68 12.832726939405728
8 40 69 12.956888921250052
8 40 70 12.79767136050769
8 40 71 12.763217118571315
8 40 72 12.848350375797743
8 40 73 12.829258397240162
8 40 74 12.776416061819727
8 40 75 12.965719606831039
8 40 76 13.051720885421725
8 40 77 13.023954971144953
8 40 78 12.716777885055869
8 40 79 13.13763101752332
8 40 80 12.92468043224511
8 40 81 12.714046750904084
8 40 82 12.727643569769896
8 40 83 12.91774733375667
8 40 84 12.91512755590274
8 40 85 12.687912202417039
8 40 86 12.767742770913939
8 40 87 12.720769313406745
8 40 88 12.994818201963916
8 40 89 12.845519090726718
8 40 90 12.70162282784566
8 40 91 13.164221557330839
8 40 92 12.752339553014812
8 40 93 13.02081614192592
8 40 94 12.90424789862683
8 40 95 12.543594121707654
8 40 96 13.008449972085
8 40 97 12.776200758521535
8 40 98 12.782215442980977
8 40 99 12.918356974722956
8 40 100 12.720531707351638
8 40 101 12.906919172723219
8 40 102 12.812545554380607
8 40 103 12.88070555169052
8 40 104 12.767846872282005
8 40 105 12.8592800709562
8 40 106 12.736720871439802
8 40 107 12.777608983928657
8 40 108 12.728931879887876
8 40 109 12.82268248089259
8 40 110 12.836639529978607
8 40 111 12.772218833760965
8 40 112 12.777404781208368
8 40 113 12.827477074174425
8 40 114 13.092196954362816
8 40 115 12.80252728137446
8 40 116 12.75215959811863
8 40 117 12.611569366542437
8 40 118 12.899575087663706
8 40 119 12.985657791794363
8 40 120 12.705605052758528
8 40 121 13.103230846067058
8 40 122 12.946247259219403
8 40 123 12.774150789731472
8 40 124 12.687569254736458
8 40 125 12.697519974918656
8 40 126 12.746149413717413
8 40 127 13.046752602388414
8 40 128 12.756758512171823
8 40 129 12.736823657003836
8 40 130 12.871443948856697
8 40 131 12.97305614842228
8 40 132 12.796241397805465
8 40 133 12.97299217025634
8 40 134 12.932127533881841
8 40 135 12.588628858366814
8 40 136 13.099919427640664
8 40 137 12.783898883865998
8 40 138 12.722451503003946
8 40 139 12.725855385929005
8 40 140 12.879028180800608
8 40 141 12.841845935849266
8 40 142 12.856384317420618
8 40 143 12.928416795340627
8 40 144 13.066823726525627
8 40 145 12.803046825685424
8 40 146 12.881553832710749
8 40 147 12.750290140991975
8 40 148 12.761829311059982
8 40 149 12.796188052814262
8 40 150 12.956914361388595
8 41 15 12.91834648732884
8 41 16 12.816330763510091
8 41 17 12.870607112070902
8 41 18 12.85282053136638
8 41 19 12.764204798884784
8 41 20 12.737362319114668
8 41 21 12.873421259054462
8 41 22 12.715369669936864
8 41 23 13.08259362793351
8 41 24 12.74590185321842
8 41 25 12.804559427814473
8 41 26 12.813936979507444
8 41 27 13.072992676242137
8 41 28 12.835834120161447
8 41 29 12.831642305838079
8 41 30 12.891281260560653
8 41 31 12.739522763130116
8 41 32 12.917552172844987
8 41 33 13.05790210304528
8 41 34 12.889338708963141
8 41 35 12.94347398115508
8 41 36 13.002286955124951
8 41 37 12.88004603625674
8 41 38 12.75156069315097
8 41 39 12.785934904037086
8 41 40 13.058661937386905
8 41 41 12.963316704715393
8 41 42 12.819455607932692
8 41 43 12.932443441412277
8 41 44 12.885794454318189
8 41 45 12.869370200547287
8 41 46 12.743655082544493
8 41 47 12.920002435514958
8 41 48 12.865442415870666
8 41 49 12.97067547111574
8 41 50 12.998725188688718
8 41 51 12.921599844601953
8 41 52 12.940242038211348
8 41 53 12.846152114302022
8 41 54 12.930018467101315
8 41 55 13.02715960742044
8 41 56 12.718676372215693
8 41 57 12.973379880808688
8 41 58 12.744160361814034
8 41 59 12.870026409957335
8 41 60 12.813106255004463
8 41 61 12.741766978505417
8 41 62 12.503090031382966
8 41 63 12.752825506486735
8 41 64 12.559708822992647
8 41 65 12.797898577857007
8 41 66 12.80069890600585
8 41 67 12.734751916526173
8 41 68 12.692464092106844
8 41 69 12.863914715594667
8 41 70 12.961401575960974
8 41 71 13.030226159848343
8 41 72 12.820220216334917
8 41 73 12.978790292601815
8 41 74 12.901302860654424
8 41 75 12.769589381266677
8 41 76 12.79854619528804
8 41 77 12.848376906396036
8 41 78 12.810582545914292
8 41 79 12.88576087833457
8 41 80 12.889682820447723
8 41 81 12.762395721188208
8 41 82 12.971981547054881
8 41 83 12.868851275719926
8 41 84 12.973744143492592
8 41 85 12.838742580242569
8 41 86 12.757208430421578
8 41 87 12.87671187809555
8 41 88 12.758813888761372
8 41 89 12.983035301499967
8 41 90 12.765526591153499
8 41 91 12.936260213300747
8 41 92 12.746619226273634
8 41 93 12.977034568221475
8 41 94 12.906285764137385
8 41 95 12.842739620145442
8 41 96 12.828306222617432
8 41 97 12.715002225851103
8 41 98 12.917950886706471
8 41 99 12.720095157991985
8 41 100 12.640519726685437
8 41 101 12.839229325947072
8 41 102 13.030781346349245
8 41 103 12.808256967967804
8 41 104 12.638605065239519
8 41 105 13.021079827094619
8 41 106 12.823410513509575
8 41 107 12.717848476196702
8 41 108 12.76815068895453
8 41 109 12.837647384301647
8 41 110 12.931495474374069
8 41 111 12.991262932501051
8 41 112 12.889068888477707
8 41 113 12.999158689938321
8 41 114 12.876515644386096
8 41 115 12.92620954329444
8 41 116 12.83366976778054
8 41 117 12.70024719900559
8 41 118 12.949186536207163
8 41 119 12.782223600617995
8 41 120 12.898031337964124
8 41 123 12.937861886384765
8 41 124 12.882835729127478
8 41 125 12.700227521136524
8 41 126 12.720962927698459
8 41 127 12.804257043968972
8 41 128 12.918537924009653
8 41 129 12.836056514338253
8 41 130 12.743108889043338
8 41 131 12.78549433148173
8 41 132 12.821276981251787
8 41 133 12.98198351189251
8 41 134 12.83930218394602
8 41 135 12.849463533419424
8 41 136 12.875922462856726
8 41 137 12.831784693667846
8 41 138 12.772791902515795
8 41 139 12.950799103994347
8 41 140 12.84104903438639
8 41 141 12.662854573358741
8 41 142 12.779088146710421
8 41 143 12.987542260157996
8 41 144 12.823136894397889
8 41 145 13.054914266352101
8 41 146 12.953045799281737
8 41 147 12.739225636223205
8 41 148 12.632926297627566
8 41 149 12.684702279560616
8 41 150 12.7190992960238
8 42 14 12.902127397798992
8 42 15 12.972397181978677
8 42 16 12.797628828269188
8 42 17 12.652760561382694
8 42 18 13.069922997425508
8 42 19 12.76282562726264
8 42 20 12.808543805850306
8 42 21 12.874368306698003
8 42 22 12.763563390205261
8 42 23 12.837760463325823
8 42 24 12.951258905561689
8 42 25 12.7849396005204
8 42 26 12.939943303990871
8 42 27 12.774347163190729
8 42 28 13.033515335968424
8 42 29 12.656390748544611
8 42 30 12.799756087606204
8 42 31 12.803737553097886
8 42 32 12.760542254621937
8 42 33 12.804656338763959
8 42 34 12.713233172931211
8 42 35 12.927514857463791
8 42 36 12.888159982078575
8 42 37 12.840316669569255
8 42 38 12.879466440641462
8 42 39 12.746903854251462
8 42 40 12.888978501698807
8 42 41 12.769749426894915
8 42 42 12.78576475479044
8 42 43 12.826203920003145
8 42 44 12.851796437849512
8 42 45 12.870784549932857
8 42 46 12.686975034689652
8 42 47 12.988594047931624
8 42 48 12.911000618425428
8 42 49 12.681216098119572
8 42 50 12.625031056132107
8 42 51 12.927157343428236
8 42 52 12.856423244721565
8 42 53 12.756233245918093
8 42 54 12.912546473413688
8 42 55 13.045778474340826
8 42 56 12.836422521552102
8 42 57 12.77930605993293
8 42 58 12.836048441768517
8 42 59 12.97643381330209
8 42 60 12.972484545511783
8 42 61 12.79099442386257
8 42 62 12.92739415300935
8 42 63 12.92259171492572
8 42 64 12.872844664876807
8 42 65 12.762886477136929
8 42 66 12.97967193651714
8 42 67 13.02912193364594
8 42 68 12.681276487823041
8 42 69 12.680265912255186
8 42 70 12.951599321519131
8 42 71 12.78076941766247
8 42 72 12.843606575885573
8 42 73 12.704613710012955
8 42 74 12.895149593479399
8 42 75 12.73321238877623
8 42 76 12.8932628323878
8 42 77 12.966309195797022
8 42 78 12.890399847780134
8 42 79 12.898726193647516
8 42 80 12.785292054664918
8 42 81 12.830086986810272
8 42 82 12.968910347037019
8 42 83 12.806389710882833
8 42 84 12.773602637450113
8 42 85 13.089927013109682
8 42 86 12.811484380618973
8 42 87 12.741174343728622
8 42 88 12.588690652377917
8 42 89 12.849605856835318
8 42 90 12.75218020211978
8 42 91 12.852213478753619
8 42 92 12.762058769558802
8 42 93 12.785598555677346
8 42 94 12.775744697408578
8 42 95 12.928351391039854
8 42 96 12.768715722949697
8 42 97 12.813266325156023
8 42 98 13.028627722115578
8 42 99 12.912655554791359
8 42 100 12.945654568217648
8 42 101 13.050141368619197
8 42 102 12.75933535270167
8 42 103 12.842408911023277
8 42 104 12.612235573434669
8 42 105 12.757025450645791
8 42 106 12.831223882739701
8 42 107 12.790836083438217
8 42 108 12.75454906404273
8 42 126 12.921419863386006
8 42 127 12.975296028824692
8 42 128 12.725133635827467
8 42 129 12.810265224884828
8 42 130 12.718260699878373
8 42 131 12.953899802015641
8 42 132 12.829913467955695
8 42 133 13.025296816563731
8 42 134 12.842252542541463
8 42 135 12.737118187402302
8 42 136 12.905117731320175
8 42 137 12.756863695464993
8 42 138 12.82479243988281
8 42 139 12.691059176388782
8 42 140 12.811875239226952
8 42 141 12.805453210530912
8 42 142 12.744078861007356
8 42 143 12.91051712978909
8 42 144 13.068981800942325
8 42 145 12.732846115849974
8 42 146 12.77638348346358
8 42 147 12.752915849820424
8 42 148 13.061284376567544
8 42 149 12.9224373579854
8 42 150 13.085242543274594
8 43 14 12.906536579173254
8 43 15 12.95030149964542
8 43 16 12.903432564291217
8 43 17 12.776817429157592
8 43 18 12.946336560608328
8 43 19 12.898954830496534
8 43 20 12.526434132634547
8 43 21 12.77876932696322
8 43 22 13.009531286120922
8 43 23 12.822134933720163
8 43 24 12.761287429836003
8 43 25 12.944123517486846
8 43 26 12.779872937495895
8 43 27 12.881990221218677
8 43 28 12.915544040316894
8 43 29 13.117510847772476
8 43 30 13.076571931426983
8 43 31 12.885129487198787
8 43 32 12.836874382475326
8 43 33 12.822805351456573
8 43 34 12.84879347426501
8 43 35 12.944603503255353
8 43 36 12.785852280945695
8 43 37 12.957187648243467
8 43 38 12.850916528320223
8 43 39 12.773267440416166
8 43 40 12.956235073780702
8 43 41 12.896391771557322
8 43 42 12.966463397964
8 43 43 12.938586607924337
8 43 44 12.790322622889109
8 43 45 12.7623444912484
8 43 46 12.990652644601735
8 43 47 12.964145614317333
8 43 48 12.858957366172568
8 43 49 12.715629980424199
8 43 50 12.858562087003275
8 43 51 12.929800854755769
8 43 52 12.795868906019486
8 43 53 12.95712388177741
8 43 54 12.866661086509712
8 43 55 12.942141379740784
8 43 56 12.696829770375194
8 43 57 12.642591823276607
8 43 58 12.819315268185248
8 43 59 12.829453157115264
8 43 60 12.727477192108
8 43 61 12.941734300788344
8 43 62 12.771122621846237
8 43 63 12.857664557870761
8 43 64 12.794564641582413
8 43 65 12.861610660314716
8 43 66 12.784915339429478
8 43 67 12.70596559672379
8 43 68 13.030334595219266
8 43 69 12.840502109868085
8 43 70 12.795765294714775
8 43 71 12.809273790247415
8 43 72 12.812657243004148
8 43 73 12.996529252061944
8 43 74 12.828674546744827
8 43 75 12.86399011107094
8 43 76 12.837314106188566
8 43 77 13.08631600781383
8 43 78 12.816553368599207
8 43 79 12.836746370882773
8 43 80 12.837950694179982
8 43 81 12.589644225076118
8 43 82 12.703827967114519
8 43 83 12.946621168165997
8 43 84 12.888670575735
8 43 85 12.694134955877619
8 43 86 12.6646923895794
8 43 87 12.875526064916942
8 43 88 12.998779568891276
8 43 89 12.885948671260302
8 43 90 12.744794690340134
8 43 91 12.763204777766385
8 43 92 12.800026866734532
8 43 93 12.70918380447188
8 43 94 12.86454181505842
8 43 95 12.683879011286141
8 43 96 13.092093231703798
8 43 97 13.00964519750255
8 43 98 13.09394703985069
8 43 99 12.819207011382142
8 43 100 12.792346479357398
8 43 101 12.817839525237018
8 43 102 12.926346410281916
8 43 103 12.732921558569217
8 43 104 12.6800168919165
8 43 105 12.821317179281943
8 43 106 13.10179838808542
8 43 107 12.902262162651185
8 43 108 12.683941598787325
8 43 129 12.871280119326304
8 43 130 12.82958088408982
8 43 131 12.878210400964845
8 43 132 12.847359115282
8 43 133 12.885193194696496
8 43 134 12.800159946585422
8 43 135 12.883855976922494
8 43 136 12.94287707894652
8 43 137 12.795076808871414
8 43 138 13.058119055745552
8 43 139 12.72379416696804
8 43 140 12.72053593906918
8 43 141 12.79983408433533
8 43 142 12.868768220721211
8 43 143 12.909237927768883
8 43 144 12.970748705696069
8 43 145 12.913896919610991
8 43 146 12.828646652959275
8 43 147 12.724923897328448
8 43 148 12.971004793231668
8 43 149 13.035195778824473
8 43 150 12.881911055556854
8 44 13 12.892291574537206
8 44 14 12.803454680513907
8 44 15 12.731027844678797
8 44 16 12.932861940034245
8 44 17 12.87105339471495
8 44 18 12.858895956096903
8 44 19 13.029051640395735
8 44 20 12.579960140286058
8 44 21 12.87407660715097
8 44 22 13.006894520489864
8 44 23 12.870424609597642
8 44 24 12.779151344088673
8 44 25 12.693329608657937
8 44 26 12.788411274437419
8 44 27 12.632380644556067
8 44 28 12.703807277330489
8 44 29 12.929594956247715
8 44 30 12.873020963954335
8 44 31 12.969409187185791
8 44 32 12.823303606481659
8 44 33 12.746868187960693
8 44 34 12.728964257747847
8 44 35 12.866527171374555
8 44 36 12.869507137710663
8 44 37 12.910480983722902
8 44 38 12.815481376423794
8 44 39 12.754110468681016
8 44 40 12.84337308224775
8 44 41 12.970927061124142
8 44 42 12.986319825066547
8 44 43 13.123592274129523
8 44 44 12.769337701250498
8 44 45 12.902903229288366
8 44 46 12.946810196865131
8 44 47 12.69179808954526
8 44 48 12.712753839226474
8 44 49 12.850997697023159
8 44 50 12.860151760856274
8 44 51 12.94995466980895
8 44 52 13.013821059888281
8 44 53 12.876464194571824
8 44 54 12.909528436867754
8 44 55 12.515342044575263
8 44 56 12.828819554721399
8 44 57 12.448802528243213
8 44 58 12.96997160181478
8 44 59 12.814874764151874
8 44 60 12.740093477030674
8 44 61 12.948943113120936
8 44 62 12.871873094505311
8 44 63 13.055504002854786
8 44 64 12.980623059243166
8 44 65 12.905102952290203
8 44 66 12.709559960452557
8 44 67 12.995811467140856
8 44 68 12.809504709447465
8 44 69 12.723752010004716
8 44 70 12.892050945065005
8 44 71 12.89925107956378
8 44 72 13.163202845302717
8 44 73 13.001950571448976
8 44 74 12.943319146825816
8 44 75 12.81996268347213
8 44 76 12.721355232006305
8 44 77 12.957835228424445
8 44 78 12.765462763496224
8 44 79 12.929350316272956
8 44 80 12.79174213305203
8 44 81 12.927133241052298
8 44 82 12.862515943864093
8 44 83 12.982267243206095
8 44 84 12.874778443777464
8 44 85 12.905019365798331
8 44 86 12.730124668246711
8 44 87 12.917323798951381
8 44 88 12.82589299050734
8 44 89 12.937600851795027
8 44 90 12.993802706986148
8 44 91 12.852524522452628
8 44 92 13.021775123606576
8 44 93 12.861704806924953
8 44 94 12.911198414586785
8 44 95 12.877554274227224
8 44 96 12.854783724135965
8 44 97 12.98963594315043
8 44 98 12.930838951771683
8 44 99 12.71936360032841
8 44 100 12.894832734629475
8 44 101 12.894045774903084
8 44 102 12.84477961645533
8 44 103 13.097329929562964
8 44 104 12.980439312880073
8 44 105 12.638453126214742
8 44 106 12.527394230399937
8 44 107 12.835515251829394
8 44 108 12.78390161008967
8 44 132 12.708449735211767
8 44 133 12.837476255699782
8 44 134 13.021386258491752
8 44 135 12.716634135786194
8 44 136 12.882537087596653
8 44 137 12.900623051001599
8 44 138 12.841050145284013
8 44 139 12.588285426816293
8 44 140 12.894104660125976
8 44 141 13.01695867254759
8 44 142 12.767636332323338
8 44 143 13.071979501401879
8 44 144 12.624458628478774
8 44 145 12.837672798564912
8 44 146 12.905022057151385
8 44 147 12.52474237436307
8 44 148 13.04816671429038
8 44 149 13.048961160310808
8 44 150 12.791214420849531
8 45 13 12.766568416021506
8 45 14 12.80914129927189
8 45 15 12.914118824464474
8 45 16 12.77510006293771
8 45 17 13.033021782438157
8 45 18 12.756311691135897
8 45 19 12.542359891056753
8 45 20 12.94671706573653
8 45 21 12.729251067857453
8 45 22 12.876490019830934
8 45 23 12.7033927013608
8 45 24 12.674585783731978
8 45 25 12.798998984167328
8 45 26 12.804528387624327
8 45 27 12.775216838311332
8 45 28 12.870489123555785
8 45 29 13.102426062000369
8 45 30 12.882295299919146
8 45 31 12.94060445686302
8 45 32 12.825908777287708
8 45 33 12.79813039391573
8 45 34 12.761160220300802
8 45 35 12.523775724218291
8 45 36 12.850467014857555
8 45 37 12.838793749365301
8 45 38 12.65247870843152
8 45 39 12.772491315001137
8 45 40 12.653776250676717
8 45 41 12.877456899734259
8 45 42 12.98348771281667
8 45 43 12.825185835136493
8 45 44 12.905924455326332
8 45 45 12.72417071304561
8 45 46 12.862988352617176
8 45 47 12.837182547531917
8 45 48 12.845643299480923
8 45 49 13.102355861460188
8 45 50 12.940537184187543
8 45 51 12.982655213022872
8 45 52 12.96095292781507
8 45 53 12.703092770072141
8 45 54 12.64326980121904
8 45 55 12.940086212413659
8 45 56 12.725052652520766
8 45 57 12.870927160574544
8 45 58 12.827497720939894
8 45 59 12.79662747387691
8 45 60 12.855806602087137
8 45 61 12.843633091470451
8 45 62 12.771663038891248
8 45 63 12.93973207655567
8 45 64 12.87764185299284
8 45 65 12.797482435227959
8 45 66 12.815566649389414
8 45 67 12.773156529294823
8 45 68 12.790968615167534
8 45 69 12.82158465980558
8 45 70 12.925415583935457
8 45 71 12.867419636367183
8 45 72 12.936073193595936
8 45 73 12.86136262117175
8 45 74 12.796938828072697
8 45 75 12.867504408641924
8 45 76 12.899978737342227
8 45 77 12.874398771734807
8 45 78 12.918682019485601
8 45 79 12.91543171349742
8 45 80 13.000910620791384
8 45 81 12.878616008457014
8 45 82 12.721288669502284
8 45 83 12.833932474785039
8 45 84 12.7414511065188
8 45 85 12.799649331250327
8 45 86 12.928076218347591
8 45 87 12.59610283095666
8 45 88 12.983849414340845
8 45 89 13.015944600279596
8 45 90 12.842576962602653
8 45 91 13.036881054369756
8 45 92 12.878428556645959
8 45 93 13.034974784839124
8 45 94 12.77884154047207
8 45 95 12.718675525902034
8 45 96 12.932199881704694
8 45 97 13.188369682254178
8 45 98 12.744962129861603
8 45 99 12.772898921689649
8 45 100 12.737829712453372
8 45 101 12.867216003814614
8 45 102 12.890842553099649
8 45 103 12.810310538091096
8 45 104 12.79183384585238
8 45 105 12.85739453448167
8 45 106 12.877295663353532
8 45 107 12.818940814923524
8 45 135 12.879882145190573
8 45 136 12.933943538671896
8 45 137 12.944716062148705
8 45 138 12.96968488891226
8 45 139 12.845664641598372
8 45 140 12.925370127582825
8 45 141 12.844800596620997
8 45 142 12.755786799464726
8 45 143 12.949493342257478
8 45 144 12.714168987017581
8 45 145 12.641621391467424
8 45 146 12.727590065002369
8 45 147 12.77655866684028
8 45 148 12.844646842212326
8 45 149 12.80499084101415
8 45 150 12.664145568911575
8 46 12 13.011375503810207
8 46 13 12.635518392578387
8 46 14 12.783752953907006
8 46 15 12.577249880798641
8 46 16 12.87564803961103
8 46 17 12.800200150861935
8 46 18 13.090777450740553
8 46 19 12.892127714137043
8 46 20 12.883182974885221
8 46 21 12.696148322056779
8 46 22 12.885615115220785
8 46 23 12.958114334344186
8 46 24 12.7379339720911
8 46 25 13.07835713570569
8 46 26 13.049711593665137
8 46 27 12.75265951224626
8 46 28 12.89441353992377
8 46 29 12.78466179923366
8 46 30 12.784147716379133
8 46 31 12.998398779792376
8 46 32 13.336602448903651
8 46 33 12.84858047496326
8 46 34 12.830165143464727
8 46 35 13.050482392061058
8 46 36 12.826615206772004
8 46 37 12.789958458727012
8 46 38 12.769397931747461
8 46 39 12.954934612275899
8 46 40 12.827605144652493
8 46 41 12.706224912478465
8 46 42 12.721289171068728
8 46 43 12.827678550105524
8 46 44 12.852532931375952
8 46 45 12.707724469104145
8 46 46 12.885118317201771
8 46 47 12.718116114870483
8 46 48 12.692044089156566
8 46 49 12.909278128218965
8 46 50 13.021627756475985
8 46 51 12.7100259852647
8 46 52 12.953342564394815
8 46 53 12.79984887536939
8 46 54 12.69485360304416
8 46 55 12.654592594430547
8 46 56 12.862043081447041
8 46 57 13.003621393991207
8 46 58 12.882242478172348
8 46 59 12.970607108627403
8 46 60 12.763535461059597
8 46 61 12.794615524838768
8 46 62 12.819134330053027
8 46 63 12.730866101564805
8 46 64 12.856174362992943
8 46 65 12.95914548607867
8 46 66 12.866992764052624
8 46 67 12.940907395750555
8 46 68 12.704594882542407
8 46 69 12.86471550091003
8 46 70 13.108276541069738
8 46 71 12.630564846557553
8 46 72 12.81566937276031
8 46 73 12.804243070445882
8 46 74 12.701958996504324
8 46 75 12.871835966703381
8 46 76 12.898955889672669
8 46 77 12.964070611398922
8 46 78 13.127492642848232
8 46 79 12.83272851808578
8 46 80 12.913421298728194
8 46 81 12.765130912827425
8 46 82 12.817145193412946
8 46 83 13.028392918855404
8 46 84 12.600332936310691
8 46 85 12.944277371376735
8 46 86 12.787520488580954
8 46 87 12.857642731535135
8 46 88 12.555738052633608
8 46 89 12.854283188891273
8 46 90 13.032655803199699
8 46 91 12.797405790297612
8 46 92 12.64752772128897
8 46 93 12.78436625842506
8 46 94 12.778119735800914
8 46 95 12.861958637104385
8 46 96 12.920790175724154
8 46 97 13.033561954230818
8 46 98 12.653422285127917
8 46 99 13.043939010306607
8 46 100 12.831393047129348
8 46 101 12.822198498327483
8 46 102 12.910076093361921
8 46 103 12.787153500690303
8 46 104 12.960017742254838
8 46 105 12.891652828112115
8 46 106 12.66956109994807
8 46 107 12.89862926931209
8 46 138 12.823833688607285
8 46 139 13.191496821378328
8 46 140 12.65714944241183
8 46 141 12.683948544076424
8 46 142 12.864899209938974
8 46 143 12.799106605853869
8 46 144 12.984438369216232
8 46 145 13.034538044200039
8 46 146 12.836702583453604
8 46 147 13.025544019756426
8 46 148 12.879610783020263
8 46 149 12.858695002505476
8 46 150 12.994111046281303
8 47 12 12.804345408173125
8 47 13 12.735423135200204
8 47 14 12.8575626531341
8 47 15 12.76087702160362
8 47 16 12.697621920750244
8 47 17 12.919696219126498
8 47 18 12.84003548855441
8 47 19 12.773145173625903
8 47 20 12.71079574011756
8 47 21 12.8259888335591
8 47 22 12.862811827835749
8 47 23 12.742124018377117
8 47 24 12.571580555634826
8 47 25 12.81448155098001
8 47 26 12.861016293005749
8 47 27 13.024421080779346
8 47 28 12.939404326177169
8 47 29 12.847057250398416
8 47 30 12.757657071235169
8 47 31 12.954824032648574
8 47 32 12.894321297291429
8 47 33 12.981952094714913
8 47 34 12.816541695961028
8 47 35 12.924950866470764
8 47 36 12.82331550397862
8 47 37 12.792684724404712
8 47 38 13.00643974096832
8 47 39 12.701243170842304
8 47 40 12.887131990189808
8 47 41 13.00563543342427
8 47 42 12.903168767425173
8 47 43 12.775678007100677
8 47 44 12.73008410593752
8 47 45 12.767248526899415
8 47 46 12.792795061800673
8 47 47 12.944114706851312
8 47 48 12.772798350210092
8 47 49 12.81911589509502
8 47 50 12.917341189427443
8 47 51 12.719122358098698
8 47 52 12.773923252198726
8 47 53 13.068724885514024
8 47 54 12.637120739108333
8 47 55 12.84435910772117
8 47 56 12.639276029486295
8 47 57 13.032299038730912
8 47 58 12.910250496485986
8 47 59 12.895071154835797
8 47 60 12.906221512608845
8 47 61 12.739069016603269
8 47 62 12.835471716003777
8 47 63 12.753649484391001
8 47 64 12.868268861353098
8 47 65 13.008295980407249
8 47 66 12.436316139558716
8 47 67 12.829820501053218
8 47 68 12.834784846137671
8 47 69 12.90966987987529
8 47 70 12.696451184935167
8 47 71 12.728876023473468
8 47 72 12.803262779341734
8 47 73 12.736005643286013
8 47 74 12.747350243795026
8 47 75 12.96515511515024
8 47 76 13.001797032727314
8 47 77 12.810130607819021
8 47 78 12.926544779752398
8 47 79 12.751478662866603
8 47 80 12.69953958176869
8 47 81 12.795413704862986
8 47 82 12.842456315218051
8 47 83 12.70093306970868
8 47 84 12.95262674126356
8 47 85 12.815774848509466
8 47 86 12.885124693538266
8 47 87 12.689806845071233
8 47 88 12.648980890200546
8 47 89 12.849225484372878
8 47 90 12.853295104087522
8 47 91 12.92590109339537
8 47 92 12.76033906041843
8 47 93 12.650376737896085
8 47 94 12.586969160594258
8 47 95 12.773027495213293
8 47 96 12.61131664057663
8 47 97 12.94991837683755
8 47 98 12.923588435288385
8 47 99 12.77160979039044
8 47 100 12.831140914673712
8 47 101 12.596315959462743
8 47 102 12.946127952968373
8 47 103 12.653905569699706
8 47 104 12.744094886990126
8 47 105 13.073494523620132
8 47 106 13.117218559403703
8 47 143 13.050418844796164
8 47 144 12.994354810450831
8 47 145 12.913901473353437
8 47 146 13.03514462466534
8 47 147 12.820077431230484
8 47 148 12.845908049026251
8 47 149 13.063166927669329
8 47 150 12.980770441958613
8 48 11 12.837409028883613
8 48 12 12.762441344387883
8 48 13 12.876406540121227
8 48 14 12.905306890265049
8 48 15 13.043174106800096
8 48 16 13.028369905007049
8 48 17 12.875590645039575
8 48 18 12.858592775086985
8 48 19 12.819736218406417
8 48 20 12.706766130669681
8 48 21 12.975403077013832
8 48 22 13.21387172639089
8 48 23 12.724476672672733
8 48 24 12.95063075443813
8 48 25 12.725597726053413
8 48 26 12.789167455120028
8 48 27 12.942086382570855
8 48 28 12.745151551399239
8 48 29 12.85219408186715
8 48 30 12.865615696525833
8 48 31 12.89259573317116
8 48 32 12.872216563539677
8 48 33 12.796047644008533
8 48 34 12.996766959086722
8 48 35 12.75450848030885
8 48 36 12.920683613697342
8 48 37 12.74046493625364
8 48 38 12.773595513263487
8 48 39 12.84892930207902
8 48 40 12.675933867554702
8 48 41 12.79120424763543
8 48 42 12.70320500828681
8 48 43 12.792680936316481
8 48 44 12.783399944257441
8 48 45 12.891406693821144
8 48 46 12.96734060068268
8 48 47 12.90463927257352
8 48 48 12.860297106867394
8 48 49 12.930694660739542
8 48 50 12.793939452599126
8 48 51 12.787979943355861
8 48 52 13.030422683312485
8 48 53 12.840253016425919
8 48 54 12.923569418690633
8 48 55 12.629929483114704
8 48 56 12.84721808919565
8 48 57 12.851872678158875
8 48 58 12.632638433160187
8 48 59 12.803477664299868
8 48 60 12.733790290598462
8 48 61 12.7082277295892
8 48 62 12.738154030984198
8 48 63 12.827379525191482
8 48 64 12.867830564285368
8 48 65 12.777398989404036
8 48 66 12.791278171810976
8 48 67 12.773858037268738
8 48 68 12.69828908141025
8 48 69 12.949547123859425
8 48 70 12.852436274540876
8 48 71 12.749603165118934
8 48 72 12.894703313399958
8 48 73 12.856611995347611
8 48 74 12.904373336351288
8 48 75 12.66769757215235
8 48 76 12.733276045385502
8 48 77 13.200838530405491
8 48 78 12.572670056483576
8 48 79 12.597894119147567
8 48 80 13.082687711107374
8 48 81 12.978425705969121
8 48 82 12.96746328240778
8 48 83 12.86802121781707
8 48 84 12.763096533303656
8 48 85 13.000166404560472
8 48 86 12.879744493475911
8 48 87 12.723391972446375
8 48 88 12.857719227685006
8 48 89 12.832809976311527
8 48 90 12.908487629294928
8 48 91 12.940561751018784
8 48 92 12.73284158958278
8 48 93 12.863240613771376
8 48 94 12.812444975171465
8 48 95 12.799859446416487
8 48 96 12.820828662967084
8 48 97 12.751051736731643
8 48 98 12.956705980698988
8 48 99 12.97047082436517
8 48 100 12.73767730179242
8 48 101 12.914203105418661
8 48 102 12.815336439450801
8 48 103 12.714109849866718
8 48 104 12.955026777896334
8 48 105 12.889416374144373
8 48 106 12.726208757858036
8 48 144 12.726971187941524
8 48 145 13.002725687562068
8 48 146 13.048985930365046
8 48 147 12.903132694381263
8 48 148 12.623660853821145
8 48 149 12.867423036271179
8 48 150 12.946563062197546
8 49 11 12.805985885944116
8 49 12 12.714705328129865
8 49 13 12.694423563547305
8 49 14 12.974868665715043
8 49 15 12.936935287128826
8 49 16 12.942925792401494
8 49 17 12.726003254881125
8 49 18 12.877402108704555
8 49 19 12.769472981857072
8 49 20 12.850044123187372
8 49 21 12.72940943448714
8 49 22 12.857341526609616
8 49 23 12.826860216100362
8 49 24 12.963103807347341
8 49 25 12.727273163798085
8 49 26 12.775895678174173
8 49 27 12.884682784423353
8 49 28 12.68870690610652
8 49 29 12.979188783045855
8 49 30 12.873453426847302
8 49 31 12.848581116783727
8 49 32 12.735710191944706
8 49 33 12.964773832756832
8 49 34 12.727073724217819
8 49 35 12.850407849319664
8 49 36 12.918122609033412
8 49 37 12.873871551214807
8 49 38 12.901932073474988
8 49 39 12.862881944541524
8 49 40 12.932619189056673
8 49 41 12.600187626932367
8 49 42 12.699912561483808
8 49 43 12.867383610925234
8 49 44 12.670546230894995
8 49 45 12.895173292121836
8 49 46 12.83017076795402
8 49 47 12.917846369605673
8 49 48 12.683791708682447
8 49 49 12.917740371288232
8 49 50 12.871505983265248
8 49 51 12.80406901754808
8 49 52 12.816273276600132
8 49 53 13.037536084003625
8 49 54 12.745970885518869
8 49 55 12.981065735430178
8 49 56 12.771592235434953
8 49 57 12.946508385518328
8 49 58 12.811641772964158
8 49 59 12.65129208289327
8 49 60 12.792984991104879
8 49 61 12.930104887329787
8 49 62 12.921597945465793
8 49 63 12.722251572228664
8 49 64 12.890618858186444
8 49 65 13.03542916065779
8 49 66 12.890332999579131
8 49 67 12.754965717985774
8 49 68 12.83456178515468
8 49 69 12.684079026049558
8 49 70 12.85747588560073
8 49 71 12.939576478074224
8 49 72 12.657964241638615
8 49 73 12.744641066411505
8 49 74 12.731885000737291
8 49 75 12.861485987146411
8 49 76 13.100485989173889
8 49 77 12.998648916910907
8 49 78 12.939819774377257
8 49 79 12.775403434850334
8 49 80 12.653069155678786
8 49 81 12.579225170615006
8 49 82 12.981819634491895
8 49 83 12.877114704162144
8 49 84 12.971100300910429
8 49 85 12.815987499253268
8 49 86 12.929227166809119
8 49 87 12.777223508064992
8 49 88 12.902221179915674
8 49 89 12.871133678524876
8 49 90 12.887329642901106
8 49 91 12.750190711044874
8 49 92 12.732521571047585
8 49 93 13.0369762934156
8 49 94 12.999322103035974
8 49 95 12.827588336388715
8 49 96 12.811860348041158
8 49 97 12.924815002885204
8 49 98 12.849310750691302
8 49 99 12.816232332635682
8 49 100 12.952445636765558
8 49 101 12.788784851991586
8 49 102 12.766219943573535
8 49 103 12.975933484704452
8 49 104 12.805052274089048
8 49 105 12.853456086695855
8 49 146 12.94086341259034
8 49 147 12.793236731823265
8 49 148 13.062516514847088
8 49 149 12.941880949783503
8 49 150 12.839362108481158
8 50 11 12.903535258796126
8 50 12 12.876441138502996
8 50 13 12.740726446509727
8 50 14 13.118439539832586
8 50 15 12.917078825287037
8 50 16 12.681073887494525
8 50 17 12.786109469110347
8 50 18 12.8367087052857
8 50 19 12.794824054725975
8 50 20 13.076447671318626
8 50 21 12.894733002334771
8 50 22 12.880224989773156
8 50 23 12.910020226524649
8 50 24 12.661098406288874
8 50 25 12.762411887890641
8 50 26 12.904213612843973
8 50 27 13.03929920458348
8 50 28 12.915850984493577
8 50 29 12.50307646971861
8 50 30 12.877263952384682
8 50 31 12.851075847819613
8 50 32 12.92973432192518
8 50 33 12.78254353905018
8 50 34 12.896351738656534
8 50 35 12.910498892467235
8 50 36 12.857371084209905
8 50 37 13.05869676583262
8 50 38 12.792415076043467
8 50 39 12.785461262003416
8 50 40 12.911874635112373
8 50 41 12.95907845905668
8 50 42 13.156621553027097
8 50 43 12.830212562312903
8 50 44 12.783010894984121
8 50 45 12.921826757373108
8 50 46 12.841311663286652
8 50 47 12.71170873289231
8 50 48 12.658363972008278
8 50 49 12.7863939726713
8 50 50 12.884439519402491
8 50 51 12.933439280438023
8 50 52 12.824523055762151
8 50 53 12.856242872871114
8 50 54 12.794885752521896
8 50 55 12.977086203136855
8 50 56 12.903851524272497
8 50 57 12.86272761962635
8 50 58 12.90907481317855
8 50 59 12.860685760472478
8 50 60 12.915183463403432
8 50 61 12.91767068080036
8 50 62 12.795275655564174
8 50 63 12.807117037251777
8 50 64 12.735883797082478
8 50 65 12.928363808755009
8 50 66 12.821563544484977
8 50 67 12.542537034366099
8 50 68 13.001105200310478
8 50 69 12.718957790227751
8 50 70 12.868312417887045
8 50 71 12.876613685648808
8 50 72 12.7794597746258
8 50 73 12.93147250314903
8 50 74 12.912446712721549
8 50 75 12.866625429294176
8 50 76 13.004061766960229
8 50 77 12.860316636079466
8 50 78 12.758123402978576
8 50 79 12.976720564958246
8 50 80 12.849946206492552
8 50 81 12.953635892736198
8 50 82 12.67897759571734
8 50 83 12.949649816446449
8 50 84 12.809435201493992
8 50 85 12.883442009302202
8 50 86 12.78686020077256
8 50 87 12.993908296429316
8 50 88 13.089762355328592
8 50 89 12.97622168399479
8 50 90 12.894307726801284
8 50 91 12.879855850924448
8 50 92 12.831548060023676
8 50 93 12.801870861322683
8 50 94 12.574941617983013
8 50 95 12.506462097534763
8 50 96 12.871329435910583
8 50 97 12.924753395046094
8 50 98 12.834925752183047
8 50 99 12.92358105787642
8 50 100 12.66221891348425
8 50 101 12.968480550864482
8 50 102 12.782701693373765
8 50 103 12.602774918741675
8 50 104 12.830702156866087
8 50 105 12.9846520732782
8 50 149 12.897745849985968
8 50 150 12.858333589400166
8 51 10 13.006115363857454
8 51 11 12.859923710218041
8 51 12 12.905506020502992
8 51 13 12.758716004483933
8 51 14 12.95052498813233
8 51 15 12.831666964375023
8 51 16 13.001387763446585
8 51 17 12.868250129698842
8 51 18 12.726925161182658
8 51 19 12.544882379031815
8 51 20 12.81113787196003
8 51 21 12.896631595449282
8 51 22 12.968065685724058
8 51 23 12.888021061802892
8 51 24 13.005408905102193
8 51 25 12.668629606939783
8 51 26 12.931365898773107
8 51 27 12.978644231691598
8 51 28 12.915045533941658
8 51 29 12.868369961455022
8 51 30 12.60279164642104
8 51 31 12.766843487139694
8 51 32 12.813790016465644
8 51 33 12.817709430962942
8 51 34 12.95143253387658
8 51 35 12.911393768435873
8 51 36 12.866193499429514
8 51 37 12.838864898135366
8 51 38 12.759128962447074
8 51 39 12.70921447053486
8 51 40 12.797037428811647
8 51 41 12.755146188595033
8 51 42 12.670126322159236
8 51 43 12.771259106817764
8 51 44 12.886879603341454
8 51 45 12.845107252337044
8 51 46 12.898919421353535
8 51 47 12.947945890635363
8 51 48 12.984162776187944
8 51 49 12.992412879851752
8 51 50 12.72196986672124
8 51 51 12.8826546693058
8 51 52 12.72520894899886
8 51 53 12.951775939653393
8 51 54 12.800914297342533
8 51 55 12.913018743687775
8 51 56 13.009834112638229
8 51 57 12.808690288309068
8 51 58 12.993483024561593
8 51 59 12.959819654376851
8 51 60 12.665888149864506
8 51 61 12.630682535275124
8 51 62 12.750468539716696
8 51 63 12.975400909979193
8 51 64 12.770244695455466
8 51 65 12.791955168775011
8 51 66 13.038048282346468
8 51 67 13.063308569644137
8 51 68 12.810944654049361
8 51 69 12.765525325419796
8 51 70 12.817683571400893
8 51 71 13.006222109166988
8 51 72 12.593176222768978
8 51 73 12.840892480872151
8 51 74 12.794031402736818
8 51 75 12.662564684241705
8 51 76 13.115023908698234
8 51 77 12.834158358613113
8 51 78 12.851132067143315
8 51 79 12.790670566148542
8 51 80 13.120106652805
8 51 81 12.964825694743967
8 51 82 12.976031778544696
8 51 83 12.956353334636878
8 51 84 12.988123863561059
8 51 85 12.690789577250824
8 51 86 12.911191480304417
8 51 87 12.646267903603006
8 51 88 12.738516716684849
8 51 89 12.894270112802594
8 51 90 12.90351907507847
8 51 91 12.91502953109905
8 51 92 12.8223500055882
8 51 93 12.774975448061827
8 51 94 12.772108801767043
8 51 95 12.61642000489018
8 51 96 12.790080516579227
8 51 97 12.837247822124537
8 51 98 12.955224380592778
8 51 99 12.83068582117255
8 51 100 13.026087447471223
8 51 101 12.78806300777613
8 51 102 12.99676134494012
8 51 103 12.734088467014049
8 51 104 12.825393499991401
8 52 10 12.866645074095851
8 52 11 12.998933950074461
8 52 12 12.997210324747648
8 52 13 12.848377597864383
8 52 14 12.426614541109863
8 52 15 12.836234978135337
8 52 16 12.760247404027817
8 52 17 12.830343613326052
8 52 18 12.851147369618799
8 52 19 12.985317605797796
8 52 20 12.780931949569847
8 52 21 12.632518468743255
8 52 22 12.986190893449633
8 52 23 12.84851198405746
8 52 24 12.897376921382156
8 52 25 12.876192246580477
8 52 26 12.806758999067398
8 52 27 12.649741570125276
8 52 28 12.737905715371756
8 52 29 12.964016052640318
8 52 30 12.700709864272255
8 52 31 12.847228810079162
8 52 32 12.765168901335821
8 52 33 12.854265652816146
8 52 34 13.023897715349776
8 52 35 12.761865564053698
8 52 36 12.917975843468252
8 52 37 12.866616841513773
8 52 38 13.163905999473355
8 52 39 12.74489325232536
8 52 40 12.660088184566872
8 52 41 12.762987527856778
8 52 42 12.946299570363015
8 52 43 12.802053181887718
8 52 44 12.776426793614846
8 52 45 12.981661268727295
8 52 46 12.901711603285976
8 52 47 12.85687618492262
8 52 48 12.835937026386688
8 52 49 12.808858368255297
8 52 50 12.752692655935729
8 52 51 12.802619788951175
8 52 52 12.812026916379226
8 52 53 12.794430602040794
8 52 54 12.996904345694018
8 52 55 12.92845705139054
8 52 56 12.934288392159557
8 52 57 12.994446443566934
8 52 58 12.828705489626156
8 52 59 12.94815289225527
8 52 60 12.94207044714938
8 52 61 12.733773904949906
8 52 62 12.853946541294004
8 52 63 12.844236807268995
8 52 64 12.728143672105965
8 52 65 12.649158272914775
8 52 66 12.713450471546816
8 52 67 12.987465958115177
8 52 68 12.682303039282912
8 52 69 12.987248243334435
8 52 70 12.725785974264069
8 52 71 12.750320766098207
8 52 72 12.842767710143782
8 52 73 12.734660806629247
8 52 74 12.696786201896856
8 52 75 12.91285209364393
8 52 76 12.951087041896189
8 52 77 12.926675707901099
8 52 78 12.776878902433669
8 52 79 12.929398649621573
8 52 80 12.777751039239263
8 52 81 12.737593313579726
8 52 82 12.807844313188598
8 52 83 12.928028168049831
8 52 84 13.05198720302652
8 52 85 12.821996107140166
8 52 86 13.173477974081475
8 52 87 12.961717867495267
8 52 88 12.809201172399709
8 52 89 12.822582223529754
8 52 90 12.835452018642613
8 52 91 12.677144437304397
8 52 92 12.795986554047033
8 52 93 13.1159896247238
8 52 94 12.927706382187317
8 52 95 12.952217624514395
8 52 96 12.747339903365493
8 52 97 12.885574754482763
8 52 98 12.70333859048583
8 52 99 12.880446681205363
8 52 100 12.922832677108039
8 52 101 12.754862965310018
8 52 102 12.651419602937525
8 52 103 12.801057087417849
8 53 9 12.872710429556768
8 53 10 12.952613917382049
8 53 11 13.009055793547144
8 53 12 12.950595526042463
8 53 13 12.685735433869064
8 53 14 12.96255478786913
8 53 15 12.976950178157567
8 53 16 12.876545376274617
8 53 17 12.809364502388178
8 53 18 12.707183803918548
8 53 19 12.662749343219469
8 53 20 12.93334144216263
8 53 21 12.789501910399485
8 53 22 12.85756333548169
8 53 23 12.931434354009744
8 53 24 12.87620699731904
8 53 25 13.103481438075555
8 53 26 12.789672168355342
8 53 27 12.854770056185327
8 53 28 13.027020922250502
8 53 29 12.975054612406039
8 53 30 12.814191425844768
8 53 31 12.862514487340114
8 53 32 12.77040344423725
8 53 33 12.737343584592667
8 53 34 12.755331746169807
8 53 35 12.852391199062597
8 53 36 12.838330122390802
8 53 37 12.69042777123166
8 53 38 12.781113680539425
8 53 39 12.761363787680567
8 53 40 12.952498408490412
8 53 41 12.969943858385628
8 53 42 12.819660523708292
8 53 43 12.782944772759672
8 53 44 12.931478217229165
8 53 45 12.714686766337664
8 53 46 12.874199673336523
8 53 47 12.884653585105095
8 53 48 12.869360205286021
8 53 49 12.772011874843802
8 53 50 12.585321541030842
8 53 51 12.695578899943921
8 53 52 12.848867533397913
8 53 53 12.67947195133768
8 53 54 12.583381421782338
8 53 55 13.047813797795284
8 53 56 12.808665257912995
8 53 57 12.880641016436781
8 53 58 12.692061149543784
8 53 59 13.047300590190362
8 53 60 12.84850802294335
8 53 61 12.693211139244946
8 53 62 12.885763651061362
8 53 63 12.871862217409648
8 53 64 12.709733680555978
8 53 65 12.886618915936541
8 53 66 13.169825469913253
8 53 67 12.81600305351528
8 53 68 12.884807543209066
8 53 69 12.936045845441589
8 53 70 12.787938594724078
8 53 71 12.774819071697944
8 53 72 12.959805436968626
8 53 73 12.56527899422682
8 53 74 12.745362322768187
8 53 75 12.885999671258682
8 53 76 12.659161256553963
8 53 77 12.65508415509624
8 53 78 12.715161784198804
8 53 79 12.69453781858703
8 53 80 12.673443319673273
8 53 81 12.78365960646743
8 53 82 12.811888148501634
8 53 83 12.993950896416372
8 53 84 12.84145389962438
8 53 85 12.848270663413155
8 53 86 12.703776419687587
8 53 87 12.998178736213154
8 53 88 13.030863800938617
8 53 89 12.71666093546058
8 53 90 13.004609336907611
8 53 91 12.709373492706769
8 53 92 12.92734323859845
8 53 93 12.917940699390607
8 53 94 12.899304612267915
8 53 95 12.740866826253548
8 53 96 12.63111483575215
8 53 97 12.830261449110683
8 53 98 12.960181621214845
8 53 99 12.967395073469596
8 54 9 13.131863042230005
8 54 10 12.733229637438392
8 54 11 12.706664041213452
8 54 12 12.849754029360318
8 54 13 13.09282442750362
8 54 14 12.904240747255235
8 54 15 12.92085907140845
8 54 16 12.727572411969645
8 54 17 13.026799747308988
8 54 18 12.755228396807576
8 54 19 12.787070197191293
8 54 20 12.785122373666104
8 54 21 13.038097849976484
8 54 22 12.725377993932387
8 54 23 12.77768618695601
8 54 24 12.825594660717218
8 54 25 12.780948101038295
8 54 26 12.558809852400366
8 54 27 12.888250335803086
8 54 28 12.88426665204257
8 54 29 12.79754156299964
8 54 30 12.783299220085505
8 54 31 12.935903249172847
8 54 32 12.898587614260489
8 54 33 13.00418028101998
8 54 34 12.903130048491304
8 54 35 12.93191029847025
8 54 36 12.746880124894215
8 54 37 12.707246881613747
8 54 38 13.003928370879327
8 54 39 12.741534410584071
8 54 40 12.599336654688171
8 54 41 13.03687134325979
8 54 42 12.762372978855963
8 54 43 12.775714323707039
8 54 44 12.771758568868439
8 54 45 12.864918570010053
8 54 46 13.063355175914735
8 54 47 12.75819779201021
8 54 48 13.043910026495
8 54 49 12.810304284284806
8 54 50 12.714834516111747
8 54 51 12.814269899625259
8 54 52 13.060235770161995
8 54 53 13.038743814039583
8 54 54 12.625217653378051
8 54 55 12.739520977400764
8 54 56 12.855855193912891
8 54 57 13.002671043896404
8 54 58 12.86276847668895
8 54 59 12.825249793733859
8 54 60 12.87381478592851
8 54 61 12.994756376133397
8 54 62 12.906629330225089
8 54 63 12.945339844624826
8 54 64 12.947441640012885
8 54 65 12.974720312506369
8 54 66 12.871191148203295
8 54 67 12.805619022978306
8 54 68 12.805086123520278
8 54 69 13.044729912902458
8 54 70 12.781090531134929
8 54 71 12.881803377021846
8 54 72 12.647711554648117
8 54 73 12.777548946877479
8 54 74 12.938522366961235
8 54 75 12.828445405422581
8 54 76 12.872932522119566
8 54 77 12.51864033534024
8 54 78 12.641101363585914
8 54 79 13.022488924097354
8 54 80 12.840955411306215
8 54 81 12.94928284218716
8 54 82 12.901824943510363
8 54 83 12.864935616587829
8 54 84 12.979984566124928
8 54 85 12.829559193948473
8 54 86 12.996034881889717
8 54 87 12.893153443213286
8 54 88 12.838730784262893
8 54 89 12.898797998477384
8 54 90 12.995265349264248
8 54 91 12.94862376464005
8 54 92 12.82681402831277
8 54 93 12.826258441685754
8 54 94 12.920915530899862
8 54 95 12.744404519984915
8 54 96 12.854224160660428
8 55 8 12.854479946882837
8 55 9 12.802023425827254
8 55 10 13.065350687534696
8 55 11 12.74896325232109
8 55 12 12.840555450542452
8 55 13 12.922263906680943
8 55 14 12.879048138153495
8 55 15 12.819154020656669
8 55 16 12.942681524472064
8 55 17 12.75088451722193
8 55 18 12.807511538126988
8 55 19 12.86451253400295
8 55 20 12.752857618697337
8 55 21 12.96215753291562
8 55 22 12.958348950175365
8 55 23 13.021105580112236
8 55 24 12.98018332179371
8 55 25 12.952378776506379
8 55 26 13.098847298162019
8 55 27 12.850187250356202
8 55 28 12.826721094091726
8 55 29 12.846526415683293
8 55 30 12.862133187709317
8 55 31 12.975922387794462
8 55 32 12.873413764185731
8 55 33 12.832747735787708
8 55 34 12.820879945521085
8 55 35 13.095585480822779
8 55 36 12.849392454054472
8 55 37 12.766620617815724
8 55 38 12.940798944964177
8 55 39 12.748921164564845
8 55 40 12.976415544413396
8 55 41 12.896183736672953
8 55 42 12.851783201742537
8 55 43 12.991723780610428
8 55 44 12.647652062004788
8 55 45 12.898467000866761
8 55 46 12.887450228584198
8 55 47 13.042330522418967
8 55 48 12.797883518442152
8 55 49 12.944523438667666
8 55 50 12.478711625371384
8 55 51 12.909794749790029
8 55 52 12.743659283114276
8 55 53 12.785075800069672
8 55 54 12.68085026890909
8 55 55 12.732407092294544
8 55 56 12.83273305834515
8 55 57 12.776531232343203
8 55 58 12.61452006015818
8 55 59 12.945598373462243
8 55 60 12.92391218967931
8 55 61 12.920549278890572
8 55 62 12.776641114946198
8 55 63 12.916488390656204
8 55 64 12.855863485118824
8 55 65 12.65451029924298
8 55 66 13.066777357266815
8 55 67 13.111277407041538
8 55 68 12.955277202622332
8 55 69 12.964551079011937
8 55 70 12.744949305773154
8 55 71 12.922489844570903
8 55 72 13.04812342359188
8 55 73 13.100269881475551
8 55 74 12.592595447277864
8 55 75 12.95587910563749
8 55 76 12.847418617933066
8 55 77 12.775784117611284
8 55 78 12.826142749073698
8 55 79 12.835654314374963
8 55 80 12.906669586441378
8 55 81 12.859522580581732
8 55 82 12.757997640658324
8 55 83 12.91615293474175
8 55 84 12.611176607338935
8 55 85 12.824874879143671
8 55 86 13.090877836774398
8 55 87 12.80262253187084
8 55 88 12.898937876973836
8 55 89 12.852846139168095
8 55 90 12.742574720086775
8 55 91 12.644219122580617
8 55 92 12.690115559441837
8 55 93 12.733621662580935
8 55 94 12.92047941555639
8 56 8 12.926134202054953
8 56 9 12.750885117992503
8 56 10 12.857853576290895
8 56 11 12.877218056190932
8 56 12 12.889950875170667
8 56 13 12.912936197883774
8 56 14 12.930880003643146
8 56 15 12.650308407908927
8 56 16 12.942165147329348
8 56 17 12.866368076009966
8 56 18 12.936352153956976
8 56 19 12.735950026848858
8 56 20 13.000777339480527
8 56 21 12.683422865634114
8 56 22 12.720307980733857
8 56 23 12.852403753288579
8 56 24 12.713652946334102
8 56 25 13.042714603525553
8 56 26 12.775926059776147
8 56 27 13.15040608918693
8 56 28 12.86935201025376
8 56 29 12.989772308425644
8 56 30 12.790966931051692
8 56 31 12.986722724247679
8 56 32 12.81495577885261
8 56 33 12.882088293458574
8 56 34 12.838430676280145
8 56 35 12.771900571643181
8 56 36 12.651215140851571
8 56 37 12.775577414013716
8 56 38 12.826694572254755
8 56 39 12.950549600528552
8 56 40 12.849661665631627
8 56 41 12.806238131345399
8 56 42 12.61822540402727
8 56 43 12.691245619092044
8 56 44 12.92141274937843
8 56 45 12.835057503295305
8 56 46 12.864919406323073
8 56 47 12.959861325706575
8 56 48 12.779840319735953
8 56 49 12.814249135957017
8 56 50 12.757346557311191
8 56 51 12.8029509658345
8 56 52 12.9679007824093
8 56 53 12.969435275650149
8 56 54 12.819603449924077
8 56 55 13.081662633670414
8 56 56 12.728493702889692
8 56 57 12.754794961097028
8 56 58 12.731479243482166
8 56 59 12.789377476579158
8 56 60 12.800050057482501
8 56 61 12.68595573941584
8 56 62 13.03916691778085
8 56 63 12.90685286554277
8 56 64 12.752179034370956
8 56 65 12.909777079856768
8 56 66 12.841511571846844
8 56 67 12.886826919166106
8 56 68 12.932353351264412
8 56 69 13.038647928445904
8 56 70 12.845092733866005
8 56 71 12.855506961514834
8 56 72 12.861523089789408
8 56 73 13.000669940025123
8 56 74 12.84008052612601
8 56 75 13.20519702629663
8 56 76 12.632584207784575
8 56 77 12.915914622812826
8 56 78 12.833731906754396
8 56 79 12.633067335640163
8 56 80 12.941144034035444
8 56 81 13.049206345521341
8 56 82 13.041674558937624
8 56 83 12.98194486133997
8 56 84 12.824665100963754
8 56 85 12.975566080112648
8 56 86 12.823987945664761
8 56 87 12.903509199028287
8 56 88 12.808128433622331
8 56 89 12.785243704495484
8 56 90 12.858971783714459
8 56 91 12.930316229159896
8 56 92 12.791317619329508
8 56 93 12.880239005686388
8 57 7 12.826147333337818
8 57 8 12.710112749931294
8 57 9 12.755016326666198
8 57 10 12.767649183889558
8 57 11 12.765144230758846
8 57 12 12.742496986038793
8 57 13 12.740993515836125
8 57 14 13.076502371424397
8 57 15 12.62293523550812
8 57 16 12.888719239828934
8 57 17 12.671929438530327
8 57 18 12.640480900531182
8 57 19 13.103178010559242
8 57 20 12.765609630359899
8 57 21 12.718521782743558
8 57 22 13.016252870554448
8 57 23 12.807074869274075
8 57 24 12.862741338604316
8 57 25 13.013162621064826
8 57 26 12.91034102196171
8 57 27 12.833603018610736
8 57 28 12.863975734219698
8 57 29 12.776762991200862
8 57 30 12.844984418694281
8 57 31 12.855718443792957
8 57 32 13.064443434644858
8 57 33 12.818844150751415
8 57 34 12.671138049628302
8 57 35 12.840173102694582
8 57 36 12.677655070359474
8 57 37 12.814288918016674
8 57 38 12.81715733964975
8 57 39 12.852054427650856
8 57 40 13.017775498457874
8 57 41 12.867952576105946
8 57 42 12.718595854349342
8 57 43 12.73635435586902
8 57 44 12.903701347987566
8 57 45 12.62386816211966
8 57 46 12.605311211074893
8 57 47 12.785990374415087
8 57 48 13.067657064540521
8 57 49 12.971565335477901
8 57 50 12.746565901904221
8 57 51 12.779526275849255
8 57 52 12.846365835432637
8 57 53 12.627785312471651
8 57 54 12.896528954824225
8 57 55 13.002607543980861
8 57 56 12.710402363433522
8 57 57 12.937194154864574
8 57 58 12.759150480591863
8 57 59 12.976454260449184
8 57 60 12.893432467874687
8 57 61 12.847810022756974
8 57 62 12.809175639110945
8 57 63 12.776157515384806
8 57 64 12.671599919014778
8 57 65 12.625951902867062
8 57 66 12.623821542533447
8 57 67 12.78118994574407
8 57 68 12.910150063281241
8 57 69 12.742332380625117
8 57 70 12.798662302630001
8 57 71 12.847880330483479
8 57 72 12.73954671963592
8 57 73 12.775397730068876
8 57 74 12.920891609249823
8 57 75 12.786315407093946
8 57 76 12.992917279145093
8 57 77 13.040117825814724
8 57 78 12.894435575312892
8 57 79 12.925642938006092
8 57 80 12.740749149842303
8 57 81 12.703755897653187
8 57 82 12.799237786866895
8 57 83 12.859443616472008
8 57 84 12.90235030135884
8 57 85 12.784936964730957
8 57 86 12.966825241950042
8 57 87 12.790661030295274
8 57 88 12.881761630471864
8 57 89 12.682061450701239
8 57 90 12.932433375843305
8 57 91 12.798392021604704
8 57 92 12.976237827698563
8 58 7 12.774898652231409
8 58 8 12.546176272251854
8 58 9 13.228801617223109
8 58 10 12.655598640090075
8 58 11 13.003233013071906
8 58 12 12.983079423046275
8 58 13 12.818148401968466
8 58 14 12.702716536344031
8 58 15 13.062257563860213
8 58 16 12.87492169780168
8 58 17 12.822114312341913
8 58 18 12.822454863007922
8 58 19 13.021804066473083
8 58 20 13.033088856183838
8 58 21 12.710209363424466
8 58 22 12.79716511053536
8 58 23 12.863382581224228
8 58 24 12.99905467186111
8 58 25 12.682027092749571
8 58 26 12.924870297237968
8 58 27 12.743382857315357
8 58 28 12.877061851758738
8 58 29 12.998374043962631
8 58 30 12.956708615693618
8 58 31 12.70955624363718
8 58 32 12.881907101609476
8 58 33 12.958241346683478
8 58 34 12.87396418473189
8 58 35 12.72865131514152
8 58 36 12.922895126467722
8 58 37 12.970817122658074
8 58 38 12.75017629937083
8 58 39 12.636960004426635
8 58 40 12.916618939975411
8 58 41 12.945546988674572
8 58 42 12.898913655530137
8 58 43 12.828057320499113
8 58 44 12.977939527435309
8 58 45 13.003550638266697
8 58 46 12.852139943442042
8 58 47 12.844344393811022
8 58 48 12.938385153287577
8 58 49 12.69964546871802
8 58 50 13.026438219910744
8 58 51 12.939250485094988
8 58 52 12.768933128210039
8 58 53 12.998345469539409
8 58 54 12.845761393562938
8 58 55 12.801672730523105
8 58 56 12.833969026716371
8 58 57 12.929554008260935
8 58 58 12.928030618657749
8 58 59 12.80469912498078
8 58 60 12.842903208224557
8 58 61 12.986865981542609
8 58 62 12.834787552279005
8 58 63 12.999872757745582
8 58 64 12.98251647593198
8 58 65 12.816888752291973
8 58 66 12.904687293089596
8 58 67 12.772982453303175
8 58 68 12.918846060678506
8 58 69 12.950043402906546
8 58 70 12.534697148520033
8 58 71 13.026581915183655
8 58 72 12.90633712599897
8 58 73 12.933792841954515
8 58 74 12.913105183795192
8 58 75 12.79538643939981
8 58 76 12.877148958509222
8 58 77 12.907044886577234
8 58 78 12.899195134546321
8 58 79 12.893565190564702
8 58 80 12.717491018211426
8 58 81 13.023005753740154
8 59 6 12.959158226543273
8 59 7 12.585941519512998
8 59 8 13.06002262630902
8 59 9 12.856976943125233
8 59 10 12.686955150677804
8 59 11 12.88803709752071
8 59 12 12.98307100355953
8 59 13 12.67737175574898
8 59 14 12.78680261595755
8 59 15 12.859961148011868
8 59 16 12.80643758076642
8 59 17 12.737251944426415
8 59 18 12.892787499689163
8 59 19 12.873232367481918
8 59 20 12.894039129961891
8 59 21 12.87086010030086
8 59 22 12.606660787168654
8 59 23 12.753686951752195
8 59 24 12.823843571217457
8 59 25 12.883992544195388
8 59 26 13.01518439762745
8 59 27 12.770992863640016
8 59 28 12.884133335580179
8 59 29 12.708166954383302
8 59 30 13.23359080043681
8 59 31 12.798192121501247
8 59 32 12.85548362165901
8 59 33 13.005945665329817
8 59 34 12.996216473227733
8 59 35 12.728633300836872
8 59 36 12.858527929089059
8 59 37 12.700339304858833
8 59 38 12.7385653904252
8 59 39 12.756130986530886
8 59 40 12.759720477278684
8 59 41 12.754895214397104
8 59 42 12.830391302387204
8 59 43 12.918531976055181
8 59 44 12.79667916542038
8 59 45 12.937565853027357
8 59 46 12.860063543649987
8 59 47 12.791642681331652
8 59 48 12.85078837282885
8 59 49 12.779663954033268
8 59 50 12.571250116029823
8 59 51 12.725159581869788
8 59 52 12.682197743512187
8 59 53 12.89895700413773
8 59 54 12.884101616690758
8 59 55 12.880762284286645
8 59 56 12.888067379210177
8 59 57 12.898487938287234
8 59 58 12.855892532932472
8 59 59 12.818589027075545
8 59 60 12.85840528133072
8 59 61 12.747466883055871
8 59 62 12.650424432381719
8 59 63 12.889441327051905
8 59 64 12.60726892016907
8 59 65 12.937081079267488
8 59 66 12.912422357380345
8 59 67 12.993565534372026
8 59 68 12.868270826229338
8 59 69 12.856086848634517
8 59 70 12.835379267136009
8 59 71 12.689710029410595
8 59 72 12.917993203619439
8 59 73 12.7868329622865
8 59 74 12.722463442741066
8 59 75 12.955053645602336
8 59 76 13.009930497911052
8 59 77 12.822064908488315
8 59 78 12.843416114304613
8 59 79 12.870971027250548
8 60 6 12.842455214659399
8 60 7 12.893850523243183
8 60 8 12.672170653821906
8 60 9 12.79880864239952
8 60 10 12.762237383300334
8 60 11 12.70636021272978
8 60 12 12.959832848667975
8 60 13 12.827115382586925
8 60 14 12.852703440580258
8 60 15 12.830384329226987
8 60 16 12.787218014216469
8 60 17 12.835310211419394
8 60 18 12.852213849610216
8 60 19 12.842162834600954
8 60 20 12.824232812612482
8 60 21 12.768642820204226
8 60 22 12.699782028589201
8 60 23 12.880202864122419
8 60 24 12.852473809534887
8 60 25 12.857889852818724
8 60 26 12.788391377232795
8 60 27 12.922000909258175
8 60 28 12.71815031682645
8 60 29 12.967620008042552
8 60 30 12.71960238315019
8 60 31 12.922658004901882
8 60 32 12.881901088779161
8 60 33 12.951914654585227
8 60 34 12.933786052360508
8 60 35 12.917757200993952
8 60 36 12.859610389172344
8 60 37 12.805623136271429
8 60 38 12.726557792928824
8 60 39 12.612143553429824
8 60 40 12.774112498380251
8 60 41 12.973348749429999
8 60 42 12.895005700633812
8 60 43 12.952602047396455
8 60 44 12.822543351505537
8 60 45 12.888311780922733
8 60 46 12.82678158106918
8 60 47 12.83011168806645
8 60 48 12.892888437174001
8 60 49 12.779612914628572
8 60 50 12.73054654197213
8 60 51 12.882428664197436
8 60 52 12.883939088863649
8 60 53 12.864903613701603
8 60 54 13.013340788842273
8 60 55 12.947490413216254
8 60 56 12.936268754167221
8 60 57 12.745730424796223
8 60 58 12.75394979984194
8 60 59 12.842488420725404
8 60 60 12.760825397503103
8 60 61 13.043617022021065
8 60 62 13.053205026299551
8 60 63 12.968688449278115
8 60 64 12.835996036149757
8 60 65 12.938875259706842
8 60 66 12.879160962777883
8 60 67 12.824795359480447
8 60 68 12.73687307108992
8 60 69 12.745711712570845
8 60 70 12.843994477007998
8 60 71 12.73863047608427
8 60 72 12.967273798818729
8 60 73 12.88889314434328
8 60 74 12.73822948394698
8 60 75 12.72592283137319
8 60 76 12.840054503110482
8 60 77 12.68895782108631
8 61 6 12.747209939060848
8 61 7 12.774710482155442
8 61 8 12.721946745186425
8 61 9 12.975118962133388
8 61 10 12.689539218737426
8 61 11 12.867214484522739
8 61 12 12.839747986154139
8 61 13 12.933850630643141
8 61 14 12.83006910599239
8 61 15 12.705203538763651
8 61 16 13.06085154108855
8 61 17 12.924530698670319
8 61 18 12.949438600134995
8 61 19 12.714335038709075
8 61 20 12.940576685079062
8 61 21 12.595971822261442
8 61 22 13.041233003300503
8 61 23 12.723445104792354
8 61 24 12.87124486054189
8 61 25 12.866792684192582
8 61 26 12.688742957085319
8 61 27 12.90474658494936
8 61 28 12.812869012800725
8 61 29 12.974238662582232
8 61 30 12.752379185784982
8 61 31 12.919973158754841
8 61 32 12.835180901411283
8 61 33 12.785583900541054
8 61 34 12.898744613259552
8 61 35 12.797271427117435
8 61 36 12.879874908006528
8 61 37 12.933209867049614
8 61 38 12.86956022266504
8 61 39 12.716731887266889
8 61 40 12.796400746444561
8 61 41 12.804696912251742
8 61 42 12.96376370161001
8 61 43 12.605029562300802
8 61 44 12.854220192143762
8 61 45 12.930684050127683
8 61 46 12.957653553167846
8 61 47 12.75897949768038
8 61 48 12.782073984802885
8 61 49 12.811396632484724
8 61 50 12.777369482968538
8 61 51 12.691792843341592
8 61 52 12.98307074045292
8 61 53 13.0177210018255
8 61 54 12.688647697490211
8 61 55 12.799723342827466
8 61 56 12.907173103435248
8 61 57 13.088689168789452
8 61 58 12.996285374515193
8 61 59 13.032583505933507
8 61 60 12.824785813468731
8 61 61 12.806792900321442
8 61 62 13.0982948514959
8 61 63 13.001259048948649
8 61 64 12.928272975102788
8 61 65 12.850272553977236
8 61 66 12.93548837247023
8 61 67 12.747085899018387
8 61 68 12.864612696291857
8 61 69 12.67100006393247
8 61 70 13.114773524530817
8 61 71 12.804339563256017
8 61 72 12.649694536509841
8 61 73 12.701522800760523
8 61 74 12.932111534302427
8 61 75 12.942226465774269
8 62 5 12.862223916797365
8 62 6 12.629146213218393
8 62 7 13.104231666170767
8 62 8 12.632155985842422
8 62 9 13.049984116867577
8 62 10 12.753807591676312
8 62 11 12.80622757266608
8 62 12 12.970150339513987
8 62 13 13.017979669886172
8 62 14 12.973200689759384
8 62 15 12.82156127167081
8 62 16 12.914607567282907
8 62 17 12.812476708181578
8 62 18 12.763328653072339
8 62 19 12.690963655989401
8 62 20 12.789972464886933
8 62 21 13.048173647127173
8 62 22 12.84934447127518
8 62 23 13.076688128195507
8 62 24 12.772347254457323
8 62 25 13.147673900843373
8 62 26 12.866993071235864
8 62 27 12.744844734917969
8 62 28 12.913406876363952
8 62 29 12.701650167853378
8 62 30 12.972140372402855
8 62 31 12.679381920025135
8 62 32 12.583214515786336
8 62 33 12.896918238245025
8 62 34 12.875713336361402
8 62 35 12.845119326905795
8 62 36 12.74752722923997
8 62 37 12.794827295407863
8 62 38 12.882142229448165
8 62 39 13.045271413515062
8 62 40 13.061196349424725
8 62 41 12.856725781458746
8 62 42 12.89629639757793
8 62 43 13.009699680640525
8 62 44 12.923659448857258
8 62 45 12.860583053381642
8 62 46 12.742669708097672
8 62 47 12.80443580455523
8 62 48 13.081513464182086
8 62 49 13.175298046639355
8 62 50 12.88294662573724
8 62 51 12.933711128436224
8 62 52 12.85903853396473
8 62 53 12.839040800993338
8 62 54 12.709572897880063
8 62 55 12.752556969570676
8 62 56 12.946448188488295
8 62 57 12.789508920480433
8 62 58 12.855757205336253
8 62 59 12.839542271912142
8 62 60 13.062647584985697
8 62 61 13.045071241017403
8 62 62 12.826524185727086
8 62 63 12.704882596259262
8 62 64 12.804178058720144
8 62 65 12.896577653652054
8 62 66 13.070418315829501
8 62 67 12.806657246179132
8 62 68 12.786945390250775
8 62 69 12.842790494808018
8 62 70 12.873583379340682
8 62 71 12.84531991278468
8 62 72 12.796856149150502
8 62 73 12.975460524882328
8 63 5 12.79799405082937
8 63 6 12.725794449313712
8 63 7 12.759485413224953
8 63 8 12.946050930984152
8 63 9 12.85856155815627
8 63 10 12.579597518769742
8 63 11 12.807274119008767
8 63 12 12.965360758134114
8 63 13 12.694206176642512
8 63 14 12.83550169741693
8 63 15 12.719840901067807
8 63 16 12.89799327479033
8 63 17 12.628306223615533
8 63 18 12.938514398832252
8 63 19 12.978970741279584
8 63 20 12.800368069403318
8 63 21 12.859615102143916
8 63 22 12.915438378169968
8 63 23 13.004179733594947
8 63 24 12.820373055730965
8 63 25 12.871760280513314
8 63 26 12.715058564012745
8 63 27 12.846392004759132
8 63 28 12.897889623098635
8 63 29 12.932645906483996
8 63 30 12.872352742465917
8 63 31 12.966531875707991
8 63 32 13.090817469279445
8 63 33 12.825771434291003
8 63 34 12.908397177964058
8 63 35 12.784499874513978
8 63 36 12.846056202745743
8 63 37 12.722901752777062
8 63 38 12.813036584764157
8 63 39 12.628851691109176
8 63 40 12.854341817031743
8 63 41 12.883863877384789
8 63 42 12.940117571680057
8 63 43 12.958025792304364
8 63 44 12.952192644065443
8 63 45 12.87542779928505
8 63 46 12.703925840014254
8 63 47 12.988785525530563
8 63 48 12.794092578260303
8 63 49 12.747210793474745
8 63 50 12.872822992820408
8 63 51 12.902280178416976
8 63 52 12.942628954804974
8 63 53 12.732654532045538
8 63 54 12.835325665328103
8 63 55 12.921218626438831
8 63 56 12.902754128124858
8 63 57 12.74639338741325
8 63 58 12.849701384438273
8 63 59 12.926037619869833
8 63 60 12.712175793564832
8 63 61 12.759892216934558
8 63 62 12.898993889240815
8 63 63 12.762369424812361
8 63 64 13.063410990717859
8 63 65 12.81891728422229
8 63 66 13.051302665768828
8 63 67 12.853920136680648
8 63 68 12.812381773615108
8 63 69 12.749722968214664
8 64 4 12.92652005631427
8 64 5 12.657621352374784
8 64 6 12.833844143164074
8 64 7 12.856192023982
8 64 8 12.727404941291503
8 64 9 12.814003287522343
8 64 10 12.701094489866035
8 64 11 12.654552591543922
8 64 12 12.667634680040894
8 64 13 12.807460074847203
8 64 14 12.775673940994388
8 64 15 12.767150205439808
8 64 16 12.861564609002693
8 64 17 12.860897071864347
8 64 18 12.884263119895238
8 64 19 12.92716837866208
8 64 20 12.96406791826769
8 64 21 12.910283663863744
8 64 22 12.917103295768658
8 64 23 12.713838485491818
8 64 24 12.749415516014906
8 64 25 12.890966773129527
8 64 26 13.100616091211101
8 64 27 12.818898049250999
8 64 28 12.89151677282096
8 64 29 12.851999103492862
8 64 30 12.808188987852372
8 64 31 12.666714274793183
8 64 32 12.73881048430095
8 64 33 12.818025488435289
8 64 34 12.856638914309512
8 64 35 12.816748206433662
8 64 36 12.733107803543623
8 64 37 12.84257813476141
8 64 38 12.56834773234558
8 64 39 12.875531650105051
8 64 40 12.786332291508357
8 64 41 12.886019308605995
8 64 42 12.927223651967598
8 64 43 12.855922785610499
8 64 44 12.817334826494374
8 64 45 12.883356039653297
8 64 46 12.825770975909759
8 64 47 12.850934554691264
8 64 48 12.812619250450693
8 64 49 12.803095264510947
8 64 50 12.870855634902549
8 64 51 12.66264964283855
8 64 52 12.85396746746197
8 64 53 13.012649967104688
8 64 54 12.845046428323505
8 64 55 12.87794664615317
8 64 56 12.786098910084233
8 64 57 13.052393603156013
8 64 58 12.896628342519152
8 64 59 12.763045483159253
8 64 60 12.966998857620833
8 64 61 12.931651891693448
8 64 62 12.633708982699316
8 64 63 13.116592190342843
8 64 64 12.720117320657446
8 64 65 12.709930595119529
8 65 4 12.778156137873028
8 65 5 12.647867347232571
8 65 6 12.918339587457229
8 65 7 12.910516524027743
8 65 8 12.879526990406685
8 65 9 12.515724710681402
8 65 10 12.655379435003113
8 65 11 12.758428560746301
8 65 12 12.797501173777166
8 65 13 12.844221282479083
8 65 14 12.969925600173577
8 65 15 12.834298357516811
8 65 16 13.051055455381068
8 65 17 12.85482747561646
8 65 18 12.810464558831876
8 65 19 12.699428867074696
8 65 20 12.632411914481736
8 65 21 12.879441701793375
8 65 22 12.612360313292601
8 65 23 12.911278892642878
8 65 24 12.810448293915542
8 65 25 12.833435678130352
8 65 26 12.985158862465491
8 65 27 13.004396984656562
8 65 28 12.808362427001887
8 65 29 13.000556570178691
8 65 30 12.761308928930683
8 65 31 12.814066560408977
8 65 32 12.899294684988623
8 65 33 12.941857666666587
8 65 34 12.776244788408476
8 65 35 12.853695504237523
8 65 36 12.937515131477062
8 65 37 12.91489493769464
8 65 38 12.725002277406405
8 65 39 12.894952798364855
8 65 40 12.857375174493797
8 65 41 12.792319074013324
8 65 42 12.955043684044831
8 65 43 12.653383816638435
8 65 44 12.889360019283854
8 65 45 12.831682065984436
8 65 46 12.922919722694163
8 65 47 12.887010014681202
8 65 48 12.6512755945456
8 65 49 12.842753887955906
8 65 50 12.836961401687981
8 65 51 12.997518786427106
8 65 52 12.984905784456279
8 65 53 12.93109850816536
8 65 54 13.087490608626508
8 65 55 12.812518031555948
8 65 56 13.013866968958252
8 65 57 12.923139334953799
8 65 58 13.001071351733877
8 65 59 12.88775534427253
8 65 60 12.982505885685367
8 65 61 12.665877591723607
8 66 3 12.614407587370831
8 66 4 12.911591788290108
8 66 5 12.843575176777042
8 66 6 12.867795861899921
8 66 7 12.64169831708887
8 66 8 13.025101538676518
8 66 9 12.478708679520306
8 66 10 12.80073642362236
8 66 11 12.910229537977624
8 66 12 12.723805796527092
8 66 13 12.78075811909997
8 66 14 12.822336884257412
8 66 15 12.868902506274042
8 66 16 12.880463479080417
8 66 17 13.064209198935306
8 66 18 12.850446019033189
8 66 19 12.90158762461072
8 66 20 12.836581336310566
8 66 21 12.92706958936758
8 66 22 12.85281471964736
8 66 23 12.952596023402023
8 66 24 13.039289939506993
8 66 25 12.798862350686957
8 66 26 12.7342887582316
8 66 27 12.766410084921779
8 66 28 12.838520106060033
8 66 29 12.9902433032955
8 66 30 12.909762362578276
8 66 31 12.591534337614036
8 66 32 12.801594446451489
8 66 33 13.091313875936708
8 66 34 12.736308471056436
8 66 35 12.551505107664884
8 66 36 12.837340436532676
8 66 37 13.005672680207814
8 66 38 13.048039809746315
8 66 39 13.022739009665619
8 66 40 12.86574681414605
8 66 41 12.741496986383584
8 66 42 12.862953408161355
8 66 43 13.069692702360118
8 66 44 12.927972068272542
8 66 45 12.97336163256287
8 66 46 13.045840607477547
8 66 47 12.667872039446078
8 66 48 12.803048020367905
8 66 49 13.031931504260807
8 66 50 12.784077649720853
8 66 51 12.928344188841574
8 66 52 12.879127106174383
8 66 53 12.624376769954264
8 66 54 12.886357602714595
8 66 55 12.990090789211772
8 66 56 12.792377422207643
8 66 57 12.72566840654663
8 66 58 12.948792454427283
8 66 59 12.94319226349309
8 67 3 12.92948841102388
8 67 4 12.729515047263131
8 67 5 12.810983561665424
8 67 6 12.872987601094527
8 67 7 12.82233823359548
8 67 8 12.863457370841996
8 67 9 12.783313444232265
8 67 10 13.01741382516877
8 67 11 12.937566766600533
8 67 12 12.842750810498822
8 67 13 12.905496069643405
8 67 14 13.006473163331671
8 67 15 12.99097366116625
8 67 16 12.80822716759366
8 67 17 12.874761664054327
8 67 18 12.778771247332545
8 67 19 12.791843298240972
8 67 20 12.93394037403888
8 67 21 12.833845011143337
8 67 22 12.88907333621874
8 67 23 12.833730139436614
8 67 24 12.904883856859
8 67 25 12.866991780937811
8 67 26 12.797280121083327
8 67 27 12.951967171036086
8 67 28 12.900243292884426
8 67 29 12.818091316575822
8 67 30 12.902949930369036
8 67 31 12.805931613034033
8 67 32 12.952770018691938
8 67 33 12.75706397579122
8 67 34 12.715432509289613
8 67 35 12.762747023521861
8 67 36 12.914750728169066
8 67 37 13.01332357564841
8 67 38 12.901189751485957
8 67 39 13.073095981420117
8 67 40 12.972458998693066
8 67 41 12.877622415072238
8 67 42 12.783967729748584
8 67 43 12.836474753556878
8 67 44 12.905499331260396
8 67 45 12.840147200076482
8 67 46 12.731944630415708
8 67 47 12.682452579530088
8 67 48 12.942134475316076
8 67 49 12.778837035449573
8 67 50 12.894243727849876
8 67 51 12.793077779579042
8 67 52 12.824164310870914
8 67 53 12.9682274980356
8 67 54 12.77231779135418
8 67 55 12.912157463144206
8 68 3 12.999141104846055
8 68 4 12.952301970556347
8 68 5 12.844948863286143
8 68 6 12.953217937234646
8 68 7 12.889963323927844
8 68 8 12.901444012183795
8 68 9 12.947630557703018
8 68 10 12.85759466602377
8 68 11 12.79920654572358
8 68 12 12.984864864618887
8 68 13 13.06525775154941
8 68 14 12.814664473518214
8 68 15 12.644434979320996
8 68 16 12.728153014960393
8 68 17 12.740336948490741
8 68 18 12.918334875999369
8 68 19 12.96723852558326
8 68 20 12.885991986224578
8 68 21 12.96830886757332
8 68 22 13.006694911989012
8 68 23 12.905092585432909
8 68 24 12.83781775804865
8 68 25 12.701450596847694
8 68 26 12.895253601635435
8 68 27 12.80193879765457
8 68 28 13.059216382321079
8 68 29 12.94504017205122
8 68 30 12.881757193821713
8 68 31 12.787658395578378
8 68 32 12.831730248633914
8 68 33 12.561702105635609
8 68 34 12.680079433078783
8 68 35 13.031780636964898
8 68 36 13.26097473505456
8 68 37 12.718508594860394
8 68 38 12.69350030860483
8 68 39 12.9396697633394
8 68 40 12.890382945748309
8 68 41 13.031078542065014
8 68 42 12.988639396836511
8 68 43 12.769520621219185
8 68 44 12.974355197202403
8 68 45 12.84267649870769
8 68 46 12.901360798348373
8 68 47 12.954379744454446
8 68 48 12.910998650333392
8 68 49 12.929096336636164
8 68 50 13.012129391779252
8 68 51 12.7599998574575
8 69 3 12.99777132936392
8 69 4 13.04170122843011
8 69 5 12.751104404438697
8 69 6 12.861466722158099
8 69 7 12.710525670938079
8 69 8 12.913464265647281
8 69 9 13.006716889739902
8 69 10 12.99709407663382
8 69 11 12.62927110022556
8 69 12 12.71037161992909
8 69 13 12.94582868570085
8 69 14 12.99933750483174
8 69 15 12.934808388988653
8 69 16 12.936852315305229
8 69 17 12.966770232175355
8 69 18 12.948609309885843
8 69 19 12.897882043567986
8 69 20 12.744455210680043
8 69 21 12.886967632072775
8 69 22 12.754203955653455
8 69 23 12.616541445155548
8 69 24 12.962298453595734
8 69 25 12.790944778150216
8 69 26 12.7370256798502
8 69 27 12.832939884838138
8 69 28 12.985113412583908
8 69 29 12.84221565908512
8 69 30 12.77979845839934
8 69 31 12.828159260869038
8 69 32 13.008936286473899
8 69 33 12.932448145884553
8 69 34 12.898995190544886
8 69 35 12.628126755046955
8 69 36 12.98651193884554
8 69 37 13.002942830438736
8 69 38 12.595076959370527
8 69 39 12.784947866872448
8 69 40 12.72329370268943
8 69 41 12.806991787277747
8 69 42 12.782046507817679
8 69 43 12.83730507071674
8 69 44 12.82282179518306
8 69 45 12.988180863400778
8 69 46 12.659231405524778
8 69 47 12.916350607659673
8 69 48 12.816852018853892
8 69 49 12.936564894379787
8 69 50 12.81581194235221
8 70 2 13.044009076448836
8 70 3 12.531291103942806
8 70 4 12.983348208017409
8 70 5 12.95395342386
8 70 6 13.069937736880508
8 70 7 12.746519287056616
8 70 8 12.834022127394642
8 70 9 12.974532098747344
8 70 10 12.951794499388996
8 70 11 12.87356367313602
8 70 12 12.678808046362441
8 70 13 12.9114530018748
8 70 14 12.899208565665838
8 70 15 12.788594154183908
8 70 16 12.950611061768194
8 70 17 12.94945148512559
8 70 18 12.95919791458098
8 70 19 12.784060283916544
8 70 20 12.818457431722726
8 70 21 12.819718058805057
8 70 22 12.776814875771572
8 70 23 12.611764459446826
8 70 24 12.923337871732508
8 70 25 12.746671485046141
8 70 26 12.884168934083279
8 70 27 12.87374137271254
8 70 28 12.799186309994631
8 70 29 12.847196246099527
8 70 30 12.789648027147694
8 70 31 12.987516606890923
8 70 32 12.793483988323578
8 70 33 12.854272126269532
8 70 34 12.774621566386637
8 70 35 12.957471438893496
8 70 36 12.85967215160115
8 70 37 12.939768755168442
8 70 38 12.723311673443982
8 70 39 12.76434119891011
8 70 40 12.833447250332044
8 70 41 12.861567161251697
8 70 42 12.77068698404848
8 70 43 12.645878708697694
8 70 44 12.718555288876168
8 70 45 13.108403035604088
8 70 46 12.95001039046685
8 70 47 12.892299023446572
8 70 48 12.819339461402773
8 71 2 12.894644475083457
8 71 3 12.619727915229198
8 71 4 12.761094657366925
8 71 5 13.070563035932446
8 71 6 12.929105624406493
8 71 7 13.046808624642555
8 71 8 12.952316527420395
8 71 9 12.808363575226524
8 71 10 12.878049076744723
8 71 11 12.895440166233643
8 71 12 12.916002935925215
8 71 13 12.64575028859338
8 71 14 12.900023168646657
8 71 15 12.846365596951994
8 71 16 12.970449372239047
8 71 17 12.877741280629511
8 71 18 12.87163482968138
8 71 19 12.74254287278381
8 71 20 12.638431586996507
8 71 21 12.905254691535342
8 71 22 12.87478947249475
8 71 23 12.588148086589726
8 71 24 12.804404923615992
8 71 25 12.8786173916326
8 71 26 12.879099122771393
8 71 27 13.081854064206476
8 71 28 12.729818957191405
8 71 29 12.959025224931404
8 71 30 12.737534634724256
8 71 31 13.017702807947174
8 71 32 12.9801141189092
8 71 33 12.897109258725315
8 71 34 12.906914977550661
8 71 35 12.890285466215506
8 71 36 13.018748954930336
8 71 37 12.691558919481027
8 71 38 12.947485918807551
8 71 39 12.760389181891963
8 71 40 12.741485328282456
8 71 41 12.962582297899791
8 71 42 12.892861132217663
8 71 43 12.80915577298251
8 71 44 12.799218121683033
8 71 45 12.728366171887252
8 71 46 12.953830579492255
8 72 2 12.929052797560082
8 72 3 12.803789598295143
8 72 4 12.986697435209406
8 72 5 12.807893993452032
8 72 6 13.07774207953222
8 72 7 12.789480788906207
8 72 8 12.718837676857643
8 72 9 13.017893587250928
8 72 10 12.775150581031792
8 72 11 12.49409988478078
8 72 12 12.826013296419942
8 72 13 12.795286270712923
8 72 14 12.91459526963666
8 72 15 12.748907495895748
8 72 16 12.672554780261178
8 72 17 12.572969265429165
8 72 18 12.893120372673739
8 72 19 12.854326284578557
8 72 20 12.715897030863916
8 72 21 12.994358846589371
8 72 22 12.90285040145827
8 72 23 12.782852702715537
8 72 24 12.859457339221988
8 72 25 12.667934974407478
8 72 26 13.11406706895939
8 72 27 12.791080155120781
8 72 28 12.704720382865613
8 72 29 12.745264090722834
8 72 30 12.825998164793344
8 72 31 12.81672221488966
8 72 32 13.018803133215851
8 72 33 12.87575812508338
8 72 34 13.056346850342392
8 72 35 12.719914205178055
8 72 36 12.956248771450051
8 72 37 12.704738701258028
8 72 38 12.615533475714042
8 72 39 12.970331755842375
8 72 40 12.86737735709903
8 72 41 12.83857892198446
8 72 42 12.93113204675905
8 72 43 12.932421074063104
8 72 44 12.789827431901129
8 72 45 12.868337803752098
8 73 2 12.61837710032568
8 73 3 12.981483529994174
8 73 4 12.730031647222667
8 73 5 13.04144421017166
8 73 6 12.661410065124553
8 73 7 12.762030939347786
8 73 8 12.914175206286233
8 73 9 12.889009167772725
8 73 10 12.78473249790281
8 73 11 12.925091823528009
8 73 12 12.830077798031981
8 73 13 12.811519783727213
8 73 14 12.869265393285085
8 73 15 13.022833219617787
8 73 16 12.942728734738319
8 73 17 13.00304913089019
8 73 18 12.843149840370268
8 73 19 12.72692626968405
8 73 20 12.786403152375824
8 73 21 12.941802719617215
8 73 22 12.684210257546253
8 73 23 12.88848373660643
8 73 24 12.736018687356948
8 73 25 12.852073833897922
8 73 26 12.790337320391082
8 73 27 12.901022433758284
8 73 28 12.5932094628459
8 73 29 12.924912865928398
8 73 30 12.819956188836864
8 73 31 12.73329493777533
8 73 32 12.972116775553554
8 73 33 12.907106195810025
8 73 34 12.864847789164712
8 73 35 12.847832455715457
8 73 36 12.983723699549257
8 73 37 12.84172503535798
8 73 38 12.738219560579871
8 73 39 12.78490841383495
8 73 40 13.078794849378712
8 73 41 12.923708338989988
8 73 42 13.028407994362246
8 73 43 12.762566989364684
8 74 2 12.938752036316483
8 74 3 12.98898423665725
8 74 4 13.034575444443938
8 74 5 13.003709445898133
8 74 6 12.636816515126135
8 74 7 13.006792962518642
8 74 8 13.19378471602374
8 74 9 12.803356413232141
8 74 10 12.827259499061851
8 74 11 12.745448806888604
8 74 12 12.775401152588138
8 74 13 12.794657873185582
8 74 14 12.766894124438686
8 74 15 12.85689128148692
8 74 16 12.770142385709388
8 74 17 12.891353824160262
8 74 18 12.718363967107422
8 74 19 12.752622723919039
8 74 20 12.854337364008071
8 74 21 12.904731225476944
8 74 22 12.805236200361831
8 74 23 12.734378068495381
8 74 24 13.013181099788373
8 74 25 12.913479167718638
8 74 26 12.973431029713453
8 74 27 12.740539120688982
8 74 28 12.697616270468714
8 74 29 12.942000523459516
8 74 30 12.935483761807141
8 74 31 12.89071328505395
8 74 32 12.61273860311332
8 74 33 12.823855493271802
8 74 34 12.75858638906815
8 74 35 12.808567034025751
8 74 36 12.836879843810008
8 74 37 12.81046971365577
8 74 38 12.761561119507224
8 74 39 12.855344588628107
8 74 40 12.978351785360088
8 74 41 12.86982928341767
8 74 100 12.94711325652579
8 75 2 12.877693690116589
8 75 3 12.84731865598601
8 75 4 12.765561689455625
8 75 5 12.787431834468164
8 75 6 12.837890095237997
8 75 7 12.83479299265357
8 75 8 12.791280816451732
8 75 9 12.934106848247819
8 75 10 12.870101695646365
8 75 11 12.841095806329129
8 75 12 12.73484872886331
8 75 13 12.852399267558583
8 75 14 12.764423160965663
8 75 15 12.74337051340484
8 75 16 12.69691336566843
8 75 17 12.738161570183298
8 75 18 12.77356096025044
8 75 19 13.04133783169475
8 75 20 12.721137316319114
8 75 21 12.811470507037
8 75 22 12.869225761381728
8 75 23 12.783324755696539
8 75 24 12.712928706598033
8 75 25 12.916071993684422
8 75 26 12.729435862679646
8 75 27 12.784871097534657
8 75 28 12.923761409368558
8 75 29 12.90455973645537
8 75 30 12.933284585422772
8 75 31 13.033579241821613
8 75 32 12.664185276663163
8 75 33 12.938213894305346
8 75 34 12.735603639595858
8 75 35 12.864177293631514
8 75 36 12.897385387189315
8 75 37 12.698944474458017
8 75 38 12.674054849948064
8 75 39 12.771625187123924
8 75 99 12.973313981827186
8 75 100 12.948070285072982
8 76 2 12.86605871401911
8 76 3 12.905781852737013
8 76 4 12.875199000006582
8 76 5 12.829652444253137
8 76 6 12.782293796271814
8 76 7 12.84669914993184
8 76 8 12.74511484127434
8 76 9 12.7043726971532
8 76 10 12.792472738903543
8 76 11 12.742897034467601
8 76 12 12.801134422402107
8 76 13 12.888934446349593
8 76 14 12.846640056213625
8 76 15 12.889376617032978
8 76 16 12.69744573917118
8 76 17 12.714797822918166
8 76 18 12.68452562144283
8 76 19 12.93742669258414
8 76 20 12.67660043305778
8 76 21 12.662827353291892
8 76 22 12.757476639456755
8 76 23 12.918629224249221
8 76 24 12.880633690590301
8 76 25 12.827243172541964
8 76 26 12.76223294762885
8 76 27 12.776105868314858
8 76 28 12.964369323437607
8 76 29 12.926607898137513
8 76 30 13.049938639341603
8 76 31 12.798481252551358
8 76 32 12.788134442992467
8 76 33 12.857441916327163
8 76 34 12.687849575915491
8 76 35 12.725327722738742
8 76 36 12.909287548658183
8 76 37 13.02508375140501
8 76 38 12.832799552964753
8 76 98 12.708835622205457
8 76 99 12.769864340124228
8 76 100 12.957251890933799
8 77 2 12.719138987324383
8 77 3 12.876969029569317
8 77 4 12.718913477053762
8 77 5 12.796596749432362
8 77 6 12.839422473846176
8 77 7 12.700603251022548
8 77 8 12.771205325249843
8 77 9 12.889942828281736
8 77 10 12.956867070788046
8 77 11 13.065207171692858
8 77 12 12.813079965180998
8 77 13 12.901412471661157
8 77 14 12.957119353095274
8 77 15 12.733214905780384
8 77 16 12.89925566536967
8 77 17 12.92237520027781
8 77 18 12.827301862970804
8 77 19 13.025515975633304
8 77 20 12.885761248915506
8 77 21 12.807414713456655
8 77 22 12.877660987944175
8 77 23 12.67333138591381
8 77 24 12.824406905424132
8 77 25 12.860221196019598
8 77 26 12.875580720319165
8 77 27 12.952358301084567
8 77 28 12.928258948987423
8 77 29 12.945087271091847
8 77 30 12.929474673092903
8 77 31 12.828268658649439
8 77 32 12.778811410812112
8 77 33 12.816224450809926
8 77 34 12.98923585792006
8 77 35 12.895671746471509
8 77 36 12.861763080779054
8 77 96 12.773332066853786
8 77 97 13.063632855586448
8 77 98 12.91757519495492
8 77 99 12.92599114408479
8 77 100 12.789778218136943
8 78 2 12.834049379701797
8 78 3 12.826722499608453
8 78 4 13.05666223588058
8 78 5 12.980111151301681
8 78 6 12.813508359155636
8 78 7 12.673804204858849
8 78 8 12.856056870669372
8 78 9 12.954775052916748
8 78 10 12.780019956754408
8 78 11 12.806825508366195
8 78 12 12.807996390681858
8 78 13 12.874012854319433
8 78 14 12.875292242901441
8 78 15 12.87495803410884
8 78 16 12.994730858276226
8 78 17 12.48830148025252
8 78 18 12.840625141110513
8 78 19 12.897487989321245
8 78 20 13.037801052656098
8 78 21 12.774191357137664
8 78 22 12.98949866245994
8 78 23 13.15895847088944
8 78 24 12.836784765391085
8 78 25 12.79631382950082
8 78 26 12.99605417318602
8 78 27 12.781752907874962
8 78 28 12.623917046961509
8 78 29 12.849022446563385
8 78 30 13.045059708275875
8 78 31 12.909720360089125
8 78 32 12.701513834032324
8 78 33 12.69560841015744
8 78 34 12.630274028658768
8 78 35 12.956084750860704
8 78 95 13.060148559682075
8 78 96 12.894152822788255
8 78 97 12.91359630316284
8 78 98 13.043021550151645
8 78 99 12.922619638466564
8 78 100 12.951569596388625
8 79 2 12.76545498486465
8 79 3 13.028885299202871
8 79 4 12.908480961062976
8 79 5 12.922545956401114
8 79 6 12.650791786359505
8 79 7 12.85659856897042
8 79 8 12.920654663778889
8 79 9 12.76930489195227
8 79 10 12.920012739838281
8 79 11 13.027490309245028
8 79 12 13.002989406186565
8 79 13 12.869981197230981
8 79 14 12.931720085787365
8 79 15 12.850602796207463
8 79 16 12.730232455158728
8 79 17 13.042472996092647
8 79 18 12.776461967218168
8 79 19 12.94405774143577
8 79 20 12.837401943521357
8 79 21 13.059783047254225
8 79 22 12.924265218950145
8 79 23 12.897963487594374
8 79 24 12.806464864138597
8 79 25 12.959190465368565
8 79 26 12.933171310357878
8 79 27 12.833982449132662
8 79 28 12.975869156142323
8 79 29 12.740594512309528
8 79 30 13.004993182983565
8 79 31 12.828041704982798
8 79 32 12.7545395173263
8 79 94 12.973653432501612
8 79 95 12.790627255549426
8 79 96 12.771634198148897
8 79 97 12.684008154292087
8 79 98 13.05552942613501
8 79 99 12.687767709178218
8 79 100 12.944845010202052
8 79 101 13.051463126388226
8 80 2 12.981937764419461
8 80 3 12.934505076753682
8 80 4 12.907489892025705
8 80 5 12.911160975099413
8 80 6 12.883666376082585
8 80 7 13.045216481307238
8 80 8 12.835429579893825
8 80 9 12.968487873762014
8 80 10 12.743385218876478
8 80 11 12.878221733260528
8 80 12 12.7969508032117
8 80 13 13.165983752562807
8 80 14 12.919745789363292
8 80 15 12.708522845674084
8 80 16 12.841030869300116
8 80 17 12.948744062887917
8 80 18 12.765494841163989
8 80 19 12.855427834169879
8 80 20 13.0446464666299
8 80 21 12.768890043918642
8 80 22 12.61130457485012
8 80 23 12.88909804143983
8 80 24 12.943157061743646
8 80 25 12.968939081044004
8 80 26 12.67194801865364
8 80 27 12.917082663035796
8 80 28 12.935465600071055
8 80 29 12.802273314650003
8 80 93 12.710392206043643
8 80 94 12.950877083007283
8 80 95 12.779787418686102
8 80 96 12.672140708753076
8 80 97 12.854830605502634
8 80 98 12.93148983076361
8 80 99 12.943859911317043
8 80 100 12.775421793287311
8 80 101 12.892017894214424
8 81 2 12.85477328009498
8 81 3 12.679504495562481
8 81 4 12.998901628469833
8 81 5 12.936404712671232
8 81 6 12.897154094024573
8 81 7 12.919368499841733
8 81 8 12.940520185673002
8 81 9 12.80458675496936
8 81 10 12.818315770263489
8 81 11 12.971836529946398
8 81 12 12.845027641942185
8 81 13 12.820822998748621
8 81 14 12.740233797063336
8 81 15 12.826526297153576
8 81 16 12.89319200952056
8 81 17 13.135302034040128
8 81 18 12.935198069019075
8 81 19 12.843669767706887
8 81 20 12.762881561754792
8 81 21 12.829672811685496
8 81 22 12.81163425990626
8 81 23 12.777120644878051
8 81 24 12.839580251012087
8 81 25 12.953610486055327
8 81 26 12.984550579495739
8 81 27 12.670168066492762
8 81 92 12.772420255878055
8 81 93 12.878578835185413
8 81 94 12.721236232478374
8 81 95 12.784290989811039
8 81 96 12.81604848005116
8 81 97 12.907186622635683
8 81 98 13.014394244124693
8 81 99 12.880615414413516
8 81 100 12.954615888609311
8 81 101 12.792029196334584
8 82 2 12.787230305706599
8 82 3 12.890944761554508
8 82 4 12.742753007510522
8 82 5 12.952965898793309
8 82 6 12.998573893843789
8 82 7 12.766180361476446
8 82 8 12.826583546924832
8 82 9 12.917446203021676
8 82 10 12.843811544001005
8 82 11 12.73500497669681
8 82 12 12.84517772867782
8 82 13 12.836643539658878
8 82 14 12.92340960923617
8 82 15 12.692384487592635
8 82 16 12.714393709069753
8 82 17 12.804777132264926
8 82 18 12.877595234267023
8 82 19 12.684440784028931
8 82 20 12.789126417365347
8 82 21 13.01343821867423
8 82 22 12.682826554636078
8 82 23 12.737368172774616
8 82 24 12.847892447460564
8 82 25 12.968402946615162
8 82 92 12.759192195126236
8 82 93 13.022305026563826
8 82 94 12.839242183511002
8 82 95 12.901903496683216
8 82 96 13.016568677395219
8 82 97 12.933348443764404
8 82 98 13.072306834078692
8 82 99 13.028427894219819
8 82 100 12.732562936054718
8 82 101 13.06195748312336
8 83 2 12.927308195031115
8 83 3 12.734261129100066
8 83 4 12.725794995189771
8 83 5 12.84088701036747
8 83 6 13.04359890571185
8 83 7 12.84483194739629
8 83 8 13.043200248737408
8 83 9 12.784750552229294
8 83 10 12.834728121942435
8 83 11 12.946372140913775
8 83 12 12.78463455114109
8 83 13 12.831523582787375
8 83 14 12.818087181509426
8 83 15 12.652484800397099
8 83 16 12.812114347777555
8 83 17 12.938067995257475
8 83 18 12.868981916717857
8 83 19 12.82815089796061
8 83 20 13.005748076880206
8 83 21 12.864692393569815
8 83 22 12.853362223390533
8 83 23 12.913066667729336
8 83 24 12.865850347423128
8 83 91 12.845368122047162
8 83 92 13.17344721688069
8 83 93 12.690155154723877
8 83 94 12.948154992208414
8 83 95 12.432883925246028
8 83 96 12.820031074909204
8 83 97 12.876632201796896
8 83 98 13.077341327580772
8 83 99 12.876146300585864
8 83 100 12.724531698222494
8 83 101 12.834159165565085
8 84 2 12.763340284782588
8 84 3 12.725821250012546
8 84 4 12.831086672350862
8 84 5 12.984692214359928
8 84 6 13.025976175708445
8 84 7 12.85384474878992
8 84 8 12.947316938235005
8 84 9 12.805750492741756
8 84 10 12.571744121507942
8 84 11 12.856560256071003
8 84 12 12.638381913652633
8 84 13 12.88754942102785
8 84 14 12.814516769117569
8 84 15 12.815397206932676
8 84 16 12.919799966753496
8 84 17 12.976313917600153
8 84 18 12.877060821548552
8 84 19 12.770581584601485
8 84 20 12.868350125254196
8 84 21 12.862582201101278
8 84 22 12.67017625756371
8 84 91 12.822789762681964
8 84 92 13.004706594430372
8 84 93 12.84451518988178
8 84 94 12.968201385063143
8 84 95 12.844788511328781
8 84 96 12.810292315572424
8 84 97 12.909076472009021
8 84 98 12.624772695897036
8 84 99 12.851837160134135
8 84 100 12.818007114647308
8 84 101 12.935132433525435
8 84 102 12.875623248602139
8 85 2 12.96470579973418
8 85 3 12.831661857233598
8 85 4 12.91182124995154
8 85 5 12.97872613062386
8 85 6 13.059301477043697
8 85 7 12.658336644196051
8 85 8 12.830835075527762
8 85 9 13.06541936921294
8 85 10 12.95975008790797
8 85 11 12.672261778481936
8 85 12 12.757908640644699
8 85 13 12.72873022783397
8 85 14 12.772948855799775
8 85 15 12.781003650835109
8 85 16 12.84619201030758
8 85 17 12.822023550477692
8 85 18 12.830331052030386
8 85 19 12.769354756155881
8 85 20 12.883586808650003
8 85 91 12.852644268486603
8 85 92 12.831077916226642
8 85 93 12.908205988638407
8 85 94 12.848512931815568
8 85 95 12.801738097067846
8 85 96 12.787653034022474
8 85 97 12.597059436150504
8 85 98 12.77879744092712
8 85 99 12.848153974570005
8 85 100 12.875697384338844
8 85 101 12.775337012435031
8 85 102 12.754399775037637
8 86 2 13.0192180974447
8 86 3 12.674382585674179
8 86 4 12.678931063880661
8 86 5 12.955882190159004
8 86 6 12.936728567642367
8 86 7 12.918338996165977
8 86 8 12.88270271979514
8 86 9 12.886877923426427
8 86 10 13.06201863387544
8 86 11 12.960028616497288
8 86 12 12.892141144448154
8 86 13 12.796800302806313
8 86 14 12.983390231339362
8 86 15 12.759442368815398
8 86 16 12.795432324232479
8 86 17 12.85149422689153
8 86 91 12.862140698308389
8 86 92 12.777287152457323
8 86 93 12.903788019018613
8 86 94 12.987523262135642
8 86 95 12.876936218383255
8 86 96 12.705373611032885
8 86 97 12.893310670540963
8 86 98 12.756852997836203
8 86 99 12.956815716188478
8 86 100 12.96852873319764
8 86 101 12.99740436228918
8 86 102 12.978389830848041
8 87 2 12.81272034754686
8 87 3 12.79590199548675
8 87 4 12.76651729117812
8 87 5 13.014473318318446
8 87 6 13.221881341435829
8 87 7 12.878536380909313
8 87 8 12.853186720034987
8 87 9 12.68498316511234
8 87 10 12.906471642878138
8 87 11 12.616322369353773
8 87 12 12.657108313046932
8 87 13 13.127168629223561
8 87 14 12.893364559642757
8 87 91 12.813210522612431
8 87 92 12.870107882415583
8 87 93 12.853427003541082
8 87 94 12.979650147587892
8 87 95 12.745468615718577
8 87 96 12.838120896654058
8 87 97 12.848438527695498
8 87 98 12.694717265458959
8 87 99 12.866722966065604
8 87 100 13.257589548546758
8 87 101 12.920878934016338
8 87 102 12.848473690895348
8 88 2 12.754055395639872
8 88 3 12.996539798557526
8 88 4 12.969494553935826
8 88 5 12.946972969743694
8 88 6 12.77048920126176
8 88 7 12.8537787793372
8 88 8 12.736935004284714
8 88 9 12.915000400782397
8 88 10 12.791490337970306
8 88 11 12.903127260405617
8 88 91 12.694950694276784
8 88 92 12.916778065977336
8 88 93 12.727379236438138
8 88 94 12.665836806457984
8 88 95 12.880792997073806
8 88 96 12.836387054644081
8 88 97 13.140829247752444
8 88 98 12.712573622453995
8 88 99 12.847843821331498
8 88 100 12.679167081224799
8 88 101 12.904116182671515
8 88 102 12.971108960714059
8 89 2 12.673669168835357
8 89 3 12.753890813801961
8 89 4 12.767317783902383
8 89 5 12.72136504154134
8 89 6 12.753658588926227
8 89 7 12.636052450263003
8 89 8 12.828660230719475
8 89 9 12.979225914087596
8 89 10 12.757056175035629
8 89 91 12.832628015985001
8 89 92 12.78275405337178
8 89 93 12.722759268255638
8 89 94 12.971528946603192
8 89 95 12.877902490072312
8 89 96 12.776825388291222
8 89 97 12.80182636658981
8 89 98 12.807378588701514
8 89 99 12.66814187625059
8 89 100 12.984961546357173
8 89 101 12.8927476963756
8 89 102 12.643954726001928
8 90 2 12.772788895965517
8 90 3 12.845744200682423
8 90 4 12.836345931092783
8 90 5 12.767819912359817
8 90 6 12.967656813110397
8 90 7 12.972620421174474
8 90 8 12.885489506403324
8 90 92 12.877986686938609
8 90 93 12.926337592188283
8 90 94 12.921404968809803
8 90 95 12.946811381836254
8 90 96 12.845140604896715
8 90 97 12.874558423115097
8 90 98 12.927233899955516
8 90 99 12.870941640141078
8 90 100 12.856804170338265
8 90 101 13.069174911981493
8 90 102 12.913418178501397
8 91 2 12.881769420960923
8 91 3 12.834280091356854
8 91 4 12.999465341923182
8 91 5 12.902341559594996
8 91 6 13.00656703575021
8 91 93 12.832660325580639
8 91 94 12.822787929970202
8 91 95 12.780514062914644
8 91 96 12.973938512824244
8 91 97 12.831895929847915
8 91 98 12.994594250991478
8 91 99 12.989480625561841
8 91 100 12.952811679933653
8 91 101 12.868181913171314
8 91 102 12.779896128116826
8 91 103 12.744630604868497
8 92 2 13.02749259328888
8 92 3 12.95720456208589
8 92 4 12.772180806017316
8 92 5 13.167816720824785
8 92 95 13.103360524235704
8 92 96 12.932086177573154
8 92 97 12.73547379930124
8 92 98 12.67406818067267
8 92 99 12.88626873918519
8 92 100 12.834627583057276
8 92 101 12.698715047236742
8 92 102 12.764606507871967
8 92 103 12.776093675398396
8 93 2 12.994461602143726
8 93 3 12.986522691032592
8 93 96 12.681811931019025
8 93 97 13.009911504639437
8 93 98 12.99105796867912
8 93 99 12.822299558205446
8 93 100 12.85087362729365
8 93 101 12.883134087286747
8 93 102 12.885245018959035
8 93 103 12.991176675805248
8 94 96 13.004543538303464
8 94 97 12.80860305107708
8 94 98 12.948059460970047
8 94 99 12.920500215044767
8 94 100 12.89331220191824
8 94 101 12.935741037450345
8 94 102 12.825660637810868
8 94 103 12.937149547066358
8 95 97 12.585008810897005
8 95 98 12.566808477122164
8 95 99 12.682992859913549
8 95 100 12.987391276829632
8 95 101 12.67538343572505
8 95 102 12.805244049320978
8 95 103 12.823942712329446
8 96 97 12.879059800258075
8 96 98 12.826549548441433
8 96 99 12.827481858646458
8 96 100 12.856310471011668
8 96 101 12.709216017826225
8 96 102 12.830152815044917
8 96 103 12.765560415801941
8 97 98 12.7166414758946
8 97 99 12.74294486811386
8 97 100 12.941189720376626
8 97 101 12.812490139250547
8 97 102 12.60250426536374
8 97 103 12.808186299358692
8 98 98 12.703525747467953
8 98 99 12.78516233553301
8 98 100 12.730434378012616
8 98 101 12.838516552064972
8 98 102 12.909212607733382
8 98 103 12.909272055191856
8 99 98 12.81800411064509
8 99 99 12.796506147796881
8 99 100 12.595696312719735
8 99 101 12.864240103241977
8 99 102 13.218156903865808
8 99 103 12.815676344690589
8 100 98 12.953892249269135
8 100 99 12.893598172649464
8 100 100 12.795207578920026
8 100 101 12.825779974258841
8 100 102 12.91014475238697
8 100 103 12.734244594529585
8 101 99 12.964682299939575
8 101 100 12.71153715278913
8 101 101 12.80623312553195
8 101 102 12.893954645226733
8 101 103 12.667368075425786
8 102 99 12.672103333090428
8 102 100 12.828432390000575
8 102 101 12.814475426035147
8 102 102 12.787258656556896
8 102 103 12.9951965666006
8 103 99 12.992862680131381
8 103 100 12.790269327095151
8 103 101 12.688615320566798
8 103 102 12.786052805203132
8 103 103 13.070872363249318
8 104 99 12.850677108624296
8 104 100 12.875273999830005
8 104 101 12.786448083636754
8 104 102 13.07909890628062
8 104 103 12.843154906784896
8 105 99 12.851043550006008
8 105 100 12.942903505988587
8 105 101 12.964751135223592
8 105 102 12.911340087834045
8 105 103 13.0193770777702
8 106 99 12.963864841597545
8 106 100 12.72981765019636
8 106 101 12.935191588280697
8 106 102 12.853756664154417
8 106 103 12.797163187334657
8 107 99 12.563673133478007
8 107 100 12.846497122676508
8 107 101 12.821808835541374
8 107 102 12.645551447596091
8 107 103 13.020811731962883
8 108 99 12.86779975867244
8 108 100 12.886240545320897
8 108 101 12.791259715082846
8 108 102 12.981110089654468
8 108 103 12.927917059661935
8 109 99 12.864972524323866
8 109 100 12.648731224631975
8 109 101 12.913898499950308
8 109 102 12.95251513959491
8 109 103 13.05180583024237
8 110 100 13.07077445398357
8 110 101 13.020169650805501
8 110 102 12.925966329525131
8 110 103 12.732675453849048
8 111 100 12.890958913130497
8 111 101 12.865778358046786
8 111 102 12.559739978719616
8 111 103 12.719411538395018
8 112 100 12.930728791998986
8 112 101 12.68346535741444
8 112 102 13.052135554587043
8 112 103 12.845593015668987
8 113 100 13.094103608790473
8 113 101 13.040563548442089
8 113 102 12.85678751330934
8 114 100 12.82915389447192
8 114 101 12.756650303985122
8 114 102 12.699651743954718
8 115 100 12.861343237972264
8 115 101 12.883769425824001
8 115 102 13.040976592987985
8 116 100 12.823563765283742
8 116 101 12.837340403902733
8 116 102 12.88052684092403
8 117 100 12.717227030096868
8 117 101 12.611078534177171
8 117 102 12.814604015185875
8 118 100 12.775276127849578
8 118 101 12.91543203577563
8 119 100 12.843872700234337
8 119 101 12.859490504666622
8 120 100 12.964417812926762
8 120 101 12.760740064852884
8 121 100 12.724622149069656
8 121 101 12.911479614434707
