   1.000000E+30    1.000000E+30    1.000000E+30    1.000000E+30    1.000000E+30    1.000000E+30    1.000000E+30    1.000000E+30    1.000000E+30    1.000000E+30    1.000000E+30    1.000000E+30    1.000000E+30    1.000000E+30    1.000000E+30    1.000000E+30    1.000000E+30    1.000000E+30    1.000000E+30    1.000000E+30    1.000000E+30    1.000000E+30    1.000000E+30    1.000000E+30    1.000000E+30    1.000000E+30    1.000000E+30    1.000000E+30    1.000000E+30    1.000000E+30    1.000000E+30    1.000000E+30    1.000000E+30    1.000000E+30    1.000000E+30    1.000000E+30    1.000000E+30    1.000000E+30    1.000000E+30    1.000000E+30    1.000000E+30    1.000000E+30    1.000000E+30    1.000000E+30    1.000000E+30    1.000000E+30    1.000000E+30    1.000000E+30    1.000000E+30    1.000000E+30    1.000000E+30    1.000000E+30    1.000000E+30    1.000000E+30    1.000000E+30    1.000000E+30    1.000000E+30    1.000000E+30    1.000000E+30    1.904154E+01    1.884547E+01    1.866604E+01    1.790663E+01    1.806014E+01    1.807481E+01    1.801945E+01    1.807582E+01    1.798916E+01    1.809907E+01    1.801913E+01    1.837463E+01    1.843344E+01    1.846741E+01    1.803943E+01    1.853799E+01    1.835557E+01    1.809307E+01    1.814605E+01    1.788198E+01    1.811739E+01    1.785955E+01    1.787621E+01    1.000000E+30    1.000000E+30    1.000000E+30    1.000000E+30    1.000000E+30    1.000000E+30    1.000000E+30    1.000000E+30    1.000000E+30    1.000000E+30    1.000000E+30    1.000000E+30    1.000000E+30    1.000000E+30    1.000000E+30    1.000000E+30    1.000000E+30    1.000000E+30    1.000000E+30    1.000000E+30    1.000000E+30    1.000000E+30    1.000000E+30    1.000000E+30    1.000000E+30    1.000000E+30    1.000000E+30    1.000000E+30    1.000000E+30    1.000000E+30    1.000000E+30    1.000000E+30    1.000000E+30    1.000000E+30    1.000000E+30    1.000000E+30    1.000000E+30    1.000000E+30    1.000000E+30    1.000000E+30    1.000000E+30    1.000000E+30    1.000000E+30    1.000000E+30    1.000000E+30    1.000000E+30    1.000000E+30    1.000000E+30    1.000000E+30    1.000000E+30    1.000000E+30    1.000000E+30    1.000000E+30    1.000000E+30    1.000000E+30    1.000000E+30    1.000000E+30    1.000000E+30    1.000000E+30    1.000000E+30    1.000000E+30    1.000000E+30    1.000000E+30    1.000000E+30    1.000000E+30    1.000000E+30    1.000000E+30    1.000000E+30    1.000000E+30
   1.000000E+30    1.000000E+30    1.000000E+30    1.000000E+30    1.000000E+30    1.000000E+30    1.000000E+30    1.000000E+30    1.000000E+30    1.000000E+30    1.000000E+30    1.000000E+30    1.000000E+30    1.000000E+30    1.000000E+30    1.000000E+30    1.000000E+30    1.000000E+30    1.000000E+30    1.000000E+30    1.000000E+30    1.000000E+30    1.000000E+30    1.000000E+30    1.000000E+30    1.000000E+30    1.000000E+30    1.000000E+30    1.000000E+30    1.000000E+30    1.000000E+30    1.000000E+30    1.000000E+30    1.000000E+30    1.000000E+30    1.000000E+30    1.000000E+30    1.000000E+30    1.000000E+30    1.000000E+30    1.000000E+30    1.000000E+30    1.000000E+30    1.000000E+30    1.000000E+30    1.000000E+30    1.000000E+30    1.000000E+30    1.000000E+30    1.000000E+30    1.000000E+30    1.000000E+30    1.000000E+30    1.000000E+30    1.000000E+30    1.000000E+30    1.000000E+30    1.000000E+30    1.922023E+01    1.257213E+01    1.251033E+01    1.250068E+01    1.248607E+01    1.247785E+01    1.246747E+01    1.245548E+01    1.244344E+01    1.242912E+01    1.241497E+01    1.239779E+01    1.238158E+01    1.236138E+01    1.233999E+01    1.231223E+01    1.228822E+01    1.225360E+01    1.221622E+01    1.217633E+01    1.212752E+01    1.207910E+01    1.201892E+01    1.194451E+01    1.181347E+01    1.171716E+01    1.163935E+01    1.157271E+01    1.151434E+01    1.146110E+01    1.141104E+01    1.136437E+01    1.131932E+01    1.127706E+01    1.123613E+01    1.119723E+01    1.115972E+01    1.112368E+01    1.108862E+01    1.105373E+01    1.102013E+01    1.098705E+01    1.095461E+01    1.092315E+01    1.089262E+01    1.086155E+01    1.083058E+01    1.080044E+01    1.077042E+01    1.074013E+01    1.070993E+01    1.068007E+01    1.064957E+01    1.061981E+01    1.059048E+01    1.056217E+01    1.053464E+01    1.050803E+01    1.048912E+01    1.047622E+01    1.000000E+30    1.000000E+30    1.000000E+30    1.000000E+30    1.000000E+30    1.000000E+30    1.000000E+30    1.000000E+30    1.000000E+30    1.000000E+30    1.000000E+30    1.000000E+30    1.000000E+30    1.000000E+30    1.000000E+30    1.000000E+30    1.000000E+30    1.000000E+30    1.000000E+30    1.000000E+30    1.000000E+30    1.000000E+30    1.000000E+30    1.000000E+30    1.000000E+30    1.000000E+30    1.000000E+30    1.000000E+30    1.000000E+30    1.000000E+30    1.000000E+30    1.000000E+30    1.000000E+30
   1.000000E+30    1.000000E+30    1.000000E+30    1.000000E+30    1.000000E+30    1.000000E+30    1.000000E+30    1.000000E+30    1.000000E+30    1.000000E+30    1.000000E+30    1.000000E+30    1.000000E+30    1.000000E+30    1.000000E+30    1.000000E+30    1.000000E+30    1.000000E+30    1.000000E+30    1.000000E+30    1.000000E+30    1.000000E+30    1.000000E+30    1.000000E+30    1.000000E+30    1.000000E+30    1.000000E+30    1.000000E+30    1.000000E+30    1.000000E+30    1.000000E+30    1.000000E+30    1.000000E+30    1.000000E+30    1.000000E+30    1.000000E+30    1.000000E+30    1.000000E+30    1.000000E+30    1.000000E+30    1.000000E+30    1.000000E+30    1.000000E+30    1.000000E+30    1.000000E+30    1.000000E+30    1.000000E+30    1.000000E+30    1.000000E+30    1.000000E+30    1.000000E+30    1.000000E+30    1.000000E+30    1.000000E+30    1.000000E+30    1.000000E+30    1.919277E+01    1.962658E+01    1.250064E+01    1.238376E+01    1.237493E+01    1.236704E+01    1.235850E+01    1.234919E+01    1.233895E+01    1.232769E+01    1.231540E+01    1.230194E+01    1.228709E+01    1.227042E+01    1.225175E+01    1.223144E+01    1.220919E+01    1.218424E+01    1.215579E+01    1.212356E+01    1.208777E+01    1.204767E+01    1.200241E+01    1.195133E+01    1.189223E+01    1.182130E+01    1.173407E+01    1.165356E+01    1.158259E+01    1.151921E+01    1.146203E+01    1.140975E+01    1.136101E+01    1.131503E+01    1.127123E+01    1.122942E+01    1.118936E+01    1.115083E+01    1.111353E+01    1.107742E+01    1.104253E+01    1.100857E+01    1.097529E+01    1.094248E+01    1.091031E+01    1.087886E+01    1.084786E+01    1.081703E+01    1.078637E+01    1.075602E+01    1.072604E+01    1.069625E+01    1.066640E+01    1.063653E+01    1.060656E+01    1.057659E+01    1.054698E+01    1.051799E+01    1.048967E+01    1.046279E+01    1.043824E+01    1.041497E+01    1.042648E+01    1.041604E+01    1.040023E+01    1.038065E+01    1.036423E+01    1.034618E+01    1.032798E+01    1.030894E+01    1.028893E+01    1.026808E+01    1.024671E+01    1.022483E+01    1.020252E+01    1.017927E+01    1.015632E+01    1.013415E+01    1.011179E+01    1.008924E+01    1.006748E+01    1.004621E+01    1.002576E+01    1.000686E+01    9.988818E+00    9.971806E+00    9.955919E+00    9.942190E+00    9.930826E+00    9.921129E+00    9.913180E+00    9.906875E+00    9.902665E+00    9.901015E+00    1.000000E+30
   1.000000E+30    1.000000E+30    1.000000E+30    1.000000E+30    1.000000E+30    1.000000E+30    1.000000E+30    1.000000E+30    1.000000E+30    1.000000E+30    1.000000E+30    1.000000E+30    1.000000E+30    1.000000E+30    1.000000E+30    1.000000E+30    1.000000E+30    1.000000E+30    1.000000E+30    1.000000E+30    1.000000E+30    1.000000E+30    1.000000E+30    1.000000E+30    1.000000E+30    1.000000E+30    1.000000E+30    1.000000E+30    1.000000E+30    1.000000E+30    1.000000E+30    1.000000E+30    1.000000E+30    1.000000E+30    1.000000E+30    1.000000E+30    1.000000E+30    1.000000E+30    1.000000E+30    1.000000E+30    1.000000E+30    1.000000E+30    1.000000E+30    1.000000E+30    1.000000E+30    1.000000E+30    1.000000E+30    1.000000E+30    1.000000E+30    1.000000E+30    1.000000E+30    1.000000E+30    1.000000E+30    1.000000E+30    1.000000E+30    1.914544E+01    1.242235E+01    1.236861E+01    1.230573E+01    1.229751E+01    1.229042E+01    1.228290E+01    1.227466E+01    1.226553E+01    1.225548E+01    1.224455E+01    1.223268E+01    1.221963E+01    1.220508E+01    1.218875E+01    1.217097E+01    1.215146E+01    1.212962E+01    1.210486E+01    1.207671E+01    1.204556E+01    1.201079E+01    1.197197E+01    1.192845E+01    1.187944E+01    1.182406E+01    1.176163E+01    1.169271E+01    1.162507E+01    1.156184E+01    1.150347E+01    1.144936E+01    1.139871E+01    1.135120E+01    1.130622E+01    1.126325E+01    1.122209E+01    1.118254E+01    1.114464E+01    1.110763E+01    1.107205E+01    1.103739E+01    1.100370E+01    1.097070E+01    1.093817E+01    1.090628E+01    1.087500E+01    1.084395E+01    1.081313E+01    1.078252E+01    1.075220E+01    1.072221E+01    1.069244E+01    1.066262E+01    1.063263E+01    1.060246E+01    1.057221E+01    1.054210E+01    1.051227E+01    1.048330E+01    1.045578E+01    1.042889E+01    1.040063E+01    1.037228E+01    1.036448E+01    1.035267E+01    1.033802E+01    1.032174E+01    1.030443E+01    1.028612E+01    1.026695E+01    1.024697E+01    1.022620E+01    1.020475E+01    1.018277E+01    1.016032E+01    1.013755E+01    1.011459E+01    1.009163E+01    1.006894E+01    1.004654E+01    1.002453E+01    1.000317E+01    9.982670E+00    9.963244E+00    9.945107E+00    9.928349E+00    9.912969E+00    9.899194E+00    9.887168E+00    9.877061E+00    9.868992E+00    9.862989E+00    9.859296E+00    9.896389E+00    1.000000E+30
   1.000000E+30    1.000000E+30    1.000000E+30    1.000000E+30    1.000000E+30    1.000000E+30    1.000000E+30    1.000000E+30    1.000000E+30    1.000000E+30    1.000000E+30    1.000000E+30    1.000000E+30    1.000000E+30    1.000000E+30    1.000000E+30    1.000000E+30    1.000000E+30    1.000000E+30    1.000000E+30    1.000000E+30    1.000000E+30    1.000000E+30    1.000000E+30    1.000000E+30    1.000000E+30    1.000000E+30    1.000000E+30    1.000000E+30    1.000000E+30    1.000000E+30    1.000000E+30    1.000000E+30    1.000000E+30    1.000000E+30    1.000000E+30    1.000000E+30    1.000000E+30    1.000000E+30    1.000000E+30    1.000000E+30    1.000000E+30    1.000000E+30    1.000000E+30    1.000000E+30    1.000000E+30    1.000000E+30    1.000000E+30    1.000000E+30    1.000000E+30    1.000000E+30    1.000000E+30    1.000000E+30    1.960559E+01    1.937879E+01    1.233916E+01    1.222965E+01    1.222407E+01    1.221833E+01    1.221243E+01    1.220601E+01    1.219904E+01    1.219128E+01    1.218261E+01    1.217305E+01    1.216271E+01    1.215140E+01    1.213880E+01    1.212474E+01    1.210945E+01    1.209262E+01    1.207359E+01    1.205208E+01    1.202782E+01    1.200089E+01    1.197118E+01    1.193787E+01    1.190077E+01    1.185962E+01    1.181401E+01    1.176355E+01    1.170862E+01    1.165058E+01    1.159232E+01    1.153583E+01    1.148255E+01    1.143184E+01    1.138349E+01    1.133774E+01    1.129414E+01    1.125225E+01    1.121196E+01    1.117349E+01    1.113580E+01    1.109956E+01    1.106459E+01    1.103064E+01    1.099737E+01    1.096458E+01    1.093254E+01    1.090100E+01    1.086969E+01    1.083870E+01    1.080805E+01    1.077759E+01    1.074728E+01    1.071725E+01    1.068749E+01    1.065769E+01    1.062749E+01    1.059705E+01    1.056644E+01    1.053564E+01    1.050535E+01    1.047647E+01    1.044824E+01    1.041899E+01    1.038625E+01    1.037381E+01    1.036324E+01    1.035058E+01    1.033565E+01    1.031928E+01    1.030180E+01    1.028328E+01    1.026386E+01    1.024366E+01    1.022264E+01    1.020095E+01    1.017869E+01    1.015589E+01    1.013279E+01    1.010961E+01    1.008642E+01    1.006330E+01    1.004055E+01    1.001823E+01    9.996547E+00    9.975752E+00    9.956025E+00    9.937602E+00    9.920568E+00    9.905007E+00    9.891110E+00    9.878913E+00    9.868644E+00    9.860412E+00    9.854304E+00    9.850507E+00    9.887443E+00    1.000000E+30
   1.000000E+30    1.000000E+30    1.000000E+30    1.000000E+30    1.000000E+30    1.000000E+30    1.000000E+30    1.000000E+30    1.000000E+30    1.000000E+30    1.000000E+30    1.000000E+30    1.000000E+30    1.000000E+30    1.000000E+30    1.000000E+30    1.000000E+30    1.000000E+30    1.000000E+30    1.000000E+30    1.000000E+30    1.000000E+30    1.000000E+30    1.000000E+30    1.000000E+30    1.000000E+30    1.000000E+30    1.000000E+30    1.000000E+30    1.000000E+30    1.000000E+30    1.000000E+30    1.000000E+30    1.000000E+30    1.000000E+30    1.000000E+30    1.000000E+30    1.000000E+30    1.000000E+30    1.000000E+30    1.000000E+30    1.000000E+30    1.000000E+30    1.000000E+30    1.000000E+30    1.000000E+30    1.000000E+30    1.000000E+30    1.000000E+30    1.000000E+30    1.000000E+30    1.000000E+30    1.946330E+01    1.225635E+01    1.219977E+01    1.214373E+01    1.213967E+01    1.213620E+01    1.213197E+01    1.212701E+01    1.212143E+01    1.211519E+01    1.210812E+01    1.210018E+01    1.209140E+01    1.208176E+01    1.207099E+01    1.205914E+01    1.204616E+01    1.203189E+01    1.201562E+01    1.199718E+01    1.197643E+01    1.195336E+01    1.192787E+01    1.189957E+01    1.186808E+01    1.183315E+01    1.179466E+01    1.175268E+01    1.170718E+01    1.165859E+01    1.160786E+01    1.155639E+01    1.150602E+01    1.145732E+01    1.140995E+01    1.136436E+01    1.132075E+01    1.127871E+01    1.123807E+01    1.119931E+01    1.116140E+01    1.112473E+01    1.108943E+01    1.105528E+01    1.102198E+01    1.098910E+01    1.095686E+01    1.092524E+01    1.089387E+01    1.086285E+01    1.083211E+01    1.080162E+01    1.077130E+01    1.074111E+01    1.071096E+01    1.068118E+01    1.065134E+01    1.062095E+01    1.059021E+01    1.055898E+01    1.052787E+01    1.049805E+01    1.046912E+01    1.043960E+01    1.040967E+01    1.038848E+01    1.037470E+01    1.036235E+01    1.034856E+01    1.033305E+01    1.031630E+01    1.029851E+01    1.027966E+01    1.025982E+01    1.023917E+01    1.021782E+01    1.019578E+01    1.017303E+01    1.014973E+01    1.012620E+01    1.010260E+01    1.007892E+01    1.005530E+01    1.003207E+01    1.000930E+01    9.987169E+00    9.965893E+00    9.945720E+00    9.926948E+00    9.909584E+00    9.893736E+00    9.879527E+00    9.867033E+00    9.856499E+00    9.848022E+00    9.841720E+00    9.837879E+00    9.876342E+00    1.000000E+30
   1.000000E+30    1.000000E+30    1.000000E+30    1.000000E+30    1.000000E+30    1.000000E+30    1.000000E+30    1.000000E+30    1.000000E+30    1.000000E+30    1.000000E+30    1.000000E+30    1.000000E+30    1.000000E+30    1.000000E+30    1.000000E+30    1.000000E+30    1.000000E+30    1.000000E+30    1.000000E+30    1.000000E+30    1.000000E+30    1.000000E+30    1.000000E+30    1.000000E+30    1.000000E+30    1.000000E+30    1.000000E+30    1.000000E+30    1.000000E+30    1.000000E+30    1.000000E+30    1.000000E+30    1.000000E+30    1.000000E+30    1.000000E+30    1.000000E+30    1.000000E+30    1.000000E+30    1.000000E+30    1.000000E+30    1.000000E+30    1.000000E+30    1.000000E+30    1.000000E+30    1.000000E+30    1.000000E+30    1.000000E+30    1.000000E+30    1.000000E+30    1.989629E+01    1.984993E+01    1.216898E+01    1.205639E+01    1.205469E+01    1.205309E+01    1.205125E+01    1.204867E+01    1.204537E+01    1.204142E+01    1.203682E+01    1.203141E+01    1.202522E+01    1.201826E+01    1.201043E+01    1.200148E+01    1.199171E+01    1.198102E+01    1.196908E+01    1.195539E+01    1.193986E+01    1.192237E+01    1.190287E+01    1.188120E+01    1.185713E+01    1.183044E+01    1.180087E+01    1.176826E+01    1.173273E+01    1.169437E+01    1.165327E+01    1.160979E+01    1.156463E+01    1.151885E+01    1.147343E+01    1.142867E+01    1.138478E+01    1.134209E+01    1.130068E+01    1.126040E+01    1.122167E+01    1.118391E+01    1.114728E+01    1.111173E+01    1.107726E+01    1.104392E+01    1.101127E+01    1.097904E+01    1.094735E+01    1.091609E+01    1.088511E+01    1.085449E+01    1.082412E+01    1.079388E+01    1.076379E+01    1.073376E+01    1.070367E+01    1.067352E+01    1.064344E+01    1.061317E+01    1.058197E+01    1.055033E+01    1.051981E+01    1.049030E+01    1.046024E+01    1.042828E+01    1.039043E+01    1.038378E+01    1.037326E+01    1.036054E+01    1.034583E+01    1.032969E+01    1.031239E+01    1.029413E+01    1.027486E+01    1.025458E+01    1.023341E+01    1.021149E+01    1.018887E+01    1.016556E+01    1.014170E+01    1.011757E+01    1.009327E+01    1.006894E+01    1.004476E+01    1.002085E+01    9.997459E+00    9.974693E+00    9.952815E+00    9.932166E+00    9.912897E+00    9.895013E+00    9.878742E+00    9.864100E+00    9.851171E+00    9.840317E+00    9.831668E+00    9.825179E+00    9.821206E+00    9.858697E+00    1.000000E+30
   1.000000E+30    1.000000E+30    1.000000E+30    1.000000E+30    1.000000E+30    1.000000E+30    1.000000E+30    1.000000E+30    1.000000E+30    1.000000E+30    1.000000E+30    1.000000E+30    1.000000E+30    1.000000E+30    1.000000E+30    1.000000E+30    1.000000E+30    1.000000E+30    1.000000E+30    1.000000E+30    1.000000E+30    1.000000E+30    1.000000E+30    1.000000E+30    1.000000E+30    1.000000E+30    1.000000E+30    1.000000E+30    1.000000E+30    1.000000E+30    1.000000E+30    1.000000E+30    1.000000E+30    1.000000E+30    1.000000E+30    1.000000E+30    1.000000E+30    1.000000E+30    1.000000E+30    1.000000E+30    1.000000E+30    1.000000E+30    1.000000E+30    1.000000E+30    1.000000E+30    1.000000E+30    1.000000E+30    1.000000E+30    1.922719E+01    1.946000E+01    1.207723E+01    1.202257E+01    1.196458E+01    1.196368E+01    1.196383E+01    1.196362E+01    1.196273E+01    1.196109E+01    1.195878E+01    1.195584E+01    1.195221E+01    1.194781E+01    1.194278E+01    1.193683E+01    1.192993E+01    1.192227E+01    1.191388E+01    1.190421E+01    1.189296E+01    1.188010E+01    1.186559E+01    1.184932E+01    1.183119E+01    1.181101E+01    1.178846E+01    1.176339E+01    1.173578E+01    1.170573E+01    1.167323E+01    1.163832E+01    1.160117E+01    1.156203E+01    1.152142E+01    1.148016E+01    1.143891E+01    1.139786E+01    1.135724E+01    1.131724E+01    1.127808E+01    1.124012E+01    1.120277E+01    1.116660E+01    1.113132E+01    1.109675E+01    1.106319E+01    1.103059E+01    1.099857E+01    1.096710E+01    1.093615E+01    1.090543E+01    1.087491E+01    1.084470E+01    1.081476E+01    1.078492E+01    1.075504E+01    1.072513E+01    1.069514E+01    1.066496E+01    1.063465E+01    1.060406E+01    1.057258E+01    1.054145E+01    1.051143E+01    1.048101E+01    1.045038E+01    1.042093E+01    1.039426E+01    1.038352E+01    1.037191E+01    1.035808E+01    1.034233E+01    1.032546E+01    1.030751E+01    1.028870E+01    1.026892E+01    1.024802E+01    1.022627E+01    1.020371E+01    1.018040E+01    1.015636E+01    1.013183E+01    1.010692E+01    1.008170E+01    1.005655E+01    1.003155E+01    1.000680E+01    9.982564E+00    9.958995E+00    9.936432E+00    9.915137E+00    9.895225E+00    9.876758E+00    9.859890E+00    9.844770E+00    9.831553E+00    9.820446E+00    9.811476E+00    9.804529E+00    9.800063E+00    9.836771E+00    1.000000E+30
   1.000000E+30    1.000000E+30    1.000000E+30    1.000000E+30    1.000000E+30    1.000000E+30    1.000000E+30    1.000000E+30    1.000000E+30    1.000000E+30    1.000000E+30    1.000000E+30    1.000000E+30    1.000000E+30    1.000000E+30    1.000000E+30    1.000000E+30    1.000000E+30    1.000000E+30    1.000000E+30    1.000000E+30    1.000000E+30    1.000000E+30    1.000000E+30    1.000000E+30    1.000000E+30    1.000000E+30    1.000000E+30    1.000000E+30    1.000000E+30    1.000000E+30    1.000000E+30    1.000000E+30    1.000000E+30    1.000000E+30    1.000000E+30    1.000000E+30    1.000000E+30    1.000000E+30    1.000000E+30    1.000000E+30    1.000000E+30    1.000000E+30    1.000000E+30    1.000000E+30    1.000000E+30    1.000000E+30    1.890236E+01    1.197062E+01    1.192211E+01    1.186870E+01    1.186996E+01    1.187107E+01    1.187226E+01    1.187327E+01    1.187394E+01    1.187400E+01    1.187347E+01    1.187226E+01    1.187038E+01    1.186785E+01    1.186471E+01    1.186072E+01    1.185578E+01    1.185039E+01    1.184435E+01    1.183699E+01    1.182814E+01    1.181780E+01    1.180604E+01    1.179279E+01    1.177790E+01    1.176122E+01    1.174247E+01    1.172141E+01    1.169813E+01    1.167276E+01    1.164526E+01    1.161562E+01    1.158397E+01    1.155036E+01    1.151493E+01    1.147828E+01    1.144097E+01    1.140323E+01    1.136552E+01    1.132783E+01    1.129035E+01    1.125366E+01    1.121779E+01    1.118216E+01    1.114751E+01    1.111349E+01    1.107987E+01    1.104707E+01    1.101523E+01    1.098412E+01    1.095355E+01    1.092331E+01    1.089321E+01    1.086332E+01    1.083363E+01    1.080416E+01    1.077465E+01    1.074501E+01    1.071530E+01    1.068549E+01    1.065540E+01    1.062506E+01    1.059397E+01    1.056293E+01    1.053261E+01    1.050160E+01    1.046915E+01    1.043671E+01    1.041066E+01    1.039569E+01    1.038324E+01    1.037005E+01    1.035487E+01    1.033807E+01    1.032039E+01    1.030170E+01    1.028227E+01    1.026186E+01    1.024029E+01    1.021783E+01    1.019449E+01    1.017037E+01    1.014554E+01    1.012010E+01    1.009417E+01    1.006794E+01    1.004168E+01    1.001558E+01    9.989830E+00    9.964592E+00    9.940091E+00    9.916642E+00    9.894521E+00    9.873812E+00    9.854744E+00    9.837487E+00    9.821970E+00    9.808272E+00    9.796484E+00    9.786707E+00    9.779064E+00    9.774000E+00    9.810114E+00    1.000000E+30
   1.000000E+30    1.000000E+30    1.000000E+30    1.000000E+30    1.000000E+30    1.000000E+30    1.000000E+30    1.000000E+30    1.000000E+30    1.000000E+30    1.000000E+30    1.000000E+30    1.000000E+30    1.000000E+30    1.000000E+30    1.000000E+30    1.000000E+30    1.000000E+30    1.000000E+30    1.000000E+30    1.000000E+30    1.000000E+30    1.000000E+30    1.000000E+30    1.000000E+30    1.000000E+30    1.000000E+30    1.000000E+30    1.000000E+30    1.000000E+30    1.000000E+30    1.000000E+30    1.000000E+30    1.000000E+30    1.000000E+30    1.000000E+30    1.000000E+30    1.000000E+30    1.000000E+30    1.000000E+30    1.000000E+30    1.000000E+30    1.000000E+30    1.000000E+30    1.000000E+30    1.842126E+01    1.878830E+01    1.186773E+01    1.176760E+01    1.177001E+01    1.177292E+01    1.177590E+01    1.177844E+01    1.178065E+01    1.178261E+01    1.178413E+01    1.178519E+01    1.178583E+01    1.178588E+01    1.178532E+01    1.178406E+01    1.178202E+01    1.177915E+01    1.177584E+01    1.177202E+01    1.176703E+01    1.176062E+01    1.175283E+01    1.174371E+01    1.173319E+01    1.172130E+01    1.170785E+01    1.169261E+01    1.167521E+01    1.165579E+01    1.163457E+01    1.161148E+01    1.158646E+01    1.155955E+01    1.153089E+01    1.150041E+01    1.146836E+01    1.143524E+01    1.140128E+01    1.136670E+01    1.133190E+01    1.129692E+01    1.126194E+01    1.122782E+01    1.119376E+01    1.115989E+01    1.112639E+01    1.109352E+01    1.106113E+01    1.102919E+01    1.099813E+01    1.096822E+01    1.093868E+01    1.090906E+01    1.087964E+01    1.085041E+01    1.082132E+01    1.079226E+01    1.076314E+01    1.073387E+01    1.070445E+01    1.067484E+01    1.064499E+01    1.061444E+01    1.058380E+01    1.055378E+01    1.052290E+01    1.049013E+01    1.045500E+01    1.041647E+01    1.040693E+01    1.039484E+01    1.038182E+01    1.036721E+01    1.035068E+01    1.033298E+01    1.031444E+01    1.029504E+01    1.027481E+01    1.025360E+01    1.023135E+01    1.020808E+01    1.018392E+01    1.015892E+01    1.013307E+01    1.010646E+01    1.007933E+01    1.005186E+01    1.002429E+01    9.996971E+00    9.969977E+00    9.943516E+00    9.917849E+00    9.893348E+00    9.870350E+00    9.849012E+00    9.829491E+00    9.811588E+00    9.795155E+00    9.780502E+00    9.767775E+00    9.757030E+00    9.748398E+00    9.742465E+00    9.777474E+00    1.000000E+30
   1.000000E+30    1.000000E+30    1.000000E+30    1.000000E+30    1.000000E+30    1.000000E+30    1.000000E+30    1.000000E+30    1.000000E+30    1.000000E+30    1.000000E+30    1.000000E+30    1.000000E+30    1.000000E+30    1.000000E+30    1.000000E+30    1.000000E+30    1.000000E+30    1.000000E+30    1.000000E+30    1.000000E+30    1.000000E+30    1.000000E+30    1.000000E+30    1.000000E+30    1.000000E+30    1.000000E+30    1.000000E+30    1.000000E+30    1.000000E+30    1.000000E+30    1.000000E+30    1.000000E+30    1.000000E+30    1.000000E+30    1.000000E+30    1.000000E+30    1.000000E+30    1.000000E+30    1.000000E+30    1.000000E+30    1.000000E+30    1.000000E+30    1.000000E+30    1.795858E+01    1.175455E+01    1.171459E+01    1.166665E+01    1.166992E+01    1.167424E+01    1.167822E+01    1.168202E+01    1.168557E+01    1.168882E+01    1.169173E+01    1.169420E+01    1.169633E+01    1.169822E+01    1.169973E+01    1.170056E+01    1.170051E+01    1.169976E+01    1.169867E+01    1.169701E+01    1.169415E+01    1.169002E+01    1.168478E+01    1.167835E+01    1.167067E+01    1.166159E+01    1.165106E+01    1.163899E+01    1.162509E+01    1.160921E+01    1.159175E+01    1.157266E+01    1.155183E+01    1.152922E+01    1.150487E+01    1.147885E+01    1.145117E+01    1.142219E+01    1.139219E+01    1.136097E+01    1.132918E+01    1.129711E+01    1.126474E+01    1.123251E+01    1.120016E+01    1.116779E+01    1.113540E+01    1.110346E+01    1.107209E+01    1.104099E+01    1.101014E+01    1.098017E+01    1.095127E+01    1.092250E+01    1.089349E+01    1.086464E+01    1.083614E+01    1.080771E+01    1.077917E+01    1.075054E+01    1.072165E+01    1.069256E+01    1.066338E+01    1.063360E+01    1.060362E+01    1.057427E+01    1.054428E+01    1.051226E+01    1.047881E+01    1.044343E+01    1.042184E+01    1.040715E+01    1.039351E+01    1.037922E+01    1.036308E+01    1.034537E+01    1.032689E+01    1.030751E+01    1.028730E+01    1.026629E+01    1.024427E+01    1.022118E+01    1.019706E+01    1.017197E+01    1.014588E+01    1.011880E+01    1.009088E+01    1.006239E+01    1.003352E+01    1.000453E+01    9.975687E+00    9.947198E+00    9.919270E+00    9.892294E+00    9.866782E+00    9.842983E+00    9.820834E+00    9.800295E+00    9.781288E+00    9.763894E+00    9.748204E+00    9.734160E+00    9.721832E+00    9.711623E+00    9.704460E+00    9.737675E+00    1.000000E+30
   1.000000E+30    1.000000E+30    1.000000E+30    1.000000E+30    1.000000E+30    1.000000E+30    1.000000E+30    1.000000E+30    1.000000E+30    1.000000E+30    1.000000E+30    1.000000E+30    1.000000E+30    1.000000E+30    1.000000E+30    1.000000E+30    1.000000E+30    1.000000E+30    1.000000E+30    1.000000E+30    1.000000E+30    1.000000E+30    1.000000E+30    1.000000E+30    1.000000E+30    1.000000E+30    1.000000E+30    1.000000E+30    1.000000E+30    1.000000E+30    1.000000E+30    1.000000E+30    1.000000E+30    1.000000E+30    1.000000E+30    1.000000E+30    1.000000E+30    1.000000E+30    1.000000E+30    1.000000E+30    1.000000E+30    1.000000E+30    1.745628E+01    1.758446E+01    1.164778E+01    1.156055E+01    1.156418E+01    1.156870E+01    1.157368E+01    1.157864E+01    1.158342E+01    1.158801E+01    1.159246E+01    1.159669E+01    1.160055E+01    1.160411E+01    1.160751E+01    1.161074E+01    1.161358E+01    1.161568E+01    1.161719E+01    1.161831E+01    1.161886E+01    1.161825E+01    1.161640E+01    1.161348E+01    1.160961E+01    1.160473E+01    1.159858E+01    1.159101E+01    1.158189E+01    1.157112E+01    1.155862E+01    1.154464E+01    1.152926E+01    1.151227E+01    1.149357E+01    1.147319E+01    1.145118E+01    1.142758E+01    1.140259E+01    1.137641E+01    1.134873E+01    1.131996E+01    1.129084E+01    1.126144E+01    1.123171E+01    1.120129E+01    1.117085E+01    1.114021E+01    1.110966E+01    1.107949E+01    1.104947E+01    1.101961E+01    1.099014E+01    1.096114E+01    1.093296E+01    1.090488E+01    1.087648E+01    1.084835E+01    1.082070E+01    1.079284E+01    1.076488E+01    1.073677E+01    1.070836E+01    1.067980E+01    1.065099E+01    1.062183E+01    1.059335E+01    1.056467E+01    1.053388E+01    1.050102E+01    1.046790E+01    1.044184E+01    1.042195E+01    1.040598E+01    1.039083E+01    1.037504E+01    1.035759E+01    1.033895E+01    1.031963E+01    1.029948E+01    1.027849E+01    1.025665E+01    1.023374E+01    1.020972E+01    1.018467E+01    1.015851E+01    1.013122E+01    1.010282E+01    1.007349E+01    1.004348E+01    1.001303E+01    9.982372E+00    9.951668E+00    9.921409E+00    9.891915E+00    9.863513E+00    9.836692E+00    9.811518E+00    9.788133E+00    9.766636E+00    9.746777E+00    9.728361E+00    9.711309E+00    9.695396E+00    9.680837E+00    9.668341E+00    9.659483E+00    9.691228E+00    1.000000E+30
   1.000000E+30    1.000000E+30    1.000000E+30    1.000000E+30    1.000000E+30    1.000000E+30    1.000000E+30    1.000000E+30    1.000000E+30    1.000000E+30    1.000000E+30    1.000000E+30    1.000000E+30    1.000000E+30    1.000000E+30    1.000000E+30    1.000000E+30    1.000000E+30    1.000000E+30    1.000000E+30    1.000000E+30    1.000000E+30    1.000000E+30    1.000000E+30    1.000000E+30    1.000000E+30    1.000000E+30    1.000000E+30    1.000000E+30    1.000000E+30    1.000000E+30    1.000000E+30    1.000000E+30    1.000000E+30    1.000000E+30    1.000000E+30    1.000000E+30    1.000000E+30    1.000000E+30    1.000000E+30    1.000000E+30    1.717542E+01    1.153563E+01    1.149733E+01    1.145674E+01    1.146068E+01    1.146585E+01    1.147138E+01    1.147707E+01    1.148270E+01    1.148825E+01    1.149367E+01    1.149903E+01    1.150425E+01    1.150922E+01    1.151405E+01    1.151883E+01    1.152332E+01    1.152732E+01    1.153111E+01    1.153462E+01    1.153736E+01    1.153899E+01    1.153947E+01    1.153895E+01    1.153754E+01    1.153521E+01    1.153182E+01    1.152717E+01    1.152113E+01    1.151351E+01    1.150421E+01    1.149348E+01    1.148147E+01    1.146799E+01    1.145292E+01    1.143624E+01    1.141796E+01    1.139820E+01    1.137703E+01    1.135457E+01    1.133046E+01    1.130493E+01    1.127883E+01    1.125227E+01    1.122535E+01    1.119738E+01    1.116910E+01    1.114053E+01    1.111174E+01    1.108302E+01    1.105431E+01    1.102554E+01    1.099712E+01    1.096884E+01    1.094075E+01    1.091329E+01    1.088577E+01    1.085813E+01    1.083094E+01    1.080389E+01    1.077661E+01    1.074935E+01    1.072190E+01    1.069416E+01    1.066618E+01    1.063787E+01    1.061028E+01    1.058319E+01    1.055441E+01    1.052298E+01    1.048873E+01    1.044813E+01    1.043443E+01    1.041847E+01    1.040252E+01    1.038653E+01    1.036941E+01    1.035081E+01    1.033131E+01    1.031111E+01    1.029018E+01    1.026843E+01    1.024578E+01    1.022196E+01    1.019700E+01    1.017082E+01    1.014340E+01    1.011491E+01    1.008526E+01    1.005439E+01    1.002267E+01    9.990414E+00    9.957762E+00    9.925075E+00    9.892817E+00    9.861172E+00    9.830696E+00    9.801972E+00    9.774985E+00    9.750515E+00    9.728214E+00    9.707530E+00    9.688148E+00    9.669602E+00    9.651495E+00    9.634161E+00    9.618659E+00    9.607189E+00    9.637165E+00    1.000000E+30
   1.000000E+30    1.000000E+30    1.000000E+30    1.000000E+30    1.000000E+30    1.000000E+30    1.000000E+30    1.000000E+30    1.000000E+30    1.000000E+30    1.000000E+30    1.000000E+30    1.000000E+30    1.000000E+30    1.000000E+30    1.000000E+30    1.000000E+30    1.000000E+30    1.000000E+30    1.000000E+30    1.000000E+30    1.000000E+30    1.000000E+30    1.000000E+30    1.000000E+30    1.000000E+30    1.000000E+30    1.000000E+30    1.000000E+30    1.000000E+30    1.000000E+30    1.000000E+30    1.000000E+30    1.000000E+30    1.000000E+30    1.000000E+30    1.000000E+30    1.000000E+30    1.000000E+30    1.763472E+01    1.751636E+01    1.143168E+01    1.134718E+01    1.135081E+01    1.135571E+01    1.136128E+01    1.136713E+01    1.137338E+01    1.137984E+01    1.138623E+01    1.139256E+01    1.139893E+01    1.140532E+01    1.141160E+01    1.141785E+01    1.142412E+01    1.143023E+01    1.143596E+01    1.144163E+01    1.144732E+01    1.145237E+01    1.145634E+01    1.145919E+01    1.146108E+01    1.146215E+01    1.146230E+01    1.146150E+01    1.145954E+01    1.145638E+01    1.145186E+01    1.144580E+01    1.143837E+01    1.142961E+01    1.141940E+01    1.140771E+01    1.139447E+01    1.137969E+01    1.136347E+01    1.134593E+01    1.132710E+01    1.130655E+01    1.128435E+01    1.126136E+01    1.123767E+01    1.121351E+01    1.118817E+01    1.116243E+01    1.113608E+01    1.110933E+01    1.108238E+01    1.105528E+01    1.102794E+01    1.100057E+01    1.097342E+01    1.094614E+01    1.091900E+01    1.089224E+01    1.086541E+01    1.083862E+01    1.081230E+01    1.078584E+01    1.075921E+01    1.073277E+01    1.070609E+01    1.067903E+01    1.065146E+01    1.062454E+01    1.059881E+01    1.057234E+01    1.054367E+01    1.051303E+01    1.048139E+01    1.044924E+01    1.043063E+01    1.041386E+01    1.039734E+01    1.038051E+01    1.036218E+01    1.034263E+01    1.032242E+01    1.030150E+01    1.027980E+01    1.025723E+01    1.023367E+01    1.020898E+01    1.018304E+01    1.015573E+01    1.012723E+01    1.009761E+01    1.006660E+01    1.003405E+01    1.000041E+01    9.966190E+00    9.931262E+00    9.895936E+00    9.860739E+00    9.826180E+00    9.792929E+00    9.761352E+00    9.732485E+00    9.707057E+00    9.683990E+00    9.662774E+00    9.642686E+00    9.622841E+00    9.602737E+00    9.582205E+00    9.562428E+00    9.546522E+00    9.574355E+00    1.000000E+30
   1.000000E+30    1.000000E+30    1.000000E+30    1.000000E+30    1.000000E+30    1.000000E+30    1.000000E+30    1.000000E+30    1.000000E+30    1.000000E+30    1.000000E+30    1.000000E+30    1.000000E+30    1.000000E+30    1.000000E+30    1.000000E+30    1.000000E+30    1.000000E+30    1.000000E+30    1.000000E+30    1.000000E+30    1.000000E+30    1.000000E+30    1.000000E+30    1.000000E+30    1.000000E+30    1.000000E+30    1.000000E+30    1.000000E+30    1.000000E+30    1.000000E+30    1.000000E+30    1.000000E+30    1.000000E+30    1.000000E+30    1.000000E+30    1.000000E+30    1.000000E+30    1.764530E+01    1.132632E+01    1.128175E+01    1.123968E+01    1.124330E+01    1.124841E+01    1.125428E+01    1.126064E+01    1.126734E+01    1.127432E+01    1.128153E+01    1.128883E+01    1.129624E+01    1.130373E+01    1.131129E+01    1.131890E+01    1.132662E+01    1.133431E+01    1.134175E+01    1.134923E+01    1.135664E+01    1.136356E+01    1.136968E+01    1.137506E+01    1.137947E+01    1.138311E+01    1.138587E+01    1.138766E+01    1.138832E+01    1.138781E+01    1.138617E+01    1.138322E+01    1.137897E+01    1.137349E+01    1.136653E+01    1.135812E+01    1.134823E+01    1.133683E+01    1.132399E+01    1.130984E+01    1.129450E+01    1.127741E+01    1.125853E+01    1.123865E+01    1.121797E+01    1.119651E+01    1.117392E+01    1.115066E+01    1.112671E+01    1.110215E+01    1.107726E+01    1.105212E+01    1.102656E+01    1.100064E+01    1.097464E+01    1.094859E+01    1.092229E+01    1.089616E+01    1.087019E+01    1.084402E+01    1.081807E+01    1.079246E+01    1.076663E+01    1.074083E+01    1.071502E+01    1.068896E+01    1.066252E+01    1.063608E+01    1.061112E+01    1.058643E+01    1.056005E+01    1.053165E+01    1.050240E+01    1.047328E+01    1.044501E+01    1.042529E+01    1.040753E+01    1.039042E+01    1.037253E+01    1.035322E+01    1.033307E+01    1.031227E+01    1.029073E+01    1.026832E+01    1.024499E+01    1.022068E+01    1.019527E+01    1.016840E+01    1.014012E+01    1.011053E+01    1.007953E+01    1.004688E+01    1.001275E+01    9.977319E+00    9.940308E+00    9.902080E+00    9.863418E+00    9.824594E+00    9.786231E+00    9.749115E+00    9.714102E+00    9.683470E+00    9.656908E+00    9.633475E+00    9.612396E+00    9.592573E+00    9.572644E+00    9.551313E+00    9.527445E+00    9.501806E+00    9.479468E+00    9.510967E+00    1.000000E+30
   1.000000E+30    1.000000E+30    1.000000E+30    1.000000E+30    1.000000E+30    1.000000E+30    1.000000E+30    1.000000E+30    1.000000E+30    1.000000E+30    1.000000E+30    1.000000E+30    1.000000E+30    1.000000E+30    1.000000E+30    1.000000E+30    1.000000E+30    1.000000E+30    1.000000E+30    1.000000E+30    1.000000E+30    1.000000E+30    1.000000E+30    1.000000E+30    1.000000E+30    1.000000E+30    1.000000E+30    1.000000E+30    1.000000E+30    1.000000E+30    1.000000E+30    1.000000E+30    1.000000E+30    1.000000E+30    1.000000E+30    1.000000E+30    1.748203E+01    1.732346E+01    1.121509E+01    1.112698E+01    1.113026E+01    1.113435E+01    1.113931E+01    1.114499E+01    1.115155E+01    1.115871E+01    1.116626E+01    1.117398E+01    1.118206E+01    1.119043E+01    1.119902E+01    1.120776E+01    1.121677E+01    1.122597E+01    1.123523E+01    1.124439E+01    1.125366E+01    1.126276E+01    1.127143E+01    1.127941E+01    1.128684E+01    1.129373E+01    1.129993E+01    1.130540E+01    1.130989E+01    1.131331E+01    1.131547E+01    1.131656E+01    1.131652E+01    1.131539E+01    1.131300E+01    1.130925E+01    1.130409E+01    1.129750E+01    1.128941E+01    1.127994E+01    1.126911E+01    1.125706E+01    1.124340E+01    1.122768E+01    1.121098E+01    1.119340E+01    1.117476E+01    1.115506E+01    1.113420E+01    1.111278E+01    1.109047E+01    1.106762E+01    1.104456E+01    1.102111E+01    1.099704E+01    1.097258E+01    1.094794E+01    1.092299E+01    1.089781E+01    1.087263E+01    1.084724E+01    1.082165E+01    1.079655E+01    1.077156E+01    1.074630E+01    1.072105E+01    1.069584E+01    1.067073E+01    1.064505E+01    1.062036E+01    1.059683E+01    1.057244E+01    1.054598E+01    1.051837E+01    1.049080E+01    1.046393E+01    1.043876E+01    1.041775E+01    1.039931E+01    1.038153E+01    1.036265E+01    1.034264E+01    1.032204E+01    1.030075E+01    1.027867E+01    1.025572E+01    1.023178E+01    1.020687E+01    1.018072E+01    1.015298E+01    1.012366E+01    1.009284E+01    1.006055E+01    1.002645E+01    9.990048E+00    9.951555E+00    9.911540E+00    9.870281E+00    9.827913E+00    9.784762E+00    9.741590E+00    9.699507E+00    9.660392E+00    9.627469E+00    9.600276E+00    9.577838E+00    9.558886E+00    9.541987E+00    9.524640E+00    9.504361E+00    9.478342E+00    9.443278E+00    9.403802E+00    9.426449E+00    1.000000E+30
   1.000000E+30    1.000000E+30    1.000000E+30    1.000000E+30    1.000000E+30    1.000000E+30    1.000000E+30    1.000000E+30    1.000000E+30    1.000000E+30    1.000000E+30    1.000000E+30    1.000000E+30    1.000000E+30    1.000000E+30    1.000000E+30    1.000000E+30    1.000000E+30    1.000000E+30    1.000000E+30    1.000000E+30    1.000000E+30    1.000000E+30    1.000000E+30    1.000000E+30    1.000000E+30    1.000000E+30    1.000000E+30    1.000000E+30    1.000000E+30    1.000000E+30    1.000000E+30    1.000000E+30    1.000000E+30    1.000000E+30    1.701831E+01    1.109785E+01    1.105743E+01    1.101646E+01    1.101960E+01    1.102388E+01    1.102865E+01    1.103425E+01    1.104055E+01    1.104776E+01    1.105556E+01    1.106376E+01    1.107233E+01    1.108131E+01    1.109075E+01    1.110059E+01    1.111094E+01    1.112162E+01    1.113246E+01    1.114340E+01    1.115451E+01    1.116554E+01    1.117591E+01    1.118584E+01    1.119532E+01    1.120437E+01    1.121287E+01    1.122085E+01    1.122809E+01    1.123434E+01    1.123939E+01    1.124319E+01    1.124594E+01    1.124764E+01    1.124829E+01    1.124763E+01    1.124562E+01    1.124231E+01    1.123756E+01    1.123134E+01    1.122379E+01    1.121495E+01    1.120464E+01    1.119216E+01    1.117845E+01    1.116396E+01    1.114837E+01    1.113161E+01    1.111331E+01    1.109445E+01    1.107462E+01    1.105382E+01    1.103280E+01    1.101156E+01    1.098960E+01    1.096675E+01    1.094389E+01    1.092070E+01    1.089677E+01    1.087251E+01    1.084809E+01    1.082332E+01    1.079861E+01    1.077424E+01    1.074948E+01    1.072462E+01    1.070023E+01    1.067627E+01    1.065157E+01    1.062713E+01    1.060416E+01    1.058117E+01    1.055663E+01    1.053035E+01    1.050373E+01    1.047741E+01    1.045201E+01    1.042823E+01    1.040739E+01    1.038879E+01    1.037041E+01    1.035071E+01    1.033022E+01    1.030935E+01    1.028778E+01    1.026534E+01    1.024207E+01    1.021771E+01    1.019219E+01    1.016522E+01    1.013666E+01    1.010647E+01    1.007450E+01    1.004021E+01    1.000338E+01    9.964333E+00    9.923709E+00    9.881351E+00    9.836959E+00    9.790456E+00    9.741811E+00    9.692761E+00    9.645615E+00    9.601812E+00    9.567430E+00    9.541649E+00    9.521936E+00    9.507238E+00    9.495478E+00    9.482413E+00    9.465090E+00    9.437012E+00    9.380314E+00    9.282200E+00    9.295403E+00    1.000000E+30
   1.000000E+30    1.000000E+30    1.000000E+30    1.000000E+30    1.000000E+30    1.000000E+30    1.000000E+30    1.000000E+30    1.000000E+30    1.000000E+30    1.000000E+30    1.000000E+30    1.000000E+30    1.000000E+30    1.000000E+30    1.000000E+30    1.000000E+30    1.000000E+30    1.000000E+30    1.000000E+30    1.000000E+30    1.000000E+30    1.000000E+30    1.000000E+30    1.000000E+30    1.000000E+30    1.000000E+30    1.000000E+30    1.000000E+30    1.000000E+30    1.000000E+30    1.000000E+30    1.000000E+30    1.653230E+01    1.687855E+01    1.098672E+01    1.090291E+01    1.090476E+01    1.090806E+01    1.091207E+01    1.091659E+01    1.092222E+01    1.092864E+01    1.093548E+01    1.094266E+01    1.095073E+01    1.095949E+01    1.096887E+01    1.097878E+01    1.098940E+01    1.100086E+01    1.101299E+01    1.102555E+01    1.103844E+01    1.105135E+01    1.106426E+01    1.107675E+01    1.108872E+01    1.110020E+01    1.111141E+01    1.112225E+01    1.113254E+01    1.114223E+01    1.115119E+01    1.115924E+01    1.116607E+01    1.117168E+01    1.117614E+01    1.117952E+01    1.118181E+01    1.118289E+01    1.118272E+01    1.118121E+01    1.117831E+01    1.117403E+01    1.116837E+01    1.116125E+01    1.115199E+01    1.114131E+01    1.112990E+01    1.111726E+01    1.110348E+01    1.108805E+01    1.107169E+01    1.105463E+01    1.103617E+01    1.101725E+01    1.099818E+01    1.097855E+01    1.095769E+01    1.093651E+01    1.091533E+01    1.089296E+01    1.086972E+01    1.084626E+01    1.082258E+01    1.079862E+01    1.077462E+01    1.075046E+01    1.072624E+01    1.070272E+01    1.067977E+01    1.065570E+01    1.063158E+01    1.060891E+01    1.058662E+01    1.056379E+01    1.053902E+01    1.051315E+01    1.048731E+01    1.046197E+01    1.043752E+01    1.041459E+01    1.039442E+01    1.037591E+01    1.035687E+01    1.033654E+01    1.031589E+01    1.029497E+01    1.027329E+01    1.025085E+01    1.022743E+01    1.020269E+01    1.017672E+01    1.014923E+01    1.011983E+01    1.008802E+01    1.005366E+01    1.001692E+01    9.978056E+00    9.937467E+00    9.895214E+00    9.850602E+00    9.803080E+00    9.752328E+00    9.698872E+00    9.644974E+00    9.593201E+00    9.536428E+00    9.498540E+00    9.475796E+00    9.457738E+00    9.448407E+00    9.444605E+00    9.436715E+00    9.425813E+00    9.408864E+00    9.339977E+00    9.436053E+00    9.495550E+00    1.000000E+30
   1.000000E+30    1.000000E+30    1.000000E+30    1.000000E+30    1.000000E+30    1.000000E+30    1.000000E+30    1.000000E+30    1.000000E+30    1.000000E+30    1.000000E+30    1.000000E+30    1.000000E+30    1.000000E+30    1.000000E+30    1.000000E+30    1.000000E+30    1.000000E+30    1.000000E+30    1.000000E+30    1.000000E+30    1.000000E+30    1.000000E+30    1.000000E+30    1.000000E+30    1.000000E+30    1.000000E+30    1.000000E+30    1.000000E+30    1.000000E+30    1.000000E+30    1.617801E+01    1.662163E+01    1.088326E+01    1.083986E+01    1.079492E+01    1.079383E+01    1.079523E+01    1.079844E+01    1.080287E+01    1.080841E+01    1.081502E+01    1.082193E+01    1.082894E+01    1.083574E+01    1.084389E+01    1.085321E+01    1.086339E+01    1.087440E+01    1.088657E+01    1.089981E+01    1.091366E+01    1.092835E+01    1.094355E+01    1.095852E+01    1.097303E+01    1.098724E+01    1.100118E+01    1.101460E+01    1.102765E+01    1.104035E+01    1.105258E+01    1.106406E+01    1.107468E+01    1.108438E+01    1.109305E+01    1.110059E+01    1.110690E+01    1.111195E+01    1.111594E+01    1.111882E+01    1.112048E+01    1.112078E+01    1.111970E+01    1.111729E+01    1.111339E+01    1.110745E+01    1.109975E+01    1.109123E+01    1.108163E+01    1.107074E+01    1.105835E+01    1.104477E+01    1.103041E+01    1.101491E+01    1.099833E+01    1.098123E+01    1.096377E+01    1.094560E+01    1.092635E+01    1.090681E+01    1.088606E+01    1.086420E+01    1.084187E+01    1.081920E+01    1.079624E+01    1.077300E+01    1.074969E+01    1.072639E+01    1.070349E+01    1.068103E+01    1.065747E+01    1.063366E+01    1.061124E+01    1.058934E+01    1.056746E+01    1.054450E+01    1.051961E+01    1.049428E+01    1.046907E+01    1.044453E+01    1.042069E+01    1.039844E+01    1.037899E+01    1.036047E+01    1.034069E+01    1.032015E+01    1.029972E+01    1.027897E+01    1.025751E+01    1.023524E+01    1.021182E+01    1.018710E+01    1.016067E+01    1.013190E+01    1.010070E+01    1.006695E+01    1.003083E+01    9.992532E+00    9.952329E+00    9.910536E+00    9.866791E+00    9.820414E+00    9.771509E+00    9.720428E+00    9.663364E+00    9.597626E+00    9.537523E+00    9.432210E+00    9.387176E+00    9.380903E+00    9.364613E+00    9.367560E+00    9.383777E+00    9.380578E+00    9.382408E+00    9.429279E+00    9.569401E+00    9.643375E+00    9.705674E+00    1.000000E+30
   1.000000E+30    1.000000E+30    1.000000E+30    1.000000E+30    1.000000E+30    1.000000E+30    1.000000E+30    1.000000E+30    1.000000E+30    1.000000E+30    1.000000E+30    1.000000E+30    1.000000E+30    1.000000E+30    1.000000E+30    1.000000E+30    1.000000E+30    1.000000E+30    1.000000E+30    1.000000E+30    1.000000E+30    1.000000E+30    1.000000E+30    1.000000E+30    1.000000E+30    1.000000E+30    1.000000E+30    1.000000E+30    1.000000E+30    1.000000E+30    1.526380E+01    1.076670E+01    1.074986E+01    1.069937E+01    1.068772E+01    1.068434E+01    1.068291E+01    1.068304E+01    1.068661E+01    1.069203E+01    1.069846E+01    1.070567E+01    1.071396E+01    1.072142E+01    1.072778E+01    1.073530E+01    1.074503E+01    1.075608E+01    1.076852E+01    1.078233E+01    1.079727E+01    1.081321E+01    1.082992E+01    1.084693E+01    1.086398E+01    1.088065E+01    1.089693E+01    1.091307E+01    1.092887E+01    1.094409E+01    1.095880E+01    1.097290E+01    1.098622E+01    1.099847E+01    1.100981E+01    1.102034E+01    1.102983E+01    1.103801E+01    1.104491E+01    1.105069E+01    1.105535E+01    1.105879E+01    1.106091E+01    1.106167E+01    1.106100E+01    1.105836E+01    1.105385E+01    1.104839E+01    1.104170E+01    1.103364E+01    1.102436E+01    1.101362E+01    1.100198E+01    1.098934E+01    1.097561E+01    1.096110E+01    1.094584E+01    1.092972E+01    1.091286E+01    1.089476E+01    1.087558E+01    1.085545E+01    1.083470E+01    1.081333E+01    1.079156E+01    1.076935E+01    1.074693E+01    1.072440E+01    1.070179E+01    1.067935E+01    1.065659E+01    1.063353E+01    1.061146E+01    1.058984E+01    1.056835E+01    1.054660E+01    1.052341E+01    1.049874E+01    1.047375E+01    1.044896E+01    1.042490E+01    1.040150E+01    1.038007E+01    1.036113E+01    1.034218E+01    1.032193E+01    1.030169E+01    1.028170E+01    1.026140E+01    1.024050E+01    1.021871E+01    1.019544E+01    1.017016E+01    1.014250E+01    1.011250E+01    1.008019E+01    1.004534E+01    1.000800E+01    9.968288E+00    9.926723E+00    9.883716E+00    9.839279E+00    9.794374E+00    9.747981E+00    9.698722E+00    9.628941E+00    9.523763E+00    9.507889E+00    9.614596E+00    9.651828E+00    9.669139E+00    9.674794E+00    9.685025E+00    9.700184E+00    9.712536E+00    9.727718E+00    9.757997E+00    9.808480E+00    9.844993E+00    9.905638E+00    1.000000E+30
   1.000000E+30    1.000000E+30    1.000000E+30    1.000000E+30    1.000000E+30    1.000000E+30    1.000000E+30    1.000000E+30    1.000000E+30    1.000000E+30    1.000000E+30    1.000000E+30    1.000000E+30    1.000000E+30    1.000000E+30    1.000000E+30    1.000000E+30    1.000000E+30    1.000000E+30    1.000000E+30    1.000000E+30    1.000000E+30    1.000000E+30    1.000000E+30    1.000000E+30    1.000000E+30    1.000000E+30    1.000000E+30    1.691688E+01    1.677342E+01    1.096709E+01    1.063554E+01    1.062233E+01    1.059095E+01    1.056797E+01    1.057056E+01    1.056813E+01    1.056655E+01    1.057173E+01    1.057751E+01    1.058370E+01    1.059315E+01    1.060363E+01    1.061269E+01    1.061882E+01    1.062521E+01    1.063474E+01    1.064670E+01    1.066062E+01    1.067590E+01    1.069293E+01    1.071126E+01    1.072992E+01    1.074862E+01    1.076777E+01    1.078698E+01    1.080588E+01    1.082446E+01    1.084274E+01    1.086040E+01    1.087736E+01    1.089342E+01    1.090852E+01    1.092261E+01    1.093586E+01    1.094827E+01    1.095961E+01    1.096967E+01    1.097845E+01    1.098607E+01    1.099249E+01    1.099764E+01    1.100151E+01    1.100412E+01    1.100479E+01    1.100350E+01    1.100106E+01    1.099751E+01    1.099252E+01    1.098605E+01    1.097831E+01    1.096931E+01    1.095937E+01    1.094846E+01    1.093661E+01    1.092376E+01    1.091002E+01    1.089525E+01    1.087914E+01    1.086156E+01    1.084322E+01    1.082431E+01    1.080456E+01    1.078419E+01    1.076335E+01    1.074204E+01    1.072026E+01    1.069816E+01    1.067601E+01    1.065393E+01    1.063178E+01    1.061002E+01    1.058863E+01    1.056741E+01    1.054603E+01    1.052414E+01    1.050096E+01    1.047646E+01    1.045153E+01    1.042694E+01    1.040319E+01    1.038008E+01    1.035928E+01    1.034051E+01    1.032086E+01    1.030064E+01    1.028111E+01    1.026190E+01    1.024239E+01    1.022219E+01    1.020062E+01    1.017711E+01    1.015141E+01    1.012338E+01    1.009299E+01    1.006009E+01    1.002440E+01    9.985720E+00    9.944121E+00    9.900964E+00    9.858430E+00    9.815948E+00    9.773831E+00    9.723377E+00    9.684098E+00    9.614585E+00    9.723562E+00    9.785923E+00    9.849983E+00    9.890238E+00    9.912202E+00    9.927736E+00    9.943609E+00    9.955800E+00    9.966174E+00    9.977691E+00    9.994544E+00    1.001780E+01    1.003792E+01    1.008760E+01    1.000000E+30
   1.000000E+30    1.000000E+30    1.000000E+30    1.000000E+30    1.000000E+30    1.000000E+30    1.000000E+30    1.000000E+30    1.000000E+30    1.000000E+30    1.000000E+30    1.000000E+30    1.000000E+30    1.000000E+30    1.000000E+30    1.000000E+30    1.000000E+30    1.000000E+30    1.000000E+30    1.000000E+30    1.000000E+30    1.000000E+30    1.000000E+30    1.000000E+30    1.000000E+30    1.000000E+30    1.000000E+30    1.722455E+01    1.156208E+01    1.132691E+01    1.105110E+01    1.081454E+01    1.055821E+01    1.046539E+01    1.041795E+01    1.045682E+01    1.044896E+01    1.044032E+01    1.045152E+01    1.045784E+01    1.046273E+01    1.047305E+01    1.048311E+01    1.049398E+01    1.050455E+01    1.051285E+01    1.052172E+01    1.053437E+01    1.054973E+01    1.056714E+01    1.058643E+01    1.060715E+01    1.062813E+01    1.064918E+01    1.067051E+01    1.069225E+01    1.071403E+01    1.073538E+01    1.075610E+01    1.077621E+01    1.079547E+01    1.081379E+01    1.083106E+01    1.084736E+01    1.086268E+01    1.087690E+01    1.089003E+01    1.090200E+01    1.091265E+01    1.092209E+01    1.093026E+01    1.093711E+01    1.094276E+01    1.094672E+01    1.094862E+01    1.094932E+01    1.094888E+01    1.094698E+01    1.094365E+01    1.093899E+01    1.093272E+01    1.092534E+01    1.091696E+01    1.090775E+01    1.089727E+01    1.088567E+01    1.087298E+01    1.085937E+01    1.084388E+01    1.082737E+01    1.081035E+01    1.079255E+01    1.077387E+01    1.075462E+01    1.073479E+01    1.071436E+01    1.069339E+01    1.067191E+01    1.065036E+01    1.062881E+01    1.060733E+01    1.058611E+01    1.056509E+01    1.054405E+01    1.052258E+01    1.050052E+01    1.047716E+01    1.045243E+01    1.042745E+01    1.040284E+01    1.037916E+01    1.035622E+01    1.033591E+01    1.031658E+01    1.029648E+01    1.027714E+01    1.025856E+01    1.023996E+01    1.022102E+01    1.020135E+01    1.018044E+01    1.015760E+01    1.013234E+01    1.010462E+01    1.007433E+01    1.004107E+01    1.000456E+01    9.964241E+00    9.920466E+00    9.876764E+00    9.836805E+00    9.790711E+00    9.750742E+00    9.671714E+00    9.694944E+00    9.852151E+00    9.953405E+00    1.001386E+01    1.006190E+01    1.009767E+01    1.012335E+01    1.014368E+01    1.016020E+01    1.017466E+01    1.018903E+01    1.020410E+01    1.022133E+01    1.024071E+01    1.025786E+01    1.030370E+01    1.000000E+30
   1.000000E+30    1.000000E+30    1.000000E+30    1.000000E+30    1.000000E+30    1.000000E+30    1.000000E+30    1.000000E+30    1.000000E+30    1.000000E+30    1.000000E+30    1.000000E+30    1.000000E+30    1.000000E+30    1.000000E+30    1.000000E+30    1.000000E+30    1.000000E+30    1.000000E+30    1.000000E+30    1.000000E+30    1.000000E+30    1.000000E+30    1.000000E+30    1.000000E+30    1.755303E+01    1.772293E+01    1.183823E+01    1.156018E+01    1.136727E+01    1.116718E+01    1.097277E+01    1.079354E+01    1.066373E+01    1.054529E+01    1.038671E+01    1.031700E+01    1.028495E+01    1.032863E+01    1.033320E+01    1.033093E+01    1.034581E+01    1.035453E+01    1.036423E+01    1.038054E+01    1.039495E+01    1.040524E+01    1.041899E+01    1.043595E+01    1.045570E+01    1.047738E+01    1.050051E+01    1.052431E+01    1.054825E+01    1.057229E+01    1.059654E+01    1.062101E+01    1.064519E+01    1.066863E+01    1.069125E+01    1.071301E+01    1.073396E+01    1.075389E+01    1.077265E+01    1.079011E+01    1.080621E+01    1.082116E+01    1.083501E+01    1.084749E+01    1.085868E+01    1.086855E+01    1.087717E+01    1.088444E+01    1.088944E+01    1.089323E+01    1.089591E+01    1.089711E+01    1.089686E+01    1.089518E+01    1.089209E+01    1.088726E+01    1.088139E+01    1.087466E+01    1.086667E+01    1.085730E+01    1.084692E+01    1.083533E+01    1.082247E+01    1.080815E+01    1.079295E+01    1.077715E+01    1.076038E+01    1.074287E+01    1.072473E+01    1.070586E+01    1.068635E+01    1.066618E+01    1.064549E+01    1.062452E+01    1.060356E+01    1.058256E+01    1.056167E+01    1.054094E+01    1.052006E+01    1.049842E+01    1.047592E+01    1.045193E+01    1.042675E+01    1.040140E+01    1.037674E+01    1.035273E+01    1.033004E+01    1.030972E+01    1.028972E+01    1.027004E+01    1.025130E+01    1.023276E+01    1.021456E+01    1.019678E+01    1.017844E+01    1.015920E+01    1.013779E+01    1.011364E+01    1.008681E+01    1.005698E+01    1.002368E+01    9.986555E+00    9.945809E+00    9.899867E+00    9.849559E+00    9.813209E+00    9.746197E+00    9.759721E+00    9.913543E+00    1.000484E+01    1.009800E+01    1.016942E+01    1.022386E+01    1.027026E+01    1.030974E+01    1.034234E+01    1.036855E+01    1.038918E+01    1.040949E+01    1.042904E+01    1.044797E+01    1.046598E+01    1.048328E+01    1.049747E+01    1.054067E+01    1.000000E+30
   1.000000E+30    1.000000E+30    1.000000E+30    1.000000E+30    1.000000E+30    1.000000E+30    1.000000E+30    1.000000E+30    1.000000E+30    1.000000E+30    1.000000E+30    1.000000E+30    1.000000E+30    1.000000E+30    1.000000E+30    1.000000E+30    1.000000E+30    1.000000E+30    1.000000E+30    1.000000E+30    1.000000E+30    1.000000E+30    1.000000E+30    1.000000E+30    1.814705E+01    1.222810E+01    1.203590E+01    1.181335E+01    1.163284E+01    1.145462E+01    1.127720E+01    1.110652E+01    1.095028E+01    1.081744E+01    1.069703E+01    1.057656E+01    1.047908E+01    1.038349E+01    1.023988E+01    1.020278E+01    1.017244E+01    1.022148E+01    1.022854E+01    1.023382E+01    1.025386E+01    1.026982E+01    1.028346E+01    1.030066E+01    1.031879E+01    1.034003E+01    1.036472E+01    1.039124E+01    1.041843E+01    1.044566E+01    1.047294E+01    1.050003E+01    1.052701E+01    1.055377E+01    1.058009E+01    1.060568E+01    1.063036E+01    1.065407E+01    1.067669E+01    1.069802E+01    1.071783E+01    1.073612E+01    1.075308E+01    1.076870E+01    1.078293E+01    1.079573E+01    1.080717E+01    1.081746E+01    1.082630E+01    1.083299E+01    1.083867E+01    1.084305E+01    1.084582E+01    1.084717E+01    1.084718E+01    1.084525E+01    1.084195E+01    1.083743E+01    1.083192E+01    1.082515E+01    1.081714E+01    1.080791E+01    1.079748E+01    1.078574E+01    1.077266E+01    1.075869E+01    1.074383E+01    1.072806E+01    1.071161E+01    1.069441E+01    1.067648E+01    1.065786E+01    1.063855E+01    1.061873E+01    1.059838E+01    1.057791E+01    1.055742E+01    1.053697E+01    1.051663E+01    1.049582E+01    1.047380E+01    1.045060E+01    1.042595E+01    1.040047E+01    1.037485E+01    1.034956E+01    1.032475E+01    1.030197E+01    1.028104E+01    1.026043E+01    1.024055E+01    1.022128E+01    1.020290E+01    1.018608E+01    1.017015E+01    1.015433E+01    1.013777E+01    1.011847E+01    1.009598E+01    1.007035E+01    1.004114E+01    1.000904E+01    9.973369E+00    9.934458E+00    9.878317E+00    9.795810E+00    9.815573E+00    9.980267E+00    1.007730E+01    1.017425E+01    1.025160E+01    1.032216E+01    1.038557E+01    1.044336E+01    1.049416E+01    1.053791E+01    1.057547E+01    1.060695E+01    1.063294E+01    1.065608E+01    1.067676E+01    1.069654E+01    1.071460E+01    1.073032E+01    1.074258E+01    1.078447E+01    1.000000E+30
   1.000000E+30    1.000000E+30    1.000000E+30    1.000000E+30    1.000000E+30    1.000000E+30    1.000000E+30    1.000000E+30    1.000000E+30    1.000000E+30    1.000000E+30    1.000000E+30    1.000000E+30    1.000000E+30    1.000000E+30    1.000000E+30    1.000000E+30    1.000000E+30    1.000000E+30    1.000000E+30    1.000000E+30    1.000000E+30    1.856145E+01    1.861014E+01    1.243156E+01    1.218639E+01    1.203083E+01    1.186801E+01    1.170347E+01    1.153954E+01    1.137846E+01    1.122387E+01    1.108000E+01    1.094901E+01    1.082827E+01    1.071512E+01    1.061329E+01    1.051640E+01    1.041531E+01    1.033812E+01    1.025742E+01    1.013561E+01    1.009476E+01    1.008605E+01    1.013049E+01    1.014069E+01    1.014842E+01    1.017609E+01    1.019747E+01    1.021974E+01    1.024855E+01    1.027995E+01    1.031164E+01    1.034229E+01    1.037256E+01    1.040262E+01    1.043230E+01    1.046175E+01    1.049088E+01    1.051973E+01    1.054764E+01    1.057414E+01    1.059947E+01    1.062335E+01    1.064564E+01    1.066641E+01    1.068554E+01    1.070301E+01    1.071893E+01    1.073332E+01    1.074642E+01    1.075814E+01    1.076876E+01    1.077782E+01    1.078504E+01    1.079076E+01    1.079502E+01    1.079808E+01    1.079932E+01    1.079903E+01    1.079718E+01    1.079387E+01    1.078920E+01    1.078372E+01    1.077702E+01    1.076896E+01    1.075962E+01    1.074908E+01    1.073729E+01    1.072441E+01    1.071043E+01    1.069561E+01    1.067999E+01    1.066364E+01    1.064659E+01    1.062883E+01    1.061042E+01    1.059127E+01    1.057170E+01    1.055177E+01    1.053197E+01    1.051217E+01    1.049218E+01    1.047114E+01    1.044873E+01    1.042508E+01    1.040019E+01    1.037429E+01    1.034775E+01    1.032109E+01    1.029496E+01    1.027103E+01    1.024858E+01    1.022654E+01    1.020576E+01    1.018616E+01    1.016869E+01    1.015404E+01    1.014141E+01    1.012969E+01    1.011663E+01    1.010028E+01    1.007993E+01    1.005622E+01    1.002858E+01    9.999577E+00    9.961608E+00    9.931312E+00    9.875687E+00    1.003134E+01    1.013836E+01    1.024747E+01    1.033153E+01    1.040968E+01    1.048097E+01    1.055032E+01    1.061572E+01    1.067563E+01    1.072906E+01    1.077540E+01    1.081565E+01    1.085063E+01    1.087987E+01    1.090513E+01    1.092738E+01    1.094750E+01    1.096527E+01    1.097969E+01    1.099051E+01    1.103149E+01    1.000000E+30
   1.000000E+30    1.000000E+30    1.000000E+30    1.000000E+30    1.000000E+30    1.000000E+30    1.000000E+30    1.000000E+30    1.000000E+30    1.000000E+30    1.000000E+30    1.000000E+30    1.000000E+30    1.000000E+30    1.000000E+30    1.000000E+30    1.000000E+30    1.000000E+30    1.000000E+30    1.000000E+30    1.000000E+30    1.871211E+01    1.272459E+01    1.256168E+01    1.237068E+01    1.222300E+01    1.207501E+01    1.192396E+01    1.177155E+01    1.161965E+01    1.147086E+01    1.132779E+01    1.119295E+01    1.106691E+01    1.094852E+01    1.083728E+01    1.073371E+01    1.063592E+01    1.054232E+01    1.045735E+01    1.037408E+01    1.028680E+01    1.021891E+01    1.015109E+01    1.003424E+01    1.000006E+01    9.972750E+00    1.004219E+01    1.006651E+01    1.008956E+01    1.012866E+01    1.016702E+01    1.020425E+01    1.023862E+01    1.027120E+01    1.030391E+01    1.033662E+01    1.036921E+01    1.040159E+01    1.043366E+01    1.046475E+01    1.049430E+01    1.052241E+01    1.054895E+01    1.057381E+01    1.059697E+01    1.061826E+01    1.063778E+01    1.065568E+01    1.067196E+01    1.068683E+01    1.070005E+01    1.071208E+01    1.072330E+01    1.073217E+01    1.073924E+01    1.074504E+01    1.074932E+01    1.075208E+01    1.075343E+01    1.075306E+01    1.075108E+01    1.074755E+01    1.074285E+01    1.073712E+01    1.073011E+01    1.072190E+01    1.071245E+01    1.070177E+01    1.068991E+01    1.067687E+01    1.066285E+01    1.064797E+01    1.063243E+01    1.061617E+01    1.059922E+01    1.058158E+01    1.056317E+01    1.054432E+01    1.052513E+01    1.050600E+01    1.048674E+01    1.046683E+01    1.044567E+01    1.042321E+01    1.039933E+01    1.037392E+01    1.034703E+01    1.031900E+01    1.029002E+01    1.026131E+01    1.023515E+01    1.020983E+01    1.018664E+01    1.016568E+01    1.014576E+01    1.012911E+01    1.011784E+01    1.011063E+01    1.010497E+01    1.009763E+01    1.008571E+01    1.006760E+01    1.004686E+01    1.001643E+01    9.993054E+00    9.932762E+00    9.955019E+00    1.015470E+01    1.029715E+01    1.039875E+01    1.048695E+01    1.056808E+01    1.064565E+01    1.071911E+01    1.078916E+01    1.085498E+01    1.091484E+01    1.096925E+01    1.101709E+01    1.105927E+01    1.109602E+01    1.112813E+01    1.115536E+01    1.117905E+01    1.119926E+01    1.121642E+01    1.122993E+01    1.123974E+01    1.128027E+01    1.000000E+30
   1.000000E+30    1.000000E+30    1.000000E+30    1.000000E+30    1.000000E+30    1.000000E+30    1.000000E+30    1.000000E+30    1.000000E+30    1.000000E+30    1.000000E+30    1.000000E+30    1.000000E+30    1.000000E+30    1.000000E+30    1.000000E+30    1.000000E+30    1.000000E+30    1.000000E+30    1.000000E+30    1.824177E+01    1.285481E+01    1.265371E+01    1.253069E+01    1.239825E+01    1.226148E+01    1.212166E+01    1.197977E+01    1.183716E+01    1.169516E+01    1.155598E+01    1.142182E+01    1.129397E+01    1.117293E+01    1.105791E+01    1.094862E+01    1.084526E+01    1.074765E+01    1.065540E+01    1.056757E+01    1.048243E+01    1.040015E+01    1.032535E+01    1.025233E+01    1.017351E+01    1.011278E+01    1.004670E+01    9.941936E+00    9.918827E+00    9.928061E+00    1.000082E+01    1.004970E+01    1.009456E+01    1.013436E+01    1.016896E+01    1.020406E+01    1.023987E+01    1.027606E+01    1.031208E+01    1.034747E+01    1.038190E+01    1.041469E+01    1.044569E+01    1.047505E+01    1.050256E+01    1.052802E+01    1.055149E+01    1.057321E+01    1.059318E+01    1.061146E+01    1.062805E+01    1.064297E+01    1.065633E+01    1.066901E+01    1.067974E+01    1.068847E+01    1.069583E+01    1.070148E+01    1.070576E+01    1.070838E+01    1.070944E+01    1.070871E+01    1.070643E+01    1.070266E+01    1.069765E+01    1.069154E+01    1.068434E+01    1.067585E+01    1.066611E+01    1.065517E+01    1.064302E+01    1.062982E+01    1.061571E+01    1.060087E+01    1.058527E+01    1.056905E+01    1.055210E+01    1.053446E+01    1.051625E+01    1.049787E+01    1.047906E+01    1.046033E+01    1.044063E+01    1.041973E+01    1.039733E+01    1.037313E+01    1.034677E+01    1.031827E+01    1.028762E+01    1.025487E+01    1.022266E+01    1.019219E+01    1.016349E+01    1.014125E+01    1.012238E+01    1.010183E+01    1.008529E+01    1.007883E+01    1.007905E+01    1.008141E+01    1.008263E+01    1.007631E+01    1.005500E+01    1.004230E+01    9.990623E+00    1.002498E+01    1.020177E+01    1.031431E+01    1.043885E+01    1.054759E+01    1.064181E+01    1.072956E+01    1.081284E+01    1.089113E+01    1.096459E+01    1.103363E+01    1.109852E+01    1.115818E+01    1.121266E+01    1.126123E+01    1.130422E+01    1.134258E+01    1.137661E+01    1.140557E+01    1.143049E+01    1.145119E+01    1.146820E+01    1.148133E+01    1.149047E+01    1.153082E+01    1.000000E+30
   1.000000E+30    1.000000E+30    1.000000E+30    1.000000E+30    1.000000E+30    1.000000E+30    1.000000E+30    1.000000E+30    1.000000E+30    1.000000E+30    1.000000E+30    1.000000E+30    1.000000E+30    1.000000E+30    1.000000E+30    1.000000E+30    1.000000E+30    1.000000E+30    1.000000E+30    1.832343E+01    1.298591E+01    1.279366E+01    1.267686E+01    1.255665E+01    1.243095E+01    1.230155E+01    1.216929E+01    1.203518E+01    1.190056E+01    1.176663E+01    1.163524E+01    1.150840E+01    1.138637E+01    1.126959E+01    1.115783E+01    1.105098E+01    1.094859E+01    1.085129E+01    1.075920E+01    1.067117E+01    1.058589E+01    1.050363E+01    1.042579E+01    1.035044E+01    1.027691E+01    1.021018E+01    1.014429E+01    1.007527E+01    1.002522E+01    9.976098E+00    9.883553E+00    9.923868E+00    9.982248E+00    1.002977E+01    1.006580E+01    1.010334E+01    1.014192E+01    1.018196E+01    1.022204E+01    1.026116E+01    1.029926E+01    1.033556E+01    1.036972E+01    1.040183E+01    1.043193E+01    1.045982E+01    1.048565E+01    1.050951E+01    1.053139E+01    1.055145E+01    1.056974E+01    1.058640E+01    1.060150E+01    1.061537E+01    1.062793E+01    1.063839E+01    1.064720E+01    1.065443E+01    1.065994E+01    1.066372E+01    1.066609E+01    1.066678E+01    1.066571E+01    1.066298E+01    1.065875E+01    1.065332E+01    1.064676E+01    1.063931E+01    1.063048E+01    1.062032E+01    1.060900E+01    1.059659E+01    1.058325E+01    1.056901E+01    1.055405E+01    1.053845E+01    1.052208E+01    1.050512E+01    1.048757E+01    1.046969E+01    1.045152E+01    1.043340E+01    1.041409E+01    1.039354E+01    1.037117E+01    1.034644E+01    1.031884E+01    1.028827E+01    1.025432E+01    1.021717E+01    1.017969E+01    1.014166E+01    1.011043E+01    1.009404E+01    1.008257E+01    1.005577E+01    1.003095E+01    1.002971E+01    1.004031E+01    1.005379E+01    1.007063E+01    1.007762E+01    1.002942E+01    1.008201E+01    1.025837E+01    1.037501E+01    1.049471E+01    1.059778E+01    1.070002E+01    1.079930E+01    1.089262E+01    1.098033E+01    1.106299E+01    1.114064E+01    1.121351E+01    1.128184E+01    1.134601E+01    1.140552E+01    1.145969E+01    1.150856E+01    1.155219E+01    1.159150E+01    1.162638E+01    1.165682E+01    1.168251E+01    1.170389E+01    1.172131E+01    1.173471E+01    1.174396E+01    1.178425E+01    1.000000E+30
   1.000000E+30    1.000000E+30    1.000000E+30    1.000000E+30    1.000000E+30    1.000000E+30    1.000000E+30    1.000000E+30    1.000000E+30    1.000000E+30    1.000000E+30    1.000000E+30    1.000000E+30    1.000000E+30    1.000000E+30    1.000000E+30    1.000000E+30    1.000000E+30    1.000000E+30    1.854837E+01    1.297267E+01    1.282079E+01    1.270623E+01    1.258848E+01    1.246724E+01    1.234337E+01    1.221749E+01    1.209005E+01    1.196214E+01    1.183496E+01    1.170993E+01    1.158881E+01    1.147179E+01    1.135892E+01    1.125006E+01    1.114548E+01    1.104480E+01    1.094828E+01    1.085634E+01    1.076836E+01    1.068319E+01    1.060081E+01    1.052184E+01    1.044558E+01    1.037185E+01    1.030242E+01    1.023561E+01    1.017127E+01    1.011454E+01    1.005949E+01    9.997055E+00    9.952897E+00    9.867327E+00    9.923263E+00    9.956203E+00    1.000120E+01    1.004215E+01    1.008629E+01    1.013134E+01    1.017505E+01    1.021709E+01    1.025706E+01    1.029457E+01    1.032964E+01    1.036233E+01    1.039268E+01    1.042083E+01    1.044667E+01    1.047043E+01    1.049227E+01    1.051225E+01    1.053054E+01    1.054731E+01    1.056260E+01    1.057657E+01    1.058875E+01    1.059909E+01    1.060771E+01    1.061434E+01    1.061936E+01    1.062291E+01    1.062498E+01    1.062533E+01    1.062371E+01    1.062035E+01    1.061567E+01    1.060982E+01    1.060306E+01    1.059505E+01    1.058557E+01    1.057485E+01    1.056304E+01    1.055039E+01    1.053679E+01    1.052239E+01    1.050721E+01    1.049138E+01    1.047501E+01    1.045811E+01    1.044084E+01    1.042371E+01    1.040608E+01    1.038742E+01    1.036730E+01    1.034504E+01    1.031997E+01    1.029154E+01    1.025918E+01    1.022219E+01    1.018053E+01    1.013480E+01    1.008556E+01    1.004508E+01    1.003950E+01    1.005447E+01    9.999068E+00    9.938833E+00    9.957200E+00    9.989698E+00    1.001723E+01    1.006817E+01    1.013771E+01    1.030778E+01    1.042466E+01    1.054901E+01    1.065562E+01    1.076006E+01    1.086110E+01    1.096119E+01    1.105771E+01    1.114887E+01    1.123461E+01    1.131573E+01    1.139268E+01    1.146534E+01    1.153364E+01    1.159756E+01    1.165709E+01    1.171097E+01    1.175989E+01    1.180415E+01    1.184379E+01    1.187931E+01    1.191048E+01    1.193666E+01    1.195882E+01    1.197709E+01    1.199144E+01    1.200170E+01    1.204221E+01    1.000000E+30
   1.000000E+30    1.000000E+30    1.000000E+30    1.000000E+30    1.000000E+30    1.000000E+30    1.000000E+30    1.000000E+30    1.000000E+30    1.000000E+30    1.000000E+30    1.000000E+30    1.000000E+30    1.000000E+30    1.000000E+30    1.000000E+30    1.000000E+30    1.000000E+30    1.870880E+01    1.315262E+01    1.296381E+01    1.285254E+01    1.273978E+01    1.262444E+01    1.250655E+01    1.238683E+01    1.226605E+01    1.214429E+01    1.202197E+01    1.190036E+01    1.178072E+01    1.166442E+01    1.155158E+01    1.144208E+01    1.133593E+01    1.123323E+01    1.113418E+01    1.103883E+01    1.094741E+01    1.085986E+01    1.077509E+01    1.069266E+01    1.061311E+01    1.053649E+01    1.046225E+01    1.039117E+01    1.032317E+01    1.025790E+01    1.019658E+01    1.013678E+01    1.007592E+01    1.001511E+01    9.935951E+00    9.828120E+00    9.812620E+00    9.894577E+00    9.936670E+00    9.989438E+00    1.004082E+01    1.008978E+01    1.013586E+01    1.017952E+01    1.022053E+01    1.025875E+01    1.029410E+01    1.032683E+01    1.035699E+01    1.038479E+01    1.041038E+01    1.043390E+01    1.045558E+01    1.047551E+01    1.049376E+01    1.051054E+01    1.052591E+01    1.053957E+01    1.055122E+01    1.056113E+01    1.056921E+01    1.057554E+01    1.058028E+01    1.058336E+01    1.058488E+01    1.058465E+01    1.058246E+01    1.057879E+01    1.057388E+01    1.056762E+01    1.055997E+01    1.055099E+01    1.054071E+01    1.052937E+01    1.051712E+01    1.050395E+01    1.048993E+01    1.047511E+01    1.045977E+01    1.044396E+01    1.042784E+01    1.041149E+01    1.039539E+01    1.037840E+01    1.036065E+01    1.034131E+01    1.031962E+01    1.029491E+01    1.026647E+01    1.023340E+01    1.019441E+01    1.014841E+01    1.009093E+01    1.001496E+01    9.925835E+00    9.947306E+00    1.009642E+01    1.014808E+01    1.017635E+01    1.022137E+01    1.027549E+01    1.033257E+01    1.039712E+01    1.047846E+01    1.059050E+01    1.070036E+01    1.081161E+01    1.091859E+01    1.102433E+01    1.112626E+01    1.122431E+01    1.131829E+01    1.140781E+01    1.149217E+01    1.157229E+01    1.164866E+01    1.172105E+01    1.178916E+01    1.185303E+01    1.191259E+01    1.196668E+01    1.201584E+01    1.206045E+01    1.210071E+01    1.213644E+01    1.216778E+01    1.219462E+01    1.221762E+01    1.223658E+01    1.225164E+01    1.226234E+01    1.230308E+01    1.000000E+30
   1.000000E+30    1.000000E+30    1.000000E+30    1.000000E+30    1.000000E+30    1.000000E+30    1.000000E+30    1.000000E+30    1.000000E+30    1.000000E+30    1.000000E+30    1.000000E+30    1.000000E+30    1.000000E+30    1.000000E+30    1.000000E+30    1.000000E+30    1.000000E+30    1.881060E+01    1.314522E+01    1.299678E+01    1.288711E+01    1.277597E+01    1.266312E+01    1.254832E+01    1.243195E+01    1.231509E+01    1.219779E+01    1.208018E+01    1.196320E+01    1.184805E+01    1.173588E+01    1.162673E+01    1.152020E+01    1.141641E+01    1.131554E+01    1.121782E+01    1.112354E+01    1.103281E+01    1.094581E+01    1.086172E+01    1.077965E+01    1.069974E+01    1.062266E+01    1.054817E+01    1.047635E+01    1.040732E+01    1.034056E+01    1.027621E+01    1.021325E+01    1.014993E+01    1.008498E+01    1.001525E+01    9.943653E+00    9.887167E+00    9.810655E+00    9.807505E+00    9.888377E+00    9.952703E+00    1.000722E+01    1.005662E+01    1.010366E+01    1.014810E+01    1.018934E+01    1.022730E+01    1.026213E+01    1.029420E+01    1.032380E+01    1.035101E+01    1.037616E+01    1.039948E+01    1.042103E+01    1.044075E+01    1.045902E+01    1.047570E+01    1.049055E+01    1.050351E+01    1.051476E+01    1.052438E+01    1.053223E+01    1.053822E+01    1.054248E+01    1.054497E+01    1.054591E+01    1.054502E+01    1.054233E+01    1.053834E+01    1.053262E+01    1.052520E+01    1.051652E+01    1.050658E+01    1.049558E+01    1.048347E+01    1.047043E+01    1.045667E+01    1.044214E+01    1.042717E+01    1.041198E+01    1.039675E+01    1.038153E+01    1.036628E+01    1.035034E+01    1.033390E+01    1.031591E+01    1.029554E+01    1.027207E+01    1.024470E+01    1.021211E+01    1.017280E+01    1.012382E+01    1.005396E+01    9.932319E+00    1.002515E+01    1.011870E+01    1.022838E+01    1.031066E+01    1.037687E+01    1.044315E+01    1.051096E+01    1.058209E+01    1.066049E+01    1.075107E+01    1.085592E+01    1.096636E+01    1.107822E+01    1.118728E+01    1.129226E+01    1.139284E+01    1.148937E+01    1.158175E+01    1.166983E+01    1.175372E+01    1.183393E+01    1.191035E+01    1.198270E+01    1.205081E+01    1.211468E+01    1.217400E+01    1.222861E+01    1.227825E+01    1.232351E+01    1.236413E+01    1.239941E+01    1.243076E+01    1.245794E+01    1.248071E+01    1.249927E+01    1.251352E+01    1.252336E+01    1.256369E+01    1.000000E+30
   1.000000E+30    1.000000E+30    1.000000E+30    1.000000E+30    1.000000E+30    1.000000E+30    1.000000E+30    1.000000E+30    1.000000E+30    1.000000E+30    1.000000E+30    1.000000E+30    1.000000E+30    1.000000E+30    1.000000E+30    1.000000E+30    1.000000E+30    1.000000E+30    1.891919E+01    1.318137E+01    1.303262E+01    1.292362E+01    1.281396E+01    1.270322E+01    1.259127E+01    1.247810E+01    1.236447E+01    1.225077E+01    1.213706E+01    1.202399E+01    1.191246E+01    1.180371E+01    1.169771E+01    1.159399E+01    1.149244E+01    1.139331E+01    1.129699E+01    1.120362E+01    1.111365E+01    1.102714E+01    1.094370E+01    1.086222E+01    1.078250E+01    1.070482E+01    1.062967E+01    1.055720E+01    1.048739E+01    1.041963E+01    1.035367E+01    1.028873E+01    1.022394E+01    1.015831E+01    1.009144E+01    1.002602E+01    9.967406E+00    9.908557E+00    9.858135E+00    9.789828E+00    9.865437E+00    9.927478E+00    9.980237E+00    1.002988E+01    1.007748E+01    1.012165E+01    1.016202E+01    1.019883E+01    1.023260E+01    1.026371E+01    1.029243E+01    1.031910E+01    1.034391E+01    1.036691E+01    1.038821E+01    1.040786E+01    1.042591E+01    1.044215E+01    1.045633E+01    1.046886E+01    1.047985E+01    1.048917E+01    1.049655E+01    1.050216E+01    1.050585E+01    1.050765E+01    1.050773E+01    1.050596E+01    1.050270E+01    1.049732E+01    1.049034E+01    1.048189E+01    1.047226E+01    1.046138E+01    1.044928E+01    1.043632E+01    1.042254E+01    1.040811E+01    1.039346E+01    1.037890E+01    1.036457E+01    1.035037E+01    1.033620E+01    1.032179E+01    1.030721E+01    1.029127E+01    1.027297E+01    1.025172E+01    1.022651E+01    1.019585E+01    1.015857E+01    1.011162E+01    1.004567E+01    9.956544E+00    1.011917E+01    1.024513E+01    1.035713E+01    1.045553E+01    1.054494E+01    1.063205E+01    1.072044E+01    1.081213E+01    1.090960E+01    1.101417E+01    1.112486E+01    1.123778E+01    1.134924E+01    1.145715E+01    1.156084E+01    1.166097E+01    1.175678E+01    1.184849E+01    1.193596E+01    1.202002E+01    1.210109E+01    1.217825E+01    1.225099E+01    1.231939E+01    1.238346E+01    1.244277E+01    1.249759E+01    1.254723E+01    1.259210E+01    1.263203E+01    1.266719E+01    1.269817E+01    1.272471E+01    1.274619E+01    1.276355E+01    1.277681E+01    1.278609E+01    1.282588E+01    1.000000E+30
   1.000000E+30    1.000000E+30    1.000000E+30    1.000000E+30    1.000000E+30    1.000000E+30    1.000000E+30    1.000000E+30    1.000000E+30    1.000000E+30    1.000000E+30    1.000000E+30    1.000000E+30    1.000000E+30    1.000000E+30    1.000000E+30    1.000000E+30    1.913797E+01    1.337322E+01    1.317875E+01    1.306958E+01    1.296108E+01    1.285280E+01    1.274403E+01    1.263429E+01    1.252405E+01    1.241348E+01    1.230282E+01    1.219240E+01    1.208283E+01    1.197442E+01    1.186853E+01    1.176519E+01    1.166387E+01    1.156452E+01    1.146715E+01    1.137226E+01    1.127991E+01    1.119066E+01    1.110456E+01    1.102156E+01    1.094062E+01    1.086143E+01    1.078364E+01    1.070766E+01    1.063423E+01    1.056338E+01    1.049475E+01    1.042790E+01    1.036206E+01    1.029656E+01    1.023093E+01    1.016518E+01    1.010062E+01    1.003891E+01    9.979730E+00    9.922798E+00    9.854766E+00    9.778367E+00    9.847368E+00    9.905597E+00    9.958048E+00    1.000894E+01    1.005617E+01    1.009874E+01    1.013723E+01    1.017240E+01    1.020481E+01    1.023486E+01    1.026284E+01    1.028899E+01    1.031337E+01    1.033604E+01    1.035721E+01    1.037669E+01    1.039449E+01    1.041022E+01    1.042398E+01    1.043618E+01    1.044668E+01    1.045537E+01    1.046224E+01    1.046707E+01    1.046981E+01    1.047076E+01    1.046981E+01    1.046696E+01    1.046196E+01    1.045532E+01    1.044712E+01    1.043756E+01    1.042661E+01    1.041447E+01    1.040132E+01    1.038723E+01    1.037276E+01    1.035834E+01    1.034419E+01    1.033043E+01    1.031727E+01    1.030467E+01    1.029249E+01    1.028042E+01    1.026718E+01    1.025186E+01    1.023380E+01    1.021185E+01    1.018450E+01    1.015034E+01    1.010574E+01    1.004889E+01    1.002697E+01    1.021663E+01    1.035677E+01    1.048107E+01    1.059837E+01    1.071130E+01    1.082220E+01    1.093315E+01    1.104490E+01    1.115906E+01    1.127590E+01    1.139271E+01    1.150799E+01    1.161980E+01    1.172731E+01    1.183139E+01    1.193134E+01    1.202692E+01    1.211853E+01    1.220691E+01    1.229216E+01    1.237398E+01    1.245195E+01    1.252513E+01    1.259380E+01    1.265785E+01    1.271664E+01    1.277028E+01    1.281893E+01    1.286231E+01    1.290099E+01    1.293572E+01    1.296567E+01    1.299106E+01    1.301172E+01    1.302798E+01    1.304049E+01    1.304951E+01    1.308995E+01    1.000000E+30
   1.000000E+30    1.000000E+30    1.000000E+30    1.000000E+30    1.000000E+30    1.000000E+30    1.000000E+30    1.000000E+30    1.000000E+30    1.000000E+30    1.000000E+30    1.000000E+30    1.000000E+30    1.000000E+30    1.000000E+30    1.000000E+30    1.000000E+30    1.892767E+01    1.336535E+01    1.321532E+01    1.310637E+01    1.299814E+01    1.289102E+01    1.278449E+01    1.267698E+01    1.256926E+01    1.246150E+01    1.235362E+01    1.224603E+01    1.213949E+01    1.203392E+01    1.193041E+01    1.182934E+01    1.173028E+01    1.163303E+01    1.153739E+01    1.144388E+01    1.135273E+01    1.126434E+01    1.117874E+01    1.109593E+01    1.101532E+01    1.093657E+01    1.085917E+01    1.078293E+01    1.070859E+01    1.063650E+01    1.056682E+01    1.049917E+01    1.043281E+01    1.036700E+01    1.030134E+01    1.023584E+01    1.017114E+01    1.010765E+01    1.004509E+01    9.982840E+00    9.917895E+00    9.845268E+00    9.765032E+00    9.829866E+00    9.888667E+00    9.943587E+00    9.993810E+00    1.003819E+01    1.007772E+01    1.011375E+01    1.014710E+01    1.017821E+01    1.020733E+01    1.023471E+01    1.026038E+01    1.028452E+01    1.030714E+01    1.032801E+01    1.034717E+01    1.036461E+01    1.038000E+01    1.039345E+01    1.040519E+01    1.041524E+01    1.042310E+01    1.042874E+01    1.043236E+01    1.043399E+01    1.043375E+01    1.043141E+01    1.042697E+01    1.042052E+01    1.041235E+01    1.040259E+01    1.039138E+01    1.037890E+01    1.036519E+01    1.035069E+01    1.033593E+01    1.032115E+01    1.030667E+01    1.029316E+01    1.028134E+01    1.027099E+01    1.026192E+01    1.025319E+01    1.024352E+01    1.023217E+01    1.021829E+01    1.020064E+01    1.017799E+01    1.014721E+01    1.009932E+01    1.001498E+01    1.016610E+01    1.033026E+01    1.047406E+01    1.061386E+01    1.075109E+01    1.088614E+01    1.101908E+01    1.115042E+01    1.128022E+01    1.140858E+01    1.153514E+01    1.165827E+01    1.177698E+01    1.189086E+01    1.200012E+01    1.210535E+01    1.220566E+01    1.230199E+01    1.239525E+01    1.248523E+01    1.257122E+01    1.265352E+01    1.273148E+01    1.280445E+01    1.287209E+01    1.293446E+01    1.299133E+01    1.304288E+01    1.308977E+01    1.313150E+01    1.316890E+01    1.320244E+01    1.323135E+01    1.325596E+01    1.327644E+01    1.329219E+01    1.330385E+01    1.331232E+01    1.335338E+01    1.000000E+30
   1.000000E+30    1.000000E+30    1.000000E+30    1.000000E+30    1.000000E+30    1.000000E+30    1.000000E+30    1.000000E+30    1.000000E+30    1.000000E+30    1.000000E+30    1.000000E+30    1.000000E+30    1.000000E+30    1.000000E+30    1.000000E+30    1.898559E+01    1.355083E+01    1.336229E+01    1.325246E+01    1.314406E+01    1.303622E+01    1.292939E+01    1.282430E+01    1.271901E+01    1.261348E+01    1.250818E+01    1.240288E+01    1.229788E+01    1.219391E+01    1.209104E+01    1.198985E+01    1.189065E+01    1.179330E+01    1.169802E+01    1.160419E+01    1.151205E+01    1.142209E+01    1.133462E+01    1.124978E+01    1.116733E+01    1.108695E+01    1.100841E+01    1.093135E+01    1.085538E+01    1.078067E+01    1.070756E+01    1.063668E+01    1.056810E+01    1.050112E+01    1.043502E+01    1.036928E+01    1.030369E+01    1.023856E+01    1.017391E+01    1.010941E+01    1.004427E+01    9.977045E+00    9.907381E+00    9.831071E+00    9.743124E+00    9.818881E+00    9.884373E+00    9.936171E+00    9.980908E+00    1.002054E+01    1.005670E+01    1.009040E+01    1.012220E+01    1.015232E+01    1.018087E+01    1.020788E+01    1.023350E+01    1.025754E+01    1.027996E+01    1.030061E+01    1.031949E+01    1.033662E+01    1.035155E+01    1.036465E+01    1.037587E+01    1.038476E+01    1.039129E+01    1.039568E+01    1.039786E+01    1.039826E+01    1.039635E+01    1.039226E+01    1.038602E+01    1.037777E+01    1.036762E+01    1.035588E+01    1.034263E+01    1.032818E+01    1.031285E+01    1.029702E+01    1.028096E+01    1.026557E+01    1.025202E+01    1.024152E+01    1.023441E+01    1.022977E+01    1.022541E+01    1.022004E+01    1.021352E+01    1.020470E+01    1.019288E+01    1.017717E+01    1.015439E+01    1.011722E+01    1.005225E+01    1.026348E+01    1.043885E+01    1.059618E+01    1.075366E+01    1.091168E+01    1.106834E+01    1.122170E+01    1.137096E+01    1.151629E+01    1.165748E+01    1.179351E+01    1.192442E+01    1.204782E+01    1.216560E+01    1.227802E+01    1.238523E+01    1.248734E+01    1.258552E+01    1.267992E+01    1.276977E+01    1.285548E+01    1.293654E+01    1.301222E+01    1.308306E+01    1.314845E+01    1.320839E+01    1.326329E+01    1.331325E+01    1.335850E+01    1.339909E+01    1.343553E+01    1.346819E+01    1.349662E+01    1.352089E+01    1.354130E+01    1.355705E+01    1.356876E+01    1.357677E+01    1.361780E+01    1.000000E+30
   1.000000E+30    1.000000E+30    1.000000E+30    1.000000E+30    1.000000E+30    1.000000E+30    1.000000E+30    1.000000E+30    1.000000E+30    1.000000E+30    1.000000E+30    1.000000E+30    1.000000E+30    1.000000E+30    1.000000E+30    1.000000E+30    1.887135E+01    1.354542E+01    1.339777E+01    1.328883E+01    1.318117E+01    1.307425E+01    1.296800E+01    1.286386E+01    1.276047E+01    1.265679E+01    1.255361E+01    1.245062E+01    1.234806E+01    1.224627E+01    1.214555E+01    1.204653E+01    1.194939E+01    1.185374E+01    1.175991E+01    1.166770E+01    1.157699E+01    1.148829E+01    1.140175E+01    1.131771E+01    1.123594E+01    1.115596E+01    1.107754E+01    1.100053E+01    1.092481E+01    1.085018E+01    1.077661E+01    1.070477E+01    1.063526E+01    1.056753E+01    1.050097E+01    1.043496E+01    1.036915E+01    1.030359E+01    1.023824E+01    1.017264E+01    1.010623E+01    1.003806E+01    9.967332E+00    9.895014E+00    9.820097E+00    9.741084E+00    9.834763E+00    9.885975E+00    9.927131E+00    9.965124E+00    1.000062E+01    1.003430E+01    1.006656E+01    1.009760E+01    1.012737E+01    1.015572E+01    1.018281E+01    1.020843E+01    1.023246E+01    1.025476E+01    1.027517E+01    1.029383E+01    1.031045E+01    1.032483E+01    1.033703E+01    1.034714E+01    1.035483E+01    1.036009E+01    1.036297E+01    1.036382E+01    1.036208E+01    1.035800E+01    1.035174E+01    1.034324E+01    1.033263E+01    1.032011E+01    1.030592E+01    1.029027E+01    1.027333E+01    1.025553E+01    1.023761E+01    1.022055E+01    1.020596E+01    1.019634E+01    1.019385E+01    1.019599E+01    1.019708E+01    1.019595E+01    1.019474E+01    1.019229E+01    1.018780E+01    1.018077E+01    1.017013E+01    1.015290E+01    1.012552E+01    1.035570E+01    1.054626E+01    1.072159E+01    1.090008E+01    1.108018E+01    1.125720E+01    1.142805E+01    1.159283E+01    1.175234E+01    1.190686E+01    1.205493E+01    1.219419E+01    1.232463E+01    1.244800E+01    1.256452E+01    1.267401E+01    1.277734E+01    1.287556E+01    1.296840E+01    1.305632E+01    1.313981E+01    1.321756E+01    1.328979E+01    1.335742E+01    1.342061E+01    1.347899E+01    1.353280E+01    1.358221E+01    1.362693E+01    1.366753E+01    1.370400E+01    1.373604E+01    1.376401E+01    1.378799E+01    1.380798E+01    1.382403E+01    1.383564E+01    1.384309E+01    1.388333E+01    1.000000E+30
   1.000000E+30    1.000000E+30    1.000000E+30    1.000000E+30    1.000000E+30    1.000000E+30    1.000000E+30    1.000000E+30    1.000000E+30    1.000000E+30    1.000000E+30    1.000000E+30    1.000000E+30    1.000000E+30    1.000000E+30    1.937011E+01    1.373375E+01    1.354406E+01    1.343343E+01    1.332492E+01    1.321801E+01    1.311189E+01    1.300637E+01    1.290303E+01    1.280129E+01    1.269918E+01    1.259776E+01    1.249678E+01    1.239640E+01    1.229662E+01    1.219784E+01    1.210076E+01    1.200528E+01    1.191132E+01    1.181906E+01    1.172823E+01    1.163891E+01    1.155143E+01    1.146591E+01    1.138259E+01    1.130174E+01    1.122260E+01    1.114463E+01    1.106739E+01    1.099158E+01    1.091712E+01    1.084350E+01    1.077106E+01    1.070073E+01    1.063229E+01    1.056517E+01    1.049873E+01    1.043265E+01    1.036677E+01    1.030102E+01    1.023494E+01    1.016789E+01    1.009929E+01    1.002836E+01    9.955894E+00    9.886051E+00    9.827069E+00    9.812387E+00    9.842313E+00    9.875941E+00    9.910530E+00    9.944444E+00    9.977702E+00    1.001048E+01    1.004270E+01    1.007401E+01    1.010389E+01    1.013243E+01    1.015980E+01    1.018556E+01    1.020949E+01    1.023141E+01    1.025157E+01    1.026984E+01    1.028570E+01    1.029917E+01    1.031042E+01    1.031930E+01    1.032550E+01    1.032913E+01    1.033019E+01    1.032869E+01    1.032464E+01    1.031806E+01    1.030908E+01    1.029785E+01    1.028447E+01    1.026898E+01    1.025136E+01    1.023215E+01    1.021185E+01    1.019112E+01    1.017087E+01    1.015293E+01    1.014222E+01    1.014704E+01    1.016154E+01    1.016927E+01    1.016973E+01    1.017479E+01    1.018011E+01    1.018372E+01    1.018597E+01    1.018887E+01    1.019468E+01    1.020448E+01    1.044742E+01    1.065389E+01    1.085120E+01    1.105341E+01    1.125551E+01    1.145100E+01    1.163741E+01    1.181678E+01    1.199072E+01    1.216042E+01    1.232153E+01    1.247174E+01    1.261126E+01    1.274027E+01    1.285933E+01    1.296923E+01    1.307159E+01    1.316704E+01    1.325625E+01    1.334021E+01    1.341960E+01    1.349429E+01    1.356375E+01    1.362915E+01    1.369081E+01    1.374881E+01    1.380257E+01    1.385202E+01    1.389649E+01    1.393693E+01    1.397324E+01    1.400486E+01    1.403259E+01    1.405671E+01    1.407662E+01    1.409274E+01    1.410401E+01    1.411143E+01    1.415078E+01    1.000000E+30
   1.000000E+30    1.000000E+30    1.000000E+30    1.000000E+30    1.000000E+30    1.000000E+30    1.000000E+30    1.000000E+30    1.000000E+30    1.000000E+30    1.000000E+30    1.000000E+30    1.000000E+30    1.000000E+30    1.000000E+30    1.910257E+01    1.372509E+01    1.357663E+01    1.346733E+01    1.335975E+01    1.325380E+01    1.314875E+01    1.304446E+01    1.294169E+01    1.284106E+01    1.274066E+01    1.264067E+01    1.254144E+01    1.244286E+01    1.234490E+01    1.224784E+01    1.215262E+01    1.205882E+01    1.196616E+01    1.187527E+01    1.178588E+01    1.169786E+01    1.161159E+01    1.152692E+01    1.144385E+01    1.136333E+01    1.128515E+01    1.120837E+01    1.113182E+01    1.105595E+01    1.098163E+01    1.090827E+01    1.083566E+01    1.076460E+01    1.069545E+01    1.062786E+01    1.056102E+01    1.049456E+01    1.042842E+01    1.036245E+01    1.029622E+01    1.022903E+01    1.016024E+01    1.008886E+01    1.001443E+01    9.937787E+00    9.856548E+00    9.747405E+00    9.780994E+00    9.821986E+00    9.855543E+00    9.887352E+00    9.919524E+00    9.952991E+00    9.986893E+00    1.002028E+01    1.005229E+01    1.008258E+01    1.011165E+01    1.013923E+01    1.016503E+01    1.018867E+01    1.021023E+01    1.022995E+01    1.024736E+01    1.026232E+01    1.027470E+01    1.028460E+01    1.029172E+01    1.029614E+01    1.029752E+01    1.029627E+01    1.029224E+01    1.028536E+01    1.027584E+01    1.026385E+01    1.024923E+01    1.023174E+01    1.021182E+01    1.018999E+01    1.016658E+01    1.014190E+01    1.011651E+01    1.009005E+01    1.007017E+01    1.008803E+01    1.013149E+01    1.014698E+01    1.013648E+01    1.015266E+01    1.016741E+01    1.017915E+01    1.018887E+01    1.020306E+01    1.023466E+01    1.031500E+01    1.053673E+01    1.076012E+01    1.098373E+01    1.121288E+01    1.143781E+01    1.165077E+01    1.185175E+01    1.204442E+01    1.223313E+01    1.242077E+01    1.259855E+01    1.276316E+01    1.291026E+01    1.304122E+01    1.315926E+01    1.326642E+01    1.336469E+01    1.345569E+01    1.354052E+01    1.362053E+01    1.369630E+01    1.376829E+01    1.383633E+01    1.390100E+01    1.396259E+01    1.402054E+01    1.407417E+01    1.412267E+01    1.416632E+01    1.420589E+01    1.424135E+01    1.427276E+01    1.430059E+01    1.432486E+01    1.434502E+01    1.436114E+01    1.437281E+01    1.438070E+01    1.442043E+01    1.000000E+30
   1.000000E+30    1.000000E+30    1.000000E+30    1.000000E+30    1.000000E+30    1.000000E+30    1.000000E+30    1.000000E+30    1.000000E+30    1.000000E+30    1.000000E+30    1.000000E+30    1.000000E+30    1.000000E+30    1.901106E+01    1.390406E+01    1.372113E+01    1.360855E+01    1.349965E+01    1.339315E+01    1.328829E+01    1.318428E+01    1.308129E+01    1.297948E+01    1.287978E+01    1.278103E+01    1.268235E+01    1.258462E+01    1.248752E+01    1.239121E+01    1.229589E+01    1.220218E+01    1.210987E+01    1.201855E+01    1.192881E+01    1.184066E+01    1.175372E+01    1.166859E+01    1.158526E+01    1.150306E+01    1.142262E+01    1.134458E+01    1.126842E+01    1.119285E+01    1.111757E+01    1.104356E+01    1.097077E+01    1.089845E+01    1.082701E+01    1.075713E+01    1.068908E+01    1.062209E+01    1.055538E+01    1.048911E+01    1.042300E+01    1.035676E+01    1.028968E+01    1.022099E+01    1.014972E+01    1.007468E+01    9.996153E+00    9.912475E+00    9.818469E+00    9.712456E+00    9.764019E+00    9.801102E+00    9.828609E+00    9.858239E+00    9.893229E+00    9.929776E+00    9.965760E+00    1.000038E+01    1.003319E+01    1.006430E+01    1.009370E+01    1.012127E+01    1.014689E+01    1.017009E+01    1.019117E+01    1.020999E+01    1.022636E+01    1.024006E+01    1.025106E+01    1.025913E+01    1.026430E+01    1.026623E+01    1.026512E+01    1.026098E+01    1.025386E+01    1.024384E+01    1.023076E+01    1.021437E+01    1.019477E+01    1.017238E+01    1.014745E+01    1.012036E+01    1.009177E+01    1.006073E+01    1.001591E+01    9.949384E+00    9.998411E+00    1.012560E+01    1.014854E+01    1.006866E+01    1.012872E+01    1.015509E+01    1.017447E+01    1.018584E+01    1.020071E+01    1.023103E+01    1.027143E+01    1.058993E+01    1.085685E+01    1.112033E+01    1.138258E+01    1.163155E+01    1.186111E+01    1.207390E+01    1.227587E+01    1.247766E+01    1.277710E+01    1.297744E+01    1.306760E+01    1.321734E+01    1.334518E+01    1.345880E+01    1.356180E+01    1.365560E+01    1.374284E+01    1.382419E+01    1.390127E+01    1.397477E+01    1.404455E+01    1.411180E+01    1.417625E+01    1.423748E+01    1.429430E+01    1.434680E+01    1.439430E+01    1.443697E+01    1.447557E+01    1.451029E+01    1.454128E+01    1.456872E+01    1.459276E+01    1.461280E+01    1.462883E+01    1.464107E+01    1.464944E+01    1.469014E+01    1.000000E+30
   1.000000E+30    1.000000E+30    1.000000E+30    1.000000E+30    1.000000E+30    1.000000E+30    1.000000E+30    1.000000E+30    1.000000E+30    1.000000E+30    1.000000E+30    1.000000E+30    1.000000E+30    1.000000E+30    1.886355E+01    1.389903E+01    1.375344E+01    1.364068E+01    1.353143E+01    1.342501E+01    1.332072E+01    1.321792E+01    1.311646E+01    1.301617E+01    1.291735E+01    1.281982E+01    1.272246E+01    1.262613E+01    1.253045E+01    1.243555E+01    1.234181E+01    1.224955E+01    1.215864E+01    1.206857E+01    1.197983E+01    1.189280E+01    1.180695E+01    1.172266E+01    1.164042E+01    1.155937E+01    1.147976E+01    1.140228E+01    1.132663E+01    1.125176E+01    1.117699E+01    1.110316E+01    1.103077E+01    1.095908E+01    1.088778E+01    1.081735E+01    1.074875E+01    1.068173E+01    1.061496E+01    1.054864E+01    1.048278E+01    1.041675E+01    1.034995E+01    1.028183E+01    1.021135E+01    1.013746E+01    1.006013E+01    9.979277E+00    9.894353E+00    9.807494E+00    9.713528E+00    9.747473E+00    9.764959E+00    9.789763E+00    9.829986E+00    9.871367E+00    9.910680E+00    9.947755E+00    9.983147E+00    1.001688E+01    1.004876E+01    1.007839E+01    1.010581E+01    1.013091E+01    1.015363E+01    1.017392E+01    1.019167E+01    1.020670E+01    1.021887E+01    1.022798E+01    1.023390E+01    1.023642E+01    1.023550E+01    1.023136E+01    1.022390E+01    1.021304E+01    1.019860E+01    1.018044E+01    1.015871E+01    1.013351E+01    1.010495E+01    1.007365E+01    1.004170E+01    1.001272E+01    9.953676E+00    1.006777E+01    1.014338E+01    1.021395E+01    1.024723E+01    1.024516E+01    1.023818E+01    1.014767E+01    1.017563E+01    1.017649E+01    1.018230E+01    1.022272E+01    1.029513E+01    1.065101E+01    1.095142E+01    1.133966E+01    1.164347E+01    1.191790E+01    1.215854E+01    1.238131E+01    1.258886E+01    1.291350E+01    2.830196E+01    2.870620E+01    1.366883E+01    1.373312E+01    1.383291E+01    1.375811E+01    1.385509E+01    1.394500E+01    1.402845E+01    1.410800E+01    1.418355E+01    1.425647E+01    1.432570E+01    1.439213E+01    1.445541E+01    1.451470E+01    1.456970E+01    1.462068E+01    1.466727E+01    1.470928E+01    1.474705E+01    1.478125E+01    1.481201E+01    1.483910E+01    1.486271E+01    1.488263E+01    1.489848E+01    1.491066E+01    1.491891E+01    1.496019E+01    1.000000E+30
   1.000000E+30    1.000000E+30    1.000000E+30    1.000000E+30    1.000000E+30    1.000000E+30    1.000000E+30    1.000000E+30    1.000000E+30    1.000000E+30    1.000000E+30    1.000000E+30    1.000000E+30    1.000000E+30    1.877052E+01    1.393079E+01    1.378695E+01    1.367366E+01    1.356356E+01    1.345675E+01    1.335272E+01    1.325046E+01    1.314984E+01    1.305111E+01    1.295356E+01    1.285701E+01    1.276092E+01    1.266580E+01    1.257157E+01    1.247801E+01    1.238560E+01    1.229465E+01    1.220504E+01    1.211636E+01    1.202880E+01    1.194270E+01    1.185790E+01    1.177446E+01    1.169291E+01    1.161279E+01    1.153407E+01    1.145723E+01    1.138215E+01    1.130825E+01    1.123443E+01    1.116091E+01    1.108881E+01    1.101769E+01    1.094692E+01    1.087644E+01    1.080723E+01    1.074001E+01    1.067345E+01    1.060715E+01    1.054173E+01    1.047635E+01    1.040986E+01    1.034240E+01    1.027336E+01    1.020151E+01    1.012698E+01    1.004985E+01    9.970506E+00    9.890634E+00    9.808001E+00    9.706947E+00    9.681426E+00    9.694944E+00    9.760610E+00    9.813073E+00    9.856009E+00    9.894741E+00    9.932301E+00    9.968629E+00    1.000327E+01    1.003560E+01    1.006540E+01    1.009270E+01    1.011742E+01    1.013944E+01    1.015867E+01    1.017503E+01    1.018829E+01    1.019839E+01    1.020506E+01    1.020818E+01    1.020764E+01    1.020345E+01    1.019546E+01    1.018365E+01    1.016790E+01    1.014814E+01    1.012427E+01    1.009604E+01    1.006316E+01    1.002492E+01    9.983607E+00    9.986965E+00    1.010834E+01    1.020139E+01    1.027412E+01    1.033521E+01    1.037972E+01    1.040636E+01    1.040642E+01    1.034922E+01    1.020758E+01    1.015780E+01    1.012220E+01    1.019008E+01    1.041227E+01    1.070596E+01    1.110380E+01    2.363503E+01    2.478357E+01    2.526062E+01    2.486014E+01    2.567087E+01    2.665353E+01    2.957319E+01    1.000000E+30    1.000000E+30    3.433247E+01    3.683459E+01    3.608916E+01    1.464230E+01    1.442972E+01    1.445239E+01    1.431204E+01    1.438770E+01    1.446286E+01    1.453673E+01    1.460769E+01    1.467498E+01    1.473791E+01    1.479594E+01    1.484938E+01    1.489822E+01    1.494276E+01    1.498389E+01    1.502133E+01    1.505540E+01    1.508599E+01    1.511292E+01    1.513602E+01    1.515554E+01    1.517113E+01    1.518283E+01    1.519070E+01    1.523175E+01    1.000000E+30
   1.000000E+30    1.000000E+30    1.000000E+30    1.000000E+30    1.000000E+30    1.000000E+30    1.000000E+30    1.000000E+30    1.000000E+30    1.000000E+30    1.000000E+30    1.000000E+30    1.000000E+30    1.878226E+01    1.411203E+01    1.393708E+01    1.382029E+01    1.370643E+01    1.359562E+01    1.348834E+01    1.338442E+01    1.328272E+01    1.318282E+01    1.308493E+01    1.298812E+01    1.289273E+01    1.279802E+01    1.270383E+01    1.261082E+01    1.251863E+01    1.242747E+01    1.233768E+01    1.224923E+01    1.216186E+01    1.207560E+01    1.199061E+01    1.190687E+01    1.182421E+01    1.174321E+01    1.166389E+01    1.158596E+01    1.150981E+01    1.143523E+01    1.136196E+01    1.128941E+01    1.121677E+01    1.114517E+01    1.107462E+01    1.100444E+01    1.093452E+01    1.086510E+01    1.079727E+01    1.073066E+01    1.066440E+01    1.059910E+01    1.053474E+01    1.046968E+01    1.040307E+01    1.033554E+01    1.026627E+01    1.019502E+01    1.012183E+01    1.004736E+01    9.973142E+00    9.900798E+00    9.834045E+00    9.791360E+00    9.754573E+00    9.692428E+00    9.755781E+00    9.803349E+00    9.840886E+00    9.880530E+00    9.920177E+00    9.957806E+00    9.992824E+00    1.002518E+01    1.005499E+01    1.008213E+01    1.010631E+01    1.012735E+01    1.014520E+01    1.015967E+01    1.017076E+01    1.017822E+01    1.018191E+01    1.018162E+01    1.017729E+01    1.016883E+01    1.015617E+01    1.013931E+01    1.011815E+01    1.009246E+01    1.006158E+01    1.002412E+01    9.977107E+00    1.008443E+01    1.016546E+01    1.025088E+01    1.033065E+01    1.040545E+01    1.047034E+01    1.052638E+01    1.057275E+01    1.059518E+01    1.058202E+01    1.050278E+01    1.026237E+01    1.000000E+30    1.000000E+30    1.000000E+30    1.000000E+30    1.000000E+30    1.000000E+30    1.000000E+30    1.000000E+30    1.000000E+30    1.000000E+30    1.000000E+30    1.000000E+30    1.000000E+30    1.000000E+30    1.000000E+30    1.000000E+30    1.000000E+30    4.112256E+01    4.049248E+01    3.905331E+01    1.519769E+01    1.487833E+01    1.487488E+01    1.481638E+01    1.488893E+01    1.495837E+01    1.502286E+01    1.508153E+01    1.513412E+01    1.518129E+01    1.522448E+01    1.526437E+01    1.530124E+01    1.533438E+01    1.536403E+01    1.539032E+01    1.541263E+01    1.543131E+01    1.544644E+01    1.545809E+01    1.546610E+01    1.550608E+01    1.000000E+30
   1.000000E+30    1.000000E+30    1.000000E+30    1.000000E+30    1.000000E+30    1.000000E+30    1.000000E+30    1.000000E+30    1.000000E+30    1.000000E+30    1.000000E+30    1.000000E+30    1.000000E+30    1.896508E+01    1.411526E+01    1.396893E+01    1.385246E+01    1.373831E+01    1.362698E+01    1.351931E+01    1.341530E+01    1.331407E+01    1.321483E+01    1.311776E+01    1.302178E+01    1.292720E+01    1.283376E+01    1.274055E+01    1.264841E+01    1.255731E+01    1.246736E+01    1.237867E+01    1.229128E+01    1.220512E+01    1.212015E+01    1.203629E+01    1.195349E+01    1.187178E+01    1.179142E+01    1.171275E+01    1.163555E+01    1.156011E+01    1.148621E+01    1.141346E+01    1.134190E+01    1.127040E+01    1.119950E+01    1.112967E+01    1.106017E+01    1.099101E+01    1.092224E+01    1.085425E+01    1.078718E+01    1.072093E+01    1.065579E+01    1.059167E+01    1.052781E+01    1.046317E+01    1.039754E+01    1.033092E+01    1.026319E+01    1.019388E+01    1.012387E+01    1.005462E+01    9.987704E+00    9.925904E+00    9.874811E+00    9.827300E+00    9.771382E+00    9.707501E+00    9.749494E+00    9.781887E+00    9.826568E+00    9.871647E+00    9.913250E+00    9.950989E+00    9.985729E+00    1.001793E+01    1.004752E+01    1.007413E+01    1.009740E+01    1.011713E+01    1.013311E+01    1.014532E+01    1.015363E+01    1.015786E+01    1.015776E+01    1.015326E+01    1.014432E+01    1.013092E+01    1.011313E+01    1.009101E+01    1.006425E+01    1.003117E+01    9.992400E+00    1.010547E+01    1.021500E+01    1.029880E+01    1.037829E+01    1.046013E+01    1.053933E+01    1.061293E+01    1.068557E+01    1.075542E+01    1.081213E+01    1.087449E+01    1.096896E+01    1.111297E+01    1.000000E+30    1.000000E+30    1.000000E+30    1.000000E+30    1.000000E+30    1.000000E+30    1.000000E+30    1.000000E+30    1.000000E+30    1.000000E+30    1.000000E+30    1.000000E+30    1.000000E+30    1.000000E+30    1.000000E+30    1.000000E+30    1.000000E+30    1.000000E+30    1.000000E+30    1.000000E+30    4.265586E+01    3.865403E+01    3.411708E+01    1.540820E+01    1.529782E+01    1.535284E+01    1.531167E+01    1.536957E+01    1.542239E+01    1.546975E+01    1.551251E+01    1.555128E+01    1.558692E+01    1.561849E+01    1.564632E+01    1.567084E+01    1.569187E+01    1.570953E+01    1.572381E+01    1.573509E+01    1.574295E+01    1.578300E+01    1.000000E+30
   1.000000E+30    1.000000E+30    1.000000E+30    1.000000E+30    1.000000E+30    1.000000E+30    1.000000E+30    1.000000E+30    1.000000E+30    1.000000E+30    1.000000E+30    1.000000E+30    1.924797E+01    1.429441E+01    1.411904E+01    1.399971E+01    1.388345E+01    1.376914E+01    1.365748E+01    1.354964E+01    1.344565E+01    1.334474E+01    1.324594E+01    1.314917E+01    1.305408E+01    1.296048E+01    1.286803E+01    1.277582E+01    1.268453E+01    1.259438E+01    1.250549E+01    1.241765E+01    1.233111E+01    1.224601E+01    1.216223E+01    1.207953E+01    1.199775E+01    1.191700E+01    1.183751E+01    1.175947E+01    1.168300E+01    1.160818E+01    1.153507E+01    1.146302E+01    1.139221E+01    1.132187E+01    1.125188E+01    1.118286E+01    1.111410E+01    1.104575E+01    1.097792E+01    1.091066E+01    1.084381E+01    1.077757E+01    1.071256E+01    1.064884E+01    1.058557E+01    1.052232E+01    1.045863E+01    1.039438E+01    1.033001E+01    1.026441E+01    1.019824E+01    1.013329E+01    1.007024E+01    1.001078E+01    9.955877E+00    9.902793E+00    9.846603E+00    9.784369E+00    9.703402E+00    9.698233E+00    9.768464E+00    9.824296E+00    9.870605E+00    9.910616E+00    9.947486E+00    9.982111E+00    1.001427E+01    1.004334E+01    1.006896E+01    1.009082E+01    1.010862E+01    1.012220E+01    1.013151E+01    1.013633E+01    1.013646E+01    1.013174E+01    1.012224E+01    1.010812E+01    1.008958E+01    1.006674E+01    1.003977E+01    1.000365E+01    1.012233E+01    1.023663E+01    1.033013E+01    1.041394E+01    1.049951E+01    1.058682E+01    1.067287E+01    1.075787E+01    1.085015E+01    1.094274E+01    1.103793E+01    1.119706E+01    1.162227E+01    2.719213E+01    1.000000E+30    1.000000E+30    1.000000E+30    1.000000E+30    1.000000E+30    1.000000E+30    1.000000E+30    1.000000E+30    1.000000E+30    1.000000E+30    1.000000E+30    1.000000E+30    1.000000E+30    1.000000E+30    1.000000E+30    1.000000E+30    1.000000E+30    1.000000E+30    1.000000E+30    1.000000E+30    1.000000E+30    1.000000E+30    1.000000E+30    3.691220E+01    3.402843E+01    3.324801E+01    1.583737E+01    1.576916E+01    1.582345E+01    1.576134E+01    1.580216E+01    1.583928E+01    1.587253E+01    1.590235E+01    1.592843E+01    1.595050E+01    1.596968E+01    1.598613E+01    1.599959E+01    1.601001E+01    1.601757E+01    1.605916E+01    1.000000E+30
   1.000000E+30    1.000000E+30    1.000000E+30    1.000000E+30    1.000000E+30    1.000000E+30    1.000000E+30    1.000000E+30    1.000000E+30    1.000000E+30    1.000000E+30    1.000000E+30    1.916447E+01    1.429301E+01    1.414713E+01    1.402942E+01    1.391365E+01    1.379934E+01    1.368743E+01    1.357940E+01    1.347535E+01    1.337453E+01    1.327611E+01    1.317977E+01    1.308514E+01    1.299230E+01    1.290090E+01    1.280972E+01    1.271926E+01    1.262993E+01    1.254193E+01    1.245495E+01    1.236915E+01    1.228484E+01    1.220197E+01    1.212035E+01    1.203957E+01    1.195975E+01    1.188129E+01    1.180412E+01    1.172838E+01    1.165425E+01    1.158180E+01    1.151064E+01    1.144057E+01    1.137131E+01    1.130236E+01    1.123420E+01    1.116633E+01    1.109875E+01    1.103186E+01    1.096565E+01    1.089969E+01    1.083411E+01    1.076946E+01    1.070614E+01    1.064355E+01    1.058138E+01    1.051932E+01    1.045698E+01    1.039513E+01    1.033303E+01    1.027012E+01    1.020841E+01    1.014855E+01    1.009088E+01    1.003538E+01    9.981125E+00    9.926365E+00    9.870452E+00    9.815700E+00    9.774386E+00    9.713437E+00    9.782100E+00    9.831924E+00    9.871748E+00    9.910294E+00    9.947573E+00    9.982655E+00    1.001453E+01    1.004262E+01    1.006670E+01    1.008647E+01    1.010165E+01    1.011212E+01    1.011761E+01    1.011796E+01    1.011301E+01    1.010291E+01    1.008804E+01    1.006839E+01    1.004443E+01    1.002285E+01    1.013507E+01    1.024891E+01    1.034513E+01    1.043437E+01    1.052387E+01    1.061549E+01    1.070886E+01    1.080276E+01    1.090086E+01    1.101125E+01    1.112075E+01    1.125394E+01    1.150497E+01    2.622899E+01    1.000000E+30    1.000000E+30    1.000000E+30    1.000000E+30    1.000000E+30    1.000000E+30    1.000000E+30    1.000000E+30    1.000000E+30    1.000000E+30    1.000000E+30    1.000000E+30    1.000000E+30    1.000000E+30    1.000000E+30    1.000000E+30    1.000000E+30    1.000000E+30    1.000000E+30    1.000000E+30    1.000000E+30    1.000000E+30    1.000000E+30    1.000000E+30    1.000000E+30    1.000000E+30    1.000000E+30    3.427137E+01    3.353758E+01    3.456076E+01    1.628219E+01    1.620197E+01    1.622909E+01    1.615665E+01    1.618320E+01    1.620734E+01    1.622797E+01    1.624530E+01    1.626057E+01    1.627343E+01    1.628323E+01    1.629058E+01    1.633259E+01    1.000000E+30
   1.000000E+30    1.000000E+30    1.000000E+30    1.000000E+30    1.000000E+30    1.000000E+30    1.000000E+30    1.000000E+30    1.000000E+30    1.000000E+30    1.000000E+30    1.947591E+01    1.446438E+01    1.429128E+01    1.417348E+01    1.405751E+01    1.394283E+01    1.382901E+01    1.371708E+01    1.360889E+01    1.350468E+01    1.340372E+01    1.330537E+01    1.320935E+01    1.311515E+01    1.302268E+01    1.293214E+01    1.284214E+01    1.275245E+01    1.266392E+01    1.257667E+01    1.249044E+01    1.240538E+01    1.232187E+01    1.223978E+01    1.215900E+01    1.207913E+01    1.200021E+01    1.192257E+01    1.184639E+01    1.177147E+01    1.169810E+01    1.162632E+01    1.155588E+01    1.148667E+01    1.141846E+01    1.135092E+01    1.128373E+01    1.121675E+01    1.115007E+01    1.108409E+01    1.101887E+01    1.095402E+01    1.088959E+01    1.082580E+01    1.076313E+01    1.070131E+01    1.064029E+01    1.057977E+01    1.051935E+01    1.045953E+01    1.040002E+01    1.034003E+01    1.028079E+01    1.022325E+01    1.016749E+01    1.011283E+01    1.005921E+01    1.000629E+01    9.954125E+00    9.903894E+00    9.858194E+00    9.806541E+00    9.748972E+00    9.797898E+00    9.831777E+00    9.872887E+00    9.914041E+00    9.952731E+00    9.987831E+00    1.001867E+01    1.004510E+01    1.006704E+01    1.008403E+01    1.009584E+01    1.010216E+01    1.010278E+01    1.009752E+01    1.008664E+01    1.007080E+01    1.004886E+01    1.001828E+01    1.014152E+01    1.025459E+01    1.035165E+01    1.044355E+01    1.053556E+01    1.062948E+01    1.072606E+01    1.082494E+01    1.092648E+01    1.103861E+01    1.116193E+01    1.129100E+01    1.148012E+01    1.189460E+01    2.664864E+01    1.000000E+30    1.000000E+30    1.000000E+30    1.000000E+30    1.000000E+30    1.000000E+30    1.000000E+30    1.000000E+30    1.000000E+30    1.000000E+30    1.000000E+30    1.000000E+30    1.000000E+30    1.000000E+30    1.000000E+30    1.000000E+30    1.000000E+30    1.000000E+30    1.000000E+30    1.000000E+30    1.000000E+30    1.000000E+30    1.000000E+30    1.000000E+30    1.000000E+30    1.000000E+30    1.000000E+30    1.000000E+30    1.000000E+30    1.000000E+30    3.468018E+01    3.419751E+01    3.372278E+01    1.664299E+01    1.655798E+01    1.648645E+01    1.650519E+01    1.652158E+01    1.653514E+01    1.654700E+01    1.655632E+01    1.656315E+01    1.660519E+01    1.000000E+30
   1.000000E+30    1.000000E+30    1.000000E+30    1.000000E+30    1.000000E+30    1.000000E+30    1.000000E+30    1.000000E+30    1.000000E+30    1.000000E+30    1.000000E+30    1.940834E+01    1.445692E+01    1.431376E+01    1.419825E+01    1.408387E+01    1.397048E+01    1.385770E+01    1.374632E+01    1.363812E+01    1.353375E+01    1.343254E+01    1.333405E+01    1.323809E+01    1.314404E+01    1.305181E+01    1.296167E+01    1.287267E+01    1.278398E+01    1.269620E+01    1.260959E+01    1.252397E+01    1.243959E+01    1.235688E+01    1.227562E+01    1.219564E+01    1.211663E+01    1.203862E+01    1.196176E+01    1.188635E+01    1.181226E+01    1.173955E+01    1.166844E+01    1.159876E+01    1.153030E+01    1.146286E+01    1.139658E+01    1.133105E+01    1.126535E+01    1.119965E+01    1.113463E+01    1.107032E+01    1.100649E+01    1.094330E+01    1.088078E+01    1.081916E+01    1.075837E+01    1.069847E+01    1.063940E+01    1.058080E+01    1.052313E+01    1.046591E+01    1.040841E+01    1.035127E+01    1.029539E+01    1.024129E+01    1.018827E+01    1.013592E+01    1.008449E+01    1.003435E+01    9.985721E+00    9.938600E+00    9.890407E+00    9.838445E+00    9.772434E+00    9.777749E+00    9.832674E+00    9.881304E+00    9.924925E+00    9.963611E+00    9.997323E+00    1.002622E+01    1.005040E+01    1.006955E+01    1.008311E+01    1.009061E+01    1.009163E+01    1.008583E+01    1.007356E+01    1.005632E+01    1.003521E+01    1.014714E+01    1.025593E+01    1.035311E+01    1.044605E+01    1.053891E+01    1.063279E+01    1.073005E+01    1.083050E+01    1.093329E+01    1.104227E+01    1.116616E+01    1.129758E+01    1.145360E+01    1.171695E+01    2.519820E+01    1.000000E+30    1.000000E+30    1.000000E+30    1.000000E+30    1.000000E+30    1.000000E+30    1.000000E+30    1.000000E+30    1.000000E+30    1.000000E+30    1.000000E+30    1.000000E+30    1.000000E+30    1.000000E+30    1.000000E+30    1.000000E+30    1.000000E+30    1.000000E+30    1.000000E+30    1.000000E+30    1.000000E+30    1.000000E+30    1.000000E+30    1.000000E+30    1.000000E+30    1.000000E+30    1.000000E+30    1.000000E+30    1.000000E+30    1.000000E+30    1.000000E+30    1.000000E+30    1.000000E+30    1.000000E+30    3.261533E+01    3.226505E+01    1.696203E+01    1.688352E+01    1.689115E+01    1.681176E+01    1.682121E+01    1.682971E+01    1.683525E+01    1.687709E+01    1.000000E+30
   1.000000E+30    1.000000E+30    1.000000E+30    1.000000E+30    1.000000E+30    1.000000E+30    1.000000E+30    1.000000E+30    1.000000E+30    1.000000E+30    1.944935E+01    1.461845E+01    1.444850E+01    1.433484E+01    1.422167E+01    1.410886E+01    1.399669E+01    1.388508E+01    1.377465E+01    1.366694E+01    1.356272E+01    1.346133E+01    1.336242E+01    1.326608E+01    1.317201E+01    1.308012E+01    1.299007E+01    1.290140E+01    1.281361E+01    1.272651E+01    1.264039E+01    1.255537E+01    1.247170E+01    1.238973E+01    1.230926E+01    1.223011E+01    1.215204E+01    1.207498E+01    1.199904E+01    1.192444E+01    1.185123E+01    1.177929E+01    1.170874E+01    1.163957E+01    1.157171E+01    1.150504E+01    1.143952E+01    1.137523E+01    1.131132E+01    1.124721E+01    1.118337E+01    1.112000E+01    1.105715E+01    1.099507E+01    1.093387E+01    1.087348E+01    1.081396E+01    1.075536E+01    1.069758E+01    1.064056E+01    1.058477E+01    1.052990E+01    1.047483E+01    1.041998E+01    1.036571E+01    1.031267E+01    1.026104E+01    1.021028E+01    1.016042E+01    1.011161E+01    1.006415E+01    1.001761E+01    9.971277E+00    9.925530E+00    9.881309E+00    9.846420E+00    9.791682E+00    9.850538E+00    9.900211E+00    9.942560E+00    9.979002E+00    1.001040E+01    1.003700E+01    1.005841E+01    1.007418E+01    1.008353E+01    1.008540E+01    1.007877E+01    1.006252E+01    1.004272E+01    1.015313E+01    1.025555E+01    1.035119E+01    1.044455E+01    1.053706E+01    1.063003E+01    1.072544E+01    1.082529E+01    1.092729E+01    1.103224E+01    1.114780E+01    1.127816E+01    1.142101E+01    1.162388E+01    1.206810E+01    2.658123E+01    1.000000E+30    1.000000E+30    1.000000E+30    1.000000E+30    1.000000E+30    1.000000E+30    1.000000E+30    1.000000E+30    1.000000E+30    1.000000E+30    1.000000E+30    1.000000E+30    1.000000E+30    1.000000E+30    1.000000E+30    1.000000E+30    1.000000E+30    1.000000E+30    1.000000E+30    1.000000E+30    1.000000E+30    1.000000E+30    1.000000E+30    1.000000E+30    1.000000E+30    1.000000E+30    1.000000E+30    1.000000E+30    1.000000E+30    1.000000E+30    1.000000E+30    1.000000E+30    1.000000E+30    1.000000E+30    1.000000E+30    1.000000E+30    3.359265E+01    3.348801E+01    3.263911E+01    1.727801E+01    1.719415E+01    1.719734E+01    1.710907E+01    1.714934E+01    1.000000E+30
   1.000000E+30    1.000000E+30    1.000000E+30    1.000000E+30    1.000000E+30    1.000000E+30    1.000000E+30    1.000000E+30    1.000000E+30    1.000000E+30    1.932486E+01    1.460372E+01    1.446477E+01    1.435386E+01    1.424300E+01    1.413214E+01    1.402140E+01    1.391089E+01    1.380147E+01    1.369468E+01    1.359107E+01    1.348993E+01    1.339083E+01    1.329401E+01    1.319957E+01    1.310770E+01    1.301791E+01    1.292934E+01    1.284177E+01    1.275495E+01    1.266923E+01    1.258486E+01    1.250186E+01    1.242044E+01    1.234061E+01    1.226226E+01    1.218510E+01    1.210894E+01    1.203401E+01    1.196036E+01    1.188816E+01    1.181726E+01    1.174750E+01    1.167899E+01    1.161164E+01    1.154545E+01    1.148055E+01    1.141694E+01    1.135433E+01    1.129193E+01    1.122976E+01    1.116774E+01    1.110591E+01    1.104488E+01    1.098491E+01    1.092572E+01    1.086744E+01    1.081024E+01    1.075386E+01    1.069818E+01    1.064388E+01    1.059084E+01    1.053801E+01    1.048551E+01    1.043358E+01    1.038215E+01    1.033165E+01    1.028223E+01    1.023397E+01    1.018664E+01    1.014032E+01    1.009482E+01    1.005007E+01    1.000639E+01    9.965162E+00    9.926830E+00    9.878906E+00    9.821781E+00    9.879562E+00    9.925498E+00    9.964168E+00    9.997731E+00    1.002679E+01    1.005095E+01    1.006962E+01    1.008171E+01    1.008567E+01    1.007886E+01    1.005235E+01    1.014981E+01    1.025110E+01    1.034516E+01    1.043870E+01    1.053120E+01    1.062358E+01    1.071717E+01    1.081442E+01    1.091474E+01    1.101531E+01    1.112053E+01    1.123925E+01    1.136977E+01    1.152420E+01    1.180219E+01    2.671642E+01    1.000000E+30    1.000000E+30    1.000000E+30    1.000000E+30    1.000000E+30    1.000000E+30    1.000000E+30    1.000000E+30    1.000000E+30    1.000000E+30    1.000000E+30    1.000000E+30    1.000000E+30    1.000000E+30    1.000000E+30    1.000000E+30    1.000000E+30    1.000000E+30    1.000000E+30    1.000000E+30    1.000000E+30    1.000000E+30    1.000000E+30    1.000000E+30    1.000000E+30    1.000000E+30    1.000000E+30    1.000000E+30    1.000000E+30    1.000000E+30    1.000000E+30    1.000000E+30    1.000000E+30    1.000000E+30    1.000000E+30    1.000000E+30    1.000000E+30    1.000000E+30    1.000000E+30    1.000000E+30    3.328100E+01    3.351057E+01    3.301831E+01    1.756868E+01    1.751665E+01    1.000000E+30
   1.000000E+30    1.000000E+30    1.000000E+30    1.000000E+30    1.000000E+30    1.000000E+30    1.000000E+30    1.000000E+30    1.000000E+30    1.000000E+30    1.928032E+01    1.461713E+01    1.448033E+01    1.437125E+01    1.426238E+01    1.415348E+01    1.404428E+01    1.393478E+01    1.382631E+01    1.372069E+01    1.361815E+01    1.351774E+01    1.341887E+01    1.332188E+01    1.322710E+01    1.313463E+01    1.304465E+01    1.295601E+01    1.286842E+01    1.278204E+01    1.269672E+01    1.261265E+01    1.252997E+01    1.244895E+01    1.236976E+01    1.229223E+01    1.221588E+01    1.214054E+01    1.206650E+01    1.199396E+01    1.192278E+01    1.185290E+01    1.178423E+01    1.171654E+01    1.164995E+01    1.158440E+01    1.152011E+01    1.145701E+01    1.139519E+01    1.133412E+01    1.127332E+01    1.121289E+01    1.115254E+01    1.109268E+01    1.103388E+01    1.097592E+01    1.091880E+01    1.086288E+01    1.080802E+01    1.075374E+01    1.070069E+01    1.064905E+01    1.059804E+01    1.054754E+01    1.049789E+01    1.044887E+01    1.040013E+01    1.035219E+01    1.030536E+01    1.025956E+01    1.021460E+01    1.017030E+01    1.012686E+01    1.008431E+01    1.004328E+01    1.000345E+01    9.961852E+00    9.914820E+00    9.866827E+00    9.912331E+00    9.952804E+00    9.987860E+00    1.001941E+01    1.004681E+01    1.006953E+01    1.008590E+01    1.009461E+01    1.009611E+01    1.010524E+01    1.023145E+01    1.033155E+01    1.042681E+01    1.052081E+01    1.061387E+01    1.070685E+01    1.080148E+01    1.089936E+01    1.099731E+01    1.109452E+01    1.119811E+01    1.131370E+01    1.143892E+01    1.161819E+01    1.203437E+01    2.612929E+01    1.000000E+30    1.000000E+30    1.000000E+30    1.000000E+30    1.000000E+30    1.000000E+30    1.000000E+30    1.000000E+30    1.000000E+30    1.000000E+30    1.000000E+30    1.000000E+30    1.000000E+30    1.000000E+30    1.000000E+30    1.000000E+30    1.000000E+30    1.000000E+30    1.000000E+30    1.000000E+30    1.000000E+30    1.000000E+30    1.000000E+30    1.000000E+30    1.000000E+30    1.000000E+30    1.000000E+30    1.000000E+30    1.000000E+30    1.000000E+30    1.000000E+30    1.000000E+30    1.000000E+30    1.000000E+30    1.000000E+30    1.000000E+30    1.000000E+30    1.000000E+30    1.000000E+30    1.000000E+30    1.000000E+30    1.000000E+30    1.000000E+30    3.283128E+01    3.304377E+01    1.000000E+30
   1.000000E+30    1.000000E+30    1.000000E+30    1.000000E+30    1.000000E+30    1.000000E+30    1.000000E+30    1.000000E+30    1.000000E+30    1.950403E+01    1.476932E+01    1.460368E+01    1.449509E+01    1.438755E+01    1.428032E+01    1.417301E+01    1.406509E+01    1.395669E+01    1.384938E+01    1.374492E+01    1.364344E+01    1.354394E+01    1.344581E+01    1.334917E+01    1.325440E+01    1.316177E+01    1.307144E+01    1.298241E+01    1.289440E+01    1.280808E+01    1.272302E+01    1.263908E+01    1.255640E+01    1.247538E+01    1.239640E+01    1.231966E+01    1.224430E+01    1.216975E+01    1.209640E+01    1.202468E+01    1.195463E+01    1.188595E+01    1.181852E+01    1.175176E+01    1.168588E+01    1.162125E+01    1.155775E+01    1.149552E+01    1.143455E+01    1.137445E+01    1.131467E+01    1.125547E+01    1.119670E+01    1.113834E+01    1.108077E+01    1.102413E+01    1.096838E+01    1.091374E+01    1.086023E+01    1.080753E+01    1.075589E+01    1.070545E+01    1.065595E+01    1.060727E+01    1.055947E+01    1.051256E+01    1.046602E+01    1.041987E+01    1.037460E+01    1.033034E+01    1.028700E+01    1.024420E+01    1.020206E+01    1.016057E+01    1.012020E+01    1.008055E+01    1.004059E+01    9.999330E+00    9.954203E+00    9.904892E+00    9.943317E+00    9.979470E+00    1.001411E+01    1.004515E+01    1.007362E+01    1.009557E+01    1.010881E+01    1.010888E+01    1.020296E+01    1.030931E+01    1.040687E+01    1.050400E+01    1.059967E+01    1.069404E+01    1.078796E+01    1.088349E+01    1.098073E+01    1.107465E+01    1.116745E+01    1.126648E+01    1.136929E+01    1.148278E+01    1.169770E+01    2.487899E+01    1.000000E+30    1.000000E+30    1.000000E+30    1.000000E+30    1.000000E+30    1.000000E+30    1.000000E+30    1.000000E+30    1.000000E+30    1.000000E+30    1.000000E+30    1.000000E+30    1.000000E+30    1.000000E+30    1.000000E+30    1.000000E+30    1.000000E+30    1.000000E+30    1.000000E+30    1.000000E+30    1.000000E+30    1.000000E+30    1.000000E+30    1.000000E+30    1.000000E+30    1.000000E+30    1.000000E+30    1.000000E+30    1.000000E+30    1.000000E+30    1.000000E+30    1.000000E+30    1.000000E+30    1.000000E+30    1.000000E+30    1.000000E+30    1.000000E+30    1.000000E+30    1.000000E+30    1.000000E+30    1.000000E+30    1.000000E+30    1.000000E+30    1.000000E+30    1.000000E+30    1.000000E+30    1.000000E+30
   1.000000E+30    1.000000E+30    1.000000E+30    1.000000E+30    1.000000E+30    1.000000E+30    1.000000E+30    1.000000E+30    1.000000E+30    1.937033E+01    1.475165E+01    1.461607E+01    1.450885E+01    1.440253E+01    1.429671E+01    1.419086E+01    1.408427E+01    1.397717E+01    1.387115E+01    1.376771E+01    1.366694E+01    1.356812E+01    1.347081E+01    1.337493E+01    1.328029E+01    1.318767E+01    1.309761E+01    1.300878E+01    1.292071E+01    1.283415E+01    1.274895E+01    1.266497E+01    1.258221E+01    1.250106E+01    1.242182E+01    1.234502E+01    1.227033E+01    1.219680E+01    1.212440E+01    1.205349E+01    1.198423E+01    1.191641E+01    1.184993E+01    1.178435E+01    1.171938E+01    1.165558E+01    1.159295E+01    1.153170E+01    1.147181E+01    1.141293E+01    1.135425E+01    1.129603E+01    1.123859E+01    1.118184E+01    1.112576E+01    1.107041E+01    1.101599E+01    1.096273E+01    1.091058E+01    1.085934E+01    1.080930E+01    1.076018E+01    1.071203E+01    1.066490E+01    1.061885E+01    1.057363E+01    1.052891E+01    1.048465E+01    1.044104E+01    1.039852E+01    1.035692E+01    1.031589E+01    1.027535E+01    1.023542E+01    1.019628E+01    1.015791E+01    1.011957E+01    1.008068E+01    1.004109E+01    9.996816E+00    9.932334E+00    9.969051E+00    1.000990E+01    1.004386E+01    1.008203E+01    1.011183E+01    1.013626E+01    1.016291E+01    1.026965E+01    1.037564E+01    1.047718E+01    1.057806E+01    1.067665E+01    1.077285E+01    1.086803E+01    1.096499E+01    1.106011E+01    1.114956E+01    1.123790E+01    1.132762E+01    1.141086E+01    1.151130E+01    1.180851E+01    2.572010E+01    1.000000E+30    1.000000E+30    1.000000E+30    1.000000E+30    1.000000E+30    1.000000E+30    1.000000E+30    1.000000E+30    1.000000E+30    1.000000E+30    1.000000E+30    1.000000E+30    1.000000E+30    1.000000E+30    1.000000E+30    1.000000E+30    1.000000E+30    1.000000E+30    1.000000E+30    1.000000E+30    1.000000E+30    1.000000E+30    1.000000E+30    1.000000E+30    1.000000E+30    1.000000E+30    1.000000E+30    1.000000E+30    1.000000E+30    1.000000E+30    1.000000E+30    1.000000E+30    1.000000E+30    1.000000E+30    1.000000E+30    1.000000E+30    1.000000E+30    1.000000E+30    1.000000E+30    1.000000E+30    1.000000E+30    1.000000E+30    1.000000E+30    1.000000E+30    1.000000E+30    1.000000E+30    1.000000E+30
   1.000000E+30    1.000000E+30    1.000000E+30    1.000000E+30    1.000000E+30    1.000000E+30    1.000000E+30    1.000000E+30    1.965009E+01    1.489817E+01    1.473452E+01    1.462735E+01    1.452125E+01    1.441589E+01    1.431123E+01    1.420678E+01    1.410187E+01    1.399655E+01    1.389194E+01    1.378930E+01    1.368898E+01    1.359059E+01    1.349392E+01    1.339888E+01    1.330475E+01    1.321198E+01    1.312205E+01    1.303386E+01    1.294638E+01    1.285990E+01    1.277457E+01    1.269047E+01    1.260752E+01    1.252599E+01    1.244644E+01    1.236925E+01    1.229450E+01    1.222172E+01    1.215038E+01    1.208033E+01    1.201189E+01    1.194507E+01    1.187941E+01    1.181463E+01    1.175061E+01    1.168768E+01    1.162594E+01    1.156575E+01    1.150694E+01    1.144910E+01    1.139173E+01    1.133468E+01    1.127842E+01    1.122309E+01    1.116867E+01    1.111494E+01    1.106192E+01    1.100987E+01    1.095893E+01    1.090905E+01    1.086048E+01    1.081285E+01    1.076598E+01    1.072013E+01    1.067548E+01    1.063180E+01    1.058871E+01    1.054620E+01    1.050429E+01    1.046340E+01    1.042365E+01    1.038449E+01    1.034583E+01    1.030775E+01    1.027029E+01    1.023357E+01    1.019730E+01    1.016164E+01    1.012682E+01    1.009314E+01    1.006162E+01    1.004759E+01    1.000943E+01    1.003469E+01    1.009766E+01    1.013300E+01    1.016663E+01    1.019569E+01    1.031415E+01    1.043272E+01    1.054380E+01    1.065099E+01    1.075335E+01    1.085166E+01    1.094901E+01    1.104715E+01    1.113935E+01    1.122542E+01    1.131001E+01    1.138670E+01    1.144599E+01    1.152841E+01    2.322954E+01    1.000000E+30    1.000000E+30    1.000000E+30    1.000000E+30    1.000000E+30    1.000000E+30    1.000000E+30    1.000000E+30    1.000000E+30    1.000000E+30    1.000000E+30    1.000000E+30    1.000000E+30    1.000000E+30    1.000000E+30    1.000000E+30    1.000000E+30    1.000000E+30    1.000000E+30    1.000000E+30    1.000000E+30    1.000000E+30    1.000000E+30    1.000000E+30    1.000000E+30    1.000000E+30    1.000000E+30    1.000000E+30    1.000000E+30    1.000000E+30    1.000000E+30    1.000000E+30    1.000000E+30    1.000000E+30    1.000000E+30    1.000000E+30    1.000000E+30    1.000000E+30    1.000000E+30    1.000000E+30    1.000000E+30    1.000000E+30    1.000000E+30    1.000000E+30    1.000000E+30    1.000000E+30    1.000000E+30    1.000000E+30
   1.000000E+30    1.000000E+30    1.000000E+30    1.000000E+30    1.000000E+30    1.000000E+30    1.000000E+30    1.000000E+30    1.962565E+01    1.487826E+01    1.474317E+01    1.463733E+01    1.453217E+01    1.442769E+01    1.432388E+01    1.422053E+01    1.411721E+01    1.401387E+01    1.391102E+01    1.380942E+01    1.370955E+01    1.361151E+01    1.351531E+01    1.342095E+01    1.332773E+01    1.323520E+01    1.314502E+01    1.305721E+01    1.297036E+01    1.288438E+01    1.279925E+01    1.271505E+01    1.263191E+01    1.255008E+01    1.247031E+01    1.239284E+01    1.231768E+01    1.224491E+01    1.217425E+01    1.210520E+01    1.203762E+01    1.197161E+01    1.190676E+01    1.184277E+01    1.177964E+01    1.171755E+01    1.165674E+01    1.159763E+01    1.153989E+01    1.148294E+01    1.142677E+01    1.137112E+01    1.131615E+01    1.126211E+01    1.120915E+01    1.115713E+01    1.110582E+01    1.105524E+01    1.100552E+01    1.095689E+01    1.090955E+01    1.086335E+01    1.081778E+01    1.077318E+01    1.072970E+01    1.068727E+01    1.064566E+01    1.060473E+01    1.056457E+01    1.052513E+01    1.048689E+01    1.044935E+01    1.041249E+01    1.037633E+01    1.034104E+01    1.030626E+01    1.027267E+01    1.024012E+01    1.020905E+01    1.018052E+01    1.015675E+01    1.014154E+01    1.012790E+01    1.013211E+01    1.013692E+01    1.015754E+01    1.020608E+01    1.026954E+01    1.033553E+01    1.048534E+01    1.061117E+01    1.072542E+01    1.083103E+01    1.093152E+01    1.103204E+01    1.113061E+01    1.122057E+01    1.130567E+01    1.138807E+01    1.145514E+01    1.151915E+01    1.177183E+01    2.470677E+01    1.000000E+30    1.000000E+30    1.000000E+30    1.000000E+30    1.000000E+30    1.000000E+30    1.000000E+30    1.000000E+30    1.000000E+30    1.000000E+30    1.000000E+30    1.000000E+30    1.000000E+30    1.000000E+30    1.000000E+30    1.000000E+30    1.000000E+30    1.000000E+30    1.000000E+30    1.000000E+30    1.000000E+30    1.000000E+30    1.000000E+30    1.000000E+30    1.000000E+30    1.000000E+30    1.000000E+30    1.000000E+30    1.000000E+30    1.000000E+30    1.000000E+30    1.000000E+30    1.000000E+30    1.000000E+30    1.000000E+30    1.000000E+30    1.000000E+30    1.000000E+30    1.000000E+30    1.000000E+30    1.000000E+30    1.000000E+30    1.000000E+30    1.000000E+30    1.000000E+30    1.000000E+30    1.000000E+30    1.000000E+30
   1.000000E+30    1.000000E+30    1.000000E+30    1.000000E+30    1.000000E+30    1.000000E+30    1.000000E+30    2.045421E+01    1.502495E+01    1.485664E+01    1.475074E+01    1.464586E+01    1.454150E+01    1.443783E+01    1.433484E+01    1.423235E+01    1.413019E+01    1.402837E+01    1.392712E+01    1.382679E+01    1.372780E+01    1.363044E+01    1.353483E+01    1.344113E+01    1.334889E+01    1.325729E+01    1.316703E+01    1.307904E+01    1.299259E+01    1.290703E+01    1.282221E+01    1.273803E+01    1.265468E+01    1.257264E+01    1.249279E+01    1.241539E+01    1.234009E+01    1.226695E+01    1.219634E+01    1.212806E+01    1.206140E+01    1.199617E+01    1.193205E+01    1.186871E+01    1.180640E+01    1.174530E+01    1.168557E+01    1.162745E+01    1.157066E+01    1.151455E+01    1.145935E+01    1.140499E+01    1.135138E+01    1.129870E+01    1.124711E+01    1.119663E+01    1.114701E+01    1.109807E+01    1.104985E+01    1.100266E+01    1.095665E+01    1.091175E+01    1.086753E+01    1.082432E+01    1.078204E+01    1.074086E+01    1.070055E+01    1.066101E+01    1.062232E+01    1.058436E+01    1.054726E+01    1.051120E+01    1.047592E+01    1.044149E+01    1.040820E+01    1.037597E+01    1.034489E+01    1.031460E+01    1.028592E+01    1.026049E+01    1.023977E+01    1.022567E+01    1.021697E+01    1.021847E+01    1.022825E+01    1.025048E+01    1.028553E+01    1.033048E+01    1.037956E+01    1.055114E+01    1.068537E+01    1.080313E+01    1.091097E+01    1.101443E+01    1.111801E+01    1.121594E+01    1.130541E+01    1.139242E+01    1.147238E+01    1.152582E+01    1.157458E+01    2.217974E+01    1.000000E+30    1.000000E+30    1.000000E+30    1.000000E+30    1.000000E+30    1.000000E+30    1.000000E+30    1.000000E+30    1.000000E+30    1.000000E+30    1.000000E+30    1.000000E+30    1.000000E+30    1.000000E+30    1.000000E+30    1.000000E+30    1.000000E+30    1.000000E+30    1.000000E+30    1.000000E+30    1.000000E+30    1.000000E+30    1.000000E+30    1.000000E+30    1.000000E+30    1.000000E+30    1.000000E+30    1.000000E+30    1.000000E+30    1.000000E+30    1.000000E+30    1.000000E+30    1.000000E+30    1.000000E+30    1.000000E+30    1.000000E+30    1.000000E+30    1.000000E+30    1.000000E+30    1.000000E+30    1.000000E+30    1.000000E+30    1.000000E+30    1.000000E+30    1.000000E+30    1.000000E+30    1.000000E+30    1.000000E+30    1.000000E+30
   1.000000E+30    1.000000E+30    1.000000E+30    1.000000E+30    1.000000E+30    1.000000E+30    1.000000E+30    2.051328E+01    1.500170E+01    1.486204E+01    1.475713E+01    1.465301E+01    1.454940E+01    1.444643E+01    1.434417E+01    1.424249E+01    1.414128E+01    1.404057E+01    1.394052E+01    1.384137E+01    1.374340E+01    1.364683E+01    1.355194E+01    1.345881E+01    1.336740E+01    1.327728E+01    1.318764E+01    1.309946E+01    1.301309E+01    1.292779E+01    1.284347E+01    1.275931E+01    1.267550E+01    1.259315E+01    1.251306E+01    1.243591E+01    1.236128E+01    1.228809E+01    1.221716E+01    1.214924E+01    1.208324E+01    1.201863E+01    1.195515E+01    1.189254E+01    1.183111E+01    1.177098E+01    1.171232E+01    1.165509E+01    1.159918E+01    1.154404E+01    1.148980E+01    1.143655E+01    1.138423E+01    1.133290E+01    1.128262E+01    1.123349E+01    1.118541E+01    1.113810E+01    1.109143E+01    1.104576E+01    1.100131E+01    1.095784E+01    1.091504E+01    1.087328E+01    1.083243E+01    1.079251E+01    1.075356E+01    1.071533E+01    1.067793E+01    1.064142E+01    1.060554E+01    1.057076E+01    1.053712E+01    1.050437E+01    1.047242E+01    1.044201E+01    1.041251E+01    1.038434E+01    1.035754E+01    1.033374E+01    1.031425E+01    1.029970E+01    1.029156E+01    1.029085E+01    1.029912E+01    1.031856E+01    1.034771E+01    1.038733E+01    1.045183E+01    1.063340E+01    1.076810E+01    1.088524E+01    1.099421E+01    1.110061E+01    1.120619E+01    1.130361E+01    1.139489E+01    1.148613E+01    1.156930E+01    1.165321E+01    1.184291E+01    2.131052E+01    1.000000E+30    1.000000E+30    1.000000E+30    1.000000E+30    1.000000E+30    1.000000E+30    1.000000E+30    1.000000E+30    1.000000E+30    1.000000E+30    1.000000E+30    1.000000E+30    1.000000E+30    1.000000E+30    1.000000E+30    1.000000E+30    1.000000E+30    1.000000E+30    1.000000E+30    1.000000E+30    1.000000E+30    1.000000E+30    1.000000E+30    1.000000E+30    1.000000E+30    1.000000E+30    1.000000E+30    1.000000E+30    1.000000E+30    1.000000E+30    1.000000E+30    1.000000E+30    1.000000E+30    1.000000E+30    1.000000E+30    1.000000E+30    1.000000E+30    1.000000E+30    1.000000E+30    1.000000E+30    1.000000E+30    1.000000E+30    1.000000E+30    1.000000E+30    1.000000E+30    1.000000E+30    1.000000E+30    1.000000E+30    1.000000E+30
   1.000000E+30    1.000000E+30    1.000000E+30    1.000000E+30    1.000000E+30    1.000000E+30    2.043909E+01    1.514372E+01    1.497164E+01    1.486613E+01    1.476208E+01    1.465871E+01    1.455584E+01    1.445355E+01    1.435198E+01    1.425107E+01    1.415074E+01    1.405097E+01    1.395189E+01    1.385381E+01    1.375682E+01    1.366110E+01    1.356696E+01    1.347442E+01    1.338358E+01    1.329445E+01    1.320581E+01    1.311788E+01    1.303166E+01    1.294668E+01    1.286291E+01    1.277907E+01    1.269496E+01    1.261212E+01    1.253147E+01    1.245418E+01    1.238011E+01    1.230735E+01    1.223636E+01    1.216865E+01    1.210316E+01    1.203906E+01    1.197625E+01    1.191450E+01    1.185397E+01    1.179476E+01    1.173716E+01    1.168087E+01    1.162563E+01    1.157135E+01    1.151813E+01    1.146595E+01    1.141483E+01    1.136481E+01    1.131586E+01    1.126803E+01    1.122130E+01    1.117547E+01    1.113036E+01    1.108622E+01    1.104327E+01    1.100132E+01    1.096007E+01    1.091972E+01    1.088041E+01    1.084182E+01    1.080420E+01    1.076740E+01    1.073141E+01    1.069630E+01    1.066184E+01    1.062814E+01    1.059564E+01    1.056443E+01    1.053386E+01    1.050464E+01    1.047664E+01    1.044973E+01    1.042467E+01    1.040163E+01    1.038154E+01    1.036505E+01    1.035427E+01    1.035026E+01    1.035573E+01    1.037382E+01    1.040025E+01    1.043283E+01    1.059088E+01    1.073419E+01    1.085783E+01    1.097178E+01    1.108119E+01    1.118990E+01    1.129633E+01    1.139411E+01    1.148851E+01    1.158024E+01    1.166210E+01    1.177752E+01    1.204589E+01    2.052561E+01    1.000000E+30    1.000000E+30    1.000000E+30    1.000000E+30    1.000000E+30    1.000000E+30    1.000000E+30    1.000000E+30    1.000000E+30    1.000000E+30    1.000000E+30    1.000000E+30    1.000000E+30    1.000000E+30    1.000000E+30    1.000000E+30    1.000000E+30    1.000000E+30    1.000000E+30    1.000000E+30    1.000000E+30    1.000000E+30    1.000000E+30    1.000000E+30    1.000000E+30    1.000000E+30    1.000000E+30    1.000000E+30    1.000000E+30    1.000000E+30    1.000000E+30    1.000000E+30    1.000000E+30    1.000000E+30    1.000000E+30    1.000000E+30    1.000000E+30    1.000000E+30    1.000000E+30    1.000000E+30    1.000000E+30    1.000000E+30    1.000000E+30    1.000000E+30    1.000000E+30    1.000000E+30    1.000000E+30    1.000000E+30    1.000000E+30
   1.000000E+30    1.000000E+30    1.000000E+30    1.000000E+30    1.000000E+30    1.000000E+30    2.032539E+01    1.511098E+01    1.497340E+01    1.486904E+01    1.476571E+01    1.466301E+01    1.456078E+01    1.445915E+01    1.435828E+01    1.425810E+01    1.415854E+01    1.405964E+01    1.396149E+01    1.386436E+01    1.376835E+01    1.367357E+01    1.358023E+01    1.348837E+01    1.339799E+01    1.330919E+01    1.322117E+01    1.313372E+01    1.304775E+01    1.296319E+01    1.287973E+01    1.279663E+01    1.271329E+01    1.263049E+01    1.254952E+01    1.247168E+01    1.239701E+01    1.232414E+01    1.225327E+01    1.218577E+01    1.212077E+01    1.205722E+01    1.199510E+01    1.193425E+01    1.187474E+01    1.181651E+01    1.175988E+01    1.170458E+01    1.165021E+01    1.159685E+01    1.154459E+01    1.149347E+01    1.144347E+01    1.139464E+01    1.134697E+01    1.130048E+01    1.125507E+01    1.121058E+01    1.116689E+01    1.112419E+01    1.108263E+01    1.104209E+01    1.100240E+01    1.096354E+01    1.092575E+01    1.088863E+01    1.085227E+01    1.081684E+01    1.078217E+01    1.074860E+01    1.071573E+01    1.068320E+01    1.065157E+01    1.062141E+01    1.059233E+01    1.056422E+01    1.053786E+01    1.051186E+01    1.048711E+01    1.046378E+01    1.044232E+01    1.042352E+01    1.040803E+01    1.039785E+01    1.039789E+01    1.042307E+01    1.045968E+01    1.058421E+01    1.071158E+01    1.083418E+01    1.095022E+01    1.106148E+01    1.117094E+01    1.128160E+01    1.138845E+01    1.148841E+01    1.158735E+01    1.168299E+01    1.177328E+01    1.185767E+01    1.880957E+01    1.000000E+30    1.000000E+30    1.000000E+30    1.000000E+30    1.000000E+30    1.000000E+30    1.000000E+30    1.000000E+30    1.000000E+30    1.000000E+30    1.000000E+30    1.000000E+30    1.000000E+30    1.000000E+30    1.000000E+30    1.000000E+30    1.000000E+30    1.000000E+30    1.000000E+30    1.000000E+30    1.000000E+30    1.000000E+30    1.000000E+30    1.000000E+30    1.000000E+30    1.000000E+30    1.000000E+30    1.000000E+30    1.000000E+30    1.000000E+30    1.000000E+30    1.000000E+30    1.000000E+30    1.000000E+30    1.000000E+30    1.000000E+30    1.000000E+30    1.000000E+30    1.000000E+30    1.000000E+30    1.000000E+30    1.000000E+30    1.000000E+30    1.000000E+30    1.000000E+30    1.000000E+30    1.000000E+30    1.000000E+30    1.000000E+30    1.000000E+30
   1.000000E+30    1.000000E+30    1.000000E+30    1.000000E+30    1.000000E+30    2.049300E+01    1.524736E+01    1.507830E+01    1.497385E+01    1.487042E+01    1.476772E+01    1.466581E+01    1.456431E+01    1.446327E+01    1.436302E+01    1.426354E+01    1.416468E+01    1.406657E+01    1.396928E+01    1.387299E+01    1.377791E+01    1.368416E+01    1.359162E+01    1.350035E+01    1.341064E+01    1.332207E+01    1.323412E+01    1.314696E+01    1.306116E+01    1.297693E+01    1.289379E+01    1.281127E+01    1.272912E+01    1.264729E+01    1.256621E+01    1.248788E+01    1.241273E+01    1.233946E+01    1.226838E+01    1.220074E+01    1.213609E+01    1.207306E+01    1.201165E+01    1.195178E+01    1.189318E+01    1.183590E+01    1.178021E+01    1.172586E+01    1.167249E+01    1.162023E+01    1.156904E+01    1.151900E+01    1.147016E+01    1.142254E+01    1.137613E+01    1.133091E+01    1.128682E+01    1.124371E+01    1.120148E+01    1.116022E+01    1.112000E+01    1.108071E+01    1.104232E+01    1.100483E+01    1.096843E+01    1.093286E+01    1.089794E+01    1.086387E+01    1.083052E+01    1.079822E+01    1.076684E+01    1.073572E+01    1.070515E+01    1.067582E+01    1.064792E+01    1.062096E+01    1.059541E+01    1.057011E+01    1.054519E+01    1.052131E+01    1.049846E+01    1.047667E+01    1.045513E+01    1.043372E+01    1.041794E+01    1.047081E+01    1.058992E+01    1.070146E+01    1.081661E+01    1.093147E+01    1.104295E+01    1.115235E+01    1.126214E+01    1.137411E+01    1.148207E+01    1.158730E+01    1.169757E+01    1.181035E+01    1.195411E+01    1.217532E+01    1.921581E+01    1.000000E+30    1.000000E+30    1.000000E+30    1.000000E+30    1.000000E+30    1.000000E+30    1.000000E+30    1.000000E+30    1.000000E+30    1.000000E+30    1.000000E+30    1.000000E+30    1.000000E+30    1.000000E+30    1.000000E+30    1.000000E+30    1.000000E+30    1.000000E+30    1.000000E+30    1.000000E+30    1.000000E+30    1.000000E+30    1.000000E+30    1.000000E+30    1.000000E+30    1.000000E+30    1.000000E+30    1.000000E+30    1.000000E+30    1.000000E+30    1.000000E+30    1.000000E+30    1.000000E+30    1.000000E+30    1.000000E+30    1.000000E+30    1.000000E+30    1.000000E+30    1.000000E+30    1.000000E+30    1.000000E+30    1.000000E+30    1.000000E+30    1.000000E+30    1.000000E+30    1.000000E+30    1.000000E+30    1.000000E+30    1.000000E+30    1.000000E+30
   1.000000E+30    1.000000E+30    1.000000E+30    1.000000E+30    1.000000E+30    2.090834E+01    1.521675E+01    1.507680E+01    1.497334E+01    1.487054E+01    1.476832E+01    1.466699E+01    1.456625E+01    1.446586E+01    1.436606E+01    1.426710E+01    1.416896E+01    1.407160E+01    1.397509E+01    1.387972E+01    1.378557E+01    1.369274E+01    1.360094E+01    1.351020E+01    1.342102E+01    1.333288E+01    1.324519E+01    1.315822E+01    1.307255E+01    1.298840E+01    1.290544E+01    1.282341E+01    1.274205E+01    1.266100E+01    1.258030E+01    1.250195E+01    1.242656E+01    1.235300E+01    1.228167E+01    1.221365E+01    1.214914E+01    1.208664E+01    1.202582E+01    1.196681E+01    1.190915E+01    1.185289E+01    1.179816E+01    1.174471E+01    1.169225E+01    1.164104E+01    1.159102E+01    1.154217E+01    1.149452E+01    1.144812E+01    1.140296E+01    1.135902E+01    1.131623E+01    1.127452E+01    1.123383E+01    1.119410E+01    1.115531E+01    1.111740E+01    1.108034E+01    1.104417E+01    1.100898E+01    1.097478E+01    1.094140E+01    1.090876E+01    1.087683E+01    1.084570E+01    1.081546E+01    1.078580E+01    1.075647E+01    1.072782E+01    1.070050E+01    1.067408E+01    1.064891E+01    1.062451E+01    1.059975E+01    1.057587E+01    1.055145E+01    1.052653E+01    1.049942E+01    1.046554E+01    1.052170E+01    1.059963E+01    1.069779E+01    1.080449E+01    1.091502E+01    1.102571E+01    1.113465E+01    1.124270E+01    1.135305E+01    1.146577E+01    1.157565E+01    1.168855E+01    1.180797E+01    1.192759E+01    1.210644E+01    1.252010E+01    2.036822E+01    1.000000E+30    1.000000E+30    1.000000E+30    1.000000E+30    1.000000E+30    1.000000E+30    1.000000E+30    1.000000E+30    1.000000E+30    1.000000E+30    1.000000E+30    1.000000E+30    1.000000E+30    1.000000E+30    1.000000E+30    1.000000E+30    1.000000E+30    1.000000E+30    1.000000E+30    1.000000E+30    1.000000E+30    1.000000E+30    1.000000E+30    1.000000E+30    1.000000E+30    1.000000E+30    1.000000E+30    1.000000E+30    1.000000E+30    1.000000E+30    1.000000E+30    1.000000E+30    1.000000E+30    1.000000E+30    1.000000E+30    1.000000E+30    1.000000E+30    1.000000E+30    1.000000E+30    1.000000E+30    1.000000E+30    1.000000E+30    1.000000E+30    1.000000E+30    1.000000E+30    1.000000E+30    1.000000E+30    1.000000E+30    1.000000E+30    1.000000E+30
   1.000000E+30    1.000000E+30    1.000000E+30    1.000000E+30    1.000000E+30    2.079931E+01    1.521329E+01    1.507468E+01    1.497166E+01    1.486938E+01    1.476761E+01    1.466677E+01    1.456673E+01    1.446702E+01    1.436768E+01    1.426903E+01    1.417131E+01    1.407448E+01    1.397871E+01    1.388429E+01    1.379114E+01    1.369917E+01    1.360822E+01    1.351815E+01    1.342931E+01    1.334129E+01    1.325381E+01    1.316725E+01    1.308196E+01    1.299793E+01    1.291505E+01    1.283334E+01    1.275255E+01    1.267206E+01    1.259174E+01    1.251367E+01    1.243814E+01    1.236416E+01    1.229268E+01    1.222443E+01    1.215986E+01    1.209781E+01    1.203768E+01    1.197944E+01    1.192259E+01    1.186729E+01    1.181346E+01    1.176086E+01    1.170939E+01    1.165925E+01    1.161038E+01    1.156273E+01    1.151634E+01    1.147118E+01    1.142725E+01    1.138458E+01    1.134307E+01    1.130269E+01    1.126347E+01    1.122530E+01    1.118801E+01    1.115154E+01    1.111590E+01    1.108118E+01    1.104739E+01    1.101449E+01    1.098249E+01    1.095132E+01    1.092083E+01    1.089097E+01    1.086177E+01    1.083325E+01    1.080511E+01    1.077723E+01    1.075047E+01    1.072460E+01    1.069953E+01    1.067554E+01    1.065117E+01    1.062711E+01    1.060240E+01    1.057610E+01    1.054645E+01    1.050090E+01    1.058870E+01    1.068720E+01    1.079167E+01    1.089925E+01    1.100828E+01    1.111708E+01    1.122433E+01    1.133171E+01    1.144221E+01    1.155458E+01    1.166592E+01    1.178484E+01    1.190573E+01    1.201530E+01    1.211795E+01    1.909726E+01    1.000000E+30    1.000000E+30    1.000000E+30    1.000000E+30    1.000000E+30    1.000000E+30    1.000000E+30    1.000000E+30    1.000000E+30    1.000000E+30    1.000000E+30    1.000000E+30    1.000000E+30    1.000000E+30    1.000000E+30    1.000000E+30    1.000000E+30    1.000000E+30    1.000000E+30    1.000000E+30    1.000000E+30    1.000000E+30    1.000000E+30    1.000000E+30    1.000000E+30    1.000000E+30    1.000000E+30    1.000000E+30    1.000000E+30    1.000000E+30    1.000000E+30    1.000000E+30    1.000000E+30    1.000000E+30    1.000000E+30    1.000000E+30    1.000000E+30    1.000000E+30    1.000000E+30    1.000000E+30    1.000000E+30    1.000000E+30    1.000000E+30    1.000000E+30    1.000000E+30    1.000000E+30    1.000000E+30    1.000000E+30    1.000000E+30    1.000000E+30    1.000000E+30
   1.000000E+30    1.000000E+30    1.000000E+30    1.000000E+30    2.111812E+01    1.534997E+01    1.517483E+01    1.507119E+01    1.496867E+01    1.486674E+01    1.476543E+01    1.466526E+01    1.456588E+01    1.446664E+01    1.436776E+01    1.426946E+01    1.417208E+01    1.407569E+01    1.398038E+01    1.388665E+01    1.379433E+01    1.370328E+01    1.361328E+01    1.352398E+01    1.343559E+01    1.334746E+01    1.325995E+01    1.317381E+01    1.308895E+01    1.300515E+01    1.292235E+01    1.284091E+01    1.276065E+01    1.268099E+01    1.260118E+01    1.252285E+01    1.244704E+01    1.237291E+01    1.230139E+01    1.223302E+01    1.216834E+01    1.210665E+01    1.204718E+01    1.198969E+01    1.193360E+01    1.187910E+01    1.182606E+01    1.177427E+01    1.172378E+01    1.167475E+01    1.162713E+01    1.158081E+01    1.153573E+01    1.149184E+01    1.144917E+01    1.140777E+01    1.136758E+01    1.132855E+01    1.129069E+01    1.125394E+01    1.121810E+01    1.118306E+01    1.114885E+01    1.111557E+01    1.108322E+01    1.105174E+01    1.102109E+01    1.099127E+01    1.096221E+01    1.093382E+01    1.090595E+01    1.087851E+01    1.085140E+01    1.082436E+01    1.079803E+01    1.077308E+01    1.074849E+01    1.072430E+01    1.070004E+01    1.067544E+01    1.065157E+01    1.062758E+01    1.060521E+01    1.059128E+01    1.063323E+01    1.076428E+01    1.087872E+01    1.098891E+01    1.109803E+01    1.120540E+01    1.131158E+01    1.141831E+01    1.152772E+01    1.163885E+01    1.175063E+01    1.187260E+01    1.199930E+01    1.214132E+01    1.244240E+01    2.391146E+01    1.000000E+30    1.000000E+30    1.000000E+30    1.000000E+30    1.000000E+30    1.000000E+30    1.000000E+30    1.000000E+30    1.000000E+30    1.000000E+30    1.000000E+30    1.000000E+30    1.000000E+30    1.000000E+30    1.000000E+30    1.000000E+30    1.000000E+30    1.000000E+30    1.000000E+30    1.000000E+30    1.000000E+30    1.000000E+30    1.000000E+30    1.000000E+30    1.000000E+30    1.000000E+30    1.000000E+30    1.000000E+30    1.000000E+30    1.000000E+30    1.000000E+30    1.000000E+30    1.000000E+30    1.000000E+30    1.000000E+30    1.000000E+30    1.000000E+30    1.000000E+30    1.000000E+30    1.000000E+30    1.000000E+30    1.000000E+30    1.000000E+30    1.000000E+30    1.000000E+30    1.000000E+30    1.000000E+30    1.000000E+30    1.000000E+30    1.000000E+30    1.000000E+30
   1.000000E+30    1.000000E+30    1.000000E+30    1.000000E+30    2.143312E+01    1.531237E+01    1.516982E+01    1.506671E+01    1.496430E+01    1.486263E+01    1.476188E+01    1.466237E+01    1.456351E+01    1.446467E+01    1.436624E+01    1.426839E+01    1.417136E+01    1.407538E+01    1.398059E+01    1.388740E+01    1.379550E+01    1.370487E+01    1.361544E+01    1.352701E+01    1.343951E+01    1.335170E+01    1.326410E+01    1.317799E+01    1.309331E+01    1.300966E+01    1.292703E+01    1.284587E+01    1.276606E+01    1.268722E+01    1.260832E+01    1.252985E+01    1.245347E+01    1.237922E+01    1.230764E+01    1.223921E+01    1.217445E+01    1.211327E+01    1.205440E+01    1.199730E+01    1.194189E+01    1.188820E+01    1.183593E+01    1.178501E+01    1.173556E+01    1.168765E+01    1.164124E+01    1.159619E+01    1.155248E+01    1.151000E+01    1.146874E+01    1.142870E+01    1.138988E+01    1.135221E+01    1.131571E+01    1.128033E+01    1.124586E+01    1.121219E+01    1.117932E+01    1.114738E+01    1.111644E+01    1.108639E+01    1.105715E+01    1.102869E+01    1.100101E+01    1.097404E+01    1.094767E+01    1.092169E+01    1.089585E+01    1.086988E+01    1.084388E+01    1.081912E+01    1.079508E+01    1.077081E+01    1.074641E+01    1.072187E+01    1.069811E+01    1.067484E+01    1.065160E+01    1.062356E+01    1.073738E+01    1.085450E+01    1.096662E+01    1.107663E+01    1.118463E+01    1.129046E+01    1.139578E+01    1.150121E+01    1.160914E+01    1.171825E+01    1.182762E+01    1.194439E+01    1.206213E+01    1.220399E+01    1.264678E+01    2.804063E+01    1.000000E+30    1.000000E+30    1.000000E+30    1.000000E+30    1.000000E+30    1.000000E+30    1.000000E+30    1.000000E+30    1.000000E+30    1.000000E+30    1.000000E+30    1.000000E+30    1.000000E+30    1.000000E+30    1.000000E+30    1.000000E+30    1.000000E+30    1.000000E+30    1.000000E+30    1.000000E+30    1.000000E+30    1.000000E+30    1.000000E+30    1.000000E+30    1.000000E+30    1.000000E+30    1.000000E+30    1.000000E+30    1.000000E+30    1.000000E+30    1.000000E+30    1.000000E+30    1.000000E+30    1.000000E+30    1.000000E+30    1.000000E+30    1.000000E+30    1.000000E+30    1.000000E+30    1.000000E+30    1.000000E+30    1.000000E+30    1.000000E+30    1.000000E+30    1.000000E+30    1.000000E+30    1.000000E+30    1.000000E+30    1.000000E+30    1.000000E+30    1.000000E+30
   1.000000E+30    1.000000E+30    1.000000E+30    2.141300E+01    1.544706E+01    1.526716E+01    1.516370E+01    1.506094E+01    1.495866E+01    1.485723E+01    1.475694E+01    1.465789E+01    1.455934E+01    1.446094E+01    1.436310E+01    1.426577E+01    1.416914E+01    1.407356E+01    1.397940E+01    1.388672E+01    1.379512E+01    1.370473E+01    1.361555E+01    1.352753E+01    1.344038E+01    1.335302E+01    1.326584E+01    1.317985E+01    1.309519E+01    1.301158E+01    1.292908E+01    1.284809E+01    1.276846E+01    1.269008E+01    1.261236E+01    1.253461E+01    1.245770E+01    1.238299E+01    1.231125E+01    1.224267E+01    1.217794E+01    1.211717E+01    1.205880E+01    1.200221E+01    1.194748E+01    1.189457E+01    1.184316E+01    1.179309E+01    1.174465E+01    1.169789E+01    1.165269E+01    1.160892E+01    1.156653E+01    1.152546E+01    1.148562E+01    1.144704E+01    1.140967E+01    1.137346E+01    1.133838E+01    1.130437E+01    1.127124E+01    1.123890E+01    1.120740E+01    1.117677E+01    1.114713E+01    1.111847E+01    1.109065E+01    1.106362E+01    1.103738E+01    1.101183E+01    1.098687E+01    1.096234E+01    1.093797E+01    1.091334E+01    1.088817E+01    1.086323E+01    1.083946E+01    1.081515E+01    1.079025E+01    1.076551E+01    1.074159E+01    1.071878E+01    1.069836E+01    1.068956E+01    1.082750E+01    1.094283E+01    1.105348E+01    1.116168E+01    1.126766E+01    1.137240E+01    1.147684E+01    1.158096E+01    1.168765E+01    1.179383E+01    1.189834E+01    1.200253E+01    1.209146E+01    1.222180E+01    2.196375E+01    1.000000E+30    1.000000E+30    1.000000E+30    1.000000E+30    1.000000E+30    1.000000E+30    1.000000E+30    1.000000E+30    1.000000E+30    1.000000E+30    1.000000E+30    1.000000E+30    1.000000E+30    1.000000E+30    1.000000E+30    1.000000E+30    1.000000E+30    1.000000E+30    1.000000E+30    1.000000E+30    1.000000E+30    1.000000E+30    1.000000E+30    1.000000E+30    1.000000E+30    1.000000E+30    1.000000E+30    1.000000E+30    1.000000E+30    1.000000E+30    1.000000E+30    1.000000E+30    1.000000E+30    1.000000E+30    1.000000E+30    1.000000E+30    1.000000E+30    1.000000E+30    1.000000E+30    1.000000E+30    1.000000E+30    1.000000E+30    1.000000E+30    1.000000E+30    1.000000E+30    1.000000E+30    1.000000E+30    1.000000E+30    1.000000E+30    1.000000E+30    1.000000E+30    1.000000E+30
   1.000000E+30    1.000000E+30    1.000000E+30    2.137673E+01    1.540092E+01    1.525952E+01    1.515658E+01    1.505393E+01    1.495181E+01    1.485059E+01    1.475061E+01    1.465174E+01    1.455330E+01    1.445530E+01    1.435811E+01    1.426147E+01    1.416536E+01    1.407029E+01    1.397674E+01    1.388438E+01    1.379298E+01    1.370281E+01    1.361377E+01    1.352593E+01    1.343877E+01    1.335151E+01    1.326479E+01    1.317918E+01    1.309470E+01    1.301113E+01    1.292868E+01    1.284770E+01    1.276810E+01    1.268999E+01    1.261285E+01    1.253613E+01    1.245952E+01    1.238403E+01    1.231186E+01    1.224332E+01    1.217871E+01    1.211820E+01    1.206022E+01    1.200418E+01    1.195019E+01    1.189803E+01    1.184748E+01    1.179839E+01    1.175100E+01    1.170535E+01    1.166134E+01    1.161885E+01    1.157782E+01    1.153817E+01    1.149981E+01    1.146271E+01    1.142679E+01    1.139202E+01    1.135841E+01    1.132582E+01    1.129405E+01    1.126309E+01    1.123298E+01    1.120372E+01    1.117538E+01    1.114803E+01    1.112158E+01    1.109596E+01    1.107116E+01    1.104711E+01    1.102365E+01    1.100059E+01    1.097768E+01    1.095451E+01    1.093061E+01    1.090601E+01    1.088189E+01    1.085738E+01    1.083157E+01    1.080562E+01    1.078093E+01    1.075765E+01    1.073337E+01    1.081403E+01    1.092439E+01    1.103226E+01    1.113858E+01    1.124350E+01    1.134760E+01    1.145129E+01    1.155459E+01    1.165831E+01    1.176429E+01    1.186774E+01    1.196845E+01    1.206535E+01    1.214641E+01    1.230052E+01    2.345374E+01    1.000000E+30    1.000000E+30    1.000000E+30    1.000000E+30    1.000000E+30    1.000000E+30    1.000000E+30    1.000000E+30    1.000000E+30    1.000000E+30    1.000000E+30    1.000000E+30    1.000000E+30    1.000000E+30    1.000000E+30    1.000000E+30    1.000000E+30    1.000000E+30    1.000000E+30    1.000000E+30    1.000000E+30    1.000000E+30    1.000000E+30    1.000000E+30    1.000000E+30    1.000000E+30    1.000000E+30    1.000000E+30    1.000000E+30    1.000000E+30    1.000000E+30    1.000000E+30    1.000000E+30    1.000000E+30    1.000000E+30    1.000000E+30    1.000000E+30    1.000000E+30    1.000000E+30    1.000000E+30    1.000000E+30    1.000000E+30    1.000000E+30    1.000000E+30    1.000000E+30    1.000000E+30    1.000000E+30    1.000000E+30    1.000000E+30    1.000000E+30    1.000000E+30    1.000000E+30
   1.000000E+30    1.000000E+30    2.185325E+01    1.553687E+01    1.535437E+01    1.525089E+01    1.514811E+01    1.504555E+01    1.494358E+01    1.484257E+01    1.474275E+01    1.464393E+01    1.454561E+01    1.444793E+01    1.435129E+01    1.425534E+01    1.415986E+01    1.406535E+01    1.397233E+01    1.388027E+01    1.378895E+01    1.369887E+01    1.360994E+01    1.352224E+01    1.343504E+01    1.334773E+01    1.326117E+01    1.317582E+01    1.309165E+01    1.300829E+01    1.292585E+01    1.284477E+01    1.276515E+01    1.268711E+01    1.261016E+01    1.253384E+01    1.245789E+01    1.238240E+01    1.230956E+01    1.224096E+01    1.217664E+01    1.211625E+01    1.205861E+01    1.200318E+01    1.194983E+01    1.189840E+01    1.184876E+01    1.180072E+01    1.175440E+01    1.170989E+01    1.166711E+01    1.162594E+01    1.158633E+01    1.154818E+01    1.151136E+01    1.147576E+01    1.144131E+01    1.140802E+01    1.137585E+01    1.134465E+01    1.131423E+01    1.128462E+01    1.125585E+01    1.122793E+01    1.120093E+01    1.117492E+01    1.114982E+01    1.112556E+01    1.110219E+01    1.107968E+01    1.105785E+01    1.103647E+01    1.101519E+01    1.099359E+01    1.097118E+01    1.094759E+01    1.092314E+01    1.089789E+01    1.087044E+01    1.084176E+01    1.081611E+01    1.079635E+01    1.076997E+01    1.090240E+01    1.101351E+01    1.111862E+01    1.122019E+01    1.132147E+01    1.142395E+01    1.152708E+01    1.163028E+01    1.173472E+01    1.184008E+01    1.194164E+01    1.203978E+01    1.213312E+01    1.221555E+01    1.240583E+01    2.439791E+01    1.000000E+30    1.000000E+30    1.000000E+30    1.000000E+30    1.000000E+30    1.000000E+30    1.000000E+30    1.000000E+30    1.000000E+30    1.000000E+30    1.000000E+30    1.000000E+30    1.000000E+30    1.000000E+30    1.000000E+30    1.000000E+30    1.000000E+30    1.000000E+30    1.000000E+30    1.000000E+30    1.000000E+30    1.000000E+30    1.000000E+30    1.000000E+30    1.000000E+30    1.000000E+30    1.000000E+30    1.000000E+30    1.000000E+30    1.000000E+30    1.000000E+30    1.000000E+30    1.000000E+30    1.000000E+30    1.000000E+30    1.000000E+30    1.000000E+30    1.000000E+30    1.000000E+30    1.000000E+30    1.000000E+30    1.000000E+30    1.000000E+30    1.000000E+30    1.000000E+30    1.000000E+30    1.000000E+30    1.000000E+30    1.000000E+30    1.000000E+30    1.000000E+30    1.000000E+30
   1.000000E+30    1.000000E+30    2.164710E+01    1.548871E+01    1.534433E+01    1.524110E+01    1.513823E+01    1.503570E+01    1.493390E+01    1.483305E+01    1.473329E+01    1.463446E+01    1.453622E+01    1.443885E+01    1.434268E+01    1.424725E+01    1.415234E+01    1.405848E+01    1.396591E+01    1.387417E+01    1.378308E+01    1.369303E+01    1.360414E+01    1.351658E+01    1.342929E+01    1.334185E+01    1.325534E+01    1.317000E+01    1.308591E+01    1.300276E+01    1.292045E+01    1.283934E+01    1.275962E+01    1.268137E+01    1.260435E+01    1.252808E+01    1.245236E+01    1.237743E+01    1.230454E+01    1.223569E+01    1.217163E+01    1.211123E+01    1.205371E+01    1.199878E+01    1.194609E+01    1.189549E+01    1.184681E+01    1.179989E+01    1.175476E+01    1.171147E+01    1.166995E+01    1.163018E+01    1.159205E+01    1.155542E+01    1.152017E+01    1.148616E+01    1.145325E+01    1.142147E+01    1.139077E+01    1.136093E+01    1.133184E+01    1.130351E+01    1.127599E+01    1.124928E+01    1.122351E+01    1.119878E+01    1.117502E+01    1.115217E+01    1.113024E+01    1.110929E+01    1.108924E+01    1.106976E+01    1.105044E+01    1.103077E+01    1.101023E+01    1.098819E+01    1.096416E+01    1.093782E+01    1.090755E+01    1.087226E+01    1.084334E+01    1.084419E+01    1.087397E+01    1.099705E+01    1.110413E+01    1.120297E+01    1.129827E+01    1.139530E+01    1.149701E+01    1.160116E+01    1.170525E+01    1.181001E+01    1.191519E+01    1.201576E+01    1.211149E+01    1.220078E+01    1.227711E+01    1.243219E+01    2.344789E+01    1.000000E+30    1.000000E+30    1.000000E+30    1.000000E+30    1.000000E+30    1.000000E+30    1.000000E+30    1.000000E+30    1.000000E+30    1.000000E+30    1.000000E+30    1.000000E+30    1.000000E+30    1.000000E+30    1.000000E+30    1.000000E+30    1.000000E+30    1.000000E+30    1.000000E+30    1.000000E+30    1.000000E+30    1.000000E+30    1.000000E+30    1.000000E+30    1.000000E+30    1.000000E+30    1.000000E+30    1.000000E+30    1.000000E+30    1.000000E+30    1.000000E+30    1.000000E+30    1.000000E+30    1.000000E+30    1.000000E+30    1.000000E+30    1.000000E+30    1.000000E+30    1.000000E+30    1.000000E+30    1.000000E+30    1.000000E+30    1.000000E+30    1.000000E+30    1.000000E+30    1.000000E+30    1.000000E+30    1.000000E+30    1.000000E+30    1.000000E+30    1.000000E+30    1.000000E+30
   1.000000E+30    1.000000E+30    2.160205E+01    1.547730E+01    1.533292E+01    1.522960E+01    1.512680E+01    1.502436E+01    1.492274E+01    1.482201E+01    1.472232E+01    1.462343E+01    1.452516E+01    1.442800E+01    1.433201E+01    1.423691E+01    1.414265E+01    1.404945E+01    1.395738E+01    1.386605E+01    1.377526E+01    1.368534E+01    1.359660E+01    1.350902E+01    1.342152E+01    1.333400E+01    1.324740E+01    1.316202E+01    1.307781E+01    1.299452E+01    1.291221E+01    1.283119E+01    1.275146E+01    1.267282E+01    1.259542E+01    1.251907E+01    1.244319E+01    1.236862E+01    1.229613E+01    1.222743E+01    1.216347E+01    1.210277E+01    1.204523E+01    1.199071E+01    1.193881E+01    1.188918E+01    1.184150E+01    1.179574E+01    1.175192E+01    1.170995E+01    1.166978E+01    1.163147E+01    1.159487E+01    1.155980E+01    1.152615E+01    1.149377E+01    1.146248E+01    1.143227E+01    1.140304E+01    1.137458E+01    1.134679E+01    1.131970E+01    1.129335E+01    1.126777E+01    1.124312E+01    1.121955E+01    1.119707E+01    1.117563E+01    1.115518E+01    1.113579E+01    1.111751E+01    1.110004E+01    1.108296E+01    1.106589E+01    1.104801E+01    1.102838E+01    1.100629E+01    1.097966E+01    1.094587E+01    1.089346E+01    1.084044E+01    1.086886E+01    1.099481E+01    1.110129E+01    1.119789E+01    1.128707E+01    1.137305E+01    1.146257E+01    1.156419E+01    1.167152E+01    1.177816E+01    1.188410E+01    1.199026E+01    1.209071E+01    1.218484E+01    1.227180E+01    1.234663E+01    1.249480E+01    2.270647E+01    1.000000E+30    1.000000E+30    1.000000E+30    1.000000E+30    1.000000E+30    1.000000E+30    1.000000E+30    1.000000E+30    1.000000E+30    1.000000E+30    1.000000E+30    1.000000E+30    1.000000E+30    1.000000E+30    1.000000E+30    1.000000E+30    1.000000E+30    1.000000E+30    1.000000E+30    1.000000E+30    1.000000E+30    1.000000E+30    1.000000E+30    1.000000E+30    1.000000E+30    1.000000E+30    1.000000E+30    1.000000E+30    1.000000E+30    1.000000E+30    1.000000E+30    1.000000E+30    1.000000E+30    1.000000E+30    1.000000E+30    1.000000E+30    1.000000E+30    1.000000E+30    1.000000E+30    1.000000E+30    1.000000E+30    1.000000E+30    1.000000E+30    1.000000E+30    1.000000E+30    1.000000E+30    1.000000E+30    1.000000E+30    1.000000E+30    1.000000E+30    1.000000E+30    1.000000E+30
   1.000000E+30    1.000000E+30    2.172345E+01    1.546403E+01    1.531936E+01    1.521623E+01    1.511377E+01    1.501157E+01    1.491002E+01    1.480944E+01    1.470985E+01    1.461085E+01    1.451244E+01    1.441531E+01    1.431945E+01    1.422454E+01    1.413068E+01    1.403811E+01    1.394661E+01    1.385567E+01    1.376524E+01    1.367570E+01    1.358729E+01    1.349973E+01    1.341196E+01    1.332429E+01    1.323756E+01    1.315198E+01    1.306741E+01    1.298377E+01    1.290121E+01    1.282000E+01    1.274019E+01    1.266119E+01    1.258317E+01    1.250648E+01    1.243056E+01    1.235626E+01    1.228409E+01    1.221567E+01    1.215173E+01    1.209066E+01    1.203292E+01    1.197888E+01    1.192780E+01    1.187915E+01    1.183265E+01    1.178822E+01    1.174574E+01    1.170512E+01    1.166640E+01    1.162963E+01    1.159462E+01    1.156120E+01    1.152923E+01    1.149853E+01    1.146897E+01    1.144041E+01    1.141268E+01    1.138560E+01    1.135907E+01    1.133311E+01    1.130780E+01    1.128329E+01    1.125969E+01    1.123719E+01    1.121589E+01    1.119579E+01    1.117679E+01    1.115898E+01    1.114256E+01    1.112717E+01    1.111242E+01    1.109862E+01    1.108440E+01    1.106805E+01    1.105060E+01    1.102706E+01    1.099959E+01    1.091503E+01    1.098659E+01    1.098814E+01    1.111841E+01    1.121229E+01    1.129562E+01    1.137322E+01    1.144505E+01    1.151922E+01    1.162526E+01    1.173945E+01    1.185022E+01    1.195964E+01    1.206764E+01    1.216754E+01    1.226026E+01    1.234595E+01    1.242154E+01    1.256922E+01    2.254442E+01    1.000000E+30    1.000000E+30    1.000000E+30    1.000000E+30    1.000000E+30    1.000000E+30    1.000000E+30    1.000000E+30    1.000000E+30    1.000000E+30    1.000000E+30    1.000000E+30    1.000000E+30    1.000000E+30    1.000000E+30    1.000000E+30    1.000000E+30    1.000000E+30    1.000000E+30    1.000000E+30    1.000000E+30    1.000000E+30    1.000000E+30    1.000000E+30    1.000000E+30    1.000000E+30    1.000000E+30    1.000000E+30    1.000000E+30    1.000000E+30    1.000000E+30    1.000000E+30    1.000000E+30    1.000000E+30    1.000000E+30    1.000000E+30    1.000000E+30    1.000000E+30    1.000000E+30    1.000000E+30    1.000000E+30    1.000000E+30    1.000000E+30    1.000000E+30    1.000000E+30    1.000000E+30    1.000000E+30    1.000000E+30    1.000000E+30    1.000000E+30    1.000000E+30    1.000000E+30
   1.000000E+30    2.165839E+01    1.558990E+01    1.540701E+01    1.530354E+01    1.520108E+01    1.509905E+01    1.499724E+01    1.489585E+01    1.479533E+01    1.469580E+01    1.459676E+01    1.449827E+01    1.440112E+01    1.430529E+01    1.421035E+01    1.411671E+01    1.402470E+01    1.393373E+01    1.384306E+01    1.375307E+01    1.366418E+01    1.357619E+01    1.348851E+01    1.340044E+01    1.331268E+01    1.322578E+01    1.313987E+01    1.305478E+01    1.297059E+01    1.288759E+01    1.280585E+01    1.272557E+01    1.264618E+01    1.256762E+01    1.249045E+01    1.241454E+01    1.234034E+01    1.226814E+01    1.219995E+01    1.213599E+01    1.207450E+01    1.201661E+01    1.196305E+01    1.191293E+01    1.186546E+01    1.182022E+01    1.177711E+01    1.173601E+01    1.169681E+01    1.165962E+01    1.162447E+01    1.159118E+01    1.155957E+01    1.152943E+01    1.150057E+01    1.147284E+01    1.144602E+01    1.141983E+01    1.139413E+01    1.136881E+01    1.134384E+01    1.131939E+01    1.129576E+01    1.127312E+01    1.125159E+01    1.123135E+01    1.121253E+01    1.119486E+01    1.117848E+01    1.116423E+01    1.115109E+01    1.113817E+01    1.112881E+01    1.111971E+01    1.110628E+01    1.110103E+01    1.108460E+01    1.111562E+01    1.114444E+01    1.119142E+01    1.122351E+01    1.127565E+01    1.133013E+01    1.139836E+01    1.146868E+01    1.152618E+01    1.163648E+01    1.172663E+01    1.180608E+01    1.192541E+01    1.203946E+01    1.214640E+01    1.224554E+01    1.233791E+01    1.242413E+01    1.250156E+01    1.265129E+01    2.309897E+01    1.000000E+30    1.000000E+30    1.000000E+30    1.000000E+30    1.000000E+30    1.000000E+30    1.000000E+30    1.000000E+30    1.000000E+30    1.000000E+30    1.000000E+30    1.000000E+30    1.000000E+30    1.000000E+30    1.000000E+30    1.000000E+30    1.000000E+30    1.000000E+30    1.000000E+30    1.000000E+30    1.000000E+30    1.000000E+30    1.000000E+30    1.000000E+30    1.000000E+30    1.000000E+30    1.000000E+30    1.000000E+30    1.000000E+30    1.000000E+30    1.000000E+30    1.000000E+30    1.000000E+30    1.000000E+30    1.000000E+30    1.000000E+30    1.000000E+30    1.000000E+30    1.000000E+30    1.000000E+30    1.000000E+30    1.000000E+30    1.000000E+30    1.000000E+30    1.000000E+30    1.000000E+30    1.000000E+30    1.000000E+30    1.000000E+30    1.000000E+30    1.000000E+30    1.000000E+30
   1.000000E+30    2.170384E+01    1.553337E+01    1.538927E+01    1.528645E+01    1.518430E+01    1.508270E+01    1.498130E+01    1.488008E+01    1.477962E+01    1.468015E+01    1.458119E+01    1.448283E+01    1.438568E+01    1.428971E+01    1.419486E+01    1.410152E+01    1.400977E+01    1.391892E+01    1.382841E+01    1.373886E+01    1.365049E+01    1.356299E+01    1.347531E+01    1.338695E+01    1.329906E+01    1.321195E+01    1.312557E+01    1.303991E+01    1.295514E+01    1.287153E+01    1.278910E+01    1.270813E+01    1.262797E+01    1.254872E+01    1.247092E+01    1.239470E+01    1.232032E+01    1.224799E+01    1.217986E+01    1.211572E+01    1.205394E+01    1.199607E+01    1.194301E+01    1.189395E+01    1.184785E+01    1.180405E+01    1.176235E+01    1.172261E+01    1.168483E+01    1.164922E+01    1.161583E+01    1.158445E+01    1.155484E+01    1.152671E+01    1.149989E+01    1.147417E+01    1.144922E+01    1.142470E+01    1.140039E+01    1.137620E+01    1.135208E+01    1.132826E+01    1.130520E+01    1.128332E+01    1.126262E+01    1.124319E+01    1.122577E+01    1.120924E+01    1.119345E+01    1.118236E+01    1.117230E+01    1.115778E+01    1.115696E+01    1.116031E+01    1.113954E+01    1.116856E+01    1.126148E+01    1.130920E+01    1.134442E+01    1.138204E+01    1.141404E+01    1.143064E+01    1.143884E+01    1.150695E+01    1.158833E+01    1.168062E+01    1.176206E+01    1.183379E+01    1.189673E+01    1.199806E+01    1.211641E+01    1.222445E+01    1.232557E+01    1.241963E+01    1.250799E+01    1.258625E+01    1.273083E+01    2.347537E+01    1.000000E+30    1.000000E+30    1.000000E+30    1.000000E+30    1.000000E+30    1.000000E+30    1.000000E+30    1.000000E+30    1.000000E+30    1.000000E+30    1.000000E+30    1.000000E+30    1.000000E+30    1.000000E+30    1.000000E+30    1.000000E+30    1.000000E+30    1.000000E+30    1.000000E+30    1.000000E+30    1.000000E+30    1.000000E+30    1.000000E+30    1.000000E+30    1.000000E+30    1.000000E+30    1.000000E+30    1.000000E+30    1.000000E+30    1.000000E+30    1.000000E+30    1.000000E+30    1.000000E+30    1.000000E+30    1.000000E+30    1.000000E+30    1.000000E+30    1.000000E+30    1.000000E+30    1.000000E+30    1.000000E+30    1.000000E+30    1.000000E+30    1.000000E+30    1.000000E+30    1.000000E+30    1.000000E+30    1.000000E+30    1.000000E+30    1.000000E+30    1.000000E+30    1.000000E+30
   1.000000E+30    2.187011E+01    1.551661E+01    1.537075E+01    1.526772E+01    1.516575E+01    1.506457E+01    1.496361E+01    1.486264E+01    1.476233E+01    1.466297E+01    1.456411E+01    1.446596E+01    1.436893E+01    1.427296E+01    1.417823E+01    1.408509E+01    1.399344E+01    1.390257E+01    1.381229E+01    1.372324E+01    1.363512E+01    1.354765E+01    1.345978E+01    1.337125E+01    1.328320E+01    1.319576E+01    1.310891E+01    1.302272E+01    1.293739E+01    1.285305E+01    1.276982E+01    1.268782E+01    1.260669E+01    1.252656E+01    1.244779E+01    1.237076E+01    1.229584E+01    1.222343E+01    1.215503E+01    1.209019E+01    1.202823E+01    1.197061E+01    1.191823E+01    1.187049E+01    1.182615E+01    1.178414E+01    1.174393E+01    1.170536E+01    1.166889E+01    1.163494E+01    1.160349E+01    1.157425E+01    1.154686E+01    1.152099E+01    1.149644E+01    1.147295E+01    1.145011E+01    1.142749E+01    1.140471E+01    1.138155E+01    1.135801E+01    1.133446E+01    1.131150E+01    1.129027E+01    1.127022E+01    1.125075E+01    1.123569E+01    1.122030E+01    1.120121E+01    1.119722E+01    1.119713E+01    1.116452E+01    1.118406E+01    1.122850E+01    1.133633E+01    1.139847E+01    1.145852E+01    1.150402E+01    1.154129E+01    1.157579E+01    1.160705E+01    1.163620E+01    1.166519E+01    1.171203E+01    1.176853E+01    1.182902E+01    1.188780E+01    1.194265E+01    1.199438E+01    1.204404E+01    1.218880E+01    1.230413E+01    1.240904E+01    1.250593E+01    1.259769E+01    1.268320E+01    1.285046E+01    2.399912E+01    1.000000E+30    1.000000E+30    1.000000E+30    1.000000E+30    1.000000E+30    1.000000E+30    1.000000E+30    1.000000E+30    1.000000E+30    1.000000E+30    1.000000E+30    1.000000E+30    1.000000E+30    1.000000E+30    1.000000E+30    1.000000E+30    1.000000E+30    1.000000E+30    1.000000E+30    1.000000E+30    1.000000E+30    1.000000E+30    1.000000E+30    1.000000E+30    1.000000E+30    1.000000E+30    1.000000E+30    1.000000E+30    1.000000E+30    1.000000E+30    1.000000E+30    1.000000E+30    1.000000E+30    1.000000E+30    1.000000E+30    1.000000E+30    1.000000E+30    1.000000E+30    1.000000E+30    1.000000E+30    1.000000E+30    1.000000E+30    1.000000E+30    1.000000E+30    1.000000E+30    1.000000E+30    1.000000E+30    1.000000E+30    1.000000E+30    1.000000E+30    1.000000E+30    1.000000E+30
   1.000000E+30    2.185390E+01    1.549666E+01    1.535026E+01    1.524710E+01    1.514532E+01    1.504443E+01    1.494385E+01    1.484329E+01    1.474337E+01    1.464424E+01    1.454558E+01    1.444767E+01    1.435085E+01    1.425512E+01    1.416046E+01    1.406732E+01    1.397579E+01    1.388516E+01    1.379512E+01    1.370589E+01    1.361782E+01    1.353040E+01    1.344216E+01    1.335344E+01    1.326515E+01    1.317737E+01    1.309001E+01    1.300329E+01    1.291733E+01    1.283211E+01    1.274783E+01    1.266461E+01    1.258230E+01    1.250106E+01    1.242122E+01    1.234308E+01    1.226703E+01    1.219370E+01    1.212430E+01    1.205847E+01    1.199628E+01    1.193906E+01    1.188783E+01    1.184197E+01    1.180014E+01    1.176058E+01    1.172191E+01    1.168415E+01    1.164865E+01    1.161632E+01    1.158704E+01    1.156029E+01    1.153546E+01    1.151207E+01    1.149003E+01    1.146916E+01    1.144888E+01    1.142854E+01    1.140753E+01    1.138530E+01    1.136184E+01    1.133805E+01    1.131409E+01    1.129396E+01    1.127498E+01    1.125153E+01    1.124360E+01    1.123324E+01    1.119416E+01    1.121022E+01    1.125857E+01    1.137079E+01    1.143210E+01    1.148408E+01    1.155145E+01    1.160878E+01    1.166050E+01    1.170309E+01    1.173910E+01    1.177085E+01    1.179983E+01    1.182743E+01    1.185677E+01    1.189306E+01    1.193262E+01    1.197271E+01    1.201216E+01    1.205121E+01    1.209199E+01    1.214212E+01    1.227538E+01    1.239161E+01    1.249851E+01    1.259617E+01    1.268932E+01    1.278274E+01    1.298498E+01    2.497004E+01    1.000000E+30    1.000000E+30    1.000000E+30    1.000000E+30    1.000000E+30    1.000000E+30    1.000000E+30    1.000000E+30    1.000000E+30    1.000000E+30    1.000000E+30    1.000000E+30    1.000000E+30    1.000000E+30    1.000000E+30    1.000000E+30    1.000000E+30    1.000000E+30    1.000000E+30    1.000000E+30    1.000000E+30    1.000000E+30    1.000000E+30    1.000000E+30    1.000000E+30    1.000000E+30    1.000000E+30    1.000000E+30    1.000000E+30    1.000000E+30    1.000000E+30    1.000000E+30    1.000000E+30    1.000000E+30    1.000000E+30    1.000000E+30    1.000000E+30    1.000000E+30    1.000000E+30    1.000000E+30    1.000000E+30    1.000000E+30    1.000000E+30    1.000000E+30    1.000000E+30    1.000000E+30    1.000000E+30    1.000000E+30    1.000000E+30    1.000000E+30    1.000000E+30    1.000000E+30
   1.000000E+30    2.148148E+01    1.547135E+01    1.532737E+01    1.522430E+01    1.512271E+01    1.502212E+01    1.492199E+01    1.482206E+01    1.472277E+01    1.462409E+01    1.452563E+01    1.442793E+01    1.433144E+01    1.423599E+01    1.414141E+01    1.404827E+01    1.395682E+01    1.386640E+01    1.377659E+01    1.368715E+01    1.359876E+01    1.351122E+01    1.342284E+01    1.333391E+01    1.324520E+01    1.315684E+01    1.306901E+01    1.298160E+01    1.289476E+01    1.280863E+01    1.272323E+01    1.263891E+01    1.255512E+01    1.247222E+01    1.239075E+01    1.231102E+01    1.223341E+01    1.215869E+01    1.208757E+01    1.201997E+01    1.195677E+01    1.189976E+01    1.185015E+01    1.180756E+01    1.176994E+01    1.173405E+01    1.169678E+01    1.165864E+01    1.162320E+01    1.159239E+01    1.156574E+01    1.154217E+01    1.152035E+01    1.149950E+01    1.148029E+01    1.146258E+01    1.144554E+01    1.142826E+01    1.140956E+01    1.138823E+01    1.136389E+01    1.133970E+01    1.131073E+01    1.129435E+01    1.128196E+01    1.123642E+01    1.125558E+01    1.128151E+01    1.140056E+01    1.146541E+01    1.152344E+01    1.159589E+01    1.165631E+01    1.171135E+01    1.176833E+01    1.181988E+01    1.186528E+01    1.190494E+01    1.193887E+01    1.196797E+01    1.199380E+01    1.201816E+01    1.204160E+01    1.206527E+01    1.208841E+01    1.211026E+01    1.213193E+01    1.215384E+01    1.217800E+01    1.219739E+01    1.236282E+01    1.248653E+01    1.259419E+01    1.268924E+01    1.277660E+01    1.286021E+01    1.294555E+01    1.317675E+01    2.452440E+01    1.000000E+30    1.000000E+30    1.000000E+30    1.000000E+30    1.000000E+30    1.000000E+30    1.000000E+30    1.000000E+30    1.000000E+30    1.000000E+30    1.000000E+30    1.000000E+30    1.000000E+30    1.000000E+30    1.000000E+30    1.000000E+30    1.000000E+30    1.000000E+30    1.000000E+30    1.000000E+30    1.000000E+30    1.000000E+30    1.000000E+30    1.000000E+30    1.000000E+30    1.000000E+30    1.000000E+30    1.000000E+30    1.000000E+30    1.000000E+30    1.000000E+30    1.000000E+30    1.000000E+30    1.000000E+30    1.000000E+30    1.000000E+30    1.000000E+30    1.000000E+30    1.000000E+30    1.000000E+30    1.000000E+30    1.000000E+30    1.000000E+30    1.000000E+30    1.000000E+30    1.000000E+30    1.000000E+30    1.000000E+30    1.000000E+30    1.000000E+30    1.000000E+30
   1.000000E+30    2.162839E+01    1.544691E+01    1.530203E+01    1.519919E+01    1.509788E+01    1.499763E+01    1.489792E+01    1.479876E+01    1.470040E+01    1.460226E+01    1.450413E+01    1.440684E+01    1.431071E+01    1.421549E+01    1.412108E+01    1.402791E+01    1.393633E+01    1.384610E+01    1.375645E+01    1.366665E+01    1.357803E+01    1.349037E+01    1.340167E+01    1.331258E+01    1.322345E+01    1.313452E+01    1.304600E+01    1.295770E+01    1.287000E+01    1.278272E+01    1.269622E+01    1.261049E+01    1.252469E+01    1.243985E+01    1.235644E+01    1.227469E+01    1.219495E+01    1.211816E+01    1.204470E+01    1.197459E+01    1.190892E+01    1.185068E+01    1.180338E+01    1.176649E+01    1.173609E+01    1.170668E+01    1.167014E+01    1.162815E+01    1.159046E+01    1.156121E+01    1.153826E+01    1.151921E+01    1.150092E+01    1.148239E+01    1.146639E+01    1.145221E+01    1.143985E+01    1.142737E+01    1.141215E+01    1.139193E+01    1.136362E+01    1.134422E+01    1.129477E+01    1.129133E+01    1.132885E+01    1.145017E+01    1.151486E+01    1.156686E+01    1.163515E+01    1.169573E+01    1.175683E+01    1.182062E+01    1.187767E+01    1.193166E+01    1.198326E+01    1.202881E+01    1.207115E+01    1.210897E+01    1.214090E+01    1.216681E+01    1.218752E+01    1.220602E+01    1.222125E+01    1.223199E+01    1.223859E+01    1.224205E+01    1.224442E+01    1.225236E+01    1.227301E+01    1.229506E+01    1.247370E+01    1.259629E+01    1.269928E+01    1.278733E+01    1.286405E+01    1.293409E+01    1.299731E+01    1.311461E+01    2.361689E+01    1.000000E+30    1.000000E+30    1.000000E+30    1.000000E+30    1.000000E+30    1.000000E+30    1.000000E+30    1.000000E+30    1.000000E+30    1.000000E+30    1.000000E+30    1.000000E+30    1.000000E+30    1.000000E+30    1.000000E+30    1.000000E+30    1.000000E+30    1.000000E+30    1.000000E+30    1.000000E+30    1.000000E+30    1.000000E+30    1.000000E+30    1.000000E+30    1.000000E+30    1.000000E+30    1.000000E+30    1.000000E+30    1.000000E+30    1.000000E+30    1.000000E+30    1.000000E+30    1.000000E+30    1.000000E+30    1.000000E+30    1.000000E+30    1.000000E+30    1.000000E+30    1.000000E+30    1.000000E+30    1.000000E+30    1.000000E+30    1.000000E+30    1.000000E+30    1.000000E+30    1.000000E+30    1.000000E+30    1.000000E+30    1.000000E+30    1.000000E+30    1.000000E+30
   1.000000E+30    2.205743E+01    1.542172E+01    1.527415E+01    1.517169E+01    1.507082E+01    1.497095E+01    1.487172E+01    1.477346E+01    1.467606E+01    1.457856E+01    1.448106E+01    1.438430E+01    1.428835E+01    1.419334E+01    1.409931E+01    1.400616E+01    1.391429E+01    1.382403E+01    1.373453E+01    1.364478E+01    1.355618E+01    1.346810E+01    1.337905E+01    1.328967E+01    1.320004E+01    1.311047E+01    1.302114E+01    1.293193E+01    1.284311E+01    1.275439E+01    1.266661E+01    1.257898E+01    1.249095E+01    1.240396E+01    1.231836E+01    1.223425E+01    1.215199E+01    1.207252E+01    1.199592E+01    1.192215E+01    1.185147E+01    1.178872E+01    1.174425E+01    1.171549E+01    1.169828E+01    1.168384E+01    1.164607E+01    1.159098E+01    1.154586E+01    1.151977E+01    1.150327E+01    1.149199E+01    1.147835E+01    1.146017E+01    1.144778E+01    1.143713E+01    1.143160E+01    1.142652E+01    1.141792E+01    1.140232E+01    1.135529E+01    1.138557E+01    1.150313E+01    1.156519E+01    1.162160E+01    1.169240E+01    1.175173E+01    1.180797E+01    1.186953E+01    1.193029E+01    1.198954E+01    1.204564E+01    1.209789E+01    1.214876E+01    1.219433E+01    1.223664E+01    1.227746E+01    1.231248E+01    1.234223E+01    1.236515E+01    1.238192E+01    1.239304E+01    1.239815E+01    1.239583E+01    1.238598E+01    1.236985E+01    1.234962E+01    1.234729E+01    1.237978E+01    1.250500E+01    1.262539E+01    1.272619E+01    1.281650E+01    1.289291E+01    1.295660E+01    1.301250E+01    1.305761E+01    1.315188E+01    2.320323E+01    1.000000E+30    1.000000E+30    1.000000E+30    1.000000E+30    1.000000E+30    1.000000E+30    1.000000E+30    1.000000E+30    1.000000E+30    1.000000E+30    1.000000E+30    1.000000E+30    1.000000E+30    1.000000E+30    1.000000E+30    1.000000E+30    1.000000E+30    1.000000E+30    1.000000E+30    1.000000E+30    1.000000E+30    1.000000E+30    1.000000E+30    1.000000E+30    1.000000E+30    1.000000E+30    1.000000E+30    1.000000E+30    1.000000E+30    1.000000E+30    1.000000E+30    1.000000E+30    1.000000E+30    1.000000E+30    1.000000E+30    1.000000E+30    1.000000E+30    1.000000E+30    1.000000E+30    1.000000E+30    1.000000E+30    1.000000E+30    1.000000E+30    1.000000E+30    1.000000E+30    1.000000E+30    1.000000E+30    1.000000E+30    1.000000E+30    1.000000E+30    1.000000E+30
   1.000000E+30    2.185958E+01    1.538905E+01    1.524359E+01    1.514177E+01    1.504139E+01    1.494203E+01    1.484349E+01    1.474614E+01    1.464958E+01    1.455282E+01    1.445618E+01    1.436005E+01    1.426447E+01    1.416967E+01    1.407594E+01    1.398309E+01    1.389115E+01    1.380075E+01    1.371121E+01    1.362162E+01    1.353307E+01    1.344454E+01    1.335512E+01    1.326530E+01    1.317505E+01    1.308470E+01    1.299447E+01    1.290425E+01    1.281390E+01    1.272373E+01    1.263453E+01    1.254467E+01    1.245427E+01    1.236485E+01    1.227663E+01    1.218971E+01    1.210478E+01    1.202218E+01    1.194193E+01    1.186349E+01    1.178323E+01    1.170625E+01    1.166846E+01    1.165188E+01    1.165599E+01    1.168136E+01    1.163980E+01    1.154551E+01    1.148073E+01    1.146699E+01    1.146228E+01    1.146651E+01    1.146031E+01    1.143226E+01    1.142726E+01    1.141719E+01    1.142348E+01    1.143017E+01    1.143266E+01    1.145222E+01    1.158744E+01    1.166730E+01    1.174599E+01    1.180708E+01    1.186567E+01    1.192895E+01    1.199056E+01    1.204998E+01    1.210942E+01    1.216627E+01    1.221977E+01    1.227036E+01    1.231858E+01    1.236307E+01    1.240430E+01    1.244469E+01    1.248072E+01    1.251218E+01    1.253959E+01    1.256108E+01    1.257606E+01    1.258203E+01    1.257669E+01    1.256164E+01    1.253546E+01    1.249711E+01    1.244516E+01    1.252953E+01    1.261138E+01    1.270915E+01    1.279672E+01    1.287510E+01    1.294613E+01    1.300621E+01    1.305596E+01    1.309835E+01    1.312999E+01    1.322481E+01    2.400617E+01    1.000000E+30    1.000000E+30    1.000000E+30    1.000000E+30    1.000000E+30    1.000000E+30    1.000000E+30    1.000000E+30    1.000000E+30    1.000000E+30    1.000000E+30    1.000000E+30    1.000000E+30    1.000000E+30    1.000000E+30    1.000000E+30    1.000000E+30    1.000000E+30    1.000000E+30    1.000000E+30    1.000000E+30    1.000000E+30    1.000000E+30    1.000000E+30    1.000000E+30    1.000000E+30    1.000000E+30    1.000000E+30    1.000000E+30    1.000000E+30    1.000000E+30    1.000000E+30    1.000000E+30    1.000000E+30    1.000000E+30    1.000000E+30    1.000000E+30    1.000000E+30    1.000000E+30    1.000000E+30    1.000000E+30    1.000000E+30    1.000000E+30    1.000000E+30    1.000000E+30    1.000000E+30    1.000000E+30    1.000000E+30    1.000000E+30    1.000000E+30    1.000000E+30
   1.000000E+30    2.179925E+01    1.535503E+01    1.521049E+01    1.510932E+01    1.500952E+01    1.491087E+01    1.481313E+01    1.471653E+01    1.462076E+01    1.452498E+01    1.442936E+01    1.433409E+01    1.423901E+01    1.414455E+01    1.405123E+01    1.395881E+01    1.386698E+01    1.377641E+01    1.368664E+01    1.359722E+01    1.350861E+01    1.341963E+01    1.332987E+01    1.323961E+01    1.314869E+01    1.305742E+01    1.296620E+01    1.287466E+01    1.278271E+01    1.269124E+01    1.260009E+01    1.250756E+01    1.241467E+01    1.232241E+01    1.223117E+01    1.214146E+01    1.205371E+01    1.196720E+01    1.188299E+01    1.180358E+01    1.170875E+01    1.158307E+01    1.156785E+01    1.156399E+01    1.159135E+01    1.175032E+01    1.178383E+01    1.176321E+01    1.173913E+01    1.172835E+01    1.172162E+01    1.171925E+01    1.171514E+01    1.170701E+01    1.170582E+01    1.170821E+01    1.171829E+01    1.173362E+01    1.175537E+01    1.179190E+01    1.186372E+01    1.193138E+01    1.199899E+01    1.206188E+01    1.212227E+01    1.218247E+01    1.224113E+01    1.229716E+01    1.235102E+01    1.240159E+01    1.244953E+01    1.249487E+01    1.253805E+01    1.257710E+01    1.261569E+01    1.265111E+01    1.268143E+01    1.270914E+01    1.273415E+01    1.275507E+01    1.276857E+01    1.277304E+01    1.276195E+01    1.273573E+01    1.269422E+01    1.263304E+01    1.255297E+01    1.270565E+01    1.281194E+01    1.289564E+01    1.296411E+01    1.302463E+01    1.307846E+01    1.312380E+01    1.316085E+01    1.319071E+01    1.321030E+01    1.329727E+01    2.424356E+01    1.000000E+30    1.000000E+30    1.000000E+30    1.000000E+30    1.000000E+30    1.000000E+30    1.000000E+30    1.000000E+30    1.000000E+30    1.000000E+30    1.000000E+30    1.000000E+30    1.000000E+30    1.000000E+30    1.000000E+30    1.000000E+30    1.000000E+30    1.000000E+30    1.000000E+30    1.000000E+30    1.000000E+30    1.000000E+30    1.000000E+30    1.000000E+30    1.000000E+30    1.000000E+30    1.000000E+30    1.000000E+30    1.000000E+30    1.000000E+30    1.000000E+30    1.000000E+30    1.000000E+30    1.000000E+30    1.000000E+30    1.000000E+30    1.000000E+30    1.000000E+30    1.000000E+30    1.000000E+30    1.000000E+30    1.000000E+30    1.000000E+30    1.000000E+30    1.000000E+30    1.000000E+30    1.000000E+30    1.000000E+30    1.000000E+30    1.000000E+30    1.000000E+30
   1.000000E+30    2.192770E+01    1.531939E+01    1.517476E+01    1.507426E+01    1.497518E+01    1.487731E+01    1.478039E+01    1.468466E+01    1.458984E+01    1.449516E+01    1.440069E+01    1.430635E+01    1.421198E+01    1.411816E+01    1.402538E+01    1.393345E+01    1.384173E+01    1.375074E+01    1.366091E+01    1.357191E+01    1.348312E+01    1.339368E+01    1.330341E+01    1.321255E+01    1.312095E+01    1.302884E+01    1.293643E+01    1.284332E+01    1.274985E+01    1.265674E+01    1.256315E+01    1.246791E+01    1.237223E+01    1.227675E+01    1.218208E+01    1.208928E+01    1.199878E+01    1.190728E+01    1.181725E+01    1.175155E+01    1.166048E+01    1.174138E+01    1.178223E+01    1.181594E+01    1.186051E+01    1.193118E+01    1.196756E+01    1.197426E+01    1.196947E+01    1.196409E+01    1.196092E+01    1.196195E+01    1.196438E+01    1.196671E+01    1.197626E+01    1.199139E+01    1.201329E+01    1.204151E+01    1.207732E+01    1.212473E+01    1.218822E+01    1.225422E+01    1.231740E+01    1.237639E+01    1.243221E+01    1.248623E+01    1.253802E+01    1.258732E+01    1.263360E+01    1.267616E+01    1.271497E+01    1.274626E+01    1.277282E+01    1.279919E+01    1.282853E+01    1.285670E+01    1.288209E+01    1.290634E+01    1.292932E+01    1.294927E+01    1.296230E+01    1.296693E+01    1.295537E+01    1.292080E+01    1.286818E+01    1.278949E+01    1.275381E+01    1.290569E+01    1.299844E+01    1.306509E+01    1.312034E+01    1.317017E+01    1.321215E+01    1.324476E+01    1.327033E+01    1.328951E+01    1.330109E+01    1.331287E+01    1.346213E+01    2.419975E+01    1.000000E+30    1.000000E+30    1.000000E+30    1.000000E+30    1.000000E+30    1.000000E+30    1.000000E+30    1.000000E+30    1.000000E+30    1.000000E+30    1.000000E+30    1.000000E+30    1.000000E+30    1.000000E+30    1.000000E+30    1.000000E+30    1.000000E+30    1.000000E+30    1.000000E+30    1.000000E+30    1.000000E+30    1.000000E+30    1.000000E+30    1.000000E+30    1.000000E+30    1.000000E+30    1.000000E+30    1.000000E+30    1.000000E+30    1.000000E+30    1.000000E+30    1.000000E+30    1.000000E+30    1.000000E+30    1.000000E+30    1.000000E+30    1.000000E+30    1.000000E+30    1.000000E+30    1.000000E+30    1.000000E+30    1.000000E+30    1.000000E+30    1.000000E+30    1.000000E+30    1.000000E+30    1.000000E+30    1.000000E+30    1.000000E+30    1.000000E+30
   1.000000E+30    2.220684E+01    1.528239E+01    1.513641E+01    1.503655E+01    1.493833E+01    1.484132E+01    1.474536E+01    1.465066E+01    1.455690E+01    1.446342E+01    1.437006E+01    1.427668E+01    1.418330E+01    1.409037E+01    1.399825E+01    1.390672E+01    1.381530E+01    1.372435E+01    1.363452E+01    1.354550E+01    1.345645E+01    1.336653E+01    1.327575E+01    1.318433E+01    1.309206E+01    1.299895E+01    1.290499E+01    1.281037E+01    1.271522E+01    1.261995E+01    1.252379E+01    1.242581E+01    1.232711E+01    1.222773E+01    1.212858E+01    1.203240E+01    1.194340E+01    1.184267E+01    1.171418E+01    1.172062E+01    1.184559E+01    1.192697E+01    1.198286E+01    1.203021E+01    1.207719E+01    1.212687E+01    1.216299E+01    1.218574E+01    1.220109E+01    1.221483E+01    1.223423E+01    1.225533E+01    1.227582E+01    1.229648E+01    1.231930E+01    1.234536E+01    1.237699E+01    1.241445E+01    1.245885E+01    1.251172E+01    1.257237E+01    1.263398E+01    1.269207E+01    1.274715E+01    1.279969E+01    1.284985E+01    1.289727E+01    1.294187E+01    1.298263E+01    1.301851E+01    1.304791E+01    1.306683E+01    1.307824E+01    1.308772E+01    1.309261E+01    1.309791E+01    1.310487E+01    1.311572E+01    1.312984E+01    1.314507E+01    1.315694E+01    1.315994E+01    1.315201E+01    1.312230E+01    1.305936E+01    1.291681E+01    1.303316E+01    1.312422E+01    1.318779E+01    1.323909E+01    1.328229E+01    1.331991E+01    1.334860E+01    1.336882E+01    1.338315E+01    1.339158E+01    1.339336E+01    1.339408E+01    1.347421E+01    2.439815E+01    1.000000E+30    1.000000E+30    1.000000E+30    1.000000E+30    1.000000E+30    1.000000E+30    1.000000E+30    1.000000E+30    1.000000E+30    1.000000E+30    1.000000E+30    1.000000E+30    1.000000E+30    1.000000E+30    1.000000E+30    1.000000E+30    1.000000E+30    1.000000E+30    1.000000E+30    1.000000E+30    1.000000E+30    1.000000E+30    1.000000E+30    1.000000E+30    1.000000E+30    1.000000E+30    1.000000E+30    1.000000E+30    1.000000E+30    1.000000E+30    1.000000E+30    1.000000E+30    1.000000E+30    1.000000E+30    1.000000E+30    1.000000E+30    1.000000E+30    1.000000E+30    1.000000E+30    1.000000E+30    1.000000E+30    1.000000E+30    1.000000E+30    1.000000E+30    1.000000E+30    1.000000E+30    1.000000E+30    1.000000E+30    1.000000E+30    1.000000E+30
   1.000000E+30    2.177236E+01    1.523785E+01    1.509521E+01    1.499620E+01    1.489897E+01    1.480288E+01    1.470798E+01    1.461443E+01    1.452178E+01    1.442946E+01    1.433734E+01    1.424521E+01    1.415296E+01    1.406100E+01    1.396966E+01    1.387872E+01    1.378782E+01    1.369735E+01    1.360743E+01    1.351802E+01    1.342861E+01    1.333811E+01    1.324684E+01    1.315489E+01    1.306177E+01    1.296736E+01    1.287207E+01    1.277599E+01    1.267887E+01    1.258108E+01    1.248201E+01    1.238144E+01    1.227976E+01    1.217583E+01    1.207010E+01    1.196779E+01    1.189360E+01    1.179400E+01    1.189840E+01    1.196969E+01    1.205414E+01    1.212782E+01    1.219023E+01    1.224627E+01    1.230029E+01    1.235314E+01    1.240060E+01    1.244512E+01    1.248878E+01    1.253081E+01    1.257134E+01    1.260891E+01    1.264352E+01    1.267690E+01    1.270752E+01    1.273918E+01    1.277439E+01    1.281421E+01    1.285937E+01    1.291014E+01    1.296545E+01    1.302233E+01    1.307822E+01    1.313221E+01    1.318390E+01    1.323298E+01    1.327900E+01    1.332137E+01    1.335907E+01    1.339095E+01    1.341576E+01    1.343213E+01    1.344039E+01    1.344070E+01    1.342846E+01    1.341289E+01    1.339750E+01    1.338233E+01    1.336799E+01    1.336173E+01    1.336575E+01    1.336821E+01    1.336659E+01    1.335286E+01    1.331874E+01    1.328204E+01    1.330818E+01    1.334603E+01    1.338360E+01    1.341795E+01    1.344825E+01    1.347232E+01    1.348792E+01    1.349570E+01    1.349845E+01    1.349537E+01    1.348487E+01    1.346992E+01    1.352740E+01    2.375968E+01    1.000000E+30    1.000000E+30    1.000000E+30    1.000000E+30    1.000000E+30    1.000000E+30    1.000000E+30    1.000000E+30    1.000000E+30    1.000000E+30    1.000000E+30    1.000000E+30    1.000000E+30    1.000000E+30    1.000000E+30    1.000000E+30    1.000000E+30    1.000000E+30    1.000000E+30    1.000000E+30    1.000000E+30    1.000000E+30    1.000000E+30    1.000000E+30    1.000000E+30    1.000000E+30    1.000000E+30    1.000000E+30    1.000000E+30    1.000000E+30    1.000000E+30    1.000000E+30    1.000000E+30    1.000000E+30    1.000000E+30    1.000000E+30    1.000000E+30    1.000000E+30    1.000000E+30    1.000000E+30    1.000000E+30    1.000000E+30    1.000000E+30    1.000000E+30    1.000000E+30    1.000000E+30    1.000000E+30    1.000000E+30    1.000000E+30    1.000000E+30
   1.000000E+30    2.174820E+01    1.519288E+01    1.505110E+01    1.495306E+01    1.485684E+01    1.476175E+01    1.466803E+01    1.457576E+01    1.448434E+01    1.439334E+01    1.430259E+01    1.421186E+01    1.412096E+01    1.403012E+01    1.393966E+01    1.384945E+01    1.375924E+01    1.366937E+01    1.357944E+01    1.348956E+01    1.339955E+01    1.330849E+01    1.321668E+01    1.312396E+01    1.302974E+01    1.293433E+01    1.283777E+01    1.273988E+01    1.264055E+01    1.253990E+01    1.243785E+01    1.233493E+01    1.223150E+01    1.212334E+01    1.200645E+01    1.186793E+01    1.186228E+01    1.199868E+01    1.210357E+01    1.218827E+01    1.226996E+01    1.234737E+01    1.241899E+01    1.248660E+01    1.255551E+01    1.262537E+01    1.269528E+01    1.276333E+01    1.282715E+01    1.288538E+01    1.293521E+01    1.297915E+01    1.301851E+01    1.305475E+01    1.308900E+01    1.312380E+01    1.316155E+01    1.320305E+01    1.324871E+01    1.329847E+01    1.335146E+01    1.340617E+01    1.346081E+01    1.351415E+01    1.356534E+01    1.361378E+01    1.365902E+01    1.370016E+01    1.373594E+01    1.376505E+01    1.378658E+01    1.380000E+01    1.380489E+01    1.380054E+01    1.378602E+01    1.376502E+01    1.373877E+01    1.370571E+01    1.366660E+01    1.363051E+01    1.361141E+01    1.360512E+01    1.360283E+01    1.359475E+01    1.357429E+01    1.355511E+01    1.355490E+01    1.356508E+01    1.358162E+01    1.359980E+01    1.361607E+01    1.362654E+01    1.362998E+01    1.362527E+01    1.361620E+01    1.360104E+01    1.357676E+01    1.354213E+01    1.349999E+01    1.348103E+01    1.000000E+30    1.000000E+30    1.000000E+30    1.000000E+30    1.000000E+30    1.000000E+30    1.000000E+30    1.000000E+30    1.000000E+30    1.000000E+30    1.000000E+30    1.000000E+30    1.000000E+30    1.000000E+30    1.000000E+30    1.000000E+30    1.000000E+30    1.000000E+30    1.000000E+30    1.000000E+30    1.000000E+30    1.000000E+30    1.000000E+30    1.000000E+30    1.000000E+30    1.000000E+30    1.000000E+30    1.000000E+30    1.000000E+30    1.000000E+30    1.000000E+30    1.000000E+30    1.000000E+30    1.000000E+30    1.000000E+30    1.000000E+30    1.000000E+30    1.000000E+30    1.000000E+30    1.000000E+30    1.000000E+30    1.000000E+30    1.000000E+30    1.000000E+30    1.000000E+30    1.000000E+30    1.000000E+30    1.000000E+30    1.000000E+30    1.000000E+30
   1.000000E+30    2.176571E+01    1.514483E+01    1.500366E+01    1.490670E+01    1.481168E+01    1.471784E+01    1.462549E+01    1.453463E+01    1.444448E+01    1.435488E+01    1.426582E+01    1.417679E+01    1.408730E+01    1.399772E+01    1.390843E+01    1.381903E+01    1.372957E+01    1.364013E+01    1.355006E+01    1.345994E+01    1.336938E+01    1.327764E+01    1.318515E+01    1.309131E+01    1.299607E+01    1.289973E+01    1.280167E+01    1.270213E+01    1.260071E+01    1.249668E+01    1.239071E+01    1.228513E+01    1.218492E+01    1.207607E+01    1.195855E+01    1.205066E+01    1.212428E+01    1.222604E+01    1.232660E+01    1.242149E+01    1.251231E+01    1.260000E+01    1.268716E+01    1.277196E+01    1.285895E+01    1.294730E+01    1.303334E+01    1.311240E+01    1.318159E+01    1.324365E+01    1.329942E+01    1.334842E+01    1.339111E+01    1.342907E+01    1.346441E+01    1.350010E+01    1.355506E+01    1.359795E+01    1.364460E+01    1.369459E+01    1.374621E+01    1.380055E+01    1.385515E+01    1.390915E+01    1.396106E+01    1.400980E+01    1.405521E+01    1.409552E+01    1.413121E+01    1.415847E+01    1.417645E+01    1.418716E+01    1.418875E+01    1.418102E+01    1.414450E+01    1.411657E+01    1.408087E+01    1.403870E+01    1.399025E+01    1.393539E+01    1.388239E+01    1.385279E+01    1.383949E+01    1.383210E+01    1.381739E+01    1.379861E+01    1.378573E+01    1.377885E+01    1.377931E+01    1.378190E+01    1.378379E+01    1.378187E+01    1.377384E+01    1.375765E+01    1.373690E+01    1.371008E+01    1.367301E+01    1.362352E+01    1.356013E+01    1.346479E+01    1.000000E+30    1.000000E+30    1.000000E+30    1.000000E+30    1.000000E+30    1.000000E+30    1.000000E+30    1.000000E+30    1.000000E+30    1.000000E+30    1.000000E+30    1.000000E+30    1.000000E+30    1.000000E+30    1.000000E+30    1.000000E+30    1.000000E+30    1.000000E+30    1.000000E+30    1.000000E+30    1.000000E+30    1.000000E+30    1.000000E+30    1.000000E+30    1.000000E+30    1.000000E+30    1.000000E+30    1.000000E+30    1.000000E+30    1.000000E+30    1.000000E+30    1.000000E+30    1.000000E+30    1.000000E+30    1.000000E+30    1.000000E+30    1.000000E+30    1.000000E+30    1.000000E+30    1.000000E+30    1.000000E+30    1.000000E+30    1.000000E+30    1.000000E+30    1.000000E+30    1.000000E+30    1.000000E+30    1.000000E+30    1.000000E+30    1.000000E+30
   1.000000E+30    2.190035E+01    1.509432E+01    1.495277E+01    1.485709E+01    1.476340E+01    1.467096E+01    1.458021E+01    1.449086E+01    1.440210E+01    1.431418E+01    1.422703E+01    1.413976E+01    1.405189E+01    1.396400E+01    1.387602E+01    1.378755E+01    1.369869E+01    1.360941E+01    1.351940E+01    1.342922E+01    1.333799E+01    1.324535E+01    1.315176E+01    1.305704E+01    1.296110E+01    1.286354E+01    1.276416E+01    1.266335E+01    1.256009E+01    1.245252E+01    1.233981E+01    1.222528E+01    1.213747E+01    1.202404E+01    1.216138E+01    1.227622E+01    1.237844E+01    1.248626E+01    1.259427E+01    1.269959E+01    1.280170E+01    1.290261E+01    1.300274E+01    1.310154E+01    1.319947E+01    1.329575E+01    1.338523E+01    1.346579E+01    1.353761E+01    1.360283E+01    1.368093E+01    1.373480E+01    1.377914E+01    1.381672E+01    1.385003E+01    1.389854E+01    2.024672E+01    2.031036E+01    2.052104E+01    2.070748E+01    2.051738E+01    2.057972E+01    2.060858E+01    2.082787E+01    2.113001E+01    2.136746E+01    2.144457E+01    2.113831E+01    2.138438E+01    2.143604E+01    2.113939E+01    2.110004E+01    2.087851E+01    2.106697E+01    1.453807E+01    1.448763E+01    1.442373E+01    1.437191E+01    1.431409E+01    1.424821E+01    1.417310E+01    1.411074E+01    1.407846E+01    1.406179E+01    1.404709E+01    1.402773E+01    1.400597E+01    1.398702E+01    1.397361E+01    1.396214E+01    1.395104E+01    1.393769E+01    1.391915E+01    1.389266E+01    1.386097E+01    1.382364E+01    1.377584E+01    1.371671E+01    1.364783E+01    1.357037E+01    1.349826E+01    1.000000E+30    1.000000E+30    1.000000E+30    1.000000E+30    1.000000E+30    1.000000E+30    1.000000E+30    1.000000E+30    1.000000E+30    1.000000E+30    1.000000E+30    1.000000E+30    1.000000E+30    1.000000E+30    1.000000E+30    1.000000E+30    1.000000E+30    1.000000E+30    1.000000E+30    1.000000E+30    1.000000E+30    1.000000E+30    1.000000E+30    1.000000E+30    1.000000E+30    1.000000E+30    1.000000E+30    1.000000E+30    1.000000E+30    1.000000E+30    1.000000E+30    1.000000E+30    1.000000E+30    1.000000E+30    1.000000E+30    1.000000E+30    1.000000E+30    1.000000E+30    1.000000E+30    1.000000E+30    1.000000E+30    1.000000E+30    1.000000E+30    1.000000E+30    1.000000E+30    1.000000E+30    1.000000E+30    1.000000E+30    1.000000E+30
   1.000000E+30    2.192239E+01    1.503903E+01    1.489794E+01    1.480372E+01    1.471156E+01    1.462079E+01    1.453189E+01    1.444425E+01    1.435722E+01    1.427124E+01    1.418625E+01    1.410098E+01    1.401507E+01    1.392885E+01    1.384213E+01    1.375472E+01    1.366656E+01    1.357755E+01    1.348795E+01    1.339773E+01    1.330529E+01    1.321106E+01    1.311651E+01    1.302186E+01    1.292484E+01    1.282575E+01    1.272520E+01    1.262381E+01    1.252115E+01    1.241012E+01    1.227960E+01    1.210087E+01    1.209219E+01    1.227658E+01    1.242484E+01    1.255472E+01    1.267547E+01    1.279205E+01    1.290775E+01    1.302224E+01    1.313472E+01    1.324507E+01    1.334946E+01    1.345117E+01    1.354977E+01    1.366424E+01    1.375527E+01    1.383791E+01    1.391101E+01    1.399168E+01    2.055270E+01    2.066914E+01    2.067322E+01    2.071143E+01    2.062422E+01    2.061605E+01    1.000000E+30    1.000000E+30    1.000000E+30    1.000000E+30    1.000000E+30    1.000000E+30    1.000000E+30    1.000000E+30    1.000000E+30    1.000000E+30    1.000000E+30    1.000000E+30    1.000000E+30    1.000000E+30    1.000000E+30    1.000000E+30    1.000000E+30    1.000000E+30    2.188128E+01    2.190170E+01    1.480235E+01    1.470538E+01    1.463980E+01    1.456384E+01    1.447907E+01    1.438931E+01    1.432813E+01    1.429397E+01    1.427207E+01    1.424761E+01    1.421929E+01    1.419060E+01    1.416439E+01    1.414116E+01    1.411818E+01    1.409393E+01    1.406581E+01    1.402996E+01    1.398841E+01    1.394175E+01    1.388468E+01    1.381642E+01    1.374029E+01    1.365774E+01    1.355788E+01    1.000000E+30    1.000000E+30    1.000000E+30    1.000000E+30    1.000000E+30    1.000000E+30    1.000000E+30    1.000000E+30    1.000000E+30    1.000000E+30    1.000000E+30    1.000000E+30    1.000000E+30    1.000000E+30    1.000000E+30    1.000000E+30    1.000000E+30    1.000000E+30    1.000000E+30    1.000000E+30    1.000000E+30    1.000000E+30    1.000000E+30    1.000000E+30    1.000000E+30    1.000000E+30    1.000000E+30    1.000000E+30    1.000000E+30    1.000000E+30    1.000000E+30    1.000000E+30    1.000000E+30    1.000000E+30    1.000000E+30    1.000000E+30    1.000000E+30    1.000000E+30    1.000000E+30    1.000000E+30    1.000000E+30    1.000000E+30    1.000000E+30    1.000000E+30    1.000000E+30    1.000000E+30    1.000000E+30    1.000000E+30    1.000000E+30
   1.000000E+30    2.147112E+01    1.497585E+01    1.483855E+01    1.474610E+01    1.465588E+01    1.456730E+01    1.448047E+01    1.439471E+01    1.430982E+01    1.422631E+01    1.414349E+01    1.406030E+01    1.397653E+01    1.389209E+01    1.380698E+01    1.372091E+01    1.363370E+01    1.354517E+01    1.345576E+01    1.336498E+01    1.327095E+01    1.317536E+01    1.308191E+01    1.298685E+01    1.288721E+01    1.278646E+01    1.268422E+01    1.258290E+01    1.248445E+01    1.236526E+01    1.221952E+01    1.234374E+01    1.244144E+01    1.258328E+01    1.272524E+01    1.286184E+01    1.299078E+01    1.311361E+01    1.323571E+01    1.337720E+01    1.349781E+01    1.361213E+01    1.371769E+01    1.381583E+01    1.392345E+01    2.011434E+01    2.008946E+01    2.046460E+01    2.078923E+01    2.080971E+01    1.000000E+30    1.000000E+30    1.000000E+30    1.000000E+30    1.000000E+30    1.000000E+30    1.000000E+30    1.000000E+30    1.000000E+30    1.000000E+30    1.000000E+30    1.000000E+30    1.000000E+30    1.000000E+30    1.000000E+30    1.000000E+30    1.000000E+30    1.000000E+30    1.000000E+30    1.000000E+30    1.000000E+30    1.000000E+30    1.000000E+30    1.000000E+30    1.000000E+30    1.000000E+30    2.285217E+01    1.507408E+01    1.498624E+01    1.488204E+01    1.478689E+01    1.468120E+01    1.458725E+01    1.453170E+01    1.449560E+01    1.446276E+01    1.442806E+01    1.439073E+01    1.435397E+01    1.431944E+01    1.428555E+01    1.425067E+01    1.421352E+01    1.416959E+01    1.411919E+01    1.406422E+01    1.399917E+01    1.392225E+01    1.383757E+01    1.374612E+01    1.363084E+01    1.000000E+30    1.000000E+30    1.000000E+30    1.000000E+30    1.000000E+30    1.000000E+30    1.000000E+30    1.000000E+30    1.000000E+30    1.000000E+30    1.000000E+30    1.000000E+30    1.000000E+30    1.000000E+30    1.000000E+30    1.000000E+30    1.000000E+30    1.000000E+30    1.000000E+30    1.000000E+30    1.000000E+30    1.000000E+30    1.000000E+30    1.000000E+30    1.000000E+30    1.000000E+30    1.000000E+30    1.000000E+30    1.000000E+30    1.000000E+30    1.000000E+30    1.000000E+30    1.000000E+30    1.000000E+30    1.000000E+30    1.000000E+30    1.000000E+30    1.000000E+30    1.000000E+30    1.000000E+30    1.000000E+30    1.000000E+30    1.000000E+30    1.000000E+30    1.000000E+30    1.000000E+30    1.000000E+30    1.000000E+30    1.000000E+30
   1.000000E+30    2.135766E+01    1.491030E+01    1.477481E+01    1.468424E+01    1.459621E+01    1.451023E+01    1.442588E+01    1.434237E+01    1.426008E+01    1.417923E+01    1.409865E+01    1.401769E+01    1.393621E+01    1.385402E+01    1.377083E+01    1.368629E+01    1.360004E+01    1.351186E+01    1.342272E+01    1.333174E+01    1.323735E+01    1.314160E+01    1.304586E+01    1.294768E+01    1.284750E+01    1.274519E+01    1.263843E+01    1.252772E+01    1.243744E+01    1.231305E+01    1.247347E+01    1.261495E+01    1.274401E+01    1.288315E+01    1.302445E+01    1.318308E+01    1.331919E+01    1.344347E+01    1.357880E+01    1.917703E+01    1.912818E+01    1.928651E+01    1.964602E+01    2.017903E+01    2.026925E+01    1.000000E+30    1.000000E+30    1.000000E+30    1.000000E+30    1.000000E+30    1.000000E+30    1.000000E+30    1.000000E+30    1.000000E+30    1.000000E+30    1.000000E+30    1.000000E+30    1.000000E+30    1.000000E+30    1.000000E+30    1.000000E+30    1.000000E+30    1.000000E+30    1.000000E+30    1.000000E+30    1.000000E+30    1.000000E+30    1.000000E+30    1.000000E+30    1.000000E+30    1.000000E+30    1.000000E+30    1.000000E+30    1.000000E+30    1.000000E+30    1.000000E+30    1.000000E+30    2.240003E+01    2.194985E+01    1.523435E+01    1.511590E+01    1.497808E+01    1.485650E+01    1.477288E+01    1.471824E+01    1.467613E+01    1.463398E+01    1.458870E+01    1.454281E+01    1.449761E+01    1.445351E+01    1.440902E+01    1.436294E+01    1.431158E+01    1.425337E+01    1.419090E+01    1.411887E+01    1.403414E+01    1.394117E+01    1.384425E+01    1.374003E+01    1.000000E+30    1.000000E+30    1.000000E+30    1.000000E+30    1.000000E+30    1.000000E+30    1.000000E+30    1.000000E+30    1.000000E+30    1.000000E+30    1.000000E+30    1.000000E+30    1.000000E+30    1.000000E+30    1.000000E+30    1.000000E+30    1.000000E+30    1.000000E+30    1.000000E+30    1.000000E+30    1.000000E+30    1.000000E+30    1.000000E+30    1.000000E+30    1.000000E+30    1.000000E+30    1.000000E+30    1.000000E+30    1.000000E+30    1.000000E+30    1.000000E+30    1.000000E+30    1.000000E+30    1.000000E+30    1.000000E+30    1.000000E+30    1.000000E+30    1.000000E+30    1.000000E+30    1.000000E+30    1.000000E+30    1.000000E+30    1.000000E+30    1.000000E+30    1.000000E+30    1.000000E+30    1.000000E+30    1.000000E+30    1.000000E+30
   1.000000E+30    2.119041E+01    1.483986E+01    1.470644E+01    1.461787E+01    1.453225E+01    1.444914E+01    1.436784E+01    1.428729E+01    1.420793E+01    1.412983E+01    1.405173E+01    1.397329E+01    1.389450E+01    1.381473E+01    1.373370E+01    1.365095E+01    1.356568E+01    1.347816E+01    1.338924E+01    1.329755E+01    1.320214E+01    1.310493E+01    1.300688E+01    1.290784E+01    1.280867E+01    1.270301E+01    1.257762E+01    1.240659E+01    1.240240E+01    1.258821E+01    1.274825E+01    1.289159E+01    1.302976E+01    1.318858E+01    1.333938E+01    1.874344E+01    1.902784E+01    1.890085E+01    1.942483E+01    1.000000E+30    1.000000E+30    1.000000E+30    1.000000E+30    1.000000E+30    1.000000E+30    1.000000E+30    1.000000E+30    1.000000E+30    1.000000E+30    1.000000E+30    1.000000E+30    1.000000E+30    1.000000E+30    1.000000E+30    1.000000E+30    1.000000E+30    1.000000E+30    1.000000E+30    1.000000E+30    1.000000E+30    1.000000E+30    1.000000E+30    1.000000E+30    1.000000E+30    1.000000E+30    1.000000E+30    1.000000E+30    1.000000E+30    1.000000E+30    1.000000E+30    1.000000E+30    1.000000E+30    1.000000E+30    1.000000E+30    1.000000E+30    1.000000E+30    1.000000E+30    1.000000E+30    1.000000E+30    2.237938E+01    2.238416E+01    1.531096E+01    1.515746E+01    1.501797E+01    1.494055E+01    1.488801E+01    1.483757E+01    1.478518E+01    1.473066E+01    1.467612E+01    1.462246E+01    1.456981E+01    1.451543E+01    1.445631E+01    1.439100E+01    1.432178E+01    1.424371E+01    1.415172E+01    1.404870E+01    1.393774E+01    1.380440E+01    1.000000E+30    1.000000E+30    1.000000E+30    1.000000E+30    1.000000E+30    1.000000E+30    1.000000E+30    1.000000E+30    1.000000E+30    1.000000E+30    1.000000E+30    1.000000E+30    1.000000E+30    1.000000E+30    1.000000E+30    1.000000E+30    1.000000E+30    1.000000E+30    1.000000E+30    1.000000E+30    1.000000E+30    1.000000E+30    1.000000E+30    1.000000E+30    1.000000E+30    1.000000E+30    1.000000E+30    1.000000E+30    1.000000E+30    1.000000E+30    1.000000E+30    1.000000E+30    1.000000E+30    1.000000E+30    1.000000E+30    1.000000E+30    1.000000E+30    1.000000E+30    1.000000E+30    1.000000E+30    1.000000E+30    1.000000E+30    1.000000E+30    1.000000E+30    1.000000E+30    1.000000E+30    1.000000E+30    1.000000E+30    1.000000E+30
   1.000000E+30    2.135885E+01    1.476623E+01    1.463253E+01    1.454615E+01    1.446340E+01    1.438366E+01    1.430591E+01    1.422899E+01    1.415310E+01    1.407813E+01    1.400281E+01    1.392735E+01    1.385133E+01    1.377433E+01    1.369610E+01    1.361519E+01    1.353108E+01    1.344440E+01    1.335548E+01    1.326274E+01    1.316557E+01    1.306622E+01    1.296593E+01    1.286676E+01    1.277180E+01    1.265922E+01    1.251558E+01    1.264804E+01    1.274918E+01    1.289064E+01    1.303268E+01    1.316664E+01    1.333004E+01    1.930983E+01    1.916887E+01    1.000000E+30    1.000000E+30    1.000000E+30    1.000000E+30    1.000000E+30    1.000000E+30    1.000000E+30    1.000000E+30    1.000000E+30    1.000000E+30    1.000000E+30    1.000000E+30    1.000000E+30    1.000000E+30    1.000000E+30    1.000000E+30    1.000000E+30    1.000000E+30    1.000000E+30    1.000000E+30    1.000000E+30    1.000000E+30    1.000000E+30    1.000000E+30    1.000000E+30    1.000000E+30    1.000000E+30    1.000000E+30    1.000000E+30    1.000000E+30    1.000000E+30    1.000000E+30    1.000000E+30    1.000000E+30    1.000000E+30    1.000000E+30    1.000000E+30    1.000000E+30    1.000000E+30    1.000000E+30    1.000000E+30    1.000000E+30    1.000000E+30    1.000000E+30    1.000000E+30    1.000000E+30    2.269982E+01    2.261298E+01    1.532526E+01    1.516609E+01    1.509474E+01    1.503735E+01    1.497869E+01    1.491766E+01    1.485510E+01    1.479289E+01    1.473229E+01    1.467072E+01    1.460416E+01    1.453226E+01    1.445706E+01    1.437396E+01    1.427640E+01    1.416605E+01    1.404673E+01    1.391229E+01    1.000000E+30    1.000000E+30    1.000000E+30    1.000000E+30    1.000000E+30    1.000000E+30    1.000000E+30    1.000000E+30    1.000000E+30    1.000000E+30    1.000000E+30    1.000000E+30    1.000000E+30    1.000000E+30    1.000000E+30    1.000000E+30    1.000000E+30    1.000000E+30    1.000000E+30    1.000000E+30    1.000000E+30    1.000000E+30    1.000000E+30    1.000000E+30    1.000000E+30    1.000000E+30    1.000000E+30    1.000000E+30    1.000000E+30    1.000000E+30    1.000000E+30    1.000000E+30    1.000000E+30    1.000000E+30    1.000000E+30    1.000000E+30    1.000000E+30    1.000000E+30    1.000000E+30    1.000000E+30    1.000000E+30    1.000000E+30    1.000000E+30    1.000000E+30    1.000000E+30    1.000000E+30    1.000000E+30    1.000000E+30    1.000000E+30
   1.000000E+30    2.132542E+01    1.468406E+01    1.455195E+01    1.446840E+01    1.438927E+01    1.431349E+01    1.423965E+01    1.416667E+01    1.409489E+01    1.402360E+01    1.395134E+01    1.387908E+01    1.380655E+01    1.373316E+01    1.365763E+01    1.357871E+01    1.349621E+01    1.341048E+01    1.332177E+01    1.322799E+01    1.312868E+01    1.302581E+01    1.292041E+01    1.281581E+01    1.273218E+01    1.260966E+01    1.277555E+01    1.292221E+01    1.305253E+01    1.318540E+01    1.333222E+01    1.345966E+01    1.898647E+01    1.000000E+30    1.000000E+30    1.000000E+30    1.000000E+30    1.000000E+30    1.000000E+30    1.000000E+30    1.000000E+30    1.000000E+30    1.000000E+30    1.000000E+30    1.000000E+30    1.000000E+30    1.000000E+30    1.000000E+30    1.000000E+30    1.000000E+30    1.000000E+30    1.000000E+30    1.000000E+30    1.000000E+30    1.000000E+30    1.000000E+30    1.000000E+30    1.000000E+30    1.000000E+30    1.000000E+30    1.000000E+30    1.000000E+30    1.000000E+30    1.000000E+30    1.000000E+30    1.000000E+30    1.000000E+30    1.000000E+30    1.000000E+30    1.000000E+30    1.000000E+30    1.000000E+30    1.000000E+30    1.000000E+30    1.000000E+30    1.000000E+30    1.000000E+30    1.000000E+30    1.000000E+30    1.000000E+30    1.000000E+30    1.000000E+30    1.000000E+30    2.334308E+01    1.546666E+01    1.530967E+01    1.523326E+01    1.516825E+01    1.510189E+01    1.503360E+01    1.496464E+01    1.489557E+01    1.482716E+01    1.475500E+01    1.467714E+01    1.459679E+01    1.450981E+01    1.440854E+01    1.429353E+01    1.416657E+01    1.400654E+01    1.000000E+30    1.000000E+30    1.000000E+30    1.000000E+30    1.000000E+30    1.000000E+30    1.000000E+30    1.000000E+30    1.000000E+30    1.000000E+30    1.000000E+30    1.000000E+30    1.000000E+30    1.000000E+30    1.000000E+30    1.000000E+30    1.000000E+30    1.000000E+30    1.000000E+30    1.000000E+30    1.000000E+30    1.000000E+30    1.000000E+30    1.000000E+30    1.000000E+30    1.000000E+30    1.000000E+30    1.000000E+30    1.000000E+30    1.000000E+30    1.000000E+30    1.000000E+30    1.000000E+30    1.000000E+30    1.000000E+30    1.000000E+30    1.000000E+30    1.000000E+30    1.000000E+30    1.000000E+30    1.000000E+30    1.000000E+30    1.000000E+30    1.000000E+30    1.000000E+30    1.000000E+30    1.000000E+30    1.000000E+30    1.000000E+30
   1.000000E+30    2.164240E+01    1.459440E+01    1.446327E+01    1.438363E+01    1.430911E+01    1.423787E+01    1.416817E+01    1.409944E+01    1.403227E+01    1.396474E+01    1.389627E+01    1.382824E+01    1.375999E+01    1.369057E+01    1.361850E+01    1.354233E+01    1.346148E+01    1.337700E+01    1.328881E+01    1.319465E+01    1.309357E+01    1.298585E+01    1.286507E+01    1.271249E+01    1.270549E+01    1.289036E+01    1.305653E+01    1.320545E+01    1.335972E+01    1.350107E+01    1.931722E+01    1.911636E+01    1.000000E+30    1.000000E+30    1.000000E+30    1.000000E+30    1.000000E+30    1.000000E+30    1.000000E+30    1.000000E+30    1.000000E+30    1.000000E+30    1.000000E+30    1.000000E+30    1.000000E+30    1.000000E+30    1.000000E+30    1.000000E+30    1.000000E+30    1.000000E+30    1.000000E+30    1.000000E+30    1.000000E+30    1.000000E+30    1.000000E+30    1.000000E+30    1.000000E+30    1.000000E+30    1.000000E+30    1.000000E+30    1.000000E+30    1.000000E+30    1.000000E+30    1.000000E+30    1.000000E+30    1.000000E+30    1.000000E+30    1.000000E+30    1.000000E+30    1.000000E+30    1.000000E+30    1.000000E+30    1.000000E+30    1.000000E+30    1.000000E+30    1.000000E+30    1.000000E+30    1.000000E+30    1.000000E+30    1.000000E+30    1.000000E+30    1.000000E+30    1.000000E+30    1.000000E+30    2.242596E+01    1.557984E+01    1.543347E+01    1.535356E+01    1.528315E+01    1.521124E+01    1.513750E+01    1.506213E+01    1.498622E+01    1.490891E+01    1.482595E+01    1.474070E+01    1.465061E+01    1.454793E+01    1.443364E+01    1.431690E+01    1.420785E+01    1.415588E+01    1.000000E+30    1.000000E+30    1.000000E+30    1.000000E+30    1.000000E+30    1.000000E+30    1.000000E+30    1.000000E+30    1.000000E+30    1.000000E+30    1.000000E+30    1.000000E+30    1.000000E+30    1.000000E+30    1.000000E+30    1.000000E+30    1.000000E+30    1.000000E+30    1.000000E+30    1.000000E+30    1.000000E+30    1.000000E+30    1.000000E+30    1.000000E+30    1.000000E+30    1.000000E+30    1.000000E+30    1.000000E+30    1.000000E+30    1.000000E+30    1.000000E+30    1.000000E+30    1.000000E+30    1.000000E+30    1.000000E+30    1.000000E+30    1.000000E+30    1.000000E+30    1.000000E+30    1.000000E+30    1.000000E+30    1.000000E+30    1.000000E+30    1.000000E+30    1.000000E+30    1.000000E+30    1.000000E+30    1.000000E+30
   1.000000E+30    2.121647E+01    1.448819E+01    1.436461E+01    1.429094E+01    1.422256E+01    1.415652E+01    1.409147E+01    1.402723E+01    1.396413E+01    1.390076E+01    1.383774E+01    1.377534E+01    1.371235E+01    1.364787E+01    1.357990E+01    1.350685E+01    1.342807E+01    1.334462E+01    1.325747E+01    1.316552E+01    1.306379E+01    1.294678E+01    1.280000E+01    1.293788E+01    1.304301E+01    1.319099E+01    1.336135E+01    1.351741E+01    1.918069E+01    1.946673E+01    1.000000E+30    1.000000E+30    1.000000E+30    1.000000E+30    1.000000E+30    1.000000E+30    1.000000E+30    1.000000E+30    1.000000E+30    1.000000E+30    1.000000E+30    1.000000E+30    1.000000E+30    1.000000E+30    1.000000E+30    1.000000E+30    1.000000E+30    1.000000E+30    1.000000E+30    1.000000E+30    1.000000E+30    1.000000E+30    1.000000E+30    1.000000E+30    1.000000E+30    1.000000E+30    1.000000E+30    1.000000E+30    1.000000E+30    1.000000E+30    1.000000E+30    1.000000E+30    1.000000E+30    1.000000E+30    1.000000E+30    1.000000E+30    1.000000E+30    1.000000E+30    1.000000E+30    1.000000E+30    1.000000E+30    1.000000E+30    1.000000E+30    1.000000E+30    1.000000E+30    1.000000E+30    1.000000E+30    1.000000E+30    1.000000E+30    1.000000E+30    1.000000E+30    1.000000E+30    1.000000E+30    1.000000E+30    2.260344E+01    1.583778E+01    1.565086E+01    1.554129E+01    1.546206E+01    1.538796E+01    1.531068E+01    1.523199E+01    1.515044E+01    1.506665E+01    1.497888E+01    1.488828E+01    1.479452E+01    1.469025E+01    1.457409E+01    1.445650E+01    1.434365E+01    1.424015E+01    1.000000E+30    1.000000E+30    1.000000E+30    1.000000E+30    1.000000E+30    1.000000E+30    1.000000E+30    1.000000E+30    1.000000E+30    1.000000E+30    1.000000E+30    1.000000E+30    1.000000E+30    1.000000E+30    1.000000E+30    1.000000E+30    1.000000E+30    1.000000E+30    1.000000E+30    1.000000E+30    1.000000E+30    1.000000E+30    1.000000E+30    1.000000E+30    1.000000E+30    1.000000E+30    1.000000E+30    1.000000E+30    1.000000E+30    1.000000E+30    1.000000E+30    1.000000E+30    1.000000E+30    1.000000E+30    1.000000E+30    1.000000E+30    1.000000E+30    1.000000E+30    1.000000E+30    1.000000E+30    1.000000E+30    1.000000E+30    1.000000E+30    1.000000E+30    1.000000E+30    1.000000E+30    1.000000E+30    1.000000E+30
   1.000000E+30    2.109704E+01    1.437104E+01    1.425463E+01    1.419029E+01    1.413004E+01    1.407015E+01    1.400992E+01    1.394972E+01    1.389067E+01    1.383242E+01    1.377561E+01    1.372030E+01    1.366426E+01    1.360557E+01    1.354280E+01    1.347369E+01    1.339687E+01    1.331383E+01    1.322686E+01    1.313870E+01    1.302959E+01    1.290005E+01    1.305894E+01    1.320514E+01    1.333422E+01    1.350343E+01    1.933333E+01    1.957926E+01    1.000000E+30    1.000000E+30    1.000000E+30    1.000000E+30    1.000000E+30    1.000000E+30    1.000000E+30    1.000000E+30    1.000000E+30    1.000000E+30    1.000000E+30    1.000000E+30    1.000000E+30    1.000000E+30    1.000000E+30    1.000000E+30    1.000000E+30    1.000000E+30    1.000000E+30    1.000000E+30    1.000000E+30    1.000000E+30    1.000000E+30    1.000000E+30    1.000000E+30    1.000000E+30    1.000000E+30    1.000000E+30    1.000000E+30    1.000000E+30    1.000000E+30    1.000000E+30    1.000000E+30    1.000000E+30    1.000000E+30    1.000000E+30    1.000000E+30    1.000000E+30    1.000000E+30    1.000000E+30    1.000000E+30    1.000000E+30    1.000000E+30    1.000000E+30    1.000000E+30    1.000000E+30    1.000000E+30    1.000000E+30    1.000000E+30    1.000000E+30    1.000000E+30    1.000000E+30    1.000000E+30    1.000000E+30    1.000000E+30    1.000000E+30    1.000000E+30    2.235649E+01    1.593005E+01    1.575941E+01    1.564955E+01    1.556332E+01    1.548304E+01    1.540111E+01    1.531702E+01    1.522805E+01    1.513516E+01    1.503909E+01    1.494039E+01    1.483335E+01    1.471317E+01    1.458558E+01    1.445360E+01    1.430823E+01    1.000000E+30    1.000000E+30    1.000000E+30    1.000000E+30    1.000000E+30    1.000000E+30    1.000000E+30    1.000000E+30    1.000000E+30    1.000000E+30    1.000000E+30    1.000000E+30    1.000000E+30    1.000000E+30    1.000000E+30    1.000000E+30    1.000000E+30    1.000000E+30    1.000000E+30    1.000000E+30    1.000000E+30    1.000000E+30    1.000000E+30    1.000000E+30    1.000000E+30    1.000000E+30    1.000000E+30    1.000000E+30    1.000000E+30    1.000000E+30    1.000000E+30    1.000000E+30    1.000000E+30    1.000000E+30    1.000000E+30    1.000000E+30    1.000000E+30    1.000000E+30    1.000000E+30    1.000000E+30    1.000000E+30    1.000000E+30    1.000000E+30    1.000000E+30    1.000000E+30    1.000000E+30    1.000000E+30    1.000000E+30
   1.000000E+30    2.089250E+01    1.423697E+01    1.413025E+01    1.408135E+01    1.403240E+01    1.397962E+01    1.392365E+01    1.386719E+01    1.381183E+01    1.375833E+01    1.370887E+01    1.366307E+01    1.361590E+01    1.356474E+01    1.350867E+01    1.344404E+01    1.336712E+01    1.327739E+01    1.318074E+01    1.310850E+01    1.299179E+01    1.317005E+01    1.333199E+01    1.349565E+01    1.363302E+01    1.939226E+01    1.000000E+30    1.000000E+30    1.000000E+30    1.000000E+30    1.000000E+30    1.000000E+30    1.000000E+30    1.000000E+30    1.000000E+30    1.000000E+30    1.000000E+30    1.000000E+30    1.000000E+30    1.000000E+30    1.000000E+30    1.000000E+30    1.000000E+30    1.000000E+30    1.000000E+30    1.000000E+30    1.000000E+30    1.000000E+30    1.000000E+30    1.000000E+30    1.000000E+30    1.000000E+30    1.000000E+30    1.000000E+30    1.000000E+30    1.000000E+30    1.000000E+30    1.000000E+30    1.000000E+30    1.000000E+30    1.000000E+30    1.000000E+30    1.000000E+30    1.000000E+30    1.000000E+30    1.000000E+30    1.000000E+30    1.000000E+30    1.000000E+30    1.000000E+30    1.000000E+30    1.000000E+30    1.000000E+30    1.000000E+30    1.000000E+30    1.000000E+30    1.000000E+30    1.000000E+30    1.000000E+30    1.000000E+30    1.000000E+30    1.000000E+30    1.000000E+30    1.000000E+30    1.000000E+30    1.000000E+30    2.249342E+01    1.605242E+01    1.588224E+01    1.575365E+01    1.565455E+01    1.556828E+01    1.548139E+01    1.539018E+01    1.529340E+01    1.519276E+01    1.508834E+01    1.497585E+01    1.485166E+01    1.471622E+01    1.456973E+01    1.440272E+01    1.000000E+30    1.000000E+30    1.000000E+30    1.000000E+30    1.000000E+30    1.000000E+30    1.000000E+30    1.000000E+30    1.000000E+30    1.000000E+30    1.000000E+30    1.000000E+30    1.000000E+30    1.000000E+30    1.000000E+30    1.000000E+30    1.000000E+30    1.000000E+30    1.000000E+30    1.000000E+30    1.000000E+30    1.000000E+30    1.000000E+30    1.000000E+30    1.000000E+30    1.000000E+30    1.000000E+30    1.000000E+30    1.000000E+30    1.000000E+30    1.000000E+30    1.000000E+30    1.000000E+30    1.000000E+30    1.000000E+30    1.000000E+30    1.000000E+30    1.000000E+30    1.000000E+30    1.000000E+30    1.000000E+30    1.000000E+30    1.000000E+30    1.000000E+30    1.000000E+30    1.000000E+30    1.000000E+30    1.000000E+30
   1.000000E+30    2.073457E+01    1.408481E+01    1.398700E+01    1.396942E+01    1.393524E+01    1.388834E+01    1.383430E+01    1.377980E+01    1.372686E+01    1.367779E+01    1.363673E+01    1.360397E+01    1.356806E+01    1.352688E+01    1.347875E+01    1.341731E+01    1.333498E+01    1.322639E+01    1.308314E+01    1.311121E+01    1.328708E+01    1.347142E+01    1.363753E+01    1.941625E+01    1.949096E+01    1.000000E+30    1.000000E+30    1.000000E+30    1.000000E+30    1.000000E+30    1.000000E+30    1.000000E+30    1.000000E+30    1.000000E+30    1.000000E+30    1.000000E+30    1.000000E+30    1.000000E+30    1.000000E+30    1.000000E+30    1.000000E+30    1.000000E+30    1.000000E+30    1.000000E+30    1.000000E+30    1.000000E+30    1.000000E+30    1.000000E+30    1.000000E+30    1.000000E+30    1.000000E+30    1.000000E+30    1.000000E+30    1.000000E+30    1.000000E+30    1.000000E+30    1.000000E+30    1.000000E+30    1.000000E+30    1.000000E+30    1.000000E+30    1.000000E+30    1.000000E+30    1.000000E+30    1.000000E+30    1.000000E+30    1.000000E+30    1.000000E+30    1.000000E+30    1.000000E+30    1.000000E+30    1.000000E+30    1.000000E+30    1.000000E+30    1.000000E+30    1.000000E+30    1.000000E+30    1.000000E+30    1.000000E+30    1.000000E+30    1.000000E+30    1.000000E+30    1.000000E+30    1.000000E+30    1.000000E+30    1.000000E+30    1.000000E+30    2.266431E+01    1.620608E+01    1.599628E+01    1.584209E+01    1.573378E+01    1.564431E+01    1.555172E+01    1.545320E+01    1.534971E+01    1.524088E+01    1.512329E+01    1.499365E+01    1.485354E+01    1.469890E+01    1.451784E+01    1.000000E+30    1.000000E+30    1.000000E+30    1.000000E+30    1.000000E+30    1.000000E+30    1.000000E+30    1.000000E+30    1.000000E+30    1.000000E+30    1.000000E+30    1.000000E+30    1.000000E+30    1.000000E+30    1.000000E+30    1.000000E+30    1.000000E+30    1.000000E+30    1.000000E+30    1.000000E+30    1.000000E+30    1.000000E+30    1.000000E+30    1.000000E+30    1.000000E+30    1.000000E+30    1.000000E+30    1.000000E+30    1.000000E+30    1.000000E+30    1.000000E+30    1.000000E+30    1.000000E+30    1.000000E+30    1.000000E+30    1.000000E+30    1.000000E+30    1.000000E+30    1.000000E+30    1.000000E+30    1.000000E+30    1.000000E+30    1.000000E+30    1.000000E+30    1.000000E+30    1.000000E+30    1.000000E+30    1.000000E+30
   1.981057E+01    1.398862E+01    1.385516E+01    1.380222E+01    1.386822E+01    1.384647E+01    1.380084E+01    1.374315E+01    1.368850E+01    1.363695E+01    1.359006E+01    1.355582E+01    1.354557E+01    1.352319E+01    1.349269E+01    1.345256E+01    1.339541E+01    1.330591E+01    1.319161E+01    1.332820E+01    1.345821E+01    1.361550E+01    1.940749E+01    1.976050E+01    1.000000E+30    1.000000E+30    1.000000E+30    1.000000E+30    1.000000E+30    1.000000E+30    1.000000E+30    1.000000E+30    1.000000E+30    1.000000E+30    1.000000E+30    1.000000E+30    1.000000E+30    1.000000E+30    1.000000E+30    1.000000E+30    1.000000E+30    1.000000E+30    1.000000E+30    1.000000E+30    1.000000E+30    1.000000E+30    1.000000E+30    1.000000E+30    1.000000E+30    1.000000E+30    1.000000E+30    1.000000E+30    1.000000E+30    1.000000E+30    1.000000E+30    1.000000E+30    1.000000E+30    1.000000E+30    1.000000E+30    1.000000E+30    1.000000E+30    1.000000E+30    1.000000E+30    1.000000E+30    1.000000E+30    1.000000E+30    1.000000E+30    1.000000E+30    1.000000E+30    1.000000E+30    1.000000E+30    1.000000E+30    1.000000E+30    1.000000E+30    1.000000E+30    1.000000E+30    1.000000E+30    1.000000E+30    1.000000E+30    1.000000E+30    1.000000E+30    1.000000E+30    1.000000E+30    1.000000E+30    1.000000E+30    1.000000E+30    1.000000E+30    1.000000E+30    1.000000E+30    2.327536E+01    1.629505E+01    1.607590E+01    1.591487E+01    1.580917E+01    1.571700E+01    1.561712E+01    1.551107E+01    1.539894E+01    1.527769E+01    1.514338E+01    1.499860E+01    1.483934E+01    1.465966E+01    1.000000E+30    1.000000E+30    1.000000E+30    1.000000E+30    1.000000E+30    1.000000E+30    1.000000E+30    1.000000E+30    1.000000E+30    1.000000E+30    1.000000E+30    1.000000E+30    1.000000E+30    1.000000E+30    1.000000E+30    1.000000E+30    1.000000E+30    1.000000E+30    1.000000E+30    1.000000E+30    1.000000E+30    1.000000E+30    1.000000E+30    1.000000E+30    1.000000E+30    1.000000E+30    1.000000E+30    1.000000E+30    1.000000E+30    1.000000E+30    1.000000E+30    1.000000E+30    1.000000E+30    1.000000E+30    1.000000E+30    1.000000E+30    1.000000E+30    1.000000E+30    1.000000E+30    1.000000E+30    1.000000E+30    1.000000E+30    1.000000E+30    1.000000E+30    1.000000E+30    1.000000E+30    1.000000E+30    1.000000E+30
   2.167411E+01    1.431569E+01    1.416934E+01    1.405274E+01    1.386377E+01    1.378344E+01    1.372434E+01    1.364584E+01    1.359009E+01    1.353853E+01    1.348627E+01    1.344945E+01    1.349557E+01    1.348234E+01    1.345891E+01    1.342938E+01    1.338579E+01    1.328980E+01    1.344802E+01    1.361760E+01    1.887357E+01    1.955900E+01    1.000000E+30    1.000000E+30    1.000000E+30    1.000000E+30    1.000000E+30    1.000000E+30    1.000000E+30    1.000000E+30    1.000000E+30    1.000000E+30    1.000000E+30    1.000000E+30    1.000000E+30    1.000000E+30    1.000000E+30    1.000000E+30    1.000000E+30    1.000000E+30    1.000000E+30    1.000000E+30    1.000000E+30    1.000000E+30    1.000000E+30    1.000000E+30    1.000000E+30    1.000000E+30    1.000000E+30    1.000000E+30    1.000000E+30    1.000000E+30    1.000000E+30    1.000000E+30    1.000000E+30    1.000000E+30    1.000000E+30    1.000000E+30    1.000000E+30    1.000000E+30    1.000000E+30    1.000000E+30    1.000000E+30    1.000000E+30    1.000000E+30    1.000000E+30    1.000000E+30    1.000000E+30    1.000000E+30    1.000000E+30    1.000000E+30    1.000000E+30    1.000000E+30    1.000000E+30    1.000000E+30    1.000000E+30    1.000000E+30    1.000000E+30    1.000000E+30    1.000000E+30    1.000000E+30    1.000000E+30    1.000000E+30    1.000000E+30    1.000000E+30    1.000000E+30    1.000000E+30    1.000000E+30    1.000000E+30    2.338632E+01    1.654763E+01    1.632416E+01    1.613608E+01    1.598775E+01    1.589031E+01    1.578880E+01    1.567903E+01    1.556318E+01    1.543825E+01    1.529909E+01    1.514780E+01    1.497841E+01    1.476961E+01    1.000000E+30    1.000000E+30    1.000000E+30    1.000000E+30    1.000000E+30    1.000000E+30    1.000000E+30    1.000000E+30    1.000000E+30    1.000000E+30    1.000000E+30    1.000000E+30    1.000000E+30    1.000000E+30    1.000000E+30    1.000000E+30    1.000000E+30    1.000000E+30    1.000000E+30    1.000000E+30    1.000000E+30    1.000000E+30    1.000000E+30    1.000000E+30    1.000000E+30    1.000000E+30    1.000000E+30    1.000000E+30    1.000000E+30    1.000000E+30    1.000000E+30    1.000000E+30    1.000000E+30    1.000000E+30    1.000000E+30    1.000000E+30    1.000000E+30    1.000000E+30    1.000000E+30    1.000000E+30    1.000000E+30    1.000000E+30    1.000000E+30    1.000000E+30    1.000000E+30    1.000000E+30    1.000000E+30    1.000000E+30
   2.155703E+01    1.463599E+01    1.449301E+01    1.437695E+01    1.424821E+01    1.415374E+01    1.407464E+01    1.399554E+01    1.392254E+01    1.385073E+01    1.377380E+01    1.367801E+01    1.351232E+01    1.344492E+01    1.341746E+01    1.340794E+01    1.342384E+01    1.360143E+01    1.374461E+01    1.925248E+01    1.000000E+30    1.000000E+30    1.000000E+30    1.000000E+30    1.000000E+30    1.000000E+30    1.000000E+30    1.000000E+30    1.000000E+30    1.000000E+30    1.000000E+30    1.000000E+30    1.000000E+30    1.000000E+30    1.000000E+30    1.000000E+30    1.000000E+30    1.000000E+30    1.000000E+30    1.000000E+30    1.000000E+30    1.000000E+30    1.000000E+30    1.000000E+30    1.000000E+30    1.000000E+30    1.000000E+30    1.000000E+30    1.000000E+30    1.000000E+30    1.000000E+30    1.000000E+30    1.000000E+30    1.000000E+30    1.000000E+30    1.000000E+30    1.000000E+30    1.000000E+30    1.000000E+30    1.000000E+30    1.000000E+30    1.000000E+30    1.000000E+30    1.000000E+30    1.000000E+30    1.000000E+30    1.000000E+30    1.000000E+30    1.000000E+30    1.000000E+30    1.000000E+30    1.000000E+30    1.000000E+30    1.000000E+30    1.000000E+30    1.000000E+30    1.000000E+30    1.000000E+30    1.000000E+30    1.000000E+30    1.000000E+30    1.000000E+30    1.000000E+30    1.000000E+30    1.000000E+30    1.000000E+30    1.000000E+30    1.000000E+30    1.000000E+30    1.000000E+30    2.308034E+01    1.659126E+01    1.637627E+01    1.619694E+01    1.607319E+01    1.596975E+01    1.585508E+01    1.573406E+01    1.560526E+01    1.546154E+01    1.530420E+01    1.513068E+01    1.492025E+01    1.000000E+30    1.000000E+30    1.000000E+30    1.000000E+30    1.000000E+30    1.000000E+30    1.000000E+30    1.000000E+30    1.000000E+30    1.000000E+30    1.000000E+30    1.000000E+30    1.000000E+30    1.000000E+30    1.000000E+30    1.000000E+30    1.000000E+30    1.000000E+30    1.000000E+30    1.000000E+30    1.000000E+30    1.000000E+30    1.000000E+30    1.000000E+30    1.000000E+30    1.000000E+30    1.000000E+30    1.000000E+30    1.000000E+30    1.000000E+30    1.000000E+30    1.000000E+30    1.000000E+30    1.000000E+30    1.000000E+30    1.000000E+30    1.000000E+30    1.000000E+30    1.000000E+30    1.000000E+30    1.000000E+30    1.000000E+30    1.000000E+30    1.000000E+30    1.000000E+30    1.000000E+30    1.000000E+30    1.000000E+30
   2.211145E+01    1.498607E+01    1.484058E+01    1.472545E+01    1.460661E+01    1.449979E+01    1.440366E+01    1.431295E+01    1.422713E+01    1.414280E+01    1.405879E+01    1.397177E+01    1.387718E+01    1.383008E+01    1.381392E+01    1.382150E+01    1.385957E+01    1.912029E+01    1.926782E+01    1.000000E+30    1.000000E+30    1.000000E+30    1.000000E+30    1.000000E+30    1.000000E+30    1.000000E+30    1.000000E+30    1.000000E+30    1.000000E+30    1.000000E+30    1.000000E+30    1.000000E+30    1.000000E+30    1.000000E+30    1.000000E+30    1.000000E+30    1.000000E+30    1.000000E+30    1.000000E+30    1.000000E+30    1.000000E+30    1.000000E+30    1.000000E+30    1.000000E+30    1.000000E+30    1.000000E+30    1.000000E+30    1.000000E+30    1.000000E+30    1.000000E+30    1.000000E+30    1.000000E+30    1.000000E+30    1.000000E+30    1.000000E+30    1.000000E+30    1.000000E+30    1.000000E+30    1.000000E+30    1.000000E+30    1.000000E+30    1.000000E+30    1.000000E+30    1.000000E+30    1.000000E+30    1.000000E+30    1.000000E+30    1.000000E+30    1.000000E+30    1.000000E+30    1.000000E+30    1.000000E+30    1.000000E+30    1.000000E+30    1.000000E+30    1.000000E+30    1.000000E+30    1.000000E+30    1.000000E+30    1.000000E+30    1.000000E+30    1.000000E+30    1.000000E+30    1.000000E+30    1.000000E+30    1.000000E+30    1.000000E+30    1.000000E+30    1.000000E+30    1.000000E+30    1.000000E+30    2.330977E+01    1.664708E+01    1.643192E+01    1.627578E+01    1.616108E+01    1.603945E+01    1.591154E+01    1.577742E+01    1.562955E+01    1.546737E+01    1.529200E+01    1.509535E+01    1.000000E+30    1.000000E+30    1.000000E+30    1.000000E+30    1.000000E+30    1.000000E+30    1.000000E+30    1.000000E+30    1.000000E+30    1.000000E+30    1.000000E+30    1.000000E+30    1.000000E+30    1.000000E+30    1.000000E+30    1.000000E+30    1.000000E+30    1.000000E+30    1.000000E+30    1.000000E+30    1.000000E+30    1.000000E+30    1.000000E+30    1.000000E+30    1.000000E+30    1.000000E+30    1.000000E+30    1.000000E+30    1.000000E+30    1.000000E+30    1.000000E+30    1.000000E+30    1.000000E+30    1.000000E+30    1.000000E+30    1.000000E+30    1.000000E+30    1.000000E+30    1.000000E+30    1.000000E+30    1.000000E+30    1.000000E+30    1.000000E+30    1.000000E+30    1.000000E+30    1.000000E+30    1.000000E+30    1.000000E+30
   2.255421E+01    1.533824E+01    1.518602E+01    1.506993E+01    1.495135E+01    1.483770E+01    1.473159E+01    1.462966E+01    1.453430E+01    1.444619E+01    1.436356E+01    1.429165E+01    1.423374E+01    1.420689E+01    1.421620E+01    1.899435E+01    1.914771E+01    1.000000E+30    1.000000E+30    1.000000E+30    1.000000E+30    1.000000E+30    1.000000E+30    1.000000E+30    1.000000E+30    1.000000E+30    1.000000E+30    1.000000E+30    1.000000E+30    1.000000E+30    1.000000E+30    1.000000E+30    1.000000E+30    1.000000E+30    1.000000E+30    1.000000E+30    1.000000E+30    1.000000E+30    1.000000E+30    1.000000E+30    1.000000E+30    1.000000E+30    1.000000E+30    1.000000E+30    1.000000E+30    1.000000E+30    1.000000E+30    1.000000E+30    1.000000E+30    1.000000E+30    1.000000E+30    1.000000E+30    1.000000E+30    1.000000E+30    1.000000E+30    1.000000E+30    1.000000E+30    1.000000E+30    1.000000E+30    1.000000E+30    1.000000E+30    1.000000E+30    1.000000E+30    1.000000E+30    1.000000E+30    1.000000E+30    1.000000E+30    1.000000E+30    1.000000E+30    1.000000E+30    1.000000E+30    1.000000E+30    1.000000E+30    1.000000E+30    1.000000E+30    1.000000E+30    1.000000E+30    1.000000E+30    1.000000E+30    1.000000E+30    1.000000E+30    1.000000E+30    1.000000E+30    1.000000E+30    1.000000E+30    1.000000E+30    1.000000E+30    1.000000E+30    1.000000E+30    1.000000E+30    1.000000E+30    1.000000E+30    2.344709E+01    1.671422E+01    1.649974E+01    1.636552E+01    1.623200E+01    1.609503E+01    1.595454E+01    1.580150E+01    1.563321E+01    1.544904E+01    1.523102E+01    1.000000E+30    1.000000E+30    1.000000E+30    1.000000E+30    1.000000E+30    1.000000E+30    1.000000E+30    1.000000E+30    1.000000E+30    1.000000E+30    1.000000E+30    1.000000E+30    1.000000E+30    1.000000E+30    1.000000E+30    1.000000E+30    1.000000E+30    1.000000E+30    1.000000E+30    1.000000E+30    1.000000E+30    1.000000E+30    1.000000E+30    1.000000E+30    1.000000E+30    1.000000E+30    1.000000E+30    1.000000E+30    1.000000E+30    1.000000E+30    1.000000E+30    1.000000E+30    1.000000E+30    1.000000E+30    1.000000E+30    1.000000E+30    1.000000E+30    1.000000E+30    1.000000E+30    1.000000E+30    1.000000E+30    1.000000E+30    1.000000E+30    1.000000E+30    1.000000E+30    1.000000E+30    1.000000E+30    1.000000E+30
   2.292809E+01    1.568020E+01    1.551834E+01    1.539814E+01    1.527759E+01    1.515949E+01    1.504833E+01    1.494414E+01    1.484856E+01    1.476630E+01    1.469624E+01    1.464338E+01    1.461738E+01    1.460801E+01    1.963160E+01    1.000000E+30    1.000000E+30    1.000000E+30    1.000000E+30    1.000000E+30    1.000000E+30    1.000000E+30    1.000000E+30    1.000000E+30    1.000000E+30    1.000000E+30    1.000000E+30    1.000000E+30    1.000000E+30    1.000000E+30    1.000000E+30    1.000000E+30    1.000000E+30    1.000000E+30    1.000000E+30    1.000000E+30    1.000000E+30    1.000000E+30    1.000000E+30    1.000000E+30    1.000000E+30    1.000000E+30    1.000000E+30    1.000000E+30    1.000000E+30    1.000000E+30    1.000000E+30    1.000000E+30    1.000000E+30    1.000000E+30    1.000000E+30    1.000000E+30    1.000000E+30    1.000000E+30    1.000000E+30    1.000000E+30    1.000000E+30    1.000000E+30    1.000000E+30    1.000000E+30    1.000000E+30    1.000000E+30    1.000000E+30    1.000000E+30    1.000000E+30    1.000000E+30    1.000000E+30    1.000000E+30    1.000000E+30    1.000000E+30    1.000000E+30    1.000000E+30    1.000000E+30    1.000000E+30    1.000000E+30    1.000000E+30    1.000000E+30    1.000000E+30    1.000000E+30    1.000000E+30    1.000000E+30    1.000000E+30    1.000000E+30    1.000000E+30    1.000000E+30    1.000000E+30    1.000000E+30    1.000000E+30    1.000000E+30    1.000000E+30    1.000000E+30    1.000000E+30    1.000000E+30    2.336891E+01    1.676181E+01    1.657581E+01    1.643056E+01    1.628296E+01    1.613562E+01    1.597785E+01    1.580424E+01    1.561415E+01    1.539625E+01    1.000000E+30    1.000000E+30    1.000000E+30    1.000000E+30    1.000000E+30    1.000000E+30    1.000000E+30    1.000000E+30    1.000000E+30    1.000000E+30    1.000000E+30    1.000000E+30    1.000000E+30    1.000000E+30    1.000000E+30    1.000000E+30    1.000000E+30    1.000000E+30    1.000000E+30    1.000000E+30    1.000000E+30    1.000000E+30    1.000000E+30    1.000000E+30    1.000000E+30    1.000000E+30    1.000000E+30    1.000000E+30    1.000000E+30    1.000000E+30    1.000000E+30    1.000000E+30    1.000000E+30    1.000000E+30    1.000000E+30    1.000000E+30    1.000000E+30    1.000000E+30    1.000000E+30    1.000000E+30    1.000000E+30    1.000000E+30    1.000000E+30    1.000000E+30    1.000000E+30    1.000000E+30    1.000000E+30    1.000000E+30
   2.362634E+01    1.601454E+01    1.584508E+01    1.572047E+01    1.559739E+01    1.547963E+01    1.537066E+01    1.527277E+01    1.518673E+01    1.511802E+01    1.507286E+01    1.504201E+01    1.985402E+01    1.991636E+01    1.000000E+30    1.000000E+30    1.000000E+30    1.000000E+30    1.000000E+30    1.000000E+30    1.000000E+30    1.000000E+30    1.000000E+30    1.000000E+30    1.000000E+30    1.000000E+30    1.000000E+30    1.000000E+30    1.000000E+30    1.000000E+30    1.000000E+30    1.000000E+30    1.000000E+30    1.000000E+30    1.000000E+30    1.000000E+30    1.000000E+30    1.000000E+30    1.000000E+30    1.000000E+30    1.000000E+30    1.000000E+30    1.000000E+30    1.000000E+30    1.000000E+30    1.000000E+30    1.000000E+30    1.000000E+30    1.000000E+30    1.000000E+30    1.000000E+30    1.000000E+30    1.000000E+30    1.000000E+30    1.000000E+30    1.000000E+30    1.000000E+30    1.000000E+30    1.000000E+30    1.000000E+30    1.000000E+30    1.000000E+30    1.000000E+30    1.000000E+30    1.000000E+30    1.000000E+30    1.000000E+30    1.000000E+30    1.000000E+30    1.000000E+30    1.000000E+30    1.000000E+30    1.000000E+30    1.000000E+30    1.000000E+30    1.000000E+30    1.000000E+30    1.000000E+30    1.000000E+30    1.000000E+30    1.000000E+30    1.000000E+30    1.000000E+30    1.000000E+30    1.000000E+30    1.000000E+30    1.000000E+30    1.000000E+30    1.000000E+30    1.000000E+30    1.000000E+30    1.000000E+30    1.000000E+30    2.329335E+01    1.703518E+01    1.678666E+01    1.663063E+01    1.647320E+01    1.631946E+01    1.615839E+01    1.598060E+01    1.578460E+01    1.554922E+01    1.000000E+30    1.000000E+30    1.000000E+30    1.000000E+30    1.000000E+30    1.000000E+30    1.000000E+30    1.000000E+30    1.000000E+30    1.000000E+30    1.000000E+30    1.000000E+30    1.000000E+30    1.000000E+30    1.000000E+30    1.000000E+30    1.000000E+30    1.000000E+30    1.000000E+30    1.000000E+30    1.000000E+30    1.000000E+30    1.000000E+30    1.000000E+30    1.000000E+30    1.000000E+30    1.000000E+30    1.000000E+30    1.000000E+30    1.000000E+30    1.000000E+30    1.000000E+30    1.000000E+30    1.000000E+30    1.000000E+30    1.000000E+30    1.000000E+30    1.000000E+30    1.000000E+30    1.000000E+30    1.000000E+30    1.000000E+30    1.000000E+30    1.000000E+30    1.000000E+30    1.000000E+30    1.000000E+30    1.000000E+30
   2.470060E+01    1.634733E+01    1.616943E+01    1.604531E+01    1.592410E+01    1.581178E+01    1.571207E+01    1.562889E+01    1.556754E+01    1.551913E+01    2.024395E+01    2.043731E+01    1.000000E+30    1.000000E+30    1.000000E+30    1.000000E+30    1.000000E+30    1.000000E+30    1.000000E+30    1.000000E+30    1.000000E+30    1.000000E+30    1.000000E+30    1.000000E+30    1.000000E+30    1.000000E+30    1.000000E+30    1.000000E+30    1.000000E+30    1.000000E+30    1.000000E+30    1.000000E+30    1.000000E+30    1.000000E+30    1.000000E+30    1.000000E+30    1.000000E+30    1.000000E+30    1.000000E+30    1.000000E+30    1.000000E+30    1.000000E+30    1.000000E+30    1.000000E+30    1.000000E+30    1.000000E+30    1.000000E+30    1.000000E+30    1.000000E+30    1.000000E+30    1.000000E+30    1.000000E+30    1.000000E+30    1.000000E+30    1.000000E+30    1.000000E+30    1.000000E+30    1.000000E+30    1.000000E+30    1.000000E+30    1.000000E+30    1.000000E+30    1.000000E+30    1.000000E+30    1.000000E+30    1.000000E+30    1.000000E+30    1.000000E+30    1.000000E+30    1.000000E+30    1.000000E+30    1.000000E+30    1.000000E+30    1.000000E+30    1.000000E+30    1.000000E+30    1.000000E+30    1.000000E+30    1.000000E+30    1.000000E+30    1.000000E+30    1.000000E+30    1.000000E+30    1.000000E+30    1.000000E+30    1.000000E+30    1.000000E+30    1.000000E+30    1.000000E+30    1.000000E+30    1.000000E+30    1.000000E+30    1.000000E+30    1.000000E+30    2.719414E+01    1.707995E+01    1.683128E+01    1.666345E+01    1.650328E+01    1.634093E+01    1.616462E+01    1.597889E+01    1.578729E+01    1.000000E+30    1.000000E+30    1.000000E+30    1.000000E+30    1.000000E+30    1.000000E+30    1.000000E+30    1.000000E+30    1.000000E+30    1.000000E+30    1.000000E+30    1.000000E+30    1.000000E+30    1.000000E+30    1.000000E+30    1.000000E+30    1.000000E+30    1.000000E+30    1.000000E+30    1.000000E+30    1.000000E+30    1.000000E+30    1.000000E+30    1.000000E+30    1.000000E+30    1.000000E+30    1.000000E+30    1.000000E+30    1.000000E+30    1.000000E+30    1.000000E+30    1.000000E+30    1.000000E+30    1.000000E+30    1.000000E+30    1.000000E+30    1.000000E+30    1.000000E+30    1.000000E+30    1.000000E+30    1.000000E+30    1.000000E+30    1.000000E+30    1.000000E+30    1.000000E+30    1.000000E+30    1.000000E+30    1.000000E+30
   2.488460E+01    1.667662E+01    1.650122E+01    1.637963E+01    1.626731E+01    1.616711E+01    1.608365E+01    1.603512E+01    2.104108E+01    2.088887E+01    1.000000E+30    1.000000E+30    1.000000E+30    1.000000E+30    1.000000E+30    1.000000E+30    1.000000E+30    1.000000E+30    1.000000E+30    1.000000E+30    1.000000E+30    1.000000E+30    1.000000E+30    1.000000E+30    1.000000E+30    1.000000E+30    1.000000E+30    1.000000E+30    1.000000E+30    1.000000E+30    1.000000E+30    1.000000E+30    1.000000E+30    1.000000E+30    1.000000E+30    1.000000E+30    1.000000E+30    1.000000E+30    1.000000E+30    1.000000E+30    1.000000E+30    1.000000E+30    1.000000E+30    1.000000E+30    1.000000E+30    1.000000E+30    1.000000E+30    1.000000E+30    1.000000E+30    1.000000E+30    1.000000E+30    1.000000E+30    1.000000E+30    1.000000E+30    1.000000E+30    1.000000E+30    1.000000E+30    1.000000E+30    1.000000E+30    1.000000E+30    1.000000E+30    1.000000E+30    1.000000E+30    1.000000E+30    1.000000E+30    1.000000E+30    1.000000E+30    1.000000E+30    1.000000E+30    1.000000E+30    1.000000E+30    1.000000E+30    1.000000E+30    1.000000E+30    1.000000E+30    1.000000E+30    1.000000E+30    1.000000E+30    1.000000E+30    1.000000E+30    1.000000E+30    1.000000E+30    1.000000E+30    1.000000E+30    1.000000E+30    1.000000E+30    1.000000E+30    1.000000E+30    1.000000E+30    1.000000E+30    1.000000E+30    1.000000E+30    1.000000E+30    1.000000E+30    2.831295E+01    1.728905E+01    1.702574E+01    1.685109E+01    1.668472E+01    1.651934E+01    1.634463E+01    1.616923E+01    1.603456E+01    1.000000E+30    1.000000E+30    1.000000E+30    1.000000E+30    1.000000E+30    1.000000E+30    1.000000E+30    1.000000E+30    1.000000E+30    1.000000E+30    1.000000E+30    1.000000E+30    1.000000E+30    1.000000E+30    1.000000E+30    1.000000E+30    1.000000E+30    1.000000E+30    1.000000E+30    1.000000E+30    1.000000E+30    1.000000E+30    1.000000E+30    1.000000E+30    1.000000E+30    1.000000E+30    1.000000E+30    1.000000E+30    1.000000E+30    1.000000E+30    1.000000E+30    1.000000E+30    1.000000E+30    1.000000E+30    1.000000E+30    1.000000E+30    1.000000E+30    1.000000E+30    1.000000E+30    1.000000E+30    1.000000E+30    1.000000E+30    1.000000E+30    1.000000E+30    1.000000E+30    1.000000E+30    1.000000E+30    1.000000E+30
   2.431426E+01    1.701656E+01    1.685624E+01    1.673774E+01    1.663599E+01    1.655819E+01    1.650196E+01    2.160595E+01    1.000000E+30    1.000000E+30    1.000000E+30    1.000000E+30    1.000000E+30    1.000000E+30    1.000000E+30    1.000000E+30    1.000000E+30    1.000000E+30    1.000000E+30    1.000000E+30    1.000000E+30    1.000000E+30    1.000000E+30    1.000000E+30    1.000000E+30    1.000000E+30    1.000000E+30    1.000000E+30    1.000000E+30    1.000000E+30    1.000000E+30    1.000000E+30    1.000000E+30    1.000000E+30    1.000000E+30    1.000000E+30    1.000000E+30    1.000000E+30    1.000000E+30    1.000000E+30    1.000000E+30    1.000000E+30    1.000000E+30    1.000000E+30    1.000000E+30    1.000000E+30    1.000000E+30    1.000000E+30    1.000000E+30    1.000000E+30    1.000000E+30    1.000000E+30    1.000000E+30    1.000000E+30    1.000000E+30    1.000000E+30    1.000000E+30    1.000000E+30    1.000000E+30    1.000000E+30    1.000000E+30    1.000000E+30    1.000000E+30    1.000000E+30    1.000000E+30    1.000000E+30    1.000000E+30    1.000000E+30    1.000000E+30    1.000000E+30    1.000000E+30    1.000000E+30    1.000000E+30    1.000000E+30    1.000000E+30    1.000000E+30    1.000000E+30    1.000000E+30    1.000000E+30    1.000000E+30    1.000000E+30    1.000000E+30    1.000000E+30    1.000000E+30    1.000000E+30    1.000000E+30    1.000000E+30    1.000000E+30    1.000000E+30    1.000000E+30    1.000000E+30    1.000000E+30    1.000000E+30    1.000000E+30    2.880078E+01    1.748020E+01    1.721279E+01    1.703528E+01    1.686321E+01    1.669102E+01    1.650710E+01    1.630672E+01    1.608583E+01    1.000000E+30    1.000000E+30    1.000000E+30    1.000000E+30    1.000000E+30    1.000000E+30    1.000000E+30    1.000000E+30    1.000000E+30    1.000000E+30    1.000000E+30    1.000000E+30    1.000000E+30    1.000000E+30    1.000000E+30    1.000000E+30    1.000000E+30    1.000000E+30    1.000000E+30    1.000000E+30    1.000000E+30    1.000000E+30    1.000000E+30    1.000000E+30    1.000000E+30    1.000000E+30    1.000000E+30    1.000000E+30    1.000000E+30    1.000000E+30    1.000000E+30    1.000000E+30    1.000000E+30    1.000000E+30    1.000000E+30    1.000000E+30    1.000000E+30    1.000000E+30    1.000000E+30    1.000000E+30    1.000000E+30    1.000000E+30    1.000000E+30    1.000000E+30    1.000000E+30    1.000000E+30    1.000000E+30    1.000000E+30
   2.390866E+01    1.739558E+01    1.724265E+01    1.713759E+01    1.705171E+01    2.182901E+01    2.183883E+01    1.000000E+30    1.000000E+30    1.000000E+30    1.000000E+30    1.000000E+30    1.000000E+30    1.000000E+30    1.000000E+30    1.000000E+30    1.000000E+30    1.000000E+30    1.000000E+30    1.000000E+30    1.000000E+30    1.000000E+30    1.000000E+30    1.000000E+30    1.000000E+30    1.000000E+30    1.000000E+30    1.000000E+30    1.000000E+30    1.000000E+30    1.000000E+30    1.000000E+30    1.000000E+30    1.000000E+30    1.000000E+30    1.000000E+30    1.000000E+30    1.000000E+30    1.000000E+30    1.000000E+30    1.000000E+30    1.000000E+30    1.000000E+30    1.000000E+30    1.000000E+30    1.000000E+30    1.000000E+30    1.000000E+30    1.000000E+30    1.000000E+30    1.000000E+30    1.000000E+30    1.000000E+30    1.000000E+30    1.000000E+30    1.000000E+30    1.000000E+30    1.000000E+30    1.000000E+30    1.000000E+30    1.000000E+30    1.000000E+30    1.000000E+30    1.000000E+30    1.000000E+30    1.000000E+30    1.000000E+30    1.000000E+30    1.000000E+30    1.000000E+30    1.000000E+30    1.000000E+30    1.000000E+30    1.000000E+30    1.000000E+30    1.000000E+30    1.000000E+30    1.000000E+30    1.000000E+30    1.000000E+30    1.000000E+30    1.000000E+30    1.000000E+30    1.000000E+30    1.000000E+30    1.000000E+30    1.000000E+30    1.000000E+30    1.000000E+30    1.000000E+30    1.000000E+30    1.000000E+30    1.000000E+30    1.000000E+30    3.013510E+01    1.766790E+01    1.739499E+01    1.721716E+01    1.704089E+01    1.686178E+01    1.666726E+01    1.645151E+01    1.620928E+01    1.000000E+30    1.000000E+30    1.000000E+30    1.000000E+30    1.000000E+30    1.000000E+30    1.000000E+30    1.000000E+30    1.000000E+30    1.000000E+30    1.000000E+30    1.000000E+30    1.000000E+30    1.000000E+30    1.000000E+30    1.000000E+30    1.000000E+30    1.000000E+30    1.000000E+30    1.000000E+30    1.000000E+30    1.000000E+30    1.000000E+30    1.000000E+30    1.000000E+30    1.000000E+30    1.000000E+30    1.000000E+30    1.000000E+30    1.000000E+30    1.000000E+30    1.000000E+30    1.000000E+30    1.000000E+30    1.000000E+30    1.000000E+30    1.000000E+30    1.000000E+30    1.000000E+30    1.000000E+30    1.000000E+30    1.000000E+30    1.000000E+30    1.000000E+30    1.000000E+30    1.000000E+30    1.000000E+30    1.000000E+30
   2.380177E+01    1.783471E+01    1.768626E+01    2.245436E+01    2.252203E+01    1.000000E+30    1.000000E+30    1.000000E+30    1.000000E+30    1.000000E+30    1.000000E+30    1.000000E+30    1.000000E+30    1.000000E+30    1.000000E+30    1.000000E+30    1.000000E+30    1.000000E+30    1.000000E+30    1.000000E+30    1.000000E+30    1.000000E+30    1.000000E+30    1.000000E+30    1.000000E+30    1.000000E+30    1.000000E+30    1.000000E+30    1.000000E+30    1.000000E+30    1.000000E+30    1.000000E+30    1.000000E+30    1.000000E+30    1.000000E+30    1.000000E+30    1.000000E+30    1.000000E+30    1.000000E+30    1.000000E+30    1.000000E+30    1.000000E+30    1.000000E+30    1.000000E+30    1.000000E+30    1.000000E+30    1.000000E+30    1.000000E+30    1.000000E+30    1.000000E+30    1.000000E+30    1.000000E+30    1.000000E+30    1.000000E+30    1.000000E+30    1.000000E+30    1.000000E+30    1.000000E+30    1.000000E+30    1.000000E+30    1.000000E+30    1.000000E+30    1.000000E+30    1.000000E+30    1.000000E+30    1.000000E+30    1.000000E+30    1.000000E+30    1.000000E+30    1.000000E+30    1.000000E+30    1.000000E+30    1.000000E+30    1.000000E+30    1.000000E+30    1.000000E+30    1.000000E+30    1.000000E+30    1.000000E+30    1.000000E+30    1.000000E+30    1.000000E+30    1.000000E+30    1.000000E+30    1.000000E+30    1.000000E+30    1.000000E+30    1.000000E+30    1.000000E+30    1.000000E+30    1.000000E+30    1.000000E+30    1.000000E+30    1.000000E+30    3.171761E+01    1.785027E+01    1.757866E+01    1.740098E+01    1.722118E+01    1.703565E+01    1.683213E+01    1.660577E+01    1.635428E+01    1.000000E+30    1.000000E+30    1.000000E+30    1.000000E+30    1.000000E+30    1.000000E+30    1.000000E+30    1.000000E+30    1.000000E+30    1.000000E+30    1.000000E+30    1.000000E+30    1.000000E+30    1.000000E+30    1.000000E+30    1.000000E+30    1.000000E+30    1.000000E+30    1.000000E+30    1.000000E+30    1.000000E+30    1.000000E+30    1.000000E+30    1.000000E+30    1.000000E+30    1.000000E+30    1.000000E+30    1.000000E+30    1.000000E+30    1.000000E+30    1.000000E+30    1.000000E+30    1.000000E+30    1.000000E+30    1.000000E+30    1.000000E+30    1.000000E+30    1.000000E+30    1.000000E+30    1.000000E+30    1.000000E+30    1.000000E+30    1.000000E+30    1.000000E+30    1.000000E+30    1.000000E+30    1.000000E+30    1.000000E+30
   2.383827E+01    2.342816E+01    2.331974E+01    1.000000E+30    1.000000E+30    1.000000E+30    1.000000E+30    1.000000E+30    1.000000E+30    1.000000E+30    1.000000E+30    1.000000E+30    1.000000E+30    1.000000E+30    1.000000E+30    1.000000E+30    1.000000E+30    1.000000E+30    1.000000E+30    1.000000E+30    1.000000E+30    1.000000E+30    1.000000E+30    1.000000E+30    1.000000E+30    1.000000E+30    1.000000E+30    1.000000E+30    1.000000E+30    1.000000E+30    1.000000E+30    1.000000E+30    1.000000E+30    1.000000E+30    1.000000E+30    1.000000E+30    1.000000E+30    1.000000E+30    1.000000E+30    1.000000E+30    1.000000E+30    1.000000E+30    1.000000E+30    1.000000E+30    1.000000E+30    1.000000E+30    1.000000E+30    1.000000E+30    1.000000E+30    1.000000E+30    1.000000E+30    1.000000E+30    1.000000E+30    1.000000E+30    1.000000E+30    1.000000E+30    1.000000E+30    1.000000E+30    1.000000E+30    1.000000E+30    1.000000E+30    1.000000E+30    1.000000E+30    1.000000E+30    1.000000E+30    1.000000E+30    1.000000E+30    1.000000E+30    1.000000E+30    1.000000E+30    1.000000E+30    1.000000E+30    1.000000E+30    1.000000E+30    1.000000E+30    1.000000E+30    1.000000E+30    1.000000E+30    1.000000E+30    1.000000E+30    1.000000E+30    1.000000E+30    1.000000E+30    1.000000E+30    1.000000E+30    1.000000E+30    1.000000E+30    1.000000E+30    1.000000E+30    1.000000E+30    1.000000E+30    1.000000E+30    1.000000E+30    1.000000E+30    3.126876E+01    1.806412E+01    1.777261E+01    1.759244E+01    1.740755E+01    1.721522E+01    1.700361E+01    1.676533E+01    1.648979E+01    1.000000E+30    1.000000E+30    1.000000E+30    1.000000E+30    1.000000E+30    1.000000E+30    1.000000E+30    1.000000E+30    1.000000E+30    1.000000E+30    1.000000E+30    1.000000E+30    1.000000E+30    1.000000E+30    1.000000E+30    1.000000E+30    1.000000E+30    1.000000E+30    1.000000E+30    1.000000E+30    1.000000E+30    1.000000E+30    1.000000E+30    1.000000E+30    1.000000E+30    1.000000E+30    1.000000E+30    1.000000E+30    1.000000E+30    1.000000E+30    1.000000E+30    1.000000E+30    1.000000E+30    1.000000E+30    1.000000E+30    1.000000E+30    1.000000E+30    1.000000E+30    1.000000E+30    1.000000E+30    1.000000E+30    1.000000E+30    1.000000E+30    1.000000E+30    1.000000E+30    1.000000E+30    1.000000E+30    1.000000E+30
   2.413654E+01    1.000000E+30    1.000000E+30    1.000000E+30    1.000000E+30    1.000000E+30    1.000000E+30    1.000000E+30    1.000000E+30    1.000000E+30    1.000000E+30    1.000000E+30    1.000000E+30    1.000000E+30    1.000000E+30    1.000000E+30    1.000000E+30    1.000000E+30    1.000000E+30    1.000000E+30    1.000000E+30    1.000000E+30    1.000000E+30    1.000000E+30    1.000000E+30    1.000000E+30    1.000000E+30    1.000000E+30    1.000000E+30    1.000000E+30    1.000000E+30    1.000000E+30    1.000000E+30    1.000000E+30    1.000000E+30    1.000000E+30    1.000000E+30    1.000000E+30    1.000000E+30    1.000000E+30    1.000000E+30    1.000000E+30    1.000000E+30    1.000000E+30    1.000000E+30    1.000000E+30    1.000000E+30    1.000000E+30    1.000000E+30    1.000000E+30    1.000000E+30    1.000000E+30    1.000000E+30    1.000000E+30    1.000000E+30    1.000000E+30    1.000000E+30    1.000000E+30    1.000000E+30    1.000000E+30    1.000000E+30    1.000000E+30    1.000000E+30    1.000000E+30    1.000000E+30    1.000000E+30    1.000000E+30    1.000000E+30    1.000000E+30    1.000000E+30    1.000000E+30    1.000000E+30    1.000000E+30    1.000000E+30    1.000000E+30    1.000000E+30    1.000000E+30    1.000000E+30    1.000000E+30    1.000000E+30    1.000000E+30    1.000000E+30    1.000000E+30    1.000000E+30    1.000000E+30    1.000000E+30    1.000000E+30    1.000000E+30    1.000000E+30    1.000000E+30    1.000000E+30    1.000000E+30    1.000000E+30    1.000000E+30    1.000000E+30    2.803467E+01    1.805413E+01    1.779477E+01    1.760199E+01    1.740332E+01    1.718494E+01    1.694103E+01    1.667062E+01    1.000000E+30    1.000000E+30    1.000000E+30    1.000000E+30    1.000000E+30    1.000000E+30    1.000000E+30    1.000000E+30    1.000000E+30    1.000000E+30    1.000000E+30    1.000000E+30    1.000000E+30    1.000000E+30    1.000000E+30    1.000000E+30    1.000000E+30    1.000000E+30    1.000000E+30    1.000000E+30    1.000000E+30    1.000000E+30    1.000000E+30    1.000000E+30    1.000000E+30    1.000000E+30    1.000000E+30    1.000000E+30    1.000000E+30    1.000000E+30    1.000000E+30    1.000000E+30    1.000000E+30    1.000000E+30    1.000000E+30    1.000000E+30    1.000000E+30    1.000000E+30    1.000000E+30    1.000000E+30    1.000000E+30    1.000000E+30    1.000000E+30    1.000000E+30    1.000000E+30    1.000000E+30    1.000000E+30    1.000000E+30
   1.000000E+30    1.000000E+30    1.000000E+30    1.000000E+30    1.000000E+30    1.000000E+30    1.000000E+30    1.000000E+30    1.000000E+30    1.000000E+30    1.000000E+30    1.000000E+30    1.000000E+30    1.000000E+30    1.000000E+30    1.000000E+30    1.000000E+30    1.000000E+30    1.000000E+30    1.000000E+30    1.000000E+30    1.000000E+30    1.000000E+30    1.000000E+30    1.000000E+30    1.000000E+30    1.000000E+30    1.000000E+30    1.000000E+30    1.000000E+30    1.000000E+30    1.000000E+30    1.000000E+30    1.000000E+30    1.000000E+30    1.000000E+30    1.000000E+30    1.000000E+30    1.000000E+30    1.000000E+30    1.000000E+30    1.000000E+30    1.000000E+30    1.000000E+30    1.000000E+30    1.000000E+30    1.000000E+30    1.000000E+30    1.000000E+30    1.000000E+30    1.000000E+30    1.000000E+30    1.000000E+30    1.000000E+30    1.000000E+30    1.000000E+30    1.000000E+30    1.000000E+30    1.000000E+30    1.000000E+30    1.000000E+30    1.000000E+30    1.000000E+30    1.000000E+30    1.000000E+30    1.000000E+30    1.000000E+30    1.000000E+30    1.000000E+30    1.000000E+30    1.000000E+30    1.000000E+30    1.000000E+30    1.000000E+30    1.000000E+30    1.000000E+30    1.000000E+30    1.000000E+30    1.000000E+30    1.000000E+30    1.000000E+30    1.000000E+30    1.000000E+30    1.000000E+30    1.000000E+30    1.000000E+30    1.000000E+30    1.000000E+30    1.000000E+30    1.000000E+30    1.000000E+30    1.000000E+30    1.000000E+30    1.000000E+30    1.000000E+30    2.830852E+01    1.826965E+01    1.800113E+01    1.780307E+01    1.760020E+01    1.737729E+01    1.712109E+01    1.682702E+01    1.000000E+30    1.000000E+30    1.000000E+30    1.000000E+30    1.000000E+30    1.000000E+30    1.000000E+30    1.000000E+30    1.000000E+30    1.000000E+30    1.000000E+30    1.000000E+30    1.000000E+30    1.000000E+30    1.000000E+30    1.000000E+30    1.000000E+30    1.000000E+30    1.000000E+30    1.000000E+30    1.000000E+30    1.000000E+30    1.000000E+30    1.000000E+30    1.000000E+30    1.000000E+30    1.000000E+30    1.000000E+30    1.000000E+30    1.000000E+30    1.000000E+30    1.000000E+30    1.000000E+30    1.000000E+30    1.000000E+30    1.000000E+30    1.000000E+30    1.000000E+30    1.000000E+30    1.000000E+30    1.000000E+30    1.000000E+30    1.000000E+30    1.000000E+30    1.000000E+30    1.000000E+30    1.000000E+30    1.000000E+30
   1.000000E+30    1.000000E+30    1.000000E+30    1.000000E+30    1.000000E+30    1.000000E+30    1.000000E+30    1.000000E+30    1.000000E+30    1.000000E+30    1.000000E+30    1.000000E+30    1.000000E+30    1.000000E+30    1.000000E+30    1.000000E+30    1.000000E+30    1.000000E+30    1.000000E+30    1.000000E+30    1.000000E+30    1.000000E+30    1.000000E+30    1.000000E+30    1.000000E+30    1.000000E+30    1.000000E+30    1.000000E+30    1.000000E+30    1.000000E+30    1.000000E+30    1.000000E+30    1.000000E+30    1.000000E+30    1.000000E+30    1.000000E+30    1.000000E+30    1.000000E+30    1.000000E+30    1.000000E+30    1.000000E+30    1.000000E+30    1.000000E+30    1.000000E+30    1.000000E+30    1.000000E+30    1.000000E+30    1.000000E+30    1.000000E+30    1.000000E+30    1.000000E+30    1.000000E+30    1.000000E+30    1.000000E+30    1.000000E+30    1.000000E+30    1.000000E+30    1.000000E+30    1.000000E+30    1.000000E+30    1.000000E+30    1.000000E+30    1.000000E+30    1.000000E+30    1.000000E+30    1.000000E+30    1.000000E+30    1.000000E+30    1.000000E+30    1.000000E+30    1.000000E+30    1.000000E+30    1.000000E+30    1.000000E+30    1.000000E+30    1.000000E+30    1.000000E+30    1.000000E+30    1.000000E+30    1.000000E+30    1.000000E+30    1.000000E+30    1.000000E+30    1.000000E+30    1.000000E+30    1.000000E+30    1.000000E+30    1.000000E+30    1.000000E+30    1.000000E+30    1.000000E+30    1.000000E+30    1.000000E+30    1.000000E+30    1.000000E+30    2.810495E+01    1.847483E+01    1.820856E+01    1.800848E+01    1.780436E+01    1.758233E+01    1.732726E+01    1.698406E+01    1.000000E+30    1.000000E+30    1.000000E+30    1.000000E+30    1.000000E+30    1.000000E+30    1.000000E+30    1.000000E+30    1.000000E+30    1.000000E+30    1.000000E+30    1.000000E+30    1.000000E+30    1.000000E+30    1.000000E+30    1.000000E+30    1.000000E+30    1.000000E+30    1.000000E+30    1.000000E+30    1.000000E+30    1.000000E+30    1.000000E+30    1.000000E+30    1.000000E+30    1.000000E+30    1.000000E+30    1.000000E+30    1.000000E+30    1.000000E+30    1.000000E+30    1.000000E+30    1.000000E+30    1.000000E+30    1.000000E+30    1.000000E+30    1.000000E+30    1.000000E+30    1.000000E+30    1.000000E+30    1.000000E+30    1.000000E+30    1.000000E+30    1.000000E+30    1.000000E+30    1.000000E+30    1.000000E+30    1.000000E+30
   1.000000E+30    1.000000E+30    1.000000E+30    1.000000E+30    1.000000E+30    1.000000E+30    1.000000E+30    1.000000E+30    1.000000E+30    1.000000E+30    1.000000E+30    1.000000E+30    1.000000E+30    1.000000E+30    1.000000E+30    1.000000E+30    1.000000E+30    1.000000E+30    1.000000E+30    1.000000E+30    1.000000E+30    1.000000E+30    1.000000E+30    1.000000E+30    1.000000E+30    1.000000E+30    1.000000E+30    1.000000E+30    1.000000E+30    1.000000E+30    1.000000E+30    1.000000E+30    1.000000E+30    1.000000E+30    1.000000E+30    1.000000E+30    1.000000E+30    1.000000E+30    1.000000E+30    1.000000E+30    1.000000E+30    1.000000E+30    1.000000E+30    1.000000E+30    1.000000E+30    1.000000E+30    1.000000E+30    1.000000E+30    1.000000E+30    1.000000E+30    1.000000E+30    1.000000E+30    1.000000E+30    1.000000E+30    1.000000E+30    1.000000E+30    1.000000E+30    1.000000E+30    1.000000E+30    1.000000E+30    1.000000E+30    1.000000E+30    1.000000E+30    1.000000E+30    1.000000E+30    1.000000E+30    1.000000E+30    1.000000E+30    1.000000E+30    1.000000E+30    1.000000E+30    1.000000E+30    1.000000E+30    1.000000E+30    1.000000E+30    1.000000E+30    1.000000E+30    1.000000E+30    1.000000E+30    1.000000E+30    1.000000E+30    1.000000E+30    1.000000E+30    1.000000E+30    1.000000E+30    1.000000E+30    1.000000E+30    1.000000E+30    1.000000E+30    1.000000E+30    1.000000E+30    1.000000E+30    1.000000E+30    1.000000E+30    1.000000E+30    2.834529E+01    1.868117E+01    1.841518E+01    1.821531E+01    1.801068E+01    1.779414E+01    1.764547E+01    1.799860E+01    1.000000E+30    1.000000E+30    1.000000E+30    1.000000E+30    1.000000E+30    1.000000E+30    1.000000E+30    1.000000E+30    1.000000E+30    1.000000E+30    1.000000E+30    1.000000E+30    1.000000E+30    1.000000E+30    1.000000E+30    1.000000E+30    1.000000E+30    1.000000E+30    1.000000E+30    1.000000E+30    1.000000E+30    1.000000E+30    1.000000E+30    1.000000E+30    1.000000E+30    1.000000E+30    1.000000E+30    1.000000E+30    1.000000E+30    1.000000E+30    1.000000E+30    1.000000E+30    1.000000E+30    1.000000E+30    1.000000E+30    1.000000E+30    1.000000E+30    1.000000E+30    1.000000E+30    1.000000E+30    1.000000E+30    1.000000E+30    1.000000E+30    1.000000E+30    1.000000E+30    1.000000E+30    1.000000E+30    1.000000E+30
   1.000000E+30    1.000000E+30    1.000000E+30    1.000000E+30    1.000000E+30    1.000000E+30    1.000000E+30    1.000000E+30    1.000000E+30    1.000000E+30    1.000000E+30    1.000000E+30    1.000000E+30    1.000000E+30    1.000000E+30    1.000000E+30    1.000000E+30    1.000000E+30    1.000000E+30    1.000000E+30    1.000000E+30    1.000000E+30    1.000000E+30    1.000000E+30    1.000000E+30    1.000000E+30    1.000000E+30    1.000000E+30    1.000000E+30    1.000000E+30    1.000000E+30    1.000000E+30    1.000000E+30    1.000000E+30    1.000000E+30    1.000000E+30    1.000000E+30    1.000000E+30    1.000000E+30    1.000000E+30    1.000000E+30    1.000000E+30    1.000000E+30    1.000000E+30    1.000000E+30    1.000000E+30    1.000000E+30    1.000000E+30    1.000000E+30    1.000000E+30    1.000000E+30    1.000000E+30    1.000000E+30    1.000000E+30    1.000000E+30    1.000000E+30    1.000000E+30    1.000000E+30    1.000000E+30    1.000000E+30    1.000000E+30    1.000000E+30    1.000000E+30    1.000000E+30    1.000000E+30    1.000000E+30    1.000000E+30    1.000000E+30    1.000000E+30    1.000000E+30    1.000000E+30    1.000000E+30    1.000000E+30    1.000000E+30    1.000000E+30    1.000000E+30    1.000000E+30    1.000000E+30    1.000000E+30    1.000000E+30    1.000000E+30    1.000000E+30    1.000000E+30    1.000000E+30    1.000000E+30    1.000000E+30    1.000000E+30    1.000000E+30    1.000000E+30    1.000000E+30    1.000000E+30    1.000000E+30    1.000000E+30    1.000000E+30    1.000000E+30    2.881930E+01    1.888769E+01    1.861976E+01    1.842244E+01    1.821081E+01    1.792149E+01    1.742661E+01    1.000000E+30    1.000000E+30    1.000000E+30    1.000000E+30    1.000000E+30    1.000000E+30    1.000000E+30    1.000000E+30    1.000000E+30    1.000000E+30    1.000000E+30    1.000000E+30    1.000000E+30    1.000000E+30    1.000000E+30    1.000000E+30    1.000000E+30    1.000000E+30    1.000000E+30    1.000000E+30    1.000000E+30    1.000000E+30    1.000000E+30    1.000000E+30    1.000000E+30    1.000000E+30    1.000000E+30    1.000000E+30    1.000000E+30    1.000000E+30    1.000000E+30    1.000000E+30    1.000000E+30    1.000000E+30    1.000000E+30    1.000000E+30    1.000000E+30    1.000000E+30    1.000000E+30    1.000000E+30    1.000000E+30    1.000000E+30    1.000000E+30    1.000000E+30    1.000000E+30    1.000000E+30    1.000000E+30    1.000000E+30    1.000000E+30
   1.000000E+30    1.000000E+30    1.000000E+30    1.000000E+30    1.000000E+30    1.000000E+30    1.000000E+30    1.000000E+30    1.000000E+30    1.000000E+30    1.000000E+30    1.000000E+30    1.000000E+30    1.000000E+30    1.000000E+30    1.000000E+30    1.000000E+30    1.000000E+30    1.000000E+30    1.000000E+30    1.000000E+30    1.000000E+30    1.000000E+30    1.000000E+30    1.000000E+30    1.000000E+30    1.000000E+30    1.000000E+30    1.000000E+30    1.000000E+30    1.000000E+30    1.000000E+30    1.000000E+30    1.000000E+30    1.000000E+30    1.000000E+30    1.000000E+30    1.000000E+30    1.000000E+30    1.000000E+30    1.000000E+30    1.000000E+30    1.000000E+30    1.000000E+30    1.000000E+30    1.000000E+30    1.000000E+30    1.000000E+30    1.000000E+30    1.000000E+30    1.000000E+30    1.000000E+30    1.000000E+30    1.000000E+30    1.000000E+30    1.000000E+30    1.000000E+30    1.000000E+30    1.000000E+30    1.000000E+30    1.000000E+30    1.000000E+30    1.000000E+30    1.000000E+30    1.000000E+30    1.000000E+30    1.000000E+30    1.000000E+30    1.000000E+30    1.000000E+30    1.000000E+30    1.000000E+30    1.000000E+30    1.000000E+30    1.000000E+30    1.000000E+30    1.000000E+30    1.000000E+30    1.000000E+30    1.000000E+30    1.000000E+30    1.000000E+30    1.000000E+30    1.000000E+30    1.000000E+30    1.000000E+30    1.000000E+30    1.000000E+30    1.000000E+30    1.000000E+30    1.000000E+30    1.000000E+30    1.000000E+30    1.000000E+30    1.000000E+30    2.922296E+01    1.908579E+01    1.882046E+01    1.863602E+01    1.845802E+01    1.827078E+01    1.809431E+01    1.000000E+30    1.000000E+30    1.000000E+30    1.000000E+30    1.000000E+30    1.000000E+30    1.000000E+30    1.000000E+30    1.000000E+30    1.000000E+30    1.000000E+30    1.000000E+30    1.000000E+30    1.000000E+30    1.000000E+30    1.000000E+30    1.000000E+30    1.000000E+30    1.000000E+30    1.000000E+30    1.000000E+30    1.000000E+30    1.000000E+30    1.000000E+30    1.000000E+30    1.000000E+30    1.000000E+30    1.000000E+30    1.000000E+30    1.000000E+30    1.000000E+30    1.000000E+30    1.000000E+30    1.000000E+30    1.000000E+30    1.000000E+30    1.000000E+30    1.000000E+30    1.000000E+30    1.000000E+30    1.000000E+30    1.000000E+30    1.000000E+30    1.000000E+30    1.000000E+30    1.000000E+30    1.000000E+30    1.000000E+30    1.000000E+30
   1.000000E+30    1.000000E+30    1.000000E+30    1.000000E+30    1.000000E+30    1.000000E+30    1.000000E+30    1.000000E+30    1.000000E+30    1.000000E+30    1.000000E+30    1.000000E+30    1.000000E+30    1.000000E+30    1.000000E+30    1.000000E+30    1.000000E+30    1.000000E+30    1.000000E+30    1.000000E+30    1.000000E+30    1.000000E+30    1.000000E+30    1.000000E+30    1.000000E+30    1.000000E+30    1.000000E+30    1.000000E+30    1.000000E+30    1.000000E+30    1.000000E+30    1.000000E+30    1.000000E+30    1.000000E+30    1.000000E+30    1.000000E+30    1.000000E+30    1.000000E+30    1.000000E+30    1.000000E+30    1.000000E+30    1.000000E+30    1.000000E+30    1.000000E+30    1.000000E+30    1.000000E+30    1.000000E+30    1.000000E+30    1.000000E+30    1.000000E+30    1.000000E+30    1.000000E+30    1.000000E+30    1.000000E+30    1.000000E+30    1.000000E+30    1.000000E+30    1.000000E+30    1.000000E+30    1.000000E+30    1.000000E+30    1.000000E+30    1.000000E+30    1.000000E+30    1.000000E+30    1.000000E+30    1.000000E+30    1.000000E+30    1.000000E+30    1.000000E+30    1.000000E+30    1.000000E+30    1.000000E+30    1.000000E+30    1.000000E+30    1.000000E+30    1.000000E+30    1.000000E+30    1.000000E+30    1.000000E+30    1.000000E+30    1.000000E+30    1.000000E+30    1.000000E+30    1.000000E+30    1.000000E+30    1.000000E+30    1.000000E+30    1.000000E+30    1.000000E+30    1.000000E+30    1.000000E+30    1.000000E+30    1.000000E+30    1.000000E+30    3.004402E+01    1.927784E+01    1.900941E+01    1.883482E+01    1.868928E+01    1.860201E+01    1.865562E+01    1.000000E+30    1.000000E+30    1.000000E+30    1.000000E+30    1.000000E+30    1.000000E+30    1.000000E+30    1.000000E+30    1.000000E+30    1.000000E+30    1.000000E+30    1.000000E+30    1.000000E+30    1.000000E+30    1.000000E+30    1.000000E+30    1.000000E+30    1.000000E+30    1.000000E+30    1.000000E+30    1.000000E+30    1.000000E+30    1.000000E+30    1.000000E+30    1.000000E+30    1.000000E+30    1.000000E+30    1.000000E+30    1.000000E+30    1.000000E+30    1.000000E+30    1.000000E+30    1.000000E+30    1.000000E+30    1.000000E+30    1.000000E+30    1.000000E+30    1.000000E+30    1.000000E+30    1.000000E+30    1.000000E+30    1.000000E+30    1.000000E+30    1.000000E+30    1.000000E+30    1.000000E+30    1.000000E+30    1.000000E+30    1.000000E+30
   1.000000E+30    1.000000E+30    1.000000E+30    1.000000E+30    1.000000E+30    1.000000E+30    1.000000E+30    1.000000E+30    1.000000E+30    1.000000E+30    1.000000E+30    1.000000E+30    1.000000E+30    1.000000E+30    1.000000E+30    1.000000E+30    1.000000E+30    1.000000E+30    1.000000E+30    1.000000E+30    1.000000E+30    1.000000E+30    1.000000E+30    1.000000E+30    1.000000E+30    1.000000E+30    1.000000E+30    1.000000E+30    1.000000E+30    1.000000E+30    1.000000E+30    1.000000E+30    1.000000E+30    1.000000E+30    1.000000E+30    1.000000E+30    1.000000E+30    1.000000E+30    1.000000E+30    1.000000E+30    1.000000E+30    1.000000E+30    1.000000E+30    1.000000E+30    1.000000E+30    1.000000E+30    1.000000E+30    1.000000E+30    1.000000E+30    1.000000E+30    1.000000E+30    1.000000E+30    1.000000E+30    1.000000E+30    1.000000E+30    1.000000E+30    1.000000E+30    1.000000E+30    1.000000E+30    1.000000E+30    1.000000E+30    1.000000E+30    1.000000E+30    1.000000E+30    1.000000E+30    1.000000E+30    1.000000E+30    1.000000E+30    1.000000E+30    1.000000E+30    1.000000E+30    1.000000E+30    1.000000E+30    1.000000E+30    1.000000E+30    1.000000E+30    1.000000E+30    1.000000E+30    1.000000E+30    1.000000E+30    1.000000E+30    1.000000E+30    1.000000E+30    1.000000E+30    1.000000E+30    1.000000E+30    1.000000E+30    1.000000E+30    1.000000E+30    1.000000E+30    1.000000E+30    1.000000E+30    1.000000E+30    1.000000E+30    1.000000E+30    3.063327E+01    1.945655E+01    1.917852E+01    1.899741E+01    1.884672E+01    1.876616E+01    1.881909E+01    1.000000E+30    1.000000E+30    1.000000E+30    1.000000E+30    1.000000E+30    1.000000E+30    1.000000E+30    1.000000E+30    1.000000E+30    1.000000E+30    1.000000E+30    1.000000E+30    1.000000E+30    1.000000E+30    1.000000E+30    1.000000E+30    1.000000E+30    1.000000E+30    1.000000E+30    1.000000E+30    1.000000E+30    1.000000E+30    1.000000E+30    1.000000E+30    1.000000E+30    1.000000E+30    1.000000E+30    1.000000E+30    1.000000E+30    1.000000E+30    1.000000E+30    1.000000E+30    1.000000E+30    1.000000E+30    1.000000E+30    1.000000E+30    1.000000E+30    1.000000E+30    1.000000E+30    1.000000E+30    1.000000E+30    1.000000E+30    1.000000E+30    1.000000E+30    1.000000E+30    1.000000E+30    1.000000E+30    1.000000E+30    1.000000E+30
   1.000000E+30    1.000000E+30    1.000000E+30    1.000000E+30    1.000000E+30    1.000000E+30    1.000000E+30    1.000000E+30    1.000000E+30    1.000000E+30    1.000000E+30    1.000000E+30    1.000000E+30    1.000000E+30    1.000000E+30    1.000000E+30    1.000000E+30    1.000000E+30    1.000000E+30    1.000000E+30    1.000000E+30    1.000000E+30    1.000000E+30    1.000000E+30    1.000000E+30    1.000000E+30    1.000000E+30    1.000000E+30    1.000000E+30    1.000000E+30    1.000000E+30    1.000000E+30    1.000000E+30    1.000000E+30    1.000000E+30    1.000000E+30    1.000000E+30    1.000000E+30    1.000000E+30    1.000000E+30    1.000000E+30    1.000000E+30    1.000000E+30    1.000000E+30    1.000000E+30    1.000000E+30    1.000000E+30    1.000000E+30    1.000000E+30    1.000000E+30    1.000000E+30    1.000000E+30    1.000000E+30    1.000000E+30    1.000000E+30    1.000000E+30    1.000000E+30    1.000000E+30    1.000000E+30    1.000000E+30    1.000000E+30    1.000000E+30    1.000000E+30    1.000000E+30    1.000000E+30    1.000000E+30    1.000000E+30    1.000000E+30    1.000000E+30    1.000000E+30    1.000000E+30    1.000000E+30    1.000000E+30    1.000000E+30    1.000000E+30    1.000000E+30    1.000000E+30    1.000000E+30    1.000000E+30    1.000000E+30    1.000000E+30    1.000000E+30    1.000000E+30    1.000000E+30    1.000000E+30    1.000000E+30    1.000000E+30    1.000000E+30    1.000000E+30    1.000000E+30    1.000000E+30    1.000000E+30    1.000000E+30    1.000000E+30    1.000000E+30    3.151523E+01    1.962645E+01    1.932870E+01    1.912076E+01    1.892009E+01    1.886611E+01    1.897256E+01    1.000000E+30    1.000000E+30    1.000000E+30    1.000000E+30    1.000000E+30    1.000000E+30    1.000000E+30    1.000000E+30    1.000000E+30    1.000000E+30    1.000000E+30    1.000000E+30    1.000000E+30    1.000000E+30    1.000000E+30    1.000000E+30    1.000000E+30    1.000000E+30    1.000000E+30    1.000000E+30    1.000000E+30    1.000000E+30    1.000000E+30    1.000000E+30    1.000000E+30    1.000000E+30    1.000000E+30    1.000000E+30    1.000000E+30    1.000000E+30    1.000000E+30    1.000000E+30    1.000000E+30    1.000000E+30    1.000000E+30    1.000000E+30    1.000000E+30    1.000000E+30    1.000000E+30    1.000000E+30    1.000000E+30    1.000000E+30    1.000000E+30    1.000000E+30    1.000000E+30    1.000000E+30    1.000000E+30    1.000000E+30    1.000000E+30
   1.000000E+30    1.000000E+30    1.000000E+30    1.000000E+30    1.000000E+30    1.000000E+30    1.000000E+30    1.000000E+30    1.000000E+30    1.000000E+30    1.000000E+30    1.000000E+30    1.000000E+30    1.000000E+30    1.000000E+30    1.000000E+30    1.000000E+30    1.000000E+30    1.000000E+30    1.000000E+30    1.000000E+30    1.000000E+30    1.000000E+30    1.000000E+30    1.000000E+30    1.000000E+30    1.000000E+30    1.000000E+30    1.000000E+30    1.000000E+30    1.000000E+30    1.000000E+30    1.000000E+30    1.000000E+30    1.000000E+30    1.000000E+30    1.000000E+30    1.000000E+30    1.000000E+30    1.000000E+30    1.000000E+30    1.000000E+30    1.000000E+30    1.000000E+30    1.000000E+30    1.000000E+30    1.000000E+30    1.000000E+30    1.000000E+30    1.000000E+30    1.000000E+30    1.000000E+30    1.000000E+30    1.000000E+30    1.000000E+30    1.000000E+30    1.000000E+30    1.000000E+30    1.000000E+30    1.000000E+30    1.000000E+30    1.000000E+30    1.000000E+30    1.000000E+30    1.000000E+30    1.000000E+30    1.000000E+30    1.000000E+30    1.000000E+30    1.000000E+30    1.000000E+30    1.000000E+30    1.000000E+30    1.000000E+30    1.000000E+30    1.000000E+30    1.000000E+30    1.000000E+30    1.000000E+30    1.000000E+30    1.000000E+30    1.000000E+30    1.000000E+30    1.000000E+30    1.000000E+30    1.000000E+30    1.000000E+30    1.000000E+30    1.000000E+30    1.000000E+30    1.000000E+30    1.000000E+30    1.000000E+30    1.000000E+30    1.000000E+30    3.210935E+01    1.978892E+01    1.947397E+01    1.922612E+01    1.900775E+01    3.374310E+01    1.000000E+30    1.000000E+30    1.000000E+30    1.000000E+30    1.000000E+30    1.000000E+30    1.000000E+30    1.000000E+30    1.000000E+30    1.000000E+30    1.000000E+30    1.000000E+30    1.000000E+30    1.000000E+30    1.000000E+30    1.000000E+30    1.000000E+30    1.000000E+30    1.000000E+30    1.000000E+30    1.000000E+30    1.000000E+30    1.000000E+30    1.000000E+30    1.000000E+30    1.000000E+30    1.000000E+30    1.000000E+30    1.000000E+30    1.000000E+30    1.000000E+30    1.000000E+30    1.000000E+30    1.000000E+30    1.000000E+30    1.000000E+30    1.000000E+30    1.000000E+30    1.000000E+30    1.000000E+30    1.000000E+30    1.000000E+30    1.000000E+30    1.000000E+30    1.000000E+30    1.000000E+30    1.000000E+30    1.000000E+30    1.000000E+30    1.000000E+30
   1.000000E+30    1.000000E+30    1.000000E+30    1.000000E+30    1.000000E+30    1.000000E+30    1.000000E+30    1.000000E+30    1.000000E+30    1.000000E+30    1.000000E+30    1.000000E+30    1.000000E+30    1.000000E+30    1.000000E+30    1.000000E+30    1.000000E+30    1.000000E+30    1.000000E+30    1.000000E+30    1.000000E+30    1.000000E+30    1.000000E+30    1.000000E+30    1.000000E+30    1.000000E+30    1.000000E+30    1.000000E+30    1.000000E+30    1.000000E+30    1.000000E+30    1.000000E+30    1.000000E+30    1.000000E+30    1.000000E+30    1.000000E+30    1.000000E+30    1.000000E+30    1.000000E+30    1.000000E+30    1.000000E+30    1.000000E+30    1.000000E+30    1.000000E+30    1.000000E+30    1.000000E+30    1.000000E+30    1.000000E+30    1.000000E+30    1.000000E+30    1.000000E+30    1.000000E+30    1.000000E+30    1.000000E+30    1.000000E+30    1.000000E+30    1.000000E+30    1.000000E+30    1.000000E+30    1.000000E+30    1.000000E+30    1.000000E+30    1.000000E+30    1.000000E+30    1.000000E+30    1.000000E+30    1.000000E+30    1.000000E+30    1.000000E+30    1.000000E+30    1.000000E+30    1.000000E+30    1.000000E+30    1.000000E+30    1.000000E+30    1.000000E+30    1.000000E+30    1.000000E+30    1.000000E+30    1.000000E+30    1.000000E+30    1.000000E+30    1.000000E+30    1.000000E+30    1.000000E+30    1.000000E+30    1.000000E+30    1.000000E+30    1.000000E+30    1.000000E+30    1.000000E+30    1.000000E+30    1.000000E+30    1.000000E+30    1.000000E+30    3.142839E+01    1.994722E+01    1.964399E+01    1.938001E+01    1.910160E+01    3.411934E+01    1.000000E+30    1.000000E+30    1.000000E+30    1.000000E+30    1.000000E+30    1.000000E+30    1.000000E+30    1.000000E+30    1.000000E+30    1.000000E+30    1.000000E+30    1.000000E+30    1.000000E+30    1.000000E+30    1.000000E+30    1.000000E+30    1.000000E+30    1.000000E+30    1.000000E+30    1.000000E+30    1.000000E+30    1.000000E+30    1.000000E+30    1.000000E+30    1.000000E+30    1.000000E+30    1.000000E+30    1.000000E+30    1.000000E+30    1.000000E+30    1.000000E+30    1.000000E+30    1.000000E+30    1.000000E+30    1.000000E+30    1.000000E+30    1.000000E+30    1.000000E+30    1.000000E+30    1.000000E+30    1.000000E+30    1.000000E+30    1.000000E+30    1.000000E+30    1.000000E+30    1.000000E+30    1.000000E+30    1.000000E+30    1.000000E+30    1.000000E+30
   1.000000E+30    1.000000E+30    1.000000E+30    1.000000E+30    1.000000E+30    1.000000E+30    1.000000E+30    1.000000E+30    1.000000E+30    1.000000E+30    1.000000E+30    1.000000E+30    1.000000E+30    1.000000E+30    1.000000E+30    1.000000E+30    1.000000E+30    1.000000E+30    1.000000E+30    1.000000E+30    1.000000E+30    1.000000E+30    1.000000E+30    1.000000E+30    1.000000E+30    1.000000E+30    1.000000E+30    1.000000E+30    1.000000E+30    1.000000E+30    1.000000E+30    1.000000E+30    1.000000E+30    1.000000E+30    1.000000E+30    1.000000E+30    1.000000E+30    1.000000E+30    1.000000E+30    1.000000E+30    1.000000E+30    1.000000E+30    1.000000E+30    1.000000E+30    1.000000E+30    1.000000E+30    1.000000E+30    1.000000E+30    1.000000E+30    1.000000E+30    1.000000E+30    1.000000E+30    1.000000E+30    1.000000E+30    1.000000E+30    1.000000E+30    1.000000E+30    1.000000E+30    1.000000E+30    1.000000E+30    1.000000E+30    1.000000E+30    1.000000E+30    1.000000E+30    1.000000E+30    1.000000E+30    1.000000E+30    1.000000E+30    1.000000E+30    1.000000E+30    1.000000E+30    1.000000E+30    1.000000E+30    1.000000E+30    1.000000E+30    1.000000E+30    1.000000E+30    1.000000E+30    1.000000E+30    1.000000E+30    1.000000E+30    1.000000E+30    1.000000E+30    1.000000E+30    1.000000E+30    1.000000E+30    1.000000E+30    1.000000E+30    1.000000E+30    1.000000E+30    1.000000E+30    1.000000E+30    1.000000E+30    1.000000E+30    1.000000E+30    3.095337E+01    2.024083E+01    2.000744E+01    1.976583E+01    1.925733E+01    3.422945E+01    1.000000E+30    1.000000E+30    1.000000E+30    1.000000E+30    1.000000E+30    1.000000E+30    1.000000E+30    1.000000E+30    1.000000E+30    1.000000E+30    1.000000E+30    1.000000E+30    1.000000E+30    1.000000E+30    1.000000E+30    1.000000E+30    1.000000E+30    1.000000E+30    1.000000E+30    1.000000E+30    1.000000E+30    1.000000E+30    1.000000E+30    1.000000E+30    1.000000E+30    1.000000E+30    1.000000E+30    1.000000E+30    1.000000E+30    1.000000E+30    1.000000E+30    1.000000E+30    1.000000E+30    1.000000E+30    1.000000E+30    1.000000E+30    1.000000E+30    1.000000E+30    1.000000E+30    1.000000E+30    1.000000E+30    1.000000E+30    1.000000E+30    1.000000E+30    1.000000E+30    1.000000E+30    1.000000E+30    1.000000E+30    1.000000E+30    1.000000E+30
   1.000000E+30    1.000000E+30    1.000000E+30    1.000000E+30    1.000000E+30    1.000000E+30    1.000000E+30    1.000000E+30    1.000000E+30    1.000000E+30    1.000000E+30    1.000000E+30    1.000000E+30    1.000000E+30    1.000000E+30    1.000000E+30    1.000000E+30    1.000000E+30    1.000000E+30    1.000000E+30    1.000000E+30    1.000000E+30    1.000000E+30    1.000000E+30    1.000000E+30    1.000000E+30    1.000000E+30    1.000000E+30    1.000000E+30    1.000000E+30    1.000000E+30    1.000000E+30    1.000000E+30    1.000000E+30    1.000000E+30    1.000000E+30    1.000000E+30    1.000000E+30    1.000000E+30    1.000000E+30    1.000000E+30    1.000000E+30    1.000000E+30    1.000000E+30    1.000000E+30    1.000000E+30    1.000000E+30    1.000000E+30    1.000000E+30    1.000000E+30    1.000000E+30    1.000000E+30    1.000000E+30    1.000000E+30    1.000000E+30    1.000000E+30    1.000000E+30    1.000000E+30    1.000000E+30    1.000000E+30    1.000000E+30    1.000000E+30    1.000000E+30    1.000000E+30    1.000000E+30    1.000000E+30    1.000000E+30    1.000000E+30    1.000000E+30    1.000000E+30    1.000000E+30    1.000000E+30    1.000000E+30    1.000000E+30    1.000000E+30    1.000000E+30    1.000000E+30    1.000000E+30    1.000000E+30    1.000000E+30    1.000000E+30    1.000000E+30    1.000000E+30    1.000000E+30    1.000000E+30    1.000000E+30    1.000000E+30    1.000000E+30    1.000000E+30    1.000000E+30    1.000000E+30    1.000000E+30    1.000000E+30    1.000000E+30    1.000000E+30    3.050329E+01    3.439115E+01    3.673789E+01    3.691038E+01    3.362314E+01    3.350844E+01    1.000000E+30    1.000000E+30    1.000000E+30    1.000000E+30    1.000000E+30    1.000000E+30    1.000000E+30    1.000000E+30    1.000000E+30    1.000000E+30    1.000000E+30    1.000000E+30    1.000000E+30    1.000000E+30    1.000000E+30    1.000000E+30    1.000000E+30    1.000000E+30    1.000000E+30    1.000000E+30    1.000000E+30    1.000000E+30    1.000000E+30    1.000000E+30    1.000000E+30    1.000000E+30    1.000000E+30    1.000000E+30    1.000000E+30    1.000000E+30    1.000000E+30    1.000000E+30    1.000000E+30    1.000000E+30    1.000000E+30    1.000000E+30    1.000000E+30    1.000000E+30    1.000000E+30    1.000000E+30    1.000000E+30    1.000000E+30    1.000000E+30    1.000000E+30    1.000000E+30    1.000000E+30    1.000000E+30    1.000000E+30    1.000000E+30    1.000000E+30
