1.000000000000000000E+01 1.000000000000000000E+01 1.000000000000000000E+01 1.000000000000000000E+01 1.000000000000000000E+01 1.000000000000000000E+01 1.000000000000000000E+01 1.000000000000000000E+01 1.000000000000000000E+01 1.000000000000000000E+01 1.000000000000000000E+01 1.000000000000000000E+01 1.000000000000000000E+01 1.000000000000000000E+01 1.000000000000000000E+01 1.000000000000000000E+01 1.000000000000000000E+01 1.000000000000000000E+01 1.000000000000000000E+01 1.000000000000000000E+01 1.000000000000000000E+01 1.000000000000000000E+01 1.000000000000000000E+01 1.000000000000000000E+01 1.000000000000000000E+01 1.000000000000000000E+01 1.000000000000000000E+01 1.000000000000000000E+01 1.000000000000000000E+01 1.000000000000000000E+01 1.000000000000000000E+01 1.000000000000000000E+01 1.000000000000000000E+01 1.000000000000000000E+01 1.000000000000000000E+01 1.000000000000000000E+01 1.000000000000000000E+01 1.000000000000000000E+01 1.000000000000000000E+01 1.000000000000000000E+01 1.000000000000000000E+01 1.000000000000000000E+01 1.000000000000000000E+01 1.000000000000000000E+01 1.000000000000000000E+01 1.000000000000000000E+01 1.000000000000000000E+01 1.000000000000000000E+01 1.000000000000000000E+01 1.000000000000000000E+01 1.000000000000000000E+01 1.000000000000000000E+01 1.000000000000000000E+01 1.000000000000000000E+01 1.000000000000000000E+01 1.000000000000000000E+01 1.000000000000000000E+01 1.000000000000000000E+01 1.000000000000000000E+01 2.543718043106579785E+00 1.937107641902775068E+00 2.299717758760740249E+00 2.440191227426072640E+00 2.285624704445069266E+00 2.398888001444335671E+00 2.705165117704737110E+00 2.599030404078214396E+00 2.899120392555071923E+00 4.071367731304251336E+00 5.387839104768461063E+00 5.283328107275953478E+00 4.680616638239760263E+00 5.490103451266668877E+00 6.168788658275147441E+00 7.354871489342611035E+00 8.350202802965482007E+00 8.004234740951588378E+00 7.929633469497274767E+00 8.286962833141529927E+00 1.107295758152223719E+01 8.722111035070602370E+00 1.075445090549052729E+01 1.000000000000000000E+01 1.000000000000000000E+01 1.000000000000000000E+01 1.000000000000000000E+01 1.000000000000000000E+01 1.000000000000000000E+01 1.000000000000000000E+01 1.000000000000000000E+01 1.000000000000000000E+01 1.000000000000000000E+01 1.000000000000000000E+01 1.000000000000000000E+01 1.000000000000000000E+01 1.000000000000000000E+01 1.000000000000000000E+01 1.000000000000000000E+01 1.000000000000000000E+01 1.000000000000000000E+01 1.000000000000000000E+01 1.000000000000000000E+01 1.000000000000000000E+01 1.000000000000000000E+01 1.000000000000000000E+01 1.000000000000000000E+01 1.000000000000000000E+01 1.000000000000000000E+01 1.000000000000000000E+01 1.000000000000000000E+01 1.000000000000000000E+01 1.000000000000000000E+01 1.000000000000000000E+01 1.000000000000000000E+01 1.000000000000000000E+01 1.000000000000000000E+01 1.000000000000000000E+01 1.000000000000000000E+01 1.000000000000000000E+01 1.000000000000000000E+01 1.000000000000000000E+01 1.000000000000000000E+01 1.000000000000000000E+01 1.000000000000000000E+01 1.000000000000000000E+01 1.000000000000000000E+01 1.000000000000000000E+01 1.000000000000000000E+01 1.000000000000000000E+01 1.000000000000000000E+01 1.000000000000000000E+01 1.000000000000000000E+01 1.000000000000000000E+01 1.000000000000000000E+01 1.000000000000000000E+01 1.000000000000000000E+01 1.000000000000000000E+01 1.000000000000000000E+01 1.000000000000000000E+01 1.000000000000000000E+01 1.000000000000000000E+01 1.000000000000000000E+01 1.000000000000000000E+01 1.000000000000000000E+01 1.000000000000000000E+01 1.000000000000000000E+01 1.000000000000000000E+01 1.000000000000000000E+01 1.000000000000000000E+01 1.000000000000000000E+01 1.000000000000000000E+01
1.000000000000000000E+01 1.000000000000000000E+01 1.000000000000000000E+01 1.000000000000000000E+01 1.000000000000000000E+01 1.000000000000000000E+01 1.000000000000000000E+01 1.000000000000000000E+01 1.000000000000000000E+01 1.000000000000000000E+01 1.000000000000000000E+01 1.000000000000000000E+01 1.000000000000000000E+01 1.000000000000000000E+01 1.000000000000000000E+01 1.000000000000000000E+01 1.000000000000000000E+01 1.000000000000000000E+01 1.000000000000000000E+01 1.000000000000000000E+01 1.000000000000000000E+01 1.000000000000000000E+01 1.000000000000000000E+01 1.000000000000000000E+01 1.000000000000000000E+01 1.000000000000000000E+01 1.000000000000000000E+01 1.000000000000000000E+01 1.000000000000000000E+01 1.000000000000000000E+01 1.000000000000000000E+01 1.000000000000000000E+01 1.000000000000000000E+01 1.000000000000000000E+01 1.000000000000000000E+01 1.000000000000000000E+01 1.000000000000000000E+01 1.000000000000000000E+01 1.000000000000000000E+01 1.000000000000000000E+01 1.000000000000000000E+01 1.000000000000000000E+01 1.000000000000000000E+01 1.000000000000000000E+01 1.000000000000000000E+01 1.000000000000000000E+01 1.000000000000000000E+01 1.000000000000000000E+01 1.000000000000000000E+01 1.000000000000000000E+01 1.000000000000000000E+01 1.000000000000000000E+01 1.000000000000000000E+01 1.000000000000000000E+01 1.000000000000000000E+01 1.000000000000000000E+01 1.000000000000000000E+01 1.000000000000000000E+01 2.090131415899937117E+00 2.306325331100526288E+00 2.355016813454693825E+00 2.399737628521880772E+00 2.492782592117268159E+00 2.454030793057613291E+00 2.524209720905670196E+00 2.577029475675296055E+00 2.979705103662167343E+00 3.587206026931535785E+00 4.175112806929475617E+00 4.393451650363759065E+00 4.400384266643264652E+00 4.240176662698332599E+00 4.418549191823592182E+00 4.348073672686558311E+00 5.605615607255266752E+00 5.389006954255497028E+00 5.886632704309025854E+00 6.164161773743871642E+00 8.428823962431538419E+00 9.267195314627434399E+00 8.073276296666858087E+00 1.022756148589872716E+01 1.066014712379645601E+01 8.579684046151767163E+00 1.024555246655154939E+01 8.617903788790561848E+00 7.872434700040282785E+00 6.675394107073658212E+00 5.712660927332488647E+00 4.989403244479924560E+00 4.293126494923476422E+00 4.657437227663403512E+00 4.034977359730993918E+00 5.320660961206536754E+00 6.753353870663874936E+00 6.154874025616562605E+00 6.233270288288867533E+00 5.682821669804797082E+00 7.523174008563062287E+00 7.138339713411029130E+00 7.441108875101400066E+00 6.646943135122828750E+00 5.720378439863993414E+00 5.260669083225246290E+00 6.501704617858774959E+00 6.097163820973675818E+00 5.888041777027511969E+00 6.484964961794479343E+00 6.676153377751017359E+00 5.857578009435402855E+00 5.622187702386056252E+00 6.025626613978245061E+00 5.542839805241917439E+00 6.010718653818410750E+00 6.633860795691708390E+00 8.457378527521392186E+00 7.304935275162008246E+00 5.965008588291838443E+00 1.000000000000000000E+01 1.000000000000000000E+01 1.000000000000000000E+01 1.000000000000000000E+01 1.000000000000000000E+01 1.000000000000000000E+01 1.000000000000000000E+01 1.000000000000000000E+01 1.000000000000000000E+01 1.000000000000000000E+01 1.000000000000000000E+01 1.000000000000000000E+01 1.000000000000000000E+01 1.000000000000000000E+01 1.000000000000000000E+01 1.000000000000000000E+01 1.000000000000000000E+01 1.000000000000000000E+01 1.000000000000000000E+01 1.000000000000000000E+01 1.000000000000000000E+01 1.000000000000000000E+01 1.000000000000000000E+01 1.000000000000000000E+01 1.000000000000000000E+01 1.000000000000000000E+01 1.000000000000000000E+01 1.000000000000000000E+01 1.000000000000000000E+01 1.000000000000000000E+01 1.000000000000000000E+01 1.000000000000000000E+01 1.000000000000000000E+01
1.000000000000000000E+01 1.000000000000000000E+01 1.000000000000000000E+01 1.000000000000000000E+01 1.000000000000000000E+01 1.000000000000000000E+01 1.000000000000000000E+01 1.000000000000000000E+01 1.000000000000000000E+01 1.000000000000000000E+01 1.000000000000000000E+01 1.000000000000000000E+01 1.000000000000000000E+01 1.000000000000000000E+01 1.000000000000000000E+01 1.000000000000000000E+01 1.000000000000000000E+01 1.000000000000000000E+01 1.000000000000000000E+01 1.000000000000000000E+01 1.000000000000000000E+01 1.000000000000000000E+01 1.000000000000000000E+01 1.000000000000000000E+01 1.000000000000000000E+01 1.000000000000000000E+01 1.000000000000000000E+01 1.000000000000000000E+01 1.000000000000000000E+01 1.000000000000000000E+01 1.000000000000000000E+01 1.000000000000000000E+01 1.000000000000000000E+01 1.000000000000000000E+01 1.000000000000000000E+01 1.000000000000000000E+01 1.000000000000000000E+01 1.000000000000000000E+01 1.000000000000000000E+01 1.000000000000000000E+01 1.000000000000000000E+01 1.000000000000000000E+01 1.000000000000000000E+01 1.000000000000000000E+01 1.000000000000000000E+01 1.000000000000000000E+01 1.000000000000000000E+01 1.000000000000000000E+01 1.000000000000000000E+01 1.000000000000000000E+01 1.000000000000000000E+01 1.000000000000000000E+01 1.000000000000000000E+01 1.000000000000000000E+01 1.000000000000000000E+01 1.000000000000000000E+01 2.837255613760350847E+00 2.844435295364085015E+00 2.354113998260707774E+00 1.928200006911730879E+00 2.268544173114837914E+00 2.455301005879666043E+00 2.234968318018261346E+00 2.646339366269673921E+00 2.902847567178477917E+00 2.749850852764559761E+00 3.016646704023578707E+00 3.022389757904231811E+00 4.992311087423015437E+00 3.637223876468368200E+00 3.654859686946183572E+00 4.607726942913467738E+00 3.610550539668517356E+00 3.763689235147819279E+00 4.445334288588915328E+00 5.515368876582730451E+00 4.888415425396300584E+00 5.667958005141883859E+00 6.831757489786315141E+00 8.414887244193847593E+00 9.112355829758373105E+00 9.240599484863965429E+00 1.087769652450324287E+01 9.528932927603406711E+00 8.584340219209039446E+00 7.001270654755682443E+00 7.254406685152415157E+00 7.453413094015341578E+00 5.963023926488240534E+00 5.413993802359231999E+00 5.001288551540999272E+00 5.471834943977611054E+00 5.621133130942908451E+00 5.429020447565005014E+00 5.923248291936952015E+00 5.374305526249629317E+00 5.958885739213178212E+00 5.157288993594411508E+00 7.328079319647979872E+00 8.049014774653059590E+00 7.747878448922508987E+00 6.886463680117592467E+00 6.218126385240910992E+00 6.452210602525145333E+00 6.208024371256355423E+00 5.317245471248853939E+00 6.139551429819605666E+00 5.824745226961137057E+00 6.672498250830558142E+00 6.811958985702921687E+00 5.045816604970045915E+00 5.595337307791036885E+00 5.001966428262998754E+00 6.381210209802266498E+00 7.458884827135253914E+00 6.899232871619195961E+00 6.441941612194145073E+00 5.784748794898190383E+00 5.979050823345769317E+00 4.732187345992886485E+00 5.890110123097890060E+00 5.395859361785489305E+00 5.479808021524801731E+00 4.826623508950214081E+00 4.416394395623035152E+00 4.219822608043329204E+00 3.135160940362339943E+00 2.518167909767400570E+00 2.749048386676083755E+00 2.832380533603230610E+00 2.518341080066971660E+00 3.153537315957992249E+00 3.131832583384800195E+00 3.106522616508494039E+00 3.392920255666992624E+00 4.079970947494337530E+00 4.006255455825343148E+00 4.302552526290866375E+00 4.380630188948211767E+00 3.709296207335323281E+00 3.770878213314187821E+00 3.658509847026860218E+00 4.402809479837359596E+00 4.754094527672356740E+00 4.918669147873232284E+00 3.973588713532744343E+00 4.319225551701489252E+00 4.400579969373030309E+00 3.591583466157383331E+00 3.856077467755613331E+00 1.000000000000000000E+01
1.000000000000000000E+01 1.000000000000000000E+01 1.000000000000000000E+01 1.000000000000000000E+01 1.000000000000000000E+01 1.000000000000000000E+01 1.000000000000000000E+01 1.000000000000000000E+01 1.000000000000000000E+01 1.000000000000000000E+01 1.000000000000000000E+01 1.000000000000000000E+01 1.000000000000000000E+01 1.000000000000000000E+01 1.000000000000000000E+01 1.000000000000000000E+01 1.000000000000000000E+01 1.000000000000000000E+01 1.000000000000000000E+01 1.000000000000000000E+01 1.000000000000000000E+01 1.000000000000000000E+01 1.000000000000000000E+01 1.000000000000000000E+01 1.000000000000000000E+01 1.000000000000000000E+01 1.000000000000000000E+01 1.000000000000000000E+01 1.000000000000000000E+01 1.000000000000000000E+01 1.000000000000000000E+01 1.000000000000000000E+01 1.000000000000000000E+01 1.000000000000000000E+01 1.000000000000000000E+01 1.000000000000000000E+01 1.000000000000000000E+01 1.000000000000000000E+01 1.000000000000000000E+01 1.000000000000000000E+01 1.000000000000000000E+01 1.000000000000000000E+01 1.000000000000000000E+01 1.000000000000000000E+01 1.000000000000000000E+01 1.000000000000000000E+01 1.000000000000000000E+01 1.000000000000000000E+01 1.000000000000000000E+01 1.000000000000000000E+01 1.000000000000000000E+01 1.000000000000000000E+01 1.000000000000000000E+01 1.000000000000000000E+01 1.000000000000000000E+01 3.459915104067487146E+00 3.098335045807773191E+00 2.497312375209303159E+00 2.620799609127132612E+00 2.396986702617408760E+00 1.998709937890447375E+00 2.250879234140677365E+00 2.277191438209108298E+00 2.437046564712433305E+00 2.920654763888845817E+00 3.449039159164870139E+00 3.213178086173035020E+00 3.135496934443412709E+00 3.148445286070414184E+00 3.379330759501664172E+00 3.064330679518429079E+00 4.270020996087531273E+00 3.834665549530135387E+00 4.726290122897389701E+00 5.179871749055523722E+00 5.716799294922557451E+00 4.764510543152519872E+00 4.096835150934827752E+00 6.202450249743525212E+00 8.839228204176313497E+00 9.361323683846926258E+00 8.515990165108691556E+00 9.084152509529911157E+00 8.161242944825561452E+00 7.548764288504886011E+00 7.026089228089968053E+00 7.689929932631716980E+00 6.985508209196027885E+00 5.488876473393966116E+00 6.144914268740358843E+00 6.195809273550985985E+00 5.185182266491924707E+00 6.240421978569990813E+00 6.391936896292349957E+00 5.741614593605900652E+00 5.606029612234004311E+00 4.181451686064122875E+00 5.566398331446399617E+00 5.969721565905027560E+00 6.957964479193929463E+00 7.101924804927483237E+00 6.814473384447196302E+00 7.977307756091503776E+00 7.409923465578255986E+00 5.480352482966140748E+00 6.198384966121325057E+00 6.000554286446858399E+00 5.430480582517797750E+00 6.684051331284689645E+00 5.318050587930224893E+00 4.733477920377708870E+00 4.345242028994213079E+00 5.620169216969973291E+00 6.102337612367928266E+00 6.534395347365369311E+00 5.649856586249345725E+00 5.728037663105467914E+00 5.478986816137171978E+00 5.288787507236897056E+00 5.571573899267844077E+00 4.987807283981311457E+00 5.680207406100415746E+00 4.518886487078199288E+00 4.550974953336785589E+00 4.442859492394454435E+00 3.929701694176643390E+00 4.254168834429201240E+00 3.601527260471860448E+00 3.160925863568020411E+00 3.204508280509499318E+00 2.853373826286181636E+00 2.686372552065062091E+00 3.206053458563634884E+00 3.245480038463049777E+00 3.233467407145986350E+00 3.927930295097074698E+00 4.160938406308797077E+00 3.637331764658130684E+00 3.051575192386875912E+00 3.046758278355288230E+00 3.541606080363684406E+00 3.091314158333462903E+00 3.403018335441430064E+00 4.096905177968238831E+00 4.476875302327764317E+00 4.274642808459081067E+00 4.158788910881296985E+00 4.195889746800874676E+00 4.422134855080559923E+00 4.077101415568042952E+00 1.000000000000000000E+01
1.000000000000000000E+01 1.000000000000000000E+01 1.000000000000000000E+01 1.000000000000000000E+01 1.000000000000000000E+01 1.000000000000000000E+01 1.000000000000000000E+01 1.000000000000000000E+01 1.000000000000000000E+01 1.000000000000000000E+01 1.000000000000000000E+01 1.000000000000000000E+01 1.000000000000000000E+01 1.000000000000000000E+01 1.000000000000000000E+01 1.000000000000000000E+01 1.000000000000000000E+01 1.000000000000000000E+01 1.000000000000000000E+01 1.000000000000000000E+01 1.000000000000000000E+01 1.000000000000000000E+01 1.000000000000000000E+01 1.000000000000000000E+01 1.000000000000000000E+01 1.000000000000000000E+01 1.000000000000000000E+01 1.000000000000000000E+01 1.000000000000000000E+01 1.000000000000000000E+01 1.000000000000000000E+01 1.000000000000000000E+01 1.000000000000000000E+01 1.000000000000000000E+01 1.000000000000000000E+01 1.000000000000000000E+01 1.000000000000000000E+01 1.000000000000000000E+01 1.000000000000000000E+01 1.000000000000000000E+01 1.000000000000000000E+01 1.000000000000000000E+01 1.000000000000000000E+01 1.000000000000000000E+01 1.000000000000000000E+01 1.000000000000000000E+01 1.000000000000000000E+01 1.000000000000000000E+01 1.000000000000000000E+01 1.000000000000000000E+01 1.000000000000000000E+01 1.000000000000000000E+01 1.000000000000000000E+01 2.870140690396099981E+00 3.160072114907524377E+00 3.504402827022959244E+00 3.027383355829034617E+00 2.928135049139181767E+00 2.151411371155761199E+00 2.433605581712333432E+00 2.449874341914133780E+00 2.278824240186886119E+00 2.576199311742957576E+00 2.864907543843129289E+00 2.607462313162756562E+00 3.007845365544411731E+00 3.160517784613716685E+00 3.413275809285112317E+00 3.414176946399049672E+00 3.521299388219012894E+00 4.088373637112033165E+00 4.045089596963952872E+00 4.413170559426625950E+00 5.220533706425817044E+00 5.202141043637721118E+00 4.887130969322242890E+00 4.163467380715338173E+00 4.311105679008894853E+00 5.939201147479978182E+00 7.951645286960223658E+00 7.870685891562199998E+00 7.359408069704737265E+00 8.260919913890054644E+00 6.907722465694208225E+00 8.140160809752396531E+00 6.551973727343427534E+00 7.830783722031232408E+00 7.530627531072593861E+00 6.224501903801170855E+00 6.520149969208889118E+00 7.469064901372648002E+00 6.963140556427338979E+00 6.648794019879957773E+00 6.485786408787546975E+00 6.443447871903967616E+00 4.916235431273172196E+00 4.550283466532943244E+00 4.523313076469035465E+00 5.474109794040526999E+00 5.131463321605256311E+00 6.064960960192007811E+00 5.891594327490824234E+00 6.671177620039073553E+00 5.963969895705063529E+00 6.125849642536888240E+00 5.100893976588981360E+00 4.992716204348840670E+00 4.729034104919896286E+00 5.139674494075591404E+00 4.331082101010015784E+00 4.791020593823321683E+00 5.247504879239911268E+00 5.949089415829918792E+00 5.749735970983229194E+00 5.956328581527453814E+00 4.828702154720366124E+00 5.107804781033841834E+00 4.468561514543397450E+00 4.291098253677493091E+00 5.416844969386220399E+00 4.892376462923972547E+00 5.533978687482827397E+00 4.476407592956777037E+00 4.544172342559758881E+00 3.992305678355300369E+00 4.580855362665143815E+00 3.721689250018828776E+00 3.379763635368763008E+00 3.444780364806991457E+00 3.654947052299165833E+00 3.969401691818493561E+00 3.051809997246738071E+00 3.212778822002336554E+00 3.765158290155483645E+00 4.038585815849104144E+00 3.599674984803495903E+00 3.478858870285881810E+00 2.939175194931702872E+00 2.851634330980853171E+00 2.824461155645646482E+00 3.386479349890370028E+00 3.094382724099594473E+00 3.041933298911909223E+00 3.895894879025954882E+00 3.620745116159291843E+00 3.564995106113631795E+00 3.708005928707915899E+00 3.509373778886310191E+00 3.840765644566781045E+00 4.639870235509800267E+00 1.000000000000000000E+01
1.000000000000000000E+01 1.000000000000000000E+01 1.000000000000000000E+01 1.000000000000000000E+01 1.000000000000000000E+01 1.000000000000000000E+01 1.000000000000000000E+01 1.000000000000000000E+01 1.000000000000000000E+01 1.000000000000000000E+01 1.000000000000000000E+01 1.000000000000000000E+01 1.000000000000000000E+01 1.000000000000000000E+01 1.000000000000000000E+01 1.000000000000000000E+01 1.000000000000000000E+01 1.000000000000000000E+01 1.000000000000000000E+01 1.000000000000000000E+01 1.000000000000000000E+01 1.000000000000000000E+01 1.000000000000000000E+01 1.000000000000000000E+01 1.000000000000000000E+01 1.000000000000000000E+01 1.000000000000000000E+01 1.000000000000000000E+01 1.000000000000000000E+01 1.000000000000000000E+01 1.000000000000000000E+01 1.000000000000000000E+01 1.000000000000000000E+01 1.000000000000000000E+01 1.000000000000000000E+01 1.000000000000000000E+01 1.000000000000000000E+01 1.000000000000000000E+01 1.000000000000000000E+01 1.000000000000000000E+01 1.000000000000000000E+01 1.000000000000000000E+01 1.000000000000000000E+01 1.000000000000000000E+01 1.000000000000000000E+01 1.000000000000000000E+01 1.000000000000000000E+01 1.000000000000000000E+01 1.000000000000000000E+01 1.000000000000000000E+01 1.000000000000000000E+01 1.000000000000000000E+01 3.299716935730719225E+00 4.207363815234287152E+00 4.151931001793281339E+00 4.380840495238780719E+00 3.058030243457093178E+00 2.832894438190765030E+00 2.349135263497699633E+00 2.058596269280641433E+00 2.323759908706041433E+00 2.250056387730727359E+00 2.166858901043061003E+00 2.313516127049663140E+00 2.710098875989287670E+00 3.050085762648992116E+00 3.137113731402098704E+00 3.296479118506384420E+00 3.551832410899987469E+00 3.622390462616712714E+00 3.857754146727596645E+00 4.072832864853914714E+00 5.014708672428218605E+00 4.326576156176867194E+00 4.377461248515269965E+00 4.093395970984023968E+00 4.378412927228880314E+00 4.411382378534443482E+00 5.412859592502298867E+00 6.374802231706457434E+00 8.192243776568336244E+00 8.485830736743475100E+00 9.095738741818026440E+00 8.259181686196292560E+00 8.018406040880504904E+00 7.344178237142214627E+00 5.667799223214765370E+00 6.262057321511399266E+00 6.658329956607283329E+00 6.563750232282806962E+00 7.736404684329691861E+00 7.340427167144295773E+00 6.232775656793978492E+00 5.814702696243240432E+00 5.401408559845849666E+00 4.575534943489724782E+00 5.118532977415175544E+00 3.837661641013988767E+00 4.638924825185755552E+00 5.091088500626303137E+00 4.852000533691397166E+00 5.211989022930739957E+00 5.973784004909898471E+00 5.241212366197915529E+00 5.053966458026079245E+00 4.341630593240399349E+00 5.313213161159667131E+00 5.214371784042634239E+00 5.026034802315847649E+00 4.891111168369410400E+00 4.796803263960917718E+00 5.868149314827583396E+00 6.717510606222565350E+00 6.474501757868554641E+00 5.050106308979703584E+00 5.232267071006639014E+00 4.874940177549711429E+00 4.270211781125399675E+00 3.847978381066491593E+00 4.180663335736849895E+00 4.105996745363997391E+00 3.950435383001095868E+00 5.237513290310653602E+00 4.444132778173098153E+00 3.911382414861615864E+00 4.443351475843546616E+00 3.568436357318788055E+00 3.406781872022686564E+00 3.957797839591026712E+00 3.239811070701704043E+00 3.739359147317014020E+00 3.468697883988887121E+00 3.101948853868491174E+00 3.463848606926605012E+00 4.368836293972847784E+00 3.581555761699148466E+00 3.610108320784085389E+00 3.231512479809259375E+00 2.533402534478865320E+00 2.783930535366621495E+00 3.162410424915037321E+00 3.102537271748092351E+00 3.601661453868150620E+00 3.610830372504646668E+00 2.864944314689437999E+00 3.273257301226981220E+00 2.693289748314978915E+00 2.765784495782515062E+00 3.696448158050932076E+00 3.717332152602401685E+00 1.000000000000000000E+01
1.000000000000000000E+01 1.000000000000000000E+01 1.000000000000000000E+01 1.000000000000000000E+01 1.000000000000000000E+01 1.000000000000000000E+01 1.000000000000000000E+01 1.000000000000000000E+01 1.000000000000000000E+01 1.000000000000000000E+01 1.000000000000000000E+01 1.000000000000000000E+01 1.000000000000000000E+01 1.000000000000000000E+01 1.000000000000000000E+01 1.000000000000000000E+01 1.000000000000000000E+01 1.000000000000000000E+01 1.000000000000000000E+01 1.000000000000000000E+01 1.000000000000000000E+01 1.000000000000000000E+01 1.000000000000000000E+01 1.000000000000000000E+01 1.000000000000000000E+01 1.000000000000000000E+01 1.000000000000000000E+01 1.000000000000000000E+01 1.000000000000000000E+01 1.000000000000000000E+01 1.000000000000000000E+01 1.000000000000000000E+01 1.000000000000000000E+01 1.000000000000000000E+01 1.000000000000000000E+01 1.000000000000000000E+01 1.000000000000000000E+01 1.000000000000000000E+01 1.000000000000000000E+01 1.000000000000000000E+01 1.000000000000000000E+01 1.000000000000000000E+01 1.000000000000000000E+01 1.000000000000000000E+01 1.000000000000000000E+01 1.000000000000000000E+01 1.000000000000000000E+01 1.000000000000000000E+01 1.000000000000000000E+01 1.000000000000000000E+01 3.018192187806212345E+00 2.859213657167142930E+00 3.752153467867706649E+00 4.846670680518889718E+00 5.151618570564425958E+00 5.003308674791737687E+00 4.038084468870696497E+00 3.481308706657047836E+00 2.597709993946832885E+00 2.050621978864411332E+00 2.495661201202669321E+00 2.467707575948244525E+00 1.862249579166119329E+00 2.532338298965193246E+00 2.134744826339465273E+00 2.265010794092839230E+00 2.649903439343960443E+00 3.295263302969461350E+00 3.766610301560957108E+00 4.094148045999011387E+00 4.670133295884963509E+00 4.312849440569840986E+00 4.129572020401278465E+00 3.604781354119405368E+00 4.615382272658123064E+00 4.701541630054973275E+00 4.365901204511792422E+00 4.845412309345081603E+00 5.494355901263637598E+00 6.730053580309658834E+00 8.321923315997386439E+00 8.613745037123422321E+00 6.834609916414537523E+00 7.064694844082429093E+00 7.721948339788451854E+00 8.301066118973945862E+00 6.324142947850069696E+00 6.741112857337490105E+00 6.084519685789373966E+00 6.856535073176742934E+00 7.418059485581070867E+00 6.420178949048497508E+00 6.868497852254531466E+00 5.197973033807834042E+00 4.123662330605514903E+00 4.662915763199555030E+00 5.088913808932011840E+00 4.608396922624116598E+00 4.464852623197396397E+00 4.827201212426800225E+00 4.187009429058825560E+00 4.559353969137067253E+00 5.719382292246090849E+00 6.154313953612725818E+00 5.493554418768591852E+00 4.866500959975809337E+00 5.433063681016477631E+00 5.751718753909601745E+00 4.830634951957991419E+00 4.794919038821527479E+00 4.880159522730429522E+00 5.678378265039349060E+00 6.495638172280273182E+00 5.960326773903704911E+00 5.280979546892863752E+00 4.735142375456553587E+00 5.196457599614775269E+00 5.181318167913450345E+00 4.119823382630635855E+00 4.405866431620459878E+00 4.265691139877171523E+00 4.783261013765663705E+00 5.204363966862367796E+00 5.782368598042659791E+00 4.533791885537548083E+00 4.856178151268860432E+00 4.746521227284011601E+00 3.541457158437813391E+00 3.427625991316090914E+00 3.425487157314102582E+00 3.439197410509612585E+00 3.613083237644256318E+00 3.555962029743031216E+00 4.355249097710340855E+00 5.328382176700972472E+00 3.972733128859405660E+00 3.413615952164248846E+00 2.786367354038622679E+00 2.509753263443401217E+00 2.105856718550076501E+00 2.478834855481623745E+00 3.182009135833236080E+00 2.989853386302123273E+00 2.732374814144886699E+00 2.530822922609919257E+00 3.533645829667809934E+00 2.545586611111327890E+00 2.797494954371187337E+00 2.800025565811703920E+00 3.162880508038918403E+00 1.000000000000000000E+01
1.000000000000000000E+01 1.000000000000000000E+01 1.000000000000000000E+01 1.000000000000000000E+01 1.000000000000000000E+01 1.000000000000000000E+01 1.000000000000000000E+01 1.000000000000000000E+01 1.000000000000000000E+01 1.000000000000000000E+01 1.000000000000000000E+01 1.000000000000000000E+01 1.000000000000000000E+01 1.000000000000000000E+01 1.000000000000000000E+01 1.000000000000000000E+01 1.000000000000000000E+01 1.000000000000000000E+01 1.000000000000000000E+01 1.000000000000000000E+01 1.000000000000000000E+01 1.000000000000000000E+01 1.000000000000000000E+01 1.000000000000000000E+01 1.000000000000000000E+01 1.000000000000000000E+01 1.000000000000000000E+01 1.000000000000000000E+01 1.000000000000000000E+01 1.000000000000000000E+01 1.000000000000000000E+01 1.000000000000000000E+01 1.000000000000000000E+01 1.000000000000000000E+01 1.000000000000000000E+01 1.000000000000000000E+01 1.000000000000000000E+01 1.000000000000000000E+01 1.000000000000000000E+01 1.000000000000000000E+01 1.000000000000000000E+01 1.000000000000000000E+01 1.000000000000000000E+01 1.000000000000000000E+01 1.000000000000000000E+01 1.000000000000000000E+01 1.000000000000000000E+01 1.000000000000000000E+01 3.030479682532203789E+00 3.197200596566261765E+00 2.601618171355164044E+00 3.468675076027236681E+00 3.497286417893211929E+00 3.903473794779391604E+00 4.922919886608191575E+00 4.412173718018716606E+00 3.747457209870286299E+00 3.629252498433631846E+00 3.149804583483567288E+00 2.478876972674314949E+00 2.324469638799548488E+00 2.390280790528637400E+00 2.345011093338916108E+00 2.777322500461352206E+00 2.586795011969902358E+00 2.139014256104963430E+00 2.758361207333201115E+00 3.276335535192254511E+00 3.995270530797364827E+00 4.563367579691347764E+00 3.709485879704784050E+00 4.269727133054573187E+00 3.182824917117352381E+00 3.871817956830196916E+00 4.223670569107307315E+00 4.096552284089722384E+00 5.588402618441244307E+00 6.449874967349725097E+00 6.716514466419616802E+00 7.398287306348404258E+00 8.528742981719744876E+00 7.293348824001749442E+00 6.799194459940384405E+00 7.947299260949223232E+00 7.541065195257177223E+00 8.402707941068440434E+00 6.776682411194722810E+00 6.101530614184420109E+00 7.042393678775738408E+00 5.732134955220285377E+00 6.300700477377330522E+00 5.997738479632690911E+00 5.983981612490676838E+00 4.374213069030184364E+00 4.587161299524880498E+00 4.661390318679247358E+00 5.786988083514283510E+00 5.517810705723573683E+00 5.011634316006853496E+00 4.751378364260597564E+00 4.236510063534521642E+00 4.402214454613808670E+00 5.458479101527210275E+00 6.039828826818055774E+00 5.435489862230882707E+00 5.189596607126035543E+00 5.030223588257916489E+00 5.077731323657003415E+00 5.278144960360731552E+00 4.240920454561544872E+00 4.053030067067958875E+00 4.264927551932151673E+00 5.568769954476301187E+00 4.601248966162651222E+00 4.210339887474637166E+00 4.069694949930723560E+00 4.790230747350025631E+00 4.191772452979015462E+00 4.285939887533839254E+00 4.236746741769933600E+00 3.900996784467745560E+00 4.186627533073309593E+00 4.661221737317714719E+00 4.135594251646916852E+00 4.782407822730431413E+00 5.209372856677067176E+00 4.741164895234289745E+00 3.592099764298340325E+00 3.091619364403292103E+00 2.766528555852724391E+00 3.002146367074027822E+00 3.211257439292350746E+00 3.621325470998213003E+00 4.033806972503310995E+00 4.295995564734149674E+00 4.064578463640300399E+00 3.064875044337952215E+00 2.425098493877879235E+00 1.991109269159650585E+00 2.050997597754681046E+00 2.533062464384053136E+00 2.773479576856381357E+00 3.111709647306240001E+00 3.134704246322180143E+00 3.023056869993427487E+00 3.322058212217397166E+00 3.404993079277953250E+00 3.047855317307619938E+00 2.577061452923899321E+00 2.572270817268680787E+00 1.000000000000000000E+01
1.000000000000000000E+01 1.000000000000000000E+01 1.000000000000000000E+01 1.000000000000000000E+01 1.000000000000000000E+01 1.000000000000000000E+01 1.000000000000000000E+01 1.000000000000000000E+01 1.000000000000000000E+01 1.000000000000000000E+01 1.000000000000000000E+01 1.000000000000000000E+01 1.000000000000000000E+01 1.000000000000000000E+01 1.000000000000000000E+01 1.000000000000000000E+01 1.000000000000000000E+01 1.000000000000000000E+01 1.000000000000000000E+01 1.000000000000000000E+01 1.000000000000000000E+01 1.000000000000000000E+01 1.000000000000000000E+01 1.000000000000000000E+01 1.000000000000000000E+01 1.000000000000000000E+01 1.000000000000000000E+01 1.000000000000000000E+01 1.000000000000000000E+01 1.000000000000000000E+01 1.000000000000000000E+01 1.000000000000000000E+01 1.000000000000000000E+01 1.000000000000000000E+01 1.000000000000000000E+01 1.000000000000000000E+01 1.000000000000000000E+01 1.000000000000000000E+01 1.000000000000000000E+01 1.000000000000000000E+01 1.000000000000000000E+01 1.000000000000000000E+01 1.000000000000000000E+01 1.000000000000000000E+01 1.000000000000000000E+01 1.000000000000000000E+01 1.000000000000000000E+01 3.542300243508200275E+00 3.887598258118712735E+00 3.168778154968090011E+00 3.046741057984878598E+00 3.574856169104001946E+00 3.363598914255304884E+00 3.987081301446997017E+00 4.165113528632894635E+00 4.739815770994354693E+00 4.915901312614077590E+00 3.692906722321684931E+00 3.040090748862805281E+00 2.659966312228398078E+00 2.852157996612386892E+00 3.105827983748012056E+00 3.336846979194906027E+00 2.654259572314403570E+00 2.188713746172168850E+00 2.140708188546895041E+00 2.712575878833561660E+00 2.742167893600608863E+00 4.391256349673136050E+00 3.967056761865680237E+00 3.341011285516242157E+00 4.194208861473335048E+00 4.616834864774820524E+00 4.750270148276693583E+00 4.579118527948605966E+00 5.347208388201731388E+00 6.648116742631599685E+00 7.066490758389419646E+00 7.272280776358591936E+00 6.315225913342016995E+00 8.744926496545394556E+00 8.911581630865990533E+00 8.820336179158648093E+00 8.770345589436534084E+00 6.281871710174415036E+00 6.539765891955813260E+00 6.901037614448369162E+00 6.617788685033694662E+00 7.477064270720878092E+00 8.292601562187353892E+00 7.027367586889171847E+00 5.383190498121701140E+00 5.067034620415662438E+00 5.172336084628211594E+00 5.188902232061446185E+00 4.909229907854507857E+00 5.442632873068323107E+00 5.503773555702645481E+00 5.672933249480649032E+00 5.625499815470280218E+00 5.196646822356556505E+00 6.051289007237373951E+00 5.521480195111610811E+00 4.892697610129164154E+00 4.442161150169034123E+00 4.909007633993497599E+00 4.168420353999946038E+00 3.723514332830326179E+00 4.510658716171722205E+00 3.933808807041016653E+00 4.696117055002305030E+00 4.886022815727570467E+00 4.104624736140536356E+00 5.481921032769529134E+00 4.692484767131611889E+00 4.489659046575472878E+00 4.370163353754533908E+00 4.373250169312496105E+00 3.314454485816198837E+00 3.490450978378281111E+00 4.054024560494910112E+00 4.219134481586102048E+00 4.968552536681125176E+00 5.126882850553597493E+00 5.916040613316903674E+00 5.381598188473344813E+00 3.766881390917713013E+00 3.163285079132464706E+00 2.935545936892230756E+00 2.943680949549295711E+00 3.070450092040536205E+00 2.636273775473009007E+00 3.238058144333321842E+00 4.251279172091544822E+00 4.450951057128873067E+00 3.927429387044683917E+00 2.873910409169603941E+00 2.641550185989844035E+00 2.236353706606184932E+00 2.007000505681364011E+00 2.066044566113953707E+00 2.451849908873453110E+00 2.959248148346414364E+00 2.971052906911453739E+00 2.652702239695232223E+00 2.893063343356760964E+00 2.213045104574452804E+00 2.327731110923716429E+00 2.338898878736551001E+00 2.134899673565129330E+00 1.000000000000000000E+01
1.000000000000000000E+01 1.000000000000000000E+01 1.000000000000000000E+01 1.000000000000000000E+01 1.000000000000000000E+01 1.000000000000000000E+01 1.000000000000000000E+01 1.000000000000000000E+01 1.000000000000000000E+01 1.000000000000000000E+01 1.000000000000000000E+01 1.000000000000000000E+01 1.000000000000000000E+01 1.000000000000000000E+01 1.000000000000000000E+01 1.000000000000000000E+01 1.000000000000000000E+01 1.000000000000000000E+01 1.000000000000000000E+01 1.000000000000000000E+01 1.000000000000000000E+01 1.000000000000000000E+01 1.000000000000000000E+01 1.000000000000000000E+01 1.000000000000000000E+01 1.000000000000000000E+01 1.000000000000000000E+01 1.000000000000000000E+01 1.000000000000000000E+01 1.000000000000000000E+01 1.000000000000000000E+01 1.000000000000000000E+01 1.000000000000000000E+01 1.000000000000000000E+01 1.000000000000000000E+01 1.000000000000000000E+01 1.000000000000000000E+01 1.000000000000000000E+01 1.000000000000000000E+01 1.000000000000000000E+01 1.000000000000000000E+01 1.000000000000000000E+01 1.000000000000000000E+01 1.000000000000000000E+01 1.000000000000000000E+01 3.144230236256102540E+00 3.058332725601467850E+00 3.250924052046877399E+00 3.288836971720842772E+00 3.622087273921340334E+00 2.935867420016113449E+00 2.970788309100723001E+00 3.099024574209452432E+00 3.655632677353640059E+00 3.612442269035139208E+00 3.613711771142694484E+00 4.077271319586353471E+00 4.429674692372172373E+00 3.775359633580860574E+00 2.681306491127300795E+00 2.998008561532890859E+00 3.501867879335184952E+00 3.219041697611858766E+00 2.697062746896991658E+00 2.516106582950056847E+00 2.073081170053874711E+00 2.571953157545836977E+00 2.528509711233304369E+00 3.456938184136152614E+00 3.206193672488881763E+00 3.911729608090914301E+00 3.273889896220422813E+00 4.062383243181288961E+00 5.229637651990099556E+00 5.450216178645279186E+00 6.288000714610761932E+00 7.291306197199825867E+00 7.278599131363074903E+00 7.887440606919055242E+00 7.778791090404135744E+00 7.925819286748817305E+00 8.221070614144194266E+00 7.919595144958098132E+00 9.514054385237269429E+00 7.300023024132032745E+00 7.704663287591949405E+00 6.628284234735982494E+00 7.783226474746022916E+00 8.718803179070578224E+00 9.190599045027434855E+00 8.592830984453721399E+00 7.454334964621736503E+00 5.080370666305636718E+00 5.220136278968866783E+00 5.166627065066146329E+00 4.670124270312152603E+00 5.329021205817335627E+00 5.238897376937488914E+00 6.647664620722498086E+00 5.454428573077994891E+00 6.618384758752441144E+00 6.911003099767435209E+00 6.335653201872004203E+00 4.491658074336492668E+00 4.481236422275297393E+00 4.854773539254475523E+00 5.063518445259532541E+00 4.635283532128542383E+00 4.412021651925832622E+00 4.389690110757782371E+00 3.344165068066642821E+00 4.183415554160377248E+00 4.548346276770078411E+00 4.327537028056623214E+00 5.005845667280442335E+00 4.675794025317475899E+00 4.142542770145352549E+00 3.840215269469768877E+00 3.431357344072341498E+00 3.837691991602905528E+00 4.503459047020898609E+00 4.164107480564572583E+00 4.336040646755603412E+00 5.949095248181384576E+00 5.928845175233237619E+00 4.101715779859877564E+00 3.969852965665717992E+00 3.483929149096049116E+00 2.901596460524328958E+00 2.326227660273322062E+00 2.035596475979841724E+00 2.477794776860520631E+00 2.903650827223397624E+00 3.867888342446359484E+00 4.323200602676078752E+00 3.493877498949498950E+00 2.658300862874375170E+00 2.345107995464732920E+00 1.962996053233225346E+00 1.817247943385198905E+00 2.207841277259333879E+00 3.016665367776317552E+00 3.169706977694975780E+00 2.649844599735265316E+00 3.166339676747560450E+00 2.699571110886010317E+00 2.524140000606019285E+00 2.421305415864751343E+00 1.995102731189298817E+00 2.353229750012825860E+00 1.000000000000000000E+01
1.000000000000000000E+01 1.000000000000000000E+01 1.000000000000000000E+01 1.000000000000000000E+01 1.000000000000000000E+01 1.000000000000000000E+01 1.000000000000000000E+01 1.000000000000000000E+01 1.000000000000000000E+01 1.000000000000000000E+01 1.000000000000000000E+01 1.000000000000000000E+01 1.000000000000000000E+01 1.000000000000000000E+01 1.000000000000000000E+01 1.000000000000000000E+01 1.000000000000000000E+01 1.000000000000000000E+01 1.000000000000000000E+01 1.000000000000000000E+01 1.000000000000000000E+01 1.000000000000000000E+01 1.000000000000000000E+01 1.000000000000000000E+01 1.000000000000000000E+01 1.000000000000000000E+01 1.000000000000000000E+01 1.000000000000000000E+01 1.000000000000000000E+01 1.000000000000000000E+01 1.000000000000000000E+01 1.000000000000000000E+01 1.000000000000000000E+01 1.000000000000000000E+01 1.000000000000000000E+01 1.000000000000000000E+01 1.000000000000000000E+01 1.000000000000000000E+01 1.000000000000000000E+01 1.000000000000000000E+01 1.000000000000000000E+01 1.000000000000000000E+01 1.000000000000000000E+01 1.000000000000000000E+01 3.755772196561865783E+00 3.648568595937107695E+00 2.696537137931185324E+00 2.849893976425528219E+00 2.682450467739552646E+00 2.971750068865071537E+00 3.062587501881475660E+00 3.257326604796426661E+00 2.684134429986087866E+00 2.516672299798280221E+00 3.380737470485446039E+00 3.563399354914249084E+00 3.584448672431426619E+00 4.533504804090934037E+00 4.431636139749309145E+00 3.650626449278189245E+00 3.347182298483718288E+00 3.111078649730429468E+00 3.238461075756964735E+00 3.128616617011148904E+00 2.577839447736693934E+00 2.605830949319040357E+00 3.562123964527881714E+00 3.085031880448022346E+00 3.542434594694974681E+00 3.688192051869521926E+00 3.315826243474702117E+00 3.392387893731436677E+00 3.530833798124691114E+00 5.296092836752575472E+00 5.556229216335663246E+00 7.023797528195701467E+00 6.299389093371731363E+00 6.849366637882265962E+00 6.478040983748346804E+00 6.217915731458650619E+00 6.494831242482504763E+00 8.787556041287576392E+00 1.129866711806588064E+01 8.588419852242434871E+00 7.524239758795479460E+00 7.181195924764353755E+00 7.694866579828198105E+00 7.227701375800860362E+00 7.634004819923524643E+00 7.729178086644722612E+00 8.550003506974114487E+00 8.419918950720440165E+00 6.492380810136419989E+00 5.105092206027117996E+00 4.451193010469158828E+00 4.709180142536368407E+00 5.270331175984696692E+00 5.577982555576147305E+00 6.127584380831673450E+00 6.783524945261229178E+00 6.738974803871405683E+00 6.941593163149494927E+00 7.486236440979595841E+00 5.679907492930746038E+00 5.549862782955162110E+00 5.386314612515318068E+00 5.709395384226154668E+00 4.744730402089881949E+00 5.339107997123496041E+00 4.169303973581397926E+00 4.122675822524432654E+00 4.149714539764448595E+00 4.808135891288633168E+00 4.786580849170000818E+00 3.710792492073386128E+00 4.304464923122524489E+00 3.997905862079473849E+00 3.896226695106873361E+00 3.337814480546835050E+00 3.883195942922883948E+00 4.249400871832262894E+00 4.343831603774559014E+00 5.023951015842104795E+00 6.135612655258827708E+00 4.327127989473821934E+00 4.318894627281699705E+00 3.622156043844795281E+00 3.378062170119014773E+00 3.374551748148569175E+00 2.097337328706382120E+00 2.126028723255725783E+00 2.282755476102721559E+00 2.613933022626902414E+00 2.555244142396598139E+00 2.765073879998011019E+00 3.056317172501946011E+00 2.737184280685637905E+00 2.278587328873889817E+00 1.934628257852235578E+00 1.778810607146435574E+00 2.456191301637578928E+00 2.708777962186248889E+00 3.180080127553699398E+00 2.990066129756795199E+00 2.889007240166846291E+00 3.481268693778010626E+00 2.708589351366787579E+00 2.366037168010795888E+00 2.467721307433323297E+00 1.902588156596485502E+00 1.000000000000000000E+01
1.000000000000000000E+01 1.000000000000000000E+01 1.000000000000000000E+01 1.000000000000000000E+01 1.000000000000000000E+01 1.000000000000000000E+01 1.000000000000000000E+01 1.000000000000000000E+01 1.000000000000000000E+01 1.000000000000000000E+01 1.000000000000000000E+01 1.000000000000000000E+01 1.000000000000000000E+01 1.000000000000000000E+01 1.000000000000000000E+01 1.000000000000000000E+01 1.000000000000000000E+01 1.000000000000000000E+01 1.000000000000000000E+01 1.000000000000000000E+01 1.000000000000000000E+01 1.000000000000000000E+01 1.000000000000000000E+01 1.000000000000000000E+01 1.000000000000000000E+01 1.000000000000000000E+01 1.000000000000000000E+01 1.000000000000000000E+01 1.000000000000000000E+01 1.000000000000000000E+01 1.000000000000000000E+01 1.000000000000000000E+01 1.000000000000000000E+01 1.000000000000000000E+01 1.000000000000000000E+01 1.000000000000000000E+01 1.000000000000000000E+01 1.000000000000000000E+01 1.000000000000000000E+01 1.000000000000000000E+01 1.000000000000000000E+01 1.000000000000000000E+01 3.359789854743917559E+00 3.290924094112383624E+00 4.266523415936251062E+00 3.122436596501902528E+00 2.405127842797393889E+00 2.762169302467980092E+00 2.649494298052907038E+00 3.330508128442148941E+00 3.693120050724974845E+00 3.161205479910709659E+00 2.204197181850731546E+00 1.846854485539452861E+00 2.315284903419284834E+00 2.859100873744528482E+00 3.527200940929226647E+00 3.959759698227130809E+00 4.778672639420034507E+00 3.834024876157700046E+00 3.614010782364429186E+00 3.423116684130042220E+00 2.775727644585716192E+00 2.593896716429449523E+00 2.505093180411397835E+00 2.696048157511856669E+00 3.086151557905035148E+00 3.726516093811452102E+00 3.828858318988910714E+00 2.631065214621340687E+00 3.686909638926787025E+00 3.520981866577038488E+00 3.548520836120892863E+00 5.014803865317025711E+00 7.683727389242710260E+00 6.479467580730424281E+00 6.702678765489503476E+00 6.628164255434160879E+00 6.340152185109206862E+00 6.808961712082196804E+00 6.890278254617454579E+00 7.583952091762857783E+00 8.559921805057534527E+00 6.547770015978868763E+00 7.063748381092857187E+00 5.862276754073340257E+00 5.665317760874101438E+00 5.979737022882614994E+00 7.451014616501219656E+00 9.901477425505685659E+00 8.193353860301218816E+00 7.258924958691594931E+00 7.004979568939492474E+00 5.099762055922585802E+00 5.532032403004517818E+00 5.969766634526917137E+00 5.327482125005958302E+00 5.925902102941909888E+00 5.443801028783341600E+00 5.650489896978109883E+00 7.080394020764682494E+00 6.217171934971466918E+00 6.144873187604778408E+00 5.486032704149894634E+00 5.499981203700099464E+00 5.846918036086560910E+00 6.679167250060293881E+00 6.140611976308892217E+00 4.989948370578094483E+00 4.756705817330896480E+00 5.255166028182673088E+00 4.850937018118281152E+00 3.724998383563347559E+00 4.592791181559835678E+00 4.040050453226965210E+00 4.352273424793517975E+00 3.536479487921815323E+00 3.467898475708876216E+00 3.753906236379453976E+00 3.955923204474450117E+00 5.600879819487041722E+00 4.027774135712515857E+00 5.380799203009952514E+00 4.747926994181708160E+00 4.912244373596385216E+00 4.434786937100212434E+00 3.232998373569512029E+00 3.705258392354398911E+00 2.513253503805711553E+00 2.268695759410801038E+00 1.878914839467645370E+00 2.270257334338579458E+00 1.974655556214373275E+00 2.128576387030065131E+00 2.730038713213327917E+00 2.637073819501256633E+00 2.396617521373057169E+00 1.955046914961147797E+00 2.045644172261736227E+00 1.871784311506676346E+00 2.006927832422834346E+00 2.433403178670498601E+00 2.582640040831881478E+00 3.009189202995312229E+00 2.934980046466781900E+00 3.156569876828815513E+00 3.369965125182420529E+00 3.418384937254748568E+00 2.733907214725299628E+00 1.923135202035259894E+00 1.000000000000000000E+01
1.000000000000000000E+01 1.000000000000000000E+01 1.000000000000000000E+01 1.000000000000000000E+01 1.000000000000000000E+01 1.000000000000000000E+01 1.000000000000000000E+01 1.000000000000000000E+01 1.000000000000000000E+01 1.000000000000000000E+01 1.000000000000000000E+01 1.000000000000000000E+01 1.000000000000000000E+01 1.000000000000000000E+01 1.000000000000000000E+01 1.000000000000000000E+01 1.000000000000000000E+01 1.000000000000000000E+01 1.000000000000000000E+01 1.000000000000000000E+01 1.000000000000000000E+01 1.000000000000000000E+01 1.000000000000000000E+01 1.000000000000000000E+01 1.000000000000000000E+01 1.000000000000000000E+01 1.000000000000000000E+01 1.000000000000000000E+01 1.000000000000000000E+01 1.000000000000000000E+01 1.000000000000000000E+01 1.000000000000000000E+01 1.000000000000000000E+01 1.000000000000000000E+01 1.000000000000000000E+01 1.000000000000000000E+01 1.000000000000000000E+01 1.000000000000000000E+01 1.000000000000000000E+01 1.000000000000000000E+01 1.000000000000000000E+01 3.690634685386438907E+00 3.922099011962295823E+00 3.325168783758551516E+00 4.237724437591950277E+00 3.298218359567490321E+00 2.998983794082635601E+00 2.707903345979759901E+00 2.996244026360133095E+00 3.390413598723971855E+00 2.945711042883857544E+00 2.655405636179603679E+00 2.064833346624892041E+00 2.371653466327347637E+00 2.297022068729875688E+00 3.050846871242859581E+00 3.009241903394405337E+00 3.629488098486652436E+00 4.656466793995266862E+00 4.082393534695736292E+00 3.485555862358681090E+00 3.160940313685662417E+00 2.980582632108916830E+00 2.754135104259118005E+00 2.614761464424395498E+00 3.154536041572865379E+00 3.671204949716670551E+00 3.885540058466457225E+00 4.137162699424242973E+00 3.763985230486454725E+00 3.495328979695859317E+00 3.841617634225355182E+00 4.155813909121621741E+00 5.548992810006919463E+00 6.171075658731807856E+00 6.969316731967683864E+00 7.345343971290311025E+00 6.192473063597507377E+00 6.087981089708168980E+00 7.232917491871557303E+00 6.416728424902855998E+00 6.005289855138990163E+00 7.092091212272318757E+00 6.449930870105259118E+00 7.194161028633759614E+00 6.201093912801182384E+00 5.116472630127955057E+00 5.104047270090153354E+00 6.107010107430147272E+00 6.265262943593060463E+00 7.000653925801683108E+00 6.815313478161402649E+00 6.240591698723872760E+00 6.804984931780692747E+00 5.152330994503577344E+00 6.537678917623374275E+00 6.704513440782080558E+00 7.381764765045901733E+00 6.316716353280813046E+00 5.549729582214767198E+00 6.754401295549474327E+00 7.263190873049830465E+00 6.210817801131736537E+00 5.321043204275556882E+00 4.805624508596237021E+00 4.769589877912377318E+00 4.940417327909267797E+00 5.618959523232409659E+00 4.906023350603212485E+00 4.785312697458492082E+00 5.563388663191523698E+00 4.910708229050595897E+00 5.034454500498520169E+00 4.485512544885262187E+00 3.370104694949421997E+00 3.346528746462416493E+00 3.350441784989872218E+00 3.474679646252231358E+00 4.021150915856876118E+00 4.797406679065076673E+00 4.437831867937935826E+00 3.773085996799435016E+00 4.976139038604990184E+00 5.183014654085048356E+00 5.205291376428724526E+00 4.257050019188816314E+00 3.281654185258565004E+00 3.439252464722711178E+00 2.875703146493284734E+00 2.046652543730949514E+00 2.312003915967753898E+00 2.152706228512194286E+00 2.194697575999015715E+00 2.327508896619346679E+00 2.005372412231761992E+00 1.999834466349601270E+00 1.578313063503550717E+00 1.698059556234846612E+00 2.192550215063395758E+00 2.480565665782152429E+00 2.264498807871710984E+00 3.402522963809607504E+00 3.981344935655620532E+00 3.515552203320793545E+00 2.820011702125502229E+00 3.279721051409000943E+00 4.000580948691165872E+00 3.122962991741751182E+00 3.172529467980854889E+00 2.242155775846753851E+00 1.000000000000000000E+01
1.000000000000000000E+01 1.000000000000000000E+01 1.000000000000000000E+01 1.000000000000000000E+01 1.000000000000000000E+01 1.000000000000000000E+01 1.000000000000000000E+01 1.000000000000000000E+01 1.000000000000000000E+01 1.000000000000000000E+01 1.000000000000000000E+01 1.000000000000000000E+01 1.000000000000000000E+01 1.000000000000000000E+01 1.000000000000000000E+01 1.000000000000000000E+01 1.000000000000000000E+01 1.000000000000000000E+01 1.000000000000000000E+01 1.000000000000000000E+01 1.000000000000000000E+01 1.000000000000000000E+01 1.000000000000000000E+01 1.000000000000000000E+01 1.000000000000000000E+01 1.000000000000000000E+01 1.000000000000000000E+01 1.000000000000000000E+01 1.000000000000000000E+01 1.000000000000000000E+01 1.000000000000000000E+01 1.000000000000000000E+01 1.000000000000000000E+01 1.000000000000000000E+01 1.000000000000000000E+01 1.000000000000000000E+01 1.000000000000000000E+01 1.000000000000000000E+01 1.000000000000000000E+01 2.676679941337657187E+00 3.228368186029609621E+00 3.299667155073118252E+00 3.742910292377781722E+00 2.992489869182745732E+00 3.296110214189356125E+00 3.036371760218865123E+00 3.197123765475924362E+00 3.512438089386625162E+00 3.441004162543120248E+00 3.612850465024597391E+00 2.758109100517015744E+00 1.826568113137178040E+00 1.917332275594844093E+00 2.272743684393627284E+00 3.035223260016247426E+00 3.059191717094967178E+00 3.588911638565275286E+00 3.812754659157580939E+00 4.587310484525167986E+00 4.315165953980057978E+00 3.135209579061274177E+00 3.035768180361442248E+00 3.252268806417171643E+00 2.413993113651301314E+00 3.328857779559534880E+00 3.141352790415498308E+00 4.212819579880189735E+00 5.247058747010432178E+00 5.539788104267093338E+00 4.536102503465717639E+00 4.704982642827364892E+00 3.974387975064982648E+00 4.666037031188705164E+00 6.355967266736279875E+00 6.634843701166213137E+00 6.887061399819563334E+00 7.388854523454274847E+00 5.785773808201990498E+00 6.395790825541926239E+00 6.844429341349787421E+00 5.735739601679934019E+00 6.540832397216592931E+00 6.476638825500152130E+00 8.571171179598483292E+00 7.826979373948636187E+00 6.391488669673559109E+00 5.170645666180997857E+00 5.940921205804202465E+00 5.542783077978414852E+00 5.825612979966187766E+00 6.065018562032368443E+00 6.458932556976116679E+00 7.595826548953741764E+00 7.203159886967004155E+00 6.265382152774586544E+00 7.336860810744214589E+00 6.540355749173297539E+00 5.944109664799859694E+00 6.981135152225543372E+00 6.653946251327571559E+00 7.727040234821872744E+00 7.291176583124522104E+00 7.128638239005010924E+00 5.285656875880181182E+00 4.317232089545556484E+00 5.116349164626070589E+00 5.372984961670891124E+00 4.734046225739998448E+00 3.853741942275985544E+00 5.125212903798889386E+00 4.918355359144884531E+00 4.273947941743535317E+00 4.105981930722725437E+00 3.817633383239418698E+00 3.692514359272313751E+00 3.969163763256237765E+00 4.604337844543682223E+00 3.491654953637443271E+00 4.319154505026256530E+00 4.000173142828272077E+00 3.783454280484322307E+00 4.164167911859451898E+00 4.974325896670676705E+00 5.940453566436878496E+00 5.357453084151825529E+00 4.210707826174238555E+00 4.324837178207880939E+00 3.387038393667027858E+00 3.524760593629923999E+00 2.256732753340957132E+00 2.216707583293814121E+00 1.946553484877590501E+00 1.971557598221384211E+00 2.319928082697602978E+00 1.965207575014709995E+00 2.138209019582224091E+00 1.825678179663046796E+00 2.042453500775327502E+00 2.177179438000698575E+00 2.952856937109495483E+00 2.950020615178561734E+00 3.206058530542093887E+00 3.624024195651568192E+00 3.247251653983232345E+00 3.525110915742514894E+00 3.281850368019448627E+00 3.098796637635147011E+00 3.723024720988132863E+00 3.555096540636562441E+00 2.977526209653441391E+00 1.000000000000000000E+01
1.000000000000000000E+01 1.000000000000000000E+01 1.000000000000000000E+01 1.000000000000000000E+01 1.000000000000000000E+01 1.000000000000000000E+01 1.000000000000000000E+01 1.000000000000000000E+01 1.000000000000000000E+01 1.000000000000000000E+01 1.000000000000000000E+01 1.000000000000000000E+01 1.000000000000000000E+01 1.000000000000000000E+01 1.000000000000000000E+01 1.000000000000000000E+01 1.000000000000000000E+01 1.000000000000000000E+01 1.000000000000000000E+01 1.000000000000000000E+01 1.000000000000000000E+01 1.000000000000000000E+01 1.000000000000000000E+01 1.000000000000000000E+01 1.000000000000000000E+01 1.000000000000000000E+01 1.000000000000000000E+01 1.000000000000000000E+01 1.000000000000000000E+01 1.000000000000000000E+01 1.000000000000000000E+01 1.000000000000000000E+01 1.000000000000000000E+01 1.000000000000000000E+01 1.000000000000000000E+01 1.000000000000000000E+01 1.000000000000000000E+01 1.000000000000000000E+01 3.395507416242943055E+00 2.750239194677931209E+00 3.632082710465701414E+00 3.266754076552826458E+00 3.201293358834564451E+00 2.693045059551097076E+00 3.760385856927241477E+00 4.184172883359484452E+00 3.983673027147849321E+00 4.334842127674379597E+00 4.219881312311155597E+00 3.317397078809395161E+00 2.796144887367877363E+00 1.936518901041332619E+00 2.422276671777630508E+00 2.866325261553737125E+00 2.873394092309137005E+00 3.304107535657696992E+00 3.426723474532177516E+00 4.703575688230365870E+00 4.418046923215230848E+00 4.558968963844620248E+00 3.872045158231925299E+00 3.006261695872652684E+00 2.899103844490223292E+00 3.267511400043352054E+00 3.968440587957135168E+00 4.163330844741481407E+00 4.439325107656873826E+00 4.971340796764932790E+00 6.303429021712893210E+00 5.130059600665792807E+00 4.186793763290070025E+00 3.649167550125123061E+00 4.210202193712514251E+00 5.026617693286127952E+00 5.500959970402377053E+00 6.313181673189616205E+00 6.714759381007250560E+00 6.753054038726769015E+00 6.080528028067409885E+00 6.574419818463229426E+00 5.506311046392157849E+00 5.012477871572519561E+00 7.099816372474592185E+00 6.665445920107845978E+00 5.792721315671494509E+00 5.061400708008486404E+00 5.790471220067100688E+00 5.582245934367054296E+00 5.583293138944624978E+00 4.840025408620192593E+00 6.699703692758578910E+00 8.512679608899276218E+00 7.619963041280490401E+00 8.773028479568134586E+00 7.672423551390146201E+00 7.456320256601040697E+00 6.967515923075024986E+00 6.452103396423319204E+00 6.548698686285828074E+00 7.192232687958328263E+00 7.469751230199595859E+00 7.152890019484529738E+00 5.869994194893030759E+00 4.420977888857767546E+00 4.860319241927322231E+00 5.174941101320212233E+00 4.915271069713571528E+00 5.088105277053542430E+00 4.491866778396462756E+00 4.975642821576843566E+00 4.504232800712014040E+00 3.686122148178820890E+00 3.774696300444123409E+00 3.533894976972422164E+00 3.817885265053341470E+00 4.251956034096820325E+00 4.008049959911944349E+00 3.738692971783973640E+00 3.971412274448062441E+00 3.576799943345418065E+00 3.900302685043340656E+00 3.561589690282942922E+00 5.230771760323722042E+00 5.668555781800016291E+00 5.316014669815181115E+00 4.170746521199505175E+00 3.269500696018344588E+00 3.287379873532607188E+00 2.699817023167191188E+00 2.221098262997663664E+00 2.353831155792776464E+00 2.163592109139163444E+00 2.005310924648210147E+00 2.255097787875306903E+00 2.048392975860343856E+00 2.451011668888413375E+00 2.354503228133019821E+00 1.901341470279660051E+00 2.111508499305953634E+00 3.164007563565208070E+00 3.208439622392104340E+00 2.995631029592090933E+00 4.251372517556200492E+00 2.936114092470031967E+00 4.103672986967042746E+00 3.487501617027856327E+00 4.169070364430932152E+00 4.201068486790440204E+00 3.978874301750563447E+00 3.091524274086371538E+00 1.000000000000000000E+01
1.000000000000000000E+01 1.000000000000000000E+01 1.000000000000000000E+01 1.000000000000000000E+01 1.000000000000000000E+01 1.000000000000000000E+01 1.000000000000000000E+01 1.000000000000000000E+01 1.000000000000000000E+01 1.000000000000000000E+01 1.000000000000000000E+01 1.000000000000000000E+01 1.000000000000000000E+01 1.000000000000000000E+01 1.000000000000000000E+01 1.000000000000000000E+01 1.000000000000000000E+01 1.000000000000000000E+01 1.000000000000000000E+01 1.000000000000000000E+01 1.000000000000000000E+01 1.000000000000000000E+01 1.000000000000000000E+01 1.000000000000000000E+01 1.000000000000000000E+01 1.000000000000000000E+01 1.000000000000000000E+01 1.000000000000000000E+01 1.000000000000000000E+01 1.000000000000000000E+01 1.000000000000000000E+01 1.000000000000000000E+01 1.000000000000000000E+01 1.000000000000000000E+01 1.000000000000000000E+01 1.000000000000000000E+01 2.955437117063467678E+00 3.392473994276082649E+00 3.198659648272550893E+00 3.120541590788837194E+00 3.855671795287526571E+00 3.732756713721814723E+00 3.295999018501682531E+00 2.917754646819339381E+00 3.443072318117758268E+00 3.571190606306159587E+00 4.474661457326133629E+00 4.812876307829261791E+00 4.093933117991591430E+00 3.152261774737308286E+00 3.394688973144508903E+00 2.465885837503835720E+00 2.294612721799889510E+00 2.894349301181914580E+00 3.140358591200852700E+00 4.048519983998017047E+00 3.717950148005743749E+00 4.302920118033152441E+00 4.861930815729441413E+00 4.495146295259067060E+00 4.559193264842363646E+00 3.382749414380909148E+00 4.130285153520404151E+00 4.353029378763747737E+00 5.075749466745198113E+00 4.987579283039575095E+00 4.063759162088694588E+00 4.576263773535937496E+00 4.177519268829194665E+00 4.900231145971901903E+00 4.670597815516497775E+00 4.003483472785406505E+00 5.250745750105977550E+00 6.226882331468408083E+00 5.973998400731773906E+00 6.473665386932908383E+00 5.809290346541063244E+00 6.219455357872587520E+00 5.276446085229942184E+00 6.303379145690627183E+00 6.107622539594899536E+00 6.515408153610654729E+00 5.481280460774531349E+00 5.566909132224092005E+00 5.514981851586461481E+00 5.361821161102962030E+00 5.501254645126152809E+00 5.491244769112404001E+00 5.026105439966069177E+00 4.620744636467437161E+00 5.814716242321685158E+00 7.893962556216968629E+00 7.798702418582244000E+00 8.099947528304385358E+00 8.692946178574450400E+00 7.514712359356954252E+00 6.485996876892659913E+00 5.754184721713735406E+00 5.984101768594754844E+00 7.407670540930709535E+00 7.857783083948139513E+00 7.266549480806744121E+00 5.506989099714194147E+00 4.630644888516861180E+00 5.316287839958079076E+00 4.736934162616392108E+00 4.475357302803187665E+00 4.263505075292218116E+00 5.116335859125110019E+00 6.115747212866277316E+00 5.047385710128618364E+00 5.002178265611252783E+00 4.243152614779068799E+00 3.510775857908652320E+00 4.513671199246346966E+00 4.852872605779373849E+00 4.204478369426425388E+00 3.933401931726006051E+00 3.114594187566458228E+00 3.359673328530314862E+00 2.993069029689914728E+00 4.591208350828132723E+00 4.838121293120813959E+00 5.201512156136605114E+00 5.865656201152338767E+00 3.840813290090809407E+00 3.165845135674414390E+00 2.824314368818290788E+00 2.747407014781364953E+00 2.636036457254681942E+00 2.313722436058153420E+00 2.042422143605338025E+00 2.254929051971958032E+00 2.145078552910873793E+00 2.461582475764006350E+00 3.027153402549191519E+00 2.508668293058808452E+00 1.999643968666950045E+00 2.873494607468903617E+00 2.671652751955031047E+00 3.339984572279614650E+00 2.766776077109526444E+00 4.034359416503653151E+00 3.607099356668941326E+00 3.472737150956836771E+00 3.716507197597198608E+00 3.858976897730591826E+00 4.944632366337452289E+00 3.953028849640660702E+00 3.913686085551250304E+00 1.000000000000000000E+01
1.000000000000000000E+01 1.000000000000000000E+01 1.000000000000000000E+01 1.000000000000000000E+01 1.000000000000000000E+01 1.000000000000000000E+01 1.000000000000000000E+01 1.000000000000000000E+01 1.000000000000000000E+01 1.000000000000000000E+01 1.000000000000000000E+01 1.000000000000000000E+01 1.000000000000000000E+01 1.000000000000000000E+01 1.000000000000000000E+01 1.000000000000000000E+01 1.000000000000000000E+01 1.000000000000000000E+01 1.000000000000000000E+01 1.000000000000000000E+01 1.000000000000000000E+01 1.000000000000000000E+01 1.000000000000000000E+01 1.000000000000000000E+01 1.000000000000000000E+01 1.000000000000000000E+01 1.000000000000000000E+01 1.000000000000000000E+01 1.000000000000000000E+01 1.000000000000000000E+01 1.000000000000000000E+01 1.000000000000000000E+01 1.000000000000000000E+01 1.000000000000000000E+01 1.000000000000000000E+01 3.280959905049248171E+00 3.184931185945314436E+00 3.475646382639886678E+00 3.749362291574379835E+00 3.867693724610581363E+00 3.284920876167001680E+00 3.141636161246037062E+00 3.269101356255188495E+00 2.941839207146652591E+00 3.715966438590837306E+00 4.441727808589166493E+00 4.320882606542855164E+00 5.417169716269324198E+00 3.514382309811925786E+00 3.457675088519556628E+00 3.638266765884214493E+00 3.369903197410297313E+00 2.631548873164806235E+00 3.026149276681870948E+00 3.794361604679542754E+00 4.053472701787241839E+00 5.434754828673118432E+00 5.533041605641531469E+00 5.393755521928982333E+00 5.451472902542047194E+00 4.579524071945182406E+00 4.850333208256865092E+00 4.462197314393716141E+00 4.641399007203583338E+00 4.037620629252142379E+00 4.480649994382425838E+00 3.811362945745533359E+00 3.360406852932117605E+00 4.153631293177945771E+00 3.840322795383846355E+00 4.035967395338070141E+00 4.825582747009673490E+00 5.370043196177619826E+00 6.623223643013149697E+00 7.419060948225218333E+00 5.874332947409354411E+00 5.056885122424387369E+00 5.073904520714911826E+00 4.461168971364485536E+00 5.784546180408121963E+00 5.913538582594910054E+00 5.873464452138969172E+00 6.436555314353860524E+00 7.599261562673420123E+00 6.327847222850746078E+00 6.605817311969503614E+00 5.382133352096176715E+00 5.662194660296575144E+00 6.081651353973574814E+00 5.507723517704263827E+00 5.644766972609319033E+00 7.158149563977075580E+00 8.446756244581502315E+00 8.445760132877897064E+00 8.927267202643731636E+00 7.441879742803784836E+00 5.675391746539033555E+00 5.697115548136296503E+00 5.698189783195083180E+00 5.107716072249718131E+00 7.267811384083406878E+00 7.545720756387060746E+00 7.122988516238716983E+00 5.309348987214300486E+00 5.287164111719159898E+00 5.025486442492604233E+00 4.491620331414085676E+00 4.679431266303032189E+00 4.783378187164695206E+00 3.893946352935683031E+00 3.758574163898817933E+00 5.020353230721283921E+00 3.724909667682613446E+00 4.087363810147540022E+00 4.548851362225352801E+00 3.994841917314076341E+00 3.788936935072407586E+00 3.518437650162226316E+00 3.115216934960938211E+00 3.162923780577201693E+00 3.587076423162602890E+00 4.067617876550015943E+00 5.231458512676229411E+00 4.977894135462958225E+00 4.866801942952274196E+00 3.597238277598747480E+00 3.081365741442502415E+00 3.268562885368237136E+00 2.789162218650243386E+00 3.021150621006442272E+00 2.580638183627106397E+00 2.372371330429645209E+00 2.106411997667358094E+00 2.465318587209319734E+00 2.400301860893983896E+00 2.716243011195229595E+00 2.814749579801903323E+00 2.604500056050025325E+00 2.861317015123362228E+00 3.111767147068982720E+00 3.268541033882063740E+00 3.017350106129684573E+00 3.535241863022806186E+00 3.856596238420660683E+00 3.964063242606964632E+00 4.124975276824304871E+00 3.691483096690992838E+00 4.107764778492391855E+00 3.828509437800691195E+00 3.689444466010259216E+00 1.000000000000000000E+01
1.000000000000000000E+01 1.000000000000000000E+01 1.000000000000000000E+01 1.000000000000000000E+01 1.000000000000000000E+01 1.000000000000000000E+01 1.000000000000000000E+01 1.000000000000000000E+01 1.000000000000000000E+01 1.000000000000000000E+01 1.000000000000000000E+01 1.000000000000000000E+01 1.000000000000000000E+01 1.000000000000000000E+01 1.000000000000000000E+01 1.000000000000000000E+01 1.000000000000000000E+01 1.000000000000000000E+01 1.000000000000000000E+01 1.000000000000000000E+01 1.000000000000000000E+01 1.000000000000000000E+01 1.000000000000000000E+01 1.000000000000000000E+01 1.000000000000000000E+01 1.000000000000000000E+01 1.000000000000000000E+01 1.000000000000000000E+01 1.000000000000000000E+01 1.000000000000000000E+01 1.000000000000000000E+01 1.000000000000000000E+01 1.000000000000000000E+01 2.791440817315659295E+00 2.977555469953557576E+00 3.389472821778712675E+00 3.665521844115787076E+00 3.569512652276945364E+00 3.635940293691908298E+00 3.836062194354998844E+00 3.683107078473294660E+00 4.082400472964302196E+00 3.756988838136271713E+00 3.781762688529537453E+00 4.174254398142712041E+00 4.617154627485610341E+00 4.539506691526253412E+00 4.378844939927210689E+00 3.245785522890132668E+00 3.649155942054911783E+00 3.795380025374606170E+00 3.541060762883892377E+00 3.622687331307009817E+00 3.077076122734441643E+00 3.940247649049636980E+00 3.553856602888782579E+00 4.688391080047407122E+00 4.844812415300368436E+00 5.241022020668661519E+00 6.598203408530100234E+00 5.389646355709809100E+00 5.383230162157570220E+00 4.017635867778687420E+00 4.064890891505872794E+00 4.414858440937751816E+00 4.197119802472389694E+00 4.693320378421776518E+00 3.798269972040203779E+00 4.417074120012875582E+00 4.258176104752422475E+00 4.029429201796192572E+00 3.952837385801051706E+00 4.308296727602294318E+00 4.752193329678220834E+00 5.655292168542099596E+00 4.895012657484257623E+00 4.989472485649631750E+00 5.844454573723804280E+00 5.921814591724732679E+00 5.862595608844389794E+00 6.588501413716671529E+00 7.019794048754429028E+00 7.587268555509958823E+00 7.448827493946592604E+00 6.962562445927916066E+00 6.332783441517793932E+00 6.349660984383539208E+00 6.718333156032773701E+00 6.794680015992010880E+00 6.434553798979180783E+00 5.627979093586702675E+00 8.797181186132997155E+00 7.541134792035302681E+00 8.432389346478458947E+00 7.005566474593840631E+00 5.959603045636495899E+00 5.059964675115676158E+00 4.781857051336873887E+00 4.761673932265680698E+00 6.035314114136682839E+00 6.452951232733068032E+00 5.822593137486545167E+00 5.729726821801000902E+00 4.769924874973968443E+00 4.742846901917678437E+00 4.113762362230301228E+00 4.345039816752477968E+00 4.576606940060458761E+00 5.128653175867027514E+00 3.796521958250113293E+00 4.338353036117888806E+00 3.931777820771666487E+00 3.660629261861402473E+00 4.041043739071557894E+00 4.657499571739849742E+00 4.118168699438080615E+00 3.133279670527369554E+00 3.331758722112470039E+00 2.932904216353739990E+00 3.206949725265167306E+00 4.287954276973373169E+00 4.063760599006716490E+00 4.781665408280282747E+00 5.239680958600683169E+00 4.700487000306398322E+00 3.465174615372957234E+00 2.686909959827803895E+00 2.439524984039561417E+00 3.055316527332037069E+00 2.981275509929195877E+00 2.527305889131602257E+00 2.488226391797240034E+00 2.423164857278347739E+00 1.974288343007691626E+00 2.421724664209334410E+00 2.669524307386429651E+00 2.154455619911183728E+00 2.477329337419780231E+00 2.631742952395944801E+00 3.181298021701475687E+00 3.195990110926841599E+00 3.064377935138102860E+00 3.159054621290816378E+00 3.565772332248998922E+00 3.645673918993262763E+00 3.647912840641226673E+00 3.951733403423198787E+00 4.002716736996188018E+00 3.766705017470101780E+00 3.445675125404709327E+00 1.000000000000000000E+01
1.000000000000000000E+01 1.000000000000000000E+01 1.000000000000000000E+01 1.000000000000000000E+01 1.000000000000000000E+01 1.000000000000000000E+01 1.000000000000000000E+01 1.000000000000000000E+01 1.000000000000000000E+01 1.000000000000000000E+01 1.000000000000000000E+01 1.000000000000000000E+01 1.000000000000000000E+01 1.000000000000000000E+01 1.000000000000000000E+01 1.000000000000000000E+01 1.000000000000000000E+01 1.000000000000000000E+01 1.000000000000000000E+01 1.000000000000000000E+01 1.000000000000000000E+01 1.000000000000000000E+01 1.000000000000000000E+01 1.000000000000000000E+01 1.000000000000000000E+01 1.000000000000000000E+01 1.000000000000000000E+01 1.000000000000000000E+01 1.000000000000000000E+01 1.000000000000000000E+01 1.000000000000000000E+01 2.386094153346448365E+00 2.660441039260102336E+00 2.696241961317076274E+00 3.081742696240428625E+00 3.972162066001769798E+00 3.483879522577219667E+00 4.289687148993508892E+00 4.159599726598557368E+00 4.097569272405977792E+00 4.802861871978757691E+00 4.459393520688830215E+00 4.087233619174498678E+00 3.040748079065073384E+00 4.490415374677368732E+00 4.699061857685700616E+00 4.034720342480436983E+00 4.324721908503156520E+00 3.932648565582551381E+00 3.193007339499509545E+00 3.775895384288597612E+00 3.555587556249348857E+00 3.411195570612484129E+00 3.554546000658755478E+00 2.668581436165012200E+00 3.331674491072583510E+00 3.867882228130616884E+00 4.738244749118330823E+00 4.936116150675055714E+00 6.069147467306094335E+00 4.687399816869971758E+00 4.622877850574135472E+00 4.414076123156497111E+00 4.199518819314095097E+00 4.109024162987376272E+00 4.284157266958760424E+00 4.338686250857668902E+00 3.843804784921555751E+00 4.588254162907920986E+00 4.599668430116174100E+00 5.588875202099779393E+00 4.489602457805260904E+00 4.476159005815242509E+00 4.571508230837269871E+00 4.018274550423638125E+00 4.132441032114360979E+00 4.510875069151438765E+00 5.447371780358438720E+00 5.938639154661636610E+00 6.242686860086271494E+00 6.686442846481830848E+00 6.636420077541962392E+00 5.699039404256949659E+00 7.041375834902107833E+00 7.033011282364591388E+00 6.648025824560635400E+00 5.825344226466047104E+00 6.473362381888107642E+00 6.331596362290318858E+00 5.561618539583943921E+00 5.737622797649402528E+00 6.541041784027161299E+00 5.925206677504851527E+00 7.320489144942983195E+00 5.545669309251819001E+00 5.070175476689659178E+00 5.145357152057203898E+00 5.295910252553635011E+00 5.365450978413492500E+00 5.950893136337852773E+00 4.729055390776806256E+00 4.577373423247635742E+00 5.361865799094045038E+00 4.904711552055910140E+00 4.713839464133558366E+00 5.145107421920744883E+00 4.910583278066086521E+00 5.258579812508417106E+00 4.675494698135723937E+00 3.852235535935032207E+00 3.676839929999543344E+00 5.256729282407734516E+00 4.707031499524828355E+00 4.335246585034964184E+00 3.981093621383501535E+00 3.404784694627599695E+00 4.080327388970234281E+00 3.744743433705465030E+00 3.468098684240733753E+00 3.814415207333347269E+00 4.115123234734598512E+00 5.043683915950877505E+00 5.935021315967561328E+00 4.768709554932459405E+00 3.834918231374784714E+00 4.009258106483652995E+00 2.965652569426607155E+00 3.341371024657430855E+00 3.695965074044157639E+00 2.947715319882568963E+00 2.843680379713940276E+00 2.544634027879028704E+00 2.188626480784395589E+00 2.662782238604712415E+00 2.974244417044193511E+00 2.700628143321022634E+00 2.687746156939216924E+00 2.619904231693192198E+00 2.292653740761910086E+00 2.599877000175445652E+00 3.196434570872948466E+00 3.377403358431734226E+00 2.964907874024845125E+00 3.800158635245467487E+00 3.473209494395364860E+00 3.695729772921439338E+00 3.763673640526772335E+00 5.530728698349203221E+00 4.029796511197425879E+00 3.812034016134243419E+00 1.000000000000000000E+01
1.000000000000000000E+01 1.000000000000000000E+01 1.000000000000000000E+01 1.000000000000000000E+01 1.000000000000000000E+01 1.000000000000000000E+01 1.000000000000000000E+01 1.000000000000000000E+01 1.000000000000000000E+01 1.000000000000000000E+01 1.000000000000000000E+01 1.000000000000000000E+01 1.000000000000000000E+01 1.000000000000000000E+01 1.000000000000000000E+01 1.000000000000000000E+01 1.000000000000000000E+01 1.000000000000000000E+01 1.000000000000000000E+01 1.000000000000000000E+01 1.000000000000000000E+01 1.000000000000000000E+01 1.000000000000000000E+01 1.000000000000000000E+01 1.000000000000000000E+01 1.000000000000000000E+01 1.000000000000000000E+01 1.000000000000000000E+01 1.000000000000000000E+01 1.000000000000000000E+01 2.953720409184841689E+00 3.351369051363366491E+00 2.847310629356410772E+00 3.520758283584289217E+00 3.386858520920542404E+00 5.042191730560217522E+00 5.030076478333017853E+00 4.551643404169490204E+00 4.021877304345752968E+00 4.053851564888813819E+00 4.812794182632529782E+00 4.728938967285352568E+00 4.343684827232779710E+00 3.470172432471726243E+00 3.615808228535402957E+00 3.367514096567956638E+00 4.211855420443312070E+00 3.446747511696688804E+00 3.150447545494123869E+00 3.452227940851925858E+00 3.271020342500779332E+00 3.265029190969579442E+00 3.726781645278518074E+00 3.211164744527017501E+00 3.579312966917779004E+00 3.786393189156544103E+00 4.299100545081413927E+00 4.183117428858966313E+00 4.970773959307779322E+00 5.299762004654740011E+00 5.509523515123715853E+00 4.509339094216914035E+00 4.109241943522044416E+00 3.871101810276880162E+00 3.445306940247539806E+00 4.118907524088048611E+00 4.642713435898802032E+00 4.873876275961565696E+00 4.058859006431505989E+00 5.288916405696848066E+00 5.037161882862971396E+00 4.222035781582796687E+00 3.689061706322955825E+00 3.670938814052473464E+00 4.060946426292968425E+00 4.161426985309947035E+00 4.120316243253041577E+00 5.306243199367752794E+00 4.610127379377599866E+00 5.006190310385314923E+00 4.831261820466558277E+00 5.351768504838120499E+00 5.586879618279636972E+00 6.384603359359438457E+00 6.763521622167324665E+00 6.073276423277674141E+00 6.082155180009924500E+00 6.520507908509053152E+00 7.947074807679969766E+00 5.810952581083228097E+00 5.560284025952475950E+00 5.277142522081949672E+00 4.621104856203039013E+00 5.871338434636624193E+00 4.233407066305492350E+00 5.709304988497225786E+00 5.467429790683476121E+00 6.145426320886860694E+00 5.651419457622856690E+00 5.239476094129788208E+00 5.015912879100822508E+00 5.040243048061681108E+00 4.802917035745783103E+00 5.113890268220083968E+00 5.420127058948922993E+00 4.137785581393685241E+00 4.100443484548646822E+00 5.561194921919024203E+00 4.823579444870505384E+00 3.938453202859588220E+00 3.682944509097262564E+00 3.796228671126675280E+00 3.417055082097628205E+00 3.610342954561549966E+00 3.952999264394978951E+00 3.775464838182539751E+00 3.928640845441204288E+00 3.975827607003314945E+00 4.817643426178514154E+00 4.667708146564133465E+00 4.298991649932832004E+00 5.921218255598486913E+00 6.021493508478655166E+00 5.463173579881752673E+00 4.419489497506206455E+00 4.043653984974761251E+00 3.791987622435698313E+00 2.923563021557419539E+00 3.541336845623473284E+00 2.852082466382167780E+00 2.693161839565995752E+00 2.721437296458252941E+00 3.126181965339548174E+00 3.453735138158926521E+00 3.102552698306656698E+00 3.031264139882393405E+00 2.912674601910251404E+00 3.110178721312520711E+00 2.604050315573124941E+00 2.841413269290442134E+00 3.194897622709011564E+00 3.062894276994526876E+00 3.517300917583932485E+00 3.258842033397254756E+00 3.112601997013708210E+00 3.332368063693200710E+00 3.725353398594796861E+00 4.620515488482955568E+00 5.013819575488254188E+00 4.058632586531065733E+00 1.000000000000000000E+01
1.000000000000000000E+01 1.000000000000000000E+01 1.000000000000000000E+01 1.000000000000000000E+01 1.000000000000000000E+01 1.000000000000000000E+01 1.000000000000000000E+01 1.000000000000000000E+01 1.000000000000000000E+01 1.000000000000000000E+01 1.000000000000000000E+01 1.000000000000000000E+01 1.000000000000000000E+01 1.000000000000000000E+01 1.000000000000000000E+01 1.000000000000000000E+01 1.000000000000000000E+01 1.000000000000000000E+01 1.000000000000000000E+01 1.000000000000000000E+01 1.000000000000000000E+01 1.000000000000000000E+01 1.000000000000000000E+01 1.000000000000000000E+01 1.000000000000000000E+01 1.000000000000000000E+01 1.000000000000000000E+01 1.000000000000000000E+01 2.973696954433685313E+00 4.065341025992916357E+00 3.179173454517160380E+00 4.034454629353685817E+00 3.576782321713104285E+00 3.563080442257501534E+00 3.763871898617501710E+00 5.055220234278348101E+00 5.796020895569212961E+00 6.504559541088235086E+00 4.919306918087266389E+00 4.164727984315771181E+00 4.217583632708414854E+00 3.709173805189607709E+00 3.541646522817464504E+00 3.427342122916760658E+00 3.573848756697329598E+00 3.673314439493540640E+00 3.678855915033365953E+00 3.280411487992325625E+00 3.528887191081618191E+00 2.783621927017935427E+00 3.407957502038608588E+00 3.775264911226008380E+00 3.083770721108269885E+00 3.217871745594145239E+00 3.351936577436919418E+00 3.450861486858985749E+00 3.672511104322579989E+00 4.148738194679602032E+00 4.744280795041676768E+00 6.110958699284844364E+00 5.570877408034330180E+00 4.690320357396866591E+00 4.999423757034002769E+00 4.610215206733187188E+00 3.722948553219943335E+00 3.982557565277404787E+00 3.843521885526600457E+00 4.571602999584792215E+00 4.327386252936532784E+00 5.532512316883292591E+00 6.525191409953155386E+00 4.623515220069970511E+00 3.647809300807431487E+00 3.474104339488915283E+00 3.901402277061949864E+00 3.769899042743991124E+00 4.350581660048592703E+00 4.146718721246231532E+00 4.556593530331340958E+00 4.249396011788311611E+00 4.401783802635952370E+00 4.330977957490314445E+00 5.885049434382596978E+00 5.714445745694511913E+00 5.542750667811418452E+00 5.256654504543871731E+00 5.901998874593905597E+00 7.260559317976877480E+00 6.510705758766658136E+00 5.635459243414931763E+00 6.846754795403273697E+00 5.388972674429108878E+00 4.809094422329780016E+00 5.052893629991565660E+00 4.744538638785907203E+00 6.670996629627937935E+00 5.865934822329318621E+00 5.126491825515086198E+00 6.536547337901072119E+00 4.762424127444297994E+00 5.156335584251753090E+00 5.592918363061950338E+00 4.588393403496572098E+00 4.626504649360610344E+00 4.291878694067746025E+00 3.760120852133612690E+00 4.461996652529355956E+00 4.244200412678861944E+00 3.671948735065673208E+00 4.636611485607579297E+00 4.411904548210438648E+00 3.865300772675007046E+00 3.584489256833469639E+00 2.759174597607006341E+00 3.582243801200738265E+00 4.083055943866574999E+00 3.832337893240969517E+00 3.829806299299756578E+00 4.227063955508691073E+00 5.035797048699206080E+00 4.816961868832631666E+00 5.689457720847231670E+00 6.400804121825427906E+00 6.258699825281579088E+00 5.092963365528915709E+00 4.344545871445553153E+00 3.761043892435076863E+00 3.962234428240577699E+00 4.000928189680275970E+00 3.540860918959575443E+00 3.673162015048066831E+00 3.194371288090562366E+00 3.200988650795277390E+00 3.357570686135789018E+00 2.540555029748777560E+00 2.443767295965360020E+00 2.531316962165008899E+00 2.691262706796442750E+00 2.605010194874952223E+00 3.485237851729272585E+00 3.736876882259366539E+00 3.957896205211596907E+00 3.623597985075395211E+00 3.347882491995323395E+00 3.214218636752113945E+00 2.969856384451350806E+00 3.670196199514081936E+00 4.690969530848839497E+00 3.756633149043425934E+00 4.629776340011653168E+00 1.000000000000000000E+01
1.000000000000000000E+01 1.000000000000000000E+01 1.000000000000000000E+01 1.000000000000000000E+01 1.000000000000000000E+01 1.000000000000000000E+01 1.000000000000000000E+01 1.000000000000000000E+01 1.000000000000000000E+01 1.000000000000000000E+01 1.000000000000000000E+01 1.000000000000000000E+01 1.000000000000000000E+01 1.000000000000000000E+01 1.000000000000000000E+01 1.000000000000000000E+01 1.000000000000000000E+01 1.000000000000000000E+01 1.000000000000000000E+01 1.000000000000000000E+01 1.000000000000000000E+01 1.000000000000000000E+01 1.000000000000000000E+01 1.000000000000000000E+01 1.000000000000000000E+01 1.000000000000000000E+01 1.000000000000000000E+01 3.063346718074269059E+00 2.897448117211538055E+00 2.867939973946692422E+00 3.601782291549842974E+00 2.979685565467648622E+00 3.636026749178490558E+00 3.874234823892668711E+00 3.944580883775398394E+00 5.044867188433390659E+00 4.866220368533805463E+00 5.084603747644889538E+00 4.517916071722314797E+00 4.105290530007233762E+00 3.909581851670084873E+00 3.497460658771965658E+00 3.043503042319073426E+00 3.666985901160591421E+00 3.117578961930051573E+00 3.484583136249867152E+00 4.193487625568367960E+00 3.750971545282105080E+00 3.213777938420705471E+00 2.773943789341977606E+00 3.453943562809552503E+00 3.232323466919251320E+00 3.350733110721089592E+00 3.108690520443851746E+00 2.703932249660330633E+00 3.068094939320693548E+00 3.351012704755032434E+00 4.046976591713318250E+00 4.953258017428631810E+00 4.902181161131592191E+00 5.263853186024136654E+00 4.872992992275361424E+00 4.797663786899485139E+00 4.465483703818604155E+00 3.687068161384037701E+00 3.570295949776489230E+00 4.392434948941173367E+00 4.136065645766842103E+00 4.871914873255360767E+00 5.327137449017942394E+00 5.179598250568287376E+00 4.201745693020267680E+00 3.660552129858162917E+00 3.741237203109916809E+00 3.715773791606896914E+00 3.890758258852170304E+00 4.488227861274145525E+00 4.644231583271195341E+00 4.912417038761048182E+00 4.142344887948334886E+00 5.004519700558934581E+00 5.354183042597614239E+00 4.784619373501368678E+00 5.840355271373060653E+00 7.878686564274477000E+00 5.383069538674025267E+00 5.386334111291495752E+00 7.439822573985539478E+00 5.474124617969747142E+00 5.353285313327300621E+00 5.366506505152890405E+00 4.556237510192182150E+00 4.707194799195788093E+00 5.395216957015954051E+00 5.252502939214991784E+00 6.136149625521037265E+00 6.179474611921310867E+00 5.820133889734555588E+00 6.655743700451935752E+00 4.691828575662545298E+00 4.382086723498576752E+00 4.031122237730922819E+00 3.799296498412331413E+00 3.384897786367115913E+00 4.250502719083380399E+00 4.434059351969212415E+00 3.594449244269913635E+00 3.606582527588612752E+00 3.763015849823860393E+00 4.372997659810751614E+00 3.654261132354130748E+00 3.948282967978933300E+00 2.785648038997659448E+00 2.627486951357544065E+00 3.830871260671413481E+00 3.720166438495007277E+00 3.787897273274641208E+00 5.494829117632608728E+00 4.703155107140594815E+00 6.036861221049215409E+00 5.182621501232906880E+00 4.831527165182079031E+00 5.730805016718559131E+00 6.010677731236071075E+00 5.975302772373919602E+00 5.299280706006477715E+00 5.267071262215961447E+00 5.603648956685645999E+00 4.934591354802539520E+00 4.553570702754484500E+00 4.106294703620600117E+00 3.942395735364935927E+00 3.157913983308816341E+00 3.686531751555386816E+00 3.084052927742603867E+00 2.494036039954788286E+00 2.675625005733966333E+00 2.806258581020611320E+00 2.653268796138824825E+00 3.641216846774294247E+00 3.307028393971831015E+00 4.119111147122572092E+00 5.447710787019221179E+00 4.349292069584119069E+00 3.103497664479841767E+00 2.839886965874573121E+00 3.911316441748213357E+00 4.754743043332938512E+00 4.493826136908859681E+00 4.738625062922737108E+00 1.000000000000000000E+01
1.000000000000000000E+01 1.000000000000000000E+01 1.000000000000000000E+01 1.000000000000000000E+01 1.000000000000000000E+01 1.000000000000000000E+01 1.000000000000000000E+01 1.000000000000000000E+01 1.000000000000000000E+01 1.000000000000000000E+01 1.000000000000000000E+01 1.000000000000000000E+01 1.000000000000000000E+01 1.000000000000000000E+01 1.000000000000000000E+01 1.000000000000000000E+01 1.000000000000000000E+01 1.000000000000000000E+01 1.000000000000000000E+01 1.000000000000000000E+01 1.000000000000000000E+01 1.000000000000000000E+01 1.000000000000000000E+01 1.000000000000000000E+01 1.000000000000000000E+01 3.719381580835715351E+00 3.721028089776090120E+00 3.867791065868257938E+00 3.025034654289963765E+00 2.666166287981929894E+00 2.660498373631571933E+00 2.680480480111125274E+00 2.431081012479853865E+00 3.996756853588735670E+00 4.258832674192606582E+00 5.245713509644748918E+00 4.969304830684118102E+00 4.446050726616066484E+00 4.798346972733141591E+00 3.889585484519078928E+00 3.762643500495615800E+00 3.442286531317905407E+00 3.129059847094296298E+00 3.733180665424837397E+00 3.321423507993747304E+00 4.109028199038931461E+00 4.525971926443255633E+00 4.276516870778668711E+00 3.498553987733940218E+00 3.116783328947154263E+00 2.752992538505931730E+00 2.913769461248483683E+00 3.257191377909597563E+00 3.099109287877229058E+00 2.479383850569840231E+00 2.871296409891169077E+00 3.487192700547053548E+00 4.084259667950114192E+00 4.650090439395442310E+00 4.564161043528942585E+00 5.285488583804163198E+00 4.777245023020497250E+00 4.430399604314913198E+00 3.867290272967065512E+00 4.081657301726626663E+00 3.531940589960724353E+00 4.318734843518606148E+00 4.681274357841677336E+00 4.629721307453403156E+00 5.679281912728897375E+00 4.801627909359472035E+00 3.383163757773553826E+00 3.431049396472499069E+00 3.418938968796134681E+00 3.831334947455828033E+00 3.740248204481863681E+00 5.047113867519379404E+00 5.342069444103587195E+00 5.483483312552020372E+00 4.714788861697948086E+00 4.777484222128117075E+00 4.945937644859028204E+00 5.496351887406796699E+00 6.574562241328065326E+00 6.803279504884519824E+00 5.813640966057092463E+00 5.843759449966732689E+00 4.675524161514380772E+00 5.456249785866748248E+00 5.012113278774216418E+00 4.267040975476417586E+00 4.402593281997628338E+00 5.521647369533492444E+00 6.375615804145544629E+00 6.869977931272894800E+00 6.828071775884057892E+00 5.637527239310279548E+00 4.196592929559328056E+00 5.157665336621073848E+00 4.023544351213596215E+00 3.830884815135569443E+00 3.543518489812983230E+00 3.244779957464906328E+00 3.617693796658712380E+00 4.149773166710516215E+00 3.923635895930487116E+00 4.244850834829727582E+00 4.264962945172115383E+00 4.197289731084251407E+00 4.682714907117787817E+00 4.162367541099933455E+00 3.828955162872763829E+00 3.135677832888698724E+00 3.624764569074728549E+00 3.608690156004471739E+00 2.875077680802206714E+00 3.435812632146716172E+00 4.911012063083484591E+00 5.984900084308063306E+00 6.774391026359086965E+00 7.499530829199274606E+00 6.474300175243655531E+00 6.998175939322424988E+00 6.869420897335860587E+00 5.819526342959648879E+00 5.714294757362064381E+00 7.550886809335173311E+00 8.810185085768402757E+00 8.508943929922978100E+00 6.526967248655689779E+00 6.199623794878234229E+00 5.073545006330244966E+00 4.672565595022560636E+00 4.096013213881674275E+00 2.681610933862256019E+00 3.162703768851672592E+00 2.984089358860400498E+00 2.698394701190105938E+00 2.822346971377604152E+00 3.064418709730355239E+00 3.565715271862061275E+00 3.900898919363454898E+00 3.829062996473202585E+00 3.931190504774214833E+00 3.573156435665929553E+00 4.051401576607385202E+00 3.848254847545449664E+00 3.950059883123275828E+00 3.713848513670027884E+00 4.325826027563490328E+00 1.000000000000000000E+01
1.000000000000000000E+01 1.000000000000000000E+01 1.000000000000000000E+01 1.000000000000000000E+01 1.000000000000000000E+01 1.000000000000000000E+01 1.000000000000000000E+01 1.000000000000000000E+01 1.000000000000000000E+01 1.000000000000000000E+01 1.000000000000000000E+01 1.000000000000000000E+01 1.000000000000000000E+01 1.000000000000000000E+01 1.000000000000000000E+01 1.000000000000000000E+01 1.000000000000000000E+01 1.000000000000000000E+01 1.000000000000000000E+01 1.000000000000000000E+01 1.000000000000000000E+01 1.000000000000000000E+01 1.000000000000000000E+01 1.000000000000000000E+01 3.191800812431423218E+00 3.433867598255190501E+00 3.364245092366930479E+00 3.713099164026698151E+00 2.964941985651270429E+00 3.238960814601834048E+00 2.519504663417543089E+00 2.161531028777340158E+00 2.430302648766999418E+00 3.970292413316386604E+00 5.627812390205919613E+00 5.898117974384986084E+00 5.491686096355424596E+00 5.430128097747321192E+00 4.467911271070283519E+00 3.850316337203730566E+00 3.340827416521273463E+00 3.511519374894192413E+00 3.080298583360614462E+00 2.735775402418614277E+00 2.887300959596129424E+00 3.779258534058266505E+00 4.378813308112884606E+00 3.662757679614920381E+00 3.672247835004145866E+00 3.579706481047097100E+00 3.031198146587223974E+00 2.937338916376659448E+00 3.240031885817138857E+00 2.994951680157101670E+00 2.734705783391057299E+00 2.765529276501259126E+00 3.110701867630769613E+00 3.582276951622784811E+00 3.730329349907697711E+00 5.201130319892099507E+00 5.586585104198990237E+00 5.596005669090855505E+00 4.423804738620081167E+00 4.294513511401714112E+00 4.246379560057953029E+00 3.346696554816599445E+00 4.151241101221204488E+00 3.591995100663881058E+00 4.344595644799714940E+00 4.592534055305074858E+00 4.445021078430180239E+00 3.496931123664761110E+00 3.081265469313271499E+00 3.649455308874814730E+00 3.209506327433341522E+00 4.391141685831902564E+00 3.902896269748798996E+00 3.777756033239280331E+00 5.028385882171720667E+00 4.223912730458900811E+00 4.329487026505293379E+00 4.537126677502356209E+00 5.316026981606932544E+00 5.675657015536185845E+00 5.768860047615815390E+00 5.944561517136169648E+00 5.467555310183861650E+00 4.670405938185792749E+00 5.527103947730627631E+00 4.934854608646416452E+00 4.168262898815989104E+00 4.435986605553821072E+00 4.208897683084160235E+00 5.049158151543005069E+00 7.174092960389146789E+00 6.248885895705221571E+00 5.185377850072618422E+00 4.379039443587417146E+00 4.507428449287504968E+00 3.878747190172627146E+00 3.495725303102398485E+00 3.904854045295817588E+00 3.910275457391656939E+00 3.626284988171204482E+00 3.606243714555209756E+00 4.214097771265049808E+00 4.340118838498951526E+00 4.619713421479938020E+00 4.341611024574148381E+00 4.405411948828191981E+00 3.502496229100084069E+00 4.362447708471563601E+00 3.505415052718204638E+00 3.260015603985980892E+00 3.076843686654712862E+00 3.230697651936466297E+00 4.000764072090331247E+00 4.979939042263664462E+00 5.806026488037801414E+00 7.249547437060704702E+00 7.777743330415102463E+00 6.535395629305682519E+00 6.590329910126470736E+00 7.892977348394843773E+00 6.931718731981386661E+00 7.154950767512767484E+00 8.727219665303906027E+00 9.687394132084763854E+00 8.421425950033334829E+00 7.316332043558482212E+00 6.260608503793159585E+00 6.349746759568756005E+00 4.978743318781191363E+00 4.873397413277988477E+00 4.190539059327283766E+00 4.134130093589361898E+00 3.159426006187791902E+00 3.161488874191290765E+00 2.735009888824056823E+00 3.085067874471294935E+00 3.422042317501987174E+00 3.791147236684946353E+00 4.112526826358482879E+00 3.556624204361857000E+00 3.312769723476538974E+00 4.177718963509544636E+00 3.993172651827074482E+00 3.674380775221496087E+00 3.917629903129414615E+00 4.572860376898774781E+00 1.000000000000000000E+01
1.000000000000000000E+01 1.000000000000000000E+01 1.000000000000000000E+01 1.000000000000000000E+01 1.000000000000000000E+01 1.000000000000000000E+01 1.000000000000000000E+01 1.000000000000000000E+01 1.000000000000000000E+01 1.000000000000000000E+01 1.000000000000000000E+01 1.000000000000000000E+01 1.000000000000000000E+01 1.000000000000000000E+01 1.000000000000000000E+01 1.000000000000000000E+01 1.000000000000000000E+01 1.000000000000000000E+01 1.000000000000000000E+01 1.000000000000000000E+01 1.000000000000000000E+01 1.000000000000000000E+01 3.353289343724646709E+00 3.941846282884346131E+00 3.806539519173576025E+00 3.234149844434667465E+00 3.336563911502357982E+00 3.401721862293320520E+00 3.172232783224953945E+00 2.876110259101642086E+00 2.887388427405548352E+00 2.364120775373941719E+00 2.852447539666706167E+00 4.044720173968456400E+00 4.914084841918710644E+00 5.422733304865956505E+00 5.557378437372278768E+00 4.996320606212408144E+00 5.081928073242390376E+00 4.753345747497341733E+00 3.991461331155314429E+00 3.898216062835710982E+00 2.772608407906285599E+00 2.974786457925861161E+00 2.471531182337172616E+00 3.187723266445547932E+00 3.857576273764265817E+00 3.824583801046052223E+00 2.876869676009852217E+00 3.155033618026015230E+00 3.304596209173590537E+00 2.654045261279839973E+00 2.926281813089966821E+00 2.982447998691073465E+00 3.097042383730086446E+00 2.823169520010293976E+00 3.121057076344476933E+00 2.974409930673445945E+00 3.698648894801831677E+00 5.286840464345452517E+00 4.690207238042622961E+00 5.840265193282049516E+00 4.745158965756659519E+00 4.624356300007034903E+00 4.448776444844100730E+00 4.005856645716304953E+00 3.677858589379132237E+00 4.316971998059170978E+00 4.470466764490547362E+00 3.829979107703525898E+00 3.466949712550762008E+00 3.220547062177995024E+00 3.146694851619981748E+00 3.497585576380473515E+00 3.367229565958195892E+00 3.434845229236029862E+00 3.754538063192208508E+00 3.948513326464927253E+00 4.063148252661498816E+00 4.138130769136735054E+00 3.775711300908546342E+00 4.669069672798006998E+00 5.460550956532701505E+00 4.271395163049203525E+00 5.465904242840259997E+00 6.587390968796154489E+00 5.878027944396126969E+00 5.019183505715058224E+00 4.333446667907316474E+00 3.966193232112420919E+00 4.223263684370506255E+00 4.055574453885652630E+00 4.246210069227650763E+00 4.925861771569798542E+00 5.412304066149471460E+00 5.812900198622344305E+00 4.519050092426711629E+00 4.716682713659997361E+00 4.397613809985104538E+00 3.631078265597759369E+00 3.012234895463800299E+00 2.846794001138467145E+00 3.246051410885493649E+00 3.464767731896428948E+00 3.820121177875653640E+00 4.136396499155310380E+00 4.129859480164211227E+00 4.208140242606608794E+00 3.531592926301724944E+00 3.394020513048541687E+00 3.573485800745309859E+00 3.427918261912198616E+00 3.675086679670262590E+00 3.503965631796087887E+00 3.481516015338900871E+00 3.389395931629606729E+00 4.267388646392729079E+00 5.791698398541832660E+00 6.199888587406369389E+00 6.160445478707591072E+00 5.910804613030888888E+00 5.998063133239416977E+00 7.045765051459767392E+00 7.971455307229701859E+00 7.838279503126096337E+00 7.884243306417149988E+00 8.849548888901258792E+00 9.241482521208240541E+00 9.142228652520037357E+00 7.169433968227498788E+00 6.014610398604236963E+00 5.384485493777793508E+00 5.220900997615922634E+00 5.222852264932662081E+00 4.266744696485253563E+00 3.818948141977120514E+00 4.121164476892583473E+00 3.683299369199664497E+00 2.533065917805358946E+00 2.897359039133818648E+00 3.136104946762285461E+00 3.294177691381603434E+00 3.891249564160172536E+00 3.751323525298409400E+00 3.113175219864281029E+00 3.781991626434165976E+00 3.120468114439712171E+00 3.528608436226832623E+00 4.195503310490175330E+00 4.529157221877269990E+00 1.000000000000000000E+01
1.000000000000000000E+01 1.000000000000000000E+01 1.000000000000000000E+01 1.000000000000000000E+01 1.000000000000000000E+01 1.000000000000000000E+01 1.000000000000000000E+01 1.000000000000000000E+01 1.000000000000000000E+01 1.000000000000000000E+01 1.000000000000000000E+01 1.000000000000000000E+01 1.000000000000000000E+01 1.000000000000000000E+01 1.000000000000000000E+01 1.000000000000000000E+01 1.000000000000000000E+01 1.000000000000000000E+01 1.000000000000000000E+01 1.000000000000000000E+01 1.000000000000000000E+01 4.039022369909992527E+00 3.509577382387638611E+00 3.564249730419629891E+00 3.606355883467741386E+00 3.450877513341531255E+00 3.291216410430834127E+00 2.964996079443502630E+00 3.449928569759208141E+00 3.149261787779207289E+00 3.365326473083124270E+00 3.451383865338508272E+00 3.216458557404998864E+00 4.314145804278676444E+00 5.070789057337052874E+00 5.568966985623910126E+00 5.044364312762427360E+00 5.526188577258781542E+00 5.536088445512586276E+00 4.401342426212429437E+00 3.886695414352684619E+00 3.280179583802203869E+00 3.294893128296061402E+00 3.130872445763210443E+00 3.109642245135559868E+00 3.424929938398654894E+00 4.007640614287302228E+00 3.410132599012399179E+00 3.620357039037753744E+00 3.632391658201852724E+00 3.434080770267863070E+00 2.705603079084067275E+00 3.114224446940039304E+00 3.484071292586580881E+00 3.025946163554740220E+00 3.608981936861498152E+00 3.459721192729809491E+00 3.403916674258357755E+00 3.647070962470171374E+00 4.107314540759569255E+00 5.436305333075677204E+00 5.151331294095167657E+00 7.902504610957644893E+00 6.636482006007076606E+00 5.095993269417893323E+00 3.923841764604745652E+00 3.558828234106260258E+00 4.719683486663015515E+00 4.765281580822255947E+00 3.985556396574308824E+00 3.506936720589331369E+00 4.121206026467982397E+00 3.075205245535997722E+00 3.254804002575135691E+00 3.919596561390942036E+00 3.622015139807655437E+00 3.865179222585592100E+00 3.734215741064403904E+00 3.868608755971289614E+00 3.298153927877501168E+00 3.708580239339211548E+00 3.714696000468269865E+00 4.535979242013919333E+00 3.428018566856026350E+00 4.965929608589399358E+00 5.057521212885511375E+00 4.785566695889894362E+00 4.342277987107250325E+00 3.374372109239203610E+00 3.377467799890467415E+00 3.425338477374162860E+00 3.026953594724206109E+00 3.633548712106984269E+00 4.051367460990683789E+00 3.861764391379280070E+00 5.170112426824418073E+00 3.905977047649624723E+00 3.480217252813191386E+00 3.258881955365196870E+00 2.720474625084454701E+00 3.226739155931920511E+00 2.646311496486793313E+00 2.834734522501172638E+00 2.761625007001684562E+00 3.682291041172436774E+00 3.802910275638266224E+00 3.648599514198117788E+00 3.979151467551963695E+00 3.404546800296172293E+00 3.078871093606608600E+00 3.738505784174654067E+00 3.574568976692829025E+00 3.787001616957526462E+00 3.673436562634074143E+00 4.179894410359580093E+00 4.637470996384950972E+00 4.781672277666539017E+00 5.664862702924023274E+00 5.881635946422685279E+00 4.775962932677595418E+00 5.180062332634323141E+00 6.369465938083284762E+00 5.111721063309971669E+00 7.739275092886519047E+00 8.055304330288288739E+00 7.542672266013079607E+00 7.938757939525338259E+00 9.812021798841644937E+00 1.037229337675150553E+01 8.819107739532144663E+00 7.806957122360417500E+00 7.829579728221229828E+00 6.158654976095958133E+00 5.801791977253929922E+00 4.072282650273733040E+00 3.877093783783766234E+00 3.825586520979796568E+00 4.846116594772344577E+00 3.305402939343063728E+00 2.380466448110259314E+00 2.750629226287663265E+00 2.500243131770228722E+00 3.425295151863351428E+00 3.596055903022067124E+00 3.619015625143038761E+00 3.880065114088961931E+00 3.572222200330401609E+00 4.329375525158885907E+00 4.040001935434441194E+00 4.788737391551640243E+00 1.000000000000000000E+01
1.000000000000000000E+01 1.000000000000000000E+01 1.000000000000000000E+01 1.000000000000000000E+01 1.000000000000000000E+01 1.000000000000000000E+01 1.000000000000000000E+01 1.000000000000000000E+01 1.000000000000000000E+01 1.000000000000000000E+01 1.000000000000000000E+01 1.000000000000000000E+01 1.000000000000000000E+01 1.000000000000000000E+01 1.000000000000000000E+01 1.000000000000000000E+01 1.000000000000000000E+01 1.000000000000000000E+01 1.000000000000000000E+01 1.000000000000000000E+01 3.887029866207055928E+00 3.977432690989398001E+00 3.685775469692262440E+00 3.685159073968745869E+00 3.831800147887301833E+00 3.650002194145311574E+00 3.461689905754702590E+00 3.739002071341973377E+00 2.889521728430665792E+00 3.419181305775970348E+00 3.367114447126090315E+00 2.998219757437956101E+00 3.876969489455605711E+00 3.928661475431928896E+00 4.751637329436504409E+00 6.903153712614045645E+00 5.062223402262433503E+00 5.238276193134522529E+00 5.027478209205303195E+00 4.281120142745128199E+00 3.554634036930691465E+00 3.314758721692944832E+00 3.214490536440431701E+00 3.056376238334322260E+00 3.294884882950378735E+00 3.421274336113488079E+00 3.183022651212653820E+00 3.058732257360783358E+00 3.228732881670198118E+00 2.713438021060666561E+00 3.163735626420873803E+00 3.025628102338035141E+00 3.618518355910958384E+00 3.644744914538962099E+00 4.461508850195754050E+00 4.377306838184255255E+00 3.128912512594603346E+00 4.485479564289226673E+00 4.082465763713102547E+00 5.181918900432650688E+00 5.888797048511916543E+00 5.388663533161212271E+00 5.737268019489226489E+00 5.641183470525520605E+00 5.545886579355078005E+00 4.870922000199979784E+00 4.257906964785560966E+00 5.219924920714237970E+00 5.657997858525418700E+00 4.627926923328117503E+00 3.361710791182868086E+00 3.203309140770339791E+00 3.854266454469940761E+00 3.023908477442322607E+00 4.076267351451616783E+00 3.947037315327071028E+00 4.303233910828219599E+00 4.000534525790138574E+00 3.893390019498423005E+00 3.214684525169356100E+00 2.813545627216724299E+00 3.591123748120060633E+00 3.825302790176281054E+00 3.725077519187830255E+00 3.749290749255083544E+00 3.995980155732530292E+00 3.500405894950620045E+00 3.777230738311298186E+00 3.607723829898187073E+00 3.274444301444931593E+00 2.911513102830912914E+00 2.901836763204396874E+00 3.033602286530816539E+00 2.854676255488513004E+00 3.618116033728161707E+00 4.038135594207897583E+00 3.611067491049512856E+00 3.614074406130899142E+00 2.757342977489770863E+00 2.998982556207385297E+00 2.680083332351425707E+00 2.530428401646604541E+00 3.055710669966332116E+00 3.160760485887513127E+00 4.009660400235754096E+00 4.448147271110882706E+00 5.576306472911098489E+00 3.435669286208151707E+00 2.862660673599590755E+00 2.516152151096100020E+00 3.444151842212589187E+00 4.068783043654275566E+00 4.431095223627501412E+00 4.721874430762924568E+00 4.593095389685528218E+00 4.240609601554440111E+00 4.114557905942446858E+00 5.359637806395220139E+00 5.878380099339159059E+00 4.195856402303970611E+00 4.720034365720756853E+00 5.616377967693847673E+00 5.563326797281705538E+00 6.837526984896924453E+00 7.349079073931582329E+00 8.859803688232041452E+00 8.413336899932700064E+00 8.257784732934934979E+00 9.609137157978366872E+00 8.710498517715643985E+00 9.060959951861830675E+00 7.562716954299553151E+00 6.296676079154670980E+00 4.709734236572688637E+00 4.555978144101022309E+00 4.056243225950361797E+00 4.339257812044206908E+00 3.624475639831049367E+00 3.780590413773024405E+00 3.239286903879688762E+00 3.258551058856574034E+00 3.369290291634158496E+00 4.015427090441352043E+00 3.634163069382180034E+00 3.540590527001962418E+00 4.149685396662254888E+00 5.017115162952950236E+00 4.563708004902515825E+00 4.661482384216951047E+00 4.262150542547316512E+00 1.000000000000000000E+01
1.000000000000000000E+01 1.000000000000000000E+01 1.000000000000000000E+01 1.000000000000000000E+01 1.000000000000000000E+01 1.000000000000000000E+01 1.000000000000000000E+01 1.000000000000000000E+01 1.000000000000000000E+01 1.000000000000000000E+01 1.000000000000000000E+01 1.000000000000000000E+01 1.000000000000000000E+01 1.000000000000000000E+01 1.000000000000000000E+01 1.000000000000000000E+01 1.000000000000000000E+01 1.000000000000000000E+01 1.000000000000000000E+01 3.010564349709499155E+00 3.648126887685274156E+00 4.563254239602358098E+00 3.812506741474286809E+00 3.588653569244197872E+00 3.825550025445068059E+00 3.690203756673438473E+00 3.864554756126565405E+00 3.661637486201542835E+00 3.500000824985755710E+00 3.227647198640822168E+00 2.808318185318554150E+00 2.764192879117360224E+00 3.706762922382775383E+00 3.778770465335659967E+00 5.222061736307227697E+00 5.250374365302667101E+00 4.863113739096626809E+00 5.209404007433322548E+00 4.828180839430888049E+00 4.251134689396181443E+00 3.087249427136946611E+00 3.373348018338849119E+00 3.112108549580274275E+00 3.475586110466978074E+00 3.727769433600795601E+00 3.570165768781457416E+00 2.860434007764427022E+00 2.714657543444052301E+00 2.768562157534247170E+00 3.360084938822218259E+00 2.744341670990070980E+00 3.113292363525347106E+00 3.297335262126880551E+00 3.790017168779239665E+00 4.128722968190364107E+00 4.248290021745118494E+00 4.537965587354405805E+00 4.701518691279884088E+00 4.726123565850023134E+00 5.852846482003722706E+00 5.679557650008179692E+00 5.074409965329784278E+00 5.444698512015118119E+00 5.469887385630327614E+00 5.229343696239921790E+00 4.673836380392188516E+00 4.836968699770769931E+00 5.613122945779881690E+00 4.715193243858504246E+00 3.746609537134842682E+00 4.002650824028485488E+00 3.680795799279822589E+00 3.787838454117680609E+00 3.951760891980257373E+00 4.653259254114956889E+00 3.559951712455797335E+00 4.204092094888991937E+00 4.716637128651374411E+00 3.800934006668791998E+00 3.546435719769549078E+00 3.297862239172924870E+00 3.385533149092391891E+00 3.471013665551542005E+00 3.693999786336660041E+00 3.718911015933890507E+00 4.363114211514357521E+00 3.539512975913120307E+00 3.129065082487611171E+00 2.989154643557454083E+00 2.355406252002366418E+00 3.042526147221232158E+00 2.658946847404186631E+00 3.224143942810172803E+00 3.540608928556266743E+00 3.714374277685284387E+00 5.379015502438284635E+00 3.978732351550315016E+00 4.362088905569932784E+00 3.121340319261106888E+00 3.028138142601839888E+00 2.810813711316131780E+00 3.004897365361285821E+00 3.188497435912497124E+00 3.471276303382851758E+00 4.593123768869408430E+00 4.349381084442659251E+00 4.040227199981550221E+00 3.356522281951065168E+00 3.023303424731410782E+00 2.604090438019325937E+00 2.992196095949112067E+00 4.068021603058080693E+00 4.153158664777705233E+00 5.351061069222810218E+00 4.153381666125292249E+00 4.005558616891475410E+00 4.464752635214799703E+00 5.450807562127538475E+00 4.890293238150029254E+00 5.498074397335191321E+00 5.736053408628787764E+00 6.596919412654676407E+00 5.540167746706884166E+00 6.821771761815804247E+00 8.270012348078727982E+00 8.469221444563878265E+00 8.652294407552387767E+00 9.728460529468392792E+00 8.544876630553224217E+00 9.570296935384103421E+00 9.591751409519192251E+00 6.789460759431279691E+00 5.125734491739034837E+00 4.161685535503472977E+00 4.559698188016828801E+00 4.664401973802037027E+00 4.769347364667423150E+00 4.252562986237715670E+00 3.839818384062688494E+00 3.852211801815724090E+00 3.330523260789937101E+00 3.131700269559098082E+00 4.604172330871736385E+00 4.138699571719883785E+00 3.923932357756735101E+00 3.985238444708339323E+00 4.294218243202387875E+00 3.746313754381330519E+00 4.479038850293253660E+00 4.815847701591221330E+00 1.000000000000000000E+01
1.000000000000000000E+01 1.000000000000000000E+01 1.000000000000000000E+01 1.000000000000000000E+01 1.000000000000000000E+01 1.000000000000000000E+01 1.000000000000000000E+01 1.000000000000000000E+01 1.000000000000000000E+01 1.000000000000000000E+01 1.000000000000000000E+01 1.000000000000000000E+01 1.000000000000000000E+01 1.000000000000000000E+01 1.000000000000000000E+01 1.000000000000000000E+01 1.000000000000000000E+01 1.000000000000000000E+01 1.000000000000000000E+01 2.531354715938511912E+00 3.439079857294406128E+00 4.408974126889351197E+00 4.354720442509933953E+00 4.325222121511510309E+00 3.560370255583436450E+00 4.011354903781276349E+00 4.203602390608151218E+00 4.506568161200674716E+00 3.776484009040116607E+00 3.381032179999294396E+00 3.268460992747052707E+00 2.683429153583083426E+00 3.845383694505380312E+00 3.402394729989915767E+00 4.333203031631124524E+00 4.696829270651703858E+00 4.796806241851125030E+00 4.257533921845576330E+00 3.867802169329775275E+00 3.743783765021410304E+00 3.073764289877191747E+00 3.371016001686030439E+00 3.570514973623239552E+00 3.487996241367508965E+00 3.647141977643390209E+00 3.613314370990795332E+00 3.082808169556089606E+00 4.086719468947499934E+00 4.385184192690071647E+00 3.891505588892098633E+00 3.498418262009389323E+00 3.480301806103507811E+00 3.448525029005680143E+00 4.269956189926096712E+00 4.455215507463385904E+00 4.517770928319417401E+00 4.888242238809770157E+00 5.401653512787991218E+00 6.321996887627326700E+00 5.473030904869649049E+00 7.072665932318031423E+00 6.700236410430941092E+00 5.701273483678391152E+00 5.231696838056082655E+00 4.316760746339290300E+00 3.926213623705479883E+00 3.942596826363463425E+00 4.290726839450777597E+00 4.496762901273609891E+00 4.146333864716980067E+00 4.117569433770361442E+00 4.270892957550111113E+00 4.474187598093257279E+00 3.358029643703611899E+00 3.608621303982814776E+00 3.432858261423782587E+00 4.238029549965084186E+00 3.996172921734205907E+00 3.391795802794081105E+00 2.871462525721052206E+00 3.216996308869340737E+00 3.889344856971092224E+00 3.217790356269900620E+00 3.244349289908169176E+00 4.064825995026399852E+00 3.651257402611101543E+00 3.384423429610508016E+00 3.406050791270167633E+00 2.665642653972951859E+00 2.462693431418049972E+00 2.339844906898501886E+00 2.763435501729967658E+00 3.000985068721210958E+00 3.048591680223022848E+00 3.348044311695284048E+00 3.778518428200383639E+00 3.876681292630618891E+00 3.492719559092874348E+00 2.857526826636744399E+00 3.081507302692459760E+00 3.537277009674575812E+00 3.424979433803891471E+00 3.734835874425055824E+00 3.588458911388572314E+00 4.189042103983123155E+00 3.597772385930159356E+00 3.474322064629618456E+00 3.764693427041700957E+00 3.116815569752915849E+00 3.040607837994245166E+00 3.731993868949823323E+00 4.028553392300210589E+00 4.291965597464420412E+00 4.801601353800694305E+00 3.933264055301937567E+00 4.240575536210243968E+00 4.378490951165142420E+00 4.370048815037884005E+00 4.361932510985914391E+00 4.256421862032047976E+00 4.863452953899629172E+00 5.591705128013715331E+00 6.767755096252509261E+00 6.816770806864005827E+00 7.228238699574325743E+00 6.222259342178040775E+00 1.008180747707927516E+01 8.050922896745809965E+00 8.531244895834786846E+00 8.714623465050181039E+00 6.431439278669913939E+00 6.147527996194793509E+00 5.622292625148781475E+00 4.410460155049457320E+00 4.290817800061331511E+00 4.343681748560734412E+00 4.279126043399370083E+00 4.081217775074061471E+00 4.254745599253692667E+00 3.908243384970819356E+00 3.141642802059475326E+00 4.057038273328142708E+00 4.242807272662407314E+00 4.450916306956235857E+00 4.013247538877727116E+00 3.800094198099743803E+00 4.748119458468671006E+00 4.835198885143831227E+00 5.095941311601542623E+00 4.876837974057460556E+00 1.000000000000000000E+01
1.000000000000000000E+01 1.000000000000000000E+01 1.000000000000000000E+01 1.000000000000000000E+01 1.000000000000000000E+01 1.000000000000000000E+01 1.000000000000000000E+01 1.000000000000000000E+01 1.000000000000000000E+01 1.000000000000000000E+01 1.000000000000000000E+01 1.000000000000000000E+01 1.000000000000000000E+01 1.000000000000000000E+01 1.000000000000000000E+01 1.000000000000000000E+01 1.000000000000000000E+01 1.000000000000000000E+01 2.318932021071697047E+00 2.288504919976718011E+00 3.153885980565720448E+00 4.499322246289498395E+00 4.292577035285140674E+00 4.120804363754436039E+00 4.236684991551250334E+00 5.051875243997304032E+00 5.165680073810970718E+00 5.268070942331458006E+00 4.146450719152669606E+00 4.157153196357176839E+00 3.271484996196384554E+00 3.418760393191262459E+00 3.858170977883861319E+00 3.440283357488335803E+00 3.785969540856452653E+00 3.871730959145332829E+00 3.805984843498395165E+00 3.953820974682421774E+00 4.073564290880964833E+00 3.665253627696220207E+00 3.616085628241319405E+00 3.932977497456236371E+00 3.887726867915102247E+00 3.877839704133537957E+00 3.666947314135591718E+00 3.572228385753394075E+00 4.480482777922689230E+00 4.887689247745837129E+00 4.513149649093852744E+00 4.682141441355764044E+00 3.929810295879457183E+00 3.940609499519857728E+00 4.740092122690700904E+00 4.636579656683993633E+00 5.247476250451079238E+00 5.968327826217267429E+00 5.785285801443645681E+00 5.980846997877410587E+00 7.593918413152915825E+00 5.087280669741343964E+00 5.657050886320632799E+00 5.294557608871738097E+00 5.726466378588273010E+00 5.919387300342973113E+00 5.041612425628941629E+00 3.476647446782237694E+00 3.742505784766901655E+00 3.640003550843327496E+00 4.383373635959468828E+00 4.167297920143862022E+00 4.213617469303533092E+00 5.606005552662158387E+00 4.290066866169579107E+00 3.727762955573601822E+00 3.417127393540825508E+00 3.357099890997224723E+00 2.714163003504209026E+00 3.478200014333623358E+00 2.707766195862894243E+00 2.637647323404836541E+00 3.909646967056934930E+00 3.862331924319144516E+00 3.885905083612824829E+00 3.458054309477950561E+00 3.904735655882960010E+00 3.599033257547230136E+00 3.164646677671643982E+00 3.150810873160581060E+00 2.735082960940509178E+00 2.638709296668328097E+00 2.598127977948286205E+00 2.298819541330413774E+00 2.018079078983854302E+00 2.590179895788386588E+00 3.075206852100022648E+00 3.461418110547806126E+00 3.658625998517767375E+00 3.306573955180224456E+00 2.733572892726865877E+00 3.133997743050070728E+00 2.862850886545596829E+00 3.698576836842786708E+00 3.278205757414299093E+00 3.519486878587525069E+00 4.116740232316493220E+00 4.013241135465465348E+00 3.986361546359850738E+00 3.702928439784685999E+00 3.944083179440207587E+00 3.370629956015688933E+00 3.814186691341565183E+00 4.753294016522205290E+00 4.470476379118059285E+00 4.385162636658577640E+00 4.538659204166193284E+00 4.710001474043918002E+00 5.166576501569777768E+00 4.356428822364049935E+00 4.818674866600639817E+00 4.859635144233702242E+00 5.558710614355939938E+00 5.484489823062327574E+00 7.531899732780754420E+00 8.020623950839016914E+00 7.390489387920202269E+00 7.357475842026603097E+00 7.492702653403449098E+00 7.272238589599110625E+00 7.378600624945508279E+00 7.776126560088444606E+00 6.245786259004842300E+00 5.038196769660594043E+00 4.558317590520807094E+00 4.589556765523794546E+00 4.218557509074702949E+00 3.915215376453632157E+00 4.594112007987657620E+00 4.735446671385501460E+00 4.151217002615844365E+00 3.818970065982399298E+00 4.748902218628891170E+00 4.549466689130507113E+00 4.480311574903466543E+00 5.400225247357844260E+00 4.528539433333061304E+00 4.891523152128543828E+00 5.109010260710737938E+00 4.650161058622399146E+00 5.563744093621346920E+00 4.518443245057923718E+00 1.000000000000000000E+01
1.000000000000000000E+01 1.000000000000000000E+01 1.000000000000000000E+01 1.000000000000000000E+01 1.000000000000000000E+01 1.000000000000000000E+01 1.000000000000000000E+01 1.000000000000000000E+01 1.000000000000000000E+01 1.000000000000000000E+01 1.000000000000000000E+01 1.000000000000000000E+01 1.000000000000000000E+01 1.000000000000000000E+01 1.000000000000000000E+01 1.000000000000000000E+01 1.000000000000000000E+01 1.000000000000000000E+01 2.075869378303211832E+00 2.177190624147985254E+00 2.745658314051471649E+00 3.322408576357569476E+00 3.793245042084259833E+00 4.523885161882777339E+00 5.065306901393486605E+00 4.199244144048128291E+00 5.022858795754343575E+00 4.849004535612709610E+00 4.130393246191235157E+00 4.736147173656165776E+00 4.760454672407115062E+00 3.875696243069958857E+00 3.904773803698934564E+00 3.305096504107343680E+00 3.165773974667003721E+00 3.778501280966799492E+00 3.656195899629434809E+00 4.246143531229171764E+00 4.474150177320806776E+00 4.431958121830271047E+00 3.553709161134199768E+00 3.866010986934478755E+00 4.392920132412829304E+00 4.146442758105791881E+00 3.863993301866119445E+00 3.560890963308627200E+00 4.564639846677247093E+00 4.472717064320343106E+00 4.976281039328749323E+00 4.859620730961616175E+00 4.032995474432319760E+00 4.326980546884824363E+00 4.872557666862246784E+00 4.416151220745877737E+00 4.621955324500421902E+00 5.492828862531086820E+00 5.358199489169511942E+00 6.370302240274186900E+00 6.349286290023481882E+00 6.089020373394137486E+00 6.848043039401324528E+00 5.450285126823403381E+00 6.420318201237810385E+00 5.901558190456162478E+00 5.247106494329949022E+00 4.910401666526948539E+00 4.627631517739234646E+00 4.312972811257790973E+00 3.833062573432168385E+00 4.077063399379310837E+00 5.199696420074757519E+00 4.726650879342320977E+00 4.361766084809550748E+00 3.182313711362413589E+00 2.808744680334839483E+00 2.791181267643615183E+00 2.776628762603107869E+00 2.861417099679851361E+00 2.411293923649910464E+00 2.829144508820492288E+00 3.462397626110439219E+00 3.748477499772274069E+00 3.971480057403942165E+00 4.085139022813704557E+00 4.282122216992902963E+00 3.901414196313828242E+00 3.592549453245130309E+00 3.296608285373504366E+00 3.172547676911690040E+00 2.131610566735535173E+00 2.465503718153384316E+00 2.330515195133953110E+00 2.617741988846363554E+00 2.679526875112378637E+00 2.990847603145561084E+00 3.361714097994370043E+00 3.677978436579386390E+00 3.053047847257444047E+00 2.546064652779444160E+00 2.805710954202526253E+00 3.218150456190662201E+00 3.229960877929693552E+00 3.294752357727632308E+00 3.342426426356302827E+00 3.825496107899353238E+00 4.079209859670021920E+00 4.778275984881519278E+00 4.557759176024745784E+00 4.905259693884682193E+00 4.566438734077350681E+00 4.060657583433727957E+00 4.362297599726657538E+00 4.765974844836989632E+00 4.814054998971100119E+00 4.167738802325382963E+00 4.841941783179806613E+00 5.224288939677590449E+00 5.153218243513232544E+00 5.889737407131536706E+00 5.979753169029914162E+00 5.881318016049936759E+00 6.761566344088566716E+00 7.017357401431285169E+00 7.534972972563985572E+00 7.619066921058861297E+00 5.736138158558638622E+00 7.065709640895556198E+00 6.045973074566592054E+00 6.738443879372575829E+00 6.805287745195431448E+00 6.802520267402296206E+00 5.494998294709809272E+00 5.430543005427127312E+00 4.712879104770516747E+00 3.887268367486279796E+00 3.845981339720892400E+00 3.870175626211833197E+00 4.713836874355256334E+00 3.622393661046308999E+00 4.293285202826733205E+00 4.302163284984402480E+00 3.926842577189620709E+00 4.152435556734631383E+00 5.045023110519461618E+00 4.751374315554742545E+00 4.503207704763642738E+00 5.245354686967012015E+00 5.001509972666425163E+00 4.775999370565010338E+00 4.093446363317572612E+00 1.000000000000000000E+01
1.000000000000000000E+01 1.000000000000000000E+01 1.000000000000000000E+01 1.000000000000000000E+01 1.000000000000000000E+01 1.000000000000000000E+01 1.000000000000000000E+01 1.000000000000000000E+01 1.000000000000000000E+01 1.000000000000000000E+01 1.000000000000000000E+01 1.000000000000000000E+01 1.000000000000000000E+01 1.000000000000000000E+01 1.000000000000000000E+01 1.000000000000000000E+01 1.000000000000000000E+01 1.000000000000000000E+01 1.761408587012950333E+00 2.160899200807611109E+00 2.508691015088888143E+00 2.783717973951149727E+00 3.645184137795766333E+00 4.063387996772865662E+00 4.186025328711489024E+00 4.411480163987320680E+00 5.166177879003768680E+00 5.659771130038470766E+00 5.125705344972049993E+00 5.511501114258139822E+00 5.198414405096515090E+00 4.616186162892105926E+00 3.449698143307961207E+00 3.469362682603946979E+00 3.778429179369267032E+00 3.946893017796980097E+00 3.092493090129913469E+00 3.847616496519126628E+00 4.149972842127571226E+00 3.411477165829648328E+00 3.169496019192637792E+00 3.182125041737631221E+00 3.826391538960169481E+00 4.964961670596570009E+00 3.341558970735861056E+00 3.694063057904451330E+00 4.304064628817817706E+00 3.476900678159656977E+00 4.634828229384364562E+00 5.460101432112265840E+00 4.094517528977283050E+00 5.229094291207024625E+00 4.551418507953894022E+00 5.214091981348929927E+00 5.879788448294835490E+00 7.115550011692812760E+00 5.978504672109525409E+00 6.442186597900264822E+00 6.636951829025687921E+00 6.458251562386835509E+00 6.426946153242741211E+00 5.785657462167073106E+00 5.751251500767440739E+00 5.023169344107920153E+00 5.057491616087352426E+00 4.856399181207103233E+00 4.563293827799388858E+00 4.594569159161684624E+00 4.414859162334433762E+00 4.127949464882656017E+00 4.858960447461609711E+00 3.900403377877420308E+00 3.788973098724344624E+00 2.651262043302100579E+00 2.690220815736581450E+00 2.477344927647461503E+00 2.217934241623044755E+00 2.728094406119095261E+00 2.567630512941061038E+00 2.663336395135009305E+00 3.171769852727485794E+00 3.468212915074933012E+00 3.562827656139496479E+00 3.445994598090503125E+00 3.956285182293267422E+00 3.797334109839956895E+00 4.196411751286277969E+00 4.635512004218223403E+00 3.856021166437227699E+00 2.680258330622851126E+00 2.334140376438751385E+00 2.678750673021316420E+00 2.893306971256099924E+00 3.225459121612884950E+00 3.029183091828331786E+00 3.180370518053325490E+00 3.706889267093120832E+00 3.185870897384235789E+00 2.822210199421569587E+00 3.239035130583814759E+00 3.635797723660000980E+00 3.334188370019250502E+00 3.064780230123575588E+00 3.295670553474852937E+00 4.037604517732585663E+00 4.056232800692872509E+00 4.739668643370408496E+00 5.721933321531188277E+00 5.553098399198444390E+00 5.187922058567925099E+00 4.018619037405020578E+00 4.941129560552068867E+00 4.941470163786088499E+00 5.177092009927886096E+00 3.961220204828594937E+00 4.252208656177250745E+00 4.203695577456633359E+00 3.714594499523926174E+00 5.260791127804709255E+00 6.309623172131809454E+00 6.374200317093331236E+00 6.700613433750969072E+00 6.776437674982544124E+00 5.748586386294522121E+00 5.141071394773510939E+00 5.138173888711186521E+00 5.472583662073673416E+00 6.637603895319476699E+00 5.301352492242579650E+00 7.574429930290635937E+00 6.420823361222544712E+00 6.483085141143372532E+00 6.119710593760330219E+00 5.732561459923010361E+00 4.305174290859289599E+00 4.075163208676444881E+00 4.232014476837161254E+00 4.027547212877689908E+00 4.383006708372136906E+00 3.468888257490708504E+00 3.673729266545566308E+00 4.195357075340839792E+00 5.526511629167407236E+00 4.536682843422283007E+00 4.698309504600167053E+00 4.490273651431316182E+00 5.637084533097248773E+00 4.746076313558808657E+00 4.401473130924331123E+00 4.730119990812735153E+00 1.000000000000000000E+01
1.000000000000000000E+01 1.000000000000000000E+01 1.000000000000000000E+01 1.000000000000000000E+01 1.000000000000000000E+01 1.000000000000000000E+01 1.000000000000000000E+01 1.000000000000000000E+01 1.000000000000000000E+01 1.000000000000000000E+01 1.000000000000000000E+01 1.000000000000000000E+01 1.000000000000000000E+01 1.000000000000000000E+01 1.000000000000000000E+01 1.000000000000000000E+01 1.000000000000000000E+01 2.913907969442774526E+00 2.325347627794545957E+00 2.512609537807821702E+00 2.131705287304211272E+00 2.749479040908779925E+00 3.193171437939461121E+00 3.206266611573094227E+00 3.786343905132161236E+00 4.534298680697158801E+00 4.244336304630214940E+00 4.767748518444805406E+00 4.526652815250230333E+00 4.469637225463912955E+00 4.632171912176855422E+00 3.831962920847050036E+00 3.769272744699454947E+00 3.802833339857484063E+00 3.940501753181846034E+00 3.882120158389101405E+00 3.770515929711255598E+00 3.315839221285610705E+00 2.872498189534534063E+00 2.569699570378497722E+00 2.941311065253194190E+00 2.570530039803530453E+00 3.252857644670642312E+00 3.590408598538322060E+00 3.117196856500382030E+00 3.656518360399675149E+00 3.339895749234320199E+00 2.903512885048800563E+00 4.036051712443164519E+00 4.477188295417703578E+00 4.354655099654201500E+00 5.133502562429678839E+00 4.308910926673101827E+00 4.575697298781419953E+00 4.897584495052584863E+00 7.376047226401044377E+00 6.495929379710817742E+00 4.662855195833997435E+00 6.106780603092810900E+00 6.047264566787547757E+00 5.996963345787633237E+00 5.562643172823613646E+00 4.825229856137044138E+00 4.545475874034535124E+00 4.942316730172010786E+00 5.785304678810687662E+00 5.147354555613198990E+00 4.551295085520990824E+00 4.440369786383087103E+00 4.282052820608101662E+00 4.043470281140671752E+00 3.222631876646798510E+00 2.898305668657935819E+00 2.476495651076026761E+00 2.522288631729568742E+00 2.237472381282985978E+00 2.012053645824028791E+00 2.393021886287866717E+00 2.491228359616436627E+00 3.011402405797936499E+00 3.007644335727738927E+00 3.133363601388063469E+00 3.170647065685926691E+00 3.042906830506529658E+00 3.613505915228650167E+00 4.154126200129132584E+00 4.132166306891695839E+00 4.612356841128146812E+00 3.366260753443793607E+00 2.812183008944541651E+00 2.867563064689687469E+00 2.766859379184325896E+00 2.937562777970823991E+00 2.883471760533800943E+00 2.726553609829835079E+00 2.863445343341463722E+00 3.377661364184749715E+00 2.689125471957620306E+00 2.491910961393308366E+00 3.086529145520879425E+00 3.541791325822144731E+00 3.592829874358475450E+00 4.093532475610826893E+00 4.129442875260790125E+00 3.863928516525658718E+00 4.165294832078162202E+00 4.808893703056694058E+00 5.298852426558016582E+00 5.635200794260384782E+00 6.701894167659044221E+00 6.268040400685460867E+00 5.780269212017549840E+00 6.719815902625620119E+00 4.893591653634571159E+00 4.595776953542161536E+00 3.914754870084418137E+00 3.611799865486946981E+00 2.888143304375061504E+00 4.185270200780401240E+00 5.057405441866507090E+00 4.652094316847788846E+00 6.206468885352927956E+00 6.331401769709521510E+00 6.106812015820626272E+00 5.362334287060212645E+00 5.573190402373453978E+00 5.455412487486190010E+00 6.888809617903851823E+00 6.403141881709560224E+00 7.546554811178628697E+00 6.166167955156828917E+00 4.535878050106109782E+00 5.925474049837236024E+00 5.026100451551632986E+00 4.443246831327560820E+00 4.472446094191658617E+00 3.739512854574341905E+00 4.184742807358068362E+00 4.573982759251033592E+00 4.258181813006482130E+00 3.876622842066210328E+00 3.875069590705127798E+00 4.280677259487434050E+00 4.753294976034528219E+00 6.097386846531798632E+00 5.549043125395409781E+00 6.061617371756043759E+00 5.858889683482452426E+00 5.128736370152492619E+00 4.916151816858944201E+00 1.000000000000000000E+01
1.000000000000000000E+01 1.000000000000000000E+01 1.000000000000000000E+01 1.000000000000000000E+01 1.000000000000000000E+01 1.000000000000000000E+01 1.000000000000000000E+01 1.000000000000000000E+01 1.000000000000000000E+01 1.000000000000000000E+01 1.000000000000000000E+01 1.000000000000000000E+01 1.000000000000000000E+01 1.000000000000000000E+01 1.000000000000000000E+01 1.000000000000000000E+01 1.000000000000000000E+01 3.294305910383627634E+00 2.453395058786953520E+00 2.251367669894539958E+00 2.508582075077621543E+00 2.884033960961161380E+00 3.502586540162160311E+00 3.585448656861660144E+00 3.741154014844572995E+00 4.800698778594487237E+00 4.828573602793184705E+00 4.479998813682579240E+00 4.429863738016166508E+00 4.906496851983044749E+00 4.196798745409741294E+00 3.186069687394205818E+00 3.770424456997528928E+00 3.143391739484959313E+00 3.759838772249595173E+00 4.160734095956119205E+00 4.506184882285034554E+00 3.894073079292151185E+00 3.055025293496156369E+00 2.059891059400099422E+00 2.343495505820207381E+00 3.107888293373155530E+00 3.080680359116481082E+00 3.446607117737925829E+00 3.404708561531331501E+00 2.883425624262024201E+00 2.471946856738790999E+00 3.130887911732738615E+00 3.502285350509415363E+00 3.603221447735236005E+00 3.625958908760176680E+00 4.102977770855159356E+00 4.683647023853690250E+00 5.026983151799647054E+00 5.566845444244544083E+00 7.117668161584139064E+00 6.293269966892155232E+00 5.642633889048297213E+00 5.766739923218064057E+00 5.586330436836638214E+00 5.986632501188346112E+00 5.533214937558711632E+00 5.192133114364361646E+00 4.818738798134012846E+00 5.177748502941145858E+00 4.652648593373462482E+00 5.586494345550300444E+00 4.703612313506470244E+00 4.844928617829516782E+00 4.072205035823388997E+00 3.979851366985159178E+00 3.015201431973765445E+00 3.124212345552557224E+00 2.343030141875671379E+00 2.112962519639733028E+00 1.973181741634860709E+00 2.707233117847179571E+00 2.429427339477355563E+00 2.287213267774977687E+00 2.720009563875483316E+00 3.793835147262744734E+00 3.928672624759128595E+00 3.875398132427846587E+00 2.930625450199686899E+00 3.720084421739934033E+00 4.593975634664443142E+00 4.609576876832706560E+00 3.551951303717009623E+00 2.975494344463194718E+00 2.926464678611806480E+00 3.290456665693235028E+00 2.484389174669525691E+00 2.760467146013956707E+00 2.999099230954356265E+00 2.690405012202892188E+00 2.628754391920183675E+00 3.272274062513417014E+00 2.588945059114243108E+00 3.054274630450025452E+00 2.750410849007272951E+00 3.838994014186511539E+00 4.575690980794894891E+00 4.247589560286730404E+00 4.921444885262291180E+00 4.570826460150661852E+00 4.232463218344061140E+00 4.413269228352563189E+00 4.639649917008828339E+00 5.431746959668953600E+00 6.435271489332965444E+00 6.355414946574173385E+00 5.511687550989978313E+00 4.926138440952949615E+00 5.874760042250057879E+00 5.062792837420642122E+00 4.195571282749376074E+00 2.950511484082427582E+00 3.337915855929863618E+00 4.038121126648141157E+00 4.172197193437487073E+00 4.577649385693804085E+00 4.576625940640461465E+00 4.821870799613150460E+00 5.842122876477108484E+00 5.818922212363193402E+00 6.152025307681073585E+00 6.806581079375788157E+00 6.782288439476714892E+00 6.128735661171168303E+00 5.812531642723655523E+00 4.456124428247917990E+00 5.391454191040141453E+00 4.625452376211166339E+00 4.218035771789043764E+00 5.980651214008199545E+00 5.665756845608248327E+00 5.214973362524575329E+00 5.182623061516857810E+00 5.501432610475625928E+00 5.138511793514876302E+00 4.361452388871330577E+00 3.416760780470357250E+00 4.119739092510383394E+00 4.890013419581547893E+00 5.276978362526969057E+00 5.440326714762505844E+00 6.223239237256079193E+00 6.408218210328580966E+00 5.987912324541925457E+00 5.366415387808517679E+00 1.000000000000000000E+01
1.000000000000000000E+01 1.000000000000000000E+01 1.000000000000000000E+01 1.000000000000000000E+01 1.000000000000000000E+01 1.000000000000000000E+01 1.000000000000000000E+01 1.000000000000000000E+01 1.000000000000000000E+01 1.000000000000000000E+01 1.000000000000000000E+01 1.000000000000000000E+01 1.000000000000000000E+01 1.000000000000000000E+01 1.000000000000000000E+01 1.000000000000000000E+01 2.922263939404941446E+00 3.051641388410543332E+00 2.473772003987778856E+00 3.450423571191286953E+00 3.385604796791858995E+00 3.767558594152169427E+00 3.681977446010037625E+00 3.678890422111753544E+00 4.225156225143966715E+00 3.911201471851434519E+00 3.869508909614471470E+00 3.977094997511568142E+00 4.493792680701563569E+00 4.531133627518809881E+00 3.078939763079053371E+00 3.218326488478575609E+00 3.709733104746629540E+00 3.773331812490858805E+00 3.968039452670299561E+00 3.640861780155371097E+00 3.641523647902400906E+00 4.056933344273544684E+00 2.230990224826205903E+00 2.767412513399436502E+00 2.923560967028506319E+00 3.552445812499888778E+00 3.021627390145680270E+00 2.799925980857744801E+00 2.739609058249526718E+00 2.519505147804969258E+00 2.429593581563848304E+00 3.318148926085173311E+00 3.705937834109676476E+00 3.797555303128897997E+00 4.137166420900968866E+00 4.344606464452004602E+00 4.550857188522118513E+00 5.382830581464551400E+00 5.850256588097123789E+00 6.258646952025319621E+00 6.595516116667228701E+00 5.697712140572431139E+00 6.249671369069934812E+00 6.146987164535942405E+00 5.159561362268223483E+00 5.554235449543455161E+00 5.064001297617290120E+00 4.702330481735755185E+00 4.333870151657293945E+00 4.685270576526450625E+00 5.969166825409755184E+00 5.100458873781809288E+00 3.608684234947790337E+00 3.358008221550455641E+00 3.314259796855707485E+00 2.860412628654500633E+00 2.624046591106810045E+00 2.215838963489578983E+00 2.521856175305433378E+00 2.839090862593218301E+00 2.268871222179445368E+00 2.463064832475276411E+00 2.503366294523897473E+00 3.186585353031500478E+00 4.062735093034516076E+00 3.929285056375871665E+00 3.817699151876549291E+00 3.493486747415226468E+00 3.442097670267090681E+00 3.496923437735543594E+00 3.657272188472122654E+00 2.991348654642221216E+00 2.583737991761961617E+00 3.145423505609670212E+00 3.399662548775393756E+00 2.982388103637732435E+00 2.279538734746982431E+00 2.780589013334508586E+00 2.495550044160816050E+00 2.450745632355078474E+00 2.651889957478414939E+00 2.648865232897556155E+00 2.407048565583358446E+00 3.150453154536537514E+00 3.488537528121227638E+00 4.598640616508356871E+00 4.758374726378296060E+00 5.005346246564419843E+00 4.595834628083526496E+00 3.423318487760273587E+00 4.549818477548886797E+00 4.813903947943880546E+00 5.636327407840326487E+00 5.572498324685807525E+00 5.221886112573920435E+00 5.890423878203358221E+00 6.734239108948741226E+00 5.352061071746669896E+00 4.938021629672546098E+00 4.782028055552140167E+00 4.169615920138961762E+00 4.075588583370895357E+00 4.341648978613534382E+00 3.713522615452215181E+00 4.468326283018322798E+00 3.947037430085186926E+00 5.912237374460625361E+00 5.949307035008179589E+00 5.761364367256716079E+00 6.918752308977299315E+00 7.071201230629347023E+00 7.226837467679047222E+00 5.712011670153117393E+00 5.879453430703300398E+00 5.877132024107874386E+00 5.499664895968249922E+00 4.084245238531618583E+00 4.525576048352079717E+00 5.567681533557833795E+00 5.267368005238071582E+00 5.191258800600636825E+00 5.234290581258798092E+00 6.029291588957271131E+00 5.587111714765638837E+00 4.080179617904114764E+00 4.316867453470534244E+00 5.020727842285747755E+00 5.368721131142330627E+00 6.323181630594938873E+00 6.559017859369197012E+00 6.133011052452214784E+00 5.855151392526202869E+00 5.643064411412529680E+00 5.846290895055718195E+00 1.000000000000000000E+01
1.000000000000000000E+01 1.000000000000000000E+01 1.000000000000000000E+01 1.000000000000000000E+01 1.000000000000000000E+01 1.000000000000000000E+01 1.000000000000000000E+01 1.000000000000000000E+01 1.000000000000000000E+01 1.000000000000000000E+01 1.000000000000000000E+01 1.000000000000000000E+01 1.000000000000000000E+01 1.000000000000000000E+01 1.000000000000000000E+01 1.000000000000000000E+01 3.722741279720056529E+00 3.595219989027492069E+00 3.267389599806184819E+00 3.255628393577220336E+00 3.875378808947046227E+00 3.924083348650690528E+00 3.571152656587303298E+00 3.348819691395599651E+00 3.424460271183206395E+00 3.019209688427692662E+00 3.409463618426562093E+00 3.836805885990377529E+00 3.907220294603186428E+00 3.554991886385685973E+00 2.807294184751470301E+00 3.459259334651678230E+00 3.794627373333283149E+00 3.443289937694048231E+00 2.823789603286416039E+00 3.143641628654916254E+00 3.811041270077779597E+00 2.944486469090074721E+00 2.434311982807964903E+00 2.472275423512384496E+00 2.356263790417929993E+00 3.225177454148731027E+00 2.975844527758023439E+00 2.711787963539097568E+00 2.104172112134127470E+00 2.099598083942576743E+00 2.308485583592017942E+00 2.942485078143625810E+00 2.788402186131564875E+00 3.548323252146546647E+00 4.099001141845809215E+00 5.050422746953251441E+00 4.021390272368014607E+00 4.946045405660846050E+00 5.835440150714259033E+00 4.885832342852600263E+00 5.352831112650819456E+00 6.057690249016753903E+00 5.767045018108171384E+00 6.568751659337321414E+00 5.686110954375221738E+00 4.986247113017265420E+00 6.489046494669197251E+00 4.871946924444110927E+00 4.523176576929489379E+00 4.920633804821640922E+00 3.923541924655602475E+00 4.484509344480575699E+00 2.960469199233512150E+00 3.206556665997809752E+00 2.979964539050504513E+00 2.921330828816424585E+00 2.416814031570578614E+00 2.392846608813075537E+00 2.422766940814006453E+00 2.344926923358841009E+00 2.248228003975442313E+00 1.699904282582156423E+00 2.382730350176249345E+00 3.072178504270589361E+00 3.598468881051192891E+00 3.739851550674037295E+00 4.239910994684890966E+00 3.452196926029118984E+00 2.976746855573807693E+00 3.225063915081932020E+00 2.507877927734941004E+00 2.761880576032926804E+00 3.167987576656254856E+00 3.732867055893716479E+00 3.361223460109553862E+00 2.532803864789484383E+00 2.659558401892007762E+00 2.270410614453629350E+00 2.188144619381709344E+00 2.237273896889748315E+00 2.164598301416305492E+00 2.506320057894432463E+00 2.588638096442797298E+00 2.801941089777693072E+00 3.446133598806363718E+00 3.837416411514674941E+00 3.899134927473026924E+00 4.605820227512171350E+00 5.233154396530045105E+00 4.435553968126741964E+00 4.040910624828696562E+00 5.058064849575488964E+00 5.236830923762944678E+00 4.682227854878675544E+00 4.030879878225240631E+00 5.136102494620911507E+00 5.799987854093418882E+00 4.162632192718249691E+00 4.374178632568088254E+00 4.020229803681973912E+00 4.806563196030093188E+00 3.890331924767182148E+00 4.624356981465656879E+00 4.427062039777439395E+00 4.422269593143541400E+00 4.738426702348864872E+00 5.299324632317500949E+00 5.860971443987469165E+00 6.709172829313188480E+00 6.053623148460180126E+00 8.078122621138277282E+00 6.968832132997811790E+00 6.124487783603489888E+00 7.157742186145972241E+00 5.115341140829423594E+00 5.180113015806681709E+00 4.565495168116592950E+00 3.914466612472534468E+00 4.272818273788101529E+00 5.908507560310694018E+00 4.572971805005238366E+00 4.711145861745810848E+00 5.283197822897042428E+00 4.253786165014764364E+00 4.321960847865598865E+00 3.776518478584832916E+00 4.449569462869722436E+00 5.307429735508382151E+00 5.911127441275946026E+00 6.740840550359726180E+00 6.053478497853695295E+00 5.529044823773157979E+00 4.871341017745829838E+00 5.740402057781213152E+00 1.000000000000000000E+01
1.000000000000000000E+01 1.000000000000000000E+01 1.000000000000000000E+01 1.000000000000000000E+01 1.000000000000000000E+01 1.000000000000000000E+01 1.000000000000000000E+01 1.000000000000000000E+01 1.000000000000000000E+01 1.000000000000000000E+01 1.000000000000000000E+01 1.000000000000000000E+01 1.000000000000000000E+01 1.000000000000000000E+01 1.000000000000000000E+01 3.556352707579392813E+00 3.325305609543684593E+00 4.012867506043958699E+00 4.795186280086276120E+00 3.863843329817587602E+00 4.108637382600548449E+00 3.508903340644747182E+00 3.590015355006677567E+00 4.165548291484991061E+00 3.484902759904318970E+00 2.808011220572392830E+00 2.858368802208495651E+00 3.688939866436368398E+00 3.279874368273326013E+00 2.766117842212647560E+00 2.815874084603318117E+00 3.172605654433175992E+00 3.579227960962852340E+00 3.218864551755560299E+00 3.013755090847601625E+00 2.629375165104535839E+00 2.312503976509902248E+00 2.828807960998903415E+00 2.622769571164192293E+00 2.372073749123617681E+00 2.548940178782588273E+00 2.752646091486918856E+00 3.100528691209040844E+00 2.467476212902041333E+00 2.051867586950967937E+00 1.844898634990938424E+00 2.320417388806576220E+00 3.267229000630279323E+00 3.527466717432549359E+00 4.010640461019873371E+00 4.148624186868221209E+00 4.191657871225162424E+00 4.124467589941267498E+00 4.915889165449121023E+00 5.730265047998450711E+00 5.381754596190441831E+00 5.208919687480397798E+00 5.854782533095897357E+00 5.417393924013797601E+00 5.876942546582250237E+00 4.975748921952385828E+00 5.263150215349312155E+00 7.206291666441059895E+00 5.411467943329615338E+00 5.517497552920976212E+00 5.295233885835613385E+00 4.174475936369610451E+00 3.682818479257369937E+00 4.043018277521123416E+00 3.854458261113602457E+00 3.005712383363983164E+00 2.636933611540257072E+00 2.702102612022211581E+00 2.795115893845743660E+00 2.637435531637119190E+00 2.241358051601401336E+00 2.402637617452498819E+00 2.358173926633051920E+00 3.047746515530189271E+00 3.154579735791814610E+00 3.698436485965888032E+00 3.934375646575495100E+00 3.711730967324092578E+00 3.225237474938334348E+00 3.024712703162554472E+00 2.764266162371193047E+00 2.923091181287433393E+00 3.194273880899214380E+00 3.583494548467064611E+00 4.216315713400464738E+00 3.826962953496483522E+00 3.573470425716388732E+00 2.874227020798592047E+00 2.531574582060195588E+00 2.287923382162261543E+00 2.490876037037818680E+00 2.482272386994847313E+00 2.316700201264572989E+00 2.257391630388842607E+00 3.383330060089441371E+00 3.888233147017937430E+00 4.714344486882303897E+00 4.518374105381194106E+00 4.101583057493161988E+00 4.626527919206204764E+00 5.709039599473286763E+00 5.644120022945816828E+00 5.118955097015194688E+00 5.328787304667605085E+00 4.792468017940398894E+00 3.752910179835026394E+00 4.907199462367035636E+00 4.276666191332820333E+00 4.358413330604490099E+00 4.470089803979831800E+00 4.250897962546162034E+00 4.147863671892917381E+00 3.505319722290784590E+00 4.385885091001986424E+00 4.498458646322852417E+00 4.694345624857128030E+00 3.665041464464958043E+00 5.361761135293281910E+00 7.106721580452872722E+00 7.000316684859440031E+00 7.342779732832000583E+00 7.451482632084383440E+00 6.240122369913093436E+00 6.893930627627568697E+00 6.188201937281230691E+00 6.458252591245236651E+00 5.014122783206011569E+00 5.517442002503089249E+00 4.974213092621299737E+00 4.840381645619800999E+00 5.219644157876456525E+00 5.313771583012757205E+00 5.264239857605029549E+00 4.404477485199362441E+00 4.628062318868189529E+00 5.154831206026735835E+00 4.390238604592054728E+00 4.580086062527395363E+00 4.890128456597282458E+00 3.938559208650342036E+00 5.424896419635421019E+00 6.045310429351014925E+00 5.311960743875998148E+00 5.271077150863744620E+00 5.697969535071188751E+00 1.000000000000000000E+01
1.000000000000000000E+01 1.000000000000000000E+01 1.000000000000000000E+01 1.000000000000000000E+01 1.000000000000000000E+01 1.000000000000000000E+01 1.000000000000000000E+01 1.000000000000000000E+01 1.000000000000000000E+01 1.000000000000000000E+01 1.000000000000000000E+01 1.000000000000000000E+01 1.000000000000000000E+01 1.000000000000000000E+01 1.000000000000000000E+01 3.360574495387465443E+00 3.490861008202934546E+00 4.310381797031427098E+00 3.809140093147644013E+00 4.049918765229522322E+00 4.441898797809807675E+00 5.353779353180615708E+00 3.997130832385173527E+00 4.245569497298587791E+00 3.805391722549320566E+00 3.272285592135836030E+00 2.786894055460535924E+00 3.880162805327317610E+00 3.564696660469855782E+00 3.214270761893458950E+00 3.042835662733135660E+00 3.055662938599401635E+00 3.280153969233340572E+00 3.018732399480953177E+00 2.828790700657857649E+00 2.856898604492408289E+00 2.307121991908146708E+00 2.328796201248297670E+00 2.737860880814484865E+00 2.405614119728070488E+00 3.038638327866993727E+00 2.970135186884855116E+00 3.883327832870242524E+00 2.395118955885272793E+00 2.271718719226667904E+00 2.195552224090176363E+00 2.512355743666742747E+00 3.565778981475748566E+00 4.285177947371293428E+00 4.042338942596696683E+00 4.408534752393977740E+00 4.640284582112357725E+00 4.609765808766653095E+00 4.801222010139296614E+00 5.346514289223948779E+00 5.485238465876143721E+00 5.855131664707279526E+00 6.066664942510049841E+00 5.869025769959445249E+00 6.366918616835140377E+00 6.030438772716529172E+00 5.562027750568000251E+00 5.330616097919228302E+00 6.051812719741022306E+00 6.368545698201415028E+00 6.386110110719572575E+00 5.008888370274773294E+00 4.240332533820329708E+00 4.325912068014489797E+00 3.487504218136312506E+00 3.674376064771507355E+00 3.116231518383171917E+00 3.134349676993534839E+00 3.343027281045579446E+00 2.940003595186019947E+00 3.096275048324704127E+00 2.865315931832876473E+00 2.991855385104351672E+00 3.721360780964961812E+00 4.546444750749818908E+00 4.020594267435236624E+00 5.144829717427886528E+00 3.988682132181084139E+00 3.169916041357323966E+00 3.265752021519363613E+00 2.981158975321868798E+00 2.809797858769552459E+00 2.990231782588013143E+00 4.072551798677733537E+00 4.503103554444942702E+00 3.990012477070318475E+00 3.668085004711724384E+00 3.289767739201399532E+00 2.464714935870650159E+00 2.955890099226531120E+00 2.605276987901550712E+00 2.656425082667638549E+00 2.207680402006100717E+00 2.577539458922295079E+00 3.502269392353043020E+00 4.152386816734411568E+00 5.042183088286509296E+00 5.313102989283914113E+00 5.894913975756699287E+00 4.589973536650237662E+00 4.971894341280984619E+00 5.479706293773011438E+00 5.394883677011784506E+00 4.574246073587658223E+00 4.126437658866097813E+00 4.955183478634916483E+00 4.552854219497561417E+00 4.544264410815270772E+00 4.112345799858289297E+00 4.073728603555575312E+00 4.156414062646520691E+00 3.967189756629950992E+00 3.679414497446624743E+00 4.183699872831176059E+00 4.949488872805995143E+00 4.351071765198163632E+00 4.024089634087856027E+00 4.441695682598642669E+00 5.695898169417873191E+00 7.170774596480704588E+00 7.665879356056088945E+00 7.939490871494946589E+00 8.764406424600364787E+00 6.760396348216720419E+00 5.839057559388209917E+00 5.504414695189990603E+00 5.435855013887680443E+00 6.365553479666571590E+00 4.706218701360080026E+00 4.962079843989831929E+00 5.808877326646704198E+00 4.415952264028214280E+00 5.609561218085956646E+00 5.036608956531292591E+00 4.424769714459524828E+00 4.641469657918642966E+00 4.506240670846674234E+00 4.573177314776557978E+00 4.514582043480059426E+00 3.580113610467793972E+00 4.989995188828856953E+00 5.838405228696973204E+00 7.461312282974315480E+00 7.506585136156638249E+00 6.412245165992490392E+00 1.000000000000000000E+01
1.000000000000000000E+01 1.000000000000000000E+01 1.000000000000000000E+01 1.000000000000000000E+01 1.000000000000000000E+01 1.000000000000000000E+01 1.000000000000000000E+01 1.000000000000000000E+01 1.000000000000000000E+01 1.000000000000000000E+01 1.000000000000000000E+01 1.000000000000000000E+01 1.000000000000000000E+01 1.000000000000000000E+01 2.931348467257106627E+00 3.400240925722998409E+00 3.771736033902758578E+00 3.673091544782611351E+00 3.881923720927212607E+00 3.832434680733381782E+00 4.033797942773326817E+00 3.551344202094648850E+00 3.914029195343387890E+00 3.794497876099544698E+00 3.710235984475990012E+00 3.814444175181647800E+00 3.368491809748662469E+00 3.468121323483252638E+00 3.805633393959917399E+00 3.406566071936871332E+00 2.918485914259504987E+00 2.840707543646714406E+00 2.807643919850209890E+00 3.241328319263880875E+00 2.480602208647512352E+00 2.666716850773589886E+00 2.599915596187575506E+00 2.475859833927791520E+00 2.427567051637391060E+00 2.870622728020819636E+00 2.953530388705908116E+00 3.262277858651822626E+00 4.169003857311441408E+00 3.803809483722725648E+00 3.151980376758585667E+00 2.556365670049645988E+00 2.633582872634156136E+00 3.020821394097431778E+00 3.227549728867272538E+00 3.588912151642007053E+00 4.373542921729849375E+00 4.587990479671624655E+00 4.383311535323511698E+00 4.420936710119424795E+00 5.377990426055299977E+00 6.927920170330734706E+00 6.139973216482872864E+00 6.214267414245025378E+00 5.658111036271494143E+00 5.926053344354190067E+00 5.702847835993469339E+00 5.158514368785247939E+00 6.033965398171901029E+00 5.968509233917286494E+00 5.700286300915125892E+00 5.990335554436944321E+00 5.091450429635663077E+00 4.521396874956707279E+00 3.322372432579712154E+00 3.628597404843172392E+00 3.191853454161527992E+00 3.189107565681894574E+00 3.059704163166315993E+00 3.694969072309383762E+00 2.908463221880995153E+00 2.877158554661924050E+00 3.177698439303630717E+00 4.000053069266271244E+00 3.985653357697990451E+00 4.073954635857721662E+00 4.098169744260349745E+00 4.301315540586329256E+00 4.022008105777905129E+00 3.213321968884847113E+00 2.894738242855782406E+00 2.758955039519764174E+00 2.722841526917691102E+00 3.293337392109420669E+00 4.123435599440611554E+00 4.483305235266541899E+00 3.731347287081851594E+00 2.848348998334790050E+00 2.951447400215331918E+00 3.044701030874664927E+00 2.951924740484866749E+00 2.951113342474909640E+00 2.705302138731278561E+00 2.445533741746014122E+00 2.349183605411925946E+00 3.705323727034340209E+00 4.072231100591516828E+00 4.609231240018700326E+00 4.795711319975915821E+00 4.912480865329651891E+00 4.312887649880367213E+00 4.217606465860741949E+00 4.623725488325743704E+00 4.945366868344680533E+00 4.498371841364159351E+00 3.833353909188910613E+00 4.772647683692267329E+00 4.381553319226878074E+00 3.920608931869231206E+00 3.522308440699994048E+00 4.282905548730751022E+00 3.795826092081761249E+00 3.462290619832137040E+00 3.365736518643986486E+00 3.497141573658032243E+00 4.980453633695511861E+00 4.745176873278018626E+00 3.856485571969048287E+00 4.551444259807223780E+00 6.213134110307343860E+00 8.480154192838069704E+00 9.672459343173356316E+00 7.684631018270471792E+00 6.623656981981332237E+00 6.702102765536638529E+00 6.470838720261309795E+00 5.574987213891026805E+00 6.055631254213694525E+00 5.997767141513270062E+00 5.011916103956887802E+00 4.329091775457897917E+00 4.889375094551519751E+00 4.296967789602926580E+00 4.198052241790871442E+00 4.759356435066592006E+00 4.264923919214454351E+00 4.590524917429488205E+00 4.376913164361261543E+00 4.148698406890611423E+00 4.036672011259796911E+00 4.605966722163785221E+00 6.002424799205570594E+00 6.159025324671854484E+00 6.761835058107526386E+00 6.320656213270279267E+00 6.548567883516698274E+00 1.000000000000000000E+01
1.000000000000000000E+01 1.000000000000000000E+01 1.000000000000000000E+01 1.000000000000000000E+01 1.000000000000000000E+01 1.000000000000000000E+01 1.000000000000000000E+01 1.000000000000000000E+01 1.000000000000000000E+01 1.000000000000000000E+01 1.000000000000000000E+01 1.000000000000000000E+01 1.000000000000000000E+01 1.000000000000000000E+01 3.700222412102134761E+00 3.562054890358703041E+00 4.134324634860790937E+00 4.157928152678258549E+00 4.242196127857528865E+00 3.524621872267732048E+00 4.143664470388697119E+00 3.911712613958053364E+00 4.779636663253184814E+00 3.550248362597097529E+00 4.142372302989495658E+00 3.760402187930172779E+00 4.268932105698325152E+00 3.471586364544813286E+00 4.068179554123135588E+00 3.251732739827651208E+00 2.939482733746134002E+00 2.554980786982762986E+00 2.694295046085755541E+00 2.723338139929465385E+00 2.794762266586471977E+00 2.468445453375584631E+00 2.621136125629672353E+00 1.995245614064631745E+00 2.271501408997412597E+00 2.812880111651026471E+00 2.730806457086363270E+00 2.949094486580298824E+00 4.052632571397681183E+00 5.582328370777914550E+00 4.138068276105764554E+00 3.323036520723853471E+00 3.133325562738760617E+00 3.585762193613258653E+00 3.940880109413983146E+00 4.219469950507167333E+00 3.722136413787802134E+00 4.425850415521269454E+00 4.726141717138472309E+00 4.342898676056164753E+00 4.591986136226284820E+00 6.055787492042785658E+00 6.095638846306777658E+00 5.355845185939254627E+00 5.953895765673594020E+00 5.643472220167986109E+00 5.285963646216713663E+00 5.221241497719732116E+00 5.979138786338572764E+00 6.218268424770861280E+00 5.229329777138905122E+00 3.994690137752514580E+00 5.085921828143112222E+00 4.633397425825164007E+00 3.447051670968068748E+00 3.182949540952923151E+00 2.890615082262946167E+00 3.000773247535982957E+00 3.731123206997707609E+00 3.869545698031358061E+00 4.245146326072832821E+00 3.415157648569608906E+00 4.401323182315183935E+00 4.465109041272316226E+00 4.229669442156921200E+00 3.814996962891413546E+00 3.333824858168548566E+00 4.273163203772482710E+00 4.156589912400675324E+00 3.274061281985367167E+00 2.818788663228811497E+00 2.866362667302994272E+00 3.146353901360698035E+00 3.703422410998456815E+00 3.155136885355102283E+00 3.756979603278480351E+00 3.703310266575499110E+00 3.215877974373274384E+00 2.573474999775165806E+00 2.657034553850948999E+00 2.985860237598520150E+00 2.986912846842836533E+00 2.648272204337196900E+00 2.171913603837940077E+00 2.665237632435137005E+00 3.492430074833540399E+00 4.094860119163231893E+00 4.581309153998773809E+00 3.585033365241574010E+00 3.490084829795205401E+00 4.335729905532043738E+00 3.788389173493444062E+00 3.822945260587526484E+00 4.203556547035136148E+00 3.975702309490554587E+00 3.205893753124799517E+00 4.249007924948062787E+00 4.825783794211550237E+00 4.846553232608070694E+00 4.617819118100497278E+00 4.923661942187765206E+00 3.956919736191880421E+00 4.365637235601957045E+00 4.061553560754204817E+00 4.090756974586271077E+00 4.305978274527580751E+00 4.304914356759435456E+00 4.395023324029488698E+00 5.093067042895285113E+00 6.068187907757446986E+00 6.694660880441195339E+00 7.901331787302916965E+00 7.694603461178981973E+00 5.692652295669881291E+00 6.563804451804001516E+00 6.070171379178148641E+00 5.874783409882290641E+00 5.008331441687517760E+00 5.444779138014943065E+00 5.609187156394905394E+00 4.331770413935149833E+00 3.833468690373582177E+00 3.810068843966314400E+00 3.455688800510237968E+00 3.713338078502169015E+00 4.800093393382629081E+00 4.740138879222016044E+00 4.292185707022217578E+00 4.399023639684452647E+00 4.530192309836667874E+00 5.265440002181100532E+00 5.387311717401702005E+00 6.950582882712944333E+00 7.004925943401430821E+00 6.928630210294572933E+00 7.695952099003378066E+00 1.000000000000000000E+01
1.000000000000000000E+01 1.000000000000000000E+01 1.000000000000000000E+01 1.000000000000000000E+01 1.000000000000000000E+01 1.000000000000000000E+01 1.000000000000000000E+01 1.000000000000000000E+01 1.000000000000000000E+01 1.000000000000000000E+01 1.000000000000000000E+01 1.000000000000000000E+01 1.000000000000000000E+01 1.000000000000000000E+01 4.544736768436957064E+00 3.927708362002932052E+00 4.243310423235310047E+00 4.001133906695228504E+00 4.291856593803028197E+00 4.488130233527662050E+00 4.882939035179496123E+00 4.502593868939055000E+00 3.932775331173800293E+00 3.759215925251817136E+00 3.455400903088198472E+00 3.876672446137871653E+00 4.653249221454226259E+00 3.379461768168495972E+00 3.608754752832346924E+00 3.323231751204977602E+00 2.553833083710582041E+00 2.164168791612634202E+00 2.728918233020415585E+00 3.023644775486690861E+00 3.179556088214339216E+00 3.390908043840701769E+00 2.963160830170520565E+00 2.611759215320324845E+00 2.409131125842422172E+00 2.556047025626885016E+00 2.876326561616436628E+00 3.155551680426417871E+00 3.905425858041091658E+00 4.204436648594265691E+00 4.680552648408666805E+00 4.102699984891847507E+00 4.674858872968002288E+00 4.434198819617416909E+00 5.116752032921394466E+00 4.633013728282177723E+00 4.506693818063322254E+00 5.269682964697537386E+00 5.298405429844849301E+00 5.749947576319605957E+00 5.012088696849227532E+00 5.386675681976089258E+00 5.583480801686380168E+00 5.537678126685448454E+00 6.519044638531113378E+00 7.413786857616683434E+00 5.847846601837289882E+00 6.572711008227315688E+00 5.902262935007706268E+00 5.332857552240710675E+00 4.582604814324438003E+00 4.634022200591867424E+00 5.363179786779689984E+00 4.387910417662507001E+00 3.915848371614604861E+00 3.209154287634138125E+00 2.861620604585944694E+00 3.231798777355748165E+00 2.863045000706154752E+00 4.770353177931817790E+00 4.654395577420201491E+00 6.664908801688182116E+00 4.901707225016932234E+00 3.737486568034560808E+00 4.226085203621992470E+00 4.480304825211335995E+00 4.606460754560797177E+00 4.849897922942136397E+00 3.704782964692757474E+00 3.426753695953537182E+00 2.621876778098067184E+00 2.489438773050600240E+00 2.502200511635286340E+00 2.599181057273775242E+00 2.782364274219597089E+00 3.535716999817515749E+00 4.340974755999961410E+00 2.855466060232084935E+00 2.753845056023384696E+00 2.578901292651182509E+00 2.653820070525948704E+00 2.771104039412833231E+00 2.793965284384278824E+00 2.113067784996260912E+00 3.058630963403473402E+00 3.373047561091800706E+00 4.056250323019316539E+00 4.543643630141994905E+00 3.493078218320114114E+00 3.712303412075370623E+00 3.397171602409515767E+00 3.772723307802746451E+00 3.398259890572110198E+00 2.872110967460864028E+00 3.343348315717854735E+00 3.109361436190049233E+00 4.075796243582781031E+00 3.902478208014514394E+00 5.762085810473921654E+00 5.721766973277458312E+00 5.074156722651201434E+00 5.374347341828806357E+00 4.417120782643420007E+00 4.453751316977704100E+00 4.025980130104868771E+00 3.686332372817256786E+00 1.000000000000000000E+01 1.000000000000000000E+01 6.342036816015768075E+00 6.860428944256276473E+00 5.646472921520523158E+00 5.740660513490855266E+00 6.308941158451155218E+00 5.719458638913095250E+00 4.736016364170674287E+00 6.067761155282322960E+00 5.547396592240846580E+00 5.110312175744680552E+00 5.175557055182927080E+00 4.038600801911499616E+00 3.584320108764242896E+00 2.995036407095889253E+00 3.426213365360091689E+00 3.296264222173520775E+00 4.470304867773808866E+00 4.765726293539799485E+00 5.473647482149217147E+00 5.650273501463753512E+00 5.038529392356171144E+00 4.697783093228920848E+00 4.830607126694276054E+00 6.979515150765004172E+00 8.039392206632014037E+00 8.004109617923592879E+00 8.167862544364137278E+00 8.092193988265895754E+00 1.000000000000000000E+01
1.000000000000000000E+01 1.000000000000000000E+01 1.000000000000000000E+01 1.000000000000000000E+01 1.000000000000000000E+01 1.000000000000000000E+01 1.000000000000000000E+01 1.000000000000000000E+01 1.000000000000000000E+01 1.000000000000000000E+01 1.000000000000000000E+01 1.000000000000000000E+01 1.000000000000000000E+01 4.281949514226322862E+00 3.794302310603216544E+00 4.347936949120225769E+00 3.444700682413867288E+00 4.093745238579926671E+00 4.360398581426941256E+00 4.965922200052450108E+00 5.035668272509155940E+00 5.470229589908607082E+00 4.192658416513662445E+00 4.466140333478623603E+00 3.507723436137459405E+00 3.234377786100232299E+00 3.354646318141840222E+00 3.207806326242604200E+00 3.033373910683508701E+00 2.953185812308428471E+00 2.394841945230055558E+00 2.451797432289916312E+00 2.269131009445618741E+00 2.588117109591144160E+00 3.132564828679199387E+00 3.471345081483632633E+00 3.761868624107903347E+00 2.910754455453191447E+00 2.694424806679096118E+00 3.073838675231903572E+00 3.049094347190876686E+00 3.220458075036534584E+00 4.027008467044233875E+00 4.906082535911885145E+00 5.783397796542705471E+00 4.518300221670594752E+00 4.526536528690352057E+00 4.383799556180163037E+00 5.212111442251336157E+00 6.251719032338872495E+00 4.744975032658053316E+00 5.483710299467764671E+00 4.919295190491864922E+00 5.801458868483158504E+00 5.553007041935367205E+00 5.139245863882709209E+00 5.741282097924894856E+00 6.676176265567647761E+00 7.238551699194581523E+00 6.814548782390752457E+00 5.326705442319485506E+00 6.386449143308100318E+00 7.633051067690870717E+00 5.104187160242978472E+00 4.639816958118848866E+00 4.606820006738972850E+00 4.818825015398447320E+00 4.337264275427060056E+00 4.398515413659812801E+00 3.609049412462709494E+00 3.239391010134167193E+00 3.051180460625199320E+00 3.314217698349980257E+00 5.177503798203837881E+00 5.417389269486444725E+00 5.316285246562270750E+00 5.019111676447821857E+00 4.946272349945751934E+00 4.103664842931189050E+00 4.169391829908953184E+00 5.504794520886239440E+00 4.292001933558991844E+00 3.873987554522229537E+00 2.937418090426709316E+00 3.088194491105959560E+00 2.775481408091179603E+00 2.526752758307196700E+00 2.767851669849528573E+00 2.713920972732327019E+00 3.715820312596577413E+00 3.505709164821009249E+00 3.490447845643850133E+00 2.792036450009689030E+00 2.663201189448484385E+00 2.346937109663968624E+00 2.837969711075374768E+00 2.819576740366282586E+00 2.598039035989190726E+00 2.841198024989356252E+00 3.669123404054101201E+00 4.438676925980485244E+00 3.801517622946795960E+00 3.804190535754305103E+00 4.199603804938445428E+00 3.944996102398609317E+00 3.547006445297937294E+00 3.074728244200091165E+00 2.844876975761108095E+00 1.000000000000000000E+01 1.000000000000000000E+01 1.000000000000000000E+01 1.000000000000000000E+01 1.000000000000000000E+01 1.000000000000000000E+01 1.000000000000000000E+01 1.000000000000000000E+01 1.000000000000000000E+01 1.000000000000000000E+01 1.000000000000000000E+01 1.000000000000000000E+01 1.000000000000000000E+01 1.000000000000000000E+01 1.000000000000000000E+01 1.000000000000000000E+01 1.000000000000000000E+01 4.872288346600932130E+00 6.020295565726449638E+00 5.963232964700537764E+00 4.772045885813210653E+00 5.064833500819880818E+00 5.298127549810732084E+00 4.776626029295696796E+00 4.245674915114707737E+00 3.266935738322163996E+00 3.297221901301828240E+00 2.952140908405208375E+00 3.792897661302166767E+00 3.966850417951704344E+00 5.172884555978590981E+00 5.309351571155793259E+00 6.104033331807067420E+00 5.336527812158720074E+00 5.104020179741405094E+00 5.571237482582453993E+00 6.419615774316695500E+00 7.758454091292652954E+00 8.217626171979544480E+00 9.838969255826752303E+00 9.627624254946116622E+00 8.430810715382285991E+00 1.000000000000000000E+01
1.000000000000000000E+01 1.000000000000000000E+01 1.000000000000000000E+01 1.000000000000000000E+01 1.000000000000000000E+01 1.000000000000000000E+01 1.000000000000000000E+01 1.000000000000000000E+01 1.000000000000000000E+01 1.000000000000000000E+01 1.000000000000000000E+01 1.000000000000000000E+01 1.000000000000000000E+01 4.172353415281042643E+00 3.984312803243937218E+00 3.519212160949463541E+00 3.632141916443333951E+00 4.074368796718832009E+00 3.957407049236778107E+00 4.333828429917273795E+00 4.553510786768907970E+00 5.301285099699177827E+00 4.244563873509679119E+00 4.460728790060279891E+00 3.738601985519953264E+00 3.659864320032736984E+00 4.238534035295320912E+00 3.390579797915956206E+00 2.984030874795019717E+00 2.642087230168721934E+00 2.054975055124090400E+00 2.327864372567530094E+00 2.379498665221984499E+00 2.768335053226683495E+00 3.131768172217425761E+00 3.227664060176624883E+00 4.035385788555272413E+00 3.973433074438106338E+00 3.214957140603087904E+00 2.855804398804600464E+00 3.100920392640045709E+00 3.609492230461192719E+00 5.045558596805034490E+00 5.610159879556904983E+00 4.882245438151316286E+00 4.141874150732300919E+00 4.517936242892792720E+00 4.712390561790245513E+00 5.555486316510644507E+00 4.422725116530625833E+00 5.099322298141522936E+00 5.045034974997316013E+00 5.763646697227620130E+00 5.838435372553657743E+00 6.287852041458358521E+00 5.456927845730218607E+00 4.934801903276923696E+00 5.800307037101926078E+00 6.100962247250010684E+00 5.865376154498466832E+00 5.610463677442652397E+00 5.416165411600068147E+00 6.321486716073166257E+00 5.165772479214297164E+00 4.325492384613556673E+00 5.037318069371194085E+00 5.132903846525701752E+00 4.111737494796964043E+00 4.504748200568684524E+00 3.436168623256615984E+00 3.279466417529583566E+00 3.409467533313223164E+00 3.450225832856925301E+00 4.504341343013367194E+00 5.845388535121318618E+00 5.849140082367846993E+00 5.535075700295190693E+00 5.814923393476036928E+00 5.153277394148006785E+00 4.396053580111256132E+00 4.077642125901780545E+00 3.714252401456935804E+00 4.086845547953132041E+00 3.984646598080058943E+00 3.337373110949346522E+00 3.830735535948517345E+00 3.363996048396293403E+00 2.997584484786790071E+00 2.593382731718490763E+00 3.061249222196942288E+00 2.851692175002104257E+00 3.113794406716171359E+00 3.507363648120384259E+00 3.227848256862174914E+00 2.831851114897315114E+00 2.726914714104284876E+00 3.139479796728889216E+00 2.832860433142309287E+00 3.208772817111352538E+00 3.513253030421245260E+00 3.532442342898442167E+00 4.156565826373689099E+00 3.717854257834444454E+00 3.287929741938591999E+00 3.137279125928588375E+00 2.469614026671834495E+00 2.970921250356785226E+00 2.652541703854248478E+00 1.000000000000000000E+01 1.000000000000000000E+01 1.000000000000000000E+01 1.000000000000000000E+01 1.000000000000000000E+01 1.000000000000000000E+01 1.000000000000000000E+01 1.000000000000000000E+01 1.000000000000000000E+01 1.000000000000000000E+01 1.000000000000000000E+01 1.000000000000000000E+01 1.000000000000000000E+01 1.000000000000000000E+01 1.000000000000000000E+01 1.000000000000000000E+01 1.000000000000000000E+01 1.000000000000000000E+01 1.000000000000000000E+01 1.000000000000000000E+01 4.702956539698024407E+00 5.628980261891403991E+00 5.364076121901026006E+00 4.615347745577298433E+00 3.419809617175075367E+00 3.084042831257739259E+00 3.478791268180759566E+00 3.047989134696238445E+00 2.986090318196832349E+00 3.662888283947898227E+00 5.552899180203266560E+00 5.515664438540440528E+00 6.185321803647614303E+00 5.418466284078862216E+00 5.069926109133075620E+00 5.695185396691194057E+00 5.861254597074513129E+00 8.412691643817371556E+00 8.803806398858665005E+00 9.126485631770721696E+00 9.128507120388762885E+00 7.804468866682735317E+00 1.000000000000000000E+01
1.000000000000000000E+01 1.000000000000000000E+01 1.000000000000000000E+01 1.000000000000000000E+01 1.000000000000000000E+01 1.000000000000000000E+01 1.000000000000000000E+01 1.000000000000000000E+01 1.000000000000000000E+01 1.000000000000000000E+01 1.000000000000000000E+01 1.000000000000000000E+01 3.583556266599336126E+00 3.484322127646046319E+00 3.328640126613443773E+00 3.553398539917585808E+00 4.057797864282733258E+00 3.967837363007255647E+00 3.907372264841637577E+00 4.037743710459159807E+00 4.878839691827451475E+00 4.447428744325745420E+00 4.965298987162928057E+00 3.890298574443419977E+00 3.825476628442266769E+00 4.017542648689073737E+00 3.971273422371633721E+00 2.770431578612786438E+00 2.638859803839249452E+00 2.461982282364262975E+00 1.938223923339193355E+00 2.310102825404123816E+00 2.576232322904612015E+00 3.176320457673699416E+00 2.658624534798379901E+00 2.777231210294454744E+00 3.174260702817628843E+00 3.045888207276462367E+00 3.002609484405398987E+00 2.437016168472239119E+00 3.501188366980795497E+00 4.337146798098811651E+00 4.138220004570255739E+00 4.900226513625818292E+00 5.139717880112024240E+00 4.788891760494481176E+00 4.466344904805376714E+00 4.165063008566503910E+00 4.578312003617885040E+00 4.854456091681793595E+00 4.089575839443190475E+00 5.318237890980911153E+00 5.388229609996631808E+00 5.660659290276558231E+00 6.303673889266267594E+00 5.550770913667978590E+00 5.234225732963679434E+00 5.680282057363785775E+00 6.212990782708895487E+00 6.188447002617219361E+00 4.754652849825922623E+00 4.863502070889770046E+00 5.582468793477532998E+00 6.554747320241648190E+00 5.839194824515002047E+00 4.685602864494741837E+00 4.484123913080993340E+00 4.324735571100923437E+00 3.573092624189428967E+00 3.557831816451822782E+00 3.147172945020075829E+00 4.113179551851447791E+00 4.603818308587496411E+00 4.929635530670219090E+00 5.862511085705650160E+00 8.211928697528753318E+00 6.426491896430391648E+00 6.517243595329495598E+00 5.373854297167463656E+00 5.269773971479769337E+00 5.066285706710827341E+00 4.588937599277861601E+00 4.482769200351089722E+00 4.564161124382531298E+00 5.017709398806020182E+00 4.509230887833900248E+00 4.006493400607993749E+00 3.559838103953411714E+00 3.564537026898800143E+00 2.899094797562653092E+00 2.993722831906860282E+00 3.100093824688078037E+00 3.410104088835083758E+00 2.933583438110563435E+00 2.770613765934616612E+00 3.268989200824693242E+00 3.823312473328363215E+00 3.072418935683995933E+00 2.840952426598269742E+00 3.601799349231264102E+00 3.469025858542360563E+00 3.181332562194857605E+00 3.144484539040079074E+00 2.907345354940554127E+00 3.031902091115160847E+00 2.753704242461523233E+00 2.893553701955115187E+00 2.907318775065710348E+00 1.000000000000000000E+01 1.000000000000000000E+01 1.000000000000000000E+01 1.000000000000000000E+01 1.000000000000000000E+01 1.000000000000000000E+01 1.000000000000000000E+01 1.000000000000000000E+01 1.000000000000000000E+01 1.000000000000000000E+01 1.000000000000000000E+01 1.000000000000000000E+01 1.000000000000000000E+01 1.000000000000000000E+01 1.000000000000000000E+01 1.000000000000000000E+01 1.000000000000000000E+01 1.000000000000000000E+01 1.000000000000000000E+01 1.000000000000000000E+01 1.000000000000000000E+01 1.000000000000000000E+01 1.000000000000000000E+01 5.207824855072937353E+00 4.635262749995390230E+00 3.261727827324807372E+00 3.438393363526149660E+00 3.187901540643937714E+00 4.142929211232062592E+00 4.257140920822725327E+00 5.396233190195697027E+00 6.463573558946369424E+00 6.058124858811743785E+00 5.698999563884088460E+00 5.662741820065456899E+00 6.004389229193738409E+00 8.851672939378111948E+00 1.080869599239469103E+01 1.124264171124230849E+01 1.044800260459292041E+01 9.019924897142683307E+00 1.221178146943378984E+01 1.000000000000000000E+01
1.000000000000000000E+01 1.000000000000000000E+01 1.000000000000000000E+01 1.000000000000000000E+01 1.000000000000000000E+01 1.000000000000000000E+01 1.000000000000000000E+01 1.000000000000000000E+01 1.000000000000000000E+01 1.000000000000000000E+01 1.000000000000000000E+01 1.000000000000000000E+01 3.478014068280476323E+00 2.860831228885249544E+00 2.991078581405016035E+00 3.007364181401182002E+00 4.236500001407629945E+00 4.178044791608931163E+00 4.631225499313337046E+00 3.726326202391657905E+00 4.479653195647649966E+00 4.263983194052754833E+00 4.435206500953462694E+00 3.748307790764887848E+00 4.262152548257379436E+00 3.995334200075956410E+00 3.529187457029303587E+00 2.437732337015309003E+00 2.246036092619196900E+00 2.348526631967796874E+00 2.618926643334210436E+00 2.810280885493281033E+00 2.734364741104211127E+00 2.943336216493045665E+00 2.391450174174856613E+00 2.545296734761080426E+00 2.526322626674104121E+00 2.354606074605839705E+00 2.446827428301978191E+00 2.526878115536828506E+00 3.348519032691784414E+00 4.132765076222806755E+00 4.361819927842695677E+00 6.332249478010266053E+00 4.956404950100598228E+00 4.023939383324500518E+00 4.358576779034600612E+00 5.316879523508680983E+00 4.844577008438776922E+00 4.405409454278654380E+00 4.560446472204864321E+00 4.777589369359569460E+00 4.959708771246351233E+00 5.559494087813769525E+00 5.734185276060772551E+00 6.279303515661553092E+00 7.098831247695458480E+00 7.692558533855899050E+00 7.364680890501251298E+00 6.182093569745721773E+00 5.346897361488354150E+00 4.939362959852760859E+00 6.387270659750896584E+00 6.819322774023648392E+00 7.436889534712525673E+00 5.989528986265832522E+00 4.651081128483601113E+00 5.028399341651363486E+00 3.841991922988892139E+00 3.968049783667412900E+00 4.150994571098240549E+00 4.634216290114911985E+00 5.839578008667439590E+00 6.186564910579176235E+00 6.178811719539511138E+00 9.099247565550024675E+00 6.803243161771407088E+00 6.897236561895788931E+00 5.635068332333383445E+00 5.238607688224345971E+00 5.330363686809334034E+00 4.791426589775100275E+00 4.708056993505330468E+00 4.714898922112312540E+00 4.926935201031865219E+00 4.478172105653045243E+00 4.691891309658126730E+00 3.995632651596533691E+00 2.973180103429973187E+00 2.868764317423675880E+00 3.128616574147944807E+00 3.057392207215674063E+00 3.361963623825045211E+00 3.674193378105726104E+00 3.103008831432557901E+00 3.807586498485735049E+00 3.645699067706117180E+00 3.624479058188851965E+00 3.166524957910464622E+00 3.392942453461674557E+00 2.987064550870975665E+00 2.953085434433389889E+00 2.889015008433502452E+00 3.010454237166082070E+00 3.220156486250445926E+00 3.014526367728466827E+00 3.460223060698666142E+00 1.000000000000000000E+01 1.000000000000000000E+01 1.000000000000000000E+01 1.000000000000000000E+01 1.000000000000000000E+01 1.000000000000000000E+01 1.000000000000000000E+01 1.000000000000000000E+01 1.000000000000000000E+01 1.000000000000000000E+01 1.000000000000000000E+01 1.000000000000000000E+01 1.000000000000000000E+01 1.000000000000000000E+01 1.000000000000000000E+01 1.000000000000000000E+01 1.000000000000000000E+01 1.000000000000000000E+01 1.000000000000000000E+01 1.000000000000000000E+01 1.000000000000000000E+01 1.000000000000000000E+01 1.000000000000000000E+01 1.000000000000000000E+01 1.000000000000000000E+01 1.000000000000000000E+01 1.000000000000000000E+01 4.706420778904158553E+00 3.623989498349184490E+00 5.551532027973238748E+00 5.510694768852956393E+00 4.824588230220763663E+00 5.732340089685851403E+00 4.852755454425747850E+00 5.403450545336971444E+00 5.985865150911065413E+00 6.651685239023340301E+00 8.794010207218637021E+00 1.144700156664729640E+01 1.121282201193674233E+01 1.047712068557262199E+01 8.413908131285843695E+00 8.845178561603335154E+00 1.000000000000000000E+01
1.000000000000000000E+01 1.000000000000000000E+01 1.000000000000000000E+01 1.000000000000000000E+01 1.000000000000000000E+01 1.000000000000000000E+01 1.000000000000000000E+01 1.000000000000000000E+01 1.000000000000000000E+01 1.000000000000000000E+01 1.000000000000000000E+01 3.945691981561616046E+00 3.276142940414224380E+00 2.868162294858207506E+00 3.555581399986996072E+00 3.986923489639389473E+00 3.728126341771952568E+00 4.207377408477143810E+00 4.086290491442882811E+00 4.249163742048287951E+00 4.140170319943545785E+00 4.356771776183884448E+00 4.055453139164835186E+00 3.513722766951237197E+00 3.586546689881706218E+00 4.007794002703016112E+00 4.499511811011458029E+00 3.203716845302648331E+00 3.470804864030656134E+00 2.947960956417511991E+00 3.028546163286125026E+00 3.032365588328535644E+00 2.933872229221480055E+00 3.000244376713247618E+00 2.570027351730463483E+00 2.606229653268531177E+00 2.923801366422022152E+00 2.798160078860688404E+00 2.790623600667433646E+00 2.694560816906482525E+00 3.650511137986244492E+00 4.461919982062442891E+00 4.813311805854784353E+00 4.353089396596762306E+00 5.401373869455948551E+00 4.817121592869563429E+00 5.321063418906324394E+00 4.620337936613679197E+00 3.881178107305219616E+00 4.169563530557363507E+00 4.758757928779536961E+00 4.968690606781470009E+00 4.812699274712605835E+00 5.380607603970549491E+00 5.952018373187079270E+00 7.743650161428578649E+00 8.485041242790350324E+00 8.732678773853081111E+00 8.790245122906290121E+00 8.918645284912146920E+00 6.540127943684158396E+00 4.923951292721935324E+00 5.706903659121320693E+00 6.183558589715359766E+00 7.455020007474851162E+00 7.397482647249061571E+00 6.125268002794359568E+00 4.807599717311077825E+00 4.407616056550955896E+00 4.549504121145133695E+00 4.483734235857586903E+00 5.040181558656724903E+00 6.143001840160849270E+00 6.206420242450863434E+00 7.509770151425395390E+00 6.788410236406486220E+00 5.953237491237441503E+00 5.686541807464862153E+00 5.978755029438110213E+00 5.404654195640765657E+00 5.558140620396917697E+00 4.897288273623757071E+00 5.406162941993390092E+00 5.098056837141870190E+00 5.312445065121772281E+00 4.315256464960962823E+00 4.621289590241319800E+00 3.063801599161072975E+00 2.556913077006106150E+00 2.717222950099853485E+00 2.786517570576674707E+00 3.728829945702782922E+00 4.438150745365519789E+00 4.401381502762107267E+00 4.605463059165811224E+00 4.330631217821355960E+00 3.916832003812874330E+00 2.811407928266306477E+00 3.596705734516800312E+00 3.355173223064348065E+00 3.090596967471941348E+00 3.217836851590939684E+00 3.305680171251157429E+00 3.117815039426756307E+00 3.528726709877120449E+00 3.598117956447682619E+00 3.131164039290776913E+00 1.000000000000000000E+01 1.000000000000000000E+01 1.000000000000000000E+01 1.000000000000000000E+01 1.000000000000000000E+01 1.000000000000000000E+01 1.000000000000000000E+01 1.000000000000000000E+01 1.000000000000000000E+01 1.000000000000000000E+01 1.000000000000000000E+01 1.000000000000000000E+01 1.000000000000000000E+01 1.000000000000000000E+01 1.000000000000000000E+01 1.000000000000000000E+01 1.000000000000000000E+01 1.000000000000000000E+01 1.000000000000000000E+01 1.000000000000000000E+01 1.000000000000000000E+01 1.000000000000000000E+01 1.000000000000000000E+01 1.000000000000000000E+01 1.000000000000000000E+01 1.000000000000000000E+01 1.000000000000000000E+01 1.000000000000000000E+01 1.000000000000000000E+01 1.000000000000000000E+01 5.760644997069183759E+00 4.363436955424567998E+00 5.219525409201758670E+00 5.346459592448827181E+00 6.666001667084469950E+00 5.763156994260558719E+00 7.689487872895445442E+00 1.013448239959701525E+01 9.366861931908582406E+00 8.916095990835978924E+00 9.804967367634242592E+00 8.393512352384721709E+00 7.571882965258329712E+00 1.000000000000000000E+01
1.000000000000000000E+01 1.000000000000000000E+01 1.000000000000000000E+01 1.000000000000000000E+01 1.000000000000000000E+01 1.000000000000000000E+01 1.000000000000000000E+01 1.000000000000000000E+01 1.000000000000000000E+01 1.000000000000000000E+01 1.000000000000000000E+01 3.858789375092811724E+00 3.472726973621318436E+00 3.477523360457652757E+00 3.609076349579648735E+00 3.925260671760175679E+00 4.087757583692891217E+00 3.765539199564602590E+00 3.923606563573739159E+00 5.051654755459806800E+00 4.237340144929146568E+00 4.130166757050116821E+00 4.032644891776370422E+00 3.104151109684198939E+00 3.378288487758716929E+00 3.150110982073091925E+00 3.388172092509248223E+00 3.771724859812184416E+00 3.803420538965217368E+00 3.386377113279602113E+00 3.137621714036618936E+00 3.166076077261590793E+00 3.196980190374548947E+00 3.135799696990739349E+00 2.974536594599040740E+00 2.993076166306771313E+00 3.451811904673712572E+00 3.275339511520570568E+00 3.434220238908203271E+00 3.577076362242106011E+00 3.467752956269730902E+00 4.672933626225528769E+00 3.957055782634224972E+00 3.857969984190040780E+00 4.836866599588038440E+00 5.588124175160374740E+00 5.874485660472448245E+00 4.898666462602549565E+00 3.808446267321351719E+00 3.526505707974081805E+00 3.774693250519047805E+00 4.981529118384496080E+00 4.616566427830457009E+00 5.913401587022993233E+00 6.838393084611208650E+00 7.601947620306920506E+00 9.407972168295231086E+00 9.893268360406228368E+00 8.200092682547849066E+00 7.193676148943400683E+00 6.349531933728152389E+00 6.245636246890797771E+00 5.495319888248769047E+00 5.644726255020156458E+00 7.147348974674711641E+00 6.785726779451898949E+00 6.553115493642926559E+00 4.362208957715523638E+00 5.070365224925172498E+00 4.661171851537820210E+00 4.571317898820547398E+00 5.951896200125447400E+00 5.668259628161556485E+00 6.660084401229443785E+00 7.824620334084930739E+00 6.418531417486346591E+00 6.236934032681707762E+00 5.263918987463955368E+00 6.887159964514131261E+00 5.875828660251753099E+00 5.605505878024032107E+00 5.538281019696261076E+00 5.886697874060793367E+00 5.014189428955416972E+00 5.320870258753860327E+00 4.555330516693986809E+00 5.170813566360813240E+00 3.504181524088354927E+00 2.756034936162097271E+00 2.845503293181377291E+00 3.611054773822603536E+00 4.495700879965820462E+00 4.821798930536336236E+00 5.439207961384440182E+00 4.941401889867480079E+00 4.566147578014919439E+00 4.241017324804729149E+00 3.114883195555181228E+00 3.321306157947951920E+00 3.240492402635854585E+00 3.912706041982414007E+00 3.428705597360699464E+00 3.063492503074384476E+00 2.822773322256831197E+00 3.664302829409658013E+00 3.540212271822194001E+00 1.000000000000000000E+01 1.000000000000000000E+01 1.000000000000000000E+01 1.000000000000000000E+01 1.000000000000000000E+01 1.000000000000000000E+01 1.000000000000000000E+01 1.000000000000000000E+01 1.000000000000000000E+01 1.000000000000000000E+01 1.000000000000000000E+01 1.000000000000000000E+01 1.000000000000000000E+01 1.000000000000000000E+01 1.000000000000000000E+01 1.000000000000000000E+01 1.000000000000000000E+01 1.000000000000000000E+01 1.000000000000000000E+01 1.000000000000000000E+01 1.000000000000000000E+01 1.000000000000000000E+01 1.000000000000000000E+01 1.000000000000000000E+01 1.000000000000000000E+01 1.000000000000000000E+01 1.000000000000000000E+01 1.000000000000000000E+01 1.000000000000000000E+01 1.000000000000000000E+01 1.000000000000000000E+01 1.000000000000000000E+01 1.000000000000000000E+01 1.000000000000000000E+01 5.935715557673214349E+00 7.493267111932113700E+00 8.209693613929932354E+00 8.529037736133556535E+00 7.691924064225984736E+00 8.829386845462693145E+00 7.739600883548114929E+00 6.774021032832521882E+00 7.085955416836672960E+00 7.543425150717223637E+00 1.000000000000000000E+01
1.000000000000000000E+01 1.000000000000000000E+01 1.000000000000000000E+01 1.000000000000000000E+01 1.000000000000000000E+01 1.000000000000000000E+01 1.000000000000000000E+01 1.000000000000000000E+01 1.000000000000000000E+01 1.000000000000000000E+01 4.894662156109924389E+00 4.927298385860040320E+00 4.022800517737227466E+00 3.468885737795087465E+00 3.274206064384069137E+00 4.029707194016400429E+00 3.899390194857920822E+00 3.095627619374323736E+00 3.300922336419993552E+00 3.028976818554638850E+00 3.759158027155892423E+00 3.099230860148450173E+00 3.195304502645127886E+00 2.786418466957484963E+00 2.645828845958309916E+00 2.823895194163395406E+00 2.381717836361126217E+00 3.392218053172192604E+00 4.102902277363677186E+00 3.170715496058331251E+00 3.492218225325228076E+00 3.201068958065258041E+00 2.820314266477280007E+00 2.604449921257502076E+00 3.027845123216388323E+00 3.189252999211243722E+00 3.638163626888103686E+00 2.899895948303519599E+00 3.671391796368820515E+00 4.166676885696730004E+00 3.416432043984330313E+00 3.849326684988224834E+00 4.402924129599278480E+00 4.414732780777250731E+00 5.126150096860527583E+00 5.040052334228526831E+00 5.572095876494163491E+00 4.542982739615336385E+00 3.933996419735147132E+00 3.204641115655199712E+00 3.897016741666093242E+00 4.911330004591552445E+00 6.533141827025985116E+00 6.777222055527682976E+00 7.929638849126653177E+00 8.140846997143011521E+00 7.576533186395673525E+00 9.829347914646026751E+00 7.582694169538834572E+00 7.662992593984239598E+00 6.832886766898334407E+00 7.304201561548687494E+00 5.460935636159604201E+00 5.484939369522020769E+00 7.382925703316302268E+00 7.505461123483192054E+00 5.956736042531781017E+00 4.199771767240656928E+00 4.499305232902798046E+00 4.334466318166863452E+00 4.574789754667612840E+00 5.180273569869802586E+00 4.859297971319183063E+00 7.058213957568312047E+00 6.608107960126297975E+00 7.254331901988662068E+00 5.929440881979354039E+00 7.255638823227596568E+00 5.644383893918964112E+00 7.121061602790199174E+00 5.803770323043629276E+00 5.355615391264305636E+00 4.409232072421903403E+00 4.951646463818693000E+00 5.491605030699718171E+00 5.214573258990921722E+00 5.111386509052668004E+00 4.181668167856434692E+00 5.237008157470425473E+00 4.328938536530541725E+00 4.288754112176602185E+00 5.368064307066074292E+00 5.733010824617978507E+00 5.778481637116034797E+00 4.433670391875673467E+00 4.429172775051289257E+00 3.836455252895445867E+00 4.500502993459823742E+00 3.032916118673630645E+00 3.976996038911119857E+00 4.713220946089492713E+00 4.221550628015309670E+00 3.124636378104659329E+00 3.076538166280366138E+00 3.995301970942241265E+00 4.379703550235501730E+00 1.000000000000000000E+01 1.000000000000000000E+01 1.000000000000000000E+01 1.000000000000000000E+01 1.000000000000000000E+01 1.000000000000000000E+01 1.000000000000000000E+01 1.000000000000000000E+01 1.000000000000000000E+01 1.000000000000000000E+01 1.000000000000000000E+01 1.000000000000000000E+01 1.000000000000000000E+01 1.000000000000000000E+01 1.000000000000000000E+01 1.000000000000000000E+01 1.000000000000000000E+01 1.000000000000000000E+01 1.000000000000000000E+01 1.000000000000000000E+01 1.000000000000000000E+01 1.000000000000000000E+01 1.000000000000000000E+01 1.000000000000000000E+01 1.000000000000000000E+01 1.000000000000000000E+01 1.000000000000000000E+01 1.000000000000000000E+01 1.000000000000000000E+01 1.000000000000000000E+01 1.000000000000000000E+01 1.000000000000000000E+01 1.000000000000000000E+01 1.000000000000000000E+01 1.000000000000000000E+01 1.000000000000000000E+01 8.553097738564071406E+00 8.967269522433467088E+00 9.809174454337172833E+00 1.028394848311241461E+01 8.010103174265129411E+00 5.989179967466923493E+00 5.997938456786389594E+00 6.909413538641956620E+00 1.000000000000000000E+01
1.000000000000000000E+01 1.000000000000000000E+01 1.000000000000000000E+01 1.000000000000000000E+01 1.000000000000000000E+01 1.000000000000000000E+01 1.000000000000000000E+01 1.000000000000000000E+01 1.000000000000000000E+01 1.000000000000000000E+01 4.146507930186687396E+00 4.452404522619032967E+00 4.553992502308046753E+00 3.524315509799525792E+00 3.206212833318011768E+00 3.351145646650480536E+00 3.159529258273384489E+00 2.663794732462136494E+00 2.747576331470609645E+00 3.095181297824791233E+00 2.443114612710383327E+00 2.410294085966615985E+00 2.620496554393288324E+00 2.886686852325963670E+00 2.494984305224122512E+00 2.315411903937929505E+00 2.443334834866206062E+00 2.979987220100162482E+00 2.642339132506121402E+00 2.699064940426809223E+00 2.656559407595381561E+00 2.794673843426779047E+00 2.998782444573821149E+00 2.294981608547819629E+00 3.088588313493410453E+00 3.825546923601540694E+00 3.108789475917852929E+00 3.820793660924151069E+00 3.203194621638493000E+00 3.284079806861707862E+00 2.766653469362429174E+00 3.319709299734043384E+00 3.800914139698409855E+00 4.424707236827725154E+00 4.429012829090798853E+00 4.056310660551543990E+00 4.162073419353570003E+00 4.480209775643070991E+00 4.299679872364782440E+00 3.726457939095591421E+00 3.987329452025123011E+00 5.664334599342072174E+00 5.876586583756505888E+00 7.395573378676664866E+00 7.219661691949088578E+00 6.944867394351499357E+00 6.847976904040173451E+00 7.625341321773188241E+00 6.087437588402015542E+00 6.079087544773696727E+00 6.681930250161331131E+00 5.746263097935273123E+00 6.115216815399348249E+00 5.670234164863266813E+00 6.105120052915329332E+00 6.401873168916957013E+00 5.229505175348535317E+00 4.421666146867534231E+00 4.995725485953562917E+00 4.930403884460853092E+00 4.422870950227136611E+00 4.672304047652969139E+00 5.491746752234717199E+00 6.313409323626363090E+00 6.054948569440428585E+00 4.987252991286827530E+00 5.885693285450156687E+00 6.056123815233709351E+00 6.152491093332823624E+00 7.243994587278217878E+00 6.511575730911896009E+00 5.605341393231794811E+00 4.143144132041602923E+00 5.329706612271266408E+00 5.100257791160872856E+00 5.188305755985630263E+00 4.919483945348074982E+00 5.146016402767728870E+00 5.837082010784543584E+00 5.561548386103140729E+00 5.853349313598998904E+00 6.038201465637209608E+00 6.236016872735913097E+00 5.155672222625305778E+00 4.700271798356075337E+00 5.078505754898277935E+00 4.281127127851934056E+00 4.441831128145492080E+00 3.943579027679402049E+00 4.325960432384400534E+00 3.310234180417118033E+00 3.752862058354768937E+00 3.279568716669010620E+00 3.279085802639097214E+00 3.754826751528603790E+00 1.000000000000000000E+01 1.000000000000000000E+01 1.000000000000000000E+01 1.000000000000000000E+01 1.000000000000000000E+01 1.000000000000000000E+01 1.000000000000000000E+01 1.000000000000000000E+01 1.000000000000000000E+01 1.000000000000000000E+01 1.000000000000000000E+01 1.000000000000000000E+01 1.000000000000000000E+01 1.000000000000000000E+01 1.000000000000000000E+01 1.000000000000000000E+01 1.000000000000000000E+01 1.000000000000000000E+01 1.000000000000000000E+01 1.000000000000000000E+01 1.000000000000000000E+01 1.000000000000000000E+01 1.000000000000000000E+01 1.000000000000000000E+01 1.000000000000000000E+01 1.000000000000000000E+01 1.000000000000000000E+01 1.000000000000000000E+01 1.000000000000000000E+01 1.000000000000000000E+01 1.000000000000000000E+01 1.000000000000000000E+01 1.000000000000000000E+01 1.000000000000000000E+01 1.000000000000000000E+01 1.000000000000000000E+01 1.000000000000000000E+01 1.000000000000000000E+01 1.000000000000000000E+01 1.000000000000000000E+01 8.373278682367738313E+00 8.120958776858840267E+00 6.529304212905959304E+00 6.542588551325179580E+00 5.936800407321491946E+00 1.000000000000000000E+01
1.000000000000000000E+01 1.000000000000000000E+01 1.000000000000000000E+01 1.000000000000000000E+01 1.000000000000000000E+01 1.000000000000000000E+01 1.000000000000000000E+01 1.000000000000000000E+01 1.000000000000000000E+01 1.000000000000000000E+01 4.398886709793918826E+00 3.831515382016063231E+00 3.509245665797428249E+00 3.416177269784306691E+00 3.452518506648966756E+00 2.981917859739903420E+00 2.633033994357705243E+00 2.621701266736273350E+00 2.544422378125728468E+00 2.724994841631241282E+00 2.611110555355935947E+00 2.358902907794771853E+00 2.473894639825843456E+00 2.409392174439431766E+00 2.736616576113372279E+00 2.416523867000605730E+00 2.317588729123577718E+00 2.293027579755166467E+00 2.429649333351604046E+00 1.833518790207581128E+00 1.847548601452350336E+00 2.388754189004939299E+00 2.525264330108563993E+00 2.584965142003336158E+00 3.324799831243564263E+00 3.236832862686170653E+00 2.951321200153864233E+00 3.229469836294654339E+00 3.000600550368073716E+00 2.815540637527758960E+00 2.811154067134334245E+00 3.560221878997962275E+00 3.266226144171326062E+00 4.091523250087222507E+00 4.088814290920534944E+00 3.624764503489392720E+00 3.901718876631832700E+00 4.035948582725556122E+00 4.216295506858249276E+00 3.642739131457546353E+00 5.412398676483084259E+00 6.608682167235964577E+00 6.421054593364355689E+00 8.777818416226342180E+00 7.074511290029800392E+00 7.015570414916351361E+00 6.625428092770935251E+00 6.855009498296900539E+00 5.864771997774802514E+00 5.167674646160214991E+00 6.049046643361941200E+00 6.187835426325460020E+00 6.130921272124315813E+00 5.410003218736647135E+00 6.492285634767351432E+00 6.093012064263063188E+00 5.728129339416656585E+00 6.512923839180228214E+00 4.840310630147356186E+00 4.679748422671469399E+00 4.569468164419451917E+00 4.198410365343501205E+00 4.733616013308123982E+00 3.758045479941380052E+00 4.749610967835351083E+00 5.207346753107998438E+00 6.040450038029479884E+00 6.077773037673987133E+00 7.575824912673380318E+00 7.065715758057683260E+00 7.172363122626475906E+00 6.497064674161781461E+00 5.811265140820998987E+00 5.414691223886849869E+00 5.569421922362978172E+00 5.263836645600608044E+00 4.302006627142750617E+00 5.373099237106881532E+00 6.043204266212073072E+00 4.827645265066848879E+00 5.542198261925327607E+00 5.874112715816456998E+00 5.977169185050216882E+00 4.926730504319533743E+00 4.374870787414730344E+00 4.871830165008268487E+00 3.772088435854501043E+00 4.742616036183211925E+00 4.187055503890575459E+00 3.758473130570881171E+00 3.710053049810046133E+00 4.183088630810530617E+00 3.119505482174959266E+00 2.837172238358056209E+00 3.289479228137842881E+00 1.000000000000000000E+01 1.000000000000000000E+01 1.000000000000000000E+01 1.000000000000000000E+01 1.000000000000000000E+01 1.000000000000000000E+01 1.000000000000000000E+01 1.000000000000000000E+01 1.000000000000000000E+01 1.000000000000000000E+01 1.000000000000000000E+01 1.000000000000000000E+01 1.000000000000000000E+01 1.000000000000000000E+01 1.000000000000000000E+01 1.000000000000000000E+01 1.000000000000000000E+01 1.000000000000000000E+01 1.000000000000000000E+01 1.000000000000000000E+01 1.000000000000000000E+01 1.000000000000000000E+01 1.000000000000000000E+01 1.000000000000000000E+01 1.000000000000000000E+01 1.000000000000000000E+01 1.000000000000000000E+01 1.000000000000000000E+01 1.000000000000000000E+01 1.000000000000000000E+01 1.000000000000000000E+01 1.000000000000000000E+01 1.000000000000000000E+01 1.000000000000000000E+01 1.000000000000000000E+01 1.000000000000000000E+01 1.000000000000000000E+01 1.000000000000000000E+01 1.000000000000000000E+01 1.000000000000000000E+01 1.000000000000000000E+01 1.000000000000000000E+01 1.000000000000000000E+01 7.259575840530349211E+00 5.562200846865000159E+00 1.000000000000000000E+01
1.000000000000000000E+01 1.000000000000000000E+01 1.000000000000000000E+01 1.000000000000000000E+01 1.000000000000000000E+01 1.000000000000000000E+01 1.000000000000000000E+01 1.000000000000000000E+01 1.000000000000000000E+01 4.770711568656042623E+00 4.880401695818395780E+00 3.686473344447770639E+00 3.283819095650016617E+00 3.084043309215121376E+00 3.718668129686656165E+00 3.565277563848522568E+00 3.196047349907388480E+00 2.646611001077971093E+00 3.162436844410376313E+00 3.172396148171806818E+00 2.861581770065598995E+00 2.913589084722080003E+00 2.531546895587874157E+00 2.876110505239563242E+00 3.026266276594289817E+00 2.434666883372212709E+00 2.330649461828520952E+00 2.606962420892490861E+00 2.296973021198775111E+00 2.145212538302442518E+00 2.233985455764103456E+00 2.154178898231354555E+00 2.502752272515198939E+00 2.815627261221895328E+00 2.627617969344286930E+00 3.080347220579312317E+00 3.076456575949645611E+00 2.806198645839004246E+00 3.173048773705164027E+00 2.743084215787852553E+00 3.163116038534721675E+00 2.365901621869817006E+00 3.440582291993510733E+00 3.537025526166289957E+00 3.596096292852068554E+00 3.652654794156126705E+00 3.713935961859086365E+00 3.770345956644684637E+00 4.170380899412385212E+00 4.677084729887326375E+00 5.594930351148762249E+00 6.052425143678671127E+00 6.239241188471524424E+00 9.238851198027903777E+00 7.550917892066358661E+00 7.577656423606291547E+00 7.098022058622381003E+00 6.589773467952803720E+00 6.092482582217289000E+00 6.106077133796302014E+00 7.403512267877870201E+00 6.195978800002825082E+00 6.320531934016487163E+00 5.983141408377828263E+00 5.670091556781587272E+00 5.646752088259319180E+00 5.201847105503620838E+00 5.108895362741193935E+00 4.830450246550237026E+00 5.265942228146451853E+00 4.586720700677326512E+00 3.723917042828995161E+00 4.589560806361761003E+00 4.382237486604855903E+00 5.151409328502979612E+00 5.627563311914616229E+00 6.240070389049324540E+00 7.190243652892134740E+00 8.384210260243561308E+00 6.443910047636979499E+00 6.001609827986253975E+00 6.266854093847173957E+00 6.816534504942493022E+00 6.392560919301293332E+00 5.673495526476989959E+00 5.177807516159243839E+00 4.505148548961929400E+00 4.680887141087661796E+00 4.582341095191789115E+00 5.171984071888156009E+00 5.290904136638079791E+00 5.780808466836101722E+00 6.527992859442814932E+00 6.232616366888164450E+00 5.655945218354033521E+00 6.711829142156043204E+00 5.808706684464279846E+00 4.883536068301536304E+00 4.169748705674300560E+00 4.004347581278673296E+00 4.006178807898105987E+00 3.935824365663600943E+00 3.668337809335310951E+00 3.130976087128606533E+00 1.000000000000000000E+01 1.000000000000000000E+01 1.000000000000000000E+01 1.000000000000000000E+01 1.000000000000000000E+01 1.000000000000000000E+01 1.000000000000000000E+01 1.000000000000000000E+01 1.000000000000000000E+01 1.000000000000000000E+01 1.000000000000000000E+01 1.000000000000000000E+01 1.000000000000000000E+01 1.000000000000000000E+01 1.000000000000000000E+01 1.000000000000000000E+01 1.000000000000000000E+01 1.000000000000000000E+01 1.000000000000000000E+01 1.000000000000000000E+01 1.000000000000000000E+01 1.000000000000000000E+01 1.000000000000000000E+01 1.000000000000000000E+01 1.000000000000000000E+01 1.000000000000000000E+01 1.000000000000000000E+01 1.000000000000000000E+01 1.000000000000000000E+01 1.000000000000000000E+01 1.000000000000000000E+01 1.000000000000000000E+01 1.000000000000000000E+01 1.000000000000000000E+01 1.000000000000000000E+01 1.000000000000000000E+01 1.000000000000000000E+01 1.000000000000000000E+01 1.000000000000000000E+01 1.000000000000000000E+01 1.000000000000000000E+01 1.000000000000000000E+01 1.000000000000000000E+01 1.000000000000000000E+01 1.000000000000000000E+01 1.000000000000000000E+01 1.000000000000000000E+01
1.000000000000000000E+01 1.000000000000000000E+01 1.000000000000000000E+01 1.000000000000000000E+01 1.000000000000000000E+01 1.000000000000000000E+01 1.000000000000000000E+01 1.000000000000000000E+01 1.000000000000000000E+01 4.838986455909602746E+00 4.586218738749749946E+00 4.066621830839999951E+00 3.514594875353250103E+00 3.089812001861991231E+00 3.363816942123622589E+00 3.852557931947972580E+00 3.759980849603931752E+00 2.897485551616324262E+00 2.670677739701369013E+00 3.345961199779535544E+00 3.571623561485952614E+00 3.120510618359566557E+00 3.331270733535850237E+00 3.367137398670318582E+00 2.755356430153545144E+00 2.336122474675077942E+00 2.477546818707753840E+00 2.619630305705620721E+00 2.454788423564547184E+00 2.009055531058955957E+00 2.380640394812824745E+00 2.554994921563110477E+00 2.568775850424285245E+00 2.586800092115176586E+00 2.998604759594556413E+00 4.028647182708431806E+00 3.780642504033350892E+00 3.061482862027562035E+00 2.993938962255690228E+00 3.902017220949537180E+00 2.917877929623050814E+00 3.226414650217645619E+00 3.322433045101812699E+00 2.987280921104695786E+00 3.126737825166657103E+00 3.748289411223021617E+00 3.725189638832711925E+00 3.907402925873948885E+00 4.167316367388033349E+00 5.726798494086911440E+00 6.925174267016314111E+00 6.581669804050601869E+00 7.411536981994882645E+00 8.058165324638405735E+00 8.809974887340816352E+00 9.063628597696235190E+00 7.163833857253995241E+00 7.494923941827902780E+00 8.850919430302933932E+00 7.526416064200712519E+00 5.918269920947014207E+00 6.406061554898797361E+00 6.244630689112812050E+00 5.630996778614537845E+00 4.651884628884174866E+00 3.990256042985598661E+00 3.963319945772048492E+00 4.517479835797687748E+00 4.232485700572629739E+00 5.311163485925807670E+00 4.572275533961556171E+00 4.446646265741276416E+00 4.522383007859774651E+00 5.499591745050087965E+00 5.908691418637037174E+00 6.238896314711780633E+00 6.857964347265130378E+00 8.753049452703979938E+00 8.838933532637161861E+00 8.104255858587357864E+00 9.292957159782226029E+00 8.126996406599571898E+00 9.044551266752238305E+00 8.402979578976294661E+00 7.055208068263778109E+00 5.745428867791052774E+00 5.435745953103921835E+00 4.583384187843550173E+00 3.724329261915229949E+00 4.927285237297597931E+00 5.862583836188180797E+00 6.183663852501748437E+00 5.953195350631297345E+00 6.348639393038712164E+00 5.485257714237830484E+00 5.653561518396776009E+00 6.544283555695485255E+00 4.736257551035324198E+00 5.146531774624802047E+00 4.414406043202998120E+00 4.346181498269531041E+00 4.992796720524766307E+00 3.702503718631388718E+00 3.627346836489563575E+00 1.000000000000000000E+01 1.000000000000000000E+01 1.000000000000000000E+01 1.000000000000000000E+01 1.000000000000000000E+01 1.000000000000000000E+01 1.000000000000000000E+01 1.000000000000000000E+01 1.000000000000000000E+01 1.000000000000000000E+01 1.000000000000000000E+01 1.000000000000000000E+01 1.000000000000000000E+01 1.000000000000000000E+01 1.000000000000000000E+01 1.000000000000000000E+01 1.000000000000000000E+01 1.000000000000000000E+01 1.000000000000000000E+01 1.000000000000000000E+01 1.000000000000000000E+01 1.000000000000000000E+01 1.000000000000000000E+01 1.000000000000000000E+01 1.000000000000000000E+01 1.000000000000000000E+01 1.000000000000000000E+01 1.000000000000000000E+01 1.000000000000000000E+01 1.000000000000000000E+01 1.000000000000000000E+01 1.000000000000000000E+01 1.000000000000000000E+01 1.000000000000000000E+01 1.000000000000000000E+01 1.000000000000000000E+01 1.000000000000000000E+01 1.000000000000000000E+01 1.000000000000000000E+01 1.000000000000000000E+01 1.000000000000000000E+01 1.000000000000000000E+01 1.000000000000000000E+01 1.000000000000000000E+01 1.000000000000000000E+01 1.000000000000000000E+01 1.000000000000000000E+01
1.000000000000000000E+01 1.000000000000000000E+01 1.000000000000000000E+01 1.000000000000000000E+01 1.000000000000000000E+01 1.000000000000000000E+01 1.000000000000000000E+01 1.000000000000000000E+01 4.227626590461855294E+00 4.235831912062031357E+00 4.424286748044003126E+00 4.261488002987572798E+00 4.287887141011599290E+00 3.948047551119354015E+00 4.089153366823180313E+00 3.782258009461694215E+00 3.870131684603546507E+00 3.201668248686393436E+00 2.904585977319338763E+00 3.366433595451022498E+00 3.712057560947453094E+00 3.212784647074637512E+00 3.135977480073226964E+00 2.864540642988720354E+00 3.165652188779644494E+00 3.070502953461631268E+00 3.492055421627220380E+00 3.389822624877763868E+00 3.201931815489204691E+00 2.305754536190741000E+00 2.573413967995923368E+00 2.479564520598874999E+00 2.440179854858291808E+00 2.523665739377195294E+00 3.341250526141256394E+00 3.272428253908188367E+00 3.993281287324230711E+00 4.547191406257807600E+00 3.711669613099040088E+00 3.965080158815916356E+00 4.026291352235793042E+00 3.489609123143587954E+00 2.963977712805420772E+00 3.360662699103109219E+00 3.850916341772608664E+00 3.381843898768295276E+00 3.981485253532492052E+00 5.165349000387075229E+00 5.696937864722602107E+00 5.904771894173061142E+00 7.393568576829831152E+00 7.593602412595759077E+00 6.786593645100471583E+00 8.259051777979275144E+00 8.613777964001569032E+00 9.107613244477416714E+00 7.978518839722348766E+00 8.251518660804201488E+00 9.460026686481834091E+00 7.211030626313371883E+00 7.281306127010172879E+00 6.011825218608643162E+00 7.801647844892348971E+00 7.107639880337303318E+00 5.311699212147727778E+00 4.054622087229029503E+00 4.137926986042932853E+00 4.356921572831408795E+00 4.494158423712467432E+00 4.525333677971453028E+00 5.416709537414500453E+00 4.413600092252503160E+00 4.893604892479419988E+00 6.540966732986189136E+00 6.571189464509448186E+00 7.074387837255232014E+00 7.541855942407872604E+00 6.917177197468403094E+00 1.029061446919926048E+01 8.725419986796588034E+00 7.273793806207187629E+00 9.505930452414547815E+00 7.926419333904304310E+00 7.245963238684709040E+00 5.804134260877005680E+00 5.163767616097041824E+00 5.473284816408933828E+00 5.570748506510595277E+00 4.937887003588384616E+00 5.548866564388635680E+00 5.689456816506877068E+00 6.268839904699540000E+00 5.856927328343207506E+00 5.837592656843531458E+00 6.174592687609841590E+00 6.450925760599082182E+00 6.437711992836514519E+00 5.396808109672643461E+00 5.115196863892018442E+00 4.320099902368388811E+00 4.493782049101938014E+00 4.209447132235817790E+00 3.434416487091649373E+00 1.000000000000000000E+01 1.000000000000000000E+01 1.000000000000000000E+01 1.000000000000000000E+01 1.000000000000000000E+01 1.000000000000000000E+01 1.000000000000000000E+01 1.000000000000000000E+01 1.000000000000000000E+01 1.000000000000000000E+01 1.000000000000000000E+01 1.000000000000000000E+01 1.000000000000000000E+01 1.000000000000000000E+01 1.000000000000000000E+01 1.000000000000000000E+01 1.000000000000000000E+01 1.000000000000000000E+01 1.000000000000000000E+01 1.000000000000000000E+01 1.000000000000000000E+01 1.000000000000000000E+01 1.000000000000000000E+01 1.000000000000000000E+01 1.000000000000000000E+01 1.000000000000000000E+01 1.000000000000000000E+01 1.000000000000000000E+01 1.000000000000000000E+01 1.000000000000000000E+01 1.000000000000000000E+01 1.000000000000000000E+01 1.000000000000000000E+01 1.000000000000000000E+01 1.000000000000000000E+01 1.000000000000000000E+01 1.000000000000000000E+01 1.000000000000000000E+01 1.000000000000000000E+01 1.000000000000000000E+01 1.000000000000000000E+01 1.000000000000000000E+01 1.000000000000000000E+01 1.000000000000000000E+01 1.000000000000000000E+01 1.000000000000000000E+01 1.000000000000000000E+01 1.000000000000000000E+01
1.000000000000000000E+01 1.000000000000000000E+01 1.000000000000000000E+01 1.000000000000000000E+01 1.000000000000000000E+01 1.000000000000000000E+01 1.000000000000000000E+01 1.000000000000000000E+01 3.589733843739416397E+00 3.056324640198809117E+00 4.107074258237565445E+00 4.616025296918779830E+00 4.192810399838521107E+00 3.550129248352452027E+00 3.942396683134410829E+00 3.590267624368189026E+00 3.739536628845974597E+00 3.359983880632565700E+00 3.269408316065257836E+00 3.536424217764533307E+00 2.821755289497856811E+00 2.979823959106401965E+00 3.638031377988157455E+00 3.247622368458873865E+00 3.309528724157630553E+00 3.310124658225038541E+00 4.014409763711131340E+00 3.662469281392318976E+00 3.506299751302116796E+00 2.789361622252851447E+00 2.904668528633896685E+00 3.152783507816953268E+00 3.095929244160406046E+00 3.408889913091975643E+00 2.713325257528418355E+00 3.576362377628754086E+00 3.023025132775759349E+00 3.456166423281755939E+00 3.849787258197538975E+00 3.629996013216788775E+00 4.194160848116138318E+00 4.369434156167014471E+00 3.403940151977349338E+00 4.652117363908182313E+00 4.399400810984977817E+00 3.815971984961186614E+00 4.326859285542907330E+00 6.176694859860159426E+00 5.895162193852748977E+00 4.938299895658404104E+00 6.276559416025053295E+00 5.531162738431242509E+00 6.661615415957570896E+00 6.571519627153763032E+00 1.040853666048804449E+01 8.624443187760835627E+00 9.393821300287720888E+00 8.133982435568261948E+00 9.349875425604674106E+00 8.844529338484461434E+00 6.379111436422212122E+00 7.221584994901785848E+00 7.358553440518408983E+00 7.459218901838042370E+00 7.341293458331437982E+00 4.788100920636301439E+00 3.364731084010559314E+00 4.287925764008905460E+00 5.949738604320475410E+00 5.170774832352724282E+00 6.078702199753511337E+00 5.899267280375779521E+00 6.018034071622447634E+00 7.229594644592310715E+00 8.271726549571521758E+00 8.873236794090971102E+00 7.451782722439489248E+00 8.035117070145936680E+00 8.860812853138385847E+00 9.973233516540405574E+00 7.266271874633456918E+00 9.247194049788820536E+00 7.810171848823462604E+00 7.225157492898225620E+00 7.014601432713134521E+00 7.498825508277005447E+00 5.591835062726040917E+00 5.323974434931429300E+00 4.672339130259826057E+00 4.963255475535016892E+00 5.794527503678346569E+00 5.457302721647151245E+00 5.236244879412159214E+00 5.970035966912880632E+00 6.655538356492179730E+00 6.294457149554069098E+00 5.609655748934882169E+00 5.565936245190534315E+00 5.785400419157248564E+00 3.648271086955332088E+00 4.800209048476854257E+00 4.039445450954874062E+00 3.718337135642828084E+00 1.000000000000000000E+01 1.000000000000000000E+01 1.000000000000000000E+01 1.000000000000000000E+01 1.000000000000000000E+01 1.000000000000000000E+01 1.000000000000000000E+01 1.000000000000000000E+01 1.000000000000000000E+01 1.000000000000000000E+01 1.000000000000000000E+01 1.000000000000000000E+01 1.000000000000000000E+01 1.000000000000000000E+01 1.000000000000000000E+01 1.000000000000000000E+01 1.000000000000000000E+01 1.000000000000000000E+01 1.000000000000000000E+01 1.000000000000000000E+01 1.000000000000000000E+01 1.000000000000000000E+01 1.000000000000000000E+01 1.000000000000000000E+01 1.000000000000000000E+01 1.000000000000000000E+01 1.000000000000000000E+01 1.000000000000000000E+01 1.000000000000000000E+01 1.000000000000000000E+01 1.000000000000000000E+01 1.000000000000000000E+01 1.000000000000000000E+01 1.000000000000000000E+01 1.000000000000000000E+01 1.000000000000000000E+01 1.000000000000000000E+01 1.000000000000000000E+01 1.000000000000000000E+01 1.000000000000000000E+01 1.000000000000000000E+01 1.000000000000000000E+01 1.000000000000000000E+01 1.000000000000000000E+01 1.000000000000000000E+01 1.000000000000000000E+01 1.000000000000000000E+01 1.000000000000000000E+01
1.000000000000000000E+01 1.000000000000000000E+01 1.000000000000000000E+01 1.000000000000000000E+01 1.000000000000000000E+01 1.000000000000000000E+01 1.000000000000000000E+01 4.175882877360166390E+00 3.820546681777345022E+00 3.844210215110110074E+00 4.772626701431844864E+00 4.453252155672571710E+00 4.060610949307346118E+00 3.706844139713399322E+00 3.699291420037271738E+00 3.459036431476274931E+00 2.871459337870390094E+00 2.430582660446306775E+00 3.278661000488804156E+00 3.496856349083600435E+00 3.478391323706114591E+00 3.231708560732756030E+00 3.544943850433515120E+00 3.607835716408173354E+00 3.086554667318400114E+00 2.850054561040512358E+00 3.895676259349354797E+00 3.503258888284432881E+00 3.474636644252987239E+00 3.174300436789452728E+00 4.031279974085788531E+00 3.467813962810680550E+00 3.181320669255912836E+00 3.450711267171377994E+00 3.711428616450603624E+00 3.764330740102767692E+00 3.576710577849913975E+00 3.954659785129255756E+00 4.676455528069871193E+00 4.228953608773215578E+00 3.656728889695438411E+00 5.255872788936988727E+00 4.653323721945770153E+00 5.084446235220585031E+00 4.518950502692184124E+00 4.562748076539623554E+00 4.756471954649265754E+00 5.739919370003087273E+00 5.898695903617432457E+00 5.836621743507022231E+00 6.152948423729082350E+00 5.538261290107397095E+00 7.408685037713569344E+00 6.816413088121321628E+00 8.911334667091274753E+00 9.479048417128103310E+00 7.773719821503392247E+00 9.816890424086979650E+00 9.506199170414850741E+00 7.691790162842394807E+00 7.666206331511060235E+00 8.315297564035340372E+00 7.904141670913500839E+00 5.976171160971926355E+00 4.876325831144082024E+00 4.439490199752536448E+00 4.885304080702813856E+00 6.570913029288798057E+00 5.983326590147910018E+00 6.690585599633357639E+00 6.420474196082926355E+00 7.235005641846248281E+00 8.336814273268492670E+00 8.627015788269149610E+00 9.285155107402419006E+00 8.386081986030506030E+00 8.951153616611511765E+00 8.253451593756837568E+00 9.767327538986201318E+00 1.253017570244846546E+01 9.119423208728747454E+00 9.142303633459178513E+00 8.552119349241115387E+00 8.505905726059072691E+00 8.417795214146506666E+00 7.211089384450551698E+00 6.355745207364759786E+00 4.870489077758274554E+00 5.713002056320059197E+00 4.442856761247963249E+00 5.480565830006746353E+00 4.665710386946454236E+00 4.681195722106798129E+00 5.585705607761746627E+00 6.891631412398623091E+00 5.177750995186436889E+00 5.656719083743052323E+00 6.765729072289870416E+00 6.639503660362320758E+00 4.934214006153894161E+00 4.030482057337338553E+00 3.913771258839012113E+00 1.000000000000000000E+01 1.000000000000000000E+01 1.000000000000000000E+01 1.000000000000000000E+01 1.000000000000000000E+01 1.000000000000000000E+01 1.000000000000000000E+01 1.000000000000000000E+01 1.000000000000000000E+01 1.000000000000000000E+01 1.000000000000000000E+01 1.000000000000000000E+01 1.000000000000000000E+01 1.000000000000000000E+01 1.000000000000000000E+01 1.000000000000000000E+01 1.000000000000000000E+01 1.000000000000000000E+01 1.000000000000000000E+01 1.000000000000000000E+01 1.000000000000000000E+01 1.000000000000000000E+01 1.000000000000000000E+01 1.000000000000000000E+01 1.000000000000000000E+01 1.000000000000000000E+01 1.000000000000000000E+01 1.000000000000000000E+01 1.000000000000000000E+01 1.000000000000000000E+01 1.000000000000000000E+01 1.000000000000000000E+01 1.000000000000000000E+01 1.000000000000000000E+01 1.000000000000000000E+01 1.000000000000000000E+01 1.000000000000000000E+01 1.000000000000000000E+01 1.000000000000000000E+01 1.000000000000000000E+01 1.000000000000000000E+01 1.000000000000000000E+01 1.000000000000000000E+01 1.000000000000000000E+01 1.000000000000000000E+01 1.000000000000000000E+01 1.000000000000000000E+01 1.000000000000000000E+01 1.000000000000000000E+01
1.000000000000000000E+01 1.000000000000000000E+01 1.000000000000000000E+01 1.000000000000000000E+01 1.000000000000000000E+01 1.000000000000000000E+01 1.000000000000000000E+01 4.833533902193623000E+00 3.748507376704333094E+00 5.033473469927765898E+00 4.550246199187751195E+00 4.100731435606228992E+00 4.538761683618406373E+00 3.160986211430136805E+00 3.484507525331008715E+00 3.609996708850200520E+00 2.577603793765869344E+00 2.505060138582714035E+00 2.732451501212810108E+00 3.253311904648232389E+00 3.888859623394476550E+00 3.232263042754923710E+00 3.330973836754301143E+00 3.655617531016055466E+00 3.079347016725288100E+00 3.617611415387186558E+00 3.550596547535151970E+00 4.739550270947925803E+00 3.627912875187282005E+00 3.616949021152104038E+00 4.137889307366901193E+00 4.352047776076542362E+00 3.211616552412202008E+00 4.753471420954223703E+00 4.452957040367810038E+00 3.725319709493167597E+00 4.420648275684242456E+00 3.538596031632681882E+00 3.870512897536432906E+00 4.222330976374258249E+00 4.222967436797594232E+00 4.511493742015360908E+00 4.545903832219575058E+00 4.330437686544961196E+00 4.587059985402158979E+00 4.979290513166452214E+00 4.661706186066241209E+00 4.349138518509232831E+00 5.321150451374302648E+00 4.597376038715718316E+00 5.656540577502855882E+00 4.920785386695497365E+00 5.583494872619378491E+00 6.842259852187921432E+00 8.688982490661153690E+00 7.873475051411690906E+00 8.933428368240779349E+00 8.666115166352875931E+00 7.007066797609687647E+00 6.603450425493202935E+00 6.936085420729293460E+00 7.551126934983544814E+00 6.904942209162433286E+00 5.428567904538451394E+00 4.274985844285978054E+00 4.177654104756858722E+00 3.878789333021520847E+00 4.977275117448867192E+00 5.703839645964695393E+00 7.807382515197049955E+00 6.857005211694470859E+00 8.362044764532424068E+00 8.038540883536272830E+00 8.887088056611778697E+00 9.282644927456784600E+00 9.611267439420426939E+00 9.556565554445556998E+00 9.923703805901643804E+00 8.749891240108723878E+00 1.064924736847260256E+01 1.258404239651117784E+01 1.106562846273639700E+01 8.801982640513770662E+00 8.416285645769590928E+00 7.117572991334702337E+00 6.224184984461812675E+00 5.305432096767225048E+00 5.572484697164387768E+00 5.906855909056589304E+00 4.847829985353912186E+00 4.988803555230790998E+00 4.629545367027400715E+00 4.703659406571190971E+00 4.684955778032052542E+00 5.633724887716613061E+00 5.348113079131473491E+00 6.142019032845491999E+00 5.586679852181329231E+00 5.699985571440118193E+00 5.575822853691564163E+00 4.467764863080938120E+00 4.060727529586679374E+00 1.000000000000000000E+01 1.000000000000000000E+01 1.000000000000000000E+01 1.000000000000000000E+01 1.000000000000000000E+01 1.000000000000000000E+01 1.000000000000000000E+01 1.000000000000000000E+01 1.000000000000000000E+01 1.000000000000000000E+01 1.000000000000000000E+01 1.000000000000000000E+01 1.000000000000000000E+01 1.000000000000000000E+01 1.000000000000000000E+01 1.000000000000000000E+01 1.000000000000000000E+01 1.000000000000000000E+01 1.000000000000000000E+01 1.000000000000000000E+01 1.000000000000000000E+01 1.000000000000000000E+01 1.000000000000000000E+01 1.000000000000000000E+01 1.000000000000000000E+01 1.000000000000000000E+01 1.000000000000000000E+01 1.000000000000000000E+01 1.000000000000000000E+01 1.000000000000000000E+01 1.000000000000000000E+01 1.000000000000000000E+01 1.000000000000000000E+01 1.000000000000000000E+01 1.000000000000000000E+01 1.000000000000000000E+01 1.000000000000000000E+01 1.000000000000000000E+01 1.000000000000000000E+01 1.000000000000000000E+01 1.000000000000000000E+01 1.000000000000000000E+01 1.000000000000000000E+01 1.000000000000000000E+01 1.000000000000000000E+01 1.000000000000000000E+01 1.000000000000000000E+01 1.000000000000000000E+01 1.000000000000000000E+01
1.000000000000000000E+01 1.000000000000000000E+01 1.000000000000000000E+01 1.000000000000000000E+01 1.000000000000000000E+01 1.000000000000000000E+01 5.249382323478777757E+00 3.953054508758186536E+00 4.152804011111681959E+00 5.038336303064770760E+00 3.363260633618265327E+00 4.082472809149045645E+00 3.791150291318462706E+00 2.799704098104620620E+00 3.182930061596878080E+00 3.285431504257470881E+00 3.221613555006039409E+00 2.746022312959029765E+00 3.105538429087047358E+00 3.486593361501272970E+00 3.216875241902032112E+00 3.168949270604553892E+00 4.090091565099517545E+00 3.949257424054896770E+00 3.811349564045765970E+00 3.861686487954531177E+00 4.319737961831314088E+00 4.203020309652405473E+00 4.726637534444328104E+00 4.447909830780903739E+00 3.617806599958389491E+00 3.822199572400625467E+00 3.817082474682540916E+00 3.868066600952088763E+00 4.730154797320058613E+00 4.146045504737229770E+00 4.815936974119699343E+00 3.776977874616285202E+00 3.452268015804084378E+00 3.319185003518283050E+00 3.114328349338026047E+00 3.719619025798145628E+00 4.188208304062454701E+00 4.668001897188959859E+00 5.052945796442189774E+00 5.366732352729561839E+00 4.536048672961134898E+00 4.942614801068139663E+00 5.478673432107989072E+00 4.077877409209468063E+00 4.680761600224752073E+00 5.016531700244677872E+00 5.289640042056610092E+00 7.361354900985302763E+00 8.289796351581760092E+00 7.115120153945494685E+00 7.131385901265272054E+00 1.008118649687837554E+01 6.194943718295225388E+00 5.771495318506380201E+00 6.247284819060371142E+00 5.869402610030501677E+00 5.126597586231518733E+00 4.975738526317726951E+00 4.751279719550683289E+00 4.481854542455536716E+00 4.503499555599308479E+00 4.393588443635653817E+00 5.033835110696653459E+00 5.810764071045999124E+00 6.562143325660800386E+00 5.887273735244233031E+00 6.781218489778846781E+00 9.379850910904583117E+00 1.070460929105367143E+01 9.774661307795458498E+00 9.486385998372284689E+00 9.290299251204586994E+00 9.673549116473608933E+00 1.036999261440204201E+01 1.246129877428360722E+01 1.062860102856885902E+01 9.768002802275836061E+00 8.371927746084601552E+00 7.481046665968150933E+00 6.395689515206312237E+00 5.892554067694772968E+00 5.974827711336417657E+00 5.949110491754196595E+00 4.787934089722903686E+00 6.275291770488824916E+00 5.439329829053214382E+00 5.022049418841112889E+00 5.464589849067150951E+00 4.599417645586666659E+00 4.858452203879940257E+00 5.883714299891399158E+00 5.490768655113710039E+00 5.570023012643973814E+00 5.012819984357673064E+00 4.837743579277637096E+00 4.315596661343124474E+00 1.000000000000000000E+01 1.000000000000000000E+01 1.000000000000000000E+01 1.000000000000000000E+01 1.000000000000000000E+01 1.000000000000000000E+01 1.000000000000000000E+01 1.000000000000000000E+01 1.000000000000000000E+01 1.000000000000000000E+01 1.000000000000000000E+01 1.000000000000000000E+01 1.000000000000000000E+01 1.000000000000000000E+01 1.000000000000000000E+01 1.000000000000000000E+01 1.000000000000000000E+01 1.000000000000000000E+01 1.000000000000000000E+01 1.000000000000000000E+01 1.000000000000000000E+01 1.000000000000000000E+01 1.000000000000000000E+01 1.000000000000000000E+01 1.000000000000000000E+01 1.000000000000000000E+01 1.000000000000000000E+01 1.000000000000000000E+01 1.000000000000000000E+01 1.000000000000000000E+01 1.000000000000000000E+01 1.000000000000000000E+01 1.000000000000000000E+01 1.000000000000000000E+01 1.000000000000000000E+01 1.000000000000000000E+01 1.000000000000000000E+01 1.000000000000000000E+01 1.000000000000000000E+01 1.000000000000000000E+01 1.000000000000000000E+01 1.000000000000000000E+01 1.000000000000000000E+01 1.000000000000000000E+01 1.000000000000000000E+01 1.000000000000000000E+01 1.000000000000000000E+01 1.000000000000000000E+01 1.000000000000000000E+01
1.000000000000000000E+01 1.000000000000000000E+01 1.000000000000000000E+01 1.000000000000000000E+01 1.000000000000000000E+01 1.000000000000000000E+01 4.279441221118070793E+00 3.670720659545900322E+00 4.370990779537071269E+00 4.475884119299373687E+00 2.814905007793414349E+00 3.375564697809622761E+00 3.577534363930332528E+00 3.637215608870817629E+00 2.887191795052545640E+00 3.043187228325764604E+00 3.523260974917299837E+00 2.975794882828578736E+00 3.466803319530279204E+00 4.042006536774529479E+00 3.320815834282400569E+00 3.822433347695699979E+00 4.451642424340948700E+00 5.022191141602482922E+00 3.811123106114988168E+00 4.865109221907443882E+00 4.790944014314054478E+00 4.743751666929375332E+00 4.750006626750081118E+00 3.907844398345071468E+00 3.739318452894211831E+00 4.291570942156018198E+00 4.105841467684968826E+00 4.719348151116427026E+00 4.200222792306818498E+00 4.149343599204372346E+00 4.386676446079994740E+00 3.766624499802579518E+00 3.461704525455501447E+00 3.338241932380866750E+00 4.880774634365295128E+00 4.314831435483951871E+00 3.872445516290006662E+00 4.888575786100821219E+00 4.340746144508849547E+00 6.023404808434211333E+00 5.117818962642786573E+00 6.806107785878267258E+00 5.273606203167155115E+00 4.666728541870314828E+00 4.527728979419890720E+00 4.598718326929744471E+00 5.700059253278020321E+00 7.010703494903878230E+00 8.403647768789038963E+00 7.231137167147595690E+00 8.276665016027189736E+00 7.866679085160012797E+00 6.646430628587228995E+00 6.948517470230354931E+00 8.044913298963368931E+00 5.791901411562317747E+00 5.795722015491481471E+00 5.838714002698599081E+00 5.516490913650287986E+00 4.526643092343475061E+00 4.573297476378959558E+00 5.219495902889713435E+00 5.538234786098173323E+00 5.874639298730005343E+00 5.395564291152163960E+00 6.639239108309919146E+00 9.005807042447949939E+00 9.485870193770136183E+00 8.700147492639207059E+00 9.648891913521431718E+00 9.194433129682863637E+00 9.172080121536561492E+00 8.195842682743702312E+00 8.398754005571815284E+00 9.041110233132505059E+00 9.820498156560677927E+00 1.042043611121791358E+01 6.955494010838480179E+00 7.346440560094562144E+00 6.480330631674152464E+00 6.556969758715631258E+00 5.399826403990600099E+00 5.401567567912501033E+00 6.860184758213003775E+00 6.287946666005052698E+00 5.833920465030623781E+00 4.076411866906883397E+00 4.222710618517339753E+00 5.481230089039203612E+00 4.445675543875069913E+00 4.578107502124983519E+00 5.122202632701776892E+00 5.367198094726099988E+00 5.844786428263478051E+00 6.446704355600560987E+00 1.000000000000000000E+01 1.000000000000000000E+01 1.000000000000000000E+01 1.000000000000000000E+01 1.000000000000000000E+01 1.000000000000000000E+01 1.000000000000000000E+01 1.000000000000000000E+01 1.000000000000000000E+01 1.000000000000000000E+01 1.000000000000000000E+01 1.000000000000000000E+01 1.000000000000000000E+01 1.000000000000000000E+01 1.000000000000000000E+01 1.000000000000000000E+01 1.000000000000000000E+01 1.000000000000000000E+01 1.000000000000000000E+01 1.000000000000000000E+01 1.000000000000000000E+01 1.000000000000000000E+01 1.000000000000000000E+01 1.000000000000000000E+01 1.000000000000000000E+01 1.000000000000000000E+01 1.000000000000000000E+01 1.000000000000000000E+01 1.000000000000000000E+01 1.000000000000000000E+01 1.000000000000000000E+01 1.000000000000000000E+01 1.000000000000000000E+01 1.000000000000000000E+01 1.000000000000000000E+01 1.000000000000000000E+01 1.000000000000000000E+01 1.000000000000000000E+01 1.000000000000000000E+01 1.000000000000000000E+01 1.000000000000000000E+01 1.000000000000000000E+01 1.000000000000000000E+01 1.000000000000000000E+01 1.000000000000000000E+01 1.000000000000000000E+01 1.000000000000000000E+01 1.000000000000000000E+01 1.000000000000000000E+01 1.000000000000000000E+01
1.000000000000000000E+01 1.000000000000000000E+01 1.000000000000000000E+01 1.000000000000000000E+01 1.000000000000000000E+01 4.602331210942453232E+00 4.520284449729041754E+00 4.215350757281702165E+00 4.156154628072465052E+00 3.966839884278453798E+00 3.233760312651296598E+00 3.579312738323435106E+00 3.339625471648486776E+00 3.554225374631950540E+00 3.052621253554331560E+00 2.918572008225115422E+00 3.345590042899765137E+00 3.222783835832759625E+00 3.280251373192413222E+00 3.334595638455868816E+00 3.329964776262948067E+00 3.486280715984741096E+00 5.319018986304572927E+00 6.057190474905251421E+00 5.812605302388154094E+00 4.011183023853002183E+00 5.658069100644893545E+00 5.098220040336522096E+00 4.660535070520576362E+00 4.274831068764908260E+00 3.490215853077322627E+00 4.187630579658483398E+00 5.102876641929924517E+00 5.411401119257066128E+00 4.938668384926041988E+00 4.419361634422769747E+00 4.479972939249454278E+00 3.832668872699321216E+00 2.854350603571807365E+00 3.763423848781993097E+00 4.106690825903978492E+00 4.008031055318086899E+00 4.671246646190930107E+00 3.902048224754385064E+00 4.761656041408710571E+00 4.999555967078087804E+00 5.110509622898650406E+00 5.045057306990877954E+00 5.272145397262805844E+00 4.534468913098375076E+00 4.595191788057737092E+00 4.849087765750723200E+00 6.695250614703211589E+00 6.760168115517672938E+00 9.636405764088348036E+00 7.113404561796719427E+00 7.834871467018991176E+00 8.875422490066512182E+00 7.787486757897437606E+00 8.237473236523724651E+00 9.352227647597178617E+00 7.828809650941454201E+00 7.150338221640264891E+00 6.352266027958058281E+00 5.435782097070239516E+00 4.654337807798767379E+00 5.811482181437844119E+00 6.510466689652038674E+00 6.167436740682089358E+00 5.668097437336358624E+00 6.471313280405631474E+00 6.915437240799557905E+00 8.732237682742484353E+00 8.330063073254407868E+00 8.361780227847313895E+00 7.673603717692325965E+00 7.159970296695738590E+00 7.298835953760325346E+00 7.866257825124613134E+00 7.252883007153982931E+00 7.452231248331781188E+00 7.294686009074745847E+00 7.897175574881702964E+00 6.671085582871135067E+00 7.145409854153922602E+00 6.553473856049684798E+00 5.553871239113289171E+00 6.333196085732889280E+00 5.829543520276196489E+00 6.022399845603891855E+00 4.846902471164423964E+00 4.991253626868217275E+00 4.123694891992712108E+00 3.797646601823434054E+00 4.229340047900771893E+00 4.291622803910105866E+00 3.694870469193836104E+00 4.241667421913571268E+00 5.063515568820530000E+00 5.216787648019851176E+00 5.250377086322065345E+00 1.000000000000000000E+01 1.000000000000000000E+01 1.000000000000000000E+01 1.000000000000000000E+01 1.000000000000000000E+01 1.000000000000000000E+01 1.000000000000000000E+01 1.000000000000000000E+01 1.000000000000000000E+01 1.000000000000000000E+01 1.000000000000000000E+01 1.000000000000000000E+01 1.000000000000000000E+01 1.000000000000000000E+01 1.000000000000000000E+01 1.000000000000000000E+01 1.000000000000000000E+01 1.000000000000000000E+01 1.000000000000000000E+01 1.000000000000000000E+01 1.000000000000000000E+01 1.000000000000000000E+01 1.000000000000000000E+01 1.000000000000000000E+01 1.000000000000000000E+01 1.000000000000000000E+01 1.000000000000000000E+01 1.000000000000000000E+01 1.000000000000000000E+01 1.000000000000000000E+01 1.000000000000000000E+01 1.000000000000000000E+01 1.000000000000000000E+01 1.000000000000000000E+01 1.000000000000000000E+01 1.000000000000000000E+01 1.000000000000000000E+01 1.000000000000000000E+01 1.000000000000000000E+01 1.000000000000000000E+01 1.000000000000000000E+01 1.000000000000000000E+01 1.000000000000000000E+01 1.000000000000000000E+01 1.000000000000000000E+01 1.000000000000000000E+01 1.000000000000000000E+01 1.000000000000000000E+01 1.000000000000000000E+01 1.000000000000000000E+01
1.000000000000000000E+01 1.000000000000000000E+01 1.000000000000000000E+01 1.000000000000000000E+01 1.000000000000000000E+01 5.458779044557454441E+00 4.855411862158875991E+00 4.542852703325400476E+00 3.537180996925607168E+00 3.534836719913883929E+00 3.274405260474762880E+00 3.155401727627861419E+00 3.618039028864425077E+00 4.452845499602713808E+00 3.323508313591688079E+00 2.776765892721538620E+00 2.976400613220848257E+00 3.154026234319912803E+00 2.654630230753820541E+00 3.273045378163961239E+00 4.307920081268038714E+00 5.072430465276340783E+00 5.646955862951397620E+00 5.735889888863953345E+00 5.144629263896580262E+00 6.282799936208689040E+00 6.220483763827751922E+00 5.450672692758658400E+00 4.373966020629850959E+00 4.196261955272901467E+00 4.080681565500620778E+00 3.691000891868787548E+00 4.948188414846929284E+00 5.208213265122108027E+00 4.136902397172528723E+00 3.791088889813815754E+00 4.630773768753829955E+00 3.446589095418068460E+00 3.037581275439787287E+00 3.964590040334447174E+00 4.668824289148312268E+00 3.867693867253443774E+00 4.635560860506697800E+00 3.640466067153238505E+00 3.678422187879209382E+00 4.235219003605473098E+00 5.374180428626547545E+00 4.855689743627563004E+00 4.859086148556107432E+00 4.645492326489809365E+00 4.330325938854969969E+00 5.204328385465681883E+00 6.306730632028080485E+00 7.587416761663632769E+00 7.472218873028927177E+00 7.940015184845504059E+00 9.481112474320767092E+00 9.898656001371664459E+00 1.030096019296638410E+01 9.288696106126602459E+00 8.708548584206758036E+00 8.001239976418380806E+00 7.282838470071263615E+00 6.797539619199472583E+00 5.730344512591825534E+00 5.842875193700081127E+00 5.898843050876611649E+00 6.359075368584685251E+00 5.874420674079402716E+00 5.920801135240767898E+00 6.032132303830175069E+00 6.376497940995960789E+00 7.101979567154462991E+00 7.379389377508370096E+00 8.794168588114324336E+00 7.497540406052370265E+00 8.186701075051944443E+00 7.953802876714340719E+00 8.770365105829620589E+00 9.083948733182213076E+00 8.652081183362561490E+00 7.926816960423082925E+00 8.402951801393516718E+00 8.339516333600835551E+00 6.650635469985599180E+00 5.829781085980701327E+00 5.526150014699653390E+00 4.670414692004423607E+00 4.826947108563128808E+00 4.853974913644811373E+00 4.202584790791695113E+00 4.918282763842429794E+00 3.779719264247896948E+00 3.699700402420288192E+00 4.224265405899969572E+00 3.723158427827077510E+00 4.182023160083971014E+00 4.284345851878843092E+00 4.596697067159002614E+00 4.645703175309694899E+00 4.255458230424525645E+00 1.000000000000000000E+01 1.000000000000000000E+01 1.000000000000000000E+01 1.000000000000000000E+01 1.000000000000000000E+01 1.000000000000000000E+01 1.000000000000000000E+01 1.000000000000000000E+01 1.000000000000000000E+01 1.000000000000000000E+01 1.000000000000000000E+01 1.000000000000000000E+01 1.000000000000000000E+01 1.000000000000000000E+01 1.000000000000000000E+01 1.000000000000000000E+01 1.000000000000000000E+01 1.000000000000000000E+01 1.000000000000000000E+01 1.000000000000000000E+01 1.000000000000000000E+01 1.000000000000000000E+01 1.000000000000000000E+01 1.000000000000000000E+01 1.000000000000000000E+01 1.000000000000000000E+01 1.000000000000000000E+01 1.000000000000000000E+01 1.000000000000000000E+01 1.000000000000000000E+01 1.000000000000000000E+01 1.000000000000000000E+01 1.000000000000000000E+01 1.000000000000000000E+01 1.000000000000000000E+01 1.000000000000000000E+01 1.000000000000000000E+01 1.000000000000000000E+01 1.000000000000000000E+01 1.000000000000000000E+01 1.000000000000000000E+01 1.000000000000000000E+01 1.000000000000000000E+01 1.000000000000000000E+01 1.000000000000000000E+01 1.000000000000000000E+01 1.000000000000000000E+01 1.000000000000000000E+01 1.000000000000000000E+01 1.000000000000000000E+01
1.000000000000000000E+01 1.000000000000000000E+01 1.000000000000000000E+01 1.000000000000000000E+01 1.000000000000000000E+01 5.763331420124549354E+00 4.467472231199876909E+00 3.930690723475534387E+00 3.711314370558233211E+00 3.514969006903601034E+00 3.606335129462018063E+00 3.274482805951398845E+00 3.810140597602864165E+00 4.434953419838280730E+00 4.081530684900291917E+00 3.111712747072538310E+00 3.159743815424756352E+00 3.220734106367888927E+00 3.332466291216336973E+00 3.916982598954270589E+00 4.998197344944905751E+00 4.414955518687317060E+00 4.825238802885002620E+00 6.277295665280876236E+00 5.658845975491776592E+00 4.416206223672127784E+00 4.929854396705065867E+00 5.773018135859184774E+00 4.266979441061415024E+00 4.005435487552830409E+00 3.941720194981245928E+00 3.226943015622756317E+00 3.481948359674208682E+00 3.807405350292217605E+00 4.302229363922548622E+00 3.904816429014856816E+00 4.634311036337009249E+00 4.202686970712507630E+00 4.068628411394429101E+00 5.018584236076944372E+00 5.149451280925180896E+00 4.827632579486049735E+00 4.581303333736750361E+00 3.869112537926006290E+00 3.697600637619923081E+00 3.856897111166277536E+00 4.857174463928677355E+00 5.432638447277844840E+00 6.063574479711891563E+00 5.442781317065350066E+00 4.299980008935849973E+00 4.994598784644771250E+00 7.321202385392205692E+00 7.046363449550773872E+00 7.248309044980980609E+00 8.995174835690605164E+00 7.771485805866430674E+00 7.670684792877408675E+00 1.080616510971559663E+01 9.314793839055544922E+00 8.955026769072018666E+00 7.585994963212389308E+00 6.481044159612538991E+00 7.093475092976366803E+00 6.826546719705907762E+00 7.433796422928572234E+00 6.113134492509218809E+00 5.939691319599821995E+00 6.326438938133813750E+00 8.505810880622876269E+00 5.743700569059248195E+00 6.078090248719812294E+00 5.522221456948194884E+00 6.713442339535975023E+00 7.455978846815063399E+00 8.695991698658247060E+00 1.048109707895467757E+01 9.736191700037997165E+00 9.701974037669566897E+00 7.865281028167713018E+00 7.985801477883521571E+00 8.059515198952716730E+00 7.728102787038956478E+00 6.546072996541613342E+00 5.839221586276214460E+00 4.903393526126560431E+00 4.918797142959865809E+00 5.562705565908307115E+00 4.835804190532053681E+00 4.748142438534002530E+00 5.013713960484697196E+00 4.687514468213358043E+00 4.167081537577525197E+00 3.921067508527757983E+00 4.156571460333624124E+00 3.842052425883091260E+00 3.792594608715396998E+00 3.906795321318280223E+00 3.696700331887284197E+00 4.384570071262909430E+00 1.000000000000000000E+01 1.000000000000000000E+01 1.000000000000000000E+01 1.000000000000000000E+01 1.000000000000000000E+01 1.000000000000000000E+01 1.000000000000000000E+01 1.000000000000000000E+01 1.000000000000000000E+01 1.000000000000000000E+01 1.000000000000000000E+01 1.000000000000000000E+01 1.000000000000000000E+01 1.000000000000000000E+01 1.000000000000000000E+01 1.000000000000000000E+01 1.000000000000000000E+01 1.000000000000000000E+01 1.000000000000000000E+01 1.000000000000000000E+01 1.000000000000000000E+01 1.000000000000000000E+01 1.000000000000000000E+01 1.000000000000000000E+01 1.000000000000000000E+01 1.000000000000000000E+01 1.000000000000000000E+01 1.000000000000000000E+01 1.000000000000000000E+01 1.000000000000000000E+01 1.000000000000000000E+01 1.000000000000000000E+01 1.000000000000000000E+01 1.000000000000000000E+01 1.000000000000000000E+01 1.000000000000000000E+01 1.000000000000000000E+01 1.000000000000000000E+01 1.000000000000000000E+01 1.000000000000000000E+01 1.000000000000000000E+01 1.000000000000000000E+01 1.000000000000000000E+01 1.000000000000000000E+01 1.000000000000000000E+01 1.000000000000000000E+01 1.000000000000000000E+01 1.000000000000000000E+01 1.000000000000000000E+01 1.000000000000000000E+01 1.000000000000000000E+01
1.000000000000000000E+01 1.000000000000000000E+01 1.000000000000000000E+01 1.000000000000000000E+01 6.128646219947278873E+00 6.828558918869807925E+00 4.958552074957104594E+00 4.442003912039063529E+00 3.556132119287551241E+00 3.815156794740514723E+00 4.010632197796605070E+00 4.259106703174452058E+00 4.148494771712946338E+00 4.840553947846768956E+00 4.285812131898913968E+00 3.590175064789110415E+00 3.920868304810774418E+00 3.832072012119588145E+00 3.427158086389029634E+00 3.948382881312970660E+00 4.302196286899482303E+00 5.042116601830453071E+00 5.967380829418463151E+00 5.573752372291153279E+00 4.822376689250594595E+00 4.550879133438940016E+00 4.885456384946029296E+00 4.908212109703560699E+00 4.164298245562298106E+00 4.081082288348174103E+00 3.512014612566647376E+00 3.177315516449402022E+00 2.493675343449219373E+00 3.161287680666787114E+00 4.115691222470779564E+00 3.374858040200962250E+00 4.056659645579141049E+00 4.531835971253395101E+00 4.679403144749800347E+00 5.009403249153424831E+00 5.555191703864040598E+00 4.542519471650562579E+00 3.939505616233768492E+00 3.509546839780794514E+00 3.578122683438613727E+00 4.659476726088743526E+00 5.507088821944892132E+00 5.150110584284806059E+00 6.442335367976848026E+00 5.717025900523351467E+00 4.870065648156294280E+00 5.776694430574122130E+00 6.424947948965440858E+00 6.657017247394813708E+00 5.726654467129575821E+00 7.250490914871323689E+00 7.868220545402807353E+00 7.601702592217000287E+00 8.690365079830865369E+00 1.004436240641439326E+01 7.767519934663680736E+00 8.094272190439305348E+00 7.331493294544711325E+00 6.565038646363128727E+00 7.928883891730958311E+00 7.208008739950506616E+00 6.360768507693911111E+00 7.791142890947027944E+00 6.624298111889288521E+00 6.307140961393923995E+00 7.237125494522373970E+00 6.457466682985000261E+00 8.317019534765778488E+00 7.637352234115502014E+00 8.824266791419447031E+00 9.316331514111711343E+00 1.004515815889751273E+01 9.289953738395597682E+00 8.621257610015243600E+00 9.674579266563098301E+00 9.520836701965263771E+00 7.883502329186785396E+00 5.932827284887063790E+00 5.731202238504980784E+00 6.481407333373494950E+00 6.264072519062265698E+00 4.729881222213323078E+00 4.272577277791893557E+00 4.941223419869979594E+00 4.150059934876566992E+00 4.621819654988086334E+00 3.825391309386743099E+00 3.579219572515312198E+00 3.626112200020756404E+00 3.985478958747886047E+00 4.334428716494688416E+00 4.043540991416622710E+00 4.194936062881896355E+00 2.835601594017428617E+00 3.037492535461300491E+00 1.000000000000000000E+01 1.000000000000000000E+01 1.000000000000000000E+01 1.000000000000000000E+01 1.000000000000000000E+01 1.000000000000000000E+01 1.000000000000000000E+01 1.000000000000000000E+01 1.000000000000000000E+01 1.000000000000000000E+01 1.000000000000000000E+01 1.000000000000000000E+01 1.000000000000000000E+01 1.000000000000000000E+01 1.000000000000000000E+01 1.000000000000000000E+01 1.000000000000000000E+01 1.000000000000000000E+01 1.000000000000000000E+01 1.000000000000000000E+01 1.000000000000000000E+01 1.000000000000000000E+01 1.000000000000000000E+01 1.000000000000000000E+01 1.000000000000000000E+01 1.000000000000000000E+01 1.000000000000000000E+01 1.000000000000000000E+01 1.000000000000000000E+01 1.000000000000000000E+01 1.000000000000000000E+01 1.000000000000000000E+01 1.000000000000000000E+01 1.000000000000000000E+01 1.000000000000000000E+01 1.000000000000000000E+01 1.000000000000000000E+01 1.000000000000000000E+01 1.000000000000000000E+01 1.000000000000000000E+01 1.000000000000000000E+01 1.000000000000000000E+01 1.000000000000000000E+01 1.000000000000000000E+01 1.000000000000000000E+01 1.000000000000000000E+01 1.000000000000000000E+01 1.000000000000000000E+01 1.000000000000000000E+01 1.000000000000000000E+01 1.000000000000000000E+01
1.000000000000000000E+01 1.000000000000000000E+01 1.000000000000000000E+01 1.000000000000000000E+01 7.347556934375734983E+00 6.464726470206483278E+00 4.789897439953859859E+00 5.597359954614407940E+00 4.944840964025970287E+00 4.435910908761629301E+00 4.504605629171220649E+00 5.298147232942744367E+00 4.609428275191564062E+00 5.048543461351642669E+00 5.807716367107366828E+00 4.567805462652207993E+00 4.048172592402755399E+00 4.335822573946509273E+00 4.352332366304258571E+00 4.658111812472763624E+00 4.821102728157324435E+00 6.383879856270752384E+00 5.434532956328514075E+00 4.752466513038711149E+00 4.526255852311338757E+00 5.335411773624408660E+00 4.756142936479617944E+00 5.031307834324886485E+00 4.067671273248490316E+00 3.860848739612880554E+00 3.070435310861155731E+00 2.940013746032468678E+00 2.803775834810151135E+00 3.435697600101391025E+00 2.978490497965395445E+00 3.012110749671020660E+00 3.635059976660711012E+00 4.476693677686170325E+00 4.482009732152753223E+00 5.130573593468497506E+00 5.302651003293630261E+00 4.059503361478575378E+00 3.565169238377805971E+00 3.213805128058263350E+00 3.343010559935524650E+00 4.709992690407644567E+00 5.985458893016929238E+00 5.153812863868697747E+00 4.931243054225236122E+00 4.694273534440570828E+00 5.712716971823857293E+00 4.897229579648476161E+00 4.630810925337914163E+00 5.620678067669566680E+00 4.787319721832361097E+00 5.606421284073479505E+00 7.750852937683455401E+00 8.582696426125032474E+00 1.043568161895132107E+01 1.014352639758563868E+01 1.013195586892458699E+01 9.145612316830851185E+00 8.158145503901854667E+00 6.826963943896199538E+00 7.804175627831876128E+00 6.658594279857642739E+00 1.016246225745076259E+01 7.712690033097397979E+00 6.384850509213985781E+00 5.466806143392952677E+00 7.060722030812654815E+00 8.548873382950676003E+00 8.713071458876314068E+00 8.705814428221284373E+00 8.595689271327758618E+00 7.595372480464130938E+00 9.271643572112251874E+00 1.024376717408976134E+01 1.129745948476471540E+01 9.910297513134706193E+00 9.794055823619137513E+00 9.389782341837669577E+00 6.831958084228162420E+00 6.249018100323080915E+00 6.338696928947246789E+00 7.187016453174230435E+00 5.432035066892279218E+00 4.397097708026158180E+00 4.435835293533907375E+00 3.962891575123362209E+00 4.062504836489551074E+00 4.359631500869723730E+00 3.341092735236601108E+00 4.359240435042983641E+00 3.748090351633960982E+00 3.950626199929952787E+00 3.696021274472248930E+00 2.902044683582015949E+00 3.557253200043878572E+00 3.359470570300681747E+00 1.000000000000000000E+01 1.000000000000000000E+01 1.000000000000000000E+01 1.000000000000000000E+01 1.000000000000000000E+01 1.000000000000000000E+01 1.000000000000000000E+01 1.000000000000000000E+01 1.000000000000000000E+01 1.000000000000000000E+01 1.000000000000000000E+01 1.000000000000000000E+01 1.000000000000000000E+01 1.000000000000000000E+01 1.000000000000000000E+01 1.000000000000000000E+01 1.000000000000000000E+01 1.000000000000000000E+01 1.000000000000000000E+01 1.000000000000000000E+01 1.000000000000000000E+01 1.000000000000000000E+01 1.000000000000000000E+01 1.000000000000000000E+01 1.000000000000000000E+01 1.000000000000000000E+01 1.000000000000000000E+01 1.000000000000000000E+01 1.000000000000000000E+01 1.000000000000000000E+01 1.000000000000000000E+01 1.000000000000000000E+01 1.000000000000000000E+01 1.000000000000000000E+01 1.000000000000000000E+01 1.000000000000000000E+01 1.000000000000000000E+01 1.000000000000000000E+01 1.000000000000000000E+01 1.000000000000000000E+01 1.000000000000000000E+01 1.000000000000000000E+01 1.000000000000000000E+01 1.000000000000000000E+01 1.000000000000000000E+01 1.000000000000000000E+01 1.000000000000000000E+01 1.000000000000000000E+01 1.000000000000000000E+01 1.000000000000000000E+01 1.000000000000000000E+01
1.000000000000000000E+01 1.000000000000000000E+01 1.000000000000000000E+01 6.061791254907432425E+00 5.745655619152331361E+00 5.917585388825415293E+00 5.325417835124365062E+00 5.685847027919344043E+00 5.673990087466607157E+00 5.603926834036636606E+00 5.040695497897880628E+00 5.352834423989444090E+00 5.763026306647566877E+00 6.065072416553737966E+00 5.820282237704981654E+00 5.859117187994263176E+00 4.766076676984731364E+00 5.130725787000830707E+00 4.903737987525258468E+00 5.005728216123475072E+00 4.716519574910551960E+00 5.549307781622886182E+00 4.449052324269246128E+00 4.607390551526039602E+00 4.199881432534559700E+00 4.247887778581207030E+00 5.570533648170324703E+00 4.250189681054715507E+00 3.898011063010204502E+00 3.986555386049583927E+00 4.196614066079364491E+00 3.488249005134476999E+00 3.086169247063912380E+00 2.488687765388389650E+00 2.446379296559749505E+00 2.334600881659225191E+00 2.679024423856205761E+00 3.755299497078283810E+00 4.006753476063786401E+00 3.587558218735496851E+00 3.905567140557421268E+00 3.349338282619785723E+00 3.281859887470126580E+00 3.442783439181766880E+00 3.271651421924281156E+00 4.714329913653172888E+00 5.550594462912037841E+00 5.528953842061488544E+00 3.932933835212639284E+00 3.538215678241980022E+00 4.326193413220365436E+00 4.665345778172961921E+00 5.840732449681419247E+00 5.400455414664518727E+00 5.599239609794618211E+00 6.705737936729994075E+00 7.437463587452606717E+00 8.985802049221167209E+00 8.979279038284175840E+00 9.581370864741824533E+00 9.731472837652948016E+00 7.087455553813607700E+00 9.012599830288328562E+00 7.393560969620986079E+00 7.649829630259260327E+00 7.961246170472528583E+00 9.336585107338304823E+00 8.927798012145407469E+00 7.153139899288433412E+00 7.476158649423770619E+00 7.173954179323311031E+00 7.374246749241232912E+00 7.047650917800108772E+00 9.173585975369681123E+00 7.068650822121123944E+00 6.016862896917098524E+00 7.941270167257354906E+00 8.408525391472641886E+00 9.994414867276855574E+00 7.976676743431090344E+00 8.124094308080952231E+00 8.562870381619973159E+00 6.947948316017682480E+00 6.553428438162643310E+00 6.806491241648152446E+00 6.549758470945058697E+00 5.939177921374855451E+00 4.947413413101415358E+00 4.429975695143053116E+00 3.500990305489274590E+00 4.195468611910299295E+00 5.134501027887925950E+00 4.748657071565018484E+00 4.203625495573232840E+00 3.710478188151262291E+00 2.997442380720770405E+00 2.706627447843708456E+00 2.574324036283064832E+00 3.143591264679070907E+00 1.000000000000000000E+01 1.000000000000000000E+01 1.000000000000000000E+01 1.000000000000000000E+01 1.000000000000000000E+01 1.000000000000000000E+01 1.000000000000000000E+01 1.000000000000000000E+01 1.000000000000000000E+01 1.000000000000000000E+01 1.000000000000000000E+01 1.000000000000000000E+01 1.000000000000000000E+01 1.000000000000000000E+01 1.000000000000000000E+01 1.000000000000000000E+01 1.000000000000000000E+01 1.000000000000000000E+01 1.000000000000000000E+01 1.000000000000000000E+01 1.000000000000000000E+01 1.000000000000000000E+01 1.000000000000000000E+01 1.000000000000000000E+01 1.000000000000000000E+01 1.000000000000000000E+01 1.000000000000000000E+01 1.000000000000000000E+01 1.000000000000000000E+01 1.000000000000000000E+01 1.000000000000000000E+01 1.000000000000000000E+01 1.000000000000000000E+01 1.000000000000000000E+01 1.000000000000000000E+01 1.000000000000000000E+01 1.000000000000000000E+01 1.000000000000000000E+01 1.000000000000000000E+01 1.000000000000000000E+01 1.000000000000000000E+01 1.000000000000000000E+01 1.000000000000000000E+01 1.000000000000000000E+01 1.000000000000000000E+01 1.000000000000000000E+01 1.000000000000000000E+01 1.000000000000000000E+01 1.000000000000000000E+01 1.000000000000000000E+01 1.000000000000000000E+01 1.000000000000000000E+01
1.000000000000000000E+01 1.000000000000000000E+01 1.000000000000000000E+01 5.641239438002156881E+00 4.193371752705013833E+00 4.601362480155615664E+00 5.179883508524103064E+00 4.878379290603937157E+00 5.671040942411925911E+00 4.639177395407344306E+00 5.573147330749963047E+00 5.421877746907176387E+00 5.467052517162162673E+00 6.395957585834473491E+00 6.052339888277409763E+00 4.594825770316254498E+00 4.702654331468546722E+00 4.086048392832146270E+00 4.370619668018347781E+00 4.690146742996012641E+00 4.964206696039868305E+00 5.508026561135776156E+00 4.616564135049573636E+00 4.345554998849862294E+00 3.800815825668086845E+00 5.029573696543677030E+00 5.356336653466208020E+00 5.227946232538423388E+00 4.185229261159188141E+00 4.026176249792849937E+00 3.826012299237250947E+00 4.035028616108456312E+00 3.126548974198351427E+00 2.745544770533163259E+00 2.530956220111721944E+00 2.738380927402741527E+00 2.339097473420597151E+00 2.743880665708910538E+00 3.228696845258558490E+00 3.130956749775644532E+00 3.872691957242587080E+00 3.555345225654896080E+00 4.020429368741401888E+00 3.964565681834661515E+00 4.701916589467383112E+00 5.264878873381740654E+00 5.778828350332312347E+00 4.734563578543079743E+00 5.024951503198869851E+00 3.802302630524412752E+00 3.815143446046040943E+00 3.818749691075623787E+00 5.040259660142078602E+00 5.760967576649727029E+00 5.360029790720237663E+00 6.815199137810276753E+00 7.106785574868324851E+00 8.442004941088125491E+00 9.193651931361909391E+00 8.616111235582669892E+00 7.590202486858179221E+00 8.491635695479427426E+00 6.807135382346101160E+00 8.104163562705741342E+00 9.224731362337593055E+00 8.474857217324744951E+00 8.656209728541288229E+00 8.072731579213940023E+00 8.231910580742361816E+00 7.206205109841667955E+00 7.707036900590938266E+00 7.341762595180492568E+00 8.711379515508189897E+00 8.587335755075931942E+00 6.892814256201656775E+00 6.168543550404969267E+00 7.743396840069909359E+00 7.205191165091700434E+00 7.404640109277186077E+00 1.007216702783902917E+01 9.551207093925254910E+00 7.609695136002256888E+00 7.029063917523606264E+00 8.034745676514990720E+00 7.137257610719293766E+00 6.126708367268994593E+00 5.194554292145010521E+00 4.993279431698338655E+00 4.792753494360160182E+00 4.194880627978739618E+00 4.920546559037117795E+00 5.221372214216660090E+00 4.132557862758532430E+00 3.624511371919248770E+00 3.454448671782838431E+00 2.969359751480906251E+00 2.597817461612196066E+00 2.395522560077572027E+00 2.497821073134142367E+00 1.000000000000000000E+01 1.000000000000000000E+01 1.000000000000000000E+01 1.000000000000000000E+01 1.000000000000000000E+01 1.000000000000000000E+01 1.000000000000000000E+01 1.000000000000000000E+01 1.000000000000000000E+01 1.000000000000000000E+01 1.000000000000000000E+01 1.000000000000000000E+01 1.000000000000000000E+01 1.000000000000000000E+01 1.000000000000000000E+01 1.000000000000000000E+01 1.000000000000000000E+01 1.000000000000000000E+01 1.000000000000000000E+01 1.000000000000000000E+01 1.000000000000000000E+01 1.000000000000000000E+01 1.000000000000000000E+01 1.000000000000000000E+01 1.000000000000000000E+01 1.000000000000000000E+01 1.000000000000000000E+01 1.000000000000000000E+01 1.000000000000000000E+01 1.000000000000000000E+01 1.000000000000000000E+01 1.000000000000000000E+01 1.000000000000000000E+01 1.000000000000000000E+01 1.000000000000000000E+01 1.000000000000000000E+01 1.000000000000000000E+01 1.000000000000000000E+01 1.000000000000000000E+01 1.000000000000000000E+01 1.000000000000000000E+01 1.000000000000000000E+01 1.000000000000000000E+01 1.000000000000000000E+01 1.000000000000000000E+01 1.000000000000000000E+01 1.000000000000000000E+01 1.000000000000000000E+01 1.000000000000000000E+01 1.000000000000000000E+01 1.000000000000000000E+01 1.000000000000000000E+01
1.000000000000000000E+01 1.000000000000000000E+01 4.124454104715103320E+00 4.537649273607031297E+00 4.016741842653138050E+00 3.683076117107235259E+00 3.827356639386860770E+00 5.247024368552742679E+00 4.819491628897599078E+00 5.550272389017822938E+00 4.956810668939461983E+00 4.800871494906409076E+00 5.346281209955201064E+00 5.644880889368126375E+00 4.849815590250240227E+00 4.866070632731788415E+00 4.095220708278920263E+00 4.208068330583510708E+00 4.016545758352947360E+00 5.000382858096583227E+00 5.318628532760079963E+00 4.515364551335050436E+00 4.326079113354125205E+00 4.218292170781425376E+00 4.780614296216710635E+00 4.942005457184595940E+00 5.626680322682099167E+00 4.466584144002011314E+00 3.514206638152183704E+00 3.014802233495421646E+00 3.259237808794004820E+00 3.721544884504396578E+00 2.749959294261495213E+00 2.416656914985406246E+00 2.824925238495961111E+00 2.793039747205039447E+00 2.646971977523265629E+00 2.765334133532828531E+00 3.411631533945692407E+00 3.513833201865236511E+00 4.140200039572246027E+00 4.996418175168280129E+00 4.656213958205730030E+00 4.704705266531689745E+00 6.119840235431144748E+00 5.754679202079958422E+00 4.500098025980204142E+00 4.828514895863919243E+00 5.755752440870987918E+00 4.008556368866546649E+00 4.477288899168443415E+00 4.682158226007981483E+00 5.560806038035089216E+00 4.282635410486927086E+00 5.461876937751978467E+00 6.695838671424568567E+00 7.474987369750393462E+00 6.836326981594997854E+00 8.259943747495189115E+00 7.388767486768799131E+00 6.602006044301632848E+00 6.977912160912326023E+00 6.430365740827059362E+00 7.246386131259733077E+00 9.535123762793103808E+00 9.618759162745597280E+00 9.222699888882893049E+00 9.608454606594875713E+00 8.191430429779718025E+00 7.821599489482719214E+00 1.033637280733615427E+01 9.694337589774480790E+00 9.571946406338994962E+00 9.548656748712206266E+00 8.252154574562533540E+00 6.924338391829100381E+00 7.797831096924410232E+00 6.957482524711315008E+00 6.893462298851297909E+00 9.491457241295961467E+00 1.004139952806549019E+01 6.289823542792854383E+00 6.319044707792384585E+00 6.610389490604944740E+00 6.442373886440078579E+00 5.189632714212981668E+00 5.777593971497315906E+00 6.197371686842276794E+00 4.948687182279759789E+00 4.285841415766597606E+00 4.220848217201519148E+00 4.633076351692414718E+00 4.491042825221482460E+00 4.277717978273440025E+00 3.726038586708017242E+00 3.262780229532401322E+00 2.958115578003293944E+00 3.188414028051241633E+00 3.526352013034408817E+00 1.000000000000000000E+01 1.000000000000000000E+01 1.000000000000000000E+01 1.000000000000000000E+01 1.000000000000000000E+01 1.000000000000000000E+01 1.000000000000000000E+01 1.000000000000000000E+01 1.000000000000000000E+01 1.000000000000000000E+01 1.000000000000000000E+01 1.000000000000000000E+01 1.000000000000000000E+01 1.000000000000000000E+01 1.000000000000000000E+01 1.000000000000000000E+01 1.000000000000000000E+01 1.000000000000000000E+01 1.000000000000000000E+01 1.000000000000000000E+01 1.000000000000000000E+01 1.000000000000000000E+01 1.000000000000000000E+01 1.000000000000000000E+01 1.000000000000000000E+01 1.000000000000000000E+01 1.000000000000000000E+01 1.000000000000000000E+01 1.000000000000000000E+01 1.000000000000000000E+01 1.000000000000000000E+01 1.000000000000000000E+01 1.000000000000000000E+01 1.000000000000000000E+01 1.000000000000000000E+01 1.000000000000000000E+01 1.000000000000000000E+01 1.000000000000000000E+01 1.000000000000000000E+01 1.000000000000000000E+01 1.000000000000000000E+01 1.000000000000000000E+01 1.000000000000000000E+01 1.000000000000000000E+01 1.000000000000000000E+01 1.000000000000000000E+01 1.000000000000000000E+01 1.000000000000000000E+01 1.000000000000000000E+01 1.000000000000000000E+01 1.000000000000000000E+01 1.000000000000000000E+01
1.000000000000000000E+01 1.000000000000000000E+01 2.993385046077993383E+00 3.298259844983371547E+00 3.625900226651621150E+00 3.459589718062267227E+00 5.666201905754506107E+00 4.905474250495239552E+00 4.546545805950812813E+00 4.649168552934298759E+00 4.855577640129268069E+00 4.933105530859073440E+00 5.151440814403470014E+00 5.488510320124429853E+00 4.627961519491338827E+00 4.985952694805863672E+00 3.968892845408699799E+00 3.279140414137812432E+00 3.124033832358273699E+00 3.478083079309468140E+00 4.594871859701413541E+00 4.530172170520165409E+00 3.973817577090556608E+00 4.453681577116947565E+00 4.540383556570179557E+00 4.261975416668590810E+00 4.690082372884023520E+00 4.231834922765724372E+00 3.906028788521892281E+00 3.111701524709955535E+00 2.956327625302979101E+00 3.063191691775562830E+00 2.896719051504208053E+00 2.226114296842077511E+00 2.595252121759538344E+00 2.744918321566628183E+00 2.952005764987660541E+00 3.297242993697565350E+00 3.301954600387422278E+00 4.330375459995942755E+00 5.106847753205589591E+00 5.260190636464951552E+00 4.665252336439481340E+00 5.292809998561335050E+00 6.135459073857409074E+00 4.546366636900882163E+00 5.058508035062779129E+00 4.794975652532402322E+00 4.681873375694878270E+00 5.246464041904974174E+00 4.423682618521334042E+00 5.615969971110441605E+00 5.956721268866028041E+00 4.010419510509372287E+00 5.593739921772759693E+00 6.863932877553640566E+00 6.570674675019010813E+00 6.879145999515134058E+00 6.636597699320256893E+00 6.661412053978628123E+00 7.513478466077557982E+00 7.543411372364632328E+00 6.729370793511002091E+00 8.749357423571318293E+00 1.001809959458928745E+01 8.334213389964819640E+00 1.023771536610709809E+01 8.681301857692355739E+00 8.348636899262103839E+00 7.949856977788493317E+00 8.228725172459524728E+00 9.167531351476023715E+00 1.133736321790568979E+01 1.017203964582021847E+01 8.922896595664356667E+00 9.260489064246391067E+00 6.611751537589840133E+00 6.557068889164170855E+00 7.107436727941735199E+00 7.506678431171631694E+00 8.125686400687056832E+00 5.880140728296550101E+00 7.784346779462302024E+00 6.793948476236589151E+00 6.422166866078399927E+00 5.490337344851622170E+00 6.479259899651027332E+00 5.511585071840053196E+00 5.741839235059691404E+00 4.889174385671064549E+00 4.994864347240541846E+00 4.565425608619613662E+00 5.114993140801292526E+00 4.171428351573251980E+00 3.920642183558042948E+00 4.700939249073545767E+00 3.885006487196479785E+00 4.005445977764429344E+00 3.584574603717402219E+00 1.000000000000000000E+01 1.000000000000000000E+01 1.000000000000000000E+01 1.000000000000000000E+01 1.000000000000000000E+01 1.000000000000000000E+01 1.000000000000000000E+01 1.000000000000000000E+01 1.000000000000000000E+01 1.000000000000000000E+01 1.000000000000000000E+01 1.000000000000000000E+01 1.000000000000000000E+01 1.000000000000000000E+01 1.000000000000000000E+01 1.000000000000000000E+01 1.000000000000000000E+01 1.000000000000000000E+01 1.000000000000000000E+01 1.000000000000000000E+01 1.000000000000000000E+01 1.000000000000000000E+01 1.000000000000000000E+01 1.000000000000000000E+01 1.000000000000000000E+01 1.000000000000000000E+01 1.000000000000000000E+01 1.000000000000000000E+01 1.000000000000000000E+01 1.000000000000000000E+01 1.000000000000000000E+01 1.000000000000000000E+01 1.000000000000000000E+01 1.000000000000000000E+01 1.000000000000000000E+01 1.000000000000000000E+01 1.000000000000000000E+01 1.000000000000000000E+01 1.000000000000000000E+01 1.000000000000000000E+01 1.000000000000000000E+01 1.000000000000000000E+01 1.000000000000000000E+01 1.000000000000000000E+01 1.000000000000000000E+01 1.000000000000000000E+01 1.000000000000000000E+01 1.000000000000000000E+01 1.000000000000000000E+01 1.000000000000000000E+01 1.000000000000000000E+01 1.000000000000000000E+01
1.000000000000000000E+01 1.000000000000000000E+01 3.333606345382956526E+00 3.347238857446049209E+00 3.468784557760864473E+00 3.722397180441054054E+00 4.494513018349803879E+00 4.011940545582171502E+00 3.578128380741301129E+00 3.760886897041583854E+00 3.850830755506183589E+00 4.052371506330490369E+00 4.091186701470059361E+00 5.048020946850535928E+00 4.248856229664510487E+00 4.384664853609850255E+00 4.106981171869734659E+00 3.464455749912069837E+00 3.949517242739651657E+00 3.596022446931181893E+00 4.460055345258090220E+00 4.571371359929234046E+00 3.864510320357946505E+00 4.443101741857431008E+00 4.301930230253270260E+00 4.340900916894820938E+00 3.817330586666470627E+00 3.186573301730953656E+00 3.115829997755552583E+00 2.724177876405966092E+00 2.894680044398849184E+00 2.519428433208860341E+00 2.370479882857313036E+00 2.205143621226517414E+00 2.979148379714249284E+00 2.966002917027270591E+00 3.228063574945720937E+00 3.252567251980098106E+00 3.266690257959659505E+00 4.777764363913859391E+00 4.821266821444034179E+00 5.179696475400806577E+00 6.872913598224728027E+00 5.989788247908993668E+00 4.224874690676801769E+00 4.893523893077033726E+00 4.914134605323400073E+00 4.699704734634233105E+00 4.650592986946137763E+00 4.140673892997364547E+00 4.957733771253175270E+00 4.942172217454643857E+00 5.008326184506922907E+00 5.544213759942324238E+00 6.127059722343212833E+00 5.778183703161117180E+00 6.550183275295635710E+00 6.613004116630562201E+00 7.913927268735920784E+00 7.306923509851131371E+00 6.560070222719924793E+00 7.366235915166067016E+00 7.509546744806472773E+00 9.782023986993182874E+00 9.200083888837951918E+00 8.583981448032551143E+00 9.156239223575317610E+00 9.598756247345985315E+00 8.115622947572010304E+00 7.720804726654339589E+00 1.022253998599225078E+01 9.243550331832015132E+00 1.112013241860910817E+01 1.111493954070672174E+01 9.779536785995095016E+00 9.680063075310050280E+00 8.498574506299272358E+00 7.684932240582375229E+00 6.591428677896963073E+00 6.798547910402881200E+00 5.043806568294649573E+00 5.060835963281669514E+00 5.360586886830769338E+00 6.154382514321576458E+00 6.010223663349292700E+00 4.867076926716578100E+00 4.522218546622991830E+00 6.852461609991566505E+00 7.003888074990963553E+00 5.453739242847274404E+00 4.729300010519937203E+00 4.395763785216566077E+00 4.741033455689630749E+00 5.109681658103379043E+00 4.808220933763084126E+00 3.930983443369568953E+00 3.291678661971950248E+00 3.346502268632700172E+00 3.811731613402605579E+00 1.000000000000000000E+01 1.000000000000000000E+01 1.000000000000000000E+01 1.000000000000000000E+01 1.000000000000000000E+01 1.000000000000000000E+01 1.000000000000000000E+01 1.000000000000000000E+01 1.000000000000000000E+01 1.000000000000000000E+01 1.000000000000000000E+01 1.000000000000000000E+01 1.000000000000000000E+01 1.000000000000000000E+01 1.000000000000000000E+01 1.000000000000000000E+01 1.000000000000000000E+01 1.000000000000000000E+01 1.000000000000000000E+01 1.000000000000000000E+01 1.000000000000000000E+01 1.000000000000000000E+01 1.000000000000000000E+01 1.000000000000000000E+01 1.000000000000000000E+01 1.000000000000000000E+01 1.000000000000000000E+01 1.000000000000000000E+01 1.000000000000000000E+01 1.000000000000000000E+01 1.000000000000000000E+01 1.000000000000000000E+01 1.000000000000000000E+01 1.000000000000000000E+01 1.000000000000000000E+01 1.000000000000000000E+01 1.000000000000000000E+01 1.000000000000000000E+01 1.000000000000000000E+01 1.000000000000000000E+01 1.000000000000000000E+01 1.000000000000000000E+01 1.000000000000000000E+01 1.000000000000000000E+01 1.000000000000000000E+01 1.000000000000000000E+01 1.000000000000000000E+01 1.000000000000000000E+01 1.000000000000000000E+01 1.000000000000000000E+01 1.000000000000000000E+01 1.000000000000000000E+01
1.000000000000000000E+01 1.000000000000000000E+01 3.601277203661434889E+00 3.285213449627495397E+00 3.400192897746323606E+00 3.959962916982915360E+00 3.910276165293700590E+00 3.355958293662534064E+00 3.265613075738493798E+00 3.147725344324121100E+00 3.411534200217597235E+00 3.122906822093127754E+00 3.787996385388164189E+00 4.234730971619267592E+00 4.434253417987028989E+00 4.621470291603231750E+00 4.675029539040878035E+00 4.842629782575709640E+00 4.497645957669482719E+00 4.169569908383677692E+00 5.282767755566079693E+00 4.813161712278041016E+00 3.672573420530611088E+00 4.253606043844231799E+00 3.883031690169418404E+00 3.773722351973459954E+00 3.060249916314892626E+00 2.793041522609525540E+00 2.536581561063109280E+00 3.192054404522019162E+00 3.054809251277374127E+00 2.477109371143182415E+00 1.913210865328368371E+00 1.913788265611092942E+00 2.348282842110076096E+00 2.934143826247786357E+00 2.424902798865806286E+00 3.614375394526869734E+00 3.801867666180317240E+00 5.080545080476992936E+00 6.532208670613024459E+00 6.533234362357469571E+00 6.489022592894592378E+00 6.717398946845050567E+00 5.165182347255768747E+00 4.579657622395288286E+00 4.999892248235766168E+00 4.393328758093558939E+00 5.477274814455965313E+00 4.031886707375042178E+00 3.831550550841545277E+00 3.979714891575403257E+00 4.658080714154187341E+00 5.468504684461517051E+00 5.660342183768235280E+00 6.562449955038723637E+00 7.128111181087575687E+00 7.318166003880762105E+00 7.078186583802254184E+00 6.935130658614867549E+00 6.435906759225011875E+00 7.849631681825318452E+00 8.883427168864498569E+00 1.128638362582121424E+01 8.866965487637800791E+00 8.644483585494095124E+00 6.435251067007986769E+00 8.826654952701902701E+00 7.605447329519248179E+00 6.461725453576637968E+00 7.821342645352993728E+00 1.034597256035583790E+01 1.040264553945796244E+01 1.003471831795939018E+01 9.568050976134014007E+00 8.460399284079835880E+00 9.157359707120393821E+00 8.657963567267826122E+00 6.158367432088003746E+00 4.545024763267726087E+00 4.275107386781005658E+00 4.515603204156010797E+00 5.154471114787500419E+00 4.696767018262256066E+00 5.587792464857376906E+00 5.494936687995609859E+00 5.205092130677646090E+00 5.692202595190439141E+00 5.877986829053591045E+00 5.352638853950042908E+00 4.724740158040596327E+00 4.166467561451521640E+00 3.457303426755170772E+00 3.466965092492850786E+00 3.473348165658745934E+00 3.545121701356854782E+00 3.631689504805632129E+00 3.325029503557898725E+00 3.711619619238538448E+00 1.000000000000000000E+01 1.000000000000000000E+01 1.000000000000000000E+01 1.000000000000000000E+01 1.000000000000000000E+01 1.000000000000000000E+01 1.000000000000000000E+01 1.000000000000000000E+01 1.000000000000000000E+01 1.000000000000000000E+01 1.000000000000000000E+01 1.000000000000000000E+01 1.000000000000000000E+01 1.000000000000000000E+01 1.000000000000000000E+01 1.000000000000000000E+01 1.000000000000000000E+01 1.000000000000000000E+01 1.000000000000000000E+01 1.000000000000000000E+01 1.000000000000000000E+01 1.000000000000000000E+01 1.000000000000000000E+01 1.000000000000000000E+01 1.000000000000000000E+01 1.000000000000000000E+01 1.000000000000000000E+01 1.000000000000000000E+01 1.000000000000000000E+01 1.000000000000000000E+01 1.000000000000000000E+01 1.000000000000000000E+01 1.000000000000000000E+01 1.000000000000000000E+01 1.000000000000000000E+01 1.000000000000000000E+01 1.000000000000000000E+01 1.000000000000000000E+01 1.000000000000000000E+01 1.000000000000000000E+01 1.000000000000000000E+01 1.000000000000000000E+01 1.000000000000000000E+01 1.000000000000000000E+01 1.000000000000000000E+01 1.000000000000000000E+01 1.000000000000000000E+01 1.000000000000000000E+01 1.000000000000000000E+01 1.000000000000000000E+01 1.000000000000000000E+01 1.000000000000000000E+01
1.000000000000000000E+01 4.295316658546888711E+00 4.212534636122669873E+00 3.719889796930201165E+00 4.196364148207872624E+00 4.427334667065127682E+00 4.139176290509285039E+00 3.869462356497110456E+00 3.320332204972828105E+00 3.597162509443267542E+00 2.804658441989214879E+00 2.439051967913759889E+00 3.936414459433386970E+00 5.028694426826199937E+00 4.872968131611107090E+00 5.350747147692326067E+00 5.388673317535610963E+00 6.149735515467636304E+00 5.742243904234706875E+00 4.919538668135202464E+00 6.350253474554543587E+00 4.684489162374291915E+00 4.196068636947550168E+00 4.352114213085534367E+00 4.658656037059992983E+00 4.009547406403336289E+00 3.568763833050789813E+00 3.334082410723893997E+00 2.783145587382541475E+00 3.307739820176017087E+00 3.251023210589054191E+00 3.255389573150719862E+00 2.358737227311125118E+00 2.340186930892585337E+00 2.607766207587359997E+00 2.703903205769917939E+00 3.147600167957786965E+00 3.635436251138097319E+00 4.132117457554310924E+00 5.040488157279661152E+00 5.950825177476447791E+00 7.656710657240280327E+00 8.604348972879812152E+00 7.742326502890002793E+00 7.404842935054418263E+00 6.294155782820738843E+00 4.306530710123706029E+00 4.677386408756178504E+00 4.423884863799024458E+00 4.259994715997357240E+00 4.602419444256997672E+00 5.341641683893850079E+00 4.406469893130419813E+00 4.542233437118857076E+00 5.125749407592135043E+00 6.161514228705669893E+00 7.471538540260811878E+00 6.083625667602817089E+00 6.077277578658797808E+00 6.414978682410178656E+00 6.487584013719359000E+00 7.024033661663973582E+00 8.738507138503694094E+00 8.087050889016127897E+00 8.589766705017693127E+00 8.149307234864801686E+00 7.219677325724743966E+00 7.722178688882155306E+00 7.865746287754925348E+00 7.176698896191826549E+00 8.505111723886303210E+00 7.582250212783590015E+00 7.370300244379453858E+00 9.385029726409191753E+00 8.452772257883486517E+00 1.032995694711249968E+01 9.757212316200289948E+00 7.638454325723830429E+00 6.743086043594368917E+00 5.903622919749182074E+00 3.806988428969507510E+00 4.104075704935401525E+00 5.091729487789652175E+00 4.135725644206456941E+00 5.285800911362266596E+00 4.851086320842104449E+00 5.190319188922109639E+00 4.734263755991921840E+00 5.906247210207948406E+00 5.036826467433402676E+00 4.952806841734965992E+00 5.018485198784495616E+00 4.183801350261202145E+00 3.532826180045280484E+00 3.649027994884459503E+00 3.664399903819740789E+00 3.716962466073471916E+00 3.719903860903447601E+00 3.668558455576168775E+00 1.000000000000000000E+01 1.000000000000000000E+01 1.000000000000000000E+01 1.000000000000000000E+01 1.000000000000000000E+01 1.000000000000000000E+01 1.000000000000000000E+01 1.000000000000000000E+01 1.000000000000000000E+01 1.000000000000000000E+01 1.000000000000000000E+01 1.000000000000000000E+01 1.000000000000000000E+01 1.000000000000000000E+01 1.000000000000000000E+01 1.000000000000000000E+01 1.000000000000000000E+01 1.000000000000000000E+01 1.000000000000000000E+01 1.000000000000000000E+01 1.000000000000000000E+01 1.000000000000000000E+01 1.000000000000000000E+01 1.000000000000000000E+01 1.000000000000000000E+01 1.000000000000000000E+01 1.000000000000000000E+01 1.000000000000000000E+01 1.000000000000000000E+01 1.000000000000000000E+01 1.000000000000000000E+01 1.000000000000000000E+01 1.000000000000000000E+01 1.000000000000000000E+01 1.000000000000000000E+01 1.000000000000000000E+01 1.000000000000000000E+01 1.000000000000000000E+01 1.000000000000000000E+01 1.000000000000000000E+01 1.000000000000000000E+01 1.000000000000000000E+01 1.000000000000000000E+01 1.000000000000000000E+01 1.000000000000000000E+01 1.000000000000000000E+01 1.000000000000000000E+01 1.000000000000000000E+01 1.000000000000000000E+01 1.000000000000000000E+01 1.000000000000000000E+01 1.000000000000000000E+01
1.000000000000000000E+01 4.127086314921073473E+00 4.128185610522666416E+00 4.038131076933271224E+00 4.876463485330215342E+00 4.535014486527580324E+00 4.722247750305466063E+00 4.089144001988657351E+00 3.793845758546095404E+00 3.166515757247437168E+00 2.872150702792050758E+00 2.666968557687157126E+00 3.690403499501784257E+00 4.650196591178954897E+00 4.377274957705951763E+00 4.802567417245063197E+00 5.849044701283165004E+00 6.744222153499784156E+00 7.258665641774222799E+00 5.129092045846673997E+00 5.755801027176293161E+00 5.793142359431676880E+00 5.005017254466637588E+00 5.069444694156636011E+00 4.492954000868706110E+00 4.800510079153903042E+00 3.923866114394362725E+00 3.702639820076785160E+00 3.574042066587900912E+00 2.986724997364358813E+00 3.280384264816357032E+00 3.563889164193673409E+00 3.093996855474946628E+00 3.989135952065659296E+00 2.926155486171934772E+00 3.624040043953936863E+00 3.324820757068047694E+00 3.700808358106398632E+00 5.196770021825396491E+00 5.299500641599894202E+00 5.496731016117603730E+00 5.677339922042805576E+00 6.925883118606352085E+00 7.494369156035022961E+00 5.868572650364790810E+00 5.411018207561074433E+00 4.633021271694001797E+00 4.877906948050434011E+00 4.101610650846693851E+00 3.708948369311203752E+00 3.921136579363117658E+00 5.006631295360761236E+00 4.430961073364760416E+00 4.848357201790669535E+00 4.360598509459991057E+00 6.181772973967815332E+00 8.051748425762196959E+00 6.785022051872004134E+00 7.481256201538181827E+00 8.476891168333891002E+00 7.800963654310464790E+00 8.505801981301484460E+00 7.953322363799357753E+00 9.668094940377269353E+00 8.743745520091099621E+00 7.566910528414341641E+00 7.574004319979515287E+00 8.830452126597384321E+00 7.392629230149701414E+00 6.648146371975435898E+00 7.632045371125210309E+00 7.553875370375826570E+00 7.338325946171821990E+00 8.482687792176379915E+00 9.376457688920387668E+00 8.945186632452751141E+00 7.530590262120767875E+00 6.734703932594978681E+00 5.517695767770812054E+00 5.090925920570444241E+00 4.371344397908508483E+00 4.060038280909529007E+00 4.292720183117694432E+00 4.316071182549752194E+00 3.903073243153788674E+00 4.450686564966276570E+00 5.279620161611215501E+00 5.158684475828633431E+00 5.480018560855396181E+00 5.357424568395638964E+00 5.207912351927345362E+00 4.917903547508125861E+00 4.427193508958482404E+00 3.031765287072871295E+00 3.738198616830612497E+00 3.545056138102262722E+00 4.575823972249092542E+00 4.508701261424151951E+00 4.236612924404052016E+00 1.000000000000000000E+01 1.000000000000000000E+01 1.000000000000000000E+01 1.000000000000000000E+01 1.000000000000000000E+01 1.000000000000000000E+01 1.000000000000000000E+01 1.000000000000000000E+01 1.000000000000000000E+01 1.000000000000000000E+01 1.000000000000000000E+01 1.000000000000000000E+01 1.000000000000000000E+01 1.000000000000000000E+01 1.000000000000000000E+01 1.000000000000000000E+01 1.000000000000000000E+01 1.000000000000000000E+01 1.000000000000000000E+01 1.000000000000000000E+01 1.000000000000000000E+01 1.000000000000000000E+01 1.000000000000000000E+01 1.000000000000000000E+01 1.000000000000000000E+01 1.000000000000000000E+01 1.000000000000000000E+01 1.000000000000000000E+01 1.000000000000000000E+01 1.000000000000000000E+01 1.000000000000000000E+01 1.000000000000000000E+01 1.000000000000000000E+01 1.000000000000000000E+01 1.000000000000000000E+01 1.000000000000000000E+01 1.000000000000000000E+01 1.000000000000000000E+01 1.000000000000000000E+01 1.000000000000000000E+01 1.000000000000000000E+01 1.000000000000000000E+01 1.000000000000000000E+01 1.000000000000000000E+01 1.000000000000000000E+01 1.000000000000000000E+01 1.000000000000000000E+01 1.000000000000000000E+01 1.000000000000000000E+01 1.000000000000000000E+01 1.000000000000000000E+01 1.000000000000000000E+01
1.000000000000000000E+01 3.930843888836107691E+00 4.903348323787103169E+00 4.984923832674622801E+00 5.952536317274923938E+00 5.699109172111915811E+00 6.042715506620434773E+00 3.801263980934915132E+00 4.566380553846963508E+00 3.406728156309978939E+00 2.915226671598201591E+00 2.889471249744248738E+00 4.037067207150276005E+00 4.869840483299124223E+00 4.682763998929577731E+00 4.115451998248753185E+00 4.327471252881503361E+00 5.653180881622618337E+00 6.528437606716393837E+00 5.586188925637666003E+00 5.632387424408020316E+00 5.876283108265297983E+00 6.503210192314360150E+00 6.447411905965602763E+00 7.173313433485358104E+00 5.849824640404263754E+00 5.107461358588967215E+00 4.394088388030815473E+00 4.174101091166155797E+00 4.610133383655641737E+00 4.299356151846265739E+00 3.715093678614282968E+00 3.677257180510072221E+00 4.021994835192900908E+00 3.647690740721965419E+00 3.412292882072565536E+00 3.560295198342485534E+00 3.707264851581586473E+00 3.611650813921183367E+00 4.777206729642188066E+00 4.759266403488079611E+00 5.383940270627117997E+00 5.467203402396767942E+00 6.736970870221336227E+00 6.855811003857000152E+00 4.952838748469639896E+00 4.146420071552297415E+00 3.497313721694243149E+00 4.292395473778885417E+00 2.885443728917712392E+00 2.768462344826222665E+00 3.978145059333505706E+00 3.869124781971250204E+00 4.694668514180113661E+00 5.807099427094424726E+00 6.780085962744231587E+00 6.658494175139272109E+00 6.637203736358540773E+00 7.863715027676960290E+00 8.910077022167451233E+00 7.665120870678071796E+00 8.365367063749078014E+00 9.381766858614319915E+00 1.042927217149906660E+01 1.135933747671948346E+01 8.925928745307631473E+00 8.009130142080577386E+00 8.692423114374054904E+00 7.726573941169394111E+00 9.380210781105759565E+00 7.928009682122949542E+00 7.860415717661038748E+00 7.703359042342347252E+00 1.146450479197593708E+01 9.810013837972773487E+00 7.100735269953655227E+00 5.377059474780475412E+00 5.120863682718777454E+00 6.022439102517751941E+00 5.121528542640882087E+00 4.536042344200497567E+00 4.349648714620863110E+00 4.119028266734697574E+00 4.461196587448115203E+00 4.052312310004180240E+00 5.133522992607860935E+00 4.929249052085245886E+00 4.270632911822490385E+00 4.931663126485639204E+00 5.327633048052327069E+00 5.585751709880591775E+00 5.038598475309250979E+00 4.489262399141049187E+00 4.316492675040869642E+00 3.907892329556928779E+00 4.249005374941221547E+00 5.008395473663309616E+00 4.381477111618486298E+00 4.793330841358800498E+00 1.000000000000000000E+01 1.000000000000000000E+01 1.000000000000000000E+01 1.000000000000000000E+01 1.000000000000000000E+01 1.000000000000000000E+01 1.000000000000000000E+01 1.000000000000000000E+01 1.000000000000000000E+01 1.000000000000000000E+01 1.000000000000000000E+01 1.000000000000000000E+01 1.000000000000000000E+01 1.000000000000000000E+01 1.000000000000000000E+01 1.000000000000000000E+01 1.000000000000000000E+01 1.000000000000000000E+01 1.000000000000000000E+01 1.000000000000000000E+01 1.000000000000000000E+01 1.000000000000000000E+01 1.000000000000000000E+01 1.000000000000000000E+01 1.000000000000000000E+01 1.000000000000000000E+01 1.000000000000000000E+01 1.000000000000000000E+01 1.000000000000000000E+01 1.000000000000000000E+01 1.000000000000000000E+01 1.000000000000000000E+01 1.000000000000000000E+01 1.000000000000000000E+01 1.000000000000000000E+01 1.000000000000000000E+01 1.000000000000000000E+01 1.000000000000000000E+01 1.000000000000000000E+01 1.000000000000000000E+01 1.000000000000000000E+01 1.000000000000000000E+01 1.000000000000000000E+01 1.000000000000000000E+01 1.000000000000000000E+01 1.000000000000000000E+01 1.000000000000000000E+01 1.000000000000000000E+01 1.000000000000000000E+01 1.000000000000000000E+01 1.000000000000000000E+01 1.000000000000000000E+01
1.000000000000000000E+01 3.418418600799238316E+00 3.904334713259441259E+00 4.840033752183030558E+00 5.660518892385108636E+00 6.367973125600822293E+00 5.936859101235799407E+00 5.237823024049141907E+00 5.062710606275492076E+00 3.779161109438173849E+00 3.218111588360515807E+00 3.491857317955548545E+00 3.950989018736183578E+00 4.328778901362676734E+00 4.958049751062394428E+00 4.756939134349167375E+00 4.388974444366751548E+00 4.812544877129857568E+00 7.617379099702373146E+00 6.878331774076062999E+00 6.358037336471090484E+00 7.696775157369764919E+00 6.633758304300459763E+00 7.049740847005000255E+00 6.161370059727020454E+00 5.184401649523470823E+00 4.831384880725616782E+00 4.037853911169421828E+00 4.299907151080169854E+00 3.996671912153887618E+00 4.469608806670087198E+00 4.116155743212924989E+00 3.904489505844710884E+00 5.113303380388836139E+00 3.949432065206224696E+00 3.437072233843938562E+00 3.483407765613358187E+00 3.680232111598108702E+00 4.233392853100452768E+00 5.022298541885408696E+00 6.265782972030794262E+00 4.932900973116574939E+00 4.684762372401289454E+00 5.341673414897748273E+00 5.076281832122094606E+00 4.574512078375903457E+00 4.060190277345040677E+00 3.290037629067152469E+00 3.639564479151781384E+00 3.227497723475350355E+00 3.764651847115292771E+00 3.857804497442148151E+00 3.524269023893498165E+00 4.106999154025812615E+00 6.809162611864317149E+00 7.424401146089729231E+00 6.893345374707364748E+00 8.775038688652836427E+00 7.537200284167231423E+00 7.938249353842103062E+00 7.006876345014518392E+00 7.709183337438545891E+00 9.181415670362619963E+00 9.746207220328711784E+00 9.050652160477220320E+00 9.152827381974756094E+00 8.936265176814616851E+00 9.077779638209932500E+00 9.495235245966789250E+00 9.208927717539413749E+00 8.900812909997977584E+00 1.055270285624148308E+01 1.021947325106639681E+01 1.022792125475463010E+01 8.857288024463901621E+00 7.539621657022179235E+00 5.344327539984842446E+00 4.892781210248366541E+00 5.391448361727901428E+00 4.126085658358338293E+00 5.197014562313368558E+00 5.129943617696874014E+00 4.356023698405670608E+00 4.621076733656590108E+00 3.799590193099606772E+00 3.890305853871366626E+00 5.042618572929272069E+00 4.235909786733586202E+00 4.506011537212823548E+00 4.937854888718052671E+00 6.251253338299727957E+00 6.032286199718487119E+00 5.143497413288041997E+00 4.186807658009577437E+00 4.546124080839345716E+00 4.069883749353226499E+00 4.323638348984472302E+00 4.755809526825424349E+00 5.070869705782141246E+00 1.000000000000000000E+01 1.000000000000000000E+01 1.000000000000000000E+01 1.000000000000000000E+01 1.000000000000000000E+01 1.000000000000000000E+01 1.000000000000000000E+01 1.000000000000000000E+01 1.000000000000000000E+01 1.000000000000000000E+01 1.000000000000000000E+01 1.000000000000000000E+01 1.000000000000000000E+01 1.000000000000000000E+01 1.000000000000000000E+01 1.000000000000000000E+01 1.000000000000000000E+01 1.000000000000000000E+01 1.000000000000000000E+01 1.000000000000000000E+01 1.000000000000000000E+01 1.000000000000000000E+01 1.000000000000000000E+01 1.000000000000000000E+01 1.000000000000000000E+01 1.000000000000000000E+01 1.000000000000000000E+01 1.000000000000000000E+01 1.000000000000000000E+01 1.000000000000000000E+01 1.000000000000000000E+01 1.000000000000000000E+01 1.000000000000000000E+01 1.000000000000000000E+01 1.000000000000000000E+01 1.000000000000000000E+01 1.000000000000000000E+01 1.000000000000000000E+01 1.000000000000000000E+01 1.000000000000000000E+01 1.000000000000000000E+01 1.000000000000000000E+01 1.000000000000000000E+01 1.000000000000000000E+01 1.000000000000000000E+01 1.000000000000000000E+01 1.000000000000000000E+01 1.000000000000000000E+01 1.000000000000000000E+01 1.000000000000000000E+01 1.000000000000000000E+01 1.000000000000000000E+01
1.000000000000000000E+01 3.868840460025583461E+00 4.330973670845231105E+00 5.426879941134388652E+00 6.170513982989167978E+00 6.813503052451141961E+00 6.540382284898229592E+00 6.183998207679158199E+00 5.767210940249614559E+00 3.612894518835854551E+00 3.404697510426135665E+00 3.108085077001580654E+00 3.451309789610133016E+00 4.010028045092515647E+00 4.948267994459842001E+00 4.940775925348065201E+00 5.400482255267170295E+00 5.725441275711196099E+00 5.513862038604930405E+00 6.703105127281354214E+00 7.739689866821533037E+00 8.278676691129289722E+00 7.052398343398267322E+00 6.692570695805752479E+00 6.088672080706966305E+00 5.808987516024856745E+00 5.256818030207722536E+00 4.751210738615497142E+00 4.942577872427917463E+00 4.345077907784253846E+00 5.395899924041247964E+00 5.237666458411267101E+00 5.027976169558872499E+00 4.770738660771909778E+00 3.992779420989716943E+00 4.225335804968594289E+00 3.892477090806716333E+00 4.034815937822407328E+00 3.849930736696850264E+00 3.812167725960700082E+00 4.518006144202519003E+00 4.650590931836820374E+00 4.919280442180955504E+00 6.399562191849240023E+00 5.837582170932786418E+00 4.840015593336788768E+00 5.291743392868332840E+00 4.188891390901607892E+00 3.777559209992020328E+00 4.505762965074956661E+00 4.273723379330294669E+00 5.030548309573102728E+00 3.574906414512474928E+00 4.021209964061595699E+00 6.036502354345635979E+00 7.298440967462085815E+00 6.766978344963961334E+00 7.154017327866903031E+00 7.630043513386151943E+00 8.552237469761156063E+00 8.936488775476862045E+00 9.332717023635730413E+00 9.685612996142351605E+00 1.019036776209428119E+01 8.476303395633181026E+00 7.285678550961740996E+00 8.935874695459814276E+00 9.241855680855152855E+00 8.863690069893971568E+00 8.408603036320382529E+00 7.285078920219072884E+00 7.639071026665962272E+00 8.381027806775803057E+00 8.281760583647493235E+00 8.075439763763718304E+00 6.035636319857397680E+00 5.213126044391326985E+00 4.580806981592276728E+00 3.979298227158260204E+00 3.646565680819242594E+00 4.717763486600374812E+00 4.819081133294110586E+00 5.885150301128627248E+00 4.735811917538513605E+00 4.191984870858903811E+00 3.758790700444106569E+00 4.904987297248444733E+00 4.264742622561990437E+00 4.669532939701208640E+00 4.871873928584772528E+00 4.774232772638335121E+00 5.147236954866756697E+00 5.429289742785567974E+00 4.889587751707963115E+00 4.080037766719424752E+00 3.759146385296844528E+00 3.952181713330059409E+00 4.986049698428430155E+00 5.328294234593781376E+00 4.130788712005490027E+00 1.000000000000000000E+01 1.000000000000000000E+01 1.000000000000000000E+01 1.000000000000000000E+01 1.000000000000000000E+01 1.000000000000000000E+01 1.000000000000000000E+01 1.000000000000000000E+01 1.000000000000000000E+01 1.000000000000000000E+01 1.000000000000000000E+01 1.000000000000000000E+01 1.000000000000000000E+01 1.000000000000000000E+01 1.000000000000000000E+01 1.000000000000000000E+01 1.000000000000000000E+01 1.000000000000000000E+01 1.000000000000000000E+01 1.000000000000000000E+01 1.000000000000000000E+01 1.000000000000000000E+01 1.000000000000000000E+01 1.000000000000000000E+01 1.000000000000000000E+01 1.000000000000000000E+01 1.000000000000000000E+01 1.000000000000000000E+01 1.000000000000000000E+01 1.000000000000000000E+01 1.000000000000000000E+01 1.000000000000000000E+01 1.000000000000000000E+01 1.000000000000000000E+01 1.000000000000000000E+01 1.000000000000000000E+01 1.000000000000000000E+01 1.000000000000000000E+01 1.000000000000000000E+01 1.000000000000000000E+01 1.000000000000000000E+01 1.000000000000000000E+01 1.000000000000000000E+01 1.000000000000000000E+01 1.000000000000000000E+01 1.000000000000000000E+01 1.000000000000000000E+01 1.000000000000000000E+01 1.000000000000000000E+01 1.000000000000000000E+01 1.000000000000000000E+01
1.000000000000000000E+01 3.636308623194096867E+00 4.572610926242819396E+00 5.036994797638273624E+00 5.054035401149191031E+00 4.516038564700648905E+00 5.304893098287532638E+00 7.173460526474146448E+00 5.689381120117912083E+00 4.153678565279284918E+00 3.011157149184391812E+00 3.634342534558403948E+00 4.200094817936468772E+00 4.435632367983826541E+00 5.098778628416398284E+00 4.769876656750890120E+00 4.704277185440851383E+00 4.273794061007928136E+00 4.583153930764890305E+00 4.900081843489767053E+00 7.432705779292657411E+00 8.139281117759992412E+00 6.956296322592404380E+00 7.457374150028376114E+00 6.561197053872953155E+00 7.210220017790377689E+00 6.116640960477273126E+00 4.830193287188374818E+00 4.206409442904250895E+00 4.145915317554420554E+00 4.387297072118602870E+00 5.312311278718098606E+00 5.524779096912783238E+00 3.464839525304323153E+00 4.527262661785575126E+00 5.434966962321489348E+00 4.640333007694288803E+00 3.896555737886349124E+00 3.567810053576764950E+00 3.910476582828665393E+00 3.776816355791537294E+00 5.103931659177308511E+00 5.214613921055280876E+00 6.653423299934367208E+00 6.655339323078940161E+00 4.994364730197170310E+00 4.815624559638576940E+00 4.474017790633949332E+00 4.889918799461352883E+00 4.375633002079901246E+00 3.970822578653427914E+00 4.485054220099060629E+00 4.477285577235039504E+00 5.686070943111810827E+00 5.200945756599337777E+00 6.467589051294941882E+00 6.671997002430230417E+00 7.491648987829973905E+00 7.345727055075271572E+00 9.971086976736520668E+00 1.104410005943047679E+01 1.022093309771288716E+01 9.910018184230477090E+00 1.002776263348657437E+01 6.947779628018134979E+00 8.179433398979552905E+00 8.190977000915637518E+00 9.228818674651803278E+00 8.877161043873526225E+00 8.712668905883756310E+00 6.543724502868117021E+00 6.932875999004867396E+00 8.277422784933532895E+00 7.721626616998777060E+00 6.872746834805641747E+00 5.182668436400276413E+00 4.829452285699044722E+00 4.314765098987490610E+00 3.454102672892101822E+00 3.421133553738472610E+00 4.535908632049580724E+00 5.612472770640641428E+00 5.044419091476694206E+00 3.800436209563550882E+00 3.860162982201281068E+00 3.794686410165873269E+00 3.928264174203556003E+00 4.058689332909121816E+00 4.451651446080985508E+00 4.736929534924265717E+00 4.629179241481147677E+00 4.347810880554183299E+00 4.636422513884340901E+00 4.562698460142166290E+00 5.010261436451628470E+00 4.112226815141384328E+00 4.276701187768948920E+00 4.545379874531319864E+00 4.490966190190624374E+00 4.270640487873404112E+00 1.000000000000000000E+01 1.000000000000000000E+01 1.000000000000000000E+01 1.000000000000000000E+01 1.000000000000000000E+01 1.000000000000000000E+01 1.000000000000000000E+01 1.000000000000000000E+01 1.000000000000000000E+01 1.000000000000000000E+01 1.000000000000000000E+01 1.000000000000000000E+01 1.000000000000000000E+01 1.000000000000000000E+01 1.000000000000000000E+01 1.000000000000000000E+01 1.000000000000000000E+01 1.000000000000000000E+01 1.000000000000000000E+01 1.000000000000000000E+01 1.000000000000000000E+01 1.000000000000000000E+01 1.000000000000000000E+01 1.000000000000000000E+01 1.000000000000000000E+01 1.000000000000000000E+01 1.000000000000000000E+01 1.000000000000000000E+01 1.000000000000000000E+01 1.000000000000000000E+01 1.000000000000000000E+01 1.000000000000000000E+01 1.000000000000000000E+01 1.000000000000000000E+01 1.000000000000000000E+01 1.000000000000000000E+01 1.000000000000000000E+01 1.000000000000000000E+01 1.000000000000000000E+01 1.000000000000000000E+01 1.000000000000000000E+01 1.000000000000000000E+01 1.000000000000000000E+01 1.000000000000000000E+01 1.000000000000000000E+01 1.000000000000000000E+01 1.000000000000000000E+01 1.000000000000000000E+01 1.000000000000000000E+01 1.000000000000000000E+01 1.000000000000000000E+01
1.000000000000000000E+01 3.720959261995147926E+00 4.454668516665504896E+00 4.973766470793175465E+00 5.108629036012374947E+00 3.973934480630677335E+00 4.528588366342342297E+00 5.220623352710382470E+00 5.526653120083153681E+00 3.788020943951476482E+00 3.047287441731258983E+00 3.744136089646786125E+00 3.983940795122637990E+00 4.001836998983147708E+00 4.976201839686449802E+00 5.499605117814023281E+00 5.399453008485300742E+00 5.737586553111622578E+00 5.530547707077675845E+00 4.594977498130465854E+00 5.481652461538160992E+00 8.544263599933719533E+00 7.072870897794912182E+00 8.051014355615684792E+00 8.246015691621275678E+00 7.247376501944691185E+00 6.379711887544607940E+00 4.879626296410630282E+00 4.248791154182154806E+00 4.303970429875372261E+00 4.007788879923674052E+00 4.476082185420726667E+00 4.505119634582831267E+00 3.917641564428875789E+00 5.406320753917612798E+00 5.858263938683916372E+00 4.618903671177281289E+00 3.996680042621674200E+00 4.329413725184660500E+00 4.647918782056282616E+00 5.136532536407403704E+00 4.287995630333528041E+00 6.041474940253628745E+00 6.059250584961575647E+00 7.162109677640154715E+00 6.614372611579089067E+00 5.189246759618068694E+00 5.564819109494101745E+00 5.661774889089982388E+00 4.747060706077935954E+00 4.202086812250962922E+00 4.690202946194786726E+00 5.486691967364333955E+00 6.789434913763634505E+00 6.461302560919273574E+00 6.311654521764865855E+00 8.375326337090680084E+00 7.885812344584465450E+00 7.571609889491202949E+00 7.741673349614124788E+00 8.789995994805668289E+00 8.687082422146040983E+00 9.126109016247282213E+00 7.469938536405391183E+00 6.520888642807340041E+00 8.391781859517253750E+00 8.713915171499838408E+00 8.393301732429407025E+00 1.076489057977010155E+01 9.463354408734399925E+00 7.865365559178881583E+00 6.868345778933882428E+00 5.104088615637752291E+00 5.744600136138448221E+00 6.481879953327489119E+00 4.942404730555882253E+00 3.883118621039048257E+00 4.116361369329612607E+00 4.225611945463122687E+00 3.929840290104650968E+00 4.247708353864832809E+00 4.657350888134412337E+00 4.619487906937122190E+00 4.465392738399651229E+00 3.848335053086242130E+00 4.478873589977977687E+00 4.625371109311800843E+00 3.832495205261045701E+00 4.360655321755815272E+00 4.179654999035417262E+00 4.117146231809967638E+00 4.402407486136097781E+00 4.071142837520887348E+00 4.692419031551370523E+00 5.225327661683752289E+00 4.721814953316346042E+00 4.405958794960957547E+00 4.411019034080972290E+00 4.056187199779634156E+00 3.495786939152866424E+00 1.000000000000000000E+01 1.000000000000000000E+01 1.000000000000000000E+01 1.000000000000000000E+01 1.000000000000000000E+01 1.000000000000000000E+01 1.000000000000000000E+01 1.000000000000000000E+01 1.000000000000000000E+01 1.000000000000000000E+01 1.000000000000000000E+01 1.000000000000000000E+01 1.000000000000000000E+01 1.000000000000000000E+01 1.000000000000000000E+01 1.000000000000000000E+01 1.000000000000000000E+01 1.000000000000000000E+01 1.000000000000000000E+01 1.000000000000000000E+01 1.000000000000000000E+01 1.000000000000000000E+01 1.000000000000000000E+01 1.000000000000000000E+01 1.000000000000000000E+01 1.000000000000000000E+01 1.000000000000000000E+01 1.000000000000000000E+01 1.000000000000000000E+01 1.000000000000000000E+01 1.000000000000000000E+01 1.000000000000000000E+01 1.000000000000000000E+01 1.000000000000000000E+01 1.000000000000000000E+01 1.000000000000000000E+01 1.000000000000000000E+01 1.000000000000000000E+01 1.000000000000000000E+01 1.000000000000000000E+01 1.000000000000000000E+01 1.000000000000000000E+01 1.000000000000000000E+01 1.000000000000000000E+01 1.000000000000000000E+01 1.000000000000000000E+01 1.000000000000000000E+01 1.000000000000000000E+01 1.000000000000000000E+01 1.000000000000000000E+01 1.000000000000000000E+01
1.000000000000000000E+01 3.572115770193823536E+00 4.253136541297113382E+00 4.281384808701421463E+00 5.327431116037782743E+00 5.116554356308404827E+00 4.600319269477728845E+00 4.237595354198118613E+00 4.063148407939037199E+00 4.934349229276947746E+00 3.306878010000748436E+00 3.642787860903822228E+00 4.223776409741328841E+00 4.398243704090132766E+00 4.232106374741042565E+00 4.759637986643308061E+00 5.622947606200091819E+00 5.309386731762815614E+00 5.491073888697865613E+00 4.857409184469087648E+00 5.132767939020473236E+00 6.751231059404369184E+00 5.757218560827124243E+00 6.919238581339867800E+00 6.684447935380774197E+00 6.932698698949677052E+00 5.803021159009415619E+00 5.484649920203962914E+00 4.896276359324382987E+00 4.378708486033603187E+00 4.592695736098426629E+00 4.224294936136499423E+00 3.820901531538154483E+00 4.347248072286655329E+00 4.816588486161674787E+00 4.751939025090345936E+00 4.327882303113186779E+00 3.997458204082619648E+00 4.610120688370534126E+00 4.944562055427944358E+00 5.844726189582365450E+00 5.024441020663281243E+00 4.658591143176812110E+00 5.280179686042994369E+00 6.239655127912454802E+00 6.266287235713416948E+00 5.439422786404028543E+00 5.423264752739442862E+00 6.776132435486669436E+00 4.346676078594950532E+00 4.196766477364902492E+00 4.985266796813580648E+00 4.645050676907836795E+00 5.468367946845646088E+00 6.363444464326334149E+00 6.777811290987796333E+00 7.198564018534093556E+00 7.734527177616199900E+00 5.695628018305591844E+00 8.606181767843247954E+00 9.145800323278969302E+00 1.121466616059148258E+01 1.207075256138013941E+01 9.913314010639803442E+00 9.444808244069193393E+00 7.880553037056181154E+00 9.149995708622576274E+00 9.657345796494318790E+00 1.058253455579213842E+01 7.881870413627932059E+00 6.584259212191320820E+00 7.143319366642566060E+00 6.321627746347804333E+00 5.721950186805299765E+00 5.122716009171689677E+00 4.885020741842612146E+00 3.795522303791361907E+00 3.804048097457704891E+00 4.546411177237501988E+00 4.487502042925862966E+00 4.201691248684336522E+00 4.946318288482832948E+00 4.105706361690502071E+00 4.187622472578284238E+00 4.032920353113055967E+00 5.085298922688242129E+00 4.885905021102480816E+00 4.413735673673407689E+00 4.413708594524500484E+00 4.296873081988897169E+00 4.462636863303058199E+00 4.766589540842398165E+00 3.833408157771226232E+00 4.266620620342474801E+00 4.842417026667967583E+00 5.988489502354389593E+00 3.879338038644559283E+00 4.060866895241391994E+00 3.717964985359278440E+00 3.771447900982797918E+00 1.000000000000000000E+01 1.000000000000000000E+01 1.000000000000000000E+01 1.000000000000000000E+01 1.000000000000000000E+01 1.000000000000000000E+01 1.000000000000000000E+01 1.000000000000000000E+01 1.000000000000000000E+01 1.000000000000000000E+01 1.000000000000000000E+01 1.000000000000000000E+01 1.000000000000000000E+01 1.000000000000000000E+01 1.000000000000000000E+01 1.000000000000000000E+01 1.000000000000000000E+01 1.000000000000000000E+01 1.000000000000000000E+01 1.000000000000000000E+01 1.000000000000000000E+01 1.000000000000000000E+01 1.000000000000000000E+01 1.000000000000000000E+01 1.000000000000000000E+01 1.000000000000000000E+01 1.000000000000000000E+01 1.000000000000000000E+01 1.000000000000000000E+01 1.000000000000000000E+01 1.000000000000000000E+01 1.000000000000000000E+01 1.000000000000000000E+01 1.000000000000000000E+01 1.000000000000000000E+01 1.000000000000000000E+01 1.000000000000000000E+01 1.000000000000000000E+01 1.000000000000000000E+01 1.000000000000000000E+01 1.000000000000000000E+01 1.000000000000000000E+01 1.000000000000000000E+01 1.000000000000000000E+01 1.000000000000000000E+01 1.000000000000000000E+01 1.000000000000000000E+01 1.000000000000000000E+01 1.000000000000000000E+01 1.000000000000000000E+01 1.000000000000000000E+01
1.000000000000000000E+01 3.155894205245970863E+00 3.719036856503585398E+00 4.023907339092153812E+00 5.326240997369887431E+00 6.255405085721773339E+00 5.084302595411427816E+00 4.909570706288444164E+00 4.012875479438791970E+00 3.999738944721470180E+00 3.132871929104231512E+00 3.169848719370869095E+00 3.357130808401998401E+00 4.226496821451525499E+00 5.044962240654704111E+00 4.148968553905429069E+00 4.721135073033536855E+00 4.951309081542874857E+00 5.614623147845883899E+00 5.690120342231200112E+00 6.185539534076135659E+00 5.788363527376444218E+00 6.804518920974711449E+00 6.615291571452708297E+00 5.987280550683511393E+00 5.086778271183648670E+00 5.044259408033920700E+00 4.836899169667210785E+00 4.687949120911601320E+00 4.894706268906631408E+00 3.985841467676885852E+00 5.036684090879493425E+00 4.347861821370336166E+00 4.295745794181694777E+00 3.746356978529620019E+00 3.800640839421258743E+00 3.610741110753378447E+00 3.136764094904778144E+00 3.559846732455991702E+00 4.546627702015269001E+00 4.846132442606679191E+00 4.536642241813347631E+00 4.258629467417360814E+00 5.049372288383808360E+00 5.262449039113070270E+00 5.720422614685866769E+00 5.830094301306398386E+00 5.154938083485825828E+00 5.897935767257487250E+00 6.031919057115069371E+00 5.382418817850804338E+00 4.559457268144296194E+00 5.178158932491139232E+00 5.715149483130121943E+00 6.772548093142797931E+00 7.479124672304683585E+00 7.862601011324075628E+00 7.497566914778768243E+00 7.504187507089048026E+00 6.939576773217451588E+00 8.139907832413053157E+00 1.012914805064189849E+01 1.001056183737872907E+01 1.055737169409114706E+01 1.171501981922449964E+01 9.650225536086210809E+00 1.013922562192665744E+01 9.466040067599676533E+00 9.887404547852712611E+00 9.170647909612524629E+00 8.709364044056547627E+00 6.359329631076962919E+00 5.810532460746380856E+00 6.055517557774997783E+00 5.312288129838657724E+00 4.679273970669645344E+00 4.882703422889648870E+00 4.110776808485749889E+00 3.991458417092738742E+00 5.302434670745926226E+00 4.025608542869630213E+00 4.869620347626438139E+00 4.155019943100863422E+00 4.537660471274355345E+00 5.008678310118676258E+00 4.080555670212648423E+00 4.667681137585104167E+00 5.162630125550970561E+00 4.012122338348488526E+00 4.550958610712959818E+00 4.914748247686251403E+00 4.269394239689815684E+00 3.804081086847610038E+00 5.222877372144359320E+00 4.991584855680097910E+00 5.849719461633123174E+00 4.809090200431527684E+00 4.086557869978762803E+00 3.324474286341400742E+00 3.439212347265561132E+00 1.000000000000000000E+01 1.000000000000000000E+01 1.000000000000000000E+01 1.000000000000000000E+01 1.000000000000000000E+01 1.000000000000000000E+01 1.000000000000000000E+01 1.000000000000000000E+01 1.000000000000000000E+01 1.000000000000000000E+01 1.000000000000000000E+01 1.000000000000000000E+01 1.000000000000000000E+01 1.000000000000000000E+01 1.000000000000000000E+01 1.000000000000000000E+01 1.000000000000000000E+01 1.000000000000000000E+01 1.000000000000000000E+01 1.000000000000000000E+01 1.000000000000000000E+01 1.000000000000000000E+01 1.000000000000000000E+01 1.000000000000000000E+01 1.000000000000000000E+01 1.000000000000000000E+01 1.000000000000000000E+01 1.000000000000000000E+01 1.000000000000000000E+01 1.000000000000000000E+01 1.000000000000000000E+01 1.000000000000000000E+01 1.000000000000000000E+01 1.000000000000000000E+01 1.000000000000000000E+01 1.000000000000000000E+01 1.000000000000000000E+01 1.000000000000000000E+01 1.000000000000000000E+01 1.000000000000000000E+01 1.000000000000000000E+01 1.000000000000000000E+01 1.000000000000000000E+01 1.000000000000000000E+01 1.000000000000000000E+01 1.000000000000000000E+01 1.000000000000000000E+01 1.000000000000000000E+01 1.000000000000000000E+01 1.000000000000000000E+01 1.000000000000000000E+01
1.000000000000000000E+01 3.293027223800503833E+00 4.116424535522794415E+00 4.843548039877265232E+00 4.949931722880631213E+00 5.423045882691838848E+00 5.762412077946737377E+00 6.461111059076821483E+00 5.205945749318197535E+00 4.442450426196090874E+00 3.691504427831028945E+00 3.352443791907254056E+00 3.325196946494707984E+00 4.240121179522903461E+00 4.607184646705500874E+00 4.882565448540747255E+00 5.392477194529137208E+00 5.258199676981641701E+00 6.124723087726366977E+00 6.253485965524656187E+00 6.735928520556956123E+00 6.737387068904866716E+00 6.007898519942674653E+00 6.381434103038483130E+00 5.044403801420185296E+00 4.615256553386552163E+00 4.659242403654570985E+00 3.961249467550056469E+00 5.007956256561937103E+00 3.833461261161819067E+00 4.215559353214895388E+00 3.851530729428037425E+00 4.049835160287163838E+00 3.263331503797388677E+00 3.416467920728352148E+00 3.949390374501055678E+00 3.440516322021030415E+00 3.792751905477661278E+00 3.936593678988599798E+00 4.447940148343777267E+00 4.137952487163401472E+00 3.788024868937287959E+00 3.619109945641771908E+00 4.848330297813610912E+00 5.233232570637184722E+00 5.039123863947916782E+00 5.597711130694285941E+00 5.436147385918820518E+00 5.575057817927878467E+00 5.281601747172985917E+00 5.916085345714245491E+00 5.188737506439472291E+00 3.934903254464235278E+00 4.264916827308058878E+00 5.401309598411430990E+00 6.997029358726185144E+00 7.898386744614758648E+00 8.856975340400053298E+00 1.051107978664450293E+01 8.250850328694815161E+00 9.395659144276816477E+00 1.130950315335193856E+01 1.250762916130313229E+01 1.076236737395287513E+01 1.060017329621870630E+01 1.082013237311418763E+01 9.459795518704609663E+00 9.468153069649645204E+00 9.288175665147932136E+00 8.644045359152510599E+00 9.181447646097954163E+00 6.842254346560948441E+00 4.989949645260266742E+00 4.716138618359452472E+00 4.699186642971667993E+00 4.408729311262184147E+00 3.732520548721614428E+00 3.966024116341528849E+00 4.413104913422580822E+00 4.018171714488446788E+00 4.451583374211558919E+00 4.198841761484910506E+00 4.220859240551077640E+00 4.552825324242553151E+00 4.885968958367749693E+00 4.174071113299964608E+00 4.030342999137559445E+00 4.868848718819521970E+00 5.145664561829586425E+00 5.542241491319047419E+00 5.421673676022913391E+00 4.794263226247148957E+00 4.641467988808077649E+00 4.805277790230888080E+00 5.490902974597657860E+00 5.561821842063277899E+00 5.522572087736609348E+00 4.422037359719018568E+00 3.898100563925647410E+00 3.764920051881940122E+00 3.811360967741908023E+00 1.000000000000000000E+01 1.000000000000000000E+01 1.000000000000000000E+01 1.000000000000000000E+01 1.000000000000000000E+01 1.000000000000000000E+01 1.000000000000000000E+01 1.000000000000000000E+01 1.000000000000000000E+01 1.000000000000000000E+01 1.000000000000000000E+01 1.000000000000000000E+01 1.000000000000000000E+01 1.000000000000000000E+01 1.000000000000000000E+01 1.000000000000000000E+01 1.000000000000000000E+01 1.000000000000000000E+01 1.000000000000000000E+01 1.000000000000000000E+01 1.000000000000000000E+01 1.000000000000000000E+01 1.000000000000000000E+01 1.000000000000000000E+01 1.000000000000000000E+01 1.000000000000000000E+01 1.000000000000000000E+01 1.000000000000000000E+01 1.000000000000000000E+01 1.000000000000000000E+01 1.000000000000000000E+01 1.000000000000000000E+01 1.000000000000000000E+01 1.000000000000000000E+01 1.000000000000000000E+01 1.000000000000000000E+01 1.000000000000000000E+01 1.000000000000000000E+01 1.000000000000000000E+01 1.000000000000000000E+01 1.000000000000000000E+01 1.000000000000000000E+01 1.000000000000000000E+01 1.000000000000000000E+01 1.000000000000000000E+01 1.000000000000000000E+01 1.000000000000000000E+01 1.000000000000000000E+01 1.000000000000000000E+01 1.000000000000000000E+01
1.000000000000000000E+01 3.326554721572759110E+00 3.608740101124739752E+00 4.036847513689221678E+00 5.034252016679960917E+00 6.201223942677376755E+00 6.318536001736396734E+00 6.141444267551100289E+00 5.409093333381784774E+00 4.621801663096318791E+00 3.937904827652267237E+00 4.145915392099550623E+00 4.525870765098847670E+00 4.186896524228330030E+00 4.104638075064136693E+00 3.820340795272687551E+00 4.669244042905218883E+00 4.916396237467167474E+00 4.683901809584440024E+00 5.919136698751525039E+00 5.308335526618319200E+00 6.317143896605553088E+00 7.735613720992368769E+00 7.277889922044206372E+00 6.875197712652235005E+00 5.396760858237919400E+00 3.831502791171053524E+00 4.436187597324066090E+00 4.044042512696129243E+00 3.785883919969293743E+00 4.858421359959480768E+00 3.525829021797617813E+00 3.407647383778427130E+00 3.926292564921460393E+00 4.486552553590631653E+00 4.038816466564655983E+00 4.438811514767274424E+00 3.972514010013031172E+00 4.312436321078925161E+00 4.623923190777839309E+00 3.912936224312247191E+00 3.914325549513089086E+00 4.204119520726833592E+00 4.002940522659208966E+00 4.357940125556912569E+00 4.500354822611523531E+00 4.663936781518394525E+00 4.612675189613772986E+00 4.734879477832516947E+00 4.829852241198349994E+00 5.425511165392213897E+00 5.552326869210007843E+00 5.834168663210936856E+00 5.018100279070267788E+00 6.193856415966576101E+00 7.505460335135692773E+00 7.649981703097480157E+00 9.068389921839710155E+00 9.993646073522185702E+00 1.089075015189567530E+01 1.095197077348907477E+01 1.087203139391012208E+01 1.302617047498978131E+01 1.082039739332791584E+01 1.288702294455623232E+01 1.146416071513928614E+01 9.246843534278692545E+00 7.882455892848720502E+00 7.824670714294846618E+00 7.291003513313564888E+00 8.631772985885360683E+00 7.380685005917433372E+00 6.393319982888523434E+00 5.258634376385325382E+00 5.606510850175059346E+00 3.803933085131413261E+00 3.409998586066535164E+00 3.437767231999323325E+00 3.974266912656091222E+00 4.288120631995886001E+00 4.437670127235401552E+00 4.303066669538386790E+00 4.207170990609403916E+00 4.092593912051026628E+00 5.175312999707984751E+00 3.893644989282040836E+00 4.196879447111927064E+00 4.175912335797849373E+00 5.366538649758776813E+00 5.087406099401193593E+00 5.724757844657103689E+00 4.870869372522369289E+00 3.772124750240866131E+00 4.591308588887584641E+00 4.866810089125485739E+00 5.803484678564372778E+00 5.688227134342451308E+00 4.950210953803442671E+00 4.592496848473049731E+00 3.841707072415702307E+00 4.760735892719040407E+00 1.000000000000000000E+01 1.000000000000000000E+01 1.000000000000000000E+01 1.000000000000000000E+01 1.000000000000000000E+01 1.000000000000000000E+01 1.000000000000000000E+01 1.000000000000000000E+01 1.000000000000000000E+01 1.000000000000000000E+01 1.000000000000000000E+01 1.000000000000000000E+01 1.000000000000000000E+01 1.000000000000000000E+01 1.000000000000000000E+01 1.000000000000000000E+01 1.000000000000000000E+01 1.000000000000000000E+01 1.000000000000000000E+01 1.000000000000000000E+01 1.000000000000000000E+01 1.000000000000000000E+01 1.000000000000000000E+01 1.000000000000000000E+01 1.000000000000000000E+01 1.000000000000000000E+01 1.000000000000000000E+01 1.000000000000000000E+01 1.000000000000000000E+01 1.000000000000000000E+01 1.000000000000000000E+01 1.000000000000000000E+01 1.000000000000000000E+01 1.000000000000000000E+01 1.000000000000000000E+01 1.000000000000000000E+01 1.000000000000000000E+01 1.000000000000000000E+01 1.000000000000000000E+01 1.000000000000000000E+01 1.000000000000000000E+01 1.000000000000000000E+01 1.000000000000000000E+01 1.000000000000000000E+01 1.000000000000000000E+01 1.000000000000000000E+01 1.000000000000000000E+01 1.000000000000000000E+01 1.000000000000000000E+01 1.000000000000000000E+01
1.000000000000000000E+01 3.655494121056355628E+00 4.618386131395647354E+00 4.613823244971292148E+00 4.898531301680822736E+00 5.414639343100340341E+00 5.869823979378260503E+00 5.719425475904368561E+00 4.405996795128110044E+00 4.895827829463573089E+00 4.042451202779605346E+00 6.359973971369353940E+00 4.413388671295900956E+00 4.333027328281453094E+00 5.137071886579946067E+00 3.723396363114152230E+00 4.210712635208713195E+00 4.685805979072497074E+00 4.942576838617129376E+00 5.833961942879902551E+00 5.600588949772826730E+00 5.712398955404915490E+00 6.240559054059520605E+00 6.680771103530841692E+00 6.536753196356535511E+00 5.595567691758748907E+00 4.274820423036138628E+00 4.143379715053143286E+00 3.057586732530391593E+00 3.699781185104650039E+00 4.220786048027788340E+00 3.575806424053472377E+00 3.287758497534815749E+00 3.568516543742270120E+00 4.252452956882962098E+00 4.393209623079396664E+00 4.278640353480026803E+00 4.700486352419935621E+00 4.363170456877701220E+00 3.612759547152679218E+00 4.040061008976234547E+00 3.961600729208395677E+00 3.498173620419420260E+00 4.397618246664380059E+00 4.481717496119247635E+00 4.177945268177864158E+00 3.798393416868735883E+00 4.649965254722423502E+00 4.365428609803358562E+00 4.418794167778618664E+00 5.174948891668380568E+00 6.530341739025168124E+00 5.917769003871322653E+00 6.231586660651005083E+00 6.997359513302470191E+00 6.311999777376242626E+00 7.459193330924126286E+00 8.504433778453963200E+00 1.165844100509756842E+01 1.173663124759101528E+01 9.662893411046706404E+00 1.158674451575300068E+01 1.253030086108643104E+01 1.299392937058370023E+01 1.185027270171881675E+01 9.870269850928625743E+00 8.737770552364834131E+00 1.013968457143669610E+01 8.199654606681949787E+00 8.769289341160465767E+00 8.499278337362486724E+00 8.658114814302651396E+00 7.249215720296777299E+00 5.970135647716907634E+00 5.882320926468778133E+00 3.606192923174571074E+00 3.259497116715686538E+00 3.836103128321895372E+00 3.582581487332906267E+00 3.780815127359488326E+00 3.268537888169215311E+00 3.647195545040334608E+00 3.318369800205521081E+00 4.122023148046356056E+00 4.386082395945359202E+00 5.075831230216837575E+00 4.980651327435908549E+00 3.898169952912863501E+00 5.270583762442011988E+00 5.818870064660117691E+00 6.107899020712643789E+00 5.258176781380547560E+00 4.833356584614302065E+00 5.791102619411375940E+00 4.986691061466306252E+00 5.689615355676921560E+00 5.943616418916809252E+00 5.296301719807591013E+00 4.556965973455676000E+00 3.551508213400101699E+00 3.856736556353624668E+00 1.000000000000000000E+01 1.000000000000000000E+01 1.000000000000000000E+01 1.000000000000000000E+01 1.000000000000000000E+01 1.000000000000000000E+01 1.000000000000000000E+01 1.000000000000000000E+01 1.000000000000000000E+01 1.000000000000000000E+01 1.000000000000000000E+01 1.000000000000000000E+01 1.000000000000000000E+01 1.000000000000000000E+01 1.000000000000000000E+01 1.000000000000000000E+01 1.000000000000000000E+01 1.000000000000000000E+01 1.000000000000000000E+01 1.000000000000000000E+01 1.000000000000000000E+01 1.000000000000000000E+01 1.000000000000000000E+01 1.000000000000000000E+01 1.000000000000000000E+01 1.000000000000000000E+01 1.000000000000000000E+01 1.000000000000000000E+01 1.000000000000000000E+01 1.000000000000000000E+01 1.000000000000000000E+01 1.000000000000000000E+01 1.000000000000000000E+01 1.000000000000000000E+01 1.000000000000000000E+01 1.000000000000000000E+01 1.000000000000000000E+01 1.000000000000000000E+01 1.000000000000000000E+01 1.000000000000000000E+01 1.000000000000000000E+01 1.000000000000000000E+01 1.000000000000000000E+01 1.000000000000000000E+01 1.000000000000000000E+01 1.000000000000000000E+01 1.000000000000000000E+01 1.000000000000000000E+01 1.000000000000000000E+01 1.000000000000000000E+01
1.000000000000000000E+01 4.096372640968827028E+00 3.908109694700922176E+00 4.145958726465543087E+00 5.955776642824402778E+00 6.032491524116615267E+00 5.185730348204761420E+00 4.827438035034562702E+00 5.708681686648719555E+00 5.463231748342650462E+00 4.912324864764836541E+00 5.918810073000355665E+00 5.785462152721297713E+00 5.144800618379885115E+00 4.310765553418248963E+00 3.933761637586145721E+00 3.321568459869165935E+00 4.946014652198549300E+00 5.090092588945884344E+00 6.188053687713014561E+00 6.279938765067775819E+00 5.691727799623397921E+00 6.993301120018635686E+00 7.672070182967523522E+00 7.254097179924740679E+00 4.830354987460441230E+00 4.108869128382705682E+00 3.997207427175182293E+00 3.483716056159497310E+00 3.448580092670673114E+00 3.388448510430795757E+00 3.708897481543949493E+00 3.753638414390941147E+00 2.979916204628600962E+00 3.496553052466621292E+00 4.233036510495678861E+00 4.956508767128485538E+00 5.213268707680446035E+00 5.963009141001192503E+00 4.072064461131997604E+00 4.535058939561364078E+00 3.829296648395020153E+00 3.827147411365541263E+00 4.937068322090188310E+00 4.690204815747987865E+00 4.058812634077552772E+00 3.986068242695758546E+00 3.725312577658997704E+00 3.503521558068739772E+00 3.816009538895326347E+00 4.922077759634895244E+00 5.738677232944614737E+00 5.611220202408534696E+00 5.825986168519697195E+00 6.982025705778337255E+00 7.458480170716277335E+00 9.727641399369513664E+00 9.034381406736047282E+00 1.092730104600938645E+01 9.968400619442501664E+00 1.046658010672122252E+01 1.020217816319152071E+01 1.302096426796204653E+01 1.084119983434203505E+01 1.202319290652122241E+01 1.161225957620480109E+01 9.809101277045066070E+00 9.269383642112615007E+00 1.019623015747255401E+01 1.007078122058686809E+01 9.534535917990186960E+00 8.872425926983911637E+00 8.420787337061646838E+00 7.232167985886684747E+00 5.319670140050681617E+00 4.053250832347238486E+00 3.409297531336549891E+00 3.883023754247582726E+00 3.954738013976298205E+00 3.234174506550085315E+00 2.848863986142614380E+00 2.719018370667048323E+00 2.894594468405226717E+00 3.616255439496289803E+00 4.348952906126017481E+00 4.920662759139512232E+00 5.081121196651733563E+00 4.642747346454567214E+00 5.608740094392183906E+00 5.222234799555737439E+00 5.437952766460120380E+00 5.131190820238044736E+00 5.085747651499763933E+00 5.350578992771533038E+00 4.875319316518579527E+00 4.743146515681371689E+00 5.172942747908569672E+00 4.914534112498892604E+00 4.275314915499631496E+00 3.134598603578886422E+00 3.218379096652502547E+00 1.000000000000000000E+01 1.000000000000000000E+01 1.000000000000000000E+01 1.000000000000000000E+01 1.000000000000000000E+01 1.000000000000000000E+01 1.000000000000000000E+01 1.000000000000000000E+01 1.000000000000000000E+01 1.000000000000000000E+01 1.000000000000000000E+01 1.000000000000000000E+01 1.000000000000000000E+01 1.000000000000000000E+01 1.000000000000000000E+01 1.000000000000000000E+01 1.000000000000000000E+01 1.000000000000000000E+01 1.000000000000000000E+01 1.000000000000000000E+01 1.000000000000000000E+01 1.000000000000000000E+01 1.000000000000000000E+01 1.000000000000000000E+01 1.000000000000000000E+01 1.000000000000000000E+01 1.000000000000000000E+01 1.000000000000000000E+01 1.000000000000000000E+01 1.000000000000000000E+01 1.000000000000000000E+01 1.000000000000000000E+01 1.000000000000000000E+01 1.000000000000000000E+01 1.000000000000000000E+01 1.000000000000000000E+01 1.000000000000000000E+01 1.000000000000000000E+01 1.000000000000000000E+01 1.000000000000000000E+01 1.000000000000000000E+01 1.000000000000000000E+01 1.000000000000000000E+01 1.000000000000000000E+01 1.000000000000000000E+01 1.000000000000000000E+01 1.000000000000000000E+01 1.000000000000000000E+01 1.000000000000000000E+01 1.000000000000000000E+01
1.000000000000000000E+01 4.042367158131702887E+00 3.651657105037464213E+00 4.903574988133469148E+00 5.242748746741775712E+00 4.732091938554996879E+00 5.652649902663630321E+00 4.861486582322553929E+00 6.360112905758690260E+00 6.092789013141311827E+00 6.085694532088423259E+00 6.435924501000128473E+00 7.350086210961726430E+00 6.298989766736464269E+00 4.784246124590861626E+00 3.888499611296447167E+00 4.610089451084395051E+00 4.849392105900251160E+00 5.561180580023812325E+00 7.954876172772396892E+00 7.929079357618022073E+00 7.361613532251477743E+00 6.493130887985265609E+00 7.966086101135885222E+00 7.904009898313097970E+00 5.652611815191908029E+00 4.726286107580335738E+00 4.389790008292803414E+00 3.372054680402982729E+00 3.771785087791258650E+00 3.133152705269794946E+00 3.370249480009345877E+00 2.946128686017127851E+00 3.240367047038622772E+00 4.367480502965594091E+00 4.070477396812190563E+00 4.373938274787092517E+00 4.843000370927100562E+00 5.661909741497748172E+00 4.259063429353485475E+00 5.374226596463948624E+00 4.260954539084329973E+00 3.750387854980790969E+00 4.257261937479986713E+00 4.311760842008231620E+00 4.485337654402806962E+00 3.297597975629837919E+00 3.415274986852353312E+00 4.460179920148072519E+00 4.634662075259226910E+00 5.425674243470059999E+00 6.344487029542725587E+00 7.135052573380279206E+00 6.212123156001934987E+00 7.461519967586633051E+00 9.949109269048273418E+00 1.012266165986790689E+01 9.924592101242470932E+00 9.829707193246285613E+00 8.754251006072342634E+00 9.924914589102398210E+00 1.010731417563207124E+01 1.033298132544896220E+01 1.126398604442985096E+01 1.076655090140294746E+01 1.098803909161825665E+01 9.408246119732936563E+00 1.098330302124367464E+01 1.090778871983726184E+01 1.054601277031174789E+01 1.220322025206799665E+01 9.059261033246299277E+00 7.903913947048820887E+00 7.437866367168910031E+00 5.988805553409087601E+00 4.544779394160990194E+00 4.844183927420411706E+00 5.832699612971076419E+00 4.821788743918292930E+00 3.048452427673004284E+00 2.513916312090181293E+00 2.553818661953043190E+00 3.547723844854111963E+00 3.727748873892662296E+00 3.632586220773397212E+00 4.321423973545845953E+00 4.357168977603280702E+00 4.227198829868725305E+00 4.061842187911052449E+00 6.975143029190120636E+00 5.376733433387325789E+00 4.772487634760349096E+00 5.835936271107212470E+00 5.571450981071468966E+00 6.159003013163162343E+00 6.273304687823131331E+00 6.520442423474914762E+00 5.890959931482603551E+00 4.543094565601166757E+00 3.782279539406290692E+00 3.366708542457331976E+00 1.000000000000000000E+01 1.000000000000000000E+01 1.000000000000000000E+01 1.000000000000000000E+01 1.000000000000000000E+01 1.000000000000000000E+01 1.000000000000000000E+01 1.000000000000000000E+01 1.000000000000000000E+01 1.000000000000000000E+01 1.000000000000000000E+01 1.000000000000000000E+01 1.000000000000000000E+01 1.000000000000000000E+01 1.000000000000000000E+01 1.000000000000000000E+01 1.000000000000000000E+01 1.000000000000000000E+01 1.000000000000000000E+01 1.000000000000000000E+01 1.000000000000000000E+01 1.000000000000000000E+01 1.000000000000000000E+01 1.000000000000000000E+01 1.000000000000000000E+01 1.000000000000000000E+01 1.000000000000000000E+01 1.000000000000000000E+01 1.000000000000000000E+01 1.000000000000000000E+01 1.000000000000000000E+01 1.000000000000000000E+01 1.000000000000000000E+01 1.000000000000000000E+01 1.000000000000000000E+01 1.000000000000000000E+01 1.000000000000000000E+01 1.000000000000000000E+01 1.000000000000000000E+01 1.000000000000000000E+01 1.000000000000000000E+01 1.000000000000000000E+01 1.000000000000000000E+01 1.000000000000000000E+01 1.000000000000000000E+01 1.000000000000000000E+01 1.000000000000000000E+01 1.000000000000000000E+01 1.000000000000000000E+01 1.000000000000000000E+01
1.000000000000000000E+01 5.402991384183732926E+00 4.067412914869693807E+00 3.896702826647354456E+00 4.734800321990773497E+00 6.555140044762416629E+00 6.273054098038568505E+00 6.210209109513867176E+00 5.596881773325632636E+00 6.097750593486860105E+00 6.256801697614001512E+00 6.891693159043423833E+00 6.501916378066882274E+00 6.669504521364316929E+00 5.350786139887045323E+00 3.910068914370481874E+00 4.592298475203532071E+00 6.399117669955668219E+00 7.878609385433854584E+00 7.478150285440223755E+00 7.049160585735323004E+00 9.115437636259073884E+00 9.529875376147142418E+00 7.802764236784081042E+00 7.191569552700292078E+00 6.227310286669623274E+00 5.780850971840533425E+00 4.302491399158695273E+00 3.665882999984489743E+00 3.163055266457970305E+00 3.064835806010047126E+00 3.255677442842595859E+00 3.419617512368766654E+00 3.494399578387469951E+00 3.905973013276369254E+00 4.721508857505574142E+00 4.108132225880737565E+00 5.217543641961910339E+00 5.451185458990239319E+00 4.258348671580586497E+00 4.095221277351447142E+00 4.215226610198571144E+00 4.436310763868838158E+00 4.407331409895593133E+00 4.592341204235608210E+00 4.173838993188448754E+00 3.675737768083201296E+00 3.998656786835568244E+00 3.828573458367075411E+00 5.639511842885410076E+00 4.754040526466864591E+00 6.889728441276289139E+00 8.470317252306275080E+00 7.618857579450732054E+00 7.211868059593009583E+00 8.607376461755521291E+00 8.495832264910754716E+00 9.541933708652175383E+00 1.049599009380274595E+01 8.046984405984773048E+00 1.051042849309092730E+01 8.884739845487487742E+00 1.002053428663155366E+01 1.153113496146419692E+01 1.178280083533589817E+01 1.122563975088113786E+01 9.590144827605667999E+00 9.651210122921458634E+00 1.014244782135205369E+01 1.178966045564390086E+01 1.188759047815670833E+01 1.002761752996364741E+01 7.126126454213356887E+00 7.166006787833794967E+00 6.261989858094415773E+00 5.608143887900865820E+00 6.081278286268770650E+00 5.751889776703107415E+00 4.459754536625162302E+00 3.413973538764132343E+00 2.946476335478190212E+00 3.031816491871338393E+00 3.356929436541002509E+00 2.646935325747261203E+00 3.214544806850987424E+00 3.353674450656950690E+00 3.595275700676987540E+00 3.569701459325156367E+00 3.546504938287492692E+00 3.549257106170294662E+00 3.464054287328081738E+00 4.604010910534217516E+00 5.634244905358592348E+00 4.899299256128267110E+00 5.939599994145344120E+00 7.129490315184280114E+00 7.233039962392256328E+00 6.790119159076062338E+00 6.280680794576585235E+00 5.099936768881268456E+00 3.438838656140813743E+00 3.642721729068102210E+00 1.000000000000000000E+01 1.000000000000000000E+01 1.000000000000000000E+01 1.000000000000000000E+01 1.000000000000000000E+01 1.000000000000000000E+01 1.000000000000000000E+01 1.000000000000000000E+01 1.000000000000000000E+01 1.000000000000000000E+01 1.000000000000000000E+01 1.000000000000000000E+01 1.000000000000000000E+01 1.000000000000000000E+01 1.000000000000000000E+01 1.000000000000000000E+01 1.000000000000000000E+01 1.000000000000000000E+01 1.000000000000000000E+01 1.000000000000000000E+01 1.000000000000000000E+01 1.000000000000000000E+01 1.000000000000000000E+01 1.000000000000000000E+01 1.000000000000000000E+01 1.000000000000000000E+01 1.000000000000000000E+01 1.000000000000000000E+01 1.000000000000000000E+01 1.000000000000000000E+01 1.000000000000000000E+01 1.000000000000000000E+01 1.000000000000000000E+01 1.000000000000000000E+01 1.000000000000000000E+01 1.000000000000000000E+01 1.000000000000000000E+01 1.000000000000000000E+01 1.000000000000000000E+01 1.000000000000000000E+01 1.000000000000000000E+01 1.000000000000000000E+01 1.000000000000000000E+01 1.000000000000000000E+01 1.000000000000000000E+01 1.000000000000000000E+01 1.000000000000000000E+01 1.000000000000000000E+01 1.000000000000000000E+01
1.000000000000000000E+01 5.013742206482639574E+00 4.689557944671918222E+00 4.554160209352009936E+00 5.346189837542750567E+00 5.966390043264836685E+00 5.430014934139323124E+00 6.324349462088172835E+00 6.105286725019926308E+00 5.358385852901388802E+00 5.936808068406676853E+00 5.268678443338415285E+00 4.938607997303656738E+00 4.880558609126439684E+00 4.665765066742773470E+00 3.776507737417546196E+00 4.798864230028817346E+00 7.721079728213511295E+00 8.239255735746864318E+00 7.186706959578929244E+00 8.675872386424179794E+00 8.700940823784208078E+00 8.056455786220082516E+00 8.943979187009002629E+00 7.277633479937795080E+00 6.157221862314294469E+00 4.910078311368073045E+00 4.706169460673030436E+00 4.293569556639392104E+00 3.955787105024684891E+00 4.120401975961208052E+00 3.732699399406615548E+00 3.450734289041546887E+00 3.291344687530722624E+00 3.794921512377605666E+00 4.560748064730423934E+00 4.089348909676052912E+00 4.861496316892887748E+00 5.344171948253776172E+00 4.285392407223420186E+00 5.099858790008984677E+00 4.210503273143694436E+00 4.061852430491731170E+00 4.096575526189463190E+00 3.741374674537918832E+00 3.826910712208282828E+00 3.768987650997830841E+00 4.154196705447873228E+00 4.735805179696977341E+00 6.219088750075258076E+00 5.669808769534283144E+00 7.096131750662622473E+00 9.000934958341867187E+00 8.319048004547825670E+00 6.372948947226745098E+00 6.713297876398167219E+00 6.312876966800474499E+00 1.000000000000000000E+01 1.000000000000000000E+01 1.000000000000000000E+01 1.000000000000000000E+01 1.000000000000000000E+01 1.000000000000000000E+01 1.000000000000000000E+01 1.000000000000000000E+01 1.000000000000000000E+01 1.000000000000000000E+01 1.000000000000000000E+01 1.000000000000000000E+01 1.000000000000000000E+01 1.000000000000000000E+01 1.000000000000000000E+01 1.000000000000000000E+01 1.000000000000000000E+01 1.000000000000000000E+01 5.705894541887383653E+00 5.436402966802638126E+00 5.160194830862725901E+00 3.675880291320723803E+00 3.687118467289510537E+00 3.602573275360466898E+00 3.967647062391842283E+00 3.848859277242451693E+00 3.693211071589345806E+00 3.143152447459370613E+00 3.229077066101606608E+00 3.068078281928133588E+00 3.123754059296945940E+00 2.770007701548955481E+00 3.296051402059982927E+00 4.058535738223898015E+00 4.271625555830795840E+00 4.872901093630467528E+00 6.707593425205215176E+00 7.148734973378270574E+00 8.812412666974404729E+00 6.884540686414364785E+00 6.698308937717182054E+00 5.133347301596338674E+00 5.289499626413689093E+00 3.945365067554809979E+00 3.265897559138303929E+00 1.000000000000000000E+01 1.000000000000000000E+01 1.000000000000000000E+01 1.000000000000000000E+01 1.000000000000000000E+01 1.000000000000000000E+01 1.000000000000000000E+01 1.000000000000000000E+01 1.000000000000000000E+01 1.000000000000000000E+01 1.000000000000000000E+01 1.000000000000000000E+01 1.000000000000000000E+01 1.000000000000000000E+01 1.000000000000000000E+01 1.000000000000000000E+01 1.000000000000000000E+01 1.000000000000000000E+01 1.000000000000000000E+01 1.000000000000000000E+01 1.000000000000000000E+01 1.000000000000000000E+01 1.000000000000000000E+01 1.000000000000000000E+01 1.000000000000000000E+01 1.000000000000000000E+01 1.000000000000000000E+01 1.000000000000000000E+01 1.000000000000000000E+01 1.000000000000000000E+01 1.000000000000000000E+01 1.000000000000000000E+01 1.000000000000000000E+01 1.000000000000000000E+01 1.000000000000000000E+01 1.000000000000000000E+01 1.000000000000000000E+01 1.000000000000000000E+01 1.000000000000000000E+01 1.000000000000000000E+01 1.000000000000000000E+01 1.000000000000000000E+01 1.000000000000000000E+01 1.000000000000000000E+01 1.000000000000000000E+01 1.000000000000000000E+01 1.000000000000000000E+01 1.000000000000000000E+01 1.000000000000000000E+01
1.000000000000000000E+01 3.915601736257099397E+00 3.735651002546348298E+00 3.906413138643046068E+00 5.213858852821000589E+00 5.527750525080254995E+00 5.530613467426396035E+00 5.426555545642391287E+00 5.805183718255328529E+00 5.452941538365969620E+00 4.960770677473467671E+00 4.836297524832521511E+00 4.900415157410058953E+00 5.294931870139801156E+00 3.978786364170665557E+00 4.677265264262011613E+00 6.381531658512186844E+00 5.750987563357575105E+00 7.244688555544885666E+00 7.505867292053620687E+00 8.424723855476837997E+00 9.436920698024604093E+00 8.465071280291336819E+00 7.895326801488166346E+00 6.793428480396665137E+00 6.526612613861416001E+00 5.197653221085402286E+00 4.089143729294222318E+00 4.486559741473151064E+00 4.656037753557400016E+00 4.677664544341784136E+00 4.345123238049432679E+00 4.300050730421146383E+00 3.274757683014464238E+00 4.043181560733057900E+00 5.103579925556929631E+00 5.813033321177031532E+00 5.277617017326304172E+00 5.593157771501945597E+00 5.031766842089067104E+00 4.509913777461558304E+00 3.846773810083556011E+00 4.261620132420446794E+00 4.359783261323805448E+00 3.648265618154407086E+00 3.217491373774250984E+00 3.702779639656182731E+00 3.004606672274215740E+00 4.167712030136946133E+00 4.726649478092308954E+00 6.910368482473461249E+00 1.000000000000000000E+01 1.000000000000000000E+01 1.000000000000000000E+01 1.000000000000000000E+01 1.000000000000000000E+01 1.000000000000000000E+01 1.000000000000000000E+01 1.000000000000000000E+01 1.000000000000000000E+01 1.000000000000000000E+01 1.000000000000000000E+01 1.000000000000000000E+01 1.000000000000000000E+01 1.000000000000000000E+01 1.000000000000000000E+01 1.000000000000000000E+01 1.000000000000000000E+01 1.000000000000000000E+01 1.000000000000000000E+01 1.000000000000000000E+01 1.000000000000000000E+01 1.000000000000000000E+01 1.000000000000000000E+01 1.000000000000000000E+01 1.000000000000000000E+01 1.000000000000000000E+01 5.153635086420131017E+00 3.925309538956255562E+00 3.574963599411174808E+00 3.256438006663224360E+00 3.580002393966478014E+00 3.140846004489879828E+00 2.882064667030667326E+00 3.078945075342840010E+00 3.439174378120491316E+00 3.643314750845390471E+00 2.812746211253956297E+00 2.913663422564025662E+00 3.177552806292721854E+00 4.861386569583393324E+00 5.720406396212649014E+00 5.577189570865497714E+00 5.590219766315763117E+00 7.339956467338557999E+00 8.353170883700858695E+00 6.185888839220821112E+00 5.806991555201760136E+00 5.586836030924444252E+00 5.293763086366656268E+00 3.829546733338014430E+00 2.953116772787548250E+00 1.000000000000000000E+01 1.000000000000000000E+01 1.000000000000000000E+01 1.000000000000000000E+01 1.000000000000000000E+01 1.000000000000000000E+01 1.000000000000000000E+01 1.000000000000000000E+01 1.000000000000000000E+01 1.000000000000000000E+01 1.000000000000000000E+01 1.000000000000000000E+01 1.000000000000000000E+01 1.000000000000000000E+01 1.000000000000000000E+01 1.000000000000000000E+01 1.000000000000000000E+01 1.000000000000000000E+01 1.000000000000000000E+01 1.000000000000000000E+01 1.000000000000000000E+01 1.000000000000000000E+01 1.000000000000000000E+01 1.000000000000000000E+01 1.000000000000000000E+01 1.000000000000000000E+01 1.000000000000000000E+01 1.000000000000000000E+01 1.000000000000000000E+01 1.000000000000000000E+01 1.000000000000000000E+01 1.000000000000000000E+01 1.000000000000000000E+01 1.000000000000000000E+01 1.000000000000000000E+01 1.000000000000000000E+01 1.000000000000000000E+01 1.000000000000000000E+01 1.000000000000000000E+01 1.000000000000000000E+01 1.000000000000000000E+01 1.000000000000000000E+01 1.000000000000000000E+01 1.000000000000000000E+01 1.000000000000000000E+01 1.000000000000000000E+01 1.000000000000000000E+01 1.000000000000000000E+01 1.000000000000000000E+01
1.000000000000000000E+01 3.686448672458197962E+00 2.950368979923442048E+00 3.546369106382596392E+00 4.365557936084937474E+00 4.419527159110598902E+00 5.182688435773517455E+00 4.849534821092050585E+00 6.027380561732834430E+00 5.150622899630952212E+00 5.184879648879712200E+00 5.464866706694794907E+00 5.652083390135678620E+00 4.592141598333196129E+00 4.462854090911186233E+00 5.389197069067458656E+00 6.404672356644546483E+00 6.903326107711782456E+00 5.720771465515191778E+00 6.264661855859241513E+00 6.693207657759640661E+00 7.643437929863317493E+00 6.640083346603590897E+00 6.841229278289427285E+00 6.047280507166169272E+00 5.800886576178577059E+00 5.762600719666901128E+00 5.316598120922578552E+00 5.572579806649222256E+00 4.625246148938370716E+00 4.324822748265443551E+00 4.598874878890803153E+00 4.015046086286464977E+00 3.978350249878378708E+00 4.037394436276844800E+00 5.173257918742700134E+00 5.110330050967140103E+00 4.653089548986678814E+00 5.713163416539678963E+00 5.628189499825069220E+00 4.887700427980133711E+00 4.041135067508336398E+00 4.163959835007024601E+00 4.091751115094590219E+00 3.212162083508733446E+00 3.036984066977717500E+00 1.000000000000000000E+01 1.000000000000000000E+01 1.000000000000000000E+01 1.000000000000000000E+01 1.000000000000000000E+01 1.000000000000000000E+01 1.000000000000000000E+01 1.000000000000000000E+01 1.000000000000000000E+01 1.000000000000000000E+01 1.000000000000000000E+01 1.000000000000000000E+01 1.000000000000000000E+01 1.000000000000000000E+01 1.000000000000000000E+01 1.000000000000000000E+01 1.000000000000000000E+01 1.000000000000000000E+01 1.000000000000000000E+01 1.000000000000000000E+01 1.000000000000000000E+01 1.000000000000000000E+01 1.000000000000000000E+01 1.000000000000000000E+01 1.000000000000000000E+01 1.000000000000000000E+01 1.000000000000000000E+01 1.000000000000000000E+01 1.000000000000000000E+01 1.000000000000000000E+01 1.000000000000000000E+01 1.000000000000000000E+01 5.035274187779394950E+00 3.712960447039652667E+00 4.258703256339740228E+00 4.061435900647929920E+00 3.655607124591904178E+00 3.033066562599660010E+00 2.804995824184779885E+00 2.901215021831000218E+00 3.052958119289057581E+00 2.698183255364559496E+00 3.179118301105803734E+00 3.622572924078310219E+00 4.929437182273676221E+00 5.713941201004356429E+00 5.782158153522637178E+00 7.620937017050378515E+00 7.922533708885967307E+00 7.237586245167989318E+00 6.333248017577895794E+00 6.750683976760408100E+00 6.635225282668444358E+00 6.181805624588514014E+00 4.889844136667552021E+00 4.249476442858464154E+00 1.000000000000000000E+01 1.000000000000000000E+01 1.000000000000000000E+01 1.000000000000000000E+01 1.000000000000000000E+01 1.000000000000000000E+01 1.000000000000000000E+01 1.000000000000000000E+01 1.000000000000000000E+01 1.000000000000000000E+01 1.000000000000000000E+01 1.000000000000000000E+01 1.000000000000000000E+01 1.000000000000000000E+01 1.000000000000000000E+01 1.000000000000000000E+01 1.000000000000000000E+01 1.000000000000000000E+01 1.000000000000000000E+01 1.000000000000000000E+01 1.000000000000000000E+01 1.000000000000000000E+01 1.000000000000000000E+01 1.000000000000000000E+01 1.000000000000000000E+01 1.000000000000000000E+01 1.000000000000000000E+01 1.000000000000000000E+01 1.000000000000000000E+01 1.000000000000000000E+01 1.000000000000000000E+01 1.000000000000000000E+01 1.000000000000000000E+01 1.000000000000000000E+01 1.000000000000000000E+01 1.000000000000000000E+01 1.000000000000000000E+01 1.000000000000000000E+01 1.000000000000000000E+01 1.000000000000000000E+01 1.000000000000000000E+01 1.000000000000000000E+01 1.000000000000000000E+01 1.000000000000000000E+01 1.000000000000000000E+01 1.000000000000000000E+01 1.000000000000000000E+01 1.000000000000000000E+01 1.000000000000000000E+01
1.000000000000000000E+01 3.205822311887689402E+00 3.675143123418934898E+00 4.132461844899951942E+00 4.335353792988586363E+00 4.644650250659451807E+00 5.918004060440200220E+00 4.931669531519755623E+00 4.468572888565179646E+00 5.379068818851805212E+00 4.536342180478753150E+00 4.578595575648614080E+00 4.944939069402786380E+00 4.692662175398586655E+00 4.244011698978322755E+00 4.220414128362325101E+00 5.826729740514638323E+00 7.099774136235103228E+00 6.532640014560487707E+00 5.233442565400290292E+00 5.423489528574776841E+00 6.839719031867172561E+00 5.378702794611906590E+00 7.060554790307000950E+00 6.471533044634131926E+00 6.284175527302664044E+00 6.377806496405581171E+00 5.806342054787632101E+00 5.315003981112941034E+00 5.041101662168153474E+00 4.529646057486263366E+00 5.252545164707535186E+00 3.455580390755939924E+00 3.364201799495969425E+00 4.845703083769453912E+00 5.802425379018381513E+00 5.008624323879281803E+00 5.357250657578260800E+00 4.782418832818864374E+00 5.395936376813039281E+00 1.000000000000000000E+01 1.000000000000000000E+01 1.000000000000000000E+01 1.000000000000000000E+01 1.000000000000000000E+01 1.000000000000000000E+01 1.000000000000000000E+01 1.000000000000000000E+01 1.000000000000000000E+01 1.000000000000000000E+01 1.000000000000000000E+01 1.000000000000000000E+01 1.000000000000000000E+01 1.000000000000000000E+01 1.000000000000000000E+01 1.000000000000000000E+01 1.000000000000000000E+01 1.000000000000000000E+01 1.000000000000000000E+01 1.000000000000000000E+01 1.000000000000000000E+01 1.000000000000000000E+01 1.000000000000000000E+01 1.000000000000000000E+01 1.000000000000000000E+01 1.000000000000000000E+01 1.000000000000000000E+01 1.000000000000000000E+01 1.000000000000000000E+01 1.000000000000000000E+01 1.000000000000000000E+01 1.000000000000000000E+01 1.000000000000000000E+01 1.000000000000000000E+01 1.000000000000000000E+01 1.000000000000000000E+01 1.000000000000000000E+01 1.000000000000000000E+01 1.000000000000000000E+01 1.000000000000000000E+01 4.319488283173684273E+00 4.221374126136137050E+00 3.604157136118582461E+00 3.152242067237500667E+00 3.026894428697336714E+00 3.504783601558667527E+00 2.821285276570642431E+00 2.675060460419554698E+00 2.888203691276910678E+00 3.523136296278015056E+00 5.187496069779023777E+00 4.810453818427832040E+00 4.757341766559418872E+00 6.006579199684059844E+00 7.067894805443232897E+00 6.516543998564042539E+00 6.813521432734818362E+00 6.564328823656890854E+00 7.783770162256581138E+00 5.799134561600393312E+00 5.318249610972381802E+00 4.654793800763843414E+00 1.000000000000000000E+01 1.000000000000000000E+01 1.000000000000000000E+01 1.000000000000000000E+01 1.000000000000000000E+01 1.000000000000000000E+01 1.000000000000000000E+01 1.000000000000000000E+01 1.000000000000000000E+01 1.000000000000000000E+01 1.000000000000000000E+01 1.000000000000000000E+01 1.000000000000000000E+01 1.000000000000000000E+01 1.000000000000000000E+01 1.000000000000000000E+01 1.000000000000000000E+01 1.000000000000000000E+01 1.000000000000000000E+01 1.000000000000000000E+01 1.000000000000000000E+01 1.000000000000000000E+01 1.000000000000000000E+01 1.000000000000000000E+01 1.000000000000000000E+01 1.000000000000000000E+01 1.000000000000000000E+01 1.000000000000000000E+01 1.000000000000000000E+01 1.000000000000000000E+01 1.000000000000000000E+01 1.000000000000000000E+01 1.000000000000000000E+01 1.000000000000000000E+01 1.000000000000000000E+01 1.000000000000000000E+01 1.000000000000000000E+01 1.000000000000000000E+01 1.000000000000000000E+01 1.000000000000000000E+01 1.000000000000000000E+01 1.000000000000000000E+01 1.000000000000000000E+01 1.000000000000000000E+01 1.000000000000000000E+01 1.000000000000000000E+01 1.000000000000000000E+01 1.000000000000000000E+01 1.000000000000000000E+01
1.000000000000000000E+01 3.342680241247543815E+00 3.842225659879245914E+00 3.729915088494329733E+00 4.503947276435550151E+00 5.286677252489748291E+00 5.549891156418896188E+00 5.717474985017818589E+00 5.047308328362581697E+00 4.309081339858559012E+00 3.548991331216972522E+00 3.878607317055709824E+00 3.574485392976027409E+00 5.115863044607879218E+00 4.221765413164893843E+00 4.459639795612631907E+00 5.673121135188271325E+00 5.005152747940592839E+00 5.616877067655902778E+00 4.839994696872328639E+00 4.968072199856990778E+00 6.014688419229877958E+00 6.529258640477699771E+00 7.327918487426805072E+00 8.772194912932908650E+00 7.503451754733434065E+00 6.645997273901464553E+00 6.418521152686205156E+00 6.433664340222466471E+00 5.606379540232992120E+00 4.470057233153836407E+00 4.986901410559787529E+00 5.074423114873229501E+00 5.293806814525241933E+00 5.175077686652462816E+00 4.920614623104548890E+00 1.000000000000000000E+01 1.000000000000000000E+01 1.000000000000000000E+01 1.000000000000000000E+01 1.000000000000000000E+01 1.000000000000000000E+01 1.000000000000000000E+01 1.000000000000000000E+01 1.000000000000000000E+01 1.000000000000000000E+01 1.000000000000000000E+01 1.000000000000000000E+01 1.000000000000000000E+01 1.000000000000000000E+01 1.000000000000000000E+01 1.000000000000000000E+01 1.000000000000000000E+01 1.000000000000000000E+01 1.000000000000000000E+01 1.000000000000000000E+01 1.000000000000000000E+01 1.000000000000000000E+01 1.000000000000000000E+01 1.000000000000000000E+01 1.000000000000000000E+01 1.000000000000000000E+01 1.000000000000000000E+01 1.000000000000000000E+01 1.000000000000000000E+01 1.000000000000000000E+01 1.000000000000000000E+01 1.000000000000000000E+01 1.000000000000000000E+01 1.000000000000000000E+01 1.000000000000000000E+01 1.000000000000000000E+01 1.000000000000000000E+01 1.000000000000000000E+01 1.000000000000000000E+01 1.000000000000000000E+01 1.000000000000000000E+01 1.000000000000000000E+01 1.000000000000000000E+01 1.000000000000000000E+01 1.000000000000000000E+01 1.000000000000000000E+01 3.837504331033869232E+00 3.393835784250271992E+00 3.187490392464203293E+00 2.581790714023337152E+00 2.776513058668759637E+00 2.551504190605281330E+00 2.794321463692059915E+00 3.341831059117141400E+00 4.248084302688551972E+00 4.650504919059097908E+00 5.599023349075219258E+00 5.804365998734489551E+00 7.684230833954461382E+00 6.913430976877062761E+00 7.470072196901019090E+00 7.075420593080216314E+00 8.489464974600991809E+00 7.577230716372197250E+00 6.089913771682336829E+00 4.264245034342900809E+00 1.000000000000000000E+01 1.000000000000000000E+01 1.000000000000000000E+01 1.000000000000000000E+01 1.000000000000000000E+01 1.000000000000000000E+01 1.000000000000000000E+01 1.000000000000000000E+01 1.000000000000000000E+01 1.000000000000000000E+01 1.000000000000000000E+01 1.000000000000000000E+01 1.000000000000000000E+01 1.000000000000000000E+01 1.000000000000000000E+01 1.000000000000000000E+01 1.000000000000000000E+01 1.000000000000000000E+01 1.000000000000000000E+01 1.000000000000000000E+01 1.000000000000000000E+01 1.000000000000000000E+01 1.000000000000000000E+01 1.000000000000000000E+01 1.000000000000000000E+01 1.000000000000000000E+01 1.000000000000000000E+01 1.000000000000000000E+01 1.000000000000000000E+01 1.000000000000000000E+01 1.000000000000000000E+01 1.000000000000000000E+01 1.000000000000000000E+01 1.000000000000000000E+01 1.000000000000000000E+01 1.000000000000000000E+01 1.000000000000000000E+01 1.000000000000000000E+01 1.000000000000000000E+01 1.000000000000000000E+01 1.000000000000000000E+01 1.000000000000000000E+01 1.000000000000000000E+01 1.000000000000000000E+01 1.000000000000000000E+01 1.000000000000000000E+01 1.000000000000000000E+01 1.000000000000000000E+01 1.000000000000000000E+01
1.000000000000000000E+01 3.317085558466922990E+00 3.737659887505050182E+00 4.554211170410946252E+00 3.845331876174794328E+00 5.747553329618777518E+00 5.304486262650867978E+00 4.964192077558889693E+00 4.887295750474653033E+00 3.229309971060117856E+00 2.951159594583941281E+00 3.346031846631861484E+00 3.597493071479138216E+00 3.853620878650308779E+00 3.977627437461177529E+00 4.581636252679793131E+00 4.948553969118478335E+00 4.684841632957271962E+00 5.064788730881011780E+00 6.065520770198865819E+00 6.082745461750291405E+00 7.344735942275990581E+00 7.396642905786066535E+00 7.395181165970821091E+00 9.751253594455171481E+00 7.186580887368907433E+00 7.193746892190681308E+00 7.021179378057388121E+00 6.684767557705948882E+00 5.828184519341576220E+00 5.629383097182897977E+00 5.505813244487102409E+00 6.603254908117231814E+00 7.665611299670122669E+00 1.000000000000000000E+01 1.000000000000000000E+01 1.000000000000000000E+01 1.000000000000000000E+01 1.000000000000000000E+01 1.000000000000000000E+01 1.000000000000000000E+01 1.000000000000000000E+01 1.000000000000000000E+01 1.000000000000000000E+01 1.000000000000000000E+01 1.000000000000000000E+01 1.000000000000000000E+01 1.000000000000000000E+01 1.000000000000000000E+01 1.000000000000000000E+01 1.000000000000000000E+01 1.000000000000000000E+01 1.000000000000000000E+01 1.000000000000000000E+01 1.000000000000000000E+01 1.000000000000000000E+01 1.000000000000000000E+01 1.000000000000000000E+01 1.000000000000000000E+01 1.000000000000000000E+01 1.000000000000000000E+01 1.000000000000000000E+01 1.000000000000000000E+01 1.000000000000000000E+01 1.000000000000000000E+01 1.000000000000000000E+01 1.000000000000000000E+01 1.000000000000000000E+01 1.000000000000000000E+01 1.000000000000000000E+01 1.000000000000000000E+01 1.000000000000000000E+01 1.000000000000000000E+01 1.000000000000000000E+01 1.000000000000000000E+01 1.000000000000000000E+01 1.000000000000000000E+01 1.000000000000000000E+01 1.000000000000000000E+01 1.000000000000000000E+01 1.000000000000000000E+01 1.000000000000000000E+01 1.000000000000000000E+01 1.000000000000000000E+01 3.119008546403486015E+00 2.866440409685615087E+00 2.787579967764814981E+00 2.554217756223220892E+00 3.682993421913763221E+00 3.941367823771642076E+00 5.014706535866777948E+00 6.445127803563232227E+00 6.308861518904667953E+00 6.255137163303492009E+00 6.765672125175702156E+00 8.130620346825070399E+00 8.579607739340911365E+00 8.398513331560895523E+00 8.147043552116766563E+00 6.670023549193213164E+00 6.330243256627733572E+00 6.153163692097686877E+00 1.000000000000000000E+01 1.000000000000000000E+01 1.000000000000000000E+01 1.000000000000000000E+01 1.000000000000000000E+01 1.000000000000000000E+01 1.000000000000000000E+01 1.000000000000000000E+01 1.000000000000000000E+01 1.000000000000000000E+01 1.000000000000000000E+01 1.000000000000000000E+01 1.000000000000000000E+01 1.000000000000000000E+01 1.000000000000000000E+01 1.000000000000000000E+01 1.000000000000000000E+01 1.000000000000000000E+01 1.000000000000000000E+01 1.000000000000000000E+01 1.000000000000000000E+01 1.000000000000000000E+01 1.000000000000000000E+01 1.000000000000000000E+01 1.000000000000000000E+01 1.000000000000000000E+01 1.000000000000000000E+01 1.000000000000000000E+01 1.000000000000000000E+01 1.000000000000000000E+01 1.000000000000000000E+01 1.000000000000000000E+01 1.000000000000000000E+01 1.000000000000000000E+01 1.000000000000000000E+01 1.000000000000000000E+01 1.000000000000000000E+01 1.000000000000000000E+01 1.000000000000000000E+01 1.000000000000000000E+01 1.000000000000000000E+01 1.000000000000000000E+01 1.000000000000000000E+01 1.000000000000000000E+01 1.000000000000000000E+01 1.000000000000000000E+01 1.000000000000000000E+01 1.000000000000000000E+01 1.000000000000000000E+01
1.000000000000000000E+01 3.554139866391955227E+00 3.952787825568396141E+00 4.280673531240625884E+00 3.768869255879775171E+00 4.664867929454016071E+00 4.493267947794862494E+00 4.956968858229394037E+00 5.466131420951326092E+00 3.259254033086476987E+00 2.716677443221357180E+00 3.605272634909963081E+00 3.276121793768240753E+00 3.680101373181503988E+00 3.579689515372230790E+00 3.429132834538094254E+00 4.598892803621156489E+00 4.520497317801515536E+00 4.727260793706585140E+00 5.076864517641038965E+00 5.481818019203880787E+00 6.483061978444624174E+00 6.558373864626619643E+00 9.010261050901895885E+00 1.052327970496345344E+01 7.844609557103023434E+00 9.072163042293063029E+00 8.276680855657541969E+00 8.099102959704744364E+00 6.675584919785741533E+00 6.427180778690388507E+00 6.102679709926599472E+00 7.345060490518520169E+00 1.000000000000000000E+01 1.000000000000000000E+01 1.000000000000000000E+01 1.000000000000000000E+01 1.000000000000000000E+01 1.000000000000000000E+01 1.000000000000000000E+01 1.000000000000000000E+01 1.000000000000000000E+01 1.000000000000000000E+01 1.000000000000000000E+01 1.000000000000000000E+01 1.000000000000000000E+01 1.000000000000000000E+01 1.000000000000000000E+01 1.000000000000000000E+01 1.000000000000000000E+01 1.000000000000000000E+01 1.000000000000000000E+01 1.000000000000000000E+01 1.000000000000000000E+01 1.000000000000000000E+01 1.000000000000000000E+01 1.000000000000000000E+01 1.000000000000000000E+01 1.000000000000000000E+01 1.000000000000000000E+01 1.000000000000000000E+01 1.000000000000000000E+01 1.000000000000000000E+01 1.000000000000000000E+01 1.000000000000000000E+01 1.000000000000000000E+01 1.000000000000000000E+01 1.000000000000000000E+01 1.000000000000000000E+01 1.000000000000000000E+01 1.000000000000000000E+01 1.000000000000000000E+01 1.000000000000000000E+01 1.000000000000000000E+01 1.000000000000000000E+01 1.000000000000000000E+01 1.000000000000000000E+01 1.000000000000000000E+01 1.000000000000000000E+01 1.000000000000000000E+01 1.000000000000000000E+01 1.000000000000000000E+01 1.000000000000000000E+01 1.000000000000000000E+01 1.000000000000000000E+01 3.107611538323181044E+00 3.394988858225716832E+00 2.741925600268296570E+00 3.055058941448371979E+00 4.310191946193561385E+00 5.075037856323981522E+00 5.588656967415124299E+00 6.767687261292117284E+00 5.691929665863905363E+00 7.098816415631453047E+00 6.453708323928803559E+00 7.450783198247634687E+00 6.861489109231579064E+00 6.318136877867928547E+00 6.791570964258692555E+00 5.318158348146890368E+00 6.478402063739691741E+00 5.691766585686644397E+00 1.000000000000000000E+01 1.000000000000000000E+01 1.000000000000000000E+01 1.000000000000000000E+01 1.000000000000000000E+01 1.000000000000000000E+01 1.000000000000000000E+01 1.000000000000000000E+01 1.000000000000000000E+01 1.000000000000000000E+01 1.000000000000000000E+01 1.000000000000000000E+01 1.000000000000000000E+01 1.000000000000000000E+01 1.000000000000000000E+01 1.000000000000000000E+01 1.000000000000000000E+01 1.000000000000000000E+01 1.000000000000000000E+01 1.000000000000000000E+01 1.000000000000000000E+01 1.000000000000000000E+01 1.000000000000000000E+01 1.000000000000000000E+01 1.000000000000000000E+01 1.000000000000000000E+01 1.000000000000000000E+01 1.000000000000000000E+01 1.000000000000000000E+01 1.000000000000000000E+01 1.000000000000000000E+01 1.000000000000000000E+01 1.000000000000000000E+01 1.000000000000000000E+01 1.000000000000000000E+01 1.000000000000000000E+01 1.000000000000000000E+01 1.000000000000000000E+01 1.000000000000000000E+01 1.000000000000000000E+01 1.000000000000000000E+01 1.000000000000000000E+01 1.000000000000000000E+01 1.000000000000000000E+01 1.000000000000000000E+01 1.000000000000000000E+01 1.000000000000000000E+01 1.000000000000000000E+01
1.000000000000000000E+01 3.818335952334690475E+00 4.221791061204040574E+00 4.504980552675719174E+00 4.712402383488030644E+00 4.934151087662794311E+00 4.784524226034875483E+00 3.813005697834124685E+00 4.045283169351387542E+00 4.292805166954115847E+00 2.991918509900346912E+00 3.484220636448737807E+00 4.434324061215339619E+00 3.030731932572084730E+00 3.381130887859668199E+00 3.416959369094430432E+00 3.701718784104804705E+00 4.678098407458153751E+00 5.227368185148296931E+00 6.545207568178996738E+00 5.383243084573038573E+00 6.645027088461182174E+00 6.505108304228540028E+00 7.778884514696076558E+00 7.987356594326121773E+00 7.400974382802136375E+00 7.931172613876438682E+00 7.211713516180634720E+00 6.999152097406270201E+00 7.238429807917602155E+00 7.544211587449983547E+00 1.000000000000000000E+01 1.000000000000000000E+01 1.000000000000000000E+01 1.000000000000000000E+01 1.000000000000000000E+01 1.000000000000000000E+01 1.000000000000000000E+01 1.000000000000000000E+01 1.000000000000000000E+01 1.000000000000000000E+01 1.000000000000000000E+01 1.000000000000000000E+01 1.000000000000000000E+01 1.000000000000000000E+01 1.000000000000000000E+01 1.000000000000000000E+01 1.000000000000000000E+01 1.000000000000000000E+01 1.000000000000000000E+01 1.000000000000000000E+01 1.000000000000000000E+01 1.000000000000000000E+01 1.000000000000000000E+01 1.000000000000000000E+01 1.000000000000000000E+01 1.000000000000000000E+01 1.000000000000000000E+01 1.000000000000000000E+01 1.000000000000000000E+01 1.000000000000000000E+01 1.000000000000000000E+01 1.000000000000000000E+01 1.000000000000000000E+01 1.000000000000000000E+01 1.000000000000000000E+01 1.000000000000000000E+01 1.000000000000000000E+01 1.000000000000000000E+01 1.000000000000000000E+01 1.000000000000000000E+01 1.000000000000000000E+01 1.000000000000000000E+01 1.000000000000000000E+01 1.000000000000000000E+01 1.000000000000000000E+01 1.000000000000000000E+01 1.000000000000000000E+01 1.000000000000000000E+01 1.000000000000000000E+01 1.000000000000000000E+01 1.000000000000000000E+01 1.000000000000000000E+01 1.000000000000000000E+01 1.000000000000000000E+01 3.000296857132501049E+00 3.459563914203886092E+00 2.832457678997687633E+00 3.801947346791969551E+00 4.205302330360692231E+00 5.373422502498459430E+00 6.184606905802795929E+00 6.287076717815279991E+00 8.302341340857893215E+00 7.156629426306909458E+00 7.551724875738589304E+00 6.361678004487275828E+00 5.538608515437426050E+00 5.798741459513546914E+00 5.164279786031493735E+00 6.526679361027924564E+00 6.832336154206220868E+00 5.952889095502397865E+00 1.000000000000000000E+01 1.000000000000000000E+01 1.000000000000000000E+01 1.000000000000000000E+01 1.000000000000000000E+01 1.000000000000000000E+01 1.000000000000000000E+01 1.000000000000000000E+01 1.000000000000000000E+01 1.000000000000000000E+01 1.000000000000000000E+01 1.000000000000000000E+01 1.000000000000000000E+01 1.000000000000000000E+01 1.000000000000000000E+01 1.000000000000000000E+01 1.000000000000000000E+01 1.000000000000000000E+01 1.000000000000000000E+01 1.000000000000000000E+01 1.000000000000000000E+01 1.000000000000000000E+01 1.000000000000000000E+01 1.000000000000000000E+01 1.000000000000000000E+01 1.000000000000000000E+01 1.000000000000000000E+01 1.000000000000000000E+01 1.000000000000000000E+01 1.000000000000000000E+01 1.000000000000000000E+01 1.000000000000000000E+01 1.000000000000000000E+01 1.000000000000000000E+01 1.000000000000000000E+01 1.000000000000000000E+01 1.000000000000000000E+01 1.000000000000000000E+01 1.000000000000000000E+01 1.000000000000000000E+01 1.000000000000000000E+01 1.000000000000000000E+01 1.000000000000000000E+01 1.000000000000000000E+01 1.000000000000000000E+01 1.000000000000000000E+01 1.000000000000000000E+01 1.000000000000000000E+01
1.000000000000000000E+01 5.209139816441007653E+00 4.810032466302195608E+00 4.511389832065368033E+00 5.137747004417416719E+00 4.996821762079508567E+00 4.610027314260234377E+00 3.434327177339909998E+00 3.573665618519416221E+00 3.051942899103877505E+00 2.890458679480675919E+00 3.195725713323809725E+00 4.228236211368034958E+00 3.529086263008765378E+00 3.788059365791105915E+00 3.772745377695529534E+00 3.891791930230349195E+00 4.912610546471652739E+00 5.885512767465141515E+00 6.256456572520995074E+00 7.128243056207700157E+00 6.235961373408740016E+00 6.878580382803575866E+00 6.671110652529452345E+00 6.687378574562276690E+00 5.847614041093359916E+00 7.143089590806943612E+00 6.719536687990336432E+00 6.000566216297167799E+00 1.000000000000000000E+01 1.000000000000000000E+01 1.000000000000000000E+01 1.000000000000000000E+01 1.000000000000000000E+01 1.000000000000000000E+01 1.000000000000000000E+01 1.000000000000000000E+01 1.000000000000000000E+01 1.000000000000000000E+01 1.000000000000000000E+01 1.000000000000000000E+01 1.000000000000000000E+01 1.000000000000000000E+01 1.000000000000000000E+01 1.000000000000000000E+01 1.000000000000000000E+01 1.000000000000000000E+01 1.000000000000000000E+01 1.000000000000000000E+01 1.000000000000000000E+01 1.000000000000000000E+01 1.000000000000000000E+01 1.000000000000000000E+01 1.000000000000000000E+01 1.000000000000000000E+01 1.000000000000000000E+01 1.000000000000000000E+01 1.000000000000000000E+01 1.000000000000000000E+01 1.000000000000000000E+01 1.000000000000000000E+01 1.000000000000000000E+01 1.000000000000000000E+01 1.000000000000000000E+01 1.000000000000000000E+01 1.000000000000000000E+01 1.000000000000000000E+01 1.000000000000000000E+01 1.000000000000000000E+01 1.000000000000000000E+01 1.000000000000000000E+01 1.000000000000000000E+01 1.000000000000000000E+01 1.000000000000000000E+01 1.000000000000000000E+01 1.000000000000000000E+01 1.000000000000000000E+01 1.000000000000000000E+01 1.000000000000000000E+01 1.000000000000000000E+01 1.000000000000000000E+01 1.000000000000000000E+01 1.000000000000000000E+01 1.000000000000000000E+01 1.000000000000000000E+01 1.000000000000000000E+01 3.528543803880145546E+00 3.161083740518278340E+00 4.068463969815750758E+00 3.965744408897819984E+00 5.383862510595681883E+00 6.433104788761870196E+00 6.627820936762796045E+00 7.849245099943638060E+00 7.863602303737375898E+00 6.080213984474110767E+00 5.489244491471900744E+00 5.314127053161350922E+00 4.774917199930779788E+00 5.975338291402930935E+00 5.344049254780693481E+00 5.115067069429260371E+00 5.236919944342163014E+00 1.000000000000000000E+01 1.000000000000000000E+01 1.000000000000000000E+01 1.000000000000000000E+01 1.000000000000000000E+01 1.000000000000000000E+01 1.000000000000000000E+01 1.000000000000000000E+01 1.000000000000000000E+01 1.000000000000000000E+01 1.000000000000000000E+01 1.000000000000000000E+01 1.000000000000000000E+01 1.000000000000000000E+01 1.000000000000000000E+01 1.000000000000000000E+01 1.000000000000000000E+01 1.000000000000000000E+01 1.000000000000000000E+01 1.000000000000000000E+01 1.000000000000000000E+01 1.000000000000000000E+01 1.000000000000000000E+01 1.000000000000000000E+01 1.000000000000000000E+01 1.000000000000000000E+01 1.000000000000000000E+01 1.000000000000000000E+01 1.000000000000000000E+01 1.000000000000000000E+01 1.000000000000000000E+01 1.000000000000000000E+01 1.000000000000000000E+01 1.000000000000000000E+01 1.000000000000000000E+01 1.000000000000000000E+01 1.000000000000000000E+01 1.000000000000000000E+01 1.000000000000000000E+01 1.000000000000000000E+01 1.000000000000000000E+01 1.000000000000000000E+01 1.000000000000000000E+01 1.000000000000000000E+01 1.000000000000000000E+01 1.000000000000000000E+01 1.000000000000000000E+01 1.000000000000000000E+01
1.000000000000000000E+01 6.403011641674630106E+00 5.181271689089159693E+00 5.435451622857512710E+00 4.296225473868726219E+00 3.620632086282082884E+00 3.311268962027554164E+00 3.904896472325332102E+00 3.859763042738343142E+00 3.666721278260411054E+00 3.630034724621291620E+00 3.444808106207878140E+00 3.027259998960805110E+00 3.479278556771232100E+00 4.393687589429162266E+00 4.089040711633710856E+00 4.590932052211017300E+00 5.354055398346582173E+00 5.280268108444325037E+00 5.939842366636132631E+00 6.103164038218913845E+00 7.883553359328421273E+00 7.365896376208940666E+00 6.261032400508860007E+00 5.479883581581195706E+00 5.436091941550214912E+00 6.188686565573018328E+00 1.000000000000000000E+01 1.000000000000000000E+01 1.000000000000000000E+01 1.000000000000000000E+01 1.000000000000000000E+01 1.000000000000000000E+01 1.000000000000000000E+01 1.000000000000000000E+01 1.000000000000000000E+01 1.000000000000000000E+01 1.000000000000000000E+01 1.000000000000000000E+01 1.000000000000000000E+01 1.000000000000000000E+01 1.000000000000000000E+01 1.000000000000000000E+01 1.000000000000000000E+01 1.000000000000000000E+01 1.000000000000000000E+01 1.000000000000000000E+01 1.000000000000000000E+01 1.000000000000000000E+01 1.000000000000000000E+01 1.000000000000000000E+01 1.000000000000000000E+01 1.000000000000000000E+01 1.000000000000000000E+01 1.000000000000000000E+01 1.000000000000000000E+01 1.000000000000000000E+01 1.000000000000000000E+01 1.000000000000000000E+01 1.000000000000000000E+01 1.000000000000000000E+01 1.000000000000000000E+01 1.000000000000000000E+01 1.000000000000000000E+01 1.000000000000000000E+01 1.000000000000000000E+01 1.000000000000000000E+01 1.000000000000000000E+01 1.000000000000000000E+01 1.000000000000000000E+01 1.000000000000000000E+01 1.000000000000000000E+01 1.000000000000000000E+01 1.000000000000000000E+01 1.000000000000000000E+01 1.000000000000000000E+01 1.000000000000000000E+01 1.000000000000000000E+01 1.000000000000000000E+01 1.000000000000000000E+01 1.000000000000000000E+01 1.000000000000000000E+01 1.000000000000000000E+01 1.000000000000000000E+01 1.000000000000000000E+01 1.000000000000000000E+01 1.000000000000000000E+01 3.815080112754505315E+00 3.740157066313928524E+00 4.234941984698614270E+00 5.369429078076502826E+00 4.668919503661941306E+00 5.513042324320060139E+00 6.841905246529722540E+00 8.159419366826050179E+00 6.475841293189321668E+00 6.071868739533437420E+00 5.233652448573289817E+00 5.733100746908230683E+00 5.904778953695722699E+00 5.105816965253522355E+00 5.763852013975816924E+00 5.735029115626159246E+00 1.000000000000000000E+01 1.000000000000000000E+01 1.000000000000000000E+01 1.000000000000000000E+01 1.000000000000000000E+01 1.000000000000000000E+01 1.000000000000000000E+01 1.000000000000000000E+01 1.000000000000000000E+01 1.000000000000000000E+01 1.000000000000000000E+01 1.000000000000000000E+01 1.000000000000000000E+01 1.000000000000000000E+01 1.000000000000000000E+01 1.000000000000000000E+01 1.000000000000000000E+01 1.000000000000000000E+01 1.000000000000000000E+01 1.000000000000000000E+01 1.000000000000000000E+01 1.000000000000000000E+01 1.000000000000000000E+01 1.000000000000000000E+01 1.000000000000000000E+01 1.000000000000000000E+01 1.000000000000000000E+01 1.000000000000000000E+01 1.000000000000000000E+01 1.000000000000000000E+01 1.000000000000000000E+01 1.000000000000000000E+01 1.000000000000000000E+01 1.000000000000000000E+01 1.000000000000000000E+01 1.000000000000000000E+01 1.000000000000000000E+01 1.000000000000000000E+01 1.000000000000000000E+01 1.000000000000000000E+01 1.000000000000000000E+01 1.000000000000000000E+01 1.000000000000000000E+01 1.000000000000000000E+01 1.000000000000000000E+01 1.000000000000000000E+01 1.000000000000000000E+01 1.000000000000000000E+01
1.000000000000000000E+01 7.224498174552271834E+00 6.237252614708297394E+00 5.965414785710727585E+00 4.495364824485668542E+00 3.621760647855650550E+00 3.140537680762381711E+00 3.869918866082306952E+00 3.351591785251981648E+00 4.159257945556554148E+00 4.715172741402945178E+00 3.820994603420385438E+00 5.254049141217818075E+00 3.873091474332810424E+00 4.059539794092008158E+00 4.353729147697614543E+00 5.085167642469662574E+00 4.820780424312659740E+00 5.683176397127077450E+00 5.450645988174172452E+00 5.656485825369013121E+00 6.324074953530733012E+00 6.786146918246577009E+00 5.602379650080761664E+00 4.922622650256428756E+00 4.633798997292204902E+00 1.000000000000000000E+01 1.000000000000000000E+01 1.000000000000000000E+01 1.000000000000000000E+01 1.000000000000000000E+01 1.000000000000000000E+01 1.000000000000000000E+01 1.000000000000000000E+01 1.000000000000000000E+01 1.000000000000000000E+01 1.000000000000000000E+01 1.000000000000000000E+01 1.000000000000000000E+01 1.000000000000000000E+01 1.000000000000000000E+01 1.000000000000000000E+01 1.000000000000000000E+01 1.000000000000000000E+01 1.000000000000000000E+01 1.000000000000000000E+01 1.000000000000000000E+01 1.000000000000000000E+01 1.000000000000000000E+01 1.000000000000000000E+01 1.000000000000000000E+01 1.000000000000000000E+01 1.000000000000000000E+01 1.000000000000000000E+01 1.000000000000000000E+01 1.000000000000000000E+01 1.000000000000000000E+01 1.000000000000000000E+01 1.000000000000000000E+01 1.000000000000000000E+01 1.000000000000000000E+01 1.000000000000000000E+01 1.000000000000000000E+01 1.000000000000000000E+01 1.000000000000000000E+01 1.000000000000000000E+01 1.000000000000000000E+01 1.000000000000000000E+01 1.000000000000000000E+01 1.000000000000000000E+01 1.000000000000000000E+01 1.000000000000000000E+01 1.000000000000000000E+01 1.000000000000000000E+01 1.000000000000000000E+01 1.000000000000000000E+01 1.000000000000000000E+01 1.000000000000000000E+01 1.000000000000000000E+01 1.000000000000000000E+01 1.000000000000000000E+01 1.000000000000000000E+01 1.000000000000000000E+01 1.000000000000000000E+01 1.000000000000000000E+01 1.000000000000000000E+01 1.000000000000000000E+01 1.000000000000000000E+01 4.380594482356944930E+00 4.767499503966742047E+00 4.737471539270914356E+00 5.578434974310434669E+00 7.087071218409846551E+00 7.900654948905585506E+00 8.373838802540717552E+00 6.492001428034481769E+00 5.947743657365924363E+00 5.952659958422406028E+00 6.363362445224852948E+00 6.901092433848170060E+00 7.506153149192321017E+00 6.609610290151601397E+00 7.430949140867472380E+00 1.000000000000000000E+01 1.000000000000000000E+01 1.000000000000000000E+01 1.000000000000000000E+01 1.000000000000000000E+01 1.000000000000000000E+01 1.000000000000000000E+01 1.000000000000000000E+01 1.000000000000000000E+01 1.000000000000000000E+01 1.000000000000000000E+01 1.000000000000000000E+01 1.000000000000000000E+01 1.000000000000000000E+01 1.000000000000000000E+01 1.000000000000000000E+01 1.000000000000000000E+01 1.000000000000000000E+01 1.000000000000000000E+01 1.000000000000000000E+01 1.000000000000000000E+01 1.000000000000000000E+01 1.000000000000000000E+01 1.000000000000000000E+01 1.000000000000000000E+01 1.000000000000000000E+01 1.000000000000000000E+01 1.000000000000000000E+01 1.000000000000000000E+01 1.000000000000000000E+01 1.000000000000000000E+01 1.000000000000000000E+01 1.000000000000000000E+01 1.000000000000000000E+01 1.000000000000000000E+01 1.000000000000000000E+01 1.000000000000000000E+01 1.000000000000000000E+01 1.000000000000000000E+01 1.000000000000000000E+01 1.000000000000000000E+01 1.000000000000000000E+01 1.000000000000000000E+01 1.000000000000000000E+01 1.000000000000000000E+01 1.000000000000000000E+01 1.000000000000000000E+01 1.000000000000000000E+01
6.036044914585962040E+00 6.650762612248986017E+00 6.655949238800285883E+00 5.474771636364708982E+00 4.061246770162689756E+00 3.164221699389634601E+00 3.507736892029080789E+00 3.346204821135576157E+00 3.545569667439829153E+00 4.355492751763342163E+00 4.304977378694535339E+00 4.384082794681127382E+00 4.787806400081190183E+00 4.067247279261252402E+00 3.167146223084679857E+00 3.853833939030757438E+00 4.715325670843028227E+00 5.011290095675055234E+00 5.540817395949659385E+00 4.422323154041052362E+00 3.937123684273359014E+00 5.196900163515732807E+00 5.873932779219161127E+00 5.466150884010164468E+00 1.000000000000000000E+01 1.000000000000000000E+01 1.000000000000000000E+01 1.000000000000000000E+01 1.000000000000000000E+01 1.000000000000000000E+01 1.000000000000000000E+01 1.000000000000000000E+01 1.000000000000000000E+01 1.000000000000000000E+01 1.000000000000000000E+01 1.000000000000000000E+01 1.000000000000000000E+01 1.000000000000000000E+01 1.000000000000000000E+01 1.000000000000000000E+01 1.000000000000000000E+01 1.000000000000000000E+01 1.000000000000000000E+01 1.000000000000000000E+01 1.000000000000000000E+01 1.000000000000000000E+01 1.000000000000000000E+01 1.000000000000000000E+01 1.000000000000000000E+01 1.000000000000000000E+01 1.000000000000000000E+01 1.000000000000000000E+01 1.000000000000000000E+01 1.000000000000000000E+01 1.000000000000000000E+01 1.000000000000000000E+01 1.000000000000000000E+01 1.000000000000000000E+01 1.000000000000000000E+01 1.000000000000000000E+01 1.000000000000000000E+01 1.000000000000000000E+01 1.000000000000000000E+01 1.000000000000000000E+01 1.000000000000000000E+01 1.000000000000000000E+01 1.000000000000000000E+01 1.000000000000000000E+01 1.000000000000000000E+01 1.000000000000000000E+01 1.000000000000000000E+01 1.000000000000000000E+01 1.000000000000000000E+01 1.000000000000000000E+01 1.000000000000000000E+01 1.000000000000000000E+01 1.000000000000000000E+01 1.000000000000000000E+01 1.000000000000000000E+01 1.000000000000000000E+01 1.000000000000000000E+01 1.000000000000000000E+01 1.000000000000000000E+01 1.000000000000000000E+01 1.000000000000000000E+01 1.000000000000000000E+01 1.000000000000000000E+01 1.000000000000000000E+01 1.000000000000000000E+01 3.964160773698451212E+00 4.037433671024773574E+00 5.309093843081176267E+00 6.032045116059502554E+00 6.223472133005636842E+00 6.390924090025465354E+00 7.248535155169527400E+00 7.728772024089733961E+00 7.602232106932992117E+00 8.739739734092809798E+00 8.824296207181497209E+00 9.137842889723776452E+00 9.136968645293904956E+00 9.953566821110811702E+00 1.000000000000000000E+01 1.000000000000000000E+01 1.000000000000000000E+01 1.000000000000000000E+01 1.000000000000000000E+01 1.000000000000000000E+01 1.000000000000000000E+01 1.000000000000000000E+01 1.000000000000000000E+01 1.000000000000000000E+01 1.000000000000000000E+01 1.000000000000000000E+01 1.000000000000000000E+01 1.000000000000000000E+01 1.000000000000000000E+01 1.000000000000000000E+01 1.000000000000000000E+01 1.000000000000000000E+01 1.000000000000000000E+01 1.000000000000000000E+01 1.000000000000000000E+01 1.000000000000000000E+01 1.000000000000000000E+01 1.000000000000000000E+01 1.000000000000000000E+01 1.000000000000000000E+01 1.000000000000000000E+01 1.000000000000000000E+01 1.000000000000000000E+01 1.000000000000000000E+01 1.000000000000000000E+01 1.000000000000000000E+01 1.000000000000000000E+01 1.000000000000000000E+01 1.000000000000000000E+01 1.000000000000000000E+01 1.000000000000000000E+01 1.000000000000000000E+01 1.000000000000000000E+01 1.000000000000000000E+01 1.000000000000000000E+01 1.000000000000000000E+01 1.000000000000000000E+01 1.000000000000000000E+01 1.000000000000000000E+01 1.000000000000000000E+01 1.000000000000000000E+01 1.000000000000000000E+01
6.163638923021255600E+00 6.938791897974446954E+00 6.891693595299575925E+00 4.754428406939737783E+00 4.252531987618277221E+00 3.649742788997064835E+00 3.403140873580492887E+00 4.173016795295771075E+00 3.952350860307651814E+00 4.093630899888702324E+00 3.916256277058288493E+00 4.401446021894205529E+00 3.812931160732018654E+00 3.716829580366846741E+00 3.738487254929216519E+00 4.373475899510948395E+00 5.272621102494224665E+00 4.960400602551851890E+00 5.244885451846064583E+00 4.790018677644012790E+00 4.864414217604255519E+00 4.883521230458503837E+00 1.000000000000000000E+01 1.000000000000000000E+01 1.000000000000000000E+01 1.000000000000000000E+01 1.000000000000000000E+01 1.000000000000000000E+01 1.000000000000000000E+01 1.000000000000000000E+01 1.000000000000000000E+01 1.000000000000000000E+01 1.000000000000000000E+01 1.000000000000000000E+01 1.000000000000000000E+01 1.000000000000000000E+01 1.000000000000000000E+01 1.000000000000000000E+01 1.000000000000000000E+01 1.000000000000000000E+01 1.000000000000000000E+01 1.000000000000000000E+01 1.000000000000000000E+01 1.000000000000000000E+01 1.000000000000000000E+01 1.000000000000000000E+01 1.000000000000000000E+01 1.000000000000000000E+01 1.000000000000000000E+01 1.000000000000000000E+01 1.000000000000000000E+01 1.000000000000000000E+01 1.000000000000000000E+01 1.000000000000000000E+01 1.000000000000000000E+01 1.000000000000000000E+01 1.000000000000000000E+01 1.000000000000000000E+01 1.000000000000000000E+01 1.000000000000000000E+01 1.000000000000000000E+01 1.000000000000000000E+01 1.000000000000000000E+01 1.000000000000000000E+01 1.000000000000000000E+01 1.000000000000000000E+01 1.000000000000000000E+01 1.000000000000000000E+01 1.000000000000000000E+01 1.000000000000000000E+01 1.000000000000000000E+01 1.000000000000000000E+01 1.000000000000000000E+01 1.000000000000000000E+01 1.000000000000000000E+01 1.000000000000000000E+01 1.000000000000000000E+01 1.000000000000000000E+01 1.000000000000000000E+01 1.000000000000000000E+01 1.000000000000000000E+01 1.000000000000000000E+01 1.000000000000000000E+01 1.000000000000000000E+01 1.000000000000000000E+01 1.000000000000000000E+01 1.000000000000000000E+01 1.000000000000000000E+01 1.000000000000000000E+01 4.715386104913833698E+00 5.450729852406129616E+00 4.422088828660492688E+00 4.861362372179479863E+00 4.973687311964173574E+00 5.598042194182085929E+00 7.360646080778929345E+00 7.548634145534267148E+00 6.849756772933923266E+00 8.968765586164858306E+00 1.129904368450809571E+01 8.764967845374478372E+00 9.212267644597790905E+00 9.108640168010358806E+00 1.000000000000000000E+01 1.000000000000000000E+01 1.000000000000000000E+01 1.000000000000000000E+01 1.000000000000000000E+01 1.000000000000000000E+01 1.000000000000000000E+01 1.000000000000000000E+01 1.000000000000000000E+01 1.000000000000000000E+01 1.000000000000000000E+01 1.000000000000000000E+01 1.000000000000000000E+01 1.000000000000000000E+01 1.000000000000000000E+01 1.000000000000000000E+01 1.000000000000000000E+01 1.000000000000000000E+01 1.000000000000000000E+01 1.000000000000000000E+01 1.000000000000000000E+01 1.000000000000000000E+01 1.000000000000000000E+01 1.000000000000000000E+01 1.000000000000000000E+01 1.000000000000000000E+01 1.000000000000000000E+01 1.000000000000000000E+01 1.000000000000000000E+01 1.000000000000000000E+01 1.000000000000000000E+01 1.000000000000000000E+01 1.000000000000000000E+01 1.000000000000000000E+01 1.000000000000000000E+01 1.000000000000000000E+01 1.000000000000000000E+01 1.000000000000000000E+01 1.000000000000000000E+01 1.000000000000000000E+01 1.000000000000000000E+01 1.000000000000000000E+01 1.000000000000000000E+01 1.000000000000000000E+01 1.000000000000000000E+01 1.000000000000000000E+01 1.000000000000000000E+01 1.000000000000000000E+01
5.491938189687023630E+00 6.993332362927565882E+00 6.627632368827884868E+00 4.793035134920344831E+00 4.909227308412080326E+00 4.175688588701927273E+00 4.277063456401055674E+00 4.039663611795943687E+00 3.726404957727694534E+00 3.788066874146171603E+00 4.084833733710610204E+00 4.024625652758458294E+00 4.534531340572722335E+00 4.576551852245144048E+00 4.836492105101254602E+00 4.537089885465003469E+00 4.749588723896289721E+00 5.398524823811005291E+00 5.522363313803856144E+00 5.351324952863748763E+00 1.000000000000000000E+01 1.000000000000000000E+01 1.000000000000000000E+01 1.000000000000000000E+01 1.000000000000000000E+01 1.000000000000000000E+01 1.000000000000000000E+01 1.000000000000000000E+01 1.000000000000000000E+01 1.000000000000000000E+01 1.000000000000000000E+01 1.000000000000000000E+01 1.000000000000000000E+01 1.000000000000000000E+01 1.000000000000000000E+01 1.000000000000000000E+01 1.000000000000000000E+01 1.000000000000000000E+01 1.000000000000000000E+01 1.000000000000000000E+01 1.000000000000000000E+01 1.000000000000000000E+01 1.000000000000000000E+01 1.000000000000000000E+01 1.000000000000000000E+01 1.000000000000000000E+01 1.000000000000000000E+01 1.000000000000000000E+01 1.000000000000000000E+01 1.000000000000000000E+01 1.000000000000000000E+01 1.000000000000000000E+01 1.000000000000000000E+01 1.000000000000000000E+01 1.000000000000000000E+01 1.000000000000000000E+01 1.000000000000000000E+01 1.000000000000000000E+01 1.000000000000000000E+01 1.000000000000000000E+01 1.000000000000000000E+01 1.000000000000000000E+01 1.000000000000000000E+01 1.000000000000000000E+01 1.000000000000000000E+01 1.000000000000000000E+01 1.000000000000000000E+01 1.000000000000000000E+01 1.000000000000000000E+01 1.000000000000000000E+01 1.000000000000000000E+01 1.000000000000000000E+01 1.000000000000000000E+01 1.000000000000000000E+01 1.000000000000000000E+01 1.000000000000000000E+01 1.000000000000000000E+01 1.000000000000000000E+01 1.000000000000000000E+01 1.000000000000000000E+01 1.000000000000000000E+01 1.000000000000000000E+01 1.000000000000000000E+01 1.000000000000000000E+01 1.000000000000000000E+01 1.000000000000000000E+01 1.000000000000000000E+01 1.000000000000000000E+01 1.000000000000000000E+01 1.000000000000000000E+01 5.848039508455834756E+00 5.368225745773794522E+00 4.776870923803537394E+00 5.800804413096956047E+00 7.734930787864860768E+00 9.433646216425906061E+00 8.419877355608837988E+00 7.004053794539593980E+00 1.007453886712497138E+01 9.761894605309869632E+00 9.117170897425294740E+00 8.785116242569236178E+00 7.016791196950993736E+00 1.000000000000000000E+01 1.000000000000000000E+01 1.000000000000000000E+01 1.000000000000000000E+01 1.000000000000000000E+01 1.000000000000000000E+01 1.000000000000000000E+01 1.000000000000000000E+01 1.000000000000000000E+01 1.000000000000000000E+01 1.000000000000000000E+01 1.000000000000000000E+01 1.000000000000000000E+01 1.000000000000000000E+01 1.000000000000000000E+01 1.000000000000000000E+01 1.000000000000000000E+01 1.000000000000000000E+01 1.000000000000000000E+01 1.000000000000000000E+01 1.000000000000000000E+01 1.000000000000000000E+01 1.000000000000000000E+01 1.000000000000000000E+01 1.000000000000000000E+01 1.000000000000000000E+01 1.000000000000000000E+01 1.000000000000000000E+01 1.000000000000000000E+01 1.000000000000000000E+01 1.000000000000000000E+01 1.000000000000000000E+01 1.000000000000000000E+01 1.000000000000000000E+01 1.000000000000000000E+01 1.000000000000000000E+01 1.000000000000000000E+01 1.000000000000000000E+01 1.000000000000000000E+01 1.000000000000000000E+01 1.000000000000000000E+01 1.000000000000000000E+01 1.000000000000000000E+01 1.000000000000000000E+01 1.000000000000000000E+01 1.000000000000000000E+01 1.000000000000000000E+01 1.000000000000000000E+01
5.231787900794939716E+00 7.028489835602012015E+00 5.417608393395265232E+00 5.671508238640965871E+00 4.612554252087319284E+00 4.001493703998096230E+00 4.133268689398007290E+00 4.074458612401396174E+00 4.249541530732479977E+00 3.555028710472994291E+00 3.672531314265591540E+00 3.504087398874536685E+00 3.980391687670708833E+00 5.101318410684966942E+00 4.946642146977499266E+00 5.065827269529717292E+00 4.512728933026608047E+00 5.339134107584001754E+00 4.845540017407416578E+00 1.000000000000000000E+01 1.000000000000000000E+01 1.000000000000000000E+01 1.000000000000000000E+01 1.000000000000000000E+01 1.000000000000000000E+01 1.000000000000000000E+01 1.000000000000000000E+01 1.000000000000000000E+01 1.000000000000000000E+01 1.000000000000000000E+01 1.000000000000000000E+01 1.000000000000000000E+01 1.000000000000000000E+01 1.000000000000000000E+01 1.000000000000000000E+01 1.000000000000000000E+01 1.000000000000000000E+01 1.000000000000000000E+01 1.000000000000000000E+01 1.000000000000000000E+01 1.000000000000000000E+01 1.000000000000000000E+01 1.000000000000000000E+01 1.000000000000000000E+01 1.000000000000000000E+01 1.000000000000000000E+01 1.000000000000000000E+01 1.000000000000000000E+01 1.000000000000000000E+01 1.000000000000000000E+01 1.000000000000000000E+01 1.000000000000000000E+01 1.000000000000000000E+01 1.000000000000000000E+01 1.000000000000000000E+01 1.000000000000000000E+01 1.000000000000000000E+01 1.000000000000000000E+01 1.000000000000000000E+01 1.000000000000000000E+01 1.000000000000000000E+01 1.000000000000000000E+01 1.000000000000000000E+01 1.000000000000000000E+01 1.000000000000000000E+01 1.000000000000000000E+01 1.000000000000000000E+01 1.000000000000000000E+01 1.000000000000000000E+01 1.000000000000000000E+01 1.000000000000000000E+01 1.000000000000000000E+01 1.000000000000000000E+01 1.000000000000000000E+01 1.000000000000000000E+01 1.000000000000000000E+01 1.000000000000000000E+01 1.000000000000000000E+01 1.000000000000000000E+01 1.000000000000000000E+01 1.000000000000000000E+01 1.000000000000000000E+01 1.000000000000000000E+01 1.000000000000000000E+01 1.000000000000000000E+01 1.000000000000000000E+01 1.000000000000000000E+01 1.000000000000000000E+01 1.000000000000000000E+01 1.000000000000000000E+01 1.000000000000000000E+01 6.107744278605624189E+00 5.466366723969979802E+00 6.411163285551766400E+00 8.886303178011750958E+00 8.792490689867261011E+00 9.466060983539779983E+00 8.838865375885362141E+00 9.909819458699633543E+00 9.501571384872786297E+00 8.984616404864722128E+00 9.088342143335465195E+00 8.277527210096616628E+00 1.000000000000000000E+01 1.000000000000000000E+01 1.000000000000000000E+01 1.000000000000000000E+01 1.000000000000000000E+01 1.000000000000000000E+01 1.000000000000000000E+01 1.000000000000000000E+01 1.000000000000000000E+01 1.000000000000000000E+01 1.000000000000000000E+01 1.000000000000000000E+01 1.000000000000000000E+01 1.000000000000000000E+01 1.000000000000000000E+01 1.000000000000000000E+01 1.000000000000000000E+01 1.000000000000000000E+01 1.000000000000000000E+01 1.000000000000000000E+01 1.000000000000000000E+01 1.000000000000000000E+01 1.000000000000000000E+01 1.000000000000000000E+01 1.000000000000000000E+01 1.000000000000000000E+01 1.000000000000000000E+01 1.000000000000000000E+01 1.000000000000000000E+01 1.000000000000000000E+01 1.000000000000000000E+01 1.000000000000000000E+01 1.000000000000000000E+01 1.000000000000000000E+01 1.000000000000000000E+01 1.000000000000000000E+01 1.000000000000000000E+01 1.000000000000000000E+01 1.000000000000000000E+01 1.000000000000000000E+01 1.000000000000000000E+01 1.000000000000000000E+01 1.000000000000000000E+01 1.000000000000000000E+01 1.000000000000000000E+01 1.000000000000000000E+01 1.000000000000000000E+01 1.000000000000000000E+01
5.521038087134809480E+00 3.968848984854157269E+00 4.483805131325130588E+00 4.191475490298546269E+00 4.477664203024285250E+00 4.563251343210993127E+00 4.163362590951910747E+00 3.585075140341281497E+00 3.504604291891796564E+00 3.670563412366623091E+00 3.898159545228478517E+00 3.350961780374603016E+00 4.663450210800093032E+00 4.756852284133763042E+00 4.800493250771667775E+00 5.065078578009592825E+00 4.865248092360147325E+00 1.000000000000000000E+01 1.000000000000000000E+01 1.000000000000000000E+01 1.000000000000000000E+01 1.000000000000000000E+01 1.000000000000000000E+01 1.000000000000000000E+01 1.000000000000000000E+01 1.000000000000000000E+01 1.000000000000000000E+01 1.000000000000000000E+01 1.000000000000000000E+01 1.000000000000000000E+01 1.000000000000000000E+01 1.000000000000000000E+01 1.000000000000000000E+01 1.000000000000000000E+01 1.000000000000000000E+01 1.000000000000000000E+01 1.000000000000000000E+01 1.000000000000000000E+01 1.000000000000000000E+01 1.000000000000000000E+01 1.000000000000000000E+01 1.000000000000000000E+01 1.000000000000000000E+01 1.000000000000000000E+01 1.000000000000000000E+01 1.000000000000000000E+01 1.000000000000000000E+01 1.000000000000000000E+01 1.000000000000000000E+01 1.000000000000000000E+01 1.000000000000000000E+01 1.000000000000000000E+01 1.000000000000000000E+01 1.000000000000000000E+01 1.000000000000000000E+01 1.000000000000000000E+01 1.000000000000000000E+01 1.000000000000000000E+01 1.000000000000000000E+01 1.000000000000000000E+01 1.000000000000000000E+01 1.000000000000000000E+01 1.000000000000000000E+01 1.000000000000000000E+01 1.000000000000000000E+01 1.000000000000000000E+01 1.000000000000000000E+01 1.000000000000000000E+01 1.000000000000000000E+01 1.000000000000000000E+01 1.000000000000000000E+01 1.000000000000000000E+01 1.000000000000000000E+01 1.000000000000000000E+01 1.000000000000000000E+01 1.000000000000000000E+01 1.000000000000000000E+01 1.000000000000000000E+01 1.000000000000000000E+01 1.000000000000000000E+01 1.000000000000000000E+01 1.000000000000000000E+01 1.000000000000000000E+01 1.000000000000000000E+01 1.000000000000000000E+01 1.000000000000000000E+01 1.000000000000000000E+01 1.000000000000000000E+01 1.000000000000000000E+01 1.000000000000000000E+01 1.000000000000000000E+01 1.000000000000000000E+01 6.359586699196464465E+00 6.760180321968473294E+00 7.366009690406979615E+00 9.391540255521436009E+00 1.093971928665441240E+01 1.010750779029727298E+01 9.203966644926985907E+00 1.007894417655919028E+01 9.968047532655564424E+00 9.046962786151119928E+00 8.749136184991639809E+00 1.000000000000000000E+01 1.000000000000000000E+01 1.000000000000000000E+01 1.000000000000000000E+01 1.000000000000000000E+01 1.000000000000000000E+01 1.000000000000000000E+01 1.000000000000000000E+01 1.000000000000000000E+01 1.000000000000000000E+01 1.000000000000000000E+01 1.000000000000000000E+01 1.000000000000000000E+01 1.000000000000000000E+01 1.000000000000000000E+01 1.000000000000000000E+01 1.000000000000000000E+01 1.000000000000000000E+01 1.000000000000000000E+01 1.000000000000000000E+01 1.000000000000000000E+01 1.000000000000000000E+01 1.000000000000000000E+01 1.000000000000000000E+01 1.000000000000000000E+01 1.000000000000000000E+01 1.000000000000000000E+01 1.000000000000000000E+01 1.000000000000000000E+01 1.000000000000000000E+01 1.000000000000000000E+01 1.000000000000000000E+01 1.000000000000000000E+01 1.000000000000000000E+01 1.000000000000000000E+01 1.000000000000000000E+01 1.000000000000000000E+01 1.000000000000000000E+01 1.000000000000000000E+01 1.000000000000000000E+01 1.000000000000000000E+01 1.000000000000000000E+01 1.000000000000000000E+01 1.000000000000000000E+01 1.000000000000000000E+01 1.000000000000000000E+01 1.000000000000000000E+01 1.000000000000000000E+01
5.330513202699220798E+00 4.084281875786949456E+00 4.006376979232932456E+00 4.256302019469490716E+00 4.172034032842282691E+00 4.517734552318839469E+00 3.958414486197150417E+00 3.309061519326796041E+00 3.284279223094188627E+00 3.209091176289463387E+00 3.884544151453530603E+00 4.758659645034932772E+00 4.817732986481674473E+00 4.565039041410464016E+00 4.464856127631158245E+00 1.000000000000000000E+01 1.000000000000000000E+01 1.000000000000000000E+01 1.000000000000000000E+01 1.000000000000000000E+01 1.000000000000000000E+01 1.000000000000000000E+01 1.000000000000000000E+01 1.000000000000000000E+01 1.000000000000000000E+01 1.000000000000000000E+01 1.000000000000000000E+01 1.000000000000000000E+01 1.000000000000000000E+01 1.000000000000000000E+01 1.000000000000000000E+01 1.000000000000000000E+01 1.000000000000000000E+01 1.000000000000000000E+01 1.000000000000000000E+01 1.000000000000000000E+01 1.000000000000000000E+01 1.000000000000000000E+01 1.000000000000000000E+01 1.000000000000000000E+01 1.000000000000000000E+01 1.000000000000000000E+01 1.000000000000000000E+01 1.000000000000000000E+01 1.000000000000000000E+01 1.000000000000000000E+01 1.000000000000000000E+01 1.000000000000000000E+01 1.000000000000000000E+01 1.000000000000000000E+01 1.000000000000000000E+01 1.000000000000000000E+01 1.000000000000000000E+01 1.000000000000000000E+01 1.000000000000000000E+01 1.000000000000000000E+01 1.000000000000000000E+01 1.000000000000000000E+01 1.000000000000000000E+01 1.000000000000000000E+01 1.000000000000000000E+01 1.000000000000000000E+01 1.000000000000000000E+01 1.000000000000000000E+01 1.000000000000000000E+01 1.000000000000000000E+01 1.000000000000000000E+01 1.000000000000000000E+01 1.000000000000000000E+01 1.000000000000000000E+01 1.000000000000000000E+01 1.000000000000000000E+01 1.000000000000000000E+01 1.000000000000000000E+01 1.000000000000000000E+01 1.000000000000000000E+01 1.000000000000000000E+01 1.000000000000000000E+01 1.000000000000000000E+01 1.000000000000000000E+01 1.000000000000000000E+01 1.000000000000000000E+01 1.000000000000000000E+01 1.000000000000000000E+01 1.000000000000000000E+01 1.000000000000000000E+01 1.000000000000000000E+01 1.000000000000000000E+01 1.000000000000000000E+01 1.000000000000000000E+01 1.000000000000000000E+01 1.000000000000000000E+01 1.000000000000000000E+01 6.679256008658875032E+00 6.143131307984285527E+00 7.048750478149562682E+00 7.320279709542554691E+00 8.555220927046814694E+00 9.168453221158230804E+00 9.112127826902110428E+00 9.968368779704812610E+00 9.796210218736106867E+00 1.245120422874957988E+01 1.000000000000000000E+01 1.000000000000000000E+01 1.000000000000000000E+01 1.000000000000000000E+01 1.000000000000000000E+01 1.000000000000000000E+01 1.000000000000000000E+01 1.000000000000000000E+01 1.000000000000000000E+01 1.000000000000000000E+01 1.000000000000000000E+01 1.000000000000000000E+01 1.000000000000000000E+01 1.000000000000000000E+01 1.000000000000000000E+01 1.000000000000000000E+01 1.000000000000000000E+01 1.000000000000000000E+01 1.000000000000000000E+01 1.000000000000000000E+01 1.000000000000000000E+01 1.000000000000000000E+01 1.000000000000000000E+01 1.000000000000000000E+01 1.000000000000000000E+01 1.000000000000000000E+01 1.000000000000000000E+01 1.000000000000000000E+01 1.000000000000000000E+01 1.000000000000000000E+01 1.000000000000000000E+01 1.000000000000000000E+01 1.000000000000000000E+01 1.000000000000000000E+01 1.000000000000000000E+01 1.000000000000000000E+01 1.000000000000000000E+01 1.000000000000000000E+01 1.000000000000000000E+01 1.000000000000000000E+01 1.000000000000000000E+01 1.000000000000000000E+01 1.000000000000000000E+01 1.000000000000000000E+01 1.000000000000000000E+01 1.000000000000000000E+01 1.000000000000000000E+01 1.000000000000000000E+01
5.501230550442513412E+00 4.527735170404834975E+00 3.346245268471327083E+00 3.205081363205989131E+00 3.714438699676282596E+00 4.062681677116006362E+00 3.924828626804861553E+00 3.541744389529223103E+00 3.853997514314236206E+00 3.427679104622308959E+00 2.888850473724683177E+00 3.718444359607277150E+00 3.733758564839607885E+00 4.599173041492520042E+00 1.000000000000000000E+01 1.000000000000000000E+01 1.000000000000000000E+01 1.000000000000000000E+01 1.000000000000000000E+01 1.000000000000000000E+01 1.000000000000000000E+01 1.000000000000000000E+01 1.000000000000000000E+01 1.000000000000000000E+01 1.000000000000000000E+01 1.000000000000000000E+01 1.000000000000000000E+01 1.000000000000000000E+01 1.000000000000000000E+01 1.000000000000000000E+01 1.000000000000000000E+01 1.000000000000000000E+01 1.000000000000000000E+01 1.000000000000000000E+01 1.000000000000000000E+01 1.000000000000000000E+01 1.000000000000000000E+01 1.000000000000000000E+01 1.000000000000000000E+01 1.000000000000000000E+01 1.000000000000000000E+01 1.000000000000000000E+01 1.000000000000000000E+01 1.000000000000000000E+01 1.000000000000000000E+01 1.000000000000000000E+01 1.000000000000000000E+01 1.000000000000000000E+01 1.000000000000000000E+01 1.000000000000000000E+01 1.000000000000000000E+01 1.000000000000000000E+01 1.000000000000000000E+01 1.000000000000000000E+01 1.000000000000000000E+01 1.000000000000000000E+01 1.000000000000000000E+01 1.000000000000000000E+01 1.000000000000000000E+01 1.000000000000000000E+01 1.000000000000000000E+01 1.000000000000000000E+01 1.000000000000000000E+01 1.000000000000000000E+01 1.000000000000000000E+01 1.000000000000000000E+01 1.000000000000000000E+01 1.000000000000000000E+01 1.000000000000000000E+01 1.000000000000000000E+01 1.000000000000000000E+01 1.000000000000000000E+01 1.000000000000000000E+01 1.000000000000000000E+01 1.000000000000000000E+01 1.000000000000000000E+01 1.000000000000000000E+01 1.000000000000000000E+01 1.000000000000000000E+01 1.000000000000000000E+01 1.000000000000000000E+01 1.000000000000000000E+01 1.000000000000000000E+01 1.000000000000000000E+01 1.000000000000000000E+01 1.000000000000000000E+01 1.000000000000000000E+01 1.000000000000000000E+01 1.000000000000000000E+01 1.000000000000000000E+01 1.000000000000000000E+01 1.000000000000000000E+01 1.000000000000000000E+01 6.557058564670094292E+00 6.793293199297638196E+00 6.737537767344861095E+00 7.024988690492337540E+00 8.850067377438195493E+00 1.039900300000607913E+01 8.959952157722858246E+00 7.994317657849823178E+00 9.753609381455419225E+00 9.500281412142665971E+00 1.000000000000000000E+01 1.000000000000000000E+01 1.000000000000000000E+01 1.000000000000000000E+01 1.000000000000000000E+01 1.000000000000000000E+01 1.000000000000000000E+01 1.000000000000000000E+01 1.000000000000000000E+01 1.000000000000000000E+01 1.000000000000000000E+01 1.000000000000000000E+01 1.000000000000000000E+01 1.000000000000000000E+01 1.000000000000000000E+01 1.000000000000000000E+01 1.000000000000000000E+01 1.000000000000000000E+01 1.000000000000000000E+01 1.000000000000000000E+01 1.000000000000000000E+01 1.000000000000000000E+01 1.000000000000000000E+01 1.000000000000000000E+01 1.000000000000000000E+01 1.000000000000000000E+01 1.000000000000000000E+01 1.000000000000000000E+01 1.000000000000000000E+01 1.000000000000000000E+01 1.000000000000000000E+01 1.000000000000000000E+01 1.000000000000000000E+01 1.000000000000000000E+01 1.000000000000000000E+01 1.000000000000000000E+01 1.000000000000000000E+01 1.000000000000000000E+01 1.000000000000000000E+01 1.000000000000000000E+01 1.000000000000000000E+01 1.000000000000000000E+01 1.000000000000000000E+01 1.000000000000000000E+01 1.000000000000000000E+01 1.000000000000000000E+01 1.000000000000000000E+01 1.000000000000000000E+01
3.392445703990082162E+00 3.721226218829015053E+00 3.354075292835771549E+00 3.485719679440235197E+00 3.560969413495086666E+00 3.333679952173899341E+00 3.364456632266720870E+00 3.593963113757190797E+00 4.053055806844936271E+00 3.752387066339685884E+00 3.440370972573222996E+00 3.663952927335640819E+00 1.000000000000000000E+01 1.000000000000000000E+01 1.000000000000000000E+01 1.000000000000000000E+01 1.000000000000000000E+01 1.000000000000000000E+01 1.000000000000000000E+01 1.000000000000000000E+01 1.000000000000000000E+01 1.000000000000000000E+01 1.000000000000000000E+01 1.000000000000000000E+01 1.000000000000000000E+01 1.000000000000000000E+01 1.000000000000000000E+01 1.000000000000000000E+01 1.000000000000000000E+01 1.000000000000000000E+01 1.000000000000000000E+01 1.000000000000000000E+01 1.000000000000000000E+01 1.000000000000000000E+01 1.000000000000000000E+01 1.000000000000000000E+01 1.000000000000000000E+01 1.000000000000000000E+01 1.000000000000000000E+01 1.000000000000000000E+01 1.000000000000000000E+01 1.000000000000000000E+01 1.000000000000000000E+01 1.000000000000000000E+01 1.000000000000000000E+01 1.000000000000000000E+01 1.000000000000000000E+01 1.000000000000000000E+01 1.000000000000000000E+01 1.000000000000000000E+01 1.000000000000000000E+01 1.000000000000000000E+01 1.000000000000000000E+01 1.000000000000000000E+01 1.000000000000000000E+01 1.000000000000000000E+01 1.000000000000000000E+01 1.000000000000000000E+01 1.000000000000000000E+01 1.000000000000000000E+01 1.000000000000000000E+01 1.000000000000000000E+01 1.000000000000000000E+01 1.000000000000000000E+01 1.000000000000000000E+01 1.000000000000000000E+01 1.000000000000000000E+01 1.000000000000000000E+01 1.000000000000000000E+01 1.000000000000000000E+01 1.000000000000000000E+01 1.000000000000000000E+01 1.000000000000000000E+01 1.000000000000000000E+01 1.000000000000000000E+01 1.000000000000000000E+01 1.000000000000000000E+01 1.000000000000000000E+01 1.000000000000000000E+01 1.000000000000000000E+01 1.000000000000000000E+01 1.000000000000000000E+01 1.000000000000000000E+01 1.000000000000000000E+01 1.000000000000000000E+01 1.000000000000000000E+01 1.000000000000000000E+01 1.000000000000000000E+01 1.000000000000000000E+01 1.000000000000000000E+01 1.000000000000000000E+01 1.000000000000000000E+01 1.000000000000000000E+01 1.000000000000000000E+01 7.632601798593676712E+00 6.978674621976282744E+00 7.286522611761848012E+00 8.269834628621383743E+00 8.294839602433356163E+00 6.728441990617324286E+00 7.634063453863044302E+00 8.403835531524466163E+00 8.848310234717867928E+00 1.000000000000000000E+01 1.000000000000000000E+01 1.000000000000000000E+01 1.000000000000000000E+01 1.000000000000000000E+01 1.000000000000000000E+01 1.000000000000000000E+01 1.000000000000000000E+01 1.000000000000000000E+01 1.000000000000000000E+01 1.000000000000000000E+01 1.000000000000000000E+01 1.000000000000000000E+01 1.000000000000000000E+01 1.000000000000000000E+01 1.000000000000000000E+01 1.000000000000000000E+01 1.000000000000000000E+01 1.000000000000000000E+01 1.000000000000000000E+01 1.000000000000000000E+01 1.000000000000000000E+01 1.000000000000000000E+01 1.000000000000000000E+01 1.000000000000000000E+01 1.000000000000000000E+01 1.000000000000000000E+01 1.000000000000000000E+01 1.000000000000000000E+01 1.000000000000000000E+01 1.000000000000000000E+01 1.000000000000000000E+01 1.000000000000000000E+01 1.000000000000000000E+01 1.000000000000000000E+01 1.000000000000000000E+01 1.000000000000000000E+01 1.000000000000000000E+01 1.000000000000000000E+01 1.000000000000000000E+01 1.000000000000000000E+01 1.000000000000000000E+01 1.000000000000000000E+01 1.000000000000000000E+01 1.000000000000000000E+01 1.000000000000000000E+01 1.000000000000000000E+01 1.000000000000000000E+01
3.040534250635543945E+00 3.740480067957082877E+00 3.516360551395592005E+00 3.280270303414396516E+00 3.645143617085564003E+00 3.519990578411402282E+00 3.357398176610941309E+00 3.850935505224942990E+00 4.089955511208706262E+00 4.681071099850012907E+00 1.000000000000000000E+01 1.000000000000000000E+01 1.000000000000000000E+01 1.000000000000000000E+01 1.000000000000000000E+01 1.000000000000000000E+01 1.000000000000000000E+01 1.000000000000000000E+01 1.000000000000000000E+01 1.000000000000000000E+01 1.000000000000000000E+01 1.000000000000000000E+01 1.000000000000000000E+01 1.000000000000000000E+01 1.000000000000000000E+01 1.000000000000000000E+01 1.000000000000000000E+01 1.000000000000000000E+01 1.000000000000000000E+01 1.000000000000000000E+01 1.000000000000000000E+01 1.000000000000000000E+01 1.000000000000000000E+01 1.000000000000000000E+01 1.000000000000000000E+01 1.000000000000000000E+01 1.000000000000000000E+01 1.000000000000000000E+01 1.000000000000000000E+01 1.000000000000000000E+01 1.000000000000000000E+01 1.000000000000000000E+01 1.000000000000000000E+01 1.000000000000000000E+01 1.000000000000000000E+01 1.000000000000000000E+01 1.000000000000000000E+01 1.000000000000000000E+01 1.000000000000000000E+01 1.000000000000000000E+01 1.000000000000000000E+01 1.000000000000000000E+01 1.000000000000000000E+01 1.000000000000000000E+01 1.000000000000000000E+01 1.000000000000000000E+01 1.000000000000000000E+01 1.000000000000000000E+01 1.000000000000000000E+01 1.000000000000000000E+01 1.000000000000000000E+01 1.000000000000000000E+01 1.000000000000000000E+01 1.000000000000000000E+01 1.000000000000000000E+01 1.000000000000000000E+01 1.000000000000000000E+01 1.000000000000000000E+01 1.000000000000000000E+01 1.000000000000000000E+01 1.000000000000000000E+01 1.000000000000000000E+01 1.000000000000000000E+01 1.000000000000000000E+01 1.000000000000000000E+01 1.000000000000000000E+01 1.000000000000000000E+01 1.000000000000000000E+01 1.000000000000000000E+01 1.000000000000000000E+01 1.000000000000000000E+01 1.000000000000000000E+01 1.000000000000000000E+01 1.000000000000000000E+01 1.000000000000000000E+01 1.000000000000000000E+01 1.000000000000000000E+01 1.000000000000000000E+01 1.000000000000000000E+01 1.000000000000000000E+01 1.000000000000000000E+01 1.000000000000000000E+01 1.000000000000000000E+01 1.000000000000000000E+01 7.202069298112289353E+00 9.018845904102787969E+00 6.780031377860077590E+00 7.681071679248693052E+00 6.945443018924621903E+00 6.543687814599983277E+00 7.384827644015733661E+00 7.974205541018761778E+00 6.246937795723855658E+00 1.000000000000000000E+01 1.000000000000000000E+01 1.000000000000000000E+01 1.000000000000000000E+01 1.000000000000000000E+01 1.000000000000000000E+01 1.000000000000000000E+01 1.000000000000000000E+01 1.000000000000000000E+01 1.000000000000000000E+01 1.000000000000000000E+01 1.000000000000000000E+01 1.000000000000000000E+01 1.000000000000000000E+01 1.000000000000000000E+01 1.000000000000000000E+01 1.000000000000000000E+01 1.000000000000000000E+01 1.000000000000000000E+01 1.000000000000000000E+01 1.000000000000000000E+01 1.000000000000000000E+01 1.000000000000000000E+01 1.000000000000000000E+01 1.000000000000000000E+01 1.000000000000000000E+01 1.000000000000000000E+01 1.000000000000000000E+01 1.000000000000000000E+01 1.000000000000000000E+01 1.000000000000000000E+01 1.000000000000000000E+01 1.000000000000000000E+01 1.000000000000000000E+01 1.000000000000000000E+01 1.000000000000000000E+01 1.000000000000000000E+01 1.000000000000000000E+01 1.000000000000000000E+01 1.000000000000000000E+01 1.000000000000000000E+01 1.000000000000000000E+01 1.000000000000000000E+01 1.000000000000000000E+01 1.000000000000000000E+01 1.000000000000000000E+01 1.000000000000000000E+01 1.000000000000000000E+01
2.574530959501377669E+00 3.385979695400776368E+00 3.592781692151865602E+00 3.445262746086322991E+00 3.778373830614625284E+00 2.735992524420927108E+00 3.448291238811280746E+00 3.707328389970325766E+00 1.000000000000000000E+01 1.000000000000000000E+01 1.000000000000000000E+01 1.000000000000000000E+01 1.000000000000000000E+01 1.000000000000000000E+01 1.000000000000000000E+01 1.000000000000000000E+01 1.000000000000000000E+01 1.000000000000000000E+01 1.000000000000000000E+01 1.000000000000000000E+01 1.000000000000000000E+01 1.000000000000000000E+01 1.000000000000000000E+01 1.000000000000000000E+01 1.000000000000000000E+01 1.000000000000000000E+01 1.000000000000000000E+01 1.000000000000000000E+01 1.000000000000000000E+01 1.000000000000000000E+01 1.000000000000000000E+01 1.000000000000000000E+01 1.000000000000000000E+01 1.000000000000000000E+01 1.000000000000000000E+01 1.000000000000000000E+01 1.000000000000000000E+01 1.000000000000000000E+01 1.000000000000000000E+01 1.000000000000000000E+01 1.000000000000000000E+01 1.000000000000000000E+01 1.000000000000000000E+01 1.000000000000000000E+01 1.000000000000000000E+01 1.000000000000000000E+01 1.000000000000000000E+01 1.000000000000000000E+01 1.000000000000000000E+01 1.000000000000000000E+01 1.000000000000000000E+01 1.000000000000000000E+01 1.000000000000000000E+01 1.000000000000000000E+01 1.000000000000000000E+01 1.000000000000000000E+01 1.000000000000000000E+01 1.000000000000000000E+01 1.000000000000000000E+01 1.000000000000000000E+01 1.000000000000000000E+01 1.000000000000000000E+01 1.000000000000000000E+01 1.000000000000000000E+01 1.000000000000000000E+01 1.000000000000000000E+01 1.000000000000000000E+01 1.000000000000000000E+01 1.000000000000000000E+01 1.000000000000000000E+01 1.000000000000000000E+01 1.000000000000000000E+01 1.000000000000000000E+01 1.000000000000000000E+01 1.000000000000000000E+01 1.000000000000000000E+01 1.000000000000000000E+01 1.000000000000000000E+01 1.000000000000000000E+01 1.000000000000000000E+01 1.000000000000000000E+01 1.000000000000000000E+01 1.000000000000000000E+01 1.000000000000000000E+01 1.000000000000000000E+01 1.000000000000000000E+01 1.000000000000000000E+01 1.000000000000000000E+01 1.000000000000000000E+01 1.000000000000000000E+01 1.000000000000000000E+01 1.000000000000000000E+01 1.000000000000000000E+01 1.000000000000000000E+01 8.467650140661993063E+00 1.046712081456334431E+01 8.248903991282507064E+00 8.123375323655077196E+00 6.636710087652144985E+00 6.232253795899531212E+00 7.432815407334821600E+00 7.519151474073865415E+00 6.847293972732948042E+00 1.000000000000000000E+01 1.000000000000000000E+01 1.000000000000000000E+01 1.000000000000000000E+01 1.000000000000000000E+01 1.000000000000000000E+01 1.000000000000000000E+01 1.000000000000000000E+01 1.000000000000000000E+01 1.000000000000000000E+01 1.000000000000000000E+01 1.000000000000000000E+01 1.000000000000000000E+01 1.000000000000000000E+01 1.000000000000000000E+01 1.000000000000000000E+01 1.000000000000000000E+01 1.000000000000000000E+01 1.000000000000000000E+01 1.000000000000000000E+01 1.000000000000000000E+01 1.000000000000000000E+01 1.000000000000000000E+01 1.000000000000000000E+01 1.000000000000000000E+01 1.000000000000000000E+01 1.000000000000000000E+01 1.000000000000000000E+01 1.000000000000000000E+01 1.000000000000000000E+01 1.000000000000000000E+01 1.000000000000000000E+01 1.000000000000000000E+01 1.000000000000000000E+01 1.000000000000000000E+01 1.000000000000000000E+01 1.000000000000000000E+01 1.000000000000000000E+01 1.000000000000000000E+01 1.000000000000000000E+01 1.000000000000000000E+01 1.000000000000000000E+01 1.000000000000000000E+01 1.000000000000000000E+01 1.000000000000000000E+01 1.000000000000000000E+01 1.000000000000000000E+01 1.000000000000000000E+01
3.252629946573061925E+00 3.052256469868781075E+00 2.793185092561399685E+00 3.826897057719330419E+00 3.576228294071803759E+00 2.682759754117158835E+00 3.851116412060553884E+00 1.000000000000000000E+01 1.000000000000000000E+01 1.000000000000000000E+01 1.000000000000000000E+01 1.000000000000000000E+01 1.000000000000000000E+01 1.000000000000000000E+01 1.000000000000000000E+01 1.000000000000000000E+01 1.000000000000000000E+01 1.000000000000000000E+01 1.000000000000000000E+01 1.000000000000000000E+01 1.000000000000000000E+01 1.000000000000000000E+01 1.000000000000000000E+01 1.000000000000000000E+01 1.000000000000000000E+01 1.000000000000000000E+01 1.000000000000000000E+01 1.000000000000000000E+01 1.000000000000000000E+01 1.000000000000000000E+01 1.000000000000000000E+01 1.000000000000000000E+01 1.000000000000000000E+01 1.000000000000000000E+01 1.000000000000000000E+01 1.000000000000000000E+01 1.000000000000000000E+01 1.000000000000000000E+01 1.000000000000000000E+01 1.000000000000000000E+01 1.000000000000000000E+01 1.000000000000000000E+01 1.000000000000000000E+01 1.000000000000000000E+01 1.000000000000000000E+01 1.000000000000000000E+01 1.000000000000000000E+01 1.000000000000000000E+01 1.000000000000000000E+01 1.000000000000000000E+01 1.000000000000000000E+01 1.000000000000000000E+01 1.000000000000000000E+01 1.000000000000000000E+01 1.000000000000000000E+01 1.000000000000000000E+01 1.000000000000000000E+01 1.000000000000000000E+01 1.000000000000000000E+01 1.000000000000000000E+01 1.000000000000000000E+01 1.000000000000000000E+01 1.000000000000000000E+01 1.000000000000000000E+01 1.000000000000000000E+01 1.000000000000000000E+01 1.000000000000000000E+01 1.000000000000000000E+01 1.000000000000000000E+01 1.000000000000000000E+01 1.000000000000000000E+01 1.000000000000000000E+01 1.000000000000000000E+01 1.000000000000000000E+01 1.000000000000000000E+01 1.000000000000000000E+01 1.000000000000000000E+01 1.000000000000000000E+01 1.000000000000000000E+01 1.000000000000000000E+01 1.000000000000000000E+01 1.000000000000000000E+01 1.000000000000000000E+01 1.000000000000000000E+01 1.000000000000000000E+01 1.000000000000000000E+01 1.000000000000000000E+01 1.000000000000000000E+01 1.000000000000000000E+01 1.000000000000000000E+01 1.000000000000000000E+01 1.000000000000000000E+01 1.000000000000000000E+01 1.000000000000000000E+01 7.397960218022124224E+00 8.525739445496988367E+00 7.306550300364804684E+00 7.027646386675265866E+00 6.547414261207895159E+00 5.956042363015661145E+00 7.731565453791720444E+00 8.107212976669577742E+00 8.172717713865919720E+00 1.000000000000000000E+01 1.000000000000000000E+01 1.000000000000000000E+01 1.000000000000000000E+01 1.000000000000000000E+01 1.000000000000000000E+01 1.000000000000000000E+01 1.000000000000000000E+01 1.000000000000000000E+01 1.000000000000000000E+01 1.000000000000000000E+01 1.000000000000000000E+01 1.000000000000000000E+01 1.000000000000000000E+01 1.000000000000000000E+01 1.000000000000000000E+01 1.000000000000000000E+01 1.000000000000000000E+01 1.000000000000000000E+01 1.000000000000000000E+01 1.000000000000000000E+01 1.000000000000000000E+01 1.000000000000000000E+01 1.000000000000000000E+01 1.000000000000000000E+01 1.000000000000000000E+01 1.000000000000000000E+01 1.000000000000000000E+01 1.000000000000000000E+01 1.000000000000000000E+01 1.000000000000000000E+01 1.000000000000000000E+01 1.000000000000000000E+01 1.000000000000000000E+01 1.000000000000000000E+01 1.000000000000000000E+01 1.000000000000000000E+01 1.000000000000000000E+01 1.000000000000000000E+01 1.000000000000000000E+01 1.000000000000000000E+01 1.000000000000000000E+01 1.000000000000000000E+01 1.000000000000000000E+01 1.000000000000000000E+01 1.000000000000000000E+01 1.000000000000000000E+01 1.000000000000000000E+01
3.014724073188879139E+00 3.061288872784015513E+00 2.982790990786079455E+00 3.663271982452855458E+00 3.542784049587751838E+00 1.000000000000000000E+01 1.000000000000000000E+01 1.000000000000000000E+01 1.000000000000000000E+01 1.000000000000000000E+01 1.000000000000000000E+01 1.000000000000000000E+01 1.000000000000000000E+01 1.000000000000000000E+01 1.000000000000000000E+01 1.000000000000000000E+01 1.000000000000000000E+01 1.000000000000000000E+01 1.000000000000000000E+01 1.000000000000000000E+01 1.000000000000000000E+01 1.000000000000000000E+01 1.000000000000000000E+01 1.000000000000000000E+01 1.000000000000000000E+01 1.000000000000000000E+01 1.000000000000000000E+01 1.000000000000000000E+01 1.000000000000000000E+01 1.000000000000000000E+01 1.000000000000000000E+01 1.000000000000000000E+01 1.000000000000000000E+01 1.000000000000000000E+01 1.000000000000000000E+01 1.000000000000000000E+01 1.000000000000000000E+01 1.000000000000000000E+01 1.000000000000000000E+01 1.000000000000000000E+01 1.000000000000000000E+01 1.000000000000000000E+01 1.000000000000000000E+01 1.000000000000000000E+01 1.000000000000000000E+01 1.000000000000000000E+01 1.000000000000000000E+01 1.000000000000000000E+01 1.000000000000000000E+01 1.000000000000000000E+01 1.000000000000000000E+01 1.000000000000000000E+01 1.000000000000000000E+01 1.000000000000000000E+01 1.000000000000000000E+01 1.000000000000000000E+01 1.000000000000000000E+01 1.000000000000000000E+01 1.000000000000000000E+01 1.000000000000000000E+01 1.000000000000000000E+01 1.000000000000000000E+01 1.000000000000000000E+01 1.000000000000000000E+01 1.000000000000000000E+01 1.000000000000000000E+01 1.000000000000000000E+01 1.000000000000000000E+01 1.000000000000000000E+01 1.000000000000000000E+01 1.000000000000000000E+01 1.000000000000000000E+01 1.000000000000000000E+01 1.000000000000000000E+01 1.000000000000000000E+01 1.000000000000000000E+01 1.000000000000000000E+01 1.000000000000000000E+01 1.000000000000000000E+01 1.000000000000000000E+01 1.000000000000000000E+01 1.000000000000000000E+01 1.000000000000000000E+01 1.000000000000000000E+01 1.000000000000000000E+01 1.000000000000000000E+01 1.000000000000000000E+01 1.000000000000000000E+01 1.000000000000000000E+01 1.000000000000000000E+01 1.000000000000000000E+01 1.000000000000000000E+01 1.000000000000000000E+01 1.000000000000000000E+01 7.224482373898775123E+00 6.944518434223717840E+00 7.251053770737129867E+00 5.537035694842802336E+00 5.751692890505749389E+00 5.831267568500472898E+00 7.219051339229840103E+00 8.190931574948338678E+00 7.033168762951674147E+00 1.000000000000000000E+01 1.000000000000000000E+01 1.000000000000000000E+01 1.000000000000000000E+01 1.000000000000000000E+01 1.000000000000000000E+01 1.000000000000000000E+01 1.000000000000000000E+01 1.000000000000000000E+01 1.000000000000000000E+01 1.000000000000000000E+01 1.000000000000000000E+01 1.000000000000000000E+01 1.000000000000000000E+01 1.000000000000000000E+01 1.000000000000000000E+01 1.000000000000000000E+01 1.000000000000000000E+01 1.000000000000000000E+01 1.000000000000000000E+01 1.000000000000000000E+01 1.000000000000000000E+01 1.000000000000000000E+01 1.000000000000000000E+01 1.000000000000000000E+01 1.000000000000000000E+01 1.000000000000000000E+01 1.000000000000000000E+01 1.000000000000000000E+01 1.000000000000000000E+01 1.000000000000000000E+01 1.000000000000000000E+01 1.000000000000000000E+01 1.000000000000000000E+01 1.000000000000000000E+01 1.000000000000000000E+01 1.000000000000000000E+01 1.000000000000000000E+01 1.000000000000000000E+01 1.000000000000000000E+01 1.000000000000000000E+01 1.000000000000000000E+01 1.000000000000000000E+01 1.000000000000000000E+01 1.000000000000000000E+01 1.000000000000000000E+01 1.000000000000000000E+01 1.000000000000000000E+01
2.436133510231174082E+00 2.667411918309810837E+00 2.937098545355134593E+00 1.000000000000000000E+01 1.000000000000000000E+01 1.000000000000000000E+01 1.000000000000000000E+01 1.000000000000000000E+01 1.000000000000000000E+01 1.000000000000000000E+01 1.000000000000000000E+01 1.000000000000000000E+01 1.000000000000000000E+01 1.000000000000000000E+01 1.000000000000000000E+01 1.000000000000000000E+01 1.000000000000000000E+01 1.000000000000000000E+01 1.000000000000000000E+01 1.000000000000000000E+01 1.000000000000000000E+01 1.000000000000000000E+01 1.000000000000000000E+01 1.000000000000000000E+01 1.000000000000000000E+01 1.000000000000000000E+01 1.000000000000000000E+01 1.000000000000000000E+01 1.000000000000000000E+01 1.000000000000000000E+01 1.000000000000000000E+01 1.000000000000000000E+01 1.000000000000000000E+01 1.000000000000000000E+01 1.000000000000000000E+01 1.000000000000000000E+01 1.000000000000000000E+01 1.000000000000000000E+01 1.000000000000000000E+01 1.000000000000000000E+01 1.000000000000000000E+01 1.000000000000000000E+01 1.000000000000000000E+01 1.000000000000000000E+01 1.000000000000000000E+01 1.000000000000000000E+01 1.000000000000000000E+01 1.000000000000000000E+01 1.000000000000000000E+01 1.000000000000000000E+01 1.000000000000000000E+01 1.000000000000000000E+01 1.000000000000000000E+01 1.000000000000000000E+01 1.000000000000000000E+01 1.000000000000000000E+01 1.000000000000000000E+01 1.000000000000000000E+01 1.000000000000000000E+01 1.000000000000000000E+01 1.000000000000000000E+01 1.000000000000000000E+01 1.000000000000000000E+01 1.000000000000000000E+01 1.000000000000000000E+01 1.000000000000000000E+01 1.000000000000000000E+01 1.000000000000000000E+01 1.000000000000000000E+01 1.000000000000000000E+01 1.000000000000000000E+01 1.000000000000000000E+01 1.000000000000000000E+01 1.000000000000000000E+01 1.000000000000000000E+01 1.000000000000000000E+01 1.000000000000000000E+01 1.000000000000000000E+01 1.000000000000000000E+01 1.000000000000000000E+01 1.000000000000000000E+01 1.000000000000000000E+01 1.000000000000000000E+01 1.000000000000000000E+01 1.000000000000000000E+01 1.000000000000000000E+01 1.000000000000000000E+01 1.000000000000000000E+01 1.000000000000000000E+01 1.000000000000000000E+01 1.000000000000000000E+01 1.000000000000000000E+01 1.000000000000000000E+01 1.000000000000000000E+01 7.920177468289551825E+00 6.133835215598558932E+00 6.959653365720663842E+00 7.410673677886408406E+00 6.207064656896360333E+00 6.403570211136398349E+00 7.362568528840664150E+00 8.122997707405751555E+00 7.994589648317243835E+00 1.000000000000000000E+01 1.000000000000000000E+01 1.000000000000000000E+01 1.000000000000000000E+01 1.000000000000000000E+01 1.000000000000000000E+01 1.000000000000000000E+01 1.000000000000000000E+01 1.000000000000000000E+01 1.000000000000000000E+01 1.000000000000000000E+01 1.000000000000000000E+01 1.000000000000000000E+01 1.000000000000000000E+01 1.000000000000000000E+01 1.000000000000000000E+01 1.000000000000000000E+01 1.000000000000000000E+01 1.000000000000000000E+01 1.000000000000000000E+01 1.000000000000000000E+01 1.000000000000000000E+01 1.000000000000000000E+01 1.000000000000000000E+01 1.000000000000000000E+01 1.000000000000000000E+01 1.000000000000000000E+01 1.000000000000000000E+01 1.000000000000000000E+01 1.000000000000000000E+01 1.000000000000000000E+01 1.000000000000000000E+01 1.000000000000000000E+01 1.000000000000000000E+01 1.000000000000000000E+01 1.000000000000000000E+01 1.000000000000000000E+01 1.000000000000000000E+01 1.000000000000000000E+01 1.000000000000000000E+01 1.000000000000000000E+01 1.000000000000000000E+01 1.000000000000000000E+01 1.000000000000000000E+01 1.000000000000000000E+01 1.000000000000000000E+01 1.000000000000000000E+01 1.000000000000000000E+01
2.543701842059135743E+00 1.000000000000000000E+01 1.000000000000000000E+01 1.000000000000000000E+01 1.000000000000000000E+01 1.000000000000000000E+01 1.000000000000000000E+01 1.000000000000000000E+01 1.000000000000000000E+01 1.000000000000000000E+01 1.000000000000000000E+01 1.000000000000000000E+01 1.000000000000000000E+01 1.000000000000000000E+01 1.000000000000000000E+01 1.000000000000000000E+01 1.000000000000000000E+01 1.000000000000000000E+01 1.000000000000000000E+01 1.000000000000000000E+01 1.000000000000000000E+01 1.000000000000000000E+01 1.000000000000000000E+01 1.000000000000000000E+01 1.000000000000000000E+01 1.000000000000000000E+01 1.000000000000000000E+01 1.000000000000000000E+01 1.000000000000000000E+01 1.000000000000000000E+01 1.000000000000000000E+01 1.000000000000000000E+01 1.000000000000000000E+01 1.000000000000000000E+01 1.000000000000000000E+01 1.000000000000000000E+01 1.000000000000000000E+01 1.000000000000000000E+01 1.000000000000000000E+01 1.000000000000000000E+01 1.000000000000000000E+01 1.000000000000000000E+01 1.000000000000000000E+01 1.000000000000000000E+01 1.000000000000000000E+01 1.000000000000000000E+01 1.000000000000000000E+01 1.000000000000000000E+01 1.000000000000000000E+01 1.000000000000000000E+01 1.000000000000000000E+01 1.000000000000000000E+01 1.000000000000000000E+01 1.000000000000000000E+01 1.000000000000000000E+01 1.000000000000000000E+01 1.000000000000000000E+01 1.000000000000000000E+01 1.000000000000000000E+01 1.000000000000000000E+01 1.000000000000000000E+01 1.000000000000000000E+01 1.000000000000000000E+01 1.000000000000000000E+01 1.000000000000000000E+01 1.000000000000000000E+01 1.000000000000000000E+01 1.000000000000000000E+01 1.000000000000000000E+01 1.000000000000000000E+01 1.000000000000000000E+01 1.000000000000000000E+01 1.000000000000000000E+01 1.000000000000000000E+01 1.000000000000000000E+01 1.000000000000000000E+01 1.000000000000000000E+01 1.000000000000000000E+01 1.000000000000000000E+01 1.000000000000000000E+01 1.000000000000000000E+01 1.000000000000000000E+01 1.000000000000000000E+01 1.000000000000000000E+01 1.000000000000000000E+01 1.000000000000000000E+01 1.000000000000000000E+01 1.000000000000000000E+01 1.000000000000000000E+01 1.000000000000000000E+01 1.000000000000000000E+01 1.000000000000000000E+01 1.000000000000000000E+01 1.000000000000000000E+01 1.000000000000000000E+01 6.094435096210564673E+00 7.155814779148673033E+00 6.998939162257722835E+00 6.125970365983306465E+00 7.110596227159207139E+00 7.377991950200430971E+00 7.319927311548544147E+00 6.229142023034932585E+00 1.000000000000000000E+01 1.000000000000000000E+01 1.000000000000000000E+01 1.000000000000000000E+01 1.000000000000000000E+01 1.000000000000000000E+01 1.000000000000000000E+01 1.000000000000000000E+01 1.000000000000000000E+01 1.000000000000000000E+01 1.000000000000000000E+01 1.000000000000000000E+01 1.000000000000000000E+01 1.000000000000000000E+01 1.000000000000000000E+01 1.000000000000000000E+01 1.000000000000000000E+01 1.000000000000000000E+01 1.000000000000000000E+01 1.000000000000000000E+01 1.000000000000000000E+01 1.000000000000000000E+01 1.000000000000000000E+01 1.000000000000000000E+01 1.000000000000000000E+01 1.000000000000000000E+01 1.000000000000000000E+01 1.000000000000000000E+01 1.000000000000000000E+01 1.000000000000000000E+01 1.000000000000000000E+01 1.000000000000000000E+01 1.000000000000000000E+01 1.000000000000000000E+01 1.000000000000000000E+01 1.000000000000000000E+01 1.000000000000000000E+01 1.000000000000000000E+01 1.000000000000000000E+01 1.000000000000000000E+01 1.000000000000000000E+01 1.000000000000000000E+01 1.000000000000000000E+01 1.000000000000000000E+01 1.000000000000000000E+01 1.000000000000000000E+01 1.000000000000000000E+01 1.000000000000000000E+01
1.000000000000000000E+01 1.000000000000000000E+01 1.000000000000000000E+01 1.000000000000000000E+01 1.000000000000000000E+01 1.000000000000000000E+01 1.000000000000000000E+01 1.000000000000000000E+01 1.000000000000000000E+01 1.000000000000000000E+01 1.000000000000000000E+01 1.000000000000000000E+01 1.000000000000000000E+01 1.000000000000000000E+01 1.000000000000000000E+01 1.000000000000000000E+01 1.000000000000000000E+01 1.000000000000000000E+01 1.000000000000000000E+01 1.000000000000000000E+01 1.000000000000000000E+01 1.000000000000000000E+01 1.000000000000000000E+01 1.000000000000000000E+01 1.000000000000000000E+01 1.000000000000000000E+01 1.000000000000000000E+01 1.000000000000000000E+01 1.000000000000000000E+01 1.000000000000000000E+01 1.000000000000000000E+01 1.000000000000000000E+01 1.000000000000000000E+01 1.000000000000000000E+01 1.000000000000000000E+01 1.000000000000000000E+01 1.000000000000000000E+01 1.000000000000000000E+01 1.000000000000000000E+01 1.000000000000000000E+01 1.000000000000000000E+01 1.000000000000000000E+01 1.000000000000000000E+01 1.000000000000000000E+01 1.000000000000000000E+01 1.000000000000000000E+01 1.000000000000000000E+01 1.000000000000000000E+01 1.000000000000000000E+01 1.000000000000000000E+01 1.000000000000000000E+01 1.000000000000000000E+01 1.000000000000000000E+01 1.000000000000000000E+01 1.000000000000000000E+01 1.000000000000000000E+01 1.000000000000000000E+01 1.000000000000000000E+01 1.000000000000000000E+01 1.000000000000000000E+01 1.000000000000000000E+01 1.000000000000000000E+01 1.000000000000000000E+01 1.000000000000000000E+01 1.000000000000000000E+01 1.000000000000000000E+01 1.000000000000000000E+01 1.000000000000000000E+01 1.000000000000000000E+01 1.000000000000000000E+01 1.000000000000000000E+01 1.000000000000000000E+01 1.000000000000000000E+01 1.000000000000000000E+01 1.000000000000000000E+01 1.000000000000000000E+01 1.000000000000000000E+01 1.000000000000000000E+01 1.000000000000000000E+01 1.000000000000000000E+01 1.000000000000000000E+01 1.000000000000000000E+01 1.000000000000000000E+01 1.000000000000000000E+01 1.000000000000000000E+01 1.000000000000000000E+01 1.000000000000000000E+01 1.000000000000000000E+01 1.000000000000000000E+01 1.000000000000000000E+01 1.000000000000000000E+01 1.000000000000000000E+01 1.000000000000000000E+01 1.000000000000000000E+01 1.000000000000000000E+01 6.307957798211485390E+00 5.768920164999219224E+00 6.061444399948687334E+00 5.813306493821289500E+00 5.630368501416788796E+00 6.878211221496329131E+00 6.291176808898551798E+00 5.736867024629248135E+00 1.000000000000000000E+01 1.000000000000000000E+01 1.000000000000000000E+01 1.000000000000000000E+01 1.000000000000000000E+01 1.000000000000000000E+01 1.000000000000000000E+01 1.000000000000000000E+01 1.000000000000000000E+01 1.000000000000000000E+01 1.000000000000000000E+01 1.000000000000000000E+01 1.000000000000000000E+01 1.000000000000000000E+01 1.000000000000000000E+01 1.000000000000000000E+01 1.000000000000000000E+01 1.000000000000000000E+01 1.000000000000000000E+01 1.000000000000000000E+01 1.000000000000000000E+01 1.000000000000000000E+01 1.000000000000000000E+01 1.000000000000000000E+01 1.000000000000000000E+01 1.000000000000000000E+01 1.000000000000000000E+01 1.000000000000000000E+01 1.000000000000000000E+01 1.000000000000000000E+01 1.000000000000000000E+01 1.000000000000000000E+01 1.000000000000000000E+01 1.000000000000000000E+01 1.000000000000000000E+01 1.000000000000000000E+01 1.000000000000000000E+01 1.000000000000000000E+01 1.000000000000000000E+01 1.000000000000000000E+01 1.000000000000000000E+01 1.000000000000000000E+01 1.000000000000000000E+01 1.000000000000000000E+01 1.000000000000000000E+01 1.000000000000000000E+01 1.000000000000000000E+01 1.000000000000000000E+01
1.000000000000000000E+01 1.000000000000000000E+01 1.000000000000000000E+01 1.000000000000000000E+01 1.000000000000000000E+01 1.000000000000000000E+01 1.000000000000000000E+01 1.000000000000000000E+01 1.000000000000000000E+01 1.000000000000000000E+01 1.000000000000000000E+01 1.000000000000000000E+01 1.000000000000000000E+01 1.000000000000000000E+01 1.000000000000000000E+01 1.000000000000000000E+01 1.000000000000000000E+01 1.000000000000000000E+01 1.000000000000000000E+01 1.000000000000000000E+01 1.000000000000000000E+01 1.000000000000000000E+01 1.000000000000000000E+01 1.000000000000000000E+01 1.000000000000000000E+01 1.000000000000000000E+01 1.000000000000000000E+01 1.000000000000000000E+01 1.000000000000000000E+01 1.000000000000000000E+01 1.000000000000000000E+01 1.000000000000000000E+01 1.000000000000000000E+01 1.000000000000000000E+01 1.000000000000000000E+01 1.000000000000000000E+01 1.000000000000000000E+01 1.000000000000000000E+01 1.000000000000000000E+01 1.000000000000000000E+01 1.000000000000000000E+01 1.000000000000000000E+01 1.000000000000000000E+01 1.000000000000000000E+01 1.000000000000000000E+01 1.000000000000000000E+01 1.000000000000000000E+01 1.000000000000000000E+01 1.000000000000000000E+01 1.000000000000000000E+01 1.000000000000000000E+01 1.000000000000000000E+01 1.000000000000000000E+01 1.000000000000000000E+01 1.000000000000000000E+01 1.000000000000000000E+01 1.000000000000000000E+01 1.000000000000000000E+01 1.000000000000000000E+01 1.000000000000000000E+01 1.000000000000000000E+01 1.000000000000000000E+01 1.000000000000000000E+01 1.000000000000000000E+01 1.000000000000000000E+01 1.000000000000000000E+01 1.000000000000000000E+01 1.000000000000000000E+01 1.000000000000000000E+01 1.000000000000000000E+01 1.000000000000000000E+01 1.000000000000000000E+01 1.000000000000000000E+01 1.000000000000000000E+01 1.000000000000000000E+01 1.000000000000000000E+01 1.000000000000000000E+01 1.000000000000000000E+01 1.000000000000000000E+01 1.000000000000000000E+01 1.000000000000000000E+01 1.000000000000000000E+01 1.000000000000000000E+01 1.000000000000000000E+01 1.000000000000000000E+01 1.000000000000000000E+01 1.000000000000000000E+01 1.000000000000000000E+01 1.000000000000000000E+01 1.000000000000000000E+01 1.000000000000000000E+01 1.000000000000000000E+01 1.000000000000000000E+01 1.000000000000000000E+01 1.000000000000000000E+01 6.421802337966838969E+00 5.715968504471012679E+00 6.001355362070765587E+00 6.065296687607847126E+00 5.211072597853417143E+00 5.603727490993506422E+00 6.558357749867377073E+00 5.868005134835867054E+00 1.000000000000000000E+01 1.000000000000000000E+01 1.000000000000000000E+01 1.000000000000000000E+01 1.000000000000000000E+01 1.000000000000000000E+01 1.000000000000000000E+01 1.000000000000000000E+01 1.000000000000000000E+01 1.000000000000000000E+01 1.000000000000000000E+01 1.000000000000000000E+01 1.000000000000000000E+01 1.000000000000000000E+01 1.000000000000000000E+01 1.000000000000000000E+01 1.000000000000000000E+01 1.000000000000000000E+01 1.000000000000000000E+01 1.000000000000000000E+01 1.000000000000000000E+01 1.000000000000000000E+01 1.000000000000000000E+01 1.000000000000000000E+01 1.000000000000000000E+01 1.000000000000000000E+01 1.000000000000000000E+01 1.000000000000000000E+01 1.000000000000000000E+01 1.000000000000000000E+01 1.000000000000000000E+01 1.000000000000000000E+01 1.000000000000000000E+01 1.000000000000000000E+01 1.000000000000000000E+01 1.000000000000000000E+01 1.000000000000000000E+01 1.000000000000000000E+01 1.000000000000000000E+01 1.000000000000000000E+01 1.000000000000000000E+01 1.000000000000000000E+01 1.000000000000000000E+01 1.000000000000000000E+01 1.000000000000000000E+01 1.000000000000000000E+01 1.000000000000000000E+01 1.000000000000000000E+01
1.000000000000000000E+01 1.000000000000000000E+01 1.000000000000000000E+01 1.000000000000000000E+01 1.000000000000000000E+01 1.000000000000000000E+01 1.000000000000000000E+01 1.000000000000000000E+01 1.000000000000000000E+01 1.000000000000000000E+01 1.000000000000000000E+01 1.000000000000000000E+01 1.000000000000000000E+01 1.000000000000000000E+01 1.000000000000000000E+01 1.000000000000000000E+01 1.000000000000000000E+01 1.000000000000000000E+01 1.000000000000000000E+01 1.000000000000000000E+01 1.000000000000000000E+01 1.000000000000000000E+01 1.000000000000000000E+01 1.000000000000000000E+01 1.000000000000000000E+01 1.000000000000000000E+01 1.000000000000000000E+01 1.000000000000000000E+01 1.000000000000000000E+01 1.000000000000000000E+01 1.000000000000000000E+01 1.000000000000000000E+01 1.000000000000000000E+01 1.000000000000000000E+01 1.000000000000000000E+01 1.000000000000000000E+01 1.000000000000000000E+01 1.000000000000000000E+01 1.000000000000000000E+01 1.000000000000000000E+01 1.000000000000000000E+01 1.000000000000000000E+01 1.000000000000000000E+01 1.000000000000000000E+01 1.000000000000000000E+01 1.000000000000000000E+01 1.000000000000000000E+01 1.000000000000000000E+01 1.000000000000000000E+01 1.000000000000000000E+01 1.000000000000000000E+01 1.000000000000000000E+01 1.000000000000000000E+01 1.000000000000000000E+01 1.000000000000000000E+01 1.000000000000000000E+01 1.000000000000000000E+01 1.000000000000000000E+01 1.000000000000000000E+01 1.000000000000000000E+01 1.000000000000000000E+01 1.000000000000000000E+01 1.000000000000000000E+01 1.000000000000000000E+01 1.000000000000000000E+01 1.000000000000000000E+01 1.000000000000000000E+01 1.000000000000000000E+01 1.000000000000000000E+01 1.000000000000000000E+01 1.000000000000000000E+01 1.000000000000000000E+01 1.000000000000000000E+01 1.000000000000000000E+01 1.000000000000000000E+01 1.000000000000000000E+01 1.000000000000000000E+01 1.000000000000000000E+01 1.000000000000000000E+01 1.000000000000000000E+01 1.000000000000000000E+01 1.000000000000000000E+01 1.000000000000000000E+01 1.000000000000000000E+01 1.000000000000000000E+01 1.000000000000000000E+01 1.000000000000000000E+01 1.000000000000000000E+01 1.000000000000000000E+01 1.000000000000000000E+01 1.000000000000000000E+01 1.000000000000000000E+01 1.000000000000000000E+01 1.000000000000000000E+01 1.000000000000000000E+01 6.300040500071348859E+00 7.389496822937201337E+00 5.355443628925516286E+00 4.656757645889524788E+00 4.794979095649057221E+00 5.675017810035422272E+00 6.243488079668752633E+00 7.542338629094639479E+00 1.000000000000000000E+01 1.000000000000000000E+01 1.000000000000000000E+01 1.000000000000000000E+01 1.000000000000000000E+01 1.000000000000000000E+01 1.000000000000000000E+01 1.000000000000000000E+01 1.000000000000000000E+01 1.000000000000000000E+01 1.000000000000000000E+01 1.000000000000000000E+01 1.000000000000000000E+01 1.000000000000000000E+01 1.000000000000000000E+01 1.000000000000000000E+01 1.000000000000000000E+01 1.000000000000000000E+01 1.000000000000000000E+01 1.000000000000000000E+01 1.000000000000000000E+01 1.000000000000000000E+01 1.000000000000000000E+01 1.000000000000000000E+01 1.000000000000000000E+01 1.000000000000000000E+01 1.000000000000000000E+01 1.000000000000000000E+01 1.000000000000000000E+01 1.000000000000000000E+01 1.000000000000000000E+01 1.000000000000000000E+01 1.000000000000000000E+01 1.000000000000000000E+01 1.000000000000000000E+01 1.000000000000000000E+01 1.000000000000000000E+01 1.000000000000000000E+01 1.000000000000000000E+01 1.000000000000000000E+01 1.000000000000000000E+01 1.000000000000000000E+01 1.000000000000000000E+01 1.000000000000000000E+01 1.000000000000000000E+01 1.000000000000000000E+01 1.000000000000000000E+01 1.000000000000000000E+01
1.000000000000000000E+01 1.000000000000000000E+01 1.000000000000000000E+01 1.000000000000000000E+01 1.000000000000000000E+01 1.000000000000000000E+01 1.000000000000000000E+01 1.000000000000000000E+01 1.000000000000000000E+01 1.000000000000000000E+01 1.000000000000000000E+01 1.000000000000000000E+01 1.000000000000000000E+01 1.000000000000000000E+01 1.000000000000000000E+01 1.000000000000000000E+01 1.000000000000000000E+01 1.000000000000000000E+01 1.000000000000000000E+01 1.000000000000000000E+01 1.000000000000000000E+01 1.000000000000000000E+01 1.000000000000000000E+01 1.000000000000000000E+01 1.000000000000000000E+01 1.000000000000000000E+01 1.000000000000000000E+01 1.000000000000000000E+01 1.000000000000000000E+01 1.000000000000000000E+01 1.000000000000000000E+01 1.000000000000000000E+01 1.000000000000000000E+01 1.000000000000000000E+01 1.000000000000000000E+01 1.000000000000000000E+01 1.000000000000000000E+01 1.000000000000000000E+01 1.000000000000000000E+01 1.000000000000000000E+01 1.000000000000000000E+01 1.000000000000000000E+01 1.000000000000000000E+01 1.000000000000000000E+01 1.000000000000000000E+01 1.000000000000000000E+01 1.000000000000000000E+01 1.000000000000000000E+01 1.000000000000000000E+01 1.000000000000000000E+01 1.000000000000000000E+01 1.000000000000000000E+01 1.000000000000000000E+01 1.000000000000000000E+01 1.000000000000000000E+01 1.000000000000000000E+01 1.000000000000000000E+01 1.000000000000000000E+01 1.000000000000000000E+01 1.000000000000000000E+01 1.000000000000000000E+01 1.000000000000000000E+01 1.000000000000000000E+01 1.000000000000000000E+01 1.000000000000000000E+01 1.000000000000000000E+01 1.000000000000000000E+01 1.000000000000000000E+01 1.000000000000000000E+01 1.000000000000000000E+01 1.000000000000000000E+01 1.000000000000000000E+01 1.000000000000000000E+01 1.000000000000000000E+01 1.000000000000000000E+01 1.000000000000000000E+01 1.000000000000000000E+01 1.000000000000000000E+01 1.000000000000000000E+01 1.000000000000000000E+01 1.000000000000000000E+01 1.000000000000000000E+01 1.000000000000000000E+01 1.000000000000000000E+01 1.000000000000000000E+01 1.000000000000000000E+01 1.000000000000000000E+01 1.000000000000000000E+01 1.000000000000000000E+01 1.000000000000000000E+01 1.000000000000000000E+01 1.000000000000000000E+01 1.000000000000000000E+01 1.000000000000000000E+01 1.000000000000000000E+01 6.457414947828635121E+00 4.984996757409694723E+00 5.283703889053854574E+00 5.348480481006445686E+00 5.424875719394772311E+00 6.266677467200203466E+00 6.261705769776527930E+00 1.000000000000000000E+01 1.000000000000000000E+01 1.000000000000000000E+01 1.000000000000000000E+01 1.000000000000000000E+01 1.000000000000000000E+01 1.000000000000000000E+01 1.000000000000000000E+01 1.000000000000000000E+01 1.000000000000000000E+01 1.000000000000000000E+01 1.000000000000000000E+01 1.000000000000000000E+01 1.000000000000000000E+01 1.000000000000000000E+01 1.000000000000000000E+01 1.000000000000000000E+01 1.000000000000000000E+01 1.000000000000000000E+01 1.000000000000000000E+01 1.000000000000000000E+01 1.000000000000000000E+01 1.000000000000000000E+01 1.000000000000000000E+01 1.000000000000000000E+01 1.000000000000000000E+01 1.000000000000000000E+01 1.000000000000000000E+01 1.000000000000000000E+01 1.000000000000000000E+01 1.000000000000000000E+01 1.000000000000000000E+01 1.000000000000000000E+01 1.000000000000000000E+01 1.000000000000000000E+01 1.000000000000000000E+01 1.000000000000000000E+01 1.000000000000000000E+01 1.000000000000000000E+01 1.000000000000000000E+01 1.000000000000000000E+01 1.000000000000000000E+01 1.000000000000000000E+01 1.000000000000000000E+01 1.000000000000000000E+01 1.000000000000000000E+01 1.000000000000000000E+01 1.000000000000000000E+01 1.000000000000000000E+01
1.000000000000000000E+01 1.000000000000000000E+01 1.000000000000000000E+01 1.000000000000000000E+01 1.000000000000000000E+01 1.000000000000000000E+01 1.000000000000000000E+01 1.000000000000000000E+01 1.000000000000000000E+01 1.000000000000000000E+01 1.000000000000000000E+01 1.000000000000000000E+01 1.000000000000000000E+01 1.000000000000000000E+01 1.000000000000000000E+01 1.000000000000000000E+01 1.000000000000000000E+01 1.000000000000000000E+01 1.000000000000000000E+01 1.000000000000000000E+01 1.000000000000000000E+01 1.000000000000000000E+01 1.000000000000000000E+01 1.000000000000000000E+01 1.000000000000000000E+01 1.000000000000000000E+01 1.000000000000000000E+01 1.000000000000000000E+01 1.000000000000000000E+01 1.000000000000000000E+01 1.000000000000000000E+01 1.000000000000000000E+01 1.000000000000000000E+01 1.000000000000000000E+01 1.000000000000000000E+01 1.000000000000000000E+01 1.000000000000000000E+01 1.000000000000000000E+01 1.000000000000000000E+01 1.000000000000000000E+01 1.000000000000000000E+01 1.000000000000000000E+01 1.000000000000000000E+01 1.000000000000000000E+01 1.000000000000000000E+01 1.000000000000000000E+01 1.000000000000000000E+01 1.000000000000000000E+01 1.000000000000000000E+01 1.000000000000000000E+01 1.000000000000000000E+01 1.000000000000000000E+01 1.000000000000000000E+01 1.000000000000000000E+01 1.000000000000000000E+01 1.000000000000000000E+01 1.000000000000000000E+01 1.000000000000000000E+01 1.000000000000000000E+01 1.000000000000000000E+01 1.000000000000000000E+01 1.000000000000000000E+01 1.000000000000000000E+01 1.000000000000000000E+01 1.000000000000000000E+01 1.000000000000000000E+01 1.000000000000000000E+01 1.000000000000000000E+01 1.000000000000000000E+01 1.000000000000000000E+01 1.000000000000000000E+01 1.000000000000000000E+01 1.000000000000000000E+01 1.000000000000000000E+01 1.000000000000000000E+01 1.000000000000000000E+01 1.000000000000000000E+01 1.000000000000000000E+01 1.000000000000000000E+01 1.000000000000000000E+01 1.000000000000000000E+01 1.000000000000000000E+01 1.000000000000000000E+01 1.000000000000000000E+01 1.000000000000000000E+01 1.000000000000000000E+01 1.000000000000000000E+01 1.000000000000000000E+01 1.000000000000000000E+01 1.000000000000000000E+01 1.000000000000000000E+01 1.000000000000000000E+01 1.000000000000000000E+01 1.000000000000000000E+01 1.000000000000000000E+01 7.292560392290042159E+00 6.163127232977630321E+00 5.754491192303161640E+00 6.351687262764027508E+00 6.057611520977318698E+00 6.626859551039240515E+00 7.389272733790457792E+00 1.000000000000000000E+01 1.000000000000000000E+01 1.000000000000000000E+01 1.000000000000000000E+01 1.000000000000000000E+01 1.000000000000000000E+01 1.000000000000000000E+01 1.000000000000000000E+01 1.000000000000000000E+01 1.000000000000000000E+01 1.000000000000000000E+01 1.000000000000000000E+01 1.000000000000000000E+01 1.000000000000000000E+01 1.000000000000000000E+01 1.000000000000000000E+01 1.000000000000000000E+01 1.000000000000000000E+01 1.000000000000000000E+01 1.000000000000000000E+01 1.000000000000000000E+01 1.000000000000000000E+01 1.000000000000000000E+01 1.000000000000000000E+01 1.000000000000000000E+01 1.000000000000000000E+01 1.000000000000000000E+01 1.000000000000000000E+01 1.000000000000000000E+01 1.000000000000000000E+01 1.000000000000000000E+01 1.000000000000000000E+01 1.000000000000000000E+01 1.000000000000000000E+01 1.000000000000000000E+01 1.000000000000000000E+01 1.000000000000000000E+01 1.000000000000000000E+01 1.000000000000000000E+01 1.000000000000000000E+01 1.000000000000000000E+01 1.000000000000000000E+01 1.000000000000000000E+01 1.000000000000000000E+01 1.000000000000000000E+01 1.000000000000000000E+01 1.000000000000000000E+01 1.000000000000000000E+01 1.000000000000000000E+01
1.000000000000000000E+01 1.000000000000000000E+01 1.000000000000000000E+01 1.000000000000000000E+01 1.000000000000000000E+01 1.000000000000000000E+01 1.000000000000000000E+01 1.000000000000000000E+01 1.000000000000000000E+01 1.000000000000000000E+01 1.000000000000000000E+01 1.000000000000000000E+01 1.000000000000000000E+01 1.000000000000000000E+01 1.000000000000000000E+01 1.000000000000000000E+01 1.000000000000000000E+01 1.000000000000000000E+01 1.000000000000000000E+01 1.000000000000000000E+01 1.000000000000000000E+01 1.000000000000000000E+01 1.000000000000000000E+01 1.000000000000000000E+01 1.000000000000000000E+01 1.000000000000000000E+01 1.000000000000000000E+01 1.000000000000000000E+01 1.000000000000000000E+01 1.000000000000000000E+01 1.000000000000000000E+01 1.000000000000000000E+01 1.000000000000000000E+01 1.000000000000000000E+01 1.000000000000000000E+01 1.000000000000000000E+01 1.000000000000000000E+01 1.000000000000000000E+01 1.000000000000000000E+01 1.000000000000000000E+01 1.000000000000000000E+01 1.000000000000000000E+01 1.000000000000000000E+01 1.000000000000000000E+01 1.000000000000000000E+01 1.000000000000000000E+01 1.000000000000000000E+01 1.000000000000000000E+01 1.000000000000000000E+01 1.000000000000000000E+01 1.000000000000000000E+01 1.000000000000000000E+01 1.000000000000000000E+01 1.000000000000000000E+01 1.000000000000000000E+01 1.000000000000000000E+01 1.000000000000000000E+01 1.000000000000000000E+01 1.000000000000000000E+01 1.000000000000000000E+01 1.000000000000000000E+01 1.000000000000000000E+01 1.000000000000000000E+01 1.000000000000000000E+01 1.000000000000000000E+01 1.000000000000000000E+01 1.000000000000000000E+01 1.000000000000000000E+01 1.000000000000000000E+01 1.000000000000000000E+01 1.000000000000000000E+01 1.000000000000000000E+01 1.000000000000000000E+01 1.000000000000000000E+01 1.000000000000000000E+01 1.000000000000000000E+01 1.000000000000000000E+01 1.000000000000000000E+01 1.000000000000000000E+01 1.000000000000000000E+01 1.000000000000000000E+01 1.000000000000000000E+01 1.000000000000000000E+01 1.000000000000000000E+01 1.000000000000000000E+01 1.000000000000000000E+01 1.000000000000000000E+01 1.000000000000000000E+01 1.000000000000000000E+01 1.000000000000000000E+01 1.000000000000000000E+01 1.000000000000000000E+01 1.000000000000000000E+01 1.000000000000000000E+01 1.000000000000000000E+01 7.301775839712114191E+00 6.086386708126822143E+00 5.828209744019521743E+00 6.186002982189775956E+00 5.655684323080529374E+00 6.650857730556370306E+00 5.899066895855711756E+00 1.000000000000000000E+01 1.000000000000000000E+01 1.000000000000000000E+01 1.000000000000000000E+01 1.000000000000000000E+01 1.000000000000000000E+01 1.000000000000000000E+01 1.000000000000000000E+01 1.000000000000000000E+01 1.000000000000000000E+01 1.000000000000000000E+01 1.000000000000000000E+01 1.000000000000000000E+01 1.000000000000000000E+01 1.000000000000000000E+01 1.000000000000000000E+01 1.000000000000000000E+01 1.000000000000000000E+01 1.000000000000000000E+01 1.000000000000000000E+01 1.000000000000000000E+01 1.000000000000000000E+01 1.000000000000000000E+01 1.000000000000000000E+01 1.000000000000000000E+01 1.000000000000000000E+01 1.000000000000000000E+01 1.000000000000000000E+01 1.000000000000000000E+01 1.000000000000000000E+01 1.000000000000000000E+01 1.000000000000000000E+01 1.000000000000000000E+01 1.000000000000000000E+01 1.000000000000000000E+01 1.000000000000000000E+01 1.000000000000000000E+01 1.000000000000000000E+01 1.000000000000000000E+01 1.000000000000000000E+01 1.000000000000000000E+01 1.000000000000000000E+01 1.000000000000000000E+01 1.000000000000000000E+01 1.000000000000000000E+01 1.000000000000000000E+01 1.000000000000000000E+01 1.000000000000000000E+01 1.000000000000000000E+01
1.000000000000000000E+01 1.000000000000000000E+01 1.000000000000000000E+01 1.000000000000000000E+01 1.000000000000000000E+01 1.000000000000000000E+01 1.000000000000000000E+01 1.000000000000000000E+01 1.000000000000000000E+01 1.000000000000000000E+01 1.000000000000000000E+01 1.000000000000000000E+01 1.000000000000000000E+01 1.000000000000000000E+01 1.000000000000000000E+01 1.000000000000000000E+01 1.000000000000000000E+01 1.000000000000000000E+01 1.000000000000000000E+01 1.000000000000000000E+01 1.000000000000000000E+01 1.000000000000000000E+01 1.000000000000000000E+01 1.000000000000000000E+01 1.000000000000000000E+01 1.000000000000000000E+01 1.000000000000000000E+01 1.000000000000000000E+01 1.000000000000000000E+01 1.000000000000000000E+01 1.000000000000000000E+01 1.000000000000000000E+01 1.000000000000000000E+01 1.000000000000000000E+01 1.000000000000000000E+01 1.000000000000000000E+01 1.000000000000000000E+01 1.000000000000000000E+01 1.000000000000000000E+01 1.000000000000000000E+01 1.000000000000000000E+01 1.000000000000000000E+01 1.000000000000000000E+01 1.000000000000000000E+01 1.000000000000000000E+01 1.000000000000000000E+01 1.000000000000000000E+01 1.000000000000000000E+01 1.000000000000000000E+01 1.000000000000000000E+01 1.000000000000000000E+01 1.000000000000000000E+01 1.000000000000000000E+01 1.000000000000000000E+01 1.000000000000000000E+01 1.000000000000000000E+01 1.000000000000000000E+01 1.000000000000000000E+01 1.000000000000000000E+01 1.000000000000000000E+01 1.000000000000000000E+01 1.000000000000000000E+01 1.000000000000000000E+01 1.000000000000000000E+01 1.000000000000000000E+01 1.000000000000000000E+01 1.000000000000000000E+01 1.000000000000000000E+01 1.000000000000000000E+01 1.000000000000000000E+01 1.000000000000000000E+01 1.000000000000000000E+01 1.000000000000000000E+01 1.000000000000000000E+01 1.000000000000000000E+01 1.000000000000000000E+01 1.000000000000000000E+01 1.000000000000000000E+01 1.000000000000000000E+01 1.000000000000000000E+01 1.000000000000000000E+01 1.000000000000000000E+01 1.000000000000000000E+01 1.000000000000000000E+01 1.000000000000000000E+01 1.000000000000000000E+01 1.000000000000000000E+01 1.000000000000000000E+01 1.000000000000000000E+01 1.000000000000000000E+01 1.000000000000000000E+01 1.000000000000000000E+01 1.000000000000000000E+01 1.000000000000000000E+01 1.000000000000000000E+01 6.445669058934094586E+00 5.351470220880178097E+00 5.162084488827167306E+00 5.112630125287703997E+00 5.693492440213664629E+00 5.895576755055653706E+00 5.805816281486154473E+00 1.000000000000000000E+01 1.000000000000000000E+01 1.000000000000000000E+01 1.000000000000000000E+01 1.000000000000000000E+01 1.000000000000000000E+01 1.000000000000000000E+01 1.000000000000000000E+01 1.000000000000000000E+01 1.000000000000000000E+01 1.000000000000000000E+01 1.000000000000000000E+01 1.000000000000000000E+01 1.000000000000000000E+01 1.000000000000000000E+01 1.000000000000000000E+01 1.000000000000000000E+01 1.000000000000000000E+01 1.000000000000000000E+01 1.000000000000000000E+01 1.000000000000000000E+01 1.000000000000000000E+01 1.000000000000000000E+01 1.000000000000000000E+01 1.000000000000000000E+01 1.000000000000000000E+01 1.000000000000000000E+01 1.000000000000000000E+01 1.000000000000000000E+01 1.000000000000000000E+01 1.000000000000000000E+01 1.000000000000000000E+01 1.000000000000000000E+01 1.000000000000000000E+01 1.000000000000000000E+01 1.000000000000000000E+01 1.000000000000000000E+01 1.000000000000000000E+01 1.000000000000000000E+01 1.000000000000000000E+01 1.000000000000000000E+01 1.000000000000000000E+01 1.000000000000000000E+01 1.000000000000000000E+01 1.000000000000000000E+01 1.000000000000000000E+01 1.000000000000000000E+01 1.000000000000000000E+01 1.000000000000000000E+01
1.000000000000000000E+01 1.000000000000000000E+01 1.000000000000000000E+01 1.000000000000000000E+01 1.000000000000000000E+01 1.000000000000000000E+01 1.000000000000000000E+01 1.000000000000000000E+01 1.000000000000000000E+01 1.000000000000000000E+01 1.000000000000000000E+01 1.000000000000000000E+01 1.000000000000000000E+01 1.000000000000000000E+01 1.000000000000000000E+01 1.000000000000000000E+01 1.000000000000000000E+01 1.000000000000000000E+01 1.000000000000000000E+01 1.000000000000000000E+01 1.000000000000000000E+01 1.000000000000000000E+01 1.000000000000000000E+01 1.000000000000000000E+01 1.000000000000000000E+01 1.000000000000000000E+01 1.000000000000000000E+01 1.000000000000000000E+01 1.000000000000000000E+01 1.000000000000000000E+01 1.000000000000000000E+01 1.000000000000000000E+01 1.000000000000000000E+01 1.000000000000000000E+01 1.000000000000000000E+01 1.000000000000000000E+01 1.000000000000000000E+01 1.000000000000000000E+01 1.000000000000000000E+01 1.000000000000000000E+01 1.000000000000000000E+01 1.000000000000000000E+01 1.000000000000000000E+01 1.000000000000000000E+01 1.000000000000000000E+01 1.000000000000000000E+01 1.000000000000000000E+01 1.000000000000000000E+01 1.000000000000000000E+01 1.000000000000000000E+01 1.000000000000000000E+01 1.000000000000000000E+01 1.000000000000000000E+01 1.000000000000000000E+01 1.000000000000000000E+01 1.000000000000000000E+01 1.000000000000000000E+01 1.000000000000000000E+01 1.000000000000000000E+01 1.000000000000000000E+01 1.000000000000000000E+01 1.000000000000000000E+01 1.000000000000000000E+01 1.000000000000000000E+01 1.000000000000000000E+01 1.000000000000000000E+01 1.000000000000000000E+01 1.000000000000000000E+01 1.000000000000000000E+01 1.000000000000000000E+01 1.000000000000000000E+01 1.000000000000000000E+01 1.000000000000000000E+01 1.000000000000000000E+01 1.000000000000000000E+01 1.000000000000000000E+01 1.000000000000000000E+01 1.000000000000000000E+01 1.000000000000000000E+01 1.000000000000000000E+01 1.000000000000000000E+01 1.000000000000000000E+01 1.000000000000000000E+01 1.000000000000000000E+01 1.000000000000000000E+01 1.000000000000000000E+01 1.000000000000000000E+01 1.000000000000000000E+01 1.000000000000000000E+01 1.000000000000000000E+01 1.000000000000000000E+01 1.000000000000000000E+01 1.000000000000000000E+01 1.000000000000000000E+01 1.000000000000000000E+01 6.451296375573416064E+00 4.754172326205940102E+00 4.824599645939196435E+00 4.986425799689365057E+00 5.500527929206219468E+00 4.756354495455617837E+00 5.225803717934072168E+00 1.000000000000000000E+01 1.000000000000000000E+01 1.000000000000000000E+01 1.000000000000000000E+01 1.000000000000000000E+01 1.000000000000000000E+01 1.000000000000000000E+01 1.000000000000000000E+01 1.000000000000000000E+01 1.000000000000000000E+01 1.000000000000000000E+01 1.000000000000000000E+01 1.000000000000000000E+01 1.000000000000000000E+01 1.000000000000000000E+01 1.000000000000000000E+01 1.000000000000000000E+01 1.000000000000000000E+01 1.000000000000000000E+01 1.000000000000000000E+01 1.000000000000000000E+01 1.000000000000000000E+01 1.000000000000000000E+01 1.000000000000000000E+01 1.000000000000000000E+01 1.000000000000000000E+01 1.000000000000000000E+01 1.000000000000000000E+01 1.000000000000000000E+01 1.000000000000000000E+01 1.000000000000000000E+01 1.000000000000000000E+01 1.000000000000000000E+01 1.000000000000000000E+01 1.000000000000000000E+01 1.000000000000000000E+01 1.000000000000000000E+01 1.000000000000000000E+01 1.000000000000000000E+01 1.000000000000000000E+01 1.000000000000000000E+01 1.000000000000000000E+01 1.000000000000000000E+01 1.000000000000000000E+01 1.000000000000000000E+01 1.000000000000000000E+01 1.000000000000000000E+01 1.000000000000000000E+01 1.000000000000000000E+01
1.000000000000000000E+01 1.000000000000000000E+01 1.000000000000000000E+01 1.000000000000000000E+01 1.000000000000000000E+01 1.000000000000000000E+01 1.000000000000000000E+01 1.000000000000000000E+01 1.000000000000000000E+01 1.000000000000000000E+01 1.000000000000000000E+01 1.000000000000000000E+01 1.000000000000000000E+01 1.000000000000000000E+01 1.000000000000000000E+01 1.000000000000000000E+01 1.000000000000000000E+01 1.000000000000000000E+01 1.000000000000000000E+01 1.000000000000000000E+01 1.000000000000000000E+01 1.000000000000000000E+01 1.000000000000000000E+01 1.000000000000000000E+01 1.000000000000000000E+01 1.000000000000000000E+01 1.000000000000000000E+01 1.000000000000000000E+01 1.000000000000000000E+01 1.000000000000000000E+01 1.000000000000000000E+01 1.000000000000000000E+01 1.000000000000000000E+01 1.000000000000000000E+01 1.000000000000000000E+01 1.000000000000000000E+01 1.000000000000000000E+01 1.000000000000000000E+01 1.000000000000000000E+01 1.000000000000000000E+01 1.000000000000000000E+01 1.000000000000000000E+01 1.000000000000000000E+01 1.000000000000000000E+01 1.000000000000000000E+01 1.000000000000000000E+01 1.000000000000000000E+01 1.000000000000000000E+01 1.000000000000000000E+01 1.000000000000000000E+01 1.000000000000000000E+01 1.000000000000000000E+01 1.000000000000000000E+01 1.000000000000000000E+01 1.000000000000000000E+01 1.000000000000000000E+01 1.000000000000000000E+01 1.000000000000000000E+01 1.000000000000000000E+01 1.000000000000000000E+01 1.000000000000000000E+01 1.000000000000000000E+01 1.000000000000000000E+01 1.000000000000000000E+01 1.000000000000000000E+01 1.000000000000000000E+01 1.000000000000000000E+01 1.000000000000000000E+01 1.000000000000000000E+01 1.000000000000000000E+01 1.000000000000000000E+01 1.000000000000000000E+01 1.000000000000000000E+01 1.000000000000000000E+01 1.000000000000000000E+01 1.000000000000000000E+01 1.000000000000000000E+01 1.000000000000000000E+01 1.000000000000000000E+01 1.000000000000000000E+01 1.000000000000000000E+01 1.000000000000000000E+01 1.000000000000000000E+01 1.000000000000000000E+01 1.000000000000000000E+01 1.000000000000000000E+01 1.000000000000000000E+01 1.000000000000000000E+01 1.000000000000000000E+01 1.000000000000000000E+01 1.000000000000000000E+01 1.000000000000000000E+01 1.000000000000000000E+01 1.000000000000000000E+01 1.000000000000000000E+01 6.983905955301553448E+00 6.946679995823656917E+00 6.475072934021390836E+00 5.179649338430818872E+00 6.222043120770797131E+00 4.811213625723230969E+00 1.000000000000000000E+01 1.000000000000000000E+01 1.000000000000000000E+01 1.000000000000000000E+01 1.000000000000000000E+01 1.000000000000000000E+01 1.000000000000000000E+01 1.000000000000000000E+01 1.000000000000000000E+01 1.000000000000000000E+01 1.000000000000000000E+01 1.000000000000000000E+01 1.000000000000000000E+01 1.000000000000000000E+01 1.000000000000000000E+01 1.000000000000000000E+01 1.000000000000000000E+01 1.000000000000000000E+01 1.000000000000000000E+01 1.000000000000000000E+01 1.000000000000000000E+01 1.000000000000000000E+01 1.000000000000000000E+01 1.000000000000000000E+01 1.000000000000000000E+01 1.000000000000000000E+01 1.000000000000000000E+01 1.000000000000000000E+01 1.000000000000000000E+01 1.000000000000000000E+01 1.000000000000000000E+01 1.000000000000000000E+01 1.000000000000000000E+01 1.000000000000000000E+01 1.000000000000000000E+01 1.000000000000000000E+01 1.000000000000000000E+01 1.000000000000000000E+01 1.000000000000000000E+01 1.000000000000000000E+01 1.000000000000000000E+01 1.000000000000000000E+01 1.000000000000000000E+01 1.000000000000000000E+01 1.000000000000000000E+01 1.000000000000000000E+01 1.000000000000000000E+01 1.000000000000000000E+01 1.000000000000000000E+01 1.000000000000000000E+01
1.000000000000000000E+01 1.000000000000000000E+01 1.000000000000000000E+01 1.000000000000000000E+01 1.000000000000000000E+01 1.000000000000000000E+01 1.000000000000000000E+01 1.000000000000000000E+01 1.000000000000000000E+01 1.000000000000000000E+01 1.000000000000000000E+01 1.000000000000000000E+01 1.000000000000000000E+01 1.000000000000000000E+01 1.000000000000000000E+01 1.000000000000000000E+01 1.000000000000000000E+01 1.000000000000000000E+01 1.000000000000000000E+01 1.000000000000000000E+01 1.000000000000000000E+01 1.000000000000000000E+01 1.000000000000000000E+01 1.000000000000000000E+01 1.000000000000000000E+01 1.000000000000000000E+01 1.000000000000000000E+01 1.000000000000000000E+01 1.000000000000000000E+01 1.000000000000000000E+01 1.000000000000000000E+01 1.000000000000000000E+01 1.000000000000000000E+01 1.000000000000000000E+01 1.000000000000000000E+01 1.000000000000000000E+01 1.000000000000000000E+01 1.000000000000000000E+01 1.000000000000000000E+01 1.000000000000000000E+01 1.000000000000000000E+01 1.000000000000000000E+01 1.000000000000000000E+01 1.000000000000000000E+01 1.000000000000000000E+01 1.000000000000000000E+01 1.000000000000000000E+01 1.000000000000000000E+01 1.000000000000000000E+01 1.000000000000000000E+01 1.000000000000000000E+01 1.000000000000000000E+01 1.000000000000000000E+01 1.000000000000000000E+01 1.000000000000000000E+01 1.000000000000000000E+01 1.000000000000000000E+01 1.000000000000000000E+01 1.000000000000000000E+01 1.000000000000000000E+01 1.000000000000000000E+01 1.000000000000000000E+01 1.000000000000000000E+01 1.000000000000000000E+01 1.000000000000000000E+01 1.000000000000000000E+01 1.000000000000000000E+01 1.000000000000000000E+01 1.000000000000000000E+01 1.000000000000000000E+01 1.000000000000000000E+01 1.000000000000000000E+01 1.000000000000000000E+01 1.000000000000000000E+01 1.000000000000000000E+01 1.000000000000000000E+01 1.000000000000000000E+01 1.000000000000000000E+01 1.000000000000000000E+01 1.000000000000000000E+01 1.000000000000000000E+01 1.000000000000000000E+01 1.000000000000000000E+01 1.000000000000000000E+01 1.000000000000000000E+01 1.000000000000000000E+01 1.000000000000000000E+01 1.000000000000000000E+01 1.000000000000000000E+01 1.000000000000000000E+01 1.000000000000000000E+01 1.000000000000000000E+01 1.000000000000000000E+01 1.000000000000000000E+01 1.000000000000000000E+01 6.683733032248885486E+00 6.673483321001843827E+00 6.471664391637887093E+00 5.830989066392344711E+00 5.536020459558297802E+00 4.854336463835374538E+00 1.000000000000000000E+01 1.000000000000000000E+01 1.000000000000000000E+01 1.000000000000000000E+01 1.000000000000000000E+01 1.000000000000000000E+01 1.000000000000000000E+01 1.000000000000000000E+01 1.000000000000000000E+01 1.000000000000000000E+01 1.000000000000000000E+01 1.000000000000000000E+01 1.000000000000000000E+01 1.000000000000000000E+01 1.000000000000000000E+01 1.000000000000000000E+01 1.000000000000000000E+01 1.000000000000000000E+01 1.000000000000000000E+01 1.000000000000000000E+01 1.000000000000000000E+01 1.000000000000000000E+01 1.000000000000000000E+01 1.000000000000000000E+01 1.000000000000000000E+01 1.000000000000000000E+01 1.000000000000000000E+01 1.000000000000000000E+01 1.000000000000000000E+01 1.000000000000000000E+01 1.000000000000000000E+01 1.000000000000000000E+01 1.000000000000000000E+01 1.000000000000000000E+01 1.000000000000000000E+01 1.000000000000000000E+01 1.000000000000000000E+01 1.000000000000000000E+01 1.000000000000000000E+01 1.000000000000000000E+01 1.000000000000000000E+01 1.000000000000000000E+01 1.000000000000000000E+01 1.000000000000000000E+01 1.000000000000000000E+01 1.000000000000000000E+01 1.000000000000000000E+01 1.000000000000000000E+01 1.000000000000000000E+01 1.000000000000000000E+01
1.000000000000000000E+01 1.000000000000000000E+01 1.000000000000000000E+01 1.000000000000000000E+01 1.000000000000000000E+01 1.000000000000000000E+01 1.000000000000000000E+01 1.000000000000000000E+01 1.000000000000000000E+01 1.000000000000000000E+01 1.000000000000000000E+01 1.000000000000000000E+01 1.000000000000000000E+01 1.000000000000000000E+01 1.000000000000000000E+01 1.000000000000000000E+01 1.000000000000000000E+01 1.000000000000000000E+01 1.000000000000000000E+01 1.000000000000000000E+01 1.000000000000000000E+01 1.000000000000000000E+01 1.000000000000000000E+01 1.000000000000000000E+01 1.000000000000000000E+01 1.000000000000000000E+01 1.000000000000000000E+01 1.000000000000000000E+01 1.000000000000000000E+01 1.000000000000000000E+01 1.000000000000000000E+01 1.000000000000000000E+01 1.000000000000000000E+01 1.000000000000000000E+01 1.000000000000000000E+01 1.000000000000000000E+01 1.000000000000000000E+01 1.000000000000000000E+01 1.000000000000000000E+01 1.000000000000000000E+01 1.000000000000000000E+01 1.000000000000000000E+01 1.000000000000000000E+01 1.000000000000000000E+01 1.000000000000000000E+01 1.000000000000000000E+01 1.000000000000000000E+01 1.000000000000000000E+01 1.000000000000000000E+01 1.000000000000000000E+01 1.000000000000000000E+01 1.000000000000000000E+01 1.000000000000000000E+01 1.000000000000000000E+01 1.000000000000000000E+01 1.000000000000000000E+01 1.000000000000000000E+01 1.000000000000000000E+01 1.000000000000000000E+01 1.000000000000000000E+01 1.000000000000000000E+01 1.000000000000000000E+01 1.000000000000000000E+01 1.000000000000000000E+01 1.000000000000000000E+01 1.000000000000000000E+01 1.000000000000000000E+01 1.000000000000000000E+01 1.000000000000000000E+01 1.000000000000000000E+01 1.000000000000000000E+01 1.000000000000000000E+01 1.000000000000000000E+01 1.000000000000000000E+01 1.000000000000000000E+01 1.000000000000000000E+01 1.000000000000000000E+01 1.000000000000000000E+01 1.000000000000000000E+01 1.000000000000000000E+01 1.000000000000000000E+01 1.000000000000000000E+01 1.000000000000000000E+01 1.000000000000000000E+01 1.000000000000000000E+01 1.000000000000000000E+01 1.000000000000000000E+01 1.000000000000000000E+01 1.000000000000000000E+01 1.000000000000000000E+01 1.000000000000000000E+01 1.000000000000000000E+01 1.000000000000000000E+01 1.000000000000000000E+01 1.000000000000000000E+01 6.781313412272062635E+00 7.650925112139217887E+00 8.536284185895096854E+00 5.696859451780563077E+00 5.738421726911452581E+00 5.466508508257423848E+00 1.000000000000000000E+01 1.000000000000000000E+01 1.000000000000000000E+01 1.000000000000000000E+01 1.000000000000000000E+01 1.000000000000000000E+01 1.000000000000000000E+01 1.000000000000000000E+01 1.000000000000000000E+01 1.000000000000000000E+01 1.000000000000000000E+01 1.000000000000000000E+01 1.000000000000000000E+01 1.000000000000000000E+01 1.000000000000000000E+01 1.000000000000000000E+01 1.000000000000000000E+01 1.000000000000000000E+01 1.000000000000000000E+01 1.000000000000000000E+01 1.000000000000000000E+01 1.000000000000000000E+01 1.000000000000000000E+01 1.000000000000000000E+01 1.000000000000000000E+01 1.000000000000000000E+01 1.000000000000000000E+01 1.000000000000000000E+01 1.000000000000000000E+01 1.000000000000000000E+01 1.000000000000000000E+01 1.000000000000000000E+01 1.000000000000000000E+01 1.000000000000000000E+01 1.000000000000000000E+01 1.000000000000000000E+01 1.000000000000000000E+01 1.000000000000000000E+01 1.000000000000000000E+01 1.000000000000000000E+01 1.000000000000000000E+01 1.000000000000000000E+01 1.000000000000000000E+01 1.000000000000000000E+01 1.000000000000000000E+01 1.000000000000000000E+01 1.000000000000000000E+01 1.000000000000000000E+01 1.000000000000000000E+01 1.000000000000000000E+01
1.000000000000000000E+01 1.000000000000000000E+01 1.000000000000000000E+01 1.000000000000000000E+01 1.000000000000000000E+01 1.000000000000000000E+01 1.000000000000000000E+01 1.000000000000000000E+01 1.000000000000000000E+01 1.000000000000000000E+01 1.000000000000000000E+01 1.000000000000000000E+01 1.000000000000000000E+01 1.000000000000000000E+01 1.000000000000000000E+01 1.000000000000000000E+01 1.000000000000000000E+01 1.000000000000000000E+01 1.000000000000000000E+01 1.000000000000000000E+01 1.000000000000000000E+01 1.000000000000000000E+01 1.000000000000000000E+01 1.000000000000000000E+01 1.000000000000000000E+01 1.000000000000000000E+01 1.000000000000000000E+01 1.000000000000000000E+01 1.000000000000000000E+01 1.000000000000000000E+01 1.000000000000000000E+01 1.000000000000000000E+01 1.000000000000000000E+01 1.000000000000000000E+01 1.000000000000000000E+01 1.000000000000000000E+01 1.000000000000000000E+01 1.000000000000000000E+01 1.000000000000000000E+01 1.000000000000000000E+01 1.000000000000000000E+01 1.000000000000000000E+01 1.000000000000000000E+01 1.000000000000000000E+01 1.000000000000000000E+01 1.000000000000000000E+01 1.000000000000000000E+01 1.000000000000000000E+01 1.000000000000000000E+01 1.000000000000000000E+01 1.000000000000000000E+01 1.000000000000000000E+01 1.000000000000000000E+01 1.000000000000000000E+01 1.000000000000000000E+01 1.000000000000000000E+01 1.000000000000000000E+01 1.000000000000000000E+01 1.000000000000000000E+01 1.000000000000000000E+01 1.000000000000000000E+01 1.000000000000000000E+01 1.000000000000000000E+01 1.000000000000000000E+01 1.000000000000000000E+01 1.000000000000000000E+01 1.000000000000000000E+01 1.000000000000000000E+01 1.000000000000000000E+01 1.000000000000000000E+01 1.000000000000000000E+01 1.000000000000000000E+01 1.000000000000000000E+01 1.000000000000000000E+01 1.000000000000000000E+01 1.000000000000000000E+01 1.000000000000000000E+01 1.000000000000000000E+01 1.000000000000000000E+01 1.000000000000000000E+01 1.000000000000000000E+01 1.000000000000000000E+01 1.000000000000000000E+01 1.000000000000000000E+01 1.000000000000000000E+01 1.000000000000000000E+01 1.000000000000000000E+01 1.000000000000000000E+01 1.000000000000000000E+01 1.000000000000000000E+01 1.000000000000000000E+01 1.000000000000000000E+01 1.000000000000000000E+01 1.000000000000000000E+01 1.000000000000000000E+01 7.394885735056950793E+00 6.456613445184258282E+00 6.112324465380676308E+00 5.507878245347055390E+00 5.735312116478957556E+00 5.366212369444117947E+00 1.000000000000000000E+01 1.000000000000000000E+01 1.000000000000000000E+01 1.000000000000000000E+01 1.000000000000000000E+01 1.000000000000000000E+01 1.000000000000000000E+01 1.000000000000000000E+01 1.000000000000000000E+01 1.000000000000000000E+01 1.000000000000000000E+01 1.000000000000000000E+01 1.000000000000000000E+01 1.000000000000000000E+01 1.000000000000000000E+01 1.000000000000000000E+01 1.000000000000000000E+01 1.000000000000000000E+01 1.000000000000000000E+01 1.000000000000000000E+01 1.000000000000000000E+01 1.000000000000000000E+01 1.000000000000000000E+01 1.000000000000000000E+01 1.000000000000000000E+01 1.000000000000000000E+01 1.000000000000000000E+01 1.000000000000000000E+01 1.000000000000000000E+01 1.000000000000000000E+01 1.000000000000000000E+01 1.000000000000000000E+01 1.000000000000000000E+01 1.000000000000000000E+01 1.000000000000000000E+01 1.000000000000000000E+01 1.000000000000000000E+01 1.000000000000000000E+01 1.000000000000000000E+01 1.000000000000000000E+01 1.000000000000000000E+01 1.000000000000000000E+01 1.000000000000000000E+01 1.000000000000000000E+01 1.000000000000000000E+01 1.000000000000000000E+01 1.000000000000000000E+01 1.000000000000000000E+01 1.000000000000000000E+01 1.000000000000000000E+01
