1.000000000000000021E-03 1.000000000000000021E-03 1.000000000000000021E-03 1.000000000000000021E-03 1.000000000000000021E-03 1.000000000000000021E-03 1.000000000000000021E-03 1.000000000000000021E-03 1.000000000000000021E-03 1.000000000000000021E-03 1.000000000000000021E-03 1.000000000000000021E-03 1.000000000000000021E-03 1.000000000000000021E-03 1.000000000000000021E-03 1.000000000000000021E-03 1.000000000000000021E-03 1.000000000000000021E-03 1.000000000000000021E-03 1.000000000000000021E-03 1.000000000000000021E-03 1.000000000000000021E-03 1.000000000000000021E-03 1.000000000000000021E-03 1.000000000000000021E-03 1.000000000000000021E-03 1.000000000000000021E-03 1.000000000000000021E-03 1.000000000000000021E-03 1.000000000000000021E-03 1.000000000000000021E-03 1.000000000000000021E-03 1.000000000000000021E-03 1.000000000000000021E-03 1.000000000000000021E-03 1.000000000000000021E-03 1.000000000000000021E-03 1.000000000000000021E-03 1.000000000000000021E-03 1.000000000000000021E-03 1.000000000000000021E-03 1.000000000000000021E-03 1.000000000000000021E-03 1.000000000000000021E-03 1.000000000000000021E-03 1.000000000000000021E-03 1.000000000000000021E-03 1.000000000000000021E-03 1.000000000000000021E-03 1.000000000000000021E-03 1.000000000000000021E-03 1.000000000000000021E-03 1.000000000000000021E-03 1.000000000000000021E-03 1.000000000000000021E-03 1.000000000000000021E-03 1.000000000000000021E-03 1.000000000000000021E-03 1.000000000000000021E-03 6.424604066009930803E-04 8.128549393772055865E-04 8.409348997257189455E-04 8.454387955908279238E-04 8.304591596379545197E-04 8.498934373022167931E-04 9.723933770383407600E-04 8.700397446839792720E-04 8.453529229407515545E-04 8.308837710016953558E-04 7.403440612744367896E-04 6.568537140476414299E-04 6.100058581556890317E-04 5.640977465512744165E-04 5.708710104140749062E-04 4.789623548979311785E-04 5.023914174502118034E-04 5.891807310760703619E-04 5.680570108040584529E-04 5.281250368946724871E-04 7.305392951193133118E-04 6.328503284611028401E-04 5.951060273357703431E-04 1.000000000000000021E-03 1.000000000000000021E-03 1.000000000000000021E-03 1.000000000000000021E-03 1.000000000000000021E-03 1.000000000000000021E-03 1.000000000000000021E-03 1.000000000000000021E-03 1.000000000000000021E-03 1.000000000000000021E-03 1.000000000000000021E-03 1.000000000000000021E-03 1.000000000000000021E-03 1.000000000000000021E-03 1.000000000000000021E-03 1.000000000000000021E-03 1.000000000000000021E-03 1.000000000000000021E-03 1.000000000000000021E-03 1.000000000000000021E-03 1.000000000000000021E-03 1.000000000000000021E-03 1.000000000000000021E-03 1.000000000000000021E-03 1.000000000000000021E-03 1.000000000000000021E-03 1.000000000000000021E-03 1.000000000000000021E-03 1.000000000000000021E-03 1.000000000000000021E-03 1.000000000000000021E-03 1.000000000000000021E-03 1.000000000000000021E-03 1.000000000000000021E-03 1.000000000000000021E-03 1.000000000000000021E-03 1.000000000000000021E-03 1.000000000000000021E-03 1.000000000000000021E-03 1.000000000000000021E-03 1.000000000000000021E-03 1.000000000000000021E-03 1.000000000000000021E-03 1.000000000000000021E-03 1.000000000000000021E-03 1.000000000000000021E-03 1.000000000000000021E-03 1.000000000000000021E-03 1.000000000000000021E-03 1.000000000000000021E-03 1.000000000000000021E-03 1.000000000000000021E-03 1.000000000000000021E-03 1.000000000000000021E-03 1.000000000000000021E-03 1.000000000000000021E-03 1.000000000000000021E-03 1.000000000000000021E-03 1.000000000000000021E-03 1.000000000000000021E-03 1.000000000000000021E-03 1.000000000000000021E-03 1.000000000000000021E-03 1.000000000000000021E-03 1.000000000000000021E-03 1.000000000000000021E-03 1.000000000000000021E-03 1.000000000000000021E-03 1.000000000000000021E-03
1.000000000000000021E-03 1.000000000000000021E-03 1.000000000000000021E-03 1.000000000000000021E-03 1.000000000000000021E-03 1.000000000000000021E-03 1.000000000000000021E-03 1.000000000000000021E-03 1.000000000000000021E-03 1.000000000000000021E-03 1.000000000000000021E-03 1.000000000000000021E-03 1.000000000000000021E-03 1.000000000000000021E-03 1.000000000000000021E-03 1.000000000000000021E-03 1.000000000000000021E-03 1.000000000000000021E-03 1.000000000000000021E-03 1.000000000000000021E-03 1.000000000000000021E-03 1.000000000000000021E-03 1.000000000000000021E-03 1.000000000000000021E-03 1.000000000000000021E-03 1.000000000000000021E-03 1.000000000000000021E-03 1.000000000000000021E-03 1.000000000000000021E-03 1.000000000000000021E-03 1.000000000000000021E-03 1.000000000000000021E-03 1.000000000000000021E-03 1.000000000000000021E-03 1.000000000000000021E-03 1.000000000000000021E-03 1.000000000000000021E-03 1.000000000000000021E-03 1.000000000000000021E-03 1.000000000000000021E-03 1.000000000000000021E-03 1.000000000000000021E-03 1.000000000000000021E-03 1.000000000000000021E-03 1.000000000000000021E-03 1.000000000000000021E-03 1.000000000000000021E-03 1.000000000000000021E-03 1.000000000000000021E-03 1.000000000000000021E-03 1.000000000000000021E-03 1.000000000000000021E-03 1.000000000000000021E-03 1.000000000000000021E-03 1.000000000000000021E-03 1.000000000000000021E-03 1.000000000000000021E-03 1.000000000000000021E-03 5.752697686641532670E-04 6.514569586206208360E-04 7.801136990756205557E-04 8.324108297949767707E-04 8.210990896255163660E-04 8.517558244950519230E-04 7.574096601291353944E-04 8.156188596611994813E-04 7.600428409199659835E-04 8.422850355599295841E-04 8.373857528031709895E-04 7.194765193807158791E-04 8.113355000923459489E-04 8.027091264513232368E-04 6.837421979761090177E-04 6.405160632210425958E-04 6.610113599515695043E-04 5.390093838482728442E-04 5.709833812367601019E-04 5.677254955617537860E-04 5.717292986168157239E-04 5.481092105962367044E-04 5.570640217913054321E-04 4.587484698757651204E-04 5.426011750201322620E-04 5.889436784884049744E-04 4.919724672050586290E-04 4.063066654039887405E-04 4.428713459578241919E-04 3.994887920056354263E-04 5.058855919796337959E-04 4.127342641111337294E-04 4.487822756482276595E-04 4.622156235753707341E-04 4.019205549149737272E-04 3.665396484277624748E-04 3.823045850700684876E-04 5.087341253028570100E-04 4.567581677017043909E-04 4.411327587256655782E-04 4.039010550472898271E-04 4.450888652970220278E-04 4.142280735899978028E-04 3.649021702417696938E-04 3.801782651413705065E-04 4.189005918613618860E-04 5.505493424532368870E-04 4.833348509148032769E-04 4.686251100750594392E-04 4.162664856928651467E-04 3.145451417612260808E-04 4.273054465143633551E-04 4.350497129470167054E-04 4.696371094078962251E-04 5.432919750291818504E-04 5.660239135162196174E-04 6.045105052274573612E-04 5.098015596872168672E-04 5.500345159280745945E-04 5.444292486560080302E-04 1.000000000000000021E-03 1.000000000000000021E-03 1.000000000000000021E-03 1.000000000000000021E-03 1.000000000000000021E-03 1.000000000000000021E-03 1.000000000000000021E-03 1.000000000000000021E-03 1.000000000000000021E-03 1.000000000000000021E-03 1.000000000000000021E-03 1.000000000000000021E-03 1.000000000000000021E-03 1.000000000000000021E-03 1.000000000000000021E-03 1.000000000000000021E-03 1.000000000000000021E-03 1.000000000000000021E-03 1.000000000000000021E-03 1.000000000000000021E-03 1.000000000000000021E-03 1.000000000000000021E-03 1.000000000000000021E-03 1.000000000000000021E-03 1.000000000000000021E-03 1.000000000000000021E-03 1.000000000000000021E-03 1.000000000000000021E-03 1.000000000000000021E-03 1.000000000000000021E-03 1.000000000000000021E-03 1.000000000000000021E-03 1.000000000000000021E-03
1.000000000000000021E-03 1.000000000000000021E-03 1.000000000000000021E-03 1.000000000000000021E-03 1.000000000000000021E-03 1.000000000000000021E-03 1.000000000000000021E-03 1.000000000000000021E-03 1.000000000000000021E-03 1.000000000000000021E-03 1.000000000000000021E-03 1.000000000000000021E-03 1.000000000000000021E-03 1.000000000000000021E-03 1.000000000000000021E-03 1.000000000000000021E-03 1.000000000000000021E-03 1.000000000000000021E-03 1.000000000000000021E-03 1.000000000000000021E-03 1.000000000000000021E-03 1.000000000000000021E-03 1.000000000000000021E-03 1.000000000000000021E-03 1.000000000000000021E-03 1.000000000000000021E-03 1.000000000000000021E-03 1.000000000000000021E-03 1.000000000000000021E-03 1.000000000000000021E-03 1.000000000000000021E-03 1.000000000000000021E-03 1.000000000000000021E-03 1.000000000000000021E-03 1.000000000000000021E-03 1.000000000000000021E-03 1.000000000000000021E-03 1.000000000000000021E-03 1.000000000000000021E-03 1.000000000000000021E-03 1.000000000000000021E-03 1.000000000000000021E-03 1.000000000000000021E-03 1.000000000000000021E-03 1.000000000000000021E-03 1.000000000000000021E-03 1.000000000000000021E-03 1.000000000000000021E-03 1.000000000000000021E-03 1.000000000000000021E-03 1.000000000000000021E-03 1.000000000000000021E-03 1.000000000000000021E-03 1.000000000000000021E-03 1.000000000000000021E-03 1.000000000000000021E-03 6.096174296461598103E-04 6.713504789084954625E-04 6.484435823277571532E-04 9.001111038069822042E-04 8.553866916691180025E-04 8.814856136222168348E-04 9.045474189826521868E-04 8.851813915162638205E-04 8.973422866999038097E-04 8.486591006468367651E-04 8.107429779503198299E-04 8.595718605845067061E-04 8.463593515574876353E-04 7.508010475323013879E-04 6.974355883316475527E-04 6.823256323098897879E-04 6.229022062689847962E-04 5.958751891167613640E-04 6.739644041290048784E-04 5.819494360034781211E-04 6.672697544327579758E-04 6.996271376477301027E-04 7.013185732490937385E-04 4.515553313115139452E-04 4.907201405604751966E-04 4.920182243677275130E-04 5.276892714098067611E-04 4.245552085908229083E-04 4.287501247201990526E-04 3.933821046676759027E-04 3.884356321449717480E-04 4.202716151876876314E-04 4.792070279202498739E-04 4.124872867117980848E-04 4.513708454161446254E-04 4.890512074710522778E-04 5.102258008403194080E-04 4.465857289038928585E-04 4.200899169070991925E-04 4.952929831058709492E-04 5.082933552181152781E-04 4.113381045348086769E-04 4.418757911678465079E-04 4.463435255267659630E-04 4.764648149918913672E-04 3.847969843448079412E-04 4.718375129048386798E-04 3.835694894428978317E-04 4.892089730952527962E-04 5.991688746137403387E-04 5.085005391918325131E-04 4.599305036331923836E-04 3.839925098544866929E-04 3.822225016269606597E-04 4.975113853154934478E-04 4.770027465335245848E-04 5.263984938243623400E-04 4.452247362036544946E-04 4.550451944916009432E-04 4.810443566557125292E-04 4.683052824069067481E-04 5.411186621823113087E-04 6.923000835121238339E-04 7.303704827825039042E-04 7.001755022002226344E-04 7.261430215996444396E-04 6.504986106508534559E-04 5.242857431690309657E-04 5.028209079934195611E-04 4.314305043034302950E-04 5.122367048820513887E-04 5.211465956733339015E-04 4.513914918156834905E-04 5.057563057886966650E-04 5.036348353570018702E-04 6.171951410912081227E-04 6.483958648254203308E-04 6.683686678870268474E-04 8.667970557908800423E-04 1.046322516706188173E-03 1.292976053700053453E-03 1.270465191086988382E-03 1.332924940649179513E-03 1.570897619497903198E-03 1.908531741867128045E-03 1.979349771063136122E-03 1.735121554636752600E-03 2.043235422611607184E-03 2.206522327117366438E-03 2.144051242028379226E-03 2.032279490888630209E-03 1.885287647530726769E-03 1.907898892694270387E-03 1.815396622451316121E-03 1.000000000000000021E-03
1.000000000000000021E-03 1.000000000000000021E-03 1.000000000000000021E-03 1.000000000000000021E-03 1.000000000000000021E-03 1.000000000000000021E-03 1.000000000000000021E-03 1.000000000000000021E-03 1.000000000000000021E-03 1.000000000000000021E-03 1.000000000000000021E-03 1.000000000000000021E-03 1.000000000000000021E-03 1.000000000000000021E-03 1.000000000000000021E-03 1.000000000000000021E-03 1.000000000000000021E-03 1.000000000000000021E-03 1.000000000000000021E-03 1.000000000000000021E-03 1.000000000000000021E-03 1.000000000000000021E-03 1.000000000000000021E-03 1.000000000000000021E-03 1.000000000000000021E-03 1.000000000000000021E-03 1.000000000000000021E-03 1.000000000000000021E-03 1.000000000000000021E-03 1.000000000000000021E-03 1.000000000000000021E-03 1.000000000000000021E-03 1.000000000000000021E-03 1.000000000000000021E-03 1.000000000000000021E-03 1.000000000000000021E-03 1.000000000000000021E-03 1.000000000000000021E-03 1.000000000000000021E-03 1.000000000000000021E-03 1.000000000000000021E-03 1.000000000000000021E-03 1.000000000000000021E-03 1.000000000000000021E-03 1.000000000000000021E-03 1.000000000000000021E-03 1.000000000000000021E-03 1.000000000000000021E-03 1.000000000000000021E-03 1.000000000000000021E-03 1.000000000000000021E-03 1.000000000000000021E-03 1.000000000000000021E-03 1.000000000000000021E-03 1.000000000000000021E-03 6.018882507320071724E-04 6.771898448887135949E-04 7.656447336041769750E-04 7.282058693330235345E-04 8.992461954813190956E-04 1.037178901135291098E-03 1.053312126671743882E-03 8.967008947331832173E-04 7.950923333668227094E-04 6.860675811771366379E-04 6.867655890023126233E-04 6.937966345337084504E-04 6.646794179816572579E-04 6.471529347101897959E-04 8.539390437477128743E-04 7.443573438058763078E-04 6.803582386248854157E-04 6.506743285891583356E-04 6.315534371344362630E-04 6.526366557074140965E-04 6.344475336839770080E-04 6.753403474277332522E-04 6.981255206148246489E-04 5.471346965562163623E-04 3.905101211750077448E-04 3.739377088668015422E-04 4.840995718460458183E-04 5.095942011623806308E-04 4.737617255363658019E-04 4.489853513927464959E-04 4.489341467175282175E-04 4.463183020735258253E-04 5.410556487541689054E-04 4.934769595689969231E-04 4.129075575501178460E-04 4.355752078462471065E-04 4.870926346525594600E-04 5.493176945908833037E-04 4.629857551172769886E-04 4.412504650988766401E-04 5.187013046712853721E-04 4.922549559579835832E-04 4.679332424825863312E-04 4.701292246947980438E-04 4.116853913912504772E-04 4.033080288186620377E-04 5.671756624825419722E-04 4.892073639518828123E-04 4.177757538282880984E-04 5.756283331706343225E-04 5.590488930923657182E-04 5.507982363171625827E-04 4.324707140802951772E-04 3.472372096461502351E-04 4.915876651810831017E-04 4.598244372464702664E-04 5.242035121378718198E-04 4.922539144092709634E-04 4.404276142713601399E-04 5.169834843375904808E-04 4.207822533408759171E-04 4.955892610023966173E-04 6.100859545114359394E-04 7.200401280041039773E-04 6.633658968133550934E-04 7.332964455202608004E-04 6.574367067351441062E-04 5.088169314887696238E-04 4.842548834672031374E-04 4.630365432139673006E-04 5.832185393924873120E-04 5.093682936054295257E-04 5.208930871853438256E-04 4.836081125477432151E-04 4.234650134345908272E-04 5.039203822490836635E-04 5.515806547206522333E-04 7.646539286034493557E-04 7.775648409515728207E-04 1.144754209906718957E-03 1.174638921544447724E-03 1.341415026196281137E-03 1.526344998487155595E-03 1.475646486176043380E-03 1.291863898516567221E-03 1.591660603006368746E-03 1.639348920498677822E-03 2.061735922575305083E-03 2.552135429608105681E-03 2.392301703734112540E-03 2.077049431759960766E-03 2.026548523463266634E-03 1.661677348962648784E-03 1.908682491839161065E-03 1.992093320963215976E-03 1.000000000000000021E-03
1.000000000000000021E-03 1.000000000000000021E-03 1.000000000000000021E-03 1.000000000000000021E-03 1.000000000000000021E-03 1.000000000000000021E-03 1.000000000000000021E-03 1.000000000000000021E-03 1.000000000000000021E-03 1.000000000000000021E-03 1.000000000000000021E-03 1.000000000000000021E-03 1.000000000000000021E-03 1.000000000000000021E-03 1.000000000000000021E-03 1.000000000000000021E-03 1.000000000000000021E-03 1.000000000000000021E-03 1.000000000000000021E-03 1.000000000000000021E-03 1.000000000000000021E-03 1.000000000000000021E-03 1.000000000000000021E-03 1.000000000000000021E-03 1.000000000000000021E-03 1.000000000000000021E-03 1.000000000000000021E-03 1.000000000000000021E-03 1.000000000000000021E-03 1.000000000000000021E-03 1.000000000000000021E-03 1.000000000000000021E-03 1.000000000000000021E-03 1.000000000000000021E-03 1.000000000000000021E-03 1.000000000000000021E-03 1.000000000000000021E-03 1.000000000000000021E-03 1.000000000000000021E-03 1.000000000000000021E-03 1.000000000000000021E-03 1.000000000000000021E-03 1.000000000000000021E-03 1.000000000000000021E-03 1.000000000000000021E-03 1.000000000000000021E-03 1.000000000000000021E-03 1.000000000000000021E-03 1.000000000000000021E-03 1.000000000000000021E-03 1.000000000000000021E-03 1.000000000000000021E-03 1.000000000000000021E-03 8.474124884557525947E-04 7.745473811708215731E-04 5.809356778449612391E-04 7.723385705031048445E-04 6.861152684767995481E-04 6.768261601303529346E-04 7.341867857119705907E-04 9.389280815595064424E-04 9.587710964238472860E-04 9.046995830198804401E-04 7.439768104967337805E-04 6.445508435034768375E-04 6.055741023726011725E-04 4.872700971795817528E-04 6.073633130929281896E-04 6.650591790399794194E-04 6.375970675471119477E-04 6.700109705654888354E-04 5.442478360487251320E-04 5.624899001767951932E-04 6.226038593566240575E-04 6.614951222673585724E-04 7.901724071340380812E-04 7.064299614401834976E-04 6.469096612675146862E-04 5.202290518267761428E-04 4.093910515678250402E-04 3.389554854663616055E-04 4.543704881912235594E-04 7.983603708997668658E-04 6.399384366230829015E-04 5.071601357023062607E-04 4.292172517573582540E-04 4.171909811551185857E-04 4.521188276921135206E-04 5.459810561745907656E-04 4.594945784773241094E-04 4.808888315712448141E-04 5.123461158231687679E-04 4.401830478442635142E-04 4.433479343507287004E-04 4.530761315332517488E-04 4.790431071765613143E-04 4.026350993424992163E-04 4.039346311946648933E-04 4.270400895351654730E-04 4.107850429753162223E-04 4.564965746294089174E-04 4.929299992264527972E-04 4.976405034240048882E-04 4.823490240354842955E-04 6.503578889659315278E-04 6.021089321447874263E-04 4.986181197843634607E-04 4.575898327116462183E-04 4.046347138887352517E-04 3.401632072983899226E-04 3.807827527950185154E-04 5.116038448181653084E-04 4.558483564328470673E-04 4.838387317279101954E-04 4.172207082324057119E-04 4.057289393141752716E-04 4.790893754476247381E-04 6.090842059125631215E-04 7.030420574379835910E-04 6.539075436530385069E-04 5.904869638146423381E-04 5.015636866732117900E-04 5.814012392200567942E-04 5.055230337018967604E-04 4.928874041515770178E-04 5.208209042378342040E-04 5.668120731290215899E-04 5.402286370912575894E-04 6.066288966224160769E-04 5.779208534717685149E-04 5.520159803955425196E-04 6.361882483502605918E-04 7.688874877503117100E-04 9.150091862835266297E-04 1.107004228512171182E-03 1.176663283916692341E-03 1.258910578906059395E-03 1.257241520213942540E-03 1.277441555770384611E-03 1.336661532851854709E-03 1.545099279872770874E-03 1.676176578951037426E-03 2.004192533474582778E-03 2.552600701994578707E-03 2.700063157873595649E-03 2.262200574392806991E-03 2.254485090747993838E-03 2.050702612894935058E-03 1.965299317713582218E-03 1.836683260940852888E-03 1.000000000000000021E-03
1.000000000000000021E-03 1.000000000000000021E-03 1.000000000000000021E-03 1.000000000000000021E-03 1.000000000000000021E-03 1.000000000000000021E-03 1.000000000000000021E-03 1.000000000000000021E-03 1.000000000000000021E-03 1.000000000000000021E-03 1.000000000000000021E-03 1.000000000000000021E-03 1.000000000000000021E-03 1.000000000000000021E-03 1.000000000000000021E-03 1.000000000000000021E-03 1.000000000000000021E-03 1.000000000000000021E-03 1.000000000000000021E-03 1.000000000000000021E-03 1.000000000000000021E-03 1.000000000000000021E-03 1.000000000000000021E-03 1.000000000000000021E-03 1.000000000000000021E-03 1.000000000000000021E-03 1.000000000000000021E-03 1.000000000000000021E-03 1.000000000000000021E-03 1.000000000000000021E-03 1.000000000000000021E-03 1.000000000000000021E-03 1.000000000000000021E-03 1.000000000000000021E-03 1.000000000000000021E-03 1.000000000000000021E-03 1.000000000000000021E-03 1.000000000000000021E-03 1.000000000000000021E-03 1.000000000000000021E-03 1.000000000000000021E-03 1.000000000000000021E-03 1.000000000000000021E-03 1.000000000000000021E-03 1.000000000000000021E-03 1.000000000000000021E-03 1.000000000000000021E-03 1.000000000000000021E-03 1.000000000000000021E-03 1.000000000000000021E-03 1.000000000000000021E-03 1.000000000000000021E-03 7.295948634938753284E-04 7.565373484964386811E-04 6.823634572847457266E-04 7.132329451087134628E-04 7.457201008958520665E-04 7.062752368369893882E-04 7.215909782458926379E-04 7.687717184469998249E-04 1.112777489530067431E-03 9.956424434793625326E-04 7.151932236032117196E-04 6.104155631452866989E-04 6.651130270418741108E-04 5.007201265149895282E-04 5.446488185727946241E-04 5.456850406379571555E-04 5.555196245788728655E-04 3.879662321457491895E-04 5.051225280748294086E-04 6.780215835437491349E-04 5.639487765284441822E-04 6.623882504392547034E-04 7.904759463536805428E-04 9.408976568658978298E-04 8.153213468403194136E-04 7.175257062746330690E-04 6.278600565425614816E-04 4.123736947411199972E-04 4.088761990161071625E-04 4.475952487394683262E-04 5.692548732846870177E-04 6.084478261822732267E-04 5.520219922077992990E-04 4.702259762608621951E-04 5.037024511917024584E-04 4.148728506391588240E-04 4.235791059625988210E-04 4.763716228826824547E-04 4.116940513674866454E-04 4.007699633453825076E-04 4.313507549249746874E-04 3.912560270892013071E-04 4.678773602851585929E-04 4.579013547937393967E-04 4.297757068131743117E-04 3.632322106147813741E-04 3.985263045982839997E-04 4.370591092647127876E-04 3.917982344624551527E-04 4.012871834227967624E-04 4.260777457550645473E-04 5.446792854282235443E-04 5.830447513505540493E-04 5.767262971833484126E-04 5.063122299117061827E-04 6.011082221526809540E-04 5.141043875121731029E-04 4.843932333124278716E-04 3.476758772889851985E-04 4.035295011985655248E-04 4.779464606776388119E-04 4.837158622388782912E-04 4.450627504680718842E-04 4.064984019485681083E-04 4.696660872199226217E-04 5.029313676628791724E-04 5.583812795575651862E-04 5.742785994702259613E-04 4.988345637826420735E-04 4.643910115044432648E-04 4.710086659295048724E-04 4.925948218227228911E-04 5.333858822085302308E-04 4.970191359620274637E-04 5.718823054865733316E-04 6.152568678517829565E-04 6.714762297288606697E-04 6.434315015550268668E-04 6.432562496389225256E-04 7.646770701956667271E-04 8.378204736807888997E-04 1.093722583344989814E-03 1.199464052069138843E-03 1.606020927540009529E-03 1.349264715693447841E-03 1.213580339431067799E-03 1.278026285495204115E-03 1.645779764202786330E-03 1.472574455506977338E-03 1.370885229769911286E-03 1.960100371476947070E-03 2.029374472800068649E-03 2.117483221280949592E-03 2.920580116176403444E-03 2.832265317886713523E-03 2.612036770346878607E-03 2.789252912653641774E-03 2.480812129682264267E-03 1.000000000000000021E-03
1.000000000000000021E-03 1.000000000000000021E-03 1.000000000000000021E-03 1.000000000000000021E-03 1.000000000000000021E-03 1.000000000000000021E-03 1.000000000000000021E-03 1.000000000000000021E-03 1.000000000000000021E-03 1.000000000000000021E-03 1.000000000000000021E-03 1.000000000000000021E-03 1.000000000000000021E-03 1.000000000000000021E-03 1.000000000000000021E-03 1.000000000000000021E-03 1.000000000000000021E-03 1.000000000000000021E-03 1.000000000000000021E-03 1.000000000000000021E-03 1.000000000000000021E-03 1.000000000000000021E-03 1.000000000000000021E-03 1.000000000000000021E-03 1.000000000000000021E-03 1.000000000000000021E-03 1.000000000000000021E-03 1.000000000000000021E-03 1.000000000000000021E-03 1.000000000000000021E-03 1.000000000000000021E-03 1.000000000000000021E-03 1.000000000000000021E-03 1.000000000000000021E-03 1.000000000000000021E-03 1.000000000000000021E-03 1.000000000000000021E-03 1.000000000000000021E-03 1.000000000000000021E-03 1.000000000000000021E-03 1.000000000000000021E-03 1.000000000000000021E-03 1.000000000000000021E-03 1.000000000000000021E-03 1.000000000000000021E-03 1.000000000000000021E-03 1.000000000000000021E-03 1.000000000000000021E-03 1.000000000000000021E-03 1.000000000000000021E-03 6.350082602221185412E-04 6.660043804265611180E-04 7.889134308246588531E-04 7.496647077157629841E-04 6.386410095237135369E-04 5.926129694223178758E-04 5.791660557965799122E-04 6.250409516189861861E-04 6.552676387943731509E-04 6.412983898051482275E-04 7.874336814211121711E-04 7.100476949844126843E-04 5.886186607130742664E-04 4.875848012381424020E-04 6.584827505921649754E-04 6.391381963992656982E-04 4.541850029611197012E-04 5.414166313199353158E-04 4.582380143452967325E-04 3.251726478980825519E-04 3.954404399616108122E-04 4.691864432090987790E-04 5.727556397746479599E-04 7.372882440469862931E-04 7.886017220941160489E-04 9.043324474127030109E-04 7.591991593007881706E-04 7.725523523376442211E-04 5.818132856794215602E-04 4.499556365083974053E-04 4.115448789675764190E-04 4.731367433549672394E-04 5.918992397290637544E-04 4.772092772786031586E-04 5.214117469568318357E-04 5.170218875803495994E-04 4.750506651671449702E-04 4.488947984047263130E-04 3.916940756412775238E-04 3.879565490929147019E-04 4.023456189560979885E-04 3.631068421695524953E-04 3.338285545997240989E-04 3.632058029160032861E-04 4.402660835740936931E-04 4.664628321427745621E-04 4.462397873282166415E-04 3.964003098350304477E-04 4.842154535420981629E-04 4.804098507326341879E-04 4.768952247414976224E-04 4.445860917628556303E-04 4.409062856938136821E-04 5.299426547052850378E-04 5.166281078179977898E-04 5.671493340381984424E-04 4.846773372346338624E-04 4.789385906455955171E-04 5.766540952047942556E-04 4.423171639112428825E-04 4.273681872062073147E-04 3.847557412870465285E-04 4.837515979755814695E-04 4.696387751988349520E-04 3.492261179844753324E-04 4.366602594562663236E-04 4.463731815038469086E-04 4.503939537642885713E-04 5.608036615223411549E-04 5.117832585573390885E-04 5.390388428452819961E-04 5.037751584842715307E-04 5.373819602375572982E-04 4.383123418276011645E-04 4.478129041008466118E-04 4.996824133223448736E-04 5.228023503812389422E-04 5.543440480153702344E-04 7.139535356908601870E-04 7.113072031038269408E-04 6.334375022534993564E-04 6.100205440882733136E-04 8.414414990604751924E-04 1.066662041838741578E-03 1.191717492129549909E-03 1.326699753889832700E-03 1.535131378057164693E-03 1.355533978990942695E-03 1.096629600860215539E-03 1.544197641811659132E-03 1.628892479400850671E-03 1.497996918541609013E-03 1.413870379737239931E-03 2.049406705812502772E-03 1.742744190662330822E-03 2.072999976608108468E-03 2.661654935321675422E-03 2.910018184257555721E-03 3.069347248591495960E-03 2.218155613446374727E-03 1.000000000000000021E-03
1.000000000000000021E-03 1.000000000000000021E-03 1.000000000000000021E-03 1.000000000000000021E-03 1.000000000000000021E-03 1.000000000000000021E-03 1.000000000000000021E-03 1.000000000000000021E-03 1.000000000000000021E-03 1.000000000000000021E-03 1.000000000000000021E-03 1.000000000000000021E-03 1.000000000000000021E-03 1.000000000000000021E-03 1.000000000000000021E-03 1.000000000000000021E-03 1.000000000000000021E-03 1.000000000000000021E-03 1.000000000000000021E-03 1.000000000000000021E-03 1.000000000000000021E-03 1.000000000000000021E-03 1.000000000000000021E-03 1.000000000000000021E-03 1.000000000000000021E-03 1.000000000000000021E-03 1.000000000000000021E-03 1.000000000000000021E-03 1.000000000000000021E-03 1.000000000000000021E-03 1.000000000000000021E-03 1.000000000000000021E-03 1.000000000000000021E-03 1.000000000000000021E-03 1.000000000000000021E-03 1.000000000000000021E-03 1.000000000000000021E-03 1.000000000000000021E-03 1.000000000000000021E-03 1.000000000000000021E-03 1.000000000000000021E-03 1.000000000000000021E-03 1.000000000000000021E-03 1.000000000000000021E-03 1.000000000000000021E-03 1.000000000000000021E-03 1.000000000000000021E-03 1.000000000000000021E-03 5.601363162813309104E-04 5.893685185881870946E-04 5.011512205402670651E-04 6.118722504947258318E-04 7.452387579301966410E-04 7.688271865608388564E-04 7.061056136157181900E-04 5.750230063190586932E-04 5.030652290111887245E-04 4.810751802233369299E-04 5.850962769739570177E-04 5.733416616180069068E-04 5.978966324070149893E-04 5.580385000341183451E-04 5.223969167461260102E-04 6.133599395223894189E-04 6.139846800990747490E-04 4.805489906697436885E-04 4.030219963231183975E-04 4.935798593376910246E-04 3.515050759282496392E-04 3.210667261837651444E-04 3.468422239990447738E-04 4.237775725167583041E-04 4.198540377053882320E-04 6.057599317130250762E-04 6.528432119745272971E-04 5.937665974640998073E-04 6.721524185749691441E-04 6.831692907011608067E-04 6.061405585177085569E-04 4.947421776073312408E-04 5.103129538444673482E-04 4.144773057127096056E-04 4.249222747071196228E-04 4.798185260949270822E-04 4.110090680769834981E-04 4.031352016620953294E-04 3.886109909841631185E-04 3.563488617828832112E-04 3.610937107667577264E-04 3.279931795451901323E-04 4.328376526280069644E-04 4.279069266183441536E-04 3.375538426189586961E-04 3.963175177020989435E-04 4.608434799021030883E-04 3.490964969253860053E-04 3.341258465256682518E-04 4.364763225095480794E-04 5.228237213859026787E-04 5.348540275221815542E-04 4.937378184469974098E-04 5.923950667806632568E-04 5.061126448702156803E-04 5.614958561256670668E-04 5.206859059534951718E-04 4.900680916819966006E-04 4.518615733568950724E-04 4.473929265992892287E-04 5.579937266186056795E-04 6.344377975266275943E-04 4.947209709185989169E-04 4.351289252766739227E-04 4.860318887900123407E-04 4.798083801365511680E-04 4.100000536856108525E-04 3.827497963853965842E-04 3.398306751836627270E-04 4.325692232946721930E-04 5.307494457102776694E-04 5.959478921454082131E-04 6.611485918550635138E-04 5.270252655810716506E-04 4.096347313800549096E-04 4.210066388262533716E-04 3.811955660664504125E-04 4.727451279382408945E-04 5.076197570905898251E-04 5.216011746166285658E-04 5.635458956762710381E-04 5.598522100656120465E-04 5.594207677773056341E-04 6.396264394627257767E-04 7.849926727729572258E-04 9.796726249031340213E-04 1.097550989439424144E-03 1.197342521841957995E-03 1.466473203170658287E-03 1.364481603953343570E-03 1.152282753675605564E-03 1.357508023456731674E-03 1.277946551191129270E-03 1.403623818112372012E-03 1.466049541415671278E-03 1.596998883074103722E-03 1.211100964391295665E-03 1.801775916858621828E-03 2.011854687482399987E-03 2.142430890557438846E-03 2.126419593568816546E-03 2.382076298529896882E-03 1.000000000000000021E-03
1.000000000000000021E-03 1.000000000000000021E-03 1.000000000000000021E-03 1.000000000000000021E-03 1.000000000000000021E-03 1.000000000000000021E-03 1.000000000000000021E-03 1.000000000000000021E-03 1.000000000000000021E-03 1.000000000000000021E-03 1.000000000000000021E-03 1.000000000000000021E-03 1.000000000000000021E-03 1.000000000000000021E-03 1.000000000000000021E-03 1.000000000000000021E-03 1.000000000000000021E-03 1.000000000000000021E-03 1.000000000000000021E-03 1.000000000000000021E-03 1.000000000000000021E-03 1.000000000000000021E-03 1.000000000000000021E-03 1.000000000000000021E-03 1.000000000000000021E-03 1.000000000000000021E-03 1.000000000000000021E-03 1.000000000000000021E-03 1.000000000000000021E-03 1.000000000000000021E-03 1.000000000000000021E-03 1.000000000000000021E-03 1.000000000000000021E-03 1.000000000000000021E-03 1.000000000000000021E-03 1.000000000000000021E-03 1.000000000000000021E-03 1.000000000000000021E-03 1.000000000000000021E-03 1.000000000000000021E-03 1.000000000000000021E-03 1.000000000000000021E-03 1.000000000000000021E-03 1.000000000000000021E-03 1.000000000000000021E-03 1.000000000000000021E-03 1.000000000000000021E-03 4.319703129458114625E-04 4.781108598140791080E-04 5.063849111235160664E-04 4.747959363612341247E-04 4.829498018912678926E-04 6.231348617458054790E-04 6.879895585460030303E-04 6.221105703230129288E-04 5.190172234504076805E-04 5.135424653365302378E-04 5.040120860465029020E-04 5.079393641619867018E-04 5.109320516603787403E-04 4.586477366582880958E-04 4.313788853255721327E-04 4.521621039742213617E-04 4.500938235070954031E-04 5.732038359986379311E-04 5.579746537642671497E-04 4.349843724017267736E-04 3.906851555395415778E-04 2.730902089332306638E-04 2.596918388385755232E-04 3.031355782142266110E-04 3.644582457348674175E-04 4.326942382075418141E-04 4.255280375131332746E-04 5.482734211057119873E-04 5.229273524042818248E-04 5.864119932993196475E-04 5.671179139927660321E-04 4.341090706611404186E-04 4.742377459477032579E-04 3.894618476178285361E-04 4.451854532433564349E-04 3.847961839080371485E-04 3.431630673107729027E-04 3.476857654503566117E-04 3.655697315667578518E-04 4.219282821777861452E-04 4.331892813126526453E-04 3.984120923092161043E-04 3.908355435313731426E-04 3.926168342854468077E-04 3.614257378137644195E-04 3.973245156526624485E-04 4.958621435187786928E-04 4.419467014586462954E-04 3.813509406578362640E-04 4.209491425894669242E-04 4.862313822965567164E-04 5.787069326070136540E-04 5.423331280383650527E-04 4.188351984365918626E-04 5.999406844874066204E-04 4.943858293534001552E-04 5.588292156699954790E-04 5.417968347170120779E-04 5.757947554286150854E-04 5.477670758092606723E-04 4.852062477895546788E-04 7.700966337331253920E-04 6.261719939325162800E-04 5.087540748793633856E-04 4.689698775822422430E-04 4.716626289745388186E-04 6.143711916057663586E-04 4.663460596411275099E-04 4.361448852368411504E-04 4.159435406266371519E-04 3.587611011689616929E-04 4.691452796223184859E-04 4.902324121242618597E-04 5.180437516166634801E-04 4.599623514000390702E-04 4.873164869930063131E-04 4.712039961022854075E-04 4.436559114477350418E-04 4.354877172695852789E-04 5.486449677507066521E-04 5.834013988504057127E-04 4.908318253200738427E-04 4.630084274890697467E-04 5.160783916828767803E-04 5.806700016618043022E-04 7.085860057739436961E-04 8.540945787699381290E-04 9.666123224630056732E-04 1.255869697086449497E-03 1.190851760221626901E-03 1.247846787494211055E-03 1.238096948831763754E-03 1.470488746962688364E-03 1.117554712962205319E-03 1.281741457436801849E-03 1.218450283427714286E-03 1.096932368783204393E-03 1.110436457667712340E-03 1.524535242462388314E-03 1.521998458918613932E-03 1.703634493847846825E-03 2.152240397198529418E-03 1.675734322121988492E-03 1.000000000000000021E-03
1.000000000000000021E-03 1.000000000000000021E-03 1.000000000000000021E-03 1.000000000000000021E-03 1.000000000000000021E-03 1.000000000000000021E-03 1.000000000000000021E-03 1.000000000000000021E-03 1.000000000000000021E-03 1.000000000000000021E-03 1.000000000000000021E-03 1.000000000000000021E-03 1.000000000000000021E-03 1.000000000000000021E-03 1.000000000000000021E-03 1.000000000000000021E-03 1.000000000000000021E-03 1.000000000000000021E-03 1.000000000000000021E-03 1.000000000000000021E-03 1.000000000000000021E-03 1.000000000000000021E-03 1.000000000000000021E-03 1.000000000000000021E-03 1.000000000000000021E-03 1.000000000000000021E-03 1.000000000000000021E-03 1.000000000000000021E-03 1.000000000000000021E-03 1.000000000000000021E-03 1.000000000000000021E-03 1.000000000000000021E-03 1.000000000000000021E-03 1.000000000000000021E-03 1.000000000000000021E-03 1.000000000000000021E-03 1.000000000000000021E-03 1.000000000000000021E-03 1.000000000000000021E-03 1.000000000000000021E-03 1.000000000000000021E-03 1.000000000000000021E-03 1.000000000000000021E-03 1.000000000000000021E-03 1.000000000000000021E-03 5.084370540717254340E-04 4.493126905664184445E-04 4.544608406513232475E-04 4.103507739957469700E-04 5.033814138470420413E-04 4.407836265466163854E-04 4.591856303072498367E-04 4.758353681798047595E-04 5.703174536555380295E-04 5.472097492143564602E-04 4.950112142507702906E-04 4.553896206952537124E-04 4.416771928674211099E-04 4.662492905235301067E-04 4.482391688414528791E-04 4.593245941434007064E-04 4.928134985349114181E-04 5.506277318509335186E-04 5.325399112870804691E-04 5.633081701097467043E-04 6.592580348998258906E-04 5.037190028088892090E-04 3.653369531610792665E-04 2.843691697814220765E-04 3.419122928134513714E-04 2.958672963322629321E-04 2.574155794775426524E-04 3.417122348472769714E-04 3.497098128531625147E-04 4.361535376487118434E-04 5.400472792828020594E-04 6.568561653432202765E-04 5.704921351517265333E-04 4.416462451689155168E-04 4.346886280564863985E-04 3.972448526783892066E-04 3.306815446615735880E-04 3.688830597224695084E-04 3.270799008458866869E-04 3.458513669470836055E-04 4.152266873850865526E-04 4.031136398938858995E-04 4.661568258659184181E-04 4.792404864701485328E-04 3.957295714750382900E-04 4.200925564687997527E-04 4.284053948115173300E-04 4.308184310297603534E-04 4.231789400208906286E-04 4.990366499877329186E-04 4.332141927689714292E-04 4.445387031307814819E-04 4.717551991908410392E-04 4.412463064596073756E-04 4.956266520565780990E-04 5.381728397674607122E-04 5.238180922885737065E-04 5.863040755138812293E-04 6.009818697487745182E-04 6.260573698428597471E-04 5.757539991709298335E-04 5.770677820835986302E-04 6.036683804381094221E-04 8.068830637008429871E-04 6.877005019895851730E-04 5.885332461609155694E-04 5.491458153612752569E-04 5.080282395432789795E-04 6.097763209356493914E-04 4.914785244851444966E-04 5.312583432306567342E-04 5.508149744050285087E-04 4.595276595201132656E-04 4.628166619641926709E-04 4.620957792090661263E-04 3.772056293535436494E-04 3.547973903105571068E-04 3.440411694585045828E-04 4.123722954801748212E-04 4.308046386976295246E-04 4.131212147285971714E-04 5.357490226848429056E-04 4.873638032109426786E-04 4.698509387159248798E-04 5.403672622215321790E-04 4.794472489768715419E-04 6.520729529244607622E-04 8.460175700374037962E-04 9.240818872215270314E-04 8.928286437881026048E-04 1.119036579727273467E-03 1.112568601915320081E-03 1.293285755801905790E-03 1.399051218076796319E-03 1.372848605805282104E-03 1.301524230023145363E-03 1.233542567878347009E-03 1.147831673436188089E-03 1.273647924759534504E-03 1.177089671486819577E-03 1.119058508049574447E-03 1.199862221344552386E-03 1.449084487768335060E-03 1.463280632452932436E-03 1.431165211323358636E-03 1.000000000000000021E-03
1.000000000000000021E-03 1.000000000000000021E-03 1.000000000000000021E-03 1.000000000000000021E-03 1.000000000000000021E-03 1.000000000000000021E-03 1.000000000000000021E-03 1.000000000000000021E-03 1.000000000000000021E-03 1.000000000000000021E-03 1.000000000000000021E-03 1.000000000000000021E-03 1.000000000000000021E-03 1.000000000000000021E-03 1.000000000000000021E-03 1.000000000000000021E-03 1.000000000000000021E-03 1.000000000000000021E-03 1.000000000000000021E-03 1.000000000000000021E-03 1.000000000000000021E-03 1.000000000000000021E-03 1.000000000000000021E-03 1.000000000000000021E-03 1.000000000000000021E-03 1.000000000000000021E-03 1.000000000000000021E-03 1.000000000000000021E-03 1.000000000000000021E-03 1.000000000000000021E-03 1.000000000000000021E-03 1.000000000000000021E-03 1.000000000000000021E-03 1.000000000000000021E-03 1.000000000000000021E-03 1.000000000000000021E-03 1.000000000000000021E-03 1.000000000000000021E-03 1.000000000000000021E-03 1.000000000000000021E-03 1.000000000000000021E-03 1.000000000000000021E-03 1.000000000000000021E-03 1.000000000000000021E-03 5.877507247658875526E-04 4.490797191993190916E-04 5.123491211824629868E-04 4.864775155128537296E-04 5.326957509958811727E-04 5.574497847818343614E-04 4.997637802017031216E-04 4.331107328502058185E-04 3.991472114494768299E-04 4.386309309987664897E-04 4.310834082080693087E-04 4.505746345858905894E-04 4.189793662102924928E-04 4.067851831300818479E-04 4.859590612820860684E-04 5.045274042035978413E-04 4.727294734502862660E-04 5.467045389941118912E-04 4.528343788964789654E-04 4.843967861645066516E-04 7.129384058926273261E-04 6.398307995917969400E-04 5.472535188827278409E-04 4.629177810385038099E-04 3.304280531545582440E-04 3.472388140775210905E-04 2.950536153240988931E-04 3.194605701700536753E-04 3.122613638868689716E-04 3.233686112862620447E-04 3.339357718285890448E-04 4.861878098875856645E-04 4.809259262788756440E-04 5.760639785904826584E-04 5.581544333827793665E-04 3.721267937036711678E-04 2.765095778729003339E-04 2.961427383013461642E-04 3.552285951640255066E-04 3.021170788346785527E-04 2.809724337490938180E-04 4.051467813266753423E-04 4.346370292531904524E-04 3.945857201623617421E-04 4.658649293733254466E-04 4.247654888689416557E-04 4.366880412312517203E-04 4.790238886583793841E-04 4.195635535271102366E-04 4.747576404602195485E-04 4.440373229899967724E-04 4.462953729566770250E-04 5.044544112566832139E-04 6.358495775345678752E-04 5.988698464087571305E-04 5.074935715769201541E-04 5.055849751173162147E-04 5.224108107251798682E-04 5.890971449659785806E-04 5.899434633136274803E-04 6.971524722677261560E-04 6.443352219530082761E-04 7.509299684125655310E-04 9.471906936028294576E-04 8.600183886166737172E-04 8.513910242280319689E-04 5.803215098456594679E-04 5.377869885452895215E-04 6.033263676104515770E-04 5.820981490152391359E-04 6.438121474524131351E-04 6.361128339352226189E-04 4.695807179779417891E-04 4.484483946479030070E-04 4.790335436552788551E-04 5.191554532364049896E-04 4.802949303950290651E-04 5.017484596497374287E-04 4.596036813682386293E-04 4.862803664540666488E-04 5.152667400480762149E-04 4.535184446087846613E-04 5.171564406935857429E-04 6.289579704370258520E-04 5.931565231168891726E-04 4.755081256233905165E-04 4.832943087451064103E-04 5.963377248398983414E-04 7.646951530238109852E-04 1.044836492249538815E-03 9.304692440844537782E-04 1.003694320088318334E-03 1.043890511336813395E-03 1.045036971041934199E-03 1.159177814734556897E-03 1.436041823214067106E-03 1.223521326200557868E-03 1.176086003984814230E-03 1.318342206729418214E-03 1.489483519217408864E-03 1.290582185557493603E-03 9.959182646744528609E-04 1.288442549816215445E-03 1.322872433522269625E-03 1.307702921651518772E-03 1.437176607996348658E-03 1.000000000000000021E-03
1.000000000000000021E-03 1.000000000000000021E-03 1.000000000000000021E-03 1.000000000000000021E-03 1.000000000000000021E-03 1.000000000000000021E-03 1.000000000000000021E-03 1.000000000000000021E-03 1.000000000000000021E-03 1.000000000000000021E-03 1.000000000000000021E-03 1.000000000000000021E-03 1.000000000000000021E-03 1.000000000000000021E-03 1.000000000000000021E-03 1.000000000000000021E-03 1.000000000000000021E-03 1.000000000000000021E-03 1.000000000000000021E-03 1.000000000000000021E-03 1.000000000000000021E-03 1.000000000000000021E-03 1.000000000000000021E-03 1.000000000000000021E-03 1.000000000000000021E-03 1.000000000000000021E-03 1.000000000000000021E-03 1.000000000000000021E-03 1.000000000000000021E-03 1.000000000000000021E-03 1.000000000000000021E-03 1.000000000000000021E-03 1.000000000000000021E-03 1.000000000000000021E-03 1.000000000000000021E-03 1.000000000000000021E-03 1.000000000000000021E-03 1.000000000000000021E-03 1.000000000000000021E-03 1.000000000000000021E-03 1.000000000000000021E-03 1.000000000000000021E-03 6.092198047995261035E-04 6.338123081405768388E-04 6.096305875900488854E-04 5.783021407044763298E-04 4.752275870666616093E-04 4.630530142229300167E-04 4.467526662002133976E-04 4.388118911169089386E-04 4.868536114625213857E-04 4.352675434041462029E-04 3.698500459400968512E-04 3.713558544670618553E-04 3.161059267583140892E-04 3.591593409581932193E-04 4.074209840310488912E-04 3.926676779295771940E-04 4.291352115806513589E-04 4.572547274865956866E-04 5.258076401234281026E-04 4.245884916866700517E-04 4.327485261094872991E-04 4.884591480538516290E-04 5.607202466392843115E-04 6.187089822175570030E-04 5.557750043600057348E-04 4.550847293030438139E-04 3.888762363328429660E-04 3.610408297899358999E-04 2.857955937561665045E-04 2.695458010513278584E-04 3.308806373937165052E-04 2.782977635771341344E-04 2.952042628611523611E-04 4.132855223918276556E-04 5.538412659445217335E-04 5.248026126287066561E-04 5.192833400876755183E-04 4.819102369570486539E-04 3.636199275602766635E-04 3.221224320108198483E-04 3.024491800186885314E-04 3.104237389086346292E-04 3.569160446911883409E-04 4.265794859006757163E-04 4.666641413396415859E-04 3.858169974879107180E-04 4.308251854872437517E-04 4.802267302267779637E-04 4.687147363187235617E-04 4.822031041090130816E-04 4.709305559503007077E-04 5.134773515737591767E-04 5.677375473196191128E-04 5.857569779823886425E-04 6.640818691750360490E-04 7.653590231956729911E-04 7.170671566847828214E-04 5.904016757346621826E-04 5.546472717691604704E-04 6.162007499020473759E-04 5.797859531882830573E-04 4.819821151101803878E-04 5.767681637235967098E-04 6.422820905559892355E-04 7.697713563213608038E-04 8.773702804563802710E-04 9.651506031242817595E-04 8.966036322487298729E-04 5.668563143370097855E-04 6.208325888105956395E-04 6.373002429420786047E-04 6.717726692906037921E-04 6.215626919129546481E-04 6.455767820484304906E-04 5.368824598504526660E-04 5.393942870901562332E-04 4.595331001563325341E-04 5.495838084495134699E-04 5.982510080633617749E-04 5.683703151411621975E-04 6.010381519539141062E-04 5.617946293521992700E-04 5.842830282107483019E-04 4.564185744549791837E-04 6.084674962647323385E-04 6.529599911096308287E-04 6.102284018771782226E-04 5.231773184813257255E-04 4.922362012952513632E-04 6.279434059089295710E-04 7.145381495656073171E-04 9.959720489697693451E-04 1.003946891594663469E-03 1.026912931608712316E-03 1.042734082359565153E-03 1.095656967616376537E-03 1.188390429937333671E-03 1.182828063515788250E-03 1.289285404130426430E-03 1.052132205223749997E-03 1.107820774572509459E-03 1.069025949136888365E-03 1.157394871989661208E-03 1.099738886038837630E-03 1.380769911865006687E-03 1.279078035763957883E-03 1.165728715515765117E-03 1.453784577544241013E-03 1.000000000000000021E-03
1.000000000000000021E-03 1.000000000000000021E-03 1.000000000000000021E-03 1.000000000000000021E-03 1.000000000000000021E-03 1.000000000000000021E-03 1.000000000000000021E-03 1.000000000000000021E-03 1.000000000000000021E-03 1.000000000000000021E-03 1.000000000000000021E-03 1.000000000000000021E-03 1.000000000000000021E-03 1.000000000000000021E-03 1.000000000000000021E-03 1.000000000000000021E-03 1.000000000000000021E-03 1.000000000000000021E-03 1.000000000000000021E-03 1.000000000000000021E-03 1.000000000000000021E-03 1.000000000000000021E-03 1.000000000000000021E-03 1.000000000000000021E-03 1.000000000000000021E-03 1.000000000000000021E-03 1.000000000000000021E-03 1.000000000000000021E-03 1.000000000000000021E-03 1.000000000000000021E-03 1.000000000000000021E-03 1.000000000000000021E-03 1.000000000000000021E-03 1.000000000000000021E-03 1.000000000000000021E-03 1.000000000000000021E-03 1.000000000000000021E-03 1.000000000000000021E-03 1.000000000000000021E-03 1.000000000000000021E-03 1.000000000000000021E-03 4.806279424348480615E-04 6.081008977539992689E-04 6.469645603579404769E-04 5.993676554354020886E-04 5.587590335840262202E-04 5.132117997745961214E-04 3.695112477489278114E-04 3.381132627991427649E-04 5.140856695143542843E-04 4.673010826764608825E-04 4.761867360125413571E-04 5.004901498904738670E-04 4.270668532422045179E-04 3.801183199787093090E-04 3.908330760935747362E-04 4.697438846887727116E-04 4.442578366727362323E-04 4.642397840023345409E-04 5.332985864771166290E-04 4.687240643798790932E-04 5.059498158018507731E-04 5.056836373641892483E-04 4.771679833984998598E-04 5.975969695142829179E-04 5.693592669963454646E-04 5.851945953125457138E-04 4.407783178145775662E-04 3.477096791124659973E-04 3.017089759099387766E-04 2.582791930097792050E-04 3.182654538008280543E-04 3.213379263534141056E-04 3.130763771674956631E-04 2.795919620229890892E-04 3.582790713660445603E-04 4.655327724556170498E-04 5.728266665346890083E-04 4.759970775760585088E-04 4.628996108471217057E-04 4.738889517739041561E-04 3.363601286549960652E-04 3.332729097312815887E-04 3.629952019450808460E-04 3.391667617763990798E-04 3.908002110893053359E-04 3.806721192890697011E-04 3.459163659063042113E-04 4.401162907459953665E-04 4.734499026180762288E-04 6.819790814765318851E-04 5.724559870879694472E-04 5.403235067265960102E-04 4.792813228767498260E-04 6.545603039452423414E-04 5.948771081264383077E-04 6.510374457158506559E-04 7.413766477535914043E-04 6.897717132608528800E-04 7.477349628624495011E-04 6.232170446457349373E-04 5.776056268666664552E-04 5.263036299016232581E-04 5.023365135531982677E-04 6.049298607504390588E-04 5.616890989476169002E-04 6.330902032801447770E-04 7.873647354410749340E-04 8.038921294014410128E-04 7.732036170050513024E-04 6.413626504912183206E-04 6.080570021489570742E-04 5.513279397648017865E-04 6.046419330879594916E-04 5.113165236542717949E-04 6.314496742287357403E-04 5.262376694556363628E-04 4.842350684653424055E-04 5.338551588431243809E-04 5.039303818304972146E-04 5.792212854507368218E-04 5.713996739632366687E-04 6.968228801525414972E-04 7.910405514166783929E-04 6.521294257644590520E-04 6.621469899051057612E-04 6.040747444362887806E-04 6.740543927124534795E-04 7.057621126042595448E-04 5.921534911816150144E-04 6.303629868740664955E-04 7.133614151837209833E-04 8.280007306987363950E-04 8.864184713704803369E-04 9.017172923614527689E-04 1.036221739945219393E-03 9.773585550231606803E-04 9.695628855679875235E-04 1.155127830720668620E-03 1.204143138295484189E-03 1.052365876792313000E-03 8.239953659339867807E-04 9.905667148707522369E-04 1.048006176687948541E-03 1.058169592568899628E-03 1.169122302868027836E-03 1.236674826410935667E-03 1.128498659598920970E-03 9.680144840014040649E-04 8.670116501270113589E-04 1.000000000000000021E-03
1.000000000000000021E-03 1.000000000000000021E-03 1.000000000000000021E-03 1.000000000000000021E-03 1.000000000000000021E-03 1.000000000000000021E-03 1.000000000000000021E-03 1.000000000000000021E-03 1.000000000000000021E-03 1.000000000000000021E-03 1.000000000000000021E-03 1.000000000000000021E-03 1.000000000000000021E-03 1.000000000000000021E-03 1.000000000000000021E-03 1.000000000000000021E-03 1.000000000000000021E-03 1.000000000000000021E-03 1.000000000000000021E-03 1.000000000000000021E-03 1.000000000000000021E-03 1.000000000000000021E-03 1.000000000000000021E-03 1.000000000000000021E-03 1.000000000000000021E-03 1.000000000000000021E-03 1.000000000000000021E-03 1.000000000000000021E-03 1.000000000000000021E-03 1.000000000000000021E-03 1.000000000000000021E-03 1.000000000000000021E-03 1.000000000000000021E-03 1.000000000000000021E-03 1.000000000000000021E-03 1.000000000000000021E-03 1.000000000000000021E-03 1.000000000000000021E-03 1.000000000000000021E-03 4.782688586532184692E-04 4.797246953359703917E-04 4.866608300261084791E-04 5.755335261891473013E-04 5.380937174914744497E-04 5.327819562498222394E-04 6.490490925819082440E-04 5.562460117105832817E-04 3.907685842150841835E-04 4.267904523470642366E-04 5.279736857427261070E-04 6.056567903576024880E-04 5.577755779942118915E-04 5.571679708299980037E-04 5.067391219240052628E-04 3.872609314245508793E-04 3.823930013623056908E-04 4.415650298918245213E-04 5.940653919602575028E-04 5.145944541484850400E-04 4.824830025473354116E-04 5.080033724880277622E-04 4.863044533252515889E-04 5.899463911933058771E-04 5.019401502318214308E-04 6.279258485003064638E-04 6.170423936528742328E-04 5.111118770017010439E-04 4.442414350218227138E-04 3.373962131088251897E-04 3.143463368944351076E-04 2.549022460233234515E-04 3.229955368333313351E-04 3.417402460117940975E-04 3.108295531555114555E-04 3.036291262732890555E-04 2.829008250257660124E-04 3.589645992490941135E-04 4.552838086381566095E-04 4.305350757151548053E-04 4.690098064376380712E-04 4.304205219676135973E-04 4.648213238539653197E-04 3.624278616197463263E-04 3.930554369800386984E-04 3.540083290437228271E-04 3.396409447806967045E-04 4.294655506350424676E-04 4.106928734428893493E-04 4.636830616882365490E-04 4.683248046638987150E-04 5.752045802172820474E-04 5.800306749031728867E-04 4.880553875132692915E-04 4.729542525745630290E-04 5.129841275099329169E-04 5.182396019534691494E-04 5.198716896878702743E-04 6.727299111934527788E-04 6.259135061067008961E-04 5.219947473765787190E-04 4.167576227438611115E-04 3.724436164272078601E-04 5.272149150498188193E-04 5.514511323674185696E-04 6.328178354206720219E-04 5.485773599632511174E-04 5.630194703197556865E-04 6.145543511302805706E-04 8.505145646913017709E-04 7.015912966867634800E-04 5.354713252137333675E-04 5.395202931149443559E-04 6.292422897482461384E-04 5.924560896532200631E-04 5.321864203805599285E-04 5.357639958977831584E-04 5.273444033796439350E-04 5.377132587374793514E-04 4.487909854007918523E-04 5.000241129263834766E-04 6.827619847032564797E-04 6.577536266736237628E-04 7.464030768299226076E-04 7.152198803023973941E-04 7.096718530980826705E-04 5.548330092684655712E-04 6.260288473425210630E-04 6.599495296066217476E-04 7.586917197872406924E-04 7.909372235658016339E-04 7.678992776446437679E-04 7.075259296769383782E-04 7.821313790804742963E-04 7.975903541977407297E-04 1.028888421439242166E-03 8.966956063303944003E-04 7.308029792406012725E-04 9.144169485700878557E-04 8.610670781850007652E-04 9.369399247805462174E-04 9.034788132410819916E-04 7.792539962316682740E-04 1.009645070173266924E-03 1.081225376377483978E-03 1.128380411618906069E-03 1.255193988738719521E-03 1.410782354197756159E-03 1.141725411229670660E-03 1.101287468179683879E-03 9.714286327869737364E-04 1.000000000000000021E-03
1.000000000000000021E-03 1.000000000000000021E-03 1.000000000000000021E-03 1.000000000000000021E-03 1.000000000000000021E-03 1.000000000000000021E-03 1.000000000000000021E-03 1.000000000000000021E-03 1.000000000000000021E-03 1.000000000000000021E-03 1.000000000000000021E-03 1.000000000000000021E-03 1.000000000000000021E-03 1.000000000000000021E-03 1.000000000000000021E-03 1.000000000000000021E-03 1.000000000000000021E-03 1.000000000000000021E-03 1.000000000000000021E-03 1.000000000000000021E-03 1.000000000000000021E-03 1.000000000000000021E-03 1.000000000000000021E-03 1.000000000000000021E-03 1.000000000000000021E-03 1.000000000000000021E-03 1.000000000000000021E-03 1.000000000000000021E-03 1.000000000000000021E-03 1.000000000000000021E-03 1.000000000000000021E-03 1.000000000000000021E-03 1.000000000000000021E-03 1.000000000000000021E-03 1.000000000000000021E-03 1.000000000000000021E-03 1.000000000000000021E-03 1.000000000000000021E-03 4.091800754506470144E-04 4.402038037314993913E-04 4.201841958316281903E-04 4.509784915009349402E-04 4.795044464994271212E-04 4.871653443839417895E-04 6.235330067936682838E-04 6.147812712421564562E-04 5.594819101083839657E-04 4.205461778801780843E-04 4.539672835045501301E-04 4.089878157063610515E-04 5.598349969316445979E-04 5.691622241176461094E-04 5.215849342752147677E-04 4.459584161274030858E-04 5.143476391978622428E-04 5.536875846069027902E-04 4.444584301026098376E-04 6.060432029281884788E-04 6.077423347941389008E-04 5.523047334255045630E-04 5.250583948783729606E-04 5.080717671847135653E-04 4.292221315058764378E-04 5.125459488629772239E-04 5.921271443490100849E-04 4.491002827486549132E-04 3.945784302795687318E-04 3.879659311636243866E-04 3.623273525183424949E-04 3.015537249574018128E-04 2.924086627855518338E-04 3.051585311314800866E-04 2.936114712384080413E-04 2.966232003897853139E-04 3.144686436111233658E-04 2.680376904501647023E-04 3.173167764195402012E-04 4.190424860471057248E-04 4.604549496267634615E-04 5.003005182648040828E-04 5.220614008858927204E-04 4.565253243959651111E-04 3.662420028316364226E-04 4.434965597831186596E-04 3.656025372799855035E-04 3.948210457437000128E-04 4.410251571156774560E-04 4.252230711017291232E-04 5.060722822397788461E-04 4.081538357300837361E-04 4.646065549066058574E-04 5.148797817643863952E-04 4.993757601199178909E-04 5.369712197304317858E-04 5.262891341580517354E-04 4.217144097847453157E-04 5.902366107327151109E-04 5.818744237350852340E-04 4.805455071709329915E-04 4.588584734664847989E-04 5.112794346894875388E-04 4.592610702136669994E-04 5.298053600807963977E-04 6.221536789077205870E-04 5.996788225210785642E-04 7.343501121736803255E-04 6.561011122197298994E-04 7.383262719327978721E-04 8.275745765945794570E-04 6.358935385880848347E-04 5.392189714898031538E-04 5.268147080789398976E-04 6.869561990059815755E-04 6.442159259157945140E-04 6.996097003521021748E-04 6.036594040312137470E-04 5.386414168646885695E-04 4.763663968408470071E-04 4.787664610069190980E-04 6.000953373586850751E-04 5.907854735728287681E-04 7.712644531739016370E-04 6.739817122424293519E-04 7.313317733054127551E-04 7.400223062277188658E-04 6.464961683383136509E-04 8.194392979447870460E-04 7.083528720460596957E-04 7.313591041288100688E-04 8.323743413979733507E-04 8.088339225008328972E-04 7.387712058377128056E-04 7.187537375337772500E-04 8.300854499719646827E-04 1.029364351260289795E-03 1.099136132922676028E-03 8.659410553279965877E-04 1.177336926318725899E-03 1.062453471402116439E-03 9.966424542927842210E-04 1.064933753566694400E-03 9.255826717118470492E-04 1.069401216721359163E-03 1.148133283178488003E-03 1.015486219104156599E-03 9.836378191630265697E-04 1.315408621966701564E-03 1.078769130001324631E-03 1.016660197390668874E-03 8.324304780687233861E-04 1.000000000000000021E-03
1.000000000000000021E-03 1.000000000000000021E-03 1.000000000000000021E-03 1.000000000000000021E-03 1.000000000000000021E-03 1.000000000000000021E-03 1.000000000000000021E-03 1.000000000000000021E-03 1.000000000000000021E-03 1.000000000000000021E-03 1.000000000000000021E-03 1.000000000000000021E-03 1.000000000000000021E-03 1.000000000000000021E-03 1.000000000000000021E-03 1.000000000000000021E-03 1.000000000000000021E-03 1.000000000000000021E-03 1.000000000000000021E-03 1.000000000000000021E-03 1.000000000000000021E-03 1.000000000000000021E-03 1.000000000000000021E-03 1.000000000000000021E-03 1.000000000000000021E-03 1.000000000000000021E-03 1.000000000000000021E-03 1.000000000000000021E-03 1.000000000000000021E-03 1.000000000000000021E-03 1.000000000000000021E-03 1.000000000000000021E-03 1.000000000000000021E-03 1.000000000000000021E-03 1.000000000000000021E-03 1.000000000000000021E-03 5.258300195701855586E-04 6.372822492917375094E-04 4.274298535125333853E-04 3.663464849350386637E-04 4.253383828764181643E-04 5.812051927863801787E-04 4.953108218961837063E-04 5.432765263131183932E-04 5.465739249460795394E-04 5.240182095933108158E-04 5.100994998724256478E-04 5.042873688127625211E-04 4.385724932488079832E-04 4.643975014203398930E-04 5.200991577830734944E-04 5.700940249931278408E-04 5.788633487100186418E-04 5.847261523842298397E-04 4.717792343915101858E-04 5.106063634999113065E-04 5.034870154910380848E-04 5.199218882981639870E-04 5.424875744588554018E-04 5.864940136545667478E-04 4.784159354843099091E-04 4.767233116063348880E-04 3.802318201841122761E-04 4.812588220401725105E-04 5.358635776189846819E-04 4.825163221838575547E-04 4.582995111959226801E-04 3.775972162110532082E-04 3.504998672326689710E-04 2.766935673062157321E-04 2.796465692167518979E-04 2.614074286884056960E-04 2.679329688866815195E-04 2.902035091353829957E-04 3.255611215804374314E-04 3.255599123833988716E-04 3.504942334022549569E-04 3.645280918680936753E-04 3.686884040427654361E-04 4.833145758358230225E-04 4.900875390651012039E-04 4.940900524689151524E-04 4.451281566412085061E-04 3.943863915593749181E-04 3.826546867865122221E-04 3.904842707721464822E-04 3.966394275278698855E-04 5.150508486506770456E-04 4.106719211879359213E-04 4.164251034712248048E-04 4.528155048142676114E-04 4.343201090494110237E-04 5.939775561234013259E-04 6.949046595570708374E-04 5.572565898807948235E-04 4.499644295096429840E-04 4.967424242720902203E-04 5.235864381716860390E-04 4.654846728333912739E-04 4.888953529790151988E-04 5.687030564684650421E-04 4.914663529906031919E-04 5.760692307019602649E-04 6.180621505929419311E-04 6.163676718794920814E-04 6.698469342489663664E-04 8.476232023582487953E-04 9.023715539729058616E-04 8.154816137086234786E-04 7.957316239786627271E-04 5.930727523125590810E-04 6.085697871117049093E-04 6.121966068935674830E-04 6.428070907273451384E-04 5.929967827273487958E-04 5.858133911741394365E-04 5.839241217398969059E-04 6.443113422403382333E-04 6.339795749253668723E-04 7.103887989889588186E-04 6.749682531741660590E-04 7.676890954202167600E-04 7.597354731398333998E-04 9.453139017902577367E-04 8.487948072238140967E-04 1.031734787333291091E-03 9.590608656987755463E-04 8.059154135402795327E-04 6.878941383139469765E-04 7.766775721979978907E-04 6.874293756207519850E-04 7.909617856964546931E-04 9.528044247518776795E-04 9.301815628489460298E-04 8.856039365809072281E-04 9.374425738260565777E-04 8.826908709125401041E-04 9.135423200810627179E-04 1.096960234282271874E-03 1.163091365839819154E-03 1.205198663253553631E-03 1.364664804158858885E-03 1.308150823800317570E-03 1.244146767513829846E-03 1.173254992276958177E-03 1.099795335650323924E-03 1.169803965045395668E-03 1.019446984963362415E-03 8.764987887735474232E-04 7.783518860567000593E-04 1.000000000000000021E-03
1.000000000000000021E-03 1.000000000000000021E-03 1.000000000000000021E-03 1.000000000000000021E-03 1.000000000000000021E-03 1.000000000000000021E-03 1.000000000000000021E-03 1.000000000000000021E-03 1.000000000000000021E-03 1.000000000000000021E-03 1.000000000000000021E-03 1.000000000000000021E-03 1.000000000000000021E-03 1.000000000000000021E-03 1.000000000000000021E-03 1.000000000000000021E-03 1.000000000000000021E-03 1.000000000000000021E-03 1.000000000000000021E-03 1.000000000000000021E-03 1.000000000000000021E-03 1.000000000000000021E-03 1.000000000000000021E-03 1.000000000000000021E-03 1.000000000000000021E-03 1.000000000000000021E-03 1.000000000000000021E-03 1.000000000000000021E-03 1.000000000000000021E-03 1.000000000000000021E-03 1.000000000000000021E-03 1.000000000000000021E-03 1.000000000000000021E-03 1.000000000000000021E-03 1.000000000000000021E-03 5.725284741511190746E-04 5.238825001344698997E-04 5.229640600770865374E-04 6.179024058899783463E-04 4.727977665417538522E-04 4.458175283615144701E-04 5.919910398519101198E-04 6.046878401709550712E-04 6.063781636578340030E-04 5.530990673504443790E-04 5.006154362826525190E-04 5.424653422897535117E-04 5.550974731335994120E-04 4.188815458262818672E-04 4.489238396489115407E-04 5.684806461828995116E-04 5.253700736299168807E-04 5.295432498556605161E-04 4.826587292400432556E-04 4.569889381086722014E-04 5.353114088195998210E-04 4.840743241726097362E-04 4.584046703603822056E-04 5.556150529124707091E-04 4.152741392071936598E-04 4.295391974913880927E-04 4.460110152359554646E-04 4.059692931358090313E-04 4.091302681218200558E-04 4.881775260459029759E-04 4.870196437187991243E-04 5.069885328260032541E-04 3.594576433571020600E-04 3.487775119455794465E-04 2.615554024825009530E-04 2.701203941712677242E-04 2.724202438947527526E-04 2.643951718242641864E-04 2.948538166062872876E-04 2.748127907634528573E-04 2.770020127450222025E-04 2.811031947513290452E-04 3.227308671664001240E-04 4.064209048545381416E-04 4.389655409315060589E-04 4.294033700922292914E-04 4.435670979044204279E-04 4.944982817535702440E-04 4.050055852063454078E-04 5.320424730346360242E-04 4.732680853010007966E-04 4.626057007593880645E-04 4.873446443200361963E-04 4.236105231121359564E-04 3.887992526392691534E-04 4.320178513528039358E-04 3.606462685420520962E-04 5.520267024373144270E-04 4.231514887243019961E-04 5.198483835835408535E-04 4.648074820987623023E-04 4.891118745943520999E-04 5.850773044327924879E-04 6.044256244502956314E-04 5.571328005388665383E-04 6.263933795175730124E-04 5.903911330930669554E-04 6.865624153694874394E-04 5.795503260113683656E-04 5.090806545898513696E-04 7.003306965467006196E-04 8.211463472783187608E-04 7.505450785206731765E-04 8.391935555964205552E-04 7.877292837091863856E-04 6.155586599459689570E-04 6.290694885010090706E-04 5.578497901761884968E-04 5.350884613544809555E-04 5.251398694340571804E-04 6.248260469898058020E-04 6.333096338719224842E-04 6.389075722683738292E-04 7.128888868835043082E-04 7.764161097626687226E-04 7.784018564762979408E-04 8.295850894772489404E-04 8.444539003424359142E-04 9.940298203367837516E-04 9.223888002109092597E-04 1.045644336707948286E-03 1.072943709441521402E-03 7.985957404606447646E-04 7.943686764527729685E-04 7.510466405361937523E-04 7.674732811692187287E-04 7.916941384002135033E-04 8.194752361698513180E-04 7.792262787960944426E-04 7.736632360972984590E-04 7.032383902995808676E-04 7.721694075029952821E-04 9.080042263206957072E-04 1.311510427843652106E-03 1.741360526881942979E-03 1.505227263950290268E-03 1.460452375003600759E-03 1.203958883579021779E-03 1.142778082268394247E-03 1.363043998554405592E-03 1.176189073062014132E-03 1.245550521531109314E-03 1.004609753965230801E-03 7.734469373909939362E-04 7.641127321652077531E-04 1.000000000000000021E-03
1.000000000000000021E-03 1.000000000000000021E-03 1.000000000000000021E-03 1.000000000000000021E-03 1.000000000000000021E-03 1.000000000000000021E-03 1.000000000000000021E-03 1.000000000000000021E-03 1.000000000000000021E-03 1.000000000000000021E-03 1.000000000000000021E-03 1.000000000000000021E-03 1.000000000000000021E-03 1.000000000000000021E-03 1.000000000000000021E-03 1.000000000000000021E-03 1.000000000000000021E-03 1.000000000000000021E-03 1.000000000000000021E-03 1.000000000000000021E-03 1.000000000000000021E-03 1.000000000000000021E-03 1.000000000000000021E-03 1.000000000000000021E-03 1.000000000000000021E-03 1.000000000000000021E-03 1.000000000000000021E-03 1.000000000000000021E-03 1.000000000000000021E-03 1.000000000000000021E-03 1.000000000000000021E-03 1.000000000000000021E-03 1.000000000000000021E-03 5.478146669659701750E-04 7.447753418872992163E-04 5.289574656275933782E-04 5.300759643987240427E-04 5.192011411499937706E-04 5.329419242847242702E-04 4.405917471424142858E-04 4.721751040139396307E-04 6.482208438014044243E-04 5.866068134333632432E-04 6.112076712133265692E-04 7.765865318457409582E-04 5.901668068275730010E-04 5.413476374576045710E-04 5.152654018325687323E-04 4.438198228347204179E-04 4.179230390075488761E-04 5.330770129610035461E-04 5.494773551874116389E-04 5.698827841972289258E-04 5.422946416182093232E-04 5.152805670176081182E-04 5.326722461638618488E-04 6.048177624473344413E-04 5.800087878428849186E-04 5.165793518641585529E-04 4.487329450227017747E-04 4.454503662947400492E-04 4.245268986889652531E-04 4.144308324555631695E-04 4.589072556815236852E-04 4.667914226007501130E-04 5.075299524873949988E-04 5.280134957860857167E-04 4.358349479274158307E-04 3.924316520649210986E-04 3.313580746122846881E-04 2.852942809493564541E-04 2.604509980521729317E-04 2.523231769894970495E-04 2.462930884760805420E-04 3.134532393633807285E-04 3.071669215427551844E-04 2.446550360629649867E-04 3.103210225140235357E-04 3.028804489504795488E-04 3.428084072105205674E-04 3.627261969601936614E-04 3.957339750850782738E-04 4.616283221963031719E-04 4.820107848817507400E-04 4.446712002003613330E-04 4.360742319974026250E-04 4.979937725599112948E-04 5.200281249971983174E-04 4.127239728312273440E-04 4.795590695795886259E-04 4.411431637242360605E-04 3.910177795092984322E-04 3.569009839200183785E-04 3.994033169215668953E-04 4.323299803935708109E-04 5.231124607477478450E-04 4.893554740158543659E-04 6.123630246613512946E-04 6.624985238368487610E-04 5.190979820852920437E-04 4.669599048327346437E-04 5.814176792662172555E-04 5.897738057106697651E-04 6.206017216164747214E-04 6.805646018672904200E-04 5.784284676500281571E-04 9.052686424918531026E-04 6.995220910554032908E-04 7.536232107222387349E-04 6.413314083783511850E-04 5.695690265822287357E-04 5.527981227724959069E-04 7.131647087549625608E-04 5.562004240818065309E-04 5.797415848913118610E-04 5.813837999186592925E-04 6.925487046811310173E-04 7.725879386423936636E-04 7.656171752383332963E-04 6.981211119701945158E-04 8.064448198806064595E-04 6.884232120413158939E-04 7.087579334988882871E-04 9.741386015962373883E-04 1.008966029435256779E-03 1.100919957305020744E-03 1.177598989633167267E-03 8.669965154649179060E-04 9.228279343425059046E-04 8.820822052458262641E-04 8.435235882643246164E-04 8.931140856571031291E-04 8.683492517153541031E-04 7.488988990759268922E-04 9.444992931900132943E-04 8.439123031621851819E-04 1.057634535996388771E-03 1.195772758173130074E-03 1.438425263030997494E-03 1.464830623998394704E-03 1.260092152259644329E-03 1.264694296763267190E-03 1.438912474122085216E-03 1.164104983306555111E-03 1.346338585385659309E-03 1.099739830848044412E-03 1.129469264763924676E-03 1.146077875383648935E-03 9.740836934795614726E-04 7.622964638279696109E-04 1.000000000000000021E-03
1.000000000000000021E-03 1.000000000000000021E-03 1.000000000000000021E-03 1.000000000000000021E-03 1.000000000000000021E-03 1.000000000000000021E-03 1.000000000000000021E-03 1.000000000000000021E-03 1.000000000000000021E-03 1.000000000000000021E-03 1.000000000000000021E-03 1.000000000000000021E-03 1.000000000000000021E-03 1.000000000000000021E-03 1.000000000000000021E-03 1.000000000000000021E-03 1.000000000000000021E-03 1.000000000000000021E-03 1.000000000000000021E-03 1.000000000000000021E-03 1.000000000000000021E-03 1.000000000000000021E-03 1.000000000000000021E-03 1.000000000000000021E-03 1.000000000000000021E-03 1.000000000000000021E-03 1.000000000000000021E-03 1.000000000000000021E-03 1.000000000000000021E-03 1.000000000000000021E-03 1.000000000000000021E-03 5.136024879572997220E-04 4.816272475677145807E-04 4.659376989154101196E-04 5.959930026307006272E-04 5.870211574715763223E-04 4.735988267990052787E-04 4.441794516622417366E-04 4.362606102999376490E-04 4.106974544279230950E-04 4.894189140017692714E-04 4.638979247233646747E-04 5.751417953376497310E-04 5.928803684420280284E-04 7.315426486622368359E-04 6.502577752841833198E-04 5.942400390886336996E-04 5.687715503292709029E-04 4.976496130381506981E-04 4.561290917202205533E-04 5.107396570140075066E-04 5.185855041326811396E-04 5.839000496199905606E-04 6.721655580233507933E-04 6.347603418394289973E-04 6.819831512004511861E-04 6.235189874307501103E-04 5.303746056165676518E-04 5.280710499677895289E-04 5.278686022190472215E-04 4.693156064897883377E-04 5.425489420397810450E-04 4.588990727023640115E-04 3.978771188384681856E-04 4.797015378114379827E-04 5.750780769963887828E-04 5.851316892602335430E-04 4.837156382418902325E-04 3.778720486680126165E-04 3.457120397049997314E-04 3.924829912268489062E-04 2.619124364431008934E-04 2.437040737455279098E-04 2.576319465121377377E-04 3.036200758254488895E-04 2.930436491752757568E-04 2.585200415813308653E-04 2.332425008818714480E-04 3.066572317483454505E-04 3.602618219888135075E-04 3.408002953811755634E-04 3.427283506960242926E-04 5.186589799973549339E-04 4.479869745596634818E-04 4.539048410379561667E-04 4.549052379991414138E-04 5.007794045846053173E-04 4.939363400078247875E-04 4.143321198267317109E-04 6.393903636928301810E-04 4.986358386232553515E-04 4.419802081540098911E-04 4.490288346334366616E-04 5.128750787253493577E-04 4.714466276610025305E-04 5.215412652172803608E-04 4.525854983581697045E-04 4.895254046301234473E-04 5.981930977658093474E-04 4.851600221258845088E-04 5.514852708616084205E-04 5.139846624949092908E-04 7.149117742825631273E-04 6.035766781276524296E-04 7.814332327585896349E-04 7.386368286109740861E-04 7.467465079426711689E-04 6.514490833429776098E-04 6.857149328201695522E-04 5.861370764065032242E-04 7.123520175454228776E-04 6.793999942245634817E-04 5.693007898642259059E-04 6.028735001328021153E-04 5.711643179925907912E-04 7.387290781623752616E-04 8.048430567324546363E-04 7.348724793451125604E-04 8.277341637512364205E-04 6.016501355183545823E-04 6.653304868887187969E-04 8.313236471348368429E-04 7.982338965512737316E-04 8.670639429671709838E-04 8.746667272853256769E-04 1.044914486115334704E-03 1.313191958732387327E-03 1.155750544722924846E-03 9.881279705818656316E-04 1.088690280770845389E-03 9.212396996165618610E-04 9.224115425548059209E-04 8.061722301110826059E-04 7.890755855833351618E-04 1.081372371543128010E-03 9.926464884797193706E-04 1.248093777642715228E-03 1.506459916883963858E-03 1.505333653957579686E-03 1.489284822674443983E-03 1.310981928406555318E-03 1.493469711123262579E-03 1.638249632269199278E-03 1.158386430588172721E-03 9.194074477920528019E-04 8.606824258032940832E-04 8.406438271113899794E-04 1.010448784084440116E-03 8.448778949242833963E-04 8.839202803825989274E-04 1.000000000000000021E-03
1.000000000000000021E-03 1.000000000000000021E-03 1.000000000000000021E-03 1.000000000000000021E-03 1.000000000000000021E-03 1.000000000000000021E-03 1.000000000000000021E-03 1.000000000000000021E-03 1.000000000000000021E-03 1.000000000000000021E-03 1.000000000000000021E-03 1.000000000000000021E-03 1.000000000000000021E-03 1.000000000000000021E-03 1.000000000000000021E-03 1.000000000000000021E-03 1.000000000000000021E-03 1.000000000000000021E-03 1.000000000000000021E-03 1.000000000000000021E-03 1.000000000000000021E-03 1.000000000000000021E-03 1.000000000000000021E-03 1.000000000000000021E-03 1.000000000000000021E-03 1.000000000000000021E-03 1.000000000000000021E-03 1.000000000000000021E-03 1.000000000000000021E-03 1.000000000000000021E-03 6.053391019855039034E-04 5.047560398358536676E-04 4.680331679811171579E-04 5.320399259813918171E-04 5.441984906154717205E-04 5.987883021166702773E-04 4.298420129168511235E-04 4.404023996580346966E-04 4.193147235232080384E-04 4.189911123916544283E-04 4.231551047629554551E-04 5.486180797361981786E-04 5.305042071414465751E-04 6.253501315324889965E-04 6.360221163348195750E-04 5.306163531117247863E-04 5.551537474508130105E-04 4.816827771031718377E-04 3.401903454334792186E-04 5.160699785225031193E-04 5.803576198276520813E-04 6.369541984775999293E-04 7.974923273983130102E-04 6.803572131087957248E-04 7.597169599105002774E-04 6.511094061834003669E-04 5.183316130895198205E-04 5.457738521145652629E-04 6.131184640181206466E-04 5.986016099023031781E-04 6.133423554832052741E-04 5.561041764777951328E-04 4.558111257027692423E-04 4.036384847350496258E-04 5.306501684496587592E-04 5.360051305567098542E-04 4.973819450326801223E-04 5.116502849383741062E-04 4.392163289600519382E-04 3.584674633491491511E-04 3.692659047648852682E-04 3.060070207102785571E-04 2.458648296302046936E-04 2.500470519659894406E-04 2.551531835107112263E-04 2.943846452951665504E-04 2.443539166452872858E-04 2.433343228908013071E-04 3.098431556296952962E-04 3.457985350517157950E-04 3.495803974714042027E-04 3.832650638331565720E-04 4.632265579679217165E-04 5.291581702638675170E-04 4.889114630906050019E-04 5.664133612152623311E-04 5.407798818709243964E-04 4.448236734641625905E-04 4.881935492117280635E-04 5.815132350942958921E-04 6.191271489773221472E-04 5.491584705048633717E-04 5.805278416135880182E-04 6.733122975859577412E-04 6.697836708597040183E-04 5.131379707292482760E-04 5.671232421927356994E-04 5.722936701925249343E-04 6.634155567575507513E-04 5.424483822878504178E-04 6.288986559080284337E-04 5.712770160797237332E-04 6.597459532557797520E-04 8.417357699601538254E-04 7.938154828380253282E-04 8.139838718197885646E-04 7.225938543420310379E-04 6.155175552005088266E-04 6.174621919047298913E-04 6.198240178887341615E-04 6.847340077633976658E-04 7.339490625784327949E-04 8.100761655653810267E-04 9.398676960790743095E-04 7.421214504092364835E-04 6.094250995059149285E-04 7.019760849054176464E-04 7.459970936822213567E-04 6.745743738131926900E-04 6.261419869619950758E-04 7.298694896985624767E-04 7.852570554521531030E-04 6.798095570758130738E-04 7.828658484752590123E-04 1.063145895583518519E-03 1.183889875271545598E-03 1.375714192750018090E-03 1.342101892135030838E-03 1.146668225874591593E-03 1.187235208846500450E-03 9.910167244381767101E-04 1.044883579682209709E-03 7.950162204972970222E-04 9.522683850949331934E-04 1.204834922238794560E-03 1.003904488477530251E-03 1.387212114551912307E-03 1.367383423835652999E-03 1.355566851236339552E-03 1.296990406321676427E-03 1.376482043468301060E-03 1.537456341407804350E-03 1.293893221732136728E-03 1.070081812332632004E-03 8.020731992265587966E-04 7.651349155749687016E-04 8.878447553841750705E-04 9.916535672812726299E-04 1.072602717286969595E-03 8.633224364346476706E-04 1.000000000000000021E-03
1.000000000000000021E-03 1.000000000000000021E-03 1.000000000000000021E-03 1.000000000000000021E-03 1.000000000000000021E-03 1.000000000000000021E-03 1.000000000000000021E-03 1.000000000000000021E-03 1.000000000000000021E-03 1.000000000000000021E-03 1.000000000000000021E-03 1.000000000000000021E-03 1.000000000000000021E-03 1.000000000000000021E-03 1.000000000000000021E-03 1.000000000000000021E-03 1.000000000000000021E-03 1.000000000000000021E-03 1.000000000000000021E-03 1.000000000000000021E-03 1.000000000000000021E-03 1.000000000000000021E-03 1.000000000000000021E-03 1.000000000000000021E-03 1.000000000000000021E-03 1.000000000000000021E-03 1.000000000000000021E-03 1.000000000000000021E-03 6.049784356508035657E-04 6.324742330267708965E-04 6.380012206780590707E-04 6.577710611288156879E-04 5.147823944245432434E-04 5.603557144647259994E-04 5.815739663635635485E-04 5.649394751059993352E-04 5.337217314980131173E-04 4.095440161807562462E-04 4.468161659358434613E-04 3.988793347004118499E-04 4.665480433719939907E-04 4.498527967886277413E-04 4.794324318917644445E-04 5.379337751937320012E-04 5.728512401788531322E-04 5.038503038372650492E-04 4.327512846032570762E-04 4.938930561668514662E-04 4.961049915676260004E-04 5.504519196655743591E-04 5.768959020474348064E-04 6.994549975382305818E-04 6.671068525940462455E-04 6.992675014044202062E-04 6.072980683685779823E-04 6.227687923758515624E-04 5.229242512471074522E-04 5.652233131884131434E-04 5.386936203994834417E-04 5.755508317730799678E-04 5.417677830457779233E-04 6.607966186422924030E-04 5.100591270226869549E-04 5.792779099178868097E-04 5.923145353057046375E-04 4.930566221104834253E-04 3.888165821039731495E-04 4.427815638123269596E-04 4.412076099568174687E-04 3.712412976870376911E-04 2.898596503373016475E-04 2.884125494158264625E-04 2.920393544984157164E-04 2.837394654109948742E-04 2.609505902322545919E-04 2.376872122372017068E-04 2.390132817166397590E-04 2.483044649739085240E-04 3.016233334531520215E-04 3.245581075296085001E-04 3.747285502670087243E-04 4.578820930257131681E-04 4.413918511073230901E-04 4.680023363680072554E-04 5.745072095117826315E-04 6.290170308146294381E-04 5.358980478378852757E-04 4.910421108437518396E-04 5.765295616287797196E-04 5.603554530793837009E-04 5.958191236140092557E-04 5.570371181541104375E-04 6.102246419680181638E-04 6.337496742539688128E-04 6.102927969131875839E-04 6.982446950367700994E-04 7.413843524977454993E-04 6.615508900612802196E-04 8.213647453135891575E-04 7.024870955083080881E-04 6.493617417003110783E-04 7.463666732886788677E-04 7.401625108619085949E-04 6.174580457642885002E-04 8.052128171000415193E-04 7.535321145849663066E-04 6.438190874022384517E-04 5.742135212530222578E-04 6.010367175666947535E-04 7.155542987186298831E-04 7.635903619026832489E-04 7.333799383781003075E-04 9.080934867324800663E-04 1.014203700229115339E-03 8.172968150401473683E-04 6.892941645869741672E-04 9.370909128458258536E-04 8.456224924119677298E-04 9.327875980996135899E-04 8.568929219659239017E-04 9.478270853844821897E-04 9.421078689146465852E-04 7.507660133198389802E-04 7.496853637008831471E-04 8.528060730113306035E-04 1.532626176133584754E-03 1.238925403299215517E-03 1.234997382155214422E-03 1.648667938874186440E-03 1.328192381318838225E-03 1.229012609678168224E-03 1.321464739447164149E-03 9.177471500613556014E-04 9.426410926892186352E-04 1.142348948693002906E-03 1.088791044548090238E-03 1.097161157890273915E-03 1.176469257365759429E-03 1.106047041470365096E-03 1.203955056238416527E-03 1.233435671606212440E-03 1.314351713334071343E-03 1.360795662576793274E-03 1.104463562665299091E-03 8.519216563858869997E-04 8.722635429286530653E-04 1.082009835770812896E-03 1.070632704777253448E-03 1.047373538404827113E-03 9.551679246914597261E-04 1.000000000000000021E-03
1.000000000000000021E-03 1.000000000000000021E-03 1.000000000000000021E-03 1.000000000000000021E-03 1.000000000000000021E-03 1.000000000000000021E-03 1.000000000000000021E-03 1.000000000000000021E-03 1.000000000000000021E-03 1.000000000000000021E-03 1.000000000000000021E-03 1.000000000000000021E-03 1.000000000000000021E-03 1.000000000000000021E-03 1.000000000000000021E-03 1.000000000000000021E-03 1.000000000000000021E-03 1.000000000000000021E-03 1.000000000000000021E-03 1.000000000000000021E-03 1.000000000000000021E-03 1.000000000000000021E-03 1.000000000000000021E-03 1.000000000000000021E-03 1.000000000000000021E-03 1.000000000000000021E-03 1.000000000000000021E-03 6.152406520340392539E-04 5.488862285268096206E-04 6.765187680866600059E-04 7.082747081181029478E-04 7.247218149990945811E-04 6.133159768403649093E-04 6.760159232890905522E-04 4.614798657932978857E-04 6.196950885655737882E-04 4.187628746156342430E-04 3.766321721483043548E-04 3.620608533116213812E-04 3.279130357624929454E-04 3.389596392961805602E-04 3.683487244650292041E-04 4.374457243901115448E-04 4.063206000361982992E-04 4.196659225006752966E-04 4.342206100359038718E-04 3.970617829531471253E-04 4.759707703834625196E-04 4.994196323574997751E-04 6.297088636159505447E-04 5.559367666312362878E-04 7.610202461950447668E-04 7.017456246980198053E-04 7.508346306070658345E-04 6.248006860867656416E-04 6.311716883514960613E-04 4.972832169204520350E-04 5.881577165326819972E-04 5.035389423442097065E-04 4.987937178274489368E-04 5.942234326354902101E-04 6.622274617736609087E-04 6.213659890760358335E-04 5.097269296645152428E-04 5.876044806865470243E-04 4.741550767836298858E-04 4.655175129571123148E-04 4.333902445938968089E-04 4.278627456481296030E-04 4.388251149791949483E-04 3.097088096443117284E-04 2.838180874067442491E-04 2.911779886662432685E-04 2.872869718112454492E-04 2.251697885132833660E-04 2.224169237571252563E-04 2.451551394550238565E-04 2.725873034643612491E-04 3.821504858172680794E-04 3.618625709476336934E-04 3.817465129282420085E-04 3.499234590822986827E-04 3.653578103508572364E-04 5.176737723241670378E-04 5.064441660600008110E-04 4.808483197634461645E-04 5.066933249245413832E-04 4.976334870966348748E-04 7.403077750321702217E-04 7.399551063375817920E-04 7.332444391406906913E-04 6.897534459323194801E-04 5.508939915719655942E-04 5.761431183909551234E-04 6.675499402673892597E-04 7.121970865361824336E-04 6.850677608052186621E-04 7.181080240926449422E-04 8.122266485949247153E-04 7.631505141373680790E-04 7.599046446775859940E-04 7.476170677138666400E-04 7.858261392481180217E-04 6.854205969313542342E-04 7.077868300466318673E-04 7.859893267451214778E-04 6.773438566200284472E-04 6.347960831607447549E-04 6.377466110780992707E-04 8.301135345026029299E-04 7.042404785477825299E-04 8.018012163339409849E-04 7.918078298660816182E-04 7.099585876045242912E-04 6.439532369040058043E-04 7.113679404015347141E-04 7.874386845806690674E-04 1.039731613961638592E-03 1.044716110462125128E-03 8.766111380875828314E-04 1.002657195755732051E-03 1.007071778263244656E-03 8.913590783582567203E-04 9.476755323568133993E-04 1.083969233303514043E-03 1.428273520497546408E-03 1.521806734045892543E-03 1.346178021747707109E-03 1.351643120940583748E-03 1.285751637182021463E-03 1.368709370581335655E-03 1.281961869299134060E-03 8.982409736929779362E-04 1.089407698900165091E-03 9.305679695010308713E-04 1.080097461986230436E-03 8.960316950271629251E-04 1.057695975811282028E-03 1.005588038233071841E-03 1.030824905230986370E-03 1.244255805164405735E-03 1.333701299543654708E-03 1.249721546214894790E-03 1.223645996856948751E-03 1.215572897663030547E-03 1.022829631164056188E-03 9.204540609600194963E-04 1.030686386519289290E-03 9.908683616540821162E-04 1.025348064059470980E-03 1.000000000000000021E-03
1.000000000000000021E-03 1.000000000000000021E-03 1.000000000000000021E-03 1.000000000000000021E-03 1.000000000000000021E-03 1.000000000000000021E-03 1.000000000000000021E-03 1.000000000000000021E-03 1.000000000000000021E-03 1.000000000000000021E-03 1.000000000000000021E-03 1.000000000000000021E-03 1.000000000000000021E-03 1.000000000000000021E-03 1.000000000000000021E-03 1.000000000000000021E-03 1.000000000000000021E-03 1.000000000000000021E-03 1.000000000000000021E-03 1.000000000000000021E-03 1.000000000000000021E-03 1.000000000000000021E-03 1.000000000000000021E-03 1.000000000000000021E-03 1.000000000000000021E-03 3.516216179822581264E-04 4.313406426585873711E-04 5.021787783071073909E-04 5.549191935493405807E-04 6.526459189446717508E-04 6.132755433696890184E-04 5.454240313170238179E-04 5.253443532603428159E-04 5.729560135036838560E-04 4.750866686966842859E-04 5.024437729279720467E-04 4.083960351312413382E-04 4.148329343711814081E-04 3.278504747028901422E-04 3.021011818252021248E-04 3.307260915975193281E-04 3.648850290926448654E-04 3.647814737374577938E-04 3.867209898320947176E-04 3.283019566944194584E-04 4.480305406232315980E-04 5.280935362390554253E-04 6.683834121986900441E-04 7.193345077872076486E-04 5.577201049870429781E-04 6.476808850231276790E-04 7.094669759622136739E-04 7.687986119226529642E-04 8.610901707789692106E-04 6.229473261046793902E-04 6.057658029698929133E-04 6.921260817065064087E-04 6.181640644589542731E-04 5.535099939110514318E-04 5.373889562206204517E-04 6.100600353005292608E-04 5.607878863135640820E-04 4.290899774607651171E-04 5.473345975649039326E-04 4.683638508323787961E-04 4.920560315667995687E-04 4.681435463177129313E-04 4.814524227969431782E-04 4.756430400308867944E-04 3.556796624175057433E-04 3.670837644786134244E-04 3.010403692489523552E-04 2.598004051984797221E-04 2.757288730365623007E-04 2.733899812760755537E-04 2.409426132782187203E-04 2.416856800774144689E-04 2.670866364106891594E-04 2.905087846139718611E-04 3.054062903360902758E-04 3.370240744826813657E-04 3.078824863864118230E-04 3.238157279601008658E-04 3.896509066558495843E-04 3.554653827172434889E-04 4.732742110483734751E-04 4.615187605254502420E-04 5.067309910429089199E-04 6.610698379853068192E-04 7.693556573890569230E-04 8.081544023340487279E-04 8.449434421953057805E-04 6.260201380991763272E-04 7.055210036126238413E-04 6.860884723885592130E-04 6.035456116268397061E-04 6.064606206111929337E-04 7.248776763611711367E-04 7.191499738563456989E-04 7.255505365430928773E-04 6.535589335562664096E-04 6.662196086312734307E-04 7.722863361218967665E-04 8.234235559353966696E-04 6.859814851824411024E-04 7.893167739549353809E-04 7.614354665920684525E-04 6.392882023631819930E-04 6.729655017169483468E-04 6.660772253659988113E-04 5.780783753513770318E-04 6.598520404256870463E-04 8.949408838476578159E-04 7.648506941805281343E-04 7.150843030148896010E-04 9.156575356602356282E-04 8.301491798038481036E-04 8.778981275355379060E-04 1.154206048888467562E-03 1.054726781729981066E-03 1.055564470579338238E-03 1.008081592958317294E-03 1.079176192235577116E-03 1.239540583806063951E-03 1.498495826311426913E-03 1.673838451207817829E-03 1.501023165408139860E-03 1.445821486654366023E-03 1.170275985613019069E-03 1.241431762281630050E-03 1.157533332058697465E-03 1.178506722281258412E-03 9.546922733907473643E-04 9.771385239113659048E-04 1.034202021738326758E-03 7.303239046355930594E-04 7.903829369026428792E-04 1.117708980669279749E-03 1.167145563752553829E-03 1.044197941358904203E-03 1.171517501954480543E-03 1.389575909974591003E-03 1.461198481463889731E-03 1.384185344923405175E-03 1.566620273061478932E-03 1.187777550766194691E-03 9.534908778382716714E-04 9.568915821114583982E-04 8.867587741976316450E-04 7.416769128007479972E-04 1.000000000000000021E-03
1.000000000000000021E-03 1.000000000000000021E-03 1.000000000000000021E-03 1.000000000000000021E-03 1.000000000000000021E-03 1.000000000000000021E-03 1.000000000000000021E-03 1.000000000000000021E-03 1.000000000000000021E-03 1.000000000000000021E-03 1.000000000000000021E-03 1.000000000000000021E-03 1.000000000000000021E-03 1.000000000000000021E-03 1.000000000000000021E-03 1.000000000000000021E-03 1.000000000000000021E-03 1.000000000000000021E-03 1.000000000000000021E-03 1.000000000000000021E-03 1.000000000000000021E-03 1.000000000000000021E-03 1.000000000000000021E-03 1.000000000000000021E-03 3.373814207233429246E-04 2.837596335346271757E-04 3.760608712305418670E-04 4.451356571513751859E-04 4.650943035002072143E-04 5.401501507759833703E-04 4.896584226516671572E-04 5.757690563481682742E-04 5.070241707668316812E-04 4.781151622363017436E-04 4.155761605178457264E-04 4.127810365195397021E-04 3.966854300952193414E-04 3.498181265638597112E-04 3.564504129257413064E-04 3.475623627208911277E-04 3.908484343506794020E-04 3.930104033736762101E-04 3.747316846586527437E-04 3.894175067711024875E-04 3.765257957567825207E-04 4.471283878327458232E-04 4.949530050205107161E-04 6.106395431633546318E-04 5.851748263930950595E-04 5.770240450227859383E-04 5.109813484660943915E-04 6.046807295499445623E-04 6.858755241910133651E-04 6.759040830546242254E-04 6.263468929537972319E-04 5.305124515674092441E-04 5.536565546267436470E-04 6.352538029366467612E-04 6.024173667547841511E-04 6.129601953258891024E-04 6.131064898607962218E-04 5.100818359450830231E-04 5.015910545096743511E-04 5.132718533482468143E-04 4.191367771709826454E-04 5.276726899909595222E-04 4.591181182674661373E-04 5.005745855419583938E-04 4.695211168658264028E-04 3.547488220121154385E-04 2.902505625685113414E-04 2.925815047828695119E-04 2.574012994786477023E-04 2.388088527167537829E-04 2.373189629228555269E-04 2.776956441597362431E-04 2.382741109112887143E-04 2.673728567054688143E-04 3.059655220017346998E-04 2.690213537759746456E-04 3.627086337290168520E-04 3.818470349383729328E-04 3.954172421414010180E-04 4.332321998602442687E-04 4.377434344455041889E-04 3.956245366563520801E-04 4.936735493697002588E-04 6.528484165274567666E-04 8.185860470598678830E-04 8.837839396167700970E-04 6.938530126106681782E-04 7.600567143301937938E-04 6.507204738921695689E-04 7.176973404449836155E-04 5.530401375247880839E-04 6.383653258509522366E-04 6.569645188940150026E-04 7.001521316771069361E-04 4.726488543637524255E-04 4.618857573056112738E-04 5.172909671737136242E-04 6.803328009362967412E-04 7.336988800131250552E-04 7.659449143322064751E-04 7.284370277275947075E-04 8.004240346425715727E-04 7.314542740685107047E-04 6.525126400444485964E-04 7.000026324312188554E-04 5.545817924776094221E-04 6.053052988913335507E-04 7.373517156769465470E-04 6.872878452141398557E-04 7.984661812680506543E-04 9.060787142211284683E-04 1.222639013073233442E-03 1.095797210561692131E-03 1.244523973135847061E-03 1.180952540220854682E-03 1.091112591721000958E-03 9.953572813511592666E-04 1.126594014818763480E-03 1.091991944413456782E-03 1.248136456568869034E-03 1.432728743931826164E-03 1.656582032404629087E-03 1.616663550695824616E-03 1.692695861975040310E-03 1.555163097150945089E-03 1.339226373672815565E-03 1.084249140488097955E-03 9.006149242022804544E-04 8.582004562403298476E-04 1.208983690295742505E-03 9.964475848696747410E-04 7.501954083820129354E-04 6.671776442933493841E-04 8.507987101524147871E-04 1.166769329598395894E-03 1.271307372028454216E-03 1.054523465803480775E-03 1.533263558629779357E-03 1.462881896640333456E-03 1.288988839093944743E-03 1.338514529601056002E-03 1.468739519853247627E-03 1.228407173306997812E-03 9.159609561394062077E-04 8.556317474028794215E-04 8.719967326828527475E-04 1.000000000000000021E-03
1.000000000000000021E-03 1.000000000000000021E-03 1.000000000000000021E-03 1.000000000000000021E-03 1.000000000000000021E-03 1.000000000000000021E-03 1.000000000000000021E-03 1.000000000000000021E-03 1.000000000000000021E-03 1.000000000000000021E-03 1.000000000000000021E-03 1.000000000000000021E-03 1.000000000000000021E-03 1.000000000000000021E-03 1.000000000000000021E-03 1.000000000000000021E-03 1.000000000000000021E-03 1.000000000000000021E-03 1.000000000000000021E-03 1.000000000000000021E-03 1.000000000000000021E-03 1.000000000000000021E-03 3.384644082177668445E-04 3.310326085864218016E-04 3.581415897045514920E-04 3.325422040736880310E-04 3.453798014797711019E-04 4.927780658405241446E-04 4.381621235231601490E-04 6.294949105155676471E-04 6.132079452530619663E-04 4.951141872207756155E-04 4.351742581595789781E-04 4.445516308285205032E-04 4.051398889231171336E-04 4.366020953532367727E-04 3.382076184221698470E-04 3.297620624525883937E-04 3.767680191678819440E-04 3.860548100747078753E-04 3.187232577959897735E-04 3.536575596544180833E-04 4.643110342912209251E-04 4.605322634921130988E-04 3.791603653917126771E-04 4.463034842625642927E-04 5.887797710270750804E-04 5.377211006057205965E-04 5.244955114595559534E-04 4.871234502589525772E-04 5.254577441915473691E-04 4.359468700497309813E-04 5.909721478771038381E-04 5.510324624180883233E-04 5.191911323965217075E-04 5.862097369674995834E-04 6.924919686251176628E-04 8.412698116425427379E-04 5.586342644950970668E-04 5.909181656524605626E-04 4.159783658748114664E-04 5.294412099330629735E-04 5.042100984247229606E-04 4.607397607560566690E-04 4.494960819660336450E-04 5.719516647684473338E-04 4.942394614209650715E-04 5.414092726629527287E-04 4.529222230650910004E-04 3.834739633358124396E-04 3.090607034444706408E-04 2.768859797042625835E-04 2.509721514049031228E-04 2.387490550282187309E-04 3.011665062500740978E-04 2.424254776728626873E-04 2.364535974855745736E-04 2.823059102581183940E-04 3.058350605498129002E-04 3.192649650707012348E-04 3.945722273145095440E-04 3.935363417694453668E-04 3.084853331462817727E-04 4.307925547310467881E-04 4.101038688944941561E-04 4.352481302455618443E-04 4.014624561162740898E-04 4.999425502671295696E-04 6.446500842963797480E-04 7.439149107197525748E-04 7.236739510789099447E-04 7.353233201063262862E-04 7.282947551997425752E-04 6.163543913669930138E-04 6.623049250088614524E-04 5.629861570360045545E-04 5.077183718449381888E-04 5.137055971921218600E-04 4.419507982664911392E-04 4.497243119057177038E-04 3.735388660365100027E-04 4.674576561001127228E-04 5.262385673076054593E-04 6.782689561192450749E-04 6.359189359173897773E-04 6.111713237537255228E-04 6.711105205759671432E-04 5.815668798338458024E-04 6.710258670665537623E-04 5.965661804868011573E-04 5.982597111481461954E-04 6.939797632439934560E-04 7.695158182776320891E-04 7.948632940367695784E-04 8.965172719770280255E-04 1.120234910574933931E-03 1.143765084196306757E-03 1.025764982301142526E-03 1.254800240345725236E-03 1.113932105545407687E-03 1.151114673781587121E-03 1.260881864367004125E-03 1.089737365149614882E-03 1.143259625543909192E-03 1.492214571218574348E-03 1.722938035457941518E-03 1.817457701487671523E-03 1.909308991518691772E-03 1.687751242557622997E-03 1.155287377204510316E-03 8.467415098149373666E-04 9.871223605059378185E-04 1.052832176186819547E-03 1.049638896747354198E-03 9.545210283265713989E-04 7.927315349727934645E-04 7.802811062003063266E-04 9.630982578049606616E-04 1.056372576298917525E-03 1.066679204641011233E-03 1.404117576497690379E-03 1.398366172358182693E-03 1.359112209903993052E-03 1.371306978694062512E-03 1.496770870795834660E-03 1.308586509601450702E-03 1.496472433865836697E-03 1.355318003202557898E-03 9.029035584707153497E-04 9.542331801831703281E-04 1.000000000000000021E-03
1.000000000000000021E-03 1.000000000000000021E-03 1.000000000000000021E-03 1.000000000000000021E-03 1.000000000000000021E-03 1.000000000000000021E-03 1.000000000000000021E-03 1.000000000000000021E-03 1.000000000000000021E-03 1.000000000000000021E-03 1.000000000000000021E-03 1.000000000000000021E-03 1.000000000000000021E-03 1.000000000000000021E-03 1.000000000000000021E-03 1.000000000000000021E-03 1.000000000000000021E-03 1.000000000000000021E-03 1.000000000000000021E-03 1.000000000000000021E-03 1.000000000000000021E-03 4.492133710550837503E-04 3.784861439170365263E-04 3.380982869713149847E-04 2.965138814469269889E-04 3.263078735474505393E-04 4.218823034170538487E-04 4.200825578852773702E-04 5.248271872683549655E-04 5.629095356891981872E-04 6.779902986190296287E-04 5.081873316719419777E-04 4.655356742157957628E-04 4.156230357857785304E-04 3.983423619149888519E-04 4.026636594474242289E-04 3.754560749749195881E-04 4.319822419335554633E-04 4.250264277565499139E-04 3.841249924978681353E-04 3.890446771713636448E-04 4.445005370746364626E-04 5.012344386998330041E-04 5.084428965888382291E-04 4.257120444340897281E-04 4.547069215346427368E-04 4.958026075089839221E-04 4.715835751369011858E-04 5.331567143856132899E-04 5.120042296840875444E-04 4.616184064203538709E-04 4.271723199143452544E-04 4.796319452078966010E-04 6.277929197043987481E-04 4.601626927348872109E-04 5.800657928482930376E-04 5.930792682075089819E-04 6.196305950078230974E-04 6.446322360991772272E-04 5.082824036588164248E-04 4.018936413862099944E-04 4.389634272285160787E-04 4.999324844206425120E-04 4.835219344865883113E-04 5.452017743166751636E-04 6.528083071836136711E-04 5.157156086516097217E-04 5.329774143879356576E-04 4.490154370947584822E-04 3.167098374492600911E-04 2.951673511777079409E-04 2.530666721885527909E-04 2.542849434587206195E-04 2.645741112151155723E-04 2.420554200835051443E-04 2.254071637320296758E-04 2.320460112644030597E-04 2.928195059929948347E-04 2.859521091673580036E-04 3.241942928114518768E-04 3.730950074495239534E-04 3.179275198371396636E-04 3.407219637927202125E-04 3.505211484568093055E-04 3.962542006229230777E-04 3.666190859207287510E-04 4.117902706187392091E-04 4.648520224429330649E-04 6.089576307864057788E-04 6.789434562470264816E-04 7.164507721213417843E-04 7.811014702644234050E-04 8.083958169190891795E-04 6.362043376168020513E-04 5.145616822682632296E-04 4.834150235525903308E-04 4.292311494229315719E-04 3.950664016484758869E-04 5.548701663076268005E-04 4.422787628895144692E-04 4.313336976955607746E-04 3.868417163163856746E-04 5.280222256926312037E-04 5.351046212157231814E-04 4.995017514073764927E-04 4.213713870208753913E-04 5.089720396062476487E-04 5.842064509232291862E-04 5.996896869110282047E-04 6.965379881166587021E-04 6.580767412277077448E-04 6.466757256983950240E-04 9.067837236081200195E-04 8.226785584300290791E-04 7.585289790797164564E-04 9.532882341162324203E-04 1.081190268562348461E-03 1.134142429989437161E-03 1.461715986404062747E-03 1.436921764574216730E-03 1.233818302501066754E-03 1.348669231043262903E-03 1.260379563223792531E-03 1.270133132882693243E-03 1.615186919748644008E-03 1.479728221286645291E-03 1.534518026442761949E-03 1.405134054994741991E-03 1.440544563113477922E-03 1.136979082595724515E-03 1.014746500047452628E-03 1.106999600144095664E-03 9.470271130360749913E-04 9.226777850258730852E-04 1.180267482059608629E-03 9.975534139954761199E-04 1.043389311105261813E-03 1.005573184518086848E-03 9.908890400227474918E-04 1.174347108154851676E-03 1.167535957177014442E-03 1.244680777590993293E-03 1.185812871334092833E-03 1.267183507392220321E-03 1.503887269601950983E-03 1.472657192891970238E-03 1.406225905826394458E-03 1.431245635988418873E-03 1.308486905593133449E-03 1.058020588477173035E-03 1.000000000000000021E-03
1.000000000000000021E-03 1.000000000000000021E-03 1.000000000000000021E-03 1.000000000000000021E-03 1.000000000000000021E-03 1.000000000000000021E-03 1.000000000000000021E-03 1.000000000000000021E-03 1.000000000000000021E-03 1.000000000000000021E-03 1.000000000000000021E-03 1.000000000000000021E-03 1.000000000000000021E-03 1.000000000000000021E-03 1.000000000000000021E-03 1.000000000000000021E-03 1.000000000000000021E-03 1.000000000000000021E-03 1.000000000000000021E-03 1.000000000000000021E-03 4.354404676419697359E-04 4.246577172891959724E-04 3.660932659446338344E-04 3.513587071850469241E-04 3.120685960666890434E-04 3.781809269526082459E-04 3.990121024937274478E-04 5.001001287397637083E-04 5.426162360575274715E-04 4.938151076663402405E-04 4.750778146546363575E-04 4.405584063030003241E-04 5.772272478893236865E-04 4.683550861281423217E-04 5.045952559701428032E-04 4.679626805897088202E-04 4.620576956920113072E-04 4.495100031460399852E-04 3.991836839833755291E-04 4.841264617433882413E-04 4.387877694326094220E-04 4.478468664639034011E-04 4.393149238570051682E-04 4.274863115367310163E-04 4.885571090082418098E-04 4.121381846338868912E-04 4.900968711694828842E-04 4.597501637273414526E-04 4.561843513231834848E-04 5.192304841288799709E-04 5.225751522548816117E-04 5.615379040916716183E-04 5.834180538400367483E-04 6.737461691588356172E-04 5.576703257679007384E-04 5.917354763389425995E-04 5.792915708201580756E-04 5.967041983092913901E-04 5.097870841450323487E-04 4.912084529753834704E-04 5.182450683559160567E-04 4.763229294476537131E-04 3.831610184759703464E-04 4.068268859284777115E-04 5.312555968218825048E-04 5.604584035649378760E-04 4.238016015525496519E-04 4.729629325993182486E-04 5.692528660687145919E-04 3.969994353176725188E-04 3.304755790716787335E-04 3.484755007733936726E-04 2.698670632953990563E-04 2.624585464859475049E-04 2.594569347370891945E-04 2.417448248933818538E-04 2.063240998396119181E-04 2.344159379374757856E-04 2.838162626866760083E-04 3.531910731113951257E-04 3.854477426067073800E-04 3.042652430682903368E-04 3.501924277759282163E-04 3.383053294140764820E-04 3.219318826332186472E-04 3.857985709245410097E-04 3.853735288860225946E-04 4.884463638037874617E-04 6.467588741854628318E-04 7.085189107346540277E-04 7.608123085393867814E-04 7.200201869770570277E-04 8.308634216888855688E-04 6.482907734843565764E-04 4.591698455951203402E-04 4.068625114578944507E-04 3.775192115835121465E-04 4.952384128413270465E-04 4.877975454272228555E-04 4.393966500763307574E-04 4.500243610516879364E-04 4.599668070353056287E-04 5.528408648941507365E-04 6.427477051811272954E-04 4.870834990829852511E-04 5.441306291808670030E-04 5.667207898881594869E-04 5.936425156000513887E-04 5.889026056810549867E-04 7.053253810766486713E-04 8.728854923516876337E-04 8.371665741295014011E-04 9.103431847591042644E-04 8.653408646923936749E-04 7.344290242112734872E-04 9.774608384419936589E-04 1.193519535291472479E-03 1.142893639860147149E-03 1.509290851364299309E-03 1.419398809021390562E-03 1.442230479573755348E-03 1.188498414371754863E-03 1.235295849990713200E-03 1.147786615534008995E-03 1.171823979190453335E-03 1.320855465269353112E-03 1.158988123532216476E-03 1.309932571592406850E-03 1.270963218598289380E-03 1.111110383622801066E-03 1.229702725180786566E-03 9.748591291633524432E-04 9.206700732299728188E-04 1.007626845166027406E-03 1.147672775301664420E-03 1.081002176319719420E-03 1.002089056547114708E-03 9.457237768312962145E-04 8.264174720946081696E-04 9.571289105131851544E-04 1.212501905392698040E-03 1.446277514512045751E-03 1.507866522701877291E-03 1.147626883991883714E-03 1.102964040811539375E-03 1.367731184400973942E-03 1.235375816156262943E-03 1.445382681621740217E-03 1.354607727995368492E-03 1.324972886476974291E-03 1.000000000000000021E-03
1.000000000000000021E-03 1.000000000000000021E-03 1.000000000000000021E-03 1.000000000000000021E-03 1.000000000000000021E-03 1.000000000000000021E-03 1.000000000000000021E-03 1.000000000000000021E-03 1.000000000000000021E-03 1.000000000000000021E-03 1.000000000000000021E-03 1.000000000000000021E-03 1.000000000000000021E-03 1.000000000000000021E-03 1.000000000000000021E-03 1.000000000000000021E-03 1.000000000000000021E-03 1.000000000000000021E-03 1.000000000000000021E-03 3.591127207654574364E-04 3.555601462669137191E-04 4.278881233584026691E-04 3.320960279146590146E-04 4.005870592897149479E-04 3.751597438439108548E-04 4.402080874017437039E-04 3.793251706299234031E-04 4.654078792460500293E-04 5.402364297388376506E-04 3.964134937457978016E-04 3.686887892845120340E-04 4.303001092097580955E-04 5.203226806593186588E-04 4.769302143884573205E-04 4.016636402890865821E-04 4.413516408596132438E-04 4.787212123801770701E-04 4.573458034601842414E-04 3.932876714895315986E-04 4.932745926420809522E-04 5.123412277161951090E-04 4.272602308539990559E-04 4.054712942996896202E-04 4.962954353769251630E-04 4.275327589079510205E-04 5.065164670886011279E-04 5.910017057927256573E-04 6.687181549501625133E-04 6.028836729625703479E-04 7.400332058022338370E-04 5.038365076145831989E-04 5.869992851167991433E-04 6.997738122233626741E-04 6.849229398369601277E-04 5.418686768157237287E-04 6.332560528132318792E-04 5.441093737525281443E-04 5.483748457909584477E-04 4.976207170157818677E-04 4.824710902263190876E-04 4.808884699159858512E-04 4.860333855116993592E-04 4.655953327777114913E-04 4.349559258414672927E-04 4.920320994845243457E-04 5.346304033036416992E-04 4.360395165859809593E-04 5.281314073819709737E-04 4.956245570140806493E-04 4.830362134060546563E-04 3.980861163482637835E-04 2.703089723016260135E-04 2.648849095097883990E-04 2.528142666137794706E-04 2.345670442049950575E-04 2.441437578500046447E-04 2.236048230164435391E-04 2.349104601534221601E-04 2.802774485320295517E-04 4.163586698048732685E-04 2.844694075172667612E-04 2.932947656293578603E-04 3.529451826990880796E-04 3.209308252183650282E-04 3.659678317273435473E-04 4.151591310488896361E-04 4.048782240921029014E-04 4.714187139341547198E-04 6.659453942189951566E-04 5.761055644772590306E-04 5.728050071628504065E-04 6.836545711441098820E-04 6.942186789634083094E-04 7.126356817393940868E-04 5.024421243760082700E-04 4.806161868603133088E-04 6.217053395687743150E-04 5.545323456024752904E-04 4.399734162922222351E-04 5.748641949848438265E-04 5.033871594543026231E-04 4.912894853760333162E-04 5.851730275690697784E-04 6.515911237751754147E-04 6.386755516424022288E-04 6.829648166702119135E-04 7.210551461034092786E-04 6.836842760049510401E-04 7.184412702607497619E-04 6.743123572336483067E-04 8.370078537598238692E-04 7.527651328853994820E-04 7.919915641713296895E-04 8.577302144959105239E-04 6.685636378303337450E-04 7.742147305536230869E-04 9.692720929534542592E-04 1.136713813092058009E-03 1.540032748613867934E-03 1.519765849458357132E-03 1.458407608440576240E-03 1.193563778340441276E-03 1.094472380788585105E-03 1.004832445758889860E-03 1.023686368202228469E-03 1.001294676058859731E-03 9.048195963118825340E-04 1.185501333533855095E-03 1.167133343614431499E-03 9.954422570684386129E-04 9.968162868263094264E-04 9.847064607978509541E-04 9.949654009860418955E-04 1.111313390627567677E-03 1.109209091289837124E-03 1.120844808834723120E-03 1.168385008714228424E-03 1.191732172756220605E-03 1.057696173191268081E-03 1.162405761064538683E-03 1.140131369252477076E-03 1.494454192047658036E-03 1.567033851853182839E-03 1.260418464476772277E-03 1.198919563079476171E-03 1.414509109182195828E-03 1.308360110960506357E-03 1.519831850142884825E-03 1.422312673930388720E-03 1.090383968201552242E-03 1.000000000000000021E-03
1.000000000000000021E-03 1.000000000000000021E-03 1.000000000000000021E-03 1.000000000000000021E-03 1.000000000000000021E-03 1.000000000000000021E-03 1.000000000000000021E-03 1.000000000000000021E-03 1.000000000000000021E-03 1.000000000000000021E-03 1.000000000000000021E-03 1.000000000000000021E-03 1.000000000000000021E-03 1.000000000000000021E-03 1.000000000000000021E-03 1.000000000000000021E-03 1.000000000000000021E-03 1.000000000000000021E-03 1.000000000000000021E-03 3.473695997776721765E-04 3.783895975438929726E-04 4.043092517942827382E-04 3.886646001929122880E-04 4.435822466775355311E-04 3.493148155448681661E-04 3.953565491529037338E-04 3.402261115162589600E-04 4.209538659639092562E-04 4.565759428358049515E-04 4.880459816304774721E-04 3.624188073269615069E-04 4.030421677725609751E-04 4.728037145228185635E-04 4.363221627764585458E-04 3.512882507288494138E-04 4.630354206328623503E-04 4.254725030436133106E-04 3.964433598483310499E-04 4.429033375099686743E-04 4.063468221842355993E-04 4.979286473278885785E-04 5.843027393569582293E-04 6.115529697817876590E-04 4.410543077411961557E-04 4.650692194349295662E-04 5.828193703982626709E-04 6.052301088659072870E-04 5.735542483914809857E-04 6.860464411629607065E-04 8.656291049399553010E-04 6.509082843327308179E-04 4.826149579906769370E-04 5.066313033611486013E-04 5.182526966348700945E-04 5.313111102392985069E-04 4.902050061697495664E-04 4.949013314738220882E-04 5.950068404353362622E-04 4.870902754148986511E-04 4.905417393712594668E-04 4.962345367487546203E-04 3.903865552648676132E-04 4.418836129927646321E-04 4.055649374741576783E-04 4.071820905512416543E-04 3.864066725261763500E-04 3.562415355293444279E-04 5.005689015407677753E-04 5.160364175412804040E-04 4.392384106861557625E-04 3.314579031474681700E-04 2.806109632057910992E-04 2.878613631609145220E-04 2.436789563741849178E-04 2.273464046858255554E-04 2.287287135706353967E-04 2.250115368998270105E-04 2.564449905070917521E-04 3.245766714564259732E-04 4.910783404963559810E-04 3.575279790564218256E-04 3.379141920121832027E-04 3.718993120303318279E-04 4.083518739318947274E-04 3.853627521741182253E-04 3.704781224351645858E-04 4.554978438432529973E-04 4.727193190123934042E-04 6.391060441250117664E-04 5.814477448562149200E-04 5.542054995996295672E-04 5.730268611877446230E-04 5.057320362728600976E-04 4.799835284524415981E-04 4.141242354205288095E-04 4.745026664250253713E-04 4.673669832795521108E-04 5.174899670324673321E-04 5.046113375586084226E-04 4.393914349353338642E-04 5.569583400397279047E-04 4.987295239775084649E-04 5.071661421815277029E-04 6.230989056196929417E-04 5.925074239768420622E-04 7.573414303959170651E-04 7.964845436596291149E-04 7.799278821197068445E-04 6.720037566794439393E-04 6.475211323341873056E-04 6.013276972276382793E-04 5.819092509029025412E-04 6.480786262207894818E-04 7.332242127892797797E-04 7.707719206606898936E-04 6.850266388961266878E-04 9.358553824183284261E-04 8.799159169869567388E-04 1.197821557809674274E-03 1.148608906640747902E-03 1.242646040255470643E-03 1.153769606771727282E-03 9.417073427234616588E-04 9.195097664397744886E-04 7.575624870744208711E-04 7.166018117159849874E-04 8.442414739338482445E-04 8.821058371127882660E-04 9.861980522239074693E-04 1.005412966976488697E-03 1.040798402807683156E-03 1.094898084573146628E-03 9.846721063814037073E-04 1.024909908796764252E-03 1.171277482467494423E-03 1.223692967358931422E-03 1.030841222716874029E-03 1.128681047996351553E-03 1.198503916651737222E-03 1.340497076325789828E-03 1.405907760379973906E-03 1.543999588348048124E-03 1.178814553005553926E-03 1.124633275073709570E-03 1.311612811066930392E-03 1.335124738293955735E-03 1.335553079247325673E-03 1.268132037239905760E-03 1.092636972726251238E-03 1.151032168889065026E-03 1.000000000000000021E-03
1.000000000000000021E-03 1.000000000000000021E-03 1.000000000000000021E-03 1.000000000000000021E-03 1.000000000000000021E-03 1.000000000000000021E-03 1.000000000000000021E-03 1.000000000000000021E-03 1.000000000000000021E-03 1.000000000000000021E-03 1.000000000000000021E-03 1.000000000000000021E-03 1.000000000000000021E-03 1.000000000000000021E-03 1.000000000000000021E-03 1.000000000000000021E-03 1.000000000000000021E-03 1.000000000000000021E-03 3.086816111109612543E-04 3.047044379410927752E-04 3.253430685040761827E-04 3.305780452726595820E-04 3.808000950433108271E-04 3.903837571106732064E-04 3.631136412493118741E-04 3.486076440536672958E-04 3.007868477204041712E-04 3.977106068852853107E-04 4.715256725218031487E-04 5.295074376007573042E-04 4.775466645059050792E-04 6.820402431876733092E-04 5.406780862393259588E-04 4.524752856296835679E-04 4.550390687429386604E-04 4.328714012950080027E-04 3.741072648202343055E-04 4.477531720070729261E-04 5.123742343980195596E-04 4.784203786019449508E-04 5.063045663433890248E-04 6.524446773117281500E-04 6.000246695514750272E-04 4.865105164108965235E-04 6.522782509192813971E-04 5.670978497727667154E-04 5.433337644756745062E-04 6.296990787107195316E-04 6.910444148779510375E-04 9.204373639241456712E-04 8.017301566898310961E-04 6.459605970911115819E-04 4.781950059251994568E-04 4.596468354289014830E-04 5.093452777589390279E-04 5.054543175455789321E-04 5.405861967878603305E-04 4.359355036488678703E-04 4.574565075875546894E-04 4.844612142234691458E-04 3.789967509584348557E-04 3.327885254897755942E-04 4.005453762367835167E-04 3.695992763015215621E-04 4.455792885962745202E-04 3.434242402564605025E-04 3.599711518329752830E-04 4.290788215443196076E-04 4.331687472465575424E-04 4.446201422842723178E-04 3.376045255560633789E-04 3.069320361857373440E-04 3.628063396110997357E-04 3.036479016251301217E-04 2.321745835422076411E-04 1.953706790834194558E-04 2.323756541971961135E-04 3.063465626986023780E-04 4.249905227059297365E-04 4.597729148920109477E-04 4.004635564021586584E-04 4.602560028061370291E-04 3.970116408302324772E-04 3.758169240440187731E-04 3.523112690518243940E-04 4.182383022248287977E-04 4.098901434148133306E-04 3.935493920292982748E-04 4.136205212267465110E-04 5.621950948252939185E-04 4.181570196135232635E-04 5.480477793797981865E-04 5.329580121077993980E-04 4.930208920874991872E-04 4.674872397932173379E-04 5.250255911517076992E-04 5.411245230181390298E-04 5.606455777532765592E-04 5.463256368990681644E-04 5.370320054361210670E-04 5.357536803010199767E-04 5.879579265438883342E-04 4.964077206709710663E-04 5.658501792628376588E-04 5.363683249941763849E-04 5.815044304338702359E-04 7.130102181513131273E-04 6.762968683980123035E-04 7.460469529868878546E-04 6.208942393462888636E-04 6.385517707916655260E-04 5.565539040606117416E-04 6.004870115979739093E-04 7.059664627017264715E-04 6.079849589077855306E-04 7.001490767739170385E-04 8.276452396384949284E-04 8.163674115197623029E-04 8.410281629661866187E-04 8.516978840923582423E-04 8.747936560716380004E-04 1.172459440177064764E-03 1.006582686279800356E-03 9.270170340489298317E-04 9.685051111555167958E-04 8.465800013978318174E-04 7.748624115779129953E-04 9.100052615070253160E-04 9.141432612365734626E-04 8.393370891530230757E-04 1.006954239863911077E-03 1.139677496459653950E-03 9.131076195657885633E-04 9.662253930489626526E-04 1.210340834999252754E-03 1.371130050133945741E-03 1.314943626947565969E-03 1.191433905522036466E-03 1.316727096936447326E-03 1.651406691066589815E-03 1.651386222877309837E-03 1.421712261828967250E-03 1.345920586916865384E-03 1.356726608408734790E-03 1.337144369897048934E-03 1.330962776989666170E-03 1.352892623206248179E-03 9.953112106509290173E-04 9.520011705411876796E-04 9.967405787980072179E-04 1.000000000000000021E-03
1.000000000000000021E-03 1.000000000000000021E-03 1.000000000000000021E-03 1.000000000000000021E-03 1.000000000000000021E-03 1.000000000000000021E-03 1.000000000000000021E-03 1.000000000000000021E-03 1.000000000000000021E-03 1.000000000000000021E-03 1.000000000000000021E-03 1.000000000000000021E-03 1.000000000000000021E-03 1.000000000000000021E-03 1.000000000000000021E-03 1.000000000000000021E-03 1.000000000000000021E-03 1.000000000000000021E-03 2.806497344781421540E-04 3.204247626022103100E-04 2.759122334846654773E-04 3.128199835227723808E-04 3.530233342530964989E-04 3.532472114407028381E-04 3.733282352953503432E-04 3.772174488796012988E-04 4.052320103711931610E-04 4.105166075878632524E-04 5.033872892710403862E-04 5.625497124016526134E-04 5.606386634629474718E-04 6.266369372708390341E-04 5.594504670426312049E-04 5.853533280835077806E-04 4.475483734735280147E-04 4.237808428283877681E-04 4.426672843334777648E-04 4.445281458992467009E-04 4.653795392267400053E-04 5.632496820016641686E-04 5.945933121210291404E-04 5.634546175859848644E-04 6.518431801719506416E-04 5.397932050302951508E-04 7.200384440990137414E-04 7.859877972887261777E-04 6.620601261968766388E-04 6.060607760031169701E-04 6.589056543393223032E-04 6.844604253374784704E-04 8.276690658094724073E-04 5.662516295555470539E-04 4.257609812347225601E-04 3.969291688158112317E-04 4.815040260913101594E-04 5.396468980504660938E-04 4.387234438739150751E-04 4.383546997205423155E-04 3.333810696152088326E-04 3.152098794465839132E-04 4.361923663090111329E-04 4.457851637966123159E-04 4.149109427825081460E-04 3.707185212499421591E-04 4.893181742905952820E-04 4.549705957181243688E-04 4.744404157992436867E-04 4.327879947430404500E-04 4.381100396838946980E-04 5.597922585443219478E-04 3.447318867208792078E-04 3.118876995742193045E-04 3.624674542470546820E-04 3.855803744918566379E-04 2.873533384436365717E-04 2.926402862716290048E-04 3.348232399568289185E-04 4.135395646828108587E-04 5.147656537981100877E-04 4.571742151701578116E-04 5.091290850332231763E-04 4.064264909776822720E-04 3.630937357327139979E-04 3.982992979570662085E-04 4.028841875221551394E-04 4.062223790380292362E-04 3.482152916313781981E-04 4.182208235558425714E-04 4.245835169575716637E-04 4.610300989819839275E-04 4.532446609026571449E-04 4.515963376274725470E-04 5.685795942137338195E-04 5.586437174431279620E-04 5.662625527888673002E-04 5.376282433206223954E-04 5.520123115659348895E-04 5.182219192411312639E-04 6.358776254097726595E-04 6.722973583142453306E-04 6.928352473251523725E-04 6.422122810124910241E-04 5.508754094651778423E-04 5.993134795764607642E-04 5.698517955549854035E-04 5.351104826527870858E-04 6.485751875176293301E-04 5.725444575307644945E-04 7.939713954021184687E-04 6.810008708768007599E-04 6.349558750792876592E-04 6.988375247109178401E-04 6.655902288094056422E-04 6.715939591616982597E-04 6.366037476393462827E-04 7.361233321489983952E-04 7.987937644409605180E-04 6.946145648226686444E-04 5.640082363232502057E-04 7.535241187233454900E-04 5.972645006215144235E-04 8.421013668366419480E-04 9.039244483755190735E-04 8.695995326782551089E-04 1.037046796019201527E-03 9.101380663453958715E-04 1.047233883850363185E-03 9.870744200577198386E-04 1.174762547281652924E-03 1.134909569494575114E-03 1.240583967804897601E-03 1.301845778915876719E-03 1.433737807563665711E-03 1.202588458750965912E-03 1.317511463034527980E-03 1.358197023658651867E-03 1.476178447088250618E-03 1.584588294158316467E-03 1.626015443415452979E-03 1.365286667272468894E-03 1.568017823373505986E-03 1.221855042010278709E-03 1.175189047571445359E-03 1.227266577408917632E-03 1.141617077485499072E-03 1.074706769816442071E-03 1.011692154440639113E-03 8.140232580227422599E-04 8.463988168627197689E-04 9.456455818612823040E-04 1.000000000000000021E-03
1.000000000000000021E-03 1.000000000000000021E-03 1.000000000000000021E-03 1.000000000000000021E-03 1.000000000000000021E-03 1.000000000000000021E-03 1.000000000000000021E-03 1.000000000000000021E-03 1.000000000000000021E-03 1.000000000000000021E-03 1.000000000000000021E-03 1.000000000000000021E-03 1.000000000000000021E-03 1.000000000000000021E-03 1.000000000000000021E-03 1.000000000000000021E-03 1.000000000000000021E-03 1.000000000000000021E-03 3.461153564429008864E-04 3.156193372486902388E-04 2.982868599675961405E-04 3.127092032941319530E-04 3.956088959147901476E-04 3.847876402857787026E-04 4.560206677194601961E-04 4.331241083459781401E-04 4.602983085211111007E-04 5.393197454344651493E-04 6.567281602047216451E-04 6.447967364297743642E-04 6.362363637594864929E-04 5.436773454534568617E-04 5.850322319804698596E-04 5.959813514112121801E-04 4.698464416941483253E-04 4.250491963771706985E-04 5.134153971064019367E-04 5.231301670082628107E-04 5.736507927545782216E-04 5.847445021540742874E-04 6.742290217970496645E-04 7.840459365003392238E-04 7.512667366379147289E-04 7.594992609564789332E-04 6.658895542182419582E-04 6.399499271722547790E-04 6.251651940886295087E-04 6.167402134829706208E-04 5.050916615949045587E-04 6.156021610964237771E-04 8.128633037274359289E-04 5.534877794195218383E-04 4.756580053828863620E-04 3.901889244523413093E-04 3.993934292690392630E-04 4.734325752754900895E-04 5.061457515873261752E-04 4.031572552771218857E-04 3.479652694191106579E-04 3.719685131411485778E-04 4.317242302308045565E-04 3.912311527179563589E-04 3.544067733383163797E-04 3.332329865656811292E-04 4.143724282965296265E-04 4.678243787114838700E-04 6.027452058057394379E-04 5.390295547658960958E-04 4.491680246320196835E-04 4.537139485471773930E-04 3.866038195507705212E-04 3.636647993028125020E-04 3.839279660729301479E-04 3.509843517571530676E-04 3.592154232168708050E-04 3.852445933494561296E-04 3.772861782045079052E-04 4.596269499301421763E-04 4.265606832302551226E-04 4.001040951911287728E-04 4.489808431338466761E-04 4.350400253413730248E-04 4.034187954959078128E-04 4.010343094587587851E-04 4.417496932637892727E-04 3.788540258967586704E-04 3.119689890538175029E-04 3.615735587465893769E-04 4.527261199592751812E-04 4.311073084992766524E-04 4.059166632434201265E-04 4.664752313760242922E-04 4.989125899452211566E-04 5.322770223478177692E-04 5.422060533507193966E-04 5.435057177247914996E-04 5.265779466981055116E-04 6.210851872390542924E-04 6.390065556486229387E-04 6.267817737445312027E-04 7.567493476121241180E-04 7.234909245144480975E-04 5.263831679851747663E-04 5.020446195440318466E-04 4.972471897458330100E-04 4.514561433624175680E-04 5.640838789641993301E-04 6.020487774385790015E-04 6.485730582938948295E-04 5.832862759824068754E-04 6.551836678839629158E-04 6.767733576823313241E-04 6.070419911129585266E-04 6.181641668174884651E-04 6.957620746764693782E-04 6.670253414879816819E-04 8.907179046118184670E-04 7.081665933381962657E-04 7.772439838671713801E-04 6.845899872263614110E-04 7.189810417407631283E-04 8.355783145511741852E-04 1.076863253812202978E-03 1.147224815822662971E-03 9.751599282504871827E-04 8.362643114114279774E-04 1.009195769075859261E-03 1.016347416783766697E-03 9.787229347758259843E-04 1.539834795022742642E-03 1.428859483349042420E-03 1.394137313345923581E-03 1.253176687436843503E-03 1.416490078444937462E-03 1.565759996502118136E-03 1.581362840987600958E-03 1.673945573696228144E-03 1.910191865305253985E-03 1.971835609094953201E-03 1.641229536789376746E-03 1.699663040717102561E-03 1.354199168602757131E-03 1.191432309527794969E-03 1.223832158725598205E-03 1.072195799044143314E-03 1.046905638910067965E-03 1.019014788731431023E-03 9.118936781124748012E-04 7.919763237137017941E-04 8.352441529583742256E-04 1.000000000000000021E-03
1.000000000000000021E-03 1.000000000000000021E-03 1.000000000000000021E-03 1.000000000000000021E-03 1.000000000000000021E-03 1.000000000000000021E-03 1.000000000000000021E-03 1.000000000000000021E-03 1.000000000000000021E-03 1.000000000000000021E-03 1.000000000000000021E-03 1.000000000000000021E-03 1.000000000000000021E-03 1.000000000000000021E-03 1.000000000000000021E-03 1.000000000000000021E-03 1.000000000000000021E-03 3.960465806442773923E-04 4.838473684889541709E-04 3.642686391895402212E-04 2.736571250130328159E-04 3.815455209537973601E-04 4.510833404181799908E-04 4.596758583349724262E-04 3.974644630905992213E-04 4.792903175101077785E-04 3.920985141196251401E-04 5.336453075444869652E-04 4.904188260051968104E-04 5.874231598065031033E-04 5.038247109960096188E-04 4.628273738625368681E-04 5.483858320619642256E-04 6.529914805355926640E-04 5.827836332371947974E-04 5.233866387391319323E-04 5.477812818106327780E-04 5.205098937844317196E-04 6.115634211068018532E-04 7.124604666524542466E-04 9.188018160049657608E-04 9.837935917319500650E-04 7.522430821364393472E-04 8.442363455716530522E-04 6.884541325743087550E-04 6.347692766961702962E-04 5.993969555891891362E-04 6.011958933953833947E-04 4.573684901995324847E-04 5.167713461110629491E-04 7.381721640303757007E-04 6.604035095374373616E-04 5.671239472909918485E-04 4.429882029048681541E-04 4.083279165644948701E-04 4.502407832851939478E-04 5.058986273202314195E-04 4.017961091059809773E-04 4.396518250155629693E-04 3.765048897818513334E-04 3.904258824220213208E-04 3.388655788316361482E-04 3.584197643368006235E-04 3.424797098192672458E-04 4.053581235081901431E-04 4.409184157521313938E-04 5.973832203000207890E-04 5.497837005653560295E-04 3.976894190904277327E-04 4.870394450580933896E-04 5.072023690789255164E-04 3.560319572569618286E-04 3.739977123952921618E-04 3.691539597248244000E-04 3.714429575641577260E-04 3.666103864408230416E-04 3.493301251279522343E-04 3.443708553290219490E-04 3.579122781236430918E-04 4.131277204311521842E-04 3.870509970855347997E-04 4.319642557110065818E-04 4.284151000690969674E-04 3.834031213406837455E-04 3.492562681046916507E-04 2.997444269305615501E-04 3.748947302141198757E-04 4.868405104271073132E-04 4.414415494314821806E-04 4.248584519682442606E-04 3.197046397329674741E-04 4.139426219135498354E-04 5.210251343480440216E-04 6.458412234427013789E-04 6.838514838984897145E-04 6.266219389938071371E-04 5.407845438913683493E-04 5.263706835021369048E-04 5.297968625887456784E-04 6.667329834696805431E-04 6.945561424905466333E-04 5.651082914527872899E-04 6.001132336078582015E-04 5.226487081905049513E-04 5.308572691165012493E-04 5.302999724721880895E-04 4.776890677268088616E-04 5.003389525278451391E-04 5.376821470213431721E-04 7.203841616311195328E-04 6.698504668715146932E-04 7.259413304853218557E-04 6.012679323703796347E-04 6.061617505698604132E-04 6.465268498852940002E-04 7.666330893648639960E-04 8.427813496467744447E-04 9.279231188293705912E-04 8.406295202658156359E-04 9.929219277479996424E-04 1.030911157663857687E-03 1.030867082757974933E-03 1.410967696865570841E-03 1.069419237512423413E-03 9.617999287239276758E-04 9.793918019350010724E-04 1.172915893490397406E-03 1.346362036349211654E-03 1.208349693714081893E-03 1.497598358715156695E-03 1.290948860283570821E-03 1.130903575716702336E-03 1.439307810719277431E-03 1.337642636381540778E-03 1.614403976298028030E-03 1.881516369816400554E-03 1.854196621419860460E-03 1.773560046478907292E-03 1.724024494369047651E-03 1.918097187657521151E-03 1.960998592324072424E-03 1.928706151018287586E-03 1.691107379602555406E-03 1.130740816762375485E-03 9.669658768617575431E-04 1.115809502166870311E-03 9.794055188802159532E-04 8.377200492045389036E-04 8.038945737797408269E-04 7.019609851680575462E-04 1.000000000000000021E-03
1.000000000000000021E-03 1.000000000000000021E-03 1.000000000000000021E-03 1.000000000000000021E-03 1.000000000000000021E-03 1.000000000000000021E-03 1.000000000000000021E-03 1.000000000000000021E-03 1.000000000000000021E-03 1.000000000000000021E-03 1.000000000000000021E-03 1.000000000000000021E-03 1.000000000000000021E-03 1.000000000000000021E-03 1.000000000000000021E-03 1.000000000000000021E-03 1.000000000000000021E-03 4.270394903804529212E-04 4.785965949400467411E-04 3.767959395138557920E-04 3.665871626131240080E-04 4.424707838667194556E-04 3.951704707868248611E-04 4.323536895942279787E-04 3.590807430051955206E-04 3.933023567163313828E-04 4.634437307350764128E-04 5.232107969397039801E-04 3.864368838825415239E-04 4.783096745411191458E-04 5.071998963353262268E-04 5.140411499009608053E-04 6.127611711938573454E-04 4.727782739338027033E-04 5.706024945042357599E-04 5.936416190203739176E-04 5.940367712390985612E-04 6.557006641564180676E-04 7.246105855809630491E-04 6.770332271209603386E-04 8.700154914050812561E-04 1.008128058211688787E-03 7.193169470500654404E-04 7.894100759805378802E-04 6.941492785289926463E-04 6.827341057920503038E-04 5.591337162777206904E-04 5.562273296196429536E-04 4.924137507344136843E-04 5.721004302000250999E-04 5.958176769432097170E-04 4.966502161894712289E-04 5.637949660871446932E-04 4.557927981705037603E-04 4.989043612204412462E-04 4.949866489238472682E-04 4.976121142406165652E-04 4.309448385235158129E-04 3.491068480752651396E-04 3.595181559274249661E-04 3.441849467580367517E-04 3.059908266928976391E-04 3.444364086777771598E-04 3.247496608474078738E-04 4.692704805298711411E-04 4.080626137386971766E-04 4.176234063729015252E-04 3.946332803648632979E-04 3.814630773684167032E-04 4.353513167300353194E-04 4.359734128030536026E-04 3.507859437348143593E-04 3.343730481641834216E-04 3.232127460528919582E-04 3.861101574368829220E-04 3.528015967541878119E-04 2.796125408155369853E-04 2.943167318350467521E-04 3.450324577250224890E-04 4.074701570047779939E-04 4.646465375749365880E-04 3.970011450526608168E-04 2.943313950543611840E-04 4.132240624097801023E-04 3.564240055092729302E-04 3.367726649265037706E-04 3.127072041858251620E-04 3.329669670756787297E-04 3.642908655532844518E-04 3.645736589166366742E-04 4.039207003008560368E-04 4.391232852726006572E-04 5.119948040892754060E-04 5.278956272169399661E-04 6.949010406205573124E-04 6.221126769724495296E-04 5.004793365887545524E-04 5.604085236930279402E-04 4.900370899116031440E-04 6.003428524731952440E-04 5.497097047430770517E-04 5.263470634158222156E-04 5.143228576730840291E-04 4.718656844948785527E-04 4.973533506199594645E-04 5.223111055577462671E-04 5.173857547092519963E-04 6.646918012723706344E-04 5.655699152755148083E-04 6.030478348184345428E-04 7.599143939788269818E-04 7.484807325053073222E-04 5.565203622059052609E-04 5.074395041200392698E-04 6.479311655866284211E-04 6.438659550779105055E-04 7.951163195020993736E-04 1.011277857761794198E-03 1.292537702019220386E-03 1.148049729981090710E-03 1.148738283781283037E-03 1.162004603065191653E-03 1.177464294418600855E-03 9.943698266175278380E-04 1.100710395289739496E-03 9.284437284606924167E-04 1.084831504588328228E-03 1.267446303677501745E-03 1.375422151245632180E-03 1.304370048131062512E-03 1.524916469309604925E-03 1.372636059447478185E-03 1.413930881702242992E-03 1.604429942265967607E-03 1.554132564966916735E-03 1.949268013327431050E-03 2.004316601238586171E-03 1.878216856359004585E-03 2.025184989626827286E-03 1.910164842703996214E-03 2.087992511253430536E-03 1.867159098871518140E-03 1.546817153556380529E-03 1.353488723248331147E-03 1.417110322212615384E-03 1.216752608032495644E-03 1.210702179834071811E-03 1.084344788434883676E-03 1.002303875943097531E-03 1.200364908017783564E-03 1.000000000000000021E-03
1.000000000000000021E-03 1.000000000000000021E-03 1.000000000000000021E-03 1.000000000000000021E-03 1.000000000000000021E-03 1.000000000000000021E-03 1.000000000000000021E-03 1.000000000000000021E-03 1.000000000000000021E-03 1.000000000000000021E-03 1.000000000000000021E-03 1.000000000000000021E-03 1.000000000000000021E-03 1.000000000000000021E-03 1.000000000000000021E-03 1.000000000000000021E-03 3.036080147969381134E-04 3.979327147621808500E-04 4.037970759281523932E-04 4.421683887465071520E-04 3.683905294668241861E-04 4.093263738870675777E-04 4.907846820632455866E-04 4.616666682136640423E-04 4.873178628820628092E-04 4.384941480401581960E-04 3.760865570775687302E-04 4.036644644752683899E-04 3.899817590470922891E-04 3.464918172476295823E-04 3.703715212783275593E-04 4.371063489055101005E-04 4.646201354277157067E-04 5.244627264705242070E-04 5.422820873461752650E-04 5.834472482186732218E-04 6.004466268662386362E-04 6.872125646421762017E-04 6.492872403185574997E-04 5.822146836938419442E-04 8.939806033928803138E-04 9.465915992070987519E-04 8.665044726525473464E-04 8.248027836778992891E-04 7.725300930029472537E-04 7.171356080424366427E-04 6.488974085959412115E-04 6.576652231191658154E-04 7.459527681177754695E-04 6.059176946825699109E-04 5.916784406128771257E-04 6.512014803487557952E-04 6.186558548439106834E-04 6.110056934280488905E-04 6.445154122838419588E-04 6.151517341932263763E-04 4.996879274685115660E-04 4.227529428829826085E-04 4.385831666737852728E-04 3.266781221364988366E-04 3.000228898388977651E-04 2.508845633101197876E-04 2.983701031194049467E-04 3.072742696430024378E-04 3.766583468137465422E-04 3.980912904166327392E-04 3.939493037551396312E-04 4.416936912627852409E-04 4.721607570236272216E-04 5.243801035758412265E-04 3.900174583276145115E-04 3.341412148932484710E-04 3.339069476281202585E-04 2.617071301478398997E-04 3.426177045561792163E-04 3.492842820407012308E-04 2.866819230318623166E-04 2.778220407610094197E-04 3.422678452393336512E-04 4.752752175449042292E-04 4.542394932142264038E-04 3.432548451332968721E-04 3.298124307079844885E-04 3.619431745302664739E-04 4.259152864790458526E-04 3.937317488738406807E-04 2.960396364382872738E-04 3.374860705887107264E-04 3.443317481878372267E-04 4.088031040823077232E-04 4.151537677746448330E-04 4.622304338107110382E-04 4.877086362593515204E-04 5.486316368910081932E-04 6.892987153598729815E-04 7.084348781537348153E-04 5.004557742191621068E-04 5.264376409293135706E-04 4.500070266386004404E-04 5.008757935409944347E-04 4.776833507235237505E-04 5.161091882928842698E-04 4.868576128881182854E-04 3.834441661254543591E-04 4.016856622471385706E-04 5.029359725728664620E-04 4.950602594935380601E-04 6.239723238283018288E-04 4.606771362706711735E-04 6.390913914014311739E-04 7.373239702186549973E-04 7.741441341174314008E-04 5.536971135620716604E-04 5.729095807574879169E-04 6.290422487838379442E-04 7.853786350218685186E-04 9.383878542950619371E-04 9.438383576094489013E-04 1.216095081830717269E-03 1.207607163803251209E-03 1.167427883697997335E-03 1.183723960782178883E-03 1.172240488225529623E-03 8.676790373310402753E-04 1.129132703214568529E-03 9.507596833475323366E-04 9.746275833727947781E-04 1.228995238520810612E-03 1.371423771829348350E-03 1.390200322082934181E-03 1.503316691465589848E-03 1.627842778405665450E-03 1.635925118012562275E-03 1.461822183024924417E-03 1.771485590283274460E-03 1.709828875864896278E-03 1.847164736923426675E-03 2.162725062324980137E-03 1.838265887158543627E-03 1.770717109627431909E-03 1.908875181838884209E-03 1.904742633948269814E-03 1.709618074801098463E-03 1.496138908854795398E-03 1.353804316662126110E-03 1.214671981769236287E-03 1.008566676941386863E-03 1.385421265959199720E-03 1.248106831007593162E-03 1.212312256976713458E-03 1.000000000000000021E-03
1.000000000000000021E-03 1.000000000000000021E-03 1.000000000000000021E-03 1.000000000000000021E-03 1.000000000000000021E-03 1.000000000000000021E-03 1.000000000000000021E-03 1.000000000000000021E-03 1.000000000000000021E-03 1.000000000000000021E-03 1.000000000000000021E-03 1.000000000000000021E-03 1.000000000000000021E-03 1.000000000000000021E-03 1.000000000000000021E-03 1.000000000000000021E-03 2.834523048837863583E-04 3.691261416710934790E-04 4.103787141865312374E-04 5.206182709863231518E-04 4.091153022637362188E-04 3.864161094844737279E-04 5.176857926904969431E-04 5.731398413135120910E-04 5.356698604395171729E-04 3.889442134811456385E-04 4.229306817210810258E-04 4.197774075770955302E-04 4.879877376738223104E-04 4.282116045870389717E-04 3.320056377697508734E-04 3.451387525621868175E-04 5.149235912045706806E-04 6.721020453697397002E-04 6.458729791267904139E-04 7.276422656627910520E-04 6.314392243260334671E-04 6.359620983850622572E-04 6.110552199220218878E-04 5.897845708440285035E-04 8.352305583669642755E-04 8.857022170877053811E-04 7.752031439670244162E-04 8.386982023364906872E-04 9.266399529639353459E-04 6.874420228812696014E-04 7.479627712706230164E-04 7.828581180539029077E-04 7.882688868369816266E-04 7.160120535825264653E-04 6.616786508696536001E-04 6.757235596242897610E-04 6.018098674931453762E-04 5.389279409363378773E-04 5.336527462708151289E-04 5.080206018651706353E-04 4.652527253217042654E-04 4.568567922040004292E-04 4.381381362787976799E-04 3.208413510954663257E-04 2.344907086504021256E-04 3.017764931684832836E-04 2.921372049328146265E-04 3.285605485363746734E-04 3.985604890956872420E-04 4.475029723428041589E-04 4.586918695715229183E-04 4.504550352489982150E-04 4.044896504629925059E-04 4.220226420434824315E-04 4.786110337224279963E-04 3.091042846532999415E-04 2.631479790668823969E-04 2.675996975136244794E-04 3.091024130343456673E-04 2.923443136936067265E-04 3.366409783319965535E-04 3.491669532876209175E-04 3.880265031102038626E-04 3.381357619387172393E-04 3.277413734037023184E-04 3.529373284838658122E-04 3.952792842549278179E-04 3.840023123656434835E-04 3.780259095809675521E-04 3.974123578594103813E-04 4.225781549631430715E-04 4.160776217885797114E-04 3.433400351428988746E-04 3.823776513776615954E-04 3.884359038570893430E-04 4.537020511148023871E-04 4.364064000854114378E-04 5.550818103883615800E-04 7.098508878378387722E-04 5.766072222390231138E-04 5.009072758579258917E-04 4.901902263696531056E-04 4.337483766454988286E-04 4.957287498113515387E-04 4.834717506249334323E-04 4.422234477723218228E-04 4.485270215686997853E-04 3.943783086297935128E-04 4.338112038452946861E-04 4.072615142280183102E-04 3.943066764326102038E-04 4.489379149119637909E-04 4.626981667158668000E-04 5.049873151788895334E-04 6.919374665433428032E-04 8.384972617768894501E-04 6.491558059746841292E-04 7.169425375344393040E-04 5.976324367094719295E-04 7.952982170418953622E-04 8.491539580440610278E-04 9.745367701730215174E-04 1.217512030058107500E-03 1.269943451695460489E-03 1.115492508067870373E-03 1.169642821139903069E-03 9.899580048987469735E-04 8.574071295171113629E-04 9.269427187303609693E-04 8.269210456519522634E-04 1.017474229819040517E-03 1.058403539439422680E-03 1.253555611607467092E-03 1.133182161098621578E-03 1.780508813848959019E-03 1.656685076063295391E-03 1.526175675718066194E-03 1.182992835928231698E-03 1.575682035654925100E-03 1.651274832165543389E-03 1.549681106996092560E-03 1.572034891838991694E-03 1.491610252166954403E-03 1.388728600696243062E-03 9.803151762510346496E-04 1.164482759586500356E-03 1.266300289792222054E-03 1.118910945029249170E-03 1.206141529327934983E-03 9.695183981283547704E-04 1.071091263133695098E-03 1.074377455138516993E-03 1.112989082061861205E-03 1.035060552403474499E-03 1.000000000000000021E-03
1.000000000000000021E-03 1.000000000000000021E-03 1.000000000000000021E-03 1.000000000000000021E-03 1.000000000000000021E-03 1.000000000000000021E-03 1.000000000000000021E-03 1.000000000000000021E-03 1.000000000000000021E-03 1.000000000000000021E-03 1.000000000000000021E-03 1.000000000000000021E-03 1.000000000000000021E-03 1.000000000000000021E-03 1.000000000000000021E-03 3.607573543642855979E-04 3.836358904862450267E-04 4.123956991150159036E-04 4.033626182276644199E-04 4.294932640450537550E-04 4.600077848296457868E-04 5.317457501284877800E-04 5.497939718607121589E-04 5.640680489998460990E-04 5.443719570970916672E-04 4.684692276294606401E-04 4.539848878609136916E-04 4.750406588818723800E-04 5.103885705196719441E-04 4.522489927378719804E-04 3.778858172651664081E-04 5.176203400709831950E-04 6.106319868093446762E-04 5.068199884708998997E-04 6.086545913397938944E-04 6.616603050722302858E-04 5.857029350005133308E-04 7.369715912040838458E-04 6.640818102761502804E-04 7.113394108906760443E-04 6.327795653502726533E-04 7.590908994568271867E-04 8.143835296691017767E-04 9.433091033819740196E-04 1.048024603064160289E-03 7.752284227222519357E-04 8.649090421510368613E-04 9.190369867827265227E-04 9.048128157623352421E-04 7.657667004123063599E-04 7.533716678945497460E-04 6.173187864133778324E-04 6.019430096115905692E-04 5.839431654903020881E-04 4.875449778459013304E-04 3.958873631837028242E-04 4.338191662273777841E-04 4.844107544099058617E-04 4.932368255235249511E-04 4.517305279473213990E-04 3.496319330471308099E-04 3.230203084530427647E-04 2.863546276211925419E-04 3.255998326301136575E-04 3.587918633023074225E-04 4.001234018297227120E-04 4.278429668964553716E-04 4.691297234003621148E-04 4.484722402954921614E-04 4.037508116200387294E-04 3.436497707388974166E-04 2.654062386437636449E-04 2.663707973693712539E-04 2.759836628394667893E-04 3.559268260053842156E-04 3.328359870520752948E-04 3.387666917616233547E-04 3.287802527588109852E-04 3.513849710922952222E-04 3.282825768742955101E-04 3.291969282611279814E-04 3.374374219489705029E-04 3.414343053026564173E-04 3.500526217348840646E-04 4.008798621456379570E-04 3.881353826249441625E-04 3.928744154291060253E-04 3.809216757548420512E-04 3.754985076917747851E-04 4.314081067318509917E-04 4.120190879181000600E-04 4.662543934938503357E-04 4.402526758475343760E-04 3.958803979906459574E-04 5.513402508971453888E-04 7.069825629062574017E-04 4.911069475240282568E-04 4.754720172053624643E-04 4.409977215789343463E-04 5.122002423108738215E-04 3.941544842043754552E-04 4.070270136004703774E-04 3.733260628125218360E-04 3.814083317148174706E-04 3.704536850284582462E-04 4.100951892220835548E-04 3.905782919071282841E-04 4.162553404335878190E-04 4.525764116584806850E-04 4.859045310087845796E-04 6.877615892928141484E-04 7.443267788527210480E-04 6.867856783994429363E-04 5.377839857153599327E-04 6.675285751889932463E-04 7.528260800110115475E-04 8.737229794112884610E-04 8.159155661917810243E-04 1.068914142758858356E-03 1.237691856638144716E-03 1.189169992202981571E-03 8.418772901538901622E-04 7.095542697883973956E-04 8.128908304761096795E-04 9.196450876669476707E-04 9.819521737488294717E-04 8.864021024008705537E-04 9.965711083690655895E-04 1.349661870491593351E-03 1.427477745472877785E-03 1.546141393934017142E-03 1.393633767678793389E-03 1.446639242217428621E-03 1.456470682432090945E-03 1.493080669825057761E-03 1.481797119798005258E-03 1.370364558876222428E-03 1.213890884994576341E-03 1.136943433990118000E-03 1.072142532978605364E-03 9.756112113928246121E-04 8.685305040835119726E-04 8.483718010498843016E-04 9.647257093667787947E-04 1.062251513145128987E-03 9.733457090912560079E-04 1.011767804662943920E-03 9.412883895522803843E-04 1.076292197746953538E-03 9.123884660053188395E-04 1.000000000000000021E-03
1.000000000000000021E-03 1.000000000000000021E-03 1.000000000000000021E-03 1.000000000000000021E-03 1.000000000000000021E-03 1.000000000000000021E-03 1.000000000000000021E-03 1.000000000000000021E-03 1.000000000000000021E-03 1.000000000000000021E-03 1.000000000000000021E-03 1.000000000000000021E-03 1.000000000000000021E-03 1.000000000000000021E-03 1.000000000000000021E-03 3.392662384277356311E-04 3.845515810345759332E-04 4.207476850652465167E-04 4.379557192228915471E-04 4.611734009101065967E-04 5.253491727299123377E-04 4.903406547828114380E-04 4.983829070566933323E-04 5.392072902235451638E-04 5.439712936938657494E-04 4.294455626330804577E-04 4.716590337339886165E-04 4.925779738203306998E-04 4.864922511145729190E-04 3.814302830877980342E-04 4.143786699896431606E-04 4.243117725272227718E-04 4.666246912347373735E-04 4.988460542011794070E-04 5.217702319263246760E-04 5.864369042568469935E-04 5.180126010307243081E-04 6.607232533075406292E-04 7.213798563090737448E-04 6.832249092765725097E-04 7.410376297118766642E-04 8.178163565974008774E-04 9.467696635559674171E-04 7.100010371980448095E-04 6.543342718280762294E-04 6.853374822962649384E-04 9.155884030924083591E-04 9.386095329918089708E-04 9.716151249702778330E-04 8.456424108103817710E-04 6.758693138551388757E-04 5.728662700069166733E-04 6.247711162598670615E-04 5.486448364209757077E-04 4.747099041372329349E-04 4.429429393220597928E-04 3.996944649452063305E-04 3.955433778638559723E-04 4.532263770505743435E-04 4.190673776251883529E-04 3.903352158332337274E-04 2.997224589707744055E-04 2.959828376313927136E-04 2.702252792676471159E-04 3.182460686948735762E-04 3.588965395569163855E-04 3.205359554322802142E-04 3.377353647415282448E-04 3.069103222517310242E-04 3.535807062895429502E-04 3.099028316720169279E-04 3.028945752983174520E-04 2.475668308660640545E-04 3.078228221431915466E-04 3.693994657568128019E-04 3.075141250077697034E-04 3.066789321010443049E-04 3.427363150020680017E-04 3.848010748616202030E-04 3.714740880472836579E-04 3.586663609539544407E-04 3.763224008791394605E-04 2.905105798426966526E-04 3.471770816321305257E-04 3.817871636263611809E-04 4.746429267885390337E-04 4.934278557240174201E-04 4.516486215498995713E-04 5.094465665129288947E-04 5.282549656350606559E-04 5.054597189750546088E-04 4.375065323141598688E-04 3.603692922170258369E-04 3.998798071901930613E-04 5.298024414614083437E-04 5.694738833171310560E-04 5.792937307027069306E-04 5.112058272014655645E-04 4.574057454259639857E-04 5.323344753755525913E-04 4.105521138204050414E-04 3.975366333228543751E-04 4.068301528176432574E-04 4.311785628879436644E-04 4.260908790656039004E-04 4.335952359135884673E-04 4.446971405809570059E-04 4.302610902847619047E-04 3.741737122650095563E-04 4.981206535960489273E-04 6.414012477745462083E-04 5.555615586848861032E-04 5.702796477175275415E-04 5.775141517104539872E-04 6.289245609771489543E-04 6.698570683066151863E-04 9.140515840294665328E-04 9.097297604459652753E-04 1.053296609696033033E-03 9.212187722475601850E-04 1.069937584288852082E-03 6.700254414766182659E-04 6.763104269290068577E-04 7.021555507627806397E-04 7.564461299236445706E-04 8.532471835499413166E-04 8.857427851700186471E-04 1.039185825651781515E-03 1.253851019868253581E-03 1.108634291776908025E-03 1.364607217556698671E-03 1.327006104029557687E-03 1.219263979235346617E-03 1.253556287579671302E-03 1.177508545809874364E-03 1.220131579336313464E-03 1.046435652488955951E-03 1.099060067776733672E-03 1.080651793307949027E-03 1.027234107283459159E-03 9.251174507036482707E-04 8.288567280629497661E-04 8.159714681574851882E-04 8.697323460659300495E-04 8.768524401229551299E-04 1.199251385676782964E-03 9.077717096995887355E-04 8.258446777757171182E-04 7.635952186119727590E-04 9.251168019369778936E-04 1.000000000000000021E-03
1.000000000000000021E-03 1.000000000000000021E-03 1.000000000000000021E-03 1.000000000000000021E-03 1.000000000000000021E-03 1.000000000000000021E-03 1.000000000000000021E-03 1.000000000000000021E-03 1.000000000000000021E-03 1.000000000000000021E-03 1.000000000000000021E-03 1.000000000000000021E-03 1.000000000000000021E-03 1.000000000000000021E-03 4.479313294886717433E-04 3.540301473902820236E-04 3.691472642700045423E-04 3.911110130645444310E-04 4.099395065184348406E-04 3.934342680213864037E-04 4.664399633010300598E-04 3.752584409124031092E-04 3.903655627673041596E-04 4.370277223664635093E-04 5.117501466575358855E-04 4.661762402526976228E-04 4.192248303393047429E-04 4.641936755120867572E-04 4.765798161185926061E-04 5.610154303213945063E-04 5.233018434107346946E-04 4.940561978951258379E-04 4.711504997182990625E-04 5.190160317296012250E-04 4.020621040482322294E-04 4.353406213110423174E-04 4.087900403037123746E-04 5.180516909485713114E-04 7.021787701700277131E-04 7.185469626536530006E-04 6.842698564677965768E-04 6.063980506307330761E-04 8.026010664605183042E-04 6.735714551232625151E-04 6.560558875193204121E-04 8.682758114473458980E-04 7.618478036572404319E-04 7.932108003875682108E-04 7.897563556681243659E-04 7.877333896897110435E-04 5.094960963961215695E-04 4.818105955637105951E-04 4.954013659189005631E-04 4.856829384227318047E-04 4.765721756645148119E-04 4.332516483992037435E-04 3.553906322907452310E-04 4.053592804436935426E-04 4.219971986909093931E-04 3.497479427722659327E-04 2.985727193415861755E-04 2.815181301602893635E-04 2.051213608858445405E-04 2.653555817030152884E-04 3.091837714861018203E-04 2.926422771651634004E-04 3.006747973685593243E-04 3.227517476944181257E-04 3.130390729751894043E-04 3.361560730564864771E-04 3.042153216037036699E-04 2.477029175947724439E-04 2.271004754106079797E-04 3.354062706240735050E-04 3.449612165600681292E-04 2.818877843160968576E-04 2.970001357052935286E-04 3.703747273756170149E-04 3.532157446370772446E-04 3.111674906863611694E-04 4.924778394007872217E-04 3.430723652050324864E-04 3.030012803572115754E-04 3.192921009714971056E-04 3.112320307645695394E-04 3.611139173614454165E-04 4.852878180905642494E-04 4.855423466073356003E-04 5.274265079336084780E-04 4.574835832728936448E-04 4.728196436757583381E-04 4.134130086800515309E-04 3.068217980892028879E-04 4.016415843807703357E-04 5.012770087039597044E-04 4.966607917386908896E-04 5.053144315904511833E-04 5.293769480498015543E-04 4.904281349887905459E-04 5.568742899222034947E-04 4.997139142562732721E-04 4.679966065425962963E-04 4.487738941855347742E-04 3.531697645415827320E-04 2.901361788763468690E-04 3.666495148485554773E-04 4.357694371397777397E-04 4.142497528313523764E-04 4.171092204797890285E-04 4.547837751148439992E-04 5.929706216680607350E-04 6.275931482798613372E-04 6.180483086009263367E-04 5.428965687414610049E-04 5.773765582945898081E-04 6.849795859668752302E-04 8.481179905671207449E-04 1.069012529123310315E-03 1.171088233894928199E-03 1.012433739010308760E-03 9.441757914511586308E-04 8.374911984926895108E-04 7.614894661470409569E-04 6.592140325255001774E-04 8.030417161573786232E-04 7.351369389097662903E-04 7.793497440650789003E-04 9.956878490695519543E-04 1.084845194372150833E-03 1.005840462787256683E-03 1.236012168683708152E-03 1.265962397976793481E-03 1.152385990538271109E-03 1.148136126862261269E-03 9.796872001561814786E-04 9.747083395433521133E-04 1.105710049033394732E-03 1.003927774355710357E-03 9.296162251667123948E-04 7.685013001299242702E-04 7.794179755846737234E-04 6.535155848703859752E-04 7.192044458807102638E-04 8.160764192033760026E-04 8.110402181408975578E-04 8.879426918633710275E-04 8.828599303014564737E-04 7.631570891025081255E-04 9.192013322041906126E-04 1.113996768776705400E-03 1.000000000000000021E-03
1.000000000000000021E-03 1.000000000000000021E-03 1.000000000000000021E-03 1.000000000000000021E-03 1.000000000000000021E-03 1.000000000000000021E-03 1.000000000000000021E-03 1.000000000000000021E-03 1.000000000000000021E-03 1.000000000000000021E-03 1.000000000000000021E-03 1.000000000000000021E-03 1.000000000000000021E-03 1.000000000000000021E-03 4.403264842457662058E-04 3.712880467817702979E-04 3.714488990518713873E-04 5.922833208299303114E-04 4.754038466504710331E-04 3.556992399715936054E-04 3.460729689471012680E-04 3.947374874729017106E-04 3.699310870899262462E-04 5.246620628385853134E-04 5.129892102245898425E-04 4.633809963483602598E-04 4.582630826097994670E-04 4.699956214074903129E-04 4.023710647073967220E-04 5.081527282994903732E-04 5.885210010035845296E-04 4.016519108976522763E-04 3.873358013909871983E-04 3.925184150046821612E-04 3.433184957438108111E-04 3.867317965426523337E-04 4.862459640800111398E-04 4.110575870435180632E-04 5.393293153805547467E-04 6.223684386386093637E-04 6.649719718929258255E-04 5.699295562068770488E-04 6.813673195481172390E-04 7.040631152960873454E-04 6.941052869048655160E-04 7.566631230116326479E-04 5.888853699858813797E-04 6.455687797162277912E-04 6.103116476757871256E-04 4.986514172612281940E-04 4.263568091475561633E-04 4.297827011044444922E-04 3.934708014858001850E-04 4.785109766373590087E-04 5.846447760932227226E-04 4.629288597903469748E-04 3.771961666382415068E-04 3.054043751763295704E-04 3.310081907937985519E-04 3.134937521114542543E-04 2.460589639652603785E-04 2.762330439355258679E-04 2.442001440875311586E-04 3.043750082325258929E-04 2.871421403450527413E-04 2.581641844406368800E-04 2.871195432836964726E-04 2.961438645545237973E-04 3.283342563909433655E-04 3.103935466793744115E-04 2.926914922202047335E-04 2.775663021435571137E-04 2.485161909758184964E-04 2.580857395501353984E-04 2.658303586585832956E-04 3.164757546606725841E-04 3.221978367144880920E-04 3.843110842708608249E-04 4.254645276163054814E-04 3.297121695252926924E-04 4.535070606693921108E-04 3.133346201730100792E-04 3.315764702331308470E-04 3.064372785584020464E-04 3.307735052856857687E-04 3.474753126903381163E-04 5.205135516824217594E-04 4.716080640787417583E-04 5.734234285913257208E-04 4.632831348888103427E-04 4.327249757851627941E-04 3.797067260192452109E-04 3.593687124742900611E-04 4.083912164350855388E-04 4.962906309956024824E-04 5.727569557787681991E-04 4.662765657009071852E-04 4.634986437198207335E-04 4.392464714143364023E-04 6.208081164261652950E-04 5.487257566936851573E-04 5.430975741322275263E-04 4.095047499551122678E-04 2.495526883903628865E-04 2.469487261132286612E-04 2.990904634783343903E-04 3.493724899500226392E-04 4.018069027986536463E-04 4.342871878953932525E-04 5.091230355463923244E-04 5.478288873855930536E-04 6.281090043358058704E-04 6.675673456222543274E-04 6.344943819236318130E-04 6.496944517935573492E-04 5.740699380566066439E-04 7.032700440422585356E-04 8.558888431547751266E-04 9.984527005427257587E-04 9.979376005647183547E-04 7.323086352509406999E-04 7.168210627662339150E-04 5.908742652012793613E-04 6.383623983477385412E-04 7.764191593529166935E-04 7.417455982445371682E-04 7.837931110013777623E-04 8.574543519158198427E-04 8.127971325744196267E-04 1.003283136762779049E-03 1.232850676554867212E-03 1.184814406638331043E-03 1.113952621549472999E-03 9.591612697537748060E-04 7.095403114015346987E-04 9.428898964333646366E-04 8.771274464191674810E-04 7.904259372629720767E-04 8.280877164797787468E-04 6.195339980592546193E-04 6.238382358596713520E-04 6.322518360935079195E-04 8.319906861149108795E-04 9.524747639073798729E-04 6.689634134342152061E-04 1.076171093084789124E-03 9.588191074049017817E-04 8.748210602425937014E-04 1.004319922275201350E-03 1.371908131921580239E-03 1.000000000000000021E-03
1.000000000000000021E-03 1.000000000000000021E-03 1.000000000000000021E-03 1.000000000000000021E-03 1.000000000000000021E-03 1.000000000000000021E-03 1.000000000000000021E-03 1.000000000000000021E-03 1.000000000000000021E-03 1.000000000000000021E-03 1.000000000000000021E-03 1.000000000000000021E-03 1.000000000000000021E-03 1.000000000000000021E-03 3.795296809071915019E-04 4.556158797845452722E-04 4.878935288414906041E-04 4.329563851639962034E-04 3.837079650985805918E-04 3.521199231871991798E-04 3.925240176296145630E-04 3.820294330408434023E-04 3.884126134125485464E-04 4.122836259022817141E-04 4.793997331546889589E-04 3.985371150307175591E-04 3.791617473845476801E-04 4.272362044993456261E-04 4.546386094237110870E-04 4.519306458899782384E-04 5.243702656479546113E-04 4.277974247433640668E-04 4.202628020523465442E-04 3.300696174747331829E-04 3.450395262951127433E-04 4.066847354932906587E-04 5.070771385189119275E-04 3.619746491277894308E-04 4.838184185751565319E-04 5.786724054608102363E-04 5.312803533901979324E-04 5.098254038585144391E-04 6.157129111154300942E-04 5.466860940376766292E-04 5.962749938613536114E-04 6.206034392384266168E-04 7.370450727561731310E-04 7.168317889824153384E-04 7.300990583885604837E-04 5.079704414345043509E-04 4.606383811493328291E-04 3.490617460877115880E-04 3.937562194167260423E-04 3.849699836811074148E-04 5.249144586975629202E-04 4.255202080648169270E-04 4.260852556457112895E-04 2.932605192194760561E-04 3.199248725748331029E-04 2.309665285943647149E-04 2.600652652748782607E-04 2.304929088780596205E-04 2.405180935300329516E-04 2.588400947496017008E-04 3.134800275554635945E-04 3.188172764151487931E-04 3.087476988601920509E-04 2.831864036546736466E-04 2.571151894397646909E-04 2.797436656603957770E-04 2.914654236003577279E-04 2.638696084386048550E-04 2.701681996232502140E-04 3.007386270504772358E-04 2.915506088285784391E-04 3.654057758475532107E-04 4.213958310306496497E-04 4.399962074126239210E-04 3.865840573736896587E-04 3.818518649366334380E-04 4.184777576341295853E-04 3.572837272641702874E-04 3.802747108205497173E-04 2.753069891272629617E-04 3.505211852990719446E-04 3.147928739772064060E-04 3.902267250875970342E-04 4.158165640990350116E-04 4.722283358212738848E-04 5.033966943620126876E-04 3.854280532456108794E-04 3.254194592124461951E-04 3.102273853709459255E-04 4.052498193148178088E-04 5.245440563251619259E-04 5.762841913866657796E-04 5.900789858208444014E-04 4.704633137524571866E-04 5.273824324935369283E-04 6.485932359159476274E-04 6.539051608216902558E-04 6.135638058056639690E-04 4.029206408630437559E-04 3.111819141873928339E-04 2.916939857091571881E-04 3.436873293511171434E-04 4.026964802344909218E-04 4.646454583930746587E-04 5.050105776439604063E-04 4.992845736919764238E-04 5.470771713155033215E-04 7.138184433532937089E-04 6.594125580225780776E-04 7.381752547450320208E-04 5.775520937028292981E-04 5.957114402049670581E-04 5.757064367496864859E-04 7.228954434600207493E-04 6.563891386987644487E-04 8.407054551460668539E-04 1.000000000000000021E-03 1.000000000000000021E-03 5.477508655199867958E-04 6.459967197432747721E-04 6.609324500034754893E-04 7.390539473321986212E-04 7.710371633752622364E-04 8.594640544556766178E-04 8.008554428560087568E-04 8.980222624754416114E-04 1.086220468889417465E-03 1.060549148062053110E-03 8.604945406438034398E-04 8.270133328151025491E-04 6.947708630772641072E-04 7.000242239422330755E-04 6.945741933037151514E-04 5.814544952106327205E-04 5.886958017938906948E-04 5.769568628947218183E-04 6.011085187988078875E-04 6.687502700832627942E-04 8.354744445742423326E-04 8.670219741023514528E-04 8.311785832811227452E-04 9.518554597555424880E-04 8.526527362413998442E-04 9.027818660795114544E-04 1.114308133800892076E-03 1.212359200523069162E-03 1.000000000000000021E-03
1.000000000000000021E-03 1.000000000000000021E-03 1.000000000000000021E-03 1.000000000000000021E-03 1.000000000000000021E-03 1.000000000000000021E-03 1.000000000000000021E-03 1.000000000000000021E-03 1.000000000000000021E-03 1.000000000000000021E-03 1.000000000000000021E-03 1.000000000000000021E-03 1.000000000000000021E-03 4.362753064260640134E-04 4.149517965072406348E-04 4.492002973562502139E-04 4.594193675711259078E-04 4.238331905435212613E-04 4.089251535778989661E-04 4.110469963030487228E-04 4.815494243889033125E-04 3.676848203078429862E-04 3.531787691324526045E-04 4.101474101591830678E-04 4.742053065531361242E-04 5.446078286554802920E-04 4.876904979275070479E-04 4.772366452066641065E-04 4.743826222117537177E-04 5.579829520124642483E-04 3.960161805189245268E-04 4.040274202100927955E-04 3.715042985554780144E-04 4.360996375873129292E-04 4.180881722969879825E-04 4.402579740923341883E-04 4.274739576863611406E-04 3.441754962953724782E-04 3.901005719043776918E-04 4.785547240612290096E-04 5.058425143419167675E-04 5.286446462997434212E-04 5.933935509450367733E-04 5.357319065251032585E-04 5.432293875755853400E-04 7.781930842499713060E-04 6.262197388965108332E-04 7.150617800761358651E-04 6.002427490320776451E-04 5.046421648878532873E-04 4.510254160042861666E-04 4.354681535725770172E-04 3.877015261431942866E-04 3.284252333055383819E-04 4.531445799196199176E-04 4.855006895597751486E-04 4.139957091157785846E-04 3.263045925157870568E-04 2.497785736715609178E-04 2.425919172692920253E-04 2.546150095321818210E-04 2.276857812769113971E-04 2.011399865984112305E-04 2.191210237823400481E-04 2.349528481316117312E-04 2.657014957640575965E-04 2.896220782005462036E-04 2.636149906145935696E-04 2.431680548956786198E-04 2.777546067152036956E-04 3.541930908898891905E-04 2.938111982168122634E-04 2.575148019776993388E-04 3.033113690983260777E-04 3.563088292831077916E-04 4.036493942598189219E-04 4.254261946199392667E-04 4.878545178551259363E-04 4.321925758225975286E-04 4.086286861592585535E-04 4.911317974259697770E-04 4.093593873267744221E-04 3.694170120427146212E-04 2.695953140384860485E-04 2.963696360110928529E-04 3.630672079643852538E-04 4.554672880289605810E-04 3.556072863553040781E-04 4.655279522256870577E-04 3.804891456739623902E-04 3.060052615284907939E-04 2.835571802434982231E-04 3.232453507244471510E-04 4.573612712229598769E-04 4.999619457364074199E-04 5.510629457160579319E-04 5.465202857605775191E-04 4.620596596223748033E-04 5.584879945939357285E-04 6.742921486919804417E-04 6.455237927043849409E-04 5.739590198846953152E-04 3.932092132509516693E-04 3.583624857809825331E-04 2.969731952747401891E-04 3.625857699909584841E-04 4.829128418288008962E-04 4.308588182383937619E-04 1.000000000000000021E-03 1.000000000000000021E-03 1.000000000000000021E-03 1.000000000000000021E-03 1.000000000000000021E-03 1.000000000000000021E-03 1.000000000000000021E-03 1.000000000000000021E-03 1.000000000000000021E-03 1.000000000000000021E-03 1.000000000000000021E-03 1.000000000000000021E-03 1.000000000000000021E-03 1.000000000000000021E-03 1.000000000000000021E-03 1.000000000000000021E-03 1.000000000000000021E-03 7.554133935156707048E-04 8.486905083024266598E-04 9.360133289508312804E-04 8.692496534967947622E-04 9.336672993390287200E-04 9.464540985869455752E-04 7.009705067658915986E-04 7.048631376348830002E-04 8.072739833501474654E-04 6.736944953640705818E-04 6.723223361192438114E-04 6.427394206238520738E-04 6.415593415328729341E-04 7.078893059214197729E-04 7.006339052496135360E-04 7.241623898914640407E-04 6.394148639592534640E-04 7.507173950315099197E-04 8.047083983475515666E-04 1.106440406641427546E-03 8.939543446675385146E-04 8.625260124888555055E-04 1.151326110191236820E-03 1.224934916671485035E-03 1.027801721546433558E-03 1.000000000000000021E-03
1.000000000000000021E-03 1.000000000000000021E-03 1.000000000000000021E-03 1.000000000000000021E-03 1.000000000000000021E-03 1.000000000000000021E-03 1.000000000000000021E-03 1.000000000000000021E-03 1.000000000000000021E-03 1.000000000000000021E-03 1.000000000000000021E-03 1.000000000000000021E-03 1.000000000000000021E-03 4.053994197121358408E-04 3.414144728121214938E-04 4.131535270923430590E-04 3.574378379592820410E-04 4.025136233065978097E-04 4.859413169943384270E-04 4.290717408092789369E-04 4.092121331860170091E-04 3.832048263150862871E-04 3.849761847990374906E-04 3.627726543525491712E-04 5.048837261517252544E-04 5.623555691307459544E-04 5.395996442945937867E-04 4.736533171539103254E-04 4.312107714875054580E-04 4.991870481238167836E-04 4.231873056312833556E-04 3.599102181646833282E-04 3.857267304454673222E-04 4.083725450284213742E-04 4.260954800294357758E-04 4.138901155226476915E-04 3.794356621333464311E-04 3.478863969872745925E-04 4.300400123903073361E-04 4.658912360024287697E-04 4.813877696245255720E-04 5.281215210277534879E-04 6.385906465994087506E-04 5.427344783599988677E-04 5.554246309590955182E-04 6.792530255427274349E-04 6.463845523346168015E-04 7.067906977898901063E-04 6.154148726083165507E-04 4.636454319475483100E-04 3.386904884674478574E-04 3.220957387764862199E-04 3.650331212466027776E-04 3.347883376434297427E-04 3.653914750648908126E-04 4.084334972919685474E-04 3.051133868509296309E-04 2.675702785493998693E-04 2.489687799744456182E-04 2.304544864255890979E-04 2.289617850542760276E-04 1.858369670841571544E-04 1.892565745587704935E-04 1.678583710883171703E-04 1.490666750531365438E-04 1.974554693272013691E-04 2.457496886974616570E-04 2.771101045174712918E-04 2.759271624450488703E-04 3.171004446907645276E-04 3.733520251783395828E-04 3.409821911698300567E-04 3.425744210924925844E-04 3.200960003949827859E-04 4.081274150071858339E-04 4.019710619503078842E-04 4.871248863210317251E-04 4.841522313207626839E-04 3.937153971683732159E-04 5.135370438719511019E-04 4.941172099761510219E-04 4.838397062655445426E-04 3.970364649833905751E-04 3.441694904887842091E-04 2.938212880556626471E-04 3.389838030077582188E-04 4.828966278545346043E-04 4.247512731155585024E-04 4.343979919884802319E-04 3.900804083810240986E-04 3.715636679758833666E-04 2.984487597563864245E-04 2.849768088883024124E-04 3.623575666099404448E-04 3.476800182420767995E-04 4.436784046826959126E-04 4.990617147476788737E-04 4.537437951380772299E-04 4.560359696176314996E-04 6.332520317722237961E-04 7.019733366360602234E-04 5.821416136455335793E-04 5.045081174429546416E-04 4.593018662789333110E-04 4.128387511966226538E-04 4.755449297391804459E-04 4.573780078067805964E-04 4.628417412526244622E-04 1.000000000000000021E-03 1.000000000000000021E-03 1.000000000000000021E-03 1.000000000000000021E-03 1.000000000000000021E-03 1.000000000000000021E-03 1.000000000000000021E-03 1.000000000000000021E-03 1.000000000000000021E-03 1.000000000000000021E-03 1.000000000000000021E-03 1.000000000000000021E-03 1.000000000000000021E-03 1.000000000000000021E-03 1.000000000000000021E-03 1.000000000000000021E-03 1.000000000000000021E-03 1.000000000000000021E-03 1.000000000000000021E-03 1.000000000000000021E-03 6.992036729704750484E-04 9.178949411594098913E-04 8.314893174159915289E-04 8.610283569734426780E-04 8.075859809983165294E-04 6.371537479598278660E-04 6.557582805886263272E-04 7.458502235381669768E-04 6.402548434922406126E-04 7.219234319531081219E-04 8.243921793783197784E-04 8.042031094005993360E-04 7.917692247273350496E-04 7.779901686179836132E-04 8.365828322076234455E-04 7.890024942294091535E-04 8.727828958026455017E-04 1.016273976143599158E-03 7.961638617406937906E-04 9.033639104844444750E-04 8.114821476893995357E-04 1.000647998356159587E-03 1.000000000000000021E-03
1.000000000000000021E-03 1.000000000000000021E-03 1.000000000000000021E-03 1.000000000000000021E-03 1.000000000000000021E-03 1.000000000000000021E-03 1.000000000000000021E-03 1.000000000000000021E-03 1.000000000000000021E-03 1.000000000000000021E-03 1.000000000000000021E-03 1.000000000000000021E-03 5.787139030001462424E-04 4.155964789501405171E-04 3.942700440725481329E-04 4.228150270618992674E-04 4.439807943341679553E-04 4.656239878942304740E-04 4.238628240400280013E-04 3.929580036794168524E-04 3.540829215237551743E-04 3.279132203473721194E-04 3.923255189670537472E-04 3.821084139142970240E-04 4.601604301022409172E-04 5.063274769405681948E-04 4.454354777785116256E-04 4.861172129877279805E-04 5.117717637845839223E-04 4.500132201300050742E-04 4.714357960520247290E-04 4.918079627540104413E-04 4.970329668000074636E-04 5.039951727650963118E-04 5.255290416204830501E-04 4.299773270892287558E-04 3.989356487356737974E-04 3.582294951054465514E-04 4.803271334487640401E-04 5.037670344867371591E-04 4.145609928915816849E-04 5.558568467780108545E-04 6.453298255618934113E-04 6.438295155350361610E-04 6.113306737299082239E-04 6.324143319840535085E-04 5.749517611679761742E-04 6.503880836348504635E-04 5.285373506839757124E-04 4.200589216672056723E-04 3.015986752075965212E-04 3.327994172114749453E-04 3.115881598133494698E-04 3.617720207259811577E-04 2.932851493958323020E-04 2.667001030755688368E-04 2.793071314551896843E-04 3.242451419472952502E-04 2.764850199737009496E-04 2.603524684897841747E-04 2.146583046838982051E-04 1.666900864753380579E-04 1.650163146378886127E-04 1.760815587482127608E-04 1.560962349603475015E-04 1.944718059078515908E-04 2.591298964052718206E-04 3.373744470244150286E-04 2.715375512196495952E-04 2.832159833442428570E-04 3.275724342095016201E-04 4.253852840396548816E-04 3.273853376458042436E-04 3.379546478318186365E-04 3.741737691098749054E-04 4.319245412669730621E-04 4.675737898222614031E-04 4.002637008479935040E-04 4.522428799922777751E-04 4.007445733495301494E-04 3.808188058226854330E-04 3.926332394575226376E-04 4.043554426315918750E-04 4.237264895231079506E-04 3.619102551389269764E-04 4.348102146949492028E-04 4.418406571460968546E-04 3.216287628888749202E-04 3.417932157794425574E-04 3.259690018570707130E-04 3.094507016757429133E-04 2.593322153275406591E-04 3.047523440173254081E-04 2.952943061012090319E-04 3.469912635718400791E-04 3.468957466250106284E-04 3.915012550801435219E-04 3.852125383015282548E-04 5.530285145595098062E-04 6.179500084436596484E-04 6.143662801569271499E-04 6.648873219993024037E-04 6.264713615905491417E-04 5.039951273671443126E-04 4.853741943258009527E-04 4.309380530834466686E-04 4.055866910709356545E-04 4.705066556971484711E-04 1.000000000000000021E-03 1.000000000000000021E-03 1.000000000000000021E-03 1.000000000000000021E-03 1.000000000000000021E-03 1.000000000000000021E-03 1.000000000000000021E-03 1.000000000000000021E-03 1.000000000000000021E-03 1.000000000000000021E-03 1.000000000000000021E-03 1.000000000000000021E-03 1.000000000000000021E-03 1.000000000000000021E-03 1.000000000000000021E-03 1.000000000000000021E-03 1.000000000000000021E-03 1.000000000000000021E-03 1.000000000000000021E-03 1.000000000000000021E-03 1.000000000000000021E-03 1.000000000000000021E-03 1.000000000000000021E-03 8.538058028961388038E-04 7.751286041679577785E-04 7.299199847338416584E-04 6.231799934648870340E-04 5.760552714593143503E-04 5.469703632071798568E-04 6.468337875872185111E-04 6.599184372376899624E-04 6.989142406067792076E-04 8.582937806107669883E-04 8.311815664102335582E-04 8.497629806897761314E-04 8.553975177662727098E-04 7.105856884474555249E-04 7.820176786637513672E-04 7.256673231032987172E-04 7.900466655612599452E-04 7.175213214828841946E-04 7.233754385111490015E-04 1.000000000000000021E-03
1.000000000000000021E-03 1.000000000000000021E-03 1.000000000000000021E-03 1.000000000000000021E-03 1.000000000000000021E-03 1.000000000000000021E-03 1.000000000000000021E-03 1.000000000000000021E-03 1.000000000000000021E-03 1.000000000000000021E-03 1.000000000000000021E-03 1.000000000000000021E-03 5.275338871979447274E-04 4.231242077384376543E-04 4.515553650071511545E-04 3.914726785076753598E-04 4.484020870535590573E-04 5.364679788907196750E-04 5.581369400287695438E-04 4.806088075097875428E-04 3.672620833817304294E-04 3.303245649235690825E-04 3.444941199277645359E-04 3.446947917815239076E-04 4.346722961467392268E-04 5.027036622934028063E-04 5.788732184245410804E-04 4.729430143060881896E-04 4.616302315984665162E-04 5.345059340253809164E-04 6.572925879311028582E-04 5.336185730489818825E-04 5.811576225754591825E-04 5.832004159153636458E-04 5.743990427967828960E-04 4.743515365174110908E-04 4.658438513517697537E-04 4.554023008457540583E-04 4.556103474873911935E-04 4.929886386554727757E-04 4.742224917866733969E-04 5.680155643654528647E-04 4.911230089510712146E-04 5.139661699569576109E-04 6.617522416360357681E-04 5.980077639400740780E-04 5.869224824710854655E-04 4.873756553731773463E-04 4.200801610694402592E-04 4.614580889205085286E-04 3.771908222985078892E-04 3.823808172447427261E-04 3.186000382091495951E-04 2.724431827396382342E-04 2.495901825134309642E-04 2.143203875883259305E-04 2.376565806298531873E-04 2.948798956361153552E-04 3.235072511979804983E-04 2.553885644421563191E-04 2.426029021540917932E-04 1.886453598715874796E-04 1.823251352141077328E-04 1.715972203735034664E-04 1.844922250399890255E-04 2.087140858371617949E-04 2.278439663254180198E-04 1.981187377978228662E-04 2.412840610549732271E-04 2.480876161531216052E-04 2.504240141943986538E-04 2.765184330486243690E-04 3.550136472982041297E-04 3.686788847431285822E-04 3.717260274224036608E-04 4.475593921405955915E-04 4.651870699139329770E-04 3.124119098195680608E-04 3.277247491913822669E-04 3.875461991560005619E-04 3.502982890921459190E-04 3.924107679583453451E-04 3.747849460510380409E-04 4.384535490894349969E-04 3.553589075591284435E-04 3.407719731998541668E-04 4.138645043273400962E-04 2.687472618391924793E-04 2.573278294916653080E-04 2.216505451948762447E-04 2.145860086117210995E-04 2.441755990697526933E-04 3.404481270162104602E-04 3.464554572372903095E-04 3.908503265784912329E-04 4.311023777901551099E-04 3.873267788831872335E-04 4.567339250543819644E-04 5.194105878495545048E-04 6.971156745650936666E-04 6.377174351257700437E-04 7.296159333913265505E-04 5.999997691992673635E-04 5.882470728423534268E-04 6.723312038871829318E-04 6.000757352534825994E-04 5.558840884631548575E-04 1.000000000000000021E-03 1.000000000000000021E-03 1.000000000000000021E-03 1.000000000000000021E-03 1.000000000000000021E-03 1.000000000000000021E-03 1.000000000000000021E-03 1.000000000000000021E-03 1.000000000000000021E-03 1.000000000000000021E-03 1.000000000000000021E-03 1.000000000000000021E-03 1.000000000000000021E-03 1.000000000000000021E-03 1.000000000000000021E-03 1.000000000000000021E-03 1.000000000000000021E-03 1.000000000000000021E-03 1.000000000000000021E-03 1.000000000000000021E-03 1.000000000000000021E-03 1.000000000000000021E-03 1.000000000000000021E-03 1.000000000000000021E-03 1.000000000000000021E-03 1.000000000000000021E-03 1.000000000000000021E-03 6.189739464922199789E-04 5.847660167395037903E-04 6.465043664820647497E-04 6.545620338645816291E-04 6.003048166997138968E-04 7.336361845070528322E-04 7.171645375981658063E-04 8.888466027530614322E-04 9.200164270927425284E-04 8.284215932339086949E-04 7.512618273004618898E-04 7.332120244357799100E-04 6.506503759866143601E-04 6.976817279062949356E-04 6.625519909205468362E-04 6.729646467495441816E-04 1.000000000000000021E-03
1.000000000000000021E-03 1.000000000000000021E-03 1.000000000000000021E-03 1.000000000000000021E-03 1.000000000000000021E-03 1.000000000000000021E-03 1.000000000000000021E-03 1.000000000000000021E-03 1.000000000000000021E-03 1.000000000000000021E-03 1.000000000000000021E-03 3.909889998472586346E-04 3.941517943906118590E-04 4.252807345915762013E-04 4.510379240202934924E-04 4.379670141715408835E-04 4.767101207382678347E-04 5.695021938322614901E-04 5.929585957783695474E-04 5.390341380570420112E-04 4.184872620790997346E-04 3.376193278725452972E-04 3.550493533707246309E-04 3.492425459247597047E-04 4.050457623046759621E-04 4.502094485227925544E-04 5.337762303721082374E-04 5.541727993145295151E-04 4.994363023925216336E-04 4.942256638512044142E-04 5.195807627500516595E-04 5.361880745535904571E-04 4.670766918626447287E-04 4.608902209013199009E-04 4.453392994164099596E-04 5.165195462462580846E-04 5.340816500790206145E-04 4.161440290610005869E-04 3.975011978447382877E-04 3.711182894366774044E-04 3.858144843092000602E-04 4.292131959197188285E-04 4.950510992813413275E-04 5.485035504394731795E-04 5.475872107516598173E-04 5.107786132942393215E-04 4.951058343875563593E-04 4.936090330547739753E-04 4.097770979603135842E-04 4.562448253506659222E-04 5.124855492732019241E-04 4.568979394797365728E-04 3.148183273341235858E-04 2.705357869930070285E-04 2.793446773958747995E-04 2.870543192148729793E-04 2.546411985750731094E-04 3.037032067881867826E-04 3.008893541135428356E-04 2.631329018845819504E-04 2.302803676787042392E-04 1.700048469757508673E-04 1.620055346865665116E-04 1.653899339111804029E-04 1.673699228696046322E-04 1.927437905356695264E-04 2.003676721242818640E-04 2.064345803906867869E-04 2.756840983918541245E-04 2.597773975094571980E-04 2.627643400633042511E-04 2.929917960988145703E-04 3.036900588116584116E-04 3.745287440384430558E-04 4.311417499865783320E-04 3.878310817309007412E-04 3.361738862219825126E-04 3.660494694621266353E-04 3.200339929785448790E-04 3.712799058978738802E-04 3.614409561111421717E-04 3.210508512724043174E-04 3.132488640364240262E-04 3.067597460463380782E-04 3.488991849364317908E-04 2.772359602366047731E-04 3.281323995858360671E-04 2.915932170997037587E-04 2.269397601517526364E-04 2.531896425554518442E-04 2.538300465660813681E-04 3.138118175368739674E-04 3.880440076912138091E-04 4.424789381832663730E-04 4.854062715642764041E-04 4.499479339785557568E-04 5.108120360493533093E-04 5.767105451564697978E-04 7.972374241172705024E-04 6.192649565809775275E-04 6.230485397511813196E-04 6.346260538063998790E-04 6.736549461171547661E-04 6.220460081468456252E-04 6.062537781499434180E-04 6.620103452081609790E-04 7.498944893583756261E-04 1.000000000000000021E-03 1.000000000000000021E-03 1.000000000000000021E-03 1.000000000000000021E-03 1.000000000000000021E-03 1.000000000000000021E-03 1.000000000000000021E-03 1.000000000000000021E-03 1.000000000000000021E-03 1.000000000000000021E-03 1.000000000000000021E-03 1.000000000000000021E-03 1.000000000000000021E-03 1.000000000000000021E-03 1.000000000000000021E-03 1.000000000000000021E-03 1.000000000000000021E-03 1.000000000000000021E-03 1.000000000000000021E-03 1.000000000000000021E-03 1.000000000000000021E-03 1.000000000000000021E-03 1.000000000000000021E-03 1.000000000000000021E-03 1.000000000000000021E-03 1.000000000000000021E-03 1.000000000000000021E-03 1.000000000000000021E-03 1.000000000000000021E-03 1.000000000000000021E-03 8.564373186962869573E-04 6.905269765509681372E-04 8.172854391979866330E-04 7.783103497701190573E-04 7.444753885676041755E-04 8.994687264679449923E-04 8.760193559743927744E-04 7.242571388034957846E-04 7.688529507568669973E-04 7.576605663030610378E-04 6.623318451758328012E-04 5.955159522270314035E-04 5.932221308429823023E-04 1.000000000000000021E-03
1.000000000000000021E-03 1.000000000000000021E-03 1.000000000000000021E-03 1.000000000000000021E-03 1.000000000000000021E-03 1.000000000000000021E-03 1.000000000000000021E-03 1.000000000000000021E-03 1.000000000000000021E-03 1.000000000000000021E-03 1.000000000000000021E-03 3.683696276286849277E-04 3.943345628769863768E-04 3.883535622425912702E-04 4.561247875243799356E-04 5.659234691933338933E-04 5.843721339191119057E-04 6.243802736751139382E-04 6.121728824999432593E-04 5.633680596401929213E-04 4.061219619507549562E-04 3.494305837251193681E-04 4.141893914227245022E-04 3.983450151057670420E-04 4.373111149456856885E-04 4.036789778150780728E-04 4.095272528537565663E-04 4.710984160466133203E-04 4.989261915328220597E-04 4.529638160518349591E-04 4.620946944109483099E-04 4.351142200078420854E-04 3.839151534992992355E-04 4.548475740132950436E-04 4.957728223819309011E-04 4.849455498838730542E-04 5.978115831165380870E-04 5.075682856062685780E-04 4.084553379956808194E-04 3.636573939560998163E-04 3.876409034188628530E-04 4.208908734867020671E-04 4.616688718892979410E-04 4.815599038160315671E-04 4.540674562117397737E-04 4.946512563668442348E-04 4.885624053666793535E-04 4.252146284426019788E-04 4.191365793141791133E-04 4.237213908760633458E-04 3.962705190584679183E-04 4.235393719005639589E-04 3.888926374789970558E-04 2.683214779513828658E-04 2.722854459478543133E-04 3.270504716888713464E-04 3.065398317443270449E-04 3.324729175706149726E-04 3.359771789400722852E-04 3.213624315803770715E-04 2.614978859851911034E-04 1.576780326409831954E-04 1.375581021116108606E-04 1.496895057752215593E-04 1.449392856899607454E-04 1.696897715319353121E-04 1.909167736965256695E-04 1.898401933020967534E-04 2.185951932154899977E-04 2.795279948029769828E-04 3.541955521116451591E-04 3.071081102508184586E-04 2.846917693489930436E-04 3.604319377427061101E-04 3.665658211241721405E-04 3.561780489048460108E-04 3.410972179398904223E-04 3.110583401587605499E-04 2.923721406504346029E-04 3.145974181405083937E-04 2.882885644837221233E-04 2.853622025816754978E-04 2.765333295709016329E-04 2.390986829668042656E-04 2.832960976935965862E-04 2.450942215674520026E-04 1.932313430236432699E-04 2.036163906037929050E-04 1.941514986331485703E-04 2.451537166276374557E-04 2.723613799093470809E-04 3.341997806638537954E-04 3.907163340219989615E-04 4.569882656411625730E-04 4.793778023698290675E-04 4.520418073778394207E-04 4.920438017017610263E-04 5.761858440675490366E-04 8.702062359618575795E-04 9.744832692158919302E-04 7.459878941665308962E-04 7.370863219208770778E-04 6.977786216780112885E-04 6.703875690369534525E-04 5.887715621630648828E-04 7.579133057563567895E-04 1.000000000000000021E-03 1.000000000000000021E-03 1.000000000000000021E-03 1.000000000000000021E-03 1.000000000000000021E-03 1.000000000000000021E-03 1.000000000000000021E-03 1.000000000000000021E-03 1.000000000000000021E-03 1.000000000000000021E-03 1.000000000000000021E-03 1.000000000000000021E-03 1.000000000000000021E-03 1.000000000000000021E-03 1.000000000000000021E-03 1.000000000000000021E-03 1.000000000000000021E-03 1.000000000000000021E-03 1.000000000000000021E-03 1.000000000000000021E-03 1.000000000000000021E-03 1.000000000000000021E-03 1.000000000000000021E-03 1.000000000000000021E-03 1.000000000000000021E-03 1.000000000000000021E-03 1.000000000000000021E-03 1.000000000000000021E-03 1.000000000000000021E-03 1.000000000000000021E-03 1.000000000000000021E-03 1.000000000000000021E-03 1.000000000000000021E-03 1.000000000000000021E-03 7.128758529032585113E-04 6.976914997374821480E-04 6.755517758665930154E-04 7.514897959870551732E-04 7.150093587497151132E-04 7.093865232606968172E-04 6.026963024987688766E-04 6.508238806370893192E-04 5.416480939772923536E-04 5.446717581984796301E-04 1.000000000000000021E-03
1.000000000000000021E-03 1.000000000000000021E-03 1.000000000000000021E-03 1.000000000000000021E-03 1.000000000000000021E-03 1.000000000000000021E-03 1.000000000000000021E-03 1.000000000000000021E-03 1.000000000000000021E-03 1.000000000000000021E-03 3.288533962477897788E-04 3.150516445022485566E-04 3.164390455386680619E-04 3.924643501261449027E-04 4.171213487010949151E-04 5.131132985082824827E-04 5.741936917369131615E-04 6.704350270471676069E-04 6.214288424645171343E-04 5.321595097257041758E-04 4.118157382950195754E-04 3.969748390079999275E-04 4.297396898268776404E-04 4.711129527408243695E-04 4.011574650076660210E-04 4.025924554749742623E-04 3.841192842681065444E-04 4.276393195542674362E-04 4.498064789261794452E-04 3.929047256767495577E-04 3.842700859810780300E-04 3.569513445893235382E-04 4.024957172756047979E-04 4.169239402698643893E-04 4.346905358812558199E-04 5.132187153570348572E-04 5.331245228016956526E-04 4.676211602169851197E-04 4.287621666899715171E-04 3.410527613068401603E-04 4.553402764478507096E-04 4.405754398979997702E-04 4.731566855650197597E-04 4.393103096846230995E-04 4.275669922170946655E-04 4.633252772185729126E-04 4.160835713565332462E-04 3.801698405504872575E-04 4.038251391784494358E-04 4.291373635659679209E-04 3.430279404717486358E-04 2.720489599068030731E-04 2.029841629739881392E-04 2.129291757938601482E-04 2.874444266951157990E-04 3.009623393908648545E-04 3.216532786898859252E-04 3.936185814543170791E-04 3.585929040490041944E-04 3.169059221821745112E-04 2.790161944864418030E-04 1.867524313412834548E-04 1.923913055697536992E-04 1.760997959797965158E-04 1.751095131834462927E-04 1.757150493466734834E-04 2.302951615819059938E-04 1.945306466175358514E-04 2.555348270539242847E-04 3.329659185102457888E-04 3.371027129831030982E-04 2.890853015736539761E-04 2.819161272894342581E-04 2.800801429125973803E-04 3.711296304956857072E-04 3.488644123323838935E-04 3.398658271252586512E-04 2.982114946769050105E-04 2.483028191507147568E-04 2.409210451774553160E-04 2.472202458293148932E-04 2.854042840870086445E-04 2.948598898639620482E-04 2.852117580753320042E-04 2.497221856860609474E-04 2.368202944679105853E-04 2.375613599541815443E-04 1.795774795448982217E-04 2.146757098119384205E-04 2.129576826760468241E-04 2.758635716457201242E-04 2.982505281785089173E-04 3.725002152423009263E-04 4.281975441169167860E-04 4.265506732641248305E-04 5.909855584476156592E-04 5.936467629309315121E-04 6.035039698388916215E-04 7.261470224396040065E-04 8.836303910110062830E-04 7.060438350100742711E-04 6.286449369161939676E-04 5.148131717429676448E-04 6.061642844372814188E-04 8.563716677671345335E-04 8.344729216126884567E-04 1.000000000000000021E-03 1.000000000000000021E-03 1.000000000000000021E-03 1.000000000000000021E-03 1.000000000000000021E-03 1.000000000000000021E-03 1.000000000000000021E-03 1.000000000000000021E-03 1.000000000000000021E-03 1.000000000000000021E-03 1.000000000000000021E-03 1.000000000000000021E-03 1.000000000000000021E-03 1.000000000000000021E-03 1.000000000000000021E-03 1.000000000000000021E-03 1.000000000000000021E-03 1.000000000000000021E-03 1.000000000000000021E-03 1.000000000000000021E-03 1.000000000000000021E-03 1.000000000000000021E-03 1.000000000000000021E-03 1.000000000000000021E-03 1.000000000000000021E-03 1.000000000000000021E-03 1.000000000000000021E-03 1.000000000000000021E-03 1.000000000000000021E-03 1.000000000000000021E-03 1.000000000000000021E-03 1.000000000000000021E-03 1.000000000000000021E-03 1.000000000000000021E-03 1.000000000000000021E-03 1.000000000000000021E-03 6.719263854466529925E-04 6.282760865545240596E-04 5.964561825906143774E-04 7.602438692123491973E-04 7.843103981029954245E-04 6.412666474304867543E-04 6.210869136031560954E-04 6.931180355896747079E-04 1.000000000000000021E-03
1.000000000000000021E-03 1.000000000000000021E-03 1.000000000000000021E-03 1.000000000000000021E-03 1.000000000000000021E-03 1.000000000000000021E-03 1.000000000000000021E-03 1.000000000000000021E-03 1.000000000000000021E-03 1.000000000000000021E-03 2.609177813149717549E-04 3.523734171467694473E-04 3.375328609413875513E-04 3.064968127114334846E-04 3.671262482558202605E-04 4.470757554805622350E-04 5.712604571757788716E-04 5.753919594800882293E-04 6.081659965069647570E-04 5.532283689146137110E-04 6.021667040308557569E-04 5.123546689045983989E-04 4.661975187221780131E-04 4.747674079913602766E-04 4.303773256000191310E-04 3.825001211246943406E-04 4.069473288433155390E-04 4.155057187189067501E-04 4.140933297196938028E-04 4.014160652011644344E-04 4.152573207021477658E-04 3.582453902995109550E-04 3.315128214604551120E-04 3.856583494263227693E-04 4.115705145783797353E-04 4.771566676894126125E-04 4.368490456076742716E-04 4.544637008911330033E-04 4.374272301589558027E-04 3.836455335391780112E-04 4.370253124081747531E-04 4.250398214555325504E-04 4.625032618079162887E-04 4.545142332250016407E-04 4.339382330687998062E-04 3.814117546286856144E-04 3.954486827259391093E-04 3.912797968503770431E-04 3.683276675644211670E-04 4.373868214269029542E-04 3.407886055568790182E-04 2.498004189983240469E-04 2.235270869811398231E-04 2.286362689652163618E-04 2.943126664620882319E-04 2.766149037444239739E-04 3.464924921932771855E-04 6.240404973086513670E-04 4.392461283480909601E-04 3.088980440320334949E-04 2.393582479882174255E-04 2.170127428127139419E-04 2.578652530543442691E-04 2.358486895938718692E-04 2.470397079566229084E-04 1.963255140700642014E-04 2.035539766349198890E-04 2.362651638003448584E-04 2.789726439550328503E-04 2.672730287001044138E-04 2.796369209148616658E-04 2.498921852867010606E-04 2.798080239476341742E-04 3.018777153102737785E-04 3.263198806988941740E-04 2.784028299630589677E-04 3.136454632686257551E-04 3.180950756697899966E-04 2.481938452027409258E-04 2.246583553328580568E-04 2.600717338670103574E-04 2.137051944329902849E-04 2.609066629914747479E-04 2.338534959416226067E-04 2.607693174592507781E-04 2.500305534247943169E-04 2.349911539665957801E-04 1.838154906630491323E-04 2.082613565916025498E-04 2.618491531199895945E-04 3.021275882060956634E-04 3.265074392300297036E-04 3.567411888596307796E-04 3.385603446334342691E-04 4.329995353283838276E-04 4.718446313286140249E-04 5.539864268869487685E-04 7.049767890865286024E-04 7.341775298240704956E-04 6.633196445158659124E-04 6.045291206166543852E-04 5.910930780523110340E-04 6.032092257751969907E-04 6.919671726817789616E-04 7.183392132335531238E-04 1.000000000000000021E-03 1.000000000000000021E-03 1.000000000000000021E-03 1.000000000000000021E-03 1.000000000000000021E-03 1.000000000000000021E-03 1.000000000000000021E-03 1.000000000000000021E-03 1.000000000000000021E-03 1.000000000000000021E-03 1.000000000000000021E-03 1.000000000000000021E-03 1.000000000000000021E-03 1.000000000000000021E-03 1.000000000000000021E-03 1.000000000000000021E-03 1.000000000000000021E-03 1.000000000000000021E-03 1.000000000000000021E-03 1.000000000000000021E-03 1.000000000000000021E-03 1.000000000000000021E-03 1.000000000000000021E-03 1.000000000000000021E-03 1.000000000000000021E-03 1.000000000000000021E-03 1.000000000000000021E-03 1.000000000000000021E-03 1.000000000000000021E-03 1.000000000000000021E-03 1.000000000000000021E-03 1.000000000000000021E-03 1.000000000000000021E-03 1.000000000000000021E-03 1.000000000000000021E-03 1.000000000000000021E-03 1.000000000000000021E-03 1.000000000000000021E-03 1.000000000000000021E-03 1.000000000000000021E-03 6.804647419493620652E-04 7.888071644885935206E-04 8.245221487008997426E-04 9.776919319855732846E-04 6.794589795965347203E-04 1.000000000000000021E-03
1.000000000000000021E-03 1.000000000000000021E-03 1.000000000000000021E-03 1.000000000000000021E-03 1.000000000000000021E-03 1.000000000000000021E-03 1.000000000000000021E-03 1.000000000000000021E-03 1.000000000000000021E-03 1.000000000000000021E-03 3.815700936337453639E-04 3.602194057107609409E-04 4.483788706162540930E-04 4.002725513324679259E-04 4.410936132010512831E-04 4.602702477384460595E-04 4.385764654799077485E-04 5.634714587799266594E-04 5.839370913384300680E-04 4.681872813871757757E-04 4.947810143275513167E-04 4.542090010862405956E-04 4.397372920167537088E-04 3.627428212192415256E-04 3.635932527487591506E-04 3.782637621422998931E-04 3.259197025691291027E-04 3.766256110046131223E-04 4.368879316529997083E-04 4.611554621582710021E-04 4.788715000003894700E-04 3.304220803508342509E-04 3.404867970289436369E-04 4.117354715871112542E-04 4.204626810041379287E-04 5.075962376375577675E-04 4.883838165750370832E-04 4.393110348579903641E-04 4.822500189779863771E-04 5.349984808206849872E-04 4.359602471797339768E-04 4.714808533476878469E-04 4.591543092661436480E-04 4.388004702359554667E-04 3.635328008763228486E-04 3.813477428512591092E-04 3.735744763576598045E-04 3.551841607865875825E-04 3.578105562261743502E-04 3.929399982892292490E-04 3.101979235099299446E-04 2.186673451317644478E-04 2.740598166308585298E-04 2.655592055218389778E-04 3.211275189884723593E-04 3.828252281147449701E-04 4.354187767465653126E-04 4.847746540465036331E-04 3.826012574372633385E-04 3.002959607104738584E-04 2.453363619207770091E-04 2.881112770413503843E-04 2.316647428212587100E-04 1.996224339286001585E-04 2.165626152269952754E-04 2.466990794286790922E-04 2.560110942068363955E-04 2.345715332496693434E-04 2.280323422852141980E-04 2.034469589123115375E-04 2.143391511112449318E-04 2.480435467478251115E-04 3.042649404978559720E-04 2.916511522960458136E-04 3.394308308357087654E-04 2.777522310045889178E-04 2.972791484338867750E-04 3.021545531323783411E-04 2.456346019447115236E-04 2.686948944785500252E-04 2.617568422985833989E-04 2.680419916717138797E-04 3.261185720878126935E-04 2.102057129409876969E-04 2.832705293508852454E-04 2.742354280127554523E-04 2.391368153149765383E-04 1.967223835891259082E-04 2.122540798331334487E-04 3.093973446917111471E-04 3.281138919266849557E-04 3.826651673961808703E-04 4.135254773172672362E-04 4.025772522022309330E-04 3.959125758285202286E-04 4.914461533598064999E-04 5.921424176783928860E-04 6.238415638413314594E-04 6.021179985734770486E-04 5.371355064420253603E-04 4.893597107248478725E-04 5.664196602520528727E-04 5.712655461478895538E-04 6.892662251916453981E-04 7.368005780565884018E-04 1.000000000000000021E-03 1.000000000000000021E-03 1.000000000000000021E-03 1.000000000000000021E-03 1.000000000000000021E-03 1.000000000000000021E-03 1.000000000000000021E-03 1.000000000000000021E-03 1.000000000000000021E-03 1.000000000000000021E-03 1.000000000000000021E-03 1.000000000000000021E-03 1.000000000000000021E-03 1.000000000000000021E-03 1.000000000000000021E-03 1.000000000000000021E-03 1.000000000000000021E-03 1.000000000000000021E-03 1.000000000000000021E-03 1.000000000000000021E-03 1.000000000000000021E-03 1.000000000000000021E-03 1.000000000000000021E-03 1.000000000000000021E-03 1.000000000000000021E-03 1.000000000000000021E-03 1.000000000000000021E-03 1.000000000000000021E-03 1.000000000000000021E-03 1.000000000000000021E-03 1.000000000000000021E-03 1.000000000000000021E-03 1.000000000000000021E-03 1.000000000000000021E-03 1.000000000000000021E-03 1.000000000000000021E-03 1.000000000000000021E-03 1.000000000000000021E-03 1.000000000000000021E-03 1.000000000000000021E-03 1.000000000000000021E-03 1.000000000000000021E-03 1.000000000000000021E-03 9.704020006628467140E-04 8.009360452367027608E-04 1.000000000000000021E-03
1.000000000000000021E-03 1.000000000000000021E-03 1.000000000000000021E-03 1.000000000000000021E-03 1.000000000000000021E-03 1.000000000000000021E-03 1.000000000000000021E-03 1.000000000000000021E-03 1.000000000000000021E-03 3.394675024487555965E-04 3.680678317317165110E-04 3.945935531767564577E-04 3.180982414477817469E-04 3.844278092943391825E-04 3.832997674683183659E-04 3.682133783948346646E-04 4.197729706046873397E-04 5.007317381279766284E-04 4.711030799531996114E-04 3.998030129553486068E-04 3.529880085928865366E-04 3.669872925705404279E-04 4.532363072972537600E-04 2.621128354123772970E-04 2.965362504246385131E-04 3.625348705803460082E-04 3.299935859416976646E-04 4.006935399036410891E-04 5.695233036928426312E-04 4.974391404184290736E-04 4.652989078412566541E-04 4.063917761126455922E-04 3.972596079004459772E-04 4.541505585889839399E-04 4.198246518214178696E-04 4.851823060516751232E-04 4.666725495732926970E-04 4.608241124869020405E-04 4.870537565439563748E-04 5.431640484303396597E-04 4.369938066463082294E-04 4.146356568089090765E-04 4.233500001015363641E-04 4.622757790648849251E-04 4.285832761493531804E-04 3.172757057125504096E-04 3.052255517625974772E-04 3.338918857069659457E-04 3.154036045363276973E-04 4.025600263726195776E-04 3.239036049703868884E-04 2.957645612840960336E-04 3.360673209174560271E-04 3.017433769473200247E-04 3.043677342088277902E-04 3.838050370957193751E-04 5.187116110840300992E-04 4.365578196832496758E-04 3.311473833973422546E-04 2.517599932469930619E-04 2.431564037832821339E-04 2.174779329088677427E-04 2.334461613924361187E-04 2.160535760529705288E-04 2.179043135944171638E-04 1.881612239824196643E-04 2.326401171951882280E-04 2.526411700730625217E-04 2.681845324490461494E-04 2.702349578376732190E-04 2.156614362429332642E-04 2.358352076238711336E-04 2.519973108299001824E-04 2.721078471838193555E-04 3.394527238501745311E-04 3.444992294049490397E-04 3.493889439976774545E-04 3.074851296425116522E-04 2.879201868746462316E-04 2.547481399421816571E-04 2.814613109532719689E-04 2.703063434481350544E-04 2.324246793753943839E-04 2.158441801421860282E-04 1.880311925006778763E-04 1.906544173233879315E-04 2.585923878979306612E-04 2.483321978165312018E-04 2.371409738402961871E-04 2.800643528976395034E-04 3.070504848705261718E-04 3.490845780920892203E-04 3.132304518583726668E-04 3.216963618790722314E-04 3.892095047992648413E-04 4.767844086543876806E-04 5.147496181328791928E-04 5.438181169314259709E-04 6.098770615399640854E-04 5.282491271277288663E-04 5.079599702833471507E-04 5.761146468909774917E-04 6.854847221065727639E-04 8.118266723588262509E-04 1.000000000000000021E-03 1.000000000000000021E-03 1.000000000000000021E-03 1.000000000000000021E-03 1.000000000000000021E-03 1.000000000000000021E-03 1.000000000000000021E-03 1.000000000000000021E-03 1.000000000000000021E-03 1.000000000000000021E-03 1.000000000000000021E-03 1.000000000000000021E-03 1.000000000000000021E-03 1.000000000000000021E-03 1.000000000000000021E-03 1.000000000000000021E-03 1.000000000000000021E-03 1.000000000000000021E-03 1.000000000000000021E-03 1.000000000000000021E-03 1.000000000000000021E-03 1.000000000000000021E-03 1.000000000000000021E-03 1.000000000000000021E-03 1.000000000000000021E-03 1.000000000000000021E-03 1.000000000000000021E-03 1.000000000000000021E-03 1.000000000000000021E-03 1.000000000000000021E-03 1.000000000000000021E-03 1.000000000000000021E-03 1.000000000000000021E-03 1.000000000000000021E-03 1.000000000000000021E-03 1.000000000000000021E-03 1.000000000000000021E-03 1.000000000000000021E-03 1.000000000000000021E-03 1.000000000000000021E-03 1.000000000000000021E-03 1.000000000000000021E-03 1.000000000000000021E-03 1.000000000000000021E-03 1.000000000000000021E-03 1.000000000000000021E-03 1.000000000000000021E-03
1.000000000000000021E-03 1.000000000000000021E-03 1.000000000000000021E-03 1.000000000000000021E-03 1.000000000000000021E-03 1.000000000000000021E-03 1.000000000000000021E-03 1.000000000000000021E-03 1.000000000000000021E-03 2.916310893126600103E-04 2.980294963563867670E-04 3.191509231361618374E-04 2.509144487614246443E-04 3.207944130329923619E-04 3.473616178968478609E-04 4.072707088777652393E-04 5.158662197011229869E-04 4.494029849234621289E-04 3.311716251734830819E-04 3.214863440241229960E-04 2.993870106903906013E-04 3.214176848580558481E-04 2.743094477151498175E-04 2.896865937248051508E-04 3.478034430459564660E-04 4.034847705524489568E-04 3.668021474318524278E-04 4.430795250549104968E-04 6.073843614463546011E-04 5.842889723367618608E-04 5.269719516141142162E-04 4.893423149702246303E-04 4.621477471182098467E-04 5.214175636039731013E-04 4.788666189556424826E-04 4.554278939777204119E-04 3.557981911570852755E-04 4.307830890858847317E-04 4.416670140764903784E-04 4.773586225076020990E-04 4.996550691901893845E-04 5.660178485976307891E-04 3.808918537715085787E-04 4.655172865031931674E-04 4.260704773447107608E-04 3.336785144878178129E-04 2.793608013479916886E-04 3.125628696434224396E-04 3.353015866891711290E-04 3.271282223370934952E-04 3.832671294502869850E-04 4.333520821872268261E-04 3.527353679442840530E-04 3.083571642332909096E-04 2.748946578879462427E-04 4.163373314040018651E-04 4.182733247110109937E-04 3.739613259086128883E-04 3.042784684299650131E-04 2.871304599849394310E-04 2.799723874684956790E-04 2.507634254018232894E-04 2.247226422160144253E-04 2.275477968965084797E-04 2.343914660125127848E-04 2.018985171205497475E-04 2.508987262669385115E-04 2.621693534222768805E-04 2.926446798777207980E-04 2.613165636076370587E-04 2.448003860454354063E-04 2.332808215279176772E-04 3.090965834649970437E-04 3.183396329951980355E-04 3.810425440505408397E-04 3.648431488809336805E-04 3.113938859141581459E-04 3.328127498411616401E-04 3.183660271427247480E-04 3.031978758739829923E-04 3.003473437938784731E-04 3.188187389907458846E-04 2.555583479353071069E-04 2.138376006451078758E-04 2.134465241940543495E-04 2.352266711907743198E-04 2.707498997464722387E-04 2.568474703290170411E-04 2.439433859992502416E-04 2.318159138380052292E-04 2.718441006334129878E-04 3.322621355867659879E-04 3.554987032864954911E-04 2.921281670428705897E-04 3.101184706955715641E-04 4.165835081328212938E-04 5.054153079062910113E-04 5.541461951793966688E-04 6.369568291037474000E-04 5.212001328978613192E-04 5.091988442378891097E-04 7.665940177671453932E-04 8.155592581578308218E-04 6.581255674914984191E-04 1.000000000000000021E-03 1.000000000000000021E-03 1.000000000000000021E-03 1.000000000000000021E-03 1.000000000000000021E-03 1.000000000000000021E-03 1.000000000000000021E-03 1.000000000000000021E-03 1.000000000000000021E-03 1.000000000000000021E-03 1.000000000000000021E-03 1.000000000000000021E-03 1.000000000000000021E-03 1.000000000000000021E-03 1.000000000000000021E-03 1.000000000000000021E-03 1.000000000000000021E-03 1.000000000000000021E-03 1.000000000000000021E-03 1.000000000000000021E-03 1.000000000000000021E-03 1.000000000000000021E-03 1.000000000000000021E-03 1.000000000000000021E-03 1.000000000000000021E-03 1.000000000000000021E-03 1.000000000000000021E-03 1.000000000000000021E-03 1.000000000000000021E-03 1.000000000000000021E-03 1.000000000000000021E-03 1.000000000000000021E-03 1.000000000000000021E-03 1.000000000000000021E-03 1.000000000000000021E-03 1.000000000000000021E-03 1.000000000000000021E-03 1.000000000000000021E-03 1.000000000000000021E-03 1.000000000000000021E-03 1.000000000000000021E-03 1.000000000000000021E-03 1.000000000000000021E-03 1.000000000000000021E-03 1.000000000000000021E-03 1.000000000000000021E-03 1.000000000000000021E-03
1.000000000000000021E-03 1.000000000000000021E-03 1.000000000000000021E-03 1.000000000000000021E-03 1.000000000000000021E-03 1.000000000000000021E-03 1.000000000000000021E-03 1.000000000000000021E-03 3.562889326705232927E-04 2.919727344258494974E-04 2.490138201246602638E-04 3.013327687294837360E-04 2.522222782026213388E-04 2.994789517501586051E-04 3.024080067567061383E-04 3.236752074726871359E-04 3.661795630713358734E-04 3.229364616039798793E-04 2.802893841786261125E-04 2.773486115243157927E-04 2.363574428356377346E-04 2.559711544612602624E-04 2.417398793165018926E-04 3.585873051631241547E-04 3.843494051673996604E-04 3.205063582495928844E-04 3.749738616778357085E-04 4.927429147047363315E-04 6.624663101869347412E-04 6.907094322491111413E-04 7.069602220546095843E-04 5.850188774622402119E-04 5.815998538990246490E-04 5.359993073419067012E-04 4.568259473314863726E-04 3.704494574643202938E-04 4.585794669454441993E-04 3.996025084377116785E-04 3.671498467051026145E-04 3.717191867756528966E-04 4.075071375787138700E-04 4.690519249189603287E-04 3.867446894547178272E-04 4.451418689820492674E-04 4.649801429036919012E-04 3.520167458882877379E-04 4.054710569068927938E-04 3.162547123027907776E-04 3.426710441520308399E-04 3.015656362969571305E-04 2.750654098181105553E-04 3.099544874439204940E-04 3.233899753017232159E-04 3.421712429421722938E-04 3.528423321990367461E-04 3.238553408680359545E-04 3.674869665514771317E-04 3.342232976839826903E-04 3.333473056296239363E-04 2.939235604136814688E-04 3.599782886523135873E-04 3.033706122374183866E-04 2.557480455764263999E-04 2.265942269856886738E-04 2.085557740318655102E-04 2.292979149059803728E-04 2.402126282123217453E-04 2.566698479640799804E-04 2.828907344218781271E-04 2.924268720348770158E-04 2.705349172739802510E-04 2.544575453492900117E-04 3.168665140860320566E-04 4.467631456306048296E-04 5.216103612688465863E-04 3.902097828878859525E-04 3.505204953818965804E-04 2.941999184696794689E-04 3.037967680533796883E-04 2.743620919659422400E-04 2.899439393071491229E-04 2.897682113368791842E-04 2.124384552497630594E-04 2.120789980805946103E-04 1.935466513485064146E-04 2.502546773961856325E-04 2.507826658532678258E-04 2.305919449009324158E-04 2.720864527530811707E-04 2.676800497045523893E-04 3.475748599019410647E-04 3.053359127205068700E-04 2.725830631374129027E-04 2.568964633802746367E-04 2.911668965621420566E-04 4.123758701565100873E-04 4.003229519002596184E-04 5.114797902703890724E-04 4.981228793634938454E-04 4.679616768432941134E-04 5.104829842805524986E-04 6.840566075257597861E-04 7.191005207004513670E-04 1.000000000000000021E-03 1.000000000000000021E-03 1.000000000000000021E-03 1.000000000000000021E-03 1.000000000000000021E-03 1.000000000000000021E-03 1.000000000000000021E-03 1.000000000000000021E-03 1.000000000000000021E-03 1.000000000000000021E-03 1.000000000000000021E-03 1.000000000000000021E-03 1.000000000000000021E-03 1.000000000000000021E-03 1.000000000000000021E-03 1.000000000000000021E-03 1.000000000000000021E-03 1.000000000000000021E-03 1.000000000000000021E-03 1.000000000000000021E-03 1.000000000000000021E-03 1.000000000000000021E-03 1.000000000000000021E-03 1.000000000000000021E-03 1.000000000000000021E-03 1.000000000000000021E-03 1.000000000000000021E-03 1.000000000000000021E-03 1.000000000000000021E-03 1.000000000000000021E-03 1.000000000000000021E-03 1.000000000000000021E-03 1.000000000000000021E-03 1.000000000000000021E-03 1.000000000000000021E-03 1.000000000000000021E-03 1.000000000000000021E-03 1.000000000000000021E-03 1.000000000000000021E-03 1.000000000000000021E-03 1.000000000000000021E-03 1.000000000000000021E-03 1.000000000000000021E-03 1.000000000000000021E-03 1.000000000000000021E-03 1.000000000000000021E-03 1.000000000000000021E-03 1.000000000000000021E-03
1.000000000000000021E-03 1.000000000000000021E-03 1.000000000000000021E-03 1.000000000000000021E-03 1.000000000000000021E-03 1.000000000000000021E-03 1.000000000000000021E-03 1.000000000000000021E-03 3.014539018272898493E-04 3.174265767548286221E-04 2.672878506982509419E-04 2.557862116970612281E-04 2.826776217495386313E-04 3.022122565287540760E-04 2.781736905749024324E-04 2.782376843595819427E-04 2.711353184387559805E-04 3.234561082104923935E-04 2.968319415335314289E-04 3.000394560834878624E-04 2.971743085461432633E-04 2.527396076890731959E-04 3.140542398473675245E-04 3.715020883918940188E-04 3.749773123678146365E-04 3.312425171959462646E-04 3.592781037475871117E-04 4.668427096394654903E-04 6.641404565660770669E-04 6.655167528335167743E-04 6.938888009463590762E-04 6.966306978655073014E-04 5.094780672501653465E-04 4.243845977553147909E-04 4.343587751194984570E-04 4.666981626362119349E-04 4.068781966620090549E-04 3.699515374005357834E-04 4.096960822741346374E-04 3.889202375043707268E-04 3.795524337345550681E-04 4.226955515071381935E-04 4.167774275477893384E-04 4.011964077591897884E-04 4.501008152978028384E-04 4.055066357993091734E-04 3.301793572994212757E-04 3.780730397207845875E-04 2.866072282202583674E-04 3.143481267094878386E-04 2.344837890335833819E-04 2.921027197819573199E-04 3.326793320746924010E-04 2.696557732126270016E-04 3.069561787803050065E-04 3.907459506924667670E-04 3.412572892462184234E-04 3.816380421556012830E-04 3.792282537114637932E-04 2.742469096608501347E-04 2.736398828252814119E-04 3.181224370919702037E-04 2.527694836858766347E-04 2.427297510225637591E-04 1.943284319636049003E-04 1.883811883193579353E-04 2.380469996586840416E-04 2.829345171638791433E-04 2.690822411205894471E-04 3.189364756125514285E-04 3.121860959215186078E-04 3.149376257851363805E-04 3.637045562016660632E-04 4.397381151476619779E-04 3.879837574846929735E-04 3.930341165356561841E-04 3.267870157179064553E-04 2.905085089050789163E-04 3.427528361606487373E-04 2.695754701645222576E-04 3.413324910775940258E-04 2.601408963570614507E-04 2.371062015777433511E-04 2.137239619388978129E-04 2.913588194451664781E-04 3.165441139626670318E-04 3.233549160679219663E-04 3.373689955572620083E-04 3.214077771092710921E-04 3.350754059977462183E-04 3.922602042347827470E-04 3.226832114967417646E-04 3.021099938596216662E-04 2.913248882447967572E-04 2.751735054255994607E-04 3.887229486333814116E-04 4.114952754929590692E-04 3.651217751405578496E-04 4.121278524699919826E-04 4.417265150040097939E-04 4.223071403232144406E-04 5.615971580112655813E-04 6.069658475564233737E-04 1.000000000000000021E-03 1.000000000000000021E-03 1.000000000000000021E-03 1.000000000000000021E-03 1.000000000000000021E-03 1.000000000000000021E-03 1.000000000000000021E-03 1.000000000000000021E-03 1.000000000000000021E-03 1.000000000000000021E-03 1.000000000000000021E-03 1.000000000000000021E-03 1.000000000000000021E-03 1.000000000000000021E-03 1.000000000000000021E-03 1.000000000000000021E-03 1.000000000000000021E-03 1.000000000000000021E-03 1.000000000000000021E-03 1.000000000000000021E-03 1.000000000000000021E-03 1.000000000000000021E-03 1.000000000000000021E-03 1.000000000000000021E-03 1.000000000000000021E-03 1.000000000000000021E-03 1.000000000000000021E-03 1.000000000000000021E-03 1.000000000000000021E-03 1.000000000000000021E-03 1.000000000000000021E-03 1.000000000000000021E-03 1.000000000000000021E-03 1.000000000000000021E-03 1.000000000000000021E-03 1.000000000000000021E-03 1.000000000000000021E-03 1.000000000000000021E-03 1.000000000000000021E-03 1.000000000000000021E-03 1.000000000000000021E-03 1.000000000000000021E-03 1.000000000000000021E-03 1.000000000000000021E-03 1.000000000000000021E-03 1.000000000000000021E-03 1.000000000000000021E-03 1.000000000000000021E-03
1.000000000000000021E-03 1.000000000000000021E-03 1.000000000000000021E-03 1.000000000000000021E-03 1.000000000000000021E-03 1.000000000000000021E-03 1.000000000000000021E-03 2.928382417163715454E-04 2.724392983309898201E-04 2.979392077864087334E-04 2.970269828282072586E-04 3.234135203333006318E-04 2.920914019350891806E-04 3.332793192801105069E-04 3.388552298949343549E-04 2.754814670876782690E-04 3.086385428655586262E-04 3.119344957180855433E-04 2.939779408028371185E-04 3.230241861796616289E-04 2.732582363321441944E-04 2.517033728944424145E-04 2.655434546009002470E-04 3.074969035475601069E-04 3.494451150371375705E-04 3.454621856471904308E-04 4.546466269813513963E-04 5.555733471785719848E-04 5.587420030410231468E-04 6.455936473624188489E-04 6.138800309009458892E-04 4.377779140925886023E-04 4.693613139211097636E-04 4.757628929227745280E-04 3.897083103750427816E-04 4.356857812408685467E-04 4.369659156696893113E-04 3.217646121666907564E-04 3.753560530847303801E-04 3.465023616961187994E-04 3.965304116736419258E-04 3.747321763250443171E-04 3.630206110827352258E-04 4.428746654156223445E-04 3.387436255832516701E-04 3.953654589249902475E-04 4.354132360370908061E-04 3.698609423252110931E-04 3.254213370294348510E-04 3.185495256278649662E-04 2.583999306386407257E-04 3.063208804703428556E-04 3.131332115688357457E-04 2.414312819946092090E-04 2.720896105709629193E-04 3.808913219797674019E-04 3.143627200756255878E-04 4.083258824034644973E-04 3.923820035935590830E-04 3.485890650964153519E-04 3.065835570436354230E-04 2.926034863359053620E-04 2.508284383695984655E-04 2.419989498719882443E-04 2.058374194992644015E-04 2.389593895805666051E-04 2.711405624288669978E-04 3.000283452696202754E-04 3.523197065946616596E-04 3.479656455685647444E-04 3.622075774474244276E-04 3.327246170247333983E-04 3.127489970036162839E-04 3.568802089500790393E-04 3.132646691553833945E-04 3.394559574900410381E-04 3.629452942076312276E-04 3.266885978769989399E-04 3.327763720975553097E-04 3.231280612919885204E-04 2.569913478371513684E-04 2.668384243762903299E-04 2.512377100902015575E-04 2.864285957337525603E-04 3.139006854843859285E-04 3.212519885309899660E-04 3.635028640825703917E-04 3.600543460820944657E-04 3.308372304208399102E-04 3.592934306819064831E-04 3.976334706172769662E-04 3.720306691620700211E-04 3.256738101359539376E-04 3.113216556471394276E-04 3.400335590038856630E-04 4.479978444555315974E-04 4.873712983650513135E-04 4.640297335754233594E-04 4.555530583007867586E-04 4.564030919748795633E-04 4.288013970427630096E-04 4.622893719043104127E-04 1.000000000000000021E-03 1.000000000000000021E-03 1.000000000000000021E-03 1.000000000000000021E-03 1.000000000000000021E-03 1.000000000000000021E-03 1.000000000000000021E-03 1.000000000000000021E-03 1.000000000000000021E-03 1.000000000000000021E-03 1.000000000000000021E-03 1.000000000000000021E-03 1.000000000000000021E-03 1.000000000000000021E-03 1.000000000000000021E-03 1.000000000000000021E-03 1.000000000000000021E-03 1.000000000000000021E-03 1.000000000000000021E-03 1.000000000000000021E-03 1.000000000000000021E-03 1.000000000000000021E-03 1.000000000000000021E-03 1.000000000000000021E-03 1.000000000000000021E-03 1.000000000000000021E-03 1.000000000000000021E-03 1.000000000000000021E-03 1.000000000000000021E-03 1.000000000000000021E-03 1.000000000000000021E-03 1.000000000000000021E-03 1.000000000000000021E-03 1.000000000000000021E-03 1.000000000000000021E-03 1.000000000000000021E-03 1.000000000000000021E-03 1.000000000000000021E-03 1.000000000000000021E-03 1.000000000000000021E-03 1.000000000000000021E-03 1.000000000000000021E-03 1.000000000000000021E-03 1.000000000000000021E-03 1.000000000000000021E-03 1.000000000000000021E-03 1.000000000000000021E-03 1.000000000000000021E-03 1.000000000000000021E-03
1.000000000000000021E-03 1.000000000000000021E-03 1.000000000000000021E-03 1.000000000000000021E-03 1.000000000000000021E-03 1.000000000000000021E-03 1.000000000000000021E-03 2.685496509129904250E-04 3.194701020488149574E-04 3.054535575382554902E-04 2.953270930413308382E-04 3.214793768525614211E-04 3.424637862063506098E-04 3.608065553654603535E-04 3.543981018735754026E-04 3.403339322849342112E-04 3.119771058677075159E-04 3.288494606079769259E-04 3.768018043771387488E-04 3.195689048414767025E-04 3.156712794203427193E-04 3.033833921985264279E-04 2.650734910121071682E-04 3.312889126307854543E-04 3.591343342015874051E-04 3.747281325246291906E-04 4.761717463455198969E-04 4.754958016820450082E-04 4.881201621863147074E-04 5.696949111974001232E-04 5.427709306321166528E-04 4.685935102683209822E-04 4.747484767598864411E-04 4.171208570855614224E-04 3.785337089669025081E-04 4.089795142323249233E-04 4.026541403843397976E-04 3.566313024479675982E-04 3.329991100431376350E-04 3.528166394824380769E-04 3.909830969479662229E-04 4.330008568122502809E-04 4.417407287815750547E-04 4.215103802871011203E-04 3.144742034836198446E-04 4.409055534842943745E-04 4.420478035787622794E-04 4.481692468326459004E-04 3.176590813731173667E-04 3.043550311107062105E-04 3.146506163382748822E-04 2.433595232359597261E-04 2.362263975450746298E-04 3.164142969364101897E-04 3.106656550281530912E-04 3.826132293366946721E-04 3.456980587742424947E-04 3.842865454803683534E-04 3.801277725566989669E-04 3.254888612943866938E-04 3.278422465082628137E-04 3.088318608687151516E-04 2.934378146331595026E-04 3.155229170228687112E-04 2.974103030374263294E-04 3.659528444737083098E-04 2.983296802522967758E-04 4.118430415605275419E-04 3.822917257202534664E-04 3.930309885215122552E-04 2.961408177613179381E-04 3.102004557456571466E-04 3.576831013266269094E-04 2.648608264652761073E-04 2.750506289912739324E-04 3.214538980426843518E-04 3.426793207201899653E-04 3.399818796050098650E-04 3.825923614462564009E-04 3.431038074273912619E-04 2.945268195933682491E-04 3.121610255615888513E-04 3.116090523585852588E-04 2.876020697096632554E-04 3.581408479869203302E-04 3.711229684409836989E-04 3.809381934688977397E-04 3.482509469592738886E-04 3.819776402540284838E-04 4.139280030136834173E-04 3.726060756691373411E-04 3.816658194158569438E-04 4.756577594645615414E-04 4.608579556942830522E-04 4.055291982564430140E-04 5.078298328901976804E-04 4.769207007541927178E-04 4.414455088346200002E-04 4.102080655466373588E-04 4.842742078637586817E-04 5.678031544343020145E-04 5.718126364392825617E-04 1.000000000000000021E-03 1.000000000000000021E-03 1.000000000000000021E-03 1.000000000000000021E-03 1.000000000000000021E-03 1.000000000000000021E-03 1.000000000000000021E-03 1.000000000000000021E-03 1.000000000000000021E-03 1.000000000000000021E-03 1.000000000000000021E-03 1.000000000000000021E-03 1.000000000000000021E-03 1.000000000000000021E-03 1.000000000000000021E-03 1.000000000000000021E-03 1.000000000000000021E-03 1.000000000000000021E-03 1.000000000000000021E-03 1.000000000000000021E-03 1.000000000000000021E-03 1.000000000000000021E-03 1.000000000000000021E-03 1.000000000000000021E-03 1.000000000000000021E-03 1.000000000000000021E-03 1.000000000000000021E-03 1.000000000000000021E-03 1.000000000000000021E-03 1.000000000000000021E-03 1.000000000000000021E-03 1.000000000000000021E-03 1.000000000000000021E-03 1.000000000000000021E-03 1.000000000000000021E-03 1.000000000000000021E-03 1.000000000000000021E-03 1.000000000000000021E-03 1.000000000000000021E-03 1.000000000000000021E-03 1.000000000000000021E-03 1.000000000000000021E-03 1.000000000000000021E-03 1.000000000000000021E-03 1.000000000000000021E-03 1.000000000000000021E-03 1.000000000000000021E-03 1.000000000000000021E-03 1.000000000000000021E-03
1.000000000000000021E-03 1.000000000000000021E-03 1.000000000000000021E-03 1.000000000000000021E-03 1.000000000000000021E-03 1.000000000000000021E-03 2.581706521715213258E-04 3.200930991532722081E-04 2.999168181422847746E-04 3.025126098629842301E-04 3.344328793328967659E-04 3.758694670425077248E-04 3.823463387562147449E-04 4.412634578056389995E-04 4.061480563422734591E-04 2.790704467892711851E-04 2.607323369514757917E-04 2.996704843235208863E-04 3.011609601154276693E-04 3.257438558517470857E-04 3.113529037117616569E-04 3.219459811444833346E-04 4.147844675492901555E-04 4.281526438860213811E-04 3.496987216396711001E-04 4.096320953061932191E-04 4.208724886792367028E-04 4.517299614515793188E-04 4.035208604108730685E-04 4.668606859441643562E-04 5.712877450990435204E-04 4.371576205789449781E-04 3.167415254403655833E-04 3.567453998009084714E-04 4.318020696652752409E-04 4.045270713792214470E-04 3.670360160705902802E-04 3.349253224596130708E-04 3.378866661826206478E-04 2.727418720366033109E-04 3.219225581990013295E-04 4.575525223643963800E-04 4.969945115545469378E-04 4.447328125895192558E-04 3.820728276773282693E-04 4.432178766029816453E-04 3.944187663307394836E-04 3.295447683671033157E-04 3.849096846270896226E-04 3.840461295750624061E-04 2.957643931208299524E-04 2.645392522642068069E-04 2.971593094860852159E-04 3.315316712783699478E-04 3.773579007412494225E-04 3.314799261177656759E-04 3.038590799461581113E-04 3.451243292037495854E-04 3.760292437222208456E-04 3.509343727417421599E-04 3.455105576628472600E-04 2.927473810091285383E-04 2.307764557466429264E-04 3.333425205557410172E-04 3.228250370973669535E-04 2.736707146148071083E-04 3.549178460666587397E-04 4.530122603259877415E-04 4.407922041671884358E-04 4.244813390141017207E-04 2.946456386005544986E-04 3.209679734944876229E-04 3.243802073374685182E-04 2.702407800151770565E-04 2.568043026704725776E-04 3.156086776981323035E-04 3.044137561659526758E-04 3.059867108543823638E-04 3.172917245381171470E-04 2.346943185630844669E-04 3.097584703325044811E-04 2.803791188641484842E-04 2.867929037336496706E-04 3.054553939503616396E-04 3.825399179935405495E-04 3.718590841105462105E-04 4.503122416645619183E-04 3.596030560638401540E-04 3.938216135074373804E-04 4.610385424254773504E-04 3.373180407400528497E-04 4.770572078158668607E-04 5.098191831587032706E-04 5.251131110009806631E-04 5.228195487808203704E-04 4.805043649820626723E-04 5.384345523750628604E-04 4.626941128162151765E-04 5.690257491371969586E-04 6.016004830141722650E-04 6.279384634585086352E-04 5.842814652198049250E-04 1.000000000000000021E-03 1.000000000000000021E-03 1.000000000000000021E-03 1.000000000000000021E-03 1.000000000000000021E-03 1.000000000000000021E-03 1.000000000000000021E-03 1.000000000000000021E-03 1.000000000000000021E-03 1.000000000000000021E-03 1.000000000000000021E-03 1.000000000000000021E-03 1.000000000000000021E-03 1.000000000000000021E-03 1.000000000000000021E-03 1.000000000000000021E-03 1.000000000000000021E-03 1.000000000000000021E-03 1.000000000000000021E-03 1.000000000000000021E-03 1.000000000000000021E-03 1.000000000000000021E-03 1.000000000000000021E-03 1.000000000000000021E-03 1.000000000000000021E-03 1.000000000000000021E-03 1.000000000000000021E-03 1.000000000000000021E-03 1.000000000000000021E-03 1.000000000000000021E-03 1.000000000000000021E-03 1.000000000000000021E-03 1.000000000000000021E-03 1.000000000000000021E-03 1.000000000000000021E-03 1.000000000000000021E-03 1.000000000000000021E-03 1.000000000000000021E-03 1.000000000000000021E-03 1.000000000000000021E-03 1.000000000000000021E-03 1.000000000000000021E-03 1.000000000000000021E-03 1.000000000000000021E-03 1.000000000000000021E-03 1.000000000000000021E-03 1.000000000000000021E-03 1.000000000000000021E-03 1.000000000000000021E-03
1.000000000000000021E-03 1.000000000000000021E-03 1.000000000000000021E-03 1.000000000000000021E-03 1.000000000000000021E-03 1.000000000000000021E-03 2.402334454385578535E-04 2.878507265701019655E-04 3.481203605211542654E-04 3.318347288874981906E-04 3.708826088650193334E-04 3.905605765411220552E-04 4.397820202656907624E-04 4.210826659118889221E-04 3.646160853040726776E-04 2.710831253084771699E-04 2.435394400895979296E-04 2.644436768044673442E-04 2.808853583397173605E-04 3.185988426133722117E-04 3.365267198701713089E-04 3.495282841216742044E-04 4.838828473406321619E-04 3.952093449347470421E-04 3.794592622663262916E-04 4.750345009467280477E-04 4.230905638024347413E-04 4.252377515287767860E-04 4.008176363180686384E-04 3.923983989326575443E-04 4.414889004985567697E-04 3.617519557945896871E-04 3.025346831200678103E-04 3.477537442377994967E-04 4.408405687973262566E-04 3.672772760340005621E-04 3.273963694045705524E-04 3.234937455431608996E-04 3.047939858655439663E-04 3.687061675990636997E-04 4.118354331481189788E-04 3.886681960376004862E-04 3.332195651431698875E-04 3.695169949052959152E-04 3.661652803298825185E-04 3.477584387556761458E-04 3.884985730080434455E-04 3.682480335828260294E-04 4.266044914058571107E-04 3.868163071611430419E-04 3.576685154552495605E-04 2.906809334098267280E-04 3.496939620434779089E-04 3.271631964208280056E-04 4.525040883629909724E-04 3.365516357693527829E-04 3.482551265555218186E-04 3.775284092604307422E-04 3.484894031732610020E-04 4.031372290949364616E-04 3.554666877403902733E-04 2.966972736968818991E-04 3.071404143468184291E-04 2.934563261191775515E-04 2.731726825620609282E-04 3.057111518612573076E-04 3.600195414430524448E-04 4.490744122130537743E-04 4.369724026698570832E-04 4.105249797997399331E-04 3.035986106717529411E-04 3.503454729836804411E-04 3.219432968591035330E-04 3.046983249109661354E-04 2.949401658830616189E-04 2.755570563247486350E-04 2.645554380379693720E-04 2.752075686338352999E-04 2.433442731691130823E-04 2.257939778316629014E-04 2.517956759169712893E-04 2.725491025774358800E-04 2.965735280088224908E-04 3.447972346699725672E-04 3.396008630570412673E-04 4.221874325284270574E-04 3.520011760301726498E-04 3.350429536093254244E-04 4.758608080680146158E-04 5.227714156489815956E-04 4.403628076615796749E-04 5.469457355914373329E-04 5.860221024888477657E-04 8.180008960816701705E-04 5.916803485678675222E-04 6.497221983752942027E-04 5.948145539777887052E-04 6.048266073260569978E-04 7.587128554185844191E-04 6.995518202265484358E-04 6.025255059194168424E-04 1.000000000000000021E-03 1.000000000000000021E-03 1.000000000000000021E-03 1.000000000000000021E-03 1.000000000000000021E-03 1.000000000000000021E-03 1.000000000000000021E-03 1.000000000000000021E-03 1.000000000000000021E-03 1.000000000000000021E-03 1.000000000000000021E-03 1.000000000000000021E-03 1.000000000000000021E-03 1.000000000000000021E-03 1.000000000000000021E-03 1.000000000000000021E-03 1.000000000000000021E-03 1.000000000000000021E-03 1.000000000000000021E-03 1.000000000000000021E-03 1.000000000000000021E-03 1.000000000000000021E-03 1.000000000000000021E-03 1.000000000000000021E-03 1.000000000000000021E-03 1.000000000000000021E-03 1.000000000000000021E-03 1.000000000000000021E-03 1.000000000000000021E-03 1.000000000000000021E-03 1.000000000000000021E-03 1.000000000000000021E-03 1.000000000000000021E-03 1.000000000000000021E-03 1.000000000000000021E-03 1.000000000000000021E-03 1.000000000000000021E-03 1.000000000000000021E-03 1.000000000000000021E-03 1.000000000000000021E-03 1.000000000000000021E-03 1.000000000000000021E-03 1.000000000000000021E-03 1.000000000000000021E-03 1.000000000000000021E-03 1.000000000000000021E-03 1.000000000000000021E-03 1.000000000000000021E-03 1.000000000000000021E-03 1.000000000000000021E-03
1.000000000000000021E-03 1.000000000000000021E-03 1.000000000000000021E-03 1.000000000000000021E-03 1.000000000000000021E-03 3.404663374453759388E-04 3.247333906710125309E-04 3.019191768559641663E-04 3.492256780526335628E-04 3.906344219115010169E-04 4.483382025545250217E-04 4.095527438608326156E-04 3.849072773055083963E-04 3.824020315480200580E-04 3.234641294805541863E-04 2.582461374195688412E-04 2.466245397202911126E-04 2.178591664777463721E-04 2.564554476682222588E-04 3.018059872604500829E-04 3.186587131071538770E-04 4.083034019584445536E-04 4.054069655355087244E-04 3.829014689676732875E-04 3.320748634365235249E-04 3.753685529821075887E-04 3.284315075341553958E-04 4.028082502316681734E-04 3.309013677168551023E-04 3.955171318892960488E-04 4.140824854266383090E-04 3.985618727956395484E-04 4.069419437520680502E-04 3.879786092390649361E-04 4.451694005527586924E-04 4.191511051138644296E-04 3.217029165502972919E-04 2.815357189715821606E-04 2.850385489459094442E-04 3.448680371811814385E-04 3.084169576098523048E-04 2.812468146239466651E-04 2.882091409883536870E-04 3.204069429451189273E-04 3.427910569573315428E-04 3.453429347082240708E-04 4.811746058940865418E-04 4.061649638217610454E-04 3.926199229286433706E-04 4.239619280258961355E-04 3.449368073325811100E-04 2.946783131649918634E-04 3.878580574733805865E-04 3.234498569681988904E-04 3.778846271232073027E-04 3.241353738818037442E-04 3.566228898683254721E-04 4.073051729034660715E-04 3.307798563506559805E-04 3.890612899070514975E-04 3.574138614925255388E-04 3.988028049447506869E-04 3.325113518705919238E-04 3.733783005476527393E-04 3.353839434888841037E-04 2.864878145735382160E-04 3.958761938952059102E-04 4.123184362317222997E-04 4.837481110701222198E-04 3.491971319729850415E-04 2.908959731266313044E-04 3.769832368748247736E-04 3.520016105370593379E-04 2.697147094493196036E-04 2.274432427004599870E-04 2.942608380319516859E-04 2.304331642414887574E-04 2.328895396241906137E-04 2.298005509765249047E-04 2.568034791298423017E-04 2.715218130685681931E-04 3.370476082025593745E-04 2.736765211301554540E-04 3.262704972494297607E-04 3.429826341060968173E-04 3.245318870666952997E-04 3.382534717721143234E-04 3.831001363794908046E-04 5.116749503480939962E-04 5.085447692896366469E-04 4.820572922782913956E-04 5.491689567158422342E-04 6.272298123629574829E-04 5.807883656832217101E-04 6.106060940158077001E-04 6.734114260551448935E-04 7.860163721778409048E-04 7.960281404234299937E-04 7.585647403888362691E-04 6.658451009724621408E-04 7.163667141931562938E-04 1.000000000000000021E-03 1.000000000000000021E-03 1.000000000000000021E-03 1.000000000000000021E-03 1.000000000000000021E-03 1.000000000000000021E-03 1.000000000000000021E-03 1.000000000000000021E-03 1.000000000000000021E-03 1.000000000000000021E-03 1.000000000000000021E-03 1.000000000000000021E-03 1.000000000000000021E-03 1.000000000000000021E-03 1.000000000000000021E-03 1.000000000000000021E-03 1.000000000000000021E-03 1.000000000000000021E-03 1.000000000000000021E-03 1.000000000000000021E-03 1.000000000000000021E-03 1.000000000000000021E-03 1.000000000000000021E-03 1.000000000000000021E-03 1.000000000000000021E-03 1.000000000000000021E-03 1.000000000000000021E-03 1.000000000000000021E-03 1.000000000000000021E-03 1.000000000000000021E-03 1.000000000000000021E-03 1.000000000000000021E-03 1.000000000000000021E-03 1.000000000000000021E-03 1.000000000000000021E-03 1.000000000000000021E-03 1.000000000000000021E-03 1.000000000000000021E-03 1.000000000000000021E-03 1.000000000000000021E-03 1.000000000000000021E-03 1.000000000000000021E-03 1.000000000000000021E-03 1.000000000000000021E-03 1.000000000000000021E-03 1.000000000000000021E-03 1.000000000000000021E-03 1.000000000000000021E-03 1.000000000000000021E-03 1.000000000000000021E-03
1.000000000000000021E-03 1.000000000000000021E-03 1.000000000000000021E-03 1.000000000000000021E-03 1.000000000000000021E-03 3.541774123752911485E-04 3.956735322594907454E-04 3.724028922589659070E-04 3.203395353318740416E-04 3.773495043143378167E-04 4.176690885663591774E-04 3.730705676351173269E-04 4.035903700075772608E-04 3.128941542088782275E-04 3.688454751937857113E-04 2.738661773288326041E-04 2.836263936880036767E-04 2.769508452972095441E-04 2.381560957048896256E-04 3.025379398416325454E-04 3.366562016414211813E-04 4.204215665174849742E-04 4.193585800807968656E-04 4.075697678960922945E-04 3.035031291304789852E-04 2.846713641798811426E-04 2.791641164362626895E-04 3.264877740054399611E-04 3.366011065705759977E-04 3.200446206807993602E-04 3.660677593226722613E-04 3.806381857049594771E-04 4.003216803026777215E-04 2.943663367833477445E-04 4.152431021316323970E-04 4.796863479291758143E-04 3.842100340004889572E-04 3.467170041499174102E-04 2.907121298438104990E-04 3.457130843196891314E-04 2.819457768286906464E-04 2.494982588771812093E-04 2.482091595394182921E-04 3.147420483784499172E-04 2.939825900929133673E-04 3.314150361094037674E-04 3.779851910687535995E-04 3.985531525207225640E-04 3.304034887861163460E-04 3.028895623282272021E-04 2.747547005971429546E-04 2.892627088500618554E-04 2.936753729106600028E-04 2.701032910063004902E-04 2.854974273008401725E-04 3.546594991991586883E-04 3.804574467757758328E-04 3.622399100533678818E-04 3.939217322662429068E-04 4.322556203361907143E-04 5.675163774035603403E-04 4.157131736423346781E-04 4.310860800612333716E-04 3.263287998868268287E-04 3.577619572890296273E-04 3.489119790003045239E-04 2.639374791028860573E-04 3.385278704742954886E-04 4.069234163174906336E-04 3.870305714760744289E-04 4.191885042359560750E-04 3.579489477567013214E-04 3.010837762395638414E-04 2.935119914483893589E-04 2.422478474143683453E-04 2.246233650024478566E-04 2.523975402050807710E-04 2.086979554032383592E-04 2.511107958406948583E-04 2.697373020076233190E-04 3.192832867226130041E-04 2.876352258787169959E-04 3.728524167452256367E-04 4.189818365469758074E-04 3.475578970347247324E-04 3.142899188300116273E-04 3.934739308475339596E-04 3.977291541542099453E-04 4.375194430180792357E-04 5.062165303294610978E-04 5.704161261946567429E-04 5.912238632234399814E-04 5.480451145548324594E-04 5.233086623515001423E-04 5.693461591742468965E-04 6.720431021779264824E-04 8.448698758132455397E-04 8.937493007620506786E-04 8.763967626197999815E-04 7.303428447901315476E-04 7.357403743764487055E-04 1.000000000000000021E-03 1.000000000000000021E-03 1.000000000000000021E-03 1.000000000000000021E-03 1.000000000000000021E-03 1.000000000000000021E-03 1.000000000000000021E-03 1.000000000000000021E-03 1.000000000000000021E-03 1.000000000000000021E-03 1.000000000000000021E-03 1.000000000000000021E-03 1.000000000000000021E-03 1.000000000000000021E-03 1.000000000000000021E-03 1.000000000000000021E-03 1.000000000000000021E-03 1.000000000000000021E-03 1.000000000000000021E-03 1.000000000000000021E-03 1.000000000000000021E-03 1.000000000000000021E-03 1.000000000000000021E-03 1.000000000000000021E-03 1.000000000000000021E-03 1.000000000000000021E-03 1.000000000000000021E-03 1.000000000000000021E-03 1.000000000000000021E-03 1.000000000000000021E-03 1.000000000000000021E-03 1.000000000000000021E-03 1.000000000000000021E-03 1.000000000000000021E-03 1.000000000000000021E-03 1.000000000000000021E-03 1.000000000000000021E-03 1.000000000000000021E-03 1.000000000000000021E-03 1.000000000000000021E-03 1.000000000000000021E-03 1.000000000000000021E-03 1.000000000000000021E-03 1.000000000000000021E-03 1.000000000000000021E-03 1.000000000000000021E-03 1.000000000000000021E-03 1.000000000000000021E-03 1.000000000000000021E-03 1.000000000000000021E-03
1.000000000000000021E-03 1.000000000000000021E-03 1.000000000000000021E-03 1.000000000000000021E-03 1.000000000000000021E-03 4.164681376467651588E-04 4.071669421437128559E-04 4.084319057842253548E-04 2.978034092873233472E-04 3.465836704572241612E-04 4.382557166636011554E-04 3.824151842684490139E-04 4.379661570125706165E-04 4.017284045499505728E-04 3.625590025444582246E-04 2.927936282112622666E-04 3.063281732971967139E-04 3.053663522735443228E-04 3.267068117447028265E-04 3.687292916457421562E-04 3.589816494651481898E-04 3.722376781027809923E-04 4.001849865121704991E-04 3.642035653476185012E-04 3.869011708035266376E-04 3.358702908978955558E-04 2.863589948697358128E-04 2.794615560956659889E-04 3.116581958256263072E-04 3.094865382807843505E-04 2.391883896156462924E-04 3.333053181832012438E-04 2.975246510078019394E-04 2.986949993886311061E-04 3.899559533967250548E-04 3.700287554843272801E-04 3.883360186322785306E-04 3.904805459589393143E-04 3.915924731231715684E-04 3.253753946330305530E-04 3.720632536614827202E-04 3.132415886405267485E-04 3.010041104810689074E-04 3.476962746496873647E-04 2.805488402612271183E-04 2.614014764803986751E-04 3.193443938484349280E-04 2.898120315402404404E-04 2.549312415325993299E-04 2.983778866552878797E-04 2.966870822596158540E-04 2.999813104563998456E-04 3.131547688835741635E-04 3.198288190831580983E-04 2.611209555553979308E-04 3.547587693449494491E-04 3.843485904641804935E-04 4.356373604949235210E-04 4.449585659502760279E-04 4.701490033743913164E-04 5.332057941208449576E-04 5.428602030906933950E-04 4.690457904399787897E-04 3.949802947357203839E-04 4.087994337947599877E-04 3.836078509321602941E-04 3.764174262568276163E-04 3.856404730116994440E-04 3.884806988926253258E-04 3.775661814532546806E-04 4.223862246823667510E-04 3.375216644275285901E-04 2.997267505109384948E-04 2.605201409532099119E-04 3.238490185921762154E-04 2.311132042396566485E-04 2.557866798402762851E-04 2.118890952843069104E-04 2.365895786031343116E-04 2.664205123447147905E-04 2.961661905218426023E-04 2.914124746938663623E-04 3.810420454997642229E-04 3.798536269675898617E-04 3.480067380442120506E-04 2.949559576359673889E-04 3.363146571354346014E-04 4.183810329839546022E-04 4.155921543398277034E-04 7.216460599167168199E-04 7.114353695720079329E-04 6.067896387022450036E-04 5.109111574950471295E-04 4.839001908075194684E-04 5.376204455399117600E-04 6.888728243819830207E-04 7.387146962709881465E-04 6.650837393985444684E-04 6.534165033475851630E-04 8.077580759398822041E-04 1.000000000000000021E-03 1.000000000000000021E-03 1.000000000000000021E-03 1.000000000000000021E-03 1.000000000000000021E-03 1.000000000000000021E-03 1.000000000000000021E-03 1.000000000000000021E-03 1.000000000000000021E-03 1.000000000000000021E-03 1.000000000000000021E-03 1.000000000000000021E-03 1.000000000000000021E-03 1.000000000000000021E-03 1.000000000000000021E-03 1.000000000000000021E-03 1.000000000000000021E-03 1.000000000000000021E-03 1.000000000000000021E-03 1.000000000000000021E-03 1.000000000000000021E-03 1.000000000000000021E-03 1.000000000000000021E-03 1.000000000000000021E-03 1.000000000000000021E-03 1.000000000000000021E-03 1.000000000000000021E-03 1.000000000000000021E-03 1.000000000000000021E-03 1.000000000000000021E-03 1.000000000000000021E-03 1.000000000000000021E-03 1.000000000000000021E-03 1.000000000000000021E-03 1.000000000000000021E-03 1.000000000000000021E-03 1.000000000000000021E-03 1.000000000000000021E-03 1.000000000000000021E-03 1.000000000000000021E-03 1.000000000000000021E-03 1.000000000000000021E-03 1.000000000000000021E-03 1.000000000000000021E-03 1.000000000000000021E-03 1.000000000000000021E-03 1.000000000000000021E-03 1.000000000000000021E-03 1.000000000000000021E-03 1.000000000000000021E-03 1.000000000000000021E-03
1.000000000000000021E-03 1.000000000000000021E-03 1.000000000000000021E-03 1.000000000000000021E-03 3.461800110798012161E-04 3.882717119058033337E-04 3.284492459697062176E-04 2.951616783676330649E-04 2.913180851910180768E-04 2.661857896625736118E-04 3.136723282126399289E-04 3.077625663584580146E-04 3.654288481670431082E-04 3.501168733077265698E-04 3.014062131221218323E-04 3.045261330287901908E-04 3.079952262431240968E-04 3.183882959193831425E-04 2.998428236758270138E-04 3.214952986334895031E-04 3.863866030989747966E-04 3.349377573602388631E-04 3.191809584428469148E-04 3.595351451569256699E-04 3.392147346935327993E-04 2.888880463109381601E-04 2.929473292684741390E-04 3.010193508617619793E-04 3.117269721582130513E-04 3.063206147134423202E-04 2.598839552586992689E-04 2.783120742483490744E-04 2.272490923335947688E-04 3.311889234660080365E-04 3.167746886993231831E-04 4.105214697647961361E-04 3.202766319346698294E-04 3.596583802879238772E-04 3.916522813519119121E-04 4.219759552985986872E-04 3.756433885760066525E-04 3.120424618621354018E-04 2.769908940180600652E-04 2.976858077963167150E-04 2.781318553703006694E-04 3.337092923361190296E-04 3.191705690644935207E-04 3.981471662830586198E-04 2.896118881000984014E-04 3.335968235657651407E-04 3.668631215645580491E-04 3.310139170134415373E-04 4.087017059191300921E-04 4.110697910026642654E-04 3.874187342876850141E-04 4.154632551779086189E-04 3.662240863322627454E-04 3.424290020959725898E-04 4.422233775692159616E-04 4.409771294716732402E-04 5.550311670431269358E-04 5.670067539929691874E-04 5.327214202850683554E-04 3.764958647745848060E-04 3.909090465098069588E-04 4.027110490548718052E-04 3.951770177185548417E-04 4.060080461044138721E-04 3.771327510327379196E-04 3.753824470460745345E-04 2.876081796512148180E-04 2.918020022323424803E-04 2.760569617153461951E-04 3.256792822458070722E-04 3.101779718920402848E-04 2.789676449983902835E-04 2.946273435446201028E-04 2.179706967211820243E-04 2.035509884569318526E-04 2.411099975678330110E-04 2.860581374626351378E-04 3.402288239879314711E-04 4.007740606841406097E-04 3.643414419684821168E-04 3.809080599993399751E-04 3.773631636392802118E-04 3.365297700445729363E-04 4.625159351594920385E-04 5.065906291615014483E-04 5.548679566714914951E-04 6.115662275342486232E-04 5.947470829194794048E-04 5.794619879449993283E-04 6.094689259357431721E-04 6.204322534430368194E-04 5.042352265189351326E-04 6.960447298458291099E-04 6.428826438587529907E-04 7.117279286529984645E-04 7.950516007195700769E-04 1.000000000000000021E-03 1.000000000000000021E-03 1.000000000000000021E-03 1.000000000000000021E-03 1.000000000000000021E-03 1.000000000000000021E-03 1.000000000000000021E-03 1.000000000000000021E-03 1.000000000000000021E-03 1.000000000000000021E-03 1.000000000000000021E-03 1.000000000000000021E-03 1.000000000000000021E-03 1.000000000000000021E-03 1.000000000000000021E-03 1.000000000000000021E-03 1.000000000000000021E-03 1.000000000000000021E-03 1.000000000000000021E-03 1.000000000000000021E-03 1.000000000000000021E-03 1.000000000000000021E-03 1.000000000000000021E-03 1.000000000000000021E-03 1.000000000000000021E-03 1.000000000000000021E-03 1.000000000000000021E-03 1.000000000000000021E-03 1.000000000000000021E-03 1.000000000000000021E-03 1.000000000000000021E-03 1.000000000000000021E-03 1.000000000000000021E-03 1.000000000000000021E-03 1.000000000000000021E-03 1.000000000000000021E-03 1.000000000000000021E-03 1.000000000000000021E-03 1.000000000000000021E-03 1.000000000000000021E-03 1.000000000000000021E-03 1.000000000000000021E-03 1.000000000000000021E-03 1.000000000000000021E-03 1.000000000000000021E-03 1.000000000000000021E-03 1.000000000000000021E-03 1.000000000000000021E-03 1.000000000000000021E-03 1.000000000000000021E-03 1.000000000000000021E-03
1.000000000000000021E-03 1.000000000000000021E-03 1.000000000000000021E-03 1.000000000000000021E-03 3.930815578776182193E-04 4.025508522257790957E-04 3.648203495037389589E-04 3.105599359772064040E-04 3.556085096544568626E-04 2.780418733358830255E-04 3.083357839012462374E-04 3.388284182750518039E-04 3.086143106628218800E-04 3.808948466328686863E-04 3.080458240966187002E-04 3.577463330415085285E-04 3.703720702767178733E-04 4.104843179209298389E-04 3.655957920013335198E-04 2.998668161587673378E-04 3.900710903888760981E-04 2.936842801009112718E-04 2.923388643620016296E-04 2.778796321382707925E-04 3.096731051695036951E-04 2.842494419344474064E-04 2.875576964689637439E-04 3.037888368525018860E-04 3.410939494645283160E-04 2.685573274335688624E-04 2.251937341520251123E-04 2.667156780833409386E-04 2.688172356452966493E-04 3.121944314138804899E-04 3.114911420121314412E-04 3.341128412792270159E-04 3.588307946715400842E-04 3.412981060299555107E-04 3.857270438605291292E-04 3.673637747006611512E-04 3.744288284925901796E-04 3.449873281071567824E-04 3.028070772259445955E-04 2.701320057966039414E-04 3.064276081457446041E-04 2.683448398486287432E-04 3.384749792480426923E-04 4.046216764265623601E-04 3.732103312612895167E-04 3.839829525225819115E-04 4.217524399734650059E-04 3.386780501467849709E-04 3.983737995361977626E-04 5.056281503872747272E-04 3.862980140718266374E-04 4.389768027373058194E-04 3.351372945044569542E-04 3.631258563925813111E-04 3.881974302952760918E-04 4.015571189936922099E-04 3.969768946515475627E-04 4.651748686703576527E-04 4.378540676626915839E-04 3.824564218786200226E-04 4.101851494593285706E-04 4.944385602530733566E-04 4.268873088595945102E-04 3.909718961104527630E-04 3.537029045103285167E-04 3.215972556626726909E-04 3.164043574171500773E-04 3.169648239611605142E-04 2.600877951220034951E-04 3.165838076820552444E-04 3.083549943762541306E-04 2.820248056513185758E-04 2.477969525852768778E-04 2.113241193610503521E-04 2.420912969885517221E-04 2.658640117258031501E-04 2.806872394628677795E-04 3.976514014254745716E-04 4.142335389659165638E-04 3.461029686037842435E-04 3.709939779427809717E-04 3.761264152664418490E-04 3.200784541773874924E-04 4.320063986350536475E-04 4.453481590867491781E-04 5.724552076935781903E-04 6.050660911453897622E-04 6.748724631125654124E-04 6.746630858098498279E-04 7.281174171081963116E-04 6.805106836451122561E-04 5.839310955727192165E-04 6.221317385775933413E-04 7.372311392307061501E-04 7.337540800405625927E-04 8.251314479427057126E-04 1.000000000000000021E-03 1.000000000000000021E-03 1.000000000000000021E-03 1.000000000000000021E-03 1.000000000000000021E-03 1.000000000000000021E-03 1.000000000000000021E-03 1.000000000000000021E-03 1.000000000000000021E-03 1.000000000000000021E-03 1.000000000000000021E-03 1.000000000000000021E-03 1.000000000000000021E-03 1.000000000000000021E-03 1.000000000000000021E-03 1.000000000000000021E-03 1.000000000000000021E-03 1.000000000000000021E-03 1.000000000000000021E-03 1.000000000000000021E-03 1.000000000000000021E-03 1.000000000000000021E-03 1.000000000000000021E-03 1.000000000000000021E-03 1.000000000000000021E-03 1.000000000000000021E-03 1.000000000000000021E-03 1.000000000000000021E-03 1.000000000000000021E-03 1.000000000000000021E-03 1.000000000000000021E-03 1.000000000000000021E-03 1.000000000000000021E-03 1.000000000000000021E-03 1.000000000000000021E-03 1.000000000000000021E-03 1.000000000000000021E-03 1.000000000000000021E-03 1.000000000000000021E-03 1.000000000000000021E-03 1.000000000000000021E-03 1.000000000000000021E-03 1.000000000000000021E-03 1.000000000000000021E-03 1.000000000000000021E-03 1.000000000000000021E-03 1.000000000000000021E-03 1.000000000000000021E-03 1.000000000000000021E-03 1.000000000000000021E-03 1.000000000000000021E-03
1.000000000000000021E-03 1.000000000000000021E-03 1.000000000000000021E-03 2.976965131884967610E-04 3.834040508698231689E-04 3.935642957977171594E-04 3.658041018401319319E-04 3.316463975900102879E-04 3.527309382549990774E-04 3.467317046571602836E-04 2.947478344839389694E-04 2.472394418078079038E-04 2.886175997032622742E-04 3.356808203613421016E-04 2.911523101424417104E-04 2.877272126768119168E-04 3.024887766190870273E-04 3.612485424553720111E-04 3.847749466895634919E-04 3.004860025143763847E-04 3.044301154228027826E-04 2.473419388178498923E-04 2.291860235729420306E-04 2.373440194719793231E-04 2.595746039485996733E-04 2.629917803227390586E-04 2.339200174117069876E-04 3.133962313574463498E-04 2.694820745475724668E-04 2.479001361172244880E-04 3.018416403838478502E-04 2.414399260815152694E-04 2.639303599967544140E-04 2.836393157210663420E-04 3.870544383898336690E-04 3.621985427088997289E-04 3.958576857154958340E-04 3.892198967984553766E-04 3.693099310200815698E-04 3.979566629581487557E-04 3.885727448384972550E-04 3.376238780229312195E-04 3.363000751638197641E-04 3.040698143142182342E-04 3.084671262703208455E-04 2.798608932386462372E-04 2.860305840094049066E-04 3.321374835485469963E-04 3.504272852356315527E-04 4.352939828195813692E-04 4.683570803819044493E-04 4.725284078029205010E-04 4.070856865182926904E-04 4.499971340778922296E-04 4.887426279187666962E-04 4.198063639735409754E-04 4.273681993162838739E-04 4.254856480452814688E-04 4.501432753843818729E-04 5.051002651222779444E-04 4.858468662869554287E-04 4.431498217142025358E-04 4.019350447012399086E-04 3.294535717439906440E-04 3.413446502629128958E-04 4.351543459578857535E-04 4.849854493941796983E-04 4.076553623760656095E-04 4.200720264403912303E-04 3.821970753454618846E-04 3.881328132296337700E-04 2.771665042795746635E-04 2.833441304828926552E-04 3.157042240486258823E-04 2.875708694599830276E-04 2.304627165514042206E-04 2.051476316420016756E-04 2.187586376677560498E-04 2.796539220121673397E-04 2.785513603293348207E-04 3.354412501453891732E-04 3.712869213633329820E-04 3.974402619202519697E-04 4.984935273007988629E-04 3.890948112057873156E-04 4.276131692800814077E-04 3.498756646941735969E-04 3.049175150274312197E-04 4.630736522306006268E-04 4.578053635456344993E-04 5.788090731134166956E-04 7.047409467750049986E-04 7.101661502478890308E-04 8.033478889261381475E-04 6.844635397925650936E-04 6.636646419968532558E-04 7.105873386742943840E-04 7.676047049613504356E-04 7.867223691020793115E-04 1.000000000000000021E-03 1.000000000000000021E-03 1.000000000000000021E-03 1.000000000000000021E-03 1.000000000000000021E-03 1.000000000000000021E-03 1.000000000000000021E-03 1.000000000000000021E-03 1.000000000000000021E-03 1.000000000000000021E-03 1.000000000000000021E-03 1.000000000000000021E-03 1.000000000000000021E-03 1.000000000000000021E-03 1.000000000000000021E-03 1.000000000000000021E-03 1.000000000000000021E-03 1.000000000000000021E-03 1.000000000000000021E-03 1.000000000000000021E-03 1.000000000000000021E-03 1.000000000000000021E-03 1.000000000000000021E-03 1.000000000000000021E-03 1.000000000000000021E-03 1.000000000000000021E-03 1.000000000000000021E-03 1.000000000000000021E-03 1.000000000000000021E-03 1.000000000000000021E-03 1.000000000000000021E-03 1.000000000000000021E-03 1.000000000000000021E-03 1.000000000000000021E-03 1.000000000000000021E-03 1.000000000000000021E-03 1.000000000000000021E-03 1.000000000000000021E-03 1.000000000000000021E-03 1.000000000000000021E-03 1.000000000000000021E-03 1.000000000000000021E-03 1.000000000000000021E-03 1.000000000000000021E-03 1.000000000000000021E-03 1.000000000000000021E-03 1.000000000000000021E-03 1.000000000000000021E-03 1.000000000000000021E-03 1.000000000000000021E-03 1.000000000000000021E-03 1.000000000000000021E-03
1.000000000000000021E-03 1.000000000000000021E-03 1.000000000000000021E-03 2.754390974128506165E-04 3.490930224136680623E-04 3.887946068319940288E-04 3.714337439535650995E-04 3.417164466620525518E-04 3.280439233710318470E-04 3.128823639922420044E-04 3.138884795938865911E-04 3.070653646031122706E-04 2.698734235292958995E-04 2.343371779033410823E-04 2.691193753848279409E-04 2.817228395120387544E-04 2.870965323877064336E-04 3.242105457727777348E-04 3.662384110556584911E-04 3.095906745296794489E-04 2.837292040707435192E-04 2.882790615800445125E-04 2.618770104288234272E-04 3.346628461124401504E-04 2.531093102769315403E-04 2.680488643407350586E-04 2.222747681732840225E-04 2.453458224390727945E-04 2.979692736285733377E-04 2.839882355530632665E-04 2.827935155418888433E-04 3.141008600959661738E-04 2.560800573410838138E-04 2.785589635133458078E-04 3.514124660267358129E-04 3.076302187450013679E-04 4.324786649479089927E-04 3.934820812655538138E-04 3.727591174862904038E-04 4.260153423468492941E-04 4.385489102460062038E-04 3.139943105386100203E-04 3.347308296055959598E-04 3.917001313392720120E-04 3.219495184029144306E-04 3.302034259211615629E-04 3.025060202641762625E-04 3.261679894362233111E-04 3.661962827940401402E-04 3.822935238613586642E-04 4.007358175692486203E-04 4.973174799922064045E-04 4.483971163740853457E-04 4.429293634626957593E-04 5.001396221050247518E-04 5.371567419281344938E-04 3.574486417834441074E-04 4.432250338241623829E-04 4.827218528965171668E-04 5.783255630359530148E-04 5.199597659536566883E-04 5.452114954271345196E-04 3.744849634708921128E-04 2.586948972212523316E-04 3.160320602217423056E-04 4.300490987251690466E-04 4.402669504725479190E-04 4.198919852153810473E-04 4.457348167063334061E-04 3.996597129523547765E-04 3.684097397271711080E-04 3.494861188589384058E-04 4.145561361233441569E-04 3.413410870504957691E-04 2.806585360581013186E-04 2.308020132613132480E-04 2.096961300302148325E-04 2.162089803433666941E-04 2.511365009102528405E-04 3.881704537317550406E-04 3.646793990171852558E-04 3.260727564386874089E-04 4.340423410199785209E-04 4.788908171621880042E-04 4.807206448405262639E-04 3.923534259780141089E-04 3.566615853444991412E-04 3.588284485881843944E-04 3.613293798774950974E-04 4.413466307418034717E-04 5.248108634766259330E-04 7.326172046052178283E-04 7.026146709639213101E-04 7.642013774177834921E-04 9.222024907548372714E-04 8.206313801487259176E-04 7.672778773008322607E-04 9.084518470211190490E-04 9.025866980537244509E-04 1.000000000000000021E-03 1.000000000000000021E-03 1.000000000000000021E-03 1.000000000000000021E-03 1.000000000000000021E-03 1.000000000000000021E-03 1.000000000000000021E-03 1.000000000000000021E-03 1.000000000000000021E-03 1.000000000000000021E-03 1.000000000000000021E-03 1.000000000000000021E-03 1.000000000000000021E-03 1.000000000000000021E-03 1.000000000000000021E-03 1.000000000000000021E-03 1.000000000000000021E-03 1.000000000000000021E-03 1.000000000000000021E-03 1.000000000000000021E-03 1.000000000000000021E-03 1.000000000000000021E-03 1.000000000000000021E-03 1.000000000000000021E-03 1.000000000000000021E-03 1.000000000000000021E-03 1.000000000000000021E-03 1.000000000000000021E-03 1.000000000000000021E-03 1.000000000000000021E-03 1.000000000000000021E-03 1.000000000000000021E-03 1.000000000000000021E-03 1.000000000000000021E-03 1.000000000000000021E-03 1.000000000000000021E-03 1.000000000000000021E-03 1.000000000000000021E-03 1.000000000000000021E-03 1.000000000000000021E-03 1.000000000000000021E-03 1.000000000000000021E-03 1.000000000000000021E-03 1.000000000000000021E-03 1.000000000000000021E-03 1.000000000000000021E-03 1.000000000000000021E-03 1.000000000000000021E-03 1.000000000000000021E-03 1.000000000000000021E-03 1.000000000000000021E-03 1.000000000000000021E-03
1.000000000000000021E-03 1.000000000000000021E-03 4.366065607673443169E-04 3.982123917481610932E-04 3.894198673890781042E-04 3.729405618969720837E-04 3.201036900459628830E-04 3.033852989171196635E-04 3.299536232524291211E-04 2.878641764930048156E-04 2.869437053773611830E-04 2.859343046170494704E-04 2.605958522871030560E-04 2.249063291209085368E-04 2.036904743447208877E-04 2.153306331161280052E-04 2.539252537072890156E-04 2.546010037994150712E-04 2.970099647349012202E-04 2.914348645412009192E-04 2.456651787698404025E-04 2.914961562425286016E-04 2.668953435249313863E-04 2.491542304689808342E-04 2.622065275806865657E-04 2.967939209435311817E-04 2.401463155656990880E-04 2.686270843994340712E-04 2.869026441167266562E-04 3.158160624263969102E-04 2.903638624960574012E-04 3.093224967283547417E-04 3.241636370713212945E-04 3.047194420893906022E-04 3.351713599997375331E-04 3.323314600912204934E-04 3.406448430119588238E-04 3.350090744800878319E-04 3.353455596583110906E-04 3.892643819032089864E-04 3.381062394284007895E-04 2.988206069941550685E-04 2.794189828371700752E-04 4.114211766641154961E-04 3.752409416921574582E-04 4.028772108196977436E-04 4.155605961367037342E-04 2.665410325486870205E-04 3.062354715273025258E-04 3.991519792215174984E-04 4.378291035777675502E-04 5.630065514168426438E-04 5.249073834525593311E-04 4.675575020229053524E-04 5.060746218036652182E-04 5.307357002567982462E-04 4.256346637725296552E-04 4.444957492283449388E-04 4.607982954315129141E-04 4.756862557617688183E-04 4.923785557060976958E-04 5.138888101705908762E-04 4.274779884107882209E-04 3.152158348977151820E-04 2.999383697874573014E-04 4.142095490112650703E-04 3.746902585497595699E-04 4.608845502050791434E-04 3.763787800493418180E-04 4.238625700674484350E-04 4.079340467314538721E-04 3.401488979146322653E-04 3.493643522293906852E-04 3.072154697401322139E-04 2.639260599785225761E-04 2.062078403919192756E-04 2.031999333950779076E-04 2.804903209597532339E-04 2.970930356761433103E-04 3.565410111949522871E-04 3.898476651701161138E-04 3.417429314404770704E-04 4.169637554120411466E-04 3.834218119186396886E-04 3.499889863710852031E-04 3.484470331332325328E-04 3.401078624026709516E-04 3.781944540730081345E-04 3.823019722716968936E-04 4.582543340847458776E-04 6.320539669869757772E-04 5.650815285060572157E-04 6.812952914518980449E-04 6.670755871755591976E-04 7.875826536381400284E-04 8.716792762333893394E-04 8.834393966555317401E-04 1.087023608685463907E-03 1.093653759671518602E-03 1.000000000000000021E-03 1.000000000000000021E-03 1.000000000000000021E-03 1.000000000000000021E-03 1.000000000000000021E-03 1.000000000000000021E-03 1.000000000000000021E-03 1.000000000000000021E-03 1.000000000000000021E-03 1.000000000000000021E-03 1.000000000000000021E-03 1.000000000000000021E-03 1.000000000000000021E-03 1.000000000000000021E-03 1.000000000000000021E-03 1.000000000000000021E-03 1.000000000000000021E-03 1.000000000000000021E-03 1.000000000000000021E-03 1.000000000000000021E-03 1.000000000000000021E-03 1.000000000000000021E-03 1.000000000000000021E-03 1.000000000000000021E-03 1.000000000000000021E-03 1.000000000000000021E-03 1.000000000000000021E-03 1.000000000000000021E-03 1.000000000000000021E-03 1.000000000000000021E-03 1.000000000000000021E-03 1.000000000000000021E-03 1.000000000000000021E-03 1.000000000000000021E-03 1.000000000000000021E-03 1.000000000000000021E-03 1.000000000000000021E-03 1.000000000000000021E-03 1.000000000000000021E-03 1.000000000000000021E-03 1.000000000000000021E-03 1.000000000000000021E-03 1.000000000000000021E-03 1.000000000000000021E-03 1.000000000000000021E-03 1.000000000000000021E-03 1.000000000000000021E-03 1.000000000000000021E-03 1.000000000000000021E-03 1.000000000000000021E-03 1.000000000000000021E-03 1.000000000000000021E-03
1.000000000000000021E-03 1.000000000000000021E-03 4.166455448122093909E-04 4.087952445203306244E-04 3.806257845178807756E-04 3.143387616424034954E-04 2.744604238520024575E-04 3.010498772368535897E-04 3.147703681062609914E-04 2.387103786528610970E-04 2.728715906749417893E-04 2.334279722551242827E-04 2.324708055570156261E-04 2.333472111818708870E-04 2.140988836570151775E-04 2.260086943828209182E-04 2.270575836072715229E-04 2.179140619314739070E-04 2.405948073240327199E-04 2.674490854125917199E-04 2.414826736689703289E-04 2.765757415731616973E-04 2.419468601426343274E-04 2.258340878244906335E-04 2.087670474119317774E-04 2.370181523756131848E-04 2.654469748073085694E-04 2.985969660437721431E-04 2.903788686259455758E-04 3.059996284167914183E-04 3.191926112660402153E-04 2.849912822681507029E-04 3.426292960914138134E-04 3.794605440331864769E-04 2.651158332540662897E-04 2.571341251825630544E-04 3.507386556052495747E-04 3.388049537463553337E-04 3.603756993914702662E-04 3.563957423590068054E-04 3.288072364343289002E-04 3.307693192046756215E-04 3.410006833863729299E-04 3.289626062747969936E-04 4.571052132641240475E-04 3.899218130796711329E-04 4.531682889877877425E-04 3.376233256609634768E-04 3.911615881990161908E-04 4.216029670584917500E-04 4.611780931239799035E-04 5.100054196773040919E-04 4.683365066695660268E-04 4.563600928118349874E-04 4.770647536631609847E-04 4.961523181924977705E-04 4.394926287548610961E-04 4.385035814434365561E-04 4.548986344435930061E-04 4.388112323578949661E-04 4.259377957934490258E-04 5.057152456279513609E-04 4.691140473443284578E-04 4.023612037658019260E-04 3.841286732016249987E-04 3.422684708880909541E-04 4.730655274579452659E-04 5.423142710507269058E-04 5.268442539635915297E-04 4.658366190330113371E-04 4.075815935916533286E-04 3.563255276426456142E-04 2.726348613295417130E-04 2.515107832098184885E-04 2.433154187451672546E-04 2.733795839715640573E-04 2.242964194539583784E-04 2.343050501671607364E-04 2.370724760057378740E-04 2.755995148727646100E-04 3.183945490814386295E-04 3.043918905448466262E-04 3.215446339298791813E-04 3.162619852483914708E-04 3.535100701100072859E-04 3.155526356199343210E-04 3.198824018154907225E-04 4.306757523035991287E-04 3.440776711955785875E-04 4.855732773467748265E-04 6.212131505412412736E-04 6.313694890876675068E-04 6.181858645223799447E-04 6.714077983678118063E-04 9.729641483580561906E-04 9.963200974241288518E-04 9.324930101926200273E-04 1.069973374237794287E-03 1.280907360706781684E-03 1.000000000000000021E-03 1.000000000000000021E-03 1.000000000000000021E-03 1.000000000000000021E-03 1.000000000000000021E-03 1.000000000000000021E-03 1.000000000000000021E-03 1.000000000000000021E-03 1.000000000000000021E-03 1.000000000000000021E-03 1.000000000000000021E-03 1.000000000000000021E-03 1.000000000000000021E-03 1.000000000000000021E-03 1.000000000000000021E-03 1.000000000000000021E-03 1.000000000000000021E-03 1.000000000000000021E-03 1.000000000000000021E-03 1.000000000000000021E-03 1.000000000000000021E-03 1.000000000000000021E-03 1.000000000000000021E-03 1.000000000000000021E-03 1.000000000000000021E-03 1.000000000000000021E-03 1.000000000000000021E-03 1.000000000000000021E-03 1.000000000000000021E-03 1.000000000000000021E-03 1.000000000000000021E-03 1.000000000000000021E-03 1.000000000000000021E-03 1.000000000000000021E-03 1.000000000000000021E-03 1.000000000000000021E-03 1.000000000000000021E-03 1.000000000000000021E-03 1.000000000000000021E-03 1.000000000000000021E-03 1.000000000000000021E-03 1.000000000000000021E-03 1.000000000000000021E-03 1.000000000000000021E-03 1.000000000000000021E-03 1.000000000000000021E-03 1.000000000000000021E-03 1.000000000000000021E-03 1.000000000000000021E-03 1.000000000000000021E-03 1.000000000000000021E-03 1.000000000000000021E-03
1.000000000000000021E-03 1.000000000000000021E-03 4.324509877147325620E-04 3.320518930688718209E-04 3.500893958033453822E-04 2.906831360134677633E-04 3.312646663955952863E-04 3.276799244922927695E-04 3.080400267437087406E-04 2.812037290500805573E-04 2.493593783412356149E-04 2.481574097590214618E-04 2.377932365790975445E-04 2.439788995642155173E-04 1.971744613319060190E-04 2.021252092068944503E-04 1.929867474846305058E-04 1.779371501440284772E-04 2.002117694377682179E-04 2.125674068801433332E-04 2.944601062627944313E-04 2.633940493018064721E-04 2.385370796014053927E-04 2.103887464132557939E-04 2.063199839970074930E-04 1.790081093261714114E-04 2.548646037007626028E-04 2.790215062925304260E-04 3.087472121159408095E-04 3.100280442408958389E-04 2.758089471504249842E-04 3.572759209286563561E-04 3.710045484528443115E-04 3.302999409951961414E-04 2.807318255593632141E-04 2.414036556288473340E-04 3.385511798658767820E-04 3.202575927305235785E-04 3.585626596186091775E-04 4.150230439125522381E-04 4.195771041600802713E-04 3.974371737735206346E-04 4.439471722714927898E-04 3.709635688281141472E-04 4.200077412862288171E-04 4.430300842648358505E-04 4.829155046676734757E-04 3.662963334518870920E-04 5.206832618823251536E-04 5.130771287987900137E-04 5.202414185801489035E-04 5.147177813748137409E-04 5.987818064051085402E-04 4.847995520827033428E-04 4.781516715655789273E-04 4.081618469154287758E-04 4.350304476907326714E-04 3.984051457963319349E-04 4.047562647713144504E-04 3.766562899218430503E-04 4.305491701362948779E-04 4.651933102907784530E-04 4.874068285410170062E-04 4.450148263804111276E-04 4.333071143752116302E-04 4.144215263188600175E-04 4.471345108046210050E-04 5.296415859442830769E-04 4.564740721748739949E-04 4.248767467970116841E-04 3.270379808771086143E-04 3.046586332498857656E-04 2.932436498657830918E-04 2.390946410706506098E-04 2.264683486458355505E-04 2.473779343043069488E-04 2.280916287808570074E-04 2.261430865321582492E-04 2.640543825219804027E-04 2.653448879614585254E-04 2.444903242250121662E-04 2.716485503519265056E-04 3.057808130405165474E-04 3.503538101496269340E-04 3.885572895088473832E-04 3.591112719557743721E-04 3.852549099731622192E-04 4.269792673076348681E-04 3.921254690822291184E-04 4.595523952107473820E-04 6.001299669073536895E-04 6.156771686818630950E-04 6.722279132373613431E-04 8.784272551247255829E-04 8.525148460071487388E-04 1.018787083258519818E-03 1.013489486272823020E-03 1.143210281166293996E-03 1.168970809783027170E-03 1.000000000000000021E-03 1.000000000000000021E-03 1.000000000000000021E-03 1.000000000000000021E-03 1.000000000000000021E-03 1.000000000000000021E-03 1.000000000000000021E-03 1.000000000000000021E-03 1.000000000000000021E-03 1.000000000000000021E-03 1.000000000000000021E-03 1.000000000000000021E-03 1.000000000000000021E-03 1.000000000000000021E-03 1.000000000000000021E-03 1.000000000000000021E-03 1.000000000000000021E-03 1.000000000000000021E-03 1.000000000000000021E-03 1.000000000000000021E-03 1.000000000000000021E-03 1.000000000000000021E-03 1.000000000000000021E-03 1.000000000000000021E-03 1.000000000000000021E-03 1.000000000000000021E-03 1.000000000000000021E-03 1.000000000000000021E-03 1.000000000000000021E-03 1.000000000000000021E-03 1.000000000000000021E-03 1.000000000000000021E-03 1.000000000000000021E-03 1.000000000000000021E-03 1.000000000000000021E-03 1.000000000000000021E-03 1.000000000000000021E-03 1.000000000000000021E-03 1.000000000000000021E-03 1.000000000000000021E-03 1.000000000000000021E-03 1.000000000000000021E-03 1.000000000000000021E-03 1.000000000000000021E-03 1.000000000000000021E-03 1.000000000000000021E-03 1.000000000000000021E-03 1.000000000000000021E-03 1.000000000000000021E-03 1.000000000000000021E-03 1.000000000000000021E-03 1.000000000000000021E-03
1.000000000000000021E-03 1.000000000000000021E-03 3.479511472385644292E-04 3.476425006227017709E-04 2.956037491547619024E-04 2.978602017183691109E-04 2.861097479181562214E-04 2.743839110284637737E-04 3.421030493682255050E-04 3.068900530900852091E-04 2.715127460940913056E-04 2.774264414388035848E-04 2.395263015554903192E-04 2.337314189887313126E-04 2.284605956547422912E-04 1.891493796888299927E-04 1.681086504307496355E-04 1.625232620829591241E-04 1.719837805785801358E-04 1.937573535685004544E-04 2.497255490636114835E-04 2.706587644485697222E-04 2.197100732499250011E-04 2.270567894312884084E-04 2.385099644056821880E-04 1.752967324666144036E-04 1.827314816734036868E-04 2.167446263586787335E-04 3.066776815697660574E-04 2.817690363110606768E-04 2.059516694300486195E-04 2.983684581331782853E-04 2.559145753168797920E-04 2.861081541467759971E-04 2.670298349374163049E-04 2.202621373381243117E-04 2.605649350389812680E-04 2.805469199631389324E-04 3.968851322819817338E-04 4.645642113762439205E-04 4.695034018957482558E-04 4.263996032302216823E-04 4.644911499358528859E-04 3.974559104649061673E-04 4.275993959705041850E-04 4.596670313475802682E-04 4.181135239421927049E-04 4.348369283378230319E-04 4.738659756510287891E-04 4.860537135803867995E-04 4.871865117894880345E-04 4.513852903653758431E-04 6.169160704980651902E-04 6.601012304323055756E-04 4.902935695816568401E-04 4.495807334589797919E-04 4.768587750061501645E-04 4.023702017180923554E-04 3.537526485252880885E-04 3.944712197676941397E-04 4.157581166592995837E-04 4.421034115115995955E-04 5.007612583159545220E-04 4.423184911821054894E-04 4.402455824161045721E-04 4.803941745173588248E-04 5.076004566758553129E-04 4.603859057417657185E-04 4.915554935590990462E-04 4.446143309999326721E-04 3.377433890034812233E-04 2.753157548125977224E-04 2.631428363435677062E-04 2.739962151588785444E-04 2.423736703097119707E-04 2.848430651316393499E-04 2.815519599380848065E-04 2.445327890708787828E-04 2.516227410684428959E-04 2.224963517705786818E-04 2.486629964905145334E-04 2.761267475786190911E-04 2.647238850128373405E-04 2.845594992552989244E-04 3.435692854345160870E-04 3.959242485809800994E-04 4.693845875371525467E-04 5.007078284998962674E-04 5.564419070320711629E-04 4.639430509343864012E-04 5.309486914918791099E-04 6.913355083105739238E-04 7.342337625807651789E-04 8.254954611965286499E-04 1.037563804215308307E-03 9.199546725332561443E-04 9.772919702481755629E-04 1.129593661605955918E-03 1.063638504590705804E-03 1.000000000000000021E-03 1.000000000000000021E-03 1.000000000000000021E-03 1.000000000000000021E-03 1.000000000000000021E-03 1.000000000000000021E-03 1.000000000000000021E-03 1.000000000000000021E-03 1.000000000000000021E-03 1.000000000000000021E-03 1.000000000000000021E-03 1.000000000000000021E-03 1.000000000000000021E-03 1.000000000000000021E-03 1.000000000000000021E-03 1.000000000000000021E-03 1.000000000000000021E-03 1.000000000000000021E-03 1.000000000000000021E-03 1.000000000000000021E-03 1.000000000000000021E-03 1.000000000000000021E-03 1.000000000000000021E-03 1.000000000000000021E-03 1.000000000000000021E-03 1.000000000000000021E-03 1.000000000000000021E-03 1.000000000000000021E-03 1.000000000000000021E-03 1.000000000000000021E-03 1.000000000000000021E-03 1.000000000000000021E-03 1.000000000000000021E-03 1.000000000000000021E-03 1.000000000000000021E-03 1.000000000000000021E-03 1.000000000000000021E-03 1.000000000000000021E-03 1.000000000000000021E-03 1.000000000000000021E-03 1.000000000000000021E-03 1.000000000000000021E-03 1.000000000000000021E-03 1.000000000000000021E-03 1.000000000000000021E-03 1.000000000000000021E-03 1.000000000000000021E-03 1.000000000000000021E-03 1.000000000000000021E-03 1.000000000000000021E-03 1.000000000000000021E-03 1.000000000000000021E-03
1.000000000000000021E-03 2.938008649652552764E-04 3.399886015084046609E-04 3.226835152399993613E-04 2.933137299126590842E-04 2.861564200677177276E-04 2.692505778667277886E-04 3.141508976281569363E-04 3.235416364848365135E-04 2.758198282977062038E-04 2.584579817771936907E-04 2.511635757073560761E-04 2.544745644179894272E-04 2.031603870193336540E-04 2.055663347290563928E-04 1.822501958871846858E-04 1.738821192184731874E-04 1.377734364445503919E-04 1.598669530339847278E-04 1.854874215318919333E-04 2.505143948183982108E-04 1.976167614161682205E-04 2.007527964857174461E-04 2.410204650411136562E-04 2.521012890616063204E-04 2.010536153010210726E-04 1.810710500718517636E-04 1.562549623843781203E-04 2.114236579354777446E-04 2.096516807028433104E-04 1.955402999077281970E-04 2.473157348401108118E-04 2.280175770793552311E-04 2.325168743651063812E-04 2.863779639159603823E-04 2.309415912707360366E-04 2.691341324814582872E-04 3.417767307013775671E-04 3.719852818786005631E-04 5.264515972207927221E-04 6.200545903321939183E-04 4.661669196954773900E-04 4.654058172626902553E-04 3.877651893920852242E-04 4.359988732759250384E-04 4.654733729761843818E-04 4.089699675121613370E-04 5.398507336801920426E-04 6.166878871465442547E-04 5.636815879738252396E-04 5.044875810399213328E-04 5.261968799694289635E-04 7.256057244096877695E-04 7.084552486619250140E-04 5.317952118627065775E-04 5.323180315533883149E-04 4.561731177306574013E-04 5.100152016601337433E-04 4.039319201399582107E-04 4.324027492528246305E-04 4.853171222995352743E-04 5.179093168062460497E-04 5.433683539541462855E-04 5.376626522758503604E-04 4.600750182269876297E-04 4.258120190271029405E-04 4.560687577048136172E-04 4.392168899654232193E-04 5.021165600469527576E-04 4.413849854497531723E-04 3.609955981326124180E-04 3.340018022547776408E-04 3.092732397721375203E-04 2.497098671114846426E-04 1.986766653684242097E-04 2.536016277338332299E-04 2.466006153683687600E-04 2.054939696477118475E-04 2.372559599070821158E-04 1.897291938151762824E-04 2.525854855622302296E-04 3.125629237548863929E-04 2.956126364955448025E-04 2.908754034280068308E-04 3.108739311717200566E-04 4.980143953909307907E-04 5.290541867868513333E-04 5.520935737571439289E-04 4.787118887622434250E-04 4.615762177391598731E-04 4.364119320159833178E-04 5.876786627973199645E-04 8.489939952514227598E-04 9.891738751402468204E-04 9.335147121611934952E-04 8.716909498408812384E-04 7.454335274321924202E-04 6.950026426805051795E-04 8.721144926796685522E-04 1.000000000000000021E-03 1.000000000000000021E-03 1.000000000000000021E-03 1.000000000000000021E-03 1.000000000000000021E-03 1.000000000000000021E-03 1.000000000000000021E-03 1.000000000000000021E-03 1.000000000000000021E-03 1.000000000000000021E-03 1.000000000000000021E-03 1.000000000000000021E-03 1.000000000000000021E-03 1.000000000000000021E-03 1.000000000000000021E-03 1.000000000000000021E-03 1.000000000000000021E-03 1.000000000000000021E-03 1.000000000000000021E-03 1.000000000000000021E-03 1.000000000000000021E-03 1.000000000000000021E-03 1.000000000000000021E-03 1.000000000000000021E-03 1.000000000000000021E-03 1.000000000000000021E-03 1.000000000000000021E-03 1.000000000000000021E-03 1.000000000000000021E-03 1.000000000000000021E-03 1.000000000000000021E-03 1.000000000000000021E-03 1.000000000000000021E-03 1.000000000000000021E-03 1.000000000000000021E-03 1.000000000000000021E-03 1.000000000000000021E-03 1.000000000000000021E-03 1.000000000000000021E-03 1.000000000000000021E-03 1.000000000000000021E-03 1.000000000000000021E-03 1.000000000000000021E-03 1.000000000000000021E-03 1.000000000000000021E-03 1.000000000000000021E-03 1.000000000000000021E-03 1.000000000000000021E-03 1.000000000000000021E-03 1.000000000000000021E-03 1.000000000000000021E-03 1.000000000000000021E-03
1.000000000000000021E-03 2.482041935009269488E-04 2.284109865083636494E-04 2.658451750677098000E-04 2.855797703534537139E-04 2.676115493871120393E-04 2.377324885305055931E-04 2.904780544320552100E-04 2.731795350920696876E-04 2.584774216434142062E-04 2.558258295117606562E-04 2.662455177797284044E-04 2.657714920208411030E-04 1.923967638341126383E-04 2.028905990312309543E-04 1.933369529875123157E-04 1.646831328239832797E-04 1.576514445966434080E-04 1.601282300953143795E-04 1.930610340049492880E-04 2.052190775025954615E-04 2.057821370187980572E-04 2.352876129215463743E-04 2.355904992770150349E-04 2.210233663563873803E-04 2.270615761394345817E-04 1.578991594799037030E-04 1.442273098569171698E-04 2.054186251672240502E-04 1.878185443473827311E-04 2.229041720810779356E-04 2.174005091659068098E-04 2.007778341437367413E-04 2.458649033075540713E-04 2.444478559772263952E-04 2.744346102176478913E-04 3.578119811050736276E-04 3.603456981840610549E-04 3.720952618336175258E-04 4.281341516426436368E-04 5.105480266650465728E-04 4.930452312253802124E-04 4.740100678932279558E-04 4.410354190795810368E-04 4.391863043931476702E-04 3.864129697326578209E-04 3.666559789534189987E-04 4.090710532706242405E-04 4.938184228309991982E-04 6.189051226196059814E-04 6.110732453779094608E-04 6.479028370247145183E-04 7.564269507672967451E-04 6.954132332473958759E-04 6.171326474187431273E-04 6.095895575733030741E-04 5.583879806327264215E-04 5.143990097577526765E-04 4.497233966756008041E-04 3.680861900696769020E-04 5.246712012007819382E-04 5.786893500320564694E-04 6.327755854070554308E-04 6.651871704216193344E-04 4.461985047504122290E-04 4.152593801516956209E-04 4.722598250954515900E-04 4.152335011781424848E-04 4.224291885000150664E-04 3.618101004365163699E-04 2.945326658140097389E-04 2.933961540259814979E-04 2.796567356367912088E-04 2.029803933113831754E-04 1.848540475755264744E-04 2.049775573694616326E-04 2.242953301854067191E-04 1.821488432942591350E-04 1.696066145158791434E-04 1.736732584306222547E-04 2.042755826238145821E-04 2.859278782089755950E-04 3.512102599127957334E-04 3.023139046939237427E-04 3.781335587513194704E-04 4.884146736544855505E-04 4.774551529123776403E-04 5.454075647723297376E-04 7.473085059912605230E-04 5.931425022544382962E-04 5.965828128865942066E-04 7.436299437028741919E-04 9.598502815311936963E-04 1.039584453682099782E-03 8.534153490160953761E-04 8.240682576079312550E-04 6.572638749573573788E-04 6.188951246247529573E-04 8.120903242834126351E-04 1.000000000000000021E-03 1.000000000000000021E-03 1.000000000000000021E-03 1.000000000000000021E-03 1.000000000000000021E-03 1.000000000000000021E-03 1.000000000000000021E-03 1.000000000000000021E-03 1.000000000000000021E-03 1.000000000000000021E-03 1.000000000000000021E-03 1.000000000000000021E-03 1.000000000000000021E-03 1.000000000000000021E-03 1.000000000000000021E-03 1.000000000000000021E-03 1.000000000000000021E-03 1.000000000000000021E-03 1.000000000000000021E-03 1.000000000000000021E-03 1.000000000000000021E-03 1.000000000000000021E-03 1.000000000000000021E-03 1.000000000000000021E-03 1.000000000000000021E-03 1.000000000000000021E-03 1.000000000000000021E-03 1.000000000000000021E-03 1.000000000000000021E-03 1.000000000000000021E-03 1.000000000000000021E-03 1.000000000000000021E-03 1.000000000000000021E-03 1.000000000000000021E-03 1.000000000000000021E-03 1.000000000000000021E-03 1.000000000000000021E-03 1.000000000000000021E-03 1.000000000000000021E-03 1.000000000000000021E-03 1.000000000000000021E-03 1.000000000000000021E-03 1.000000000000000021E-03 1.000000000000000021E-03 1.000000000000000021E-03 1.000000000000000021E-03 1.000000000000000021E-03 1.000000000000000021E-03 1.000000000000000021E-03 1.000000000000000021E-03 1.000000000000000021E-03 1.000000000000000021E-03
1.000000000000000021E-03 2.116792196837633585E-04 2.388181100752798265E-04 2.907790131416345520E-04 2.514110299470651141E-04 2.368564387086689448E-04 2.388011509102692454E-04 2.476003485213960431E-04 2.375845846973704569E-04 2.339740945338631252E-04 2.989344567766039486E-04 2.585590894682778407E-04 2.490657031640073553E-04 1.890867702893127343E-04 1.975919907188216501E-04 2.310402796178805368E-04 2.201150900531666677E-04 1.957252959902242744E-04 1.688696919047214635E-04 1.799719099104619610E-04 2.289047290804878388E-04 2.339414227632050742E-04 2.176676067253446086E-04 2.190524400758426453E-04 1.876228701404414442E-04 1.765887021739109592E-04 1.587458936472468994E-04 1.336631736202240300E-04 2.147266412136052333E-04 2.022631842921217087E-04 1.747223193312212001E-04 2.114181210383556629E-04 2.163648910021989734E-04 2.672794800812794587E-04 3.008195182887354641E-04 3.232145058300397457E-04 3.471969738683802808E-04 3.143780875382863301E-04 4.368170457265568071E-04 5.358853455375170525E-04 4.923823779980918960E-04 5.284625000589025399E-04 5.654450454178115790E-04 5.359903601709368809E-04 3.965617018656500447E-04 4.067311915171883041E-04 4.044193078990686459E-04 4.703811647783201337E-04 5.325001439141890383E-04 6.196071960254261350E-04 4.957833389258588068E-04 6.200880953304651775E-04 6.377667128552339405E-04 9.329625206974369528E-04 7.171462386758851483E-04 4.882991009352291231E-04 5.166437195398842792E-04 4.028591352775411083E-04 3.252178934591688319E-04 3.901254726986335005E-04 4.747739025092491947E-04 5.566376820326073829E-04 5.424866064133654960E-04 5.425706508184645815E-04 3.973322272135314877E-04 4.667668628409849365E-04 4.292361154742708735E-04 3.457081231594491826E-04 3.110716377310630029E-04 3.198613360840914439E-04 2.340130277369423652E-04 1.885209603260146096E-04 2.167821425155777072E-04 1.921963963070997411E-04 2.244950923470841739E-04 1.920274140825698242E-04 1.827744818339128248E-04 1.776109187297184977E-04 1.547347271688305069E-04 1.844526778423066597E-04 2.036803825422008800E-04 2.156758786091119492E-04 2.968182698254705231E-04 2.789257145057559019E-04 3.470869182638727942E-04 4.594924886742145762E-04 4.681773295492569834E-04 5.209171226052904764E-04 6.213531828002134957E-04 6.051119404098750541E-04 5.313274531269070395E-04 5.992009412287834262E-04 6.810450209655289234E-04 8.455950264003246186E-04 8.508937861427000099E-04 7.547754572984100322E-04 7.401252215340123862E-04 6.945387526310895822E-04 6.593529291461143081E-04 1.000000000000000021E-03 1.000000000000000021E-03 1.000000000000000021E-03 1.000000000000000021E-03 1.000000000000000021E-03 1.000000000000000021E-03 1.000000000000000021E-03 1.000000000000000021E-03 1.000000000000000021E-03 1.000000000000000021E-03 1.000000000000000021E-03 1.000000000000000021E-03 1.000000000000000021E-03 1.000000000000000021E-03 1.000000000000000021E-03 1.000000000000000021E-03 1.000000000000000021E-03 1.000000000000000021E-03 1.000000000000000021E-03 1.000000000000000021E-03 1.000000000000000021E-03 1.000000000000000021E-03 1.000000000000000021E-03 1.000000000000000021E-03 1.000000000000000021E-03 1.000000000000000021E-03 1.000000000000000021E-03 1.000000000000000021E-03 1.000000000000000021E-03 1.000000000000000021E-03 1.000000000000000021E-03 1.000000000000000021E-03 1.000000000000000021E-03 1.000000000000000021E-03 1.000000000000000021E-03 1.000000000000000021E-03 1.000000000000000021E-03 1.000000000000000021E-03 1.000000000000000021E-03 1.000000000000000021E-03 1.000000000000000021E-03 1.000000000000000021E-03 1.000000000000000021E-03 1.000000000000000021E-03 1.000000000000000021E-03 1.000000000000000021E-03 1.000000000000000021E-03 1.000000000000000021E-03 1.000000000000000021E-03 1.000000000000000021E-03 1.000000000000000021E-03 1.000000000000000021E-03
1.000000000000000021E-03 1.724497785816213498E-04 2.066397872953362085E-04 2.479735890842342657E-04 2.591930549235032014E-04 2.166859559797257361E-04 2.211365670174842942E-04 2.235597768816876890E-04 2.251814483234475099E-04 2.360742932034232274E-04 2.612756546877512717E-04 2.161419147619020125E-04 2.175724310448652978E-04 1.486382693456042060E-04 1.589467420578927052E-04 1.608876578507573141E-04 2.106117585402358385E-04 2.040166794978151446E-04 1.827444106803436654E-04 1.788304235727257972E-04 2.271100590610544267E-04 2.161310817726145260E-04 1.945036828851000072E-04 1.650830066518349038E-04 1.724784550104521111E-04 1.657494227525307376E-04 1.465890017726030354E-04 1.351786133135794330E-04 1.713629418352182582E-04 1.858886656803197248E-04 2.038833301220175308E-04 1.861172330521150347E-04 2.395341912273082810E-04 2.563490715692732483E-04 3.505700079708047611E-04 3.713716919424748402E-04 3.157416982903402352E-04 4.201901168138296870E-04 4.351679188006069162E-04 5.542605545133271784E-04 5.131524355365253654E-04 4.336389910023315448E-04 5.480229419379317388E-04 5.672367627428727020E-04 4.788662650715408268E-04 4.879148885982689593E-04 4.763784767056645922E-04 5.335216682438043839E-04 6.041133889583102023E-04 6.709355628407464483E-04 8.033998998300905360E-04 7.158258779040123018E-04 6.993705277708949604E-04 7.373277981345902890E-04 6.151305779025155289E-04 5.488469873026049833E-04 4.550455010958395774E-04 4.302048966000085960E-04 3.620602481710492892E-04 4.675483804626269827E-04 4.768296525452258737E-04 5.969283165019425349E-04 6.202383237679657321E-04 5.235000196871242035E-04 3.856779665519188111E-04 4.096294600974521665E-04 3.716537376654280907E-04 2.846030545783135202E-04 3.331812129816117242E-04 3.024629526664861495E-04 3.084505892979210514E-04 2.269165087136620364E-04 2.742628747454928348E-04 2.212946121580026731E-04 2.035799747532380697E-04 2.058293468325137290E-04 2.217782520024274737E-04 2.172233168737597385E-04 2.090303294107352032E-04 1.868098908588304097E-04 1.990519268083585768E-04 2.237939673109515162E-04 2.487393759064743422E-04 3.433695382513212249E-04 3.917642311908258812E-04 4.255226076585903934E-04 5.025854556061397837E-04 5.823464597937489436E-04 5.417343864390493672E-04 7.022174956055394525E-04 5.688354544232287124E-04 5.178297893415928803E-04 6.489173176692730966E-04 6.911655858263381644E-04 7.390895239605232547E-04 7.154773208293848221E-04 6.923453041803693956E-04 6.961954973250017486E-04 6.761598213991035352E-04 1.000000000000000021E-03 1.000000000000000021E-03 1.000000000000000021E-03 1.000000000000000021E-03 1.000000000000000021E-03 1.000000000000000021E-03 1.000000000000000021E-03 1.000000000000000021E-03 1.000000000000000021E-03 1.000000000000000021E-03 1.000000000000000021E-03 1.000000000000000021E-03 1.000000000000000021E-03 1.000000000000000021E-03 1.000000000000000021E-03 1.000000000000000021E-03 1.000000000000000021E-03 1.000000000000000021E-03 1.000000000000000021E-03 1.000000000000000021E-03 1.000000000000000021E-03 1.000000000000000021E-03 1.000000000000000021E-03 1.000000000000000021E-03 1.000000000000000021E-03 1.000000000000000021E-03 1.000000000000000021E-03 1.000000000000000021E-03 1.000000000000000021E-03 1.000000000000000021E-03 1.000000000000000021E-03 1.000000000000000021E-03 1.000000000000000021E-03 1.000000000000000021E-03 1.000000000000000021E-03 1.000000000000000021E-03 1.000000000000000021E-03 1.000000000000000021E-03 1.000000000000000021E-03 1.000000000000000021E-03 1.000000000000000021E-03 1.000000000000000021E-03 1.000000000000000021E-03 1.000000000000000021E-03 1.000000000000000021E-03 1.000000000000000021E-03 1.000000000000000021E-03 1.000000000000000021E-03 1.000000000000000021E-03 1.000000000000000021E-03 1.000000000000000021E-03 1.000000000000000021E-03
1.000000000000000021E-03 2.120520585097120580E-04 3.109616300135522389E-04 3.233541949513865036E-04 2.643695531418535313E-04 2.096082144478185960E-04 1.909093353910518566E-04 2.096051136471340176E-04 2.318690439768130210E-04 2.202353163185994550E-04 1.984002231100609958E-04 1.775640358086701120E-04 1.922639731409986363E-04 1.921534877748749901E-04 1.773363110071568473E-04 1.720547882624027690E-04 1.767005998894129507E-04 1.790288224164479527E-04 1.728202585364042149E-04 1.782268432859595057E-04 1.964426969117380765E-04 1.532804720185460988E-04 1.530059822784798039E-04 1.547900782460084413E-04 1.371461906939357308E-04 1.351127181827733732E-04 1.296804020817969669E-04 1.678971636187570474E-04 1.518974505803513903E-04 1.494580754040643583E-04 1.694332046180247560E-04 1.873876166617150592E-04 2.056266054433250449E-04 2.524917025585073885E-04 3.179260912956002080E-04 3.992901094837351277E-04 4.251998059594578293E-04 3.512457336488280786E-04 4.179440061806449802E-04 5.950717888313499264E-04 5.234176907881131057E-04 4.636895636825721749E-04 5.139895632472906740E-04 6.225481461142111199E-04 4.951910318096657644E-04 5.605474468684467585E-04 5.363367999462084453E-04 5.833653203682335380E-04 5.328927067861139897E-04 6.117038969509763910E-04 6.510489918147225729E-04 6.281960065462399235E-04 6.914938846146085087E-04 6.825089981521660285E-04 5.975171834322096261E-04 5.254866570790432245E-04 4.737310250154065433E-04 5.010505360286581552E-04 5.077742936648663033E-04 5.240983702765234951E-04 5.403198577495825581E-04 5.211917269631494588E-04 5.517480992998177345E-04 5.672750288303308151E-04 4.261640847493593665E-04 4.298784808632770600E-04 3.246694441333951319E-04 3.439843779253696338E-04 2.817284131888266561E-04 2.365760534078014353E-04 2.557558112924362601E-04 2.520234324403176408E-04 2.676385942397689383E-04 2.902335020779622517E-04 2.696910629902998964E-04 2.786539127678764900E-04 2.698224548293904788E-04 2.647583855662133715E-04 2.011242456972384953E-04 2.093959838213132042E-04 2.083741572664052962E-04 2.904776055544272713E-04 2.942167618073094314E-04 4.128507165037034071E-04 4.839240152477855073E-04 4.860978888393873505E-04 5.795777764262449771E-04 6.321433562391800230E-04 6.529842155821168363E-04 7.517803777614363511E-04 6.485503605285855176E-04 6.310029829727114474E-04 7.487488157782093423E-04 7.031377785487669596E-04 7.033936529411914228E-04 5.738419656227182431E-04 6.398710765717918487E-04 5.807984131506056238E-04 6.796897927980793865E-04 6.115107247382955318E-04 1.000000000000000021E-03 1.000000000000000021E-03 1.000000000000000021E-03 1.000000000000000021E-03 1.000000000000000021E-03 1.000000000000000021E-03 1.000000000000000021E-03 1.000000000000000021E-03 1.000000000000000021E-03 1.000000000000000021E-03 1.000000000000000021E-03 1.000000000000000021E-03 1.000000000000000021E-03 1.000000000000000021E-03 1.000000000000000021E-03 1.000000000000000021E-03 1.000000000000000021E-03 1.000000000000000021E-03 1.000000000000000021E-03 1.000000000000000021E-03 1.000000000000000021E-03 1.000000000000000021E-03 1.000000000000000021E-03 1.000000000000000021E-03 1.000000000000000021E-03 1.000000000000000021E-03 1.000000000000000021E-03 1.000000000000000021E-03 1.000000000000000021E-03 1.000000000000000021E-03 1.000000000000000021E-03 1.000000000000000021E-03 1.000000000000000021E-03 1.000000000000000021E-03 1.000000000000000021E-03 1.000000000000000021E-03 1.000000000000000021E-03 1.000000000000000021E-03 1.000000000000000021E-03 1.000000000000000021E-03 1.000000000000000021E-03 1.000000000000000021E-03 1.000000000000000021E-03 1.000000000000000021E-03 1.000000000000000021E-03 1.000000000000000021E-03 1.000000000000000021E-03 1.000000000000000021E-03 1.000000000000000021E-03 1.000000000000000021E-03 1.000000000000000021E-03
1.000000000000000021E-03 2.224352364762670017E-04 3.040377201417719557E-04 2.818089199968405192E-04 2.695269967305174790E-04 1.722850938943996284E-04 1.547066224649704157E-04 1.659349609149040575E-04 2.124932273406124946E-04 2.100997047509261780E-04 2.357445675018162627E-04 2.282892910163101532E-04 2.058426302142996901E-04 1.906302916237656185E-04 2.122548944428981560E-04 2.058467007814700244E-04 1.714706788639851643E-04 1.478766565386601263E-04 1.775380999051905453E-04 1.673960206829191576E-04 2.012087344518055003E-04 1.591278488897950017E-04 1.522795490359284121E-04 1.586126041568378987E-04 1.276826235902714900E-04 1.521703339706516724E-04 1.425285467137648915E-04 1.411023664930580613E-04 1.409253386708857658E-04 1.662645318909707537E-04 1.841975927861850594E-04 2.041286721653858590E-04 1.795773538102212927E-04 2.158787112718089701E-04 2.408351301351637744E-04 3.625378903412032313E-04 3.118121818093131715E-04 3.869089445420906357E-04 3.764443202669880357E-04 4.487576212343876488E-04 5.067311231712219848E-04 4.860416755067763737E-04 6.020007485051110784E-04 6.337623348701093519E-04 5.770228687291269979E-04 5.602683591669977347E-04 6.069515048449158684E-04 6.062623675687511425E-04 6.410641332411860967E-04 8.083383957033602948E-04 6.897746983693635184E-04 6.466350623580776908E-04 7.562236533173737106E-04 6.198687808249388675E-04 6.246347639489505370E-04 5.152550680291328360E-04 5.670276880750404168E-04 4.639649748562918604E-04 6.578114036991943069E-04 5.997569854970677492E-04 6.028301560098801989E-04 5.663134851721543343E-04 5.363973341014797525E-04 6.124494387949642755E-04 4.687165010770371113E-04 4.040744685584710832E-04 3.629383106529783715E-04 2.974362728347566755E-04 2.755206968315186125E-04 3.231752279462561444E-04 2.828474682269009068E-04 2.512678246475211186E-04 2.681450676156119095E-04 2.986522123999760790E-04 2.367351961885183823E-04 2.541053999952811674E-04 2.714733462121925894E-04 2.718012670967334655E-04 2.343458117173053302E-04 2.190601850007348173E-04 2.444679638124414261E-04 2.838493507745796021E-04 3.564673090318834308E-04 4.099664851770671399E-04 4.738798389756761166E-04 6.129087504509321983E-04 5.856885535252286980E-04 6.893920900069561413E-04 1.001645644611592629E-03 1.011370789924651448E-03 9.563366683124542187E-04 6.323674358104311444E-04 7.331426993533424847E-04 7.765254363100801025E-04 7.856870953994871121E-04 7.636317840600971964E-04 6.429397086546295844E-04 6.128987356054223451E-04 6.473494664485146587E-04 4.760236948655715552E-04 1.000000000000000021E-03 1.000000000000000021E-03 1.000000000000000021E-03 1.000000000000000021E-03 1.000000000000000021E-03 1.000000000000000021E-03 1.000000000000000021E-03 1.000000000000000021E-03 1.000000000000000021E-03 1.000000000000000021E-03 1.000000000000000021E-03 1.000000000000000021E-03 1.000000000000000021E-03 1.000000000000000021E-03 1.000000000000000021E-03 1.000000000000000021E-03 1.000000000000000021E-03 1.000000000000000021E-03 1.000000000000000021E-03 1.000000000000000021E-03 1.000000000000000021E-03 1.000000000000000021E-03 1.000000000000000021E-03 1.000000000000000021E-03 1.000000000000000021E-03 1.000000000000000021E-03 1.000000000000000021E-03 1.000000000000000021E-03 1.000000000000000021E-03 1.000000000000000021E-03 1.000000000000000021E-03 1.000000000000000021E-03 1.000000000000000021E-03 1.000000000000000021E-03 1.000000000000000021E-03 1.000000000000000021E-03 1.000000000000000021E-03 1.000000000000000021E-03 1.000000000000000021E-03 1.000000000000000021E-03 1.000000000000000021E-03 1.000000000000000021E-03 1.000000000000000021E-03 1.000000000000000021E-03 1.000000000000000021E-03 1.000000000000000021E-03 1.000000000000000021E-03 1.000000000000000021E-03 1.000000000000000021E-03 1.000000000000000021E-03 1.000000000000000021E-03
1.000000000000000021E-03 2.569990976245924348E-04 2.884203477773062004E-04 3.272852267560988370E-04 2.499968496066788432E-04 2.263498299813806991E-04 1.957282797580004775E-04 2.098141824787149259E-04 2.154650833030077460E-04 1.959264148708133159E-04 2.744204942560770841E-04 2.694079548859794684E-04 2.553453975742700304E-04 2.823591678104155045E-04 2.428206034136974904E-04 2.023614909987670851E-04 1.574773635033022980E-04 1.534908392895443531E-04 1.846971338844077349E-04 1.421916447551875345E-04 1.419876539054419141E-04 1.494432523774364666E-04 1.430802964579233334E-04 1.444834910984193826E-04 1.541085071569034100E-04 1.610267707950343121E-04 1.634974568277357113E-04 1.477306924640050514E-04 1.873717066832739705E-04 1.874283053532650885E-04 1.902161119687643075E-04 3.114337872869952649E-04 2.394263562488429197E-04 2.042187548050507532E-04 2.565729258398796926E-04 2.797590629160533107E-04 3.021315542554183333E-04 3.351385763379438024E-04 4.083099368030663101E-04 4.545404332400925320E-04 6.244404796210980234E-04 6.362640625648063007E-04 8.148194274312978679E-04 8.073284140828693991E-04 6.990047199200504716E-04 6.734264921538957345E-04 6.759477653156190221E-04 6.492671110757814151E-04 6.761890642997780672E-04 8.515011059371419304E-04 8.213869045810794339E-04 8.159251162851830939E-04 7.196586017622278028E-04 6.081813519124055307E-04 5.403667593875608865E-04 5.914589657079285558E-04 5.474071381955119718E-04 5.524195160305576512E-04 5.707301575520110212E-04 6.581938186503344303E-04 7.379337562867042391E-04 6.735441812221523977E-04 6.895177646413174453E-04 5.350321338452301021E-04 4.670326137282171017E-04 3.870589124762876371E-04 3.649074391876271648E-04 3.210727574888168887E-04 3.137608879206831643E-04 3.485951224368721022E-04 4.100184917400364433E-04 3.138963694169543068E-04 2.645072368799841409E-04 3.523400988133528226E-04 2.969758673574626490E-04 2.834392179325571134E-04 2.872323465193884909E-04 2.723168787873958118E-04 2.718790966302863364E-04 2.585204561977462847E-04 2.504497941985675612E-04 3.241444037069495486E-04 3.417556802426696574E-04 3.800181086980646342E-04 4.372529726244238249E-04 4.778885147842296642E-04 5.155831508011142310E-04 5.701215573824860170E-04 1.024756775698866616E-03 9.668502021627414095E-04 8.084736818557439414E-04 6.402902915854313207E-04 6.588457743699094749E-04 7.653041524171956891E-04 7.961696959284997235E-04 6.710700234964024798E-04 7.764498581267547869E-04 6.667644989241897514E-04 5.174445508775046788E-04 4.882362728658369870E-04 1.000000000000000021E-03 1.000000000000000021E-03 1.000000000000000021E-03 1.000000000000000021E-03 1.000000000000000021E-03 1.000000000000000021E-03 1.000000000000000021E-03 1.000000000000000021E-03 1.000000000000000021E-03 1.000000000000000021E-03 1.000000000000000021E-03 1.000000000000000021E-03 1.000000000000000021E-03 1.000000000000000021E-03 1.000000000000000021E-03 1.000000000000000021E-03 1.000000000000000021E-03 1.000000000000000021E-03 1.000000000000000021E-03 1.000000000000000021E-03 1.000000000000000021E-03 1.000000000000000021E-03 1.000000000000000021E-03 1.000000000000000021E-03 1.000000000000000021E-03 1.000000000000000021E-03 1.000000000000000021E-03 1.000000000000000021E-03 1.000000000000000021E-03 1.000000000000000021E-03 1.000000000000000021E-03 1.000000000000000021E-03 1.000000000000000021E-03 1.000000000000000021E-03 1.000000000000000021E-03 1.000000000000000021E-03 1.000000000000000021E-03 1.000000000000000021E-03 1.000000000000000021E-03 1.000000000000000021E-03 1.000000000000000021E-03 1.000000000000000021E-03 1.000000000000000021E-03 1.000000000000000021E-03 1.000000000000000021E-03 1.000000000000000021E-03 1.000000000000000021E-03 1.000000000000000021E-03 1.000000000000000021E-03 1.000000000000000021E-03 1.000000000000000021E-03
1.000000000000000021E-03 2.972729996737773065E-04 2.715790719704258582E-04 3.004721809772638611E-04 2.712424863084271108E-04 2.249465468167721033E-04 2.188985399649569469E-04 2.192121138031364171E-04 2.071920436388830118E-04 2.259413354793708294E-04 2.880248652797865751E-04 2.981526763245331488E-04 2.734486076960438512E-04 2.388353339199112660E-04 2.244856546493634623E-04 1.645935586637686083E-04 1.711643185903186396E-04 1.259641029118354954E-04 1.570042316320585619E-04 1.413707809666101033E-04 1.472772907507100676E-04 1.339748615863649989E-04 1.408765186739096328E-04 1.613965140661368378E-04 1.665508199093257186E-04 1.763549192813274242E-04 1.566418174870876871E-04 1.673869530124004945E-04 1.943869013945035318E-04 2.105691566210409209E-04 2.045820575153215533E-04 2.423364899911066681E-04 2.690709877119453787E-04 2.335028067295675765E-04 2.328917783532936730E-04 3.145643484099417179E-04 3.612019114291592633E-04 4.471593305551664968E-04 4.832419035384813151E-04 6.126378508835708192E-04 6.224442589686065338E-04 9.191463656707381811E-04 8.880448784857159720E-04 7.772422631903008619E-04 6.526174852786703054E-04 4.956902067634316993E-04 7.480832698105768482E-04 5.912226886706507508E-04 8.319225021779707782E-04 7.961556484244848922E-04 7.591079848774193867E-04 7.683660245884470913E-04 7.272056033489370831E-04 7.507646167718922499E-04 7.529683859694218063E-04 7.642115163837354596E-04 8.477403952189988424E-04 8.871438795788475417E-04 7.220603619172164195E-04 7.832173626937512321E-04 7.938476008156808211E-04 7.739097641139220177E-04 6.995777549000057336E-04 4.936881329789508154E-04 4.099661296008527797E-04 3.914920854027998070E-04 3.044812584557034544E-04 3.577347839183702273E-04 3.932217826326972780E-04 3.807641930942970237E-04 3.534653870436669913E-04 2.513499034889567132E-04 3.115868924951922065E-04 2.857682131235197466E-04 3.137960039702492347E-04 3.658109929969341869E-04 2.990299538555327803E-04 2.794481043446697980E-04 3.151108907177117835E-04 2.819773254350070005E-04 2.845384168205519564E-04 3.398786527089755734E-04 3.934254053377277192E-04 3.524951469705161935E-04 3.981505976579265680E-04 4.990812972993980594E-04 6.152784519465529086E-04 7.910634496646584257E-04 1.031259990805443632E-03 8.059660159481908757E-04 7.408348258883964109E-04 5.770055761439887550E-04 6.437898229638984969E-04 8.548810775482795820E-04 7.983023200661012011E-04 7.321435288638187188E-04 7.908458878853783739E-04 6.418023835187357772E-04 5.534626093762550847E-04 5.031373376980833277E-04 1.000000000000000021E-03 1.000000000000000021E-03 1.000000000000000021E-03 1.000000000000000021E-03 1.000000000000000021E-03 1.000000000000000021E-03 1.000000000000000021E-03 1.000000000000000021E-03 1.000000000000000021E-03 1.000000000000000021E-03 1.000000000000000021E-03 1.000000000000000021E-03 1.000000000000000021E-03 1.000000000000000021E-03 1.000000000000000021E-03 1.000000000000000021E-03 1.000000000000000021E-03 1.000000000000000021E-03 1.000000000000000021E-03 1.000000000000000021E-03 1.000000000000000021E-03 1.000000000000000021E-03 1.000000000000000021E-03 1.000000000000000021E-03 1.000000000000000021E-03 1.000000000000000021E-03 1.000000000000000021E-03 1.000000000000000021E-03 1.000000000000000021E-03 1.000000000000000021E-03 1.000000000000000021E-03 1.000000000000000021E-03 1.000000000000000021E-03 1.000000000000000021E-03 1.000000000000000021E-03 1.000000000000000021E-03 1.000000000000000021E-03 1.000000000000000021E-03 1.000000000000000021E-03 1.000000000000000021E-03 1.000000000000000021E-03 1.000000000000000021E-03 1.000000000000000021E-03 1.000000000000000021E-03 1.000000000000000021E-03 1.000000000000000021E-03 1.000000000000000021E-03 1.000000000000000021E-03 1.000000000000000021E-03 1.000000000000000021E-03 1.000000000000000021E-03
1.000000000000000021E-03 2.883111367483211880E-04 2.581085262752550943E-04 3.274943974262924020E-04 2.643206186753720719E-04 2.606822491447781409E-04 2.220600708491178034E-04 2.226714867732079196E-04 2.306178407549091516E-04 2.553372871936705497E-04 2.580713150081207332E-04 3.042219494520260873E-04 3.089899281519094612E-04 2.552071481115802086E-04 2.125287911975947948E-04 1.643976288788165808E-04 1.713737571259595029E-04 1.748510208336453119E-04 1.381272325596068131E-04 1.434326181980171962E-04 1.545305261769315335E-04 1.683401334334523884E-04 1.417997434646496146E-04 1.728301623518917337E-04 2.078457811652860616E-04 2.097632279507493584E-04 2.036244752838866159E-04 2.058721837905749732E-04 2.491944099805941783E-04 2.457235408481193745E-04 2.722973634498461319E-04 2.718351908938885890E-04 3.010514947029512261E-04 3.193393643290777300E-04 2.831303054860963070E-04 3.442212718546450471E-04 3.522438191064438274E-04 3.899936200463467771E-04 4.954779547770301424E-04 5.404774291507902445E-04 5.979383134385334898E-04 8.232086711686215173E-04 9.668322840635339144E-04 7.637888066663936753E-04 5.056054074003732109E-04 4.994907861684454511E-04 6.321790985623158268E-04 6.596122357354112934E-04 6.600878490002942862E-04 7.213374828427374270E-04 6.752572069495753858E-04 6.204647484246575764E-04 6.086971570178044150E-04 7.735857644183307454E-04 8.268551703774769217E-04 7.857224780095191027E-04 8.293425476481759966E-04 9.226511494409196266E-04 9.124346707833583823E-04 1.000605971209532182E-03 9.253996442274349966E-04 7.778939895524600344E-04 7.356647865649230261E-04 5.718935806023077353E-04 5.543291931548976733E-04 4.281989805146369540E-04 3.986303379094078355E-04 3.097635951422002872E-04 3.446999903015903659E-04 2.997516410650417191E-04 4.097620084775459065E-04 3.257551449740415071E-04 3.187440409195735390E-04 3.658496128930733833E-04 3.369974513358372603E-04 3.960504393158367515E-04 3.546724202619217208E-04 3.277458461557461651E-04 2.945861152616897883E-04 2.757593009383825988E-04 3.110681865733540535E-04 3.429400352318650257E-04 3.609071921458898487E-04 3.750578539292497232E-04 3.853823915952336475E-04 4.475839211272488989E-04 5.528015322995527515E-04 6.521664249483660226E-04 7.236907916713711773E-04 7.617181410802113025E-04 5.739889053821353596E-04 6.436383738242919218E-04 7.350893859700664227E-04 7.699512004987106801E-04 8.286192575037112278E-04 6.978712505671472990E-04 6.879237788971926271E-04 5.910345860223330293E-04 5.837777748406807170E-04 5.605010272109274463E-04 1.000000000000000021E-03 1.000000000000000021E-03 1.000000000000000021E-03 1.000000000000000021E-03 1.000000000000000021E-03 1.000000000000000021E-03 1.000000000000000021E-03 1.000000000000000021E-03 1.000000000000000021E-03 1.000000000000000021E-03 1.000000000000000021E-03 1.000000000000000021E-03 1.000000000000000021E-03 1.000000000000000021E-03 1.000000000000000021E-03 1.000000000000000021E-03 1.000000000000000021E-03 1.000000000000000021E-03 1.000000000000000021E-03 1.000000000000000021E-03 1.000000000000000021E-03 1.000000000000000021E-03 1.000000000000000021E-03 1.000000000000000021E-03 1.000000000000000021E-03 1.000000000000000021E-03 1.000000000000000021E-03 1.000000000000000021E-03 1.000000000000000021E-03 1.000000000000000021E-03 1.000000000000000021E-03 1.000000000000000021E-03 1.000000000000000021E-03 1.000000000000000021E-03 1.000000000000000021E-03 1.000000000000000021E-03 1.000000000000000021E-03 1.000000000000000021E-03 1.000000000000000021E-03 1.000000000000000021E-03 1.000000000000000021E-03 1.000000000000000021E-03 1.000000000000000021E-03 1.000000000000000021E-03 1.000000000000000021E-03 1.000000000000000021E-03 1.000000000000000021E-03 1.000000000000000021E-03 1.000000000000000021E-03 1.000000000000000021E-03 1.000000000000000021E-03
1.000000000000000021E-03 3.069345415996741519E-04 2.953198422985177135E-04 3.169321838877281992E-04 3.568168062652244863E-04 2.769985434263426958E-04 2.302108268453195684E-04 2.427752929530355066E-04 2.533077700021983745E-04 2.938761695452732641E-04 3.235088068444673978E-04 3.360196318484636965E-04 2.677432661306647886E-04 2.398368551172661391E-04 2.738847586947949319E-04 1.634340206616179591E-04 1.930001755212500700E-04 2.015926828662571420E-04 1.719882687994361403E-04 1.445941137955300516E-04 1.507216074875274950E-04 1.647049882222092240E-04 1.406102660728583502E-04 1.663597366608751335E-04 2.029982845165290400E-04 1.922835880434714084E-04 2.190575503519637225E-04 2.489537139066875094E-04 2.709316232319410695E-04 2.979996348847309602E-04 3.323218792147573735E-04 3.624928944720376823E-04 3.100113832335740630E-04 3.470301738609354847E-04 3.554228937841064453E-04 3.494369425515521680E-04 3.257600935744458517E-04 5.440671560698924361E-04 5.873541393635046785E-04 5.477880454785446574E-04 6.935371808843384701E-04 9.068849780171988565E-04 7.036743017777375092E-04 6.703445027787506170E-04 6.262592704242295541E-04 7.207317798248006084E-04 7.308684079222433705E-04 7.772736309746110846E-04 8.213689469317582122E-04 7.734463563573582348E-04 8.196579218855530331E-04 7.572791885003887172E-04 7.680727479944975730E-04 8.295816860803902244E-04 9.571333426232698019E-04 8.944573354054867823E-04 9.087200724473885969E-04 8.083213949630787100E-04 1.208925575326518648E-03 1.128177567558509261E-03 1.164504282755290552E-03 9.910632597417046337E-04 8.958130757838182094E-04 6.901997587699257525E-04 6.684973898625913135E-04 4.594632117336837156E-04 5.190877881472093875E-04 3.517262899879949477E-04 2.996469864348865028E-04 3.334820888978581128E-04 4.068411751717944586E-04 4.247363280300005630E-04 3.843077698424760815E-04 4.479852207356784617E-04 4.230282200844822033E-04 3.680576474366135747E-04 4.392267598779163126E-04 3.055882342718819794E-04 3.434380215643026446E-04 3.167805399426977162E-04 3.078976057308486819E-04 3.232477003817787542E-04 3.280519429600740043E-04 2.936950644187494817E-04 3.986939074169523821E-04 4.719153729504467270E-04 4.380589309189939764E-04 5.588029439311623537E-04 5.880044524621001658E-04 7.196424891323212813E-04 6.834387603907081605E-04 6.158655601233586647E-04 6.696384447981608293E-04 7.401742351021466451E-04 7.975315728215824629E-04 7.113983378428808627E-04 7.266717079689715558E-04 7.878657622723139612E-04 6.472970194931263171E-04 6.998927360744875217E-04 5.082317201806841244E-04 1.000000000000000021E-03 1.000000000000000021E-03 1.000000000000000021E-03 1.000000000000000021E-03 1.000000000000000021E-03 1.000000000000000021E-03 1.000000000000000021E-03 1.000000000000000021E-03 1.000000000000000021E-03 1.000000000000000021E-03 1.000000000000000021E-03 1.000000000000000021E-03 1.000000000000000021E-03 1.000000000000000021E-03 1.000000000000000021E-03 1.000000000000000021E-03 1.000000000000000021E-03 1.000000000000000021E-03 1.000000000000000021E-03 1.000000000000000021E-03 1.000000000000000021E-03 1.000000000000000021E-03 1.000000000000000021E-03 1.000000000000000021E-03 1.000000000000000021E-03 1.000000000000000021E-03 1.000000000000000021E-03 1.000000000000000021E-03 1.000000000000000021E-03 1.000000000000000021E-03 1.000000000000000021E-03 1.000000000000000021E-03 1.000000000000000021E-03 1.000000000000000021E-03 1.000000000000000021E-03 1.000000000000000021E-03 1.000000000000000021E-03 1.000000000000000021E-03 1.000000000000000021E-03 1.000000000000000021E-03 1.000000000000000021E-03 1.000000000000000021E-03 1.000000000000000021E-03 1.000000000000000021E-03 1.000000000000000021E-03 1.000000000000000021E-03 1.000000000000000021E-03 1.000000000000000021E-03 1.000000000000000021E-03 1.000000000000000021E-03
1.000000000000000021E-03 3.508871044900232724E-04 3.124699252784423047E-04 3.512327547945221190E-04 3.066884747201792925E-04 2.791951510090568073E-04 2.627132326203581196E-04 2.412080719773202614E-04 2.631664124301111209E-04 2.826522517987266618E-04 3.025220332129984879E-04 3.268055958656567827E-04 3.118753803282619716E-04 2.571002543864466558E-04 2.064520135853682443E-04 2.406979271724619918E-04 2.055282381095572056E-04 2.079174501704352798E-04 1.648026908795790764E-04 1.540609612108231744E-04 1.437559777023710711E-04 1.346229875765549437E-04 1.400358860984698506E-04 1.574528675441886781E-04 1.966286243094743044E-04 1.753292082402943671E-04 2.118638730010722444E-04 2.447538947104871822E-04 3.258875494288207097E-04 3.029950496230493441E-04 3.057641969108314804E-04 3.746787131590008000E-04 3.933919990770479679E-04 3.855503794516919845E-04 4.855441594288714430E-04 4.372163645287101513E-04 4.732664126313523368E-04 6.772660206880215441E-04 6.389856736982493226E-04 6.870006684854793218E-04 6.693376064077109300E-04 6.824272696653702107E-04 6.660317104214504881E-04 8.798876901238956256E-04 7.746784691989304665E-04 7.883201414678290024E-04 7.013913825092674180E-04 7.301604779359604364E-04 7.758493431324003193E-04 6.962386134272232534E-04 6.944334041340394356E-04 7.515999663925570541E-04 7.388396702128684169E-04 7.075338484040912196E-04 8.434997009772595778E-04 8.618885121619183432E-04 8.871620682021371220E-04 7.871769274652115102E-04 9.257182357652297836E-04 9.661183094848785563E-04 9.225869312869605047E-04 9.980242429523567167E-04 1.015255672038523202E-03 7.969419530247769459E-04 6.453589288100741641E-04 5.733780815390638426E-04 4.421348896945356062E-04 4.459217221500329166E-04 4.048011508451240868E-04 3.344945473515343898E-04 4.446434653587013805E-04 3.816621716308994943E-04 4.358842644163734973E-04 4.376445234628710849E-04 5.190861909683611164E-04 4.265350133099270755E-04 4.282127437488878613E-04 2.656520366920276277E-04 3.157577014927807533E-04 2.690654824688252806E-04 3.384956241756177848E-04 3.025108253995476221E-04 3.277323256765823402E-04 3.644761018984416412E-04 4.428361259601484531E-04 5.253483080496842029E-04 5.225164361242303672E-04 5.142965823800114272E-04 5.535832862731430645E-04 5.908083300707447829E-04 7.327121153636866491E-04 7.025099029573020609E-04 7.232283314261224623E-04 8.211578656811765759E-04 7.992038750044374619E-04 7.338515311459602132E-04 6.245667004231245665E-04 6.829141892853011521E-04 7.061971165079111625E-04 6.022207159627758185E-04 5.794702602370981536E-04 1.000000000000000021E-03 1.000000000000000021E-03 1.000000000000000021E-03 1.000000000000000021E-03 1.000000000000000021E-03 1.000000000000000021E-03 1.000000000000000021E-03 1.000000000000000021E-03 1.000000000000000021E-03 1.000000000000000021E-03 1.000000000000000021E-03 1.000000000000000021E-03 1.000000000000000021E-03 1.000000000000000021E-03 1.000000000000000021E-03 1.000000000000000021E-03 1.000000000000000021E-03 1.000000000000000021E-03 1.000000000000000021E-03 1.000000000000000021E-03 1.000000000000000021E-03 1.000000000000000021E-03 1.000000000000000021E-03 1.000000000000000021E-03 1.000000000000000021E-03 1.000000000000000021E-03 1.000000000000000021E-03 1.000000000000000021E-03 1.000000000000000021E-03 1.000000000000000021E-03 1.000000000000000021E-03 1.000000000000000021E-03 1.000000000000000021E-03 1.000000000000000021E-03 1.000000000000000021E-03 1.000000000000000021E-03 1.000000000000000021E-03 1.000000000000000021E-03 1.000000000000000021E-03 1.000000000000000021E-03 1.000000000000000021E-03 1.000000000000000021E-03 1.000000000000000021E-03 1.000000000000000021E-03 1.000000000000000021E-03 1.000000000000000021E-03 1.000000000000000021E-03 1.000000000000000021E-03 1.000000000000000021E-03 1.000000000000000021E-03
1.000000000000000021E-03 3.132384135246965530E-04 2.894732675710813379E-04 3.253085832932179353E-04 2.729164210712318648E-04 2.502813113549341153E-04 2.570616872697899583E-04 2.021234240135604985E-04 2.501695680070519390E-04 2.312125398166963428E-04 2.394383688589407264E-04 2.901407758517542991E-04 3.364162381624092538E-04 2.562340807753898898E-04 2.269586919074557594E-04 2.496697978380657394E-04 2.153916656274455213E-04 1.652509287193848215E-04 1.456128013593961461E-04 1.280365109550497468E-04 1.705541624090009143E-04 1.489214015662123226E-04 1.412560978269880780E-04 1.702309827829212347E-04 1.798183868202539069E-04 1.960915262133870903E-04 1.704176598797195160E-04 2.204954021168407973E-04 2.950220916762486055E-04 2.788709346182410538E-04 2.878976109398172483E-04 3.066410886930664753E-04 4.220017444871577679E-04 4.457103251321719315E-04 4.358189343581769641E-04 4.279402699483077113E-04 5.484751446861757833E-04 7.703992185219761838E-04 6.460733124931194267E-04 5.698679121710754870E-04 5.669751086296100258E-04 6.131434024344672822E-04 6.764863616230202799E-04 8.393150944629043870E-04 1.001721574654123670E-03 8.374233825196251415E-04 7.622061928011610770E-04 7.605277038128693042E-04 8.380776715993962190E-04 6.455662229801159037E-04 6.490822917951094952E-04 9.994772180337693421E-04 8.104643551646681810E-04 6.162885605216892769E-04 7.170167719043802658E-04 8.134572861605398860E-04 8.402698416147874518E-04 8.906128054748952685E-04 8.976715150962130295E-04 1.281558900714272397E-03 9.780119032997607129E-04 1.108453237498408656E-03 9.495194819337238450E-04 7.605934319085824128E-04 6.439068372448300765E-04 6.858903409388551449E-04 5.725339754404271770E-04 6.196232976991733910E-04 5.463561075956361885E-04 4.746907799863389686E-04 4.156449206867455994E-04 4.406012628254716646E-04 3.964936472407896506E-04 3.949510134755117698E-04 4.728085746443459053E-04 5.189278318253018633E-04 4.143608543298995324E-04 3.357038325867927166E-04 4.072722838213085504E-04 3.286045049248508725E-04 2.821669582747285930E-04 3.193794344736567109E-04 3.304733277396482648E-04 4.391870421772565958E-04 4.179959423404656406E-04 5.415964550444654158E-04 4.932890228262810667E-04 5.331830419448614373E-04 7.136412572750572628E-04 7.679727818303268370E-04 7.279835385823237850E-04 7.377091251855465203E-04 7.642465940275798390E-04 7.454816010267172055E-04 6.489170936754925416E-04 6.154372886352449737E-04 6.537160707345425047E-04 6.444575629860045760E-04 6.591241757740160835E-04 6.076161749734060487E-04 6.736684184803880260E-04 1.000000000000000021E-03 1.000000000000000021E-03 1.000000000000000021E-03 1.000000000000000021E-03 1.000000000000000021E-03 1.000000000000000021E-03 1.000000000000000021E-03 1.000000000000000021E-03 1.000000000000000021E-03 1.000000000000000021E-03 1.000000000000000021E-03 1.000000000000000021E-03 1.000000000000000021E-03 1.000000000000000021E-03 1.000000000000000021E-03 1.000000000000000021E-03 1.000000000000000021E-03 1.000000000000000021E-03 1.000000000000000021E-03 1.000000000000000021E-03 1.000000000000000021E-03 1.000000000000000021E-03 1.000000000000000021E-03 1.000000000000000021E-03 1.000000000000000021E-03 1.000000000000000021E-03 1.000000000000000021E-03 1.000000000000000021E-03 1.000000000000000021E-03 1.000000000000000021E-03 1.000000000000000021E-03 1.000000000000000021E-03 1.000000000000000021E-03 1.000000000000000021E-03 1.000000000000000021E-03 1.000000000000000021E-03 1.000000000000000021E-03 1.000000000000000021E-03 1.000000000000000021E-03 1.000000000000000021E-03 1.000000000000000021E-03 1.000000000000000021E-03 1.000000000000000021E-03 1.000000000000000021E-03 1.000000000000000021E-03 1.000000000000000021E-03 1.000000000000000021E-03 1.000000000000000021E-03 1.000000000000000021E-03 1.000000000000000021E-03
1.000000000000000021E-03 3.285044305974300785E-04 2.772917969591533866E-04 2.876561959341266284E-04 2.823451404710601120E-04 2.689039308174337884E-04 2.459348084929699539E-04 1.634123050150352425E-04 2.405071368778447178E-04 2.795191361565379671E-04 2.793018378526936117E-04 2.837437271625386083E-04 2.864669440814535074E-04 2.408942460068407541E-04 2.315348355907015127E-04 1.939358868256009429E-04 2.136214819064139370E-04 1.528732076803626379E-04 1.533532541530286807E-04 1.321718025548164054E-04 1.611179445807571270E-04 1.651317112840955349E-04 1.350593054395057011E-04 1.597504969560131045E-04 1.647798355293487950E-04 2.024218176079388908E-04 2.001817617737978094E-04 2.423082370306987236E-04 2.502649503850875104E-04 2.729338363045197735E-04 3.036855132700109561E-04 3.787330726452329491E-04 4.941475567575335332E-04 4.023878732702552432E-04 4.146037717729031684E-04 3.973981995128927848E-04 4.956907470173697481E-04 6.681579316098723142E-04 7.106670831176116476E-04 6.791271329495298216E-04 6.129414412133473095E-04 6.765565479471958958E-04 7.205276449324105308E-04 8.531932159536834582E-04 6.749079442065517931E-04 8.312220034158480670E-04 7.644459981370235442E-04 6.799318275185738938E-04 7.873252700234943018E-04 6.839081363862562369E-04 8.180228024776523173E-04 7.386339064033077030E-04 7.994560642927001082E-04 7.440578004320680741E-04 7.605467312727046819E-04 7.028011494480257545E-04 6.576519194121645479E-04 6.533873840742187829E-04 7.885016729965394020E-04 8.784676926377657903E-04 7.946500598499345140E-04 8.800313657224698638E-04 9.243664381803073926E-04 8.578704640510169573E-04 6.055558871130014642E-04 5.981839694160596488E-04 6.275911426347866202E-04 5.462422598272422469E-04 5.643734732766688984E-04 5.638746106512166744E-04 4.587150462071069900E-04 4.537612773769817429E-04 4.801390198724453016E-04 4.655986785915035286E-04 5.339110101372584148E-04 5.650188942645411379E-04 4.833027696954253580E-04 3.788447274213171717E-04 3.856576941913609407E-04 3.332494484266769019E-04 3.648454872818235957E-04 3.274978516554725972E-04 3.696961848701288953E-04 4.046957190396234701E-04 3.917735267803923557E-04 4.075921158624579979E-04 4.826008943412769467E-04 6.070242502492688517E-04 8.107244476821365590E-04 7.623535482505110813E-04 7.315508624687597954E-04 5.759648737228630381E-04 6.517688744876706970E-04 6.562410358985815324E-04 6.561215579304601484E-04 6.607196466317777871E-04 5.911679269503703838E-04 6.159814247076277191E-04 6.032869123493264825E-04 5.915874470379951355E-04 5.100026464024206988E-04 1.000000000000000021E-03 1.000000000000000021E-03 1.000000000000000021E-03 1.000000000000000021E-03 1.000000000000000021E-03 1.000000000000000021E-03 1.000000000000000021E-03 1.000000000000000021E-03 1.000000000000000021E-03 1.000000000000000021E-03 1.000000000000000021E-03 1.000000000000000021E-03 1.000000000000000021E-03 1.000000000000000021E-03 1.000000000000000021E-03 1.000000000000000021E-03 1.000000000000000021E-03 1.000000000000000021E-03 1.000000000000000021E-03 1.000000000000000021E-03 1.000000000000000021E-03 1.000000000000000021E-03 1.000000000000000021E-03 1.000000000000000021E-03 1.000000000000000021E-03 1.000000000000000021E-03 1.000000000000000021E-03 1.000000000000000021E-03 1.000000000000000021E-03 1.000000000000000021E-03 1.000000000000000021E-03 1.000000000000000021E-03 1.000000000000000021E-03 1.000000000000000021E-03 1.000000000000000021E-03 1.000000000000000021E-03 1.000000000000000021E-03 1.000000000000000021E-03 1.000000000000000021E-03 1.000000000000000021E-03 1.000000000000000021E-03 1.000000000000000021E-03 1.000000000000000021E-03 1.000000000000000021E-03 1.000000000000000021E-03 1.000000000000000021E-03 1.000000000000000021E-03 1.000000000000000021E-03 1.000000000000000021E-03 1.000000000000000021E-03
1.000000000000000021E-03 2.385581151896802924E-04 2.849573799403004289E-04 3.167785751913405564E-04 2.736812294025623327E-04 2.552508383277590429E-04 2.269859861714909816E-04 2.067100333561351600E-04 2.372851034476557445E-04 3.056894487007741205E-04 2.795537467488536554E-04 2.720266698623855861E-04 2.475917903651698722E-04 1.858977095780046430E-04 2.819682274751053835E-04 2.188132152100344657E-04 2.453094068649288250E-04 1.847437336154091330E-04 1.786406821724258989E-04 1.849459322040440451E-04 1.681442706427547162E-04 1.657318586092078642E-04 1.423924861676717686E-04 1.556805166354098275E-04 1.769153177715245169E-04 2.039272064442913368E-04 2.319484125591476475E-04 2.145412077549937416E-04 2.643848912168689615E-04 2.885648575296493917E-04 3.831216985879430203E-04 3.854246504314160719E-04 3.951191874515567006E-04 3.645820302367861246E-04 4.313208157724065053E-04 4.887715281132868662E-04 5.678046666871263901E-04 7.237938926891990645E-04 7.124162478988131349E-04 7.325467910140802353E-04 7.583388530627997639E-04 7.475351472204860371E-04 6.931775465066853997E-04 6.564112394870316334E-04 5.803793403693831851E-04 6.624507825676118154E-04 7.585534534565549925E-04 6.988513884040030866E-04 8.092247668655289669E-04 7.163083713052575095E-04 7.211838059200324476E-04 7.612430546314167840E-04 7.829643862950372247E-04 8.530060647340703293E-04 9.522641312236284012E-04 6.577122421029220952E-04 7.070810987379675923E-04 6.968801974402524975E-04 5.478329404665880113E-04 7.307612749675430029E-04 8.139435086845455726E-04 7.580849986012277650E-04 6.953879756645301802E-04 7.560058236444805501E-04 6.436207479480155012E-04 6.954108670810734295E-04 6.517499227196296230E-04 5.786574346255093015E-04 4.678933308641295384E-04 4.287242814462017496E-04 4.152930682587931046E-04 4.319374964633391567E-04 3.832439519078178862E-04 4.363469500179627345E-04 4.359793166691046428E-04 4.628278806323453311E-04 3.781389433686878311E-04 3.368641253132527002E-04 4.479435289857772368E-04 4.181544192145324537E-04 2.999221470840555937E-04 3.162259695092577085E-04 4.291904594488686825E-04 4.180102508252698059E-04 4.166020918710527780E-04 3.410632261559838163E-04 5.527584130912341614E-04 6.255789114095788904E-04 7.192115104793721887E-04 9.480408458178524265E-04 6.653427728655918107E-04 5.586750757002390596E-04 6.220131128422466509E-04 6.079865223878287706E-04 5.473688533706226557E-04 5.950018252289685514E-04 5.233084325296715822E-04 4.963125399330728079E-04 5.289946528102267443E-04 5.981797536317047916E-04 6.399060776728025248E-04 1.000000000000000021E-03 1.000000000000000021E-03 1.000000000000000021E-03 1.000000000000000021E-03 1.000000000000000021E-03 1.000000000000000021E-03 1.000000000000000021E-03 1.000000000000000021E-03 1.000000000000000021E-03 1.000000000000000021E-03 1.000000000000000021E-03 1.000000000000000021E-03 1.000000000000000021E-03 1.000000000000000021E-03 1.000000000000000021E-03 1.000000000000000021E-03 1.000000000000000021E-03 1.000000000000000021E-03 1.000000000000000021E-03 1.000000000000000021E-03 1.000000000000000021E-03 1.000000000000000021E-03 1.000000000000000021E-03 1.000000000000000021E-03 1.000000000000000021E-03 1.000000000000000021E-03 1.000000000000000021E-03 1.000000000000000021E-03 1.000000000000000021E-03 1.000000000000000021E-03 1.000000000000000021E-03 1.000000000000000021E-03 1.000000000000000021E-03 1.000000000000000021E-03 1.000000000000000021E-03 1.000000000000000021E-03 1.000000000000000021E-03 1.000000000000000021E-03 1.000000000000000021E-03 1.000000000000000021E-03 1.000000000000000021E-03 1.000000000000000021E-03 1.000000000000000021E-03 1.000000000000000021E-03 1.000000000000000021E-03 1.000000000000000021E-03 1.000000000000000021E-03 1.000000000000000021E-03 1.000000000000000021E-03 1.000000000000000021E-03
1.000000000000000021E-03 2.612407908405882601E-04 3.058435502024753555E-04 3.768175871157021864E-04 2.868257055947624604E-04 2.189689622627787307E-04 2.121905500424360635E-04 2.368889584624363296E-04 2.853508515587476944E-04 3.299424262843218673E-04 2.754900066143909265E-04 2.944208890030783365E-04 2.672550300351237361E-04 2.651001412475157380E-04 3.104999557261255692E-04 2.904269562985793739E-04 3.029489173617295355E-04 2.724997214616554399E-04 1.788453316318497073E-04 1.906356685576468047E-04 2.000634342516920041E-04 1.562916242817854985E-04 1.562329175827166408E-04 1.479929330860226206E-04 1.739999702980887959E-04 1.623847156316923692E-04 2.021398643422402206E-04 2.021437668576827750E-04 2.245864619697195662E-04 2.395058540938104787E-04 3.114496432680502556E-04 3.578512877062839403E-04 3.283580187319384207E-04 3.756972553514902015E-04 3.682632806413724128E-04 5.659854439341225046E-04 6.315757232990679886E-04 6.153501149285215289E-04 7.302602283904505859E-04 7.672767241281619509E-04 7.163602990645040426E-04 6.120298414557534279E-04 6.746231532244902334E-04 5.805532643123133925E-04 6.463205109222448655E-04 6.860735268821034193E-04 7.638468593600655212E-04 7.805236656231562915E-04 7.644731661912906526E-04 7.130368352996504198E-04 7.327865404278492006E-04 9.157994887414824163E-04 9.070505573781124800E-04 8.324595813329908802E-04 7.688802416249101816E-04 6.934865295409035251E-04 5.836770205043665446E-04 6.666806167212308400E-04 6.467217439528000298E-04 6.176252497034245056E-04 6.879745237481349734E-04 5.566930463393358289E-04 5.724406248084889246E-04 6.413049211356832303E-04 7.069211042584257892E-04 6.657317279440459973E-04 6.858912095695686179E-04 6.822814217791430469E-04 5.644785590954029889E-04 4.428161843894068027E-04 4.609634332079091045E-04 5.253934206310595812E-04 4.839187317693035835E-04 4.057851345793795739E-04 4.230709854302638646E-04 4.030507471578706328E-04 3.922366978282702289E-04 3.397817610985982536E-04 4.245812049053568349E-04 4.206212242908391398E-04 3.860979779927630135E-04 3.296222622856876988E-04 3.960556049255476167E-04 4.633167508009702440E-04 4.569409937883194581E-04 3.922113436367330582E-04 5.074987387891005328E-04 6.487844954367723510E-04 7.105991353487975089E-04 7.472029327357797594E-04 5.848693892236376006E-04 5.538049431777408499E-04 4.925324290080471384E-04 5.782389822588558659E-04 6.255325616080918867E-04 5.853392070308128907E-04 5.897660805147282711E-04 5.948475467700523218E-04 5.525649891613670364E-04 4.936369707436650189E-04 5.498555366670373340E-04 4.501184610066278399E-04 1.000000000000000021E-03 1.000000000000000021E-03 1.000000000000000021E-03 1.000000000000000021E-03 1.000000000000000021E-03 1.000000000000000021E-03 1.000000000000000021E-03 1.000000000000000021E-03 1.000000000000000021E-03 1.000000000000000021E-03 1.000000000000000021E-03 1.000000000000000021E-03 1.000000000000000021E-03 1.000000000000000021E-03 1.000000000000000021E-03 1.000000000000000021E-03 1.000000000000000021E-03 1.000000000000000021E-03 1.000000000000000021E-03 1.000000000000000021E-03 1.000000000000000021E-03 1.000000000000000021E-03 1.000000000000000021E-03 1.000000000000000021E-03 1.000000000000000021E-03 1.000000000000000021E-03 1.000000000000000021E-03 1.000000000000000021E-03 1.000000000000000021E-03 1.000000000000000021E-03 1.000000000000000021E-03 1.000000000000000021E-03 1.000000000000000021E-03 1.000000000000000021E-03 1.000000000000000021E-03 1.000000000000000021E-03 1.000000000000000021E-03 1.000000000000000021E-03 1.000000000000000021E-03 1.000000000000000021E-03 1.000000000000000021E-03 1.000000000000000021E-03 1.000000000000000021E-03 1.000000000000000021E-03 1.000000000000000021E-03 1.000000000000000021E-03 1.000000000000000021E-03 1.000000000000000021E-03 1.000000000000000021E-03
1.000000000000000021E-03 2.457256308321787265E-04 2.304806268244873101E-04 2.661038488453574039E-04 2.892646984848087975E-04 3.122617801939234477E-04 2.745003170411360245E-04 3.210932687963183709E-04 2.948993727710775116E-04 2.682891674226858553E-04 2.837239846543043210E-04 2.470330006950328624E-04 3.010880704808508389E-04 2.744855322587497551E-04 2.556287160198991194E-04 2.310351982004864183E-04 2.434454230928766627E-04 2.161004799801203408E-04 2.003169954601156759E-04 1.553318522756981838E-04 1.779888673349989785E-04 1.839213190129354288E-04 1.433063237147119641E-04 1.437301786544166265E-04 1.493491802602264871E-04 1.707785366334216293E-04 2.033775219013084397E-04 1.993052787057486824E-04 2.084693255575488817E-04 2.180876889995689337E-04 2.474689624497273741E-04 2.267758037832502411E-04 2.463039250901221983E-04 3.357944969979951579E-04 4.029886483099897427E-04 5.231387893695015447E-04 6.329177672027491231E-04 6.671613954760302785E-04 7.485849021939812529E-04 6.368432811728133320E-04 7.821258072383931517E-04 6.452569091785689956E-04 6.028806045879402326E-04 6.852214094683603323E-04 7.782909963325062479E-04 6.483998645820716498E-04 8.210496746300748050E-04 8.996412890434114535E-04 9.903884681087854903E-04 9.602821636139556279E-04 9.337156670012410238E-04 1.071196199921749248E-03 9.964263968358318992E-04 8.711666738231220149E-04 8.240081258147309096E-04 7.860076161917667987E-04 6.573726010264042442E-04 1.000000000000000021E-03 1.000000000000000021E-03 1.000000000000000021E-03 1.000000000000000021E-03 1.000000000000000021E-03 1.000000000000000021E-03 1.000000000000000021E-03 1.000000000000000021E-03 1.000000000000000021E-03 1.000000000000000021E-03 1.000000000000000021E-03 1.000000000000000021E-03 1.000000000000000021E-03 1.000000000000000021E-03 1.000000000000000021E-03 1.000000000000000021E-03 1.000000000000000021E-03 1.000000000000000021E-03 4.026168119215737108E-04 4.469341360622506188E-04 4.058918884995839859E-04 4.200600929570558846E-04 4.132964562976868179E-04 3.752228873615935266E-04 3.525980575525891332E-04 4.676175891692169726E-04 5.012809699851051475E-04 5.328366577805862580E-04 6.052861965010229370E-04 5.967787124968977012E-04 6.782490336827712166E-04 7.618707360936535821E-04 8.183770574895274765E-04 6.058843093058707396E-04 5.523361867839695358E-04 4.203022841499916783E-04 5.658275467353676745E-04 5.637201207227846098E-04 6.031134087393578546E-04 5.557753181088722488E-04 6.478743474451098983E-04 6.188239142509498018E-04 5.781197376593698789E-04 5.098764934377935905E-04 4.768146639403926740E-04 1.000000000000000021E-03 1.000000000000000021E-03 1.000000000000000021E-03 1.000000000000000021E-03 1.000000000000000021E-03 1.000000000000000021E-03 1.000000000000000021E-03 1.000000000000000021E-03 1.000000000000000021E-03 1.000000000000000021E-03 1.000000000000000021E-03 1.000000000000000021E-03 1.000000000000000021E-03 1.000000000000000021E-03 1.000000000000000021E-03 1.000000000000000021E-03 1.000000000000000021E-03 1.000000000000000021E-03 1.000000000000000021E-03 1.000000000000000021E-03 1.000000000000000021E-03 1.000000000000000021E-03 1.000000000000000021E-03 1.000000000000000021E-03 1.000000000000000021E-03 1.000000000000000021E-03 1.000000000000000021E-03 1.000000000000000021E-03 1.000000000000000021E-03 1.000000000000000021E-03 1.000000000000000021E-03 1.000000000000000021E-03 1.000000000000000021E-03 1.000000000000000021E-03 1.000000000000000021E-03 1.000000000000000021E-03 1.000000000000000021E-03 1.000000000000000021E-03 1.000000000000000021E-03 1.000000000000000021E-03 1.000000000000000021E-03 1.000000000000000021E-03 1.000000000000000021E-03 1.000000000000000021E-03 1.000000000000000021E-03 1.000000000000000021E-03 1.000000000000000021E-03 1.000000000000000021E-03 1.000000000000000021E-03
1.000000000000000021E-03 2.490110926043503947E-04 2.464443310971480309E-04 2.812956824733157447E-04 3.291723511996199757E-04 3.475369077340016949E-04 3.071911802166496074E-04 2.965674127940859362E-04 2.925476139577389131E-04 2.989168862284471637E-04 2.600352535923768473E-04 2.776874900141750014E-04 2.332776684119221614E-04 2.292256315152409543E-04 2.359544778727302354E-04 2.109443264248103233E-04 2.095702909111731222E-04 2.283330136863004085E-04 1.622796825009400232E-04 1.642321620049107841E-04 1.698504946937825556E-04 1.861167886740428261E-04 1.673874249309739140E-04 1.732974391289085470E-04 1.945191314192730729E-04 1.961419980884315014E-04 2.224488781427119840E-04 1.610138803047505337E-04 1.708963805360029075E-04 1.760577102149965122E-04 1.841828453295303797E-04 2.163058408876263451E-04 3.024033022939793701E-04 3.470750337254573429E-04 4.106075604257704683E-04 5.158739929506860012E-04 8.063189653971036082E-04 6.617099798249776810E-04 6.161427779863657295E-04 6.957388057312111334E-04 7.906046038454505112E-04 5.648071699067988777E-04 6.635214867301265050E-04 6.851326254863295863E-04 7.709816950981575366E-04 8.688056460738819483E-04 7.250934440685314090E-04 9.248047353289780368E-04 1.091362379261449087E-03 1.029009546017289976E-03 1.112088777590626880E-03 1.000000000000000021E-03 1.000000000000000021E-03 1.000000000000000021E-03 1.000000000000000021E-03 1.000000000000000021E-03 1.000000000000000021E-03 1.000000000000000021E-03 1.000000000000000021E-03 1.000000000000000021E-03 1.000000000000000021E-03 1.000000000000000021E-03 1.000000000000000021E-03 1.000000000000000021E-03 1.000000000000000021E-03 1.000000000000000021E-03 1.000000000000000021E-03 1.000000000000000021E-03 1.000000000000000021E-03 1.000000000000000021E-03 1.000000000000000021E-03 1.000000000000000021E-03 1.000000000000000021E-03 1.000000000000000021E-03 1.000000000000000021E-03 1.000000000000000021E-03 1.000000000000000021E-03 4.376313740503944569E-04 4.223365046782630370E-04 4.280774954315629227E-04 3.624444320879254586E-04 3.366463857187789810E-04 4.730760773639804107E-04 5.167627039551927863E-04 4.321204218825514388E-04 5.479381477042044287E-04 6.257324975252457656E-04 6.749310247753614834E-04 6.564990137443448047E-04 6.973495866862029768E-04 7.094481910881720883E-04 5.004497964251922127E-04 5.110498161825243087E-04 4.208630272266774002E-04 4.603834369146785630E-04 6.052712795415200308E-04 6.453424580431574688E-04 6.923454443510094645E-04 5.674985778487957704E-04 6.084393264254702111E-04 4.734605736895365602E-04 4.377044360303275895E-04 1.000000000000000021E-03 1.000000000000000021E-03 1.000000000000000021E-03 1.000000000000000021E-03 1.000000000000000021E-03 1.000000000000000021E-03 1.000000000000000021E-03 1.000000000000000021E-03 1.000000000000000021E-03 1.000000000000000021E-03 1.000000000000000021E-03 1.000000000000000021E-03 1.000000000000000021E-03 1.000000000000000021E-03 1.000000000000000021E-03 1.000000000000000021E-03 1.000000000000000021E-03 1.000000000000000021E-03 1.000000000000000021E-03 1.000000000000000021E-03 1.000000000000000021E-03 1.000000000000000021E-03 1.000000000000000021E-03 1.000000000000000021E-03 1.000000000000000021E-03 1.000000000000000021E-03 1.000000000000000021E-03 1.000000000000000021E-03 1.000000000000000021E-03 1.000000000000000021E-03 1.000000000000000021E-03 1.000000000000000021E-03 1.000000000000000021E-03 1.000000000000000021E-03 1.000000000000000021E-03 1.000000000000000021E-03 1.000000000000000021E-03 1.000000000000000021E-03 1.000000000000000021E-03 1.000000000000000021E-03 1.000000000000000021E-03 1.000000000000000021E-03 1.000000000000000021E-03 1.000000000000000021E-03 1.000000000000000021E-03 1.000000000000000021E-03 1.000000000000000021E-03 1.000000000000000021E-03 1.000000000000000021E-03
1.000000000000000021E-03 2.718946029140869376E-04 2.168571810711541245E-04 2.277614006952090179E-04 3.415478720465639083E-04 3.194379523058715818E-04 3.183659626681719355E-04 2.758036049899956297E-04 2.288349122303259169E-04 2.864638698731876258E-04 2.629560595341841767E-04 2.152279502593136377E-04 2.040474148328751429E-04 1.942838827768603562E-04 2.007440908376232453E-04 2.582825386241076413E-04 1.866629935348207490E-04 1.837209063247618860E-04 1.689110982636902309E-04 1.510758785385116871E-04 1.762733607347993022E-04 1.747031559737828642E-04 2.221551908164141594E-04 2.001913365256042664E-04 2.712367768935197883E-04 2.460579274173867485E-04 2.097334679584511293E-04 2.105103576659584708E-04 1.767179623476156677E-04 1.751301435957579907E-04 2.532282699077435979E-04 2.029721527950477129E-04 3.196799790727556626E-04 3.380517274534955191E-04 3.661747728101432254E-04 4.473978023834952441E-04 5.494562848086958660E-04 5.107105849383329534E-04 6.425092846038222638E-04 6.821000082571323283E-04 6.642827774252053549E-04 6.209789991353065024E-04 7.057271531278821878E-04 6.605792023373443676E-04 7.514090658213913891E-04 9.179188309914468671E-04 1.000000000000000021E-03 1.000000000000000021E-03 1.000000000000000021E-03 1.000000000000000021E-03 1.000000000000000021E-03 1.000000000000000021E-03 1.000000000000000021E-03 1.000000000000000021E-03 1.000000000000000021E-03 1.000000000000000021E-03 1.000000000000000021E-03 1.000000000000000021E-03 1.000000000000000021E-03 1.000000000000000021E-03 1.000000000000000021E-03 1.000000000000000021E-03 1.000000000000000021E-03 1.000000000000000021E-03 1.000000000000000021E-03 1.000000000000000021E-03 1.000000000000000021E-03 1.000000000000000021E-03 1.000000000000000021E-03 1.000000000000000021E-03 1.000000000000000021E-03 1.000000000000000021E-03 1.000000000000000021E-03 1.000000000000000021E-03 1.000000000000000021E-03 1.000000000000000021E-03 1.000000000000000021E-03 1.000000000000000021E-03 5.615563308266303608E-04 4.664861930147441130E-04 4.785284170303997250E-04 4.114038820426960076E-04 4.302321947953797066E-04 4.293774851206318089E-04 4.270660598336664844E-04 5.253106795150211525E-04 4.818561531106139387E-04 4.672590830305899242E-04 6.489955787662219895E-04 7.204855294634847579E-04 7.185524455300202262E-04 5.952373321900700275E-04 6.473449512724206451E-04 5.572043962825294150E-04 4.937981935298083264E-04 4.595434505519701640E-04 6.221560844875093392E-04 6.346543101174277352E-04 5.709985398940373245E-04 5.401309027682572785E-04 4.847578658056342121E-04 4.452570923711141851E-04 1.000000000000000021E-03 1.000000000000000021E-03 1.000000000000000021E-03 1.000000000000000021E-03 1.000000000000000021E-03 1.000000000000000021E-03 1.000000000000000021E-03 1.000000000000000021E-03 1.000000000000000021E-03 1.000000000000000021E-03 1.000000000000000021E-03 1.000000000000000021E-03 1.000000000000000021E-03 1.000000000000000021E-03 1.000000000000000021E-03 1.000000000000000021E-03 1.000000000000000021E-03 1.000000000000000021E-03 1.000000000000000021E-03 1.000000000000000021E-03 1.000000000000000021E-03 1.000000000000000021E-03 1.000000000000000021E-03 1.000000000000000021E-03 1.000000000000000021E-03 1.000000000000000021E-03 1.000000000000000021E-03 1.000000000000000021E-03 1.000000000000000021E-03 1.000000000000000021E-03 1.000000000000000021E-03 1.000000000000000021E-03 1.000000000000000021E-03 1.000000000000000021E-03 1.000000000000000021E-03 1.000000000000000021E-03 1.000000000000000021E-03 1.000000000000000021E-03 1.000000000000000021E-03 1.000000000000000021E-03 1.000000000000000021E-03 1.000000000000000021E-03 1.000000000000000021E-03 1.000000000000000021E-03 1.000000000000000021E-03 1.000000000000000021E-03 1.000000000000000021E-03 1.000000000000000021E-03 1.000000000000000021E-03
1.000000000000000021E-03 3.302988686882565015E-04 2.773873826890989758E-04 2.430431564288595817E-04 3.133086167524502612E-04 2.830896695580612161E-04 3.271974279462124208E-04 3.002453213395458835E-04 2.446765786437423373E-04 2.448702357678142938E-04 2.546341176085074073E-04 2.236883629316563165E-04 2.148579413891080442E-04 2.309274866136377512E-04 1.951583373631047007E-04 1.791872712461401633E-04 1.895618306870996018E-04 1.743253626607136025E-04 2.003608884848565009E-04 2.033032507769006575E-04 2.014292293609650745E-04 2.035136861938740486E-04 1.754071144512441460E-04 2.273317518561960855E-04 2.990750012821923346E-04 2.805101152613602260E-04 2.570510172603444692E-04 2.043068591911701066E-04 1.859855202372076989E-04 2.172727217605533584E-04 2.367380286360354466E-04 2.791855098340798925E-04 3.569441702211928707E-04 4.254443641459157064E-04 4.153860557095928195E-04 4.250215634042985653E-04 4.768787523890211729E-04 5.858386642234194143E-04 5.482150045441943481E-04 6.314923787215817553E-04 1.000000000000000021E-03 1.000000000000000021E-03 1.000000000000000021E-03 1.000000000000000021E-03 1.000000000000000021E-03 1.000000000000000021E-03 1.000000000000000021E-03 1.000000000000000021E-03 1.000000000000000021E-03 1.000000000000000021E-03 1.000000000000000021E-03 1.000000000000000021E-03 1.000000000000000021E-03 1.000000000000000021E-03 1.000000000000000021E-03 1.000000000000000021E-03 1.000000000000000021E-03 1.000000000000000021E-03 1.000000000000000021E-03 1.000000000000000021E-03 1.000000000000000021E-03 1.000000000000000021E-03 1.000000000000000021E-03 1.000000000000000021E-03 1.000000000000000021E-03 1.000000000000000021E-03 1.000000000000000021E-03 1.000000000000000021E-03 1.000000000000000021E-03 1.000000000000000021E-03 1.000000000000000021E-03 1.000000000000000021E-03 1.000000000000000021E-03 1.000000000000000021E-03 1.000000000000000021E-03 1.000000000000000021E-03 1.000000000000000021E-03 1.000000000000000021E-03 1.000000000000000021E-03 1.000000000000000021E-03 6.092177268816048250E-04 5.455059891671171961E-04 5.082727998419857632E-04 4.984090075788601788E-04 4.639978732526830107E-04 4.895315225556317673E-04 4.397632692299294991E-04 4.221140148416604163E-04 6.274265902518575289E-04 7.490918118012655476E-04 6.730169387588856448E-04 7.628319370792035689E-04 7.135525597993008827E-04 5.941222487678308670E-04 4.644092396414686613E-04 5.356790119721436053E-04 5.365202273676480038E-04 5.990675565646827981E-04 5.074750068987498707E-04 5.951812757838428848E-04 5.591726423401019311E-04 6.040869393015351960E-04 1.000000000000000021E-03 1.000000000000000021E-03 1.000000000000000021E-03 1.000000000000000021E-03 1.000000000000000021E-03 1.000000000000000021E-03 1.000000000000000021E-03 1.000000000000000021E-03 1.000000000000000021E-03 1.000000000000000021E-03 1.000000000000000021E-03 1.000000000000000021E-03 1.000000000000000021E-03 1.000000000000000021E-03 1.000000000000000021E-03 1.000000000000000021E-03 1.000000000000000021E-03 1.000000000000000021E-03 1.000000000000000021E-03 1.000000000000000021E-03 1.000000000000000021E-03 1.000000000000000021E-03 1.000000000000000021E-03 1.000000000000000021E-03 1.000000000000000021E-03 1.000000000000000021E-03 1.000000000000000021E-03 1.000000000000000021E-03 1.000000000000000021E-03 1.000000000000000021E-03 1.000000000000000021E-03 1.000000000000000021E-03 1.000000000000000021E-03 1.000000000000000021E-03 1.000000000000000021E-03 1.000000000000000021E-03 1.000000000000000021E-03 1.000000000000000021E-03 1.000000000000000021E-03 1.000000000000000021E-03 1.000000000000000021E-03 1.000000000000000021E-03 1.000000000000000021E-03 1.000000000000000021E-03 1.000000000000000021E-03 1.000000000000000021E-03 1.000000000000000021E-03 1.000000000000000021E-03 1.000000000000000021E-03
1.000000000000000021E-03 3.086860111642566584E-04 3.057791288847839226E-04 2.491631288876749463E-04 2.117604855735783539E-04 2.696122365082950106E-04 2.368192239336698764E-04 2.921419883518748908E-04 2.327780502259310256E-04 1.763316287913982113E-04 2.022639400702136198E-04 2.216106998023673004E-04 2.180632434873451433E-04 2.348067230861386283E-04 1.712504031356710469E-04 1.888926228547866478E-04 1.796709016993806548E-04 1.852711152577430828E-04 1.848076506525609037E-04 2.229349701881049744E-04 2.949217208801693238E-04 2.554753723618188583E-04 2.675066638488148235E-04 2.362157128351655296E-04 2.485722661237436113E-04 2.770459616180697467E-04 3.002673016423376305E-04 2.539517755875402450E-04 2.421401957498240201E-04 3.432848335689953653E-04 3.729646845975809243E-04 3.421998235850010409E-04 4.347098835000382400E-04 4.214684693878739848E-04 4.341066150371319216E-04 5.438964202664259198E-04 1.000000000000000021E-03 1.000000000000000021E-03 1.000000000000000021E-03 1.000000000000000021E-03 1.000000000000000021E-03 1.000000000000000021E-03 1.000000000000000021E-03 1.000000000000000021E-03 1.000000000000000021E-03 1.000000000000000021E-03 1.000000000000000021E-03 1.000000000000000021E-03 1.000000000000000021E-03 1.000000000000000021E-03 1.000000000000000021E-03 1.000000000000000021E-03 1.000000000000000021E-03 1.000000000000000021E-03 1.000000000000000021E-03 1.000000000000000021E-03 1.000000000000000021E-03 1.000000000000000021E-03 1.000000000000000021E-03 1.000000000000000021E-03 1.000000000000000021E-03 1.000000000000000021E-03 1.000000000000000021E-03 1.000000000000000021E-03 1.000000000000000021E-03 1.000000000000000021E-03 1.000000000000000021E-03 1.000000000000000021E-03 1.000000000000000021E-03 1.000000000000000021E-03 1.000000000000000021E-03 1.000000000000000021E-03 1.000000000000000021E-03 1.000000000000000021E-03 1.000000000000000021E-03 1.000000000000000021E-03 1.000000000000000021E-03 1.000000000000000021E-03 1.000000000000000021E-03 1.000000000000000021E-03 1.000000000000000021E-03 1.000000000000000021E-03 4.665048845663270511E-04 5.512332547914469867E-04 4.671453659830545994E-04 5.067028423896051620E-04 4.059437261775356649E-04 4.127571795689474179E-04 5.266248999277449048E-04 5.357824083730021360E-04 7.809266054332633482E-04 6.200028473038280427E-04 6.377356965877264711E-04 7.237154229057867708E-04 5.349718643500900620E-04 5.794200435601655442E-04 6.190968194771695769E-04 7.384704747594568680E-04 6.673894751876363130E-04 6.152848541610383536E-04 6.957002921660577826E-04 6.493375157459290847E-04 1.000000000000000021E-03 1.000000000000000021E-03 1.000000000000000021E-03 1.000000000000000021E-03 1.000000000000000021E-03 1.000000000000000021E-03 1.000000000000000021E-03 1.000000000000000021E-03 1.000000000000000021E-03 1.000000000000000021E-03 1.000000000000000021E-03 1.000000000000000021E-03 1.000000000000000021E-03 1.000000000000000021E-03 1.000000000000000021E-03 1.000000000000000021E-03 1.000000000000000021E-03 1.000000000000000021E-03 1.000000000000000021E-03 1.000000000000000021E-03 1.000000000000000021E-03 1.000000000000000021E-03 1.000000000000000021E-03 1.000000000000000021E-03 1.000000000000000021E-03 1.000000000000000021E-03 1.000000000000000021E-03 1.000000000000000021E-03 1.000000000000000021E-03 1.000000000000000021E-03 1.000000000000000021E-03 1.000000000000000021E-03 1.000000000000000021E-03 1.000000000000000021E-03 1.000000000000000021E-03 1.000000000000000021E-03 1.000000000000000021E-03 1.000000000000000021E-03 1.000000000000000021E-03 1.000000000000000021E-03 1.000000000000000021E-03 1.000000000000000021E-03 1.000000000000000021E-03 1.000000000000000021E-03 1.000000000000000021E-03 1.000000000000000021E-03 1.000000000000000021E-03 1.000000000000000021E-03 1.000000000000000021E-03
1.000000000000000021E-03 3.297606631564261627E-04 2.918431824817903841E-04 2.712510437647723733E-04 2.465281776511707196E-04 2.584620858692738155E-04 2.572163848162067304E-04 2.575647503732703038E-04 2.406751827290839075E-04 1.969777562233730197E-04 1.873736054872211353E-04 2.001946703454534368E-04 2.406974283006927393E-04 2.168420690814117557E-04 1.969098187232274191E-04 1.873164318338596665E-04 1.914773838135750349E-04 1.700397702820407914E-04 1.939257385555512542E-04 2.381676280850808644E-04 2.653988566276912760E-04 3.065095152486178626E-04 2.687616729743254741E-04 2.511449994759942296E-04 2.866630388778457022E-04 3.274803906613379706E-04 3.088451109198624080E-04 2.952565269261663624E-04 3.429846503411655852E-04 3.193097921680382941E-04 4.045001418901676042E-04 4.411594148398370651E-04 7.353480236458815114E-04 6.908831856763436498E-04 1.000000000000000021E-03 1.000000000000000021E-03 1.000000000000000021E-03 1.000000000000000021E-03 1.000000000000000021E-03 1.000000000000000021E-03 1.000000000000000021E-03 1.000000000000000021E-03 1.000000000000000021E-03 1.000000000000000021E-03 1.000000000000000021E-03 1.000000000000000021E-03 1.000000000000000021E-03 1.000000000000000021E-03 1.000000000000000021E-03 1.000000000000000021E-03 1.000000000000000021E-03 1.000000000000000021E-03 1.000000000000000021E-03 1.000000000000000021E-03 1.000000000000000021E-03 1.000000000000000021E-03 1.000000000000000021E-03 1.000000000000000021E-03 1.000000000000000021E-03 1.000000000000000021E-03 1.000000000000000021E-03 1.000000000000000021E-03 1.000000000000000021E-03 1.000000000000000021E-03 1.000000000000000021E-03 1.000000000000000021E-03 1.000000000000000021E-03 1.000000000000000021E-03 1.000000000000000021E-03 1.000000000000000021E-03 1.000000000000000021E-03 1.000000000000000021E-03 1.000000000000000021E-03 1.000000000000000021E-03 1.000000000000000021E-03 1.000000000000000021E-03 1.000000000000000021E-03 1.000000000000000021E-03 1.000000000000000021E-03 1.000000000000000021E-03 1.000000000000000021E-03 1.000000000000000021E-03 1.000000000000000021E-03 1.000000000000000021E-03 5.186463750919366716E-04 4.785951260571507824E-04 4.576996195231639942E-04 4.093746087848011087E-04 4.817296911136634990E-04 5.461943125305477285E-04 5.741028474594862124E-04 6.155165449130561720E-04 6.689327236783590034E-04 5.837407206815553584E-04 5.080962528995232449E-04 6.125779070637641602E-04 6.068446700198449912E-04 7.805259177751087442E-04 9.292069734791818343E-04 7.797978197543208902E-04 9.114294279108030956E-04 9.958585346553853589E-04 1.000000000000000021E-03 1.000000000000000021E-03 1.000000000000000021E-03 1.000000000000000021E-03 1.000000000000000021E-03 1.000000000000000021E-03 1.000000000000000021E-03 1.000000000000000021E-03 1.000000000000000021E-03 1.000000000000000021E-03 1.000000000000000021E-03 1.000000000000000021E-03 1.000000000000000021E-03 1.000000000000000021E-03 1.000000000000000021E-03 1.000000000000000021E-03 1.000000000000000021E-03 1.000000000000000021E-03 1.000000000000000021E-03 1.000000000000000021E-03 1.000000000000000021E-03 1.000000000000000021E-03 1.000000000000000021E-03 1.000000000000000021E-03 1.000000000000000021E-03 1.000000000000000021E-03 1.000000000000000021E-03 1.000000000000000021E-03 1.000000000000000021E-03 1.000000000000000021E-03 1.000000000000000021E-03 1.000000000000000021E-03 1.000000000000000021E-03 1.000000000000000021E-03 1.000000000000000021E-03 1.000000000000000021E-03 1.000000000000000021E-03 1.000000000000000021E-03 1.000000000000000021E-03 1.000000000000000021E-03 1.000000000000000021E-03 1.000000000000000021E-03 1.000000000000000021E-03 1.000000000000000021E-03 1.000000000000000021E-03 1.000000000000000021E-03 1.000000000000000021E-03 1.000000000000000021E-03 1.000000000000000021E-03
1.000000000000000021E-03 3.180603710501440072E-04 2.576343811932721721E-04 2.954289583066075481E-04 2.132635516962411485E-04 2.449060236987557699E-04 2.566187957911144442E-04 2.327874540379397113E-04 2.355383399389415322E-04 1.714412611317099654E-04 1.968372047263271176E-04 2.315843928636856857E-04 2.180435190658471206E-04 1.820829881515210807E-04 1.849860595063968199E-04 1.591374761722712955E-04 1.669233510399873626E-04 1.866943362819773605E-04 1.708739297521246706E-04 1.918550931748176050E-04 2.203954412250501416E-04 2.923475679803828171E-04 2.490704511655883946E-04 2.343617348322270645E-04 3.549190147557891280E-04 3.183157963059585682E-04 3.021368683189396410E-04 3.130897770467142016E-04 3.225787716443981865E-04 2.862198320217735725E-04 3.486619775804343556E-04 4.933024059679672925E-04 5.692099480355911024E-04 1.000000000000000021E-03 1.000000000000000021E-03 1.000000000000000021E-03 1.000000000000000021E-03 1.000000000000000021E-03 1.000000000000000021E-03 1.000000000000000021E-03 1.000000000000000021E-03 1.000000000000000021E-03 1.000000000000000021E-03 1.000000000000000021E-03 1.000000000000000021E-03 1.000000000000000021E-03 1.000000000000000021E-03 1.000000000000000021E-03 1.000000000000000021E-03 1.000000000000000021E-03 1.000000000000000021E-03 1.000000000000000021E-03 1.000000000000000021E-03 1.000000000000000021E-03 1.000000000000000021E-03 1.000000000000000021E-03 1.000000000000000021E-03 1.000000000000000021E-03 1.000000000000000021E-03 1.000000000000000021E-03 1.000000000000000021E-03 1.000000000000000021E-03 1.000000000000000021E-03 1.000000000000000021E-03 1.000000000000000021E-03 1.000000000000000021E-03 1.000000000000000021E-03 1.000000000000000021E-03 1.000000000000000021E-03 1.000000000000000021E-03 1.000000000000000021E-03 1.000000000000000021E-03 1.000000000000000021E-03 1.000000000000000021E-03 1.000000000000000021E-03 1.000000000000000021E-03 1.000000000000000021E-03 1.000000000000000021E-03 1.000000000000000021E-03 1.000000000000000021E-03 1.000000000000000021E-03 1.000000000000000021E-03 1.000000000000000021E-03 1.000000000000000021E-03 1.000000000000000021E-03 5.808044843230279492E-04 4.368087084939876628E-04 4.742100216168163300E-04 5.268880343793964525E-04 5.039551565932359322E-04 5.402442635034088170E-04 6.013270001808035305E-04 7.319571001777242826E-04 5.554061502326314986E-04 5.802782805555918230E-04 6.936258425012820777E-04 6.832826121902143288E-04 9.249023562124693678E-04 8.051962326834379404E-04 9.057916457523964085E-04 9.740182448726345367E-04 1.047831427533301666E-03 9.945316867750032905E-04 1.000000000000000021E-03 1.000000000000000021E-03 1.000000000000000021E-03 1.000000000000000021E-03 1.000000000000000021E-03 1.000000000000000021E-03 1.000000000000000021E-03 1.000000000000000021E-03 1.000000000000000021E-03 1.000000000000000021E-03 1.000000000000000021E-03 1.000000000000000021E-03 1.000000000000000021E-03 1.000000000000000021E-03 1.000000000000000021E-03 1.000000000000000021E-03 1.000000000000000021E-03 1.000000000000000021E-03 1.000000000000000021E-03 1.000000000000000021E-03 1.000000000000000021E-03 1.000000000000000021E-03 1.000000000000000021E-03 1.000000000000000021E-03 1.000000000000000021E-03 1.000000000000000021E-03 1.000000000000000021E-03 1.000000000000000021E-03 1.000000000000000021E-03 1.000000000000000021E-03 1.000000000000000021E-03 1.000000000000000021E-03 1.000000000000000021E-03 1.000000000000000021E-03 1.000000000000000021E-03 1.000000000000000021E-03 1.000000000000000021E-03 1.000000000000000021E-03 1.000000000000000021E-03 1.000000000000000021E-03 1.000000000000000021E-03 1.000000000000000021E-03 1.000000000000000021E-03 1.000000000000000021E-03 1.000000000000000021E-03 1.000000000000000021E-03 1.000000000000000021E-03 1.000000000000000021E-03
1.000000000000000021E-03 2.506151237343910449E-04 2.312959936199151200E-04 2.195745231086931306E-04 1.930765549900716736E-04 2.434420332293160997E-04 2.563955080322736666E-04 2.361802604949281238E-04 2.624460542731766655E-04 2.234571764449153855E-04 1.799869865337613741E-04 2.055767614744712177E-04 2.036820497715386758E-04 1.423338311317292975E-04 1.619975786753842365E-04 1.335126074736853327E-04 1.537717538927830824E-04 1.739640719844078585E-04 2.117596074520435576E-04 2.252673886618782582E-04 2.128955452338785815E-04 2.630333260178179130E-04 2.155601455780895167E-04 3.059777501553677566E-04 3.719618708714296832E-04 3.382618841655112246E-04 3.758688808807186419E-04 3.737902125703751314E-04 2.637478422478732728E-04 2.475250753643695430E-04 2.872770372236794416E-04 1.000000000000000021E-03 1.000000000000000021E-03 1.000000000000000021E-03 1.000000000000000021E-03 1.000000000000000021E-03 1.000000000000000021E-03 1.000000000000000021E-03 1.000000000000000021E-03 1.000000000000000021E-03 1.000000000000000021E-03 1.000000000000000021E-03 1.000000000000000021E-03 1.000000000000000021E-03 1.000000000000000021E-03 1.000000000000000021E-03 1.000000000000000021E-03 1.000000000000000021E-03 1.000000000000000021E-03 1.000000000000000021E-03 1.000000000000000021E-03 1.000000000000000021E-03 1.000000000000000021E-03 1.000000000000000021E-03 1.000000000000000021E-03 1.000000000000000021E-03 1.000000000000000021E-03 1.000000000000000021E-03 1.000000000000000021E-03 1.000000000000000021E-03 1.000000000000000021E-03 1.000000000000000021E-03 1.000000000000000021E-03 1.000000000000000021E-03 1.000000000000000021E-03 1.000000000000000021E-03 1.000000000000000021E-03 1.000000000000000021E-03 1.000000000000000021E-03 1.000000000000000021E-03 1.000000000000000021E-03 1.000000000000000021E-03 1.000000000000000021E-03 1.000000000000000021E-03 1.000000000000000021E-03 1.000000000000000021E-03 1.000000000000000021E-03 1.000000000000000021E-03 1.000000000000000021E-03 1.000000000000000021E-03 1.000000000000000021E-03 1.000000000000000021E-03 1.000000000000000021E-03 1.000000000000000021E-03 1.000000000000000021E-03 6.605967134901521076E-04 4.177822060621696663E-04 4.304402605961408904E-04 5.278239986950582566E-04 4.998898351395017134E-04 4.901976702085079907E-04 4.828760855247502350E-04 5.652143975799126495E-04 6.559069530041398413E-04 6.153517394545162658E-04 6.636157992646662734E-04 6.271434848284246225E-04 8.527066312642609747E-04 8.776924031659692630E-04 8.819276963262243432E-04 8.935140288159634878E-04 1.025744445084820653E-03 1.056610183429800573E-03 1.000000000000000021E-03 1.000000000000000021E-03 1.000000000000000021E-03 1.000000000000000021E-03 1.000000000000000021E-03 1.000000000000000021E-03 1.000000000000000021E-03 1.000000000000000021E-03 1.000000000000000021E-03 1.000000000000000021E-03 1.000000000000000021E-03 1.000000000000000021E-03 1.000000000000000021E-03 1.000000000000000021E-03 1.000000000000000021E-03 1.000000000000000021E-03 1.000000000000000021E-03 1.000000000000000021E-03 1.000000000000000021E-03 1.000000000000000021E-03 1.000000000000000021E-03 1.000000000000000021E-03 1.000000000000000021E-03 1.000000000000000021E-03 1.000000000000000021E-03 1.000000000000000021E-03 1.000000000000000021E-03 1.000000000000000021E-03 1.000000000000000021E-03 1.000000000000000021E-03 1.000000000000000021E-03 1.000000000000000021E-03 1.000000000000000021E-03 1.000000000000000021E-03 1.000000000000000021E-03 1.000000000000000021E-03 1.000000000000000021E-03 1.000000000000000021E-03 1.000000000000000021E-03 1.000000000000000021E-03 1.000000000000000021E-03 1.000000000000000021E-03 1.000000000000000021E-03 1.000000000000000021E-03 1.000000000000000021E-03 1.000000000000000021E-03 1.000000000000000021E-03 1.000000000000000021E-03
1.000000000000000021E-03 2.328288981409023357E-04 2.515002248412309617E-04 2.285702272908289145E-04 2.197610406601885531E-04 2.464784637807330633E-04 2.584970521729951470E-04 2.660019430372619715E-04 2.004007983809060563E-04 1.695040861411062469E-04 1.850401325899506870E-04 2.178248624582914230E-04 2.020215112862298347E-04 1.740458249527507284E-04 1.607722174638681731E-04 1.398855821907765923E-04 1.877187082014232262E-04 1.887136927199793267E-04 2.355971480430229506E-04 2.417803181751984067E-04 2.461245035679375287E-04 2.196705848977409880E-04 2.309556092125437748E-04 3.106305813774957320E-04 3.814153510724034276E-04 4.274065295661061024E-04 3.908850178714278032E-04 4.058035424164843316E-04 3.304202480747922056E-04 1.000000000000000021E-03 1.000000000000000021E-03 1.000000000000000021E-03 1.000000000000000021E-03 1.000000000000000021E-03 1.000000000000000021E-03 1.000000000000000021E-03 1.000000000000000021E-03 1.000000000000000021E-03 1.000000000000000021E-03 1.000000000000000021E-03 1.000000000000000021E-03 1.000000000000000021E-03 1.000000000000000021E-03 1.000000000000000021E-03 1.000000000000000021E-03 1.000000000000000021E-03 1.000000000000000021E-03 1.000000000000000021E-03 1.000000000000000021E-03 1.000000000000000021E-03 1.000000000000000021E-03 1.000000000000000021E-03 1.000000000000000021E-03 1.000000000000000021E-03 1.000000000000000021E-03 1.000000000000000021E-03 1.000000000000000021E-03 1.000000000000000021E-03 1.000000000000000021E-03 1.000000000000000021E-03 1.000000000000000021E-03 1.000000000000000021E-03 1.000000000000000021E-03 1.000000000000000021E-03 1.000000000000000021E-03 1.000000000000000021E-03 1.000000000000000021E-03 1.000000000000000021E-03 1.000000000000000021E-03 1.000000000000000021E-03 1.000000000000000021E-03 1.000000000000000021E-03 1.000000000000000021E-03 1.000000000000000021E-03 1.000000000000000021E-03 1.000000000000000021E-03 1.000000000000000021E-03 1.000000000000000021E-03 1.000000000000000021E-03 1.000000000000000021E-03 1.000000000000000021E-03 1.000000000000000021E-03 1.000000000000000021E-03 1.000000000000000021E-03 1.000000000000000021E-03 1.000000000000000021E-03 5.379863342448492009E-04 4.995215866809996292E-04 5.988938427929230970E-04 5.065694196622824719E-04 6.065568235157179234E-04 6.374172457728493777E-04 6.780958131977215956E-04 7.308615658829309761E-04 7.037749621875096818E-04 7.142728784548096075E-04 6.830216455477164297E-04 8.522689401455155753E-04 7.842841352484642304E-04 9.642475537065389518E-04 9.067424871308977802E-04 1.141912189076508492E-03 8.820129257059119337E-04 1.000000000000000021E-03 1.000000000000000021E-03 1.000000000000000021E-03 1.000000000000000021E-03 1.000000000000000021E-03 1.000000000000000021E-03 1.000000000000000021E-03 1.000000000000000021E-03 1.000000000000000021E-03 1.000000000000000021E-03 1.000000000000000021E-03 1.000000000000000021E-03 1.000000000000000021E-03 1.000000000000000021E-03 1.000000000000000021E-03 1.000000000000000021E-03 1.000000000000000021E-03 1.000000000000000021E-03 1.000000000000000021E-03 1.000000000000000021E-03 1.000000000000000021E-03 1.000000000000000021E-03 1.000000000000000021E-03 1.000000000000000021E-03 1.000000000000000021E-03 1.000000000000000021E-03 1.000000000000000021E-03 1.000000000000000021E-03 1.000000000000000021E-03 1.000000000000000021E-03 1.000000000000000021E-03 1.000000000000000021E-03 1.000000000000000021E-03 1.000000000000000021E-03 1.000000000000000021E-03 1.000000000000000021E-03 1.000000000000000021E-03 1.000000000000000021E-03 1.000000000000000021E-03 1.000000000000000021E-03 1.000000000000000021E-03 1.000000000000000021E-03 1.000000000000000021E-03 1.000000000000000021E-03 1.000000000000000021E-03 1.000000000000000021E-03 1.000000000000000021E-03 1.000000000000000021E-03
1.000000000000000021E-03 2.634756504921898922E-04 2.297938048864448207E-04 2.160552922595264662E-04 2.124377341200377081E-04 2.341494962057124078E-04 2.937374233207431747E-04 2.755068992206332994E-04 1.983286823505287302E-04 1.716266266548351191E-04 2.073645023019191633E-04 1.889157134995868357E-04 2.045896198565616976E-04 2.234207188285577386E-04 1.812276650593128830E-04 1.588562275049460869E-04 1.969091581899766561E-04 2.015164046409578119E-04 2.232733895993720119E-04 2.465398724884904102E-04 2.568818956373033991E-04 2.577862244095452827E-04 2.518029489932130860E-04 2.970845931439997133E-04 3.876793273587615576E-04 3.957183766239002337E-04 4.052906076999202153E-04 1.000000000000000021E-03 1.000000000000000021E-03 1.000000000000000021E-03 1.000000000000000021E-03 1.000000000000000021E-03 1.000000000000000021E-03 1.000000000000000021E-03 1.000000000000000021E-03 1.000000000000000021E-03 1.000000000000000021E-03 1.000000000000000021E-03 1.000000000000000021E-03 1.000000000000000021E-03 1.000000000000000021E-03 1.000000000000000021E-03 1.000000000000000021E-03 1.000000000000000021E-03 1.000000000000000021E-03 1.000000000000000021E-03 1.000000000000000021E-03 1.000000000000000021E-03 1.000000000000000021E-03 1.000000000000000021E-03 1.000000000000000021E-03 1.000000000000000021E-03 1.000000000000000021E-03 1.000000000000000021E-03 1.000000000000000021E-03 1.000000000000000021E-03 1.000000000000000021E-03 1.000000000000000021E-03 1.000000000000000021E-03 1.000000000000000021E-03 1.000000000000000021E-03 1.000000000000000021E-03 1.000000000000000021E-03 1.000000000000000021E-03 1.000000000000000021E-03 1.000000000000000021E-03 1.000000000000000021E-03 1.000000000000000021E-03 1.000000000000000021E-03 1.000000000000000021E-03 1.000000000000000021E-03 1.000000000000000021E-03 1.000000000000000021E-03 1.000000000000000021E-03 1.000000000000000021E-03 1.000000000000000021E-03 1.000000000000000021E-03 1.000000000000000021E-03 1.000000000000000021E-03 1.000000000000000021E-03 1.000000000000000021E-03 1.000000000000000021E-03 1.000000000000000021E-03 1.000000000000000021E-03 1.000000000000000021E-03 1.000000000000000021E-03 1.000000000000000021E-03 6.317263508620283305E-04 5.747081421357407320E-04 5.161430168120696889E-04 6.664204640816062935E-04 7.143499946460687153E-04 6.600700608507529448E-04 6.489831230893053533E-04 6.852985270105220114E-04 6.731601421306080768E-04 7.364910424088976079E-04 7.161258093694714737E-04 7.466565051910599394E-04 9.434045739319316115E-04 8.717264768701941252E-04 8.885539215975588349E-04 8.148919554676949681E-04 1.000000000000000021E-03 1.000000000000000021E-03 1.000000000000000021E-03 1.000000000000000021E-03 1.000000000000000021E-03 1.000000000000000021E-03 1.000000000000000021E-03 1.000000000000000021E-03 1.000000000000000021E-03 1.000000000000000021E-03 1.000000000000000021E-03 1.000000000000000021E-03 1.000000000000000021E-03 1.000000000000000021E-03 1.000000000000000021E-03 1.000000000000000021E-03 1.000000000000000021E-03 1.000000000000000021E-03 1.000000000000000021E-03 1.000000000000000021E-03 1.000000000000000021E-03 1.000000000000000021E-03 1.000000000000000021E-03 1.000000000000000021E-03 1.000000000000000021E-03 1.000000000000000021E-03 1.000000000000000021E-03 1.000000000000000021E-03 1.000000000000000021E-03 1.000000000000000021E-03 1.000000000000000021E-03 1.000000000000000021E-03 1.000000000000000021E-03 1.000000000000000021E-03 1.000000000000000021E-03 1.000000000000000021E-03 1.000000000000000021E-03 1.000000000000000021E-03 1.000000000000000021E-03 1.000000000000000021E-03 1.000000000000000021E-03 1.000000000000000021E-03 1.000000000000000021E-03 1.000000000000000021E-03 1.000000000000000021E-03 1.000000000000000021E-03 1.000000000000000021E-03 1.000000000000000021E-03
1.000000000000000021E-03 2.226923701568080116E-04 2.547070902891126250E-04 2.284790721643258581E-04 2.565032346902621722E-04 2.430042703037659489E-04 2.145214436827622302E-04 2.280830314505694891E-04 2.126189704474151657E-04 1.918639731162098618E-04 2.129526434335563033E-04 2.066380185140976266E-04 2.136905407846586397E-04 2.326042314689124213E-04 2.324809763551230761E-04 2.143026779050028396E-04 1.930240950946970370E-04 1.860744051538248175E-04 2.086712312799220072E-04 2.860831048312488436E-04 2.668684618802903284E-04 3.146675610558207002E-04 3.055655083712458626E-04 3.254188173083329984E-04 4.255530470360323054E-04 4.402820602838544706E-04 1.000000000000000021E-03 1.000000000000000021E-03 1.000000000000000021E-03 1.000000000000000021E-03 1.000000000000000021E-03 1.000000000000000021E-03 1.000000000000000021E-03 1.000000000000000021E-03 1.000000000000000021E-03 1.000000000000000021E-03 1.000000000000000021E-03 1.000000000000000021E-03 1.000000000000000021E-03 1.000000000000000021E-03 1.000000000000000021E-03 1.000000000000000021E-03 1.000000000000000021E-03 1.000000000000000021E-03 1.000000000000000021E-03 1.000000000000000021E-03 1.000000000000000021E-03 1.000000000000000021E-03 1.000000000000000021E-03 1.000000000000000021E-03 1.000000000000000021E-03 1.000000000000000021E-03 1.000000000000000021E-03 1.000000000000000021E-03 1.000000000000000021E-03 1.000000000000000021E-03 1.000000000000000021E-03 1.000000000000000021E-03 1.000000000000000021E-03 1.000000000000000021E-03 1.000000000000000021E-03 1.000000000000000021E-03 1.000000000000000021E-03 1.000000000000000021E-03 1.000000000000000021E-03 1.000000000000000021E-03 1.000000000000000021E-03 1.000000000000000021E-03 1.000000000000000021E-03 1.000000000000000021E-03 1.000000000000000021E-03 1.000000000000000021E-03 1.000000000000000021E-03 1.000000000000000021E-03 1.000000000000000021E-03 1.000000000000000021E-03 1.000000000000000021E-03 1.000000000000000021E-03 1.000000000000000021E-03 1.000000000000000021E-03 1.000000000000000021E-03 1.000000000000000021E-03 1.000000000000000021E-03 1.000000000000000021E-03 1.000000000000000021E-03 1.000000000000000021E-03 1.000000000000000021E-03 1.000000000000000021E-03 6.203164395936222337E-04 6.934922828599215548E-04 5.905607189657647010E-04 5.875360077469170880E-04 7.124480619780753071E-04 6.613101550867763433E-04 5.721262537236721218E-04 6.504250871595077411E-04 6.609497513618723275E-04 8.280610986674192316E-04 7.177047378954369171E-04 8.184992174690654178E-04 1.010140937671611013E-03 9.408710408381765070E-04 1.002051266395619653E-03 1.000000000000000021E-03 1.000000000000000021E-03 1.000000000000000021E-03 1.000000000000000021E-03 1.000000000000000021E-03 1.000000000000000021E-03 1.000000000000000021E-03 1.000000000000000021E-03 1.000000000000000021E-03 1.000000000000000021E-03 1.000000000000000021E-03 1.000000000000000021E-03 1.000000000000000021E-03 1.000000000000000021E-03 1.000000000000000021E-03 1.000000000000000021E-03 1.000000000000000021E-03 1.000000000000000021E-03 1.000000000000000021E-03 1.000000000000000021E-03 1.000000000000000021E-03 1.000000000000000021E-03 1.000000000000000021E-03 1.000000000000000021E-03 1.000000000000000021E-03 1.000000000000000021E-03 1.000000000000000021E-03 1.000000000000000021E-03 1.000000000000000021E-03 1.000000000000000021E-03 1.000000000000000021E-03 1.000000000000000021E-03 1.000000000000000021E-03 1.000000000000000021E-03 1.000000000000000021E-03 1.000000000000000021E-03 1.000000000000000021E-03 1.000000000000000021E-03 1.000000000000000021E-03 1.000000000000000021E-03 1.000000000000000021E-03 1.000000000000000021E-03 1.000000000000000021E-03 1.000000000000000021E-03 1.000000000000000021E-03 1.000000000000000021E-03 1.000000000000000021E-03 1.000000000000000021E-03
2.255354724726901371E-04 2.148640069556761556E-04 2.565492059359666434E-04 2.346324544390495140E-04 2.306458605294060859E-04 2.390378704442068069E-04 2.610245684396706053E-04 2.338743224502521723E-04 2.313290500103176175E-04 2.045799902864632992E-04 2.170079035814672893E-04 2.171007919733898821E-04 2.175339425215632165E-04 2.748212368254912010E-04 2.846583295602177362E-04 2.327983959657907171E-04 2.359700592497784291E-04 2.359809746698858437E-04 2.122438861033298246E-04 2.686814619588794592E-04 2.890106925515200645E-04 2.945403163801982803E-04 3.724234430177953900E-04 3.944865109978268336E-04 1.000000000000000021E-03 1.000000000000000021E-03 1.000000000000000021E-03 1.000000000000000021E-03 1.000000000000000021E-03 1.000000000000000021E-03 1.000000000000000021E-03 1.000000000000000021E-03 1.000000000000000021E-03 1.000000000000000021E-03 1.000000000000000021E-03 1.000000000000000021E-03 1.000000000000000021E-03 1.000000000000000021E-03 1.000000000000000021E-03 1.000000000000000021E-03 1.000000000000000021E-03 1.000000000000000021E-03 1.000000000000000021E-03 1.000000000000000021E-03 1.000000000000000021E-03 1.000000000000000021E-03 1.000000000000000021E-03 1.000000000000000021E-03 1.000000000000000021E-03 1.000000000000000021E-03 1.000000000000000021E-03 1.000000000000000021E-03 1.000000000000000021E-03 1.000000000000000021E-03 1.000000000000000021E-03 1.000000000000000021E-03 1.000000000000000021E-03 1.000000000000000021E-03 1.000000000000000021E-03 1.000000000000000021E-03 1.000000000000000021E-03 1.000000000000000021E-03 1.000000000000000021E-03 1.000000000000000021E-03 1.000000000000000021E-03 1.000000000000000021E-03 1.000000000000000021E-03 1.000000000000000021E-03 1.000000000000000021E-03 1.000000000000000021E-03 1.000000000000000021E-03 1.000000000000000021E-03 1.000000000000000021E-03 1.000000000000000021E-03 1.000000000000000021E-03 1.000000000000000021E-03 1.000000000000000021E-03 1.000000000000000021E-03 1.000000000000000021E-03 1.000000000000000021E-03 1.000000000000000021E-03 1.000000000000000021E-03 1.000000000000000021E-03 1.000000000000000021E-03 1.000000000000000021E-03 1.000000000000000021E-03 1.000000000000000021E-03 1.000000000000000021E-03 1.000000000000000021E-03 7.358045656371015606E-04 6.176293438869773439E-04 6.881017230080561931E-04 5.378678397602349066E-04 5.684301817972255795E-04 4.557780334329848953E-04 6.505983460900809177E-04 5.895366019121673403E-04 8.636948700729579374E-04 9.042503030432684280E-04 9.376557296493862872E-04 8.136937962391023113E-04 8.552640273632225844E-04 1.038223759427737720E-03 1.000000000000000021E-03 1.000000000000000021E-03 1.000000000000000021E-03 1.000000000000000021E-03 1.000000000000000021E-03 1.000000000000000021E-03 1.000000000000000021E-03 1.000000000000000021E-03 1.000000000000000021E-03 1.000000000000000021E-03 1.000000000000000021E-03 1.000000000000000021E-03 1.000000000000000021E-03 1.000000000000000021E-03 1.000000000000000021E-03 1.000000000000000021E-03 1.000000000000000021E-03 1.000000000000000021E-03 1.000000000000000021E-03 1.000000000000000021E-03 1.000000000000000021E-03 1.000000000000000021E-03 1.000000000000000021E-03 1.000000000000000021E-03 1.000000000000000021E-03 1.000000000000000021E-03 1.000000000000000021E-03 1.000000000000000021E-03 1.000000000000000021E-03 1.000000000000000021E-03 1.000000000000000021E-03 1.000000000000000021E-03 1.000000000000000021E-03 1.000000000000000021E-03 1.000000000000000021E-03 1.000000000000000021E-03 1.000000000000000021E-03 1.000000000000000021E-03 1.000000000000000021E-03 1.000000000000000021E-03 1.000000000000000021E-03 1.000000000000000021E-03 1.000000000000000021E-03 1.000000000000000021E-03 1.000000000000000021E-03 1.000000000000000021E-03 1.000000000000000021E-03 1.000000000000000021E-03
1.892087610479444265E-04 2.251691422626329333E-04 2.038223938074131534E-04 2.216095736222555425E-04 2.497570119973463411E-04 2.572385388504829710E-04 2.124508753927100487E-04 2.404998606448076478E-04 2.434427315701146724E-04 2.058311933707246671E-04 1.967488327957255629E-04 1.817622712501814676E-04 1.925913729130588443E-04 2.532303726915691340E-04 2.445694325393531665E-04 2.675908250820473937E-04 2.280545080658476892E-04 2.485507691021846054E-04 2.106120552730628690E-04 2.146273419468481191E-04 2.014182267921741537E-04 2.744951305171118008E-04 1.000000000000000021E-03 1.000000000000000021E-03 1.000000000000000021E-03 1.000000000000000021E-03 1.000000000000000021E-03 1.000000000000000021E-03 1.000000000000000021E-03 1.000000000000000021E-03 1.000000000000000021E-03 1.000000000000000021E-03 1.000000000000000021E-03 1.000000000000000021E-03 1.000000000000000021E-03 1.000000000000000021E-03 1.000000000000000021E-03 1.000000000000000021E-03 1.000000000000000021E-03 1.000000000000000021E-03 1.000000000000000021E-03 1.000000000000000021E-03 1.000000000000000021E-03 1.000000000000000021E-03 1.000000000000000021E-03 1.000000000000000021E-03 1.000000000000000021E-03 1.000000000000000021E-03 1.000000000000000021E-03 1.000000000000000021E-03 1.000000000000000021E-03 1.000000000000000021E-03 1.000000000000000021E-03 1.000000000000000021E-03 1.000000000000000021E-03 1.000000000000000021E-03 1.000000000000000021E-03 1.000000000000000021E-03 1.000000000000000021E-03 1.000000000000000021E-03 1.000000000000000021E-03 1.000000000000000021E-03 1.000000000000000021E-03 1.000000000000000021E-03 1.000000000000000021E-03 1.000000000000000021E-03 1.000000000000000021E-03 1.000000000000000021E-03 1.000000000000000021E-03 1.000000000000000021E-03 1.000000000000000021E-03 1.000000000000000021E-03 1.000000000000000021E-03 1.000000000000000021E-03 1.000000000000000021E-03 1.000000000000000021E-03 1.000000000000000021E-03 1.000000000000000021E-03 1.000000000000000021E-03 1.000000000000000021E-03 1.000000000000000021E-03 1.000000000000000021E-03 1.000000000000000021E-03 1.000000000000000021E-03 1.000000000000000021E-03 1.000000000000000021E-03 1.000000000000000021E-03 1.000000000000000021E-03 1.000000000000000021E-03 7.701294247137890252E-04 6.664372185267150367E-04 6.899973905027632914E-04 5.839803648401593883E-04 4.597365757090696951E-04 4.848267849455188986E-04 5.499318026148873433E-04 6.607728009943081076E-04 8.471290677197471954E-04 8.625064155609858760E-04 8.597620086073984574E-04 7.244962831424345577E-04 9.074857210300023899E-04 1.026989103982921085E-03 1.000000000000000021E-03 1.000000000000000021E-03 1.000000000000000021E-03 1.000000000000000021E-03 1.000000000000000021E-03 1.000000000000000021E-03 1.000000000000000021E-03 1.000000000000000021E-03 1.000000000000000021E-03 1.000000000000000021E-03 1.000000000000000021E-03 1.000000000000000021E-03 1.000000000000000021E-03 1.000000000000000021E-03 1.000000000000000021E-03 1.000000000000000021E-03 1.000000000000000021E-03 1.000000000000000021E-03 1.000000000000000021E-03 1.000000000000000021E-03 1.000000000000000021E-03 1.000000000000000021E-03 1.000000000000000021E-03 1.000000000000000021E-03 1.000000000000000021E-03 1.000000000000000021E-03 1.000000000000000021E-03 1.000000000000000021E-03 1.000000000000000021E-03 1.000000000000000021E-03 1.000000000000000021E-03 1.000000000000000021E-03 1.000000000000000021E-03 1.000000000000000021E-03 1.000000000000000021E-03 1.000000000000000021E-03 1.000000000000000021E-03 1.000000000000000021E-03 1.000000000000000021E-03 1.000000000000000021E-03 1.000000000000000021E-03 1.000000000000000021E-03 1.000000000000000021E-03 1.000000000000000021E-03 1.000000000000000021E-03 1.000000000000000021E-03 1.000000000000000021E-03 1.000000000000000021E-03
2.034961528582574690E-04 2.301145961805313878E-04 2.017315608245658478E-04 2.587305232236417518E-04 2.925124751889964219E-04 2.431364590916143857E-04 2.184086143318617350E-04 2.614855757519672554E-04 2.586149510495334525E-04 2.306376041386223289E-04 2.248355314554043678E-04 1.814059132724338220E-04 1.763787402862765179E-04 1.920054649503611733E-04 2.330220387735308196E-04 1.980090258621249901E-04 2.003992934694281242E-04 2.099529408771599675E-04 2.367342098417210669E-04 2.698403128038177651E-04 1.000000000000000021E-03 1.000000000000000021E-03 1.000000000000000021E-03 1.000000000000000021E-03 1.000000000000000021E-03 1.000000000000000021E-03 1.000000000000000021E-03 1.000000000000000021E-03 1.000000000000000021E-03 1.000000000000000021E-03 1.000000000000000021E-03 1.000000000000000021E-03 1.000000000000000021E-03 1.000000000000000021E-03 1.000000000000000021E-03 1.000000000000000021E-03 1.000000000000000021E-03 1.000000000000000021E-03 1.000000000000000021E-03 1.000000000000000021E-03 1.000000000000000021E-03 1.000000000000000021E-03 1.000000000000000021E-03 1.000000000000000021E-03 1.000000000000000021E-03 1.000000000000000021E-03 1.000000000000000021E-03 1.000000000000000021E-03 1.000000000000000021E-03 1.000000000000000021E-03 1.000000000000000021E-03 1.000000000000000021E-03 1.000000000000000021E-03 1.000000000000000021E-03 1.000000000000000021E-03 1.000000000000000021E-03 1.000000000000000021E-03 1.000000000000000021E-03 1.000000000000000021E-03 1.000000000000000021E-03 1.000000000000000021E-03 1.000000000000000021E-03 1.000000000000000021E-03 1.000000000000000021E-03 1.000000000000000021E-03 1.000000000000000021E-03 1.000000000000000021E-03 1.000000000000000021E-03 1.000000000000000021E-03 1.000000000000000021E-03 1.000000000000000021E-03 1.000000000000000021E-03 1.000000000000000021E-03 1.000000000000000021E-03 1.000000000000000021E-03 1.000000000000000021E-03 1.000000000000000021E-03 1.000000000000000021E-03 1.000000000000000021E-03 1.000000000000000021E-03 1.000000000000000021E-03 1.000000000000000021E-03 1.000000000000000021E-03 1.000000000000000021E-03 1.000000000000000021E-03 1.000000000000000021E-03 1.000000000000000021E-03 1.000000000000000021E-03 1.000000000000000021E-03 1.000000000000000021E-03 7.165889268744891514E-04 6.892512981194735431E-04 5.937443672413344553E-04 4.582970477743963976E-04 4.378267848207068416E-04 6.671803278470514464E-04 7.146997418562935816E-04 6.799398861805270276E-04 8.302462867935943855E-04 9.681941249030666429E-04 9.448987248958752106E-04 8.159096722608216333E-04 9.384620018860670822E-04 1.000000000000000021E-03 1.000000000000000021E-03 1.000000000000000021E-03 1.000000000000000021E-03 1.000000000000000021E-03 1.000000000000000021E-03 1.000000000000000021E-03 1.000000000000000021E-03 1.000000000000000021E-03 1.000000000000000021E-03 1.000000000000000021E-03 1.000000000000000021E-03 1.000000000000000021E-03 1.000000000000000021E-03 1.000000000000000021E-03 1.000000000000000021E-03 1.000000000000000021E-03 1.000000000000000021E-03 1.000000000000000021E-03 1.000000000000000021E-03 1.000000000000000021E-03 1.000000000000000021E-03 1.000000000000000021E-03 1.000000000000000021E-03 1.000000000000000021E-03 1.000000000000000021E-03 1.000000000000000021E-03 1.000000000000000021E-03 1.000000000000000021E-03 1.000000000000000021E-03 1.000000000000000021E-03 1.000000000000000021E-03 1.000000000000000021E-03 1.000000000000000021E-03 1.000000000000000021E-03 1.000000000000000021E-03 1.000000000000000021E-03 1.000000000000000021E-03 1.000000000000000021E-03 1.000000000000000021E-03 1.000000000000000021E-03 1.000000000000000021E-03 1.000000000000000021E-03 1.000000000000000021E-03 1.000000000000000021E-03 1.000000000000000021E-03 1.000000000000000021E-03 1.000000000000000021E-03
2.620996965638758736E-04 2.052031465649724188E-04 2.155014514678609753E-04 2.238787936333829160E-04 2.246278316569640283E-04 2.594652545196104217E-04 2.621475114739257764E-04 2.870743909954728791E-04 2.646801063528521911E-04 2.239688004863036610E-04 2.445017946620382083E-04 2.048179853043901482E-04 2.082724284009422036E-04 1.947638273279630062E-04 1.797317774900779926E-04 1.871875418907220276E-04 1.569984682074691774E-04 1.836745597967368417E-04 2.773727560256757248E-04 1.000000000000000021E-03 1.000000000000000021E-03 1.000000000000000021E-03 1.000000000000000021E-03 1.000000000000000021E-03 1.000000000000000021E-03 1.000000000000000021E-03 1.000000000000000021E-03 1.000000000000000021E-03 1.000000000000000021E-03 1.000000000000000021E-03 1.000000000000000021E-03 1.000000000000000021E-03 1.000000000000000021E-03 1.000000000000000021E-03 1.000000000000000021E-03 1.000000000000000021E-03 1.000000000000000021E-03 1.000000000000000021E-03 1.000000000000000021E-03 1.000000000000000021E-03 1.000000000000000021E-03 1.000000000000000021E-03 1.000000000000000021E-03 1.000000000000000021E-03 1.000000000000000021E-03 1.000000000000000021E-03 1.000000000000000021E-03 1.000000000000000021E-03 1.000000000000000021E-03 1.000000000000000021E-03 1.000000000000000021E-03 1.000000000000000021E-03 1.000000000000000021E-03 1.000000000000000021E-03 1.000000000000000021E-03 1.000000000000000021E-03 1.000000000000000021E-03 1.000000000000000021E-03 1.000000000000000021E-03 1.000000000000000021E-03 1.000000000000000021E-03 1.000000000000000021E-03 1.000000000000000021E-03 1.000000000000000021E-03 1.000000000000000021E-03 1.000000000000000021E-03 1.000000000000000021E-03 1.000000000000000021E-03 1.000000000000000021E-03 1.000000000000000021E-03 1.000000000000000021E-03 1.000000000000000021E-03 1.000000000000000021E-03 1.000000000000000021E-03 1.000000000000000021E-03 1.000000000000000021E-03 1.000000000000000021E-03 1.000000000000000021E-03 1.000000000000000021E-03 1.000000000000000021E-03 1.000000000000000021E-03 1.000000000000000021E-03 1.000000000000000021E-03 1.000000000000000021E-03 1.000000000000000021E-03 1.000000000000000021E-03 1.000000000000000021E-03 1.000000000000000021E-03 1.000000000000000021E-03 1.000000000000000021E-03 1.000000000000000021E-03 6.733100750145945687E-04 5.305088112152043416E-04 4.792374337070325605E-04 5.105387562934861128E-04 5.332415257708145260E-04 6.946627817482727485E-04 6.407185705551349036E-04 7.572579199602577161E-04 8.708618483346236951E-04 9.665747898278455883E-04 8.703310673126508001E-04 8.969540222026324647E-04 1.000000000000000021E-03 1.000000000000000021E-03 1.000000000000000021E-03 1.000000000000000021E-03 1.000000000000000021E-03 1.000000000000000021E-03 1.000000000000000021E-03 1.000000000000000021E-03 1.000000000000000021E-03 1.000000000000000021E-03 1.000000000000000021E-03 1.000000000000000021E-03 1.000000000000000021E-03 1.000000000000000021E-03 1.000000000000000021E-03 1.000000000000000021E-03 1.000000000000000021E-03 1.000000000000000021E-03 1.000000000000000021E-03 1.000000000000000021E-03 1.000000000000000021E-03 1.000000000000000021E-03 1.000000000000000021E-03 1.000000000000000021E-03 1.000000000000000021E-03 1.000000000000000021E-03 1.000000000000000021E-03 1.000000000000000021E-03 1.000000000000000021E-03 1.000000000000000021E-03 1.000000000000000021E-03 1.000000000000000021E-03 1.000000000000000021E-03 1.000000000000000021E-03 1.000000000000000021E-03 1.000000000000000021E-03 1.000000000000000021E-03 1.000000000000000021E-03 1.000000000000000021E-03 1.000000000000000021E-03 1.000000000000000021E-03 1.000000000000000021E-03 1.000000000000000021E-03 1.000000000000000021E-03 1.000000000000000021E-03 1.000000000000000021E-03 1.000000000000000021E-03 1.000000000000000021E-03
3.314203599841903194E-04 2.055036633573335283E-04 2.048685421342413663E-04 2.218131065892186920E-04 2.398246057624842272E-04 2.558672846285616137E-04 2.569181743853181116E-04 1.842594448917982456E-04 2.419937841913317154E-04 2.572650757231410932E-04 2.898998577361496681E-04 1.960871097954001562E-04 1.551746713578248851E-04 1.481395093810053789E-04 1.590062427623490434E-04 1.627052877477659306E-04 1.584614056766502717E-04 1.000000000000000021E-03 1.000000000000000021E-03 1.000000000000000021E-03 1.000000000000000021E-03 1.000000000000000021E-03 1.000000000000000021E-03 1.000000000000000021E-03 1.000000000000000021E-03 1.000000000000000021E-03 1.000000000000000021E-03 1.000000000000000021E-03 1.000000000000000021E-03 1.000000000000000021E-03 1.000000000000000021E-03 1.000000000000000021E-03 1.000000000000000021E-03 1.000000000000000021E-03 1.000000000000000021E-03 1.000000000000000021E-03 1.000000000000000021E-03 1.000000000000000021E-03 1.000000000000000021E-03 1.000000000000000021E-03 1.000000000000000021E-03 1.000000000000000021E-03 1.000000000000000021E-03 1.000000000000000021E-03 1.000000000000000021E-03 1.000000000000000021E-03 1.000000000000000021E-03 1.000000000000000021E-03 1.000000000000000021E-03 1.000000000000000021E-03 1.000000000000000021E-03 1.000000000000000021E-03 1.000000000000000021E-03 1.000000000000000021E-03 1.000000000000000021E-03 1.000000000000000021E-03 1.000000000000000021E-03 1.000000000000000021E-03 1.000000000000000021E-03 1.000000000000000021E-03 1.000000000000000021E-03 1.000000000000000021E-03 1.000000000000000021E-03 1.000000000000000021E-03 1.000000000000000021E-03 1.000000000000000021E-03 1.000000000000000021E-03 1.000000000000000021E-03 1.000000000000000021E-03 1.000000000000000021E-03 1.000000000000000021E-03 1.000000000000000021E-03 1.000000000000000021E-03 1.000000000000000021E-03 1.000000000000000021E-03 1.000000000000000021E-03 1.000000000000000021E-03 1.000000000000000021E-03 1.000000000000000021E-03 1.000000000000000021E-03 1.000000000000000021E-03 1.000000000000000021E-03 1.000000000000000021E-03 1.000000000000000021E-03 1.000000000000000021E-03 1.000000000000000021E-03 1.000000000000000021E-03 1.000000000000000021E-03 1.000000000000000021E-03 1.000000000000000021E-03 1.000000000000000021E-03 1.000000000000000021E-03 5.823802457642185100E-04 4.569434496255231934E-04 4.977861721578111806E-04 5.847754892567520258E-04 5.880272918898311798E-04 8.130606974269398738E-04 8.808392091813324262E-04 8.385894453580985345E-04 9.463677457068890748E-04 8.516160358853043033E-04 8.367521179550500929E-04 1.000000000000000021E-03 1.000000000000000021E-03 1.000000000000000021E-03 1.000000000000000021E-03 1.000000000000000021E-03 1.000000000000000021E-03 1.000000000000000021E-03 1.000000000000000021E-03 1.000000000000000021E-03 1.000000000000000021E-03 1.000000000000000021E-03 1.000000000000000021E-03 1.000000000000000021E-03 1.000000000000000021E-03 1.000000000000000021E-03 1.000000000000000021E-03 1.000000000000000021E-03 1.000000000000000021E-03 1.000000000000000021E-03 1.000000000000000021E-03 1.000000000000000021E-03 1.000000000000000021E-03 1.000000000000000021E-03 1.000000000000000021E-03 1.000000000000000021E-03 1.000000000000000021E-03 1.000000000000000021E-03 1.000000000000000021E-03 1.000000000000000021E-03 1.000000000000000021E-03 1.000000000000000021E-03 1.000000000000000021E-03 1.000000000000000021E-03 1.000000000000000021E-03 1.000000000000000021E-03 1.000000000000000021E-03 1.000000000000000021E-03 1.000000000000000021E-03 1.000000000000000021E-03 1.000000000000000021E-03 1.000000000000000021E-03 1.000000000000000021E-03 1.000000000000000021E-03 1.000000000000000021E-03 1.000000000000000021E-03 1.000000000000000021E-03 1.000000000000000021E-03 1.000000000000000021E-03
2.372548860828368534E-04 2.052288437491570029E-04 2.433967673533304530E-04 2.497464715783895284E-04 2.355207076950598024E-04 1.937099559489950369E-04 1.933329724674394455E-04 1.844140796153639569E-04 2.007146189236137248E-04 2.546129404804999908E-04 2.333463648421285391E-04 1.634314581814946040E-04 1.210883956960767790E-04 1.181816581551123314E-04 1.483881874157840669E-04 1.000000000000000021E-03 1.000000000000000021E-03 1.000000000000000021E-03 1.000000000000000021E-03 1.000000000000000021E-03 1.000000000000000021E-03 1.000000000000000021E-03 1.000000000000000021E-03 1.000000000000000021E-03 1.000000000000000021E-03 1.000000000000000021E-03 1.000000000000000021E-03 1.000000000000000021E-03 1.000000000000000021E-03 1.000000000000000021E-03 1.000000000000000021E-03 1.000000000000000021E-03 1.000000000000000021E-03 1.000000000000000021E-03 1.000000000000000021E-03 1.000000000000000021E-03 1.000000000000000021E-03 1.000000000000000021E-03 1.000000000000000021E-03 1.000000000000000021E-03 1.000000000000000021E-03 1.000000000000000021E-03 1.000000000000000021E-03 1.000000000000000021E-03 1.000000000000000021E-03 1.000000000000000021E-03 1.000000000000000021E-03 1.000000000000000021E-03 1.000000000000000021E-03 1.000000000000000021E-03 1.000000000000000021E-03 1.000000000000000021E-03 1.000000000000000021E-03 1.000000000000000021E-03 1.000000000000000021E-03 1.000000000000000021E-03 1.000000000000000021E-03 1.000000000000000021E-03 1.000000000000000021E-03 1.000000000000000021E-03 1.000000000000000021E-03 1.000000000000000021E-03 1.000000000000000021E-03 1.000000000000000021E-03 1.000000000000000021E-03 1.000000000000000021E-03 1.000000000000000021E-03 1.000000000000000021E-03 1.000000000000000021E-03 1.000000000000000021E-03 1.000000000000000021E-03 1.000000000000000021E-03 1.000000000000000021E-03 1.000000000000000021E-03 1.000000000000000021E-03 1.000000000000000021E-03 1.000000000000000021E-03 1.000000000000000021E-03 1.000000000000000021E-03 1.000000000000000021E-03 1.000000000000000021E-03 1.000000000000000021E-03 1.000000000000000021E-03 1.000000000000000021E-03 1.000000000000000021E-03 1.000000000000000021E-03 1.000000000000000021E-03 1.000000000000000021E-03 1.000000000000000021E-03 1.000000000000000021E-03 1.000000000000000021E-03 1.000000000000000021E-03 1.000000000000000021E-03 4.916692380070428105E-04 5.419344641123208326E-04 5.336388646995983984E-04 7.389876860922727072E-04 9.242519078176086953E-04 1.073894654602013587E-03 9.840798190146329231E-04 9.224898131534974141E-04 8.138465109819015535E-04 7.550896873896624636E-04 1.000000000000000021E-03 1.000000000000000021E-03 1.000000000000000021E-03 1.000000000000000021E-03 1.000000000000000021E-03 1.000000000000000021E-03 1.000000000000000021E-03 1.000000000000000021E-03 1.000000000000000021E-03 1.000000000000000021E-03 1.000000000000000021E-03 1.000000000000000021E-03 1.000000000000000021E-03 1.000000000000000021E-03 1.000000000000000021E-03 1.000000000000000021E-03 1.000000000000000021E-03 1.000000000000000021E-03 1.000000000000000021E-03 1.000000000000000021E-03 1.000000000000000021E-03 1.000000000000000021E-03 1.000000000000000021E-03 1.000000000000000021E-03 1.000000000000000021E-03 1.000000000000000021E-03 1.000000000000000021E-03 1.000000000000000021E-03 1.000000000000000021E-03 1.000000000000000021E-03 1.000000000000000021E-03 1.000000000000000021E-03 1.000000000000000021E-03 1.000000000000000021E-03 1.000000000000000021E-03 1.000000000000000021E-03 1.000000000000000021E-03 1.000000000000000021E-03 1.000000000000000021E-03 1.000000000000000021E-03 1.000000000000000021E-03 1.000000000000000021E-03 1.000000000000000021E-03 1.000000000000000021E-03 1.000000000000000021E-03 1.000000000000000021E-03 1.000000000000000021E-03 1.000000000000000021E-03
2.422029788403861424E-04 1.948961483294037579E-04 1.968665972454159059E-04 2.492643681048563472E-04 2.145458983261161988E-04 1.864786732523498515E-04 1.780731825869362125E-04 2.110899012099069099E-04 2.113359946923820047E-04 2.369359100232987627E-04 2.158453988868883002E-04 1.795795847884911465E-04 1.450784072442414853E-04 1.504162921775329320E-04 1.000000000000000021E-03 1.000000000000000021E-03 1.000000000000000021E-03 1.000000000000000021E-03 1.000000000000000021E-03 1.000000000000000021E-03 1.000000000000000021E-03 1.000000000000000021E-03 1.000000000000000021E-03 1.000000000000000021E-03 1.000000000000000021E-03 1.000000000000000021E-03 1.000000000000000021E-03 1.000000000000000021E-03 1.000000000000000021E-03 1.000000000000000021E-03 1.000000000000000021E-03 1.000000000000000021E-03 1.000000000000000021E-03 1.000000000000000021E-03 1.000000000000000021E-03 1.000000000000000021E-03 1.000000000000000021E-03 1.000000000000000021E-03 1.000000000000000021E-03 1.000000000000000021E-03 1.000000000000000021E-03 1.000000000000000021E-03 1.000000000000000021E-03 1.000000000000000021E-03 1.000000000000000021E-03 1.000000000000000021E-03 1.000000000000000021E-03 1.000000000000000021E-03 1.000000000000000021E-03 1.000000000000000021E-03 1.000000000000000021E-03 1.000000000000000021E-03 1.000000000000000021E-03 1.000000000000000021E-03 1.000000000000000021E-03 1.000000000000000021E-03 1.000000000000000021E-03 1.000000000000000021E-03 1.000000000000000021E-03 1.000000000000000021E-03 1.000000000000000021E-03 1.000000000000000021E-03 1.000000000000000021E-03 1.000000000000000021E-03 1.000000000000000021E-03 1.000000000000000021E-03 1.000000000000000021E-03 1.000000000000000021E-03 1.000000000000000021E-03 1.000000000000000021E-03 1.000000000000000021E-03 1.000000000000000021E-03 1.000000000000000021E-03 1.000000000000000021E-03 1.000000000000000021E-03 1.000000000000000021E-03 1.000000000000000021E-03 1.000000000000000021E-03 1.000000000000000021E-03 1.000000000000000021E-03 1.000000000000000021E-03 1.000000000000000021E-03 1.000000000000000021E-03 1.000000000000000021E-03 1.000000000000000021E-03 1.000000000000000021E-03 1.000000000000000021E-03 1.000000000000000021E-03 1.000000000000000021E-03 1.000000000000000021E-03 1.000000000000000021E-03 1.000000000000000021E-03 1.000000000000000021E-03 6.963977447431866832E-04 7.610212386959661676E-04 7.885206464000882060E-04 9.304884879867755939E-04 9.972566980796058068E-04 9.800144914407611044E-04 9.047507218544557223E-04 7.546889771123180268E-04 6.339797814285339774E-04 6.154814516831139505E-04 1.000000000000000021E-03 1.000000000000000021E-03 1.000000000000000021E-03 1.000000000000000021E-03 1.000000000000000021E-03 1.000000000000000021E-03 1.000000000000000021E-03 1.000000000000000021E-03 1.000000000000000021E-03 1.000000000000000021E-03 1.000000000000000021E-03 1.000000000000000021E-03 1.000000000000000021E-03 1.000000000000000021E-03 1.000000000000000021E-03 1.000000000000000021E-03 1.000000000000000021E-03 1.000000000000000021E-03 1.000000000000000021E-03 1.000000000000000021E-03 1.000000000000000021E-03 1.000000000000000021E-03 1.000000000000000021E-03 1.000000000000000021E-03 1.000000000000000021E-03 1.000000000000000021E-03 1.000000000000000021E-03 1.000000000000000021E-03 1.000000000000000021E-03 1.000000000000000021E-03 1.000000000000000021E-03 1.000000000000000021E-03 1.000000000000000021E-03 1.000000000000000021E-03 1.000000000000000021E-03 1.000000000000000021E-03 1.000000000000000021E-03 1.000000000000000021E-03 1.000000000000000021E-03 1.000000000000000021E-03 1.000000000000000021E-03 1.000000000000000021E-03 1.000000000000000021E-03 1.000000000000000021E-03 1.000000000000000021E-03 1.000000000000000021E-03 1.000000000000000021E-03 1.000000000000000021E-03
2.435082644058914688E-04 2.212530655824240442E-04 2.082996354435743386E-04 2.170602602601472131E-04 1.846521341814500697E-04 1.709243016581683935E-04 2.113853147371802163E-04 2.865516268235796015E-04 2.650260807138440488E-04 2.366205392825509286E-04 2.827273736500745096E-04 2.305307282651484395E-04 1.000000000000000021E-03 1.000000000000000021E-03 1.000000000000000021E-03 1.000000000000000021E-03 1.000000000000000021E-03 1.000000000000000021E-03 1.000000000000000021E-03 1.000000000000000021E-03 1.000000000000000021E-03 1.000000000000000021E-03 1.000000000000000021E-03 1.000000000000000021E-03 1.000000000000000021E-03 1.000000000000000021E-03 1.000000000000000021E-03 1.000000000000000021E-03 1.000000000000000021E-03 1.000000000000000021E-03 1.000000000000000021E-03 1.000000000000000021E-03 1.000000000000000021E-03 1.000000000000000021E-03 1.000000000000000021E-03 1.000000000000000021E-03 1.000000000000000021E-03 1.000000000000000021E-03 1.000000000000000021E-03 1.000000000000000021E-03 1.000000000000000021E-03 1.000000000000000021E-03 1.000000000000000021E-03 1.000000000000000021E-03 1.000000000000000021E-03 1.000000000000000021E-03 1.000000000000000021E-03 1.000000000000000021E-03 1.000000000000000021E-03 1.000000000000000021E-03 1.000000000000000021E-03 1.000000000000000021E-03 1.000000000000000021E-03 1.000000000000000021E-03 1.000000000000000021E-03 1.000000000000000021E-03 1.000000000000000021E-03 1.000000000000000021E-03 1.000000000000000021E-03 1.000000000000000021E-03 1.000000000000000021E-03 1.000000000000000021E-03 1.000000000000000021E-03 1.000000000000000021E-03 1.000000000000000021E-03 1.000000000000000021E-03 1.000000000000000021E-03 1.000000000000000021E-03 1.000000000000000021E-03 1.000000000000000021E-03 1.000000000000000021E-03 1.000000000000000021E-03 1.000000000000000021E-03 1.000000000000000021E-03 1.000000000000000021E-03 1.000000000000000021E-03 1.000000000000000021E-03 1.000000000000000021E-03 1.000000000000000021E-03 1.000000000000000021E-03 1.000000000000000021E-03 1.000000000000000021E-03 1.000000000000000021E-03 1.000000000000000021E-03 1.000000000000000021E-03 1.000000000000000021E-03 1.000000000000000021E-03 1.000000000000000021E-03 1.000000000000000021E-03 1.000000000000000021E-03 1.000000000000000021E-03 1.000000000000000021E-03 1.000000000000000021E-03 1.000000000000000021E-03 7.867980682392693896E-04 8.091497873230647092E-04 8.396751902760997942E-04 7.957284246181757937E-04 7.172057599238889540E-04 7.492570086228253533E-04 7.862999755580149736E-04 7.929998939523556778E-04 6.583748227572582467E-04 1.000000000000000021E-03 1.000000000000000021E-03 1.000000000000000021E-03 1.000000000000000021E-03 1.000000000000000021E-03 1.000000000000000021E-03 1.000000000000000021E-03 1.000000000000000021E-03 1.000000000000000021E-03 1.000000000000000021E-03 1.000000000000000021E-03 1.000000000000000021E-03 1.000000000000000021E-03 1.000000000000000021E-03 1.000000000000000021E-03 1.000000000000000021E-03 1.000000000000000021E-03 1.000000000000000021E-03 1.000000000000000021E-03 1.000000000000000021E-03 1.000000000000000021E-03 1.000000000000000021E-03 1.000000000000000021E-03 1.000000000000000021E-03 1.000000000000000021E-03 1.000000000000000021E-03 1.000000000000000021E-03 1.000000000000000021E-03 1.000000000000000021E-03 1.000000000000000021E-03 1.000000000000000021E-03 1.000000000000000021E-03 1.000000000000000021E-03 1.000000000000000021E-03 1.000000000000000021E-03 1.000000000000000021E-03 1.000000000000000021E-03 1.000000000000000021E-03 1.000000000000000021E-03 1.000000000000000021E-03 1.000000000000000021E-03 1.000000000000000021E-03 1.000000000000000021E-03 1.000000000000000021E-03 1.000000000000000021E-03 1.000000000000000021E-03 1.000000000000000021E-03 1.000000000000000021E-03
3.154608048359712979E-04 2.907712843835667154E-04 2.595783273573070067E-04 2.580481411572772528E-04 2.385692415294846439E-04 2.236421042561448933E-04 2.252302388391080878E-04 2.092098794533025770E-04 2.052573271634841601E-04 2.196897403885734654E-04 1.000000000000000021E-03 1.000000000000000021E-03 1.000000000000000021E-03 1.000000000000000021E-03 1.000000000000000021E-03 1.000000000000000021E-03 1.000000000000000021E-03 1.000000000000000021E-03 1.000000000000000021E-03 1.000000000000000021E-03 1.000000000000000021E-03 1.000000000000000021E-03 1.000000000000000021E-03 1.000000000000000021E-03 1.000000000000000021E-03 1.000000000000000021E-03 1.000000000000000021E-03 1.000000000000000021E-03 1.000000000000000021E-03 1.000000000000000021E-03 1.000000000000000021E-03 1.000000000000000021E-03 1.000000000000000021E-03 1.000000000000000021E-03 1.000000000000000021E-03 1.000000000000000021E-03 1.000000000000000021E-03 1.000000000000000021E-03 1.000000000000000021E-03 1.000000000000000021E-03 1.000000000000000021E-03 1.000000000000000021E-03 1.000000000000000021E-03 1.000000000000000021E-03 1.000000000000000021E-03 1.000000000000000021E-03 1.000000000000000021E-03 1.000000000000000021E-03 1.000000000000000021E-03 1.000000000000000021E-03 1.000000000000000021E-03 1.000000000000000021E-03 1.000000000000000021E-03 1.000000000000000021E-03 1.000000000000000021E-03 1.000000000000000021E-03 1.000000000000000021E-03 1.000000000000000021E-03 1.000000000000000021E-03 1.000000000000000021E-03 1.000000000000000021E-03 1.000000000000000021E-03 1.000000000000000021E-03 1.000000000000000021E-03 1.000000000000000021E-03 1.000000000000000021E-03 1.000000000000000021E-03 1.000000000000000021E-03 1.000000000000000021E-03 1.000000000000000021E-03 1.000000000000000021E-03 1.000000000000000021E-03 1.000000000000000021E-03 1.000000000000000021E-03 1.000000000000000021E-03 1.000000000000000021E-03 1.000000000000000021E-03 1.000000000000000021E-03 1.000000000000000021E-03 1.000000000000000021E-03 1.000000000000000021E-03 1.000000000000000021E-03 1.000000000000000021E-03 1.000000000000000021E-03 1.000000000000000021E-03 1.000000000000000021E-03 1.000000000000000021E-03 1.000000000000000021E-03 1.000000000000000021E-03 1.000000000000000021E-03 1.000000000000000021E-03 1.000000000000000021E-03 1.000000000000000021E-03 1.000000000000000021E-03 7.091950306399499165E-04 8.547504172992940108E-04 9.070849171735822581E-04 6.672549205807496971E-04 7.966099463064444351E-04 7.223289145785775304E-04 7.971404444455915507E-04 7.868337021684159880E-04 6.578751944148921024E-04 1.000000000000000021E-03 1.000000000000000021E-03 1.000000000000000021E-03 1.000000000000000021E-03 1.000000000000000021E-03 1.000000000000000021E-03 1.000000000000000021E-03 1.000000000000000021E-03 1.000000000000000021E-03 1.000000000000000021E-03 1.000000000000000021E-03 1.000000000000000021E-03 1.000000000000000021E-03 1.000000000000000021E-03 1.000000000000000021E-03 1.000000000000000021E-03 1.000000000000000021E-03 1.000000000000000021E-03 1.000000000000000021E-03 1.000000000000000021E-03 1.000000000000000021E-03 1.000000000000000021E-03 1.000000000000000021E-03 1.000000000000000021E-03 1.000000000000000021E-03 1.000000000000000021E-03 1.000000000000000021E-03 1.000000000000000021E-03 1.000000000000000021E-03 1.000000000000000021E-03 1.000000000000000021E-03 1.000000000000000021E-03 1.000000000000000021E-03 1.000000000000000021E-03 1.000000000000000021E-03 1.000000000000000021E-03 1.000000000000000021E-03 1.000000000000000021E-03 1.000000000000000021E-03 1.000000000000000021E-03 1.000000000000000021E-03 1.000000000000000021E-03 1.000000000000000021E-03 1.000000000000000021E-03 1.000000000000000021E-03 1.000000000000000021E-03 1.000000000000000021E-03 1.000000000000000021E-03
3.209045899323442969E-04 3.196264401542485444E-04 2.683304668310632275E-04 3.033859246632043859E-04 2.644652032036492973E-04 2.382272374947925575E-04 1.901294979215985195E-04 2.235948295640759350E-04 1.000000000000000021E-03 1.000000000000000021E-03 1.000000000000000021E-03 1.000000000000000021E-03 1.000000000000000021E-03 1.000000000000000021E-03 1.000000000000000021E-03 1.000000000000000021E-03 1.000000000000000021E-03 1.000000000000000021E-03 1.000000000000000021E-03 1.000000000000000021E-03 1.000000000000000021E-03 1.000000000000000021E-03 1.000000000000000021E-03 1.000000000000000021E-03 1.000000000000000021E-03 1.000000000000000021E-03 1.000000000000000021E-03 1.000000000000000021E-03 1.000000000000000021E-03 1.000000000000000021E-03 1.000000000000000021E-03 1.000000000000000021E-03 1.000000000000000021E-03 1.000000000000000021E-03 1.000000000000000021E-03 1.000000000000000021E-03 1.000000000000000021E-03 1.000000000000000021E-03 1.000000000000000021E-03 1.000000000000000021E-03 1.000000000000000021E-03 1.000000000000000021E-03 1.000000000000000021E-03 1.000000000000000021E-03 1.000000000000000021E-03 1.000000000000000021E-03 1.000000000000000021E-03 1.000000000000000021E-03 1.000000000000000021E-03 1.000000000000000021E-03 1.000000000000000021E-03 1.000000000000000021E-03 1.000000000000000021E-03 1.000000000000000021E-03 1.000000000000000021E-03 1.000000000000000021E-03 1.000000000000000021E-03 1.000000000000000021E-03 1.000000000000000021E-03 1.000000000000000021E-03 1.000000000000000021E-03 1.000000000000000021E-03 1.000000000000000021E-03 1.000000000000000021E-03 1.000000000000000021E-03 1.000000000000000021E-03 1.000000000000000021E-03 1.000000000000000021E-03 1.000000000000000021E-03 1.000000000000000021E-03 1.000000000000000021E-03 1.000000000000000021E-03 1.000000000000000021E-03 1.000000000000000021E-03 1.000000000000000021E-03 1.000000000000000021E-03 1.000000000000000021E-03 1.000000000000000021E-03 1.000000000000000021E-03 1.000000000000000021E-03 1.000000000000000021E-03 1.000000000000000021E-03 1.000000000000000021E-03 1.000000000000000021E-03 1.000000000000000021E-03 1.000000000000000021E-03 1.000000000000000021E-03 1.000000000000000021E-03 1.000000000000000021E-03 1.000000000000000021E-03 1.000000000000000021E-03 1.000000000000000021E-03 1.000000000000000021E-03 1.000000000000000021E-03 8.281329179579684056E-04 9.258937589030514104E-04 8.985259602239365579E-04 6.601688098541619613E-04 7.069175237598135635E-04 8.441084797371584082E-04 8.465940128535259616E-04 8.209818212743589909E-04 8.602832415184591928E-04 1.000000000000000021E-03 1.000000000000000021E-03 1.000000000000000021E-03 1.000000000000000021E-03 1.000000000000000021E-03 1.000000000000000021E-03 1.000000000000000021E-03 1.000000000000000021E-03 1.000000000000000021E-03 1.000000000000000021E-03 1.000000000000000021E-03 1.000000000000000021E-03 1.000000000000000021E-03 1.000000000000000021E-03 1.000000000000000021E-03 1.000000000000000021E-03 1.000000000000000021E-03 1.000000000000000021E-03 1.000000000000000021E-03 1.000000000000000021E-03 1.000000000000000021E-03 1.000000000000000021E-03 1.000000000000000021E-03 1.000000000000000021E-03 1.000000000000000021E-03 1.000000000000000021E-03 1.000000000000000021E-03 1.000000000000000021E-03 1.000000000000000021E-03 1.000000000000000021E-03 1.000000000000000021E-03 1.000000000000000021E-03 1.000000000000000021E-03 1.000000000000000021E-03 1.000000000000000021E-03 1.000000000000000021E-03 1.000000000000000021E-03 1.000000000000000021E-03 1.000000000000000021E-03 1.000000000000000021E-03 1.000000000000000021E-03 1.000000000000000021E-03 1.000000000000000021E-03 1.000000000000000021E-03 1.000000000000000021E-03 1.000000000000000021E-03 1.000000000000000021E-03 1.000000000000000021E-03
4.021842005759618558E-04 3.356912573765873770E-04 2.980314177336533662E-04 3.281582037424203395E-04 2.461252501830850565E-04 2.050733862059172423E-04 1.942958841494015691E-04 1.000000000000000021E-03 1.000000000000000021E-03 1.000000000000000021E-03 1.000000000000000021E-03 1.000000000000000021E-03 1.000000000000000021E-03 1.000000000000000021E-03 1.000000000000000021E-03 1.000000000000000021E-03 1.000000000000000021E-03 1.000000000000000021E-03 1.000000000000000021E-03 1.000000000000000021E-03 1.000000000000000021E-03 1.000000000000000021E-03 1.000000000000000021E-03 1.000000000000000021E-03 1.000000000000000021E-03 1.000000000000000021E-03 1.000000000000000021E-03 1.000000000000000021E-03 1.000000000000000021E-03 1.000000000000000021E-03 1.000000000000000021E-03 1.000000000000000021E-03 1.000000000000000021E-03 1.000000000000000021E-03 1.000000000000000021E-03 1.000000000000000021E-03 1.000000000000000021E-03 1.000000000000000021E-03 1.000000000000000021E-03 1.000000000000000021E-03 1.000000000000000021E-03 1.000000000000000021E-03 1.000000000000000021E-03 1.000000000000000021E-03 1.000000000000000021E-03 1.000000000000000021E-03 1.000000000000000021E-03 1.000000000000000021E-03 1.000000000000000021E-03 1.000000000000000021E-03 1.000000000000000021E-03 1.000000000000000021E-03 1.000000000000000021E-03 1.000000000000000021E-03 1.000000000000000021E-03 1.000000000000000021E-03 1.000000000000000021E-03 1.000000000000000021E-03 1.000000000000000021E-03 1.000000000000000021E-03 1.000000000000000021E-03 1.000000000000000021E-03 1.000000000000000021E-03 1.000000000000000021E-03 1.000000000000000021E-03 1.000000000000000021E-03 1.000000000000000021E-03 1.000000000000000021E-03 1.000000000000000021E-03 1.000000000000000021E-03 1.000000000000000021E-03 1.000000000000000021E-03 1.000000000000000021E-03 1.000000000000000021E-03 1.000000000000000021E-03 1.000000000000000021E-03 1.000000000000000021E-03 1.000000000000000021E-03 1.000000000000000021E-03 1.000000000000000021E-03 1.000000000000000021E-03 1.000000000000000021E-03 1.000000000000000021E-03 1.000000000000000021E-03 1.000000000000000021E-03 1.000000000000000021E-03 1.000000000000000021E-03 1.000000000000000021E-03 1.000000000000000021E-03 1.000000000000000021E-03 1.000000000000000021E-03 1.000000000000000021E-03 1.000000000000000021E-03 1.000000000000000021E-03 7.819198552715634840E-04 8.694661949037498774E-04 9.479779564897998197E-04 8.217060152164264901E-04 7.739599348204884415E-04 6.926843936223184934E-04 7.352618237442656900E-04 8.129049145466636954E-04 8.722214016968514103E-04 1.000000000000000021E-03 1.000000000000000021E-03 1.000000000000000021E-03 1.000000000000000021E-03 1.000000000000000021E-03 1.000000000000000021E-03 1.000000000000000021E-03 1.000000000000000021E-03 1.000000000000000021E-03 1.000000000000000021E-03 1.000000000000000021E-03 1.000000000000000021E-03 1.000000000000000021E-03 1.000000000000000021E-03 1.000000000000000021E-03 1.000000000000000021E-03 1.000000000000000021E-03 1.000000000000000021E-03 1.000000000000000021E-03 1.000000000000000021E-03 1.000000000000000021E-03 1.000000000000000021E-03 1.000000000000000021E-03 1.000000000000000021E-03 1.000000000000000021E-03 1.000000000000000021E-03 1.000000000000000021E-03 1.000000000000000021E-03 1.000000000000000021E-03 1.000000000000000021E-03 1.000000000000000021E-03 1.000000000000000021E-03 1.000000000000000021E-03 1.000000000000000021E-03 1.000000000000000021E-03 1.000000000000000021E-03 1.000000000000000021E-03 1.000000000000000021E-03 1.000000000000000021E-03 1.000000000000000021E-03 1.000000000000000021E-03 1.000000000000000021E-03 1.000000000000000021E-03 1.000000000000000021E-03 1.000000000000000021E-03 1.000000000000000021E-03 1.000000000000000021E-03 1.000000000000000021E-03
3.981718512189123664E-04 3.424694815256383498E-04 3.112630585390401428E-04 2.856240185009969058E-04 3.112463346195147086E-04 1.000000000000000021E-03 1.000000000000000021E-03 1.000000000000000021E-03 1.000000000000000021E-03 1.000000000000000021E-03 1.000000000000000021E-03 1.000000000000000021E-03 1.000000000000000021E-03 1.000000000000000021E-03 1.000000000000000021E-03 1.000000000000000021E-03 1.000000000000000021E-03 1.000000000000000021E-03 1.000000000000000021E-03 1.000000000000000021E-03 1.000000000000000021E-03 1.000000000000000021E-03 1.000000000000000021E-03 1.000000000000000021E-03 1.000000000000000021E-03 1.000000000000000021E-03 1.000000000000000021E-03 1.000000000000000021E-03 1.000000000000000021E-03 1.000000000000000021E-03 1.000000000000000021E-03 1.000000000000000021E-03 1.000000000000000021E-03 1.000000000000000021E-03 1.000000000000000021E-03 1.000000000000000021E-03 1.000000000000000021E-03 1.000000000000000021E-03 1.000000000000000021E-03 1.000000000000000021E-03 1.000000000000000021E-03 1.000000000000000021E-03 1.000000000000000021E-03 1.000000000000000021E-03 1.000000000000000021E-03 1.000000000000000021E-03 1.000000000000000021E-03 1.000000000000000021E-03 1.000000000000000021E-03 1.000000000000000021E-03 1.000000000000000021E-03 1.000000000000000021E-03 1.000000000000000021E-03 1.000000000000000021E-03 1.000000000000000021E-03 1.000000000000000021E-03 1.000000000000000021E-03 1.000000000000000021E-03 1.000000000000000021E-03 1.000000000000000021E-03 1.000000000000000021E-03 1.000000000000000021E-03 1.000000000000000021E-03 1.000000000000000021E-03 1.000000000000000021E-03 1.000000000000000021E-03 1.000000000000000021E-03 1.000000000000000021E-03 1.000000000000000021E-03 1.000000000000000021E-03 1.000000000000000021E-03 1.000000000000000021E-03 1.000000000000000021E-03 1.000000000000000021E-03 1.000000000000000021E-03 1.000000000000000021E-03 1.000000000000000021E-03 1.000000000000000021E-03 1.000000000000000021E-03 1.000000000000000021E-03 1.000000000000000021E-03 1.000000000000000021E-03 1.000000000000000021E-03 1.000000000000000021E-03 1.000000000000000021E-03 1.000000000000000021E-03 1.000000000000000021E-03 1.000000000000000021E-03 1.000000000000000021E-03 1.000000000000000021E-03 1.000000000000000021E-03 1.000000000000000021E-03 1.000000000000000021E-03 1.000000000000000021E-03 8.610947603032703939E-04 9.146654959114220058E-04 7.999326227387058147E-04 7.102118689361917522E-04 6.779870566499331293E-04 5.743741634224885408E-04 6.359219346729923358E-04 6.894172178523412043E-04 8.470163337204133060E-04 1.000000000000000021E-03 1.000000000000000021E-03 1.000000000000000021E-03 1.000000000000000021E-03 1.000000000000000021E-03 1.000000000000000021E-03 1.000000000000000021E-03 1.000000000000000021E-03 1.000000000000000021E-03 1.000000000000000021E-03 1.000000000000000021E-03 1.000000000000000021E-03 1.000000000000000021E-03 1.000000000000000021E-03 1.000000000000000021E-03 1.000000000000000021E-03 1.000000000000000021E-03 1.000000000000000021E-03 1.000000000000000021E-03 1.000000000000000021E-03 1.000000000000000021E-03 1.000000000000000021E-03 1.000000000000000021E-03 1.000000000000000021E-03 1.000000000000000021E-03 1.000000000000000021E-03 1.000000000000000021E-03 1.000000000000000021E-03 1.000000000000000021E-03 1.000000000000000021E-03 1.000000000000000021E-03 1.000000000000000021E-03 1.000000000000000021E-03 1.000000000000000021E-03 1.000000000000000021E-03 1.000000000000000021E-03 1.000000000000000021E-03 1.000000000000000021E-03 1.000000000000000021E-03 1.000000000000000021E-03 1.000000000000000021E-03 1.000000000000000021E-03 1.000000000000000021E-03 1.000000000000000021E-03 1.000000000000000021E-03 1.000000000000000021E-03 1.000000000000000021E-03 1.000000000000000021E-03
3.814037854983753223E-04 2.801519011320291529E-04 3.315058601205420150E-04 1.000000000000000021E-03 1.000000000000000021E-03 1.000000000000000021E-03 1.000000000000000021E-03 1.000000000000000021E-03 1.000000000000000021E-03 1.000000000000000021E-03 1.000000000000000021E-03 1.000000000000000021E-03 1.000000000000000021E-03 1.000000000000000021E-03 1.000000000000000021E-03 1.000000000000000021E-03 1.000000000000000021E-03 1.000000000000000021E-03 1.000000000000000021E-03 1.000000000000000021E-03 1.000000000000000021E-03 1.000000000000000021E-03 1.000000000000000021E-03 1.000000000000000021E-03 1.000000000000000021E-03 1.000000000000000021E-03 1.000000000000000021E-03 1.000000000000000021E-03 1.000000000000000021E-03 1.000000000000000021E-03 1.000000000000000021E-03 1.000000000000000021E-03 1.000000000000000021E-03 1.000000000000000021E-03 1.000000000000000021E-03 1.000000000000000021E-03 1.000000000000000021E-03 1.000000000000000021E-03 1.000000000000000021E-03 1.000000000000000021E-03 1.000000000000000021E-03 1.000000000000000021E-03 1.000000000000000021E-03 1.000000000000000021E-03 1.000000000000000021E-03 1.000000000000000021E-03 1.000000000000000021E-03 1.000000000000000021E-03 1.000000000000000021E-03 1.000000000000000021E-03 1.000000000000000021E-03 1.000000000000000021E-03 1.000000000000000021E-03 1.000000000000000021E-03 1.000000000000000021E-03 1.000000000000000021E-03 1.000000000000000021E-03 1.000000000000000021E-03 1.000000000000000021E-03 1.000000000000000021E-03 1.000000000000000021E-03 1.000000000000000021E-03 1.000000000000000021E-03 1.000000000000000021E-03 1.000000000000000021E-03 1.000000000000000021E-03 1.000000000000000021E-03 1.000000000000000021E-03 1.000000000000000021E-03 1.000000000000000021E-03 1.000000000000000021E-03 1.000000000000000021E-03 1.000000000000000021E-03 1.000000000000000021E-03 1.000000000000000021E-03 1.000000000000000021E-03 1.000000000000000021E-03 1.000000000000000021E-03 1.000000000000000021E-03 1.000000000000000021E-03 1.000000000000000021E-03 1.000000000000000021E-03 1.000000000000000021E-03 1.000000000000000021E-03 1.000000000000000021E-03 1.000000000000000021E-03 1.000000000000000021E-03 1.000000000000000021E-03 1.000000000000000021E-03 1.000000000000000021E-03 1.000000000000000021E-03 1.000000000000000021E-03 1.000000000000000021E-03 1.000000000000000021E-03 9.817614002876398887E-04 8.487014751808314144E-04 7.017819548649812007E-04 8.513926146500619364E-04 8.905034195856118689E-04 8.081130715323517170E-04 6.850731589885865292E-04 8.745998901144579367E-04 9.841642842813773471E-04 1.000000000000000021E-03 1.000000000000000021E-03 1.000000000000000021E-03 1.000000000000000021E-03 1.000000000000000021E-03 1.000000000000000021E-03 1.000000000000000021E-03 1.000000000000000021E-03 1.000000000000000021E-03 1.000000000000000021E-03 1.000000000000000021E-03 1.000000000000000021E-03 1.000000000000000021E-03 1.000000000000000021E-03 1.000000000000000021E-03 1.000000000000000021E-03 1.000000000000000021E-03 1.000000000000000021E-03 1.000000000000000021E-03 1.000000000000000021E-03 1.000000000000000021E-03 1.000000000000000021E-03 1.000000000000000021E-03 1.000000000000000021E-03 1.000000000000000021E-03 1.000000000000000021E-03 1.000000000000000021E-03 1.000000000000000021E-03 1.000000000000000021E-03 1.000000000000000021E-03 1.000000000000000021E-03 1.000000000000000021E-03 1.000000000000000021E-03 1.000000000000000021E-03 1.000000000000000021E-03 1.000000000000000021E-03 1.000000000000000021E-03 1.000000000000000021E-03 1.000000000000000021E-03 1.000000000000000021E-03 1.000000000000000021E-03 1.000000000000000021E-03 1.000000000000000021E-03 1.000000000000000021E-03 1.000000000000000021E-03 1.000000000000000021E-03 1.000000000000000021E-03 1.000000000000000021E-03
3.223803481263651780E-04 1.000000000000000021E-03 1.000000000000000021E-03 1.000000000000000021E-03 1.000000000000000021E-03 1.000000000000000021E-03 1.000000000000000021E-03 1.000000000000000021E-03 1.000000000000000021E-03 1.000000000000000021E-03 1.000000000000000021E-03 1.000000000000000021E-03 1.000000000000000021E-03 1.000000000000000021E-03 1.000000000000000021E-03 1.000000000000000021E-03 1.000000000000000021E-03 1.000000000000000021E-03 1.000000000000000021E-03 1.000000000000000021E-03 1.000000000000000021E-03 1.000000000000000021E-03 1.000000000000000021E-03 1.000000000000000021E-03 1.000000000000000021E-03 1.000000000000000021E-03 1.000000000000000021E-03 1.000000000000000021E-03 1.000000000000000021E-03 1.000000000000000021E-03 1.000000000000000021E-03 1.000000000000000021E-03 1.000000000000000021E-03 1.000000000000000021E-03 1.000000000000000021E-03 1.000000000000000021E-03 1.000000000000000021E-03 1.000000000000000021E-03 1.000000000000000021E-03 1.000000000000000021E-03 1.000000000000000021E-03 1.000000000000000021E-03 1.000000000000000021E-03 1.000000000000000021E-03 1.000000000000000021E-03 1.000000000000000021E-03 1.000000000000000021E-03 1.000000000000000021E-03 1.000000000000000021E-03 1.000000000000000021E-03 1.000000000000000021E-03 1.000000000000000021E-03 1.000000000000000021E-03 1.000000000000000021E-03 1.000000000000000021E-03 1.000000000000000021E-03 1.000000000000000021E-03 1.000000000000000021E-03 1.000000000000000021E-03 1.000000000000000021E-03 1.000000000000000021E-03 1.000000000000000021E-03 1.000000000000000021E-03 1.000000000000000021E-03 1.000000000000000021E-03 1.000000000000000021E-03 1.000000000000000021E-03 1.000000000000000021E-03 1.000000000000000021E-03 1.000000000000000021E-03 1.000000000000000021E-03 1.000000000000000021E-03 1.000000000000000021E-03 1.000000000000000021E-03 1.000000000000000021E-03 1.000000000000000021E-03 1.000000000000000021E-03 1.000000000000000021E-03 1.000000000000000021E-03 1.000000000000000021E-03 1.000000000000000021E-03 1.000000000000000021E-03 1.000000000000000021E-03 1.000000000000000021E-03 1.000000000000000021E-03 1.000000000000000021E-03 1.000000000000000021E-03 1.000000000000000021E-03 1.000000000000000021E-03 1.000000000000000021E-03 1.000000000000000021E-03 1.000000000000000021E-03 1.000000000000000021E-03 1.000000000000000021E-03 1.000000000000000021E-03 8.025802926086182199E-04 8.994389157587143191E-04 9.700046872614811284E-04 9.559945021028179229E-04 8.928431359166440857E-04 7.773151258471069263E-04 1.063068229147001199E-03 1.090847366438815530E-03 1.000000000000000021E-03 1.000000000000000021E-03 1.000000000000000021E-03 1.000000000000000021E-03 1.000000000000000021E-03 1.000000000000000021E-03 1.000000000000000021E-03 1.000000000000000021E-03 1.000000000000000021E-03 1.000000000000000021E-03 1.000000000000000021E-03 1.000000000000000021E-03 1.000000000000000021E-03 1.000000000000000021E-03 1.000000000000000021E-03 1.000000000000000021E-03 1.000000000000000021E-03 1.000000000000000021E-03 1.000000000000000021E-03 1.000000000000000021E-03 1.000000000000000021E-03 1.000000000000000021E-03 1.000000000000000021E-03 1.000000000000000021E-03 1.000000000000000021E-03 1.000000000000000021E-03 1.000000000000000021E-03 1.000000000000000021E-03 1.000000000000000021E-03 1.000000000000000021E-03 1.000000000000000021E-03 1.000000000000000021E-03 1.000000000000000021E-03 1.000000000000000021E-03 1.000000000000000021E-03 1.000000000000000021E-03 1.000000000000000021E-03 1.000000000000000021E-03 1.000000000000000021E-03 1.000000000000000021E-03 1.000000000000000021E-03 1.000000000000000021E-03 1.000000000000000021E-03 1.000000000000000021E-03 1.000000000000000021E-03 1.000000000000000021E-03 1.000000000000000021E-03 1.000000000000000021E-03
1.000000000000000021E-03 1.000000000000000021E-03 1.000000000000000021E-03 1.000000000000000021E-03 1.000000000000000021E-03 1.000000000000000021E-03 1.000000000000000021E-03 1.000000000000000021E-03 1.000000000000000021E-03 1.000000000000000021E-03 1.000000000000000021E-03 1.000000000000000021E-03 1.000000000000000021E-03 1.000000000000000021E-03 1.000000000000000021E-03 1.000000000000000021E-03 1.000000000000000021E-03 1.000000000000000021E-03 1.000000000000000021E-03 1.000000000000000021E-03 1.000000000000000021E-03 1.000000000000000021E-03 1.000000000000000021E-03 1.000000000000000021E-03 1.000000000000000021E-03 1.000000000000000021E-03 1.000000000000000021E-03 1.000000000000000021E-03 1.000000000000000021E-03 1.000000000000000021E-03 1.000000000000000021E-03 1.000000000000000021E-03 1.000000000000000021E-03 1.000000000000000021E-03 1.000000000000000021E-03 1.000000000000000021E-03 1.000000000000000021E-03 1.000000000000000021E-03 1.000000000000000021E-03 1.000000000000000021E-03 1.000000000000000021E-03 1.000000000000000021E-03 1.000000000000000021E-03 1.000000000000000021E-03 1.000000000000000021E-03 1.000000000000000021E-03 1.000000000000000021E-03 1.000000000000000021E-03 1.000000000000000021E-03 1.000000000000000021E-03 1.000000000000000021E-03 1.000000000000000021E-03 1.000000000000000021E-03 1.000000000000000021E-03 1.000000000000000021E-03 1.000000000000000021E-03 1.000000000000000021E-03 1.000000000000000021E-03 1.000000000000000021E-03 1.000000000000000021E-03 1.000000000000000021E-03 1.000000000000000021E-03 1.000000000000000021E-03 1.000000000000000021E-03 1.000000000000000021E-03 1.000000000000000021E-03 1.000000000000000021E-03 1.000000000000000021E-03 1.000000000000000021E-03 1.000000000000000021E-03 1.000000000000000021E-03 1.000000000000000021E-03 1.000000000000000021E-03 1.000000000000000021E-03 1.000000000000000021E-03 1.000000000000000021E-03 1.000000000000000021E-03 1.000000000000000021E-03 1.000000000000000021E-03 1.000000000000000021E-03 1.000000000000000021E-03 1.000000000000000021E-03 1.000000000000000021E-03 1.000000000000000021E-03 1.000000000000000021E-03 1.000000000000000021E-03 1.000000000000000021E-03 1.000000000000000021E-03 1.000000000000000021E-03 1.000000000000000021E-03 1.000000000000000021E-03 1.000000000000000021E-03 1.000000000000000021E-03 1.000000000000000021E-03 1.000000000000000021E-03 8.854951068814404707E-04 7.855948566760496792E-04 8.901111884253207727E-04 8.306175242085077305E-04 9.089758311329299663E-04 1.062864862459451682E-03 9.302637221984988870E-04 1.130550606571527512E-03 1.000000000000000021E-03 1.000000000000000021E-03 1.000000000000000021E-03 1.000000000000000021E-03 1.000000000000000021E-03 1.000000000000000021E-03 1.000000000000000021E-03 1.000000000000000021E-03 1.000000000000000021E-03 1.000000000000000021E-03 1.000000000000000021E-03 1.000000000000000021E-03 1.000000000000000021E-03 1.000000000000000021E-03 1.000000000000000021E-03 1.000000000000000021E-03 1.000000000000000021E-03 1.000000000000000021E-03 1.000000000000000021E-03 1.000000000000000021E-03 1.000000000000000021E-03 1.000000000000000021E-03 1.000000000000000021E-03 1.000000000000000021E-03 1.000000000000000021E-03 1.000000000000000021E-03 1.000000000000000021E-03 1.000000000000000021E-03 1.000000000000000021E-03 1.000000000000000021E-03 1.000000000000000021E-03 1.000000000000000021E-03 1.000000000000000021E-03 1.000000000000000021E-03 1.000000000000000021E-03 1.000000000000000021E-03 1.000000000000000021E-03 1.000000000000000021E-03 1.000000000000000021E-03 1.000000000000000021E-03 1.000000000000000021E-03 1.000000000000000021E-03 1.000000000000000021E-03 1.000000000000000021E-03 1.000000000000000021E-03 1.000000000000000021E-03 1.000000000000000021E-03 1.000000000000000021E-03
1.000000000000000021E-03 1.000000000000000021E-03 1.000000000000000021E-03 1.000000000000000021E-03 1.000000000000000021E-03 1.000000000000000021E-03 1.000000000000000021E-03 1.000000000000000021E-03 1.000000000000000021E-03 1.000000000000000021E-03 1.000000000000000021E-03 1.000000000000000021E-03 1.000000000000000021E-03 1.000000000000000021E-03 1.000000000000000021E-03 1.000000000000000021E-03 1.000000000000000021E-03 1.000000000000000021E-03 1.000000000000000021E-03 1.000000000000000021E-03 1.000000000000000021E-03 1.000000000000000021E-03 1.000000000000000021E-03 1.000000000000000021E-03 1.000000000000000021E-03 1.000000000000000021E-03 1.000000000000000021E-03 1.000000000000000021E-03 1.000000000000000021E-03 1.000000000000000021E-03 1.000000000000000021E-03 1.000000000000000021E-03 1.000000000000000021E-03 1.000000000000000021E-03 1.000000000000000021E-03 1.000000000000000021E-03 1.000000000000000021E-03 1.000000000000000021E-03 1.000000000000000021E-03 1.000000000000000021E-03 1.000000000000000021E-03 1.000000000000000021E-03 1.000000000000000021E-03 1.000000000000000021E-03 1.000000000000000021E-03 1.000000000000000021E-03 1.000000000000000021E-03 1.000000000000000021E-03 1.000000000000000021E-03 1.000000000000000021E-03 1.000000000000000021E-03 1.000000000000000021E-03 1.000000000000000021E-03 1.000000000000000021E-03 1.000000000000000021E-03 1.000000000000000021E-03 1.000000000000000021E-03 1.000000000000000021E-03 1.000000000000000021E-03 1.000000000000000021E-03 1.000000000000000021E-03 1.000000000000000021E-03 1.000000000000000021E-03 1.000000000000000021E-03 1.000000000000000021E-03 1.000000000000000021E-03 1.000000000000000021E-03 1.000000000000000021E-03 1.000000000000000021E-03 1.000000000000000021E-03 1.000000000000000021E-03 1.000000000000000021E-03 1.000000000000000021E-03 1.000000000000000021E-03 1.000000000000000021E-03 1.000000000000000021E-03 1.000000000000000021E-03 1.000000000000000021E-03 1.000000000000000021E-03 1.000000000000000021E-03 1.000000000000000021E-03 1.000000000000000021E-03 1.000000000000000021E-03 1.000000000000000021E-03 1.000000000000000021E-03 1.000000000000000021E-03 1.000000000000000021E-03 1.000000000000000021E-03 1.000000000000000021E-03 1.000000000000000021E-03 1.000000000000000021E-03 1.000000000000000021E-03 1.000000000000000021E-03 1.000000000000000021E-03 1.000000000000000021E-03 6.737981827985300856E-04 8.730441857200802770E-04 9.817266890758155444E-04 8.519159664610703167E-04 1.070001206626137319E-03 9.470822599983900287E-04 9.026879979324072814E-04 9.186892365135655540E-04 1.000000000000000021E-03 1.000000000000000021E-03 1.000000000000000021E-03 1.000000000000000021E-03 1.000000000000000021E-03 1.000000000000000021E-03 1.000000000000000021E-03 1.000000000000000021E-03 1.000000000000000021E-03 1.000000000000000021E-03 1.000000000000000021E-03 1.000000000000000021E-03 1.000000000000000021E-03 1.000000000000000021E-03 1.000000000000000021E-03 1.000000000000000021E-03 1.000000000000000021E-03 1.000000000000000021E-03 1.000000000000000021E-03 1.000000000000000021E-03 1.000000000000000021E-03 1.000000000000000021E-03 1.000000000000000021E-03 1.000000000000000021E-03 1.000000000000000021E-03 1.000000000000000021E-03 1.000000000000000021E-03 1.000000000000000021E-03 1.000000000000000021E-03 1.000000000000000021E-03 1.000000000000000021E-03 1.000000000000000021E-03 1.000000000000000021E-03 1.000000000000000021E-03 1.000000000000000021E-03 1.000000000000000021E-03 1.000000000000000021E-03 1.000000000000000021E-03 1.000000000000000021E-03 1.000000000000000021E-03 1.000000000000000021E-03 1.000000000000000021E-03 1.000000000000000021E-03 1.000000000000000021E-03 1.000000000000000021E-03 1.000000000000000021E-03 1.000000000000000021E-03 1.000000000000000021E-03
1.000000000000000021E-03 1.000000000000000021E-03 1.000000000000000021E-03 1.000000000000000021E-03 1.000000000000000021E-03 1.000000000000000021E-03 1.000000000000000021E-03 1.000000000000000021E-03 1.000000000000000021E-03 1.000000000000000021E-03 1.000000000000000021E-03 1.000000000000000021E-03 1.000000000000000021E-03 1.000000000000000021E-03 1.000000000000000021E-03 1.000000000000000021E-03 1.000000000000000021E-03 1.000000000000000021E-03 1.000000000000000021E-03 1.000000000000000021E-03 1.000000000000000021E-03 1.000000000000000021E-03 1.000000000000000021E-03 1.000000000000000021E-03 1.000000000000000021E-03 1.000000000000000021E-03 1.000000000000000021E-03 1.000000000000000021E-03 1.000000000000000021E-03 1.000000000000000021E-03 1.000000000000000021E-03 1.000000000000000021E-03 1.000000000000000021E-03 1.000000000000000021E-03 1.000000000000000021E-03 1.000000000000000021E-03 1.000000000000000021E-03 1.000000000000000021E-03 1.000000000000000021E-03 1.000000000000000021E-03 1.000000000000000021E-03 1.000000000000000021E-03 1.000000000000000021E-03 1.000000000000000021E-03 1.000000000000000021E-03 1.000000000000000021E-03 1.000000000000000021E-03 1.000000000000000021E-03 1.000000000000000021E-03 1.000000000000000021E-03 1.000000000000000021E-03 1.000000000000000021E-03 1.000000000000000021E-03 1.000000000000000021E-03 1.000000000000000021E-03 1.000000000000000021E-03 1.000000000000000021E-03 1.000000000000000021E-03 1.000000000000000021E-03 1.000000000000000021E-03 1.000000000000000021E-03 1.000000000000000021E-03 1.000000000000000021E-03 1.000000000000000021E-03 1.000000000000000021E-03 1.000000000000000021E-03 1.000000000000000021E-03 1.000000000000000021E-03 1.000000000000000021E-03 1.000000000000000021E-03 1.000000000000000021E-03 1.000000000000000021E-03 1.000000000000000021E-03 1.000000000000000021E-03 1.000000000000000021E-03 1.000000000000000021E-03 1.000000000000000021E-03 1.000000000000000021E-03 1.000000000000000021E-03 1.000000000000000021E-03 1.000000000000000021E-03 1.000000000000000021E-03 1.000000000000000021E-03 1.000000000000000021E-03 1.000000000000000021E-03 1.000000000000000021E-03 1.000000000000000021E-03 1.000000000000000021E-03 1.000000000000000021E-03 1.000000000000000021E-03 1.000000000000000021E-03 1.000000000000000021E-03 1.000000000000000021E-03 1.000000000000000021E-03 1.000000000000000021E-03 6.965778876723030489E-04 7.782176152941746531E-04 9.452501003205512550E-04 8.669728680049227460E-04 1.112428411846456185E-03 1.137256643090846968E-03 1.006874225943355005E-03 1.342032054670827057E-03 1.000000000000000021E-03 1.000000000000000021E-03 1.000000000000000021E-03 1.000000000000000021E-03 1.000000000000000021E-03 1.000000000000000021E-03 1.000000000000000021E-03 1.000000000000000021E-03 1.000000000000000021E-03 1.000000000000000021E-03 1.000000000000000021E-03 1.000000000000000021E-03 1.000000000000000021E-03 1.000000000000000021E-03 1.000000000000000021E-03 1.000000000000000021E-03 1.000000000000000021E-03 1.000000000000000021E-03 1.000000000000000021E-03 1.000000000000000021E-03 1.000000000000000021E-03 1.000000000000000021E-03 1.000000000000000021E-03 1.000000000000000021E-03 1.000000000000000021E-03 1.000000000000000021E-03 1.000000000000000021E-03 1.000000000000000021E-03 1.000000000000000021E-03 1.000000000000000021E-03 1.000000000000000021E-03 1.000000000000000021E-03 1.000000000000000021E-03 1.000000000000000021E-03 1.000000000000000021E-03 1.000000000000000021E-03 1.000000000000000021E-03 1.000000000000000021E-03 1.000000000000000021E-03 1.000000000000000021E-03 1.000000000000000021E-03 1.000000000000000021E-03 1.000000000000000021E-03 1.000000000000000021E-03 1.000000000000000021E-03 1.000000000000000021E-03 1.000000000000000021E-03 1.000000000000000021E-03
1.000000000000000021E-03 1.000000000000000021E-03 1.000000000000000021E-03 1.000000000000000021E-03 1.000000000000000021E-03 1.000000000000000021E-03 1.000000000000000021E-03 1.000000000000000021E-03 1.000000000000000021E-03 1.000000000000000021E-03 1.000000000000000021E-03 1.000000000000000021E-03 1.000000000000000021E-03 1.000000000000000021E-03 1.000000000000000021E-03 1.000000000000000021E-03 1.000000000000000021E-03 1.000000000000000021E-03 1.000000000000000021E-03 1.000000000000000021E-03 1.000000000000000021E-03 1.000000000000000021E-03 1.000000000000000021E-03 1.000000000000000021E-03 1.000000000000000021E-03 1.000000000000000021E-03 1.000000000000000021E-03 1.000000000000000021E-03 1.000000000000000021E-03 1.000000000000000021E-03 1.000000000000000021E-03 1.000000000000000021E-03 1.000000000000000021E-03 1.000000000000000021E-03 1.000000000000000021E-03 1.000000000000000021E-03 1.000000000000000021E-03 1.000000000000000021E-03 1.000000000000000021E-03 1.000000000000000021E-03 1.000000000000000021E-03 1.000000000000000021E-03 1.000000000000000021E-03 1.000000000000000021E-03 1.000000000000000021E-03 1.000000000000000021E-03 1.000000000000000021E-03 1.000000000000000021E-03 1.000000000000000021E-03 1.000000000000000021E-03 1.000000000000000021E-03 1.000000000000000021E-03 1.000000000000000021E-03 1.000000000000000021E-03 1.000000000000000021E-03 1.000000000000000021E-03 1.000000000000000021E-03 1.000000000000000021E-03 1.000000000000000021E-03 1.000000000000000021E-03 1.000000000000000021E-03 1.000000000000000021E-03 1.000000000000000021E-03 1.000000000000000021E-03 1.000000000000000021E-03 1.000000000000000021E-03 1.000000000000000021E-03 1.000000000000000021E-03 1.000000000000000021E-03 1.000000000000000021E-03 1.000000000000000021E-03 1.000000000000000021E-03 1.000000000000000021E-03 1.000000000000000021E-03 1.000000000000000021E-03 1.000000000000000021E-03 1.000000000000000021E-03 1.000000000000000021E-03 1.000000000000000021E-03 1.000000000000000021E-03 1.000000000000000021E-03 1.000000000000000021E-03 1.000000000000000021E-03 1.000000000000000021E-03 1.000000000000000021E-03 1.000000000000000021E-03 1.000000000000000021E-03 1.000000000000000021E-03 1.000000000000000021E-03 1.000000000000000021E-03 1.000000000000000021E-03 1.000000000000000021E-03 1.000000000000000021E-03 1.000000000000000021E-03 1.000000000000000021E-03 8.564348079278186069E-04 8.954887795400360943E-04 1.168954958208809651E-03 1.037893084557199369E-03 1.124753613152931243E-03 1.234075653204969123E-03 1.233780065225800748E-03 1.000000000000000021E-03 1.000000000000000021E-03 1.000000000000000021E-03 1.000000000000000021E-03 1.000000000000000021E-03 1.000000000000000021E-03 1.000000000000000021E-03 1.000000000000000021E-03 1.000000000000000021E-03 1.000000000000000021E-03 1.000000000000000021E-03 1.000000000000000021E-03 1.000000000000000021E-03 1.000000000000000021E-03 1.000000000000000021E-03 1.000000000000000021E-03 1.000000000000000021E-03 1.000000000000000021E-03 1.000000000000000021E-03 1.000000000000000021E-03 1.000000000000000021E-03 1.000000000000000021E-03 1.000000000000000021E-03 1.000000000000000021E-03 1.000000000000000021E-03 1.000000000000000021E-03 1.000000000000000021E-03 1.000000000000000021E-03 1.000000000000000021E-03 1.000000000000000021E-03 1.000000000000000021E-03 1.000000000000000021E-03 1.000000000000000021E-03 1.000000000000000021E-03 1.000000000000000021E-03 1.000000000000000021E-03 1.000000000000000021E-03 1.000000000000000021E-03 1.000000000000000021E-03 1.000000000000000021E-03 1.000000000000000021E-03 1.000000000000000021E-03 1.000000000000000021E-03 1.000000000000000021E-03 1.000000000000000021E-03 1.000000000000000021E-03 1.000000000000000021E-03 1.000000000000000021E-03 1.000000000000000021E-03
1.000000000000000021E-03 1.000000000000000021E-03 1.000000000000000021E-03 1.000000000000000021E-03 1.000000000000000021E-03 1.000000000000000021E-03 1.000000000000000021E-03 1.000000000000000021E-03 1.000000000000000021E-03 1.000000000000000021E-03 1.000000000000000021E-03 1.000000000000000021E-03 1.000000000000000021E-03 1.000000000000000021E-03 1.000000000000000021E-03 1.000000000000000021E-03 1.000000000000000021E-03 1.000000000000000021E-03 1.000000000000000021E-03 1.000000000000000021E-03 1.000000000000000021E-03 1.000000000000000021E-03 1.000000000000000021E-03 1.000000000000000021E-03 1.000000000000000021E-03 1.000000000000000021E-03 1.000000000000000021E-03 1.000000000000000021E-03 1.000000000000000021E-03 1.000000000000000021E-03 1.000000000000000021E-03 1.000000000000000021E-03 1.000000000000000021E-03 1.000000000000000021E-03 1.000000000000000021E-03 1.000000000000000021E-03 1.000000000000000021E-03 1.000000000000000021E-03 1.000000000000000021E-03 1.000000000000000021E-03 1.000000000000000021E-03 1.000000000000000021E-03 1.000000000000000021E-03 1.000000000000000021E-03 1.000000000000000021E-03 1.000000000000000021E-03 1.000000000000000021E-03 1.000000000000000021E-03 1.000000000000000021E-03 1.000000000000000021E-03 1.000000000000000021E-03 1.000000000000000021E-03 1.000000000000000021E-03 1.000000000000000021E-03 1.000000000000000021E-03 1.000000000000000021E-03 1.000000000000000021E-03 1.000000000000000021E-03 1.000000000000000021E-03 1.000000000000000021E-03 1.000000000000000021E-03 1.000000000000000021E-03 1.000000000000000021E-03 1.000000000000000021E-03 1.000000000000000021E-03 1.000000000000000021E-03 1.000000000000000021E-03 1.000000000000000021E-03 1.000000000000000021E-03 1.000000000000000021E-03 1.000000000000000021E-03 1.000000000000000021E-03 1.000000000000000021E-03 1.000000000000000021E-03 1.000000000000000021E-03 1.000000000000000021E-03 1.000000000000000021E-03 1.000000000000000021E-03 1.000000000000000021E-03 1.000000000000000021E-03 1.000000000000000021E-03 1.000000000000000021E-03 1.000000000000000021E-03 1.000000000000000021E-03 1.000000000000000021E-03 1.000000000000000021E-03 1.000000000000000021E-03 1.000000000000000021E-03 1.000000000000000021E-03 1.000000000000000021E-03 1.000000000000000021E-03 1.000000000000000021E-03 1.000000000000000021E-03 1.000000000000000021E-03 1.000000000000000021E-03 9.254978534376270523E-04 1.077351883767539015E-03 1.157942265825795966E-03 1.061753826421195932E-03 1.084337478993476281E-03 1.168249223638473736E-03 1.424029917549145870E-03 1.000000000000000021E-03 1.000000000000000021E-03 1.000000000000000021E-03 1.000000000000000021E-03 1.000000000000000021E-03 1.000000000000000021E-03 1.000000000000000021E-03 1.000000000000000021E-03 1.000000000000000021E-03 1.000000000000000021E-03 1.000000000000000021E-03 1.000000000000000021E-03 1.000000000000000021E-03 1.000000000000000021E-03 1.000000000000000021E-03 1.000000000000000021E-03 1.000000000000000021E-03 1.000000000000000021E-03 1.000000000000000021E-03 1.000000000000000021E-03 1.000000000000000021E-03 1.000000000000000021E-03 1.000000000000000021E-03 1.000000000000000021E-03 1.000000000000000021E-03 1.000000000000000021E-03 1.000000000000000021E-03 1.000000000000000021E-03 1.000000000000000021E-03 1.000000000000000021E-03 1.000000000000000021E-03 1.000000000000000021E-03 1.000000000000000021E-03 1.000000000000000021E-03 1.000000000000000021E-03 1.000000000000000021E-03 1.000000000000000021E-03 1.000000000000000021E-03 1.000000000000000021E-03 1.000000000000000021E-03 1.000000000000000021E-03 1.000000000000000021E-03 1.000000000000000021E-03 1.000000000000000021E-03 1.000000000000000021E-03 1.000000000000000021E-03 1.000000000000000021E-03 1.000000000000000021E-03 1.000000000000000021E-03
1.000000000000000021E-03 1.000000000000000021E-03 1.000000000000000021E-03 1.000000000000000021E-03 1.000000000000000021E-03 1.000000000000000021E-03 1.000000000000000021E-03 1.000000000000000021E-03 1.000000000000000021E-03 1.000000000000000021E-03 1.000000000000000021E-03 1.000000000000000021E-03 1.000000000000000021E-03 1.000000000000000021E-03 1.000000000000000021E-03 1.000000000000000021E-03 1.000000000000000021E-03 1.000000000000000021E-03 1.000000000000000021E-03 1.000000000000000021E-03 1.000000000000000021E-03 1.000000000000000021E-03 1.000000000000000021E-03 1.000000000000000021E-03 1.000000000000000021E-03 1.000000000000000021E-03 1.000000000000000021E-03 1.000000000000000021E-03 1.000000000000000021E-03 1.000000000000000021E-03 1.000000000000000021E-03 1.000000000000000021E-03 1.000000000000000021E-03 1.000000000000000021E-03 1.000000000000000021E-03 1.000000000000000021E-03 1.000000000000000021E-03 1.000000000000000021E-03 1.000000000000000021E-03 1.000000000000000021E-03 1.000000000000000021E-03 1.000000000000000021E-03 1.000000000000000021E-03 1.000000000000000021E-03 1.000000000000000021E-03 1.000000000000000021E-03 1.000000000000000021E-03 1.000000000000000021E-03 1.000000000000000021E-03 1.000000000000000021E-03 1.000000000000000021E-03 1.000000000000000021E-03 1.000000000000000021E-03 1.000000000000000021E-03 1.000000000000000021E-03 1.000000000000000021E-03 1.000000000000000021E-03 1.000000000000000021E-03 1.000000000000000021E-03 1.000000000000000021E-03 1.000000000000000021E-03 1.000000000000000021E-03 1.000000000000000021E-03 1.000000000000000021E-03 1.000000000000000021E-03 1.000000000000000021E-03 1.000000000000000021E-03 1.000000000000000021E-03 1.000000000000000021E-03 1.000000000000000021E-03 1.000000000000000021E-03 1.000000000000000021E-03 1.000000000000000021E-03 1.000000000000000021E-03 1.000000000000000021E-03 1.000000000000000021E-03 1.000000000000000021E-03 1.000000000000000021E-03 1.000000000000000021E-03 1.000000000000000021E-03 1.000000000000000021E-03 1.000000000000000021E-03 1.000000000000000021E-03 1.000000000000000021E-03 1.000000000000000021E-03 1.000000000000000021E-03 1.000000000000000021E-03 1.000000000000000021E-03 1.000000000000000021E-03 1.000000000000000021E-03 1.000000000000000021E-03 1.000000000000000021E-03 1.000000000000000021E-03 1.000000000000000021E-03 1.000000000000000021E-03 1.147326176267654064E-03 1.440717850045775301E-03 1.148007989200747940E-03 1.044207627340834567E-03 1.137706509682420014E-03 1.476034432851320091E-03 1.257437834204293671E-03 1.000000000000000021E-03 1.000000000000000021E-03 1.000000000000000021E-03 1.000000000000000021E-03 1.000000000000000021E-03 1.000000000000000021E-03 1.000000000000000021E-03 1.000000000000000021E-03 1.000000000000000021E-03 1.000000000000000021E-03 1.000000000000000021E-03 1.000000000000000021E-03 1.000000000000000021E-03 1.000000000000000021E-03 1.000000000000000021E-03 1.000000000000000021E-03 1.000000000000000021E-03 1.000000000000000021E-03 1.000000000000000021E-03 1.000000000000000021E-03 1.000000000000000021E-03 1.000000000000000021E-03 1.000000000000000021E-03 1.000000000000000021E-03 1.000000000000000021E-03 1.000000000000000021E-03 1.000000000000000021E-03 1.000000000000000021E-03 1.000000000000000021E-03 1.000000000000000021E-03 1.000000000000000021E-03 1.000000000000000021E-03 1.000000000000000021E-03 1.000000000000000021E-03 1.000000000000000021E-03 1.000000000000000021E-03 1.000000000000000021E-03 1.000000000000000021E-03 1.000000000000000021E-03 1.000000000000000021E-03 1.000000000000000021E-03 1.000000000000000021E-03 1.000000000000000021E-03 1.000000000000000021E-03 1.000000000000000021E-03 1.000000000000000021E-03 1.000000000000000021E-03 1.000000000000000021E-03 1.000000000000000021E-03
1.000000000000000021E-03 1.000000000000000021E-03 1.000000000000000021E-03 1.000000000000000021E-03 1.000000000000000021E-03 1.000000000000000021E-03 1.000000000000000021E-03 1.000000000000000021E-03 1.000000000000000021E-03 1.000000000000000021E-03 1.000000000000000021E-03 1.000000000000000021E-03 1.000000000000000021E-03 1.000000000000000021E-03 1.000000000000000021E-03 1.000000000000000021E-03 1.000000000000000021E-03 1.000000000000000021E-03 1.000000000000000021E-03 1.000000000000000021E-03 1.000000000000000021E-03 1.000000000000000021E-03 1.000000000000000021E-03 1.000000000000000021E-03 1.000000000000000021E-03 1.000000000000000021E-03 1.000000000000000021E-03 1.000000000000000021E-03 1.000000000000000021E-03 1.000000000000000021E-03 1.000000000000000021E-03 1.000000000000000021E-03 1.000000000000000021E-03 1.000000000000000021E-03 1.000000000000000021E-03 1.000000000000000021E-03 1.000000000000000021E-03 1.000000000000000021E-03 1.000000000000000021E-03 1.000000000000000021E-03 1.000000000000000021E-03 1.000000000000000021E-03 1.000000000000000021E-03 1.000000000000000021E-03 1.000000000000000021E-03 1.000000000000000021E-03 1.000000000000000021E-03 1.000000000000000021E-03 1.000000000000000021E-03 1.000000000000000021E-03 1.000000000000000021E-03 1.000000000000000021E-03 1.000000000000000021E-03 1.000000000000000021E-03 1.000000000000000021E-03 1.000000000000000021E-03 1.000000000000000021E-03 1.000000000000000021E-03 1.000000000000000021E-03 1.000000000000000021E-03 1.000000000000000021E-03 1.000000000000000021E-03 1.000000000000000021E-03 1.000000000000000021E-03 1.000000000000000021E-03 1.000000000000000021E-03 1.000000000000000021E-03 1.000000000000000021E-03 1.000000000000000021E-03 1.000000000000000021E-03 1.000000000000000021E-03 1.000000000000000021E-03 1.000000000000000021E-03 1.000000000000000021E-03 1.000000000000000021E-03 1.000000000000000021E-03 1.000000000000000021E-03 1.000000000000000021E-03 1.000000000000000021E-03 1.000000000000000021E-03 1.000000000000000021E-03 1.000000000000000021E-03 1.000000000000000021E-03 1.000000000000000021E-03 1.000000000000000021E-03 1.000000000000000021E-03 1.000000000000000021E-03 1.000000000000000021E-03 1.000000000000000021E-03 1.000000000000000021E-03 1.000000000000000021E-03 1.000000000000000021E-03 1.000000000000000021E-03 1.000000000000000021E-03 1.000000000000000021E-03 1.059162796101510880E-03 1.312238166559679753E-03 1.013536848787424671E-03 9.429163964652461814E-04 1.013646974367943309E-03 1.306033785968728966E-03 1.272705449126497771E-03 1.000000000000000021E-03 1.000000000000000021E-03 1.000000000000000021E-03 1.000000000000000021E-03 1.000000000000000021E-03 1.000000000000000021E-03 1.000000000000000021E-03 1.000000000000000021E-03 1.000000000000000021E-03 1.000000000000000021E-03 1.000000000000000021E-03 1.000000000000000021E-03 1.000000000000000021E-03 1.000000000000000021E-03 1.000000000000000021E-03 1.000000000000000021E-03 1.000000000000000021E-03 1.000000000000000021E-03 1.000000000000000021E-03 1.000000000000000021E-03 1.000000000000000021E-03 1.000000000000000021E-03 1.000000000000000021E-03 1.000000000000000021E-03 1.000000000000000021E-03 1.000000000000000021E-03 1.000000000000000021E-03 1.000000000000000021E-03 1.000000000000000021E-03 1.000000000000000021E-03 1.000000000000000021E-03 1.000000000000000021E-03 1.000000000000000021E-03 1.000000000000000021E-03 1.000000000000000021E-03 1.000000000000000021E-03 1.000000000000000021E-03 1.000000000000000021E-03 1.000000000000000021E-03 1.000000000000000021E-03 1.000000000000000021E-03 1.000000000000000021E-03 1.000000000000000021E-03 1.000000000000000021E-03 1.000000000000000021E-03 1.000000000000000021E-03 1.000000000000000021E-03 1.000000000000000021E-03 1.000000000000000021E-03
1.000000000000000021E-03 1.000000000000000021E-03 1.000000000000000021E-03 1.000000000000000021E-03 1.000000000000000021E-03 1.000000000000000021E-03 1.000000000000000021E-03 1.000000000000000021E-03 1.000000000000000021E-03 1.000000000000000021E-03 1.000000000000000021E-03 1.000000000000000021E-03 1.000000000000000021E-03 1.000000000000000021E-03 1.000000000000000021E-03 1.000000000000000021E-03 1.000000000000000021E-03 1.000000000000000021E-03 1.000000000000000021E-03 1.000000000000000021E-03 1.000000000000000021E-03 1.000000000000000021E-03 1.000000000000000021E-03 1.000000000000000021E-03 1.000000000000000021E-03 1.000000000000000021E-03 1.000000000000000021E-03 1.000000000000000021E-03 1.000000000000000021E-03 1.000000000000000021E-03 1.000000000000000021E-03 1.000000000000000021E-03 1.000000000000000021E-03 1.000000000000000021E-03 1.000000000000000021E-03 1.000000000000000021E-03 1.000000000000000021E-03 1.000000000000000021E-03 1.000000000000000021E-03 1.000000000000000021E-03 1.000000000000000021E-03 1.000000000000000021E-03 1.000000000000000021E-03 1.000000000000000021E-03 1.000000000000000021E-03 1.000000000000000021E-03 1.000000000000000021E-03 1.000000000000000021E-03 1.000000000000000021E-03 1.000000000000000021E-03 1.000000000000000021E-03 1.000000000000000021E-03 1.000000000000000021E-03 1.000000000000000021E-03 1.000000000000000021E-03 1.000000000000000021E-03 1.000000000000000021E-03 1.000000000000000021E-03 1.000000000000000021E-03 1.000000000000000021E-03 1.000000000000000021E-03 1.000000000000000021E-03 1.000000000000000021E-03 1.000000000000000021E-03 1.000000000000000021E-03 1.000000000000000021E-03 1.000000000000000021E-03 1.000000000000000021E-03 1.000000000000000021E-03 1.000000000000000021E-03 1.000000000000000021E-03 1.000000000000000021E-03 1.000000000000000021E-03 1.000000000000000021E-03 1.000000000000000021E-03 1.000000000000000021E-03 1.000000000000000021E-03 1.000000000000000021E-03 1.000000000000000021E-03 1.000000000000000021E-03 1.000000000000000021E-03 1.000000000000000021E-03 1.000000000000000021E-03 1.000000000000000021E-03 1.000000000000000021E-03 1.000000000000000021E-03 1.000000000000000021E-03 1.000000000000000021E-03 1.000000000000000021E-03 1.000000000000000021E-03 1.000000000000000021E-03 1.000000000000000021E-03 1.000000000000000021E-03 1.000000000000000021E-03 1.000000000000000021E-03 1.234685715030470069E-03 1.128549494463723830E-03 1.169298719328908543E-03 9.643582857401844554E-04 1.085924454868491228E-03 1.233382539760122113E-03 1.181118944530272236E-03 1.000000000000000021E-03 1.000000000000000021E-03 1.000000000000000021E-03 1.000000000000000021E-03 1.000000000000000021E-03 1.000000000000000021E-03 1.000000000000000021E-03 1.000000000000000021E-03 1.000000000000000021E-03 1.000000000000000021E-03 1.000000000000000021E-03 1.000000000000000021E-03 1.000000000000000021E-03 1.000000000000000021E-03 1.000000000000000021E-03 1.000000000000000021E-03 1.000000000000000021E-03 1.000000000000000021E-03 1.000000000000000021E-03 1.000000000000000021E-03 1.000000000000000021E-03 1.000000000000000021E-03 1.000000000000000021E-03 1.000000000000000021E-03 1.000000000000000021E-03 1.000000000000000021E-03 1.000000000000000021E-03 1.000000000000000021E-03 1.000000000000000021E-03 1.000000000000000021E-03 1.000000000000000021E-03 1.000000000000000021E-03 1.000000000000000021E-03 1.000000000000000021E-03 1.000000000000000021E-03 1.000000000000000021E-03 1.000000000000000021E-03 1.000000000000000021E-03 1.000000000000000021E-03 1.000000000000000021E-03 1.000000000000000021E-03 1.000000000000000021E-03 1.000000000000000021E-03 1.000000000000000021E-03 1.000000000000000021E-03 1.000000000000000021E-03 1.000000000000000021E-03 1.000000000000000021E-03 1.000000000000000021E-03
1.000000000000000021E-03 1.000000000000000021E-03 1.000000000000000021E-03 1.000000000000000021E-03 1.000000000000000021E-03 1.000000000000000021E-03 1.000000000000000021E-03 1.000000000000000021E-03 1.000000000000000021E-03 1.000000000000000021E-03 1.000000000000000021E-03 1.000000000000000021E-03 1.000000000000000021E-03 1.000000000000000021E-03 1.000000000000000021E-03 1.000000000000000021E-03 1.000000000000000021E-03 1.000000000000000021E-03 1.000000000000000021E-03 1.000000000000000021E-03 1.000000000000000021E-03 1.000000000000000021E-03 1.000000000000000021E-03 1.000000000000000021E-03 1.000000000000000021E-03 1.000000000000000021E-03 1.000000000000000021E-03 1.000000000000000021E-03 1.000000000000000021E-03 1.000000000000000021E-03 1.000000000000000021E-03 1.000000000000000021E-03 1.000000000000000021E-03 1.000000000000000021E-03 1.000000000000000021E-03 1.000000000000000021E-03 1.000000000000000021E-03 1.000000000000000021E-03 1.000000000000000021E-03 1.000000000000000021E-03 1.000000000000000021E-03 1.000000000000000021E-03 1.000000000000000021E-03 1.000000000000000021E-03 1.000000000000000021E-03 1.000000000000000021E-03 1.000000000000000021E-03 1.000000000000000021E-03 1.000000000000000021E-03 1.000000000000000021E-03 1.000000000000000021E-03 1.000000000000000021E-03 1.000000000000000021E-03 1.000000000000000021E-03 1.000000000000000021E-03 1.000000000000000021E-03 1.000000000000000021E-03 1.000000000000000021E-03 1.000000000000000021E-03 1.000000000000000021E-03 1.000000000000000021E-03 1.000000000000000021E-03 1.000000000000000021E-03 1.000000000000000021E-03 1.000000000000000021E-03 1.000000000000000021E-03 1.000000000000000021E-03 1.000000000000000021E-03 1.000000000000000021E-03 1.000000000000000021E-03 1.000000000000000021E-03 1.000000000000000021E-03 1.000000000000000021E-03 1.000000000000000021E-03 1.000000000000000021E-03 1.000000000000000021E-03 1.000000000000000021E-03 1.000000000000000021E-03 1.000000000000000021E-03 1.000000000000000021E-03 1.000000000000000021E-03 1.000000000000000021E-03 1.000000000000000021E-03 1.000000000000000021E-03 1.000000000000000021E-03 1.000000000000000021E-03 1.000000000000000021E-03 1.000000000000000021E-03 1.000000000000000021E-03 1.000000000000000021E-03 1.000000000000000021E-03 1.000000000000000021E-03 1.000000000000000021E-03 1.000000000000000021E-03 1.000000000000000021E-03 9.614787371852385111E-04 1.104594933425707580E-03 1.155447456436325352E-03 1.026949164735452367E-03 1.276655549140298359E-03 1.391763510412500965E-03 1.000000000000000021E-03 1.000000000000000021E-03 1.000000000000000021E-03 1.000000000000000021E-03 1.000000000000000021E-03 1.000000000000000021E-03 1.000000000000000021E-03 1.000000000000000021E-03 1.000000000000000021E-03 1.000000000000000021E-03 1.000000000000000021E-03 1.000000000000000021E-03 1.000000000000000021E-03 1.000000000000000021E-03 1.000000000000000021E-03 1.000000000000000021E-03 1.000000000000000021E-03 1.000000000000000021E-03 1.000000000000000021E-03 1.000000000000000021E-03 1.000000000000000021E-03 1.000000000000000021E-03 1.000000000000000021E-03 1.000000000000000021E-03 1.000000000000000021E-03 1.000000000000000021E-03 1.000000000000000021E-03 1.000000000000000021E-03 1.000000000000000021E-03 1.000000000000000021E-03 1.000000000000000021E-03 1.000000000000000021E-03 1.000000000000000021E-03 1.000000000000000021E-03 1.000000000000000021E-03 1.000000000000000021E-03 1.000000000000000021E-03 1.000000000000000021E-03 1.000000000000000021E-03 1.000000000000000021E-03 1.000000000000000021E-03 1.000000000000000021E-03 1.000000000000000021E-03 1.000000000000000021E-03 1.000000000000000021E-03 1.000000000000000021E-03 1.000000000000000021E-03 1.000000000000000021E-03 1.000000000000000021E-03 1.000000000000000021E-03
1.000000000000000021E-03 1.000000000000000021E-03 1.000000000000000021E-03 1.000000000000000021E-03 1.000000000000000021E-03 1.000000000000000021E-03 1.000000000000000021E-03 1.000000000000000021E-03 1.000000000000000021E-03 1.000000000000000021E-03 1.000000000000000021E-03 1.000000000000000021E-03 1.000000000000000021E-03 1.000000000000000021E-03 1.000000000000000021E-03 1.000000000000000021E-03 1.000000000000000021E-03 1.000000000000000021E-03 1.000000000000000021E-03 1.000000000000000021E-03 1.000000000000000021E-03 1.000000000000000021E-03 1.000000000000000021E-03 1.000000000000000021E-03 1.000000000000000021E-03 1.000000000000000021E-03 1.000000000000000021E-03 1.000000000000000021E-03 1.000000000000000021E-03 1.000000000000000021E-03 1.000000000000000021E-03 1.000000000000000021E-03 1.000000000000000021E-03 1.000000000000000021E-03 1.000000000000000021E-03 1.000000000000000021E-03 1.000000000000000021E-03 1.000000000000000021E-03 1.000000000000000021E-03 1.000000000000000021E-03 1.000000000000000021E-03 1.000000000000000021E-03 1.000000000000000021E-03 1.000000000000000021E-03 1.000000000000000021E-03 1.000000000000000021E-03 1.000000000000000021E-03 1.000000000000000021E-03 1.000000000000000021E-03 1.000000000000000021E-03 1.000000000000000021E-03 1.000000000000000021E-03 1.000000000000000021E-03 1.000000000000000021E-03 1.000000000000000021E-03 1.000000000000000021E-03 1.000000000000000021E-03 1.000000000000000021E-03 1.000000000000000021E-03 1.000000000000000021E-03 1.000000000000000021E-03 1.000000000000000021E-03 1.000000000000000021E-03 1.000000000000000021E-03 1.000000000000000021E-03 1.000000000000000021E-03 1.000000000000000021E-03 1.000000000000000021E-03 1.000000000000000021E-03 1.000000000000000021E-03 1.000000000000000021E-03 1.000000000000000021E-03 1.000000000000000021E-03 1.000000000000000021E-03 1.000000000000000021E-03 1.000000000000000021E-03 1.000000000000000021E-03 1.000000000000000021E-03 1.000000000000000021E-03 1.000000000000000021E-03 1.000000000000000021E-03 1.000000000000000021E-03 1.000000000000000021E-03 1.000000000000000021E-03 1.000000000000000021E-03 1.000000000000000021E-03 1.000000000000000021E-03 1.000000000000000021E-03 1.000000000000000021E-03 1.000000000000000021E-03 1.000000000000000021E-03 1.000000000000000021E-03 1.000000000000000021E-03 1.000000000000000021E-03 1.000000000000000021E-03 9.545069360908379130E-04 9.574943056408432868E-04 1.081574911296135635E-03 1.299853024675782804E-03 1.411603892741139033E-03 1.357509941450365382E-03 1.000000000000000021E-03 1.000000000000000021E-03 1.000000000000000021E-03 1.000000000000000021E-03 1.000000000000000021E-03 1.000000000000000021E-03 1.000000000000000021E-03 1.000000000000000021E-03 1.000000000000000021E-03 1.000000000000000021E-03 1.000000000000000021E-03 1.000000000000000021E-03 1.000000000000000021E-03 1.000000000000000021E-03 1.000000000000000021E-03 1.000000000000000021E-03 1.000000000000000021E-03 1.000000000000000021E-03 1.000000000000000021E-03 1.000000000000000021E-03 1.000000000000000021E-03 1.000000000000000021E-03 1.000000000000000021E-03 1.000000000000000021E-03 1.000000000000000021E-03 1.000000000000000021E-03 1.000000000000000021E-03 1.000000000000000021E-03 1.000000000000000021E-03 1.000000000000000021E-03 1.000000000000000021E-03 1.000000000000000021E-03 1.000000000000000021E-03 1.000000000000000021E-03 1.000000000000000021E-03 1.000000000000000021E-03 1.000000000000000021E-03 1.000000000000000021E-03 1.000000000000000021E-03 1.000000000000000021E-03 1.000000000000000021E-03 1.000000000000000021E-03 1.000000000000000021E-03 1.000000000000000021E-03 1.000000000000000021E-03 1.000000000000000021E-03 1.000000000000000021E-03 1.000000000000000021E-03 1.000000000000000021E-03 1.000000000000000021E-03
1.000000000000000021E-03 1.000000000000000021E-03 1.000000000000000021E-03 1.000000000000000021E-03 1.000000000000000021E-03 1.000000000000000021E-03 1.000000000000000021E-03 1.000000000000000021E-03 1.000000000000000021E-03 1.000000000000000021E-03 1.000000000000000021E-03 1.000000000000000021E-03 1.000000000000000021E-03 1.000000000000000021E-03 1.000000000000000021E-03 1.000000000000000021E-03 1.000000000000000021E-03 1.000000000000000021E-03 1.000000000000000021E-03 1.000000000000000021E-03 1.000000000000000021E-03 1.000000000000000021E-03 1.000000000000000021E-03 1.000000000000000021E-03 1.000000000000000021E-03 1.000000000000000021E-03 1.000000000000000021E-03 1.000000000000000021E-03 1.000000000000000021E-03 1.000000000000000021E-03 1.000000000000000021E-03 1.000000000000000021E-03 1.000000000000000021E-03 1.000000000000000021E-03 1.000000000000000021E-03 1.000000000000000021E-03 1.000000000000000021E-03 1.000000000000000021E-03 1.000000000000000021E-03 1.000000000000000021E-03 1.000000000000000021E-03 1.000000000000000021E-03 1.000000000000000021E-03 1.000000000000000021E-03 1.000000000000000021E-03 1.000000000000000021E-03 1.000000000000000021E-03 1.000000000000000021E-03 1.000000000000000021E-03 1.000000000000000021E-03 1.000000000000000021E-03 1.000000000000000021E-03 1.000000000000000021E-03 1.000000000000000021E-03 1.000000000000000021E-03 1.000000000000000021E-03 1.000000000000000021E-03 1.000000000000000021E-03 1.000000000000000021E-03 1.000000000000000021E-03 1.000000000000000021E-03 1.000000000000000021E-03 1.000000000000000021E-03 1.000000000000000021E-03 1.000000000000000021E-03 1.000000000000000021E-03 1.000000000000000021E-03 1.000000000000000021E-03 1.000000000000000021E-03 1.000000000000000021E-03 1.000000000000000021E-03 1.000000000000000021E-03 1.000000000000000021E-03 1.000000000000000021E-03 1.000000000000000021E-03 1.000000000000000021E-03 1.000000000000000021E-03 1.000000000000000021E-03 1.000000000000000021E-03 1.000000000000000021E-03 1.000000000000000021E-03 1.000000000000000021E-03 1.000000000000000021E-03 1.000000000000000021E-03 1.000000000000000021E-03 1.000000000000000021E-03 1.000000000000000021E-03 1.000000000000000021E-03 1.000000000000000021E-03 1.000000000000000021E-03 1.000000000000000021E-03 1.000000000000000021E-03 1.000000000000000021E-03 1.000000000000000021E-03 1.000000000000000021E-03 1.035087349509801599E-03 9.488934929038787608E-04 1.143874396456319832E-03 1.507459092501068276E-03 1.347469597898404842E-03 1.427597229168296386E-03 1.000000000000000021E-03 1.000000000000000021E-03 1.000000000000000021E-03 1.000000000000000021E-03 1.000000000000000021E-03 1.000000000000000021E-03 1.000000000000000021E-03 1.000000000000000021E-03 1.000000000000000021E-03 1.000000000000000021E-03 1.000000000000000021E-03 1.000000000000000021E-03 1.000000000000000021E-03 1.000000000000000021E-03 1.000000000000000021E-03 1.000000000000000021E-03 1.000000000000000021E-03 1.000000000000000021E-03 1.000000000000000021E-03 1.000000000000000021E-03 1.000000000000000021E-03 1.000000000000000021E-03 1.000000000000000021E-03 1.000000000000000021E-03 1.000000000000000021E-03 1.000000000000000021E-03 1.000000000000000021E-03 1.000000000000000021E-03 1.000000000000000021E-03 1.000000000000000021E-03 1.000000000000000021E-03 1.000000000000000021E-03 1.000000000000000021E-03 1.000000000000000021E-03 1.000000000000000021E-03 1.000000000000000021E-03 1.000000000000000021E-03 1.000000000000000021E-03 1.000000000000000021E-03 1.000000000000000021E-03 1.000000000000000021E-03 1.000000000000000021E-03 1.000000000000000021E-03 1.000000000000000021E-03 1.000000000000000021E-03 1.000000000000000021E-03 1.000000000000000021E-03 1.000000000000000021E-03 1.000000000000000021E-03 1.000000000000000021E-03
1.000000000000000021E-03 1.000000000000000021E-03 1.000000000000000021E-03 1.000000000000000021E-03 1.000000000000000021E-03 1.000000000000000021E-03 1.000000000000000021E-03 1.000000000000000021E-03 1.000000000000000021E-03 1.000000000000000021E-03 1.000000000000000021E-03 1.000000000000000021E-03 1.000000000000000021E-03 1.000000000000000021E-03 1.000000000000000021E-03 1.000000000000000021E-03 1.000000000000000021E-03 1.000000000000000021E-03 1.000000000000000021E-03 1.000000000000000021E-03 1.000000000000000021E-03 1.000000000000000021E-03 1.000000000000000021E-03 1.000000000000000021E-03 1.000000000000000021E-03 1.000000000000000021E-03 1.000000000000000021E-03 1.000000000000000021E-03 1.000000000000000021E-03 1.000000000000000021E-03 1.000000000000000021E-03 1.000000000000000021E-03 1.000000000000000021E-03 1.000000000000000021E-03 1.000000000000000021E-03 1.000000000000000021E-03 1.000000000000000021E-03 1.000000000000000021E-03 1.000000000000000021E-03 1.000000000000000021E-03 1.000000000000000021E-03 1.000000000000000021E-03 1.000000000000000021E-03 1.000000000000000021E-03 1.000000000000000021E-03 1.000000000000000021E-03 1.000000000000000021E-03 1.000000000000000021E-03 1.000000000000000021E-03 1.000000000000000021E-03 1.000000000000000021E-03 1.000000000000000021E-03 1.000000000000000021E-03 1.000000000000000021E-03 1.000000000000000021E-03 1.000000000000000021E-03 1.000000000000000021E-03 1.000000000000000021E-03 1.000000000000000021E-03 1.000000000000000021E-03 1.000000000000000021E-03 1.000000000000000021E-03 1.000000000000000021E-03 1.000000000000000021E-03 1.000000000000000021E-03 1.000000000000000021E-03 1.000000000000000021E-03 1.000000000000000021E-03 1.000000000000000021E-03 1.000000000000000021E-03 1.000000000000000021E-03 1.000000000000000021E-03 1.000000000000000021E-03 1.000000000000000021E-03 1.000000000000000021E-03 1.000000000000000021E-03 1.000000000000000021E-03 1.000000000000000021E-03 1.000000000000000021E-03 1.000000000000000021E-03 1.000000000000000021E-03 1.000000000000000021E-03 1.000000000000000021E-03 1.000000000000000021E-03 1.000000000000000021E-03 1.000000000000000021E-03 1.000000000000000021E-03 1.000000000000000021E-03 1.000000000000000021E-03 1.000000000000000021E-03 1.000000000000000021E-03 1.000000000000000021E-03 1.000000000000000021E-03 1.000000000000000021E-03 1.000000000000000021E-03 9.726715660721559856E-04 9.458643427670748510E-04 1.110576934307375228E-03 1.162523198794511393E-03 1.056087774409013302E-03 1.211842250099243266E-03 1.000000000000000021E-03 1.000000000000000021E-03 1.000000000000000021E-03 1.000000000000000021E-03 1.000000000000000021E-03 1.000000000000000021E-03 1.000000000000000021E-03 1.000000000000000021E-03 1.000000000000000021E-03 1.000000000000000021E-03 1.000000000000000021E-03 1.000000000000000021E-03 1.000000000000000021E-03 1.000000000000000021E-03 1.000000000000000021E-03 1.000000000000000021E-03 1.000000000000000021E-03 1.000000000000000021E-03 1.000000000000000021E-03 1.000000000000000021E-03 1.000000000000000021E-03 1.000000000000000021E-03 1.000000000000000021E-03 1.000000000000000021E-03 1.000000000000000021E-03 1.000000000000000021E-03 1.000000000000000021E-03 1.000000000000000021E-03 1.000000000000000021E-03 1.000000000000000021E-03 1.000000000000000021E-03 1.000000000000000021E-03 1.000000000000000021E-03 1.000000000000000021E-03 1.000000000000000021E-03 1.000000000000000021E-03 1.000000000000000021E-03 1.000000000000000021E-03 1.000000000000000021E-03 1.000000000000000021E-03 1.000000000000000021E-03 1.000000000000000021E-03 1.000000000000000021E-03 1.000000000000000021E-03 1.000000000000000021E-03 1.000000000000000021E-03 1.000000000000000021E-03 1.000000000000000021E-03 1.000000000000000021E-03 1.000000000000000021E-03
