1.000000000000000021E-03 1.000000000000000021E-03 1.000000000000000021E-03 1.000000000000000021E-03 1.000000000000000021E-03 1.000000000000000021E-03 1.000000000000000021E-03 1.000000000000000021E-03 1.000000000000000021E-03 1.000000000000000021E-03 1.000000000000000021E-03 1.000000000000000021E-03 1.000000000000000021E-03 1.000000000000000021E-03 1.000000000000000021E-03 1.000000000000000021E-03 1.000000000000000021E-03 1.000000000000000021E-03 1.000000000000000021E-03 1.000000000000000021E-03 1.000000000000000021E-03 1.000000000000000021E-03 1.000000000000000021E-03 1.000000000000000021E-03 1.000000000000000021E-03 1.000000000000000021E-03 1.000000000000000021E-03 1.000000000000000021E-03 1.000000000000000021E-03 1.000000000000000021E-03 1.000000000000000021E-03 1.000000000000000021E-03 1.000000000000000021E-03 1.000000000000000021E-03 1.000000000000000021E-03 1.000000000000000021E-03 1.000000000000000021E-03 1.000000000000000021E-03 1.000000000000000021E-03 1.000000000000000021E-03 1.000000000000000021E-03 1.000000000000000021E-03 1.000000000000000021E-03 1.000000000000000021E-03 1.000000000000000021E-03 1.000000000000000021E-03 1.000000000000000021E-03 1.000000000000000021E-03 1.000000000000000021E-03 1.000000000000000021E-03 1.000000000000000021E-03 1.000000000000000021E-03 1.000000000000000021E-03 1.000000000000000021E-03 1.000000000000000021E-03 1.000000000000000021E-03 1.000000000000000021E-03 1.000000000000000021E-03 1.000000000000000021E-03 6.754413750610943103E-04 7.157829505126897009E-04 5.490962249057765136E-04 4.855517935600394308E-04 6.249142216145848246E-04 7.198966389704972071E-04 6.472428693343552832E-04 6.442915873991497894E-04 6.286322044603623316E-04 6.698554997897797824E-04 6.213639670706518504E-04 4.714392304356477062E-04 6.322323079007302355E-04 7.067447690673196291E-04 7.901514734123568466E-04 7.701214420109059799E-04 7.821854191073180978E-04 7.972009962266066044E-04 7.756232840929039567E-04 8.311388205412377495E-04 1.028866408737104084E-03 9.283810101141336387E-04 9.779366038168719327E-04 1.000000000000000021E-03 1.000000000000000021E-03 1.000000000000000021E-03 1.000000000000000021E-03 1.000000000000000021E-03 1.000000000000000021E-03 1.000000000000000021E-03 1.000000000000000021E-03 1.000000000000000021E-03 1.000000000000000021E-03 1.000000000000000021E-03 1.000000000000000021E-03 1.000000000000000021E-03 1.000000000000000021E-03 1.000000000000000021E-03 1.000000000000000021E-03 1.000000000000000021E-03 1.000000000000000021E-03 1.000000000000000021E-03 1.000000000000000021E-03 1.000000000000000021E-03 1.000000000000000021E-03 1.000000000000000021E-03 1.000000000000000021E-03 1.000000000000000021E-03 1.000000000000000021E-03 1.000000000000000021E-03 1.000000000000000021E-03 1.000000000000000021E-03 1.000000000000000021E-03 1.000000000000000021E-03 1.000000000000000021E-03 1.000000000000000021E-03 1.000000000000000021E-03 1.000000000000000021E-03 1.000000000000000021E-03 1.000000000000000021E-03 1.000000000000000021E-03 1.000000000000000021E-03 1.000000000000000021E-03 1.000000000000000021E-03 1.000000000000000021E-03 1.000000000000000021E-03 1.000000000000000021E-03 1.000000000000000021E-03 1.000000000000000021E-03 1.000000000000000021E-03 1.000000000000000021E-03 1.000000000000000021E-03 1.000000000000000021E-03 1.000000000000000021E-03 1.000000000000000021E-03 1.000000000000000021E-03 1.000000000000000021E-03 1.000000000000000021E-03 1.000000000000000021E-03 1.000000000000000021E-03 1.000000000000000021E-03 1.000000000000000021E-03 1.000000000000000021E-03 1.000000000000000021E-03 1.000000000000000021E-03 1.000000000000000021E-03 1.000000000000000021E-03 1.000000000000000021E-03 1.000000000000000021E-03 1.000000000000000021E-03 1.000000000000000021E-03 1.000000000000000021E-03
1.000000000000000021E-03 1.000000000000000021E-03 1.000000000000000021E-03 1.000000000000000021E-03 1.000000000000000021E-03 1.000000000000000021E-03 1.000000000000000021E-03 1.000000000000000021E-03 1.000000000000000021E-03 1.000000000000000021E-03 1.000000000000000021E-03 1.000000000000000021E-03 1.000000000000000021E-03 1.000000000000000021E-03 1.000000000000000021E-03 1.000000000000000021E-03 1.000000000000000021E-03 1.000000000000000021E-03 1.000000000000000021E-03 1.000000000000000021E-03 1.000000000000000021E-03 1.000000000000000021E-03 1.000000000000000021E-03 1.000000000000000021E-03 1.000000000000000021E-03 1.000000000000000021E-03 1.000000000000000021E-03 1.000000000000000021E-03 1.000000000000000021E-03 1.000000000000000021E-03 1.000000000000000021E-03 1.000000000000000021E-03 1.000000000000000021E-03 1.000000000000000021E-03 1.000000000000000021E-03 1.000000000000000021E-03 1.000000000000000021E-03 1.000000000000000021E-03 1.000000000000000021E-03 1.000000000000000021E-03 1.000000000000000021E-03 1.000000000000000021E-03 1.000000000000000021E-03 1.000000000000000021E-03 1.000000000000000021E-03 1.000000000000000021E-03 1.000000000000000021E-03 1.000000000000000021E-03 1.000000000000000021E-03 1.000000000000000021E-03 1.000000000000000021E-03 1.000000000000000021E-03 1.000000000000000021E-03 1.000000000000000021E-03 1.000000000000000021E-03 1.000000000000000021E-03 1.000000000000000021E-03 1.000000000000000021E-03 8.094020387613853505E-04 5.555823528107247484E-04 5.954298366752821918E-04 5.115954448151526987E-04 4.976735961700955125E-04 5.924777162599097809E-04 6.425665410485227299E-04 7.462128167477764026E-04 7.699337915884325954E-04 6.364200022221113383E-04 5.981129151222591483E-04 5.811024399398108256E-04 5.402424877564369335E-04 6.196561535623285478E-04 6.357835421619903319E-04 7.292198492814405556E-04 7.136485658119022090E-04 6.096780141760700395E-04 7.484275193738947713E-04 7.547493369620122006E-04 7.013617467824715367E-04 6.885416256380968644E-04 8.493940728373416873E-04 1.069459713089395943E-03 1.151854018686589935E-03 9.477472028937514734E-04 1.165237532377695921E-03 9.871675074988298017E-04 9.267261350019716281E-04 9.999235492677157298E-04 1.080704482355702295E-03 1.268257647644994339E-03 1.334181206085770883E-03 1.183514914172917581E-03 1.112843703613321982E-03 9.790635987732014458E-04 1.185023296919910643E-03 1.367549111154533082E-03 1.550620567116929973E-03 1.165263778302613696E-03 1.216308911959178025E-03 1.311391140298576868E-03 9.127843059688832937E-04 9.448392797602990717E-04 7.762338928424547882E-04 9.332220213956406206E-04 9.247463903646800870E-04 8.069218439201320675E-04 8.073889811725186959E-04 6.720770916850539543E-04 7.407011664459898798E-04 7.009531520656114411E-04 6.870876230037395969E-04 5.875945209786485532E-04 6.250946633998883837E-04 7.964626504885618380E-04 1.010714066331906561E-03 9.098678708882613217E-04 9.151639251814494428E-04 8.563526183914100219E-04 1.000000000000000021E-03 1.000000000000000021E-03 1.000000000000000021E-03 1.000000000000000021E-03 1.000000000000000021E-03 1.000000000000000021E-03 1.000000000000000021E-03 1.000000000000000021E-03 1.000000000000000021E-03 1.000000000000000021E-03 1.000000000000000021E-03 1.000000000000000021E-03 1.000000000000000021E-03 1.000000000000000021E-03 1.000000000000000021E-03 1.000000000000000021E-03 1.000000000000000021E-03 1.000000000000000021E-03 1.000000000000000021E-03 1.000000000000000021E-03 1.000000000000000021E-03 1.000000000000000021E-03 1.000000000000000021E-03 1.000000000000000021E-03 1.000000000000000021E-03 1.000000000000000021E-03 1.000000000000000021E-03 1.000000000000000021E-03 1.000000000000000021E-03 1.000000000000000021E-03 1.000000000000000021E-03 1.000000000000000021E-03 1.000000000000000021E-03
1.000000000000000021E-03 1.000000000000000021E-03 1.000000000000000021E-03 1.000000000000000021E-03 1.000000000000000021E-03 1.000000000000000021E-03 1.000000000000000021E-03 1.000000000000000021E-03 1.000000000000000021E-03 1.000000000000000021E-03 1.000000000000000021E-03 1.000000000000000021E-03 1.000000000000000021E-03 1.000000000000000021E-03 1.000000000000000021E-03 1.000000000000000021E-03 1.000000000000000021E-03 1.000000000000000021E-03 1.000000000000000021E-03 1.000000000000000021E-03 1.000000000000000021E-03 1.000000000000000021E-03 1.000000000000000021E-03 1.000000000000000021E-03 1.000000000000000021E-03 1.000000000000000021E-03 1.000000000000000021E-03 1.000000000000000021E-03 1.000000000000000021E-03 1.000000000000000021E-03 1.000000000000000021E-03 1.000000000000000021E-03 1.000000000000000021E-03 1.000000000000000021E-03 1.000000000000000021E-03 1.000000000000000021E-03 1.000000000000000021E-03 1.000000000000000021E-03 1.000000000000000021E-03 1.000000000000000021E-03 1.000000000000000021E-03 1.000000000000000021E-03 1.000000000000000021E-03 1.000000000000000021E-03 1.000000000000000021E-03 1.000000000000000021E-03 1.000000000000000021E-03 1.000000000000000021E-03 1.000000000000000021E-03 1.000000000000000021E-03 1.000000000000000021E-03 1.000000000000000021E-03 1.000000000000000021E-03 1.000000000000000021E-03 1.000000000000000021E-03 1.000000000000000021E-03 8.360387521962395338E-04 8.628732985857822963E-04 7.282746548218094066E-04 5.623662056775391438E-04 5.140149978883083639E-04 6.259557671984698800E-04 5.287390721719120766E-04 5.850204047877438033E-04 5.938793092842549557E-04 6.850901012059872367E-04 8.249495328196233346E-04 6.564221787913399530E-04 5.053061650159764318E-04 5.242972630908747812E-04 4.951359310233591649E-04 5.269641571079862257E-04 6.700132915518604640E-04 7.580226350522575396E-04 6.350976446790309107E-04 7.337709870357710584E-04 5.997845891346961214E-04 6.803188530404431474E-04 6.696162147453160870E-04 6.955228804982577055E-04 8.216850494467992528E-04 1.050772990396541418E-03 1.166745960235091159E-03 1.160694675190038086E-03 1.061156097519297273E-03 1.031194946554135671E-03 1.068937339207199060E-03 9.672469001680432431E-04 8.716507313642147051E-04 1.173531281800867373E-03 1.253591141358267620E-03 9.869378170292348630E-04 9.087637232737758725E-04 8.626128220781688989E-04 1.031107783203912822E-03 1.112415301131923278E-03 1.333449110765092416E-03 1.406765064502651843E-03 1.333889850270380357E-03 1.255936174918541055E-03 1.159200802725021424E-03 8.792033426597055737E-04 1.085219521685921139E-03 8.909545179691001279E-04 8.631376801277717420E-04 7.846271542347360746E-04 7.798849718950130391E-04 7.657860980701805195E-04 7.404435619292720197E-04 7.646839560643449310E-04 7.106236741283623610E-04 5.966792287943961052E-04 7.346957510185361502E-04 8.118916168951487025E-04 7.825023977109914425E-04 9.097911663354171915E-04 7.391151807626067469E-04 7.513963496516805340E-04 7.084098727155913218E-04 9.128119050925024907E-04 8.063212032040784896E-04 9.519328847406522201E-04 8.806283228924198861E-04 8.010387656957858662E-04 8.758335448387458578E-04 7.153423142738447914E-04 6.029232175402545824E-04 5.399236786307404570E-04 6.136153704363737135E-04 6.658905493618213697E-04 5.784948635615911943E-04 5.844473778705438658E-04 5.858587900131500322E-04 6.470545196585487111E-04 8.714913079721251865E-04 9.039676243374160629E-04 8.879790422271569960E-04 7.678768154572664009E-04 5.927952299391670097E-04 5.814305432277688335E-04 6.863119929232761474E-04 7.171217568493811617E-04 8.594636139834832848E-04 7.697633729605641477E-04 8.064775481180536543E-04 6.807048296384436313E-04 6.625941672005401621E-04 6.919935728524110284E-04 8.693127372417016208E-04 1.034141795754760836E-03 1.000000000000000021E-03
1.000000000000000021E-03 1.000000000000000021E-03 1.000000000000000021E-03 1.000000000000000021E-03 1.000000000000000021E-03 1.000000000000000021E-03 1.000000000000000021E-03 1.000000000000000021E-03 1.000000000000000021E-03 1.000000000000000021E-03 1.000000000000000021E-03 1.000000000000000021E-03 1.000000000000000021E-03 1.000000000000000021E-03 1.000000000000000021E-03 1.000000000000000021E-03 1.000000000000000021E-03 1.000000000000000021E-03 1.000000000000000021E-03 1.000000000000000021E-03 1.000000000000000021E-03 1.000000000000000021E-03 1.000000000000000021E-03 1.000000000000000021E-03 1.000000000000000021E-03 1.000000000000000021E-03 1.000000000000000021E-03 1.000000000000000021E-03 1.000000000000000021E-03 1.000000000000000021E-03 1.000000000000000021E-03 1.000000000000000021E-03 1.000000000000000021E-03 1.000000000000000021E-03 1.000000000000000021E-03 1.000000000000000021E-03 1.000000000000000021E-03 1.000000000000000021E-03 1.000000000000000021E-03 1.000000000000000021E-03 1.000000000000000021E-03 1.000000000000000021E-03 1.000000000000000021E-03 1.000000000000000021E-03 1.000000000000000021E-03 1.000000000000000021E-03 1.000000000000000021E-03 1.000000000000000021E-03 1.000000000000000021E-03 1.000000000000000021E-03 1.000000000000000021E-03 1.000000000000000021E-03 1.000000000000000021E-03 1.000000000000000021E-03 1.000000000000000021E-03 8.485438551804623574E-04 7.872526686394181426E-04 9.451852608334062765E-04 7.930480666536689942E-04 7.712970815855997109E-04 7.142610792969219993E-04 5.877229791629884782E-04 5.173345094424876972E-04 5.324275147816123332E-04 6.459604151582423130E-04 7.527724783620788661E-04 6.836808168587436103E-04 6.600135393710050919E-04 4.972084379601471663E-04 5.189768436413452453E-04 5.531824640074002554E-04 5.521417578759208996E-04 5.763876758789590648E-04 7.266586104062121559E-04 7.359686826036444373E-04 6.480732338690273209E-04 6.321487954953271824E-04 6.145400014631387546E-04 6.169874211655522423E-04 7.087393116483292187E-04 7.713745217071035342E-04 1.146713089083680913E-03 1.235224467759266477E-03 1.146166697000227394E-03 1.069707355859307336E-03 1.087536208980669416E-03 1.109510471278201110E-03 8.423630770962107616E-04 8.555121958059383079E-04 1.100371959144030420E-03 9.642735280026319342E-04 9.599179042018867770E-04 7.308410622131086658E-04 9.477778403535185589E-04 9.051930679657430511E-04 1.316606396242734917E-03 1.369124796876040840E-03 1.471310062336340712E-03 1.632312837359531886E-03 1.555206659926370661E-03 9.391649791563879508E-04 8.284739507713439598E-04 9.640918433552543750E-04 1.013406686149704227E-03 1.032353737133465772E-03 8.940493311672174058E-04 8.741966170488130227E-04 8.311675171616600194E-04 8.886689509090346835E-04 7.812151268112844894E-04 5.189846555961103889E-04 5.813256163969647691E-04 5.020077710578771130E-04 6.672857826809432688E-04 8.528092078360733838E-04 7.511930393531886111E-04 8.142476200579586848E-04 7.051125243974998508E-04 7.456952925952994382E-04 7.684933525381364627E-04 7.412857185919197482E-04 8.178739595080294477E-04 8.005835052713203368E-04 1.004121433421289273E-03 9.426145758214196646E-04 7.338220490330324853E-04 7.668720128072675475E-04 6.561827950523721909E-04 6.327133288575603493E-04 5.940395827940834822E-04 5.280111486724331938E-04 5.688097545831362995E-04 6.388114931787104147E-04 6.207745612593866666E-04 6.715215044172549372E-04 8.725637033371929849E-04 7.568105735347115982E-04 7.193672778801638110E-04 7.054393758323210814E-04 5.576110370663693539E-04 7.653195780672005346E-04 8.380189973679747200E-04 1.020216739708271854E-03 8.353429011847701311E-04 9.348740046936866634E-04 7.318795771959731499E-04 6.016818181691144501E-04 6.728834566033424719E-04 7.271367416595641382E-04 8.247647152746987028E-04 1.000000000000000021E-03
1.000000000000000021E-03 1.000000000000000021E-03 1.000000000000000021E-03 1.000000000000000021E-03 1.000000000000000021E-03 1.000000000000000021E-03 1.000000000000000021E-03 1.000000000000000021E-03 1.000000000000000021E-03 1.000000000000000021E-03 1.000000000000000021E-03 1.000000000000000021E-03 1.000000000000000021E-03 1.000000000000000021E-03 1.000000000000000021E-03 1.000000000000000021E-03 1.000000000000000021E-03 1.000000000000000021E-03 1.000000000000000021E-03 1.000000000000000021E-03 1.000000000000000021E-03 1.000000000000000021E-03 1.000000000000000021E-03 1.000000000000000021E-03 1.000000000000000021E-03 1.000000000000000021E-03 1.000000000000000021E-03 1.000000000000000021E-03 1.000000000000000021E-03 1.000000000000000021E-03 1.000000000000000021E-03 1.000000000000000021E-03 1.000000000000000021E-03 1.000000000000000021E-03 1.000000000000000021E-03 1.000000000000000021E-03 1.000000000000000021E-03 1.000000000000000021E-03 1.000000000000000021E-03 1.000000000000000021E-03 1.000000000000000021E-03 1.000000000000000021E-03 1.000000000000000021E-03 1.000000000000000021E-03 1.000000000000000021E-03 1.000000000000000021E-03 1.000000000000000021E-03 1.000000000000000021E-03 1.000000000000000021E-03 1.000000000000000021E-03 1.000000000000000021E-03 1.000000000000000021E-03 1.000000000000000021E-03 1.427408029130584682E-03 1.024046636929427630E-03 8.535199839144315490E-04 7.692143201619790118E-04 8.465670719874784792E-04 8.563631504319727189E-04 7.374066640822416916E-04 7.588692712153956429E-04 6.556359518091743437E-04 5.653687290439292964E-04 6.699732127436968223E-04 7.750672213001294237E-04 8.095326789424920309E-04 8.008945015536557237E-04 6.723016042467238771E-04 6.128748933652721810E-04 5.768007949255070724E-04 5.363205977155024876E-04 5.975832799879306819E-04 7.288788111535712561E-04 7.137370959378360044E-04 8.734754366484912035E-04 6.589202048508384542E-04 5.695715509655174032E-04 5.500717798037147235E-04 6.363311110083640304E-04 8.367213188967981968E-04 7.130188159546436370E-04 8.421045951865719975E-04 1.051175529161320560E-03 9.636187337814036561E-04 1.017852968807895098E-03 1.070280687996337477E-03 8.683906842427193675E-04 9.664085276323626950E-04 9.615924919216516792E-04 1.055036353969009567E-03 1.043863524525469625E-03 1.137672109444744012E-03 1.019334173047496466E-03 1.032729086336089779E-03 1.072668531285438749E-03 1.130757683301567701E-03 1.337163668417229055E-03 1.708045180960751641E-03 1.346454951702925418E-03 1.214003615382713928E-03 9.124275855613743968E-04 9.464057308530099367E-04 7.633268008536531852E-04 9.709148617655163904E-04 8.465357830398040438E-04 1.017371161917564630E-03 9.586483206215211817E-04 6.403243251575623917E-04 6.111429353829305735E-04 5.405805370102401272E-04 5.278463126866612867E-04 5.123553974060835554E-04 5.017693775187773066E-04 5.614905960585810660E-04 7.429118980068128613E-04 8.178602857456853661E-04 7.398964552832718901E-04 6.735966745126898900E-04 7.049696985999728523E-04 6.195674999846232690E-04 6.484518598074168628E-04 7.166871846422449930E-04 6.968833585588626433E-04 8.944002872906338299E-04 7.365395146184896711E-04 7.141792667751287963E-04 6.207805824008951184E-04 6.316780462050046582E-04 5.514426885999505756E-04 5.405434342569337891E-04 4.781023586877853628E-04 6.319036165681341790E-04 6.585897668100628268E-04 6.164227811720299904E-04 5.883392958605974206E-04 8.237542348101356375E-04 7.930120085277180854E-04 6.767917001672090881E-04 7.585021938728083064E-04 8.170993768304139369E-04 8.486498983838336192E-04 1.043004674657232143E-03 8.466517171762381238E-04 7.098543988423036905E-04 7.937832590771261255E-04 6.925998012029212962E-04 6.004722181048163321E-04 6.302179515196156771E-04 6.714585097296754549E-04 8.989722673501556295E-04 1.000000000000000021E-03
1.000000000000000021E-03 1.000000000000000021E-03 1.000000000000000021E-03 1.000000000000000021E-03 1.000000000000000021E-03 1.000000000000000021E-03 1.000000000000000021E-03 1.000000000000000021E-03 1.000000000000000021E-03 1.000000000000000021E-03 1.000000000000000021E-03 1.000000000000000021E-03 1.000000000000000021E-03 1.000000000000000021E-03 1.000000000000000021E-03 1.000000000000000021E-03 1.000000000000000021E-03 1.000000000000000021E-03 1.000000000000000021E-03 1.000000000000000021E-03 1.000000000000000021E-03 1.000000000000000021E-03 1.000000000000000021E-03 1.000000000000000021E-03 1.000000000000000021E-03 1.000000000000000021E-03 1.000000000000000021E-03 1.000000000000000021E-03 1.000000000000000021E-03 1.000000000000000021E-03 1.000000000000000021E-03 1.000000000000000021E-03 1.000000000000000021E-03 1.000000000000000021E-03 1.000000000000000021E-03 1.000000000000000021E-03 1.000000000000000021E-03 1.000000000000000021E-03 1.000000000000000021E-03 1.000000000000000021E-03 1.000000000000000021E-03 1.000000000000000021E-03 1.000000000000000021E-03 1.000000000000000021E-03 1.000000000000000021E-03 1.000000000000000021E-03 1.000000000000000021E-03 1.000000000000000021E-03 1.000000000000000021E-03 1.000000000000000021E-03 1.000000000000000021E-03 1.000000000000000021E-03 1.108818905871487544E-03 1.366694973049953658E-03 1.109296820725303541E-03 7.463698398776725997E-04 7.619333514444703252E-04 8.539498347776159617E-04 7.477793848192828413E-04 6.067863811412862844E-04 5.429729128853833528E-04 4.682801209064974966E-04 6.453463769584359125E-04 5.774887538733080965E-04 7.790500441119746966E-04 8.019076160207215531E-04 7.507182003269403025E-04 7.217168834721630075E-04 6.183746898124202777E-04 6.589539199934739714E-04 7.560031583339436043E-04 7.528697742721091870E-04 8.595050412451739341E-04 8.387862294875281580E-04 9.793366973888410418E-04 9.328401755170213742E-04 8.455542265361637314E-04 7.638902901351458680E-04 6.119754170463919491E-04 6.570060047023354357E-04 7.220002623807186999E-04 7.901658461327576172E-04 9.807319696178409731E-04 9.518282722708587941E-04 1.027666237620873712E-03 9.017706113238988181E-04 1.032863450060999720E-03 1.013069466298827798E-03 1.263519794179580446E-03 1.277812276138847597E-03 1.316643001417682098E-03 1.422414302688787763E-03 1.199394465731322326E-03 1.173994182016292482E-03 1.045849149245891641E-03 1.185675810812867551E-03 1.322337697836897460E-03 1.419438446166009600E-03 1.392131280574898178E-03 1.264542343424975099E-03 1.231641245357290157E-03 8.503853786894394499E-04 9.205023767109534643E-04 9.657124300486354552E-04 9.778509319007236324E-04 9.392485682588532251E-04 6.865968022608077374E-04 5.425879334143782077E-04 5.006634590146830750E-04 5.614689085316798729E-04 5.618614187779349435E-04 6.039644902957173487E-04 5.876924431357214871E-04 6.254883619979267504E-04 7.175097514843466109E-04 7.106091781622684254E-04 6.047668467333524494E-04 6.402123605779795048E-04 5.987387049356902510E-04 5.185390819306475319E-04 5.635604473872811437E-04 5.805792809732739567E-04 6.598353142064718223E-04 6.435198338183407106E-04 6.792094450549127993E-04 6.434811416421658790E-04 6.245876020716180539E-04 5.884032234004155006E-04 6.135413665469576080E-04 6.165025051964441406E-04 6.786667729089199954E-04 6.150720601419860456E-04 5.884228474759921725E-04 6.840810801983661892E-04 6.254491948922268497E-04 6.166662300293825668E-04 9.166576488017582789E-04 7.325869980674841507E-04 6.773055175131253514E-04 6.606979073533125139E-04 7.443851739743995253E-04 9.270921576908817486E-04 8.918957367750607454E-04 8.190777120066945749E-04 6.953163596244581104E-04 4.998147247748096220E-04 5.670869303180634284E-04 6.658917175988474752E-04 7.637428389258095517E-04 7.859976342696478472E-04 1.000000000000000021E-03
1.000000000000000021E-03 1.000000000000000021E-03 1.000000000000000021E-03 1.000000000000000021E-03 1.000000000000000021E-03 1.000000000000000021E-03 1.000000000000000021E-03 1.000000000000000021E-03 1.000000000000000021E-03 1.000000000000000021E-03 1.000000000000000021E-03 1.000000000000000021E-03 1.000000000000000021E-03 1.000000000000000021E-03 1.000000000000000021E-03 1.000000000000000021E-03 1.000000000000000021E-03 1.000000000000000021E-03 1.000000000000000021E-03 1.000000000000000021E-03 1.000000000000000021E-03 1.000000000000000021E-03 1.000000000000000021E-03 1.000000000000000021E-03 1.000000000000000021E-03 1.000000000000000021E-03 1.000000000000000021E-03 1.000000000000000021E-03 1.000000000000000021E-03 1.000000000000000021E-03 1.000000000000000021E-03 1.000000000000000021E-03 1.000000000000000021E-03 1.000000000000000021E-03 1.000000000000000021E-03 1.000000000000000021E-03 1.000000000000000021E-03 1.000000000000000021E-03 1.000000000000000021E-03 1.000000000000000021E-03 1.000000000000000021E-03 1.000000000000000021E-03 1.000000000000000021E-03 1.000000000000000021E-03 1.000000000000000021E-03 1.000000000000000021E-03 1.000000000000000021E-03 1.000000000000000021E-03 1.000000000000000021E-03 1.000000000000000021E-03 1.375302007044061203E-03 1.283946698783542967E-03 1.038724156260155190E-03 1.043774283464245483E-03 8.796514053087916944E-04 8.573643293068919759E-04 8.249580361007067186E-04 8.273203540742993809E-04 6.468552610865020269E-04 5.766308059583316083E-04 5.529600807027701143E-04 6.521188620367375987E-04 7.126608638664284207E-04 6.681439195352596250E-04 7.609253703881771295E-04 8.652400415010615695E-04 1.044621603308344172E-03 5.829855105263281921E-04 6.374812981625010543E-04 8.459132617977669537E-04 7.018136208953679135E-04 7.968834154189674210E-04 7.984109642845188190E-04 7.543609620653147097E-04 8.155509199633438492E-04 8.781330800209545063E-04 1.001686836416923248E-03 7.379778457296362918E-04 8.315064143740964276E-04 8.289154690933089572E-04 8.672573890551117702E-04 1.025289119853751030E-03 1.140682500351445023E-03 1.140205133792754040E-03 1.013376104671290375E-03 1.013584804067389376E-03 9.503516637859751827E-04 9.969536149434425967E-04 1.301880679413650174E-03 1.180634614890546099E-03 1.087638539057976137E-03 1.161637599266452736E-03 1.177542036944931444E-03 1.042939409098272291E-03 9.811614830633667936E-04 1.179025802862131373E-03 1.345332066732786479E-03 1.517715751227068826E-03 1.179530330117921962E-03 1.127599309174381371E-03 1.159176623874887341E-03 1.047503484302508663E-03 8.825696852010093615E-04 7.830027926633648322E-04 7.730693282880210428E-04 6.914024666987081402E-04 5.967723229546600559E-04 4.920548156774553908E-04 4.859541478532064334E-04 5.542696792201433744E-04 5.322293172482125663E-04 5.495054639832337154E-04 4.772323760127248769E-04 5.326836635633638113E-04 5.789566213952653667E-04 6.655749195426963758E-04 5.713244374410058430E-04 5.329702619749902186E-04 5.452010316359384842E-04 4.916490970963571404E-04 5.417971282090936272E-04 4.668315089572042521E-04 5.035503190642628187E-04 6.972024149140120669E-04 8.811287283541967361E-04 7.361292219222723057E-04 5.689271967097467948E-04 8.341275283517335035E-04 7.760861146978891489E-04 8.032842034655142145E-04 6.878882851907925288E-04 6.375300536578330356E-04 6.248069267067148319E-04 5.962617799167191542E-04 6.167177702034655918E-04 7.874666125916559081E-04 8.442975032789995678E-04 7.821615969852544923E-04 6.295087332922931836E-04 6.137926883541280866E-04 7.206118691745655620E-04 6.756770835311618753E-04 7.799765561416070921E-04 8.422949136741249071E-04 5.199743466060902704E-04 5.877882966485704040E-04 4.684478032656246255E-04 5.932306376445586112E-04 6.381025394050482804E-04 6.931307562526470116E-04 1.000000000000000021E-03
1.000000000000000021E-03 1.000000000000000021E-03 1.000000000000000021E-03 1.000000000000000021E-03 1.000000000000000021E-03 1.000000000000000021E-03 1.000000000000000021E-03 1.000000000000000021E-03 1.000000000000000021E-03 1.000000000000000021E-03 1.000000000000000021E-03 1.000000000000000021E-03 1.000000000000000021E-03 1.000000000000000021E-03 1.000000000000000021E-03 1.000000000000000021E-03 1.000000000000000021E-03 1.000000000000000021E-03 1.000000000000000021E-03 1.000000000000000021E-03 1.000000000000000021E-03 1.000000000000000021E-03 1.000000000000000021E-03 1.000000000000000021E-03 1.000000000000000021E-03 1.000000000000000021E-03 1.000000000000000021E-03 1.000000000000000021E-03 1.000000000000000021E-03 1.000000000000000021E-03 1.000000000000000021E-03 1.000000000000000021E-03 1.000000000000000021E-03 1.000000000000000021E-03 1.000000000000000021E-03 1.000000000000000021E-03 1.000000000000000021E-03 1.000000000000000021E-03 1.000000000000000021E-03 1.000000000000000021E-03 1.000000000000000021E-03 1.000000000000000021E-03 1.000000000000000021E-03 1.000000000000000021E-03 1.000000000000000021E-03 1.000000000000000021E-03 1.000000000000000021E-03 1.000000000000000021E-03 9.913192847657364363E-04 1.146550940864441781E-03 1.088678357197307147E-03 1.303724322523972835E-03 1.201890467418650172E-03 1.095728276509202711E-03 9.294566782078119045E-04 1.047774660702437870E-03 8.583930988117073439E-04 7.863445323102826769E-04 7.522548790660375708E-04 6.537028789496844485E-04 6.160684127222516631E-04 7.025639349268836481E-04 6.974319672058933769E-04 6.985314312519503395E-04 7.059304350985611421E-04 8.424717198090989545E-04 7.681894138153291850E-04 7.184728204276436296E-04 5.437215675852766781E-04 7.227951571151075257E-04 7.019863452173356584E-04 7.331347434495440922E-04 6.449171487602032172E-04 6.509685244221946132E-04 6.527770700601384646E-04 9.879262021349989251E-04 1.102756864353487097E-03 1.004436695654876196E-03 9.871692634612569146E-04 1.019508586836730818E-03 1.150057260747928576E-03 1.405488891089417191E-03 1.372804673156776453E-03 1.346239326167256774E-03 9.893455220849921902E-04 7.627092426109969171E-04 8.645098768415085400E-04 1.178617755323553128E-03 1.342615521915301903E-03 1.049580143195533383E-03 8.751848077785026039E-04 9.011713348396721383E-04 9.941296975189517320E-04 1.002789253861466378E-03 1.167420033370182878E-03 1.199078506146072660E-03 1.141548968870720673E-03 1.377844376471253724E-03 1.137915347694669257E-03 1.224327741148721485E-03 1.023966305284840879E-03 1.037887795081120657E-03 5.961849263245857589E-04 8.191046651246484695E-04 7.364780693500565592E-04 6.889188308889783409E-04 5.960948869736793203E-04 4.774388841207218427E-04 5.103497494305718560E-04 4.977836077691965297E-04 4.769317800308546236E-04 4.541477696314588923E-04 4.647567666768692143E-04 5.032028248764488414E-04 5.603935309999463375E-04 5.731823937234082483E-04 6.110829583381152327E-04 6.856028659193678931E-04 6.377513824292666261E-04 4.713547272484358433E-04 5.617989105251902562E-04 6.029697374983851357E-04 5.735385071069939392E-04 5.781155342067599134E-04 8.047179521317271260E-04 7.875768590112734724E-04 8.165386037215401072E-04 8.584169294731092397E-04 8.239444875821923513E-04 8.239637333571625793E-04 7.833776366592661369E-04 5.942432524943464444E-04 6.711781652281093285E-04 6.645357991678159685E-04 7.241018307257058879E-04 9.059947916173260790E-04 9.984926767571025274E-04 9.105673833444656931E-04 7.133522718894610287E-04 6.394063249269138494E-04 7.322525618608605397E-04 9.005306761482677726E-04 8.254271869629522780E-04 7.040487993998271283E-04 6.041886251476091037E-04 5.497838252474381796E-04 4.754891743722775769E-04 5.577922877215360379E-04 6.057606240453505516E-04 5.477449029930001089E-04 1.000000000000000021E-03
1.000000000000000021E-03 1.000000000000000021E-03 1.000000000000000021E-03 1.000000000000000021E-03 1.000000000000000021E-03 1.000000000000000021E-03 1.000000000000000021E-03 1.000000000000000021E-03 1.000000000000000021E-03 1.000000000000000021E-03 1.000000000000000021E-03 1.000000000000000021E-03 1.000000000000000021E-03 1.000000000000000021E-03 1.000000000000000021E-03 1.000000000000000021E-03 1.000000000000000021E-03 1.000000000000000021E-03 1.000000000000000021E-03 1.000000000000000021E-03 1.000000000000000021E-03 1.000000000000000021E-03 1.000000000000000021E-03 1.000000000000000021E-03 1.000000000000000021E-03 1.000000000000000021E-03 1.000000000000000021E-03 1.000000000000000021E-03 1.000000000000000021E-03 1.000000000000000021E-03 1.000000000000000021E-03 1.000000000000000021E-03 1.000000000000000021E-03 1.000000000000000021E-03 1.000000000000000021E-03 1.000000000000000021E-03 1.000000000000000021E-03 1.000000000000000021E-03 1.000000000000000021E-03 1.000000000000000021E-03 1.000000000000000021E-03 1.000000000000000021E-03 1.000000000000000021E-03 1.000000000000000021E-03 1.000000000000000021E-03 1.000000000000000021E-03 1.000000000000000021E-03 9.599582671750802503E-04 1.097870312750312332E-03 1.104006848744263931E-03 9.868989641106220082E-04 9.748953625389906183E-04 8.949908463018960971E-04 9.208135533486025426E-04 9.644082587562262301E-04 9.514299096585687949E-04 8.003732821539929349E-04 8.884924494532335862E-04 7.660807972514703914E-04 7.526282554039970827E-04 7.366206727584007508E-04 8.385280540805778579E-04 8.608434658386531586E-04 8.226954015580127764E-04 9.430923743827586024E-04 8.882478360625722501E-04 8.495679371581610437E-04 7.461921899865389934E-04 5.875316163118072220E-04 5.946155393020775490E-04 7.565443734090325891E-04 6.857264115380551535E-04 6.469665303320580119E-04 5.925128195610876230E-04 6.878530020851525689E-04 7.876161583379697861E-04 1.253359508371448784E-03 1.197500867720487040E-03 1.079040296323294104E-03 1.025457315301107506E-03 1.389347547751025288E-03 1.382926493051365177E-03 1.337209947910506826E-03 1.316375970495148491E-03 1.076077029108939371E-03 1.191055329351682754E-03 1.122433558060776781E-03 9.561835209916324206E-04 1.089474848369095892E-03 1.067781294045799930E-03 9.181497625482010639E-04 9.698490718720284608E-04 9.717124243757756328E-04 1.135440308815212048E-03 1.161634110179903760E-03 1.191709474728262557E-03 1.111165347622129545E-03 1.193814364668185045E-03 1.179498699051844150E-03 1.032680939077711656E-03 1.103266226654216978E-03 1.067944704546659870E-03 9.308181949080503430E-04 1.016116009371078417E-03 8.206718474939878874E-04 7.048656252180785300E-04 5.151161223489855766E-04 4.709105885653316740E-04 3.547985301257249209E-04 3.992821899015703700E-04 4.036872118492453531E-04 3.914241358011668324E-04 4.618503264983428794E-04 4.918066952061981786E-04 4.681228061187889776E-04 5.620703272174443470E-04 6.312633864163039741E-04 6.979692049581175334E-04 7.203163815245427863E-04 5.912440249948668460E-04 5.204582431133399079E-04 4.838990324066394207E-04 5.706367007505386670E-04 6.404138906217763565E-04 5.997074242154531261E-04 8.424543093777566707E-04 7.725156795813442005E-04 9.405754329585868691E-04 7.607049710605797788E-04 8.463173300797016034E-04 7.374490803054834474E-04 5.921726624052303526E-04 5.856908069961116840E-04 6.826229713025808166E-04 6.431592590709580724E-04 7.924854854330767645E-04 9.432777625823197346E-04 9.286688748427049042E-04 8.511745193659727609E-04 8.322312348291744516E-04 8.500453588383179030E-04 6.861707381285654835E-04 7.159741440633611478E-04 6.418599466137043554E-04 5.458663555482491485E-04 4.842079688586548242E-04 4.987655108761796571E-04 6.662383462532805913E-04 5.086612398400236967E-04 4.854726680920024321E-04 1.000000000000000021E-03
1.000000000000000021E-03 1.000000000000000021E-03 1.000000000000000021E-03 1.000000000000000021E-03 1.000000000000000021E-03 1.000000000000000021E-03 1.000000000000000021E-03 1.000000000000000021E-03 1.000000000000000021E-03 1.000000000000000021E-03 1.000000000000000021E-03 1.000000000000000021E-03 1.000000000000000021E-03 1.000000000000000021E-03 1.000000000000000021E-03 1.000000000000000021E-03 1.000000000000000021E-03 1.000000000000000021E-03 1.000000000000000021E-03 1.000000000000000021E-03 1.000000000000000021E-03 1.000000000000000021E-03 1.000000000000000021E-03 1.000000000000000021E-03 1.000000000000000021E-03 1.000000000000000021E-03 1.000000000000000021E-03 1.000000000000000021E-03 1.000000000000000021E-03 1.000000000000000021E-03 1.000000000000000021E-03 1.000000000000000021E-03 1.000000000000000021E-03 1.000000000000000021E-03 1.000000000000000021E-03 1.000000000000000021E-03 1.000000000000000021E-03 1.000000000000000021E-03 1.000000000000000021E-03 1.000000000000000021E-03 1.000000000000000021E-03 1.000000000000000021E-03 1.000000000000000021E-03 1.000000000000000021E-03 1.000000000000000021E-03 1.237074661728471180E-03 1.248150960301791599E-03 9.291444005027509924E-04 8.455659544532301546E-04 1.008539812677479268E-03 9.768106848748038355E-04 1.057695858644037805E-03 1.287715801723966335E-03 8.521074602880674862E-04 8.394553897627700378E-04 8.470542926908488507E-04 8.221392023144975629E-04 9.948200906684692528E-04 9.227513824463429073E-04 9.111227989830501806E-04 7.789645986636806315E-04 8.157784784059905715E-04 8.739828066377186783E-04 9.274846404930894590E-04 9.306514356382519304E-04 8.969829049819791648E-04 7.380552503392116478E-04 8.213227452169303546E-04 6.995225106994232365E-04 6.313929471782668513E-04 6.624885788320675943E-04 5.609896628270763389E-04 5.836171018237176766E-04 6.933986235219950127E-04 6.183021487693812985E-04 7.450084887912542366E-04 9.858308607631862449E-04 1.196421197367128529E-03 1.085189227856983791E-03 1.067056329183449417E-03 1.204933102408682274E-03 1.291394849205204599E-03 1.496880176452999476E-03 1.301682678107881231E-03 1.475158103557451745E-03 1.274411618398980277E-03 1.258630942720053228E-03 9.347801596455249541E-04 9.072037869937210402E-04 1.001908398240499093E-03 1.110095444675176417E-03 1.064940807382154736E-03 1.261154921217770477E-03 9.945481415684299855E-04 1.270903987044619743E-03 1.285674779271258087E-03 9.799382105369492790E-04 1.059782108164196565E-03 1.282286129471763491E-03 1.052530804150670837E-03 1.025614663808292401E-03 9.429962523565534960E-04 9.302012582132957634E-04 9.174043737917582072E-04 6.420995707507859678E-04 5.767310159394924878E-04 5.263856326731600459E-04 4.722943331507998090E-04 3.973049510628280092E-04 4.270388101495240451E-04 4.224193627356078763E-04 3.919662123750818159E-04 3.687481516397420641E-04 5.100448337185247436E-04 4.639937970905368050E-04 5.753825016114917515E-04 7.821926133789737197E-04 6.439136747944539021E-04 6.156061569862756374E-04 4.540256999292676386E-04 5.110562060096898512E-04 5.327568812830186813E-04 5.460291438660401335E-04 5.235188667244860703E-04 7.122923667917647160E-04 6.954425529686293281E-04 7.206306791079847892E-04 7.409406842357279090E-04 8.009697909775818350E-04 6.737243454124852921E-04 5.730220038769093900E-04 5.520989920182335078E-04 6.020320061897774895E-04 6.847688820537450264E-04 8.273766985108367382E-04 8.121558120382626469E-04 8.119903638171732836E-04 9.031556301581649022E-04 8.962021154685813340E-04 8.631597386771807908E-04 7.680434673937116706E-04 6.476017718110936962E-04 6.602733198389954157E-04 5.911079318342294655E-04 5.734237078104704880E-04 5.779944100029448667E-04 5.103213615857149239E-04 5.362962561260729497E-04 4.833850875118017002E-04 4.643494961401859779E-04 1.000000000000000021E-03
1.000000000000000021E-03 1.000000000000000021E-03 1.000000000000000021E-03 1.000000000000000021E-03 1.000000000000000021E-03 1.000000000000000021E-03 1.000000000000000021E-03 1.000000000000000021E-03 1.000000000000000021E-03 1.000000000000000021E-03 1.000000000000000021E-03 1.000000000000000021E-03 1.000000000000000021E-03 1.000000000000000021E-03 1.000000000000000021E-03 1.000000000000000021E-03 1.000000000000000021E-03 1.000000000000000021E-03 1.000000000000000021E-03 1.000000000000000021E-03 1.000000000000000021E-03 1.000000000000000021E-03 1.000000000000000021E-03 1.000000000000000021E-03 1.000000000000000021E-03 1.000000000000000021E-03 1.000000000000000021E-03 1.000000000000000021E-03 1.000000000000000021E-03 1.000000000000000021E-03 1.000000000000000021E-03 1.000000000000000021E-03 1.000000000000000021E-03 1.000000000000000021E-03 1.000000000000000021E-03 1.000000000000000021E-03 1.000000000000000021E-03 1.000000000000000021E-03 1.000000000000000021E-03 1.000000000000000021E-03 1.000000000000000021E-03 1.000000000000000021E-03 1.000000000000000021E-03 1.000000000000000021E-03 1.335334937902712613E-03 1.231833378820818784E-03 1.114139421090743973E-03 7.874131464339796790E-04 9.414870377505595890E-04 1.102412482124452654E-03 1.174078128646765824E-03 9.999980027902092422E-04 1.048566490905551360E-03 9.546189238646325421E-04 8.520768085471785427E-04 9.084822967976067349E-04 9.654847509887151853E-04 1.183224787586498704E-03 1.138708998390524545E-03 1.083278698637514829E-03 8.251514777441762384E-04 8.695083559088259131E-04 7.874910243439812302E-04 8.495806658929514095E-04 8.604849465761756338E-04 9.711552055628701330E-04 8.870736520804573888E-04 8.347021669802499313E-04 7.156615821132641985E-04 6.760838126311446246E-04 9.274817784997084567E-04 8.052504544126451837E-04 6.161694980678439825E-04 7.564936895373493200E-04 6.543936650682295134E-04 6.944492583656270476E-04 8.275804357160197570E-04 1.025321052150986482E-03 1.021209855043707414E-03 1.236909242903482713E-03 1.240332421191646470E-03 1.480214418570026391E-03 1.272840969949897436E-03 1.411157824894929830E-03 1.303760485699832945E-03 1.422713889850049044E-03 1.223875745008268755E-03 1.087377512640622058E-03 9.901986659420095125E-04 8.924776584447602227E-04 1.216915654079961037E-03 9.709861548037096359E-04 1.090484425407694602E-03 9.542418173174010282E-04 1.092432552164977321E-03 1.002099669019655649E-03 9.401405787220225687E-04 1.042953669485474112E-03 8.970415672466007170E-04 8.391460419909261767E-04 8.761450246683453232E-04 9.402843019794466552E-04 9.617438543946762487E-04 7.817653049428630822E-04 6.758070530547189867E-04 6.022128447949227914E-04 4.735081948396949766E-04 3.624797450290463468E-04 3.823401641720257480E-04 3.932559620548482901E-04 5.424984726058415963E-04 3.803444468778483271E-04 4.701576829678176810E-04 5.089893327962739930E-04 4.752114578397617769E-04 5.900765126835148160E-04 6.823064046362743934E-04 6.302059816315322459E-04 6.328732041222630885E-04 5.311917895355218987E-04 4.568967860651918715E-04 5.008059010009407400E-04 5.057120585050351932E-04 4.915666296126531675E-04 5.174781620544684040E-04 6.012967067893283148E-04 6.463794687580851767E-04 6.786734312995394572E-04 7.033310288282014011E-04 7.240479693545215801E-04 6.133012913155143700E-04 6.046611361335072887E-04 5.935261303115645266E-04 6.254601704952801036E-04 6.775275382435275813E-04 6.062037791880396480E-04 7.084885404274314947E-04 9.875529713540870565E-04 7.051450445988223688E-04 6.369370318648930659E-04 7.398473048865280991E-04 7.028325767437862154E-04 6.993029925899046451E-04 5.744329512636255335E-04 4.406365555848941180E-04 5.035605334381650696E-04 4.180474156476221732E-04 5.697857705682725545E-04 5.743992184916588617E-04 4.210705262083157502E-04 1.000000000000000021E-03
1.000000000000000021E-03 1.000000000000000021E-03 1.000000000000000021E-03 1.000000000000000021E-03 1.000000000000000021E-03 1.000000000000000021E-03 1.000000000000000021E-03 1.000000000000000021E-03 1.000000000000000021E-03 1.000000000000000021E-03 1.000000000000000021E-03 1.000000000000000021E-03 1.000000000000000021E-03 1.000000000000000021E-03 1.000000000000000021E-03 1.000000000000000021E-03 1.000000000000000021E-03 1.000000000000000021E-03 1.000000000000000021E-03 1.000000000000000021E-03 1.000000000000000021E-03 1.000000000000000021E-03 1.000000000000000021E-03 1.000000000000000021E-03 1.000000000000000021E-03 1.000000000000000021E-03 1.000000000000000021E-03 1.000000000000000021E-03 1.000000000000000021E-03 1.000000000000000021E-03 1.000000000000000021E-03 1.000000000000000021E-03 1.000000000000000021E-03 1.000000000000000021E-03 1.000000000000000021E-03 1.000000000000000021E-03 1.000000000000000021E-03 1.000000000000000021E-03 1.000000000000000021E-03 1.000000000000000021E-03 1.000000000000000021E-03 1.000000000000000021E-03 1.437043324040200966E-03 1.786218569096746298E-03 1.305132038721678938E-03 1.016009257804594522E-03 1.135672466436350378E-03 9.929031783444753137E-04 1.177381549825195269E-03 1.213221400587198833E-03 1.146148376674416746E-03 1.204615938315652416E-03 1.201680841540612044E-03 9.841468668386370907E-04 8.869190625096813607E-04 1.017152534696601999E-03 1.404407382035572326E-03 1.515472076277533681E-03 1.398778530938262366E-03 1.161223775172069619E-03 1.117031792145630874E-03 8.508908943445128150E-04 9.252568470873802266E-04 9.634935638053351544E-04 9.806730268338702435E-04 8.796575231875159318E-04 1.010001432305212632E-03 8.698079800666228033E-04 7.897875098707167387E-04 7.055480482390156073E-04 8.721585963553985963E-04 8.372220430762457918E-04 8.527572098350554670E-04 8.471924021243574425E-04 6.878738440228111470E-04 8.217711677113190109E-04 9.700050810594651506E-04 9.353889065634151539E-04 9.084481781439828147E-04 1.133887068003166989E-03 1.029792768291955089E-03 9.409898450378849756E-04 1.128110861225408573E-03 1.115076001945206150E-03 1.465240084978975928E-03 1.315443422718802794E-03 1.214770354036036814E-03 1.192149857997728841E-03 1.306217640433450121E-03 1.053079081383244279E-03 1.272209543722848703E-03 1.381157643012236817E-03 1.206830673377201754E-03 1.270912379323596315E-03 1.249318072789097796E-03 8.773919421152411155E-04 9.551334856828514039E-04 9.258591436496104495E-04 9.933204047937087625E-04 8.319005759193958327E-04 8.725115778697177570E-04 8.665383092909047669E-04 8.687574012902363413E-04 7.618662292369118285E-04 7.204487541349173258E-04 5.773421953597298066E-04 5.942300216121266469E-04 4.318652960205926678E-04 3.983914486957109043E-04 4.430698419698846373E-04 5.141340562147036488E-04 5.433529164319220867E-04 5.397634964378096589E-04 4.849030841303000189E-04 6.108197553179637402E-04 5.391919555425118233E-04 8.432996456806144889E-04 5.322014839314336042E-04 5.572717095321895377E-04 5.040692065673272639E-04 5.122302506239269056E-04 5.639769597419278533E-04 5.278981532225039729E-04 5.502435371805364456E-04 5.811835276213182539E-04 5.548698930460513237E-04 6.104929101085327216E-04 4.478591624820208350E-04 5.608604881749889789E-04 4.876205629549024449E-04 6.382312550225099001E-04 5.607859567627965442E-04 5.845433557029602271E-04 6.611587556546133330E-04 7.226413239409346188E-04 6.665021640490969212E-04 5.786303289805953777E-04 6.899767905911445478E-04 5.677315446757739146E-04 5.885121615521473303E-04 8.128723146973598247E-04 6.276294302384298343E-04 6.032974248218046136E-04 5.820887614582541175E-04 4.014908374692783394E-04 3.616143744067970805E-04 4.622751207131473787E-04 5.351211687090114437E-04 5.488554162996111055E-04 4.259450563735486806E-04 1.000000000000000021E-03
1.000000000000000021E-03 1.000000000000000021E-03 1.000000000000000021E-03 1.000000000000000021E-03 1.000000000000000021E-03 1.000000000000000021E-03 1.000000000000000021E-03 1.000000000000000021E-03 1.000000000000000021E-03 1.000000000000000021E-03 1.000000000000000021E-03 1.000000000000000021E-03 1.000000000000000021E-03 1.000000000000000021E-03 1.000000000000000021E-03 1.000000000000000021E-03 1.000000000000000021E-03 1.000000000000000021E-03 1.000000000000000021E-03 1.000000000000000021E-03 1.000000000000000021E-03 1.000000000000000021E-03 1.000000000000000021E-03 1.000000000000000021E-03 1.000000000000000021E-03 1.000000000000000021E-03 1.000000000000000021E-03 1.000000000000000021E-03 1.000000000000000021E-03 1.000000000000000021E-03 1.000000000000000021E-03 1.000000000000000021E-03 1.000000000000000021E-03 1.000000000000000021E-03 1.000000000000000021E-03 1.000000000000000021E-03 1.000000000000000021E-03 1.000000000000000021E-03 1.000000000000000021E-03 1.000000000000000021E-03 1.000000000000000021E-03 1.385080821905005982E-03 1.309287655419116890E-03 1.467247378368577871E-03 1.466174858613319542E-03 1.008119772570288154E-03 1.152495064249930805E-03 1.342188892552948019E-03 1.129425712608662707E-03 1.095267945614020926E-03 1.474327772828613273E-03 1.090492815954699620E-03 9.836826493758367863E-04 9.403154319915511990E-04 9.919835417243796482E-04 1.119944092464433567E-03 1.232967039574636280E-03 1.486060461794292895E-03 1.360494684565899046E-03 1.212805413359604968E-03 1.095472022894027064E-03 1.037831971023683028E-03 9.795832156050954254E-04 1.022658528630680970E-03 9.764100780362160907E-04 7.996987773313487570E-04 9.066210001212007168E-04 9.196460193560948354E-04 8.907921182182461243E-04 6.772331531537981956E-04 7.004818015640806037E-04 8.730472208058732107E-04 8.256456674360058371E-04 8.312822899762409637E-04 1.080060207152775060E-03 9.944947995540818608E-04 1.150764397835867415E-03 8.976195649523147470E-04 8.467429509295711348E-04 9.200670267882893587E-04 9.568964843810664469E-04 9.952069947390417871E-04 9.719448947153148336E-04 1.121004456123876397E-03 1.490764022392467329E-03 1.482251256938124607E-03 1.264455521903131222E-03 1.135962702006895015E-03 1.321168037728664112E-03 1.344445845292584728E-03 1.211041680071685538E-03 1.132584239850977685E-03 1.104463076773909034E-03 1.275070284481204111E-03 1.136344916213374336E-03 9.182282401524566144E-04 9.081965642646295991E-04 8.949830915692999055E-04 8.581823132540133091E-04 7.943672353583725813E-04 8.157010744424443441E-04 8.665157539429782464E-04 7.941097714084366767E-04 5.867654856401966195E-04 5.925697248526166612E-04 6.225907969063562393E-04 5.469767360293047945E-04 5.862371620697886653E-04 4.837493048733624559E-04 4.399478241412132758E-04 5.896672458563138137E-04 6.115200905415754846E-04 5.877293066099195792E-04 5.498301147978461008E-04 5.221034988670792635E-04 5.530337883152857455E-04 6.633310043379033773E-04 6.664189653393082745E-04 5.808883788481822080E-04 5.711361861829651783E-04 5.011488068678107179E-04 5.564282521065105598E-04 5.298962209556354851E-04 6.320495745488511827E-04 5.203440040615578974E-04 5.788174083464639810E-04 5.268643873884029747E-04 5.421097721246099458E-04 4.939642926588621533E-04 4.025959520685633676E-04 4.894949916756591649E-04 3.987889553803395282E-04 4.537295251789815126E-04 6.625100765480160248E-04 7.735504887266362196E-04 7.288447730876043262E-04 6.047251964030249958E-04 5.238633027719188191E-04 5.782852863126100107E-04 7.030244857735505181E-04 5.832313241169572587E-04 6.575542351563598521E-04 7.487350659530330127E-04 6.072846094322468906E-04 5.570534965835971129E-04 5.131236109655001832E-04 5.973441198089262131E-04 5.019900480085517881E-04 4.768301540472656935E-04 5.129419972671327458E-04 1.000000000000000021E-03
1.000000000000000021E-03 1.000000000000000021E-03 1.000000000000000021E-03 1.000000000000000021E-03 1.000000000000000021E-03 1.000000000000000021E-03 1.000000000000000021E-03 1.000000000000000021E-03 1.000000000000000021E-03 1.000000000000000021E-03 1.000000000000000021E-03 1.000000000000000021E-03 1.000000000000000021E-03 1.000000000000000021E-03 1.000000000000000021E-03 1.000000000000000021E-03 1.000000000000000021E-03 1.000000000000000021E-03 1.000000000000000021E-03 1.000000000000000021E-03 1.000000000000000021E-03 1.000000000000000021E-03 1.000000000000000021E-03 1.000000000000000021E-03 1.000000000000000021E-03 1.000000000000000021E-03 1.000000000000000021E-03 1.000000000000000021E-03 1.000000000000000021E-03 1.000000000000000021E-03 1.000000000000000021E-03 1.000000000000000021E-03 1.000000000000000021E-03 1.000000000000000021E-03 1.000000000000000021E-03 1.000000000000000021E-03 1.000000000000000021E-03 1.000000000000000021E-03 1.000000000000000021E-03 1.306366009559068592E-03 1.340363832936698578E-03 1.211963516624984909E-03 1.354712535055652882E-03 1.368546202858514273E-03 1.213278787189553919E-03 9.192735569495923131E-04 1.116099620147377415E-03 1.104334406974014169E-03 1.117702926714357527E-03 1.107959819878968260E-03 1.015191736041250875E-03 1.036806531856176213E-03 8.962199664404086772E-04 9.979396775423915369E-04 1.082828069423252175E-03 1.020239345999314528E-03 1.257677568232656905E-03 1.448530862110204362E-03 1.344108978889136958E-03 1.302661461236276049E-03 1.259209907510037019E-03 1.186830134013345823E-03 1.174828626560433034E-03 1.000873579309657750E-03 1.014206645508196293E-03 7.770890313341731167E-04 7.884160000262736964E-04 8.948656946067843135E-04 9.063005638995737029E-04 7.030327467370815937E-04 6.474944746431678458E-04 7.678633950339583750E-04 8.213929242481598841E-04 9.005053696921033312E-04 1.201840224439712067E-03 1.043314701570946783E-03 1.144277407027088434E-03 1.014460513988598442E-03 1.044728295431803997E-03 8.850229605442283152E-04 1.021398849279871006E-03 9.508451689073199554E-04 1.122426457830516923E-03 1.187661444256839878E-03 1.692347526676855419E-03 1.639418039116504432E-03 1.288065433774327785E-03 1.449359427431346501E-03 1.264445863692217030E-03 1.494472847658527082E-03 1.279826949169547180E-03 1.125360276015827977E-03 1.125498015216765514E-03 1.312821834783094036E-03 1.155093351354465319E-03 1.121784010595656533E-03 1.075489933549859814E-03 8.708083875162988229E-04 9.098697366097792481E-04 8.905144674308053442E-04 9.047483840308397128E-04 8.816815694588245409E-04 8.809158936446750965E-04 6.115378640353949860E-04 5.861917297018756504E-04 5.902221230219632233E-04 5.296087591906136838E-04 5.875526306365920753E-04 5.155434950969109854E-04 5.682510698453553883E-04 5.352895254425718216E-04 5.772630218336925745E-04 5.179531557919229067E-04 5.012132811422177151E-04 4.982903578346739755E-04 5.759794279214271433E-04 5.855593587355230941E-04 5.174761324903294751E-04 5.187221500824632740E-04 5.935148284805410708E-04 4.691421046273341151E-04 5.177629805894362093E-04 4.489534408558790743E-04 5.005569276330077170E-04 4.829946795473795667E-04 5.061862831276358601E-04 4.620337806361501085E-04 4.594874094341903415E-04 5.155293723360230467E-04 4.098863219671432527E-04 5.922864282344825161E-04 5.010829510169752645E-04 5.441238395112715700E-04 6.188159905223513052E-04 5.962442245264077800E-04 7.743670259158559220E-04 7.565517978358665468E-04 5.221030438341551626E-04 5.549640318458826148E-04 5.893409057981643853E-04 6.384612373890523156E-04 6.632973206019006883E-04 6.251724696167578182E-04 7.066620460777322784E-04 6.579156188721063583E-04 6.466358031097795304E-04 5.589769822949516333E-04 5.483601117267646822E-04 4.569897648763399296E-04 4.506929549054603011E-04 1.000000000000000021E-03
1.000000000000000021E-03 1.000000000000000021E-03 1.000000000000000021E-03 1.000000000000000021E-03 1.000000000000000021E-03 1.000000000000000021E-03 1.000000000000000021E-03 1.000000000000000021E-03 1.000000000000000021E-03 1.000000000000000021E-03 1.000000000000000021E-03 1.000000000000000021E-03 1.000000000000000021E-03 1.000000000000000021E-03 1.000000000000000021E-03 1.000000000000000021E-03 1.000000000000000021E-03 1.000000000000000021E-03 1.000000000000000021E-03 1.000000000000000021E-03 1.000000000000000021E-03 1.000000000000000021E-03 1.000000000000000021E-03 1.000000000000000021E-03 1.000000000000000021E-03 1.000000000000000021E-03 1.000000000000000021E-03 1.000000000000000021E-03 1.000000000000000021E-03 1.000000000000000021E-03 1.000000000000000021E-03 1.000000000000000021E-03 1.000000000000000021E-03 1.000000000000000021E-03 1.000000000000000021E-03 1.000000000000000021E-03 1.000000000000000021E-03 1.000000000000000021E-03 1.103292457971795110E-03 1.128811970708429833E-03 1.155036797119168325E-03 1.299553259607484981E-03 1.487808078824904255E-03 1.520927530975280930E-03 1.290413459183442375E-03 1.352792306519877419E-03 1.175254733986589098E-03 9.684416610059938708E-04 9.239551057296138247E-04 1.047456495778633203E-03 1.096347466229198814E-03 9.086343023378789770E-04 8.021873947672223792E-04 1.084496561328273474E-03 9.629290591621847634E-04 1.248983937794539241E-03 1.153479162277251972E-03 1.272898340492567256E-03 1.098060321648357783E-03 1.255484885915077045E-03 1.172803107726062269E-03 8.795336837446176160E-04 1.112030388695162608E-03 1.179910227004621207E-03 1.221722797004447855E-03 8.449124127010203484E-04 7.489396518090477147E-04 9.311225933988522387E-04 7.958807974804199201E-04 8.563310206510164847E-04 6.474881925891720321E-04 7.261874974720703649E-04 8.361814507086183989E-04 8.996436709272088560E-04 1.012238310773205287E-03 1.228980173511006087E-03 1.001987412870209999E-03 1.063688878255171629E-03 1.134428080110578803E-03 1.201651301899002086E-03 1.137809297183712143E-03 1.056804756757883735E-03 9.446384934732597908E-04 1.249204820234666065E-03 1.178876904333491698E-03 1.351966875752052925E-03 1.488527426259638603E-03 1.629126300440539256E-03 1.507231268800966013E-03 1.352700202210810028E-03 1.330044172095514333E-03 1.209076011576760935E-03 1.106847510059860663E-03 1.195254980201299879E-03 1.079158368429522551E-03 1.204209233888151173E-03 9.340205294003435825E-04 8.349565478593945489E-04 9.435694044308215195E-04 8.920120096425679639E-04 1.012849395625242763E-03 8.573017392828924822E-04 8.141248735335687757E-04 7.612833012204972983E-04 7.283018360984323423E-04 6.547412259129592633E-04 5.622597904090791826E-04 5.705980226005370705E-04 5.147799116701150908E-04 5.439684980724730562E-04 5.334985268714687425E-04 6.088413337087885150E-04 5.744606495259271285E-04 5.856539972109976950E-04 6.043190280857616611E-04 4.766299598708184692E-04 5.466001869580994514E-04 5.249811582439312986E-04 5.507514610103404025E-04 4.531855092936497255E-04 3.841690123452321101E-04 3.730166967788903849E-04 3.796603777653815106E-04 4.791699264325450375E-04 3.502980685380407207E-04 3.938974399289050317E-04 4.546319629200549356E-04 4.644870978116935048E-04 3.994635919202430387E-04 4.843635204068332109E-04 4.764094208270105123E-04 5.388827733532225743E-04 6.095732282498652699E-04 5.799765969866712027E-04 6.124754601038643166E-04 8.442703478133808991E-04 6.524757494005386030E-04 4.424702616042224803E-04 4.761008036550903638E-04 5.737066421822611430E-04 6.878010291065197492E-04 8.779570904432741369E-04 7.454816598602461829E-04 6.711121656674731966E-04 7.624394645630917268E-04 6.163640831130843363E-04 4.857751890706210607E-04 6.163325108791097755E-04 5.284746031796348428E-04 5.989043321710937288E-04 1.000000000000000021E-03
1.000000000000000021E-03 1.000000000000000021E-03 1.000000000000000021E-03 1.000000000000000021E-03 1.000000000000000021E-03 1.000000000000000021E-03 1.000000000000000021E-03 1.000000000000000021E-03 1.000000000000000021E-03 1.000000000000000021E-03 1.000000000000000021E-03 1.000000000000000021E-03 1.000000000000000021E-03 1.000000000000000021E-03 1.000000000000000021E-03 1.000000000000000021E-03 1.000000000000000021E-03 1.000000000000000021E-03 1.000000000000000021E-03 1.000000000000000021E-03 1.000000000000000021E-03 1.000000000000000021E-03 1.000000000000000021E-03 1.000000000000000021E-03 1.000000000000000021E-03 1.000000000000000021E-03 1.000000000000000021E-03 1.000000000000000021E-03 1.000000000000000021E-03 1.000000000000000021E-03 1.000000000000000021E-03 1.000000000000000021E-03 1.000000000000000021E-03 1.000000000000000021E-03 1.000000000000000021E-03 1.000000000000000021E-03 1.310508238361184248E-03 1.454982803771566512E-03 1.148129162627876346E-03 1.301161241047289231E-03 1.253103057398824612E-03 1.564002517372219602E-03 1.694470244336032530E-03 1.830159095246168197E-03 1.469069004901569315E-03 1.332809687145004862E-03 1.105022485360007386E-03 9.115670151417583529E-04 9.116657039005101248E-04 1.018386053359593034E-03 1.055338223584889384E-03 8.031723192851314289E-04 7.817946055523870320E-04 8.125838132808045405E-04 1.038742444414690862E-03 1.013908534287876091E-03 1.097000136815393968E-03 8.573832584218345773E-04 8.723516533125115621E-04 8.085653899711495781E-04 1.095568218712161769E-03 1.112059346028666535E-03 1.084557103745890450E-03 1.222456358523903728E-03 1.262088566534592862E-03 8.964646744554342385E-04 1.006481721133210263E-03 7.999899719929945289E-04 7.212568967261092550E-04 7.630975392851900877E-04 8.007509692746956915E-04 8.718831925935898938E-04 6.979584365955938128E-04 8.665172113211301076E-04 9.865384068649528816E-04 1.059465690975543162E-03 1.135696966358483960E-03 1.083867110202395029E-03 1.097045366439467796E-03 1.110669669440806501E-03 1.074447161567501207E-03 8.701840152330206574E-04 9.895059400263227396E-04 9.716707774038025724E-04 1.084484202681055892E-03 1.349296005437618934E-03 1.279007360552883747E-03 1.327310846885461880E-03 1.202251990171220508E-03 1.160761032332516176E-03 1.066289828052347172E-03 1.219819991512965506E-03 1.101333670126272311E-03 1.224565235620554259E-03 1.076988008115062519E-03 1.086517054195993348E-03 9.596427661828834397E-04 1.062420644214460540E-03 1.094152245660041716E-03 1.049207550864965539E-03 8.662562939776663560E-04 7.061137007761597237E-04 6.903520915208194398E-04 5.625074879965140341E-04 7.143177946890902612E-04 7.649333588368031293E-04 6.035432636211613636E-04 5.401944096982858479E-04 6.022807155166271355E-04 5.810678141281453227E-04 6.942697482734945611E-04 7.199284486677849952E-04 6.618655520533894181E-04 7.409724483739730475E-04 6.306253748463827753E-04 4.945186281596002879E-04 4.850535968967120627E-04 5.246107408004975579E-04 4.409596720854228416E-04 4.211753529332679298E-04 4.263090069893567800E-04 3.612361634990485779E-04 3.705165416281456961E-04 5.450976427720626016E-04 4.687843868047325340E-04 4.811516907831997676E-04 5.257593338570120149E-04 5.362725268440576018E-04 4.924945428378201635E-04 4.811238507280592006E-04 5.893288123039713399E-04 5.507818624195925244E-04 5.475709087346073561E-04 5.316924092272686669E-04 7.054838069620396378E-04 8.289001020052290608E-04 6.825880515987611027E-04 4.956138421140615343E-04 5.298633843546202800E-04 6.495014147754673639E-04 7.839317619885070951E-04 9.491520320913879056E-04 7.091518643890014437E-04 5.106561264600816214E-04 6.606103620195447187E-04 5.946156247404142930E-04 5.132733408877915900E-04 5.014835572640226292E-04 5.544897905120999221E-04 5.397395001492838766E-04 1.000000000000000021E-03
1.000000000000000021E-03 1.000000000000000021E-03 1.000000000000000021E-03 1.000000000000000021E-03 1.000000000000000021E-03 1.000000000000000021E-03 1.000000000000000021E-03 1.000000000000000021E-03 1.000000000000000021E-03 1.000000000000000021E-03 1.000000000000000021E-03 1.000000000000000021E-03 1.000000000000000021E-03 1.000000000000000021E-03 1.000000000000000021E-03 1.000000000000000021E-03 1.000000000000000021E-03 1.000000000000000021E-03 1.000000000000000021E-03 1.000000000000000021E-03 1.000000000000000021E-03 1.000000000000000021E-03 1.000000000000000021E-03 1.000000000000000021E-03 1.000000000000000021E-03 1.000000000000000021E-03 1.000000000000000021E-03 1.000000000000000021E-03 1.000000000000000021E-03 1.000000000000000021E-03 1.000000000000000021E-03 1.000000000000000021E-03 1.000000000000000021E-03 1.000000000000000021E-03 1.000000000000000021E-03 1.690538934660469140E-03 1.699615078864485061E-03 1.473007275961378234E-03 1.407068120918282582E-03 1.651513144495434567E-03 1.597131843890324055E-03 1.591030521665991442E-03 1.689736516554542689E-03 1.914265215795414588E-03 1.729516200637790189E-03 1.339105090215628744E-03 1.211395725741101640E-03 1.288400456346555688E-03 1.224078385812620538E-03 1.060429531176755895E-03 1.007652907959337863E-03 7.614926492220721590E-04 9.828011390472437148E-04 9.878323525769653560E-04 1.099870144861279844E-03 1.214503773369395240E-03 1.371809165553127072E-03 9.336242778307843977E-04 7.028928713773321523E-04 8.243343177937006690E-04 7.363003289413961022E-04 8.617057313931883542E-04 1.001640025337787029E-03 1.010150254870646313E-03 9.220315762196914502E-04 8.983145368145076595E-04 9.681455752502938052E-04 8.610739078523153107E-04 7.779111453057100094E-04 8.598339908227621130E-04 1.064575923405852113E-03 8.392028868898659564E-04 8.027021046173301796E-04 9.579109434026176042E-04 9.970059334240000126E-04 9.079315783919094046E-04 9.829470259899632939E-04 1.109672267957951750E-03 1.119907983722490900E-03 9.620238675944468073E-04 1.090329509871679073E-03 1.104564402456308884E-03 1.185267392805876199E-03 1.198258246249998262E-03 9.298985967006428554E-04 1.097598031739610049E-03 1.384374181142552628E-03 1.249261050436277108E-03 1.289494167231431797E-03 1.365404012128315246E-03 1.326266554489345922E-03 1.119887116471404319E-03 1.353072760287443331E-03 1.255206887942009013E-03 1.124161799618927753E-03 1.213159481765597146E-03 1.054722546996327915E-03 9.971771256416463083E-04 1.176614281537808780E-03 9.680306751314538211E-04 7.959909841391553690E-04 7.552420390820601152E-04 7.102572359087542826E-04 6.504674998573495813E-04 7.702313177845525978E-04 7.804274484660344777E-04 7.267702661415524363E-04 7.167020594545738020E-04 6.782616925857731186E-04 6.246136033030345825E-04 6.936345565473155507E-04 6.667802142066323132E-04 7.268013426664676931E-04 6.976389197775683358E-04 6.889385566750817324E-04 5.588033756154162351E-04 5.045562198538242451E-04 4.486886906336725223E-04 4.140189230414905103E-04 3.763969309698153229E-04 3.929654246503099272E-04 3.984671739069474417E-04 4.314709100385708549E-04 5.572845323074957294E-04 5.579741470273513748E-04 7.414119068010813609E-04 4.921303180938784057E-04 4.442542517445943469E-04 4.442812021853861470E-04 4.909794476495722530E-04 5.154971761018234053E-04 5.926927527833430629E-04 6.154634171402039019E-04 5.942901613592556321E-04 7.253802894789308136E-04 7.163640810493491313E-04 7.010018642070438505E-04 5.440024044852060986E-04 6.214794319663413625E-04 6.791117249698286730E-04 8.366971719606917414E-04 7.946465001943549917E-04 5.267245983279980484E-04 5.481178299753435360E-04 6.073987524887135801E-04 5.753247117311030860E-04 5.621558379896542850E-04 5.659072239156219802E-04 6.314934166184565370E-04 6.235721851274333202E-04 1.000000000000000021E-03
1.000000000000000021E-03 1.000000000000000021E-03 1.000000000000000021E-03 1.000000000000000021E-03 1.000000000000000021E-03 1.000000000000000021E-03 1.000000000000000021E-03 1.000000000000000021E-03 1.000000000000000021E-03 1.000000000000000021E-03 1.000000000000000021E-03 1.000000000000000021E-03 1.000000000000000021E-03 1.000000000000000021E-03 1.000000000000000021E-03 1.000000000000000021E-03 1.000000000000000021E-03 1.000000000000000021E-03 1.000000000000000021E-03 1.000000000000000021E-03 1.000000000000000021E-03 1.000000000000000021E-03 1.000000000000000021E-03 1.000000000000000021E-03 1.000000000000000021E-03 1.000000000000000021E-03 1.000000000000000021E-03 1.000000000000000021E-03 1.000000000000000021E-03 1.000000000000000021E-03 1.000000000000000021E-03 1.000000000000000021E-03 1.000000000000000021E-03 1.680032853869426910E-03 1.603397830690789271E-03 1.872484215738130266E-03 1.970604455062170603E-03 2.275029578083438784E-03 1.916273271778796972E-03 1.814121203778304480E-03 1.768645214576127162E-03 1.580619840828079159E-03 1.962338867423041484E-03 2.297365907401305134E-03 2.515330470498149205E-03 1.718579272834502847E-03 1.541629373303847125E-03 1.342449810410454138E-03 1.272305362876046319E-03 1.094012178371951650E-03 9.875012892542594373E-04 9.956105757447473049E-04 9.943786467117409888E-04 1.063972821646457520E-03 1.155001232062386786E-03 1.144842051553203845E-03 1.491672122848888924E-03 1.103701488430518804E-03 8.793474894166193687E-04 6.503459575678279632E-04 7.767627128150832866E-04 9.089025901506491128E-04 8.323213338608325502E-04 8.298703466066773005E-04 8.744575220187491161E-04 8.750674024300079262E-04 8.262998326464673568E-04 7.472138143420424105E-04 8.177881672959496197E-04 7.430083783268937644E-04 1.204633540043488753E-03 9.105279900989046151E-04 8.984232352804895089E-04 1.015017410983754410E-03 9.966051464614814146E-04 8.692852663160080063E-04 9.314005337359868106E-04 1.128575927237590896E-03 1.040248455021711843E-03 9.904186735209619466E-04 1.131078726352973199E-03 1.250660471081795977E-03 1.316532826087940707E-03 1.315093088118283104E-03 1.119552218091721552E-03 1.608703402297706822E-03 1.421029975934982219E-03 1.238249482804387692E-03 1.158361108444974034E-03 1.371561186060996562E-03 1.214557320416024015E-03 1.235139876721078446E-03 1.320139389296143620E-03 1.510808893003557588E-03 1.149468954483866571E-03 1.227522828209775705E-03 1.093977551986640307E-03 1.049124938316700183E-03 1.005384880514638641E-03 7.924253861049601003E-04 6.621706964582552276E-04 5.590725504625433618E-04 5.558527793792572211E-04 6.381453453323559285E-04 6.415265497786299667E-04 6.723509622991594636E-04 8.341694336167725359E-04 7.265021436921774781E-04 6.508813455748877885E-04 6.842821481749865277E-04 6.841614913326511845E-04 6.219267642212266333E-04 6.543904370385907835E-04 6.994476735518469603E-04 6.470930382237006324E-04 7.692955640909308933E-04 5.619557620681760830E-04 3.828834210093123055E-04 3.796204201693910343E-04 3.918242820239461696E-04 4.872455158105916417E-04 5.626572725777083872E-04 6.006689731756769280E-04 5.735932831740152239E-04 5.193029470514761098E-04 6.120877999268678916E-04 5.425693318594316606E-04 5.155576121901366210E-04 5.121552871142675059E-04 4.713751495018563757E-04 4.929202980409201672E-04 5.321201692923464930E-04 5.329951453757281405E-04 6.249942002785644846E-04 5.433113728793083656E-04 6.384822608505064546E-04 5.352264444067694965E-04 5.332817778255480356E-04 6.746069954731924966E-04 5.823294108147460731E-04 6.277210531744497907E-04 7.124235119653797100E-04 6.624502588163997101E-04 6.218400008465858452E-04 5.299247290818133449E-04 5.375227935051526658E-04 5.138017012802793262E-04 4.537168980745811230E-04 4.470129081169052910E-04 5.720327134397927994E-04 1.000000000000000021E-03
1.000000000000000021E-03 1.000000000000000021E-03 1.000000000000000021E-03 1.000000000000000021E-03 1.000000000000000021E-03 1.000000000000000021E-03 1.000000000000000021E-03 1.000000000000000021E-03 1.000000000000000021E-03 1.000000000000000021E-03 1.000000000000000021E-03 1.000000000000000021E-03 1.000000000000000021E-03 1.000000000000000021E-03 1.000000000000000021E-03 1.000000000000000021E-03 1.000000000000000021E-03 1.000000000000000021E-03 1.000000000000000021E-03 1.000000000000000021E-03 1.000000000000000021E-03 1.000000000000000021E-03 1.000000000000000021E-03 1.000000000000000021E-03 1.000000000000000021E-03 1.000000000000000021E-03 1.000000000000000021E-03 1.000000000000000021E-03 1.000000000000000021E-03 1.000000000000000021E-03 1.000000000000000021E-03 1.462524073956118558E-03 1.440219499449044800E-03 1.599327711669538184E-03 1.885571475820810869E-03 2.120687210916490876E-03 2.277827058771649937E-03 2.106662726062674858E-03 1.906167372433476481E-03 1.926546714616872956E-03 1.855768165497016960E-03 1.949924830907750605E-03 2.367721124843908363E-03 2.296986973699883302E-03 2.246935104002941493E-03 2.018249926786595989E-03 1.768290063133694072E-03 1.363568460673859634E-03 1.044015810960597203E-03 1.163058433094831933E-03 1.137768530860306391E-03 8.841572845026467002E-04 1.021746054485276993E-03 1.129706499347052926E-03 1.264173279377443218E-03 1.227926817617110361E-03 1.206625674087114701E-03 1.113301505018887087E-03 9.238682554281186501E-04 9.617283723026088995E-04 7.599185776458364889E-04 7.392323807358645339E-04 8.976747689069021225E-04 7.911086957552254618E-04 9.085821721727027536E-04 8.898026851082294552E-04 8.097720297853415634E-04 8.303047198588644909E-04 9.654876726105435496E-04 8.775875406217779071E-04 9.068527360763527397E-04 8.451755925032723412E-04 6.997016823241003795E-04 7.312381896156884336E-04 8.634622601027912552E-04 9.501344966595518578E-04 9.663838100651834639E-04 1.135773406005629585E-03 1.014416055050138031E-03 7.997109095975324117E-04 9.687722620182778570E-04 8.876986847468186243E-04 1.167198409126565676E-03 1.358334987256142826E-03 1.462258976761028314E-03 1.336965511518411901E-03 1.451790415848019109E-03 1.350722080148048301E-03 1.528637190266174785E-03 1.520688255502964563E-03 1.604225542311878486E-03 1.576344316499673831E-03 1.542811024304120617E-03 1.327275130828903206E-03 1.263410048496198127E-03 1.267541776172753957E-03 8.793635580448213749E-04 7.417090798573885068E-04 9.743402516824868891E-04 7.931318791599803637E-04 6.375080091299224674E-04 5.050948875456697570E-04 6.447903234892026674E-04 6.432254309723101212E-04 6.862250184433441253E-04 8.449973687116959413E-04 8.650846208484811459E-04 8.400382602188903635E-04 8.621268254100657689E-04 7.690139232802206464E-04 7.534841884887343976E-04 7.440132168095965007E-04 7.563064531014509909E-04 6.343232651494951383E-04 6.585423899586108918E-04 6.253697639717331743E-04 5.501450078048420985E-04 5.226681441273846188E-04 4.852495212811675797E-04 4.596118755724666496E-04 5.827835568862869964E-04 7.612933346421864832E-04 7.156441249819771137E-04 7.511241251042820094E-04 5.567591701937903625E-04 4.884087260440064544E-04 4.355743164161758000E-04 4.976109184336358938E-04 5.140601742459309379E-04 4.294556567953883405E-04 4.873898247693250665E-04 5.398267460441588282E-04 5.091201063589293179E-04 6.685966144209089333E-04 5.574382984271042613E-04 6.396933418285076544E-04 5.965824681431089287E-04 6.003044693004449314E-04 5.359117791006328844E-04 5.860008915970756158E-04 4.960921557214965222E-04 6.696822799369242301E-04 6.769773493327007263E-04 5.828441874570750416E-04 5.189560648387686820E-04 5.241677562429503936E-04 5.296134651024796006E-04 5.457645852932263347E-04 3.829459620741674434E-04 4.394423374450482072E-04 1.000000000000000021E-03
1.000000000000000021E-03 1.000000000000000021E-03 1.000000000000000021E-03 1.000000000000000021E-03 1.000000000000000021E-03 1.000000000000000021E-03 1.000000000000000021E-03 1.000000000000000021E-03 1.000000000000000021E-03 1.000000000000000021E-03 1.000000000000000021E-03 1.000000000000000021E-03 1.000000000000000021E-03 1.000000000000000021E-03 1.000000000000000021E-03 1.000000000000000021E-03 1.000000000000000021E-03 1.000000000000000021E-03 1.000000000000000021E-03 1.000000000000000021E-03 1.000000000000000021E-03 1.000000000000000021E-03 1.000000000000000021E-03 1.000000000000000021E-03 1.000000000000000021E-03 1.000000000000000021E-03 1.000000000000000021E-03 1.000000000000000021E-03 1.000000000000000021E-03 1.000000000000000021E-03 1.417938927122809828E-03 1.239153982573704474E-03 1.389651242782728594E-03 1.419096124460097943E-03 1.236633107839735625E-03 1.583239117266009360E-03 1.910768209797172662E-03 2.134331439305056904E-03 1.670962782569340287E-03 1.876424627239999324E-03 1.797413449968708003E-03 2.086178701432839493E-03 2.000069084764495488E-03 1.870886958113012746E-03 1.735733317904278360E-03 1.967331638906039733E-03 1.666828733667554199E-03 1.470066368436865993E-03 9.740538365895666170E-04 1.233015502243843152E-03 1.161852965698407418E-03 1.054055472389532578E-03 9.218211915716230083E-04 1.008209501688981085E-03 9.735601675073381287E-04 1.191128935298498654E-03 1.233680083868081119E-03 1.434268791374920934E-03 1.179647090465474552E-03 8.485157993884778196E-04 8.428040469536444805E-04 6.087377354460318021E-04 6.583627804024785434E-04 6.016340457862558427E-04 8.073929920522732130E-04 7.675877376836239517E-04 1.021440766542908119E-03 9.549198473763802555E-04 9.940088459608731851E-04 1.043700408957781971E-03 9.510888101477483645E-04 9.350679607071087389E-04 7.247569740905421797E-04 7.126742423685597386E-04 8.255887673079783697E-04 6.977224900565440766E-04 7.928708542382986854E-04 9.913767435863942573E-04 9.365738528729732060E-04 9.105429189853822287E-04 9.105229249258570221E-04 9.289281071423110625E-04 1.314102226409658318E-03 1.336550685405389497E-03 1.362810283469362890E-03 1.254351137918419210E-03 1.372416064707981595E-03 1.280488457338963774E-03 1.730960061633752276E-03 1.396724393744646709E-03 1.237212588541494523E-03 1.192003329586022176E-03 1.076643852439541438E-03 1.015419142021245285E-03 1.224338881534521757E-03 1.026130757650509269E-03 9.138717274713718981E-04 7.221710577159734610E-04 7.032992840873253902E-04 5.991377133726485168E-04 5.365922273178364444E-04 7.027950372024790353E-04 7.249920113886849579E-04 7.011827416278784220E-04 7.214831049537194117E-04 6.982509756655858437E-04 7.790183409391570344E-04 8.441904011231565882E-04 8.546901773113285607E-04 7.743241832968050971E-04 7.597868159242354355E-04 8.476885637803884552E-04 6.480070826954802696E-04 6.023727432863852389E-04 6.396185051724119323E-04 6.173050825877497488E-04 6.502724511939799888E-04 6.419860868576159237E-04 6.134110115946861614E-04 4.783149597884830940E-04 6.621868635248602791E-04 7.983170221496410559E-04 8.094479815993939212E-04 8.288013753444213377E-04 7.566355008315101298E-04 5.003836206379184146E-04 4.151718174857393527E-04 4.306801666991816021E-04 5.781988747918001244E-04 5.402125818577973877E-04 5.869925292890392941E-04 5.676376692106760912E-04 5.501443694035565955E-04 6.056089343494518596E-04 5.815499528594138745E-04 5.472080134993682725E-04 5.371765549442940714E-04 6.717829169251763027E-04 5.363470933676998086E-04 5.459712825046585767E-04 4.916404194689104551E-04 5.300868321600376350E-04 6.353105119552182774E-04 5.539605234562474658E-04 4.916513169139987999E-04 5.623721100541382223E-04 6.367070514188389414E-04 5.455675076325891245E-04 4.458177599760382542E-04 4.559436789176700162E-04 1.000000000000000021E-03
1.000000000000000021E-03 1.000000000000000021E-03 1.000000000000000021E-03 1.000000000000000021E-03 1.000000000000000021E-03 1.000000000000000021E-03 1.000000000000000021E-03 1.000000000000000021E-03 1.000000000000000021E-03 1.000000000000000021E-03 1.000000000000000021E-03 1.000000000000000021E-03 1.000000000000000021E-03 1.000000000000000021E-03 1.000000000000000021E-03 1.000000000000000021E-03 1.000000000000000021E-03 1.000000000000000021E-03 1.000000000000000021E-03 1.000000000000000021E-03 1.000000000000000021E-03 1.000000000000000021E-03 1.000000000000000021E-03 1.000000000000000021E-03 1.000000000000000021E-03 1.000000000000000021E-03 1.000000000000000021E-03 1.000000000000000021E-03 1.344531012935046201E-03 1.308817748287384626E-03 1.497749414579970873E-03 1.812931156382585314E-03 1.257229260303007780E-03 1.300966181863256197E-03 1.324156348089198468E-03 1.539489191076887824E-03 1.860216742349677212E-03 1.870545026472759031E-03 1.876509006822171463E-03 2.097644215817347137E-03 1.852415318036477413E-03 2.084696024214975976E-03 1.807471823215970599E-03 1.693313486902863841E-03 1.547337477847057687E-03 1.500927334748492371E-03 1.617545227418598890E-03 1.476900262742249139E-03 1.349256054781052807E-03 9.901319474716651411E-04 9.761559665383835434E-04 9.412437480082998589E-04 7.828099934845426586E-04 7.517670437000346668E-04 8.310815614033100233E-04 1.408091749055222783E-03 1.380984067688590224E-03 1.300053181531789399E-03 9.821502950651491738E-04 7.654219738522163863E-04 7.223302565505517218E-04 7.648505426133130839E-04 7.761239523049369296E-04 6.847528438555646954E-04 7.758900229069786141E-04 8.203834354517177026E-04 9.280120219617610548E-04 9.296025358772253737E-04 9.011735940777252860E-04 9.442089615915605924E-04 9.015487152957781837E-04 7.706840766131573288E-04 7.360031484176449753E-04 5.891208431424609570E-04 6.740194521578331873E-04 6.324209711296833623E-04 6.691896083341039494E-04 7.392223438166033254E-04 8.243822298909553618E-04 8.368164948136049041E-04 9.366923780600703740E-04 1.150951890793430656E-03 1.565882805890471755E-03 1.396245608020733105E-03 1.351752831333515384E-03 1.322088724249880463E-03 1.453896801757932275E-03 1.279135446608925227E-03 1.301029382537849041E-03 1.457518558536325575E-03 1.471651177088272033E-03 1.292369364838742360E-03 1.041877881110351211E-03 9.627777756964438736E-04 9.545257748329693918E-04 1.013531747586911454E-03 9.854812727443428098E-04 7.805177906231357482E-04 6.621976216286904740E-04 6.486481975318328375E-04 6.775162213682035762E-04 7.969143586720368617E-04 8.029695254220322199E-04 8.661064593620075840E-04 7.800121214291014324E-04 7.691551185653153254E-04 8.213634862880292431E-04 9.386214011353870030E-04 9.182923325046680281E-04 1.056120726360277283E-03 8.881580494390209140E-04 8.044536435924609045E-04 6.423611433686248449E-04 6.591766755511200681E-04 4.717417493262083639E-04 6.589178064634830913E-04 6.194761245439973918E-04 6.564416591836514693E-04 5.923442644495128173E-04 5.700537358782193070E-04 6.638574865246691954E-04 7.108746627444124206E-04 9.110490155427465988E-04 8.228604089115042859E-04 7.521237594853638631E-04 5.932602795845723668E-04 5.552506011949867766E-04 5.688714951480033097E-04 5.762504213781247152E-04 5.821912295875696823E-04 5.037652970289041706E-04 5.649117697991416125E-04 4.602203053952400838E-04 5.106337825265844666E-04 5.795387060510286169E-04 5.777014513039483313E-04 6.525228121802010206E-04 6.116343674553585729E-04 5.289182045876084310E-04 4.699691367868872498E-04 5.216710270513548898E-04 4.956027969842786377E-04 5.750417143379369864E-04 6.126285425547220052E-04 5.435524455740589752E-04 4.438315286197328934E-04 5.543327634549643319E-04 5.416410755869949288E-04 4.926577382795441305E-04 5.387686208138879433E-04 1.000000000000000021E-03
1.000000000000000021E-03 1.000000000000000021E-03 1.000000000000000021E-03 1.000000000000000021E-03 1.000000000000000021E-03 1.000000000000000021E-03 1.000000000000000021E-03 1.000000000000000021E-03 1.000000000000000021E-03 1.000000000000000021E-03 1.000000000000000021E-03 1.000000000000000021E-03 1.000000000000000021E-03 1.000000000000000021E-03 1.000000000000000021E-03 1.000000000000000021E-03 1.000000000000000021E-03 1.000000000000000021E-03 1.000000000000000021E-03 1.000000000000000021E-03 1.000000000000000021E-03 1.000000000000000021E-03 1.000000000000000021E-03 1.000000000000000021E-03 1.000000000000000021E-03 1.000000000000000021E-03 1.000000000000000021E-03 1.398402053080034053E-03 1.409783598365813668E-03 1.523258520352964050E-03 1.343786526415105542E-03 1.556193896808286473E-03 1.486345883755128784E-03 1.356049696596343772E-03 1.387237112843438735E-03 1.726075732686199564E-03 1.679038649247796685E-03 2.159189301888451464E-03 2.004825552096391617E-03 2.080568380415898522E-03 2.063466159239243664E-03 1.773388708173223062E-03 1.328715282386031720E-03 1.210893647621728592E-03 1.166691760674805562E-03 1.244981954640886346E-03 1.304688958036410431E-03 1.562632601031392404E-03 1.218044047875142593E-03 1.113261962963386486E-03 1.141164644922786683E-03 9.417805763111609290E-04 7.855708129470787698E-04 1.045701592609349839E-03 1.047951801684398861E-03 1.518360530548149749E-03 1.270350599087443667E-03 1.236611697965465679E-03 1.017040768509818588E-03 7.322933694377782923E-04 7.274465296566267995E-04 8.509238958511265282E-04 7.519055860926985484E-04 7.405264453502158296E-04 7.739886645949577105E-04 8.096202433114803830E-04 7.963894528474390125E-04 8.492521111909291784E-04 7.789090768390313866E-04 9.297538246953101571E-04 7.318916259491226430E-04 6.263414498707463264E-04 7.580413911776389888E-04 5.168304828332354398E-04 5.653199255277358308E-04 4.793293486008843424E-04 5.570698109152702514E-04 6.750620529963886722E-04 9.847922854600630986E-04 9.916724450160724694E-04 9.336128513513390409E-04 9.567063971306475787E-04 1.362714087547858615E-03 1.257935960972398834E-03 1.255449229082136135E-03 1.610449695341274919E-03 1.564987036339920761E-03 1.437417677927522357E-03 1.387380838299807516E-03 1.282966081818661839E-03 1.355819237545855677E-03 1.362449048091062768E-03 1.183356968431888709E-03 1.047025279650753765E-03 1.032105255614757617E-03 1.218090463365781306E-03 9.975596058735903063E-04 7.975037003331141711E-04 7.403704603333800989E-04 7.148759156874441795E-04 8.211585969652232401E-04 7.486459918957517716E-04 9.312564964790487256E-04 9.001009601072099131E-04 9.417186721786338513E-04 6.483869681597044608E-04 7.753351392994812814E-04 9.142657431970959217E-04 1.137231918258641700E-03 1.207824691594729972E-03 1.251680994012097266E-03 1.007767926582974318E-03 7.343055245486948285E-04 6.511140063006143818E-04 6.997555219192591516E-04 7.889221658936915313E-04 7.471760863530074303E-04 7.839200509810064334E-04 5.786692382024644522E-04 6.788386109656596506E-04 7.197872709658029080E-04 8.902806141093610407E-04 8.776307032647881045E-04 1.004928235766326585E-03 7.511052334730055355E-04 7.216752102647272515E-04 7.556399449275687068E-04 7.278587275213424957E-04 5.401538626590110959E-04 4.651201605558151356E-04 4.555638196909396107E-04 4.884277157458062017E-04 4.129858820472528816E-04 4.614560062379383424E-04 6.021263182357889862E-04 5.680099498747372046E-04 5.773766383052418832E-04 5.368810122694551035E-04 5.989179941420409584E-04 4.836523234695310511E-04 4.864273560034902471E-04 5.721968293683520664E-04 5.680587852663721926E-04 6.835694394437125121E-04 4.669968022812894838E-04 4.388463581914190227E-04 4.975518739962972578E-04 5.412145999583519189E-04 6.235729000849815629E-04 6.144622751579123781E-04 1.000000000000000021E-03
1.000000000000000021E-03 1.000000000000000021E-03 1.000000000000000021E-03 1.000000000000000021E-03 1.000000000000000021E-03 1.000000000000000021E-03 1.000000000000000021E-03 1.000000000000000021E-03 1.000000000000000021E-03 1.000000000000000021E-03 1.000000000000000021E-03 1.000000000000000021E-03 1.000000000000000021E-03 1.000000000000000021E-03 1.000000000000000021E-03 1.000000000000000021E-03 1.000000000000000021E-03 1.000000000000000021E-03 1.000000000000000021E-03 1.000000000000000021E-03 1.000000000000000021E-03 1.000000000000000021E-03 1.000000000000000021E-03 1.000000000000000021E-03 1.000000000000000021E-03 1.467496344010265144E-03 1.274728787076444530E-03 1.279611709380314849E-03 1.694793207340977497E-03 1.206401423182062267E-03 1.422788612268424029E-03 1.277725266597085942E-03 1.345842695150042435E-03 1.222297144686670424E-03 1.247962114216351033E-03 1.366661444016717191E-03 1.547547982631386227E-03 1.958942292214722013E-03 1.928931613516662001E-03 1.439864880159776343E-03 1.625924802328943680E-03 1.455233763306210343E-03 1.277256681582497524E-03 1.151263156390458118E-03 8.637425944487833003E-04 1.173934117723883985E-03 1.252072411979206082E-03 1.015727251557301805E-03 1.351373454986349275E-03 1.357166662469398493E-03 8.291522828794230032E-04 7.445852062907449848E-04 9.727857459532081568E-04 1.195523435950021293E-03 1.075965985270191513E-03 1.153879992392787537E-03 1.244062914641652770E-03 1.053492582224240665E-03 8.310767036291627843E-04 9.274201826299989949E-04 1.004895760432215034E-03 9.033912222437341828E-04 7.520885597971027018E-04 6.731192863322554495E-04 8.083617789741192119E-04 7.680201011542192330E-04 6.571660155347469265E-04 7.462023982539715307E-04 6.176298535685384060E-04 8.557241228987007460E-04 7.068845808579405938E-04 6.626635025975257396E-04 6.937850551644437992E-04 4.943223120621137272E-04 5.202886628715539148E-04 4.441783067468562567E-04 5.739860897797861069E-04 6.760763635199759040E-04 9.205167584787924892E-04 7.799516879565155129E-04 9.808845984767072205E-04 1.344066312927264277E-03 1.530089046656628749E-03 1.373324887369546969E-03 1.603789979273547448E-03 1.322764917580349737E-03 1.394333171742146750E-03 1.226548912404863516E-03 1.409016937525605674E-03 1.399919291238305077E-03 1.484866032020637277E-03 1.327629713157307172E-03 1.308226767489967203E-03 1.248510168421987929E-03 9.400942486732640976E-04 1.108744952087219442E-03 1.212267544841561786E-03 9.489248504562300401E-04 8.116006388259517680E-04 8.770308743678008161E-04 1.099090392049466075E-03 9.960380603265472314E-04 8.809053318865021909E-04 7.185226428999336775E-04 7.363989164034885539E-04 7.113797936905291459E-04 6.559522777053334577E-04 8.514585883171076281E-04 8.982718296523604495E-04 1.279987685379991051E-03 1.395637309873280383E-03 1.126963078632534001E-03 8.536069504871314105E-04 7.274505821473542305E-04 7.850384991226114608E-04 7.075330294810481266E-04 6.577006658658079074E-04 6.536479381766536990E-04 6.345435618490261791E-04 6.616780194861303366E-04 7.335764305650789227E-04 7.802270164435662174E-04 9.127214883992841414E-04 9.159703757123381944E-04 1.013615898238076846E-03 9.565655025781691183E-04 6.539753784859783431E-04 6.557122496921246419E-04 7.036202242439158240E-04 4.406126839305057104E-04 5.232877512583611768E-04 4.897078818079078676E-04 4.090160561411721710E-04 4.954891321473520877E-04 6.141101374580653976E-04 7.319350377806261394E-04 7.676290463555953932E-04 6.505896264479338114E-04 6.261659648424473985E-04 5.613324443485668376E-04 5.306072138558807008E-04 5.538907619647108612E-04 5.861188928431531990E-04 7.130677846135455300E-04 5.246874648515282820E-04 5.316800175113331819E-04 6.692474174201862910E-04 6.522232705657296037E-04 6.350311958701438742E-04 6.743450715767582149E-04 1.000000000000000021E-03
1.000000000000000021E-03 1.000000000000000021E-03 1.000000000000000021E-03 1.000000000000000021E-03 1.000000000000000021E-03 1.000000000000000021E-03 1.000000000000000021E-03 1.000000000000000021E-03 1.000000000000000021E-03 1.000000000000000021E-03 1.000000000000000021E-03 1.000000000000000021E-03 1.000000000000000021E-03 1.000000000000000021E-03 1.000000000000000021E-03 1.000000000000000021E-03 1.000000000000000021E-03 1.000000000000000021E-03 1.000000000000000021E-03 1.000000000000000021E-03 1.000000000000000021E-03 1.000000000000000021E-03 1.000000000000000021E-03 1.000000000000000021E-03 1.294958682376781299E-03 1.208637216302293604E-03 1.324482407896683100E-03 1.337046398083167062E-03 1.290964064941411537E-03 1.044076498539491709E-03 1.098736035090870427E-03 1.265345469222948658E-03 1.268522800740273142E-03 1.490868159294165326E-03 1.262608100602745885E-03 1.376797448624235334E-03 1.554404179087515332E-03 1.817627639359181311E-03 1.821715661658818456E-03 1.602009782796101969E-03 1.486572662865010518E-03 1.053953000293304711E-03 1.148333579956375321E-03 1.084241857729939052E-03 9.027922393836633084E-04 9.356506995575512116E-04 9.642305656316472627E-04 9.058485545715413631E-04 9.773806369700029171E-04 1.077349689973988332E-03 1.013263477985784774E-03 1.116748895099474665E-03 1.025831637878521323E-03 9.297463162665828675E-04 1.020941582669881781E-03 9.228662359043510090E-04 9.932526678466751212E-04 1.092179981327041525E-03 1.225313006867199961E-03 1.057929606642205858E-03 1.150627941079789386E-03 9.624787821652449086E-04 8.523221362566478672E-04 7.168857331590659061E-04 5.832883989117217463E-04 7.801839014337812921E-04 7.844742896569931179E-04 7.153867825689903337E-04 6.755519976856741307E-04 6.992202997747335369E-04 6.468710699306832405E-04 5.650381248210303766E-04 6.076841711091604146E-04 4.840797637725521461E-04 4.331288622717879518E-04 5.300130190474195346E-04 6.067261200966595370E-04 7.838722907624637130E-04 8.179390500683778866E-04 9.503752838661667316E-04 1.174535176827935529E-03 1.338807845108813894E-03 1.898228894068340264E-03 1.731891009936503819E-03 1.253495849840112648E-03 1.186946645489466486E-03 1.276150804898750499E-03 1.255432428951795427E-03 1.253756182110419594E-03 1.117941471815891812E-03 1.497064994718117978E-03 1.477681048021537921E-03 1.535155075518533120E-03 1.238035158270453778E-03 1.034600217277913863E-03 1.464559429826565876E-03 1.247222722699072115E-03 9.692775227300022382E-04 9.156023922819146949E-04 9.728032969350832414E-04 9.916500964516625823E-04 9.373439866077178193E-04 8.090373553599211490E-04 6.788535977720461505E-04 7.075357893901297818E-04 7.712705648334314441E-04 8.082663511026887820E-04 7.483697447481636690E-04 9.113881356988593309E-04 1.172273331808280005E-03 1.234368073336186093E-03 1.122386409341376940E-03 1.040639069421330550E-03 9.181980711440425411E-04 8.069276296930879633E-04 7.441053405355609095E-04 8.163371241783530258E-04 7.757556367417727406E-04 6.258304469936242604E-04 5.352466093239921594E-04 6.751363391350132664E-04 7.977017421667493332E-04 8.300507239783985356E-04 9.493942656732234356E-04 9.920364867304610167E-04 7.853082569153677474E-04 6.038717436607727923E-04 7.227289547293185620E-04 6.796701717250756229E-04 5.666651212989996496E-04 5.380345009258410147E-04 3.918195259985410121E-04 4.343612831291025441E-04 4.559407837053117488E-04 6.321183354873882851E-04 8.428979803945338975E-04 6.021185118346652652E-04 6.947992236390974343E-04 8.100797198012880257E-04 7.198906031921417908E-04 6.331595990698473319E-04 6.179242367570248482E-04 6.416103986642819569E-04 6.743446901848952450E-04 5.508430650492656408E-04 6.265836684144316607E-04 7.596009682675323744E-04 7.055631188020568224E-04 6.089860211603782998E-04 6.320153324129653034E-04 1.000000000000000021E-03
1.000000000000000021E-03 1.000000000000000021E-03 1.000000000000000021E-03 1.000000000000000021E-03 1.000000000000000021E-03 1.000000000000000021E-03 1.000000000000000021E-03 1.000000000000000021E-03 1.000000000000000021E-03 1.000000000000000021E-03 1.000000000000000021E-03 1.000000000000000021E-03 1.000000000000000021E-03 1.000000000000000021E-03 1.000000000000000021E-03 1.000000000000000021E-03 1.000000000000000021E-03 1.000000000000000021E-03 1.000000000000000021E-03 1.000000000000000021E-03 1.000000000000000021E-03 1.000000000000000021E-03 9.949796376400074204E-04 1.363249539895136381E-03 1.287942968198924933E-03 1.388591745212894649E-03 1.264127391339502342E-03 1.369842011479336817E-03 1.206954853316953655E-03 1.029495141235659949E-03 1.021343121775739092E-03 1.190383163215038642E-03 1.368712226672391587E-03 1.452114362668306203E-03 1.461710417040249952E-03 1.609244361224273275E-03 1.536286906340149621E-03 1.460020086530895538E-03 1.066984077159860303E-03 1.098978461960010197E-03 1.051096254833834868E-03 1.036954426294077816E-03 9.089816867223121568E-04 8.916942874292398645E-04 8.439877961152970941E-04 9.902173458539880770E-04 9.879829978734447783E-04 8.470099712230903626E-04 1.029778277915792233E-03 1.058719471829383573E-03 9.732882864901426945E-04 1.310699077663775823E-03 1.092612213780912210E-03 9.459843746144616042E-04 8.293275755772563582E-04 1.081132061990612353E-03 1.143836406009656739E-03 1.092744219802729497E-03 1.198008789082024086E-03 1.126191144964166016E-03 1.264516813597376787E-03 1.020823095804311445E-03 7.229879050083880222E-04 6.199086798984790574E-04 7.517905177832224497E-04 8.841020811658995221E-04 7.649636628977865907E-04 7.644403466767240229E-04 6.135128388972394117E-04 5.694793825837060489E-04 5.481502422366815210E-04 4.803676235935776446E-04 4.864204358257379610E-04 4.629561932883297765E-04 4.863993898999380088E-04 5.079247973558637195E-04 4.865150643172925127E-04 8.045576558599545772E-04 7.552650729738485079E-04 9.206952943397513772E-04 9.727792426633436341E-04 1.257936836746754213E-03 1.553382389563747433E-03 1.462720653079538184E-03 1.459262011397712867E-03 1.186124934139949627E-03 1.339074439315667171E-03 1.335717330438647302E-03 1.088410755870942385E-03 1.277601698559980648E-03 1.376698615031285867E-03 1.327309512170751164E-03 1.389379410557061486E-03 1.013449692154704028E-03 1.091301224630839570E-03 1.174374902088613174E-03 1.215555754005498337E-03 1.086444467186145017E-03 1.155241841854393482E-03 9.554643284216123326E-04 8.595550076312636961E-04 9.948469214614481283E-04 7.411369624143024273E-04 6.305790957158658241E-04 7.351146396290597152E-04 8.163451406449716936E-04 7.552099730372513172E-04 7.378118187971397911E-04 9.638966543371785180E-04 1.175728646610489994E-03 1.213206810043091725E-03 1.153593420284201171E-03 1.068692536553331272E-03 9.202703107741103811E-04 7.090928831158284373E-04 8.495360595594268543E-04 8.789732035587941852E-04 7.333554808291467770E-04 7.770184628180388641E-04 7.419073899082186509E-04 7.407037826737038417E-04 7.701708333952805548E-04 8.104670622975732866E-04 8.337030079561012557E-04 8.186929280481227127E-04 9.006709214397539331E-04 6.591016921019145604E-04 7.671704260810185191E-04 6.879572400253676371E-04 4.706351235689155261E-04 4.887412093502057926E-04 4.401604244612718903E-04 5.252805255946834838E-04 5.037857976691163895E-04 6.114076163322333061E-04 7.764886440628064341E-04 7.643625874551315076E-04 8.427608759992364891E-04 1.009527315172702687E-03 8.521324030619313985E-04 7.475043741319311284E-04 7.702677883636181375E-04 6.484003972843373036E-04 5.740416821199597610E-04 6.356225764641687927E-04 6.803669636946770754E-04 7.100231381699227164E-04 8.425393295126799506E-04 8.162999143391555350E-04 7.915468219005153796E-04 1.000000000000000021E-03
1.000000000000000021E-03 1.000000000000000021E-03 1.000000000000000021E-03 1.000000000000000021E-03 1.000000000000000021E-03 1.000000000000000021E-03 1.000000000000000021E-03 1.000000000000000021E-03 1.000000000000000021E-03 1.000000000000000021E-03 1.000000000000000021E-03 1.000000000000000021E-03 1.000000000000000021E-03 1.000000000000000021E-03 1.000000000000000021E-03 1.000000000000000021E-03 1.000000000000000021E-03 1.000000000000000021E-03 1.000000000000000021E-03 1.000000000000000021E-03 1.000000000000000021E-03 9.780476275180946793E-04 1.104371287946900307E-03 1.275467836969006218E-03 1.115564513931724963E-03 1.191072997305900241E-03 1.159300976731788158E-03 1.336103696944077046E-03 9.161204126038749798E-04 9.581574807624885842E-04 9.605591138184054823E-04 9.394802322355046142E-04 9.915663596923370449E-04 1.333845746705138429E-03 1.493006716235556822E-03 1.382188234242692207E-03 1.505382234737027763E-03 1.454393311761220360E-03 1.123055090883976750E-03 8.023154990731037580E-04 8.961559979369412409E-04 9.059611601429809567E-04 8.013540042222669574E-04 6.666896585519337289E-04 8.029821908640931297E-04 1.087006123061077341E-03 1.171210813192808016E-03 9.561353095168504020E-04 1.154899012009892242E-03 1.099641036708085082E-03 1.072531793870600816E-03 1.135220997301133756E-03 9.715238715607922484E-04 9.962352484143353719E-04 1.111996075042156812E-03 1.023252383141950777E-03 1.068140755108903332E-03 1.003847337295204556E-03 8.841316016475658833E-04 9.261175300130389471E-04 1.068749067346392266E-03 9.332456339198052933E-04 7.113511506354392756E-04 6.844570550133126678E-04 8.427131203643878701E-04 9.805591675091339388E-04 6.722812095041917147E-04 6.626652017305488225E-04 5.584892368031322369E-04 5.454309280853082177E-04 5.175493026236103761E-04 5.479158933154467358E-04 4.481338058393843980E-04 5.004145329089145031E-04 5.228484523574757157E-04 5.874477724695879172E-04 5.412271545491993121E-04 7.535026597323788312E-04 9.031908841484929213E-04 9.039785633751835784E-04 1.171829317653718533E-03 1.274320543790850467E-03 1.429341208607392633E-03 1.333982211482274451E-03 1.464120788779339549E-03 1.384334131829356544E-03 1.396543924875391423E-03 1.331652163026820351E-03 1.527663162387523418E-03 1.592134652116876164E-03 1.568064681036474917E-03 1.542781207602329004E-03 1.297599590610023102E-03 1.025851303505880083E-03 9.666816550475995466E-04 9.018436184801706607E-04 1.044001418637162176E-03 1.167700312772726803E-03 1.074283518434145102E-03 1.096356438236085595E-03 9.484102268833822071E-04 8.626197365801540912E-04 7.555186901358785113E-04 6.215915057124716874E-04 7.273352807230109868E-04 8.878692328515166120E-04 8.141257424453770576E-04 8.162762001889810630E-04 1.029973282721789556E-03 9.526918895965544917E-04 1.112474571556312060E-03 1.096058738377967507E-03 1.010024878167732967E-03 1.068351810026841112E-03 1.019001620083514548E-03 9.689998965455570972E-04 9.951074752732554964E-04 1.047646399643158794E-03 9.470056980533673920E-04 7.980117791858751643E-04 7.207576419923057091E-04 8.395190096694000971E-04 9.339104916051695852E-04 9.773285643491108100E-04 7.996811102335779110E-04 8.874256197053670544E-04 8.005662944374628606E-04 6.996020662309328621E-04 7.418634116491234750E-04 5.641221974045958340E-04 5.419314266696842290E-04 5.060296897987161561E-04 6.167862634625397890E-04 6.402897428169153403E-04 7.275219410474709214E-04 8.036027541006667257E-04 6.453550094876021274E-04 8.192321985639852743E-04 9.133119864360300655E-04 8.747934380926198098E-04 9.002631097602838660E-04 9.597937017316723537E-04 7.358597985065135723E-04 6.022611463896613377E-04 6.213879740572964558E-04 6.623382940937933179E-04 7.956563190117499048E-04 7.007256404942441459E-04 8.473466817217141425E-04 8.708324502596492128E-04 1.000000000000000021E-03
1.000000000000000021E-03 1.000000000000000021E-03 1.000000000000000021E-03 1.000000000000000021E-03 1.000000000000000021E-03 1.000000000000000021E-03 1.000000000000000021E-03 1.000000000000000021E-03 1.000000000000000021E-03 1.000000000000000021E-03 1.000000000000000021E-03 1.000000000000000021E-03 1.000000000000000021E-03 1.000000000000000021E-03 1.000000000000000021E-03 1.000000000000000021E-03 1.000000000000000021E-03 1.000000000000000021E-03 1.000000000000000021E-03 1.000000000000000021E-03 1.441787660069562306E-03 1.162327285716267160E-03 1.191068489974599727E-03 1.240878738723148788E-03 1.129961094133752298E-03 1.127388547617920412E-03 1.199744014759177805E-03 1.260713717349393106E-03 1.048109840820418692E-03 8.954181813895034994E-04 1.017794710354754870E-03 8.619944739380893360E-04 7.961297832472665446E-04 9.715920014128413785E-04 1.134030195750006980E-03 1.389333862259600500E-03 1.160666099493224074E-03 1.267998262485848160E-03 1.065919177779542414E-03 8.230268900309132586E-04 7.474654690446648703E-04 8.425221664212890300E-04 9.353708202507288140E-04 8.809541332766382968E-04 8.713063905561184474E-04 1.073369265545552577E-03 1.078900493668156092E-03 1.069069755729768660E-03 1.313983383678971311E-03 1.082310351132227634E-03 1.205365895561610456E-03 1.121637475506702137E-03 9.777938630386457785E-04 1.040566997682891960E-03 1.136201268457531256E-03 1.024464186789482856E-03 9.938796222295565377E-04 9.171516687954937592E-04 8.644957167374349829E-04 9.224338990971279757E-04 9.530374379657043961E-04 9.302833491172056955E-04 8.548722868331824331E-04 9.153016351973527077E-04 8.188122629903727854E-04 8.629381312294246223E-04 7.304451934279879589E-04 6.149025096280865462E-04 5.590111755830731374E-04 5.383552173654005454E-04 5.051855366068554220E-04 4.430025958736638994E-04 4.306813740970316510E-04 4.445319621360125880E-04 5.811811341223296207E-04 5.755774286822221749E-04 6.470430548295423058E-04 7.229032980702155371E-04 8.408788257793395294E-04 1.022100953835846206E-03 9.239487907693927403E-04 8.772668179839360376E-04 1.148407101139786593E-03 1.143143719813947056E-03 1.196763032749523573E-03 1.354489968328000419E-03 1.259081677236462875E-03 1.451824791197024993E-03 1.701817352149016544E-03 1.930533576297844200E-03 1.727847793664709928E-03 1.664708891958579249E-03 1.288527962627317950E-03 1.042690520516187640E-03 9.188583373297770033E-04 9.322027023683666230E-04 1.084999512815611493E-03 1.400625392920394532E-03 1.055318450592171832E-03 1.207352870760743319E-03 1.145290644704895786E-03 7.650898089128505952E-04 7.336392472011532247E-04 6.360985426584770536E-04 6.774271865809520544E-04 6.982295317294457109E-04 8.043199728880196658E-04 8.530305842685678361E-04 9.518780914364799927E-04 9.684359941656052202E-04 1.049674103784502916E-03 1.110462398547491878E-03 1.085774454435449194E-03 1.116356743031397683E-03 8.946097429271344026E-04 1.000168622936173628E-03 1.093445482167514863E-03 1.018170301257035476E-03 1.135541238089030807E-03 1.071870402067218869E-03 1.077062770673528841E-03 9.157355704511867082E-04 9.622107369543417537E-04 8.129090829964720055E-04 8.588163065765532997E-04 7.449589093081720450E-04 7.984873766081855692E-04 7.084321413542549574E-04 5.761903458677793740E-04 5.239024542038280040E-04 5.619756748478253391E-04 4.638533877941505975E-04 6.326647079043911520E-04 6.631891386629526573E-04 7.944273246509501139E-04 7.263916004366601951E-04 7.598397409454937627E-04 7.456036078878441843E-04 8.535969398583910690E-04 8.499880394755435827E-04 1.061327748419620695E-03 8.930602579372304848E-04 7.638951294233824966E-04 5.732105937425963169E-04 6.934212166742159504E-04 6.173300441055205867E-04 7.242756325228743826E-04 7.181924537930166027E-04 9.127009693941892828E-04 8.032066390061039923E-04 1.000000000000000021E-03
1.000000000000000021E-03 1.000000000000000021E-03 1.000000000000000021E-03 1.000000000000000021E-03 1.000000000000000021E-03 1.000000000000000021E-03 1.000000000000000021E-03 1.000000000000000021E-03 1.000000000000000021E-03 1.000000000000000021E-03 1.000000000000000021E-03 1.000000000000000021E-03 1.000000000000000021E-03 1.000000000000000021E-03 1.000000000000000021E-03 1.000000000000000021E-03 1.000000000000000021E-03 1.000000000000000021E-03 1.000000000000000021E-03 8.948002037296789177E-04 1.044190071439668379E-03 9.201965090501672230E-04 1.214024157897378295E-03 1.170938451285281554E-03 1.090791920785220233E-03 1.133279905704758428E-03 1.121984101705102588E-03 1.151451538785671410E-03 1.033859119006315039E-03 9.022567391794793874E-04 9.322889399454435027E-04 9.689645544653680432E-04 7.348050069427722536E-04 7.197254088955781478E-04 9.234297370236313864E-04 1.216553492585942080E-03 1.078080672894769776E-03 1.167954816055587599E-03 1.018503879621217474E-03 8.101244750432467752E-04 1.039038779516404058E-03 9.905067903491296139E-04 9.170099285354302819E-04 9.090106050228257024E-04 9.875427373358090528E-04 1.018405477260539036E-03 1.052780128883182894E-03 1.150474257440006233E-03 1.145059947451351453E-03 8.326839947985581686E-04 1.011238545310128890E-03 1.038344239799747623E-03 1.097456878588329169E-03 9.113845205340105355E-04 1.012116607038997815E-03 1.009870819984861213E-03 1.086556824241958347E-03 9.183349182254471003E-04 8.061931487648340807E-04 7.395698436024253624E-04 7.880959302174246226E-04 8.917790693349251585E-04 7.391276399384373239E-04 8.833235354649884158E-04 8.342442316761946577E-04 7.983284039773733132E-04 6.241926524722181575E-04 5.850216387255059930E-04 5.459547601669251455E-04 4.069311101122605884E-04 4.713348735549489823E-04 4.767336489048113585E-04 5.148839899722805263E-04 4.700428780534151836E-04 4.653763516748813116E-04 6.123532851673421564E-04 7.057774605691156033E-04 9.881796248686865788E-04 1.073411817046529418E-03 1.064887973695008557E-03 1.114399820351631102E-03 1.018864067129907720E-03 1.114152186229774204E-03 9.292240018252568299E-04 8.910290881118450735E-04 1.198656985252919164E-03 1.275568110573061702E-03 1.561738246334611795E-03 1.668047447390772191E-03 1.449136523522860653E-03 1.724158081777142941E-03 1.608412760369328301E-03 1.463012175287425930E-03 1.289743980024271684E-03 1.302537472684022011E-03 9.836057469846009368E-04 1.088129704500052008E-03 1.191222836819919809E-03 9.020929301647009685E-04 8.375305875182091717E-04 8.536501646579505373E-04 7.267179397585514554E-04 7.400155385036059734E-04 6.573349248964028245E-04 4.798810405113313046E-04 6.360059927737604776E-04 8.365144124651091671E-04 9.441298303929011827E-04 8.804254939293007813E-04 8.665727343991525174E-04 1.107478764054636031E-03 8.835289944800547987E-04 9.406654648333283297E-04 1.039489314550471818E-03 9.800489106698076491E-04 1.069457362456076007E-03 9.555704961073382487E-04 1.179222412876217109E-03 1.479715549006935769E-03 1.142500040034347001E-03 9.739602376725772087E-04 1.099747919536745670E-03 8.942288321036383301E-04 9.307527529077556407E-04 7.913158418187937184E-04 7.203971615916763540E-04 6.107491014512979408E-04 7.344858839098585002E-04 6.691038650761645589E-04 5.769766395135693653E-04 6.192490870516837798E-04 4.637698547958463537E-04 5.137867171220647641E-04 5.105659162336551775E-04 5.925206560613063269E-04 6.763893574543300294E-04 7.536310678208643166E-04 8.259518106012558305E-04 7.839330326180005354E-04 7.153399871490690332E-04 8.700034376455149324E-04 7.828529200159280296E-04 6.960191491688727614E-04 6.727249887227407027E-04 7.775027268996432444E-04 5.516245327273010908E-04 6.469905242641847557E-04 5.587537730084734698E-04 6.135227561235974620E-04 6.962743677876242305E-04 1.000000000000000021E-03
1.000000000000000021E-03 1.000000000000000021E-03 1.000000000000000021E-03 1.000000000000000021E-03 1.000000000000000021E-03 1.000000000000000021E-03 1.000000000000000021E-03 1.000000000000000021E-03 1.000000000000000021E-03 1.000000000000000021E-03 1.000000000000000021E-03 1.000000000000000021E-03 1.000000000000000021E-03 1.000000000000000021E-03 1.000000000000000021E-03 1.000000000000000021E-03 1.000000000000000021E-03 1.000000000000000021E-03 1.000000000000000021E-03 8.759271447730375025E-04 1.013312217411408691E-03 1.056603621939032752E-03 1.165254522276814144E-03 1.247308094133251681E-03 9.947116549769772879E-04 1.021930326873300449E-03 1.207905863568580797E-03 1.072110154416987477E-03 9.469513760522833010E-04 8.783860291635930788E-04 8.047803409588120222E-04 8.112247150091510999E-04 7.797088306167854720E-04 7.858819264184050898E-04 9.697322674789406400E-04 1.104439282228248612E-03 9.034675107859150038E-04 9.432523348922260392E-04 9.684966657704891999E-04 1.099101991731161500E-03 1.185157839996823668E-03 1.064531123114329783E-03 9.269057382429220920E-04 9.464044740841756446E-04 8.383383101643915617E-04 1.000028337371320795E-03 1.178672697971387901E-03 1.025837830943536564E-03 1.098003249491384973E-03 1.132080319877077235E-03 9.016787871282498906E-04 1.035692279889043749E-03 1.074471937553786579E-03 9.594984833973421549E-04 1.144456323432998992E-03 1.115999633804720193E-03 9.808899224869878190E-04 1.037565434604908760E-03 8.566895222279674637E-04 8.773045677298629873E-04 7.623788438844230318E-04 7.454456547999724521E-04 7.513852230130174800E-04 9.338683422866436061E-04 8.107112430141148914E-04 7.919365827248509319E-04 6.124834537111912679E-04 5.898344451276056914E-04 4.834902008855537369E-04 4.348991576092500169E-04 4.466162112623985199E-04 5.875297848640639777E-04 5.771555508826736649E-04 4.962054910465978031E-04 4.793608387606085666E-04 5.707518894614917486E-04 7.193699171099837437E-04 9.523448207767214787E-04 1.082212066200857444E-03 1.009909119480447912E-03 9.540637529203677657E-04 8.452581134457670935E-04 9.671208793017436372E-04 8.046093141057456119E-04 9.934626895692359912E-04 1.178388304605370923E-03 1.077151017065489796E-03 1.210452626123759059E-03 1.321732260688765872E-03 1.634426950149907342E-03 1.558650618287776195E-03 1.272760335491127451E-03 1.349894438751855731E-03 1.354700076595833540E-03 1.260509400406322183E-03 1.099638075642281505E-03 1.006354767492669998E-03 1.159737312634033556E-03 8.967320520529287187E-04 8.479243456504758063E-04 8.461426049912478854E-04 8.490834710559617493E-04 9.311297485404773731E-04 7.775791878786994992E-04 5.766731292226372424E-04 6.491130702213971553E-04 6.801414387316869316E-04 8.930236316982689479E-04 8.931459159073446789E-04 9.000823448196177030E-04 9.248689044374526881E-04 8.055080402582463078E-04 9.507141329834284870E-04 8.218268976370280776E-04 8.834505862078558371E-04 8.398623549206530106E-04 1.080781833138661852E-03 1.215674303860796689E-03 1.221975833980964293E-03 9.101679939726756803E-04 8.430234627221258430E-04 1.015543818525076105E-03 8.380089875614132921E-04 8.070836953680013501E-04 7.153656347361712084E-04 6.438721310604635659E-04 6.455192288801947422E-04 8.064555972020503744E-04 6.004518634717268466E-04 5.663890101613974814E-04 5.425506146606798178E-04 4.451393038737193135E-04 4.676767688401555888E-04 4.692653583422852210E-04 5.079078487726442241E-04 6.633909916213298922E-04 7.707505496108280453E-04 7.240972388550606653E-04 6.661119574723082994E-04 7.327082383692677843E-04 8.266277400644626459E-04 7.249178350355750273E-04 8.629304482749776102E-04 7.207518675467959558E-04 6.391669472812154225E-04 5.391672762276119744E-04 4.972745488801862254E-04 4.850111106252210963E-04 5.242945843004169883E-04 5.770135578599389341E-04 1.000000000000000021E-03
1.000000000000000021E-03 1.000000000000000021E-03 1.000000000000000021E-03 1.000000000000000021E-03 1.000000000000000021E-03 1.000000000000000021E-03 1.000000000000000021E-03 1.000000000000000021E-03 1.000000000000000021E-03 1.000000000000000021E-03 1.000000000000000021E-03 1.000000000000000021E-03 1.000000000000000021E-03 1.000000000000000021E-03 1.000000000000000021E-03 1.000000000000000021E-03 1.000000000000000021E-03 1.000000000000000021E-03 8.888224795720814234E-04 8.628403914926603647E-04 1.035256216340299214E-03 1.095947679261920259E-03 8.834794475340283391E-04 1.213917090750992129E-03 9.827363044453980411E-04 8.176335563598318042E-04 9.035910098020127467E-04 9.595013763272510193E-04 9.448417012621815455E-04 8.808666049060661068E-04 9.067289138995186532E-04 9.237531409800166455E-04 8.721322153803049175E-04 7.011750531282979386E-04 8.286860348644348260E-04 9.047614943044935158E-04 1.066925319626051355E-03 1.102195208437911069E-03 1.184955999583974960E-03 1.304450418505557433E-03 1.311188355321138421E-03 1.079465073038201727E-03 1.145964519102438519E-03 1.178358895343116931E-03 9.910280652325582050E-04 1.042668626630980895E-03 1.282364346606182370E-03 1.203475016567176958E-03 1.072601052556059397E-03 9.333825555837238453E-04 9.768135626245322365E-04 1.087052504584367155E-03 1.122008199952296116E-03 1.073718851582072418E-03 9.672305714065264999E-04 1.156351287047532568E-03 1.077203328983137491E-03 1.142600935396887894E-03 8.596335568418402712E-04 8.551720050101082856E-04 7.021818791444725712E-04 7.279941783740917927E-04 6.349390524833639551E-04 8.956114438218527917E-04 8.161483086445385764E-04 7.505785428727441630E-04 7.142397126342278635E-04 5.896099700741157072E-04 5.707964492932938007E-04 5.496242052056922499E-04 5.740937842704857061E-04 6.281643374266137345E-04 5.283619915348301312E-04 6.432713351646222400E-04 6.470925326363759136E-04 5.682578304178921829E-04 6.215246135468191794E-04 8.570056687571149913E-04 1.026732340587101309E-03 9.101333568640838922E-04 8.242487879276897550E-04 8.085671816247054543E-04 7.025119336995786553E-04 6.823776988286225356E-04 9.125195933671003366E-04 1.122623026097724136E-03 1.156350909839668666E-03 1.313698192504280824E-03 1.491113129809747227E-03 1.408477462167351041E-03 1.238138690269837338E-03 1.000336299917836983E-03 1.026869039834784475E-03 9.496648149606819666E-04 1.092798350412309272E-03 1.102977776727637063E-03 1.324551034578182532E-03 1.108137467885081514E-03 1.025868158569325514E-03 1.011796486869307810E-03 1.003679712238661871E-03 9.175706829848170702E-04 9.199418370322765730E-04 6.470351873163881096E-04 6.647126740078136741E-04 6.916585472988146096E-04 6.739858136275767627E-04 7.967441855292852404E-04 7.658824387086009787E-04 1.057193817436796095E-03 9.967391153901628779E-04 1.016008807565108854E-03 8.484319738959693715E-04 8.031332642536804980E-04 7.749615011674798127E-04 8.435497176766832425E-04 9.130166375361850866E-04 1.029399607211764879E-03 1.053102240557972401E-03 8.010194181646033496E-04 7.652411346297028402E-04 9.347310239272491311E-04 8.911970919595219595E-04 7.416241783109523474E-04 8.708362984003938535E-04 6.336571914502616039E-04 7.600347851624647023E-04 6.581361963523161629E-04 5.282681042966959860E-04 6.649737402402133282E-04 4.271601841441043665E-04 4.179396274476743136E-04 4.383581779496376844E-04 4.478817747974556487E-04 4.915558007140400677E-04 5.707846995523429895E-04 5.852359551692928657E-04 6.971867103626694330E-04 6.223237469610595589E-04 6.828252409046744326E-04 6.734576054786520520E-04 7.072641348349439742E-04 6.492370678702408856E-04 8.194283898249389055E-04 6.523963121237374117E-04 5.221439617382196393E-04 4.857410983587477247E-04 5.042519860543822913E-04 5.281123676171157457E-04 5.097107140540726219E-04 1.000000000000000021E-03
1.000000000000000021E-03 1.000000000000000021E-03 1.000000000000000021E-03 1.000000000000000021E-03 1.000000000000000021E-03 1.000000000000000021E-03 1.000000000000000021E-03 1.000000000000000021E-03 1.000000000000000021E-03 1.000000000000000021E-03 1.000000000000000021E-03 1.000000000000000021E-03 1.000000000000000021E-03 1.000000000000000021E-03 1.000000000000000021E-03 1.000000000000000021E-03 1.000000000000000021E-03 1.000000000000000021E-03 1.016876506081658893E-03 1.042572558387011182E-03 1.001923263953337319E-03 8.602015115710305452E-04 1.034277666071519016E-03 1.246921146789577032E-03 1.332966820583216926E-03 1.191189138626788701E-03 1.050748777142643860E-03 1.080558757025279395E-03 1.087748512529951349E-03 1.189953950428286091E-03 1.110449100185663049E-03 1.117484498073810679E-03 9.772743868894406046E-04 7.067427079601149064E-04 8.360533197884596150E-04 9.978495701481223789E-04 1.375985574868140212E-03 1.387190559149038436E-03 1.235588543567475890E-03 1.307090095146144987E-03 1.138678710247493803E-03 1.137608886457744904E-03 1.356540722691547927E-03 1.116973556413319553E-03 1.183071144301400205E-03 1.289922996280951388E-03 1.319253896967966097E-03 1.497816891918380636E-03 1.349327253916155888E-03 1.249550924094675443E-03 9.786036262602003637E-04 8.846639580056214975E-04 1.076729371045656667E-03 1.043403143757551475E-03 1.072711970542798536E-03 1.191973790232659074E-03 1.166673894945221245E-03 1.203434687861185733E-03 9.381831214990900714E-04 8.597481727752653629E-04 6.339121423188782923E-04 6.192840567910139508E-04 6.332490226944466989E-04 6.944162020407113100E-04 6.248630233685645947E-04 6.106131856153322168E-04 5.954108160534576574E-04 5.227375923251446682E-04 5.076729887004122590E-04 4.405343394242283825E-04 4.889189450362095221E-04 4.377248514081916826E-04 5.612847863651684041E-04 6.760610364111097406E-04 6.714421586863976400E-04 6.108521290421741346E-04 6.191879854699052161E-04 6.756038566739855367E-04 6.824460378030641370E-04 6.415763450179694195E-04 8.012551700948579696E-04 8.014911886068457319E-04 7.180649602275344500E-04 7.124335634372398448E-04 7.470703743299735543E-04 1.052502240271849590E-03 1.177200647290940457E-03 1.269742107662491688E-03 1.200683340896777735E-03 1.617366543162132098E-03 1.132183497202997021E-03 1.032660382707311936E-03 9.820315651892074643E-04 9.653658750075161344E-04 1.051754916014591883E-03 1.139551053328795738E-03 1.193732858028388657E-03 1.202830157934736688E-03 1.156062495636828473E-03 1.011387898697390470E-03 8.648304526333595301E-04 8.289220138689590983E-04 8.881253810551230279E-04 7.889671980423955356E-04 8.128003772240074802E-04 8.465198541307078972E-04 7.679361597525032057E-04 7.304920471126955927E-04 7.335244099473750296E-04 9.000135752845749319E-04 7.375393928866792997E-04 7.877402658733437301E-04 7.735190530320622130E-04 6.935815477358259597E-04 8.838191375782624652E-04 7.835932853153941037E-04 7.957243007405134794E-04 8.083620435013816113E-04 7.476269727242581707E-04 7.356694905281371995E-04 6.867759398997251444E-04 7.644808783443660972E-04 7.236091264447647642E-04 7.640191709545180159E-04 7.381822471845045147E-04 7.325498806463925970E-04 6.977272236969767234E-04 7.219477977446702539E-04 6.517599693260105360E-04 6.141901481588908900E-04 5.094162232907357849E-04 4.657247800818480098E-04 4.824245495659806827E-04 5.034935262976877619E-04 5.450457930076883480E-04 6.132130266519789487E-04 6.334514010171659161E-04 6.017749566191895856E-04 6.454551491750143205E-04 6.518449036035682195E-04 6.506238259032664801E-04 6.440106740395275167E-04 5.786254067154030390E-04 6.137958806814491951E-04 7.193079158719890105E-04 6.116919934920187233E-04 4.510915668294375350E-04 5.437728426481592409E-04 6.032452434460740384E-04 4.913866560266139062E-04 1.000000000000000021E-03
1.000000000000000021E-03 1.000000000000000021E-03 1.000000000000000021E-03 1.000000000000000021E-03 1.000000000000000021E-03 1.000000000000000021E-03 1.000000000000000021E-03 1.000000000000000021E-03 1.000000000000000021E-03 1.000000000000000021E-03 1.000000000000000021E-03 1.000000000000000021E-03 1.000000000000000021E-03 1.000000000000000021E-03 1.000000000000000021E-03 1.000000000000000021E-03 1.000000000000000021E-03 1.000000000000000021E-03 9.786111115767501169E-04 1.114583797414351717E-03 9.121245193010435156E-04 1.006008342759108064E-03 1.338102480692755867E-03 1.281716686169075570E-03 1.308076450098058898E-03 1.320154910571726342E-03 1.189016041846675201E-03 1.081772625483578719E-03 1.371943838458960499E-03 1.269415563099785850E-03 1.136226609505338724E-03 1.048793330744536697E-03 9.066698905266382461E-04 7.351165299981767074E-04 8.933272496176539873E-04 1.098925895043179491E-03 1.180646933223821610E-03 1.420737623446744575E-03 1.508833202277486867E-03 1.615890414504060233E-03 1.354891883783739329E-03 1.314484123438362274E-03 1.477595158723938890E-03 1.190781324965714191E-03 1.434064374911000550E-03 1.348914977003411219E-03 1.541968073180902859E-03 1.427488073754309928E-03 1.267592104826903345E-03 1.299208633348390056E-03 1.197655047839581415E-03 1.022613306083160027E-03 9.358517469124770938E-04 9.469429260035440140E-04 9.787066690540480347E-04 1.028279954783095250E-03 1.111733066135565072E-03 1.082099523121883480E-03 1.019361171732750945E-03 7.488722618830531480E-04 5.984956171395653573E-04 4.629954104700814894E-04 6.376457147770969378E-04 5.490684842879177061E-04 5.900193847244788407E-04 5.961468111106151772E-04 5.489709369052998399E-04 4.089319086530095702E-04 4.122978532947853617E-04 4.556749462311467558E-04 6.389862906517713385E-04 4.996250540372039256E-04 5.091335755714507900E-04 5.961760786357787889E-04 7.382376367014774430E-04 7.113436001107489859E-04 7.584725739029630738E-04 8.219873917080161097E-04 7.328675926677290231E-04 6.768258694575290165E-04 6.649129346478276992E-04 6.244673033597038627E-04 7.469621293309694314E-04 6.556167650342322861E-04 6.962432899644322749E-04 9.438385284483714454E-04 1.008882610710579988E-03 1.063335920772533628E-03 8.782423714938330898E-04 1.102258313413622586E-03 1.040197834934989286E-03 9.870796125658477371E-04 8.295471736867539216E-04 9.214728800505399319E-04 7.841098796892192113E-04 8.585430466349026684E-04 1.125191709153092797E-03 1.106941138302444325E-03 1.311317057116722371E-03 1.210828382529408271E-03 9.735329282293797961E-04 9.279435124778307635E-04 7.914821020144805581E-04 8.092216610217207009E-04 9.706551374940911546E-04 8.887755891358650523E-04 7.888963686977793150E-04 8.474796781731404154E-04 7.372294543042864088E-04 6.679540605135975053E-04 6.741997005689566880E-04 7.409238939721579046E-04 7.833473932753628978E-04 6.822428080869031696E-04 8.210616411126020172E-04 9.218363897928420888E-04 8.583512579751284913E-04 7.044848221112550617E-04 8.466020405505975035E-04 6.482223443946481638E-04 7.062736843952321019E-04 7.198084808195633674E-04 7.117767533882281153E-04 6.838891235451607801E-04 7.183219062534757556E-04 7.162444092532023942E-04 7.551918185551168092E-04 7.508876946178231083E-04 6.748495267967203302E-04 5.620556551147611567E-04 5.389222098062249663E-04 5.236156147980523725E-04 5.076474279969447022E-04 4.478257034242974911E-04 5.479162431933299118E-04 6.222013745975773103E-04 6.574252040437998700E-04 7.366261656370219927E-04 7.733630325837164343E-04 6.457051067727668419E-04 6.010365899100002934E-04 7.376479882226986799E-04 6.576198068244969901E-04 5.140872554004368962E-04 4.804565229261444797E-04 4.475891445184353320E-04 4.325433615183142764E-04 4.961972539163976527E-04 5.849069572505679292E-04 5.137389490301784651E-04 1.000000000000000021E-03
1.000000000000000021E-03 1.000000000000000021E-03 1.000000000000000021E-03 1.000000000000000021E-03 1.000000000000000021E-03 1.000000000000000021E-03 1.000000000000000021E-03 1.000000000000000021E-03 1.000000000000000021E-03 1.000000000000000021E-03 1.000000000000000021E-03 1.000000000000000021E-03 1.000000000000000021E-03 1.000000000000000021E-03 1.000000000000000021E-03 1.000000000000000021E-03 1.000000000000000021E-03 8.983774966392955603E-04 8.064901117077687793E-04 1.012816557836938684E-03 9.605905983642690389E-04 9.845583026494705500E-04 9.893175169264243826E-04 1.541663976030443941E-03 1.553203279888520309E-03 1.574700984455897285E-03 1.399654479908539516E-03 1.358441209663489857E-03 1.324730858821016998E-03 1.354111477748087475E-03 1.189329885566822601E-03 9.619366091236682126E-04 9.420030038497553262E-04 9.918574273876103967E-04 9.774158487088023799E-04 1.074130434021161205E-03 1.270898540048766680E-03 1.275576603946097613E-03 1.331890975919735286E-03 1.852718030530233232E-03 1.511876710031419616E-03 1.376358493448612969E-03 1.667939564143659749E-03 1.727484602629009245E-03 1.624939774241872378E-03 1.514157831908582302E-03 1.340538689654480068E-03 1.468022858575373157E-03 1.228461787077594425E-03 1.445356211177955402E-03 1.278510679272247454E-03 1.018571840920634141E-03 8.659153778496765479E-04 1.068555450521383116E-03 1.074608665251733809E-03 8.879547164317765778E-04 1.038466343496896116E-03 8.263366633669638967E-04 8.009621219120044780E-04 6.668184238258495359E-04 6.478246834365144905E-04 6.524843831916580334E-04 6.488923819224201020E-04 6.476829586704764552E-04 4.908601180400332326E-04 5.524031620313776033E-04 4.851809908189232048E-04 4.794286328694083053E-04 4.639374436452682409E-04 4.239399090848227410E-04 5.790499685905538913E-04 5.272479826414503074E-04 4.901596432327083022E-04 5.859845397142298025E-04 7.436859851051166263E-04 7.070973168860378733E-04 7.811539217099141555E-04 7.706799267160172094E-04 8.225963729170779511E-04 7.909725633102986098E-04 6.385221007681933601E-04 6.602336402235397432E-04 7.588924991980764822E-04 6.466138336366914537E-04 6.919732077984132659E-04 7.882485536570627612E-04 8.496585222453715029E-04 8.152154161217005672E-04 9.082609508440501241E-04 1.077203420297901401E-03 1.232839013349262347E-03 9.248244967133599850E-04 8.448788783748786618E-04 7.732244999088571302E-04 7.892856893474712796E-04 7.816434364333125009E-04 8.494341564374241439E-04 1.069332310437096046E-03 1.272203248070685267E-03 1.359330960602586798E-03 1.021579015043736546E-03 1.011737465044078733E-03 8.017083792778125417E-04 6.643112807655541466E-04 8.225592034192459080E-04 7.946151658968255002E-04 6.804066050169360093E-04 7.502031920137735470E-04 7.817074140204517945E-04 7.562159111301812540E-04 6.327140379426516659E-04 7.359801937827166636E-04 8.949345422120664854E-04 9.275058147250565344E-04 9.676168496970279347E-04 9.836967170455141601E-04 1.080156444572837613E-03 9.097717311761805564E-04 6.897240776380711685E-04 6.948237668663380211E-04 7.333017023850794654E-04 6.145686594962417038E-04 6.829285361954324195E-04 7.872708617566078751E-04 7.635913744999517621E-04 6.455666831737294801E-04 7.117854884556257082E-04 7.582471522120646547E-04 7.730413120326580945E-04 6.773538771816917624E-04 6.288951411288467566E-04 5.745232141592788132E-04 5.538072852191045382E-04 5.702528241340992224E-04 5.605272148989440262E-04 6.025954455668656702E-04 6.123859773819940360E-04 6.074576242253062596E-04 6.318163768489572013E-04 5.900371727669696375E-04 7.022292948615832444E-04 6.181401981284037530E-04 6.053048598238963034E-04 5.739758094504261807E-04 5.060037481704517939E-04 4.915283893351729072E-04 5.486745247070836350E-04 5.520995178417359775E-04 5.355922749736611276E-04 5.462475863733729561E-04 1.000000000000000021E-03
1.000000000000000021E-03 1.000000000000000021E-03 1.000000000000000021E-03 1.000000000000000021E-03 1.000000000000000021E-03 1.000000000000000021E-03 1.000000000000000021E-03 1.000000000000000021E-03 1.000000000000000021E-03 1.000000000000000021E-03 1.000000000000000021E-03 1.000000000000000021E-03 1.000000000000000021E-03 1.000000000000000021E-03 1.000000000000000021E-03 1.000000000000000021E-03 1.000000000000000021E-03 8.190600377991538164E-04 8.610865748172857317E-04 9.106881217799701065E-04 1.106604036757476367E-03 9.497948412120936967E-04 1.170957787913757056E-03 1.401926901553786657E-03 1.652312675932636867E-03 1.368881602167531077E-03 1.301093760448809736E-03 1.761487704923690115E-03 1.575878042927077649E-03 1.595691558063052143E-03 1.222864031246189385E-03 1.281414752021097121E-03 1.055232629433251745E-03 1.203419325084799417E-03 9.933714973432957243E-04 9.798411988832993278E-04 1.317410975693647382E-03 9.934146540341948304E-04 1.154285823365566385E-03 1.399680929144540321E-03 1.878746011171928982E-03 2.312644508622109258E-03 1.841139315044107438E-03 1.987814555622489064E-03 1.534826552753154648E-03 1.269914172603083761E-03 1.240803086231169732E-03 1.296583272328411581E-03 1.391696070001863239E-03 1.341453271533498207E-03 1.326197874853743365E-03 1.283019516993810435E-03 1.189748250168127987E-03 1.177043075965744342E-03 1.260282560421774030E-03 8.802634080554851788E-04 7.830986674777782111E-04 8.215948589659910354E-04 7.171617908086026436E-04 5.430772679286425880E-04 5.830194742470888071E-04 6.558769760038030659E-04 5.924999102488768361E-04 6.083826042744989050E-04 5.780973979038182570E-04 5.750914259984876925E-04 5.339218456070948977E-04 4.933340260930092671E-04 5.283412928720264239E-04 5.450540879807327281E-04 5.173002048492686758E-04 5.771768009168804425E-04 6.277402007271706743E-04 5.990639490034783878E-04 7.113494584112877795E-04 8.311109148236138109E-04 9.549823560415042750E-04 7.658970370477608848E-04 9.563559307385855824E-04 1.070367701455149844E-03 9.257235862477002737E-04 6.917560255425159871E-04 6.768012525219714191E-04 6.899689753281379196E-04 6.570749110817923708E-04 6.625450574053789055E-04 8.353380595186851503E-04 8.151135343061324465E-04 8.231208886312197087E-04 9.576961111954604595E-04 1.005317997244864307E-03 7.905270510556337490E-04 7.054643631905095072E-04 6.882908416312688397E-04 7.691708214486905459E-04 8.243039933631321741E-04 9.956258015099404314E-04 1.153155775520038921E-03 1.175906886387773076E-03 1.357417389969860959E-03 1.216855281547676209E-03 1.027407497439623276E-03 7.009489938336613745E-04 5.350291495630352589E-04 6.511284578092670083E-04 7.085917706229419299E-04 7.200682425440591960E-04 7.361524096319768933E-04 6.981371239074343760E-04 7.843027603880041486E-04 9.065807017228410050E-04 8.991380932564877740E-04 9.236586010056061207E-04 1.077088246994765269E-03 9.739627215102315350E-04 1.117622116242072148E-03 8.456110326694082132E-04 7.544420140538342931E-04 6.269618982833227152E-04 5.587408699952111334E-04 6.390626266762653796E-04 7.119854113113012559E-04 6.412866331523671502E-04 6.343285314457399295E-04 6.456859603159113272E-04 7.352359735053343864E-04 8.583302275433192866E-04 8.169759291948463413E-04 7.312064269345445533E-04 8.747067425719745560E-04 7.130918579843804894E-04 6.246919370511757209E-04 6.057675631268702237E-04 5.957016920279433261E-04 5.452350152103522174E-04 6.924487966901455172E-04 6.614541848831703100E-04 6.394320685808246125E-04 7.780086427854004906E-04 6.750377858024415303E-04 7.058781343597836681E-04 5.514791418661831989E-04 5.451696599997707350E-04 6.082251858598874831E-04 5.298321566219291222E-04 6.034569363232109582E-04 4.534680332848550180E-04 4.958648487458811342E-04 4.638956767686842550E-04 5.963446831958494568E-04 1.000000000000000021E-03
1.000000000000000021E-03 1.000000000000000021E-03 1.000000000000000021E-03 1.000000000000000021E-03 1.000000000000000021E-03 1.000000000000000021E-03 1.000000000000000021E-03 1.000000000000000021E-03 1.000000000000000021E-03 1.000000000000000021E-03 1.000000000000000021E-03 1.000000000000000021E-03 1.000000000000000021E-03 1.000000000000000021E-03 1.000000000000000021E-03 1.000000000000000021E-03 1.075046039280260542E-03 8.732009909335731275E-04 8.568266852861547390E-04 1.180433411713664076E-03 1.025559287114846544E-03 1.065774153447130237E-03 1.228965391283722052E-03 1.574392820474171005E-03 1.384125885330519555E-03 1.111786856769176463E-03 1.377014971644804952E-03 1.631082211641518174E-03 1.574926538803987251E-03 1.517727823734474259E-03 1.300622297184658802E-03 9.653885618334203571E-04 1.141037840627076539E-03 1.250278642652868488E-03 1.235542675261474621E-03 9.049532791501489672E-04 1.099212279548427611E-03 1.177219795082998753E-03 9.958660631005215348E-04 1.130912672121197216E-03 1.833718606121820943E-03 2.237064838072022784E-03 1.987061195949886561E-03 1.611122911080424634E-03 1.345042874315590916E-03 1.261738232343874487E-03 1.260306080656517806E-03 1.265471056320649967E-03 1.277324831659592576E-03 1.388789341016781519E-03 1.371349715383819680E-03 1.338651499044009189E-03 1.176702035507012217E-03 1.068316968302753661E-03 1.072203932491833187E-03 8.529220927524234618E-04 7.873262480682071199E-04 7.598702411064232930E-04 6.218024592076799861E-04 5.299582566087065842E-04 5.978180720227230325E-04 5.465906083964835929E-04 5.404239760935596569E-04 5.395275161838440810E-04 5.041563100859346473E-04 6.169516463683282414E-04 6.529885548915920560E-04 6.056222459149028037E-04 5.597801861215223390E-04 6.179370981100677481E-04 6.573464287132042101E-04 6.558257443823330797E-04 6.464144006602146357E-04 7.784064139689891209E-04 8.242255315301937101E-04 1.034063401066551277E-03 1.176194505264527030E-03 9.711552462026334974E-04 1.052023925249831633E-03 9.467332871739463562E-04 9.996798567809244817E-04 8.700179369161651494E-04 8.290669048048756023E-04 6.436706636446391837E-04 5.776020095652873408E-04 6.499015319319630330E-04 6.767604211487872768E-04 5.845450626273614213E-04 5.968119903130598980E-04 6.116880036361533246E-04 8.442963913785399505E-04 8.358391436960860678E-04 6.863652158950214570E-04 7.629995502523481254E-04 8.382628555990285753E-04 8.208479078429299376E-04 9.932837998936213612E-04 1.007302039931845007E-03 9.687664006659414250E-04 1.245054379961900264E-03 1.269634028472136278E-03 1.142048300163750951E-03 9.701275324774454815E-04 6.832463466490713020E-04 7.128186995369445835E-04 9.021154321750331651E-04 7.678766622047628315E-04 8.758182771132001125E-04 7.295455695950866550E-04 9.368168344790953452E-04 9.736147819298347165E-04 9.218110727721742738E-04 9.799860928612056689E-04 1.071210419511097476E-03 8.514835691752671316E-04 7.883766444438010867E-04 7.469709647524747521E-04 6.890800700882999735E-04 6.205098882505230388E-04 5.416747020938415249E-04 5.920823625159612200E-04 5.559264386615983544E-04 5.043161162680382618E-04 6.494909610643347401E-04 6.606770237854123640E-04 6.130340486122194329E-04 7.829221579100443303E-04 8.731506428929880319E-04 8.267601647313887461E-04 1.016614194163161563E-03 7.584972616049965753E-04 5.845107041018923495E-04 6.060515814843835678E-04 5.905207611021635839E-04 5.478341618278679192E-04 6.541993281051354569E-04 6.350064069620827648E-04 5.786582269725991509E-04 6.827489691645823033E-04 5.768484148235298323E-04 6.992952864476613319E-04 5.430844402974769648E-04 5.928388018651024665E-04 7.145278216034834469E-04 5.376311372134339774E-04 5.540257329292472234E-04 4.320851921156953351E-04 5.806983061752717026E-04 5.672020644607612136E-04 6.129515267345922837E-04 1.000000000000000021E-03
1.000000000000000021E-03 1.000000000000000021E-03 1.000000000000000021E-03 1.000000000000000021E-03 1.000000000000000021E-03 1.000000000000000021E-03 1.000000000000000021E-03 1.000000000000000021E-03 1.000000000000000021E-03 1.000000000000000021E-03 1.000000000000000021E-03 1.000000000000000021E-03 1.000000000000000021E-03 1.000000000000000021E-03 1.000000000000000021E-03 1.000000000000000021E-03 1.246124532670536298E-03 1.256585988232185053E-03 1.235861178651093259E-03 1.167271536296640450E-03 1.099961687134255522E-03 1.318600874995769483E-03 1.044232084062413470E-03 1.164070016085246972E-03 1.374467208460345650E-03 1.400800253847491643E-03 1.582249754093243126E-03 1.333623213262193638E-03 1.434409690441090573E-03 1.338674597028028995E-03 1.156000797518379804E-03 9.784010274525621956E-04 1.067387530409465851E-03 1.190779442956455686E-03 1.178263660827481851E-03 1.085224216801420434E-03 1.086684487832258617E-03 1.396970223197361183E-03 1.082904886327299733E-03 1.128941247857060673E-03 1.350806380346102889E-03 1.920304160111320317E-03 1.702680971860556910E-03 1.657074892374818488E-03 1.364454006416924688E-03 1.417532027961125813E-03 1.372486118270667367E-03 1.326973280549846547E-03 1.412202180435530438E-03 1.402814337131385583E-03 1.295235197568207069E-03 1.166446954002589836E-03 1.054151484734466458E-03 8.610385563427786545E-04 8.411402552165402708E-04 1.074503258460614546E-03 7.670593709448600634E-04 9.021517367434566228E-04 7.409121150424946654E-04 6.572169205676783648E-04 4.698778484662228996E-04 4.901934887198602497E-04 5.844256746199718265E-04 5.282693391194697493E-04 5.545142047459072779E-04 6.268486325335969516E-04 7.206251905866801382E-04 7.480541517825327813E-04 6.933636729415824582E-04 5.233331145734758817E-04 5.569304194305555768E-04 5.818896560215766189E-04 7.773468112597745755E-04 9.324467252303745299E-04 1.117633445914619720E-03 1.037504821983619699E-03 1.122023032289510029E-03 1.150282614666399677E-03 1.265745007229121576E-03 1.076829902685273602E-03 1.048680698128669425E-03 1.029633991668589543E-03 8.395942491034821299E-04 7.856188308687082249E-04 6.794928825796913699E-04 5.381486732792044271E-04 7.407542095523657376E-04 6.201640933153095610E-04 6.465252303414889459E-04 6.982564682595840660E-04 7.184216983076185557E-04 8.447187903520365828E-04 7.560150361131308958E-04 7.070187935228264536E-04 7.890634286135890692E-04 9.327974727053449941E-04 8.417748078464630046E-04 7.043131542969348520E-04 8.255792517146715720E-04 9.756829316674729474E-04 1.067567703222990641E-03 9.771737979771876002E-04 8.207987251150411154E-04 9.012392668181209510E-04 8.834608608172672684E-04 8.010296010233918396E-04 8.577603045187978193E-04 9.681861836520011620E-04 9.302922899484517396E-04 1.077961228678029964E-03 1.227660776881681157E-03 1.159366858249575140E-03 9.059332664046411193E-04 1.012511561932203904E-03 9.542402516078769738E-04 9.640928124321231476E-04 7.384542792232901475E-04 5.821552623538204163E-04 6.199485023554350766E-04 5.989731015926065463E-04 5.290512491917791910E-04 3.998507425756741705E-04 4.796505757454113924E-04 6.268901639945503174E-04 7.340756965719993487E-04 7.642885597001038752E-04 8.877454230337940896E-04 7.928644961756514589E-04 1.006083483164683457E-03 8.127074024193866285E-04 7.702698717299809187E-04 6.083664602258202856E-04 5.886976170769284058E-04 5.270553473327756200E-04 5.465155030540900507E-04 6.298080277328920850E-04 6.207982512877296532E-04 6.763248977009853362E-04 6.947565683449208633E-04 7.648995260283790410E-04 7.152775833046418411E-04 6.135322979797909818E-04 6.882352863874749730E-04 7.882880243462287535E-04 5.723872549110990042E-04 5.350855271507898477E-04 6.258677335385556383E-04 5.960114353301643013E-04 5.601016586324222791E-04 5.621811619671387332E-04 1.000000000000000021E-03
1.000000000000000021E-03 1.000000000000000021E-03 1.000000000000000021E-03 1.000000000000000021E-03 1.000000000000000021E-03 1.000000000000000021E-03 1.000000000000000021E-03 1.000000000000000021E-03 1.000000000000000021E-03 1.000000000000000021E-03 1.000000000000000021E-03 1.000000000000000021E-03 1.000000000000000021E-03 1.000000000000000021E-03 1.000000000000000021E-03 1.102080641703198898E-03 1.371222556258739223E-03 1.270898038103948288E-03 1.403763129771441135E-03 1.452913668341496850E-03 1.326540671223009867E-03 1.254557143582246898E-03 1.234500459054229012E-03 1.312869469350714906E-03 1.504122783947226460E-03 1.255159633991567410E-03 1.388286215580631115E-03 1.130196890675277434E-03 1.216476408642326330E-03 1.022741469998759718E-03 9.600294989357155981E-04 7.824011316511344984E-04 9.876709275459789970E-04 1.258483908268410263E-03 1.298572746713348280E-03 1.135560225410483333E-03 1.165581056240972335E-03 1.177229178636837433E-03 1.124800374340840896E-03 1.278003808176303002E-03 1.089398147792134102E-03 1.542062737362618523E-03 1.390905225679473379E-03 1.462125566595473981E-03 1.135176820875382535E-03 1.188646133309959876E-03 1.338104477743927434E-03 1.374221070683926283E-03 1.284572820058985662E-03 1.361241976169976896E-03 1.029852025323289627E-03 8.664932107527498597E-04 1.214075875651459552E-03 8.754243107666556537E-04 8.197497850605755089E-04 1.139961608660176829E-03 9.290878216190881847E-04 8.715085287526392254E-04 6.825006679972063246E-04 5.105772339976669605E-04 4.826870241523274719E-04 4.207776578316064077E-04 5.575721388521913489E-04 6.123087149954722181E-04 6.104065816706549710E-04 6.718264113344137294E-04 8.678365650962959052E-04 7.868123851081173939E-04 6.456437175634288129E-04 5.589604695899268953E-04 6.369090772728790237E-04 6.629969755029648708E-04 8.733700988449673080E-04 1.021798243838419268E-03 1.165142287681172591E-03 1.192070600469869075E-03 9.631674996047305407E-04 8.701464498920779373E-04 1.104776698498567168E-03 1.194398651090431297E-03 1.060518720221803948E-03 9.616863822131289929E-04 8.914159985819275446E-04 7.211745820219695640E-04 6.926145375858208360E-04 5.705956708873210874E-04 7.566292033782776342E-04 6.307582099462020597E-04 4.465781132565896459E-04 5.455274181399448388E-04 7.788968624653431257E-04 8.489080687442903143E-04 8.299261626252598658E-04 9.293438588688438928E-04 8.012631724211118685E-04 9.986967735215112555E-04 7.247477774889107957E-04 7.591483032387735721E-04 6.642010048154770160E-04 7.740877558800028126E-04 9.089687530123137602E-04 1.062697457299534862E-03 9.711904565029658848E-04 9.023092037235346885E-04 8.625561210965012075E-04 1.052632445659380887E-03 9.355656210802476341E-04 1.033567274581028263E-03 1.012489261672819361E-03 9.251241240942437117E-04 9.911783453521564886E-04 1.147333814097196286E-03 1.060071383686061108E-03 9.189590696896393759E-04 9.982600382634817388E-04 1.027939502433825297E-03 8.985292828983302118E-04 7.852686128297279265E-04 6.554256860525533700E-04 5.904621011593987143E-04 4.685595499483482650E-04 3.636234782148402159E-04 4.380779441802431454E-04 5.169811224641563448E-04 7.464236409040638344E-04 7.952104064518839477E-04 7.582087788007321446E-04 7.806101530264204693E-04 1.166838717933274582E-03 9.281593664553219403E-04 9.320745236458287050E-04 7.351599265641983998E-04 6.720576611264277933E-04 6.389785830707977055E-04 6.421106588691200597E-04 6.126331628298020649E-04 6.026677979738594973E-04 6.070810959473923758E-04 7.874910450041795002E-04 6.687895043705169599E-04 6.700599793515724708E-04 5.875142167511714000E-04 6.402274841687835647E-04 5.249596638887977498E-04 6.631368512867996667E-04 5.424120816999677920E-04 5.520893175004077660E-04 5.172359265611887807E-04 5.558307474963303458E-04 6.480915296858878695E-04 1.000000000000000021E-03
1.000000000000000021E-03 1.000000000000000021E-03 1.000000000000000021E-03 1.000000000000000021E-03 1.000000000000000021E-03 1.000000000000000021E-03 1.000000000000000021E-03 1.000000000000000021E-03 1.000000000000000021E-03 1.000000000000000021E-03 1.000000000000000021E-03 1.000000000000000021E-03 1.000000000000000021E-03 1.000000000000000021E-03 1.000000000000000021E-03 9.822867866626796250E-04 1.180458616727588167E-03 1.157712002964994113E-03 1.150797984389083329E-03 1.281604068553485578E-03 1.327950298434823562E-03 1.515941858126338250E-03 1.417955214902469558E-03 1.529101206156825493E-03 1.569024420189320647E-03 1.124905032194748649E-03 1.009364094789291875E-03 9.708963215841415412E-04 9.734930442111029572E-04 1.009378955271762962E-03 7.826954763322855994E-04 7.396758537985908231E-04 1.068543086669915959E-03 1.092849170678410762E-03 1.134502912474236050E-03 1.092736074699046612E-03 1.186253526081844931E-03 1.257343732265937299E-03 1.306604530630914047E-03 1.338508410675854623E-03 1.344505454901377380E-03 1.428924900672711362E-03 1.253244194867203249E-03 1.396771936508591156E-03 1.130223628225727811E-03 1.045314783930018868E-03 1.060383911016899968E-03 1.208418858425715876E-03 1.210406709958385726E-03 1.246599708576861393E-03 1.064087166366552281E-03 9.017655385705852745E-04 1.055386613071932801E-03 9.241948470755357269E-04 8.531001534507082771E-04 7.835075910490013184E-04 6.540499004971389585E-04 8.418144444637375981E-04 6.488869466849716194E-04 6.271327167338519278E-04 5.430989207726306641E-04 4.605364201453611525E-04 5.411315478754798267E-04 5.609606058126159972E-04 6.027652033950730345E-04 5.586832903412819722E-04 6.655281605766450543E-04 7.738977402177653992E-04 5.830227896792795298E-04 5.882903815048889798E-04 6.303320948089408040E-04 7.881450253883832057E-04 1.024388369087804798E-03 1.085284139887262309E-03 1.328339672158285623E-03 1.327367245750499247E-03 1.019395788769412612E-03 1.089851142625708090E-03 1.093732149240501505E-03 1.256386391768844540E-03 1.077246541324593894E-03 9.410997090820961367E-04 8.693031984554309977E-04 7.385302034760217764E-04 6.649171568565481532E-04 6.134387164022158745E-04 6.870407215916989182E-04 5.201533832353732100E-04 4.548015043059236927E-04 4.402119714732750108E-04 5.936023972083899177E-04 8.570229343169458950E-04 8.559225653400829702E-04 1.031794298688279996E-03 8.208794636174650012E-04 8.486873946624760813E-04 8.474676242379824542E-04 7.257770096843935191E-04 6.374449839195802823E-04 6.683682135043057283E-04 7.599382661718687669E-04 7.114296232871097176E-04 8.812032526357298267E-04 8.108241805067183247E-04 7.382545077618593967E-04 9.781602192695951561E-04 9.705707571288028218E-04 8.582885229815281122E-04 9.668805567471504834E-04 1.034341280836077303E-03 9.122985434513126773E-04 9.970103199124107952E-04 8.872886607649413176E-04 8.672924039371951921E-04 7.308758915007725889E-04 9.905255359437814544E-04 9.372626072067129829E-04 7.462392549141953248E-04 5.770438110606450344E-04 6.430639322611951406E-04 4.422084846597473719E-04 3.827248284958465569E-04 3.955945751937581093E-04 5.866804579660353340E-04 6.830935805542258550E-04 5.902585672957387855E-04 6.779265239419459549E-04 8.602772347363577422E-04 9.557979916676496730E-04 1.073613084745329849E-03 1.031873228787639866E-03 9.235132857768704219E-04 8.434693555732286413E-04 6.917333897651932505E-04 6.363421003599889015E-04 5.562952462060235040E-04 7.599450561678519882E-04 7.904735036058000526E-04 7.074509020658057172E-04 7.147309226093573028E-04 5.772437290413953573E-04 5.402097607747250547E-04 6.844051872726802368E-04 6.086228800514785920E-04 6.171625429984954354E-04 5.449231775251773928E-04 4.840466446979257618E-04 5.303558850927889232E-04 4.877989670575420714E-04 6.133708565895344559E-04 1.000000000000000021E-03
1.000000000000000021E-03 1.000000000000000021E-03 1.000000000000000021E-03 1.000000000000000021E-03 1.000000000000000021E-03 1.000000000000000021E-03 1.000000000000000021E-03 1.000000000000000021E-03 1.000000000000000021E-03 1.000000000000000021E-03 1.000000000000000021E-03 1.000000000000000021E-03 1.000000000000000021E-03 1.000000000000000021E-03 1.105667672111332149E-03 1.024046890507341505E-03 9.357115117896018953E-04 1.084456878449842950E-03 1.041210383604496137E-03 1.175824621237519336E-03 1.276959603624711666E-03 1.611677635717645137E-03 1.583416013773384810E-03 1.663288781025977579E-03 1.335355664524943194E-03 9.786233617715589701E-04 8.710423444837226206E-04 8.896426717390925774E-04 9.227679146157487071E-04 7.121883500427593104E-04 7.485864859266549032E-04 9.030645078378687343E-04 9.986226080804221777E-04 9.257085772421328037E-04 1.084016782921522681E-03 1.115605318859578263E-03 1.404380468788415850E-03 1.296149338516193504E-03 1.360457674688640489E-03 1.590510877624773476E-03 1.630218458185915542E-03 1.271471450142416977E-03 1.172974856220102002E-03 1.123223126416045400E-03 1.406960320446207831E-03 1.187336000051189512E-03 9.485572496170392156E-04 1.071132128052611513E-03 9.672212676853869737E-04 1.229861122697593033E-03 1.084189545572080728E-03 1.124795565549536937E-03 1.198874886074274880E-03 1.084103105042189029E-03 7.910402243010089887E-04 8.466278492699321270E-04 6.889171374367088685E-04 6.177200061147997351E-04 6.595933879217240250E-04 6.014667386168036150E-04 6.577626913300406268E-04 6.343821920763391669E-04 7.619424411517302081E-04 6.986942126273194267E-04 6.352963007623832438E-04 5.967483948909672832E-04 6.264680223029085769E-04 6.009604676869321430E-04 7.076698890725816862E-04 5.964438626670626707E-04 7.369802607556613476E-04 7.829620769339626753E-04 1.197226523936420961E-03 1.363031141342108815E-03 1.219097861248779040E-03 1.406844389818601854E-03 1.488920196621409606E-03 1.393025700525590653E-03 1.252334563385870203E-03 1.274994708847240017E-03 1.039299338996020963E-03 9.472877842715866914E-04 9.497814381251185609E-04 6.252246923197695089E-04 5.773366733182495880E-04 6.510525947208109553E-04 6.832799373044016978E-04 6.110364737831084714E-04 4.666896279886344049E-04 4.426166461467376289E-04 5.351518708607552396E-04 6.743200816842371279E-04 7.460473755152805539E-04 1.039491392866654382E-03 8.837187099322229514E-04 9.186814805754112481E-04 9.540559200832029714E-04 8.957283811587425214E-04 7.869623594434290055E-04 7.136701701031676788E-04 6.090395615257041028E-04 6.997427631920710061E-04 7.832854349298276056E-04 8.174990351291122528E-04 7.370733168223816793E-04 1.018810394100947607E-03 9.419431692934455719E-04 1.016172005897037498E-03 9.773229451440763708E-04 9.885728842222104868E-04 9.383549917934722951E-04 9.718647536332313593E-04 8.180338192239409827E-04 9.887981177440596618E-04 8.146621083762025034E-04 7.489077992395535991E-04 6.560743642359939936E-04 6.050806587162983318E-04 4.872814548991137107E-04 5.462690164283498344E-04 3.850336711888256670E-04 3.387156549250213994E-04 3.929999900341567026E-04 4.633209932917947650E-04 5.398115295541819304E-04 6.383281799972420102E-04 7.843247601214088302E-04 7.642251712380266834E-04 8.619778489004119781E-04 1.019234415326008333E-03 1.109972357321029838E-03 9.616949070783049631E-04 8.783486903838351022E-04 7.763325624244263876E-04 7.471313663516048137E-04 6.691566708490263556E-04 6.185229157874546973E-04 5.388529187724168000E-04 7.110373354627234389E-04 6.335565124937379486E-04 6.690829130456325781E-04 6.635341190329806498E-04 6.734917073506279609E-04 6.699908156592949623E-04 6.333721325673865319E-04 5.430390552975804686E-04 4.488533831979844456E-04 5.135424202318621904E-04 4.795827299835267411E-04 6.792077262425622129E-04 1.000000000000000021E-03
1.000000000000000021E-03 1.000000000000000021E-03 1.000000000000000021E-03 1.000000000000000021E-03 1.000000000000000021E-03 1.000000000000000021E-03 1.000000000000000021E-03 1.000000000000000021E-03 1.000000000000000021E-03 1.000000000000000021E-03 1.000000000000000021E-03 1.000000000000000021E-03 1.000000000000000021E-03 1.000000000000000021E-03 9.037788071819257297E-04 1.113265020215939384E-03 1.100062961949601313E-03 1.039565887108927006E-03 1.042294436937258977E-03 1.123998438034407975E-03 1.426258148966892550E-03 1.284483495545386302E-03 1.217708841128346950E-03 1.152915571628334744E-03 1.257953528914193065E-03 1.000162256002882707E-03 8.841497308841904986E-04 9.015070060138840116E-04 8.957501483669143023E-04 8.118108588565756427E-04 7.792325067551360458E-04 7.893293634273624952E-04 8.359756057244892074E-04 8.517964682017678708E-04 9.997684227100818357E-04 1.178980385850708851E-03 1.393851150206369249E-03 1.298677223725200509E-03 1.396537098413927177E-03 1.570293336177790199E-03 1.450048039783566204E-03 1.186938041704197182E-03 1.095055775537056610E-03 1.232106832443545692E-03 1.220503397071326509E-03 1.066590929067345915E-03 9.131979953298977439E-04 1.033737141611641317E-03 9.219326146713102514E-04 1.253287986826104837E-03 1.237698165423945992E-03 1.354817962287234836E-03 1.323783299414754743E-03 1.056451203283399580E-03 1.032627891387775595E-03 8.270078573132291343E-04 7.170577748140097209E-04 6.696319580023505844E-04 8.951785214008726186E-04 6.248409190556669527E-04 6.760903878571445811E-04 6.639739177936799163E-04 7.167550534361943979E-04 7.928022995852856188E-04 7.106405295585443808E-04 5.951961811893837937E-04 7.122026692078807291E-04 8.842134727727475043E-04 8.243953856697883251E-04 7.620120771118627477E-04 1.010541118541689485E-03 9.454531345337250509E-04 1.130618349992079273E-03 1.109425249318480395E-03 1.614705130746068619E-03 1.271009813975345270E-03 1.118750876993676634E-03 1.181154460710281138E-03 1.204682438081950812E-03 1.007962217947319314E-03 1.062351557391598813E-03 7.267766897369567266E-04 7.519345967512713370E-04 6.820852406730789318E-04 6.565985433369724098E-04 5.280766810524943925E-04 6.755533094391783433E-04 6.742112794443862233E-04 5.638172015135332763E-04 5.899243521912295478E-04 6.331378813149496007E-04 7.292327166410438304E-04 9.769568649141040576E-04 1.130423563715461004E-03 1.010585959517816806E-03 9.384537489567190260E-04 1.075982692292990145E-03 9.735148459429675619E-04 8.834492422647070116E-04 7.900416042796323075E-04 7.512416499730922067E-04 6.681993655385200974E-04 6.751031900472434901E-04 7.668618639539749593E-04 9.197959911165125898E-04 9.715188310994052161E-04 9.258137513990532695E-04 8.463731832550752676E-04 1.064460202296665893E-03 1.097465535511386479E-03 1.023834244229666164E-03 9.922968146214088906E-04 9.456825244171054336E-04 9.018194069990284395E-04 8.070775039937130944E-04 7.279760250672057684E-04 7.066801575102368447E-04 5.386901740168425828E-04 5.417552076713315129E-04 5.153750545166307841E-04 4.188379093878640317E-04 4.252801885150849924E-04 4.505743127705533527E-04 4.508760807262989206E-04 5.049999068892621536E-04 5.895830620688592445E-04 6.691006343311025652E-04 6.847404789732467866E-04 6.917833795521854305E-04 8.654897191626290728E-04 9.035853405618072057E-04 8.556045968063356226E-04 7.492867738453318303E-04 7.477148482429234015E-04 7.671502983395066082E-04 6.597983430996405638E-04 5.630386132709432230E-04 8.188757135105975520E-04 9.008631025035704213E-04 7.285737919354074886E-04 7.106694609074115567E-04 6.989972031118200360E-04 7.180024984134186381E-04 7.636021247881177171E-04 8.256736183648354316E-04 5.649775861566288040E-04 4.467578754275209935E-04 4.534493264066762389E-04 5.238614619808590897E-04 6.270990855389271725E-04 1.000000000000000021E-03
1.000000000000000021E-03 1.000000000000000021E-03 1.000000000000000021E-03 1.000000000000000021E-03 1.000000000000000021E-03 1.000000000000000021E-03 1.000000000000000021E-03 1.000000000000000021E-03 1.000000000000000021E-03 1.000000000000000021E-03 1.000000000000000021E-03 1.000000000000000021E-03 1.000000000000000021E-03 1.000000000000000021E-03 8.514728540704274810E-04 1.079996168750454316E-03 1.430096239998971926E-03 1.199699000492120268E-03 1.163789085319350469E-03 1.293026110083571236E-03 1.382134511450698990E-03 1.366364821346009121E-03 1.102758775902030032E-03 1.178037279387683612E-03 1.242406743776743906E-03 9.667161227850693895E-04 7.510863381295246896E-04 9.482832630386746776E-04 7.463071305095176711E-04 7.644094979041307593E-04 7.382289044660815189E-04 7.460138586275246722E-04 7.636499636828304001E-04 8.198886377141100966E-04 9.817822841667312155E-04 1.391021344652983984E-03 1.543199702378663350E-03 1.573768687372349056E-03 1.447242095655969533E-03 1.436359180132637222E-03 1.272525368254437406E-03 1.120350930054588674E-03 1.103281986895895527E-03 1.431491024533806423E-03 1.413425234057328044E-03 1.323898473733185928E-03 1.141201039766332045E-03 1.198760748513867528E-03 1.130970388333112000E-03 9.779910557471413815E-04 1.263529997847525742E-03 1.198334008077619637E-03 1.030955072655959657E-03 1.209233418042493513E-03 1.126540451679236207E-03 1.023464780425756109E-03 1.036326260992453301E-03 8.255781225265683074E-04 6.823206817376098725E-04 6.710235633700250852E-04 6.791501479223964466E-04 6.504485797063565711E-04 6.625305505717262724E-04 6.857408032440049511E-04 6.280272948340551425E-04 6.324351631239051022E-04 7.495270851079245547E-04 9.858445169362963292E-04 7.512297516354929545E-04 8.046866371845966303E-04 9.239496959656321026E-04 9.847064336675097947E-04 1.072902624304172738E-03 8.911997796678156232E-04 1.040923131806157807E-03 8.497188813280429466E-04 9.009806593033979107E-04 1.078201079756544237E-03 1.225139147863531404E-03 1.087443859368558740E-03 9.124594026480040360E-04 6.823583279488029760E-04 6.339259484060043651E-04 6.887702985326623565E-04 6.868150173277703116E-04 6.073401082598256333E-04 6.512584028738986749E-04 6.917231699842146288E-04 7.517782809636314135E-04 7.357601205858829837E-04 6.515470929277601469E-04 6.914498191954533473E-04 1.052770575020693352E-03 9.694813068658290900E-04 9.175182519484748663E-04 9.310196532967266641E-04 9.801394737401860659E-04 9.697966333858415878E-04 8.592574851016265012E-04 9.506603133906045729E-04 7.336246423861993507E-04 6.998815163432579346E-04 5.702296984229193299E-04 6.135427029195901711E-04 6.771617494284722051E-04 8.325642642265282910E-04 8.690304360765016426E-04 9.974391772770505992E-04 9.124833068864618381E-04 8.962902049968168297E-04 8.564841395652652905E-04 8.121377768206893650E-04 8.611713886382952503E-04 7.981416701050104761E-04 7.083908218074956836E-04 7.295519970533534491E-04 8.152845941412982219E-04 6.388045588991912282E-04 5.944046740544190344E-04 5.259047488676655766E-04 1.000000000000000021E-03 1.000000000000000021E-03 5.152896724678521743E-04 5.968038820716744077E-04 5.792242578504800451E-04 6.444926083086152668E-04 7.471259738950147226E-04 7.066385967346918177E-04 7.538232449629833111E-04 9.952055739040814673E-04 8.107920353319144355E-04 6.817082422405179544E-04 8.627112065096476535E-04 8.916580066580178125E-04 7.940009061954446390E-04 9.278508607375079899E-04 7.401772081634353396E-04 7.346078463984469578E-04 8.488667340607881613E-04 7.293718684163935173E-04 8.992760043727307615E-04 9.988484452366254429E-04 7.854030791265336148E-04 7.057215547658059673E-04 6.258932410029225670E-04 5.542394621507197019E-04 4.184224609621617786E-04 3.656741819046629592E-04 4.174947773355340737E-04 6.000143592546367324E-04 1.000000000000000021E-03
1.000000000000000021E-03 1.000000000000000021E-03 1.000000000000000021E-03 1.000000000000000021E-03 1.000000000000000021E-03 1.000000000000000021E-03 1.000000000000000021E-03 1.000000000000000021E-03 1.000000000000000021E-03 1.000000000000000021E-03 1.000000000000000021E-03 1.000000000000000021E-03 1.000000000000000021E-03 7.184576213193086475E-04 8.962802125743656121E-04 1.261093182186587237E-03 1.447924982232307381E-03 1.253526747666054318E-03 1.123256278435939446E-03 1.221900112146257497E-03 1.374750152193617405E-03 1.495515646720201909E-03 1.286345217942446578E-03 1.266987614928000681E-03 1.323607785201853489E-03 1.215388529193086242E-03 8.509736858178433647E-04 8.591889610285895944E-04 8.005161427826646293E-04 8.461772555219705932E-04 7.459392068310067908E-04 6.740921298149876945E-04 6.935843053926608317E-04 7.740465083668878876E-04 1.132146571504796936E-03 1.242814156871575046E-03 1.448254468913027929E-03 1.330706320093126994E-03 1.640910181322519481E-03 1.278952688038233892E-03 1.279720106957821322E-03 1.207033730429444944E-03 1.203054761302637743E-03 8.852116559234697330E-04 1.334901472385949901E-03 1.079831988102000241E-03 1.040877253288255769E-03 1.175997959713195873E-03 1.209523950255843305E-03 1.372655913507107818E-03 1.232134530292510822E-03 1.003641177208620602E-03 1.073263277787570155E-03 1.147813426285712157E-03 1.037596189565291854E-03 1.033731484856507564E-03 8.553948485270425643E-04 7.379796380438272347E-04 6.968893796620772912E-04 6.310643154570116150E-04 6.098404355887829817E-04 6.135448635252810584E-04 5.754879859933715452E-04 6.259552649129255597E-04 7.563601732776879631E-04 8.246603711665584889E-04 9.715987339170737650E-04 1.006382946812454720E-03 9.011790777190152504E-04 8.032914938587873378E-04 8.137038768810400408E-04 9.397409255425274912E-04 9.546269572518842903E-04 9.599059847519772742E-04 8.592850511750044435E-04 8.216365806451451839E-04 8.897615214569638527E-04 9.667912525724555112E-04 1.063016878468846889E-03 1.002021129210345623E-03 9.662060337060214251E-04 7.400342005786972972E-04 7.176066967306362655E-04 7.286555970631594745E-04 5.940214599527774949E-04 5.108830506235412282E-04 6.135881105538138055E-04 6.498219310866455798E-04 7.481020571435834316E-04 6.767914587858383591E-04 8.575020195399542938E-04 8.610866012923000783E-04 1.095190661835707341E-03 1.027778263520625051E-03 9.074451031945388480E-04 8.493804937117201094E-04 1.110304531935070969E-03 1.188442953300506083E-03 9.933533124993137401E-04 7.671573272195527510E-04 7.595288611574251914E-04 7.845740484831405844E-04 5.761603453209345393E-04 4.879990441876552992E-04 6.685806055132147629E-04 6.573787410923185009E-04 7.968736768650651076E-04 8.750757967406687810E-04 1.000000000000000021E-03 1.000000000000000021E-03 1.000000000000000021E-03 1.000000000000000021E-03 1.000000000000000021E-03 1.000000000000000021E-03 1.000000000000000021E-03 1.000000000000000021E-03 1.000000000000000021E-03 1.000000000000000021E-03 1.000000000000000021E-03 1.000000000000000021E-03 1.000000000000000021E-03 1.000000000000000021E-03 1.000000000000000021E-03 1.000000000000000021E-03 1.000000000000000021E-03 7.613536811630118323E-04 8.253670237086075875E-04 8.439738299619092355E-04 8.521832368035567535E-04 1.115509661405148520E-03 1.056233213789888742E-03 8.784936151766821032E-04 7.039924906138591816E-04 8.997559779470035634E-04 1.030380240924073888E-03 1.022367031993585019E-03 1.025216992958639375E-03 1.073599407796212114E-03 1.041599161289173897E-03 9.328429684247917719E-04 1.085816122858524867E-03 8.990119864073492636E-04 6.660605052368411905E-04 8.599430412407166281E-04 6.838535356789941094E-04 5.077788947135227415E-04 4.159501760296998771E-04 3.725762927629169417E-04 4.416266750843299391E-04 5.455414415358095150E-04 1.000000000000000021E-03
1.000000000000000021E-03 1.000000000000000021E-03 1.000000000000000021E-03 1.000000000000000021E-03 1.000000000000000021E-03 1.000000000000000021E-03 1.000000000000000021E-03 1.000000000000000021E-03 1.000000000000000021E-03 1.000000000000000021E-03 1.000000000000000021E-03 1.000000000000000021E-03 1.000000000000000021E-03 7.902820468326869326E-04 1.017759552349407773E-03 9.317517229128104280E-04 1.062762190548538618E-03 1.198884106401694851E-03 1.198323818696612510E-03 1.309711975655925920E-03 1.302332785425187357E-03 1.626832562371785789E-03 1.220665142638105438E-03 1.325031126924849706E-03 1.309957935307539800E-03 1.118505084144019550E-03 1.184980400861562018E-03 1.024885225102023512E-03 7.502968178620324528E-04 8.357911208907429536E-04 8.755554517644027713E-04 8.126225517723341353E-04 7.533130360255254742E-04 7.961278956802736451E-04 1.072382790625264889E-03 1.224799229825140629E-03 1.352345683554289583E-03 1.221126355466690050E-03 1.227940277518549872E-03 1.204081273713500724E-03 1.074015533344137730E-03 1.158480201052706528E-03 1.320070779763304067E-03 1.083248483151396909E-03 1.407553196057466675E-03 1.096978056062140796E-03 1.111340587490647651E-03 1.168344923492997331E-03 1.267950828486578497E-03 1.187877887746579533E-03 1.243512703884954666E-03 1.220918457239207958E-03 1.118994208214013197E-03 1.008894903578855381E-03 1.168637305140874955E-03 8.347389695317543757E-04 8.879630208380206221E-04 7.362878522775158883E-04 8.589949707272777173E-04 6.941618225187092808E-04 5.642728970625072787E-04 5.650895291612655427E-04 5.545590743894611039E-04 7.109420221949601685E-04 7.429367148554067790E-04 7.915518075885000183E-04 1.030572073097749206E-03 9.522205630927121477E-04 9.286133906236920376E-04 1.042333814727209630E-03 1.011695265716644389E-03 9.660957021075915066E-04 9.221132832735049259E-04 9.968750457663177501E-04 8.897541062434561774E-04 7.803162662300931751E-04 9.361041410314125625E-04 9.460722679543405239E-04 8.895867292762764562E-04 9.065556947547565156E-04 7.821647047122446284E-04 7.406050842525760272E-04 6.307581531286057504E-04 6.589540250964396901E-04 6.332296989305983117E-04 5.644295918008861547E-04 5.976082020628910654E-04 5.410848611628767384E-04 8.279301103428554544E-04 8.827101097271881480E-04 9.586850244272145105E-04 1.218783547431866307E-03 1.319459017271735297E-03 1.317829434944616743E-03 1.189916526271659562E-03 1.019805601778463145E-03 1.002818073716469716E-03 9.636097083279543786E-04 8.158641181315793005E-04 7.573048404674970159E-04 1.013005522102091794E-03 8.848768155648051867E-04 6.424627691571944271E-04 6.078262858009254649E-04 7.278970229135045631E-04 6.355343890061619086E-04 7.037888114535371812E-04 8.047904603877050617E-04 1.000000000000000021E-03 1.000000000000000021E-03 1.000000000000000021E-03 1.000000000000000021E-03 1.000000000000000021E-03 1.000000000000000021E-03 1.000000000000000021E-03 1.000000000000000021E-03 1.000000000000000021E-03 1.000000000000000021E-03 1.000000000000000021E-03 1.000000000000000021E-03 1.000000000000000021E-03 1.000000000000000021E-03 1.000000000000000021E-03 1.000000000000000021E-03 1.000000000000000021E-03 1.000000000000000021E-03 1.000000000000000021E-03 1.000000000000000021E-03 9.303040405311349421E-04 9.424597835850874244E-04 1.042214017366675880E-03 1.027077009783545223E-03 7.040620008431424867E-04 8.225718101914678655E-04 8.673427602621044692E-04 1.288549929090267339E-03 1.335735586730299766E-03 1.031076842665616016E-03 1.079223214960866196E-03 9.853600917860364655E-04 1.144438063196300415E-03 9.125256325281036474E-04 7.839425360144683082E-04 6.938054467400066707E-04 6.470848713517449082E-04 6.295964587155617994E-04 4.486105182076713838E-04 3.352573133530188177E-04 4.240022151847255990E-04 5.554565115748304194E-04 1.000000000000000021E-03
1.000000000000000021E-03 1.000000000000000021E-03 1.000000000000000021E-03 1.000000000000000021E-03 1.000000000000000021E-03 1.000000000000000021E-03 1.000000000000000021E-03 1.000000000000000021E-03 1.000000000000000021E-03 1.000000000000000021E-03 1.000000000000000021E-03 1.000000000000000021E-03 9.906149594541115502E-04 8.464936462044569433E-04 9.559454663302646964E-04 1.325401256062752522E-03 1.303602076856275093E-03 1.290345334037951847E-03 1.509977528877506263E-03 1.848916779091003878E-03 1.478077067517990281E-03 1.362731797831546110E-03 1.439068425864220135E-03 1.432740506775048630E-03 9.131163066072693624E-04 9.700669439745667052E-04 1.331701251938742460E-03 9.428212620069803930E-04 8.184163474637926343E-04 8.940034505208839305E-04 9.906331181145119728E-04 8.385032311641031503E-04 7.842563786705968260E-04 9.941305804355565767E-04 8.732850492717774251E-04 1.041675193190395041E-03 1.081165518288856745E-03 8.756620131692560835E-04 1.087068308459318913E-03 1.115804717296749529E-03 1.158896051347667842E-03 1.057071017844451099E-03 1.073712176146839623E-03 1.213928416403213962E-03 1.393985871686920274E-03 1.252066556069834522E-03 9.778893682687930800E-04 1.267464336005696838E-03 1.384885110098084491E-03 1.470056755557678238E-03 1.499378963538221645E-03 1.355843215562308910E-03 1.139520305066325486E-03 1.263128702978395844E-03 1.269274918146311290E-03 1.042459619901664643E-03 9.730304481582587126E-04 1.079741893440266812E-03 8.972905641992798753E-04 7.617842584709686371E-04 6.485988398320076615E-04 6.024436753520105671E-04 5.836926824955411151E-04 7.435700237280539566E-04 7.346282813188749613E-04 8.473575849212955065E-04 9.159781960551784032E-04 1.162805381132162768E-03 1.253412632519660752E-03 1.242706175756317375E-03 9.516281495301064401E-04 9.600611684193719906E-04 9.662775287308106309E-04 9.382999696686127348E-04 9.684018228672726120E-04 8.946006024279874388E-04 8.916957524251591452E-04 8.405974602753912622E-04 8.442248356242871860E-04 9.709747019144974360E-04 7.578155656962706505E-04 6.369799853486324140E-04 5.471167544389212182E-04 5.851167580801453156E-04 5.092669483424562939E-04 5.458636459676339311E-04 5.681564672506284877E-04 6.650574649995590797E-04 8.258650454974271774E-04 1.046960122012297392E-03 1.269338104417001584E-03 1.662382970301263824E-03 1.501170103453989104E-03 1.432894421417145632E-03 1.270846769248628726E-03 1.178317640546273264E-03 1.147145050512119900E-03 9.259751337802322232E-04 1.017195816175819889E-03 9.417755179827847585E-04 9.876113652794332211E-04 7.029889210530820961E-04 6.661908445479440468E-04 7.268550333316996974E-04 7.102172959725888517E-04 6.810801134862665314E-04 6.931804334574530367E-04 7.310913810920254604E-04 1.000000000000000021E-03 1.000000000000000021E-03 1.000000000000000021E-03 1.000000000000000021E-03 1.000000000000000021E-03 1.000000000000000021E-03 1.000000000000000021E-03 1.000000000000000021E-03 1.000000000000000021E-03 1.000000000000000021E-03 1.000000000000000021E-03 1.000000000000000021E-03 1.000000000000000021E-03 1.000000000000000021E-03 1.000000000000000021E-03 1.000000000000000021E-03 1.000000000000000021E-03 1.000000000000000021E-03 1.000000000000000021E-03 1.000000000000000021E-03 1.000000000000000021E-03 1.000000000000000021E-03 1.000000000000000021E-03 9.324301151438278918E-04 8.782607470162843988E-04 8.785271317300523625E-04 8.660445679851978872E-04 1.321852104280199156E-03 1.402147334053160639E-03 1.245376872587432076E-03 1.102919459350247674E-03 1.087791387028538403E-03 1.026398812498675091E-03 9.503065578830037280E-04 9.102199057882955861E-04 7.012969199828167225E-04 8.550779970423795246E-04 6.740511724839891696E-04 5.947180075045124673E-04 3.776120816930726514E-04 5.071953964337475897E-04 6.378506420161461112E-04 1.000000000000000021E-03
1.000000000000000021E-03 1.000000000000000021E-03 1.000000000000000021E-03 1.000000000000000021E-03 1.000000000000000021E-03 1.000000000000000021E-03 1.000000000000000021E-03 1.000000000000000021E-03 1.000000000000000021E-03 1.000000000000000021E-03 1.000000000000000021E-03 1.000000000000000021E-03 1.151382133526119688E-03 1.008692473425057022E-03 1.155010080082418929E-03 1.210340872715732433E-03 1.107525377732639050E-03 1.403730790437512270E-03 1.546674126692209944E-03 1.372358305648305231E-03 1.315782336884054222E-03 1.225665758768518633E-03 1.407063828849266195E-03 1.106506138234732194E-03 1.289285867770199705E-03 1.216631917406086781E-03 1.078795300597737688E-03 8.700419786234889945E-04 1.007117699311642529E-03 9.767683031719702046E-04 8.833352795425322007E-04 9.117707048308188247E-04 9.805370674216007127E-04 9.140276288199088855E-04 8.445872049279732957E-04 9.008469636916340484E-04 9.855944867178713115E-04 1.140895477768971581E-03 9.243713911575177295E-04 1.174872029136742914E-03 1.309992997546145571E-03 1.325461406289833591E-03 1.156771102722170194E-03 1.162322930605119362E-03 9.722037067887601570E-04 9.448386007230977126E-04 1.190148814107029650E-03 1.426287334332423766E-03 1.199269887558619468E-03 1.256448202410869169E-03 1.446430381937655833E-03 1.206914596126465802E-03 1.235955466130125120E-03 1.051895422370253096E-03 1.151101085674539589E-03 1.055980688732457767E-03 1.027069339194888568E-03 1.005826480464307908E-03 8.343973040111162627E-04 8.668862862109841467E-04 7.529016408718859892E-04 7.793383754442491200E-04 6.893266255270146057E-04 7.931740826084549131E-04 8.132152728889463023E-04 8.920491639793783718E-04 1.160304018868685500E-03 1.168428276025749567E-03 1.245274108981767177E-03 1.404443474522982117E-03 1.213767602348707949E-03 9.979811658584005797E-04 1.053127415885035233E-03 8.713076928821878071E-04 1.064966477218538213E-03 9.288292124830787059E-04 8.220055107160473620E-04 7.874559580072186407E-04 8.228647324428954796E-04 7.672551463153339793E-04 6.588876368128979144E-04 5.430539743311674434E-04 5.423088135597572404E-04 4.588747632372618145E-04 5.102362864688560814E-04 5.826677436137547026E-04 5.851344718043582352E-04 7.275703096192092604E-04 7.162965682276837111E-04 9.885088534044806849E-04 1.159171037681756659E-03 1.488886499649449881E-03 1.503392100025926223E-03 1.570293555424337765E-03 1.523163486104570346E-03 1.297016066015998018E-03 1.090822341807164576E-03 1.133592714010611810E-03 1.059948041286094779E-03 1.098965366793902250E-03 1.031183941011208811E-03 8.037268498814686361E-04 7.289353870511594601E-04 7.557508677993717700E-04 8.181583498386621987E-04 8.156789409934250184E-04 7.849075958377231804E-04 1.000000000000000021E-03 1.000000000000000021E-03 1.000000000000000021E-03 1.000000000000000021E-03 1.000000000000000021E-03 1.000000000000000021E-03 1.000000000000000021E-03 1.000000000000000021E-03 1.000000000000000021E-03 1.000000000000000021E-03 1.000000000000000021E-03 1.000000000000000021E-03 1.000000000000000021E-03 1.000000000000000021E-03 1.000000000000000021E-03 1.000000000000000021E-03 1.000000000000000021E-03 1.000000000000000021E-03 1.000000000000000021E-03 1.000000000000000021E-03 1.000000000000000021E-03 1.000000000000000021E-03 1.000000000000000021E-03 1.000000000000000021E-03 1.000000000000000021E-03 1.000000000000000021E-03 1.000000000000000021E-03 1.200812129389699796E-03 1.267661559777645899E-03 1.330686111112523023E-03 1.427321840115907021E-03 1.455563547272989509E-03 1.331224313310955731E-03 1.483699673860662364E-03 1.406449855281117784E-03 9.082960715102535078E-04 9.194711280846190214E-04 9.866781082061605590E-04 7.137556586494228162E-04 6.021544036743651292E-04 4.486078351831300211E-04 5.030549250827360663E-04 5.607778431588214497E-04 1.000000000000000021E-03
1.000000000000000021E-03 1.000000000000000021E-03 1.000000000000000021E-03 1.000000000000000021E-03 1.000000000000000021E-03 1.000000000000000021E-03 1.000000000000000021E-03 1.000000000000000021E-03 1.000000000000000021E-03 1.000000000000000021E-03 1.000000000000000021E-03 1.168312049570816545E-03 1.151152795387452204E-03 1.164704362971391138E-03 1.113859527871893578E-03 1.111845277028028533E-03 1.117385582694812142E-03 1.338513201581025035E-03 1.364880807453311201E-03 1.222684540599782528E-03 1.425139720755621165E-03 1.301028376616351250E-03 1.416741774762519338E-03 1.278020288162976274E-03 1.281699359446335619E-03 1.140338978563158311E-03 1.159389211588592386E-03 1.112827001887226747E-03 1.194232228195154328E-03 9.781661416384491645E-04 7.862929499898165886E-04 8.257342837554746892E-04 9.136164296722327051E-04 1.156411582083709342E-03 1.081367126093823062E-03 1.131193951744164337E-03 1.062995517411423991E-03 1.047500480086186988E-03 1.174398380731088258E-03 1.358185020236840016E-03 1.449566267449817940E-03 1.238509793244097846E-03 1.483216636683941554E-03 1.206656019536113790E-03 1.067371446252545234E-03 9.693562479564721886E-04 1.220424130702332972E-03 1.509586506652630267E-03 1.493671301751977156E-03 1.199902985858013584E-03 1.266091237383900302E-03 1.146873442460434904E-03 1.230113185891486792E-03 8.748680706961812223E-04 1.099584517655029540E-03 1.455155872123317868E-03 1.519715419859371487E-03 1.174919966462674827E-03 1.118095867413925783E-03 1.015420205820560633E-03 1.056167829837666465E-03 9.735789856168253599E-04 8.491241568790797514E-04 8.770678936273478303E-04 9.972478919985795342E-04 1.084329768667832705E-03 1.206756193824308617E-03 1.166856652125481406E-03 1.231212763966774149E-03 1.416421192303527442E-03 1.106991267161776954E-03 9.922682756990197465E-04 9.089099350262742428E-04 8.505717466577717963E-04 9.016684224295018609E-04 8.380063447216474668E-04 9.863582457610507292E-04 9.540943057422299851E-04 7.694519296142709672E-04 7.165994924468294634E-04 6.858306491848348068E-04 6.592046543977083707E-04 6.543555624465258961E-04 6.750430792745832709E-04 5.725381266305514623E-04 5.331153437626464080E-04 5.861586129582739080E-04 7.050253528523583004E-04 8.589629309065871738E-04 1.162826875074404048E-03 1.357023459953661483E-03 1.371391053726221622E-03 1.668662819283463130E-03 1.643244582891990185E-03 1.662945074706409336E-03 1.359599817039374705E-03 1.366469078911247692E-03 1.513649184117634491E-03 1.542006652963524025E-03 1.122559515938063726E-03 1.040384759607263258E-03 9.540097450802042600E-04 8.979687954374761596E-04 9.192019507503575897E-04 8.920599261306519367E-04 1.049818157165916237E-03 9.532787204761860927E-04 1.000000000000000021E-03 1.000000000000000021E-03 1.000000000000000021E-03 1.000000000000000021E-03 1.000000000000000021E-03 1.000000000000000021E-03 1.000000000000000021E-03 1.000000000000000021E-03 1.000000000000000021E-03 1.000000000000000021E-03 1.000000000000000021E-03 1.000000000000000021E-03 1.000000000000000021E-03 1.000000000000000021E-03 1.000000000000000021E-03 1.000000000000000021E-03 1.000000000000000021E-03 1.000000000000000021E-03 1.000000000000000021E-03 1.000000000000000021E-03 1.000000000000000021E-03 1.000000000000000021E-03 1.000000000000000021E-03 1.000000000000000021E-03 1.000000000000000021E-03 1.000000000000000021E-03 1.000000000000000021E-03 1.000000000000000021E-03 1.000000000000000021E-03 1.000000000000000021E-03 1.543794785216225183E-03 1.451977976885122186E-03 1.478618800220088880E-03 1.507049653136844193E-03 1.209066367313402094E-03 1.052980820213147853E-03 1.035167865357914047E-03 8.590586925729512460E-04 8.077320454842683945E-04 7.224644850719926913E-04 5.800698462675951770E-04 4.659148205856623523E-04 4.827878032747846718E-04 1.000000000000000021E-03
1.000000000000000021E-03 1.000000000000000021E-03 1.000000000000000021E-03 1.000000000000000021E-03 1.000000000000000021E-03 1.000000000000000021E-03 1.000000000000000021E-03 1.000000000000000021E-03 1.000000000000000021E-03 1.000000000000000021E-03 1.000000000000000021E-03 1.159153169452019913E-03 1.196592451168147558E-03 1.219832498397212294E-03 1.305445552002686962E-03 1.151904024721948699E-03 8.881033475529100671E-04 9.969113762822179054E-04 1.152242470920361453E-03 1.175297267318443483E-03 1.150643722781354537E-03 1.183677744602195173E-03 9.533734534491991770E-04 1.197455223278152308E-03 1.271245019494989881E-03 1.072962940980356789E-03 1.094247709348315344E-03 1.149891158077426256E-03 1.170200341770562084E-03 9.242915069164407259E-04 1.105990490607638771E-03 8.380617198558388626E-04 9.231618384513456043E-04 1.067547310375804338E-03 1.186374758266206574E-03 1.216584167465997388E-03 1.149996486611507950E-03 1.152285292516925467E-03 1.414960644189084717E-03 1.307763475334958224E-03 1.407874407841998819E-03 1.274676131260453872E-03 1.365924923724263444E-03 1.279893941939152591E-03 9.422447476551674451E-04 9.551115269458608850E-04 1.306484352406952695E-03 1.248011725399671796E-03 1.539416958271895694E-03 1.437391320001592167E-03 1.090333414360109563E-03 1.344734680333053989E-03 1.037056538750176808E-03 1.077633881380190553E-03 1.343864597544350541E-03 1.740212592354248864E-03 1.701517789740211424E-03 1.344635872481471026E-03 1.060462705115080987E-03 9.811351468446978096E-04 1.027449407783057045E-03 9.897483435627465412E-04 1.091720406114465858E-03 9.669469387404200280E-04 1.059834746844714494E-03 1.077001633921204115E-03 1.039397229720789980E-03 1.017452510379613208E-03 1.091305554790373026E-03 1.110690198125641008E-03 9.372265911728537135E-04 8.144727836799298733E-04 8.899652819420923342E-04 7.237294877450075724E-04 7.338664573977720122E-04 8.803705488576361003E-04 1.109801327266634902E-03 1.123185675663323536E-03 8.578769475967687767E-04 8.738169386255461267E-04 6.791320995831303048E-04 7.275889899094676976E-04 6.685593047319534233E-04 6.309021350994406660E-04 7.055475746189580465E-04 6.968478401002014318E-04 9.855028879806177183E-04 8.018830998714052876E-04 9.945010049182193262E-04 9.447256833637122887E-04 1.333887833951644467E-03 1.557648178919204124E-03 1.631656620376922568E-03 1.936166658953580953E-03 1.599733445191163115E-03 1.888337215407393226E-03 1.560395145527232203E-03 1.813703736804172205E-03 1.444232140016868046E-03 1.229681386933580492E-03 1.101287785807639067E-03 1.168471451483531253E-03 9.404931895681603593E-04 7.072429706641852757E-04 8.042187808334233003E-04 8.029059872784582302E-04 1.000000000000000021E-03 1.000000000000000021E-03 1.000000000000000021E-03 1.000000000000000021E-03 1.000000000000000021E-03 1.000000000000000021E-03 1.000000000000000021E-03 1.000000000000000021E-03 1.000000000000000021E-03 1.000000000000000021E-03 1.000000000000000021E-03 1.000000000000000021E-03 1.000000000000000021E-03 1.000000000000000021E-03 1.000000000000000021E-03 1.000000000000000021E-03 1.000000000000000021E-03 1.000000000000000021E-03 1.000000000000000021E-03 1.000000000000000021E-03 1.000000000000000021E-03 1.000000000000000021E-03 1.000000000000000021E-03 1.000000000000000021E-03 1.000000000000000021E-03 1.000000000000000021E-03 1.000000000000000021E-03 1.000000000000000021E-03 1.000000000000000021E-03 1.000000000000000021E-03 1.000000000000000021E-03 1.000000000000000021E-03 1.000000000000000021E-03 1.000000000000000021E-03 1.270475735648084409E-03 1.359002964865452506E-03 1.162294823224767999E-03 1.215182026485064773E-03 8.776550127524402429E-04 7.987551988392930721E-04 7.983567067894778132E-04 6.284255881848202410E-04 5.574087123180238067E-04 5.646724114754551665E-04 1.000000000000000021E-03
1.000000000000000021E-03 1.000000000000000021E-03 1.000000000000000021E-03 1.000000000000000021E-03 1.000000000000000021E-03 1.000000000000000021E-03 1.000000000000000021E-03 1.000000000000000021E-03 1.000000000000000021E-03 1.000000000000000021E-03 1.446057524562927108E-03 1.199612793779155544E-03 1.193813663575278008E-03 1.117528847888934205E-03 1.115884676985636316E-03 1.066009938286661398E-03 9.089003415067246211E-04 9.218178528471379770E-04 1.170856672034608151E-03 1.134866081251745132E-03 1.112489930915270143E-03 1.142307055268111226E-03 1.167596044974745628E-03 1.081940383984550088E-03 1.126987557237343809E-03 1.242248597154828457E-03 1.180600330165482376E-03 9.903460039468044932E-04 8.652508500027194941E-04 1.145264630558008373E-03 1.275540935877285962E-03 9.047643355525421998E-04 1.096117096677416474E-03 9.679520136306301583E-04 1.044463690675464553E-03 1.553701476320508207E-03 1.369202752591417707E-03 1.259953950656239130E-03 1.364921781157803216E-03 1.606820536933038952E-03 1.379968214679900239E-03 1.374375364004484920E-03 1.471983886628802770E-03 1.389577476151443924E-03 1.218291196864568953E-03 1.041312168446533815E-03 1.081906763998626399E-03 1.340575699532066487E-03 1.487089372259286580E-03 1.412611795701422751E-03 1.189793342306790956E-03 1.030228108388034228E-03 8.894731204689275850E-04 8.682749660231591860E-04 1.163781318607878595E-03 1.299000546256529618E-03 1.588138242399528624E-03 1.542036687104363958E-03 1.132470285682984001E-03 1.133073925282505412E-03 9.348921492866415269E-04 8.928931531534959254E-04 1.031139392836816172E-03 1.129172211911252770E-03 1.108048447503468458E-03 1.168412229203757502E-03 1.110524573174372000E-03 1.051426234791925972E-03 1.257528762148976903E-03 1.018439064404116912E-03 9.230296060721317327E-04 8.682818978099256235E-04 8.042003241682558557E-04 8.164952508273768620E-04 6.830295873519697230E-04 6.284736776535644999E-04 8.008065789084568061E-04 8.872338377515224172E-04 9.418488091554021993E-04 9.461650827888692982E-04 8.449424250083760425E-04 8.673275658328698018E-04 8.139412919228918844E-04 7.858856164763502756E-04 7.192699562315546871E-04 7.485907875639464994E-04 1.234825626357651668E-03 1.140064192081363930E-03 1.066527846840625458E-03 1.207809416382646687E-03 1.144191000781785358E-03 1.370677715635564096E-03 1.358679068989870030E-03 1.495324227303139334E-03 1.783019724662836519E-03 1.838436041525572844E-03 1.621279728230697959E-03 1.473707612158153043E-03 1.358625962658549470E-03 1.317818348600492554E-03 1.027773065076040748E-03 9.725609548827613207E-04 8.517672812825327665E-04 7.839418479391077306E-04 7.403223301326620565E-04 8.839681187171133468E-04 1.000000000000000021E-03 1.000000000000000021E-03 1.000000000000000021E-03 1.000000000000000021E-03 1.000000000000000021E-03 1.000000000000000021E-03 1.000000000000000021E-03 1.000000000000000021E-03 1.000000000000000021E-03 1.000000000000000021E-03 1.000000000000000021E-03 1.000000000000000021E-03 1.000000000000000021E-03 1.000000000000000021E-03 1.000000000000000021E-03 1.000000000000000021E-03 1.000000000000000021E-03 1.000000000000000021E-03 1.000000000000000021E-03 1.000000000000000021E-03 1.000000000000000021E-03 1.000000000000000021E-03 1.000000000000000021E-03 1.000000000000000021E-03 1.000000000000000021E-03 1.000000000000000021E-03 1.000000000000000021E-03 1.000000000000000021E-03 1.000000000000000021E-03 1.000000000000000021E-03 1.000000000000000021E-03 1.000000000000000021E-03 1.000000000000000021E-03 1.000000000000000021E-03 1.000000000000000021E-03 1.000000000000000021E-03 1.390093825295764035E-03 1.434697781009924020E-03 1.151558243050339195E-03 1.102343204615786106E-03 9.544184476768368536E-04 7.245447630198075277E-04 7.839730845575366286E-04 7.873005253081710947E-04 1.000000000000000021E-03
1.000000000000000021E-03 1.000000000000000021E-03 1.000000000000000021E-03 1.000000000000000021E-03 1.000000000000000021E-03 1.000000000000000021E-03 1.000000000000000021E-03 1.000000000000000021E-03 1.000000000000000021E-03 1.000000000000000021E-03 1.085071750974979203E-03 1.166748535693434711E-03 1.134987988562052375E-03 1.231032146505865775E-03 1.048189515146412008E-03 9.076155911787554343E-04 9.831807350421137119E-04 8.769064130775891660E-04 1.117440870759690624E-03 1.143150841578355944E-03 1.037262631194503081E-03 1.321395843944122000E-03 1.190511745928964863E-03 9.847561024734316926E-04 1.166174464304461054E-03 9.890815715502844756E-04 9.534529428943279688E-04 1.096723625459245996E-03 9.180748559124121862E-04 8.905949103362030984E-04 1.175485572451912680E-03 1.104662163368807159E-03 1.118193867705976697E-03 1.094562462711105855E-03 1.194437487739095872E-03 1.282953049955374344E-03 1.216006798029422220E-03 1.181298086864593757E-03 1.324394876830545676E-03 1.452022734923947515E-03 1.174307925189973763E-03 1.198939615705959518E-03 1.475919972850385118E-03 1.345446506203788447E-03 1.237341448193629220E-03 1.105402759240883825E-03 1.108069228313905480E-03 1.142678268410427184E-03 1.224474047390711499E-03 9.829184734643275825E-04 1.050614151696682838E-03 9.557363948404035353E-04 8.662464522951818712E-04 9.556739870734611442E-04 9.952675956015361730E-04 1.204160163374942390E-03 1.275810082182632062E-03 1.391742026201690189E-03 1.276253817905428694E-03 1.025573624303280622E-03 9.417572614379124320E-04 9.420896690695275497E-04 1.132820522028360520E-03 1.000854330697408066E-03 9.860126969730874033E-04 9.101842060227982936E-04 1.136094676504094967E-03 1.083055075472850494E-03 1.015437987986732900E-03 9.038856068664680990E-04 7.470889877743493212E-04 8.734484610392225087E-04 8.215715752014589443E-04 8.630093595292959597E-04 7.297933271553580991E-04 6.806047737605746195E-04 6.602108362015045740E-04 8.670048409014609802E-04 8.358865847379730882E-04 8.171432987223864464E-04 8.938484015042730095E-04 9.096200287917797058E-04 8.705829295400841807E-04 9.294128230303149189E-04 9.208249625062097082E-04 1.060698414974556346E-03 1.019466828014093393E-03 1.094168532943782602E-03 1.155896687657330824E-03 1.274139318334224303E-03 1.196718351091529808E-03 1.224168504471112324E-03 9.674957901622740098E-04 1.264641423871316244E-03 1.350931613246840772E-03 1.427206869262486301E-03 1.821474709106155098E-03 1.680033911531425258E-03 1.466605532590937880E-03 1.501256489311262590E-03 1.186260048119190452E-03 1.031481306675979641E-03 9.680930230823451199E-04 9.266510713478611199E-04 9.122955877219235702E-04 1.000000000000000021E-03 1.000000000000000021E-03 1.000000000000000021E-03 1.000000000000000021E-03 1.000000000000000021E-03 1.000000000000000021E-03 1.000000000000000021E-03 1.000000000000000021E-03 1.000000000000000021E-03 1.000000000000000021E-03 1.000000000000000021E-03 1.000000000000000021E-03 1.000000000000000021E-03 1.000000000000000021E-03 1.000000000000000021E-03 1.000000000000000021E-03 1.000000000000000021E-03 1.000000000000000021E-03 1.000000000000000021E-03 1.000000000000000021E-03 1.000000000000000021E-03 1.000000000000000021E-03 1.000000000000000021E-03 1.000000000000000021E-03 1.000000000000000021E-03 1.000000000000000021E-03 1.000000000000000021E-03 1.000000000000000021E-03 1.000000000000000021E-03 1.000000000000000021E-03 1.000000000000000021E-03 1.000000000000000021E-03 1.000000000000000021E-03 1.000000000000000021E-03 1.000000000000000021E-03 1.000000000000000021E-03 1.000000000000000021E-03 1.000000000000000021E-03 1.000000000000000021E-03 1.000000000000000021E-03 1.242385263834878137E-03 1.124240070152917638E-03 1.008377287225933980E-03 7.829062210405787325E-04 9.040355221501269285E-04 1.000000000000000021E-03
1.000000000000000021E-03 1.000000000000000021E-03 1.000000000000000021E-03 1.000000000000000021E-03 1.000000000000000021E-03 1.000000000000000021E-03 1.000000000000000021E-03 1.000000000000000021E-03 1.000000000000000021E-03 1.000000000000000021E-03 1.264196178271332141E-03 1.105499204513266153E-03 1.000455371667826644E-03 1.136015228084116466E-03 9.723379556747127443E-04 1.033430641883751342E-03 8.312981223099586651E-04 8.852110597589038857E-04 9.653619620804662670E-04 9.831314632324263114E-04 9.593132859829309623E-04 1.153703882667779426E-03 1.091643196450289193E-03 1.060209383777678798E-03 1.159605443577349081E-03 9.872158127895765828E-04 1.009566890925774714E-03 1.056377160129539240E-03 9.015358949744165917E-04 8.884806913830567941E-04 9.367874665392324999E-04 9.071154258000843238E-04 1.213182795883474508E-03 1.215400484201997451E-03 1.205630080414718790E-03 1.058391569964972460E-03 1.170698534146281423E-03 9.491540479425944607E-04 8.570146882746743598E-04 1.024565360532692744E-03 1.216313907777334755E-03 1.034566245275343440E-03 1.114691140234987370E-03 1.080297973258474492E-03 9.395187946632228924E-04 1.112665192370865860E-03 9.800267005271167276E-04 1.023078819363311322E-03 9.450607035800144074E-04 9.806317939431922603E-04 8.608817276441802337E-04 8.338229010703699165E-04 9.251029694429679798E-04 8.419303801859841056E-04 8.143041950303152093E-04 1.104197176064633914E-03 1.190278374413336832E-03 1.040720295240024238E-03 1.013302650172244164E-03 1.000450901641677069E-03 9.027228019943887675E-04 8.873711926114774117E-04 9.266271585734543520E-04 8.339417797873521386E-04 7.916582023247942766E-04 7.780350590756394003E-04 9.584327761091091099E-04 1.047868407352284693E-03 9.144347870534434621E-04 1.065646891469856656E-03 8.498894831243970901E-04 7.836622676447916030E-04 8.330935489242098256E-04 8.818796885931543027E-04 5.741028642349075423E-04 6.631509788962084958E-04 8.322272360549352009E-04 7.897009855190072810E-04 7.855478495619397242E-04 7.200714599804985397E-04 8.585084011812721362E-04 1.022336582921275043E-03 1.389894980293619091E-03 1.384212778614670033E-03 1.300318863664588808E-03 1.027566559218818327E-03 1.060166152362156718E-03 1.011571239922370987E-03 1.153676882853111327E-03 1.082901720009545954E-03 1.198645970465498679E-03 1.227578682711421036E-03 9.069101188799521358E-04 1.169612366108306210E-03 1.344618991499353655E-03 1.380386466471230939E-03 1.386907961770201181E-03 1.466146300125526197E-03 1.236852335246349868E-03 1.530232052982852774E-03 1.433795037389226775E-03 1.168859582605665274E-03 1.033048195230289569E-03 7.373748186520539746E-04 7.539689634555067155E-04 1.000000000000000021E-03 1.000000000000000021E-03 1.000000000000000021E-03 1.000000000000000021E-03 1.000000000000000021E-03 1.000000000000000021E-03 1.000000000000000021E-03 1.000000000000000021E-03 1.000000000000000021E-03 1.000000000000000021E-03 1.000000000000000021E-03 1.000000000000000021E-03 1.000000000000000021E-03 1.000000000000000021E-03 1.000000000000000021E-03 1.000000000000000021E-03 1.000000000000000021E-03 1.000000000000000021E-03 1.000000000000000021E-03 1.000000000000000021E-03 1.000000000000000021E-03 1.000000000000000021E-03 1.000000000000000021E-03 1.000000000000000021E-03 1.000000000000000021E-03 1.000000000000000021E-03 1.000000000000000021E-03 1.000000000000000021E-03 1.000000000000000021E-03 1.000000000000000021E-03 1.000000000000000021E-03 1.000000000000000021E-03 1.000000000000000021E-03 1.000000000000000021E-03 1.000000000000000021E-03 1.000000000000000021E-03 1.000000000000000021E-03 1.000000000000000021E-03 1.000000000000000021E-03 1.000000000000000021E-03 1.000000000000000021E-03 1.000000000000000021E-03 1.000000000000000021E-03 1.037129887397653105E-03 8.702332983919645534E-04 1.000000000000000021E-03
1.000000000000000021E-03 1.000000000000000021E-03 1.000000000000000021E-03 1.000000000000000021E-03 1.000000000000000021E-03 1.000000000000000021E-03 1.000000000000000021E-03 1.000000000000000021E-03 1.000000000000000021E-03 1.405359656714081891E-03 1.170233026592604761E-03 1.157399081452454518E-03 1.362866046450414165E-03 1.123803176128423519E-03 9.520560184230304149E-04 9.054229871600720210E-04 7.475907261985480353E-04 8.020062955446481808E-04 1.133580259257112874E-03 8.687137541282419651E-04 1.111742897711794423E-03 1.061321525842445377E-03 1.145434529099764514E-03 1.221453174710175745E-03 1.277983102885153635E-03 1.232532214081624115E-03 9.823539437710283873E-04 9.637598815865043318E-04 8.853240033827750131E-04 7.567092809372364141E-04 7.878583708816898389E-04 8.918564541670302714E-04 1.141901594021530603E-03 1.336205372620872774E-03 1.186958446454470942E-03 1.112216264937803539E-03 1.027942724473709111E-03 8.571326057006021203E-04 7.988360472822694965E-04 8.414497592442684486E-04 8.772041765467388430E-04 7.119887107867082328E-04 7.643532743340215960E-04 1.017696096208764488E-03 7.283688653346911263E-04 8.131232009743537097E-04 6.645658447715771175E-04 8.865633944490982103E-04 1.112013948760124521E-03 1.090543573591377978E-03 8.606053010845322697E-04 7.373182138413441992E-04 8.373677686507104579E-04 8.379072699177252549E-04 6.596902163450163318E-04 8.951607877427735600E-04 9.236808435593522187E-04 7.519652945046174713E-04 7.328925514471257719E-04 8.705342633996938310E-04 8.548350910427450359E-04 8.853777854173077062E-04 8.891420339582560128E-04 6.994557936228224925E-04 6.309268227332303627E-04 7.519832780069197987E-04 9.414841145204742943E-04 9.431788942018524578E-04 8.399485759142628688E-04 7.530213569478652396E-04 8.323840590058800750E-04 7.943873765069182219E-04 7.713212588824430943E-04 5.773860336091105484E-04 7.223144974190698515E-04 6.438818350022986522E-04 7.458586599091938723E-04 6.930084299449950280E-04 7.075574584035077951E-04 7.284296230148848547E-04 8.390828231680191006E-04 1.128757746982695948E-03 1.414212806160789577E-03 1.402327686679421311E-03 1.691062190165407630E-03 1.477983795972621136E-03 1.241725323051310259E-03 1.045025127439113289E-03 1.180512963761914990E-03 1.087827335860275767E-03 1.190489829314424512E-03 1.167923828589808709E-03 1.087862311488662108E-03 1.246766302582528324E-03 1.117843258840883281E-03 1.139513835918874252E-03 1.160374166467733953E-03 1.448253989954226707E-03 1.348570656583112206E-03 1.234016834241181233E-03 1.299951874398872897E-03 1.291450691624648371E-03 1.024916466962833266E-03 7.573434697133443402E-04 1.000000000000000021E-03 1.000000000000000021E-03 1.000000000000000021E-03 1.000000000000000021E-03 1.000000000000000021E-03 1.000000000000000021E-03 1.000000000000000021E-03 1.000000000000000021E-03 1.000000000000000021E-03 1.000000000000000021E-03 1.000000000000000021E-03 1.000000000000000021E-03 1.000000000000000021E-03 1.000000000000000021E-03 1.000000000000000021E-03 1.000000000000000021E-03 1.000000000000000021E-03 1.000000000000000021E-03 1.000000000000000021E-03 1.000000000000000021E-03 1.000000000000000021E-03 1.000000000000000021E-03 1.000000000000000021E-03 1.000000000000000021E-03 1.000000000000000021E-03 1.000000000000000021E-03 1.000000000000000021E-03 1.000000000000000021E-03 1.000000000000000021E-03 1.000000000000000021E-03 1.000000000000000021E-03 1.000000000000000021E-03 1.000000000000000021E-03 1.000000000000000021E-03 1.000000000000000021E-03 1.000000000000000021E-03 1.000000000000000021E-03 1.000000000000000021E-03 1.000000000000000021E-03 1.000000000000000021E-03 1.000000000000000021E-03 1.000000000000000021E-03 1.000000000000000021E-03 1.000000000000000021E-03 1.000000000000000021E-03 1.000000000000000021E-03 1.000000000000000021E-03
1.000000000000000021E-03 1.000000000000000021E-03 1.000000000000000021E-03 1.000000000000000021E-03 1.000000000000000021E-03 1.000000000000000021E-03 1.000000000000000021E-03 1.000000000000000021E-03 1.000000000000000021E-03 1.569325257549037539E-03 1.452599518347748352E-03 1.272414969888502117E-03 1.160826659646611208E-03 1.157374733603447380E-03 9.551775208567185203E-04 9.003183582787767586E-04 1.117787947342350043E-03 1.091806507995588373E-03 1.074567711206949466E-03 1.359644154338344102E-03 1.592188173620625495E-03 1.530206690297032960E-03 1.246202569103285838E-03 1.204891848069074203E-03 1.193684060030569035E-03 1.102791937095978824E-03 9.441285767752640758E-04 1.011871152217592388E-03 9.784136542672207219E-04 7.945763563660341927E-04 9.186058326139466112E-04 1.123637749011906564E-03 1.136694299966675356E-03 1.046070410554215263E-03 8.361339610518551480E-04 1.015301081394973581E-03 8.686465530234751490E-04 7.228825342816723931E-04 7.462788863901241273E-04 7.791266849527359083E-04 7.564112353872918170E-04 6.900435590405733753E-04 8.941608847800176611E-04 1.051591424108390491E-03 7.877756708893159966E-04 7.801787750173584191E-04 6.915068893811199009E-04 8.702889473203434664E-04 9.256538034004389718E-04 8.961410412293749871E-04 7.749823797682458366E-04 6.331724865690630238E-04 6.931319120780869269E-04 6.845663291926491105E-04 5.828337441047545331E-04 7.774959146479996008E-04 7.350636467323592819E-04 5.608248614072146787E-04 7.848467114981483349E-04 8.942689231282207121E-04 8.912032038193222309E-04 8.581470367416991693E-04 8.056368314130576318E-04 6.471159505634617925E-04 5.785869402497779588E-04 6.448220779317557485E-04 6.197217802923064064E-04 7.755371055271219512E-04 7.689128863432745592E-04 8.933178445271417129E-04 7.414397665644797400E-04 6.982671773439193090E-04 5.142557264059472496E-04 5.514190033388480109E-04 5.489331403432950746E-04 5.020211924332172119E-04 6.863410240946217315E-04 6.401749042715970282E-04 7.339480102493876022E-04 7.357925074059259562E-04 1.007322364416891143E-03 1.153079522123523666E-03 1.342240101729327189E-03 1.681913473945522526E-03 1.766117375458718360E-03 1.591813242637278624E-03 1.391714051535419437E-03 1.303880710456093795E-03 1.157891459538771053E-03 9.597229627700171227E-04 9.314359578009930203E-04 1.099274299421234462E-03 1.163797177234818020E-03 9.441616042580724000E-04 1.054162418355334514E-03 1.100508512410329053E-03 1.180045813322638630E-03 1.489261802173541538E-03 1.674801606336349903E-03 1.324600723818315394E-03 1.314400045339953436E-03 1.182648286557420707E-03 1.165764615523542198E-03 1.046777078361480103E-03 1.000000000000000021E-03 1.000000000000000021E-03 1.000000000000000021E-03 1.000000000000000021E-03 1.000000000000000021E-03 1.000000000000000021E-03 1.000000000000000021E-03 1.000000000000000021E-03 1.000000000000000021E-03 1.000000000000000021E-03 1.000000000000000021E-03 1.000000000000000021E-03 1.000000000000000021E-03 1.000000000000000021E-03 1.000000000000000021E-03 1.000000000000000021E-03 1.000000000000000021E-03 1.000000000000000021E-03 1.000000000000000021E-03 1.000000000000000021E-03 1.000000000000000021E-03 1.000000000000000021E-03 1.000000000000000021E-03 1.000000000000000021E-03 1.000000000000000021E-03 1.000000000000000021E-03 1.000000000000000021E-03 1.000000000000000021E-03 1.000000000000000021E-03 1.000000000000000021E-03 1.000000000000000021E-03 1.000000000000000021E-03 1.000000000000000021E-03 1.000000000000000021E-03 1.000000000000000021E-03 1.000000000000000021E-03 1.000000000000000021E-03 1.000000000000000021E-03 1.000000000000000021E-03 1.000000000000000021E-03 1.000000000000000021E-03 1.000000000000000021E-03 1.000000000000000021E-03 1.000000000000000021E-03 1.000000000000000021E-03 1.000000000000000021E-03 1.000000000000000021E-03
1.000000000000000021E-03 1.000000000000000021E-03 1.000000000000000021E-03 1.000000000000000021E-03 1.000000000000000021E-03 1.000000000000000021E-03 1.000000000000000021E-03 1.000000000000000021E-03 1.724626606682457030E-03 1.557045388573500807E-03 1.442400343341390190E-03 1.104051256246782898E-03 1.369795196372057761E-03 1.013021748391920501E-03 9.391915612748407598E-04 8.680405239852742681E-04 1.109024400542664261E-03 1.297561494764034673E-03 1.568453737630764013E-03 1.500646737829660227E-03 1.642501239148785397E-03 1.679661794846957395E-03 1.426271255483809461E-03 1.247171759233695705E-03 1.182230465226829326E-03 1.298235157322397528E-03 8.632505524186989774E-04 9.108371395946974081E-04 8.691565036128516683E-04 8.076434154297439149E-04 1.157398378883452844E-03 1.250155365122303458E-03 1.248907311453706414E-03 1.110916684721609694E-03 9.095693411325311232E-04 9.687506788720442932E-04 8.520414319493330689E-04 6.555777391861401012E-04 6.911091450328611272E-04 6.566888622685844402E-04 6.227422954272111453E-04 7.312912794819646052E-04 7.435022095291478816E-04 8.890795629276305925E-04 9.466279711089836072E-04 8.414422388027570539E-04 7.465650190248803364E-04 7.957427957186427765E-04 8.201777962846648921E-04 8.038093598330376625E-04 5.785401178884081288E-04 7.268694284908532553E-04 6.390330506760931017E-04 5.949994614125659513E-04 5.509654557946798252E-04 6.220142032133975504E-04 5.796181807465194827E-04 6.079691998164861444E-04 6.676636098179602151E-04 7.240048497614996531E-04 7.619045131867524133E-04 7.932548247752907802E-04 5.279919835150824253E-04 6.357997808827615992E-04 5.333088226086662130E-04 6.030631668818194893E-04 6.643322232077782238E-04 6.942514736599241128E-04 6.447830528299993910E-04 7.059340364239748058E-04 6.781203383995432427E-04 6.756397755232375476E-04 6.400264114615239518E-04 5.942719571298617524E-04 6.403369344889771157E-04 6.356319730869625702E-04 6.397573378583010359E-04 6.070450227287046193E-04 6.755130090061705738E-04 8.590219286213498064E-04 8.770214465070412654E-04 1.461975782709185783E-03 1.718082934060022153E-03 1.954118591962239557E-03 2.007852898135733394E-03 1.665970319144727697E-03 1.742980580267934274E-03 1.321997164628284632E-03 1.373783135388453869E-03 1.096194465761153808E-03 8.088222464471045339E-04 1.028951322340213286E-03 1.044371174213605232E-03 9.757120063518607677E-04 1.006319214978352488E-03 1.193136593463106155E-03 1.090059413307449890E-03 1.527244858486085039E-03 1.636249151853662667E-03 1.591274889313370935E-03 1.375122697605885491E-03 1.264976580103215151E-03 1.007020786983591105E-03 1.000000000000000021E-03 1.000000000000000021E-03 1.000000000000000021E-03 1.000000000000000021E-03 1.000000000000000021E-03 1.000000000000000021E-03 1.000000000000000021E-03 1.000000000000000021E-03 1.000000000000000021E-03 1.000000000000000021E-03 1.000000000000000021E-03 1.000000000000000021E-03 1.000000000000000021E-03 1.000000000000000021E-03 1.000000000000000021E-03 1.000000000000000021E-03 1.000000000000000021E-03 1.000000000000000021E-03 1.000000000000000021E-03 1.000000000000000021E-03 1.000000000000000021E-03 1.000000000000000021E-03 1.000000000000000021E-03 1.000000000000000021E-03 1.000000000000000021E-03 1.000000000000000021E-03 1.000000000000000021E-03 1.000000000000000021E-03 1.000000000000000021E-03 1.000000000000000021E-03 1.000000000000000021E-03 1.000000000000000021E-03 1.000000000000000021E-03 1.000000000000000021E-03 1.000000000000000021E-03 1.000000000000000021E-03 1.000000000000000021E-03 1.000000000000000021E-03 1.000000000000000021E-03 1.000000000000000021E-03 1.000000000000000021E-03 1.000000000000000021E-03 1.000000000000000021E-03 1.000000000000000021E-03 1.000000000000000021E-03 1.000000000000000021E-03 1.000000000000000021E-03 1.000000000000000021E-03
1.000000000000000021E-03 1.000000000000000021E-03 1.000000000000000021E-03 1.000000000000000021E-03 1.000000000000000021E-03 1.000000000000000021E-03 1.000000000000000021E-03 1.000000000000000021E-03 1.777566958034329557E-03 1.740592004419465235E-03 1.363185044658838524E-03 1.168768433461287630E-03 1.099844135441705806E-03 9.280525975068744469E-04 8.575318509032373287E-04 9.440047815466316890E-04 9.465502032090199191E-04 1.200553340375623557E-03 1.573241812158060167E-03 1.869822107371199322E-03 1.358448429404250819E-03 1.349064856028689635E-03 1.453860516745346561E-03 1.379552012121730738E-03 1.631822635379207151E-03 1.296245888263579133E-03 9.887493846705709254E-04 1.008943584711146247E-03 9.717443639371732295E-04 1.225160192381130001E-03 1.070238729789731082E-03 1.015552201149790695E-03 1.102829149213794581E-03 1.026196328043032027E-03 8.050588781236038766E-04 7.086756231995832746E-04 7.969385064097291114E-04 6.878239513654366838E-04 6.379804539298155166E-04 6.828405636038599675E-04 5.832209477988917418E-04 6.640520420557503118E-04 6.508919233723794388E-04 9.392398009179653284E-04 8.536197581731195692E-04 9.294113866016442483E-04 8.201677359059960900E-04 8.581944591941029384E-04 7.594947972274663237E-04 7.316421929298438801E-04 5.919158930737964883E-04 6.343964239198804974E-04 6.992660919068064210E-04 6.540643778629323408E-04 5.927646414667270313E-04 6.006408304277873486E-04 5.477190849996007877E-04 5.721984687734090868E-04 7.032119598675618715E-04 6.894138349195238656E-04 7.406738720078931545E-04 7.390402112492776721E-04 5.372486702285748320E-04 5.402810159575419146E-04 5.774713425264324301E-04 5.461191482800271122E-04 6.013911566949627259E-04 5.765677781344654427E-04 7.050478938670234636E-04 6.129776245601275837E-04 7.183799931278055800E-04 7.961230718337331154E-04 7.855285185055116024E-04 6.144584501760131301E-04 6.713213011770353565E-04 5.969803145458440086E-04 5.830724253608288252E-04 6.358160950866473086E-04 5.812435444156124767E-04 8.145370037127014221E-04 9.564754868131415894E-04 1.233069095743108152E-03 1.540236565029189618E-03 1.743257131430270973E-03 1.863388788446101270E-03 2.223528699367993862E-03 2.318551449490721846E-03 1.860565028545924093E-03 1.483790385950685712E-03 1.178999985687308487E-03 8.568504588680511246E-04 1.024083522839663559E-03 1.175025200083210097E-03 1.255925815634465316E-03 1.070820870731927638E-03 9.400647218139243904E-04 9.969945158108531932E-04 1.559379172806897975E-03 1.422900088914841581E-03 1.336268490263869263E-03 1.330414647586770699E-03 1.047402073101657335E-03 8.344157719655711375E-04 1.000000000000000021E-03 1.000000000000000021E-03 1.000000000000000021E-03 1.000000000000000021E-03 1.000000000000000021E-03 1.000000000000000021E-03 1.000000000000000021E-03 1.000000000000000021E-03 1.000000000000000021E-03 1.000000000000000021E-03 1.000000000000000021E-03 1.000000000000000021E-03 1.000000000000000021E-03 1.000000000000000021E-03 1.000000000000000021E-03 1.000000000000000021E-03 1.000000000000000021E-03 1.000000000000000021E-03 1.000000000000000021E-03 1.000000000000000021E-03 1.000000000000000021E-03 1.000000000000000021E-03 1.000000000000000021E-03 1.000000000000000021E-03 1.000000000000000021E-03 1.000000000000000021E-03 1.000000000000000021E-03 1.000000000000000021E-03 1.000000000000000021E-03 1.000000000000000021E-03 1.000000000000000021E-03 1.000000000000000021E-03 1.000000000000000021E-03 1.000000000000000021E-03 1.000000000000000021E-03 1.000000000000000021E-03 1.000000000000000021E-03 1.000000000000000021E-03 1.000000000000000021E-03 1.000000000000000021E-03 1.000000000000000021E-03 1.000000000000000021E-03 1.000000000000000021E-03 1.000000000000000021E-03 1.000000000000000021E-03 1.000000000000000021E-03 1.000000000000000021E-03 1.000000000000000021E-03
1.000000000000000021E-03 1.000000000000000021E-03 1.000000000000000021E-03 1.000000000000000021E-03 1.000000000000000021E-03 1.000000000000000021E-03 1.000000000000000021E-03 1.693739384318300803E-03 1.412595928132746219E-03 1.303446107493222428E-03 1.303437020736073620E-03 1.142023351741677708E-03 1.029413967352657468E-03 8.743684399038595834E-04 8.777420189996336126E-04 1.163630835139409800E-03 1.145883725320007932E-03 1.244089855992919647E-03 1.440632521624889400E-03 1.683421692155719074E-03 1.372691534697480622E-03 1.519424174276650307E-03 1.367081859204558004E-03 1.514435282169135670E-03 1.735379855829799608E-03 1.389666317252356018E-03 1.456623002118230276E-03 1.252829538919033106E-03 1.081653401508032245E-03 1.226810568512733905E-03 9.936506850560082333E-04 8.118626866268470682E-04 9.933206081219605674E-04 1.126272246767175914E-03 1.068733282179196555E-03 8.569051216350007192E-04 7.233083797615705865E-04 7.249705837193910936E-04 7.544947421533216301E-04 6.642667897683784614E-04 6.993844542711488525E-04 6.936448916805762607E-04 7.487912583929999836E-04 9.707869103423557092E-04 9.255222599166767431E-04 7.709309819378925080E-04 8.447239840173515662E-04 9.593576527400932965E-04 7.848665146537307140E-04 7.064546680794074650E-04 5.395402265135592398E-04 5.591455827774355087E-04 5.803460403796670882E-04 7.631844006776031600E-04 6.025777026300204375E-04 5.923429896702277556E-04 5.226462616782121765E-04 6.022599588911450429E-04 7.421138841177597712E-04 6.337898240791873215E-04 6.187147783264970290E-04 5.409475893637999064E-04 5.077509947632405938E-04 5.462410625380385940E-04 5.774189472371479923E-04 6.013409411492646539E-04 6.069371536443971113E-04 5.762545402358549684E-04 5.960658189400327642E-04 7.086775652456312304E-04 6.969956354458466076E-04 7.466830298215209509E-04 9.068198338514827685E-04 7.293968331862985943E-04 5.548622671679308326E-04 5.999751042131507917E-04 5.600557766161846137E-04 6.096490080686815501E-04 5.206037146625974547E-04 6.585214258331298452E-04 8.039531939677251743E-04 1.165118930096001228E-03 1.347101705804934534E-03 1.574308812027483623E-03 1.630128697862926086E-03 1.897635082258885197E-03 2.335316899764621357E-03 2.088022021533122649E-03 1.272263977600589062E-03 1.364434405061053365E-03 1.045963798167772341E-03 1.479734025777947612E-03 1.286566925137511358E-03 1.016962296624744459E-03 9.574015059639948535E-04 8.578425299524578300E-04 9.407742905206610377E-04 1.668160082028387900E-03 1.554083527074454768E-03 1.344443216101693468E-03 1.031439543080170992E-03 9.129439658509320467E-04 1.000000000000000021E-03 1.000000000000000021E-03 1.000000000000000021E-03 1.000000000000000021E-03 1.000000000000000021E-03 1.000000000000000021E-03 1.000000000000000021E-03 1.000000000000000021E-03 1.000000000000000021E-03 1.000000000000000021E-03 1.000000000000000021E-03 1.000000000000000021E-03 1.000000000000000021E-03 1.000000000000000021E-03 1.000000000000000021E-03 1.000000000000000021E-03 1.000000000000000021E-03 1.000000000000000021E-03 1.000000000000000021E-03 1.000000000000000021E-03 1.000000000000000021E-03 1.000000000000000021E-03 1.000000000000000021E-03 1.000000000000000021E-03 1.000000000000000021E-03 1.000000000000000021E-03 1.000000000000000021E-03 1.000000000000000021E-03 1.000000000000000021E-03 1.000000000000000021E-03 1.000000000000000021E-03 1.000000000000000021E-03 1.000000000000000021E-03 1.000000000000000021E-03 1.000000000000000021E-03 1.000000000000000021E-03 1.000000000000000021E-03 1.000000000000000021E-03 1.000000000000000021E-03 1.000000000000000021E-03 1.000000000000000021E-03 1.000000000000000021E-03 1.000000000000000021E-03 1.000000000000000021E-03 1.000000000000000021E-03 1.000000000000000021E-03 1.000000000000000021E-03 1.000000000000000021E-03 1.000000000000000021E-03
1.000000000000000021E-03 1.000000000000000021E-03 1.000000000000000021E-03 1.000000000000000021E-03 1.000000000000000021E-03 1.000000000000000021E-03 1.000000000000000021E-03 1.341973891990180497E-03 1.638376763880339390E-03 1.295406838368092861E-03 1.195384701095487294E-03 9.234018349481242210E-04 8.853384352919094506E-04 8.577734566451446999E-04 8.766297930058536631E-04 1.160358223848671159E-03 1.076428561862518467E-03 1.089542059516287933E-03 1.277572761966984339E-03 1.388610609515081393E-03 1.239774311621711853E-03 1.472200706390147011E-03 1.730348528837931388E-03 1.555272464757486090E-03 1.520607661023273870E-03 1.513451379725213805E-03 1.507426306834215232E-03 1.219229497207594817E-03 1.439353678714783364E-03 9.580467051001060642E-04 1.018754960082895967E-03 9.543843042590377393E-04 7.679244181074432142E-04 1.052491332657436119E-03 9.495324610540987640E-04 9.137278486700541828E-04 7.888603692159100759E-04 6.983315282044097417E-04 6.292329039660764407E-04 7.487185838844369985E-04 7.287040449408245480E-04 6.709326015515301115E-04 8.198053712161478294E-04 9.234234396871878478E-04 7.838758287856665728E-04 7.547069006173582045E-04 8.290811756933970725E-04 8.842755323062804476E-04 8.926254163040603156E-04 8.703977320870831969E-04 6.673710865882220974E-04 6.188856901011245823E-04 7.298206705255775011E-04 8.293064577774777405E-04 7.748418133163639809E-04 6.956911219952225355E-04 5.521826599474040365E-04 5.302083323204260634E-04 5.772173128593845442E-04 6.637845175522324613E-04 6.499113621864068208E-04 7.658036168158562172E-04 6.458777640527144310E-04 5.332065177677014793E-04 5.909720650525419590E-04 6.945281587976067121E-04 5.680271900011937347E-04 5.040449458978794872E-04 6.545388996313857444E-04 6.838529849150151978E-04 6.942891913549979884E-04 7.041719705490743402E-04 8.426615479169256720E-04 7.345522267086634222E-04 6.088979437793146359E-04 5.906390423816329331E-04 5.598657820227830040E-04 6.028625891045278707E-04 5.692627119724374529E-04 5.559102071178116796E-04 6.967296883517524325E-04 1.093466468669628032E-03 1.162912443581865353E-03 1.312600283546507375E-03 1.354811840040387330E-03 1.685606585842183008E-03 1.878328524882880071E-03 1.801044616081093602E-03 1.487151568845132381E-03 1.578766420791389040E-03 1.236905961328348255E-03 1.345772678077210337E-03 1.179854228453599716E-03 1.259931537061878201E-03 1.197333752863057347E-03 1.220994989884840098E-03 1.385751386908424306E-03 1.755627180303689569E-03 1.592541514144154386E-03 1.000000000000000021E-03 1.000000000000000021E-03 1.000000000000000021E-03 1.000000000000000021E-03 1.000000000000000021E-03 1.000000000000000021E-03 1.000000000000000021E-03 1.000000000000000021E-03 1.000000000000000021E-03 1.000000000000000021E-03 1.000000000000000021E-03 1.000000000000000021E-03 1.000000000000000021E-03 1.000000000000000021E-03 1.000000000000000021E-03 1.000000000000000021E-03 1.000000000000000021E-03 1.000000000000000021E-03 1.000000000000000021E-03 1.000000000000000021E-03 1.000000000000000021E-03 1.000000000000000021E-03 1.000000000000000021E-03 1.000000000000000021E-03 1.000000000000000021E-03 1.000000000000000021E-03 1.000000000000000021E-03 1.000000000000000021E-03 1.000000000000000021E-03 1.000000000000000021E-03 1.000000000000000021E-03 1.000000000000000021E-03 1.000000000000000021E-03 1.000000000000000021E-03 1.000000000000000021E-03 1.000000000000000021E-03 1.000000000000000021E-03 1.000000000000000021E-03 1.000000000000000021E-03 1.000000000000000021E-03 1.000000000000000021E-03 1.000000000000000021E-03 1.000000000000000021E-03 1.000000000000000021E-03 1.000000000000000021E-03 1.000000000000000021E-03 1.000000000000000021E-03 1.000000000000000021E-03 1.000000000000000021E-03 1.000000000000000021E-03 1.000000000000000021E-03 1.000000000000000021E-03
1.000000000000000021E-03 1.000000000000000021E-03 1.000000000000000021E-03 1.000000000000000021E-03 1.000000000000000021E-03 1.000000000000000021E-03 1.402370482751405479E-03 1.288405798947605402E-03 1.022799318772278556E-03 1.076141621957367629E-03 9.257137232053085649E-04 1.036018967498865623E-03 8.946621468021641278E-04 1.150544558367856164E-03 1.043645908688919195E-03 1.117992525176108275E-03 1.211105774091824575E-03 1.153826304105532797E-03 1.161317390167025676E-03 1.307233844938044754E-03 1.399826317414908225E-03 1.609736807987922512E-03 1.829124447608482078E-03 1.612475068063837485E-03 1.509621077125924840E-03 1.516650768844905088E-03 1.508683727539985751E-03 1.331321401595208370E-03 1.243299349499163344E-03 1.237974416588485038E-03 1.174320289136945470E-03 8.751349382781347264E-04 8.460473998450589173E-04 8.405160912269004107E-04 8.833401349823600699E-04 9.519644663075891352E-04 9.751191169456234183E-04 7.318802414350307874E-04 7.555918173824961162E-04 8.056424211943101921E-04 7.579578784197081413E-04 6.468462983721473764E-04 6.613193660057873659E-04 8.065980837999415457E-04 8.064908126768097294E-04 1.032489449429649245E-03 9.926210436749531487E-04 1.037833846525155253E-03 8.824883158529530161E-04 8.660792182084841185E-04 8.619186505142390842E-04 6.212355737518545501E-04 8.469326948209804839E-04 1.017983742347140438E-03 1.147360877684107296E-03 9.252597328966169835E-04 6.365630860823649068E-04 5.812354616616746423E-04 6.800410342022614012E-04 6.969402972950168975E-04 6.826001680027024652E-04 7.319836130761790856E-04 7.791458652606698303E-04 6.541286351439180597E-04 7.587446109664491975E-04 5.900558201759009648E-04 6.456088875801122614E-04 5.380357583632891256E-04 5.957109180065670853E-04 6.047338706187381117E-04 7.111137402530476413E-04 6.192556268358314839E-04 6.129020888751201754E-04 7.003170555170485289E-04 5.951226434230653820E-04 5.056540901915001227E-04 4.796649707734945570E-04 5.383900088948826877E-04 6.619391877490211429E-04 7.035071411039851841E-04 6.631443427412716217E-04 8.651108591766182949E-04 1.072625896224383129E-03 1.327690828952211854E-03 1.144446288699851270E-03 1.166943547851887917E-03 1.300917956359155673E-03 1.520497216616368066E-03 1.776909326853249671E-03 1.462291412988397715E-03 1.423634978554139639E-03 1.330133583623227056E-03 1.148920343903175574E-03 1.232844782069277912E-03 1.376751211468543691E-03 1.436963740062924657E-03 1.496450568180306053E-03 1.709183125620268280E-03 1.000000000000000021E-03 1.000000000000000021E-03 1.000000000000000021E-03 1.000000000000000021E-03 1.000000000000000021E-03 1.000000000000000021E-03 1.000000000000000021E-03 1.000000000000000021E-03 1.000000000000000021E-03 1.000000000000000021E-03 1.000000000000000021E-03 1.000000000000000021E-03 1.000000000000000021E-03 1.000000000000000021E-03 1.000000000000000021E-03 1.000000000000000021E-03 1.000000000000000021E-03 1.000000000000000021E-03 1.000000000000000021E-03 1.000000000000000021E-03 1.000000000000000021E-03 1.000000000000000021E-03 1.000000000000000021E-03 1.000000000000000021E-03 1.000000000000000021E-03 1.000000000000000021E-03 1.000000000000000021E-03 1.000000000000000021E-03 1.000000000000000021E-03 1.000000000000000021E-03 1.000000000000000021E-03 1.000000000000000021E-03 1.000000000000000021E-03 1.000000000000000021E-03 1.000000000000000021E-03 1.000000000000000021E-03 1.000000000000000021E-03 1.000000000000000021E-03 1.000000000000000021E-03 1.000000000000000021E-03 1.000000000000000021E-03 1.000000000000000021E-03 1.000000000000000021E-03 1.000000000000000021E-03 1.000000000000000021E-03 1.000000000000000021E-03 1.000000000000000021E-03 1.000000000000000021E-03 1.000000000000000021E-03 1.000000000000000021E-03 1.000000000000000021E-03 1.000000000000000021E-03 1.000000000000000021E-03
1.000000000000000021E-03 1.000000000000000021E-03 1.000000000000000021E-03 1.000000000000000021E-03 1.000000000000000021E-03 1.000000000000000021E-03 1.539912558780510629E-03 1.245555648560335181E-03 1.259632366394585574E-03 1.143528376485116729E-03 1.152751130042533852E-03 1.189777007969381167E-03 1.308461471763031981E-03 1.264380748365988814E-03 1.103182750538117627E-03 1.111387516133192531E-03 1.236828694928722785E-03 1.286853694134666541E-03 1.365973410304442042E-03 1.297732826703779443E-03 1.415718265448237664E-03 1.634040387546970875E-03 1.847228072000926076E-03 1.698813636848590545E-03 1.805934547343127994E-03 1.630724593112761224E-03 1.188431862340468123E-03 1.314042148057613119E-03 1.444454232297438627E-03 1.475276769502754460E-03 1.330343845269918186E-03 9.183096251655048330E-04 9.435643402489841871E-04 1.022768465741768140E-03 8.815859466182995310E-04 1.170765364012310138E-03 1.068193149122939525E-03 9.646269049832647624E-04 8.314534486378956151E-04 7.389019880459541138E-04 7.317937375672967397E-04 7.232789552330749815E-04 6.535106069087527961E-04 7.172249881616562638E-04 6.946715821403498178E-04 7.545097143911032355E-04 8.145691506431622375E-04 8.679985582268166929E-04 8.497228438364148265E-04 9.358065788473506584E-04 8.758426301528683027E-04 8.370226135979610526E-04 8.590919965442519362E-04 9.182967472895349178E-04 9.995535267730277888E-04 7.378489643747809194E-04 6.332555694055651187E-04 5.851411692408426540E-04 6.564358097072179677E-04 6.049774708271485682E-04 6.514915844868685458E-04 7.307289587251526936E-04 8.436905338259630561E-04 8.215862249608807790E-04 8.155838978324526315E-04 7.594135871745325353E-04 5.972353106027527159E-04 6.716936733886695945E-04 7.145838149623074623E-04 6.953745287115851601E-04 8.230143390058704180E-04 6.345466398003652949E-04 7.092149795583561987E-04 7.064021464482857530E-04 6.904330553444614979E-04 5.285897649591299926E-04 5.111490928773473278E-04 5.118793770837601819E-04 7.322524780476524298E-04 7.599058561811057860E-04 7.232514562299088368E-04 7.830129596130403196E-04 1.055371002165783438E-03 1.101771807496236414E-03 1.141139854247403716E-03 1.294848165930182274E-03 1.039313023684730435E-03 1.421417707905810700E-03 1.585032480434568538E-03 1.667008837239184220E-03 1.505710633893823014E-03 1.433064876269337642E-03 1.229484335394928282E-03 1.184110661356335735E-03 1.134403831878583353E-03 1.352237527336673517E-03 1.000000000000000021E-03 1.000000000000000021E-03 1.000000000000000021E-03 1.000000000000000021E-03 1.000000000000000021E-03 1.000000000000000021E-03 1.000000000000000021E-03 1.000000000000000021E-03 1.000000000000000021E-03 1.000000000000000021E-03 1.000000000000000021E-03 1.000000000000000021E-03 1.000000000000000021E-03 1.000000000000000021E-03 1.000000000000000021E-03 1.000000000000000021E-03 1.000000000000000021E-03 1.000000000000000021E-03 1.000000000000000021E-03 1.000000000000000021E-03 1.000000000000000021E-03 1.000000000000000021E-03 1.000000000000000021E-03 1.000000000000000021E-03 1.000000000000000021E-03 1.000000000000000021E-03 1.000000000000000021E-03 1.000000000000000021E-03 1.000000000000000021E-03 1.000000000000000021E-03 1.000000000000000021E-03 1.000000000000000021E-03 1.000000000000000021E-03 1.000000000000000021E-03 1.000000000000000021E-03 1.000000000000000021E-03 1.000000000000000021E-03 1.000000000000000021E-03 1.000000000000000021E-03 1.000000000000000021E-03 1.000000000000000021E-03 1.000000000000000021E-03 1.000000000000000021E-03 1.000000000000000021E-03 1.000000000000000021E-03 1.000000000000000021E-03 1.000000000000000021E-03 1.000000000000000021E-03 1.000000000000000021E-03 1.000000000000000021E-03 1.000000000000000021E-03 1.000000000000000021E-03 1.000000000000000021E-03 1.000000000000000021E-03 1.000000000000000021E-03
1.000000000000000021E-03 1.000000000000000021E-03 1.000000000000000021E-03 1.000000000000000021E-03 1.000000000000000021E-03 1.512145662654370290E-03 1.641174106754979658E-03 1.368358889387331218E-03 1.170213015580271474E-03 1.427036253474087005E-03 1.622513624381325629E-03 1.246560788720774528E-03 1.412976926066133315E-03 1.350337761459291953E-03 1.068800041566570673E-03 9.961579767077480014E-04 1.306096168567813867E-03 1.369694123649827433E-03 1.316288547364880511E-03 1.292966406875759641E-03 1.344420065129122398E-03 1.687012273907002435E-03 1.702330904772513583E-03 1.747645473672723151E-03 2.054553983189682208E-03 1.683851131338732522E-03 1.463352519574982009E-03 1.816811081349279083E-03 1.346338631070852785E-03 1.267048727238770075E-03 1.055478457182372791E-03 8.424794613713543516E-04 8.276571285893699267E-04 9.622283596053061213E-04 9.574221699858974106E-04 1.239625699255251417E-03 1.118788006765228469E-03 1.075022616776037275E-03 9.489030927684764588E-04 9.971267695579413316E-04 7.595184969627351117E-04 8.305798798535934295E-04 6.316331028304515531E-04 7.122920712688855446E-04 6.890549903374155148E-04 7.337345630704874720E-04 8.789084474366596310E-04 1.064469092813100266E-03 8.563230776564011463E-04 1.064910001197046010E-03 9.757150697279377708E-04 9.555423921156961211E-04 1.049864612310418043E-03 8.413919494172877704E-04 1.000789676070185921E-03 7.654437870935730266E-04 5.882271796284311389E-04 5.902201004038265530E-04 6.771992991777028674E-04 5.779951917236398782E-04 5.806809628282991621E-04 7.172251052154016496E-04 7.512683375046066503E-04 6.830803798952516217E-04 9.768626056473120323E-04 9.959024246118176101E-04 7.557214382711563427E-04 6.936770745494555499E-04 6.242775285080674015E-04 6.889126020744266304E-04 7.510404740544032818E-04 5.609963178979668688E-04 6.039903055913829234E-04 6.968409851531081819E-04 6.176698908881865166E-04 6.277523971259340013E-04 6.386862577407619642E-04 6.178108268452601158E-04 7.202694958444427059E-04 8.117045152614175236E-04 6.769392542914320866E-04 6.902697002982099116E-04 1.011009987534348996E-03 1.261767582740458762E-03 1.054601460747996676E-03 1.144319738555294374E-03 1.306034773741279135E-03 1.285412193683048215E-03 1.077912591337003767E-03 1.271927847062194646E-03 1.049435052551585517E-03 1.261507388252363455E-03 1.398812489020685420E-03 1.303377324316874015E-03 1.208902604043714767E-03 1.347363352892809668E-03 1.000000000000000021E-03 1.000000000000000021E-03 1.000000000000000021E-03 1.000000000000000021E-03 1.000000000000000021E-03 1.000000000000000021E-03 1.000000000000000021E-03 1.000000000000000021E-03 1.000000000000000021E-03 1.000000000000000021E-03 1.000000000000000021E-03 1.000000000000000021E-03 1.000000000000000021E-03 1.000000000000000021E-03 1.000000000000000021E-03 1.000000000000000021E-03 1.000000000000000021E-03 1.000000000000000021E-03 1.000000000000000021E-03 1.000000000000000021E-03 1.000000000000000021E-03 1.000000000000000021E-03 1.000000000000000021E-03 1.000000000000000021E-03 1.000000000000000021E-03 1.000000000000000021E-03 1.000000000000000021E-03 1.000000000000000021E-03 1.000000000000000021E-03 1.000000000000000021E-03 1.000000000000000021E-03 1.000000000000000021E-03 1.000000000000000021E-03 1.000000000000000021E-03 1.000000000000000021E-03 1.000000000000000021E-03 1.000000000000000021E-03 1.000000000000000021E-03 1.000000000000000021E-03 1.000000000000000021E-03 1.000000000000000021E-03 1.000000000000000021E-03 1.000000000000000021E-03 1.000000000000000021E-03 1.000000000000000021E-03 1.000000000000000021E-03 1.000000000000000021E-03 1.000000000000000021E-03 1.000000000000000021E-03 1.000000000000000021E-03 1.000000000000000021E-03 1.000000000000000021E-03 1.000000000000000021E-03 1.000000000000000021E-03 1.000000000000000021E-03
1.000000000000000021E-03 1.000000000000000021E-03 1.000000000000000021E-03 1.000000000000000021E-03 1.000000000000000021E-03 1.607374230755444439E-03 1.334026043659282661E-03 1.412875297608926503E-03 1.261876496148826984E-03 1.208644700516247911E-03 1.261895751170031199E-03 1.337053603496460861E-03 1.247454063684746550E-03 1.080519409901796153E-03 9.484774626475508908E-04 1.020682077034871724E-03 1.228735923645123606E-03 1.382357667647473188E-03 1.432834170427993783E-03 1.398692275268837663E-03 1.578155795372102304E-03 1.631265954315576448E-03 2.090455428158183998E-03 1.841577644466970949E-03 1.578791178060129320E-03 1.729240441226597520E-03 1.374454181784964465E-03 1.890695564439595720E-03 1.427497013227143133E-03 1.461584926903113221E-03 1.019525340929086686E-03 9.720406830416487105E-04 9.499785199713207517E-04 9.231400309784784913E-04 1.258250956735187422E-03 1.398118832009019250E-03 1.200009851203568930E-03 9.631028641460928673E-04 9.119549408138499791E-04 9.694273546785598782E-04 8.418206054482201646E-04 8.145347130931181959E-04 7.192514799344850189E-04 7.485068234101418475E-04 8.674528681500272374E-04 8.167908107236446485E-04 8.846761416321541772E-04 1.059455539343296532E-03 1.015441637555044305E-03 1.116151031845782860E-03 8.327042997527336768E-04 7.685530758130222542E-04 1.031488694495044482E-03 9.249108385845619586E-04 8.186161786651705323E-04 8.057845195515567606E-04 5.228950034247295759E-04 5.255530468457714037E-04 5.388025272279998740E-04 4.861571553739356421E-04 5.060181128736000126E-04 6.857927863194598038E-04 6.434743794748931309E-04 5.850946150710535296E-04 8.318779370702441721E-04 7.943987683181459548E-04 7.772205708527728371E-04 7.166798447279093803E-04 6.111521675974524153E-04 5.646359647888562995E-04 6.258503298047832621E-04 6.344935576626298040E-04 6.398679933506548970E-04 7.898027382487663025E-04 6.643718399386017159E-04 7.380207077561591654E-04 7.789382130758801433E-04 7.196037856368972009E-04 7.440398757226850644E-04 9.948079402380225356E-04 7.871921182086148066E-04 8.433350145439335102E-04 8.989306761255639981E-04 1.032186243073041987E-03 1.194566110608752830E-03 1.147513895710212993E-03 1.111042096156659043E-03 1.033016373767613530E-03 8.631713383932455332E-04 9.593810506442465363E-04 9.839595339933046147E-04 1.048985467156871671E-03 1.104630524950675268E-03 1.181777539469984050E-03 1.404758017056804628E-03 1.541358262268707454E-03 1.000000000000000021E-03 1.000000000000000021E-03 1.000000000000000021E-03 1.000000000000000021E-03 1.000000000000000021E-03 1.000000000000000021E-03 1.000000000000000021E-03 1.000000000000000021E-03 1.000000000000000021E-03 1.000000000000000021E-03 1.000000000000000021E-03 1.000000000000000021E-03 1.000000000000000021E-03 1.000000000000000021E-03 1.000000000000000021E-03 1.000000000000000021E-03 1.000000000000000021E-03 1.000000000000000021E-03 1.000000000000000021E-03 1.000000000000000021E-03 1.000000000000000021E-03 1.000000000000000021E-03 1.000000000000000021E-03 1.000000000000000021E-03 1.000000000000000021E-03 1.000000000000000021E-03 1.000000000000000021E-03 1.000000000000000021E-03 1.000000000000000021E-03 1.000000000000000021E-03 1.000000000000000021E-03 1.000000000000000021E-03 1.000000000000000021E-03 1.000000000000000021E-03 1.000000000000000021E-03 1.000000000000000021E-03 1.000000000000000021E-03 1.000000000000000021E-03 1.000000000000000021E-03 1.000000000000000021E-03 1.000000000000000021E-03 1.000000000000000021E-03 1.000000000000000021E-03 1.000000000000000021E-03 1.000000000000000021E-03 1.000000000000000021E-03 1.000000000000000021E-03 1.000000000000000021E-03 1.000000000000000021E-03 1.000000000000000021E-03 1.000000000000000021E-03 1.000000000000000021E-03 1.000000000000000021E-03 1.000000000000000021E-03 1.000000000000000021E-03
1.000000000000000021E-03 1.000000000000000021E-03 1.000000000000000021E-03 1.000000000000000021E-03 1.000000000000000021E-03 1.289854431024321053E-03 1.416094026529853738E-03 1.322873582104014314E-03 1.619631520416623489E-03 1.287684800539309633E-03 1.618829364624757268E-03 1.422971733220783439E-03 1.091299493802278583E-03 1.047523539666731299E-03 1.039668747802451141E-03 1.118317134205745658E-03 1.300846987261510207E-03 1.621901480614826611E-03 1.481408079082609632E-03 1.762658266119259722E-03 1.719586622966124811E-03 1.629735031561011828E-03 1.544284782965770061E-03 1.712382828010971993E-03 1.755233555361958601E-03 1.683236104785955367E-03 1.620359163921137767E-03 1.707825417882944015E-03 1.730065996655958315E-03 1.616154431119630952E-03 1.219563615311482436E-03 1.081916692977067046E-03 1.027970785470267616E-03 9.646490306670379598E-04 1.341244928454686080E-03 1.337051855952327587E-03 1.138134530922539937E-03 1.045328973093388085E-03 9.270473030246072135E-04 1.052133370452543659E-03 7.697355386748936604E-04 7.893501835804642760E-04 6.785864824677766789E-04 8.800887727052873494E-04 8.742887537902011312E-04 9.270198430928467933E-04 8.799786875366907846E-04 1.007322062967297991E-03 9.101744551864804442E-04 8.039716969555648794E-04 9.438310082054308112E-04 1.017699737849887256E-03 1.156500748040685577E-03 1.086245999788436290E-03 8.030146903628778733E-04 6.579211867142974570E-04 6.055651930662211795E-04 4.914095189742423214E-04 5.036034011297446916E-04 4.608311283647191156E-04 6.260051286612400897E-04 5.477767524457955936E-04 4.951388934301050732E-04 5.469387600972025866E-04 6.725833680676159172E-04 7.331119880631121717E-04 7.738782525771646745E-04 6.773387305197874422E-04 6.695271695621947449E-04 7.767302680614468447E-04 6.577335963256325090E-04 6.458865558482063595E-04 7.389053468079092007E-04 8.510095974903359719E-04 7.484872615731494707E-04 8.699132545330743498E-04 6.805568896897507122E-04 8.166011330693440876E-04 8.773006183554190804E-04 8.816176355388453045E-04 9.347825135624025610E-04 9.161552028330383285E-04 1.053575465232752884E-03 1.113479771390130492E-03 1.095245950281476021E-03 1.258359673709351454E-03 8.508158925582514753E-04 6.918574180764041574E-04 7.487159964809135754E-04 8.584445210925296769E-04 9.572328796435283999E-04 1.022311656812682507E-03 1.183187690739528767E-03 1.314277410750996564E-03 1.481412378365766112E-03 1.559285985263309622E-03 1.000000000000000021E-03 1.000000000000000021E-03 1.000000000000000021E-03 1.000000000000000021E-03 1.000000000000000021E-03 1.000000000000000021E-03 1.000000000000000021E-03 1.000000000000000021E-03 1.000000000000000021E-03 1.000000000000000021E-03 1.000000000000000021E-03 1.000000000000000021E-03 1.000000000000000021E-03 1.000000000000000021E-03 1.000000000000000021E-03 1.000000000000000021E-03 1.000000000000000021E-03 1.000000000000000021E-03 1.000000000000000021E-03 1.000000000000000021E-03 1.000000000000000021E-03 1.000000000000000021E-03 1.000000000000000021E-03 1.000000000000000021E-03 1.000000000000000021E-03 1.000000000000000021E-03 1.000000000000000021E-03 1.000000000000000021E-03 1.000000000000000021E-03 1.000000000000000021E-03 1.000000000000000021E-03 1.000000000000000021E-03 1.000000000000000021E-03 1.000000000000000021E-03 1.000000000000000021E-03 1.000000000000000021E-03 1.000000000000000021E-03 1.000000000000000021E-03 1.000000000000000021E-03 1.000000000000000021E-03 1.000000000000000021E-03 1.000000000000000021E-03 1.000000000000000021E-03 1.000000000000000021E-03 1.000000000000000021E-03 1.000000000000000021E-03 1.000000000000000021E-03 1.000000000000000021E-03 1.000000000000000021E-03 1.000000000000000021E-03 1.000000000000000021E-03 1.000000000000000021E-03 1.000000000000000021E-03 1.000000000000000021E-03 1.000000000000000021E-03
1.000000000000000021E-03 1.000000000000000021E-03 1.000000000000000021E-03 1.000000000000000021E-03 1.431751264509755015E-03 1.260890003457956982E-03 1.530874518827060084E-03 1.804801135071426891E-03 1.592696189100372296E-03 1.286084856426602000E-03 1.321523963477281259E-03 1.246316223885528306E-03 1.101418636567023327E-03 9.529373572845624505E-04 1.141052948708961472E-03 1.453439628301813735E-03 1.458188596485484939E-03 1.572112445014578214E-03 1.671760406093312406E-03 1.871624903937298828E-03 1.821024989215735664E-03 1.764440603217074964E-03 1.510204150955925728E-03 1.535210372596744650E-03 1.516283509335290304E-03 1.400964697719359270E-03 1.646341456486139204E-03 1.722165036958381778E-03 1.604281614636435000E-03 1.539298774190036006E-03 1.225262750266749084E-03 1.161818155126486968E-03 1.209457053467100475E-03 1.208251560918495275E-03 1.396519040385420197E-03 1.539654858859162935E-03 1.217250948092304550E-03 1.193755124442225741E-03 1.050306923859921273E-03 1.004984832727506524E-03 1.055042253875467266E-03 8.049468241896315423E-04 8.984549323586263131E-04 9.364847170892710067E-04 8.832315700241937005E-04 1.010332034819504555E-03 9.483172193572188659E-04 9.168732843090370488E-04 9.110326229591007418E-04 9.046294046384580501E-04 8.760571142216471872E-04 1.030983547458730332E-03 1.087920907154395255E-03 1.131599543418779436E-03 8.893297788807258755E-04 8.004604606793117721E-04 6.341761501226224167E-04 5.421657458808882462E-04 5.416330965642233292E-04 5.585845037072772676E-04 5.376019591689915923E-04 5.427408927236549796E-04 6.005826812955738885E-04 5.549787220182132545E-04 6.181897922636673225E-04 5.683147834784189629E-04 5.204230145105460861E-04 5.078186030406732195E-04 6.510041179471075419E-04 5.477472957026074864E-04 4.830290067133820742E-04 5.629818358740647840E-04 6.784433120718678413E-04 7.886059574626480681E-04 7.633562506821316021E-04 6.678098065143429430E-04 6.124972863255774384E-04 5.888922004258294015E-04 6.372178379058942264E-04 7.152324801910364552E-04 7.875654629987797768E-04 1.000842941973088774E-03 1.020873009741022925E-03 1.343651928970767458E-03 1.161267637805970046E-03 9.213833799092803695E-04 7.983155225416757985E-04 8.845446172245694351E-04 8.229235340030843001E-04 8.766845982825360048E-04 8.751145238044804459E-04 1.067327204298638629E-03 1.057503398108293946E-03 1.260303654838134616E-03 1.504676506423246801E-03 1.306236474760417727E-03 1.493030883324033284E-03 1.000000000000000021E-03 1.000000000000000021E-03 1.000000000000000021E-03 1.000000000000000021E-03 1.000000000000000021E-03 1.000000000000000021E-03 1.000000000000000021E-03 1.000000000000000021E-03 1.000000000000000021E-03 1.000000000000000021E-03 1.000000000000000021E-03 1.000000000000000021E-03 1.000000000000000021E-03 1.000000000000000021E-03 1.000000000000000021E-03 1.000000000000000021E-03 1.000000000000000021E-03 1.000000000000000021E-03 1.000000000000000021E-03 1.000000000000000021E-03 1.000000000000000021E-03 1.000000000000000021E-03 1.000000000000000021E-03 1.000000000000000021E-03 1.000000000000000021E-03 1.000000000000000021E-03 1.000000000000000021E-03 1.000000000000000021E-03 1.000000000000000021E-03 1.000000000000000021E-03 1.000000000000000021E-03 1.000000000000000021E-03 1.000000000000000021E-03 1.000000000000000021E-03 1.000000000000000021E-03 1.000000000000000021E-03 1.000000000000000021E-03 1.000000000000000021E-03 1.000000000000000021E-03 1.000000000000000021E-03 1.000000000000000021E-03 1.000000000000000021E-03 1.000000000000000021E-03 1.000000000000000021E-03 1.000000000000000021E-03 1.000000000000000021E-03 1.000000000000000021E-03 1.000000000000000021E-03 1.000000000000000021E-03 1.000000000000000021E-03 1.000000000000000021E-03 1.000000000000000021E-03 1.000000000000000021E-03 1.000000000000000021E-03
1.000000000000000021E-03 1.000000000000000021E-03 1.000000000000000021E-03 1.000000000000000021E-03 1.365332015195282449E-03 1.435734033239915953E-03 1.281277439741595288E-03 1.657255012830088393E-03 1.559182477919492929E-03 1.138403541625452242E-03 1.197895065758948453E-03 1.157656332510291182E-03 1.085493763930446337E-03 8.213180371481875472E-04 9.340414341461538523E-04 1.180957189284783000E-03 1.252112352495410351E-03 1.521072824090647334E-03 1.613760650595091363E-03 1.585965009333764608E-03 1.867052190104620535E-03 1.658021217153127702E-03 1.554577206922249646E-03 1.462581269673967092E-03 1.460390425471910086E-03 1.391895413942124049E-03 1.336213481885301785E-03 1.273006182681574866E-03 1.338200468236465769E-03 1.138743409364614259E-03 1.090382945432807329E-03 1.204564875094834902E-03 1.307638671183103526E-03 1.199022168619801173E-03 1.469660900506983888E-03 1.252529935469422250E-03 1.054824645432244539E-03 1.346865036123653155E-03 1.187978465801675567E-03 1.139732692049491569E-03 1.084788945267612390E-03 9.554470821382442334E-04 9.208516399759553508E-04 9.454079307176680791E-04 9.298248815732818159E-04 9.262562042421005302E-04 9.293757826696330679E-04 8.630469651996411492E-04 6.802112851593037322E-04 7.633457228923122171E-04 8.715495985314500966E-04 9.357805224711816501E-04 1.080990451934563329E-03 8.391794654253623229E-04 7.569857136816829282E-04 8.956915661709683981E-04 8.829819002635705275E-04 5.997345988743479949E-04 6.363437327199485604E-04 5.988725000841444183E-04 6.316505827719932995E-04 5.332872727553864380E-04 5.181266085216348211E-04 5.304600639707693962E-04 7.652235762447223916E-04 6.668273437299447257E-04 6.076502498363133649E-04 5.384405682389429345E-04 4.759341691886223818E-04 5.914386144009936347E-04 5.301654249742633303E-04 6.381427624331879444E-04 6.907363581973692893E-04 7.838521777064721800E-04 7.519342139360894392E-04 8.182127023884989449E-04 6.088040813126552927E-04 6.249444875153546903E-04 7.313031512460831367E-04 9.022255509196657787E-04 9.648749634513506057E-04 1.212448987805969918E-03 1.360424054444479358E-03 1.277539288970440303E-03 1.132104929414225582E-03 8.549507406251945739E-04 8.524643941203419823E-04 8.022343662747178890E-04 8.387456534968312002E-04 7.302904454381093334E-04 1.004366891036204265E-03 1.034612252053734296E-03 9.895557997393652615E-04 1.221169938202095471E-03 1.244217970281409407E-03 1.399123183966390462E-03 1.533992224535132539E-03 1.718100392802528317E-03 1.000000000000000021E-03 1.000000000000000021E-03 1.000000000000000021E-03 1.000000000000000021E-03 1.000000000000000021E-03 1.000000000000000021E-03 1.000000000000000021E-03 1.000000000000000021E-03 1.000000000000000021E-03 1.000000000000000021E-03 1.000000000000000021E-03 1.000000000000000021E-03 1.000000000000000021E-03 1.000000000000000021E-03 1.000000000000000021E-03 1.000000000000000021E-03 1.000000000000000021E-03 1.000000000000000021E-03 1.000000000000000021E-03 1.000000000000000021E-03 1.000000000000000021E-03 1.000000000000000021E-03 1.000000000000000021E-03 1.000000000000000021E-03 1.000000000000000021E-03 1.000000000000000021E-03 1.000000000000000021E-03 1.000000000000000021E-03 1.000000000000000021E-03 1.000000000000000021E-03 1.000000000000000021E-03 1.000000000000000021E-03 1.000000000000000021E-03 1.000000000000000021E-03 1.000000000000000021E-03 1.000000000000000021E-03 1.000000000000000021E-03 1.000000000000000021E-03 1.000000000000000021E-03 1.000000000000000021E-03 1.000000000000000021E-03 1.000000000000000021E-03 1.000000000000000021E-03 1.000000000000000021E-03 1.000000000000000021E-03 1.000000000000000021E-03 1.000000000000000021E-03 1.000000000000000021E-03 1.000000000000000021E-03 1.000000000000000021E-03 1.000000000000000021E-03 1.000000000000000021E-03 1.000000000000000021E-03
1.000000000000000021E-03 1.000000000000000021E-03 1.000000000000000021E-03 1.053318530339537396E-03 1.055557378836104784E-03 1.379760667660483381E-03 1.167601109002272585E-03 1.398318054775644697E-03 1.497271792481348661E-03 1.534907155360388034E-03 1.210726103501966622E-03 1.117928033045385676E-03 1.074812053629607342E-03 9.522650612120707762E-04 1.023172293981400782E-03 1.327965513386422094E-03 1.568411386577834655E-03 1.577657632295249466E-03 1.807374696967413950E-03 1.858934850404741004E-03 1.995811753025255979E-03 2.117572336214605926E-03 1.466224689278700652E-03 1.553287515979085180E-03 1.591012827357586893E-03 1.177779022853384875E-03 1.113363095641790304E-03 1.006010455120318276E-03 9.745740611390774945E-04 1.067131453708391195E-03 8.726815804572812417E-04 1.297057501932021234E-03 1.489730495074035460E-03 1.012779433787981773E-03 1.063451128203636922E-03 1.138388573130749834E-03 1.016613399352223794E-03 1.209531393308261845E-03 1.248428935628389646E-03 1.032175325165434919E-03 9.709341380354325965E-04 1.010389182977698306E-03 1.000136034581394382E-03 8.991818214692987076E-04 1.034468714724287542E-03 9.625587050037768969E-04 8.549187909439084345E-04 8.374697543392071748E-04 7.068263801841657501E-04 7.990244192435802398E-04 7.522273426404174016E-04 7.385741618380945546E-04 7.207546544429671489E-04 7.811017112287095814E-04 8.926633127624797890E-04 9.139842931125529563E-04 7.792042727624402679E-04 6.146818976909509307E-04 8.314085312491985551E-04 6.849530918279139518E-04 5.884370035956507181E-04 5.742171340143169180E-04 6.128147598330763862E-04 6.207008094136521681E-04 8.467488634519676179E-04 6.657100862789467905E-04 6.008488180539555941E-04 4.873669616952597044E-04 4.622872671482130841E-04 4.754123787178124081E-04 6.979089141106407110E-04 6.140464004761194252E-04 5.879954118760529142E-04 9.346220833497346364E-04 1.027972591395937690E-03 7.457839158938742771E-04 6.984638976367141695E-04 6.127375372982627648E-04 6.349458180205317780E-04 7.986248525399853877E-04 1.005348192891375274E-03 9.559321095525621665E-04 1.045799945311283929E-03 9.510063402020398331E-04 9.324422661334583846E-04 8.744429795620913947E-04 8.361251607235343705E-04 7.524919157456752420E-04 8.976022628776529708E-04 8.399585311951172136E-04 7.932204622671892337E-04 9.031020012184707733E-04 9.087066492112506324E-04 1.117680293918225714E-03 1.439472153125930572E-03 1.098365187382604243E-03 1.215076168136817883E-03 1.506035294677448861E-03 1.938405226467716357E-03 1.000000000000000021E-03 1.000000000000000021E-03 1.000000000000000021E-03 1.000000000000000021E-03 1.000000000000000021E-03 1.000000000000000021E-03 1.000000000000000021E-03 1.000000000000000021E-03 1.000000000000000021E-03 1.000000000000000021E-03 1.000000000000000021E-03 1.000000000000000021E-03 1.000000000000000021E-03 1.000000000000000021E-03 1.000000000000000021E-03 1.000000000000000021E-03 1.000000000000000021E-03 1.000000000000000021E-03 1.000000000000000021E-03 1.000000000000000021E-03 1.000000000000000021E-03 1.000000000000000021E-03 1.000000000000000021E-03 1.000000000000000021E-03 1.000000000000000021E-03 1.000000000000000021E-03 1.000000000000000021E-03 1.000000000000000021E-03 1.000000000000000021E-03 1.000000000000000021E-03 1.000000000000000021E-03 1.000000000000000021E-03 1.000000000000000021E-03 1.000000000000000021E-03 1.000000000000000021E-03 1.000000000000000021E-03 1.000000000000000021E-03 1.000000000000000021E-03 1.000000000000000021E-03 1.000000000000000021E-03 1.000000000000000021E-03 1.000000000000000021E-03 1.000000000000000021E-03 1.000000000000000021E-03 1.000000000000000021E-03 1.000000000000000021E-03 1.000000000000000021E-03 1.000000000000000021E-03 1.000000000000000021E-03 1.000000000000000021E-03 1.000000000000000021E-03 1.000000000000000021E-03
1.000000000000000021E-03 1.000000000000000021E-03 1.000000000000000021E-03 9.600998921407823215E-04 1.255523536092724608E-03 1.435622731777429998E-03 1.306379476226441402E-03 1.666089274251669273E-03 1.470669391636354609E-03 1.466058653896462919E-03 1.286863907593811156E-03 1.339677338438706802E-03 1.233467858507385651E-03 1.103953609881788266E-03 1.279458536196528612E-03 1.488871729395491172E-03 1.490726110626581840E-03 2.040733214363046281E-03 1.743349199884092725E-03 1.941145800900390518E-03 1.964769095117465877E-03 1.678891853084207072E-03 1.403789141361976283E-03 1.582970643841184744E-03 1.678155062644608002E-03 1.366076214413986922E-03 1.160962306574509894E-03 1.102026805952535269E-03 1.025097486667407749E-03 1.077781232794185499E-03 8.677215526153903057E-04 1.153260816222145997E-03 1.209199010111832156E-03 8.792515460153922440E-04 6.619861748492105640E-04 6.792696779939515943E-04 9.171280690879958682E-04 1.136387116419492523E-03 1.312292345070493940E-03 1.047258067877314142E-03 9.185646986900151013E-04 8.351723176018012148E-04 8.675626651571055007E-04 8.157781807855824354E-04 8.285469190539713731E-04 8.710060641851750940E-04 9.183198108358233032E-04 8.172235871108241012E-04 7.270532824686742846E-04 7.221137870673710515E-04 8.881567476653879061E-04 7.145564904205399873E-04 6.852170293049375006E-04 6.516711260761948827E-04 6.830597688937117959E-04 6.967299765045990682E-04 7.119596080858434702E-04 6.310725995755906651E-04 6.073452576993940708E-04 7.322884697352105739E-04 9.030828377878829432E-04 7.474737636249557124E-04 5.875992949136317738E-04 7.660912267853416937E-04 7.416962627862269371E-04 6.538569079370025678E-04 5.536771432281235123E-04 5.363770880594324582E-04 4.834778461251649476E-04 5.928984125411172756E-04 6.963628151362333176E-04 7.221964532726863478E-04 6.555200527764743108E-04 9.396351864569959730E-04 8.332866707830235585E-04 6.319958478880926319E-04 5.624062448102028124E-04 5.504151405921383624E-04 6.953610406352939838E-04 7.177108118721336333E-04 9.338998253437358170E-04 1.043424241372306735E-03 1.011842331685219648E-03 9.590551134539857881E-04 9.251188456221653370E-04 8.962813816364190471E-04 8.286398688801697911E-04 8.227089216620372828E-04 8.557496367719919558E-04 8.276928381331388361E-04 7.940369892666462740E-04 8.976410069818040443E-04 8.204648880396535554E-04 1.220762296843567541E-03 1.305156219830662379E-03 1.319159506338856780E-03 1.269680756652424337E-03 1.306057041172485784E-03 1.402229082913090301E-03 1.000000000000000021E-03 1.000000000000000021E-03 1.000000000000000021E-03 1.000000000000000021E-03 1.000000000000000021E-03 1.000000000000000021E-03 1.000000000000000021E-03 1.000000000000000021E-03 1.000000000000000021E-03 1.000000000000000021E-03 1.000000000000000021E-03 1.000000000000000021E-03 1.000000000000000021E-03 1.000000000000000021E-03 1.000000000000000021E-03 1.000000000000000021E-03 1.000000000000000021E-03 1.000000000000000021E-03 1.000000000000000021E-03 1.000000000000000021E-03 1.000000000000000021E-03 1.000000000000000021E-03 1.000000000000000021E-03 1.000000000000000021E-03 1.000000000000000021E-03 1.000000000000000021E-03 1.000000000000000021E-03 1.000000000000000021E-03 1.000000000000000021E-03 1.000000000000000021E-03 1.000000000000000021E-03 1.000000000000000021E-03 1.000000000000000021E-03 1.000000000000000021E-03 1.000000000000000021E-03 1.000000000000000021E-03 1.000000000000000021E-03 1.000000000000000021E-03 1.000000000000000021E-03 1.000000000000000021E-03 1.000000000000000021E-03 1.000000000000000021E-03 1.000000000000000021E-03 1.000000000000000021E-03 1.000000000000000021E-03 1.000000000000000021E-03 1.000000000000000021E-03 1.000000000000000021E-03 1.000000000000000021E-03 1.000000000000000021E-03 1.000000000000000021E-03 1.000000000000000021E-03
1.000000000000000021E-03 1.000000000000000021E-03 7.462644389583727523E-04 1.023532378039856755E-03 1.223554893486263019E-03 1.362582096756243411E-03 1.539354944076874992E-03 1.561884032682005034E-03 2.006651876354706605E-03 1.604815075055468672E-03 1.645969065585435901E-03 1.598179024858942081E-03 1.487439425595564338E-03 1.417602892215154850E-03 1.352157341819441557E-03 1.554962296980690051E-03 1.473825182746882952E-03 1.582448725154004740E-03 1.715243824706567987E-03 2.023225834948991914E-03 1.913054904495376787E-03 1.448915531715104076E-03 1.372363126412496715E-03 1.275797362037802687E-03 1.472726014842537946E-03 1.452295615420658159E-03 1.375338269887131995E-03 1.295510438753520429E-03 1.173502383142251094E-03 1.070453749573359618E-03 9.194336842922196671E-04 8.580590865912474021E-04 8.162543469727389332E-04 9.153716501355903300E-04 6.160048526396618568E-04 5.925199229161937824E-04 7.274027865361457155E-04 7.732697114372673189E-04 9.191678528141241462E-04 9.091931466861740384E-04 8.672716162601314376E-04 7.470756990866008222E-04 7.138718158194574904E-04 7.785287445076901009E-04 6.247082157897442239E-04 6.893861548055200223E-04 7.849373326175739830E-04 7.629960118048110867E-04 6.223572191962705412E-04 6.714250829908417545E-04 7.136418505316966063E-04 6.564488475712553818E-04 6.832928060918115219E-04 7.163313146350432353E-04 6.786046684804998737E-04 6.262583774975945781E-04 6.761321120075373297E-04 6.595268193293491723E-04 7.168530654649707271E-04 6.718009547356462935E-04 7.800922016115801032E-04 7.147681781363787604E-04 8.108477192579186974E-04 8.425961472761226475E-04 6.735057852777570154E-04 6.571612726852669095E-04 6.207425195092355170E-04 6.072998092670491531E-04 6.519565560534690881E-04 7.740848206502760030E-04 1.045186509381184617E-03 7.505729419457406138E-04 7.071295345691266205E-04 8.520948901943697874E-04 8.127477348851455240E-04 6.986838551595398253E-04 6.445888463102445159E-04 7.645949439821390437E-04 8.064571974989127390E-04 1.000270478107874190E-03 1.016153257330350496E-03 9.422905276990404221E-04 8.108892592830905166E-04 8.156027935588189325E-04 9.732678133554360528E-04 9.467472956134855748E-04 8.874764095187240515E-04 8.634774354226715243E-04 8.591114299892323386E-04 1.149845984399457382E-03 8.699814390711897022E-04 8.536724198940480067E-04 9.860919659888777843E-04 1.103768398029780339E-03 1.244612351935829413E-03 1.358954942662844159E-03 1.482275325667836360E-03 1.411955499843217275E-03 1.290858960241680637E-03 1.000000000000000021E-03 1.000000000000000021E-03 1.000000000000000021E-03 1.000000000000000021E-03 1.000000000000000021E-03 1.000000000000000021E-03 1.000000000000000021E-03 1.000000000000000021E-03 1.000000000000000021E-03 1.000000000000000021E-03 1.000000000000000021E-03 1.000000000000000021E-03 1.000000000000000021E-03 1.000000000000000021E-03 1.000000000000000021E-03 1.000000000000000021E-03 1.000000000000000021E-03 1.000000000000000021E-03 1.000000000000000021E-03 1.000000000000000021E-03 1.000000000000000021E-03 1.000000000000000021E-03 1.000000000000000021E-03 1.000000000000000021E-03 1.000000000000000021E-03 1.000000000000000021E-03 1.000000000000000021E-03 1.000000000000000021E-03 1.000000000000000021E-03 1.000000000000000021E-03 1.000000000000000021E-03 1.000000000000000021E-03 1.000000000000000021E-03 1.000000000000000021E-03 1.000000000000000021E-03 1.000000000000000021E-03 1.000000000000000021E-03 1.000000000000000021E-03 1.000000000000000021E-03 1.000000000000000021E-03 1.000000000000000021E-03 1.000000000000000021E-03 1.000000000000000021E-03 1.000000000000000021E-03 1.000000000000000021E-03 1.000000000000000021E-03 1.000000000000000021E-03 1.000000000000000021E-03 1.000000000000000021E-03 1.000000000000000021E-03 1.000000000000000021E-03 1.000000000000000021E-03
1.000000000000000021E-03 1.000000000000000021E-03 7.150970000614797258E-04 8.124631522572860198E-04 9.423342000144591720E-04 1.179377723202038736E-03 1.191463221840870571E-03 1.353767417771663262E-03 1.907964425582079401E-03 1.846452558385466066E-03 1.692672852245131337E-03 1.869423366892542003E-03 1.801289192752354848E-03 1.586636570161495700E-03 1.486644703714053682E-03 1.446988005785572072E-03 1.681008254391668216E-03 1.834413968877406272E-03 2.008543135099045019E-03 1.872372206012179506E-03 1.767257429075971310E-03 1.382856406157065461E-03 1.345699440107552946E-03 1.086100645882843085E-03 1.194316636623799204E-03 1.167042512172149606E-03 1.217074010157946813E-03 1.140628839932695746E-03 1.165682981035767512E-03 1.172119151912000019E-03 1.026588524876914221E-03 9.507379962649002226E-04 9.249092549251278998E-04 7.798733675561028960E-04 6.288869429411928424E-04 6.301122548053525452E-04 5.740502853149966663E-04 7.974118873913339572E-04 7.039662152708960410E-04 9.321820140745577495E-04 8.622554882565106656E-04 7.812644222039129369E-04 7.060832308631516570E-04 5.603420630549392229E-04 5.310803256888543215E-04 6.061424051088623068E-04 6.107610485910032125E-04 7.152509372346001074E-04 6.724572150417649965E-04 7.541167414755917424E-04 6.906015653149338591E-04 7.352246534199216111E-04 8.108122280295432206E-04 7.024812335879471875E-04 5.501514615543546573E-04 6.274858856855757699E-04 6.888293097344296879E-04 7.494967593031839079E-04 6.898756805857871131E-04 7.109758534788584170E-04 7.813833957781025344E-04 8.086517424236705758E-04 7.067167543663918639E-04 6.853600383740971781E-04 4.974543118417827951E-04 5.826432884671602997E-04 6.813535581966343076E-04 6.435268147958065135E-04 6.633487196710199539E-04 6.780039464907517072E-04 7.722142163210168886E-04 7.455130245495126531E-04 7.455176721205822917E-04 9.238876917245445863E-04 8.089551057852448039E-04 8.467543711737171054E-04 8.725127264249831925E-04 8.521474353908030938E-04 9.473960069263074896E-04 1.064199608943344364E-03 1.056676950358755984E-03 1.026560416340042449E-03 8.871817864634659817E-04 8.252534989448485122E-04 8.971108165130699469E-04 9.613593702128419996E-04 9.016237370418015568E-04 1.113913296943982436E-03 9.802014314907721380E-04 8.311830773473001012E-04 9.356012689538223100E-04 9.312820576818931894E-04 9.089900708056686566E-04 1.154105662871860371E-03 1.040275567910153159E-03 1.193119408690603792E-03 1.312934276055243094E-03 1.481510485947443645E-03 1.490770880885432075E-03 1.000000000000000021E-03 1.000000000000000021E-03 1.000000000000000021E-03 1.000000000000000021E-03 1.000000000000000021E-03 1.000000000000000021E-03 1.000000000000000021E-03 1.000000000000000021E-03 1.000000000000000021E-03 1.000000000000000021E-03 1.000000000000000021E-03 1.000000000000000021E-03 1.000000000000000021E-03 1.000000000000000021E-03 1.000000000000000021E-03 1.000000000000000021E-03 1.000000000000000021E-03 1.000000000000000021E-03 1.000000000000000021E-03 1.000000000000000021E-03 1.000000000000000021E-03 1.000000000000000021E-03 1.000000000000000021E-03 1.000000000000000021E-03 1.000000000000000021E-03 1.000000000000000021E-03 1.000000000000000021E-03 1.000000000000000021E-03 1.000000000000000021E-03 1.000000000000000021E-03 1.000000000000000021E-03 1.000000000000000021E-03 1.000000000000000021E-03 1.000000000000000021E-03 1.000000000000000021E-03 1.000000000000000021E-03 1.000000000000000021E-03 1.000000000000000021E-03 1.000000000000000021E-03 1.000000000000000021E-03 1.000000000000000021E-03 1.000000000000000021E-03 1.000000000000000021E-03 1.000000000000000021E-03 1.000000000000000021E-03 1.000000000000000021E-03 1.000000000000000021E-03 1.000000000000000021E-03 1.000000000000000021E-03 1.000000000000000021E-03 1.000000000000000021E-03 1.000000000000000021E-03
1.000000000000000021E-03 1.000000000000000021E-03 6.533618653474150160E-04 8.414466970838489030E-04 1.087134849325581453E-03 9.579905002494740413E-04 1.067761819772992948E-03 1.525111309987277602E-03 1.413182377948064578E-03 1.542842514329638773E-03 1.420084024480430113E-03 1.498306566247758348E-03 1.350603462190219173E-03 1.196269821358346376E-03 1.545099474305233408E-03 1.451294684256784588E-03 1.556481176513370510E-03 1.621545241505097015E-03 1.599851563026424969E-03 1.466515915896473730E-03 1.322945422773055997E-03 1.111697797488415181E-03 1.430497782462210017E-03 1.442263405911650264E-03 1.303376705625006963E-03 1.039745405021735023E-03 1.075985683153891752E-03 1.135989521488000361E-03 9.887873492238294110E-04 1.165775791070446750E-03 1.032720441774016016E-03 7.911549789804649124E-04 9.081860259789926743E-04 7.683802375107880948E-04 6.795866386359707481E-04 6.175149393006722871E-04 6.679164903204477160E-04 7.224963332129700089E-04 7.862478950439898877E-04 1.195377376093028753E-03 1.115744498594477231E-03 7.822519928775989060E-04 7.896199460158292343E-04 7.294623563309183883E-04 6.453170795496564281E-04 6.579546420765537999E-04 7.599957026913822583E-04 6.507995343558968526E-04 8.054520839522844814E-04 7.697739655885342232E-04 7.626235689238448088E-04 7.502741207666460254E-04 7.874671221034353552E-04 6.995566743572702697E-04 6.507156365833907706E-04 5.687244492181098114E-04 5.915522874988620285E-04 5.819542472165149241E-04 6.347942474502263734E-04 7.259618601545516541E-04 8.289869366438138137E-04 7.384946681380726670E-04 8.990746279177073367E-04 8.866021201440014163E-04 6.971765924957193513E-04 6.393898964492622343E-04 6.809046594388007368E-04 7.064761401090868115E-04 8.810737818286108703E-04 9.139401510704296249E-04 1.023765790835121830E-03 8.472507112920709457E-04 7.183090351607343332E-04 7.682921212792552567E-04 8.411481620694912951E-04 7.360478734446376705E-04 7.909480682866179817E-04 8.978557113173666910E-04 1.021770362531361888E-03 1.228369539360561410E-03 9.575126867766658003E-04 9.772702749735033036E-04 8.487704426413787305E-04 9.246660280797866375E-04 9.470908242047707719E-04 8.772749717830507750E-04 8.931827200708285534E-04 8.809255999728583548E-04 9.071643039811102659E-04 8.618601810056303976E-04 8.505583225380464662E-04 9.329646418807271665E-04 9.411091685465644867E-04 1.148642973621609399E-03 1.055635159352242853E-03 1.346609826909578918E-03 1.391889226229463651E-03 1.544103915398194107E-03 1.511052129360154457E-03 1.000000000000000021E-03 1.000000000000000021E-03 1.000000000000000021E-03 1.000000000000000021E-03 1.000000000000000021E-03 1.000000000000000021E-03 1.000000000000000021E-03 1.000000000000000021E-03 1.000000000000000021E-03 1.000000000000000021E-03 1.000000000000000021E-03 1.000000000000000021E-03 1.000000000000000021E-03 1.000000000000000021E-03 1.000000000000000021E-03 1.000000000000000021E-03 1.000000000000000021E-03 1.000000000000000021E-03 1.000000000000000021E-03 1.000000000000000021E-03 1.000000000000000021E-03 1.000000000000000021E-03 1.000000000000000021E-03 1.000000000000000021E-03 1.000000000000000021E-03 1.000000000000000021E-03 1.000000000000000021E-03 1.000000000000000021E-03 1.000000000000000021E-03 1.000000000000000021E-03 1.000000000000000021E-03 1.000000000000000021E-03 1.000000000000000021E-03 1.000000000000000021E-03 1.000000000000000021E-03 1.000000000000000021E-03 1.000000000000000021E-03 1.000000000000000021E-03 1.000000000000000021E-03 1.000000000000000021E-03 1.000000000000000021E-03 1.000000000000000021E-03 1.000000000000000021E-03 1.000000000000000021E-03 1.000000000000000021E-03 1.000000000000000021E-03 1.000000000000000021E-03 1.000000000000000021E-03 1.000000000000000021E-03 1.000000000000000021E-03 1.000000000000000021E-03 1.000000000000000021E-03
1.000000000000000021E-03 1.000000000000000021E-03 8.489565313237789138E-04 8.309722350266276342E-04 9.964278683493533930E-04 1.147087430006163465E-03 1.204311874495300836E-03 1.337246408508865458E-03 1.400756474335500094E-03 1.658696732798816071E-03 1.340374636880209457E-03 1.435151968298590359E-03 1.164416564993616711E-03 1.335951720873819340E-03 1.511094313355695277E-03 1.408311940151297723E-03 1.508323813304576679E-03 1.426007197787601587E-03 1.366462628333875743E-03 1.318148669508427536E-03 1.509149008416064714E-03 1.309347697650573798E-03 1.567425901259858739E-03 1.572232201714705282E-03 1.418905852244667452E-03 1.556280071061939049E-03 1.351722155494095110E-03 1.066209348287615148E-03 8.721959886096583093E-04 1.066805893137339357E-03 8.630732030306889494E-04 8.586455560016072793E-04 1.010898200366953372E-03 9.529395807710889675E-04 8.049755140031054695E-04 8.083757019050819741E-04 7.510537055368559419E-04 7.818476314462643193E-04 9.012940726831255439E-04 1.228503964526450392E-03 9.335395298893310297E-04 7.644199464524081052E-04 6.806905282679513725E-04 7.854215352588366167E-04 7.441017378176556550E-04 8.851832141950652204E-04 8.961069411893531544E-04 7.943667195008179919E-04 7.434083235747397916E-04 8.258526751982525269E-04 7.359282604073986121E-04 7.660149355905343819E-04 7.719862172084178149E-04 7.187146565391373636E-04 7.094594412001119926E-04 6.459761703315818841E-04 6.526672711305221176E-04 5.383918678694289261E-04 5.745630336661898931E-04 5.708816833349832955E-04 7.296168337374078772E-04 7.992309344117218836E-04 9.989135056775141127E-04 8.001644124657757455E-04 7.478500465486175985E-04 7.341433094636234903E-04 6.430750076057398278E-04 6.224095903744720571E-04 1.047028580938204204E-03 9.078100734267083955E-04 9.278287806230343200E-04 7.634139558683182038E-04 6.628096950067344445E-04 8.159609563420920121E-04 8.821675638795441849E-04 8.285391306362483365E-04 7.354416473273178148E-04 1.052707064131977888E-03 9.876553736681606931E-04 1.083793916041372310E-03 1.045839840279591581E-03 1.009867891894721502E-03 7.779361371815280866E-04 9.694916263937589703E-04 1.136175523875083190E-03 7.920391806863770175E-04 8.483356059120515181E-04 8.079718649819830597E-04 1.033068679052813812E-03 1.121699579995410079E-03 1.128997860799595522E-03 1.024143632766094441E-03 1.048856139238706856E-03 1.143994879026196190E-03 1.381144877815615284E-03 1.499157083995953299E-03 1.395649784827034199E-03 1.628886406892175081E-03 1.328393407123129892E-03 1.000000000000000021E-03 1.000000000000000021E-03 1.000000000000000021E-03 1.000000000000000021E-03 1.000000000000000021E-03 1.000000000000000021E-03 1.000000000000000021E-03 1.000000000000000021E-03 1.000000000000000021E-03 1.000000000000000021E-03 1.000000000000000021E-03 1.000000000000000021E-03 1.000000000000000021E-03 1.000000000000000021E-03 1.000000000000000021E-03 1.000000000000000021E-03 1.000000000000000021E-03 1.000000000000000021E-03 1.000000000000000021E-03 1.000000000000000021E-03 1.000000000000000021E-03 1.000000000000000021E-03 1.000000000000000021E-03 1.000000000000000021E-03 1.000000000000000021E-03 1.000000000000000021E-03 1.000000000000000021E-03 1.000000000000000021E-03 1.000000000000000021E-03 1.000000000000000021E-03 1.000000000000000021E-03 1.000000000000000021E-03 1.000000000000000021E-03 1.000000000000000021E-03 1.000000000000000021E-03 1.000000000000000021E-03 1.000000000000000021E-03 1.000000000000000021E-03 1.000000000000000021E-03 1.000000000000000021E-03 1.000000000000000021E-03 1.000000000000000021E-03 1.000000000000000021E-03 1.000000000000000021E-03 1.000000000000000021E-03 1.000000000000000021E-03 1.000000000000000021E-03 1.000000000000000021E-03 1.000000000000000021E-03 1.000000000000000021E-03 1.000000000000000021E-03 1.000000000000000021E-03
1.000000000000000021E-03 6.083861417647339976E-04 8.286540750855402818E-04 7.569088578013280543E-04 1.155764964953307460E-03 1.074048897487750107E-03 1.137519021517537131E-03 1.456847157938835884E-03 1.523719605514247668E-03 1.293579477265288918E-03 1.288061054063158531E-03 1.294573217326060611E-03 1.153279337218764524E-03 1.202124657272269324E-03 1.244310133803290704E-03 1.173996418961373040E-03 1.237194617877551911E-03 1.322650359482108011E-03 1.187716194346856435E-03 1.412016280844111734E-03 1.702955058447068503E-03 1.655660093469801114E-03 1.417271302774808809E-03 1.393682582536640924E-03 1.455901883646282778E-03 1.580217309888975671E-03 1.410194497967270531E-03 8.799520249226907903E-04 1.044024782949493817E-03 1.042799689411561329E-03 9.601449400625262096E-04 7.371750998120362016E-04 8.371265015640803019E-04 1.052993338132146312E-03 9.162445169605615758E-04 8.757192490077049269E-04 6.827393955392317085E-04 6.965206270355494113E-04 7.409692865173609028E-04 9.615504808004267422E-04 9.594707847681926234E-04 7.881657224312314412E-04 8.223081220299566707E-04 8.200044867841376752E-04 8.785052712452583699E-04 9.500032363952362223E-04 1.079402423045680440E-03 9.589618554983073227E-04 7.491681085577472443E-04 7.636041084268579623E-04 6.960057534268236168E-04 8.664043867471891590E-04 7.999654903985986033E-04 6.856517507232264344E-04 5.954513179484401337E-04 6.456436387979921487E-04 6.327763749244353980E-04 7.898084103157282506E-04 5.376679606279449481E-04 6.190619282051643829E-04 5.863453878679729262E-04 7.148952448839243417E-04 7.879558451048603463E-04 5.833580607358465489E-04 6.977198126244179167E-04 5.927171451970494626E-04 5.475993132042426652E-04 5.193040404802288157E-04 6.993191191846060903E-04 6.252454108767775557E-04 6.013869714430734219E-04 6.574539599033709910E-04 8.124924529143448624E-04 7.930017438744493352E-04 7.178352307429185881E-04 7.611876138019662598E-04 8.030420186849781660E-04 8.407127080649346709E-04 1.087470643772105823E-03 1.014963617798979095E-03 1.283838451159835005E-03 1.017948002386555653E-03 8.501538243580257200E-04 1.078577076032290107E-03 9.462806602730608084E-04 9.855499143445183453E-04 7.693750950007071559E-04 8.391182952068199519E-04 1.004225777665412401E-03 1.020185879447906051E-03 1.378380506666449694E-03 1.079392299511383558E-03 9.502838533322511150E-04 1.057254233140832037E-03 1.365798795844026629E-03 1.555982008130922392E-03 1.329758369333077254E-03 1.385490346386350664E-03 1.294073434322898361E-03 1.000000000000000021E-03 1.000000000000000021E-03 1.000000000000000021E-03 1.000000000000000021E-03 1.000000000000000021E-03 1.000000000000000021E-03 1.000000000000000021E-03 1.000000000000000021E-03 1.000000000000000021E-03 1.000000000000000021E-03 1.000000000000000021E-03 1.000000000000000021E-03 1.000000000000000021E-03 1.000000000000000021E-03 1.000000000000000021E-03 1.000000000000000021E-03 1.000000000000000021E-03 1.000000000000000021E-03 1.000000000000000021E-03 1.000000000000000021E-03 1.000000000000000021E-03 1.000000000000000021E-03 1.000000000000000021E-03 1.000000000000000021E-03 1.000000000000000021E-03 1.000000000000000021E-03 1.000000000000000021E-03 1.000000000000000021E-03 1.000000000000000021E-03 1.000000000000000021E-03 1.000000000000000021E-03 1.000000000000000021E-03 1.000000000000000021E-03 1.000000000000000021E-03 1.000000000000000021E-03 1.000000000000000021E-03 1.000000000000000021E-03 1.000000000000000021E-03 1.000000000000000021E-03 1.000000000000000021E-03 1.000000000000000021E-03 1.000000000000000021E-03 1.000000000000000021E-03 1.000000000000000021E-03 1.000000000000000021E-03 1.000000000000000021E-03 1.000000000000000021E-03 1.000000000000000021E-03 1.000000000000000021E-03 1.000000000000000021E-03 1.000000000000000021E-03 1.000000000000000021E-03
1.000000000000000021E-03 7.722908151253483162E-04 8.032093167500539612E-04 6.772412588860921186E-04 7.887758326061259945E-04 7.499492866845883666E-04 1.071019935496451666E-03 1.427537538555517880E-03 1.376233266035263624E-03 1.392959459885406920E-03 1.568355795186886833E-03 1.114876875645682804E-03 1.224272025958214084E-03 1.193881423514450224E-03 1.084356853362435699E-03 1.042482847040491741E-03 1.013954859224715970E-03 1.196319397762202240E-03 1.169214510039986391E-03 1.423765100559188377E-03 1.696456030044489948E-03 1.701239050986775572E-03 1.801671506270014975E-03 1.766697121629665990E-03 1.592986285581814501E-03 1.322952246759311837E-03 1.273718330258739265E-03 1.122759347111510191E-03 9.793628799949006310E-04 1.055623955729493484E-03 8.681872246685386294E-04 7.461324160830571598E-04 9.231474135617997448E-04 1.339224679208799200E-03 9.712926345017478110E-04 8.130593109101069953E-04 6.985617778402947739E-04 6.306718988037898245E-04 6.670219426432637483E-04 7.762363601167033026E-04 8.141009150554143637E-04 9.148252782695504926E-04 8.891362102810919160E-04 9.932824995004644903E-04 1.206823109953620524E-03 1.354063352084911758E-03 1.152614671948222480E-03 7.834262640590077768E-04 6.728041511736098084E-04 6.802821399014779245E-04 6.665536274641162143E-04 7.673885708632769299E-04 6.635936646602134514E-04 6.489742293516253353E-04 5.533316701080091262E-04 4.593003645108684261E-04 5.799396015968130745E-04 5.920422488488764901E-04 6.129003367720852521E-04 7.287626349663339472E-04 5.830606717878237654E-04 6.167744495171308215E-04 8.140775385791042392E-04 5.732597218061701808E-04 5.261914715259209197E-04 5.789381960819459062E-04 4.958184022690916015E-04 5.280512708157951126E-04 5.649916727614301545E-04 6.372701687614565260E-04 5.649253893015549442E-04 6.814874314582182631E-04 7.336456958475628390E-04 7.011878105088468127E-04 8.542485146213875478E-04 7.025617473305850952E-04 7.912317684580248483E-04 7.396683132637240634E-04 1.105874179606774078E-03 1.058052039741194791E-03 1.064538476877345628E-03 9.733201315701403740E-04 7.934889102074833486E-04 9.231674948242335824E-04 1.128383286524963858E-03 8.136434332113443631E-04 7.973590770327598169E-04 8.252426217677219554E-04 1.130798927483451502E-03 1.213386709220048900E-03 1.070872433918122193E-03 1.037017205534542614E-03 1.011068064336878222E-03 1.097231575273279695E-03 1.242817570123825764E-03 1.393933608299064526E-03 1.212381308358762141E-03 1.076813397453402470E-03 8.501074769542801184E-04 1.000000000000000021E-03 1.000000000000000021E-03 1.000000000000000021E-03 1.000000000000000021E-03 1.000000000000000021E-03 1.000000000000000021E-03 1.000000000000000021E-03 1.000000000000000021E-03 1.000000000000000021E-03 1.000000000000000021E-03 1.000000000000000021E-03 1.000000000000000021E-03 1.000000000000000021E-03 1.000000000000000021E-03 1.000000000000000021E-03 1.000000000000000021E-03 1.000000000000000021E-03 1.000000000000000021E-03 1.000000000000000021E-03 1.000000000000000021E-03 1.000000000000000021E-03 1.000000000000000021E-03 1.000000000000000021E-03 1.000000000000000021E-03 1.000000000000000021E-03 1.000000000000000021E-03 1.000000000000000021E-03 1.000000000000000021E-03 1.000000000000000021E-03 1.000000000000000021E-03 1.000000000000000021E-03 1.000000000000000021E-03 1.000000000000000021E-03 1.000000000000000021E-03 1.000000000000000021E-03 1.000000000000000021E-03 1.000000000000000021E-03 1.000000000000000021E-03 1.000000000000000021E-03 1.000000000000000021E-03 1.000000000000000021E-03 1.000000000000000021E-03 1.000000000000000021E-03 1.000000000000000021E-03 1.000000000000000021E-03 1.000000000000000021E-03 1.000000000000000021E-03 1.000000000000000021E-03 1.000000000000000021E-03 1.000000000000000021E-03 1.000000000000000021E-03 1.000000000000000021E-03
1.000000000000000021E-03 8.110853308144561416E-04 6.580171407334623173E-04 6.414087573372220102E-04 5.959324303120670926E-04 6.797346257119011095E-04 1.134197935367506306E-03 1.121709126155245569E-03 1.160979005267694835E-03 1.290486291327893860E-03 1.286598534227411132E-03 1.182791064010520069E-03 1.452738366026442088E-03 1.344307246152354023E-03 1.337360814295935913E-03 1.242009402009607542E-03 1.071502090080995832E-03 1.142629157316758402E-03 1.123489504121365180E-03 1.115265781769934645E-03 1.309977930494124389E-03 1.603222193576576277E-03 1.672695307657817059E-03 1.524187297178594648E-03 1.697303725153663078E-03 1.367370705717836513E-03 1.255297155957362529E-03 1.170827949483222450E-03 1.064509401067795236E-03 1.122108446571821539E-03 1.023564853609379823E-03 1.105640388272405945E-03 1.203129677370871897E-03 1.119226277225222888E-03 8.087833194298366243E-04 7.804837662871574270E-04 6.681132215455015807E-04 5.225479253455448140E-04 5.857293106287980765E-04 7.049334019720542022E-04 7.166797702680618044E-04 8.812722239723158471E-04 1.168143022658232671E-03 9.992715196278070724E-04 1.099320860822732525E-03 1.189452926085205831E-03 1.058190574508996234E-03 8.595399354834312635E-04 6.479958059418106358E-04 7.949182687273619041E-04 5.680578406148802887E-04 6.339098819971490271E-04 6.820728672086405486E-04 6.528381576840478796E-04 5.165045318274296294E-04 4.743565830171396621E-04 5.360249613841569245E-04 6.057107104685535356E-04 6.471348613039471648E-04 6.206647284707178221E-04 5.173738863351517656E-04 7.080732251700109278E-04 5.336891886166057926E-04 5.739119683198804162E-04 5.579365043306687855E-04 4.690550073151715407E-04 5.301774970968335882E-04 6.152014845733803439E-04 5.545878670506302352E-04 5.636409103303522414E-04 6.158949278811136005E-04 7.525621449303626555E-04 6.288060177705753588E-04 6.493484421586978974E-04 8.224885256115689342E-04 1.003815193720184124E-03 9.648491476411691923E-04 9.272182073935183186E-04 8.652702297600280753E-04 8.832013642305458056E-04 9.423623496973035319E-04 9.483913693632325254E-04 1.108068723359721978E-03 1.062636582741550376E-03 1.269332056796048302E-03 1.020322856299633787E-03 9.529222290403611484E-04 1.149128330432752252E-03 9.476552495658455751E-04 1.316691289860437127E-03 1.416763756563356805E-03 1.116896098394616057E-03 1.048255957459002814E-03 1.134357119756528379E-03 1.147790625315322621E-03 1.259435676840810333E-03 1.222413230874660637E-03 1.080942637724540377E-03 1.035388198139704447E-03 1.000000000000000021E-03 1.000000000000000021E-03 1.000000000000000021E-03 1.000000000000000021E-03 1.000000000000000021E-03 1.000000000000000021E-03 1.000000000000000021E-03 1.000000000000000021E-03 1.000000000000000021E-03 1.000000000000000021E-03 1.000000000000000021E-03 1.000000000000000021E-03 1.000000000000000021E-03 1.000000000000000021E-03 1.000000000000000021E-03 1.000000000000000021E-03 1.000000000000000021E-03 1.000000000000000021E-03 1.000000000000000021E-03 1.000000000000000021E-03 1.000000000000000021E-03 1.000000000000000021E-03 1.000000000000000021E-03 1.000000000000000021E-03 1.000000000000000021E-03 1.000000000000000021E-03 1.000000000000000021E-03 1.000000000000000021E-03 1.000000000000000021E-03 1.000000000000000021E-03 1.000000000000000021E-03 1.000000000000000021E-03 1.000000000000000021E-03 1.000000000000000021E-03 1.000000000000000021E-03 1.000000000000000021E-03 1.000000000000000021E-03 1.000000000000000021E-03 1.000000000000000021E-03 1.000000000000000021E-03 1.000000000000000021E-03 1.000000000000000021E-03 1.000000000000000021E-03 1.000000000000000021E-03 1.000000000000000021E-03 1.000000000000000021E-03 1.000000000000000021E-03 1.000000000000000021E-03 1.000000000000000021E-03 1.000000000000000021E-03 1.000000000000000021E-03 1.000000000000000021E-03
1.000000000000000021E-03 6.682632083202373575E-04 5.336578794539918258E-04 4.488285906067810576E-04 5.603356332794855134E-04 8.194464607244624204E-04 1.135510739594600138E-03 1.324017512570416916E-03 1.315698727759525514E-03 1.059577653844120037E-03 9.379254082982551666E-04 1.059503027421263878E-03 1.107419239085383981E-03 1.250107860988120293E-03 1.400714806936520377E-03 1.072656230282510899E-03 8.359856960152828699E-04 9.812626597998773837E-04 9.774541304461577783E-04 1.136925050481992069E-03 1.288720957804335770E-03 1.322913266724774642E-03 1.630877837692882703E-03 1.768828132057544871E-03 1.485443530223208575E-03 1.399533314638085665E-03 1.373229929482542048E-03 1.078853784976767241E-03 1.444704603021735624E-03 1.079114788791312373E-03 1.248103363485082934E-03 1.126946471827814430E-03 1.180387513412894853E-03 8.678760278878649330E-04 8.927599571555824625E-04 7.748254008038035941E-04 6.776741078182527698E-04 5.777344107745737475E-04 5.921873652457357697E-04 7.651148348167035110E-04 8.444659232617829706E-04 9.648910885023101371E-04 1.198294805188871879E-03 1.361987145747266086E-03 1.155714614797238035E-03 9.942436969192140848E-04 9.360579157221917725E-04 1.004478420109020543E-03 8.173510885354580598E-04 6.253489705875147275E-04 6.786281137597583628E-04 7.223246107193754531E-04 6.596502619583863129E-04 5.259682250146989610E-04 4.459333744605285853E-04 5.156109114969461768E-04 6.948153756729942261E-04 5.939463089079493859E-04 5.597692046025421570E-04 5.011560461557366735E-04 4.901238770947942240E-04 4.511582569237747959E-04 5.673185000404543880E-04 5.876031848403578820E-04 4.464998114310861636E-04 4.955067348094495568E-04 6.075945497056650310E-04 7.228656666681060805E-04 6.568194877064672263E-04 6.681110986703432588E-04 6.631795795885805402E-04 6.724025253300119171E-04 5.621119065178419244E-04 6.669021811321472915E-04 6.980699427769500960E-04 7.293337084262820243E-04 1.006937820210139457E-03 1.097870476691689733E-03 8.238537427906055411E-04 7.752985225694414978E-04 8.526981454515729190E-04 1.021018511759850048E-03 1.014685529827176035E-03 1.079350775833255683E-03 1.254992859420997605E-03 1.224314887333971926E-03 1.110723957430448166E-03 1.267430370401361004E-03 1.190896371629707141E-03 1.192534622058827711E-03 1.342607832730558339E-03 1.416249903083208108E-03 1.028638768365802095E-03 1.277031439064876556E-03 1.348707272153050734E-03 1.164431348442444229E-03 1.164801344853834972E-03 9.862438791607946575E-04 9.721898475905878158E-04 1.000000000000000021E-03 1.000000000000000021E-03 1.000000000000000021E-03 1.000000000000000021E-03 1.000000000000000021E-03 1.000000000000000021E-03 1.000000000000000021E-03 1.000000000000000021E-03 1.000000000000000021E-03 1.000000000000000021E-03 1.000000000000000021E-03 1.000000000000000021E-03 1.000000000000000021E-03 1.000000000000000021E-03 1.000000000000000021E-03 1.000000000000000021E-03 1.000000000000000021E-03 1.000000000000000021E-03 1.000000000000000021E-03 1.000000000000000021E-03 1.000000000000000021E-03 1.000000000000000021E-03 1.000000000000000021E-03 1.000000000000000021E-03 1.000000000000000021E-03 1.000000000000000021E-03 1.000000000000000021E-03 1.000000000000000021E-03 1.000000000000000021E-03 1.000000000000000021E-03 1.000000000000000021E-03 1.000000000000000021E-03 1.000000000000000021E-03 1.000000000000000021E-03 1.000000000000000021E-03 1.000000000000000021E-03 1.000000000000000021E-03 1.000000000000000021E-03 1.000000000000000021E-03 1.000000000000000021E-03 1.000000000000000021E-03 1.000000000000000021E-03 1.000000000000000021E-03 1.000000000000000021E-03 1.000000000000000021E-03 1.000000000000000021E-03 1.000000000000000021E-03 1.000000000000000021E-03 1.000000000000000021E-03 1.000000000000000021E-03 1.000000000000000021E-03 1.000000000000000021E-03
1.000000000000000021E-03 5.676479085719019673E-04 5.408753945770985484E-04 5.922487974994939319E-04 6.149407416405750339E-04 7.133045367944210874E-04 1.055547973142766669E-03 1.419142769378174424E-03 1.285488424258920959E-03 1.095224022929797061E-03 1.118786357513086062E-03 9.852982390940246468E-04 9.893390102255871909E-04 1.027210774302292828E-03 1.210793135599850731E-03 1.079692419210011908E-03 9.438033823283968095E-04 9.989687494051512507E-04 1.036895592916297357E-03 9.796030085034324476E-04 1.046378346272411504E-03 1.240250697980801011E-03 1.262248994417666369E-03 1.266606322631903597E-03 1.475452986926950030E-03 1.233104629101640197E-03 9.981461052568738491E-04 9.716255727594862645E-04 1.327228729350062291E-03 1.342486044134649217E-03 1.450082011890293544E-03 1.059117127603125159E-03 1.188277305594911959E-03 1.054595084829092937E-03 9.175079220092916378E-04 6.368115124660657161E-04 6.242248277589510560E-04 6.670032846935238522E-04 6.190359436500641067E-04 6.395359282895473306E-04 9.624229468330313536E-04 9.545442971765660031E-04 1.274860046883360097E-03 1.168667250382170912E-03 1.070141251249111724E-03 9.956384673871737472E-04 9.580057847679935906E-04 9.326168332515749875E-04 7.955758464121226534E-04 7.994087970854301447E-04 8.807867696912624871E-04 8.135088112504796666E-04 5.840187965160467546E-04 6.189102755532841513E-04 6.277534004720963399E-04 6.462728495700454257E-04 7.868478523042392531E-04 7.234365431497768268E-04 5.504191335742711268E-04 4.086234000496334964E-04 5.080753313546657957E-04 5.716178481726966404E-04 5.563391646574839238E-04 5.077762059592831959E-04 5.513591797937298896E-04 5.015970832239432554E-04 5.814688666951065487E-04 6.497031549089580128E-04 7.257605640441125135E-04 6.500137873286422358E-04 7.851708647502905454E-04 6.229208686922895486E-04 6.206923765341438703E-04 6.875528017145902428E-04 5.600933642667398245E-04 6.680428659411110108E-04 8.276829680982861551E-04 9.264712055627834838E-04 7.485340148360777055E-04 7.699605059329526309E-04 9.325912118409115416E-04 9.775076074300705076E-04 9.141264626478862784E-04 1.261997222946586051E-03 1.296192468377423482E-03 1.335035199948152694E-03 1.361765304150177290E-03 1.543702705467845694E-03 1.055153688537113690E-03 9.807817432367286863E-04 1.134542373604296257E-03 1.552912609376383597E-03 1.443356300597793641E-03 1.313318649521673809E-03 1.233329700788246466E-03 1.344179939062193491E-03 9.870353867195858638E-04 8.639572228190023394E-04 8.821515128232430359E-04 8.985447609095042771E-04 1.000000000000000021E-03 1.000000000000000021E-03 1.000000000000000021E-03 1.000000000000000021E-03 1.000000000000000021E-03 1.000000000000000021E-03 1.000000000000000021E-03 1.000000000000000021E-03 1.000000000000000021E-03 1.000000000000000021E-03 1.000000000000000021E-03 1.000000000000000021E-03 1.000000000000000021E-03 1.000000000000000021E-03 1.000000000000000021E-03 1.000000000000000021E-03 1.000000000000000021E-03 1.000000000000000021E-03 1.000000000000000021E-03 1.000000000000000021E-03 1.000000000000000021E-03 1.000000000000000021E-03 1.000000000000000021E-03 1.000000000000000021E-03 1.000000000000000021E-03 1.000000000000000021E-03 1.000000000000000021E-03 1.000000000000000021E-03 1.000000000000000021E-03 1.000000000000000021E-03 1.000000000000000021E-03 1.000000000000000021E-03 1.000000000000000021E-03 1.000000000000000021E-03 1.000000000000000021E-03 1.000000000000000021E-03 1.000000000000000021E-03 1.000000000000000021E-03 1.000000000000000021E-03 1.000000000000000021E-03 1.000000000000000021E-03 1.000000000000000021E-03 1.000000000000000021E-03 1.000000000000000021E-03 1.000000000000000021E-03 1.000000000000000021E-03 1.000000000000000021E-03 1.000000000000000021E-03 1.000000000000000021E-03 1.000000000000000021E-03 1.000000000000000021E-03
1.000000000000000021E-03 5.036834709259299745E-04 4.433614732924010655E-04 5.718408203436306991E-04 6.014222452858971734E-04 7.226947341187401523E-04 8.763725732750018418E-04 1.161711262835620623E-03 1.242730388716404167E-03 1.349965537467784100E-03 1.285446146705024632E-03 9.299393182053827941E-04 9.573755263427457564E-04 8.483341562805183245E-04 8.166765776713123814E-04 9.419505891593722138E-04 8.731753467820125170E-04 9.506639269736328647E-04 9.309231060724786587E-04 7.722878265294030528E-04 7.811190133038052553E-04 8.988487986651633524E-04 1.015428876145263839E-03 1.204264047007580366E-03 1.198872275207107669E-03 1.358145494960305219E-03 1.119832183663582465E-03 1.097132394582483019E-03 1.296704342842478668E-03 1.438554962051384395E-03 1.413492378175308477E-03 1.265455529935262087E-03 1.035336087538151623E-03 1.045633464532044797E-03 1.016046017455716610E-03 8.370084427545717003E-04 6.667142531302526530E-04 6.839514847789815227E-04 7.613897478894557803E-04 6.712151063579789188E-04 8.901951776751114778E-04 9.314412920310112184E-04 9.643909163509176456E-04 9.802432701164888549E-04 9.164838488598931300E-04 9.920790403182943706E-04 9.991758782491692858E-04 1.057337778911385034E-03 8.559617355550925557E-04 8.561096689023455939E-04 9.669641507926187958E-04 7.481234420275666283E-04 5.905231691128530859E-04 6.046379092639287897E-04 5.972239979926732270E-04 5.467758494373621330E-04 5.765180224794674369E-04 5.515364806934706368E-04 4.382968069794358225E-04 4.585858586674275948E-04 4.374744814878985758E-04 5.015812833752982371E-04 6.113957946006579871E-04 6.578916515108793918E-04 5.531323498613122461E-04 5.386171418261327844E-04 4.732629780695632297E-04 5.527482915605811667E-04 6.994484051992013156E-04 6.644674084023889128E-04 8.098381840112140427E-04 6.942408935678372845E-04 7.805164665051730118E-04 7.685673660623949712E-04 6.495981041387590684E-04 6.516624254625853112E-04 7.968357232248238567E-04 8.081996300329989755E-04 7.911856046295418768E-04 7.375197497183280659E-04 8.153753018082046406E-04 7.458822641178236524E-04 9.266196056782760333E-04 1.022512495282767867E-03 1.023001682517460679E-03 1.290515827366935488E-03 1.357722712143307874E-03 1.346952881247875673E-03 1.089993393001745985E-03 9.909248918901904062E-04 1.082312035330166081E-03 1.357759564972356708E-03 1.264454151335853930E-03 1.318721625098290100E-03 1.356469722409206578E-03 1.217299865122188759E-03 1.126387114086536403E-03 9.380543340958053975E-04 8.023904632111048289E-04 8.367998851131525258E-04 1.000000000000000021E-03 1.000000000000000021E-03 1.000000000000000021E-03 1.000000000000000021E-03 1.000000000000000021E-03 1.000000000000000021E-03 1.000000000000000021E-03 1.000000000000000021E-03 1.000000000000000021E-03 1.000000000000000021E-03 1.000000000000000021E-03 1.000000000000000021E-03 1.000000000000000021E-03 1.000000000000000021E-03 1.000000000000000021E-03 1.000000000000000021E-03 1.000000000000000021E-03 1.000000000000000021E-03 1.000000000000000021E-03 1.000000000000000021E-03 1.000000000000000021E-03 1.000000000000000021E-03 1.000000000000000021E-03 1.000000000000000021E-03 1.000000000000000021E-03 1.000000000000000021E-03 1.000000000000000021E-03 1.000000000000000021E-03 1.000000000000000021E-03 1.000000000000000021E-03 1.000000000000000021E-03 1.000000000000000021E-03 1.000000000000000021E-03 1.000000000000000021E-03 1.000000000000000021E-03 1.000000000000000021E-03 1.000000000000000021E-03 1.000000000000000021E-03 1.000000000000000021E-03 1.000000000000000021E-03 1.000000000000000021E-03 1.000000000000000021E-03 1.000000000000000021E-03 1.000000000000000021E-03 1.000000000000000021E-03 1.000000000000000021E-03 1.000000000000000021E-03 1.000000000000000021E-03 1.000000000000000021E-03 1.000000000000000021E-03 1.000000000000000021E-03
1.000000000000000021E-03 5.522687639655464963E-04 5.614444880639532119E-04 5.275487736528445583E-04 5.732558558181711584E-04 7.085403341967685823E-04 1.056637296425474038E-03 1.236951239714491335E-03 1.304000582273643835E-03 1.320008409977927160E-03 1.129520449785009111E-03 1.013519463189340450E-03 9.697242226847166283E-04 7.548840583327133796E-04 7.502392799002409896E-04 8.273326705745080983E-04 1.146604460625262611E-03 1.140340874129762601E-03 9.997558983151054197E-04 9.296001200985532171E-04 8.043006571145924289E-04 9.031122692040727392E-04 9.086016560960969227E-04 1.062698942259727433E-03 1.052915172701541190E-03 1.080746174908102592E-03 1.306646847078231409E-03 1.388005427972467459E-03 1.410594196334116323E-03 1.772135292933151463E-03 1.709114425128457036E-03 1.598199466119814205E-03 1.376692464675366217E-03 1.239437667508901586E-03 1.023745247205052169E-03 8.952733650610491308E-04 7.022686339664661621E-04 6.761182950384634618E-04 8.172792621302132259E-04 8.049357531710066857E-04 7.642106683928397495E-04 7.908955048163585381E-04 7.580414339024271059E-04 8.209986084862991914E-04 1.004495959725705805E-03 9.905266478154378315E-04 8.157631439532734034E-04 7.825910568212507369E-04 8.272573856115849516E-04 8.864393279289225569E-04 9.676284975146450407E-04 6.156927994076789824E-04 6.209064666515393040E-04 5.586786776921291459E-04 5.298634206353459910E-04 5.592122823193845706E-04 5.562913734764683834E-04 5.751750542438176976E-04 5.733307374820987602E-04 1.000000000000000021E-03 1.000000000000000021E-03 1.000000000000000021E-03 1.000000000000000021E-03 1.000000000000000021E-03 1.000000000000000021E-03 1.000000000000000021E-03 1.000000000000000021E-03 6.160335731327984789E-04 6.641951644142556673E-04 7.542462415991247953E-04 7.499308495706482041E-04 7.173711102929358763E-04 8.321339984405645837E-04 8.019273531815066317E-04 7.032501409354526434E-04 8.969397275614039450E-04 8.489015835634764005E-04 8.554765756496058703E-04 9.449917878808255286E-04 8.738853219742440592E-04 8.051149396774208390E-04 7.774742917392354208E-04 8.807131615748568830E-04 1.072684761420519264E-03 1.109820105055720060E-03 1.678263476695312281E-03 1.189923178542466251E-03 1.175754416639674359E-03 1.153672384654380297E-03 1.178076312152162314E-03 1.268704706794787683E-03 1.696080484841018012E-03 1.578266228911923749E-03 1.427704469222141519E-03 1.484252103253728841E-03 1.233784436739676247E-03 1.340366582111627517E-03 9.925523712622336906E-04 9.083961287127408860E-04 1.076820158498471977E-03 1.000000000000000021E-03 1.000000000000000021E-03 1.000000000000000021E-03 1.000000000000000021E-03 1.000000000000000021E-03 1.000000000000000021E-03 1.000000000000000021E-03 1.000000000000000021E-03 1.000000000000000021E-03 1.000000000000000021E-03 1.000000000000000021E-03 1.000000000000000021E-03 1.000000000000000021E-03 1.000000000000000021E-03 1.000000000000000021E-03 1.000000000000000021E-03 1.000000000000000021E-03 1.000000000000000021E-03 1.000000000000000021E-03 1.000000000000000021E-03 1.000000000000000021E-03 1.000000000000000021E-03 1.000000000000000021E-03 1.000000000000000021E-03 1.000000000000000021E-03 1.000000000000000021E-03 1.000000000000000021E-03 1.000000000000000021E-03 1.000000000000000021E-03 1.000000000000000021E-03 1.000000000000000021E-03 1.000000000000000021E-03 1.000000000000000021E-03 1.000000000000000021E-03 1.000000000000000021E-03 1.000000000000000021E-03 1.000000000000000021E-03 1.000000000000000021E-03 1.000000000000000021E-03 1.000000000000000021E-03 1.000000000000000021E-03 1.000000000000000021E-03 1.000000000000000021E-03 1.000000000000000021E-03 1.000000000000000021E-03 1.000000000000000021E-03 1.000000000000000021E-03 1.000000000000000021E-03 1.000000000000000021E-03 1.000000000000000021E-03 1.000000000000000021E-03
1.000000000000000021E-03 6.095208112168842536E-04 5.596397537903834239E-04 5.180559328909487482E-04 7.391408352607456607E-04 7.512495488820045749E-04 1.286856613747571496E-03 1.222855223563955014E-03 1.282369107735052650E-03 1.233318086991137125E-03 1.236937984084277194E-03 1.150909774285836492E-03 1.041096004467956639E-03 9.035566976497360703E-04 6.799071012045757468E-04 7.495254214319891500E-04 9.848842299085326397E-04 1.061503501774623036E-03 9.972151839314302799E-04 9.612018777184760943E-04 8.119878784519127908E-04 9.728216848799880242E-04 9.766905884760976059E-04 1.250013137714165064E-03 1.303185685671382626E-03 1.499869654193571522E-03 1.404168860438222101E-03 1.285262563524526861E-03 1.520692621337448643E-03 1.776568972231915055E-03 1.578885078967120310E-03 1.751264879024328792E-03 1.604990763340309080E-03 1.059748964111743028E-03 9.522756729158990407E-04 9.466484627628856492E-04 7.570044451716337460E-04 7.529346428581531287E-04 7.262445961205870508E-04 6.419895866633795875E-04 7.184725306188016660E-04 7.318495403163766209E-04 5.857063617315999343E-04 6.590443057426004139E-04 8.766517445103619906E-04 8.692345173300418480E-04 9.003885888648204168E-04 8.550235124797585023E-04 7.714175402374367531E-04 8.824592952809061060E-04 8.601636352674972954E-04 7.163623289669381186E-04 5.860237995747122905E-04 5.277660042471008688E-04 4.692713452139029282E-04 1.000000000000000021E-03 1.000000000000000021E-03 1.000000000000000021E-03 1.000000000000000021E-03 1.000000000000000021E-03 1.000000000000000021E-03 1.000000000000000021E-03 1.000000000000000021E-03 1.000000000000000021E-03 1.000000000000000021E-03 1.000000000000000021E-03 1.000000000000000021E-03 1.000000000000000021E-03 1.000000000000000021E-03 1.000000000000000021E-03 1.000000000000000021E-03 1.000000000000000021E-03 8.607000278607852351E-04 8.675953992483905093E-04 7.740225961856372862E-04 8.907363564119320223E-04 1.009191527889170522E-03 1.182505631726290564E-03 1.133439154341191711E-03 9.643328366014915698E-04 1.020608175997002667E-03 1.098960471355374608E-03 9.483482468512057168E-04 1.266755093916562295E-03 1.524579290670302579E-03 1.392910199960008429E-03 1.306300369583258351E-03 1.360264953898399423E-03 1.022595933018672579E-03 1.181988670038027368E-03 1.737587214914347242E-03 1.963155073178275787E-03 1.470296099620027348E-03 1.280728481062523225E-03 1.399345852531889240E-03 1.155523717503066823E-03 1.181826151927676573E-03 1.133718820397441309E-03 1.049568968976894020E-03 1.214297094242329251E-03 1.000000000000000021E-03 1.000000000000000021E-03 1.000000000000000021E-03 1.000000000000000021E-03 1.000000000000000021E-03 1.000000000000000021E-03 1.000000000000000021E-03 1.000000000000000021E-03 1.000000000000000021E-03 1.000000000000000021E-03 1.000000000000000021E-03 1.000000000000000021E-03 1.000000000000000021E-03 1.000000000000000021E-03 1.000000000000000021E-03 1.000000000000000021E-03 1.000000000000000021E-03 1.000000000000000021E-03 1.000000000000000021E-03 1.000000000000000021E-03 1.000000000000000021E-03 1.000000000000000021E-03 1.000000000000000021E-03 1.000000000000000021E-03 1.000000000000000021E-03 1.000000000000000021E-03 1.000000000000000021E-03 1.000000000000000021E-03 1.000000000000000021E-03 1.000000000000000021E-03 1.000000000000000021E-03 1.000000000000000021E-03 1.000000000000000021E-03 1.000000000000000021E-03 1.000000000000000021E-03 1.000000000000000021E-03 1.000000000000000021E-03 1.000000000000000021E-03 1.000000000000000021E-03 1.000000000000000021E-03 1.000000000000000021E-03 1.000000000000000021E-03 1.000000000000000021E-03 1.000000000000000021E-03 1.000000000000000021E-03 1.000000000000000021E-03 1.000000000000000021E-03 1.000000000000000021E-03 1.000000000000000021E-03 1.000000000000000021E-03 1.000000000000000021E-03
1.000000000000000021E-03 6.945138316103210887E-04 6.640689805066044829E-04 6.980984253684744626E-04 9.231673657550486635E-04 9.321074821612046783E-04 1.128673653174477572E-03 1.043055447631500206E-03 1.245023380512274734E-03 1.128797742544591746E-03 1.040768034417317378E-03 1.154271192994614113E-03 9.874176435753468598E-04 8.338255375825727022E-04 8.569477486260857575E-04 8.091222552598109109E-04 1.048067319420923921E-03 1.080851184163609570E-03 8.113825554182607864E-04 7.950909106065211012E-04 8.229627739769097968E-04 1.061727958388275798E-03 1.365906025821854919E-03 1.371642007240707990E-03 1.777478530468398462E-03 1.446815079334535202E-03 1.392641336091930346E-03 1.358564548811815043E-03 1.783998252851460653E-03 1.525169334517817573E-03 1.594316798366045068E-03 1.803006296899666537E-03 1.361923468643734623E-03 1.110012908327124301E-03 1.060963634739061712E-03 8.698555152454269437E-04 7.535415877679196633E-04 7.439239536955639942E-04 5.671088912894753625E-04 6.703919866859500655E-04 6.760851849701085547E-04 5.863066579591373487E-04 6.699694921735027675E-04 5.949595887284199035E-04 7.937534955122013810E-04 7.551825170574291745E-04 7.232332505912106432E-04 7.736979737166097860E-04 8.026446229619257867E-04 7.775667861364665137E-04 7.494233445302673092E-04 1.000000000000000021E-03 1.000000000000000021E-03 1.000000000000000021E-03 1.000000000000000021E-03 1.000000000000000021E-03 1.000000000000000021E-03 1.000000000000000021E-03 1.000000000000000021E-03 1.000000000000000021E-03 1.000000000000000021E-03 1.000000000000000021E-03 1.000000000000000021E-03 1.000000000000000021E-03 1.000000000000000021E-03 1.000000000000000021E-03 1.000000000000000021E-03 1.000000000000000021E-03 1.000000000000000021E-03 1.000000000000000021E-03 1.000000000000000021E-03 1.000000000000000021E-03 1.000000000000000021E-03 1.000000000000000021E-03 1.052257735105385653E-03 1.068923892805825632E-03 1.088883780147909507E-03 1.498349830122107070E-03 1.637537129545178728E-03 1.229363160494159005E-03 1.283913895539114244E-03 1.266480920626727796E-03 1.251367595549626949E-03 1.195615117899731994E-03 1.366286096837032293E-03 1.412385089101669995E-03 1.292183379616504597E-03 1.201527845619498446E-03 1.262240988204308724E-03 1.269497216912593429E-03 1.862958572158513121E-03 1.864440617876426216E-03 1.580118638747320158E-03 1.362555337219620603E-03 1.441237824926299522E-03 1.178248872883062067E-03 1.315144363146298701E-03 1.450127019460135816E-03 1.373517696972917411E-03 1.227959105019090901E-03 1.000000000000000021E-03 1.000000000000000021E-03 1.000000000000000021E-03 1.000000000000000021E-03 1.000000000000000021E-03 1.000000000000000021E-03 1.000000000000000021E-03 1.000000000000000021E-03 1.000000000000000021E-03 1.000000000000000021E-03 1.000000000000000021E-03 1.000000000000000021E-03 1.000000000000000021E-03 1.000000000000000021E-03 1.000000000000000021E-03 1.000000000000000021E-03 1.000000000000000021E-03 1.000000000000000021E-03 1.000000000000000021E-03 1.000000000000000021E-03 1.000000000000000021E-03 1.000000000000000021E-03 1.000000000000000021E-03 1.000000000000000021E-03 1.000000000000000021E-03 1.000000000000000021E-03 1.000000000000000021E-03 1.000000000000000021E-03 1.000000000000000021E-03 1.000000000000000021E-03 1.000000000000000021E-03 1.000000000000000021E-03 1.000000000000000021E-03 1.000000000000000021E-03 1.000000000000000021E-03 1.000000000000000021E-03 1.000000000000000021E-03 1.000000000000000021E-03 1.000000000000000021E-03 1.000000000000000021E-03 1.000000000000000021E-03 1.000000000000000021E-03 1.000000000000000021E-03 1.000000000000000021E-03 1.000000000000000021E-03 1.000000000000000021E-03 1.000000000000000021E-03 1.000000000000000021E-03 1.000000000000000021E-03 1.000000000000000021E-03 1.000000000000000021E-03
1.000000000000000021E-03 6.947421316900394446E-04 6.209535215960077480E-04 8.922835983481004589E-04 1.008573789488856256E-03 8.746133790719528601E-04 1.218689503361580946E-03 1.100730016485375199E-03 9.770119519211567689E-04 1.068518024066380688E-03 9.925839312363803329E-04 1.070284502701871138E-03 8.730604216619742642E-04 7.714885500617289912E-04 8.158643626128306249E-04 1.018525195214198915E-03 1.178494891120815359E-03 1.094591553482438711E-03 1.037886341482494208E-03 9.222981487910418769E-04 8.572997323070042676E-04 9.977668924589682461E-04 1.615309089902018007E-03 1.458169013631778043E-03 1.366292831104215033E-03 1.439706925852111572E-03 1.359542566515695074E-03 1.316647861120338013E-03 1.417167924884466966E-03 1.691905369190750729E-03 1.539621191526669439E-03 1.577505685506368780E-03 1.122499847721827740E-03 9.433308907564530096E-04 8.786602596239516437E-04 7.693473729299655324E-04 7.045761555033201251E-04 7.274643436064201583E-04 6.464305412698043976E-04 6.970499566072141644E-04 7.024301949831144882E-04 6.169789484165227400E-04 6.560267487943054069E-04 6.193046177734736445E-04 6.788296837172393345E-04 6.406596524855820776E-04 7.576095995391967340E-04 7.939589331847687068E-04 7.024210271164156149E-04 1.000000000000000021E-03 1.000000000000000021E-03 1.000000000000000021E-03 1.000000000000000021E-03 1.000000000000000021E-03 1.000000000000000021E-03 1.000000000000000021E-03 1.000000000000000021E-03 1.000000000000000021E-03 1.000000000000000021E-03 1.000000000000000021E-03 1.000000000000000021E-03 1.000000000000000021E-03 1.000000000000000021E-03 1.000000000000000021E-03 1.000000000000000021E-03 1.000000000000000021E-03 1.000000000000000021E-03 1.000000000000000021E-03 1.000000000000000021E-03 1.000000000000000021E-03 1.000000000000000021E-03 1.000000000000000021E-03 1.000000000000000021E-03 1.000000000000000021E-03 1.000000000000000021E-03 1.000000000000000021E-03 1.000000000000000021E-03 1.000000000000000021E-03 1.528414151313666099E-03 1.297734942419533077E-03 1.331251385213695236E-03 1.255978887940004986E-03 1.279707362973282227E-03 1.191646687890789884E-03 1.346808351528563106E-03 1.179797324664229319E-03 1.128141654175433481E-03 1.094958750758612872E-03 1.563934555285577182E-03 1.589807390742232563E-03 1.707968223324264276E-03 2.088554937464812220E-03 1.471372039403392095E-03 1.408143214336462145E-03 1.177581525040993348E-03 1.063537686681897357E-03 1.545594714218602840E-03 1.461599709429336298E-03 1.404561760508933306E-03 1.183497001742395659E-03 1.119208546692214076E-03 1.000000000000000021E-03 1.000000000000000021E-03 1.000000000000000021E-03 1.000000000000000021E-03 1.000000000000000021E-03 1.000000000000000021E-03 1.000000000000000021E-03 1.000000000000000021E-03 1.000000000000000021E-03 1.000000000000000021E-03 1.000000000000000021E-03 1.000000000000000021E-03 1.000000000000000021E-03 1.000000000000000021E-03 1.000000000000000021E-03 1.000000000000000021E-03 1.000000000000000021E-03 1.000000000000000021E-03 1.000000000000000021E-03 1.000000000000000021E-03 1.000000000000000021E-03 1.000000000000000021E-03 1.000000000000000021E-03 1.000000000000000021E-03 1.000000000000000021E-03 1.000000000000000021E-03 1.000000000000000021E-03 1.000000000000000021E-03 1.000000000000000021E-03 1.000000000000000021E-03 1.000000000000000021E-03 1.000000000000000021E-03 1.000000000000000021E-03 1.000000000000000021E-03 1.000000000000000021E-03 1.000000000000000021E-03 1.000000000000000021E-03 1.000000000000000021E-03 1.000000000000000021E-03 1.000000000000000021E-03 1.000000000000000021E-03 1.000000000000000021E-03 1.000000000000000021E-03 1.000000000000000021E-03 1.000000000000000021E-03 1.000000000000000021E-03 1.000000000000000021E-03 1.000000000000000021E-03 1.000000000000000021E-03 1.000000000000000021E-03
1.000000000000000021E-03 8.545552651672206528E-04 7.598509556139318010E-04 8.174009996320118513E-04 8.100520499752498658E-04 1.066510813045261656E-03 1.145671417133735121E-03 9.406705095558112869E-04 8.619381990364970549E-04 8.343133508055827633E-04 1.148763609118474971E-03 7.721488903292512496E-04 7.142995842426357695E-04 7.393159987799566811E-04 7.694273992529073640E-04 1.047111137388515804E-03 1.233204569104405643E-03 1.188893740995924453E-03 1.037883168940569511E-03 9.695078879453306389E-04 9.781043240170814342E-04 1.411712167195033072E-03 1.771511409272558905E-03 1.830425877777293667E-03 1.589051632664159304E-03 1.358992471485990280E-03 1.267442850311938617E-03 1.289549127927325060E-03 1.748540753104590008E-03 1.781663968136492368E-03 1.780581506505352898E-03 1.413500316630208423E-03 9.183355327941549818E-04 8.913260770616786635E-04 8.701671983690177506E-04 6.977855019918381002E-04 7.182706837576534895E-04 6.684473241876082552E-04 7.728455733067416842E-04 9.792117233558509260E-04 8.170526902490026725E-04 7.161966054437045011E-04 7.057915832409161674E-04 7.381237090950077892E-04 6.018106702747221589E-04 6.762717193736473382E-04 1.000000000000000021E-03 1.000000000000000021E-03 1.000000000000000021E-03 1.000000000000000021E-03 1.000000000000000021E-03 1.000000000000000021E-03 1.000000000000000021E-03 1.000000000000000021E-03 1.000000000000000021E-03 1.000000000000000021E-03 1.000000000000000021E-03 1.000000000000000021E-03 1.000000000000000021E-03 1.000000000000000021E-03 1.000000000000000021E-03 1.000000000000000021E-03 1.000000000000000021E-03 1.000000000000000021E-03 1.000000000000000021E-03 1.000000000000000021E-03 1.000000000000000021E-03 1.000000000000000021E-03 1.000000000000000021E-03 1.000000000000000021E-03 1.000000000000000021E-03 1.000000000000000021E-03 1.000000000000000021E-03 1.000000000000000021E-03 1.000000000000000021E-03 1.000000000000000021E-03 1.000000000000000021E-03 1.000000000000000021E-03 1.000000000000000021E-03 1.000000000000000021E-03 1.000000000000000021E-03 1.500737038150173376E-03 1.406715194668841599E-03 1.444725503833897565E-03 1.354944352353440983E-03 1.238756386022626336E-03 1.423898539762951613E-03 1.147349063931588304E-03 1.430263880613322257E-03 1.769615256612894769E-03 1.555650853217673815E-03 1.539128397579822864E-03 1.178789135877709223E-03 1.153458837210699856E-03 1.102037432077629256E-03 1.053925535102411860E-03 1.065080596899815966E-03 1.200974712307996926E-03 1.002192531486009773E-03 1.053273804220390122E-03 9.037778067700228887E-04 1.000000000000000021E-03 1.000000000000000021E-03 1.000000000000000021E-03 1.000000000000000021E-03 1.000000000000000021E-03 1.000000000000000021E-03 1.000000000000000021E-03 1.000000000000000021E-03 1.000000000000000021E-03 1.000000000000000021E-03 1.000000000000000021E-03 1.000000000000000021E-03 1.000000000000000021E-03 1.000000000000000021E-03 1.000000000000000021E-03 1.000000000000000021E-03 1.000000000000000021E-03 1.000000000000000021E-03 1.000000000000000021E-03 1.000000000000000021E-03 1.000000000000000021E-03 1.000000000000000021E-03 1.000000000000000021E-03 1.000000000000000021E-03 1.000000000000000021E-03 1.000000000000000021E-03 1.000000000000000021E-03 1.000000000000000021E-03 1.000000000000000021E-03 1.000000000000000021E-03 1.000000000000000021E-03 1.000000000000000021E-03 1.000000000000000021E-03 1.000000000000000021E-03 1.000000000000000021E-03 1.000000000000000021E-03 1.000000000000000021E-03 1.000000000000000021E-03 1.000000000000000021E-03 1.000000000000000021E-03 1.000000000000000021E-03 1.000000000000000021E-03 1.000000000000000021E-03 1.000000000000000021E-03 1.000000000000000021E-03 1.000000000000000021E-03 1.000000000000000021E-03 1.000000000000000021E-03 1.000000000000000021E-03 1.000000000000000021E-03
1.000000000000000021E-03 9.479799879950004263E-04 8.828085698149969532E-04 8.509540135495211087E-04 1.009541089733864087E-03 1.134038038898054239E-03 1.022520059885723186E-03 9.116105075170934362E-04 1.100927198880670855E-03 9.631052661687486242E-04 9.678824242263001261E-04 6.726444348466225969E-04 7.335778589942974727E-04 6.113297658294618861E-04 7.547797453617477101E-04 9.683568408649417727E-04 1.149347347938547764E-03 1.104668123449342385E-03 1.078236963750995236E-03 1.085243510739743091E-03 1.203094515336750091E-03 1.385208789668735535E-03 1.777416303744901172E-03 1.567897250216853267E-03 1.464697746823447966E-03 1.417300261988742359E-03 1.138886830207420367E-03 1.146340932910863393E-03 1.563521379012225909E-03 1.326796716899653669E-03 1.426741939046915347E-03 1.156284895854483089E-03 9.778210898997836097E-04 7.723764599159223688E-04 8.517098931121485543E-04 7.106282806439941958E-04 6.567280317729692158E-04 6.818231456001223661E-04 6.615461836783460229E-04 8.887769417863654493E-04 8.382181891879272092E-04 6.690366256593872777E-04 6.855984781249943941E-04 1.000000000000000021E-03 1.000000000000000021E-03 1.000000000000000021E-03 1.000000000000000021E-03 1.000000000000000021E-03 1.000000000000000021E-03 1.000000000000000021E-03 1.000000000000000021E-03 1.000000000000000021E-03 1.000000000000000021E-03 1.000000000000000021E-03 1.000000000000000021E-03 1.000000000000000021E-03 1.000000000000000021E-03 1.000000000000000021E-03 1.000000000000000021E-03 1.000000000000000021E-03 1.000000000000000021E-03 1.000000000000000021E-03 1.000000000000000021E-03 1.000000000000000021E-03 1.000000000000000021E-03 1.000000000000000021E-03 1.000000000000000021E-03 1.000000000000000021E-03 1.000000000000000021E-03 1.000000000000000021E-03 1.000000000000000021E-03 1.000000000000000021E-03 1.000000000000000021E-03 1.000000000000000021E-03 1.000000000000000021E-03 1.000000000000000021E-03 1.000000000000000021E-03 1.000000000000000021E-03 1.000000000000000021E-03 1.000000000000000021E-03 1.000000000000000021E-03 1.000000000000000021E-03 1.000000000000000021E-03 1.260079911273554549E-03 1.429155235078397165E-03 1.372018174480672337E-03 1.146556906254774747E-03 1.106837394737061886E-03 1.289679804504641463E-03 1.592386961077830055E-03 1.950046164861318375E-03 1.635126416611022574E-03 1.662789036374267334E-03 1.410726358793026707E-03 1.327582648930620288E-03 1.042951571012050004E-03 9.077964694251802530E-04 1.099467827379668923E-03 9.178276318510454092E-04 1.004794682158178945E-03 9.993914209606453297E-04 1.000000000000000021E-03 1.000000000000000021E-03 1.000000000000000021E-03 1.000000000000000021E-03 1.000000000000000021E-03 1.000000000000000021E-03 1.000000000000000021E-03 1.000000000000000021E-03 1.000000000000000021E-03 1.000000000000000021E-03 1.000000000000000021E-03 1.000000000000000021E-03 1.000000000000000021E-03 1.000000000000000021E-03 1.000000000000000021E-03 1.000000000000000021E-03 1.000000000000000021E-03 1.000000000000000021E-03 1.000000000000000021E-03 1.000000000000000021E-03 1.000000000000000021E-03 1.000000000000000021E-03 1.000000000000000021E-03 1.000000000000000021E-03 1.000000000000000021E-03 1.000000000000000021E-03 1.000000000000000021E-03 1.000000000000000021E-03 1.000000000000000021E-03 1.000000000000000021E-03 1.000000000000000021E-03 1.000000000000000021E-03 1.000000000000000021E-03 1.000000000000000021E-03 1.000000000000000021E-03 1.000000000000000021E-03 1.000000000000000021E-03 1.000000000000000021E-03 1.000000000000000021E-03 1.000000000000000021E-03 1.000000000000000021E-03 1.000000000000000021E-03 1.000000000000000021E-03 1.000000000000000021E-03 1.000000000000000021E-03 1.000000000000000021E-03 1.000000000000000021E-03 1.000000000000000021E-03 1.000000000000000021E-03 1.000000000000000021E-03
1.000000000000000021E-03 7.861246637070957088E-04 9.273434854621858195E-04 1.195924951793642501E-03 1.233859410546643033E-03 1.310774394048928046E-03 1.049607459977192113E-03 1.240731555928562208E-03 1.236258448172994654E-03 1.288917264997920410E-03 1.136285864161339825E-03 9.705984094348041281E-04 9.117904546229483329E-04 8.772195851097529034E-04 7.964277591324267838E-04 1.050432711666125568E-03 1.060308634805453903E-03 1.058229573580371724E-03 1.193604696896044580E-03 1.006499320045789675E-03 1.236615427219291130E-03 1.200838694265905695E-03 1.359719866360879856E-03 1.636865554792565555E-03 1.306731813420873838E-03 1.426167443380145419E-03 1.344261712592259963E-03 1.247678520625984276E-03 1.200915274772755862E-03 1.260967324536508985E-03 1.332084506908090462E-03 1.330838834932080491E-03 1.201078537728711556E-03 8.445626131085103407E-04 6.837980197295964301E-04 7.446889989329591062E-04 8.462836892562757268E-04 6.466782387842019697E-04 6.886772331242079328E-04 1.000000000000000021E-03 1.000000000000000021E-03 1.000000000000000021E-03 1.000000000000000021E-03 1.000000000000000021E-03 1.000000000000000021E-03 1.000000000000000021E-03 1.000000000000000021E-03 1.000000000000000021E-03 1.000000000000000021E-03 1.000000000000000021E-03 1.000000000000000021E-03 1.000000000000000021E-03 1.000000000000000021E-03 1.000000000000000021E-03 1.000000000000000021E-03 1.000000000000000021E-03 1.000000000000000021E-03 1.000000000000000021E-03 1.000000000000000021E-03 1.000000000000000021E-03 1.000000000000000021E-03 1.000000000000000021E-03 1.000000000000000021E-03 1.000000000000000021E-03 1.000000000000000021E-03 1.000000000000000021E-03 1.000000000000000021E-03 1.000000000000000021E-03 1.000000000000000021E-03 1.000000000000000021E-03 1.000000000000000021E-03 1.000000000000000021E-03 1.000000000000000021E-03 1.000000000000000021E-03 1.000000000000000021E-03 1.000000000000000021E-03 1.000000000000000021E-03 1.000000000000000021E-03 1.000000000000000021E-03 1.000000000000000021E-03 1.000000000000000021E-03 1.000000000000000021E-03 1.000000000000000021E-03 1.000000000000000021E-03 1.628639915817018660E-03 1.447702170835407599E-03 1.125302545545985456E-03 1.066618465763577960E-03 1.215464903447627341E-03 1.293011574279082998E-03 1.630193924765934235E-03 1.916208535950474946E-03 1.577009706525594633E-03 1.564225046687297508E-03 1.163748708759296084E-03 9.299170587221937141E-04 8.660780890453276953E-04 9.661212773770311898E-04 8.785481084561955678E-04 1.119962565182187897E-03 1.063954732056660718E-03 1.000000000000000021E-03 1.000000000000000021E-03 1.000000000000000021E-03 1.000000000000000021E-03 1.000000000000000021E-03 1.000000000000000021E-03 1.000000000000000021E-03 1.000000000000000021E-03 1.000000000000000021E-03 1.000000000000000021E-03 1.000000000000000021E-03 1.000000000000000021E-03 1.000000000000000021E-03 1.000000000000000021E-03 1.000000000000000021E-03 1.000000000000000021E-03 1.000000000000000021E-03 1.000000000000000021E-03 1.000000000000000021E-03 1.000000000000000021E-03 1.000000000000000021E-03 1.000000000000000021E-03 1.000000000000000021E-03 1.000000000000000021E-03 1.000000000000000021E-03 1.000000000000000021E-03 1.000000000000000021E-03 1.000000000000000021E-03 1.000000000000000021E-03 1.000000000000000021E-03 1.000000000000000021E-03 1.000000000000000021E-03 1.000000000000000021E-03 1.000000000000000021E-03 1.000000000000000021E-03 1.000000000000000021E-03 1.000000000000000021E-03 1.000000000000000021E-03 1.000000000000000021E-03 1.000000000000000021E-03 1.000000000000000021E-03 1.000000000000000021E-03 1.000000000000000021E-03 1.000000000000000021E-03 1.000000000000000021E-03 1.000000000000000021E-03 1.000000000000000021E-03 1.000000000000000021E-03 1.000000000000000021E-03 1.000000000000000021E-03
1.000000000000000021E-03 1.195407600066155946E-03 1.471153709165159539E-03 1.416984847077445552E-03 1.562754258910246507E-03 1.359258766107487902E-03 1.240191501640757442E-03 1.122679955712118727E-03 1.025875823034303781E-03 1.212564326952095782E-03 1.111647151202879540E-03 9.050552370260473226E-04 1.046334812688562389E-03 1.201485811121508034E-03 1.059237595738032455E-03 1.228219327572504724E-03 1.191265501137801558E-03 1.093809783840777716E-03 1.179553168544448432E-03 1.035378232099918921E-03 1.375230493423947606E-03 1.434091511786726681E-03 1.280044246147930094E-03 1.461248576903471236E-03 1.195828523458708362E-03 1.384721795713434161E-03 1.229899711079248011E-03 9.243338010389036668E-04 9.045740291201852159E-04 9.601317773895143336E-04 1.043092199773444336E-03 1.300240329624018651E-03 1.020676116317186877E-03 8.105509975582240101E-04 9.036062898498596575E-04 1.000000000000000021E-03 1.000000000000000021E-03 1.000000000000000021E-03 1.000000000000000021E-03 1.000000000000000021E-03 1.000000000000000021E-03 1.000000000000000021E-03 1.000000000000000021E-03 1.000000000000000021E-03 1.000000000000000021E-03 1.000000000000000021E-03 1.000000000000000021E-03 1.000000000000000021E-03 1.000000000000000021E-03 1.000000000000000021E-03 1.000000000000000021E-03 1.000000000000000021E-03 1.000000000000000021E-03 1.000000000000000021E-03 1.000000000000000021E-03 1.000000000000000021E-03 1.000000000000000021E-03 1.000000000000000021E-03 1.000000000000000021E-03 1.000000000000000021E-03 1.000000000000000021E-03 1.000000000000000021E-03 1.000000000000000021E-03 1.000000000000000021E-03 1.000000000000000021E-03 1.000000000000000021E-03 1.000000000000000021E-03 1.000000000000000021E-03 1.000000000000000021E-03 1.000000000000000021E-03 1.000000000000000021E-03 1.000000000000000021E-03 1.000000000000000021E-03 1.000000000000000021E-03 1.000000000000000021E-03 1.000000000000000021E-03 1.000000000000000021E-03 1.000000000000000021E-03 1.000000000000000021E-03 1.000000000000000021E-03 1.000000000000000021E-03 1.000000000000000021E-03 1.000000000000000021E-03 1.000000000000000021E-03 1.375342553733843167E-03 1.569431314838903467E-03 1.354397072950504384E-03 1.148628479591051179E-03 1.209341670371301934E-03 1.098188281123112144E-03 1.285494567773155837E-03 1.121668975406105856E-03 1.233794557312895565E-03 1.178165355239530181E-03 1.296971687945896491E-03 9.303872655130019601E-04 8.472347818166222786E-04 1.001394246487204848E-03 9.266128001704824427E-04 1.135350573978247775E-03 1.057038560256426266E-03 1.000000000000000021E-03 1.000000000000000021E-03 1.000000000000000021E-03 1.000000000000000021E-03 1.000000000000000021E-03 1.000000000000000021E-03 1.000000000000000021E-03 1.000000000000000021E-03 1.000000000000000021E-03 1.000000000000000021E-03 1.000000000000000021E-03 1.000000000000000021E-03 1.000000000000000021E-03 1.000000000000000021E-03 1.000000000000000021E-03 1.000000000000000021E-03 1.000000000000000021E-03 1.000000000000000021E-03 1.000000000000000021E-03 1.000000000000000021E-03 1.000000000000000021E-03 1.000000000000000021E-03 1.000000000000000021E-03 1.000000000000000021E-03 1.000000000000000021E-03 1.000000000000000021E-03 1.000000000000000021E-03 1.000000000000000021E-03 1.000000000000000021E-03 1.000000000000000021E-03 1.000000000000000021E-03 1.000000000000000021E-03 1.000000000000000021E-03 1.000000000000000021E-03 1.000000000000000021E-03 1.000000000000000021E-03 1.000000000000000021E-03 1.000000000000000021E-03 1.000000000000000021E-03 1.000000000000000021E-03 1.000000000000000021E-03 1.000000000000000021E-03 1.000000000000000021E-03 1.000000000000000021E-03 1.000000000000000021E-03 1.000000000000000021E-03 1.000000000000000021E-03 1.000000000000000021E-03 1.000000000000000021E-03 1.000000000000000021E-03
1.000000000000000021E-03 1.230505441550655207E-03 1.457538255295766708E-03 1.824747929455794709E-03 1.428060243248565698E-03 1.124792973168840761E-03 1.017268793372630388E-03 1.063786705418308561E-03 1.085979564248439793E-03 1.075721306788379609E-03 1.120391591471716318E-03 8.629450971640898697E-04 1.104362308038273717E-03 1.259382752717641768E-03 1.323666606002613360E-03 1.428448431841415405E-03 1.216656553647480063E-03 1.173632404452898013E-03 9.744124768305629028E-04 1.396086569180743277E-03 1.610403834784182153E-03 1.322700976518380702E-03 1.468153624679938672E-03 1.647936762935032226E-03 1.390599768948437001E-03 1.216548406908509730E-03 1.343345539946662164E-03 1.079879846949266314E-03 7.651381465814994934E-04 8.097059345523444475E-04 9.553281677307872387E-04 1.000000000000000021E-03 1.000000000000000021E-03 1.000000000000000021E-03 1.000000000000000021E-03 1.000000000000000021E-03 1.000000000000000021E-03 1.000000000000000021E-03 1.000000000000000021E-03 1.000000000000000021E-03 1.000000000000000021E-03 1.000000000000000021E-03 1.000000000000000021E-03 1.000000000000000021E-03 1.000000000000000021E-03 1.000000000000000021E-03 1.000000000000000021E-03 1.000000000000000021E-03 1.000000000000000021E-03 1.000000000000000021E-03 1.000000000000000021E-03 1.000000000000000021E-03 1.000000000000000021E-03 1.000000000000000021E-03 1.000000000000000021E-03 1.000000000000000021E-03 1.000000000000000021E-03 1.000000000000000021E-03 1.000000000000000021E-03 1.000000000000000021E-03 1.000000000000000021E-03 1.000000000000000021E-03 1.000000000000000021E-03 1.000000000000000021E-03 1.000000000000000021E-03 1.000000000000000021E-03 1.000000000000000021E-03 1.000000000000000021E-03 1.000000000000000021E-03 1.000000000000000021E-03 1.000000000000000021E-03 1.000000000000000021E-03 1.000000000000000021E-03 1.000000000000000021E-03 1.000000000000000021E-03 1.000000000000000021E-03 1.000000000000000021E-03 1.000000000000000021E-03 1.000000000000000021E-03 1.000000000000000021E-03 1.000000000000000021E-03 1.000000000000000021E-03 1.000000000000000021E-03 1.000000000000000021E-03 1.000000000000000021E-03 1.265553604869905022E-03 1.144526087127167554E-03 1.084046979152141930E-03 9.450799974383054889E-04 1.057261717976354463E-03 1.085327804771850802E-03 1.533322360251795132E-03 1.308501085325693885E-03 1.256194815627762786E-03 1.281253648773695132E-03 1.204515862842997324E-03 1.161839266986268611E-03 9.664679323008976575E-04 1.143722710076187530E-03 9.458433332183984344E-04 1.012220171028905755E-03 1.084468905797439766E-03 1.000000000000000021E-03 1.000000000000000021E-03 1.000000000000000021E-03 1.000000000000000021E-03 1.000000000000000021E-03 1.000000000000000021E-03 1.000000000000000021E-03 1.000000000000000021E-03 1.000000000000000021E-03 1.000000000000000021E-03 1.000000000000000021E-03 1.000000000000000021E-03 1.000000000000000021E-03 1.000000000000000021E-03 1.000000000000000021E-03 1.000000000000000021E-03 1.000000000000000021E-03 1.000000000000000021E-03 1.000000000000000021E-03 1.000000000000000021E-03 1.000000000000000021E-03 1.000000000000000021E-03 1.000000000000000021E-03 1.000000000000000021E-03 1.000000000000000021E-03 1.000000000000000021E-03 1.000000000000000021E-03 1.000000000000000021E-03 1.000000000000000021E-03 1.000000000000000021E-03 1.000000000000000021E-03 1.000000000000000021E-03 1.000000000000000021E-03 1.000000000000000021E-03 1.000000000000000021E-03 1.000000000000000021E-03 1.000000000000000021E-03 1.000000000000000021E-03 1.000000000000000021E-03 1.000000000000000021E-03 1.000000000000000021E-03 1.000000000000000021E-03 1.000000000000000021E-03 1.000000000000000021E-03 1.000000000000000021E-03 1.000000000000000021E-03 1.000000000000000021E-03 1.000000000000000021E-03 1.000000000000000021E-03
1.000000000000000021E-03 1.243081794981459832E-03 1.697626115068821698E-03 2.011420692718362147E-03 1.235916471264850809E-03 1.190864482609214773E-03 1.209362803010590815E-03 1.131316676314563429E-03 9.633395975646094622E-04 9.366682249210697090E-04 1.014829401812356686E-03 1.019103029065890689E-03 1.258922199154580406E-03 1.320198574929358536E-03 1.469601226911708023E-03 1.207123333343665655E-03 1.398628810494204587E-03 1.372899560337257404E-03 1.138092852396138535E-03 1.214323572423752287E-03 1.494222322881193698E-03 1.463239276039826273E-03 1.508797452967385261E-03 1.400015999721208057E-03 1.249151286117137138E-03 1.412492010286341224E-03 1.202577233452696006E-03 8.795548466988790341E-04 9.309615345161316663E-04 1.000000000000000021E-03 1.000000000000000021E-03 1.000000000000000021E-03 1.000000000000000021E-03 1.000000000000000021E-03 1.000000000000000021E-03 1.000000000000000021E-03 1.000000000000000021E-03 1.000000000000000021E-03 1.000000000000000021E-03 1.000000000000000021E-03 1.000000000000000021E-03 1.000000000000000021E-03 1.000000000000000021E-03 1.000000000000000021E-03 1.000000000000000021E-03 1.000000000000000021E-03 1.000000000000000021E-03 1.000000000000000021E-03 1.000000000000000021E-03 1.000000000000000021E-03 1.000000000000000021E-03 1.000000000000000021E-03 1.000000000000000021E-03 1.000000000000000021E-03 1.000000000000000021E-03 1.000000000000000021E-03 1.000000000000000021E-03 1.000000000000000021E-03 1.000000000000000021E-03 1.000000000000000021E-03 1.000000000000000021E-03 1.000000000000000021E-03 1.000000000000000021E-03 1.000000000000000021E-03 1.000000000000000021E-03 1.000000000000000021E-03 1.000000000000000021E-03 1.000000000000000021E-03 1.000000000000000021E-03 1.000000000000000021E-03 1.000000000000000021E-03 1.000000000000000021E-03 1.000000000000000021E-03 1.000000000000000021E-03 1.000000000000000021E-03 1.000000000000000021E-03 1.000000000000000021E-03 1.000000000000000021E-03 1.000000000000000021E-03 1.000000000000000021E-03 1.000000000000000021E-03 1.000000000000000021E-03 1.000000000000000021E-03 1.000000000000000021E-03 1.000000000000000021E-03 1.002372772725185560E-03 9.988395224757560826E-04 1.062308283634431786E-03 9.072479832551344535E-04 9.448156279673755814E-04 9.981721825663648819E-04 9.870884318787624678E-04 1.136285741233965599E-03 1.007394633546473744E-03 1.029124804050688411E-03 1.207280482035639297E-03 1.203816353506404402E-03 1.145685857139733992E-03 9.935259136982150553E-04 9.632578924747181755E-04 9.434968653616412253E-04 9.441930311909408529E-04 1.000000000000000021E-03 1.000000000000000021E-03 1.000000000000000021E-03 1.000000000000000021E-03 1.000000000000000021E-03 1.000000000000000021E-03 1.000000000000000021E-03 1.000000000000000021E-03 1.000000000000000021E-03 1.000000000000000021E-03 1.000000000000000021E-03 1.000000000000000021E-03 1.000000000000000021E-03 1.000000000000000021E-03 1.000000000000000021E-03 1.000000000000000021E-03 1.000000000000000021E-03 1.000000000000000021E-03 1.000000000000000021E-03 1.000000000000000021E-03 1.000000000000000021E-03 1.000000000000000021E-03 1.000000000000000021E-03 1.000000000000000021E-03 1.000000000000000021E-03 1.000000000000000021E-03 1.000000000000000021E-03 1.000000000000000021E-03 1.000000000000000021E-03 1.000000000000000021E-03 1.000000000000000021E-03 1.000000000000000021E-03 1.000000000000000021E-03 1.000000000000000021E-03 1.000000000000000021E-03 1.000000000000000021E-03 1.000000000000000021E-03 1.000000000000000021E-03 1.000000000000000021E-03 1.000000000000000021E-03 1.000000000000000021E-03 1.000000000000000021E-03 1.000000000000000021E-03 1.000000000000000021E-03 1.000000000000000021E-03 1.000000000000000021E-03 1.000000000000000021E-03 1.000000000000000021E-03 1.000000000000000021E-03
1.000000000000000021E-03 1.124549476573428368E-03 1.262700590027429105E-03 1.507907431305974396E-03 1.250901408508652913E-03 1.212940023557922999E-03 9.917335583639766503E-04 1.081846377428670371E-03 8.999478789591500464E-04 9.735252295457228573E-04 1.008638212408884821E-03 1.174735925539651315E-03 1.307320536496643605E-03 1.090055373848475978E-03 1.230602199989890445E-03 1.444934490192926546E-03 1.561383943399430796E-03 1.542313559443542073E-03 1.526718202859018905E-03 1.264458125699310541E-03 1.595443497720205319E-03 1.606225449002053824E-03 1.398630829049687290E-03 1.470399423646674870E-03 1.597753018683300500E-03 1.323172271386369604E-03 1.141067139708194398E-03 8.810872281917714842E-04 1.000000000000000021E-03 1.000000000000000021E-03 1.000000000000000021E-03 1.000000000000000021E-03 1.000000000000000021E-03 1.000000000000000021E-03 1.000000000000000021E-03 1.000000000000000021E-03 1.000000000000000021E-03 1.000000000000000021E-03 1.000000000000000021E-03 1.000000000000000021E-03 1.000000000000000021E-03 1.000000000000000021E-03 1.000000000000000021E-03 1.000000000000000021E-03 1.000000000000000021E-03 1.000000000000000021E-03 1.000000000000000021E-03 1.000000000000000021E-03 1.000000000000000021E-03 1.000000000000000021E-03 1.000000000000000021E-03 1.000000000000000021E-03 1.000000000000000021E-03 1.000000000000000021E-03 1.000000000000000021E-03 1.000000000000000021E-03 1.000000000000000021E-03 1.000000000000000021E-03 1.000000000000000021E-03 1.000000000000000021E-03 1.000000000000000021E-03 1.000000000000000021E-03 1.000000000000000021E-03 1.000000000000000021E-03 1.000000000000000021E-03 1.000000000000000021E-03 1.000000000000000021E-03 1.000000000000000021E-03 1.000000000000000021E-03 1.000000000000000021E-03 1.000000000000000021E-03 1.000000000000000021E-03 1.000000000000000021E-03 1.000000000000000021E-03 1.000000000000000021E-03 1.000000000000000021E-03 1.000000000000000021E-03 1.000000000000000021E-03 1.000000000000000021E-03 1.000000000000000021E-03 1.000000000000000021E-03 1.000000000000000021E-03 1.000000000000000021E-03 1.000000000000000021E-03 1.000000000000000021E-03 1.000000000000000021E-03 1.268900202516523188E-03 1.309444374053102397E-03 1.225713999162431631E-03 7.740590440660060625E-04 8.108386569734987465E-04 9.472806882937000270E-04 8.737124271107992151E-04 1.033131808950055229E-03 1.132291698306334962E-03 1.320309835509615249E-03 1.354374053375038750E-03 1.194386973349879401E-03 1.071999485160055271E-03 1.051878002426428647E-03 1.027621446862564359E-03 9.134518246942862968E-04 1.000000000000000021E-03 1.000000000000000021E-03 1.000000000000000021E-03 1.000000000000000021E-03 1.000000000000000021E-03 1.000000000000000021E-03 1.000000000000000021E-03 1.000000000000000021E-03 1.000000000000000021E-03 1.000000000000000021E-03 1.000000000000000021E-03 1.000000000000000021E-03 1.000000000000000021E-03 1.000000000000000021E-03 1.000000000000000021E-03 1.000000000000000021E-03 1.000000000000000021E-03 1.000000000000000021E-03 1.000000000000000021E-03 1.000000000000000021E-03 1.000000000000000021E-03 1.000000000000000021E-03 1.000000000000000021E-03 1.000000000000000021E-03 1.000000000000000021E-03 1.000000000000000021E-03 1.000000000000000021E-03 1.000000000000000021E-03 1.000000000000000021E-03 1.000000000000000021E-03 1.000000000000000021E-03 1.000000000000000021E-03 1.000000000000000021E-03 1.000000000000000021E-03 1.000000000000000021E-03 1.000000000000000021E-03 1.000000000000000021E-03 1.000000000000000021E-03 1.000000000000000021E-03 1.000000000000000021E-03 1.000000000000000021E-03 1.000000000000000021E-03 1.000000000000000021E-03 1.000000000000000021E-03 1.000000000000000021E-03 1.000000000000000021E-03 1.000000000000000021E-03 1.000000000000000021E-03 1.000000000000000021E-03
1.000000000000000021E-03 1.427141018596389879E-03 1.426903710259551025E-03 1.143033806484696413E-03 1.173399702018129275E-03 1.339285043540643051E-03 1.092176530165318371E-03 9.584153857888948668E-04 1.015500682632452427E-03 8.885897022869399323E-04 9.062560661257034692E-04 1.292257645321296397E-03 1.076156252904055541E-03 1.119466695126247096E-03 1.189748347592649563E-03 1.359764091133822995E-03 1.672295178971657881E-03 1.840299879534950181E-03 1.749238920461247118E-03 1.626187506409208696E-03 1.793365759068673692E-03 2.081178809061548160E-03 2.136522460211946316E-03 1.677894823191277383E-03 1.691958220330574882E-03 1.539622253217937976E-03 1.529098810178910507E-03 1.000000000000000021E-03 1.000000000000000021E-03 1.000000000000000021E-03 1.000000000000000021E-03 1.000000000000000021E-03 1.000000000000000021E-03 1.000000000000000021E-03 1.000000000000000021E-03 1.000000000000000021E-03 1.000000000000000021E-03 1.000000000000000021E-03 1.000000000000000021E-03 1.000000000000000021E-03 1.000000000000000021E-03 1.000000000000000021E-03 1.000000000000000021E-03 1.000000000000000021E-03 1.000000000000000021E-03 1.000000000000000021E-03 1.000000000000000021E-03 1.000000000000000021E-03 1.000000000000000021E-03 1.000000000000000021E-03 1.000000000000000021E-03 1.000000000000000021E-03 1.000000000000000021E-03 1.000000000000000021E-03 1.000000000000000021E-03 1.000000000000000021E-03 1.000000000000000021E-03 1.000000000000000021E-03 1.000000000000000021E-03 1.000000000000000021E-03 1.000000000000000021E-03 1.000000000000000021E-03 1.000000000000000021E-03 1.000000000000000021E-03 1.000000000000000021E-03 1.000000000000000021E-03 1.000000000000000021E-03 1.000000000000000021E-03 1.000000000000000021E-03 1.000000000000000021E-03 1.000000000000000021E-03 1.000000000000000021E-03 1.000000000000000021E-03 1.000000000000000021E-03 1.000000000000000021E-03 1.000000000000000021E-03 1.000000000000000021E-03 1.000000000000000021E-03 1.000000000000000021E-03 1.000000000000000021E-03 1.000000000000000021E-03 1.000000000000000021E-03 1.000000000000000021E-03 1.000000000000000021E-03 1.000000000000000021E-03 1.000000000000000021E-03 1.477258101659562669E-03 1.246290274395887030E-03 1.205891585265724941E-03 9.098345733534246235E-04 6.078552459009859072E-04 7.816464649013140503E-04 9.633663039537379439E-04 8.704663068619984548E-04 1.173094144899308007E-03 1.219886157166487827E-03 1.227060865076550844E-03 1.210272876706865825E-03 1.171722700336910467E-03 9.367494598699683444E-04 1.063478483855751335E-03 1.249289607048809439E-03 1.000000000000000021E-03 1.000000000000000021E-03 1.000000000000000021E-03 1.000000000000000021E-03 1.000000000000000021E-03 1.000000000000000021E-03 1.000000000000000021E-03 1.000000000000000021E-03 1.000000000000000021E-03 1.000000000000000021E-03 1.000000000000000021E-03 1.000000000000000021E-03 1.000000000000000021E-03 1.000000000000000021E-03 1.000000000000000021E-03 1.000000000000000021E-03 1.000000000000000021E-03 1.000000000000000021E-03 1.000000000000000021E-03 1.000000000000000021E-03 1.000000000000000021E-03 1.000000000000000021E-03 1.000000000000000021E-03 1.000000000000000021E-03 1.000000000000000021E-03 1.000000000000000021E-03 1.000000000000000021E-03 1.000000000000000021E-03 1.000000000000000021E-03 1.000000000000000021E-03 1.000000000000000021E-03 1.000000000000000021E-03 1.000000000000000021E-03 1.000000000000000021E-03 1.000000000000000021E-03 1.000000000000000021E-03 1.000000000000000021E-03 1.000000000000000021E-03 1.000000000000000021E-03 1.000000000000000021E-03 1.000000000000000021E-03 1.000000000000000021E-03 1.000000000000000021E-03 1.000000000000000021E-03 1.000000000000000021E-03 1.000000000000000021E-03 1.000000000000000021E-03 1.000000000000000021E-03 1.000000000000000021E-03
1.000000000000000021E-03 1.623931338459577971E-03 1.534336031965132657E-03 1.247289238130356529E-03 1.032948462789218952E-03 9.993179547699720684E-04 9.088121997338713138E-04 7.940243566822751320E-04 8.794838457158802702E-04 1.140216271643190032E-03 1.165957841306161907E-03 1.242301641820610023E-03 1.111239075965466967E-03 1.122058468159221455E-03 1.128641159493183306E-03 1.190652858391537264E-03 1.584080400636633324E-03 1.821778372823864688E-03 2.223239726134634744E-03 2.114261705102268331E-03 1.831225427260309291E-03 1.758725382313532657E-03 1.938480983168647644E-03 1.676336584172733249E-03 2.042312685232812019E-03 2.041578746701820657E-03 1.000000000000000021E-03 1.000000000000000021E-03 1.000000000000000021E-03 1.000000000000000021E-03 1.000000000000000021E-03 1.000000000000000021E-03 1.000000000000000021E-03 1.000000000000000021E-03 1.000000000000000021E-03 1.000000000000000021E-03 1.000000000000000021E-03 1.000000000000000021E-03 1.000000000000000021E-03 1.000000000000000021E-03 1.000000000000000021E-03 1.000000000000000021E-03 1.000000000000000021E-03 1.000000000000000021E-03 1.000000000000000021E-03 1.000000000000000021E-03 1.000000000000000021E-03 1.000000000000000021E-03 1.000000000000000021E-03 1.000000000000000021E-03 1.000000000000000021E-03 1.000000000000000021E-03 1.000000000000000021E-03 1.000000000000000021E-03 1.000000000000000021E-03 1.000000000000000021E-03 1.000000000000000021E-03 1.000000000000000021E-03 1.000000000000000021E-03 1.000000000000000021E-03 1.000000000000000021E-03 1.000000000000000021E-03 1.000000000000000021E-03 1.000000000000000021E-03 1.000000000000000021E-03 1.000000000000000021E-03 1.000000000000000021E-03 1.000000000000000021E-03 1.000000000000000021E-03 1.000000000000000021E-03 1.000000000000000021E-03 1.000000000000000021E-03 1.000000000000000021E-03 1.000000000000000021E-03 1.000000000000000021E-03 1.000000000000000021E-03 1.000000000000000021E-03 1.000000000000000021E-03 1.000000000000000021E-03 1.000000000000000021E-03 1.000000000000000021E-03 1.000000000000000021E-03 1.000000000000000021E-03 1.000000000000000021E-03 1.000000000000000021E-03 1.000000000000000021E-03 1.318987858318024058E-03 1.167758699064502977E-03 1.281784334806980973E-03 1.052187733283994724E-03 8.801185172029730953E-04 8.813449526216453550E-04 9.449403043536641405E-04 9.037379515400045023E-04 9.602058767803410382E-04 1.061257784936075034E-03 1.173233420277335591E-03 1.463573115954218146E-03 1.192811586241583925E-03 1.006239151680325987E-03 1.040272425674938512E-03 1.227251283392848851E-03 1.000000000000000021E-03 1.000000000000000021E-03 1.000000000000000021E-03 1.000000000000000021E-03 1.000000000000000021E-03 1.000000000000000021E-03 1.000000000000000021E-03 1.000000000000000021E-03 1.000000000000000021E-03 1.000000000000000021E-03 1.000000000000000021E-03 1.000000000000000021E-03 1.000000000000000021E-03 1.000000000000000021E-03 1.000000000000000021E-03 1.000000000000000021E-03 1.000000000000000021E-03 1.000000000000000021E-03 1.000000000000000021E-03 1.000000000000000021E-03 1.000000000000000021E-03 1.000000000000000021E-03 1.000000000000000021E-03 1.000000000000000021E-03 1.000000000000000021E-03 1.000000000000000021E-03 1.000000000000000021E-03 1.000000000000000021E-03 1.000000000000000021E-03 1.000000000000000021E-03 1.000000000000000021E-03 1.000000000000000021E-03 1.000000000000000021E-03 1.000000000000000021E-03 1.000000000000000021E-03 1.000000000000000021E-03 1.000000000000000021E-03 1.000000000000000021E-03 1.000000000000000021E-03 1.000000000000000021E-03 1.000000000000000021E-03 1.000000000000000021E-03 1.000000000000000021E-03 1.000000000000000021E-03 1.000000000000000021E-03 1.000000000000000021E-03 1.000000000000000021E-03 1.000000000000000021E-03 1.000000000000000021E-03
1.000000000000000021E-03 1.768590202208490843E-03 1.568299028407508545E-03 1.296628487442050672E-03 1.160462400608005011E-03 8.865991811410707437E-04 1.012183321624184800E-03 1.076081133259549879E-03 8.796231140747914467E-04 1.157082192374546447E-03 1.006804824842856593E-03 1.002128627138780060E-03 1.393411299665447620E-03 1.624926346027231886E-03 1.460654576486310544E-03 1.501355804698626317E-03 1.674759230549693325E-03 1.892253158062780737E-03 2.097228993711011073E-03 2.287523890062731057E-03 2.080178774092105755E-03 1.697555502114866726E-03 1.902682244137696111E-03 1.878554078914394928E-03 1.658084777326806212E-03 1.000000000000000021E-03 1.000000000000000021E-03 1.000000000000000021E-03 1.000000000000000021E-03 1.000000000000000021E-03 1.000000000000000021E-03 1.000000000000000021E-03 1.000000000000000021E-03 1.000000000000000021E-03 1.000000000000000021E-03 1.000000000000000021E-03 1.000000000000000021E-03 1.000000000000000021E-03 1.000000000000000021E-03 1.000000000000000021E-03 1.000000000000000021E-03 1.000000000000000021E-03 1.000000000000000021E-03 1.000000000000000021E-03 1.000000000000000021E-03 1.000000000000000021E-03 1.000000000000000021E-03 1.000000000000000021E-03 1.000000000000000021E-03 1.000000000000000021E-03 1.000000000000000021E-03 1.000000000000000021E-03 1.000000000000000021E-03 1.000000000000000021E-03 1.000000000000000021E-03 1.000000000000000021E-03 1.000000000000000021E-03 1.000000000000000021E-03 1.000000000000000021E-03 1.000000000000000021E-03 1.000000000000000021E-03 1.000000000000000021E-03 1.000000000000000021E-03 1.000000000000000021E-03 1.000000000000000021E-03 1.000000000000000021E-03 1.000000000000000021E-03 1.000000000000000021E-03 1.000000000000000021E-03 1.000000000000000021E-03 1.000000000000000021E-03 1.000000000000000021E-03 1.000000000000000021E-03 1.000000000000000021E-03 1.000000000000000021E-03 1.000000000000000021E-03 1.000000000000000021E-03 1.000000000000000021E-03 1.000000000000000021E-03 1.000000000000000021E-03 1.000000000000000021E-03 1.000000000000000021E-03 1.000000000000000021E-03 1.000000000000000021E-03 1.000000000000000021E-03 1.000000000000000021E-03 1.000000000000000021E-03 1.068224812998710667E-03 9.270646813840411086E-04 1.044076559272135449E-03 7.925747182697170240E-04 7.687112604565196801E-04 8.684331199450288962E-04 9.485826682826639135E-04 8.872485542579937627E-04 1.042281912796769313E-03 1.146464294600556223E-03 1.287562832841037796E-03 1.441311734191778578E-03 1.326298508609081994E-03 1.194889420442996801E-03 1.170865259955273770E-03 1.000000000000000021E-03 1.000000000000000021E-03 1.000000000000000021E-03 1.000000000000000021E-03 1.000000000000000021E-03 1.000000000000000021E-03 1.000000000000000021E-03 1.000000000000000021E-03 1.000000000000000021E-03 1.000000000000000021E-03 1.000000000000000021E-03 1.000000000000000021E-03 1.000000000000000021E-03 1.000000000000000021E-03 1.000000000000000021E-03 1.000000000000000021E-03 1.000000000000000021E-03 1.000000000000000021E-03 1.000000000000000021E-03 1.000000000000000021E-03 1.000000000000000021E-03 1.000000000000000021E-03 1.000000000000000021E-03 1.000000000000000021E-03 1.000000000000000021E-03 1.000000000000000021E-03 1.000000000000000021E-03 1.000000000000000021E-03 1.000000000000000021E-03 1.000000000000000021E-03 1.000000000000000021E-03 1.000000000000000021E-03 1.000000000000000021E-03 1.000000000000000021E-03 1.000000000000000021E-03 1.000000000000000021E-03 1.000000000000000021E-03 1.000000000000000021E-03 1.000000000000000021E-03 1.000000000000000021E-03 1.000000000000000021E-03 1.000000000000000021E-03 1.000000000000000021E-03 1.000000000000000021E-03 1.000000000000000021E-03 1.000000000000000021E-03 1.000000000000000021E-03 1.000000000000000021E-03 1.000000000000000021E-03
1.000000000000000021E-03 1.588092715673784273E-03 1.734271832913061775E-03 1.606988148852948797E-03 9.506015122155514691E-04 8.131989071220812292E-04 9.624914598912742572E-04 9.863498847646435738E-04 9.344399413502523215E-04 1.023441222318032841E-03 1.073414149816092440E-03 1.360221150474627983E-03 1.430804086304167735E-03 1.735225429953335483E-03 1.573424627084843604E-03 1.660091637117512217E-03 1.654601364895176259E-03 2.053551908502681753E-03 2.037966914630509347E-03 2.154699230811841799E-03 1.797627702375986141E-03 1.829219817755393116E-03 2.129645071653483383E-03 1.000000000000000021E-03 1.000000000000000021E-03 1.000000000000000021E-03 1.000000000000000021E-03 1.000000000000000021E-03 1.000000000000000021E-03 1.000000000000000021E-03 1.000000000000000021E-03 1.000000000000000021E-03 1.000000000000000021E-03 1.000000000000000021E-03 1.000000000000000021E-03 1.000000000000000021E-03 1.000000000000000021E-03 1.000000000000000021E-03 1.000000000000000021E-03 1.000000000000000021E-03 1.000000000000000021E-03 1.000000000000000021E-03 1.000000000000000021E-03 1.000000000000000021E-03 1.000000000000000021E-03 1.000000000000000021E-03 1.000000000000000021E-03 1.000000000000000021E-03 1.000000000000000021E-03 1.000000000000000021E-03 1.000000000000000021E-03 1.000000000000000021E-03 1.000000000000000021E-03 1.000000000000000021E-03 1.000000000000000021E-03 1.000000000000000021E-03 1.000000000000000021E-03 1.000000000000000021E-03 1.000000000000000021E-03 1.000000000000000021E-03 1.000000000000000021E-03 1.000000000000000021E-03 1.000000000000000021E-03 1.000000000000000021E-03 1.000000000000000021E-03 1.000000000000000021E-03 1.000000000000000021E-03 1.000000000000000021E-03 1.000000000000000021E-03 1.000000000000000021E-03 1.000000000000000021E-03 1.000000000000000021E-03 1.000000000000000021E-03 1.000000000000000021E-03 1.000000000000000021E-03 1.000000000000000021E-03 1.000000000000000021E-03 1.000000000000000021E-03 1.000000000000000021E-03 1.000000000000000021E-03 1.000000000000000021E-03 1.000000000000000021E-03 1.000000000000000021E-03 1.000000000000000021E-03 1.000000000000000021E-03 1.000000000000000021E-03 1.000000000000000021E-03 1.000000000000000021E-03 1.016875982088502085E-03 1.034915786675495546E-03 8.373582866330629487E-04 7.024296030550496563E-04 7.813484754357038955E-04 8.011852595393264935E-04 8.164080247371843270E-04 1.077817462609797486E-03 1.196119219385374495E-03 1.298795102454999286E-03 1.624265207451147360E-03 1.379316253828813876E-03 1.127514607287592643E-03 1.064798232199425749E-03 1.000000000000000021E-03 1.000000000000000021E-03 1.000000000000000021E-03 1.000000000000000021E-03 1.000000000000000021E-03 1.000000000000000021E-03 1.000000000000000021E-03 1.000000000000000021E-03 1.000000000000000021E-03 1.000000000000000021E-03 1.000000000000000021E-03 1.000000000000000021E-03 1.000000000000000021E-03 1.000000000000000021E-03 1.000000000000000021E-03 1.000000000000000021E-03 1.000000000000000021E-03 1.000000000000000021E-03 1.000000000000000021E-03 1.000000000000000021E-03 1.000000000000000021E-03 1.000000000000000021E-03 1.000000000000000021E-03 1.000000000000000021E-03 1.000000000000000021E-03 1.000000000000000021E-03 1.000000000000000021E-03 1.000000000000000021E-03 1.000000000000000021E-03 1.000000000000000021E-03 1.000000000000000021E-03 1.000000000000000021E-03 1.000000000000000021E-03 1.000000000000000021E-03 1.000000000000000021E-03 1.000000000000000021E-03 1.000000000000000021E-03 1.000000000000000021E-03 1.000000000000000021E-03 1.000000000000000021E-03 1.000000000000000021E-03 1.000000000000000021E-03 1.000000000000000021E-03 1.000000000000000021E-03 1.000000000000000021E-03 1.000000000000000021E-03 1.000000000000000021E-03 1.000000000000000021E-03 1.000000000000000021E-03
1.000000000000000021E-03 1.151389660221675566E-03 1.123037651631575862E-03 1.355822227326258312E-03 1.013088058645013204E-03 9.352768466640332297E-04 9.164120100146002810E-04 1.034397636001608417E-03 8.973665184893049032E-04 1.158376232878360716E-03 1.354237600796070768E-03 1.316090621014124468E-03 1.787935458606848506E-03 1.759149669744449786E-03 1.699974232760780414E-03 2.030704944572537737E-03 1.581039264699719404E-03 1.990100298144005433E-03 1.808853876824783810E-03 1.707343521864391383E-03 1.926140650126542024E-03 2.338565939646037976E-03 1.000000000000000021E-03 1.000000000000000021E-03 1.000000000000000021E-03 1.000000000000000021E-03 1.000000000000000021E-03 1.000000000000000021E-03 1.000000000000000021E-03 1.000000000000000021E-03 1.000000000000000021E-03 1.000000000000000021E-03 1.000000000000000021E-03 1.000000000000000021E-03 1.000000000000000021E-03 1.000000000000000021E-03 1.000000000000000021E-03 1.000000000000000021E-03 1.000000000000000021E-03 1.000000000000000021E-03 1.000000000000000021E-03 1.000000000000000021E-03 1.000000000000000021E-03 1.000000000000000021E-03 1.000000000000000021E-03 1.000000000000000021E-03 1.000000000000000021E-03 1.000000000000000021E-03 1.000000000000000021E-03 1.000000000000000021E-03 1.000000000000000021E-03 1.000000000000000021E-03 1.000000000000000021E-03 1.000000000000000021E-03 1.000000000000000021E-03 1.000000000000000021E-03 1.000000000000000021E-03 1.000000000000000021E-03 1.000000000000000021E-03 1.000000000000000021E-03 1.000000000000000021E-03 1.000000000000000021E-03 1.000000000000000021E-03 1.000000000000000021E-03 1.000000000000000021E-03 1.000000000000000021E-03 1.000000000000000021E-03 1.000000000000000021E-03 1.000000000000000021E-03 1.000000000000000021E-03 1.000000000000000021E-03 1.000000000000000021E-03 1.000000000000000021E-03 1.000000000000000021E-03 1.000000000000000021E-03 1.000000000000000021E-03 1.000000000000000021E-03 1.000000000000000021E-03 1.000000000000000021E-03 1.000000000000000021E-03 1.000000000000000021E-03 1.000000000000000021E-03 1.000000000000000021E-03 1.000000000000000021E-03 1.000000000000000021E-03 1.000000000000000021E-03 1.000000000000000021E-03 1.000000000000000021E-03 8.711655861874355311E-04 8.329774168152402451E-04 7.570694124991064582E-04 8.179757099314474787E-04 8.354709970860009450E-04 9.564353921496565516E-04 1.042917912804275718E-03 9.140574627088306897E-04 9.322672807976537619E-04 1.027316118634246430E-03 1.173582531410080490E-03 9.800568294285377704E-04 9.785395873291443617E-04 1.124838163663549476E-03 1.097842985500006169E-03 1.000000000000000021E-03 1.000000000000000021E-03 1.000000000000000021E-03 1.000000000000000021E-03 1.000000000000000021E-03 1.000000000000000021E-03 1.000000000000000021E-03 1.000000000000000021E-03 1.000000000000000021E-03 1.000000000000000021E-03 1.000000000000000021E-03 1.000000000000000021E-03 1.000000000000000021E-03 1.000000000000000021E-03 1.000000000000000021E-03 1.000000000000000021E-03 1.000000000000000021E-03 1.000000000000000021E-03 1.000000000000000021E-03 1.000000000000000021E-03 1.000000000000000021E-03 1.000000000000000021E-03 1.000000000000000021E-03 1.000000000000000021E-03 1.000000000000000021E-03 1.000000000000000021E-03 1.000000000000000021E-03 1.000000000000000021E-03 1.000000000000000021E-03 1.000000000000000021E-03 1.000000000000000021E-03 1.000000000000000021E-03 1.000000000000000021E-03 1.000000000000000021E-03 1.000000000000000021E-03 1.000000000000000021E-03 1.000000000000000021E-03 1.000000000000000021E-03 1.000000000000000021E-03 1.000000000000000021E-03 1.000000000000000021E-03 1.000000000000000021E-03 1.000000000000000021E-03 1.000000000000000021E-03 1.000000000000000021E-03 1.000000000000000021E-03 1.000000000000000021E-03 1.000000000000000021E-03
1.000000000000000021E-03 1.206333472268104803E-03 1.124221460039548023E-03 1.225075724780877624E-03 1.062418791114978084E-03 1.001276931573112650E-03 1.052899078263563101E-03 1.367586999491674600E-03 1.215732463927977599E-03 1.418121813400965341E-03 1.258280249163004324E-03 1.092135583316909686E-03 1.423893368497698795E-03 1.716685257446097339E-03 1.584569013498095952E-03 1.636783890618936617E-03 1.367622622766008662E-03 1.579791427293958123E-03 1.529966708914059408E-03 1.000000000000000021E-03 1.000000000000000021E-03 1.000000000000000021E-03 1.000000000000000021E-03 1.000000000000000021E-03 1.000000000000000021E-03 1.000000000000000021E-03 1.000000000000000021E-03 1.000000000000000021E-03 1.000000000000000021E-03 1.000000000000000021E-03 1.000000000000000021E-03 1.000000000000000021E-03 1.000000000000000021E-03 1.000000000000000021E-03 1.000000000000000021E-03 1.000000000000000021E-03 1.000000000000000021E-03 1.000000000000000021E-03 1.000000000000000021E-03 1.000000000000000021E-03 1.000000000000000021E-03 1.000000000000000021E-03 1.000000000000000021E-03 1.000000000000000021E-03 1.000000000000000021E-03 1.000000000000000021E-03 1.000000000000000021E-03 1.000000000000000021E-03 1.000000000000000021E-03 1.000000000000000021E-03 1.000000000000000021E-03 1.000000000000000021E-03 1.000000000000000021E-03 1.000000000000000021E-03 1.000000000000000021E-03 1.000000000000000021E-03 1.000000000000000021E-03 1.000000000000000021E-03 1.000000000000000021E-03 1.000000000000000021E-03 1.000000000000000021E-03 1.000000000000000021E-03 1.000000000000000021E-03 1.000000000000000021E-03 1.000000000000000021E-03 1.000000000000000021E-03 1.000000000000000021E-03 1.000000000000000021E-03 1.000000000000000021E-03 1.000000000000000021E-03 1.000000000000000021E-03 1.000000000000000021E-03 1.000000000000000021E-03 1.000000000000000021E-03 1.000000000000000021E-03 1.000000000000000021E-03 1.000000000000000021E-03 1.000000000000000021E-03 1.000000000000000021E-03 1.000000000000000021E-03 1.000000000000000021E-03 1.000000000000000021E-03 1.000000000000000021E-03 1.000000000000000021E-03 1.000000000000000021E-03 1.000000000000000021E-03 1.000000000000000021E-03 1.000000000000000021E-03 1.000000000000000021E-03 8.751959490089871157E-04 7.610878353553168470E-04 8.795523638965493116E-04 9.281801988793081165E-04 9.155211817762541832E-04 9.989869404251013919E-04 8.325842809307489696E-04 9.204866535676181931E-04 1.028284128560364797E-03 1.018006696457048402E-03 1.189177514149196988E-03 1.220630413014559511E-03 1.031671370932217080E-03 9.871638916755412323E-04 1.000000000000000021E-03 1.000000000000000021E-03 1.000000000000000021E-03 1.000000000000000021E-03 1.000000000000000021E-03 1.000000000000000021E-03 1.000000000000000021E-03 1.000000000000000021E-03 1.000000000000000021E-03 1.000000000000000021E-03 1.000000000000000021E-03 1.000000000000000021E-03 1.000000000000000021E-03 1.000000000000000021E-03 1.000000000000000021E-03 1.000000000000000021E-03 1.000000000000000021E-03 1.000000000000000021E-03 1.000000000000000021E-03 1.000000000000000021E-03 1.000000000000000021E-03 1.000000000000000021E-03 1.000000000000000021E-03 1.000000000000000021E-03 1.000000000000000021E-03 1.000000000000000021E-03 1.000000000000000021E-03 1.000000000000000021E-03 1.000000000000000021E-03 1.000000000000000021E-03 1.000000000000000021E-03 1.000000000000000021E-03 1.000000000000000021E-03 1.000000000000000021E-03 1.000000000000000021E-03 1.000000000000000021E-03 1.000000000000000021E-03 1.000000000000000021E-03 1.000000000000000021E-03 1.000000000000000021E-03 1.000000000000000021E-03 1.000000000000000021E-03 1.000000000000000021E-03 1.000000000000000021E-03 1.000000000000000021E-03 1.000000000000000021E-03 1.000000000000000021E-03 1.000000000000000021E-03
1.000000000000000021E-03 1.380143342962971949E-03 1.364761124504528141E-03 1.105510486669324067E-03 1.180932491080564440E-03 1.184174854799507296E-03 1.402299439296465821E-03 1.555258065958219907E-03 1.698520285881228867E-03 1.633896360637677406E-03 1.253120265710268820E-03 1.501251453286149605E-03 1.830672899725904008E-03 1.517901895665640282E-03 1.630622975760535930E-03 1.808209042009070126E-03 1.491459171256904592E-03 1.000000000000000021E-03 1.000000000000000021E-03 1.000000000000000021E-03 1.000000000000000021E-03 1.000000000000000021E-03 1.000000000000000021E-03 1.000000000000000021E-03 1.000000000000000021E-03 1.000000000000000021E-03 1.000000000000000021E-03 1.000000000000000021E-03 1.000000000000000021E-03 1.000000000000000021E-03 1.000000000000000021E-03 1.000000000000000021E-03 1.000000000000000021E-03 1.000000000000000021E-03 1.000000000000000021E-03 1.000000000000000021E-03 1.000000000000000021E-03 1.000000000000000021E-03 1.000000000000000021E-03 1.000000000000000021E-03 1.000000000000000021E-03 1.000000000000000021E-03 1.000000000000000021E-03 1.000000000000000021E-03 1.000000000000000021E-03 1.000000000000000021E-03 1.000000000000000021E-03 1.000000000000000021E-03 1.000000000000000021E-03 1.000000000000000021E-03 1.000000000000000021E-03 1.000000000000000021E-03 1.000000000000000021E-03 1.000000000000000021E-03 1.000000000000000021E-03 1.000000000000000021E-03 1.000000000000000021E-03 1.000000000000000021E-03 1.000000000000000021E-03 1.000000000000000021E-03 1.000000000000000021E-03 1.000000000000000021E-03 1.000000000000000021E-03 1.000000000000000021E-03 1.000000000000000021E-03 1.000000000000000021E-03 1.000000000000000021E-03 1.000000000000000021E-03 1.000000000000000021E-03 1.000000000000000021E-03 1.000000000000000021E-03 1.000000000000000021E-03 1.000000000000000021E-03 1.000000000000000021E-03 1.000000000000000021E-03 1.000000000000000021E-03 1.000000000000000021E-03 1.000000000000000021E-03 1.000000000000000021E-03 1.000000000000000021E-03 1.000000000000000021E-03 1.000000000000000021E-03 1.000000000000000021E-03 1.000000000000000021E-03 1.000000000000000021E-03 1.000000000000000021E-03 1.000000000000000021E-03 1.000000000000000021E-03 1.000000000000000021E-03 1.000000000000000021E-03 1.000000000000000021E-03 8.908784883063336317E-04 8.581892614384975656E-04 1.031179486410483846E-03 1.064661202492688365E-03 9.504022324192600924E-04 1.117187761586632038E-03 1.071057791860678416E-03 9.224171468745677666E-04 1.271701154200036935E-03 1.137355964374077606E-03 1.384255342038370751E-03 1.275422530889940747E-03 1.000000000000000021E-03 1.000000000000000021E-03 1.000000000000000021E-03 1.000000000000000021E-03 1.000000000000000021E-03 1.000000000000000021E-03 1.000000000000000021E-03 1.000000000000000021E-03 1.000000000000000021E-03 1.000000000000000021E-03 1.000000000000000021E-03 1.000000000000000021E-03 1.000000000000000021E-03 1.000000000000000021E-03 1.000000000000000021E-03 1.000000000000000021E-03 1.000000000000000021E-03 1.000000000000000021E-03 1.000000000000000021E-03 1.000000000000000021E-03 1.000000000000000021E-03 1.000000000000000021E-03 1.000000000000000021E-03 1.000000000000000021E-03 1.000000000000000021E-03 1.000000000000000021E-03 1.000000000000000021E-03 1.000000000000000021E-03 1.000000000000000021E-03 1.000000000000000021E-03 1.000000000000000021E-03 1.000000000000000021E-03 1.000000000000000021E-03 1.000000000000000021E-03 1.000000000000000021E-03 1.000000000000000021E-03 1.000000000000000021E-03 1.000000000000000021E-03 1.000000000000000021E-03 1.000000000000000021E-03 1.000000000000000021E-03 1.000000000000000021E-03 1.000000000000000021E-03 1.000000000000000021E-03 1.000000000000000021E-03 1.000000000000000021E-03 1.000000000000000021E-03 1.000000000000000021E-03
1.000000000000000021E-03 1.472080620833676962E-03 1.271247963483960672E-03 1.170722162552477246E-03 1.199438074697613266E-03 1.263277104618273179E-03 1.238013379241864305E-03 1.610898393080848401E-03 1.864885690066045258E-03 1.766719300906775987E-03 1.630829917880557891E-03 1.453962109148682546E-03 1.699598849595117646E-03 1.943983448035621012E-03 1.583385020893633916E-03 1.611815113747551908E-03 1.000000000000000021E-03 1.000000000000000021E-03 1.000000000000000021E-03 1.000000000000000021E-03 1.000000000000000021E-03 1.000000000000000021E-03 1.000000000000000021E-03 1.000000000000000021E-03 1.000000000000000021E-03 1.000000000000000021E-03 1.000000000000000021E-03 1.000000000000000021E-03 1.000000000000000021E-03 1.000000000000000021E-03 1.000000000000000021E-03 1.000000000000000021E-03 1.000000000000000021E-03 1.000000000000000021E-03 1.000000000000000021E-03 1.000000000000000021E-03 1.000000000000000021E-03 1.000000000000000021E-03 1.000000000000000021E-03 1.000000000000000021E-03 1.000000000000000021E-03 1.000000000000000021E-03 1.000000000000000021E-03 1.000000000000000021E-03 1.000000000000000021E-03 1.000000000000000021E-03 1.000000000000000021E-03 1.000000000000000021E-03 1.000000000000000021E-03 1.000000000000000021E-03 1.000000000000000021E-03 1.000000000000000021E-03 1.000000000000000021E-03 1.000000000000000021E-03 1.000000000000000021E-03 1.000000000000000021E-03 1.000000000000000021E-03 1.000000000000000021E-03 1.000000000000000021E-03 1.000000000000000021E-03 1.000000000000000021E-03 1.000000000000000021E-03 1.000000000000000021E-03 1.000000000000000021E-03 1.000000000000000021E-03 1.000000000000000021E-03 1.000000000000000021E-03 1.000000000000000021E-03 1.000000000000000021E-03 1.000000000000000021E-03 1.000000000000000021E-03 1.000000000000000021E-03 1.000000000000000021E-03 1.000000000000000021E-03 1.000000000000000021E-03 1.000000000000000021E-03 1.000000000000000021E-03 1.000000000000000021E-03 1.000000000000000021E-03 1.000000000000000021E-03 1.000000000000000021E-03 1.000000000000000021E-03 1.000000000000000021E-03 1.000000000000000021E-03 1.000000000000000021E-03 1.000000000000000021E-03 1.000000000000000021E-03 1.000000000000000021E-03 1.000000000000000021E-03 1.000000000000000021E-03 1.000000000000000021E-03 1.000000000000000021E-03 9.770674167008986961E-04 8.563550303657675679E-04 8.804767539752619354E-04 9.270161803496423545E-04 9.280724941331317110E-04 1.099359358942716969E-03 1.182779460346679518E-03 1.246048447452433863E-03 1.277275387237893035E-03 1.384305144761407242E-03 1.034311601472885818E-03 1.000000000000000021E-03 1.000000000000000021E-03 1.000000000000000021E-03 1.000000000000000021E-03 1.000000000000000021E-03 1.000000000000000021E-03 1.000000000000000021E-03 1.000000000000000021E-03 1.000000000000000021E-03 1.000000000000000021E-03 1.000000000000000021E-03 1.000000000000000021E-03 1.000000000000000021E-03 1.000000000000000021E-03 1.000000000000000021E-03 1.000000000000000021E-03 1.000000000000000021E-03 1.000000000000000021E-03 1.000000000000000021E-03 1.000000000000000021E-03 1.000000000000000021E-03 1.000000000000000021E-03 1.000000000000000021E-03 1.000000000000000021E-03 1.000000000000000021E-03 1.000000000000000021E-03 1.000000000000000021E-03 1.000000000000000021E-03 1.000000000000000021E-03 1.000000000000000021E-03 1.000000000000000021E-03 1.000000000000000021E-03 1.000000000000000021E-03 1.000000000000000021E-03 1.000000000000000021E-03 1.000000000000000021E-03 1.000000000000000021E-03 1.000000000000000021E-03 1.000000000000000021E-03 1.000000000000000021E-03 1.000000000000000021E-03 1.000000000000000021E-03 1.000000000000000021E-03 1.000000000000000021E-03 1.000000000000000021E-03 1.000000000000000021E-03 1.000000000000000021E-03 1.000000000000000021E-03
1.000000000000000021E-03 1.680482628744453272E-03 1.611817088931733703E-03 1.193814334643249165E-03 1.323452772209473584E-03 1.275096090909431110E-03 1.073964798744856015E-03 1.248037019900562336E-03 1.224173393851451293E-03 1.217508443553050367E-03 1.313010583676718374E-03 1.699415525783566985E-03 1.836494766612881829E-03 1.686769576771537504E-03 1.000000000000000021E-03 1.000000000000000021E-03 1.000000000000000021E-03 1.000000000000000021E-03 1.000000000000000021E-03 1.000000000000000021E-03 1.000000000000000021E-03 1.000000000000000021E-03 1.000000000000000021E-03 1.000000000000000021E-03 1.000000000000000021E-03 1.000000000000000021E-03 1.000000000000000021E-03 1.000000000000000021E-03 1.000000000000000021E-03 1.000000000000000021E-03 1.000000000000000021E-03 1.000000000000000021E-03 1.000000000000000021E-03 1.000000000000000021E-03 1.000000000000000021E-03 1.000000000000000021E-03 1.000000000000000021E-03 1.000000000000000021E-03 1.000000000000000021E-03 1.000000000000000021E-03 1.000000000000000021E-03 1.000000000000000021E-03 1.000000000000000021E-03 1.000000000000000021E-03 1.000000000000000021E-03 1.000000000000000021E-03 1.000000000000000021E-03 1.000000000000000021E-03 1.000000000000000021E-03 1.000000000000000021E-03 1.000000000000000021E-03 1.000000000000000021E-03 1.000000000000000021E-03 1.000000000000000021E-03 1.000000000000000021E-03 1.000000000000000021E-03 1.000000000000000021E-03 1.000000000000000021E-03 1.000000000000000021E-03 1.000000000000000021E-03 1.000000000000000021E-03 1.000000000000000021E-03 1.000000000000000021E-03 1.000000000000000021E-03 1.000000000000000021E-03 1.000000000000000021E-03 1.000000000000000021E-03 1.000000000000000021E-03 1.000000000000000021E-03 1.000000000000000021E-03 1.000000000000000021E-03 1.000000000000000021E-03 1.000000000000000021E-03 1.000000000000000021E-03 1.000000000000000021E-03 1.000000000000000021E-03 1.000000000000000021E-03 1.000000000000000021E-03 1.000000000000000021E-03 1.000000000000000021E-03 1.000000000000000021E-03 1.000000000000000021E-03 1.000000000000000021E-03 1.000000000000000021E-03 1.000000000000000021E-03 1.000000000000000021E-03 1.000000000000000021E-03 1.000000000000000021E-03 1.000000000000000021E-03 1.000000000000000021E-03 1.000000000000000021E-03 1.000000000000000021E-03 1.000000000000000021E-03 7.789956293323860000E-04 8.100883700120662745E-04 1.100266317909405749E-03 6.382157511028552872E-04 9.011861743769056026E-04 1.087113434476021361E-03 1.134273680849916689E-03 1.168997363222895299E-03 1.194207354363448822E-03 1.390586777660875444E-03 1.000000000000000021E-03 1.000000000000000021E-03 1.000000000000000021E-03 1.000000000000000021E-03 1.000000000000000021E-03 1.000000000000000021E-03 1.000000000000000021E-03 1.000000000000000021E-03 1.000000000000000021E-03 1.000000000000000021E-03 1.000000000000000021E-03 1.000000000000000021E-03 1.000000000000000021E-03 1.000000000000000021E-03 1.000000000000000021E-03 1.000000000000000021E-03 1.000000000000000021E-03 1.000000000000000021E-03 1.000000000000000021E-03 1.000000000000000021E-03 1.000000000000000021E-03 1.000000000000000021E-03 1.000000000000000021E-03 1.000000000000000021E-03 1.000000000000000021E-03 1.000000000000000021E-03 1.000000000000000021E-03 1.000000000000000021E-03 1.000000000000000021E-03 1.000000000000000021E-03 1.000000000000000021E-03 1.000000000000000021E-03 1.000000000000000021E-03 1.000000000000000021E-03 1.000000000000000021E-03 1.000000000000000021E-03 1.000000000000000021E-03 1.000000000000000021E-03 1.000000000000000021E-03 1.000000000000000021E-03 1.000000000000000021E-03 1.000000000000000021E-03 1.000000000000000021E-03 1.000000000000000021E-03 1.000000000000000021E-03 1.000000000000000021E-03 1.000000000000000021E-03 1.000000000000000021E-03
2.007512101490717665E-03 1.710601290304104068E-03 1.362825478018707967E-03 1.332318789807255708E-03 1.353562618842685640E-03 1.205528185134476958E-03 1.008326849649230240E-03 1.196742859171705557E-03 1.367550974247993189E-03 1.178061665641697573E-03 1.216951759847383335E-03 1.453783178969120498E-03 1.453662097510477437E-03 1.000000000000000021E-03 1.000000000000000021E-03 1.000000000000000021E-03 1.000000000000000021E-03 1.000000000000000021E-03 1.000000000000000021E-03 1.000000000000000021E-03 1.000000000000000021E-03 1.000000000000000021E-03 1.000000000000000021E-03 1.000000000000000021E-03 1.000000000000000021E-03 1.000000000000000021E-03 1.000000000000000021E-03 1.000000000000000021E-03 1.000000000000000021E-03 1.000000000000000021E-03 1.000000000000000021E-03 1.000000000000000021E-03 1.000000000000000021E-03 1.000000000000000021E-03 1.000000000000000021E-03 1.000000000000000021E-03 1.000000000000000021E-03 1.000000000000000021E-03 1.000000000000000021E-03 1.000000000000000021E-03 1.000000000000000021E-03 1.000000000000000021E-03 1.000000000000000021E-03 1.000000000000000021E-03 1.000000000000000021E-03 1.000000000000000021E-03 1.000000000000000021E-03 1.000000000000000021E-03 1.000000000000000021E-03 1.000000000000000021E-03 1.000000000000000021E-03 1.000000000000000021E-03 1.000000000000000021E-03 1.000000000000000021E-03 1.000000000000000021E-03 1.000000000000000021E-03 1.000000000000000021E-03 1.000000000000000021E-03 1.000000000000000021E-03 1.000000000000000021E-03 1.000000000000000021E-03 1.000000000000000021E-03 1.000000000000000021E-03 1.000000000000000021E-03 1.000000000000000021E-03 1.000000000000000021E-03 1.000000000000000021E-03 1.000000000000000021E-03 1.000000000000000021E-03 1.000000000000000021E-03 1.000000000000000021E-03 1.000000000000000021E-03 1.000000000000000021E-03 1.000000000000000021E-03 1.000000000000000021E-03 1.000000000000000021E-03 1.000000000000000021E-03 1.000000000000000021E-03 1.000000000000000021E-03 1.000000000000000021E-03 1.000000000000000021E-03 1.000000000000000021E-03 1.000000000000000021E-03 1.000000000000000021E-03 1.000000000000000021E-03 1.000000000000000021E-03 1.000000000000000021E-03 1.000000000000000021E-03 1.000000000000000021E-03 1.000000000000000021E-03 1.000000000000000021E-03 1.000000000000000021E-03 1.000000000000000021E-03 1.000000000000000021E-03 7.893953144025705202E-04 7.123739953914690970E-04 6.380856892150895548E-04 7.796167596449397365E-04 9.449122073344662278E-04 1.210389579046974081E-03 1.203985285463636101E-03 1.342044005567321046E-03 1.467918515440224704E-03 1.000000000000000021E-03 1.000000000000000021E-03 1.000000000000000021E-03 1.000000000000000021E-03 1.000000000000000021E-03 1.000000000000000021E-03 1.000000000000000021E-03 1.000000000000000021E-03 1.000000000000000021E-03 1.000000000000000021E-03 1.000000000000000021E-03 1.000000000000000021E-03 1.000000000000000021E-03 1.000000000000000021E-03 1.000000000000000021E-03 1.000000000000000021E-03 1.000000000000000021E-03 1.000000000000000021E-03 1.000000000000000021E-03 1.000000000000000021E-03 1.000000000000000021E-03 1.000000000000000021E-03 1.000000000000000021E-03 1.000000000000000021E-03 1.000000000000000021E-03 1.000000000000000021E-03 1.000000000000000021E-03 1.000000000000000021E-03 1.000000000000000021E-03 1.000000000000000021E-03 1.000000000000000021E-03 1.000000000000000021E-03 1.000000000000000021E-03 1.000000000000000021E-03 1.000000000000000021E-03 1.000000000000000021E-03 1.000000000000000021E-03 1.000000000000000021E-03 1.000000000000000021E-03 1.000000000000000021E-03 1.000000000000000021E-03 1.000000000000000021E-03 1.000000000000000021E-03 1.000000000000000021E-03 1.000000000000000021E-03 1.000000000000000021E-03 1.000000000000000021E-03 1.000000000000000021E-03
1.632352355795154298E-03 1.747834229392096657E-03 1.483781829500663675E-03 1.314899939284312888E-03 1.268503520708050281E-03 1.047270928964736400E-03 8.979591537680822917E-04 1.190270352477155102E-03 1.440743635140375812E-03 1.061314797494272927E-03 1.135540594026863276E-03 1.451548893406924817E-03 1.000000000000000021E-03 1.000000000000000021E-03 1.000000000000000021E-03 1.000000000000000021E-03 1.000000000000000021E-03 1.000000000000000021E-03 1.000000000000000021E-03 1.000000000000000021E-03 1.000000000000000021E-03 1.000000000000000021E-03 1.000000000000000021E-03 1.000000000000000021E-03 1.000000000000000021E-03 1.000000000000000021E-03 1.000000000000000021E-03 1.000000000000000021E-03 1.000000000000000021E-03 1.000000000000000021E-03 1.000000000000000021E-03 1.000000000000000021E-03 1.000000000000000021E-03 1.000000000000000021E-03 1.000000000000000021E-03 1.000000000000000021E-03 1.000000000000000021E-03 1.000000000000000021E-03 1.000000000000000021E-03 1.000000000000000021E-03 1.000000000000000021E-03 1.000000000000000021E-03 1.000000000000000021E-03 1.000000000000000021E-03 1.000000000000000021E-03 1.000000000000000021E-03 1.000000000000000021E-03 1.000000000000000021E-03 1.000000000000000021E-03 1.000000000000000021E-03 1.000000000000000021E-03 1.000000000000000021E-03 1.000000000000000021E-03 1.000000000000000021E-03 1.000000000000000021E-03 1.000000000000000021E-03 1.000000000000000021E-03 1.000000000000000021E-03 1.000000000000000021E-03 1.000000000000000021E-03 1.000000000000000021E-03 1.000000000000000021E-03 1.000000000000000021E-03 1.000000000000000021E-03 1.000000000000000021E-03 1.000000000000000021E-03 1.000000000000000021E-03 1.000000000000000021E-03 1.000000000000000021E-03 1.000000000000000021E-03 1.000000000000000021E-03 1.000000000000000021E-03 1.000000000000000021E-03 1.000000000000000021E-03 1.000000000000000021E-03 1.000000000000000021E-03 1.000000000000000021E-03 1.000000000000000021E-03 1.000000000000000021E-03 1.000000000000000021E-03 1.000000000000000021E-03 1.000000000000000021E-03 1.000000000000000021E-03 1.000000000000000021E-03 1.000000000000000021E-03 1.000000000000000021E-03 1.000000000000000021E-03 1.000000000000000021E-03 1.000000000000000021E-03 1.000000000000000021E-03 1.000000000000000021E-03 1.000000000000000021E-03 1.000000000000000021E-03 1.000000000000000021E-03 7.676515591325806754E-04 6.475018500824303172E-04 7.523847645717965382E-04 8.939623972807394375E-04 1.143022732821552404E-03 9.935186552259573506E-04 1.035256857063391418E-03 1.337779712023571491E-03 1.341106537057519879E-03 1.000000000000000021E-03 1.000000000000000021E-03 1.000000000000000021E-03 1.000000000000000021E-03 1.000000000000000021E-03 1.000000000000000021E-03 1.000000000000000021E-03 1.000000000000000021E-03 1.000000000000000021E-03 1.000000000000000021E-03 1.000000000000000021E-03 1.000000000000000021E-03 1.000000000000000021E-03 1.000000000000000021E-03 1.000000000000000021E-03 1.000000000000000021E-03 1.000000000000000021E-03 1.000000000000000021E-03 1.000000000000000021E-03 1.000000000000000021E-03 1.000000000000000021E-03 1.000000000000000021E-03 1.000000000000000021E-03 1.000000000000000021E-03 1.000000000000000021E-03 1.000000000000000021E-03 1.000000000000000021E-03 1.000000000000000021E-03 1.000000000000000021E-03 1.000000000000000021E-03 1.000000000000000021E-03 1.000000000000000021E-03 1.000000000000000021E-03 1.000000000000000021E-03 1.000000000000000021E-03 1.000000000000000021E-03 1.000000000000000021E-03 1.000000000000000021E-03 1.000000000000000021E-03 1.000000000000000021E-03 1.000000000000000021E-03 1.000000000000000021E-03 1.000000000000000021E-03 1.000000000000000021E-03 1.000000000000000021E-03 1.000000000000000021E-03 1.000000000000000021E-03 1.000000000000000021E-03
1.471700628570489109E-03 1.157575165116216153E-03 1.256025051453620901E-03 1.182350120908187089E-03 1.208947171900225971E-03 9.415347014382091130E-04 1.220051705656059401E-03 1.067351783414779032E-03 1.095356879812537298E-03 1.081496823196907492E-03 1.216489551718910860E-03 1.000000000000000021E-03 1.000000000000000021E-03 1.000000000000000021E-03 1.000000000000000021E-03 1.000000000000000021E-03 1.000000000000000021E-03 1.000000000000000021E-03 1.000000000000000021E-03 1.000000000000000021E-03 1.000000000000000021E-03 1.000000000000000021E-03 1.000000000000000021E-03 1.000000000000000021E-03 1.000000000000000021E-03 1.000000000000000021E-03 1.000000000000000021E-03 1.000000000000000021E-03 1.000000000000000021E-03 1.000000000000000021E-03 1.000000000000000021E-03 1.000000000000000021E-03 1.000000000000000021E-03 1.000000000000000021E-03 1.000000000000000021E-03 1.000000000000000021E-03 1.000000000000000021E-03 1.000000000000000021E-03 1.000000000000000021E-03 1.000000000000000021E-03 1.000000000000000021E-03 1.000000000000000021E-03 1.000000000000000021E-03 1.000000000000000021E-03 1.000000000000000021E-03 1.000000000000000021E-03 1.000000000000000021E-03 1.000000000000000021E-03 1.000000000000000021E-03 1.000000000000000021E-03 1.000000000000000021E-03 1.000000000000000021E-03 1.000000000000000021E-03 1.000000000000000021E-03 1.000000000000000021E-03 1.000000000000000021E-03 1.000000000000000021E-03 1.000000000000000021E-03 1.000000000000000021E-03 1.000000000000000021E-03 1.000000000000000021E-03 1.000000000000000021E-03 1.000000000000000021E-03 1.000000000000000021E-03 1.000000000000000021E-03 1.000000000000000021E-03 1.000000000000000021E-03 1.000000000000000021E-03 1.000000000000000021E-03 1.000000000000000021E-03 1.000000000000000021E-03 1.000000000000000021E-03 1.000000000000000021E-03 1.000000000000000021E-03 1.000000000000000021E-03 1.000000000000000021E-03 1.000000000000000021E-03 1.000000000000000021E-03 1.000000000000000021E-03 1.000000000000000021E-03 1.000000000000000021E-03 1.000000000000000021E-03 1.000000000000000021E-03 1.000000000000000021E-03 1.000000000000000021E-03 1.000000000000000021E-03 1.000000000000000021E-03 1.000000000000000021E-03 1.000000000000000021E-03 1.000000000000000021E-03 1.000000000000000021E-03 1.000000000000000021E-03 1.000000000000000021E-03 1.000000000000000021E-03 1.000000000000000021E-03 9.286938239370803134E-04 1.043273603369580804E-03 1.135435109498311203E-03 1.016975090352205359E-03 9.928094733148047635E-04 1.050268133687949634E-03 1.225626749781629204E-03 1.339086489255850426E-03 1.000000000000000021E-03 1.000000000000000021E-03 1.000000000000000021E-03 1.000000000000000021E-03 1.000000000000000021E-03 1.000000000000000021E-03 1.000000000000000021E-03 1.000000000000000021E-03 1.000000000000000021E-03 1.000000000000000021E-03 1.000000000000000021E-03 1.000000000000000021E-03 1.000000000000000021E-03 1.000000000000000021E-03 1.000000000000000021E-03 1.000000000000000021E-03 1.000000000000000021E-03 1.000000000000000021E-03 1.000000000000000021E-03 1.000000000000000021E-03 1.000000000000000021E-03 1.000000000000000021E-03 1.000000000000000021E-03 1.000000000000000021E-03 1.000000000000000021E-03 1.000000000000000021E-03 1.000000000000000021E-03 1.000000000000000021E-03 1.000000000000000021E-03 1.000000000000000021E-03 1.000000000000000021E-03 1.000000000000000021E-03 1.000000000000000021E-03 1.000000000000000021E-03 1.000000000000000021E-03 1.000000000000000021E-03 1.000000000000000021E-03 1.000000000000000021E-03 1.000000000000000021E-03 1.000000000000000021E-03 1.000000000000000021E-03 1.000000000000000021E-03 1.000000000000000021E-03 1.000000000000000021E-03 1.000000000000000021E-03 1.000000000000000021E-03 1.000000000000000021E-03 1.000000000000000021E-03
1.193693879341892932E-03 1.098894014633218681E-03 1.117991959655663349E-03 1.070279294340819014E-03 1.324412822193139815E-03 1.137833804007070326E-03 1.197434963765414955E-03 1.260932861057828753E-03 1.015143856505202084E-03 1.000000000000000021E-03 1.000000000000000021E-03 1.000000000000000021E-03 1.000000000000000021E-03 1.000000000000000021E-03 1.000000000000000021E-03 1.000000000000000021E-03 1.000000000000000021E-03 1.000000000000000021E-03 1.000000000000000021E-03 1.000000000000000021E-03 1.000000000000000021E-03 1.000000000000000021E-03 1.000000000000000021E-03 1.000000000000000021E-03 1.000000000000000021E-03 1.000000000000000021E-03 1.000000000000000021E-03 1.000000000000000021E-03 1.000000000000000021E-03 1.000000000000000021E-03 1.000000000000000021E-03 1.000000000000000021E-03 1.000000000000000021E-03 1.000000000000000021E-03 1.000000000000000021E-03 1.000000000000000021E-03 1.000000000000000021E-03 1.000000000000000021E-03 1.000000000000000021E-03 1.000000000000000021E-03 1.000000000000000021E-03 1.000000000000000021E-03 1.000000000000000021E-03 1.000000000000000021E-03 1.000000000000000021E-03 1.000000000000000021E-03 1.000000000000000021E-03 1.000000000000000021E-03 1.000000000000000021E-03 1.000000000000000021E-03 1.000000000000000021E-03 1.000000000000000021E-03 1.000000000000000021E-03 1.000000000000000021E-03 1.000000000000000021E-03 1.000000000000000021E-03 1.000000000000000021E-03 1.000000000000000021E-03 1.000000000000000021E-03 1.000000000000000021E-03 1.000000000000000021E-03 1.000000000000000021E-03 1.000000000000000021E-03 1.000000000000000021E-03 1.000000000000000021E-03 1.000000000000000021E-03 1.000000000000000021E-03 1.000000000000000021E-03 1.000000000000000021E-03 1.000000000000000021E-03 1.000000000000000021E-03 1.000000000000000021E-03 1.000000000000000021E-03 1.000000000000000021E-03 1.000000000000000021E-03 1.000000000000000021E-03 1.000000000000000021E-03 1.000000000000000021E-03 1.000000000000000021E-03 1.000000000000000021E-03 1.000000000000000021E-03 1.000000000000000021E-03 1.000000000000000021E-03 1.000000000000000021E-03 1.000000000000000021E-03 1.000000000000000021E-03 1.000000000000000021E-03 1.000000000000000021E-03 1.000000000000000021E-03 1.000000000000000021E-03 1.000000000000000021E-03 1.000000000000000021E-03 1.000000000000000021E-03 1.000000000000000021E-03 1.000000000000000021E-03 1.122289863300045655E-03 1.211459237157289917E-03 1.218230362121609225E-03 1.198488228891103060E-03 1.073953498697436748E-03 9.192138958002685949E-04 1.111736246202040196E-03 1.102600679800177326E-03 1.000000000000000021E-03 1.000000000000000021E-03 1.000000000000000021E-03 1.000000000000000021E-03 1.000000000000000021E-03 1.000000000000000021E-03 1.000000000000000021E-03 1.000000000000000021E-03 1.000000000000000021E-03 1.000000000000000021E-03 1.000000000000000021E-03 1.000000000000000021E-03 1.000000000000000021E-03 1.000000000000000021E-03 1.000000000000000021E-03 1.000000000000000021E-03 1.000000000000000021E-03 1.000000000000000021E-03 1.000000000000000021E-03 1.000000000000000021E-03 1.000000000000000021E-03 1.000000000000000021E-03 1.000000000000000021E-03 1.000000000000000021E-03 1.000000000000000021E-03 1.000000000000000021E-03 1.000000000000000021E-03 1.000000000000000021E-03 1.000000000000000021E-03 1.000000000000000021E-03 1.000000000000000021E-03 1.000000000000000021E-03 1.000000000000000021E-03 1.000000000000000021E-03 1.000000000000000021E-03 1.000000000000000021E-03 1.000000000000000021E-03 1.000000000000000021E-03 1.000000000000000021E-03 1.000000000000000021E-03 1.000000000000000021E-03 1.000000000000000021E-03 1.000000000000000021E-03 1.000000000000000021E-03 1.000000000000000021E-03 1.000000000000000021E-03 1.000000000000000021E-03 1.000000000000000021E-03
1.096066630981033622E-03 1.144851443894412011E-03 9.790830886623118172E-04 1.196571782585770065E-03 1.457894476501914692E-03 1.302623283084663281E-03 1.268638070908112165E-03 1.000000000000000021E-03 1.000000000000000021E-03 1.000000000000000021E-03 1.000000000000000021E-03 1.000000000000000021E-03 1.000000000000000021E-03 1.000000000000000021E-03 1.000000000000000021E-03 1.000000000000000021E-03 1.000000000000000021E-03 1.000000000000000021E-03 1.000000000000000021E-03 1.000000000000000021E-03 1.000000000000000021E-03 1.000000000000000021E-03 1.000000000000000021E-03 1.000000000000000021E-03 1.000000000000000021E-03 1.000000000000000021E-03 1.000000000000000021E-03 1.000000000000000021E-03 1.000000000000000021E-03 1.000000000000000021E-03 1.000000000000000021E-03 1.000000000000000021E-03 1.000000000000000021E-03 1.000000000000000021E-03 1.000000000000000021E-03 1.000000000000000021E-03 1.000000000000000021E-03 1.000000000000000021E-03 1.000000000000000021E-03 1.000000000000000021E-03 1.000000000000000021E-03 1.000000000000000021E-03 1.000000000000000021E-03 1.000000000000000021E-03 1.000000000000000021E-03 1.000000000000000021E-03 1.000000000000000021E-03 1.000000000000000021E-03 1.000000000000000021E-03 1.000000000000000021E-03 1.000000000000000021E-03 1.000000000000000021E-03 1.000000000000000021E-03 1.000000000000000021E-03 1.000000000000000021E-03 1.000000000000000021E-03 1.000000000000000021E-03 1.000000000000000021E-03 1.000000000000000021E-03 1.000000000000000021E-03 1.000000000000000021E-03 1.000000000000000021E-03 1.000000000000000021E-03 1.000000000000000021E-03 1.000000000000000021E-03 1.000000000000000021E-03 1.000000000000000021E-03 1.000000000000000021E-03 1.000000000000000021E-03 1.000000000000000021E-03 1.000000000000000021E-03 1.000000000000000021E-03 1.000000000000000021E-03 1.000000000000000021E-03 1.000000000000000021E-03 1.000000000000000021E-03 1.000000000000000021E-03 1.000000000000000021E-03 1.000000000000000021E-03 1.000000000000000021E-03 1.000000000000000021E-03 1.000000000000000021E-03 1.000000000000000021E-03 1.000000000000000021E-03 1.000000000000000021E-03 1.000000000000000021E-03 1.000000000000000021E-03 1.000000000000000021E-03 1.000000000000000021E-03 1.000000000000000021E-03 1.000000000000000021E-03 1.000000000000000021E-03 1.000000000000000021E-03 1.000000000000000021E-03 1.000000000000000021E-03 1.315947993816927010E-03 1.188285778526705638E-03 9.166831754216070959E-04 1.053621089696840912E-03 9.594817632570924954E-04 8.566986710251862924E-04 7.899398650759361512E-04 7.958518289697210811E-04 1.000000000000000021E-03 1.000000000000000021E-03 1.000000000000000021E-03 1.000000000000000021E-03 1.000000000000000021E-03 1.000000000000000021E-03 1.000000000000000021E-03 1.000000000000000021E-03 1.000000000000000021E-03 1.000000000000000021E-03 1.000000000000000021E-03 1.000000000000000021E-03 1.000000000000000021E-03 1.000000000000000021E-03 1.000000000000000021E-03 1.000000000000000021E-03 1.000000000000000021E-03 1.000000000000000021E-03 1.000000000000000021E-03 1.000000000000000021E-03 1.000000000000000021E-03 1.000000000000000021E-03 1.000000000000000021E-03 1.000000000000000021E-03 1.000000000000000021E-03 1.000000000000000021E-03 1.000000000000000021E-03 1.000000000000000021E-03 1.000000000000000021E-03 1.000000000000000021E-03 1.000000000000000021E-03 1.000000000000000021E-03 1.000000000000000021E-03 1.000000000000000021E-03 1.000000000000000021E-03 1.000000000000000021E-03 1.000000000000000021E-03 1.000000000000000021E-03 1.000000000000000021E-03 1.000000000000000021E-03 1.000000000000000021E-03 1.000000000000000021E-03 1.000000000000000021E-03 1.000000000000000021E-03 1.000000000000000021E-03 1.000000000000000021E-03 1.000000000000000021E-03 1.000000000000000021E-03
1.285833895353812473E-03 1.279652512415642516E-03 9.915341801799626084E-04 1.178179531587873665E-03 1.380911807337828826E-03 1.000000000000000021E-03 1.000000000000000021E-03 1.000000000000000021E-03 1.000000000000000021E-03 1.000000000000000021E-03 1.000000000000000021E-03 1.000000000000000021E-03 1.000000000000000021E-03 1.000000000000000021E-03 1.000000000000000021E-03 1.000000000000000021E-03 1.000000000000000021E-03 1.000000000000000021E-03 1.000000000000000021E-03 1.000000000000000021E-03 1.000000000000000021E-03 1.000000000000000021E-03 1.000000000000000021E-03 1.000000000000000021E-03 1.000000000000000021E-03 1.000000000000000021E-03 1.000000000000000021E-03 1.000000000000000021E-03 1.000000000000000021E-03 1.000000000000000021E-03 1.000000000000000021E-03 1.000000000000000021E-03 1.000000000000000021E-03 1.000000000000000021E-03 1.000000000000000021E-03 1.000000000000000021E-03 1.000000000000000021E-03 1.000000000000000021E-03 1.000000000000000021E-03 1.000000000000000021E-03 1.000000000000000021E-03 1.000000000000000021E-03 1.000000000000000021E-03 1.000000000000000021E-03 1.000000000000000021E-03 1.000000000000000021E-03 1.000000000000000021E-03 1.000000000000000021E-03 1.000000000000000021E-03 1.000000000000000021E-03 1.000000000000000021E-03 1.000000000000000021E-03 1.000000000000000021E-03 1.000000000000000021E-03 1.000000000000000021E-03 1.000000000000000021E-03 1.000000000000000021E-03 1.000000000000000021E-03 1.000000000000000021E-03 1.000000000000000021E-03 1.000000000000000021E-03 1.000000000000000021E-03 1.000000000000000021E-03 1.000000000000000021E-03 1.000000000000000021E-03 1.000000000000000021E-03 1.000000000000000021E-03 1.000000000000000021E-03 1.000000000000000021E-03 1.000000000000000021E-03 1.000000000000000021E-03 1.000000000000000021E-03 1.000000000000000021E-03 1.000000000000000021E-03 1.000000000000000021E-03 1.000000000000000021E-03 1.000000000000000021E-03 1.000000000000000021E-03 1.000000000000000021E-03 1.000000000000000021E-03 1.000000000000000021E-03 1.000000000000000021E-03 1.000000000000000021E-03 1.000000000000000021E-03 1.000000000000000021E-03 1.000000000000000021E-03 1.000000000000000021E-03 1.000000000000000021E-03 1.000000000000000021E-03 1.000000000000000021E-03 1.000000000000000021E-03 1.000000000000000021E-03 1.000000000000000021E-03 1.000000000000000021E-03 1.000000000000000021E-03 1.101218868668125224E-03 1.242254460621211457E-03 1.333888702901296066E-03 1.140933896003263779E-03 9.493608753927414807E-04 8.014410571223042415E-04 8.105524742908599240E-04 7.720392145199386769E-04 1.000000000000000021E-03 1.000000000000000021E-03 1.000000000000000021E-03 1.000000000000000021E-03 1.000000000000000021E-03 1.000000000000000021E-03 1.000000000000000021E-03 1.000000000000000021E-03 1.000000000000000021E-03 1.000000000000000021E-03 1.000000000000000021E-03 1.000000000000000021E-03 1.000000000000000021E-03 1.000000000000000021E-03 1.000000000000000021E-03 1.000000000000000021E-03 1.000000000000000021E-03 1.000000000000000021E-03 1.000000000000000021E-03 1.000000000000000021E-03 1.000000000000000021E-03 1.000000000000000021E-03 1.000000000000000021E-03 1.000000000000000021E-03 1.000000000000000021E-03 1.000000000000000021E-03 1.000000000000000021E-03 1.000000000000000021E-03 1.000000000000000021E-03 1.000000000000000021E-03 1.000000000000000021E-03 1.000000000000000021E-03 1.000000000000000021E-03 1.000000000000000021E-03 1.000000000000000021E-03 1.000000000000000021E-03 1.000000000000000021E-03 1.000000000000000021E-03 1.000000000000000021E-03 1.000000000000000021E-03 1.000000000000000021E-03 1.000000000000000021E-03 1.000000000000000021E-03 1.000000000000000021E-03 1.000000000000000021E-03 1.000000000000000021E-03 1.000000000000000021E-03 1.000000000000000021E-03
1.372097247571917684E-03 1.415492465194235095E-03 1.049393284661382817E-03 1.000000000000000021E-03 1.000000000000000021E-03 1.000000000000000021E-03 1.000000000000000021E-03 1.000000000000000021E-03 1.000000000000000021E-03 1.000000000000000021E-03 1.000000000000000021E-03 1.000000000000000021E-03 1.000000000000000021E-03 1.000000000000000021E-03 1.000000000000000021E-03 1.000000000000000021E-03 1.000000000000000021E-03 1.000000000000000021E-03 1.000000000000000021E-03 1.000000000000000021E-03 1.000000000000000021E-03 1.000000000000000021E-03 1.000000000000000021E-03 1.000000000000000021E-03 1.000000000000000021E-03 1.000000000000000021E-03 1.000000000000000021E-03 1.000000000000000021E-03 1.000000000000000021E-03 1.000000000000000021E-03 1.000000000000000021E-03 1.000000000000000021E-03 1.000000000000000021E-03 1.000000000000000021E-03 1.000000000000000021E-03 1.000000000000000021E-03 1.000000000000000021E-03 1.000000000000000021E-03 1.000000000000000021E-03 1.000000000000000021E-03 1.000000000000000021E-03 1.000000000000000021E-03 1.000000000000000021E-03 1.000000000000000021E-03 1.000000000000000021E-03 1.000000000000000021E-03 1.000000000000000021E-03 1.000000000000000021E-03 1.000000000000000021E-03 1.000000000000000021E-03 1.000000000000000021E-03 1.000000000000000021E-03 1.000000000000000021E-03 1.000000000000000021E-03 1.000000000000000021E-03 1.000000000000000021E-03 1.000000000000000021E-03 1.000000000000000021E-03 1.000000000000000021E-03 1.000000000000000021E-03 1.000000000000000021E-03 1.000000000000000021E-03 1.000000000000000021E-03 1.000000000000000021E-03 1.000000000000000021E-03 1.000000000000000021E-03 1.000000000000000021E-03 1.000000000000000021E-03 1.000000000000000021E-03 1.000000000000000021E-03 1.000000000000000021E-03 1.000000000000000021E-03 1.000000000000000021E-03 1.000000000000000021E-03 1.000000000000000021E-03 1.000000000000000021E-03 1.000000000000000021E-03 1.000000000000000021E-03 1.000000000000000021E-03 1.000000000000000021E-03 1.000000000000000021E-03 1.000000000000000021E-03 1.000000000000000021E-03 1.000000000000000021E-03 1.000000000000000021E-03 1.000000000000000021E-03 1.000000000000000021E-03 1.000000000000000021E-03 1.000000000000000021E-03 1.000000000000000021E-03 1.000000000000000021E-03 1.000000000000000021E-03 1.000000000000000021E-03 1.000000000000000021E-03 1.000000000000000021E-03 1.000000000000000021E-03 1.374574373692986212E-03 1.401154789820750627E-03 1.049592151819516393E-03 1.034993771631283069E-03 8.478828857239428633E-04 8.286333053617543892E-04 7.482640635316324326E-04 1.000000000000000021E-03 1.000000000000000021E-03 1.000000000000000021E-03 1.000000000000000021E-03 1.000000000000000021E-03 1.000000000000000021E-03 1.000000000000000021E-03 1.000000000000000021E-03 1.000000000000000021E-03 1.000000000000000021E-03 1.000000000000000021E-03 1.000000000000000021E-03 1.000000000000000021E-03 1.000000000000000021E-03 1.000000000000000021E-03 1.000000000000000021E-03 1.000000000000000021E-03 1.000000000000000021E-03 1.000000000000000021E-03 1.000000000000000021E-03 1.000000000000000021E-03 1.000000000000000021E-03 1.000000000000000021E-03 1.000000000000000021E-03 1.000000000000000021E-03 1.000000000000000021E-03 1.000000000000000021E-03 1.000000000000000021E-03 1.000000000000000021E-03 1.000000000000000021E-03 1.000000000000000021E-03 1.000000000000000021E-03 1.000000000000000021E-03 1.000000000000000021E-03 1.000000000000000021E-03 1.000000000000000021E-03 1.000000000000000021E-03 1.000000000000000021E-03 1.000000000000000021E-03 1.000000000000000021E-03 1.000000000000000021E-03 1.000000000000000021E-03 1.000000000000000021E-03 1.000000000000000021E-03 1.000000000000000021E-03 1.000000000000000021E-03 1.000000000000000021E-03 1.000000000000000021E-03
1.000000000000000021E-03 1.000000000000000021E-03 1.000000000000000021E-03 1.000000000000000021E-03 1.000000000000000021E-03 1.000000000000000021E-03 1.000000000000000021E-03 1.000000000000000021E-03 1.000000000000000021E-03 1.000000000000000021E-03 1.000000000000000021E-03 1.000000000000000021E-03 1.000000000000000021E-03 1.000000000000000021E-03 1.000000000000000021E-03 1.000000000000000021E-03 1.000000000000000021E-03 1.000000000000000021E-03 1.000000000000000021E-03 1.000000000000000021E-03 1.000000000000000021E-03 1.000000000000000021E-03 1.000000000000000021E-03 1.000000000000000021E-03 1.000000000000000021E-03 1.000000000000000021E-03 1.000000000000000021E-03 1.000000000000000021E-03 1.000000000000000021E-03 1.000000000000000021E-03 1.000000000000000021E-03 1.000000000000000021E-03 1.000000000000000021E-03 1.000000000000000021E-03 1.000000000000000021E-03 1.000000000000000021E-03 1.000000000000000021E-03 1.000000000000000021E-03 1.000000000000000021E-03 1.000000000000000021E-03 1.000000000000000021E-03 1.000000000000000021E-03 1.000000000000000021E-03 1.000000000000000021E-03 1.000000000000000021E-03 1.000000000000000021E-03 1.000000000000000021E-03 1.000000000000000021E-03 1.000000000000000021E-03 1.000000000000000021E-03 1.000000000000000021E-03 1.000000000000000021E-03 1.000000000000000021E-03 1.000000000000000021E-03 1.000000000000000021E-03 1.000000000000000021E-03 1.000000000000000021E-03 1.000000000000000021E-03 1.000000000000000021E-03 1.000000000000000021E-03 1.000000000000000021E-03 1.000000000000000021E-03 1.000000000000000021E-03 1.000000000000000021E-03 1.000000000000000021E-03 1.000000000000000021E-03 1.000000000000000021E-03 1.000000000000000021E-03 1.000000000000000021E-03 1.000000000000000021E-03 1.000000000000000021E-03 1.000000000000000021E-03 1.000000000000000021E-03 1.000000000000000021E-03 1.000000000000000021E-03 1.000000000000000021E-03 1.000000000000000021E-03 1.000000000000000021E-03 1.000000000000000021E-03 1.000000000000000021E-03 1.000000000000000021E-03 1.000000000000000021E-03 1.000000000000000021E-03 1.000000000000000021E-03 1.000000000000000021E-03 1.000000000000000021E-03 1.000000000000000021E-03 1.000000000000000021E-03 1.000000000000000021E-03 1.000000000000000021E-03 1.000000000000000021E-03 1.000000000000000021E-03 1.000000000000000021E-03 1.000000000000000021E-03 1.000000000000000021E-03 1.000000000000000021E-03 1.664304624635290454E-03 1.330777772184224550E-03 1.508218536743232080E-03 1.047568538542263542E-03 1.033432214299888742E-03 9.402027943337714017E-04 8.570806314430010498E-04 1.000000000000000021E-03 1.000000000000000021E-03 1.000000000000000021E-03 1.000000000000000021E-03 1.000000000000000021E-03 1.000000000000000021E-03 1.000000000000000021E-03 1.000000000000000021E-03 1.000000000000000021E-03 1.000000000000000021E-03 1.000000000000000021E-03 1.000000000000000021E-03 1.000000000000000021E-03 1.000000000000000021E-03 1.000000000000000021E-03 1.000000000000000021E-03 1.000000000000000021E-03 1.000000000000000021E-03 1.000000000000000021E-03 1.000000000000000021E-03 1.000000000000000021E-03 1.000000000000000021E-03 1.000000000000000021E-03 1.000000000000000021E-03 1.000000000000000021E-03 1.000000000000000021E-03 1.000000000000000021E-03 1.000000000000000021E-03 1.000000000000000021E-03 1.000000000000000021E-03 1.000000000000000021E-03 1.000000000000000021E-03 1.000000000000000021E-03 1.000000000000000021E-03 1.000000000000000021E-03 1.000000000000000021E-03 1.000000000000000021E-03 1.000000000000000021E-03 1.000000000000000021E-03 1.000000000000000021E-03 1.000000000000000021E-03 1.000000000000000021E-03 1.000000000000000021E-03 1.000000000000000021E-03 1.000000000000000021E-03 1.000000000000000021E-03 1.000000000000000021E-03 1.000000000000000021E-03
1.000000000000000021E-03 1.000000000000000021E-03 1.000000000000000021E-03 1.000000000000000021E-03 1.000000000000000021E-03 1.000000000000000021E-03 1.000000000000000021E-03 1.000000000000000021E-03 1.000000000000000021E-03 1.000000000000000021E-03 1.000000000000000021E-03 1.000000000000000021E-03 1.000000000000000021E-03 1.000000000000000021E-03 1.000000000000000021E-03 1.000000000000000021E-03 1.000000000000000021E-03 1.000000000000000021E-03 1.000000000000000021E-03 1.000000000000000021E-03 1.000000000000000021E-03 1.000000000000000021E-03 1.000000000000000021E-03 1.000000000000000021E-03 1.000000000000000021E-03 1.000000000000000021E-03 1.000000000000000021E-03 1.000000000000000021E-03 1.000000000000000021E-03 1.000000000000000021E-03 1.000000000000000021E-03 1.000000000000000021E-03 1.000000000000000021E-03 1.000000000000000021E-03 1.000000000000000021E-03 1.000000000000000021E-03 1.000000000000000021E-03 1.000000000000000021E-03 1.000000000000000021E-03 1.000000000000000021E-03 1.000000000000000021E-03 1.000000000000000021E-03 1.000000000000000021E-03 1.000000000000000021E-03 1.000000000000000021E-03 1.000000000000000021E-03 1.000000000000000021E-03 1.000000000000000021E-03 1.000000000000000021E-03 1.000000000000000021E-03 1.000000000000000021E-03 1.000000000000000021E-03 1.000000000000000021E-03 1.000000000000000021E-03 1.000000000000000021E-03 1.000000000000000021E-03 1.000000000000000021E-03 1.000000000000000021E-03 1.000000000000000021E-03 1.000000000000000021E-03 1.000000000000000021E-03 1.000000000000000021E-03 1.000000000000000021E-03 1.000000000000000021E-03 1.000000000000000021E-03 1.000000000000000021E-03 1.000000000000000021E-03 1.000000000000000021E-03 1.000000000000000021E-03 1.000000000000000021E-03 1.000000000000000021E-03 1.000000000000000021E-03 1.000000000000000021E-03 1.000000000000000021E-03 1.000000000000000021E-03 1.000000000000000021E-03 1.000000000000000021E-03 1.000000000000000021E-03 1.000000000000000021E-03 1.000000000000000021E-03 1.000000000000000021E-03 1.000000000000000021E-03 1.000000000000000021E-03 1.000000000000000021E-03 1.000000000000000021E-03 1.000000000000000021E-03 1.000000000000000021E-03 1.000000000000000021E-03 1.000000000000000021E-03 1.000000000000000021E-03 1.000000000000000021E-03 1.000000000000000021E-03 1.000000000000000021E-03 1.000000000000000021E-03 1.000000000000000021E-03 1.000000000000000021E-03 1.272475700144012987E-03 1.208538488358433874E-03 1.335361343505916173E-03 1.163930447054456908E-03 1.113772001974972555E-03 1.104083243820684406E-03 1.262556012761960073E-03 1.000000000000000021E-03 1.000000000000000021E-03 1.000000000000000021E-03 1.000000000000000021E-03 1.000000000000000021E-03 1.000000000000000021E-03 1.000000000000000021E-03 1.000000000000000021E-03 1.000000000000000021E-03 1.000000000000000021E-03 1.000000000000000021E-03 1.000000000000000021E-03 1.000000000000000021E-03 1.000000000000000021E-03 1.000000000000000021E-03 1.000000000000000021E-03 1.000000000000000021E-03 1.000000000000000021E-03 1.000000000000000021E-03 1.000000000000000021E-03 1.000000000000000021E-03 1.000000000000000021E-03 1.000000000000000021E-03 1.000000000000000021E-03 1.000000000000000021E-03 1.000000000000000021E-03 1.000000000000000021E-03 1.000000000000000021E-03 1.000000000000000021E-03 1.000000000000000021E-03 1.000000000000000021E-03 1.000000000000000021E-03 1.000000000000000021E-03 1.000000000000000021E-03 1.000000000000000021E-03 1.000000000000000021E-03 1.000000000000000021E-03 1.000000000000000021E-03 1.000000000000000021E-03 1.000000000000000021E-03 1.000000000000000021E-03 1.000000000000000021E-03 1.000000000000000021E-03 1.000000000000000021E-03 1.000000000000000021E-03 1.000000000000000021E-03 1.000000000000000021E-03 1.000000000000000021E-03
1.000000000000000021E-03 1.000000000000000021E-03 1.000000000000000021E-03 1.000000000000000021E-03 1.000000000000000021E-03 1.000000000000000021E-03 1.000000000000000021E-03 1.000000000000000021E-03 1.000000000000000021E-03 1.000000000000000021E-03 1.000000000000000021E-03 1.000000000000000021E-03 1.000000000000000021E-03 1.000000000000000021E-03 1.000000000000000021E-03 1.000000000000000021E-03 1.000000000000000021E-03 1.000000000000000021E-03 1.000000000000000021E-03 1.000000000000000021E-03 1.000000000000000021E-03 1.000000000000000021E-03 1.000000000000000021E-03 1.000000000000000021E-03 1.000000000000000021E-03 1.000000000000000021E-03 1.000000000000000021E-03 1.000000000000000021E-03 1.000000000000000021E-03 1.000000000000000021E-03 1.000000000000000021E-03 1.000000000000000021E-03 1.000000000000000021E-03 1.000000000000000021E-03 1.000000000000000021E-03 1.000000000000000021E-03 1.000000000000000021E-03 1.000000000000000021E-03 1.000000000000000021E-03 1.000000000000000021E-03 1.000000000000000021E-03 1.000000000000000021E-03 1.000000000000000021E-03 1.000000000000000021E-03 1.000000000000000021E-03 1.000000000000000021E-03 1.000000000000000021E-03 1.000000000000000021E-03 1.000000000000000021E-03 1.000000000000000021E-03 1.000000000000000021E-03 1.000000000000000021E-03 1.000000000000000021E-03 1.000000000000000021E-03 1.000000000000000021E-03 1.000000000000000021E-03 1.000000000000000021E-03 1.000000000000000021E-03 1.000000000000000021E-03 1.000000000000000021E-03 1.000000000000000021E-03 1.000000000000000021E-03 1.000000000000000021E-03 1.000000000000000021E-03 1.000000000000000021E-03 1.000000000000000021E-03 1.000000000000000021E-03 1.000000000000000021E-03 1.000000000000000021E-03 1.000000000000000021E-03 1.000000000000000021E-03 1.000000000000000021E-03 1.000000000000000021E-03 1.000000000000000021E-03 1.000000000000000021E-03 1.000000000000000021E-03 1.000000000000000021E-03 1.000000000000000021E-03 1.000000000000000021E-03 1.000000000000000021E-03 1.000000000000000021E-03 1.000000000000000021E-03 1.000000000000000021E-03 1.000000000000000021E-03 1.000000000000000021E-03 1.000000000000000021E-03 1.000000000000000021E-03 1.000000000000000021E-03 1.000000000000000021E-03 1.000000000000000021E-03 1.000000000000000021E-03 1.000000000000000021E-03 1.000000000000000021E-03 1.000000000000000021E-03 1.000000000000000021E-03 1.000000000000000021E-03 1.027255964000791657E-03 1.155165983971032572E-03 1.323965049905733490E-03 1.341030337840543301E-03 1.180409768676944030E-03 1.009746139911796726E-03 1.262788199931942894E-03 1.000000000000000021E-03 1.000000000000000021E-03 1.000000000000000021E-03 1.000000000000000021E-03 1.000000000000000021E-03 1.000000000000000021E-03 1.000000000000000021E-03 1.000000000000000021E-03 1.000000000000000021E-03 1.000000000000000021E-03 1.000000000000000021E-03 1.000000000000000021E-03 1.000000000000000021E-03 1.000000000000000021E-03 1.000000000000000021E-03 1.000000000000000021E-03 1.000000000000000021E-03 1.000000000000000021E-03 1.000000000000000021E-03 1.000000000000000021E-03 1.000000000000000021E-03 1.000000000000000021E-03 1.000000000000000021E-03 1.000000000000000021E-03 1.000000000000000021E-03 1.000000000000000021E-03 1.000000000000000021E-03 1.000000000000000021E-03 1.000000000000000021E-03 1.000000000000000021E-03 1.000000000000000021E-03 1.000000000000000021E-03 1.000000000000000021E-03 1.000000000000000021E-03 1.000000000000000021E-03 1.000000000000000021E-03 1.000000000000000021E-03 1.000000000000000021E-03 1.000000000000000021E-03 1.000000000000000021E-03 1.000000000000000021E-03 1.000000000000000021E-03 1.000000000000000021E-03 1.000000000000000021E-03 1.000000000000000021E-03 1.000000000000000021E-03 1.000000000000000021E-03 1.000000000000000021E-03
1.000000000000000021E-03 1.000000000000000021E-03 1.000000000000000021E-03 1.000000000000000021E-03 1.000000000000000021E-03 1.000000000000000021E-03 1.000000000000000021E-03 1.000000000000000021E-03 1.000000000000000021E-03 1.000000000000000021E-03 1.000000000000000021E-03 1.000000000000000021E-03 1.000000000000000021E-03 1.000000000000000021E-03 1.000000000000000021E-03 1.000000000000000021E-03 1.000000000000000021E-03 1.000000000000000021E-03 1.000000000000000021E-03 1.000000000000000021E-03 1.000000000000000021E-03 1.000000000000000021E-03 1.000000000000000021E-03 1.000000000000000021E-03 1.000000000000000021E-03 1.000000000000000021E-03 1.000000000000000021E-03 1.000000000000000021E-03 1.000000000000000021E-03 1.000000000000000021E-03 1.000000000000000021E-03 1.000000000000000021E-03 1.000000000000000021E-03 1.000000000000000021E-03 1.000000000000000021E-03 1.000000000000000021E-03 1.000000000000000021E-03 1.000000000000000021E-03 1.000000000000000021E-03 1.000000000000000021E-03 1.000000000000000021E-03 1.000000000000000021E-03 1.000000000000000021E-03 1.000000000000000021E-03 1.000000000000000021E-03 1.000000000000000021E-03 1.000000000000000021E-03 1.000000000000000021E-03 1.000000000000000021E-03 1.000000000000000021E-03 1.000000000000000021E-03 1.000000000000000021E-03 1.000000000000000021E-03 1.000000000000000021E-03 1.000000000000000021E-03 1.000000000000000021E-03 1.000000000000000021E-03 1.000000000000000021E-03 1.000000000000000021E-03 1.000000000000000021E-03 1.000000000000000021E-03 1.000000000000000021E-03 1.000000000000000021E-03 1.000000000000000021E-03 1.000000000000000021E-03 1.000000000000000021E-03 1.000000000000000021E-03 1.000000000000000021E-03 1.000000000000000021E-03 1.000000000000000021E-03 1.000000000000000021E-03 1.000000000000000021E-03 1.000000000000000021E-03 1.000000000000000021E-03 1.000000000000000021E-03 1.000000000000000021E-03 1.000000000000000021E-03 1.000000000000000021E-03 1.000000000000000021E-03 1.000000000000000021E-03 1.000000000000000021E-03 1.000000000000000021E-03 1.000000000000000021E-03 1.000000000000000021E-03 1.000000000000000021E-03 1.000000000000000021E-03 1.000000000000000021E-03 1.000000000000000021E-03 1.000000000000000021E-03 1.000000000000000021E-03 1.000000000000000021E-03 1.000000000000000021E-03 1.000000000000000021E-03 1.000000000000000021E-03 1.000000000000000021E-03 1.000000000000000021E-03 1.143058129756090169E-03 1.149511520141294815E-03 1.370399679588821425E-03 1.412237253898716285E-03 1.478012039297150939E-03 1.240611066752674539E-03 1.244048704975808401E-03 1.000000000000000021E-03 1.000000000000000021E-03 1.000000000000000021E-03 1.000000000000000021E-03 1.000000000000000021E-03 1.000000000000000021E-03 1.000000000000000021E-03 1.000000000000000021E-03 1.000000000000000021E-03 1.000000000000000021E-03 1.000000000000000021E-03 1.000000000000000021E-03 1.000000000000000021E-03 1.000000000000000021E-03 1.000000000000000021E-03 1.000000000000000021E-03 1.000000000000000021E-03 1.000000000000000021E-03 1.000000000000000021E-03 1.000000000000000021E-03 1.000000000000000021E-03 1.000000000000000021E-03 1.000000000000000021E-03 1.000000000000000021E-03 1.000000000000000021E-03 1.000000000000000021E-03 1.000000000000000021E-03 1.000000000000000021E-03 1.000000000000000021E-03 1.000000000000000021E-03 1.000000000000000021E-03 1.000000000000000021E-03 1.000000000000000021E-03 1.000000000000000021E-03 1.000000000000000021E-03 1.000000000000000021E-03 1.000000000000000021E-03 1.000000000000000021E-03 1.000000000000000021E-03 1.000000000000000021E-03 1.000000000000000021E-03 1.000000000000000021E-03 1.000000000000000021E-03 1.000000000000000021E-03 1.000000000000000021E-03 1.000000000000000021E-03 1.000000000000000021E-03 1.000000000000000021E-03
1.000000000000000021E-03 1.000000000000000021E-03 1.000000000000000021E-03 1.000000000000000021E-03 1.000000000000000021E-03 1.000000000000000021E-03 1.000000000000000021E-03 1.000000000000000021E-03 1.000000000000000021E-03 1.000000000000000021E-03 1.000000000000000021E-03 1.000000000000000021E-03 1.000000000000000021E-03 1.000000000000000021E-03 1.000000000000000021E-03 1.000000000000000021E-03 1.000000000000000021E-03 1.000000000000000021E-03 1.000000000000000021E-03 1.000000000000000021E-03 1.000000000000000021E-03 1.000000000000000021E-03 1.000000000000000021E-03 1.000000000000000021E-03 1.000000000000000021E-03 1.000000000000000021E-03 1.000000000000000021E-03 1.000000000000000021E-03 1.000000000000000021E-03 1.000000000000000021E-03 1.000000000000000021E-03 1.000000000000000021E-03 1.000000000000000021E-03 1.000000000000000021E-03 1.000000000000000021E-03 1.000000000000000021E-03 1.000000000000000021E-03 1.000000000000000021E-03 1.000000000000000021E-03 1.000000000000000021E-03 1.000000000000000021E-03 1.000000000000000021E-03 1.000000000000000021E-03 1.000000000000000021E-03 1.000000000000000021E-03 1.000000000000000021E-03 1.000000000000000021E-03 1.000000000000000021E-03 1.000000000000000021E-03 1.000000000000000021E-03 1.000000000000000021E-03 1.000000000000000021E-03 1.000000000000000021E-03 1.000000000000000021E-03 1.000000000000000021E-03 1.000000000000000021E-03 1.000000000000000021E-03 1.000000000000000021E-03 1.000000000000000021E-03 1.000000000000000021E-03 1.000000000000000021E-03 1.000000000000000021E-03 1.000000000000000021E-03 1.000000000000000021E-03 1.000000000000000021E-03 1.000000000000000021E-03 1.000000000000000021E-03 1.000000000000000021E-03 1.000000000000000021E-03 1.000000000000000021E-03 1.000000000000000021E-03 1.000000000000000021E-03 1.000000000000000021E-03 1.000000000000000021E-03 1.000000000000000021E-03 1.000000000000000021E-03 1.000000000000000021E-03 1.000000000000000021E-03 1.000000000000000021E-03 1.000000000000000021E-03 1.000000000000000021E-03 1.000000000000000021E-03 1.000000000000000021E-03 1.000000000000000021E-03 1.000000000000000021E-03 1.000000000000000021E-03 1.000000000000000021E-03 1.000000000000000021E-03 1.000000000000000021E-03 1.000000000000000021E-03 1.000000000000000021E-03 1.000000000000000021E-03 1.000000000000000021E-03 1.000000000000000021E-03 1.000000000000000021E-03 1.000000000000000021E-03 1.228788118836191511E-03 1.307691618240514053E-03 1.457942091131504518E-03 1.487947698535550681E-03 1.383987033174101638E-03 1.329709502258714969E-03 1.375629303172767014E-03 1.000000000000000021E-03 1.000000000000000021E-03 1.000000000000000021E-03 1.000000000000000021E-03 1.000000000000000021E-03 1.000000000000000021E-03 1.000000000000000021E-03 1.000000000000000021E-03 1.000000000000000021E-03 1.000000000000000021E-03 1.000000000000000021E-03 1.000000000000000021E-03 1.000000000000000021E-03 1.000000000000000021E-03 1.000000000000000021E-03 1.000000000000000021E-03 1.000000000000000021E-03 1.000000000000000021E-03 1.000000000000000021E-03 1.000000000000000021E-03 1.000000000000000021E-03 1.000000000000000021E-03 1.000000000000000021E-03 1.000000000000000021E-03 1.000000000000000021E-03 1.000000000000000021E-03 1.000000000000000021E-03 1.000000000000000021E-03 1.000000000000000021E-03 1.000000000000000021E-03 1.000000000000000021E-03 1.000000000000000021E-03 1.000000000000000021E-03 1.000000000000000021E-03 1.000000000000000021E-03 1.000000000000000021E-03 1.000000000000000021E-03 1.000000000000000021E-03 1.000000000000000021E-03 1.000000000000000021E-03 1.000000000000000021E-03 1.000000000000000021E-03 1.000000000000000021E-03 1.000000000000000021E-03 1.000000000000000021E-03 1.000000000000000021E-03 1.000000000000000021E-03 1.000000000000000021E-03
1.000000000000000021E-03 1.000000000000000021E-03 1.000000000000000021E-03 1.000000000000000021E-03 1.000000000000000021E-03 1.000000000000000021E-03 1.000000000000000021E-03 1.000000000000000021E-03 1.000000000000000021E-03 1.000000000000000021E-03 1.000000000000000021E-03 1.000000000000000021E-03 1.000000000000000021E-03 1.000000000000000021E-03 1.000000000000000021E-03 1.000000000000000021E-03 1.000000000000000021E-03 1.000000000000000021E-03 1.000000000000000021E-03 1.000000000000000021E-03 1.000000000000000021E-03 1.000000000000000021E-03 1.000000000000000021E-03 1.000000000000000021E-03 1.000000000000000021E-03 1.000000000000000021E-03 1.000000000000000021E-03 1.000000000000000021E-03 1.000000000000000021E-03 1.000000000000000021E-03 1.000000000000000021E-03 1.000000000000000021E-03 1.000000000000000021E-03 1.000000000000000021E-03 1.000000000000000021E-03 1.000000000000000021E-03 1.000000000000000021E-03 1.000000000000000021E-03 1.000000000000000021E-03 1.000000000000000021E-03 1.000000000000000021E-03 1.000000000000000021E-03 1.000000000000000021E-03 1.000000000000000021E-03 1.000000000000000021E-03 1.000000000000000021E-03 1.000000000000000021E-03 1.000000000000000021E-03 1.000000000000000021E-03 1.000000000000000021E-03 1.000000000000000021E-03 1.000000000000000021E-03 1.000000000000000021E-03 1.000000000000000021E-03 1.000000000000000021E-03 1.000000000000000021E-03 1.000000000000000021E-03 1.000000000000000021E-03 1.000000000000000021E-03 1.000000000000000021E-03 1.000000000000000021E-03 1.000000000000000021E-03 1.000000000000000021E-03 1.000000000000000021E-03 1.000000000000000021E-03 1.000000000000000021E-03 1.000000000000000021E-03 1.000000000000000021E-03 1.000000000000000021E-03 1.000000000000000021E-03 1.000000000000000021E-03 1.000000000000000021E-03 1.000000000000000021E-03 1.000000000000000021E-03 1.000000000000000021E-03 1.000000000000000021E-03 1.000000000000000021E-03 1.000000000000000021E-03 1.000000000000000021E-03 1.000000000000000021E-03 1.000000000000000021E-03 1.000000000000000021E-03 1.000000000000000021E-03 1.000000000000000021E-03 1.000000000000000021E-03 1.000000000000000021E-03 1.000000000000000021E-03 1.000000000000000021E-03 1.000000000000000021E-03 1.000000000000000021E-03 1.000000000000000021E-03 1.000000000000000021E-03 1.000000000000000021E-03 1.000000000000000021E-03 1.000000000000000021E-03 1.000000000000000021E-03 1.000000000000000021E-03 1.504418145469912579E-03 1.333345720586757901E-03 1.068592746035841980E-03 1.143333511500409802E-03 1.328320571932105430E-03 1.228963555781042083E-03 1.000000000000000021E-03 1.000000000000000021E-03 1.000000000000000021E-03 1.000000000000000021E-03 1.000000000000000021E-03 1.000000000000000021E-03 1.000000000000000021E-03 1.000000000000000021E-03 1.000000000000000021E-03 1.000000000000000021E-03 1.000000000000000021E-03 1.000000000000000021E-03 1.000000000000000021E-03 1.000000000000000021E-03 1.000000000000000021E-03 1.000000000000000021E-03 1.000000000000000021E-03 1.000000000000000021E-03 1.000000000000000021E-03 1.000000000000000021E-03 1.000000000000000021E-03 1.000000000000000021E-03 1.000000000000000021E-03 1.000000000000000021E-03 1.000000000000000021E-03 1.000000000000000021E-03 1.000000000000000021E-03 1.000000000000000021E-03 1.000000000000000021E-03 1.000000000000000021E-03 1.000000000000000021E-03 1.000000000000000021E-03 1.000000000000000021E-03 1.000000000000000021E-03 1.000000000000000021E-03 1.000000000000000021E-03 1.000000000000000021E-03 1.000000000000000021E-03 1.000000000000000021E-03 1.000000000000000021E-03 1.000000000000000021E-03 1.000000000000000021E-03 1.000000000000000021E-03 1.000000000000000021E-03 1.000000000000000021E-03 1.000000000000000021E-03 1.000000000000000021E-03 1.000000000000000021E-03
1.000000000000000021E-03 1.000000000000000021E-03 1.000000000000000021E-03 1.000000000000000021E-03 1.000000000000000021E-03 1.000000000000000021E-03 1.000000000000000021E-03 1.000000000000000021E-03 1.000000000000000021E-03 1.000000000000000021E-03 1.000000000000000021E-03 1.000000000000000021E-03 1.000000000000000021E-03 1.000000000000000021E-03 1.000000000000000021E-03 1.000000000000000021E-03 1.000000000000000021E-03 1.000000000000000021E-03 1.000000000000000021E-03 1.000000000000000021E-03 1.000000000000000021E-03 1.000000000000000021E-03 1.000000000000000021E-03 1.000000000000000021E-03 1.000000000000000021E-03 1.000000000000000021E-03 1.000000000000000021E-03 1.000000000000000021E-03 1.000000000000000021E-03 1.000000000000000021E-03 1.000000000000000021E-03 1.000000000000000021E-03 1.000000000000000021E-03 1.000000000000000021E-03 1.000000000000000021E-03 1.000000000000000021E-03 1.000000000000000021E-03 1.000000000000000021E-03 1.000000000000000021E-03 1.000000000000000021E-03 1.000000000000000021E-03 1.000000000000000021E-03 1.000000000000000021E-03 1.000000000000000021E-03 1.000000000000000021E-03 1.000000000000000021E-03 1.000000000000000021E-03 1.000000000000000021E-03 1.000000000000000021E-03 1.000000000000000021E-03 1.000000000000000021E-03 1.000000000000000021E-03 1.000000000000000021E-03 1.000000000000000021E-03 1.000000000000000021E-03 1.000000000000000021E-03 1.000000000000000021E-03 1.000000000000000021E-03 1.000000000000000021E-03 1.000000000000000021E-03 1.000000000000000021E-03 1.000000000000000021E-03 1.000000000000000021E-03 1.000000000000000021E-03 1.000000000000000021E-03 1.000000000000000021E-03 1.000000000000000021E-03 1.000000000000000021E-03 1.000000000000000021E-03 1.000000000000000021E-03 1.000000000000000021E-03 1.000000000000000021E-03 1.000000000000000021E-03 1.000000000000000021E-03 1.000000000000000021E-03 1.000000000000000021E-03 1.000000000000000021E-03 1.000000000000000021E-03 1.000000000000000021E-03 1.000000000000000021E-03 1.000000000000000021E-03 1.000000000000000021E-03 1.000000000000000021E-03 1.000000000000000021E-03 1.000000000000000021E-03 1.000000000000000021E-03 1.000000000000000021E-03 1.000000000000000021E-03 1.000000000000000021E-03 1.000000000000000021E-03 1.000000000000000021E-03 1.000000000000000021E-03 1.000000000000000021E-03 1.000000000000000021E-03 1.000000000000000021E-03 1.000000000000000021E-03 1.000000000000000021E-03 1.283026036756046819E-03 1.305081023090625368E-03 1.401961287995026660E-03 1.205760637203509740E-03 1.258942084486410146E-03 1.171085511768314887E-03 1.000000000000000021E-03 1.000000000000000021E-03 1.000000000000000021E-03 1.000000000000000021E-03 1.000000000000000021E-03 1.000000000000000021E-03 1.000000000000000021E-03 1.000000000000000021E-03 1.000000000000000021E-03 1.000000000000000021E-03 1.000000000000000021E-03 1.000000000000000021E-03 1.000000000000000021E-03 1.000000000000000021E-03 1.000000000000000021E-03 1.000000000000000021E-03 1.000000000000000021E-03 1.000000000000000021E-03 1.000000000000000021E-03 1.000000000000000021E-03 1.000000000000000021E-03 1.000000000000000021E-03 1.000000000000000021E-03 1.000000000000000021E-03 1.000000000000000021E-03 1.000000000000000021E-03 1.000000000000000021E-03 1.000000000000000021E-03 1.000000000000000021E-03 1.000000000000000021E-03 1.000000000000000021E-03 1.000000000000000021E-03 1.000000000000000021E-03 1.000000000000000021E-03 1.000000000000000021E-03 1.000000000000000021E-03 1.000000000000000021E-03 1.000000000000000021E-03 1.000000000000000021E-03 1.000000000000000021E-03 1.000000000000000021E-03 1.000000000000000021E-03 1.000000000000000021E-03 1.000000000000000021E-03 1.000000000000000021E-03 1.000000000000000021E-03 1.000000000000000021E-03 1.000000000000000021E-03
1.000000000000000021E-03 1.000000000000000021E-03 1.000000000000000021E-03 1.000000000000000021E-03 1.000000000000000021E-03 1.000000000000000021E-03 1.000000000000000021E-03 1.000000000000000021E-03 1.000000000000000021E-03 1.000000000000000021E-03 1.000000000000000021E-03 1.000000000000000021E-03 1.000000000000000021E-03 1.000000000000000021E-03 1.000000000000000021E-03 1.000000000000000021E-03 1.000000000000000021E-03 1.000000000000000021E-03 1.000000000000000021E-03 1.000000000000000021E-03 1.000000000000000021E-03 1.000000000000000021E-03 1.000000000000000021E-03 1.000000000000000021E-03 1.000000000000000021E-03 1.000000000000000021E-03 1.000000000000000021E-03 1.000000000000000021E-03 1.000000000000000021E-03 1.000000000000000021E-03 1.000000000000000021E-03 1.000000000000000021E-03 1.000000000000000021E-03 1.000000000000000021E-03 1.000000000000000021E-03 1.000000000000000021E-03 1.000000000000000021E-03 1.000000000000000021E-03 1.000000000000000021E-03 1.000000000000000021E-03 1.000000000000000021E-03 1.000000000000000021E-03 1.000000000000000021E-03 1.000000000000000021E-03 1.000000000000000021E-03 1.000000000000000021E-03 1.000000000000000021E-03 1.000000000000000021E-03 1.000000000000000021E-03 1.000000000000000021E-03 1.000000000000000021E-03 1.000000000000000021E-03 1.000000000000000021E-03 1.000000000000000021E-03 1.000000000000000021E-03 1.000000000000000021E-03 1.000000000000000021E-03 1.000000000000000021E-03 1.000000000000000021E-03 1.000000000000000021E-03 1.000000000000000021E-03 1.000000000000000021E-03 1.000000000000000021E-03 1.000000000000000021E-03 1.000000000000000021E-03 1.000000000000000021E-03 1.000000000000000021E-03 1.000000000000000021E-03 1.000000000000000021E-03 1.000000000000000021E-03 1.000000000000000021E-03 1.000000000000000021E-03 1.000000000000000021E-03 1.000000000000000021E-03 1.000000000000000021E-03 1.000000000000000021E-03 1.000000000000000021E-03 1.000000000000000021E-03 1.000000000000000021E-03 1.000000000000000021E-03 1.000000000000000021E-03 1.000000000000000021E-03 1.000000000000000021E-03 1.000000000000000021E-03 1.000000000000000021E-03 1.000000000000000021E-03 1.000000000000000021E-03 1.000000000000000021E-03 1.000000000000000021E-03 1.000000000000000021E-03 1.000000000000000021E-03 1.000000000000000021E-03 1.000000000000000021E-03 1.000000000000000021E-03 1.000000000000000021E-03 1.000000000000000021E-03 1.000000000000000021E-03 1.317971489531603218E-03 1.371921567415135832E-03 1.512341752912716277E-03 1.435519758817279962E-03 1.405859750709138488E-03 1.227809024301640406E-03 1.000000000000000021E-03 1.000000000000000021E-03 1.000000000000000021E-03 1.000000000000000021E-03 1.000000000000000021E-03 1.000000000000000021E-03 1.000000000000000021E-03 1.000000000000000021E-03 1.000000000000000021E-03 1.000000000000000021E-03 1.000000000000000021E-03 1.000000000000000021E-03 1.000000000000000021E-03 1.000000000000000021E-03 1.000000000000000021E-03 1.000000000000000021E-03 1.000000000000000021E-03 1.000000000000000021E-03 1.000000000000000021E-03 1.000000000000000021E-03 1.000000000000000021E-03 1.000000000000000021E-03 1.000000000000000021E-03 1.000000000000000021E-03 1.000000000000000021E-03 1.000000000000000021E-03 1.000000000000000021E-03 1.000000000000000021E-03 1.000000000000000021E-03 1.000000000000000021E-03 1.000000000000000021E-03 1.000000000000000021E-03 1.000000000000000021E-03 1.000000000000000021E-03 1.000000000000000021E-03 1.000000000000000021E-03 1.000000000000000021E-03 1.000000000000000021E-03 1.000000000000000021E-03 1.000000000000000021E-03 1.000000000000000021E-03 1.000000000000000021E-03 1.000000000000000021E-03 1.000000000000000021E-03 1.000000000000000021E-03 1.000000000000000021E-03 1.000000000000000021E-03 1.000000000000000021E-03
1.000000000000000021E-03 1.000000000000000021E-03 1.000000000000000021E-03 1.000000000000000021E-03 1.000000000000000021E-03 1.000000000000000021E-03 1.000000000000000021E-03 1.000000000000000021E-03 1.000000000000000021E-03 1.000000000000000021E-03 1.000000000000000021E-03 1.000000000000000021E-03 1.000000000000000021E-03 1.000000000000000021E-03 1.000000000000000021E-03 1.000000000000000021E-03 1.000000000000000021E-03 1.000000000000000021E-03 1.000000000000000021E-03 1.000000000000000021E-03 1.000000000000000021E-03 1.000000000000000021E-03 1.000000000000000021E-03 1.000000000000000021E-03 1.000000000000000021E-03 1.000000000000000021E-03 1.000000000000000021E-03 1.000000000000000021E-03 1.000000000000000021E-03 1.000000000000000021E-03 1.000000000000000021E-03 1.000000000000000021E-03 1.000000000000000021E-03 1.000000000000000021E-03 1.000000000000000021E-03 1.000000000000000021E-03 1.000000000000000021E-03 1.000000000000000021E-03 1.000000000000000021E-03 1.000000000000000021E-03 1.000000000000000021E-03 1.000000000000000021E-03 1.000000000000000021E-03 1.000000000000000021E-03 1.000000000000000021E-03 1.000000000000000021E-03 1.000000000000000021E-03 1.000000000000000021E-03 1.000000000000000021E-03 1.000000000000000021E-03 1.000000000000000021E-03 1.000000000000000021E-03 1.000000000000000021E-03 1.000000000000000021E-03 1.000000000000000021E-03 1.000000000000000021E-03 1.000000000000000021E-03 1.000000000000000021E-03 1.000000000000000021E-03 1.000000000000000021E-03 1.000000000000000021E-03 1.000000000000000021E-03 1.000000000000000021E-03 1.000000000000000021E-03 1.000000000000000021E-03 1.000000000000000021E-03 1.000000000000000021E-03 1.000000000000000021E-03 1.000000000000000021E-03 1.000000000000000021E-03 1.000000000000000021E-03 1.000000000000000021E-03 1.000000000000000021E-03 1.000000000000000021E-03 1.000000000000000021E-03 1.000000000000000021E-03 1.000000000000000021E-03 1.000000000000000021E-03 1.000000000000000021E-03 1.000000000000000021E-03 1.000000000000000021E-03 1.000000000000000021E-03 1.000000000000000021E-03 1.000000000000000021E-03 1.000000000000000021E-03 1.000000000000000021E-03 1.000000000000000021E-03 1.000000000000000021E-03 1.000000000000000021E-03 1.000000000000000021E-03 1.000000000000000021E-03 1.000000000000000021E-03 1.000000000000000021E-03 1.000000000000000021E-03 1.000000000000000021E-03 1.000000000000000021E-03 1.000000000000000021E-03 1.229809188253337291E-03 1.280176256933291540E-03 1.344915176867232795E-03 1.357916706058930967E-03 1.301615405285560211E-03 1.142704389950670307E-03 1.000000000000000021E-03 1.000000000000000021E-03 1.000000000000000021E-03 1.000000000000000021E-03 1.000000000000000021E-03 1.000000000000000021E-03 1.000000000000000021E-03 1.000000000000000021E-03 1.000000000000000021E-03 1.000000000000000021E-03 1.000000000000000021E-03 1.000000000000000021E-03 1.000000000000000021E-03 1.000000000000000021E-03 1.000000000000000021E-03 1.000000000000000021E-03 1.000000000000000021E-03 1.000000000000000021E-03 1.000000000000000021E-03 1.000000000000000021E-03 1.000000000000000021E-03 1.000000000000000021E-03 1.000000000000000021E-03 1.000000000000000021E-03 1.000000000000000021E-03 1.000000000000000021E-03 1.000000000000000021E-03 1.000000000000000021E-03 1.000000000000000021E-03 1.000000000000000021E-03 1.000000000000000021E-03 1.000000000000000021E-03 1.000000000000000021E-03 1.000000000000000021E-03 1.000000000000000021E-03 1.000000000000000021E-03 1.000000000000000021E-03 1.000000000000000021E-03 1.000000000000000021E-03 1.000000000000000021E-03 1.000000000000000021E-03 1.000000000000000021E-03 1.000000000000000021E-03 1.000000000000000021E-03 1.000000000000000021E-03 1.000000000000000021E-03 1.000000000000000021E-03 1.000000000000000021E-03
1.000000000000000021E-03 1.000000000000000021E-03 1.000000000000000021E-03 1.000000000000000021E-03 1.000000000000000021E-03 1.000000000000000021E-03 1.000000000000000021E-03 1.000000000000000021E-03 1.000000000000000021E-03 1.000000000000000021E-03 1.000000000000000021E-03 1.000000000000000021E-03 1.000000000000000021E-03 1.000000000000000021E-03 1.000000000000000021E-03 1.000000000000000021E-03 1.000000000000000021E-03 1.000000000000000021E-03 1.000000000000000021E-03 1.000000000000000021E-03 1.000000000000000021E-03 1.000000000000000021E-03 1.000000000000000021E-03 1.000000000000000021E-03 1.000000000000000021E-03 1.000000000000000021E-03 1.000000000000000021E-03 1.000000000000000021E-03 1.000000000000000021E-03 1.000000000000000021E-03 1.000000000000000021E-03 1.000000000000000021E-03 1.000000000000000021E-03 1.000000000000000021E-03 1.000000000000000021E-03 1.000000000000000021E-03 1.000000000000000021E-03 1.000000000000000021E-03 1.000000000000000021E-03 1.000000000000000021E-03 1.000000000000000021E-03 1.000000000000000021E-03 1.000000000000000021E-03 1.000000000000000021E-03 1.000000000000000021E-03 1.000000000000000021E-03 1.000000000000000021E-03 1.000000000000000021E-03 1.000000000000000021E-03 1.000000000000000021E-03 1.000000000000000021E-03 1.000000000000000021E-03 1.000000000000000021E-03 1.000000000000000021E-03 1.000000000000000021E-03 1.000000000000000021E-03 1.000000000000000021E-03 1.000000000000000021E-03 1.000000000000000021E-03 1.000000000000000021E-03 1.000000000000000021E-03 1.000000000000000021E-03 1.000000000000000021E-03 1.000000000000000021E-03 1.000000000000000021E-03 1.000000000000000021E-03 1.000000000000000021E-03 1.000000000000000021E-03 1.000000000000000021E-03 1.000000000000000021E-03 1.000000000000000021E-03 1.000000000000000021E-03 1.000000000000000021E-03 1.000000000000000021E-03 1.000000000000000021E-03 1.000000000000000021E-03 1.000000000000000021E-03 1.000000000000000021E-03 1.000000000000000021E-03 1.000000000000000021E-03 1.000000000000000021E-03 1.000000000000000021E-03 1.000000000000000021E-03 1.000000000000000021E-03 1.000000000000000021E-03 1.000000000000000021E-03 1.000000000000000021E-03 1.000000000000000021E-03 1.000000000000000021E-03 1.000000000000000021E-03 1.000000000000000021E-03 1.000000000000000021E-03 1.000000000000000021E-03 1.000000000000000021E-03 1.000000000000000021E-03 1.000000000000000021E-03 1.000000000000000021E-03 1.310279540155301261E-03 1.311103329036740657E-03 1.318737909053847553E-03 1.639718590588111046E-03 1.551855928118110349E-03 1.313441887524339439E-03 1.000000000000000021E-03 1.000000000000000021E-03 1.000000000000000021E-03 1.000000000000000021E-03 1.000000000000000021E-03 1.000000000000000021E-03 1.000000000000000021E-03 1.000000000000000021E-03 1.000000000000000021E-03 1.000000000000000021E-03 1.000000000000000021E-03 1.000000000000000021E-03 1.000000000000000021E-03 1.000000000000000021E-03 1.000000000000000021E-03 1.000000000000000021E-03 1.000000000000000021E-03 1.000000000000000021E-03 1.000000000000000021E-03 1.000000000000000021E-03 1.000000000000000021E-03 1.000000000000000021E-03 1.000000000000000021E-03 1.000000000000000021E-03 1.000000000000000021E-03 1.000000000000000021E-03 1.000000000000000021E-03 1.000000000000000021E-03 1.000000000000000021E-03 1.000000000000000021E-03 1.000000000000000021E-03 1.000000000000000021E-03 1.000000000000000021E-03 1.000000000000000021E-03 1.000000000000000021E-03 1.000000000000000021E-03 1.000000000000000021E-03 1.000000000000000021E-03 1.000000000000000021E-03 1.000000000000000021E-03 1.000000000000000021E-03 1.000000000000000021E-03 1.000000000000000021E-03 1.000000000000000021E-03 1.000000000000000021E-03 1.000000000000000021E-03 1.000000000000000021E-03 1.000000000000000021E-03
1.000000000000000021E-03 1.000000000000000021E-03 1.000000000000000021E-03 1.000000000000000021E-03 1.000000000000000021E-03 1.000000000000000021E-03 1.000000000000000021E-03 1.000000000000000021E-03 1.000000000000000021E-03 1.000000000000000021E-03 1.000000000000000021E-03 1.000000000000000021E-03 1.000000000000000021E-03 1.000000000000000021E-03 1.000000000000000021E-03 1.000000000000000021E-03 1.000000000000000021E-03 1.000000000000000021E-03 1.000000000000000021E-03 1.000000000000000021E-03 1.000000000000000021E-03 1.000000000000000021E-03 1.000000000000000021E-03 1.000000000000000021E-03 1.000000000000000021E-03 1.000000000000000021E-03 1.000000000000000021E-03 1.000000000000000021E-03 1.000000000000000021E-03 1.000000000000000021E-03 1.000000000000000021E-03 1.000000000000000021E-03 1.000000000000000021E-03 1.000000000000000021E-03 1.000000000000000021E-03 1.000000000000000021E-03 1.000000000000000021E-03 1.000000000000000021E-03 1.000000000000000021E-03 1.000000000000000021E-03 1.000000000000000021E-03 1.000000000000000021E-03 1.000000000000000021E-03 1.000000000000000021E-03 1.000000000000000021E-03 1.000000000000000021E-03 1.000000000000000021E-03 1.000000000000000021E-03 1.000000000000000021E-03 1.000000000000000021E-03 1.000000000000000021E-03 1.000000000000000021E-03 1.000000000000000021E-03 1.000000000000000021E-03 1.000000000000000021E-03 1.000000000000000021E-03 1.000000000000000021E-03 1.000000000000000021E-03 1.000000000000000021E-03 1.000000000000000021E-03 1.000000000000000021E-03 1.000000000000000021E-03 1.000000000000000021E-03 1.000000000000000021E-03 1.000000000000000021E-03 1.000000000000000021E-03 1.000000000000000021E-03 1.000000000000000021E-03 1.000000000000000021E-03 1.000000000000000021E-03 1.000000000000000021E-03 1.000000000000000021E-03 1.000000000000000021E-03 1.000000000000000021E-03 1.000000000000000021E-03 1.000000000000000021E-03 1.000000000000000021E-03 1.000000000000000021E-03 1.000000000000000021E-03 1.000000000000000021E-03 1.000000000000000021E-03 1.000000000000000021E-03 1.000000000000000021E-03 1.000000000000000021E-03 1.000000000000000021E-03 1.000000000000000021E-03 1.000000000000000021E-03 1.000000000000000021E-03 1.000000000000000021E-03 1.000000000000000021E-03 1.000000000000000021E-03 1.000000000000000021E-03 1.000000000000000021E-03 1.000000000000000021E-03 1.000000000000000021E-03 1.000000000000000021E-03 1.000000000000000021E-03 1.430759068509776608E-03 1.668857461020336426E-03 1.645755937534944691E-03 1.552458032696074847E-03 1.505011926241146174E-03 1.000000000000000021E-03 1.000000000000000021E-03 1.000000000000000021E-03 1.000000000000000021E-03 1.000000000000000021E-03 1.000000000000000021E-03 1.000000000000000021E-03 1.000000000000000021E-03 1.000000000000000021E-03 1.000000000000000021E-03 1.000000000000000021E-03 1.000000000000000021E-03 1.000000000000000021E-03 1.000000000000000021E-03 1.000000000000000021E-03 1.000000000000000021E-03 1.000000000000000021E-03 1.000000000000000021E-03 1.000000000000000021E-03 1.000000000000000021E-03 1.000000000000000021E-03 1.000000000000000021E-03 1.000000000000000021E-03 1.000000000000000021E-03 1.000000000000000021E-03 1.000000000000000021E-03 1.000000000000000021E-03 1.000000000000000021E-03 1.000000000000000021E-03 1.000000000000000021E-03 1.000000000000000021E-03 1.000000000000000021E-03 1.000000000000000021E-03 1.000000000000000021E-03 1.000000000000000021E-03 1.000000000000000021E-03 1.000000000000000021E-03 1.000000000000000021E-03 1.000000000000000021E-03 1.000000000000000021E-03 1.000000000000000021E-03 1.000000000000000021E-03 1.000000000000000021E-03 1.000000000000000021E-03 1.000000000000000021E-03 1.000000000000000021E-03 1.000000000000000021E-03 1.000000000000000021E-03 1.000000000000000021E-03
1.000000000000000021E-03 1.000000000000000021E-03 1.000000000000000021E-03 1.000000000000000021E-03 1.000000000000000021E-03 1.000000000000000021E-03 1.000000000000000021E-03 1.000000000000000021E-03 1.000000000000000021E-03 1.000000000000000021E-03 1.000000000000000021E-03 1.000000000000000021E-03 1.000000000000000021E-03 1.000000000000000021E-03 1.000000000000000021E-03 1.000000000000000021E-03 1.000000000000000021E-03 1.000000000000000021E-03 1.000000000000000021E-03 1.000000000000000021E-03 1.000000000000000021E-03 1.000000000000000021E-03 1.000000000000000021E-03 1.000000000000000021E-03 1.000000000000000021E-03 1.000000000000000021E-03 1.000000000000000021E-03 1.000000000000000021E-03 1.000000000000000021E-03 1.000000000000000021E-03 1.000000000000000021E-03 1.000000000000000021E-03 1.000000000000000021E-03 1.000000000000000021E-03 1.000000000000000021E-03 1.000000000000000021E-03 1.000000000000000021E-03 1.000000000000000021E-03 1.000000000000000021E-03 1.000000000000000021E-03 1.000000000000000021E-03 1.000000000000000021E-03 1.000000000000000021E-03 1.000000000000000021E-03 1.000000000000000021E-03 1.000000000000000021E-03 1.000000000000000021E-03 1.000000000000000021E-03 1.000000000000000021E-03 1.000000000000000021E-03 1.000000000000000021E-03 1.000000000000000021E-03 1.000000000000000021E-03 1.000000000000000021E-03 1.000000000000000021E-03 1.000000000000000021E-03 1.000000000000000021E-03 1.000000000000000021E-03 1.000000000000000021E-03 1.000000000000000021E-03 1.000000000000000021E-03 1.000000000000000021E-03 1.000000000000000021E-03 1.000000000000000021E-03 1.000000000000000021E-03 1.000000000000000021E-03 1.000000000000000021E-03 1.000000000000000021E-03 1.000000000000000021E-03 1.000000000000000021E-03 1.000000000000000021E-03 1.000000000000000021E-03 1.000000000000000021E-03 1.000000000000000021E-03 1.000000000000000021E-03 1.000000000000000021E-03 1.000000000000000021E-03 1.000000000000000021E-03 1.000000000000000021E-03 1.000000000000000021E-03 1.000000000000000021E-03 1.000000000000000021E-03 1.000000000000000021E-03 1.000000000000000021E-03 1.000000000000000021E-03 1.000000000000000021E-03 1.000000000000000021E-03 1.000000000000000021E-03 1.000000000000000021E-03 1.000000000000000021E-03 1.000000000000000021E-03 1.000000000000000021E-03 1.000000000000000021E-03 1.000000000000000021E-03 1.000000000000000021E-03 1.000000000000000021E-03 1.000000000000000021E-03 1.388913099710484527E-03 1.296338018855624054E-03 1.399922328272547442E-03 1.563161991669339938E-03 1.489150139990178152E-03 1.000000000000000021E-03 1.000000000000000021E-03 1.000000000000000021E-03 1.000000000000000021E-03 1.000000000000000021E-03 1.000000000000000021E-03 1.000000000000000021E-03 1.000000000000000021E-03 1.000000000000000021E-03 1.000000000000000021E-03 1.000000000000000021E-03 1.000000000000000021E-03 1.000000000000000021E-03 1.000000000000000021E-03 1.000000000000000021E-03 1.000000000000000021E-03 1.000000000000000021E-03 1.000000000000000021E-03 1.000000000000000021E-03 1.000000000000000021E-03 1.000000000000000021E-03 1.000000000000000021E-03 1.000000000000000021E-03 1.000000000000000021E-03 1.000000000000000021E-03 1.000000000000000021E-03 1.000000000000000021E-03 1.000000000000000021E-03 1.000000000000000021E-03 1.000000000000000021E-03 1.000000000000000021E-03 1.000000000000000021E-03 1.000000000000000021E-03 1.000000000000000021E-03 1.000000000000000021E-03 1.000000000000000021E-03 1.000000000000000021E-03 1.000000000000000021E-03 1.000000000000000021E-03 1.000000000000000021E-03 1.000000000000000021E-03 1.000000000000000021E-03 1.000000000000000021E-03 1.000000000000000021E-03 1.000000000000000021E-03 1.000000000000000021E-03 1.000000000000000021E-03 1.000000000000000021E-03 1.000000000000000021E-03
1.000000000000000021E-03 1.000000000000000021E-03 1.000000000000000021E-03 1.000000000000000021E-03 1.000000000000000021E-03 1.000000000000000021E-03 1.000000000000000021E-03 1.000000000000000021E-03 1.000000000000000021E-03 1.000000000000000021E-03 1.000000000000000021E-03 1.000000000000000021E-03 1.000000000000000021E-03 1.000000000000000021E-03 1.000000000000000021E-03 1.000000000000000021E-03 1.000000000000000021E-03 1.000000000000000021E-03 1.000000000000000021E-03 1.000000000000000021E-03 1.000000000000000021E-03 1.000000000000000021E-03 1.000000000000000021E-03 1.000000000000000021E-03 1.000000000000000021E-03 1.000000000000000021E-03 1.000000000000000021E-03 1.000000000000000021E-03 1.000000000000000021E-03 1.000000000000000021E-03 1.000000000000000021E-03 1.000000000000000021E-03 1.000000000000000021E-03 1.000000000000000021E-03 1.000000000000000021E-03 1.000000000000000021E-03 1.000000000000000021E-03 1.000000000000000021E-03 1.000000000000000021E-03 1.000000000000000021E-03 1.000000000000000021E-03 1.000000000000000021E-03 1.000000000000000021E-03 1.000000000000000021E-03 1.000000000000000021E-03 1.000000000000000021E-03 1.000000000000000021E-03 1.000000000000000021E-03 1.000000000000000021E-03 1.000000000000000021E-03 1.000000000000000021E-03 1.000000000000000021E-03 1.000000000000000021E-03 1.000000000000000021E-03 1.000000000000000021E-03 1.000000000000000021E-03 1.000000000000000021E-03 1.000000000000000021E-03 1.000000000000000021E-03 1.000000000000000021E-03 1.000000000000000021E-03 1.000000000000000021E-03 1.000000000000000021E-03 1.000000000000000021E-03 1.000000000000000021E-03 1.000000000000000021E-03 1.000000000000000021E-03 1.000000000000000021E-03 1.000000000000000021E-03 1.000000000000000021E-03 1.000000000000000021E-03 1.000000000000000021E-03 1.000000000000000021E-03 1.000000000000000021E-03 1.000000000000000021E-03 1.000000000000000021E-03 1.000000000000000021E-03 1.000000000000000021E-03 1.000000000000000021E-03 1.000000000000000021E-03 1.000000000000000021E-03 1.000000000000000021E-03 1.000000000000000021E-03 1.000000000000000021E-03 1.000000000000000021E-03 1.000000000000000021E-03 1.000000000000000021E-03 1.000000000000000021E-03 1.000000000000000021E-03 1.000000000000000021E-03 1.000000000000000021E-03 1.000000000000000021E-03 1.000000000000000021E-03 1.000000000000000021E-03 1.000000000000000021E-03 1.000000000000000021E-03 1.000000000000000021E-03 1.467676722197083609E-03 1.655634797330526918E-03 1.368546636518389861E-03 1.356375283097923734E-03 1.626855846271588798E-03 1.000000000000000021E-03 1.000000000000000021E-03 1.000000000000000021E-03 1.000000000000000021E-03 1.000000000000000021E-03 1.000000000000000021E-03 1.000000000000000021E-03 1.000000000000000021E-03 1.000000000000000021E-03 1.000000000000000021E-03 1.000000000000000021E-03 1.000000000000000021E-03 1.000000000000000021E-03 1.000000000000000021E-03 1.000000000000000021E-03 1.000000000000000021E-03 1.000000000000000021E-03 1.000000000000000021E-03 1.000000000000000021E-03 1.000000000000000021E-03 1.000000000000000021E-03 1.000000000000000021E-03 1.000000000000000021E-03 1.000000000000000021E-03 1.000000000000000021E-03 1.000000000000000021E-03 1.000000000000000021E-03 1.000000000000000021E-03 1.000000000000000021E-03 1.000000000000000021E-03 1.000000000000000021E-03 1.000000000000000021E-03 1.000000000000000021E-03 1.000000000000000021E-03 1.000000000000000021E-03 1.000000000000000021E-03 1.000000000000000021E-03 1.000000000000000021E-03 1.000000000000000021E-03 1.000000000000000021E-03 1.000000000000000021E-03 1.000000000000000021E-03 1.000000000000000021E-03 1.000000000000000021E-03 1.000000000000000021E-03 1.000000000000000021E-03 1.000000000000000021E-03 1.000000000000000021E-03 1.000000000000000021E-03
1.000000000000000021E-03 1.000000000000000021E-03 1.000000000000000021E-03 1.000000000000000021E-03 1.000000000000000021E-03 1.000000000000000021E-03 1.000000000000000021E-03 1.000000000000000021E-03 1.000000000000000021E-03 1.000000000000000021E-03 1.000000000000000021E-03 1.000000000000000021E-03 1.000000000000000021E-03 1.000000000000000021E-03 1.000000000000000021E-03 1.000000000000000021E-03 1.000000000000000021E-03 1.000000000000000021E-03 1.000000000000000021E-03 1.000000000000000021E-03 1.000000000000000021E-03 1.000000000000000021E-03 1.000000000000000021E-03 1.000000000000000021E-03 1.000000000000000021E-03 1.000000000000000021E-03 1.000000000000000021E-03 1.000000000000000021E-03 1.000000000000000021E-03 1.000000000000000021E-03 1.000000000000000021E-03 1.000000000000000021E-03 1.000000000000000021E-03 1.000000000000000021E-03 1.000000000000000021E-03 1.000000000000000021E-03 1.000000000000000021E-03 1.000000000000000021E-03 1.000000000000000021E-03 1.000000000000000021E-03 1.000000000000000021E-03 1.000000000000000021E-03 1.000000000000000021E-03 1.000000000000000021E-03 1.000000000000000021E-03 1.000000000000000021E-03 1.000000000000000021E-03 1.000000000000000021E-03 1.000000000000000021E-03 1.000000000000000021E-03 1.000000000000000021E-03 1.000000000000000021E-03 1.000000000000000021E-03 1.000000000000000021E-03 1.000000000000000021E-03 1.000000000000000021E-03 1.000000000000000021E-03 1.000000000000000021E-03 1.000000000000000021E-03 1.000000000000000021E-03 1.000000000000000021E-03 1.000000000000000021E-03 1.000000000000000021E-03 1.000000000000000021E-03 1.000000000000000021E-03 1.000000000000000021E-03 1.000000000000000021E-03 1.000000000000000021E-03 1.000000000000000021E-03 1.000000000000000021E-03 1.000000000000000021E-03 1.000000000000000021E-03 1.000000000000000021E-03 1.000000000000000021E-03 1.000000000000000021E-03 1.000000000000000021E-03 1.000000000000000021E-03 1.000000000000000021E-03 1.000000000000000021E-03 1.000000000000000021E-03 1.000000000000000021E-03 1.000000000000000021E-03 1.000000000000000021E-03 1.000000000000000021E-03 1.000000000000000021E-03 1.000000000000000021E-03 1.000000000000000021E-03 1.000000000000000021E-03 1.000000000000000021E-03 1.000000000000000021E-03 1.000000000000000021E-03 1.000000000000000021E-03 1.000000000000000021E-03 1.000000000000000021E-03 1.000000000000000021E-03 1.000000000000000021E-03 1.000000000000000021E-03 1.431123289644117141E-03 1.475462272174851534E-03 1.582947431531984538E-03 1.430409812459529448E-03 1.379835070786704235E-03 1.000000000000000021E-03 1.000000000000000021E-03 1.000000000000000021E-03 1.000000000000000021E-03 1.000000000000000021E-03 1.000000000000000021E-03 1.000000000000000021E-03 1.000000000000000021E-03 1.000000000000000021E-03 1.000000000000000021E-03 1.000000000000000021E-03 1.000000000000000021E-03 1.000000000000000021E-03 1.000000000000000021E-03 1.000000000000000021E-03 1.000000000000000021E-03 1.000000000000000021E-03 1.000000000000000021E-03 1.000000000000000021E-03 1.000000000000000021E-03 1.000000000000000021E-03 1.000000000000000021E-03 1.000000000000000021E-03 1.000000000000000021E-03 1.000000000000000021E-03 1.000000000000000021E-03 1.000000000000000021E-03 1.000000000000000021E-03 1.000000000000000021E-03 1.000000000000000021E-03 1.000000000000000021E-03 1.000000000000000021E-03 1.000000000000000021E-03 1.000000000000000021E-03 1.000000000000000021E-03 1.000000000000000021E-03 1.000000000000000021E-03 1.000000000000000021E-03 1.000000000000000021E-03 1.000000000000000021E-03 1.000000000000000021E-03 1.000000000000000021E-03 1.000000000000000021E-03 1.000000000000000021E-03 1.000000000000000021E-03 1.000000000000000021E-03 1.000000000000000021E-03 1.000000000000000021E-03 1.000000000000000021E-03
1.000000000000000021E-03 1.000000000000000021E-03 1.000000000000000021E-03 1.000000000000000021E-03 1.000000000000000021E-03 1.000000000000000021E-03 1.000000000000000021E-03 1.000000000000000021E-03 1.000000000000000021E-03 1.000000000000000021E-03 1.000000000000000021E-03 1.000000000000000021E-03 1.000000000000000021E-03 1.000000000000000021E-03 1.000000000000000021E-03 1.000000000000000021E-03 1.000000000000000021E-03 1.000000000000000021E-03 1.000000000000000021E-03 1.000000000000000021E-03 1.000000000000000021E-03 1.000000000000000021E-03 1.000000000000000021E-03 1.000000000000000021E-03 1.000000000000000021E-03 1.000000000000000021E-03 1.000000000000000021E-03 1.000000000000000021E-03 1.000000000000000021E-03 1.000000000000000021E-03 1.000000000000000021E-03 1.000000000000000021E-03 1.000000000000000021E-03 1.000000000000000021E-03 1.000000000000000021E-03 1.000000000000000021E-03 1.000000000000000021E-03 1.000000000000000021E-03 1.000000000000000021E-03 1.000000000000000021E-03 1.000000000000000021E-03 1.000000000000000021E-03 1.000000000000000021E-03 1.000000000000000021E-03 1.000000000000000021E-03 1.000000000000000021E-03 1.000000000000000021E-03 1.000000000000000021E-03 1.000000000000000021E-03 1.000000000000000021E-03 1.000000000000000021E-03 1.000000000000000021E-03 1.000000000000000021E-03 1.000000000000000021E-03 1.000000000000000021E-03 1.000000000000000021E-03 1.000000000000000021E-03 1.000000000000000021E-03 1.000000000000000021E-03 1.000000000000000021E-03 1.000000000000000021E-03 1.000000000000000021E-03 1.000000000000000021E-03 1.000000000000000021E-03 1.000000000000000021E-03 1.000000000000000021E-03 1.000000000000000021E-03 1.000000000000000021E-03 1.000000000000000021E-03 1.000000000000000021E-03 1.000000000000000021E-03 1.000000000000000021E-03 1.000000000000000021E-03 1.000000000000000021E-03 1.000000000000000021E-03 1.000000000000000021E-03 1.000000000000000021E-03 1.000000000000000021E-03 1.000000000000000021E-03 1.000000000000000021E-03 1.000000000000000021E-03 1.000000000000000021E-03 1.000000000000000021E-03 1.000000000000000021E-03 1.000000000000000021E-03 1.000000000000000021E-03 1.000000000000000021E-03 1.000000000000000021E-03 1.000000000000000021E-03 1.000000000000000021E-03 1.000000000000000021E-03 1.000000000000000021E-03 1.000000000000000021E-03 1.000000000000000021E-03 1.000000000000000021E-03 1.000000000000000021E-03 1.000000000000000021E-03 1.200552668316065812E-03 1.394859875015740233E-03 1.487373727912231309E-03 1.209629976193050266E-03 1.395837231570509762E-03 1.000000000000000021E-03 1.000000000000000021E-03 1.000000000000000021E-03 1.000000000000000021E-03 1.000000000000000021E-03 1.000000000000000021E-03 1.000000000000000021E-03 1.000000000000000021E-03 1.000000000000000021E-03 1.000000000000000021E-03 1.000000000000000021E-03 1.000000000000000021E-03 1.000000000000000021E-03 1.000000000000000021E-03 1.000000000000000021E-03 1.000000000000000021E-03 1.000000000000000021E-03 1.000000000000000021E-03 1.000000000000000021E-03 1.000000000000000021E-03 1.000000000000000021E-03 1.000000000000000021E-03 1.000000000000000021E-03 1.000000000000000021E-03 1.000000000000000021E-03 1.000000000000000021E-03 1.000000000000000021E-03 1.000000000000000021E-03 1.000000000000000021E-03 1.000000000000000021E-03 1.000000000000000021E-03 1.000000000000000021E-03 1.000000000000000021E-03 1.000000000000000021E-03 1.000000000000000021E-03 1.000000000000000021E-03 1.000000000000000021E-03 1.000000000000000021E-03 1.000000000000000021E-03 1.000000000000000021E-03 1.000000000000000021E-03 1.000000000000000021E-03 1.000000000000000021E-03 1.000000000000000021E-03 1.000000000000000021E-03 1.000000000000000021E-03 1.000000000000000021E-03 1.000000000000000021E-03 1.000000000000000021E-03
1.000000000000000021E-03 1.000000000000000021E-03 1.000000000000000021E-03 1.000000000000000021E-03 1.000000000000000021E-03 1.000000000000000021E-03 1.000000000000000021E-03 1.000000000000000021E-03 1.000000000000000021E-03 1.000000000000000021E-03 1.000000000000000021E-03 1.000000000000000021E-03 1.000000000000000021E-03 1.000000000000000021E-03 1.000000000000000021E-03 1.000000000000000021E-03 1.000000000000000021E-03 1.000000000000000021E-03 1.000000000000000021E-03 1.000000000000000021E-03 1.000000000000000021E-03 1.000000000000000021E-03 1.000000000000000021E-03 1.000000000000000021E-03 1.000000000000000021E-03 1.000000000000000021E-03 1.000000000000000021E-03 1.000000000000000021E-03 1.000000000000000021E-03 1.000000000000000021E-03 1.000000000000000021E-03 1.000000000000000021E-03 1.000000000000000021E-03 1.000000000000000021E-03 1.000000000000000021E-03 1.000000000000000021E-03 1.000000000000000021E-03 1.000000000000000021E-03 1.000000000000000021E-03 1.000000000000000021E-03 1.000000000000000021E-03 1.000000000000000021E-03 1.000000000000000021E-03 1.000000000000000021E-03 1.000000000000000021E-03 1.000000000000000021E-03 1.000000000000000021E-03 1.000000000000000021E-03 1.000000000000000021E-03 1.000000000000000021E-03 1.000000000000000021E-03 1.000000000000000021E-03 1.000000000000000021E-03 1.000000000000000021E-03 1.000000000000000021E-03 1.000000000000000021E-03 1.000000000000000021E-03 1.000000000000000021E-03 1.000000000000000021E-03 1.000000000000000021E-03 1.000000000000000021E-03 1.000000000000000021E-03 1.000000000000000021E-03 1.000000000000000021E-03 1.000000000000000021E-03 1.000000000000000021E-03 1.000000000000000021E-03 1.000000000000000021E-03 1.000000000000000021E-03 1.000000000000000021E-03 1.000000000000000021E-03 1.000000000000000021E-03 1.000000000000000021E-03 1.000000000000000021E-03 1.000000000000000021E-03 1.000000000000000021E-03 1.000000000000000021E-03 1.000000000000000021E-03 1.000000000000000021E-03 1.000000000000000021E-03 1.000000000000000021E-03 1.000000000000000021E-03 1.000000000000000021E-03 1.000000000000000021E-03 1.000000000000000021E-03 1.000000000000000021E-03 1.000000000000000021E-03 1.000000000000000021E-03 1.000000000000000021E-03 1.000000000000000021E-03 1.000000000000000021E-03 1.000000000000000021E-03 1.000000000000000021E-03 1.000000000000000021E-03 1.000000000000000021E-03 1.000000000000000021E-03 1.000000000000000021E-03 1.162179446196662030E-03 1.299651932737075919E-03 1.220246986238886482E-03 9.724937886325119973E-04 1.000000000000000021E-03 1.000000000000000021E-03 1.000000000000000021E-03 1.000000000000000021E-03 1.000000000000000021E-03 1.000000000000000021E-03 1.000000000000000021E-03 1.000000000000000021E-03 1.000000000000000021E-03 1.000000000000000021E-03 1.000000000000000021E-03 1.000000000000000021E-03 1.000000000000000021E-03 1.000000000000000021E-03 1.000000000000000021E-03 1.000000000000000021E-03 1.000000000000000021E-03 1.000000000000000021E-03 1.000000000000000021E-03 1.000000000000000021E-03 1.000000000000000021E-03 1.000000000000000021E-03 1.000000000000000021E-03 1.000000000000000021E-03 1.000000000000000021E-03 1.000000000000000021E-03 1.000000000000000021E-03 1.000000000000000021E-03 1.000000000000000021E-03 1.000000000000000021E-03 1.000000000000000021E-03 1.000000000000000021E-03 1.000000000000000021E-03 1.000000000000000021E-03 1.000000000000000021E-03 1.000000000000000021E-03 1.000000000000000021E-03 1.000000000000000021E-03 1.000000000000000021E-03 1.000000000000000021E-03 1.000000000000000021E-03 1.000000000000000021E-03 1.000000000000000021E-03 1.000000000000000021E-03 1.000000000000000021E-03 1.000000000000000021E-03 1.000000000000000021E-03 1.000000000000000021E-03 1.000000000000000021E-03 1.000000000000000021E-03
1.000000000000000021E-03 1.000000000000000021E-03 1.000000000000000021E-03 1.000000000000000021E-03 1.000000000000000021E-03 1.000000000000000021E-03 1.000000000000000021E-03 1.000000000000000021E-03 1.000000000000000021E-03 1.000000000000000021E-03 1.000000000000000021E-03 1.000000000000000021E-03 1.000000000000000021E-03 1.000000000000000021E-03 1.000000000000000021E-03 1.000000000000000021E-03 1.000000000000000021E-03 1.000000000000000021E-03 1.000000000000000021E-03 1.000000000000000021E-03 1.000000000000000021E-03 1.000000000000000021E-03 1.000000000000000021E-03 1.000000000000000021E-03 1.000000000000000021E-03 1.000000000000000021E-03 1.000000000000000021E-03 1.000000000000000021E-03 1.000000000000000021E-03 1.000000000000000021E-03 1.000000000000000021E-03 1.000000000000000021E-03 1.000000000000000021E-03 1.000000000000000021E-03 1.000000000000000021E-03 1.000000000000000021E-03 1.000000000000000021E-03 1.000000000000000021E-03 1.000000000000000021E-03 1.000000000000000021E-03 1.000000000000000021E-03 1.000000000000000021E-03 1.000000000000000021E-03 1.000000000000000021E-03 1.000000000000000021E-03 1.000000000000000021E-03 1.000000000000000021E-03 1.000000000000000021E-03 1.000000000000000021E-03 1.000000000000000021E-03 1.000000000000000021E-03 1.000000000000000021E-03 1.000000000000000021E-03 1.000000000000000021E-03 1.000000000000000021E-03 1.000000000000000021E-03 1.000000000000000021E-03 1.000000000000000021E-03 1.000000000000000021E-03 1.000000000000000021E-03 1.000000000000000021E-03 1.000000000000000021E-03 1.000000000000000021E-03 1.000000000000000021E-03 1.000000000000000021E-03 1.000000000000000021E-03 1.000000000000000021E-03 1.000000000000000021E-03 1.000000000000000021E-03 1.000000000000000021E-03 1.000000000000000021E-03 1.000000000000000021E-03 1.000000000000000021E-03 1.000000000000000021E-03 1.000000000000000021E-03 1.000000000000000021E-03 1.000000000000000021E-03 1.000000000000000021E-03 1.000000000000000021E-03 1.000000000000000021E-03 1.000000000000000021E-03 1.000000000000000021E-03 1.000000000000000021E-03 1.000000000000000021E-03 1.000000000000000021E-03 1.000000000000000021E-03 1.000000000000000021E-03 1.000000000000000021E-03 1.000000000000000021E-03 1.000000000000000021E-03 1.000000000000000021E-03 1.000000000000000021E-03 1.000000000000000021E-03 1.000000000000000021E-03 1.000000000000000021E-03 1.000000000000000021E-03 1.000000000000000021E-03 1.135899944385599996E-03 1.305698712297749314E-03 1.060510265444953096E-03 9.614069293096733125E-04 1.000000000000000021E-03 1.000000000000000021E-03 1.000000000000000021E-03 1.000000000000000021E-03 1.000000000000000021E-03 1.000000000000000021E-03 1.000000000000000021E-03 1.000000000000000021E-03 1.000000000000000021E-03 1.000000000000000021E-03 1.000000000000000021E-03 1.000000000000000021E-03 1.000000000000000021E-03 1.000000000000000021E-03 1.000000000000000021E-03 1.000000000000000021E-03 1.000000000000000021E-03 1.000000000000000021E-03 1.000000000000000021E-03 1.000000000000000021E-03 1.000000000000000021E-03 1.000000000000000021E-03 1.000000000000000021E-03 1.000000000000000021E-03 1.000000000000000021E-03 1.000000000000000021E-03 1.000000000000000021E-03 1.000000000000000021E-03 1.000000000000000021E-03 1.000000000000000021E-03 1.000000000000000021E-03 1.000000000000000021E-03 1.000000000000000021E-03 1.000000000000000021E-03 1.000000000000000021E-03 1.000000000000000021E-03 1.000000000000000021E-03 1.000000000000000021E-03 1.000000000000000021E-03 1.000000000000000021E-03 1.000000000000000021E-03 1.000000000000000021E-03 1.000000000000000021E-03 1.000000000000000021E-03 1.000000000000000021E-03 1.000000000000000021E-03 1.000000000000000021E-03 1.000000000000000021E-03 1.000000000000000021E-03 1.000000000000000021E-03
1.000000000000000021E-03 1.000000000000000021E-03 1.000000000000000021E-03 1.000000000000000021E-03 1.000000000000000021E-03 1.000000000000000021E-03 1.000000000000000021E-03 1.000000000000000021E-03 1.000000000000000021E-03 1.000000000000000021E-03 1.000000000000000021E-03 1.000000000000000021E-03 1.000000000000000021E-03 1.000000000000000021E-03 1.000000000000000021E-03 1.000000000000000021E-03 1.000000000000000021E-03 1.000000000000000021E-03 1.000000000000000021E-03 1.000000000000000021E-03 1.000000000000000021E-03 1.000000000000000021E-03 1.000000000000000021E-03 1.000000000000000021E-03 1.000000000000000021E-03 1.000000000000000021E-03 1.000000000000000021E-03 1.000000000000000021E-03 1.000000000000000021E-03 1.000000000000000021E-03 1.000000000000000021E-03 1.000000000000000021E-03 1.000000000000000021E-03 1.000000000000000021E-03 1.000000000000000021E-03 1.000000000000000021E-03 1.000000000000000021E-03 1.000000000000000021E-03 1.000000000000000021E-03 1.000000000000000021E-03 1.000000000000000021E-03 1.000000000000000021E-03 1.000000000000000021E-03 1.000000000000000021E-03 1.000000000000000021E-03 1.000000000000000021E-03 1.000000000000000021E-03 1.000000000000000021E-03 1.000000000000000021E-03 1.000000000000000021E-03 1.000000000000000021E-03 1.000000000000000021E-03 1.000000000000000021E-03 1.000000000000000021E-03 1.000000000000000021E-03 1.000000000000000021E-03 1.000000000000000021E-03 1.000000000000000021E-03 1.000000000000000021E-03 1.000000000000000021E-03 1.000000000000000021E-03 1.000000000000000021E-03 1.000000000000000021E-03 1.000000000000000021E-03 1.000000000000000021E-03 1.000000000000000021E-03 1.000000000000000021E-03 1.000000000000000021E-03 1.000000000000000021E-03 1.000000000000000021E-03 1.000000000000000021E-03 1.000000000000000021E-03 1.000000000000000021E-03 1.000000000000000021E-03 1.000000000000000021E-03 1.000000000000000021E-03 1.000000000000000021E-03 1.000000000000000021E-03 1.000000000000000021E-03 1.000000000000000021E-03 1.000000000000000021E-03 1.000000000000000021E-03 1.000000000000000021E-03 1.000000000000000021E-03 1.000000000000000021E-03 1.000000000000000021E-03 1.000000000000000021E-03 1.000000000000000021E-03 1.000000000000000021E-03 1.000000000000000021E-03 1.000000000000000021E-03 1.000000000000000021E-03 1.000000000000000021E-03 1.000000000000000021E-03 1.000000000000000021E-03 1.000000000000000021E-03 1.000000000000000021E-03 1.090475619512371996E-03 1.172892980887059976E-03 1.048766889661289971E-03 8.302415532427892628E-04 1.000000000000000021E-03 1.000000000000000021E-03 1.000000000000000021E-03 1.000000000000000021E-03 1.000000000000000021E-03 1.000000000000000021E-03 1.000000000000000021E-03 1.000000000000000021E-03 1.000000000000000021E-03 1.000000000000000021E-03 1.000000000000000021E-03 1.000000000000000021E-03 1.000000000000000021E-03 1.000000000000000021E-03 1.000000000000000021E-03 1.000000000000000021E-03 1.000000000000000021E-03 1.000000000000000021E-03 1.000000000000000021E-03 1.000000000000000021E-03 1.000000000000000021E-03 1.000000000000000021E-03 1.000000000000000021E-03 1.000000000000000021E-03 1.000000000000000021E-03 1.000000000000000021E-03 1.000000000000000021E-03 1.000000000000000021E-03 1.000000000000000021E-03 1.000000000000000021E-03 1.000000000000000021E-03 1.000000000000000021E-03 1.000000000000000021E-03 1.000000000000000021E-03 1.000000000000000021E-03 1.000000000000000021E-03 1.000000000000000021E-03 1.000000000000000021E-03 1.000000000000000021E-03 1.000000000000000021E-03 1.000000000000000021E-03 1.000000000000000021E-03 1.000000000000000021E-03 1.000000000000000021E-03 1.000000000000000021E-03 1.000000000000000021E-03 1.000000000000000021E-03 1.000000000000000021E-03 1.000000000000000021E-03 1.000000000000000021E-03
1.000000000000000021E-03 1.000000000000000021E-03 1.000000000000000021E-03 1.000000000000000021E-03 1.000000000000000021E-03 1.000000000000000021E-03 1.000000000000000021E-03 1.000000000000000021E-03 1.000000000000000021E-03 1.000000000000000021E-03 1.000000000000000021E-03 1.000000000000000021E-03 1.000000000000000021E-03 1.000000000000000021E-03 1.000000000000000021E-03 1.000000000000000021E-03 1.000000000000000021E-03 1.000000000000000021E-03 1.000000000000000021E-03 1.000000000000000021E-03 1.000000000000000021E-03 1.000000000000000021E-03 1.000000000000000021E-03 1.000000000000000021E-03 1.000000000000000021E-03 1.000000000000000021E-03 1.000000000000000021E-03 1.000000000000000021E-03 1.000000000000000021E-03 1.000000000000000021E-03 1.000000000000000021E-03 1.000000000000000021E-03 1.000000000000000021E-03 1.000000000000000021E-03 1.000000000000000021E-03 1.000000000000000021E-03 1.000000000000000021E-03 1.000000000000000021E-03 1.000000000000000021E-03 1.000000000000000021E-03 1.000000000000000021E-03 1.000000000000000021E-03 1.000000000000000021E-03 1.000000000000000021E-03 1.000000000000000021E-03 1.000000000000000021E-03 1.000000000000000021E-03 1.000000000000000021E-03 1.000000000000000021E-03 1.000000000000000021E-03 1.000000000000000021E-03 1.000000000000000021E-03 1.000000000000000021E-03 1.000000000000000021E-03 1.000000000000000021E-03 1.000000000000000021E-03 1.000000000000000021E-03 1.000000000000000021E-03 1.000000000000000021E-03 1.000000000000000021E-03 1.000000000000000021E-03 1.000000000000000021E-03 1.000000000000000021E-03 1.000000000000000021E-03 1.000000000000000021E-03 1.000000000000000021E-03 1.000000000000000021E-03 1.000000000000000021E-03 1.000000000000000021E-03 1.000000000000000021E-03 1.000000000000000021E-03 1.000000000000000021E-03 1.000000000000000021E-03 1.000000000000000021E-03 1.000000000000000021E-03 1.000000000000000021E-03 1.000000000000000021E-03 1.000000000000000021E-03 1.000000000000000021E-03 1.000000000000000021E-03 1.000000000000000021E-03 1.000000000000000021E-03 1.000000000000000021E-03 1.000000000000000021E-03 1.000000000000000021E-03 1.000000000000000021E-03 1.000000000000000021E-03 1.000000000000000021E-03 1.000000000000000021E-03 1.000000000000000021E-03 1.000000000000000021E-03 1.000000000000000021E-03 1.000000000000000021E-03 1.000000000000000021E-03 1.000000000000000021E-03 1.000000000000000021E-03 1.000000000000000021E-03 8.198951390433215167E-04 8.094802808942892823E-04 8.674799531289013182E-04 7.935051029946650018E-04 1.000000000000000021E-03 1.000000000000000021E-03 1.000000000000000021E-03 1.000000000000000021E-03 1.000000000000000021E-03 1.000000000000000021E-03 1.000000000000000021E-03 1.000000000000000021E-03 1.000000000000000021E-03 1.000000000000000021E-03 1.000000000000000021E-03 1.000000000000000021E-03 1.000000000000000021E-03 1.000000000000000021E-03 1.000000000000000021E-03 1.000000000000000021E-03 1.000000000000000021E-03 1.000000000000000021E-03 1.000000000000000021E-03 1.000000000000000021E-03 1.000000000000000021E-03 1.000000000000000021E-03 1.000000000000000021E-03 1.000000000000000021E-03 1.000000000000000021E-03 1.000000000000000021E-03 1.000000000000000021E-03 1.000000000000000021E-03 1.000000000000000021E-03 1.000000000000000021E-03 1.000000000000000021E-03 1.000000000000000021E-03 1.000000000000000021E-03 1.000000000000000021E-03 1.000000000000000021E-03 1.000000000000000021E-03 1.000000000000000021E-03 1.000000000000000021E-03 1.000000000000000021E-03 1.000000000000000021E-03 1.000000000000000021E-03 1.000000000000000021E-03 1.000000000000000021E-03 1.000000000000000021E-03 1.000000000000000021E-03 1.000000000000000021E-03 1.000000000000000021E-03 1.000000000000000021E-03 1.000000000000000021E-03 1.000000000000000021E-03
