   1.000000E+30    1.000000E+30    1.000000E+30    1.000000E+30    1.000000E+30    1.000000E+30    1.000000E+30    1.000000E+30    1.000000E+30    1.000000E+30    1.000000E+30    1.000000E+30    1.000000E+30    1.000000E+30    1.000000E+30    1.000000E+30    1.000000E+30    1.000000E+30    1.000000E+30    1.000000E+30    1.000000E+30    1.000000E+30    1.000000E+30    1.000000E+30    1.000000E+30    1.000000E+30    1.000000E+30    1.000000E+30    1.000000E+30    1.000000E+30    1.000000E+30    1.000000E+30    1.000000E+30    1.000000E+30    1.000000E+30    1.000000E+30    1.000000E+30    1.000000E+30    1.000000E+30    1.000000E+30    1.000000E+30    1.000000E+30    1.000000E+30    1.000000E+30    1.000000E+30    1.000000E+30    1.000000E+30    1.000000E+30    1.000000E+30    1.000000E+30    1.000000E+30    1.000000E+30    1.000000E+30    1.000000E+30    1.000000E+30    1.000000E+30    1.000000E+30    1.000000E+30    1.000000E+30    1.361444E+01    1.360212E+01    1.358416E+01    1.356240E+01    1.353825E+01    1.351528E+01    1.349224E+01    1.346817E+01    1.344327E+01    1.341674E+01    1.338946E+01    1.335953E+01    1.332730E+01    1.329325E+01    1.325830E+01    1.322294E+01    1.318606E+01    1.314658E+01    1.310390E+01    1.305822E+01    1.300817E+01    1.295773E+01    1.291655E+01    1.000000E+30    1.000000E+30    1.000000E+30    1.000000E+30    1.000000E+30    1.000000E+30    1.000000E+30    1.000000E+30    1.000000E+30    1.000000E+30    1.000000E+30    1.000000E+30    1.000000E+30    1.000000E+30    1.000000E+30    1.000000E+30    1.000000E+30    1.000000E+30    1.000000E+30    1.000000E+30    1.000000E+30    1.000000E+30    1.000000E+30    1.000000E+30    1.000000E+30    1.000000E+30    1.000000E+30    1.000000E+30    1.000000E+30    1.000000E+30    1.000000E+30    1.000000E+30    1.000000E+30    1.000000E+30    1.000000E+30    1.000000E+30    1.000000E+30    1.000000E+30    1.000000E+30    1.000000E+30    1.000000E+30    1.000000E+30    1.000000E+30    1.000000E+30    1.000000E+30    1.000000E+30    1.000000E+30    1.000000E+30    1.000000E+30    1.000000E+30    1.000000E+30    1.000000E+30    1.000000E+30    1.000000E+30    1.000000E+30    1.000000E+30    1.000000E+30    1.000000E+30    1.000000E+30    1.000000E+30    1.000000E+30    1.000000E+30    1.000000E+30    1.000000E+30    1.000000E+30    1.000000E+30    1.000000E+30    1.000000E+30    1.000000E+30
   1.000000E+30    1.000000E+30    1.000000E+30    1.000000E+30    1.000000E+30    1.000000E+30    1.000000E+30    1.000000E+30    1.000000E+30    1.000000E+30    1.000000E+30    1.000000E+30    1.000000E+30    1.000000E+30    1.000000E+30    1.000000E+30    1.000000E+30    1.000000E+30    1.000000E+30    1.000000E+30    1.000000E+30    1.000000E+30    1.000000E+30    1.000000E+30    1.000000E+30    1.000000E+30    1.000000E+30    1.000000E+30    1.000000E+30    1.000000E+30    1.000000E+30    1.000000E+30    1.000000E+30    1.000000E+30    1.000000E+30    1.000000E+30    1.000000E+30    1.000000E+30    1.000000E+30    1.000000E+30    1.000000E+30    1.000000E+30    1.000000E+30    1.000000E+30    1.000000E+30    1.000000E+30    1.000000E+30    1.000000E+30    1.000000E+30    1.000000E+30    1.000000E+30    1.000000E+30    1.000000E+30    1.000000E+30    1.000000E+30    1.000000E+30    1.000000E+30    1.000000E+30    1.356080E+01    1.353952E+01    1.352019E+01    1.349959E+01    1.347743E+01    1.345416E+01    1.343062E+01    1.340665E+01    1.338206E+01    1.335668E+01    1.333026E+01    1.330269E+01    1.327323E+01    1.324188E+01    1.320926E+01    1.317552E+01    1.314040E+01    1.310302E+01    1.306320E+01    1.301983E+01    1.297270E+01    1.292077E+01    1.286191E+01    1.278763E+01    1.266108E+01    1.256833E+01    1.249432E+01    1.243252E+01    1.237954E+01    1.233331E+01    1.229205E+01    1.225489E+01    1.222124E+01    1.219083E+01    1.216341E+01    1.213864E+01    1.211637E+01    1.209639E+01    1.207841E+01    1.206213E+01    1.204743E+01    1.203421E+01    1.202243E+01    1.201201E+01    1.200284E+01    1.199475E+01    1.198763E+01    1.198147E+01    1.197622E+01    1.197173E+01    1.196793E+01    1.196482E+01    1.196234E+01    1.196053E+01    1.195938E+01    1.195880E+01    1.195873E+01    1.195908E+01    1.195979E+01    1.196040E+01    1.000000E+30    1.000000E+30    1.000000E+30    1.000000E+30    1.000000E+30    1.000000E+30    1.000000E+30    1.000000E+30    1.000000E+30    1.000000E+30    1.000000E+30    1.000000E+30    1.000000E+30    1.000000E+30    1.000000E+30    1.000000E+30    1.000000E+30    1.000000E+30    1.000000E+30    1.000000E+30    1.000000E+30    1.000000E+30    1.000000E+30    1.000000E+30    1.000000E+30    1.000000E+30    1.000000E+30    1.000000E+30    1.000000E+30    1.000000E+30    1.000000E+30    1.000000E+30    1.000000E+30
   1.000000E+30    1.000000E+30    1.000000E+30    1.000000E+30    1.000000E+30    1.000000E+30    1.000000E+30    1.000000E+30    1.000000E+30    1.000000E+30    1.000000E+30    1.000000E+30    1.000000E+30    1.000000E+30    1.000000E+30    1.000000E+30    1.000000E+30    1.000000E+30    1.000000E+30    1.000000E+30    1.000000E+30    1.000000E+30    1.000000E+30    1.000000E+30    1.000000E+30    1.000000E+30    1.000000E+30    1.000000E+30    1.000000E+30    1.000000E+30    1.000000E+30    1.000000E+30    1.000000E+30    1.000000E+30    1.000000E+30    1.000000E+30    1.000000E+30    1.000000E+30    1.000000E+30    1.000000E+30    1.000000E+30    1.000000E+30    1.000000E+30    1.000000E+30    1.000000E+30    1.000000E+30    1.000000E+30    1.000000E+30    1.000000E+30    1.000000E+30    1.000000E+30    1.000000E+30    1.000000E+30    1.000000E+30    1.000000E+30    1.000000E+30    1.354413E+01    1.352412E+01    1.349098E+01    1.346502E+01    1.344188E+01    1.341923E+01    1.339626E+01    1.337271E+01    1.334868E+01    1.332425E+01    1.329940E+01    1.327398E+01    1.324772E+01    1.322015E+01    1.319101E+01    1.316083E+01    1.312952E+01    1.309665E+01    1.306159E+01    1.302422E+01    1.298457E+01    1.294166E+01    1.289463E+01    1.284258E+01    1.278342E+01    1.271340E+01    1.262819E+01    1.255073E+01    1.248379E+01    1.242546E+01    1.237436E+01    1.232919E+01    1.228868E+01    1.225207E+01    1.221887E+01    1.218886E+01    1.216185E+01    1.213748E+01    1.211551E+01    1.209574E+01    1.207794E+01    1.206193E+01    1.204744E+01    1.203436E+01    1.202274E+01    1.201250E+01    1.200344E+01    1.199545E+01    1.198847E+01    1.198246E+01    1.197734E+01    1.197300E+01    1.196933E+01    1.196634E+01    1.196396E+01    1.196227E+01    1.196123E+01    1.196078E+01    1.196085E+01    1.196137E+01    1.196210E+01    1.196313E+01    1.196539E+01    1.196687E+01    1.196736E+01    1.196740E+01    1.196759E+01    1.196781E+01    1.196812E+01    1.196845E+01    1.196872E+01    1.196895E+01    1.196911E+01    1.196914E+01    1.196903E+01    1.196877E+01    1.196837E+01    1.196788E+01    1.196720E+01    1.196633E+01    1.196534E+01    1.196421E+01    1.196298E+01    1.196164E+01    1.196016E+01    1.195852E+01    1.195679E+01    1.195510E+01    1.195357E+01    1.195219E+01    1.195090E+01    1.194969E+01    1.194867E+01    1.194803E+01    1.000000E+30
   1.000000E+30    1.000000E+30    1.000000E+30    1.000000E+30    1.000000E+30    1.000000E+30    1.000000E+30    1.000000E+30    1.000000E+30    1.000000E+30    1.000000E+30    1.000000E+30    1.000000E+30    1.000000E+30    1.000000E+30    1.000000E+30    1.000000E+30    1.000000E+30    1.000000E+30    1.000000E+30    1.000000E+30    1.000000E+30    1.000000E+30    1.000000E+30    1.000000E+30    1.000000E+30    1.000000E+30    1.000000E+30    1.000000E+30    1.000000E+30    1.000000E+30    1.000000E+30    1.000000E+30    1.000000E+30    1.000000E+30    1.000000E+30    1.000000E+30    1.000000E+30    1.000000E+30    1.000000E+30    1.000000E+30    1.000000E+30    1.000000E+30    1.000000E+30    1.000000E+30    1.000000E+30    1.000000E+30    1.000000E+30    1.000000E+30    1.000000E+30    1.000000E+30    1.000000E+30    1.000000E+30    1.000000E+30    1.000000E+30    1.349676E+01    1.347043E+01    1.344473E+01    1.341657E+01    1.339032E+01    1.336570E+01    1.334181E+01    1.331802E+01    1.329395E+01    1.326962E+01    1.324510E+01    1.322031E+01    1.319499E+01    1.316877E+01    1.314139E+01    1.311326E+01    1.308414E+01    1.305354E+01    1.302105E+01    1.298640E+01    1.295000E+01    1.291118E+01    1.286936E+01    1.282391E+01    1.277396E+01    1.271859E+01    1.265718E+01    1.259029E+01    1.252571E+01    1.246655E+01    1.241323E+01    1.236523E+01    1.232184E+01    1.228270E+01    1.224723E+01    1.221501E+01    1.218588E+01    1.215959E+01    1.213589E+01    1.211451E+01    1.209523E+01    1.207786E+01    1.206219E+01    1.204806E+01    1.203533E+01    1.202401E+01    1.201402E+01    1.200518E+01    1.199743E+01    1.199070E+01    1.198494E+01    1.198007E+01    1.197600E+01    1.197257E+01    1.196978E+01    1.196763E+01    1.196614E+01    1.196531E+01    1.196510E+01    1.196538E+01    1.196582E+01    1.196637E+01    1.196725E+01    1.196876E+01    1.196971E+01    1.197001E+01    1.197016E+01    1.197044E+01    1.197078E+01    1.197119E+01    1.197160E+01    1.197198E+01    1.197229E+01    1.197254E+01    1.197266E+01    1.197263E+01    1.197249E+01    1.197216E+01    1.197168E+01    1.197104E+01    1.197022E+01    1.196926E+01    1.196819E+01    1.196701E+01    1.196569E+01    1.196426E+01    1.196265E+01    1.196094E+01    1.195923E+01    1.195762E+01    1.195620E+01    1.195489E+01    1.195366E+01    1.195261E+01    1.195191E+01    1.000000E+30
   1.000000E+30    1.000000E+30    1.000000E+30    1.000000E+30    1.000000E+30    1.000000E+30    1.000000E+30    1.000000E+30    1.000000E+30    1.000000E+30    1.000000E+30    1.000000E+30    1.000000E+30    1.000000E+30    1.000000E+30    1.000000E+30    1.000000E+30    1.000000E+30    1.000000E+30    1.000000E+30    1.000000E+30    1.000000E+30    1.000000E+30    1.000000E+30    1.000000E+30    1.000000E+30    1.000000E+30    1.000000E+30    1.000000E+30    1.000000E+30    1.000000E+30    1.000000E+30    1.000000E+30    1.000000E+30    1.000000E+30    1.000000E+30    1.000000E+30    1.000000E+30    1.000000E+30    1.000000E+30    1.000000E+30    1.000000E+30    1.000000E+30    1.000000E+30    1.000000E+30    1.000000E+30    1.000000E+30    1.000000E+30    1.000000E+30    1.000000E+30    1.000000E+30    1.000000E+30    1.000000E+30    1.349319E+01    1.347032E+01    1.343038E+01    1.339899E+01    1.337065E+01    1.334307E+01    1.331665E+01    1.329129E+01    1.326668E+01    1.324235E+01    1.321799E+01    1.319357E+01    1.316919E+01    1.314455E+01    1.311935E+01    1.309336E+01    1.306689E+01    1.303965E+01    1.301104E+01    1.298088E+01    1.294898E+01    1.291555E+01    1.288050E+01    1.284301E+01    1.280281E+01    1.275963E+01    1.271302E+01    1.266262E+01    1.260878E+01    1.255283E+01    1.249766E+01    1.244534E+01    1.239719E+01    1.235271E+01    1.231181E+01    1.227465E+01    1.224080E+01    1.220996E+01    1.218202E+01    1.215680E+01    1.213396E+01    1.211339E+01    1.209488E+01    1.207817E+01    1.206301E+01    1.204930E+01    1.203709E+01    1.202621E+01    1.201653E+01    1.200804E+01    1.200067E+01    1.199432E+01    1.198891E+01    1.198440E+01    1.198072E+01    1.197763E+01    1.197518E+01    1.197336E+01    1.197220E+01    1.197171E+01    1.197177E+01    1.197200E+01    1.197228E+01    1.197279E+01    1.197375E+01    1.197490E+01    1.197538E+01    1.197558E+01    1.197590E+01    1.197633E+01    1.197683E+01    1.197738E+01    1.197797E+01    1.197852E+01    1.197901E+01    1.197939E+01    1.197964E+01    1.197979E+01    1.197978E+01    1.197962E+01    1.197919E+01    1.197862E+01    1.197788E+01    1.197699E+01    1.197598E+01    1.197483E+01    1.197358E+01    1.197219E+01    1.197059E+01    1.196890E+01    1.196714E+01    1.196545E+01    1.196393E+01    1.196258E+01    1.196131E+01    1.196029E+01    1.195963E+01    1.000000E+30
   1.000000E+30    1.000000E+30    1.000000E+30    1.000000E+30    1.000000E+30    1.000000E+30    1.000000E+30    1.000000E+30    1.000000E+30    1.000000E+30    1.000000E+30    1.000000E+30    1.000000E+30    1.000000E+30    1.000000E+30    1.000000E+30    1.000000E+30    1.000000E+30    1.000000E+30    1.000000E+30    1.000000E+30    1.000000E+30    1.000000E+30    1.000000E+30    1.000000E+30    1.000000E+30    1.000000E+30    1.000000E+30    1.000000E+30    1.000000E+30    1.000000E+30    1.000000E+30    1.000000E+30    1.000000E+30    1.000000E+30    1.000000E+30    1.000000E+30    1.000000E+30    1.000000E+30    1.000000E+30    1.000000E+30    1.000000E+30    1.000000E+30    1.000000E+30    1.000000E+30    1.000000E+30    1.000000E+30    1.000000E+30    1.000000E+30    1.000000E+30    1.000000E+30    1.000000E+30    1.345167E+01    1.342117E+01    1.339148E+01    1.335841E+01    1.332751E+01    1.329864E+01    1.327098E+01    1.324437E+01    1.321871E+01    1.319377E+01    1.316919E+01    1.314480E+01    1.312056E+01    1.309636E+01    1.307186E+01    1.304703E+01    1.302187E+01    1.299617E+01    1.296932E+01    1.294124E+01    1.291182E+01    1.288111E+01    1.284906E+01    1.281534E+01    1.277956E+01    1.274144E+01    1.270087E+01    1.265786E+01    1.261239E+01    1.256493E+01    1.251638E+01    1.246815E+01    1.242205E+01    1.237862E+01    1.233771E+01    1.229978E+01    1.226503E+01    1.223311E+01    1.220394E+01    1.217755E+01    1.215359E+01    1.213186E+01    1.211235E+01    1.209481E+01    1.207887E+01    1.206435E+01    1.205133E+01    1.203969E+01    1.202933E+01    1.202020E+01    1.201218E+01    1.200526E+01    1.199936E+01    1.199439E+01    1.199029E+01    1.198708E+01    1.198453E+01    1.198253E+01    1.198113E+01    1.198044E+01    1.198037E+01    1.198045E+01    1.198056E+01    1.198095E+01    1.198173E+01    1.198300E+01    1.198360E+01    1.198378E+01    1.198411E+01    1.198463E+01    1.198530E+01    1.198604E+01    1.198681E+01    1.198758E+01    1.198836E+01    1.198907E+01    1.198967E+01    1.199014E+01    1.199049E+01    1.199068E+01    1.199069E+01    1.199046E+01    1.199002E+01    1.198940E+01    1.198861E+01    1.198764E+01    1.198655E+01    1.198534E+01    1.198399E+01    1.198242E+01    1.198070E+01    1.197889E+01    1.197713E+01    1.197553E+01    1.197409E+01    1.197277E+01    1.197174E+01    1.197109E+01    1.000000E+30
   1.000000E+30    1.000000E+30    1.000000E+30    1.000000E+30    1.000000E+30    1.000000E+30    1.000000E+30    1.000000E+30    1.000000E+30    1.000000E+30    1.000000E+30    1.000000E+30    1.000000E+30    1.000000E+30    1.000000E+30    1.000000E+30    1.000000E+30    1.000000E+30    1.000000E+30    1.000000E+30    1.000000E+30    1.000000E+30    1.000000E+30    1.000000E+30    1.000000E+30    1.000000E+30    1.000000E+30    1.000000E+30    1.000000E+30    1.000000E+30    1.000000E+30    1.000000E+30    1.000000E+30    1.000000E+30    1.000000E+30    1.000000E+30    1.000000E+30    1.000000E+30    1.000000E+30    1.000000E+30    1.000000E+30    1.000000E+30    1.000000E+30    1.000000E+30    1.000000E+30    1.000000E+30    1.000000E+30    1.000000E+30    1.000000E+30    1.000000E+30    1.345782E+01    1.343238E+01    1.338733E+01    1.335157E+01    1.331911E+01    1.328732E+01    1.325700E+01    1.322811E+01    1.320041E+01    1.317381E+01    1.314813E+01    1.312307E+01    1.309850E+01    1.307435E+01    1.305040E+01    1.302638E+01    1.300241E+01    1.297836E+01    1.295388E+01    1.292847E+01    1.290216E+01    1.287486E+01    1.284659E+01    1.281718E+01    1.278648E+01    1.275428E+01    1.272031E+01    1.268445E+01    1.264679E+01    1.260738E+01    1.256632E+01    1.252398E+01    1.248114E+01    1.243874E+01    1.239774E+01    1.235850E+01    1.232131E+01    1.228654E+01    1.225434E+01    1.222459E+01    1.219743E+01    1.217275E+01    1.215023E+01    1.212982E+01    1.211146E+01    1.209493E+01    1.207995E+01    1.206633E+01    1.205409E+01    1.204317E+01    1.203348E+01    1.202501E+01    1.201762E+01    1.201126E+01    1.200591E+01    1.200147E+01    1.199789E+01    1.199510E+01    1.199317E+01    1.199179E+01    1.199094E+01    1.199083E+01    1.199090E+01    1.199095E+01    1.199135E+01    1.199217E+01    1.199346E+01    1.199461E+01    1.199480E+01    1.199487E+01    1.199550E+01    1.199636E+01    1.199738E+01    1.199849E+01    1.199954E+01    1.200060E+01    1.200163E+01    1.200260E+01    1.200347E+01    1.200424E+01    1.200484E+01    1.200524E+01    1.200547E+01    1.200554E+01    1.200527E+01    1.200480E+01    1.200413E+01    1.200326E+01    1.200226E+01    1.200109E+01    1.199970E+01    1.199820E+01    1.199650E+01    1.199467E+01    1.199289E+01    1.199113E+01    1.198948E+01    1.198803E+01    1.198682E+01    1.198611E+01    1.000000E+30
   1.000000E+30    1.000000E+30    1.000000E+30    1.000000E+30    1.000000E+30    1.000000E+30    1.000000E+30    1.000000E+30    1.000000E+30    1.000000E+30    1.000000E+30    1.000000E+30    1.000000E+30    1.000000E+30    1.000000E+30    1.000000E+30    1.000000E+30    1.000000E+30    1.000000E+30    1.000000E+30    1.000000E+30    1.000000E+30    1.000000E+30    1.000000E+30    1.000000E+30    1.000000E+30    1.000000E+30    1.000000E+30    1.000000E+30    1.000000E+30    1.000000E+30    1.000000E+30    1.000000E+30    1.000000E+30    1.000000E+30    1.000000E+30    1.000000E+30    1.000000E+30    1.000000E+30    1.000000E+30    1.000000E+30    1.000000E+30    1.000000E+30    1.000000E+30    1.000000E+30    1.000000E+30    1.000000E+30    1.000000E+30    1.345805E+01    1.343237E+01    1.339007E+01    1.335481E+01    1.331713E+01    1.328206E+01    1.324923E+01    1.321793E+01    1.318797E+01    1.315923E+01    1.313168E+01    1.310521E+01    1.307957E+01    1.305467E+01    1.303041E+01    1.300653E+01    1.298285E+01    1.295953E+01    1.293641E+01    1.291292E+01    1.288874E+01    1.286389E+01    1.283833E+01    1.281205E+01    1.278498E+01    1.275691E+01    1.272761E+01    1.269693E+01    1.266486E+01    1.263148E+01    1.259678E+01    1.256082E+01    1.252373E+01    1.248579E+01    1.244756E+01    1.240986E+01    1.237326E+01    1.233800E+01    1.230436E+01    1.227264E+01    1.224311E+01    1.221582E+01    1.219072E+01    1.216781E+01    1.214688E+01    1.212783E+01    1.211073E+01    1.209536E+01    1.208144E+01    1.206891E+01    1.205769E+01    1.204764E+01    1.203874E+01    1.203102E+01    1.202438E+01    1.201871E+01    1.201402E+01    1.201024E+01    1.200729E+01    1.200512E+01    1.200366E+01    1.200291E+01    1.200282E+01    1.200300E+01    1.200312E+01    1.200355E+01    1.200461E+01    1.200609E+01    1.200777E+01    1.200832E+01    1.200851E+01    1.200887E+01    1.200991E+01    1.201124E+01    1.201271E+01    1.201426E+01    1.201563E+01    1.201706E+01    1.201843E+01    1.201973E+01    1.202091E+01    1.202199E+01    1.202288E+01    1.202355E+01    1.202409E+01    1.202443E+01    1.202450E+01    1.202426E+01    1.202378E+01    1.202304E+01    1.202212E+01    1.202102E+01    1.201968E+01    1.201819E+01    1.201654E+01    1.201463E+01    1.201263E+01    1.201060E+01    1.200863E+01    1.200702E+01    1.200586E+01    1.200527E+01    1.000000E+30
   1.000000E+30    1.000000E+30    1.000000E+30    1.000000E+30    1.000000E+30    1.000000E+30    1.000000E+30    1.000000E+30    1.000000E+30    1.000000E+30    1.000000E+30    1.000000E+30    1.000000E+30    1.000000E+30    1.000000E+30    1.000000E+30    1.000000E+30    1.000000E+30    1.000000E+30    1.000000E+30    1.000000E+30    1.000000E+30    1.000000E+30    1.000000E+30    1.000000E+30    1.000000E+30    1.000000E+30    1.000000E+30    1.000000E+30    1.000000E+30    1.000000E+30    1.000000E+30    1.000000E+30    1.000000E+30    1.000000E+30    1.000000E+30    1.000000E+30    1.000000E+30    1.000000E+30    1.000000E+30    1.000000E+30    1.000000E+30    1.000000E+30    1.000000E+30    1.000000E+30    1.000000E+30    1.000000E+30    1.342352E+01    1.338926E+01    1.335575E+01    1.331889E+01    1.328320E+01    1.324771E+01    1.321361E+01    1.318119E+01    1.315027E+01    1.312061E+01    1.309221E+01    1.306494E+01    1.303867E+01    1.301333E+01    1.298880E+01    1.296481E+01    1.294119E+01    1.291832E+01    1.289593E+01    1.287328E+01    1.285013E+01    1.282649E+01    1.280240E+01    1.277780E+01    1.275266E+01    1.272681E+01    1.269999E+01    1.267203E+01    1.264305E+01    1.261314E+01    1.258222E+01    1.255034E+01    1.251760E+01    1.248407E+01    1.244993E+01    1.241577E+01    1.238213E+01    1.234931E+01    1.231768E+01    1.228733E+01    1.225856E+01    1.223183E+01    1.220703E+01    1.218398E+01    1.216292E+01    1.214365E+01    1.212600E+01    1.211018E+01    1.209617E+01    1.208357E+01    1.207223E+01    1.206210E+01    1.205308E+01    1.204514E+01    1.203826E+01    1.203244E+01    1.202758E+01    1.202366E+01    1.202063E+01    1.201842E+01    1.201696E+01    1.201616E+01    1.201611E+01    1.201651E+01    1.201677E+01    1.201738E+01    1.201857E+01    1.202033E+01    1.202269E+01    1.202413E+01    1.202456E+01    1.202496E+01    1.202596E+01    1.202749E+01    1.202932E+01    1.203127E+01    1.203323E+01    1.203513E+01    1.203698E+01    1.203875E+01    1.204041E+01    1.204197E+01    1.204337E+01    1.204461E+01    1.204570E+01    1.204659E+01    1.204730E+01    1.204776E+01    1.204786E+01    1.204765E+01    1.204713E+01    1.204632E+01    1.204530E+01    1.204407E+01    1.204252E+01    1.204070E+01    1.203867E+01    1.203642E+01    1.203416E+01    1.203211E+01    1.203045E+01    1.202936E+01    1.202890E+01    1.000000E+30
   1.000000E+30    1.000000E+30    1.000000E+30    1.000000E+30    1.000000E+30    1.000000E+30    1.000000E+30    1.000000E+30    1.000000E+30    1.000000E+30    1.000000E+30    1.000000E+30    1.000000E+30    1.000000E+30    1.000000E+30    1.000000E+30    1.000000E+30    1.000000E+30    1.000000E+30    1.000000E+30    1.000000E+30    1.000000E+30    1.000000E+30    1.000000E+30    1.000000E+30    1.000000E+30    1.000000E+30    1.000000E+30    1.000000E+30    1.000000E+30    1.000000E+30    1.000000E+30    1.000000E+30    1.000000E+30    1.000000E+30    1.000000E+30    1.000000E+30    1.000000E+30    1.000000E+30    1.000000E+30    1.000000E+30    1.000000E+30    1.000000E+30    1.000000E+30    1.000000E+30    1.344132E+01    1.341290E+01    1.336352E+01    1.332335E+01    1.328655E+01    1.325028E+01    1.321482E+01    1.318025E+01    1.314695E+01    1.311509E+01    1.308450E+01    1.305519E+01    1.302719E+01    1.300033E+01    1.297454E+01    1.294962E+01    1.292537E+01    1.290171E+01    1.287897E+01    1.285695E+01    1.283492E+01    1.281260E+01    1.279000E+01    1.276714E+01    1.274394E+01    1.272039E+01    1.269638E+01    1.267172E+01    1.264608E+01    1.261962E+01    1.259256E+01    1.256481E+01    1.253631E+01    1.250711E+01    1.247735E+01    1.244699E+01    1.241631E+01    1.238578E+01    1.235565E+01    1.232621E+01    1.229783E+01    1.227060E+01    1.224473E+01    1.222075E+01    1.219837E+01    1.217736E+01    1.215810E+01    1.214053E+01    1.212453E+01    1.211013E+01    1.209751E+01    1.208644E+01    1.207642E+01    1.206745E+01    1.205958E+01    1.205272E+01    1.204681E+01    1.204189E+01    1.203793E+01    1.203486E+01    1.203267E+01    1.203128E+01    1.203058E+01    1.203063E+01    1.203118E+01    1.203164E+01    1.203245E+01    1.203399E+01    1.203599E+01    1.203868E+01    1.204127E+01    1.204259E+01    1.204334E+01    1.204428E+01    1.204624E+01    1.204837E+01    1.205072E+01    1.205320E+01    1.205559E+01    1.205807E+01    1.206041E+01    1.206264E+01    1.206474E+01    1.206671E+01    1.206857E+01    1.207031E+01    1.207192E+01    1.207326E+01    1.207440E+01    1.207519E+01    1.207566E+01    1.207573E+01    1.207553E+01    1.207498E+01    1.207397E+01    1.207268E+01    1.207103E+01    1.206906E+01    1.206707E+01    1.206492E+01    1.206263E+01    1.206048E+01    1.205879E+01    1.205785E+01    1.205745E+01    1.000000E+30
   1.000000E+30    1.000000E+30    1.000000E+30    1.000000E+30    1.000000E+30    1.000000E+30    1.000000E+30    1.000000E+30    1.000000E+30    1.000000E+30    1.000000E+30    1.000000E+30    1.000000E+30    1.000000E+30    1.000000E+30    1.000000E+30    1.000000E+30    1.000000E+30    1.000000E+30    1.000000E+30    1.000000E+30    1.000000E+30    1.000000E+30    1.000000E+30    1.000000E+30    1.000000E+30    1.000000E+30    1.000000E+30    1.000000E+30    1.000000E+30    1.000000E+30    1.000000E+30    1.000000E+30    1.000000E+30    1.000000E+30    1.000000E+30    1.000000E+30    1.000000E+30    1.000000E+30    1.000000E+30    1.000000E+30    1.000000E+30    1.000000E+30    1.000000E+30    1.341932E+01    1.337905E+01    1.334065E+01    1.329828E+01    1.325836E+01    1.322079E+01    1.318441E+01    1.314917E+01    1.311514E+01    1.308243E+01    1.305099E+01    1.302075E+01    1.299186E+01    1.296435E+01    1.293808E+01    1.291277E+01    1.288816E+01    1.286437E+01    1.284168E+01    1.281977E+01    1.279798E+01    1.277618E+01    1.275442E+01    1.273262E+01    1.271069E+01    1.268851E+01    1.266599E+01    1.264304E+01    1.261946E+01    1.259514E+01    1.257046E+01    1.254538E+01    1.251977E+01    1.249359E+01    1.246691E+01    1.243980E+01    1.241231E+01    1.238480E+01    1.235750E+01    1.233039E+01    1.230402E+01    1.227867E+01    1.225444E+01    1.223146E+01    1.220999E+01    1.218974E+01    1.217084E+01    1.215357E+01    1.213789E+01    1.212365E+01    1.211082E+01    1.209965E+01    1.209003E+01    1.208140E+01    1.207371E+01    1.206712E+01    1.206149E+01    1.205670E+01    1.205284E+01    1.204984E+01    1.204772E+01    1.204646E+01    1.204594E+01    1.204612E+01    1.204691E+01    1.204759E+01    1.204857E+01    1.205039E+01    1.205287E+01    1.205577E+01    1.205930E+01    1.206148E+01    1.206317E+01    1.206475E+01    1.206689E+01    1.206985E+01    1.207283E+01    1.207585E+01    1.207890E+01    1.208186E+01    1.208479E+01    1.208767E+01    1.209041E+01    1.209300E+01    1.209547E+01    1.209789E+01    1.210026E+01    1.210247E+01    1.210439E+01    1.210592E+01    1.210711E+01    1.210797E+01    1.210840E+01    1.210833E+01    1.210787E+01    1.210691E+01    1.210558E+01    1.210405E+01    1.210240E+01    1.210062E+01    1.209862E+01    1.209648E+01    1.209453E+01    1.209305E+01    1.209230E+01    1.209194E+01    1.000000E+30
   1.000000E+30    1.000000E+30    1.000000E+30    1.000000E+30    1.000000E+30    1.000000E+30    1.000000E+30    1.000000E+30    1.000000E+30    1.000000E+30    1.000000E+30    1.000000E+30    1.000000E+30    1.000000E+30    1.000000E+30    1.000000E+30    1.000000E+30    1.000000E+30    1.000000E+30    1.000000E+30    1.000000E+30    1.000000E+30    1.000000E+30    1.000000E+30    1.000000E+30    1.000000E+30    1.000000E+30    1.000000E+30    1.000000E+30    1.000000E+30    1.000000E+30    1.000000E+30    1.000000E+30    1.000000E+30    1.000000E+30    1.000000E+30    1.000000E+30    1.000000E+30    1.000000E+30    1.000000E+30    1.000000E+30    1.000000E+30    1.346057E+01    1.342603E+01    1.336669E+01    1.331934E+01    1.327657E+01    1.323498E+01    1.319533E+01    1.315756E+01    1.312121E+01    1.308613E+01    1.305242E+01    1.302009E+01    1.298897E+01    1.295914E+01    1.293081E+01    1.290388E+01    1.287805E+01    1.285306E+01    1.282908E+01    1.280627E+01    1.278432E+01    1.276263E+01    1.274112E+01    1.271987E+01    1.269887E+01    1.267801E+01    1.265705E+01    1.263588E+01    1.261439E+01    1.259244E+01    1.257000E+01    1.254733E+01    1.252449E+01    1.250132E+01    1.247772E+01    1.245371E+01    1.242937E+01    1.240473E+01    1.238000E+01    1.235538E+01    1.233069E+01    1.230639E+01    1.228301E+01    1.226061E+01    1.223910E+01    1.221873E+01    1.219956E+01    1.218156E+01    1.216493E+01    1.214974E+01    1.213590E+01    1.212344E+01    1.211234E+01    1.210265E+01    1.209440E+01    1.208725E+01    1.208099E+01    1.207578E+01    1.207146E+01    1.206798E+01    1.206529E+01    1.206340E+01    1.206231E+01    1.206202E+01    1.206243E+01    1.206355E+01    1.206455E+01    1.206566E+01    1.206765E+01    1.207062E+01    1.207398E+01    1.207837E+01    1.208192E+01    1.208436E+01    1.208652E+01    1.208913E+01    1.209270E+01    1.209660E+01    1.210068E+01    1.210471E+01    1.210862E+01    1.211235E+01    1.211592E+01    1.211944E+01    1.212270E+01    1.212591E+01    1.212897E+01    1.213184E+01    1.213469E+01    1.213753E+01    1.214009E+01    1.214215E+01    1.214388E+01    1.214501E+01    1.214566E+01    1.214580E+01    1.214536E+01    1.214464E+01    1.214368E+01    1.214242E+01    1.214099E+01    1.213953E+01    1.213795E+01    1.213635E+01    1.213495E+01    1.213395E+01    1.213335E+01    1.213307E+01    1.000000E+30
   1.000000E+30    1.000000E+30    1.000000E+30    1.000000E+30    1.000000E+30    1.000000E+30    1.000000E+30    1.000000E+30    1.000000E+30    1.000000E+30    1.000000E+30    1.000000E+30    1.000000E+30    1.000000E+30    1.000000E+30    1.000000E+30    1.000000E+30    1.000000E+30    1.000000E+30    1.000000E+30    1.000000E+30    1.000000E+30    1.000000E+30    1.000000E+30    1.000000E+30    1.000000E+30    1.000000E+30    1.000000E+30    1.000000E+30    1.000000E+30    1.000000E+30    1.000000E+30    1.000000E+30    1.000000E+30    1.000000E+30    1.000000E+30    1.000000E+30    1.000000E+30    1.000000E+30    1.000000E+30    1.000000E+30    1.345005E+01    1.340226E+01    1.335662E+01    1.330645E+01    1.325953E+01    1.321574E+01    1.317415E+01    1.313459E+01    1.309679E+01    1.306047E+01    1.302551E+01    1.299206E+01    1.296002E+01    1.292928E+01    1.289998E+01    1.287223E+01    1.284572E+01    1.282018E+01    1.279590E+01    1.277289E+01    1.275071E+01    1.272895E+01    1.270754E+01    1.268659E+01    1.266614E+01    1.264603E+01    1.262603E+01    1.260598E+01    1.258582E+01    1.256537E+01    1.254454E+01    1.252358E+01    1.250259E+01    1.248141E+01    1.245999E+01    1.243829E+01    1.241635E+01    1.239423E+01    1.237206E+01    1.234992E+01    1.232763E+01    1.230547E+01    1.228406E+01    1.226355E+01    1.224379E+01    1.222481E+01    1.220682E+01    1.218992E+01    1.217422E+01    1.215977E+01    1.214658E+01    1.213465E+01    1.212408E+01    1.211473E+01    1.210667E+01    1.209986E+01    1.209417E+01    1.208946E+01    1.208568E+01    1.208273E+01    1.208067E+01    1.207933E+01    1.207864E+01    1.207864E+01    1.207936E+01    1.208089E+01    1.208244E+01    1.208377E+01    1.208578E+01    1.208900E+01    1.209306E+01    1.209771E+01    1.210324E+01    1.210687E+01    1.211016E+01    1.211314E+01    1.211678E+01    1.212160E+01    1.212659E+01    1.213178E+01    1.213700E+01    1.214210E+01    1.214701E+01    1.215166E+01    1.215607E+01    1.216023E+01    1.216427E+01    1.216799E+01    1.217126E+01    1.217436E+01    1.217756E+01    1.218069E+01    1.218332E+01    1.218553E+01    1.218712E+01    1.218800E+01    1.218844E+01    1.218842E+01    1.218837E+01    1.218772E+01    1.218674E+01    1.218573E+01    1.218476E+01    1.218382E+01    1.218298E+01    1.218218E+01    1.218156E+01    1.218108E+01    1.218093E+01    1.000000E+30
   1.000000E+30    1.000000E+30    1.000000E+30    1.000000E+30    1.000000E+30    1.000000E+30    1.000000E+30    1.000000E+30    1.000000E+30    1.000000E+30    1.000000E+30    1.000000E+30    1.000000E+30    1.000000E+30    1.000000E+30    1.000000E+30    1.000000E+30    1.000000E+30    1.000000E+30    1.000000E+30    1.000000E+30    1.000000E+30    1.000000E+30    1.000000E+30    1.000000E+30    1.000000E+30    1.000000E+30    1.000000E+30    1.000000E+30    1.000000E+30    1.000000E+30    1.000000E+30    1.000000E+30    1.000000E+30    1.000000E+30    1.000000E+30    1.000000E+30    1.000000E+30    1.000000E+30    1.351244E+01    1.347108E+01    1.340171E+01    1.334630E+01    1.329613E+01    1.324742E+01    1.320105E+01    1.315724E+01    1.311571E+01    1.307619E+01    1.303837E+01    1.300207E+01    1.296731E+01    1.293413E+01    1.290238E+01    1.287211E+01    1.284338E+01    1.281608E+01    1.278991E+01    1.276511E+01    1.274172E+01    1.271916E+01    1.269718E+01    1.267574E+01    1.265488E+01    1.263472E+01    1.261508E+01    1.259579E+01    1.257659E+01    1.255744E+01    1.253824E+01    1.251886E+01    1.249946E+01    1.248008E+01    1.246061E+01    1.244101E+01    1.242125E+01    1.240137E+01    1.238143E+01    1.236152E+01    1.234169E+01    1.232167E+01    1.230164E+01    1.228222E+01    1.226351E+01    1.224553E+01    1.222820E+01    1.221165E+01    1.219595E+01    1.218128E+01    1.216779E+01    1.215545E+01    1.214427E+01    1.213432E+01    1.212563E+01    1.211808E+01    1.211176E+01    1.210657E+01    1.210244E+01    1.209932E+01    1.209702E+01    1.209554E+01    1.209486E+01    1.209486E+01    1.209549E+01    1.209672E+01    1.209871E+01    1.210103E+01    1.210284E+01    1.210501E+01    1.210838E+01    1.211292E+01    1.211826E+01    1.212415E+01    1.212977E+01    1.213445E+01    1.213864E+01    1.214279E+01    1.214801E+01    1.215401E+01    1.216022E+01    1.216647E+01    1.217283E+01    1.217912E+01    1.218534E+01    1.219124E+01    1.219675E+01    1.220210E+01    1.220705E+01    1.221151E+01    1.221557E+01    1.221940E+01    1.222286E+01    1.222614E+01    1.222950E+01    1.223239E+01    1.223484E+01    1.223658E+01    1.223755E+01    1.223830E+01    1.223891E+01    1.223873E+01    1.223841E+01    1.223810E+01    1.223790E+01    1.223777E+01    1.223746E+01    1.223698E+01    1.223637E+01    1.223584E+01    1.223565E+01    1.000000E+30
   1.000000E+30    1.000000E+30    1.000000E+30    1.000000E+30    1.000000E+30    1.000000E+30    1.000000E+30    1.000000E+30    1.000000E+30    1.000000E+30    1.000000E+30    1.000000E+30    1.000000E+30    1.000000E+30    1.000000E+30    1.000000E+30    1.000000E+30    1.000000E+30    1.000000E+30    1.000000E+30    1.000000E+30    1.000000E+30    1.000000E+30    1.000000E+30    1.000000E+30    1.000000E+30    1.000000E+30    1.000000E+30    1.000000E+30    1.000000E+30    1.000000E+30    1.000000E+30    1.000000E+30    1.000000E+30    1.000000E+30    1.000000E+30    1.000000E+30    1.000000E+30    1.350689E+01    1.345420E+01    1.340212E+01    1.334413E+01    1.328961E+01    1.323880E+01    1.319053E+01    1.314453E+01    1.310095E+01    1.305949E+01    1.301994E+01    1.298217E+01    1.294608E+01    1.291157E+01    1.287867E+01    1.284736E+01    1.281763E+01    1.278937E+01    1.276241E+01    1.273698E+01    1.271293E+01    1.268977E+01    1.266730E+01    1.264568E+01    1.262480E+01    1.260475E+01    1.258538E+01    1.256655E+01    1.254802E+01    1.252962E+01    1.251137E+01    1.249316E+01    1.247506E+01    1.245711E+01    1.243913E+01    1.242115E+01    1.240311E+01    1.238502E+01    1.236697E+01    1.234904E+01    1.233127E+01    1.231334E+01    1.229531E+01    1.227779E+01    1.226091E+01    1.224460E+01    1.222894E+01    1.221399E+01    1.219972E+01    1.218626E+01    1.217378E+01    1.216239E+01    1.215212E+01    1.214297E+01    1.213500E+01    1.212823E+01    1.212255E+01    1.211800E+01    1.211456E+01    1.211215E+01    1.211068E+01    1.210995E+01    1.211003E+01    1.211079E+01    1.211217E+01    1.211419E+01    1.211677E+01    1.211998E+01    1.212262E+01    1.212527E+01    1.212881E+01    1.213389E+01    1.213979E+01    1.214625E+01    1.215301E+01    1.215918E+01    1.216494E+01    1.217004E+01    1.217577E+01    1.218276E+01    1.219008E+01    1.219754E+01    1.220509E+01    1.221267E+01    1.222020E+01    1.222759E+01    1.223446E+01    1.224104E+01    1.224726E+01    1.225313E+01    1.225864E+01    1.226374E+01    1.226849E+01    1.227300E+01    1.227738E+01    1.228184E+01    1.228591E+01    1.228937E+01    1.229209E+01    1.229408E+01    1.229588E+01    1.229685E+01    1.229751E+01    1.229822E+01    1.229897E+01    1.229967E+01    1.230008E+01    1.229975E+01    1.229868E+01    1.229677E+01    1.229460E+01    1.229303E+01    1.000000E+30
   1.000000E+30    1.000000E+30    1.000000E+30    1.000000E+30    1.000000E+30    1.000000E+30    1.000000E+30    1.000000E+30    1.000000E+30    1.000000E+30    1.000000E+30    1.000000E+30    1.000000E+30    1.000000E+30    1.000000E+30    1.000000E+30    1.000000E+30    1.000000E+30    1.000000E+30    1.000000E+30    1.000000E+30    1.000000E+30    1.000000E+30    1.000000E+30    1.000000E+30    1.000000E+30    1.000000E+30    1.000000E+30    1.000000E+30    1.000000E+30    1.000000E+30    1.000000E+30    1.000000E+30    1.000000E+30    1.000000E+30    1.000000E+30    1.358182E+01    1.353782E+01    1.346222E+01    1.340065E+01    1.334374E+01    1.328772E+01    1.323434E+01    1.318395E+01    1.313607E+01    1.309037E+01    1.304692E+01    1.300548E+01    1.296600E+01    1.292838E+01    1.289248E+01    1.285823E+01    1.282575E+01    1.279496E+01    1.276567E+01    1.273779E+01    1.271156E+01    1.268669E+01    1.266280E+01    1.263973E+01    1.261761E+01    1.259649E+01    1.257632E+01    1.255706E+01    1.253846E+01    1.252038E+01    1.250257E+01    1.248507E+01    1.246779E+01    1.245076E+01    1.243394E+01    1.241723E+01    1.240062E+01    1.238411E+01    1.236762E+01    1.235125E+01    1.233505E+01    1.231911E+01    1.230310E+01    1.228688E+01    1.227118E+01    1.225607E+01    1.224147E+01    1.222738E+01    1.221395E+01    1.220121E+01    1.218918E+01    1.217792E+01    1.216761E+01    1.215827E+01    1.214997E+01    1.214280E+01    1.213677E+01    1.213189E+01    1.212814E+01    1.212544E+01    1.212380E+01    1.212327E+01    1.212353E+01    1.212452E+01    1.212630E+01    1.212871E+01    1.213169E+01    1.213495E+01    1.213897E+01    1.214277E+01    1.214611E+01    1.215004E+01    1.215547E+01    1.216207E+01    1.216923E+01    1.217674E+01    1.218453E+01    1.219178E+01    1.219843E+01    1.220471E+01    1.221230E+01    1.222102E+01    1.222991E+01    1.223885E+01    1.224789E+01    1.225683E+01    1.226558E+01    1.227403E+01    1.228215E+01    1.228991E+01    1.229728E+01    1.230407E+01    1.231052E+01    1.231692E+01    1.232340E+01    1.233001E+01    1.233631E+01    1.234188E+01    1.234678E+01    1.235122E+01    1.235491E+01    1.235769E+01    1.236001E+01    1.236160E+01    1.236320E+01    1.236462E+01    1.236589E+01    1.236637E+01    1.236588E+01    1.236426E+01    1.236128E+01    1.235776E+01    1.235471E+01    1.235300E+01    1.000000E+30
   1.000000E+30    1.000000E+30    1.000000E+30    1.000000E+30    1.000000E+30    1.000000E+30    1.000000E+30    1.000000E+30    1.000000E+30    1.000000E+30    1.000000E+30    1.000000E+30    1.000000E+30    1.000000E+30    1.000000E+30    1.000000E+30    1.000000E+30    1.000000E+30    1.000000E+30    1.000000E+30    1.000000E+30    1.000000E+30    1.000000E+30    1.000000E+30    1.000000E+30    1.000000E+30    1.000000E+30    1.000000E+30    1.000000E+30    1.000000E+30    1.000000E+30    1.000000E+30    1.000000E+30    1.000000E+30    1.000000E+30    1.359091E+01    1.353123E+01    1.347322E+01    1.340868E+01    1.334746E+01    1.328963E+01    1.323428E+01    1.318168E+01    1.313182E+01    1.308430E+01    1.303872E+01    1.299524E+01    1.295385E+01    1.291446E+01    1.287695E+01    1.284123E+01    1.280743E+01    1.277541E+01    1.274500E+01    1.271614E+01    1.268896E+01    1.266320E+01    1.263843E+01    1.261474E+01    1.259208E+01    1.257049E+01    1.254995E+01    1.253048E+01    1.251191E+01    1.249402E+01    1.247664E+01    1.245966E+01    1.244310E+01    1.242687E+01    1.241096E+01    1.239527E+01    1.237980E+01    1.236457E+01    1.234951E+01    1.233460E+01    1.231992E+01    1.230554E+01    1.229128E+01    1.227677E+01    1.226269E+01    1.224926E+01    1.223633E+01    1.222382E+01    1.221185E+01    1.220059E+01    1.218999E+01    1.218007E+01    1.217102E+01    1.216286E+01    1.215554E+01    1.214919E+01    1.214395E+01    1.213979E+01    1.213680E+01    1.213493E+01    1.213415E+01    1.213440E+01    1.213569E+01    1.213778E+01    1.214074E+01    1.214441E+01    1.214839E+01    1.215264E+01    1.215764E+01    1.216280E+01    1.216720E+01    1.217179E+01    1.217742E+01    1.218470E+01    1.219268E+01    1.220128E+01    1.221009E+01    1.221937E+01    1.222763E+01    1.223516E+01    1.224294E+01    1.225265E+01    1.226324E+01    1.227390E+01    1.228457E+01    1.229526E+01    1.230557E+01    1.231569E+01    1.232545E+01    1.233498E+01    1.234391E+01    1.235239E+01    1.236072E+01    1.236923E+01    1.237826E+01    1.238745E+01    1.239574E+01    1.240299E+01    1.240965E+01    1.241549E+01    1.242079E+01    1.242482E+01    1.242670E+01    1.242708E+01    1.242780E+01    1.242956E+01    1.243121E+01    1.243258E+01    1.243295E+01    1.243245E+01    1.243153E+01    1.243050E+01    1.243018E+01    1.243230E+01    1.243470E+01    1.000000E+30
   1.000000E+30    1.000000E+30    1.000000E+30    1.000000E+30    1.000000E+30    1.000000E+30    1.000000E+30    1.000000E+30    1.000000E+30    1.000000E+30    1.000000E+30    1.000000E+30    1.000000E+30    1.000000E+30    1.000000E+30    1.000000E+30    1.000000E+30    1.000000E+30    1.000000E+30    1.000000E+30    1.000000E+30    1.000000E+30    1.000000E+30    1.000000E+30    1.000000E+30    1.000000E+30    1.000000E+30    1.000000E+30    1.000000E+30    1.000000E+30    1.000000E+30    1.000000E+30    1.000000E+30    1.370030E+01    1.364652E+01    1.355630E+01    1.348510E+01    1.342056E+01    1.335723E+01    1.329656E+01    1.323889E+01    1.318425E+01    1.313231E+01    1.308279E+01    1.303515E+01    1.298942E+01    1.294589E+01    1.290453E+01    1.286520E+01    1.282786E+01    1.279257E+01    1.275919E+01    1.272755E+01    1.269766E+01    1.266938E+01    1.264256E+01    1.261688E+01    1.259240E+01    1.256910E+01    1.254695E+01    1.252595E+01    1.250606E+01    1.248722E+01    1.246929E+01    1.245209E+01    1.243547E+01    1.241938E+01    1.240377E+01    1.238855E+01    1.237365E+01    1.235909E+01    1.234490E+01    1.233099E+01    1.231737E+01    1.230405E+01    1.229102E+01    1.227824E+01    1.226529E+01    1.225268E+01    1.224082E+01    1.222945E+01    1.221846E+01    1.220796E+01    1.219809E+01    1.218891E+01    1.218033E+01    1.217260E+01    1.216570E+01    1.215955E+01    1.215417E+01    1.214983E+01    1.214650E+01    1.214418E+01    1.214309E+01    1.214319E+01    1.214438E+01    1.214657E+01    1.214969E+01    1.215378E+01    1.215868E+01    1.216381E+01    1.216903E+01    1.217524E+01    1.218198E+01    1.218793E+01    1.219373E+01    1.219985E+01    1.220759E+01    1.221655E+01    1.222612E+01    1.223620E+01    1.224642E+01    1.225731E+01    1.226678E+01    1.227544E+01    1.228540E+01    1.229749E+01    1.230996E+01    1.232235E+01    1.233487E+01    1.234712E+01    1.235904E+01    1.237084E+01    1.238197E+01    1.239290E+01    1.240370E+01    1.241462E+01    1.242602E+01    1.243772E+01    1.244919E+01    1.245976E+01    1.246907E+01    1.247753E+01    1.248535E+01    1.249201E+01    1.249582E+01    1.249692E+01    1.249653E+01    1.249610E+01    1.249653E+01    1.249975E+01    1.250420E+01    1.250797E+01    1.251084E+01    1.251362E+01    1.251798E+01    1.252478E+01    1.253279E+01    1.253990E+01    1.254442E+01    1.000000E+30
   1.000000E+30    1.000000E+30    1.000000E+30    1.000000E+30    1.000000E+30    1.000000E+30    1.000000E+30    1.000000E+30    1.000000E+30    1.000000E+30    1.000000E+30    1.000000E+30    1.000000E+30    1.000000E+30    1.000000E+30    1.000000E+30    1.000000E+30    1.000000E+30    1.000000E+30    1.000000E+30    1.000000E+30    1.000000E+30    1.000000E+30    1.000000E+30    1.000000E+30    1.000000E+30    1.000000E+30    1.000000E+30    1.000000E+30    1.000000E+30    1.000000E+30    1.379373E+01    1.374294E+01    1.365661E+01    1.358499E+01    1.350892E+01    1.343844E+01    1.337253E+01    1.330932E+01    1.324903E+01    1.319210E+01    1.313803E+01    1.308602E+01    1.303613E+01    1.298817E+01    1.294247E+01    1.289899E+01    1.285765E+01    1.281847E+01    1.278153E+01    1.274662E+01    1.271351E+01    1.268236E+01    1.265294E+01    1.262491E+01    1.259822E+01    1.257279E+01    1.254873E+01    1.252595E+01    1.250438E+01    1.248397E+01    1.246473E+01    1.244651E+01    1.242917E+01    1.241259E+01    1.239673E+01    1.238156E+01    1.236689E+01    1.235264E+01    1.233880E+01    1.232541E+01    1.231246E+01    1.229988E+01    1.228767E+01    1.227585E+01    1.226435E+01    1.225282E+01    1.224157E+01    1.223105E+01    1.222110E+01    1.221161E+01    1.220250E+01    1.219401E+01    1.218623E+01    1.217900E+01    1.217252E+01    1.216685E+01    1.216193E+01    1.215769E+01    1.215429E+01    1.215182E+01    1.215033E+01    1.214998E+01    1.215085E+01    1.215295E+01    1.215618E+01    1.216037E+01    1.216543E+01    1.217129E+01    1.217766E+01    1.218430E+01    1.219190E+01    1.220018E+01    1.220776E+01    1.221513E+01    1.222263E+01    1.223064E+01    1.224050E+01    1.225121E+01    1.226250E+01    1.227414E+01    1.228600E+01    1.229825E+01    1.230892E+01    1.231939E+01    1.233235E+01    1.234681E+01    1.236115E+01    1.237548E+01    1.238977E+01    1.240371E+01    1.241738E+01    1.243081E+01    1.244426E+01    1.245834E+01    1.247270E+01    1.248713E+01    1.250113E+01    1.251453E+01    1.252719E+01    1.253877E+01    1.254940E+01    1.255905E+01    1.256611E+01    1.256989E+01    1.257099E+01    1.257280E+01    1.257753E+01    1.258531E+01    1.259278E+01    1.260142E+01    1.260897E+01    1.261502E+01    1.262132E+01    1.262791E+01    1.263590E+01    1.264550E+01    1.265456E+01    1.265900E+01    1.266083E+01    1.000000E+30
   1.000000E+30    1.000000E+30    1.000000E+30    1.000000E+30    1.000000E+30    1.000000E+30    1.000000E+30    1.000000E+30    1.000000E+30    1.000000E+30    1.000000E+30    1.000000E+30    1.000000E+30    1.000000E+30    1.000000E+30    1.000000E+30    1.000000E+30    1.000000E+30    1.000000E+30    1.000000E+30    1.000000E+30    1.000000E+30    1.000000E+30    1.000000E+30    1.000000E+30    1.000000E+30    1.000000E+30    1.000000E+30    1.000000E+30    1.000000E+30    1.382021E+01    1.374845E+01    1.368084E+01    1.360633E+01    1.353422E+01    1.346240E+01    1.339351E+01    1.332789E+01    1.326520E+01    1.320559E+01    1.314895E+01    1.309457E+01    1.304255E+01    1.299234E+01    1.294412E+01    1.289829E+01    1.285484E+01    1.281358E+01    1.277475E+01    1.273815E+01    1.270340E+01    1.267066E+01    1.263983E+01    1.261042E+01    1.258250E+01    1.255606E+01    1.253104E+01    1.250750E+01    1.248534E+01    1.246438E+01    1.244460E+01    1.242592E+01    1.240827E+01    1.239146E+01    1.237550E+01    1.236045E+01    1.234616E+01    1.233242E+01    1.231918E+01    1.230645E+01    1.229420E+01    1.228244E+01    1.227114E+01    1.226032E+01    1.224993E+01    1.223964E+01    1.222961E+01    1.222035E+01    1.221167E+01    1.220347E+01    1.219578E+01    1.218862E+01    1.218207E+01    1.217621E+01    1.217093E+01    1.216643E+01    1.216273E+01    1.215971E+01    1.215733E+01    1.215578E+01    1.215523E+01    1.215577E+01    1.215739E+01    1.216021E+01    1.216425E+01    1.216951E+01    1.217575E+01    1.218277E+01    1.219051E+01    1.219879E+01    1.220779E+01    1.221753E+01    1.222668E+01    1.223572E+01    1.224478E+01    1.225408E+01    1.226434E+01    1.227597E+01    1.228854E+01    1.230171E+01    1.231520E+01    1.232904E+01    1.234249E+01    1.235453E+01    1.236757E+01    1.238369E+01    1.240024E+01    1.241662E+01    1.243310E+01    1.244917E+01    1.246499E+01    1.248114E+01    1.249790E+01    1.251556E+01    1.253356E+01    1.255103E+01    1.256750E+01    1.258286E+01    1.259742E+01    1.261114E+01    1.262391E+01    1.263468E+01    1.264206E+01    1.264614E+01    1.264997E+01    1.265669E+01    1.266998E+01    1.268859E+01    1.270634E+01    1.272167E+01    1.273280E+01    1.273997E+01    1.274657E+01    1.275349E+01    1.275977E+01    1.276445E+01    1.276721E+01    1.276759E+01    1.276697E+01    1.276573E+01    1.000000E+30
   1.000000E+30    1.000000E+30    1.000000E+30    1.000000E+30    1.000000E+30    1.000000E+30    1.000000E+30    1.000000E+30    1.000000E+30    1.000000E+30    1.000000E+30    1.000000E+30    1.000000E+30    1.000000E+30    1.000000E+30    1.000000E+30    1.000000E+30    1.000000E+30    1.000000E+30    1.000000E+30    1.000000E+30    1.000000E+30    1.000000E+30    1.000000E+30    1.000000E+30    1.000000E+30    1.000000E+30    1.000000E+30    1.393929E+01    1.388715E+01    1.379209E+01    1.370900E+01    1.363364E+01    1.356095E+01    1.348966E+01    1.341970E+01    1.335193E+01    1.328713E+01    1.322508E+01    1.316532E+01    1.310822E+01    1.305444E+01    1.300242E+01    1.295138E+01    1.290252E+01    1.285673E+01    1.281355E+01    1.277253E+01    1.273395E+01    1.269743E+01    1.266299E+01    1.263055E+01    1.259965E+01    1.257019E+01    1.254243E+01    1.251634E+01    1.249184E+01    1.246886E+01    1.244728E+01    1.242692E+01    1.240771E+01    1.238956E+01    1.237238E+01    1.235620E+01    1.234104E+01    1.232680E+01    1.231331E+01    1.230045E+01    1.228824E+01    1.227657E+01    1.226543E+01    1.225483E+01    1.224477E+01    1.223530E+01    1.222605E+01    1.221711E+01    1.220892E+01    1.220142E+01    1.219446E+01    1.218800E+01    1.218212E+01    1.217679E+01    1.217210E+01    1.216807E+01    1.216467E+01    1.216200E+01    1.216011E+01    1.215898E+01    1.215848E+01    1.215891E+01    1.216038E+01    1.216286E+01    1.216648E+01    1.217127E+01    1.217724E+01    1.218440E+01    1.219275E+01    1.220201E+01    1.221195E+01    1.222239E+01    1.223331E+01    1.224420E+01    1.225498E+01    1.226575E+01    1.227680E+01    1.228826E+01    1.230054E+01    1.231405E+01    1.232865E+01    1.234381E+01    1.235920E+01    1.237526E+01    1.239018E+01    1.240414E+01    1.242075E+01    1.243951E+01    1.245804E+01    1.247632E+01    1.249500E+01    1.251382E+01    1.253302E+01    1.255309E+01    1.257400E+01    1.259507E+01    1.261542E+01    1.263494E+01    1.265322E+01    1.267002E+01    1.268603E+01    1.270068E+01    1.271207E+01    1.271989E+01    1.272615E+01    1.273524E+01    1.275059E+01    1.277188E+01    1.279598E+01    1.281814E+01    1.283401E+01    1.284628E+01    1.285385E+01    1.286012E+01    1.286653E+01    1.287044E+01    1.287270E+01    1.287321E+01    1.287210E+01    1.286993E+01    1.286776E+01    1.286636E+01    1.000000E+30
   1.000000E+30    1.000000E+30    1.000000E+30    1.000000E+30    1.000000E+30    1.000000E+30    1.000000E+30    1.000000E+30    1.000000E+30    1.000000E+30    1.000000E+30    1.000000E+30    1.000000E+30    1.000000E+30    1.000000E+30    1.000000E+30    1.000000E+30    1.000000E+30    1.000000E+30    1.000000E+30    1.000000E+30    1.000000E+30    1.000000E+30    1.000000E+30    1.000000E+30    1.000000E+30    1.000000E+30    1.397533E+01    1.390537E+01    1.383481E+01    1.375367E+01    1.367457E+01    1.359723E+01    1.352139E+01    1.344968E+01    1.338111E+01    1.331442E+01    1.324999E+01    1.318749E+01    1.312737E+01    1.307089E+01    1.301685E+01    1.296328E+01    1.291102E+01    1.286245E+01    1.281770E+01    1.277501E+01    1.273435E+01    1.269588E+01    1.265969E+01    1.262551E+01    1.259299E+01    1.256196E+01    1.253261E+01    1.250509E+01    1.247936E+01    1.245534E+01    1.243287E+01    1.241173E+01    1.239184E+01    1.237311E+01    1.235548E+01    1.233896E+01    1.232359E+01    1.230923E+01    1.229572E+01    1.228299E+01    1.227104E+01    1.225979E+01    1.224917E+01    1.223910E+01    1.222963E+01    1.222082E+01    1.221241E+01    1.220435E+01    1.219708E+01    1.219059E+01    1.218471E+01    1.217942E+01    1.217472E+01    1.217057E+01    1.216700E+01    1.216410E+01    1.216183E+01    1.216018E+01    1.215929E+01    1.215920E+01    1.215990E+01    1.216143E+01    1.216390E+01    1.216732E+01    1.217177E+01    1.217736E+01    1.218406E+01    1.219191E+01    1.220094E+01    1.221118E+01    1.222251E+01    1.223451E+01    1.224694E+01    1.225968E+01    1.227242E+01    1.228510E+01    1.229781E+01    1.231096E+01    1.232471E+01    1.233932E+01    1.235514E+01    1.237183E+01    1.238913E+01    1.240642E+01    1.242473E+01    1.244131E+01    1.245839E+01    1.247857E+01    1.249902E+01    1.251968E+01    1.254127E+01    1.256356E+01    1.258661E+01    1.260997E+01    1.263343E+01    1.265721E+01    1.268065E+01    1.270278E+01    1.272389E+01    1.274385E+01    1.276261E+01    1.277865E+01    1.279097E+01    1.280089E+01    1.281269E+01    1.282931E+01    1.285409E+01    1.288169E+01    1.290855E+01    1.292879E+01    1.294143E+01    1.295121E+01    1.295912E+01    1.296519E+01    1.297056E+01    1.297501E+01    1.297832E+01    1.298097E+01    1.298257E+01    1.298329E+01    1.298372E+01    1.298420E+01    1.298476E+01    1.000000E+30
   1.000000E+30    1.000000E+30    1.000000E+30    1.000000E+30    1.000000E+30    1.000000E+30    1.000000E+30    1.000000E+30    1.000000E+30    1.000000E+30    1.000000E+30    1.000000E+30    1.000000E+30    1.000000E+30    1.000000E+30    1.000000E+30    1.000000E+30    1.000000E+30    1.000000E+30    1.000000E+30    1.000000E+30    1.000000E+30    1.000000E+30    1.000000E+30    1.000000E+30    1.412171E+01    1.406256E+01    1.396096E+01    1.387770E+01    1.379931E+01    1.372007E+01    1.364187E+01    1.356537E+01    1.349129E+01    1.341888E+01    1.334770E+01    1.327920E+01    1.321451E+01    1.315272E+01    1.309289E+01    1.303550E+01    1.298008E+01    1.292631E+01    1.287451E+01    1.282626E+01    1.278164E+01    1.273933E+01    1.269928E+01    1.266116E+01    1.262512E+01    1.259081E+01    1.255805E+01    1.252695E+01    1.249778E+01    1.247056E+01    1.244516E+01    1.242149E+01    1.239935E+01    1.237858E+01    1.235910E+01    1.234087E+01    1.232391E+01    1.230817E+01    1.229358E+01    1.227995E+01    1.226715E+01    1.225522E+01    1.224415E+01    1.223384E+01    1.222419E+01    1.221517E+01    1.220686E+01    1.219914E+01    1.219173E+01    1.218520E+01    1.217954E+01    1.217455E+01    1.217024E+01    1.216658E+01    1.216355E+01    1.216110E+01    1.215926E+01    1.215806E+01    1.215746E+01    1.215755E+01    1.215844E+01    1.216020E+01    1.216282E+01    1.216634E+01    1.217080E+01    1.217615E+01    1.218257E+01    1.219006E+01    1.219862E+01    1.220833E+01    1.221920E+01    1.223127E+01    1.224448E+01    1.225853E+01    1.227293E+01    1.228761E+01    1.230238E+01    1.231702E+01    1.233164E+01    1.234692E+01    1.236307E+01    1.238070E+01    1.239924E+01    1.241822E+01    1.243740E+01    1.245698E+01    1.247683E+01    1.249561E+01    1.251624E+01    1.253876E+01    1.256183E+01    1.258686E+01    1.261341E+01    1.264015E+01    1.266766E+01    1.269417E+01    1.272071E+01    1.274710E+01    1.277240E+01    1.279630E+01    1.281917E+01    1.283988E+01    1.285728E+01    1.287143E+01    1.288615E+01    1.290562E+01    1.293262E+01    1.296456E+01    1.299660E+01    1.302248E+01    1.304041E+01    1.305223E+01    1.306101E+01    1.306947E+01    1.307809E+01    1.308597E+01    1.309241E+01    1.309712E+01    1.310217E+01    1.310679E+01    1.311053E+01    1.311307E+01    1.311510E+01    1.311665E+01    1.311756E+01    1.000000E+30
   1.000000E+30    1.000000E+30    1.000000E+30    1.000000E+30    1.000000E+30    1.000000E+30    1.000000E+30    1.000000E+30    1.000000E+30    1.000000E+30    1.000000E+30    1.000000E+30    1.000000E+30    1.000000E+30    1.000000E+30    1.000000E+30    1.000000E+30    1.000000E+30    1.000000E+30    1.000000E+30    1.000000E+30    1.000000E+30    1.000000E+30    1.000000E+30    1.417007E+01    1.409465E+01    1.401909E+01    1.393342E+01    1.385071E+01    1.377064E+01    1.369174E+01    1.361415E+01    1.353818E+01    1.346419E+01    1.339185E+01    1.332154E+01    1.325374E+01    1.318762E+01    1.312290E+01    1.306106E+01    1.300293E+01    1.294780E+01    1.289470E+01    1.284382E+01    1.279589E+01    1.275021E+01    1.270766E+01    1.266783E+01    1.262966E+01    1.259339E+01    1.255885E+01    1.252592E+01    1.249482E+01    1.246583E+01    1.243896E+01    1.241386E+01    1.239037E+01    1.236842E+01    1.234797E+01    1.232894E+01    1.231132E+01    1.229500E+01    1.227992E+01    1.226601E+01    1.225308E+01    1.224108E+01    1.223001E+01    1.221976E+01    1.221033E+01    1.220161E+01    1.219359E+01    1.218636E+01    1.217968E+01    1.217363E+01    1.216859E+01    1.216435E+01    1.216083E+01    1.215805E+01    1.215597E+01    1.215452E+01    1.215373E+01    1.215357E+01    1.215401E+01    1.215512E+01    1.215698E+01    1.215965E+01    1.216321E+01    1.216771E+01    1.217318E+01    1.217957E+01    1.218690E+01    1.219528E+01    1.220466E+01    1.221510E+01    1.222666E+01    1.223936E+01    1.225324E+01    1.226817E+01    1.228421E+01    1.230067E+01    1.231727E+01    1.233392E+01    1.235040E+01    1.236699E+01    1.238459E+01    1.240325E+01    1.242342E+01    1.244435E+01    1.246545E+01    1.248679E+01    1.250898E+01    1.253044E+01    1.255203E+01    1.257614E+01    1.260225E+01    1.263057E+01    1.266089E+01    1.269170E+01    1.272305E+01    1.275436E+01    1.278396E+01    1.281381E+01    1.284292E+01    1.287047E+01    1.289614E+01    1.291840E+01    1.293689E+01    1.295441E+01    1.297636E+01    1.300611E+01    1.304269E+01    1.308006E+01    1.311230E+01    1.313553E+01    1.315307E+01    1.316630E+01    1.317752E+01    1.318917E+01    1.320036E+01    1.321091E+01    1.322067E+01    1.322888E+01    1.323533E+01    1.324106E+01    1.324585E+01    1.325029E+01    1.325387E+01    1.325667E+01    1.325875E+01    1.325989E+01    1.000000E+30
   1.000000E+30    1.000000E+30    1.000000E+30    1.000000E+30    1.000000E+30    1.000000E+30    1.000000E+30    1.000000E+30    1.000000E+30    1.000000E+30    1.000000E+30    1.000000E+30    1.000000E+30    1.000000E+30    1.000000E+30    1.000000E+30    1.000000E+30    1.000000E+30    1.000000E+30    1.000000E+30    1.000000E+30    1.000000E+30    1.432241E+01    1.426272E+01    1.415901E+01    1.407257E+01    1.399079E+01    1.390807E+01    1.382652E+01    1.374653E+01    1.366800E+01    1.359104E+01    1.351591E+01    1.344250E+01    1.337038E+01    1.330000E+01    1.323153E+01    1.316503E+01    1.310088E+01    1.303905E+01    1.297940E+01    1.292200E+01    1.286743E+01    1.281643E+01    1.276872E+01    1.272321E+01    1.268018E+01    1.263935E+01    1.260110E+01    1.256489E+01    1.253017E+01    1.249712E+01    1.246605E+01    1.243720E+01    1.241043E+01    1.238545E+01    1.236208E+01    1.234033E+01    1.232018E+01    1.230165E+01    1.228454E+01    1.226873E+01    1.225423E+01    1.224092E+01    1.222867E+01    1.221750E+01    1.220725E+01    1.219781E+01    1.218923E+01    1.218143E+01    1.217446E+01    1.216825E+01    1.216274E+01    1.215818E+01    1.215448E+01    1.215155E+01    1.214945E+01    1.214815E+01    1.214757E+01    1.214771E+01    1.214857E+01    1.215008E+01    1.215216E+01    1.215493E+01    1.215851E+01    1.216295E+01    1.216832E+01    1.217465E+01    1.218198E+01    1.219030E+01    1.219964E+01    1.220995E+01    1.222129E+01    1.223365E+01    1.224707E+01    1.226162E+01    1.227727E+01    1.229412E+01    1.231195E+01    1.233046E+01    1.234881E+01    1.236706E+01    1.238534E+01    1.240429E+01    1.242423E+01    1.244509E+01    1.246691E+01    1.248957E+01    1.251292E+01    1.253696E+01    1.256188E+01    1.258619E+01    1.261188E+01    1.264124E+01    1.267281E+01    1.270644E+01    1.274102E+01    1.277596E+01    1.281120E+01    1.284530E+01    1.287921E+01    1.291238E+01    1.294334E+01    1.297131E+01    1.299571E+01    1.301783E+01    1.304239E+01    1.307397E+01    1.311447E+01    1.315703E+01    1.319689E+01    1.322746E+01    1.324968E+01    1.326798E+01    1.328385E+01    1.329950E+01    1.331454E+01    1.332905E+01    1.334266E+01    1.335486E+01    1.336584E+01    1.337557E+01    1.338326E+01    1.338967E+01    1.339511E+01    1.339999E+01    1.340413E+01    1.340718E+01    1.340938E+01    1.341051E+01    1.000000E+30
   1.000000E+30    1.000000E+30    1.000000E+30    1.000000E+30    1.000000E+30    1.000000E+30    1.000000E+30    1.000000E+30    1.000000E+30    1.000000E+30    1.000000E+30    1.000000E+30    1.000000E+30    1.000000E+30    1.000000E+30    1.000000E+30    1.000000E+30    1.000000E+30    1.000000E+30    1.000000E+30    1.000000E+30    1.436783E+01    1.429559E+01    1.422133E+01    1.413520E+01    1.405084E+01    1.396845E+01    1.388678E+01    1.380609E+01    1.372655E+01    1.364847E+01    1.357207E+01    1.349763E+01    1.342471E+01    1.335290E+01    1.328271E+01    1.321416E+01    1.314759E+01    1.308307E+01    1.302054E+01    1.296031E+01    1.290294E+01    1.284881E+01    1.279731E+01    1.274737E+01    1.269955E+01    1.265508E+01    1.261407E+01    1.257585E+01    1.253961E+01    1.250492E+01    1.247188E+01    1.244064E+01    1.241166E+01    1.238488E+01    1.235996E+01    1.233675E+01    1.231524E+01    1.229548E+01    1.227730E+01    1.226052E+01    1.224516E+01    1.223118E+01    1.221844E+01    1.220689E+01    1.219642E+01    1.218689E+01    1.217828E+01    1.217064E+01    1.216388E+01    1.215796E+01    1.215280E+01    1.214840E+01    1.214514E+01    1.214273E+01    1.214113E+01    1.214044E+01    1.214053E+01    1.214141E+01    1.214310E+01    1.214556E+01    1.214873E+01    1.215252E+01    1.215697E+01    1.216226E+01    1.216846E+01    1.217559E+01    1.218371E+01    1.219289E+01    1.220313E+01    1.221444E+01    1.222675E+01    1.224010E+01    1.225439E+01    1.226972E+01    1.228614E+01    1.230367E+01    1.232243E+01    1.234213E+01    1.236255E+01    1.238279E+01    1.240283E+01    1.242322E+01    1.244448E+01    1.246646E+01    1.248920E+01    1.251287E+01    1.253760E+01    1.256323E+01    1.259030E+01    1.261875E+01    1.264666E+01    1.267841E+01    1.271355E+01    1.275044E+01    1.278890E+01    1.282759E+01    1.286578E+01    1.290329E+01    1.293947E+01    1.297517E+01    1.300907E+01    1.304111E+01    1.307160E+01    1.310233E+01    1.313695E+01    1.318058E+01    1.322864E+01    1.327525E+01    1.331331E+01    1.334242E+01    1.336579E+01    1.338708E+01    1.340719E+01    1.342626E+01    1.344474E+01    1.346233E+01    1.347844E+01    1.349367E+01    1.350726E+01    1.351952E+01    1.353019E+01    1.353936E+01    1.354674E+01    1.355299E+01    1.355812E+01    1.356237E+01    1.356550E+01    1.356769E+01    1.356884E+01    1.000000E+30
   1.000000E+30    1.000000E+30    1.000000E+30    1.000000E+30    1.000000E+30    1.000000E+30    1.000000E+30    1.000000E+30    1.000000E+30    1.000000E+30    1.000000E+30    1.000000E+30    1.000000E+30    1.000000E+30    1.000000E+30    1.000000E+30    1.000000E+30    1.000000E+30    1.000000E+30    1.000000E+30    1.443096E+01    1.435293E+01    1.427526E+01    1.419643E+01    1.411433E+01    1.403203E+01    1.395030E+01    1.386930E+01    1.378925E+01    1.371016E+01    1.363254E+01    1.355673E+01    1.348285E+01    1.341033E+01    1.333893E+01    1.326888E+01    1.320030E+01    1.313379E+01    1.306953E+01    1.300700E+01    1.294645E+01    1.288881E+01    1.283394E+01    1.278146E+01    1.273133E+01    1.268394E+01    1.263893E+01    1.259556E+01    1.255534E+01    1.251801E+01    1.248294E+01    1.244965E+01    1.241811E+01    1.238915E+01    1.236243E+01    1.233765E+01    1.231459E+01    1.229334E+01    1.227384E+01    1.225584E+01    1.223934E+01    1.222439E+01    1.221087E+01    1.219869E+01    1.218775E+01    1.217789E+01    1.216908E+01    1.216136E+01    1.215466E+01    1.214886E+01    1.214392E+01    1.213982E+01    1.213658E+01    1.213444E+01    1.213332E+01    1.213309E+01    1.213375E+01    1.213523E+01    1.213754E+01    1.214069E+01    1.214472E+01    1.214951E+01    1.215500E+01    1.216122E+01    1.216826E+01    1.217620E+01    1.218508E+01    1.219500E+01    1.220603E+01    1.221820E+01    1.223146E+01    1.224577E+01    1.226108E+01    1.227735E+01    1.229468E+01    1.231302E+01    1.233253E+01    1.235323E+01    1.237500E+01    1.239730E+01    1.242001E+01    1.244207E+01    1.246472E+01    1.248798E+01    1.251196E+01    1.253682E+01    1.256291E+01    1.259024E+01    1.261894E+01    1.264978E+01    1.268137E+01    1.271399E+01    1.275202E+01    1.279163E+01    1.283231E+01    1.287355E+01    1.291426E+01    1.295428E+01    1.299382E+01    1.303333E+01    1.307307E+01    1.311313E+01    1.315389E+01    1.319610E+01    1.324324E+01    1.329545E+01    1.334755E+01    1.339374E+01    1.343015E+01    1.346039E+01    1.348686E+01    1.351195E+01    1.353619E+01    1.355878E+01    1.357983E+01    1.359969E+01    1.361863E+01    1.363609E+01    1.365242E+01    1.366712E+01    1.368020E+01    1.369200E+01    1.370248E+01    1.371096E+01    1.371809E+01    1.372372E+01    1.372822E+01    1.373150E+01    1.373363E+01    1.373490E+01    1.000000E+30
   1.000000E+30    1.000000E+30    1.000000E+30    1.000000E+30    1.000000E+30    1.000000E+30    1.000000E+30    1.000000E+30    1.000000E+30    1.000000E+30    1.000000E+30    1.000000E+30    1.000000E+30    1.000000E+30    1.000000E+30    1.000000E+30    1.000000E+30    1.000000E+30    1.000000E+30    1.450897E+01    1.442402E+01    1.434162E+01    1.426055E+01    1.417964E+01    1.409812E+01    1.401670E+01    1.393565E+01    1.385521E+01    1.377564E+01    1.369703E+01    1.361995E+01    1.354480E+01    1.347133E+01    1.339905E+01    1.332807E+01    1.325828E+01    1.318982E+01    1.312337E+01    1.305920E+01    1.299683E+01    1.293651E+01    1.287878E+01    1.282347E+01    1.277056E+01    1.272002E+01    1.267204E+01    1.262641E+01    1.258326E+01    1.254284E+01    1.250365E+01    1.246606E+01    1.243128E+01    1.239958E+01    1.237035E+01    1.234351E+01    1.231879E+01    1.229579E+01    1.227460E+01    1.225516E+01    1.223731E+01    1.222108E+01    1.220650E+01    1.219344E+01    1.218173E+01    1.217129E+01    1.216203E+01    1.215400E+01    1.214708E+01    1.214121E+01    1.213630E+01    1.213232E+01    1.212929E+01    1.212722E+01    1.212619E+01    1.212630E+01    1.212737E+01    1.212933E+01    1.213216E+01    1.213588E+01    1.214051E+01    1.214606E+01    1.215250E+01    1.215968E+01    1.216763E+01    1.217647E+01    1.218621E+01    1.219692E+01    1.220859E+01    1.222147E+01    1.223557E+01    1.225075E+01    1.226700E+01    1.228426E+01    1.230256E+01    1.232187E+01    1.234223E+01    1.236386E+01    1.238664E+01    1.241056E+01    1.243519E+01    1.246023E+01    1.248443E+01    1.250943E+01    1.253492E+01    1.256128E+01    1.258889E+01    1.261793E+01    1.264842E+01    1.268063E+01    1.271467E+01    1.274858E+01    1.278651E+01    1.282729E+01    1.286871E+01    1.291173E+01    1.295649E+01    1.300250E+01    1.304994E+01    1.309859E+01    1.314895E+01    1.320186E+01    1.325544E+01    1.330892E+01    1.336180E+01    1.341607E+01    1.346823E+01    1.351117E+01    1.354843E+01    1.358143E+01    1.361246E+01    1.364170E+01    1.366935E+01    1.369541E+01    1.371967E+01    1.374227E+01    1.376343E+01    1.378347E+01    1.380219E+01    1.381936E+01    1.383498E+01    1.384891E+01    1.386163E+01    1.387291E+01    1.388255E+01    1.389038E+01    1.389669E+01    1.390172E+01    1.390549E+01    1.390794E+01    1.390954E+01    1.000000E+30
   1.000000E+30    1.000000E+30    1.000000E+30    1.000000E+30    1.000000E+30    1.000000E+30    1.000000E+30    1.000000E+30    1.000000E+30    1.000000E+30    1.000000E+30    1.000000E+30    1.000000E+30    1.000000E+30    1.000000E+30    1.000000E+30    1.000000E+30    1.000000E+30    1.000000E+30    1.450731E+01    1.441867E+01    1.433337E+01    1.425001E+01    1.416772E+01    1.408596E+01    1.400479E+01    1.392425E+01    1.384436E+01    1.376524E+01    1.368716E+01    1.361055E+01    1.353583E+01    1.346270E+01    1.339079E+01    1.332009E+01    1.325057E+01    1.318244E+01    1.311613E+01    1.305201E+01    1.298991E+01    1.292995E+01    1.287213E+01    1.281655E+01    1.276333E+01    1.271235E+01    1.266401E+01    1.261807E+01    1.257444E+01    1.253317E+01    1.249390E+01    1.245644E+01    1.242068E+01    1.238651E+01    1.235548E+01    1.232816E+01    1.230330E+01    1.228028E+01    1.225897E+01    1.223951E+01    1.222183E+01    1.220587E+01    1.219160E+01    1.217887E+01    1.216757E+01    1.215763E+01    1.214900E+01    1.214163E+01    1.213542E+01    1.213034E+01    1.212630E+01    1.212328E+01    1.212128E+01    1.212031E+01    1.212040E+01    1.212165E+01    1.212396E+01    1.212719E+01    1.213135E+01    1.213652E+01    1.214264E+01    1.214971E+01    1.215769E+01    1.216652E+01    1.217626E+01    1.218695E+01    1.219856E+01    1.221104E+01    1.222443E+01    1.223918E+01    1.225523E+01    1.227239E+01    1.229062E+01    1.230981E+01    1.233008E+01    1.235143E+01    1.237400E+01    1.239782E+01    1.242286E+01    1.244907E+01    1.247617E+01    1.250310E+01    1.253003E+01    1.255743E+01    1.258550E+01    1.261472E+01    1.264528E+01    1.267729E+01    1.271072E+01    1.274559E+01    1.278140E+01    1.281739E+01    1.285741E+01    1.290040E+01    1.294869E+01    1.300255E+01    1.306009E+01    1.311999E+01    1.318044E+01    1.324223E+01    1.330468E+01    1.336655E+01    1.342570E+01    1.348202E+01    1.353484E+01    1.358334E+01    1.362677E+01    1.366702E+01    1.370508E+01    1.374138E+01    1.377536E+01    1.380669E+01    1.383571E+01    1.386300E+01    1.388877E+01    1.391301E+01    1.393576E+01    1.395711E+01    1.397713E+01    1.399508E+01    1.401148E+01    1.402639E+01    1.403972E+01    1.405175E+01    1.406220E+01    1.407059E+01    1.407766E+01    1.408354E+01    1.408823E+01    1.409162E+01    1.409373E+01    1.000000E+30
   1.000000E+30    1.000000E+30    1.000000E+30    1.000000E+30    1.000000E+30    1.000000E+30    1.000000E+30    1.000000E+30    1.000000E+30    1.000000E+30    1.000000E+30    1.000000E+30    1.000000E+30    1.000000E+30    1.000000E+30    1.000000E+30    1.000000E+30    1.000000E+30    1.459401E+01    1.450331E+01    1.441408E+01    1.432750E+01    1.424289E+01    1.415969E+01    1.407749E+01    1.399623E+01    1.391603E+01    1.383663E+01    1.375789E+01    1.368022E+01    1.360401E+01    1.352970E+01    1.345689E+01    1.338533E+01    1.331488E+01    1.324556E+01    1.317776E+01    1.311171E+01    1.304779E+01    1.298608E+01    1.292644E+01    1.286856E+01    1.281284E+01    1.275947E+01    1.270817E+01    1.265940E+01    1.261306E+01    1.256894E+01    1.252720E+01    1.248749E+01    1.244965E+01    1.241397E+01    1.238015E+01    1.234742E+01    1.231733E+01    1.229125E+01    1.226790E+01    1.224657E+01    1.222710E+01    1.220953E+01    1.219374E+01    1.217970E+01    1.216728E+01    1.215637E+01    1.214687E+01    1.213876E+01    1.213195E+01    1.212641E+01    1.212208E+01    1.211887E+01    1.211678E+01    1.211578E+01    1.211586E+01    1.211707E+01    1.211945E+01    1.212293E+01    1.212738E+01    1.213292E+01    1.213952E+01    1.214712E+01    1.215571E+01    1.216526E+01    1.217571E+01    1.218716E+01    1.219962E+01    1.221296E+01    1.222717E+01    1.224244E+01    1.225914E+01    1.227720E+01    1.229642E+01    1.231664E+01    1.233785E+01    1.236020E+01    1.238375E+01    1.240860E+01    1.243470E+01    1.246207E+01    1.249056E+01    1.251994E+01    1.254910E+01    1.257901E+01    1.260898E+01    1.263978E+01    1.267191E+01    1.270535E+01    1.274000E+01    1.277577E+01    1.281281E+01    1.284992E+01    1.288856E+01    1.293414E+01    1.299245E+01    1.306002E+01    1.312947E+01    1.319900E+01    1.326819E+01    1.333616E+01    1.340373E+01    1.346868E+01    1.352856E+01    1.358521E+01    1.363883E+01    1.369057E+01    1.373985E+01    1.378629E+01    1.383096E+01    1.387269E+01    1.391134E+01    1.394723E+01    1.398057E+01    1.401116E+01    1.403980E+01    1.406700E+01    1.409275E+01    1.411688E+01    1.413954E+01    1.416080E+01    1.417988E+01    1.419718E+01    1.421291E+01    1.422714E+01    1.423970E+01    1.425061E+01    1.425974E+01    1.426766E+01    1.427430E+01    1.427979E+01    1.428374E+01    1.428582E+01    1.000000E+30
   1.000000E+30    1.000000E+30    1.000000E+30    1.000000E+30    1.000000E+30    1.000000E+30    1.000000E+30    1.000000E+30    1.000000E+30    1.000000E+30    1.000000E+30    1.000000E+30    1.000000E+30    1.000000E+30    1.000000E+30    1.000000E+30    1.000000E+30    1.000000E+30    1.459498E+01    1.450173E+01    1.441145E+01    1.432393E+01    1.423854E+01    1.415492E+01    1.407244E+01    1.399102E+01    1.391089E+01    1.383174E+01    1.375334E+01    1.367604E+01    1.360021E+01    1.352627E+01    1.345382E+01    1.338255E+01    1.331229E+01    1.324324E+01    1.317571E+01    1.310996E+01    1.304630E+01    1.298493E+01    1.292563E+01    1.286785E+01    1.281204E+01    1.275846E+01    1.270698E+01    1.265795E+01    1.261124E+01    1.256671E+01    1.252451E+01    1.248445E+01    1.244634E+01    1.241015E+01    1.237602E+01    1.234411E+01    1.231392E+01    1.228533E+01    1.225973E+01    1.223746E+01    1.221790E+01    1.220044E+01    1.218479E+01    1.217098E+01    1.215877E+01    1.214809E+01    1.213894E+01    1.213127E+01    1.212501E+01    1.212008E+01    1.211644E+01    1.211403E+01    1.211281E+01    1.211277E+01    1.211389E+01    1.211617E+01    1.211966E+01    1.212431E+01    1.213005E+01    1.213693E+01    1.214491E+01    1.215398E+01    1.216410E+01    1.217521E+01    1.218726E+01    1.220033E+01    1.221450E+01    1.222958E+01    1.224548E+01    1.226271E+01    1.228154E+01    1.230161E+01    1.232286E+01    1.234510E+01    1.236852E+01    1.239311E+01    1.241886E+01    1.244603E+01    1.247447E+01    1.250414E+01    1.253487E+01    1.256649E+01    1.259860E+01    1.263159E+01    1.266417E+01    1.269758E+01    1.273242E+01    1.276852E+01    1.280575E+01    1.284416E+01    1.288404E+01    1.292395E+01    1.297040E+01    1.303444E+01    1.311517E+01    1.319595E+01    1.327092E+01    1.334301E+01    1.341271E+01    1.348145E+01    1.354823E+01    1.361309E+01    1.367567E+01    1.373647E+01    1.379527E+01    1.385260E+01    1.390756E+01    1.395907E+01    1.400669E+01    1.405058E+01    1.409122E+01    1.412887E+01    1.416378E+01    1.419629E+01    1.422693E+01    1.425586E+01    1.428310E+01    1.430862E+01    1.433252E+01    1.435474E+01    1.437516E+01    1.439356E+01    1.441039E+01    1.442541E+01    1.443803E+01    1.444930E+01    1.445896E+01    1.446698E+01    1.447356E+01    1.447871E+01    1.448219E+01    1.448384E+01    1.000000E+30
   1.000000E+30    1.000000E+30    1.000000E+30    1.000000E+30    1.000000E+30    1.000000E+30    1.000000E+30    1.000000E+30    1.000000E+30    1.000000E+30    1.000000E+30    1.000000E+30    1.000000E+30    1.000000E+30    1.000000E+30    1.000000E+30    1.000000E+30    1.000000E+30    1.459458E+01    1.450147E+01    1.441073E+01    1.432258E+01    1.423676E+01    1.415286E+01    1.407032E+01    1.398886E+01    1.390868E+01    1.382965E+01    1.375154E+01    1.367454E+01    1.359898E+01    1.352530E+01    1.345320E+01    1.338225E+01    1.331224E+01    1.324350E+01    1.317626E+01    1.311077E+01    1.304736E+01    1.298626E+01    1.292722E+01    1.286973E+01    1.281400E+01    1.276018E+01    1.270848E+01    1.265921E+01    1.261228E+01    1.256759E+01    1.252514E+01    1.248477E+01    1.244640E+01    1.240988E+01    1.237536E+01    1.234307E+01    1.231315E+01    1.228525E+01    1.225821E+01    1.223340E+01    1.221234E+01    1.219440E+01    1.217900E+01    1.216542E+01    1.215327E+01    1.214276E+01    1.213391E+01    1.212664E+01    1.212085E+01    1.211647E+01    1.211349E+01    1.211182E+01    1.211143E+01    1.211230E+01    1.211441E+01    1.211776E+01    1.212238E+01    1.212823E+01    1.213527E+01    1.214348E+01    1.215283E+01    1.216332E+01    1.217493E+01    1.218755E+01    1.220118E+01    1.221594E+01    1.223187E+01    1.224872E+01    1.226643E+01    1.228582E+01    1.230666E+01    1.232880E+01    1.235200E+01    1.237636E+01    1.240202E+01    1.242876E+01    1.245687E+01    1.248643E+01    1.251719E+01    1.254905E+01    1.258206E+01    1.261641E+01    1.265188E+01    1.268786E+01    1.272293E+01    1.275879E+01    1.279623E+01    1.283499E+01    1.287501E+01    1.291673E+01    1.295967E+01    1.300546E+01    1.306619E+01    1.315126E+01    1.324218E+01    1.332275E+01    1.339758E+01    1.347063E+01    1.354316E+01    1.361594E+01    1.368882E+01    1.376109E+01    1.383218E+01    1.390133E+01    1.396753E+01    1.403032E+01    1.408883E+01    1.414282E+01    1.419242E+01    1.423861E+01    1.428118E+01    1.432069E+01    1.435731E+01    1.439182E+01    1.442483E+01    1.445591E+01    1.448490E+01    1.451195E+01    1.453718E+01    1.456040E+01    1.458186E+01    1.460101E+01    1.461817E+01    1.463322E+01    1.464613E+01    1.465745E+01    1.466694E+01    1.467418E+01    1.468005E+01    1.468458E+01    1.468775E+01    1.468922E+01    1.000000E+30
   1.000000E+30    1.000000E+30    1.000000E+30    1.000000E+30    1.000000E+30    1.000000E+30    1.000000E+30    1.000000E+30    1.000000E+30    1.000000E+30    1.000000E+30    1.000000E+30    1.000000E+30    1.000000E+30    1.000000E+30    1.000000E+30    1.000000E+30    1.469269E+01    1.459579E+01    1.450266E+01    1.441187E+01    1.432325E+01    1.423725E+01    1.415323E+01    1.407052E+01    1.398917E+01    1.390912E+01    1.383014E+01    1.375224E+01    1.367560E+01    1.360027E+01    1.352679E+01    1.345494E+01    1.338423E+01    1.331461E+01    1.324621E+01    1.317926E+01    1.311405E+01    1.305087E+01    1.298998E+01    1.293115E+01    1.287399E+01    1.281854E+01    1.276467E+01    1.271271E+01    1.266317E+01    1.261602E+01    1.257118E+01    1.252862E+01    1.248815E+01    1.244960E+01    1.241291E+01    1.237814E+01    1.234550E+01    1.231507E+01    1.228694E+01    1.226085E+01    1.223579E+01    1.221215E+01    1.219239E+01    1.217659E+01    1.216299E+01    1.215090E+01    1.214049E+01    1.213186E+01    1.212491E+01    1.211953E+01    1.211567E+01    1.211328E+01    1.211229E+01    1.211268E+01    1.211443E+01    1.211751E+01    1.212188E+01    1.212759E+01    1.213465E+01    1.214302E+01    1.215256E+01    1.216328E+01    1.217522E+01    1.218828E+01    1.220239E+01    1.221768E+01    1.223423E+01    1.225192E+01    1.227052E+01    1.229031E+01    1.231188E+01    1.233473E+01    1.235886E+01    1.238415E+01    1.241075E+01    1.243852E+01    1.246756E+01    1.249816E+01    1.253003E+01    1.256293E+01    1.259713E+01    1.263300E+01    1.267044E+01    1.270921E+01    1.274799E+01    1.278546E+01    1.282370E+01    1.286370E+01    1.290498E+01    1.294802E+01    1.299342E+01    1.303988E+01    1.309436E+01    1.316990E+01    1.326735E+01    1.336041E+01    1.344028E+01    1.351798E+01    1.359744E+01    1.367879E+01    1.376109E+01    1.384358E+01    1.392485E+01    1.400439E+01    1.408122E+01    1.415307E+01    1.421978E+01    1.428099E+01    1.433698E+01    1.438898E+01    1.443707E+01    1.448143E+01    1.452275E+01    1.456179E+01    1.459879E+01    1.463391E+01    1.466708E+01    1.469775E+01    1.472622E+01    1.475253E+01    1.477630E+01    1.479769E+01    1.481678E+01    1.483333E+01    1.484782E+01    1.486079E+01    1.487162E+01    1.488047E+01    1.488723E+01    1.489233E+01    1.489636E+01    1.489943E+01    1.490109E+01    1.000000E+30
   1.000000E+30    1.000000E+30    1.000000E+30    1.000000E+30    1.000000E+30    1.000000E+30    1.000000E+30    1.000000E+30    1.000000E+30    1.000000E+30    1.000000E+30    1.000000E+30    1.000000E+30    1.000000E+30    1.000000E+30    1.000000E+30    1.000000E+30    1.469624E+01    1.459937E+01    1.450550E+01    1.441407E+01    1.432511E+01    1.423908E+01    1.415538E+01    1.407280E+01    1.399161E+01    1.391176E+01    1.383292E+01    1.375521E+01    1.367892E+01    1.360385E+01    1.353050E+01    1.345885E+01    1.338845E+01    1.331925E+01    1.325119E+01    1.318457E+01    1.311971E+01    1.305686E+01    1.299614E+01    1.293746E+01    1.288056E+01    1.282537E+01    1.277169E+01    1.271970E+01    1.266989E+01    1.262239E+01    1.257735E+01    1.253474E+01    1.249425E+01    1.245567E+01    1.241889E+01    1.238398E+01    1.235112E+01    1.232038E+01    1.229182E+01    1.226539E+01    1.224104E+01    1.221782E+01    1.219570E+01    1.217774E+01    1.216374E+01    1.215172E+01    1.214136E+01    1.213286E+01    1.212615E+01    1.212110E+01    1.211767E+01    1.211581E+01    1.211547E+01    1.211661E+01    1.211922E+01    1.212321E+01    1.212859E+01    1.213543E+01    1.214368E+01    1.215327E+01    1.216415E+01    1.217627E+01    1.218962E+01    1.220405E+01    1.221984E+01    1.223696E+01    1.225527E+01    1.227484E+01    1.229536E+01    1.231720E+01    1.234072E+01    1.236568E+01    1.239197E+01    1.241954E+01    1.244835E+01    1.247842E+01    1.250995E+01    1.254285E+01    1.257688E+01    1.261232E+01    1.264964E+01    1.268875E+01    1.272920E+01    1.277119E+01    1.281253E+01    1.285208E+01    1.289229E+01    1.293424E+01    1.297814E+01    1.302483E+01    1.307371E+01    1.312508E+01    1.318860E+01    1.327531E+01    1.338068E+01    1.347572E+01    1.355980E+01    1.364615E+01    1.373560E+01    1.382763E+01    1.392059E+01    1.401306E+01    1.410345E+01    1.419055E+01    1.427333E+01    1.435009E+01    1.442029E+01    1.448436E+01    1.454305E+01    1.459741E+01    1.464724E+01    1.469364E+01    1.473759E+01    1.477925E+01    1.481825E+01    1.485511E+01    1.488961E+01    1.492135E+01    1.495011E+01    1.497611E+01    1.499920E+01    1.501958E+01    1.503785E+01    1.505352E+01    1.506733E+01    1.507965E+01    1.508988E+01    1.509829E+01    1.510505E+01    1.510980E+01    1.511317E+01    1.511582E+01    1.511785E+01    1.000000E+30
   1.000000E+30    1.000000E+30    1.000000E+30    1.000000E+30    1.000000E+30    1.000000E+30    1.000000E+30    1.000000E+30    1.000000E+30    1.000000E+30    1.000000E+30    1.000000E+30    1.000000E+30    1.000000E+30    1.000000E+30    1.000000E+30    1.480099E+01    1.470038E+01    1.460359E+01    1.450990E+01    1.441840E+01    1.432921E+01    1.424269E+01    1.415900E+01    1.407681E+01    1.399583E+01    1.391622E+01    1.383766E+01    1.376022E+01    1.368425E+01    1.360954E+01    1.353642E+01    1.346486E+01    1.339466E+01    1.332594E+01    1.325834E+01    1.319211E+01    1.312760E+01    1.306510E+01    1.300467E+01    1.294617E+01    1.288942E+01    1.283440E+01    1.278098E+01    1.272920E+01    1.267932E+01    1.263151E+01    1.258620E+01    1.254343E+01    1.250290E+01    1.246433E+01    1.242758E+01    1.239265E+01    1.235970E+01    1.232883E+01    1.230002E+01    1.227322E+01    1.224838E+01    1.222565E+01    1.220437E+01    1.218405E+01    1.216781E+01    1.215559E+01    1.214537E+01    1.213691E+01    1.213034E+01    1.212554E+01    1.212248E+01    1.212109E+01    1.212137E+01    1.212325E+01    1.212669E+01    1.213155E+01    1.213796E+01    1.214592E+01    1.215535E+01    1.216616E+01    1.217828E+01    1.219177E+01    1.220641E+01    1.222240E+01    1.224004E+01    1.225901E+01    1.227925E+01    1.230077E+01    1.232301E+01    1.234687E+01    1.237254E+01    1.239967E+01    1.242817E+01    1.245813E+01    1.248932E+01    1.252190E+01    1.255583E+01    1.259106E+01    1.262778E+01    1.266653E+01    1.270712E+01    1.274933E+01    1.279298E+01    1.283797E+01    1.288158E+01    1.292269E+01    1.296413E+01    1.300772E+01    1.305505E+01    1.310496E+01    1.315632E+01    1.321354E+01    1.328496E+01    1.338152E+01    1.349414E+01    1.359326E+01    1.368587E+01    1.378299E+01    1.388478E+01    1.398923E+01    1.409360E+01    1.419579E+01    1.429466E+01    1.438890E+01    1.447730E+01    1.455948E+01    1.463337E+01    1.470091E+01    1.476274E+01    1.481952E+01    1.487171E+01    1.492052E+01    1.496647E+01    1.500926E+01    1.504922E+01    1.508622E+01    1.512000E+01    1.515110E+01    1.517899E+01    1.520378E+01    1.522591E+01    1.524551E+01    1.526286E+01    1.527791E+01    1.529115E+01    1.530298E+01    1.531300E+01    1.532125E+01    1.532808E+01    1.533289E+01    1.533632E+01    1.533859E+01    1.534044E+01    1.000000E+30
   1.000000E+30    1.000000E+30    1.000000E+30    1.000000E+30    1.000000E+30    1.000000E+30    1.000000E+30    1.000000E+30    1.000000E+30    1.000000E+30    1.000000E+30    1.000000E+30    1.000000E+30    1.000000E+30    1.000000E+30    1.000000E+30    1.480563E+01    1.470619E+01    1.460938E+01    1.451539E+01    1.442402E+01    1.433497E+01    1.424812E+01    1.416433E+01    1.408252E+01    1.400175E+01    1.392241E+01    1.384419E+01    1.376715E+01    1.369141E+01    1.361691E+01    1.354413E+01    1.347295E+01    1.340306E+01    1.333464E+01    1.326750E+01    1.320173E+01    1.313766E+01    1.307550E+01    1.301535E+01    1.295713E+01    1.290061E+01    1.284576E+01    1.279253E+01    1.274100E+01    1.269124E+01    1.264333E+01    1.259773E+01    1.255473E+01    1.251407E+01    1.247552E+01    1.243882E+01    1.240394E+01    1.237101E+01    1.234010E+01    1.231117E+01    1.228420E+01    1.225907E+01    1.223579E+01    1.221482E+01    1.219589E+01    1.217754E+01    1.216287E+01    1.215239E+01    1.214406E+01    1.213752E+01    1.213288E+01    1.213010E+01    1.212916E+01    1.213002E+01    1.213262E+01    1.213685E+01    1.214260E+01    1.215004E+01    1.215908E+01    1.216964E+01    1.218165E+01    1.219502E+01    1.220979E+01    1.222593E+01    1.224369E+01    1.226302E+01    1.228372E+01    1.230583E+01    1.232918E+01    1.235340E+01    1.237963E+01    1.240757E+01    1.243693E+01    1.246787E+01    1.250022E+01    1.253392E+01    1.256897E+01    1.260541E+01    1.264358E+01    1.268359E+01    1.272543E+01    1.276907E+01    1.281446E+01    1.286149E+01    1.290962E+01    1.295546E+01    1.299782E+01    1.304010E+01    1.308613E+01    1.313581E+01    1.318734E+01    1.324079E+01    1.330374E+01    1.338197E+01    1.348733E+01    1.360712E+01    1.371408E+01    1.381820E+01    1.392925E+01    1.404573E+01    1.416331E+01    1.427841E+01    1.438970E+01    1.449681E+01    1.459911E+01    1.469504E+01    1.478266E+01    1.486159E+01    1.493338E+01    1.499867E+01    1.505770E+01    1.511144E+01    1.516099E+01    1.520647E+01    1.524852E+01    1.528762E+01    1.532284E+01    1.535452E+01    1.538364E+01    1.541038E+01    1.543444E+01    1.545613E+01    1.547567E+01    1.549288E+01    1.550821E+01    1.552166E+01    1.553309E+01    1.554286E+01    1.555098E+01    1.555755E+01    1.556267E+01    1.556604E+01    1.556782E+01    1.556890E+01    1.000000E+30
   1.000000E+30    1.000000E+30    1.000000E+30    1.000000E+30    1.000000E+30    1.000000E+30    1.000000E+30    1.000000E+30    1.000000E+30    1.000000E+30    1.000000E+30    1.000000E+30    1.000000E+30    1.000000E+30    1.000000E+30    1.491848E+01    1.481340E+01    1.471350E+01    1.461662E+01    1.452242E+01    1.443120E+01    1.434222E+01    1.425522E+01    1.417140E+01    1.408989E+01    1.400931E+01    1.393020E+01    1.385235E+01    1.377574E+01    1.370029E+01    1.362610E+01    1.355371E+01    1.348283E+01    1.341335E+01    1.334532E+01    1.327860E+01    1.321331E+01    1.314972E+01    1.308791E+01    1.302801E+01    1.297021E+01    1.291417E+01    1.285966E+01    1.280648E+01    1.275505E+01    1.270546E+01    1.265759E+01    1.261181E+01    1.256859E+01    1.252784E+01    1.248925E+01    1.245258E+01    1.241779E+01    1.238492E+01    1.235407E+01    1.232516E+01    1.229808E+01    1.227280E+01    1.224928E+01    1.222784E+01    1.220907E+01    1.219245E+01    1.217572E+01    1.216275E+01    1.215429E+01    1.214782E+01    1.214324E+01    1.214064E+01    1.214007E+01    1.214146E+01    1.214471E+01    1.214972E+01    1.215641E+01    1.216483E+01    1.217494E+01    1.218666E+01    1.219991E+01    1.221453E+01    1.223064E+01    1.224839E+01    1.226777E+01    1.228870E+01    1.231114E+01    1.233519E+01    1.236042E+01    1.238694E+01    1.241551E+01    1.244580E+01    1.247767E+01    1.251112E+01    1.254592E+01    1.258203E+01    1.261972E+01    1.265945E+01    1.270091E+01    1.274406E+01    1.278895E+01    1.283559E+01    1.288413E+01    1.293480E+01    1.298664E+01    1.303515E+01    1.307851E+01    1.312151E+01    1.316956E+01    1.322011E+01    1.327222E+01    1.332751E+01    1.339363E+01    1.347649E+01    1.359089E+01    1.371956E+01    1.383794E+01    1.395763E+01    1.408582E+01    1.421819E+01    1.434875E+01    1.447421E+01    1.459496E+01    1.471129E+01    1.482339E+01    1.492758E+01    1.502219E+01    1.510739E+01    1.518326E+01    1.525052E+01    1.531004E+01    1.536328E+01    1.541094E+01    1.545385E+01    1.549306E+01    1.552929E+01    1.556250E+01    1.559229E+01    1.561988E+01    1.564569E+01    1.566981E+01    1.569178E+01    1.571166E+01    1.572890E+01    1.574427E+01    1.575778E+01    1.576899E+01    1.577863E+01    1.578694E+01    1.579348E+01    1.579872E+01    1.580178E+01    1.580349E+01    1.580401E+01    1.000000E+30
   1.000000E+30    1.000000E+30    1.000000E+30    1.000000E+30    1.000000E+30    1.000000E+30    1.000000E+30    1.000000E+30    1.000000E+30    1.000000E+30    1.000000E+30    1.000000E+30    1.000000E+30    1.000000E+30    1.000000E+30    1.492457E+01    1.482073E+01    1.472088E+01    1.462417E+01    1.453037E+01    1.443952E+01    1.435084E+01    1.426417E+01    1.418011E+01    1.409865E+01    1.401851E+01    1.393961E+01    1.386211E+01    1.378587E+01    1.371075E+01    1.363693E+01    1.356504E+01    1.349459E+01    1.342537E+01    1.335772E+01    1.329152E+01    1.322673E+01    1.316362E+01    1.310216E+01    1.304238E+01    1.298488E+01    1.292948E+01    1.287570E+01    1.282287E+01    1.277139E+01    1.272191E+01    1.267424E+01    1.262845E+01    1.258503E+01    1.254410E+01    1.250549E+01    1.246884E+01    1.243409E+01    1.240132E+01    1.237056E+01    1.234175E+01    1.231472E+01    1.228945E+01    1.226585E+01    1.224416E+01    1.222500E+01    1.220852E+01    1.219332E+01    1.217798E+01    1.216776E+01    1.216127E+01    1.215671E+01    1.215422E+01    1.215396E+01    1.215579E+01    1.215959E+01    1.216531E+01    1.217291E+01    1.218232E+01    1.219351E+01    1.220644E+01    1.222091E+01    1.223682E+01    1.225437E+01    1.227368E+01    1.229466E+01    1.231736E+01    1.234164E+01    1.236764E+01    1.239492E+01    1.242387E+01    1.245460E+01    1.248728E+01    1.252175E+01    1.255769E+01    1.259488E+01    1.263377E+01    1.267501E+01    1.271812E+01    1.276276E+01    1.280911E+01    1.285740E+01    1.290702E+01    1.295879E+01    1.301334E+01    1.307060E+01    1.312286E+01    1.316612E+01    1.320803E+01    1.325732E+01    1.330879E+01    1.335911E+01    1.341470E+01    1.348042E+01    1.356753E+01    1.369024E+01    1.382945E+01    1.396347E+01    1.410331E+01    1.425230E+01    1.440245E+01    1.454640E+01    1.468258E+01    1.481281E+01    1.493949E+01    1.506353E+01    1.517842E+01    1.528241E+01    1.537240E+01    1.544923E+01    1.551528E+01    1.557243E+01    1.562235E+01    1.566641E+01    1.570570E+01    1.574161E+01    1.577481E+01    1.580591E+01    1.583466E+01    1.586173E+01    1.588762E+01    1.591190E+01    1.593403E+01    1.595333E+01    1.597002E+01    1.598475E+01    1.599760E+01    1.600866E+01    1.601842E+01    1.602695E+01    1.603377E+01    1.603905E+01    1.604246E+01    1.604456E+01    1.604525E+01    1.000000E+30
   1.000000E+30    1.000000E+30    1.000000E+30    1.000000E+30    1.000000E+30    1.000000E+30    1.000000E+30    1.000000E+30    1.000000E+30    1.000000E+30    1.000000E+30    1.000000E+30    1.000000E+30    1.000000E+30    1.504745E+01    1.493515E+01    1.482977E+01    1.472910E+01    1.463239E+01    1.453922E+01    1.444883E+01    1.436045E+01    1.427423E+01    1.419022E+01    1.410891E+01    1.402928E+01    1.395060E+01    1.387341E+01    1.379747E+01    1.372276E+01    1.364948E+01    1.357798E+01    1.350795E+01    1.343913E+01    1.337184E+01    1.330613E+01    1.324179E+01    1.317924E+01    1.311852E+01    1.305921E+01    1.300173E+01    1.294642E+01    1.289300E+01    1.284066E+01    1.278953E+01    1.274033E+01    1.269308E+01    1.264754E+01    1.260401E+01    1.256282E+01    1.252414E+01    1.248760E+01    1.245291E+01    1.242024E+01    1.238959E+01    1.236090E+01    1.233401E+01    1.230885E+01    1.228537E+01    1.226363E+01    1.224426E+01    1.222734E+01    1.221277E+01    1.219852E+01    1.218556E+01    1.217799E+01    1.217331E+01    1.217088E+01    1.217085E+01    1.217307E+01    1.217737E+01    1.218371E+01    1.219210E+01    1.220247E+01    1.221476E+01    1.222885E+01    1.224453E+01    1.226191E+01    1.228106E+01    1.230202E+01    1.232470E+01    1.234916E+01    1.237530E+01    1.240325E+01    1.243260E+01    1.246376E+01    1.249694E+01    1.253223E+01    1.256908E+01    1.260741E+01    1.264754E+01    1.269004E+01    1.273477E+01    1.278110E+01    1.282909E+01    1.287900E+01    1.293059E+01    1.298379E+01    1.304065E+01    1.310541E+01    1.316968E+01    1.322249E+01    1.326541E+01    1.331117E+01    1.336059E+01    1.340481E+01    1.345021E+01    1.350196E+01    1.356252E+01    1.365149E+01    1.378130E+01    1.393403E+01    1.408707E+01    1.425587E+01    1.443191E+01    1.460229E+01    1.475997E+01    1.490569E+01    1.504312E+01    1.517896E+01    1.531623E+01    1.544356E+01    1.555884E+01    1.565062E+01    1.572452E+01    1.578738E+01    1.584098E+01    1.588709E+01    1.592779E+01    1.596396E+01    1.599722E+01    1.602826E+01    1.605719E+01    1.608511E+01    1.611189E+01    1.613746E+01    1.616085E+01    1.618216E+01    1.620071E+01    1.621657E+01    1.623045E+01    1.624263E+01    1.625330E+01    1.626271E+01    1.627104E+01    1.627777E+01    1.628299E+01    1.628692E+01    1.628944E+01    1.629073E+01    1.000000E+30
   1.000000E+30    1.000000E+30    1.000000E+30    1.000000E+30    1.000000E+30    1.000000E+30    1.000000E+30    1.000000E+30    1.000000E+30    1.000000E+30    1.000000E+30    1.000000E+30    1.000000E+30    1.000000E+30    1.505497E+01    1.494588E+01    1.484043E+01    1.473898E+01    1.464192E+01    1.454864E+01    1.445840E+01    1.437063E+01    1.428515E+01    1.420173E+01    1.412060E+01    1.404126E+01    1.396290E+01    1.388611E+01    1.381054E+01    1.373625E+01    1.366351E+01    1.359247E+01    1.352294E+01    1.345453E+01    1.338761E+01    1.332243E+01    1.325859E+01    1.319647E+01    1.313632E+01    1.307755E+01    1.302043E+01    1.296544E+01    1.291236E+01    1.286051E+01    1.280982E+01    1.276083E+01    1.271395E+01    1.266882E+01    1.262537E+01    1.258395E+01    1.254511E+01    1.250868E+01    1.247408E+01    1.244154E+01    1.241112E+01    1.238260E+01    1.235589E+01    1.233096E+01    1.230769E+01    1.228612E+01    1.226667E+01    1.224956E+01    1.223492E+01    1.222252E+01    1.220964E+01    1.219967E+01    1.219352E+01    1.219068E+01    1.219081E+01    1.219345E+01    1.219823E+01    1.220513E+01    1.221420E+01    1.222549E+01    1.223885E+01    1.225414E+01    1.227116E+01    1.228999E+01    1.231077E+01    1.233338E+01    1.235778E+01    1.238396E+01    1.241197E+01    1.244182E+01    1.247333E+01    1.250686E+01    1.254258E+01    1.258021E+01    1.261963E+01    1.266107E+01    1.270477E+01    1.275087E+01    1.279894E+01    1.284868E+01    1.290020E+01    1.295371E+01    1.300950E+01    1.307068E+01    1.314424E+01    1.321926E+01    1.328174E+01    1.333335E+01    1.338316E+01    1.343885E+01    1.348812E+01    1.352516E+01    1.356092E+01    1.359889E+01    1.364128E+01    1.372549E+01    1.386025E+01    1.402343E+01    1.420141E+01    1.441938E+01    1.463096E+01    1.482361E+01    1.499424E+01    1.514617E+01    1.528234E+01    1.541184E+01    1.557181E+01    1.571325E+01    1.583959E+01    1.592267E+01    1.599338E+01    1.605919E+01    1.611185E+01    1.615575E+01    1.619435E+01    1.622890E+01    1.626059E+01    1.629082E+01    1.631886E+01    1.634558E+01    1.637094E+01    1.639459E+01    1.641625E+01    1.643616E+01    1.645393E+01    1.646921E+01    1.648226E+01    1.649387E+01    1.650425E+01    1.651325E+01    1.652116E+01    1.652777E+01    1.653280E+01    1.653667E+01    1.653907E+01    1.654071E+01    1.000000E+30
   1.000000E+30    1.000000E+30    1.000000E+30    1.000000E+30    1.000000E+30    1.000000E+30    1.000000E+30    1.000000E+30    1.000000E+30    1.000000E+30    1.000000E+30    1.000000E+30    1.000000E+30    1.000000E+30    1.506644E+01    1.495856E+01    1.485315E+01    1.475119E+01    1.465335E+01    1.455961E+01    1.446943E+01    1.438187E+01    1.429673E+01    1.421415E+01    1.413349E+01    1.405436E+01    1.397645E+01    1.390005E+01    1.382501E+01    1.375122E+01    1.367895E+01    1.360839E+01    1.353937E+01    1.347156E+01    1.340517E+01    1.334040E+01    1.327708E+01    1.321538E+01    1.315551E+01    1.309725E+01    1.304065E+01    1.298608E+01    1.293342E+01    1.288230E+01    1.283225E+01    1.278351E+01    1.273690E+01    1.269212E+01    1.264897E+01    1.260751E+01    1.256843E+01    1.253202E+01    1.249762E+01    1.246518E+01    1.243504E+01    1.240687E+01    1.238027E+01    1.235554E+01    1.233260E+01    1.231132E+01    1.229202E+01    1.227485E+01    1.226013E+01    1.224800E+01    1.223810E+01    1.222867E+01    1.222097E+01    1.221628E+01    1.221487E+01    1.221714E+01    1.222229E+01    1.222979E+01    1.223970E+01    1.225193E+01    1.226626E+01    1.228264E+01    1.230088E+01    1.232104E+01    1.234327E+01    1.236752E+01    1.239370E+01    1.242174E+01    1.245180E+01    1.248370E+01    1.251748E+01    1.255332E+01    1.259133E+01    1.263154E+01    1.267418E+01    1.271912E+01    1.276648E+01    1.281607E+01    1.286759E+01    1.292092E+01    1.297607E+01    1.303431E+01    1.310026E+01    1.318067E+01    1.326471E+01    1.333347E+01    1.339463E+01    1.345143E+01    1.350972E+01    1.357244E+01    1.362690E+01    1.366882E+01    1.369963E+01    1.372226E+01    1.370660E+01    1.377796E+01    1.390905E+01    1.407496E+01    1.428827E+01    1.460725E+01    1.485930E+01    1.507333E+01    1.525379E+01    1.540739E+01    1.552517E+01    1.559830E+01    1.000000E+30    1.000000E+30    1.612018E+01    1.616440E+01    1.622804E+01    1.630958E+01    1.636423E+01    1.641258E+01    1.645799E+01    1.649413E+01    1.652639E+01    1.655783E+01    1.658705E+01    1.661408E+01    1.663854E+01    1.666058E+01    1.668052E+01    1.669827E+01    1.671403E+01    1.672840E+01    1.674101E+01    1.675233E+01    1.676242E+01    1.677116E+01    1.677850E+01    1.678469E+01    1.678944E+01    1.679283E+01    1.679485E+01    1.679620E+01    1.000000E+30
   1.000000E+30    1.000000E+30    1.000000E+30    1.000000E+30    1.000000E+30    1.000000E+30    1.000000E+30    1.000000E+30    1.000000E+30    1.000000E+30    1.000000E+30    1.000000E+30    1.000000E+30    1.519903E+01    1.508299E+01    1.497339E+01    1.486755E+01    1.476511E+01    1.466661E+01    1.457238E+01    1.448215E+01    1.439480E+01    1.431000E+01    1.422777E+01    1.414726E+01    1.406866E+01    1.399140E+01    1.391528E+01    1.384075E+01    1.376753E+01    1.369576E+01    1.362567E+01    1.355713E+01    1.348996E+01    1.342422E+01    1.336000E+01    1.329724E+01    1.323588E+01    1.317630E+01    1.311857E+01    1.306251E+01    1.300845E+01    1.295620E+01    1.290561E+01    1.285642E+01    1.280826E+01    1.276200E+01    1.271757E+01    1.267476E+01    1.263359E+01    1.259439E+01    1.255773E+01    1.252337E+01    1.249102E+01    1.246104E+01    1.243333E+01    1.240722E+01    1.238265E+01    1.236002E+01    1.233916E+01    1.232017E+01    1.230313E+01    1.228841E+01    1.227617E+01    1.226654E+01    1.225928E+01    1.225363E+01    1.224891E+01    1.224568E+01    1.224577E+01    1.224986E+01    1.225789E+01    1.226864E+01    1.228179E+01    1.229718E+01    1.231461E+01    1.233393E+01    1.235531E+01    1.237894E+01    1.240471E+01    1.243256E+01    1.246255E+01    1.249469E+01    1.252870E+01    1.256477E+01    1.260298E+01    1.264365E+01    1.268694E+01    1.273281E+01    1.278127E+01    1.283221E+01    1.288542E+01    1.294046E+01    1.299723E+01    1.305708E+01    1.312701E+01    1.321305E+01    1.330213E+01    1.337637E+01    1.344380E+01    1.351050E+01    1.357345E+01    1.363761E+01    1.370521E+01    1.376377E+01    1.381447E+01    1.386475E+01    1.390377E+01    1.000000E+30    1.000000E+30    1.000000E+30    1.000000E+30    1.000000E+30    1.000000E+30    1.000000E+30    1.000000E+30    1.000000E+30    1.000000E+30    1.000000E+30    1.000000E+30    1.000000E+30    1.000000E+30    1.000000E+30    1.000000E+30    1.000000E+30    1.653451E+01    1.657309E+01    1.663012E+01    1.670222E+01    1.674673E+01    1.678645E+01    1.682634E+01    1.685882E+01    1.688757E+01    1.691330E+01    1.693554E+01    1.695450E+01    1.697045E+01    1.698466E+01    1.699760E+01    1.700942E+01    1.701963E+01    1.702861E+01    1.703658E+01    1.704304E+01    1.704833E+01    1.705257E+01    1.705587E+01    1.705798E+01    1.705850E+01    1.000000E+30
   1.000000E+30    1.000000E+30    1.000000E+30    1.000000E+30    1.000000E+30    1.000000E+30    1.000000E+30    1.000000E+30    1.000000E+30    1.000000E+30    1.000000E+30    1.000000E+30    1.000000E+30    1.520994E+01    1.509793E+01    1.498894E+01    1.488321E+01    1.478050E+01    1.468146E+01    1.458675E+01    1.449629E+01    1.440915E+01    1.432465E+01    1.424277E+01    1.416258E+01    1.408433E+01    1.400769E+01    1.393197E+01    1.385777E+01    1.378502E+01    1.371383E+01    1.364423E+01    1.357619E+01    1.350967E+01    1.344464E+01    1.338103E+01    1.331879E+01    1.325796E+01    1.319881E+01    1.314155E+01    1.308603E+01    1.303251E+01    1.298077E+01    1.293066E+01    1.288220E+01    1.283481E+01    1.278901E+01    1.274506E+01    1.270265E+01    1.266189E+01    1.262299E+01    1.258618E+01    1.255158E+01    1.251923E+01    1.248929E+01    1.246165E+01    1.243605E+01    1.241215E+01    1.238997E+01    1.236963E+01    1.235117E+01    1.233442E+01    1.231984E+01    1.230755E+01    1.229755E+01    1.228980E+01    1.228470E+01    1.228198E+01    1.228101E+01    1.228082E+01    1.228290E+01    1.228982E+01    1.230107E+01    1.231506E+01    1.233145E+01    1.234995E+01    1.237044E+01    1.239310E+01    1.241805E+01    1.244524E+01    1.247474E+01    1.250659E+01    1.254069E+01    1.257688E+01    1.261530E+01    1.265617E+01    1.269985E+01    1.274627E+01    1.279550E+01    1.284750E+01    1.290205E+01    1.295881E+01    1.301739E+01    1.307878E+01    1.315194E+01    1.324273E+01    1.333562E+01    1.341451E+01    1.348646E+01    1.355945E+01    1.363151E+01    1.370084E+01    1.377308E+01    1.384753E+01    1.391215E+01    1.397989E+01    1.406272E+01    1.410798E+01    1.000000E+30    1.000000E+30    1.000000E+30    1.000000E+30    1.000000E+30    1.000000E+30    1.000000E+30    1.000000E+30    1.000000E+30    1.000000E+30    1.000000E+30    1.000000E+30    1.000000E+30    1.000000E+30    1.000000E+30    1.000000E+30    1.000000E+30    1.000000E+30    1.000000E+30    1.000000E+30    1.692927E+01    1.697066E+01    1.702955E+01    1.709724E+01    1.713446E+01    1.716535E+01    1.719369E+01    1.721647E+01    1.723590E+01    1.725248E+01    1.726614E+01    1.727773E+01    1.728798E+01    1.729630E+01    1.730316E+01    1.730914E+01    1.731415E+01    1.731829E+01    1.732158E+01    1.732447E+01    1.732640E+01    1.732690E+01    1.000000E+30
   1.000000E+30    1.000000E+30    1.000000E+30    1.000000E+30    1.000000E+30    1.000000E+30    1.000000E+30    1.000000E+30    1.000000E+30    1.000000E+30    1.000000E+30    1.000000E+30    1.534439E+01    1.522778E+01    1.511525E+01    1.500621E+01    1.490040E+01    1.479738E+01    1.469786E+01    1.460284E+01    1.451221E+01    1.442515E+01    1.434075E+01    1.425887E+01    1.417913E+01    1.410138E+01    1.402522E+01    1.394997E+01    1.387613E+01    1.380386E+01    1.373322E+01    1.366401E+01    1.359641E+01    1.353050E+01    1.346619E+01    1.340329E+01    1.334168E+01    1.328149E+01    1.322291E+01    1.316611E+01    1.311116E+01    1.305815E+01    1.300706E+01    1.295752E+01    1.290970E+01    1.286314E+01    1.281796E+01    1.277454E+01    1.273259E+01    1.269229E+01    1.265387E+01    1.261734E+01    1.258274E+01    1.255028E+01    1.252031E+01    1.249279E+01    1.246736E+01    1.244391E+01    1.242225E+01    1.240243E+01    1.238464E+01    1.236838E+01    1.235409E+01    1.234203E+01    1.233214E+01    1.232468E+01    1.231967E+01    1.231719E+01    1.231708E+01    1.231930E+01    1.232251E+01    1.232762E+01    1.233740E+01    1.235182E+01    1.236900E+01    1.238847E+01    1.241013E+01    1.243411E+01    1.246046E+01    1.248922E+01    1.252035E+01    1.255398E+01    1.259003E+01    1.262841E+01    1.266927E+01    1.271302E+01    1.275973E+01    1.280954E+01    1.286226E+01    1.291766E+01    1.297560E+01    1.303656E+01    1.310032E+01    1.317587E+01    1.327016E+01    1.336529E+01    1.344684E+01    1.352287E+01    1.360072E+01    1.367977E+01    1.375763E+01    1.383433E+01    1.391736E+01    1.399977E+01    1.407750E+01    1.418399E+01    1.429830E+01    1.432929E+01    1.000000E+30    1.000000E+30    1.000000E+30    1.000000E+30    1.000000E+30    1.000000E+30    1.000000E+30    1.000000E+30    1.000000E+30    1.000000E+30    1.000000E+30    1.000000E+30    1.000000E+30    1.000000E+30    1.000000E+30    1.000000E+30    1.000000E+30    1.000000E+30    1.000000E+30    1.000000E+30    1.000000E+30    1.000000E+30    1.000000E+30    1.737528E+01    1.740354E+01    1.744021E+01    1.747779E+01    1.750107E+01    1.752155E+01    1.753991E+01    1.755332E+01    1.756320E+01    1.757105E+01    1.757714E+01    1.758178E+01    1.758494E+01    1.758782E+01    1.759054E+01    1.759284E+01    1.759478E+01    1.759634E+01    1.759751E+01    1.000000E+30
   1.000000E+30    1.000000E+30    1.000000E+30    1.000000E+30    1.000000E+30    1.000000E+30    1.000000E+30    1.000000E+30    1.000000E+30    1.000000E+30    1.000000E+30    1.000000E+30    1.535558E+01    1.524454E+01    1.513377E+01    1.502532E+01    1.491953E+01    1.481618E+01    1.471617E+01    1.462075E+01    1.452985E+01    1.444264E+01    1.435833E+01    1.427657E+01    1.419699E+01    1.411961E+01    1.404405E+01    1.396935E+01    1.389593E+01    1.382406E+01    1.375390E+01    1.368517E+01    1.361799E+01    1.355256E+01    1.348885E+01    1.342668E+01    1.336577E+01    1.330624E+01    1.324842E+01    1.319229E+01    1.313793E+01    1.308549E+01    1.303500E+01    1.298618E+01    1.293899E+01    1.289328E+01    1.284884E+01    1.280602E+01    1.276462E+01    1.272477E+01    1.268683E+01    1.265080E+01    1.261656E+01    1.258430E+01    1.255437E+01    1.252690E+01    1.250164E+01    1.247845E+01    1.245720E+01    1.243779E+01    1.242051E+01    1.240493E+01    1.239102E+01    1.237937E+01    1.237007E+01    1.236308E+01    1.235839E+01    1.235625E+01    1.235663E+01    1.235951E+01    1.236499E+01    1.237173E+01    1.237992E+01    1.239248E+01    1.240981E+01    1.243009E+01    1.245292E+01    1.247819E+01    1.250597E+01    1.253628E+01    1.256916E+01    1.260463E+01    1.264262E+01    1.268332E+01    1.272691E+01    1.277380E+01    1.282370E+01    1.287677E+01    1.293271E+01    1.299115E+01    1.305288E+01    1.311936E+01    1.319783E+01    1.329414E+01    1.339063E+01    1.347400E+01    1.355339E+01    1.363490E+01    1.371904E+01    1.380418E+01    1.388835E+01    1.397406E+01    1.406846E+01    1.415813E+01    1.426205E+01    1.441502E+01    1.457464E+01    1.000000E+30    1.000000E+30    1.000000E+30    1.000000E+30    1.000000E+30    1.000000E+30    1.000000E+30    1.000000E+30    1.000000E+30    1.000000E+30    1.000000E+30    1.000000E+30    1.000000E+30    1.000000E+30    1.000000E+30    1.000000E+30    1.000000E+30    1.000000E+30    1.000000E+30    1.000000E+30    1.000000E+30    1.000000E+30    1.000000E+30    1.000000E+30    1.000000E+30    1.000000E+30    1.000000E+30    1.776674E+01    1.778513E+01    1.780854E+01    1.783086E+01    1.784303E+01    1.785042E+01    1.785501E+01    1.785844E+01    1.786109E+01    1.786237E+01    1.786299E+01    1.786418E+01    1.786568E+01    1.786686E+01    1.786811E+01    1.786918E+01    1.000000E+30
   1.000000E+30    1.000000E+30    1.000000E+30    1.000000E+30    1.000000E+30    1.000000E+30    1.000000E+30    1.000000E+30    1.000000E+30    1.000000E+30    1.000000E+30    1.549169E+01    1.537583E+01    1.526362E+01    1.515354E+01    1.504587E+01    1.494051E+01    1.483713E+01    1.473672E+01    1.464084E+01    1.454952E+01    1.446195E+01    1.437746E+01    1.429575E+01    1.421631E+01    1.413903E+01    1.406398E+01    1.399001E+01    1.391699E+01    1.384558E+01    1.377586E+01    1.370756E+01    1.364085E+01    1.357598E+01    1.351284E+01    1.345130E+01    1.339110E+01    1.333229E+01    1.327517E+01    1.321983E+01    1.316616E+01    1.311438E+01    1.306450E+01    1.301636E+01    1.296991E+01    1.292505E+01    1.288163E+01    1.283948E+01    1.279866E+01    1.275935E+01    1.272190E+01    1.268638E+01    1.265267E+01    1.262091E+01    1.259124E+01    1.256393E+01    1.253886E+01    1.251599E+01    1.249517E+01    1.247624E+01    1.245937E+01    1.244431E+01    1.243094E+01    1.241977E+01    1.241105E+01    1.240466E+01    1.240041E+01    1.239875E+01    1.239970E+01    1.240325E+01    1.240935E+01    1.241816E+01    1.242849E+01    1.243979E+01    1.245533E+01    1.247500E+01    1.249879E+01    1.252544E+01    1.255475E+01    1.258670E+01    1.262132E+01    1.265853E+01    1.269851E+01    1.274179E+01    1.278860E+01    1.283875E+01    1.289162E+01    1.294759E+01    1.300640E+01    1.306786E+01    1.313589E+01    1.321887E+01    1.331630E+01    1.341251E+01    1.349740E+01    1.357960E+01    1.366391E+01    1.375126E+01    1.384139E+01    1.393254E+01    1.402337E+01    1.412002E+01    1.422257E+01    1.432240E+01    1.446193E+01    1.462233E+01    1.472264E+01    1.000000E+30    1.000000E+30    1.000000E+30    1.000000E+30    1.000000E+30    1.000000E+30    1.000000E+30    1.000000E+30    1.000000E+30    1.000000E+30    1.000000E+30    1.000000E+30    1.000000E+30    1.000000E+30    1.000000E+30    1.000000E+30    1.000000E+30    1.000000E+30    1.000000E+30    1.000000E+30    1.000000E+30    1.000000E+30    1.000000E+30    1.000000E+30    1.000000E+30    1.000000E+30    1.000000E+30    1.000000E+30    1.000000E+30    1.000000E+30    1.812690E+01    1.813384E+01    1.813923E+01    1.814122E+01    1.814186E+01    1.814213E+01    1.814239E+01    1.814180E+01    1.814130E+01    1.814159E+01    1.814213E+01    1.814274E+01    1.814340E+01    1.000000E+30
   1.000000E+30    1.000000E+30    1.000000E+30    1.000000E+30    1.000000E+30    1.000000E+30    1.000000E+30    1.000000E+30    1.000000E+30    1.000000E+30    1.000000E+30    1.550485E+01    1.539423E+01    1.528367E+01    1.517460E+01    1.506768E+01    1.496289E+01    1.485991E+01    1.475951E+01    1.466321E+01    1.457141E+01    1.448332E+01    1.439846E+01    1.431657E+01    1.423705E+01    1.415979E+01    1.408493E+01    1.401163E+01    1.393924E+01    1.386828E+01    1.379894E+01    1.373104E+01    1.366483E+01    1.360058E+01    1.353811E+01    1.347725E+01    1.341778E+01    1.335977E+01    1.330333E+01    1.324871E+01    1.319579E+01    1.314463E+01    1.309539E+01    1.304795E+01    1.300219E+01    1.295803E+01    1.291563E+01    1.287468E+01    1.283472E+01    1.279602E+01    1.275912E+01    1.272409E+01    1.269089E+01    1.265972E+01    1.263059E+01    1.260367E+01    1.257895E+01    1.255644E+01    1.253606E+01    1.251768E+01    1.250141E+01    1.248691E+01    1.247419E+01    1.246352E+01    1.245523E+01    1.244937E+01    1.244583E+01    1.244477E+01    1.244623E+01    1.245037E+01    1.245713E+01    1.246666E+01    1.247874E+01    1.249305E+01    1.250760E+01    1.252574E+01    1.254859E+01    1.257644E+01    1.260737E+01    1.264084E+01    1.267699E+01    1.271590E+01    1.275841E+01    1.280483E+01    1.285458E+01    1.290722E+01    1.296295E+01    1.302181E+01    1.308319E+01    1.315127E+01    1.323882E+01    1.333850E+01    1.343247E+01    1.351846E+01    1.360280E+01    1.368917E+01    1.377819E+01    1.387155E+01    1.396793E+01    1.406447E+01    1.416294E+01    1.427040E+01    1.437758E+01    1.449922E+01    1.467229E+01    1.484992E+01    1.000000E+30    1.000000E+30    1.000000E+30    1.000000E+30    1.000000E+30    1.000000E+30    1.000000E+30    1.000000E+30    1.000000E+30    1.000000E+30    1.000000E+30    1.000000E+30    1.000000E+30    1.000000E+30    1.000000E+30    1.000000E+30    1.000000E+30    1.000000E+30    1.000000E+30    1.000000E+30    1.000000E+30    1.000000E+30    1.000000E+30    1.000000E+30    1.000000E+30    1.000000E+30    1.000000E+30    1.000000E+30    1.000000E+30    1.000000E+30    1.000000E+30    1.000000E+30    1.000000E+30    1.000000E+30    1.842803E+01    1.842761E+01    1.842602E+01    1.842519E+01    1.842383E+01    1.842185E+01    1.842068E+01    1.842038E+01    1.842003E+01    1.841999E+01    1.000000E+30
   1.000000E+30    1.000000E+30    1.000000E+30    1.000000E+30    1.000000E+30    1.000000E+30    1.000000E+30    1.000000E+30    1.000000E+30    1.000000E+30    1.563861E+01    1.552465E+01    1.541410E+01    1.530501E+01    1.519721E+01    1.509104E+01    1.498673E+01    1.488425E+01    1.478418E+01    1.468784E+01    1.459576E+01    1.450714E+01    1.442161E+01    1.433914E+01    1.425940E+01    1.418225E+01    1.410732E+01    1.403417E+01    1.396240E+01    1.389189E+01    1.382287E+01    1.375545E+01    1.368983E+01    1.362623E+01    1.356446E+01    1.350439E+01    1.344578E+01    1.338865E+01    1.333308E+01    1.327922E+01    1.322712E+01    1.317668E+01    1.312799E+01    1.308108E+01    1.303592E+01    1.299249E+01    1.295078E+01    1.291087E+01    1.287225E+01    1.283461E+01    1.279843E+01    1.276390E+01    1.273122E+01    1.270062E+01    1.267213E+01    1.264577E+01    1.262156E+01    1.259953E+01    1.257956E+01    1.256170E+01    1.254608E+01    1.253246E+01    1.252058E+01    1.251064E+01    1.250279E+01    1.249722E+01    1.249426E+01    1.249383E+01    1.249589E+01    1.250061E+01    1.250809E+01    1.251827E+01    1.253116E+01    1.254699E+01    1.256495E+01    1.258369E+01    1.260522E+01    1.263197E+01    1.266394E+01    1.269856E+01    1.273625E+01    1.277756E+01    1.282319E+01    1.287225E+01    1.292438E+01    1.297980E+01    1.303840E+01    1.309968E+01    1.316607E+01    1.325385E+01    1.335730E+01    1.345104E+01    1.353808E+01    1.362438E+01    1.371188E+01    1.380179E+01    1.389590E+01    1.399589E+01    1.409767E+01    1.419955E+01    1.430697E+01    1.442203E+01    1.453555E+01    1.468539E+01    1.486159E+01    1.498019E+01    1.000000E+30    1.000000E+30    1.000000E+30    1.000000E+30    1.000000E+30    1.000000E+30    1.000000E+30    1.000000E+30    1.000000E+30    1.000000E+30    1.000000E+30    1.000000E+30    1.000000E+30    1.000000E+30    1.000000E+30    1.000000E+30    1.000000E+30    1.000000E+30    1.000000E+30    1.000000E+30    1.000000E+30    1.000000E+30    1.000000E+30    1.000000E+30    1.000000E+30    1.000000E+30    1.000000E+30    1.000000E+30    1.000000E+30    1.000000E+30    1.000000E+30    1.000000E+30    1.000000E+30    1.000000E+30    1.000000E+30    1.000000E+30    1.871100E+01    1.871186E+01    1.870991E+01    1.870590E+01    1.870392E+01    1.870191E+01    1.870035E+01    1.869970E+01    1.000000E+30
   1.000000E+30    1.000000E+30    1.000000E+30    1.000000E+30    1.000000E+30    1.000000E+30    1.000000E+30    1.000000E+30    1.000000E+30    1.000000E+30    1.565039E+01    1.554253E+01    1.543421E+01    1.532680E+01    1.522051E+01    1.511550E+01    1.501191E+01    1.490985E+01    1.481018E+01    1.471420E+01    1.462220E+01    1.453338E+01    1.444731E+01    1.436412E+01    1.428383E+01    1.420651E+01    1.413163E+01    1.405844E+01    1.398678E+01    1.391647E+01    1.384779E+01    1.378094E+01    1.371593E+01    1.365289E+01    1.359180E+01    1.353256E+01    1.347488E+01    1.341865E+01    1.336407E+01    1.331115E+01    1.326000E+01    1.321051E+01    1.316258E+01    1.311630E+01    1.307167E+01    1.302876E+01    1.298766E+01    1.294841E+01    1.291086E+01    1.287448E+01    1.283939E+01    1.280570E+01    1.277362E+01    1.274358E+01    1.271574E+01    1.268992E+01    1.266625E+01    1.264480E+01    1.262533E+01    1.260798E+01    1.259295E+01    1.258014E+01    1.256918E+01    1.256018E+01    1.255320E+01    1.254820E+01    1.254574E+01    1.254593E+01    1.254878E+01    1.255424E+01    1.256232E+01    1.257306E+01    1.258674E+01    1.260342E+01    1.262288E+01    1.264494E+01    1.266837E+01    1.269404E+01    1.272566E+01    1.275989E+01    1.279956E+01    1.284377E+01    1.289201E+01    1.294373E+01    1.299886E+01    1.305707E+01    1.311816E+01    1.318262E+01    1.326384E+01    1.336919E+01    1.346694E+01    1.355526E+01    1.364365E+01    1.373250E+01    1.382331E+01    1.391768E+01    1.401826E+01    1.412409E+01    1.422971E+01    1.433746E+01    1.445424E+01    1.457340E+01    1.469955E+01    1.488002E+01    1.507502E+01    1.000000E+30    1.000000E+30    1.000000E+30    1.000000E+30    1.000000E+30    1.000000E+30    1.000000E+30    1.000000E+30    1.000000E+30    1.000000E+30    1.000000E+30    1.000000E+30    1.000000E+30    1.000000E+30    1.000000E+30    1.000000E+30    1.000000E+30    1.000000E+30    1.000000E+30    1.000000E+30    1.000000E+30    1.000000E+30    1.000000E+30    1.000000E+30    1.000000E+30    1.000000E+30    1.000000E+30    1.000000E+30    1.000000E+30    1.000000E+30    1.000000E+30    1.000000E+30    1.000000E+30    1.000000E+30    1.000000E+30    1.000000E+30    1.000000E+30    1.000000E+30    1.000000E+30    1.000000E+30    1.898971E+01    1.899035E+01    1.898650E+01    1.898403E+01    1.898328E+01    1.000000E+30
   1.000000E+30    1.000000E+30    1.000000E+30    1.000000E+30    1.000000E+30    1.000000E+30    1.000000E+30    1.000000E+30    1.000000E+30    1.000000E+30    1.567055E+01    1.556330E+01    1.545580E+01    1.534943E+01    1.524440E+01    1.514065E+01    1.503792E+01    1.493630E+01    1.483705E+01    1.474170E+01    1.465022E+01    1.456164E+01    1.447537E+01    1.439168E+01    1.431080E+01    1.423274E+01    1.415757E+01    1.408420E+01    1.401249E+01    1.394253E+01    1.387420E+01    1.380765E+01    1.374301E+01    1.368048E+01    1.362014E+01    1.356180E+01    1.350502E+01    1.344971E+01    1.339610E+01    1.334433E+01    1.329424E+01    1.324578E+01    1.319886E+01    1.315334E+01    1.310946E+01    1.306717E+01    1.302666E+01    1.298793E+01    1.295108E+01    1.291568E+01    1.288160E+01    1.284904E+01    1.281790E+01    1.278852E+01    1.276128E+01    1.273604E+01    1.271290E+01    1.269199E+01    1.267322E+01    1.265646E+01    1.264194E+01    1.262976E+01    1.261967E+01    1.261163E+01    1.260577E+01    1.260200E+01    1.260043E+01    1.260138E+01    1.260497E+01    1.261120E+01    1.261996E+01    1.263140E+01    1.264590E+01    1.266329E+01    1.268357E+01    1.270694E+01    1.273321E+01    1.276189E+01    1.279127E+01    1.282485E+01    1.286722E+01    1.291398E+01    1.296475E+01    1.301923E+01    1.307718E+01    1.313830E+01    1.320243E+01    1.327429E+01    1.337255E+01    1.347944E+01    1.357072E+01    1.366035E+01    1.375084E+01    1.384291E+01    1.393771E+01    1.403751E+01    1.414448E+01    1.425435E+01    1.436390E+01    1.447917E+01    1.460390E+01    1.472393E+01    1.487342E+01    1.506020E+01    1.519931E+01    1.000000E+30    1.000000E+30    1.000000E+30    1.000000E+30    1.000000E+30    1.000000E+30    1.000000E+30    1.000000E+30    1.000000E+30    1.000000E+30    1.000000E+30    1.000000E+30    1.000000E+30    1.000000E+30    1.000000E+30    1.000000E+30    1.000000E+30    1.000000E+30    1.000000E+30    1.000000E+30    1.000000E+30    1.000000E+30    1.000000E+30    1.000000E+30    1.000000E+30    1.000000E+30    1.000000E+30    1.000000E+30    1.000000E+30    1.000000E+30    1.000000E+30    1.000000E+30    1.000000E+30    1.000000E+30    1.000000E+30    1.000000E+30    1.000000E+30    1.000000E+30    1.000000E+30    1.000000E+30    1.000000E+30    1.000000E+30    1.000000E+30    1.926671E+01    1.926711E+01    1.000000E+30
   1.000000E+30    1.000000E+30    1.000000E+30    1.000000E+30    1.000000E+30    1.000000E+30    1.000000E+30    1.000000E+30    1.000000E+30    1.581670E+01    1.569810E+01    1.558705E+01    1.547907E+01    1.537330E+01    1.526928E+01    1.516654E+01    1.506455E+01    1.496354E+01    1.486494E+01    1.477024E+01    1.467934E+01    1.459121E+01    1.450525E+01    1.442155E+01    1.434037E+01    1.426194E+01    1.418627E+01    1.411245E+01    1.404031E+01    1.397037E+01    1.390225E+01    1.383587E+01    1.377135E+01    1.370902E+01    1.364912E+01    1.359175E+01    1.353610E+01    1.348177E+01    1.342906E+01    1.337828E+01    1.332937E+01    1.328208E+01    1.323634E+01    1.319174E+01    1.314862E+01    1.310720E+01    1.306748E+01    1.302957E+01    1.299342E+01    1.295881E+01    1.292548E+01    1.289382E+01    1.286376E+01    1.283529E+01    1.280871E+01    1.278420E+01    1.276177E+01    1.274150E+01    1.272345E+01    1.270745E+01    1.269360E+01    1.268203E+01    1.267275E+01    1.266574E+01    1.266096E+01    1.265843E+01    1.265806E+01    1.265998E+01    1.266447E+01    1.267157E+01    1.268124E+01    1.269359E+01    1.270892E+01    1.272707E+01    1.274827E+01    1.277252E+01    1.280002E+01    1.283033E+01    1.286156E+01    1.289804E+01    1.294022E+01    1.298797E+01    1.304096E+01    1.309831E+01    1.315929E+01    1.322374E+01    1.329165E+01    1.337430E+01    1.348260E+01    1.358491E+01    1.367581E+01    1.376784E+01    1.386114E+01    1.395656E+01    1.405550E+01    1.416088E+01    1.427365E+01    1.438685E+01    1.450205E+01    1.462734E+01    1.475550E+01    1.488322E+01    1.506160E+01    1.526026E+01    1.000000E+30    1.000000E+30    1.000000E+30    1.000000E+30    1.000000E+30    1.000000E+30    1.000000E+30    1.000000E+30    1.000000E+30    1.000000E+30    1.000000E+30    1.000000E+30    1.000000E+30    1.000000E+30    1.000000E+30    1.000000E+30    1.000000E+30    1.000000E+30    1.000000E+30    1.000000E+30    1.000000E+30    1.000000E+30    1.000000E+30    1.000000E+30    1.000000E+30    1.000000E+30    1.000000E+30    1.000000E+30    1.000000E+30    1.000000E+30    1.000000E+30    1.000000E+30    1.000000E+30    1.000000E+30    1.000000E+30    1.000000E+30    1.000000E+30    1.000000E+30    1.000000E+30    1.000000E+30    1.000000E+30    1.000000E+30    1.000000E+30    1.000000E+30    1.000000E+30    1.000000E+30    1.000000E+30
   1.000000E+30    1.000000E+30    1.000000E+30    1.000000E+30    1.000000E+30    1.000000E+30    1.000000E+30    1.000000E+30    1.000000E+30    1.583254E+01    1.572072E+01    1.561070E+01    1.550319E+01    1.539813E+01    1.529507E+01    1.519337E+01    1.509229E+01    1.499212E+01    1.489433E+01    1.480014E+01    1.470954E+01    1.462175E+01    1.453629E+01    1.445301E+01    1.437172E+01    1.429313E+01    1.421759E+01    1.414384E+01    1.407151E+01    1.400125E+01    1.393298E+01    1.386658E+01    1.380206E+01    1.373977E+01    1.367990E+01    1.362283E+01    1.356815E+01    1.351507E+01    1.346346E+01    1.341363E+01    1.336565E+01    1.331935E+01    1.327459E+01    1.323119E+01    1.318900E+01    1.314848E+01    1.310968E+01    1.307274E+01    1.303752E+01    1.300386E+01    1.297137E+01    1.294046E+01    1.291133E+01    1.288396E+01    1.285836E+01    1.283465E+01    1.281298E+01    1.279347E+01    1.277614E+01    1.276095E+01    1.274803E+01    1.273716E+01    1.272875E+01    1.272275E+01    1.271906E+01    1.271756E+01    1.271829E+01    1.272130E+01    1.272676E+01    1.273498E+01    1.274581E+01    1.275937E+01    1.277572E+01    1.279500E+01    1.281736E+01    1.284298E+01    1.287140E+01    1.290278E+01    1.293864E+01    1.297947E+01    1.302236E+01    1.307110E+01    1.312409E+01    1.318181E+01    1.324557E+01    1.331357E+01    1.338667E+01    1.348048E+01    1.359167E+01    1.369085E+01    1.378374E+01    1.387843E+01    1.397492E+01    1.407375E+01    1.417684E+01    1.428867E+01    1.440571E+01    1.452253E+01    1.464590E+01    1.478047E+01    1.490864E+01    1.505628E+01    1.524187E+01    1.537652E+01    1.000000E+30    1.000000E+30    1.000000E+30    1.000000E+30    1.000000E+30    1.000000E+30    1.000000E+30    1.000000E+30    1.000000E+30    1.000000E+30    1.000000E+30    1.000000E+30    1.000000E+30    1.000000E+30    1.000000E+30    1.000000E+30    1.000000E+30    1.000000E+30    1.000000E+30    1.000000E+30    1.000000E+30    1.000000E+30    1.000000E+30    1.000000E+30    1.000000E+30    1.000000E+30    1.000000E+30    1.000000E+30    1.000000E+30    1.000000E+30    1.000000E+30    1.000000E+30    1.000000E+30    1.000000E+30    1.000000E+30    1.000000E+30    1.000000E+30    1.000000E+30    1.000000E+30    1.000000E+30    1.000000E+30    1.000000E+30    1.000000E+30    1.000000E+30    1.000000E+30    1.000000E+30    1.000000E+30
   1.000000E+30    1.000000E+30    1.000000E+30    1.000000E+30    1.000000E+30    1.000000E+30    1.000000E+30    1.000000E+30    1.597585E+01    1.585694E+01    1.574433E+01    1.563488E+01    1.552803E+01    1.542364E+01    1.532148E+01    1.522092E+01    1.512124E+01    1.502246E+01    1.492562E+01    1.483183E+01    1.474135E+01    1.465374E+01    1.456869E+01    1.448602E+01    1.440502E+01    1.432613E+01    1.425064E+01    1.417739E+01    1.410548E+01    1.403519E+01    1.396671E+01    1.390016E+01    1.383551E+01    1.377303E+01    1.371314E+01    1.365602E+01    1.360167E+01    1.354962E+01    1.349928E+01    1.345053E+01    1.340356E+01    1.335834E+01    1.331450E+01    1.327205E+01    1.323089E+01    1.319136E+01    1.315352E+01    1.311758E+01    1.308324E+01    1.305047E+01    1.301913E+01    1.298915E+01    1.296095E+01    1.293466E+01    1.291028E+01    1.288763E+01    1.286676E+01    1.284788E+01    1.283124E+01    1.281689E+01    1.280486E+01    1.279498E+01    1.278747E+01    1.278225E+01    1.277944E+01    1.277883E+01    1.278052E+01    1.278462E+01    1.279130E+01    1.280083E+01    1.281305E+01    1.282794E+01    1.284570E+01    1.286647E+01    1.289023E+01    1.291686E+01    1.294633E+01    1.298036E+01    1.301967E+01    1.306399E+01    1.311223E+01    1.316237E+01    1.321680E+01    1.327723E+01    1.334343E+01    1.341347E+01    1.349448E+01    1.359486E+01    1.370148E+01    1.379990E+01    1.389529E+01    1.399318E+01    1.409279E+01    1.419474E+01    1.430270E+01    1.442054E+01    1.454015E+01    1.466199E+01    1.479574E+01    1.493565E+01    1.507013E+01    1.524958E+01    1.545506E+01    1.000000E+30    1.000000E+30    1.000000E+30    1.000000E+30    1.000000E+30    1.000000E+30    1.000000E+30    1.000000E+30    1.000000E+30    1.000000E+30    1.000000E+30    1.000000E+30    1.000000E+30    1.000000E+30    1.000000E+30    1.000000E+30    1.000000E+30    1.000000E+30    1.000000E+30    1.000000E+30    1.000000E+30    1.000000E+30    1.000000E+30    1.000000E+30    1.000000E+30    1.000000E+30    1.000000E+30    1.000000E+30    1.000000E+30    1.000000E+30    1.000000E+30    1.000000E+30    1.000000E+30    1.000000E+30    1.000000E+30    1.000000E+30    1.000000E+30    1.000000E+30    1.000000E+30    1.000000E+30    1.000000E+30    1.000000E+30    1.000000E+30    1.000000E+30    1.000000E+30    1.000000E+30    1.000000E+30    1.000000E+30
   1.000000E+30    1.000000E+30    1.000000E+30    1.000000E+30    1.000000E+30    1.000000E+30    1.000000E+30    1.000000E+30    1.598947E+01    1.587788E+01    1.576751E+01    1.565930E+01    1.555341E+01    1.544984E+01    1.534843E+01    1.524886E+01    1.515066E+01    1.505365E+01    1.495830E+01    1.486530E+01    1.477507E+01    1.468763E+01    1.460288E+01    1.452073E+01    1.444043E+01    1.436158E+01    1.428570E+01    1.421269E+01    1.414126E+01    1.407132E+01    1.400295E+01    1.393627E+01    1.387151E+01    1.380890E+01    1.374903E+01    1.369191E+01    1.363753E+01    1.358584E+01    1.353654E+01    1.348903E+01    1.344310E+01    1.339886E+01    1.335601E+01    1.331454E+01    1.327444E+01    1.323591E+01    1.319901E+01    1.316400E+01    1.313058E+01    1.309869E+01    1.306850E+01    1.303974E+01    1.301265E+01    1.298742E+01    1.296415E+01    1.294272E+01    1.292294E+01    1.290496E+01    1.288910E+01    1.287558E+01    1.286433E+01    1.285544E+01    1.284863E+01    1.284413E+01    1.284194E+01    1.284210E+01    1.284487E+01    1.285017E+01    1.285828E+01    1.286892E+01    1.288232E+01    1.289851E+01    1.291775E+01    1.294002E+01    1.296535E+01    1.299328E+01    1.302523E+01    1.306184E+01    1.310326E+01    1.314938E+01    1.320041E+01    1.325672E+01    1.331694E+01    1.338126E+01    1.344992E+01    1.352625E+01    1.361356E+01    1.370962E+01    1.380921E+01    1.391222E+01    1.401181E+01    1.411263E+01    1.421443E+01    1.431935E+01    1.443323E+01    1.455527E+01    1.467690E+01    1.480535E+01    1.494894E+01    1.509026E+01    1.524294E+01    1.544351E+01    1.558557E+01    1.000000E+30    1.000000E+30    1.000000E+30    1.000000E+30    1.000000E+30    1.000000E+30    1.000000E+30    1.000000E+30    1.000000E+30    1.000000E+30    1.000000E+30    1.000000E+30    1.000000E+30    1.000000E+30    1.000000E+30    1.000000E+30    1.000000E+30    1.000000E+30    1.000000E+30    1.000000E+30    1.000000E+30    1.000000E+30    1.000000E+30    1.000000E+30    1.000000E+30    1.000000E+30    1.000000E+30    1.000000E+30    1.000000E+30    1.000000E+30    1.000000E+30    1.000000E+30    1.000000E+30    1.000000E+30    1.000000E+30    1.000000E+30    1.000000E+30    1.000000E+30    1.000000E+30    1.000000E+30    1.000000E+30    1.000000E+30    1.000000E+30    1.000000E+30    1.000000E+30    1.000000E+30    1.000000E+30    1.000000E+30
   1.000000E+30    1.000000E+30    1.000000E+30    1.000000E+30    1.000000E+30    1.000000E+30    1.000000E+30    1.612859E+01    1.601224E+01    1.590049E+01    1.579126E+01    1.568421E+01    1.557930E+01    1.547662E+01    1.537606E+01    1.527736E+01    1.518029E+01    1.508478E+01    1.499098E+01    1.489918E+01    1.480974E+01    1.472287E+01    1.463860E+01    1.455698E+01    1.447751E+01    1.439936E+01    1.432312E+01    1.424984E+01    1.417866E+01    1.410906E+01    1.404094E+01    1.397424E+01    1.390939E+01    1.384682E+01    1.378717E+01    1.373047E+01    1.367626E+01    1.362450E+01    1.357566E+01    1.352919E+01    1.348436E+01    1.344111E+01    1.339924E+01    1.335871E+01    1.331965E+01    1.328216E+01    1.324625E+01    1.321210E+01    1.317965E+01    1.314868E+01    1.311948E+01    1.309194E+01    1.306608E+01    1.304197E+01    1.301974E+01    1.299943E+01    1.298089E+01    1.296412E+01    1.294936E+01    1.293686E+01    1.292652E+01    1.291845E+01    1.291242E+01    1.290879E+01    1.290726E+01    1.290836E+01    1.291215E+01    1.291857E+01    1.292779E+01    1.293946E+01    1.295371E+01    1.297118E+01    1.299191E+01    1.301589E+01    1.304301E+01    1.307340E+01    1.310784E+01    1.314616E+01    1.318913E+01    1.323725E+01    1.329106E+01    1.335039E+01    1.341324E+01    1.348209E+01    1.355690E+01    1.363780E+01    1.372330E+01    1.381584E+01    1.391957E+01    1.403069E+01    1.413327E+01    1.423560E+01    1.433935E+01    1.444849E+01    1.456823E+01    1.469188E+01    1.481587E+01    1.495183E+01    1.509988E+01    1.524221E+01    1.543293E+01    1.568742E+01    1.000000E+30    1.000000E+30    1.000000E+30    1.000000E+30    1.000000E+30    1.000000E+30    1.000000E+30    1.000000E+30    1.000000E+30    1.000000E+30    1.000000E+30    1.000000E+30    1.000000E+30    1.000000E+30    1.000000E+30    1.000000E+30    1.000000E+30    1.000000E+30    1.000000E+30    1.000000E+30    1.000000E+30    1.000000E+30    1.000000E+30    1.000000E+30    1.000000E+30    1.000000E+30    1.000000E+30    1.000000E+30    1.000000E+30    1.000000E+30    1.000000E+30    1.000000E+30    1.000000E+30    1.000000E+30    1.000000E+30    1.000000E+30    1.000000E+30    1.000000E+30    1.000000E+30    1.000000E+30    1.000000E+30    1.000000E+30    1.000000E+30    1.000000E+30    1.000000E+30    1.000000E+30    1.000000E+30    1.000000E+30    1.000000E+30
   1.000000E+30    1.000000E+30    1.000000E+30    1.000000E+30    1.000000E+30    1.000000E+30    1.000000E+30    1.614454E+01    1.603340E+01    1.592354E+01    1.581569E+01    1.570985E+01    1.560597E+01    1.550417E+01    1.540446E+01    1.530666E+01    1.521058E+01    1.511620E+01    1.502362E+01    1.493302E+01    1.484456E+01    1.475845E+01    1.467484E+01    1.459372E+01    1.451504E+01    1.443821E+01    1.436241E+01    1.428887E+01    1.421775E+01    1.414842E+01    1.408075E+01    1.401407E+01    1.394896E+01    1.388637E+01    1.382684E+01    1.377079E+01    1.371744E+01    1.366589E+01    1.361714E+01    1.357135E+01    1.352747E+01    1.348515E+01    1.344433E+01    1.340477E+01    1.336673E+01    1.333021E+01    1.329537E+01    1.326207E+01    1.323060E+01    1.320069E+01    1.317246E+01    1.314598E+01    1.312123E+01    1.309820E+01    1.307700E+01    1.305776E+01    1.304045E+01    1.302502E+01    1.301153E+01    1.300021E+01    1.299101E+01    1.298390E+01    1.297883E+01    1.297613E+01    1.297556E+01    1.297771E+01    1.298262E+01    1.299006E+01    1.300022E+01    1.301285E+01    1.302805E+01    1.304700E+01    1.306956E+01    1.309530E+01    1.312392E+01    1.315649E+01    1.319223E+01    1.323224E+01    1.327727E+01    1.332812E+01    1.338491E+01    1.344571E+01    1.351095E+01    1.358144E+01    1.365754E+01    1.373970E+01    1.382728E+01    1.392427E+01    1.403973E+01    1.415417E+01    1.425764E+01    1.436085E+01    1.446765E+01    1.458196E+01    1.470612E+01    1.483035E+01    1.495746E+01    1.509833E+01    1.524144E+01    1.539019E+01    1.561991E+01    1.590085E+01    1.000000E+30    1.000000E+30    1.000000E+30    1.000000E+30    1.000000E+30    1.000000E+30    1.000000E+30    1.000000E+30    1.000000E+30    1.000000E+30    1.000000E+30    1.000000E+30    1.000000E+30    1.000000E+30    1.000000E+30    1.000000E+30    1.000000E+30    1.000000E+30    1.000000E+30    1.000000E+30    1.000000E+30    1.000000E+30    1.000000E+30    1.000000E+30    1.000000E+30    1.000000E+30    1.000000E+30    1.000000E+30    1.000000E+30    1.000000E+30    1.000000E+30    1.000000E+30    1.000000E+30    1.000000E+30    1.000000E+30    1.000000E+30    1.000000E+30    1.000000E+30    1.000000E+30    1.000000E+30    1.000000E+30    1.000000E+30    1.000000E+30    1.000000E+30    1.000000E+30    1.000000E+30    1.000000E+30    1.000000E+30    1.000000E+30
   1.000000E+30    1.000000E+30    1.000000E+30    1.000000E+30    1.000000E+30    1.000000E+30    1.628472E+01    1.616791E+01    1.605650E+01    1.594770E+01    1.584105E+01    1.573638E+01    1.563355E+01    1.553267E+01    1.543384E+01    1.533694E+01    1.524185E+01    1.514850E+01    1.505698E+01    1.496748E+01    1.488003E+01    1.479476E+01    1.471186E+01    1.463130E+01    1.455312E+01    1.447726E+01    1.440255E+01    1.432935E+01    1.425855E+01    1.418968E+01    1.412265E+01    1.405649E+01    1.399120E+01    1.392824E+01    1.386836E+01    1.381235E+01    1.375975E+01    1.370907E+01    1.366075E+01    1.361568E+01    1.357276E+01    1.353143E+01    1.349168E+01    1.345323E+01    1.341620E+01    1.338063E+01    1.334686E+01    1.331451E+01    1.328384E+01    1.325484E+01    1.322754E+01    1.320200E+01    1.317823E+01    1.315631E+01    1.313626E+01    1.311814E+01    1.310200E+01    1.308786E+01    1.307570E+01    1.306557E+01    1.305747E+01    1.305144E+01    1.304749E+01    1.304581E+01    1.304655E+01    1.304985E+01    1.305586E+01    1.306437E+01    1.307558E+01    1.308920E+01    1.310584E+01    1.312628E+01    1.315025E+01    1.317749E+01    1.320765E+01    1.324166E+01    1.327938E+01    1.332171E+01    1.336979E+01    1.342320E+01    1.348117E+01    1.354270E+01    1.360916E+01    1.368084E+01    1.375902E+01    1.384330E+01    1.393720E+01    1.404911E+01    1.417016E+01    1.427870E+01    1.438241E+01    1.448796E+01    1.459925E+01    1.471938E+01    1.484679E+01    1.497220E+01    1.510312E+01    1.524306E+01    1.538199E+01    1.557668E+01    1.584065E+01    1.606944E+01    1.000000E+30    1.000000E+30    1.000000E+30    1.000000E+30    1.000000E+30    1.000000E+30    1.000000E+30    1.000000E+30    1.000000E+30    1.000000E+30    1.000000E+30    1.000000E+30    1.000000E+30    1.000000E+30    1.000000E+30    1.000000E+30    1.000000E+30    1.000000E+30    1.000000E+30    1.000000E+30    1.000000E+30    1.000000E+30    1.000000E+30    1.000000E+30    1.000000E+30    1.000000E+30    1.000000E+30    1.000000E+30    1.000000E+30    1.000000E+30    1.000000E+30    1.000000E+30    1.000000E+30    1.000000E+30    1.000000E+30    1.000000E+30    1.000000E+30    1.000000E+30    1.000000E+30    1.000000E+30    1.000000E+30    1.000000E+30    1.000000E+30    1.000000E+30    1.000000E+30    1.000000E+30    1.000000E+30    1.000000E+30    1.000000E+30
   1.000000E+30    1.000000E+30    1.000000E+30    1.000000E+30    1.000000E+30    1.000000E+30    1.629789E+01    1.618921E+01    1.608040E+01    1.597304E+01    1.586764E+01    1.576405E+01    1.566219E+01    1.556222E+01    1.546433E+01    1.536835E+01    1.527421E+01    1.518191E+01    1.509145E+01    1.500304E+01    1.491667E+01    1.483238E+01    1.475029E+01    1.467043E+01    1.459275E+01    1.451727E+01    1.444344E+01    1.437097E+01    1.430077E+01    1.423263E+01    1.416625E+01    1.410117E+01    1.403673E+01    1.397372E+01    1.391340E+01    1.385694E+01    1.380408E+01    1.375385E+01    1.370617E+01    1.366190E+01    1.362006E+01    1.357980E+01    1.354118E+01    1.350389E+01    1.346798E+01    1.343351E+01    1.340075E+01    1.336949E+01    1.333977E+01    1.331162E+01    1.328519E+01    1.326056E+01    1.323780E+01    1.321697E+01    1.319807E+01    1.318113E+01    1.316618E+01    1.315322E+01    1.314219E+01    1.313307E+01    1.312591E+01    1.312092E+01    1.311824E+01    1.311780E+01    1.311995E+01    1.312449E+01    1.313144E+01    1.314111E+01    1.315329E+01    1.316832E+01    1.318679E+01    1.320846E+01    1.323345E+01    1.326210E+01    1.329427E+01    1.333045E+01    1.337109E+01    1.341555E+01    1.346587E+01    1.352039E+01    1.357903E+01    1.364226E+01    1.370984E+01    1.378329E+01    1.386400E+01    1.395778E+01    1.406893E+01    1.418523E+01    1.429519E+01    1.440140E+01    1.450819E+01    1.461816E+01    1.473454E+01    1.486107E+01    1.499146E+01    1.512029E+01    1.525596E+01    1.539904E+01    1.556466E+01    1.581639E+01    1.613219E+01    1.000000E+30    1.000000E+30    1.000000E+30    1.000000E+30    1.000000E+30    1.000000E+30    1.000000E+30    1.000000E+30    1.000000E+30    1.000000E+30    1.000000E+30    1.000000E+30    1.000000E+30    1.000000E+30    1.000000E+30    1.000000E+30    1.000000E+30    1.000000E+30    1.000000E+30    1.000000E+30    1.000000E+30    1.000000E+30    1.000000E+30    1.000000E+30    1.000000E+30    1.000000E+30    1.000000E+30    1.000000E+30    1.000000E+30    1.000000E+30    1.000000E+30    1.000000E+30    1.000000E+30    1.000000E+30    1.000000E+30    1.000000E+30    1.000000E+30    1.000000E+30    1.000000E+30    1.000000E+30    1.000000E+30    1.000000E+30    1.000000E+30    1.000000E+30    1.000000E+30    1.000000E+30    1.000000E+30    1.000000E+30    1.000000E+30    1.000000E+30
   1.000000E+30    1.000000E+30    1.000000E+30    1.000000E+30    1.000000E+30    1.643592E+01    1.632286E+01    1.621357E+01    1.610590E+01    1.599961E+01    1.589522E+01    1.579281E+01    1.569199E+01    1.559289E+01    1.549588E+01    1.540089E+01    1.530774E+01    1.521648E+01    1.512712E+01    1.503977E+01    1.495451E+01    1.487138E+01    1.479020E+01    1.471110E+01    1.463424E+01    1.455917E+01    1.448566E+01    1.441381E+01    1.434411E+01    1.427666E+01    1.421100E+01    1.414682E+01    1.408375E+01    1.402174E+01    1.396146E+01    1.390487E+01    1.385182E+01    1.380158E+01    1.375414E+01    1.371033E+01    1.366949E+01    1.363022E+01    1.359275E+01    1.355665E+01    1.352189E+01    1.348855E+01    1.345680E+01    1.342662E+01    1.339797E+01    1.337096E+01    1.334562E+01    1.332208E+01    1.330045E+01    1.328074E+01    1.326297E+01    1.324719E+01    1.323342E+01    1.322160E+01    1.321162E+01    1.320339E+01    1.319718E+01    1.319318E+01    1.319158E+01    1.319232E+01    1.319571E+01    1.320152E+01    1.320965E+01    1.322038E+01    1.323370E+01    1.325035E+01    1.327040E+01    1.329330E+01    1.331963E+01    1.334977E+01    1.338423E+01    1.342311E+01    1.346590E+01    1.351213E+01    1.356350E+01    1.361960E+01    1.368063E+01    1.374608E+01    1.381485E+01    1.389005E+01    1.398338E+01    1.409230E+01    1.420300E+01    1.430771E+01    1.441541E+01    1.452490E+01    1.463593E+01    1.475112E+01    1.487365E+01    1.500654E+01    1.514142E+01    1.527818E+01    1.542677E+01    1.558045E+01    1.576971E+01    1.603628E+01    1.634901E+01    1.000000E+30    1.000000E+30    1.000000E+30    1.000000E+30    1.000000E+30    1.000000E+30    1.000000E+30    1.000000E+30    1.000000E+30    1.000000E+30    1.000000E+30    1.000000E+30    1.000000E+30    1.000000E+30    1.000000E+30    1.000000E+30    1.000000E+30    1.000000E+30    1.000000E+30    1.000000E+30    1.000000E+30    1.000000E+30    1.000000E+30    1.000000E+30    1.000000E+30    1.000000E+30    1.000000E+30    1.000000E+30    1.000000E+30    1.000000E+30    1.000000E+30    1.000000E+30    1.000000E+30    1.000000E+30    1.000000E+30    1.000000E+30    1.000000E+30    1.000000E+30    1.000000E+30    1.000000E+30    1.000000E+30    1.000000E+30    1.000000E+30    1.000000E+30    1.000000E+30    1.000000E+30    1.000000E+30    1.000000E+30    1.000000E+30    1.000000E+30
   1.000000E+30    1.000000E+30    1.000000E+30    1.000000E+30    1.000000E+30    1.645417E+01    1.634760E+01    1.623988E+01    1.613313E+01    1.602771E+01    1.592402E+01    1.582250E+01    1.572275E+01    1.562459E+01    1.552830E+01    1.543418E+01    1.534211E+01    1.525197E+01    1.516380E+01    1.507771E+01    1.499365E+01    1.491169E+01    1.483151E+01    1.475315E+01    1.467705E+01    1.460273E+01    1.452980E+01    1.445849E+01    1.438922E+01    1.432215E+01    1.425705E+01    1.419365E+01    1.413162E+01    1.407072E+01    1.401124E+01    1.395496E+01    1.390201E+01    1.385194E+01    1.380481E+01    1.376125E+01    1.372118E+01    1.368294E+01    1.364645E+01    1.361148E+01    1.357789E+01    1.354570E+01    1.351498E+01    1.348587E+01    1.345833E+01    1.343256E+01    1.340849E+01    1.338620E+01    1.336572E+01    1.334712E+01    1.333050E+01    1.331587E+01    1.330322E+01    1.329257E+01    1.328378E+01    1.327674E+01    1.327169E+01    1.326883E+01    1.326829E+01    1.327020E+01    1.327462E+01    1.328161E+01    1.329106E+01    1.330304E+01    1.331786E+01    1.333576E+01    1.335692E+01    1.338133E+01    1.340917E+01    1.344079E+01    1.347720E+01    1.351785E+01    1.356183E+01    1.361037E+01    1.366417E+01    1.372371E+01    1.378624E+01    1.385233E+01    1.392320E+01    1.400771E+01    1.411496E+01    1.421998E+01    1.432161E+01    1.442752E+01    1.453759E+01    1.465061E+01    1.476633E+01    1.488670E+01    1.501602E+01    1.515528E+01    1.529674E+01    1.544672E+01    1.560985E+01    1.576867E+01    1.597080E+01    1.623506E+01    1.648693E+01    1.000000E+30    1.000000E+30    1.000000E+30    1.000000E+30    1.000000E+30    1.000000E+30    1.000000E+30    1.000000E+30    1.000000E+30    1.000000E+30    1.000000E+30    1.000000E+30    1.000000E+30    1.000000E+30    1.000000E+30    1.000000E+30    1.000000E+30    1.000000E+30    1.000000E+30    1.000000E+30    1.000000E+30    1.000000E+30    1.000000E+30    1.000000E+30    1.000000E+30    1.000000E+30    1.000000E+30    1.000000E+30    1.000000E+30    1.000000E+30    1.000000E+30    1.000000E+30    1.000000E+30    1.000000E+30    1.000000E+30    1.000000E+30    1.000000E+30    1.000000E+30    1.000000E+30    1.000000E+30    1.000000E+30    1.000000E+30    1.000000E+30    1.000000E+30    1.000000E+30    1.000000E+30    1.000000E+30    1.000000E+30    1.000000E+30    1.000000E+30
   1.000000E+30    1.000000E+30    1.000000E+30    1.000000E+30    1.000000E+30    1.648357E+01    1.637663E+01    1.626886E+01    1.616234E+01    1.605746E+01    1.595438E+01    1.585358E+01    1.575476E+01    1.565755E+01    1.556202E+01    1.546853E+01    1.537728E+01    1.528810E+01    1.520112E+01    1.511647E+01    1.503384E+01    1.495317E+01    1.487419E+01    1.479678E+01    1.472129E+01    1.464749E+01    1.457534E+01    1.450495E+01    1.443646E+01    1.436990E+01    1.430531E+01    1.424264E+01    1.418155E+01    1.412155E+01    1.406267E+01    1.400690E+01    1.395434E+01    1.390450E+01    1.385788E+01    1.381466E+01    1.377509E+01    1.373785E+01    1.370230E+01    1.366829E+01    1.363567E+01    1.360458E+01    1.357498E+01    1.354710E+01    1.352086E+01    1.349639E+01    1.347361E+01    1.345255E+01    1.343320E+01    1.341568E+01    1.340014E+01    1.338662E+01    1.337507E+01    1.336552E+01    1.335793E+01    1.335224E+01    1.334855E+01    1.334703E+01    1.334789E+01    1.335121E+01    1.335688E+01    1.336501E+01    1.337571E+01    1.338911E+01    1.340533E+01    1.342447E+01    1.344666E+01    1.347227E+01    1.350136E+01    1.353422E+01    1.357220E+01    1.361462E+01    1.366071E+01    1.371216E+01    1.376887E+01    1.382975E+01    1.389272E+01    1.396089E+01    1.403735E+01    1.413099E+01    1.423769E+01    1.433785E+01    1.444134E+01    1.454951E+01    1.466230E+01    1.477910E+01    1.489917E+01    1.502508E+01    1.516095E+01    1.530589E+01    1.545457E+01    1.561771E+01    1.578859E+01    1.595255E+01    1.616950E+01    1.645140E+01    1.000000E+30    1.000000E+30    1.000000E+30    1.000000E+30    1.000000E+30    1.000000E+30    1.000000E+30    1.000000E+30    1.000000E+30    1.000000E+30    1.000000E+30    1.000000E+30    1.000000E+30    1.000000E+30    1.000000E+30    1.000000E+30    1.000000E+30    1.000000E+30    1.000000E+30    1.000000E+30    1.000000E+30    1.000000E+30    1.000000E+30    1.000000E+30    1.000000E+30    1.000000E+30    1.000000E+30    1.000000E+30    1.000000E+30    1.000000E+30    1.000000E+30    1.000000E+30    1.000000E+30    1.000000E+30    1.000000E+30    1.000000E+30    1.000000E+30    1.000000E+30    1.000000E+30    1.000000E+30    1.000000E+30    1.000000E+30    1.000000E+30    1.000000E+30    1.000000E+30    1.000000E+30    1.000000E+30    1.000000E+30    1.000000E+30    1.000000E+30    1.000000E+30
   1.000000E+30    1.000000E+30    1.000000E+30    1.000000E+30    1.664523E+01    1.652246E+01    1.640957E+01    1.630015E+01    1.619324E+01    1.608861E+01    1.598612E+01    1.588616E+01    1.578822E+01    1.569180E+01    1.559710E+01    1.550432E+01    1.541378E+01    1.532547E+01    1.523937E+01    1.515586E+01    1.507455E+01    1.499537E+01    1.491790E+01    1.484186E+01    1.476729E+01    1.469385E+01    1.462223E+01    1.455278E+01    1.448532E+01    1.441961E+01    1.435575E+01    1.429394E+01    1.423390E+01    1.417509E+01    1.411686E+01    1.406106E+01    1.400893E+01    1.395952E+01    1.391342E+01    1.387065E+01    1.383152E+01    1.379511E+01    1.376031E+01    1.372732E+01    1.369576E+01    1.366579E+01    1.363738E+01    1.361077E+01    1.358581E+01    1.356265E+01    1.354119E+01    1.352138E+01    1.350326E+01    1.348691E+01    1.347245E+01    1.345999E+01    1.344954E+01    1.344108E+01    1.343467E+01    1.343033E+01    1.342804E+01    1.342794E+01    1.343025E+01    1.343495E+01    1.344198E+01    1.345141E+01    1.346339E+01    1.347810E+01    1.349574E+01    1.351631E+01    1.353974E+01    1.356633E+01    1.359639E+01    1.363076E+01    1.367076E+01    1.371617E+01    1.376459E+01    1.381766E+01    1.387594E+01    1.393663E+01    1.400224E+01    1.407502E+01    1.415662E+01    1.425270E+01    1.435714E+01    1.445890E+01    1.456384E+01    1.467417E+01    1.479007E+01    1.490986E+01    1.503410E+01    1.516531E+01    1.530631E+01    1.545661E+01    1.561275E+01    1.578554E+01    1.595987E+01    1.612642E+01    1.634207E+01    1.657702E+01    1.000000E+30    1.000000E+30    1.000000E+30    1.000000E+30    1.000000E+30    1.000000E+30    1.000000E+30    1.000000E+30    1.000000E+30    1.000000E+30    1.000000E+30    1.000000E+30    1.000000E+30    1.000000E+30    1.000000E+30    1.000000E+30    1.000000E+30    1.000000E+30    1.000000E+30    1.000000E+30    1.000000E+30    1.000000E+30    1.000000E+30    1.000000E+30    1.000000E+30    1.000000E+30    1.000000E+30    1.000000E+30    1.000000E+30    1.000000E+30    1.000000E+30    1.000000E+30    1.000000E+30    1.000000E+30    1.000000E+30    1.000000E+30    1.000000E+30    1.000000E+30    1.000000E+30    1.000000E+30    1.000000E+30    1.000000E+30    1.000000E+30    1.000000E+30    1.000000E+30    1.000000E+30    1.000000E+30    1.000000E+30    1.000000E+30    1.000000E+30    1.000000E+30
   1.000000E+30    1.000000E+30    1.000000E+30    1.000000E+30    1.666880E+01    1.655469E+01    1.644226E+01    1.633244E+01    1.622530E+01    1.612088E+01    1.601909E+01    1.592000E+01    1.582293E+01    1.572733E+01    1.563352E+01    1.554159E+01    1.545180E+01    1.536433E+01    1.527917E+01    1.519651E+01    1.511610E+01    1.503788E+01    1.496169E+01    1.488726E+01    1.481431E+01    1.474195E+01    1.467088E+01    1.460212E+01    1.453557E+01    1.447084E+01    1.440797E+01    1.434715E+01    1.428828E+01    1.423094E+01    1.417420E+01    1.411847E+01    1.406620E+01    1.401720E+01    1.397161E+01    1.392942E+01    1.389090E+01    1.385536E+01    1.382141E+01    1.378932E+01    1.375888E+01    1.373008E+01    1.370282E+01    1.367729E+01    1.365355E+01    1.363155E+01    1.361130E+01    1.359277E+01    1.357602E+01    1.356105E+01    1.354791E+01    1.353670E+01    1.352748E+01    1.352025E+01    1.351506E+01    1.351192E+01    1.351084E+01    1.351205E+01    1.351562E+01    1.352152E+01    1.352988E+01    1.354074E+01    1.355409E+01    1.357019E+01    1.358931E+01    1.361130E+01    1.363619E+01    1.366415E+01    1.369562E+01    1.373195E+01    1.377401E+01    1.382141E+01    1.387188E+01    1.392648E+01    1.398543E+01    1.404760E+01    1.411661E+01    1.419355E+01    1.427792E+01    1.437370E+01    1.447977E+01    1.458213E+01    1.468856E+01    1.480145E+01    1.491958E+01    1.504177E+01    1.516998E+01    1.530534E+01    1.545124E+01    1.560713E+01    1.577035E+01    1.594979E+01    1.612580E+01    1.629456E+01    1.649304E+01    1.664208E+01    1.000000E+30    1.000000E+30    1.000000E+30    1.000000E+30    1.000000E+30    1.000000E+30    1.000000E+30    1.000000E+30    1.000000E+30    1.000000E+30    1.000000E+30    1.000000E+30    1.000000E+30    1.000000E+30    1.000000E+30    1.000000E+30    1.000000E+30    1.000000E+30    1.000000E+30    1.000000E+30    1.000000E+30    1.000000E+30    1.000000E+30    1.000000E+30    1.000000E+30    1.000000E+30    1.000000E+30    1.000000E+30    1.000000E+30    1.000000E+30    1.000000E+30    1.000000E+30    1.000000E+30    1.000000E+30    1.000000E+30    1.000000E+30    1.000000E+30    1.000000E+30    1.000000E+30    1.000000E+30    1.000000E+30    1.000000E+30    1.000000E+30    1.000000E+30    1.000000E+30    1.000000E+30    1.000000E+30    1.000000E+30    1.000000E+30    1.000000E+30    1.000000E+30
   1.000000E+30    1.000000E+30    1.000000E+30    1.683101E+01    1.670530E+01    1.658848E+01    1.647559E+01    1.636560E+01    1.625849E+01    1.615436E+01    1.605322E+01    1.595488E+01    1.585862E+01    1.576403E+01    1.567134E+01    1.558044E+01    1.549150E+01    1.540488E+01    1.532074E+01    1.523896E+01    1.515935E+01    1.508189E+01    1.500656E+01    1.493323E+01    1.486153E+01    1.479076E+01    1.472106E+01    1.465328E+01    1.458758E+01    1.452373E+01    1.446181E+01    1.440201E+01    1.434422E+01    1.428827E+01    1.423347E+01    1.417912E+01    1.412652E+01    1.407761E+01    1.403261E+01    1.399109E+01    1.395322E+01    1.391853E+01    1.388568E+01    1.385465E+01    1.382520E+01    1.379746E+01    1.377129E+01    1.374675E+01    1.372409E+01    1.370325E+01    1.368423E+01    1.366701E+01    1.365163E+01    1.363807E+01    1.362636E+01    1.361653E+01    1.360861E+01    1.360269E+01    1.359872E+01    1.359671E+01    1.359685E+01    1.359939E+01    1.360423E+01    1.361133E+01    1.362103E+01    1.363333E+01    1.364815E+01    1.366586E+01    1.368645E+01    1.370976E+01    1.373604E+01    1.376552E+01    1.379890E+01    1.383750E+01    1.388164E+01    1.393006E+01    1.398280E+01    1.403874E+01    1.409850E+01    1.416289E+01    1.423415E+01    1.431341E+01    1.439842E+01    1.449640E+01    1.460318E+01    1.470578E+01    1.481461E+01    1.492952E+01    1.504926E+01    1.517433E+01    1.530600E+01    1.544499E+01    1.559627E+01    1.575714E+01    1.592669E+01    1.611093E+01    1.629010E+01    1.646765E+01    1.668276E+01    1.000000E+30    1.000000E+30    1.000000E+30    1.000000E+30    1.000000E+30    1.000000E+30    1.000000E+30    1.000000E+30    1.000000E+30    1.000000E+30    1.000000E+30    1.000000E+30    1.000000E+30    1.000000E+30    1.000000E+30    1.000000E+30    1.000000E+30    1.000000E+30    1.000000E+30    1.000000E+30    1.000000E+30    1.000000E+30    1.000000E+30    1.000000E+30    1.000000E+30    1.000000E+30    1.000000E+30    1.000000E+30    1.000000E+30    1.000000E+30    1.000000E+30    1.000000E+30    1.000000E+30    1.000000E+30    1.000000E+30    1.000000E+30    1.000000E+30    1.000000E+30    1.000000E+30    1.000000E+30    1.000000E+30    1.000000E+30    1.000000E+30    1.000000E+30    1.000000E+30    1.000000E+30    1.000000E+30    1.000000E+30    1.000000E+30    1.000000E+30    1.000000E+30    1.000000E+30
   1.000000E+30    1.000000E+30    1.000000E+30    1.685342E+01    1.673667E+01    1.662165E+01    1.650933E+01    1.639968E+01    1.629292E+01    1.618922E+01    1.608866E+01    1.599093E+01    1.589534E+01    1.580178E+01    1.571038E+01    1.562077E+01    1.553290E+01    1.544731E+01    1.536423E+01    1.528331E+01    1.520451E+01    1.512796E+01    1.505349E+01    1.498113E+01    1.491030E+01    1.484069E+01    1.477255E+01    1.470623E+01    1.464169E+01    1.457878E+01    1.451775E+01    1.445888E+01    1.440205E+01    1.434724E+01    1.429389E+01    1.424164E+01    1.419009E+01    1.414096E+01    1.409636E+01    1.405571E+01    1.401843E+01    1.398447E+01    1.395266E+01    1.392262E+01    1.389423E+01    1.386757E+01    1.384256E+01    1.381915E+01    1.379756E+01    1.377791E+01    1.376015E+01    1.374428E+01    1.373024E+01    1.371802E+01    1.370756E+01    1.369893E+01    1.369225E+01    1.368762E+01    1.368496E+01    1.368431E+01    1.368595E+01    1.369000E+01    1.369625E+01    1.370484E+01    1.371598E+01    1.372967E+01    1.374603E+01    1.376527E+01    1.378726E+01    1.381194E+01    1.383956E+01    1.387055E+01    1.390602E+01    1.394707E+01    1.399329E+01    1.404330E+01    1.409737E+01    1.415451E+01    1.421489E+01    1.428028E+01    1.435270E+01    1.443297E+01    1.451767E+01    1.462200E+01    1.472637E+01    1.483084E+01    1.494108E+01    1.505718E+01    1.517912E+01    1.530711E+01    1.544137E+01    1.558436E+01    1.574099E+01    1.590584E+01    1.608059E+01    1.626816E+01    1.645029E+01    1.663457E+01    1.684997E+01    1.000000E+30    1.000000E+30    1.000000E+30    1.000000E+30    1.000000E+30    1.000000E+30    1.000000E+30    1.000000E+30    1.000000E+30    1.000000E+30    1.000000E+30    1.000000E+30    1.000000E+30    1.000000E+30    1.000000E+30    1.000000E+30    1.000000E+30    1.000000E+30    1.000000E+30    1.000000E+30    1.000000E+30    1.000000E+30    1.000000E+30    1.000000E+30    1.000000E+30    1.000000E+30    1.000000E+30    1.000000E+30    1.000000E+30    1.000000E+30    1.000000E+30    1.000000E+30    1.000000E+30    1.000000E+30    1.000000E+30    1.000000E+30    1.000000E+30    1.000000E+30    1.000000E+30    1.000000E+30    1.000000E+30    1.000000E+30    1.000000E+30    1.000000E+30    1.000000E+30    1.000000E+30    1.000000E+30    1.000000E+30    1.000000E+30    1.000000E+30    1.000000E+30    1.000000E+30
   1.000000E+30    1.000000E+30    1.701487E+01    1.688807E+01    1.676981E+01    1.665540E+01    1.654367E+01    1.643465E+01    1.632848E+01    1.622537E+01    1.612541E+01    1.602827E+01    1.593341E+01    1.584083E+01    1.575068E+01    1.566247E+01    1.557596E+01    1.549158E+01    1.540967E+01    1.532977E+01    1.525176E+01    1.517608E+01    1.510259E+01    1.503121E+01    1.496126E+01    1.489259E+01    1.482568E+01    1.476077E+01    1.469773E+01    1.463614E+01    1.457614E+01    1.451817E+01    1.446227E+01    1.440844E+01    1.435638E+01    1.430560E+01    1.425615E+01    1.420789E+01    1.416315E+01    1.412312E+01    1.408651E+01    1.405307E+01    1.402231E+01    1.399332E+01    1.396610E+01    1.394061E+01    1.391685E+01    1.389466E+01    1.387427E+01    1.385576E+01    1.383922E+01    1.382461E+01    1.381180E+01    1.380080E+01    1.379159E+01    1.378419E+01    1.377883E+01    1.377554E+01    1.377424E+01    1.377513E+01    1.377836E+01    1.378387E+01    1.379160E+01    1.380180E+01    1.381455E+01    1.382981E+01    1.384771E+01    1.386827E+01    1.389145E+01    1.391749E+01    1.394675E+01    1.397980E+01    1.401767E+01    1.406096E+01    1.410902E+01    1.416067E+01    1.421539E+01    1.427368E+01    1.433476E+01    1.440042E+01    1.447271E+01    1.455101E+01    1.464537E+01    1.475205E+01    1.485230E+01    1.495735E+01    1.506745E+01    1.518452E+01    1.530880E+01    1.543979E+01    1.557731E+01    1.572486E+01    1.588520E+01    1.605317E+01    1.623114E+01    1.641963E+01    1.660236E+01    1.678869E+01    1.700047E+01    1.000000E+30    1.000000E+30    1.000000E+30    1.000000E+30    1.000000E+30    1.000000E+30    1.000000E+30    1.000000E+30    1.000000E+30    1.000000E+30    1.000000E+30    1.000000E+30    1.000000E+30    1.000000E+30    1.000000E+30    1.000000E+30    1.000000E+30    1.000000E+30    1.000000E+30    1.000000E+30    1.000000E+30    1.000000E+30    1.000000E+30    1.000000E+30    1.000000E+30    1.000000E+30    1.000000E+30    1.000000E+30    1.000000E+30    1.000000E+30    1.000000E+30    1.000000E+30    1.000000E+30    1.000000E+30    1.000000E+30    1.000000E+30    1.000000E+30    1.000000E+30    1.000000E+30    1.000000E+30    1.000000E+30    1.000000E+30    1.000000E+30    1.000000E+30    1.000000E+30    1.000000E+30    1.000000E+30    1.000000E+30    1.000000E+30    1.000000E+30    1.000000E+30    1.000000E+30
   1.000000E+30    1.000000E+30    1.703421E+01    1.691772E+01    1.680258E+01    1.668968E+01    1.657884E+01    1.647055E+01    1.636511E+01    1.626267E+01    1.616331E+01    1.606674E+01    1.597268E+01    1.588114E+01    1.579226E+01    1.570549E+01    1.562053E+01    1.553764E+01    1.545705E+01    1.537834E+01    1.530138E+01    1.522654E+01    1.515395E+01    1.508350E+01    1.501448E+01    1.494672E+01    1.488093E+01    1.481718E+01    1.475544E+01    1.469539E+01    1.463684E+01    1.458006E+01    1.452509E+01    1.447213E+01    1.442128E+01    1.437181E+01    1.432383E+01    1.427758E+01    1.423333E+01    1.419359E+01    1.415738E+01    1.412448E+01    1.409465E+01    1.406697E+01    1.404118E+01    1.401693E+01    1.399445E+01    1.397364E+01    1.395450E+01    1.393712E+01    1.392172E+01    1.390827E+01    1.389662E+01    1.388685E+01    1.387899E+01    1.387303E+01    1.386907E+01    1.386719E+01    1.386733E+01    1.386968E+01    1.387432E+01    1.388115E+01    1.389030E+01    1.390201E+01    1.391626E+01    1.393306E+01    1.395239E+01    1.397417E+01    1.399859E+01    1.402632E+01    1.405784E+01    1.409345E+01    1.413381E+01    1.417913E+01    1.422880E+01    1.428185E+01    1.433768E+01    1.439694E+01    1.445934E+01    1.452460E+01    1.459420E+01    1.467893E+01    1.478367E+01    1.488184E+01    1.498141E+01    1.508517E+01    1.519467E+01    1.531310E+01    1.544045E+01    1.557509E+01    1.571589E+01    1.586587E+01    1.602832E+01    1.619841E+01    1.637722E+01    1.656491E+01    1.674732E+01    1.693356E+01    1.715084E+01    1.000000E+30    1.000000E+30    1.000000E+30    1.000000E+30    1.000000E+30    1.000000E+30    1.000000E+30    1.000000E+30    1.000000E+30    1.000000E+30    1.000000E+30    1.000000E+30    1.000000E+30    1.000000E+30    1.000000E+30    1.000000E+30    1.000000E+30    1.000000E+30    1.000000E+30    1.000000E+30    1.000000E+30    1.000000E+30    1.000000E+30    1.000000E+30    1.000000E+30    1.000000E+30    1.000000E+30    1.000000E+30    1.000000E+30    1.000000E+30    1.000000E+30    1.000000E+30    1.000000E+30    1.000000E+30    1.000000E+30    1.000000E+30    1.000000E+30    1.000000E+30    1.000000E+30    1.000000E+30    1.000000E+30    1.000000E+30    1.000000E+30    1.000000E+30    1.000000E+30    1.000000E+30    1.000000E+30    1.000000E+30    1.000000E+30    1.000000E+30    1.000000E+30    1.000000E+30
   1.000000E+30    1.000000E+30    1.706412E+01    1.695002E+01    1.683663E+01    1.672499E+01    1.661516E+01    1.650759E+01    1.640293E+01    1.630118E+01    1.620244E+01    1.610641E+01    1.601306E+01    1.592256E+01    1.583482E+01    1.574949E+01    1.566633E+01    1.558524E+01    1.550623E+01    1.542898E+01    1.535337E+01    1.527961E+01    1.520801E+01    1.513836E+01    1.507017E+01    1.500335E+01    1.493854E+01    1.487589E+01    1.481523E+01    1.475648E+01    1.469946E+01    1.464428E+01    1.459073E+01    1.453870E+01    1.448892E+01    1.444087E+01    1.439409E+01    1.434943E+01    1.430658E+01    1.426736E+01    1.423154E+01    1.419903E+01    1.417015E+01    1.414381E+01    1.411946E+01    1.409669E+01    1.407563E+01    1.405617E+01    1.403829E+01    1.402212E+01    1.400788E+01    1.399553E+01    1.398503E+01    1.397647E+01    1.396988E+01    1.396534E+01    1.396280E+01    1.396221E+01    1.396368E+01    1.396740E+01    1.397334E+01    1.398152E+01    1.399218E+01    1.400532E+01    1.402090E+01    1.403902E+01    1.405970E+01    1.408292E+01    1.410901E+01    1.413879E+01    1.417261E+01    1.421069E+01    1.425356E+01    1.430118E+01    1.435265E+01    1.440705E+01    1.446434E+01    1.452499E+01    1.458947E+01    1.465586E+01    1.472992E+01    1.482364E+01    1.492210E+01    1.501510E+01    1.511297E+01    1.521528E+01    1.532447E+01    1.544396E+01    1.557352E+01    1.571133E+01    1.585488E+01    1.600630E+01    1.617048E+01    1.634154E+01    1.651968E+01    1.670604E+01    1.688868E+01    1.707404E+01    1.729643E+01    1.000000E+30    1.000000E+30    1.000000E+30    1.000000E+30    1.000000E+30    1.000000E+30    1.000000E+30    1.000000E+30    1.000000E+30    1.000000E+30    1.000000E+30    1.000000E+30    1.000000E+30    1.000000E+30    1.000000E+30    1.000000E+30    1.000000E+30    1.000000E+30    1.000000E+30    1.000000E+30    1.000000E+30    1.000000E+30    1.000000E+30    1.000000E+30    1.000000E+30    1.000000E+30    1.000000E+30    1.000000E+30    1.000000E+30    1.000000E+30    1.000000E+30    1.000000E+30    1.000000E+30    1.000000E+30    1.000000E+30    1.000000E+30    1.000000E+30    1.000000E+30    1.000000E+30    1.000000E+30    1.000000E+30    1.000000E+30    1.000000E+30    1.000000E+30    1.000000E+30    1.000000E+30    1.000000E+30    1.000000E+30    1.000000E+30    1.000000E+30    1.000000E+30    1.000000E+30
   1.000000E+30    1.000000E+30    1.709990E+01    1.698572E+01    1.687272E+01    1.676180E+01    1.665295E+01    1.654616E+01    1.644210E+01    1.634105E+01    1.624299E+01    1.614749E+01    1.605471E+01    1.596510E+01    1.587845E+01    1.579439E+01    1.571288E+01    1.563376E+01    1.555660E+01    1.548105E+01    1.540718E+01    1.533496E+01    1.526462E+01    1.519596E+01    1.512866E+01    1.506281E+01    1.499898E+01    1.493729E+01    1.487763E+01    1.482003E+01    1.476439E+01    1.471073E+01    1.465903E+01    1.460853E+01    1.455989E+01    1.451327E+01    1.446804E+01    1.442443E+01    1.438302E+01    1.434466E+01    1.430943E+01    1.427726E+01    1.424913E+01    1.422412E+01    1.420112E+01    1.417986E+01    1.416028E+01    1.414227E+01    1.412574E+01    1.411086E+01    1.409780E+01    1.408651E+01    1.407710E+01    1.406964E+01    1.406414E+01    1.406077E+01    1.405937E+01    1.405989E+01    1.406255E+01    1.406759E+01    1.407486E+01    1.408449E+01    1.409673E+01    1.411145E+01    1.412843E+01    1.414795E+01    1.417011E+01    1.419497E+01    1.422303E+01    1.425497E+01    1.429099E+01    1.433144E+01    1.437687E+01    1.442679E+01    1.447999E+01    1.453566E+01    1.459427E+01    1.465690E+01    1.472797E+01    1.480398E+01    1.488745E+01    1.497618E+01    1.506179E+01    1.515326E+01    1.524882E+01    1.535015E+01    1.546017E+01    1.558397E+01    1.571480E+01    1.585150E+01    1.599574E+01    1.614989E+01    1.631490E+01    1.648362E+01    1.665857E+01    1.684245E+01    1.702566E+01    1.721252E+01    1.743804E+01    1.000000E+30    1.000000E+30    1.000000E+30    1.000000E+30    1.000000E+30    1.000000E+30    1.000000E+30    1.000000E+30    1.000000E+30    1.000000E+30    1.000000E+30    1.000000E+30    1.000000E+30    1.000000E+30    1.000000E+30    1.000000E+30    1.000000E+30    1.000000E+30    1.000000E+30    1.000000E+30    1.000000E+30    1.000000E+30    1.000000E+30    1.000000E+30    1.000000E+30    1.000000E+30    1.000000E+30    1.000000E+30    1.000000E+30    1.000000E+30    1.000000E+30    1.000000E+30    1.000000E+30    1.000000E+30    1.000000E+30    1.000000E+30    1.000000E+30    1.000000E+30    1.000000E+30    1.000000E+30    1.000000E+30    1.000000E+30    1.000000E+30    1.000000E+30    1.000000E+30    1.000000E+30    1.000000E+30    1.000000E+30    1.000000E+30    1.000000E+30    1.000000E+30    1.000000E+30
   1.000000E+30    1.727403E+01    1.714281E+01    1.702415E+01    1.691068E+01    1.680020E+01    1.669225E+01    1.658636E+01    1.648293E+01    1.638249E+01    1.628508E+01    1.619022E+01    1.609799E+01    1.600907E+01    1.592330E+01    1.584026E+01    1.576005E+01    1.568266E+01    1.560736E+01    1.553363E+01    1.546171E+01    1.539157E+01    1.532297E+01    1.525553E+01    1.518939E+01    1.512484E+01    1.506217E+01    1.500156E+01    1.494294E+01    1.488643E+01    1.483204E+01    1.477970E+01    1.472955E+01    1.468090E+01    1.463389E+01    1.458877E+01    1.454536E+01    1.450318E+01    1.446311E+01    1.442593E+01    1.439144E+01    1.435972E+01    1.433202E+01    1.430810E+01    1.428654E+01    1.426672E+01    1.424858E+01    1.423207E+01    1.421704E+01    1.420346E+01    1.419147E+01    1.418121E+01    1.417278E+01    1.416623E+01    1.416167E+01    1.415920E+01    1.415869E+01    1.416021E+01    1.416409E+01    1.417047E+01    1.417921E+01    1.419029E+01    1.420403E+01    1.422026E+01    1.423887E+01    1.426000E+01    1.428374E+01    1.431049E+01    1.434091E+01    1.437543E+01    1.441386E+01    1.445657E+01    1.450441E+01    1.455611E+01    1.461045E+01    1.466898E+01    1.473410E+01    1.480672E+01    1.488366E+01    1.496205E+01    1.504372E+01    1.512599E+01    1.520808E+01    1.529716E+01    1.539200E+01    1.549601E+01    1.561445E+01    1.573921E+01    1.586443E+01    1.599790E+01    1.614502E+01    1.630136E+01    1.645996E+01    1.662304E+01    1.679404E+01    1.697663E+01    1.716322E+01    1.735272E+01    1.757575E+01    1.000000E+30    1.000000E+30    1.000000E+30    1.000000E+30    1.000000E+30    1.000000E+30    1.000000E+30    1.000000E+30    1.000000E+30    1.000000E+30    1.000000E+30    1.000000E+30    1.000000E+30    1.000000E+30    1.000000E+30    1.000000E+30    1.000000E+30    1.000000E+30    1.000000E+30    1.000000E+30    1.000000E+30    1.000000E+30    1.000000E+30    1.000000E+30    1.000000E+30    1.000000E+30    1.000000E+30    1.000000E+30    1.000000E+30    1.000000E+30    1.000000E+30    1.000000E+30    1.000000E+30    1.000000E+30    1.000000E+30    1.000000E+30    1.000000E+30    1.000000E+30    1.000000E+30    1.000000E+30    1.000000E+30    1.000000E+30    1.000000E+30    1.000000E+30    1.000000E+30    1.000000E+30    1.000000E+30    1.000000E+30    1.000000E+30    1.000000E+30    1.000000E+30    1.000000E+30
   1.000000E+30    1.729641E+01    1.717753E+01    1.706165E+01    1.694945E+01    1.684000E+01    1.673310E+01    1.662821E+01    1.652545E+01    1.642562E+01    1.632883E+01    1.623469E+01    1.614322E+01    1.605491E+01    1.596977E+01    1.588766E+01    1.580855E+01    1.573239E+01    1.565847E+01    1.558641E+01    1.551633E+01    1.544816E+01    1.538167E+01    1.531604E+01    1.525143E+01    1.518852E+01    1.512743E+01    1.506821E+01    1.501095E+01    1.495567E+01    1.490252E+01    1.485149E+01    1.480262E+01    1.475559E+01    1.471021E+01    1.466681E+01    1.462533E+01    1.458541E+01    1.454708E+01    1.451115E+01    1.447775E+01    1.444679E+01    1.441926E+01    1.439606E+01    1.437591E+01    1.435766E+01    1.434111E+01    1.432599E+01    1.431238E+01    1.430013E+01    1.428920E+01    1.427981E+01    1.427222E+01    1.426647E+01    1.426274E+01    1.426106E+01    1.426139E+01    1.426400E+01    1.426913E+01    1.427681E+01    1.428697E+01    1.429952E+01    1.431462E+01    1.433231E+01    1.435266E+01    1.437550E+01    1.440108E+01    1.443028E+01    1.446370E+01    1.450119E+01    1.454159E+01    1.458640E+01    1.463736E+01    1.469466E+01    1.475834E+01    1.482615E+01    1.489753E+01    1.497010E+01    1.503937E+01    1.511209E+01    1.519167E+01    1.527566E+01    1.536232E+01    1.545268E+01    1.555059E+01    1.565784E+01    1.577473E+01    1.589238E+01    1.601535E+01    1.614763E+01    1.629468E+01    1.644951E+01    1.660112E+01    1.676051E+01    1.692933E+01    1.711225E+01    1.730177E+01    1.749321E+01    1.771307E+01    1.000000E+30    1.000000E+30    1.000000E+30    1.000000E+30    1.000000E+30    1.000000E+30    1.000000E+30    1.000000E+30    1.000000E+30    1.000000E+30    1.000000E+30    1.000000E+30    1.000000E+30    1.000000E+30    1.000000E+30    1.000000E+30    1.000000E+30    1.000000E+30    1.000000E+30    1.000000E+30    1.000000E+30    1.000000E+30    1.000000E+30    1.000000E+30    1.000000E+30    1.000000E+30    1.000000E+30    1.000000E+30    1.000000E+30    1.000000E+30    1.000000E+30    1.000000E+30    1.000000E+30    1.000000E+30    1.000000E+30    1.000000E+30    1.000000E+30    1.000000E+30    1.000000E+30    1.000000E+30    1.000000E+30    1.000000E+30    1.000000E+30    1.000000E+30    1.000000E+30    1.000000E+30    1.000000E+30    1.000000E+30    1.000000E+30    1.000000E+30    1.000000E+30    1.000000E+30
   1.000000E+30    1.732957E+01    1.721403E+01    1.710032E+01    1.698948E+01    1.688121E+01    1.677551E+01    1.667177E+01    1.656988E+01    1.647074E+01    1.637456E+01    1.628110E+01    1.619044E+01    1.610292E+01    1.601841E+01    1.593706E+01    1.585900E+01    1.578391E+01    1.571107E+01    1.564027E+01    1.557181E+01    1.550545E+01    1.544057E+01    1.537685E+01    1.531412E+01    1.525312E+01    1.519391E+01    1.513647E+01    1.508095E+01    1.502726E+01    1.497558E+01    1.492604E+01    1.487861E+01    1.483328E+01    1.478964E+01    1.474795E+01    1.470821E+01    1.467049E+01    1.463452E+01    1.460045E+01    1.456883E+01    1.453912E+01    1.451193E+01    1.448879E+01    1.446978E+01    1.445316E+01    1.443813E+01    1.442434E+01    1.441203E+01    1.440107E+01    1.439123E+01    1.438271E+01    1.437594E+01    1.437103E+01    1.436814E+01    1.436729E+01    1.436846E+01    1.437202E+01    1.437836E+01    1.438729E+01    1.439874E+01    1.441285E+01    1.442944E+01    1.444866E+01    1.447054E+01    1.449523E+01    1.452286E+01    1.455505E+01    1.459166E+01    1.463161E+01    1.467667E+01    1.473046E+01    1.479157E+01    1.485774E+01    1.492554E+01    1.499203E+01    1.505696E+01    1.512282E+01    1.519148E+01    1.526490E+01    1.534419E+01    1.542859E+01    1.551894E+01    1.561238E+01    1.571108E+01    1.581619E+01    1.592667E+01    1.604199E+01    1.616254E+01    1.629343E+01    1.643961E+01    1.659218E+01    1.673962E+01    1.689647E+01    1.706400E+01    1.724602E+01    1.743739E+01    1.763103E+01    1.784922E+01    1.000000E+30    1.000000E+30    1.000000E+30    1.000000E+30    1.000000E+30    1.000000E+30    1.000000E+30    1.000000E+30    1.000000E+30    1.000000E+30    1.000000E+30    1.000000E+30    1.000000E+30    1.000000E+30    1.000000E+30    1.000000E+30    1.000000E+30    1.000000E+30    1.000000E+30    1.000000E+30    1.000000E+30    1.000000E+30    1.000000E+30    1.000000E+30    1.000000E+30    1.000000E+30    1.000000E+30    1.000000E+30    1.000000E+30    1.000000E+30    1.000000E+30    1.000000E+30    1.000000E+30    1.000000E+30    1.000000E+30    1.000000E+30    1.000000E+30    1.000000E+30    1.000000E+30    1.000000E+30    1.000000E+30    1.000000E+30    1.000000E+30    1.000000E+30    1.000000E+30    1.000000E+30    1.000000E+30    1.000000E+30    1.000000E+30    1.000000E+30    1.000000E+30    1.000000E+30
   1.000000E+30    1.736884E+01    1.725371E+01    1.714114E+01    1.703135E+01    1.692419E+01    1.681958E+01    1.671703E+01    1.661624E+01    1.651799E+01    1.642247E+01    1.632965E+01    1.623978E+01    1.615310E+01    1.606947E+01    1.598882E+01    1.591164E+01    1.583765E+01    1.576604E+01    1.569637E+01    1.562890E+01    1.556421E+01    1.550106E+01    1.543889E+01    1.537790E+01    1.531871E+01    1.526144E+01    1.520593E+01    1.515228E+01    1.510056E+01    1.505069E+01    1.500289E+01    1.495717E+01    1.491349E+01    1.487194E+01    1.483239E+01    1.479478E+01    1.475920E+01    1.472562E+01    1.469394E+01    1.466481E+01    1.463745E+01    1.461178E+01    1.458852E+01    1.456967E+01    1.455430E+01    1.454060E+01    1.452810E+01    1.451687E+01    1.450684E+01    1.449789E+01    1.449040E+01    1.448455E+01    1.448048E+01    1.447852E+01    1.447890E+01    1.448086E+01    1.448513E+01    1.449264E+01    1.450284E+01    1.451573E+01    1.453135E+01    1.454952E+01    1.457015E+01    1.459338E+01    1.462039E+01    1.465074E+01    1.468708E+01    1.472960E+01    1.477841E+01    1.483414E+01    1.489501E+01    1.495826E+01    1.502026E+01    1.508054E+01    1.514361E+01    1.520861E+01    1.527637E+01    1.534661E+01    1.542105E+01    1.550020E+01    1.558410E+01    1.567291E+01    1.576738E+01    1.586768E+01    1.597186E+01    1.607996E+01    1.619255E+01    1.631045E+01    1.643744E+01    1.658175E+01    1.673321E+01    1.687751E+01    1.703238E+01    1.719736E+01    1.737648E+01    1.756765E+01    1.776288E+01    1.798512E+01    1.000000E+30    1.000000E+30    1.000000E+30    1.000000E+30    1.000000E+30    1.000000E+30    1.000000E+30    1.000000E+30    1.000000E+30    1.000000E+30    1.000000E+30    1.000000E+30    1.000000E+30    1.000000E+30    1.000000E+30    1.000000E+30    1.000000E+30    1.000000E+30    1.000000E+30    1.000000E+30    1.000000E+30    1.000000E+30    1.000000E+30    1.000000E+30    1.000000E+30    1.000000E+30    1.000000E+30    1.000000E+30    1.000000E+30    1.000000E+30    1.000000E+30    1.000000E+30    1.000000E+30    1.000000E+30    1.000000E+30    1.000000E+30    1.000000E+30    1.000000E+30    1.000000E+30    1.000000E+30    1.000000E+30    1.000000E+30    1.000000E+30    1.000000E+30    1.000000E+30    1.000000E+30    1.000000E+30    1.000000E+30    1.000000E+30    1.000000E+30    1.000000E+30    1.000000E+30
   1.000000E+30    1.740934E+01    1.729574E+01    1.718430E+01    1.707534E+01    1.696917E+01    1.686560E+01    1.676424E+01    1.666479E+01    1.656764E+01    1.647292E+01    1.638067E+01    1.629150E+01    1.620562E+01    1.612287E+01    1.604301E+01    1.596661E+01    1.589372E+01    1.582345E+01    1.575511E+01    1.568872E+01    1.562523E+01    1.556368E+01    1.550317E+01    1.544383E+01    1.538619E+01    1.533059E+01    1.527694E+01    1.522515E+01    1.517543E+01    1.512755E+01    1.508180E+01    1.503787E+01    1.499611E+01    1.495665E+01    1.491956E+01    1.488458E+01    1.485183E+01    1.482113E+01    1.479214E+01    1.476538E+01    1.474075E+01    1.471812E+01    1.469680E+01    1.467763E+01    1.466236E+01    1.464979E+01    1.463864E+01    1.462862E+01    1.461916E+01    1.461089E+01    1.460447E+01    1.459979E+01    1.459666E+01    1.459621E+01    1.459762E+01    1.460036E+01    1.460600E+01    1.461384E+01    1.462498E+01    1.463982E+01    1.465678E+01    1.467622E+01    1.469829E+01    1.472443E+01    1.475695E+01    1.479631E+01    1.484127E+01    1.488989E+01    1.494180E+01    1.499546E+01    1.505027E+01    1.510936E+01    1.516998E+01    1.523216E+01    1.529750E+01    1.536438E+01    1.543323E+01    1.550547E+01    1.558157E+01    1.566172E+01    1.574617E+01    1.583549E+01    1.592995E+01    1.602850E+01    1.612982E+01    1.623448E+01    1.634368E+01    1.645701E+01    1.658071E+01    1.672547E+01    1.687459E+01    1.701543E+01    1.716742E+01    1.732886E+01    1.750262E+01    1.769127E+01    1.789019E+01    1.812170E+01    1.842614E+01    1.000000E+30    1.000000E+30    1.000000E+30    1.000000E+30    1.000000E+30    1.000000E+30    1.000000E+30    1.000000E+30    1.000000E+30    1.000000E+30    1.000000E+30    1.000000E+30    1.000000E+30    1.000000E+30    1.000000E+30    1.000000E+30    1.000000E+30    1.000000E+30    1.000000E+30    1.000000E+30    1.000000E+30    1.000000E+30    1.000000E+30    1.000000E+30    1.000000E+30    1.000000E+30    1.000000E+30    1.000000E+30    1.000000E+30    1.000000E+30    1.000000E+30    1.000000E+30    1.000000E+30    1.000000E+30    1.000000E+30    1.000000E+30    1.000000E+30    1.000000E+30    1.000000E+30    1.000000E+30    1.000000E+30    1.000000E+30    1.000000E+30    1.000000E+30    1.000000E+30    1.000000E+30    1.000000E+30    1.000000E+30    1.000000E+30    1.000000E+30    1.000000E+30
   1.000000E+30    1.745291E+01    1.734038E+01    1.722987E+01    1.712168E+01    1.701638E+01    1.691378E+01    1.681348E+01    1.671550E+01    1.661974E+01    1.652600E+01    1.643451E+01    1.634607E+01    1.626098E+01    1.617913E+01    1.610019E+01    1.602447E+01    1.595253E+01    1.588373E+01    1.581691E+01    1.575171E+01    1.568937E+01    1.562914E+01    1.557015E+01    1.551251E+01    1.545649E+01    1.540248E+01    1.535044E+01    1.530043E+01    1.525247E+01    1.520655E+01    1.516291E+01    1.512096E+01    1.508149E+01    1.504447E+01    1.500999E+01    1.497775E+01    1.494793E+01    1.492039E+01    1.489480E+01    1.487082E+01    1.484862E+01    1.482882E+01    1.481104E+01    1.479342E+01    1.477840E+01    1.476616E+01    1.475639E+01    1.474847E+01    1.474007E+01    1.473296E+01    1.472817E+01    1.472535E+01    1.472429E+01    1.472564E+01    1.472834E+01    1.473262E+01    1.473914E+01    1.474703E+01    1.475783E+01    1.477345E+01    1.479118E+01    1.481333E+01    1.484240E+01    1.487835E+01    1.491796E+01    1.496122E+01    1.500491E+01    1.504842E+01    1.509322E+01    1.514279E+01    1.519907E+01    1.526031E+01    1.532214E+01    1.538678E+01    1.545407E+01    1.552182E+01    1.559350E+01    1.566897E+01    1.574735E+01    1.582866E+01    1.591322E+01    1.600277E+01    1.609655E+01    1.619263E+01    1.629027E+01    1.639100E+01    1.649408E+01    1.660359E+01    1.672984E+01    1.687474E+01    1.701692E+01    1.715351E+01    1.730193E+01    1.745863E+01    1.762445E+01    1.780856E+01    1.800488E+01    1.822068E+01    1.848559E+01    1.000000E+30    1.000000E+30    1.000000E+30    1.000000E+30    1.000000E+30    1.000000E+30    1.000000E+30    1.000000E+30    1.000000E+30    1.000000E+30    1.000000E+30    1.000000E+30    1.000000E+30    1.000000E+30    1.000000E+30    1.000000E+30    1.000000E+30    1.000000E+30    1.000000E+30    1.000000E+30    1.000000E+30    1.000000E+30    1.000000E+30    1.000000E+30    1.000000E+30    1.000000E+30    1.000000E+30    1.000000E+30    1.000000E+30    1.000000E+30    1.000000E+30    1.000000E+30    1.000000E+30    1.000000E+30    1.000000E+30    1.000000E+30    1.000000E+30    1.000000E+30    1.000000E+30    1.000000E+30    1.000000E+30    1.000000E+30    1.000000E+30    1.000000E+30    1.000000E+30    1.000000E+30    1.000000E+30    1.000000E+30    1.000000E+30    1.000000E+30    1.000000E+30
   1.000000E+30    1.749933E+01    1.738751E+01    1.727785E+01    1.717052E+01    1.706610E+01    1.696440E+01    1.686510E+01    1.676850E+01    1.667418E+01    1.658164E+01    1.649118E+01    1.640358E+01    1.631919E+01    1.623822E+01    1.616050E+01    1.608567E+01    1.601439E+01    1.594683E+01    1.588161E+01    1.581810E+01    1.575691E+01    1.569790E+01    1.564025E+01    1.558415E+01    1.552975E+01    1.547738E+01    1.542704E+01    1.537871E+01    1.533248E+01    1.528857E+01    1.524688E+01    1.520715E+01    1.516996E+01    1.513551E+01    1.510375E+01    1.507451E+01    1.504781E+01    1.502329E+01    1.500106E+01    1.498048E+01    1.496156E+01    1.494493E+01    1.493110E+01    1.491764E+01    1.490495E+01    1.489337E+01    1.488390E+01    1.487643E+01    1.486993E+01    1.486525E+01    1.486277E+01    1.486170E+01    1.486257E+01    1.486464E+01    1.486842E+01    1.487474E+01    1.488227E+01    1.489225E+01    1.490457E+01    1.492133E+01    1.494373E+01    1.497258E+01    1.500716E+01    1.504405E+01    1.507995E+01    1.511620E+01    1.515448E+01    1.519687E+01    1.524427E+01    1.529696E+01    1.535454E+01    1.541495E+01    1.547741E+01    1.554402E+01    1.561142E+01    1.568165E+01    1.575749E+01    1.583537E+01    1.591614E+01    1.599885E+01    1.608481E+01    1.617423E+01    1.626630E+01    1.635947E+01    1.645381E+01    1.655056E+01    1.664959E+01    1.676701E+01    1.689639E+01    1.703290E+01    1.716244E+01    1.729323E+01    1.743730E+01    1.758768E+01    1.774408E+01    1.792120E+01    1.811136E+01    1.831386E+01    1.856200E+01    1.000000E+30    1.000000E+30    1.000000E+30    1.000000E+30    1.000000E+30    1.000000E+30    1.000000E+30    1.000000E+30    1.000000E+30    1.000000E+30    1.000000E+30    1.000000E+30    1.000000E+30    1.000000E+30    1.000000E+30    1.000000E+30    1.000000E+30    1.000000E+30    1.000000E+30    1.000000E+30    1.000000E+30    1.000000E+30    1.000000E+30    1.000000E+30    1.000000E+30    1.000000E+30    1.000000E+30    1.000000E+30    1.000000E+30    1.000000E+30    1.000000E+30    1.000000E+30    1.000000E+30    1.000000E+30    1.000000E+30    1.000000E+30    1.000000E+30    1.000000E+30    1.000000E+30    1.000000E+30    1.000000E+30    1.000000E+30    1.000000E+30    1.000000E+30    1.000000E+30    1.000000E+30    1.000000E+30    1.000000E+30    1.000000E+30    1.000000E+30    1.000000E+30
   1.000000E+30    1.754815E+01    1.743702E+01    1.732835E+01    1.722205E+01    1.711855E+01    1.701781E+01    1.691953E+01    1.682419E+01    1.673122E+01    1.663998E+01    1.655081E+01    1.646421E+01    1.638059E+01    1.630036E+01    1.622369E+01    1.615005E+01    1.607949E+01    1.601284E+01    1.594893E+01    1.588713E+01    1.582744E+01    1.576984E+01    1.571363E+01    1.565908E+01    1.560622E+01    1.555545E+01    1.550686E+01    1.546028E+01    1.541592E+01    1.537406E+01    1.533421E+01    1.529687E+01    1.526201E+01    1.523012E+01    1.520120E+01    1.517511E+01    1.515146E+01    1.513007E+01    1.511104E+01    1.509438E+01    1.507933E+01    1.506615E+01    1.505564E+01    1.504642E+01    1.503759E+01    1.502982E+01    1.502285E+01    1.501686E+01    1.501422E+01    1.501394E+01    1.501469E+01    1.501580E+01    1.501824E+01    1.502187E+01    1.502690E+01    1.503460E+01    1.504415E+01    1.505633E+01    1.507151E+01    1.508911E+01    1.511205E+01    1.513854E+01    1.516647E+01    1.519604E+01    1.522948E+01    1.526714E+01    1.530880E+01    1.535410E+01    1.540359E+01    1.545663E+01    1.551313E+01    1.557324E+01    1.563668E+01    1.570249E+01    1.577097E+01    1.584481E+01    1.592168E+01    1.600131E+01    1.608471E+01    1.617062E+01    1.625967E+01    1.634974E+01    1.643941E+01    1.653066E+01    1.662347E+01    1.671866E+01    1.682330E+01    1.694846E+01    1.707390E+01    1.719935E+01    1.731784E+01    1.744124E+01    1.757643E+01    1.771632E+01    1.786218E+01    1.802888E+01    1.821049E+01    1.840324E+01    1.863846E+01    1.000000E+30    1.000000E+30    1.000000E+30    1.000000E+30    1.000000E+30    1.000000E+30    1.000000E+30    1.000000E+30    1.000000E+30    1.000000E+30    1.000000E+30    1.000000E+30    1.000000E+30    1.000000E+30    1.000000E+30    1.000000E+30    1.000000E+30    1.000000E+30    1.000000E+30    1.000000E+30    1.000000E+30    1.000000E+30    1.000000E+30    1.000000E+30    1.000000E+30    1.000000E+30    1.000000E+30    1.000000E+30    1.000000E+30    1.000000E+30    1.000000E+30    1.000000E+30    1.000000E+30    1.000000E+30    1.000000E+30    1.000000E+30    1.000000E+30    1.000000E+30    1.000000E+30    1.000000E+30    1.000000E+30    1.000000E+30    1.000000E+30    1.000000E+30    1.000000E+30    1.000000E+30    1.000000E+30    1.000000E+30    1.000000E+30    1.000000E+30    1.000000E+30
   1.000000E+30    1.759850E+01    1.748898E+01    1.738160E+01    1.727645E+01    1.717397E+01    1.707427E+01    1.697712E+01    1.688284E+01    1.679115E+01    1.670128E+01    1.661352E+01    1.652814E+01    1.644542E+01    1.636598E+01    1.629018E+01    1.621763E+01    1.614794E+01    1.608209E+01    1.601954E+01    1.595917E+01    1.590094E+01    1.584477E+01    1.579014E+01    1.573729E+01    1.568608E+01    1.563692E+01    1.559001E+01    1.554526E+01    1.550286E+01    1.546298E+01    1.542508E+01    1.539009E+01    1.535778E+01    1.532861E+01    1.530263E+01    1.527969E+01    1.525921E+01    1.524133E+01    1.522568E+01    1.521219E+01    1.520355E+01    1.519957E+01    1.519566E+01    1.519170E+01    1.518736E+01    1.518368E+01    1.518029E+01    1.517677E+01    1.517514E+01    1.517487E+01    1.517430E+01    1.517542E+01    1.517880E+01    1.518413E+01    1.519168E+01    1.520161E+01    1.521361E+01    1.522784E+01    1.524423E+01    1.526120E+01    1.527997E+01    1.530214E+01    1.532909E+01    1.536026E+01    1.539516E+01    1.543369E+01    1.547571E+01    1.552070E+01    1.556895E+01    1.562017E+01    1.567539E+01    1.573489E+01    1.579802E+01    1.586344E+01    1.593429E+01    1.600856E+01    1.608524E+01    1.616681E+01    1.625326E+01    1.634360E+01    1.643599E+01    1.652875E+01    1.661853E+01    1.670873E+01    1.680079E+01    1.689488E+01    1.700804E+01    1.713403E+01    1.725355E+01    1.736532E+01    1.747238E+01    1.758547E+01    1.771018E+01    1.784101E+01    1.797712E+01    1.813143E+01    1.830250E+01    1.848562E+01    1.870520E+01    1.000000E+30    1.000000E+30    1.000000E+30    1.000000E+30    1.000000E+30    1.000000E+30    1.000000E+30    1.000000E+30    1.000000E+30    1.000000E+30    1.000000E+30    1.000000E+30    1.000000E+30    1.000000E+30    1.000000E+30    1.000000E+30    1.000000E+30    1.000000E+30    1.000000E+30    1.000000E+30    1.000000E+30    1.000000E+30    1.000000E+30    1.000000E+30    1.000000E+30    1.000000E+30    1.000000E+30    1.000000E+30    1.000000E+30    1.000000E+30    1.000000E+30    1.000000E+30    1.000000E+30    1.000000E+30    1.000000E+30    1.000000E+30    1.000000E+30    1.000000E+30    1.000000E+30    1.000000E+30    1.000000E+30    1.000000E+30    1.000000E+30    1.000000E+30    1.000000E+30    1.000000E+30    1.000000E+30    1.000000E+30    1.000000E+30    1.000000E+30    1.000000E+30
   1.000000E+30    1.765197E+01    1.754403E+01    1.743787E+01    1.733392E+01    1.723254E+01    1.713389E+01    1.703784E+01    1.694467E+01    1.685418E+01    1.676566E+01    1.667928E+01    1.659524E+01    1.651368E+01    1.643522E+01    1.636031E+01    1.628879E+01    1.622007E+01    1.615478E+01    1.609342E+01    1.603461E+01    1.597785E+01    1.592304E+01    1.586996E+01    1.581878E+01    1.576932E+01    1.572181E+01    1.567662E+01    1.563383E+01    1.559333E+01    1.555557E+01    1.552006E+01    1.548741E+01    1.545767E+01    1.543130E+01    1.540830E+01    1.538862E+01    1.537183E+01    1.535718E+01    1.534575E+01    1.534145E+01    1.534368E+01    1.534713E+01    1.534828E+01    1.534819E+01    1.534625E+01    1.534364E+01    1.534082E+01    1.533680E+01    1.533316E+01    1.533066E+01    1.532998E+01    1.533290E+01    1.533887E+01    1.534686E+01    1.535946E+01    1.537512E+01    1.539329E+01    1.541346E+01    1.543525E+01    1.545830E+01    1.548349E+01    1.551087E+01    1.553994E+01    1.557109E+01    1.560467E+01    1.564118E+01    1.568059E+01    1.572288E+01    1.576794E+01    1.581568E+01    1.586685E+01    1.591920E+01    1.597344E+01    1.603288E+01    1.610061E+01    1.617290E+01    1.624978E+01    1.633356E+01    1.642392E+01    1.651849E+01    1.661502E+01    1.671156E+01    1.680360E+01    1.689208E+01    1.698471E+01    1.708103E+01    1.719994E+01    1.731677E+01    1.741906E+01    1.751617E+01    1.761578E+01    1.772430E+01    1.784182E+01    1.796343E+01    1.808933E+01    1.822954E+01    1.838764E+01    1.855825E+01    1.875499E+01    1.900354E+01    1.000000E+30    1.000000E+30    1.000000E+30    1.000000E+30    1.000000E+30    1.000000E+30    1.000000E+30    1.000000E+30    1.000000E+30    1.000000E+30    1.000000E+30    1.000000E+30    1.000000E+30    1.000000E+30    1.000000E+30    1.000000E+30    1.000000E+30    1.000000E+30    1.000000E+30    1.000000E+30    1.000000E+30    1.000000E+30    1.000000E+30    1.000000E+30    1.000000E+30    1.000000E+30    1.000000E+30    1.000000E+30    1.000000E+30    1.000000E+30    1.000000E+30    1.000000E+30    1.000000E+30    1.000000E+30    1.000000E+30    1.000000E+30    1.000000E+30    1.000000E+30    1.000000E+30    1.000000E+30    1.000000E+30    1.000000E+30    1.000000E+30    1.000000E+30    1.000000E+30    1.000000E+30    1.000000E+30    1.000000E+30    1.000000E+30    1.000000E+30
   1.000000E+30    1.771020E+01    1.760301E+01    1.749775E+01    1.739488E+01    1.729451E+01    1.719686E+01    1.710190E+01    1.700983E+01    1.692046E+01    1.683333E+01    1.674831E+01    1.666560E+01    1.658537E+01    1.650818E+01    1.643438E+01    1.636387E+01    1.629631E+01    1.623179E+01    1.617090E+01    1.611346E+01    1.605821E+01    1.600500E+01    1.595368E+01    1.590419E+01    1.585649E+01    1.581073E+01    1.576734E+01    1.572641E+01    1.568777E+01    1.565201E+01    1.561897E+01    1.558877E+01    1.556168E+01    1.553834E+01    1.551867E+01    1.550247E+01    1.548911E+01    1.548004E+01    1.547984E+01    1.548683E+01    1.549336E+01    1.549502E+01    1.549586E+01    1.549704E+01    1.549698E+01    1.549637E+01    1.549596E+01    1.549709E+01    1.550035E+01    1.550645E+01    1.551888E+01    1.553427E+01    1.555099E+01    1.556905E+01    1.558923E+01    1.561102E+01    1.563496E+01    1.566046E+01    1.568740E+01    1.571586E+01    1.574570E+01    1.577583E+01    1.580554E+01    1.583655E+01    1.586968E+01    1.590526E+01    1.594333E+01    1.598409E+01    1.602703E+01    1.607160E+01    1.611703E+01    1.616059E+01    1.620451E+01    1.625396E+01    1.630733E+01    1.636626E+01    1.643319E+01    1.651152E+01    1.660026E+01    1.669602E+01    1.679593E+01    1.689343E+01    1.698760E+01    1.708219E+01    1.717837E+01    1.727919E+01    1.738922E+01    1.748833E+01    1.757818E+01    1.766920E+01    1.776416E+01    1.786630E+01    1.797415E+01    1.808578E+01    1.820083E+01    1.832589E+01    1.846720E+01    1.862007E+01    1.878897E+01    1.900774E+01    1.000000E+30    1.000000E+30    1.000000E+30    1.000000E+30    1.000000E+30    1.000000E+30    1.000000E+30    1.000000E+30    1.000000E+30    1.000000E+30    1.000000E+30    1.000000E+30    1.000000E+30    1.000000E+30    1.000000E+30    1.000000E+30    1.000000E+30    1.000000E+30    1.000000E+30    1.000000E+30    1.000000E+30    1.000000E+30    1.000000E+30    1.000000E+30    1.000000E+30    1.000000E+30    1.000000E+30    1.000000E+30    1.000000E+30    1.000000E+30    1.000000E+30    1.000000E+30    1.000000E+30    1.000000E+30    1.000000E+30    1.000000E+30    1.000000E+30    1.000000E+30    1.000000E+30    1.000000E+30    1.000000E+30    1.000000E+30    1.000000E+30    1.000000E+30    1.000000E+30    1.000000E+30    1.000000E+30    1.000000E+30    1.000000E+30    1.000000E+30
   1.000000E+30    1.777258E+01    1.766606E+01    1.756158E+01    1.745961E+01    1.736015E+01    1.726334E+01    1.716943E+01    1.707847E+01    1.699025E+01    1.690440E+01    1.682088E+01    1.673962E+01    1.666078E+01    1.658493E+01    1.651246E+01    1.644323E+01    1.637693E+01    1.631360E+01    1.625326E+01    1.619667E+01    1.614283E+01    1.609114E+01    1.604159E+01    1.599396E+01    1.594822E+01    1.590444E+01    1.586287E+01    1.582362E+01    1.578679E+01    1.575280E+01    1.572193E+01    1.569400E+01    1.566961E+01    1.564946E+01    1.563337E+01    1.562087E+01    1.561483E+01    1.561860E+01    1.562872E+01    1.563730E+01    1.564250E+01    1.564673E+01    1.565151E+01    1.565749E+01    1.566430E+01    1.567206E+01    1.568180E+01    1.569702E+01    1.571815E+01    1.574261E+01    1.576973E+01    1.579696E+01    1.582356E+01    1.585026E+01    1.587525E+01    1.590045E+01    1.592666E+01    1.595362E+01    1.598124E+01    1.600971E+01    1.603913E+01    1.606934E+01    1.610028E+01    1.613258E+01    1.616674E+01    1.620307E+01    1.624174E+01    1.628268E+01    1.632520E+01    1.636843E+01    1.641163E+01    1.645407E+01    1.649618E+01    1.653841E+01    1.657739E+01    1.662050E+01    1.667222E+01    1.673454E+01    1.680669E+01    1.689090E+01    1.698791E+01    1.708702E+01    1.718733E+01    1.728728E+01    1.738041E+01    1.747687E+01    1.757001E+01    1.765670E+01    1.774077E+01    1.782685E+01    1.791717E+01    1.801135E+01    1.810898E+01    1.821018E+01    1.831382E+01    1.842319E+01    1.854393E+01    1.867236E+01    1.880844E+01    1.898175E+01    1.000000E+30    1.000000E+30    1.000000E+30    1.000000E+30    1.000000E+30    1.000000E+30    1.000000E+30    1.000000E+30    1.000000E+30    1.000000E+30    1.000000E+30    1.000000E+30    1.000000E+30    1.000000E+30    1.000000E+30    1.000000E+30    1.000000E+30    1.000000E+30    1.000000E+30    1.000000E+30    1.000000E+30    1.000000E+30    1.000000E+30    1.000000E+30    1.000000E+30    1.000000E+30    1.000000E+30    1.000000E+30    1.000000E+30    1.000000E+30    1.000000E+30    1.000000E+30    1.000000E+30    1.000000E+30    1.000000E+30    1.000000E+30    1.000000E+30    1.000000E+30    1.000000E+30    1.000000E+30    1.000000E+30    1.000000E+30    1.000000E+30    1.000000E+30    1.000000E+30    1.000000E+30    1.000000E+30    1.000000E+30    1.000000E+30    1.000000E+30
   1.000000E+30    1.783963E+01    1.773359E+01    1.762983E+01    1.752863E+01    1.742993E+01    1.733378E+01    1.724076E+01    1.715080E+01    1.706373E+01    1.697924E+01    1.689717E+01    1.681738E+01    1.674001E+01    1.666561E+01    1.659447E+01    1.652659E+01    1.646187E+01    1.640003E+01    1.634111E+01    1.628549E+01    1.623286E+01    1.618272E+01    1.613484E+01    1.608902E+01    1.604541E+01    1.600356E+01    1.596366E+01    1.592620E+01    1.589108E+01    1.585882E+01    1.582992E+01    1.580398E+01    1.578219E+01    1.576512E+01    1.575353E+01    1.575081E+01    1.575700E+01    1.576902E+01    1.577965E+01    1.579039E+01    1.580172E+01    1.581436E+01    1.582798E+01    1.584358E+01    1.586400E+01    1.588870E+01    1.591850E+01    1.595312E+01    1.599079E+01    1.602877E+01    1.606347E+01    1.609568E+01    1.612571E+01    1.615432E+01    1.618192E+01    1.620969E+01    1.623834E+01    1.626679E+01    1.629475E+01    1.632297E+01    1.635199E+01    1.638211E+01    1.641349E+01    1.644642E+01    1.648116E+01    1.651799E+01    1.655728E+01    1.659901E+01    1.664205E+01    1.668470E+01    1.672653E+01    1.676756E+01    1.680760E+01    1.684625E+01    1.688322E+01    1.692185E+01    1.696448E+01    1.701085E+01    1.706287E+01    1.712846E+01    1.721448E+01    1.731020E+01    1.740773E+01    1.750139E+01    1.758678E+01    1.767047E+01    1.775229E+01    1.783101E+01    1.790945E+01    1.799073E+01    1.807500E+01    1.816035E+01    1.824836E+01    1.833860E+01    1.843085E+01    1.852494E+01    1.862435E+01    1.872594E+01    1.881985E+01    1.889508E+01    1.000000E+30    1.000000E+30    1.000000E+30    1.000000E+30    1.000000E+30    1.000000E+30    1.000000E+30    1.000000E+30    1.000000E+30    1.000000E+30    1.000000E+30    1.000000E+30    1.000000E+30    1.000000E+30    1.000000E+30    1.000000E+30    1.000000E+30    1.000000E+30    1.000000E+30    1.000000E+30    1.000000E+30    1.000000E+30    1.000000E+30    1.000000E+30    1.000000E+30    1.000000E+30    1.000000E+30    1.000000E+30    1.000000E+30    1.000000E+30    1.000000E+30    1.000000E+30    1.000000E+30    1.000000E+30    1.000000E+30    1.000000E+30    1.000000E+30    1.000000E+30    1.000000E+30    1.000000E+30    1.000000E+30    1.000000E+30    1.000000E+30    1.000000E+30    1.000000E+30    1.000000E+30    1.000000E+30    1.000000E+30    1.000000E+30    1.000000E+30
   1.000000E+30    1.791167E+01    1.780605E+01    1.770277E+01    1.760214E+01    1.750414E+01    1.740867E+01    1.731643E+01    1.722730E+01    1.714120E+01    1.705808E+01    1.697759E+01    1.689933E+01    1.682348E+01    1.675056E+01    1.668082E+01    1.661424E+01    1.655103E+01    1.649094E+01    1.643387E+01    1.637988E+01    1.632878E+01    1.628041E+01    1.623449E+01    1.619070E+01    1.614890E+01    1.610879E+01    1.607068E+01    1.603489E+01    1.600146E+01    1.597072E+01    1.594313E+01    1.591891E+01    1.589954E+01    1.588740E+01    1.588754E+01    1.589681E+01    1.591004E+01    1.592501E+01    1.594273E+01    1.596365E+01    1.598640E+01    1.601165E+01    1.604134E+01    1.607366E+01    1.611245E+01    1.615703E+01    1.620489E+01    1.625249E+01    1.629693E+01    1.633965E+01    1.638031E+01    1.641710E+01    1.644976E+01    1.647981E+01    1.650879E+01    1.653835E+01    1.657049E+01    1.660057E+01    1.662805E+01    1.665531E+01    1.668344E+01    1.671316E+01    1.674451E+01    1.677765E+01    1.681259E+01    1.684946E+01    1.688930E+01    1.693298E+01    1.697824E+01    1.702082E+01    1.706136E+01    1.710134E+01    1.713994E+01    1.717553E+01    1.720748E+01    1.723966E+01    1.727388E+01    1.731118E+01    1.735332E+01    1.740284E+01    1.746378E+01    1.754383E+01    1.763173E+01    1.771905E+01    1.779654E+01    1.786922E+01    1.794185E+01    1.801289E+01    1.808582E+01    1.816046E+01    1.823706E+01    1.831444E+01    1.839304E+01    1.847304E+01    1.855446E+01    1.863477E+01    1.871634E+01    1.879695E+01    1.886475E+01    1.891003E+01    1.000000E+30    1.000000E+30    1.000000E+30    1.000000E+30    1.000000E+30    1.000000E+30    1.000000E+30    1.000000E+30    1.000000E+30    1.000000E+30    1.000000E+30    1.000000E+30    1.000000E+30    1.000000E+30    1.000000E+30    1.000000E+30    1.000000E+30    1.000000E+30    1.000000E+30    1.000000E+30    1.000000E+30    1.000000E+30    1.000000E+30    1.000000E+30    1.000000E+30    1.000000E+30    1.000000E+30    1.000000E+30    1.000000E+30    1.000000E+30    1.000000E+30    1.000000E+30    1.000000E+30    1.000000E+30    1.000000E+30    1.000000E+30    1.000000E+30    1.000000E+30    1.000000E+30    1.000000E+30    1.000000E+30    1.000000E+30    1.000000E+30    1.000000E+30    1.000000E+30    1.000000E+30    1.000000E+30    1.000000E+30    1.000000E+30    1.000000E+30
   1.000000E+30    1.798858E+01    1.788342E+01    1.778069E+01    1.768050E+01    1.758287E+01    1.748797E+01    1.739652E+01    1.730824E+01    1.722300E+01    1.714120E+01    1.706236E+01    1.698568E+01    1.691144E+01    1.684014E+01    1.677199E+01    1.670694E+01    1.664521E+01    1.658691E+01    1.653191E+01    1.647952E+01    1.643027E+01    1.638414E+01    1.634080E+01    1.629913E+01    1.625897E+01    1.622075E+01    1.618440E+01    1.615021E+01    1.611838E+01    1.608884E+01    1.606202E+01    1.604017E+01    1.603162E+01    1.603406E+01    1.604783E+01    1.606530E+01    1.608705E+01    1.611383E+01    1.614475E+01    1.617974E+01    1.621750E+01    1.625856E+01    1.630422E+01    1.635380E+01    1.640806E+01    1.646619E+01    1.652271E+01    1.657571E+01    1.662532E+01    1.667299E+01    1.672131E+01    1.676286E+01    1.679654E+01    1.682644E+01    1.685511E+01    1.688441E+01    1.692410E+01    1.695629E+01    1.698075E+01    1.700580E+01    1.703223E+01    1.706126E+01    1.709235E+01    1.712550E+01    1.716031E+01    1.719609E+01    1.723556E+01    1.728344E+01    1.733515E+01    1.737711E+01    1.741505E+01    1.745492E+01    1.749395E+01    1.752737E+01    1.755137E+01    1.757564E+01    1.760088E+01    1.762785E+01    1.765810E+01    1.769277E+01    1.773218E+01    1.778814E+01    1.786223E+01    1.793868E+01    1.800911E+01    1.807461E+01    1.813806E+01    1.820192E+01    1.826791E+01    1.833502E+01    1.840435E+01    1.847417E+01    1.854428E+01    1.861522E+01    1.868663E+01    1.875540E+01    1.882331E+01    1.888880E+01    1.894275E+01    1.898650E+01    1.903001E+01    1.000000E+30    1.000000E+30    1.000000E+30    1.000000E+30    1.000000E+30    1.000000E+30    1.000000E+30    1.000000E+30    1.000000E+30    1.000000E+30    1.000000E+30    1.000000E+30    1.000000E+30    1.000000E+30    1.000000E+30    1.000000E+30    1.000000E+30    1.000000E+30    1.000000E+30    1.000000E+30    1.000000E+30    1.000000E+30    1.000000E+30    1.000000E+30    1.000000E+30    1.000000E+30    1.000000E+30    1.000000E+30    1.000000E+30    1.000000E+30    1.000000E+30    1.000000E+30    1.000000E+30    1.000000E+30    1.000000E+30    1.000000E+30    1.000000E+30    1.000000E+30    1.000000E+30    1.000000E+30    1.000000E+30    1.000000E+30    1.000000E+30    1.000000E+30    1.000000E+30    1.000000E+30    1.000000E+30    1.000000E+30    1.000000E+30
   1.000000E+30    1.807036E+01    1.796549E+01    1.786354E+01    1.776416E+01    1.766696E+01    1.757230E+01    1.748121E+01    1.739377E+01    1.730947E+01    1.722874E+01    1.715141E+01    1.707659E+01    1.700409E+01    1.693448E+01    1.686813E+01    1.680484E+01    1.674486E+01    1.668820E+01    1.663522E+01    1.658470E+01    1.653739E+01    1.649397E+01    1.645396E+01    1.641353E+01    1.637556E+01    1.633957E+01    1.630493E+01    1.627242E+01    1.624218E+01    1.621572E+01    1.619787E+01    1.619357E+01    1.620426E+01    1.622526E+01    1.624909E+01    1.627912E+01    1.631484E+01    1.635408E+01    1.639836E+01    1.644733E+01    1.649991E+01    1.655558E+01    1.661122E+01    1.667018E+01    1.673257E+01    1.680124E+01    1.686473E+01    1.692280E+01    1.697596E+01    1.702590E+01    1.708870E+01    1.713602E+01    1.716655E+01    1.719370E+01    1.722013E+01    1.723891E+01    1.000000E+30    1.000000E+30    1.000000E+30    1.000000E+30    1.000000E+30    1.000000E+30    1.000000E+30    1.000000E+30    1.000000E+30    1.000000E+30    1.000000E+30    1.000000E+30    1.000000E+30    1.000000E+30    1.000000E+30    1.000000E+30    1.000000E+30    1.000000E+30    1.791353E+01    1.793015E+01    1.794669E+01    1.796227E+01    1.798007E+01    1.800020E+01    1.802466E+01    1.805463E+01    1.810727E+01    1.816840E+01    1.822955E+01    1.828594E+01    1.834144E+01    1.839787E+01    1.845553E+01    1.851576E+01    1.857782E+01    1.864035E+01    1.870288E+01    1.876581E+01    1.882869E+01    1.888820E+01    1.894534E+01    1.899839E+01    1.904159E+01    1.907531E+01    1.909530E+01    1.000000E+30    1.000000E+30    1.000000E+30    1.000000E+30    1.000000E+30    1.000000E+30    1.000000E+30    1.000000E+30    1.000000E+30    1.000000E+30    1.000000E+30    1.000000E+30    1.000000E+30    1.000000E+30    1.000000E+30    1.000000E+30    1.000000E+30    1.000000E+30    1.000000E+30    1.000000E+30    1.000000E+30    1.000000E+30    1.000000E+30    1.000000E+30    1.000000E+30    1.000000E+30    1.000000E+30    1.000000E+30    1.000000E+30    1.000000E+30    1.000000E+30    1.000000E+30    1.000000E+30    1.000000E+30    1.000000E+30    1.000000E+30    1.000000E+30    1.000000E+30    1.000000E+30    1.000000E+30    1.000000E+30    1.000000E+30    1.000000E+30    1.000000E+30    1.000000E+30    1.000000E+30    1.000000E+30    1.000000E+30    1.000000E+30
   1.000000E+30    1.815565E+01    1.805195E+01    1.795101E+01    1.785276E+01    1.775669E+01    1.766268E+01    1.757150E+01    1.748423E+01    1.740097E+01    1.732124E+01    1.724509E+01    1.717205E+01    1.710159E+01    1.703396E+01    1.696945E+01    1.690799E+01    1.684981E+01    1.679490E+01    1.674378E+01    1.669511E+01    1.664925E+01    1.660686E+01    1.656874E+01    1.653225E+01    1.649790E+01    1.646495E+01    1.643263E+01    1.640179E+01    1.637648E+01    1.636571E+01    1.637087E+01    1.639243E+01    1.641838E+01    1.645096E+01    1.648851E+01    1.653178E+01    1.657893E+01    1.662915E+01    1.668572E+01    1.675284E+01    1.681903E+01    1.688427E+01    1.694593E+01    1.700671E+01    1.707177E+01    1.716167E+01    1.723225E+01    1.729471E+01    1.734961E+01    1.738512E+01    1.000000E+30    1.000000E+30    1.000000E+30    1.000000E+30    1.000000E+30    1.000000E+30    1.000000E+30    1.000000E+30    1.000000E+30    1.000000E+30    1.000000E+30    1.000000E+30    1.000000E+30    1.000000E+30    1.000000E+30    1.000000E+30    1.000000E+30    1.000000E+30    1.000000E+30    1.000000E+30    1.000000E+30    1.000000E+30    1.000000E+30    1.000000E+30    1.000000E+30    1.000000E+30    1.831273E+01    1.831551E+01    1.832127E+01    1.832546E+01    1.833331E+01    1.834407E+01    1.836749E+01    1.841150E+01    1.845835E+01    1.850421E+01    1.855214E+01    1.860047E+01    1.865039E+01    1.870332E+01    1.875809E+01    1.881325E+01    1.886916E+01    1.892577E+01    1.898154E+01    1.903378E+01    1.908246E+01    1.912587E+01    1.916145E+01    1.918843E+01    1.920156E+01    1.000000E+30    1.000000E+30    1.000000E+30    1.000000E+30    1.000000E+30    1.000000E+30    1.000000E+30    1.000000E+30    1.000000E+30    1.000000E+30    1.000000E+30    1.000000E+30    1.000000E+30    1.000000E+30    1.000000E+30    1.000000E+30    1.000000E+30    1.000000E+30    1.000000E+30    1.000000E+30    1.000000E+30    1.000000E+30    1.000000E+30    1.000000E+30    1.000000E+30    1.000000E+30    1.000000E+30    1.000000E+30    1.000000E+30    1.000000E+30    1.000000E+30    1.000000E+30    1.000000E+30    1.000000E+30    1.000000E+30    1.000000E+30    1.000000E+30    1.000000E+30    1.000000E+30    1.000000E+30    1.000000E+30    1.000000E+30    1.000000E+30    1.000000E+30    1.000000E+30    1.000000E+30    1.000000E+30    1.000000E+30    1.000000E+30
   1.000000E+30    1.824602E+01    1.814339E+01    1.804334E+01    1.794594E+01    1.785104E+01    1.775840E+01    1.766777E+01    1.758014E+01    1.749738E+01    1.741882E+01    1.734390E+01    1.727257E+01    1.720424E+01    1.713875E+01    1.707620E+01    1.701650E+01    1.696005E+01    1.690704E+01    1.685790E+01    1.681149E+01    1.676777E+01    1.672653E+01    1.668870E+01    1.665643E+01    1.662618E+01    1.659676E+01    1.656872E+01    1.654621E+01    1.654153E+01    1.655499E+01    1.658121E+01    1.661356E+01    1.665205E+01    1.669714E+01    1.674699E+01    1.680470E+01    1.686356E+01    1.692181E+01    1.698525E+01    1.708119E+01    1.716063E+01    1.723771E+01    1.730235E+01    1.735953E+01    1.740597E+01    1.000000E+30    1.000000E+30    1.000000E+30    1.000000E+30    1.000000E+30    1.000000E+30    1.000000E+30    1.000000E+30    1.000000E+30    1.000000E+30    1.000000E+30    1.000000E+30    1.000000E+30    1.000000E+30    1.000000E+30    1.000000E+30    1.000000E+30    1.000000E+30    1.000000E+30    1.000000E+30    1.000000E+30    1.000000E+30    1.000000E+30    1.000000E+30    1.000000E+30    1.000000E+30    1.000000E+30    1.000000E+30    1.000000E+30    1.000000E+30    1.000000E+30    1.000000E+30    1.868563E+01    1.868500E+01    1.866928E+01    1.866190E+01    1.865243E+01    1.864616E+01    1.866665E+01    1.869498E+01    1.873091E+01    1.877039E+01    1.881052E+01    1.885294E+01    1.889782E+01    1.894539E+01    1.899416E+01    1.904427E+01    1.909572E+01    1.914574E+01    1.919245E+01    1.923490E+01    1.927139E+01    1.930195E+01    1.932556E+01    1.933679E+01    1.000000E+30    1.000000E+30    1.000000E+30    1.000000E+30    1.000000E+30    1.000000E+30    1.000000E+30    1.000000E+30    1.000000E+30    1.000000E+30    1.000000E+30    1.000000E+30    1.000000E+30    1.000000E+30    1.000000E+30    1.000000E+30    1.000000E+30    1.000000E+30    1.000000E+30    1.000000E+30    1.000000E+30    1.000000E+30    1.000000E+30    1.000000E+30    1.000000E+30    1.000000E+30    1.000000E+30    1.000000E+30    1.000000E+30    1.000000E+30    1.000000E+30    1.000000E+30    1.000000E+30    1.000000E+30    1.000000E+30    1.000000E+30    1.000000E+30    1.000000E+30    1.000000E+30    1.000000E+30    1.000000E+30    1.000000E+30    1.000000E+30    1.000000E+30    1.000000E+30    1.000000E+30    1.000000E+30    1.000000E+30    1.000000E+30
   1.000000E+30    1.834141E+01    1.824043E+01    1.814126E+01    1.804454E+01    1.795042E+01    1.785901E+01    1.776965E+01    1.768229E+01    1.759903E+01    1.752110E+01    1.744753E+01    1.737776E+01    1.731152E+01    1.724818E+01    1.718777E+01    1.712981E+01    1.707534E+01    1.702441E+01    1.697722E+01    1.693347E+01    1.689293E+01    1.685553E+01    1.682093E+01    1.679036E+01    1.676265E+01    1.673812E+01    1.672146E+01    1.672448E+01    1.674675E+01    1.677614E+01    1.681245E+01    1.685486E+01    1.690486E+01    1.696363E+01    1.702212E+01    1.710002E+01    1.717188E+01    1.723191E+01    1.727407E+01    1.000000E+30    1.000000E+30    1.000000E+30    1.000000E+30    1.000000E+30    1.000000E+30    1.000000E+30    1.000000E+30    1.000000E+30    1.000000E+30    1.000000E+30    1.000000E+30    1.000000E+30    1.000000E+30    1.000000E+30    1.000000E+30    1.000000E+30    1.000000E+30    1.000000E+30    1.000000E+30    1.000000E+30    1.000000E+30    1.000000E+30    1.000000E+30    1.000000E+30    1.000000E+30    1.000000E+30    1.000000E+30    1.000000E+30    1.000000E+30    1.000000E+30    1.000000E+30    1.000000E+30    1.000000E+30    1.000000E+30    1.000000E+30    1.000000E+30    1.000000E+30    1.000000E+30    1.000000E+30    1.902581E+01    1.901493E+01    1.898160E+01    1.895184E+01    1.893479E+01    1.894023E+01    1.896570E+01    1.899535E+01    1.902757E+01    1.906197E+01    1.909957E+01    1.914049E+01    1.918444E+01    1.922962E+01    1.927616E+01    1.932163E+01    1.936421E+01    1.940214E+01    1.943393E+01    1.946153E+01    1.948311E+01    1.949410E+01    1.000000E+30    1.000000E+30    1.000000E+30    1.000000E+30    1.000000E+30    1.000000E+30    1.000000E+30    1.000000E+30    1.000000E+30    1.000000E+30    1.000000E+30    1.000000E+30    1.000000E+30    1.000000E+30    1.000000E+30    1.000000E+30    1.000000E+30    1.000000E+30    1.000000E+30    1.000000E+30    1.000000E+30    1.000000E+30    1.000000E+30    1.000000E+30    1.000000E+30    1.000000E+30    1.000000E+30    1.000000E+30    1.000000E+30    1.000000E+30    1.000000E+30    1.000000E+30    1.000000E+30    1.000000E+30    1.000000E+30    1.000000E+30    1.000000E+30    1.000000E+30    1.000000E+30    1.000000E+30    1.000000E+30    1.000000E+30    1.000000E+30    1.000000E+30    1.000000E+30    1.000000E+30    1.000000E+30    1.000000E+30    1.000000E+30
   1.000000E+30    1.844438E+01    1.834414E+01    1.824552E+01    1.814936E+01    1.805598E+01    1.796543E+01    1.787723E+01    1.779101E+01    1.770768E+01    1.762870E+01    1.755563E+01    1.748723E+01    1.742287E+01    1.736168E+01    1.730328E+01    1.724775E+01    1.719541E+01    1.714698E+01    1.710214E+01    1.706122E+01    1.702405E+01    1.699067E+01    1.695982E+01    1.693201E+01    1.690919E+01    1.689864E+01    1.690961E+01    1.694055E+01    1.697666E+01    1.701792E+01    1.706435E+01    1.711465E+01    1.717439E+01    1.725495E+01    1.730148E+01    1.000000E+30    1.000000E+30    1.000000E+30    1.000000E+30    1.000000E+30    1.000000E+30    1.000000E+30    1.000000E+30    1.000000E+30    1.000000E+30    1.000000E+30    1.000000E+30    1.000000E+30    1.000000E+30    1.000000E+30    1.000000E+30    1.000000E+30    1.000000E+30    1.000000E+30    1.000000E+30    1.000000E+30    1.000000E+30    1.000000E+30    1.000000E+30    1.000000E+30    1.000000E+30    1.000000E+30    1.000000E+30    1.000000E+30    1.000000E+30    1.000000E+30    1.000000E+30    1.000000E+30    1.000000E+30    1.000000E+30    1.000000E+30    1.000000E+30    1.000000E+30    1.000000E+30    1.000000E+30    1.000000E+30    1.000000E+30    1.000000E+30    1.000000E+30    1.000000E+30    1.000000E+30    1.932976E+01    1.929028E+01    1.921752E+01    1.919738E+01    1.920340E+01    1.922436E+01    1.924923E+01    1.927733E+01    1.930860E+01    1.934401E+01    1.938376E+01    1.942506E+01    1.946712E+01    1.950922E+01    1.954889E+01    1.958370E+01    1.961277E+01    1.963909E+01    1.966002E+01    1.967265E+01    1.000000E+30    1.000000E+30    1.000000E+30    1.000000E+30    1.000000E+30    1.000000E+30    1.000000E+30    1.000000E+30    1.000000E+30    1.000000E+30    1.000000E+30    1.000000E+30    1.000000E+30    1.000000E+30    1.000000E+30    1.000000E+30    1.000000E+30    1.000000E+30    1.000000E+30    1.000000E+30    1.000000E+30    1.000000E+30    1.000000E+30    1.000000E+30    1.000000E+30    1.000000E+30    1.000000E+30    1.000000E+30    1.000000E+30    1.000000E+30    1.000000E+30    1.000000E+30    1.000000E+30    1.000000E+30    1.000000E+30    1.000000E+30    1.000000E+30    1.000000E+30    1.000000E+30    1.000000E+30    1.000000E+30    1.000000E+30    1.000000E+30    1.000000E+30    1.000000E+30    1.000000E+30    1.000000E+30    1.000000E+30    1.000000E+30
   1.000000E+30    1.855513E+01    1.845495E+01    1.835664E+01    1.826095E+01    1.816824E+01    1.807856E+01    1.799131E+01    1.790645E+01    1.782429E+01    1.774423E+01    1.767003E+01    1.760235E+01    1.753970E+01    1.748064E+01    1.742423E+01    1.737098E+01    1.732105E+01    1.727557E+01    1.723360E+01    1.719584E+01    1.716217E+01    1.713235E+01    1.710522E+01    1.708340E+01    1.707871E+01    1.709655E+01    1.713523E+01    1.717966E+01    1.722921E+01    1.728167E+01    1.733890E+01    1.739099E+01    1.744782E+01    1.000000E+30    1.000000E+30    1.000000E+30    1.000000E+30    1.000000E+30    1.000000E+30    1.000000E+30    1.000000E+30    1.000000E+30    1.000000E+30    1.000000E+30    1.000000E+30    1.000000E+30    1.000000E+30    1.000000E+30    1.000000E+30    1.000000E+30    1.000000E+30    1.000000E+30    1.000000E+30    1.000000E+30    1.000000E+30    1.000000E+30    1.000000E+30    1.000000E+30    1.000000E+30    1.000000E+30    1.000000E+30    1.000000E+30    1.000000E+30    1.000000E+30    1.000000E+30    1.000000E+30    1.000000E+30    1.000000E+30    1.000000E+30    1.000000E+30    1.000000E+30    1.000000E+30    1.000000E+30    1.000000E+30    1.000000E+30    1.000000E+30    1.000000E+30    1.000000E+30    1.000000E+30    1.000000E+30    1.000000E+30    1.000000E+30    1.000000E+30    1.950868E+01    1.949251E+01    1.945548E+01    1.945624E+01    1.947341E+01    1.949632E+01    1.952357E+01    1.955565E+01    1.959060E+01    1.962864E+01    1.966878E+01    1.970868E+01    1.974630E+01    1.977897E+01    1.980676E+01    1.983345E+01    1.985733E+01    1.987862E+01    1.000000E+30    1.000000E+30    1.000000E+30    1.000000E+30    1.000000E+30    1.000000E+30    1.000000E+30    1.000000E+30    1.000000E+30    1.000000E+30    1.000000E+30    1.000000E+30    1.000000E+30    1.000000E+30    1.000000E+30    1.000000E+30    1.000000E+30    1.000000E+30    1.000000E+30    1.000000E+30    1.000000E+30    1.000000E+30    1.000000E+30    1.000000E+30    1.000000E+30    1.000000E+30    1.000000E+30    1.000000E+30    1.000000E+30    1.000000E+30    1.000000E+30    1.000000E+30    1.000000E+30    1.000000E+30    1.000000E+30    1.000000E+30    1.000000E+30    1.000000E+30    1.000000E+30    1.000000E+30    1.000000E+30    1.000000E+30    1.000000E+30    1.000000E+30    1.000000E+30    1.000000E+30    1.000000E+30    1.000000E+30    1.000000E+30
   1.000000E+30    1.867403E+01    1.857370E+01    1.847534E+01    1.838001E+01    1.828790E+01    1.819909E+01    1.811289E+01    1.802906E+01    1.794820E+01    1.786944E+01    1.779435E+01    1.772593E+01    1.766406E+01    1.760651E+01    1.755222E+01    1.750073E+01    1.745282E+01    1.740992E+01    1.737151E+01    1.733739E+01    1.730705E+01    1.728096E+01    1.726223E+01    1.726377E+01    1.728808E+01    1.733130E+01    1.738375E+01    1.744167E+01    1.750632E+01    1.756759E+01    1.764457E+01    1.768784E+01    1.000000E+30    1.000000E+30    1.000000E+30    1.000000E+30    1.000000E+30    1.000000E+30    1.000000E+30    1.000000E+30    1.000000E+30    1.000000E+30    1.000000E+30    1.000000E+30    1.000000E+30    1.000000E+30    1.000000E+30    1.000000E+30    1.000000E+30    1.000000E+30    1.000000E+30    1.000000E+30    1.000000E+30    1.000000E+30    1.000000E+30    1.000000E+30    1.000000E+30    1.000000E+30    1.000000E+30    1.000000E+30    1.000000E+30    1.000000E+30    1.000000E+30    1.000000E+30    1.000000E+30    1.000000E+30    1.000000E+30    1.000000E+30    1.000000E+30    1.000000E+30    1.000000E+30    1.000000E+30    1.000000E+30    1.000000E+30    1.000000E+30    1.000000E+30    1.000000E+30    1.000000E+30    1.000000E+30    1.000000E+30    1.000000E+30    1.000000E+30    1.000000E+30    1.000000E+30    1.990657E+01    1.974477E+01    1.969383E+01    1.969736E+01    1.971758E+01    1.974432E+01    1.977485E+01    1.980733E+01    1.984292E+01    1.988241E+01    1.992051E+01    1.995607E+01    1.998703E+01    2.001441E+01    2.004158E+01    2.007100E+01    2.011723E+01    2.022034E+01    1.000000E+30    1.000000E+30    1.000000E+30    1.000000E+30    1.000000E+30    1.000000E+30    1.000000E+30    1.000000E+30    1.000000E+30    1.000000E+30    1.000000E+30    1.000000E+30    1.000000E+30    1.000000E+30    1.000000E+30    1.000000E+30    1.000000E+30    1.000000E+30    1.000000E+30    1.000000E+30    1.000000E+30    1.000000E+30    1.000000E+30    1.000000E+30    1.000000E+30    1.000000E+30    1.000000E+30    1.000000E+30    1.000000E+30    1.000000E+30    1.000000E+30    1.000000E+30    1.000000E+30    1.000000E+30    1.000000E+30    1.000000E+30    1.000000E+30    1.000000E+30    1.000000E+30    1.000000E+30    1.000000E+30    1.000000E+30    1.000000E+30    1.000000E+30    1.000000E+30    1.000000E+30    1.000000E+30    1.000000E+30
   1.000000E+30    1.880326E+01    1.870186E+01    1.860283E+01    1.850712E+01    1.841521E+01    1.832692E+01    1.824171E+01    1.815944E+01    1.807969E+01    1.800274E+01    1.792849E+01    1.785883E+01    1.779646E+01    1.773988E+01    1.768689E+01    1.763678E+01    1.759025E+01    1.754905E+01    1.751342E+01    1.748361E+01    1.746012E+01    1.744746E+01    1.745536E+01    1.748693E+01    1.752995E+01    1.758605E+01    1.765524E+01    1.772482E+01    1.781364E+01    1.786370E+01    1.000000E+30    1.000000E+30    1.000000E+30    1.000000E+30    1.000000E+30    1.000000E+30    1.000000E+30    1.000000E+30    1.000000E+30    1.000000E+30    1.000000E+30    1.000000E+30    1.000000E+30    1.000000E+30    1.000000E+30    1.000000E+30    1.000000E+30    1.000000E+30    1.000000E+30    1.000000E+30    1.000000E+30    1.000000E+30    1.000000E+30    1.000000E+30    1.000000E+30    1.000000E+30    1.000000E+30    1.000000E+30    1.000000E+30    1.000000E+30    1.000000E+30    1.000000E+30    1.000000E+30    1.000000E+30    1.000000E+30    1.000000E+30    1.000000E+30    1.000000E+30    1.000000E+30    1.000000E+30    1.000000E+30    1.000000E+30    1.000000E+30    1.000000E+30    1.000000E+30    1.000000E+30    1.000000E+30    1.000000E+30    1.000000E+30    1.000000E+30    1.000000E+30    1.000000E+30    1.000000E+30    1.000000E+30    2.015333E+01    2.002185E+01    1.994425E+01    1.992500E+01    1.994166E+01    1.997031E+01    2.000166E+01    2.003590E+01    2.007108E+01    2.010867E+01    2.014518E+01    2.017765E+01    2.020650E+01    2.023292E+01    2.025635E+01    2.028092E+01    2.031164E+01    2.034734E+01    1.000000E+30    1.000000E+30    1.000000E+30    1.000000E+30    1.000000E+30    1.000000E+30    1.000000E+30    1.000000E+30    1.000000E+30    1.000000E+30    1.000000E+30    1.000000E+30    1.000000E+30    1.000000E+30    1.000000E+30    1.000000E+30    1.000000E+30    1.000000E+30    1.000000E+30    1.000000E+30    1.000000E+30    1.000000E+30    1.000000E+30    1.000000E+30    1.000000E+30    1.000000E+30    1.000000E+30    1.000000E+30    1.000000E+30    1.000000E+30    1.000000E+30    1.000000E+30    1.000000E+30    1.000000E+30    1.000000E+30    1.000000E+30    1.000000E+30    1.000000E+30    1.000000E+30    1.000000E+30    1.000000E+30    1.000000E+30    1.000000E+30    1.000000E+30    1.000000E+30    1.000000E+30    1.000000E+30    1.000000E+30
   1.000000E+30    1.894251E+01    1.883995E+01    1.873970E+01    1.864281E+01    1.855014E+01    1.846187E+01    1.837718E+01    1.829642E+01    1.821890E+01    1.814374E+01    1.807145E+01    1.800161E+01    1.793718E+01    1.788093E+01    1.782884E+01    1.777946E+01    1.773354E+01    1.769454E+01    1.766487E+01    1.764449E+01    1.764137E+01    1.765683E+01    1.769282E+01    1.773621E+01    1.778825E+01    1.785660E+01    1.795408E+01    1.801542E+01    1.000000E+30    1.000000E+30    1.000000E+30    1.000000E+30    1.000000E+30    1.000000E+30    1.000000E+30    1.000000E+30    1.000000E+30    1.000000E+30    1.000000E+30    1.000000E+30    1.000000E+30    1.000000E+30    1.000000E+30    1.000000E+30    1.000000E+30    1.000000E+30    1.000000E+30    1.000000E+30    1.000000E+30    1.000000E+30    1.000000E+30    1.000000E+30    1.000000E+30    1.000000E+30    1.000000E+30    1.000000E+30    1.000000E+30    1.000000E+30    1.000000E+30    1.000000E+30    1.000000E+30    1.000000E+30    1.000000E+30    1.000000E+30    1.000000E+30    1.000000E+30    1.000000E+30    1.000000E+30    1.000000E+30    1.000000E+30    1.000000E+30    1.000000E+30    1.000000E+30    1.000000E+30    1.000000E+30    1.000000E+30    1.000000E+30    1.000000E+30    1.000000E+30    1.000000E+30    1.000000E+30    1.000000E+30    1.000000E+30    1.000000E+30    1.000000E+30    2.030037E+01    2.022522E+01    2.018185E+01    2.017774E+01    2.020086E+01    2.023518E+01    2.027210E+01    2.031039E+01    2.034728E+01    2.038147E+01    2.041016E+01    2.043630E+01    2.046033E+01    2.047873E+01    2.049338E+01    2.050762E+01    2.051788E+01    1.000000E+30    1.000000E+30    1.000000E+30    1.000000E+30    1.000000E+30    1.000000E+30    1.000000E+30    1.000000E+30    1.000000E+30    1.000000E+30    1.000000E+30    1.000000E+30    1.000000E+30    1.000000E+30    1.000000E+30    1.000000E+30    1.000000E+30    1.000000E+30    1.000000E+30    1.000000E+30    1.000000E+30    1.000000E+30    1.000000E+30    1.000000E+30    1.000000E+30    1.000000E+30    1.000000E+30    1.000000E+30    1.000000E+30    1.000000E+30    1.000000E+30    1.000000E+30    1.000000E+30    1.000000E+30    1.000000E+30    1.000000E+30    1.000000E+30    1.000000E+30    1.000000E+30    1.000000E+30    1.000000E+30    1.000000E+30    1.000000E+30    1.000000E+30    1.000000E+30    1.000000E+30    1.000000E+30    1.000000E+30
   1.000000E+30    1.909299E+01    1.898818E+01    1.888582E+01    1.878741E+01    1.869390E+01    1.860517E+01    1.852074E+01    1.844038E+01    1.836456E+01    1.829190E+01    1.822214E+01    1.815439E+01    1.808873E+01    1.803127E+01    1.797935E+01    1.793103E+01    1.788931E+01    1.785826E+01    1.784412E+01    1.784808E+01    1.787092E+01    1.790849E+01    1.795336E+01    1.800665E+01    1.805948E+01    1.812565E+01    1.000000E+30    1.000000E+30    1.000000E+30    1.000000E+30    1.000000E+30    1.000000E+30    1.000000E+30    1.000000E+30    1.000000E+30    1.000000E+30    1.000000E+30    1.000000E+30    1.000000E+30    1.000000E+30    1.000000E+30    1.000000E+30    1.000000E+30    1.000000E+30    1.000000E+30    1.000000E+30    1.000000E+30    1.000000E+30    1.000000E+30    1.000000E+30    1.000000E+30    1.000000E+30    1.000000E+30    1.000000E+30    1.000000E+30    1.000000E+30    1.000000E+30    1.000000E+30    1.000000E+30    1.000000E+30    1.000000E+30    1.000000E+30    1.000000E+30    1.000000E+30    1.000000E+30    1.000000E+30    1.000000E+30    1.000000E+30    1.000000E+30    1.000000E+30    1.000000E+30    1.000000E+30    1.000000E+30    1.000000E+30    1.000000E+30    1.000000E+30    1.000000E+30    1.000000E+30    1.000000E+30    1.000000E+30    1.000000E+30    1.000000E+30    1.000000E+30    1.000000E+30    1.000000E+30    1.000000E+30    2.052986E+01    2.048701E+01    2.046073E+01    2.045150E+01    2.047489E+01    2.051453E+01    2.055603E+01    2.059448E+01    2.062688E+01    2.065325E+01    2.067609E+01    2.069482E+01    2.070671E+01    2.071110E+01    2.071111E+01    2.070717E+01    1.000000E+30    1.000000E+30    1.000000E+30    1.000000E+30    1.000000E+30    1.000000E+30    1.000000E+30    1.000000E+30    1.000000E+30    1.000000E+30    1.000000E+30    1.000000E+30    1.000000E+30    1.000000E+30    1.000000E+30    1.000000E+30    1.000000E+30    1.000000E+30    1.000000E+30    1.000000E+30    1.000000E+30    1.000000E+30    1.000000E+30    1.000000E+30    1.000000E+30    1.000000E+30    1.000000E+30    1.000000E+30    1.000000E+30    1.000000E+30    1.000000E+30    1.000000E+30    1.000000E+30    1.000000E+30    1.000000E+30    1.000000E+30    1.000000E+30    1.000000E+30    1.000000E+30    1.000000E+30    1.000000E+30    1.000000E+30    1.000000E+30    1.000000E+30    1.000000E+30    1.000000E+30    1.000000E+30    1.000000E+30
   1.000000E+30    1.925337E+01    1.914322E+01    1.903782E+01    1.893834E+01    1.884469E+01    1.875601E+01    1.867201E+01    1.859202E+01    1.851702E+01    1.844635E+01    1.837856E+01    1.831357E+01    1.825004E+01    1.819107E+01    1.813989E+01    1.809755E+01    1.806702E+01    1.805655E+01    1.806595E+01    1.809611E+01    1.813463E+01    1.818403E+01    1.823586E+01    1.830673E+01    1.834553E+01    1.000000E+30    1.000000E+30    1.000000E+30    1.000000E+30    1.000000E+30    1.000000E+30    1.000000E+30    1.000000E+30    1.000000E+30    1.000000E+30    1.000000E+30    1.000000E+30    1.000000E+30    1.000000E+30    1.000000E+30    1.000000E+30    1.000000E+30    1.000000E+30    1.000000E+30    1.000000E+30    1.000000E+30    1.000000E+30    1.000000E+30    1.000000E+30    1.000000E+30    1.000000E+30    1.000000E+30    1.000000E+30    1.000000E+30    1.000000E+30    1.000000E+30    1.000000E+30    1.000000E+30    1.000000E+30    1.000000E+30    1.000000E+30    1.000000E+30    1.000000E+30    1.000000E+30    1.000000E+30    1.000000E+30    1.000000E+30    1.000000E+30    1.000000E+30    1.000000E+30    1.000000E+30    1.000000E+30    1.000000E+30    1.000000E+30    1.000000E+30    1.000000E+30    1.000000E+30    1.000000E+30    1.000000E+30    1.000000E+30    1.000000E+30    1.000000E+30    1.000000E+30    1.000000E+30    1.000000E+30    1.000000E+30    1.000000E+30    2.082868E+01    2.081730E+01    2.075748E+01    2.073523E+01    2.076219E+01    2.080768E+01    2.084924E+01    2.088249E+01    2.090835E+01    2.092773E+01    2.094005E+01    2.094432E+01    2.094391E+01    2.093748E+01    2.092995E+01    1.000000E+30    1.000000E+30    1.000000E+30    1.000000E+30    1.000000E+30    1.000000E+30    1.000000E+30    1.000000E+30    1.000000E+30    1.000000E+30    1.000000E+30    1.000000E+30    1.000000E+30    1.000000E+30    1.000000E+30    1.000000E+30    1.000000E+30    1.000000E+30    1.000000E+30    1.000000E+30    1.000000E+30    1.000000E+30    1.000000E+30    1.000000E+30    1.000000E+30    1.000000E+30    1.000000E+30    1.000000E+30    1.000000E+30    1.000000E+30    1.000000E+30    1.000000E+30    1.000000E+30    1.000000E+30    1.000000E+30    1.000000E+30    1.000000E+30    1.000000E+30    1.000000E+30    1.000000E+30    1.000000E+30    1.000000E+30    1.000000E+30    1.000000E+30    1.000000E+30    1.000000E+30    1.000000E+30    1.000000E+30
   1.964896E+01    1.945151E+01    1.931591E+01    1.920244E+01    1.909951E+01    1.900345E+01    1.891305E+01    1.882801E+01    1.874788E+01    1.867293E+01    1.860310E+01    1.853781E+01    1.847607E+01    1.841603E+01    1.835977E+01    1.831495E+01    1.828640E+01    1.827795E+01    1.829028E+01    1.832095E+01    1.836857E+01    1.841934E+01    1.848767E+01    1.852860E+01    1.000000E+30    1.000000E+30    1.000000E+30    1.000000E+30    1.000000E+30    1.000000E+30    1.000000E+30    1.000000E+30    1.000000E+30    1.000000E+30    1.000000E+30    1.000000E+30    1.000000E+30    1.000000E+30    1.000000E+30    1.000000E+30    1.000000E+30    1.000000E+30    1.000000E+30    1.000000E+30    1.000000E+30    1.000000E+30    1.000000E+30    1.000000E+30    1.000000E+30    1.000000E+30    1.000000E+30    1.000000E+30    1.000000E+30    1.000000E+30    1.000000E+30    1.000000E+30    1.000000E+30    1.000000E+30    1.000000E+30    1.000000E+30    1.000000E+30    1.000000E+30    1.000000E+30    1.000000E+30    1.000000E+30    1.000000E+30    1.000000E+30    1.000000E+30    1.000000E+30    1.000000E+30    1.000000E+30    1.000000E+30    1.000000E+30    1.000000E+30    1.000000E+30    1.000000E+30    1.000000E+30    1.000000E+30    1.000000E+30    1.000000E+30    1.000000E+30    1.000000E+30    1.000000E+30    1.000000E+30    1.000000E+30    1.000000E+30    1.000000E+30    1.000000E+30    1.000000E+30    2.126872E+01    2.111565E+01    2.104247E+01    2.103021E+01    2.107207E+01    2.111911E+01    2.115360E+01    2.117830E+01    2.119446E+01    2.120199E+01    2.120159E+01    2.119842E+01    2.119049E+01    2.118290E+01    1.000000E+30    1.000000E+30    1.000000E+30    1.000000E+30    1.000000E+30    1.000000E+30    1.000000E+30    1.000000E+30    1.000000E+30    1.000000E+30    1.000000E+30    1.000000E+30    1.000000E+30    1.000000E+30    1.000000E+30    1.000000E+30    1.000000E+30    1.000000E+30    1.000000E+30    1.000000E+30    1.000000E+30    1.000000E+30    1.000000E+30    1.000000E+30    1.000000E+30    1.000000E+30    1.000000E+30    1.000000E+30    1.000000E+30    1.000000E+30    1.000000E+30    1.000000E+30    1.000000E+30    1.000000E+30    1.000000E+30    1.000000E+30    1.000000E+30    1.000000E+30    1.000000E+30    1.000000E+30    1.000000E+30    1.000000E+30    1.000000E+30    1.000000E+30    1.000000E+30    1.000000E+30    1.000000E+30    1.000000E+30
   1.974034E+01    1.961000E+01    1.948778E+01    1.937680E+01    1.927526E+01    1.918030E+01    1.909034E+01    1.900485E+01    1.892426E+01    1.884837E+01    1.877700E+01    1.871034E+01    1.864818E+01    1.858868E+01    1.854080E+01    1.851458E+01    1.850773E+01    1.852148E+01    1.854704E+01    1.859185E+01    1.866966E+01    1.871719E+01    1.000000E+30    1.000000E+30    1.000000E+30    1.000000E+30    1.000000E+30    1.000000E+30    1.000000E+30    1.000000E+30    1.000000E+30    1.000000E+30    1.000000E+30    1.000000E+30    1.000000E+30    1.000000E+30    1.000000E+30    1.000000E+30    1.000000E+30    1.000000E+30    1.000000E+30    1.000000E+30    1.000000E+30    1.000000E+30    1.000000E+30    1.000000E+30    1.000000E+30    1.000000E+30    1.000000E+30    1.000000E+30    1.000000E+30    1.000000E+30    1.000000E+30    1.000000E+30    1.000000E+30    1.000000E+30    1.000000E+30    1.000000E+30    1.000000E+30    1.000000E+30    1.000000E+30    1.000000E+30    1.000000E+30    1.000000E+30    1.000000E+30    1.000000E+30    1.000000E+30    1.000000E+30    1.000000E+30    1.000000E+30    1.000000E+30    1.000000E+30    1.000000E+30    1.000000E+30    1.000000E+30    1.000000E+30    1.000000E+30    1.000000E+30    1.000000E+30    1.000000E+30    1.000000E+30    1.000000E+30    1.000000E+30    1.000000E+30    1.000000E+30    1.000000E+30    1.000000E+30    1.000000E+30    1.000000E+30    2.152172E+01    2.143101E+01    2.137330E+01    2.134342E+01    2.135977E+01    2.141269E+01    2.144554E+01    2.146627E+01    2.147797E+01    2.148089E+01    2.147637E+01    2.147003E+01    2.146130E+01    2.145215E+01    1.000000E+30    1.000000E+30    1.000000E+30    1.000000E+30    1.000000E+30    1.000000E+30    1.000000E+30    1.000000E+30    1.000000E+30    1.000000E+30    1.000000E+30    1.000000E+30    1.000000E+30    1.000000E+30    1.000000E+30    1.000000E+30    1.000000E+30    1.000000E+30    1.000000E+30    1.000000E+30    1.000000E+30    1.000000E+30    1.000000E+30    1.000000E+30    1.000000E+30    1.000000E+30    1.000000E+30    1.000000E+30    1.000000E+30    1.000000E+30    1.000000E+30    1.000000E+30    1.000000E+30    1.000000E+30    1.000000E+30    1.000000E+30    1.000000E+30    1.000000E+30    1.000000E+30    1.000000E+30    1.000000E+30    1.000000E+30    1.000000E+30    1.000000E+30    1.000000E+30    1.000000E+30    1.000000E+30    1.000000E+30
   1.987682E+01    1.976309E+01    1.965175E+01    1.954602E+01    1.944803E+01    1.935688E+01    1.927069E+01    1.918796E+01    1.910916E+01    1.903497E+01    1.896564E+01    1.890078E+01    1.884138E+01    1.878952E+01    1.875690E+01    1.875047E+01    1.876258E+01    1.878759E+01    1.881810E+01    1.886148E+01    1.000000E+30    1.000000E+30    1.000000E+30    1.000000E+30    1.000000E+30    1.000000E+30    1.000000E+30    1.000000E+30    1.000000E+30    1.000000E+30    1.000000E+30    1.000000E+30    1.000000E+30    1.000000E+30    1.000000E+30    1.000000E+30    1.000000E+30    1.000000E+30    1.000000E+30    1.000000E+30    1.000000E+30    1.000000E+30    1.000000E+30    1.000000E+30    1.000000E+30    1.000000E+30    1.000000E+30    1.000000E+30    1.000000E+30    1.000000E+30    1.000000E+30    1.000000E+30    1.000000E+30    1.000000E+30    1.000000E+30    1.000000E+30    1.000000E+30    1.000000E+30    1.000000E+30    1.000000E+30    1.000000E+30    1.000000E+30    1.000000E+30    1.000000E+30    1.000000E+30    1.000000E+30    1.000000E+30    1.000000E+30    1.000000E+30    1.000000E+30    1.000000E+30    1.000000E+30    1.000000E+30    1.000000E+30    1.000000E+30    1.000000E+30    1.000000E+30    1.000000E+30    1.000000E+30    1.000000E+30    1.000000E+30    1.000000E+30    1.000000E+30    1.000000E+30    1.000000E+30    1.000000E+30    1.000000E+30    1.000000E+30    1.000000E+30    1.000000E+30    2.174371E+01    2.170875E+01    2.169143E+01    2.168893E+01    2.172989E+01    2.176019E+01    2.177409E+01    2.177864E+01    2.177597E+01    2.176680E+01    2.175587E+01    2.174518E+01    2.173529E+01    1.000000E+30    1.000000E+30    1.000000E+30    1.000000E+30    1.000000E+30    1.000000E+30    1.000000E+30    1.000000E+30    1.000000E+30    1.000000E+30    1.000000E+30    1.000000E+30    1.000000E+30    1.000000E+30    1.000000E+30    1.000000E+30    1.000000E+30    1.000000E+30    1.000000E+30    1.000000E+30    1.000000E+30    1.000000E+30    1.000000E+30    1.000000E+30    1.000000E+30    1.000000E+30    1.000000E+30    1.000000E+30    1.000000E+30    1.000000E+30    1.000000E+30    1.000000E+30    1.000000E+30    1.000000E+30    1.000000E+30    1.000000E+30    1.000000E+30    1.000000E+30    1.000000E+30    1.000000E+30    1.000000E+30    1.000000E+30    1.000000E+30    1.000000E+30    1.000000E+30    1.000000E+30    1.000000E+30    1.000000E+30
   2.004581E+01    1.993883E+01    1.983330E+01    1.972998E+01    1.963028E+01    1.953606E+01    1.944732E+01    1.936338E+01    1.928472E+01    1.921153E+01    1.914614E+01    1.909032E+01    1.904494E+01    1.901741E+01    1.901060E+01    1.902000E+01    1.903963E+01    1.908184E+01    1.910869E+01    1.000000E+30    1.000000E+30    1.000000E+30    1.000000E+30    1.000000E+30    1.000000E+30    1.000000E+30    1.000000E+30    1.000000E+30    1.000000E+30    1.000000E+30    1.000000E+30    1.000000E+30    1.000000E+30    1.000000E+30    1.000000E+30    1.000000E+30    1.000000E+30    1.000000E+30    1.000000E+30    1.000000E+30    1.000000E+30    1.000000E+30    1.000000E+30    1.000000E+30    1.000000E+30    1.000000E+30    1.000000E+30    1.000000E+30    1.000000E+30    1.000000E+30    1.000000E+30    1.000000E+30    1.000000E+30    1.000000E+30    1.000000E+30    1.000000E+30    1.000000E+30    1.000000E+30    1.000000E+30    1.000000E+30    1.000000E+30    1.000000E+30    1.000000E+30    1.000000E+30    1.000000E+30    1.000000E+30    1.000000E+30    1.000000E+30    1.000000E+30    1.000000E+30    1.000000E+30    1.000000E+30    1.000000E+30    1.000000E+30    1.000000E+30    1.000000E+30    1.000000E+30    1.000000E+30    1.000000E+30    1.000000E+30    1.000000E+30    1.000000E+30    1.000000E+30    1.000000E+30    1.000000E+30    1.000000E+30    1.000000E+30    1.000000E+30    1.000000E+30    1.000000E+30    1.000000E+30    2.205847E+01    2.205894E+01    2.206610E+01    2.208129E+01    2.210129E+01    2.210187E+01    2.209548E+01    2.208496E+01    2.207016E+01    2.205381E+01    2.204037E+01    2.203036E+01    1.000000E+30    1.000000E+30    1.000000E+30    1.000000E+30    1.000000E+30    1.000000E+30    1.000000E+30    1.000000E+30    1.000000E+30    1.000000E+30    1.000000E+30    1.000000E+30    1.000000E+30    1.000000E+30    1.000000E+30    1.000000E+30    1.000000E+30    1.000000E+30    1.000000E+30    1.000000E+30    1.000000E+30    1.000000E+30    1.000000E+30    1.000000E+30    1.000000E+30    1.000000E+30    1.000000E+30    1.000000E+30    1.000000E+30    1.000000E+30    1.000000E+30    1.000000E+30    1.000000E+30    1.000000E+30    1.000000E+30    1.000000E+30    1.000000E+30    1.000000E+30    1.000000E+30    1.000000E+30    1.000000E+30    1.000000E+30    1.000000E+30    1.000000E+30    1.000000E+30    1.000000E+30    1.000000E+30    1.000000E+30
   2.023106E+01    2.012856E+01    2.002497E+01    1.992302E+01    1.982256E+01    1.972626E+01    1.963576E+01    1.954998E+01    1.947154E+01    1.940217E+01    1.934266E+01    1.929850E+01    1.927179E+01    1.926782E+01    1.928184E+01    1.931303E+01    1.932723E+01    1.000000E+30    1.000000E+30    1.000000E+30    1.000000E+30    1.000000E+30    1.000000E+30    1.000000E+30    1.000000E+30    1.000000E+30    1.000000E+30    1.000000E+30    1.000000E+30    1.000000E+30    1.000000E+30    1.000000E+30    1.000000E+30    1.000000E+30    1.000000E+30    1.000000E+30    1.000000E+30    1.000000E+30    1.000000E+30    1.000000E+30    1.000000E+30    1.000000E+30    1.000000E+30    1.000000E+30    1.000000E+30    1.000000E+30    1.000000E+30    1.000000E+30    1.000000E+30    1.000000E+30    1.000000E+30    1.000000E+30    1.000000E+30    1.000000E+30    1.000000E+30    1.000000E+30    1.000000E+30    1.000000E+30    1.000000E+30    1.000000E+30    1.000000E+30    1.000000E+30    1.000000E+30    1.000000E+30    1.000000E+30    1.000000E+30    1.000000E+30    1.000000E+30    1.000000E+30    1.000000E+30    1.000000E+30    1.000000E+30    1.000000E+30    1.000000E+30    1.000000E+30    1.000000E+30    1.000000E+30    1.000000E+30    1.000000E+30    1.000000E+30    1.000000E+30    1.000000E+30    1.000000E+30    1.000000E+30    1.000000E+30    1.000000E+30    1.000000E+30    1.000000E+30    1.000000E+30    1.000000E+30    1.000000E+30    1.000000E+30    2.245357E+01    2.249375E+01    2.247436E+01    2.246848E+01    2.244722E+01    2.242629E+01    2.240563E+01    2.238320E+01    2.236134E+01    2.234531E+01    2.233563E+01    1.000000E+30    1.000000E+30    1.000000E+30    1.000000E+30    1.000000E+30    1.000000E+30    1.000000E+30    1.000000E+30    1.000000E+30    1.000000E+30    1.000000E+30    1.000000E+30    1.000000E+30    1.000000E+30    1.000000E+30    1.000000E+30    1.000000E+30    1.000000E+30    1.000000E+30    1.000000E+30    1.000000E+30    1.000000E+30    1.000000E+30    1.000000E+30    1.000000E+30    1.000000E+30    1.000000E+30    1.000000E+30    1.000000E+30    1.000000E+30    1.000000E+30    1.000000E+30    1.000000E+30    1.000000E+30    1.000000E+30    1.000000E+30    1.000000E+30    1.000000E+30    1.000000E+30    1.000000E+30    1.000000E+30    1.000000E+30    1.000000E+30    1.000000E+30    1.000000E+30    1.000000E+30    1.000000E+30    1.000000E+30
   2.042919E+01    2.032629E+01    2.022173E+01    2.011826E+01    2.001689E+01    1.991940E+01    1.982901E+01    1.974596E+01    1.967246E+01    1.961302E+01    1.956841E+01    1.954371E+01    1.953907E+01    1.954785E+01    1.956822E+01    1.000000E+30    1.000000E+30    1.000000E+30    1.000000E+30    1.000000E+30    1.000000E+30    1.000000E+30    1.000000E+30    1.000000E+30    1.000000E+30    1.000000E+30    1.000000E+30    1.000000E+30    1.000000E+30    1.000000E+30    1.000000E+30    1.000000E+30    1.000000E+30    1.000000E+30    1.000000E+30    1.000000E+30    1.000000E+30    1.000000E+30    1.000000E+30    1.000000E+30    1.000000E+30    1.000000E+30    1.000000E+30    1.000000E+30    1.000000E+30    1.000000E+30    1.000000E+30    1.000000E+30    1.000000E+30    1.000000E+30    1.000000E+30    1.000000E+30    1.000000E+30    1.000000E+30    1.000000E+30    1.000000E+30    1.000000E+30    1.000000E+30    1.000000E+30    1.000000E+30    1.000000E+30    1.000000E+30    1.000000E+30    1.000000E+30    1.000000E+30    1.000000E+30    1.000000E+30    1.000000E+30    1.000000E+30    1.000000E+30    1.000000E+30    1.000000E+30    1.000000E+30    1.000000E+30    1.000000E+30    1.000000E+30    1.000000E+30    1.000000E+30    1.000000E+30    1.000000E+30    1.000000E+30    1.000000E+30    1.000000E+30    1.000000E+30    1.000000E+30    1.000000E+30    1.000000E+30    1.000000E+30    1.000000E+30    1.000000E+30    1.000000E+30    1.000000E+30    1.000000E+30    2.302106E+01    2.289850E+01    2.285004E+01    2.280565E+01    2.276780E+01    2.273545E+01    2.270471E+01    2.267675E+01    2.265814E+01    2.264964E+01    1.000000E+30    1.000000E+30    1.000000E+30    1.000000E+30    1.000000E+30    1.000000E+30    1.000000E+30    1.000000E+30    1.000000E+30    1.000000E+30    1.000000E+30    1.000000E+30    1.000000E+30    1.000000E+30    1.000000E+30    1.000000E+30    1.000000E+30    1.000000E+30    1.000000E+30    1.000000E+30    1.000000E+30    1.000000E+30    1.000000E+30    1.000000E+30    1.000000E+30    1.000000E+30    1.000000E+30    1.000000E+30    1.000000E+30    1.000000E+30    1.000000E+30    1.000000E+30    1.000000E+30    1.000000E+30    1.000000E+30    1.000000E+30    1.000000E+30    1.000000E+30    1.000000E+30    1.000000E+30    1.000000E+30    1.000000E+30    1.000000E+30    1.000000E+30    1.000000E+30    1.000000E+30    1.000000E+30    1.000000E+30
   2.063739E+01    2.053242E+01    2.042671E+01    2.032058E+01    2.021805E+01    2.012205E+01    2.003574E+01    1.996163E+01    1.990182E+01    1.986053E+01    1.983672E+01    1.982936E+01    1.984009E+01    1.984767E+01    1.000000E+30    1.000000E+30    1.000000E+30    1.000000E+30    1.000000E+30    1.000000E+30    1.000000E+30    1.000000E+30    1.000000E+30    1.000000E+30    1.000000E+30    1.000000E+30    1.000000E+30    1.000000E+30    1.000000E+30    1.000000E+30    1.000000E+30    1.000000E+30    1.000000E+30    1.000000E+30    1.000000E+30    1.000000E+30    1.000000E+30    1.000000E+30    1.000000E+30    1.000000E+30    1.000000E+30    1.000000E+30    1.000000E+30    1.000000E+30    1.000000E+30    1.000000E+30    1.000000E+30    1.000000E+30    1.000000E+30    1.000000E+30    1.000000E+30    1.000000E+30    1.000000E+30    1.000000E+30    1.000000E+30    1.000000E+30    1.000000E+30    1.000000E+30    1.000000E+30    1.000000E+30    1.000000E+30    1.000000E+30    1.000000E+30    1.000000E+30    1.000000E+30    1.000000E+30    1.000000E+30    1.000000E+30    1.000000E+30    1.000000E+30    1.000000E+30    1.000000E+30    1.000000E+30    1.000000E+30    1.000000E+30    1.000000E+30    1.000000E+30    1.000000E+30    1.000000E+30    1.000000E+30    1.000000E+30    1.000000E+30    1.000000E+30    1.000000E+30    1.000000E+30    1.000000E+30    1.000000E+30    1.000000E+30    1.000000E+30    1.000000E+30    1.000000E+30    1.000000E+30    1.000000E+30    2.333651E+01    2.331021E+01    2.323371E+01    2.317096E+01    2.311577E+01    2.307148E+01    2.303310E+01    2.299804E+01    2.297559E+01    2.296629E+01    1.000000E+30    1.000000E+30    1.000000E+30    1.000000E+30    1.000000E+30    1.000000E+30    1.000000E+30    1.000000E+30    1.000000E+30    1.000000E+30    1.000000E+30    1.000000E+30    1.000000E+30    1.000000E+30    1.000000E+30    1.000000E+30    1.000000E+30    1.000000E+30    1.000000E+30    1.000000E+30    1.000000E+30    1.000000E+30    1.000000E+30    1.000000E+30    1.000000E+30    1.000000E+30    1.000000E+30    1.000000E+30    1.000000E+30    1.000000E+30    1.000000E+30    1.000000E+30    1.000000E+30    1.000000E+30    1.000000E+30    1.000000E+30    1.000000E+30    1.000000E+30    1.000000E+30    1.000000E+30    1.000000E+30    1.000000E+30    1.000000E+30    1.000000E+30    1.000000E+30    1.000000E+30    1.000000E+30    1.000000E+30
   2.085527E+01    2.074881E+01    2.064101E+01    2.053472E+01    2.043328E+01    2.034229E+01    2.026622E+01    2.021008E+01    2.017185E+01    2.014933E+01    2.014129E+01    2.014027E+01    1.000000E+30    1.000000E+30    1.000000E+30    1.000000E+30    1.000000E+30    1.000000E+30    1.000000E+30    1.000000E+30    1.000000E+30    1.000000E+30    1.000000E+30    1.000000E+30    1.000000E+30    1.000000E+30    1.000000E+30    1.000000E+30    1.000000E+30    1.000000E+30    1.000000E+30    1.000000E+30    1.000000E+30    1.000000E+30    1.000000E+30    1.000000E+30    1.000000E+30    1.000000E+30    1.000000E+30    1.000000E+30    1.000000E+30    1.000000E+30    1.000000E+30    1.000000E+30    1.000000E+30    1.000000E+30    1.000000E+30    1.000000E+30    1.000000E+30    1.000000E+30    1.000000E+30    1.000000E+30    1.000000E+30    1.000000E+30    1.000000E+30    1.000000E+30    1.000000E+30    1.000000E+30    1.000000E+30    1.000000E+30    1.000000E+30    1.000000E+30    1.000000E+30    1.000000E+30    1.000000E+30    1.000000E+30    1.000000E+30    1.000000E+30    1.000000E+30    1.000000E+30    1.000000E+30    1.000000E+30    1.000000E+30    1.000000E+30    1.000000E+30    1.000000E+30    1.000000E+30    1.000000E+30    1.000000E+30    1.000000E+30    1.000000E+30    1.000000E+30    1.000000E+30    1.000000E+30    1.000000E+30    1.000000E+30    1.000000E+30    1.000000E+30    1.000000E+30    1.000000E+30    1.000000E+30    1.000000E+30    1.000000E+30    1.000000E+30    2.379814E+01    2.363340E+01    2.354018E+01    2.346620E+01    2.341001E+01    2.336484E+01    2.332329E+01    2.329519E+01    2.328222E+01    1.000000E+30    1.000000E+30    1.000000E+30    1.000000E+30    1.000000E+30    1.000000E+30    1.000000E+30    1.000000E+30    1.000000E+30    1.000000E+30    1.000000E+30    1.000000E+30    1.000000E+30    1.000000E+30    1.000000E+30    1.000000E+30    1.000000E+30    1.000000E+30    1.000000E+30    1.000000E+30    1.000000E+30    1.000000E+30    1.000000E+30    1.000000E+30    1.000000E+30    1.000000E+30    1.000000E+30    1.000000E+30    1.000000E+30    1.000000E+30    1.000000E+30    1.000000E+30    1.000000E+30    1.000000E+30    1.000000E+30    1.000000E+30    1.000000E+30    1.000000E+30    1.000000E+30    1.000000E+30    1.000000E+30    1.000000E+30    1.000000E+30    1.000000E+30    1.000000E+30    1.000000E+30    1.000000E+30    1.000000E+30
   2.108770E+01    2.098008E+01    2.087012E+01    2.076467E+01    2.066997E+01    2.058997E+01    2.053087E+01    2.049440E+01    2.047807E+01    2.046684E+01    1.000000E+30    1.000000E+30    1.000000E+30    1.000000E+30    1.000000E+30    1.000000E+30    1.000000E+30    1.000000E+30    1.000000E+30    1.000000E+30    1.000000E+30    1.000000E+30    1.000000E+30    1.000000E+30    1.000000E+30    1.000000E+30    1.000000E+30    1.000000E+30    1.000000E+30    1.000000E+30    1.000000E+30    1.000000E+30    1.000000E+30    1.000000E+30    1.000000E+30    1.000000E+30    1.000000E+30    1.000000E+30    1.000000E+30    1.000000E+30    1.000000E+30    1.000000E+30    1.000000E+30    1.000000E+30    1.000000E+30    1.000000E+30    1.000000E+30    1.000000E+30    1.000000E+30    1.000000E+30    1.000000E+30    1.000000E+30    1.000000E+30    1.000000E+30    1.000000E+30    1.000000E+30    1.000000E+30    1.000000E+30    1.000000E+30    1.000000E+30    1.000000E+30    1.000000E+30    1.000000E+30    1.000000E+30    1.000000E+30    1.000000E+30    1.000000E+30    1.000000E+30    1.000000E+30    1.000000E+30    1.000000E+30    1.000000E+30    1.000000E+30    1.000000E+30    1.000000E+30    1.000000E+30    1.000000E+30    1.000000E+30    1.000000E+30    1.000000E+30    1.000000E+30    1.000000E+30    1.000000E+30    1.000000E+30    1.000000E+30    1.000000E+30    1.000000E+30    1.000000E+30    1.000000E+30    1.000000E+30    1.000000E+30    1.000000E+30    1.000000E+30    1.000000E+30    2.421042E+01    2.401504E+01    2.390119E+01    2.381371E+01    2.374745E+01    2.369511E+01    2.365009E+01    2.361569E+01    2.359628E+01    1.000000E+30    1.000000E+30    1.000000E+30    1.000000E+30    1.000000E+30    1.000000E+30    1.000000E+30    1.000000E+30    1.000000E+30    1.000000E+30    1.000000E+30    1.000000E+30    1.000000E+30    1.000000E+30    1.000000E+30    1.000000E+30    1.000000E+30    1.000000E+30    1.000000E+30    1.000000E+30    1.000000E+30    1.000000E+30    1.000000E+30    1.000000E+30    1.000000E+30    1.000000E+30    1.000000E+30    1.000000E+30    1.000000E+30    1.000000E+30    1.000000E+30    1.000000E+30    1.000000E+30    1.000000E+30    1.000000E+30    1.000000E+30    1.000000E+30    1.000000E+30    1.000000E+30    1.000000E+30    1.000000E+30    1.000000E+30    1.000000E+30    1.000000E+30    1.000000E+30    1.000000E+30    1.000000E+30    1.000000E+30
   2.135116E+01    2.123678E+01    2.112594E+01    2.102246E+01    2.093755E+01    2.087049E+01    2.082828E+01    2.080329E+01    1.000000E+30    1.000000E+30    1.000000E+30    1.000000E+30    1.000000E+30    1.000000E+30    1.000000E+30    1.000000E+30    1.000000E+30    1.000000E+30    1.000000E+30    1.000000E+30    1.000000E+30    1.000000E+30    1.000000E+30    1.000000E+30    1.000000E+30    1.000000E+30    1.000000E+30    1.000000E+30    1.000000E+30    1.000000E+30    1.000000E+30    1.000000E+30    1.000000E+30    1.000000E+30    1.000000E+30    1.000000E+30    1.000000E+30    1.000000E+30    1.000000E+30    1.000000E+30    1.000000E+30    1.000000E+30    1.000000E+30    1.000000E+30    1.000000E+30    1.000000E+30    1.000000E+30    1.000000E+30    1.000000E+30    1.000000E+30    1.000000E+30    1.000000E+30    1.000000E+30    1.000000E+30    1.000000E+30    1.000000E+30    1.000000E+30    1.000000E+30    1.000000E+30    1.000000E+30    1.000000E+30    1.000000E+30    1.000000E+30    1.000000E+30    1.000000E+30    1.000000E+30    1.000000E+30    1.000000E+30    1.000000E+30    1.000000E+30    1.000000E+30    1.000000E+30    1.000000E+30    1.000000E+30    1.000000E+30    1.000000E+30    1.000000E+30    1.000000E+30    1.000000E+30    1.000000E+30    1.000000E+30    1.000000E+30    1.000000E+30    1.000000E+30    1.000000E+30    1.000000E+30    1.000000E+30    1.000000E+30    1.000000E+30    1.000000E+30    1.000000E+30    1.000000E+30    1.000000E+30    1.000000E+30    2.457572E+01    2.437362E+01    2.424898E+01    2.415611E+01    2.408285E+01    2.402393E+01    2.397487E+01    2.393562E+01    2.391043E+01    1.000000E+30    1.000000E+30    1.000000E+30    1.000000E+30    1.000000E+30    1.000000E+30    1.000000E+30    1.000000E+30    1.000000E+30    1.000000E+30    1.000000E+30    1.000000E+30    1.000000E+30    1.000000E+30    1.000000E+30    1.000000E+30    1.000000E+30    1.000000E+30    1.000000E+30    1.000000E+30    1.000000E+30    1.000000E+30    1.000000E+30    1.000000E+30    1.000000E+30    1.000000E+30    1.000000E+30    1.000000E+30    1.000000E+30    1.000000E+30    1.000000E+30    1.000000E+30    1.000000E+30    1.000000E+30    1.000000E+30    1.000000E+30    1.000000E+30    1.000000E+30    1.000000E+30    1.000000E+30    1.000000E+30    1.000000E+30    1.000000E+30    1.000000E+30    1.000000E+30    1.000000E+30    1.000000E+30    1.000000E+30
   2.166590E+01    2.153230E+01    2.141730E+01    2.131709E+01    2.124049E+01    2.117331E+01    2.114117E+01    1.000000E+30    1.000000E+30    1.000000E+30    1.000000E+30    1.000000E+30    1.000000E+30    1.000000E+30    1.000000E+30    1.000000E+30    1.000000E+30    1.000000E+30    1.000000E+30    1.000000E+30    1.000000E+30    1.000000E+30    1.000000E+30    1.000000E+30    1.000000E+30    1.000000E+30    1.000000E+30    1.000000E+30    1.000000E+30    1.000000E+30    1.000000E+30    1.000000E+30    1.000000E+30    1.000000E+30    1.000000E+30    1.000000E+30    1.000000E+30    1.000000E+30    1.000000E+30    1.000000E+30    1.000000E+30    1.000000E+30    1.000000E+30    1.000000E+30    1.000000E+30    1.000000E+30    1.000000E+30    1.000000E+30    1.000000E+30    1.000000E+30    1.000000E+30    1.000000E+30    1.000000E+30    1.000000E+30    1.000000E+30    1.000000E+30    1.000000E+30    1.000000E+30    1.000000E+30    1.000000E+30    1.000000E+30    1.000000E+30    1.000000E+30    1.000000E+30    1.000000E+30    1.000000E+30    1.000000E+30    1.000000E+30    1.000000E+30    1.000000E+30    1.000000E+30    1.000000E+30    1.000000E+30    1.000000E+30    1.000000E+30    1.000000E+30    1.000000E+30    1.000000E+30    1.000000E+30    1.000000E+30    1.000000E+30    1.000000E+30    1.000000E+30    1.000000E+30    1.000000E+30    1.000000E+30    1.000000E+30    1.000000E+30    1.000000E+30    1.000000E+30    1.000000E+30    1.000000E+30    1.000000E+30    1.000000E+30    2.490648E+01    2.471283E+01    2.458680E+01    2.449455E+01    2.441701E+01    2.435223E+01    2.429698E+01    2.425376E+01    2.422480E+01    1.000000E+30    1.000000E+30    1.000000E+30    1.000000E+30    1.000000E+30    1.000000E+30    1.000000E+30    1.000000E+30    1.000000E+30    1.000000E+30    1.000000E+30    1.000000E+30    1.000000E+30    1.000000E+30    1.000000E+30    1.000000E+30    1.000000E+30    1.000000E+30    1.000000E+30    1.000000E+30    1.000000E+30    1.000000E+30    1.000000E+30    1.000000E+30    1.000000E+30    1.000000E+30    1.000000E+30    1.000000E+30    1.000000E+30    1.000000E+30    1.000000E+30    1.000000E+30    1.000000E+30    1.000000E+30    1.000000E+30    1.000000E+30    1.000000E+30    1.000000E+30    1.000000E+30    1.000000E+30    1.000000E+30    1.000000E+30    1.000000E+30    1.000000E+30    1.000000E+30    1.000000E+30    1.000000E+30    1.000000E+30
   2.205281E+01    2.187534E+01    2.175008E+01    2.163557E+01    2.157393E+01    1.000000E+30    1.000000E+30    1.000000E+30    1.000000E+30    1.000000E+30    1.000000E+30    1.000000E+30    1.000000E+30    1.000000E+30    1.000000E+30    1.000000E+30    1.000000E+30    1.000000E+30    1.000000E+30    1.000000E+30    1.000000E+30    1.000000E+30    1.000000E+30    1.000000E+30    1.000000E+30    1.000000E+30    1.000000E+30    1.000000E+30    1.000000E+30    1.000000E+30    1.000000E+30    1.000000E+30    1.000000E+30    1.000000E+30    1.000000E+30    1.000000E+30    1.000000E+30    1.000000E+30    1.000000E+30    1.000000E+30    1.000000E+30    1.000000E+30    1.000000E+30    1.000000E+30    1.000000E+30    1.000000E+30    1.000000E+30    1.000000E+30    1.000000E+30    1.000000E+30    1.000000E+30    1.000000E+30    1.000000E+30    1.000000E+30    1.000000E+30    1.000000E+30    1.000000E+30    1.000000E+30    1.000000E+30    1.000000E+30    1.000000E+30    1.000000E+30    1.000000E+30    1.000000E+30    1.000000E+30    1.000000E+30    1.000000E+30    1.000000E+30    1.000000E+30    1.000000E+30    1.000000E+30    1.000000E+30    1.000000E+30    1.000000E+30    1.000000E+30    1.000000E+30    1.000000E+30    1.000000E+30    1.000000E+30    1.000000E+30    1.000000E+30    1.000000E+30    1.000000E+30    1.000000E+30    1.000000E+30    1.000000E+30    1.000000E+30    1.000000E+30    1.000000E+30    1.000000E+30    1.000000E+30    1.000000E+30    1.000000E+30    1.000000E+30    2.518575E+01    2.503753E+01    2.492533E+01    2.483440E+01    2.475244E+01    2.468109E+01    2.461921E+01    2.456986E+01    2.453782E+01    1.000000E+30    1.000000E+30    1.000000E+30    1.000000E+30    1.000000E+30    1.000000E+30    1.000000E+30    1.000000E+30    1.000000E+30    1.000000E+30    1.000000E+30    1.000000E+30    1.000000E+30    1.000000E+30    1.000000E+30    1.000000E+30    1.000000E+30    1.000000E+30    1.000000E+30    1.000000E+30    1.000000E+30    1.000000E+30    1.000000E+30    1.000000E+30    1.000000E+30    1.000000E+30    1.000000E+30    1.000000E+30    1.000000E+30    1.000000E+30    1.000000E+30    1.000000E+30    1.000000E+30    1.000000E+30    1.000000E+30    1.000000E+30    1.000000E+30    1.000000E+30    1.000000E+30    1.000000E+30    1.000000E+30    1.000000E+30    1.000000E+30    1.000000E+30    1.000000E+30    1.000000E+30    1.000000E+30    1.000000E+30
   2.240315E+01    2.222195E+01    2.212096E+01    1.000000E+30    1.000000E+30    1.000000E+30    1.000000E+30    1.000000E+30    1.000000E+30    1.000000E+30    1.000000E+30    1.000000E+30    1.000000E+30    1.000000E+30    1.000000E+30    1.000000E+30    1.000000E+30    1.000000E+30    1.000000E+30    1.000000E+30    1.000000E+30    1.000000E+30    1.000000E+30    1.000000E+30    1.000000E+30    1.000000E+30    1.000000E+30    1.000000E+30    1.000000E+30    1.000000E+30    1.000000E+30    1.000000E+30    1.000000E+30    1.000000E+30    1.000000E+30    1.000000E+30    1.000000E+30    1.000000E+30    1.000000E+30    1.000000E+30    1.000000E+30    1.000000E+30    1.000000E+30    1.000000E+30    1.000000E+30    1.000000E+30    1.000000E+30    1.000000E+30    1.000000E+30    1.000000E+30    1.000000E+30    1.000000E+30    1.000000E+30    1.000000E+30    1.000000E+30    1.000000E+30    1.000000E+30    1.000000E+30    1.000000E+30    1.000000E+30    1.000000E+30    1.000000E+30    1.000000E+30    1.000000E+30    1.000000E+30    1.000000E+30    1.000000E+30    1.000000E+30    1.000000E+30    1.000000E+30    1.000000E+30    1.000000E+30    1.000000E+30    1.000000E+30    1.000000E+30    1.000000E+30    1.000000E+30    1.000000E+30    1.000000E+30    1.000000E+30    1.000000E+30    1.000000E+30    1.000000E+30    1.000000E+30    1.000000E+30    1.000000E+30    1.000000E+30    1.000000E+30    1.000000E+30    1.000000E+30    1.000000E+30    1.000000E+30    1.000000E+30    1.000000E+30    2.538532E+01    2.537174E+01    2.527890E+01    2.518312E+01    2.509245E+01    2.501172E+01    2.494081E+01    2.488334E+01    2.484752E+01    1.000000E+30    1.000000E+30    1.000000E+30    1.000000E+30    1.000000E+30    1.000000E+30    1.000000E+30    1.000000E+30    1.000000E+30    1.000000E+30    1.000000E+30    1.000000E+30    1.000000E+30    1.000000E+30    1.000000E+30    1.000000E+30    1.000000E+30    1.000000E+30    1.000000E+30    1.000000E+30    1.000000E+30    1.000000E+30    1.000000E+30    1.000000E+30    1.000000E+30    1.000000E+30    1.000000E+30    1.000000E+30    1.000000E+30    1.000000E+30    1.000000E+30    1.000000E+30    1.000000E+30    1.000000E+30    1.000000E+30    1.000000E+30    1.000000E+30    1.000000E+30    1.000000E+30    1.000000E+30    1.000000E+30    1.000000E+30    1.000000E+30    1.000000E+30    1.000000E+30    1.000000E+30    1.000000E+30    1.000000E+30
   2.268175E+01    1.000000E+30    1.000000E+30    1.000000E+30    1.000000E+30    1.000000E+30    1.000000E+30    1.000000E+30    1.000000E+30    1.000000E+30    1.000000E+30    1.000000E+30    1.000000E+30    1.000000E+30    1.000000E+30    1.000000E+30    1.000000E+30    1.000000E+30    1.000000E+30    1.000000E+30    1.000000E+30    1.000000E+30    1.000000E+30    1.000000E+30    1.000000E+30    1.000000E+30    1.000000E+30    1.000000E+30    1.000000E+30    1.000000E+30    1.000000E+30    1.000000E+30    1.000000E+30    1.000000E+30    1.000000E+30    1.000000E+30    1.000000E+30    1.000000E+30    1.000000E+30    1.000000E+30    1.000000E+30    1.000000E+30    1.000000E+30    1.000000E+30    1.000000E+30    1.000000E+30    1.000000E+30    1.000000E+30    1.000000E+30    1.000000E+30    1.000000E+30    1.000000E+30    1.000000E+30    1.000000E+30    1.000000E+30    1.000000E+30    1.000000E+30    1.000000E+30    1.000000E+30    1.000000E+30    1.000000E+30    1.000000E+30    1.000000E+30    1.000000E+30    1.000000E+30    1.000000E+30    1.000000E+30    1.000000E+30    1.000000E+30    1.000000E+30    1.000000E+30    1.000000E+30    1.000000E+30    1.000000E+30    1.000000E+30    1.000000E+30    1.000000E+30    1.000000E+30    1.000000E+30    1.000000E+30    1.000000E+30    1.000000E+30    1.000000E+30    1.000000E+30    1.000000E+30    1.000000E+30    1.000000E+30    1.000000E+30    1.000000E+30    1.000000E+30    1.000000E+30    1.000000E+30    1.000000E+30    1.000000E+30    1.000000E+30    2.583652E+01    2.566596E+01    2.554456E+01    2.543868E+01    2.534523E+01    2.526162E+01    2.519351E+01    2.515502E+01    1.000000E+30    1.000000E+30    1.000000E+30    1.000000E+30    1.000000E+30    1.000000E+30    1.000000E+30    1.000000E+30    1.000000E+30    1.000000E+30    1.000000E+30    1.000000E+30    1.000000E+30    1.000000E+30    1.000000E+30    1.000000E+30    1.000000E+30    1.000000E+30    1.000000E+30    1.000000E+30    1.000000E+30    1.000000E+30    1.000000E+30    1.000000E+30    1.000000E+30    1.000000E+30    1.000000E+30    1.000000E+30    1.000000E+30    1.000000E+30    1.000000E+30    1.000000E+30    1.000000E+30    1.000000E+30    1.000000E+30    1.000000E+30    1.000000E+30    1.000000E+30    1.000000E+30    1.000000E+30    1.000000E+30    1.000000E+30    1.000000E+30    1.000000E+30    1.000000E+30    1.000000E+30    1.000000E+30    1.000000E+30
   1.000000E+30    1.000000E+30    1.000000E+30    1.000000E+30    1.000000E+30    1.000000E+30    1.000000E+30    1.000000E+30    1.000000E+30    1.000000E+30    1.000000E+30    1.000000E+30    1.000000E+30    1.000000E+30    1.000000E+30    1.000000E+30    1.000000E+30    1.000000E+30    1.000000E+30    1.000000E+30    1.000000E+30    1.000000E+30    1.000000E+30    1.000000E+30    1.000000E+30    1.000000E+30    1.000000E+30    1.000000E+30    1.000000E+30    1.000000E+30    1.000000E+30    1.000000E+30    1.000000E+30    1.000000E+30    1.000000E+30    1.000000E+30    1.000000E+30    1.000000E+30    1.000000E+30    1.000000E+30    1.000000E+30    1.000000E+30    1.000000E+30    1.000000E+30    1.000000E+30    1.000000E+30    1.000000E+30    1.000000E+30    1.000000E+30    1.000000E+30    1.000000E+30    1.000000E+30    1.000000E+30    1.000000E+30    1.000000E+30    1.000000E+30    1.000000E+30    1.000000E+30    1.000000E+30    1.000000E+30    1.000000E+30    1.000000E+30    1.000000E+30    1.000000E+30    1.000000E+30    1.000000E+30    1.000000E+30    1.000000E+30    1.000000E+30    1.000000E+30    1.000000E+30    1.000000E+30    1.000000E+30    1.000000E+30    1.000000E+30    1.000000E+30    1.000000E+30    1.000000E+30    1.000000E+30    1.000000E+30    1.000000E+30    1.000000E+30    1.000000E+30    1.000000E+30    1.000000E+30    1.000000E+30    1.000000E+30    1.000000E+30    1.000000E+30    1.000000E+30    1.000000E+30    1.000000E+30    1.000000E+30    1.000000E+30    1.000000E+30    2.623832E+01    2.604644E+01    2.590853E+01    2.578906E+01    2.568285E+01    2.558560E+01    2.550204E+01    2.545705E+01    1.000000E+30    1.000000E+30    1.000000E+30    1.000000E+30    1.000000E+30    1.000000E+30    1.000000E+30    1.000000E+30    1.000000E+30    1.000000E+30    1.000000E+30    1.000000E+30    1.000000E+30    1.000000E+30    1.000000E+30    1.000000E+30    1.000000E+30    1.000000E+30    1.000000E+30    1.000000E+30    1.000000E+30    1.000000E+30    1.000000E+30    1.000000E+30    1.000000E+30    1.000000E+30    1.000000E+30    1.000000E+30    1.000000E+30    1.000000E+30    1.000000E+30    1.000000E+30    1.000000E+30    1.000000E+30    1.000000E+30    1.000000E+30    1.000000E+30    1.000000E+30    1.000000E+30    1.000000E+30    1.000000E+30    1.000000E+30    1.000000E+30    1.000000E+30    1.000000E+30    1.000000E+30    1.000000E+30    1.000000E+30
   1.000000E+30    1.000000E+30    1.000000E+30    1.000000E+30    1.000000E+30    1.000000E+30    1.000000E+30    1.000000E+30    1.000000E+30    1.000000E+30    1.000000E+30    1.000000E+30    1.000000E+30    1.000000E+30    1.000000E+30    1.000000E+30    1.000000E+30    1.000000E+30    1.000000E+30    1.000000E+30    1.000000E+30    1.000000E+30    1.000000E+30    1.000000E+30    1.000000E+30    1.000000E+30    1.000000E+30    1.000000E+30    1.000000E+30    1.000000E+30    1.000000E+30    1.000000E+30    1.000000E+30    1.000000E+30    1.000000E+30    1.000000E+30    1.000000E+30    1.000000E+30    1.000000E+30    1.000000E+30    1.000000E+30    1.000000E+30    1.000000E+30    1.000000E+30    1.000000E+30    1.000000E+30    1.000000E+30    1.000000E+30    1.000000E+30    1.000000E+30    1.000000E+30    1.000000E+30    1.000000E+30    1.000000E+30    1.000000E+30    1.000000E+30    1.000000E+30    1.000000E+30    1.000000E+30    1.000000E+30    1.000000E+30    1.000000E+30    1.000000E+30    1.000000E+30    1.000000E+30    1.000000E+30    1.000000E+30    1.000000E+30    1.000000E+30    1.000000E+30    1.000000E+30    1.000000E+30    1.000000E+30    1.000000E+30    1.000000E+30    1.000000E+30    1.000000E+30    1.000000E+30    1.000000E+30    1.000000E+30    1.000000E+30    1.000000E+30    1.000000E+30    1.000000E+30    1.000000E+30    1.000000E+30    1.000000E+30    1.000000E+30    1.000000E+30    1.000000E+30    1.000000E+30    1.000000E+30    1.000000E+30    1.000000E+30    1.000000E+30    2.661642E+01    2.641622E+01    2.627086E+01    2.614211E+01    2.602610E+01    2.591581E+01    2.581126E+01    2.572516E+01    1.000000E+30    1.000000E+30    1.000000E+30    1.000000E+30    1.000000E+30    1.000000E+30    1.000000E+30    1.000000E+30    1.000000E+30    1.000000E+30    1.000000E+30    1.000000E+30    1.000000E+30    1.000000E+30    1.000000E+30    1.000000E+30    1.000000E+30    1.000000E+30    1.000000E+30    1.000000E+30    1.000000E+30    1.000000E+30    1.000000E+30    1.000000E+30    1.000000E+30    1.000000E+30    1.000000E+30    1.000000E+30    1.000000E+30    1.000000E+30    1.000000E+30    1.000000E+30    1.000000E+30    1.000000E+30    1.000000E+30    1.000000E+30    1.000000E+30    1.000000E+30    1.000000E+30    1.000000E+30    1.000000E+30    1.000000E+30    1.000000E+30    1.000000E+30    1.000000E+30    1.000000E+30    1.000000E+30    1.000000E+30
   1.000000E+30    1.000000E+30    1.000000E+30    1.000000E+30    1.000000E+30    1.000000E+30    1.000000E+30    1.000000E+30    1.000000E+30    1.000000E+30    1.000000E+30    1.000000E+30    1.000000E+30    1.000000E+30    1.000000E+30    1.000000E+30    1.000000E+30    1.000000E+30    1.000000E+30    1.000000E+30    1.000000E+30    1.000000E+30    1.000000E+30    1.000000E+30    1.000000E+30    1.000000E+30    1.000000E+30    1.000000E+30    1.000000E+30    1.000000E+30    1.000000E+30    1.000000E+30    1.000000E+30    1.000000E+30    1.000000E+30    1.000000E+30    1.000000E+30    1.000000E+30    1.000000E+30    1.000000E+30    1.000000E+30    1.000000E+30    1.000000E+30    1.000000E+30    1.000000E+30    1.000000E+30    1.000000E+30    1.000000E+30    1.000000E+30    1.000000E+30    1.000000E+30    1.000000E+30    1.000000E+30    1.000000E+30    1.000000E+30    1.000000E+30    1.000000E+30    1.000000E+30    1.000000E+30    1.000000E+30    1.000000E+30    1.000000E+30    1.000000E+30    1.000000E+30    1.000000E+30    1.000000E+30    1.000000E+30    1.000000E+30    1.000000E+30    1.000000E+30    1.000000E+30    1.000000E+30    1.000000E+30    1.000000E+30    1.000000E+30    1.000000E+30    1.000000E+30    1.000000E+30    1.000000E+30    1.000000E+30    1.000000E+30    1.000000E+30    1.000000E+30    1.000000E+30    1.000000E+30    1.000000E+30    1.000000E+30    1.000000E+30    1.000000E+30    1.000000E+30    1.000000E+30    1.000000E+30    1.000000E+30    1.000000E+30    1.000000E+30    2.698863E+01    2.678021E+01    2.663084E+01    2.649770E+01    2.637689E+01    2.625852E+01    2.613456E+01    2.591482E+01    1.000000E+30    1.000000E+30    1.000000E+30    1.000000E+30    1.000000E+30    1.000000E+30    1.000000E+30    1.000000E+30    1.000000E+30    1.000000E+30    1.000000E+30    1.000000E+30    1.000000E+30    1.000000E+30    1.000000E+30    1.000000E+30    1.000000E+30    1.000000E+30    1.000000E+30    1.000000E+30    1.000000E+30    1.000000E+30    1.000000E+30    1.000000E+30    1.000000E+30    1.000000E+30    1.000000E+30    1.000000E+30    1.000000E+30    1.000000E+30    1.000000E+30    1.000000E+30    1.000000E+30    1.000000E+30    1.000000E+30    1.000000E+30    1.000000E+30    1.000000E+30    1.000000E+30    1.000000E+30    1.000000E+30    1.000000E+30    1.000000E+30    1.000000E+30    1.000000E+30    1.000000E+30    1.000000E+30    1.000000E+30
   1.000000E+30    1.000000E+30    1.000000E+30    1.000000E+30    1.000000E+30    1.000000E+30    1.000000E+30    1.000000E+30    1.000000E+30    1.000000E+30    1.000000E+30    1.000000E+30    1.000000E+30    1.000000E+30    1.000000E+30    1.000000E+30    1.000000E+30    1.000000E+30    1.000000E+30    1.000000E+30    1.000000E+30    1.000000E+30    1.000000E+30    1.000000E+30    1.000000E+30    1.000000E+30    1.000000E+30    1.000000E+30    1.000000E+30    1.000000E+30    1.000000E+30    1.000000E+30    1.000000E+30    1.000000E+30    1.000000E+30    1.000000E+30    1.000000E+30    1.000000E+30    1.000000E+30    1.000000E+30    1.000000E+30    1.000000E+30    1.000000E+30    1.000000E+30    1.000000E+30    1.000000E+30    1.000000E+30    1.000000E+30    1.000000E+30    1.000000E+30    1.000000E+30    1.000000E+30    1.000000E+30    1.000000E+30    1.000000E+30    1.000000E+30    1.000000E+30    1.000000E+30    1.000000E+30    1.000000E+30    1.000000E+30    1.000000E+30    1.000000E+30    1.000000E+30    1.000000E+30    1.000000E+30    1.000000E+30    1.000000E+30    1.000000E+30    1.000000E+30    1.000000E+30    1.000000E+30    1.000000E+30    1.000000E+30    1.000000E+30    1.000000E+30    1.000000E+30    1.000000E+30    1.000000E+30    1.000000E+30    1.000000E+30    1.000000E+30    1.000000E+30    1.000000E+30    1.000000E+30    1.000000E+30    1.000000E+30    1.000000E+30    1.000000E+30    1.000000E+30    1.000000E+30    1.000000E+30    1.000000E+30    1.000000E+30    1.000000E+30    2.735112E+01    2.713899E+01    2.698808E+01    2.685549E+01    2.673821E+01    2.663411E+01    2.657189E+01    1.000000E+30    1.000000E+30    1.000000E+30    1.000000E+30    1.000000E+30    1.000000E+30    1.000000E+30    1.000000E+30    1.000000E+30    1.000000E+30    1.000000E+30    1.000000E+30    1.000000E+30    1.000000E+30    1.000000E+30    1.000000E+30    1.000000E+30    1.000000E+30    1.000000E+30    1.000000E+30    1.000000E+30    1.000000E+30    1.000000E+30    1.000000E+30    1.000000E+30    1.000000E+30    1.000000E+30    1.000000E+30    1.000000E+30    1.000000E+30    1.000000E+30    1.000000E+30    1.000000E+30    1.000000E+30    1.000000E+30    1.000000E+30    1.000000E+30    1.000000E+30    1.000000E+30    1.000000E+30    1.000000E+30    1.000000E+30    1.000000E+30    1.000000E+30    1.000000E+30    1.000000E+30    1.000000E+30    1.000000E+30    1.000000E+30
   1.000000E+30    1.000000E+30    1.000000E+30    1.000000E+30    1.000000E+30    1.000000E+30    1.000000E+30    1.000000E+30    1.000000E+30    1.000000E+30    1.000000E+30    1.000000E+30    1.000000E+30    1.000000E+30    1.000000E+30    1.000000E+30    1.000000E+30    1.000000E+30    1.000000E+30    1.000000E+30    1.000000E+30    1.000000E+30    1.000000E+30    1.000000E+30    1.000000E+30    1.000000E+30    1.000000E+30    1.000000E+30    1.000000E+30    1.000000E+30    1.000000E+30    1.000000E+30    1.000000E+30    1.000000E+30    1.000000E+30    1.000000E+30    1.000000E+30    1.000000E+30    1.000000E+30    1.000000E+30    1.000000E+30    1.000000E+30    1.000000E+30    1.000000E+30    1.000000E+30    1.000000E+30    1.000000E+30    1.000000E+30    1.000000E+30    1.000000E+30    1.000000E+30    1.000000E+30    1.000000E+30    1.000000E+30    1.000000E+30    1.000000E+30    1.000000E+30    1.000000E+30    1.000000E+30    1.000000E+30    1.000000E+30    1.000000E+30    1.000000E+30    1.000000E+30    1.000000E+30    1.000000E+30    1.000000E+30    1.000000E+30    1.000000E+30    1.000000E+30    1.000000E+30    1.000000E+30    1.000000E+30    1.000000E+30    1.000000E+30    1.000000E+30    1.000000E+30    1.000000E+30    1.000000E+30    1.000000E+30    1.000000E+30    1.000000E+30    1.000000E+30    1.000000E+30    1.000000E+30    1.000000E+30    1.000000E+30    1.000000E+30    1.000000E+30    1.000000E+30    1.000000E+30    1.000000E+30    1.000000E+30    1.000000E+30    1.000000E+30    2.770505E+01    2.749105E+01    2.734036E+01    2.721052E+01    2.709819E+01    2.700257E+01    2.694910E+01    1.000000E+30    1.000000E+30    1.000000E+30    1.000000E+30    1.000000E+30    1.000000E+30    1.000000E+30    1.000000E+30    1.000000E+30    1.000000E+30    1.000000E+30    1.000000E+30    1.000000E+30    1.000000E+30    1.000000E+30    1.000000E+30    1.000000E+30    1.000000E+30    1.000000E+30    1.000000E+30    1.000000E+30    1.000000E+30    1.000000E+30    1.000000E+30    1.000000E+30    1.000000E+30    1.000000E+30    1.000000E+30    1.000000E+30    1.000000E+30    1.000000E+30    1.000000E+30    1.000000E+30    1.000000E+30    1.000000E+30    1.000000E+30    1.000000E+30    1.000000E+30    1.000000E+30    1.000000E+30    1.000000E+30    1.000000E+30    1.000000E+30    1.000000E+30    1.000000E+30    1.000000E+30    1.000000E+30    1.000000E+30    1.000000E+30
   1.000000E+30    1.000000E+30    1.000000E+30    1.000000E+30    1.000000E+30    1.000000E+30    1.000000E+30    1.000000E+30    1.000000E+30    1.000000E+30    1.000000E+30    1.000000E+30    1.000000E+30    1.000000E+30    1.000000E+30    1.000000E+30    1.000000E+30    1.000000E+30    1.000000E+30    1.000000E+30    1.000000E+30    1.000000E+30    1.000000E+30    1.000000E+30    1.000000E+30    1.000000E+30    1.000000E+30    1.000000E+30    1.000000E+30    1.000000E+30    1.000000E+30    1.000000E+30    1.000000E+30    1.000000E+30    1.000000E+30    1.000000E+30    1.000000E+30    1.000000E+30    1.000000E+30    1.000000E+30    1.000000E+30    1.000000E+30    1.000000E+30    1.000000E+30    1.000000E+30    1.000000E+30    1.000000E+30    1.000000E+30    1.000000E+30    1.000000E+30    1.000000E+30    1.000000E+30    1.000000E+30    1.000000E+30    1.000000E+30    1.000000E+30    1.000000E+30    1.000000E+30    1.000000E+30    1.000000E+30    1.000000E+30    1.000000E+30    1.000000E+30    1.000000E+30    1.000000E+30    1.000000E+30    1.000000E+30    1.000000E+30    1.000000E+30    1.000000E+30    1.000000E+30    1.000000E+30    1.000000E+30    1.000000E+30    1.000000E+30    1.000000E+30    1.000000E+30    1.000000E+30    1.000000E+30    1.000000E+30    1.000000E+30    1.000000E+30    1.000000E+30    1.000000E+30    1.000000E+30    1.000000E+30    1.000000E+30    1.000000E+30    1.000000E+30    1.000000E+30    1.000000E+30    1.000000E+30    1.000000E+30    1.000000E+30    1.000000E+30    2.804715E+01    2.783487E+01    2.768614E+01    2.755979E+01    2.745009E+01    2.735285E+01    2.728783E+01    1.000000E+30    1.000000E+30    1.000000E+30    1.000000E+30    1.000000E+30    1.000000E+30    1.000000E+30    1.000000E+30    1.000000E+30    1.000000E+30    1.000000E+30    1.000000E+30    1.000000E+30    1.000000E+30    1.000000E+30    1.000000E+30    1.000000E+30    1.000000E+30    1.000000E+30    1.000000E+30    1.000000E+30    1.000000E+30    1.000000E+30    1.000000E+30    1.000000E+30    1.000000E+30    1.000000E+30    1.000000E+30    1.000000E+30    1.000000E+30    1.000000E+30    1.000000E+30    1.000000E+30    1.000000E+30    1.000000E+30    1.000000E+30    1.000000E+30    1.000000E+30    1.000000E+30    1.000000E+30    1.000000E+30    1.000000E+30    1.000000E+30    1.000000E+30    1.000000E+30    1.000000E+30    1.000000E+30    1.000000E+30    1.000000E+30
   1.000000E+30    1.000000E+30    1.000000E+30    1.000000E+30    1.000000E+30    1.000000E+30    1.000000E+30    1.000000E+30    1.000000E+30    1.000000E+30    1.000000E+30    1.000000E+30    1.000000E+30    1.000000E+30    1.000000E+30    1.000000E+30    1.000000E+30    1.000000E+30    1.000000E+30    1.000000E+30    1.000000E+30    1.000000E+30    1.000000E+30    1.000000E+30    1.000000E+30    1.000000E+30    1.000000E+30    1.000000E+30    1.000000E+30    1.000000E+30    1.000000E+30    1.000000E+30    1.000000E+30    1.000000E+30    1.000000E+30    1.000000E+30    1.000000E+30    1.000000E+30    1.000000E+30    1.000000E+30    1.000000E+30    1.000000E+30    1.000000E+30    1.000000E+30    1.000000E+30    1.000000E+30    1.000000E+30    1.000000E+30    1.000000E+30    1.000000E+30    1.000000E+30    1.000000E+30    1.000000E+30    1.000000E+30    1.000000E+30    1.000000E+30    1.000000E+30    1.000000E+30    1.000000E+30    1.000000E+30    1.000000E+30    1.000000E+30    1.000000E+30    1.000000E+30    1.000000E+30    1.000000E+30    1.000000E+30    1.000000E+30    1.000000E+30    1.000000E+30    1.000000E+30    1.000000E+30    1.000000E+30    1.000000E+30    1.000000E+30    1.000000E+30    1.000000E+30    1.000000E+30    1.000000E+30    1.000000E+30    1.000000E+30    1.000000E+30    1.000000E+30    1.000000E+30    1.000000E+30    1.000000E+30    1.000000E+30    1.000000E+30    1.000000E+30    1.000000E+30    1.000000E+30    1.000000E+30    1.000000E+30    1.000000E+30    1.000000E+30    2.837088E+01    2.816640E+01    2.802362E+01    2.790474E+01    2.779926E+01    2.769265E+01    2.758536E+01    1.000000E+30    1.000000E+30    1.000000E+30    1.000000E+30    1.000000E+30    1.000000E+30    1.000000E+30    1.000000E+30    1.000000E+30    1.000000E+30    1.000000E+30    1.000000E+30    1.000000E+30    1.000000E+30    1.000000E+30    1.000000E+30    1.000000E+30    1.000000E+30    1.000000E+30    1.000000E+30    1.000000E+30    1.000000E+30    1.000000E+30    1.000000E+30    1.000000E+30    1.000000E+30    1.000000E+30    1.000000E+30    1.000000E+30    1.000000E+30    1.000000E+30    1.000000E+30    1.000000E+30    1.000000E+30    1.000000E+30    1.000000E+30    1.000000E+30    1.000000E+30    1.000000E+30    1.000000E+30    1.000000E+30    1.000000E+30    1.000000E+30    1.000000E+30    1.000000E+30    1.000000E+30    1.000000E+30    1.000000E+30    1.000000E+30
   1.000000E+30    1.000000E+30    1.000000E+30    1.000000E+30    1.000000E+30    1.000000E+30    1.000000E+30    1.000000E+30    1.000000E+30    1.000000E+30    1.000000E+30    1.000000E+30    1.000000E+30    1.000000E+30    1.000000E+30    1.000000E+30    1.000000E+30    1.000000E+30    1.000000E+30    1.000000E+30    1.000000E+30    1.000000E+30    1.000000E+30    1.000000E+30    1.000000E+30    1.000000E+30    1.000000E+30    1.000000E+30    1.000000E+30    1.000000E+30    1.000000E+30    1.000000E+30    1.000000E+30    1.000000E+30    1.000000E+30    1.000000E+30    1.000000E+30    1.000000E+30    1.000000E+30    1.000000E+30    1.000000E+30    1.000000E+30    1.000000E+30    1.000000E+30    1.000000E+30    1.000000E+30    1.000000E+30    1.000000E+30    1.000000E+30    1.000000E+30    1.000000E+30    1.000000E+30    1.000000E+30    1.000000E+30    1.000000E+30    1.000000E+30    1.000000E+30    1.000000E+30    1.000000E+30    1.000000E+30    1.000000E+30    1.000000E+30    1.000000E+30    1.000000E+30    1.000000E+30    1.000000E+30    1.000000E+30    1.000000E+30    1.000000E+30    1.000000E+30    1.000000E+30    1.000000E+30    1.000000E+30    1.000000E+30    1.000000E+30    1.000000E+30    1.000000E+30    1.000000E+30    1.000000E+30    1.000000E+30    1.000000E+30    1.000000E+30    1.000000E+30    1.000000E+30    1.000000E+30    1.000000E+30    1.000000E+30    1.000000E+30    1.000000E+30    1.000000E+30    1.000000E+30    1.000000E+30    1.000000E+30    1.000000E+30    1.000000E+30    2.867753E+01    2.848117E+01    2.834995E+01    2.824776E+01    2.816144E+01    2.805937E+01    2.780332E+01    1.000000E+30    1.000000E+30    1.000000E+30    1.000000E+30    1.000000E+30    1.000000E+30    1.000000E+30    1.000000E+30    1.000000E+30    1.000000E+30    1.000000E+30    1.000000E+30    1.000000E+30    1.000000E+30    1.000000E+30    1.000000E+30    1.000000E+30    1.000000E+30    1.000000E+30    1.000000E+30    1.000000E+30    1.000000E+30    1.000000E+30    1.000000E+30    1.000000E+30    1.000000E+30    1.000000E+30    1.000000E+30    1.000000E+30    1.000000E+30    1.000000E+30    1.000000E+30    1.000000E+30    1.000000E+30    1.000000E+30    1.000000E+30    1.000000E+30    1.000000E+30    1.000000E+30    1.000000E+30    1.000000E+30    1.000000E+30    1.000000E+30    1.000000E+30    1.000000E+30    1.000000E+30    1.000000E+30    1.000000E+30    1.000000E+30
   1.000000E+30    1.000000E+30    1.000000E+30    1.000000E+30    1.000000E+30    1.000000E+30    1.000000E+30    1.000000E+30    1.000000E+30    1.000000E+30    1.000000E+30    1.000000E+30    1.000000E+30    1.000000E+30    1.000000E+30    1.000000E+30    1.000000E+30    1.000000E+30    1.000000E+30    1.000000E+30    1.000000E+30    1.000000E+30    1.000000E+30    1.000000E+30    1.000000E+30    1.000000E+30    1.000000E+30    1.000000E+30    1.000000E+30    1.000000E+30    1.000000E+30    1.000000E+30    1.000000E+30    1.000000E+30    1.000000E+30    1.000000E+30    1.000000E+30    1.000000E+30    1.000000E+30    1.000000E+30    1.000000E+30    1.000000E+30    1.000000E+30    1.000000E+30    1.000000E+30    1.000000E+30    1.000000E+30    1.000000E+30    1.000000E+30    1.000000E+30    1.000000E+30    1.000000E+30    1.000000E+30    1.000000E+30    1.000000E+30    1.000000E+30    1.000000E+30    1.000000E+30    1.000000E+30    1.000000E+30    1.000000E+30    1.000000E+30    1.000000E+30    1.000000E+30    1.000000E+30    1.000000E+30    1.000000E+30    1.000000E+30    1.000000E+30    1.000000E+30    1.000000E+30    1.000000E+30    1.000000E+30    1.000000E+30    1.000000E+30    1.000000E+30    1.000000E+30    1.000000E+30    1.000000E+30    1.000000E+30    1.000000E+30    1.000000E+30    1.000000E+30    1.000000E+30    1.000000E+30    1.000000E+30    1.000000E+30    1.000000E+30    1.000000E+30    1.000000E+30    1.000000E+30    1.000000E+30    1.000000E+30    1.000000E+30    1.000000E+30    2.895660E+01    2.877317E+01    2.865928E+01    2.858565E+01    2.855675E+01    2.861428E+01    1.000000E+30    1.000000E+30    1.000000E+30    1.000000E+30    1.000000E+30    1.000000E+30    1.000000E+30    1.000000E+30    1.000000E+30    1.000000E+30    1.000000E+30    1.000000E+30    1.000000E+30    1.000000E+30    1.000000E+30    1.000000E+30    1.000000E+30    1.000000E+30    1.000000E+30    1.000000E+30    1.000000E+30    1.000000E+30    1.000000E+30    1.000000E+30    1.000000E+30    1.000000E+30    1.000000E+30    1.000000E+30    1.000000E+30    1.000000E+30    1.000000E+30    1.000000E+30    1.000000E+30    1.000000E+30    1.000000E+30    1.000000E+30    1.000000E+30    1.000000E+30    1.000000E+30    1.000000E+30    1.000000E+30    1.000000E+30    1.000000E+30    1.000000E+30    1.000000E+30    1.000000E+30    1.000000E+30    1.000000E+30    1.000000E+30    1.000000E+30
   1.000000E+30    1.000000E+30    1.000000E+30    1.000000E+30    1.000000E+30    1.000000E+30    1.000000E+30    1.000000E+30    1.000000E+30    1.000000E+30    1.000000E+30    1.000000E+30    1.000000E+30    1.000000E+30    1.000000E+30    1.000000E+30    1.000000E+30    1.000000E+30    1.000000E+30    1.000000E+30    1.000000E+30    1.000000E+30    1.000000E+30    1.000000E+30    1.000000E+30    1.000000E+30    1.000000E+30    1.000000E+30    1.000000E+30    1.000000E+30    1.000000E+30    1.000000E+30    1.000000E+30    1.000000E+30    1.000000E+30    1.000000E+30    1.000000E+30    1.000000E+30    1.000000E+30    1.000000E+30    1.000000E+30    1.000000E+30    1.000000E+30    1.000000E+30    1.000000E+30    1.000000E+30    1.000000E+30    1.000000E+30    1.000000E+30    1.000000E+30    1.000000E+30    1.000000E+30    1.000000E+30    1.000000E+30    1.000000E+30    1.000000E+30    1.000000E+30    1.000000E+30    1.000000E+30    1.000000E+30    1.000000E+30    1.000000E+30    1.000000E+30    1.000000E+30    1.000000E+30    1.000000E+30    1.000000E+30    1.000000E+30    1.000000E+30    1.000000E+30    1.000000E+30    1.000000E+30    1.000000E+30    1.000000E+30    1.000000E+30    1.000000E+30    1.000000E+30    1.000000E+30    1.000000E+30    1.000000E+30    1.000000E+30    1.000000E+30    1.000000E+30    1.000000E+30    1.000000E+30    1.000000E+30    1.000000E+30    1.000000E+30    1.000000E+30    1.000000E+30    1.000000E+30    1.000000E+30    1.000000E+30    1.000000E+30    1.000000E+30    2.920889E+01    2.903549E+01    2.894062E+01    2.889145E+01    2.889936E+01    2.900671E+01    1.000000E+30    1.000000E+30    1.000000E+30    1.000000E+30    1.000000E+30    1.000000E+30    1.000000E+30    1.000000E+30    1.000000E+30    1.000000E+30    1.000000E+30    1.000000E+30    1.000000E+30    1.000000E+30    1.000000E+30    1.000000E+30    1.000000E+30    1.000000E+30    1.000000E+30    1.000000E+30    1.000000E+30    1.000000E+30    1.000000E+30    1.000000E+30    1.000000E+30    1.000000E+30    1.000000E+30    1.000000E+30    1.000000E+30    1.000000E+30    1.000000E+30    1.000000E+30    1.000000E+30    1.000000E+30    1.000000E+30    1.000000E+30    1.000000E+30    1.000000E+30    1.000000E+30    1.000000E+30    1.000000E+30    1.000000E+30    1.000000E+30    1.000000E+30    1.000000E+30    1.000000E+30    1.000000E+30    1.000000E+30    1.000000E+30    1.000000E+30
   1.000000E+30    1.000000E+30    1.000000E+30    1.000000E+30    1.000000E+30    1.000000E+30    1.000000E+30    1.000000E+30    1.000000E+30    1.000000E+30    1.000000E+30    1.000000E+30    1.000000E+30    1.000000E+30    1.000000E+30    1.000000E+30    1.000000E+30    1.000000E+30    1.000000E+30    1.000000E+30    1.000000E+30    1.000000E+30    1.000000E+30    1.000000E+30    1.000000E+30    1.000000E+30    1.000000E+30    1.000000E+30    1.000000E+30    1.000000E+30    1.000000E+30    1.000000E+30    1.000000E+30    1.000000E+30    1.000000E+30    1.000000E+30    1.000000E+30    1.000000E+30    1.000000E+30    1.000000E+30    1.000000E+30    1.000000E+30    1.000000E+30    1.000000E+30    1.000000E+30    1.000000E+30    1.000000E+30    1.000000E+30    1.000000E+30    1.000000E+30    1.000000E+30    1.000000E+30    1.000000E+30    1.000000E+30    1.000000E+30    1.000000E+30    1.000000E+30    1.000000E+30    1.000000E+30    1.000000E+30    1.000000E+30    1.000000E+30    1.000000E+30    1.000000E+30    1.000000E+30    1.000000E+30    1.000000E+30    1.000000E+30    1.000000E+30    1.000000E+30    1.000000E+30    1.000000E+30    1.000000E+30    1.000000E+30    1.000000E+30    1.000000E+30    1.000000E+30    1.000000E+30    1.000000E+30    1.000000E+30    1.000000E+30    1.000000E+30    1.000000E+30    1.000000E+30    1.000000E+30    1.000000E+30    1.000000E+30    1.000000E+30    1.000000E+30    1.000000E+30    1.000000E+30    1.000000E+30    1.000000E+30    1.000000E+30    1.000000E+30    2.942307E+01    2.926549E+01    2.918843E+01    2.915595E+01    2.917996E+01    2.928808E+01    1.000000E+30    1.000000E+30    1.000000E+30    1.000000E+30    1.000000E+30    1.000000E+30    1.000000E+30    1.000000E+30    1.000000E+30    1.000000E+30    1.000000E+30    1.000000E+30    1.000000E+30    1.000000E+30    1.000000E+30    1.000000E+30    1.000000E+30    1.000000E+30    1.000000E+30    1.000000E+30    1.000000E+30    1.000000E+30    1.000000E+30    1.000000E+30    1.000000E+30    1.000000E+30    1.000000E+30    1.000000E+30    1.000000E+30    1.000000E+30    1.000000E+30    1.000000E+30    1.000000E+30    1.000000E+30    1.000000E+30    1.000000E+30    1.000000E+30    1.000000E+30    1.000000E+30    1.000000E+30    1.000000E+30    1.000000E+30    1.000000E+30    1.000000E+30    1.000000E+30    1.000000E+30    1.000000E+30    1.000000E+30    1.000000E+30    1.000000E+30
   1.000000E+30    1.000000E+30    1.000000E+30    1.000000E+30    1.000000E+30    1.000000E+30    1.000000E+30    1.000000E+30    1.000000E+30    1.000000E+30    1.000000E+30    1.000000E+30    1.000000E+30    1.000000E+30    1.000000E+30    1.000000E+30    1.000000E+30    1.000000E+30    1.000000E+30    1.000000E+30    1.000000E+30    1.000000E+30    1.000000E+30    1.000000E+30    1.000000E+30    1.000000E+30    1.000000E+30    1.000000E+30    1.000000E+30    1.000000E+30    1.000000E+30    1.000000E+30    1.000000E+30    1.000000E+30    1.000000E+30    1.000000E+30    1.000000E+30    1.000000E+30    1.000000E+30    1.000000E+30    1.000000E+30    1.000000E+30    1.000000E+30    1.000000E+30    1.000000E+30    1.000000E+30    1.000000E+30    1.000000E+30    1.000000E+30    1.000000E+30    1.000000E+30    1.000000E+30    1.000000E+30    1.000000E+30    1.000000E+30    1.000000E+30    1.000000E+30    1.000000E+30    1.000000E+30    1.000000E+30    1.000000E+30    1.000000E+30    1.000000E+30    1.000000E+30    1.000000E+30    1.000000E+30    1.000000E+30    1.000000E+30    1.000000E+30    1.000000E+30    1.000000E+30    1.000000E+30    1.000000E+30    1.000000E+30    1.000000E+30    1.000000E+30    1.000000E+30    1.000000E+30    1.000000E+30    1.000000E+30    1.000000E+30    1.000000E+30    1.000000E+30    1.000000E+30    1.000000E+30    1.000000E+30    1.000000E+30    1.000000E+30    1.000000E+30    1.000000E+30    1.000000E+30    1.000000E+30    1.000000E+30    1.000000E+30    1.000000E+30    2.956886E+01    2.946866E+01    2.940426E+01    2.938108E+01    2.940876E+01    2.946031E+01    1.000000E+30    1.000000E+30    1.000000E+30    1.000000E+30    1.000000E+30    1.000000E+30    1.000000E+30    1.000000E+30    1.000000E+30    1.000000E+30    1.000000E+30    1.000000E+30    1.000000E+30    1.000000E+30    1.000000E+30    1.000000E+30    1.000000E+30    1.000000E+30    1.000000E+30    1.000000E+30    1.000000E+30    1.000000E+30    1.000000E+30    1.000000E+30    1.000000E+30    1.000000E+30    1.000000E+30    1.000000E+30    1.000000E+30    1.000000E+30    1.000000E+30    1.000000E+30    1.000000E+30    1.000000E+30    1.000000E+30    1.000000E+30    1.000000E+30    1.000000E+30    1.000000E+30    1.000000E+30    1.000000E+30    1.000000E+30    1.000000E+30    1.000000E+30    1.000000E+30    1.000000E+30    1.000000E+30    1.000000E+30    1.000000E+30    1.000000E+30
