kper,spring_head,pk2_head,pk4_head,spring_pk4_diff,spring_pk2_diff,pk4_pk2_diff,spring_flux
0,7.78363824089475,10.656777904883812,10.4962420736294,-2.71260383273465,-2.873139663989062,-0.1605358312544123,-4.063821037717162
