                                   MODFLOW 6
                U.S. GEOLOGICAL SURVEY MODULAR HYDROLOGIC MODEL
                   VERSION 6.3.0 release candidate 02/06/2022
                               ***DEVELOP MODE***

   MODFLOW 6 compiled Feb 06 2022 02:35:51 with Intel(R) Fortran Intel(R) 64
   Compiler Classic for applications running on Intel(R) 64, Version 2021.5.0
                             Build 20211109_000000

This software is preliminary or provisional and is subject to 
revision. It is being provided to meet the need for timely best 
science. The software has not received final approval by the U.S. 
Geological Survey (USGS). No warranty, expressed or implied, is made 
by the USGS or the U.S. Government as to the functionality of the 
software and related material nor shall the fact of release 
constitute any such warranty. The software is provided on the 
condition that neither the USGS nor the U.S. Government shall be held 
liable for any damages resulting from the authorized or unauthorized 
use of the software.


As a work of the United States Government, this USGS product is 
in the public domain within the United States. You can copy, 
modify, distribute, and perform the work, even for commercial 
purposes, all without asking permission. Additionally, USGS 
waives copyright and related rights in the work worldwide 
through CC0 1.0 Universal Public Domain Dedication 
(https://creativecommons.org/publicdomain/zero/1.0/).

The following GNU Lesser General Public License (LGPL) libraries
are used in this USGS product:

    SPARSKIT version 2.0
      ilut, luson, and qsplit 
      (https://www-users.cse.umn.edu/~saad/software/SPARSKIT/)

    RCM - Reverse Cuthill McKee Ordering
      (https://people.math.sc.edu/Burkardt/f_src/rcm/rcm.html)

    BLAS - Basic Linear Algebra Subprograms Level 1
      (https://people.math.sc.edu/Burkardt/f_src/blas1_d/blas1_d.html)

    SPARSEKIT - Sparse Matrix Utility Package
      amux, dperm, dvperm, rperm, and cperm
      (https://people.sc.fsu.edu/~jburkardt/f77_src/sparsekit/sparsekit.html)

The following BSD-3 License libraries are used in this USGS product:

    Modern Fortran DAG Library
      Copyright (c) 2018, Jacob Williams
      All rights reserved.
      (https://github.com/jacobwilliams/daglib)

MODFLOW 6 compiler options: /O2 /heap-arrays:0 /fpe:0 /traceback /nologo /fpp
/c /module:.\mod_temp\ /object:.\obj_temp\

System command used to initiate simulation:
C:\Users\tfo46\e_Python\e_projects\pakipaki_01\models\local_run6\local_run6\mf6.exe

MODFLOW was compiled using uniform precision.

Real Variables
  KIND: 8
  TINY (smallest non-zero value):    2.225074-308
  HUGE (largest value):    1.797693+308
  PRECISION: 15
  BIT SIZE: 64

Integer Variables
  KIND: 4
  HUGE (largest value): 2147483647
  BIT SIZE: 32

Long Integer Variables
  KIND: 8
  HUGE (largest value): 9223372036854775807
  BIT SIZE: 64

Logical Variables
  KIND: 4
  BIT SIZE: 32
 

 OPENED mfsim.nam
 FILE TYPE:NAM   UNIT 1001   STATUS:OLD                 
 FORMAT:FORMATTED              ACCESS:SEQUENTIAL          
 ACTION:READ                

 # File generated by Flopy version 3.9.3 on 10/30/2025 at 17:10:35.

 READING SIMULATION OPTIONS
 END OF SIMULATION OPTIONS

 READING SIMULATION TIMING

 OPENED local_run6.tdis
 FILE TYPE:TDIS   UNIT 1002   STATUS:OLD                 
 FORMAT:FORMATTED              ACCESS:SEQUENTIAL          
 ACTION:READ                


 TDIS -- TEMPORAL DISCRETIZATION PACKAGE,
 VERSION 1 : 11/13/2014 - INPUT READ FROM UNIT 1002
 # File generated by Flopy version 3.9.3 on 10/30/2025 at 17:10:35.
 PROCESSING TDIS OPTIONS
    SIMULATION TIME UNIT IS DAYS
    SIMULATION STARTING DATE AND TIME IS 2023-12-06                    
 END OF TDIS OPTIONS
 PROCESSING TDIS DIMENSIONS
    4 STRESS PERIOD(S) IN SIMULATION
 END OF TDIS DIMENSIONS
 PROCESSING TDIS PERIODDATA


 STRESS PERIOD     LENGTH       TIME STEPS     MULTIPLIER FOR DELT
 ----------------------------------------------------------------------------
        1         1.000000          1                    1.000
        2         52.00000         52                    1.000
        3         1.000000          1                    1.000
        4         52.00000         52                    1.000
 END OF TDIS PERIODDATA
 END OF SIMULATION TIMING

 READING SIMULATION MODELS
    GWF6 model LOCAL_RUN6 will be created as model 1
 END OF SIMULATION MODELS

 READING SIMULATION EXCHANGES
 END OF SIMULATION EXCHANGES

 READING SOLUTIONGROUP

 Creating solution: SLN_1           

 OPENED local_run6.ims
 FILE TYPE:IMS   UNIT 1015   STATUS:OLD                 
 FORMAT:FORMATTED              ACCESS:SEQUENTIAL          
 ACTION:READ                

 END OF SIMULATION SOLUTIONGROUP

PROCESSING MODEL CONNECTIONS

 IMS -- ITERATIVE MODEL SOLUTION PACKAGE, VERSION 6, 4/28/2017
         INPUT READ FROM UNIT 1015
 # File generated by Flopy version 3.9.3 on 10/30/2025 at 17:10:35.

 PROCESSING IMS OPTIONS
 COMPLEX OPTION:
 DEFAULT SOLVER INPUT VALUES REFLECT STRONGLY NONLINEAR MODEL
 END OF IMS OPTIONS
 **UNDER-RELAXATION WILL BE USED***
 
 ***IMS LINEAR SOLVER WILL BE USED***

 IMSLINEAR -- UNSTRUCTURED LINEAR SOLUTION PACKAGE, VERSION 8, 04/28/2017
 
 An asymmetric matrix will be solved

 OUTER ITERATION CONVERGENCE CRITERION    (DVCLOSE) =    0.100000E+00
 MAXIMUM NUMBER OF OUTER ITERATIONS        (MXITER) = 100
 SOLVER PRINTOUT INDEX                     (IPRIMS) = 2
 NONLINEAR ITERATION METHOD            (NONLINMETH) = 3
 LINEAR SOLUTION METHOD                   (LINMETH) = 1
 UNDER-RELAXATION WEIGHT REDUCTION FACTOR   (THETA) =    0.800000E+00
 UNDER-RELAXATION WEIGHT INCREASE INCREMENT (KAPPA) =    0.100000E-03
 UNDER-RELAXATION PREVIOUS HISTORY FACTOR   (GAMMA) =    0.000000E+00
 UNDER-RELAXATION MOMENTUM TERM         (AMOMENTUM) =    0.000000E+00
 MAXIMUM NUMBER OF BACKTRACKS            (NUMTRACK) = 20
 BACKTRACKING TOLERANCE FACTOR               (BTOL) =    0.105000E+01
 BACKTRACKING REDUCTION FACTOR             (BREDUC) =    0.100000E+00
 BACKTRACKING RESIDUAL LIMIT              (RES_LIM) =    0.200000E-02

       SOLUTION BY THE BICONJUGATE-GRADIENT STABILIZED METHOD
 ------------------------------------------------------------------
 MAXIMUM OF 100 CALLS OF SOLUTION ROUTINE
 MAXIMUM OF 500 INTERNAL ITERATIONS PER CALL TO SOLUTION ROUTINE
 LINEAR ACCELERATION METHOD            = BCGS      
 MATRIX PRECONDITIONING TYPE           = INCOMPLETE LUT      
 MATRIX SCALING APPROACH               = NO SCALING          
 MATRIX REORDERING APPROACH            = ORIGINAL ORDERING        
 NUMBER OF ORTHOGONALIZATIONS          = 2
 HEAD CHANGE CRITERION FOR CLOSURE     =    0.10000E+00
 RESIDUAL CHANGE CRITERION FOR CLOSURE =    0.10000E+00
 RESIDUAL CONVERGENCE OPTION           = 0
 RESIDUAL CONVERGENCE NORM             = INFINITY NORM   
 RELAXATION FACTOR                     =    0.00000E+00
 NUMBER OF LEVELS                      =              5
 DROP TOLERANCE                        =    0.10000E-03


 
    Solving:  Stress period:     1    Time step:     1
 
1
                            STRESS PERIOD NO. 1, LENGTH =   1.000000    
                            -----------------------------------------------
                            NUMBER OF TIME STEPS = 1
                            MULTIPLIER FOR DELT =     1.000
                            INITIAL TIME STEP SIZE =   1.000000    

 SLN_1 OUTER ITERATION SUMMARY
 ----------------------------------------------------------------------------------------------------------------------------------------------------------------
                                OUTER      INNER  BACKTRACK  BACKTRACK        INCOMING        OUTGOING                    STEP   MAXIMUM CHANGE MODEL-(CELLID) OR
 OUTER ITERATION STEP       ITERATION  ITERATION       FLAG ITERATIONS        RESIDUAL        RESIDUAL  MAXIMUM CHANGE SUCCESS             MODEL-PACKAGE-(NUMBER)
 ----------------------------------------------------------------------------------------------------------------------------------------------------------------
 Backtracking                       1                     0          0       224.04266       224.04266                       *                                   
 Model                              1          4                                                             75.616717                            1_GWF-(1,41,29)
 Backtracking                       2                     0          0  4.35333398E-06  4.35333398E-06                       *                                   
 Model                              2          1                                                        4.01798631E-06       *                    1_GWF-(1,41,30)
 ----------------------------------------------------------------------------------------------------------------------------------------------------------------


 2 CALLS TO NUMERICAL SOLUTION IN TIME STEP 1 STRESS PERIOD 1
 5 TOTAL ITERATIONS

 SLN_1 INNER ITERATION SUMMARY
 --------------------------------------------------------------------------------------------------------------------------------------
      TOTAL      OUTER      INNER                                                            MAXIMUM                                   
  ITERATION  ITERATION  ITERATION  MAXIMUM CHANGE      MAXIMUM CHANGE MODEL-(CELLID)        RESIDUAL    MAXIMUM RESIDUAL MODEL-(CELLID)
 --------------------------------------------------------------------------------------------------------------------------------------
          1          1          1       73.085973                    1_GWF-(1,41,29)     -0.50237086                    1_GWF-(1,41,36)
          2          1          2       2.5549021                    1_GWF-(1,43,32) -2.78993680E-02                    1_GWF-(1,41,36)
          3          1          3      0.12708454                    1_GWF-(1,43,32) -1.04216089E-04                    1_GWF-(1,41,36)
          4          1          4  3.91285043E-04                    1_GWF-(1,42,34) -1.04051799E-06                    1_GWF-(1,41,36)
          5          2          1  4.01798632E-06                    1_GWF-(1,41,30) -5.48803618E-08                    1_GWF-(1,41,36)
 --------------------------------------------------------------------------------------------------------------------------------------


 
    Solving:  Stress period:     2    Time step:     1
 
1
                            STRESS PERIOD NO. 2, LENGTH =   52.00000    
                            -----------------------------------------------
                            NUMBER OF TIME STEPS = 52
                            MULTIPLIER FOR DELT =     1.000
                            INITIAL TIME STEP SIZE =   1.000000    

 SLN_1 OUTER ITERATION SUMMARY
 ----------------------------------------------------------------------------------------------------------------------------------------------------------------
                                OUTER      INNER  BACKTRACK  BACKTRACK        INCOMING        OUTGOING                    STEP   MAXIMUM CHANGE MODEL-(CELLID) OR
 OUTER ITERATION STEP       ITERATION  ITERATION       FLAG ITERATIONS        RESIDUAL        RESIDUAL  MAXIMUM CHANGE SUCCESS             MODEL-PACKAGE-(NUMBER)
 ----------------------------------------------------------------------------------------------------------------------------------------------------------------
 Backtracking                       1                     0          0       575.49516       575.49516                       *                                   
 Model                              1          2                                                            -12.729435                            1_GWF-(1,41,15)
 Backtracking                       2                     0          0  3.63311652E-09  3.63311652E-09                       *                                   
 Model                              2          1                                                        3.68061137E-12       *                    1_GWF-(1,39,28)
 ----------------------------------------------------------------------------------------------------------------------------------------------------------------


 2 CALLS TO NUMERICAL SOLUTION IN TIME STEP 1 STRESS PERIOD 2
 3 TOTAL ITERATIONS

 SLN_1 INNER ITERATION SUMMARY
 --------------------------------------------------------------------------------------------------------------------------------------
      TOTAL      OUTER      INNER                                                            MAXIMUM                                   
  ITERATION  ITERATION  ITERATION  MAXIMUM CHANGE      MAXIMUM CHANGE MODEL-(CELLID)        RESIDUAL    MAXIMUM RESIDUAL MODEL-(CELLID)
 --------------------------------------------------------------------------------------------------------------------------------------
          1          1          1      -12.729435                    1_GWF-(1,41,15) -1.52828037E-06                     1_GWF-(1,42,7)
          2          1          2  2.31498204E-07                    1_GWF-(1,39,26)  3.23715703E-10                    1_GWF-(1,31,35)
          3          2          1  3.67877549E-12                    1_GWF-(1,39,28)  2.90183516E-10                    1_GWF-(1,31,35)
 --------------------------------------------------------------------------------------------------------------------------------------


 
    Solving:  Stress period:     2    Time step:     2
 

 SLN_1 OUTER ITERATION SUMMARY
 ----------------------------------------------------------------------------------------------------------------------------------------------------------------
                                OUTER      INNER  BACKTRACK  BACKTRACK        INCOMING        OUTGOING                    STEP   MAXIMUM CHANGE MODEL-(CELLID) OR
 OUTER ITERATION STEP       ITERATION  ITERATION       FLAG ITERATIONS        RESIDUAL        RESIDUAL  MAXIMUM CHANGE SUCCESS             MODEL-PACKAGE-(NUMBER)
 ----------------------------------------------------------------------------------------------------------------------------------------------------------------
 Backtracking                       1                     0          0       503.84685       503.84685                       *                                   
 Model                              1          2                                                            -4.0863273                             1_GWF-(1,46,7)
 Backtracking                       2                     0          0  2.93340466E-09  2.93340466E-09                       *                                   
 Model                              2          1                                                        1.91313632E-12       *                     1_GWF-(1,41,9)
 ----------------------------------------------------------------------------------------------------------------------------------------------------------------


 2 CALLS TO NUMERICAL SOLUTION IN TIME STEP 2 STRESS PERIOD 2
 3 TOTAL ITERATIONS

 SLN_1 INNER ITERATION SUMMARY
 --------------------------------------------------------------------------------------------------------------------------------------
      TOTAL      OUTER      INNER                                                            MAXIMUM                                   
  ITERATION  ITERATION  ITERATION  MAXIMUM CHANGE      MAXIMUM CHANGE MODEL-(CELLID)        RESIDUAL    MAXIMUM RESIDUAL MODEL-(CELLID)
 --------------------------------------------------------------------------------------------------------------------------------------
          1          1          1      -4.0863272                     1_GWF-(1,46,7) -1.19614495E-06                     1_GWF-(1,42,6)
          2          1          2  1.12460186E-07                     1_GWF-(1,44,7) -2.45244036E-10                    1_GWF-(1,21,55)
          3          2          1  1.91260578E-12                     1_GWF-(1,41,9) -2.27916441E-10                    1_GWF-(1,21,55)
 --------------------------------------------------------------------------------------------------------------------------------------


 
    Solving:  Stress period:     2    Time step:     3
 

 SLN_1 OUTER ITERATION SUMMARY
 ----------------------------------------------------------------------------------------------------------------------------------------------------------------
                                OUTER      INNER  BACKTRACK  BACKTRACK        INCOMING        OUTGOING                    STEP   MAXIMUM CHANGE MODEL-(CELLID) OR
 OUTER ITERATION STEP       ITERATION  ITERATION       FLAG ITERATIONS        RESIDUAL        RESIDUAL  MAXIMUM CHANGE SUCCESS             MODEL-PACKAGE-(NUMBER)
 ----------------------------------------------------------------------------------------------------------------------------------------------------------------
 Backtracking                       1                     0          0       447.82568       447.82568                       *                                   
 Model                              1          2                                                            -2.0194742                            1_GWF-(1,40,24)
 Backtracking                       2                     0          0  2.47501562E-09  2.47501562E-09                       *                                   
 Model                              2          1                                                        1.25410793E-12       *                     1_GWF-(1,41,9)
 ----------------------------------------------------------------------------------------------------------------------------------------------------------------


 2 CALLS TO NUMERICAL SOLUTION IN TIME STEP 3 STRESS PERIOD 2
 3 TOTAL ITERATIONS

 SLN_1 INNER ITERATION SUMMARY
 --------------------------------------------------------------------------------------------------------------------------------------
      TOTAL      OUTER      INNER                                                            MAXIMUM                                   
  ITERATION  ITERATION  ITERATION  MAXIMUM CHANGE      MAXIMUM CHANGE MODEL-(CELLID)        RESIDUAL    MAXIMUM RESIDUAL MODEL-(CELLID)
 --------------------------------------------------------------------------------------------------------------------------------------
          1          1          1      -2.0194742                    1_GWF-(1,40,24) -1.07874087E-06                    1_GWF-(1,22,53)
          2          1          2  9.08290763E-08                    1_GWF-(1,22,53) -2.25978192E-10                    1_GWF-(1,21,55)
          3          2          1  1.25421832E-12                     1_GWF-(1,41,9) -2.14315301E-10                    1_GWF-(1,21,55)
 --------------------------------------------------------------------------------------------------------------------------------------


 
    Solving:  Stress period:     2    Time step:     4
 

 SLN_1 OUTER ITERATION SUMMARY
 ----------------------------------------------------------------------------------------------------------------------------------------------------------------
                                OUTER      INNER  BACKTRACK  BACKTRACK        INCOMING        OUTGOING                    STEP   MAXIMUM CHANGE MODEL-(CELLID) OR
 OUTER ITERATION STEP       ITERATION  ITERATION       FLAG ITERATIONS        RESIDUAL        RESIDUAL  MAXIMUM CHANGE SUCCESS             MODEL-PACKAGE-(NUMBER)
 ----------------------------------------------------------------------------------------------------------------------------------------------------------------
 Backtracking                       1                     0          0       400.01670       400.01670                       *                                   
 Model                              1          2                                                            -1.6418789                            1_GWF-(1,40,24)
 Backtracking                       2                     0          0  2.15481836E-09  2.15481836E-09                       *                                   
 Model                              2          1                                                        8.27782287E-13       *                     1_GWF-(1,41,9)
 ----------------------------------------------------------------------------------------------------------------------------------------------------------------


 2 CALLS TO NUMERICAL SOLUTION IN TIME STEP 4 STRESS PERIOD 2
 3 TOTAL ITERATIONS

 SLN_1 INNER ITERATION SUMMARY
 --------------------------------------------------------------------------------------------------------------------------------------
      TOTAL      OUTER      INNER                                                            MAXIMUM                                   
  ITERATION  ITERATION  ITERATION  MAXIMUM CHANGE      MAXIMUM CHANGE MODEL-(CELLID)        RESIDUAL    MAXIMUM RESIDUAL MODEL-(CELLID)
 --------------------------------------------------------------------------------------------------------------------------------------
          1          1          1      -1.6418789                    1_GWF-(1,40,24) -9.85418027E-07                    1_GWF-(1,22,53)
          2          1          2  8.29795083E-08                    1_GWF-(1,22,53) -2.05816438E-10                    1_GWF-(1,21,55)
          3          2          1  8.28661499E-13                     1_GWF-(1,41,9) -1.97594253E-10                    1_GWF-(1,21,55)
 --------------------------------------------------------------------------------------------------------------------------------------


 
    Solving:  Stress period:     2    Time step:     5
 

 SLN_1 OUTER ITERATION SUMMARY
 ----------------------------------------------------------------------------------------------------------------------------------------------------------------
                                OUTER      INNER  BACKTRACK  BACKTRACK        INCOMING        OUTGOING                    STEP   MAXIMUM CHANGE MODEL-(CELLID) OR
 OUTER ITERATION STEP       ITERATION  ITERATION       FLAG ITERATIONS        RESIDUAL        RESIDUAL  MAXIMUM CHANGE SUCCESS             MODEL-PACKAGE-(NUMBER)
 ----------------------------------------------------------------------------------------------------------------------------------------------------------------
 Backtracking                       1                     0          0       358.12996       358.12996                       *                                   
 Model                              1          2                                                            -1.3245826                            1_GWF-(1,40,24)
 Backtracking                       2                     0          0  1.91245532E-09  1.91245532E-09                       *                                   
 Model                              2          1                                                        5.56887869E-13       *                     1_GWF-(1,41,9)
 ----------------------------------------------------------------------------------------------------------------------------------------------------------------


 2 CALLS TO NUMERICAL SOLUTION IN TIME STEP 5 STRESS PERIOD 2
 3 TOTAL ITERATIONS

 SLN_1 INNER ITERATION SUMMARY
 --------------------------------------------------------------------------------------------------------------------------------------
      TOTAL      OUTER      INNER                                                            MAXIMUM                                   
  ITERATION  ITERATION  ITERATION  MAXIMUM CHANGE      MAXIMUM CHANGE MODEL-(CELLID)        RESIDUAL    MAXIMUM RESIDUAL MODEL-(CELLID)
 --------------------------------------------------------------------------------------------------------------------------------------
          1          1          1      -1.3245826                    1_GWF-(1,40,24) -8.94329026E-07                    1_GWF-(1,22,53)
          2          1          2  7.53228483E-08                    1_GWF-(1,22,53) -1.86415267E-10                    1_GWF-(1,21,55)
          3          2          1  5.57237910E-13                     1_GWF-(1,41,9) -1.80505702E-10                    1_GWF-(1,21,55)
 --------------------------------------------------------------------------------------------------------------------------------------


 
    Solving:  Stress period:     2    Time step:     6
 

 SLN_1 OUTER ITERATION SUMMARY
 ----------------------------------------------------------------------------------------------------------------------------------------------------------------
                                OUTER      INNER  BACKTRACK  BACKTRACK        INCOMING        OUTGOING                    STEP   MAXIMUM CHANGE MODEL-(CELLID) OR
 OUTER ITERATION STEP       ITERATION  ITERATION       FLAG ITERATIONS        RESIDUAL        RESIDUAL  MAXIMUM CHANGE SUCCESS             MODEL-PACKAGE-(NUMBER)
 ----------------------------------------------------------------------------------------------------------------------------------------------------------------
 Backtracking                       1                     0          0       321.05621       321.05621                       *                                   
 Model                              1          2                                                            -1.2357596                            1_GWF-(1,40,25)
 Backtracking                       2                     0          0  1.71490823E-09  1.71490823E-09                       *                                   
 Model                              2          1                                                        3.81028542E-13       *                     1_GWF-(1,41,9)
 ----------------------------------------------------------------------------------------------------------------------------------------------------------------


 2 CALLS TO NUMERICAL SOLUTION IN TIME STEP 6 STRESS PERIOD 2
 3 TOTAL ITERATIONS

 SLN_1 INNER ITERATION SUMMARY
 --------------------------------------------------------------------------------------------------------------------------------------
      TOTAL      OUTER      INNER                                                            MAXIMUM                                   
  ITERATION  ITERATION  ITERATION  MAXIMUM CHANGE      MAXIMUM CHANGE MODEL-(CELLID)        RESIDUAL    MAXIMUM RESIDUAL MODEL-(CELLID)
 --------------------------------------------------------------------------------------------------------------------------------------
          1          1          1      -1.2357595                    1_GWF-(1,40,25) -8.09166970E-07                    1_GWF-(1,22,53)
          2          1          2  6.81675690E-08                    1_GWF-(1,22,53) -1.68429606E-10                    1_GWF-(1,21,55)
          3          2          1  3.81435538E-13                     1_GWF-(1,41,9) -1.64080842E-10                    1_GWF-(1,21,55)
 --------------------------------------------------------------------------------------------------------------------------------------


 
    Solving:  Stress period:     2    Time step:     7
 

 SLN_1 OUTER ITERATION SUMMARY
 ----------------------------------------------------------------------------------------------------------------------------------------------------------------
                                OUTER      INNER  BACKTRACK  BACKTRACK        INCOMING        OUTGOING                    STEP   MAXIMUM CHANGE MODEL-(CELLID) OR
 OUTER ITERATION STEP       ITERATION  ITERATION       FLAG ITERATIONS        RESIDUAL        RESIDUAL  MAXIMUM CHANGE SUCCESS             MODEL-PACKAGE-(NUMBER)
 ----------------------------------------------------------------------------------------------------------------------------------------------------------------
 Backtracking                       1                     0          0       288.08180       288.08180                       *                                   
 Model                              1          2                                                            -1.1433874                            1_GWF-(1,40,25)
 Backtracking                       2                     0          0  1.54576394E-09  1.54576394E-09                       *                                   
 Model                              2          1                                                        2.64677169E-13       *                     1_GWF-(1,41,9)
 ----------------------------------------------------------------------------------------------------------------------------------------------------------------


 2 CALLS TO NUMERICAL SOLUTION IN TIME STEP 7 STRESS PERIOD 2
 3 TOTAL ITERATIONS

 SLN_1 INNER ITERATION SUMMARY
 --------------------------------------------------------------------------------------------------------------------------------------
      TOTAL      OUTER      INNER                                                            MAXIMUM                                   
  ITERATION  ITERATION  ITERATION  MAXIMUM CHANGE      MAXIMUM CHANGE MODEL-(CELLID)        RESIDUAL    MAXIMUM RESIDUAL MODEL-(CELLID)
 --------------------------------------------------------------------------------------------------------------------------------------
          1          1          1      -1.1433874                    1_GWF-(1,40,25) -7.30925841E-07                    1_GWF-(1,22,53)
          2          1          2  6.15935019E-08                    1_GWF-(1,22,53) -1.52019703E-10                    1_GWF-(1,21,55)
          3          2          1  2.65085840E-13                     1_GWF-(1,41,9) -1.48841612E-10                    1_GWF-(1,21,55)
 --------------------------------------------------------------------------------------------------------------------------------------


 
    Solving:  Stress period:     2    Time step:     8
 

 SLN_1 OUTER ITERATION SUMMARY
 ----------------------------------------------------------------------------------------------------------------------------------------------------------------
                                OUTER      INNER  BACKTRACK  BACKTRACK        INCOMING        OUTGOING                    STEP   MAXIMUM CHANGE MODEL-(CELLID) OR
 OUTER ITERATION STEP       ITERATION  ITERATION       FLAG ITERATIONS        RESIDUAL        RESIDUAL  MAXIMUM CHANGE SUCCESS             MODEL-PACKAGE-(NUMBER)
 ----------------------------------------------------------------------------------------------------------------------------------------------------------------
 Backtracking                       1                     0          0       258.67226       258.67226                       *                                   
 Model                              1          2                                                            -1.0429205                            1_GWF-(1,40,25)
 Backtracking                       2                     0          0  1.39673814E-09  1.39673814E-09                       *                                   
 Model                              2          1                                                        1.91846539E-13       *                    1_GWF-(1,44,33)
 ----------------------------------------------------------------------------------------------------------------------------------------------------------------


 2 CALLS TO NUMERICAL SOLUTION IN TIME STEP 8 STRESS PERIOD 2
 3 TOTAL ITERATIONS

 SLN_1 INNER ITERATION SUMMARY
 --------------------------------------------------------------------------------------------------------------------------------------
      TOTAL      OUTER      INNER                                                            MAXIMUM                                   
  ITERATION  ITERATION  ITERATION  MAXIMUM CHANGE      MAXIMUM CHANGE MODEL-(CELLID)        RESIDUAL    MAXIMUM RESIDUAL MODEL-(CELLID)
 --------------------------------------------------------------------------------------------------------------------------------------
          1          1          1      -1.0429205                    1_GWF-(1,40,25) -6.59638627E-07                    1_GWF-(1,22,53)
          2          1          2  5.56016608E-08                    1_GWF-(1,22,53) -1.37150383E-10                    1_GWF-(1,21,55)
          3          2          1  1.94259761E-13                    1_GWF-(1,44,33) -1.34790857E-10                    1_GWF-(1,21,55)
 --------------------------------------------------------------------------------------------------------------------------------------


 
    Solving:  Stress period:     2    Time step:     9
 

 SLN_1 OUTER ITERATION SUMMARY
 ----------------------------------------------------------------------------------------------------------------------------------------------------------------
                                OUTER      INNER  BACKTRACK  BACKTRACK        INCOMING        OUTGOING                    STEP   MAXIMUM CHANGE MODEL-(CELLID) OR
 OUTER ITERATION STEP       ITERATION  ITERATION       FLAG ITERATIONS        RESIDUAL        RESIDUAL  MAXIMUM CHANGE SUCCESS             MODEL-PACKAGE-(NUMBER)
 ----------------------------------------------------------------------------------------------------------------------------------------------------------------
 Backtracking                       1                     0          0       232.39601       232.39601                       *                                   
 Model                              1          2                                                           -0.94211850                            1_GWF-(1,40,25)
 Backtracking                       2                     0          0  1.26346506E-09  1.26346506E-09                       *                                   
 Model                              2          1                                                        1.42108547E-13       *                    1_GWF-(1,44,33)
 ----------------------------------------------------------------------------------------------------------------------------------------------------------------


 2 CALLS TO NUMERICAL SOLUTION IN TIME STEP 9 STRESS PERIOD 2
 3 TOTAL ITERATIONS

 SLN_1 INNER ITERATION SUMMARY
 --------------------------------------------------------------------------------------------------------------------------------------
      TOTAL      OUTER      INNER                                                            MAXIMUM                                   
  ITERATION  ITERATION  ITERATION  MAXIMUM CHANGE      MAXIMUM CHANGE MODEL-(CELLID)        RESIDUAL    MAXIMUM RESIDUAL MODEL-(CELLID)
 --------------------------------------------------------------------------------------------------------------------------------------
          1          1          1     -0.94211849                    1_GWF-(1,40,25) -5.94972214E-07                    1_GWF-(1,22,53)
          2          1          2  5.01636156E-08                    1_GWF-(1,22,53) -1.23717733E-10                    1_GWF-(1,21,55)
          3          2          1  1.44244078E-13                    1_GWF-(1,44,33) -1.21958254E-10                    1_GWF-(1,21,55)
 --------------------------------------------------------------------------------------------------------------------------------------


 
    Solving:  Stress period:     2    Time step:    10
 

 SLN_1 OUTER ITERATION SUMMARY
 ----------------------------------------------------------------------------------------------------------------------------------------------------------------
                                OUTER      INNER  BACKTRACK  BACKTRACK        INCOMING        OUTGOING                    STEP   MAXIMUM CHANGE MODEL-(CELLID) OR
 OUTER ITERATION STEP       ITERATION  ITERATION       FLAG ITERATIONS        RESIDUAL        RESIDUAL  MAXIMUM CHANGE SUCCESS             MODEL-PACKAGE-(NUMBER)
 ----------------------------------------------------------------------------------------------------------------------------------------------------------------
 Backtracking                       1                     0          0       208.89070       208.89070                       *                                   
 Model                              1          2                                                           -0.84543716                            1_GWF-(1,40,25)
 Backtracking                       2                     0          0  1.14350936E-09  1.14350936E-09                       *                                   
 Model                              2          1                                                        1.06581410E-13       *                    1_GWF-(1,44,33)
 ----------------------------------------------------------------------------------------------------------------------------------------------------------------


 2 CALLS TO NUMERICAL SOLUTION IN TIME STEP 10 STRESS PERIOD 2
 3 TOTAL ITERATIONS

 SLN_1 INNER ITERATION SUMMARY
 --------------------------------------------------------------------------------------------------------------------------------------
      TOTAL      OUTER      INNER                                                            MAXIMUM                                   
  ITERATION  ITERATION  ITERATION  MAXIMUM CHANGE      MAXIMUM CHANGE MODEL-(CELLID)        RESIDUAL    MAXIMUM RESIDUAL MODEL-(CELLID)
 --------------------------------------------------------------------------------------------------------------------------------------
          1          1          1     -0.84543715                    1_GWF-(1,40,25) -5.36456603E-07                    1_GWF-(1,22,53)
          2          1          2  4.52400888E-08                    1_GWF-(1,22,53) -1.11598759E-10                    1_GWF-(1,21,55)
          3          2          1  1.07763251E-13                    1_GWF-(1,44,33) -1.10288533E-10                    1_GWF-(1,21,55)
 --------------------------------------------------------------------------------------------------------------------------------------


 
    Solving:  Stress period:     2    Time step:    11
 

 SLN_1 OUTER ITERATION SUMMARY
 ----------------------------------------------------------------------------------------------------------------------------------------------------------------
                                OUTER      INNER  BACKTRACK  BACKTRACK        INCOMING        OUTGOING                    STEP   MAXIMUM CHANGE MODEL-(CELLID) OR
 OUTER ITERATION STEP       ITERATION  ITERATION       FLAG ITERATIONS        RESIDUAL        RESIDUAL  MAXIMUM CHANGE SUCCESS             MODEL-PACKAGE-(NUMBER)
 ----------------------------------------------------------------------------------------------------------------------------------------------------------------
 Backtracking                       1                     0          0       187.84556       187.84556                       *                                   
 Model                              1          2                                                           -0.75523526                            1_GWF-(1,40,25)
 Backtracking                       2                     0          0  1.03525971E-09  1.03525971E-09                       *                                   
 Model                              2          1                                                        7.81597009E-14       *                    1_GWF-(1,44,33)
 ----------------------------------------------------------------------------------------------------------------------------------------------------------------


 2 CALLS TO NUMERICAL SOLUTION IN TIME STEP 11 STRESS PERIOD 2
 3 TOTAL ITERATIONS

 SLN_1 INNER ITERATION SUMMARY
 --------------------------------------------------------------------------------------------------------------------------------------
      TOTAL      OUTER      INNER                                                            MAXIMUM                                   
  ITERATION  ITERATION  ITERATION  MAXIMUM CHANGE      MAXIMUM CHANGE MODEL-(CELLID)        RESIDUAL    MAXIMUM RESIDUAL MODEL-(CELLID)
 --------------------------------------------------------------------------------------------------------------------------------------
          1          1          1     -0.75523525                    1_GWF-(1,40,25) -4.83582248E-07                    1_GWF-(1,22,53)
          2          1          2  4.07887372E-08                    1_GWF-(1,22,53) -1.00670488E-10                    1_GWF-(1,21,55)
          3          2          1  8.06623547E-14                    1_GWF-(1,44,33) -9.97095068E-11                    1_GWF-(1,21,55)
 --------------------------------------------------------------------------------------------------------------------------------------


 
    Solving:  Stress period:     2    Time step:    12
 

 SLN_1 OUTER ITERATION SUMMARY
 ----------------------------------------------------------------------------------------------------------------------------------------------------------------
                                OUTER      INNER  BACKTRACK  BACKTRACK        INCOMING        OUTGOING                    STEP   MAXIMUM CHANGE MODEL-(CELLID) OR
 OUTER ITERATION STEP       ITERATION  ITERATION       FLAG ITERATIONS        RESIDUAL        RESIDUAL  MAXIMUM CHANGE SUCCESS             MODEL-PACKAGE-(NUMBER)
 ----------------------------------------------------------------------------------------------------------------------------------------------------------------
 Backtracking                       1                     0          0       168.99054       168.99054                       *                                   
 Model                              1          2                                                           -0.67257389                            1_GWF-(1,40,25)
 Backtracking                       2                     0          0  9.37534775E-10  9.37534775E-10                       *                                   
 Model                              2          1                                                        6.39488462E-14       *                    1_GWF-(1,44,33)
 ----------------------------------------------------------------------------------------------------------------------------------------------------------------


 2 CALLS TO NUMERICAL SOLUTION IN TIME STEP 12 STRESS PERIOD 2
 3 TOTAL ITERATIONS

 SLN_1 INNER ITERATION SUMMARY
 --------------------------------------------------------------------------------------------------------------------------------------
      TOTAL      OUTER      INNER                                                            MAXIMUM                                   
  ITERATION  ITERATION  ITERATION  MAXIMUM CHANGE      MAXIMUM CHANGE MODEL-(CELLID)        RESIDUAL    MAXIMUM RESIDUAL MODEL-(CELLID)
 --------------------------------------------------------------------------------------------------------------------------------------
          1          1          1     -0.67257388                    1_GWF-(1,40,25) -4.35844102E-07                    1_GWF-(1,22,53)
          2          1          2  3.67676355E-08                    1_GWF-(1,22,53) -9.08170439E-11                    1_GWF-(1,21,55)
          3          2          1  6.06173733E-14                    1_GWF-(1,44,33) -9.01166652E-11                    1_GWF-(1,21,55)
 --------------------------------------------------------------------------------------------------------------------------------------


 
    Solving:  Stress period:     2    Time step:    13
 

 SLN_1 OUTER ITERATION SUMMARY
 ----------------------------------------------------------------------------------------------------------------------------------------------------------------
                                OUTER      INNER  BACKTRACK  BACKTRACK        INCOMING        OUTGOING                    STEP   MAXIMUM CHANGE MODEL-(CELLID) OR
 OUTER ITERATION STEP       ITERATION  ITERATION       FLAG ITERATIONS        RESIDUAL        RESIDUAL  MAXIMUM CHANGE SUCCESS             MODEL-PACKAGE-(NUMBER)
 ----------------------------------------------------------------------------------------------------------------------------------------------------------------
 Backtracking                       1                     0          0       152.08904       152.08904                       *                                   
 Model                              1          2                                                           -0.59773183                            1_GWF-(1,40,25)
 Backtracking                       2                     0          0  8.49385368E-10  8.49385368E-10                       *                                   
 Model                              2          1                                                        4.26325641E-14       *                    1_GWF-(1,44,33)
 ----------------------------------------------------------------------------------------------------------------------------------------------------------------


 2 CALLS TO NUMERICAL SOLUTION IN TIME STEP 13 STRESS PERIOD 2
 3 TOTAL ITERATIONS

 SLN_1 INNER ITERATION SUMMARY
 --------------------------------------------------------------------------------------------------------------------------------------
      TOTAL      OUTER      INNER                                                            MAXIMUM                                   
  ITERATION  ITERATION  ITERATION  MAXIMUM CHANGE      MAXIMUM CHANGE MODEL-(CELLID)        RESIDUAL    MAXIMUM RESIDUAL MODEL-(CELLID)
 --------------------------------------------------------------------------------------------------------------------------------------
          1          1          1     -0.59773182                    1_GWF-(1,40,25) -3.92761902E-07                    1_GWF-(1,22,53)
          2          1          2  3.31369093E-08                    1_GWF-(1,22,53) -8.19320187E-11                    1_GWF-(1,21,55)
          3          2          1  4.56990206E-14                    1_GWF-(1,44,33) -8.13975198E-11                    1_GWF-(1,21,55)
 --------------------------------------------------------------------------------------------------------------------------------------


 
    Solving:  Stress period:     2    Time step:    14
 

 SLN_1 OUTER ITERATION SUMMARY
 ----------------------------------------------------------------------------------------------------------------------------------------------------------------
                                OUTER      INNER  BACKTRACK  BACKTRACK        INCOMING        OUTGOING                    STEP   MAXIMUM CHANGE MODEL-(CELLID) OR
 OUTER ITERATION STEP       ITERATION  ITERATION       FLAG ITERATIONS        RESIDUAL        RESIDUAL  MAXIMUM CHANGE SUCCESS             MODEL-PACKAGE-(NUMBER)
 ----------------------------------------------------------------------------------------------------------------------------------------------------------------
 Backtracking                       1                     0          0       136.93260       136.93260                       *                                   
 Model                              1          2                                                           -0.53053227                            1_GWF-(1,40,25)
 Backtracking                       2                     0          0  7.69951784E-10  7.69951784E-10                       *                                   
 Model                              2          1                                                        3.55271368E-14       *                    1_GWF-(1,44,33)
 ----------------------------------------------------------------------------------------------------------------------------------------------------------------


 2 CALLS TO NUMERICAL SOLUTION IN TIME STEP 14 STRESS PERIOD 2
 3 TOTAL ITERATIONS

 SLN_1 INNER ITERATION SUMMARY
 --------------------------------------------------------------------------------------------------------------------------------------
      TOTAL      OUTER      INNER                                                            MAXIMUM                                   
  ITERATION  ITERATION  ITERATION  MAXIMUM CHANGE      MAXIMUM CHANGE MODEL-(CELLID)        RESIDUAL    MAXIMUM RESIDUAL MODEL-(CELLID)
 --------------------------------------------------------------------------------------------------------------------------------------
          1          1          1     -0.53053226                    1_GWF-(1,40,25) -3.53889000E-07                    1_GWF-(1,22,53)
          2          1          2  2.98594187E-08                    1_GWF-(1,22,53) -7.39188093E-11                    1_GWF-(1,21,55)
          3          2          1  3.46196649E-14                    1_GWF-(1,44,33) -7.35186339E-11                    1_GWF-(1,21,55)
 --------------------------------------------------------------------------------------------------------------------------------------


 
    Solving:  Stress period:     2    Time step:    15
 

 SLN_1 OUTER ITERATION SUMMARY
 ----------------------------------------------------------------------------------------------------------------------------------------------------------------
                                OUTER      INNER  BACKTRACK  BACKTRACK        INCOMING        OUTGOING                    STEP   MAXIMUM CHANGE MODEL-(CELLID) OR
 OUTER ITERATION STEP       ITERATION  ITERATION       FLAG ITERATIONS        RESIDUAL        RESIDUAL  MAXIMUM CHANGE SUCCESS             MODEL-PACKAGE-(NUMBER)
 ----------------------------------------------------------------------------------------------------------------------------------------------------------------
 Backtracking                       1                     0          0       123.33680       123.33680                       *                                   
 Model                              1          2                                                           -0.47054745                            1_GWF-(1,40,25)
 Backtracking                       2                     0          0  6.98496834E-10  6.98496834E-10                       *                                   
 Model                              2          1                                                        2.84217094E-14       *                    1_GWF-(1,44,33)
 ----------------------------------------------------------------------------------------------------------------------------------------------------------------


 2 CALLS TO NUMERICAL SOLUTION IN TIME STEP 15 STRESS PERIOD 2
 3 TOTAL ITERATIONS

 SLN_1 INNER ITERATION SUMMARY
 --------------------------------------------------------------------------------------------------------------------------------------
      TOTAL      OUTER      INNER                                                            MAXIMUM                                   
  ITERATION  ITERATION  ITERATION  MAXIMUM CHANGE      MAXIMUM CHANGE MODEL-(CELLID)        RESIDUAL    MAXIMUM RESIDUAL MODEL-(CELLID)
 --------------------------------------------------------------------------------------------------------------------------------------
          1          1          1     -0.47054744                    1_GWF-(1,40,25) -3.18815375E-07                    1_GWF-(1,22,53)
          2          1          2  2.69010210E-08                    1_GWF-(1,22,53) -6.66902887E-11                    1_GWF-(1,21,55)
          3          2          1  2.63114884E-14                    1_GWF-(1,44,33) -6.64142260E-11                    1_GWF-(1,21,55)
 --------------------------------------------------------------------------------------------------------------------------------------


 
    Solving:  Stress period:     2    Time step:    16
 

 SLN_1 OUTER ITERATION SUMMARY
 ----------------------------------------------------------------------------------------------------------------------------------------------------------------
                                OUTER      INNER  BACKTRACK  BACKTRACK        INCOMING        OUTGOING                    STEP   MAXIMUM CHANGE MODEL-(CELLID) OR
 OUTER ITERATION STEP       ITERATION  ITERATION       FLAG ITERATIONS        RESIDUAL        RESIDUAL  MAXIMUM CHANGE SUCCESS             MODEL-PACKAGE-(NUMBER)
 ----------------------------------------------------------------------------------------------------------------------------------------------------------------
 Backtracking                       1                     0          0       111.13801       111.13801                       *                                   
 Model                              1          2                                                           -0.41722518                            1_GWF-(1,40,25)
 Backtracking                       2                     0          0  6.34188316E-10  6.34188316E-10                       *                                   
 Model                              2          1                                                        2.13162821E-14       *                    1_GWF-(1,44,33)
 ----------------------------------------------------------------------------------------------------------------------------------------------------------------


 2 CALLS TO NUMERICAL SOLUTION IN TIME STEP 16 STRESS PERIOD 2
 3 TOTAL ITERATIONS

 SLN_1 INNER ITERATION SUMMARY
 --------------------------------------------------------------------------------------------------------------------------------------
      TOTAL      OUTER      INNER                                                            MAXIMUM                                   
  ITERATION  ITERATION  ITERATION  MAXIMUM CHANGE      MAXIMUM CHANGE MODEL-(CELLID)        RESIDUAL    MAXIMUM RESIDUAL MODEL-(CELLID)
 --------------------------------------------------------------------------------------------------------------------------------------
          1          1          1     -0.41722517                    1_GWF-(1,40,25) -2.87167639E-07                    1_GWF-(1,22,53)
          2          1          2  2.42305691E-08                    1_GWF-(1,22,53) -6.01680452E-11                    1_GWF-(1,21,55)
          3          2          1  2.01336447E-14                    1_GWF-(1,44,33) -5.99659437E-11                    1_GWF-(1,21,55)
 --------------------------------------------------------------------------------------------------------------------------------------


 
    Solving:  Stress period:     2    Time step:    17
 

 SLN_1 OUTER ITERATION SUMMARY
 ----------------------------------------------------------------------------------------------------------------------------------------------------------------
                                OUTER      INNER  BACKTRACK  BACKTRACK        INCOMING        OUTGOING                    STEP   MAXIMUM CHANGE MODEL-(CELLID) OR
 OUTER ITERATION STEP       ITERATION  ITERATION       FLAG ITERATIONS        RESIDUAL        RESIDUAL  MAXIMUM CHANGE SUCCESS             MODEL-PACKAGE-(NUMBER)
 ----------------------------------------------------------------------------------------------------------------------------------------------------------------
 Backtracking                       1                     0          0       100.19074       100.19074                       *                                   
 Model                              1          2                                                           -0.36996586                            1_GWF-(1,40,25)
 Backtracking                       2                     0          0  5.76527362E-10  5.76527362E-10                       *                                   
 Model                              2          1                                                        1.42108547E-14       *                    1_GWF-(1,44,33)
 ----------------------------------------------------------------------------------------------------------------------------------------------------------------


 2 CALLS TO NUMERICAL SOLUTION IN TIME STEP 17 STRESS PERIOD 2
 3 TOTAL ITERATIONS

 SLN_1 INNER ITERATION SUMMARY
 --------------------------------------------------------------------------------------------------------------------------------------
      TOTAL      OUTER      INNER                                                            MAXIMUM                                   
  ITERATION  ITERATION  ITERATION  MAXIMUM CHANGE      MAXIMUM CHANGE MODEL-(CELLID)        RESIDUAL    MAXIMUM RESIDUAL MODEL-(CELLID)
 --------------------------------------------------------------------------------------------------------------------------------------
          1          1          1     -0.36996585                    1_GWF-(1,40,25) -2.58607484E-07                    1_GWF-(1,22,53)
          2          1          2  2.18197980E-08                    1_GWF-(1,22,53) -5.42816605E-11                    1_GWF-(1,21,55)
          3          2          1  1.54644642E-14                    1_GWF-(1,44,33) -5.41093899E-11                    1_GWF-(1,21,55)
 --------------------------------------------------------------------------------------------------------------------------------------


 
    Solving:  Stress period:     2    Time step:    18
 

 SLN_1 OUTER ITERATION SUMMARY
 ----------------------------------------------------------------------------------------------------------------------------------------------------------------
                                OUTER      INNER  BACKTRACK  BACKTRACK        INCOMING        OUTGOING                    STEP   MAXIMUM CHANGE MODEL-(CELLID) OR
 OUTER ITERATION STEP       ITERATION  ITERATION       FLAG ITERATIONS        RESIDUAL        RESIDUAL  MAXIMUM CHANGE SUCCESS             MODEL-PACKAGE-(NUMBER)
 ----------------------------------------------------------------------------------------------------------------------------------------------------------------
 Backtracking                       1                     0          0       90.365352       90.365352                       *                                   
 Model                              1          2                                                           -0.34429932                            1_GWF-(1,39,27)
 Backtracking                       2                     0          0  5.24765713E-10  5.24765713E-10                       *                                   
 Model                              2          1                                                        1.42108547E-14       *                    1_GWF-(1,44,33)
 ----------------------------------------------------------------------------------------------------------------------------------------------------------------


 2 CALLS TO NUMERICAL SOLUTION IN TIME STEP 18 STRESS PERIOD 2
 3 TOTAL ITERATIONS

 SLN_1 INNER ITERATION SUMMARY
 --------------------------------------------------------------------------------------------------------------------------------------
      TOTAL      OUTER      INNER                                                            MAXIMUM                                   
  ITERATION  ITERATION  ITERATION  MAXIMUM CHANGE      MAXIMUM CHANGE MODEL-(CELLID)        RESIDUAL    MAXIMUM RESIDUAL MODEL-(CELLID)
 --------------------------------------------------------------------------------------------------------------------------------------
          1          1          1     -0.34429933                    1_GWF-(1,39,27) -2.32829386E-07                    1_GWF-(1,22,53)
          2          1          2  2.03664843E-08                    1_GWF-(1,46,35) -4.89679016E-11                    1_GWF-(1,21,55)
          3          2          1  1.21286455E-14                    1_GWF-(1,43,32) -4.88424339E-11                    1_GWF-(1,21,55)
 --------------------------------------------------------------------------------------------------------------------------------------


 
    Solving:  Stress period:     2    Time step:    19
 

 SLN_1 OUTER ITERATION SUMMARY
 ----------------------------------------------------------------------------------------------------------------------------------------------------------------
                                OUTER      INNER  BACKTRACK  BACKTRACK        INCOMING        OUTGOING                    STEP   MAXIMUM CHANGE MODEL-(CELLID) OR
 OUTER ITERATION STEP       ITERATION  ITERATION       FLAG ITERATIONS        RESIDUAL        RESIDUAL  MAXIMUM CHANGE SUCCESS             MODEL-PACKAGE-(NUMBER)
 ----------------------------------------------------------------------------------------------------------------------------------------------------------------
 Backtracking                       1                     0          0       81.546246       81.546246                       *                                   
 Model                              1          2                                                           -0.32590771                            1_GWF-(1,39,27)
 Backtracking                       2                     0          0  4.78398226E-10  4.78398226E-10                       *                                   
 Model                              2          1                                                        7.54951657E-15       *                    1_GWF-(1,21,55)
 ----------------------------------------------------------------------------------------------------------------------------------------------------------------


 2 CALLS TO NUMERICAL SOLUTION IN TIME STEP 19 STRESS PERIOD 2
 3 TOTAL ITERATIONS

 SLN_1 INNER ITERATION SUMMARY
 --------------------------------------------------------------------------------------------------------------------------------------
      TOTAL      OUTER      INNER                                                            MAXIMUM                                   
  ITERATION  ITERATION  ITERATION  MAXIMUM CHANGE      MAXIMUM CHANGE MODEL-(CELLID)        RESIDUAL    MAXIMUM RESIDUAL MODEL-(CELLID)
 --------------------------------------------------------------------------------------------------------------------------------------
          1          1          1     -0.32590771                    1_GWF-(1,39,27) -2.09558011E-07                    1_GWF-(1,22,53)
          2          1          2  1.91920870E-08                    1_GWF-(1,46,35) -4.41700184E-11                    1_GWF-(1,21,55)
          3          2          1  9.58730638E-15                    1_GWF-(1,43,32) -4.40765281E-11                    1_GWF-(1,21,55)
 --------------------------------------------------------------------------------------------------------------------------------------


 
    Solving:  Stress period:     2    Time step:    20
 

 SLN_1 OUTER ITERATION SUMMARY
 ----------------------------------------------------------------------------------------------------------------------------------------------------------------
                                OUTER      INNER  BACKTRACK  BACKTRACK        INCOMING        OUTGOING                    STEP   MAXIMUM CHANGE MODEL-(CELLID) OR
 OUTER ITERATION STEP       ITERATION  ITERATION       FLAG ITERATIONS        RESIDUAL        RESIDUAL  MAXIMUM CHANGE SUCCESS             MODEL-PACKAGE-(NUMBER)
 ----------------------------------------------------------------------------------------------------------------------------------------------------------------
 Backtracking                       1                     0          0       73.630167       73.630167                       *                                   
 Model                              1          2                                                           -0.30840807                            1_GWF-(1,39,27)
 Backtracking                       2                     0          0  4.36869619E-10  4.36869619E-10                       *                                   
 Model                              2          1                                                        7.10542736E-15       *                    1_GWF-(1,44,33)
 ----------------------------------------------------------------------------------------------------------------------------------------------------------------


 2 CALLS TO NUMERICAL SOLUTION IN TIME STEP 20 STRESS PERIOD 2
 3 TOTAL ITERATIONS

 SLN_1 INNER ITERATION SUMMARY
 --------------------------------------------------------------------------------------------------------------------------------------
      TOTAL      OUTER      INNER                                                            MAXIMUM                                   
  ITERATION  ITERATION  ITERATION  MAXIMUM CHANGE      MAXIMUM CHANGE MODEL-(CELLID)        RESIDUAL    MAXIMUM RESIDUAL MODEL-(CELLID)
 --------------------------------------------------------------------------------------------------------------------------------------
          1          1          1     -0.30840807                    1_GWF-(1,39,27) -1.88545564E-07                    1_GWF-(1,22,53)
          2          1          2  1.81205467E-08                    1_GWF-(1,46,35) -4.02599187E-11                    1_GWF-(1,31,35)
          3          2          1  7.59855867E-15                    1_GWF-(1,43,32) -4.01902828E-11                    1_GWF-(1,31,35)
 --------------------------------------------------------------------------------------------------------------------------------------


 
    Solving:  Stress period:     2    Time step:    21
 

 SLN_1 OUTER ITERATION SUMMARY
 ----------------------------------------------------------------------------------------------------------------------------------------------------------------
                                OUTER      INNER  BACKTRACK  BACKTRACK        INCOMING        OUTGOING                    STEP   MAXIMUM CHANGE MODEL-(CELLID) OR
 OUTER ITERATION STEP       ITERATION  ITERATION       FLAG ITERATIONS        RESIDUAL        RESIDUAL  MAXIMUM CHANGE SUCCESS             MODEL-PACKAGE-(NUMBER)
 ----------------------------------------------------------------------------------------------------------------------------------------------------------------
 Backtracking                       1                     0          0       66.524824       66.524824                       *                                   
 Model                              1          2                                                           -0.29182793                            1_GWF-(1,39,27)
 Backtracking                       2                     0          0  3.99691595E-10  3.99691595E-10                       *                                   
 Model                              2          1                                                        7.10542736E-15       *                    1_GWF-(1,44,33)
 ----------------------------------------------------------------------------------------------------------------------------------------------------------------


 2 CALLS TO NUMERICAL SOLUTION IN TIME STEP 21 STRESS PERIOD 2
 3 TOTAL ITERATIONS

 SLN_1 INNER ITERATION SUMMARY
 --------------------------------------------------------------------------------------------------------------------------------------
      TOTAL      OUTER      INNER                                                            MAXIMUM                                   
  ITERATION  ITERATION  ITERATION  MAXIMUM CHANGE      MAXIMUM CHANGE MODEL-(CELLID)        RESIDUAL    MAXIMUM RESIDUAL MODEL-(CELLID)
 --------------------------------------------------------------------------------------------------------------------------------------
          1          1          1     -0.29182794                    1_GWF-(1,39,27) -1.69569231E-07                    1_GWF-(1,22,53)
          2          1          2  1.71407124E-08                    1_GWF-(1,46,35) -3.92158955E-11                    1_GWF-(1,31,35)
          3          2          1  6.05631488E-15                    1_GWF-(1,43,32) -3.91372351E-11                    1_GWF-(1,31,35)
 --------------------------------------------------------------------------------------------------------------------------------------


 
    Solving:  Stress period:     2    Time step:    22
 

 SLN_1 OUTER ITERATION SUMMARY
 ----------------------------------------------------------------------------------------------------------------------------------------------------------------
                                OUTER      INNER  BACKTRACK  BACKTRACK        INCOMING        OUTGOING                    STEP   MAXIMUM CHANGE MODEL-(CELLID) OR
 OUTER ITERATION STEP       ITERATION  ITERATION       FLAG ITERATIONS        RESIDUAL        RESIDUAL  MAXIMUM CHANGE SUCCESS             MODEL-PACKAGE-(NUMBER)
 ----------------------------------------------------------------------------------------------------------------------------------------------------------------
 Backtracking                       1                     0          0       60.147653       60.147653                       *                                   
 Model                              1          2                                                           -0.27760482                            1_GWF-(1,39,28)
 Backtracking                       2                     0          0  3.66446055E-10  3.66446055E-10                       *                                   
 Model                              2          1                                                        7.10542736E-15       *                    1_GWF-(1,44,33)
 ----------------------------------------------------------------------------------------------------------------------------------------------------------------


 2 CALLS TO NUMERICAL SOLUTION IN TIME STEP 22 STRESS PERIOD 2
 3 TOTAL ITERATIONS

 SLN_1 INNER ITERATION SUMMARY
 --------------------------------------------------------------------------------------------------------------------------------------
      TOTAL      OUTER      INNER                                                            MAXIMUM                                   
  ITERATION  ITERATION  ITERATION  MAXIMUM CHANGE      MAXIMUM CHANGE MODEL-(CELLID)        RESIDUAL    MAXIMUM RESIDUAL MODEL-(CELLID)
 --------------------------------------------------------------------------------------------------------------------------------------
          1          1          1     -0.27760482                    1_GWF-(1,39,28) -1.52428782E-07                    1_GWF-(1,22,53)
          2          1          2  1.62423910E-08                    1_GWF-(1,46,35) -3.80546060E-11                    1_GWF-(1,31,35)
          3          2          1  4.83404829E-15                    1_GWF-(1,43,32) -3.80248968E-11                    1_GWF-(1,31,35)
 --------------------------------------------------------------------------------------------------------------------------------------


 
    Solving:  Stress period:     2    Time step:    23
 

 SLN_1 OUTER ITERATION SUMMARY
 ----------------------------------------------------------------------------------------------------------------------------------------------------------------
                                OUTER      INNER  BACKTRACK  BACKTRACK        INCOMING        OUTGOING                    STEP   MAXIMUM CHANGE MODEL-(CELLID) OR
 OUTER ITERATION STEP       ITERATION  ITERATION       FLAG ITERATIONS        RESIDUAL        RESIDUAL  MAXIMUM CHANGE SUCCESS             MODEL-PACKAGE-(NUMBER)
 ----------------------------------------------------------------------------------------------------------------------------------------------------------------
 Backtracking                       1                     0          0       54.424744       54.424744                       *                                   
 Model                              1          2                                                           -0.26820623                            1_GWF-(1,39,28)
 Backtracking                       2                     0          0  3.36746215E-10  3.36746215E-10                       *                                   
 Model                              2          1                                                        7.10542736E-15       *                    1_GWF-(1,44,33)
 ----------------------------------------------------------------------------------------------------------------------------------------------------------------


 2 CALLS TO NUMERICAL SOLUTION IN TIME STEP 23 STRESS PERIOD 2
 3 TOTAL ITERATIONS

 SLN_1 INNER ITERATION SUMMARY
 --------------------------------------------------------------------------------------------------------------------------------------
      TOTAL      OUTER      INNER                                                            MAXIMUM                                   
  ITERATION  ITERATION  ITERATION  MAXIMUM CHANGE      MAXIMUM CHANGE MODEL-(CELLID)        RESIDUAL    MAXIMUM RESIDUAL MODEL-(CELLID)
 --------------------------------------------------------------------------------------------------------------------------------------
          1          1          1     -0.26820624                    1_GWF-(1,39,28) -1.36944349E-07                    1_GWF-(1,22,53)
          2          1          2  1.58048138E-08                    1_GWF-(1,45,34) -3.68113219E-11                    1_GWF-(1,31,35)
          3          2          1  3.88438343E-15                    1_GWF-(1,43,32) -3.67969564E-11                    1_GWF-(1,31,35)
 --------------------------------------------------------------------------------------------------------------------------------------


 
    Solving:  Stress period:     2    Time step:    24
 

 SLN_1 OUTER ITERATION SUMMARY
 ----------------------------------------------------------------------------------------------------------------------------------------------------------------
                                OUTER      INNER  BACKTRACK  BACKTRACK        INCOMING        OUTGOING                    STEP   MAXIMUM CHANGE MODEL-(CELLID) OR
 OUTER ITERATION STEP       ITERATION  ITERATION       FLAG ITERATIONS        RESIDUAL        RESIDUAL  MAXIMUM CHANGE SUCCESS             MODEL-PACKAGE-(NUMBER)
 ----------------------------------------------------------------------------------------------------------------------------------------------------------------
 Backtracking                       1                     0          0       49.289887       49.289887                       *                                   
 Model                              1          2                                                           -0.25888098                            1_GWF-(1,39,28)
 Backtracking                       2                     0          0  3.10249243E-10  3.10249243E-10                       *                                   
 Model                              2          1                                                        3.55271368E-15       *                    1_GWF-(1,38,32)
 ----------------------------------------------------------------------------------------------------------------------------------------------------------------


 2 CALLS TO NUMERICAL SOLUTION IN TIME STEP 24 STRESS PERIOD 2
 3 TOTAL ITERATIONS

 SLN_1 INNER ITERATION SUMMARY
 --------------------------------------------------------------------------------------------------------------------------------------
      TOTAL      OUTER      INNER                                                            MAXIMUM                                   
  ITERATION  ITERATION  ITERATION  MAXIMUM CHANGE      MAXIMUM CHANGE MODEL-(CELLID)        RESIDUAL    MAXIMUM RESIDUAL MODEL-(CELLID)
 --------------------------------------------------------------------------------------------------------------------------------------
          1          1          1     -0.25888099                    1_GWF-(1,39,28) -1.22954413E-07                    1_GWF-(1,22,53)
          2          1          2  1.54119572E-08                    1_GWF-(1,45,34) -3.55139127E-11                    1_GWF-(1,31,35)
          3          2          1  3.15652681E-15                    1_GWF-(1,43,32) -3.54679681E-11                    1_GWF-(1,31,35)
 --------------------------------------------------------------------------------------------------------------------------------------


 
    Solving:  Stress period:     2    Time step:    25
 

 SLN_1 OUTER ITERATION SUMMARY
 ----------------------------------------------------------------------------------------------------------------------------------------------------------------
                                OUTER      INNER  BACKTRACK  BACKTRACK        INCOMING        OUTGOING                    STEP   MAXIMUM CHANGE MODEL-(CELLID) OR
 OUTER ITERATION STEP       ITERATION  ITERATION       FLAG ITERATIONS        RESIDUAL        RESIDUAL  MAXIMUM CHANGE SUCCESS             MODEL-PACKAGE-(NUMBER)
 ----------------------------------------------------------------------------------------------------------------------------------------------------------------
 Backtracking                       1                     0          0       44.683737       44.683737                       *                                   
 Model                              1          2                                                           -0.24968889                            1_GWF-(1,39,28)
 Backtracking                       2                     0          0  2.86559416E-10  2.86559416E-10                       *                                   
 Model                              2          1                                                        3.55271368E-15       *                    1_GWF-(1,38,32)
 ----------------------------------------------------------------------------------------------------------------------------------------------------------------


 2 CALLS TO NUMERICAL SOLUTION IN TIME STEP 25 STRESS PERIOD 2
 3 TOTAL ITERATIONS

 SLN_1 INNER ITERATION SUMMARY
 --------------------------------------------------------------------------------------------------------------------------------------
      TOTAL      OUTER      INNER                                                            MAXIMUM                                   
  ITERATION  ITERATION  ITERATION  MAXIMUM CHANGE      MAXIMUM CHANGE MODEL-(CELLID)        RESIDUAL    MAXIMUM RESIDUAL MODEL-(CELLID)
 --------------------------------------------------------------------------------------------------------------------------------------
          1          1          1     -0.24968890                    1_GWF-(1,39,28) -1.10313977E-07                    1_GWF-(1,22,53)
          2          1          2  1.50132403E-08                    1_GWF-(1,45,34) -3.41842958E-11                    1_GWF-(1,31,35)
          3          2          1  2.56104897E-15                    1_GWF-(1,43,32) -3.41234467E-11                    1_GWF-(1,31,35)
 --------------------------------------------------------------------------------------------------------------------------------------


 
    Solving:  Stress period:     2    Time step:    26
 

 SLN_1 OUTER ITERATION SUMMARY
 ----------------------------------------------------------------------------------------------------------------------------------------------------------------
                                OUTER      INNER  BACKTRACK  BACKTRACK        INCOMING        OUTGOING                    STEP   MAXIMUM CHANGE MODEL-(CELLID) OR
 OUTER ITERATION STEP       ITERATION  ITERATION       FLAG ITERATIONS        RESIDUAL        RESIDUAL  MAXIMUM CHANGE SUCCESS             MODEL-PACKAGE-(NUMBER)
 ----------------------------------------------------------------------------------------------------------------------------------------------------------------
 Backtracking                       1                     0          0       40.553070       40.553070                       *                                   
 Model                              1          2                                                           -0.24067615                            1_GWF-(1,39,28)
 Backtracking                       2                     0          0  2.65461026E-10  2.65461026E-10                       *                                   
 Model                              2          1                                                        3.55271368E-15       *                    1_GWF-(1,38,31)
 ----------------------------------------------------------------------------------------------------------------------------------------------------------------


 2 CALLS TO NUMERICAL SOLUTION IN TIME STEP 26 STRESS PERIOD 2
 3 TOTAL ITERATIONS

 SLN_1 INNER ITERATION SUMMARY
 --------------------------------------------------------------------------------------------------------------------------------------
      TOTAL      OUTER      INNER                                                            MAXIMUM                                   
  ITERATION  ITERATION  ITERATION  MAXIMUM CHANGE      MAXIMUM CHANGE MODEL-(CELLID)        RESIDUAL    MAXIMUM RESIDUAL MODEL-(CELLID)
 --------------------------------------------------------------------------------------------------------------------------------------
          1          1          1     -0.24067616                    1_GWF-(1,39,28) -1.02437619E-07                    1_GWF-(1,37,34)
          2          1          2  1.46111158E-08                    1_GWF-(1,45,34) -3.28396612E-11                    1_GWF-(1,31,35)
          3          2          1  2.10529864E-15                    1_GWF-(1,43,32) -3.28204540E-11                    1_GWF-(1,31,35)
 --------------------------------------------------------------------------------------------------------------------------------------


 
    Solving:  Stress period:     2    Time step:    27
 

 SLN_1 OUTER ITERATION SUMMARY
 ----------------------------------------------------------------------------------------------------------------------------------------------------------------
                                OUTER      INNER  BACKTRACK  BACKTRACK        INCOMING        OUTGOING                    STEP   MAXIMUM CHANGE MODEL-(CELLID) OR
 OUTER ITERATION STEP       ITERATION  ITERATION       FLAG ITERATIONS        RESIDUAL        RESIDUAL  MAXIMUM CHANGE SUCCESS             MODEL-PACKAGE-(NUMBER)
 ----------------------------------------------------------------------------------------------------------------------------------------------------------------
 Backtracking                       1                     0          0       36.850118       36.850118                       *                                   
 Model                              1          2                                                           -0.23187763                            1_GWF-(1,39,28)
 Backtracking                       2                     0          0  2.46603159E-10  2.46603159E-10                       *                                   
 Model                              2          1                                                        1.77635684E-15       *                    1_GWF-(1,36,37)
 ----------------------------------------------------------------------------------------------------------------------------------------------------------------


 2 CALLS TO NUMERICAL SOLUTION IN TIME STEP 27 STRESS PERIOD 2
 3 TOTAL ITERATIONS

 SLN_1 INNER ITERATION SUMMARY
 --------------------------------------------------------------------------------------------------------------------------------------
      TOTAL      OUTER      INNER                                                            MAXIMUM                                   
  ITERATION  ITERATION  ITERATION  MAXIMUM CHANGE      MAXIMUM CHANGE MODEL-(CELLID)        RESIDUAL    MAXIMUM RESIDUAL MODEL-(CELLID)
 --------------------------------------------------------------------------------------------------------------------------------------
          1          1          1     -0.23187764                    1_GWF-(1,39,28) -9.96292710E-08                    1_GWF-(1,37,34)
          2          1          2  1.42072269E-08                    1_GWF-(1,45,34) -3.16772081E-11                    1_GWF-(1,37,31)
          3          2          1  1.73167836E-15                    1_GWF-(1,43,32) -3.16728574E-11                    1_GWF-(1,37,31)
 --------------------------------------------------------------------------------------------------------------------------------------


 
    Solving:  Stress period:     2    Time step:    28
 

 SLN_1 OUTER ITERATION SUMMARY
 ----------------------------------------------------------------------------------------------------------------------------------------------------------------
                                OUTER      INNER  BACKTRACK  BACKTRACK        INCOMING        OUTGOING                    STEP   MAXIMUM CHANGE MODEL-(CELLID) OR
 OUTER ITERATION STEP       ITERATION  ITERATION       FLAG ITERATIONS        RESIDUAL        RESIDUAL  MAXIMUM CHANGE SUCCESS             MODEL-PACKAGE-(NUMBER)
 ----------------------------------------------------------------------------------------------------------------------------------------------------------------
 Backtracking                       1                     0          0       33.531984       33.531984                       *                                   
 Model                              1          2                                                           -0.22331892                            1_GWF-(1,39,28)
 Backtracking                       2                     0          0  2.29758549E-10  2.29758549E-10                       *                                   
 Model                              2          1                                                        1.77635684E-15       *                    1_GWF-(1,35,36)
 ----------------------------------------------------------------------------------------------------------------------------------------------------------------


 2 CALLS TO NUMERICAL SOLUTION IN TIME STEP 28 STRESS PERIOD 2
 3 TOTAL ITERATIONS

 SLN_1 INNER ITERATION SUMMARY
 --------------------------------------------------------------------------------------------------------------------------------------
      TOTAL      OUTER      INNER                                                            MAXIMUM                                   
  ITERATION  ITERATION  ITERATION  MAXIMUM CHANGE      MAXIMUM CHANGE MODEL-(CELLID)        RESIDUAL    MAXIMUM RESIDUAL MODEL-(CELLID)
 --------------------------------------------------------------------------------------------------------------------------------------
          1          1          1     -0.22331892                    1_GWF-(1,39,28) -9.67173334E-08                    1_GWF-(1,37,34)
          2          1          2  1.38026646E-08                    1_GWF-(1,45,34) -3.11303917E-11                    1_GWF-(1,37,31)
          3          2          1  1.44007373E-15                    1_GWF-(1,38,31) -3.10501646E-11                    1_GWF-(1,37,31)
 --------------------------------------------------------------------------------------------------------------------------------------


 
    Solving:  Stress period:     2    Time step:    29
 

 SLN_1 OUTER ITERATION SUMMARY
 ----------------------------------------------------------------------------------------------------------------------------------------------------------------
                                OUTER      INNER  BACKTRACK  BACKTRACK        INCOMING        OUTGOING                    STEP   MAXIMUM CHANGE MODEL-(CELLID) OR
 OUTER ITERATION STEP       ITERATION  ITERATION       FLAG ITERATIONS        RESIDUAL        RESIDUAL  MAXIMUM CHANGE SUCCESS             MODEL-PACKAGE-(NUMBER)
 ----------------------------------------------------------------------------------------------------------------------------------------------------------------
 Backtracking                       1                     0          0       30.560115       30.560115                       *                                   
 Model                              1          2                                                           -0.21501800                            1_GWF-(1,39,28)
 Backtracking                       2                     0          0  2.14758002E-10  2.14758002E-10                       *                                   
 Model                              2          1                                                        1.77635684E-15       *                    1_GWF-(1,32,35)
 ----------------------------------------------------------------------------------------------------------------------------------------------------------------


 2 CALLS TO NUMERICAL SOLUTION IN TIME STEP 29 STRESS PERIOD 2
 3 TOTAL ITERATIONS

 SLN_1 INNER ITERATION SUMMARY
 --------------------------------------------------------------------------------------------------------------------------------------
      TOTAL      OUTER      INNER                                                            MAXIMUM                                   
  ITERATION  ITERATION  ITERATION  MAXIMUM CHANGE      MAXIMUM CHANGE MODEL-(CELLID)        RESIDUAL    MAXIMUM RESIDUAL MODEL-(CELLID)
 --------------------------------------------------------------------------------------------------------------------------------------
          1          1          1     -0.21501801                    1_GWF-(1,39,28) -9.37127339E-08                    1_GWF-(1,37,34)
          2          1          2  1.33981900E-08                    1_GWF-(1,45,34) -3.05208489E-11                    1_GWF-(1,37,31)
          3          2          1  1.22181388E-15                    1_GWF-(1,38,31) -3.04838303E-11                    1_GWF-(1,37,31)
 --------------------------------------------------------------------------------------------------------------------------------------


 
    Solving:  Stress period:     2    Time step:    30
 

 SLN_1 OUTER ITERATION SUMMARY
 ----------------------------------------------------------------------------------------------------------------------------------------------------------------
                                OUTER      INNER  BACKTRACK  BACKTRACK        INCOMING        OUTGOING                    STEP   MAXIMUM CHANGE MODEL-(CELLID) OR
 OUTER ITERATION STEP       ITERATION  ITERATION       FLAG ITERATIONS        RESIDUAL        RESIDUAL  MAXIMUM CHANGE SUCCESS             MODEL-PACKAGE-(NUMBER)
 ----------------------------------------------------------------------------------------------------------------------------------------------------------------
 Backtracking                       1                     0          0       27.899831       27.899831                       *                                   
 Model                              1          2                                                           -0.20698674                            1_GWF-(1,39,28)
 Backtracking                       2                     0          0  2.01301363E-10  2.01301363E-10                       *                                   
 Model                              2          1                                                       -8.88178420E-16       *                    1_GWF-(1,37,26)
 ----------------------------------------------------------------------------------------------------------------------------------------------------------------


 2 CALLS TO NUMERICAL SOLUTION IN TIME STEP 30 STRESS PERIOD 2
 3 TOTAL ITERATIONS

 SLN_1 INNER ITERATION SUMMARY
 --------------------------------------------------------------------------------------------------------------------------------------
      TOTAL      OUTER      INNER                                                            MAXIMUM                                   
  ITERATION  ITERATION  ITERATION  MAXIMUM CHANGE      MAXIMUM CHANGE MODEL-(CELLID)        RESIDUAL    MAXIMUM RESIDUAL MODEL-(CELLID)
 --------------------------------------------------------------------------------------------------------------------------------------
          1          1          1     -0.20698675                    1_GWF-(1,39,28)  9.15710317E-08                    1_GWF-(1,35,36)
          2          1          2  1.29942744E-08                    1_GWF-(1,45,34) -2.98584006E-11                    1_GWF-(1,37,31)
          3          2          1  1.04600719E-15                    1_GWF-(1,38,31) -2.97466720E-11                    1_GWF-(1,37,31)
 --------------------------------------------------------------------------------------------------------------------------------------


 
    Solving:  Stress period:     2    Time step:    31
 

 SLN_1 OUTER ITERATION SUMMARY
 ----------------------------------------------------------------------------------------------------------------------------------------------------------------
                                OUTER      INNER  BACKTRACK  BACKTRACK        INCOMING        OUTGOING                    STEP   MAXIMUM CHANGE MODEL-(CELLID) OR
 OUTER ITERATION STEP       ITERATION  ITERATION       FLAG ITERATIONS        RESIDUAL        RESIDUAL  MAXIMUM CHANGE SUCCESS             MODEL-PACKAGE-(NUMBER)
 ----------------------------------------------------------------------------------------------------------------------------------------------------------------
 Backtracking                       1                     0          0       25.519905       25.519905                       *                                   
 Model                              1          2                                                           -0.19923208                            1_GWF-(1,39,28)
 Backtracking                       2                     0          0  1.89371381E-10  1.89371381E-10                       *                                   
 Model                              2          1                                                        8.88178420E-16       *                    1_GWF-(1,29,36)
 ----------------------------------------------------------------------------------------------------------------------------------------------------------------


 2 CALLS TO NUMERICAL SOLUTION IN TIME STEP 31 STRESS PERIOD 2
 3 TOTAL ITERATIONS

 SLN_1 INNER ITERATION SUMMARY
 --------------------------------------------------------------------------------------------------------------------------------------
      TOTAL      OUTER      INNER                                                            MAXIMUM                                   
  ITERATION  ITERATION  ITERATION  MAXIMUM CHANGE      MAXIMUM CHANGE MODEL-(CELLID)        RESIDUAL    MAXIMUM RESIDUAL MODEL-(CELLID)
 --------------------------------------------------------------------------------------------------------------------------------------
          1          1          1     -0.19923209                    1_GWF-(1,39,28)  8.98721267E-08                    1_GWF-(1,35,36)
          2          1          2  1.25913172E-08                    1_GWF-(1,45,34) -2.91512151E-11                    1_GWF-(1,37,31)
          3          2          1  9.03947538E-16                    1_GWF-(1,38,31) -2.91796696E-11                    1_GWF-(1,37,31)
 --------------------------------------------------------------------------------------------------------------------------------------


 
    Solving:  Stress period:     2    Time step:    32
 

 SLN_1 OUTER ITERATION SUMMARY
 ----------------------------------------------------------------------------------------------------------------------------------------------------------------
                                OUTER      INNER  BACKTRACK  BACKTRACK        INCOMING        OUTGOING                    STEP   MAXIMUM CHANGE MODEL-(CELLID) OR
 OUTER ITERATION STEP       ITERATION  ITERATION       FLAG ITERATIONS        RESIDUAL        RESIDUAL  MAXIMUM CHANGE SUCCESS             MODEL-PACKAGE-(NUMBER)
 ----------------------------------------------------------------------------------------------------------------------------------------------------------------
 Backtracking                       1                     0          0       23.392193       23.392193                       *                                   
 Model                              1          2                                                           -0.19175703                            1_GWF-(1,39,28)
 Backtracking                       2                     0          0  1.78535806E-10  1.78535806E-10                       *                                   
 Model                              2          1                                                        8.88178420E-16       *                    1_GWF-(1,29,36)
 ----------------------------------------------------------------------------------------------------------------------------------------------------------------


 2 CALLS TO NUMERICAL SOLUTION IN TIME STEP 32 STRESS PERIOD 2
 3 TOTAL ITERATIONS

 SLN_1 INNER ITERATION SUMMARY
 --------------------------------------------------------------------------------------------------------------------------------------
      TOTAL      OUTER      INNER                                                            MAXIMUM                                   
  ITERATION  ITERATION  ITERATION  MAXIMUM CHANGE      MAXIMUM CHANGE MODEL-(CELLID)        RESIDUAL    MAXIMUM RESIDUAL MODEL-(CELLID)
 --------------------------------------------------------------------------------------------------------------------------------------
          1          1          1     -0.19175703                    1_GWF-(1,39,28)  8.82346491E-08                    1_GWF-(1,35,36)
          2          1          2  1.21897793E-08                    1_GWF-(1,45,34) -2.84060646E-11                    1_GWF-(1,37,31)
          3          2          1  7.80867227E-16                    1_GWF-(1,38,31) -2.83567240E-11                    1_GWF-(1,37,31)
 --------------------------------------------------------------------------------------------------------------------------------------


 
    Solving:  Stress period:     2    Time step:    33
 

 SLN_1 OUTER ITERATION SUMMARY
 ----------------------------------------------------------------------------------------------------------------------------------------------------------------
                                OUTER      INNER  BACKTRACK  BACKTRACK        INCOMING        OUTGOING                    STEP   MAXIMUM CHANGE MODEL-(CELLID) OR
 OUTER ITERATION STEP       ITERATION  ITERATION       FLAG ITERATIONS        RESIDUAL        RESIDUAL  MAXIMUM CHANGE SUCCESS             MODEL-PACKAGE-(NUMBER)
 ----------------------------------------------------------------------------------------------------------------------------------------------------------------
 Backtracking                       1                     0          0       21.491290       21.491290                       *                                   
 Model                              1          2                                                           -0.18661886                            1_GWF-(1,39,29)
 Backtracking                       2                     0          0  1.68921590E-10  1.68921590E-10                       *                                   
 Model                              2          1                                                       -4.44089210E-16       *                    1_GWF-(1,32,32)
 ----------------------------------------------------------------------------------------------------------------------------------------------------------------


 2 CALLS TO NUMERICAL SOLUTION IN TIME STEP 33 STRESS PERIOD 2
 3 TOTAL ITERATIONS

 SLN_1 INNER ITERATION SUMMARY
 --------------------------------------------------------------------------------------------------------------------------------------
      TOTAL      OUTER      INNER                                                            MAXIMUM                                   
  ITERATION  ITERATION  ITERATION  MAXIMUM CHANGE      MAXIMUM CHANGE MODEL-(CELLID)        RESIDUAL    MAXIMUM RESIDUAL MODEL-(CELLID)
 --------------------------------------------------------------------------------------------------------------------------------------
          1          1          1     -0.18661886                    1_GWF-(1,39,29)  8.66555061E-08                    1_GWF-(1,35,36)
          2          1          2  1.17902132E-08                    1_GWF-(1,45,34) -2.76282957E-11                    1_GWF-(1,37,31)
          3          2          1  6.76800424E-16                    1_GWF-(1,38,31) -2.76472168E-11                    1_GWF-(1,37,31)
 --------------------------------------------------------------------------------------------------------------------------------------


 
    Solving:  Stress period:     2    Time step:    34
 

 SLN_1 OUTER ITERATION SUMMARY
 ----------------------------------------------------------------------------------------------------------------------------------------------------------------
                                OUTER      INNER  BACKTRACK  BACKTRACK        INCOMING        OUTGOING                    STEP   MAXIMUM CHANGE MODEL-(CELLID) OR
 OUTER ITERATION STEP       ITERATION  ITERATION       FLAG ITERATIONS        RESIDUAL        RESIDUAL  MAXIMUM CHANGE SUCCESS             MODEL-PACKAGE-(NUMBER)
 ----------------------------------------------------------------------------------------------------------------------------------------------------------------
 Backtracking                       1                     0          0       19.794242       19.794242                       *                                   
 Model                              1          2                                                           -0.18240036                            1_GWF-(1,40,29)
 Backtracking                       2                     0          0  1.60217110E-10  1.60217110E-10                       *                                   
 Model                              2          1                                                       -4.44089210E-16       *                    1_GWF-(1,32,32)
 ----------------------------------------------------------------------------------------------------------------------------------------------------------------


 2 CALLS TO NUMERICAL SOLUTION IN TIME STEP 34 STRESS PERIOD 2
 3 TOTAL ITERATIONS

 SLN_1 INNER ITERATION SUMMARY
 --------------------------------------------------------------------------------------------------------------------------------------
      TOTAL      OUTER      INNER                                                            MAXIMUM                                   
  ITERATION  ITERATION  ITERATION  MAXIMUM CHANGE      MAXIMUM CHANGE MODEL-(CELLID)        RESIDUAL    MAXIMUM RESIDUAL MODEL-(CELLID)
 --------------------------------------------------------------------------------------------------------------------------------------
          1          1          1     -0.18240036                    1_GWF-(1,40,29)  8.51280847E-08                    1_GWF-(1,35,36)
          2          1          2  1.13933389E-08                    1_GWF-(1,45,34) -2.68221204E-11                    1_GWF-(1,37,31)
          3          2          1  5.89313980E-16                    1_GWF-(1,38,31) -2.67670608E-11                    1_GWF-(1,37,31)
 --------------------------------------------------------------------------------------------------------------------------------------


 
    Solving:  Stress period:     2    Time step:    35
 

 SLN_1 OUTER ITERATION SUMMARY
 ----------------------------------------------------------------------------------------------------------------------------------------------------------------
                                OUTER      INNER  BACKTRACK  BACKTRACK        INCOMING        OUTGOING                    STEP   MAXIMUM CHANGE MODEL-(CELLID) OR
 OUTER ITERATION STEP       ITERATION  ITERATION       FLAG ITERATIONS        RESIDUAL        RESIDUAL  MAXIMUM CHANGE SUCCESS             MODEL-PACKAGE-(NUMBER)
 ----------------------------------------------------------------------------------------------------------------------------------------------------------------
 Backtracking                       1                     0          0       18.280272       18.280272                       *                                   
 Model                              1          2                                                           -0.17925945                            1_GWF-(1,40,29)
 Backtracking                       2                     0          0  1.52387666E-10  1.52387666E-10                       *                                   
 Model                              2          1                                                             0.0000000       *                    1_GWF-(1,47,37)
 ----------------------------------------------------------------------------------------------------------------------------------------------------------------


 2 CALLS TO NUMERICAL SOLUTION IN TIME STEP 35 STRESS PERIOD 2
 3 TOTAL ITERATIONS

 SLN_1 INNER ITERATION SUMMARY
 --------------------------------------------------------------------------------------------------------------------------------------
      TOTAL      OUTER      INNER                                                            MAXIMUM                                   
  ITERATION  ITERATION  ITERATION  MAXIMUM CHANGE      MAXIMUM CHANGE MODEL-(CELLID)        RESIDUAL    MAXIMUM RESIDUAL MODEL-(CELLID)
 --------------------------------------------------------------------------------------------------------------------------------------
          1          1          1     -0.17925945                    1_GWF-(1,40,29)  8.36429174E-08                    1_GWF-(1,35,36)
          2          1          2  1.10001520E-08                    1_GWF-(1,45,34) -2.59907647E-11                    1_GWF-(1,37,31)
          3          2          1  5.15459962E-16                    1_GWF-(1,38,31) -2.59435935E-11                    1_GWF-(1,37,31)
 --------------------------------------------------------------------------------------------------------------------------------------


 
    Solving:  Stress period:     2    Time step:    36
 

 SLN_1 OUTER ITERATION SUMMARY
 ----------------------------------------------------------------------------------------------------------------------------------------------------------------
                                OUTER      INNER  BACKTRACK  BACKTRACK        INCOMING        OUTGOING                    STEP   MAXIMUM CHANGE MODEL-(CELLID) OR
 OUTER ITERATION STEP       ITERATION  ITERATION       FLAG ITERATIONS        RESIDUAL        RESIDUAL  MAXIMUM CHANGE SUCCESS             MODEL-PACKAGE-(NUMBER)
 ----------------------------------------------------------------------------------------------------------------------------------------------------------------
 Backtracking                       1                     0          0       16.930558       16.930558                       *                                   
 Model                              1          2                                                           -0.17667923                            1_GWF-(1,41,29)
 Backtracking                       2                     0          0  1.45210406E-10  1.45210406E-10                       *                                   
 Model                              2          1                                                             0.0000000       *                    1_GWF-(1,47,37)
 ----------------------------------------------------------------------------------------------------------------------------------------------------------------


 2 CALLS TO NUMERICAL SOLUTION IN TIME STEP 36 STRESS PERIOD 2
 3 TOTAL ITERATIONS

 SLN_1 INNER ITERATION SUMMARY
 --------------------------------------------------------------------------------------------------------------------------------------
      TOTAL      OUTER      INNER                                                            MAXIMUM                                   
  ITERATION  ITERATION  ITERATION  MAXIMUM CHANGE      MAXIMUM CHANGE MODEL-(CELLID)        RESIDUAL    MAXIMUM RESIDUAL MODEL-(CELLID)
 --------------------------------------------------------------------------------------------------------------------------------------
          1          1          1     -0.17667923                    1_GWF-(1,41,29)  8.22890357E-08                    1_GWF-(1,37,31)
          2          1          2  1.06118439E-08                    1_GWF-(1,45,34) -2.51367164E-11                    1_GWF-(1,37,31)
          3          2          1  4.50984016E-16                    1_GWF-(1,38,31) -2.51484358E-11                    1_GWF-(1,37,31)
 --------------------------------------------------------------------------------------------------------------------------------------


 
    Solving:  Stress period:     2    Time step:    37
 

 SLN_1 OUTER ITERATION SUMMARY
 ----------------------------------------------------------------------------------------------------------------------------------------------------------------
                                OUTER      INNER  BACKTRACK  BACKTRACK        INCOMING        OUTGOING                    STEP   MAXIMUM CHANGE MODEL-(CELLID) OR
 OUTER ITERATION STEP       ITERATION  ITERATION       FLAG ITERATIONS        RESIDUAL        RESIDUAL  MAXIMUM CHANGE SUCCESS             MODEL-PACKAGE-(NUMBER)
 ----------------------------------------------------------------------------------------------------------------------------------------------------------------
 Backtracking                       1                     0          0       15.728018       15.728018                       *                                   
 Model                              1          2                                                           -0.17421732                            1_GWF-(1,41,29)
 Backtracking                       2                     0          0  1.38720191E-10  1.38720191E-10                       *                                   
 Model                              2          1                                                             0.0000000       *                    1_GWF-(1,47,37)
 ----------------------------------------------------------------------------------------------------------------------------------------------------------------


 2 CALLS TO NUMERICAL SOLUTION IN TIME STEP 37 STRESS PERIOD 2
 3 TOTAL ITERATIONS

 SLN_1 INNER ITERATION SUMMARY
 --------------------------------------------------------------------------------------------------------------------------------------
      TOTAL      OUTER      INNER                                                            MAXIMUM                                   
  ITERATION  ITERATION  ITERATION  MAXIMUM CHANGE      MAXIMUM CHANGE MODEL-(CELLID)        RESIDUAL    MAXIMUM RESIDUAL MODEL-(CELLID)
 --------------------------------------------------------------------------------------------------------------------------------------
          1          1          1     -0.17421732                    1_GWF-(1,41,29)  8.21182577E-08                    1_GWF-(1,37,31)
          2          1          2  1.02298492E-08                    1_GWF-(1,45,34) -2.42620657E-11                    1_GWF-(1,37,31)
          3          2          1  3.96414668E-16                    1_GWF-(1,38,31) -2.42395161E-11                    1_GWF-(1,37,31)
 --------------------------------------------------------------------------------------------------------------------------------------


 
    Solving:  Stress period:     2    Time step:    38
 

 SLN_1 OUTER ITERATION SUMMARY
 ----------------------------------------------------------------------------------------------------------------------------------------------------------------
                                OUTER      INNER  BACKTRACK  BACKTRACK        INCOMING        OUTGOING                    STEP   MAXIMUM CHANGE MODEL-(CELLID) OR
 OUTER ITERATION STEP       ITERATION  ITERATION       FLAG ITERATIONS        RESIDUAL        RESIDUAL  MAXIMUM CHANGE SUCCESS             MODEL-PACKAGE-(NUMBER)
 ----------------------------------------------------------------------------------------------------------------------------------------------------------------
 Backtracking                       1                     0          0       14.657146       14.657146                       *                                   
 Model                              1          2                                                           -0.17175762                            1_GWF-(1,41,29)
 Backtracking                       2                     0          0  1.32766344E-10  1.32766344E-10                       *                                   
 Model                              2          1                                                             0.0000000       *                    1_GWF-(1,47,37)
 ----------------------------------------------------------------------------------------------------------------------------------------------------------------


 2 CALLS TO NUMERICAL SOLUTION IN TIME STEP 38 STRESS PERIOD 2
 3 TOTAL ITERATIONS

 SLN_1 INNER ITERATION SUMMARY
 --------------------------------------------------------------------------------------------------------------------------------------
      TOTAL      OUTER      INNER                                                            MAXIMUM                                   
  ITERATION  ITERATION  ITERATION  MAXIMUM CHANGE      MAXIMUM CHANGE MODEL-(CELLID)        RESIDUAL    MAXIMUM RESIDUAL MODEL-(CELLID)
 --------------------------------------------------------------------------------------------------------------------------------------
          1          1          1     -0.17175762                    1_GWF-(1,41,29)  8.18809535E-08                    1_GWF-(1,37,31)
          2          1          2  9.85568632E-09                    1_GWF-(1,45,34) -2.33687352E-11                    1_GWF-(1,37,31)
          3          2          1  3.48794988E-16                    1_GWF-(1,38,31) -2.34157702E-11                    1_GWF-(1,37,31)
 --------------------------------------------------------------------------------------------------------------------------------------


 
    Solving:  Stress period:     2    Time step:    39
 

 SLN_1 OUTER ITERATION SUMMARY
 ----------------------------------------------------------------------------------------------------------------------------------------------------------------
                                OUTER      INNER  BACKTRACK  BACKTRACK        INCOMING        OUTGOING                    STEP   MAXIMUM CHANGE MODEL-(CELLID) OR
 OUTER ITERATION STEP       ITERATION  ITERATION       FLAG ITERATIONS        RESIDUAL        RESIDUAL  MAXIMUM CHANGE SUCCESS             MODEL-PACKAGE-(NUMBER)
 ----------------------------------------------------------------------------------------------------------------------------------------------------------------
 Backtracking                       1                     0          0       13.703848       13.703848                       *                                   
 Model                              1          2                                                           -0.16929787                            1_GWF-(1,41,29)
 Backtracking                       2                     0          0  1.27241341E-10  1.27241341E-10                       *                                   
 Model                              2          1                                                             0.0000000       *                    1_GWF-(1,47,37)
 ----------------------------------------------------------------------------------------------------------------------------------------------------------------


 2 CALLS TO NUMERICAL SOLUTION IN TIME STEP 39 STRESS PERIOD 2
 3 TOTAL ITERATIONS

 SLN_1 INNER ITERATION SUMMARY
 --------------------------------------------------------------------------------------------------------------------------------------
      TOTAL      OUTER      INNER                                                            MAXIMUM                                   
  ITERATION  ITERATION  ITERATION  MAXIMUM CHANGE      MAXIMUM CHANGE MODEL-(CELLID)        RESIDUAL    MAXIMUM RESIDUAL MODEL-(CELLID)
 --------------------------------------------------------------------------------------------------------------------------------------
          1          1          1     -0.16929787                    1_GWF-(1,41,29)  8.15672746E-08                    1_GWF-(1,37,31)
          2          1          2  9.49095623E-09                    1_GWF-(1,45,34) -2.24588438E-11                    1_GWF-(1,37,31)
          3          2          1  3.08294596E-16                    1_GWF-(1,38,31) -2.24214584E-11                    1_GWF-(1,37,31)
 --------------------------------------------------------------------------------------------------------------------------------------


 
    Solving:  Stress period:     2    Time step:    40
 

 SLN_1 OUTER ITERATION SUMMARY
 ----------------------------------------------------------------------------------------------------------------------------------------------------------------
                                OUTER      INNER  BACKTRACK  BACKTRACK        INCOMING        OUTGOING                    STEP   MAXIMUM CHANGE MODEL-(CELLID) OR
 OUTER ITERATION STEP       ITERATION  ITERATION       FLAG ITERATIONS        RESIDUAL        RESIDUAL  MAXIMUM CHANGE SUCCESS             MODEL-PACKAGE-(NUMBER)
 ----------------------------------------------------------------------------------------------------------------------------------------------------------------
 Backtracking                       1                     0          0       12.855324       12.855324                       *                                   
 Model                              1          2                                                           -0.16683689                            1_GWF-(1,41,29)
 Backtracking                       2                     0          0  1.22090500E-10  1.22090500E-10                       *                                   
 Model                              2          1                                                             0.0000000       *                    1_GWF-(1,47,37)
 ----------------------------------------------------------------------------------------------------------------------------------------------------------------


 2 CALLS TO NUMERICAL SOLUTION IN TIME STEP 40 STRESS PERIOD 2
 3 TOTAL ITERATIONS

 SLN_1 INNER ITERATION SUMMARY
 --------------------------------------------------------------------------------------------------------------------------------------
      TOTAL      OUTER      INNER                                                            MAXIMUM                                   
  ITERATION  ITERATION  ITERATION  MAXIMUM CHANGE      MAXIMUM CHANGE MODEL-(CELLID)        RESIDUAL    MAXIMUM RESIDUAL MODEL-(CELLID)
 --------------------------------------------------------------------------------------------------------------------------------------
          1          1          1     -0.16683689                    1_GWF-(1,41,29)  8.11686537E-08                    1_GWF-(1,37,31)
          2          1          2  9.13724894E-09                    1_GWF-(1,45,34) -2.15349751E-11                    1_GWF-(1,37,31)
          3          2          1  2.70536962E-16                    1_GWF-(1,38,31) -2.14270915E-11                    1_GWF-(1,37,31)
 --------------------------------------------------------------------------------------------------------------------------------------


 
    Solving:  Stress period:     2    Time step:    41
 

 SLN_1 OUTER ITERATION SUMMARY
 ----------------------------------------------------------------------------------------------------------------------------------------------------------------
                                OUTER      INNER  BACKTRACK  BACKTRACK        INCOMING        OUTGOING                    STEP   MAXIMUM CHANGE MODEL-(CELLID) OR
 OUTER ITERATION STEP       ITERATION  ITERATION       FLAG ITERATIONS        RESIDUAL        RESIDUAL  MAXIMUM CHANGE SUCCESS             MODEL-PACKAGE-(NUMBER)
 ----------------------------------------------------------------------------------------------------------------------------------------------------------------
 Backtracking                       1                     0          0       12.099950       12.099950                       *                                   
 Model                              1          2                                                           -0.16437435                            1_GWF-(1,41,29)
 Backtracking                       2                     0          0  1.17311328E-10  1.17311328E-10                       *                                   
 Model                              2          1                                                             0.0000000       *                    1_GWF-(1,47,37)
 ----------------------------------------------------------------------------------------------------------------------------------------------------------------


 2 CALLS TO NUMERICAL SOLUTION IN TIME STEP 41 STRESS PERIOD 2
 3 TOTAL ITERATIONS

 SLN_1 INNER ITERATION SUMMARY
 --------------------------------------------------------------------------------------------------------------------------------------
      TOTAL      OUTER      INNER                                                            MAXIMUM                                   
  ITERATION  ITERATION  ITERATION  MAXIMUM CHANGE      MAXIMUM CHANGE MODEL-(CELLID)        RESIDUAL    MAXIMUM RESIDUAL MODEL-(CELLID)
 --------------------------------------------------------------------------------------------------------------------------------------
          1          1          1     -0.16437435                    1_GWF-(1,41,29)  8.06785676E-08                    1_GWF-(1,37,31)
          2          1          2  8.79605067E-09                    1_GWF-(1,45,34)  2.12034791E-11                    1_GWF-(1,36,33)
          3          2          1  2.39232524E-16                    1_GWF-(1,38,31)  2.11715488E-11                    1_GWF-(1,36,33)
 --------------------------------------------------------------------------------------------------------------------------------------


 
    Solving:  Stress period:     2    Time step:    42
 

 SLN_1 OUTER ITERATION SUMMARY
 ----------------------------------------------------------------------------------------------------------------------------------------------------------------
                                OUTER      INNER  BACKTRACK  BACKTRACK        INCOMING        OUTGOING                    STEP   MAXIMUM CHANGE MODEL-(CELLID) OR
 OUTER ITERATION STEP       ITERATION  ITERATION       FLAG ITERATIONS        RESIDUAL        RESIDUAL  MAXIMUM CHANGE SUCCESS             MODEL-PACKAGE-(NUMBER)
 ----------------------------------------------------------------------------------------------------------------------------------------------------------------
 Backtracking                       1                     0          0       11.427186       11.427186                       *                                   
 Model                              1          2                                                           -0.16191063                            1_GWF-(1,41,29)
 Backtracking                       2                     0          0  1.12791493E-10  1.12791493E-10                       *                                   
 Model                              2          1                                                             0.0000000       *                    1_GWF-(1,47,37)
 ----------------------------------------------------------------------------------------------------------------------------------------------------------------


 2 CALLS TO NUMERICAL SOLUTION IN TIME STEP 42 STRESS PERIOD 2
 3 TOTAL ITERATIONS

 SLN_1 INNER ITERATION SUMMARY
 --------------------------------------------------------------------------------------------------------------------------------------
      TOTAL      OUTER      INNER                                                            MAXIMUM                                   
  ITERATION  ITERATION  ITERATION  MAXIMUM CHANGE      MAXIMUM CHANGE MODEL-(CELLID)        RESIDUAL    MAXIMUM RESIDUAL MODEL-(CELLID)
 --------------------------------------------------------------------------------------------------------------------------------------
          1          1          1     -0.16191063                    1_GWF-(1,41,29)  8.00930424E-08                    1_GWF-(1,37,31)
          2          1          2  8.46857969E-09                    1_GWF-(1,45,34)  2.11468748E-11                    1_GWF-(1,36,33)
          3          2          1 -2.18305993E-16                    1_GWF-(1,38,28)  2.10864918E-11                    1_GWF-(1,36,33)
 --------------------------------------------------------------------------------------------------------------------------------------


 
    Solving:  Stress period:     2    Time step:    43
 

 SLN_1 OUTER ITERATION SUMMARY
 ----------------------------------------------------------------------------------------------------------------------------------------------------------------
                                OUTER      INNER  BACKTRACK  BACKTRACK        INCOMING        OUTGOING                    STEP   MAXIMUM CHANGE MODEL-(CELLID) OR
 OUTER ITERATION STEP       ITERATION  ITERATION       FLAG ITERATIONS        RESIDUAL        RESIDUAL  MAXIMUM CHANGE SUCCESS             MODEL-PACKAGE-(NUMBER)
 ----------------------------------------------------------------------------------------------------------------------------------------------------------------
 Backtracking                       1                     0          0       10.827497       10.827497                       *                                   
 Model                              1          2                                                           -0.15944664                            1_GWF-(1,41,29)
 Backtracking                       2                     0          0  1.08579308E-10  1.08579308E-10                       *                                   
 Model                              2          1                                                             0.0000000       *                    1_GWF-(1,47,37)
 ----------------------------------------------------------------------------------------------------------------------------------------------------------------


 2 CALLS TO NUMERICAL SOLUTION IN TIME STEP 43 STRESS PERIOD 2
 3 TOTAL ITERATIONS

 SLN_1 INNER ITERATION SUMMARY
 --------------------------------------------------------------------------------------------------------------------------------------
      TOTAL      OUTER      INNER                                                            MAXIMUM                                   
  ITERATION  ITERATION  ITERATION  MAXIMUM CHANGE      MAXIMUM CHANGE MODEL-(CELLID)        RESIDUAL    MAXIMUM RESIDUAL MODEL-(CELLID)
 --------------------------------------------------------------------------------------------------------------------------------------
          1          1          1     -0.15944664                    1_GWF-(1,41,29)  7.94108703E-08                    1_GWF-(1,37,31)
          2          1          2  8.15586121E-09                    1_GWF-(1,45,34)  2.10661315E-11                    1_GWF-(1,36,33)
          3          2          1 -2.03003930E-16                    1_GWF-(1,38,28)  2.11008783E-11                    1_GWF-(1,36,33)
 --------------------------------------------------------------------------------------------------------------------------------------


 
    Solving:  Stress period:     2    Time step:    44
 

 SLN_1 OUTER ITERATION SUMMARY
 ----------------------------------------------------------------------------------------------------------------------------------------------------------------
                                OUTER      INNER  BACKTRACK  BACKTRACK        INCOMING        OUTGOING                    STEP   MAXIMUM CHANGE MODEL-(CELLID) OR
 OUTER ITERATION STEP       ITERATION  ITERATION       FLAG ITERATIONS        RESIDUAL        RESIDUAL  MAXIMUM CHANGE SUCCESS             MODEL-PACKAGE-(NUMBER)
 ----------------------------------------------------------------------------------------------------------------------------------------------------------------
 Backtracking                       1                     0          0       10.292279       10.292279                       *                                   
 Model                              1          2                                                           -0.15698369                            1_GWF-(1,41,29)
 Backtracking                       2                     0          0  1.04554754E-10  1.04554754E-10                       *                                   
 Model                              2          1                                                             0.0000000       *                    1_GWF-(1,47,37)
 ----------------------------------------------------------------------------------------------------------------------------------------------------------------


 2 CALLS TO NUMERICAL SOLUTION IN TIME STEP 44 STRESS PERIOD 2
 3 TOTAL ITERATIONS

 SLN_1 INNER ITERATION SUMMARY
 --------------------------------------------------------------------------------------------------------------------------------------
      TOTAL      OUTER      INNER                                                            MAXIMUM                                   
  ITERATION  ITERATION  ITERATION  MAXIMUM CHANGE      MAXIMUM CHANGE MODEL-(CELLID)        RESIDUAL    MAXIMUM RESIDUAL MODEL-(CELLID)
 --------------------------------------------------------------------------------------------------------------------------------------
          1          1          1     -0.15698369                    1_GWF-(1,41,29)  7.86335565E-08                    1_GWF-(1,37,31)
          2          1          2  7.85857198E-09                    1_GWF-(1,45,34)  2.09596752E-11                    1_GWF-(1,36,33)
          3          2          1 -1.88416119E-16                    1_GWF-(1,38,28)  2.09873657E-11                    1_GWF-(1,36,33)
 --------------------------------------------------------------------------------------------------------------------------------------


 
    Solving:  Stress period:     2    Time step:    45
 

 SLN_1 OUTER ITERATION SUMMARY
 ----------------------------------------------------------------------------------------------------------------------------------------------------------------
                                OUTER      INNER  BACKTRACK  BACKTRACK        INCOMING        OUTGOING                    STEP   MAXIMUM CHANGE MODEL-(CELLID) OR
 OUTER ITERATION STEP       ITERATION  ITERATION       FLAG ITERATIONS        RESIDUAL        RESIDUAL  MAXIMUM CHANGE SUCCESS             MODEL-PACKAGE-(NUMBER)
 ----------------------------------------------------------------------------------------------------------------------------------------------------------------
 Backtracking                       1                     0          0       9.8137988       9.8137988                       *                                   
 Model                              1          2                                                           -0.15452341                            1_GWF-(1,41,29)
 Backtracking                       2                     0          0  1.00706716E-10  1.00706716E-10                       *                                   
 Model                              2          1                                                             0.0000000       *                    1_GWF-(1,47,37)
 ----------------------------------------------------------------------------------------------------------------------------------------------------------------


 2 CALLS TO NUMERICAL SOLUTION IN TIME STEP 45 STRESS PERIOD 2
 3 TOTAL ITERATIONS

 SLN_1 INNER ITERATION SUMMARY
 --------------------------------------------------------------------------------------------------------------------------------------
      TOTAL      OUTER      INNER                                                            MAXIMUM                                   
  ITERATION  ITERATION  ITERATION  MAXIMUM CHANGE      MAXIMUM CHANGE MODEL-(CELLID)        RESIDUAL    MAXIMUM RESIDUAL MODEL-(CELLID)
 --------------------------------------------------------------------------------------------------------------------------------------
          1          1          1     -0.15452341                    1_GWF-(1,41,29)  7.77650448E-08                    1_GWF-(1,37,31)
          2          1          2 -7.75856860E-09                    1_GWF-(1,37,31)  2.08268325E-11                    1_GWF-(1,36,33)
          3          2          1 -1.74954714E-16                    1_GWF-(1,38,28)  2.08454195E-11                    1_GWF-(1,36,33)
 --------------------------------------------------------------------------------------------------------------------------------------


 
    Solving:  Stress period:     2    Time step:    46
 

 SLN_1 OUTER ITERATION SUMMARY
 ----------------------------------------------------------------------------------------------------------------------------------------------------------------
                                OUTER      INNER  BACKTRACK  BACKTRACK        INCOMING        OUTGOING                    STEP   MAXIMUM CHANGE MODEL-(CELLID) OR
 OUTER ITERATION STEP       ITERATION  ITERATION       FLAG ITERATIONS        RESIDUAL        RESIDUAL  MAXIMUM CHANGE SUCCESS             MODEL-PACKAGE-(NUMBER)
 ----------------------------------------------------------------------------------------------------------------------------------------------------------------
 Backtracking                       1                     0          0       9.3851276       9.3851276                       *                                   
 Model                              1          2                                                           -0.15206762                            1_GWF-(1,41,29)
 Backtracking                       2                     0          0  9.70716956E-11  9.70716956E-11                       *                                   
 Model                              2          1                                                             0.0000000       *                    1_GWF-(1,47,37)
 ----------------------------------------------------------------------------------------------------------------------------------------------------------------


 2 CALLS TO NUMERICAL SOLUTION IN TIME STEP 46 STRESS PERIOD 2
 3 TOTAL ITERATIONS

 SLN_1 INNER ITERATION SUMMARY
 --------------------------------------------------------------------------------------------------------------------------------------
      TOTAL      OUTER      INNER                                                            MAXIMUM                                   
  ITERATION  ITERATION  ITERATION  MAXIMUM CHANGE      MAXIMUM CHANGE MODEL-(CELLID)        RESIDUAL    MAXIMUM RESIDUAL MODEL-(CELLID)
 --------------------------------------------------------------------------------------------------------------------------------------
          1          1          1     -0.15206762                    1_GWF-(1,41,29)  7.68112970E-08                    1_GWF-(1,37,31)
          2          1          2 -7.67605367E-09                    1_GWF-(1,37,31)  2.06676719E-11                    1_GWF-(1,36,33)
          3          2          1 -1.62341689E-16                    1_GWF-(1,38,28)  2.06466194E-11                    1_GWF-(1,36,33)
 --------------------------------------------------------------------------------------------------------------------------------------


 
    Solving:  Stress period:     2    Time step:    47
 

 SLN_1 OUTER ITERATION SUMMARY
 ----------------------------------------------------------------------------------------------------------------------------------------------------------------
                                OUTER      INNER  BACKTRACK  BACKTRACK        INCOMING        OUTGOING                    STEP   MAXIMUM CHANGE MODEL-(CELLID) OR
 OUTER ITERATION STEP       ITERATION  ITERATION       FLAG ITERATIONS        RESIDUAL        RESIDUAL  MAXIMUM CHANGE SUCCESS             MODEL-PACKAGE-(NUMBER)
 ----------------------------------------------------------------------------------------------------------------------------------------------------------------
 Backtracking                       1                     0          0       9.0000884       9.0000884                       *                                   
 Model                              1          2                                                           -0.14961831                            1_GWF-(1,41,29)
 Backtracking                       2                     0          0  9.36036582E-11  9.36036582E-11                       *                                   
 Model                              2          1                                                             0.0000000       *                    1_GWF-(1,47,37)
 ----------------------------------------------------------------------------------------------------------------------------------------------------------------


 2 CALLS TO NUMERICAL SOLUTION IN TIME STEP 47 STRESS PERIOD 2
 3 TOTAL ITERATIONS

 SLN_1 INNER ITERATION SUMMARY
 --------------------------------------------------------------------------------------------------------------------------------------
      TOTAL      OUTER      INNER                                                            MAXIMUM                                   
  ITERATION  ITERATION  ITERATION  MAXIMUM CHANGE      MAXIMUM CHANGE MODEL-(CELLID)        RESIDUAL    MAXIMUM RESIDUAL MODEL-(CELLID)
 --------------------------------------------------------------------------------------------------------------------------------------
          1          1          1     -0.14961830                    1_GWF-(1,41,29)  7.57798005E-08                    1_GWF-(1,37,31)
          2          1          2 -7.58458378E-09                    1_GWF-(1,37,31)  2.04829310E-11                    1_GWF-(1,36,33)
          3          2          1 -1.50969690E-16                    1_GWF-(1,38,28)  2.05188548E-11                    1_GWF-(1,36,33)
 --------------------------------------------------------------------------------------------------------------------------------------


 
    Solving:  Stress period:     2    Time step:    48
 

 SLN_1 OUTER ITERATION SUMMARY
 ----------------------------------------------------------------------------------------------------------------------------------------------------------------
                                OUTER      INNER  BACKTRACK  BACKTRACK        INCOMING        OUTGOING                    STEP   MAXIMUM CHANGE MODEL-(CELLID) OR
 OUTER ITERATION STEP       ITERATION  ITERATION       FLAG ITERATIONS        RESIDUAL        RESIDUAL  MAXIMUM CHANGE SUCCESS             MODEL-PACKAGE-(NUMBER)
 ----------------------------------------------------------------------------------------------------------------------------------------------------------------
 Backtracking                       1                     0          0       8.6531976       8.6531976                       *                                   
 Model                              1          2                                                           -0.14717750                            1_GWF-(1,41,29)
 Backtracking                       2                     0          0  9.02285303E-11  9.02285303E-11                       *                                   
 Model                              2          1                                                             0.0000000       *                    1_GWF-(1,47,37)
 ----------------------------------------------------------------------------------------------------------------------------------------------------------------


 2 CALLS TO NUMERICAL SOLUTION IN TIME STEP 48 STRESS PERIOD 2
 3 TOTAL ITERATIONS

 SLN_1 INNER ITERATION SUMMARY
 --------------------------------------------------------------------------------------------------------------------------------------
      TOTAL      OUTER      INNER                                                            MAXIMUM                                   
  ITERATION  ITERATION  ITERATION  MAXIMUM CHANGE      MAXIMUM CHANGE MODEL-(CELLID)        RESIDUAL    MAXIMUM RESIDUAL MODEL-(CELLID)
 --------------------------------------------------------------------------------------------------------------------------------------
          1          1          1     -0.14717750                    1_GWF-(1,41,29)  7.46790704E-08                    1_GWF-(1,37,31)
          2          1          2 -7.48501077E-09                    1_GWF-(1,37,31)  2.02737922E-11                    1_GWF-(1,36,33)
          3          2          1 -1.39341777E-16                    1_GWF-(1,38,28)  2.02631929E-11                    1_GWF-(1,36,33)
 --------------------------------------------------------------------------------------------------------------------------------------


 
    Solving:  Stress period:     2    Time step:    49
 

 SLN_1 OUTER ITERATION SUMMARY
 ----------------------------------------------------------------------------------------------------------------------------------------------------------------
                                OUTER      INNER  BACKTRACK  BACKTRACK        INCOMING        OUTGOING                    STEP   MAXIMUM CHANGE MODEL-(CELLID) OR
 OUTER ITERATION STEP       ITERATION  ITERATION       FLAG ITERATIONS        RESIDUAL        RESIDUAL  MAXIMUM CHANGE SUCCESS             MODEL-PACKAGE-(NUMBER)
 ----------------------------------------------------------------------------------------------------------------------------------------------------------------
 Backtracking                       1                     0          0       8.3396095       8.3396095                       *                                   
 Model                              1          2                                                           -0.14474728                            1_GWF-(1,41,29)
 Backtracking                       2                     0          0  8.71150315E-11  8.71150315E-11                       *                                   
 Model                              2          1                                                             0.0000000       *                    1_GWF-(1,47,37)
 ----------------------------------------------------------------------------------------------------------------------------------------------------------------


 2 CALLS TO NUMERICAL SOLUTION IN TIME STEP 49 STRESS PERIOD 2
 3 TOTAL ITERATIONS

 SLN_1 INNER ITERATION SUMMARY
 --------------------------------------------------------------------------------------------------------------------------------------
      TOTAL      OUTER      INNER                                                            MAXIMUM                                   
  ITERATION  ITERATION  ITERATION  MAXIMUM CHANGE      MAXIMUM CHANGE MODEL-(CELLID)        RESIDUAL    MAXIMUM RESIDUAL MODEL-(CELLID)
 --------------------------------------------------------------------------------------------------------------------------------------
          1          1          1     -0.14474728                    1_GWF-(1,41,29)  7.35181922E-08                    1_GWF-(1,37,31)
          2          1          2 -7.37825497E-09                    1_GWF-(1,37,31)  2.00418408E-11                    1_GWF-(1,36,33)
          3          2          1 -1.29275846E-16                    1_GWF-(1,38,28)  2.00643553E-11                    1_GWF-(1,36,33)
 --------------------------------------------------------------------------------------------------------------------------------------


 
    Solving:  Stress period:     2    Time step:    50
 

 SLN_1 OUTER ITERATION SUMMARY
 ----------------------------------------------------------------------------------------------------------------------------------------------------------------
                                OUTER      INNER  BACKTRACK  BACKTRACK        INCOMING        OUTGOING                    STEP   MAXIMUM CHANGE MODEL-(CELLID) OR
 OUTER ITERATION STEP       ITERATION  ITERATION       FLAG ITERATIONS        RESIDUAL        RESIDUAL  MAXIMUM CHANGE SUCCESS             MODEL-PACKAGE-(NUMBER)
 ----------------------------------------------------------------------------------------------------------------------------------------------------------------
 Backtracking                       1                     0          0       8.0550611       8.0550611                       *                                   
 Model                              1          2                                                           -0.14232971                            1_GWF-(1,41,29)
 Backtracking                       2                     0          0  8.40925314E-11  8.40925314E-11                       *                                   
 Model                              2          1                                                             0.0000000       *                    1_GWF-(1,47,37)
 ----------------------------------------------------------------------------------------------------------------------------------------------------------------


 2 CALLS TO NUMERICAL SOLUTION IN TIME STEP 50 STRESS PERIOD 2
 3 TOTAL ITERATIONS

 SLN_1 INNER ITERATION SUMMARY
 --------------------------------------------------------------------------------------------------------------------------------------
      TOTAL      OUTER      INNER                                                            MAXIMUM                                   
  ITERATION  ITERATION  ITERATION  MAXIMUM CHANGE      MAXIMUM CHANGE MODEL-(CELLID)        RESIDUAL    MAXIMUM RESIDUAL MODEL-(CELLID)
 --------------------------------------------------------------------------------------------------------------------------------------
          1          1          1     -0.14232971                    1_GWF-(1,41,29)  7.23064327E-08                    1_GWF-(1,37,31)
          2          1          2 -7.26527239E-09                    1_GWF-(1,37,31)  1.97888945E-11                    1_GWF-(1,36,33)
          3          2          1 -1.19803504E-16                    1_GWF-(1,38,28)  1.97660399E-11                    1_GWF-(1,36,33)
 --------------------------------------------------------------------------------------------------------------------------------------


 
    Solving:  Stress period:     2    Time step:    51
 

 SLN_1 OUTER ITERATION SUMMARY
 ----------------------------------------------------------------------------------------------------------------------------------------------------------------
                                OUTER      INNER  BACKTRACK  BACKTRACK        INCOMING        OUTGOING                    STEP   MAXIMUM CHANGE MODEL-(CELLID) OR
 OUTER ITERATION STEP       ITERATION  ITERATION       FLAG ITERATIONS        RESIDUAL        RESIDUAL  MAXIMUM CHANGE SUCCESS             MODEL-PACKAGE-(NUMBER)
 ----------------------------------------------------------------------------------------------------------------------------------------------------------------
 Backtracking                       1                     0          0       7.7958183       7.7958183                       *                                   
 Model                              1          2                                                           -0.13992680                            1_GWF-(1,41,29)
 Backtracking                       2                     0          0  8.12529998E-11  8.12529998E-11                       *                                   
 Model                              2          1                                                             0.0000000       *                    1_GWF-(1,47,37)
 ----------------------------------------------------------------------------------------------------------------------------------------------------------------


 2 CALLS TO NUMERICAL SOLUTION IN TIME STEP 51 STRESS PERIOD 2
 3 TOTAL ITERATIONS

 SLN_1 INNER ITERATION SUMMARY
 --------------------------------------------------------------------------------------------------------------------------------------
      TOTAL      OUTER      INNER                                                            MAXIMUM                                   
  ITERATION  ITERATION  ITERATION  MAXIMUM CHANGE      MAXIMUM CHANGE MODEL-(CELLID)        RESIDUAL    MAXIMUM RESIDUAL MODEL-(CELLID)
 --------------------------------------------------------------------------------------------------------------------------------------
          1          1          1     -0.13992680                    1_GWF-(1,41,29)  7.10529286E-08                    1_GWF-(1,37,31)
          2          1          2 -7.14702635E-09                    1_GWF-(1,37,31)  1.95169575E-11                    1_GWF-(1,36,33)
          3          2          1 -1.10557157E-16                    1_GWF-(1,38,28)  1.95529733E-11                    1_GWF-(1,36,33)
 --------------------------------------------------------------------------------------------------------------------------------------


 
    Solving:  Stress period:     2    Time step:    52
 

 SLN_1 OUTER ITERATION SUMMARY
 ----------------------------------------------------------------------------------------------------------------------------------------------------------------
                                OUTER      INNER  BACKTRACK  BACKTRACK        INCOMING        OUTGOING                    STEP   MAXIMUM CHANGE MODEL-(CELLID) OR
 OUTER ITERATION STEP       ITERATION  ITERATION       FLAG ITERATIONS        RESIDUAL        RESIDUAL  MAXIMUM CHANGE SUCCESS             MODEL-PACKAGE-(NUMBER)
 ----------------------------------------------------------------------------------------------------------------------------------------------------------------
 Backtracking                       1                     0          0       7.5586229       7.5586229                       *                                   
 Model                              1          2                                                           -0.13754050                            1_GWF-(1,41,29)
 Backtracking                       2                     0          0  7.85038420E-11  7.85038420E-11                       *                                   
 Model                              2          1                                                             0.0000000       *                    1_GWF-(1,47,37)
 ----------------------------------------------------------------------------------------------------------------------------------------------------------------


 2 CALLS TO NUMERICAL SOLUTION IN TIME STEP 52 STRESS PERIOD 2
 3 TOTAL ITERATIONS

 SLN_1 INNER ITERATION SUMMARY
 --------------------------------------------------------------------------------------------------------------------------------------
      TOTAL      OUTER      INNER                                                            MAXIMUM                                   
  ITERATION  ITERATION  ITERATION  MAXIMUM CHANGE      MAXIMUM CHANGE MODEL-(CELLID)        RESIDUAL    MAXIMUM RESIDUAL MODEL-(CELLID)
 --------------------------------------------------------------------------------------------------------------------------------------
          1          1          1     -0.13754050                    1_GWF-(1,41,29)  6.97664515E-08                    1_GWF-(1,37,31)
          2          1          2 -7.02447465E-09                    1_GWF-(1,37,31)  1.92280835E-11                    1_GWF-(1,36,33)
          3          2          1 -1.02477286E-16                    1_GWF-(1,38,28)  1.92404293E-11                    1_GWF-(1,36,33)
 --------------------------------------------------------------------------------------------------------------------------------------


 
    Solving:  Stress period:     3    Time step:     1
 
1
                            STRESS PERIOD NO. 3, LENGTH =   1.000000    
                            -----------------------------------------------
                            NUMBER OF TIME STEPS = 1
                            MULTIPLIER FOR DELT =     1.000
                            INITIAL TIME STEP SIZE =   1.000000    

 SLN_1 OUTER ITERATION SUMMARY
 ----------------------------------------------------------------------------------------------------------------------------------------------------------------
                                OUTER      INNER  BACKTRACK  BACKTRACK        INCOMING        OUTGOING                    STEP   MAXIMUM CHANGE MODEL-(CELLID) OR
 OUTER ITERATION STEP       ITERATION  ITERATION       FLAG ITERATIONS        RESIDUAL        RESIDUAL  MAXIMUM CHANGE SUCCESS             MODEL-PACKAGE-(NUMBER)
 ----------------------------------------------------------------------------------------------------------------------------------------------------------------
 Backtracking                       1                     0          0       626.30814       626.30814                       *                                   
 Model                              1          3                                                             28.561506                            1_GWF-(1,29,39)
 Backtracking                       2                     0          0  1.07144848E-03  1.07144848E-03                       *                                   
 Model                              2          1                                                        7.37757805E-04       *                    1_GWF-(1,42,33)
 ----------------------------------------------------------------------------------------------------------------------------------------------------------------


 2 CALLS TO NUMERICAL SOLUTION IN TIME STEP 1 STRESS PERIOD 3
 4 TOTAL ITERATIONS

 SLN_1 INNER ITERATION SUMMARY
 --------------------------------------------------------------------------------------------------------------------------------------
      TOTAL      OUTER      INNER                                                            MAXIMUM                                   
  ITERATION  ITERATION  ITERATION  MAXIMUM CHANGE      MAXIMUM CHANGE MODEL-(CELLID)        RESIDUAL    MAXIMUM RESIDUAL MODEL-(CELLID)
 --------------------------------------------------------------------------------------------------------------------------------------
          1          1          1       28.315450                    1_GWF-(1,29,39)     -0.30790812                    1_GWF-(1,37,33)
          2          1          2       1.2785475                    1_GWF-(1,42,34)  8.29920646E-03                    1_GWF-(1,32,35)
          3          1          3  2.01213969E-02                    1_GWF-(1,42,34) -2.03002555E-04                    1_GWF-(1,33,34)
          4          2          1  7.37757805E-04                    1_GWF-(1,42,33) -1.12613157E-05                    1_GWF-(1,40,38)
 --------------------------------------------------------------------------------------------------------------------------------------


 
    Solving:  Stress period:     4    Time step:     1
 
1
                            STRESS PERIOD NO. 4, LENGTH =   52.00000    
                            -----------------------------------------------
                            NUMBER OF TIME STEPS = 52
                            MULTIPLIER FOR DELT =     1.000
                            INITIAL TIME STEP SIZE =   1.000000    

 SLN_1 OUTER ITERATION SUMMARY
 ----------------------------------------------------------------------------------------------------------------------------------------------------------------
                                OUTER      INNER  BACKTRACK  BACKTRACK        INCOMING        OUTGOING                    STEP   MAXIMUM CHANGE MODEL-(CELLID) OR
 OUTER ITERATION STEP       ITERATION  ITERATION       FLAG ITERATIONS        RESIDUAL        RESIDUAL  MAXIMUM CHANGE SUCCESS             MODEL-PACKAGE-(NUMBER)
 ----------------------------------------------------------------------------------------------------------------------------------------------------------------
 Backtracking                       1                     0          0       645.21863       645.21863                       *                                   
 Model                              1          2                                                            -12.734423                            1_GWF-(1,41,15)
 Backtracking                       2                     0          0  4.43163919E-09  4.43163919E-09                       *                                   
 Model                              2          1                                                       -8.19255774E-12       *                    1_GWF-(1,39,26)
 ----------------------------------------------------------------------------------------------------------------------------------------------------------------


 2 CALLS TO NUMERICAL SOLUTION IN TIME STEP 1 STRESS PERIOD 4
 3 TOTAL ITERATIONS

 SLN_1 INNER ITERATION SUMMARY
 --------------------------------------------------------------------------------------------------------------------------------------
      TOTAL      OUTER      INNER                                                            MAXIMUM                                   
  ITERATION  ITERATION  ITERATION  MAXIMUM CHANGE      MAXIMUM CHANGE MODEL-(CELLID)        RESIDUAL    MAXIMUM RESIDUAL MODEL-(CELLID)
 --------------------------------------------------------------------------------------------------------------------------------------
          1          1          1      -12.734423                    1_GWF-(1,41,15)  1.71441280E-06                    1_GWF-(1,32,31)
          2          1          2 -3.90488688E-07                     1_GWF-(1,46,7)  3.87055523E-10                    1_GWF-(1,32,34)
          3          2          1 -8.19313338E-12                    1_GWF-(1,39,26)  3.30979868E-10                    1_GWF-(1,32,34)
 --------------------------------------------------------------------------------------------------------------------------------------


 
    Solving:  Stress period:     4    Time step:     2
 

 SLN_1 OUTER ITERATION SUMMARY
 ----------------------------------------------------------------------------------------------------------------------------------------------------------------
                                OUTER      INNER  BACKTRACK  BACKTRACK        INCOMING        OUTGOING                    STEP   MAXIMUM CHANGE MODEL-(CELLID) OR
 OUTER ITERATION STEP       ITERATION  ITERATION       FLAG ITERATIONS        RESIDUAL        RESIDUAL  MAXIMUM CHANGE SUCCESS             MODEL-PACKAGE-(NUMBER)
 ----------------------------------------------------------------------------------------------------------------------------------------------------------------
 Backtracking                       1                     0          0       551.65626       551.65626                       *                                   
 Model                              1          2                                                            -4.0896653                             1_GWF-(1,46,7)
 Backtracking                       2                     0          0  3.58170539E-09  3.58170539E-09                       *                                   
 Model                              2          1                                                        2.77111667E-12       *                    1_GWF-(1,44,33)
 ----------------------------------------------------------------------------------------------------------------------------------------------------------------


 2 CALLS TO NUMERICAL SOLUTION IN TIME STEP 2 STRESS PERIOD 4
 3 TOTAL ITERATIONS

 SLN_1 INNER ITERATION SUMMARY
 --------------------------------------------------------------------------------------------------------------------------------------
      TOTAL      OUTER      INNER                                                            MAXIMUM                                   
  ITERATION  ITERATION  ITERATION  MAXIMUM CHANGE      MAXIMUM CHANGE MODEL-(CELLID)        RESIDUAL    MAXIMUM RESIDUAL MODEL-(CELLID)
 --------------------------------------------------------------------------------------------------------------------------------------
          1          1          1      -4.0896652                     1_GWF-(1,46,7) -1.40888667E-06                     1_GWF-(1,42,6)
          2          1          2 -1.55790202E-07                     1_GWF-(1,46,7)  2.83094377E-10                     1_GWF-(1,22,7)
          3          2          1  2.77004335E-12                    1_GWF-(1,44,33)  2.54472094E-10                     1_GWF-(1,22,7)
 --------------------------------------------------------------------------------------------------------------------------------------


 
    Solving:  Stress period:     4    Time step:     3
 

 SLN_1 OUTER ITERATION SUMMARY
 ----------------------------------------------------------------------------------------------------------------------------------------------------------------
                                OUTER      INNER  BACKTRACK  BACKTRACK        INCOMING        OUTGOING                    STEP   MAXIMUM CHANGE MODEL-(CELLID) OR
 OUTER ITERATION STEP       ITERATION  ITERATION       FLAG ITERATIONS        RESIDUAL        RESIDUAL  MAXIMUM CHANGE SUCCESS             MODEL-PACKAGE-(NUMBER)
 ----------------------------------------------------------------------------------------------------------------------------------------------------------------
 Backtracking                       1                     0          0       479.19393       479.19393                       *                                   
 Model                              1          2                                                            -2.0223235                            1_GWF-(1,40,24)
 Backtracking                       2                     0          0  2.95920426E-09  2.95920426E-09                       *                                   
 Model                              2          1                                                        1.81188398E-12       *                    1_GWF-(1,44,33)
 ----------------------------------------------------------------------------------------------------------------------------------------------------------------


 2 CALLS TO NUMERICAL SOLUTION IN TIME STEP 3 STRESS PERIOD 4
 3 TOTAL ITERATIONS

 SLN_1 INNER ITERATION SUMMARY
 --------------------------------------------------------------------------------------------------------------------------------------
      TOTAL      OUTER      INNER                                                            MAXIMUM                                   
  ITERATION  ITERATION  ITERATION  MAXIMUM CHANGE      MAXIMUM CHANGE MODEL-(CELLID)        RESIDUAL    MAXIMUM RESIDUAL MODEL-(CELLID)
 --------------------------------------------------------------------------------------------------------------------------------------
          1          1          1      -2.0223234                    1_GWF-(1,40,24) -1.12479534E-06                     1_GWF-(1,42,6)
          2          1          2  8.53633209E-08                     1_GWF-(1,42,6)  2.36133572E-10                     1_GWF-(1,21,7)
          3          2          1  1.80930047E-12                    1_GWF-(1,44,33)  2.19177998E-10                     1_GWF-(1,21,7)
 --------------------------------------------------------------------------------------------------------------------------------------


 
    Solving:  Stress period:     4    Time step:     4
 

 SLN_1 OUTER ITERATION SUMMARY
 ----------------------------------------------------------------------------------------------------------------------------------------------------------------
                                OUTER      INNER  BACKTRACK  BACKTRACK        INCOMING        OUTGOING                    STEP   MAXIMUM CHANGE MODEL-(CELLID) OR
 OUTER ITERATION STEP       ITERATION  ITERATION       FLAG ITERATIONS        RESIDUAL        RESIDUAL  MAXIMUM CHANGE SUCCESS             MODEL-PACKAGE-(NUMBER)
 ----------------------------------------------------------------------------------------------------------------------------------------------------------------
 Backtracking                       1                     0          0       419.33711       419.33711                       *                                   
 Model                              1          2                                                            -1.6452186                            1_GWF-(1,40,24)
 Backtracking                       2                     0          0  2.49415762E-09  2.49415762E-09                       *                                   
 Model                              2          1                                                        1.17950094E-12       *                    1_GWF-(1,44,33)
 ----------------------------------------------------------------------------------------------------------------------------------------------------------------


 2 CALLS TO NUMERICAL SOLUTION IN TIME STEP 4 STRESS PERIOD 4
 3 TOTAL ITERATIONS

 SLN_1 INNER ITERATION SUMMARY
 --------------------------------------------------------------------------------------------------------------------------------------
      TOTAL      OUTER      INNER                                                            MAXIMUM                                   
  ITERATION  ITERATION  ITERATION  MAXIMUM CHANGE      MAXIMUM CHANGE MODEL-(CELLID)        RESIDUAL    MAXIMUM RESIDUAL MODEL-(CELLID)
 --------------------------------------------------------------------------------------------------------------------------------------
          1          1          1      -1.6452185                    1_GWF-(1,40,24) -9.37709427E-07                    1_GWF-(1,22,53)
          2          1          2  7.75805783E-08                    1_GWF-(1,22,53) -2.13314918E-10                    1_GWF-(1,21,55)
          3          2          1  1.18161961E-12                    1_GWF-(1,44,33) -2.02132543E-10                    1_GWF-(1,21,55)
 --------------------------------------------------------------------------------------------------------------------------------------


 
    Solving:  Stress period:     4    Time step:     5
 

 SLN_1 OUTER ITERATION SUMMARY
 ----------------------------------------------------------------------------------------------------------------------------------------------------------------
                                OUTER      INNER  BACKTRACK  BACKTRACK        INCOMING        OUTGOING                    STEP   MAXIMUM CHANGE MODEL-(CELLID) OR
 OUTER ITERATION STEP       ITERATION  ITERATION       FLAG ITERATIONS        RESIDUAL        RESIDUAL  MAXIMUM CHANGE SUCCESS             MODEL-PACKAGE-(NUMBER)
 ----------------------------------------------------------------------------------------------------------------------------------------------------------------
 Backtracking                       1                     0          0       368.76468       368.76468                       *                                   
 Model                              1          2                                                            -1.3281909                            1_GWF-(1,40,24)
 Backtracking                       2                     0          0  2.13368149E-09  2.13368149E-09                       *                                   
 Model                              2          1                                                        7.81597009E-13       *                    1_GWF-(1,44,33)
 ----------------------------------------------------------------------------------------------------------------------------------------------------------------


 2 CALLS TO NUMERICAL SOLUTION IN TIME STEP 5 STRESS PERIOD 4
 3 TOTAL ITERATIONS

 SLN_1 INNER ITERATION SUMMARY
 --------------------------------------------------------------------------------------------------------------------------------------
      TOTAL      OUTER      INNER                                                            MAXIMUM                                   
  ITERATION  ITERATION  ITERATION  MAXIMUM CHANGE      MAXIMUM CHANGE MODEL-(CELLID)        RESIDUAL    MAXIMUM RESIDUAL MODEL-(CELLID)
 --------------------------------------------------------------------------------------------------------------------------------------
          1          1          1      -1.3281908                    1_GWF-(1,40,24) -8.60586218E-07                    1_GWF-(1,22,53)
          2          1          2  7.13600523E-08                    1_GWF-(1,22,53) -1.93123542E-10                    1_GWF-(1,21,55)
          3          2          1  7.79126547E-13                    1_GWF-(1,44,33) -1.85591163E-10                    1_GWF-(1,21,55)
 --------------------------------------------------------------------------------------------------------------------------------------


 
    Solving:  Stress period:     4    Time step:     6
 

 SLN_1 OUTER ITERATION SUMMARY
 ----------------------------------------------------------------------------------------------------------------------------------------------------------------
                                OUTER      INNER  BACKTRACK  BACKTRACK        INCOMING        OUTGOING                    STEP   MAXIMUM CHANGE MODEL-(CELLID) OR
 OUTER ITERATION STEP       ITERATION  ITERATION       FLAG ITERATIONS        RESIDUAL        RESIDUAL  MAXIMUM CHANGE SUCCESS             MODEL-PACKAGE-(NUMBER)
 ----------------------------------------------------------------------------------------------------------------------------------------------------------------
 Backtracking                       1                     0          0       325.53405       325.53405                       *                                   
 Model                              1          2                                                            -1.2464556                            1_GWF-(1,40,25)
 Backtracking                       2                     0          0  1.84406931E-09  1.84406931E-09                       *                                   
 Model                              2          1                                                        5.18696197E-13       *                    1_GWF-(1,44,33)
 ----------------------------------------------------------------------------------------------------------------------------------------------------------------


 2 CALLS TO NUMERICAL SOLUTION IN TIME STEP 6 STRESS PERIOD 4
 3 TOTAL ITERATIONS

 SLN_1 INNER ITERATION SUMMARY
 --------------------------------------------------------------------------------------------------------------------------------------
      TOTAL      OUTER      INNER                                                            MAXIMUM                                   
  ITERATION  ITERATION  ITERATION  MAXIMUM CHANGE      MAXIMUM CHANGE MODEL-(CELLID)        RESIDUAL    MAXIMUM RESIDUAL MODEL-(CELLID)
 --------------------------------------------------------------------------------------------------------------------------------------
          1          1          1      -1.2464556                    1_GWF-(1,40,25) -7.86119004E-07                    1_GWF-(1,22,53)
          2          1          2  6.53348983E-08                    1_GWF-(1,22,53) -1.73968157E-10                    1_GWF-(1,21,55)
          3          2          1  5.20211355E-13                    1_GWF-(1,44,33) -1.68795268E-10                    1_GWF-(1,21,55)
 --------------------------------------------------------------------------------------------------------------------------------------


 
    Solving:  Stress period:     4    Time step:     7
 

 SLN_1 OUTER ITERATION SUMMARY
 ----------------------------------------------------------------------------------------------------------------------------------------------------------------
                                OUTER      INNER  BACKTRACK  BACKTRACK        INCOMING        OUTGOING                    STEP   MAXIMUM CHANGE MODEL-(CELLID) OR
 OUTER ITERATION STEP       ITERATION  ITERATION       FLAG ITERATIONS        RESIDUAL        RESIDUAL  MAXIMUM CHANGE SUCCESS             MODEL-PACKAGE-(NUMBER)
 ----------------------------------------------------------------------------------------------------------------------------------------------------------------
 Backtracking                       1                     0          0       288.28596       288.28596                       *                                   
 Model                              1          2                                                            -1.1554746                            1_GWF-(1,40,25)
 Backtracking                       2                     0          0  1.60527928E-09  1.60527928E-09                       *                                   
 Model                              2          1                                                        3.48165941E-13       *                    1_GWF-(1,44,33)
 ----------------------------------------------------------------------------------------------------------------------------------------------------------------


 2 CALLS TO NUMERICAL SOLUTION IN TIME STEP 7 STRESS PERIOD 4
 3 TOTAL ITERATIONS

 SLN_1 INNER ITERATION SUMMARY
 --------------------------------------------------------------------------------------------------------------------------------------
      TOTAL      OUTER      INNER                                                            MAXIMUM                                   
  ITERATION  ITERATION  ITERATION  MAXIMUM CHANGE      MAXIMUM CHANGE MODEL-(CELLID)        RESIDUAL    MAXIMUM RESIDUAL MODEL-(CELLID)
 --------------------------------------------------------------------------------------------------------------------------------------
          1          1          1      -1.1554745                    1_GWF-(1,40,25) -7.15934711E-07                    1_GWF-(1,22,53)
          2          1          2  5.96355741E-08                    1_GWF-(1,22,53) -1.56396763E-10                    1_GWF-(1,21,55)
          3          2          1  3.51496092E-13                    1_GWF-(1,44,33) -1.52848759E-10                    1_GWF-(1,21,55)
 --------------------------------------------------------------------------------------------------------------------------------------


 
    Solving:  Stress period:     4    Time step:     8
 

 SLN_1 OUTER ITERATION SUMMARY
 ----------------------------------------------------------------------------------------------------------------------------------------------------------------
                                OUTER      INNER  BACKTRACK  BACKTRACK        INCOMING        OUTGOING                    STEP   MAXIMUM CHANGE MODEL-(CELLID) OR
 OUTER ITERATION STEP       ITERATION  ITERATION       FLAG ITERATIONS        RESIDUAL        RESIDUAL  MAXIMUM CHANGE SUCCESS             MODEL-PACKAGE-(NUMBER)
 ----------------------------------------------------------------------------------------------------------------------------------------------------------------
 Backtracking                       1                     0          0       255.99364       255.99364                       *                                   
 Model                              1          2                                                            -1.0559411                            1_GWF-(1,40,25)
 Backtracking                       2                     0          0  1.40483938E-09  1.40483938E-09                       *                                   
 Model                              2          1                                                        2.41584530E-13       *                    1_GWF-(1,44,33)
 ----------------------------------------------------------------------------------------------------------------------------------------------------------------


 2 CALLS TO NUMERICAL SOLUTION IN TIME STEP 8 STRESS PERIOD 4
 3 TOTAL ITERATIONS

 SLN_1 INNER ITERATION SUMMARY
 --------------------------------------------------------------------------------------------------------------------------------------
      TOTAL      OUTER      INNER                                                            MAXIMUM                                   
  ITERATION  ITERATION  ITERATION  MAXIMUM CHANGE      MAXIMUM CHANGE MODEL-(CELLID)        RESIDUAL    MAXIMUM RESIDUAL MODEL-(CELLID)
 --------------------------------------------------------------------------------------------------------------------------------------
          1          1          1      -1.0559411                    1_GWF-(1,40,25) -6.50644848E-07                    1_GWF-(1,22,53)
          2          1          2  5.43122737E-08                    1_GWF-(1,22,53) -1.40534447E-10                    1_GWF-(1,21,55)
          3          2          1  2.40316511E-13                    1_GWF-(1,44,33) -1.38115170E-10                    1_GWF-(1,21,55)
 --------------------------------------------------------------------------------------------------------------------------------------


 
    Solving:  Stress period:     4    Time step:     9
 

 SLN_1 OUTER ITERATION SUMMARY
 ----------------------------------------------------------------------------------------------------------------------------------------------------------------
                                OUTER      INNER  BACKTRACK  BACKTRACK        INCOMING        OUTGOING                    STEP   MAXIMUM CHANGE MODEL-(CELLID) OR
 OUTER ITERATION STEP       ITERATION  ITERATION       FLAG ITERATIONS        RESIDUAL        RESIDUAL  MAXIMUM CHANGE SUCCESS             MODEL-PACKAGE-(NUMBER)
 ----------------------------------------------------------------------------------------------------------------------------------------------------------------
 Backtracking                       1                     0          0       227.85314       227.85314                       *                                   
 Model                              1          2                                                           -0.95563568                            1_GWF-(1,40,25)
 Backtracking                       2                     0          0  1.23474354E-09  1.23474354E-09                       *                                   
 Model                              2          1                                                        1.63424829E-13       *                    1_GWF-(1,44,33)
 ----------------------------------------------------------------------------------------------------------------------------------------------------------------


 2 CALLS TO NUMERICAL SOLUTION IN TIME STEP 9 STRESS PERIOD 4
 3 TOTAL ITERATIONS

 SLN_1 INNER ITERATION SUMMARY
 --------------------------------------------------------------------------------------------------------------------------------------
      TOTAL      OUTER      INNER                                                            MAXIMUM                                   
  ITERATION  ITERATION  ITERATION  MAXIMUM CHANGE      MAXIMUM CHANGE MODEL-(CELLID)        RESIDUAL    MAXIMUM RESIDUAL MODEL-(CELLID)
 --------------------------------------------------------------------------------------------------------------------------------------
          1          1          1     -0.95563566                    1_GWF-(1,40,25) -5.90386045E-07                    1_GWF-(1,22,53)
          2          1          2  4.93784622E-08                    1_GWF-(1,22,53) -1.26320416E-10                    1_GWF-(1,21,55)
          3          2          1  1.66170158E-13                    1_GWF-(1,44,33) -1.24642921E-10                    1_GWF-(1,21,55)
 --------------------------------------------------------------------------------------------------------------------------------------


 
    Solving:  Stress period:     4    Time step:    10
 

 SLN_1 OUTER ITERATION SUMMARY
 ----------------------------------------------------------------------------------------------------------------------------------------------------------------
                                OUTER      INNER  BACKTRACK  BACKTRACK        INCOMING        OUTGOING                    STEP   MAXIMUM CHANGE MODEL-(CELLID) OR
 OUTER ITERATION STEP       ITERATION  ITERATION       FLAG ITERATIONS        RESIDUAL        RESIDUAL  MAXIMUM CHANGE SUCCESS             MODEL-PACKAGE-(NUMBER)
 ----------------------------------------------------------------------------------------------------------------------------------------------------------------
 Backtracking                       1                     0          0       203.22215       203.22215                       *                                   
 Model                              1          2                                                           -0.85906010                            1_GWF-(1,40,25)
 Backtracking                       2                     0          0  1.08931482E-09  1.08931482E-09                       *                                   
 Model                              2          1                                                        1.13686838E-13       *                    1_GWF-(1,44,33)
 ----------------------------------------------------------------------------------------------------------------------------------------------------------------


 2 CALLS TO NUMERICAL SOLUTION IN TIME STEP 10 STRESS PERIOD 4
 3 TOTAL ITERATIONS

 SLN_1 INNER ITERATION SUMMARY
 --------------------------------------------------------------------------------------------------------------------------------------
      TOTAL      OUTER      INNER                                                            MAXIMUM                                   
  ITERATION  ITERATION  ITERATION  MAXIMUM CHANGE      MAXIMUM CHANGE MODEL-(CELLID)        RESIDUAL    MAXIMUM RESIDUAL MODEL-(CELLID)
 --------------------------------------------------------------------------------------------------------------------------------------
          1          1          1     -0.85906008                    1_GWF-(1,40,25) -5.35057186E-07                    1_GWF-(1,22,53)
          2          1          2  4.48293070E-08                    1_GWF-(1,22,53) -1.13619061E-10                    1_GWF-(1,21,55)
          3          2          1  1.16424501E-13                    1_GWF-(1,44,33) -1.12417481E-10                    1_GWF-(1,21,55)
 --------------------------------------------------------------------------------------------------------------------------------------


 
    Solving:  Stress period:     4    Time step:    11
 

 SLN_1 OUTER ITERATION SUMMARY
 ----------------------------------------------------------------------------------------------------------------------------------------------------------------
                                OUTER      INNER  BACKTRACK  BACKTRACK        INCOMING        OUTGOING                    STEP   MAXIMUM CHANGE MODEL-(CELLID) OR
 OUTER ITERATION STEP       ITERATION  ITERATION       FLAG ITERATIONS        RESIDUAL        RESIDUAL  MAXIMUM CHANGE SUCCESS             MODEL-PACKAGE-(NUMBER)
 ----------------------------------------------------------------------------------------------------------------------------------------------------------------
 Backtracking                       1                     0          0       181.58049       181.58049                       *                                   
 Model                              1          2                                                           -0.76863038                            1_GWF-(1,40,25)
 Backtracking                       2                     0          0  9.64396354E-10  9.64396354E-10                       *                                   
 Model                              2          1                                                        8.52651283E-14       *                    1_GWF-(1,44,33)
 ----------------------------------------------------------------------------------------------------------------------------------------------------------------


 2 CALLS TO NUMERICAL SOLUTION IN TIME STEP 11 STRESS PERIOD 4
 3 TOTAL ITERATIONS

 SLN_1 INNER ITERATION SUMMARY
 --------------------------------------------------------------------------------------------------------------------------------------
      TOTAL      OUTER      INNER                                                            MAXIMUM                                   
  ITERATION  ITERATION  ITERATION  MAXIMUM CHANGE      MAXIMUM CHANGE MODEL-(CELLID)        RESIDUAL    MAXIMUM RESIDUAL MODEL-(CELLID)
 --------------------------------------------------------------------------------------------------------------------------------------
          1          1          1     -0.76863037                    1_GWF-(1,40,25) -4.84435700E-07                    1_GWF-(1,22,53)
          2          1          2  4.06504599E-08                    1_GWF-(1,22,53) -1.02272907E-10                    1_GWF-(1,21,55)
          3          2          1  8.24162939E-14                    1_GWF-(1,44,33) -1.01413543E-10                    1_GWF-(1,21,55)
 --------------------------------------------------------------------------------------------------------------------------------------


 
    Solving:  Stress period:     4    Time step:    12
 

 SLN_1 OUTER ITERATION SUMMARY
 ----------------------------------------------------------------------------------------------------------------------------------------------------------------
                                OUTER      INNER  BACKTRACK  BACKTRACK        INCOMING        OUTGOING                    STEP   MAXIMUM CHANGE MODEL-(CELLID) OR
 OUTER ITERATION STEP       ITERATION  ITERATION       FLAG ITERATIONS        RESIDUAL        RESIDUAL  MAXIMUM CHANGE SUCCESS             MODEL-PACKAGE-(NUMBER)
 ----------------------------------------------------------------------------------------------------------------------------------------------------------------
 Backtracking                       1                     0          0       162.50240       162.50240                       *                                   
 Model                              1          2                                                           -0.68546745                            1_GWF-(1,40,25)
 Backtracking                       2                     0          0  8.56650687E-10  8.56650687E-10                       *                                   
 Model                              2          1                                                        5.68434189E-14       *                    1_GWF-(1,44,33)
 ----------------------------------------------------------------------------------------------------------------------------------------------------------------


 2 CALLS TO NUMERICAL SOLUTION IN TIME STEP 12 STRESS PERIOD 4
 3 TOTAL ITERATIONS

 SLN_1 INNER ITERATION SUMMARY
 --------------------------------------------------------------------------------------------------------------------------------------
      TOTAL      OUTER      INNER                                                            MAXIMUM                                   
  ITERATION  ITERATION  ITERATION  MAXIMUM CHANGE      MAXIMUM CHANGE MODEL-(CELLID)        RESIDUAL    MAXIMUM RESIDUAL MODEL-(CELLID)
 --------------------------------------------------------------------------------------------------------------------------------------
          1          1          1     -0.68546743                    1_GWF-(1,40,25) -4.38239255E-07                    1_GWF-(1,22,53)
          2          1          2  3.68225926E-08                    1_GWF-(1,22,53) -9.21274040E-11                    1_GWF-(1,21,55)
          3          2          1  5.92211497E-14                    1_GWF-(1,44,33) -9.14967822E-11                    1_GWF-(1,21,55)
 --------------------------------------------------------------------------------------------------------------------------------------


 
    Solving:  Stress period:     4    Time step:    13
 

 SLN_1 OUTER ITERATION SUMMARY
 ----------------------------------------------------------------------------------------------------------------------------------------------------------------
                                OUTER      INNER  BACKTRACK  BACKTRACK        INCOMING        OUTGOING                    STEP   MAXIMUM CHANGE MODEL-(CELLID) OR
 OUTER ITERATION STEP       ITERATION  ITERATION       FLAG ITERATIONS        RESIDUAL        RESIDUAL  MAXIMUM CHANGE SUCCESS             MODEL-PACKAGE-(NUMBER)
 ----------------------------------------------------------------------------------------------------------------------------------------------------------------
 Backtracking                       1                     0          0       145.63618       145.63618                       *                                   
 Model                              1          2                                                           -0.60990754                            1_GWF-(1,40,25)
 Backtracking                       2                     0          0  7.63488376E-10  7.63488376E-10                       *                                   
 Model                              2          1                                                        4.26325641E-14       *                    1_GWF-(1,44,33)
 ----------------------------------------------------------------------------------------------------------------------------------------------------------------


 2 CALLS TO NUMERICAL SOLUTION IN TIME STEP 13 STRESS PERIOD 4
 3 TOTAL ITERATIONS

 SLN_1 INNER ITERATION SUMMARY
 --------------------------------------------------------------------------------------------------------------------------------------
      TOTAL      OUTER      INNER                                                            MAXIMUM                                   
  ITERATION  ITERATION  ITERATION  MAXIMUM CHANGE      MAXIMUM CHANGE MODEL-(CELLID)        RESIDUAL    MAXIMUM RESIDUAL MODEL-(CELLID)
 --------------------------------------------------------------------------------------------------------------------------------------
          1          1          1     -0.60990753                    1_GWF-(1,40,25) -3.96160214E-07                    1_GWF-(1,22,53)
          2          1          2  3.33239400E-08                    1_GWF-(1,22,53) -8.30414115E-11                    1_GWF-(1,21,55)
          3          2          1  4.29845617E-14                    1_GWF-(1,44,33) -8.26221282E-11                    1_GWF-(1,21,55)
 --------------------------------------------------------------------------------------------------------------------------------------


 
    Solving:  Stress period:     4    Time step:    14
 

 SLN_1 OUTER ITERATION SUMMARY
 ----------------------------------------------------------------------------------------------------------------------------------------------------------------
                                OUTER      INNER  BACKTRACK  BACKTRACK        INCOMING        OUTGOING                    STEP   MAXIMUM CHANGE MODEL-(CELLID) OR
 OUTER ITERATION STEP       ITERATION  ITERATION       FLAG ITERATIONS        RESIDUAL        RESIDUAL  MAXIMUM CHANGE SUCCESS             MODEL-PACKAGE-(NUMBER)
 ----------------------------------------------------------------------------------------------------------------------------------------------------------------
 Backtracking                       1                     0          0       130.68890       130.68890                       *                                   
 Model                              1          2                                                           -0.54182641                            1_GWF-(1,40,25)
 Backtracking                       2                     0          0  6.82680938E-10  6.82680938E-10                       *                                   
 Model                              2          1                                                        2.84217094E-14       *                    1_GWF-(1,44,33)
 ----------------------------------------------------------------------------------------------------------------------------------------------------------------


 2 CALLS TO NUMERICAL SOLUTION IN TIME STEP 14 STRESS PERIOD 4
 3 TOTAL ITERATIONS

 SLN_1 INNER ITERATION SUMMARY
 --------------------------------------------------------------------------------------------------------------------------------------
      TOTAL      OUTER      INNER                                                            MAXIMUM                                   
  ITERATION  ITERATION  ITERATION  MAXIMUM CHANGE      MAXIMUM CHANGE MODEL-(CELLID)        RESIDUAL    MAXIMUM RESIDUAL MODEL-(CELLID)
 --------------------------------------------------------------------------------------------------------------------------------------
          1          1          1     -0.54182640                    1_GWF-(1,40,25) -3.57885443E-07                    1_GWF-(1,22,53)
          2          1          2  3.01317780E-08                    1_GWF-(1,22,53) -7.48904017E-11                    1_GWF-(1,21,55)
          3          2          1  3.14936272E-14                    1_GWF-(1,44,33) -7.45784817E-11                    1_GWF-(1,21,55)
 --------------------------------------------------------------------------------------------------------------------------------------


 
    Solving:  Stress period:     4    Time step:    15
 

 SLN_1 OUTER ITERATION SUMMARY
 ----------------------------------------------------------------------------------------------------------------------------------------------------------------
                                OUTER      INNER  BACKTRACK  BACKTRACK        INCOMING        OUTGOING                    STEP   MAXIMUM CHANGE MODEL-(CELLID) OR
 OUTER ITERATION STEP       ITERATION  ITERATION       FLAG ITERATIONS        RESIDUAL        RESIDUAL  MAXIMUM CHANGE SUCCESS             MODEL-PACKAGE-(NUMBER)
 ----------------------------------------------------------------------------------------------------------------------------------------------------------------
 Backtracking                       1                     0          0       117.41463       117.41463                       *                                   
 Model                              1          2                                                           -0.48084275                            1_GWF-(1,40,25)
 Backtracking                       2                     0          0  6.12424492E-10  6.12424492E-10                       *                                   
 Model                              2          1                                                        2.13162821E-14       *                    1_GWF-(1,44,33)
 ----------------------------------------------------------------------------------------------------------------------------------------------------------------


 2 CALLS TO NUMERICAL SOLUTION IN TIME STEP 15 STRESS PERIOD 4
 3 TOTAL ITERATIONS

 SLN_1 INNER ITERATION SUMMARY
 --------------------------------------------------------------------------------------------------------------------------------------
      TOTAL      OUTER      INNER                                                            MAXIMUM                                   
  ITERATION  ITERATION  ITERATION  MAXIMUM CHANGE      MAXIMUM CHANGE MODEL-(CELLID)        RESIDUAL    MAXIMUM RESIDUAL MODEL-(CELLID)
 --------------------------------------------------------------------------------------------------------------------------------------
          1          1          1     -0.48084274                    1_GWF-(1,40,25) -3.23107849E-07                    1_GWF-(1,22,53)
          2          1          2  2.75573961E-08                    1_GWF-(1,46,35) -6.75662749E-11                    1_GWF-(1,21,55)
          3          2          1  2.33724936E-14                    1_GWF-(1,44,33) -6.73240645E-11                    1_GWF-(1,21,55)
 --------------------------------------------------------------------------------------------------------------------------------------


 
    Solving:  Stress period:     4    Time step:    16
 

 SLN_1 OUTER ITERATION SUMMARY
 ----------------------------------------------------------------------------------------------------------------------------------------------------------------
                                OUTER      INNER  BACKTRACK  BACKTRACK        INCOMING        OUTGOING                    STEP   MAXIMUM CHANGE MODEL-(CELLID) OR
 OUTER ITERATION STEP       ITERATION  ITERATION       FLAG ITERATIONS        RESIDUAL        RESIDUAL  MAXIMUM CHANGE SUCCESS             MODEL-PACKAGE-(NUMBER)
 ----------------------------------------------------------------------------------------------------------------------------------------------------------------
 Backtracking                       1                     0          0       105.60544       105.60544                       *                                   
 Model                              1          2                                                           -0.42644446                            1_GWF-(1,40,25)
 Backtracking                       2                     0          0  5.51254805E-10  5.51254805E-10                       *                                   
 Model                              2          1                                                        1.42108547E-14       *                    1_GWF-(1,44,33)
 ----------------------------------------------------------------------------------------------------------------------------------------------------------------


 2 CALLS TO NUMERICAL SOLUTION IN TIME STEP 16 STRESS PERIOD 4
 3 TOTAL ITERATIONS

 SLN_1 INNER ITERATION SUMMARY
 --------------------------------------------------------------------------------------------------------------------------------------
      TOTAL      OUTER      INNER                                                            MAXIMUM                                   
  ITERATION  ITERATION  ITERATION  MAXIMUM CHANGE      MAXIMUM CHANGE MODEL-(CELLID)        RESIDUAL    MAXIMUM RESIDUAL MODEL-(CELLID)
 --------------------------------------------------------------------------------------------------------------------------------------
          1          1          1     -0.42644446                    1_GWF-(1,40,25) -2.91533041E-07                    1_GWF-(1,22,53)
          2          1          2  2.57927273E-08                    1_GWF-(1,46,35) -6.09756723E-11                    1_GWF-(1,21,55)
          3          2          1  1.74966406E-14                    1_GWF-(1,44,33) -6.07982789E-11                    1_GWF-(1,21,55)
 --------------------------------------------------------------------------------------------------------------------------------------


 
    Solving:  Stress period:     4    Time step:    17
 

 SLN_1 OUTER ITERATION SUMMARY
 ----------------------------------------------------------------------------------------------------------------------------------------------------------------
                                OUTER      INNER  BACKTRACK  BACKTRACK        INCOMING        OUTGOING                    STEP   MAXIMUM CHANGE MODEL-(CELLID) OR
 OUTER ITERATION STEP       ITERATION  ITERATION       FLAG ITERATIONS        RESIDUAL        RESIDUAL  MAXIMUM CHANGE SUCCESS             MODEL-PACKAGE-(NUMBER)
 ----------------------------------------------------------------------------------------------------------------------------------------------------------------
 Backtracking                       1                     0          0       95.084264       95.084264                       *                                   
 Model                              1          2                                                           -0.38846321                            1_GWF-(1,28,39)
 Backtracking                       2                     0          0  4.97842135E-10  4.97842135E-10                       *                                   
 Model                              2          1                                                        1.42108547E-14       *                    1_GWF-(1,44,33)
 ----------------------------------------------------------------------------------------------------------------------------------------------------------------


 2 CALLS TO NUMERICAL SOLUTION IN TIME STEP 17 STRESS PERIOD 4
 3 TOTAL ITERATIONS

 SLN_1 INNER ITERATION SUMMARY
 --------------------------------------------------------------------------------------------------------------------------------------
      TOTAL      OUTER      INNER                                                            MAXIMUM                                   
  ITERATION  ITERATION  ITERATION  MAXIMUM CHANGE      MAXIMUM CHANGE MODEL-(CELLID)        RESIDUAL    MAXIMUM RESIDUAL MODEL-(CELLID)
 --------------------------------------------------------------------------------------------------------------------------------------
          1          1          1     -0.38846321                    1_GWF-(1,28,39) -2.62883043E-07                    1_GWF-(1,22,53)
          2          1          2  2.41881188E-08                    1_GWF-(1,46,35) -5.50379346E-11                    1_GWF-(1,21,55)
          3          2          1  1.34582069E-14                    1_GWF-(1,43,32) -5.49303012E-11                    1_GWF-(1,21,55)
 --------------------------------------------------------------------------------------------------------------------------------------


 
    Solving:  Stress period:     4    Time step:    18
 

 SLN_1 OUTER ITERATION SUMMARY
 ----------------------------------------------------------------------------------------------------------------------------------------------------------------
                                OUTER      INNER  BACKTRACK  BACKTRACK        INCOMING        OUTGOING                    STEP   MAXIMUM CHANGE MODEL-(CELLID) OR
 OUTER ITERATION STEP       ITERATION  ITERATION       FLAG ITERATIONS        RESIDUAL        RESIDUAL  MAXIMUM CHANGE SUCCESS             MODEL-PACKAGE-(NUMBER)
 ----------------------------------------------------------------------------------------------------------------------------------------------------------------
 Backtracking                       1                     0          0       85.699398       85.699398                       *                                   
 Model                              1          2                                                           -0.37493348                            1_GWF-(1,28,39)
 Backtracking                       2                     0          0  4.51122799E-10  4.51122799E-10                       *                                   
 Model                              2          1                                                        7.10542736E-15       *                    1_GWF-(1,44,33)
 ----------------------------------------------------------------------------------------------------------------------------------------------------------------


 2 CALLS TO NUMERICAL SOLUTION IN TIME STEP 18 STRESS PERIOD 4
 3 TOTAL ITERATIONS

 SLN_1 INNER ITERATION SUMMARY
 --------------------------------------------------------------------------------------------------------------------------------------
      TOTAL      OUTER      INNER                                                            MAXIMUM                                   
  ITERATION  ITERATION  ITERATION  MAXIMUM CHANGE      MAXIMUM CHANGE MODEL-(CELLID)        RESIDUAL    MAXIMUM RESIDUAL MODEL-(CELLID)
 --------------------------------------------------------------------------------------------------------------------------------------
          1          1          1     -0.37493348                    1_GWF-(1,28,39) -2.36898169E-07                    1_GWF-(1,22,53)
          2          1          2  2.27266413E-08                    1_GWF-(1,46,35) -4.96830807E-11                    1_GWF-(1,21,55)
          3          2          1  1.04362968E-14                    1_GWF-(1,43,32) -4.95832011E-11                    1_GWF-(1,21,55)
 --------------------------------------------------------------------------------------------------------------------------------------


 
    Solving:  Stress period:     4    Time step:    19
 

 SLN_1 OUTER ITERATION SUMMARY
 ----------------------------------------------------------------------------------------------------------------------------------------------------------------
                                OUTER      INNER  BACKTRACK  BACKTRACK        INCOMING        OUTGOING                    STEP   MAXIMUM CHANGE MODEL-(CELLID) OR
 OUTER ITERATION STEP       ITERATION  ITERATION       FLAG ITERATIONS        RESIDUAL        RESIDUAL  MAXIMUM CHANGE SUCCESS             MODEL-PACKAGE-(NUMBER)
 ----------------------------------------------------------------------------------------------------------------------------------------------------------------
 Backtracking                       1                     0          0       77.320075       77.320075                       *                                   
 Model                              1          2                                                           -0.36090852                            1_GWF-(1,28,39)
 Backtracking                       2                     0          0  4.10168096E-10  4.10168096E-10                       *                                   
 Model                              2          1                                                        7.10542736E-15       *                    1_GWF-(1,44,33)
 ----------------------------------------------------------------------------------------------------------------------------------------------------------------


 2 CALLS TO NUMERICAL SOLUTION IN TIME STEP 19 STRESS PERIOD 4
 3 TOTAL ITERATIONS

 SLN_1 INNER ITERATION SUMMARY
 --------------------------------------------------------------------------------------------------------------------------------------
      TOTAL      OUTER      INNER                                                            MAXIMUM                                   
  ITERATION  ITERATION  ITERATION  MAXIMUM CHANGE      MAXIMUM CHANGE MODEL-(CELLID)        RESIDUAL    MAXIMUM RESIDUAL MODEL-(CELLID)
 --------------------------------------------------------------------------------------------------------------------------------------
          1          1          1     -0.36090852                    1_GWF-(1,28,39) -2.13337748E-07                    1_GWF-(1,22,53)
          2          1          2  2.13922891E-08                    1_GWF-(1,46,35) -4.48500792E-11                    1_GWF-(1,21,55)
          3          2          1  8.15667471E-15                    1_GWF-(1,43,32) -4.47816280E-11                    1_GWF-(1,21,55)
 --------------------------------------------------------------------------------------------------------------------------------------


 
    Solving:  Stress period:     4    Time step:    20
 

 SLN_1 OUTER ITERATION SUMMARY
 ----------------------------------------------------------------------------------------------------------------------------------------------------------------
                                OUTER      INNER  BACKTRACK  BACKTRACK        INCOMING        OUTGOING                    STEP   MAXIMUM CHANGE MODEL-(CELLID) OR
 OUTER ITERATION STEP       ITERATION  ITERATION       FLAG ITERATIONS        RESIDUAL        RESIDUAL  MAXIMUM CHANGE SUCCESS             MODEL-PACKAGE-(NUMBER)
 ----------------------------------------------------------------------------------------------------------------------------------------------------------------
 Backtracking                       1                     0          0       69.832978       69.832978                       *                                   
 Model                              1          2                                                           -0.34816777                            1_GWF-(1,29,39)
 Backtracking                       2                     0          0  3.74316215E-10  3.74316215E-10                       *                                   
 Model                              2          1                                                        7.10542736E-15       *                    1_GWF-(1,44,33)
 ----------------------------------------------------------------------------------------------------------------------------------------------------------------


 2 CALLS TO NUMERICAL SOLUTION IN TIME STEP 20 STRESS PERIOD 4
 3 TOTAL ITERATIONS

 SLN_1 INNER ITERATION SUMMARY
 --------------------------------------------------------------------------------------------------------------------------------------
      TOTAL      OUTER      INNER                                                            MAXIMUM                                   
  ITERATION  ITERATION  ITERATION  MAXIMUM CHANGE      MAXIMUM CHANGE MODEL-(CELLID)        RESIDUAL    MAXIMUM RESIDUAL MODEL-(CELLID)
 --------------------------------------------------------------------------------------------------------------------------------------
          1          1          1     -0.34816778                    1_GWF-(1,29,39) -1.91980102E-07                    1_GWF-(1,22,53)
          2          1          2  2.01702233E-08                    1_GWF-(1,46,35) -4.04853721E-11                    1_GWF-(1,21,55)
          3          2          1  6.44933486E-15                    1_GWF-(1,43,32) -4.04215210E-11                    1_GWF-(1,21,55)
 --------------------------------------------------------------------------------------------------------------------------------------


 
    Solving:  Stress period:     4    Time step:    21
 

 SLN_1 OUTER ITERATION SUMMARY
 ----------------------------------------------------------------------------------------------------------------------------------------------------------------
                                OUTER      INNER  BACKTRACK  BACKTRACK        INCOMING        OUTGOING                    STEP   MAXIMUM CHANGE MODEL-(CELLID) OR
 OUTER ITERATION STEP       ITERATION  ITERATION       FLAG ITERATIONS        RESIDUAL        RESIDUAL  MAXIMUM CHANGE SUCCESS             MODEL-PACKAGE-(NUMBER)
 ----------------------------------------------------------------------------------------------------------------------------------------------------------------
 Backtracking                       1                     0          0       63.139423       63.139423                       *                                   
 Model                              1          2                                                           -0.33696897                            1_GWF-(1,29,39)
 Backtracking                       2                     0          0  3.42706180E-10  3.42706180E-10                       *                                   
 Model                              2          1                                                        7.10542736E-15       *                    1_GWF-(1,44,33)
 ----------------------------------------------------------------------------------------------------------------------------------------------------------------


 2 CALLS TO NUMERICAL SOLUTION IN TIME STEP 21 STRESS PERIOD 4
 3 TOTAL ITERATIONS

 SLN_1 INNER ITERATION SUMMARY
 --------------------------------------------------------------------------------------------------------------------------------------
      TOTAL      OUTER      INNER                                                            MAXIMUM                                   
  ITERATION  ITERATION  ITERATION  MAXIMUM CHANGE      MAXIMUM CHANGE MODEL-(CELLID)        RESIDUAL    MAXIMUM RESIDUAL MODEL-(CELLID)
 --------------------------------------------------------------------------------------------------------------------------------------
          1          1          1     -0.33696898                    1_GWF-(1,29,39) -1.72622077E-07                    1_GWF-(1,22,53)
          2          1          2  1.90468640E-08                    1_GWF-(1,46,35) -3.65417141E-11                    1_GWF-(1,21,55)
          3          2          1  5.12367535E-15                    1_GWF-(1,43,32) -3.65046085E-11                    1_GWF-(1,21,55)
 --------------------------------------------------------------------------------------------------------------------------------------


 
    Solving:  Stress period:     4    Time step:    22
 

 SLN_1 OUTER ITERATION SUMMARY
 ----------------------------------------------------------------------------------------------------------------------------------------------------------------
                                OUTER      INNER  BACKTRACK  BACKTRACK        INCOMING        OUTGOING                    STEP   MAXIMUM CHANGE MODEL-(CELLID) OR
 OUTER ITERATION STEP       ITERATION  ITERATION       FLAG ITERATIONS        RESIDUAL        RESIDUAL  MAXIMUM CHANGE SUCCESS             MODEL-PACKAGE-(NUMBER)
 ----------------------------------------------------------------------------------------------------------------------------------------------------------------
 Backtracking                       1                     0          0       57.153091       57.153091                       *                                   
 Model                              1          2                                                           -0.32536519                            1_GWF-(1,29,39)
 Backtracking                       2                     0          0  3.14978769E-10  3.14978769E-10                       *                                   
 Model                              2          1                                                        7.10542736E-15       *                    1_GWF-(1,44,33)
 ----------------------------------------------------------------------------------------------------------------------------------------------------------------


 2 CALLS TO NUMERICAL SOLUTION IN TIME STEP 22 STRESS PERIOD 4
 3 TOTAL ITERATIONS

 SLN_1 INNER ITERATION SUMMARY
 --------------------------------------------------------------------------------------------------------------------------------------
      TOTAL      OUTER      INNER                                                            MAXIMUM                                   
  ITERATION  ITERATION  ITERATION  MAXIMUM CHANGE      MAXIMUM CHANGE MODEL-(CELLID)        RESIDUAL    MAXIMUM RESIDUAL MODEL-(CELLID)
 --------------------------------------------------------------------------------------------------------------------------------------
          1          1          1     -0.32536520                    1_GWF-(1,29,39) -1.55078278E-07                    1_GWF-(1,22,53)
          2          1          2  1.80822007E-08                    1_GWF-(1,45,34) -3.53200601E-11                    1_GWF-(1,37,32)
          3          2          1  4.09595378E-15                    1_GWF-(1,43,32) -3.52966475E-11                    1_GWF-(1,37,32)
 --------------------------------------------------------------------------------------------------------------------------------------


 
    Solving:  Stress period:     4    Time step:    23
 

 SLN_1 OUTER ITERATION SUMMARY
 ----------------------------------------------------------------------------------------------------------------------------------------------------------------
                                OUTER      INNER  BACKTRACK  BACKTRACK        INCOMING        OUTGOING                    STEP   MAXIMUM CHANGE MODEL-(CELLID) OR
 OUTER ITERATION STEP       ITERATION  ITERATION       FLAG ITERATIONS        RESIDUAL        RESIDUAL  MAXIMUM CHANGE SUCCESS             MODEL-PACKAGE-(NUMBER)
 ----------------------------------------------------------------------------------------------------------------------------------------------------------------
 Backtracking                       1                     0          0       51.798173       51.798173                       *                                   
 Model                              1          2                                                           -0.31352443                            1_GWF-(1,29,39)
 Backtracking                       2                     0          0  2.90608286E-10  2.90608286E-10                       *                                   
 Model                              2          1                                                        3.55271368E-15       *                    1_GWF-(1,39,31)
 ----------------------------------------------------------------------------------------------------------------------------------------------------------------


 2 CALLS TO NUMERICAL SOLUTION IN TIME STEP 23 STRESS PERIOD 4
 3 TOTAL ITERATIONS

 SLN_1 INNER ITERATION SUMMARY
 --------------------------------------------------------------------------------------------------------------------------------------
      TOTAL      OUTER      INNER                                                            MAXIMUM                                   
  ITERATION  ITERATION  ITERATION  MAXIMUM CHANGE      MAXIMUM CHANGE MODEL-(CELLID)        RESIDUAL    MAXIMUM RESIDUAL MODEL-(CELLID)
 --------------------------------------------------------------------------------------------------------------------------------------
          1          1          1     -0.31352444                    1_GWF-(1,29,39) -1.39180145E-07                    1_GWF-(1,22,53)
          2          1          2  1.76287246E-08                    1_GWF-(1,45,34) -3.41844900E-11                    1_GWF-(1,37,32)
          3          2          1  3.29781242E-15                    1_GWF-(1,43,32) -3.41937302E-11                    1_GWF-(1,37,32)
 --------------------------------------------------------------------------------------------------------------------------------------


 
    Solving:  Stress period:     4    Time step:    24
 

 SLN_1 OUTER ITERATION SUMMARY
 ----------------------------------------------------------------------------------------------------------------------------------------------------------------
                                OUTER      INNER  BACKTRACK  BACKTRACK        INCOMING        OUTGOING                    STEP   MAXIMUM CHANGE MODEL-(CELLID) OR
 OUTER ITERATION STEP       ITERATION  ITERATION       FLAG ITERATIONS        RESIDUAL        RESIDUAL  MAXIMUM CHANGE SUCCESS             MODEL-PACKAGE-(NUMBER)
 ----------------------------------------------------------------------------------------------------------------------------------------------------------------
 Backtracking                       1                     0          0       47.007850       47.007850                       *                                   
 Model                              1          2                                                           -0.30158624                            1_GWF-(1,29,39)
 Backtracking                       2                     0          0  2.69139111E-10  2.69139111E-10                       *                                   
 Model                              2          1                                                        1.77635684E-15       *                    1_GWF-(1,38,32)
 ----------------------------------------------------------------------------------------------------------------------------------------------------------------


 2 CALLS TO NUMERICAL SOLUTION IN TIME STEP 24 STRESS PERIOD 4
 3 TOTAL ITERATIONS

 SLN_1 INNER ITERATION SUMMARY
 --------------------------------------------------------------------------------------------------------------------------------------
      TOTAL      OUTER      INNER                                                            MAXIMUM                                   
  ITERATION  ITERATION  ITERATION  MAXIMUM CHANGE      MAXIMUM CHANGE MODEL-(CELLID)        RESIDUAL    MAXIMUM RESIDUAL MODEL-(CELLID)
 --------------------------------------------------------------------------------------------------------------------------------------
          1          1          1     -0.30158626                    1_GWF-(1,29,39) -1.25081516E-07                    1_GWF-(1,28,36)
          2          1          2  1.71600466E-08                    1_GWF-(1,45,34) -3.30979777E-11                    1_GWF-(1,37,32)
          3          2          1  2.69045805E-15                    1_GWF-(1,43,32) -3.30613007E-11                    1_GWF-(1,37,32)
 --------------------------------------------------------------------------------------------------------------------------------------


 
    Solving:  Stress period:     4    Time step:    25
 

 SLN_1 OUTER ITERATION SUMMARY
 ----------------------------------------------------------------------------------------------------------------------------------------------------------------
                                OUTER      INNER  BACKTRACK  BACKTRACK        INCOMING        OUTGOING                    STEP   MAXIMUM CHANGE MODEL-(CELLID) OR
 OUTER ITERATION STEP       ITERATION  ITERATION       FLAG ITERATIONS        RESIDUAL        RESIDUAL  MAXIMUM CHANGE SUCCESS             MODEL-PACKAGE-(NUMBER)
 ----------------------------------------------------------------------------------------------------------------------------------------------------------------
 Backtracking                       1                     0          0       42.723031       42.723031                       *                                   
 Model                              1          2                                                           -0.28966535                            1_GWF-(1,29,39)
 Backtracking                       2                     0          0  2.50269528E-10  2.50269528E-10                       *                                   
 Model                              2          1                                                        1.77635684E-15       *                    1_GWF-(1,38,32)
 ----------------------------------------------------------------------------------------------------------------------------------------------------------------


 2 CALLS TO NUMERICAL SOLUTION IN TIME STEP 25 STRESS PERIOD 4
 3 TOTAL ITERATIONS

 SLN_1 INNER ITERATION SUMMARY
 --------------------------------------------------------------------------------------------------------------------------------------
      TOTAL      OUTER      INNER                                                            MAXIMUM                                   
  ITERATION  ITERATION  ITERATION  MAXIMUM CHANGE      MAXIMUM CHANGE MODEL-(CELLID)        RESIDUAL    MAXIMUM RESIDUAL MODEL-(CELLID)
 --------------------------------------------------------------------------------------------------------------------------------------
          1          1          1     -0.28966536                    1_GWF-(1,29,39) -1.18655343E-07                    1_GWF-(1,28,36)
          2          1          2  1.66794281E-08                    1_GWF-(1,45,34) -3.20539845E-11                    1_GWF-(1,37,32)
          3          2          1  2.19613966E-15                    1_GWF-(1,43,32) -3.20700180E-11                    1_GWF-(1,37,32)
 --------------------------------------------------------------------------------------------------------------------------------------


 
    Solving:  Stress period:     4    Time step:    26
 

 SLN_1 OUTER ITERATION SUMMARY
 ----------------------------------------------------------------------------------------------------------------------------------------------------------------
                                OUTER      INNER  BACKTRACK  BACKTRACK        INCOMING        OUTGOING                    STEP   MAXIMUM CHANGE MODEL-(CELLID) OR
 OUTER ITERATION STEP       ITERATION  ITERATION       FLAG ITERATIONS        RESIDUAL        RESIDUAL  MAXIMUM CHANGE SUCCESS             MODEL-PACKAGE-(NUMBER)
 ----------------------------------------------------------------------------------------------------------------------------------------------------------------
 Backtracking                       1                     0          0       38.891299       38.891299                       *                                   
 Model                              1          2                                                           -0.27785496                            1_GWF-(1,29,39)
 Backtracking                       2                     0          0  2.33605504E-10  2.33605504E-10                       *                                   
 Model                              2          1                                                        1.77635684E-15       *                    1_GWF-(1,38,32)
 ----------------------------------------------------------------------------------------------------------------------------------------------------------------


 2 CALLS TO NUMERICAL SOLUTION IN TIME STEP 26 STRESS PERIOD 4
 3 TOTAL ITERATIONS

 SLN_1 INNER ITERATION SUMMARY
 --------------------------------------------------------------------------------------------------------------------------------------
      TOTAL      OUTER      INNER                                                            MAXIMUM                                   
  ITERATION  ITERATION  ITERATION  MAXIMUM CHANGE      MAXIMUM CHANGE MODEL-(CELLID)        RESIDUAL    MAXIMUM RESIDUAL MODEL-(CELLID)
 --------------------------------------------------------------------------------------------------------------------------------------
          1          1          1     -0.27785497                    1_GWF-(1,29,39) -1.12207930E-07                    1_GWF-(1,28,36)
          2          1          2  1.61891619E-08                    1_GWF-(1,45,34) -3.10464433E-11                    1_GWF-(1,37,32)
          3          2          1  1.81489997E-15                    1_GWF-(1,43,32) -3.10212589E-11                    1_GWF-(1,37,32)
 --------------------------------------------------------------------------------------------------------------------------------------


 
    Solving:  Stress period:     4    Time step:    27
 

 SLN_1 OUTER ITERATION SUMMARY
 ----------------------------------------------------------------------------------------------------------------------------------------------------------------
                                OUTER      INNER  BACKTRACK  BACKTRACK        INCOMING        OUTGOING                    STEP   MAXIMUM CHANGE MODEL-(CELLID) OR
 OUTER ITERATION STEP       ITERATION  ITERATION       FLAG ITERATIONS        RESIDUAL        RESIDUAL  MAXIMUM CHANGE SUCCESS             MODEL-PACKAGE-(NUMBER)
 ----------------------------------------------------------------------------------------------------------------------------------------------------------------
 Backtracking                       1                     0          0       35.466020       35.466020                       *                                   
 Model                              1          2                                                           -0.26622986                            1_GWF-(1,29,39)
 Backtracking                       2                     0          0  2.18986848E-10  2.18986848E-10                       *                                   
 Model                              2          1                                                        1.77635684E-15       *                    1_GWF-(1,38,31)
 ----------------------------------------------------------------------------------------------------------------------------------------------------------------


 2 CALLS TO NUMERICAL SOLUTION IN TIME STEP 27 STRESS PERIOD 4
 3 TOTAL ITERATIONS

 SLN_1 INNER ITERATION SUMMARY
 --------------------------------------------------------------------------------------------------------------------------------------
      TOTAL      OUTER      INNER                                                            MAXIMUM                                   
  ITERATION  ITERATION  ITERATION  MAXIMUM CHANGE      MAXIMUM CHANGE MODEL-(CELLID)        RESIDUAL    MAXIMUM RESIDUAL MODEL-(CELLID)
 --------------------------------------------------------------------------------------------------------------------------------------
          1          1          1     -0.26622987                    1_GWF-(1,29,39) -1.05783327E-07                    1_GWF-(1,28,36)
          2          1          2  1.56909175E-08                    1_GWF-(1,45,34) -3.00696919E-11                    1_GWF-(1,37,32)
          3          2          1  1.51002449E-15                    1_GWF-(1,43,32) -3.00571856E-11                    1_GWF-(1,37,32)
 --------------------------------------------------------------------------------------------------------------------------------------


 
    Solving:  Stress period:     4    Time step:    28
 

 SLN_1 OUTER ITERATION SUMMARY
 ----------------------------------------------------------------------------------------------------------------------------------------------------------------
                                OUTER      INNER  BACKTRACK  BACKTRACK        INCOMING        OUTGOING                    STEP   MAXIMUM CHANGE MODEL-(CELLID) OR
 OUTER ITERATION STEP       ITERATION  ITERATION       FLAG ITERATIONS        RESIDUAL        RESIDUAL  MAXIMUM CHANGE SUCCESS             MODEL-PACKAGE-(NUMBER)
 ----------------------------------------------------------------------------------------------------------------------------------------------------------------
 Backtracking                       1                     0          0       32.405597       32.405597                       *                                   
 Model                              1          2                                                           -0.25484913                            1_GWF-(1,29,39)
 Backtracking                       2                     0          0  2.06044754E-10  2.06044754E-10                       *                                   
 Model                              2          1                                                        1.77635684E-15       *                    1_GWF-(1,38,31)
 ----------------------------------------------------------------------------------------------------------------------------------------------------------------


 2 CALLS TO NUMERICAL SOLUTION IN TIME STEP 28 STRESS PERIOD 4
 3 TOTAL ITERATIONS

 SLN_1 INNER ITERATION SUMMARY
 --------------------------------------------------------------------------------------------------------------------------------------
      TOTAL      OUTER      INNER                                                            MAXIMUM                                   
  ITERATION  ITERATION  ITERATION  MAXIMUM CHANGE      MAXIMUM CHANGE MODEL-(CELLID)        RESIDUAL    MAXIMUM RESIDUAL MODEL-(CELLID)
 --------------------------------------------------------------------------------------------------------------------------------------
          1          1          1     -0.25484914                    1_GWF-(1,29,39) -9.94196629E-08                    1_GWF-(1,28,36)
          2          1          2  1.51860340E-08                    1_GWF-(1,45,34) -2.91182741E-11                    1_GWF-(1,37,32)
          3          2          1  1.26171497E-15                    1_GWF-(1,43,32) -2.90642944E-11                    1_GWF-(1,37,32)
 --------------------------------------------------------------------------------------------------------------------------------------


 
    Solving:  Stress period:     4    Time step:    29
 

 SLN_1 OUTER ITERATION SUMMARY
 ----------------------------------------------------------------------------------------------------------------------------------------------------------------
                                OUTER      INNER  BACKTRACK  BACKTRACK        INCOMING        OUTGOING                    STEP   MAXIMUM CHANGE MODEL-(CELLID) OR
 OUTER ITERATION STEP       ITERATION  ITERATION       FLAG ITERATIONS        RESIDUAL        RESIDUAL  MAXIMUM CHANGE SUCCESS             MODEL-PACKAGE-(NUMBER)
 ----------------------------------------------------------------------------------------------------------------------------------------------------------------
 Backtracking                       1                     0          0       29.672820       29.672820                       *                                   
 Model                              1          2                                                           -0.24375854                            1_GWF-(1,29,39)
 Backtracking                       2                     0          0  1.94667004E-10  1.94667004E-10                       *                                   
 Model                              2          1                                                        1.77635684E-15       *                    1_GWF-(1,37,31)
 ----------------------------------------------------------------------------------------------------------------------------------------------------------------


 2 CALLS TO NUMERICAL SOLUTION IN TIME STEP 29 STRESS PERIOD 4
 3 TOTAL ITERATIONS

 SLN_1 INNER ITERATION SUMMARY
 --------------------------------------------------------------------------------------------------------------------------------------
      TOTAL      OUTER      INNER                                                            MAXIMUM                                   
  ITERATION  ITERATION  ITERATION  MAXIMUM CHANGE      MAXIMUM CHANGE MODEL-(CELLID)        RESIDUAL    MAXIMUM RESIDUAL MODEL-(CELLID)
 --------------------------------------------------------------------------------------------------------------------------------------
          1          1          1     -0.24375855                    1_GWF-(1,29,39) -9.31503916E-08                    1_GWF-(1,28,36)
          2          1          2  1.46757008E-08                    1_GWF-(1,45,34) -2.81870363E-11                    1_GWF-(1,37,32)
          3          2          1  1.06070970E-15                    1_GWF-(1,43,32) -2.81563030E-11                    1_GWF-(1,37,32)
 --------------------------------------------------------------------------------------------------------------------------------------


 
    Solving:  Stress period:     4    Time step:    30
 

 SLN_1 OUTER ITERATION SUMMARY
 ----------------------------------------------------------------------------------------------------------------------------------------------------------------
                                OUTER      INNER  BACKTRACK  BACKTRACK        INCOMING        OUTGOING                    STEP   MAXIMUM CHANGE MODEL-(CELLID) OR
 OUTER ITERATION STEP       ITERATION  ITERATION       FLAG ITERATIONS        RESIDUAL        RESIDUAL  MAXIMUM CHANGE SUCCESS             MODEL-PACKAGE-(NUMBER)
 ----------------------------------------------------------------------------------------------------------------------------------------------------------------
 Backtracking                       1                     0          0       27.234317       27.234317                       *                                   
 Model                              1          2                                                           -0.23299266                            1_GWF-(1,29,39)
 Backtracking                       2                     0          0  1.84603045E-10  1.84603045E-10                       *                                   
 Model                              2          1                                                       -8.88178420E-16       *                    1_GWF-(1,36,27)
 ----------------------------------------------------------------------------------------------------------------------------------------------------------------


 2 CALLS TO NUMERICAL SOLUTION IN TIME STEP 30 STRESS PERIOD 4
 3 TOTAL ITERATIONS

 SLN_1 INNER ITERATION SUMMARY
 --------------------------------------------------------------------------------------------------------------------------------------
      TOTAL      OUTER      INNER                                                            MAXIMUM                                   
  ITERATION  ITERATION  ITERATION  MAXIMUM CHANGE      MAXIMUM CHANGE MODEL-(CELLID)        RESIDUAL    MAXIMUM RESIDUAL MODEL-(CELLID)
 --------------------------------------------------------------------------------------------------------------------------------------
          1          1          1     -0.23299266                    1_GWF-(1,29,39)  8.99304149E-08                    1_GWF-(1,37,31)
          2          1          2  1.41612588E-08                    1_GWF-(1,45,34) -2.74740815E-11                    1_GWF-(1,37,31)
          3          2          1  8.97233904E-16                    1_GWF-(1,43,32) -2.74469461E-11                    1_GWF-(1,37,31)
 --------------------------------------------------------------------------------------------------------------------------------------


 
    Solving:  Stress period:     4    Time step:    31
 

 SLN_1 OUTER ITERATION SUMMARY
 ----------------------------------------------------------------------------------------------------------------------------------------------------------------
                                OUTER      INNER  BACKTRACK  BACKTRACK        INCOMING        OUTGOING                    STEP   MAXIMUM CHANGE MODEL-(CELLID) OR
 OUTER ITERATION STEP       ITERATION  ITERATION       FLAG ITERATIONS        RESIDUAL        RESIDUAL  MAXIMUM CHANGE SUCCESS             MODEL-PACKAGE-(NUMBER)
 ----------------------------------------------------------------------------------------------------------------------------------------------------------------
 Backtracking                       1                     0          0       25.060081       25.060081                       *                                   
 Model                              1          2                                                           -0.22257666                            1_GWF-(1,29,39)
 Backtracking                       2                     0          0  1.75708956E-10  1.75708956E-10                       *                                   
 Model                              2          1                                                       -4.44089210E-16       *                    1_GWF-(1,37,26)
 ----------------------------------------------------------------------------------------------------------------------------------------------------------------


 2 CALLS TO NUMERICAL SOLUTION IN TIME STEP 31 STRESS PERIOD 4
 3 TOTAL ITERATIONS

 SLN_1 INNER ITERATION SUMMARY
 --------------------------------------------------------------------------------------------------------------------------------------
      TOTAL      OUTER      INNER                                                            MAXIMUM                                   
  ITERATION  ITERATION  ITERATION  MAXIMUM CHANGE      MAXIMUM CHANGE MODEL-(CELLID)        RESIDUAL    MAXIMUM RESIDUAL MODEL-(CELLID)
 --------------------------------------------------------------------------------------------------------------------------------------
          1          1          1     -0.22257666                    1_GWF-(1,29,39)  8.96924866E-08                    1_GWF-(1,37,31)
          2          1          2  1.36442792E-08                    1_GWF-(1,45,34) -2.69432064E-11                    1_GWF-(1,37,31)
          3          2          1  7.63959188E-16                    1_GWF-(1,43,32) -2.69362895E-11                    1_GWF-(1,37,31)
 --------------------------------------------------------------------------------------------------------------------------------------


 
    Solving:  Stress period:     4    Time step:    32
 

 SLN_1 OUTER ITERATION SUMMARY
 ----------------------------------------------------------------------------------------------------------------------------------------------------------------
                                OUTER      INNER  BACKTRACK  BACKTRACK        INCOMING        OUTGOING                    STEP   MAXIMUM CHANGE MODEL-(CELLID) OR
 OUTER ITERATION STEP       ITERATION  ITERATION       FLAG ITERATIONS        RESIDUAL        RESIDUAL  MAXIMUM CHANGE SUCCESS             MODEL-PACKAGE-(NUMBER)
 ----------------------------------------------------------------------------------------------------------------------------------------------------------------
 Backtracking                       1                     0          0       23.123058       23.123058                       *                                   
 Model                              1          2                                                           -0.21252791                            1_GWF-(1,29,39)
 Backtracking                       2                     0          0  1.67789918E-10  1.67789918E-10                       *                                   
 Model                              2          1                                                       -4.44089210E-16       *                    1_GWF-(1,37,26)
 ----------------------------------------------------------------------------------------------------------------------------------------------------------------


 2 CALLS TO NUMERICAL SOLUTION IN TIME STEP 32 STRESS PERIOD 4
 3 TOTAL ITERATIONS

 SLN_1 INNER ITERATION SUMMARY
 --------------------------------------------------------------------------------------------------------------------------------------
      TOTAL      OUTER      INNER                                                            MAXIMUM                                   
  ITERATION  ITERATION  ITERATION  MAXIMUM CHANGE      MAXIMUM CHANGE MODEL-(CELLID)        RESIDUAL    MAXIMUM RESIDUAL MODEL-(CELLID)
 --------------------------------------------------------------------------------------------------------------------------------------
          1          1          1     -0.21252791                    1_GWF-(1,29,39)  8.94081400E-08                    1_GWF-(1,37,31)
          2          1          2  1.31266504E-08                    1_GWF-(1,45,34) -2.63884214E-11                    1_GWF-(1,37,31)
          3          2          1  6.54223764E-16                    1_GWF-(1,43,32) -2.63686591E-11                    1_GWF-(1,37,31)
 --------------------------------------------------------------------------------------------------------------------------------------


 
    Solving:  Stress period:     4    Time step:    33
 

 SLN_1 OUTER ITERATION SUMMARY
 ----------------------------------------------------------------------------------------------------------------------------------------------------------------
                                OUTER      INNER  BACKTRACK  BACKTRACK        INCOMING        OUTGOING                    STEP   MAXIMUM CHANGE MODEL-(CELLID) OR
 OUTER ITERATION STEP       ITERATION  ITERATION       FLAG ITERATIONS        RESIDUAL        RESIDUAL  MAXIMUM CHANGE SUCCESS             MODEL-PACKAGE-(NUMBER)
 ----------------------------------------------------------------------------------------------------------------------------------------------------------------
 Backtracking                       1                     0          0       21.398797       21.398797                       *                                   
 Model                              1          2                                                           -0.20285731                            1_GWF-(1,29,39)
 Backtracking                       2                     0          0  1.60672116E-10  1.60672116E-10                       *                                   
 Model                              2          1                                                       -4.44089210E-16       *                    1_GWF-(1,36,26)
 ----------------------------------------------------------------------------------------------------------------------------------------------------------------


 2 CALLS TO NUMERICAL SOLUTION IN TIME STEP 33 STRESS PERIOD 4
 3 TOTAL ITERATIONS

 SLN_1 INNER ITERATION SUMMARY
 --------------------------------------------------------------------------------------------------------------------------------------
      TOTAL      OUTER      INNER                                                            MAXIMUM                                   
  ITERATION  ITERATION  ITERATION  MAXIMUM CHANGE      MAXIMUM CHANGE MODEL-(CELLID)        RESIDUAL    MAXIMUM RESIDUAL MODEL-(CELLID)
 --------------------------------------------------------------------------------------------------------------------------------------
          1          1          1     -0.20285731                    1_GWF-(1,29,39)  8.90679178E-08                    1_GWF-(1,37,31)
          2          1          2  1.26107133E-08                    1_GWF-(1,45,34) -2.58072512E-11                    1_GWF-(1,37,31)
          3          2          1  5.62876862E-16                    1_GWF-(1,37,31) -2.58151197E-11                    1_GWF-(1,37,31)
 --------------------------------------------------------------------------------------------------------------------------------------


 
    Solving:  Stress period:     4    Time step:    34
 

 SLN_1 OUTER ITERATION SUMMARY
 ----------------------------------------------------------------------------------------------------------------------------------------------------------------
                                OUTER      INNER  BACKTRACK  BACKTRACK        INCOMING        OUTGOING                    STEP   MAXIMUM CHANGE MODEL-(CELLID) OR
 OUTER ITERATION STEP       ITERATION  ITERATION       FLAG ITERATIONS        RESIDUAL        RESIDUAL  MAXIMUM CHANGE SUCCESS             MODEL-PACKAGE-(NUMBER)
 ----------------------------------------------------------------------------------------------------------------------------------------------------------------
 Backtracking                       1                     0          0       19.865151       19.865151                       *                                   
 Model                              1          2                                                           -0.19747063                            1_GWF-(1,31,38)
 Backtracking                       2                     0          0  1.54364670E-10  1.54364670E-10                       *                                   
 Model                              2          1                                                       -4.44089210E-16       *                    1_GWF-(1,36,26)
 ----------------------------------------------------------------------------------------------------------------------------------------------------------------


 2 CALLS TO NUMERICAL SOLUTION IN TIME STEP 34 STRESS PERIOD 4
 3 TOTAL ITERATIONS

 SLN_1 INNER ITERATION SUMMARY
 --------------------------------------------------------------------------------------------------------------------------------------
      TOTAL      OUTER      INNER                                                            MAXIMUM                                   
  ITERATION  ITERATION  ITERATION  MAXIMUM CHANGE      MAXIMUM CHANGE MODEL-(CELLID)        RESIDUAL    MAXIMUM RESIDUAL MODEL-(CELLID)
 --------------------------------------------------------------------------------------------------------------------------------------
          1          1          1     -0.19747063                    1_GWF-(1,31,38)  8.86616127E-08                    1_GWF-(1,37,31)
          2          1          2  1.20991066E-08                    1_GWF-(1,45,34) -2.51970273E-11                    1_GWF-(1,37,31)
          3          2          1  5.05038571E-16                    1_GWF-(1,37,31) -2.51478148E-11                    1_GWF-(1,37,31)
 --------------------------------------------------------------------------------------------------------------------------------------


 
    Solving:  Stress period:     4    Time step:    35
 

 SLN_1 OUTER ITERATION SUMMARY
 ----------------------------------------------------------------------------------------------------------------------------------------------------------------
                                OUTER      INNER  BACKTRACK  BACKTRACK        INCOMING        OUTGOING                    STEP   MAXIMUM CHANGE MODEL-(CELLID) OR
 OUTER ITERATION STEP       ITERATION  ITERATION       FLAG ITERATIONS        RESIDUAL        RESIDUAL  MAXIMUM CHANGE SUCCESS             MODEL-PACKAGE-(NUMBER)
 ----------------------------------------------------------------------------------------------------------------------------------------------------------------
 Backtracking                       1                     0          0       18.502019       18.502019                       *                                   
 Model                              1          2                                                           -0.19504364                            1_GWF-(1,31,38)
 Backtracking                       2                     0          0  1.48694326E-10  1.48694326E-10                       *                                   
 Model                              2          1                                                             0.0000000       *                    1_GWF-(1,47,37)
 ----------------------------------------------------------------------------------------------------------------------------------------------------------------


 2 CALLS TO NUMERICAL SOLUTION IN TIME STEP 35 STRESS PERIOD 4
 3 TOTAL ITERATIONS

 SLN_1 INNER ITERATION SUMMARY
 --------------------------------------------------------------------------------------------------------------------------------------
      TOTAL      OUTER      INNER                                                            MAXIMUM                                   
  ITERATION  ITERATION  ITERATION  MAXIMUM CHANGE      MAXIMUM CHANGE MODEL-(CELLID)        RESIDUAL    MAXIMUM RESIDUAL MODEL-(CELLID)
 --------------------------------------------------------------------------------------------------------------------------------------
          1          1          1     -0.19504363                    1_GWF-(1,31,38)  8.81795213E-08                    1_GWF-(1,37,31)
          2          1          2  1.15947435E-08                    1_GWF-(1,45,34) -2.45551933E-11                    1_GWF-(1,37,31)
          3          2          1  4.55811377E-16                    1_GWF-(1,37,31) -2.45372589E-11                    1_GWF-(1,37,31)
 --------------------------------------------------------------------------------------------------------------------------------------


 
    Solving:  Stress period:     4    Time step:    36
 

 SLN_1 OUTER ITERATION SUMMARY
 ----------------------------------------------------------------------------------------------------------------------------------------------------------------
                                OUTER      INNER  BACKTRACK  BACKTRACK        INCOMING        OUTGOING                    STEP   MAXIMUM CHANGE MODEL-(CELLID) OR
 OUTER ITERATION STEP       ITERATION  ITERATION       FLAG ITERATIONS        RESIDUAL        RESIDUAL  MAXIMUM CHANGE SUCCESS             MODEL-PACKAGE-(NUMBER)
 ----------------------------------------------------------------------------------------------------------------------------------------------------------------
 Backtracking                       1                     0          0       17.291131       17.291131                       *                                   
 Model                              1          2                                                           -0.19245402                            1_GWF-(1,31,38)
 Backtracking                       2                     0          0  1.43419093E-10  1.43419093E-10                       *                                   
 Model                              2          1                                                       -4.44089210E-16       *                    1_GWF-(1,36,27)
 ----------------------------------------------------------------------------------------------------------------------------------------------------------------


 2 CALLS TO NUMERICAL SOLUTION IN TIME STEP 36 STRESS PERIOD 4
 3 TOTAL ITERATIONS

 SLN_1 INNER ITERATION SUMMARY
 --------------------------------------------------------------------------------------------------------------------------------------
      TOTAL      OUTER      INNER                                                            MAXIMUM                                   
  ITERATION  ITERATION  ITERATION  MAXIMUM CHANGE      MAXIMUM CHANGE MODEL-(CELLID)        RESIDUAL    MAXIMUM RESIDUAL MODEL-(CELLID)
 --------------------------------------------------------------------------------------------------------------------------------------
          1          1          1     -0.19245402                    1_GWF-(1,31,38)  8.76135946E-08                    1_GWF-(1,37,31)
          2          1          2  1.11006873E-08                    1_GWF-(1,45,34)  2.46276029E-11                    1_GWF-(1,36,34)
          3          2          1  4.10706064E-16                    1_GWF-(1,37,31)  2.45944317E-11                    1_GWF-(1,36,34)
 --------------------------------------------------------------------------------------------------------------------------------------


 
    Solving:  Stress period:     4    Time step:    37
 

 SLN_1 OUTER ITERATION SUMMARY
 ----------------------------------------------------------------------------------------------------------------------------------------------------------------
                                OUTER      INNER  BACKTRACK  BACKTRACK        INCOMING        OUTGOING                    STEP   MAXIMUM CHANGE MODEL-(CELLID) OR
 OUTER ITERATION STEP       ITERATION  ITERATION       FLAG ITERATIONS        RESIDUAL        RESIDUAL  MAXIMUM CHANGE SUCCESS             MODEL-PACKAGE-(NUMBER)
 ----------------------------------------------------------------------------------------------------------------------------------------------------------------
 Backtracking                       1                     0          0       16.215873       16.215873                       *                                   
 Model                              1          2                                                           -0.18982693                            1_GWF-(1,32,38)
 Backtracking                       2                     0          0  1.38554686E-10  1.38554686E-10                       *                                   
 Model                              2          1                                                       -4.44089210E-16       *                    1_GWF-(1,36,27)
 ----------------------------------------------------------------------------------------------------------------------------------------------------------------


 2 CALLS TO NUMERICAL SOLUTION IN TIME STEP 37 STRESS PERIOD 4
 3 TOTAL ITERATIONS

 SLN_1 INNER ITERATION SUMMARY
 --------------------------------------------------------------------------------------------------------------------------------------
      TOTAL      OUTER      INNER                                                            MAXIMUM                                   
  ITERATION  ITERATION  ITERATION  MAXIMUM CHANGE      MAXIMUM CHANGE MODEL-(CELLID)        RESIDUAL    MAXIMUM RESIDUAL MODEL-(CELLID)
 --------------------------------------------------------------------------------------------------------------------------------------
          1          1          1     -0.18982693                    1_GWF-(1,32,38)  8.69583563E-08                    1_GWF-(1,37,31)
          2          1          2  1.06199174E-08                    1_GWF-(1,45,34)  2.49128243E-11                    1_GWF-(1,36,34)
          3          2          1  3.71441746E-16                    1_GWF-(1,37,31)  2.48789036E-11                    1_GWF-(1,36,34)
 --------------------------------------------------------------------------------------------------------------------------------------


 
    Solving:  Stress period:     4    Time step:    38
 

 SLN_1 OUTER ITERATION SUMMARY
 ----------------------------------------------------------------------------------------------------------------------------------------------------------------
                                OUTER      INNER  BACKTRACK  BACKTRACK        INCOMING        OUTGOING                    STEP   MAXIMUM CHANGE MODEL-(CELLID) OR
 OUTER ITERATION STEP       ITERATION  ITERATION       FLAG ITERATIONS        RESIDUAL        RESIDUAL  MAXIMUM CHANGE SUCCESS             MODEL-PACKAGE-(NUMBER)
 ----------------------------------------------------------------------------------------------------------------------------------------------------------------
 Backtracking                       1                     0          0       15.261134       15.261134                       *                                   
 Model                              1          2                                                           -0.18795036                            1_GWF-(1,32,38)
 Backtracking                       2                     0          0  1.34064917E-10  1.34064917E-10                       *                                   
 Model                              2          1                                                       -4.44089210E-16       *                    1_GWF-(1,36,27)
 ----------------------------------------------------------------------------------------------------------------------------------------------------------------


 2 CALLS TO NUMERICAL SOLUTION IN TIME STEP 38 STRESS PERIOD 4
 3 TOTAL ITERATIONS

 SLN_1 INNER ITERATION SUMMARY
 --------------------------------------------------------------------------------------------------------------------------------------
      TOTAL      OUTER      INNER                                                            MAXIMUM                                   
  ITERATION  ITERATION  ITERATION  MAXIMUM CHANGE      MAXIMUM CHANGE MODEL-(CELLID)        RESIDUAL    MAXIMUM RESIDUAL MODEL-(CELLID)
 --------------------------------------------------------------------------------------------------------------------------------------
          1          1          1     -0.18795036                    1_GWF-(1,32,38)  8.62114786E-08                    1_GWF-(1,37,31)
          2          1          2  1.01552186E-08                    1_GWF-(1,45,34)  2.51383343E-11                    1_GWF-(1,36,34)
          3          2          1  3.35492189E-16                    1_GWF-(1,37,31)  2.51491405E-11                    1_GWF-(1,36,34)
 --------------------------------------------------------------------------------------------------------------------------------------


 
    Solving:  Stress period:     4    Time step:    39
 

 SLN_1 OUTER ITERATION SUMMARY
 ----------------------------------------------------------------------------------------------------------------------------------------------------------------
                                OUTER      INNER  BACKTRACK  BACKTRACK        INCOMING        OUTGOING                    STEP   MAXIMUM CHANGE MODEL-(CELLID) OR
 OUTER ITERATION STEP       ITERATION  ITERATION       FLAG ITERATIONS        RESIDUAL        RESIDUAL  MAXIMUM CHANGE SUCCESS             MODEL-PACKAGE-(NUMBER)
 ----------------------------------------------------------------------------------------------------------------------------------------------------------------
 Backtracking                       1                     0          0       14.413187       14.413187                       *                                   
 Model                              1          2                                                           -0.18589093                            1_GWF-(1,32,38)
 Backtracking                       2                     0          0  1.29827296E-10  1.29827296E-10                       *                                   
 Model                              2          1                                                             0.0000000       *                    1_GWF-(1,47,37)
 ----------------------------------------------------------------------------------------------------------------------------------------------------------------


 2 CALLS TO NUMERICAL SOLUTION IN TIME STEP 39 STRESS PERIOD 4
 3 TOTAL ITERATIONS

 SLN_1 INNER ITERATION SUMMARY
 --------------------------------------------------------------------------------------------------------------------------------------
      TOTAL      OUTER      INNER                                                            MAXIMUM                                   
  ITERATION  ITERATION  ITERATION  MAXIMUM CHANGE      MAXIMUM CHANGE MODEL-(CELLID)        RESIDUAL    MAXIMUM RESIDUAL MODEL-(CELLID)
 --------------------------------------------------------------------------------------------------------------------------------------
          1          1          1     -0.18589093                    1_GWF-(1,32,38)  8.53739545E-08                    1_GWF-(1,37,31)
          2          1          2  9.70898336E-09                    1_GWF-(1,45,34)  2.52987458E-11                    1_GWF-(1,36,34)
          3          2          1 -3.08623956E-16                    1_GWF-(1,36,34)  2.53341069E-11                    1_GWF-(1,36,34)
 --------------------------------------------------------------------------------------------------------------------------------------


 
    Solving:  Stress period:     4    Time step:    40
 

 SLN_1 OUTER ITERATION SUMMARY
 ----------------------------------------------------------------------------------------------------------------------------------------------------------------
                                OUTER      INNER  BACKTRACK  BACKTRACK        INCOMING        OUTGOING                    STEP   MAXIMUM CHANGE MODEL-(CELLID) OR
 OUTER ITERATION STEP       ITERATION  ITERATION       FLAG ITERATIONS        RESIDUAL        RESIDUAL  MAXIMUM CHANGE SUCCESS             MODEL-PACKAGE-(NUMBER)
 ----------------------------------------------------------------------------------------------------------------------------------------------------------------
 Backtracking                       1                     0          0       13.659585       13.659585                       *                                   
 Model                              1          2                                                           -0.18367030                            1_GWF-(1,32,38)
 Backtracking                       2                     0          0  1.25805205E-10  1.25805205E-10                       *                                   
 Model                              2          1                                                             0.0000000       *                    1_GWF-(1,47,37)
 ----------------------------------------------------------------------------------------------------------------------------------------------------------------


 2 CALLS TO NUMERICAL SOLUTION IN TIME STEP 40 STRESS PERIOD 4
 3 TOTAL ITERATIONS

 SLN_1 INNER ITERATION SUMMARY
 --------------------------------------------------------------------------------------------------------------------------------------
      TOTAL      OUTER      INNER                                                            MAXIMUM                                   
  ITERATION  ITERATION  ITERATION  MAXIMUM CHANGE      MAXIMUM CHANGE MODEL-(CELLID)        RESIDUAL    MAXIMUM RESIDUAL MODEL-(CELLID)
 --------------------------------------------------------------------------------------------------------------------------------------
          1          1          1     -0.18367029                    1_GWF-(1,32,38)  8.44498717E-08                    1_GWF-(1,37,31)
          2          1          2  9.28311851E-09                    1_GWF-(1,45,34)  2.53912304E-11                    1_GWF-(1,36,34)
          3          2          1 -2.91517067E-16                    1_GWF-(1,36,34)  2.54195945E-11                    1_GWF-(1,36,34)
 --------------------------------------------------------------------------------------------------------------------------------------


 
    Solving:  Stress period:     4    Time step:    41
 

 SLN_1 OUTER ITERATION SUMMARY
 ----------------------------------------------------------------------------------------------------------------------------------------------------------------
                                OUTER      INNER  BACKTRACK  BACKTRACK        INCOMING        OUTGOING                    STEP   MAXIMUM CHANGE MODEL-(CELLID) OR
 OUTER ITERATION STEP       ITERATION  ITERATION       FLAG ITERATIONS        RESIDUAL        RESIDUAL  MAXIMUM CHANGE SUCCESS             MODEL-PACKAGE-(NUMBER)
 ----------------------------------------------------------------------------------------------------------------------------------------------------------------
 Backtracking                       1                     0          0       12.989075       12.989075                       *                                   
 Model                              1          2                                                           -0.18130861                            1_GWF-(1,32,38)
 Backtracking                       2                     0          0  1.21884779E-10  1.21884779E-10                       *                                   
 Model                              2          1                                                             0.0000000       *                    1_GWF-(1,47,37)
 ----------------------------------------------------------------------------------------------------------------------------------------------------------------


 2 CALLS TO NUMERICAL SOLUTION IN TIME STEP 41 STRESS PERIOD 4
 3 TOTAL ITERATIONS

 SLN_1 INNER ITERATION SUMMARY
 --------------------------------------------------------------------------------------------------------------------------------------
      TOTAL      OUTER      INNER                                                            MAXIMUM                                   
  ITERATION  ITERATION  ITERATION  MAXIMUM CHANGE      MAXIMUM CHANGE MODEL-(CELLID)        RESIDUAL    MAXIMUM RESIDUAL MODEL-(CELLID)
 --------------------------------------------------------------------------------------------------------------------------------------
          1          1          1     -0.18130861                    1_GWF-(1,32,38)  8.34458642E-08                    1_GWF-(1,37,31)
          2          1          2  8.87899009E-09                    1_GWF-(1,45,34)  2.54155983E-11                    1_GWF-(1,36,34)
          3          2          1 -2.74517460E-16                    1_GWF-(1,36,34)  2.54198169E-11                    1_GWF-(1,36,34)
 --------------------------------------------------------------------------------------------------------------------------------------


 
    Solving:  Stress period:     4    Time step:    42
 

 SLN_1 OUTER ITERATION SUMMARY
 ----------------------------------------------------------------------------------------------------------------------------------------------------------------
                                OUTER      INNER  BACKTRACK  BACKTRACK        INCOMING        OUTGOING                    STEP   MAXIMUM CHANGE MODEL-(CELLID) OR
 OUTER ITERATION STEP       ITERATION  ITERATION       FLAG ITERATIONS        RESIDUAL        RESIDUAL  MAXIMUM CHANGE SUCCESS             MODEL-PACKAGE-(NUMBER)
 ----------------------------------------------------------------------------------------------------------------------------------------------------------------
 Backtracking                       1                     0          0       12.391518       12.391518                       *                                   
 Model                              1          2                                                           -0.17882457                            1_GWF-(1,32,38)
 Backtracking                       2                     0          0  1.18189513E-10  1.18189513E-10                       *                                   
 Model                              2          1                                                             0.0000000       *                    1_GWF-(1,47,37)
 ----------------------------------------------------------------------------------------------------------------------------------------------------------------


 2 CALLS TO NUMERICAL SOLUTION IN TIME STEP 42 STRESS PERIOD 4
 3 TOTAL ITERATIONS

 SLN_1 INNER ITERATION SUMMARY
 --------------------------------------------------------------------------------------------------------------------------------------
      TOTAL      OUTER      INNER                                                            MAXIMUM                                   
  ITERATION  ITERATION  ITERATION  MAXIMUM CHANGE      MAXIMUM CHANGE MODEL-(CELLID)        RESIDUAL    MAXIMUM RESIDUAL MODEL-(CELLID)
 --------------------------------------------------------------------------------------------------------------------------------------
          1          1          1     -0.17882457                    1_GWF-(1,32,38)  8.26357711E-08                    1_GWF-(1,35,36)
          2          1          2  8.49740666E-09                    1_GWF-(1,45,34)  2.53739618E-11                    1_GWF-(1,36,34)
          3          2          1 -2.58316568E-16                    1_GWF-(1,36,34)  2.53773929E-11                    1_GWF-(1,36,34)
 --------------------------------------------------------------------------------------------------------------------------------------


 
    Solving:  Stress period:     4    Time step:    43
 

 SLN_1 OUTER ITERATION SUMMARY
 ----------------------------------------------------------------------------------------------------------------------------------------------------------------
                                OUTER      INNER  BACKTRACK  BACKTRACK        INCOMING        OUTGOING                    STEP   MAXIMUM CHANGE MODEL-(CELLID) OR
 OUTER ITERATION STEP       ITERATION  ITERATION       FLAG ITERATIONS        RESIDUAL        RESIDUAL  MAXIMUM CHANGE SUCCESS             MODEL-PACKAGE-(NUMBER)
 ----------------------------------------------------------------------------------------------------------------------------------------------------------------
 Backtracking                       1                     0          0       11.857823       11.857823                       *                                   
 Model                              1          2                                                           -0.17623544                            1_GWF-(1,32,38)
 Backtracking                       2                     0          0  1.14589281E-10  1.14589281E-10                       *                                   
 Model                              2          1                                                             0.0000000       *                    1_GWF-(1,47,37)
 ----------------------------------------------------------------------------------------------------------------------------------------------------------------


 2 CALLS TO NUMERICAL SOLUTION IN TIME STEP 43 STRESS PERIOD 4
 3 TOTAL ITERATIONS

 SLN_1 INNER ITERATION SUMMARY
 --------------------------------------------------------------------------------------------------------------------------------------
      TOTAL      OUTER      INNER                                                            MAXIMUM                                   
  ITERATION  ITERATION  ITERATION  MAXIMUM CHANGE      MAXIMUM CHANGE MODEL-(CELLID)        RESIDUAL    MAXIMUM RESIDUAL MODEL-(CELLID)
 --------------------------------------------------------------------------------------------------------------------------------------
          1          1          1     -0.17623544                    1_GWF-(1,32,38)  8.16995837E-08                    1_GWF-(1,35,36)
          2          1          2  8.13868797E-09                    1_GWF-(1,45,34)  2.52705539E-11                    1_GWF-(1,36,34)
          3          2          1 -2.42637194E-16                    1_GWF-(1,36,34)  2.52781203E-11                    1_GWF-(1,36,34)
 --------------------------------------------------------------------------------------------------------------------------------------


 
    Solving:  Stress period:     4    Time step:    44
 

 SLN_1 OUTER ITERATION SUMMARY
 ----------------------------------------------------------------------------------------------------------------------------------------------------------------
                                OUTER      INNER  BACKTRACK  BACKTRACK        INCOMING        OUTGOING                    STEP   MAXIMUM CHANGE MODEL-(CELLID) OR
 OUTER ITERATION STEP       ITERATION  ITERATION       FLAG ITERATIONS        RESIDUAL        RESIDUAL  MAXIMUM CHANGE SUCCESS             MODEL-PACKAGE-(NUMBER)
 ----------------------------------------------------------------------------------------------------------------------------------------------------------------
 Backtracking                       1                     0          0       11.379875       11.379875                       *                                   
 Model                              1          2                                                           -0.17355715                            1_GWF-(1,32,38)
 Backtracking                       2                     0          0  1.11037696E-10  1.11037696E-10                       *                                   
 Model                              2          1                                                             0.0000000       *                    1_GWF-(1,47,37)
 ----------------------------------------------------------------------------------------------------------------------------------------------------------------


 2 CALLS TO NUMERICAL SOLUTION IN TIME STEP 44 STRESS PERIOD 4
 3 TOTAL ITERATIONS

 SLN_1 INNER ITERATION SUMMARY
 --------------------------------------------------------------------------------------------------------------------------------------
      TOTAL      OUTER      INNER                                                            MAXIMUM                                   
  ITERATION  ITERATION  ITERATION  MAXIMUM CHANGE      MAXIMUM CHANGE MODEL-(CELLID)        RESIDUAL    MAXIMUM RESIDUAL MODEL-(CELLID)
 --------------------------------------------------------------------------------------------------------------------------------------
          1          1          1     -0.17355715                    1_GWF-(1,32,38)  8.06466327E-08                    1_GWF-(1,35,36)
          2          1          2 -7.96918737E-09                    1_GWF-(1,37,31)  2.51110517E-11                    1_GWF-(1,36,34)
          3          2          1 -2.26841106E-16                    1_GWF-(1,36,34)  2.51220007E-11                    1_GWF-(1,36,34)
 --------------------------------------------------------------------------------------------------------------------------------------


 
    Solving:  Stress period:     4    Time step:    45
 

 SLN_1 OUTER ITERATION SUMMARY
 ----------------------------------------------------------------------------------------------------------------------------------------------------------------
                                OUTER      INNER  BACKTRACK  BACKTRACK        INCOMING        OUTGOING                    STEP   MAXIMUM CHANGE MODEL-(CELLID) OR
 OUTER ITERATION STEP       ITERATION  ITERATION       FLAG ITERATIONS        RESIDUAL        RESIDUAL  MAXIMUM CHANGE SUCCESS             MODEL-PACKAGE-(NUMBER)
 ----------------------------------------------------------------------------------------------------------------------------------------------------------------
 Backtracking                       1                     0          0       10.950469       10.950469                       *                                   
 Model                              1          2                                                           -0.17080431                            1_GWF-(1,32,38)
 Backtracking                       2                     0          0  1.07669654E-10  1.07669654E-10                       *                                   
 Model                              2          1                                                             0.0000000       *                    1_GWF-(1,47,37)
 ----------------------------------------------------------------------------------------------------------------------------------------------------------------


 2 CALLS TO NUMERICAL SOLUTION IN TIME STEP 45 STRESS PERIOD 4
 3 TOTAL ITERATIONS

 SLN_1 INNER ITERATION SUMMARY
 --------------------------------------------------------------------------------------------------------------------------------------
      TOTAL      OUTER      INNER                                                            MAXIMUM                                   
  ITERATION  ITERATION  ITERATION  MAXIMUM CHANGE      MAXIMUM CHANGE MODEL-(CELLID)        RESIDUAL    MAXIMUM RESIDUAL MODEL-(CELLID)
 --------------------------------------------------------------------------------------------------------------------------------------
          1          1          1     -0.17080430                    1_GWF-(1,32,38)  7.94935814E-08                    1_GWF-(1,35,36)
          2          1          2 -7.86071572E-09                    1_GWF-(1,37,31)  2.49022011E-11                    1_GWF-(1,36,34)
          3          2          1 -2.12312704E-16                    1_GWF-(1,36,34)  2.49374456E-11                    1_GWF-(1,36,34)
 --------------------------------------------------------------------------------------------------------------------------------------


 
    Solving:  Stress period:     4    Time step:    46
 

 SLN_1 OUTER ITERATION SUMMARY
 ----------------------------------------------------------------------------------------------------------------------------------------------------------------
                                OUTER      INNER  BACKTRACK  BACKTRACK        INCOMING        OUTGOING                    STEP   MAXIMUM CHANGE MODEL-(CELLID) OR
 OUTER ITERATION STEP       ITERATION  ITERATION       FLAG ITERATIONS        RESIDUAL        RESIDUAL  MAXIMUM CHANGE SUCCESS             MODEL-PACKAGE-(NUMBER)
 ----------------------------------------------------------------------------------------------------------------------------------------------------------------
 Backtracking                       1                     0          0       10.563238       10.563238                       *                                   
 Model                              1          2                                                           -0.16799031                            1_GWF-(1,32,38)
 Backtracking                       2                     0          0  1.04320355E-10  1.04320355E-10                       *                                   
 Model                              2          1                                                             0.0000000       *                    1_GWF-(1,47,37)
 ----------------------------------------------------------------------------------------------------------------------------------------------------------------


 2 CALLS TO NUMERICAL SOLUTION IN TIME STEP 46 STRESS PERIOD 4
 3 TOTAL ITERATIONS

 SLN_1 INNER ITERATION SUMMARY
 --------------------------------------------------------------------------------------------------------------------------------------
      TOTAL      OUTER      INNER                                                            MAXIMUM                                   
  ITERATION  ITERATION  ITERATION  MAXIMUM CHANGE      MAXIMUM CHANGE MODEL-(CELLID)        RESIDUAL    MAXIMUM RESIDUAL MODEL-(CELLID)
 --------------------------------------------------------------------------------------------------------------------------------------
          1          1          1     -0.16799031                    1_GWF-(1,32,38)  7.82580390E-08                    1_GWF-(1,35,36)
          2          1          2 -7.74743675E-09                    1_GWF-(1,37,31)  2.46510631E-11                    1_GWF-(1,36,34)
          3          2          1 -1.97649514E-16                    1_GWF-(1,36,34)  2.46818349E-11                    1_GWF-(1,36,34)
 --------------------------------------------------------------------------------------------------------------------------------------


 
    Solving:  Stress period:     4    Time step:    47
 

 SLN_1 OUTER ITERATION SUMMARY
 ----------------------------------------------------------------------------------------------------------------------------------------------------------------
                                OUTER      INNER  BACKTRACK  BACKTRACK        INCOMING        OUTGOING                    STEP   MAXIMUM CHANGE MODEL-(CELLID) OR
 OUTER ITERATION STEP       ITERATION  ITERATION       FLAG ITERATIONS        RESIDUAL        RESIDUAL  MAXIMUM CHANGE SUCCESS             MODEL-PACKAGE-(NUMBER)
 ----------------------------------------------------------------------------------------------------------------------------------------------------------------
 Backtracking                       1                     0          0       10.212591       10.212591                       *                                   
 Model                              1          2                                                           -0.16512741                            1_GWF-(1,32,38)
 Backtracking                       2                     0          0  1.01144496E-10  1.01144496E-10                       *                                   
 Model                              2          1                                                             0.0000000       *                    1_GWF-(1,47,37)
 ----------------------------------------------------------------------------------------------------------------------------------------------------------------


 2 CALLS TO NUMERICAL SOLUTION IN TIME STEP 47 STRESS PERIOD 4
 3 TOTAL ITERATIONS

 SLN_1 INNER ITERATION SUMMARY
 --------------------------------------------------------------------------------------------------------------------------------------
      TOTAL      OUTER      INNER                                                            MAXIMUM                                   
  ITERATION  ITERATION  ITERATION  MAXIMUM CHANGE      MAXIMUM CHANGE MODEL-(CELLID)        RESIDUAL    MAXIMUM RESIDUAL MODEL-(CELLID)
 --------------------------------------------------------------------------------------------------------------------------------------
          1          1          1     -0.16512741                    1_GWF-(1,32,38)  7.69574236E-08                    1_GWF-(1,35,36)
          2          1          2 -7.63015214E-09                    1_GWF-(1,37,31)  2.43647329E-11                    1_GWF-(1,36,34)
          3          2          1 -1.83729695E-16                    1_GWF-(1,36,34)  2.43267413E-11                    1_GWF-(1,36,34)
 --------------------------------------------------------------------------------------------------------------------------------------


 
    Solving:  Stress period:     4    Time step:    48
 

 SLN_1 OUTER ITERATION SUMMARY
 ----------------------------------------------------------------------------------------------------------------------------------------------------------------
                                OUTER      INNER  BACKTRACK  BACKTRACK        INCOMING        OUTGOING                    STEP   MAXIMUM CHANGE MODEL-(CELLID) OR
 OUTER ITERATION STEP       ITERATION  ITERATION       FLAG ITERATIONS        RESIDUAL        RESIDUAL  MAXIMUM CHANGE SUCCESS             MODEL-PACKAGE-(NUMBER)
 ----------------------------------------------------------------------------------------------------------------------------------------------------------------
 Backtracking                       1                     0          0       9.8936378       9.8936378                       *                                   
 Model                              1          2                                                           -0.16222675                            1_GWF-(1,32,38)
 Backtracking                       2                     0          0  9.80446609E-11  9.80446609E-11                       *                                   
 Model                              2          1                                                             0.0000000       *                    1_GWF-(1,47,37)
 ----------------------------------------------------------------------------------------------------------------------------------------------------------------


 2 CALLS TO NUMERICAL SOLUTION IN TIME STEP 48 STRESS PERIOD 4
 3 TOTAL ITERATIONS

 SLN_1 INNER ITERATION SUMMARY
 --------------------------------------------------------------------------------------------------------------------------------------
      TOTAL      OUTER      INNER                                                            MAXIMUM                                   
  ITERATION  ITERATION  ITERATION  MAXIMUM CHANGE      MAXIMUM CHANGE MODEL-(CELLID)        RESIDUAL    MAXIMUM RESIDUAL MODEL-(CELLID)
 --------------------------------------------------------------------------------------------------------------------------------------
          1          1          1     -0.16222674                    1_GWF-(1,32,38)  7.56081234E-08                    1_GWF-(1,35,36)
          2          1          2 -7.50958763E-09                    1_GWF-(1,37,31)  2.40499191E-11                    1_GWF-(1,36,34)
          3          2          1 -1.70800454E-16                    1_GWF-(1,36,34)  2.40284745E-11                    1_GWF-(1,36,34)
 --------------------------------------------------------------------------------------------------------------------------------------


 
    Solving:  Stress period:     4    Time step:    49
 

 SLN_1 OUTER ITERATION SUMMARY
 ----------------------------------------------------------------------------------------------------------------------------------------------------------------
                                OUTER      INNER  BACKTRACK  BACKTRACK        INCOMING        OUTGOING                    STEP   MAXIMUM CHANGE MODEL-(CELLID) OR
 OUTER ITERATION STEP       ITERATION  ITERATION       FLAG ITERATIONS        RESIDUAL        RESIDUAL  MAXIMUM CHANGE SUCCESS             MODEL-PACKAGE-(NUMBER)
 ----------------------------------------------------------------------------------------------------------------------------------------------------------------
 Backtracking                       1                     0          0       9.6021226       9.6021226                       *                                   
 Model                              1          2                                                           -0.15929845                            1_GWF-(1,32,38)
 Backtracking                       2                     0          0  9.50964652E-11  9.50964652E-11                       *                                   
 Model                              2          1                                                             0.0000000       *                    1_GWF-(1,47,37)
 ----------------------------------------------------------------------------------------------------------------------------------------------------------------


 2 CALLS TO NUMERICAL SOLUTION IN TIME STEP 49 STRESS PERIOD 4
 3 TOTAL ITERATIONS

 SLN_1 INNER ITERATION SUMMARY
 --------------------------------------------------------------------------------------------------------------------------------------
      TOTAL      OUTER      INNER                                                            MAXIMUM                                   
  ITERATION  ITERATION  ITERATION  MAXIMUM CHANGE      MAXIMUM CHANGE MODEL-(CELLID)        RESIDUAL    MAXIMUM RESIDUAL MODEL-(CELLID)
 --------------------------------------------------------------------------------------------------------------------------------------
          1          1          1     -0.15929845                    1_GWF-(1,32,38)  7.42249542E-08                    1_GWF-(1,35,36)
          2          1          2 -7.38640577E-09                    1_GWF-(1,37,31)  2.37127442E-11                    1_GWF-(1,36,34)
          3          2          1 -1.58681172E-16                    1_GWF-(1,36,34)  2.36875651E-11                    1_GWF-(1,36,34)
 --------------------------------------------------------------------------------------------------------------------------------------


 
    Solving:  Stress period:     4    Time step:    50
 

 SLN_1 OUTER ITERATION SUMMARY
 ----------------------------------------------------------------------------------------------------------------------------------------------------------------
                                OUTER      INNER  BACKTRACK  BACKTRACK        INCOMING        OUTGOING                    STEP   MAXIMUM CHANGE MODEL-(CELLID) OR
 OUTER ITERATION STEP       ITERATION  ITERATION       FLAG ITERATIONS        RESIDUAL        RESIDUAL  MAXIMUM CHANGE SUCCESS             MODEL-PACKAGE-(NUMBER)
 ----------------------------------------------------------------------------------------------------------------------------------------------------------------
 Backtracking                       1                     0          0       9.3343589       9.3343589                       *                                   
 Model                              1          2                                                           -0.15635172                            1_GWF-(1,32,38)
 Backtracking                       2                     0          0  9.22619026E-11  9.22619026E-11                       *                                   
 Model                              2          1                                                             0.0000000       *                    1_GWF-(1,47,37)
 ----------------------------------------------------------------------------------------------------------------------------------------------------------------


 2 CALLS TO NUMERICAL SOLUTION IN TIME STEP 50 STRESS PERIOD 4
 3 TOTAL ITERATIONS

 SLN_1 INNER ITERATION SUMMARY
 --------------------------------------------------------------------------------------------------------------------------------------
      TOTAL      OUTER      INNER                                                            MAXIMUM                                   
  ITERATION  ITERATION  ITERATION  MAXIMUM CHANGE      MAXIMUM CHANGE MODEL-(CELLID)        RESIDUAL    MAXIMUM RESIDUAL MODEL-(CELLID)
 --------------------------------------------------------------------------------------------------------------------------------------
          1          1          1     -0.15635172                    1_GWF-(1,32,38)  7.28208738E-08                    1_GWF-(1,35,36)
          2          1          2 -7.26121051E-09                    1_GWF-(1,37,31)  2.33585233E-11                    1_GWF-(1,36,34)
          3          2          1 -1.47597222E-16                    1_GWF-(1,36,34)  2.33608538E-11                    1_GWF-(1,36,34)
 --------------------------------------------------------------------------------------------------------------------------------------


 
    Solving:  Stress period:     4    Time step:    51
 

 SLN_1 OUTER ITERATION SUMMARY
 ----------------------------------------------------------------------------------------------------------------------------------------------------------------
                                OUTER      INNER  BACKTRACK  BACKTRACK        INCOMING        OUTGOING                    STEP   MAXIMUM CHANGE MODEL-(CELLID) OR
 OUTER ITERATION STEP       ITERATION  ITERATION       FLAG ITERATIONS        RESIDUAL        RESIDUAL  MAXIMUM CHANGE SUCCESS             MODEL-PACKAGE-(NUMBER)
 ----------------------------------------------------------------------------------------------------------------------------------------------------------------
 Backtracking                       1                     0          0       9.0871649       9.0871649                       *                                   
 Model                              1          2                                                           -0.15339484                            1_GWF-(1,32,38)
 Backtracking                       2                     0          0  8.95587003E-11  8.95587003E-11                       *                                   
 Model                              2          1                                                             0.0000000       *                    1_GWF-(1,47,37)
 ----------------------------------------------------------------------------------------------------------------------------------------------------------------


 2 CALLS TO NUMERICAL SOLUTION IN TIME STEP 51 STRESS PERIOD 4
 3 TOTAL ITERATIONS

 SLN_1 INNER ITERATION SUMMARY
 --------------------------------------------------------------------------------------------------------------------------------------
      TOTAL      OUTER      INNER                                                            MAXIMUM                                   
  ITERATION  ITERATION  ITERATION  MAXIMUM CHANGE      MAXIMUM CHANGE MODEL-(CELLID)        RESIDUAL    MAXIMUM RESIDUAL MODEL-(CELLID)
 --------------------------------------------------------------------------------------------------------------------------------------
          1          1          1     -0.15339483                    1_GWF-(1,32,38)  7.14068968E-08                    1_GWF-(1,35,36)
          2          1          2 -7.13455166E-09                    1_GWF-(1,37,31)  2.29918199E-11                    1_GWF-(1,36,34)
          3          2          1 -1.37213376E-16                    1_GWF-(1,36,34)  2.30057115E-11                    1_GWF-(1,36,34)
 --------------------------------------------------------------------------------------------------------------------------------------


 
    Solving:  Stress period:     4    Time step:    52
 

 SLN_1 OUTER ITERATION SUMMARY
 ----------------------------------------------------------------------------------------------------------------------------------------------------------------
                                OUTER      INNER  BACKTRACK  BACKTRACK        INCOMING        OUTGOING                    STEP   MAXIMUM CHANGE MODEL-(CELLID) OR
 OUTER ITERATION STEP       ITERATION  ITERATION       FLAG ITERATIONS        RESIDUAL        RESIDUAL  MAXIMUM CHANGE SUCCESS             MODEL-PACKAGE-(NUMBER)
 ----------------------------------------------------------------------------------------------------------------------------------------------------------------
 Backtracking                       1                     0          0       8.8578035       8.8578035                       *                                   
 Model                              1          2                                                           -0.15043528                            1_GWF-(1,32,38)
 Backtracking                       2                     0          0  8.69108221E-11  8.69108221E-11                       *                                   
 Model                              2          1                                                             0.0000000       *                    1_GWF-(1,47,37)
 ----------------------------------------------------------------------------------------------------------------------------------------------------------------


 2 CALLS TO NUMERICAL SOLUTION IN TIME STEP 52 STRESS PERIOD 4
 3 TOTAL ITERATIONS

 SLN_1 INNER ITERATION SUMMARY
 --------------------------------------------------------------------------------------------------------------------------------------
      TOTAL      OUTER      INNER                                                            MAXIMUM                                   
  ITERATION  ITERATION  ITERATION  MAXIMUM CHANGE      MAXIMUM CHANGE MODEL-(CELLID)        RESIDUAL    MAXIMUM RESIDUAL MODEL-(CELLID)
 --------------------------------------------------------------------------------------------------------------------------------------
          1          1          1     -0.15043528                    1_GWF-(1,32,38)  6.99921541E-08                    1_GWF-(1,35,36)
          2          1          2 -7.00692883E-09                    1_GWF-(1,37,31)  2.26164427E-11                    1_GWF-(1,36,34)
          3          2          1 -1.27563825E-16                    1_GWF-(1,36,34)  2.26789810E-11                    1_GWF-(1,36,34)
 --------------------------------------------------------------------------------------------------------------------------------------




 Solution SLN_1 summary
 ----------------------------------------------------------------------
 Total formulate time:  .3125000000000000E-01 seconds
 Total solution time:   .000000000000000 seconds


 MEMORY MANAGER TOTAL STORAGE BY DATA TYPE, IN MEGABYTES
 -------------------------------
                    ALLOCATED   
 DATA TYPE           MEMORY     
 -------------------------------
 Character        3.03300000E-03
 Logical          4.40000000E-05
 Integer          1.1114120     
 Real             1.8734240     
 -------------------------------
 Total            2.9879130     
 -------------------------------


 
 Run end date and time (yyyy/mm/dd hh:mm:ss): 2025/10/30 17:10:38
 Elapsed run time:  2.917 Seconds
 Normal termination of simulation.
